Blender 4.5.9 LTS (hash 8bf95cbd38d1 built 2026-04-21 01:30:46)
Fra:14 Mem:81.14M (Peak 86.08M) | Time:00:00.04 | Mem:0.00M, Peak:0.00M | Scene, ViewLayer | Synchronizing object | Area
Fra:14 Mem:81.14M (Peak 86.08M) | Time:00:00.04 | Mem:0.00M, Peak:0.00M | Scene, ViewLayer | Synchronizing object | Sun
Fra:14 Mem:81.14M (Peak 86.08M) | Time:00:00.04 | Mem:0.00M, Peak:0.00M | Scene, ViewLayer | Synchronizing object | Glazed bay
Fra:14 Mem:81.14M (Peak 86.08M) | Time:00:00.04 | Mem:0.00M, Peak:0.00M | Scene, ViewLayer | Synchronizing object | Glazed bay.002
Fra:14 Mem:81.28M (Peak 86.08M) | Time:00:00.04 | Mem:0.00M, Peak:0.00M | Scene, ViewLayer | Synchronizing object | Horizontal mullion
Fra:14 Mem:81.28M (Peak 86.08M) | Time:00:00.04 | Mem:0.00M, Peak:0.00M | Scene, ViewLayer | Synchronizing object | Horizontal mullion.001
Fra:14 Mem:81.28M (Peak 86.08M) | Time:00:00.04 | Mem:0.00M, Peak:0.00M | Scene, ViewLayer | Synchronizing object | Horizontal mullion.003
Fra:14 Mem:81.29M (Peak 86.08M) | Time:00:00.04 | Mem:0.00M, Peak:0.00M | Scene, ViewLayer | Synchronizing object | Horizontal mullion.004
Fra:14 Mem:81.29M (Peak 86.08M) | Time:00:00.04 | Mem:0.00M, Peak:0.00M | Scene, ViewLayer | Synchronizing object | Horizontal mullion.006
Fra:14 Mem:81.30M (Peak 86.08M) | Time:00:00.04 | Mem:0.00M, Peak:0.00M | Scene, ViewLayer | Synchronizing object | Vertical mullion
Fra:14 Mem:81.30M (Peak 86.08M) | Time:00:00.04 | Mem:0.00M, Peak:0.00M | Scene, ViewLayer | Synchronizing object | Vertical mullion.001
Fra:14 Mem:81.31M (Peak 86.08M) | Time:00:00.04 | Mem:0.00M, Peak:0.00M | Scene, ViewLayer | Synchronizing object | Vertical mullion.002
Fra:14 Mem:81.33M (Peak 86.08M) | Time:00:00.04 | Mem:0.00M, Peak:0.00M | Scene, ViewLayer | Synchronizing object | Curved eave panel
Fra:14 Mem:81.32M (Peak 86.08M) | Time:00:00.04 | Mem:0.00M, Peak:0.00M | Scene, ViewLayer | Synchronizing object | Eave silver edge
Fra:14 Mem:81.32M (Peak 86.08M) | Time:00:00.04 | Mem:0.00M, Peak:0.00M | Scene, ViewLayer | Synchronizing object | Roof rib
Fra:14 Mem:81.33M (Peak 86.08M) | Time:00:00.04 | Mem:0.00M, Peak:0.00M | Scene, ViewLayer | Synchronizing object | Glazed bay.003
Fra:14 Mem:81.33M (Peak 86.08M) | Time:00:00.04 | Mem:0.00M, Peak:0.00M | Scene, ViewLayer | Synchronizing object | Glazed bay.004
Fra:14 Mem:81.39M (Peak 86.08M) | Time:00:00.04 | Mem:0.00M, Peak:0.00M | Scene, ViewLayer | Synchronizing object | Glazed bay.005
Fra:14 Mem:81.37M (Peak 86.08M) | Time:00:00.04 | Mem:0.00M, Peak:0.00M | Scene, ViewLayer | Synchronizing object | Horizontal mullion.008
Fra:14 Mem:81.40M (Peak 86.08M) | Time:00:00.04 | Mem:0.00M, Peak:0.00M | Scene, ViewLayer | Synchronizing object | Horizontal mullion.009
Fra:14 Mem:81.40M (Peak 86.08M) | Time:00:00.04 | Mem:0.00M, Peak:0.00M | Scene, ViewLayer | Synchronizing object | Horizontal mullion.010
Fra:14 Mem:81.40M (Peak 86.08M) | Time:00:00.04 | Mem:0.00M, Peak:0.00M | Scene, ViewLayer | Synchronizing object | Horizontal mullion.011
Fra:14 Mem:81.41M (Peak 86.08M) | Time:00:00.04 | Mem:0.00M, Peak:0.00M | Scene, ViewLayer | Synchronizing object | Horizontal mullion.012
Fra:14 Mem:81.41M (Peak 86.08M) | Time:00:00.04 | Mem:0.00M, Peak:0.00M | Scene, ViewLayer | Synchronizing object | Horizontal mullion.013
Fra:14 Mem:81.41M (Peak 86.08M) | Time:00:00.04 | Mem:0.00M, Peak:0.00M | Scene, ViewLayer | Synchronizing object | Vertical mullion.004
Fra:14 Mem:81.41M (Peak 86.08M) | Time:00:00.04 | Mem:0.00M, Peak:0.00M | Scene, ViewLayer | Synchronizing object | Vertical mullion.005
Fra:14 Mem:81.42M (Peak 86.08M) | Time:00:00.04 | Mem:0.00M, Peak:0.00M | Scene, ViewLayer | Synchronizing object | Vertical mullion.006
Fra:14 Mem:81.42M (Peak 86.08M) | Time:00:00.04 | Mem:0.00M, Peak:0.00M | Scene, ViewLayer | Synchronizing object | Vertical mullion.007
Fra:14 Mem:81.43M (Peak 86.08M) | Time:00:00.04 | Mem:0.00M, Peak:0.00M | Scene, ViewLayer | Synchronizing object | Primary rib.001
Fra:14 Mem:81.43M (Peak 86.08M) | Time:00:00.04 | Mem:0.00M, Peak:0.00M | Scene, ViewLayer | Synchronizing object | Eave silver edge.001
Fra:14 Mem:81.44M (Peak 86.08M) | Time:00:00.04 | Mem:0.00M, Peak:0.00M | Scene, ViewLayer | Synchronizing object | Roof rib.001
Fra:14 Mem:81.44M (Peak 86.08M) | Time:00:00.04 | Mem:0.00M, Peak:0.00M | Scene, ViewLayer | Synchronizing object | Stone terrace.001
Fra:14 Mem:81.44M (Peak 86.08M) | Time:00:00.04 | Mem:0.00M, Peak:0.00M | Scene, ViewLayer | Synchronizing object | Entrance door
Fra:14 Mem:81.46M (Peak 86.08M) | Time:00:00.04 | Mem:0.00M, Peak:0.00M | Scene, ViewLayer | Synchronizing object | Door glazing
Fra:14 Mem:81.49M (Peak 86.08M) | Time:00:00.04 | Mem:0.00M, Peak:0.00M | Scene, ViewLayer | Synchronizing object | Door handle
Fra:14 Mem:81.49M (Peak 86.08M) | Time:00:00.04 | Mem:0.00M, Peak:0.00M | Scene, ViewLayer | Synchronizing object | Entrance door.001
Fra:14 Mem:81.49M (Peak 86.08M) | Time:00:00.04 | Mem:0.00M, Peak:0.00M | Scene, ViewLayer | Synchronizing object | Door handle.001
Fra:14 Mem:81.52M (Peak 86.08M) | Time:00:00.04 | Mem:0.00M, Peak:0.00M | Scene, ViewLayer | Synchronizing object | Entrance canopy
Fra:14 Mem:81.54M (Peak 86.08M) | Time:00:00.04 | Mem:0.00M, Peak:0.00M | Scene, ViewLayer | Synchronizing object | Canopy column
Fra:14 Mem:81.54M (Peak 86.08M) | Time:00:00.04 | Mem:0.00M, Peak:0.00M | Scene, ViewLayer | Synchronizing object | Canopy column.001
Fra:14 Mem:81.56M (Peak 86.08M) | Time:00:00.04 | Mem:0.00M, Peak:0.00M | Scene, ViewLayer | Synchronizing object | Terrace stairs
Fra:14 Mem:81.55M (Peak 86.08M) | Time:00:00.04 | Mem:0.00M, Peak:0.00M | Scene, ViewLayer | Synchronizing object | Terrace stairs.001
Fra:14 Mem:81.57M (Peak 86.08M) | Time:00:00.04 | Mem:0.00M, Peak:0.00M | Scene, ViewLayer | Synchronizing object | Terrace stairs.002
Fra:14 Mem:81.59M (Peak 86.08M) | Time:00:00.04 | Mem:0.00M, Peak:0.00M | Scene, ViewLayer | Synchronizing object | Terrace stairs.003
Fra:14 Mem:81.61M (Peak 86.08M) | Time:00:00.04 | Mem:0.00M, Peak:0.00M | Scene, ViewLayer | Synchronizing object | Terrace stairs.004
Fra:14 Mem:81.60M (Peak 86.08M) | Time:00:00.04 | Mem:0.00M, Peak:0.00M | Scene, ViewLayer | Synchronizing object | Terrace stairs.005
Fra:14 Mem:81.64M (Peak 86.08M) | Time:00:00.04 | Mem:0.00M, Peak:0.00M | Scene, ViewLayer | Synchronizing object | Terrace stairs.006
Fra:14 Mem:81.66M (Peak 86.08M) | Time:00:00.04 | Mem:0.00M, Peak:0.00M | Scene, ViewLayer | Synchronizing object | Terrace stairs.007
Fra:14 Mem:81.65M (Peak 86.08M) | Time:00:00.04 | Mem:0.00M, Peak:0.00M | Scene, ViewLayer | Synchronizing object | Glazed bay.006
Fra:14 Mem:81.68M (Peak 86.08M) | Time:00:00.04 | Mem:0.00M, Peak:0.00M | Scene, ViewLayer | Synchronizing object | Glazed bay.007
Fra:14 Mem:81.69M (Peak 86.08M) | Time:00:00.04 | Mem:0.00M, Peak:0.00M | Scene, ViewLayer | Synchronizing object | Glazed bay.008
Fra:14 Mem:81.69M (Peak 86.08M) | Time:00:00.04 | Mem:0.00M, Peak:0.00M | Scene, ViewLayer | Synchronizing object | Horizontal mullion.014
Fra:14 Mem:81.72M (Peak 86.08M) | Time:00:00.04 | Mem:0.00M, Peak:0.00M | Scene, ViewLayer | Synchronizing object | Horizontal mullion.015
Fra:14 Mem:81.72M (Peak 86.08M) | Time:00:00.04 | Mem:0.00M, Peak:0.00M | Scene, ViewLayer | Synchronizing object | Horizontal mullion.016
Fra:14 Mem:81.71M (Peak 86.08M) | Time:00:00.04 | Mem:0.00M, Peak:0.00M | Scene, ViewLayer | Synchronizing object | Horizontal mullion.017
Fra:14 Mem:81.72M (Peak 86.08M) | Time:00:00.04 | Mem:0.00M, Peak:0.00M | Scene, ViewLayer | Synchronizing object | Horizontal mullion.018
Fra:14 Mem:81.71M (Peak 86.08M) | Time:00:00.04 | Mem:0.00M, Peak:0.00M | Scene, ViewLayer | Synchronizing object | Horizontal mullion.019
Fra:14 Mem:81.71M (Peak 86.08M) | Time:00:00.04 | Mem:0.00M, Peak:0.00M | Scene, ViewLayer | Synchronizing object | Horizontal mullion.020
Fra:14 Mem:81.72M (Peak 86.08M) | Time:00:00.04 | Mem:0.00M, Peak:0.00M | Scene, ViewLayer | Synchronizing object | Vertical mullion.009
Fra:14 Mem:81.72M (Peak 86.08M) | Time:00:00.04 | Mem:0.00M, Peak:0.00M | Scene, ViewLayer | Synchronizing object | Vertical mullion.010
Fra:14 Mem:81.72M (Peak 86.08M) | Time:00:00.04 | Mem:0.00M, Peak:0.00M | Scene, ViewLayer | Synchronizing object | Vertical mullion.011
Fra:14 Mem:81.73M (Peak 86.08M) | Time:00:00.04 | Mem:0.00M, Peak:0.00M | Scene, ViewLayer | Synchronizing object | Vertical mullion.012
Fra:14 Mem:81.73M (Peak 86.08M) | Time:00:00.04 | Mem:0.00M, Peak:0.00M | Scene, ViewLayer | Synchronizing object | Primary rib.002
Fra:14 Mem:81.74M (Peak 86.08M) | Time:00:00.04 | Mem:0.00M, Peak:0.00M | Scene, ViewLayer | Synchronizing object | Curved eave panel.002
Fra:14 Mem:81.74M (Peak 86.08M) | Time:00:00.04 | Mem:0.00M, Peak:0.00M | Scene, ViewLayer | Synchronizing object | Eave silver edge.002
Fra:14 Mem:81.74M (Peak 86.08M) | Time:00:00.04 | Mem:0.00M, Peak:0.00M | Scene, ViewLayer | Synchronizing object | Stone terrace.002
Fra:14 Mem:81.75M (Peak 86.08M) | Time:00:00.04 | Mem:0.00M, Peak:0.00M | Scene, ViewLayer | Synchronizing object | Glazed bay.009
Fra:14 Mem:81.79M (Peak 86.08M) | Time:00:00.04 | Mem:0.00M, Peak:0.00M | Scene, ViewLayer | Synchronizing object | Glazed bay.010
Fra:14 Mem:81.81M (Peak 86.08M) | Time:00:00.04 | Mem:0.00M, Peak:0.00M | Scene, ViewLayer | Synchronizing object | Glazed bay.011
Fra:14 Mem:81.80M (Peak 86.08M) | Time:00:00.04 | Mem:0.00M, Peak:0.00M | Scene, ViewLayer | Synchronizing object | Horizontal mullion.021
Fra:14 Mem:81.82M (Peak 86.08M) | Time:00:00.04 | Mem:0.00M, Peak:0.00M | Scene, ViewLayer | Synchronizing object | Horizontal mullion.022
Fra:14 Mem:81.83M (Peak 86.08M) | Time:00:00.04 | Mem:0.00M, Peak:0.00M | Scene, ViewLayer | Synchronizing object | Horizontal mullion.023
Fra:14 Mem:81.82M (Peak 86.08M) | Time:00:00.04 | Mem:0.00M, Peak:0.00M | Scene, ViewLayer | Synchronizing object | Horizontal mullion.024
Fra:14 Mem:81.83M (Peak 86.08M) | Time:00:00.04 | Mem:0.00M, Peak:0.00M | Scene, ViewLayer | Synchronizing object | Horizontal mullion.026
Fra:14 Mem:81.83M (Peak 86.08M) | Time:00:00.04 | Mem:0.00M, Peak:0.00M | Scene, ViewLayer | Synchronizing object | Horizontal mullion.027
Fra:14 Mem:81.84M (Peak 86.08M) | Time:00:00.04 | Mem:0.00M, Peak:0.00M | Scene, ViewLayer | Synchronizing object | Vertical mullion.014
Fra:14 Mem:81.86M (Peak 86.08M) | Time:00:00.04 | Mem:0.00M, Peak:0.00M | Scene, ViewLayer | Synchronizing object | Vertical mullion.015
Fra:14 Mem:81.85M (Peak 86.08M) | Time:00:00.04 | Mem:0.00M, Peak:0.00M | Scene, ViewLayer | Synchronizing object | Vertical mullion.016
Fra:14 Mem:81.85M (Peak 86.08M) | Time:00:00.04 | Mem:0.00M, Peak:0.00M | Scene, ViewLayer | Synchronizing object | Vertical mullion.017
Fra:14 Mem:81.85M (Peak 86.08M) | Time:00:00.04 | Mem:0.00M, Peak:0.00M | Scene, ViewLayer | Synchronizing object | Primary rib.003
Fra:14 Mem:81.86M (Peak 86.08M) | Time:00:00.04 | Mem:0.00M, Peak:0.00M | Scene, ViewLayer | Synchronizing object | Curved eave panel.003
Fra:14 Mem:81.86M (Peak 86.08M) | Time:00:00.04 | Mem:0.00M, Peak:0.00M | Scene, ViewLayer | Synchronizing object | Eave silver edge.003
Fra:14 Mem:81.86M (Peak 86.08M) | Time:00:00.04 | Mem:0.00M, Peak:0.00M | Scene, ViewLayer | Synchronizing object | Roof rib.003
Fra:14 Mem:81.88M (Peak 86.08M) | Time:00:00.04 | Mem:0.00M, Peak:0.00M | Scene, ViewLayer | Synchronizing object | Stone terrace.003
Fra:14 Mem:81.87M (Peak 86.08M) | Time:00:00.04 | Mem:0.00M, Peak:0.00M | Scene, ViewLayer | Synchronizing object | Glazed bay.012
Fra:14 Mem:81.89M (Peak 86.08M) | Time:00:00.04 | Mem:0.00M, Peak:0.00M | Scene, ViewLayer | Synchronizing object | Glazed bay.013
Fra:14 Mem:81.92M (Peak 86.08M) | Time:00:00.04 | Mem:0.00M, Peak:0.00M | Scene, ViewLayer | Synchronizing object | Glazed bay.014
Fra:14 Mem:81.93M (Peak 86.08M) | Time:00:00.04 | Mem:0.00M, Peak:0.00M | Scene, ViewLayer | Synchronizing object | Horizontal mullion.028
Fra:14 Mem:81.94M (Peak 86.08M) | Time:00:00.04 | Mem:0.00M, Peak:0.00M | Scene, ViewLayer | Synchronizing object | Horizontal mullion.029
Fra:14 Mem:81.94M (Peak 86.08M) | Time:00:00.04 | Mem:0.00M, Peak:0.00M | Scene, ViewLayer | Synchronizing object | Horizontal mullion.030
Fra:14 Mem:81.94M (Peak 86.08M) | Time:00:00.04 | Mem:0.00M, Peak:0.00M | Scene, ViewLayer | Synchronizing object | Horizontal mullion.031
Fra:14 Mem:81.94M (Peak 86.08M) | Time:00:00.04 | Mem:0.00M, Peak:0.00M | Scene, ViewLayer | Synchronizing object | Horizontal mullion.032
Fra:14 Mem:81.95M (Peak 86.08M) | Time:00:00.04 | Mem:0.00M, Peak:0.00M | Scene, ViewLayer | Synchronizing object | Horizontal mullion.033
Fra:14 Mem:81.94M (Peak 86.08M) | Time:00:00.04 | Mem:0.00M, Peak:0.00M | Scene, ViewLayer | Synchronizing object | Vertical mullion.018
Fra:14 Mem:81.96M (Peak 86.08M) | Time:00:00.04 | Mem:0.00M, Peak:0.00M | Scene, ViewLayer | Synchronizing object | Vertical mullion.019
Fra:14 Mem:81.96M (Peak 86.08M) | Time:00:00.04 | Mem:0.00M, Peak:0.00M | Scene, ViewLayer | Synchronizing object | Vertical mullion.020
Fra:14 Mem:81.96M (Peak 86.08M) | Time:00:00.04 | Mem:0.00M, Peak:0.00M | Scene, ViewLayer | Synchronizing object | Vertical mullion.022
Fra:14 Mem:81.96M (Peak 86.08M) | Time:00:00.04 | Mem:0.00M, Peak:0.00M | Scene, ViewLayer | Synchronizing object | Primary rib.004
Fra:14 Mem:81.97M (Peak 86.08M) | Time:00:00.04 | Mem:0.00M, Peak:0.00M | Scene, ViewLayer | Synchronizing object | Curved eave panel.004
Fra:14 Mem:81.97M (Peak 86.08M) | Time:00:00.04 | Mem:0.00M, Peak:0.00M | Scene, ViewLayer | Synchronizing object | Roof rib.004
Fra:14 Mem:81.99M (Peak 86.08M) | Time:00:00.04 | Mem:0.00M, Peak:0.00M | Scene, ViewLayer | Synchronizing object | Stone terrace.004
Fra:14 Mem:81.99M (Peak 86.08M) | Time:00:00.04 | Mem:0.00M, Peak:0.00M | Scene, ViewLayer | Synchronizing object | Entrance door.002
Fra:14 Mem:82.02M (Peak 86.08M) | Time:00:00.04 | Mem:0.00M, Peak:0.00M | Scene, ViewLayer | Synchronizing object | Door glazing.002
Fra:14 Mem:82.03M (Peak 86.08M) | Time:00:00.04 | Mem:0.00M, Peak:0.00M | Scene, ViewLayer | Synchronizing object | Door handle.002
Fra:14 Mem:82.03M (Peak 86.08M) | Time:00:00.04 | Mem:0.00M, Peak:0.00M | Scene, ViewLayer | Synchronizing object | Entrance door.003
Fra:14 Mem:82.04M (Peak 86.08M) | Time:00:00.04 | Mem:0.00M, Peak:0.00M | Scene, ViewLayer | Synchronizing object | Door glazing.003
Fra:14 Mem:82.06M (Peak 86.08M) | Time:00:00.04 | Mem:0.00M, Peak:0.00M | Scene, ViewLayer | Synchronizing object | Door handle.003
Fra:14 Mem:82.08M (Peak 86.08M) | Time:00:00.04 | Mem:0.00M, Peak:0.00M | Scene, ViewLayer | Synchronizing object | Entrance canopy.001
Fra:14 Mem:82.07M (Peak 86.08M) | Time:00:00.04 | Mem:0.00M, Peak:0.00M | Scene, ViewLayer | Synchronizing object | Canopy column.002
Fra:14 Mem:82.08M (Peak 86.08M) | Time:00:00.04 | Mem:0.00M, Peak:0.00M | Scene, ViewLayer | Synchronizing object | Canopy column.003
Fra:14 Mem:82.09M (Peak 86.08M) | Time:00:00.04 | Mem:0.00M, Peak:0.00M | Scene, ViewLayer | Synchronizing object | Terrace stairs.008
Fra:14 Mem:82.09M (Peak 86.08M) | Time:00:00.04 | Mem:0.00M, Peak:0.00M | Scene, ViewLayer | Synchronizing object | Terrace stairs.009
Fra:14 Mem:82.12M (Peak 86.08M) | Time:00:00.04 | Mem:0.00M, Peak:0.00M | Scene, ViewLayer | Synchronizing object | Terrace stairs.010
Fra:14 Mem:82.14M (Peak 86.08M) | Time:00:00.04 | Mem:0.00M, Peak:0.00M | Scene, ViewLayer | Synchronizing object | Terrace stairs.011
Fra:14 Mem:82.13M (Peak 86.08M) | Time:00:00.04 | Mem:0.00M, Peak:0.00M | Scene, ViewLayer | Synchronizing object | Terrace stairs.012
Fra:14 Mem:82.16M (Peak 86.08M) | Time:00:00.04 | Mem:0.00M, Peak:0.00M | Scene, ViewLayer | Synchronizing object | Terrace stairs.013
Fra:14 Mem:82.18M (Peak 86.08M) | Time:00:00.04 | Mem:0.00M, Peak:0.00M | Scene, ViewLayer | Synchronizing object | Terrace stairs.014
Fra:14 Mem:82.17M (Peak 86.08M) | Time:00:00.04 | Mem:0.00M, Peak:0.00M | Scene, ViewLayer | Synchronizing object | Terrace stairs.015
Fra:14 Mem:82.20M (Peak 86.08M) | Time:00:00.04 | Mem:0.00M, Peak:0.00M | Scene, ViewLayer | Synchronizing object | Glazed bay.015
Fra:14 Mem:82.22M (Peak 86.08M) | Time:00:00.04 | Mem:0.00M, Peak:0.00M | Scene, ViewLayer | Synchronizing object | Glazed bay.016
Fra:14 Mem:82.21M (Peak 86.08M) | Time:00:00.04 | Mem:0.00M, Peak:0.00M | Scene, ViewLayer | Synchronizing object | Glazed bay.017
Fra:14 Mem:82.24M (Peak 86.08M) | Time:00:00.04 | Mem:0.00M, Peak:0.00M | Scene, ViewLayer | Synchronizing object | Horizontal mullion.035
Fra:14 Mem:82.25M (Peak 86.08M) | Time:00:00.04 | Mem:0.00M, Peak:0.00M | Scene, ViewLayer | Synchronizing object | Horizontal mullion.036
Fra:14 Mem:82.24M (Peak 86.08M) | Time:00:00.04 | Mem:0.00M, Peak:0.00M | Scene, ViewLayer | Synchronizing object | Studio ground
Fra:14 Mem:82.24M (Peak 86.08M) | Time:00:00.04 | Mem:0.00M, Peak:0.00M | Scene, ViewLayer | Synchronizing object | Horizontal mullion.039
Fra:14 Mem:82.27M (Peak 86.08M) | Time:00:00.04 | Mem:0.00M, Peak:0.00M | Scene, ViewLayer | Synchronizing object | Horizontal mullion.040
Fra:14 Mem:82.28M (Peak 86.08M) | Time:00:00.04 | Mem:0.00M, Peak:0.00M | Scene, ViewLayer | Synchronizing object | Horizontal mullion.041
Fra:14 Mem:82.27M (Peak 86.08M) | Time:00:00.04 | Mem:0.00M, Peak:0.00M | Scene, ViewLayer | Synchronizing object | Vertical mullion.023
Fra:14 Mem:82.28M (Peak 86.08M) | Time:00:00.04 | Mem:0.00M, Peak:0.00M | Scene, ViewLayer | Synchronizing object | Vertical mullion.024
Fra:14 Mem:82.28M (Peak 86.08M) | Time:00:00.04 | Mem:0.00M, Peak:0.00M | Scene, ViewLayer | Synchronizing object | Vertical mullion.025
Fra:14 Mem:82.28M (Peak 86.08M) | Time:00:00.04 | Mem:0.00M, Peak:0.00M | Scene, ViewLayer | Synchronizing object | Vertical mullion.027
Fra:14 Mem:82.28M (Peak 86.08M) | Time:00:00.04 | Mem:0.00M, Peak:0.00M | Scene, ViewLayer | Synchronizing object | Primary rib.005
Fra:14 Mem:82.29M (Peak 86.08M) | Time:00:00.04 | Mem:0.00M, Peak:0.00M | Scene, ViewLayer | Synchronizing object | Curved eave panel.005
Fra:14 Mem:82.29M (Peak 86.08M) | Time:00:00.04 | Mem:0.00M, Peak:0.00M | Scene, ViewLayer | Synchronizing object | Roof rib.005
Fra:14 Mem:82.29M (Peak 86.08M) | Time:00:00.04 | Mem:0.00M, Peak:0.00M | Scene, ViewLayer | Synchronizing object | Stone terrace.005
Fra:14 Mem:82.30M (Peak 86.08M) | Time:00:00.04 | Mem:0.00M, Peak:0.00M | Scene, ViewLayer | Synchronizing object | Glazed bay.018
Fra:14 Mem:82.35M (Peak 86.08M) | Time:00:00.04 | Mem:0.00M, Peak:0.00M | Scene, ViewLayer | Synchronizing object | Glazed bay.019
Fra:14 Mem:82.39M (Peak 86.08M) | Time:00:00.04 | Mem:0.00M, Peak:0.00M | Scene, ViewLayer | Synchronizing object | Glazed bay.020
Fra:14 Mem:82.38M (Peak 86.08M) | Time:00:00.04 | Mem:0.00M, Peak:0.00M | Scene, ViewLayer | Synchronizing object | Horizontal mullion.042
Fra:14 Mem:82.40M (Peak 86.08M) | Time:00:00.04 | Mem:0.00M, Peak:0.00M | Scene, ViewLayer | Synchronizing object | Horizontal mullion.043
Fra:14 Mem:82.39M (Peak 86.08M) | Time:00:00.04 | Mem:0.00M, Peak:0.00M | Scene, ViewLayer | Synchronizing object | Horizontal mullion.044
Fra:14 Mem:82.39M (Peak 86.08M) | Time:00:00.04 | Mem:0.00M, Peak:0.00M | Scene, ViewLayer | Synchronizing object | Horizontal mullion.045
Fra:14 Mem:82.40M (Peak 86.08M) | Time:00:00.04 | Mem:0.00M, Peak:0.00M | Scene, ViewLayer | Synchronizing object | Horizontal mullion.046
Fra:14 Mem:82.40M (Peak 86.08M) | Time:00:00.04 | Mem:0.00M, Peak:0.00M | Scene, ViewLayer | Synchronizing object | Horizontal mullion.048
Fra:14 Mem:82.40M (Peak 86.08M) | Time:00:00.04 | Mem:0.00M, Peak:0.00M | Scene, ViewLayer | Synchronizing object | Vertical mullion.028
Fra:14 Mem:82.40M (Peak 86.08M) | Time:00:00.04 | Mem:0.00M, Peak:0.00M | Scene, ViewLayer | Synchronizing object | Vertical mullion.029
Fra:14 Mem:82.41M (Peak 86.08M) | Time:00:00.04 | Mem:0.00M, Peak:0.00M | Scene, ViewLayer | Synchronizing object | Primary rib.006
Fra:14 Mem:82.41M (Peak 86.08M) | Time:00:00.04 | Mem:0.00M, Peak:0.00M | Scene, ViewLayer | Synchronizing object | Curved eave panel.006
Fra:14 Mem:82.42M (Peak 86.08M) | Time:00:00.04 | Mem:0.00M, Peak:0.00M | Scene, ViewLayer | Synchronizing object | Roof rib.006
Fra:14 Mem:82.42M (Peak 86.08M) | Time:00:00.04 | Mem:0.00M, Peak:0.00M | Scene, ViewLayer | Synchronizing object | Stone terrace.006
Fra:14 Mem:82.44M (Peak 86.08M) | Time:00:00.04 | Mem:0.00M, Peak:0.00M | Scene, ViewLayer | Synchronizing object | Glazed bay.021
Fra:14 Mem:82.46M (Peak 86.08M) | Time:00:00.04 | Mem:0.00M, Peak:0.00M | Scene, ViewLayer | Synchronizing object | Glazed bay.022
Fra:14 Mem:82.48M (Peak 86.08M) | Time:00:00.04 | Mem:0.00M, Peak:0.00M | Scene, ViewLayer | Synchronizing object | Glazed bay.023
Fra:14 Mem:82.47M (Peak 86.08M) | Time:00:00.04 | Mem:0.00M, Peak:0.00M | Scene, ViewLayer | Synchronizing object | Horizontal mullion.049
Fra:14 Mem:82.51M (Peak 86.08M) | Time:00:00.04 | Mem:0.00M, Peak:0.00M | Scene, ViewLayer | Synchronizing object | Horizontal mullion.050
Fra:14 Mem:82.48M (Peak 86.08M) | Time:00:00.04 | Mem:0.00M, Peak:0.00M | Scene, ViewLayer | Synchronizing object | Horizontal mullion.051
Fra:14 Mem:82.49M (Peak 86.08M) | Time:00:00.04 | Mem:0.00M, Peak:0.00M | Scene, ViewLayer | Synchronizing object | Horizontal mullion.052
Fra:14 Mem:82.49M (Peak 86.08M) | Time:00:00.04 | Mem:0.00M, Peak:0.00M | Scene, ViewLayer | Synchronizing object | Horizontal mullion.053
Fra:14 Mem:82.49M (Peak 86.08M) | Time:00:00.04 | Mem:0.00M, Peak:0.00M | Scene, ViewLayer | Synchronizing object | Horizontal mullion.054
Fra:14 Mem:82.49M (Peak 86.08M) | Time:00:00.04 | Mem:0.00M, Peak:0.00M | Scene, ViewLayer | Synchronizing object | Vertical mullion.030
Fra:14 Mem:82.50M (Peak 86.08M) | Time:00:00.04 | Mem:0.00M, Peak:0.00M | Scene, ViewLayer | Synchronizing object | Vertical mullion.031
Fra:14 Mem:82.50M (Peak 86.08M) | Time:00:00.04 | Mem:0.00M, Peak:0.00M | Scene, ViewLayer | Synchronizing object | Primary rib.007
Fra:14 Mem:82.51M (Peak 86.08M) | Time:00:00.04 | Mem:0.00M, Peak:0.00M | Scene, ViewLayer | Synchronizing object | Eave silver edge.007
Fra:14 Mem:82.51M (Peak 86.08M) | Time:00:00.04 | Mem:0.00M, Peak:0.00M | Scene, ViewLayer | Synchronizing object | Roof rib.007
Fra:14 Mem:82.50M (Peak 86.08M) | Time:00:00.04 | Mem:0.00M, Peak:0.00M | Scene, ViewLayer | Synchronizing object | Entrance door.004
Fra:14 Mem:82.51M (Peak 86.08M) | Time:00:00.04 | Mem:0.00M, Peak:0.00M | Scene, ViewLayer | Synchronizing object | Door glazing.004
Fra:14 Mem:82.56M (Peak 86.08M) | Time:00:00.04 | Mem:0.00M, Peak:0.00M | Scene, ViewLayer | Synchronizing object | Medical vest cross
Fra:14 Mem:82.57M (Peak 86.08M) | Time:00:00.04 | Mem:0.00M, Peak:0.00M | Scene, ViewLayer | Synchronizing object | Door handle.004
Fra:14 Mem:82.57M (Peak 86.08M) | Time:00:00.04 | Mem:0.00M, Peak:0.00M | Scene, ViewLayer | Synchronizing object | Entrance door.005
Fra:14 Mem:82.56M (Peak 86.08M) | Time:00:00.04 | Mem:0.00M, Peak:0.00M | Scene, ViewLayer | Synchronizing object | Door handle.005
Fra:14 Mem:82.59M (Peak 86.08M) | Time:00:00.04 | Mem:0.00M, Peak:0.00M | Scene, ViewLayer | Synchronizing object | Entrance canopy.002
Fra:14 Mem:82.60M (Peak 86.08M) | Time:00:00.04 | Mem:0.00M, Peak:0.00M | Scene, ViewLayer | Synchronizing object | Medical vest
Fra:14 Mem:82.63M (Peak 86.08M) | Time:00:00.04 | Mem:0.00M, Peak:0.00M | Scene, ViewLayer | Synchronizing object | Canopy column.004
Fra:14 Mem:82.65M (Peak 86.08M) | Time:00:00.04 | Mem:0.00M, Peak:0.00M | Scene, ViewLayer | Synchronizing object | Canopy column.005
Fra:14 Mem:82.62M (Peak 86.08M) | Time:00:00.04 | Mem:0.00M, Peak:0.00M | Scene, ViewLayer | Synchronizing object | Terrace stairs.016
Fra:14 Mem:82.63M (Peak 86.08M) | Time:00:00.04 | Mem:0.00M, Peak:0.00M | Scene, ViewLayer | Synchronizing object | Terrace stairs.018
Fra:14 Mem:82.62M (Peak 86.08M) | Time:00:00.04 | Mem:0.00M, Peak:0.00M | Scene, ViewLayer | Synchronizing object | Hair.001
Fra:14 Mem:82.68M (Peak 86.08M) | Time:00:00.04 | Mem:0.00M, Peak:0.00M | Scene, ViewLayer | Synchronizing object | Adult head.002
Fra:14 Mem:82.70M (Peak 86.08M) | Time:00:00.04 | Mem:0.00M, Peak:0.00M | Scene, ViewLayer | Synchronizing object | Neck.002
Fra:14 Mem:82.68M (Peak 86.08M) | Time:00:00.04 | Mem:0.00M, Peak:0.00M | Scene, ViewLayer | Synchronizing object | Terrace stairs.020
Fra:14 Mem:82.69M (Peak 86.08M) | Time:00:00.04 | Mem:0.00M, Peak:0.00M | Scene, ViewLayer | Synchronizing object | Terrace stairs.021
Fra:14 Mem:82.70M (Peak 86.08M) | Time:00:00.04 | Mem:0.00M, Peak:0.00M | Scene, ViewLayer | Synchronizing object | Glove.005
Fra:14 Mem:82.77M (Peak 86.08M) | Time:00:00.04 | Mem:0.00M, Peak:0.00M | Scene, ViewLayer | Synchronizing object | Jacket forearm.005
Fra:14 Mem:82.76M (Peak 86.08M) | Time:00:00.04 | Mem:0.00M, Peak:0.00M | Scene, ViewLayer | Synchronizing object | Terrace stairs.022
Fra:14 Mem:82.77M (Peak 86.08M) | Time:00:00.04 | Mem:0.00M, Peak:0.00M | Scene, ViewLayer | Synchronizing object | Jacket upper sleeve.005
Fra:14 Mem:82.76M (Peak 86.08M) | Time:00:00.04 | Mem:0.00M, Peak:0.00M | Scene, ViewLayer | Synchronizing object | Terrace stairs.023
Fra:14 Mem:82.78M (Peak 86.08M) | Time:00:00.04 | Mem:0.00M, Peak:0.00M | Scene, ViewLayer | Synchronizing object | Boot.005
Fra:14 Mem:82.79M (Peak 86.08M) | Time:00:00.04 | Mem:0.00M, Peak:0.00M | Scene, ViewLayer | Synchronizing object | Glazed bay.024
Fra:14 Mem:82.83M (Peak 86.08M) | Time:00:00.04 | Mem:0.00M, Peak:0.00M | Scene, ViewLayer | Synchronizing object | Trouser shin.005
Fra:14 Mem:82.82M (Peak 86.08M) | Time:00:00.04 | Mem:0.00M, Peak:0.00M | Scene, ViewLayer | Synchronizing object | Glazed bay.025
Fra:14 Mem:82.82M (Peak 86.08M) | Time:00:00.04 | Mem:0.00M, Peak:0.00M | Scene, ViewLayer | Synchronizing object | Trouser thigh.005
Fra:14 Mem:82.84M (Peak 86.08M) | Time:00:00.04 | Mem:0.00M, Peak:0.00M | Scene, ViewLayer | Synchronizing object | Glazed bay.026
Fra:14 Mem:82.85M (Peak 86.08M) | Time:00:00.04 | Mem:0.00M, Peak:0.00M | Scene, ViewLayer | Synchronizing object | Glove.004
Fra:14 Mem:82.85M (Peak 86.08M) | Time:00:00.04 | Mem:0.00M, Peak:0.00M | Scene, ViewLayer | Synchronizing object | Horizontal mullion.056
Fra:14 Mem:82.86M (Peak 86.08M) | Time:00:00.04 | Mem:0.00M, Peak:0.00M | Scene, ViewLayer | Synchronizing object | Horizontal mullion.057
Fra:14 Mem:82.87M (Peak 86.08M) | Time:00:00.04 | Mem:0.00M, Peak:0.00M | Scene, ViewLayer | Synchronizing object | Jacket upper sleeve.004
Fra:14 Mem:82.89M (Peak 86.08M) | Time:00:00.04 | Mem:0.00M, Peak:0.00M | Scene, ViewLayer | Synchronizing object | Horizontal mullion.059
Fra:14 Mem:82.87M (Peak 86.08M) | Time:00:00.04 | Mem:0.00M, Peak:0.00M | Scene, ViewLayer | Synchronizing object | Boot.004
Fra:14 Mem:82.88M (Peak 86.08M) | Time:00:00.04 | Mem:0.00M, Peak:0.00M | Scene, ViewLayer | Synchronizing object | Horizontal mullion.061
Fra:14 Mem:82.90M (Peak 86.08M) | Time:00:00.04 | Mem:0.00M, Peak:0.00M | Scene, ViewLayer | Synchronizing object | Horizontal mullion.062
Fra:14 Mem:82.90M (Peak 86.08M) | Time:00:00.04 | Mem:0.00M, Peak:0.00M | Scene, ViewLayer | Synchronizing object | Vertical mullion.032
Fra:14 Mem:82.91M (Peak 86.08M) | Time:00:00.04 | Mem:0.00M, Peak:0.00M | Scene, ViewLayer | Synchronizing object | Vertical mullion.033
Fra:14 Mem:82.91M (Peak 86.08M) | Time:00:00.04 | Mem:0.00M, Peak:0.00M | Scene, ViewLayer | Synchronizing object | Primary rib.008
Fra:14 Mem:82.93M (Peak 86.08M) | Time:00:00.04 | Mem:0.00M, Peak:0.00M | Scene, ViewLayer | Synchronizing object | Curved eave panel.008
Fra:14 Mem:82.92M (Peak 86.08M) | Time:00:00.04 | Mem:0.00M, Peak:0.00M | Scene, ViewLayer | Synchronizing object | Roof rib.008
Fra:14 Mem:82.92M (Peak 86.08M) | Time:00:00.04 | Mem:0.00M, Peak:0.00M | Scene, ViewLayer | Synchronizing object | Stone terrace.008
Fra:14 Mem:82.92M (Peak 86.08M) | Time:00:00.04 | Mem:0.00M, Peak:0.00M | Scene, ViewLayer | Synchronizing object | Glazed bay.028
Fra:14 Mem:82.93M (Peak 86.08M) | Time:00:00.04 | Mem:0.00M, Peak:0.00M | Scene, ViewLayer | Synchronizing object | Trouser thigh.004
Fra:14 Mem:82.98M (Peak 86.08M) | Time:00:00.04 | Mem:0.00M, Peak:0.00M | Scene, ViewLayer | Synchronizing object | Jacket.002
Fra:14 Mem:83.00M (Peak 86.08M) | Time:00:00.04 | Mem:0.00M, Peak:0.00M | Scene, ViewLayer | Synchronizing object | Pelvis.002
Fra:14 Mem:83.01M (Peak 86.08M) | Time:00:00.04 | Mem:0.00M, Peak:0.00M | Scene, ViewLayer | Synchronizing object | Glazed bay.029
Fra:14 Mem:83.00M (Peak 86.08M) | Time:00:00.04 | Mem:0.00M, Peak:0.00M | Scene, ViewLayer | Synchronizing object | Horizontal mullion.063
Fra:14 Mem:83.02M (Peak 86.08M) | Time:00:00.04 | Mem:0.00M, Peak:0.00M | Scene, ViewLayer | Synchronizing object | Horizontal mullion.064
Fra:14 Mem:83.02M (Peak 86.08M) | Time:00:00.04 | Mem:0.00M, Peak:0.00M | Scene, ViewLayer | Synchronizing object | Horizontal mullion.065
Fra:14 Mem:83.05M (Peak 86.08M) | Time:00:00.04 | Mem:0.00M, Peak:0.00M | Scene, ViewLayer | Synchronizing object | Horizontal mullion.066
Fra:14 Mem:83.07M (Peak 86.08M) | Time:00:00.04 | Mem:0.00M, Peak:0.00M | Scene, ViewLayer | Synchronizing object | Horizontal mullion.067
Fra:14 Mem:83.05M (Peak 86.08M) | Time:00:00.04 | Mem:0.00M, Peak:0.00M | Scene, ViewLayer | Synchronizing object | Horizontal mullion.068
Fra:14 Mem:83.05M (Peak 86.08M) | Time:00:00.04 | Mem:0.00M, Peak:0.00M | Scene, ViewLayer | Synchronizing object | Horizontal mullion.069
Fra:14 Mem:83.07M (Peak 86.08M) | Time:00:00.04 | Mem:0.00M, Peak:0.00M | Scene, ViewLayer | Synchronizing object | Vertical mullion.034
Fra:14 Mem:83.07M (Peak 86.08M) | Time:00:00.04 | Mem:0.00M, Peak:0.00M | Scene, ViewLayer | Synchronizing object | Vertical mullion.036
Fra:14 Mem:83.05M (Peak 86.08M) | Time:00:00.04 | Mem:0.00M, Peak:0.00M | Scene, ViewLayer | Synchronizing object | Jacket reflective strip
Fra:14 Mem:83.05M (Peak 86.08M) | Time:00:00.04 | Mem:0.00M, Peak:0.00M | Scene, ViewLayer | Synchronizing object | Vertical mullion.038
Fra:14 Mem:83.06M (Peak 86.08M) | Time:00:00.04 | Mem:0.00M, Peak:0.00M | Scene, ViewLayer | Synchronizing object | Primary rib.009
Fra:14 Mem:83.07M (Peak 86.08M) | Time:00:00.04 | Mem:0.00M, Peak:0.00M | Scene, ViewLayer | Synchronizing object | Curved eave panel.009
Fra:14 Mem:83.07M (Peak 86.08M) | Time:00:00.04 | Mem:0.00M, Peak:0.00M | Scene, ViewLayer | Synchronizing object | Roof rib.009
Fra:14 Mem:83.08M (Peak 86.08M) | Time:00:00.04 | Mem:0.00M, Peak:0.00M | Scene, ViewLayer | Synchronizing object | Glazed bay.030
Fra:14 Mem:83.09M (Peak 86.08M) | Time:00:00.04 | Mem:0.00M, Peak:0.00M | Scene, ViewLayer | Synchronizing object | Glazed bay.031
Fra:14 Mem:83.15M (Peak 86.08M) | Time:00:00.04 | Mem:0.00M, Peak:0.00M | Scene, ViewLayer | Synchronizing object | Breathing air cylinder.001
Fra:14 Mem:83.15M (Peak 86.08M) | Time:00:00.04 | Mem:0.00M, Peak:0.00M | Scene, ViewLayer | Synchronizing object | Glazed bay.032
Fra:14 Mem:83.13M (Peak 86.08M) | Time:00:00.04 | Mem:0.00M, Peak:0.00M | Scene, ViewLayer | Synchronizing object | Horizontal mullion.071
Fra:14 Mem:83.14M (Peak 86.08M) | Time:00:00.04 | Mem:0.00M, Peak:0.00M | Scene, ViewLayer | Synchronizing object | Breathing air cylinder
Fra:14 Mem:83.16M (Peak 86.08M) | Time:00:00.04 | Mem:0.00M, Peak:0.00M | Scene, ViewLayer | Synchronizing object | Horizontal mullion.072
Fra:14 Mem:83.16M (Peak 86.08M) | Time:00:00.04 | Mem:0.00M, Peak:0.00M | Scene, ViewLayer | Synchronizing object | Face shield
Fra:14 Mem:83.16M (Peak 86.08M) | Time:00:00.04 | Mem:0.00M, Peak:0.00M | Scene, ViewLayer | Synchronizing object | Horizontal mullion.074
Fra:14 Mem:83.19M (Peak 86.08M) | Time:00:00.04 | Mem:0.00M, Peak:0.00M | Scene, ViewLayer | Synchronizing object | Horizontal mullion.075
Fra:14 Mem:83.21M (Peak 86.08M) | Time:00:00.04 | Mem:0.00M, Peak:0.00M | Scene, ViewLayer | Synchronizing object | Vertical mullion.039
Fra:14 Mem:83.19M (Peak 86.08M) | Time:00:00.04 | Mem:0.00M, Peak:0.00M | Scene, ViewLayer | Synchronizing object | Vertical mullion.040
Fra:14 Mem:83.20M (Peak 86.08M) | Time:00:00.04 | Mem:0.00M, Peak:0.00M | Scene, ViewLayer | Synchronizing object | Vertical mullion.041
Fra:14 Mem:83.22M (Peak 86.08M) | Time:00:00.04 | Mem:0.00M, Peak:0.00M | Scene, ViewLayer | Synchronizing object | Vertical mullion.043
Fra:14 Mem:83.20M (Peak 86.08M) | Time:00:00.04 | Mem:0.00M, Peak:0.00M | Scene, ViewLayer | Synchronizing object | Primary rib.010
Fra:14 Mem:83.20M (Peak 86.08M) | Time:00:00.04 | Mem:0.00M, Peak:0.00M | Scene, ViewLayer | Synchronizing object | Curved eave panel.010
Fra:14 Mem:83.21M (Peak 86.08M) | Time:00:00.04 | Mem:0.00M, Peak:0.00M | Scene, ViewLayer | Synchronizing object | Eave silver edge.010
Fra:14 Mem:83.22M (Peak 86.08M) | Time:00:00.04 | Mem:0.00M, Peak:0.00M | Scene, ViewLayer | Synchronizing object | Roof rib.010
Fra:14 Mem:83.24M (Peak 86.08M) | Time:00:00.04 | Mem:0.00M, Peak:0.00M | Scene, ViewLayer | Synchronizing object | Stone terrace.010
Fra:14 Mem:83.23M (Peak 86.08M) | Time:00:00.04 | Mem:0.00M, Peak:0.00M | Scene, ViewLayer | Synchronizing object | Entrance door.006
Fra:14 Mem:83.24M (Peak 86.08M) | Time:00:00.04 | Mem:0.00M, Peak:0.00M | Scene, ViewLayer | Synchronizing object | Door glazing.006
Fra:14 Mem:83.28M (Peak 86.08M) | Time:00:00.04 | Mem:0.00M, Peak:0.00M | Scene, ViewLayer | Synchronizing object | Safety helmet
Fra:14 Mem:83.29M (Peak 86.08M) | Time:00:00.04 | Mem:0.00M, Peak:0.00M | Scene, ViewLayer | Synchronizing object | Adult head.001
Fra:14 Mem:83.30M (Peak 86.08M) | Time:00:00.04 | Mem:0.00M, Peak:0.00M | Scene, ViewLayer | Synchronizing object | Door handle.006
Fra:14 Mem:83.30M (Peak 86.08M) | Time:00:00.04 | Mem:0.00M, Peak:0.00M | Scene, ViewLayer | Synchronizing object | Entrance door.007
Fra:14 Mem:83.30M (Peak 86.08M) | Time:00:00.04 | Mem:0.00M, Peak:0.00M | Scene, ViewLayer | Synchronizing object | Door handle.007
Fra:14 Mem:83.36M (Peak 86.08M) | Time:00:00.04 | Mem:0.00M, Peak:0.00M | Scene, ViewLayer | Synchronizing object | Entrance canopy.003
Fra:14 Mem:83.35M (Peak 86.08M) | Time:00:00.04 | Mem:0.00M, Peak:0.00M | Scene, ViewLayer | Synchronizing object | Sleeve reflective band.001
Fra:14 Mem:83.38M (Peak 86.08M) | Time:00:00.04 | Mem:0.00M, Peak:0.00M | Scene, ViewLayer | Synchronizing object | Glove.003
Fra:14 Mem:83.37M (Peak 86.08M) | Time:00:00.04 | Mem:0.00M, Peak:0.00M | Scene, ViewLayer | Synchronizing object | Canopy column.006
Fra:14 Mem:83.38M (Peak 86.08M) | Time:00:00.04 | Mem:0.00M, Peak:0.00M | Scene, ViewLayer | Synchronizing object | Canopy column.007
Fra:14 Mem:83.38M (Peak 86.08M) | Time:00:00.04 | Mem:0.00M, Peak:0.00M | Scene, ViewLayer | Synchronizing object | Jacket forearm.003
Fra:14 Mem:83.38M (Peak 86.08M) | Time:00:00.04 | Mem:0.00M, Peak:0.00M | Scene, ViewLayer | Synchronizing object | Terrace stairs.025
Fra:14 Mem:83.40M (Peak 86.08M) | Time:00:00.04 | Mem:0.00M, Peak:0.00M | Scene, ViewLayer | Synchronizing object | Terrace stairs.026
Fra:14 Mem:83.43M (Peak 86.08M) | Time:00:00.04 | Mem:0.00M, Peak:0.00M | Scene, ViewLayer | Synchronizing object | Jacket upper sleeve.003
Fra:14 Mem:83.44M (Peak 86.08M) | Time:00:00.04 | Mem:0.00M, Peak:0.00M | Scene, ViewLayer | Synchronizing object | Ankle reflective band.001
Fra:14 Mem:83.44M (Peak 86.08M) | Time:00:00.04 | Mem:0.00M, Peak:0.00M | Scene, ViewLayer | Synchronizing object | Terrace stairs.027
Fra:14 Mem:83.45M (Peak 86.08M) | Time:00:00.04 | Mem:0.00M, Peak:0.00M | Scene, ViewLayer | Synchronizing object | Terrace stairs.028
Fra:14 Mem:83.47M (Peak 86.08M) | Time:00:00.04 | Mem:0.00M, Peak:0.00M | Scene, ViewLayer | Synchronizing object | Terrace stairs.029
Fra:14 Mem:83.48M (Peak 86.08M) | Time:00:00.04 | Mem:0.00M, Peak:0.00M | Scene, ViewLayer | Synchronizing object | Trouser shin.003
Fra:14 Mem:83.50M (Peak 86.08M) | Time:00:00.04 | Mem:0.00M, Peak:0.00M | Scene, ViewLayer | Synchronizing object | Trouser thigh.003
Fra:14 Mem:83.50M (Peak 86.08M) | Time:00:00.04 | Mem:0.00M, Peak:0.00M | Scene, ViewLayer | Synchronizing object | Sleeve reflective band
Fra:14 Mem:83.50M (Peak 86.08M) | Time:00:00.04 | Mem:0.00M, Peak:0.00M | Scene, ViewLayer | Synchronizing object | Glove.002
Fra:14 Mem:83.52M (Peak 86.08M) | Time:00:00.05 | Mem:0.00M, Peak:0.00M | Scene, ViewLayer | Synchronizing object | Terrace stairs.030
Fra:14 Mem:83.52M (Peak 86.08M) | Time:00:00.05 | Mem:0.00M, Peak:0.00M | Scene, ViewLayer | Synchronizing object | Jacket forearm.002
Fra:14 Mem:83.54M (Peak 86.08M) | Time:00:00.05 | Mem:0.00M, Peak:0.00M | Scene, ViewLayer | Synchronizing object | Terrace stairs.031
Fra:14 Mem:83.54M (Peak 86.08M) | Time:00:00.05 | Mem:0.00M, Peak:0.00M | Scene, ViewLayer | Synchronizing object | Glazed bay.033
Fra:14 Mem:83.56M (Peak 86.08M) | Time:00:00.05 | Mem:0.00M, Peak:0.00M | Scene, ViewLayer | Synchronizing object | Ankle reflective band
Fra:14 Mem:83.58M (Peak 86.08M) | Time:00:00.05 | Mem:0.00M, Peak:0.00M | Scene, ViewLayer | Synchronizing object | Boot.002
Fra:14 Mem:83.57M (Peak 86.08M) | Time:00:00.05 | Mem:0.00M, Peak:0.00M | Scene, ViewLayer | Synchronizing object | Glazed bay.034
Fra:14 Mem:83.60M (Peak 86.08M) | Time:00:00.05 | Mem:0.00M, Peak:0.00M | Scene, ViewLayer | Synchronizing object | Trouser shin.002
Fra:14 Mem:83.60M (Peak 86.08M) | Time:00:00.05 | Mem:0.00M, Peak:0.00M | Scene, ViewLayer | Synchronizing object | Glazed bay.035
Fra:14 Mem:83.59M (Peak 86.08M) | Time:00:00.05 | Mem:0.00M, Peak:0.00M | Scene, ViewLayer | Synchronizing object | Trouser thigh.002
Fra:14 Mem:83.61M (Peak 86.08M) | Time:00:00.05 | Mem:0.00M, Peak:0.00M | Scene, ViewLayer | Synchronizing object | Horizontal mullion.077
Fra:14 Mem:83.63M (Peak 86.08M) | Time:00:00.05 | Mem:0.00M, Peak:0.00M | Scene, ViewLayer | Synchronizing object | Jacket.001
Fra:14 Mem:83.63M (Peak 86.08M) | Time:00:00.05 | Mem:0.00M, Peak:0.00M | Scene, ViewLayer | Synchronizing object | Horizontal mullion.078
Fra:14 Mem:83.63M (Peak 86.08M) | Time:00:00.05 | Mem:0.00M, Peak:0.00M | Scene, ViewLayer | Synchronizing object | Horizontal mullion.079
Fra:14 Mem:83.64M (Peak 86.08M) | Time:00:00.05 | Mem:0.00M, Peak:0.00M | Scene, ViewLayer | Synchronizing object | Pelvis.001
Fra:14 Mem:83.63M (Peak 86.08M) | Time:00:00.05 | Mem:0.00M, Peak:0.00M | Scene, ViewLayer | Synchronizing object | Horizontal mullion.080
Fra:14 Mem:83.65M (Peak 86.08M) | Time:00:00.05 | Mem:0.00M, Peak:0.00M | Scene, ViewLayer | Synchronizing object | Horizontal mullion.081
Fra:14 Mem:83.65M (Peak 86.08M) | Time:00:00.05 | Mem:0.00M, Peak:0.00M | Scene, ViewLayer | Synchronizing object | Horizontal mullion.083
Fra:14 Mem:83.66M (Peak 86.08M) | Time:00:00.05 | Mem:0.00M, Peak:0.00M | Scene, ViewLayer | Synchronizing object | Vertical mullion.044
Fra:14 Mem:83.66M (Peak 86.08M) | Time:00:00.05 | Mem:0.00M, Peak:0.00M | Scene, ViewLayer | Synchronizing object | Vertical mullion.045
Fra:14 Mem:83.68M (Peak 86.08M) | Time:00:00.05 | Mem:0.00M, Peak:0.00M | Scene, ViewLayer | Synchronizing object | Primary rib.011
Fra:14 Mem:83.67M (Peak 86.08M) | Time:00:00.05 | Mem:0.00M, Peak:0.00M | Scene, ViewLayer | Synchronizing object | Curved eave panel.011
Fra:14 Mem:83.68M (Peak 86.08M) | Time:00:00.05 | Mem:0.00M, Peak:0.00M | Scene, ViewLayer | Synchronizing object | Eave silver edge.011
Fra:14 Mem:83.69M (Peak 86.08M) | Time:00:00.05 | Mem:0.00M, Peak:0.00M | Scene, ViewLayer | Synchronizing object | Roof rib.011
Fra:14 Mem:83.71M (Peak 86.08M) | Time:00:00.05 | Mem:0.00M, Peak:0.00M | Scene, ViewLayer | Synchronizing object | Stone terrace.011
Fra:14 Mem:83.70M (Peak 86.08M) | Time:00:00.05 | Mem:0.00M, Peak:0.00M | Scene, ViewLayer | Synchronizing object | Glazed bay.037
Fra:14 Mem:83.75M (Peak 86.08M) | Time:00:00.05 | Mem:0.00M, Peak:0.00M | Scene, ViewLayer | Synchronizing object | Operations vest
Fra:14 Mem:83.78M (Peak 86.08M) | Time:00:00.05 | Mem:0.00M, Peak:0.00M | Scene, ViewLayer | Synchronizing object | Glazed bay.038
Fra:14 Mem:83.76M (Peak 86.08M) | Time:00:00.05 | Mem:0.00M, Peak:0.00M | Scene, ViewLayer | Synchronizing object | Horizontal mullion.084
Fra:14 Mem:83.79M (Peak 86.08M) | Time:00:00.05 | Mem:0.00M, Peak:0.00M | Scene, ViewLayer | Synchronizing object | Horizontal mullion.085
Fra:14 Mem:83.78M (Peak 86.08M) | Time:00:00.05 | Mem:0.00M, Peak:0.00M | Scene, ViewLayer | Synchronizing object | Horizontal mullion.086
Fra:14 Mem:83.79M (Peak 86.08M) | Time:00:00.05 | Mem:0.00M, Peak:0.00M | Scene, ViewLayer | Synchronizing object | Horizontal mullion.087
Fra:14 Mem:83.77M (Peak 86.08M) | Time:00:00.05 | Mem:0.00M, Peak:0.00M | Scene, ViewLayer | Synchronizing object | Hair
Fra:14 Mem:83.78M (Peak 86.08M) | Time:00:00.05 | Mem:0.00M, Peak:0.00M | Scene, ViewLayer | Synchronizing object | Horizontal mullion.089
Fra:14 Mem:83.79M (Peak 86.08M) | Time:00:00.05 | Mem:0.00M, Peak:0.00M | Scene, ViewLayer | Synchronizing object | Horizontal mullion.090
Fra:14 Mem:83.79M (Peak 86.08M) | Time:00:00.05 | Mem:0.00M, Peak:0.00M | Scene, ViewLayer | Synchronizing object | Adult head
Fra:14 Mem:83.79M (Peak 86.08M) | Time:00:00.05 | Mem:0.00M, Peak:0.00M | Scene, ViewLayer | Synchronizing object | Primary rib.012
Fra:14 Mem:83.82M (Peak 86.08M) | Time:00:00.05 | Mem:0.00M, Peak:0.00M | Scene, ViewLayer | Synchronizing object | Curved eave panel.012
Fra:14 Mem:83.82M (Peak 86.08M) | Time:00:00.05 | Mem:0.00M, Peak:0.00M | Scene, ViewLayer | Synchronizing object | Roof rib.012
Fra:14 Mem:83.82M (Peak 86.08M) | Time:00:00.05 | Mem:0.00M, Peak:0.00M | Scene, ViewLayer | Synchronizing object | Stone terrace.012
Fra:14 Mem:83.87M (Peak 86.08M) | Time:00:00.05 | Mem:0.00M, Peak:0.00M | Scene, ViewLayer | Synchronizing object | Glove.001
Fra:14 Mem:83.86M (Peak 86.08M) | Time:00:00.05 | Mem:0.00M, Peak:0.00M | Scene, ViewLayer | Synchronizing object | Glazed bay.040
Fra:14 Mem:83.91M (Peak 86.08M) | Time:00:00.05 | Mem:0.00M, Peak:0.00M | Scene, ViewLayer | Synchronizing object | Jacket forearm.001
Fra:14 Mem:83.92M (Peak 86.08M) | Time:00:00.05 | Mem:0.00M, Peak:0.00M | Scene, ViewLayer | Synchronizing object | Jacket upper sleeve.001
Fra:14 Mem:83.91M (Peak 86.08M) | Time:00:00.05 | Mem:0.00M, Peak:0.00M | Scene, ViewLayer | Synchronizing object | Glazed bay.041
Fra:14 Mem:83.91M (Peak 86.08M) | Time:00:00.05 | Mem:0.00M, Peak:0.00M | Scene, ViewLayer | Synchronizing object | Boot.001
Fra:14 Mem:83.94M (Peak 86.08M) | Time:00:00.05 | Mem:0.00M, Peak:0.00M | Scene, ViewLayer | Synchronizing object | Horizontal mullion.091
Fra:14 Mem:83.95M (Peak 86.08M) | Time:00:00.05 | Mem:0.00M, Peak:0.00M | Scene, ViewLayer | Synchronizing object | Trouser shin.001
Fra:14 Mem:83.94M (Peak 86.08M) | Time:00:00.05 | Mem:0.00M, Peak:0.00M | Scene, ViewLayer | Synchronizing object | Horizontal mullion.093
Fra:14 Mem:83.94M (Peak 86.08M) | Time:00:00.05 | Mem:0.00M, Peak:0.00M | Scene, ViewLayer | Synchronizing object | Horizontal mullion.094
Fra:14 Mem:83.96M (Peak 86.08M) | Time:00:00.05 | Mem:0.00M, Peak:0.00M | Scene, ViewLayer | Synchronizing object | Horizontal mullion.095
Fra:14 Mem:83.95M (Peak 86.08M) | Time:00:00.05 | Mem:0.00M, Peak:0.00M | Scene, ViewLayer | Synchronizing object | Trouser thigh.001
Fra:14 Mem:83.95M (Peak 86.08M) | Time:00:00.05 | Mem:0.00M, Peak:0.00M | Scene, ViewLayer | Synchronizing object | Vertical mullion.048
Fra:14 Mem:83.96M (Peak 86.08M) | Time:00:00.05 | Mem:0.00M, Peak:0.00M | Scene, ViewLayer | Synchronizing object | Glove
Fra:14 Mem:83.98M (Peak 86.08M) | Time:00:00.05 | Mem:0.00M, Peak:0.00M | Scene, ViewLayer | Synchronizing object | Vertical mullion.049
Fra:14 Mem:83.98M (Peak 86.08M) | Time:00:00.05 | Mem:0.00M, Peak:0.00M | Scene, ViewLayer | Synchronizing object | Vertical mullion.051
Fra:14 Mem:83.98M (Peak 86.08M) | Time:00:00.05 | Mem:0.00M, Peak:0.00M | Scene, ViewLayer | Synchronizing object | Primary rib.013
Fra:14 Mem:83.99M (Peak 86.08M) | Time:00:00.05 | Mem:0.00M, Peak:0.00M | Scene, ViewLayer | Synchronizing object | Curved eave panel.013
Fra:14 Mem:83.99M (Peak 86.08M) | Time:00:00.05 | Mem:0.00M, Peak:0.00M | Scene, ViewLayer | Synchronizing object | Roof rib.013
Fra:14 Mem:84.00M (Peak 86.08M) | Time:00:00.05 | Mem:0.00M, Peak:0.00M | Scene, ViewLayer | Synchronizing object | Stone terrace.013
Fra:14 Mem:84.00M (Peak 86.08M) | Time:00:00.05 | Mem:0.00M, Peak:0.00M | Scene, ViewLayer | Synchronizing object | Entrance door.008
Fra:14 Mem:84.01M (Peak 86.08M) | Time:00:00.05 | Mem:0.00M, Peak:0.00M | Scene, ViewLayer | Synchronizing object | Door glazing.008
Fra:14 Mem:84.07M (Peak 86.08M) | Time:00:00.05 | Mem:0.00M, Peak:0.00M | Scene, ViewLayer | Synchronizing object | Boot
Fra:14 Mem:84.08M (Peak 86.08M) | Time:00:00.05 | Mem:0.00M, Peak:0.00M | Scene, ViewLayer | Synchronizing object | Trouser shin
Fra:14 Mem:84.09M (Peak 86.08M) | Time:00:00.05 | Mem:0.00M, Peak:0.00M | Scene, ViewLayer | Synchronizing object | Door handle.008
Fra:14 Mem:84.07M (Peak 86.08M) | Time:00:00.05 | Mem:0.00M, Peak:0.00M | Scene, ViewLayer | Synchronizing object | Entrance door.009
Fra:14 Mem:84.07M (Peak 86.08M) | Time:00:00.05 | Mem:0.00M, Peak:0.00M | Scene, ViewLayer | Synchronizing object | Door glazing.009
Fra:14 Mem:84.09M (Peak 86.08M) | Time:00:00.05 | Mem:0.00M, Peak:0.00M | Scene, ViewLayer | Synchronizing object | Door handle.009
Fra:14 Mem:84.12M (Peak 86.08M) | Time:00:00.05 | Mem:0.00M, Peak:0.00M | Scene, ViewLayer | Synchronizing object | Jacket
Fra:14 Mem:84.11M (Peak 86.08M) | Time:00:00.05 | Mem:0.00M, Peak:0.00M | Scene, ViewLayer | Synchronizing object | Entrance canopy.004
Fra:14 Mem:84.14M (Peak 86.08M) | Time:00:00.05 | Mem:0.00M, Peak:0.00M | Scene, ViewLayer | Synchronizing object | Pelvis
Fra:14 Mem:84.16M (Peak 86.08M) | Time:00:00.05 | Mem:0.00M, Peak:0.00M | Scene, ViewLayer | Synchronizing object | Canopy column.008
Fra:14 Mem:84.15M (Peak 86.08M) | Time:00:00.05 | Mem:0.00M, Peak:0.00M | Scene, ViewLayer | Synchronizing object | Canopy column.009
Fra:14 Mem:84.15M (Peak 86.08M) | Time:00:00.05 | Mem:0.00M, Peak:0.00M | Scene, ViewLayer | Synchronizing object | Emergency beacon.003
Fra:14 Mem:84.16M (Peak 86.08M) | Time:00:00.05 | Mem:0.00M, Peak:0.00M | Scene, ViewLayer | Synchronizing object | Terrace stairs.033
Fra:14 Mem:84.19M (Peak 86.08M) | Time:00:00.05 | Mem:0.00M, Peak:0.00M | Scene, ViewLayer | Synchronizing object | Terrace stairs.034
Fra:14 Mem:84.21M (Peak 86.08M) | Time:00:00.05 | Mem:0.00M, Peak:0.00M | Scene, ViewLayer | Synchronizing object | Terrace stairs.035
Fra:14 Mem:84.21M (Peak 86.08M) | Time:00:00.05 | Mem:0.00M, Peak:0.00M | Scene, ViewLayer | Synchronizing object | Emergency beacon.002
Fra:14 Mem:84.22M (Peak 86.08M) | Time:00:00.05 | Mem:0.00M, Peak:0.00M | Scene, ViewLayer | Synchronizing object | Terrace stairs.036
Fra:14 Mem:84.25M (Peak 86.08M) | Time:00:00.05 | Mem:0.00M, Peak:0.00M | Scene, ViewLayer | Synchronizing object | Terrace stairs.037
Fra:14 Mem:84.26M (Peak 86.08M) | Time:00:00.05 | Mem:0.00M, Peak:0.00M | Scene, ViewLayer | Synchronizing object | Terrace stairs.038
Fra:14 Mem:84.26M (Peak 86.08M) | Time:00:00.05 | Mem:0.00M, Peak:0.00M | Scene, ViewLayer | Synchronizing object | Lightbar housing.001
Fra:14 Mem:84.28M (Peak 86.08M) | Time:00:00.05 | Mem:0.00M, Peak:0.00M | Scene, ViewLayer | Synchronizing object | Terrace stairs.039
Fra:14 Mem:84.30M (Peak 86.08M) | Time:00:00.05 | Mem:0.00M, Peak:0.00M | Scene, ViewLayer | Synchronizing object | Glazed bay.042
Fra:14 Mem:84.32M (Peak 86.08M) | Time:00:00.05 | Mem:0.00M, Peak:0.00M | Scene, ViewLayer | Synchronizing object | Headlamp.003
Fra:14 Mem:84.31M (Peak 86.08M) | Time:00:00.05 | Mem:0.00M, Peak:0.00M | Scene, ViewLayer | Synchronizing object | Glazed bay.043
Fra:14 Mem:84.33M (Peak 86.08M) | Time:00:00.05 | Mem:0.00M, Peak:0.00M | Scene, ViewLayer | Synchronizing object | Glazed bay.044
Fra:14 Mem:84.34M (Peak 86.08M) | Time:00:00.05 | Mem:0.00M, Peak:0.00M | Scene, ViewLayer | Synchronizing object | Horizontal mullion.098
Fra:14 Mem:84.36M (Peak 86.08M) | Time:00:00.05 | Mem:0.00M, Peak:0.00M | Scene, ViewLayer | Synchronizing object | Horizontal mullion.099
Fra:14 Mem:84.36M (Peak 86.08M) | Time:00:00.05 | Mem:0.00M, Peak:0.00M | Scene, ViewLayer | Synchronizing object | Headlamp.002
Fra:14 Mem:84.36M (Peak 86.08M) | Time:00:00.05 | Mem:0.00M, Peak:0.00M | Scene, ViewLayer | Synchronizing object | Horizontal mullion.100
Fra:14 Mem:84.39M (Peak 86.08M) | Time:00:00.05 | Mem:0.00M, Peak:0.00M | Scene, ViewLayer | Synchronizing object | Horizontal mullion.101
Fra:14 Mem:84.38M (Peak 86.08M) | Time:00:00.05 | Mem:0.00M, Peak:0.00M | Scene, ViewLayer | Synchronizing object | Horizontal mullion.103
Fra:14 Mem:84.38M (Peak 86.08M) | Time:00:00.05 | Mem:0.00M, Peak:0.00M | Scene, ViewLayer | Synchronizing object | Horizontal mullion.104
Fra:14 Mem:84.38M (Peak 86.08M) | Time:00:00.05 | Mem:0.00M, Peak:0.00M | Scene, ViewLayer | Synchronizing object | Vertical mullion.053
Fra:14 Mem:84.39M (Peak 86.08M) | Time:00:00.05 | Mem:0.00M, Peak:0.00M | Scene, ViewLayer | Synchronizing object | Vertical mullion.054
Fra:14 Mem:84.39M (Peak 86.08M) | Time:00:00.05 | Mem:0.00M, Peak:0.00M | Scene, ViewLayer | Synchronizing object | Vertical mullion.055
Fra:14 Mem:84.41M (Peak 86.08M) | Time:00:00.05 | Mem:0.00M, Peak:0.00M | Scene, ViewLayer | Synchronizing object | Vertical mullion.056
Fra:14 Mem:84.40M (Peak 86.08M) | Time:00:00.05 | Mem:0.00M, Peak:0.00M | Scene, ViewLayer | Synchronizing object | Primary rib.014
Fra:14 Mem:84.41M (Peak 86.08M) | Time:00:00.05 | Mem:0.00M, Peak:0.00M | Scene, ViewLayer | Synchronizing object | Curved eave panel.014
Fra:14 Mem:84.42M (Peak 86.08M) | Time:00:00.05 | Mem:0.00M, Peak:0.00M | Scene, ViewLayer | Synchronizing object | Eave silver edge.014
Fra:14 Mem:84.42M (Peak 86.08M) | Time:00:00.05 | Mem:0.00M, Peak:0.00M | Scene, ViewLayer | Synchronizing object | Roof rib.014
Fra:14 Mem:84.42M (Peak 86.08M) | Time:00:00.05 | Mem:0.00M, Peak:0.00M | Scene, ViewLayer | Synchronizing object | Aerodynamic shell
Fra:14 Mem:84.45M (Peak 86.08M) | Time:00:00.05 | Mem:0.00M, Peak:0.00M | Scene, ViewLayer | Synchronizing object | Underframe
Fra:14 Mem:84.45M (Peak 86.08M) | Time:00:00.05 | Mem:0.00M, Peak:0.00M | Scene, ViewLayer | Synchronizing object | Front bumper.001
Fra:14 Mem:84.55M (Peak 86.08M) | Time:00:00.05 | Mem:0.00M, Peak:0.00M | Scene, ViewLayer | Synchronizing object | Navy belt
Fra:14 Mem:84.57M (Peak 86.08M) | Time:00:00.05 | Mem:0.00M, Peak:0.00M | Scene, ViewLayer | Synchronizing object | Wheel rim.007
Fra:14 Mem:84.58M (Peak 86.08M) | Time:00:00.05 | Mem:0.00M, Peak:0.00M | Scene, ViewLayer | Synchronizing object | Passenger window
Fra:14 Mem:84.59M (Peak 86.08M) | Time:00:00.05 | Mem:0.00M, Peak:0.00M | Scene, ViewLayer | Synchronizing object | Tire.007
Fra:14 Mem:84.63M (Peak 86.08M) | Time:00:00.05 | Mem:0.00M, Peak:0.00M | Scene, ViewLayer | Synchronizing object | Wheel rim.006
Fra:14 Mem:84.61M (Peak 86.08M) | Time:00:00.05 | Mem:0.00M, Peak:0.00M | Scene, ViewLayer | Synchronizing object | Passenger window.001
Fra:14 Mem:84.64M (Peak 86.08M) | Time:00:00.05 | Mem:0.00M, Peak:0.00M | Scene, ViewLayer | Synchronizing object | Tire.006
Fra:14 Mem:84.60M (Peak 86.08M) | Time:00:00.05 | Mem:0.00M, Peak:0.00M | Scene, ViewLayer | Synchronizing object | Wheel rim.005
Fra:14 Mem:84.62M (Peak 86.08M) | Time:00:00.05 | Mem:0.00M, Peak:0.00M | Scene, ViewLayer | Synchronizing object | Passenger window.002
Fra:14 Mem:84.61M (Peak 86.08M) | Time:00:00.05 | Mem:0.00M, Peak:0.00M | Scene, ViewLayer | Synchronizing object | Tire.005
Fra:14 Mem:84.63M (Peak 86.08M) | Time:00:00.05 | Mem:0.00M, Peak:0.00M | Scene, ViewLayer | Synchronizing object | Wheel rim.004
Fra:14 Mem:84.63M (Peak 86.08M) | Time:00:00.05 | Mem:0.00M, Peak:0.00M | Scene, ViewLayer | Synchronizing object | Passenger window.003
Fra:14 Mem:84.63M (Peak 86.08M) | Time:00:00.05 | Mem:0.00M, Peak:0.00M | Scene, ViewLayer | Synchronizing object | Tire.004
Fra:14 Mem:84.65M (Peak 86.08M) | Time:00:00.05 | Mem:0.00M, Peak:0.00M | Scene, ViewLayer | Synchronizing object | 119 side marking.003
Fra:14 Mem:84.67M (Peak 86.08M) | Time:00:00.05 | Mem:0.00M, Peak:0.00M | Scene, ViewLayer | Synchronizing object | Passenger window.004
Fra:14 Mem:84.71M (Peak 86.08M) | Time:00:00.05 | Mem:0.00M, Peak:0.00M | Scene, ViewLayer | Synchronizing object | Passenger window.005
Fra:14 Mem:84.75M (Peak 86.08M) | Time:00:00.05 | Mem:0.00M, Peak:0.00M | Scene, ViewLayer | Synchronizing object | Passenger window.006
Fra:14 Mem:84.75M (Peak 86.08M) | Time:00:00.05 | Mem:0.00M, Peak:0.00M | Scene, ViewLayer | Synchronizing object | Medical cross horizontal.001
Fra:14 Mem:84.74M (Peak 86.08M) | Time:00:00.05 | Mem:0.00M, Peak:0.00M | Scene, ViewLayer | Synchronizing object | Passenger window.007
Fra:14 Mem:84.75M (Peak 86.08M) | Time:00:00.05 | Mem:0.00M, Peak:0.00M | Scene, ViewLayer | Synchronizing object | Passenger door
Fra:14 Mem:84.78M (Peak 86.08M) | Time:00:00.05 | Mem:0.00M, Peak:0.00M | Scene, ViewLayer | Synchronizing object | Door window
Fra:14 Mem:84.79M (Peak 86.08M) | Time:00:00.05 | Mem:0.00M, Peak:0.00M | Scene, ViewLayer | Synchronizing object | Medical cross vertical.001
Fra:14 Mem:84.81M (Peak 86.08M) | Time:00:00.05 | Mem:0.00M, Peak:0.00M | Scene, ViewLayer | Synchronizing object | Passenger door.001
Fra:14 Mem:84.80M (Peak 86.08M) | Time:00:00.05 | Mem:0.00M, Peak:0.00M | Scene, ViewLayer | Synchronizing object | Door window.001
Fra:14 Mem:84.84M (Peak 86.08M) | Time:00:00.05 | Mem:0.00M, Peak:0.00M | Scene, ViewLayer | Synchronizing object | Navy belt.001
Fra:14 Mem:84.84M (Peak 86.08M) | Time:00:00.05 | Mem:0.00M, Peak:0.00M | Scene, ViewLayer | Synchronizing object | Patient window.001
Fra:14 Mem:84.87M (Peak 86.08M) | Time:00:00.05 | Mem:0.00M, Peak:0.00M | Scene, ViewLayer | Synchronizing object | Passenger window.008
Fra:14 Mem:84.85M (Peak 86.08M) | Time:00:00.05 | Mem:0.00M, Peak:0.00M | Scene, ViewLayer | Synchronizing object | Passenger window.009
Fra:14 Mem:84.89M (Peak 86.08M) | Time:00:00.05 | Mem:0.00M, Peak:0.00M | Scene, ViewLayer | Synchronizing object | Passenger window.010
Fra:14 Mem:84.90M (Peak 86.08M) | Time:00:00.05 | Mem:0.00M, Peak:0.00M | Scene, ViewLayer | Synchronizing object | Safety stripe.003
Fra:14 Mem:84.91M (Peak 86.08M) | Time:00:00.05 | Mem:0.00M, Peak:0.00M | Scene, ViewLayer | Synchronizing object | Passenger window.011
Fra:14 Mem:84.90M (Peak 86.08M) | Time:00:00.05 | Mem:0.00M, Peak:0.00M | Scene, ViewLayer | Synchronizing object | Passenger window.012
Fra:14 Mem:84.94M (Peak 86.08M) | Time:00:00.05 | Mem:0.00M, Peak:0.00M | Scene, ViewLayer | Synchronizing object | Passenger window.013
Fra:14 Mem:84.94M (Peak 86.08M) | Time:00:00.05 | Mem:0.00M, Peak:0.00M | Scene, ViewLayer | Synchronizing object | Wing mirror.003
Fra:14 Mem:84.96M (Peak 86.08M) | Time:00:00.05 | Mem:0.00M, Peak:0.00M | Scene, ViewLayer | Synchronizing object | Passenger window.014
Fra:14 Mem:84.97M (Peak 86.08M) | Time:00:00.05 | Mem:0.00M, Peak:0.00M | Scene, ViewLayer | Synchronizing object | Passenger window.015
Fra:14 Mem:84.97M (Peak 86.08M) | Time:00:00.05 | Mem:0.00M, Peak:0.00M | Scene, ViewLayer | Synchronizing object | Passenger door.002
Fra:14 Mem:84.98M (Peak 86.08M) | Time:00:00.05 | Mem:0.00M, Peak:0.00M | Scene, ViewLayer | Synchronizing object | Mirror arm.003
Fra:14 Mem:85.00M (Peak 86.08M) | Time:00:00.05 | Mem:0.00M, Peak:0.00M | Scene, ViewLayer | Synchronizing object | Cab handle.003
Fra:14 Mem:85.02M (Peak 86.08M) | Time:00:00.05 | Mem:0.00M, Peak:0.00M | Scene, ViewLayer | Synchronizing object | Door window.002
Fra:14 Mem:85.01M (Peak 86.08M) | Time:00:00.05 | Mem:0.00M, Peak:0.00M | Scene, ViewLayer | Synchronizing object | Passenger door.003
Fra:14 Mem:85.03M (Peak 86.08M) | Time:00:00.05 | Mem:0.00M, Peak:0.00M | Scene, ViewLayer | Synchronizing object | Door window.003
Fra:14 Mem:85.06M (Peak 86.08M) | Time:00:00.05 | Mem:0.00M, Peak:0.00M | Scene, ViewLayer | Synchronizing object | Cab side window.003
Fra:14 Mem:85.08M (Peak 86.08M) | Time:00:00.05 | Mem:0.00M, Peak:0.00M | Scene, ViewLayer | Synchronizing object | Bogie
Fra:14 Mem:85.07M (Peak 86.08M) | Time:00:00.05 | Mem:0.00M, Peak:0.00M | Scene, ViewLayer | Synchronizing object | Steel wheel
Fra:14 Mem:85.07M (Peak 86.08M) | Time:00:00.05 | Mem:0.00M, Peak:0.00M | Scene, ViewLayer | Synchronizing object | Steel wheel.001
Fra:14 Mem:85.10M (Peak 86.08M) | Time:00:00.05 | Mem:0.00M, Peak:0.00M | Scene, ViewLayer | Synchronizing object | Steel wheel.002
Fra:14 Mem:85.08M (Peak 86.08M) | Time:00:00.05 | Mem:0.00M, Peak:0.00M | Scene, ViewLayer | Synchronizing object | Steel wheel.003
Fra:14 Mem:85.08M (Peak 86.08M) | Time:00:00.05 | Mem:0.00M, Peak:0.00M | Scene, ViewLayer | Synchronizing object | Bogie.001
Fra:14 Mem:85.08M (Peak 86.08M) | Time:00:00.05 | Mem:0.00M, Peak:0.00M | Scene, ViewLayer | Synchronizing object | Steel wheel.004
Fra:14 Mem:85.12M (Peak 86.08M) | Time:00:00.05 | Mem:0.00M, Peak:0.00M | Scene, ViewLayer | Synchronizing object | Steel wheel.005
Fra:14 Mem:85.15M (Peak 86.08M) | Time:00:00.05 | Mem:0.00M, Peak:0.00M | Scene, ViewLayer | Synchronizing object | Steel wheel.006
Fra:14 Mem:85.14M (Peak 86.08M) | Time:00:00.05 | Mem:0.00M, Peak:0.00M | Scene, ViewLayer | Synchronizing object | Steel wheel.007
Fra:14 Mem:85.16M (Peak 86.08M) | Time:00:00.05 | Mem:0.00M, Peak:0.00M | Scene, ViewLayer | Synchronizing object | Swept cab windshield
Fra:14 Mem:85.15M (Peak 86.08M) | Time:00:00.05 | Mem:0.00M, Peak:0.00M | Scene, ViewLayer | Synchronizing object | Nose lamp
Fra:14 Mem:85.15M (Peak 86.08M) | Time:00:00.05 | Mem:0.00M, Peak:0.00M | Scene, ViewLayer | Synchronizing object | Service identification
Fra:14 Mem:85.20M (Peak 86.08M) | Time:00:00.05 | Mem:0.00M, Peak:0.00M | Scene, ViewLayer | Synchronizing object | Aerodynamic shell.001
Fra:14 Mem:85.26M (Peak 86.08M) | Time:00:00.05 | Mem:0.00M, Peak:0.00M | Scene, ViewLayer | Synchronizing object | Medical cross vertical
Fra:14 Mem:85.29M (Peak 86.08M) | Time:00:00.05 | Mem:0.00M, Peak:0.00M | Scene, ViewLayer | Synchronizing object | Underframe.001
Fra:14 Mem:85.30M (Peak 86.08M) | Time:00:00.05 | Mem:0.00M, Peak:0.00M | Scene, ViewLayer | Synchronizing object | Navy belt.002
Fra:14 Mem:85.31M (Peak 86.08M) | Time:00:00.05 | Mem:0.00M, Peak:0.00M | Scene, ViewLayer | Synchronizing object | Patient window
Fra:14 Mem:85.33M (Peak 86.08M) | Time:00:00.05 | Mem:0.00M, Peak:0.00M | Scene, ViewLayer | Synchronizing object | Passenger window.016
Fra:14 Mem:85.31M (Peak 86.08M) | Time:00:00.05 | Mem:0.00M, Peak:0.00M | Scene, ViewLayer | Synchronizing object | Passenger window.017
Fra:14 Mem:85.34M (Peak 86.08M) | Time:00:00.05 | Mem:0.00M, Peak:0.00M | Scene, ViewLayer | Synchronizing object | Safety stripe.002
Fra:14 Mem:85.39M (Peak 86.08M) | Time:00:00.05 | Mem:0.00M, Peak:0.00M | Scene, ViewLayer | Synchronizing object | Passenger window.018
Fra:14 Mem:85.35M (Peak 86.08M) | Time:00:00.05 | Mem:0.00M, Peak:0.00M | Scene, ViewLayer | Synchronizing object | Passenger window.019
Fra:14 Mem:85.36M (Peak 86.08M) | Time:00:00.05 | Mem:0.00M, Peak:0.00M | Scene, ViewLayer | Synchronizing object | Passenger window.020
Fra:14 Mem:85.40M (Peak 86.08M) | Time:00:00.05 | Mem:0.00M, Peak:0.00M | Scene, ViewLayer | Synchronizing object | Wing mirror.002
Fra:14 Mem:85.42M (Peak 86.08M) | Time:00:00.05 | Mem:0.00M, Peak:0.00M | Scene, ViewLayer | Synchronizing object | Passenger window.021
Fra:14 Mem:85.41M (Peak 86.08M) | Time:00:00.05 | Mem:0.00M, Peak:0.00M | Scene, ViewLayer | Synchronizing object | Passenger window.022
Fra:14 Mem:85.42M (Peak 86.08M) | Time:00:00.05 | Mem:0.00M, Peak:0.00M | Scene, ViewLayer | Synchronizing object | Passenger window.023
Fra:14 Mem:85.44M (Peak 86.08M) | Time:00:00.05 | Mem:0.00M, Peak:0.00M | Scene, ViewLayer | Synchronizing object | Mirror arm.002
Fra:14 Mem:85.44M (Peak 86.08M) | Time:00:00.05 | Mem:0.00M, Peak:0.00M | Scene, ViewLayer | Synchronizing object | Cab handle.002
Fra:14 Mem:85.47M (Peak 86.08M) | Time:00:00.05 | Mem:0.00M, Peak:0.00M | Scene, ViewLayer | Synchronizing object | Passenger door.004
Fra:14 Mem:85.47M (Peak 86.08M) | Time:00:00.05 | Mem:0.00M, Peak:0.00M | Scene, ViewLayer | Synchronizing object | Door window.004
Fra:14 Mem:85.48M (Peak 86.08M) | Time:00:00.05 | Mem:0.00M, Peak:0.00M | Scene, ViewLayer | Synchronizing object | Passenger door.005
Fra:14 Mem:85.50M (Peak 86.08M) | Time:00:00.05 | Mem:0.00M, Peak:0.00M | Scene, ViewLayer | Synchronizing object | Cab side window.002
Fra:14 Mem:85.52M (Peak 86.08M) | Time:00:00.05 | Mem:0.00M, Peak:0.00M | Scene, ViewLayer | Synchronizing object | Door window.005
Fra:14 Mem:85.54M (Peak 86.08M) | Time:00:00.05 | Mem:0.00M, Peak:0.00M | Scene, ViewLayer | Synchronizing object | Navy belt.003
Fra:14 Mem:85.54M (Peak 86.08M) | Time:00:00.05 | Mem:0.00M, Peak:0.00M | Scene, ViewLayer | Synchronizing object | Passenger window.024
Fra:14 Mem:85.54M (Peak 86.08M) | Time:00:00.05 | Mem:0.00M, Peak:0.00M | Scene, ViewLayer | Synchronizing object | Windscreen.001
Fra:14 Mem:85.57M (Peak 86.08M) | Time:00:00.05 | Mem:0.00M, Peak:0.00M | Scene, ViewLayer | Synchronizing object | Sloped crew cab.001
Fra:14 Mem:85.55M (Peak 86.08M) | Time:00:00.05 | Mem:0.00M, Peak:0.00M | Scene, ViewLayer | Synchronizing object | Passenger window.025
Fra:14 Mem:85.58M (Peak 86.08M) | Time:00:00.05 | Mem:0.00M, Peak:0.00M | Scene, ViewLayer | Synchronizing object | Passenger window.026
Fra:14 Mem:85.61M (Peak 86.08M) | Time:00:00.05 | Mem:0.00M, Peak:0.00M | Scene, ViewLayer | Synchronizing object | Passenger window.027
Fra:14 Mem:85.61M (Peak 86.08M) | Time:00:00.05 | Mem:0.00M, Peak:0.00M | Scene, ViewLayer | Synchronizing object | Equipment body.001
Fra:14 Mem:85.61M (Peak 86.08M) | Time:00:00.05 | Mem:0.00M, Peak:0.00M | Scene, ViewLayer | Synchronizing object | Passenger window.028
Fra:14 Mem:85.62M (Peak 86.08M) | Time:00:00.05 | Mem:0.00M, Peak:0.00M | Scene, ViewLayer | Synchronizing object | Passenger window.029
Fra:14 Mem:85.65M (Peak 86.08M) | Time:00:00.05 | Mem:0.00M, Peak:0.00M | Scene, ViewLayer | Synchronizing object | Passenger window.030
Fra:14 Mem:85.65M (Peak 86.08M) | Time:00:00.05 | Mem:0.00M, Peak:0.00M | Scene, ViewLayer | Synchronizing object | Chassis.001
Fra:14 Mem:85.68M (Peak 86.08M) | Time:00:00.05 | Mem:0.00M, Peak:0.00M | Scene, ViewLayer | Synchronizing object | Passenger window.031
Fra:14 Mem:85.68M (Peak 86.08M) | Time:00:00.05 | Mem:0.00M, Peak:0.00M | Scene, ViewLayer | Synchronizing object | Passenger door.006
Fra:14 Mem:85.71M (Peak 86.08M) | Time:00:00.05 | Mem:0.00M, Peak:0.00M | Scene, ViewLayer | Synchronizing object | Door window.006
Fra:14 Mem:85.70M (Peak 86.08M) | Time:00:00.05 | Mem:0.00M, Peak:0.00M | Scene, ViewLayer | Synchronizing object | Water monitor
Fra:14 Mem:85.72M (Peak 86.08M) | Time:00:00.05 | Mem:0.00M, Peak:0.00M | Scene, ViewLayer | Synchronizing object | Passenger door.007
Fra:14 Mem:85.71M (Peak 86.08M) | Time:00:00.05 | Mem:0.00M, Peak:0.00M | Scene, ViewLayer | Synchronizing object | Hose reel
Fra:14 Mem:85.73M (Peak 86.08M) | Time:00:00.05 | Mem:0.00M, Peak:0.00M | Scene, ViewLayer | Synchronizing object | Door window.007
Fra:14 Mem:85.74M (Peak 86.08M) | Time:00:00.05 | Mem:0.00M, Peak:0.00M | Scene, ViewLayer | Synchronizing object | Roof ladder rung.010
Fra:14 Mem:85.76M (Peak 86.08M) | Time:00:00.05 | Mem:0.00M, Peak:0.00M | Scene, ViewLayer | Synchronizing object | Roof ladder rung.009
Fra:14 Mem:85.76M (Peak 86.08M) | Time:00:00.05 | Mem:0.00M, Peak:0.00M | Scene, ViewLayer | Synchronizing object | Bogie.002
Fra:14 Mem:85.76M (Peak 86.08M) | Time:00:00.05 | Mem:0.00M, Peak:0.00M | Scene, ViewLayer | Synchronizing object | Roof ladder rung.008
Fra:14 Mem:85.77M (Peak 86.08M) | Time:00:00.05 | Mem:0.00M, Peak:0.00M | Scene, ViewLayer | Synchronizing object | Steel wheel.008
Fra:14 Mem:85.78M (Peak 86.08M) | Time:00:00.05 | Mem:0.00M, Peak:0.00M | Scene, ViewLayer | Synchronizing object | Roof ladder rung.007
Fra:14 Mem:85.77M (Peak 86.08M) | Time:00:00.05 | Mem:0.00M, Peak:0.00M | Scene, ViewLayer | Synchronizing object | Steel wheel.009
Fra:14 Mem:85.77M (Peak 86.08M) | Time:00:00.05 | Mem:0.00M, Peak:0.00M | Scene, ViewLayer | Synchronizing object | Roof ladder rung.006
Fra:14 Mem:85.77M (Peak 86.08M) | Time:00:00.05 | Mem:0.00M, Peak:0.00M | Scene, ViewLayer | Synchronizing object | Steel wheel.011
Fra:14 Mem:85.77M (Peak 86.08M) | Time:00:00.05 | Mem:0.00M, Peak:0.00M | Scene, ViewLayer | Synchronizing object | Bogie.003
Fra:14 Mem:85.78M (Peak 86.08M) | Time:00:00.05 | Mem:0.00M, Peak:0.00M | Scene, ViewLayer | Synchronizing object | Steel wheel.013
Fra:14 Mem:85.80M (Peak 86.08M) | Time:00:00.05 | Mem:0.00M, Peak:0.00M | Scene, ViewLayer | Synchronizing object | Roof ladder rung.005
Fra:14 Mem:85.80M (Peak 86.08M) | Time:00:00.05 | Mem:0.00M, Peak:0.00M | Scene, ViewLayer | Synchronizing object | Steel wheel.014
Fra:14 Mem:85.81M (Peak 86.08M) | Time:00:00.05 | Mem:0.00M, Peak:0.00M | Scene, ViewLayer | Synchronizing object | Steel wheel.015
Fra:14 Mem:85.81M (Peak 86.08M) | Time:00:00.05 | Mem:0.00M, Peak:0.00M | Scene, ViewLayer | Synchronizing object | Roof ladder rung.004
Fra:14 Mem:85.81M (Peak 86.08M) | Time:00:00.05 | Mem:0.00M, Peak:0.00M | Scene, ViewLayer | Synchronizing object | Equipment body
Fra:14 Mem:85.83M (Peak 86.08M) | Time:00:00.05 | Mem:0.00M, Peak:0.00M | Scene, ViewLayer | Synchronizing object | Roof ladder rung.003
Fra:14 Mem:85.85M (Peak 86.08M) | Time:00:00.05 | Mem:0.00M, Peak:0.00M | Scene, ViewLayer | Synchronizing object | Sloped crew cab
Fra:14 Mem:85.85M (Peak 86.08M) | Time:00:00.05 | Mem:0.00M, Peak:0.00M | Scene, ViewLayer | Synchronizing object | Roof ladder rung.002
Fra:14 Mem:85.88M (Peak 86.08M) | Time:00:00.05 | Mem:0.00M, Peak:0.00M | Scene, ViewLayer | Synchronizing object | Roof ladder rung.001
Fra:14 Mem:85.90M (Peak 86.08M) | Time:00:00.05 | Mem:0.00M, Peak:0.00M | Scene, ViewLayer | Synchronizing object | Roof ladder rung
Fra:14 Mem:85.87M (Peak 86.08M) | Time:00:00.05 | Mem:0.00M, Peak:0.00M | Scene, ViewLayer | Synchronizing object | Cab side window
Fra:14 Mem:85.88M (Peak 86.08M) | Time:00:00.05 | Mem:0.00M, Peak:0.00M | Scene, ViewLayer | Synchronizing object | Roof ladder rail.001
Fra:14 Mem:85.90M (Peak 86.08M) | Time:00:00.05 | Mem:0.00M, Peak:0.00M | Scene, ViewLayer | Synchronizing object | Cab handle
Fra:14 Mem:85.90M (Peak 86.08M) | Time:00:00.05 | Mem:0.00M, Peak:0.00M | Scene, ViewLayer | Synchronizing object | Roof ladder rail
Fra:14 Mem:85.94M (Peak 86.08M) | Time:00:00.05 | Mem:0.00M, Peak:0.00M | Scene, ViewLayer | Synchronizing object | Emergency beacon.001
Fra:14 Mem:85.91M (Peak 86.08M) | Time:00:00.05 | Mem:0.00M, Peak:0.00M | Scene, ViewLayer | Synchronizing object | Mirror arm
Fra:14 Mem:85.93M (Peak 86.08M) | Time:00:00.05 | Mem:0.00M, Peak:0.00M | Scene, ViewLayer | Synchronizing object | Wing mirror
Fra:14 Mem:85.94M (Peak 86.08M) | Time:00:00.05 | Mem:0.00M, Peak:0.00M | Scene, ViewLayer | Synchronizing object | Safety stripe
Fra:14 Mem:85.97M (Peak 86.08M) | Time:00:00.05 | Mem:0.00M, Peak:0.00M | Scene, ViewLayer | Synchronizing object | Roller equipment shutter
Fra:14 Mem:85.97M (Peak 86.08M) | Time:00:00.05 | Mem:0.00M, Peak:0.00M | Scene, ViewLayer | Synchronizing object | Emergency beacon
Fra:14 Mem:86.01M (Peak 86.08M) | Time:00:00.05 | Mem:0.00M, Peak:0.00M | Scene, ViewLayer | Synchronizing object | Shutter rib
Fra:14 Mem:85.99M (Peak 86.08M) | Time:00:00.05 | Mem:0.00M, Peak:0.00M | Scene, ViewLayer | Synchronizing object | Shutter rib.001
Fra:14 Mem:86.02M (Peak 86.08M) | Time:00:00.05 | Mem:0.00M, Peak:0.00M | Scene, ViewLayer | Synchronizing object | Shutter rib.002
Fra:14 Mem:86.02M (Peak 86.08M) | Time:00:00.05 | Mem:0.00M, Peak:0.00M | Scene, ViewLayer | Synchronizing object | Lightbar housing
Fra:14 Mem:86.04M (Peak 86.08M) | Time:00:00.05 | Mem:0.00M, Peak:0.00M | Scene, ViewLayer | Synchronizing object | Shutter rib.003
Fra:14 Mem:86.04M (Peak 86.08M) | Time:00:00.05 | Mem:0.00M, Peak:0.00M | Scene, ViewLayer | Synchronizing object | Shutter rib.004
Fra:14 Mem:86.08M (Peak 86.08M) | Time:00:00.05 | Mem:0.00M, Peak:0.00M | Scene, ViewLayer | Synchronizing object | Shutter rib.005
Fra:14 Mem:86.07M (Peak 86.08M) | Time:00:00.05 | Mem:0.00M, Peak:0.00M | Scene, ViewLayer | Synchronizing object | Headlamp.001
Fra:14 Mem:86.09M (Peak 86.09M) | Time:00:00.05 | Mem:0.00M, Peak:0.00M | Scene, ViewLayer | Synchronizing object | Shutter rib.006
Fra:14 Mem:86.09M (Peak 86.09M) | Time:00:00.05 | Mem:0.00M, Peak:0.00M | Scene, ViewLayer | Synchronizing object | Shutter latch
Fra:14 Mem:86.12M (Peak 86.12M) | Time:00:00.05 | Mem:0.00M, Peak:0.00M | Scene, ViewLayer | Synchronizing object | Roller equipment shutter.001
Fra:14 Mem:86.12M (Peak 86.12M) | Time:00:00.05 | Mem:0.00M, Peak:0.00M | Scene, ViewLayer | Synchronizing object | Headlamp
Fra:14 Mem:86.14M (Peak 86.14M) | Time:00:00.05 | Mem:0.00M, Peak:0.00M | Scene, ViewLayer | Synchronizing object | Shutter rib.007
Fra:14 Mem:86.14M (Peak 86.14M) | Time:00:00.05 | Mem:0.00M, Peak:0.00M | Scene, ViewLayer | Synchronizing object | Shutter rib.008
Fra:14 Mem:86.18M (Peak 86.18M) | Time:00:00.05 | Mem:0.00M, Peak:0.00M | Scene, ViewLayer | Synchronizing object | Shutter rib.009
Fra:14 Mem:86.17M (Peak 86.18M) | Time:00:00.05 | Mem:0.00M, Peak:0.00M | Scene, ViewLayer | Synchronizing object | Radiator grille
Fra:14 Mem:86.20M (Peak 86.20M) | Time:00:00.05 | Mem:0.00M, Peak:0.00M | Scene, ViewLayer | Synchronizing object | Shutter rib.010
Fra:14 Mem:86.19M (Peak 86.20M) | Time:00:00.05 | Mem:0.00M, Peak:0.00M | Scene, ViewLayer | Synchronizing object | Shutter rib.011
Fra:14 Mem:86.22M (Peak 86.22M) | Time:00:00.05 | Mem:0.00M, Peak:0.00M | Scene, ViewLayer | Synchronizing object | Shutter rib.012
Fra:14 Mem:86.22M (Peak 86.22M) | Time:00:00.05 | Mem:0.00M, Peak:0.00M | Scene, ViewLayer | Synchronizing object | Front bumper
Fra:14 Mem:86.25M (Peak 86.25M) | Time:00:00.05 | Mem:0.00M, Peak:0.00M | Scene, ViewLayer | Synchronizing object | Shutter rib.013
Fra:14 Mem:86.26M (Peak 86.26M) | Time:00:00.05 | Mem:0.00M, Peak:0.00M | Scene, ViewLayer | Synchronizing object | Shutter latch.001
Fra:14 Mem:86.27M (Peak 86.27M) | Time:00:00.05 | Mem:0.00M, Peak:0.00M | Scene, ViewLayer | Synchronizing object | Wheel rim.003
Fra:14 Mem:86.28M (Peak 86.28M) | Time:00:00.05 | Mem:0.00M, Peak:0.00M | Scene, ViewLayer | Synchronizing object | Roller equipment shutter.002
Fra:14 Mem:86.27M (Peak 86.28M) | Time:00:00.05 | Mem:0.00M, Peak:0.00M | Scene, ViewLayer | Synchronizing object | Tire.003
Fra:14 Mem:86.29M (Peak 86.29M) | Time:00:00.05 | Mem:0.00M, Peak:0.00M | Scene, ViewLayer | Synchronizing object | Shutter rib.014
Fra:14 Mem:86.30M (Peak 86.30M) | Time:00:00.05 | Mem:0.00M, Peak:0.00M | Scene, ViewLayer | Synchronizing object | Wheel rim.002
Fra:14 Mem:86.30M (Peak 86.30M) | Time:00:00.05 | Mem:0.00M, Peak:0.00M | Scene, ViewLayer | Synchronizing object | Shutter rib.015
Fra:14 Mem:86.31M (Peak 86.31M) | Time:00:00.05 | Mem:0.00M, Peak:0.00M | Scene, ViewLayer | Synchronizing object | Tire.002
Fra:14 Mem:86.33M (Peak 86.33M) | Time:00:00.05 | Mem:0.00M, Peak:0.00M | Scene, ViewLayer | Synchronizing object | Wheel rim.001
Fra:14 Mem:86.32M (Peak 86.33M) | Time:00:00.05 | Mem:0.00M, Peak:0.00M | Scene, ViewLayer | Synchronizing object | Shutter rib.016
Fra:14 Mem:86.34M (Peak 86.34M) | Time:00:00.05 | Mem:0.00M, Peak:0.00M | Scene, ViewLayer | Synchronizing object | Tire.001
Fra:14 Mem:86.34M (Peak 86.34M) | Time:00:00.05 | Mem:0.00M, Peak:0.00M | Scene, ViewLayer | Synchronizing object | Shutter rib.017
Fra:14 Mem:86.36M (Peak 86.36M) | Time:00:00.05 | Mem:0.00M, Peak:0.00M | Scene, ViewLayer | Synchronizing object | Wheel rim
Fra:14 Mem:86.37M (Peak 86.37M) | Time:00:00.05 | Mem:0.00M, Peak:0.00M | Scene, ViewLayer | Synchronizing object | Tire
Fra:14 Mem:86.36M (Peak 86.37M) | Time:00:00.05 | Mem:0.00M, Peak:0.00M | Scene, ViewLayer | Synchronizing object | Shutter rib.018
Fra:14 Mem:86.37M (Peak 86.37M) | Time:00:00.05 | Mem:0.00M, Peak:0.00M | Scene, ViewLayer | Synchronizing object | 119 side marking.001
Fra:14 Mem:86.43M (Peak 86.43M) | Time:00:00.05 | Mem:0.00M, Peak:0.00M | Scene, ViewLayer | Synchronizing object | Shutter rib.019
Fra:14 Mem:86.42M (Peak 86.43M) | Time:00:00.05 | Mem:0.00M, Peak:0.00M | Scene, ViewLayer | Synchronizing object | Shutter rib.020
Fra:14 Mem:86.46M (Peak 86.46M) | Time:00:00.05 | Mem:0.00M, Peak:0.00M | Scene, ViewLayer | Synchronizing object | Shutter latch.005
Fra:14 Mem:86.46M (Peak 86.46M) | Time:00:00.05 | Mem:0.00M, Peak:0.00M | Scene, ViewLayer | Synchronizing object | Shutter latch.002
Fra:14 Mem:86.49M (Peak 86.49M) | Time:00:00.05 | Mem:0.00M, Peak:0.00M | Scene, ViewLayer | Synchronizing object | 119 side marking
Fra:14 Mem:86.51M (Peak 86.51M) | Time:00:00.05 | Mem:0.00M, Peak:0.00M | Scene, ViewLayer | Synchronizing object | Cab side window.001
Fra:14 Mem:86.53M (Peak 86.53M) | Time:00:00.05 | Mem:0.00M, Peak:0.00M | Scene, ViewLayer | Synchronizing object | Shutter rib.041
Fra:14 Mem:86.54M (Peak 86.54M) | Time:00:00.05 | Mem:0.00M, Peak:0.00M | Scene, ViewLayer | Synchronizing object | Cab handle.001
Fra:14 Mem:86.57M (Peak 86.57M) | Time:00:00.05 | Mem:0.00M, Peak:0.00M | Scene, ViewLayer | Synchronizing object | Mirror arm.001
Fra:14 Mem:86.59M (Peak 86.59M) | Time:00:00.05 | Mem:0.00M, Peak:0.00M | Scene, ViewLayer | Synchronizing object | Wing mirror.001
Fra:14 Mem:86.58M (Peak 86.59M) | Time:00:00.05 | Mem:0.00M, Peak:0.00M | Scene, ViewLayer | Synchronizing object | Safety stripe.001
Fra:14 Mem:86.60M (Peak 86.60M) | Time:00:00.05 | Mem:0.00M, Peak:0.00M | Scene, ViewLayer | Synchronizing object | Shutter rib.040
Fra:14 Mem:86.62M (Peak 86.62M) | Time:00:00.05 | Mem:0.00M, Peak:0.00M | Scene, ViewLayer | Synchronizing object | Roller equipment shutter.003
Fra:14 Mem:86.63M (Peak 86.63M) | Time:00:00.05 | Mem:0.00M, Peak:0.00M | Scene, ViewLayer | Synchronizing object | Shutter rib.021
Fra:14 Mem:86.63M (Peak 86.63M) | Time:00:00.05 | Mem:0.00M, Peak:0.00M | Scene, ViewLayer | Synchronizing object | Shutter rib.022
Fra:14 Mem:86.65M (Peak 86.65M) | Time:00:00.05 | Mem:0.00M, Peak:0.00M | Scene, ViewLayer | Synchronizing object | Shutter rib.039
Fra:14 Mem:86.67M (Peak 86.67M) | Time:00:00.05 | Mem:0.00M, Peak:0.00M | Scene, ViewLayer | Synchronizing object | Shutter rib.023
Fra:14 Mem:86.68M (Peak 86.68M) | Time:00:00.05 | Mem:0.00M, Peak:0.00M | Scene, ViewLayer | Synchronizing object | Shutter rib.024
Fra:14 Mem:86.69M (Peak 86.69M) | Time:00:00.05 | Mem:0.00M, Peak:0.00M | Scene, ViewLayer | Synchronizing object | Shutter rib.025
Fra:14 Mem:86.70M (Peak 86.70M) | Time:00:00.05 | Mem:0.00M, Peak:0.00M | Scene, ViewLayer | Synchronizing object | Shutter rib.038
Fra:14 Mem:86.73M (Peak 86.73M) | Time:00:00.05 | Mem:0.00M, Peak:0.00M | Scene, ViewLayer | Synchronizing object | Shutter rib.026
Fra:14 Mem:86.72M (Peak 86.73M) | Time:00:00.05 | Mem:0.00M, Peak:0.00M | Scene, ViewLayer | Synchronizing object | Shutter rib.027
Fra:14 Mem:86.76M (Peak 86.76M) | Time:00:00.05 | Mem:0.00M, Peak:0.00M | Scene, ViewLayer | Synchronizing object | Shutter latch.003
Fra:14 Mem:86.75M (Peak 86.76M) | Time:00:00.05 | Mem:0.00M, Peak:0.00M | Scene, ViewLayer | Synchronizing object | Shutter rib.037
Fra:14 Mem:86.77M (Peak 86.77M) | Time:00:00.05 | Mem:0.00M, Peak:0.00M | Scene, ViewLayer | Synchronizing object | Roller equipment shutter.004
Fra:14 Mem:86.77M (Peak 86.77M) | Time:00:00.05 | Mem:0.00M, Peak:0.00M | Scene, ViewLayer | Synchronizing object | Shutter rib.028
Fra:14 Mem:86.80M (Peak 86.80M) | Time:00:00.05 | Mem:0.00M, Peak:0.00M | Scene, ViewLayer | Synchronizing object | Shutter rib.036
Fra:14 Mem:86.79M (Peak 86.80M) | Time:00:00.05 | Mem:0.00M, Peak:0.00M | Scene, ViewLayer | Synchronizing object | Shutter rib.029
Fra:14 Mem:86.83M (Peak 86.83M) | Time:00:00.05 | Mem:0.00M, Peak:0.00M | Scene, ViewLayer | Synchronizing object | Shutter rib.030
Fra:14 Mem:86.83M (Peak 86.83M) | Time:00:00.05 | Mem:0.00M, Peak:0.00M | Scene, ViewLayer | Synchronizing object | Shutter rib.031
Fra:14 Mem:86.86M (Peak 86.86M) | Time:00:00.05 | Mem:0.00M, Peak:0.00M | Scene, ViewLayer | Synchronizing object | Shutter rib.035
Fra:14 Mem:86.85M (Peak 86.86M) | Time:00:00.05 | Mem:0.00M, Peak:0.00M | Scene, ViewLayer | Synchronizing object | Shutter rib.032
Fra:14 Mem:86.88M (Peak 86.88M) | Time:00:00.05 | Mem:0.00M, Peak:0.00M | Scene, ViewLayer | Synchronizing object | Shutter rib.033
Fra:14 Mem:86.88M (Peak 86.88M) | Time:00:00.05 | Mem:0.00M, Peak:0.00M | Scene, ViewLayer | Synchronizing object | Shutter rib.034
Fra:14 Mem:86.91M (Peak 86.91M) | Time:00:00.05 | Mem:0.00M, Peak:0.00M | Scene, ViewLayer | Synchronizing object | Roller equipment shutter.005
Fra:14 Mem:86.90M (Peak 86.91M) | Time:00:00.05 | Mem:0.00M, Peak:0.00M | Scene, ViewLayer | Synchronizing object | Shutter latch.004
Fra:14 Mem:86.91M (Peak 86.91M) | Time:00:00.05 | Mem:0.00M, Peak:0.00M | Scene, ViewLayer | Initializing
Fra:14 Mem:59.98M (Peak 86.91M) | Time:00:00.06 | Mem:0.00M, Peak:0.00M | Scene, ViewLayer | Waiting for render to start
Fra:14 Mem:59.98M (Peak 86.91M) | Time:00:00.06 | Mem:0.00M, Peak:0.00M | Scene, ViewLayer | Updating Scene
Fra:14 Mem:59.98M (Peak 86.91M) | Time:00:00.06 | Mem:0.00M, Peak:0.00M | Scene, ViewLayer | Updating Shaders
Fra:14 Mem:59.98M (Peak 86.91M) | Time:00:00.06 | Mem:0.00M, Peak:0.00M | Scene, ViewLayer | Loading render kernels (may take a few minutes the first time)
Fra:14 Mem:60.07M (Peak 86.91M) | Time:00:00.06 | Mem:0.01M, Peak:0.01M | Scene, ViewLayer | Updating Procedurals
Fra:14 Mem:60.07M (Peak 86.91M) | Time:00:00.06 | Mem:0.01M, Peak:0.01M | Scene, ViewLayer | Updating Background
Fra:14 Mem:60.07M (Peak 86.91M) | Time:00:00.06 | Mem:0.01M, Peak:0.01M | Scene, ViewLayer | Updating Camera
Fra:14 Mem:60.07M (Peak 86.91M) | Time:00:00.06 | Mem:0.01M, Peak:0.01M | Scene, ViewLayer | Updating Meshes Flags
Fra:14 Mem:60.07M (Peak 86.91M) | Time:00:00.06 | Mem:0.01M, Peak:0.01M | Scene, ViewLayer | Updating Objects
Fra:14 Mem:60.07M (Peak 86.91M) | Time:00:00.06 | Mem:0.01M, Peak:0.01M | Scene, ViewLayer | Updating Objects | Copying Transformations to device
Fra:14 Mem:60.23M (Peak 86.91M) | Time:00:00.06 | Mem:0.16M, Peak:0.16M | Scene, ViewLayer | Updating Particle Systems
Fra:14 Mem:60.23M (Peak 86.91M) | Time:00:00.06 | Mem:0.16M, Peak:0.16M | Scene, ViewLayer | Updating Particle Systems | Copying Particles to device
Fra:14 Mem:60.23M (Peak 86.91M) | Time:00:00.06 | Mem:0.16M, Peak:0.16M | Scene, ViewLayer | Updating Meshes
Fra:14 Mem:60.23M (Peak 86.91M) | Time:00:00.06 | Mem:0.16M, Peak:0.16M | Scene, ViewLayer | Updating Objects | Applying Static Transformations
Fra:14 Mem:60.23M (Peak 86.91M) | Time:00:00.06 | Mem:0.16M, Peak:0.16M | Scene, ViewLayer | Updating Mesh | Computing attributes
Fra:14 Mem:61.27M (Peak 86.91M) | Time:00:00.06 | Mem:0.20M, Peak:0.20M | Scene, ViewLayer | Updating Mesh | Copying Attributes to device
Fra:14 Mem:61.19M (Peak 86.91M) | Time:00:00.06 | Mem:1.13M, Peak:1.13M | Scene, ViewLayer | Updating Scene BVH | Building
Fra:14 Mem:61.20M (Peak 86.91M) | Time:00:00.06 | Mem:1.13M, Peak:1.13M | Scene, ViewLayer | Updating Scene BVH | Building BVH
Fra:14 Mem:61.20M (Peak 86.91M) | Time:00:00.06 | Mem:2.96M, Peak:2.96M | Scene, ViewLayer | Updating Scene BVH | Building BVH 0%
Fra:14 Mem:61.20M (Peak 86.91M) | Time:00:00.07 | Mem:5.14M, Peak:6.97M | Scene, ViewLayer | Updating Scene BVH | Copying BVH to device
Fra:14 Mem:61.20M (Peak 86.91M) | Time:00:00.07 | Mem:5.14M, Peak:6.97M | Scene, ViewLayer | Updating Mesh | Computing normals
Fra:14 Mem:63.97M (Peak 86.91M) | Time:00:00.07 | Mem:5.14M, Peak:6.97M | Scene, ViewLayer | Updating Mesh | Copying Mesh to device
Fra:14 Mem:63.97M (Peak 86.91M) | Time:00:00.07 | Mem:7.90M, Peak:7.90M | Scene, ViewLayer | Updating Objects Flags
Fra:14 Mem:63.97M (Peak 86.91M) | Time:00:00.07 | Mem:7.91M, Peak:7.91M | Scene, ViewLayer | Updating Primitive Offsets
Fra:14 Mem:63.97M (Peak 86.91M) | Time:00:00.07 | Mem:7.91M, Peak:7.91M | Scene, ViewLayer | Updating Images
Fra:14 Mem:63.97M (Peak 86.91M) | Time:00:00.07 | Mem:7.91M, Peak:7.91M | Scene, ViewLayer | Updating Images | Loading Metal032_1K-JPG_Color.jpg
Fra:14 Mem:67.97M (Peak 86.91M) | Time:00:00.07 | Mem:7.91M, Peak:7.91M | Scene, ViewLayer | Updating Images | Loading Concrete031_1K-JPG_Color.jpg
Fra:14 Mem:71.98M (Peak 86.91M) | Time:00:00.08 | Mem:15.91M, Peak:15.91M | Scene, ViewLayer | Updating Camera Volume
Fra:14 Mem:71.98M (Peak 86.91M) | Time:00:00.08 | Mem:15.91M, Peak:15.91M | Scene, ViewLayer | Updating Lookup Tables
Fra:14 Mem:71.98M (Peak 86.91M) | Time:00:00.08 | Mem:15.99M, Peak:15.99M | Scene, ViewLayer | Updating Lights
Fra:14 Mem:71.98M (Peak 86.91M) | Time:00:00.08 | Mem:15.99M, Peak:15.99M | Scene, ViewLayer | Updating Lights | Computing tree
Fra:14 Mem:71.99M (Peak 86.91M) | Time:00:00.08 | Mem:16.00M, Peak:16.00M | Scene, ViewLayer | Updating Integrator
Fra:14 Mem:71.99M (Peak 86.91M) | Time:00:00.08 | Mem:16.00M, Peak:16.00M | Scene, ViewLayer | Updating Film
Fra:14 Mem:71.99M (Peak 86.91M) | Time:00:00.08 | Mem:15.92M, Peak:16.00M | Scene, ViewLayer | Updating Lookup Tables
Fra:14 Mem:71.99M (Peak 86.91M) | Time:00:00.08 | Mem:16.00M, Peak:16.00M | Scene, ViewLayer | Updating Baking
Fra:14 Mem:71.99M (Peak 86.91M) | Time:00:00.08 | Mem:16.00M, Peak:16.00M | Scene, ViewLayer | Updating Device | Writing constant memory
Fra:14 Mem:72.00M (Peak 86.91M) | Time:00:00.08 | Mem:16.00M, Peak:16.00M | Scene, ViewLayer | Loading denoising kernels (may take a few minutes the first time)
Fra:14 Mem:72.00M (Peak 86.91M) | Time:00:00.08 | Mem:16.00M, Peak:16.00M | Scene, ViewLayer | Sample 0/24
Fra:14 Mem:300.05M (Peak 300.05M) | Time:00:01.07 | Remaining:00:22.61 | Mem:244.01M, Peak:244.01M | Scene, ViewLayer | Sample 1/24
Fra:14 Mem:396.05M (Peak 540.05M) | Time:00:34.12 | Mem:244.01M, Peak:244.01M | Scene, ViewLayer | Sample 24/24
Fra:14 Mem:396.05M (Peak 540.05M) | Time:00:34.12 | Mem:244.01M, Peak:244.01M | Scene, ViewLayer | Finished
Saved: '/Users/um-yunsang/CHOOGuard/art/blender/response-set-contact.png'
Time: 00:34.39 (Saving: 00:00.26)

Fra:14 Mem:81.50M (Peak 81.50M) | Time:00:00.03 | Mem:0.00M, Peak:0.00M | Scene, ViewLayer | Synchronizing object | Area
Fra:14 Mem:81.50M (Peak 81.50M) | Time:00:00.03 | Mem:0.00M, Peak:0.00M | Scene, ViewLayer | Synchronizing object | Glazed bay.001
Fra:14 Mem:81.50M (Peak 81.50M) | Time:00:00.03 | Mem:0.00M, Peak:0.00M | Scene, ViewLayer | Synchronizing object | Glazed bay.002
Fra:14 Mem:81.54M (Peak 81.54M) | Time:00:00.03 | Mem:0.00M, Peak:0.00M | Scene, ViewLayer | Synchronizing object | Horizontal mullion
Fra:14 Mem:81.55M (Peak 81.55M) | Time:00:00.03 | Mem:0.00M, Peak:0.00M | Scene, ViewLayer | Synchronizing object | Horizontal mullion.003
Fra:14 Mem:81.55M (Peak 81.55M) | Time:00:00.03 | Mem:0.00M, Peak:0.00M | Scene, ViewLayer | Synchronizing object | Horizontal mullion.004
Fra:14 Mem:81.55M (Peak 81.55M) | Time:00:00.03 | Mem:0.00M, Peak:0.00M | Scene, ViewLayer | Synchronizing object | Horizontal mullion.005
Fra:14 Mem:81.56M (Peak 81.56M) | Time:00:00.03 | Mem:0.00M, Peak:0.00M | Scene, ViewLayer | Synchronizing object | Horizontal mullion.006
Fra:14 Mem:81.56M (Peak 81.56M) | Time:00:00.03 | Mem:0.00M, Peak:0.00M | Scene, ViewLayer | Synchronizing object | Vertical mullion.001
Fra:14 Mem:81.56M (Peak 81.56M) | Time:00:00.03 | Mem:0.00M, Peak:0.00M | Scene, ViewLayer | Synchronizing object | Vertical mullion.002
Fra:14 Mem:81.57M (Peak 81.57M) | Time:00:00.03 | Mem:0.00M, Peak:0.00M | Scene, ViewLayer | Synchronizing object | Primary rib
Fra:14 Mem:81.57M (Peak 81.57M) | Time:00:00.03 | Mem:0.00M, Peak:0.00M | Scene, ViewLayer | Synchronizing object | Curved eave panel
Fra:14 Mem:81.57M (Peak 81.57M) | Time:00:00.03 | Mem:0.00M, Peak:0.00M | Scene, ViewLayer | Synchronizing object | Roof rib
Fra:14 Mem:81.58M (Peak 81.58M) | Time:00:00.03 | Mem:0.00M, Peak:0.00M | Scene, ViewLayer | Synchronizing object | Stone terrace
Fra:14 Mem:81.59M (Peak 81.59M) | Time:00:00.03 | Mem:0.00M, Peak:0.00M | Scene, ViewLayer | Synchronizing object | Glazed bay.003
Fra:14 Mem:81.60M (Peak 81.60M) | Time:00:00.03 | Mem:0.00M, Peak:0.00M | Scene, ViewLayer | Synchronizing object | Glazed bay.004
Fra:14 Mem:81.62M (Peak 81.62M) | Time:00:00.03 | Mem:0.00M, Peak:0.00M | Scene, ViewLayer | Synchronizing object | Glazed bay.005
Fra:14 Mem:81.64M (Peak 81.64M) | Time:00:00.03 | Mem:0.00M, Peak:0.00M | Scene, ViewLayer | Synchronizing object | Horizontal mullion.007
Fra:14 Mem:81.66M (Peak 81.66M) | Time:00:00.03 | Mem:0.00M, Peak:0.00M | Scene, ViewLayer | Synchronizing object | Horizontal mullion.008
Fra:14 Mem:81.65M (Peak 81.66M) | Time:00:00.03 | Mem:0.00M, Peak:0.00M | Scene, ViewLayer | Synchronizing object | Horizontal mullion.009
Fra:14 Mem:81.64M (Peak 81.66M) | Time:00:00.03 | Mem:0.00M, Peak:0.00M | Scene, ViewLayer | Synchronizing object | Horizontal mullion.011
Fra:14 Mem:81.64M (Peak 81.66M) | Time:00:00.03 | Mem:0.00M, Peak:0.00M | Scene, ViewLayer | Synchronizing object | Horizontal mullion.012
Fra:14 Mem:81.65M (Peak 81.66M) | Time:00:00.03 | Mem:0.00M, Peak:0.00M | Scene, ViewLayer | Synchronizing object | Horizontal mullion.013
Fra:14 Mem:81.65M (Peak 81.66M) | Time:00:00.03 | Mem:0.00M, Peak:0.00M | Scene, ViewLayer | Synchronizing object | Vertical mullion.003
Fra:14 Mem:81.65M (Peak 81.66M) | Time:00:00.03 | Mem:0.00M, Peak:0.00M | Scene, ViewLayer | Synchronizing object | Vertical mullion.005
Fra:14 Mem:81.66M (Peak 81.66M) | Time:00:00.03 | Mem:0.00M, Peak:0.00M | Scene, ViewLayer | Synchronizing object | Vertical mullion.006
Fra:14 Mem:81.66M (Peak 81.66M) | Time:00:00.03 | Mem:0.00M, Peak:0.00M | Scene, ViewLayer | Synchronizing object | Vertical mullion.007
Fra:14 Mem:81.66M (Peak 81.66M) | Time:00:00.03 | Mem:0.00M, Peak:0.00M | Scene, ViewLayer | Synchronizing object | Primary rib.001
Fra:14 Mem:81.67M (Peak 81.67M) | Time:00:00.03 | Mem:0.00M, Peak:0.00M | Scene, ViewLayer | Synchronizing object | Eave silver edge.001
Fra:14 Mem:81.67M (Peak 81.67M) | Time:00:00.03 | Mem:0.00M, Peak:0.00M | Scene, ViewLayer | Synchronizing object | Roof rib.001
Fra:14 Mem:81.68M (Peak 81.68M) | Time:00:00.03 | Mem:0.00M, Peak:0.00M | Scene, ViewLayer | Synchronizing object | Entrance door
Fra:14 Mem:81.73M (Peak 81.73M) | Time:00:00.03 | Mem:0.00M, Peak:0.00M | Scene, ViewLayer | Synchronizing object | Door glazing
Fra:14 Mem:81.72M (Peak 81.73M) | Time:00:00.03 | Mem:0.00M, Peak:0.00M | Scene, ViewLayer | Synchronizing object | Door handle
Fra:14 Mem:81.74M (Peak 81.74M) | Time:00:00.03 | Mem:0.00M, Peak:0.00M | Scene, ViewLayer | Synchronizing object | Entrance door.001
Fra:14 Mem:81.74M (Peak 81.74M) | Time:00:00.03 | Mem:0.00M, Peak:0.00M | Scene, ViewLayer | Synchronizing object | Door glazing.001
Fra:14 Mem:81.76M (Peak 81.76M) | Time:00:00.03 | Mem:0.00M, Peak:0.00M | Scene, ViewLayer | Synchronizing object | Door handle.001
Fra:14 Mem:81.76M (Peak 81.76M) | Time:00:00.03 | Mem:0.00M, Peak:0.00M | Scene, ViewLayer | Synchronizing object | Entrance canopy
Fra:14 Mem:81.79M (Peak 81.79M) | Time:00:00.03 | Mem:0.00M, Peak:0.00M | Scene, ViewLayer | Synchronizing object | Canopy column
Fra:14 Mem:81.77M (Peak 81.79M) | Time:00:00.03 | Mem:0.00M, Peak:0.00M | Scene, ViewLayer | Synchronizing object | Canopy column.001
Fra:14 Mem:81.77M (Peak 81.79M) | Time:00:00.03 | Mem:0.00M, Peak:0.00M | Scene, ViewLayer | Synchronizing object | Terrace stairs
Fra:14 Mem:81.78M (Peak 81.79M) | Time:00:00.03 | Mem:0.00M, Peak:0.00M | Scene, ViewLayer | Synchronizing object | Terrace stairs.001
Fra:14 Mem:81.79M (Peak 81.79M) | Time:00:00.03 | Mem:0.00M, Peak:0.00M | Scene, ViewLayer | Synchronizing object | Terrace stairs.002
Fra:14 Mem:81.82M (Peak 81.82M) | Time:00:00.03 | Mem:0.00M, Peak:0.00M | Scene, ViewLayer | Synchronizing object | Terrace stairs.003
Fra:14 Mem:81.83M (Peak 81.83M) | Time:00:00.03 | Mem:0.00M, Peak:0.00M | Scene, ViewLayer | Synchronizing object | Terrace stairs.004
Fra:14 Mem:81.84M (Peak 81.84M) | Time:00:00.03 | Mem:0.00M, Peak:0.00M | Scene, ViewLayer | Synchronizing object | Terrace stairs.005
Fra:14 Mem:81.86M (Peak 81.86M) | Time:00:00.03 | Mem:0.00M, Peak:0.00M | Scene, ViewLayer | Synchronizing object | Terrace stairs.006
Fra:14 Mem:81.87M (Peak 81.87M) | Time:00:00.03 | Mem:0.00M, Peak:0.00M | Scene, ViewLayer | Synchronizing object | Terrace stairs.007
Fra:14 Mem:81.88M (Peak 81.88M) | Time:00:00.03 | Mem:0.00M, Peak:0.00M | Scene, ViewLayer | Synchronizing object | Glazed bay.006
Fra:14 Mem:81.90M (Peak 81.90M) | Time:00:00.03 | Mem:0.00M, Peak:0.00M | Scene, ViewLayer | Synchronizing object | Glazed bay.007
Fra:14 Mem:81.93M (Peak 81.93M) | Time:00:00.03 | Mem:0.00M, Peak:0.00M | Scene, ViewLayer | Synchronizing object | Glazed bay.008
Fra:14 Mem:81.92M (Peak 81.93M) | Time:00:00.03 | Mem:0.00M, Peak:0.00M | Scene, ViewLayer | Synchronizing object | Horizontal mullion.014
Fra:14 Mem:81.92M (Peak 81.93M) | Time:00:00.03 | Mem:0.00M, Peak:0.00M | Scene, ViewLayer | Synchronizing object | Horizontal mullion.015
Fra:14 Mem:81.93M (Peak 81.93M) | Time:00:00.03 | Mem:0.00M, Peak:0.00M | Scene, ViewLayer | Synchronizing object | Horizontal mullion.017
Fra:14 Mem:81.93M (Peak 81.93M) | Time:00:00.03 | Mem:0.00M, Peak:0.00M | Scene, ViewLayer | Synchronizing object | Horizontal mullion.018
Fra:14 Mem:81.93M (Peak 81.93M) | Time:00:00.03 | Mem:0.00M, Peak:0.00M | Scene, ViewLayer | Synchronizing object | Horizontal mullion.019
Fra:14 Mem:81.94M (Peak 81.94M) | Time:00:00.03 | Mem:0.00M, Peak:0.00M | Scene, ViewLayer | Synchronizing object | Vertical mullion.008
Fra:14 Mem:81.94M (Peak 81.94M) | Time:00:00.03 | Mem:0.00M, Peak:0.00M | Scene, ViewLayer | Synchronizing object | Vertical mullion.009
Fra:14 Mem:81.94M (Peak 81.94M) | Time:00:00.03 | Mem:0.00M, Peak:0.00M | Scene, ViewLayer | Synchronizing object | Vertical mullion.010
Fra:14 Mem:81.94M (Peak 81.94M) | Time:00:00.03 | Mem:0.00M, Peak:0.00M | Scene, ViewLayer | Synchronizing object | Vertical mullion.011
Fra:14 Mem:81.95M (Peak 81.95M) | Time:00:00.03 | Mem:0.00M, Peak:0.00M | Scene, ViewLayer | Synchronizing object | Vertical mullion.012
Fra:14 Mem:81.95M (Peak 81.95M) | Time:00:00.03 | Mem:0.00M, Peak:0.00M | Scene, ViewLayer | Synchronizing object | Primary rib.002
Fra:14 Mem:81.95M (Peak 81.95M) | Time:00:00.03 | Mem:0.00M, Peak:0.00M | Scene, ViewLayer | Synchronizing object | Curved eave panel.002
Fra:14 Mem:81.95M (Peak 81.95M) | Time:00:00.03 | Mem:0.00M, Peak:0.00M | Scene, ViewLayer | Synchronizing object | Eave silver edge.002
Fra:14 Mem:81.96M (Peak 81.96M) | Time:00:00.03 | Mem:0.00M, Peak:0.00M | Scene, ViewLayer | Synchronizing object | Roof rib.002
Fra:14 Mem:81.96M (Peak 81.96M) | Time:00:00.03 | Mem:0.00M, Peak:0.00M | Scene, ViewLayer | Synchronizing object | Glazed bay.009
Fra:14 Mem:82.01M (Peak 82.01M) | Time:00:00.03 | Mem:0.00M, Peak:0.00M | Scene, ViewLayer | Synchronizing object | Glazed bay.010
Fra:14 Mem:82.00M (Peak 82.01M) | Time:00:00.03 | Mem:0.00M, Peak:0.00M | Scene, ViewLayer | Synchronizing object | Glazed bay.011
Fra:14 Mem:82.02M (Peak 82.02M) | Time:00:00.03 | Mem:0.00M, Peak:0.00M | Scene, ViewLayer | Synchronizing object | Horizontal mullion.021
Fra:14 Mem:82.03M (Peak 82.03M) | Time:00:00.03 | Mem:0.00M, Peak:0.00M | Scene, ViewLayer | Synchronizing object | Horizontal mullion.022
Fra:14 Mem:82.03M (Peak 82.03M) | Time:00:00.03 | Mem:0.00M, Peak:0.00M | Scene, ViewLayer | Synchronizing object | Horizontal mullion.023
Fra:14 Mem:82.03M (Peak 82.03M) | Time:00:00.03 | Mem:0.00M, Peak:0.00M | Scene, ViewLayer | Synchronizing object | Horizontal mullion.025
Fra:14 Mem:82.03M (Peak 82.03M) | Time:00:00.03 | Mem:0.00M, Peak:0.00M | Scene, ViewLayer | Synchronizing object | Horizontal mullion.027
Fra:14 Mem:82.03M (Peak 82.03M) | Time:00:00.03 | Mem:0.00M, Peak:0.00M | Scene, ViewLayer | Synchronizing object | Vertical mullion.013
Fra:14 Mem:82.04M (Peak 82.04M) | Time:00:00.03 | Mem:0.00M, Peak:0.00M | Scene, ViewLayer | Synchronizing object | Vertical mullion.014
Fra:14 Mem:82.04M (Peak 82.04M) | Time:00:00.03 | Mem:0.00M, Peak:0.00M | Scene, ViewLayer | Synchronizing object | Vertical mullion.015
Fra:14 Mem:82.05M (Peak 82.05M) | Time:00:00.03 | Mem:0.00M, Peak:0.00M | Scene, ViewLayer | Synchronizing object | Vertical mullion.016
Fra:14 Mem:82.05M (Peak 82.05M) | Time:00:00.03 | Mem:0.00M, Peak:0.00M | Scene, ViewLayer | Synchronizing object | Primary rib.003
Fra:14 Mem:82.05M (Peak 82.05M) | Time:00:00.03 | Mem:0.00M, Peak:0.00M | Scene, ViewLayer | Synchronizing object | Curved eave panel.003
Fra:14 Mem:82.05M (Peak 82.05M) | Time:00:00.03 | Mem:0.00M, Peak:0.00M | Scene, ViewLayer | Synchronizing object | Eave silver edge.003
Fra:14 Mem:82.06M (Peak 82.06M) | Time:00:00.03 | Mem:0.00M, Peak:0.00M | Scene, ViewLayer | Synchronizing object | Roof rib.003
Fra:14 Mem:82.06M (Peak 82.06M) | Time:00:00.03 | Mem:0.00M, Peak:0.00M | Scene, ViewLayer | Synchronizing object | Stone terrace.003
Fra:14 Mem:82.09M (Peak 82.09M) | Time:00:00.03 | Mem:0.00M, Peak:0.00M | Scene, ViewLayer | Synchronizing object | Glazed bay.012
Fra:14 Mem:82.08M (Peak 82.09M) | Time:00:00.03 | Mem:0.00M, Peak:0.00M | Scene, ViewLayer | Synchronizing object | Glazed bay.013
Fra:14 Mem:82.12M (Peak 82.12M) | Time:00:00.03 | Mem:0.00M, Peak:0.00M | Scene, ViewLayer | Synchronizing object | Glazed bay.014
Fra:14 Mem:82.14M (Peak 82.14M) | Time:00:00.03 | Mem:0.00M, Peak:0.00M | Scene, ViewLayer | Synchronizing object | Horizontal mullion.028
Fra:14 Mem:82.13M (Peak 82.14M) | Time:00:00.03 | Mem:0.00M, Peak:0.00M | Scene, ViewLayer | Synchronizing object | Horizontal mullion.029
Fra:14 Mem:82.13M (Peak 82.14M) | Time:00:00.03 | Mem:0.00M, Peak:0.00M | Scene, ViewLayer | Synchronizing object | Horizontal mullion.030
Fra:14 Mem:82.13M (Peak 82.14M) | Time:00:00.03 | Mem:0.00M, Peak:0.00M | Scene, ViewLayer | Synchronizing object | Horizontal mullion.031
Fra:14 Mem:82.13M (Peak 82.14M) | Time:00:00.03 | Mem:0.00M, Peak:0.00M | Scene, ViewLayer | Synchronizing object | Horizontal mullion.033
Fra:14 Mem:82.13M (Peak 82.14M) | Time:00:00.03 | Mem:0.00M, Peak:0.00M | Scene, ViewLayer | Synchronizing object | Horizontal mullion.034
Fra:14 Mem:82.14M (Peak 82.14M) | Time:00:00.03 | Mem:0.00M, Peak:0.00M | Scene, ViewLayer | Synchronizing object | Vertical mullion.018
Fra:14 Mem:82.14M (Peak 82.14M) | Time:00:00.03 | Mem:0.00M, Peak:0.00M | Scene, ViewLayer | Synchronizing object | Vertical mullion.021
Fra:14 Mem:82.14M (Peak 82.14M) | Time:00:00.03 | Mem:0.00M, Peak:0.00M | Scene, ViewLayer | Synchronizing object | Vertical mullion.022
Fra:14 Mem:82.15M (Peak 82.15M) | Time:00:00.03 | Mem:0.00M, Peak:0.00M | Scene, ViewLayer | Synchronizing object | Primary rib.004
Fra:14 Mem:82.15M (Peak 82.15M) | Time:00:00.03 | Mem:0.00M, Peak:0.00M | Scene, ViewLayer | Synchronizing object | Curved eave panel.004
Fra:14 Mem:82.15M (Peak 82.15M) | Time:00:00.03 | Mem:0.00M, Peak:0.00M | Scene, ViewLayer | Synchronizing object | Eave silver edge.004
Fra:14 Mem:82.16M (Peak 82.16M) | Time:00:00.03 | Mem:0.00M, Peak:0.00M | Scene, ViewLayer | Synchronizing object | Roof rib.004
Fra:14 Mem:82.16M (Peak 82.16M) | Time:00:00.03 | Mem:0.00M, Peak:0.00M | Scene, ViewLayer | Synchronizing object | Stone terrace.004
Fra:14 Mem:82.18M (Peak 82.18M) | Time:00:00.03 | Mem:0.00M, Peak:0.00M | Scene, ViewLayer | Synchronizing object | Entrance door.002
Fra:14 Mem:82.20M (Peak 82.20M) | Time:00:00.03 | Mem:0.00M, Peak:0.00M | Scene, ViewLayer | Synchronizing object | Door glazing.002
Fra:14 Mem:82.21M (Peak 82.21M) | Time:00:00.03 | Mem:0.00M, Peak:0.00M | Scene, ViewLayer | Synchronizing object | Door handle.002
Fra:14 Mem:82.21M (Peak 82.21M) | Time:00:00.03 | Mem:0.00M, Peak:0.00M | Scene, ViewLayer | Synchronizing object | Entrance door.003
Fra:14 Mem:82.22M (Peak 82.22M) | Time:00:00.03 | Mem:0.00M, Peak:0.00M | Scene, ViewLayer | Synchronizing object | Door glazing.003
Fra:14 Mem:82.24M (Peak 82.24M) | Time:00:00.03 | Mem:0.00M, Peak:0.00M | Scene, ViewLayer | Synchronizing object | Door handle.003
Fra:14 Mem:82.26M (Peak 82.26M) | Time:00:00.03 | Mem:0.00M, Peak:0.00M | Scene, ViewLayer | Synchronizing object | Entrance canopy.001
Fra:14 Mem:82.24M (Peak 82.26M) | Time:00:00.03 | Mem:0.00M, Peak:0.00M | Scene, ViewLayer | Synchronizing object | Canopy column.002
Fra:14 Mem:82.26M (Peak 82.26M) | Time:00:00.03 | Mem:0.00M, Peak:0.00M | Scene, ViewLayer | Synchronizing object | Canopy column.003
Fra:14 Mem:82.26M (Peak 82.26M) | Time:00:00.03 | Mem:0.00M, Peak:0.00M | Scene, ViewLayer | Synchronizing object | Terrace stairs.008
Fra:14 Mem:82.29M (Peak 82.29M) | Time:00:00.03 | Mem:0.00M, Peak:0.00M | Scene, ViewLayer | Synchronizing object | Terrace stairs.009
Fra:14 Mem:82.28M (Peak 82.29M) | Time:00:00.03 | Mem:0.00M, Peak:0.00M | Scene, ViewLayer | Synchronizing object | Terrace stairs.010
Fra:14 Mem:82.31M (Peak 82.31M) | Time:00:00.03 | Mem:0.00M, Peak:0.00M | Scene, ViewLayer | Synchronizing object | Terrace stairs.011
Fra:14 Mem:82.32M (Peak 82.32M) | Time:00:00.03 | Mem:0.00M, Peak:0.00M | Scene, ViewLayer | Synchronizing object | Terrace stairs.012
Fra:14 Mem:82.33M (Peak 82.33M) | Time:00:00.03 | Mem:0.00M, Peak:0.00M | Scene, ViewLayer | Synchronizing object | Terrace stairs.013
Fra:14 Mem:82.35M (Peak 82.35M) | Time:00:00.03 | Mem:0.00M, Peak:0.00M | Scene, ViewLayer | Synchronizing object | Terrace stairs.014
Fra:14 Mem:82.36M (Peak 82.36M) | Time:00:00.03 | Mem:0.00M, Peak:0.00M | Scene, ViewLayer | Synchronizing object | Terrace stairs.015
Fra:14 Mem:82.38M (Peak 82.38M) | Time:00:00.03 | Mem:0.00M, Peak:0.00M | Scene, ViewLayer | Synchronizing object | Glazed bay.015
Fra:14 Mem:82.38M (Peak 82.38M) | Time:00:00.03 | Mem:0.00M, Peak:0.00M | Scene, ViewLayer | Synchronizing object | Glazed bay.016
Fra:14 Mem:82.40M (Peak 82.40M) | Time:00:00.03 | Mem:0.00M, Peak:0.00M | Scene, ViewLayer | Synchronizing object | Glazed bay.017
Fra:14 Mem:82.42M (Peak 82.42M) | Time:00:00.03 | Mem:0.00M, Peak:0.00M | Scene, ViewLayer | Synchronizing object | Horizontal mullion.035
Fra:14 Mem:82.42M (Peak 82.42M) | Time:00:00.03 | Mem:0.00M, Peak:0.00M | Scene, ViewLayer | Synchronizing object | Horizontal mullion.036
Fra:14 Mem:82.42M (Peak 82.42M) | Time:00:00.03 | Mem:0.00M, Peak:0.00M | Scene, ViewLayer | Synchronizing object | Horizontal mullion.038
Fra:14 Mem:82.42M (Peak 82.42M) | Time:00:00.03 | Mem:0.00M, Peak:0.00M | Scene, ViewLayer | Synchronizing object | Horizontal mullion.039
Fra:14 Mem:82.42M (Peak 82.42M) | Time:00:00.03 | Mem:0.00M, Peak:0.00M | Scene, ViewLayer | Synchronizing object | Horizontal mullion.041
Fra:14 Mem:82.43M (Peak 82.43M) | Time:00:00.03 | Mem:0.00M, Peak:0.00M | Scene, ViewLayer | Synchronizing object | Vertical mullion.024
Fra:14 Mem:82.43M (Peak 82.43M) | Time:00:00.03 | Mem:0.00M, Peak:0.00M | Scene, ViewLayer | Synchronizing object | Vertical mullion.025
Fra:14 Mem:82.43M (Peak 82.43M) | Time:00:00.03 | Mem:0.00M, Peak:0.00M | Scene, ViewLayer | Synchronizing object | Vertical mullion.026
Fra:14 Mem:82.43M (Peak 82.43M) | Time:00:00.03 | Mem:0.00M, Peak:0.00M | Scene, ViewLayer | Synchronizing object | Vertical mullion.027
Fra:14 Mem:82.44M (Peak 82.44M) | Time:00:00.03 | Mem:0.00M, Peak:0.00M | Scene, ViewLayer | Synchronizing object | Primary rib.005
Fra:14 Mem:82.44M (Peak 82.44M) | Time:00:00.03 | Mem:0.00M, Peak:0.00M | Scene, ViewLayer | Synchronizing object | Eave silver edge.005
Fra:14 Mem:82.45M (Peak 82.45M) | Time:00:00.03 | Mem:0.00M, Peak:0.00M | Scene, ViewLayer | Synchronizing object | Roof rib.005
Fra:14 Mem:82.45M (Peak 82.45M) | Time:00:00.03 | Mem:0.00M, Peak:0.00M | Scene, ViewLayer | Synchronizing object | Stone terrace.005
Fra:14 Mem:82.47M (Peak 82.47M) | Time:00:00.03 | Mem:0.00M, Peak:0.00M | Scene, ViewLayer | Synchronizing object | Glazed bay.018
Fra:14 Mem:82.47M (Peak 82.47M) | Time:00:00.03 | Mem:0.00M, Peak:0.00M | Scene, ViewLayer | Synchronizing object | Glazed bay.019
Fra:14 Mem:82.51M (Peak 82.51M) | Time:00:00.03 | Mem:0.00M, Peak:0.00M | Scene, ViewLayer | Synchronizing object | Glazed bay.020
Fra:14 Mem:82.51M (Peak 82.51M) | Time:00:00.03 | Mem:0.00M, Peak:0.00M | Scene, ViewLayer | Synchronizing object | Horizontal mullion.042
Fra:14 Mem:82.51M (Peak 82.51M) | Time:00:00.03 | Mem:0.00M, Peak:0.00M | Scene, ViewLayer | Synchronizing object | Horizontal mullion.043
Fra:14 Mem:82.51M (Peak 82.51M) | Time:00:00.03 | Mem:0.00M, Peak:0.00M | Scene, ViewLayer | Synchronizing object | Horizontal mullion.045
Fra:14 Mem:82.51M (Peak 82.51M) | Time:00:00.03 | Mem:0.00M, Peak:0.00M | Scene, ViewLayer | Synchronizing object | Horizontal mullion.046
Fra:14 Mem:82.52M (Peak 82.52M) | Time:00:00.03 | Mem:0.00M, Peak:0.00M | Scene, ViewLayer | Synchronizing object | Horizontal mullion.047
Fra:14 Mem:82.52M (Peak 82.52M) | Time:00:00.03 | Mem:0.00M, Peak:0.00M | Scene, ViewLayer | Synchronizing object | Vertical mullion.028
Fra:14 Mem:82.52M (Peak 82.52M) | Time:00:00.03 | Mem:0.00M, Peak:0.00M | Scene, ViewLayer | Synchronizing object | Vertical mullion.029
Fra:14 Mem:82.53M (Peak 82.53M) | Time:00:00.03 | Mem:0.00M, Peak:0.00M | Scene, ViewLayer | Synchronizing object | Primary rib.006
Fra:14 Mem:82.53M (Peak 82.53M) | Time:00:00.03 | Mem:0.00M, Peak:0.00M | Scene, ViewLayer | Synchronizing object | Curved eave panel.006
Fra:14 Mem:82.53M (Peak 82.53M) | Time:00:00.03 | Mem:0.00M, Peak:0.00M | Scene, ViewLayer | Synchronizing object | Eave silver edge.006
Fra:14 Mem:82.54M (Peak 82.54M) | Time:00:00.03 | Mem:0.00M, Peak:0.00M | Scene, ViewLayer | Synchronizing object | Roof rib.006
Fra:14 Mem:82.54M (Peak 82.54M) | Time:00:00.03 | Mem:0.00M, Peak:0.00M | Scene, ViewLayer | Synchronizing object | Glazed bay.021
Fra:14 Mem:82.56M (Peak 82.56M) | Time:00:00.03 | Mem:0.00M, Peak:0.00M | Scene, ViewLayer | Synchronizing object | Glazed bay.022
Fra:14 Mem:82.58M (Peak 82.58M) | Time:00:00.03 | Mem:0.00M, Peak:0.00M | Scene, ViewLayer | Synchronizing object | Glazed bay.023
Fra:14 Mem:82.61M (Peak 82.61M) | Time:00:00.03 | Mem:0.00M, Peak:0.00M | Scene, ViewLayer | Synchronizing object | Horizontal mullion.049
Fra:14 Mem:82.60M (Peak 82.61M) | Time:00:00.03 | Mem:0.00M, Peak:0.00M | Scene, ViewLayer | Synchronizing object | Horizontal mullion.050
Fra:14 Mem:82.60M (Peak 82.61M) | Time:00:00.03 | Mem:0.00M, Peak:0.00M | Scene, ViewLayer | Synchronizing object | Horizontal mullion.052
Fra:14 Mem:82.61M (Peak 82.61M) | Time:00:00.03 | Mem:0.00M, Peak:0.00M | Scene, ViewLayer | Synchronizing object | Horizontal mullion.053
Fra:14 Mem:82.61M (Peak 82.61M) | Time:00:00.03 | Mem:0.00M, Peak:0.00M | Scene, ViewLayer | Synchronizing object | Horizontal mullion.054
Fra:14 Mem:82.61M (Peak 82.61M) | Time:00:00.03 | Mem:0.00M, Peak:0.00M | Scene, ViewLayer | Synchronizing object | Vertical mullion.030
Fra:14 Mem:82.62M (Peak 82.62M) | Time:00:00.03 | Mem:0.00M, Peak:0.00M | Scene, ViewLayer | Synchronizing object | Vertical mullion.031
Fra:14 Mem:82.62M (Peak 82.62M) | Time:00:00.03 | Mem:0.00M, Peak:0.00M | Scene, ViewLayer | Synchronizing object | Curved eave panel.007
Fra:14 Mem:82.62M (Peak 82.62M) | Time:00:00.03 | Mem:0.00M, Peak:0.00M | Scene, ViewLayer | Synchronizing object | Eave silver edge.007
Fra:14 Mem:82.63M (Peak 82.63M) | Time:00:00.03 | Mem:0.00M, Peak:0.00M | Scene, ViewLayer | Synchronizing object | Stone terrace.007
Fra:14 Mem:82.64M (Peak 82.64M) | Time:00:00.03 | Mem:0.00M, Peak:0.00M | Scene, ViewLayer | Synchronizing object | Entrance door.004
Fra:14 Mem:82.65M (Peak 82.65M) | Time:00:00.03 | Mem:0.00M, Peak:0.00M | Scene, ViewLayer | Synchronizing object | Door glazing.004
Fra:14 Mem:82.67M (Peak 82.67M) | Time:00:00.03 | Mem:0.00M, Peak:0.00M | Scene, ViewLayer | Synchronizing object | Door handle.004
Fra:14 Mem:82.67M (Peak 82.67M) | Time:00:00.03 | Mem:0.00M, Peak:0.00M | Scene, ViewLayer | Synchronizing object | Entrance door.005
Fra:14 Mem:82.69M (Peak 82.69M) | Time:00:00.03 | Mem:0.00M, Peak:0.00M | Scene, ViewLayer | Synchronizing object | Door glazing.005
Fra:14 Mem:82.72M (Peak 82.72M) | Time:00:00.03 | Mem:0.00M, Peak:0.00M | Scene, ViewLayer | Synchronizing object | Door handle.005
Fra:14 Mem:82.72M (Peak 82.72M) | Time:00:00.03 | Mem:0.00M, Peak:0.00M | Scene, ViewLayer | Synchronizing object | Entrance canopy.002
Fra:14 Mem:82.71M (Peak 82.72M) | Time:00:00.03 | Mem:0.00M, Peak:0.00M | Scene, ViewLayer | Synchronizing object | Canopy column.004
Fra:14 Mem:82.73M (Peak 82.73M) | Time:00:00.03 | Mem:0.00M, Peak:0.00M | Scene, ViewLayer | Synchronizing object | Terrace stairs.016
Fra:14 Mem:82.76M (Peak 82.76M) | Time:00:00.03 | Mem:0.00M, Peak:0.00M | Scene, ViewLayer | Synchronizing object | Terrace stairs.017
Fra:14 Mem:82.75M (Peak 82.76M) | Time:00:00.03 | Mem:0.00M, Peak:0.00M | Scene, ViewLayer | Synchronizing object | Terrace stairs.018
Fra:14 Mem:82.78M (Peak 82.78M) | Time:00:00.03 | Mem:0.00M, Peak:0.00M | Scene, ViewLayer | Synchronizing object | Terrace stairs.019
Fra:14 Mem:82.80M (Peak 82.80M) | Time:00:00.03 | Mem:0.00M, Peak:0.00M | Scene, ViewLayer | Synchronizing object | Terrace stairs.020
Fra:14 Mem:82.79M (Peak 82.80M) | Time:00:00.03 | Mem:0.00M, Peak:0.00M | Scene, ViewLayer | Synchronizing object | Terrace stairs.021
Fra:14 Mem:82.83M (Peak 82.83M) | Time:00:00.03 | Mem:0.00M, Peak:0.00M | Scene, ViewLayer | Synchronizing object | Terrace stairs.022
Fra:14 Mem:82.83M (Peak 82.83M) | Time:00:00.03 | Mem:0.00M, Peak:0.00M | Scene, ViewLayer | Synchronizing object | Terrace stairs.023
Fra:14 Mem:82.83M (Peak 82.83M) | Time:00:00.03 | Mem:0.00M, Peak:0.00M | Scene, ViewLayer | Synchronizing object | Glazed bay.024
Fra:14 Mem:82.85M (Peak 82.85M) | Time:00:00.03 | Mem:0.00M, Peak:0.00M | Scene, ViewLayer | Synchronizing object | Glazed bay.025
Fra:14 Mem:82.87M (Peak 82.87M) | Time:00:00.03 | Mem:0.00M, Peak:0.00M | Scene, ViewLayer | Synchronizing object | Glazed bay.026
Fra:14 Mem:82.87M (Peak 82.87M) | Time:00:00.03 | Mem:0.00M, Peak:0.00M | Scene, ViewLayer | Synchronizing object | Horizontal mullion.056
Fra:14 Mem:82.89M (Peak 82.89M) | Time:00:00.03 | Mem:0.00M, Peak:0.00M | Scene, ViewLayer | Synchronizing object | Horizontal mullion.057
Fra:14 Mem:82.89M (Peak 82.89M) | Time:00:00.03 | Mem:0.00M, Peak:0.00M | Scene, ViewLayer | Synchronizing object | Horizontal mullion.058
Fra:14 Mem:82.89M (Peak 82.89M) | Time:00:00.03 | Mem:0.00M, Peak:0.00M | Scene, ViewLayer | Synchronizing object | Horizontal mullion.059
Fra:14 Mem:82.89M (Peak 82.89M) | Time:00:00.03 | Mem:0.00M, Peak:0.00M | Scene, ViewLayer | Synchronizing object | Horizontal mullion.060
Fra:14 Mem:82.89M (Peak 82.89M) | Time:00:00.03 | Mem:0.00M, Peak:0.00M | Scene, ViewLayer | Synchronizing object | Horizontal mullion.062
Fra:14 Mem:82.89M (Peak 82.89M) | Time:00:00.03 | Mem:0.00M, Peak:0.00M | Scene, ViewLayer | Synchronizing object | Vertical mullion.032
Fra:14 Mem:82.90M (Peak 82.90M) | Time:00:00.03 | Mem:0.00M, Peak:0.00M | Scene, ViewLayer | Synchronizing object | Vertical mullion.033
Fra:14 Mem:82.90M (Peak 82.90M) | Time:00:00.03 | Mem:0.00M, Peak:0.00M | Scene, ViewLayer | Synchronizing object | Curved eave panel.008
Fra:14 Mem:82.90M (Peak 82.90M) | Time:00:00.03 | Mem:0.00M, Peak:0.00M | Scene, ViewLayer | Synchronizing object | Eave silver edge.008
Fra:14 Mem:82.91M (Peak 82.91M) | Time:00:00.03 | Mem:0.00M, Peak:0.00M | Scene, ViewLayer | Synchronizing object | Stone terrace.008
Fra:14 Mem:82.93M (Peak 82.93M) | Time:00:00.03 | Mem:0.00M, Peak:0.00M | Scene, ViewLayer | Synchronizing object | Glazed bay.027
Fra:14 Mem:82.94M (Peak 82.94M) | Time:00:00.03 | Mem:0.00M, Peak:0.00M | Scene, ViewLayer | Synchronizing object | Glazed bay.028
Fra:14 Mem:82.95M (Peak 82.95M) | Time:00:00.03 | Mem:0.00M, Peak:0.00M | Scene, ViewLayer | Synchronizing object | Glazed bay.029
Fra:14 Mem:82.97M (Peak 82.97M) | Time:00:00.03 | Mem:0.00M, Peak:0.00M | Scene, ViewLayer | Synchronizing object | Horizontal mullion.063
Fra:14 Mem:82.97M (Peak 82.97M) | Time:00:00.03 | Mem:0.00M, Peak:0.00M | Scene, ViewLayer | Synchronizing object | Horizontal mullion.065
Fra:14 Mem:82.97M (Peak 82.97M) | Time:00:00.03 | Mem:0.00M, Peak:0.00M | Scene, ViewLayer | Synchronizing object | Horizontal mullion.067
Fra:14 Mem:82.98M (Peak 82.98M) | Time:00:00.03 | Mem:0.00M, Peak:0.00M | Scene, ViewLayer | Synchronizing object | Horizontal mullion.068
Fra:14 Mem:82.98M (Peak 82.98M) | Time:00:00.03 | Mem:0.00M, Peak:0.00M | Scene, ViewLayer | Synchronizing object | Horizontal mullion.069
Fra:14 Mem:82.99M (Peak 82.99M) | Time:00:00.03 | Mem:0.00M, Peak:0.00M | Scene, ViewLayer | Synchronizing object | Vertical mullion.034
Fra:14 Mem:82.99M (Peak 82.99M) | Time:00:00.03 | Mem:0.00M, Peak:0.00M | Scene, ViewLayer | Synchronizing object | Vertical mullion.035
Fra:14 Mem:82.99M (Peak 82.99M) | Time:00:00.03 | Mem:0.00M, Peak:0.00M | Scene, ViewLayer | Synchronizing object | Vertical mullion.036
Fra:14 Mem:82.99M (Peak 82.99M) | Time:00:00.03 | Mem:0.00M, Peak:0.00M | Scene, ViewLayer | Synchronizing object | Vertical mullion.037
Fra:14 Mem:83.00M (Peak 83.00M) | Time:00:00.03 | Mem:0.00M, Peak:0.00M | Scene, ViewLayer | Synchronizing object | Primary rib.009
Fra:14 Mem:83.00M (Peak 83.00M) | Time:00:00.03 | Mem:0.00M, Peak:0.00M | Scene, ViewLayer | Synchronizing object | Curved eave panel.009
Fra:14 Mem:83.00M (Peak 83.00M) | Time:00:00.03 | Mem:0.00M, Peak:0.00M | Scene, ViewLayer | Synchronizing object | Eave silver edge.009
Fra:14 Mem:83.00M (Peak 83.00M) | Time:00:00.03 | Mem:0.00M, Peak:0.00M | Scene, ViewLayer | Synchronizing object | Roof rib.009
Fra:14 Mem:83.01M (Peak 83.01M) | Time:00:00.03 | Mem:0.00M, Peak:0.00M | Scene, ViewLayer | Synchronizing object | Stone terrace.009
Fra:14 Mem:83.02M (Peak 83.02M) | Time:00:00.03 | Mem:0.00M, Peak:0.00M | Scene, ViewLayer | Synchronizing object | Glazed bay.030
Fra:14 Mem:83.06M (Peak 83.06M) | Time:00:00.03 | Mem:0.00M, Peak:0.00M | Scene, ViewLayer | Synchronizing object | Glazed bay.031
Fra:14 Mem:83.06M (Peak 83.06M) | Time:00:00.03 | Mem:0.00M, Peak:0.00M | Scene, ViewLayer | Synchronizing object | Glazed bay.032
Fra:14 Mem:83.08M (Peak 83.08M) | Time:00:00.03 | Mem:0.00M, Peak:0.00M | Scene, ViewLayer | Synchronizing object | Horizontal mullion.070
Fra:14 Mem:83.08M (Peak 83.08M) | Time:00:00.03 | Mem:0.00M, Peak:0.00M | Scene, ViewLayer | Synchronizing object | Horizontal mullion.071
Fra:14 Mem:83.08M (Peak 83.08M) | Time:00:00.03 | Mem:0.00M, Peak:0.00M | Scene, ViewLayer | Synchronizing object | Horizontal mullion.072
Fra:14 Mem:83.08M (Peak 83.08M) | Time:00:00.03 | Mem:0.00M, Peak:0.00M | Scene, ViewLayer | Synchronizing object | Horizontal mullion.074
Fra:14 Mem:83.08M (Peak 83.08M) | Time:00:00.03 | Mem:0.00M, Peak:0.00M | Scene, ViewLayer | Synchronizing object | Horizontal mullion.075
Fra:14 Mem:83.09M (Peak 83.09M) | Time:00:00.03 | Mem:0.00M, Peak:0.00M | Scene, ViewLayer | Synchronizing object | Horizontal mullion.076
Fra:14 Mem:83.09M (Peak 83.09M) | Time:00:00.03 | Mem:0.00M, Peak:0.00M | Scene, ViewLayer | Synchronizing object | Vertical mullion.040
Fra:14 Mem:83.10M (Peak 83.10M) | Time:00:00.03 | Mem:0.00M, Peak:0.00M | Scene, ViewLayer | Synchronizing object | Vertical mullion.042
Fra:14 Mem:83.10M (Peak 83.10M) | Time:00:00.03 | Mem:0.00M, Peak:0.00M | Scene, ViewLayer | Synchronizing object | Vertical mullion.043
Fra:14 Mem:83.10M (Peak 83.10M) | Time:00:00.03 | Mem:0.00M, Peak:0.00M | Scene, ViewLayer | Synchronizing object | Primary rib.010
Fra:14 Mem:83.11M (Peak 83.11M) | Time:00:00.03 | Mem:0.00M, Peak:0.00M | Scene, ViewLayer | Synchronizing object | Eave silver edge.010
Fra:14 Mem:83.11M (Peak 83.11M) | Time:00:00.03 | Mem:0.00M, Peak:0.00M | Scene, ViewLayer | Synchronizing object | Roof rib.010
Fra:14 Mem:83.11M (Peak 83.11M) | Time:00:00.03 | Mem:0.00M, Peak:0.00M | Scene, ViewLayer | Synchronizing object | Stone terrace.010
Fra:14 Mem:83.14M (Peak 83.14M) | Time:00:00.03 | Mem:0.00M, Peak:0.00M | Scene, ViewLayer | Synchronizing object | Entrance door.006
Fra:14 Mem:83.15M (Peak 83.15M) | Time:00:00.03 | Mem:0.00M, Peak:0.00M | Scene, ViewLayer | Synchronizing object | Door glazing.006
Fra:14 Mem:83.15M (Peak 83.15M) | Time:00:00.03 | Mem:0.00M, Peak:0.00M | Scene, ViewLayer | Synchronizing object | Door handle.006
Fra:14 Mem:83.17M (Peak 83.17M) | Time:00:00.03 | Mem:0.00M, Peak:0.00M | Scene, ViewLayer | Synchronizing object | Entrance door.007
Fra:14 Mem:83.17M (Peak 83.17M) | Time:00:00.03 | Mem:0.00M, Peak:0.00M | Scene, ViewLayer | Synchronizing object | Door glazing.007
Fra:14 Mem:83.21M (Peak 83.21M) | Time:00:00.03 | Mem:0.00M, Peak:0.00M | Scene, ViewLayer | Synchronizing object | Door handle.007
Fra:14 Mem:83.20M (Peak 83.21M) | Time:00:00.03 | Mem:0.00M, Peak:0.00M | Scene, ViewLayer | Synchronizing object | Entrance canopy.003
Fra:14 Mem:83.22M (Peak 83.22M) | Time:00:00.03 | Mem:0.00M, Peak:0.00M | Scene, ViewLayer | Synchronizing object | Canopy column.006
Fra:14 Mem:83.21M (Peak 83.22M) | Time:00:00.03 | Mem:0.00M, Peak:0.00M | Scene, ViewLayer | Synchronizing object | Canopy column.007
Fra:14 Mem:83.22M (Peak 83.22M) | Time:00:00.03 | Mem:0.00M, Peak:0.00M | Scene, ViewLayer | Synchronizing object | Terrace stairs.024
Fra:14 Mem:83.22M (Peak 83.22M) | Time:00:00.03 | Mem:0.00M, Peak:0.00M | Scene, ViewLayer | Synchronizing object | Terrace stairs.025
Fra:14 Mem:83.25M (Peak 83.25M) | Time:00:00.03 | Mem:0.00M, Peak:0.00M | Scene, ViewLayer | Synchronizing object | Terrace stairs.026
Fra:14 Mem:83.27M (Peak 83.27M) | Time:00:00.03 | Mem:0.00M, Peak:0.00M | Scene, ViewLayer | Synchronizing object | Terrace stairs.027
Fra:14 Mem:83.26M (Peak 83.27M) | Time:00:00.03 | Mem:0.00M, Peak:0.00M | Scene, ViewLayer | Synchronizing object | Terrace stairs.028
Fra:14 Mem:83.28M (Peak 83.28M) | Time:00:00.03 | Mem:0.00M, Peak:0.00M | Scene, ViewLayer | Synchronizing object | Terrace stairs.029
Fra:14 Mem:83.30M (Peak 83.30M) | Time:00:00.03 | Mem:0.00M, Peak:0.00M | Scene, ViewLayer | Synchronizing object | Terrace stairs.030
Fra:14 Mem:83.31M (Peak 83.31M) | Time:00:00.03 | Mem:0.00M, Peak:0.00M | Scene, ViewLayer | Synchronizing object | Terrace stairs.031
Fra:14 Mem:83.31M (Peak 83.31M) | Time:00:00.03 | Mem:0.00M, Peak:0.00M | Scene, ViewLayer | Synchronizing object | Glazed bay.033
Fra:14 Mem:83.34M (Peak 83.34M) | Time:00:00.03 | Mem:0.00M, Peak:0.00M | Scene, ViewLayer | Synchronizing object | Glazed bay.034
Fra:14 Mem:83.35M (Peak 83.35M) | Time:00:00.03 | Mem:0.00M, Peak:0.00M | Scene, ViewLayer | Synchronizing object | Glazed bay.035
Fra:14 Mem:83.35M (Peak 83.35M) | Time:00:00.03 | Mem:0.00M, Peak:0.00M | Scene, ViewLayer | Synchronizing object | Horizontal mullion.077
Fra:14 Mem:83.38M (Peak 83.38M) | Time:00:00.03 | Mem:0.00M, Peak:0.00M | Scene, ViewLayer | Synchronizing object | Horizontal mullion.078
Fra:14 Mem:83.38M (Peak 83.38M) | Time:00:00.03 | Mem:0.00M, Peak:0.00M | Scene, ViewLayer | Synchronizing object | Horizontal mullion.079
Fra:14 Mem:83.38M (Peak 83.38M) | Time:00:00.03 | Mem:0.00M, Peak:0.00M | Scene, ViewLayer | Synchronizing object | Horizontal mullion.080
Fra:14 Mem:83.37M (Peak 83.38M) | Time:00:00.03 | Mem:0.00M, Peak:0.00M | Scene, ViewLayer | Synchronizing object | Horizontal mullion.082
Fra:14 Mem:83.38M (Peak 83.38M) | Time:00:00.03 | Mem:0.00M, Peak:0.00M | Scene, ViewLayer | Synchronizing object | Horizontal mullion.083
Fra:14 Mem:83.38M (Peak 83.38M) | Time:00:00.03 | Mem:0.00M, Peak:0.00M | Scene, ViewLayer | Synchronizing object | Vertical mullion.045
Fra:14 Mem:83.38M (Peak 83.38M) | Time:00:00.03 | Mem:0.00M, Peak:0.00M | Scene, ViewLayer | Synchronizing object | Primary rib.011
Fra:14 Mem:83.39M (Peak 83.39M) | Time:00:00.03 | Mem:0.00M, Peak:0.00M | Scene, ViewLayer | Synchronizing object | Curved eave panel.011
Fra:14 Mem:83.39M (Peak 83.39M) | Time:00:00.03 | Mem:0.00M, Peak:0.00M | Scene, ViewLayer | Synchronizing object | Eave silver edge.011
Fra:14 Mem:83.39M (Peak 83.39M) | Time:00:00.03 | Mem:0.00M, Peak:0.00M | Scene, ViewLayer | Synchronizing object | Stone terrace.011
Fra:14 Mem:83.41M (Peak 83.41M) | Time:00:00.03 | Mem:0.00M, Peak:0.00M | Scene, ViewLayer | Synchronizing object | Glazed bay.036
Fra:14 Mem:83.42M (Peak 83.42M) | Time:00:00.03 | Mem:0.00M, Peak:0.00M | Scene, ViewLayer | Synchronizing object | Glazed bay.038
Fra:14 Mem:83.46M (Peak 83.46M) | Time:00:00.03 | Mem:0.00M, Peak:0.00M | Scene, ViewLayer | Synchronizing object | Horizontal mullion.084
Fra:14 Mem:83.46M (Peak 83.46M) | Time:00:00.03 | Mem:0.00M, Peak:0.00M | Scene, ViewLayer | Synchronizing object | Horizontal mullion.085
Fra:14 Mem:83.46M (Peak 83.46M) | Time:00:00.03 | Mem:0.00M, Peak:0.00M | Scene, ViewLayer | Synchronizing object | Horizontal mullion.086
Fra:14 Mem:83.46M (Peak 83.46M) | Time:00:00.03 | Mem:0.00M, Peak:0.00M | Scene, ViewLayer | Synchronizing object | Horizontal mullion.087
Fra:14 Mem:83.46M (Peak 83.46M) | Time:00:00.03 | Mem:0.00M, Peak:0.00M | Scene, ViewLayer | Synchronizing object | Horizontal mullion.089
Fra:14 Mem:83.47M (Peak 83.47M) | Time:00:00.03 | Mem:0.00M, Peak:0.00M | Scene, ViewLayer | Synchronizing object | Vertical mullion.046
Fra:14 Mem:83.47M (Peak 83.47M) | Time:00:00.03 | Mem:0.00M, Peak:0.00M | Scene, ViewLayer | Synchronizing object | Vertical mullion.047
Fra:14 Mem:83.47M (Peak 83.47M) | Time:00:00.03 | Mem:0.00M, Peak:0.00M | Scene, ViewLayer | Synchronizing object | Primary rib.012
Fra:14 Mem:83.48M (Peak 83.48M) | Time:00:00.03 | Mem:0.00M, Peak:0.00M | Scene, ViewLayer | Synchronizing object | Curved eave panel.012
Fra:14 Mem:83.48M (Peak 83.48M) | Time:00:00.03 | Mem:0.00M, Peak:0.00M | Scene, ViewLayer | Synchronizing object | Eave silver edge.012
Fra:14 Mem:83.48M (Peak 83.48M) | Time:00:00.03 | Mem:0.00M, Peak:0.00M | Scene, ViewLayer | Synchronizing object | Roof rib.012
Fra:14 Mem:83.48M (Peak 83.48M) | Time:00:00.03 | Mem:0.00M, Peak:0.00M | Scene, ViewLayer | Synchronizing object | Stone terrace.012
Fra:14 Mem:83.49M (Peak 83.49M) | Time:00:00.03 | Mem:0.00M, Peak:0.00M | Scene, ViewLayer | Synchronizing object | Studio ground
Fra:14 Mem:83.52M (Peak 83.52M) | Time:00:00.03 | Mem:0.00M, Peak:0.00M | Scene, ViewLayer | Synchronizing object | Glazed bay.040
Fra:14 Mem:83.53M (Peak 83.53M) | Time:00:00.03 | Mem:0.00M, Peak:0.00M | Scene, ViewLayer | Synchronizing object | Glazed bay.041
Fra:14 Mem:83.56M (Peak 83.56M) | Time:00:00.03 | Mem:0.00M, Peak:0.00M | Scene, ViewLayer | Synchronizing object | Medical vest cross.001
Fra:14 Mem:83.57M (Peak 83.57M) | Time:00:00.03 | Mem:0.00M, Peak:0.00M | Scene, ViewLayer | Synchronizing object | Horizontal mullion.091
Fra:14 Mem:83.59M (Peak 83.59M) | Time:00:00.03 | Mem:0.00M, Peak:0.00M | Scene, ViewLayer | Synchronizing object | Horizontal mullion.092
Fra:14 Mem:83.59M (Peak 83.59M) | Time:00:00.03 | Mem:0.00M, Peak:0.00M | Scene, ViewLayer | Synchronizing object | Horizontal mullion.093
Fra:14 Mem:83.61M (Peak 83.61M) | Time:00:00.03 | Mem:0.00M, Peak:0.00M | Scene, ViewLayer | Synchronizing object | Horizontal mullion.094
Fra:14 Mem:83.58M (Peak 83.61M) | Time:00:00.03 | Mem:0.00M, Peak:0.00M | Scene, ViewLayer | Synchronizing object | Horizontal mullion.095
Fra:14 Mem:83.59M (Peak 83.61M) | Time:00:00.03 | Mem:0.00M, Peak:0.00M | Scene, ViewLayer | Synchronizing object | Vertical mullion.048
Fra:14 Mem:83.60M (Peak 83.61M) | Time:00:00.03 | Mem:0.00M, Peak:0.00M | Scene, ViewLayer | Synchronizing object | Vertical mullion.049
Fra:14 Mem:83.58M (Peak 83.61M) | Time:00:00.03 | Mem:0.00M, Peak:0.00M | Scene, ViewLayer | Synchronizing object | Medical vest cross
Fra:14 Mem:83.58M (Peak 83.61M) | Time:00:00.03 | Mem:0.00M, Peak:0.00M | Scene, ViewLayer | Synchronizing object | Vertical mullion.050
Fra:14 Mem:83.62M (Peak 83.62M) | Time:00:00.03 | Mem:0.00M, Peak:0.00M | Scene, ViewLayer | Synchronizing object | Vertical mullion.051
Fra:14 Mem:83.61M (Peak 83.62M) | Time:00:00.03 | Mem:0.00M, Peak:0.00M | Scene, ViewLayer | Synchronizing object | Curved eave panel.013
Fra:14 Mem:83.61M (Peak 83.62M) | Time:00:00.03 | Mem:0.00M, Peak:0.00M | Scene, ViewLayer | Synchronizing object | Eave silver edge.013
Fra:14 Mem:83.60M (Peak 83.62M) | Time:00:00.03 | Mem:0.00M, Peak:0.00M | Scene, ViewLayer | Synchronizing object | Medical vest
Fra:14 Mem:83.61M (Peak 83.62M) | Time:00:00.03 | Mem:0.00M, Peak:0.00M | Scene, ViewLayer | Synchronizing object | Roof rib.013
Fra:14 Mem:83.64M (Peak 83.64M) | Time:00:00.03 | Mem:0.00M, Peak:0.00M | Scene, ViewLayer | Synchronizing object | Stone terrace.013
Fra:14 Mem:83.64M (Peak 83.64M) | Time:00:00.03 | Mem:0.00M, Peak:0.00M | Scene, ViewLayer | Synchronizing object | Hair.001
Fra:14 Mem:83.64M (Peak 83.64M) | Time:00:00.03 | Mem:0.00M, Peak:0.00M | Scene, ViewLayer | Synchronizing object | Door glazing.008
Fra:14 Mem:83.67M (Peak 83.67M) | Time:00:00.03 | Mem:0.00M, Peak:0.00M | Scene, ViewLayer | Synchronizing object | Door handle.008
Fra:14 Mem:83.70M (Peak 83.70M) | Time:00:00.03 | Mem:0.00M, Peak:0.00M | Scene, ViewLayer | Synchronizing object | Adult head.002
Fra:14 Mem:83.70M (Peak 83.70M) | Time:00:00.03 | Mem:0.00M, Peak:0.00M | Scene, ViewLayer | Synchronizing object | Entrance door.009
Fra:14 Mem:83.72M (Peak 83.72M) | Time:00:00.03 | Mem:0.00M, Peak:0.00M | Scene, ViewLayer | Synchronizing object | Neck.002
Fra:14 Mem:83.72M (Peak 83.72M) | Time:00:00.03 | Mem:0.00M, Peak:0.00M | Scene, ViewLayer | Synchronizing object | Door glazing.009
Fra:14 Mem:83.73M (Peak 83.73M) | Time:00:00.03 | Mem:0.00M, Peak:0.00M | Scene, ViewLayer | Synchronizing object | Glove.005
Fra:14 Mem:83.75M (Peak 83.75M) | Time:00:00.03 | Mem:0.00M, Peak:0.00M | Scene, ViewLayer | Synchronizing object | Entrance canopy.004
Fra:14 Mem:83.75M (Peak 83.75M) | Time:00:00.03 | Mem:0.00M, Peak:0.00M | Scene, ViewLayer | Synchronizing object | Jacket forearm.005
Fra:14 Mem:83.77M (Peak 83.77M) | Time:00:00.03 | Mem:0.00M, Peak:0.00M | Scene, ViewLayer | Synchronizing object | Canopy column.009
Fra:14 Mem:83.77M (Peak 83.77M) | Time:00:00.03 | Mem:0.00M, Peak:0.00M | Scene, ViewLayer | Synchronizing object | Terrace stairs.032
Fra:14 Mem:83.78M (Peak 83.78M) | Time:00:00.03 | Mem:0.00M, Peak:0.00M | Scene, ViewLayer | Synchronizing object | Jacket upper sleeve.005
Fra:14 Mem:83.81M (Peak 83.81M) | Time:00:00.03 | Mem:0.00M, Peak:0.00M | Scene, ViewLayer | Synchronizing object | Terrace stairs.034
Fra:14 Mem:83.82M (Peak 83.82M) | Time:00:00.03 | Mem:0.00M, Peak:0.00M | Scene, ViewLayer | Synchronizing object | Boot.005
Fra:14 Mem:83.83M (Peak 83.83M) | Time:00:00.03 | Mem:0.00M, Peak:0.00M | Scene, ViewLayer | Synchronizing object | Terrace stairs.035
Fra:14 Mem:83.85M (Peak 83.85M) | Time:00:00.03 | Mem:0.00M, Peak:0.00M | Scene, ViewLayer | Synchronizing object | Trouser shin.005
Fra:14 Mem:83.88M (Peak 83.88M) | Time:00:00.03 | Mem:0.00M, Peak:0.00M | Scene, ViewLayer | Synchronizing object | Terrace stairs.036
Fra:14 Mem:83.84M (Peak 83.88M) | Time:00:00.03 | Mem:0.00M, Peak:0.00M | Scene, ViewLayer | Synchronizing object | Trouser thigh.005
Fra:14 Mem:83.87M (Peak 83.88M) | Time:00:00.03 | Mem:0.00M, Peak:0.00M | Scene, ViewLayer | Synchronizing object | Glove.004
Fra:14 Mem:83.87M (Peak 83.88M) | Time:00:00.03 | Mem:0.00M, Peak:0.00M | Scene, ViewLayer | Synchronizing object | Terrace stairs.038
Fra:14 Mem:83.91M (Peak 83.91M) | Time:00:00.03 | Mem:0.00M, Peak:0.00M | Scene, ViewLayer | Synchronizing object | Terrace stairs.039
Fra:14 Mem:83.91M (Peak 83.91M) | Time:00:00.03 | Mem:0.00M, Peak:0.00M | Scene, ViewLayer | Synchronizing object | Jacket forearm.004
Fra:14 Mem:83.93M (Peak 83.93M) | Time:00:00.03 | Mem:0.00M, Peak:0.00M | Scene, ViewLayer | Synchronizing object | Glazed bay.042
Fra:14 Mem:83.93M (Peak 83.93M) | Time:00:00.03 | Mem:0.00M, Peak:0.00M | Scene, ViewLayer | Synchronizing object | Jacket upper sleeve.004
Fra:14 Mem:83.95M (Peak 83.95M) | Time:00:00.03 | Mem:0.00M, Peak:0.00M | Scene, ViewLayer | Synchronizing object | Boot.004
Fra:14 Mem:83.94M (Peak 83.95M) | Time:00:00.03 | Mem:0.00M, Peak:0.00M | Scene, ViewLayer | Synchronizing object | Glazed bay.044
Fra:14 Mem:83.98M (Peak 83.98M) | Time:00:00.03 | Mem:0.00M, Peak:0.00M | Scene, ViewLayer | Synchronizing object | Trouser shin.004
Fra:14 Mem:83.99M (Peak 83.99M) | Time:00:00.03 | Mem:0.00M, Peak:0.00M | Scene, ViewLayer | Synchronizing object | Trouser thigh.004
Fra:14 Mem:84.00M (Peak 84.00M) | Time:00:00.03 | Mem:0.00M, Peak:0.00M | Scene, ViewLayer | Synchronizing object | Horizontal mullion.099
Fra:14 Mem:84.00M (Peak 84.00M) | Time:00:00.03 | Mem:0.00M, Peak:0.00M | Scene, ViewLayer | Synchronizing object | Horizontal mullion.100
Fra:14 Mem:83.99M (Peak 84.00M) | Time:00:00.03 | Mem:0.00M, Peak:0.00M | Scene, ViewLayer | Synchronizing object | Horizontal mullion.102
Fra:14 Mem:83.99M (Peak 84.00M) | Time:00:00.03 | Mem:0.00M, Peak:0.00M | Scene, ViewLayer | Synchronizing object | Horizontal mullion.103
Fra:14 Mem:84.01M (Peak 84.01M) | Time:00:00.03 | Mem:0.00M, Peak:0.00M | Scene, ViewLayer | Synchronizing object | Horizontal mullion.104
Fra:14 Mem:84.01M (Peak 84.01M) | Time:00:00.03 | Mem:0.00M, Peak:0.00M | Scene, ViewLayer | Synchronizing object | Pelvis.002
Fra:14 Mem:84.01M (Peak 84.01M) | Time:00:00.03 | Mem:0.00M, Peak:0.00M | Scene, ViewLayer | Synchronizing object | Vertical mullion.052
Fra:14 Mem:84.02M (Peak 84.02M) | Time:00:00.03 | Mem:0.00M, Peak:0.00M | Scene, ViewLayer | Synchronizing object | Jacket reflective strip.001
Fra:14 Mem:84.05M (Peak 84.05M) | Time:00:00.03 | Mem:0.00M, Peak:0.00M | Scene, ViewLayer | Synchronizing object | Vertical mullion.054
Fra:14 Mem:84.06M (Peak 84.06M) | Time:00:00.03 | Mem:0.00M, Peak:0.00M | Scene, ViewLayer | Synchronizing object | Vertical mullion.055
Fra:14 Mem:84.06M (Peak 84.06M) | Time:00:00.03 | Mem:0.00M, Peak:0.00M | Scene, ViewLayer | Synchronizing object | Curved eave panel.014
Fra:14 Mem:84.07M (Peak 84.07M) | Time:00:00.03 | Mem:0.00M, Peak:0.00M | Scene, ViewLayer | Synchronizing object | Eave silver edge.014
Fra:14 Mem:84.05M (Peak 84.07M) | Time:00:00.03 | Mem:0.00M, Peak:0.00M | Scene, ViewLayer | Synchronizing object | Jacket reflective strip
Fra:14 Mem:84.05M (Peak 84.07M) | Time:00:00.03 | Mem:0.00M, Peak:0.00M | Scene, ViewLayer | Synchronizing object | Roof rib.014
Fra:14 Mem:84.08M (Peak 84.08M) | Time:00:00.03 | Mem:0.00M, Peak:0.00M | Scene, ViewLayer | Synchronizing object | Stone terrace.014
Fra:14 Mem:84.10M (Peak 84.10M) | Time:00:00.03 | Mem:0.00M, Peak:0.00M | Scene, ViewLayer | Synchronizing object | Aerodynamic shell
Fra:14 Mem:84.12M (Peak 84.12M) | Time:00:00.04 | Mem:0.00M, Peak:0.00M | Scene, ViewLayer | Synchronizing object | Underframe
Fra:14 Mem:84.11M (Peak 84.12M) | Time:00:00.04 | Mem:0.00M, Peak:0.00M | Scene, ViewLayer | Synchronizing object | Breathing air cylinder.001
Fra:14 Mem:84.19M (Peak 84.19M) | Time:00:00.04 | Mem:0.00M, Peak:0.00M | Scene, ViewLayer | Synchronizing object | Breathing air cylinder
Fra:14 Mem:84.19M (Peak 84.19M) | Time:00:00.04 | Mem:0.00M, Peak:0.00M | Scene, ViewLayer | Synchronizing object | Navy belt
Fra:14 Mem:84.20M (Peak 84.20M) | Time:00:00.04 | Mem:0.00M, Peak:0.00M | Scene, ViewLayer | Synchronizing object | Face shield
Fra:14 Mem:84.26M (Peak 84.26M) | Time:00:00.04 | Mem:0.00M, Peak:0.00M | Scene, ViewLayer | Synchronizing object | Passenger window
Fra:14 Mem:84.24M (Peak 84.26M) | Time:00:00.04 | Mem:0.00M, Peak:0.00M | Scene, ViewLayer | Synchronizing object | Passenger window.001
Fra:14 Mem:84.25M (Peak 84.26M) | Time:00:00.04 | Mem:0.00M, Peak:0.00M | Scene, ViewLayer | Synchronizing object | Helmet brim
Fra:14 Mem:84.25M (Peak 84.26M) | Time:00:00.04 | Mem:0.00M, Peak:0.00M | Scene, ViewLayer | Synchronizing object | Passenger window.002
Fra:14 Mem:84.28M (Peak 84.28M) | Time:00:00.04 | Mem:0.00M, Peak:0.00M | Scene, ViewLayer | Synchronizing object | Passenger window.003
Fra:14 Mem:84.29M (Peak 84.29M) | Time:00:00.04 | Mem:0.00M, Peak:0.00M | Scene, ViewLayer | Synchronizing object | Safety helmet
Fra:14 Mem:84.29M (Peak 84.29M) | Time:00:00.04 | Mem:0.00M, Peak:0.00M | Scene, ViewLayer | Synchronizing object | Passenger window.004
Fra:14 Mem:84.30M (Peak 84.30M) | Time:00:00.04 | Mem:0.00M, Peak:0.00M | Scene, ViewLayer | Synchronizing object | Adult head.001
Fra:14 Mem:84.33M (Peak 84.33M) | Time:00:00.04 | Mem:0.00M, Peak:0.00M | Scene, ViewLayer | Synchronizing object | Passenger window.005
Fra:14 Mem:84.40M (Peak 84.40M) | Time:00:00.04 | Mem:0.00M, Peak:0.00M | Scene, ViewLayer | Synchronizing object | Neck.001
Fra:14 Mem:84.34M (Peak 84.40M) | Time:00:00.04 | Mem:0.00M, Peak:0.00M | Scene, ViewLayer | Synchronizing object | Passenger window.007
Fra:14 Mem:84.34M (Peak 84.40M) | Time:00:00.04 | Mem:0.00M, Peak:0.00M | Scene, ViewLayer | Synchronizing object | Sleeve reflective band.001
Fra:14 Mem:84.39M (Peak 84.40M) | Time:00:00.04 | Mem:0.00M, Peak:0.00M | Scene, ViewLayer | Synchronizing object | Glove.003
Fra:14 Mem:84.38M (Peak 84.40M) | Time:00:00.04 | Mem:0.00M, Peak:0.00M | Scene, ViewLayer | Synchronizing object | Passenger door
Fra:14 Mem:84.40M (Peak 84.40M) | Time:00:00.04 | Mem:0.00M, Peak:0.00M | Scene, ViewLayer | Synchronizing object | Jacket forearm.003
Fra:14 Mem:84.42M (Peak 84.42M) | Time:00:00.04 | Mem:0.00M, Peak:0.00M | Scene, ViewLayer | Synchronizing object | Door window
Fra:14 Mem:84.42M (Peak 84.42M) | Time:00:00.04 | Mem:0.00M, Peak:0.00M | Scene, ViewLayer | Synchronizing object | Jacket upper sleeve.003
Fra:14 Mem:84.42M (Peak 84.42M) | Time:00:00.04 | Mem:0.00M, Peak:0.00M | Scene, ViewLayer | Synchronizing object | Door window.001
Fra:14 Mem:84.44M (Peak 84.44M) | Time:00:00.04 | Mem:0.00M, Peak:0.00M | Scene, ViewLayer | Synchronizing object | Navy belt.001
Fra:14 Mem:84.45M (Peak 84.45M) | Time:00:00.04 | Mem:0.00M, Peak:0.00M | Scene, ViewLayer | Synchronizing object | Passenger window.008
Fra:14 Mem:84.47M (Peak 84.47M) | Time:00:00.04 | Mem:0.00M, Peak:0.00M | Scene, ViewLayer | Synchronizing object | Boot.003
Fra:14 Mem:84.49M (Peak 84.49M) | Time:00:00.04 | Mem:0.00M, Peak:0.00M | Scene, ViewLayer | Synchronizing object | Passenger window.009
Fra:14 Mem:84.50M (Peak 84.50M) | Time:00:00.04 | Mem:0.00M, Peak:0.00M | Scene, ViewLayer | Synchronizing object | Trouser shin.003
Fra:14 Mem:84.51M (Peak 84.51M) | Time:00:00.04 | Mem:0.00M, Peak:0.00M | Scene, ViewLayer | Synchronizing object | Trouser thigh.003
Fra:14 Mem:84.51M (Peak 84.51M) | Time:00:00.04 | Mem:0.00M, Peak:0.00M | Scene, ViewLayer | Synchronizing object | Passenger window.011
Fra:14 Mem:84.54M (Peak 84.54M) | Time:00:00.04 | Mem:0.00M, Peak:0.00M | Scene, ViewLayer | Synchronizing object | Sleeve reflective band
Fra:14 Mem:84.54M (Peak 84.54M) | Time:00:00.04 | Mem:0.00M, Peak:0.00M | Scene, ViewLayer | Synchronizing object | Passenger window.012
Fra:14 Mem:84.54M (Peak 84.54M) | Time:00:00.04 | Mem:0.00M, Peak:0.00M | Scene, ViewLayer | Synchronizing object | Glove.002
Fra:14 Mem:84.59M (Peak 84.59M) | Time:00:00.04 | Mem:0.00M, Peak:0.00M | Scene, ViewLayer | Synchronizing object | Passenger window.013
Fra:14 Mem:84.56M (Peak 84.59M) | Time:00:00.04 | Mem:0.00M, Peak:0.00M | Scene, ViewLayer | Synchronizing object | Passenger window.014
Fra:14 Mem:84.61M (Peak 84.61M) | Time:00:00.04 | Mem:0.00M, Peak:0.00M | Scene, ViewLayer | Synchronizing object | Jacket upper sleeve.002
Fra:14 Mem:84.60M (Peak 84.61M) | Time:00:00.04 | Mem:0.00M, Peak:0.00M | Scene, ViewLayer | Synchronizing object | Ankle reflective band
Fra:14 Mem:84.63M (Peak 84.63M) | Time:00:00.04 | Mem:0.00M, Peak:0.00M | Scene, ViewLayer | Synchronizing object | Passenger door.002
Fra:14 Mem:84.60M (Peak 84.63M) | Time:00:00.04 | Mem:0.00M, Peak:0.00M | Scene, ViewLayer | Synchronizing object | Boot.002
Fra:14 Mem:84.63M (Peak 84.63M) | Time:00:00.04 | Mem:0.00M, Peak:0.00M | Scene, ViewLayer | Synchronizing object | Door window.002
Fra:14 Mem:84.64M (Peak 84.64M) | Time:00:00.04 | Mem:0.00M, Peak:0.00M | Scene, ViewLayer | Synchronizing object | Door window.003
Fra:14 Mem:84.64M (Peak 84.64M) | Time:00:00.04 | Mem:0.00M, Peak:0.00M | Scene, ViewLayer | Synchronizing object | Trouser shin.002
Fra:14 Mem:84.67M (Peak 84.67M) | Time:00:00.04 | Mem:0.00M, Peak:0.00M | Scene, ViewLayer | Synchronizing object | Trouser thigh.002
Fra:14 Mem:84.66M (Peak 84.67M) | Time:00:00.04 | Mem:0.00M, Peak:0.00M | Scene, ViewLayer | Synchronizing object | Jacket.001
Fra:14 Mem:84.69M (Peak 84.69M) | Time:00:00.04 | Mem:0.00M, Peak:0.00M | Scene, ViewLayer | Synchronizing object | Bogie
Fra:14 Mem:84.69M (Peak 84.69M) | Time:00:00.04 | Mem:0.00M, Peak:0.00M | Scene, ViewLayer | Synchronizing object | Pelvis.001
Fra:14 Mem:84.75M (Peak 84.75M) | Time:00:00.04 | Mem:0.00M, Peak:0.00M | Scene, ViewLayer | Synchronizing object | Radio
Fra:14 Mem:84.75M (Peak 84.75M) | Time:00:00.04 | Mem:0.00M, Peak:0.00M | Scene, ViewLayer | Synchronizing object | Steel wheel
Fra:14 Mem:84.78M (Peak 84.78M) | Time:00:00.04 | Mem:0.00M, Peak:0.00M | Scene, ViewLayer | Synchronizing object | Steel wheel.001
Fra:14 Mem:84.77M (Peak 84.78M) | Time:00:00.04 | Mem:0.00M, Peak:0.00M | Scene, ViewLayer | Synchronizing object | Steel wheel.002
Fra:14 Mem:84.77M (Peak 84.78M) | Time:00:00.04 | Mem:0.00M, Peak:0.00M | Scene, ViewLayer | Synchronizing object | Steel wheel.003
Fra:14 Mem:84.76M (Peak 84.78M) | Time:00:00.04 | Mem:0.00M, Peak:0.00M | Scene, ViewLayer | Synchronizing object | Bogie.001
Fra:14 Mem:84.77M (Peak 84.78M) | Time:00:00.04 | Mem:0.00M, Peak:0.00M | Scene, ViewLayer | Synchronizing object | Steel wheel.005
Fra:14 Mem:84.77M (Peak 84.78M) | Time:00:00.04 | Mem:0.00M, Peak:0.00M | Scene, ViewLayer | Synchronizing object | Operations vest
Fra:14 Mem:84.79M (Peak 84.79M) | Time:00:00.04 | Mem:0.00M, Peak:0.00M | Scene, ViewLayer | Synchronizing object | Steel wheel.007
Fra:14 Mem:84.82M (Peak 84.82M) | Time:00:00.04 | Mem:0.00M, Peak:0.00M | Scene, ViewLayer | Synchronizing object | Swept cab windshield
Fra:14 Mem:84.79M (Peak 84.82M) | Time:00:00.04 | Mem:0.00M, Peak:0.00M | Scene, ViewLayer | Synchronizing object | Nose lamp
Fra:14 Mem:84.82M (Peak 84.82M) | Time:00:00.04 | Mem:0.00M, Peak:0.00M | Scene, ViewLayer | Synchronizing object | Nose lamp.001
Fra:14 Mem:84.81M (Peak 84.82M) | Time:00:00.04 | Mem:0.00M, Peak:0.00M | Scene, ViewLayer | Synchronizing object | Hair
Fra:14 Mem:84.83M (Peak 84.83M) | Time:00:00.04 | Mem:0.00M, Peak:0.00M | Scene, ViewLayer | Synchronizing object | Service identification
Fra:14 Mem:84.84M (Peak 84.84M) | Time:00:00.04 | Mem:0.00M, Peak:0.00M | Scene, ViewLayer | Synchronizing object | Aerodynamic shell.001
Fra:14 Mem:84.84M (Peak 84.84M) | Time:00:00.04 | Mem:0.00M, Peak:0.00M | Scene, ViewLayer | Synchronizing object | Adult head
Fra:14 Mem:84.90M (Peak 84.90M) | Time:00:00.04 | Mem:0.00M, Peak:0.00M | Scene, ViewLayer | Synchronizing object | Navy belt.002
Fra:14 Mem:84.95M (Peak 84.95M) | Time:00:00.04 | Mem:0.00M, Peak:0.00M | Scene, ViewLayer | Synchronizing object | Neck
Fra:14 Mem:84.94M (Peak 84.95M) | Time:00:00.04 | Mem:0.00M, Peak:0.00M | Scene, ViewLayer | Synchronizing object | Passenger window.016
Fra:14 Mem:84.95M (Peak 84.95M) | Time:00:00.04 | Mem:0.00M, Peak:0.00M | Scene, ViewLayer | Synchronizing object | Glove.001
Fra:14 Mem:84.97M (Peak 84.97M) | Time:00:00.04 | Mem:0.00M, Peak:0.00M | Scene, ViewLayer | Synchronizing object | Passenger window.017
Fra:14 Mem:84.98M (Peak 84.98M) | Time:00:00.04 | Mem:0.00M, Peak:0.00M | Scene, ViewLayer | Synchronizing object | Jacket forearm.001
Fra:14 Mem:85.00M (Peak 85.00M) | Time:00:00.04 | Mem:0.00M, Peak:0.00M | Scene, ViewLayer | Synchronizing object | Jacket upper sleeve.001
Fra:14 Mem:85.00M (Peak 85.00M) | Time:00:00.04 | Mem:0.00M, Peak:0.00M | Scene, ViewLayer | Synchronizing object | Boot.001
Fra:14 Mem:84.99M (Peak 85.00M) | Time:00:00.04 | Mem:0.00M, Peak:0.00M | Scene, ViewLayer | Synchronizing object | Passenger window.018
Fra:14 Mem:85.03M (Peak 85.03M) | Time:00:00.04 | Mem:0.00M, Peak:0.00M | Scene, ViewLayer | Synchronizing object | Trouser shin.001
Fra:14 Mem:85.06M (Peak 85.06M) | Time:00:00.04 | Mem:0.00M, Peak:0.00M | Scene, ViewLayer | Synchronizing object | Passenger window.019
Fra:14 Mem:85.03M (Peak 85.06M) | Time:00:00.04 | Mem:0.00M, Peak:0.00M | Scene, ViewLayer | Synchronizing object | Trouser thigh.001
Fra:14 Mem:85.04M (Peak 85.06M) | Time:00:00.04 | Mem:0.00M, Peak:0.00M | Scene, ViewLayer | Synchronizing object | Glove
Fra:14 Mem:85.05M (Peak 85.06M) | Time:00:00.04 | Mem:0.00M, Peak:0.00M | Scene, ViewLayer | Synchronizing object | Passenger window.021
Fra:14 Mem:85.07M (Peak 85.07M) | Time:00:00.04 | Mem:0.00M, Peak:0.00M | Scene, ViewLayer | Synchronizing object | Passenger window.022
Fra:14 Mem:85.10M (Peak 85.10M) | Time:00:00.04 | Mem:0.00M, Peak:0.00M | Scene, ViewLayer | Synchronizing object | Jacket upper sleeve
Fra:14 Mem:85.10M (Peak 85.10M) | Time:00:00.04 | Mem:0.00M, Peak:0.00M | Scene, ViewLayer | Synchronizing object | Passenger window.023
Fra:14 Mem:85.10M (Peak 85.10M) | Time:00:00.04 | Mem:0.00M, Peak:0.00M | Scene, ViewLayer | Synchronizing object | Passenger door.004
Fra:14 Mem:85.14M (Peak 85.14M) | Time:00:00.04 | Mem:0.00M, Peak:0.00M | Scene, ViewLayer | Synchronizing object | Door window.004
Fra:14 Mem:85.15M (Peak 85.15M) | Time:00:00.04 | Mem:0.00M, Peak:0.00M | Scene, ViewLayer | Synchronizing object | Trouser shin
Fra:14 Mem:85.17M (Peak 85.17M) | Time:00:00.04 | Mem:0.00M, Peak:0.00M | Scene, ViewLayer | Synchronizing object | Trouser thigh
Fra:14 Mem:85.17M (Peak 85.17M) | Time:00:00.04 | Mem:0.00M, Peak:0.00M | Scene, ViewLayer | Synchronizing object | Passenger door.005
Fra:14 Mem:85.17M (Peak 85.17M) | Time:00:00.04 | Mem:0.00M, Peak:0.00M | Scene, ViewLayer | Synchronizing object | Door window.005
Fra:14 Mem:85.17M (Peak 85.17M) | Time:00:00.04 | Mem:0.00M, Peak:0.00M | Scene, ViewLayer | Synchronizing object | Navy belt.003
Fra:14 Mem:85.20M (Peak 85.20M) | Time:00:00.04 | Mem:0.00M, Peak:0.00M | Scene, ViewLayer | Synchronizing object | Pelvis
Fra:14 Mem:85.22M (Peak 85.22M) | Time:00:00.04 | Mem:0.00M, Peak:0.00M | Scene, ViewLayer | Synchronizing object | Passenger window.024
Fra:14 Mem:85.24M (Peak 85.24M) | Time:00:00.04 | Mem:0.00M, Peak:0.00M | Scene, ViewLayer | Synchronizing object | Emergency beacon.003
Fra:14 Mem:85.26M (Peak 85.26M) | Time:00:00.04 | Mem:0.00M, Peak:0.00M | Scene, ViewLayer | Synchronizing object | Passenger window.025
Fra:14 Mem:85.24M (Peak 85.26M) | Time:00:00.04 | Mem:0.00M, Peak:0.00M | Scene, ViewLayer | Synchronizing object | Passenger window.026
Fra:14 Mem:85.29M (Peak 85.29M) | Time:00:00.04 | Mem:0.00M, Peak:0.00M | Scene, ViewLayer | Synchronizing object | Passenger window.027
Fra:14 Mem:85.30M (Peak 85.30M) | Time:00:00.04 | Mem:0.00M, Peak:0.00M | Scene, ViewLayer | Synchronizing object | Emergency beacon.002
Fra:14 Mem:85.30M (Peak 85.30M) | Time:00:00.04 | Mem:0.00M, Peak:0.00M | Scene, ViewLayer | Synchronizing object | Passenger window.028
Fra:14 Mem:85.30M (Peak 85.30M) | Time:00:00.04 | Mem:0.00M, Peak:0.00M | Scene, ViewLayer | Synchronizing object | Passenger window.029
Fra:14 Mem:85.34M (Peak 85.34M) | Time:00:00.04 | Mem:0.00M, Peak:0.00M | Scene, ViewLayer | Synchronizing object | Passenger window.030
Fra:14 Mem:85.35M (Peak 85.35M) | Time:00:00.04 | Mem:0.00M, Peak:0.00M | Scene, ViewLayer | Synchronizing object | Lightbar housing.001
Fra:14 Mem:85.36M (Peak 85.36M) | Time:00:00.04 | Mem:0.00M, Peak:0.00M | Scene, ViewLayer | Synchronizing object | Passenger window.031
Fra:14 Mem:85.36M (Peak 85.36M) | Time:00:00.04 | Mem:0.00M, Peak:0.00M | Scene, ViewLayer | Synchronizing object | Passenger door.006
Fra:14 Mem:85.38M (Peak 85.38M) | Time:00:00.04 | Mem:0.00M, Peak:0.00M | Scene, ViewLayer | Synchronizing object | Door window.006
Fra:14 Mem:85.38M (Peak 85.38M) | Time:00:00.04 | Mem:0.00M, Peak:0.00M | Scene, ViewLayer | Synchronizing object | Headlamp.003
Fra:14 Mem:85.41M (Peak 85.41M) | Time:00:00.04 | Mem:0.00M, Peak:0.00M | Scene, ViewLayer | Synchronizing object | Passenger door.007
Fra:14 Mem:85.42M (Peak 85.42M) | Time:00:00.04 | Mem:0.00M, Peak:0.00M | Scene, ViewLayer | Synchronizing object | Door window.007
Fra:14 Mem:85.44M (Peak 85.44M) | Time:00:00.04 | Mem:0.00M, Peak:0.00M | Scene, ViewLayer | Synchronizing object | Bogie.002
Fra:14 Mem:85.44M (Peak 85.44M) | Time:00:00.04 | Mem:0.00M, Peak:0.00M | Scene, ViewLayer | Synchronizing object | Headlamp.002
Fra:14 Mem:85.46M (Peak 85.46M) | Time:00:00.04 | Mem:0.00M, Peak:0.00M | Scene, ViewLayer | Synchronizing object | Steel wheel.008
Fra:14 Mem:85.46M (Peak 85.46M) | Time:00:00.04 | Mem:0.00M, Peak:0.00M | Scene, ViewLayer | Synchronizing object | Steel wheel.009
Fra:14 Mem:85.46M (Peak 85.46M) | Time:00:00.04 | Mem:0.00M, Peak:0.00M | Scene, ViewLayer | Synchronizing object | Steel wheel.010
Fra:14 Mem:85.47M (Peak 85.47M) | Time:00:00.04 | Mem:0.00M, Peak:0.00M | Scene, ViewLayer | Synchronizing object | Steel wheel.011
Fra:14 Mem:85.46M (Peak 85.47M) | Time:00:00.04 | Mem:0.00M, Peak:0.00M | Scene, ViewLayer | Synchronizing object | Steel wheel.012
Fra:14 Mem:85.46M (Peak 85.47M) | Time:00:00.04 | Mem:0.00M, Peak:0.00M | Scene, ViewLayer | Synchronizing object | Steel wheel.013
Fra:14 Mem:85.46M (Peak 85.47M) | Time:00:00.04 | Mem:0.00M, Peak:0.00M | Scene, ViewLayer | Synchronizing object | Steel wheel.014
Fra:14 Mem:85.47M (Peak 85.47M) | Time:00:00.04 | Mem:0.00M, Peak:0.00M | Scene, ViewLayer | Synchronizing object | Steel wheel.015
Fra:14 Mem:85.47M (Peak 85.47M) | Time:00:00.04 | Mem:0.00M, Peak:0.00M | Scene, ViewLayer | Synchronizing object | Chassis
Fra:14 Mem:85.47M (Peak 85.47M) | Time:00:00.04 | Mem:0.00M, Peak:0.00M | Scene, ViewLayer | Synchronizing object | Equipment body
Fra:14 Mem:85.53M (Peak 85.53M) | Time:00:00.04 | Mem:0.00M, Peak:0.00M | Scene, ViewLayer | Synchronizing object | Sloped crew cab
Fra:14 Mem:85.53M (Peak 85.53M) | Time:00:00.04 | Mem:0.00M, Peak:0.00M | Scene, ViewLayer | Synchronizing object | Front bumper.001
Fra:14 Mem:85.58M (Peak 85.58M) | Time:00:00.04 | Mem:0.00M, Peak:0.00M | Scene, ViewLayer | Synchronizing object | Cab side window
Fra:14 Mem:85.56M (Peak 85.58M) | Time:00:00.04 | Mem:0.00M, Peak:0.00M | Scene, ViewLayer | Synchronizing object | Cab handle
Fra:14 Mem:85.60M (Peak 85.60M) | Time:00:00.04 | Mem:0.00M, Peak:0.00M | Scene, ViewLayer | Synchronizing object | Wheel rim.007
Fra:14 Mem:85.60M (Peak 85.60M) | Time:00:00.04 | Mem:0.00M, Peak:0.00M | Scene, ViewLayer | Synchronizing object | Tire.007
Fra:14 Mem:85.59M (Peak 85.60M) | Time:00:00.04 | Mem:0.00M, Peak:0.00M | Scene, ViewLayer | Synchronizing object | Mirror arm
Fra:14 Mem:85.60M (Peak 85.60M) | Time:00:00.04 | Mem:0.00M, Peak:0.00M | Scene, ViewLayer | Synchronizing object | Wheel rim.006
Fra:14 Mem:85.60M (Peak 85.60M) | Time:00:00.04 | Mem:0.00M, Peak:0.00M | Scene, ViewLayer | Synchronizing object | Safety stripe
Fra:14 Mem:85.60M (Peak 85.60M) | Time:00:00.04 | Mem:0.00M, Peak:0.00M | Scene, ViewLayer | Synchronizing object | Tire.006
Fra:14 Mem:85.60M (Peak 85.60M) | Time:00:00.04 | Mem:0.00M, Peak:0.00M | Scene, ViewLayer | Synchronizing object | Roller equipment shutter
Fra:14 Mem:85.63M (Peak 85.63M) | Time:00:00.04 | Mem:0.00M, Peak:0.00M | Scene, ViewLayer | Synchronizing object | Wheel rim.005
Fra:14 Mem:85.65M (Peak 85.65M) | Time:00:00.04 | Mem:0.00M, Peak:0.00M | Scene, ViewLayer | Synchronizing object | Tire.005
Fra:14 Mem:85.66M (Peak 85.66M) | Time:00:00.04 | Mem:0.00M, Peak:0.00M | Scene, ViewLayer | Synchronizing object | Wheel rim.004
Fra:14 Mem:85.65M (Peak 85.66M) | Time:00:00.04 | Mem:0.00M, Peak:0.00M | Scene, ViewLayer | Synchronizing object | Shutter rib.001
Fra:14 Mem:85.65M (Peak 85.66M) | Time:00:00.04 | Mem:0.00M, Peak:0.00M | Scene, ViewLayer | Synchronizing object | Shutter rib.002
Fra:14 Mem:85.68M (Peak 85.68M) | Time:00:00.04 | Mem:0.00M, Peak:0.00M | Scene, ViewLayer | Synchronizing object | Shutter rib.003
Fra:14 Mem:85.67M (Peak 85.68M) | Time:00:00.04 | Mem:0.00M, Peak:0.00M | Scene, ViewLayer | Synchronizing object | Shutter rib.004
Fra:14 Mem:85.71M (Peak 85.71M) | Time:00:00.04 | Mem:0.00M, Peak:0.00M | Scene, ViewLayer | Synchronizing object | Shutter rib.005
Fra:14 Mem:85.72M (Peak 85.72M) | Time:00:00.04 | Mem:0.00M, Peak:0.00M | Scene, ViewLayer | Synchronizing object | Shutter rib.006
Fra:14 Mem:85.76M (Peak 85.76M) | Time:00:00.04 | Mem:0.00M, Peak:0.00M | Scene, ViewLayer | Synchronizing object | 119 side marking.003
Fra:14 Mem:85.78M (Peak 85.78M) | Time:00:00.04 | Mem:0.00M, Peak:0.00M | Scene, ViewLayer | Synchronizing object | Shutter latch
Fra:14 Mem:85.78M (Peak 85.78M) | Time:00:00.04 | Mem:0.00M, Peak:0.00M | Scene, ViewLayer | Synchronizing object | Medical cross horizontal.001
Fra:14 Mem:85.80M (Peak 85.80M) | Time:00:00.04 | Mem:0.00M, Peak:0.00M | Scene, ViewLayer | Synchronizing object | Roller equipment shutter.001
Fra:14 Mem:85.82M (Peak 85.82M) | Time:00:00.04 | Mem:0.00M, Peak:0.00M | Scene, ViewLayer | Synchronizing object | Shutter rib.007
Fra:14 Mem:85.84M (Peak 85.84M) | Time:00:00.04 | Mem:0.00M, Peak:0.00M | Scene, ViewLayer | Synchronizing object | Shutter rib.008
Fra:14 Mem:85.84M (Peak 85.84M) | Time:00:00.04 | Mem:0.00M, Peak:0.00M | Scene, ViewLayer | Synchronizing object | Medical cross vertical.001
Fra:14 Mem:85.85M (Peak 85.85M) | Time:00:00.04 | Mem:0.00M, Peak:0.00M | Scene, ViewLayer | Synchronizing object | Shutter rib.009
Fra:14 Mem:85.88M (Peak 85.88M) | Time:00:00.04 | Mem:0.00M, Peak:0.00M | Scene, ViewLayer | Synchronizing object | Shutter rib.010
Fra:14 Mem:85.90M (Peak 85.90M) | Time:00:00.04 | Mem:0.00M, Peak:0.00M | Scene, ViewLayer | Synchronizing object | Shutter rib.011
Fra:14 Mem:85.89M (Peak 85.90M) | Time:00:00.04 | Mem:0.00M, Peak:0.00M | Scene, ViewLayer | Synchronizing object | Patient window.001
Fra:14 Mem:85.93M (Peak 85.93M) | Time:00:00.04 | Mem:0.00M, Peak:0.00M | Scene, ViewLayer | Synchronizing object | Shutter rib.012
Fra:14 Mem:85.92M (Peak 85.93M) | Time:00:00.04 | Mem:0.00M, Peak:0.00M | Scene, ViewLayer | Synchronizing object | Shutter rib.013
Fra:14 Mem:85.96M (Peak 85.96M) | Time:00:00.04 | Mem:0.00M, Peak:0.00M | Scene, ViewLayer | Synchronizing object | Shutter latch.001
Fra:14 Mem:85.94M (Peak 85.96M) | Time:00:00.04 | Mem:0.00M, Peak:0.00M | Scene, ViewLayer | Synchronizing object | Safety stripe.003
Fra:14 Mem:85.98M (Peak 85.98M) | Time:00:00.04 | Mem:0.00M, Peak:0.00M | Scene, ViewLayer | Synchronizing object | Roller equipment shutter.002
Fra:14 Mem:85.96M (Peak 85.98M) | Time:00:00.04 | Mem:0.00M, Peak:0.00M | Scene, ViewLayer | Synchronizing object | Shutter rib.014
Fra:14 Mem:85.99M (Peak 85.99M) | Time:00:00.04 | Mem:0.00M, Peak:0.00M | Scene, ViewLayer | Synchronizing object | Shutter rib.015
Fra:14 Mem:85.99M (Peak 85.99M) | Time:00:00.04 | Mem:0.00M, Peak:0.00M | Scene, ViewLayer | Synchronizing object | Wing mirror.003
Fra:14 Mem:86.01M (Peak 86.01M) | Time:00:00.04 | Mem:0.00M, Peak:0.00M | Scene, ViewLayer | Synchronizing object | Shutter rib.016
Fra:14 Mem:86.02M (Peak 86.02M) | Time:00:00.04 | Mem:0.00M, Peak:0.00M | Scene, ViewLayer | Synchronizing object | Shutter rib.017
Fra:14 Mem:86.07M (Peak 86.07M) | Time:00:00.04 | Mem:0.00M, Peak:0.00M | Scene, ViewLayer | Synchronizing object | Shutter rib.018
Fra:14 Mem:86.04M (Peak 86.07M) | Time:00:00.04 | Mem:0.00M, Peak:0.00M | Scene, ViewLayer | Synchronizing object | Mirror arm.003
Fra:14 Mem:86.06M (Peak 86.07M) | Time:00:00.04 | Mem:0.00M, Peak:0.00M | Scene, ViewLayer | Synchronizing object | Cab handle.003
Fra:14 Mem:86.05M (Peak 86.07M) | Time:00:00.04 | Mem:0.00M, Peak:0.00M | Scene, ViewLayer | Synchronizing object | Shutter rib.019
Fra:14 Mem:86.08M (Peak 86.08M) | Time:00:00.04 | Mem:0.00M, Peak:0.00M | Scene, ViewLayer | Synchronizing object | Shutter rib.020
Fra:14 Mem:86.10M (Peak 86.10M) | Time:00:00.04 | Mem:0.00M, Peak:0.00M | Scene, ViewLayer | Synchronizing object | Shutter latch.002
Fra:14 Mem:86.11M (Peak 86.11M) | Time:00:00.04 | Mem:0.00M, Peak:0.00M | Scene, ViewLayer | Synchronizing object | Cab side window.003
Fra:14 Mem:86.14M (Peak 86.14M) | Time:00:00.04 | Mem:0.00M, Peak:0.00M | Scene, ViewLayer | Synchronizing object | 119 side marking
Fra:14 Mem:86.12M (Peak 86.14M) | Time:00:00.04 | Mem:0.00M, Peak:0.00M | Scene, ViewLayer | Synchronizing object | Cab side window.001
Fra:14 Mem:86.17M (Peak 86.17M) | Time:00:00.04 | Mem:0.00M, Peak:0.00M | Scene, ViewLayer | Synchronizing object | Cab handle.001
Fra:14 Mem:86.17M (Peak 86.17M) | Time:00:00.04 | Mem:0.00M, Peak:0.00M | Scene, ViewLayer | Synchronizing object | 119 side marking.002
Fra:14 Mem:86.21M (Peak 86.21M) | Time:00:00.04 | Mem:0.00M, Peak:0.00M | Scene, ViewLayer | Synchronizing object | Wing mirror.001
Fra:14 Mem:86.22M (Peak 86.22M) | Time:00:00.04 | Mem:0.00M, Peak:0.00M | Scene, ViewLayer | Synchronizing object | Safety stripe.001
Fra:14 Mem:86.24M (Peak 86.24M) | Time:00:00.04 | Mem:0.00M, Peak:0.00M | Scene, ViewLayer | Synchronizing object | Medical cross horizontal
Fra:14 Mem:86.25M (Peak 86.25M) | Time:00:00.04 | Mem:0.00M, Peak:0.00M | Scene, ViewLayer | Synchronizing object | Roller equipment shutter.003
Fra:14 Mem:86.28M (Peak 86.28M) | Time:00:00.04 | Mem:0.00M, Peak:0.00M | Scene, ViewLayer | Synchronizing object | Shutter rib.021
Fra:14 Mem:86.29M (Peak 86.29M) | Time:00:00.04 | Mem:0.00M, Peak:0.00M | Scene, ViewLayer | Synchronizing object | Shutter rib.022
Fra:14 Mem:86.30M (Peak 86.30M) | Time:00:00.04 | Mem:0.00M, Peak:0.00M | Scene, ViewLayer | Synchronizing object | Medical cross vertical
Fra:14 Mem:86.31M (Peak 86.31M) | Time:00:00.04 | Mem:0.00M, Peak:0.00M | Scene, ViewLayer | Synchronizing object | Shutter rib.023
Fra:14 Mem:86.33M (Peak 86.33M) | Time:00:00.04 | Mem:0.00M, Peak:0.00M | Scene, ViewLayer | Synchronizing object | Shutter rib.024
Fra:14 Mem:86.34M (Peak 86.34M) | Time:00:00.04 | Mem:0.00M, Peak:0.00M | Scene, ViewLayer | Synchronizing object | Shutter rib.025
Fra:14 Mem:86.35M (Peak 86.35M) | Time:00:00.04 | Mem:0.00M, Peak:0.00M | Scene, ViewLayer | Synchronizing object | Patient window
Fra:14 Mem:86.36M (Peak 86.36M) | Time:00:00.04 | Mem:0.00M, Peak:0.00M | Scene, ViewLayer | Synchronizing object | Shutter rib.026
Fra:14 Mem:86.37M (Peak 86.37M) | Time:00:00.04 | Mem:0.00M, Peak:0.00M | Scene, ViewLayer | Synchronizing object | Shutter rib.027
Fra:14 Mem:86.39M (Peak 86.39M) | Time:00:00.04 | Mem:0.00M, Peak:0.00M | Scene, ViewLayer | Synchronizing object | Shutter latch.003
Fra:14 Mem:86.39M (Peak 86.39M) | Time:00:00.04 | Mem:0.00M, Peak:0.00M | Scene, ViewLayer | Synchronizing object | Safety stripe.002
Fra:14 Mem:86.42M (Peak 86.42M) | Time:00:00.04 | Mem:0.00M, Peak:0.00M | Scene, ViewLayer | Synchronizing object | Roller equipment shutter.004
Fra:14 Mem:86.43M (Peak 86.43M) | Time:00:00.04 | Mem:0.00M, Peak:0.00M | Scene, ViewLayer | Synchronizing object | Shutter rib.028
Fra:14 Mem:86.44M (Peak 86.44M) | Time:00:00.04 | Mem:0.00M, Peak:0.00M | Scene, ViewLayer | Synchronizing object | Shutter rib.029
Fra:14 Mem:86.45M (Peak 86.45M) | Time:00:00.04 | Mem:0.00M, Peak:0.00M | Scene, ViewLayer | Synchronizing object | Wing mirror.002
Fra:14 Mem:86.46M (Peak 86.46M) | Time:00:00.04 | Mem:0.00M, Peak:0.00M | Scene, ViewLayer | Synchronizing object | Shutter rib.030
Fra:14 Mem:86.47M (Peak 86.47M) | Time:00:00.04 | Mem:0.00M, Peak:0.00M | Scene, ViewLayer | Synchronizing object | Shutter rib.031
Fra:14 Mem:86.50M (Peak 86.50M) | Time:00:00.04 | Mem:0.00M, Peak:0.00M | Scene, ViewLayer | Synchronizing object | Shutter rib.032
Fra:14 Mem:86.51M (Peak 86.51M) | Time:00:00.04 | Mem:0.00M, Peak:0.00M | Scene, ViewLayer | Synchronizing object | Mirror arm.002
Fra:14 Mem:86.51M (Peak 86.51M) | Time:00:00.04 | Mem:0.00M, Peak:0.00M | Scene, ViewLayer | Synchronizing object | Shutter rib.033
Fra:14 Mem:86.52M (Peak 86.52M) | Time:00:00.04 | Mem:0.00M, Peak:0.00M | Scene, ViewLayer | Synchronizing object | Shutter rib.034
Fra:14 Mem:86.53M (Peak 86.53M) | Time:00:00.04 | Mem:0.00M, Peak:0.00M | Scene, ViewLayer | Synchronizing object | Shutter latch.004
Fra:14 Mem:86.56M (Peak 86.56M) | Time:00:00.04 | Mem:0.00M, Peak:0.00M | Scene, ViewLayer | Synchronizing object | Roller equipment shutter.005
Fra:14 Mem:86.57M (Peak 86.57M) | Time:00:00.04 | Mem:0.00M, Peak:0.00M | Scene, ViewLayer | Synchronizing object | Shutter rib.035
Fra:14 Mem:86.58M (Peak 86.58M) | Time:00:00.04 | Mem:0.00M, Peak:0.00M | Scene, ViewLayer | Synchronizing object | Cab side window.002
Fra:14 Mem:86.59M (Peak 86.59M) | Time:00:00.04 | Mem:0.00M, Peak:0.00M | Scene, ViewLayer | Synchronizing object | Shutter rib.036
Fra:14 Mem:86.61M (Peak 86.61M) | Time:00:00.04 | Mem:0.00M, Peak:0.00M | Scene, ViewLayer | Synchronizing object | Shutter rib.037
Fra:14 Mem:86.62M (Peak 86.62M) | Time:00:00.04 | Mem:0.00M, Peak:0.00M | Scene, ViewLayer | Synchronizing object | Shutter rib.038
Fra:14 Mem:86.62M (Peak 86.62M) | Time:00:00.04 | Mem:0.00M, Peak:0.00M | Scene, ViewLayer | Synchronizing object | Windscreen.001
Fra:14 Mem:86.64M (Peak 86.64M) | Time:00:00.04 | Mem:0.00M, Peak:0.00M | Scene, ViewLayer | Synchronizing object | Shutter rib.039
Fra:14 Mem:86.65M (Peak 86.65M) | Time:00:00.04 | Mem:0.00M, Peak:0.00M | Scene, ViewLayer | Synchronizing object | Sloped crew cab.001
Fra:14 Mem:86.65M (Peak 86.65M) | Time:00:00.04 | Mem:0.00M, Peak:0.00M | Scene, ViewLayer | Synchronizing object | Shutter rib.040
Fra:14 Mem:86.68M (Peak 86.68M) | Time:00:00.04 | Mem:0.00M, Peak:0.00M | Scene, ViewLayer | Synchronizing object | Shutter rib.041
Fra:14 Mem:86.70M (Peak 86.70M) | Time:00:00.04 | Mem:0.00M, Peak:0.00M | Scene, ViewLayer | Synchronizing object | Shutter latch.005
Fra:14 Mem:86.73M (Peak 86.73M) | Time:00:00.04 | Mem:0.00M, Peak:0.00M | Scene, ViewLayer | Synchronizing object | 119 side marking.001
Fra:14 Mem:86.73M (Peak 86.73M) | Time:00:00.04 | Mem:0.00M, Peak:0.00M | Scene, ViewLayer | Synchronizing object | Wheel rim
Fra:14 Mem:86.74M (Peak 86.74M) | Time:00:00.04 | Mem:0.00M, Peak:0.00M | Scene, ViewLayer | Synchronizing object | Tire.001
Fra:14 Mem:86.76M (Peak 86.76M) | Time:00:00.04 | Mem:0.00M, Peak:0.00M | Scene, ViewLayer | Synchronizing object | Wheel rim.001
Fra:14 Mem:86.76M (Peak 86.76M) | Time:00:00.04 | Mem:0.00M, Peak:0.00M | Scene, ViewLayer | Synchronizing object | Wheel rim.002
Fra:14 Mem:86.76M (Peak 86.76M) | Time:00:00.04 | Mem:0.00M, Peak:0.00M | Scene, ViewLayer | Synchronizing object | Chassis.001
Fra:14 Mem:86.78M (Peak 86.78M) | Time:00:00.04 | Mem:0.00M, Peak:0.00M | Scene, ViewLayer | Synchronizing object | Wheel rim.003
Fra:14 Mem:86.80M (Peak 86.80M) | Time:00:00.04 | Mem:0.00M, Peak:0.00M | Scene, ViewLayer | Synchronizing object | Front bumper
Fra:14 Mem:86.78M (Peak 86.80M) | Time:00:00.04 | Mem:0.00M, Peak:0.00M | Scene, ViewLayer | Synchronizing object | Water monitor
Fra:14 Mem:86.80M (Peak 86.80M) | Time:00:00.04 | Mem:0.00M, Peak:0.00M | Scene, ViewLayer | Synchronizing object | Hose reel
Fra:14 Mem:86.81M (Peak 86.81M) | Time:00:00.04 | Mem:0.00M, Peak:0.00M | Scene, ViewLayer | Synchronizing object | Roof ladder rung.010
Fra:14 Mem:86.81M (Peak 86.81M) | Time:00:00.04 | Mem:0.00M, Peak:0.00M | Scene, ViewLayer | Synchronizing object | Radiator grille
Fra:14 Mem:86.81M (Peak 86.81M) | Time:00:00.04 | Mem:0.00M, Peak:0.00M | Scene, ViewLayer | Synchronizing object | Headlamp
Fra:14 Mem:86.83M (Peak 86.83M) | Time:00:00.04 | Mem:0.00M, Peak:0.00M | Scene, ViewLayer | Synchronizing object | Headlamp.001
Fra:14 Mem:86.86M (Peak 86.86M) | Time:00:00.04 | Mem:0.00M, Peak:0.00M | Scene, ViewLayer | Synchronizing object | Roof ladder rung.008
Fra:14 Mem:86.87M (Peak 86.87M) | Time:00:00.04 | Mem:0.00M, Peak:0.00M | Scene, ViewLayer | Synchronizing object | Roof ladder rung.007
Fra:14 Mem:86.88M (Peak 86.88M) | Time:00:00.04 | Mem:0.00M, Peak:0.00M | Scene, ViewLayer | Synchronizing object | Roof ladder rung.006
Fra:14 Mem:86.86M (Peak 86.88M) | Time:00:00.04 | Mem:0.00M, Peak:0.00M | Scene, ViewLayer | Synchronizing object | Lightbar housing
Fra:14 Mem:86.87M (Peak 86.88M) | Time:00:00.04 | Mem:0.00M, Peak:0.00M | Scene, ViewLayer | Synchronizing object | Emergency beacon
Fra:14 Mem:86.87M (Peak 86.88M) | Time:00:00.04 | Mem:0.00M, Peak:0.00M | Scene, ViewLayer | Synchronizing object | Emergency beacon.001
Fra:14 Mem:86.90M (Peak 86.90M) | Time:00:00.04 | Mem:0.00M, Peak:0.00M | Scene, ViewLayer | Synchronizing object | Roof ladder rung.004
Fra:14 Mem:86.90M (Peak 86.90M) | Time:00:00.04 | Mem:0.00M, Peak:0.00M | Scene, ViewLayer | Synchronizing object | Roof ladder rung.003
Fra:14 Mem:86.91M (Peak 86.91M) | Time:00:00.04 | Mem:0.00M, Peak:0.00M | Scene, ViewLayer | Synchronizing object | Roof ladder rung.002
Fra:14 Mem:86.93M (Peak 86.93M) | Time:00:00.04 | Mem:0.00M, Peak:0.00M | Scene, ViewLayer | Synchronizing object | Roof ladder rail
Fra:14 Mem:86.91M (Peak 86.93M) | Time:00:00.04 | Mem:0.00M, Peak:0.00M | Scene, ViewLayer | Synchronizing object | Roof ladder rail.001
Fra:14 Mem:86.91M (Peak 86.93M) | Time:00:00.04 | Mem:0.00M, Peak:0.00M | Scene, ViewLayer | Synchronizing object | Roof ladder rung
Fra:14 Mem:86.91M (Peak 86.93M) | Time:00:00.04 | Mem:0.00M, Peak:0.00M | Scene, ViewLayer | Initializing
Fra:14 Mem:59.98M (Peak 86.93M) | Time:00:00.04 | Mem:0.00M, Peak:0.00M | Scene, ViewLayer | Waiting for render to start
Fra:14 Mem:59.98M (Peak 86.93M) | Time:00:00.04 | Mem:0.00M, Peak:0.00M | Scene, ViewLayer | Updating Scene
Fra:14 Mem:59.98M (Peak 86.93M) | Time:00:00.04 | Mem:0.00M, Peak:0.00M | Scene, ViewLayer | Updating Shaders
Fra:14 Mem:59.98M (Peak 86.93M) | Time:00:00.04 | Mem:0.00M, Peak:0.00M | Scene, ViewLayer | Loading render kernels (may take a few minutes the first time)
Fra:14 Mem:60.07M (Peak 86.93M) | Time:00:00.04 | Mem:0.01M, Peak:0.01M | Scene, ViewLayer | Updating Procedurals
Fra:14 Mem:60.07M (Peak 86.93M) | Time:00:00.04 | Mem:0.01M, Peak:0.01M | Scene, ViewLayer | Updating Background
Fra:14 Mem:60.07M (Peak 86.93M) | Time:00:00.04 | Mem:0.01M, Peak:0.01M | Scene, ViewLayer | Updating Camera
Fra:14 Mem:60.07M (Peak 86.93M) | Time:00:00.04 | Mem:0.01M, Peak:0.01M | Scene, ViewLayer | Updating Meshes Flags
Fra:14 Mem:60.07M (Peak 86.93M) | Time:00:00.04 | Mem:0.01M, Peak:0.01M | Scene, ViewLayer | Updating Objects
Fra:14 Mem:60.07M (Peak 86.93M) | Time:00:00.04 | Mem:0.01M, Peak:0.01M | Scene, ViewLayer | Updating Objects | Copying Transformations to device
Fra:14 Mem:60.23M (Peak 86.93M) | Time:00:00.05 | Mem:0.16M, Peak:0.16M | Scene, ViewLayer | Updating Particle Systems
Fra:14 Mem:60.23M (Peak 86.93M) | Time:00:00.05 | Mem:0.16M, Peak:0.16M | Scene, ViewLayer | Updating Particle Systems | Copying Particles to device
Fra:14 Mem:60.23M (Peak 86.93M) | Time:00:00.05 | Mem:0.16M, Peak:0.16M | Scene, ViewLayer | Updating Meshes
Fra:14 Mem:60.23M (Peak 86.93M) | Time:00:00.05 | Mem:0.16M, Peak:0.16M | Scene, ViewLayer | Updating Objects | Applying Static Transformations
Fra:14 Mem:60.23M (Peak 86.93M) | Time:00:00.05 | Mem:0.16M, Peak:0.16M | Scene, ViewLayer | Updating Mesh | Computing attributes
Fra:14 Mem:61.27M (Peak 86.93M) | Time:00:00.05 | Mem:0.20M, Peak:0.20M | Scene, ViewLayer | Updating Mesh | Copying Attributes to device
Fra:14 Mem:61.19M (Peak 86.93M) | Time:00:00.05 | Mem:1.13M, Peak:1.13M | Scene, ViewLayer | Updating Scene BVH | Building
Fra:14 Mem:61.20M (Peak 86.93M) | Time:00:00.05 | Mem:1.13M, Peak:1.13M | Scene, ViewLayer | Updating Scene BVH | Building BVH
Fra:14 Mem:61.20M (Peak 86.93M) | Time:00:00.05 | Mem:2.96M, Peak:2.96M | Scene, ViewLayer | Updating Scene BVH | Building BVH 0%
Fra:14 Mem:61.20M (Peak 86.93M) | Time:00:00.05 | Mem:5.14M, Peak:6.97M | Scene, ViewLayer | Updating Scene BVH | Copying BVH to device
Fra:14 Mem:61.20M (Peak 86.93M) | Time:00:00.05 | Mem:5.14M, Peak:6.97M | Scene, ViewLayer | Updating Mesh | Computing normals
Fra:14 Mem:63.97M (Peak 86.93M) | Time:00:00.05 | Mem:5.14M, Peak:6.97M | Scene, ViewLayer | Updating Mesh | Copying Mesh to device
Fra:14 Mem:63.97M (Peak 86.93M) | Time:00:00.05 | Mem:7.90M, Peak:7.90M | Scene, ViewLayer | Updating Objects Flags
Fra:14 Mem:63.97M (Peak 86.93M) | Time:00:00.05 | Mem:7.91M, Peak:7.91M | Scene, ViewLayer | Updating Primitive Offsets
Fra:14 Mem:63.97M (Peak 86.93M) | Time:00:00.05 | Mem:7.91M, Peak:7.91M | Scene, ViewLayer | Updating Images
Fra:14 Mem:63.97M (Peak 86.93M) | Time:00:00.05 | Mem:7.91M, Peak:7.91M | Scene, ViewLayer | Updating Images | Loading Concrete031_1K-JPG_Color.jpg
Fra:14 Mem:67.97M (Peak 86.93M) | Time:00:00.05 | Mem:7.91M, Peak:7.91M | Scene, ViewLayer | Updating Images | Loading Metal032_1K-JPG_Color.jpg
Fra:14 Mem:71.98M (Peak 86.93M) | Time:00:00.06 | Mem:15.91M, Peak:15.91M | Scene, ViewLayer | Updating Camera Volume
Fra:14 Mem:71.98M (Peak 86.93M) | Time:00:00.06 | Mem:15.91M, Peak:15.91M | Scene, ViewLayer | Updating Lookup Tables
Fra:14 Mem:71.98M (Peak 86.93M) | Time:00:00.06 | Mem:15.99M, Peak:15.99M | Scene, ViewLayer | Updating Lights
Fra:14 Mem:71.98M (Peak 86.93M) | Time:00:00.06 | Mem:15.99M, Peak:15.99M | Scene, ViewLayer | Updating Lights | Computing tree
Fra:14 Mem:71.99M (Peak 86.93M) | Time:00:00.06 | Mem:16.00M, Peak:16.00M | Scene, ViewLayer | Updating Integrator
Fra:14 Mem:71.99M (Peak 86.93M) | Time:00:00.06 | Mem:16.00M, Peak:16.00M | Scene, ViewLayer | Updating Film
Fra:14 Mem:71.99M (Peak 86.93M) | Time:00:00.06 | Mem:15.92M, Peak:16.00M | Scene, ViewLayer | Updating Lookup Tables
Fra:14 Mem:71.99M (Peak 86.93M) | Time:00:00.06 | Mem:16.00M, Peak:16.00M | Scene, ViewLayer | Updating Baking
Fra:14 Mem:71.99M (Peak 86.93M) | Time:00:00.06 | Mem:16.00M, Peak:16.00M | Scene, ViewLayer | Updating Device | Writing constant memory
Fra:14 Mem:72.00M (Peak 86.93M) | Time:00:00.06 | Mem:16.00M, Peak:16.00M | Scene, ViewLayer | Loading denoising kernels (may take a few minutes the first time)
Fra:14 Mem:72.00M (Peak 86.93M) | Time:00:00.06 | Mem:16.00M, Peak:16.00M | Scene, ViewLayer | Sample 0/24
Fra:14 Mem:300.05M (Peak 300.05M) | Time:00:00.85 | Remaining:00:18.03 | Mem:244.01M, Peak:244.01M | Scene, ViewLayer | Sample 1/24
Fra:14 Mem:396.05M (Peak 540.05M) | Time:00:31.35 | Mem:244.01M, Peak:244.01M | Scene, ViewLayer | Sample 24/24
Fra:14 Mem:396.05M (Peak 540.05M) | Time:00:31.36 | Mem:244.01M, Peak:244.01M | Scene, ViewLayer | Finished
Saved: '/Users/um-yunsang/CHOOGuard/art/blender/response-set-front.png'
Time: 00:31.60 (Saving: 00:00.23)

Fra:14 Mem:81.49M (Peak 82.07M) | Time:00:00.04 | Mem:0.00M, Peak:0.00M | Scene, ViewLayer | Synchronizing object | Area
Fra:14 Mem:81.50M (Peak 82.07M) | Time:00:00.04 | Mem:0.00M, Peak:0.00M | Scene, ViewLayer | Synchronizing object | Sun
Fra:14 Mem:81.50M (Peak 82.07M) | Time:00:00.04 | Mem:0.00M, Peak:0.00M | Scene, ViewLayer | Synchronizing object | Glazed bay.002
Fra:14 Mem:81.54M (Peak 82.07M) | Time:00:00.04 | Mem:0.00M, Peak:0.00M | Scene, ViewLayer | Synchronizing object | Horizontal mullion
Fra:14 Mem:81.54M (Peak 82.07M) | Time:00:00.04 | Mem:0.00M, Peak:0.00M | Scene, ViewLayer | Synchronizing object | Horizontal mullion.003
Fra:14 Mem:81.55M (Peak 82.07M) | Time:00:00.04 | Mem:0.00M, Peak:0.00M | Scene, ViewLayer | Synchronizing object | Horizontal mullion.004
Fra:14 Mem:81.55M (Peak 82.07M) | Time:00:00.04 | Mem:0.00M, Peak:0.00M | Scene, ViewLayer | Synchronizing object | Horizontal mullion.005
Fra:14 Mem:81.55M (Peak 82.07M) | Time:00:00.04 | Mem:0.00M, Peak:0.00M | Scene, ViewLayer | Synchronizing object | Horizontal mullion.006
Fra:14 Mem:81.56M (Peak 82.07M) | Time:00:00.04 | Mem:0.00M, Peak:0.00M | Scene, ViewLayer | Synchronizing object | Vertical mullion
Fra:14 Mem:81.56M (Peak 82.07M) | Time:00:00.04 | Mem:0.00M, Peak:0.00M | Scene, ViewLayer | Synchronizing object | Vertical mullion.002
Fra:14 Mem:81.56M (Peak 82.07M) | Time:00:00.04 | Mem:0.00M, Peak:0.00M | Scene, ViewLayer | Synchronizing object | Primary rib
Fra:14 Mem:81.57M (Peak 82.07M) | Time:00:00.04 | Mem:0.00M, Peak:0.00M | Scene, ViewLayer | Synchronizing object | Eave silver edge
Fra:14 Mem:81.57M (Peak 82.07M) | Time:00:00.04 | Mem:0.00M, Peak:0.00M | Scene, ViewLayer | Synchronizing object | Roof rib
Fra:14 Mem:81.57M (Peak 82.07M) | Time:00:00.04 | Mem:0.00M, Peak:0.00M | Scene, ViewLayer | Synchronizing object | Stone terrace
Fra:14 Mem:81.59M (Peak 82.07M) | Time:00:00.04 | Mem:0.00M, Peak:0.00M | Scene, ViewLayer | Synchronizing object | Glazed bay.003
Fra:14 Mem:81.60M (Peak 82.07M) | Time:00:00.04 | Mem:0.00M, Peak:0.00M | Scene, ViewLayer | Synchronizing object | Glazed bay.004
Fra:14 Mem:81.62M (Peak 82.07M) | Time:00:00.04 | Mem:0.00M, Peak:0.00M | Scene, ViewLayer | Synchronizing object | Glazed bay.005
Fra:14 Mem:81.64M (Peak 82.07M) | Time:00:00.04 | Mem:0.00M, Peak:0.00M | Scene, ViewLayer | Synchronizing object | Horizontal mullion.007
Fra:14 Mem:81.64M (Peak 82.07M) | Time:00:00.04 | Mem:0.00M, Peak:0.00M | Scene, ViewLayer | Synchronizing object | Horizontal mullion.009
Fra:14 Mem:81.64M (Peak 82.07M) | Time:00:00.04 | Mem:0.00M, Peak:0.00M | Scene, ViewLayer | Synchronizing object | Horizontal mullion.010
Fra:14 Mem:81.64M (Peak 82.07M) | Time:00:00.04 | Mem:0.00M, Peak:0.00M | Scene, ViewLayer | Synchronizing object | Horizontal mullion.012
Fra:14 Mem:81.64M (Peak 82.07M) | Time:00:00.04 | Mem:0.00M, Peak:0.00M | Scene, ViewLayer | Synchronizing object | Horizontal mullion.013
Fra:14 Mem:81.64M (Peak 82.07M) | Time:00:00.04 | Mem:0.00M, Peak:0.00M | Scene, ViewLayer | Synchronizing object | Vertical mullion.003
Fra:14 Mem:81.65M (Peak 82.07M) | Time:00:00.04 | Mem:0.00M, Peak:0.00M | Scene, ViewLayer | Synchronizing object | Vertical mullion.004
Fra:14 Mem:81.65M (Peak 82.07M) | Time:00:00.04 | Mem:0.00M, Peak:0.00M | Scene, ViewLayer | Synchronizing object | Vertical mullion.005
Fra:14 Mem:81.66M (Peak 82.07M) | Time:00:00.04 | Mem:0.00M, Peak:0.00M | Scene, ViewLayer | Synchronizing object | Vertical mullion.006
Fra:14 Mem:81.66M (Peak 82.07M) | Time:00:00.04 | Mem:0.00M, Peak:0.00M | Scene, ViewLayer | Synchronizing object | Primary rib.001
Fra:14 Mem:81.66M (Peak 82.07M) | Time:00:00.04 | Mem:0.00M, Peak:0.00M | Scene, ViewLayer | Synchronizing object | Eave silver edge.001
Fra:14 Mem:81.67M (Peak 82.07M) | Time:00:00.04 | Mem:0.00M, Peak:0.00M | Scene, ViewLayer | Synchronizing object | Roof rib.001
Fra:14 Mem:81.67M (Peak 82.07M) | Time:00:00.04 | Mem:0.00M, Peak:0.00M | Scene, ViewLayer | Synchronizing object | Stone terrace.001
Fra:14 Mem:81.70M (Peak 82.07M) | Time:00:00.04 | Mem:0.00M, Peak:0.00M | Scene, ViewLayer | Synchronizing object | Entrance door
Fra:14 Mem:81.71M (Peak 82.07M) | Time:00:00.04 | Mem:0.00M, Peak:0.00M | Scene, ViewLayer | Synchronizing object | Door glazing
Fra:14 Mem:81.71M (Peak 82.07M) | Time:00:00.04 | Mem:0.00M, Peak:0.00M | Scene, ViewLayer | Synchronizing object | Door handle
Fra:14 Mem:81.73M (Peak 82.07M) | Time:00:00.04 | Mem:0.00M, Peak:0.00M | Scene, ViewLayer | Synchronizing object | Entrance door.001
Fra:14 Mem:81.74M (Peak 82.07M) | Time:00:00.04 | Mem:0.00M, Peak:0.00M | Scene, ViewLayer | Synchronizing object | Door glazing.001
Fra:14 Mem:81.75M (Peak 82.07M) | Time:00:00.04 | Mem:0.00M, Peak:0.00M | Scene, ViewLayer | Synchronizing object | Door handle.001
Fra:14 Mem:81.75M (Peak 82.07M) | Time:00:00.04 | Mem:0.00M, Peak:0.00M | Scene, ViewLayer | Synchronizing object | Entrance canopy
Fra:14 Mem:81.77M (Peak 82.07M) | Time:00:00.04 | Mem:0.00M, Peak:0.00M | Scene, ViewLayer | Synchronizing object | Canopy column
Fra:14 Mem:81.76M (Peak 82.07M) | Time:00:00.04 | Mem:0.00M, Peak:0.00M | Scene, ViewLayer | Synchronizing object | Canopy column.001
Fra:14 Mem:81.77M (Peak 82.07M) | Time:00:00.04 | Mem:0.00M, Peak:0.00M | Scene, ViewLayer | Synchronizing object | Terrace stairs.001
Fra:14 Mem:81.77M (Peak 82.07M) | Time:00:00.04 | Mem:0.00M, Peak:0.00M | Scene, ViewLayer | Synchronizing object | Terrace stairs.002
Fra:14 Mem:81.81M (Peak 82.07M) | Time:00:00.04 | Mem:0.00M, Peak:0.00M | Scene, ViewLayer | Synchronizing object | Terrace stairs.003
Fra:14 Mem:81.83M (Peak 82.07M) | Time:00:00.04 | Mem:0.00M, Peak:0.00M | Scene, ViewLayer | Synchronizing object | Terrace stairs.004
Fra:14 Mem:81.83M (Peak 82.07M) | Time:00:00.04 | Mem:0.00M, Peak:0.00M | Scene, ViewLayer | Synchronizing object | Terrace stairs.005
Fra:14 Mem:81.85M (Peak 82.07M) | Time:00:00.04 | Mem:0.00M, Peak:0.00M | Scene, ViewLayer | Synchronizing object | Terrace stairs.006
Fra:14 Mem:81.85M (Peak 82.07M) | Time:00:00.04 | Mem:0.00M, Peak:0.00M | Scene, ViewLayer | Synchronizing object | Terrace stairs.007
Fra:14 Mem:81.88M (Peak 82.07M) | Time:00:00.04 | Mem:0.00M, Peak:0.00M | Scene, ViewLayer | Synchronizing object | Glazed bay.006
Fra:14 Mem:81.89M (Peak 82.07M) | Time:00:00.04 | Mem:0.00M, Peak:0.00M | Scene, ViewLayer | Synchronizing object | Glazed bay.007
Fra:14 Mem:81.91M (Peak 82.07M) | Time:00:00.04 | Mem:0.00M, Peak:0.00M | Scene, ViewLayer | Synchronizing object | Glazed bay.008
Fra:14 Mem:81.92M (Peak 82.07M) | Time:00:00.04 | Mem:0.00M, Peak:0.00M | Scene, ViewLayer | Synchronizing object | Horizontal mullion.014
Fra:14 Mem:81.92M (Peak 82.07M) | Time:00:00.04 | Mem:0.00M, Peak:0.00M | Scene, ViewLayer | Synchronizing object | Horizontal mullion.015
Fra:14 Mem:81.92M (Peak 82.07M) | Time:00:00.04 | Mem:0.00M, Peak:0.00M | Scene, ViewLayer | Synchronizing object | Horizontal mullion.016
Fra:14 Mem:81.92M (Peak 82.07M) | Time:00:00.04 | Mem:0.00M, Peak:0.00M | Scene, ViewLayer | Synchronizing object | Horizontal mullion.017
Fra:14 Mem:81.92M (Peak 82.07M) | Time:00:00.04 | Mem:0.00M, Peak:0.00M | Scene, ViewLayer | Synchronizing object | Horizontal mullion.020
Fra:14 Mem:81.93M (Peak 82.07M) | Time:00:00.04 | Mem:0.00M, Peak:0.00M | Scene, ViewLayer | Synchronizing object | Vertical mullion.008
Fra:14 Mem:81.93M (Peak 82.07M) | Time:00:00.04 | Mem:0.00M, Peak:0.00M | Scene, ViewLayer | Synchronizing object | Vertical mullion.009
Fra:14 Mem:81.93M (Peak 82.07M) | Time:00:00.04 | Mem:0.00M, Peak:0.00M | Scene, ViewLayer | Synchronizing object | Vertical mullion.010
Fra:14 Mem:81.94M (Peak 82.07M) | Time:00:00.04 | Mem:0.00M, Peak:0.00M | Scene, ViewLayer | Synchronizing object | Vertical mullion.011
Fra:14 Mem:81.94M (Peak 82.07M) | Time:00:00.04 | Mem:0.00M, Peak:0.00M | Scene, ViewLayer | Synchronizing object | Vertical mullion.012
Fra:14 Mem:81.94M (Peak 82.07M) | Time:00:00.04 | Mem:0.00M, Peak:0.00M | Scene, ViewLayer | Synchronizing object | Primary rib.002
Fra:14 Mem:81.95M (Peak 82.07M) | Time:00:00.04 | Mem:0.00M, Peak:0.00M | Scene, ViewLayer | Synchronizing object | Eave silver edge.002
Fra:14 Mem:81.95M (Peak 82.07M) | Time:00:00.04 | Mem:0.00M, Peak:0.00M | Scene, ViewLayer | Synchronizing object | Roof rib.002
Fra:14 Mem:81.95M (Peak 82.07M) | Time:00:00.04 | Mem:0.00M, Peak:0.00M | Scene, ViewLayer | Synchronizing object | Glazed bay.009
Fra:14 Mem:81.98M (Peak 82.07M) | Time:00:00.04 | Mem:0.00M, Peak:0.00M | Scene, ViewLayer | Synchronizing object | Glazed bay.010
Fra:14 Mem:82.01M (Peak 82.07M) | Time:00:00.04 | Mem:0.00M, Peak:0.00M | Scene, ViewLayer | Synchronizing object | Glazed bay.011
Fra:14 Mem:82.02M (Peak 82.07M) | Time:00:00.04 | Mem:0.00M, Peak:0.00M | Scene, ViewLayer | Synchronizing object | Horizontal mullion.021
Fra:14 Mem:82.02M (Peak 82.07M) | Time:00:00.04 | Mem:0.00M, Peak:0.00M | Scene, ViewLayer | Synchronizing object | Horizontal mullion.022
Fra:14 Mem:82.02M (Peak 82.07M) | Time:00:00.04 | Mem:0.00M, Peak:0.00M | Scene, ViewLayer | Synchronizing object | Horizontal mullion.024
Fra:14 Mem:82.02M (Peak 82.07M) | Time:00:00.04 | Mem:0.00M, Peak:0.00M | Scene, ViewLayer | Synchronizing object | Horizontal mullion.025
Fra:14 Mem:82.02M (Peak 82.07M) | Time:00:00.04 | Mem:0.00M, Peak:0.00M | Scene, ViewLayer | Synchronizing object | Horizontal mullion.026
Fra:14 Mem:82.02M (Peak 82.07M) | Time:00:00.04 | Mem:0.00M, Peak:0.00M | Scene, ViewLayer | Synchronizing object | Horizontal mullion.027
Fra:14 Mem:82.03M (Peak 82.07M) | Time:00:00.04 | Mem:0.00M, Peak:0.00M | Scene, ViewLayer | Synchronizing object | Vertical mullion.013
Fra:14 Mem:82.03M (Peak 82.07M) | Time:00:00.04 | Mem:0.00M, Peak:0.00M | Scene, ViewLayer | Synchronizing object | Vertical mullion.015
Fra:14 Mem:82.03M (Peak 82.07M) | Time:00:00.04 | Mem:0.00M, Peak:0.00M | Scene, ViewLayer | Synchronizing object | Vertical mullion.016
Fra:14 Mem:82.04M (Peak 82.07M) | Time:00:00.04 | Mem:0.00M, Peak:0.00M | Scene, ViewLayer | Synchronizing object | Primary rib.003
Fra:14 Mem:82.04M (Peak 82.07M) | Time:00:00.04 | Mem:0.00M, Peak:0.00M | Scene, ViewLayer | Synchronizing object | Curved eave panel.003
Fra:14 Mem:82.04M (Peak 82.07M) | Time:00:00.04 | Mem:0.00M, Peak:0.00M | Scene, ViewLayer | Synchronizing object | Eave silver edge.003
Fra:14 Mem:82.04M (Peak 82.07M) | Time:00:00.04 | Mem:0.00M, Peak:0.00M | Scene, ViewLayer | Synchronizing object | Roof rib.003
Fra:14 Mem:82.05M (Peak 82.07M) | Time:00:00.04 | Mem:0.00M, Peak:0.00M | Scene, ViewLayer | Synchronizing object | Stone terrace.003
Fra:14 Mem:82.06M (Peak 82.07M) | Time:00:00.04 | Mem:0.00M, Peak:0.00M | Scene, ViewLayer | Synchronizing object | Glazed bay.012
Fra:14 Mem:82.08M (Peak 82.08M) | Time:00:00.04 | Mem:0.00M, Peak:0.00M | Scene, ViewLayer | Synchronizing object | Glazed bay.013
Fra:14 Mem:82.08M (Peak 82.08M) | Time:00:00.04 | Mem:0.00M, Peak:0.00M | Scene, ViewLayer | Synchronizing object | Glazed bay.014
Fra:14 Mem:82.12M (Peak 82.12M) | Time:00:00.04 | Mem:0.00M, Peak:0.00M | Scene, ViewLayer | Synchronizing object | Horizontal mullion.028
Fra:14 Mem:82.12M (Peak 82.12M) | Time:00:00.04 | Mem:0.00M, Peak:0.00M | Scene, ViewLayer | Synchronizing object | Horizontal mullion.029
Fra:14 Mem:82.12M (Peak 82.12M) | Time:00:00.04 | Mem:0.00M, Peak:0.00M | Scene, ViewLayer | Synchronizing object | Horizontal mullion.030
Fra:14 Mem:82.12M (Peak 82.12M) | Time:00:00.04 | Mem:0.00M, Peak:0.00M | Scene, ViewLayer | Synchronizing object | Horizontal mullion.031
Fra:14 Mem:82.11M (Peak 82.12M) | Time:00:00.04 | Mem:0.00M, Peak:0.00M | Scene, ViewLayer | Synchronizing object | Horizontal mullion.033
Fra:14 Mem:82.12M (Peak 82.12M) | Time:00:00.04 | Mem:0.00M, Peak:0.00M | Scene, ViewLayer | Synchronizing object | Vertical mullion.018
Fra:14 Mem:82.12M (Peak 82.12M) | Time:00:00.04 | Mem:0.00M, Peak:0.00M | Scene, ViewLayer | Synchronizing object | Vertical mullion.019
Fra:14 Mem:82.12M (Peak 82.12M) | Time:00:00.04 | Mem:0.00M, Peak:0.00M | Scene, ViewLayer | Synchronizing object | Vertical mullion.020
Fra:14 Mem:82.13M (Peak 82.13M) | Time:00:00.04 | Mem:0.00M, Peak:0.00M | Scene, ViewLayer | Synchronizing object | Vertical mullion.021
Fra:14 Mem:82.13M (Peak 82.13M) | Time:00:00.04 | Mem:0.00M, Peak:0.00M | Scene, ViewLayer | Synchronizing object | Vertical mullion.022
Fra:14 Mem:82.13M (Peak 82.13M) | Time:00:00.04 | Mem:0.00M, Peak:0.00M | Scene, ViewLayer | Synchronizing object | Primary rib.004
Fra:14 Mem:82.14M (Peak 82.14M) | Time:00:00.04 | Mem:0.00M, Peak:0.00M | Scene, ViewLayer | Synchronizing object | Eave silver edge.004
Fra:14 Mem:82.14M (Peak 82.14M) | Time:00:00.04 | Mem:0.00M, Peak:0.00M | Scene, ViewLayer | Synchronizing object | Roof rib.004
Fra:14 Mem:82.14M (Peak 82.14M) | Time:00:00.04 | Mem:0.00M, Peak:0.00M | Scene, ViewLayer | Synchronizing object | Stone terrace.004
Fra:14 Mem:82.17M (Peak 82.17M) | Time:00:00.04 | Mem:0.00M, Peak:0.00M | Scene, ViewLayer | Synchronizing object | Entrance door.002
Fra:14 Mem:82.18M (Peak 82.18M) | Time:00:00.04 | Mem:0.00M, Peak:0.00M | Scene, ViewLayer | Synchronizing object | Door glazing.002
Fra:14 Mem:82.20M (Peak 82.20M) | Time:00:00.04 | Mem:0.00M, Peak:0.00M | Scene, ViewLayer | Synchronizing object | Door handle.002
Fra:14 Mem:82.20M (Peak 82.20M) | Time:00:00.04 | Mem:0.00M, Peak:0.00M | Scene, ViewLayer | Synchronizing object | Entrance door.003
Fra:14 Mem:82.21M (Peak 82.21M) | Time:00:00.04 | Mem:0.00M, Peak:0.00M | Scene, ViewLayer | Synchronizing object | Door glazing.003
Fra:14 Mem:82.23M (Peak 82.23M) | Time:00:00.04 | Mem:0.00M, Peak:0.00M | Scene, ViewLayer | Synchronizing object | Door handle.003
Fra:14 Mem:82.24M (Peak 82.24M) | Time:00:00.04 | Mem:0.00M, Peak:0.00M | Scene, ViewLayer | Synchronizing object | Entrance canopy.001
Fra:14 Mem:82.23M (Peak 82.24M) | Time:00:00.04 | Mem:0.00M, Peak:0.00M | Scene, ViewLayer | Synchronizing object | Canopy column.002
Fra:14 Mem:82.25M (Peak 82.25M) | Time:00:00.05 | Mem:0.00M, Peak:0.00M | Scene, ViewLayer | Synchronizing object | Canopy column.003
Fra:14 Mem:82.26M (Peak 82.26M) | Time:00:00.05 | Mem:0.00M, Peak:0.00M | Scene, ViewLayer | Synchronizing object | Terrace stairs.008
Fra:14 Mem:82.27M (Peak 82.27M) | Time:00:00.05 | Mem:0.00M, Peak:0.00M | Scene, ViewLayer | Synchronizing object | Terrace stairs.009
Fra:14 Mem:82.26M (Peak 82.27M) | Time:00:00.05 | Mem:0.00M, Peak:0.00M | Scene, ViewLayer | Synchronizing object | Terrace stairs.010
Fra:14 Mem:82.29M (Peak 82.29M) | Time:00:00.05 | Mem:0.00M, Peak:0.00M | Scene, ViewLayer | Synchronizing object | Terrace stairs.011
Fra:14 Mem:82.30M (Peak 82.30M) | Time:00:00.05 | Mem:0.00M, Peak:0.00M | Scene, ViewLayer | Synchronizing object | Terrace stairs.012
Fra:14 Mem:82.30M (Peak 82.30M) | Time:00:00.05 | Mem:0.00M, Peak:0.00M | Scene, ViewLayer | Synchronizing object | Terrace stairs.013
Fra:14 Mem:82.32M (Peak 82.32M) | Time:00:00.05 | Mem:0.00M, Peak:0.00M | Scene, ViewLayer | Synchronizing object | Terrace stairs.014
Fra:14 Mem:82.35M (Peak 82.35M) | Time:00:00.05 | Mem:0.00M, Peak:0.00M | Scene, ViewLayer | Synchronizing object | Terrace stairs.015
Fra:14 Mem:82.34M (Peak 82.35M) | Time:00:00.05 | Mem:0.00M, Peak:0.00M | Scene, ViewLayer | Synchronizing object | Glazed bay.015
Fra:14 Mem:82.37M (Peak 82.37M) | Time:00:00.05 | Mem:0.00M, Peak:0.00M | Scene, ViewLayer | Synchronizing object | Glazed bay.016
Fra:14 Mem:82.39M (Peak 82.39M) | Time:00:00.05 | Mem:0.00M, Peak:0.00M | Scene, ViewLayer | Synchronizing object | Glazed bay.017
Fra:14 Mem:82.39M (Peak 82.39M) | Time:00:00.05 | Mem:0.00M, Peak:0.00M | Scene, ViewLayer | Synchronizing object | Horizontal mullion.035
Fra:14 Mem:82.40M (Peak 82.40M) | Time:00:00.05 | Mem:0.00M, Peak:0.00M | Scene, ViewLayer | Synchronizing object | Horizontal mullion.036
Fra:14 Mem:82.40M (Peak 82.40M) | Time:00:00.05 | Mem:0.00M, Peak:0.00M | Scene, ViewLayer | Synchronizing object | Horizontal mullion.037
Fra:14 Mem:82.40M (Peak 82.40M) | Time:00:00.05 | Mem:0.00M, Peak:0.00M | Scene, ViewLayer | Synchronizing object | Horizontal mullion.038
Fra:14 Mem:82.40M (Peak 82.40M) | Time:00:00.05 | Mem:0.00M, Peak:0.00M | Scene, ViewLayer | Synchronizing object | Horizontal mullion.039
Fra:14 Mem:82.40M (Peak 82.40M) | Time:00:00.05 | Mem:0.00M, Peak:0.00M | Scene, ViewLayer | Synchronizing object | Horizontal mullion.041
Fra:14 Mem:82.40M (Peak 82.40M) | Time:00:00.05 | Mem:0.00M, Peak:0.00M | Scene, ViewLayer | Synchronizing object | Vertical mullion.023
Fra:14 Mem:82.40M (Peak 82.40M) | Time:00:00.05 | Mem:0.00M, Peak:0.00M | Scene, ViewLayer | Synchronizing object | Vertical mullion.024
Fra:14 Mem:82.41M (Peak 82.41M) | Time:00:00.05 | Mem:0.00M, Peak:0.00M | Scene, ViewLayer | Synchronizing object | Vertical mullion.025
Fra:14 Mem:82.41M (Peak 82.41M) | Time:00:00.05 | Mem:0.00M, Peak:0.00M | Scene, ViewLayer | Synchronizing object | Vertical mullion.027
Fra:14 Mem:82.42M (Peak 82.42M) | Time:00:00.05 | Mem:0.00M, Peak:0.00M | Scene, ViewLayer | Synchronizing object | Primary rib.005
Fra:14 Mem:82.42M (Peak 82.42M) | Time:00:00.05 | Mem:0.00M, Peak:0.00M | Scene, ViewLayer | Synchronizing object | Eave silver edge.005
Fra:14 Mem:82.42M (Peak 82.42M) | Time:00:00.05 | Mem:0.00M, Peak:0.00M | Scene, ViewLayer | Synchronizing object | Roof rib.005
Fra:14 Mem:82.42M (Peak 82.42M) | Time:00:00.05 | Mem:0.00M, Peak:0.00M | Scene, ViewLayer | Synchronizing object | Glazed bay.018
Fra:14 Mem:82.45M (Peak 82.45M) | Time:00:00.05 | Mem:0.00M, Peak:0.00M | Scene, ViewLayer | Synchronizing object | Glazed bay.019
Fra:14 Mem:82.47M (Peak 82.47M) | Time:00:00.05 | Mem:0.00M, Peak:0.00M | Scene, ViewLayer | Synchronizing object | Glazed bay.020
Fra:14 Mem:82.49M (Peak 82.49M) | Time:00:00.05 | Mem:0.00M, Peak:0.00M | Scene, ViewLayer | Synchronizing object | Horizontal mullion.042
Fra:14 Mem:82.49M (Peak 82.49M) | Time:00:00.05 | Mem:0.00M, Peak:0.00M | Scene, ViewLayer | Synchronizing object | Horizontal mullion.043
Fra:14 Mem:82.49M (Peak 82.49M) | Time:00:00.05 | Mem:0.00M, Peak:0.00M | Scene, ViewLayer | Synchronizing object | Horizontal mullion.044
Fra:14 Mem:82.50M (Peak 82.50M) | Time:00:00.05 | Mem:0.00M, Peak:0.00M | Scene, ViewLayer | Synchronizing object | Horizontal mullion.045
Fra:14 Mem:82.48M (Peak 82.50M) | Time:00:00.05 | Mem:0.00M, Peak:0.00M | Scene, ViewLayer | Synchronizing object | Horizontal mullion.046
Fra:14 Mem:82.49M (Peak 82.50M) | Time:00:00.05 | Mem:0.00M, Peak:0.00M | Scene, ViewLayer | Synchronizing object | Horizontal mullion.047
Fra:14 Mem:82.49M (Peak 82.50M) | Time:00:00.05 | Mem:0.00M, Peak:0.00M | Scene, ViewLayer | Synchronizing object | Vertical mullion.028
Fra:14 Mem:82.49M (Peak 82.50M) | Time:00:00.05 | Mem:0.00M, Peak:0.00M | Scene, ViewLayer | Synchronizing object | Primary rib.006
Fra:14 Mem:82.50M (Peak 82.50M) | Time:00:00.05 | Mem:0.00M, Peak:0.00M | Scene, ViewLayer | Synchronizing object | Curved eave panel.006
Fra:14 Mem:82.50M (Peak 82.50M) | Time:00:00.05 | Mem:0.00M, Peak:0.00M | Scene, ViewLayer | Synchronizing object | Eave silver edge.006
Fra:14 Mem:82.51M (Peak 82.51M) | Time:00:00.05 | Mem:0.00M, Peak:0.00M | Scene, ViewLayer | Synchronizing object | Roof rib.006
Fra:14 Mem:82.51M (Peak 82.51M) | Time:00:00.05 | Mem:0.00M, Peak:0.00M | Scene, ViewLayer | Synchronizing object | Glazed bay.021
Fra:14 Mem:82.53M (Peak 82.53M) | Time:00:00.05 | Mem:0.00M, Peak:0.00M | Scene, ViewLayer | Synchronizing object | Glazed bay.022
Fra:14 Mem:82.53M (Peak 82.53M) | Time:00:00.05 | Mem:0.00M, Peak:0.00M | Scene, ViewLayer | Synchronizing object | Glazed bay.023
Fra:14 Mem:82.57M (Peak 82.57M) | Time:00:00.05 | Mem:0.00M, Peak:0.00M | Scene, ViewLayer | Synchronizing object | Horizontal mullion.049
Fra:14 Mem:82.57M (Peak 82.57M) | Time:00:00.05 | Mem:0.00M, Peak:0.00M | Scene, ViewLayer | Synchronizing object | Horizontal mullion.050
Fra:14 Mem:82.56M (Peak 82.57M) | Time:00:00.05 | Mem:0.00M, Peak:0.00M | Scene, ViewLayer | Synchronizing object | Horizontal mullion.051
Fra:14 Mem:82.56M (Peak 82.57M) | Time:00:00.05 | Mem:0.00M, Peak:0.00M | Scene, ViewLayer | Synchronizing object | Horizontal mullion.052
Fra:14 Mem:82.57M (Peak 82.57M) | Time:00:00.05 | Mem:0.00M, Peak:0.00M | Scene, ViewLayer | Synchronizing object | Horizontal mullion.053
Fra:14 Mem:82.57M (Peak 82.57M) | Time:00:00.05 | Mem:0.00M, Peak:0.00M | Scene, ViewLayer | Synchronizing object | Horizontal mullion.054
Fra:14 Mem:82.57M (Peak 82.57M) | Time:00:00.05 | Mem:0.00M, Peak:0.00M | Scene, ViewLayer | Synchronizing object | Horizontal mullion.055
Fra:14 Mem:82.58M (Peak 82.58M) | Time:00:00.05 | Mem:0.00M, Peak:0.00M | Scene, ViewLayer | Synchronizing object | Primary rib.007
Fra:14 Mem:82.58M (Peak 82.58M) | Time:00:00.05 | Mem:0.00M, Peak:0.00M | Scene, ViewLayer | Synchronizing object | Curved eave panel.007
Fra:14 Mem:82.58M (Peak 82.58M) | Time:00:00.05 | Mem:0.00M, Peak:0.00M | Scene, ViewLayer | Synchronizing object | Eave silver edge.007
Fra:14 Mem:82.58M (Peak 82.58M) | Time:00:00.05 | Mem:0.00M, Peak:0.00M | Scene, ViewLayer | Synchronizing object | Roof rib.007
Fra:14 Mem:82.59M (Peak 82.59M) | Time:00:00.05 | Mem:0.00M, Peak:0.00M | Scene, ViewLayer | Synchronizing object | Entrance door.004
Fra:14 Mem:82.61M (Peak 82.61M) | Time:00:00.05 | Mem:0.00M, Peak:0.00M | Scene, ViewLayer | Synchronizing object | Door glazing.004
Fra:14 Mem:82.64M (Peak 82.64M) | Time:00:00.05 | Mem:0.00M, Peak:0.00M | Scene, ViewLayer | Synchronizing object | Door handle.004
Fra:14 Mem:82.65M (Peak 82.65M) | Time:00:00.05 | Mem:0.00M, Peak:0.00M | Scene, ViewLayer | Synchronizing object | Entrance door.005
Fra:14 Mem:82.66M (Peak 82.66M) | Time:00:00.05 | Mem:0.00M, Peak:0.00M | Scene, ViewLayer | Synchronizing object | Door glazing.005
Fra:14 Mem:82.65M (Peak 82.66M) | Time:00:00.05 | Mem:0.00M, Peak:0.00M | Scene, ViewLayer | Synchronizing object | Door handle.005
Fra:14 Mem:82.68M (Peak 82.68M) | Time:00:00.05 | Mem:0.00M, Peak:0.00M | Scene, ViewLayer | Synchronizing object | Entrance canopy.002
Fra:14 Mem:82.66M (Peak 82.68M) | Time:00:00.05 | Mem:0.00M, Peak:0.00M | Scene, ViewLayer | Synchronizing object | Canopy column.004
Fra:14 Mem:82.68M (Peak 82.68M) | Time:00:00.05 | Mem:0.00M, Peak:0.00M | Scene, ViewLayer | Synchronizing object | Canopy column.005
Fra:14 Mem:82.67M (Peak 82.68M) | Time:00:00.05 | Mem:0.00M, Peak:0.00M | Scene, ViewLayer | Synchronizing object | Terrace stairs.016
Fra:14 Mem:82.70M (Peak 82.70M) | Time:00:00.05 | Mem:0.00M, Peak:0.00M | Scene, ViewLayer | Synchronizing object | Terrace stairs.017
Fra:14 Mem:82.71M (Peak 82.71M) | Time:00:00.05 | Mem:0.00M, Peak:0.00M | Scene, ViewLayer | Synchronizing object | Terrace stairs.018
Fra:14 Mem:82.71M (Peak 82.71M) | Time:00:00.05 | Mem:0.00M, Peak:0.00M | Scene, ViewLayer | Synchronizing object | Terrace stairs.019
Fra:14 Mem:82.74M (Peak 82.74M) | Time:00:00.05 | Mem:0.00M, Peak:0.00M | Scene, ViewLayer | Synchronizing object | Terrace stairs.020
Fra:14 Mem:82.75M (Peak 82.75M) | Time:00:00.05 | Mem:0.00M, Peak:0.00M | Scene, ViewLayer | Synchronizing object | Terrace stairs.021
Fra:14 Mem:82.76M (Peak 82.76M) | Time:00:00.05 | Mem:0.00M, Peak:0.00M | Scene, ViewLayer | Synchronizing object | Terrace stairs.022
Fra:14 Mem:82.77M (Peak 82.77M) | Time:00:00.05 | Mem:0.00M, Peak:0.00M | Scene, ViewLayer | Synchronizing object | Terrace stairs.023
Fra:14 Mem:82.78M (Peak 82.78M) | Time:00:00.05 | Mem:0.00M, Peak:0.00M | Scene, ViewLayer | Synchronizing object | Glazed bay.024
Fra:14 Mem:82.80M (Peak 82.80M) | Time:00:00.05 | Mem:0.00M, Peak:0.00M | Scene, ViewLayer | Synchronizing object | Glazed bay.025
Fra:14 Mem:82.81M (Peak 82.81M) | Time:00:00.05 | Mem:0.00M, Peak:0.00M | Scene, ViewLayer | Synchronizing object | Glazed bay.026
Fra:14 Mem:82.83M (Peak 82.83M) | Time:00:00.05 | Mem:0.00M, Peak:0.00M | Scene, ViewLayer | Synchronizing object | Horizontal mullion.056
Fra:14 Mem:82.83M (Peak 82.83M) | Time:00:00.05 | Mem:0.00M, Peak:0.00M | Scene, ViewLayer | Synchronizing object | Horizontal mullion.057
Fra:14 Mem:82.83M (Peak 82.83M) | Time:00:00.05 | Mem:0.00M, Peak:0.00M | Scene, ViewLayer | Synchronizing object | Horizontal mullion.058
Fra:14 Mem:82.83M (Peak 82.83M) | Time:00:00.05 | Mem:0.00M, Peak:0.00M | Scene, ViewLayer | Synchronizing object | Horizontal mullion.059
Fra:14 Mem:82.83M (Peak 82.83M) | Time:00:00.05 | Mem:0.00M, Peak:0.00M | Scene, ViewLayer | Synchronizing object | Horizontal mullion.061
Fra:14 Mem:82.83M (Peak 82.83M) | Time:00:00.05 | Mem:0.00M, Peak:0.00M | Scene, ViewLayer | Synchronizing object | Horizontal mullion.062
Fra:14 Mem:82.84M (Peak 82.84M) | Time:00:00.05 | Mem:0.00M, Peak:0.00M | Scene, ViewLayer | Synchronizing object | Vertical mullion.032
Fra:14 Mem:82.84M (Peak 82.84M) | Time:00:00.05 | Mem:0.00M, Peak:0.00M | Scene, ViewLayer | Synchronizing object | Vertical mullion.033
Fra:14 Mem:82.84M (Peak 82.84M) | Time:00:00.05 | Mem:0.00M, Peak:0.00M | Scene, ViewLayer | Synchronizing object | Curved eave panel.008
Fra:14 Mem:82.84M (Peak 82.84M) | Time:00:00.05 | Mem:0.00M, Peak:0.00M | Scene, ViewLayer | Synchronizing object | Eave silver edge.008
Fra:14 Mem:82.85M (Peak 82.85M) | Time:00:00.05 | Mem:0.00M, Peak:0.00M | Scene, ViewLayer | Synchronizing object | Roof rib.008
Fra:14 Mem:82.85M (Peak 82.85M) | Time:00:00.05 | Mem:0.00M, Peak:0.00M | Scene, ViewLayer | Synchronizing object | Stone terrace.008
Fra:14 Mem:82.87M (Peak 82.87M) | Time:00:00.05 | Mem:0.00M, Peak:0.00M | Scene, ViewLayer | Synchronizing object | Glazed bay.027
Fra:14 Mem:82.89M (Peak 82.89M) | Time:00:00.05 | Mem:0.00M, Peak:0.00M | Scene, ViewLayer | Synchronizing object | Glazed bay.028
Fra:14 Mem:82.90M (Peak 82.90M) | Time:00:00.05 | Mem:0.00M, Peak:0.00M | Scene, ViewLayer | Synchronizing object | Glazed bay.029
Fra:14 Mem:82.91M (Peak 82.91M) | Time:00:00.05 | Mem:0.00M, Peak:0.00M | Scene, ViewLayer | Synchronizing object | Horizontal mullion.063
Fra:14 Mem:82.91M (Peak 82.91M) | Time:00:00.05 | Mem:0.00M, Peak:0.00M | Scene, ViewLayer | Synchronizing object | Horizontal mullion.064
Fra:14 Mem:82.91M (Peak 82.91M) | Time:00:00.05 | Mem:0.00M, Peak:0.00M | Scene, ViewLayer | Synchronizing object | Horizontal mullion.066
Fra:14 Mem:82.92M (Peak 82.92M) | Time:00:00.05 | Mem:0.00M, Peak:0.00M | Scene, ViewLayer | Synchronizing object | Horizontal mullion.067
Fra:14 Mem:82.92M (Peak 82.92M) | Time:00:00.05 | Mem:0.00M, Peak:0.00M | Scene, ViewLayer | Synchronizing object | Horizontal mullion.068
Fra:14 Mem:82.93M (Peak 82.93M) | Time:00:00.05 | Mem:0.00M, Peak:0.00M | Scene, ViewLayer | Synchronizing object | Horizontal mullion.069
Fra:14 Mem:82.93M (Peak 82.93M) | Time:00:00.05 | Mem:0.00M, Peak:0.00M | Scene, ViewLayer | Synchronizing object | Vertical mullion.034
Fra:14 Mem:82.93M (Peak 82.93M) | Time:00:00.05 | Mem:0.00M, Peak:0.00M | Scene, ViewLayer | Synchronizing object | Vertical mullion.035
Fra:14 Mem:82.93M (Peak 82.93M) | Time:00:00.05 | Mem:0.00M, Peak:0.00M | Scene, ViewLayer | Synchronizing object | Vertical mullion.036
Fra:14 Mem:82.93M (Peak 82.93M) | Time:00:00.05 | Mem:0.00M, Peak:0.00M | Scene, ViewLayer | Synchronizing object | Vertical mullion.037
Fra:14 Mem:82.94M (Peak 82.94M) | Time:00:00.05 | Mem:0.00M, Peak:0.00M | Scene, ViewLayer | Synchronizing object | Vertical mullion.038
Fra:14 Mem:82.94M (Peak 82.94M) | Time:00:00.05 | Mem:0.00M, Peak:0.00M | Scene, ViewLayer | Synchronizing object | Primary rib.009
Fra:14 Mem:82.94M (Peak 82.94M) | Time:00:00.05 | Mem:0.00M, Peak:0.00M | Scene, ViewLayer | Synchronizing object | Eave silver edge.009
Fra:14 Mem:82.95M (Peak 82.95M) | Time:00:00.05 | Mem:0.00M, Peak:0.00M | Scene, ViewLayer | Synchronizing object | Roof rib.009
Fra:14 Mem:82.95M (Peak 82.95M) | Time:00:00.05 | Mem:0.00M, Peak:0.00M | Scene, ViewLayer | Synchronizing object | Stone terrace.009
Fra:14 Mem:82.95M (Peak 82.95M) | Time:00:00.05 | Mem:0.00M, Peak:0.00M | Scene, ViewLayer | Synchronizing object | Glazed bay.030
Fra:14 Mem:82.97M (Peak 82.97M) | Time:00:00.05 | Mem:0.00M, Peak:0.00M | Scene, ViewLayer | Synchronizing object | Glazed bay.031
Fra:14 Mem:82.98M (Peak 82.98M) | Time:00:00.05 | Mem:0.00M, Peak:0.00M | Scene, ViewLayer | Synchronizing object | Glazed bay.032
Fra:14 Mem:83.00M (Peak 83.00M) | Time:00:00.05 | Mem:0.00M, Peak:0.00M | Scene, ViewLayer | Synchronizing object | Horizontal mullion.070
Fra:14 Mem:83.00M (Peak 83.00M) | Time:00:00.05 | Mem:0.00M, Peak:0.00M | Scene, ViewLayer | Synchronizing object | Horizontal mullion.071
Fra:14 Mem:83.00M (Peak 83.00M) | Time:00:00.05 | Mem:0.00M, Peak:0.00M | Scene, ViewLayer | Synchronizing object | Horizontal mullion.072
Fra:14 Mem:83.01M (Peak 83.01M) | Time:00:00.05 | Mem:0.00M, Peak:0.00M | Scene, ViewLayer | Synchronizing object | Horizontal mullion.073
Fra:14 Mem:83.00M (Peak 83.01M) | Time:00:00.05 | Mem:0.00M, Peak:0.00M | Scene, ViewLayer | Synchronizing object | Horizontal mullion.074
Fra:14 Mem:83.01M (Peak 83.01M) | Time:00:00.05 | Mem:0.00M, Peak:0.00M | Scene, ViewLayer | Synchronizing object | Horizontal mullion.075
Fra:14 Mem:83.01M (Peak 83.01M) | Time:00:00.05 | Mem:0.00M, Peak:0.00M | Scene, ViewLayer | Synchronizing object | Horizontal mullion.076
Fra:14 Mem:83.02M (Peak 83.02M) | Time:00:00.05 | Mem:0.00M, Peak:0.00M | Scene, ViewLayer | Synchronizing object | Vertical mullion.039
Fra:14 Mem:83.04M (Peak 83.04M) | Time:00:00.05 | Mem:0.00M, Peak:0.00M | Scene, ViewLayer | Synchronizing object | Vertical mullion.040
Fra:14 Mem:83.04M (Peak 83.04M) | Time:00:00.05 | Mem:0.00M, Peak:0.00M | Scene, ViewLayer | Synchronizing object | Vertical mullion.042
Fra:14 Mem:83.04M (Peak 83.04M) | Time:00:00.05 | Mem:0.00M, Peak:0.00M | Scene, ViewLayer | Synchronizing object | Vertical mullion.043
Fra:14 Mem:83.04M (Peak 83.04M) | Time:00:00.05 | Mem:0.00M, Peak:0.00M | Scene, ViewLayer | Synchronizing object | Curved eave panel.010
Fra:14 Mem:83.04M (Peak 83.04M) | Time:00:00.05 | Mem:0.00M, Peak:0.00M | Scene, ViewLayer | Synchronizing object | Eave silver edge.010
Fra:14 Mem:83.04M (Peak 83.04M) | Time:00:00.05 | Mem:0.00M, Peak:0.00M | Scene, ViewLayer | Synchronizing object | Roof rib.010
Fra:14 Mem:83.04M (Peak 83.04M) | Time:00:00.05 | Mem:0.00M, Peak:0.00M | Scene, ViewLayer | Synchronizing object | Stone terrace.010
Fra:14 Mem:83.05M (Peak 83.05M) | Time:00:00.05 | Mem:0.00M, Peak:0.00M | Scene, ViewLayer | Synchronizing object | Entrance door.006
Fra:14 Mem:83.07M (Peak 83.07M) | Time:00:00.05 | Mem:0.00M, Peak:0.00M | Scene, ViewLayer | Synchronizing object | Door glazing.006
Fra:14 Mem:83.08M (Peak 83.08M) | Time:00:00.05 | Mem:0.00M, Peak:0.00M | Scene, ViewLayer | Synchronizing object | Door handle.006
Fra:14 Mem:83.08M (Peak 83.08M) | Time:00:00.05 | Mem:0.00M, Peak:0.00M | Scene, ViewLayer | Synchronizing object | Entrance door.007
Fra:14 Mem:83.08M (Peak 83.08M) | Time:00:00.05 | Mem:0.00M, Peak:0.00M | Scene, ViewLayer | Synchronizing object | Door glazing.007
Fra:14 Mem:83.11M (Peak 83.11M) | Time:00:00.05 | Mem:0.00M, Peak:0.00M | Scene, ViewLayer | Synchronizing object | Door handle.007
Fra:14 Mem:83.11M (Peak 83.11M) | Time:00:00.05 | Mem:0.00M, Peak:0.00M | Scene, ViewLayer | Synchronizing object | Entrance canopy.003
Fra:14 Mem:83.11M (Peak 83.11M) | Time:00:00.05 | Mem:0.00M, Peak:0.00M | Scene, ViewLayer | Synchronizing object | Canopy column.006
Fra:14 Mem:83.14M (Peak 83.14M) | Time:00:00.05 | Mem:0.00M, Peak:0.00M | Scene, ViewLayer | Synchronizing object | Canopy column.007
Fra:14 Mem:83.13M (Peak 83.14M) | Time:00:00.05 | Mem:0.00M, Peak:0.00M | Scene, ViewLayer | Synchronizing object | Terrace stairs.024
Fra:14 Mem:83.15M (Peak 83.15M) | Time:00:00.05 | Mem:0.00M, Peak:0.00M | Scene, ViewLayer | Synchronizing object | Terrace stairs.025
Fra:14 Mem:83.16M (Peak 83.16M) | Time:00:00.05 | Mem:0.00M, Peak:0.00M | Scene, ViewLayer | Synchronizing object | Terrace stairs.026
Fra:14 Mem:83.18M (Peak 83.18M) | Time:00:00.05 | Mem:0.00M, Peak:0.00M | Scene, ViewLayer | Synchronizing object | Terrace stairs.027
Fra:14 Mem:83.19M (Peak 83.19M) | Time:00:00.05 | Mem:0.00M, Peak:0.00M | Scene, ViewLayer | Synchronizing object | Terrace stairs.028
Fra:14 Mem:83.21M (Peak 83.21M) | Time:00:00.05 | Mem:0.00M, Peak:0.00M | Scene, ViewLayer | Synchronizing object | Terrace stairs.029
Fra:14 Mem:83.22M (Peak 83.22M) | Time:00:00.05 | Mem:0.00M, Peak:0.00M | Scene, ViewLayer | Synchronizing object | Terrace stairs.030
Fra:14 Mem:83.23M (Peak 83.23M) | Time:00:00.05 | Mem:0.00M, Peak:0.00M | Scene, ViewLayer | Synchronizing object | Terrace stairs.031
Fra:14 Mem:83.24M (Peak 83.24M) | Time:00:00.05 | Mem:0.00M, Peak:0.00M | Scene, ViewLayer | Synchronizing object | Glazed bay.033
Fra:14 Mem:83.26M (Peak 83.26M) | Time:00:00.05 | Mem:0.00M, Peak:0.00M | Scene, ViewLayer | Synchronizing object | Glazed bay.034
Fra:14 Mem:83.28M (Peak 83.28M) | Time:00:00.05 | Mem:0.00M, Peak:0.00M | Scene, ViewLayer | Synchronizing object | Glazed bay.035
Fra:14 Mem:83.29M (Peak 83.29M) | Time:00:00.05 | Mem:0.00M, Peak:0.00M | Scene, ViewLayer | Synchronizing object | Horizontal mullion.077
Fra:14 Mem:83.30M (Peak 83.30M) | Time:00:00.05 | Mem:0.00M, Peak:0.00M | Scene, ViewLayer | Synchronizing object | Horizontal mullion.078
Fra:14 Mem:83.29M (Peak 83.30M) | Time:00:00.05 | Mem:0.00M, Peak:0.00M | Scene, ViewLayer | Synchronizing object | Horizontal mullion.079
Fra:14 Mem:83.29M (Peak 83.30M) | Time:00:00.05 | Mem:0.00M, Peak:0.00M | Scene, ViewLayer | Synchronizing object | Horizontal mullion.080
Fra:14 Mem:83.29M (Peak 83.30M) | Time:00:00.05 | Mem:0.00M, Peak:0.00M | Scene, ViewLayer | Synchronizing object | Horizontal mullion.081
Fra:14 Mem:83.32M (Peak 83.32M) | Time:00:00.05 | Mem:0.00M, Peak:0.00M | Scene, ViewLayer | Synchronizing object | Horizontal mullion.082
Fra:14 Mem:83.31M (Peak 83.32M) | Time:00:00.05 | Mem:0.00M, Peak:0.00M | Scene, ViewLayer | Synchronizing object | Horizontal mullion.083
Fra:14 Mem:83.32M (Peak 83.32M) | Time:00:00.05 | Mem:0.00M, Peak:0.00M | Scene, ViewLayer | Synchronizing object | Vertical mullion.044
Fra:14 Mem:83.31M (Peak 83.32M) | Time:00:00.05 | Mem:0.00M, Peak:0.00M | Scene, ViewLayer | Synchronizing object | Vertical mullion.045
Fra:14 Mem:83.32M (Peak 83.32M) | Time:00:00.05 | Mem:0.00M, Peak:0.00M | Scene, ViewLayer | Synchronizing object | Primary rib.011
Fra:14 Mem:83.32M (Peak 83.32M) | Time:00:00.05 | Mem:0.00M, Peak:0.00M | Scene, ViewLayer | Synchronizing object | Curved eave panel.011
Fra:14 Mem:83.32M (Peak 83.32M) | Time:00:00.05 | Mem:0.00M, Peak:0.00M | Scene, ViewLayer | Synchronizing object | Roof rib.011
Fra:14 Mem:83.33M (Peak 83.33M) | Time:00:00.05 | Mem:0.00M, Peak:0.00M | Scene, ViewLayer | Synchronizing object | Stone terrace.011
Fra:14 Mem:83.33M (Peak 83.33M) | Time:00:00.05 | Mem:0.00M, Peak:0.00M | Scene, ViewLayer | Synchronizing object | Glazed bay.036
Fra:14 Mem:83.36M (Peak 83.36M) | Time:00:00.05 | Mem:0.00M, Peak:0.00M | Scene, ViewLayer | Synchronizing object | Glazed bay.037
Fra:14 Mem:83.36M (Peak 83.36M) | Time:00:00.05 | Mem:0.00M, Peak:0.00M | Scene, ViewLayer | Synchronizing object | Glazed bay.038
Fra:14 Mem:83.39M (Peak 83.39M) | Time:00:00.05 | Mem:0.00M, Peak:0.00M | Scene, ViewLayer | Synchronizing object | Horizontal mullion.084
Fra:14 Mem:83.39M (Peak 83.39M) | Time:00:00.05 | Mem:0.00M, Peak:0.00M | Scene, ViewLayer | Synchronizing object | Horizontal mullion.085
Fra:14 Mem:83.39M (Peak 83.39M) | Time:00:00.05 | Mem:0.00M, Peak:0.00M | Scene, ViewLayer | Synchronizing object | Horizontal mullion.087
Fra:14 Mem:83.39M (Peak 83.39M) | Time:00:00.05 | Mem:0.00M, Peak:0.00M | Scene, ViewLayer | Synchronizing object | Horizontal mullion.088
Fra:14 Mem:83.39M (Peak 83.39M) | Time:00:00.05 | Mem:0.00M, Peak:0.00M | Scene, ViewLayer | Synchronizing object | Horizontal mullion.089
Fra:14 Mem:83.39M (Peak 83.39M) | Time:00:00.05 | Mem:0.00M, Peak:0.00M | Scene, ViewLayer | Synchronizing object | Horizontal mullion.090
Fra:14 Mem:83.40M (Peak 83.40M) | Time:00:00.05 | Mem:0.00M, Peak:0.00M | Scene, ViewLayer | Synchronizing object | Vertical mullion.046
Fra:14 Mem:83.40M (Peak 83.40M) | Time:00:00.05 | Mem:0.00M, Peak:0.00M | Scene, ViewLayer | Synchronizing object | Vertical mullion.047
Fra:14 Mem:83.40M (Peak 83.40M) | Time:00:00.05 | Mem:0.00M, Peak:0.00M | Scene, ViewLayer | Synchronizing object | Primary rib.012
Fra:14 Mem:83.41M (Peak 83.41M) | Time:00:00.05 | Mem:0.00M, Peak:0.00M | Scene, ViewLayer | Synchronizing object | Curved eave panel.012
Fra:14 Mem:83.41M (Peak 83.41M) | Time:00:00.05 | Mem:0.00M, Peak:0.00M | Scene, ViewLayer | Synchronizing object | Eave silver edge.012
Fra:14 Mem:83.41M (Peak 83.41M) | Time:00:00.05 | Mem:0.00M, Peak:0.00M | Scene, ViewLayer | Synchronizing object | Roof rib.012
Fra:14 Mem:83.41M (Peak 83.41M) | Time:00:00.05 | Mem:0.00M, Peak:0.00M | Scene, ViewLayer | Synchronizing object | Stone terrace.012
Fra:14 Mem:83.42M (Peak 83.42M) | Time:00:00.05 | Mem:0.00M, Peak:0.00M | Scene, ViewLayer | Synchronizing object | Glazed bay.040
Fra:14 Mem:83.46M (Peak 83.46M) | Time:00:00.05 | Mem:0.00M, Peak:0.00M | Scene, ViewLayer | Synchronizing object | Glazed bay.041
Fra:14 Mem:83.45M (Peak 83.46M) | Time:00:00.05 | Mem:0.00M, Peak:0.00M | Scene, ViewLayer | Synchronizing object | Horizontal mullion.091
Fra:14 Mem:83.47M (Peak 83.47M) | Time:00:00.05 | Mem:0.00M, Peak:0.00M | Scene, ViewLayer | Synchronizing object | Horizontal mullion.092
Fra:14 Mem:83.50M (Peak 83.50M) | Time:00:00.05 | Mem:0.00M, Peak:0.00M | Scene, ViewLayer | Synchronizing object | Horizontal mullion.093
Fra:14 Mem:83.48M (Peak 83.50M) | Time:00:00.05 | Mem:0.00M, Peak:0.00M | Scene, ViewLayer | Synchronizing object | Horizontal mullion.094
Fra:14 Mem:83.48M (Peak 83.50M) | Time:00:00.05 | Mem:0.00M, Peak:0.00M | Scene, ViewLayer | Synchronizing object | Horizontal mullion.095
Fra:14 Mem:83.49M (Peak 83.50M) | Time:00:00.05 | Mem:0.00M, Peak:0.00M | Scene, ViewLayer | Synchronizing object | Horizontal mullion.097
Fra:14 Mem:83.49M (Peak 83.50M) | Time:00:00.05 | Mem:0.00M, Peak:0.00M | Scene, ViewLayer | Synchronizing object | Vertical mullion.048
Fra:14 Mem:83.49M (Peak 83.50M) | Time:00:00.05 | Mem:0.00M, Peak:0.00M | Scene, ViewLayer | Synchronizing object | Vertical mullion.049
Fra:14 Mem:83.49M (Peak 83.50M) | Time:00:00.05 | Mem:0.00M, Peak:0.00M | Scene, ViewLayer | Synchronizing object | Vertical mullion.050
Fra:14 Mem:83.50M (Peak 83.50M) | Time:00:00.05 | Mem:0.00M, Peak:0.00M | Scene, ViewLayer | Synchronizing object | Vertical mullion.051
Fra:14 Mem:83.50M (Peak 83.50M) | Time:00:00.05 | Mem:0.00M, Peak:0.00M | Scene, ViewLayer | Synchronizing object | Primary rib.013
Fra:14 Mem:83.50M (Peak 83.50M) | Time:00:00.05 | Mem:0.00M, Peak:0.00M | Scene, ViewLayer | Synchronizing object | Curved eave panel.013
Fra:14 Mem:83.50M (Peak 83.50M) | Time:00:00.05 | Mem:0.00M, Peak:0.00M | Scene, ViewLayer | Synchronizing object | Eave silver edge.013
Fra:14 Mem:83.51M (Peak 83.51M) | Time:00:00.05 | Mem:0.00M, Peak:0.00M | Scene, ViewLayer | Synchronizing object | Roof rib.013
Fra:14 Mem:83.51M (Peak 83.51M) | Time:00:00.05 | Mem:0.00M, Peak:0.00M | Scene, ViewLayer | Synchronizing object | Stone terrace.013
Fra:14 Mem:83.51M (Peak 83.51M) | Time:00:00.05 | Mem:0.00M, Peak:0.00M | Scene, ViewLayer | Synchronizing object | Entrance door.008
Fra:14 Mem:83.54M (Peak 83.54M) | Time:00:00.05 | Mem:0.00M, Peak:0.00M | Scene, ViewLayer | Synchronizing object | Door glazing.008
Fra:14 Mem:83.54M (Peak 83.54M) | Time:00:00.05 | Mem:0.00M, Peak:0.00M | Scene, ViewLayer | Synchronizing object | Door handle.008
Fra:14 Mem:83.56M (Peak 83.56M) | Time:00:00.05 | Mem:0.00M, Peak:0.00M | Scene, ViewLayer | Synchronizing object | Entrance door.009
Fra:14 Mem:83.57M (Peak 83.57M) | Time:00:00.05 | Mem:0.00M, Peak:0.00M | Scene, ViewLayer | Synchronizing object | Door glazing.009
Fra:14 Mem:83.59M (Peak 83.59M) | Time:00:00.05 | Mem:0.00M, Peak:0.00M | Scene, ViewLayer | Synchronizing object | Door handle.009
Fra:14 Mem:83.59M (Peak 83.59M) | Time:00:00.05 | Mem:0.00M, Peak:0.00M | Scene, ViewLayer | Synchronizing object | Entrance canopy.004
Fra:14 Mem:83.60M (Peak 83.60M) | Time:00:00.05 | Mem:0.00M, Peak:0.00M | Scene, ViewLayer | Synchronizing object | Canopy column.008
Fra:14 Mem:83.61M (Peak 83.61M) | Time:00:00.05 | Mem:0.00M, Peak:0.00M | Scene, ViewLayer | Synchronizing object | Canopy column.009
Fra:14 Mem:83.60M (Peak 83.61M) | Time:00:00.05 | Mem:0.00M, Peak:0.00M | Scene, ViewLayer | Synchronizing object | Terrace stairs.033
Fra:14 Mem:83.61M (Peak 83.61M) | Time:00:00.05 | Mem:0.00M, Peak:0.00M | Scene, ViewLayer | Synchronizing object | Terrace stairs.032
Fra:14 Mem:83.64M (Peak 83.64M) | Time:00:00.05 | Mem:0.00M, Peak:0.00M | Scene, ViewLayer | Synchronizing object | Terrace stairs.035
Fra:14 Mem:83.64M (Peak 83.64M) | Time:00:00.05 | Mem:0.00M, Peak:0.00M | Scene, ViewLayer | Synchronizing object | Terrace stairs.036
Fra:14 Mem:83.70M (Peak 83.70M) | Time:00:00.05 | Mem:0.00M, Peak:0.00M | Scene, ViewLayer | Synchronizing object | Terrace stairs.037
Fra:14 Mem:83.68M (Peak 83.70M) | Time:00:00.05 | Mem:0.00M, Peak:0.00M | Scene, ViewLayer | Synchronizing object | Terrace stairs.038
Fra:14 Mem:83.72M (Peak 83.72M) | Time:00:00.05 | Mem:0.00M, Peak:0.00M | Scene, ViewLayer | Synchronizing object | Terrace stairs.039
Fra:14 Mem:83.71M (Peak 83.72M) | Time:00:00.05 | Mem:0.00M, Peak:0.00M | Scene, ViewLayer | Synchronizing object | Glazed bay.042
Fra:14 Mem:83.76M (Peak 83.76M) | Time:00:00.05 | Mem:0.00M, Peak:0.00M | Scene, ViewLayer | Synchronizing object | Glazed bay.043
Fra:14 Mem:83.74M (Peak 83.76M) | Time:00:00.05 | Mem:0.00M, Peak:0.00M | Scene, ViewLayer | Synchronizing object | Glazed bay.044
Fra:14 Mem:83.77M (Peak 83.77M) | Time:00:00.05 | Mem:0.00M, Peak:0.00M | Scene, ViewLayer | Synchronizing object | Horizontal mullion.098
Fra:14 Mem:83.77M (Peak 83.77M) | Time:00:00.05 | Mem:0.00M, Peak:0.00M | Scene, ViewLayer | Synchronizing object | Horizontal mullion.100
Fra:14 Mem:83.77M (Peak 83.77M) | Time:00:00.05 | Mem:0.00M, Peak:0.00M | Scene, ViewLayer | Synchronizing object | Horizontal mullion.102
Fra:14 Mem:83.78M (Peak 83.78M) | Time:00:00.05 | Mem:0.00M, Peak:0.00M | Scene, ViewLayer | Synchronizing object | Horizontal mullion.103
Fra:14 Mem:83.78M (Peak 83.78M) | Time:00:00.05 | Mem:0.00M, Peak:0.00M | Scene, ViewLayer | Synchronizing object | Horizontal mullion.104
Fra:14 Mem:83.79M (Peak 83.79M) | Time:00:00.05 | Mem:0.00M, Peak:0.00M | Scene, ViewLayer | Synchronizing object | Vertical mullion.054
Fra:14 Mem:83.79M (Peak 83.79M) | Time:00:00.05 | Mem:0.00M, Peak:0.00M | Scene, ViewLayer | Synchronizing object | Vertical mullion.055
Fra:14 Mem:83.80M (Peak 83.80M) | Time:00:00.05 | Mem:0.00M, Peak:0.00M | Scene, ViewLayer | Synchronizing object | Vertical mullion.056
Fra:14 Mem:83.80M (Peak 83.80M) | Time:00:00.05 | Mem:0.00M, Peak:0.00M | Scene, ViewLayer | Synchronizing object | Primary rib.014
Fra:14 Mem:83.80M (Peak 83.80M) | Time:00:00.05 | Mem:0.00M, Peak:0.00M | Scene, ViewLayer | Synchronizing object | Curved eave panel.014
Fra:14 Mem:83.80M (Peak 83.80M) | Time:00:00.05 | Mem:0.00M, Peak:0.00M | Scene, ViewLayer | Synchronizing object | Eave silver edge.014
Fra:14 Mem:83.81M (Peak 83.81M) | Time:00:00.05 | Mem:0.00M, Peak:0.00M | Scene, ViewLayer | Synchronizing object | Roof rib.014
Fra:14 Mem:83.81M (Peak 83.81M) | Time:00:00.05 | Mem:0.00M, Peak:0.00M | Scene, ViewLayer | Synchronizing object | Stone terrace.014
Fra:14 Mem:83.81M (Peak 83.81M) | Time:00:00.05 | Mem:0.00M, Peak:0.00M | Scene, ViewLayer | Synchronizing object | Aerodynamic shell
Fra:14 Mem:83.91M (Peak 83.91M) | Time:00:00.05 | Mem:0.00M, Peak:0.00M | Scene, ViewLayer | Synchronizing object | Underframe
Fra:14 Mem:83.92M (Peak 83.92M) | Time:00:00.05 | Mem:0.00M, Peak:0.00M | Scene, ViewLayer | Synchronizing object | Navy belt
Fra:14 Mem:83.92M (Peak 83.92M) | Time:00:00.05 | Mem:0.00M, Peak:0.00M | Scene, ViewLayer | Synchronizing object | Passenger window
Fra:14 Mem:83.96M (Peak 83.96M) | Time:00:00.05 | Mem:0.00M, Peak:0.00M | Scene, ViewLayer | Synchronizing object | Passenger window.001
Fra:14 Mem:83.98M (Peak 83.98M) | Time:00:00.05 | Mem:0.00M, Peak:0.00M | Scene, ViewLayer | Synchronizing object | Passenger window.002
Fra:14 Mem:84.02M (Peak 84.02M) | Time:00:00.05 | Mem:0.00M, Peak:0.00M | Scene, ViewLayer | Synchronizing object | Passenger window.003
Fra:14 Mem:83.98M (Peak 84.02M) | Time:00:00.05 | Mem:0.00M, Peak:0.00M | Scene, ViewLayer | Synchronizing object | Passenger window.005
Fra:14 Mem:84.02M (Peak 84.02M) | Time:00:00.05 | Mem:0.00M, Peak:0.00M | Scene, ViewLayer | Synchronizing object | Passenger window.006
Fra:14 Mem:84.03M (Peak 84.03M) | Time:00:00.05 | Mem:0.00M, Peak:0.00M | Scene, ViewLayer | Synchronizing object | Passenger window.007
Fra:14 Mem:84.06M (Peak 84.06M) | Time:00:00.05 | Mem:0.00M, Peak:0.00M | Scene, ViewLayer | Synchronizing object | Passenger door
Fra:14 Mem:84.05M (Peak 84.06M) | Time:00:00.05 | Mem:0.00M, Peak:0.00M | Scene, ViewLayer | Synchronizing object | Door window
Fra:14 Mem:84.10M (Peak 84.10M) | Time:00:00.05 | Mem:0.00M, Peak:0.00M | Scene, ViewLayer | Synchronizing object | Passenger door.001
Fra:14 Mem:84.08M (Peak 84.10M) | Time:00:00.05 | Mem:0.00M, Peak:0.00M | Scene, ViewLayer | Synchronizing object | Door window.001
Fra:14 Mem:84.11M (Peak 84.11M) | Time:00:00.05 | Mem:0.00M, Peak:0.00M | Scene, ViewLayer | Synchronizing object | Navy belt.001
Fra:14 Mem:84.11M (Peak 84.11M) | Time:00:00.05 | Mem:0.00M, Peak:0.00M | Scene, ViewLayer | Synchronizing object | Passenger window.009
Fra:14 Mem:84.14M (Peak 84.14M) | Time:00:00.05 | Mem:0.00M, Peak:0.00M | Scene, ViewLayer | Synchronizing object | Passenger window.010
Fra:14 Mem:84.15M (Peak 84.15M) | Time:00:00.05 | Mem:0.00M, Peak:0.00M | Scene, ViewLayer | Synchronizing object | Passenger window.011
Fra:14 Mem:84.18M (Peak 84.18M) | Time:00:00.05 | Mem:0.00M, Peak:0.00M | Scene, ViewLayer | Synchronizing object | Passenger window.012
Fra:14 Mem:84.20M (Peak 84.20M) | Time:00:00.05 | Mem:0.00M, Peak:0.00M | Scene, ViewLayer | Synchronizing object | Passenger window.013
Fra:14 Mem:84.20M (Peak 84.20M) | Time:00:00.05 | Mem:0.00M, Peak:0.00M | Scene, ViewLayer | Synchronizing object | Studio ground
Fra:14 Mem:84.21M (Peak 84.21M) | Time:00:00.05 | Mem:0.00M, Peak:0.00M | Scene, ViewLayer | Synchronizing object | Passenger window.014
Fra:14 Mem:84.24M (Peak 84.24M) | Time:00:00.05 | Mem:0.00M, Peak:0.00M | Scene, ViewLayer | Synchronizing object | Passenger window.015
Fra:14 Mem:84.26M (Peak 84.26M) | Time:00:00.05 | Mem:0.00M, Peak:0.00M | Scene, ViewLayer | Synchronizing object | Medical vest cross.001
Fra:14 Mem:84.26M (Peak 84.26M) | Time:00:00.05 | Mem:0.00M, Peak:0.00M | Scene, ViewLayer | Synchronizing object | Passenger door.002
Fra:14 Mem:84.28M (Peak 84.28M) | Time:00:00.05 | Mem:0.00M, Peak:0.00M | Scene, ViewLayer | Synchronizing object | Door window.002
Fra:14 Mem:84.31M (Peak 84.31M) | Time:00:00.05 | Mem:0.00M, Peak:0.00M | Scene, ViewLayer | Synchronizing object | Passenger door.003
Fra:14 Mem:84.27M (Peak 84.31M) | Time:00:00.05 | Mem:0.00M, Peak:0.00M | Scene, ViewLayer | Synchronizing object | Bogie
Fra:14 Mem:84.28M (Peak 84.31M) | Time:00:00.05 | Mem:0.00M, Peak:0.00M | Scene, ViewLayer | Synchronizing object | Medical vest cross
Fra:14 Mem:84.33M (Peak 84.33M) | Time:00:00.05 | Mem:0.00M, Peak:0.00M | Scene, ViewLayer | Synchronizing object | Steel wheel
Fra:14 Mem:84.37M (Peak 84.37M) | Time:00:00.05 | Mem:0.00M, Peak:0.00M | Scene, ViewLayer | Synchronizing object | Steel wheel.001
Fra:14 Mem:84.34M (Peak 84.37M) | Time:00:00.05 | Mem:0.00M, Peak:0.00M | Scene, ViewLayer | Synchronizing object | Steel wheel.002
Fra:14 Mem:84.35M (Peak 84.37M) | Time:00:00.05 | Mem:0.00M, Peak:0.00M | Scene, ViewLayer | Synchronizing object | Steel wheel.003
Fra:14 Mem:84.37M (Peak 84.37M) | Time:00:00.05 | Mem:0.00M, Peak:0.00M | Scene, ViewLayer | Synchronizing object | Bogie.001
Fra:14 Mem:84.36M (Peak 84.37M) | Time:00:00.05 | Mem:0.00M, Peak:0.00M | Scene, ViewLayer | Synchronizing object | Steel wheel.005
Fra:14 Mem:84.38M (Peak 84.38M) | Time:00:00.05 | Mem:0.00M, Peak:0.00M | Scene, ViewLayer | Synchronizing object | Steel wheel.006
Fra:14 Mem:84.39M (Peak 84.39M) | Time:00:00.05 | Mem:0.00M, Peak:0.00M | Scene, ViewLayer | Synchronizing object | Steel wheel.007
Fra:14 Mem:84.37M (Peak 84.39M) | Time:00:00.05 | Mem:0.00M, Peak:0.00M | Scene, ViewLayer | Synchronizing object | Hair.001
Fra:14 Mem:84.38M (Peak 84.39M) | Time:00:00.05 | Mem:0.00M, Peak:0.00M | Scene, ViewLayer | Synchronizing object | Nose lamp
Fra:14 Mem:84.38M (Peak 84.39M) | Time:00:00.05 | Mem:0.00M, Peak:0.00M | Scene, ViewLayer | Synchronizing object | Adult head.002
Fra:14 Mem:84.41M (Peak 84.41M) | Time:00:00.05 | Mem:0.00M, Peak:0.00M | Scene, ViewLayer | Synchronizing object | Nose lamp.001
Fra:14 Mem:84.41M (Peak 84.41M) | Time:00:00.05 | Mem:0.00M, Peak:0.00M | Scene, ViewLayer | Synchronizing object | Service identification
Fra:14 Mem:84.43M (Peak 84.43M) | Time:00:00.05 | Mem:0.00M, Peak:0.00M | Scene, ViewLayer | Synchronizing object | Aerodynamic shell.001
Fra:14 Mem:84.44M (Peak 84.44M) | Time:00:00.05 | Mem:0.00M, Peak:0.00M | Scene, ViewLayer | Synchronizing object | Underframe.001
Fra:14 Mem:84.50M (Peak 84.50M) | Time:00:00.05 | Mem:0.00M, Peak:0.00M | Scene, ViewLayer | Synchronizing object | Navy belt.002
Fra:14 Mem:84.53M (Peak 84.53M) | Time:00:00.05 | Mem:0.00M, Peak:0.00M | Scene, ViewLayer | Synchronizing object | Passenger window.016
Fra:14 Mem:84.54M (Peak 84.54M) | Time:00:00.05 | Mem:0.00M, Peak:0.00M | Scene, ViewLayer | Synchronizing object | Neck.002
Fra:14 Mem:84.57M (Peak 84.57M) | Time:00:00.05 | Mem:0.00M, Peak:0.00M | Scene, ViewLayer | Synchronizing object | Passenger window.017
Fra:14 Mem:84.53M (Peak 84.57M) | Time:00:00.05 | Mem:0.00M, Peak:0.00M | Scene, ViewLayer | Synchronizing object | Glove.005
Fra:14 Mem:84.56M (Peak 84.57M) | Time:00:00.05 | Mem:0.00M, Peak:0.00M | Scene, ViewLayer | Synchronizing object | Passenger window.018
Fra:14 Mem:84.57M (Peak 84.57M) | Time:00:00.05 | Mem:0.00M, Peak:0.00M | Scene, ViewLayer | Synchronizing object | Jacket forearm.005
Fra:14 Mem:84.61M (Peak 84.61M) | Time:00:00.05 | Mem:0.00M, Peak:0.00M | Scene, ViewLayer | Synchronizing object | Jacket upper sleeve.005
Fra:14 Mem:84.59M (Peak 84.61M) | Time:00:00.05 | Mem:0.00M, Peak:0.00M | Scene, ViewLayer | Synchronizing object | Passenger window.019
Fra:14 Mem:84.60M (Peak 84.61M) | Time:00:00.05 | Mem:0.00M, Peak:0.00M | Scene, ViewLayer | Synchronizing object | Boot.005
Fra:14 Mem:84.62M (Peak 84.62M) | Time:00:00.05 | Mem:0.00M, Peak:0.00M | Scene, ViewLayer | Synchronizing object | Trouser shin.005
Fra:14 Mem:84.62M (Peak 84.62M) | Time:00:00.05 | Mem:0.00M, Peak:0.00M | Scene, ViewLayer | Synchronizing object | Passenger window.020
Fra:14 Mem:84.62M (Peak 84.62M) | Time:00:00.05 | Mem:0.00M, Peak:0.00M | Scene, ViewLayer | Synchronizing object | Trouser thigh.005
Fra:14 Mem:84.64M (Peak 84.64M) | Time:00:00.05 | Mem:0.00M, Peak:0.00M | Scene, ViewLayer | Synchronizing object | Passenger window.021
Fra:14 Mem:84.64M (Peak 84.64M) | Time:00:00.05 | Mem:0.00M, Peak:0.00M | Scene, ViewLayer | Synchronizing object | Glove.004
Fra:14 Mem:84.68M (Peak 84.68M) | Time:00:00.05 | Mem:0.00M, Peak:0.00M | Scene, ViewLayer | Synchronizing object | Jacket forearm.004
Fra:14 Mem:84.67M (Peak 84.68M) | Time:00:00.05 | Mem:0.00M, Peak:0.00M | Scene, ViewLayer | Synchronizing object | Passenger window.022
Fra:14 Mem:84.67M (Peak 84.68M) | Time:00:00.05 | Mem:0.00M, Peak:0.00M | Scene, ViewLayer | Synchronizing object | Jacket upper sleeve.004
Fra:14 Mem:84.71M (Peak 84.71M) | Time:00:00.05 | Mem:0.00M, Peak:0.00M | Scene, ViewLayer | Synchronizing object | Boot.004
Fra:14 Mem:84.68M (Peak 84.71M) | Time:00:00.05 | Mem:0.00M, Peak:0.00M | Scene, ViewLayer | Synchronizing object | Passenger window.023
Fra:14 Mem:84.72M (Peak 84.72M) | Time:00:00.05 | Mem:0.00M, Peak:0.00M | Scene, ViewLayer | Synchronizing object | Trouser shin.004
Fra:14 Mem:84.73M (Peak 84.73M) | Time:00:00.05 | Mem:0.00M, Peak:0.00M | Scene, ViewLayer | Synchronizing object | Trouser thigh.004
Fra:14 Mem:84.74M (Peak 84.74M) | Time:00:00.05 | Mem:0.00M, Peak:0.00M | Scene, ViewLayer | Synchronizing object | Jacket.002
Fra:14 Mem:84.73M (Peak 84.74M) | Time:00:00.05 | Mem:0.00M, Peak:0.00M | Scene, ViewLayer | Synchronizing object | Pelvis.002
Fra:14 Mem:84.76M (Peak 84.76M) | Time:00:00.05 | Mem:0.00M, Peak:0.00M | Scene, ViewLayer | Synchronizing object | Passenger door.004
Fra:14 Mem:84.75M (Peak 84.76M) | Time:00:00.05 | Mem:0.00M, Peak:0.00M | Scene, ViewLayer | Synchronizing object | Door window.004
Fra:14 Mem:84.76M (Peak 84.76M) | Time:00:00.05 | Mem:0.00M, Peak:0.00M | Scene, ViewLayer | Synchronizing object | Passenger door.005
Fra:14 Mem:84.79M (Peak 84.79M) | Time:00:00.05 | Mem:0.00M, Peak:0.00M | Scene, ViewLayer | Synchronizing object | Door window.005
Fra:14 Mem:84.81M (Peak 84.82M) | Time:00:00.05 | Mem:0.00M, Peak:0.00M | Scene, ViewLayer | Synchronizing object | Navy belt.003
Fra:14 Mem:84.85M (Peak 84.84M) | Time:00:00.05 | Mem:0.00M, Peak:0.00M | Scene, ViewLayer | Synchronizing object | Jacket reflective strip
Fra:14 Mem:84.83M (Peak 84.84M) | Time:00:00.05 | Mem:0.00M, Peak:0.00M | Scene, ViewLayer | Synchronizing object | Passenger window.024
Fra:14 Mem:84.89M (Peak 84.89M) | Time:00:00.05 | Mem:0.00M, Peak:0.00M | Scene, ViewLayer | Synchronizing object | Passenger window.025
Fra:14 Mem:84.88M (Peak 84.89M) | Time:00:00.05 | Mem:0.00M, Peak:0.00M | Scene, ViewLayer | Synchronizing object | Breathing air cylinder.001
Fra:14 Mem:84.88M (Peak 84.89M) | Time:00:00.05 | Mem:0.00M, Peak:0.00M | Scene, ViewLayer | Synchronizing object | Breathing air cylinder
Fra:14 Mem:84.86M (Peak 84.89M) | Time:00:00.05 | Mem:0.00M, Peak:0.00M | Scene, ViewLayer | Synchronizing object | Passenger window.026
Fra:14 Mem:84.88M (Peak 84.89M) | Time:00:00.05 | Mem:0.00M, Peak:0.00M | Scene, ViewLayer | Synchronizing object | Passenger window.028
Fra:14 Mem:84.93M (Peak 84.93M) | Time:00:00.05 | Mem:0.00M, Peak:0.00M | Scene, ViewLayer | Synchronizing object | Passenger window.029
Fra:14 Mem:84.94M (Peak 84.94M) | Time:00:00.05 | Mem:0.00M, Peak:0.00M | Scene, ViewLayer | Synchronizing object | Passenger window.030
Fra:14 Mem:84.95M (Peak 84.95M) | Time:00:00.05 | Mem:0.00M, Peak:0.00M | Scene, ViewLayer | Synchronizing object | Passenger window.031
Fra:14 Mem:84.99M (Peak 84.99M) | Time:00:00.05 | Mem:0.00M, Peak:0.00M | Scene, ViewLayer | Synchronizing object | Passenger door.006
Fra:14 Mem:84.99M (Peak 84.99M) | Time:00:00.05 | Mem:0.00M, Peak:0.00M | Scene, ViewLayer | Synchronizing object | Door window.006
Fra:14 Mem:84.99M (Peak 84.99M) | Time:00:00.05 | Mem:0.00M, Peak:0.00M | Scene, ViewLayer | Synchronizing object | Passenger door.007
Fra:14 Mem:85.00M (Peak 85.00M) | Time:00:00.05 | Mem:0.00M, Peak:0.00M | Scene, ViewLayer | Synchronizing object | Door window.007
Fra:14 Mem:85.03M (Peak 85.03M) | Time:00:00.05 | Mem:0.00M, Peak:0.00M | Scene, ViewLayer | Synchronizing object | Bogie.002
Fra:14 Mem:85.01M (Peak 85.03M) | Time:00:00.05 | Mem:0.00M, Peak:0.00M | Scene, ViewLayer | Synchronizing object | Helmet brim
Fra:14 Mem:85.02M (Peak 85.03M) | Time:00:00.05 | Mem:0.00M, Peak:0.00M | Scene, ViewLayer | Synchronizing object | Steel wheel.009
Fra:14 Mem:85.06M (Peak 85.06M) | Time:00:00.05 | Mem:0.00M, Peak:0.00M | Scene, ViewLayer | Synchronizing object | Steel wheel.010
Fra:14 Mem:85.05M (Peak 85.06M) | Time:00:00.05 | Mem:0.00M, Peak:0.00M | Scene, ViewLayer | Synchronizing object | Steel wheel.011
Fra:14 Mem:85.05M (Peak 85.06M) | Time:00:00.05 | Mem:0.00M, Peak:0.00M | Scene, ViewLayer | Synchronizing object | Bogie.003
Fra:14 Mem:85.05M (Peak 85.06M) | Time:00:00.05 | Mem:0.00M, Peak:0.00M | Scene, ViewLayer | Synchronizing object | Steel wheel.012
Fra:14 Mem:85.08M (Peak 85.08M) | Time:00:00.05 | Mem:0.00M, Peak:0.00M | Scene, ViewLayer | Synchronizing object | Steel wheel.013
Fra:14 Mem:85.06M (Peak 85.08M) | Time:00:00.05 | Mem:0.00M, Peak:0.00M | Scene, ViewLayer | Synchronizing object | Safety helmet
Fra:14 Mem:85.07M (Peak 85.08M) | Time:00:00.05 | Mem:0.00M, Peak:0.00M | Scene, ViewLayer | Synchronizing object | Steel wheel.014
Fra:14 Mem:85.08M (Peak 85.08M) | Time:00:00.05 | Mem:0.00M, Peak:0.00M | Scene, ViewLayer | Synchronizing object | Steel wheel.015
Fra:14 Mem:85.08M (Peak 85.08M) | Time:00:00.05 | Mem:0.00M, Peak:0.00M | Scene, ViewLayer | Synchronizing object | Chassis
Fra:14 Mem:85.08M (Peak 85.08M) | Time:00:00.05 | Mem:0.00M, Peak:0.00M | Scene, ViewLayer | Synchronizing object | Adult head.001
Fra:14 Mem:85.10M (Peak 85.10M) | Time:00:00.05 | Mem:0.00M, Peak:0.00M | Scene, ViewLayer | Synchronizing object | Sloped crew cab
Fra:14 Mem:85.12M (Peak 85.12M) | Time:00:00.05 | Mem:0.00M, Peak:0.00M | Scene, ViewLayer | Synchronizing object | Neck.001
Fra:14 Mem:85.17M (Peak 85.17M) | Time:00:00.05 | Mem:0.00M, Peak:0.00M | Scene, ViewLayer | Synchronizing object | Windscreen
Fra:14 Mem:85.16M (Peak 85.17M) | Time:00:00.05 | Mem:0.00M, Peak:0.00M | Scene, ViewLayer | Synchronizing object | Cab side window
Fra:14 Mem:85.18M (Peak 85.18M) | Time:00:00.05 | Mem:0.00M, Peak:0.00M | Scene, ViewLayer | Synchronizing object | Sleeve reflective band.001
Fra:14 Mem:85.17M (Peak 85.18M) | Time:00:00.05 | Mem:0.00M, Peak:0.00M | Scene, ViewLayer | Synchronizing object | Cab handle
Fra:14 Mem:85.18M (Peak 85.18M) | Time:00:00.05 | Mem:0.00M, Peak:0.00M | Scene, ViewLayer | Synchronizing object | Glove.003
Fra:14 Mem:85.21M (Peak 85.21M) | Time:00:00.05 | Mem:0.00M, Peak:0.00M | Scene, ViewLayer | Synchronizing object | Mirror arm
Fra:14 Mem:85.20M (Peak 85.21M) | Time:00:00.05 | Mem:0.00M, Peak:0.00M | Scene, ViewLayer | Synchronizing object | Wing mirror
Fra:14 Mem:85.21M (Peak 85.21M) | Time:00:00.05 | Mem:0.00M, Peak:0.00M | Scene, ViewLayer | Synchronizing object | Safety stripe
Fra:14 Mem:85.22M (Peak 85.22M) | Time:00:00.05 | Mem:0.00M, Peak:0.00M | Scene, ViewLayer | Synchronizing object | Roller equipment shutter
Fra:14 Mem:85.24M (Peak 85.24M) | Time:00:00.05 | Mem:0.00M, Peak:0.00M | Scene, ViewLayer | Synchronizing object | Jacket upper sleeve.003
Fra:14 Mem:85.27M (Peak 85.27M) | Time:00:00.05 | Mem:0.00M, Peak:0.00M | Scene, ViewLayer | Synchronizing object | Ankle reflective band.001
Fra:14 Mem:85.25M (Peak 85.27M) | Time:00:00.05 | Mem:0.00M, Peak:0.00M | Scene, ViewLayer | Synchronizing object | Shutter rib
Fra:14 Mem:85.27M (Peak 85.27M) | Time:00:00.05 | Mem:0.00M, Peak:0.00M | Scene, ViewLayer | Synchronizing object | Boot.003
Fra:14 Mem:85.27M (Peak 85.27M) | Time:00:00.05 | Mem:0.00M, Peak:0.00M | Scene, ViewLayer | Synchronizing object | Shutter rib.001
Fra:14 Mem:85.29M (Peak 85.29M) | Time:00:00.05 | Mem:0.00M, Peak:0.00M | Scene, ViewLayer | Synchronizing object | Shutter rib.002
Fra:14 Mem:85.31M (Peak 85.31M) | Time:00:00.05 | Mem:0.00M, Peak:0.00M | Scene, ViewLayer | Synchronizing object | Trouser shin.003
Fra:14 Mem:85.34M (Peak 85.34M) | Time:00:00.05 | Mem:0.00M, Peak:0.00M | Scene, ViewLayer | Synchronizing object | Trouser thigh.003
Fra:14 Mem:85.31M (Peak 85.34M) | Time:00:00.05 | Mem:0.00M, Peak:0.00M | Scene, ViewLayer | Synchronizing object | Shutter rib.003
Fra:14 Mem:85.32M (Peak 85.34M) | Time:00:00.05 | Mem:0.00M, Peak:0.00M | Scene, ViewLayer | Synchronizing object | Sleeve reflective band
Fra:14 Mem:85.33M (Peak 85.34M) | Time:00:00.05 | Mem:0.00M, Peak:0.00M | Scene, ViewLayer | Synchronizing object | Shutter rib.004
Fra:14 Mem:85.33M (Peak 85.34M) | Time:00:00.05 | Mem:0.00M, Peak:0.00M | Scene, ViewLayer | Synchronizing object | Glove.002
Fra:14 Mem:85.38M (Peak 85.38M) | Time:00:00.05 | Mem:0.00M, Peak:0.00M | Scene, ViewLayer | Synchronizing object | Jacket forearm.002
Fra:14 Mem:85.38M (Peak 85.38M) | Time:00:00.05 | Mem:0.00M, Peak:0.00M | Scene, ViewLayer | Synchronizing object | Shutter rib.006
Fra:14 Mem:85.38M (Peak 85.38M) | Time:00:00.05 | Mem:0.00M, Peak:0.00M | Scene, ViewLayer | Synchronizing object | Jacket upper sleeve.002
Fra:14 Mem:85.40M (Peak 85.40M) | Time:00:00.05 | Mem:0.00M, Peak:0.00M | Scene, ViewLayer | Synchronizing object | Shutter latch
Fra:14 Mem:85.39M (Peak 85.40M) | Time:00:00.05 | Mem:0.00M, Peak:0.00M | Scene, ViewLayer | Synchronizing object | Ankle reflective band
Fra:14 Mem:85.42M (Peak 85.42M) | Time:00:00.05 | Mem:0.00M, Peak:0.00M | Scene, ViewLayer | Synchronizing object | Roller equipment shutter.001
Fra:14 Mem:85.41M (Peak 85.42M) | Time:00:00.05 | Mem:0.00M, Peak:0.00M | Scene, ViewLayer | Synchronizing object | Shutter rib.007
Fra:14 Mem:85.45M (Peak 85.45M) | Time:00:00.05 | Mem:0.00M, Peak:0.00M | Scene, ViewLayer | Synchronizing object | Shutter rib.008
Fra:14 Mem:85.45M (Peak 85.45M) | Time:00:00.05 | Mem:0.00M, Peak:0.00M | Scene, ViewLayer | Synchronizing object | Trouser shin.002
Fra:14 Mem:85.48M (Peak 85.48M) | Time:00:00.05 | Mem:0.00M, Peak:0.00M | Scene, ViewLayer | Synchronizing object | Trouser thigh.002
Fra:14 Mem:85.48M (Peak 85.48M) | Time:00:00.05 | Mem:0.00M, Peak:0.00M | Scene, ViewLayer | Synchronizing object | Shutter rib.009
Fra:14 Mem:85.47M (Peak 85.48M) | Time:00:00.05 | Mem:0.00M, Peak:0.00M | Scene, ViewLayer | Synchronizing object | Jacket.001
Fra:14 Mem:85.50M (Peak 85.50M) | Time:00:00.05 | Mem:0.00M, Peak:0.00M | Scene, ViewLayer | Synchronizing object | Shutter rib.010
Fra:14 Mem:85.50M (Peak 85.50M) | Time:00:00.05 | Mem:0.00M, Peak:0.00M | Scene, ViewLayer | Synchronizing object | Shutter rib.011
Fra:14 Mem:85.50M (Peak 85.50M) | Time:00:00.05 | Mem:0.00M, Peak:0.00M | Scene, ViewLayer | Synchronizing object | Pelvis.001
Fra:14 Mem:85.56M (Peak 85.56M) | Time:00:00.05 | Mem:0.00M, Peak:0.00M | Scene, ViewLayer | Synchronizing object | Radio
Fra:14 Mem:85.54M (Peak 85.56M) | Time:00:00.05 | Mem:0.00M, Peak:0.00M | Scene, ViewLayer | Synchronizing object | Shutter rib.012
Fra:14 Mem:85.57M (Peak 85.57M) | Time:00:00.05 | Mem:0.00M, Peak:0.00M | Scene, ViewLayer | Synchronizing object | Shutter rib.013
Fra:14 Mem:85.58M (Peak 85.58M) | Time:00:00.05 | Mem:0.00M, Peak:0.00M | Scene, ViewLayer | Synchronizing object | Shutter latch.001
Fra:14 Mem:85.60M (Peak 85.60M) | Time:00:00.05 | Mem:0.00M, Peak:0.00M | Scene, ViewLayer | Synchronizing object | Operations vest
Fra:14 Mem:85.59M (Peak 85.60M) | Time:00:00.05 | Mem:0.00M, Peak:0.00M | Scene, ViewLayer | Synchronizing object | Roller equipment shutter.002
Fra:14 Mem:85.62M (Peak 85.62M) | Time:00:00.05 | Mem:0.00M, Peak:0.00M | Scene, ViewLayer | Synchronizing object | Shutter rib.014
Fra:14 Mem:85.63M (Peak 85.63M) | Time:00:00.05 | Mem:0.00M, Peak:0.00M | Scene, ViewLayer | Synchronizing object | Shutter rib.015
Fra:14 Mem:85.64M (Peak 85.64M) | Time:00:00.05 | Mem:0.00M, Peak:0.00M | Scene, ViewLayer | Synchronizing object | Hair
Fra:14 Mem:85.64M (Peak 85.64M) | Time:00:00.05 | Mem:0.00M, Peak:0.00M | Scene, ViewLayer | Synchronizing object | Shutter rib.016
Fra:14 Mem:85.65M (Peak 85.65M) | Time:00:00.05 | Mem:0.00M, Peak:0.00M | Scene, ViewLayer | Synchronizing object | Shutter rib.018
Fra:14 Mem:85.69M (Peak 85.69M) | Time:00:00.05 | Mem:0.00M, Peak:0.00M | Scene, ViewLayer | Synchronizing object | Adult head
Fra:14 Mem:85.70M (Peak 85.70M) | Time:00:00.05 | Mem:0.00M, Peak:0.00M | Scene, ViewLayer | Synchronizing object | Shutter rib.019
Fra:14 Mem:85.70M (Peak 85.70M) | Time:00:00.05 | Mem:0.00M, Peak:0.00M | Scene, ViewLayer | Synchronizing object | Shutter rib.020
Fra:14 Mem:85.73M (Peak 85.73M) | Time:00:00.05 | Mem:0.00M, Peak:0.00M | Scene, ViewLayer | Synchronizing object | Shutter latch.002
Fra:14 Mem:85.75M (Peak 85.75M) | Time:00:00.05 | Mem:0.00M, Peak:0.00M | Scene, ViewLayer | Synchronizing object | 119 side marking
Fra:14 Mem:85.79M (Peak 85.79M) | Time:00:00.05 | Mem:0.00M, Peak:0.00M | Scene, ViewLayer | Synchronizing object | Neck
Fra:14 Mem:85.81M (Peak 85.81M) | Time:00:00.05 | Mem:0.00M, Peak:0.00M | Scene, ViewLayer | Synchronizing object | Cab side window.001
Fra:14 Mem:85.79M (Peak 85.81M) | Time:00:00.05 | Mem:0.00M, Peak:0.00M | Scene, ViewLayer | Synchronizing object | Cab handle.001
Fra:14 Mem:85.81M (Peak 85.81M) | Time:00:00.05 | Mem:0.00M, Peak:0.00M | Scene, ViewLayer | Synchronizing object | Glove.001
Fra:14 Mem:85.84M (Peak 85.84M) | Time:00:00.05 | Mem:0.00M, Peak:0.00M | Scene, ViewLayer | Synchronizing object | Wing mirror.001
Fra:14 Mem:85.84M (Peak 85.84M) | Time:00:00.05 | Mem:0.00M, Peak:0.00M | Scene, ViewLayer | Synchronizing object | Jacket forearm.001
Fra:14 Mem:85.86M (Peak 85.86M) | Time:00:00.05 | Mem:0.00M, Peak:0.00M | Scene, ViewLayer | Synchronizing object | Jacket upper sleeve.001
Fra:14 Mem:85.87M (Peak 85.87M) | Time:00:00.05 | Mem:0.00M, Peak:0.00M | Scene, ViewLayer | Synchronizing object | Safety stripe.001
Fra:14 Mem:85.86M (Peak 85.87M) | Time:00:00.05 | Mem:0.00M, Peak:0.00M | Scene, ViewLayer | Synchronizing object | Boot.001
Fra:14 Mem:85.88M (Peak 85.88M) | Time:00:00.05 | Mem:0.00M, Peak:0.00M | Scene, ViewLayer | Synchronizing object | Shutter rib.021
Fra:14 Mem:85.91M (Peak 85.91M) | Time:00:00.05 | Mem:0.00M, Peak:0.00M | Scene, ViewLayer | Synchronizing object | Shutter rib.022
Fra:14 Mem:85.91M (Peak 85.91M) | Time:00:00.05 | Mem:0.00M, Peak:0.00M | Scene, ViewLayer | Synchronizing object | Shutter rib.023
Fra:14 Mem:85.95M (Peak 85.95M) | Time:00:00.05 | Mem:0.00M, Peak:0.00M | Scene, ViewLayer | Synchronizing object | Trouser thigh.001
Fra:14 Mem:85.94M (Peak 85.95M) | Time:00:00.05 | Mem:0.00M, Peak:0.00M | Scene, ViewLayer | Synchronizing object | Shutter rib.024
Fra:14 Mem:85.96M (Peak 85.96M) | Time:00:00.05 | Mem:0.00M, Peak:0.00M | Scene, ViewLayer | Synchronizing object | Shutter rib.025
Fra:14 Mem:85.95M (Peak 85.96M) | Time:00:00.05 | Mem:0.00M, Peak:0.00M | Scene, ViewLayer | Synchronizing object | Shutter rib.026
Fra:14 Mem:86.01M (Peak 86.01M) | Time:00:00.05 | Mem:0.00M, Peak:0.00M | Scene, ViewLayer | Synchronizing object | Jacket forearm
Fra:14 Mem:86.00M (Peak 86.01M) | Time:00:00.05 | Mem:0.00M, Peak:0.00M | Scene, ViewLayer | Synchronizing object | Jacket upper sleeve
Fra:14 Mem:86.01M (Peak 86.01M) | Time:00:00.05 | Mem:0.00M, Peak:0.00M | Scene, ViewLayer | Synchronizing object | Shutter latch.003
Fra:14 Mem:86.00M (Peak 86.01M) | Time:00:00.05 | Mem:0.00M, Peak:0.00M | Scene, ViewLayer | Synchronizing object | Roller equipment shutter.004
Fra:14 Mem:86.03M (Peak 86.03M) | Time:00:00.05 | Mem:0.00M, Peak:0.00M | Scene, ViewLayer | Synchronizing object | Shutter rib.028
Fra:14 Mem:86.04M (Peak 86.04M) | Time:00:00.05 | Mem:0.00M, Peak:0.00M | Scene, ViewLayer | Synchronizing object | Shutter rib.029
Fra:14 Mem:86.07M (Peak 86.07M) | Time:00:00.05 | Mem:0.00M, Peak:0.00M | Scene, ViewLayer | Synchronizing object | Trouser shin
Fra:14 Mem:86.09M (Peak 86.09M) | Time:00:00.05 | Mem:0.00M, Peak:0.00M | Scene, ViewLayer | Synchronizing object | Trouser thigh
Fra:14 Mem:86.09M (Peak 86.09M) | Time:00:00.05 | Mem:0.00M, Peak:0.00M | Scene, ViewLayer | Synchronizing object | Jacket
Fra:14 Mem:86.12M (Peak 86.12M) | Time:00:00.05 | Mem:0.00M, Peak:0.00M | Scene, ViewLayer | Synchronizing object | Shutter rib.030
Fra:14 Mem:86.10M (Peak 86.12M) | Time:00:00.05 | Mem:0.00M, Peak:0.00M | Scene, ViewLayer | Synchronizing object | Pelvis
Fra:14 Mem:86.12M (Peak 86.12M) | Time:00:00.05 | Mem:0.00M, Peak:0.00M | Scene, ViewLayer | Synchronizing object | Shutter rib.032
Fra:14 Mem:86.13M (Peak 86.13M) | Time:00:00.05 | Mem:0.00M, Peak:0.00M | Scene, ViewLayer | Synchronizing object | Emergency beacon.003
Fra:14 Mem:86.18M (Peak 86.18M) | Time:00:00.05 | Mem:0.00M, Peak:0.00M | Scene, ViewLayer | Synchronizing object | Shutter rib.033
Fra:14 Mem:86.20M (Peak 86.20M) | Time:00:00.05 | Mem:0.00M, Peak:0.00M | Scene, ViewLayer | Synchronizing object | Shutter rib.034
Fra:14 Mem:86.20M (Peak 86.20M) | Time:00:00.05 | Mem:0.00M, Peak:0.00M | Scene, ViewLayer | Synchronizing object | Emergency beacon.002
Fra:14 Mem:86.20M (Peak 86.20M) | Time:00:00.05 | Mem:0.00M, Peak:0.00M | Scene, ViewLayer | Synchronizing object | Shutter latch.004
Fra:14 Mem:86.23M (Peak 86.23M) | Time:00:00.05 | Mem:0.00M, Peak:0.00M | Scene, ViewLayer | Synchronizing object | Roller equipment shutter.005
Fra:14 Mem:86.25M (Peak 86.25M) | Time:00:00.05 | Mem:0.00M, Peak:0.00M | Scene, ViewLayer | Synchronizing object | Shutter rib.035
Fra:14 Mem:86.23M (Peak 86.25M) | Time:00:00.05 | Mem:0.00M, Peak:0.00M | Scene, ViewLayer | Synchronizing object | Lightbar housing.001
Fra:14 Mem:86.28M (Peak 86.28M) | Time:00:00.05 | Mem:0.00M, Peak:0.00M | Scene, ViewLayer | Synchronizing object | Shutter rib.036
Fra:14 Mem:86.27M (Peak 86.28M) | Time:00:00.05 | Mem:0.00M, Peak:0.00M | Scene, ViewLayer | Synchronizing object | Shutter rib.037
Fra:14 Mem:86.30M (Peak 86.30M) | Time:00:00.05 | Mem:0.00M, Peak:0.00M | Scene, ViewLayer | Synchronizing object | Shutter rib.038
Fra:14 Mem:86.29M (Peak 86.30M) | Time:00:00.05 | Mem:0.00M, Peak:0.00M | Scene, ViewLayer | Synchronizing object | Headlamp.003
Fra:14 Mem:86.32M (Peak 86.32M) | Time:00:00.05 | Mem:0.00M, Peak:0.00M | Scene, ViewLayer | Synchronizing object | Shutter rib.039
Fra:14 Mem:86.33M (Peak 86.33M) | Time:00:00.05 | Mem:0.00M, Peak:0.00M | Scene, ViewLayer | Synchronizing object | Shutter rib.040
Fra:14 Mem:86.36M (Peak 86.36M) | Time:00:00.05 | Mem:0.00M, Peak:0.00M | Scene, ViewLayer | Synchronizing object | Shutter rib.041
Fra:14 Mem:86.34M (Peak 86.36M) | Time:00:00.05 | Mem:0.00M, Peak:0.00M | Scene, ViewLayer | Synchronizing object | Headlamp.002
Fra:14 Mem:86.36M (Peak 86.36M) | Time:00:00.05 | Mem:0.00M, Peak:0.00M | Scene, ViewLayer | Synchronizing object | Shutter latch.005
Fra:14 Mem:86.38M (Peak 86.38M) | Time:00:00.05 | Mem:0.00M, Peak:0.00M | Scene, ViewLayer | Synchronizing object | 119 side marking.001
Fra:14 Mem:86.42M (Peak 86.42M) | Time:00:00.05 | Mem:0.00M, Peak:0.00M | Scene, ViewLayer | Synchronizing object | Tire
Fra:14 Mem:86.41M (Peak 86.42M) | Time:00:00.05 | Mem:0.00M, Peak:0.00M | Scene, ViewLayer | Synchronizing object | Radiator grille.001
Fra:14 Mem:86.41M (Peak 86.42M) | Time:00:00.05 | Mem:0.00M, Peak:0.00M | Scene, ViewLayer | Synchronizing object | Wheel rim.001
Fra:14 Mem:86.44M (Peak 86.44M) | Time:00:00.05 | Mem:0.00M, Peak:0.00M | Scene, ViewLayer | Synchronizing object | Tire.002
Fra:14 Mem:86.43M (Peak 86.44M) | Time:00:00.05 | Mem:0.00M, Peak:0.00M | Scene, ViewLayer | Synchronizing object | Wheel rim.002
Fra:14 Mem:86.45M (Peak 86.45M) | Time:00:00.05 | Mem:0.00M, Peak:0.00M | Scene, ViewLayer | Synchronizing object | Tire.003
Fra:14 Mem:86.43M (Peak 86.45M) | Time:00:00.05 | Mem:0.00M, Peak:0.00M | Scene, ViewLayer | Synchronizing object | Front bumper.001
Fra:14 Mem:86.43M (Peak 86.45M) | Time:00:00.05 | Mem:0.00M, Peak:0.00M | Scene, ViewLayer | Synchronizing object | Wheel rim.003
Fra:14 Mem:86.44M (Peak 86.45M) | Time:00:00.05 | Mem:0.00M, Peak:0.00M | Scene, ViewLayer | Synchronizing object | Front bumper
Fra:14 Mem:86.44M (Peak 86.45M) | Time:00:00.05 | Mem:0.00M, Peak:0.00M | Scene, ViewLayer | Synchronizing object | Radiator grille
Fra:14 Mem:86.51M (Peak 86.51M) | Time:00:00.05 | Mem:0.00M, Peak:0.00M | Scene, ViewLayer | Synchronizing object | Headlamp
Fra:14 Mem:86.50M (Peak 86.51M) | Time:00:00.05 | Mem:0.00M, Peak:0.00M | Scene, ViewLayer | Synchronizing object | Lightbar housing
Fra:14 Mem:86.52M (Peak 86.52M) | Time:00:00.05 | Mem:0.00M, Peak:0.00M | Scene, ViewLayer | Synchronizing object | Wheel rim.007
Fra:14 Mem:86.55M (Peak 86.55M) | Time:00:00.05 | Mem:0.00M, Peak:0.00M | Scene, ViewLayer | Synchronizing object | Tire.007
Fra:14 Mem:86.54M (Peak 86.55M) | Time:00:00.05 | Mem:0.00M, Peak:0.00M | Scene, ViewLayer | Synchronizing object | Emergency beacon
Fra:14 Mem:86.54M (Peak 86.55M) | Time:00:00.05 | Mem:0.00M, Peak:0.00M | Scene, ViewLayer | Synchronizing object | Wheel rim.006
Fra:14 Mem:86.55M (Peak 86.55M) | Time:00:00.05 | Mem:0.00M, Peak:0.00M | Scene, ViewLayer | Synchronizing object | Emergency beacon.001
Fra:14 Mem:86.55M (Peak 86.55M) | Time:00:00.06 | Mem:0.00M, Peak:0.00M | Scene, ViewLayer | Synchronizing object | Roof ladder rail
Fra:14 Mem:86.57M (Peak 86.57M) | Time:00:00.06 | Mem:0.00M, Peak:0.00M | Scene, ViewLayer | Synchronizing object | Roof ladder rail.001
Fra:14 Mem:86.57M (Peak 86.57M) | Time:00:00.06 | Mem:0.00M, Peak:0.00M | Scene, ViewLayer | Synchronizing object | Roof ladder rung
Fra:14 Mem:86.57M (Peak 86.57M) | Time:00:00.06 | Mem:0.00M, Peak:0.00M | Scene, ViewLayer | Synchronizing object | Roof ladder rung.001
Fra:14 Mem:86.57M (Peak 86.57M) | Time:00:00.06 | Mem:0.00M, Peak:0.00M | Scene, ViewLayer | Synchronizing object | Roof ladder rung.002
Fra:14 Mem:86.57M (Peak 86.57M) | Time:00:00.06 | Mem:0.00M, Peak:0.00M | Scene, ViewLayer | Synchronizing object | Roof ladder rung.005
Fra:14 Mem:86.57M (Peak 86.57M) | Time:00:00.06 | Mem:0.00M, Peak:0.00M | Scene, ViewLayer | Synchronizing object | Roof ladder rung.006
Fra:14 Mem:86.58M (Peak 86.58M) | Time:00:00.06 | Mem:0.00M, Peak:0.00M | Scene, ViewLayer | Synchronizing object | Roof ladder rung.007
Fra:14 Mem:86.58M (Peak 86.58M) | Time:00:00.06 | Mem:0.00M, Peak:0.00M | Scene, ViewLayer | Synchronizing object | Roof ladder rung.008
Fra:14 Mem:86.58M (Peak 86.58M) | Time:00:00.06 | Mem:0.00M, Peak:0.00M | Scene, ViewLayer | Synchronizing object | Roof ladder rung.010
Fra:14 Mem:86.59M (Peak 86.59M) | Time:00:00.06 | Mem:0.00M, Peak:0.00M | Scene, ViewLayer | Synchronizing object | Hose reel
Fra:14 Mem:86.59M (Peak 86.59M) | Time:00:00.06 | Mem:0.00M, Peak:0.00M | Scene, ViewLayer | Synchronizing object | Tire.005
Fra:14 Mem:86.59M (Peak 86.59M) | Time:00:00.06 | Mem:0.00M, Peak:0.00M | Scene, ViewLayer | Synchronizing object | Water monitor
Fra:14 Mem:86.60M (Peak 86.60M) | Time:00:00.06 | Mem:0.00M, Peak:0.00M | Scene, ViewLayer | Synchronizing object | Wheel rim.004
Fra:14 Mem:86.60M (Peak 86.60M) | Time:00:00.06 | Mem:0.00M, Peak:0.00M | Scene, ViewLayer | Synchronizing object | Chassis.001
Fra:14 Mem:86.60M (Peak 86.60M) | Time:00:00.06 | Mem:0.00M, Peak:0.00M | Scene, ViewLayer | Synchronizing object | Equipment body.001
Fra:14 Mem:86.60M (Peak 86.60M) | Time:00:00.06 | Mem:0.00M, Peak:0.00M | Scene, ViewLayer | Synchronizing object | Sloped crew cab.001
Fra:14 Mem:86.62M (Peak 86.62M) | Time:00:00.06 | Mem:0.00M, Peak:0.00M | Scene, ViewLayer | Synchronizing object | Windscreen.001
Fra:14 Mem:86.66M (Peak 86.66M) | Time:00:00.06 | Mem:0.00M, Peak:0.00M | Scene, ViewLayer | Synchronizing object | Tire.004
Fra:14 Mem:86.65M (Peak 86.66M) | Time:00:00.06 | Mem:0.00M, Peak:0.00M | Scene, ViewLayer | Synchronizing object | 119 side marking.003
Fra:14 Mem:86.72M (Peak 86.72M) | Time:00:00.06 | Mem:0.00M, Peak:0.00M | Scene, ViewLayer | Synchronizing object | Cab side window.002
Fra:14 Mem:86.69M (Peak 86.72M) | Time:00:00.06 | Mem:0.00M, Peak:0.00M | Scene, ViewLayer | Synchronizing object | Mirror arm.002
Fra:14 Mem:86.72M (Peak 86.72M) | Time:00:00.06 | Mem:0.00M, Peak:0.00M | Scene, ViewLayer | Synchronizing object | Wing mirror.002
Fra:14 Mem:86.77M (Peak 86.77M) | Time:00:00.06 | Mem:0.00M, Peak:0.00M | Scene, ViewLayer | Synchronizing object | Safety stripe.002
Fra:14 Mem:86.79M (Peak 86.79M) | Time:00:00.06 | Mem:0.00M, Peak:0.00M | Scene, ViewLayer | Synchronizing object | Patient window
Fra:14 Mem:86.77M (Peak 86.79M) | Time:00:00.06 | Mem:0.00M, Peak:0.00M | Scene, ViewLayer | Synchronizing object | Medical cross vertical
Fra:14 Mem:86.79M (Peak 86.79M) | Time:00:00.06 | Mem:0.00M, Peak:0.00M | Scene, ViewLayer | Synchronizing object | Medical cross vertical.001
Fra:14 Mem:86.84M (Peak 86.84M) | Time:00:00.06 | Mem:0.00M, Peak:0.00M | Scene, ViewLayer | Synchronizing object | 119 side marking.002
Fra:14 Mem:86.84M (Peak 86.84M) | Time:00:00.06 | Mem:0.00M, Peak:0.00M | Scene, ViewLayer | Synchronizing object | Cab side window.003
Fra:14 Mem:86.87M (Peak 86.87M) | Time:00:00.06 | Mem:0.00M, Peak:0.00M | Scene, ViewLayer | Synchronizing object | Cab handle.003
Fra:14 Mem:86.88M (Peak 86.88M) | Time:00:00.06 | Mem:0.00M, Peak:0.00M | Scene, ViewLayer | Synchronizing object | Mirror arm.003
Fra:14 Mem:86.88M (Peak 86.88M) | Time:00:00.06 | Mem:0.00M, Peak:0.00M | Scene, ViewLayer | Synchronizing object | Patient window.001
Fra:14 Mem:86.90M (Peak 86.90M) | Time:00:00.06 | Mem:0.00M, Peak:0.00M | Scene, ViewLayer | Synchronizing object | Wing mirror.003
Fra:14 Mem:86.89M (Peak 86.90M) | Time:00:00.06 | Mem:0.00M, Peak:0.00M | Scene, ViewLayer | Synchronizing object | Safety stripe.003
Fra:14 Mem:86.91M (Peak 86.91M) | Time:00:00.06 | Mem:0.00M, Peak:0.00M | Scene, ViewLayer | Initializing
Fra:14 Mem:59.98M (Peak 86.91M) | Time:00:00.06 | Mem:0.00M, Peak:0.00M | Scene, ViewLayer | Waiting for render to start
Fra:14 Mem:59.98M (Peak 86.91M) | Time:00:00.06 | Mem:0.00M, Peak:0.00M | Scene, ViewLayer | Updating Scene
Fra:14 Mem:59.98M (Peak 86.91M) | Time:00:00.06 | Mem:0.00M, Peak:0.00M | Scene, ViewLayer | Updating Shaders
Fra:14 Mem:59.98M (Peak 86.91M) | Time:00:00.06 | Mem:0.00M, Peak:0.00M | Scene, ViewLayer | Loading render kernels (may take a few minutes the first time)
Fra:14 Mem:60.07M (Peak 86.91M) | Time:00:00.06 | Mem:0.01M, Peak:0.01M | Scene, ViewLayer | Updating Procedurals
Fra:14 Mem:60.07M (Peak 86.91M) | Time:00:00.06 | Mem:0.01M, Peak:0.01M | Scene, ViewLayer | Updating Background
Fra:14 Mem:60.07M (Peak 86.91M) | Time:00:00.06 | Mem:0.01M, Peak:0.01M | Scene, ViewLayer | Updating Camera
Fra:14 Mem:60.07M (Peak 86.91M) | Time:00:00.06 | Mem:0.01M, Peak:0.01M | Scene, ViewLayer | Updating Meshes Flags
Fra:14 Mem:60.07M (Peak 86.91M) | Time:00:00.06 | Mem:0.01M, Peak:0.01M | Scene, ViewLayer | Updating Objects
Fra:14 Mem:60.07M (Peak 86.91M) | Time:00:00.06 | Mem:0.01M, Peak:0.01M | Scene, ViewLayer | Updating Objects | Copying Transformations to device
Fra:14 Mem:60.23M (Peak 86.91M) | Time:00:00.06 | Mem:0.16M, Peak:0.16M | Scene, ViewLayer | Updating Particle Systems
Fra:14 Mem:60.23M (Peak 86.91M) | Time:00:00.06 | Mem:0.16M, Peak:0.16M | Scene, ViewLayer | Updating Particle Systems | Copying Particles to device
Fra:14 Mem:60.23M (Peak 86.91M) | Time:00:00.06 | Mem:0.16M, Peak:0.16M | Scene, ViewLayer | Updating Meshes
Fra:14 Mem:60.23M (Peak 86.91M) | Time:00:00.06 | Mem:0.16M, Peak:0.16M | Scene, ViewLayer | Updating Objects | Applying Static Transformations
Fra:14 Mem:60.23M (Peak 86.91M) | Time:00:00.06 | Mem:0.16M, Peak:0.16M | Scene, ViewLayer | Updating Mesh | Computing attributes
Fra:14 Mem:61.27M (Peak 86.91M) | Time:00:00.06 | Mem:0.20M, Peak:0.20M | Scene, ViewLayer | Updating Mesh | Copying Attributes to device
Fra:14 Mem:61.19M (Peak 86.91M) | Time:00:00.06 | Mem:1.13M, Peak:1.13M | Scene, ViewLayer | Updating Scene BVH | Building
Fra:14 Mem:61.20M (Peak 86.91M) | Time:00:00.06 | Mem:1.13M, Peak:1.13M | Scene, ViewLayer | Updating Scene BVH | Building BVH
Fra:14 Mem:61.20M (Peak 86.91M) | Time:00:00.06 | Mem:2.96M, Peak:2.96M | Scene, ViewLayer | Updating Scene BVH | Building BVH 0%
Fra:14 Mem:61.20M (Peak 86.91M) | Time:00:00.07 | Mem:5.14M, Peak:6.97M | Scene, ViewLayer | Updating Scene BVH | Copying BVH to device
Fra:14 Mem:61.20M (Peak 86.91M) | Time:00:00.07 | Mem:5.14M, Peak:6.97M | Scene, ViewLayer | Updating Mesh | Computing normals
Fra:14 Mem:63.97M (Peak 86.91M) | Time:00:00.07 | Mem:5.14M, Peak:6.97M | Scene, ViewLayer | Updating Mesh | Copying Mesh to device
Fra:14 Mem:63.97M (Peak 86.91M) | Time:00:00.07 | Mem:7.90M, Peak:7.90M | Scene, ViewLayer | Updating Objects Flags
Fra:14 Mem:63.97M (Peak 86.91M) | Time:00:00.07 | Mem:7.91M, Peak:7.91M | Scene, ViewLayer | Updating Primitive Offsets
Fra:14 Mem:63.97M (Peak 86.91M) | Time:00:00.07 | Mem:7.91M, Peak:7.91M | Scene, ViewLayer | Updating Images
Fra:14 Mem:63.97M (Peak 86.91M) | Time:00:00.07 | Mem:7.91M, Peak:7.91M | Scene, ViewLayer | Updating Images | Loading Concrete031_1K-JPG_Color.jpg
Fra:14 Mem:67.97M (Peak 86.91M) | Time:00:00.07 | Mem:7.91M, Peak:7.91M | Scene, ViewLayer | Updating Images | Loading Metal032_1K-JPG_Color.jpg
Fra:14 Mem:71.98M (Peak 86.91M) | Time:00:00.09 | Mem:15.91M, Peak:15.91M | Scene, ViewLayer | Updating Camera Volume
Fra:14 Mem:71.98M (Peak 86.91M) | Time:00:00.09 | Mem:15.91M, Peak:15.91M | Scene, ViewLayer | Updating Lookup Tables
Fra:14 Mem:71.98M (Peak 86.91M) | Time:00:00.09 | Mem:15.99M, Peak:15.99M | Scene, ViewLayer | Updating Lights
Fra:14 Mem:71.98M (Peak 86.91M) | Time:00:00.09 | Mem:15.99M, Peak:15.99M | Scene, ViewLayer | Updating Lights | Computing tree
Fra:14 Mem:71.99M (Peak 86.91M) | Time:00:00.09 | Mem:16.00M, Peak:16.00M | Scene, ViewLayer | Updating Integrator
Fra:14 Mem:71.99M (Peak 86.91M) | Time:00:00.09 | Mem:16.00M, Peak:16.00M | Scene, ViewLayer | Updating Film
Fra:14 Mem:71.99M (Peak 86.91M) | Time:00:00.09 | Mem:15.92M, Peak:16.00M | Scene, ViewLayer | Updating Lookup Tables
Fra:14 Mem:71.99M (Peak 86.91M) | Time:00:00.09 | Mem:16.00M, Peak:16.00M | Scene, ViewLayer | Updating Baking
Fra:14 Mem:71.99M (Peak 86.91M) | Time:00:00.09 | Mem:16.00M, Peak:16.00M | Scene, ViewLayer | Updating Device | Writing constant memory
Fra:14 Mem:72.00M (Peak 86.91M) | Time:00:00.09 | Mem:16.00M, Peak:16.00M | Scene, ViewLayer | Loading denoising kernels (may take a few minutes the first time)
Fra:14 Mem:72.00M (Peak 86.91M) | Time:00:00.09 | Mem:16.00M, Peak:16.00M | Scene, ViewLayer | Sample 0/24
Fra:14 Mem:186.05M (Peak 186.05M) | Time:00:00.75 | Remaining:00:15.22 | Mem:130.01M, Peak:130.01M | Scene, ViewLayer | Sample 1/24
Fra:14 Mem:234.05M (Peak 306.05M) | Time:00:21.68 | Mem:130.01M, Peak:130.01M | Scene, ViewLayer | Sample 24/24
Fra:14 Mem:234.05M (Peak 306.05M) | Time:00:21.68 | Mem:130.01M, Peak:130.01M | Scene, ViewLayer | Finished
Saved: '/Users/um-yunsang/CHOOGuard/art/blender/crew-walk-frame14.png'
Time: 00:21.79 (Saving: 00:00.10)


FBX export starting... '/Users/um-yunsang/CHOOGuard/Assets/ChooGuard/Art/ResponseSet/BusanFacade.fbx'
export finished in 0.1901 sec.

FBX export starting... '/Users/um-yunsang/CHOOGuard/Assets/ChooGuard/Art/ResponseSet/HighSpeedCab.fbx'
export finished in 0.0340 sec.

FBX export starting... '/Users/um-yunsang/CHOOGuard/Assets/ChooGuard/Art/ResponseSet/HighSpeedCoach.fbx'
export finished in 0.0268 sec.

FBX export starting... '/Users/um-yunsang/CHOOGuard/Assets/ChooGuard/Art/ResponseSet/FireEngine119.fbx'
export finished in 0.0800 sec.

FBX export starting... '/Users/um-yunsang/CHOOGuard/Assets/ChooGuard/Art/ResponseSet/Ambulance119.fbx'
export finished in 0.0281 sec.
FBX version: 7700

FBX export starting... '/Users/um-yunsang/CHOOGuard/Assets/ChooGuard/Art/ResponseSet/CrewOperations.fbx'
(bpy.data.armatures['root'], 'POSE')
(bpy.data.armatures['root'], 'POSE')
(bpy.data.armatures['root'], 'POSE')
(bpy.data.armatures['root'], 'POSE')
(bpy.data.armatures['root'], 'POSE')
(bpy.data.armatures['root'], 'POSE')
(bpy.data.armatures['root'], 'POSE')
(bpy.data.armatures['root'], 'POSE')
(bpy.data.armatures['root'], 'POSE')
(bpy.data.armatures['root'], 'POSE')
(bpy.data.armatures['root'], 'POSE')
(bpy.data.armatures['root'], 'POSE')
(bpy.data.armatures['root'], 'POSE')
(bpy.data.armatures['root'], 'POSE')
(bpy.data.armatures['root'], 'POSE')
(bpy.data.armatures['root'], 'POSE')
(bpy.data.armatures['root'], 'POSE')
(bpy.data.armatures['root'], 'POSE')
(bpy.data.armatures['root'], 'POSE')
export finished in 1.6388 sec.
FBX version: 7700

FBX export starting... '/Users/um-yunsang/CHOOGuard/Assets/ChooGuard/Art/ResponseSet/CrewFire.fbx'
(bpy.data.armatures['root.001'], 'POSE')
(bpy.data.armatures['root.001'], 'POSE')
(bpy.data.armatures['root.001'], 'POSE')
(bpy.data.armatures['root.001'], 'POSE')
(bpy.data.armatures['root.001'], 'POSE')
(bpy.data.armatures['root.001'], 'POSE')
(bpy.data.armatures['root.001'], 'POSE')
(bpy.data.armatures['root.001'], 'POSE')
(bpy.data.armatures['root.001'], 'POSE')
(bpy.data.armatures['root.001'], 'POSE')
(bpy.data.armatures['root.001'], 'POSE')
(bpy.data.armatures['root.001'], 'POSE')
(bpy.data.armatures['root.001'], 'POSE')
(bpy.data.armatures['root.001'], 'POSE')
(bpy.data.armatures['root.001'], 'POSE')
(bpy.data.armatures['root.001'], 'POSE')
(bpy.data.armatures['root.001'], 'POSE')
(bpy.data.armatures['root.001'], 'POSE')
(bpy.data.armatures['root.001'], 'POSE')
(bpy.data.armatures['root.001'], 'POSE')
(bpy.data.armatures['root.001'], 'POSE')
(bpy.data.armatures['root.001'], 'POSE')
(bpy.data.armatures['root.001'], 'POSE')
(bpy.data.armatures['root.001'], 'POSE')
(bpy.data.armatures['root.001'], 'POSE')
(bpy.data.armatures['root.001'], 'POSE')
(bpy.data.armatures['root.001'], 'POSE')
export finished in 4.4415 sec.
FBX version: 7700

FBX export starting... '/Users/um-yunsang/CHOOGuard/Assets/ChooGuard/Art/ResponseSet/CrewMedical.fbx'
(bpy.data.armatures['root.002'], 'POSE')
(bpy.data.armatures['root.002'], 'POSE')
(bpy.data.armatures['root.002'], 'POSE')
(bpy.data.armatures['root.002'], 'POSE')
(bpy.data.armatures['root.002'], 'POSE')
(bpy.data.armatures['root.002'], 'POSE')
(bpy.data.armatures['root.002'], 'POSE')
(bpy.data.armatures['root.002'], 'POSE')
(bpy.data.armatures['root.002'], 'POSE')
(bpy.data.armatures['root.002'], 'POSE')
(bpy.data.armatures['root.002'], 'POSE')
(bpy.data.armatures['root.002'], 'POSE')
(bpy.data.armatures['root.002'], 'POSE')
(bpy.data.armatures['root.002'], 'POSE')
(bpy.data.armatures['root.002'], 'POSE')
(bpy.data.armatures['root.002'], 'POSE')
(bpy.data.armatures['root.002'], 'POSE')
(bpy.data.armatures['root.002'], 'POSE')
(bpy.data.armatures['root.002'], 'POSE')
(bpy.data.armatures['root.002'], 'POSE')
export finished in 7.3251 sec.
Info: Saved as "response_set.blend"

Blender quit
