Blender 4.5.9 LTS (hash 8bf95cbd38d1 built 2026-04-21 01:30:46)
Fra:14 Mem:74.99M (Peak 79.34M) | Time:00:00.03 | Mem:0.00M, Peak:0.00M | Scene, ViewLayer | Synchronizing object | Area
Fra:14 Mem:74.99M (Peak 79.34M) | Time:00:00.03 | Mem:0.00M, Peak:0.00M | Scene, ViewLayer | Synchronizing object | Glazed bay
Fra:14 Mem:74.99M (Peak 79.34M) | Time:00:00.03 | Mem:0.00M, Peak:0.00M | Scene, ViewLayer | Synchronizing object | Glazed bay.001
Fra:14 Mem:74.99M (Peak 79.34M) | Time:00:00.03 | Mem:0.00M, Peak:0.00M | Scene, ViewLayer | Synchronizing object | Glazed bay.002
Fra:14 Mem:75.04M (Peak 79.34M) | Time:00:00.03 | Mem:0.00M, Peak:0.00M | Scene, ViewLayer | Synchronizing object | Horizontal mullion
Fra:14 Mem:75.04M (Peak 79.34M) | Time:00:00.03 | Mem:0.00M, Peak:0.00M | Scene, ViewLayer | Synchronizing object | Horizontal mullion.002
Fra:14 Mem:75.04M (Peak 79.34M) | Time:00:00.03 | Mem:0.00M, Peak:0.00M | Scene, ViewLayer | Synchronizing object | Horizontal mullion.003
Fra:14 Mem:75.05M (Peak 79.34M) | Time:00:00.03 | Mem:0.00M, Peak:0.00M | Scene, ViewLayer | Synchronizing object | Horizontal mullion.004
Fra:14 Mem:75.05M (Peak 79.34M) | Time:00:00.03 | Mem:0.00M, Peak:0.00M | Scene, ViewLayer | Synchronizing object | Horizontal mullion.005
Fra:14 Mem:75.08M (Peak 79.34M) | Time:00:00.03 | Mem:0.00M, Peak:0.00M | Scene, ViewLayer | Synchronizing object | Vertical mullion
Fra:14 Mem:75.06M (Peak 79.34M) | Time:00:00.03 | Mem:0.00M, Peak:0.00M | Scene, ViewLayer | Synchronizing object | Vertical mullion.001
Fra:14 Mem:75.07M (Peak 79.34M) | Time:00:00.03 | Mem:0.00M, Peak:0.00M | Scene, ViewLayer | Synchronizing object | Vertical mullion.002
Fra:14 Mem:75.07M (Peak 79.34M) | Time:00:00.03 | Mem:0.00M, Peak:0.00M | Scene, ViewLayer | Synchronizing object | Primary rib
Fra:14 Mem:75.07M (Peak 79.34M) | Time:00:00.03 | Mem:0.00M, Peak:0.00M | Scene, ViewLayer | Synchronizing object | Curved eave panel
Fra:14 Mem:75.08M (Peak 79.34M) | Time:00:00.03 | Mem:0.00M, Peak:0.00M | Scene, ViewLayer | Synchronizing object | Eave silver edge
Fra:14 Mem:75.08M (Peak 79.34M) | Time:00:00.03 | Mem:0.00M, Peak:0.00M | Scene, ViewLayer | Synchronizing object | Roof rib
Fra:14 Mem:75.10M (Peak 79.34M) | Time:00:00.03 | Mem:0.00M, Peak:0.00M | Scene, ViewLayer | Synchronizing object | Glazed bay.003
Fra:14 Mem:75.09M (Peak 79.34M) | Time:00:00.03 | Mem:0.00M, Peak:0.00M | Scene, ViewLayer | Synchronizing object | Glazed bay.004
Fra:14 Mem:75.16M (Peak 79.34M) | Time:00:00.03 | Mem:0.00M, Peak:0.00M | Scene, ViewLayer | Synchronizing object | Glazed bay.005
Fra:14 Mem:75.14M (Peak 79.34M) | Time:00:00.03 | Mem:0.00M, Peak:0.00M | Scene, ViewLayer | Synchronizing object | Horizontal mullion.007
Fra:14 Mem:75.15M (Peak 79.34M) | Time:00:00.03 | Mem:0.00M, Peak:0.00M | Scene, ViewLayer | Synchronizing object | Horizontal mullion.008
Fra:14 Mem:75.16M (Peak 79.34M) | Time:00:00.03 | Mem:0.00M, Peak:0.00M | Scene, ViewLayer | Synchronizing object | Horizontal mullion.009
Fra:14 Mem:75.16M (Peak 79.34M) | Time:00:00.03 | Mem:0.00M, Peak:0.00M | Scene, ViewLayer | Synchronizing object | Horizontal mullion.010
Fra:14 Mem:75.17M (Peak 79.34M) | Time:00:00.03 | Mem:0.00M, Peak:0.00M | Scene, ViewLayer | Synchronizing object | Horizontal mullion.011
Fra:14 Mem:75.16M (Peak 79.34M) | Time:00:00.03 | Mem:0.00M, Peak:0.00M | Scene, ViewLayer | Synchronizing object | Horizontal mullion.012
Fra:14 Mem:75.17M (Peak 79.34M) | Time:00:00.03 | Mem:0.00M, Peak:0.00M | Scene, ViewLayer | Synchronizing object | Horizontal mullion.013
Fra:14 Mem:75.17M (Peak 79.34M) | Time:00:00.03 | Mem:0.00M, Peak:0.00M | Scene, ViewLayer | Synchronizing object | Vertical mullion.004
Fra:14 Mem:75.17M (Peak 79.34M) | Time:00:00.03 | Mem:0.00M, Peak:0.00M | Scene, ViewLayer | Synchronizing object | Vertical mullion.005
Fra:14 Mem:75.18M (Peak 79.34M) | Time:00:00.03 | Mem:0.00M, Peak:0.00M | Scene, ViewLayer | Synchronizing object | Vertical mullion.006
Fra:14 Mem:75.18M (Peak 79.34M) | Time:00:00.03 | Mem:0.00M, Peak:0.00M | Scene, ViewLayer | Synchronizing object | Vertical mullion.007
Fra:14 Mem:75.20M (Peak 79.34M) | Time:00:00.03 | Mem:0.00M, Peak:0.00M | Scene, ViewLayer | Synchronizing object | Primary rib.001
Fra:14 Mem:75.21M (Peak 79.34M) | Time:00:00.03 | Mem:0.00M, Peak:0.00M | Scene, ViewLayer | Synchronizing object | Curved eave panel.001
Fra:14 Mem:75.20M (Peak 79.34M) | Time:00:00.03 | Mem:0.00M, Peak:0.00M | Scene, ViewLayer | Synchronizing object | Eave silver edge.001
Fra:14 Mem:75.20M (Peak 79.34M) | Time:00:00.03 | Mem:0.00M, Peak:0.00M | Scene, ViewLayer | Synchronizing object | Roof rib.001
Fra:14 Mem:75.20M (Peak 79.34M) | Time:00:00.03 | Mem:0.00M, Peak:0.00M | Scene, ViewLayer | Synchronizing object | Stone terrace.001
Fra:14 Mem:75.21M (Peak 79.34M) | Time:00:00.03 | Mem:0.00M, Peak:0.00M | Scene, ViewLayer | Synchronizing object | Entrance door
Fra:14 Mem:75.23M (Peak 79.34M) | Time:00:00.03 | Mem:0.00M, Peak:0.00M | Scene, ViewLayer | Synchronizing object | Door glazing
Fra:14 Mem:75.25M (Peak 79.34M) | Time:00:00.03 | Mem:0.00M, Peak:0.00M | Scene, ViewLayer | Synchronizing object | Door handle
Fra:14 Mem:75.25M (Peak 79.34M) | Time:00:00.03 | Mem:0.00M, Peak:0.00M | Scene, ViewLayer | Synchronizing object | Entrance door.001
Fra:14 Mem:75.26M (Peak 79.34M) | Time:00:00.03 | Mem:0.00M, Peak:0.00M | Scene, ViewLayer | Synchronizing object | Door glazing.001
Fra:14 Mem:75.27M (Peak 79.34M) | Time:00:00.03 | Mem:0.00M, Peak:0.00M | Scene, ViewLayer | Synchronizing object | Door handle.001
Fra:14 Mem:75.30M (Peak 79.34M) | Time:00:00.03 | Mem:0.00M, Peak:0.00M | Scene, ViewLayer | Synchronizing object | Entrance canopy
Fra:14 Mem:75.32M (Peak 79.34M) | Time:00:00.03 | Mem:0.00M, Peak:0.00M | Scene, ViewLayer | Synchronizing object | Canopy column
Fra:14 Mem:75.31M (Peak 79.34M) | Time:00:00.03 | Mem:0.00M, Peak:0.00M | Scene, ViewLayer | Synchronizing object | Canopy column.001
Fra:14 Mem:75.31M (Peak 79.34M) | Time:00:00.03 | Mem:0.00M, Peak:0.00M | Scene, ViewLayer | Synchronizing object | Terrace stairs
Fra:14 Mem:75.31M (Peak 79.34M) | Time:00:00.03 | Mem:0.00M, Peak:0.00M | Scene, ViewLayer | Synchronizing object | Terrace stairs.001
Fra:14 Mem:75.33M (Peak 79.34M) | Time:00:00.03 | Mem:0.00M, Peak:0.00M | Scene, ViewLayer | Synchronizing object | Terrace stairs.002
Fra:14 Mem:75.36M (Peak 79.34M) | Time:00:00.03 | Mem:0.00M, Peak:0.00M | Scene, ViewLayer | Synchronizing object | Terrace stairs.003
Fra:14 Mem:75.35M (Peak 79.34M) | Time:00:00.03 | Mem:0.00M, Peak:0.00M | Scene, ViewLayer | Synchronizing object | Terrace stairs.004
Fra:14 Mem:75.37M (Peak 79.34M) | Time:00:00.03 | Mem:0.00M, Peak:0.00M | Scene, ViewLayer | Synchronizing object | Terrace stairs.005
Fra:14 Mem:75.40M (Peak 79.34M) | Time:00:00.03 | Mem:0.00M, Peak:0.00M | Scene, ViewLayer | Synchronizing object | Terrace stairs.006
Fra:14 Mem:75.41M (Peak 79.34M) | Time:00:00.03 | Mem:0.00M, Peak:0.00M | Scene, ViewLayer | Synchronizing object | Terrace stairs.007
Fra:14 Mem:75.41M (Peak 79.34M) | Time:00:00.03 | Mem:0.00M, Peak:0.00M | Scene, ViewLayer | Synchronizing object | Glazed bay.006
Fra:14 Mem:75.44M (Peak 79.34M) | Time:00:00.03 | Mem:0.00M, Peak:0.00M | Scene, ViewLayer | Synchronizing object | Glazed bay.007
Fra:14 Mem:75.47M (Peak 79.34M) | Time:00:00.03 | Mem:0.00M, Peak:0.00M | Scene, ViewLayer | Synchronizing object | Glazed bay.008
Fra:14 Mem:75.46M (Peak 79.34M) | Time:00:00.03 | Mem:0.00M, Peak:0.00M | Scene, ViewLayer | Synchronizing object | Horizontal mullion.014
Fra:14 Mem:75.48M (Peak 79.34M) | Time:00:00.03 | Mem:0.00M, Peak:0.00M | Scene, ViewLayer | Synchronizing object | Horizontal mullion.015
Fra:14 Mem:75.47M (Peak 79.34M) | Time:00:00.03 | Mem:0.00M, Peak:0.00M | Scene, ViewLayer | Synchronizing object | Horizontal mullion.016
Fra:14 Mem:75.47M (Peak 79.34M) | Time:00:00.03 | Mem:0.00M, Peak:0.00M | Scene, ViewLayer | Synchronizing object | Horizontal mullion.017
Fra:14 Mem:75.47M (Peak 79.34M) | Time:00:00.03 | Mem:0.00M, Peak:0.00M | Scene, ViewLayer | Synchronizing object | Horizontal mullion.018
Fra:14 Mem:75.48M (Peak 79.34M) | Time:00:00.03 | Mem:0.00M, Peak:0.00M | Scene, ViewLayer | Synchronizing object | Horizontal mullion.019
Fra:14 Mem:75.48M (Peak 79.34M) | Time:00:00.03 | Mem:0.00M, Peak:0.00M | Scene, ViewLayer | Synchronizing object | Vertical mullion.008
Fra:14 Mem:75.49M (Peak 79.34M) | Time:00:00.03 | Mem:0.00M, Peak:0.00M | Scene, ViewLayer | Synchronizing object | Vertical mullion.009
Fra:14 Mem:75.51M (Peak 79.34M) | Time:00:00.03 | Mem:0.00M, Peak:0.00M | Scene, ViewLayer | Synchronizing object | Vertical mullion.010
Fra:14 Mem:75.50M (Peak 79.34M) | Time:00:00.03 | Mem:0.00M, Peak:0.00M | Scene, ViewLayer | Synchronizing object | Vertical mullion.011
Fra:14 Mem:75.50M (Peak 79.34M) | Time:00:00.03 | Mem:0.00M, Peak:0.00M | Scene, ViewLayer | Synchronizing object | Primary rib.002
Fra:14 Mem:75.50M (Peak 79.34M) | Time:00:00.03 | Mem:0.00M, Peak:0.00M | Scene, ViewLayer | Synchronizing object | Curved eave panel.002
Fra:14 Mem:75.51M (Peak 79.34M) | Time:00:00.03 | Mem:0.00M, Peak:0.00M | Scene, ViewLayer | Synchronizing object | Eave silver edge.002
Fra:14 Mem:75.53M (Peak 79.34M) | Time:00:00.03 | Mem:0.00M, Peak:0.00M | Scene, ViewLayer | Synchronizing object | Stone terrace.002
Fra:14 Mem:75.51M (Peak 79.34M) | Time:00:00.03 | Mem:0.00M, Peak:0.00M | Scene, ViewLayer | Synchronizing object | Glazed bay.009
Fra:14 Mem:75.52M (Peak 79.34M) | Time:00:00.03 | Mem:0.00M, Peak:0.00M | Scene, ViewLayer | Synchronizing object | Glazed bay.010
Fra:14 Mem:75.56M (Peak 79.34M) | Time:00:00.03 | Mem:0.00M, Peak:0.00M | Scene, ViewLayer | Synchronizing object | Glazed bay.011
Fra:14 Mem:75.56M (Peak 79.34M) | Time:00:00.03 | Mem:0.00M, Peak:0.00M | Scene, ViewLayer | Synchronizing object | Horizontal mullion.022
Fra:14 Mem:75.59M (Peak 79.34M) | Time:00:00.03 | Mem:0.00M, Peak:0.00M | Scene, ViewLayer | Synchronizing object | Horizontal mullion.023
Fra:14 Mem:75.59M (Peak 79.34M) | Time:00:00.03 | Mem:0.00M, Peak:0.00M | Scene, ViewLayer | Synchronizing object | Horizontal mullion.024
Fra:14 Mem:75.59M (Peak 79.34M) | Time:00:00.03 | Mem:0.00M, Peak:0.00M | Scene, ViewLayer | Synchronizing object | Horizontal mullion.025
Fra:14 Mem:75.60M (Peak 79.34M) | Time:00:00.03 | Mem:0.00M, Peak:0.00M | Scene, ViewLayer | Synchronizing object | Horizontal mullion.026
Fra:14 Mem:75.61M (Peak 79.34M) | Time:00:00.03 | Mem:0.00M, Peak:0.00M | Scene, ViewLayer | Synchronizing object | Horizontal mullion.027
Fra:14 Mem:75.61M (Peak 79.34M) | Time:00:00.03 | Mem:0.00M, Peak:0.00M | Scene, ViewLayer | Synchronizing object | Vertical mullion.013
Fra:14 Mem:75.60M (Peak 79.34M) | Time:00:00.03 | Mem:0.00M, Peak:0.00M | Scene, ViewLayer | Synchronizing object | Vertical mullion.015
Fra:14 Mem:75.61M (Peak 79.34M) | Time:00:00.03 | Mem:0.00M, Peak:0.00M | Scene, ViewLayer | Synchronizing object | Vertical mullion.016
Fra:14 Mem:75.61M (Peak 79.34M) | Time:00:00.03 | Mem:0.00M, Peak:0.00M | Scene, ViewLayer | Synchronizing object | Vertical mullion.017
Fra:14 Mem:75.61M (Peak 79.34M) | Time:00:00.03 | Mem:0.00M, Peak:0.00M | Scene, ViewLayer | Synchronizing object | Curved eave panel.003
Fra:14 Mem:75.62M (Peak 79.34M) | Time:00:00.03 | Mem:0.00M, Peak:0.00M | Scene, ViewLayer | Synchronizing object | Eave silver edge.003
Fra:14 Mem:75.62M (Peak 79.34M) | Time:00:00.03 | Mem:0.00M, Peak:0.00M | Scene, ViewLayer | Synchronizing object | Roof rib.003
Fra:14 Mem:75.63M (Peak 79.34M) | Time:00:00.03 | Mem:0.00M, Peak:0.00M | Scene, ViewLayer | Synchronizing object | Stone terrace.003
Fra:14 Mem:75.63M (Peak 79.34M) | Time:00:00.03 | Mem:0.00M, Peak:0.00M | Scene, ViewLayer | Synchronizing object | Glazed bay.013
Fra:14 Mem:75.69M (Peak 79.34M) | Time:00:00.03 | Mem:0.00M, Peak:0.00M | Scene, ViewLayer | Synchronizing object | Glazed bay.014
Fra:14 Mem:75.68M (Peak 79.34M) | Time:00:00.03 | Mem:0.00M, Peak:0.00M | Scene, ViewLayer | Synchronizing object | Horizontal mullion.028
Fra:14 Mem:75.69M (Peak 79.34M) | Time:00:00.03 | Mem:0.00M, Peak:0.00M | Scene, ViewLayer | Synchronizing object | Horizontal mullion.029
Fra:14 Mem:75.71M (Peak 79.34M) | Time:00:00.03 | Mem:0.00M, Peak:0.00M | Scene, ViewLayer | Synchronizing object | Horizontal mullion.030
Fra:14 Mem:75.70M (Peak 79.34M) | Time:00:00.03 | Mem:0.00M, Peak:0.00M | Scene, ViewLayer | Synchronizing object | Horizontal mullion.031
Fra:14 Mem:75.71M (Peak 79.34M) | Time:00:00.04 | Mem:0.00M, Peak:0.00M | Scene, ViewLayer | Synchronizing object | Horizontal mullion.032
Fra:14 Mem:75.70M (Peak 79.34M) | Time:00:00.04 | Mem:0.00M, Peak:0.00M | Scene, ViewLayer | Synchronizing object | Horizontal mullion.033
Fra:14 Mem:75.71M (Peak 79.34M) | Time:00:00.04 | Mem:0.00M, Peak:0.00M | Scene, ViewLayer | Synchronizing object | Horizontal mullion.034
Fra:14 Mem:75.71M (Peak 79.34M) | Time:00:00.04 | Mem:0.00M, Peak:0.00M | Scene, ViewLayer | Synchronizing object | Vertical mullion.019
Fra:14 Mem:75.72M (Peak 79.34M) | Time:00:00.04 | Mem:0.00M, Peak:0.00M | Scene, ViewLayer | Synchronizing object | Vertical mullion.020
Fra:14 Mem:75.72M (Peak 79.34M) | Time:00:00.04 | Mem:0.00M, Peak:0.00M | Scene, ViewLayer | Synchronizing object | Vertical mullion.021
Fra:14 Mem:75.73M (Peak 79.34M) | Time:00:00.04 | Mem:0.00M, Peak:0.00M | Scene, ViewLayer | Synchronizing object | Primary rib.004
Fra:14 Mem:75.73M (Peak 79.34M) | Time:00:00.04 | Mem:0.00M, Peak:0.00M | Scene, ViewLayer | Synchronizing object | Curved eave panel.004
Fra:14 Mem:75.74M (Peak 79.34M) | Time:00:00.04 | Mem:0.00M, Peak:0.00M | Scene, ViewLayer | Synchronizing object | Eave silver edge.004
Fra:14 Mem:75.74M (Peak 79.34M) | Time:00:00.04 | Mem:0.00M, Peak:0.00M | Scene, ViewLayer | Synchronizing object | Stone terrace.004
Fra:14 Mem:75.74M (Peak 79.34M) | Time:00:00.04 | Mem:0.00M, Peak:0.00M | Scene, ViewLayer | Synchronizing object | Entrance door.002
Fra:14 Mem:75.79M (Peak 79.34M) | Time:00:00.04 | Mem:0.00M, Peak:0.00M | Scene, ViewLayer | Synchronizing object | Door glazing.002
Fra:14 Mem:75.79M (Peak 79.34M) | Time:00:00.04 | Mem:0.00M, Peak:0.00M | Scene, ViewLayer | Synchronizing object | Door handle.002
Fra:14 Mem:75.80M (Peak 79.34M) | Time:00:00.04 | Mem:0.00M, Peak:0.00M | Scene, ViewLayer | Synchronizing object | Entrance door.003
Fra:14 Mem:75.81M (Peak 79.34M) | Time:00:00.04 | Mem:0.00M, Peak:0.00M | Scene, ViewLayer | Synchronizing object | Door glazing.003
Fra:14 Mem:75.81M (Peak 79.34M) | Time:00:00.04 | Mem:0.00M, Peak:0.00M | Scene, ViewLayer | Synchronizing object | Door handle.003
Fra:14 Mem:75.84M (Peak 79.34M) | Time:00:00.04 | Mem:0.00M, Peak:0.00M | Scene, ViewLayer | Synchronizing object | Entrance canopy.001
Fra:14 Mem:75.85M (Peak 79.34M) | Time:00:00.04 | Mem:0.00M, Peak:0.00M | Scene, ViewLayer | Synchronizing object | Canopy column.002
Fra:14 Mem:75.84M (Peak 79.34M) | Time:00:00.04 | Mem:0.00M, Peak:0.00M | Scene, ViewLayer | Synchronizing object | Canopy column.003
Fra:14 Mem:75.85M (Peak 79.34M) | Time:00:00.04 | Mem:0.00M, Peak:0.00M | Scene, ViewLayer | Synchronizing object | Terrace stairs.008
Fra:14 Mem:75.84M (Peak 79.34M) | Time:00:00.04 | Mem:0.00M, Peak:0.00M | Scene, ViewLayer | Synchronizing object | Terrace stairs.009
Fra:14 Mem:75.86M (Peak 79.34M) | Time:00:00.04 | Mem:0.00M, Peak:0.00M | Scene, ViewLayer | Synchronizing object | Terrace stairs.010
Fra:14 Mem:75.90M (Peak 79.34M) | Time:00:00.04 | Mem:0.00M, Peak:0.00M | Scene, ViewLayer | Synchronizing object | Terrace stairs.011
Fra:14 Mem:75.89M (Peak 79.34M) | Time:00:00.04 | Mem:0.00M, Peak:0.00M | Scene, ViewLayer | Synchronizing object | Terrace stairs.012
Fra:14 Mem:75.92M (Peak 79.34M) | Time:00:00.04 | Mem:0.00M, Peak:0.00M | Scene, ViewLayer | Synchronizing object | Terrace stairs.013
Fra:14 Mem:75.95M (Peak 79.34M) | Time:00:00.04 | Mem:0.00M, Peak:0.00M | Scene, ViewLayer | Synchronizing object | Terrace stairs.014
Fra:14 Mem:75.94M (Peak 79.34M) | Time:00:00.04 | Mem:0.00M, Peak:0.00M | Scene, ViewLayer | Synchronizing object | Terrace stairs.015
Fra:14 Mem:75.96M (Peak 79.34M) | Time:00:00.04 | Mem:0.00M, Peak:0.00M | Scene, ViewLayer | Synchronizing object | Glazed bay.015
Fra:14 Mem:75.98M (Peak 79.34M) | Time:00:00.04 | Mem:0.00M, Peak:0.00M | Scene, ViewLayer | Synchronizing object | Glazed bay.016
Fra:14 Mem:75.97M (Peak 79.34M) | Time:00:00.04 | Mem:0.00M, Peak:0.00M | Scene, ViewLayer | Synchronizing object | Horizontal mullion.035
Fra:14 Mem:76.01M (Peak 79.34M) | Time:00:00.04 | Mem:0.00M, Peak:0.00M | Scene, ViewLayer | Synchronizing object | Horizontal mullion.036
Fra:14 Mem:76.00M (Peak 79.34M) | Time:00:00.04 | Mem:0.00M, Peak:0.00M | Scene, ViewLayer | Synchronizing object | Horizontal mullion.037
Fra:14 Mem:76.01M (Peak 79.34M) | Time:00:00.04 | Mem:0.00M, Peak:0.00M | Scene, ViewLayer | Synchronizing object | Horizontal mullion.038
Fra:14 Mem:76.03M (Peak 79.34M) | Time:00:00.04 | Mem:0.00M, Peak:0.00M | Scene, ViewLayer | Synchronizing object | Horizontal mullion.039
Fra:14 Mem:76.02M (Peak 79.34M) | Time:00:00.04 | Mem:0.00M, Peak:0.00M | Scene, ViewLayer | Synchronizing object | Horizontal mullion.040
Fra:14 Mem:76.01M (Peak 79.34M) | Time:00:00.04 | Mem:0.00M, Peak:0.00M | Scene, ViewLayer | Synchronizing object | Horizontal mullion.041
Fra:14 Mem:76.03M (Peak 79.34M) | Time:00:00.04 | Mem:0.00M, Peak:0.00M | Scene, ViewLayer | Synchronizing object | Vertical mullion.023
Fra:14 Mem:76.02M (Peak 79.34M) | Time:00:00.04 | Mem:0.00M, Peak:0.00M | Scene, ViewLayer | Synchronizing object | Vertical mullion.025
Fra:14 Mem:76.03M (Peak 79.34M) | Time:00:00.04 | Mem:0.00M, Peak:0.00M | Scene, ViewLayer | Synchronizing object | Vertical mullion.026
Fra:14 Mem:76.03M (Peak 79.34M) | Time:00:00.04 | Mem:0.00M, Peak:0.00M | Scene, ViewLayer | Synchronizing object | Primary rib.005
Fra:14 Mem:76.04M (Peak 79.34M) | Time:00:00.04 | Mem:0.00M, Peak:0.00M | Scene, ViewLayer | Synchronizing object | Curved eave panel.005
Fra:14 Mem:76.04M (Peak 79.34M) | Time:00:00.04 | Mem:0.00M, Peak:0.00M | Scene, ViewLayer | Synchronizing object | Eave silver edge.005
Fra:14 Mem:76.04M (Peak 79.34M) | Time:00:00.04 | Mem:0.00M, Peak:0.00M | Scene, ViewLayer | Synchronizing object | Stone terrace.005
Fra:14 Mem:76.05M (Peak 79.34M) | Time:00:00.04 | Mem:0.00M, Peak:0.00M | Scene, ViewLayer | Synchronizing object | Glazed bay.018
Fra:14 Mem:76.10M (Peak 79.34M) | Time:00:00.04 | Mem:0.00M, Peak:0.00M | Scene, ViewLayer | Synchronizing object | Glazed bay.019
Fra:14 Mem:76.10M (Peak 79.34M) | Time:00:00.04 | Mem:0.00M, Peak:0.00M | Scene, ViewLayer | Synchronizing object | Glazed bay.020
Fra:14 Mem:76.10M (Peak 79.34M) | Time:00:00.04 | Mem:0.00M, Peak:0.00M | Scene, ViewLayer | Synchronizing object | Horizontal mullion.042
Fra:14 Mem:76.12M (Peak 79.34M) | Time:00:00.04 | Mem:0.00M, Peak:0.00M | Scene, ViewLayer | Synchronizing object | Horizontal mullion.043
Fra:14 Mem:76.11M (Peak 79.34M) | Time:00:00.04 | Mem:0.00M, Peak:0.00M | Scene, ViewLayer | Synchronizing object | Horizontal mullion.044
Fra:14 Mem:76.13M (Peak 79.34M) | Time:00:00.04 | Mem:0.00M, Peak:0.00M | Scene, ViewLayer | Synchronizing object | Horizontal mullion.045
Fra:14 Mem:76.14M (Peak 79.34M) | Time:00:00.04 | Mem:0.00M, Peak:0.00M | Scene, ViewLayer | Synchronizing object | Horizontal mullion.046
Fra:14 Mem:76.13M (Peak 79.34M) | Time:00:00.04 | Mem:0.00M, Peak:0.00M | Scene, ViewLayer | Synchronizing object | Horizontal mullion.047
Fra:14 Mem:76.12M (Peak 79.34M) | Time:00:00.04 | Mem:0.00M, Peak:0.00M | Scene, ViewLayer | Synchronizing object | Vertical mullion.028
Fra:14 Mem:76.13M (Peak 79.34M) | Time:00:00.04 | Mem:0.00M, Peak:0.00M | Scene, ViewLayer | Synchronizing object | Vertical mullion.029
Fra:14 Mem:76.13M (Peak 79.34M) | Time:00:00.04 | Mem:0.00M, Peak:0.00M | Scene, ViewLayer | Synchronizing object | Primary rib.006
Fra:14 Mem:76.13M (Peak 79.34M) | Time:00:00.04 | Mem:0.00M, Peak:0.00M | Scene, ViewLayer | Synchronizing object | Curved eave panel.006
Fra:14 Mem:76.14M (Peak 79.34M) | Time:00:00.04 | Mem:0.00M, Peak:0.00M | Scene, ViewLayer | Synchronizing object | Eave silver edge.006
Fra:14 Mem:76.14M (Peak 79.34M) | Time:00:00.04 | Mem:0.00M, Peak:0.00M | Scene, ViewLayer | Synchronizing object | Roof rib.006
Fra:14 Mem:76.14M (Peak 79.34M) | Time:00:00.04 | Mem:0.00M, Peak:0.00M | Scene, ViewLayer | Synchronizing object | Stone terrace.006
Fra:14 Mem:76.15M (Peak 79.34M) | Time:00:00.04 | Mem:0.00M, Peak:0.00M | Scene, ViewLayer | Synchronizing object | Glazed bay.022
Fra:14 Mem:76.20M (Peak 79.34M) | Time:00:00.04 | Mem:0.00M, Peak:0.00M | Scene, ViewLayer | Synchronizing object | Glazed bay.023
Fra:14 Mem:76.21M (Peak 79.34M) | Time:00:00.04 | Mem:0.00M, Peak:0.00M | Scene, ViewLayer | Synchronizing object | Horizontal mullion.049
Fra:14 Mem:76.22M (Peak 79.34M) | Time:00:00.04 | Mem:0.00M, Peak:0.00M | Scene, ViewLayer | Synchronizing object | Horizontal mullion.050
Fra:14 Mem:76.22M (Peak 79.34M) | Time:00:00.04 | Mem:0.00M, Peak:0.00M | Scene, ViewLayer | Synchronizing object | Horizontal mullion.051
Fra:14 Mem:76.21M (Peak 79.34M) | Time:00:00.04 | Mem:0.00M, Peak:0.00M | Scene, ViewLayer | Synchronizing object | Horizontal mullion.052
Fra:14 Mem:76.22M (Peak 79.34M) | Time:00:00.04 | Mem:0.00M, Peak:0.00M | Scene, ViewLayer | Synchronizing object | Horizontal mullion.053
Fra:14 Mem:76.22M (Peak 79.34M) | Time:00:00.04 | Mem:0.00M, Peak:0.00M | Scene, ViewLayer | Synchronizing object | Horizontal mullion.054
Fra:14 Mem:76.24M (Peak 79.34M) | Time:00:00.04 | Mem:0.00M, Peak:0.00M | Scene, ViewLayer | Synchronizing object | Vertical mullion.030
Fra:14 Mem:76.23M (Peak 79.34M) | Time:00:00.04 | Mem:0.00M, Peak:0.00M | Scene, ViewLayer | Synchronizing object | Vertical mullion.031
Fra:14 Mem:76.24M (Peak 79.34M) | Time:00:00.04 | Mem:0.00M, Peak:0.00M | Scene, ViewLayer | Synchronizing object | Primary rib.007
Fra:14 Mem:76.23M (Peak 79.34M) | Time:00:00.04 | Mem:0.00M, Peak:0.00M | Scene, ViewLayer | Synchronizing object | Curved eave panel.007
Fra:14 Mem:76.24M (Peak 79.34M) | Time:00:00.04 | Mem:0.00M, Peak:0.00M | Scene, ViewLayer | Synchronizing object | Eave silver edge.007
Fra:14 Mem:76.24M (Peak 79.34M) | Time:00:00.04 | Mem:0.00M, Peak:0.00M | Scene, ViewLayer | Synchronizing object | Stone terrace.007
Fra:14 Mem:76.25M (Peak 79.34M) | Time:00:00.04 | Mem:0.00M, Peak:0.00M | Scene, ViewLayer | Synchronizing object | Entrance door.004
Fra:14 Mem:76.27M (Peak 79.34M) | Time:00:00.04 | Mem:0.00M, Peak:0.00M | Scene, ViewLayer | Synchronizing object | Door glazing.004
Fra:14 Mem:76.30M (Peak 79.34M) | Time:00:00.04 | Mem:0.00M, Peak:0.00M | Scene, ViewLayer | Synchronizing object | Door handle.004
Fra:14 Mem:76.29M (Peak 79.34M) | Time:00:00.04 | Mem:0.00M, Peak:0.00M | Scene, ViewLayer | Synchronizing object | Entrance door.005
Fra:14 Mem:76.30M (Peak 79.34M) | Time:00:00.04 | Mem:0.00M, Peak:0.00M | Scene, ViewLayer | Synchronizing object | Door glazing.005
Fra:14 Mem:76.31M (Peak 79.34M) | Time:00:00.04 | Mem:0.00M, Peak:0.00M | Scene, ViewLayer | Synchronizing object | Door handle.005
Fra:14 Mem:76.33M (Peak 79.34M) | Time:00:00.04 | Mem:0.00M, Peak:0.00M | Scene, ViewLayer | Synchronizing object | Entrance canopy.002
Fra:14 Mem:76.34M (Peak 79.34M) | Time:00:00.04 | Mem:0.00M, Peak:0.00M | Scene, ViewLayer | Synchronizing object | Canopy column.004
Fra:14 Mem:76.34M (Peak 79.34M) | Time:00:00.04 | Mem:0.00M, Peak:0.00M | Scene, ViewLayer | Synchronizing object | Canopy column.005
Fra:14 Mem:76.35M (Peak 79.34M) | Time:00:00.04 | Mem:0.00M, Peak:0.00M | Scene, ViewLayer | Synchronizing object | Terrace stairs.016
Fra:14 Mem:76.34M (Peak 79.34M) | Time:00:00.04 | Mem:0.00M, Peak:0.00M | Scene, ViewLayer | Synchronizing object | Terrace stairs.017
Fra:14 Mem:76.36M (Peak 79.34M) | Time:00:00.04 | Mem:0.00M, Peak:0.00M | Scene, ViewLayer | Synchronizing object | Terrace stairs.018
Fra:14 Mem:76.39M (Peak 79.34M) | Time:00:00.04 | Mem:0.00M, Peak:0.00M | Scene, ViewLayer | Synchronizing object | Terrace stairs.019
Fra:14 Mem:76.40M (Peak 79.34M) | Time:00:00.04 | Mem:0.00M, Peak:0.00M | Scene, ViewLayer | Synchronizing object | Terrace stairs.020
Fra:14 Mem:76.41M (Peak 79.34M) | Time:00:00.04 | Mem:0.00M, Peak:0.00M | Scene, ViewLayer | Synchronizing object | Terrace stairs.021
Fra:14 Mem:76.43M (Peak 79.34M) | Time:00:00.04 | Mem:0.00M, Peak:0.00M | Scene, ViewLayer | Synchronizing object | Terrace stairs.022
Fra:14 Mem:76.43M (Peak 79.34M) | Time:00:00.04 | Mem:0.00M, Peak:0.00M | Scene, ViewLayer | Synchronizing object | Terrace stairs.023
Fra:14 Mem:76.45M (Peak 79.34M) | Time:00:00.04 | Mem:0.00M, Peak:0.00M | Scene, ViewLayer | Synchronizing object | Glazed bay.024
Fra:14 Mem:76.48M (Peak 79.34M) | Time:00:00.04 | Mem:0.00M, Peak:0.00M | Scene, ViewLayer | Synchronizing object | Glazed bay.025
Fra:14 Mem:76.50M (Peak 79.34M) | Time:00:00.04 | Mem:0.00M, Peak:0.00M | Scene, ViewLayer | Synchronizing object | Glazed bay.026
Fra:14 Mem:76.49M (Peak 79.34M) | Time:00:00.04 | Mem:0.00M, Peak:0.00M | Scene, ViewLayer | Synchronizing object | Horizontal mullion.056
Fra:14 Mem:76.51M (Peak 79.34M) | Time:00:00.04 | Mem:0.00M, Peak:0.00M | Scene, ViewLayer | Synchronizing object | Horizontal mullion.057
Fra:14 Mem:76.52M (Peak 79.34M) | Time:00:00.04 | Mem:0.00M, Peak:0.00M | Scene, ViewLayer | Synchronizing object | Horizontal mullion.058
Fra:14 Mem:76.51M (Peak 79.34M) | Time:00:00.04 | Mem:0.00M, Peak:0.00M | Scene, ViewLayer | Synchronizing object | Horizontal mullion.059
Fra:14 Mem:76.52M (Peak 79.34M) | Time:00:00.04 | Mem:0.00M, Peak:0.00M | Scene, ViewLayer | Synchronizing object | Horizontal mullion.060
Fra:14 Mem:76.51M (Peak 79.34M) | Time:00:00.04 | Mem:0.00M, Peak:0.00M | Scene, ViewLayer | Synchronizing object | Horizontal mullion.061
Fra:14 Mem:76.53M (Peak 79.34M) | Time:00:00.04 | Mem:0.00M, Peak:0.00M | Scene, ViewLayer | Synchronizing object | Horizontal mullion.062
Fra:14 Mem:76.52M (Peak 79.34M) | Time:00:00.04 | Mem:0.00M, Peak:0.00M | Scene, ViewLayer | Synchronizing object | Vertical mullion.032
Fra:14 Mem:76.52M (Peak 79.34M) | Time:00:00.04 | Mem:0.00M, Peak:0.00M | Scene, ViewLayer | Synchronizing object | Primary rib.008
Fra:14 Mem:76.52M (Peak 79.34M) | Time:00:00.04 | Mem:0.00M, Peak:0.00M | Scene, ViewLayer | Synchronizing object | Curved eave panel.008
Fra:14 Mem:76.53M (Peak 79.34M) | Time:00:00.04 | Mem:0.00M, Peak:0.00M | Scene, ViewLayer | Synchronizing object | Eave silver edge.008
Fra:14 Mem:76.53M (Peak 79.34M) | Time:00:00.04 | Mem:0.00M, Peak:0.00M | Scene, ViewLayer | Synchronizing object | Roof rib.008
Fra:14 Mem:76.54M (Peak 79.34M) | Time:00:00.04 | Mem:0.00M, Peak:0.00M | Scene, ViewLayer | Synchronizing object | Glazed bay.027
Fra:14 Mem:76.54M (Peak 79.34M) | Time:00:00.04 | Mem:0.00M, Peak:0.00M | Scene, ViewLayer | Synchronizing object | Glazed bay.028
Fra:14 Mem:76.59M (Peak 79.34M) | Time:00:00.04 | Mem:0.00M, Peak:0.00M | Scene, ViewLayer | Synchronizing object | Glazed bay.029
Fra:14 Mem:76.59M (Peak 79.34M) | Time:00:00.04 | Mem:0.00M, Peak:0.00M | Scene, ViewLayer | Synchronizing object | Horizontal mullion.063
Fra:14 Mem:76.62M (Peak 79.34M) | Time:00:00.04 | Mem:0.00M, Peak:0.00M | Scene, ViewLayer | Synchronizing object | Horizontal mullion.064
Fra:14 Mem:76.60M (Peak 79.34M) | Time:00:00.04 | Mem:0.00M, Peak:0.00M | Scene, ViewLayer | Synchronizing object | Horizontal mullion.065
Fra:14 Mem:76.61M (Peak 79.34M) | Time:00:00.04 | Mem:0.00M, Peak:0.00M | Scene, ViewLayer | Synchronizing object | Horizontal mullion.066
Fra:14 Mem:76.61M (Peak 79.34M) | Time:00:00.04 | Mem:0.00M, Peak:0.00M | Scene, ViewLayer | Synchronizing object | Horizontal mullion.067
Fra:14 Mem:76.62M (Peak 79.34M) | Time:00:00.04 | Mem:0.00M, Peak:0.00M | Scene, ViewLayer | Synchronizing object | Horizontal mullion.068
Fra:14 Mem:76.61M (Peak 79.34M) | Time:00:00.04 | Mem:0.00M, Peak:0.00M | Scene, ViewLayer | Synchronizing object | Horizontal mullion.069
Fra:14 Mem:76.62M (Peak 79.34M) | Time:00:00.04 | Mem:0.00M, Peak:0.00M | Scene, ViewLayer | Synchronizing object | Vertical mullion.035
Fra:14 Mem:76.62M (Peak 79.34M) | Time:00:00.04 | Mem:0.00M, Peak:0.00M | Scene, ViewLayer | Synchronizing object | Vertical mullion.036
Fra:14 Mem:76.63M (Peak 79.34M) | Time:00:00.04 | Mem:0.00M, Peak:0.00M | Scene, ViewLayer | Synchronizing object | Vertical mullion.037
Fra:14 Mem:76.65M (Peak 79.34M) | Time:00:00.04 | Mem:0.00M, Peak:0.00M | Scene, ViewLayer | Synchronizing object | Primary rib.009
Fra:14 Mem:76.64M (Peak 79.34M) | Time:00:00.04 | Mem:0.00M, Peak:0.00M | Scene, ViewLayer | Synchronizing object | Curved eave panel.009
Fra:14 Mem:76.65M (Peak 79.34M) | Time:00:00.04 | Mem:0.00M, Peak:0.00M | Scene, ViewLayer | Synchronizing object | Eave silver edge.009
Fra:14 Mem:76.65M (Peak 79.34M) | Time:00:00.04 | Mem:0.00M, Peak:0.00M | Scene, ViewLayer | Synchronizing object | Roof rib.009
Fra:14 Mem:76.67M (Peak 79.34M) | Time:00:00.04 | Mem:0.00M, Peak:0.00M | Scene, ViewLayer | Synchronizing object | Stone terrace.009
Fra:14 Mem:76.65M (Peak 79.34M) | Time:00:00.04 | Mem:0.00M, Peak:0.00M | Scene, ViewLayer | Synchronizing object | Glazed bay.030
Fra:14 Mem:76.66M (Peak 79.34M) | Time:00:00.04 | Mem:0.00M, Peak:0.00M | Scene, ViewLayer | Synchronizing object | Glazed bay.031
Fra:14 Mem:76.72M (Peak 79.34M) | Time:00:00.04 | Mem:0.00M, Peak:0.00M | Scene, ViewLayer | Synchronizing object | Glazed bay.032
Fra:14 Mem:76.70M (Peak 79.34M) | Time:00:00.04 | Mem:0.00M, Peak:0.00M | Scene, ViewLayer | Synchronizing object | Horizontal mullion.070
Fra:14 Mem:76.72M (Peak 79.34M) | Time:00:00.04 | Mem:0.00M, Peak:0.00M | Scene, ViewLayer | Synchronizing object | Horizontal mullion.071
Fra:14 Mem:76.73M (Peak 79.34M) | Time:00:00.04 | Mem:0.00M, Peak:0.00M | Scene, ViewLayer | Synchronizing object | Horizontal mullion.072
Fra:14 Mem:76.73M (Peak 79.34M) | Time:00:00.04 | Mem:0.00M, Peak:0.00M | Scene, ViewLayer | Synchronizing object | Horizontal mullion.073
Fra:14 Mem:76.73M (Peak 79.34M) | Time:00:00.04 | Mem:0.00M, Peak:0.00M | Scene, ViewLayer | Synchronizing object | Horizontal mullion.074
Fra:14 Mem:76.73M (Peak 79.34M) | Time:00:00.04 | Mem:0.00M, Peak:0.00M | Scene, ViewLayer | Synchronizing object | Horizontal mullion.075
Fra:14 Mem:76.75M (Peak 79.34M) | Time:00:00.04 | Mem:0.00M, Peak:0.00M | Scene, ViewLayer | Synchronizing object | Horizontal mullion.076
Fra:14 Mem:76.74M (Peak 79.34M) | Time:00:00.04 | Mem:0.00M, Peak:0.00M | Scene, ViewLayer | Synchronizing object | Vertical mullion.039
Fra:14 Mem:76.74M (Peak 79.34M) | Time:00:00.04 | Mem:0.00M, Peak:0.00M | Scene, ViewLayer | Synchronizing object | Vertical mullion.041
Fra:14 Mem:76.75M (Peak 79.34M) | Time:00:00.04 | Mem:0.00M, Peak:0.00M | Scene, ViewLayer | Synchronizing object | Vertical mullion.042
Fra:14 Mem:76.75M (Peak 79.34M) | Time:00:00.04 | Mem:0.00M, Peak:0.00M | Scene, ViewLayer | Synchronizing object | Primary rib.010
Fra:14 Mem:76.75M (Peak 79.34M) | Time:00:00.04 | Mem:0.00M, Peak:0.00M | Scene, ViewLayer | Synchronizing object | Curved eave panel.010
Fra:14 Mem:76.76M (Peak 79.34M) | Time:00:00.04 | Mem:0.00M, Peak:0.00M | Scene, ViewLayer | Synchronizing object | Eave silver edge.010
Fra:14 Mem:76.76M (Peak 79.34M) | Time:00:00.04 | Mem:0.00M, Peak:0.00M | Scene, ViewLayer | Synchronizing object | Stone terrace.010
Fra:14 Mem:76.77M (Peak 79.34M) | Time:00:00.04 | Mem:0.00M, Peak:0.00M | Scene, ViewLayer | Synchronizing object | Entrance door.006
Fra:14 Mem:76.79M (Peak 79.34M) | Time:00:00.04 | Mem:0.00M, Peak:0.00M | Scene, ViewLayer | Synchronizing object | Door glazing.006
Fra:14 Mem:76.83M (Peak 79.34M) | Time:00:00.04 | Mem:0.00M, Peak:0.00M | Scene, ViewLayer | Synchronizing object | Door handle.006
Fra:14 Mem:76.82M (Peak 79.34M) | Time:00:00.04 | Mem:0.00M, Peak:0.00M | Scene, ViewLayer | Synchronizing object | Entrance door.007
Fra:14 Mem:76.82M (Peak 79.34M) | Time:00:00.04 | Mem:0.00M, Peak:0.00M | Scene, ViewLayer | Synchronizing object | Door glazing.007
Fra:14 Mem:76.83M (Peak 79.34M) | Time:00:00.04 | Mem:0.00M, Peak:0.00M | Scene, ViewLayer | Synchronizing object | Door handle.007
Fra:14 Mem:76.87M (Peak 79.34M) | Time:00:00.04 | Mem:0.00M, Peak:0.00M | Scene, ViewLayer | Synchronizing object | Entrance canopy.003
Fra:14 Mem:76.86M (Peak 79.34M) | Time:00:00.04 | Mem:0.00M, Peak:0.00M | Scene, ViewLayer | Synchronizing object | Canopy column.006
Fra:14 Mem:76.87M (Peak 79.34M) | Time:00:00.04 | Mem:0.00M, Peak:0.00M | Scene, ViewLayer | Synchronizing object | Canopy column.007
Fra:14 Mem:76.86M (Peak 79.34M) | Time:00:00.04 | Mem:0.00M, Peak:0.00M | Scene, ViewLayer | Synchronizing object | Terrace stairs.024
Fra:14 Mem:76.87M (Peak 79.34M) | Time:00:00.04 | Mem:0.00M, Peak:0.00M | Scene, ViewLayer | Synchronizing object | Terrace stairs.026
Fra:14 Mem:76.93M (Peak 79.34M) | Time:00:00.04 | Mem:0.00M, Peak:0.00M | Scene, ViewLayer | Synchronizing object | Terrace stairs.027
Fra:14 Mem:76.91M (Peak 79.34M) | Time:00:00.04 | Mem:0.00M, Peak:0.00M | Scene, ViewLayer | Synchronizing object | Terrace stairs.028
Fra:14 Mem:76.93M (Peak 79.34M) | Time:00:00.04 | Mem:0.00M, Peak:0.00M | Scene, ViewLayer | Synchronizing object | Terrace stairs.029
Fra:14 Mem:76.96M (Peak 79.34M) | Time:00:00.04 | Mem:0.00M, Peak:0.00M | Scene, ViewLayer | Synchronizing object | Terrace stairs.030
Fra:14 Mem:76.97M (Peak 79.34M) | Time:00:00.04 | Mem:0.00M, Peak:0.00M | Scene, ViewLayer | Synchronizing object | Terrace stairs.031
Fra:14 Mem:76.98M (Peak 79.34M) | Time:00:00.04 | Mem:0.00M, Peak:0.00M | Scene, ViewLayer | Synchronizing object | Glazed bay.033
Fra:14 Mem:77.00M (Peak 79.34M) | Time:00:00.04 | Mem:0.00M, Peak:0.00M | Scene, ViewLayer | Synchronizing object | Glazed bay.034
Fra:14 Mem:77.00M (Peak 79.34M) | Time:00:00.04 | Mem:0.00M, Peak:0.00M | Scene, ViewLayer | Synchronizing object | Glazed bay.035
Fra:14 Mem:77.01M (Peak 79.34M) | Time:00:00.04 | Mem:0.00M, Peak:0.00M | Scene, ViewLayer | Synchronizing object | Horizontal mullion.077
Fra:14 Mem:77.04M (Peak 79.34M) | Time:00:00.04 | Mem:0.00M, Peak:0.00M | Scene, ViewLayer | Synchronizing object | Horizontal mullion.078
Fra:14 Mem:77.04M (Peak 79.34M) | Time:00:00.04 | Mem:0.00M, Peak:0.00M | Scene, ViewLayer | Synchronizing object | Horizontal mullion.079
Fra:14 Mem:77.04M (Peak 79.34M) | Time:00:00.04 | Mem:0.00M, Peak:0.00M | Scene, ViewLayer | Synchronizing object | Horizontal mullion.080
Fra:14 Mem:77.05M (Peak 79.34M) | Time:00:00.04 | Mem:0.00M, Peak:0.00M | Scene, ViewLayer | Synchronizing object | Horizontal mullion.081
Fra:14 Mem:77.04M (Peak 79.34M) | Time:00:00.04 | Mem:0.00M, Peak:0.00M | Scene, ViewLayer | Synchronizing object | Horizontal mullion.083
Fra:14 Mem:77.04M (Peak 79.34M) | Time:00:00.04 | Mem:0.00M, Peak:0.00M | Scene, ViewLayer | Synchronizing object | Vertical mullion.044
Fra:14 Mem:77.05M (Peak 79.34M) | Time:00:00.04 | Mem:0.00M, Peak:0.00M | Scene, ViewLayer | Synchronizing object | Vertical mullion.045
Fra:14 Mem:77.05M (Peak 79.34M) | Time:00:00.04 | Mem:0.00M, Peak:0.00M | Scene, ViewLayer | Synchronizing object | Curved eave panel.011
Fra:14 Mem:77.06M (Peak 79.34M) | Time:00:00.04 | Mem:0.00M, Peak:0.00M | Scene, ViewLayer | Synchronizing object | Eave silver edge.011
Fra:14 Mem:77.06M (Peak 79.34M) | Time:00:00.04 | Mem:0.00M, Peak:0.00M | Scene, ViewLayer | Synchronizing object | Roof rib.011
Fra:14 Mem:77.06M (Peak 79.34M) | Time:00:00.04 | Mem:0.00M, Peak:0.00M | Scene, ViewLayer | Synchronizing object | Stone terrace.011
Fra:14 Mem:77.07M (Peak 79.34M) | Time:00:00.04 | Mem:0.00M, Peak:0.00M | Scene, ViewLayer | Synchronizing object | Glazed bay.036
Fra:14 Mem:77.10M (Peak 79.34M) | Time:00:00.04 | Mem:0.00M, Peak:0.00M | Scene, ViewLayer | Synchronizing object | Glazed bay.037
Fra:14 Mem:77.12M (Peak 79.34M) | Time:00:00.04 | Mem:0.00M, Peak:0.00M | Scene, ViewLayer | Synchronizing object | Glazed bay.038
Fra:14 Mem:77.12M (Peak 79.34M) | Time:00:00.04 | Mem:0.00M, Peak:0.00M | Scene, ViewLayer | Synchronizing object | Horizontal mullion.084
Fra:14 Mem:77.15M (Peak 79.34M) | Time:00:00.04 | Mem:0.00M, Peak:0.00M | Scene, ViewLayer | Synchronizing object | Studio ground
Fra:14 Mem:77.13M (Peak 79.34M) | Time:00:00.04 | Mem:0.00M, Peak:0.00M | Scene, ViewLayer | Synchronizing object | Horizontal mullion.086
Fra:14 Mem:77.15M (Peak 79.34M) | Time:00:00.04 | Mem:0.00M, Peak:0.00M | Scene, ViewLayer | Synchronizing object | Horizontal mullion.087
Fra:14 Mem:77.15M (Peak 79.34M) | Time:00:00.04 | Mem:0.00M, Peak:0.00M | Scene, ViewLayer | Synchronizing object | Horizontal mullion.088
Fra:14 Mem:77.15M (Peak 79.34M) | Time:00:00.04 | Mem:0.00M, Peak:0.00M | Scene, ViewLayer | Synchronizing object | Medical vest cross.001
Fra:14 Mem:77.15M (Peak 79.34M) | Time:00:00.04 | Mem:0.00M, Peak:0.00M | Scene, ViewLayer | Synchronizing object | Vertical mullion.046
Fra:14 Mem:77.20M (Peak 79.34M) | Time:00:00.04 | Mem:0.00M, Peak:0.00M | Scene, ViewLayer | Synchronizing object | Vertical mullion.047
Fra:14 Mem:77.19M (Peak 79.34M) | Time:00:00.04 | Mem:0.00M, Peak:0.00M | Scene, ViewLayer | Synchronizing object | Primary rib.012
Fra:14 Mem:77.20M (Peak 79.34M) | Time:00:00.04 | Mem:0.00M, Peak:0.00M | Scene, ViewLayer | Synchronizing object | Eave silver edge.012
Fra:14 Mem:77.20M (Peak 79.34M) | Time:00:00.04 | Mem:0.00M, Peak:0.00M | Scene, ViewLayer | Synchronizing object | Roof rib.012
Fra:14 Mem:77.20M (Peak 79.34M) | Time:00:00.04 | Mem:0.00M, Peak:0.00M | Scene, ViewLayer | Synchronizing object | Stone terrace.012
Fra:14 Mem:77.20M (Peak 79.34M) | Time:00:00.04 | Mem:0.00M, Peak:0.00M | Scene, ViewLayer | Synchronizing object | Glazed bay.039
Fra:14 Mem:77.23M (Peak 79.34M) | Time:00:00.04 | Mem:0.00M, Peak:0.00M | Scene, ViewLayer | Synchronizing object | Glazed bay.040
Fra:14 Mem:77.23M (Peak 79.34M) | Time:00:00.04 | Mem:0.00M, Peak:0.00M | Scene, ViewLayer | Synchronizing object | Medical vest cross
Fra:14 Mem:77.28M (Peak 79.34M) | Time:00:00.04 | Mem:0.00M, Peak:0.00M | Scene, ViewLayer | Synchronizing object | Glazed bay.041
Fra:14 Mem:77.26M (Peak 79.34M) | Time:00:00.04 | Mem:0.00M, Peak:0.00M | Scene, ViewLayer | Synchronizing object | Horizontal mullion.091
Fra:14 Mem:77.28M (Peak 79.34M) | Time:00:00.04 | Mem:0.00M, Peak:0.00M | Scene, ViewLayer | Synchronizing object | Horizontal mullion.092
Fra:14 Mem:77.28M (Peak 79.34M) | Time:00:00.04 | Mem:0.00M, Peak:0.00M | Scene, ViewLayer | Synchronizing object | Horizontal mullion.093
Fra:14 Mem:77.27M (Peak 79.34M) | Time:00:00.04 | Mem:0.00M, Peak:0.00M | Scene, ViewLayer | Synchronizing object | Horizontal mullion.094
Fra:14 Mem:77.27M (Peak 79.34M) | Time:00:00.04 | Mem:0.00M, Peak:0.00M | Scene, ViewLayer | Synchronizing object | Horizontal mullion.095
Fra:14 Mem:77.27M (Peak 79.34M) | Time:00:00.04 | Mem:0.00M, Peak:0.00M | Scene, ViewLayer | Synchronizing object | Horizontal mullion.096
Fra:14 Mem:77.27M (Peak 79.34M) | Time:00:00.04 | Mem:0.00M, Peak:0.00M | Scene, ViewLayer | Synchronizing object | Horizontal mullion.097
Fra:14 Mem:77.29M (Peak 79.34M) | Time:00:00.04 | Mem:0.00M, Peak:0.00M | Scene, ViewLayer | Synchronizing object | Vertical mullion.048
Fra:14 Mem:77.31M (Peak 79.34M) | Time:00:00.04 | Mem:0.00M, Peak:0.00M | Scene, ViewLayer | Synchronizing object | Vertical mullion.049
Fra:14 Mem:77.30M (Peak 79.34M) | Time:00:00.04 | Mem:0.00M, Peak:0.00M | Scene, ViewLayer | Synchronizing object | Vertical mullion.050
Fra:14 Mem:77.31M (Peak 79.34M) | Time:00:00.04 | Mem:0.00M, Peak:0.00M | Scene, ViewLayer | Synchronizing object | Vertical mullion.051
Fra:14 Mem:77.32M (Peak 79.34M) | Time:00:00.04 | Mem:0.00M, Peak:0.00M | Scene, ViewLayer | Synchronizing object | Curved eave panel.013
Fra:14 Mem:77.32M (Peak 79.34M) | Time:00:00.04 | Mem:0.00M, Peak:0.00M | Scene, ViewLayer | Synchronizing object | Eave silver edge.013
Fra:14 Mem:77.30M (Peak 79.34M) | Time:00:00.04 | Mem:0.00M, Peak:0.00M | Scene, ViewLayer | Synchronizing object | Roof rib.013
Fra:14 Mem:77.31M (Peak 79.34M) | Time:00:00.04 | Mem:0.00M, Peak:0.00M | Scene, ViewLayer | Synchronizing object | Stone terrace.013
Fra:14 Mem:77.32M (Peak 79.34M) | Time:00:00.04 | Mem:0.00M, Peak:0.00M | Scene, ViewLayer | Synchronizing object | Entrance door.008
Fra:14 Mem:77.36M (Peak 79.34M) | Time:00:00.04 | Mem:0.00M, Peak:0.00M | Scene, ViewLayer | Synchronizing object | Nose.002
Fra:14 Mem:77.37M (Peak 79.34M) | Time:00:00.04 | Mem:0.00M, Peak:0.00M | Scene, ViewLayer | Synchronizing object | Door glazing.008
Fra:14 Mem:77.38M (Peak 79.34M) | Time:00:00.04 | Mem:0.00M, Peak:0.00M | Scene, ViewLayer | Synchronizing object | Adult head.002
Fra:14 Mem:77.41M (Peak 79.34M) | Time:00:00.04 | Mem:0.00M, Peak:0.00M | Scene, ViewLayer | Synchronizing object | Door handle.008
Fra:14 Mem:77.41M (Peak 79.34M) | Time:00:00.04 | Mem:0.00M, Peak:0.00M | Scene, ViewLayer | Synchronizing object | Neck.002
Fra:14 Mem:77.41M (Peak 79.34M) | Time:00:00.04 | Mem:0.00M, Peak:0.00M | Scene, ViewLayer | Synchronizing object | Door glazing.009
Fra:14 Mem:77.42M (Peak 79.34M) | Time:00:00.04 | Mem:0.00M, Peak:0.00M | Scene, ViewLayer | Synchronizing object | Door handle.009
Fra:14 Mem:77.46M (Peak 79.34M) | Time:00:00.04 | Mem:0.00M, Peak:0.00M | Scene, ViewLayer | Synchronizing object | Glove.005
Fra:14 Mem:77.47M (Peak 79.34M) | Time:00:00.04 | Mem:0.00M, Peak:0.00M | Scene, ViewLayer | Synchronizing object | Entrance canopy.004
Fra:14 Mem:77.48M (Peak 79.34M) | Time:00:00.04 | Mem:0.00M, Peak:0.00M | Scene, ViewLayer | Synchronizing object | Jacket forearm.005
Fra:14 Mem:77.49M (Peak 79.34M) | Time:00:00.04 | Mem:0.00M, Peak:0.00M | Scene, ViewLayer | Synchronizing object | Canopy column.008
Fra:14 Mem:77.48M (Peak 79.34M) | Time:00:00.04 | Mem:0.00M, Peak:0.00M | Scene, ViewLayer | Synchronizing object | Canopy column.009
Fra:14 Mem:77.48M (Peak 79.34M) | Time:00:00.04 | Mem:0.00M, Peak:0.00M | Scene, ViewLayer | Synchronizing object | Terrace stairs.032
Fra:14 Mem:77.48M (Peak 79.34M) | Time:00:00.04 | Mem:0.00M, Peak:0.00M | Scene, ViewLayer | Synchronizing object | Sleeve elbow.005
Fra:14 Mem:77.49M (Peak 79.34M) | Time:00:00.04 | Mem:0.00M, Peak:0.00M | Scene, ViewLayer | Synchronizing object | Terrace stairs.034
Fra:14 Mem:77.54M (Peak 79.34M) | Time:00:00.04 | Mem:0.00M, Peak:0.00M | Scene, ViewLayer | Synchronizing object | Shoulder joint.005
Fra:14 Mem:77.54M (Peak 79.34M) | Time:00:00.04 | Mem:0.00M, Peak:0.00M | Scene, ViewLayer | Synchronizing object | Terrace stairs.036
Fra:14 Mem:77.59M (Peak 79.34M) | Time:00:00.04 | Mem:0.00M, Peak:0.00M | Scene, ViewLayer | Synchronizing object | Trouser shin.005
Fra:14 Mem:77.59M (Peak 79.34M) | Time:00:00.04 | Mem:0.00M, Peak:0.00M | Scene, ViewLayer | Synchronizing object | Trouser thigh.005
Fra:14 Mem:77.61M (Peak 79.34M) | Time:00:00.04 | Mem:0.00M, Peak:0.00M | Scene, ViewLayer | Synchronizing object | Terrace stairs.037
Fra:14 Mem:77.59M (Peak 79.34M) | Time:00:00.04 | Mem:0.00M, Peak:0.00M | Scene, ViewLayer | Synchronizing object | Glove.004
Fra:14 Mem:77.61M (Peak 79.34M) | Time:00:00.04 | Mem:0.00M, Peak:0.00M | Scene, ViewLayer | Synchronizing object | Terrace stairs.038
Fra:14 Mem:77.63M (Peak 79.34M) | Time:00:00.04 | Mem:0.00M, Peak:0.00M | Scene, ViewLayer | Synchronizing object | Jacket forearm.004
Fra:14 Mem:77.64M (Peak 79.34M) | Time:00:00.04 | Mem:0.00M, Peak:0.00M | Scene, ViewLayer | Synchronizing object | Jacket upper sleeve.004
Fra:14 Mem:77.65M (Peak 79.34M) | Time:00:00.04 | Mem:0.00M, Peak:0.00M | Scene, ViewLayer | Synchronizing object | Sleeve elbow.004
Fra:14 Mem:77.67M (Peak 79.34M) | Time:00:00.04 | Mem:0.00M, Peak:0.00M | Scene, ViewLayer | Synchronizing object | Terrace stairs.039
Fra:14 Mem:77.67M (Peak 79.34M) | Time:00:00.04 | Mem:0.00M, Peak:0.00M | Scene, ViewLayer | Synchronizing object | Shoulder joint.004
Fra:14 Mem:77.71M (Peak 79.34M) | Time:00:00.04 | Mem:0.00M, Peak:0.00M | Scene, ViewLayer | Synchronizing object | Glazed bay.043
Fra:14 Mem:77.71M (Peak 79.34M) | Time:00:00.04 | Mem:0.00M, Peak:0.00M | Scene, ViewLayer | Synchronizing object | Horizontal mullion.098
Fra:14 Mem:77.73M (Peak 79.34M) | Time:00:00.04 | Mem:0.00M, Peak:0.00M | Scene, ViewLayer | Synchronizing object | Boot.004
Fra:14 Mem:77.75M (Peak 79.34M) | Time:00:00.04 | Mem:0.00M, Peak:0.00M | Scene, ViewLayer | Synchronizing object | Horizontal mullion.099
Fra:14 Mem:77.76M (Peak 79.34M) | Time:00:00.04 | Mem:0.00M, Peak:0.00M | Scene, ViewLayer | Synchronizing object | Horizontal mullion.100
Fra:14 Mem:77.75M (Peak 79.34M) | Time:00:00.04 | Mem:0.00M, Peak:0.00M | Scene, ViewLayer | Synchronizing object | Horizontal mullion.101
Fra:14 Mem:77.75M (Peak 79.34M) | Time:00:00.04 | Mem:0.00M, Peak:0.00M | Scene, ViewLayer | Synchronizing object | Horizontal mullion.103
Fra:14 Mem:77.76M (Peak 79.34M) | Time:00:00.04 | Mem:0.00M, Peak:0.00M | Scene, ViewLayer | Synchronizing object | Horizontal mullion.104
Fra:14 Mem:77.76M (Peak 79.34M) | Time:00:00.04 | Mem:0.00M, Peak:0.00M | Scene, ViewLayer | Synchronizing object | Vertical mullion.052
Fra:14 Mem:77.79M (Peak 79.34M) | Time:00:00.04 | Mem:0.00M, Peak:0.00M | Scene, ViewLayer | Synchronizing object | Trouser shin.004
Fra:14 Mem:77.78M (Peak 79.34M) | Time:00:00.04 | Mem:0.00M, Peak:0.00M | Scene, ViewLayer | Synchronizing object | Vertical mullion.055
Fra:14 Mem:77.78M (Peak 79.34M) | Time:00:00.04 | Mem:0.00M, Peak:0.00M | Scene, ViewLayer | Synchronizing object | Vertical mullion.056
Fra:14 Mem:77.79M (Peak 79.34M) | Time:00:00.04 | Mem:0.00M, Peak:0.00M | Scene, ViewLayer | Synchronizing object | Trouser thigh.004
Fra:14 Mem:77.81M (Peak 79.34M) | Time:00:00.04 | Mem:0.00M, Peak:0.00M | Scene, ViewLayer | Synchronizing object | Curved eave panel.014
Fra:14 Mem:77.80M (Peak 79.34M) | Time:00:00.04 | Mem:0.00M, Peak:0.00M | Scene, ViewLayer | Synchronizing object | Eave silver edge.014
Fra:14 Mem:77.80M (Peak 79.34M) | Time:00:00.04 | Mem:0.00M, Peak:0.00M | Scene, ViewLayer | Synchronizing object | Roof rib.014
Fra:14 Mem:77.81M (Peak 79.34M) | Time:00:00.04 | Mem:0.00M, Peak:0.00M | Scene, ViewLayer | Synchronizing object | Stone terrace.014
Fra:14 Mem:77.81M (Peak 79.34M) | Time:00:00.04 | Mem:0.00M, Peak:0.00M | Scene, ViewLayer | Synchronizing object | Aerodynamic shell
Fra:14 Mem:77.82M (Peak 79.34M) | Time:00:00.04 | Mem:0.00M, Peak:0.00M | Scene, ViewLayer | Synchronizing object | Underframe
Fra:14 Mem:77.84M (Peak 79.34M) | Time:00:00.04 | Mem:0.00M, Peak:0.00M | Scene, ViewLayer | Synchronizing object | Pelvis.002
Fra:14 Mem:77.88M (Peak 79.34M) | Time:00:00.04 | Mem:0.00M, Peak:0.00M | Scene, ViewLayer | Synchronizing object | Jacket reflective strip.001
Fra:14 Mem:77.91M (Peak 79.34M) | Time:00:00.04 | Mem:0.00M, Peak:0.00M | Scene, ViewLayer | Synchronizing object | Navy belt
Fra:14 Mem:77.91M (Peak 79.34M) | Time:00:00.04 | Mem:0.00M, Peak:0.00M | Scene, ViewLayer | Synchronizing object | Passenger window
Fra:14 Mem:77.93M (Peak 79.34M) | Time:00:00.04 | Mem:0.00M, Peak:0.00M | Scene, ViewLayer | Synchronizing object | Jacket reflective strip
Fra:14 Mem:77.99M (Peak 79.34M) | Time:00:00.04 | Mem:0.00M, Peak:0.00M | Scene, ViewLayer | Synchronizing object | Passenger window.001
Fra:14 Mem:78.01M (Peak 79.34M) | Time:00:00.04 | Mem:0.00M, Peak:0.00M | Scene, ViewLayer | Synchronizing object | Passenger window.002
Fra:14 Mem:78.03M (Peak 79.34M) | Time:00:00.04 | Mem:0.00M, Peak:0.00M | Scene, ViewLayer | Synchronizing object | Breathing air cylinder.001
Fra:14 Mem:78.04M (Peak 79.34M) | Time:00:00.04 | Mem:0.00M, Peak:0.00M | Scene, ViewLayer | Synchronizing object | Passenger window.003
Fra:14 Mem:78.04M (Peak 79.34M) | Time:00:00.04 | Mem:0.00M, Peak:0.00M | Scene, ViewLayer | Synchronizing object | Breathing air cylinder
Fra:14 Mem:78.08M (Peak 79.34M) | Time:00:00.04 | Mem:0.00M, Peak:0.00M | Scene, ViewLayer | Synchronizing object | Face shield
Fra:14 Mem:78.07M (Peak 79.34M) | Time:00:00.04 | Mem:0.00M, Peak:0.00M | Scene, ViewLayer | Synchronizing object | Passenger window.005
Fra:14 Mem:78.09M (Peak 79.34M) | Time:00:00.04 | Mem:0.00M, Peak:0.00M | Scene, ViewLayer | Synchronizing object | Helmet brim
Fra:14 Mem:78.13M (Peak 79.34M) | Time:00:00.04 | Mem:0.00M, Peak:0.00M | Scene, ViewLayer | Synchronizing object | Passenger window.006
Fra:14 Mem:78.12M (Peak 79.34M) | Time:00:00.04 | Mem:0.00M, Peak:0.00M | Scene, ViewLayer | Synchronizing object | Safety helmet
Fra:14 Mem:78.16M (Peak 79.34M) | Time:00:00.04 | Mem:0.00M, Peak:0.00M | Scene, ViewLayer | Synchronizing object | Nose.001
Fra:14 Mem:78.21M (Peak 79.34M) | Time:00:00.04 | Mem:0.00M, Peak:0.00M | Scene, ViewLayer | Synchronizing object | Passenger window.007
Fra:14 Mem:78.14M (Peak 79.34M) | Time:00:00.04 | Mem:0.00M, Peak:0.00M | Scene, ViewLayer | Synchronizing object | Passenger door
Fra:14 Mem:78.16M (Peak 79.34M) | Time:00:00.04 | Mem:0.00M, Peak:0.00M | Scene, ViewLayer | Synchronizing object | Adult head.001
Fra:14 Mem:78.19M (Peak 79.34M) | Time:00:00.04 | Mem:0.00M, Peak:0.00M | Scene, ViewLayer | Synchronizing object | Neck.001
Fra:14 Mem:78.19M (Peak 79.34M) | Time:00:00.04 | Mem:0.00M, Peak:0.00M | Scene, ViewLayer | Synchronizing object | Door window
Fra:14 Mem:78.19M (Peak 79.34M) | Time:00:00.04 | Mem:0.00M, Peak:0.00M | Scene, ViewLayer | Synchronizing object | Sleeve reflective band.001
Fra:14 Mem:78.22M (Peak 79.34M) | Time:00:00.04 | Mem:0.00M, Peak:0.00M | Scene, ViewLayer | Synchronizing object | Glove.003
Fra:14 Mem:78.23M (Peak 79.34M) | Time:00:00.04 | Mem:0.00M, Peak:0.00M | Scene, ViewLayer | Synchronizing object | Passenger door.001
Fra:14 Mem:78.22M (Peak 79.34M) | Time:00:00.04 | Mem:0.00M, Peak:0.00M | Scene, ViewLayer | Synchronizing object | Jacket forearm.003
Fra:14 Mem:78.24M (Peak 79.34M) | Time:00:00.04 | Mem:0.00M, Peak:0.00M | Scene, ViewLayer | Synchronizing object | Navy belt.001
Fra:14 Mem:78.24M (Peak 79.34M) | Time:00:00.04 | Mem:0.00M, Peak:0.00M | Scene, ViewLayer | Synchronizing object | Jacket upper sleeve.003
Fra:14 Mem:78.26M (Peak 79.34M) | Time:00:00.04 | Mem:0.00M, Peak:0.00M | Scene, ViewLayer | Synchronizing object | Passenger window.008
Fra:14 Mem:78.28M (Peak 79.34M) | Time:00:00.04 | Mem:0.00M, Peak:0.00M | Scene, ViewLayer | Synchronizing object | Passenger window.009
Fra:14 Mem:78.29M (Peak 79.34M) | Time:00:00.04 | Mem:0.00M, Peak:0.00M | Scene, ViewLayer | Synchronizing object | Shoulder joint.003
Fra:14 Mem:78.32M (Peak 79.34M) | Time:00:00.04 | Mem:0.00M, Peak:0.00M | Scene, ViewLayer | Synchronizing object | Passenger window.010
Fra:14 Mem:78.32M (Peak 79.34M) | Time:00:00.04 | Mem:0.00M, Peak:0.00M | Scene, ViewLayer | Synchronizing object | Ankle reflective band.001
Fra:14 Mem:78.36M (Peak 79.34M) | Time:00:00.04 | Mem:0.00M, Peak:0.00M | Scene, ViewLayer | Synchronizing object | Boot.003
Fra:14 Mem:78.36M (Peak 79.34M) | Time:00:00.04 | Mem:0.00M, Peak:0.00M | Scene, ViewLayer | Synchronizing object | Passenger window.011
Fra:14 Mem:78.37M (Peak 79.34M) | Time:00:00.04 | Mem:0.00M, Peak:0.00M | Scene, ViewLayer | Synchronizing object | Trouser shin.003
Fra:14 Mem:78.38M (Peak 79.34M) | Time:00:00.04 | Mem:0.00M, Peak:0.00M | Scene, ViewLayer | Synchronizing object | Passenger window.012
Fra:14 Mem:78.38M (Peak 79.34M) | Time:00:00.04 | Mem:0.00M, Peak:0.00M | Scene, ViewLayer | Synchronizing object | Trouser thigh.003
Fra:14 Mem:78.40M (Peak 79.34M) | Time:00:00.04 | Mem:0.00M, Peak:0.00M | Scene, ViewLayer | Synchronizing object | Sleeve reflective band
Fra:14 Mem:78.40M (Peak 79.34M) | Time:00:00.04 | Mem:0.00M, Peak:0.00M | Scene, ViewLayer | Synchronizing object | Passenger window.013
Fra:14 Mem:78.40M (Peak 79.34M) | Time:00:00.04 | Mem:0.00M, Peak:0.00M | Scene, ViewLayer | Synchronizing object | Glove.002
Fra:14 Mem:78.43M (Peak 79.34M) | Time:00:00.04 | Mem:0.00M, Peak:0.00M | Scene, ViewLayer | Synchronizing object | Passenger window.014
Fra:14 Mem:78.43M (Peak 79.34M) | Time:00:00.04 | Mem:0.00M, Peak:0.00M | Scene, ViewLayer | Synchronizing object | Jacket forearm.002
Fra:14 Mem:78.46M (Peak 79.34M) | Time:00:00.04 | Mem:0.00M, Peak:0.00M | Scene, ViewLayer | Synchronizing object | Jacket upper sleeve.002
Fra:14 Mem:78.47M (Peak 79.34M) | Time:00:00.04 | Mem:0.00M, Peak:0.00M | Scene, ViewLayer | Synchronizing object | Sleeve elbow.002
Fra:14 Mem:78.46M (Peak 79.34M) | Time:00:00.04 | Mem:0.00M, Peak:0.00M | Scene, ViewLayer | Synchronizing object | Passenger window.015
Fra:14 Mem:78.46M (Peak 79.34M) | Time:00:00.04 | Mem:0.00M, Peak:0.00M | Scene, ViewLayer | Synchronizing object | Shoulder joint.002
Fra:14 Mem:78.47M (Peak 79.34M) | Time:00:00.04 | Mem:0.00M, Peak:0.00M | Scene, ViewLayer | Synchronizing object | Passenger door.002
Fra:14 Mem:78.50M (Peak 79.34M) | Time:00:00.04 | Mem:0.00M, Peak:0.00M | Scene, ViewLayer | Synchronizing object | Ankle reflective band
Fra:14 Mem:78.52M (Peak 79.34M) | Time:00:00.04 | Mem:0.00M, Peak:0.00M | Scene, ViewLayer | Synchronizing object | Door window.002
Fra:14 Mem:78.51M (Peak 79.34M) | Time:00:00.04 | Mem:0.00M, Peak:0.00M | Scene, ViewLayer | Synchronizing object | Passenger door.003
Fra:14 Mem:78.52M (Peak 79.34M) | Time:00:00.04 | Mem:0.00M, Peak:0.00M | Scene, ViewLayer | Synchronizing object | Door window.003
Fra:14 Mem:78.54M (Peak 79.34M) | Time:00:00.04 | Mem:0.00M, Peak:0.00M | Scene, ViewLayer | Synchronizing object | Trouser shin.002
Fra:14 Mem:78.56M (Peak 79.34M) | Time:00:00.04 | Mem:0.00M, Peak:0.00M | Scene, ViewLayer | Synchronizing object | Trouser thigh.002
Fra:14 Mem:78.55M (Peak 79.34M) | Time:00:00.04 | Mem:0.00M, Peak:0.00M | Scene, ViewLayer | Synchronizing object | Bogie
Fra:14 Mem:78.57M (Peak 79.34M) | Time:00:00.04 | Mem:0.00M, Peak:0.00M | Scene, ViewLayer | Synchronizing object | Jacket.001
Fra:14 Mem:78.58M (Peak 79.34M) | Time:00:00.04 | Mem:0.00M, Peak:0.00M | Scene, ViewLayer | Synchronizing object | Steel wheel
Fra:14 Mem:78.60M (Peak 79.34M) | Time:00:00.04 | Mem:0.00M, Peak:0.00M | Scene, ViewLayer | Synchronizing object | Pelvis.001
Fra:14 Mem:78.62M (Peak 79.34M) | Time:00:00.04 | Mem:0.00M, Peak:0.00M | Scene, ViewLayer | Synchronizing object | Steel wheel.001
Fra:14 Mem:78.62M (Peak 79.34M) | Time:00:00.04 | Mem:0.00M, Peak:0.00M | Scene, ViewLayer | Synchronizing object | Radio
Fra:14 Mem:78.62M (Peak 79.34M) | Time:00:00.04 | Mem:0.00M, Peak:0.00M | Scene, ViewLayer | Synchronizing object | Steel wheel.002
Fra:14 Mem:78.64M (Peak 79.34M) | Time:00:00.04 | Mem:0.00M, Peak:0.00M | Scene, ViewLayer | Synchronizing object | Steel wheel.003
Fra:14 Mem:78.65M (Peak 79.34M) | Time:00:00.04 | Mem:0.00M, Peak:0.00M | Scene, ViewLayer | Synchronizing object | Bogie.001
Fra:14 Mem:78.65M (Peak 79.34M) | Time:00:00.04 | Mem:0.00M, Peak:0.00M | Scene, ViewLayer | Synchronizing object | Steel wheel.004
Fra:14 Mem:78.67M (Peak 79.34M) | Time:00:00.04 | Mem:0.00M, Peak:0.00M | Scene, ViewLayer | Synchronizing object | Steel wheel.005
Fra:14 Mem:78.68M (Peak 79.34M) | Time:00:00.04 | Mem:0.00M, Peak:0.00M | Scene, ViewLayer | Synchronizing object | Steel wheel.006
Fra:14 Mem:78.68M (Peak 79.34M) | Time:00:00.04 | Mem:0.00M, Peak:0.00M | Scene, ViewLayer | Synchronizing object | Steel wheel.007
Fra:14 Mem:78.68M (Peak 79.34M) | Time:00:00.04 | Mem:0.00M, Peak:0.00M | Scene, ViewLayer | Synchronizing object | Operations vest
Fra:14 Mem:78.67M (Peak 79.34M) | Time:00:00.04 | Mem:0.00M, Peak:0.00M | Scene, ViewLayer | Synchronizing object | Swept cab windshield
Fra:14 Mem:78.68M (Peak 79.34M) | Time:00:00.04 | Mem:0.00M, Peak:0.00M | Scene, ViewLayer | Synchronizing object | Nose lamp
Fra:14 Mem:78.70M (Peak 79.34M) | Time:00:00.04 | Mem:0.00M, Peak:0.00M | Scene, ViewLayer | Synchronizing object | Nose lamp.001
Fra:14 Mem:78.71M (Peak 79.34M) | Time:00:00.04 | Mem:0.00M, Peak:0.00M | Scene, ViewLayer | Synchronizing object | Hair
Fra:14 Mem:78.71M (Peak 79.34M) | Time:00:00.04 | Mem:0.00M, Peak:0.00M | Scene, ViewLayer | Synchronizing object | Service identification
Fra:14 Mem:78.71M (Peak 79.34M) | Time:00:00.04 | Mem:0.00M, Peak:0.00M | Scene, ViewLayer | Synchronizing object | Underframe.001
Fra:14 Mem:78.73M (Peak 79.34M) | Time:00:00.04 | Mem:0.00M, Peak:0.00M | Scene, ViewLayer | Synchronizing object | Navy belt.002
Fra:14 Mem:78.79M (Peak 79.34M) | Time:00:00.04 | Mem:0.00M, Peak:0.00M | Scene, ViewLayer | Synchronizing object | Adult head
Fra:14 Mem:78.84M (Peak 79.34M) | Time:00:00.04 | Mem:0.00M, Peak:0.00M | Scene, ViewLayer | Synchronizing object | Neck
Fra:14 Mem:78.85M (Peak 79.34M) | Time:00:00.04 | Mem:0.00M, Peak:0.00M | Scene, ViewLayer | Synchronizing object | Glove.001
Fra:14 Mem:78.85M (Peak 79.34M) | Time:00:00.04 | Mem:0.00M, Peak:0.00M | Scene, ViewLayer | Synchronizing object | Passenger window.016
Fra:14 Mem:78.88M (Peak 79.34M) | Time:00:00.04 | Mem:0.00M, Peak:0.00M | Scene, ViewLayer | Synchronizing object | Jacket forearm.001
Fra:14 Mem:78.89M (Peak 79.34M) | Time:00:00.04 | Mem:0.00M, Peak:0.00M | Scene, ViewLayer | Synchronizing object | Jacket upper sleeve.001
Fra:14 Mem:78.89M (Peak 79.34M) | Time:00:00.04 | Mem:0.00M, Peak:0.00M | Scene, ViewLayer | Synchronizing object | Sleeve elbow.001
Fra:14 Mem:78.90M (Peak 79.34M) | Time:00:00.04 | Mem:0.00M, Peak:0.00M | Scene, ViewLayer | Synchronizing object | Shoulder joint.001
Fra:14 Mem:78.90M (Peak 79.34M) | Time:00:00.04 | Mem:0.00M, Peak:0.00M | Scene, ViewLayer | Synchronizing object | Passenger window.017
Fra:14 Mem:78.92M (Peak 79.34M) | Time:00:00.04 | Mem:0.00M, Peak:0.00M | Scene, ViewLayer | Synchronizing object | Boot.001
Fra:14 Mem:78.95M (Peak 79.34M) | Time:00:00.04 | Mem:0.00M, Peak:0.00M | Scene, ViewLayer | Synchronizing object | Trouser shin.001
Fra:14 Mem:78.95M (Peak 79.34M) | Time:00:00.04 | Mem:0.00M, Peak:0.00M | Scene, ViewLayer | Synchronizing object | Passenger window.018
Fra:14 Mem:78.95M (Peak 79.34M) | Time:00:00.04 | Mem:0.00M, Peak:0.00M | Scene, ViewLayer | Synchronizing object | Trouser thigh.001
Fra:14 Mem:78.96M (Peak 79.34M) | Time:00:00.04 | Mem:0.00M, Peak:0.00M | Scene, ViewLayer | Synchronizing object | Passenger window.019
Fra:14 Mem:78.96M (Peak 79.34M) | Time:00:00.04 | Mem:0.00M, Peak:0.00M | Scene, ViewLayer | Synchronizing object | Passenger window.021
Fra:14 Mem:79.01M (Peak 79.34M) | Time:00:00.04 | Mem:0.00M, Peak:0.00M | Scene, ViewLayer | Synchronizing object | Jacket forearm
Fra:14 Mem:79.02M (Peak 79.34M) | Time:00:00.04 | Mem:0.00M, Peak:0.00M | Scene, ViewLayer | Synchronizing object | Jacket upper sleeve
Fra:14 Mem:79.01M (Peak 79.34M) | Time:00:00.04 | Mem:0.00M, Peak:0.00M | Scene, ViewLayer | Synchronizing object | Passenger window.022
Fra:14 Mem:79.02M (Peak 79.34M) | Time:00:00.04 | Mem:0.00M, Peak:0.00M | Scene, ViewLayer | Synchronizing object | Passenger window.023
Fra:14 Mem:79.08M (Peak 79.34M) | Time:00:00.04 | Mem:0.00M, Peak:0.00M | Scene, ViewLayer | Synchronizing object | Shoulder joint
Fra:14 Mem:79.10M (Peak 79.34M) | Time:00:00.04 | Mem:0.00M, Peak:0.00M | Scene, ViewLayer | Synchronizing object | Boot
Fra:14 Mem:79.09M (Peak 79.34M) | Time:00:00.04 | Mem:0.00M, Peak:0.00M | Scene, ViewLayer | Synchronizing object | Passenger door.004
Fra:14 Mem:79.09M (Peak 79.34M) | Time:00:00.04 | Mem:0.00M, Peak:0.00M | Scene, ViewLayer | Synchronizing object | Trouser shin
Fra:14 Mem:79.12M (Peak 79.34M) | Time:00:00.04 | Mem:0.00M, Peak:0.00M | Scene, ViewLayer | Synchronizing object | Door window.004
Fra:14 Mem:79.11M (Peak 79.34M) | Time:00:00.04 | Mem:0.00M, Peak:0.00M | Scene, ViewLayer | Synchronizing object | Trouser thigh
Fra:14 Mem:79.14M (Peak 79.34M) | Time:00:00.04 | Mem:0.00M, Peak:0.00M | Scene, ViewLayer | Synchronizing object | Jacket
Fra:14 Mem:79.14M (Peak 79.34M) | Time:00:00.04 | Mem:0.00M, Peak:0.00M | Scene, ViewLayer | Synchronizing object | Passenger door.005
Fra:14 Mem:79.15M (Peak 79.34M) | Time:00:00.04 | Mem:0.00M, Peak:0.00M | Scene, ViewLayer | Synchronizing object | Pelvis
Fra:14 Mem:79.17M (Peak 79.34M) | Time:00:00.04 | Mem:0.00M, Peak:0.00M | Scene, ViewLayer | Synchronizing object | Door window.005
Fra:14 Mem:79.18M (Peak 79.34M) | Time:00:00.04 | Mem:0.00M, Peak:0.00M | Scene, ViewLayer | Synchronizing object | Emergency beacon.003
Fra:14 Mem:79.20M (Peak 79.34M) | Time:00:00.04 | Mem:0.00M, Peak:0.00M | Scene, ViewLayer | Synchronizing object | Navy belt.003
Fra:14 Mem:79.23M (Peak 79.34M) | Time:00:00.04 | Mem:0.00M, Peak:0.00M | Scene, ViewLayer | Synchronizing object | Passenger window.024
Fra:14 Mem:79.21M (Peak 79.34M) | Time:00:00.04 | Mem:0.00M, Peak:0.00M | Scene, ViewLayer | Synchronizing object | Emergency beacon.002
Fra:14 Mem:79.23M (Peak 79.34M) | Time:00:00.04 | Mem:0.00M, Peak:0.00M | Scene, ViewLayer | Synchronizing object | Passenger window.025
Fra:14 Mem:79.23M (Peak 79.34M) | Time:00:00.04 | Mem:0.00M, Peak:0.00M | Scene, ViewLayer | Synchronizing object | Lightbar housing.001
Fra:14 Mem:79.28M (Peak 79.34M) | Time:00:00.04 | Mem:0.00M, Peak:0.00M | Scene, ViewLayer | Synchronizing object | Passenger window.028
Fra:14 Mem:79.29M (Peak 79.34M) | Time:00:00.04 | Mem:0.00M, Peak:0.00M | Scene, ViewLayer | Synchronizing object | Passenger window.029
Fra:14 Mem:79.31M (Peak 79.34M) | Time:00:00.04 | Mem:0.00M, Peak:0.00M | Scene, ViewLayer | Synchronizing object | Passenger window.030
Fra:14 Mem:79.34M (Peak 79.34M) | Time:00:00.04 | Mem:0.00M, Peak:0.00M | Scene, ViewLayer | Synchronizing object | Passenger window.031
Fra:14 Mem:79.34M (Peak 79.34M) | Time:00:00.04 | Mem:0.00M, Peak:0.00M | Scene, ViewLayer | Synchronizing object | Passenger door.006
Fra:14 Mem:79.34M (Peak 79.34M) | Time:00:00.04 | Mem:0.00M, Peak:0.00M | Scene, ViewLayer | Synchronizing object | Door window.006
Fra:14 Mem:79.37M (Peak 79.37M) | Time:00:00.04 | Mem:0.00M, Peak:0.00M | Scene, ViewLayer | Synchronizing object | Passenger door.007
Fra:14 Mem:79.38M (Peak 79.38M) | Time:00:00.04 | Mem:0.00M, Peak:0.00M | Scene, ViewLayer | Synchronizing object | Door window.007
Fra:14 Mem:79.40M (Peak 79.40M) | Time:00:00.04 | Mem:0.00M, Peak:0.00M | Scene, ViewLayer | Synchronizing object | Bogie.002
Fra:14 Mem:79.40M (Peak 79.40M) | Time:00:00.04 | Mem:0.00M, Peak:0.00M | Scene, ViewLayer | Synchronizing object | Headlamp.003
Fra:14 Mem:79.42M (Peak 79.42M) | Time:00:00.04 | Mem:0.00M, Peak:0.00M | Scene, ViewLayer | Synchronizing object | Steel wheel.008
Fra:14 Mem:79.41M (Peak 79.42M) | Time:00:00.04 | Mem:0.00M, Peak:0.00M | Scene, ViewLayer | Synchronizing object | Steel wheel.009
Fra:14 Mem:79.42M (Peak 79.42M) | Time:00:00.04 | Mem:0.00M, Peak:0.00M | Scene, ViewLayer | Synchronizing object | Steel wheel.010
Fra:14 Mem:79.42M (Peak 79.42M) | Time:00:00.04 | Mem:0.00M, Peak:0.00M | Scene, ViewLayer | Synchronizing object | Bogie.003
Fra:14 Mem:79.42M (Peak 79.42M) | Time:00:00.04 | Mem:0.00M, Peak:0.00M | Scene, ViewLayer | Synchronizing object | Steel wheel.012
Fra:14 Mem:79.42M (Peak 79.42M) | Time:00:00.04 | Mem:0.00M, Peak:0.00M | Scene, ViewLayer | Synchronizing object | Headlamp.002
Fra:14 Mem:79.43M (Peak 79.43M) | Time:00:00.04 | Mem:0.00M, Peak:0.00M | Scene, ViewLayer | Synchronizing object | Steel wheel.013
Fra:14 Mem:79.44M (Peak 79.44M) | Time:00:00.04 | Mem:0.00M, Peak:0.00M | Scene, ViewLayer | Synchronizing object | Steel wheel.014
Fra:14 Mem:79.46M (Peak 79.46M) | Time:00:00.04 | Mem:0.00M, Peak:0.00M | Scene, ViewLayer | Synchronizing object | Steel wheel.015
Fra:14 Mem:79.47M (Peak 79.47M) | Time:00:00.04 | Mem:0.00M, Peak:0.00M | Scene, ViewLayer | Synchronizing object | Chassis
Fra:14 Mem:79.47M (Peak 79.47M) | Time:00:00.04 | Mem:0.00M, Peak:0.00M | Scene, ViewLayer | Synchronizing object | Equipment body
Fra:14 Mem:79.50M (Peak 79.50M) | Time:00:00.04 | Mem:0.00M, Peak:0.00M | Scene, ViewLayer | Synchronizing object | Sloped crew cab
Fra:14 Mem:79.50M (Peak 79.50M) | Time:00:00.04 | Mem:0.00M, Peak:0.00M | Scene, ViewLayer | Synchronizing object | Radiator grille.001
Fra:14 Mem:79.54M (Peak 79.54M) | Time:00:00.04 | Mem:0.00M, Peak:0.00M | Scene, ViewLayer | Synchronizing object | Windscreen
Fra:14 Mem:79.54M (Peak 79.54M) | Time:00:00.04 | Mem:0.00M, Peak:0.00M | Scene, ViewLayer | Synchronizing object | Cab side window
Fra:14 Mem:79.53M (Peak 79.54M) | Time:00:00.04 | Mem:0.00M, Peak:0.00M | Scene, ViewLayer | Synchronizing object | Cab handle
Fra:14 Mem:79.53M (Peak 79.54M) | Time:00:00.04 | Mem:0.00M, Peak:0.00M | Scene, ViewLayer | Synchronizing object | Front bumper.001
Fra:14 Mem:79.57M (Peak 79.57M) | Time:00:00.04 | Mem:0.00M, Peak:0.00M | Scene, ViewLayer | Synchronizing object | Mirror arm
Fra:14 Mem:79.58M (Peak 79.58M) | Time:00:00.04 | Mem:0.00M, Peak:0.00M | Scene, ViewLayer | Synchronizing object | Wing mirror
Fra:14 Mem:79.60M (Peak 79.60M) | Time:00:00.04 | Mem:0.00M, Peak:0.00M | Scene, ViewLayer | Synchronizing object | Safety stripe
Fra:14 Mem:79.60M (Peak 79.60M) | Time:00:00.04 | Mem:0.00M, Peak:0.00M | Scene, ViewLayer | Synchronizing object | Wheel rim.007
Fra:14 Mem:79.62M (Peak 79.62M) | Time:00:00.04 | Mem:0.00M, Peak:0.00M | Scene, ViewLayer | Synchronizing object | Tire.007
Fra:14 Mem:79.62M (Peak 79.62M) | Time:00:00.04 | Mem:0.00M, Peak:0.00M | Scene, ViewLayer | Synchronizing object | Wheel rim.006
Fra:14 Mem:79.62M (Peak 79.62M) | Time:00:00.04 | Mem:0.00M, Peak:0.00M | Scene, ViewLayer | Synchronizing object | Tire.006
Fra:14 Mem:79.64M (Peak 79.64M) | Time:00:00.04 | Mem:0.00M, Peak:0.00M | Scene, ViewLayer | Synchronizing object | Roller equipment shutter
Fra:14 Mem:79.61M (Peak 79.64M) | Time:00:00.04 | Mem:0.00M, Peak:0.00M | Scene, ViewLayer | Synchronizing object | Shutter rib
Fra:14 Mem:79.65M (Peak 79.65M) | Time:00:00.04 | Mem:0.00M, Peak:0.00M | Scene, ViewLayer | Synchronizing object | Tire.005
Fra:14 Mem:79.65M (Peak 79.65M) | Time:00:00.04 | Mem:0.00M, Peak:0.00M | Scene, ViewLayer | Synchronizing object | Shutter rib.001
Fra:14 Mem:79.66M (Peak 79.66M) | Time:00:00.04 | Mem:0.00M, Peak:0.00M | Scene, ViewLayer | Synchronizing object | Wheel rim.004
Fra:14 Mem:79.68M (Peak 79.68M) | Time:00:00.04 | Mem:0.00M, Peak:0.00M | Scene, ViewLayer | Synchronizing object | Tire.004
Fra:14 Mem:79.67M (Peak 79.68M) | Time:00:00.04 | Mem:0.00M, Peak:0.00M | Scene, ViewLayer | Synchronizing object | Shutter rib.002
Fra:14 Mem:79.68M (Peak 79.68M) | Time:00:00.04 | Mem:0.00M, Peak:0.00M | Scene, ViewLayer | Synchronizing object | 119 side marking.003
Fra:14 Mem:79.68M (Peak 79.68M) | Time:00:00.04 | Mem:0.00M, Peak:0.00M | Scene, ViewLayer | Synchronizing object | Shutter rib.003
Fra:14 Mem:79.74M (Peak 79.74M) | Time:00:00.04 | Mem:0.00M, Peak:0.00M | Scene, ViewLayer | Synchronizing object | Shutter rib.004
Fra:14 Mem:79.77M (Peak 79.77M) | Time:00:00.04 | Mem:0.00M, Peak:0.00M | Scene, ViewLayer | Synchronizing object | Medical cross horizontal.001
Fra:14 Mem:79.78M (Peak 79.78M) | Time:00:00.04 | Mem:0.00M, Peak:0.00M | Scene, ViewLayer | Synchronizing object | Shutter rib.005
Fra:14 Mem:79.78M (Peak 79.78M) | Time:00:00.04 | Mem:0.00M, Peak:0.00M | Scene, ViewLayer | Synchronizing object | Shutter rib.006
Fra:14 Mem:79.81M (Peak 79.81M) | Time:00:00.04 | Mem:0.00M, Peak:0.00M | Scene, ViewLayer | Synchronizing object | Shutter latch
Fra:14 Mem:79.82M (Peak 79.82M) | Time:00:00.04 | Mem:0.00M, Peak:0.00M | Scene, ViewLayer | Synchronizing object | Medical cross vertical.001
Fra:14 Mem:79.85M (Peak 79.85M) | Time:00:00.04 | Mem:0.00M, Peak:0.00M | Scene, ViewLayer | Synchronizing object | Roller equipment shutter.001
Fra:14 Mem:79.84M (Peak 79.85M) | Time:00:00.04 | Mem:0.00M, Peak:0.00M | Scene, ViewLayer | Synchronizing object | Shutter rib.007
Fra:14 Mem:79.86M (Peak 79.86M) | Time:00:00.04 | Mem:0.00M, Peak:0.00M | Scene, ViewLayer | Synchronizing object | Shutter rib.008
Fra:14 Mem:79.87M (Peak 79.87M) | Time:00:00.04 | Mem:0.00M, Peak:0.00M | Scene, ViewLayer | Synchronizing object | Patient window.001
Fra:14 Mem:79.90M (Peak 79.90M) | Time:00:00.04 | Mem:0.00M, Peak:0.00M | Scene, ViewLayer | Synchronizing object | Shutter rib.009
Fra:14 Mem:79.88M (Peak 79.90M) | Time:00:00.04 | Mem:0.00M, Peak:0.00M | Scene, ViewLayer | Synchronizing object | Shutter rib.010
Fra:14 Mem:79.91M (Peak 79.91M) | Time:00:00.04 | Mem:0.00M, Peak:0.00M | Scene, ViewLayer | Synchronizing object | Shutter rib.011
Fra:14 Mem:79.93M (Peak 79.93M) | Time:00:00.04 | Mem:0.00M, Peak:0.00M | Scene, ViewLayer | Synchronizing object | Shutter rib.012
Fra:14 Mem:79.92M (Peak 79.93M) | Time:00:00.04 | Mem:0.00M, Peak:0.00M | Scene, ViewLayer | Synchronizing object | Shutter rib.013
Fra:14 Mem:79.97M (Peak 79.97M) | Time:00:00.04 | Mem:0.00M, Peak:0.00M | Scene, ViewLayer | Synchronizing object | Shutter latch.001
Fra:14 Mem:79.95M (Peak 79.97M) | Time:00:00.04 | Mem:0.00M, Peak:0.00M | Scene, ViewLayer | Synchronizing object | Safety stripe.003
Fra:14 Mem:79.97M (Peak 79.97M) | Time:00:00.04 | Mem:0.00M, Peak:0.00M | Scene, ViewLayer | Synchronizing object | Roller equipment shutter.002
Fra:14 Mem:79.97M (Peak 79.97M) | Time:00:00.04 | Mem:0.00M, Peak:0.00M | Scene, ViewLayer | Synchronizing object | Shutter rib.015
Fra:14 Mem:79.99M (Peak 79.99M) | Time:00:00.04 | Mem:0.00M, Peak:0.00M | Scene, ViewLayer | Synchronizing object | Wing mirror.003
Fra:14 Mem:80.02M (Peak 80.02M) | Time:00:00.04 | Mem:0.00M, Peak:0.00M | Scene, ViewLayer | Synchronizing object | Shutter rib.016
Fra:14 Mem:80.02M (Peak 80.02M) | Time:00:00.04 | Mem:0.00M, Peak:0.00M | Scene, ViewLayer | Synchronizing object | Shutter rib.017
Fra:14 Mem:80.06M (Peak 80.06M) | Time:00:00.04 | Mem:0.00M, Peak:0.00M | Scene, ViewLayer | Synchronizing object | Mirror arm.003
Fra:14 Mem:80.04M (Peak 80.06M) | Time:00:00.04 | Mem:0.00M, Peak:0.00M | Scene, ViewLayer | Synchronizing object | Shutter rib.019
Fra:14 Mem:80.04M (Peak 80.06M) | Time:00:00.04 | Mem:0.00M, Peak:0.00M | Scene, ViewLayer | Synchronizing object | Cab handle.003
Fra:14 Mem:80.06M (Peak 80.06M) | Time:00:00.04 | Mem:0.00M, Peak:0.00M | Scene, ViewLayer | Synchronizing object | Shutter rib.020
Fra:14 Mem:80.11M (Peak 80.11M) | Time:00:00.04 | Mem:0.00M, Peak:0.00M | Scene, ViewLayer | Synchronizing object | Shutter latch.002
Fra:14 Mem:80.12M (Peak 80.12M) | Time:00:00.04 | Mem:0.00M, Peak:0.00M | Scene, ViewLayer | Synchronizing object | 119 side marking
Fra:14 Mem:80.12M (Peak 80.12M) | Time:00:00.04 | Mem:0.00M, Peak:0.00M | Scene, ViewLayer | Synchronizing object | Cab side window.003
Fra:14 Mem:80.19M (Peak 80.19M) | Time:00:00.04 | Mem:0.00M, Peak:0.00M | Scene, ViewLayer | Synchronizing object | Cab handle.001
Fra:14 Mem:80.19M (Peak 80.19M) | Time:00:00.04 | Mem:0.00M, Peak:0.00M | Scene, ViewLayer | Synchronizing object | Mirror arm.001
Fra:14 Mem:80.24M (Peak 80.24M) | Time:00:00.04 | Mem:0.00M, Peak:0.00M | Scene, ViewLayer | Synchronizing object | Wing mirror.001
Fra:14 Mem:80.21M (Peak 80.24M) | Time:00:00.04 | Mem:0.00M, Peak:0.00M | Scene, ViewLayer | Synchronizing object | Safety stripe.001
Fra:14 Mem:80.22M (Peak 80.24M) | Time:00:00.04 | Mem:0.00M, Peak:0.00M | Scene, ViewLayer | Synchronizing object | 119 side marking.002
Fra:14 Mem:80.27M (Peak 80.27M) | Time:00:00.04 | Mem:0.00M, Peak:0.00M | Scene, ViewLayer | Synchronizing object | Roller equipment shutter.003
Fra:14 Mem:80.30M (Peak 80.30M) | Time:00:00.04 | Mem:0.00M, Peak:0.00M | Scene, ViewLayer | Synchronizing object | Shutter rib.021
Fra:14 Mem:80.33M (Peak 80.33M) | Time:00:00.04 | Mem:0.00M, Peak:0.00M | Scene, ViewLayer | Synchronizing object | Medical cross horizontal
Fra:14 Mem:80.30M (Peak 80.33M) | Time:00:00.04 | Mem:0.00M, Peak:0.00M | Scene, ViewLayer | Synchronizing object | Shutter rib.022
Fra:14 Mem:80.32M (Peak 80.33M) | Time:00:00.04 | Mem:0.00M, Peak:0.00M | Scene, ViewLayer | Synchronizing object | Shutter rib.024
Fra:14 Mem:80.36M (Peak 80.36M) | Time:00:00.04 | Mem:0.00M, Peak:0.00M | Scene, ViewLayer | Synchronizing object | Medical cross vertical
Fra:14 Mem:80.37M (Peak 80.37M) | Time:00:00.04 | Mem:0.00M, Peak:0.00M | Scene, ViewLayer | Synchronizing object | Shutter rib.025
Fra:14 Mem:80.40M (Peak 80.40M) | Time:00:00.04 | Mem:0.00M, Peak:0.00M | Scene, ViewLayer | Synchronizing object | Shutter rib.026
Fra:14 Mem:80.39M (Peak 80.40M) | Time:00:00.04 | Mem:0.00M, Peak:0.00M | Scene, ViewLayer | Synchronizing object | Shutter rib.027
Fra:14 Mem:80.42M (Peak 80.42M) | Time:00:00.04 | Mem:0.00M, Peak:0.00M | Scene, ViewLayer | Synchronizing object | Patient window
Fra:14 Mem:80.43M (Peak 80.43M) | Time:00:00.04 | Mem:0.00M, Peak:0.00M | Scene, ViewLayer | Synchronizing object | Shutter latch.003
Fra:14 Mem:80.44M (Peak 80.44M) | Time:00:00.04 | Mem:0.00M, Peak:0.00M | Scene, ViewLayer | Synchronizing object | Roller equipment shutter.004
Fra:14 Mem:80.45M (Peak 80.45M) | Time:00:00.04 | Mem:0.00M, Peak:0.00M | Scene, ViewLayer | Synchronizing object | Shutter rib.028
Fra:14 Mem:80.46M (Peak 80.46M) | Time:00:00.04 | Mem:0.00M, Peak:0.00M | Scene, ViewLayer | Synchronizing object | Safety stripe.002
Fra:14 Mem:80.49M (Peak 80.49M) | Time:00:00.04 | Mem:0.00M, Peak:0.00M | Scene, ViewLayer | Synchronizing object | Shutter rib.029
Fra:14 Mem:80.49M (Peak 80.49M) | Time:00:00.04 | Mem:0.00M, Peak:0.00M | Scene, ViewLayer | Synchronizing object | Shutter rib.030
Fra:14 Mem:80.48M (Peak 80.49M) | Time:00:00.04 | Mem:0.00M, Peak:0.00M | Scene, ViewLayer | Synchronizing object | Shutter rib.032
Fra:14 Mem:80.54M (Peak 80.54M) | Time:00:00.04 | Mem:0.00M, Peak:0.00M | Scene, ViewLayer | Synchronizing object | Shutter rib.033
Fra:14 Mem:80.55M (Peak 80.55M) | Time:00:00.04 | Mem:0.00M, Peak:0.00M | Scene, ViewLayer | Synchronizing object | Mirror arm.002
Fra:14 Mem:80.55M (Peak 80.55M) | Time:00:00.04 | Mem:0.00M, Peak:0.00M | Scene, ViewLayer | Synchronizing object | Shutter rib.034
Fra:14 Mem:80.56M (Peak 80.56M) | Time:00:00.04 | Mem:0.00M, Peak:0.00M | Scene, ViewLayer | Synchronizing object | Cab handle.002
Fra:14 Mem:80.59M (Peak 80.59M) | Time:00:00.04 | Mem:0.00M, Peak:0.00M | Scene, ViewLayer | Synchronizing object | Roller equipment shutter.005
Fra:14 Mem:80.62M (Peak 80.62M) | Time:00:00.04 | Mem:0.00M, Peak:0.00M | Scene, ViewLayer | Synchronizing object | Cab side window.002
Fra:14 Mem:80.60M (Peak 80.62M) | Time:00:00.04 | Mem:0.00M, Peak:0.00M | Scene, ViewLayer | Synchronizing object | Shutter rib.036
Fra:14 Mem:80.66M (Peak 80.66M) | Time:00:00.04 | Mem:0.00M, Peak:0.00M | Scene, ViewLayer | Synchronizing object | Shutter rib.037
Fra:14 Mem:80.67M (Peak 80.67M) | Time:00:00.04 | Mem:0.00M, Peak:0.00M | Scene, ViewLayer | Synchronizing object | Windscreen.001
Fra:14 Mem:80.65M (Peak 80.67M) | Time:00:00.04 | Mem:0.00M, Peak:0.00M | Scene, ViewLayer | Synchronizing object | Shutter rib.038
Fra:14 Mem:80.66M (Peak 80.67M) | Time:00:00.04 | Mem:0.00M, Peak:0.00M | Scene, ViewLayer | Synchronizing object | Shutter rib.039
Fra:14 Mem:80.68M (Peak 80.68M) | Time:00:00.04 | Mem:0.00M, Peak:0.00M | Scene, ViewLayer | Synchronizing object | Shutter rib.040
Fra:14 Mem:80.72M (Peak 80.72M) | Time:00:00.04 | Mem:0.00M, Peak:0.00M | Scene, ViewLayer | Synchronizing object | Shutter rib.041
Fra:14 Mem:80.74M (Peak 80.74M) | Time:00:00.04 | Mem:0.00M, Peak:0.00M | Scene, ViewLayer | Synchronizing object | Shutter latch.005
Fra:14 Mem:80.74M (Peak 80.74M) | Time:00:00.04 | Mem:0.00M, Peak:0.00M | Scene, ViewLayer | Synchronizing object | 119 side marking.001
Fra:14 Mem:80.79M (Peak 80.79M) | Time:00:00.04 | Mem:0.00M, Peak:0.00M | Scene, ViewLayer | Synchronizing object | Equipment body.001
Fra:14 Mem:80.80M (Peak 80.80M) | Time:00:00.04 | Mem:0.00M, Peak:0.00M | Scene, ViewLayer | Synchronizing object | Tire
Fra:14 Mem:80.81M (Peak 80.81M) | Time:00:00.04 | Mem:0.00M, Peak:0.00M | Scene, ViewLayer | Synchronizing object | Wheel rim
Fra:14 Mem:80.81M (Peak 80.81M) | Time:00:00.04 | Mem:0.00M, Peak:0.00M | Scene, ViewLayer | Synchronizing object | Tire.001
Fra:14 Mem:80.82M (Peak 80.82M) | Time:00:00.04 | Mem:0.00M, Peak:0.00M | Scene, ViewLayer | Synchronizing object | Tire.002
Fra:14 Mem:80.81M (Peak 80.82M) | Time:00:00.04 | Mem:0.00M, Peak:0.00M | Scene, ViewLayer | Synchronizing object | Chassis.001
Fra:14 Mem:80.82M (Peak 80.82M) | Time:00:00.04 | Mem:0.00M, Peak:0.00M | Scene, ViewLayer | Synchronizing object | Wheel rim.002
Fra:14 Mem:80.84M (Peak 80.84M) | Time:00:00.04 | Mem:0.00M, Peak:0.00M | Scene, ViewLayer | Synchronizing object | Tire.003
Fra:14 Mem:80.85M (Peak 80.85M) | Time:00:00.04 | Mem:0.00M, Peak:0.00M | Scene, ViewLayer | Synchronizing object | Wheel rim.003
Fra:14 Mem:80.85M (Peak 80.85M) | Time:00:00.04 | Mem:0.00M, Peak:0.00M | Scene, ViewLayer | Synchronizing object | Front bumper
Fra:14 Mem:80.85M (Peak 80.85M) | Time:00:00.04 | Mem:0.00M, Peak:0.00M | Scene, ViewLayer | Synchronizing object | Headlamp
Fra:14 Mem:80.88M (Peak 80.88M) | Time:00:00.04 | Mem:0.00M, Peak:0.00M | Scene, ViewLayer | Synchronizing object | Water monitor
Fra:14 Mem:80.92M (Peak 80.92M) | Time:00:00.04 | Mem:0.00M, Peak:0.00M | Scene, ViewLayer | Synchronizing object | Hose reel
Fra:14 Mem:80.91M (Peak 80.92M) | Time:00:00.04 | Mem:0.00M, Peak:0.00M | Scene, ViewLayer | Synchronizing object | Roof ladder rung.010
Fra:14 Mem:80.92M (Peak 80.92M) | Time:00:00.04 | Mem:0.00M, Peak:0.00M | Scene, ViewLayer | Synchronizing object | Roof ladder rung.009
Fra:14 Mem:80.92M (Peak 80.92M) | Time:00:00.04 | Mem:0.00M, Peak:0.00M | Scene, ViewLayer | Synchronizing object | Headlamp.001
Fra:14 Mem:80.90M (Peak 80.92M) | Time:00:00.04 | Mem:0.00M, Peak:0.00M | Scene, ViewLayer | Synchronizing object | Lightbar housing
Fra:14 Mem:80.92M (Peak 80.92M) | Time:00:00.04 | Mem:0.00M, Peak:0.00M | Scene, ViewLayer | Synchronizing object | Emergency beacon
Fra:14 Mem:80.95M (Peak 80.95M) | Time:00:00.04 | Mem:0.00M, Peak:0.00M | Scene, ViewLayer | Synchronizing object | Roof ladder rung.007
Fra:14 Mem:80.97M (Peak 80.97M) | Time:00:00.04 | Mem:0.00M, Peak:0.00M | Scene, ViewLayer | Synchronizing object | Roof ladder rung.006
Fra:14 Mem:80.97M (Peak 80.97M) | Time:00:00.04 | Mem:0.00M, Peak:0.00M | Scene, ViewLayer | Synchronizing object | Roof ladder rung.005
Fra:14 Mem:80.97M (Peak 80.97M) | Time:00:00.04 | Mem:0.00M, Peak:0.00M | Scene, ViewLayer | Synchronizing object | Emergency beacon.001
Fra:14 Mem:80.96M (Peak 80.97M) | Time:00:00.04 | Mem:0.00M, Peak:0.00M | Scene, ViewLayer | Synchronizing object | Roof ladder rung.004
Fra:14 Mem:80.97M (Peak 80.97M) | Time:00:00.04 | Mem:0.00M, Peak:0.00M | Scene, ViewLayer | Synchronizing object | Roof ladder rail
Fra:14 Mem:80.98M (Peak 80.98M) | Time:00:00.04 | Mem:0.00M, Peak:0.00M | Scene, ViewLayer | Synchronizing object | Roof ladder rail.001
Fra:14 Mem:80.98M (Peak 80.98M) | Time:00:00.04 | Mem:0.00M, Peak:0.00M | Scene, ViewLayer | Synchronizing object | Roof ladder rung
Fra:14 Mem:80.98M (Peak 80.98M) | Time:00:00.04 | Mem:0.00M, Peak:0.00M | Scene, ViewLayer | Synchronizing object | Roof ladder rung.002
Fra:14 Mem:80.99M (Peak 80.99M) | Time:00:00.04 | Mem:0.00M, Peak:0.00M | Scene, ViewLayer | Initializing
Fra:14 Mem:53.43M (Peak 80.99M) | Time:00:00.05 | Mem:0.00M, Peak:0.00M | Scene, ViewLayer | Waiting for render to start
Fra:14 Mem:53.43M (Peak 80.99M) | Time:00:00.05 | Mem:0.00M, Peak:0.00M | Scene, ViewLayer | Updating Scene
Fra:14 Mem:53.43M (Peak 80.99M) | Time:00:00.05 | Mem:0.00M, Peak:0.00M | Scene, ViewLayer | Updating Shaders
Fra:14 Mem:53.43M (Peak 80.99M) | Time:00:00.05 | Mem:0.00M, Peak:0.00M | Scene, ViewLayer | Loading render kernels (may take a few minutes the first time)
Fra:14 Mem:53.53M (Peak 80.99M) | Time:00:00.05 | Mem:0.01M, Peak:0.01M | Scene, ViewLayer | Updating Procedurals
Fra:14 Mem:53.53M (Peak 80.99M) | Time:00:00.05 | Mem:0.01M, Peak:0.01M | Scene, ViewLayer | Updating Background
Fra:14 Mem:53.53M (Peak 80.99M) | Time:00:00.05 | Mem:0.01M, Peak:0.01M | Scene, ViewLayer | Updating Camera
Fra:14 Mem:53.53M (Peak 80.99M) | Time:00:00.05 | Mem:0.01M, Peak:0.01M | Scene, ViewLayer | Updating Meshes Flags
Fra:14 Mem:53.53M (Peak 80.99M) | Time:00:00.05 | Mem:0.01M, Peak:0.01M | Scene, ViewLayer | Updating Objects
Fra:14 Mem:53.53M (Peak 80.99M) | Time:00:00.05 | Mem:0.01M, Peak:0.01M | Scene, ViewLayer | Updating Objects | Copying Transformations to device
Fra:14 Mem:53.68M (Peak 80.99M) | Time:00:00.05 | Mem:0.16M, Peak:0.16M | Scene, ViewLayer | Updating Particle Systems
Fra:14 Mem:53.68M (Peak 80.99M) | Time:00:00.05 | Mem:0.16M, Peak:0.16M | Scene, ViewLayer | Updating Particle Systems | Copying Particles to device
Fra:14 Mem:53.68M (Peak 80.99M) | Time:00:00.05 | Mem:0.16M, Peak:0.16M | Scene, ViewLayer | Updating Meshes
Fra:14 Mem:53.68M (Peak 80.99M) | Time:00:00.05 | Mem:0.16M, Peak:0.16M | Scene, ViewLayer | Updating Objects | Applying Static Transformations
Fra:14 Mem:53.68M (Peak 80.99M) | Time:00:00.05 | Mem:0.16M, Peak:0.16M | Scene, ViewLayer | Updating Mesh | Computing attributes
Fra:14 Mem:54.75M (Peak 80.99M) | Time:00:00.05 | Mem:0.21M, Peak:0.21M | Scene, ViewLayer | Updating Mesh | Copying Attributes to device
Fra:14 Mem:54.67M (Peak 80.99M) | Time:00:00.05 | Mem:1.15M, Peak:1.15M | Scene, ViewLayer | Updating Scene BVH | Building
Fra:14 Mem:54.68M (Peak 80.99M) | Time:00:00.05 | Mem:1.15M, Peak:1.15M | Scene, ViewLayer | Updating Scene BVH | Building BVH
Fra:14 Mem:54.68M (Peak 80.99M) | Time:00:00.05 | Mem:3.08M, Peak:3.08M | Scene, ViewLayer | Updating Scene BVH | Building BVH 0%
Fra:14 Mem:54.68M (Peak 80.99M) | Time:00:00.06 | Mem:5.39M, Peak:7.32M | Scene, ViewLayer | Updating Scene BVH | Copying BVH to device
Fra:14 Mem:54.68M (Peak 80.99M) | Time:00:00.06 | Mem:5.39M, Peak:7.32M | Scene, ViewLayer | Updating Mesh | Computing normals
Fra:14 Mem:57.53M (Peak 80.99M) | Time:00:00.06 | Mem:5.39M, Peak:7.32M | Scene, ViewLayer | Updating Mesh | Copying Mesh to device
Fra:14 Mem:57.53M (Peak 80.99M) | Time:00:00.06 | Mem:8.24M, Peak:8.24M | Scene, ViewLayer | Updating Objects Flags
Fra:14 Mem:57.53M (Peak 80.99M) | Time:00:00.06 | Mem:8.25M, Peak:8.25M | Scene, ViewLayer | Updating Primitive Offsets
Fra:14 Mem:57.54M (Peak 80.99M) | Time:00:00.06 | Mem:8.25M, Peak:8.25M | Scene, ViewLayer | Updating Images
Fra:14 Mem:57.54M (Peak 80.99M) | Time:00:00.06 | Mem:8.25M, Peak:8.25M | Scene, ViewLayer | Updating Images | Loading Concrete031_1K-JPG_Color.jpg
Fra:14 Mem:61.54M (Peak 80.99M) | Time:00:00.06 | Mem:8.25M, Peak:8.25M | Scene, ViewLayer | Updating Images | Loading Metal032_1K-JPG_Color.jpg
Fra:14 Mem:65.55M (Peak 80.99M) | Time:00:00.07 | Mem:16.25M, Peak:16.25M | Scene, ViewLayer | Updating Camera Volume
Fra:14 Mem:65.55M (Peak 80.99M) | Time:00:00.07 | Mem:16.25M, Peak:16.25M | Scene, ViewLayer | Updating Lookup Tables
Fra:14 Mem:65.55M (Peak 80.99M) | Time:00:00.07 | Mem:16.33M, Peak:16.33M | Scene, ViewLayer | Updating Lights
Fra:14 Mem:65.55M (Peak 80.99M) | Time:00:00.07 | Mem:16.33M, Peak:16.33M | Scene, ViewLayer | Updating Lights | Computing tree
Fra:14 Mem:65.55M (Peak 80.99M) | Time:00:00.07 | Mem:16.34M, Peak:16.34M | Scene, ViewLayer | Updating Integrator
Fra:14 Mem:65.55M (Peak 80.99M) | Time:00:00.07 | Mem:16.34M, Peak:16.34M | Scene, ViewLayer | Updating Film
Fra:14 Mem:65.56M (Peak 80.99M) | Time:00:00.07 | Mem:16.26M, Peak:16.34M | Scene, ViewLayer | Updating Lookup Tables
Fra:14 Mem:65.56M (Peak 80.99M) | Time:00:00.07 | Mem:16.34M, Peak:16.34M | Scene, ViewLayer | Updating Baking
Fra:14 Mem:65.56M (Peak 80.99M) | Time:00:00.07 | Mem:16.34M, Peak:16.34M | Scene, ViewLayer | Updating Device | Writing constant memory
Fra:14 Mem:65.57M (Peak 80.99M) | Time:00:00.07 | Mem:16.34M, Peak:16.34M | Scene, ViewLayer | Loading denoising kernels (may take a few minutes the first time)
Fra:14 Mem:65.57M (Peak 80.99M) | Time:00:00.07 | Mem:16.34M, Peak:16.34M | Scene, ViewLayer | Sample 0/24
Fra:14 Mem:293.61M (Peak 293.61M) | Time:00:01.10 | Remaining:00:23.66 | Mem:244.35M, Peak:244.35M | Scene, ViewLayer | Sample 1/24
Fra:14 Mem:389.62M (Peak 533.62M) | Time:00:34.99 | Mem:244.35M, Peak:244.35M | Scene, ViewLayer | Sample 24/24
Fra:14 Mem:389.62M (Peak 533.62M) | Time:00:34.99 | Mem:244.35M, Peak:244.35M | Scene, ViewLayer | Finished
Saved: '/Users/um-yunsang/CHOOGuard/art/blender/response-set-contact.png'
Time: 00:35.32 (Saving: 00:00.32)

Fra:14 Mem:75.36M (Peak 75.36M) | Time:00:00.03 | Mem:0.00M, Peak:0.00M | Scene, ViewLayer | Synchronizing object | Area
Fra:14 Mem:75.36M (Peak 75.36M) | Time:00:00.03 | Mem:0.00M, Peak:0.00M | Scene, ViewLayer | Synchronizing object | Glazed bay.001
Fra:14 Mem:75.39M (Peak 75.39M) | Time:00:00.03 | Mem:0.00M, Peak:0.00M | Scene, ViewLayer | Synchronizing object | Glazed bay.002
Fra:14 Mem:75.40M (Peak 75.40M) | Time:00:00.03 | Mem:0.00M, Peak:0.00M | Scene, ViewLayer | Synchronizing object | Horizontal mullion
Fra:14 Mem:75.41M (Peak 75.41M) | Time:00:00.03 | Mem:0.00M, Peak:0.00M | Scene, ViewLayer | Synchronizing object | Horizontal mullion.003
Fra:14 Mem:75.41M (Peak 75.41M) | Time:00:00.03 | Mem:0.00M, Peak:0.00M | Scene, ViewLayer | Synchronizing object | Horizontal mullion.004
Fra:14 Mem:75.41M (Peak 75.41M) | Time:00:00.03 | Mem:0.00M, Peak:0.00M | Scene, ViewLayer | Synchronizing object | Horizontal mullion.005
Fra:14 Mem:75.42M (Peak 75.42M) | Time:00:00.03 | Mem:0.00M, Peak:0.00M | Scene, ViewLayer | Synchronizing object | Horizontal mullion.006
Fra:14 Mem:75.42M (Peak 75.42M) | Time:00:00.03 | Mem:0.00M, Peak:0.00M | Scene, ViewLayer | Synchronizing object | Vertical mullion
Fra:14 Mem:75.42M (Peak 75.42M) | Time:00:00.03 | Mem:0.00M, Peak:0.00M | Scene, ViewLayer | Synchronizing object | Vertical mullion.002
Fra:14 Mem:75.43M (Peak 75.43M) | Time:00:00.03 | Mem:0.00M, Peak:0.00M | Scene, ViewLayer | Synchronizing object | Primary rib
Fra:14 Mem:75.43M (Peak 75.43M) | Time:00:00.03 | Mem:0.00M, Peak:0.00M | Scene, ViewLayer | Synchronizing object | Curved eave panel
Fra:14 Mem:75.44M (Peak 75.44M) | Time:00:00.03 | Mem:0.00M, Peak:0.00M | Scene, ViewLayer | Synchronizing object | Stone terrace
Fra:14 Mem:75.46M (Peak 75.46M) | Time:00:00.03 | Mem:0.00M, Peak:0.00M | Scene, ViewLayer | Synchronizing object | Glazed bay.003
Fra:14 Mem:75.46M (Peak 75.46M) | Time:00:00.03 | Mem:0.00M, Peak:0.00M | Scene, ViewLayer | Synchronizing object | Glazed bay.005
Fra:14 Mem:75.50M (Peak 75.50M) | Time:00:00.03 | Mem:0.00M, Peak:0.00M | Scene, ViewLayer | Synchronizing object | Horizontal mullion.007
Fra:14 Mem:75.50M (Peak 75.50M) | Time:00:00.03 | Mem:0.00M, Peak:0.00M | Scene, ViewLayer | Synchronizing object | Horizontal mullion.008
Fra:14 Mem:75.50M (Peak 75.50M) | Time:00:00.03 | Mem:0.00M, Peak:0.00M | Scene, ViewLayer | Synchronizing object | Horizontal mullion.009
Fra:14 Mem:75.50M (Peak 75.50M) | Time:00:00.03 | Mem:0.00M, Peak:0.00M | Scene, ViewLayer | Synchronizing object | Horizontal mullion.011
Fra:14 Mem:75.51M (Peak 75.51M) | Time:00:00.03 | Mem:0.00M, Peak:0.00M | Scene, ViewLayer | Synchronizing object | Horizontal mullion.012
Fra:14 Mem:75.51M (Peak 75.51M) | Time:00:00.03 | Mem:0.00M, Peak:0.00M | Scene, ViewLayer | Synchronizing object | Horizontal mullion.013
Fra:14 Mem:75.51M (Peak 75.51M) | Time:00:00.03 | Mem:0.00M, Peak:0.00M | Scene, ViewLayer | Synchronizing object | Vertical mullion.004
Fra:14 Mem:75.52M (Peak 75.52M) | Time:00:00.03 | Mem:0.00M, Peak:0.00M | Scene, ViewLayer | Synchronizing object | Vertical mullion.005
Fra:14 Mem:75.52M (Peak 75.52M) | Time:00:00.03 | Mem:0.00M, Peak:0.00M | Scene, ViewLayer | Synchronizing object | Vertical mullion.006
Fra:14 Mem:75.53M (Peak 75.53M) | Time:00:00.03 | Mem:0.00M, Peak:0.00M | Scene, ViewLayer | Synchronizing object | Vertical mullion.007
Fra:14 Mem:75.53M (Peak 75.53M) | Time:00:00.03 | Mem:0.00M, Peak:0.00M | Scene, ViewLayer | Synchronizing object | Eave silver edge.001
Fra:14 Mem:75.53M (Peak 75.53M) | Time:00:00.03 | Mem:0.00M, Peak:0.00M | Scene, ViewLayer | Synchronizing object | Roof rib.001
Fra:14 Mem:75.53M (Peak 75.53M) | Time:00:00.03 | Mem:0.00M, Peak:0.00M | Scene, ViewLayer | Synchronizing object | Stone terrace.001
Fra:14 Mem:75.54M (Peak 75.54M) | Time:00:00.03 | Mem:0.00M, Peak:0.00M | Scene, ViewLayer | Synchronizing object | Entrance door
Fra:14 Mem:75.54M (Peak 75.54M) | Time:00:00.03 | Mem:0.00M, Peak:0.00M | Scene, ViewLayer | Synchronizing object | Door glazing
Fra:14 Mem:75.59M (Peak 75.59M) | Time:00:00.03 | Mem:0.00M, Peak:0.00M | Scene, ViewLayer | Synchronizing object | Door handle
Fra:14 Mem:75.60M (Peak 75.60M) | Time:00:00.03 | Mem:0.00M, Peak:0.00M | Scene, ViewLayer | Synchronizing object | Entrance door.001
Fra:14 Mem:75.58M (Peak 75.60M) | Time:00:00.03 | Mem:0.00M, Peak:0.00M | Scene, ViewLayer | Synchronizing object | Door handle.001
Fra:14 Mem:75.61M (Peak 75.61M) | Time:00:00.03 | Mem:0.00M, Peak:0.00M | Scene, ViewLayer | Synchronizing object | Entrance canopy
Fra:14 Mem:75.63M (Peak 75.63M) | Time:00:00.03 | Mem:0.00M, Peak:0.00M | Scene, ViewLayer | Synchronizing object | Canopy column
Fra:14 Mem:75.64M (Peak 75.64M) | Time:00:00.03 | Mem:0.00M, Peak:0.00M | Scene, ViewLayer | Synchronizing object | Canopy column.001
Fra:14 Mem:75.64M (Peak 75.64M) | Time:00:00.03 | Mem:0.00M, Peak:0.00M | Scene, ViewLayer | Synchronizing object | Terrace stairs
Fra:14 Mem:75.65M (Peak 75.65M) | Time:00:00.03 | Mem:0.00M, Peak:0.00M | Scene, ViewLayer | Synchronizing object | Terrace stairs.002
Fra:14 Mem:75.65M (Peak 75.65M) | Time:00:00.03 | Mem:0.00M, Peak:0.00M | Scene, ViewLayer | Synchronizing object | Terrace stairs.003
Fra:14 Mem:75.69M (Peak 75.69M) | Time:00:00.03 | Mem:0.00M, Peak:0.00M | Scene, ViewLayer | Synchronizing object | Terrace stairs.004
Fra:14 Mem:75.70M (Peak 75.70M) | Time:00:00.03 | Mem:0.00M, Peak:0.00M | Scene, ViewLayer | Synchronizing object | Terrace stairs.005
Fra:14 Mem:75.72M (Peak 75.72M) | Time:00:00.03 | Mem:0.00M, Peak:0.00M | Scene, ViewLayer | Synchronizing object | Terrace stairs.006
Fra:14 Mem:75.73M (Peak 75.73M) | Time:00:00.03 | Mem:0.00M, Peak:0.00M | Scene, ViewLayer | Synchronizing object | Terrace stairs.007
Fra:14 Mem:75.75M (Peak 75.75M) | Time:00:00.03 | Mem:0.00M, Peak:0.00M | Scene, ViewLayer | Synchronizing object | Glazed bay.006
Fra:14 Mem:75.76M (Peak 75.76M) | Time:00:00.03 | Mem:0.00M, Peak:0.00M | Scene, ViewLayer | Synchronizing object | Glazed bay.007
Fra:14 Mem:75.78M (Peak 75.78M) | Time:00:00.03 | Mem:0.00M, Peak:0.00M | Scene, ViewLayer | Synchronizing object | Glazed bay.008
Fra:14 Mem:75.79M (Peak 75.79M) | Time:00:00.03 | Mem:0.00M, Peak:0.00M | Scene, ViewLayer | Synchronizing object | Horizontal mullion.014
Fra:14 Mem:75.79M (Peak 75.79M) | Time:00:00.03 | Mem:0.00M, Peak:0.00M | Scene, ViewLayer | Synchronizing object | Horizontal mullion.015
Fra:14 Mem:75.79M (Peak 75.79M) | Time:00:00.03 | Mem:0.00M, Peak:0.00M | Scene, ViewLayer | Synchronizing object | Horizontal mullion.016
Fra:14 Mem:75.79M (Peak 75.79M) | Time:00:00.03 | Mem:0.00M, Peak:0.00M | Scene, ViewLayer | Synchronizing object | Horizontal mullion.017
Fra:14 Mem:75.79M (Peak 75.79M) | Time:00:00.03 | Mem:0.00M, Peak:0.00M | Scene, ViewLayer | Synchronizing object | Horizontal mullion.019
Fra:14 Mem:75.79M (Peak 75.79M) | Time:00:00.03 | Mem:0.00M, Peak:0.00M | Scene, ViewLayer | Synchronizing object | Horizontal mullion.020
Fra:14 Mem:75.80M (Peak 75.80M) | Time:00:00.03 | Mem:0.00M, Peak:0.00M | Scene, ViewLayer | Synchronizing object | Vertical mullion.008
Fra:14 Mem:75.80M (Peak 75.80M) | Time:00:00.03 | Mem:0.00M, Peak:0.00M | Scene, ViewLayer | Synchronizing object | Vertical mullion.009
Fra:14 Mem:75.80M (Peak 75.80M) | Time:00:00.03 | Mem:0.00M, Peak:0.00M | Scene, ViewLayer | Synchronizing object | Vertical mullion.010
Fra:14 Mem:75.81M (Peak 75.81M) | Time:00:00.03 | Mem:0.00M, Peak:0.00M | Scene, ViewLayer | Synchronizing object | Vertical mullion.012
Fra:14 Mem:75.81M (Peak 75.81M) | Time:00:00.03 | Mem:0.00M, Peak:0.00M | Scene, ViewLayer | Synchronizing object | Primary rib.002
Fra:14 Mem:75.81M (Peak 75.81M) | Time:00:00.03 | Mem:0.00M, Peak:0.00M | Scene, ViewLayer | Synchronizing object | Curved eave panel.002
Fra:14 Mem:75.82M (Peak 75.82M) | Time:00:00.03 | Mem:0.00M, Peak:0.00M | Scene, ViewLayer | Synchronizing object | Eave silver edge.002
Fra:14 Mem:75.82M (Peak 75.82M) | Time:00:00.03 | Mem:0.00M, Peak:0.00M | Scene, ViewLayer | Synchronizing object | Roof rib.002
Fra:14 Mem:75.82M (Peak 75.82M) | Time:00:00.03 | Mem:0.00M, Peak:0.00M | Scene, ViewLayer | Synchronizing object | Glazed bay.009
Fra:14 Mem:75.86M (Peak 75.86M) | Time:00:00.03 | Mem:0.00M, Peak:0.00M | Scene, ViewLayer | Synchronizing object | Glazed bay.010
Fra:14 Mem:75.87M (Peak 75.87M) | Time:00:00.03 | Mem:0.00M, Peak:0.00M | Scene, ViewLayer | Synchronizing object | Glazed bay.011
Fra:14 Mem:75.89M (Peak 75.89M) | Time:00:00.03 | Mem:0.00M, Peak:0.00M | Scene, ViewLayer | Synchronizing object | Horizontal mullion.021
Fra:14 Mem:75.89M (Peak 75.89M) | Time:00:00.03 | Mem:0.00M, Peak:0.00M | Scene, ViewLayer | Synchronizing object | Horizontal mullion.022
Fra:14 Mem:75.90M (Peak 75.90M) | Time:00:00.03 | Mem:0.00M, Peak:0.00M | Scene, ViewLayer | Synchronizing object | Horizontal mullion.023
Fra:14 Mem:75.89M (Peak 75.90M) | Time:00:00.03 | Mem:0.00M, Peak:0.00M | Scene, ViewLayer | Synchronizing object | Horizontal mullion.025
Fra:14 Mem:75.89M (Peak 75.90M) | Time:00:00.03 | Mem:0.00M, Peak:0.00M | Scene, ViewLayer | Synchronizing object | Horizontal mullion.026
Fra:14 Mem:75.89M (Peak 75.90M) | Time:00:00.03 | Mem:0.00M, Peak:0.00M | Scene, ViewLayer | Synchronizing object | Horizontal mullion.027
Fra:14 Mem:75.89M (Peak 75.90M) | Time:00:00.03 | Mem:0.00M, Peak:0.00M | Scene, ViewLayer | Synchronizing object | Vertical mullion.013
Fra:14 Mem:75.90M (Peak 75.90M) | Time:00:00.03 | Mem:0.00M, Peak:0.00M | Scene, ViewLayer | Synchronizing object | Vertical mullion.014
Fra:14 Mem:75.90M (Peak 75.90M) | Time:00:00.03 | Mem:0.00M, Peak:0.00M | Scene, ViewLayer | Synchronizing object | Vertical mullion.015
Fra:14 Mem:75.90M (Peak 75.90M) | Time:00:00.03 | Mem:0.00M, Peak:0.00M | Scene, ViewLayer | Synchronizing object | Vertical mullion.016
Fra:14 Mem:75.90M (Peak 75.91M) | Time:00:00.03 | Mem:0.00M, Peak:0.00M | Scene, ViewLayer | Synchronizing object | Vertical mullion.017
Fra:14 Mem:75.91M (Peak 75.91M) | Time:00:00.03 | Mem:0.00M, Peak:0.00M | Scene, ViewLayer | Synchronizing object | Primary rib.003
Fra:14 Mem:75.91M (Peak 75.91M) | Time:00:00.03 | Mem:0.00M, Peak:0.00M | Scene, ViewLayer | Synchronizing object | Curved eave panel.003
Fra:14 Mem:75.92M (Peak 75.92M) | Time:00:00.03 | Mem:0.00M, Peak:0.00M | Scene, ViewLayer | Synchronizing object | Roof rib.003
Fra:14 Mem:75.92M (Peak 75.92M) | Time:00:00.03 | Mem:0.00M, Peak:0.00M | Scene, ViewLayer | Synchronizing object | Stone terrace.003
Fra:14 Mem:75.93M (Peak 75.93M) | Time:00:00.03 | Mem:0.00M, Peak:0.00M | Scene, ViewLayer | Synchronizing object | Glazed bay.012
Fra:14 Mem:75.96M (Peak 75.96M) | Time:00:00.03 | Mem:0.00M, Peak:0.00M | Scene, ViewLayer | Synchronizing object | Glazed bay.013
Fra:14 Mem:75.96M (Peak 75.96M) | Time:00:00.03 | Mem:0.00M, Peak:0.00M | Scene, ViewLayer | Synchronizing object | Glazed bay.014
Fra:14 Mem:75.98M (Peak 75.98M) | Time:00:00.03 | Mem:0.00M, Peak:0.00M | Scene, ViewLayer | Synchronizing object | Horizontal mullion.028
Fra:14 Mem:76.00M (Peak 76.00M) | Time:00:00.03 | Mem:0.00M, Peak:0.00M | Scene, ViewLayer | Synchronizing object | Horizontal mullion.029
Fra:14 Mem:75.98M (Peak 76.00M) | Time:00:00.03 | Mem:0.00M, Peak:0.00M | Scene, ViewLayer | Synchronizing object | Horizontal mullion.030
Fra:14 Mem:75.98M (Peak 76.00M) | Time:00:00.03 | Mem:0.00M, Peak:0.00M | Scene, ViewLayer | Synchronizing object | Horizontal mullion.033
Fra:14 Mem:75.99M (Peak 76.00M) | Time:00:00.03 | Mem:0.00M, Peak:0.00M | Scene, ViewLayer | Synchronizing object | Horizontal mullion.034
Fra:14 Mem:75.99M (Peak 76.00M) | Time:00:00.03 | Mem:0.00M, Peak:0.00M | Scene, ViewLayer | Synchronizing object | Vertical mullion.018
Fra:14 Mem:76.00M (Peak 76.00M) | Time:00:00.03 | Mem:0.00M, Peak:0.00M | Scene, ViewLayer | Synchronizing object | Vertical mullion.019
Fra:14 Mem:76.00M (Peak 76.00M) | Time:00:00.03 | Mem:0.00M, Peak:0.00M | Scene, ViewLayer | Synchronizing object | Vertical mullion.022
Fra:14 Mem:76.00M (Peak 76.00M) | Time:00:00.03 | Mem:0.00M, Peak:0.00M | Scene, ViewLayer | Synchronizing object | Primary rib.004
Fra:14 Mem:76.01M (Peak 76.01M) | Time:00:00.03 | Mem:0.00M, Peak:0.00M | Scene, ViewLayer | Synchronizing object | Curved eave panel.004
Fra:14 Mem:76.01M (Peak 76.01M) | Time:00:00.03 | Mem:0.00M, Peak:0.00M | Scene, ViewLayer | Synchronizing object | Eave silver edge.004
Fra:14 Mem:76.01M (Peak 76.01M) | Time:00:00.03 | Mem:0.00M, Peak:0.00M | Scene, ViewLayer | Synchronizing object | Roof rib.004
Fra:14 Mem:76.01M (Peak 76.01M) | Time:00:00.03 | Mem:0.00M, Peak:0.00M | Scene, ViewLayer | Synchronizing object | Stone terrace.004
Fra:14 Mem:76.02M (Peak 76.02M) | Time:00:00.03 | Mem:0.00M, Peak:0.00M | Scene, ViewLayer | Synchronizing object | Entrance door.002
Fra:14 Mem:76.06M (Peak 76.06M) | Time:00:00.03 | Mem:0.00M, Peak:0.00M | Scene, ViewLayer | Synchronizing object | Door glazing.002
Fra:14 Mem:76.07M (Peak 76.07M) | Time:00:00.03 | Mem:0.00M, Peak:0.00M | Scene, ViewLayer | Synchronizing object | Door handle.002
Fra:14 Mem:76.07M (Peak 76.07M) | Time:00:00.03 | Mem:0.00M, Peak:0.00M | Scene, ViewLayer | Synchronizing object | Entrance door.003
Fra:14 Mem:76.07M (Peak 76.07M) | Time:00:00.03 | Mem:0.00M, Peak:0.00M | Scene, ViewLayer | Synchronizing object | Door handle.003
Fra:14 Mem:76.08M (Peak 76.08M) | Time:00:00.03 | Mem:0.00M, Peak:0.00M | Scene, ViewLayer | Synchronizing object | Entrance canopy.001
Fra:14 Mem:76.11M (Peak 76.11M) | Time:00:00.03 | Mem:0.00M, Peak:0.00M | Scene, ViewLayer | Synchronizing object | Canopy column.002
Fra:14 Mem:76.12M (Peak 76.12M) | Time:00:00.03 | Mem:0.00M, Peak:0.00M | Scene, ViewLayer | Synchronizing object | Canopy column.003
Fra:14 Mem:76.12M (Peak 76.12M) | Time:00:00.03 | Mem:0.00M, Peak:0.00M | Scene, ViewLayer | Synchronizing object | Terrace stairs.008
Fra:14 Mem:76.12M (Peak 76.12M) | Time:00:00.03 | Mem:0.00M, Peak:0.00M | Scene, ViewLayer | Synchronizing object | Terrace stairs.009
Fra:14 Mem:76.15M (Peak 76.15M) | Time:00:00.03 | Mem:0.00M, Peak:0.00M | Scene, ViewLayer | Synchronizing object | Terrace stairs.010
Fra:14 Mem:76.17M (Peak 76.17M) | Time:00:00.03 | Mem:0.00M, Peak:0.00M | Scene, ViewLayer | Synchronizing object | Terrace stairs.011
Fra:14 Mem:76.18M (Peak 76.18M) | Time:00:00.03 | Mem:0.00M, Peak:0.00M | Scene, ViewLayer | Synchronizing object | Terrace stairs.012
Fra:14 Mem:76.19M (Peak 76.19M) | Time:00:00.03 | Mem:0.00M, Peak:0.00M | Scene, ViewLayer | Synchronizing object | Terrace stairs.013
Fra:14 Mem:76.21M (Peak 76.21M) | Time:00:00.03 | Mem:0.00M, Peak:0.00M | Scene, ViewLayer | Synchronizing object | Terrace stairs.014
Fra:14 Mem:76.22M (Peak 76.22M) | Time:00:00.03 | Mem:0.00M, Peak:0.00M | Scene, ViewLayer | Synchronizing object | Terrace stairs.015
Fra:14 Mem:76.23M (Peak 76.23M) | Time:00:00.03 | Mem:0.00M, Peak:0.00M | Scene, ViewLayer | Synchronizing object | Glazed bay.015
Fra:14 Mem:76.25M (Peak 76.25M) | Time:00:00.03 | Mem:0.00M, Peak:0.00M | Scene, ViewLayer | Synchronizing object | Glazed bay.016
Fra:14 Mem:76.27M (Peak 76.27M) | Time:00:00.03 | Mem:0.00M, Peak:0.00M | Scene, ViewLayer | Synchronizing object | Glazed bay.017
Fra:14 Mem:76.27M (Peak 76.27M) | Time:00:00.03 | Mem:0.00M, Peak:0.00M | Scene, ViewLayer | Synchronizing object | Horizontal mullion.035
Fra:14 Mem:76.30M (Peak 76.30M) | Time:00:00.03 | Mem:0.00M, Peak:0.00M | Scene, ViewLayer | Synchronizing object | Horizontal mullion.036
Fra:14 Mem:76.27M (Peak 76.30M) | Time:00:00.03 | Mem:0.00M, Peak:0.00M | Scene, ViewLayer | Synchronizing object | Horizontal mullion.037
Fra:14 Mem:76.28M (Peak 76.30M) | Time:00:00.03 | Mem:0.00M, Peak:0.00M | Scene, ViewLayer | Synchronizing object | Horizontal mullion.039
Fra:14 Mem:76.28M (Peak 76.30M) | Time:00:00.03 | Mem:0.00M, Peak:0.00M | Scene, ViewLayer | Synchronizing object | Horizontal mullion.040
Fra:14 Mem:76.28M (Peak 76.30M) | Time:00:00.03 | Mem:0.00M, Peak:0.00M | Scene, ViewLayer | Synchronizing object | Vertical mullion.024
Fra:14 Mem:76.28M (Peak 76.30M) | Time:00:00.03 | Mem:0.00M, Peak:0.00M | Scene, ViewLayer | Synchronizing object | Vertical mullion.025
Fra:14 Mem:76.29M (Peak 76.30M) | Time:00:00.03 | Mem:0.00M, Peak:0.00M | Scene, ViewLayer | Synchronizing object | Vertical mullion.026
Fra:14 Mem:76.29M (Peak 76.30M) | Time:00:00.03 | Mem:0.00M, Peak:0.00M | Scene, ViewLayer | Synchronizing object | Vertical mullion.027
Fra:14 Mem:76.29M (Peak 76.30M) | Time:00:00.03 | Mem:0.00M, Peak:0.00M | Scene, ViewLayer | Synchronizing object | Primary rib.005
Fra:14 Mem:76.30M (Peak 76.30M) | Time:00:00.03 | Mem:0.00M, Peak:0.00M | Scene, ViewLayer | Synchronizing object | Curved eave panel.005
Fra:14 Mem:76.30M (Peak 76.30M) | Time:00:00.03 | Mem:0.00M, Peak:0.00M | Scene, ViewLayer | Synchronizing object | Eave silver edge.005
Fra:14 Mem:76.30M (Peak 76.30M) | Time:00:00.03 | Mem:0.00M, Peak:0.00M | Scene, ViewLayer | Synchronizing object | Stone terrace.005
Fra:14 Mem:76.33M (Peak 76.33M) | Time:00:00.03 | Mem:0.00M, Peak:0.00M | Scene, ViewLayer | Synchronizing object | Glazed bay.018
Fra:14 Mem:76.33M (Peak 76.33M) | Time:00:00.03 | Mem:0.00M, Peak:0.00M | Scene, ViewLayer | Synchronizing object | Glazed bay.020
Fra:14 Mem:76.38M (Peak 76.38M) | Time:00:00.03 | Mem:0.00M, Peak:0.00M | Scene, ViewLayer | Synchronizing object | Horizontal mullion.042
Fra:14 Mem:76.37M (Peak 76.38M) | Time:00:00.03 | Mem:0.00M, Peak:0.00M | Scene, ViewLayer | Synchronizing object | Horizontal mullion.043
Fra:14 Mem:76.37M (Peak 76.38M) | Time:00:00.03 | Mem:0.00M, Peak:0.00M | Scene, ViewLayer | Synchronizing object | Horizontal mullion.045
Fra:14 Mem:76.37M (Peak 76.38M) | Time:00:00.03 | Mem:0.00M, Peak:0.00M | Scene, ViewLayer | Synchronizing object | Horizontal mullion.046
Fra:14 Mem:76.37M (Peak 76.38M) | Time:00:00.03 | Mem:0.00M, Peak:0.00M | Scene, ViewLayer | Synchronizing object | Horizontal mullion.047
Fra:14 Mem:76.38M (Peak 76.38M) | Time:00:00.03 | Mem:0.00M, Peak:0.00M | Scene, ViewLayer | Synchronizing object | Horizontal mullion.048
Fra:14 Mem:76.38M (Peak 76.38M) | Time:00:00.03 | Mem:0.00M, Peak:0.00M | Scene, ViewLayer | Synchronizing object | Vertical mullion.028
Fra:14 Mem:76.38M (Peak 76.38M) | Time:00:00.03 | Mem:0.00M, Peak:0.00M | Scene, ViewLayer | Synchronizing object | Vertical mullion.029
Fra:14 Mem:76.38M (Peak 76.38M) | Time:00:00.03 | Mem:0.00M, Peak:0.00M | Scene, ViewLayer | Synchronizing object | Primary rib.006
Fra:14 Mem:76.39M (Peak 76.39M) | Time:00:00.03 | Mem:0.00M, Peak:0.00M | Scene, ViewLayer | Synchronizing object | Curved eave panel.006
Fra:14 Mem:76.39M (Peak 76.39M) | Time:00:00.03 | Mem:0.00M, Peak:0.00M | Scene, ViewLayer | Synchronizing object | Eave silver edge.006
Fra:14 Mem:76.39M (Peak 76.39M) | Time:00:00.03 | Mem:0.00M, Peak:0.00M | Scene, ViewLayer | Synchronizing object | Roof rib.006
Fra:14 Mem:76.39M (Peak 76.39M) | Time:00:00.03 | Mem:0.00M, Peak:0.00M | Scene, ViewLayer | Synchronizing object | Stone terrace.006
Fra:14 Mem:76.40M (Peak 76.40M) | Time:00:00.03 | Mem:0.00M, Peak:0.00M | Scene, ViewLayer | Synchronizing object | Glazed bay.021
Fra:14 Mem:76.43M (Peak 76.43M) | Time:00:00.03 | Mem:0.00M, Peak:0.00M | Scene, ViewLayer | Synchronizing object | Glazed bay.022
Fra:14 Mem:76.45M (Peak 76.45M) | Time:00:00.03 | Mem:0.00M, Peak:0.00M | Scene, ViewLayer | Synchronizing object | Glazed bay.023
Fra:14 Mem:76.46M (Peak 76.46M) | Time:00:00.03 | Mem:0.00M, Peak:0.00M | Scene, ViewLayer | Synchronizing object | Horizontal mullion.049
Fra:14 Mem:76.47M (Peak 76.47M) | Time:00:00.03 | Mem:0.00M, Peak:0.00M | Scene, ViewLayer | Synchronizing object | Horizontal mullion.050
Fra:14 Mem:76.46M (Peak 76.47M) | Time:00:00.03 | Mem:0.00M, Peak:0.00M | Scene, ViewLayer | Synchronizing object | Horizontal mullion.051
Fra:14 Mem:76.46M (Peak 76.47M) | Time:00:00.03 | Mem:0.00M, Peak:0.00M | Scene, ViewLayer | Synchronizing object | Horizontal mullion.053
Fra:14 Mem:76.46M (Peak 76.47M) | Time:00:00.03 | Mem:0.00M, Peak:0.00M | Scene, ViewLayer | Synchronizing object | Horizontal mullion.054
Fra:14 Mem:76.47M (Peak 76.47M) | Time:00:00.03 | Mem:0.00M, Peak:0.00M | Scene, ViewLayer | Synchronizing object | Vertical mullion.030
Fra:14 Mem:76.47M (Peak 76.47M) | Time:00:00.03 | Mem:0.00M, Peak:0.00M | Scene, ViewLayer | Synchronizing object | Vertical mullion.031
Fra:14 Mem:76.48M (Peak 76.48M) | Time:00:00.03 | Mem:0.00M, Peak:0.00M | Scene, ViewLayer | Synchronizing object | Eave silver edge.007
Fra:14 Mem:76.48M (Peak 76.48M) | Time:00:00.03 | Mem:0.00M, Peak:0.00M | Scene, ViewLayer | Synchronizing object | Roof rib.007
Fra:14 Mem:76.48M (Peak 76.48M) | Time:00:00.03 | Mem:0.00M, Peak:0.00M | Scene, ViewLayer | Synchronizing object | Stone terrace.007
Fra:14 Mem:76.51M (Peak 76.51M) | Time:00:00.03 | Mem:0.00M, Peak:0.00M | Scene, ViewLayer | Synchronizing object | Entrance door.004
Fra:14 Mem:76.53M (Peak 76.53M) | Time:00:00.03 | Mem:0.00M, Peak:0.00M | Scene, ViewLayer | Synchronizing object | Door glazing.004
Fra:14 Mem:76.52M (Peak 76.53M) | Time:00:00.03 | Mem:0.00M, Peak:0.00M | Scene, ViewLayer | Synchronizing object | Door handle.004
Fra:14 Mem:76.53M (Peak 76.53M) | Time:00:00.03 | Mem:0.00M, Peak:0.00M | Scene, ViewLayer | Synchronizing object | Entrance door.005
Fra:14 Mem:76.55M (Peak 76.55M) | Time:00:00.03 | Mem:0.00M, Peak:0.00M | Scene, ViewLayer | Synchronizing object | Door glazing.005
Fra:14 Mem:76.57M (Peak 76.57M) | Time:00:00.03 | Mem:0.00M, Peak:0.00M | Scene, ViewLayer | Synchronizing object | Door handle.005
Fra:14 Mem:76.57M (Peak 76.57M) | Time:00:00.03 | Mem:0.00M, Peak:0.00M | Scene, ViewLayer | Synchronizing object | Entrance canopy.002
Fra:14 Mem:76.58M (Peak 76.58M) | Time:00:00.03 | Mem:0.00M, Peak:0.00M | Scene, ViewLayer | Synchronizing object | Canopy column.004
Fra:14 Mem:76.58M (Peak 76.58M) | Time:00:00.03 | Mem:0.00M, Peak:0.00M | Scene, ViewLayer | Synchronizing object | Canopy column.005
Fra:14 Mem:76.59M (Peak 76.59M) | Time:00:00.03 | Mem:0.00M, Peak:0.00M | Scene, ViewLayer | Synchronizing object | Terrace stairs.017
Fra:14 Mem:76.60M (Peak 76.60M) | Time:00:00.03 | Mem:0.00M, Peak:0.00M | Scene, ViewLayer | Synchronizing object | Terrace stairs.018
Fra:14 Mem:76.63M (Peak 76.63M) | Time:00:00.03 | Mem:0.00M, Peak:0.00M | Scene, ViewLayer | Synchronizing object | Terrace stairs.019
Fra:14 Mem:76.65M (Peak 76.65M) | Time:00:00.03 | Mem:0.00M, Peak:0.00M | Scene, ViewLayer | Synchronizing object | Terrace stairs.020
Fra:14 Mem:76.65M (Peak 76.65M) | Time:00:00.03 | Mem:0.00M, Peak:0.00M | Scene, ViewLayer | Synchronizing object | Terrace stairs.021
Fra:14 Mem:76.67M (Peak 76.67M) | Time:00:00.03 | Mem:0.00M, Peak:0.00M | Scene, ViewLayer | Synchronizing object | Terrace stairs.022
Fra:14 Mem:76.70M (Peak 76.70M) | Time:00:00.03 | Mem:0.00M, Peak:0.00M | Scene, ViewLayer | Synchronizing object | Terrace stairs.023
Fra:14 Mem:76.69M (Peak 76.70M) | Time:00:00.03 | Mem:0.00M, Peak:0.00M | Scene, ViewLayer | Synchronizing object | Glazed bay.024
Fra:14 Mem:76.72M (Peak 76.72M) | Time:00:00.03 | Mem:0.00M, Peak:0.00M | Scene, ViewLayer | Synchronizing object | Glazed bay.025
Fra:14 Mem:76.74M (Peak 76.74M) | Time:00:00.03 | Mem:0.00M, Peak:0.00M | Scene, ViewLayer | Synchronizing object | Glazed bay.026
Fra:14 Mem:76.72M (Peak 76.74M) | Time:00:00.03 | Mem:0.00M, Peak:0.00M | Scene, ViewLayer | Synchronizing object | Horizontal mullion.056
Fra:14 Mem:76.74M (Peak 76.74M) | Time:00:00.03 | Mem:0.00M, Peak:0.00M | Scene, ViewLayer | Synchronizing object | Horizontal mullion.057
Fra:14 Mem:76.74M (Peak 76.74M) | Time:00:00.03 | Mem:0.00M, Peak:0.00M | Scene, ViewLayer | Synchronizing object | Horizontal mullion.058
Fra:14 Mem:76.75M (Peak 76.75M) | Time:00:00.03 | Mem:0.00M, Peak:0.00M | Scene, ViewLayer | Synchronizing object | Horizontal mullion.060
Fra:14 Mem:76.74M (Peak 76.75M) | Time:00:00.03 | Mem:0.00M, Peak:0.00M | Scene, ViewLayer | Synchronizing object | Horizontal mullion.061
Fra:14 Mem:76.75M (Peak 76.75M) | Time:00:00.03 | Mem:0.00M, Peak:0.00M | Scene, ViewLayer | Synchronizing object | Vertical mullion.032
Fra:14 Mem:76.75M (Peak 76.75M) | Time:00:00.03 | Mem:0.00M, Peak:0.00M | Scene, ViewLayer | Synchronizing object | Vertical mullion.033
Fra:14 Mem:76.75M (Peak 76.75M) | Time:00:00.03 | Mem:0.00M, Peak:0.00M | Scene, ViewLayer | Synchronizing object | Primary rib.008
Fra:14 Mem:76.76M (Peak 76.76M) | Time:00:00.03 | Mem:0.00M, Peak:0.00M | Scene, ViewLayer | Synchronizing object | Curved eave panel.008
Fra:14 Mem:76.76M (Peak 76.76M) | Time:00:00.03 | Mem:0.00M, Peak:0.00M | Scene, ViewLayer | Synchronizing object | Eave silver edge.008
Fra:14 Mem:76.76M (Peak 76.76M) | Time:00:00.03 | Mem:0.00M, Peak:0.00M | Scene, ViewLayer | Synchronizing object | Roof rib.008
Fra:14 Mem:76.76M (Peak 76.76M) | Time:00:00.03 | Mem:0.00M, Peak:0.00M | Scene, ViewLayer | Synchronizing object | Stone terrace.008
Fra:14 Mem:76.79M (Peak 76.79M) | Time:00:00.03 | Mem:0.00M, Peak:0.00M | Scene, ViewLayer | Synchronizing object | Glazed bay.027
Fra:14 Mem:76.79M (Peak 76.79M) | Time:00:00.03 | Mem:0.00M, Peak:0.00M | Scene, ViewLayer | Synchronizing object | Glazed bay.028
Fra:14 Mem:76.82M (Peak 76.82M) | Time:00:00.03 | Mem:0.00M, Peak:0.00M | Scene, ViewLayer | Synchronizing object | Glazed bay.029
Fra:14 Mem:76.84M (Peak 76.84M) | Time:00:00.03 | Mem:0.00M, Peak:0.00M | Scene, ViewLayer | Synchronizing object | Horizontal mullion.063
Fra:14 Mem:76.83M (Peak 76.84M) | Time:00:00.03 | Mem:0.00M, Peak:0.00M | Scene, ViewLayer | Synchronizing object | Horizontal mullion.064
Fra:14 Mem:76.84M (Peak 76.84M) | Time:00:00.03 | Mem:0.00M, Peak:0.00M | Scene, ViewLayer | Synchronizing object | Horizontal mullion.065
Fra:14 Mem:76.83M (Peak 76.84M) | Time:00:00.03 | Mem:0.00M, Peak:0.00M | Scene, ViewLayer | Synchronizing object | Horizontal mullion.066
Fra:14 Mem:76.84M (Peak 76.84M) | Time:00:00.03 | Mem:0.00M, Peak:0.00M | Scene, ViewLayer | Synchronizing object | Horizontal mullion.069
Fra:14 Mem:76.84M (Peak 76.84M) | Time:00:00.03 | Mem:0.00M, Peak:0.00M | Scene, ViewLayer | Synchronizing object | Vertical mullion.034
Fra:14 Mem:76.84M (Peak 76.84M) | Time:00:00.03 | Mem:0.00M, Peak:0.00M | Scene, ViewLayer | Synchronizing object | Vertical mullion.036
Fra:14 Mem:76.85M (Peak 76.85M) | Time:00:00.03 | Mem:0.00M, Peak:0.00M | Scene, ViewLayer | Synchronizing object | Vertical mullion.037
Fra:14 Mem:76.85M (Peak 76.85M) | Time:00:00.03 | Mem:0.00M, Peak:0.00M | Scene, ViewLayer | Synchronizing object | Vertical mullion.038
Fra:14 Mem:76.85M (Peak 76.85M) | Time:00:00.03 | Mem:0.00M, Peak:0.00M | Scene, ViewLayer | Synchronizing object | Primary rib.009
Fra:14 Mem:76.86M (Peak 76.86M) | Time:00:00.03 | Mem:0.00M, Peak:0.00M | Scene, ViewLayer | Synchronizing object | Curved eave panel.009
Fra:14 Mem:76.86M (Peak 76.86M) | Time:00:00.03 | Mem:0.00M, Peak:0.00M | Scene, ViewLayer | Synchronizing object | Roof rib.009
Fra:14 Mem:76.86M (Peak 76.86M) | Time:00:00.03 | Mem:0.00M, Peak:0.00M | Scene, ViewLayer | Synchronizing object | Stone terrace.009
Fra:14 Mem:76.88M (Peak 76.88M) | Time:00:00.03 | Mem:0.00M, Peak:0.00M | Scene, ViewLayer | Synchronizing object | Glazed bay.030
Fra:14 Mem:76.89M (Peak 76.89M) | Time:00:00.03 | Mem:0.00M, Peak:0.00M | Scene, ViewLayer | Synchronizing object | Glazed bay.031
Fra:14 Mem:76.92M (Peak 76.92M) | Time:00:00.03 | Mem:0.00M, Peak:0.00M | Scene, ViewLayer | Synchronizing object | Glazed bay.032
Fra:14 Mem:76.93M (Peak 76.93M) | Time:00:00.03 | Mem:0.00M, Peak:0.00M | Scene, ViewLayer | Synchronizing object | Horizontal mullion.070
Fra:14 Mem:76.93M (Peak 76.93M) | Time:00:00.03 | Mem:0.00M, Peak:0.00M | Scene, ViewLayer | Synchronizing object | Horizontal mullion.071
Fra:14 Mem:76.93M (Peak 76.93M) | Time:00:00.03 | Mem:0.00M, Peak:0.00M | Scene, ViewLayer | Synchronizing object | Horizontal mullion.073
Fra:14 Mem:76.93M (Peak 76.93M) | Time:00:00.03 | Mem:0.00M, Peak:0.00M | Scene, ViewLayer | Synchronizing object | Horizontal mullion.074
Fra:14 Mem:76.93M (Peak 76.93M) | Time:00:00.03 | Mem:0.00M, Peak:0.00M | Scene, ViewLayer | Synchronizing object | Horizontal mullion.075
Fra:14 Mem:76.94M (Peak 76.94M) | Time:00:00.03 | Mem:0.00M, Peak:0.00M | Scene, ViewLayer | Synchronizing object | Horizontal mullion.076
Fra:14 Mem:76.94M (Peak 76.94M) | Time:00:00.03 | Mem:0.00M, Peak:0.00M | Scene, ViewLayer | Synchronizing object | Vertical mullion.039
Fra:14 Mem:76.95M (Peak 76.95M) | Time:00:00.03 | Mem:0.00M, Peak:0.00M | Scene, ViewLayer | Synchronizing object | Vertical mullion.041
Fra:14 Mem:76.96M (Peak 76.96M) | Time:00:00.03 | Mem:0.00M, Peak:0.00M | Scene, ViewLayer | Synchronizing object | Vertical mullion.043
Fra:14 Mem:76.96M (Peak 76.96M) | Time:00:00.03 | Mem:0.00M, Peak:0.00M | Scene, ViewLayer | Synchronizing object | Primary rib.010
Fra:14 Mem:76.96M (Peak 76.96M) | Time:00:00.03 | Mem:0.00M, Peak:0.00M | Scene, ViewLayer | Synchronizing object | Curved eave panel.010
Fra:14 Mem:76.96M (Peak 76.96M) | Time:00:00.03 | Mem:0.00M, Peak:0.00M | Scene, ViewLayer | Synchronizing object | Eave silver edge.010
Fra:14 Mem:76.97M (Peak 76.97M) | Time:00:00.03 | Mem:0.00M, Peak:0.00M | Scene, ViewLayer | Synchronizing object | Roof rib.010
Fra:14 Mem:76.97M (Peak 76.97M) | Time:00:00.03 | Mem:0.00M, Peak:0.00M | Scene, ViewLayer | Synchronizing object | Stone terrace.010
Fra:14 Mem:76.99M (Peak 76.99M) | Time:00:00.03 | Mem:0.00M, Peak:0.00M | Scene, ViewLayer | Synchronizing object | Entrance door.006
Fra:14 Mem:77.01M (Peak 77.01M) | Time:00:00.03 | Mem:0.00M, Peak:0.00M | Scene, ViewLayer | Synchronizing object | Door glazing.006
Fra:14 Mem:77.02M (Peak 77.02M) | Time:00:00.03 | Mem:0.00M, Peak:0.00M | Scene, ViewLayer | Synchronizing object | Door handle.006
Fra:14 Mem:77.04M (Peak 77.04M) | Time:00:00.03 | Mem:0.00M, Peak:0.00M | Scene, ViewLayer | Synchronizing object | Entrance door.007
Fra:14 Mem:77.04M (Peak 77.04M) | Time:00:00.03 | Mem:0.00M, Peak:0.00M | Scene, ViewLayer | Synchronizing object | Door glazing.007
Fra:14 Mem:77.06M (Peak 77.06M) | Time:00:00.03 | Mem:0.00M, Peak:0.00M | Scene, ViewLayer | Synchronizing object | Door handle.007
Fra:14 Mem:77.06M (Peak 77.06M) | Time:00:00.03 | Mem:0.00M, Peak:0.00M | Scene, ViewLayer | Synchronizing object | Entrance canopy.003
Fra:14 Mem:77.06M (Peak 77.06M) | Time:00:00.03 | Mem:0.00M, Peak:0.00M | Scene, ViewLayer | Synchronizing object | Canopy column.006
Fra:14 Mem:77.08M (Peak 77.08M) | Time:00:00.03 | Mem:0.00M, Peak:0.00M | Scene, ViewLayer | Synchronizing object | Canopy column.007
Fra:14 Mem:77.07M (Peak 77.08M) | Time:00:00.03 | Mem:0.00M, Peak:0.00M | Scene, ViewLayer | Synchronizing object | Terrace stairs.024
Fra:14 Mem:77.09M (Peak 77.09M) | Time:00:00.03 | Mem:0.00M, Peak:0.00M | Scene, ViewLayer | Synchronizing object | Terrace stairs.025
Fra:14 Mem:77.10M (Peak 77.10M) | Time:00:00.03 | Mem:0.00M, Peak:0.00M | Scene, ViewLayer | Synchronizing object | Terrace stairs.026
Fra:14 Mem:77.12M (Peak 77.12M) | Time:00:00.03 | Mem:0.00M, Peak:0.00M | Scene, ViewLayer | Synchronizing object | Terrace stairs.027
Fra:14 Mem:77.13M (Peak 77.13M) | Time:00:00.03 | Mem:0.00M, Peak:0.00M | Scene, ViewLayer | Synchronizing object | Terrace stairs.028
Fra:14 Mem:77.13M (Peak 77.13M) | Time:00:00.03 | Mem:0.00M, Peak:0.00M | Scene, ViewLayer | Synchronizing object | Terrace stairs.029
Fra:14 Mem:77.17M (Peak 77.17M) | Time:00:00.03 | Mem:0.00M, Peak:0.00M | Scene, ViewLayer | Synchronizing object | Terrace stairs.030
Fra:14 Mem:77.17M (Peak 77.17M) | Time:00:00.03 | Mem:0.00M, Peak:0.00M | Scene, ViewLayer | Synchronizing object | Terrace stairs.031
Fra:14 Mem:77.18M (Peak 77.18M) | Time:00:00.03 | Mem:0.00M, Peak:0.00M | Scene, ViewLayer | Synchronizing object | Glazed bay.033
Fra:14 Mem:77.21M (Peak 77.21M) | Time:00:00.03 | Mem:0.00M, Peak:0.00M | Scene, ViewLayer | Synchronizing object | Glazed bay.034
Fra:14 Mem:77.22M (Peak 77.22M) | Time:00:00.03 | Mem:0.00M, Peak:0.00M | Scene, ViewLayer | Synchronizing object | Glazed bay.035
Fra:14 Mem:77.21M (Peak 77.22M) | Time:00:00.03 | Mem:0.00M, Peak:0.00M | Scene, ViewLayer | Synchronizing object | Horizontal mullion.077
Fra:14 Mem:77.24M (Peak 77.24M) | Time:00:00.03 | Mem:0.00M, Peak:0.00M | Scene, ViewLayer | Synchronizing object | Horizontal mullion.078
Fra:14 Mem:77.23M (Peak 77.24M) | Time:00:00.03 | Mem:0.00M, Peak:0.00M | Scene, ViewLayer | Synchronizing object | Horizontal mullion.079
Fra:14 Mem:77.23M (Peak 77.24M) | Time:00:00.03 | Mem:0.00M, Peak:0.00M | Scene, ViewLayer | Synchronizing object | Horizontal mullion.080
Fra:14 Mem:77.25M (Peak 77.25M) | Time:00:00.03 | Mem:0.00M, Peak:0.00M | Scene, ViewLayer | Synchronizing object | Horizontal mullion.082
Fra:14 Mem:77.24M (Peak 77.25M) | Time:00:00.03 | Mem:0.00M, Peak:0.00M | Scene, ViewLayer | Synchronizing object | Horizontal mullion.083
Fra:14 Mem:77.24M (Peak 77.25M) | Time:00:00.03 | Mem:0.00M, Peak:0.00M | Scene, ViewLayer | Synchronizing object | Vertical mullion.045
Fra:14 Mem:77.24M (Peak 77.25M) | Time:00:00.03 | Mem:0.00M, Peak:0.00M | Scene, ViewLayer | Synchronizing object | Primary rib.011
Fra:14 Mem:77.25M (Peak 77.25M) | Time:00:00.03 | Mem:0.00M, Peak:0.00M | Scene, ViewLayer | Synchronizing object | Eave silver edge.011
Fra:14 Mem:77.25M (Peak 77.25M) | Time:00:00.03 | Mem:0.00M, Peak:0.00M | Scene, ViewLayer | Synchronizing object | Roof rib.011
Fra:14 Mem:77.25M (Peak 77.25M) | Time:00:00.03 | Mem:0.00M, Peak:0.00M | Scene, ViewLayer | Synchronizing object | Stone terrace.011
Fra:14 Mem:77.26M (Peak 77.26M) | Time:00:00.03 | Mem:0.00M, Peak:0.00M | Scene, ViewLayer | Synchronizing object | Glazed bay.036
Fra:14 Mem:77.30M (Peak 77.30M) | Time:00:00.03 | Mem:0.00M, Peak:0.00M | Scene, ViewLayer | Synchronizing object | Glazed bay.037
Fra:14 Mem:77.30M (Peak 77.30M) | Time:00:00.03 | Mem:0.00M, Peak:0.00M | Scene, ViewLayer | Synchronizing object | Glazed bay.038
Fra:14 Mem:77.31M (Peak 77.31M) | Time:00:00.03 | Mem:0.00M, Peak:0.00M | Scene, ViewLayer | Synchronizing object | Horizontal mullion.084
Fra:14 Mem:77.34M (Peak 77.34M) | Time:00:00.03 | Mem:0.00M, Peak:0.00M | Scene, ViewLayer | Synchronizing object | Horizontal mullion.085
Fra:14 Mem:77.31M (Peak 77.34M) | Time:00:00.03 | Mem:0.00M, Peak:0.00M | Scene, ViewLayer | Synchronizing object | Horizontal mullion.086
Fra:14 Mem:77.32M (Peak 77.34M) | Time:00:00.03 | Mem:0.00M, Peak:0.00M | Scene, ViewLayer | Synchronizing object | Horizontal mullion.087
Fra:14 Mem:77.32M (Peak 77.34M) | Time:00:00.03 | Mem:0.00M, Peak:0.00M | Scene, ViewLayer | Synchronizing object | Horizontal mullion.088
Fra:14 Mem:77.34M (Peak 77.34M) | Time:00:00.03 | Mem:0.00M, Peak:0.00M | Scene, ViewLayer | Synchronizing object | Horizontal mullion.089
Fra:14 Mem:77.32M (Peak 77.34M) | Time:00:00.03 | Mem:0.00M, Peak:0.00M | Scene, ViewLayer | Synchronizing object | Horizontal mullion.090
Fra:14 Mem:77.33M (Peak 77.34M) | Time:00:00.03 | Mem:0.00M, Peak:0.00M | Scene, ViewLayer | Synchronizing object | Vertical mullion.047
Fra:14 Mem:77.33M (Peak 77.34M) | Time:00:00.03 | Mem:0.00M, Peak:0.00M | Scene, ViewLayer | Synchronizing object | Primary rib.012
Fra:14 Mem:77.34M (Peak 77.34M) | Time:00:00.03 | Mem:0.00M, Peak:0.00M | Scene, ViewLayer | Synchronizing object | Curved eave panel.012
Fra:14 Mem:77.34M (Peak 77.34M) | Time:00:00.03 | Mem:0.00M, Peak:0.00M | Scene, ViewLayer | Synchronizing object | Eave silver edge.012
Fra:14 Mem:77.34M (Peak 77.34M) | Time:00:00.03 | Mem:0.00M, Peak:0.00M | Scene, ViewLayer | Synchronizing object | Roof rib.012
Fra:14 Mem:77.34M (Peak 77.34M) | Time:00:00.03 | Mem:0.00M, Peak:0.00M | Scene, ViewLayer | Synchronizing object | Stone terrace.012
Fra:14 Mem:77.34M (Peak 77.34M) | Time:00:00.03 | Mem:0.00M, Peak:0.00M | Scene, ViewLayer | Synchronizing object | Glazed bay.039
Fra:14 Mem:77.35M (Peak 77.35M) | Time:00:00.03 | Mem:0.00M, Peak:0.00M | Scene, ViewLayer | Synchronizing object | Glazed bay.040
Fra:14 Mem:77.40M (Peak 77.40M) | Time:00:00.03 | Mem:0.00M, Peak:0.00M | Scene, ViewLayer | Synchronizing object | Glazed bay.041
Fra:14 Mem:77.39M (Peak 77.40M) | Time:00:00.03 | Mem:0.00M, Peak:0.00M | Scene, ViewLayer | Synchronizing object | Horizontal mullion.091
Fra:14 Mem:77.41M (Peak 77.41M) | Time:00:00.03 | Mem:0.00M, Peak:0.00M | Scene, ViewLayer | Synchronizing object | Horizontal mullion.092
Fra:14 Mem:77.41M (Peak 77.41M) | Time:00:00.03 | Mem:0.00M, Peak:0.00M | Scene, ViewLayer | Synchronizing object | Horizontal mullion.093
Fra:14 Mem:77.41M (Peak 77.41M) | Time:00:00.03 | Mem:0.00M, Peak:0.00M | Scene, ViewLayer | Synchronizing object | Horizontal mullion.094
Fra:14 Mem:77.41M (Peak 77.41M) | Time:00:00.03 | Mem:0.00M, Peak:0.00M | Scene, ViewLayer | Synchronizing object | Horizontal mullion.097
Fra:14 Mem:77.41M (Peak 77.41M) | Time:00:00.03 | Mem:0.00M, Peak:0.00M | Scene, ViewLayer | Synchronizing object | Studio ground
Fra:14 Mem:77.42M (Peak 77.42M) | Time:00:00.03 | Mem:0.00M, Peak:0.00M | Scene, ViewLayer | Synchronizing object | Vertical mullion.048
Fra:14 Mem:77.42M (Peak 77.42M) | Time:00:00.03 | Mem:0.00M, Peak:0.00M | Scene, ViewLayer | Synchronizing object | Vertical mullion.049
Fra:14 Mem:77.45M (Peak 77.45M) | Time:00:00.03 | Mem:0.00M, Peak:0.00M | Scene, ViewLayer | Synchronizing object | Vertical mullion.050
Fra:14 Mem:77.44M (Peak 77.45M) | Time:00:00.03 | Mem:0.00M, Peak:0.00M | Scene, ViewLayer | Synchronizing object | Vertical mullion.051
Fra:14 Mem:77.45M (Peak 77.45M) | Time:00:00.03 | Mem:0.00M, Peak:0.00M | Scene, ViewLayer | Synchronizing object | Primary rib.013
Fra:14 Mem:77.44M (Peak 77.45M) | Time:00:00.03 | Mem:0.00M, Peak:0.00M | Scene, ViewLayer | Synchronizing object | Curved eave panel.013
Fra:14 Mem:77.44M (Peak 77.45M) | Time:00:00.03 | Mem:0.00M, Peak:0.00M | Scene, ViewLayer | Synchronizing object | Roof rib.013
Fra:14 Mem:77.45M (Peak 77.45M) | Time:00:00.03 | Mem:0.00M, Peak:0.00M | Scene, ViewLayer | Synchronizing object | Stone terrace.013
Fra:14 Mem:77.47M (Peak 77.47M) | Time:00:00.03 | Mem:0.00M, Peak:0.00M | Scene, ViewLayer | Synchronizing object | Entrance door.008
Fra:14 Mem:77.49M (Peak 77.49M) | Time:00:00.03 | Mem:0.00M, Peak:0.00M | Scene, ViewLayer | Synchronizing object | Door glazing.008
Fra:14 Mem:77.51M (Peak 77.52M) | Time:00:00.03 | Mem:0.00M, Peak:0.00M | Scene, ViewLayer | Synchronizing object | Door handle.008
Fra:14 Mem:77.53M (Peak 77.53M) | Time:00:00.03 | Mem:0.00M, Peak:0.00M | Scene, ViewLayer | Synchronizing object | Entrance door.009
Fra:14 Mem:77.54M (Peak 77.54M) | Time:00:00.03 | Mem:0.00M, Peak:0.00M | Scene, ViewLayer | Synchronizing object | Door glazing.009
Fra:14 Mem:77.53M (Peak 77.54M) | Time:00:00.03 | Mem:0.00M, Peak:0.00M | Scene, ViewLayer | Synchronizing object | Medical vest cross
Fra:14 Mem:77.58M (Peak 77.58M) | Time:00:00.03 | Mem:0.00M, Peak:0.00M | Scene, ViewLayer | Synchronizing object | Door handle.009
Fra:14 Mem:77.56M (Peak 77.58M) | Time:00:00.03 | Mem:0.00M, Peak:0.00M | Scene, ViewLayer | Synchronizing object | Entrance canopy.004
Fra:14 Mem:77.56M (Peak 77.58M) | Time:00:00.03 | Mem:0.00M, Peak:0.00M | Scene, ViewLayer | Synchronizing object | Canopy column.009
Fra:14 Mem:77.57M (Peak 77.58M) | Time:00:00.03 | Mem:0.00M, Peak:0.00M | Scene, ViewLayer | Synchronizing object | Terrace stairs.032
Fra:14 Mem:77.58M (Peak 77.58M) | Time:00:00.03 | Mem:0.00M, Peak:0.00M | Scene, ViewLayer | Synchronizing object | Terrace stairs.033
Fra:14 Mem:77.60M (Peak 77.60M) | Time:00:00.03 | Mem:0.00M, Peak:0.00M | Scene, ViewLayer | Synchronizing object | Terrace stairs.034
Fra:14 Mem:77.61M (Peak 77.61M) | Time:00:00.03 | Mem:0.00M, Peak:0.00M | Scene, ViewLayer | Synchronizing object | Terrace stairs.035
Fra:14 Mem:77.65M (Peak 77.65M) | Time:00:00.03 | Mem:0.00M, Peak:0.00M | Scene, ViewLayer | Synchronizing object | Terrace stairs.036
Fra:14 Mem:77.65M (Peak 77.65M) | Time:00:00.03 | Mem:0.00M, Peak:0.00M | Scene, ViewLayer | Synchronizing object | Hair.001
Fra:14 Mem:77.65M (Peak 77.65M) | Time:00:00.03 | Mem:0.00M, Peak:0.00M | Scene, ViewLayer | Synchronizing object | Terrace stairs.038
Fra:14 Mem:77.69M (Peak 77.69M) | Time:00:00.03 | Mem:0.00M, Peak:0.00M | Scene, ViewLayer | Synchronizing object | Nose.002
Fra:14 Mem:77.69M (Peak 77.69M) | Time:00:00.03 | Mem:0.00M, Peak:0.00M | Scene, ViewLayer | Synchronizing object | Terrace stairs.039
Fra:14 Mem:77.71M (Peak 77.71M) | Time:00:00.03 | Mem:0.00M, Peak:0.00M | Scene, ViewLayer | Synchronizing object | Adult head.002
Fra:14 Mem:77.74M (Peak 77.74M) | Time:00:00.03 | Mem:0.00M, Peak:0.00M | Scene, ViewLayer | Synchronizing object | Glazed bay.042
Fra:14 Mem:77.74M (Peak 77.74M) | Time:00:00.03 | Mem:0.00M, Peak:0.00M | Scene, ViewLayer | Synchronizing object | Neck.002
Fra:14 Mem:77.74M (Peak 77.74M) | Time:00:00.03 | Mem:0.00M, Peak:0.00M | Scene, ViewLayer | Synchronizing object | Glazed bay.043
Fra:14 Mem:77.77M (Peak 77.77M) | Time:00:00.03 | Mem:0.00M, Peak:0.00M | Scene, ViewLayer | Synchronizing object | Glove.005
Fra:14 Mem:77.78M (Peak 77.78M) | Time:00:00.03 | Mem:0.00M, Peak:0.00M | Scene, ViewLayer | Synchronizing object | Glazed bay.044
Fra:14 Mem:77.79M (Peak 77.79M) | Time:00:00.03 | Mem:0.00M, Peak:0.00M | Scene, ViewLayer | Synchronizing object | Jacket forearm.005
Fra:14 Mem:77.79M (Peak 77.79M) | Time:00:00.03 | Mem:0.00M, Peak:0.00M | Scene, ViewLayer | Synchronizing object | Horizontal mullion.098
Fra:14 Mem:77.80M (Peak 77.80M) | Time:00:00.03 | Mem:0.00M, Peak:0.00M | Scene, ViewLayer | Synchronizing object | Horizontal mullion.099
Fra:14 Mem:77.80M (Peak 77.80M) | Time:00:00.03 | Mem:0.00M, Peak:0.00M | Scene, ViewLayer | Synchronizing object | Horizontal mullion.100
Fra:14 Mem:77.80M (Peak 77.80M) | Time:00:00.03 | Mem:0.00M, Peak:0.00M | Scene, ViewLayer | Synchronizing object | Horizontal mullion.101
Fra:14 Mem:77.80M (Peak 77.80M) | Time:00:00.03 | Mem:0.00M, Peak:0.00M | Scene, ViewLayer | Synchronizing object | Horizontal mullion.104
Fra:14 Mem:77.80M (Peak 77.80M) | Time:00:00.03 | Mem:0.00M, Peak:0.00M | Scene, ViewLayer | Synchronizing object | Vertical mullion.052
Fra:14 Mem:77.81M (Peak 77.81M) | Time:00:00.03 | Mem:0.00M, Peak:0.00M | Scene, ViewLayer | Synchronizing object | Vertical mullion.053
Fra:14 Mem:77.81M (Peak 77.81M) | Time:00:00.03 | Mem:0.00M, Peak:0.00M | Scene, ViewLayer | Synchronizing object | Vertical mullion.054
Fra:14 Mem:77.81M (Peak 77.81M) | Time:00:00.03 | Mem:0.00M, Peak:0.00M | Scene, ViewLayer | Synchronizing object | Vertical mullion.055
Fra:14 Mem:77.81M (Peak 77.81M) | Time:00:00.03 | Mem:0.00M, Peak:0.00M | Scene, ViewLayer | Synchronizing object | Vertical mullion.056
Fra:14 Mem:77.82M (Peak 77.82M) | Time:00:00.03 | Mem:0.00M, Peak:0.00M | Scene, ViewLayer | Synchronizing object | Primary rib.014
Fra:14 Mem:77.82M (Peak 77.82M) | Time:00:00.03 | Mem:0.00M, Peak:0.00M | Scene, ViewLayer | Synchronizing object | Curved eave panel.014
Fra:14 Mem:77.82M (Peak 77.82M) | Time:00:00.03 | Mem:0.00M, Peak:0.00M | Scene, ViewLayer | Synchronizing object | Eave silver edge.014
Fra:14 Mem:77.83M (Peak 77.83M) | Time:00:00.03 | Mem:0.00M, Peak:0.00M | Scene, ViewLayer | Synchronizing object | Roof rib.014
Fra:14 Mem:77.83M (Peak 77.83M) | Time:00:00.03 | Mem:0.00M, Peak:0.00M | Scene, ViewLayer | Synchronizing object | Aerodynamic shell
Fra:14 Mem:77.91M (Peak 77.91M) | Time:00:00.03 | Mem:0.00M, Peak:0.00M | Scene, ViewLayer | Synchronizing object | Sleeve elbow.005
Fra:14 Mem:77.91M (Peak 77.91M) | Time:00:00.03 | Mem:0.00M, Peak:0.00M | Scene, ViewLayer | Synchronizing object | Underframe
Fra:14 Mem:77.95M (Peak 77.95M) | Time:00:00.03 | Mem:0.00M, Peak:0.00M | Scene, ViewLayer | Synchronizing object | Shoulder joint.005
Fra:14 Mem:78.01M (Peak 78.01M) | Time:00:00.03 | Mem:0.00M, Peak:0.00M | Scene, ViewLayer | Synchronizing object | Boot.005
Fra:14 Mem:77.99M (Peak 78.01M) | Time:00:00.03 | Mem:0.00M, Peak:0.00M | Scene, ViewLayer | Synchronizing object | Trouser shin.005
Fra:14 Mem:77.98M (Peak 78.01M) | Time:00:00.03 | Mem:0.00M, Peak:0.00M | Scene, ViewLayer | Synchronizing object | Navy belt
Fra:14 Mem:77.99M (Peak 78.01M) | Time:00:00.03 | Mem:0.00M, Peak:0.00M | Scene, ViewLayer | Synchronizing object | Trouser thigh.005
Fra:14 Mem:78.02M (Peak 78.02M) | Time:00:00.03 | Mem:0.00M, Peak:0.00M | Scene, ViewLayer | Synchronizing object | Glove.004
Fra:14 Mem:78.03M (Peak 78.03M) | Time:00:00.03 | Mem:0.00M, Peak:0.00M | Scene, ViewLayer | Synchronizing object | Passenger window.001
Fra:14 Mem:78.03M (Peak 78.03M) | Time:00:00.03 | Mem:0.00M, Peak:0.00M | Scene, ViewLayer | Synchronizing object | Jacket forearm.004
Fra:14 Mem:78.05M (Peak 78.05M) | Time:00:00.03 | Mem:0.00M, Peak:0.00M | Scene, ViewLayer | Synchronizing object | Passenger window.002
Fra:14 Mem:78.07M (Peak 78.07M) | Time:00:00.03 | Mem:0.00M, Peak:0.00M | Scene, ViewLayer | Synchronizing object | Jacket upper sleeve.004
Fra:14 Mem:78.07M (Peak 78.07M) | Time:00:00.03 | Mem:0.00M, Peak:0.00M | Scene, ViewLayer | Synchronizing object | Passenger window.003
Fra:14 Mem:78.07M (Peak 78.07M) | Time:00:00.03 | Mem:0.00M, Peak:0.00M | Scene, ViewLayer | Synchronizing object | Sleeve elbow.004
Fra:14 Mem:78.17M (Peak 78.17M) | Time:00:00.03 | Mem:0.00M, Peak:0.00M | Scene, ViewLayer | Synchronizing object | Shoulder joint.004
Fra:14 Mem:78.16M (Peak 78.17M) | Time:00:00.03 | Mem:0.00M, Peak:0.00M | Scene, ViewLayer | Synchronizing object | Passenger window.004
Fra:14 Mem:78.10M (Peak 78.17M) | Time:00:00.03 | Mem:0.00M, Peak:0.00M | Scene, ViewLayer | Synchronizing object | Passenger window.005
Fra:14 Mem:78.13M (Peak 78.17M) | Time:00:00.03 | Mem:0.00M, Peak:0.00M | Scene, ViewLayer | Synchronizing object | Boot.004
Fra:14 Mem:78.14M (Peak 78.17M) | Time:00:00.03 | Mem:0.00M, Peak:0.00M | Scene, ViewLayer | Synchronizing object | Passenger window.006
Fra:14 Mem:78.15M (Peak 78.17M) | Time:00:00.03 | Mem:0.00M, Peak:0.00M | Scene, ViewLayer | Synchronizing object | Trouser shin.004
Fra:14 Mem:78.16M (Peak 78.17M) | Time:00:00.03 | Mem:0.00M, Peak:0.00M | Scene, ViewLayer | Synchronizing object | Trouser thigh.004
Fra:14 Mem:78.16M (Peak 78.17M) | Time:00:00.03 | Mem:0.00M, Peak:0.00M | Scene, ViewLayer | Synchronizing object | Passenger door
Fra:14 Mem:78.16M (Peak 78.17M) | Time:00:00.04 | Mem:0.00M, Peak:0.00M | Scene, ViewLayer | Synchronizing object | Door window
Fra:14 Mem:78.22M (Peak 78.22M) | Time:00:00.04 | Mem:0.00M, Peak:0.00M | Scene, ViewLayer | Synchronizing object | Passenger door.001
Fra:14 Mem:78.22M (Peak 78.22M) | Time:00:00.04 | Mem:0.00M, Peak:0.00M | Scene, ViewLayer | Synchronizing object | Door window.001
Fra:14 Mem:78.25M (Peak 78.25M) | Time:00:00.04 | Mem:0.00M, Peak:0.00M | Scene, ViewLayer | Synchronizing object | Navy belt.001
Fra:14 Mem:78.26M (Peak 78.26M) | Time:00:00.04 | Mem:0.00M, Peak:0.00M | Scene, ViewLayer | Synchronizing object | Jacket reflective strip.001
Fra:14 Mem:78.29M (Peak 78.29M) | Time:00:00.04 | Mem:0.00M, Peak:0.00M | Scene, ViewLayer | Synchronizing object | Passenger window.008
Fra:14 Mem:78.30M (Peak 78.30M) | Time:00:00.04 | Mem:0.00M, Peak:0.00M | Scene, ViewLayer | Synchronizing object | Passenger window.009
Fra:14 Mem:78.33M (Peak 78.33M) | Time:00:00.04 | Mem:0.00M, Peak:0.00M | Scene, ViewLayer | Synchronizing object | Passenger window.010
Fra:14 Mem:78.33M (Peak 78.33M) | Time:00:00.04 | Mem:0.00M, Peak:0.00M | Scene, ViewLayer | Synchronizing object | Jacket reflective strip
Fra:14 Mem:78.34M (Peak 78.34M) | Time:00:00.04 | Mem:0.00M, Peak:0.00M | Scene, ViewLayer | Synchronizing object | Passenger window.011
Fra:14 Mem:78.35M (Peak 78.35M) | Time:00:00.04 | Mem:0.00M, Peak:0.00M | Scene, ViewLayer | Synchronizing object | Passenger window.012
Fra:14 Mem:78.37M (Peak 78.37M) | Time:00:00.04 | Mem:0.00M, Peak:0.00M | Scene, ViewLayer | Synchronizing object | Passenger window.013
Fra:14 Mem:78.37M (Peak 78.37M) | Time:00:00.04 | Mem:0.00M, Peak:0.00M | Scene, ViewLayer | Synchronizing object | Breathing air cylinder.001
Fra:14 Mem:78.39M (Peak 78.39M) | Time:00:00.04 | Mem:0.00M, Peak:0.00M | Scene, ViewLayer | Synchronizing object | Passenger window.014
Fra:14 Mem:78.39M (Peak 78.39M) | Time:00:00.04 | Mem:0.00M, Peak:0.00M | Scene, ViewLayer | Synchronizing object | Breathing air cylinder
Fra:14 Mem:78.41M (Peak 78.41M) | Time:00:00.04 | Mem:0.00M, Peak:0.00M | Scene, ViewLayer | Synchronizing object | Passenger window.015
Fra:14 Mem:78.39M (Peak 78.41M) | Time:00:00.04 | Mem:0.00M, Peak:0.00M | Scene, ViewLayer | Synchronizing object | Face shield
Fra:14 Mem:78.44M (Peak 78.44M) | Time:00:00.04 | Mem:0.00M, Peak:0.00M | Scene, ViewLayer | Synchronizing object | Door window.002
Fra:14 Mem:78.46M (Peak 78.46M) | Time:00:00.04 | Mem:0.00M, Peak:0.00M | Scene, ViewLayer | Synchronizing object | Passenger door.003
Fra:14 Mem:78.46M (Peak 78.46M) | Time:00:00.04 | Mem:0.00M, Peak:0.00M | Scene, ViewLayer | Synchronizing object | Door window.003
Fra:14 Mem:78.46M (Peak 78.46M) | Time:00:00.04 | Mem:0.00M, Peak:0.00M | Scene, ViewLayer | Synchronizing object | Bogie
Fra:14 Mem:78.50M (Peak 78.50M) | Time:00:00.04 | Mem:0.00M, Peak:0.00M | Scene, ViewLayer | Synchronizing object | Steel wheel
Fra:14 Mem:78.53M (Peak 78.53M) | Time:00:00.04 | Mem:0.00M, Peak:0.00M | Scene, ViewLayer | Synchronizing object | Steel wheel.001
Fra:14 Mem:78.51M (Peak 78.53M) | Time:00:00.04 | Mem:0.00M, Peak:0.00M | Scene, ViewLayer | Synchronizing object | Steel wheel.002
Fra:14 Mem:78.51M (Peak 78.53M) | Time:00:00.04 | Mem:0.00M, Peak:0.00M | Scene, ViewLayer | Synchronizing object | Bogie.001
Fra:14 Mem:78.52M (Peak 78.53M) | Time:00:00.04 | Mem:0.00M, Peak:0.00M | Scene, ViewLayer | Synchronizing object | Steel wheel.004
Fra:14 Mem:78.51M (Peak 78.53M) | Time:00:00.04 | Mem:0.00M, Peak:0.00M | Scene, ViewLayer | Synchronizing object | Safety helmet
Fra:14 Mem:78.52M (Peak 78.53M) | Time:00:00.04 | Mem:0.00M, Peak:0.00M | Scene, ViewLayer | Synchronizing object | Steel wheel.005
Fra:14 Mem:78.53M (Peak 78.53M) | Time:00:00.04 | Mem:0.00M, Peak:0.00M | Scene, ViewLayer | Synchronizing object | Steel wheel.006
Fra:14 Mem:78.54M (Peak 78.54M) | Time:00:00.04 | Mem:0.00M, Peak:0.00M | Scene, ViewLayer | Synchronizing object | Steel wheel.007
Fra:14 Mem:78.54M (Peak 78.54M) | Time:00:00.04 | Mem:0.00M, Peak:0.00M | Scene, ViewLayer | Synchronizing object | Nose lamp
Fra:14 Mem:78.55M (Peak 78.55M) | Time:00:00.04 | Mem:0.00M, Peak:0.00M | Scene, ViewLayer | Synchronizing object | Nose lamp.001
Fra:14 Mem:78.55M (Peak 78.55M) | Time:00:00.04 | Mem:0.00M, Peak:0.00M | Scene, ViewLayer | Synchronizing object | Service identification
Fra:14 Mem:78.55M (Peak 78.55M) | Time:00:00.04 | Mem:0.00M, Peak:0.00M | Scene, ViewLayer | Synchronizing object | Aerodynamic shell.001
Fra:14 Mem:78.57M (Peak 78.57M) | Time:00:00.04 | Mem:0.00M, Peak:0.00M | Scene, ViewLayer | Synchronizing object | Underframe.001
Fra:14 Mem:78.59M (Peak 78.59M) | Time:00:00.04 | Mem:0.00M, Peak:0.00M | Scene, ViewLayer | Synchronizing object | Adult head.001
Fra:14 Mem:78.60M (Peak 78.60M) | Time:00:00.04 | Mem:0.00M, Peak:0.00M | Scene, ViewLayer | Synchronizing object | Neck.001
Fra:14 Mem:78.67M (Peak 78.67M) | Time:00:00.04 | Mem:0.00M, Peak:0.00M | Scene, ViewLayer | Synchronizing object | Navy belt.002
Fra:14 Mem:78.69M (Peak 78.69M) | Time:00:00.04 | Mem:0.00M, Peak:0.00M | Scene, ViewLayer | Synchronizing object | Sleeve reflective band.001
Fra:14 Mem:78.73M (Peak 78.73M) | Time:00:00.04 | Mem:0.00M, Peak:0.00M | Scene, ViewLayer | Synchronizing object | Glove.003
Fra:14 Mem:78.76M (Peak 78.76M) | Time:00:00.04 | Mem:0.00M, Peak:0.00M | Scene, ViewLayer | Synchronizing object | Jacket forearm.003
Fra:14 Mem:78.72M (Peak 78.76M) | Time:00:00.04 | Mem:0.00M, Peak:0.00M | Scene, ViewLayer | Synchronizing object | Passenger window.016
Fra:14 Mem:78.71M (Peak 78.76M) | Time:00:00.04 | Mem:0.00M, Peak:0.00M | Scene, ViewLayer | Synchronizing object | Passenger window.017
Fra:14 Mem:78.77M (Peak 78.77M) | Time:00:00.04 | Mem:0.00M, Peak:0.00M | Scene, ViewLayer | Synchronizing object | Sleeve elbow.003
Fra:14 Mem:78.77M (Peak 78.77M) | Time:00:00.04 | Mem:0.00M, Peak:0.00M | Scene, ViewLayer | Synchronizing object | Shoulder joint.003
Fra:14 Mem:78.77M (Peak 78.77M) | Time:00:00.04 | Mem:0.00M, Peak:0.00M | Scene, ViewLayer | Synchronizing object | Passenger window.018
Fra:14 Mem:78.77M (Peak 78.77M) | Time:00:00.04 | Mem:0.00M, Peak:0.00M | Scene, ViewLayer | Synchronizing object | Ankle reflective band.001
Fra:14 Mem:78.82M (Peak 78.82M) | Time:00:00.04 | Mem:0.00M, Peak:0.00M | Scene, ViewLayer | Synchronizing object | Boot.003
Fra:14 Mem:78.82M (Peak 78.82M) | Time:00:00.04 | Mem:0.00M, Peak:0.00M | Scene, ViewLayer | Synchronizing object | Passenger window.020
Fra:14 Mem:78.85M (Peak 78.85M) | Time:00:00.04 | Mem:0.00M, Peak:0.00M | Scene, ViewLayer | Synchronizing object | Trouser shin.003
Fra:14 Mem:78.84M (Peak 78.85M) | Time:00:00.04 | Mem:0.00M, Peak:0.00M | Scene, ViewLayer | Synchronizing object | Passenger window.021
Fra:14 Mem:78.84M (Peak 78.85M) | Time:00:00.04 | Mem:0.00M, Peak:0.00M | Scene, ViewLayer | Synchronizing object | Trouser thigh.003
Fra:14 Mem:78.86M (Peak 78.86M) | Time:00:00.04 | Mem:0.00M, Peak:0.00M | Scene, ViewLayer | Synchronizing object | Passenger window.022
Fra:14 Mem:78.85M (Peak 78.86M) | Time:00:00.04 | Mem:0.00M, Peak:0.00M | Scene, ViewLayer | Synchronizing object | Passenger window.023
Fra:14 Mem:78.88M (Peak 78.88M) | Time:00:00.04 | Mem:0.00M, Peak:0.00M | Scene, ViewLayer | Synchronizing object | Glove.002
Fra:14 Mem:78.89M (Peak 78.89M) | Time:00:00.04 | Mem:0.00M, Peak:0.00M | Scene, ViewLayer | Synchronizing object | Passenger door.004
Fra:14 Mem:78.89M (Peak 78.89M) | Time:00:00.04 | Mem:0.00M, Peak:0.00M | Scene, ViewLayer | Synchronizing object | Jacket forearm.002
Fra:14 Mem:78.91M (Peak 78.91M) | Time:00:00.04 | Mem:0.00M, Peak:0.00M | Scene, ViewLayer | Synchronizing object | Passenger door.005
Fra:14 Mem:78.91M (Peak 78.91M) | Time:00:00.04 | Mem:0.00M, Peak:0.00M | Scene, ViewLayer | Synchronizing object | Jacket upper sleeve.002
Fra:14 Mem:78.93M (Peak 78.93M) | Time:00:00.04 | Mem:0.00M, Peak:0.00M | Scene, ViewLayer | Synchronizing object | Sleeve elbow.002
Fra:14 Mem:78.95M (Peak 78.95M) | Time:00:00.04 | Mem:0.00M, Peak:0.00M | Scene, ViewLayer | Synchronizing object | Door window.005
Fra:14 Mem:78.96M (Peak 78.96M) | Time:00:00.04 | Mem:0.00M, Peak:0.00M | Scene, ViewLayer | Synchronizing object | Shoulder joint.002
Fra:14 Mem:78.97M (Peak 78.97M) | Time:00:00.04 | Mem:0.00M, Peak:0.00M | Scene, ViewLayer | Synchronizing object | Navy belt.003
Fra:14 Mem:78.98M (Peak 78.98M) | Time:00:00.04 | Mem:0.00M, Peak:0.00M | Scene, ViewLayer | Synchronizing object | Ankle reflective band
Fra:14 Mem:79.00M (Peak 79.00M) | Time:00:00.04 | Mem:0.00M, Peak:0.00M | Scene, ViewLayer | Synchronizing object | Passenger window.024
Fra:14 Mem:79.00M (Peak 79.00M) | Time:00:00.04 | Mem:0.00M, Peak:0.00M | Scene, ViewLayer | Synchronizing object | Boot.002
Fra:14 Mem:79.03M (Peak 79.03M) | Time:00:00.04 | Mem:0.00M, Peak:0.00M | Scene, ViewLayer | Synchronizing object | Passenger window.025
Fra:14 Mem:79.03M (Peak 79.03M) | Time:00:00.04 | Mem:0.00M, Peak:0.00M | Scene, ViewLayer | Synchronizing object | Trouser shin.002
Fra:14 Mem:79.04M (Peak 79.04M) | Time:00:00.04 | Mem:0.00M, Peak:0.00M | Scene, ViewLayer | Synchronizing object | Passenger window.026
Fra:14 Mem:79.05M (Peak 79.05M) | Time:00:00.04 | Mem:0.00M, Peak:0.00M | Scene, ViewLayer | Synchronizing object | Trouser thigh.002
Fra:14 Mem:79.06M (Peak 79.06M) | Time:00:00.04 | Mem:0.00M, Peak:0.00M | Scene, ViewLayer | Synchronizing object | Jacket.001
Fra:14 Mem:79.07M (Peak 79.07M) | Time:00:00.04 | Mem:0.00M, Peak:0.00M | Scene, ViewLayer | Synchronizing object | Passenger window.027
Fra:14 Mem:79.08M (Peak 79.08M) | Time:00:00.04 | Mem:0.00M, Peak:0.00M | Scene, ViewLayer | Synchronizing object | Pelvis.001
Fra:14 Mem:79.10M (Peak 79.10M) | Time:00:00.04 | Mem:0.00M, Peak:0.00M | Scene, ViewLayer | Synchronizing object | Passenger window.028
Fra:14 Mem:79.10M (Peak 79.10M) | Time:00:00.04 | Mem:0.00M, Peak:0.00M | Scene, ViewLayer | Synchronizing object | Radio
Fra:14 Mem:79.12M (Peak 79.12M) | Time:00:00.04 | Mem:0.00M, Peak:0.00M | Scene, ViewLayer | Synchronizing object | Passenger window.030
Fra:14 Mem:79.17M (Peak 79.17M) | Time:00:00.04 | Mem:0.00M, Peak:0.00M | Scene, ViewLayer | Synchronizing object | Passenger window.031
Fra:14 Mem:79.16M (Peak 79.17M) | Time:00:00.04 | Mem:0.00M, Peak:0.00M | Scene, ViewLayer | Synchronizing object | Passenger door.006
Fra:14 Mem:79.18M (Peak 79.18M) | Time:00:00.04 | Mem:0.00M, Peak:0.00M | Scene, ViewLayer | Synchronizing object | Operations vest
Fra:14 Mem:79.18M (Peak 79.18M) | Time:00:00.04 | Mem:0.00M, Peak:0.00M | Scene, ViewLayer | Synchronizing object | Door window.006
Fra:14 Mem:79.23M (Peak 79.23M) | Time:00:00.04 | Mem:0.00M, Peak:0.00M | Scene, ViewLayer | Synchronizing object | Passenger door.007
Fra:14 Mem:79.22M (Peak 79.23M) | Time:00:00.04 | Mem:0.00M, Peak:0.00M | Scene, ViewLayer | Synchronizing object | Door window.007
Fra:14 Mem:79.22M (Peak 79.23M) | Time:00:00.04 | Mem:0.00M, Peak:0.00M | Scene, ViewLayer | Synchronizing object | Hair
Fra:14 Mem:79.24M (Peak 79.24M) | Time:00:00.04 | Mem:0.00M, Peak:0.00M | Scene, ViewLayer | Synchronizing object | Bogie.002
Fra:14 Mem:79.24M (Peak 79.24M) | Time:00:00.04 | Mem:0.00M, Peak:0.00M | Scene, ViewLayer | Synchronizing object | Nose
Fra:14 Mem:79.27M (Peak 79.27M) | Time:00:00.04 | Mem:0.00M, Peak:0.00M | Scene, ViewLayer | Synchronizing object | Steel wheel.008
Fra:14 Mem:79.27M (Peak 79.27M) | Time:00:00.04 | Mem:0.00M, Peak:0.00M | Scene, ViewLayer | Synchronizing object | Steel wheel.009
Fra:14 Mem:79.27M (Peak 79.27M) | Time:00:00.04 | Mem:0.00M, Peak:0.00M | Scene, ViewLayer | Synchronizing object | Steel wheel.010
Fra:14 Mem:79.27M (Peak 79.27M) | Time:00:00.04 | Mem:0.00M, Peak:0.00M | Scene, ViewLayer | Synchronizing object | Steel wheel.011
Fra:14 Mem:79.27M (Peak 79.27M) | Time:00:00.04 | Mem:0.00M, Peak:0.00M | Scene, ViewLayer | Synchronizing object | Bogie.003
Fra:14 Mem:79.29M (Peak 79.29M) | Time:00:00.04 | Mem:0.00M, Peak:0.00M | Scene, ViewLayer | Synchronizing object | Steel wheel.012
Fra:14 Mem:79.31M (Peak 79.31M) | Time:00:00.04 | Mem:0.00M, Peak:0.00M | Scene, ViewLayer | Synchronizing object | Steel wheel.013
Fra:14 Mem:79.31M (Peak 79.31M) | Time:00:00.04 | Mem:0.00M, Peak:0.00M | Scene, ViewLayer | Synchronizing object | Steel wheel.014
Fra:14 Mem:79.31M (Peak 79.31M) | Time:00:00.04 | Mem:0.00M, Peak:0.00M | Scene, ViewLayer | Synchronizing object | Steel wheel.015
Fra:14 Mem:79.31M (Peak 79.31M) | Time:00:00.04 | Mem:0.00M, Peak:0.00M | Scene, ViewLayer | Synchronizing object | Chassis
Fra:14 Mem:79.31M (Peak 79.31M) | Time:00:00.04 | Mem:0.00M, Peak:0.00M | Scene, ViewLayer | Synchronizing object | Equipment body
Fra:14 Mem:79.35M (Peak 79.35M) | Time:00:00.04 | Mem:0.00M, Peak:0.00M | Scene, ViewLayer | Synchronizing object | Sloped crew cab
Fra:14 Mem:79.38M (Peak 79.38M) | Time:00:00.04 | Mem:0.00M, Peak:0.00M | Scene, ViewLayer | Synchronizing object | Glove.001
Fra:14 Mem:79.38M (Peak 79.38M) | Time:00:00.04 | Mem:0.00M, Peak:0.00M | Scene, ViewLayer | Synchronizing object | Cab side window
Fra:14 Mem:79.41M (Peak 79.41M) | Time:00:00.04 | Mem:0.00M, Peak:0.00M | Scene, ViewLayer | Synchronizing object | Cab handle
Fra:14 Mem:79.41M (Peak 79.41M) | Time:00:00.04 | Mem:0.00M, Peak:0.00M | Scene, ViewLayer | Synchronizing object | Jacket forearm.001
Fra:14 Mem:79.43M (Peak 79.43M) | Time:00:00.04 | Mem:0.00M, Peak:0.00M | Scene, ViewLayer | Synchronizing object | Jacket upper sleeve.001
Fra:14 Mem:79.45M (Peak 79.45M) | Time:00:00.04 | Mem:0.00M, Peak:0.00M | Scene, ViewLayer | Synchronizing object | Sleeve elbow.001
Fra:14 Mem:79.44M (Peak 79.45M) | Time:00:00.04 | Mem:0.00M, Peak:0.00M | Scene, ViewLayer | Synchronizing object | Mirror arm
Fra:14 Mem:79.44M (Peak 79.45M) | Time:00:00.04 | Mem:0.00M, Peak:0.00M | Scene, ViewLayer | Synchronizing object | Shoulder joint.001
Fra:14 Mem:79.44M (Peak 79.45M) | Time:00:00.04 | Mem:0.00M, Peak:0.00M | Scene, ViewLayer | Synchronizing object | Safety stripe
Fra:14 Mem:79.46M (Peak 79.46M) | Time:00:00.04 | Mem:0.00M, Peak:0.00M | Scene, ViewLayer | Synchronizing object | Boot.001
Fra:14 Mem:79.48M (Peak 79.48M) | Time:00:00.04 | Mem:0.00M, Peak:0.00M | Scene, ViewLayer | Synchronizing object | Trouser shin.001
Fra:14 Mem:79.49M (Peak 79.49M) | Time:00:00.04 | Mem:0.00M, Peak:0.00M | Scene, ViewLayer | Synchronizing object | Trouser thigh.001
Fra:14 Mem:79.53M (Peak 79.53M) | Time:00:00.04 | Mem:0.00M, Peak:0.00M | Scene, ViewLayer | Synchronizing object | Glove
Fra:14 Mem:79.54M (Peak 79.54M) | Time:00:00.04 | Mem:0.00M, Peak:0.00M | Scene, ViewLayer | Synchronizing object | Jacket forearm
Fra:14 Mem:79.56M (Peak 79.56M) | Time:00:00.04 | Mem:0.00M, Peak:0.00M | Scene, ViewLayer | Synchronizing object | Jacket upper sleeve
Fra:14 Mem:79.56M (Peak 79.56M) | Time:00:00.04 | Mem:0.00M, Peak:0.00M | Scene, ViewLayer | Synchronizing object | Shutter rib.001
Fra:14 Mem:79.55M (Peak 79.56M) | Time:00:00.04 | Mem:0.00M, Peak:0.00M | Scene, ViewLayer | Synchronizing object | Sleeve elbow
Fra:14 Mem:79.60M (Peak 79.60M) | Time:00:00.04 | Mem:0.00M, Peak:0.00M | Scene, ViewLayer | Synchronizing object | Shutter rib.003
Fra:14 Mem:79.60M (Peak 79.60M) | Time:00:00.04 | Mem:0.00M, Peak:0.00M | Scene, ViewLayer | Synchronizing object | Shoulder joint
Fra:14 Mem:79.63M (Peak 79.63M) | Time:00:00.04 | Mem:0.00M, Peak:0.00M | Scene, ViewLayer | Synchronizing object | Shutter rib.004
Fra:14 Mem:79.62M (Peak 79.63M) | Time:00:00.04 | Mem:0.00M, Peak:0.00M | Scene, ViewLayer | Synchronizing object | Boot
Fra:14 Mem:79.66M (Peak 79.66M) | Time:00:00.04 | Mem:0.00M, Peak:0.00M | Scene, ViewLayer | Synchronizing object | Shutter rib.005
Fra:14 Mem:79.64M (Peak 79.66M) | Time:00:00.04 | Mem:0.00M, Peak:0.00M | Scene, ViewLayer | Synchronizing object | Shutter rib.006
Fra:14 Mem:79.67M (Peak 79.67M) | Time:00:00.04 | Mem:0.00M, Peak:0.00M | Scene, ViewLayer | Synchronizing object | Trouser thigh
Fra:14 Mem:79.66M (Peak 79.67M) | Time:00:00.04 | Mem:0.00M, Peak:0.00M | Scene, ViewLayer | Synchronizing object | Shutter latch
Fra:14 Mem:79.68M (Peak 79.68M) | Time:00:00.04 | Mem:0.00M, Peak:0.00M | Scene, ViewLayer | Synchronizing object | Jacket
Fra:14 Mem:79.72M (Peak 79.72M) | Time:00:00.04 | Mem:0.00M, Peak:0.00M | Scene, ViewLayer | Synchronizing object | Roller equipment shutter.001
Fra:14 Mem:79.74M (Peak 79.74M) | Time:00:00.04 | Mem:0.00M, Peak:0.00M | Scene, ViewLayer | Synchronizing object | Pelvis
Fra:14 Mem:79.73M (Peak 79.74M) | Time:00:00.04 | Mem:0.00M, Peak:0.00M | Scene, ViewLayer | Synchronizing object | Shutter rib.007
Fra:14 Mem:79.73M (Peak 79.74M) | Time:00:00.04 | Mem:0.00M, Peak:0.00M | Scene, ViewLayer | Synchronizing object | Shutter rib.008
Fra:14 Mem:79.75M (Peak 79.75M) | Time:00:00.04 | Mem:0.00M, Peak:0.00M | Scene, ViewLayer | Synchronizing object | Emergency beacon.003
Fra:14 Mem:79.78M (Peak 79.78M) | Time:00:00.04 | Mem:0.00M, Peak:0.00M | Scene, ViewLayer | Synchronizing object | Shutter rib.009
Fra:14 Mem:79.81M (Peak 79.81M) | Time:00:00.04 | Mem:0.00M, Peak:0.00M | Scene, ViewLayer | Synchronizing object | Shutter rib.010
Fra:14 Mem:79.80M (Peak 79.81M) | Time:00:00.04 | Mem:0.00M, Peak:0.00M | Scene, ViewLayer | Synchronizing object | Shutter rib.011
Fra:14 Mem:79.80M (Peak 79.81M) | Time:00:00.04 | Mem:0.00M, Peak:0.00M | Scene, ViewLayer | Synchronizing object | Emergency beacon.002
Fra:14 Mem:79.84M (Peak 79.84M) | Time:00:00.04 | Mem:0.00M, Peak:0.00M | Scene, ViewLayer | Synchronizing object | Shutter rib.012
Fra:14 Mem:79.85M (Peak 79.85M) | Time:00:00.04 | Mem:0.00M, Peak:0.00M | Scene, ViewLayer | Synchronizing object | Shutter rib.013
Fra:14 Mem:79.85M (Peak 79.85M) | Time:00:00.04 | Mem:0.00M, Peak:0.00M | Scene, ViewLayer | Synchronizing object | Shutter latch.001
Fra:14 Mem:79.85M (Peak 79.85M) | Time:00:00.04 | Mem:0.00M, Peak:0.00M | Scene, ViewLayer | Synchronizing object | Lightbar housing.001
Fra:14 Mem:79.87M (Peak 79.87M) | Time:00:00.04 | Mem:0.00M, Peak:0.00M | Scene, ViewLayer | Synchronizing object | Roller equipment shutter.002
Fra:14 Mem:79.89M (Peak 79.89M) | Time:00:00.04 | Mem:0.00M, Peak:0.00M | Scene, ViewLayer | Synchronizing object | Shutter rib.014
Fra:14 Mem:79.91M (Peak 79.91M) | Time:00:00.04 | Mem:0.00M, Peak:0.00M | Scene, ViewLayer | Synchronizing object | Shutter rib.015
Fra:14 Mem:79.90M (Peak 79.91M) | Time:00:00.04 | Mem:0.00M, Peak:0.00M | Scene, ViewLayer | Synchronizing object | Headlamp.003
Fra:14 Mem:79.94M (Peak 79.94M) | Time:00:00.04 | Mem:0.00M, Peak:0.00M | Scene, ViewLayer | Synchronizing object | Shutter rib.016
Fra:14 Mem:79.95M (Peak 79.95M) | Time:00:00.04 | Mem:0.00M, Peak:0.00M | Scene, ViewLayer | Synchronizing object | Shutter rib.017
Fra:14 Mem:79.95M (Peak 79.95M) | Time:00:00.04 | Mem:0.00M, Peak:0.00M | Scene, ViewLayer | Synchronizing object | Shutter rib.018
Fra:14 Mem:79.98M (Peak 79.98M) | Time:00:00.04 | Mem:0.00M, Peak:0.00M | Scene, ViewLayer | Synchronizing object | Headlamp.002
Fra:14 Mem:79.98M (Peak 79.98M) | Time:00:00.04 | Mem:0.00M, Peak:0.00M | Scene, ViewLayer | Synchronizing object | Shutter rib.019
Fra:14 Mem:80.00M (Peak 80.00M) | Time:00:00.04 | Mem:0.00M, Peak:0.00M | Scene, ViewLayer | Synchronizing object | Shutter rib.020
Fra:14 Mem:80.01M (Peak 80.01M) | Time:00:00.04 | Mem:0.00M, Peak:0.00M | Scene, ViewLayer | Synchronizing object | Shutter latch.002
Fra:14 Mem:80.03M (Peak 80.03M) | Time:00:00.04 | Mem:0.00M, Peak:0.00M | Scene, ViewLayer | Synchronizing object | Radiator grille.001
Fra:14 Mem:80.02M (Peak 80.03M) | Time:00:00.04 | Mem:0.00M, Peak:0.00M | Scene, ViewLayer | Synchronizing object | 119 side marking
Fra:14 Mem:80.06M (Peak 80.06M) | Time:00:00.04 | Mem:0.00M, Peak:0.00M | Scene, ViewLayer | Synchronizing object | Cab side window.001
Fra:14 Mem:80.08M (Peak 80.08M) | Time:00:00.04 | Mem:0.00M, Peak:0.00M | Scene, ViewLayer | Synchronizing object | Cab handle.001
Fra:14 Mem:80.08M (Peak 80.08M) | Time:00:00.04 | Mem:0.00M, Peak:0.00M | Scene, ViewLayer | Synchronizing object | Front bumper.001
Fra:14 Mem:80.12M (Peak 80.12M) | Time:00:00.04 | Mem:0.00M, Peak:0.00M | Scene, ViewLayer | Synchronizing object | Wing mirror.001
Fra:14 Mem:80.11M (Peak 80.12M) | Time:00:00.04 | Mem:0.00M, Peak:0.00M | Scene, ViewLayer | Synchronizing object | Safety stripe.001
Fra:14 Mem:80.15M (Peak 80.15M) | Time:00:00.04 | Mem:0.00M, Peak:0.00M | Scene, ViewLayer | Synchronizing object | Roller equipment shutter.003
Fra:14 Mem:80.13M (Peak 80.15M) | Time:00:00.04 | Mem:0.00M, Peak:0.00M | Scene, ViewLayer | Synchronizing object | Wheel rim.007
Fra:14 Mem:80.15M (Peak 80.15M) | Time:00:00.04 | Mem:0.00M, Peak:0.00M | Scene, ViewLayer | Synchronizing object | Tire.007
Fra:14 Mem:80.16M (Peak 80.16M) | Time:00:00.04 | Mem:0.00M, Peak:0.00M | Scene, ViewLayer | Synchronizing object | Wheel rim.006
Fra:14 Mem:80.15M (Peak 80.16M) | Time:00:00.04 | Mem:0.00M, Peak:0.00M | Scene, ViewLayer | Synchronizing object | Shutter rib.022
Fra:14 Mem:80.18M (Peak 80.18M) | Time:00:00.04 | Mem:0.00M, Peak:0.00M | Scene, ViewLayer | Synchronizing object | Tire.006
Fra:14 Mem:80.17M (Peak 80.18M) | Time:00:00.04 | Mem:0.00M, Peak:0.00M | Scene, ViewLayer | Synchronizing object | Shutter rib.023
Fra:14 Mem:80.21M (Peak 80.21M) | Time:00:00.04 | Mem:0.00M, Peak:0.00M | Scene, ViewLayer | Synchronizing object | Wheel rim.005
Fra:14 Mem:80.20M (Peak 80.21M) | Time:00:00.04 | Mem:0.00M, Peak:0.00M | Scene, ViewLayer | Synchronizing object | Tire.005
Fra:14 Mem:80.20M (Peak 80.21M) | Time:00:00.04 | Mem:0.00M, Peak:0.00M | Scene, ViewLayer | Synchronizing object | Shutter rib.024
Fra:14 Mem:80.21M (Peak 80.21M) | Time:00:00.04 | Mem:0.00M, Peak:0.00M | Scene, ViewLayer | Synchronizing object | Wheel rim.004
Fra:14 Mem:80.22M (Peak 80.22M) | Time:00:00.04 | Mem:0.00M, Peak:0.00M | Scene, ViewLayer | Synchronizing object | Tire.004
Fra:14 Mem:80.22M (Peak 80.22M) | Time:00:00.04 | Mem:0.00M, Peak:0.00M | Scene, ViewLayer | Synchronizing object | 119 side marking.003
Fra:14 Mem:80.26M (Peak 80.26M) | Time:00:00.04 | Mem:0.00M, Peak:0.00M | Scene, ViewLayer | Synchronizing object | Shutter rib.027
Fra:14 Mem:80.25M (Peak 80.26M) | Time:00:00.04 | Mem:0.00M, Peak:0.00M | Scene, ViewLayer | Synchronizing object | Medical cross horizontal.001
Fra:14 Mem:80.31M (Peak 80.31M) | Time:00:00.04 | Mem:0.00M, Peak:0.00M | Scene, ViewLayer | Synchronizing object | Shutter latch.003
Fra:14 Mem:80.32M (Peak 80.32M) | Time:00:00.04 | Mem:0.00M, Peak:0.00M | Scene, ViewLayer | Synchronizing object | Medical cross vertical.001
Fra:14 Mem:80.33M (Peak 80.33M) | Time:00:00.04 | Mem:0.00M, Peak:0.00M | Scene, ViewLayer | Synchronizing object | Roller equipment shutter.004
Fra:14 Mem:80.35M (Peak 80.35M) | Time:00:00.04 | Mem:0.00M, Peak:0.00M | Scene, ViewLayer | Synchronizing object | Shutter rib.028
Fra:14 Mem:80.38M (Peak 80.38M) | Time:00:00.04 | Mem:0.00M, Peak:0.00M | Scene, ViewLayer | Synchronizing object | Shutter rib.029
Fra:14 Mem:80.36M (Peak 80.38M) | Time:00:00.04 | Mem:0.00M, Peak:0.00M | Scene, ViewLayer | Synchronizing object | Patient window.001
Fra:14 Mem:80.38M (Peak 80.38M) | Time:00:00.04 | Mem:0.00M, Peak:0.00M | Scene, ViewLayer | Synchronizing object | Shutter rib.030
Fra:14 Mem:80.41M (Peak 80.41M) | Time:00:00.04 | Mem:0.00M, Peak:0.00M | Scene, ViewLayer | Synchronizing object | Shutter rib.031
Fra:14 Mem:80.42M (Peak 80.42M) | Time:00:00.04 | Mem:0.00M, Peak:0.00M | Scene, ViewLayer | Synchronizing object | Shutter rib.032
Fra:14 Mem:80.41M (Peak 80.42M) | Time:00:00.04 | Mem:0.00M, Peak:0.00M | Scene, ViewLayer | Synchronizing object | Safety stripe.003
Fra:14 Mem:80.43M (Peak 80.43M) | Time:00:00.04 | Mem:0.00M, Peak:0.00M | Scene, ViewLayer | Synchronizing object | Shutter rib.033
Fra:14 Mem:80.45M (Peak 80.45M) | Time:00:00.04 | Mem:0.00M, Peak:0.00M | Scene, ViewLayer | Synchronizing object | Shutter rib.034
Fra:14 Mem:80.47M (Peak 80.47M) | Time:00:00.04 | Mem:0.00M, Peak:0.00M | Scene, ViewLayer | Synchronizing object | Shutter latch.004
Fra:14 Mem:80.47M (Peak 80.47M) | Time:00:00.04 | Mem:0.00M, Peak:0.00M | Scene, ViewLayer | Synchronizing object | Wing mirror.003
Fra:14 Mem:80.48M (Peak 80.48M) | Time:00:00.04 | Mem:0.00M, Peak:0.00M | Scene, ViewLayer | Synchronizing object | Roller equipment shutter.005
Fra:14 Mem:80.50M (Peak 80.50M) | Time:00:00.04 | Mem:0.00M, Peak:0.00M | Scene, ViewLayer | Synchronizing object | Shutter rib.035
Fra:14 Mem:80.53M (Peak 80.53M) | Time:00:00.04 | Mem:0.00M, Peak:0.00M | Scene, ViewLayer | Synchronizing object | Shutter rib.036
Fra:14 Mem:80.52M (Peak 80.53M) | Time:00:00.04 | Mem:0.00M, Peak:0.00M | Scene, ViewLayer | Synchronizing object | Mirror arm.003
Fra:14 Mem:80.53M (Peak 80.53M) | Time:00:00.04 | Mem:0.00M, Peak:0.00M | Scene, ViewLayer | Synchronizing object | Shutter rib.037
Fra:14 Mem:80.54M (Peak 80.54M) | Time:00:00.04 | Mem:0.00M, Peak:0.00M | Scene, ViewLayer | Synchronizing object | Cab handle.003
Fra:14 Mem:80.55M (Peak 80.55M) | Time:00:00.04 | Mem:0.00M, Peak:0.00M | Scene, ViewLayer | Synchronizing object | Shutter rib.038
Fra:14 Mem:80.58M (Peak 80.58M) | Time:00:00.04 | Mem:0.00M, Peak:0.00M | Scene, ViewLayer | Synchronizing object | Shutter rib.039
Fra:14 Mem:80.59M (Peak 80.59M) | Time:00:00.04 | Mem:0.00M, Peak:0.00M | Scene, ViewLayer | Synchronizing object | Shutter rib.040
Fra:14 Mem:80.59M (Peak 80.59M) | Time:00:00.04 | Mem:0.00M, Peak:0.00M | Scene, ViewLayer | Synchronizing object | Shutter rib.041
Fra:14 Mem:80.63M (Peak 80.63M) | Time:00:00.04 | Mem:0.00M, Peak:0.00M | Scene, ViewLayer | Synchronizing object | Shutter latch.005
Fra:14 Mem:80.64M (Peak 80.64M) | Time:00:00.04 | Mem:0.00M, Peak:0.00M | Scene, ViewLayer | Synchronizing object | 119 side marking.001
Fra:14 Mem:80.67M (Peak 80.67M) | Time:00:00.04 | Mem:0.00M, Peak:0.00M | Scene, ViewLayer | Synchronizing object | Tire
Fra:14 Mem:80.67M (Peak 80.67M) | Time:00:00.04 | Mem:0.00M, Peak:0.00M | Scene, ViewLayer | Synchronizing object | 119 side marking.002
Fra:14 Mem:80.68M (Peak 80.68M) | Time:00:00.04 | Mem:0.00M, Peak:0.00M | Scene, ViewLayer | Synchronizing object | Tire.001
Fra:14 Mem:80.69M (Peak 80.69M) | Time:00:00.04 | Mem:0.00M, Peak:0.00M | Scene, ViewLayer | Synchronizing object | Wheel rim.001
Fra:14 Mem:80.71M (Peak 80.71M) | Time:00:00.04 | Mem:0.00M, Peak:0.00M | Scene, ViewLayer | Synchronizing object | Medical cross horizontal
Fra:14 Mem:80.71M (Peak 80.71M) | Time:00:00.04 | Mem:0.00M, Peak:0.00M | Scene, ViewLayer | Synchronizing object | Wheel rim.002
Fra:14 Mem:80.73M (Peak 80.73M) | Time:00:00.04 | Mem:0.00M, Peak:0.00M | Scene, ViewLayer | Synchronizing object | Wheel rim.003
Fra:14 Mem:80.73M (Peak 80.73M) | Time:00:00.04 | Mem:0.00M, Peak:0.00M | Scene, ViewLayer | Synchronizing object | Front bumper
Fra:14 Mem:80.75M (Peak 80.75M) | Time:00:00.04 | Mem:0.00M, Peak:0.00M | Scene, ViewLayer | Synchronizing object | Medical cross vertical
Fra:14 Mem:80.77M (Peak 80.77M) | Time:00:00.04 | Mem:0.00M, Peak:0.00M | Scene, ViewLayer | Synchronizing object | Radiator grille
Fra:14 Mem:80.79M (Peak 80.79M) | Time:00:00.04 | Mem:0.00M, Peak:0.00M | Scene, ViewLayer | Synchronizing object | Headlamp
Fra:14 Mem:80.78M (Peak 80.79M) | Time:00:00.04 | Mem:0.00M, Peak:0.00M | Scene, ViewLayer | Synchronizing object | Patient window
Fra:14 Mem:80.83M (Peak 80.83M) | Time:00:00.04 | Mem:0.00M, Peak:0.00M | Scene, ViewLayer | Synchronizing object | Lightbar housing
Fra:14 Mem:80.85M (Peak 80.85M) | Time:00:00.04 | Mem:0.00M, Peak:0.00M | Scene, ViewLayer | Synchronizing object | Emergency beacon
Fra:14 Mem:80.84M (Peak 80.85M) | Time:00:00.04 | Mem:0.00M, Peak:0.00M | Scene, ViewLayer | Synchronizing object | Safety stripe.002
Fra:14 Mem:80.85M (Peak 80.85M) | Time:00:00.04 | Mem:0.00M, Peak:0.00M | Scene, ViewLayer | Synchronizing object | Emergency beacon.001
Fra:14 Mem:80.87M (Peak 80.87M) | Time:00:00.04 | Mem:0.00M, Peak:0.00M | Scene, ViewLayer | Synchronizing object | Roof ladder rail
Fra:14 Mem:80.88M (Peak 80.88M) | Time:00:00.04 | Mem:0.00M, Peak:0.00M | Scene, ViewLayer | Synchronizing object | Roof ladder rail.001
Fra:14 Mem:80.87M (Peak 80.88M) | Time:00:00.04 | Mem:0.00M, Peak:0.00M | Scene, ViewLayer | Synchronizing object | Roof ladder rung
Fra:14 Mem:80.87M (Peak 80.88M) | Time:00:00.04 | Mem:0.00M, Peak:0.00M | Scene, ViewLayer | Synchronizing object | Roof ladder rung.002
Fra:14 Mem:80.87M (Peak 80.88M) | Time:00:00.04 | Mem:0.00M, Peak:0.00M | Scene, ViewLayer | Synchronizing object | Roof ladder rung.004
Fra:14 Mem:80.88M (Peak 80.88M) | Time:00:00.04 | Mem:0.00M, Peak:0.00M | Scene, ViewLayer | Synchronizing object | Roof ladder rung.005
Fra:14 Mem:80.88M (Peak 80.88M) | Time:00:00.04 | Mem:0.00M, Peak:0.00M | Scene, ViewLayer | Synchronizing object | Roof ladder rung.006
Fra:14 Mem:80.89M (Peak 80.89M) | Time:00:00.04 | Mem:0.00M, Peak:0.00M | Scene, ViewLayer | Synchronizing object | Roof ladder rung.007
Fra:14 Mem:80.91M (Peak 80.91M) | Time:00:00.04 | Mem:0.00M, Peak:0.00M | Scene, ViewLayer | Synchronizing object | Roof ladder rung.008
Fra:14 Mem:80.90M (Peak 80.91M) | Time:00:00.04 | Mem:0.00M, Peak:0.00M | Scene, ViewLayer | Synchronizing object | Roof ladder rung.010
Fra:14 Mem:80.91M (Peak 80.91M) | Time:00:00.04 | Mem:0.00M, Peak:0.00M | Scene, ViewLayer | Synchronizing object | Hose reel
Fra:14 Mem:80.91M (Peak 80.91M) | Time:00:00.04 | Mem:0.00M, Peak:0.00M | Scene, ViewLayer | Synchronizing object | Water monitor
Fra:14 Mem:80.92M (Peak 80.92M) | Time:00:00.04 | Mem:0.00M, Peak:0.00M | Scene, ViewLayer | Synchronizing object | Chassis.001
Fra:14 Mem:80.91M (Peak 80.92M) | Time:00:00.04 | Mem:0.00M, Peak:0.00M | Scene, ViewLayer | Synchronizing object | Mirror arm.002
Fra:14 Mem:80.93M (Peak 80.93M) | Time:00:00.04 | Mem:0.00M, Peak:0.00M | Scene, ViewLayer | Synchronizing object | Cab handle.002
Fra:14 Mem:80.94M (Peak 80.94M) | Time:00:00.04 | Mem:0.00M, Peak:0.00M | Scene, ViewLayer | Synchronizing object | Sloped crew cab.001
Fra:14 Mem:80.95M (Peak 80.95M) | Time:00:00.04 | Mem:0.00M, Peak:0.00M | Scene, ViewLayer | Synchronizing object | Cab side window.002
Fra:14 Mem:81.00M (Peak 81.00M) | Time:00:00.04 | Mem:0.00M, Peak:0.00M | Scene, ViewLayer | Synchronizing object | Windscreen.001
Fra:14 Mem:80.99M (Peak 81.00M) | Time:00:00.04 | Mem:0.00M, Peak:0.00M | Scene, ViewLayer | Initializing
Fra:14 Mem:53.43M (Peak 81.00M) | Time:00:00.04 | Mem:0.00M, Peak:0.00M | Scene, ViewLayer | Waiting for render to start
Fra:14 Mem:53.43M (Peak 81.00M) | Time:00:00.04 | Mem:0.00M, Peak:0.00M | Scene, ViewLayer | Updating Scene
Fra:14 Mem:53.43M (Peak 81.00M) | Time:00:00.04 | Mem:0.00M, Peak:0.00M | Scene, ViewLayer | Updating Shaders
Fra:14 Mem:53.43M (Peak 81.00M) | Time:00:00.04 | Mem:0.00M, Peak:0.00M | Scene, ViewLayer | Loading render kernels (may take a few minutes the first time)
Fra:14 Mem:53.53M (Peak 81.00M) | Time:00:00.05 | Mem:0.01M, Peak:0.01M | Scene, ViewLayer | Updating Procedurals
Fra:14 Mem:53.53M (Peak 81.00M) | Time:00:00.05 | Mem:0.01M, Peak:0.01M | Scene, ViewLayer | Updating Background
Fra:14 Mem:53.53M (Peak 81.00M) | Time:00:00.05 | Mem:0.01M, Peak:0.01M | Scene, ViewLayer | Updating Camera
Fra:14 Mem:53.53M (Peak 81.00M) | Time:00:00.05 | Mem:0.01M, Peak:0.01M | Scene, ViewLayer | Updating Meshes Flags
Fra:14 Mem:53.53M (Peak 81.00M) | Time:00:00.05 | Mem:0.01M, Peak:0.01M | Scene, ViewLayer | Updating Objects
Fra:14 Mem:53.53M (Peak 81.00M) | Time:00:00.05 | Mem:0.01M, Peak:0.01M | Scene, ViewLayer | Updating Objects | Copying Transformations to device
Fra:14 Mem:53.68M (Peak 81.00M) | Time:00:00.05 | Mem:0.16M, Peak:0.16M | Scene, ViewLayer | Updating Particle Systems
Fra:14 Mem:53.68M (Peak 81.00M) | Time:00:00.05 | Mem:0.16M, Peak:0.16M | Scene, ViewLayer | Updating Particle Systems | Copying Particles to device
Fra:14 Mem:53.68M (Peak 81.00M) | Time:00:00.05 | Mem:0.16M, Peak:0.16M | Scene, ViewLayer | Updating Meshes
Fra:14 Mem:53.68M (Peak 81.00M) | Time:00:00.05 | Mem:0.16M, Peak:0.16M | Scene, ViewLayer | Updating Objects | Applying Static Transformations
Fra:14 Mem:53.68M (Peak 81.00M) | Time:00:00.05 | Mem:0.16M, Peak:0.16M | Scene, ViewLayer | Updating Mesh | Computing attributes
Fra:14 Mem:54.75M (Peak 81.00M) | Time:00:00.05 | Mem:0.21M, Peak:0.21M | Scene, ViewLayer | Updating Mesh | Copying Attributes to device
Fra:14 Mem:54.67M (Peak 81.00M) | Time:00:00.05 | Mem:1.15M, Peak:1.15M | Scene, ViewLayer | Updating Scene BVH | Building
Fra:14 Mem:54.68M (Peak 81.00M) | Time:00:00.05 | Mem:1.15M, Peak:1.15M | Scene, ViewLayer | Updating Scene BVH | Building BVH
Fra:14 Mem:54.68M (Peak 81.00M) | Time:00:00.05 | Mem:3.08M, Peak:3.08M | Scene, ViewLayer | Updating Scene BVH | Building BVH 0%
Fra:14 Mem:54.68M (Peak 81.00M) | Time:00:00.05 | Mem:5.39M, Peak:7.32M | Scene, ViewLayer | Updating Scene BVH | Copying BVH to device
Fra:14 Mem:54.68M (Peak 81.00M) | Time:00:00.05 | Mem:5.39M, Peak:7.32M | Scene, ViewLayer | Updating Mesh | Computing normals
Fra:14 Mem:57.53M (Peak 81.00M) | Time:00:00.05 | Mem:5.39M, Peak:7.32M | Scene, ViewLayer | Updating Mesh | Copying Mesh to device
Fra:14 Mem:57.53M (Peak 81.00M) | Time:00:00.05 | Mem:8.24M, Peak:8.24M | Scene, ViewLayer | Updating Objects Flags
Fra:14 Mem:57.53M (Peak 81.00M) | Time:00:00.05 | Mem:8.25M, Peak:8.25M | Scene, ViewLayer | Updating Primitive Offsets
Fra:14 Mem:57.54M (Peak 81.00M) | Time:00:00.05 | Mem:8.25M, Peak:8.25M | Scene, ViewLayer | Updating Images
Fra:14 Mem:57.54M (Peak 81.00M) | Time:00:00.05 | Mem:8.25M, Peak:8.25M | Scene, ViewLayer | Updating Images | Loading Concrete031_1K-JPG_Color.jpg
Fra:14 Mem:61.54M (Peak 81.00M) | Time:00:00.05 | Mem:8.25M, Peak:8.25M | Scene, ViewLayer | Updating Images | Loading Metal032_1K-JPG_Color.jpg
Fra:14 Mem:65.55M (Peak 81.00M) | Time:00:00.07 | Mem:16.25M, Peak:16.25M | Scene, ViewLayer | Updating Camera Volume
Fra:14 Mem:65.55M (Peak 81.00M) | Time:00:00.07 | Mem:16.25M, Peak:16.25M | Scene, ViewLayer | Updating Lookup Tables
Fra:14 Mem:65.55M (Peak 81.00M) | Time:00:00.07 | Mem:16.33M, Peak:16.33M | Scene, ViewLayer | Updating Lights
Fra:14 Mem:65.55M (Peak 81.00M) | Time:00:00.07 | Mem:16.33M, Peak:16.33M | Scene, ViewLayer | Updating Lights | Computing tree
Fra:14 Mem:65.55M (Peak 81.00M) | Time:00:00.07 | Mem:16.34M, Peak:16.34M | Scene, ViewLayer | Updating Integrator
Fra:14 Mem:65.55M (Peak 81.00M) | Time:00:00.07 | Mem:16.34M, Peak:16.34M | Scene, ViewLayer | Updating Film
Fra:14 Mem:65.56M (Peak 81.00M) | Time:00:00.07 | Mem:16.26M, Peak:16.34M | Scene, ViewLayer | Updating Lookup Tables
Fra:14 Mem:65.56M (Peak 81.00M) | Time:00:00.07 | Mem:16.34M, Peak:16.34M | Scene, ViewLayer | Updating Baking
Fra:14 Mem:65.56M (Peak 81.00M) | Time:00:00.07 | Mem:16.34M, Peak:16.34M | Scene, ViewLayer | Updating Device | Writing constant memory
Fra:14 Mem:65.57M (Peak 81.00M) | Time:00:00.07 | Mem:16.34M, Peak:16.34M | Scene, ViewLayer | Loading denoising kernels (may take a few minutes the first time)
Fra:14 Mem:65.57M (Peak 81.00M) | Time:00:00.07 | Mem:16.34M, Peak:16.34M | Scene, ViewLayer | Sample 0/24
Fra:14 Mem:293.61M (Peak 293.61M) | Time:00:00.90 | Remaining:00:19.24 | Mem:244.35M, Peak:244.35M | Scene, ViewLayer | Sample 1/24
Fra:14 Mem:389.62M (Peak 533.62M) | Time:00:32.01 | Mem:244.35M, Peak:244.35M | Scene, ViewLayer | Sample 24/24
Fra:14 Mem:389.62M (Peak 533.62M) | Time:00:32.02 | Mem:244.35M, Peak:244.35M | Scene, ViewLayer | Finished
Saved: '/Users/um-yunsang/CHOOGuard/art/blender/response-set-front.png'
Time: 00:32.24 (Saving: 00:00.20)

Fra:14 Mem:75.36M (Peak 76.28M) | Time:00:00.04 | Mem:0.00M, Peak:0.00M | Scene, ViewLayer | Synchronizing object | Area
Fra:14 Mem:75.36M (Peak 76.28M) | Time:00:00.04 | Mem:0.00M, Peak:0.00M | Scene, ViewLayer | Synchronizing object | Glazed bay.001
Fra:14 Mem:75.37M (Peak 76.28M) | Time:00:00.04 | Mem:0.00M, Peak:0.00M | Scene, ViewLayer | Synchronizing object | Glazed bay.002
Fra:14 Mem:75.40M (Peak 76.28M) | Time:00:00.04 | Mem:0.00M, Peak:0.00M | Scene, ViewLayer | Synchronizing object | Horizontal mullion
Fra:14 Mem:75.41M (Peak 76.28M) | Time:00:00.04 | Mem:0.00M, Peak:0.00M | Scene, ViewLayer | Synchronizing object | Horizontal mullion.003
Fra:14 Mem:75.41M (Peak 76.28M) | Time:00:00.04 | Mem:0.00M, Peak:0.00M | Scene, ViewLayer | Synchronizing object | Horizontal mullion.004
Fra:14 Mem:75.41M (Peak 76.28M) | Time:00:00.04 | Mem:0.00M, Peak:0.00M | Scene, ViewLayer | Synchronizing object | Horizontal mullion.006
Fra:14 Mem:75.42M (Peak 76.28M) | Time:00:00.04 | Mem:0.00M, Peak:0.00M | Scene, ViewLayer | Synchronizing object | Vertical mullion.001
Fra:14 Mem:75.42M (Peak 76.28M) | Time:00:00.04 | Mem:0.00M, Peak:0.00M | Scene, ViewLayer | Synchronizing object | Vertical mullion.002
Fra:14 Mem:75.42M (Peak 76.28M) | Time:00:00.04 | Mem:0.00M, Peak:0.00M | Scene, ViewLayer | Synchronizing object | Primary rib
Fra:14 Mem:75.43M (Peak 76.28M) | Time:00:00.04 | Mem:0.00M, Peak:0.00M | Scene, ViewLayer | Synchronizing object | Curved eave panel
Fra:14 Mem:75.43M (Peak 76.28M) | Time:00:00.04 | Mem:0.00M, Peak:0.00M | Scene, ViewLayer | Synchronizing object | Eave silver edge
Fra:14 Mem:75.44M (Peak 76.28M) | Time:00:00.04 | Mem:0.00M, Peak:0.00M | Scene, ViewLayer | Synchronizing object | Roof rib
Fra:14 Mem:75.44M (Peak 76.28M) | Time:00:00.04 | Mem:0.00M, Peak:0.00M | Scene, ViewLayer | Synchronizing object | Glazed bay.004
Fra:14 Mem:75.48M (Peak 76.28M) | Time:00:00.04 | Mem:0.00M, Peak:0.00M | Scene, ViewLayer | Synchronizing object | Glazed bay.005
Fra:14 Mem:75.50M (Peak 76.28M) | Time:00:00.04 | Mem:0.00M, Peak:0.00M | Scene, ViewLayer | Synchronizing object | Horizontal mullion.007
Fra:14 Mem:75.50M (Peak 76.28M) | Time:00:00.04 | Mem:0.00M, Peak:0.00M | Scene, ViewLayer | Synchronizing object | Horizontal mullion.009
Fra:14 Mem:75.50M (Peak 76.28M) | Time:00:00.04 | Mem:0.00M, Peak:0.00M | Scene, ViewLayer | Synchronizing object | Horizontal mullion.010
Fra:14 Mem:75.50M (Peak 76.28M) | Time:00:00.04 | Mem:0.00M, Peak:0.00M | Scene, ViewLayer | Synchronizing object | Horizontal mullion.011
Fra:14 Mem:75.50M (Peak 76.28M) | Time:00:00.04 | Mem:0.00M, Peak:0.00M | Scene, ViewLayer | Synchronizing object | Horizontal mullion.012
Fra:14 Mem:75.51M (Peak 76.28M) | Time:00:00.04 | Mem:0.00M, Peak:0.00M | Scene, ViewLayer | Synchronizing object | Vertical mullion.003
Fra:14 Mem:75.51M (Peak 76.28M) | Time:00:00.04 | Mem:0.00M, Peak:0.00M | Scene, ViewLayer | Synchronizing object | Vertical mullion.005
Fra:14 Mem:75.52M (Peak 76.28M) | Time:00:00.04 | Mem:0.00M, Peak:0.00M | Scene, ViewLayer | Synchronizing object | Vertical mullion.006
Fra:14 Mem:75.52M (Peak 76.28M) | Time:00:00.04 | Mem:0.00M, Peak:0.00M | Scene, ViewLayer | Synchronizing object | Vertical mullion.007
Fra:14 Mem:75.52M (Peak 76.28M) | Time:00:00.04 | Mem:0.00M, Peak:0.00M | Scene, ViewLayer | Synchronizing object | Primary rib.001
Fra:14 Mem:75.53M (Peak 76.28M) | Time:00:00.04 | Mem:0.00M, Peak:0.00M | Scene, ViewLayer | Synchronizing object | Eave silver edge.001
Fra:14 Mem:75.53M (Peak 76.28M) | Time:00:00.04 | Mem:0.00M, Peak:0.00M | Scene, ViewLayer | Synchronizing object | Roof rib.001
Fra:14 Mem:75.53M (Peak 76.28M) | Time:00:00.04 | Mem:0.00M, Peak:0.00M | Scene, ViewLayer | Synchronizing object | Stone terrace.001
Fra:14 Mem:75.55M (Peak 76.28M) | Time:00:00.04 | Mem:0.00M, Peak:0.00M | Scene, ViewLayer | Synchronizing object | Entrance door
Fra:14 Mem:75.57M (Peak 76.28M) | Time:00:00.04 | Mem:0.00M, Peak:0.00M | Scene, ViewLayer | Synchronizing object | Door glazing
Fra:14 Mem:75.58M (Peak 76.28M) | Time:00:00.04 | Mem:0.00M, Peak:0.00M | Scene, ViewLayer | Synchronizing object | Door handle
Fra:14 Mem:75.60M (Peak 76.28M) | Time:00:00.04 | Mem:0.00M, Peak:0.00M | Scene, ViewLayer | Synchronizing object | Entrance door.001
Fra:14 Mem:75.59M (Peak 76.28M) | Time:00:00.04 | Mem:0.00M, Peak:0.00M | Scene, ViewLayer | Synchronizing object | Door glazing.001
Fra:14 Mem:75.62M (Peak 76.28M) | Time:00:00.04 | Mem:0.00M, Peak:0.00M | Scene, ViewLayer | Synchronizing object | Door handle.001
Fra:14 Mem:75.62M (Peak 76.28M) | Time:00:00.04 | Mem:0.00M, Peak:0.00M | Scene, ViewLayer | Synchronizing object | Entrance canopy
Fra:14 Mem:75.62M (Peak 76.28M) | Time:00:00.04 | Mem:0.00M, Peak:0.00M | Scene, ViewLayer | Synchronizing object | Canopy column
Fra:14 Mem:75.63M (Peak 76.28M) | Time:00:00.04 | Mem:0.00M, Peak:0.00M | Scene, ViewLayer | Synchronizing object | Canopy column.001
Fra:14 Mem:75.63M (Peak 76.28M) | Time:00:00.04 | Mem:0.00M, Peak:0.00M | Scene, ViewLayer | Synchronizing object | Terrace stairs.001
Fra:14 Mem:75.66M (Peak 76.28M) | Time:00:00.04 | Mem:0.00M, Peak:0.00M | Scene, ViewLayer | Synchronizing object | Terrace stairs.002
Fra:14 Mem:75.69M (Peak 76.28M) | Time:00:00.04 | Mem:0.00M, Peak:0.00M | Scene, ViewLayer | Synchronizing object | Terrace stairs.003
Fra:14 Mem:75.68M (Peak 76.28M) | Time:00:00.04 | Mem:0.00M, Peak:0.00M | Scene, ViewLayer | Synchronizing object | Terrace stairs.004
Fra:14 Mem:75.70M (Peak 76.28M) | Time:00:00.04 | Mem:0.00M, Peak:0.00M | Scene, ViewLayer | Synchronizing object | Terrace stairs.005
Fra:14 Mem:75.72M (Peak 76.28M) | Time:00:00.04 | Mem:0.00M, Peak:0.00M | Scene, ViewLayer | Synchronizing object | Terrace stairs.006
Fra:14 Mem:75.73M (Peak 76.28M) | Time:00:00.04 | Mem:0.00M, Peak:0.00M | Scene, ViewLayer | Synchronizing object | Terrace stairs.007
Fra:14 Mem:75.75M (Peak 76.28M) | Time:00:00.04 | Mem:0.00M, Peak:0.00M | Scene, ViewLayer | Synchronizing object | Glazed bay.006
Fra:14 Mem:75.76M (Peak 76.28M) | Time:00:00.04 | Mem:0.00M, Peak:0.00M | Scene, ViewLayer | Synchronizing object | Glazed bay.007
Fra:14 Mem:75.77M (Peak 76.28M) | Time:00:00.04 | Mem:0.00M, Peak:0.00M | Scene, ViewLayer | Synchronizing object | Glazed bay.008
Fra:14 Mem:75.79M (Peak 76.28M) | Time:00:00.04 | Mem:0.00M, Peak:0.00M | Scene, ViewLayer | Synchronizing object | Horizontal mullion.014
Fra:14 Mem:75.80M (Peak 76.28M) | Time:00:00.04 | Mem:0.00M, Peak:0.00M | Scene, ViewLayer | Synchronizing object | Horizontal mullion.015
Fra:14 Mem:75.78M (Peak 76.28M) | Time:00:00.04 | Mem:0.00M, Peak:0.00M | Scene, ViewLayer | Synchronizing object | Horizontal mullion.016
Fra:14 Mem:75.79M (Peak 76.28M) | Time:00:00.04 | Mem:0.00M, Peak:0.00M | Scene, ViewLayer | Synchronizing object | Horizontal mullion.017
Fra:14 Mem:75.78M (Peak 76.28M) | Time:00:00.04 | Mem:0.00M, Peak:0.00M | Scene, ViewLayer | Synchronizing object | Horizontal mullion.018
Fra:14 Mem:75.79M (Peak 76.28M) | Time:00:00.04 | Mem:0.00M, Peak:0.00M | Scene, ViewLayer | Synchronizing object | Horizontal mullion.020
Fra:14 Mem:75.79M (Peak 76.28M) | Time:00:00.04 | Mem:0.00M, Peak:0.00M | Scene, ViewLayer | Synchronizing object | Vertical mullion.008
Fra:14 Mem:75.79M (Peak 76.28M) | Time:00:00.04 | Mem:0.00M, Peak:0.00M | Scene, ViewLayer | Synchronizing object | Vertical mullion.009
Fra:14 Mem:75.80M (Peak 76.28M) | Time:00:00.04 | Mem:0.00M, Peak:0.00M | Scene, ViewLayer | Synchronizing object | Vertical mullion.010
Fra:14 Mem:75.80M (Peak 76.28M) | Time:00:00.04 | Mem:0.00M, Peak:0.00M | Scene, ViewLayer | Synchronizing object | Vertical mullion.012
Fra:14 Mem:75.80M (Peak 76.28M) | Time:00:00.04 | Mem:0.00M, Peak:0.00M | Scene, ViewLayer | Synchronizing object | Primary rib.002
Fra:14 Mem:75.81M (Peak 76.28M) | Time:00:00.04 | Mem:0.00M, Peak:0.00M | Scene, ViewLayer | Synchronizing object | Curved eave panel.002
Fra:14 Mem:75.81M (Peak 76.28M) | Time:00:00.04 | Mem:0.00M, Peak:0.00M | Scene, ViewLayer | Synchronizing object | Eave silver edge.002
Fra:14 Mem:75.81M (Peak 76.28M) | Time:00:00.04 | Mem:0.00M, Peak:0.00M | Scene, ViewLayer | Synchronizing object | Roof rib.002
Fra:14 Mem:75.81M (Peak 76.28M) | Time:00:00.04 | Mem:0.00M, Peak:0.00M | Scene, ViewLayer | Synchronizing object | Stone terrace.002
Fra:14 Mem:75.82M (Peak 76.28M) | Time:00:00.04 | Mem:0.00M, Peak:0.00M | Scene, ViewLayer | Synchronizing object | Glazed bay.009
Fra:14 Mem:75.85M (Peak 76.28M) | Time:00:00.04 | Mem:0.00M, Peak:0.00M | Scene, ViewLayer | Synchronizing object | Glazed bay.010
Fra:14 Mem:75.87M (Peak 76.28M) | Time:00:00.04 | Mem:0.00M, Peak:0.00M | Scene, ViewLayer | Synchronizing object | Glazed bay.011
Fra:14 Mem:75.90M (Peak 76.28M) | Time:00:00.04 | Mem:0.00M, Peak:0.00M | Scene, ViewLayer | Synchronizing object | Horizontal mullion.021
Fra:14 Mem:75.88M (Peak 76.28M) | Time:00:00.04 | Mem:0.00M, Peak:0.00M | Scene, ViewLayer | Synchronizing object | Horizontal mullion.022
Fra:14 Mem:75.88M (Peak 76.28M) | Time:00:00.04 | Mem:0.00M, Peak:0.00M | Scene, ViewLayer | Synchronizing object | Horizontal mullion.023
Fra:14 Mem:75.89M (Peak 76.28M) | Time:00:00.04 | Mem:0.00M, Peak:0.00M | Scene, ViewLayer | Synchronizing object | Horizontal mullion.024
Fra:14 Mem:75.88M (Peak 76.28M) | Time:00:00.04 | Mem:0.00M, Peak:0.00M | Scene, ViewLayer | Synchronizing object | Horizontal mullion.026
Fra:14 Mem:75.89M (Peak 76.28M) | Time:00:00.04 | Mem:0.00M, Peak:0.00M | Scene, ViewLayer | Synchronizing object | Vertical mullion.013
Fra:14 Mem:75.89M (Peak 76.28M) | Time:00:00.04 | Mem:0.00M, Peak:0.00M | Scene, ViewLayer | Synchronizing object | Vertical mullion.014
Fra:14 Mem:75.89M (Peak 76.28M) | Time:00:00.04 | Mem:0.00M, Peak:0.00M | Scene, ViewLayer | Synchronizing object | Vertical mullion.015
Fra:14 Mem:75.90M (Peak 76.28M) | Time:00:00.04 | Mem:0.00M, Peak:0.00M | Scene, ViewLayer | Synchronizing object | Vertical mullion.016
Fra:14 Mem:75.90M (Peak 76.28M) | Time:00:00.04 | Mem:0.00M, Peak:0.00M | Scene, ViewLayer | Synchronizing object | Vertical mullion.017
Fra:14 Mem:75.91M (Peak 76.28M) | Time:00:00.04 | Mem:0.00M, Peak:0.00M | Scene, ViewLayer | Synchronizing object | Primary rib.003
Fra:14 Mem:75.91M (Peak 76.28M) | Time:00:00.04 | Mem:0.00M, Peak:0.00M | Scene, ViewLayer | Synchronizing object | Eave silver edge.003
Fra:14 Mem:75.91M (Peak 76.28M) | Time:00:00.04 | Mem:0.00M, Peak:0.00M | Scene, ViewLayer | Synchronizing object | Roof rib.003
Fra:14 Mem:75.91M (Peak 76.28M) | Time:00:00.04 | Mem:0.00M, Peak:0.00M | Scene, ViewLayer | Synchronizing object | Stone terrace.003
Fra:14 Mem:75.91M (Peak 76.28M) | Time:00:00.04 | Mem:0.00M, Peak:0.00M | Scene, ViewLayer | Synchronizing object | Glazed bay.012
Fra:14 Mem:75.95M (Peak 76.28M) | Time:00:00.04 | Mem:0.00M, Peak:0.00M | Scene, ViewLayer | Synchronizing object | Glazed bay.013
Fra:14 Mem:75.97M (Peak 76.28M) | Time:00:00.04 | Mem:0.00M, Peak:0.00M | Scene, ViewLayer | Synchronizing object | Glazed bay.014
Fra:14 Mem:75.96M (Peak 76.28M) | Time:00:00.04 | Mem:0.00M, Peak:0.00M | Scene, ViewLayer | Synchronizing object | Horizontal mullion.028
Fra:14 Mem:75.98M (Peak 76.28M) | Time:00:00.04 | Mem:0.00M, Peak:0.00M | Scene, ViewLayer | Synchronizing object | Horizontal mullion.029
Fra:14 Mem:75.98M (Peak 76.28M) | Time:00:00.04 | Mem:0.00M, Peak:0.00M | Scene, ViewLayer | Synchronizing object | Horizontal mullion.031
Fra:14 Mem:75.98M (Peak 76.28M) | Time:00:00.04 | Mem:0.00M, Peak:0.00M | Scene, ViewLayer | Synchronizing object | Horizontal mullion.032
Fra:14 Mem:75.98M (Peak 76.28M) | Time:00:00.04 | Mem:0.00M, Peak:0.00M | Scene, ViewLayer | Synchronizing object | Horizontal mullion.033
Fra:14 Mem:75.98M (Peak 76.28M) | Time:00:00.04 | Mem:0.00M, Peak:0.00M | Scene, ViewLayer | Synchronizing object | Vertical mullion.018
Fra:14 Mem:75.99M (Peak 76.28M) | Time:00:00.04 | Mem:0.00M, Peak:0.00M | Scene, ViewLayer | Synchronizing object | Vertical mullion.019
Fra:14 Mem:75.99M (Peak 76.28M) | Time:00:00.04 | Mem:0.00M, Peak:0.00M | Scene, ViewLayer | Synchronizing object | Vertical mullion.022
Fra:14 Mem:76.00M (Peak 76.28M) | Time:00:00.04 | Mem:0.00M, Peak:0.00M | Scene, ViewLayer | Synchronizing object | Primary rib.004
Fra:14 Mem:76.00M (Peak 76.28M) | Time:00:00.04 | Mem:0.00M, Peak:0.00M | Scene, ViewLayer | Synchronizing object | Curved eave panel.004
Fra:14 Mem:76.00M (Peak 76.28M) | Time:00:00.04 | Mem:0.00M, Peak:0.00M | Scene, ViewLayer | Synchronizing object | Eave silver edge.004
Fra:14 Mem:76.00M (Peak 76.28M) | Time:00:00.04 | Mem:0.00M, Peak:0.00M | Scene, ViewLayer | Synchronizing object | Roof rib.004
Fra:14 Mem:76.01M (Peak 76.28M) | Time:00:00.04 | Mem:0.00M, Peak:0.00M | Scene, ViewLayer | Synchronizing object | Entrance door.002
Fra:14 Mem:76.02M (Peak 76.28M) | Time:00:00.04 | Mem:0.00M, Peak:0.00M | Scene, ViewLayer | Synchronizing object | Door glazing.002
Fra:14 Mem:76.03M (Peak 76.28M) | Time:00:00.04 | Mem:0.00M, Peak:0.00M | Scene, ViewLayer | Synchronizing object | Door handle.002
Fra:14 Mem:76.06M (Peak 76.28M) | Time:00:00.04 | Mem:0.00M, Peak:0.00M | Scene, ViewLayer | Synchronizing object | Entrance door.003
Fra:14 Mem:76.08M (Peak 76.28M) | Time:00:00.04 | Mem:0.00M, Peak:0.00M | Scene, ViewLayer | Synchronizing object | Door glazing.003
Fra:14 Mem:76.10M (Peak 76.28M) | Time:00:00.04 | Mem:0.00M, Peak:0.00M | Scene, ViewLayer | Synchronizing object | Door handle.003
Fra:14 Mem:76.10M (Peak 76.28M) | Time:00:00.04 | Mem:0.00M, Peak:0.00M | Scene, ViewLayer | Synchronizing object | Entrance canopy.001
Fra:14 Mem:76.09M (Peak 76.28M) | Time:00:00.04 | Mem:0.00M, Peak:0.00M | Scene, ViewLayer | Synchronizing object | Canopy column.002
Fra:14 Mem:76.12M (Peak 76.28M) | Time:00:00.04 | Mem:0.00M, Peak:0.00M | Scene, ViewLayer | Synchronizing object | Canopy column.003
Fra:14 Mem:76.11M (Peak 76.28M) | Time:00:00.04 | Mem:0.00M, Peak:0.00M | Scene, ViewLayer | Synchronizing object | Terrace stairs.008
Fra:14 Mem:76.11M (Peak 76.28M) | Time:00:00.04 | Mem:0.00M, Peak:0.00M | Scene, ViewLayer | Synchronizing object | Terrace stairs.009
Fra:14 Mem:76.14M (Peak 76.28M) | Time:00:00.04 | Mem:0.00M, Peak:0.00M | Scene, ViewLayer | Synchronizing object | Terrace stairs.010
Fra:14 Mem:76.15M (Peak 76.28M) | Time:00:00.04 | Mem:0.00M, Peak:0.00M | Scene, ViewLayer | Synchronizing object | Terrace stairs.011
Fra:14 Mem:76.15M (Peak 76.28M) | Time:00:00.04 | Mem:0.00M, Peak:0.00M | Scene, ViewLayer | Synchronizing object | Terrace stairs.012
Fra:14 Mem:76.19M (Peak 76.28M) | Time:00:00.04 | Mem:0.00M, Peak:0.00M | Scene, ViewLayer | Synchronizing object | Terrace stairs.013
Fra:14 Mem:76.20M (Peak 76.28M) | Time:00:00.04 | Mem:0.00M, Peak:0.00M | Scene, ViewLayer | Synchronizing object | Terrace stairs.014
Fra:14 Mem:76.19M (Peak 76.28M) | Time:00:00.04 | Mem:0.00M, Peak:0.00M | Scene, ViewLayer | Synchronizing object | Terrace stairs.015
Fra:14 Mem:76.22M (Peak 76.28M) | Time:00:00.04 | Mem:0.00M, Peak:0.00M | Scene, ViewLayer | Synchronizing object | Glazed bay.015
Fra:14 Mem:76.23M (Peak 76.28M) | Time:00:00.04 | Mem:0.00M, Peak:0.00M | Scene, ViewLayer | Synchronizing object | Glazed bay.016
Fra:14 Mem:76.23M (Peak 76.28M) | Time:00:00.04 | Mem:0.00M, Peak:0.00M | Scene, ViewLayer | Synchronizing object | Glazed bay.017
Fra:14 Mem:76.26M (Peak 76.28M) | Time:00:00.04 | Mem:0.00M, Peak:0.00M | Scene, ViewLayer | Synchronizing object | Horizontal mullion.035
Fra:14 Mem:76.27M (Peak 76.28M) | Time:00:00.04 | Mem:0.00M, Peak:0.00M | Scene, ViewLayer | Synchronizing object | Horizontal mullion.036
Fra:14 Mem:76.27M (Peak 76.28M) | Time:00:00.04 | Mem:0.00M, Peak:0.00M | Scene, ViewLayer | Synchronizing object | Horizontal mullion.037
Fra:14 Mem:76.26M (Peak 76.28M) | Time:00:00.04 | Mem:0.00M, Peak:0.00M | Scene, ViewLayer | Synchronizing object | Horizontal mullion.038
Fra:14 Mem:76.26M (Peak 76.28M) | Time:00:00.04 | Mem:0.00M, Peak:0.00M | Scene, ViewLayer | Synchronizing object | Horizontal mullion.040
Fra:14 Mem:76.26M (Peak 76.28M) | Time:00:00.04 | Mem:0.00M, Peak:0.00M | Scene, ViewLayer | Synchronizing object | Horizontal mullion.041
Fra:14 Mem:76.27M (Peak 76.28M) | Time:00:00.04 | Mem:0.00M, Peak:0.00M | Scene, ViewLayer | Synchronizing object | Vertical mullion.024
Fra:14 Mem:76.27M (Peak 76.28M) | Time:00:00.04 | Mem:0.00M, Peak:0.00M | Scene, ViewLayer | Synchronizing object | Vertical mullion.025
Fra:14 Mem:76.27M (Peak 76.28M) | Time:00:00.04 | Mem:0.00M, Peak:0.00M | Scene, ViewLayer | Synchronizing object | Vertical mullion.026
Fra:14 Mem:76.28M (Peak 76.28M) | Time:00:00.04 | Mem:0.00M, Peak:0.00M | Scene, ViewLayer | Synchronizing object | Vertical mullion.027
Fra:14 Mem:76.28M (Peak 76.28M) | Time:00:00.04 | Mem:0.00M, Peak:0.00M | Scene, ViewLayer | Synchronizing object | Primary rib.005
Fra:14 Mem:76.28M (Peak 76.28M) | Time:00:00.04 | Mem:0.00M, Peak:0.00M | Scene, ViewLayer | Synchronizing object | Eave silver edge.005
Fra:14 Mem:76.29M (Peak 76.29M) | Time:00:00.04 | Mem:0.00M, Peak:0.00M | Scene, ViewLayer | Synchronizing object | Roof rib.005
Fra:14 Mem:76.29M (Peak 76.29M) | Time:00:00.04 | Mem:0.00M, Peak:0.00M | Scene, ViewLayer | Synchronizing object | Stone terrace.005
Fra:14 Mem:76.32M (Peak 76.32M) | Time:00:00.04 | Mem:0.00M, Peak:0.00M | Scene, ViewLayer | Synchronizing object | Glazed bay.018
Fra:14 Mem:76.33M (Peak 76.33M) | Time:00:00.04 | Mem:0.00M, Peak:0.00M | Scene, ViewLayer | Synchronizing object | Glazed bay.019
Fra:14 Mem:76.34M (Peak 76.34M) | Time:00:00.04 | Mem:0.00M, Peak:0.00M | Scene, ViewLayer | Synchronizing object | Glazed bay.020
Fra:14 Mem:76.36M (Peak 76.36M) | Time:00:00.04 | Mem:0.00M, Peak:0.00M | Scene, ViewLayer | Synchronizing object | Horizontal mullion.042
Fra:14 Mem:76.36M (Peak 76.36M) | Time:00:00.04 | Mem:0.00M, Peak:0.00M | Scene, ViewLayer | Synchronizing object | Horizontal mullion.043
Fra:14 Mem:76.37M (Peak 76.37M) | Time:00:00.04 | Mem:0.00M, Peak:0.00M | Scene, ViewLayer | Synchronizing object | Horizontal mullion.045
Fra:14 Mem:76.36M (Peak 76.37M) | Time:00:00.04 | Mem:0.00M, Peak:0.00M | Scene, ViewLayer | Synchronizing object | Horizontal mullion.047
Fra:14 Mem:76.36M (Peak 76.37M) | Time:00:00.04 | Mem:0.00M, Peak:0.00M | Scene, ViewLayer | Synchronizing object | Horizontal mullion.048
Fra:14 Mem:76.37M (Peak 76.37M) | Time:00:00.04 | Mem:0.00M, Peak:0.00M | Scene, ViewLayer | Synchronizing object | Vertical mullion.028
Fra:14 Mem:76.37M (Peak 76.37M) | Time:00:00.04 | Mem:0.00M, Peak:0.00M | Scene, ViewLayer | Synchronizing object | Vertical mullion.029
Fra:14 Mem:76.37M (Peak 76.37M) | Time:00:00.04 | Mem:0.00M, Peak:0.00M | Scene, ViewLayer | Synchronizing object | Primary rib.006
Fra:14 Mem:76.38M (Peak 76.38M) | Time:00:00.04 | Mem:0.00M, Peak:0.00M | Scene, ViewLayer | Synchronizing object | Eave silver edge.006
Fra:14 Mem:76.38M (Peak 76.38M) | Time:00:00.04 | Mem:0.00M, Peak:0.00M | Scene, ViewLayer | Synchronizing object | Roof rib.006
Fra:14 Mem:76.38M (Peak 76.38M) | Time:00:00.04 | Mem:0.00M, Peak:0.00M | Scene, ViewLayer | Synchronizing object | Stone terrace.006
Fra:14 Mem:76.40M (Peak 76.40M) | Time:00:00.04 | Mem:0.00M, Peak:0.00M | Scene, ViewLayer | Synchronizing object | Glazed bay.021
Fra:14 Mem:76.43M (Peak 76.43M) | Time:00:00.04 | Mem:0.00M, Peak:0.00M | Scene, ViewLayer | Synchronizing object | Glazed bay.022
Fra:14 Mem:76.43M (Peak 76.43M) | Time:00:00.04 | Mem:0.00M, Peak:0.00M | Scene, ViewLayer | Synchronizing object | Glazed bay.023
Fra:14 Mem:76.43M (Peak 76.43M) | Time:00:00.04 | Mem:0.00M, Peak:0.00M | Scene, ViewLayer | Synchronizing object | Horizontal mullion.049
Fra:14 Mem:76.44M (Peak 76.44M) | Time:00:00.04 | Mem:0.00M, Peak:0.00M | Scene, ViewLayer | Synchronizing object | Horizontal mullion.050
Fra:14 Mem:76.44M (Peak 76.44M) | Time:00:00.04 | Mem:0.00M, Peak:0.00M | Scene, ViewLayer | Synchronizing object | Horizontal mullion.051
Fra:14 Mem:76.44M (Peak 76.44M) | Time:00:00.04 | Mem:0.00M, Peak:0.00M | Scene, ViewLayer | Synchronizing object | Horizontal mullion.052
Fra:14 Mem:76.44M (Peak 76.44M) | Time:00:00.04 | Mem:0.00M, Peak:0.00M | Scene, ViewLayer | Synchronizing object | Horizontal mullion.053
Fra:14 Mem:76.47M (Peak 76.47M) | Time:00:00.04 | Mem:0.00M, Peak:0.00M | Scene, ViewLayer | Synchronizing object | Horizontal mullion.054
Fra:14 Mem:76.46M (Peak 76.47M) | Time:00:00.04 | Mem:0.00M, Peak:0.00M | Scene, ViewLayer | Synchronizing object | Horizontal mullion.055
Fra:14 Mem:76.47M (Peak 76.47M) | Time:00:00.04 | Mem:0.00M, Peak:0.00M | Scene, ViewLayer | Synchronizing object | Vertical mullion.031
Fra:14 Mem:76.47M (Peak 76.47M) | Time:00:00.04 | Mem:0.00M, Peak:0.00M | Scene, ViewLayer | Synchronizing object | Primary rib.007
Fra:14 Mem:76.47M (Peak 76.47M) | Time:00:00.04 | Mem:0.00M, Peak:0.00M | Scene, ViewLayer | Synchronizing object | Roof rib.007
Fra:14 Mem:76.47M (Peak 76.47M) | Time:00:00.04 | Mem:0.00M, Peak:0.00M | Scene, ViewLayer | Synchronizing object | Stone terrace.007
Fra:14 Mem:76.49M (Peak 76.49M) | Time:00:00.04 | Mem:0.00M, Peak:0.00M | Scene, ViewLayer | Synchronizing object | Entrance door.004
Fra:14 Mem:76.50M (Peak 76.50M) | Time:00:00.04 | Mem:0.00M, Peak:0.00M | Scene, ViewLayer | Synchronizing object | Door glazing.004
Fra:14 Mem:76.52M (Peak 76.52M) | Time:00:00.04 | Mem:0.00M, Peak:0.00M | Scene, ViewLayer | Synchronizing object | Door handle.004
Fra:14 Mem:76.54M (Peak 76.54M) | Time:00:00.04 | Mem:0.00M, Peak:0.00M | Scene, ViewLayer | Synchronizing object | Entrance door.005
Fra:14 Mem:76.56M (Peak 76.56M) | Time:00:00.04 | Mem:0.00M, Peak:0.00M | Scene, ViewLayer | Synchronizing object | Door glazing.005
Fra:14 Mem:76.54M (Peak 76.56M) | Time:00:00.04 | Mem:0.00M, Peak:0.00M | Scene, ViewLayer | Synchronizing object | Door handle.005
Fra:14 Mem:76.56M (Peak 76.56M) | Time:00:00.04 | Mem:0.00M, Peak:0.00M | Scene, ViewLayer | Synchronizing object | Entrance canopy.002
Fra:14 Mem:76.57M (Peak 76.57M) | Time:00:00.04 | Mem:0.00M, Peak:0.00M | Scene, ViewLayer | Synchronizing object | Canopy column.004
Fra:14 Mem:76.58M (Peak 76.58M) | Time:00:00.04 | Mem:0.00M, Peak:0.00M | Scene, ViewLayer | Synchronizing object | Canopy column.005
Fra:14 Mem:76.58M (Peak 76.58M) | Time:00:00.04 | Mem:0.00M, Peak:0.00M | Scene, ViewLayer | Synchronizing object | Terrace stairs.016
Fra:14 Mem:76.58M (Peak 76.58M) | Time:00:00.04 | Mem:0.00M, Peak:0.00M | Scene, ViewLayer | Synchronizing object | Terrace stairs.017
Fra:14 Mem:76.60M (Peak 76.60M) | Time:00:00.04 | Mem:0.00M, Peak:0.00M | Scene, ViewLayer | Synchronizing object | Terrace stairs.018
Fra:14 Mem:76.62M (Peak 76.62M) | Time:00:00.04 | Mem:0.00M, Peak:0.00M | Scene, ViewLayer | Synchronizing object | Terrace stairs.019
Fra:14 Mem:76.65M (Peak 76.65M) | Time:00:00.04 | Mem:0.00M, Peak:0.00M | Scene, ViewLayer | Synchronizing object | Terrace stairs.020
Fra:14 Mem:76.63M (Peak 76.65M) | Time:00:00.04 | Mem:0.00M, Peak:0.00M | Scene, ViewLayer | Synchronizing object | Terrace stairs.021
Fra:14 Mem:76.67M (Peak 76.67M) | Time:00:00.04 | Mem:0.00M, Peak:0.00M | Scene, ViewLayer | Synchronizing object | Terrace stairs.022
Fra:14 Mem:76.69M (Peak 76.69M) | Time:00:00.04 | Mem:0.00M, Peak:0.00M | Scene, ViewLayer | Synchronizing object | Terrace stairs.023
Fra:14 Mem:76.67M (Peak 76.69M) | Time:00:00.04 | Mem:0.00M, Peak:0.00M | Scene, ViewLayer | Synchronizing object | Glazed bay.024
Fra:14 Mem:76.71M (Peak 76.71M) | Time:00:00.04 | Mem:0.00M, Peak:0.00M | Scene, ViewLayer | Synchronizing object | Glazed bay.025
Fra:14 Mem:76.72M (Peak 76.72M) | Time:00:00.04 | Mem:0.00M, Peak:0.00M | Scene, ViewLayer | Synchronizing object | Glazed bay.026
Fra:14 Mem:76.71M (Peak 76.72M) | Time:00:00.04 | Mem:0.00M, Peak:0.00M | Scene, ViewLayer | Synchronizing object | Horizontal mullion.056
Fra:14 Mem:76.73M (Peak 76.73M) | Time:00:00.04 | Mem:0.00M, Peak:0.00M | Scene, ViewLayer | Synchronizing object | Horizontal mullion.057
Fra:14 Mem:76.75M (Peak 76.75M) | Time:00:00.04 | Mem:0.00M, Peak:0.00M | Scene, ViewLayer | Synchronizing object | Horizontal mullion.058
Fra:14 Mem:76.73M (Peak 76.75M) | Time:00:00.04 | Mem:0.00M, Peak:0.00M | Scene, ViewLayer | Synchronizing object | Horizontal mullion.059
Fra:14 Mem:76.74M (Peak 76.75M) | Time:00:00.04 | Mem:0.00M, Peak:0.00M | Scene, ViewLayer | Synchronizing object | Horizontal mullion.060
Fra:14 Mem:76.73M (Peak 76.75M) | Time:00:00.04 | Mem:0.00M, Peak:0.00M | Scene, ViewLayer | Synchronizing object | Horizontal mullion.062
Fra:14 Mem:76.74M (Peak 76.75M) | Time:00:00.04 | Mem:0.00M, Peak:0.00M | Scene, ViewLayer | Synchronizing object | Vertical mullion.033
Fra:14 Mem:76.74M (Peak 76.75M) | Time:00:00.04 | Mem:0.00M, Peak:0.00M | Scene, ViewLayer | Synchronizing object | Primary rib.008
Fra:14 Mem:76.74M (Peak 76.75M) | Time:00:00.04 | Mem:0.00M, Peak:0.00M | Scene, ViewLayer | Synchronizing object | Curved eave panel.008
Fra:14 Mem:76.75M (Peak 76.75M) | Time:00:00.04 | Mem:0.00M, Peak:0.00M | Scene, ViewLayer | Synchronizing object | Roof rib.008
Fra:14 Mem:76.75M (Peak 76.75M) | Time:00:00.04 | Mem:0.00M, Peak:0.00M | Scene, ViewLayer | Synchronizing object | Stone terrace.008
Fra:14 Mem:76.76M (Peak 76.76M) | Time:00:00.04 | Mem:0.00M, Peak:0.00M | Scene, ViewLayer | Synchronizing object | Glazed bay.027
Fra:14 Mem:76.79M (Peak 76.79M) | Time:00:00.04 | Mem:0.00M, Peak:0.00M | Scene, ViewLayer | Synchronizing object | Glazed bay.028
Fra:14 Mem:76.80M (Peak 76.80M) | Time:00:00.04 | Mem:0.00M, Peak:0.00M | Scene, ViewLayer | Synchronizing object | Glazed bay.029
Fra:14 Mem:76.82M (Peak 76.82M) | Time:00:00.04 | Mem:0.00M, Peak:0.00M | Scene, ViewLayer | Synchronizing object | Horizontal mullion.063
Fra:14 Mem:76.81M (Peak 76.82M) | Time:00:00.04 | Mem:0.00M, Peak:0.00M | Scene, ViewLayer | Synchronizing object | Horizontal mullion.064
Fra:14 Mem:76.81M (Peak 76.82M) | Time:00:00.04 | Mem:0.00M, Peak:0.00M | Scene, ViewLayer | Synchronizing object | Horizontal mullion.065
Fra:14 Mem:76.81M (Peak 76.82M) | Time:00:00.04 | Mem:0.00M, Peak:0.00M | Scene, ViewLayer | Synchronizing object | Horizontal mullion.067
Fra:14 Mem:76.81M (Peak 76.82M) | Time:00:00.04 | Mem:0.00M, Peak:0.00M | Scene, ViewLayer | Synchronizing object | Horizontal mullion.068
Fra:14 Mem:76.82M (Peak 76.82M) | Time:00:00.04 | Mem:0.00M, Peak:0.00M | Scene, ViewLayer | Synchronizing object | Vertical mullion.034
Fra:14 Mem:76.82M (Peak 76.82M) | Time:00:00.04 | Mem:0.00M, Peak:0.00M | Scene, ViewLayer | Synchronizing object | Vertical mullion.035
Fra:14 Mem:76.82M (Peak 76.82M) | Time:00:00.04 | Mem:0.00M, Peak:0.00M | Scene, ViewLayer | Synchronizing object | Vertical mullion.036
Fra:14 Mem:76.82M (Peak 76.82M) | Time:00:00.04 | Mem:0.00M, Peak:0.00M | Scene, ViewLayer | Synchronizing object | Vertical mullion.037
Fra:14 Mem:76.83M (Peak 76.83M) | Time:00:00.04 | Mem:0.00M, Peak:0.00M | Scene, ViewLayer | Synchronizing object | Vertical mullion.038
Fra:14 Mem:76.84M (Peak 76.84M) | Time:00:00.04 | Mem:0.00M, Peak:0.00M | Scene, ViewLayer | Synchronizing object | Curved eave panel.009
Fra:14 Mem:76.84M (Peak 76.84M) | Time:00:00.04 | Mem:0.00M, Peak:0.00M | Scene, ViewLayer | Synchronizing object | Roof rib.009
Fra:14 Mem:76.84M (Peak 76.84M) | Time:00:00.04 | Mem:0.00M, Peak:0.00M | Scene, ViewLayer | Synchronizing object | Stone terrace.009
Fra:14 Mem:76.86M (Peak 76.86M) | Time:00:00.04 | Mem:0.00M, Peak:0.00M | Scene, ViewLayer | Synchronizing object | Glazed bay.030
Fra:14 Mem:76.87M (Peak 76.87M) | Time:00:00.04 | Mem:0.00M, Peak:0.00M | Scene, ViewLayer | Synchronizing object | Glazed bay.031
Fra:14 Mem:76.89M (Peak 76.89M) | Time:00:00.04 | Mem:0.00M, Peak:0.00M | Scene, ViewLayer | Synchronizing object | Glazed bay.032
Fra:14 Mem:76.91M (Peak 76.91M) | Time:00:00.04 | Mem:0.00M, Peak:0.00M | Scene, ViewLayer | Synchronizing object | Horizontal mullion.070
Fra:14 Mem:76.90M (Peak 76.91M) | Time:00:00.04 | Mem:0.00M, Peak:0.00M | Scene, ViewLayer | Synchronizing object | Horizontal mullion.071
Fra:14 Mem:76.90M (Peak 76.91M) | Time:00:00.04 | Mem:0.00M, Peak:0.00M | Scene, ViewLayer | Synchronizing object | Horizontal mullion.073
Fra:14 Mem:76.90M (Peak 76.91M) | Time:00:00.04 | Mem:0.00M, Peak:0.00M | Scene, ViewLayer | Synchronizing object | Horizontal mullion.074
Fra:14 Mem:76.91M (Peak 76.91M) | Time:00:00.04 | Mem:0.00M, Peak:0.00M | Scene, ViewLayer | Synchronizing object | Horizontal mullion.076
Fra:14 Mem:76.91M (Peak 76.91M) | Time:00:00.04 | Mem:0.00M, Peak:0.00M | Scene, ViewLayer | Synchronizing object | Vertical mullion.040
Fra:14 Mem:76.92M (Peak 76.92M) | Time:00:00.04 | Mem:0.00M, Peak:0.00M | Scene, ViewLayer | Synchronizing object | Vertical mullion.041
Fra:14 Mem:76.92M (Peak 76.92M) | Time:00:00.04 | Mem:0.00M, Peak:0.00M | Scene, ViewLayer | Synchronizing object | Vertical mullion.042
Fra:14 Mem:76.92M (Peak 76.92M) | Time:00:00.04 | Mem:0.00M, Peak:0.00M | Scene, ViewLayer | Synchronizing object | Vertical mullion.043
Fra:14 Mem:76.92M (Peak 76.92M) | Time:00:00.04 | Mem:0.00M, Peak:0.00M | Scene, ViewLayer | Synchronizing object | Primary rib.010
Fra:14 Mem:76.93M (Peak 76.93M) | Time:00:00.04 | Mem:0.00M, Peak:0.00M | Scene, ViewLayer | Synchronizing object | Curved eave panel.010
Fra:14 Mem:76.93M (Peak 76.93M) | Time:00:00.04 | Mem:0.00M, Peak:0.00M | Scene, ViewLayer | Synchronizing object | Eave silver edge.010
Fra:14 Mem:76.93M (Peak 76.93M) | Time:00:00.04 | Mem:0.00M, Peak:0.00M | Scene, ViewLayer | Synchronizing object | Roof rib.010
Fra:14 Mem:76.93M (Peak 76.93M) | Time:00:00.04 | Mem:0.00M, Peak:0.00M | Scene, ViewLayer | Synchronizing object | Stone terrace.010
Fra:14 Mem:76.95M (Peak 76.95M) | Time:00:00.04 | Mem:0.00M, Peak:0.00M | Scene, ViewLayer | Synchronizing object | Entrance door.006
Fra:14 Mem:76.97M (Peak 76.97M) | Time:00:00.04 | Mem:0.00M, Peak:0.00M | Scene, ViewLayer | Synchronizing object | Door glazing.006
Fra:14 Mem:76.98M (Peak 76.98M) | Time:00:00.04 | Mem:0.00M, Peak:0.00M | Scene, ViewLayer | Synchronizing object | Door handle.006
Fra:14 Mem:76.99M (Peak 76.99M) | Time:00:00.04 | Mem:0.00M, Peak:0.00M | Scene, ViewLayer | Synchronizing object | Entrance door.007
Fra:14 Mem:76.99M (Peak 76.99M) | Time:00:00.04 | Mem:0.00M, Peak:0.00M | Scene, ViewLayer | Synchronizing object | Door glazing.007
Fra:14 Mem:77.02M (Peak 77.02M) | Time:00:00.04 | Mem:0.00M, Peak:0.00M | Scene, ViewLayer | Synchronizing object | Door handle.007
Fra:14 Mem:77.02M (Peak 77.02M) | Time:00:00.04 | Mem:0.00M, Peak:0.00M | Scene, ViewLayer | Synchronizing object | Entrance canopy.003
Fra:14 Mem:77.01M (Peak 77.02M) | Time:00:00.04 | Mem:0.00M, Peak:0.00M | Scene, ViewLayer | Synchronizing object | Canopy column.006
Fra:14 Mem:77.03M (Peak 77.03M) | Time:00:00.04 | Mem:0.00M, Peak:0.00M | Scene, ViewLayer | Synchronizing object | Canopy column.007
Fra:14 Mem:77.03M (Peak 77.03M) | Time:00:00.04 | Mem:0.00M, Peak:0.00M | Scene, ViewLayer | Synchronizing object | Terrace stairs.024
Fra:14 Mem:77.05M (Peak 77.05M) | Time:00:00.04 | Mem:0.00M, Peak:0.00M | Scene, ViewLayer | Synchronizing object | Terrace stairs.025
Fra:14 Mem:77.06M (Peak 77.06M) | Time:00:00.04 | Mem:0.00M, Peak:0.00M | Scene, ViewLayer | Synchronizing object | Terrace stairs.026
Fra:14 Mem:77.08M (Peak 77.08M) | Time:00:00.04 | Mem:0.00M, Peak:0.00M | Scene, ViewLayer | Synchronizing object | Terrace stairs.027
Fra:14 Mem:77.10M (Peak 77.10M) | Time:00:00.04 | Mem:0.00M, Peak:0.00M | Scene, ViewLayer | Synchronizing object | Terrace stairs.028
Fra:14 Mem:77.09M (Peak 77.10M) | Time:00:00.04 | Mem:0.00M, Peak:0.00M | Scene, ViewLayer | Synchronizing object | Terrace stairs.029
Fra:14 Mem:77.12M (Peak 77.12M) | Time:00:00.04 | Mem:0.00M, Peak:0.00M | Scene, ViewLayer | Synchronizing object | Terrace stairs.030
Fra:14 Mem:77.13M (Peak 77.13M) | Time:00:00.04 | Mem:0.00M, Peak:0.00M | Scene, ViewLayer | Synchronizing object | Terrace stairs.031
Fra:14 Mem:77.14M (Peak 77.14M) | Time:00:00.04 | Mem:0.00M, Peak:0.00M | Scene, ViewLayer | Synchronizing object | Glazed bay.033
Fra:14 Mem:77.16M (Peak 77.16M) | Time:00:00.04 | Mem:0.00M, Peak:0.00M | Scene, ViewLayer | Synchronizing object | Glazed bay.034
Fra:14 Mem:77.15M (Peak 77.16M) | Time:00:00.04 | Mem:0.00M, Peak:0.00M | Scene, ViewLayer | Synchronizing object | Glazed bay.035
Fra:14 Mem:77.17M (Peak 77.17M) | Time:00:00.04 | Mem:0.00M, Peak:0.00M | Scene, ViewLayer | Synchronizing object | Horizontal mullion.077
Fra:14 Mem:77.20M (Peak 77.20M) | Time:00:00.04 | Mem:0.00M, Peak:0.00M | Scene, ViewLayer | Synchronizing object | Horizontal mullion.078
Fra:14 Mem:77.18M (Peak 77.20M) | Time:00:00.04 | Mem:0.00M, Peak:0.00M | Scene, ViewLayer | Synchronizing object | Horizontal mullion.080
Fra:14 Mem:77.18M (Peak 77.20M) | Time:00:00.04 | Mem:0.00M, Peak:0.00M | Scene, ViewLayer | Synchronizing object | Horizontal mullion.081
Fra:14 Mem:77.18M (Peak 77.20M) | Time:00:00.04 | Mem:0.00M, Peak:0.00M | Scene, ViewLayer | Synchronizing object | Horizontal mullion.082
Fra:14 Mem:77.19M (Peak 77.20M) | Time:00:00.04 | Mem:0.00M, Peak:0.00M | Scene, ViewLayer | Synchronizing object | Horizontal mullion.083
Fra:14 Mem:77.19M (Peak 77.20M) | Time:00:00.04 | Mem:0.00M, Peak:0.00M | Scene, ViewLayer | Synchronizing object | Vertical mullion.045
Fra:14 Mem:77.19M (Peak 77.20M) | Time:00:00.04 | Mem:0.00M, Peak:0.00M | Scene, ViewLayer | Synchronizing object | Primary rib.011
Fra:14 Mem:77.20M (Peak 77.20M) | Time:00:00.04 | Mem:0.00M, Peak:0.00M | Scene, ViewLayer | Synchronizing object | Curved eave panel.011
Fra:14 Mem:77.20M (Peak 77.20M) | Time:00:00.04 | Mem:0.00M, Peak:0.00M | Scene, ViewLayer | Synchronizing object | Eave silver edge.011
Fra:14 Mem:77.20M (Peak 77.20M) | Time:00:00.04 | Mem:0.00M, Peak:0.00M | Scene, ViewLayer | Synchronizing object | Stone terrace.011
Fra:14 Mem:77.22M (Peak 77.22M) | Time:00:00.04 | Mem:0.00M, Peak:0.00M | Scene, ViewLayer | Synchronizing object | Glazed bay.036
Fra:14 Mem:77.24M (Peak 77.24M) | Time:00:00.05 | Mem:0.00M, Peak:0.00M | Scene, ViewLayer | Synchronizing object | Glazed bay.037
Fra:14 Mem:77.24M (Peak 77.24M) | Time:00:00.05 | Mem:0.00M, Peak:0.00M | Scene, ViewLayer | Synchronizing object | Horizontal mullion.084
Fra:14 Mem:77.28M (Peak 77.28M) | Time:00:00.05 | Mem:0.00M, Peak:0.00M | Scene, ViewLayer | Synchronizing object | Horizontal mullion.085
Fra:14 Mem:77.27M (Peak 77.28M) | Time:00:00.05 | Mem:0.00M, Peak:0.00M | Scene, ViewLayer | Synchronizing object | Horizontal mullion.086
Fra:14 Mem:77.27M (Peak 77.28M) | Time:00:00.05 | Mem:0.00M, Peak:0.00M | Scene, ViewLayer | Synchronizing object | Horizontal mullion.087
Fra:14 Mem:77.28M (Peak 77.28M) | Time:00:00.05 | Mem:0.00M, Peak:0.00M | Scene, ViewLayer | Synchronizing object | Horizontal mullion.088
Fra:14 Mem:77.28M (Peak 77.28M) | Time:00:00.05 | Mem:0.00M, Peak:0.00M | Scene, ViewLayer | Synchronizing object | Horizontal mullion.089
Fra:14 Mem:77.28M (Peak 77.28M) | Time:00:00.05 | Mem:0.00M, Peak:0.00M | Scene, ViewLayer | Synchronizing object | Horizontal mullion.090
Fra:14 Mem:77.28M (Peak 77.28M) | Time:00:00.05 | Mem:0.00M, Peak:0.00M | Scene, ViewLayer | Synchronizing object | Vertical mullion.047
Fra:14 Mem:77.28M (Peak 77.28M) | Time:00:00.05 | Mem:0.00M, Peak:0.00M | Scene, ViewLayer | Synchronizing object | Primary rib.012
Fra:14 Mem:77.29M (Peak 77.29M) | Time:00:00.05 | Mem:0.00M, Peak:0.00M | Scene, ViewLayer | Synchronizing object | Curved eave panel.012
Fra:14 Mem:77.29M (Peak 77.29M) | Time:00:00.05 | Mem:0.00M, Peak:0.00M | Scene, ViewLayer | Synchronizing object | Eave silver edge.012
Fra:14 Mem:77.29M (Peak 77.29M) | Time:00:00.05 | Mem:0.00M, Peak:0.00M | Scene, ViewLayer | Synchronizing object | Roof rib.012
Fra:14 Mem:77.29M (Peak 77.29M) | Time:00:00.05 | Mem:0.00M, Peak:0.00M | Scene, ViewLayer | Synchronizing object | Stone terrace.012
Fra:14 Mem:77.31M (Peak 77.31M) | Time:00:00.05 | Mem:0.00M, Peak:0.00M | Scene, ViewLayer | Synchronizing object | Glazed bay.039
Fra:14 Mem:77.31M (Peak 77.31M) | Time:00:00.05 | Mem:0.00M, Peak:0.00M | Scene, ViewLayer | Synchronizing object | Glazed bay.040
Fra:14 Mem:77.35M (Peak 77.35M) | Time:00:00.05 | Mem:0.00M, Peak:0.00M | Scene, ViewLayer | Synchronizing object | Glazed bay.041
Fra:14 Mem:77.36M (Peak 77.36M) | Time:00:00.05 | Mem:0.00M, Peak:0.00M | Scene, ViewLayer | Synchronizing object | Horizontal mullion.091
Fra:14 Mem:77.36M (Peak 77.36M) | Time:00:00.05 | Mem:0.00M, Peak:0.00M | Scene, ViewLayer | Synchronizing object | Horizontal mullion.092
Fra:14 Mem:77.36M (Peak 77.36M) | Time:00:00.05 | Mem:0.00M, Peak:0.00M | Scene, ViewLayer | Synchronizing object | Horizontal mullion.094
Fra:14 Mem:77.36M (Peak 77.36M) | Time:00:00.05 | Mem:0.00M, Peak:0.00M | Scene, ViewLayer | Synchronizing object | Horizontal mullion.095
Fra:14 Mem:77.36M (Peak 77.36M) | Time:00:00.05 | Mem:0.00M, Peak:0.00M | Scene, ViewLayer | Synchronizing object | Horizontal mullion.097
Fra:14 Mem:77.36M (Peak 77.36M) | Time:00:00.05 | Mem:0.00M, Peak:0.00M | Scene, ViewLayer | Synchronizing object | Vertical mullion.048
Fra:14 Mem:77.37M (Peak 77.37M) | Time:00:00.05 | Mem:0.00M, Peak:0.00M | Scene, ViewLayer | Synchronizing object | Vertical mullion.049
Fra:14 Mem:77.38M (Peak 77.38M) | Time:00:00.05 | Mem:0.00M, Peak:0.00M | Scene, ViewLayer | Synchronizing object | Vertical mullion.050
Fra:14 Mem:77.38M (Peak 77.38M) | Time:00:00.05 | Mem:0.00M, Peak:0.00M | Scene, ViewLayer | Synchronizing object | Vertical mullion.051
Fra:14 Mem:77.39M (Peak 77.39M) | Time:00:00.05 | Mem:0.00M, Peak:0.00M | Scene, ViewLayer | Synchronizing object | Curved eave panel.013
Fra:14 Mem:77.39M (Peak 77.39M) | Time:00:00.05 | Mem:0.00M, Peak:0.00M | Scene, ViewLayer | Synchronizing object | Eave silver edge.013
Fra:14 Mem:77.39M (Peak 77.39M) | Time:00:00.05 | Mem:0.00M, Peak:0.00M | Scene, ViewLayer | Synchronizing object | Roof rib.013
Fra:14 Mem:77.39M (Peak 77.39M) | Time:00:00.05 | Mem:0.00M, Peak:0.00M | Scene, ViewLayer | Synchronizing object | Stone terrace.013
Fra:14 Mem:77.40M (Peak 77.40M) | Time:00:00.05 | Mem:0.00M, Peak:0.00M | Scene, ViewLayer | Synchronizing object | Entrance door.008
Fra:14 Mem:77.40M (Peak 77.40M) | Time:00:00.05 | Mem:0.00M, Peak:0.00M | Scene, ViewLayer | Synchronizing object | Door glazing.008
Fra:14 Mem:77.45M (Peak 77.45M) | Time:00:00.05 | Mem:0.00M, Peak:0.00M | Scene, ViewLayer | Synchronizing object | Door handle.008
Fra:14 Mem:77.44M (Peak 77.45M) | Time:00:00.05 | Mem:0.00M, Peak:0.00M | Scene, ViewLayer | Synchronizing object | Entrance door.009
Fra:14 Mem:77.47M (Peak 77.47M) | Time:00:00.05 | Mem:0.00M, Peak:0.00M | Scene, ViewLayer | Synchronizing object | Door handle.009
Fra:14 Mem:77.46M (Peak 77.47M) | Time:00:00.05 | Mem:0.00M, Peak:0.00M | Scene, ViewLayer | Synchronizing object | Entrance canopy.004
Fra:14 Mem:77.48M (Peak 77.48M) | Time:00:00.05 | Mem:0.00M, Peak:0.00M | Scene, ViewLayer | Synchronizing object | Canopy column.008
Fra:14 Mem:77.48M (Peak 77.48M) | Time:00:00.05 | Mem:0.00M, Peak:0.00M | Scene, ViewLayer | Synchronizing object | Canopy column.009
Fra:14 Mem:77.50M (Peak 77.50M) | Time:00:00.05 | Mem:0.00M, Peak:0.00M | Scene, ViewLayer | Synchronizing object | Terrace stairs.032
Fra:14 Mem:77.52M (Peak 77.52M) | Time:00:00.05 | Mem:0.00M, Peak:0.00M | Scene, ViewLayer | Synchronizing object | Terrace stairs.033
Fra:14 Mem:77.52M (Peak 77.52M) | Time:00:00.05 | Mem:0.00M, Peak:0.00M | Scene, ViewLayer | Synchronizing object | Terrace stairs.034
Fra:14 Mem:77.55M (Peak 77.55M) | Time:00:00.05 | Mem:0.00M, Peak:0.00M | Scene, ViewLayer | Synchronizing object | Terrace stairs.035
Fra:14 Mem:77.55M (Peak 77.55M) | Time:00:00.05 | Mem:0.00M, Peak:0.00M | Scene, ViewLayer | Synchronizing object | Terrace stairs.036
Fra:14 Mem:77.57M (Peak 77.57M) | Time:00:00.05 | Mem:0.00M, Peak:0.00M | Scene, ViewLayer | Synchronizing object | Terrace stairs.037
Fra:14 Mem:77.57M (Peak 77.57M) | Time:00:00.05 | Mem:0.00M, Peak:0.00M | Scene, ViewLayer | Synchronizing object | Terrace stairs.038
Fra:14 Mem:77.59M (Peak 77.59M) | Time:00:00.05 | Mem:0.00M, Peak:0.00M | Scene, ViewLayer | Synchronizing object | Terrace stairs.039
Fra:14 Mem:77.60M (Peak 77.60M) | Time:00:00.05 | Mem:0.00M, Peak:0.00M | Scene, ViewLayer | Synchronizing object | Glazed bay.042
Fra:14 Mem:77.61M (Peak 77.61M) | Time:00:00.05 | Mem:0.00M, Peak:0.00M | Scene, ViewLayer | Synchronizing object | Glazed bay.043
Fra:14 Mem:77.64M (Peak 77.64M) | Time:00:00.05 | Mem:0.00M, Peak:0.00M | Scene, ViewLayer | Synchronizing object | Glazed bay.044
Fra:14 Mem:77.64M (Peak 77.64M) | Time:00:00.05 | Mem:0.00M, Peak:0.00M | Scene, ViewLayer | Synchronizing object | Horizontal mullion.098
Fra:14 Mem:77.66M (Peak 77.66M) | Time:00:00.05 | Mem:0.00M, Peak:0.00M | Scene, ViewLayer | Synchronizing object | Horizontal mullion.099
Fra:14 Mem:77.65M (Peak 77.66M) | Time:00:00.05 | Mem:0.00M, Peak:0.00M | Scene, ViewLayer | Synchronizing object | Horizontal mullion.100
Fra:14 Mem:77.65M (Peak 77.66M) | Time:00:00.05 | Mem:0.00M, Peak:0.00M | Scene, ViewLayer | Synchronizing object | Horizontal mullion.101
Fra:14 Mem:77.66M (Peak 77.66M) | Time:00:00.05 | Mem:0.00M, Peak:0.00M | Scene, ViewLayer | Synchronizing object | Horizontal mullion.102
Fra:14 Mem:77.65M (Peak 77.66M) | Time:00:00.05 | Mem:0.00M, Peak:0.00M | Scene, ViewLayer | Synchronizing object | Horizontal mullion.103
Fra:14 Mem:77.66M (Peak 77.66M) | Time:00:00.05 | Mem:0.00M, Peak:0.00M | Scene, ViewLayer | Synchronizing object | Vertical mullion.053
Fra:14 Mem:77.66M (Peak 77.66M) | Time:00:00.05 | Mem:0.00M, Peak:0.00M | Scene, ViewLayer | Synchronizing object | Vertical mullion.054
Fra:14 Mem:77.67M (Peak 77.67M) | Time:00:00.05 | Mem:0.00M, Peak:0.00M | Scene, ViewLayer | Synchronizing object | Vertical mullion.055
Fra:14 Mem:77.67M (Peak 77.67M) | Time:00:00.05 | Mem:0.00M, Peak:0.00M | Scene, ViewLayer | Synchronizing object | Curved eave panel.014
Fra:14 Mem:77.67M (Peak 77.67M) | Time:00:00.05 | Mem:0.00M, Peak:0.00M | Scene, ViewLayer | Synchronizing object | Eave silver edge.014
Fra:14 Mem:77.67M (Peak 77.67M) | Time:00:00.05 | Mem:0.00M, Peak:0.00M | Scene, ViewLayer | Synchronizing object | Roof rib.014
Fra:14 Mem:77.68M (Peak 77.68M) | Time:00:00.05 | Mem:0.00M, Peak:0.00M | Scene, ViewLayer | Synchronizing object | Stone terrace.014
Fra:14 Mem:77.71M (Peak 77.71M) | Time:00:00.05 | Mem:0.00M, Peak:0.00M | Scene, ViewLayer | Synchronizing object | Aerodynamic shell
Fra:14 Mem:77.71M (Peak 77.71M) | Time:00:00.05 | Mem:0.00M, Peak:0.00M | Scene, ViewLayer | Synchronizing object | Underframe
Fra:14 Mem:77.73M (Peak 77.73M) | Time:00:00.05 | Mem:0.00M, Peak:0.00M | Scene, ViewLayer | Synchronizing object | Navy belt
Fra:14 Mem:77.83M (Peak 77.83M) | Time:00:00.05 | Mem:0.00M, Peak:0.00M | Scene, ViewLayer | Synchronizing object | Passenger window
Fra:14 Mem:77.85M (Peak 77.85M) | Time:00:00.05 | Mem:0.00M, Peak:0.00M | Scene, ViewLayer | Synchronizing object | Passenger window.001
Fra:14 Mem:77.84M (Peak 77.85M) | Time:00:00.05 | Mem:0.00M, Peak:0.00M | Scene, ViewLayer | Synchronizing object | Passenger window.002
Fra:14 Mem:77.85M (Peak 77.85M) | Time:00:00.05 | Mem:0.00M, Peak:0.00M | Scene, ViewLayer | Synchronizing object | Passenger window.003
Fra:14 Mem:77.87M (Peak 77.87M) | Time:00:00.05 | Mem:0.00M, Peak:0.00M | Scene, ViewLayer | Synchronizing object | Passenger window.004
Fra:14 Mem:77.88M (Peak 77.88M) | Time:00:00.05 | Mem:0.00M, Peak:0.00M | Scene, ViewLayer | Synchronizing object | Passenger window.005
Fra:14 Mem:77.91M (Peak 77.91M) | Time:00:00.05 | Mem:0.00M, Peak:0.00M | Scene, ViewLayer | Synchronizing object | Passenger window.006
Fra:14 Mem:77.98M (Peak 77.98M) | Time:00:00.05 | Mem:0.00M, Peak:0.00M | Scene, ViewLayer | Synchronizing object | Passenger window.007
Fra:14 Mem:77.92M (Peak 77.98M) | Time:00:00.05 | Mem:0.00M, Peak:0.00M | Scene, ViewLayer | Synchronizing object | Passenger door
Fra:14 Mem:77.94M (Peak 77.98M) | Time:00:00.05 | Mem:0.00M, Peak:0.00M | Scene, ViewLayer | Synchronizing object | Door window
Fra:14 Mem:77.95M (Peak 77.98M) | Time:00:00.05 | Mem:0.00M, Peak:0.00M | Scene, ViewLayer | Synchronizing object | Passenger door.001
Fra:14 Mem:77.97M (Peak 77.98M) | Time:00:00.05 | Mem:0.00M, Peak:0.00M | Scene, ViewLayer | Synchronizing object | Door window.001
Fra:14 Mem:77.97M (Peak 77.98M) | Time:00:00.05 | Mem:0.00M, Peak:0.00M | Scene, ViewLayer | Synchronizing object | Navy belt.001
Fra:14 Mem:77.99M (Peak 77.99M) | Time:00:00.05 | Mem:0.00M, Peak:0.00M | Scene, ViewLayer | Synchronizing object | Passenger window.008
Fra:14 Mem:78.02M (Peak 78.02M) | Time:00:00.05 | Mem:0.00M, Peak:0.00M | Scene, ViewLayer | Synchronizing object | Passenger window.009
Fra:14 Mem:78.02M (Peak 78.02M) | Time:00:00.05 | Mem:0.00M, Peak:0.00M | Scene, ViewLayer | Synchronizing object | Passenger window.010
Fra:14 Mem:78.02M (Peak 78.02M) | Time:00:00.05 | Mem:0.00M, Peak:0.00M | Scene, ViewLayer | Synchronizing object | Passenger window.011
Fra:14 Mem:78.06M (Peak 78.06M) | Time:00:00.05 | Mem:0.00M, Peak:0.00M | Scene, ViewLayer | Synchronizing object | Studio ground
Fra:14 Mem:78.05M (Peak 78.06M) | Time:00:00.05 | Mem:0.00M, Peak:0.00M | Scene, ViewLayer | Synchronizing object | Passenger window.012
Fra:14 Mem:78.07M (Peak 78.07M) | Time:00:00.05 | Mem:0.00M, Peak:0.00M | Scene, ViewLayer | Synchronizing object | Passenger window.013
Fra:14 Mem:78.09M (Peak 78.09M) | Time:00:00.05 | Mem:0.00M, Peak:0.00M | Scene, ViewLayer | Synchronizing object | Passenger window.014
Fra:14 Mem:78.11M (Peak 78.11M) | Time:00:00.05 | Mem:0.00M, Peak:0.00M | Scene, ViewLayer | Synchronizing object | Medical vest cross.001
Fra:14 Mem:78.10M (Peak 78.11M) | Time:00:00.05 | Mem:0.00M, Peak:0.00M | Scene, ViewLayer | Synchronizing object | Passenger window.015
Fra:14 Mem:78.11M (Peak 78.11M) | Time:00:00.05 | Mem:0.00M, Peak:0.00M | Scene, ViewLayer | Synchronizing object | Passenger door.002
Fra:14 Mem:78.15M (Peak 78.15M) | Time:00:00.05 | Mem:0.00M, Peak:0.00M | Scene, ViewLayer | Synchronizing object | Door window.002
Fra:14 Mem:78.16M (Peak 78.16M) | Time:00:00.05 | Mem:0.00M, Peak:0.00M | Scene, ViewLayer | Synchronizing object | Passenger door.003
Fra:14 Mem:78.15M (Peak 78.16M) | Time:00:00.05 | Mem:0.00M, Peak:0.00M | Scene, ViewLayer | Synchronizing object | Door window.003
Fra:14 Mem:78.17M (Peak 78.17M) | Time:00:00.05 | Mem:0.00M, Peak:0.00M | Scene, ViewLayer | Synchronizing object | Medical vest cross
Fra:14 Mem:78.19M (Peak 78.19M) | Time:00:00.05 | Mem:0.00M, Peak:0.00M | Scene, ViewLayer | Synchronizing object | Bogie
Fra:14 Mem:78.21M (Peak 78.21M) | Time:00:00.05 | Mem:0.00M, Peak:0.00M | Scene, ViewLayer | Synchronizing object | Steel wheel
Fra:14 Mem:78.21M (Peak 78.21M) | Time:00:00.05 | Mem:0.00M, Peak:0.00M | Scene, ViewLayer | Synchronizing object | Steel wheel.001
Fra:14 Mem:78.21M (Peak 78.21M) | Time:00:00.05 | Mem:0.00M, Peak:0.00M | Scene, ViewLayer | Synchronizing object | Steel wheel.003
Fra:14 Mem:78.20M (Peak 78.21M) | Time:00:00.05 | Mem:0.00M, Peak:0.00M | Scene, ViewLayer | Synchronizing object | Medical vest
Fra:14 Mem:78.20M (Peak 78.21M) | Time:00:00.05 | Mem:0.00M, Peak:0.00M | Scene, ViewLayer | Synchronizing object | Steel wheel.004
Fra:14 Mem:78.21M (Peak 78.21M) | Time:00:00.05 | Mem:0.00M, Peak:0.00M | Scene, ViewLayer | Synchronizing object | Steel wheel.005
Fra:14 Mem:78.24M (Peak 78.24M) | Time:00:00.05 | Mem:0.00M, Peak:0.00M | Scene, ViewLayer | Synchronizing object | Steel wheel.007
Fra:14 Mem:78.23M (Peak 78.24M) | Time:00:00.05 | Mem:0.00M, Peak:0.00M | Scene, ViewLayer | Synchronizing object | Swept cab windshield
Fra:14 Mem:78.23M (Peak 78.24M) | Time:00:00.05 | Mem:0.00M, Peak:0.00M | Scene, ViewLayer | Synchronizing object | Nose lamp
Fra:14 Mem:78.24M (Peak 78.24M) | Time:00:00.05 | Mem:0.00M, Peak:0.00M | Scene, ViewLayer | Synchronizing object | Hair.001
Fra:14 Mem:78.26M (Peak 78.26M) | Time:00:00.05 | Mem:0.00M, Peak:0.00M | Scene, ViewLayer | Synchronizing object | Nose lamp.001
Fra:14 Mem:78.28M (Peak 78.28M) | Time:00:00.05 | Mem:0.00M, Peak:0.00M | Scene, ViewLayer | Synchronizing object | Nose.002
Fra:14 Mem:78.29M (Peak 78.29M) | Time:00:00.05 | Mem:0.00M, Peak:0.00M | Scene, ViewLayer | Synchronizing object | Service identification
Fra:14 Mem:78.30M (Peak 78.30M) | Time:00:00.05 | Mem:0.00M, Peak:0.00M | Scene, ViewLayer | Synchronizing object | Aerodynamic shell.001
Fra:14 Mem:78.30M (Peak 78.30M) | Time:00:00.05 | Mem:0.00M, Peak:0.00M | Scene, ViewLayer | Synchronizing object | Underframe.001
Fra:14 Mem:78.36M (Peak 78.36M) | Time:00:00.05 | Mem:0.00M, Peak:0.00M | Scene, ViewLayer | Synchronizing object | Navy belt.002
Fra:14 Mem:78.37M (Peak 78.37M) | Time:00:00.05 | Mem:0.00M, Peak:0.00M | Scene, ViewLayer | Synchronizing object | Neck.002
Fra:14 Mem:78.44M (Peak 78.44M) | Time:00:00.05 | Mem:0.00M, Peak:0.00M | Scene, ViewLayer | Synchronizing object | Glove.005
Fra:14 Mem:78.43M (Peak 78.44M) | Time:00:00.05 | Mem:0.00M, Peak:0.00M | Scene, ViewLayer | Synchronizing object | Jacket forearm.005
Fra:14 Mem:78.44M (Peak 78.44M) | Time:00:00.05 | Mem:0.00M, Peak:0.00M | Scene, ViewLayer | Synchronizing object | Passenger window.016
Fra:14 Mem:78.43M (Peak 78.44M) | Time:00:00.05 | Mem:0.00M, Peak:0.00M | Scene, ViewLayer | Synchronizing object | Jacket upper sleeve.005
Fra:14 Mem:78.45M (Peak 78.45M) | Time:00:00.05 | Mem:0.00M, Peak:0.00M | Scene, ViewLayer | Synchronizing object | Sleeve elbow.005
Fra:14 Mem:78.48M (Peak 78.48M) | Time:00:00.05 | Mem:0.00M, Peak:0.00M | Scene, ViewLayer | Synchronizing object | Shoulder joint.005
Fra:14 Mem:78.49M (Peak 78.49M) | Time:00:00.05 | Mem:0.00M, Peak:0.00M | Scene, ViewLayer | Synchronizing object | Boot.005
Fra:14 Mem:78.50M (Peak 78.50M) | Time:00:00.05 | Mem:0.00M, Peak:0.00M | Scene, ViewLayer | Synchronizing object | Passenger window.018
Fra:14 Mem:78.51M (Peak 78.51M) | Time:00:00.05 | Mem:0.00M, Peak:0.00M | Scene, ViewLayer | Synchronizing object | Trouser shin.005
Fra:14 Mem:78.53M (Peak 78.53M) | Time:00:00.05 | Mem:0.00M, Peak:0.00M | Scene, ViewLayer | Synchronizing object | Passenger window.020
Fra:14 Mem:78.52M (Peak 78.53M) | Time:00:00.05 | Mem:0.00M, Peak:0.00M | Scene, ViewLayer | Synchronizing object | Trouser thigh.005
Fra:14 Mem:78.54M (Peak 78.54M) | Time:00:00.05 | Mem:0.00M, Peak:0.00M | Scene, ViewLayer | Synchronizing object | Glove.004
Fra:14 Mem:78.53M (Peak 78.54M) | Time:00:00.05 | Mem:0.00M, Peak:0.00M | Scene, ViewLayer | Synchronizing object | Passenger window.021
Fra:14 Mem:78.57M (Peak 78.57M) | Time:00:00.05 | Mem:0.00M, Peak:0.00M | Scene, ViewLayer | Synchronizing object | Passenger window.022
Fra:14 Mem:78.58M (Peak 78.58M) | Time:00:00.05 | Mem:0.00M, Peak:0.00M | Scene, ViewLayer | Synchronizing object | Jacket forearm.004
Fra:14 Mem:78.59M (Peak 78.59M) | Time:00:00.05 | Mem:0.00M, Peak:0.00M | Scene, ViewLayer | Synchronizing object | Jacket upper sleeve.004
Fra:14 Mem:78.59M (Peak 78.59M) | Time:00:00.05 | Mem:0.00M, Peak:0.00M | Scene, ViewLayer | Synchronizing object | Passenger window.023
Fra:14 Mem:78.60M (Peak 78.60M) | Time:00:00.05 | Mem:0.00M, Peak:0.00M | Scene, ViewLayer | Synchronizing object | Door window.004
Fra:14 Mem:78.62M (Peak 78.62M) | Time:00:00.05 | Mem:0.00M, Peak:0.00M | Scene, ViewLayer | Synchronizing object | Passenger door.005
Fra:14 Mem:78.67M (Peak 78.67M) | Time:00:00.05 | Mem:0.00M, Peak:0.00M | Scene, ViewLayer | Synchronizing object | Shoulder joint.004
Fra:14 Mem:78.66M (Peak 78.67M) | Time:00:00.05 | Mem:0.00M, Peak:0.00M | Scene, ViewLayer | Synchronizing object | Door window.005
Fra:14 Mem:78.69M (Peak 78.69M) | Time:00:00.05 | Mem:0.00M, Peak:0.00M | Scene, ViewLayer | Synchronizing object | Boot.004
Fra:14 Mem:78.69M (Peak 78.69M) | Time:00:00.05 | Mem:0.00M, Peak:0.00M | Scene, ViewLayer | Synchronizing object | Navy belt.003
Fra:14 Mem:78.71M (Peak 78.71M) | Time:00:00.05 | Mem:0.00M, Peak:0.00M | Scene, ViewLayer | Synchronizing object | Trouser shin.004
Fra:14 Mem:78.73M (Peak 78.73M) | Time:00:00.05 | Mem:0.00M, Peak:0.00M | Scene, ViewLayer | Synchronizing object | Passenger window.024
Fra:14 Mem:78.71M (Peak 78.73M) | Time:00:00.05 | Mem:0.00M, Peak:0.00M | Scene, ViewLayer | Synchronizing object | Trouser thigh.004
Fra:14 Mem:78.74M (Peak 78.74M) | Time:00:00.05 | Mem:0.00M, Peak:0.00M | Scene, ViewLayer | Synchronizing object | Jacket.002
Fra:14 Mem:78.76M (Peak 78.76M) | Time:00:00.05 | Mem:0.00M, Peak:0.00M | Scene, ViewLayer | Synchronizing object | Passenger window.026
Fra:14 Mem:78.76M (Peak 78.76M) | Time:00:00.05 | Mem:0.00M, Peak:0.00M | Scene, ViewLayer | Synchronizing object | Pelvis.002
Fra:14 Mem:78.78M (Peak 78.78M) | Time:00:00.05 | Mem:0.00M, Peak:0.00M | Scene, ViewLayer | Synchronizing object | Passenger window.027
Fra:14 Mem:78.79M (Peak 78.79M) | Time:00:00.05 | Mem:0.00M, Peak:0.00M | Scene, ViewLayer | Synchronizing object | Jacket reflective strip.001
Fra:14 Mem:78.80M (Peak 78.80M) | Time:00:00.05 | Mem:0.00M, Peak:0.00M | Scene, ViewLayer | Synchronizing object | Passenger window.028
Fra:14 Mem:78.82M (Peak 78.82M) | Time:00:00.05 | Mem:0.00M, Peak:0.00M | Scene, ViewLayer | Synchronizing object | Passenger window.029
Fra:14 Mem:78.84M (Peak 78.84M) | Time:00:00.05 | Mem:0.00M, Peak:0.00M | Scene, ViewLayer | Synchronizing object | Passenger window.030
Fra:14 Mem:78.85M (Peak 78.85M) | Time:00:00.05 | Mem:0.00M, Peak:0.00M | Scene, ViewLayer | Synchronizing object | Jacket reflective strip
Fra:14 Mem:78.85M (Peak 78.85M) | Time:00:00.05 | Mem:0.00M, Peak:0.00M | Scene, ViewLayer | Synchronizing object | Passenger door.006
Fra:14 Mem:78.89M (Peak 78.89M) | Time:00:00.05 | Mem:0.00M, Peak:0.00M | Scene, ViewLayer | Synchronizing object | Door window.006
Fra:14 Mem:78.92M (Peak 78.92M) | Time:00:00.05 | Mem:0.00M, Peak:0.00M | Scene, ViewLayer | Synchronizing object | Breathing air cylinder.001
Fra:14 Mem:78.90M (Peak 78.92M) | Time:00:00.05 | Mem:0.00M, Peak:0.00M | Scene, ViewLayer | Synchronizing object | Passenger door.007
Fra:14 Mem:78.92M (Peak 78.92M) | Time:00:00.05 | Mem:0.00M, Peak:0.00M | Scene, ViewLayer | Synchronizing object | Breathing air cylinder
Fra:14 Mem:78.92M (Peak 78.92M) | Time:00:00.05 | Mem:0.00M, Peak:0.00M | Scene, ViewLayer | Synchronizing object | Door window.007
Fra:14 Mem:78.92M (Peak 78.92M) | Time:00:00.05 | Mem:0.00M, Peak:0.00M | Scene, ViewLayer | Synchronizing object | Face shield
Fra:14 Mem:78.97M (Peak 78.97M) | Time:00:00.05 | Mem:0.00M, Peak:0.00M | Scene, ViewLayer | Synchronizing object | Steel wheel.008
Fra:14 Mem:79.00M (Peak 79.00M) | Time:00:00.05 | Mem:0.00M, Peak:0.00M | Scene, ViewLayer | Synchronizing object | Steel wheel.009
Fra:14 Mem:78.97M (Peak 79.00M) | Time:00:00.05 | Mem:0.00M, Peak:0.00M | Scene, ViewLayer | Synchronizing object | Steel wheel.010
Fra:14 Mem:78.97M (Peak 79.00M) | Time:00:00.05 | Mem:0.00M, Peak:0.00M | Scene, ViewLayer | Synchronizing object | Steel wheel.011
Fra:14 Mem:78.99M (Peak 79.00M) | Time:00:00.05 | Mem:0.00M, Peak:0.00M | Scene, ViewLayer | Synchronizing object | Steel wheel.013
Fra:14 Mem:78.96M (Peak 79.00M) | Time:00:00.05 | Mem:0.00M, Peak:0.00M | Scene, ViewLayer | Synchronizing object | Helmet brim
Fra:14 Mem:78.96M (Peak 79.00M) | Time:00:00.05 | Mem:0.00M, Peak:0.00M | Scene, ViewLayer | Synchronizing object | Steel wheel.014
Fra:14 Mem:79.01M (Peak 79.01M) | Time:00:00.05 | Mem:0.00M, Peak:0.00M | Scene, ViewLayer | Synchronizing object | Steel wheel.015
Fra:14 Mem:79.01M (Peak 79.01M) | Time:00:00.05 | Mem:0.00M, Peak:0.00M | Scene, ViewLayer | Synchronizing object | Chassis
Fra:14 Mem:79.01M (Peak 79.01M) | Time:00:00.05 | Mem:0.00M, Peak:0.00M | Scene, ViewLayer | Synchronizing object | Equipment body
Fra:14 Mem:79.03M (Peak 79.03M) | Time:00:00.05 | Mem:0.00M, Peak:0.00M | Scene, ViewLayer | Synchronizing object | Windscreen
Fra:14 Mem:79.04M (Peak 79.04M) | Time:00:00.05 | Mem:0.00M, Peak:0.00M | Scene, ViewLayer | Synchronizing object | Cab side window
Fra:14 Mem:79.05M (Peak 79.05M) | Time:00:00.05 | Mem:0.00M, Peak:0.00M | Scene, ViewLayer | Synchronizing object | Cab handle
Fra:14 Mem:79.10M (Peak 79.10M) | Time:00:00.05 | Mem:0.00M, Peak:0.00M | Scene, ViewLayer | Synchronizing object | Nose.001
Fra:14 Mem:79.11M (Peak 79.11M) | Time:00:00.05 | Mem:0.00M, Peak:0.00M | Scene, ViewLayer | Synchronizing object | Adult head.001
Fra:14 Mem:79.15M (Peak 79.15M) | Time:00:00.05 | Mem:0.00M, Peak:0.00M | Scene, ViewLayer | Synchronizing object | Mirror arm
Fra:14 Mem:79.11M (Peak 79.15M) | Time:00:00.05 | Mem:0.00M, Peak:0.00M | Scene, ViewLayer | Synchronizing object | Neck.001
Fra:14 Mem:79.12M (Peak 79.15M) | Time:00:00.05 | Mem:0.00M, Peak:0.00M | Scene, ViewLayer | Synchronizing object | Roller equipment shutter
Fra:14 Mem:79.15M (Peak 79.15M) | Time:00:00.05 | Mem:0.00M, Peak:0.00M | Scene, ViewLayer | Synchronizing object | Sleeve reflective band.001
Fra:14 Mem:79.15M (Peak 79.15M) | Time:00:00.05 | Mem:0.00M, Peak:0.00M | Scene, ViewLayer | Synchronizing object | Glove.003
Fra:14 Mem:79.17M (Peak 79.17M) | Time:00:00.05 | Mem:0.00M, Peak:0.00M | Scene, ViewLayer | Synchronizing object | Jacket forearm.003
Fra:14 Mem:79.20M (Peak 79.20M) | Time:00:00.05 | Mem:0.00M, Peak:0.00M | Scene, ViewLayer | Synchronizing object | Shutter rib
Fra:14 Mem:79.22M (Peak 79.22M) | Time:00:00.05 | Mem:0.00M, Peak:0.00M | Scene, ViewLayer | Synchronizing object | Jacket upper sleeve.003
Fra:14 Mem:79.22M (Peak 79.22M) | Time:00:00.05 | Mem:0.00M, Peak:0.00M | Scene, ViewLayer | Synchronizing object | Sleeve elbow.003
Fra:14 Mem:79.23M (Peak 79.23M) | Time:00:00.05 | Mem:0.00M, Peak:0.00M | Scene, ViewLayer | Synchronizing object | Shutter rib.001
Fra:14 Mem:79.23M (Peak 79.23M) | Time:00:00.05 | Mem:0.00M, Peak:0.00M | Scene, ViewLayer | Synchronizing object | Shutter rib.002
Fra:14 Mem:79.25M (Peak 79.25M) | Time:00:00.05 | Mem:0.00M, Peak:0.00M | Scene, ViewLayer | Synchronizing object | Shoulder joint.003
Fra:14 Mem:79.27M (Peak 79.27M) | Time:00:00.05 | Mem:0.00M, Peak:0.00M | Scene, ViewLayer | Synchronizing object | Shutter rib.003
Fra:14 Mem:79.27M (Peak 79.27M) | Time:00:00.05 | Mem:0.00M, Peak:0.00M | Scene, ViewLayer | Synchronizing object | Ankle reflective band.001
Fra:14 Mem:79.31M (Peak 79.31M) | Time:00:00.05 | Mem:0.00M, Peak:0.00M | Scene, ViewLayer | Synchronizing object | Boot.003
Fra:14 Mem:79.29M (Peak 79.31M) | Time:00:00.05 | Mem:0.00M, Peak:0.00M | Scene, ViewLayer | Synchronizing object | Shutter rib.004
Fra:14 Mem:79.30M (Peak 79.31M) | Time:00:00.05 | Mem:0.00M, Peak:0.00M | Scene, ViewLayer | Synchronizing object | Shutter rib.005
Fra:14 Mem:79.32M (Peak 79.32M) | Time:00:00.05 | Mem:0.00M, Peak:0.00M | Scene, ViewLayer | Synchronizing object | Trouser shin.003
Fra:14 Mem:79.33M (Peak 79.33M) | Time:00:00.05 | Mem:0.00M, Peak:0.00M | Scene, ViewLayer | Synchronizing object | Shutter rib.006
Fra:14 Mem:79.34M (Peak 79.34M) | Time:00:00.05 | Mem:0.00M, Peak:0.00M | Scene, ViewLayer | Synchronizing object | Trouser thigh.003
Fra:14 Mem:79.36M (Peak 79.36M) | Time:00:00.05 | Mem:0.00M, Peak:0.00M | Scene, ViewLayer | Synchronizing object | Sleeve reflective band
Fra:14 Mem:79.36M (Peak 79.36M) | Time:00:00.05 | Mem:0.00M, Peak:0.00M | Scene, ViewLayer | Synchronizing object | Glove.002
Fra:14 Mem:79.35M (Peak 79.36M) | Time:00:00.05 | Mem:0.00M, Peak:0.00M | Scene, ViewLayer | Synchronizing object | Roller equipment shutter.001
Fra:14 Mem:79.36M (Peak 79.36M) | Time:00:00.05 | Mem:0.00M, Peak:0.00M | Scene, ViewLayer | Synchronizing object | Shutter rib.007
Fra:14 Mem:79.41M (Peak 79.41M) | Time:00:00.05 | Mem:0.00M, Peak:0.00M | Scene, ViewLayer | Synchronizing object | Jacket forearm.002
Fra:14 Mem:79.41M (Peak 79.41M) | Time:00:00.05 | Mem:0.00M, Peak:0.00M | Scene, ViewLayer | Synchronizing object | Jacket upper sleeve.002
Fra:14 Mem:79.41M (Peak 79.41M) | Time:00:00.05 | Mem:0.00M, Peak:0.00M | Scene, ViewLayer | Synchronizing object | Sleeve elbow.002
Fra:14 Mem:79.41M (Peak 79.41M) | Time:00:00.05 | Mem:0.00M, Peak:0.00M | Scene, ViewLayer | Synchronizing object | Shutter rib.008
Fra:14 Mem:79.42M (Peak 79.42M) | Time:00:00.05 | Mem:0.00M, Peak:0.00M | Scene, ViewLayer | Synchronizing object | Shutter rib.009
Fra:14 Mem:79.43M (Peak 79.43M) | Time:00:00.05 | Mem:0.00M, Peak:0.00M | Scene, ViewLayer | Synchronizing object | Shoulder joint.002
Fra:14 Mem:79.48M (Peak 79.48M) | Time:00:00.05 | Mem:0.00M, Peak:0.00M | Scene, ViewLayer | Synchronizing object | Ankle reflective band
Fra:14 Mem:79.49M (Peak 79.49M) | Time:00:00.05 | Mem:0.00M, Peak:0.00M | Scene, ViewLayer | Synchronizing object | Boot.002
Fra:14 Mem:79.49M (Peak 79.49M) | Time:00:00.05 | Mem:0.00M, Peak:0.00M | Scene, ViewLayer | Synchronizing object | Shutter rib.011
Fra:14 Mem:79.50M (Peak 79.50M) | Time:00:00.05 | Mem:0.00M, Peak:0.00M | Scene, ViewLayer | Synchronizing object | Trouser shin.002
Fra:14 Mem:79.51M (Peak 79.51M) | Time:00:00.05 | Mem:0.00M, Peak:0.00M | Scene, ViewLayer | Synchronizing object | Shutter rib.012
Fra:14 Mem:79.51M (Peak 79.51M) | Time:00:00.05 | Mem:0.00M, Peak:0.00M | Scene, ViewLayer | Synchronizing object | Trouser thigh.002
Fra:14 Mem:79.53M (Peak 79.53M) | Time:00:00.05 | Mem:0.00M, Peak:0.00M | Scene, ViewLayer | Synchronizing object | Jacket.001
Fra:14 Mem:79.54M (Peak 79.54M) | Time:00:00.05 | Mem:0.00M, Peak:0.00M | Scene, ViewLayer | Synchronizing object | Pelvis.001
Fra:14 Mem:79.58M (Peak 79.58M) | Time:00:00.05 | Mem:0.00M, Peak:0.00M | Scene, ViewLayer | Synchronizing object | Shutter latch.001
Fra:14 Mem:79.57M (Peak 79.58M) | Time:00:00.05 | Mem:0.00M, Peak:0.00M | Scene, ViewLayer | Synchronizing object | Roller equipment shutter.002
Fra:14 Mem:79.61M (Peak 79.61M) | Time:00:00.05 | Mem:0.00M, Peak:0.00M | Scene, ViewLayer | Synchronizing object | Radio
Fra:14 Mem:79.61M (Peak 79.61M) | Time:00:00.05 | Mem:0.00M, Peak:0.00M | Scene, ViewLayer | Synchronizing object | Shutter rib.014
Fra:14 Mem:79.63M (Peak 79.63M) | Time:00:00.05 | Mem:0.00M, Peak:0.00M | Scene, ViewLayer | Synchronizing object | Shutter rib.015
Fra:14 Mem:79.63M (Peak 79.63M) | Time:00:00.05 | Mem:0.00M, Peak:0.00M | Scene, ViewLayer | Synchronizing object | Shutter rib.016
Fra:14 Mem:79.66M (Peak 79.66M) | Time:00:00.05 | Mem:0.00M, Peak:0.00M | Scene, ViewLayer | Synchronizing object | Shutter rib.017
Fra:14 Mem:79.66M (Peak 79.66M) | Time:00:00.05 | Mem:0.00M, Peak:0.00M | Scene, ViewLayer | Synchronizing object | Operations vest
Fra:14 Mem:79.67M (Peak 79.67M) | Time:00:00.05 | Mem:0.00M, Peak:0.00M | Scene, ViewLayer | Synchronizing object | Shutter rib.018
Fra:14 Mem:79.71M (Peak 79.71M) | Time:00:00.05 | Mem:0.00M, Peak:0.00M | Scene, ViewLayer | Synchronizing object | Shutter rib.019
Fra:14 Mem:79.72M (Peak 79.72M) | Time:00:00.05 | Mem:0.00M, Peak:0.00M | Scene, ViewLayer | Synchronizing object | Shutter rib.020
Fra:14 Mem:79.72M (Peak 79.72M) | Time:00:00.05 | Mem:0.00M, Peak:0.00M | Scene, ViewLayer | Synchronizing object | Hair
Fra:14 Mem:79.72M (Peak 79.72M) | Time:00:00.05 | Mem:0.00M, Peak:0.00M | Scene, ViewLayer | Synchronizing object | 119 side marking
Fra:14 Mem:79.74M (Peak 79.74M) | Time:00:00.05 | Mem:0.00M, Peak:0.00M | Scene, ViewLayer | Synchronizing object | Nose
Fra:14 Mem:79.76M (Peak 79.76M) | Time:00:00.05 | Mem:0.00M, Peak:0.00M | Scene, ViewLayer | Synchronizing object | Cab side window.001
Fra:14 Mem:79.77M (Peak 79.77M) | Time:00:00.05 | Mem:0.00M, Peak:0.00M | Scene, ViewLayer | Synchronizing object | Cab handle.001
Fra:14 Mem:79.79M (Peak 79.79M) | Time:00:00.05 | Mem:0.00M, Peak:0.00M | Scene, ViewLayer | Synchronizing object | Adult head
Fra:14 Mem:79.84M (Peak 79.84M) | Time:00:00.05 | Mem:0.00M, Peak:0.00M | Scene, ViewLayer | Synchronizing object | Neck
Fra:14 Mem:79.84M (Peak 79.84M) | Time:00:00.05 | Mem:0.00M, Peak:0.00M | Scene, ViewLayer | Synchronizing object | Mirror arm.001
Fra:14 Mem:79.84M (Peak 79.84M) | Time:00:00.05 | Mem:0.00M, Peak:0.00M | Scene, ViewLayer | Synchronizing object | Glove.001
Fra:14 Mem:79.85M (Peak 79.85M) | Time:00:00.05 | Mem:0.00M, Peak:0.00M | Scene, ViewLayer | Synchronizing object | Safety stripe.001
Fra:14 Mem:79.86M (Peak 79.86M) | Time:00:00.05 | Mem:0.00M, Peak:0.00M | Scene, ViewLayer | Synchronizing object | Roller equipment shutter.003
Fra:14 Mem:79.89M (Peak 79.89M) | Time:00:00.05 | Mem:0.00M, Peak:0.00M | Scene, ViewLayer | Synchronizing object | Jacket forearm.001
Fra:14 Mem:79.91M (Peak 79.91M) | Time:00:00.05 | Mem:0.00M, Peak:0.00M | Scene, ViewLayer | Synchronizing object | Jacket upper sleeve.001
Fra:14 Mem:79.92M (Peak 79.92M) | Time:00:00.05 | Mem:0.00M, Peak:0.00M | Scene, ViewLayer | Synchronizing object | Sleeve elbow.001
Fra:14 Mem:79.90M (Peak 79.92M) | Time:00:00.05 | Mem:0.00M, Peak:0.00M | Scene, ViewLayer | Synchronizing object | Shutter rib.021
Fra:14 Mem:79.91M (Peak 79.92M) | Time:00:00.05 | Mem:0.00M, Peak:0.00M | Scene, ViewLayer | Synchronizing object | Shutter rib.023
Fra:14 Mem:79.94M (Peak 79.94M) | Time:00:00.05 | Mem:0.00M, Peak:0.00M | Scene, ViewLayer | Synchronizing object | Shoulder joint.001
Fra:14 Mem:79.97M (Peak 79.97M) | Time:00:00.05 | Mem:0.00M, Peak:0.00M | Scene, ViewLayer | Synchronizing object | Boot.001
Fra:14 Mem:79.98M (Peak 79.98M) | Time:00:00.05 | Mem:0.00M, Peak:0.00M | Scene, ViewLayer | Synchronizing object | Shutter rib.024
Fra:14 Mem:80.00M (Peak 80.00M) | Time:00:00.05 | Mem:0.00M, Peak:0.00M | Scene, ViewLayer | Synchronizing object | Shutter rib.025
Fra:14 Mem:80.01M (Peak 80.01M) | Time:00:00.05 | Mem:0.00M, Peak:0.00M | Scene, ViewLayer | Synchronizing object | Trouser shin.001
Fra:14 Mem:80.02M (Peak 80.02M) | Time:00:00.05 | Mem:0.00M, Peak:0.00M | Scene, ViewLayer | Synchronizing object | Shutter rib.026
Fra:14 Mem:80.02M (Peak 80.02M) | Time:00:00.05 | Mem:0.00M, Peak:0.00M | Scene, ViewLayer | Synchronizing object | Trouser thigh.001
Fra:14 Mem:80.05M (Peak 80.05M) | Time:00:00.05 | Mem:0.00M, Peak:0.00M | Scene, ViewLayer | Synchronizing object | Shutter rib.027
Fra:14 Mem:80.03M (Peak 80.05M) | Time:00:00.05 | Mem:0.00M, Peak:0.00M | Scene, ViewLayer | Synchronizing object | Shutter latch.003
Fra:14 Mem:80.08M (Peak 80.08M) | Time:00:00.05 | Mem:0.00M, Peak:0.00M | Scene, ViewLayer | Synchronizing object | Roller equipment shutter.004
Fra:14 Mem:80.09M (Peak 80.09M) | Time:00:00.05 | Mem:0.00M, Peak:0.00M | Scene, ViewLayer | Synchronizing object | Jacket forearm
Fra:14 Mem:80.10M (Peak 80.10M) | Time:00:00.05 | Mem:0.00M, Peak:0.00M | Scene, ViewLayer | Synchronizing object | Shutter rib.028
Fra:14 Mem:80.10M (Peak 80.10M) | Time:00:00.05 | Mem:0.00M, Peak:0.00M | Scene, ViewLayer | Synchronizing object | Jacket upper sleeve
Fra:14 Mem:80.12M (Peak 80.12M) | Time:00:00.05 | Mem:0.00M, Peak:0.00M | Scene, ViewLayer | Synchronizing object | Shutter rib.029
Fra:14 Mem:80.11M (Peak 80.12M) | Time:00:00.05 | Mem:0.00M, Peak:0.00M | Scene, ViewLayer | Synchronizing object | Sleeve elbow
Fra:14 Mem:80.13M (Peak 80.13M) | Time:00:00.05 | Mem:0.00M, Peak:0.00M | Scene, ViewLayer | Synchronizing object | Shutter rib.030
Fra:14 Mem:80.14M (Peak 80.14M) | Time:00:00.05 | Mem:0.00M, Peak:0.00M | Scene, ViewLayer | Synchronizing object | Shoulder joint
Fra:14 Mem:80.16M (Peak 80.16M) | Time:00:00.05 | Mem:0.00M, Peak:0.00M | Scene, ViewLayer | Synchronizing object | Boot
Fra:14 Mem:80.16M (Peak 80.16M) | Time:00:00.05 | Mem:0.00M, Peak:0.00M | Scene, ViewLayer | Synchronizing object | Shutter rib.032
Fra:14 Mem:80.17M (Peak 80.17M) | Time:00:00.05 | Mem:0.00M, Peak:0.00M | Scene, ViewLayer | Synchronizing object | Trouser shin
Fra:14 Mem:80.18M (Peak 80.18M) | Time:00:00.05 | Mem:0.00M, Peak:0.00M | Scene, ViewLayer | Synchronizing object | Trouser thigh
Fra:14 Mem:80.19M (Peak 80.19M) | Time:00:00.05 | Mem:0.00M, Peak:0.00M | Scene, ViewLayer | Synchronizing object | Jacket
Fra:14 Mem:80.20M (Peak 80.20M) | Time:00:00.05 | Mem:0.00M, Peak:0.00M | Scene, ViewLayer | Synchronizing object | Shutter rib.034
Fra:14 Mem:80.20M (Peak 80.20M) | Time:00:00.05 | Mem:0.00M, Peak:0.00M | Scene, ViewLayer | Synchronizing object | Pelvis
Fra:14 Mem:80.23M (Peak 80.23M) | Time:00:00.05 | Mem:0.00M, Peak:0.00M | Scene, ViewLayer | Synchronizing object | Shutter latch.004
Fra:14 Mem:80.24M (Peak 80.24M) | Time:00:00.05 | Mem:0.00M, Peak:0.00M | Scene, ViewLayer | Synchronizing object | Roller equipment shutter.005
Fra:14 Mem:80.26M (Peak 80.26M) | Time:00:00.05 | Mem:0.00M, Peak:0.00M | Scene, ViewLayer | Synchronizing object | Emergency beacon.003
Fra:14 Mem:80.30M (Peak 80.30M) | Time:00:00.05 | Mem:0.00M, Peak:0.00M | Scene, ViewLayer | Synchronizing object | Shutter rib.035
Fra:14 Mem:80.35M (Peak 80.35M) | Time:00:00.05 | Mem:0.00M, Peak:0.00M | Scene, ViewLayer | Synchronizing object | Shutter rib.036
Fra:14 Mem:80.31M (Peak 80.35M) | Time:00:00.05 | Mem:0.00M, Peak:0.00M | Scene, ViewLayer | Synchronizing object | Shutter rib.037
Fra:14 Mem:80.35M (Peak 80.35M) | Time:00:00.05 | Mem:0.00M, Peak:0.00M | Scene, ViewLayer | Synchronizing object | Shutter rib.038
Fra:14 Mem:80.37M (Peak 80.37M) | Time:00:00.05 | Mem:0.00M, Peak:0.00M | Scene, ViewLayer | Synchronizing object | Shutter rib.039
Fra:14 Mem:80.38M (Peak 80.38M) | Time:00:00.05 | Mem:0.00M, Peak:0.00M | Scene, ViewLayer | Synchronizing object | Shutter rib.040
Fra:14 Mem:80.38M (Peak 80.38M) | Time:00:00.05 | Mem:0.00M, Peak:0.00M | Scene, ViewLayer | Synchronizing object | Lightbar housing.001
Fra:14 Mem:80.40M (Peak 80.40M) | Time:00:00.05 | Mem:0.00M, Peak:0.00M | Scene, ViewLayer | Synchronizing object | Shutter rib.041
Fra:14 Mem:80.42M (Peak 80.42M) | Time:00:00.05 | Mem:0.00M, Peak:0.00M | Scene, ViewLayer | Synchronizing object | Shutter latch.005
Fra:14 Mem:80.41M (Peak 80.42M) | Time:00:00.05 | Mem:0.00M, Peak:0.00M | Scene, ViewLayer | Synchronizing object | Headlamp.003
Fra:14 Mem:80.43M (Peak 80.43M) | Time:00:00.05 | Mem:0.00M, Peak:0.00M | Scene, ViewLayer | Synchronizing object | Tire
Fra:14 Mem:80.48M (Peak 80.48M) | Time:00:00.05 | Mem:0.00M, Peak:0.00M | Scene, ViewLayer | Synchronizing object | Wheel rim
Fra:14 Mem:80.48M (Peak 80.48M) | Time:00:00.05 | Mem:0.00M, Peak:0.00M | Scene, ViewLayer | Synchronizing object | Tire.001
Fra:14 Mem:80.48M (Peak 80.48M) | Time:00:00.05 | Mem:0.00M, Peak:0.00M | Scene, ViewLayer | Synchronizing object | Wheel rim.001
Fra:14 Mem:80.48M (Peak 80.48M) | Time:00:00.05 | Mem:0.00M, Peak:0.00M | Scene, ViewLayer | Synchronizing object | Tire.002
Fra:14 Mem:80.48M (Peak 80.48M) | Time:00:00.05 | Mem:0.00M, Peak:0.00M | Scene, ViewLayer | Synchronizing object | Tire.003
Fra:14 Mem:80.49M (Peak 80.49M) | Time:00:00.05 | Mem:0.00M, Peak:0.00M | Scene, ViewLayer | Synchronizing object | Wheel rim.003
Fra:14 Mem:80.49M (Peak 80.49M) | Time:00:00.05 | Mem:0.00M, Peak:0.00M | Scene, ViewLayer | Synchronizing object | Front bumper
Fra:14 Mem:80.49M (Peak 80.49M) | Time:00:00.05 | Mem:0.00M, Peak:0.00M | Scene, ViewLayer | Synchronizing object | Radiator grille
Fra:14 Mem:80.50M (Peak 80.50M) | Time:00:00.05 | Mem:0.00M, Peak:0.00M | Scene, ViewLayer | Synchronizing object | Headlamp
Fra:14 Mem:80.56M (Peak 80.56M) | Time:00:00.05 | Mem:0.00M, Peak:0.00M | Scene, ViewLayer | Synchronizing object | Headlamp.001
Fra:14 Mem:80.56M (Peak 80.56M) | Time:00:00.05 | Mem:0.00M, Peak:0.00M | Scene, ViewLayer | Synchronizing object | Lightbar housing
Fra:14 Mem:80.59M (Peak 80.59M) | Time:00:00.05 | Mem:0.00M, Peak:0.00M | Scene, ViewLayer | Synchronizing object | Radiator grille.001
Fra:14 Mem:80.58M (Peak 80.59M) | Time:00:00.05 | Mem:0.00M, Peak:0.00M | Scene, ViewLayer | Synchronizing object | Emergency beacon
Fra:14 Mem:80.62M (Peak 80.62M) | Time:00:00.05 | Mem:0.00M, Peak:0.00M | Scene, ViewLayer | Synchronizing object | Emergency beacon.001
Fra:14 Mem:80.61M (Peak 80.62M) | Time:00:00.05 | Mem:0.00M, Peak:0.00M | Scene, ViewLayer | Synchronizing object | Roof ladder rail
Fra:14 Mem:80.62M (Peak 80.62M) | Time:00:00.05 | Mem:0.00M, Peak:0.00M | Scene, ViewLayer | Synchronizing object | Front bumper.001
Fra:14 Mem:80.62M (Peak 80.62M) | Time:00:00.05 | Mem:0.00M, Peak:0.00M | Scene, ViewLayer | Synchronizing object | Roof ladder rung
Fra:14 Mem:80.65M (Peak 80.65M) | Time:00:00.05 | Mem:0.00M, Peak:0.00M | Scene, ViewLayer | Synchronizing object | Roof ladder rung.001
Fra:14 Mem:80.63M (Peak 80.65M) | Time:00:00.05 | Mem:0.00M, Peak:0.00M | Scene, ViewLayer | Synchronizing object | Roof ladder rung.002
Fra:14 Mem:80.65M (Peak 80.65M) | Time:00:00.05 | Mem:0.00M, Peak:0.00M | Scene, ViewLayer | Synchronizing object | Roof ladder rung.004
Fra:14 Mem:80.64M (Peak 80.65M) | Time:00:00.05 | Mem:0.00M, Peak:0.00M | Scene, ViewLayer | Synchronizing object | Wheel rim.007
Fra:14 Mem:80.64M (Peak 80.65M) | Time:00:00.05 | Mem:0.00M, Peak:0.00M | Scene, ViewLayer | Synchronizing object | Roof ladder rung.006
Fra:14 Mem:80.64M (Peak 80.65M) | Time:00:00.05 | Mem:0.00M, Peak:0.00M | Scene, ViewLayer | Synchronizing object | Roof ladder rung.007
Fra:14 Mem:80.64M (Peak 80.65M) | Time:00:00.05 | Mem:0.00M, Peak:0.00M | Scene, ViewLayer | Synchronizing object | Roof ladder rung.008
Fra:14 Mem:80.64M (Peak 80.65M) | Time:00:00.05 | Mem:0.00M, Peak:0.00M | Scene, ViewLayer | Synchronizing object | Roof ladder rung.009
Fra:14 Mem:80.65M (Peak 80.65M) | Time:00:00.05 | Mem:0.00M, Peak:0.00M | Scene, ViewLayer | Synchronizing object | Roof ladder rung.010
Fra:14 Mem:80.65M (Peak 80.65M) | Time:00:00.05 | Mem:0.00M, Peak:0.00M | Scene, ViewLayer | Synchronizing object | Hose reel
Fra:14 Mem:80.66M (Peak 80.66M) | Time:00:00.05 | Mem:0.00M, Peak:0.00M | Scene, ViewLayer | Synchronizing object | Tire.007
Fra:14 Mem:80.66M (Peak 80.66M) | Time:00:00.05 | Mem:0.00M, Peak:0.00M | Scene, ViewLayer | Synchronizing object | Chassis.001
Fra:14 Mem:80.66M (Peak 80.66M) | Time:00:00.05 | Mem:0.00M, Peak:0.00M | Scene, ViewLayer | Synchronizing object | Wheel rim.006
Fra:14 Mem:80.66M (Peak 80.66M) | Time:00:00.05 | Mem:0.00M, Peak:0.00M | Scene, ViewLayer | Synchronizing object | Equipment body.001
Fra:14 Mem:80.67M (Peak 80.67M) | Time:00:00.05 | Mem:0.00M, Peak:0.00M | Scene, ViewLayer | Synchronizing object | Tire.006
Fra:14 Mem:80.69M (Peak 80.69M) | Time:00:00.05 | Mem:0.00M, Peak:0.00M | Scene, ViewLayer | Synchronizing object | Wheel rim.005
Fra:14 Mem:80.70M (Peak 80.70M) | Time:00:00.05 | Mem:0.00M, Peak:0.00M | Scene, ViewLayer | Synchronizing object | Tire.005
Fra:14 Mem:80.70M (Peak 80.70M) | Time:00:00.05 | Mem:0.00M, Peak:0.00M | Scene, ViewLayer | Synchronizing object | Wheel rim.004
Fra:14 Mem:80.70M (Peak 80.70M) | Time:00:00.05 | Mem:0.00M, Peak:0.00M | Scene, ViewLayer | Synchronizing object | Tire.004
Fra:14 Mem:80.70M (Peak 80.70M) | Time:00:00.05 | Mem:0.00M, Peak:0.00M | Scene, ViewLayer | Synchronizing object | 119 side marking.003
Fra:14 Mem:80.73M (Peak 80.73M) | Time:00:00.05 | Mem:0.00M, Peak:0.00M | Scene, ViewLayer | Synchronizing object | Windscreen.001
Fra:14 Mem:80.76M (Peak 80.76M) | Time:00:00.05 | Mem:0.00M, Peak:0.00M | Scene, ViewLayer | Synchronizing object | Cab side window.002
Fra:14 Mem:80.75M (Peak 80.76M) | Time:00:00.05 | Mem:0.00M, Peak:0.00M | Scene, ViewLayer | Synchronizing object | Medical cross horizontal.001
Fra:14 Mem:80.81M (Peak 80.81M) | Time:00:00.05 | Mem:0.00M, Peak:0.00M | Scene, ViewLayer | Synchronizing object | Cab handle.002
Fra:14 Mem:80.82M (Peak 80.82M) | Time:00:00.05 | Mem:0.00M, Peak:0.00M | Scene, ViewLayer | Synchronizing object | Mirror arm.002
Fra:14 Mem:80.82M (Peak 80.82M) | Time:00:00.05 | Mem:0.00M, Peak:0.00M | Scene, ViewLayer | Synchronizing object | Medical cross vertical.001
Fra:14 Mem:80.85M (Peak 80.85M) | Time:00:00.05 | Mem:0.00M, Peak:0.00M | Scene, ViewLayer | Synchronizing object | Wing mirror.002
Fra:14 Mem:80.83M (Peak 80.85M) | Time:00:00.05 | Mem:0.00M, Peak:0.00M | Scene, ViewLayer | Synchronizing object | Patient window
Fra:14 Mem:80.88M (Peak 80.88M) | Time:00:00.05 | Mem:0.00M, Peak:0.00M | Scene, ViewLayer | Synchronizing object | Patient window.001
Fra:14 Mem:80.88M (Peak 80.88M) | Time:00:00.05 | Mem:0.00M, Peak:0.00M | Scene, ViewLayer | Synchronizing object | Medical cross vertical
Fra:14 Mem:80.90M (Peak 80.90M) | Time:00:00.05 | Mem:0.00M, Peak:0.00M | Scene, ViewLayer | Synchronizing object | Medical cross horizontal
Fra:14 Mem:80.90M (Peak 80.90M) | Time:00:00.05 | Mem:0.00M, Peak:0.00M | Scene, ViewLayer | Synchronizing object | Safety stripe.003
Fra:14 Mem:80.96M (Peak 80.96M) | Time:00:00.05 | Mem:0.00M, Peak:0.00M | Scene, ViewLayer | Synchronizing object | Cab side window.003
Fra:14 Mem:80.96M (Peak 80.96M) | Time:00:00.05 | Mem:0.00M, Peak:0.00M | Scene, ViewLayer | Synchronizing object | Cab handle.003
Fra:14 Mem:80.98M (Peak 80.98M) | Time:00:00.05 | Mem:0.00M, Peak:0.00M | Scene, ViewLayer | Synchronizing object | Mirror arm.003
Fra:14 Mem:80.99M (Peak 80.99M) | Time:00:00.05 | Mem:0.00M, Peak:0.00M | Scene, ViewLayer | Synchronizing object | Wing mirror.003
Fra:14 Mem:80.99M (Peak 80.99M) | Time:00:00.05 | Mem:0.00M, Peak:0.00M | Scene, ViewLayer | Initializing
Fra:14 Mem:53.43M (Peak 80.99M) | Time:00:00.05 | Mem:0.00M, Peak:0.00M | Scene, ViewLayer | Waiting for render to start
Fra:14 Mem:53.43M (Peak 80.99M) | Time:00:00.05 | Mem:0.00M, Peak:0.00M | Scene, ViewLayer | Updating Scene
Fra:14 Mem:53.43M (Peak 80.99M) | Time:00:00.05 | Mem:0.00M, Peak:0.00M | Scene, ViewLayer | Updating Shaders
Fra:14 Mem:53.43M (Peak 80.99M) | Time:00:00.06 | Mem:0.00M, Peak:0.00M | Scene, ViewLayer | Loading render kernels (may take a few minutes the first time)
Fra:14 Mem:53.53M (Peak 80.99M) | Time:00:00.06 | Mem:0.01M, Peak:0.01M | Scene, ViewLayer | Updating Procedurals
Fra:14 Mem:53.53M (Peak 80.99M) | Time:00:00.06 | Mem:0.01M, Peak:0.01M | Scene, ViewLayer | Updating Background
Fra:14 Mem:53.53M (Peak 80.99M) | Time:00:00.06 | Mem:0.01M, Peak:0.01M | Scene, ViewLayer | Updating Camera
Fra:14 Mem:53.53M (Peak 80.99M) | Time:00:00.06 | Mem:0.01M, Peak:0.01M | Scene, ViewLayer | Updating Meshes Flags
Fra:14 Mem:53.53M (Peak 80.99M) | Time:00:00.06 | Mem:0.01M, Peak:0.01M | Scene, ViewLayer | Updating Objects
Fra:14 Mem:53.53M (Peak 80.99M) | Time:00:00.06 | Mem:0.01M, Peak:0.01M | Scene, ViewLayer | Updating Objects | Copying Transformations to device
Fra:14 Mem:53.68M (Peak 80.99M) | Time:00:00.06 | Mem:0.16M, Peak:0.16M | Scene, ViewLayer | Updating Particle Systems
Fra:14 Mem:53.68M (Peak 80.99M) | Time:00:00.06 | Mem:0.16M, Peak:0.16M | Scene, ViewLayer | Updating Particle Systems | Copying Particles to device
Fra:14 Mem:53.68M (Peak 80.99M) | Time:00:00.06 | Mem:0.16M, Peak:0.16M | Scene, ViewLayer | Updating Meshes
Fra:14 Mem:53.68M (Peak 80.99M) | Time:00:00.06 | Mem:0.16M, Peak:0.16M | Scene, ViewLayer | Updating Objects | Applying Static Transformations
Fra:14 Mem:53.68M (Peak 80.99M) | Time:00:00.06 | Mem:0.16M, Peak:0.16M | Scene, ViewLayer | Updating Mesh | Computing attributes
Fra:14 Mem:54.75M (Peak 80.99M) | Time:00:00.06 | Mem:0.21M, Peak:0.21M | Scene, ViewLayer | Updating Mesh | Copying Attributes to device
Fra:14 Mem:54.67M (Peak 80.99M) | Time:00:00.06 | Mem:1.15M, Peak:1.15M | Scene, ViewLayer | Updating Scene BVH | Building
Fra:14 Mem:54.68M (Peak 80.99M) | Time:00:00.06 | Mem:1.15M, Peak:1.15M | Scene, ViewLayer | Updating Scene BVH | Building BVH
Fra:14 Mem:54.68M (Peak 80.99M) | Time:00:00.06 | Mem:3.08M, Peak:3.08M | Scene, ViewLayer | Updating Scene BVH | Building BVH 0%
Fra:14 Mem:54.68M (Peak 80.99M) | Time:00:00.06 | Mem:5.39M, Peak:7.32M | Scene, ViewLayer | Updating Scene BVH | Copying BVH to device
Fra:14 Mem:54.68M (Peak 80.99M) | Time:00:00.06 | Mem:5.39M, Peak:7.32M | Scene, ViewLayer | Updating Mesh | Computing normals
Fra:14 Mem:57.53M (Peak 80.99M) | Time:00:00.06 | Mem:5.39M, Peak:7.32M | Scene, ViewLayer | Updating Mesh | Copying Mesh to device
Fra:14 Mem:57.53M (Peak 80.99M) | Time:00:00.06 | Mem:8.24M, Peak:8.24M | Scene, ViewLayer | Updating Objects Flags
Fra:14 Mem:57.53M (Peak 80.99M) | Time:00:00.06 | Mem:8.25M, Peak:8.25M | Scene, ViewLayer | Updating Primitive Offsets
Fra:14 Mem:57.54M (Peak 80.99M) | Time:00:00.06 | Mem:8.25M, Peak:8.25M | Scene, ViewLayer | Updating Images
Fra:14 Mem:57.54M (Peak 80.99M) | Time:00:00.06 | Mem:8.25M, Peak:8.25M | Scene, ViewLayer | Updating Images | Loading Concrete031_1K-JPG_Color.jpg
Fra:14 Mem:61.54M (Peak 80.99M) | Time:00:00.06 | Mem:8.25M, Peak:8.25M | Scene, ViewLayer | Updating Images | Loading Metal032_1K-JPG_Color.jpg
Fra:14 Mem:65.55M (Peak 80.99M) | Time:00:00.08 | Mem:16.25M, Peak:16.25M | Scene, ViewLayer | Updating Camera Volume
Fra:14 Mem:65.55M (Peak 80.99M) | Time:00:00.08 | Mem:16.25M, Peak:16.25M | Scene, ViewLayer | Updating Lookup Tables
Fra:14 Mem:65.55M (Peak 80.99M) | Time:00:00.08 | Mem:16.33M, Peak:16.33M | Scene, ViewLayer | Updating Lights
Fra:14 Mem:65.55M (Peak 80.99M) | Time:00:00.08 | Mem:16.33M, Peak:16.33M | Scene, ViewLayer | Updating Lights | Computing tree
Fra:14 Mem:65.55M (Peak 80.99M) | Time:00:00.08 | Mem:16.34M, Peak:16.34M | Scene, ViewLayer | Updating Integrator
Fra:14 Mem:65.55M (Peak 80.99M) | Time:00:00.08 | Mem:16.34M, Peak:16.34M | Scene, ViewLayer | Updating Film
Fra:14 Mem:65.56M (Peak 80.99M) | Time:00:00.08 | Mem:16.26M, Peak:16.34M | Scene, ViewLayer | Updating Lookup Tables
Fra:14 Mem:65.56M (Peak 80.99M) | Time:00:00.08 | Mem:16.34M, Peak:16.34M | Scene, ViewLayer | Updating Baking
Fra:14 Mem:65.56M (Peak 80.99M) | Time:00:00.08 | Mem:16.34M, Peak:16.34M | Scene, ViewLayer | Updating Device | Writing constant memory
Fra:14 Mem:65.57M (Peak 80.99M) | Time:00:00.08 | Mem:16.34M, Peak:16.34M | Scene, ViewLayer | Loading denoising kernels (may take a few minutes the first time)
Fra:14 Mem:65.57M (Peak 80.99M) | Time:00:00.08 | Mem:16.34M, Peak:16.34M | Scene, ViewLayer | Sample 0/24
Fra:14 Mem:179.61M (Peak 179.61M) | Time:00:00.81 | Remaining:00:16.99 | Mem:130.35M, Peak:130.35M | Scene, ViewLayer | Sample 1/24
Fra:14 Mem:227.62M (Peak 299.62M) | Time:00:22.61 | Mem:130.35M, Peak:130.35M | Scene, ViewLayer | Sample 24/24
Fra:14 Mem:227.62M (Peak 299.62M) | Time:00:22.61 | Mem:130.35M, Peak:130.35M | Scene, ViewLayer | Finished
Saved: '/Users/um-yunsang/CHOOGuard/art/blender/crew-walk-frame14.png'
Time: 00:22.73 (Saving: 00:00.11)


FBX export starting... '/Users/um-yunsang/CHOOGuard/Assets/ChooGuard/Art/ResponseSet/BusanFacade.fbx'
export finished in 0.1858 sec.

FBX export starting... '/Users/um-yunsang/CHOOGuard/Assets/ChooGuard/Art/ResponseSet/HighSpeedCab.fbx'
export finished in 0.0331 sec.

FBX export starting... '/Users/um-yunsang/CHOOGuard/Assets/ChooGuard/Art/ResponseSet/HighSpeedCoach.fbx'
export finished in 0.0310 sec.

FBX export starting... '/Users/um-yunsang/CHOOGuard/Assets/ChooGuard/Art/ResponseSet/FireEngine119.fbx'
export finished in 0.0776 sec.

FBX export starting... '/Users/um-yunsang/CHOOGuard/Assets/ChooGuard/Art/ResponseSet/Ambulance119.fbx'
export finished in 0.0292 sec.
FBX version: 7700

FBX export starting... '/Users/um-yunsang/CHOOGuard/Assets/ChooGuard/Art/ResponseSet/CrewOperations.fbx'
(bpy.data.armatures['root'], 'POSE')
(bpy.data.armatures['root'], 'POSE')
(bpy.data.armatures['root'], 'POSE')
(bpy.data.armatures['root'], 'POSE')
(bpy.data.armatures['root'], 'POSE')
(bpy.data.armatures['root'], 'POSE')
(bpy.data.armatures['root'], 'POSE')
(bpy.data.armatures['root'], 'POSE')
(bpy.data.armatures['root'], 'POSE')
(bpy.data.armatures['root'], 'POSE')
(bpy.data.armatures['root'], 'POSE')
(bpy.data.armatures['root'], 'POSE')
(bpy.data.armatures['root'], 'POSE')
(bpy.data.armatures['root'], 'POSE')
(bpy.data.armatures['root'], 'POSE')
(bpy.data.armatures['root'], 'POSE')
(bpy.data.armatures['root'], 'POSE')
(bpy.data.armatures['root'], 'POSE')
(bpy.data.armatures['root'], 'POSE')
(bpy.data.armatures['root'], 'POSE')
(bpy.data.armatures['root'], 'POSE')
(bpy.data.armatures['root'], 'POSE')
(bpy.data.armatures['root'], 'POSE')
(bpy.data.armatures['root'], 'POSE')
export finished in 0.3029 sec.
FBX version: 7700

FBX export starting... '/Users/um-yunsang/CHOOGuard/Assets/ChooGuard/Art/ResponseSet/CrewFire.fbx'
(bpy.data.armatures['root.001'], 'POSE')
(bpy.data.armatures['root.001'], 'POSE')
(bpy.data.armatures['root.001'], 'POSE')
(bpy.data.armatures['root.001'], 'POSE')
(bpy.data.armatures['root.001'], 'POSE')
(bpy.data.armatures['root.001'], 'POSE')
(bpy.data.armatures['root.001'], 'POSE')
(bpy.data.armatures['root.001'], 'POSE')
(bpy.data.armatures['root.001'], 'POSE')
(bpy.data.armatures['root.001'], 'POSE')
(bpy.data.armatures['root.001'], 'POSE')
(bpy.data.armatures['root.001'], 'POSE')
(bpy.data.armatures['root.001'], 'POSE')
(bpy.data.armatures['root.001'], 'POSE')
(bpy.data.armatures['root.001'], 'POSE')
(bpy.data.armatures['root.001'], 'POSE')
(bpy.data.armatures['root.001'], 'POSE')
(bpy.data.armatures['root.001'], 'POSE')
(bpy.data.armatures['root.001'], 'POSE')
(bpy.data.armatures['root.001'], 'POSE')
(bpy.data.armatures['root.001'], 'POSE')
(bpy.data.armatures['root.001'], 'POSE')
(bpy.data.armatures['root.001'], 'POSE')
(bpy.data.armatures['root.001'], 'POSE')
(bpy.data.armatures['root.001'], 'POSE')
(bpy.data.armatures['root.001'], 'POSE')
(bpy.data.armatures['root.001'], 'POSE')
(bpy.data.armatures['root.001'], 'POSE')
(bpy.data.armatures['root.001'], 'POSE')
(bpy.data.armatures['root.001'], 'POSE')
(bpy.data.armatures['root.001'], 'POSE')
(bpy.data.armatures['root.001'], 'POSE')
export finished in 0.7644 sec.
FBX version: 7700

FBX export starting... '/Users/um-yunsang/CHOOGuard/Assets/ChooGuard/Art/ResponseSet/CrewMedical.fbx'
(bpy.data.armatures['root.002'], 'POSE')
(bpy.data.armatures['root.002'], 'POSE')
(bpy.data.armatures['root.002'], 'POSE')
(bpy.data.armatures['root.002'], 'POSE')
(bpy.data.armatures['root.002'], 'POSE')
(bpy.data.armatures['root.002'], 'POSE')
(bpy.data.armatures['root.002'], 'POSE')
(bpy.data.armatures['root.002'], 'POSE')
(bpy.data.armatures['root.002'], 'POSE')
(bpy.data.armatures['root.002'], 'POSE')
(bpy.data.armatures['root.002'], 'POSE')
(bpy.data.armatures['root.002'], 'POSE')
(bpy.data.armatures['root.002'], 'POSE')
(bpy.data.armatures['root.002'], 'POSE')
(bpy.data.armatures['root.002'], 'POSE')
(bpy.data.armatures['root.002'], 'POSE')
(bpy.data.armatures['root.002'], 'POSE')
(bpy.data.armatures['root.002'], 'POSE')
(bpy.data.armatures['root.002'], 'POSE')
(bpy.data.armatures['root.002'], 'POSE')
(bpy.data.armatures['root.002'], 'POSE')
(bpy.data.armatures['root.002'], 'POSE')
(bpy.data.armatures['root.002'], 'POSE')
(bpy.data.armatures['root.002'], 'POSE')
(bpy.data.armatures['root.002'], 'POSE')
export finished in 1.2667 sec.
Info: Saved as "response_set.blend"

Blender quit
