# Blender 5.2.2 LTS
# www.blender.org
mtllib VendingDrink.mtl
o a_VendingMachineA_0
v -0.294121 1.550632 0.504977
v -0.301350 1.550632 0.487525
v -0.276669 1.563942 0.487525
v -0.276669 1.550632 0.512206
v -0.259217 1.550632 0.504977
v -0.251989 1.550632 0.487525
v -0.291261 1.730081 0.487525
v -0.286987 1.730081 0.497843
v -0.276669 1.730081 0.487525
v -0.276669 1.730081 0.502117
v -0.266352 1.730081 0.497843
v -0.262078 1.730081 0.487525
v -0.290037 1.743263 0.487525
v -0.286122 1.743263 0.496977
v -0.276669 1.743263 0.487525
v -0.276669 1.743263 0.500893
v -0.267217 1.743263 0.496977
v -0.263302 1.743263 0.487525
v 0.012842 1.666036 0.487525
v 0.020840 1.666036 0.506833
v 0.040148 1.666036 0.487525
v 0.040148 1.666036 0.514831
v 0.059457 1.666036 0.506833
v 0.067454 1.666036 0.487525
v 0.026087 1.550632 0.501587
v 0.020262 1.550632 0.487525
v 0.040148 1.556629 0.487525
v 0.040148 1.550632 0.507411
v 0.054210 1.550632 0.501587
v 0.060034 1.550632 0.487525
v -0.066205 1.666036 0.487525
v -0.058208 1.666036 0.506833
v -0.038899 1.666036 0.487525
v -0.038899 1.666036 0.514831
v -0.019591 1.666036 0.506833
v -0.011593 1.666036 0.487525
v -0.052961 1.550632 0.501587
v -0.058785 1.550632 0.487525
v -0.038899 1.556629 0.487525
v -0.038899 1.550632 0.507411
v -0.024838 1.550632 0.501587
v -0.019013 1.550632 0.487525
v 0.103330 1.281770 0.504977
v 0.096101 1.281770 0.487525
v 0.120782 1.295080 0.487525
v 0.120782 1.281770 0.512206
v 0.138234 1.281770 0.504977
v 0.145463 1.281770 0.487525
v 0.106190 1.461218 0.487525
v 0.110464 1.461218 0.497843
v 0.120782 1.461218 0.487525
v 0.120782 1.461218 0.502117
v 0.131100 1.461218 0.497843
v 0.135374 1.461218 0.487525
v 0.107415 1.474401 0.487525
v 0.111330 1.474401 0.496977
v 0.120782 1.474401 0.487525
v 0.120782 1.474401 0.500893
v 0.130234 1.474401 0.496977
v 0.134150 1.474401 0.487525
v 0.025243 1.281770 0.504977
v 0.018014 1.281770 0.487525
v 0.042695 1.295080 0.487525
v 0.042695 1.281770 0.512206
v 0.060147 1.281770 0.504977
v 0.067375 1.281770 0.487525
v 0.028103 1.461218 0.487525
v 0.032377 1.461218 0.497843
v 0.042695 1.461218 0.487525
v 0.042695 1.461218 0.502117
v 0.053012 1.461218 0.497843
v 0.057286 1.461218 0.487525
v 0.029327 1.474401 0.487525
v 0.033242 1.474401 0.496977
v 0.042695 1.474401 0.487525
v 0.042695 1.474401 0.500893
v 0.052147 1.474401 0.496977
v 0.056062 1.474401 0.487525
v 0.170749 1.708202 0.487525
v 0.178747 1.708202 0.506833
v 0.198055 1.708202 0.487525
v 0.198055 1.708202 0.514831
v 0.217363 1.708202 0.506833
v 0.225361 1.708202 0.487525
v 0.183994 1.550632 0.501587
v 0.178169 1.550632 0.487525
v 0.198055 1.556629 0.487525
v 0.198055 1.550632 0.507411
v 0.212117 1.550632 0.501587
v 0.217941 1.550632 0.487525
v -0.213742 1.550632 0.504977
v -0.220971 1.550632 0.487525
v -0.196290 1.563942 0.487525
v -0.196290 1.550632 0.512206
v -0.178838 1.550632 0.504977
v -0.171609 1.550632 0.487525
v -0.210881 1.730081 0.487525
v -0.206608 1.730081 0.497843
v -0.196290 1.730081 0.487525
v -0.196290 1.730081 0.502117
v -0.185972 1.730081 0.497843
v -0.181698 1.730081 0.487525
v -0.209657 1.743263 0.487525
v -0.205742 1.743263 0.496977
v -0.196290 1.743263 0.487525
v -0.196290 1.743263 0.500893
v -0.186838 1.743263 0.496977
v -0.182922 1.743263 0.487525
v -0.136061 1.550632 0.504977
v -0.143290 1.550632 0.487525
v -0.118609 1.563942 0.487525
v -0.118609 1.550632 0.512206
v -0.101157 1.550632 0.504977
v -0.093928 1.550632 0.487525
v -0.133200 1.730081 0.487525
v -0.128927 1.730081 0.497843
v -0.118609 1.730081 0.487525
v -0.118609 1.730081 0.502117
v -0.108291 1.730081 0.497843
v -0.104017 1.730081 0.487525
v -0.131976 1.743263 0.487525
v -0.128061 1.743263 0.496977
v -0.118609 1.743263 0.487525
v -0.118609 1.743263 0.500893
v -0.109157 1.743263 0.496977
v -0.105241 1.743263 0.487525
v 0.340195 1.281770 0.504977
v 0.332966 1.281770 0.487525
v 0.357647 1.295080 0.487525
v 0.357647 1.281770 0.512206
v 0.375099 1.281770 0.504977
v 0.382328 1.281770 0.487525
v 0.343055 1.461218 0.487525
v 0.347329 1.461218 0.497843
v 0.357647 1.461218 0.487525
v 0.357647 1.461218 0.502117
v 0.367965 1.461218 0.497843
v 0.372239 1.461218 0.487525
v 0.344280 1.474401 0.487525
v 0.348195 1.474401 0.496977
v 0.357647 1.474401 0.487525
v 0.357647 1.474401 0.500893
v 0.367099 1.474401 0.496977
v 0.371015 1.474401 0.487525
v -0.215953 1.281770 0.504977
v -0.223182 1.281770 0.487525
v -0.198501 1.295080 0.487525
v -0.198501 1.281770 0.512206
v -0.181049 1.281770 0.504977
v -0.173821 1.281770 0.487525
v -0.213093 1.395204 0.487525
v -0.208819 1.395204 0.497843
v -0.198501 1.395204 0.487525
v -0.198501 1.395204 0.502117
v -0.188184 1.395204 0.497843
v -0.183910 1.395204 0.487525
v -0.211869 1.408386 0.487525
v -0.207954 1.408386 0.496977
v -0.198501 1.408386 0.487525
v -0.198501 1.408386 0.500893
v -0.189049 1.408386 0.496977
v -0.185134 1.408386 0.487525
v -0.134315 1.281770 0.504977
v -0.141544 1.281770 0.487525
v -0.116863 1.295080 0.487525
v -0.116863 1.281770 0.512206
v -0.099411 1.281770 0.504977
v -0.092182 1.281770 0.487525
v -0.131455 1.461218 0.487525
v -0.127181 1.461218 0.497843
v -0.116863 1.461218 0.487525
v -0.116863 1.461218 0.502117
v -0.106545 1.461218 0.497843
v -0.102271 1.461218 0.487525
v -0.130230 1.474401 0.487525
v -0.126315 1.474401 0.496977
v -0.116863 1.474401 0.487525
v -0.116863 1.474401 0.500893
v -0.107411 1.474401 0.496977
v -0.103495 1.474401 0.487525
v 0.181834 1.281770 0.504977
v 0.174605 1.281770 0.487525
v 0.199286 1.295080 0.487525
v 0.199286 1.281770 0.512206
v 0.216738 1.281770 0.504977
v 0.223966 1.281770 0.487525
v 0.184694 1.461218 0.487525
v 0.188968 1.461218 0.497843
v 0.199286 1.461218 0.487525
v 0.199286 1.461218 0.502117
v 0.209603 1.461218 0.497843
v 0.213877 1.461218 0.487525
v 0.185919 1.474401 0.487525
v 0.189833 1.474401 0.496977
v 0.199286 1.474401 0.487525
v 0.199286 1.474401 0.500893
v 0.208738 1.474401 0.496977
v 0.212653 1.474401 0.487525
v 0.263244 1.281770 0.504977
v 0.256015 1.281770 0.487525
v 0.280696 1.295080 0.487525
v 0.280696 1.281770 0.512206
v 0.298148 1.281770 0.504977
v 0.305377 1.281770 0.487525
v 0.266105 1.461218 0.487525
v 0.270378 1.461218 0.497843
v 0.280696 1.461218 0.487525
v 0.280696 1.461218 0.502117
v 0.291014 1.461218 0.497843
v 0.295288 1.461218 0.487525
v 0.267329 1.474401 0.487525
v 0.271244 1.474401 0.496977
v 0.280696 1.474401 0.487525
v 0.280696 1.474401 0.500893
v 0.290148 1.474401 0.496977
v 0.294064 1.474401 0.487525
v -0.293907 1.281770 0.504977
v -0.301135 1.281770 0.487525
v -0.276455 1.295080 0.487525
v -0.276455 1.281770 0.512206
v -0.259003 1.281770 0.504977
v -0.251774 1.281770 0.487525
v -0.291046 1.395204 0.487525
v -0.286773 1.395204 0.497843
v -0.276455 1.395204 0.487525
v -0.276455 1.395204 0.502117
v -0.266137 1.395204 0.497843
v -0.261863 1.395204 0.487525
v -0.289822 1.408386 0.487525
v -0.285907 1.408386 0.496977
v -0.276455 1.408386 0.487525
v -0.276455 1.408386 0.500893
v -0.267003 1.408386 0.496977
v -0.263087 1.408386 0.487525
v -0.419766 1.480015 0.526718
v -0.429275 1.480015 0.526718
v -0.429275 1.480015 0.479246
v -0.429275 1.521737 0.479246
v -0.429275 1.521737 0.526718
v -0.419766 1.521737 0.526718
v 0.419765 1.480015 0.526718
v 0.429274 1.480015 0.479246
v 0.429274 1.480015 0.526718
v 0.429274 1.521737 0.479246
v 0.419765 1.521737 0.526718
v 0.429274 1.521737 0.526718
v -0.419766 1.490446 0.540329
v -0.419766 1.480015 0.526718
v -0.419766 1.480015 0.536289
v 0.419765 1.480015 0.526718
v 0.419765 1.490446 0.540329
v 0.419765 1.480015 0.536289
v 0.419765 1.511307 0.540329
v 0.419765 1.521737 0.526718
v 0.419765 1.521737 0.536289
v -0.419766 1.521737 0.526718
v -0.419766 1.511307 0.540329
v -0.419766 1.521737 0.536289
v -0.293685 1.012637 0.471860
v -0.278020 1.012637 0.465371
v -0.278019 1.012637 0.487525
v -0.300174 1.012637 0.487525
v -0.293685 1.012637 0.503191
v -0.278019 1.012637 0.509679
v -0.262354 1.012637 0.503191
v -0.255865 1.012637 0.487525
v -0.262354 1.012637 0.471860
v -0.278020 1.100762 0.465371
v -0.293685 1.100762 0.471860
v -0.278019 1.100762 0.487525
v -0.300174 1.100762 0.487525
v -0.293685 1.100762 0.503191
v -0.278019 1.100762 0.509679
v -0.262354 1.100762 0.503191
v -0.255865 1.100762 0.487525
v -0.262354 1.100762 0.471860
v -0.214509 1.012637 0.471860
v -0.198844 1.012637 0.465371
v -0.198844 1.012637 0.487525
v -0.220998 1.012637 0.487525
v -0.214509 1.012637 0.503191
v -0.198844 1.012637 0.509679
v -0.183178 1.012637 0.503191
v -0.176689 1.012637 0.487525
v -0.183178 1.012637 0.471860
v -0.198844 1.100762 0.465371
v -0.214509 1.100762 0.471860
v -0.198844 1.100762 0.487525
v -0.220998 1.100762 0.487525
v -0.214509 1.100762 0.503191
v -0.198844 1.100762 0.509679
v -0.183178 1.100762 0.503191
v -0.176689 1.100762 0.487525
v -0.183178 1.100762 0.471860
v 0.249957 1.128042 0.487525
v 0.257955 1.128042 0.506833
v 0.277263 1.128042 0.487525
v 0.277263 1.128042 0.514831
v 0.296572 1.128042 0.506833
v 0.304569 1.128042 0.487525
v 0.263202 1.012637 0.501587
v 0.257378 1.012637 0.487525
v 0.277263 1.018634 0.487525
v 0.277263 1.012637 0.507411
v 0.291325 1.012637 0.501587
v 0.297149 1.012637 0.487525
v -0.135333 1.012637 0.471860
v -0.119668 1.012637 0.465371
v -0.119668 1.012637 0.487525
v -0.141822 1.012637 0.487525
v -0.135333 1.012637 0.503191
v -0.119668 1.012637 0.509679
v -0.104002 1.012637 0.503191
v -0.097514 1.012637 0.487525
v -0.104002 1.012637 0.471860
v -0.119668 1.100762 0.465371
v -0.135333 1.100762 0.471860
v -0.119668 1.100762 0.487525
v -0.141822 1.100762 0.487525
v -0.135333 1.100762 0.503191
v -0.119668 1.100762 0.509679
v -0.104002 1.100762 0.503191
v -0.097514 1.100762 0.487525
v -0.104002 1.100762 0.471860
v 0.095022 1.128042 0.487525
v 0.103019 1.128042 0.506833
v 0.122328 1.128042 0.487525
v 0.122328 1.128042 0.514831
v 0.141636 1.128042 0.506833
v 0.149634 1.128042 0.487525
v 0.108266 1.012637 0.501587
v 0.102442 1.012637 0.487525
v 0.122328 1.018634 0.487525
v 0.122328 1.012637 0.507411
v 0.136389 1.012637 0.501587
v 0.142214 1.012637 0.487525
v 0.014058 1.128042 0.487525
v 0.022055 1.128042 0.506833
v 0.041364 1.128042 0.487525
v 0.041364 1.128042 0.514831
v 0.060672 1.128042 0.506833
v 0.068670 1.128042 0.487525
v 0.027302 1.012637 0.501587
v 0.021478 1.012637 0.487525
v 0.041364 1.018634 0.487525
v 0.041364 1.012637 0.507411
v 0.055425 1.012637 0.501587
v 0.061250 1.012637 0.487525
v 0.171104 1.128042 0.487525
v 0.179101 1.128042 0.506833
v 0.198410 1.128042 0.487525
v 0.198410 1.128042 0.514831
v 0.217718 1.128042 0.506833
v 0.225716 1.128042 0.487525
v 0.184348 1.012637 0.501587
v 0.178524 1.012637 0.487525
v 0.198410 1.018634 0.487525
v 0.198410 1.012637 0.507411
v 0.212471 1.012637 0.501587
v 0.218296 1.012637 0.487525
v -0.065761 1.128042 0.487525
v -0.057763 1.128042 0.506833
v -0.038455 1.128042 0.487525
v -0.038455 1.128042 0.514831
v -0.019147 1.128042 0.506833
v -0.011149 1.128042 0.487525
v -0.052516 1.012637 0.501587
v -0.058341 1.012637 0.487525
v -0.038455 1.018634 0.487525
v -0.038455 1.012637 0.507411
v -0.024393 1.012637 0.501587
v -0.018569 1.012637 0.487525
v -0.372861 1.012637 0.471860
v -0.357195 1.012637 0.465371
v -0.357195 1.012637 0.487525
v -0.379350 1.012637 0.487525
v -0.372861 1.012637 0.503191
v -0.357195 1.012637 0.509679
v -0.341530 1.012637 0.503191
v -0.335041 1.012637 0.487525
v -0.341530 1.012637 0.471860
v -0.357195 1.100762 0.465371
v -0.372861 1.100762 0.471860
v -0.357195 1.100762 0.487525
v -0.379350 1.100762 0.487525
v -0.372861 1.100762 0.503191
v -0.357195 1.100762 0.509679
v -0.341530 1.100762 0.503191
v -0.335041 1.100762 0.487525
v -0.341530 1.100762 0.471860
v -0.373388 1.550632 0.504977
v -0.380617 1.550632 0.487525
v -0.355937 1.563942 0.487525
v -0.355937 1.550632 0.512206
v -0.338485 1.550632 0.504977
v -0.331256 1.550632 0.487525
v -0.370528 1.664066 0.487525
v -0.366254 1.664066 0.497843
v -0.355937 1.664066 0.487525
v -0.355937 1.664066 0.502117
v -0.345619 1.664066 0.497843
v -0.341345 1.664066 0.487525
v -0.369304 1.677249 0.487525
v -0.365389 1.677249 0.496977
v -0.355937 1.677249 0.487525
v -0.355937 1.677249 0.500893
v -0.346484 1.677249 0.496977
v -0.342569 1.677249 0.487525
v -0.054699 1.281770 0.504977
v -0.061928 1.281770 0.487525
v -0.037247 1.295080 0.487525
v -0.037247 1.281770 0.512206
v -0.019795 1.281770 0.504977
v -0.012566 1.281770 0.487525
v -0.051839 1.461218 0.487525
v -0.047565 1.461218 0.497843
v -0.037247 1.461218 0.487525
v -0.037247 1.461218 0.502117
v -0.026930 1.461218 0.497843
v -0.022656 1.461218 0.487525
v -0.050614 1.474401 0.487525
v -0.046699 1.474401 0.496977
v -0.037247 1.474401 0.487525
v -0.037247 1.474401 0.500893
v -0.027795 1.474401 0.496977
v -0.023880 1.474401 0.487525
v -0.371344 1.281770 0.504977
v -0.378573 1.281770 0.487525
v -0.353892 1.295080 0.487525
v -0.353892 1.281770 0.512206
v -0.336440 1.281770 0.504977
v -0.329211 1.281770 0.487525
v -0.368484 1.395204 0.487525
v -0.364210 1.395204 0.497843
v -0.353892 1.395204 0.487525
v -0.353892 1.395204 0.502117
v -0.343574 1.395204 0.497843
v -0.339301 1.395204 0.487525
v -0.367259 1.408386 0.487525
v -0.363344 1.408386 0.496977
v -0.353892 1.408386 0.487525
v -0.353892 1.408386 0.500893
v -0.344440 1.408386 0.496977
v -0.340525 1.408386 0.487525
v 0.250372 1.708202 0.487525
v 0.258369 1.708202 0.506833
v 0.277678 1.708202 0.487525
v 0.277678 1.708202 0.514831
v 0.296986 1.708202 0.506833
v 0.304984 1.708202 0.487525
v 0.263616 1.550632 0.501587
v 0.257792 1.550632 0.487525
v 0.277678 1.556629 0.487525
v 0.277678 1.550632 0.507411
v 0.291739 1.550632 0.501587
v 0.297564 1.550632 0.487525
v 0.331250 1.128042 0.487525
v 0.339248 1.128042 0.506833
v 0.358556 1.128042 0.487525
v 0.358556 1.128042 0.514831
v 0.377864 1.128042 0.506833
v 0.385862 1.128042 0.487525
v 0.344495 1.012637 0.501587
v 0.338670 1.012637 0.487525
v 0.358556 1.018634 0.487525
v 0.358556 1.012637 0.507411
v 0.372618 1.012637 0.501587
v 0.378442 1.012637 0.487525
v 0.327931 1.708202 0.487525
v 0.335929 1.708202 0.506833
v 0.355237 1.708202 0.487525
v 0.355237 1.708202 0.514831
v 0.374545 1.708202 0.506833
v 0.382543 1.708202 0.487525
v 0.341176 1.550632 0.501587
v 0.335351 1.550632 0.487525
v 0.355237 1.556629 0.487525
v 0.355237 1.550632 0.507411
v 0.369299 1.550632 0.501587
v 0.375123 1.550632 0.487525
v 0.091417 1.666036 0.487525
v 0.099415 1.666036 0.506833
v 0.118723 1.666036 0.487525
v 0.118723 1.666036 0.514831
v 0.138031 1.666036 0.506833
v 0.146029 1.666036 0.487525
v 0.104661 1.550632 0.501587
v 0.098837 1.550632 0.487525
v 0.118723 1.556629 0.487525
v 0.118723 1.550632 0.507411
v 0.132784 1.550632 0.501587
v 0.138609 1.550632 0.487525
v -0.387110 0.543482 0.529737
v -0.481579 0.597980 0.529737
v -0.481579 0.096316 0.529737
v 0.481579 0.597980 0.529737
v 0.211161 0.543482 0.529737
v 0.481579 0.096316 0.529737
v -0.429275 0.942021 0.529737
v -0.387110 0.597980 0.529737
v 0.429275 0.942021 0.529737
v 0.211161 0.597980 0.529737
v 0.211161 0.543482 0.529737
v 0.211161 0.597980 0.529737
v 0.211161 0.597980 0.506650
v -0.387110 0.597980 0.529737
v -0.387110 0.543482 0.529737
v -0.387110 0.597980 0.506650
v -0.419766 0.942021 0.526718
v -0.429275 0.942021 0.526718
v -0.429275 0.942021 0.479246
v -0.429275 0.983743 0.479246
v -0.429275 0.983743 0.526718
v -0.419766 0.983743 0.526718
v 0.419765 0.942021 0.526718
v 0.429274 0.942021 0.479246
v 0.429274 0.942021 0.526718
v 0.429274 0.983743 0.479246
v 0.419765 0.983743 0.526718
v 0.429274 0.983743 0.526718
v -0.419766 0.952451 0.540329
v -0.419766 0.942021 0.526718
v -0.419766 0.942021 0.536289
v 0.419765 0.942021 0.526718
v 0.419765 0.952451 0.540329
v 0.419765 0.942021 0.536289
v 0.419765 0.973312 0.540329
v 0.419765 0.983743 0.526718
v 0.419765 0.983743 0.536289
v -0.419766 0.983743 0.526718
v -0.419766 0.973312 0.540329
v -0.419766 0.983743 0.536289
v -0.419766 1.211018 0.526718
v -0.429275 1.211018 0.526718
v -0.429275 1.211018 0.479246
v -0.429275 1.252740 0.479246
v -0.429275 1.252740 0.526718
v -0.419766 1.252740 0.526718
v 0.419765 1.211018 0.526718
v 0.429274 1.211018 0.479246
v 0.429274 1.211018 0.526718
v 0.429274 1.252740 0.479246
v 0.419765 1.252740 0.526718
v 0.429274 1.252740 0.526718
v -0.419766 1.221449 0.540329
v -0.419766 1.211018 0.526718
v -0.419766 1.211018 0.536289
v 0.419765 1.211018 0.526718
v 0.419765 1.221449 0.540329
v 0.419765 1.211018 0.536289
v 0.419765 1.242309 0.540329
v 0.419765 1.252740 0.526718
v 0.419765 1.252740 0.536289
v -0.419766 1.252740 0.526718
v -0.419766 1.242309 0.540329
v -0.419766 1.252740 0.536289
v -0.300506 1.685721 0.511362
v -0.276669 1.685721 0.521236
v -0.276669 1.706842 0.515185
v -0.296228 1.706842 0.507084
v -0.310380 1.685721 0.487525
v -0.304329 1.706842 0.487525
v -0.252832 1.685721 0.511362
v -0.242959 1.685721 0.487525
v -0.249010 1.706842 0.487525
v -0.257111 1.706842 0.507084
v -0.262078 1.722006 0.487525
v -0.266352 1.722006 0.497843
v -0.276669 1.722006 0.502117
v -0.286987 1.722006 0.497843
v -0.291261 1.722006 0.487525
v -0.286987 1.730081 0.497843
v -0.291261 1.730081 0.487525
v -0.291261 1.722006 0.487525
v -0.286987 1.722006 0.497843
v -0.276669 1.730081 0.502117
v -0.276669 1.722006 0.502117
v -0.266352 1.730081 0.497843
v -0.266352 1.722006 0.497843
v -0.262078 1.730081 0.487525
v -0.262078 1.722006 0.487525
v -0.310380 1.553134 0.487525
v -0.307671 1.550632 0.487525
v -0.298591 1.550632 0.509447
v -0.300506 1.553134 0.511362
v -0.276669 1.550632 0.518527
v -0.276669 1.553134 0.521236
v -0.254748 1.550632 0.509447
v -0.252832 1.553134 0.511362
v -0.245668 1.550632 0.487525
v -0.242959 1.553134 0.487525
v -0.310380 1.553134 0.487525
v -0.300506 1.553134 0.511362
v -0.300506 1.685721 0.511362
v -0.310380 1.685721 0.487525
v -0.276669 1.553134 0.521236
v -0.276669 1.685721 0.521236
v -0.252832 1.553134 0.511362
v -0.252832 1.685721 0.511362
v -0.242959 1.553134 0.487525
v -0.242959 1.685721 0.487525
v -0.286122 1.730081 0.496977
v -0.286122 1.743263 0.496977
v -0.290037 1.743263 0.487525
v -0.290037 1.730081 0.487525
v -0.276669 1.743263 0.500893
v -0.276669 1.730081 0.500893
v -0.267217 1.743263 0.496977
v -0.267217 1.730081 0.496977
v -0.263302 1.743263 0.487525
v -0.263302 1.730081 0.487525
v 0.009590 1.557606 0.487525
v 0.018541 1.557606 0.509133
v 0.018541 1.646450 0.509133
v 0.009590 1.646450 0.487525
v 0.040148 1.557606 0.518083
v 0.040148 1.646450 0.518083
v 0.061756 1.557606 0.509133
v 0.061756 1.646450 0.509133
v 0.070706 1.557606 0.487525
v 0.070706 1.646450 0.487525
v 0.020840 1.659874 0.506833
v 0.012842 1.659874 0.487525
v 0.040148 1.659874 0.514831
v 0.059457 1.659874 0.506833
v 0.067454 1.659874 0.487525
v 0.020840 1.666036 0.506833
v 0.012842 1.666036 0.487525
v 0.040148 1.666036 0.514831
v 0.059457 1.666036 0.506833
v 0.067454 1.666036 0.487525
v 0.017060 1.550632 0.487525
v 0.023822 1.550632 0.503851
v 0.040148 1.550632 0.510613
v 0.056474 1.550632 0.503851
v 0.063237 1.550632 0.487525
v 0.023822 1.550632 0.503851
v 0.017060 1.550632 0.487525
v 0.040148 1.550632 0.510613
v 0.056474 1.550632 0.503851
v 0.063237 1.550632 0.487525
v -0.069457 1.557606 0.487525
v -0.060507 1.557606 0.509133
v -0.060507 1.646450 0.509133
v -0.069457 1.646450 0.487525
v -0.038899 1.557606 0.518083
v -0.038899 1.646450 0.518083
v -0.017292 1.557606 0.509133
v -0.017292 1.646450 0.509133
v -0.008341 1.557606 0.487525
v -0.008341 1.646450 0.487525
v -0.058208 1.659874 0.506833
v -0.066205 1.659874 0.487525
v -0.038899 1.659874 0.514831
v -0.019591 1.659874 0.506833
v -0.011593 1.659874 0.487525
v -0.058208 1.666036 0.506833
v -0.066205 1.666036 0.487525
v -0.038899 1.666036 0.514831
v -0.019591 1.666036 0.506833
v -0.011593 1.666036 0.487525
v -0.061988 1.550632 0.487525
v -0.055225 1.550632 0.503851
v -0.038899 1.550632 0.510613
v -0.022574 1.550632 0.503851
v -0.015811 1.550632 0.487525
v -0.055225 1.550632 0.503851
v -0.061988 1.550632 0.487525
v -0.038899 1.550632 0.510613
v -0.022574 1.550632 0.503851
v -0.015811 1.550632 0.487525
v 0.096945 1.416858 0.511362
v 0.120782 1.416858 0.521236
v 0.120782 1.437980 0.515185
v 0.101224 1.437980 0.507084
v 0.087071 1.416858 0.487525
v 0.093122 1.437980 0.487525
v 0.144619 1.416858 0.511362
v 0.154493 1.416858 0.487525
v 0.148442 1.437980 0.487525
v 0.140340 1.437980 0.507084
v 0.135374 1.453144 0.487525
v 0.131100 1.453144 0.497843
v 0.120782 1.453144 0.502117
v 0.110464 1.453144 0.497843
v 0.106190 1.453144 0.487525
v 0.110464 1.461218 0.497843
v 0.106190 1.461218 0.487525
v 0.106190 1.453144 0.487525
v 0.110464 1.453144 0.497843
v 0.120782 1.461218 0.502117
v 0.120782 1.453144 0.502117
v 0.131100 1.461218 0.497843
v 0.131100 1.453144 0.497843
v 0.135374 1.461218 0.487525
v 0.135374 1.453144 0.487525
v 0.087071 1.284272 0.487525
v 0.089780 1.281770 0.487525
v 0.098860 1.281770 0.509447
v 0.096945 1.284272 0.511362
v 0.120782 1.281770 0.518527
v 0.120782 1.284272 0.521236
v 0.142704 1.281770 0.509447
v 0.144619 1.284272 0.511362
v 0.151784 1.281770 0.487525
v 0.154493 1.284272 0.487525
v 0.087071 1.284272 0.487525
v 0.096945 1.284272 0.511362
v 0.096945 1.416858 0.511362
v 0.087071 1.416858 0.487525
v 0.120782 1.284272 0.521236
v 0.120782 1.416858 0.521236
v 0.144619 1.284272 0.511362
v 0.144619 1.416858 0.511362
v 0.154493 1.284272 0.487525
v 0.154493 1.416858 0.487525
v 0.111330 1.461218 0.496977
v 0.111330 1.474401 0.496977
v 0.107415 1.474401 0.487525
v 0.107415 1.461218 0.487525
v 0.120782 1.474401 0.500893
v 0.120782 1.461218 0.500893
v 0.130234 1.474401 0.496977
v 0.130234 1.461218 0.496977
v 0.134150 1.474401 0.487525
v 0.134150 1.461218 0.487525
v 0.018858 1.416858 0.511362
v 0.042695 1.416858 0.521236
v 0.042695 1.437980 0.515185
v 0.023136 1.437980 0.507084
v 0.008984 1.416858 0.487525
v 0.015035 1.437980 0.487525
v 0.066532 1.416858 0.511362
v 0.076405 1.416858 0.487525
v 0.070354 1.437980 0.487525
v 0.062253 1.437980 0.507084
v 0.057286 1.453144 0.487525
v 0.053012 1.453144 0.497843
v 0.042695 1.453144 0.502117
v 0.032377 1.453144 0.497843
v 0.028103 1.453144 0.487525
v 0.032377 1.461218 0.497843
v 0.028103 1.461218 0.487525
v 0.028103 1.453144 0.487525
v 0.032377 1.453144 0.497843
v 0.042695 1.461218 0.502117
v 0.042695 1.453144 0.502117
v 0.053012 1.461218 0.497843
v 0.053012 1.453144 0.497843
v 0.057286 1.461218 0.487525
v 0.057286 1.453144 0.487525
v 0.008984 1.284272 0.487525
v 0.011693 1.281770 0.487525
v 0.020773 1.281770 0.509447
v 0.018858 1.284272 0.511362
v 0.042695 1.281770 0.518527
v 0.042695 1.284272 0.521236
v 0.064616 1.281770 0.509447
v 0.066532 1.284272 0.511362
v 0.073697 1.281770 0.487525
v 0.076405 1.284272 0.487525
v 0.008984 1.284272 0.487525
v 0.018858 1.284272 0.511362
v 0.018858 1.416858 0.511362
v 0.008984 1.416858 0.487525
v 0.042695 1.284272 0.521236
v 0.042695 1.416858 0.521236
v 0.066532 1.284272 0.511362
v 0.066532 1.416858 0.511362
v 0.076405 1.284272 0.487525
v 0.076405 1.416858 0.487525
v 0.033242 1.461218 0.496977
v 0.033242 1.474401 0.496977
v 0.029327 1.474401 0.487525
v 0.029327 1.461218 0.487525
v 0.042695 1.474401 0.500893
v 0.042695 1.461218 0.500893
v 0.052147 1.474401 0.496977
v 0.052147 1.461218 0.496977
v 0.056062 1.474401 0.487525
v 0.056062 1.461218 0.487525
v 0.167497 1.557606 0.487525
v 0.176447 1.557606 0.509133
v 0.176447 1.688616 0.509133
v 0.167497 1.688616 0.487525
v 0.198055 1.557606 0.518083
v 0.198055 1.688616 0.518083
v 0.219663 1.557606 0.509133
v 0.219663 1.688616 0.509133
v 0.228613 1.557606 0.487525
v 0.228613 1.688616 0.487525
v 0.178747 1.702040 0.506833
v 0.170749 1.702040 0.487525
v 0.198055 1.702040 0.514831
v 0.217363 1.702040 0.506833
v 0.225361 1.702040 0.487525
v 0.178747 1.708202 0.506833
v 0.170749 1.708202 0.487525
v 0.198055 1.708202 0.514831
v 0.217363 1.708202 0.506833
v 0.225361 1.708202 0.487525
v 0.174967 1.550632 0.487525
v 0.181729 1.550632 0.503851
v 0.198055 1.550632 0.510613
v 0.214381 1.550632 0.503851
v 0.221143 1.550632 0.487525
v 0.181729 1.550632 0.503851
v 0.174967 1.550632 0.487525
v 0.198055 1.550632 0.510613
v 0.214381 1.550632 0.503851
v 0.221143 1.550632 0.487525
v -0.220127 1.685721 0.511362
v -0.196290 1.685721 0.521236
v -0.196290 1.706842 0.515185
v -0.215848 1.706842 0.507084
v -0.230000 1.685721 0.487525
v -0.223950 1.706842 0.487525
v -0.172453 1.685721 0.511362
v -0.162579 1.685721 0.487525
v -0.168630 1.706842 0.487525
v -0.176732 1.706842 0.507084
v -0.181698 1.722006 0.487525
v -0.185972 1.722006 0.497843
v -0.196290 1.722006 0.502117
v -0.206608 1.722006 0.497843
v -0.210881 1.722006 0.487525
v -0.206608 1.730081 0.497843
v -0.210881 1.730081 0.487525
v -0.210881 1.722006 0.487525
v -0.206608 1.722006 0.497843
v -0.196290 1.730081 0.502117
v -0.196290 1.722006 0.502117
v -0.185972 1.730081 0.497843
v -0.185972 1.722006 0.497843
v -0.181698 1.730081 0.487525
v -0.181698 1.722006 0.487525
v -0.230000 1.553134 0.487525
v -0.227292 1.550632 0.487525
v -0.218212 1.550632 0.509447
v -0.220127 1.553134 0.511362
v -0.196290 1.550632 0.518527
v -0.196290 1.553134 0.521236
v -0.174368 1.550632 0.509447
v -0.172453 1.553134 0.511362
v -0.165288 1.550632 0.487525
v -0.162579 1.553134 0.487525
v -0.230000 1.553134 0.487525
v -0.220127 1.553134 0.511362
v -0.220127 1.685721 0.511362
v -0.230000 1.685721 0.487525
v -0.196290 1.553134 0.521236
v -0.196290 1.685721 0.521236
v -0.172453 1.553134 0.511362
v -0.172453 1.685721 0.511362
v -0.162579 1.553134 0.487525
v -0.162579 1.685721 0.487525
v -0.205742 1.730081 0.496977
v -0.205742 1.743263 0.496977
v -0.209657 1.743263 0.487525
v -0.209657 1.730081 0.487525
v -0.196290 1.743263 0.500893
v -0.196290 1.730081 0.500893
v -0.186838 1.743263 0.496977
v -0.186838 1.730081 0.496977
v -0.182922 1.743263 0.487525
v -0.182922 1.730081 0.487525
v -0.142446 1.685721 0.511362
v -0.118609 1.685721 0.521236
v -0.118609 1.706842 0.515185
v -0.138167 1.706842 0.507084
v -0.152319 1.685721 0.487525
v -0.146269 1.706842 0.487525
v -0.094772 1.685721 0.511362
v -0.084898 1.685721 0.487525
v -0.090949 1.706842 0.487525
v -0.099050 1.706842 0.507084
v -0.104017 1.722006 0.487525
v -0.108291 1.722006 0.497843
v -0.118609 1.722006 0.502117
v -0.128927 1.722006 0.497843
v -0.133200 1.722006 0.487525
v -0.128927 1.730081 0.497843
v -0.133200 1.730081 0.487525
v -0.133200 1.722006 0.487525
v -0.128927 1.722006 0.497843
v -0.118609 1.730081 0.502117
v -0.118609 1.722006 0.502117
v -0.108291 1.730081 0.497843
v -0.108291 1.722006 0.497843
v -0.104017 1.730081 0.487525
v -0.104017 1.722006 0.487525
v -0.152319 1.553134 0.487525
v -0.149611 1.550632 0.487525
v -0.140531 1.550632 0.509447
v -0.142446 1.553134 0.511362
v -0.118609 1.550632 0.518527
v -0.118609 1.553134 0.521236
v -0.096687 1.550632 0.509447
v -0.094772 1.553134 0.511362
v -0.087607 1.550632 0.487525
v -0.084898 1.553134 0.487525
v -0.152319 1.553134 0.487525
v -0.142446 1.553134 0.511362
v -0.142446 1.685721 0.511362
v -0.152319 1.685721 0.487525
v -0.118609 1.553134 0.521236
v -0.118609 1.685721 0.521236
v -0.094772 1.553134 0.511362
v -0.094772 1.685721 0.511362
v -0.084898 1.553134 0.487525
v -0.084898 1.685721 0.487525
v -0.128061 1.730081 0.496977
v -0.128061 1.743263 0.496977
v -0.131976 1.743263 0.487525
v -0.131976 1.730081 0.487525
v -0.118609 1.743263 0.500893
v -0.118609 1.730081 0.500893
v -0.109157 1.743263 0.496977
v -0.109157 1.730081 0.496977
v -0.105241 1.743263 0.487525
v -0.105241 1.730081 0.487525
v 0.333810 1.416858 0.511362
v 0.357647 1.416858 0.521236
v 0.357647 1.437980 0.515185
v 0.338089 1.437980 0.507084
v 0.323936 1.416858 0.487525
v 0.329987 1.437980 0.487525
v 0.381484 1.416858 0.511362
v 0.391358 1.416858 0.487525
v 0.385307 1.437980 0.487525
v 0.377205 1.437980 0.507084
v 0.372239 1.453144 0.487525
v 0.367965 1.453144 0.497843
v 0.357647 1.453144 0.502117
v 0.347329 1.453144 0.497843
v 0.343055 1.453144 0.487525
v 0.347329 1.461218 0.497843
v 0.343055 1.461218 0.487525
v 0.343055 1.453144 0.487525
v 0.347329 1.453144 0.497843
v 0.357647 1.461218 0.502117
v 0.357647 1.453144 0.502117
v 0.367965 1.461218 0.497843
v 0.367965 1.453144 0.497843
v 0.372239 1.461218 0.487525
v 0.372239 1.453144 0.487525
v 0.323936 1.284272 0.487525
v 0.326645 1.281770 0.487525
v 0.335725 1.281770 0.509447
v 0.333810 1.284272 0.511362
v 0.357647 1.281770 0.518527
v 0.357647 1.284272 0.521236
v 0.379569 1.281770 0.509447
v 0.381484 1.284272 0.511362
v 0.388649 1.281770 0.487525
v 0.391358 1.284272 0.487525
v 0.323936 1.284272 0.487525
v 0.333810 1.284272 0.511362
v 0.333810 1.416858 0.511362
v 0.323936 1.416858 0.487525
v 0.357647 1.284272 0.521236
v 0.357647 1.416858 0.521236
v 0.381484 1.284272 0.511362
v 0.381484 1.416858 0.511362
v 0.391358 1.284272 0.487525
v 0.391358 1.416858 0.487525
v 0.348195 1.461218 0.496977
v 0.348195 1.474401 0.496977
v 0.344280 1.474401 0.487525
v 0.344280 1.461218 0.487525
v 0.357647 1.474401 0.500893
v 0.357647 1.461218 0.500893
v 0.367099 1.474401 0.496977
v 0.367099 1.461218 0.496977
v 0.371015 1.474401 0.487525
v 0.371015 1.461218 0.487525
v -0.222338 1.361603 0.511362
v -0.198501 1.361603 0.521236
v -0.198501 1.375231 0.515185
v -0.218060 1.375231 0.507084
v -0.232212 1.361603 0.487525
v -0.226161 1.375231 0.487525
v -0.174664 1.361603 0.511362
v -0.164791 1.361603 0.487525
v -0.170841 1.375231 0.487525
v -0.178943 1.375231 0.507084
v -0.183910 1.387078 0.487525
v -0.188184 1.387078 0.497843
v -0.198501 1.387078 0.502117
v -0.208819 1.387078 0.497843
v -0.213093 1.387078 0.487525
v -0.208819 1.395204 0.497843
v -0.213093 1.395204 0.487525
v -0.213093 1.387078 0.487525
v -0.208819 1.387078 0.497843
v -0.198501 1.395204 0.502117
v -0.198501 1.387078 0.502117
v -0.188184 1.395204 0.497843
v -0.188184 1.387078 0.497843
v -0.183910 1.395204 0.487525
v -0.183910 1.387078 0.487525
v -0.232212 1.284272 0.487525
v -0.229503 1.281770 0.487525
v -0.220423 1.281770 0.509447
v -0.222338 1.284272 0.511362
v -0.198501 1.281770 0.518527
v -0.198501 1.284272 0.521236
v -0.176580 1.281770 0.509447
v -0.174664 1.284272 0.511362
v -0.167499 1.281770 0.487525
v -0.164791 1.284272 0.487525
v -0.232212 1.284272 0.487525
v -0.222338 1.284272 0.511362
v -0.222338 1.361603 0.511362
v -0.232212 1.361603 0.487525
v -0.198501 1.284272 0.521236
v -0.198501 1.361603 0.521236
v -0.174664 1.284272 0.511362
v -0.174664 1.361603 0.511362
v -0.164791 1.284272 0.487525
v -0.164791 1.361603 0.487525
v -0.207954 1.395204 0.496977
v -0.207954 1.408386 0.496977
v -0.211869 1.408386 0.487525
v -0.211869 1.395204 0.487525
v -0.198501 1.408386 0.500893
v -0.198501 1.395204 0.500893
v -0.189049 1.408386 0.496977
v -0.189049 1.395204 0.496977
v -0.185134 1.408386 0.487525
v -0.185134 1.395204 0.487525
v -0.140700 1.416858 0.511362
v -0.116863 1.416858 0.521236
v -0.116863 1.437980 0.515185
v -0.136421 1.437980 0.507084
v -0.150574 1.416858 0.487525
v -0.144523 1.437980 0.487525
v -0.093026 1.416858 0.511362
v -0.083152 1.416858 0.487525
v -0.089203 1.437980 0.487525
v -0.097305 1.437980 0.507084
v -0.102271 1.453144 0.487525
v -0.106545 1.453144 0.497843
v -0.116863 1.453144 0.502117
v -0.127181 1.453144 0.497843
v -0.131455 1.453144 0.487525
v -0.127181 1.461218 0.497843
v -0.131455 1.461218 0.487525
v -0.131455 1.453144 0.487525
v -0.127181 1.453144 0.497843
v -0.116863 1.461218 0.502117
v -0.116863 1.453144 0.502117
v -0.106545 1.461218 0.497843
v -0.106545 1.453144 0.497843
v -0.102271 1.461218 0.487525
v -0.102271 1.453144 0.487525
v -0.150574 1.284272 0.487525
v -0.147865 1.281770 0.487525
v -0.138785 1.281770 0.509447
v -0.140700 1.284272 0.511362
v -0.116863 1.281770 0.518527
v -0.116863 1.284272 0.521236
v -0.094941 1.281770 0.509447
v -0.093026 1.284272 0.511362
v -0.085861 1.281770 0.487525
v -0.083152 1.284272 0.487525
v -0.150574 1.284272 0.487525
v -0.140700 1.284272 0.511362
v -0.140700 1.416858 0.511362
v -0.150574 1.416858 0.487525
v -0.116863 1.284272 0.521236
v -0.116863 1.416858 0.521236
v -0.093026 1.284272 0.511362
v -0.093026 1.416858 0.511362
v -0.083152 1.284272 0.487525
v -0.083152 1.416858 0.487525
v -0.126315 1.461218 0.496977
v -0.126315 1.474401 0.496977
v -0.130230 1.474401 0.487525
v -0.130230 1.461218 0.487525
v -0.116863 1.474401 0.500893
v -0.116863 1.461218 0.500893
v -0.107411 1.474401 0.496977
v -0.107411 1.461218 0.496977
v -0.103495 1.474401 0.487525
v -0.103495 1.461218 0.487525
v 0.175449 1.416858 0.511362
v 0.199286 1.416858 0.521236
v 0.199286 1.437980 0.515185
v 0.179727 1.437980 0.507084
v 0.165575 1.416858 0.487525
v 0.171626 1.437980 0.487525
v 0.223123 1.416858 0.511362
v 0.232996 1.416858 0.487525
v 0.226946 1.437980 0.487525
v 0.218844 1.437980 0.507084
v 0.213877 1.453144 0.487525
v 0.209603 1.453144 0.497843
v 0.199286 1.453144 0.502117
v 0.188968 1.453144 0.497843
v 0.184694 1.453144 0.487525
v 0.188968 1.461218 0.497843
v 0.184694 1.461218 0.487525
v 0.184694 1.453144 0.487525
v 0.188968 1.453144 0.497843
v 0.199286 1.461218 0.502117
v 0.199286 1.453144 0.502117
v 0.209603 1.461218 0.497843
v 0.209603 1.453144 0.497843
v 0.213877 1.461218 0.487525
v 0.213877 1.453144 0.487525
v 0.165575 1.284272 0.487525
v 0.168284 1.281770 0.487525
v 0.177364 1.281770 0.509447
v 0.175449 1.284272 0.511362
v 0.199286 1.281770 0.518527
v 0.199286 1.284272 0.521236
v 0.221207 1.281770 0.509447
v 0.223123 1.284272 0.511362
v 0.230288 1.281770 0.487525
v 0.232996 1.284272 0.487525
v 0.165575 1.284272 0.487525
v 0.175449 1.284272 0.511362
v 0.175449 1.416858 0.511362
v 0.165575 1.416858 0.487525
v 0.199286 1.284272 0.521236
v 0.199286 1.416858 0.521236
v 0.223123 1.284272 0.511362
v 0.223123 1.416858 0.511362
v 0.232996 1.284272 0.487525
v 0.232996 1.416858 0.487525
v 0.189833 1.461218 0.496977
v 0.189833 1.474401 0.496977
v 0.185919 1.474401 0.487525
v 0.185919 1.461218 0.487525
v 0.199286 1.474401 0.500893
v 0.199286 1.461218 0.500893
v 0.208738 1.474401 0.496977
v 0.208738 1.461218 0.496977
v 0.212653 1.474401 0.487525
v 0.212653 1.461218 0.487525
v 0.256859 1.416858 0.511362
v 0.280696 1.416858 0.521236
v 0.280696 1.437980 0.515185
v 0.261138 1.437980 0.507084
v 0.246986 1.416858 0.487525
v 0.253036 1.437980 0.487525
v 0.304533 1.416858 0.511362
v 0.314407 1.416858 0.487525
v 0.308356 1.437980 0.487525
v 0.300254 1.437980 0.507084
v 0.295288 1.453144 0.487525
v 0.291014 1.453144 0.497843
v 0.280696 1.453144 0.502117
v 0.270378 1.453144 0.497843
v 0.266105 1.453144 0.487525
v 0.270378 1.461218 0.497843
v 0.266105 1.461218 0.487525
v 0.266105 1.453144 0.487525
v 0.270378 1.453144 0.497843
v 0.280696 1.461218 0.502117
v 0.280696 1.453144 0.502117
v 0.291014 1.461218 0.497843
v 0.291014 1.453144 0.497843
v 0.295288 1.461218 0.487525
v 0.295288 1.453144 0.487525
v 0.246986 1.284272 0.487525
v 0.249694 1.281770 0.487525
v 0.258774 1.281770 0.509447
v 0.256859 1.284272 0.511362
v 0.280696 1.281770 0.518527
v 0.280696 1.284272 0.521236
v 0.302618 1.281770 0.509447
v 0.304533 1.284272 0.511362
v 0.311698 1.281770 0.487525
v 0.314407 1.284272 0.487525
v 0.246986 1.284272 0.487525
v 0.256859 1.284272 0.511362
v 0.256859 1.416858 0.511362
v 0.246986 1.416858 0.487525
v 0.280696 1.284272 0.521236
v 0.280696 1.416858 0.521236
v 0.304533 1.284272 0.511362
v 0.304533 1.416858 0.511362
v 0.314407 1.284272 0.487525
v 0.314407 1.416858 0.487525
v 0.271244 1.461218 0.496977
v 0.271244 1.474401 0.496977
v 0.267329 1.474401 0.487525
v 0.267329 1.461218 0.487525
v 0.280696 1.474401 0.500893
v 0.280696 1.461218 0.500893
v 0.290148 1.474401 0.496977
v 0.290148 1.461218 0.496977
v 0.294064 1.474401 0.487525
v 0.294064 1.461218 0.487525
v -0.300292 1.361603 0.511362
v -0.276455 1.361603 0.521236
v -0.276455 1.375231 0.515185
v -0.296013 1.375231 0.507084
v -0.310165 1.361603 0.487525
v -0.304115 1.375231 0.487525
v -0.252618 1.361603 0.511362
v -0.242744 1.361603 0.487525
v -0.248795 1.375231 0.487525
v -0.256897 1.375231 0.507084
v -0.261863 1.387078 0.487525
v -0.266137 1.387078 0.497843
v -0.276455 1.387078 0.502117
v -0.286773 1.387078 0.497843
v -0.291046 1.387078 0.487525
v -0.286773 1.395204 0.497843
v -0.291046 1.395204 0.487525
v -0.291046 1.387078 0.487525
v -0.286773 1.387078 0.497843
v -0.276455 1.395204 0.502117
v -0.276455 1.387078 0.502117
v -0.266137 1.395204 0.497843
v -0.266137 1.387078 0.497843
v -0.261863 1.395204 0.487525
v -0.261863 1.387078 0.487525
v -0.310165 1.284272 0.487525
v -0.307457 1.281770 0.487525
v -0.298376 1.281770 0.509447
v -0.300292 1.284272 0.511362
v -0.276455 1.281770 0.518527
v -0.276455 1.284272 0.521236
v -0.254533 1.281770 0.509447
v -0.252618 1.284272 0.511362
v -0.245453 1.281770 0.487525
v -0.242744 1.284272 0.487525
v -0.310165 1.284272 0.487525
v -0.300292 1.284272 0.511362
v -0.300292 1.361603 0.511362
v -0.310165 1.361603 0.487525
v -0.276455 1.284272 0.521236
v -0.276455 1.361603 0.521236
v -0.252618 1.284272 0.511362
v -0.252618 1.361603 0.511362
v -0.242744 1.284272 0.487525
v -0.242744 1.361603 0.487525
v -0.285907 1.395204 0.496977
v -0.285907 1.408386 0.496977
v -0.289822 1.408386 0.487525
v -0.289822 1.395204 0.487525
v -0.276455 1.408386 0.500893
v -0.276455 1.395204 0.500893
v -0.267003 1.408386 0.496977
v -0.267003 1.395204 0.496977
v -0.263087 1.408386 0.487525
v -0.263087 1.395204 0.487525
v -0.429275 1.521737 0.526718
v -0.429275 1.480015 0.526718
v -0.419766 1.480015 0.526718
v -0.419766 1.521737 0.526718
v 0.419765 1.490446 0.540329
v -0.419766 1.490446 0.540329
v -0.419766 1.480015 0.536289
v 0.419765 1.480015 0.536289
v 0.419765 1.480015 0.526718
v 0.429274 1.480015 0.526718
v 0.429274 1.521737 0.526718
v 0.419765 1.521737 0.526718
v -0.419766 1.480015 0.536289
v -0.419766 1.480015 0.526718
v 0.419765 1.480015 0.526718
v 0.419765 1.480015 0.536289
v 0.419765 1.521737 0.536289
v 0.419765 1.521737 0.526718
v -0.419766 1.521737 0.526718
v -0.419766 1.521737 0.536289
v 0.419765 1.521737 0.536289
v -0.419766 1.521737 0.536289
v -0.419766 1.511307 0.540329
v 0.419765 1.511307 0.540329
v -0.278020 1.012637 0.465371
v -0.293685 1.012637 0.471860
v -0.293685 1.100762 0.471860
v -0.278020 1.100762 0.465371
v -0.300174 1.012637 0.487525
v -0.300174 1.100762 0.487525
v -0.293685 1.012637 0.503191
v -0.293685 1.100762 0.503191
v -0.278019 1.012637 0.509679
v -0.278019 1.100762 0.509679
v -0.262354 1.012637 0.503191
v -0.262354 1.100762 0.503191
v -0.255865 1.012637 0.487525
v -0.255865 1.100762 0.487525
v -0.262354 1.012637 0.471860
v -0.262354 1.100762 0.471860
v -0.278020 1.012637 0.465371
v -0.278020 1.100762 0.465371
v -0.198844 1.012637 0.465371
v -0.214509 1.012637 0.471860
v -0.214509 1.100762 0.471860
v -0.198844 1.100762 0.465371
v -0.220998 1.012637 0.487525
v -0.220998 1.100762 0.487525
v -0.214509 1.012637 0.503191
v -0.214509 1.100762 0.503191
v -0.198844 1.012637 0.509679
v -0.198844 1.100762 0.509679
v -0.183178 1.012637 0.503191
v -0.183178 1.100762 0.503191
v -0.176689 1.012637 0.487525
v -0.176689 1.100762 0.487525
v -0.183178 1.012637 0.471860
v -0.183178 1.100762 0.471860
v -0.198844 1.012637 0.465371
v -0.198844 1.100762 0.465371
v 0.246706 1.019612 0.487525
v 0.255656 1.019612 0.509133
v 0.255656 1.108456 0.509133
v 0.246706 1.108456 0.487525
v 0.277263 1.019612 0.518083
v 0.277263 1.108456 0.518083
v 0.298871 1.019612 0.509133
v 0.298871 1.108456 0.509133
v 0.307821 1.019612 0.487525
v 0.307821 1.108456 0.487525
v 0.257955 1.121880 0.506833
v 0.249957 1.121880 0.487525
v 0.277263 1.121880 0.514831
v 0.296572 1.121880 0.506833
v 0.304569 1.121880 0.487525
v 0.257955 1.128042 0.506833
v 0.249957 1.128042 0.487525
v 0.277263 1.128042 0.514831
v 0.296572 1.128042 0.506833
v 0.304569 1.128042 0.487525
v 0.254175 1.012637 0.487525
v 0.260938 1.012637 0.503851
v 0.277263 1.012637 0.510613
v 0.293589 1.012637 0.503851
v 0.300352 1.012637 0.487525
v 0.260938 1.012637 0.503851
v 0.254175 1.012637 0.487525
v 0.277263 1.012637 0.510613
v 0.293589 1.012637 0.503851
v 0.300352 1.012637 0.487525
v -0.119668 1.012637 0.465371
v -0.135333 1.012637 0.471860
v -0.135333 1.100762 0.471860
v -0.119668 1.100762 0.465371
v -0.141822 1.012637 0.487525
v -0.141822 1.100762 0.487525
v -0.135333 1.012637 0.503191
v -0.135333 1.100762 0.503191
v -0.119668 1.012637 0.509679
v -0.119668 1.100762 0.509679
v -0.104002 1.012637 0.503191
v -0.104002 1.100762 0.503191
v -0.097514 1.012637 0.487525
v -0.097514 1.100762 0.487525
v -0.104002 1.012637 0.471860
v -0.104002 1.100762 0.471860
v -0.119668 1.012637 0.465371
v -0.119668 1.100762 0.465371
v 0.456179 0.000000 0.030216
v 0.433421 0.000000 0.020789
v 0.433421 0.003675 0.020789
v 0.456179 0.003675 0.030216
v 0.410663 0.000000 0.030216
v 0.410663 0.003675 0.030216
v 0.401236 0.000000 0.052974
v 0.401236 0.003675 0.052974
v 0.410663 0.000000 0.075732
v 0.410663 0.003675 0.075732
v 0.433421 0.000000 0.085158
v 0.433421 0.003675 0.085158
v 0.456179 0.000000 0.075732
v 0.456179 0.003675 0.075732
v 0.465606 0.000000 0.052974
v 0.465606 0.003675 0.052974
v 0.426610 0.017201 0.059784
v 0.433421 0.017201 0.062605
v 0.433421 0.096316 0.062605
v 0.426610 0.096316 0.059784
v 0.423789 0.017201 0.052974
v 0.423789 0.096316 0.052974
v 0.426610 0.017201 0.046163
v 0.426610 0.096316 0.046163
v 0.433421 0.017201 0.043342
v 0.433421 0.096316 0.043342
v 0.440232 0.017201 0.046163
v 0.433421 0.017201 0.043342
v 0.433421 0.096316 0.043342
v 0.440232 0.096316 0.046163
v 0.443053 0.017201 0.052974
v 0.443053 0.096316 0.052974
v 0.440232 0.017201 0.059784
v 0.440232 0.096316 0.059784
v 0.433421 0.017201 0.066082
v 0.424152 0.017201 0.062243
v 0.420313 0.017201 0.052974
v 0.424152 0.017201 0.043705
v 0.433421 0.017201 0.039865
v 0.442690 0.017201 0.043705
v 0.446530 0.017201 0.052974
v 0.442690 0.017201 0.062243
v 0.426610 0.017201 0.059784
v 0.423789 0.017201 0.052974
v 0.426610 0.017201 0.046163
v 0.433421 0.017201 0.043342
v 0.440232 0.017201 0.046163
v 0.443053 0.017201 0.052974
v 0.440232 0.017201 0.059784
v 0.433421 0.017201 0.062605
v 0.091770 1.019612 0.487525
v 0.100720 1.019612 0.509133
v 0.100720 1.108456 0.509133
v 0.091770 1.108456 0.487525
v 0.122328 1.019612 0.518083
v 0.122328 1.108456 0.518083
v 0.143935 1.019612 0.509133
v 0.143935 1.108456 0.509133
v 0.152886 1.019612 0.487525
v 0.152886 1.108456 0.487525
v 0.103019 1.121880 0.506833
v 0.095022 1.121880 0.487525
v 0.122328 1.121880 0.514831
v 0.141636 1.121880 0.506833
v 0.149634 1.121880 0.487525
v 0.103019 1.128042 0.506833
v 0.095022 1.128042 0.487525
v 0.122328 1.128042 0.514831
v 0.141636 1.128042 0.506833
v 0.149634 1.128042 0.487525
v 0.099239 1.012637 0.487525
v 0.106002 1.012637 0.503851
v 0.122328 1.012637 0.510613
v 0.138653 1.012637 0.503851
v 0.145416 1.012637 0.487525
v 0.106002 1.012637 0.503851
v 0.099239 1.012637 0.487525
v 0.122328 1.012637 0.510613
v 0.138653 1.012637 0.503851
v 0.145416 1.012637 0.487525
v 0.010806 1.019612 0.487525
v 0.019756 1.019612 0.509133
v 0.019756 1.108456 0.509133
v 0.010806 1.108456 0.487525
v 0.041364 1.019612 0.518083
v 0.041364 1.108456 0.518083
v 0.062971 1.019612 0.509133
v 0.062971 1.108456 0.509133
v 0.071922 1.019612 0.487525
v 0.071922 1.108456 0.487525
v 0.022055 1.121880 0.506833
v 0.014058 1.121880 0.487525
v 0.041364 1.121880 0.514831
v 0.060672 1.121880 0.506833
v 0.068670 1.121880 0.487525
v 0.022055 1.128042 0.506833
v 0.014058 1.128042 0.487525
v 0.041364 1.128042 0.514831
v 0.060672 1.128042 0.506833
v 0.068670 1.128042 0.487525
v 0.018275 1.012637 0.487525
v 0.025038 1.012637 0.503851
v 0.041364 1.012637 0.510613
v 0.057690 1.012637 0.503851
v 0.064452 1.012637 0.487525
v 0.025038 1.012637 0.503851
v 0.018275 1.012637 0.487525
v 0.041364 1.012637 0.510613
v 0.057690 1.012637 0.503851
v 0.064452 1.012637 0.487525
v 0.167852 1.019612 0.487525
v 0.176802 1.019612 0.509133
v 0.176802 1.108456 0.509133
v 0.167852 1.108456 0.487525
v 0.198410 1.019612 0.518083
v 0.198410 1.108456 0.518083
v 0.220017 1.019612 0.509133
v 0.220017 1.108456 0.509133
v 0.228968 1.019612 0.487525
v 0.228968 1.108456 0.487525
v 0.179101 1.121880 0.506833
v 0.171104 1.121880 0.487525
v 0.198410 1.121880 0.514831
v 0.217718 1.121880 0.506833
v 0.225716 1.121880 0.487525
v 0.179101 1.128042 0.506833
v 0.171104 1.128042 0.487525
v 0.198410 1.128042 0.514831
v 0.217718 1.128042 0.506833
v 0.225716 1.128042 0.487525
v 0.175321 1.012637 0.487525
v 0.182084 1.012637 0.503851
v 0.198410 1.012637 0.510613
v 0.214736 1.012637 0.503851
v 0.221498 1.012637 0.487525
v 0.182084 1.012637 0.503851
v 0.175321 1.012637 0.487525
v 0.198410 1.012637 0.510613
v 0.214736 1.012637 0.503851
v 0.221498 1.012637 0.487525
v -0.410663 0.000000 0.030216
v -0.433421 0.000000 0.020789
v -0.433421 0.003675 0.020789
v -0.410663 0.003675 0.030216
v -0.456179 0.000000 0.030216
v -0.456179 0.003675 0.030216
v -0.465606 0.000000 0.052974
v -0.465606 0.003675 0.052974
v -0.456179 0.000000 0.075732
v -0.456179 0.003675 0.075732
v -0.433421 0.000000 0.085158
v -0.433421 0.003675 0.085158
v -0.410663 0.000000 0.075732
v -0.410663 0.003675 0.075732
v -0.401236 0.000000 0.052974
v -0.401236 0.003675 0.052974
v -0.440232 0.017201 0.059784
v -0.433421 0.017201 0.062605
v -0.433421 0.096316 0.062605
v -0.440232 0.096316 0.059784
v -0.443053 0.017201 0.052974
v -0.443053 0.096316 0.052974
v -0.440232 0.017201 0.046163
v -0.440232 0.096316 0.046163
v -0.433421 0.017201 0.043342
v -0.433421 0.096316 0.043342
v -0.426610 0.017201 0.046163
v -0.433421 0.017201 0.043342
v -0.433421 0.096316 0.043342
v -0.426610 0.096316 0.046163
v -0.423789 0.017201 0.052974
v -0.423789 0.096316 0.052974
v -0.426610 0.017201 0.059784
v -0.426610 0.096316 0.059784
v -0.433421 0.017201 0.066082
v -0.442690 0.017201 0.062243
v -0.446530 0.017201 0.052974
v -0.442690 0.017201 0.043705
v -0.433421 0.017201 0.039865
v -0.424152 0.017201 0.043705
v -0.420313 0.017201 0.052974
v -0.424152 0.017201 0.062243
v -0.440232 0.017201 0.059784
v -0.443053 0.017201 0.052974
v -0.440232 0.017201 0.046163
v -0.433421 0.017201 0.043342
v -0.426610 0.017201 0.046163
v -0.423789 0.017201 0.052974
v -0.426610 0.017201 0.059784
v -0.433421 0.017201 0.062605
v -0.069013 1.019612 0.487525
v -0.060063 1.019612 0.509133
v -0.060063 1.108456 0.509133
v -0.069013 1.108456 0.487525
v -0.038455 1.019612 0.518083
v -0.038455 1.108456 0.518083
v -0.016847 1.019612 0.509133
v -0.016847 1.108456 0.509133
v -0.007897 1.019612 0.487525
v -0.007897 1.108456 0.487525
v -0.057763 1.121880 0.506833
v -0.065761 1.121880 0.487525
v -0.038455 1.121880 0.514831
v -0.019147 1.121880 0.506833
v -0.011149 1.121880 0.487525
v -0.057763 1.128042 0.506833
v -0.065761 1.128042 0.487525
v -0.038455 1.128042 0.514831
v -0.019147 1.128042 0.506833
v -0.011149 1.128042 0.487525
v -0.061543 1.012637 0.487525
v -0.054781 1.012637 0.503851
v -0.038455 1.012637 0.510613
v -0.022129 1.012637 0.503851
v -0.015367 1.012637 0.487525
v -0.054781 1.012637 0.503851
v -0.061543 1.012637 0.487525
v -0.038455 1.012637 0.510613
v -0.022129 1.012637 0.503851
v -0.015367 1.012637 0.487525
v -0.357195 1.012637 0.465371
v -0.372861 1.012637 0.471860
v -0.372861 1.100762 0.471860
v -0.357195 1.100762 0.465371
v -0.379350 1.012637 0.487525
v -0.379350 1.100762 0.487525
v -0.372861 1.012637 0.503191
v -0.372861 1.100762 0.503191
v -0.357195 1.012637 0.509679
v -0.357195 1.100762 0.509679
v -0.341530 1.012637 0.503191
v -0.341530 1.100762 0.503191
v -0.335041 1.012637 0.487525
v -0.335041 1.100762 0.487525
v -0.341530 1.012637 0.471860
v -0.341530 1.100762 0.471860
v -0.357195 1.012637 0.465371
v -0.357195 1.100762 0.465371
v -0.379774 1.630466 0.511362
v -0.355937 1.630466 0.521236
v -0.355937 1.644093 0.515185
v -0.375495 1.644093 0.507084
v -0.389647 1.630466 0.487525
v -0.383596 1.644093 0.487525
v -0.332100 1.630466 0.511362
v -0.322226 1.630466 0.487525
v -0.328277 1.644093 0.487525
v -0.336378 1.644093 0.507084
v -0.341345 1.655940 0.487525
v -0.345619 1.655940 0.497843
v -0.355937 1.655940 0.502117
v -0.366254 1.655940 0.497843
v -0.370528 1.655940 0.487525
v -0.366254 1.664066 0.497843
v -0.370528 1.664066 0.487525
v -0.370528 1.655940 0.487525
v -0.366254 1.655940 0.497843
v -0.355937 1.664066 0.502117
v -0.355937 1.655940 0.502117
v -0.345619 1.664066 0.497843
v -0.345619 1.655940 0.497843
v -0.341345 1.664066 0.487525
v -0.341345 1.655940 0.487525
v -0.389647 1.553134 0.487525
v -0.386938 1.550632 0.487525
v -0.377858 1.550632 0.509447
v -0.379774 1.553134 0.511362
v -0.355937 1.550632 0.518527
v -0.355937 1.553134 0.521236
v -0.334015 1.550632 0.509447
v -0.332100 1.553134 0.511362
v -0.324935 1.550632 0.487525
v -0.322226 1.553134 0.487525
v -0.389647 1.553134 0.487525
v -0.379774 1.553134 0.511362
v -0.379774 1.630466 0.511362
v -0.389647 1.630466 0.487525
v -0.355937 1.553134 0.521236
v -0.355937 1.630466 0.521236
v -0.332100 1.553134 0.511362
v -0.332100 1.630466 0.511362
v -0.322226 1.553134 0.487525
v -0.322226 1.630466 0.487525
v -0.365389 1.664066 0.496977
v -0.365389 1.677249 0.496977
v -0.369304 1.677249 0.487525
v -0.369304 1.664066 0.487525
v -0.355937 1.677249 0.500893
v -0.355937 1.664066 0.500893
v -0.346484 1.677249 0.496977
v -0.346484 1.664066 0.496977
v -0.342569 1.677249 0.487525
v -0.342569 1.664066 0.487525
v -0.061084 1.416858 0.511362
v -0.037247 1.416858 0.521236
v -0.037247 1.437980 0.515185
v -0.056806 1.437980 0.507084
v -0.070958 1.416858 0.487525
v -0.064907 1.437980 0.487525
v -0.013410 1.416858 0.511362
v -0.003537 1.416858 0.487525
v -0.009587 1.437980 0.487525
v -0.017689 1.437980 0.507084
v -0.022656 1.453144 0.487525
v -0.026930 1.453144 0.497843
v -0.037247 1.453144 0.502117
v -0.047565 1.453144 0.497843
v -0.051839 1.453144 0.487525
v -0.047565 1.461218 0.497843
v -0.051839 1.461218 0.487525
v -0.051839 1.453144 0.487525
v -0.047565 1.453144 0.497843
v -0.037247 1.461218 0.502117
v -0.037247 1.453144 0.502117
v -0.026930 1.461218 0.497843
v -0.026930 1.453144 0.497843
v -0.022656 1.461218 0.487525
v -0.022656 1.453144 0.487525
v -0.070958 1.284272 0.487525
v -0.068249 1.281770 0.487525
v -0.059169 1.281770 0.509447
v -0.061084 1.284272 0.511362
v -0.037247 1.281770 0.518527
v -0.037247 1.284272 0.521236
v -0.015325 1.281770 0.509447
v -0.013410 1.284272 0.511362
v -0.006245 1.281770 0.487525
v -0.003537 1.284272 0.487525
v -0.070958 1.284272 0.487525
v -0.061084 1.284272 0.511362
v -0.061084 1.416858 0.511362
v -0.070958 1.416858 0.487525
v -0.037247 1.284272 0.521236
v -0.037247 1.416858 0.521236
v -0.013410 1.284272 0.511362
v -0.013410 1.416858 0.511362
v -0.003537 1.284272 0.487525
v -0.003537 1.416858 0.487525
v -0.046699 1.461218 0.496977
v -0.046699 1.474401 0.496977
v -0.050614 1.474401 0.487525
v -0.050614 1.461218 0.487525
v -0.037247 1.474401 0.500893
v -0.037247 1.461218 0.500893
v -0.027795 1.474401 0.496977
v -0.027795 1.461218 0.496977
v -0.023880 1.474401 0.487525
v -0.023880 1.461218 0.487525
v -0.377729 1.361603 0.511362
v -0.353892 1.361603 0.521236
v -0.353892 1.375231 0.515185
v -0.373450 1.375231 0.507084
v -0.387603 1.361603 0.487525
v -0.381552 1.375231 0.487525
v -0.330055 1.361603 0.511362
v -0.320182 1.361603 0.487525
v -0.326232 1.375231 0.487525
v -0.334334 1.375231 0.507084
v -0.339301 1.387078 0.487525
v -0.343574 1.387078 0.497843
v -0.353892 1.387078 0.502117
v -0.364210 1.387078 0.497843
v -0.368484 1.387078 0.487525
v -0.364210 1.395204 0.497843
v -0.368484 1.395204 0.487525
v -0.368484 1.387078 0.487525
v -0.364210 1.387078 0.497843
v -0.353892 1.395204 0.502117
v -0.353892 1.387078 0.502117
v -0.343574 1.395204 0.497843
v -0.343574 1.387078 0.497843
v -0.339301 1.395204 0.487525
v -0.339301 1.387078 0.487525
v -0.387603 1.284272 0.487525
v -0.384894 1.281770 0.487525
v -0.375814 1.281770 0.509447
v -0.377729 1.284272 0.511362
v -0.353892 1.281770 0.518527
v -0.353892 1.284272 0.521236
v -0.331971 1.281770 0.509447
v -0.330055 1.284272 0.511362
v -0.322890 1.281770 0.487525
v -0.320182 1.284272 0.487525
v -0.387603 1.284272 0.487525
v -0.377729 1.284272 0.511362
v -0.377729 1.361603 0.511362
v -0.387603 1.361603 0.487525
v -0.353892 1.284272 0.521236
v -0.353892 1.361603 0.521236
v -0.330055 1.284272 0.511362
v -0.330055 1.361603 0.511362
v -0.320182 1.284272 0.487525
v -0.320182 1.361603 0.487525
v -0.363344 1.395204 0.496977
v -0.363344 1.408386 0.496977
v -0.367259 1.408386 0.487525
v -0.367259 1.395204 0.487525
v -0.353892 1.408386 0.500893
v -0.353892 1.395204 0.500893
v -0.344440 1.408386 0.496977
v -0.344440 1.395204 0.496977
v -0.340525 1.408386 0.487525
v -0.340525 1.395204 0.487525
v 0.247120 1.557606 0.487525
v 0.256070 1.557606 0.509133
v 0.256070 1.688616 0.509133
v 0.247120 1.688616 0.487525
v 0.277678 1.557606 0.518083
v 0.277678 1.688616 0.518083
v 0.299285 1.557606 0.509133
v 0.299285 1.688616 0.509133
v 0.308236 1.557606 0.487525
v 0.308236 1.688616 0.487525
v 0.258369 1.702040 0.506833
v 0.250372 1.702040 0.487525
v 0.277678 1.702040 0.514831
v 0.296986 1.702040 0.506833
v 0.304984 1.702040 0.487525
v 0.258369 1.708202 0.506833
v 0.250372 1.708202 0.487525
v 0.277678 1.708202 0.514831
v 0.296986 1.708202 0.506833
v 0.304984 1.708202 0.487525
v 0.254589 1.550632 0.487525
v 0.261352 1.550632 0.503851
v 0.277678 1.550632 0.510613
v 0.294003 1.550632 0.503851
v 0.300766 1.550632 0.487525
v 0.261352 1.550632 0.503851
v 0.254589 1.550632 0.487525
v 0.277678 1.550632 0.510613
v 0.294003 1.550632 0.503851
v 0.300766 1.550632 0.487525
v 0.327998 1.019612 0.487525
v 0.336948 1.019612 0.509133
v 0.336948 1.108456 0.509133
v 0.327998 1.108456 0.487525
v 0.358556 1.019612 0.518083
v 0.358556 1.108456 0.518083
v 0.380164 1.019612 0.509133
v 0.380164 1.108456 0.509133
v 0.389114 1.019612 0.487525
v 0.389114 1.108456 0.487525
v 0.339248 1.121880 0.506833
v 0.331250 1.121880 0.487525
v 0.358556 1.121880 0.514831
v 0.377864 1.121880 0.506833
v 0.385862 1.121880 0.487525
v 0.339248 1.128042 0.506833
v 0.331250 1.128042 0.487525
v 0.358556 1.128042 0.514831
v 0.377864 1.128042 0.506833
v 0.385862 1.128042 0.487525
v 0.335468 1.012637 0.487525
v 0.342230 1.012637 0.503851
v 0.358556 1.012637 0.510613
v 0.374882 1.012637 0.503851
v 0.381644 1.012637 0.487525
v 0.342230 1.012637 0.503851
v 0.335468 1.012637 0.487525
v 0.358556 1.012637 0.510613
v 0.374882 1.012637 0.503851
v 0.381644 1.012637 0.487525
v 0.324679 1.557606 0.487525
v 0.333629 1.557606 0.509133
v 0.333629 1.688616 0.509133
v 0.324679 1.688616 0.487525
v 0.355237 1.557606 0.518083
v 0.355237 1.688616 0.518083
v 0.376845 1.557606 0.509133
v 0.376845 1.688616 0.509133
v 0.385795 1.557606 0.487525
v 0.385795 1.688616 0.487525
v 0.335929 1.702040 0.506833
v 0.327931 1.702040 0.487525
v 0.355237 1.702040 0.514831
v 0.374545 1.702040 0.506833
v 0.382543 1.702040 0.487525
v 0.335929 1.708202 0.506833
v 0.327931 1.708202 0.487525
v 0.355237 1.708202 0.514831
v 0.374545 1.708202 0.506833
v 0.382543 1.708202 0.487525
v 0.332149 1.550632 0.487525
v 0.338911 1.550632 0.503851
v 0.355237 1.550632 0.510613
v 0.371563 1.550632 0.503851
v 0.378325 1.550632 0.487525
v 0.338911 1.550632 0.503851
v 0.332149 1.550632 0.487525
v 0.355237 1.550632 0.510613
v 0.371563 1.550632 0.503851
v 0.378325 1.550632 0.487525
v 0.088165 1.557606 0.487525
v 0.097115 1.557606 0.509133
v 0.097115 1.646450 0.509133
v 0.088165 1.646450 0.487525
v 0.118723 1.557606 0.518083
v 0.118723 1.646450 0.518083
v 0.140331 1.557606 0.509133
v 0.140331 1.646450 0.509133
v 0.149281 1.557606 0.487525
v 0.149281 1.646450 0.487525
v 0.099415 1.659874 0.506833
v 0.091417 1.659874 0.487525
v 0.118723 1.659874 0.514831
v 0.138031 1.659874 0.506833
v 0.146029 1.659874 0.487525
v 0.099415 1.666036 0.506833
v 0.091417 1.666036 0.487525
v 0.118723 1.666036 0.514831
v 0.138031 1.666036 0.506833
v 0.146029 1.666036 0.487525
v 0.095635 1.550632 0.487525
v 0.102397 1.550632 0.503851
v 0.118723 1.550632 0.510613
v 0.135049 1.550632 0.503851
v 0.141811 1.550632 0.487525
v 0.102397 1.550632 0.503851
v 0.095635 1.550632 0.487525
v 0.118723 1.550632 0.510613
v 0.135049 1.550632 0.503851
v 0.141811 1.550632 0.487525
v -0.419766 0.983743 0.522353
v 0.419766 0.983743 0.522353
v 0.419766 1.012637 0.522353
v -0.419766 1.012637 0.522353
v -0.419766 1.012637 0.522353
v 0.419766 1.012637 0.522353
v 0.419766 1.012637 0.482265
v -0.419766 1.012637 0.482265
v 0.419766 0.983743 0.522353
v 0.419766 0.983743 0.482265
v 0.419766 1.012637 0.482265
v 0.419766 1.012637 0.522353
v -0.419766 0.983743 0.482265
v -0.419766 0.983743 0.522353
v -0.419766 1.012637 0.522353
v -0.419766 1.012637 0.482265
v -0.419766 1.252740 0.522353
v 0.419766 1.252740 0.522353
v 0.419766 1.281635 0.522353
v -0.419766 1.281635 0.522353
v -0.419766 1.281635 0.522353
v 0.419766 1.281635 0.522353
v 0.419766 1.281635 0.482265
v -0.419766 1.281635 0.482265
v 0.419766 1.252740 0.522353
v 0.419766 1.252740 0.482265
v 0.419766 1.281635 0.482265
v 0.419766 1.281635 0.522353
v -0.419766 1.252740 0.482265
v -0.419766 1.252740 0.522353
v -0.419766 1.281635 0.522353
v -0.419766 1.281635 0.482265
v 0.456179 0.000000 0.408746
v 0.433421 0.000000 0.399319
v 0.433421 0.003675 0.399319
v 0.456179 0.003675 0.408746
v 0.410663 0.000000 0.408746
v 0.410663 0.003675 0.408746
v 0.401236 0.000000 0.431504
v 0.401236 0.003675 0.431504
v 0.410663 0.000000 0.454262
v 0.410663 0.003675 0.454262
v 0.433421 0.000000 0.463689
v 0.433421 0.003675 0.463689
v 0.456179 0.000000 0.454262
v 0.456179 0.003675 0.454262
v 0.465606 0.000000 0.431504
v 0.465606 0.003675 0.431504
v 0.426610 0.017201 0.438315
v 0.433421 0.017201 0.441136
v 0.433421 0.096316 0.441136
v 0.426610 0.096316 0.438315
v 0.423789 0.017201 0.431504
v 0.423789 0.096316 0.431504
v 0.426610 0.017201 0.424693
v 0.426610 0.096316 0.424693
v 0.433421 0.017201 0.421872
v 0.433421 0.096316 0.421872
v 0.440232 0.017201 0.424693
v 0.433421 0.017201 0.421872
v 0.433421 0.096316 0.421872
v 0.440232 0.096316 0.424693
v 0.443053 0.017201 0.431504
v 0.443053 0.096316 0.431504
v 0.440232 0.017201 0.438315
v 0.440232 0.096316 0.438315
v 0.433421 0.017201 0.444613
v 0.424152 0.017201 0.440773
v 0.420313 0.017201 0.431504
v 0.424152 0.017201 0.422235
v 0.433421 0.017201 0.418396
v 0.442690 0.017201 0.422235
v 0.446530 0.017201 0.431504
v 0.442690 0.017201 0.440773
v 0.426610 0.017201 0.438315
v 0.423789 0.017201 0.431504
v 0.426610 0.017201 0.424693
v 0.433421 0.017201 0.421872
v 0.440232 0.017201 0.424693
v 0.443053 0.017201 0.431504
v 0.440232 0.017201 0.438315
v 0.433421 0.017201 0.441136
v -0.481579 1.830000 0.000000
v -0.481579 1.830000 0.529737
v 0.481579 1.830000 0.529737
v 0.481579 1.830000 0.000000
v 0.481579 0.096316 0.000000
v -0.481579 0.096316 0.000000
v -0.481579 0.597980 0.000000
v 0.481579 0.597980 0.000000
v 0.481579 0.096316 0.529737
v 0.481579 0.096316 0.000000
v 0.481579 0.597980 0.000000
v 0.481579 0.597980 0.529737
v -0.481579 0.096316 0.000000
v -0.481579 0.096316 0.529737
v -0.481579 0.597980 0.529737
v -0.481579 0.597980 0.000000
v -0.481579 0.096316 0.529737
v -0.481579 0.096316 0.000000
v 0.481579 0.096316 0.000000
v 0.481579 0.096316 0.529737
v -0.429275 1.757683 0.482265
v -0.429275 0.942021 0.482265
v 0.429275 0.942021 0.482265
v 0.429275 1.757683 0.482265
v -0.429275 1.757683 0.529737
v -0.481579 1.830000 0.529737
v -0.481579 1.830000 0.529737
v -0.481579 1.830000 0.000000
v -0.481579 1.830000 0.000000
v 0.481579 1.830000 0.000000
v 0.481579 1.830000 0.000000
v 0.481579 1.830000 0.529737
v 0.429275 1.757683 0.529737
v 0.481579 1.830000 0.529737
v -0.429275 1.757683 0.529737
v -0.429275 0.942021 0.529737
v -0.429275 0.942021 0.482265
v -0.429275 1.757683 0.482265
v -0.429275 0.942021 0.482265
v -0.429275 0.942021 0.529737
v 0.429275 0.942021 0.529737
v 0.429275 0.942021 0.482265
v 0.429275 0.942021 0.529737
v 0.429275 1.757683 0.529737
v 0.429275 1.757683 0.482265
v 0.429275 0.942021 0.482265
v -0.429275 1.757683 0.482265
v 0.429275 1.757683 0.482265
v 0.429275 1.757683 0.529737
v -0.429275 1.757683 0.529737
v 0.211161 0.597980 0.506650
v 0.211161 0.597980 0.529737
v -0.387110 0.597980 0.529737
v -0.387110 0.597980 0.506650
v 0.211161 0.597980 0.506650
v -0.387110 0.597980 0.506650
v -0.387110 0.543482 0.529737
v 0.211161 0.543482 0.529737
v -0.419766 1.521737 0.522353
v 0.419766 1.521737 0.522353
v 0.419766 1.550632 0.522353
v -0.419766 1.550632 0.522353
v -0.419766 1.550632 0.522353
v 0.419766 1.550632 0.522353
v 0.419766 1.550632 0.482265
v -0.419766 1.550632 0.482265
v 0.419766 1.521737 0.522353
v 0.419766 1.521737 0.482265
v 0.419766 1.550632 0.482265
v 0.419766 1.550632 0.522353
v -0.419766 1.521737 0.482265
v -0.419766 1.521737 0.522353
v -0.419766 1.550632 0.522353
v -0.419766 1.550632 0.482265
v -0.429275 0.983743 0.526718
v -0.429275 0.942021 0.526718
v -0.419766 0.942021 0.526718
v -0.419766 0.983743 0.526718
v 0.419765 0.952451 0.540329
v -0.419766 0.952451 0.540329
v -0.419766 0.942021 0.536289
v 0.419765 0.942021 0.536289
v 0.419765 0.942021 0.526718
v 0.429274 0.942021 0.526718
v 0.429274 0.983743 0.526718
v 0.419765 0.983743 0.526718
v -0.419766 0.942021 0.536289
v -0.419766 0.942021 0.526718
v 0.419765 0.942021 0.526718
v 0.419765 0.942021 0.536289
v 0.419765 0.983743 0.536289
v 0.419765 0.983743 0.526718
v -0.419766 0.983743 0.526718
v -0.419766 0.983743 0.536289
v 0.419765 0.983743 0.536289
v -0.419766 0.983743 0.536289
v -0.419766 0.973312 0.540329
v 0.419765 0.973312 0.540329
v -0.410663 0.000000 0.408746
v -0.433421 0.000000 0.399319
v -0.433421 0.003675 0.399319
v -0.410663 0.003675 0.408746
v -0.456179 0.000000 0.408746
v -0.456179 0.003675 0.408746
v -0.465606 0.000000 0.431504
v -0.465606 0.003675 0.431504
v -0.456179 0.000000 0.454262
v -0.456179 0.003675 0.454262
v -0.433421 0.000000 0.463689
v -0.433421 0.003675 0.463689
v -0.410663 0.000000 0.454262
v -0.410663 0.003675 0.454262
v -0.401236 0.000000 0.431504
v -0.401236 0.003675 0.431504
v -0.440232 0.017201 0.438315
v -0.433421 0.017201 0.441136
v -0.433421 0.096316 0.441136
v -0.440232 0.096316 0.438315
v -0.443053 0.017201 0.431504
v -0.443053 0.096316 0.431504
v -0.440232 0.017201 0.424693
v -0.440232 0.096316 0.424693
v -0.433421 0.017201 0.421872
v -0.433421 0.096316 0.421872
v -0.426610 0.017201 0.424693
v -0.433421 0.017201 0.421872
v -0.433421 0.096316 0.421872
v -0.426610 0.096316 0.424693
v -0.423789 0.017201 0.431504
v -0.423789 0.096316 0.431504
v -0.426610 0.017201 0.438315
v -0.426610 0.096316 0.438315
v -0.433421 0.017201 0.444613
v -0.442690 0.017201 0.440773
v -0.446530 0.017201 0.431504
v -0.442690 0.017201 0.422235
v -0.433421 0.017201 0.418396
v -0.424152 0.017201 0.422235
v -0.420313 0.017201 0.431504
v -0.424152 0.017201 0.440773
v -0.440232 0.017201 0.438315
v -0.443053 0.017201 0.431504
v -0.440232 0.017201 0.424693
v -0.433421 0.017201 0.421872
v -0.426610 0.017201 0.424693
v -0.423789 0.017201 0.431504
v -0.426610 0.017201 0.438315
v -0.433421 0.017201 0.441136
v -0.429275 1.252740 0.526718
v -0.429275 1.211018 0.526718
v -0.419766 1.211018 0.526718
v -0.419766 1.252740 0.526718
v 0.419765 1.221449 0.540329
v -0.419766 1.221449 0.540329
v -0.419766 1.211018 0.536289
v 0.419765 1.211018 0.536289
v 0.419765 1.211018 0.526718
v 0.429274 1.211018 0.526718
v 0.429274 1.252740 0.526718
v 0.419765 1.252740 0.526718
v -0.419766 1.211018 0.536289
v -0.419766 1.211018 0.526718
v 0.419765 1.211018 0.526718
v 0.419765 1.211018 0.536289
v 0.419765 1.252740 0.536289
v 0.419765 1.252740 0.526718
v -0.419766 1.252740 0.526718
v -0.419766 1.252740 0.536289
v 0.419765 1.252740 0.536289
v -0.419766 1.252740 0.536289
v -0.419766 1.242309 0.540329
v 0.419765 1.242309 0.540329
vn 0.1908 -0.9629 -0.1908
vn 0.2682 -0.9570 -0.1111
vn -0.0000 -0.9344 -0.3563
vn -0.0000 -0.9629 -0.2698
vn -0.1908 -0.9629 -0.1908
vn -0.2681 -0.9570 -0.1111
vn -0.0000 1.0000 -0.0000
vn 0.1332 -0.9821 -0.1332
vn 0.1879 -0.9791 -0.0778
vn -0.0000 -0.9780 -0.2086
vn -0.0000 -0.9821 -0.1884
vn -0.1332 -0.9821 -0.1332
vn -0.1879 -0.9791 -0.0778
vn 0.1332 -0.9821 -0.1333
vn -0.0000 -1.0000 -0.0000
vn -1.0000 -0.0000 -0.0000
vn 1.0000 -0.0000 -0.0000
vn -0.0000 0.0301 0.9995
vn -0.0000 -0.0000 1.0000
vn -0.0000 0.0245 0.9997
vn -0.7067 0.0341 0.7067
vn -0.0000 0.0342 0.9994
vn -0.0000 0.4085 0.9128
vn -0.6454 0.4085 0.6454
vn -0.9234 0.0315 0.3825
vn -0.8538 0.3821 0.3537
vn 0.7067 0.0342 0.7067
vn 0.9234 0.0316 0.3825
vn 0.8538 0.3821 0.3536
vn 0.6454 0.4085 0.6454
vn 0.7228 0.6229 0.2994
vn 0.5356 0.6528 0.5357
vn -0.0000 0.6528 0.7575
vn -0.5356 0.6528 0.5357
vn -0.7228 0.6229 0.2994
vn -0.7071 -0.0000 0.7071
vn -0.9239 -0.0000 0.3827
vn 0.7071 -0.0000 0.7071
vn 0.9239 -0.0000 0.3827
vn -0.9238 -0.0146 0.3826
vn -0.3718 -0.9155 0.1540
vn -0.2661 -0.9265 0.2661
vn -0.7070 -0.0158 0.7070
vn -0.0000 -0.9265 0.3763
vn -0.0000 -0.0158 0.9999
vn 0.2661 -0.9265 0.2661
vn 0.7071 -0.0158 0.7070
vn 0.3718 -0.9154 0.1540
vn 0.9238 -0.0146 0.3826
vn -0.0000 0.0341 0.9994
vn 0.7070 -0.0158 0.7070
vn 0.7067 0.0341 0.7067
vn 0.9234 0.0315 0.3825
vn -0.9226 -0.0528 0.3821
vn -0.7060 -0.0572 0.7059
vn -0.7068 0.0288 0.7068
vn -0.9236 0.0266 0.3825
vn -0.0000 -0.0572 0.9984
vn -0.0000 0.0288 0.9996
vn 0.7059 -0.0572 0.7060
vn 0.7068 0.0288 0.7068
vn 0.9226 -0.0529 0.3821
vn 0.9236 0.0266 0.3825
vn -0.6969 0.1693 0.6969
vn -0.9124 0.1568 0.3780
vn -0.0000 0.1694 0.9856
vn 0.6969 0.1694 0.6969
vn 0.9125 0.1568 0.3779
vn -0.5899 -0.7696 0.2443
vn -0.4302 -0.7937 0.4302
vn -0.0000 -0.7937 0.6084
vn 0.4302 -0.7937 0.4302
vn 0.5899 -0.7696 0.2443
vn -0.4302 -0.7936 0.4302
vn -0.0000 -0.7937 0.6083
vn 0.4303 -0.7936 0.4302
vn 0.5899 -0.7696 0.2444
vn -0.9125 0.1568 0.3780
vn -0.5899 -0.7696 0.2444
vn -0.9234 0.0316 0.3825
vn -0.8538 0.3821 0.3536
vn 0.8538 0.3821 0.3537
vn -0.5357 0.6528 0.5356
vn -0.9238 -0.0145 0.3826
vn -0.3719 -0.9154 0.1540
vn -0.7070 -0.0158 0.7071
vn 0.0001 -0.0158 0.9999
vn -0.9233 -0.0365 0.3824
vn -0.7066 -0.0395 0.7065
vn -0.7070 0.0203 0.7070
vn -0.9237 0.0188 0.3826
vn -0.0000 -0.0395 0.9992
vn -0.0000 0.0203 0.9998
vn 0.7065 -0.0395 0.7066
vn 0.7070 0.0203 0.7070
vn 0.9233 -0.0365 0.3824
vn 0.9237 0.0187 0.3826
vn -0.6969 0.1694 0.6969
vn -0.9125 0.1568 0.3779
vn -0.7067 0.0342 0.7067
vn -0.7060 0.0560 0.7060
vn -0.0000 0.0560 0.9984
vn -0.0000 0.5432 0.8396
vn -0.5937 0.5432 0.5937
vn -0.9226 0.0518 0.3822
vn -0.7930 0.5130 0.3285
vn 0.7060 0.0560 0.7060
vn 0.9227 0.0518 0.3821
vn 0.7930 0.5130 0.3285
vn 0.5937 0.5432 0.5937
vn 0.6471 0.7138 0.2680
vn 0.4749 0.7409 0.4749
vn -0.0000 0.7409 0.6716
vn -0.4749 0.7409 0.4749
vn -0.6471 0.7138 0.2680
vn -0.9236 -0.0247 0.3825
vn -0.3718 -0.9154 0.1540
vn -0.7068 -0.0268 0.7069
vn 0.0001 -0.0268 0.9996
vn 0.7069 -0.0268 0.7068
vn 0.9236 -0.0247 0.3825
vn -0.9236 -0.0248 0.3826
vn -0.7060 0.0559 0.7060
vn -0.9226 0.0517 0.3822
vn -0.0000 -0.0268 0.9996
vn 0.7069 -0.0268 0.7069
vn 0.9236 -0.0248 0.3826
vn 0.9226 0.0517 0.3822
vn -0.7069 -0.0268 0.7069
vn 0.7068 -0.0268 0.7069
vn -0.0000 -0.1281 0.9918
vn -0.0000 -0.3612 0.9325
vn -0.0000 0.3612 0.9325
vn -0.0000 0.1281 0.9918
vn -0.0000 -0.0000 -1.0000
vn -0.7071 -0.0000 -0.7071
vn 0.7071 -0.0000 -0.7071
vn -0.0000 -0.0001 -1.0000
vn 0.9125 0.1568 0.3780
vn -0.0000 -0.7936 0.6084
vn 0.4302 -0.7936 0.4302
vn -0.4301 -0.7937 0.4302
vn 0.4302 -0.7937 0.4301
vn -0.0000 0.6889 -0.7249
vn 0.5126 0.6889 -0.5125
vn -0.5126 0.6889 -0.5126
vn -0.7249 0.6889 -0.0000
vn -0.5126 0.6889 0.5126
vn -0.0000 0.6888 0.7249
vn 0.5126 0.6888 0.5126
vn 0.7249 0.6889 -0.0000
vn -0.7056 0.0647 0.7056
vn -0.0000 0.0647 0.9979
vn -0.9979 0.0647 -0.0000
vn -0.7056 0.0647 -0.7056
vn -0.0000 0.0647 -0.9979
vn 0.7056 0.0647 -0.7056
vn 0.9979 0.0647 -0.0000
vn 0.7056 0.0647 0.7056
vn -0.0000 0.8305 0.5570
vn -0.3939 0.8305 0.3939
vn -0.5570 0.8305 -0.0000
vn -0.3939 0.8305 -0.3939
vn -0.0000 0.8305 -0.5570
vn 0.3939 0.8305 -0.3939
vn 0.5570 0.8305 -0.0000
vn 0.3939 0.8305 0.3939
vn -0.7056 0.0647 0.7057
vn -0.9979 0.0647 0.0001
vn -0.7057 0.0647 -0.7056
vn -0.0001 0.0647 -0.9979
vn 0.7056 0.0647 -0.7057
vn 0.9979 0.0647 -0.0001
vn 0.7057 0.0647 0.7056
vn 0.0001 0.0647 0.9979
vn 0.9226 -0.0529 0.3822
vn -0.9236 -0.0248 0.3825
vn 0.7066 -0.0395 0.7066
vn -0.0000 0.3901 0.9208
vn -0.0000 0.0302 0.9995
vn -0.0000 0.0246 0.9997
vt 0.755103 0.892240
vt 0.759010 0.882808
vt 0.745670 0.882807
vt 0.745669 0.896147
vt 0.736237 0.892239
vt 0.732331 0.882807
vt 0.778247 0.886527
vt 0.780465 0.891883
vt 0.785822 0.886527
vt 0.785822 0.894102
vt 0.791178 0.891883
vt 0.793396 0.886527
vt 0.880021 0.939459
vt 0.881997 0.944229
vt 0.886767 0.939729
vt 0.886767 0.946205
vt 0.891537 0.944229
vt 0.893513 0.939459
vt 0.266869 0.977385
vt 0.271021 0.987409
vt 0.281044 0.977385
vt 0.281044 0.991560
vt 0.291067 0.987409
vt 0.295219 0.977385
vt 0.308414 0.970952
vt 0.305256 0.978577
vt 0.316038 0.978577
vt 0.316038 0.967794
vt 0.323663 0.970952
vt 0.326821 0.978577
vt 0.849374 0.807243
vt 0.853281 0.797810
vt 0.839942 0.797809
vt 0.839941 0.811150
vt 0.830508 0.807242
vt 0.826602 0.797809
vt 0.803547 0.839146
vt 0.805766 0.844502
vt 0.811122 0.839146
vt 0.811122 0.846721
vt 0.816478 0.844502
vt 0.818697 0.839146
vt 0.865960 0.796313
vt 0.867936 0.801083
vt 0.872706 0.796583
vt 0.872706 0.803059
vt 0.877476 0.801083
vt 0.879452 0.796313
vt 0.699175 0.720365
vt 0.703327 0.730388
vt 0.713350 0.720365
vt 0.713350 0.734540
vt 0.723374 0.730388
vt 0.727526 0.720365
vt 0.742615 0.711575
vt 0.739489 0.719121
vt 0.750160 0.719121
vt 0.750160 0.708450
vt 0.757705 0.711575
vt 0.760831 0.719121
vt 0.855277 0.986411
vt 0.859540 0.976119
vt 0.844985 0.976118
vt 0.844984 0.990674
vt 0.834693 0.986410
vt 0.830431 0.976118
vt 0.848780 0.940106
vt 0.850998 0.945463
vt 0.856355 0.940106
vt 0.856355 0.947681
vt 0.861711 0.945463
vt 0.863929 0.940106
vt 0.902825 0.804153
vt 0.904800 0.808923
vt 0.909571 0.804423
vt 0.909571 0.810899
vt 0.914341 0.808923
vt 0.916317 0.804153
vt 0.705297 0.819140
vt 0.708993 0.819140
vt 0.708993 0.800690
vt 0.708993 0.876004
vt 0.708993 0.857554
vt 0.705297 0.857554
vt 0.379011 0.819140
vt 0.375316 0.800690
vt 0.375316 0.819140
vt 0.375316 0.876004
vt 0.379011 0.857554
vt 0.375316 0.857554
vt 0.710088 0.833882
vt 0.715378 0.829828
vt 0.711659 0.829828
vt 0.368164 0.829828
vt 0.373454 0.833882
vt 0.371884 0.829828
vt 0.373454 0.841990
vt 0.368164 0.846044
vt 0.371884 0.846044
vt 0.715378 0.846044
vt 0.710088 0.841990
vt 0.711659 0.846044
vt 0.258407 0.937879
vt 0.250275 0.941248
vt 0.258407 0.949380
vt 0.266540 0.941248
vt 0.269908 0.949380
vt 0.266540 0.957513
vt 0.258407 0.960881
vt 0.250275 0.957513
vt 0.246906 0.949380
vt 0.230833 0.942733
vt 0.222700 0.939364
vt 0.222700 0.950865
vt 0.214568 0.942733
vt 0.211199 0.950865
vt 0.214568 0.958997
vt 0.222700 0.962366
vt 0.230833 0.958997
vt 0.234201 0.950865
vt 0.730514 0.828492
vt 0.734666 0.838515
vt 0.744689 0.828492
vt 0.744689 0.842667
vt 0.754713 0.838515
vt 0.758864 0.828492
vt 0.773874 0.820670
vt 0.770716 0.828294
vt 0.781498 0.828294
vt 0.781498 0.817512
vt 0.789123 0.820670
vt 0.792281 0.828294
vt 0.227425 0.978796
vt 0.231577 0.988820
vt 0.241600 0.978796
vt 0.241600 0.992972
vt 0.251623 0.988820
vt 0.255775 0.978796
vt 0.199212 0.974885
vt 0.196053 0.982509
vt 0.206836 0.982509
vt 0.206836 0.971727
vt 0.214460 0.974885
vt 0.217618 0.982509
vt 0.691528 0.966634
vt 0.695791 0.956342
vt 0.681236 0.956341
vt 0.681235 0.970897
vt 0.670944 0.966633
vt 0.666682 0.956341
vt 0.657909 0.985735
vt 0.660128 0.991091
vt 0.665484 0.985735
vt 0.665484 0.993310
vt 0.670841 0.991091
vt 0.673059 0.985735
vt 0.783951 0.708031
vt 0.785927 0.712801
vt 0.790697 0.708301
vt 0.790697 0.714777
vt 0.795467 0.712801
vt 0.797443 0.708031
vt 0.234413 0.445526
vt 0.202588 0.427167
vt 0.202588 0.596169
vt 0.527060 0.427167
vt 0.435961 0.445526
vt 0.527060 0.596169
vt 0.220208 0.311266
vt 0.234413 0.427167
vt 0.509440 0.311266
vt 0.435961 0.427167
vt 0.439300 0.185699
vt 0.445894 0.170133
vt 0.439300 0.167339
vt 0.231158 0.170132
vt 0.237753 0.185698
vt 0.237752 0.167339
vt 0.856854 0.844607
vt 0.866945 0.844607
vt 0.866945 0.833245
vt 0.856854 0.833244
vt 0.846762 0.844607
vt 0.846762 0.833244
vt 0.877036 0.844607
vt 0.887127 0.844607
vt 0.887127 0.833245
vt 0.877036 0.833245
vt 0.887127 0.822892
vt 0.877036 0.822892
vt 0.866945 0.822892
vt 0.856854 0.822892
vt 0.846762 0.822892
vt 0.765731 0.910879
vt 0.760068 0.910879
vt 0.760068 0.915311
vt 0.765731 0.915311
vt 0.771394 0.910879
vt 0.771394 0.915311
vt 0.777056 0.910879
vt 0.777056 0.915311
vt 0.782719 0.910879
vt 0.782719 0.915311
vt 0.764225 0.882806
vt 0.762286 0.882807
vt 0.757419 0.894556
vt 0.758791 0.895926
vt 0.745670 0.899422
vt 0.745671 0.901362
vt 0.733921 0.894556
vt 0.732551 0.895928
vt 0.729054 0.882806
vt 0.727115 0.882808
vt 0.833557 0.922725
vt 0.846154 0.922725
vt 0.846154 0.852657
vt 0.833557 0.852657
vt 0.858752 0.922725
vt 0.858752 0.852657
vt 0.871349 0.922725
vt 0.871349 0.852657
vt 0.883946 0.922725
vt 0.883946 0.852657
vt 0.881811 0.958437
vt 0.881811 0.951593
vt 0.877260 0.951593
vt 0.877260 0.958437
vt 0.886362 0.951593
vt 0.886362 0.958437
vt 0.890913 0.951593
vt 0.890913 0.958437
vt 0.895463 0.951593
vt 0.895463 0.958437
vt 0.358808 0.986654
vt 0.369603 0.986654
vt 0.369603 0.940533
vt 0.358808 0.940533
vt 0.380397 0.986654
vt 0.380397 0.940533
vt 0.391192 0.986654
vt 0.391192 0.940533
vt 0.401987 0.986654
vt 0.401987 0.940533
vt 0.369603 0.933363
vt 0.358808 0.933363
vt 0.380397 0.933363
vt 0.391192 0.933363
vt 0.401987 0.933363
vt 0.369603 0.930164
vt 0.358808 0.930164
vt 0.380397 0.930164
vt 0.391192 0.930164
vt 0.401987 0.930164
vt 0.358808 0.991959
vt 0.369603 0.991959
vt 0.380397 0.991959
vt 0.391192 0.991959
vt 0.401987 0.991959
vt 0.307186 0.969725
vt 0.303519 0.978577
vt 0.316038 0.966058
vt 0.324890 0.969725
vt 0.328557 0.978577
vt 0.840090 0.688481
vt 0.850182 0.688481
vt 0.850182 0.677118
vt 0.840090 0.677118
vt 0.829999 0.688481
vt 0.829999 0.677118
vt 0.860273 0.688481
vt 0.870364 0.688481
vt 0.870364 0.677118
vt 0.860273 0.677118
vt 0.870364 0.666766
vt 0.860273 0.666766
vt 0.850182 0.666766
vt 0.840090 0.666766
vt 0.829999 0.666766
vt 0.875311 0.777271
vt 0.869649 0.777271
vt 0.869649 0.781702
vt 0.875311 0.781702
vt 0.880974 0.777271
vt 0.880974 0.781702
vt 0.886637 0.777271
vt 0.886637 0.781702
vt 0.892299 0.777271
vt 0.892299 0.781702
vt 0.858496 0.797809
vt 0.856557 0.797810
vt 0.851690 0.809559
vt 0.853062 0.810929
vt 0.839941 0.814425
vt 0.839942 0.816364
vt 0.828192 0.809558
vt 0.826822 0.810930
vt 0.823325 0.797809
vt 0.821386 0.797810
vt 0.850095 0.769280
vt 0.862693 0.769280
vt 0.862693 0.699212
vt 0.850095 0.699212
vt 0.875290 0.769280
vt 0.875290 0.699212
vt 0.887887 0.769280
vt 0.887887 0.699212
vt 0.900484 0.769280
vt 0.900484 0.699212
vt 0.875339 0.815737
vt 0.875339 0.808894
vt 0.870789 0.808894
vt 0.870789 0.815737
vt 0.879890 0.808894
vt 0.879890 0.815737
vt 0.884441 0.808894
vt 0.884441 0.815737
vt 0.888992 0.808894
vt 0.888992 0.815737
vt 0.734049 0.687507
vt 0.744766 0.687507
vt 0.744766 0.619496
vt 0.734049 0.619496
vt 0.755483 0.687507
vt 0.755483 0.619496
vt 0.766199 0.687507
vt 0.766199 0.619496
vt 0.776915 0.687507
vt 0.776915 0.619496
vt 0.744766 0.612326
vt 0.734049 0.612326
vt 0.755483 0.612326
vt 0.766199 0.612326
vt 0.776915 0.612326
vt 0.744766 0.609127
vt 0.734049 0.609127
vt 0.755482 0.609127
vt 0.766199 0.609127
vt 0.776915 0.609127
vt 0.734049 0.692812
vt 0.744766 0.692812
vt 0.755483 0.692812
vt 0.766199 0.692812
vt 0.776915 0.692812
vt 0.741400 0.710360
vt 0.737771 0.719121
vt 0.750160 0.706732
vt 0.758920 0.710360
vt 0.762549 0.719121
vt 0.742740 0.944797
vt 0.753086 0.944797
vt 0.753086 0.937056
vt 0.742740 0.937056
vt 0.732395 0.944797
vt 0.732395 0.937056
vt 0.763432 0.944797
vt 0.773778 0.944797
vt 0.773778 0.937056
vt 0.763432 0.937056
vt 0.773778 0.927899
vt 0.763432 0.927899
vt 0.753086 0.927899
vt 0.742740 0.927899
vt 0.732395 0.927899
vt 0.815578 0.940378
vt 0.810188 0.940378
vt 0.810188 0.944596
vt 0.815578 0.944596
vt 0.820968 0.940378
vt 0.820968 0.944596
vt 0.826357 0.940378
vt 0.826357 0.944596
vt 0.831747 0.940378
vt 0.831747 0.944596
vt 0.865230 0.976117
vt 0.863114 0.976119
vt 0.857804 0.988938
vt 0.859301 0.990433
vt 0.844985 0.994247
vt 0.844986 0.996363
vt 0.832166 0.988937
vt 0.830670 0.990434
vt 0.826855 0.976117
vt 0.824740 0.976119
vt 0.738533 0.993087
vt 0.751927 0.993087
vt 0.751927 0.952942
vt 0.738533 0.952942
vt 0.765321 0.993087
vt 0.765321 0.952942
vt 0.778715 0.993087
vt 0.778715 0.952942
vt 0.792109 0.993087
vt 0.792109 0.952942
vt 0.895968 0.794724
vt 0.895968 0.787881
vt 0.891417 0.787881
vt 0.891417 0.794724
vt 0.900519 0.787881
vt 0.900519 0.794724
vt 0.905070 0.787881
vt 0.905070 0.794724
vt 0.909620 0.787881
vt 0.909620 0.794724
vt 0.719073 0.846044
vt 0.719074 0.829829
vt 0.379011 0.833882
vt 0.705297 0.833882
vt 0.705297 0.829828
vt 0.379011 0.829828
vt 0.364469 0.829828
vt 0.364469 0.846044
vt 0.705297 0.826109
vt 0.379011 0.826109
vt 0.379011 0.846044
vt 0.379011 0.849764
vt 0.705297 0.849764
vt 0.705297 0.846044
vt 0.705297 0.841990
vt 0.379011 0.841990
vt 0.103089 0.991405
vt 0.111891 0.991405
vt 0.111891 0.945657
vt 0.103089 0.945657
vt 0.120693 0.991405
vt 0.120693 0.945657
vt 0.129496 0.991405
vt 0.129496 0.945657
vt 0.138298 0.991405
vt 0.138298 0.945657
vt 0.147101 0.991405
vt 0.147101 0.945657
vt 0.155903 0.991405
vt 0.155903 0.945657
vt 0.164705 0.991405
vt 0.164705 0.945657
vt 0.173508 0.991405
vt 0.173508 0.945657
vt 0.737686 0.800984
vt 0.748481 0.800984
vt 0.748481 0.754863
vt 0.737686 0.754863
vt 0.759275 0.800984
vt 0.759275 0.754863
vt 0.770070 0.800984
vt 0.770070 0.754863
vt 0.780865 0.800984
vt 0.780865 0.754863
vt 0.748481 0.747693
vt 0.737686 0.747693
vt 0.759275 0.747693
vt 0.770070 0.747693
vt 0.780865 0.747693
vt 0.748481 0.744494
vt 0.737686 0.744494
vt 0.759275 0.744494
vt 0.770070 0.744494
vt 0.780865 0.744494
vt 0.737686 0.806289
vt 0.748481 0.806289
vt 0.759275 0.806289
vt 0.770070 0.806289
vt 0.780865 0.806289
vt 0.772646 0.819442
vt 0.768979 0.828294
vt 0.781498 0.815775
vt 0.790350 0.819442
vt 0.794017 0.828294
vt 0.452289 0.058031
vt 0.441858 0.053711
vt 0.441858 0.055171
vt 0.451256 0.059064
vt 0.431427 0.058031
vt 0.432459 0.059064
vt 0.427106 0.068462
vt 0.428566 0.068462
vt 0.431427 0.078893
vt 0.432459 0.077861
vt 0.441858 0.083214
vt 0.441858 0.081754
vt 0.452289 0.078893
vt 0.451256 0.077861
vt 0.456610 0.068462
vt 0.455149 0.068462
vt 0.441647 0.115824
vt 0.448311 0.115824
vt 0.448311 0.089172
vt 0.441647 0.089172
vt 0.434984 0.115824
vt 0.434984 0.089172
vt 0.428321 0.115824
vt 0.428321 0.089172
vt 0.421658 0.115824
vt 0.421658 0.089172
vt 0.468300 0.115824
vt 0.474963 0.115824
vt 0.474963 0.089172
vt 0.468300 0.089172
vt 0.461637 0.115824
vt 0.461637 0.089172
vt 0.454974 0.115824
vt 0.454974 0.089172
vt 0.441858 0.073876
vt 0.438030 0.072290
vt 0.436444 0.068462
vt 0.438030 0.064634
vt 0.441858 0.063049
vt 0.445686 0.064634
vt 0.447271 0.068462
vt 0.445686 0.072290
vt 0.439045 0.071275
vt 0.437880 0.068462
vt 0.439045 0.065650
vt 0.441858 0.064485
vt 0.444670 0.065650
vt 0.445835 0.068462
vt 0.444670 0.071275
vt 0.441858 0.072440
vt 0.469520 0.987406
vt 0.480315 0.987406
vt 0.480315 0.941285
vt 0.469520 0.941285
vt 0.491110 0.987406
vt 0.491110 0.941285
vt 0.501905 0.987406
vt 0.501905 0.941285
vt 0.512699 0.987406
vt 0.512699 0.941285
vt 0.480315 0.934114
vt 0.469520 0.934114
vt 0.491110 0.934114
vt 0.501905 0.934114
vt 0.512699 0.934114
vt 0.480315 0.930916
vt 0.469520 0.930916
vt 0.491110 0.930916
vt 0.501904 0.930916
vt 0.512699 0.930916
vt 0.469520 0.992711
vt 0.480315 0.992711
vt 0.491110 0.992711
vt 0.501904 0.992711
vt 0.512699 0.992711
vt 0.197984 0.973657
vt 0.194317 0.982509
vt 0.206836 0.969990
vt 0.215688 0.973657
vt 0.219355 0.982509
vt 0.578185 0.943505
vt 0.588531 0.943505
vt 0.588531 0.935764
vt 0.578185 0.935764
vt 0.567839 0.943505
vt 0.567839 0.935764
vt 0.598877 0.943505
vt 0.609222 0.943505
vt 0.609222 0.935764
vt 0.598877 0.935764
vt 0.609222 0.926608
vt 0.598877 0.926608
vt 0.588531 0.926608
vt 0.578185 0.926608
vt 0.567839 0.926608
vt 0.654818 0.926091
vt 0.649428 0.926091
vt 0.649428 0.930309
vt 0.654818 0.930309
vt 0.660208 0.926091
vt 0.660208 0.930309
vt 0.665597 0.926091
vt 0.665597 0.930309
vt 0.670987 0.926091
vt 0.670987 0.930309
vt 0.701481 0.956340
vt 0.699365 0.956342
vt 0.694055 0.969161
vt 0.695552 0.970656
vt 0.681236 0.974470
vt 0.681237 0.976586
vt 0.668417 0.969160
vt 0.666921 0.970657
vt 0.663106 0.956340
vt 0.660990 0.956342
vt 0.571832 0.992438
vt 0.585226 0.992438
vt 0.585226 0.952293
vt 0.571832 0.952293
vt 0.598620 0.992438
vt 0.598620 0.952294
vt 0.612013 0.992438
vt 0.612013 0.952294
vt 0.625408 0.992438
vt 0.625408 0.952294
vt 0.790514 0.730664
vt 0.790514 0.723820
vt 0.785963 0.723820
vt 0.785963 0.730664
vt 0.795065 0.723820
vt 0.795065 0.730664
vt 0.799616 0.723820
vt 0.799616 0.730664
vt 0.804167 0.723820
vt 0.804167 0.730664
vt 0.381509 0.918208
vt 0.707795 0.918208
vt 0.707795 0.906978
vt 0.381509 0.906978
vt 0.378445 0.900037
vt 0.704731 0.900037
vt 0.704731 0.884457
vt 0.378445 0.884457
vt 0.714262 0.918208
vt 0.729842 0.918208
vt 0.729842 0.906978
vt 0.714262 0.906978
vt 0.358988 0.918208
vt 0.374568 0.918208
vt 0.374568 0.906978
vt 0.358988 0.906978
vt 0.366277 0.611884
vt 0.366277 0.790344
vt 0.690749 0.790344
vt 0.690749 0.611885
vt 0.740475 0.464641
vt 0.990822 0.464641
vt 0.990822 0.334246
vt 0.740475 0.334246
vt 0.543085 0.596169
vt 0.721544 0.596169
vt 0.721544 0.427167
vt 0.543085 0.427167
vt 0.009178 0.596169
vt 0.187637 0.596169
vt 0.187637 0.427167
vt 0.009178 0.427167
vt 0.244143 0.052603
vt 0.244143 0.141833
vt 0.406378 0.141833
vt 0.406378 0.052603
vt 0.035635 0.632185
vt 0.035636 0.906968
vt 0.324867 0.906968
vt 0.324867 0.632185
vt 0.220208 0.036483
vt 0.202588 0.012120
vt 0.187637 0.012120
vt 0.009178 0.012120
vt 0.990822 0.014015
vt 0.740475 0.014015
vt 0.721544 0.012120
vt 0.543085 0.012120
vt 0.509440 0.036483
vt 0.527060 0.012120
vt 0.011051 0.632185
vt 0.011052 0.906968
vt 0.027044 0.906968
vt 0.027044 0.632185
vt 0.035636 0.914700
vt 0.035636 0.930692
vt 0.324867 0.930692
vt 0.324867 0.914700
vt 0.349781 0.906968
vt 0.349780 0.632185
vt 0.333788 0.632185
vt 0.333788 0.906968
vt 0.035635 0.624419
vt 0.324867 0.624419
vt 0.324867 0.608426
vt 0.035635 0.608426
vt 0.439300 0.159562
vt 0.237752 0.159562
s 1
usemtl m0
f 1/1/1 2/2/2 3/3/3
f 4/4/4 1/1/1 3/3/3
f 5/5/5 4/4/4 3/3/3
f 6/6/6 5/5/5 3/3/3
s 0
f 7/7/7 8/8/7 9/9/7
f 8/8/7 10/10/7 9/9/7
f 10/10/7 11/11/7 9/9/7
f 11/11/7 12/12/7 9/9/7
f 13/13/7 14/14/7 15/15/7
f 14/14/7 16/16/7 15/15/7
f 16/16/7 17/17/7 15/15/7
f 17/17/7 18/18/7 15/15/7
f 19/19/7 20/20/7 21/21/7
f 20/20/7 22/22/7 21/21/7
f 22/22/7 23/23/7 21/21/7
f 23/23/7 24/24/7 21/21/7
s 1
f 25/25/8 26/26/9 27/27/10
f 28/28/11 25/25/8 27/27/10
f 29/29/12 28/28/11 27/27/10
f 30/30/13 29/29/12 27/27/10
s 0
f 31/19/7 32/20/7 33/21/7
f 32/20/7 34/22/7 33/21/7
f 34/22/7 35/23/7 33/21/7
f 35/23/7 36/24/7 33/21/7
s 1
f 37/25/8 38/26/9 39/27/10
f 40/28/11 37/25/8 39/27/10
f 41/29/12 40/28/11 39/27/10
f 42/30/13 41/29/12 39/27/10
f 43/31/1 44/32/2 45/33/3
f 46/34/4 43/31/1 45/33/3
f 47/35/5 46/34/4 45/33/3
f 48/36/6 47/35/5 45/33/3
s 0
f 49/37/7 50/38/7 51/39/7
f 50/38/7 52/40/7 51/39/7
f 52/40/7 53/41/7 51/39/7
f 53/41/7 54/42/7 51/39/7
f 55/43/7 56/44/7 57/45/7
f 56/44/7 58/46/7 57/45/7
f 58/46/7 59/47/7 57/45/7
f 59/47/7 60/48/7 57/45/7
s 1
f 61/31/1 62/32/2 63/33/3
f 64/34/4 61/31/1 63/33/3
f 65/35/5 64/34/4 63/33/3
f 66/36/6 65/35/5 63/33/3
s 0
f 67/37/7 68/38/7 69/39/7
f 68/38/7 70/40/7 69/39/7
f 70/40/7 71/41/7 69/39/7
f 71/41/7 72/42/7 69/39/7
f 73/43/7 74/44/7 75/45/7
f 74/44/7 76/46/7 75/45/7
f 76/46/7 77/47/7 75/45/7
f 77/47/7 78/48/7 75/45/7
f 79/49/7 80/50/7 81/51/7
f 80/50/7 82/52/7 81/51/7
f 82/52/7 83/53/7 81/51/7
f 83/53/7 84/54/7 81/51/7
s 1
f 85/55/14 86/56/9 87/57/10
f 88/58/11 85/55/14 87/57/10
f 89/59/12 88/58/11 87/57/10
f 90/60/13 89/59/12 87/57/10
f 91/1/1 92/2/2 93/3/3
f 94/4/4 91/1/1 93/3/3
f 95/5/5 94/4/4 93/3/3
f 96/6/6 95/5/5 93/3/3
s 0
f 97/7/7 98/8/7 99/9/7
f 98/8/7 100/10/7 99/9/7
f 100/10/7 101/11/7 99/9/7
f 101/11/7 102/12/7 99/9/7
f 103/13/7 104/14/7 105/15/7
f 104/14/7 106/16/7 105/15/7
f 106/16/7 107/17/7 105/15/7
f 107/17/7 108/18/7 105/15/7
s 1
f 109/1/1 110/2/2 111/3/3
f 112/4/4 109/1/1 111/3/3
f 113/5/5 112/4/4 111/3/3
f 114/6/6 113/5/5 111/3/3
s 0
f 115/7/7 116/8/7 117/9/7
f 116/8/7 118/10/7 117/9/7
f 118/10/7 119/11/7 117/9/7
f 119/11/7 120/12/7 117/9/7
f 121/13/7 122/14/7 123/15/7
f 122/14/7 124/16/7 123/15/7
f 124/16/7 125/17/7 123/15/7
f 125/17/7 126/18/7 123/15/7
s 1
f 127/31/1 128/32/2 129/33/3
f 130/34/4 127/31/1 129/33/3
f 131/35/5 130/34/4 129/33/3
f 132/36/6 131/35/5 129/33/3
s 0
f 133/37/7 134/38/7 135/39/7
f 134/38/7 136/40/7 135/39/7
f 136/40/7 137/41/7 135/39/7
f 137/41/7 138/42/7 135/39/7
f 139/43/7 140/44/7 141/45/7
f 140/44/7 142/46/7 141/45/7
f 142/46/7 143/47/7 141/45/7
f 143/47/7 144/48/7 141/45/7
s 1
f 145/61/1 146/62/2 147/63/3
f 148/64/4 145/61/1 147/63/3
f 149/65/5 148/64/4 147/63/3
f 150/66/6 149/65/5 147/63/3
s 0
f 151/67/7 152/68/7 153/69/7
f 152/68/7 154/70/7 153/69/7
f 154/70/7 155/71/7 153/69/7
f 155/71/7 156/72/7 153/69/7
f 157/73/7 158/74/7 159/75/7
f 158/74/7 160/76/7 159/75/7
f 160/76/7 161/77/7 159/75/7
f 161/77/7 162/78/7 159/75/7
s 1
f 163/31/1 164/32/2 165/33/3
f 166/34/4 163/31/1 165/33/3
f 167/35/5 166/34/4 165/33/3
f 168/36/6 167/35/5 165/33/3
s 0
f 169/37/7 170/38/7 171/39/7
f 170/38/7 172/40/7 171/39/7
f 172/40/7 173/41/7 171/39/7
f 173/41/7 174/42/7 171/39/7
f 175/43/7 176/44/7 177/45/7
f 176/44/7 178/46/7 177/45/7
f 178/46/7 179/47/7 177/45/7
f 179/47/7 180/48/7 177/45/7
s 1
f 181/31/1 182/32/2 183/33/3
f 184/34/4 181/31/1 183/33/3
f 185/35/5 184/34/4 183/33/3
f 186/36/6 185/35/5 183/33/3
s 0
f 187/37/7 188/38/7 189/39/7
f 188/38/7 190/40/7 189/39/7
f 190/40/7 191/41/7 189/39/7
f 191/41/7 192/42/7 189/39/7
f 193/43/7 194/44/7 195/45/7
f 194/44/7 196/46/7 195/45/7
f 196/46/7 197/47/7 195/45/7
f 197/47/7 198/48/7 195/45/7
s 1
f 199/31/1 200/32/2 201/33/3
f 202/34/4 199/31/1 201/33/3
f 203/35/5 202/34/4 201/33/3
f 204/36/6 203/35/5 201/33/3
s 0
f 205/37/7 206/38/7 207/39/7
f 206/38/7 208/40/7 207/39/7
f 208/40/7 209/41/7 207/39/7
f 209/41/7 210/42/7 207/39/7
f 211/43/7 212/44/7 213/45/7
f 212/44/7 214/46/7 213/45/7
f 214/46/7 215/47/7 213/45/7
f 215/47/7 216/48/7 213/45/7
s 1
f 217/61/1 218/62/2 219/63/3
f 220/64/4 217/61/1 219/63/3
f 221/65/5 220/64/4 219/63/3
f 222/66/6 221/65/5 219/63/3
s 0
f 223/67/7 224/68/7 225/69/7
f 224/68/7 226/70/7 225/69/7
f 226/70/7 227/71/7 225/69/7
f 227/71/7 228/72/7 225/69/7
f 229/73/7 230/74/7 231/75/7
f 230/74/7 232/76/7 231/75/7
f 232/76/7 233/77/7 231/75/7
f 233/77/7 234/78/7 231/75/7
f 235/79/15 236/80/15 237/81/15
f 238/82/7 239/83/7 240/84/7
f 241/85/15 242/86/15 243/87/15
f 244/88/7 245/89/7 246/90/7
f 247/91/16 248/92/16 249/93/16
f 250/94/17 251/95/17 252/96/17
f 253/97/17 254/98/17 255/99/17
f 256/100/16 257/101/16 258/102/16
f 259/103/15 260/104/15 261/105/15
f 262/106/15 259/103/15 261/105/15
f 263/107/15 262/106/15 261/105/15
f 264/108/15 263/107/15 261/105/15
f 265/109/15 264/108/15 261/105/15
f 266/110/15 265/109/15 261/105/15
f 267/111/15 266/110/15 261/105/15
f 260/104/15 267/111/15 261/105/15
f 268/112/7 269/113/7 270/114/7
f 269/113/7 271/115/7 270/114/7
f 271/115/7 272/116/7 270/114/7
f 272/116/7 273/117/7 270/114/7
f 273/117/7 274/118/7 270/114/7
f 274/118/7 275/119/7 270/114/7
f 275/119/7 276/120/7 270/114/7
f 276/120/7 268/112/7 270/114/7
f 277/103/15 278/104/15 279/105/15
f 280/106/15 277/103/15 279/105/15
f 281/107/15 280/106/15 279/105/15
f 282/108/15 281/107/15 279/105/15
f 283/109/15 282/108/15 279/105/15
f 284/110/15 283/109/15 279/105/15
f 285/111/15 284/110/15 279/105/15
f 278/104/15 285/111/15 279/105/15
f 286/112/7 287/113/7 288/114/7
f 287/113/7 289/115/7 288/114/7
f 289/115/7 290/116/7 288/114/7
f 290/116/7 291/117/7 288/114/7
f 291/117/7 292/118/7 288/114/7
f 292/118/7 293/119/7 288/114/7
f 293/119/7 294/120/7 288/114/7
f 294/120/7 286/112/7 288/114/7
f 295/121/7 296/122/7 297/123/7
f 296/122/7 298/124/7 297/123/7
f 298/124/7 299/125/7 297/123/7
f 299/125/7 300/126/7 297/123/7
s 1
f 301/127/8 302/128/9 303/129/10
f 304/130/11 301/127/8 303/129/10
f 305/131/12 304/130/11 303/129/10
f 306/132/13 305/131/12 303/129/10
s 0
f 307/103/15 308/104/15 309/105/15
f 310/106/15 307/103/15 309/105/15
f 311/107/15 310/106/15 309/105/15
f 312/108/15 311/107/15 309/105/15
f 313/109/15 312/108/15 309/105/15
f 314/110/15 313/109/15 309/105/15
f 315/111/15 314/110/15 309/105/15
f 308/104/15 315/111/15 309/105/15
f 316/112/7 317/113/7 318/114/7
f 317/113/7 319/115/7 318/114/7
f 319/115/7 320/116/7 318/114/7
f 320/116/7 321/117/7 318/114/7
f 321/117/7 322/118/7 318/114/7
f 322/118/7 323/119/7 318/114/7
f 323/119/7 324/120/7 318/114/7
f 324/120/7 316/112/7 318/114/7
f 325/133/7 326/134/7 327/135/7
f 326/134/7 328/136/7 327/135/7
f 328/136/7 329/137/7 327/135/7
f 329/137/7 330/138/7 327/135/7
s 1
f 331/139/14 332/140/9 333/141/10
f 334/142/11 331/139/14 333/141/10
f 335/143/12 334/142/11 333/141/10
f 336/144/13 335/143/12 333/141/10
s 0
f 337/133/7 338/134/7 339/135/7
f 338/134/7 340/136/7 339/135/7
f 340/136/7 341/137/7 339/135/7
f 341/137/7 342/138/7 339/135/7
s 1
f 343/139/14 344/140/9 345/141/10
f 346/142/11 343/139/14 345/141/10
f 347/143/12 346/142/11 345/141/10
f 348/144/13 347/143/12 345/141/10
s 0
f 349/121/7 350/122/7 351/123/7
f 350/122/7 352/124/7 351/123/7
f 352/124/7 353/125/7 351/123/7
f 353/125/7 354/126/7 351/123/7
s 1
f 355/127/8 356/128/9 357/129/10
f 358/130/11 355/127/8 357/129/10
f 359/131/12 358/130/11 357/129/10
f 360/132/13 359/131/12 357/129/10
s 0
f 361/133/7 362/134/7 363/135/7
f 362/134/7 364/136/7 363/135/7
f 364/136/7 365/137/7 363/135/7
f 365/137/7 366/138/7 363/135/7
s 1
f 367/139/14 368/140/9 369/141/10
f 370/142/11 367/139/14 369/141/10
f 371/143/12 370/142/11 369/141/10
f 372/144/13 371/143/12 369/141/10
s 0
f 373/103/15 374/104/15 375/105/15
f 376/106/15 373/103/15 375/105/15
f 377/107/15 376/106/15 375/105/15
f 378/108/15 377/107/15 375/105/15
f 379/109/15 378/108/15 375/105/15
f 380/110/15 379/109/15 375/105/15
f 381/111/15 380/110/15 375/105/15
f 374/104/15 381/111/15 375/105/15
f 382/112/7 383/113/7 384/114/7
f 383/113/7 385/115/7 384/114/7
f 385/115/7 386/116/7 384/114/7
f 386/116/7 387/117/7 384/114/7
f 387/117/7 388/118/7 384/114/7
f 388/118/7 389/119/7 384/114/7
f 389/119/7 390/120/7 384/114/7
f 390/120/7 382/112/7 384/114/7
s 1
f 391/145/1 392/146/2 393/147/3
f 394/148/4 391/145/1 393/147/3
f 395/149/5 394/148/4 393/147/3
f 396/150/6 395/149/5 393/147/3
s 0
f 397/151/7 398/152/7 399/153/7
f 398/152/7 400/154/7 399/153/7
f 400/154/7 401/155/7 399/153/7
f 401/155/7 402/156/7 399/153/7
f 403/157/7 404/158/7 405/159/7
f 404/158/7 406/160/7 405/159/7
f 406/160/7 407/161/7 405/159/7
f 407/161/7 408/162/7 405/159/7
s 1
f 409/31/1 410/32/2 411/33/3
f 412/34/4 409/31/1 411/33/3
f 413/35/5 412/34/4 411/33/3
f 414/36/6 413/35/5 411/33/3
s 0
f 415/37/7 416/38/7 417/39/7
f 416/38/7 418/40/7 417/39/7
f 418/40/7 419/41/7 417/39/7
f 419/41/7 420/42/7 417/39/7
f 421/43/7 422/44/7 423/45/7
f 422/44/7 424/46/7 423/45/7
f 424/46/7 425/47/7 423/45/7
f 425/47/7 426/48/7 423/45/7
s 1
f 427/61/1 428/62/2 429/63/3
f 430/64/4 427/61/1 429/63/3
f 431/65/5 430/64/4 429/63/3
f 432/66/6 431/65/5 429/63/3
s 0
f 433/67/7 434/68/7 435/69/7
f 434/68/7 436/70/7 435/69/7
f 436/70/7 437/71/7 435/69/7
f 437/71/7 438/72/7 435/69/7
f 439/73/7 440/74/7 441/75/7
f 440/74/7 442/76/7 441/75/7
f 442/76/7 443/77/7 441/75/7
f 443/77/7 444/78/7 441/75/7
f 445/49/7 446/50/7 447/51/7
f 446/50/7 448/52/7 447/51/7
f 448/52/7 449/53/7 447/51/7
f 449/53/7 450/54/7 447/51/7
s 1
f 451/55/14 452/56/9 453/57/10
f 454/58/11 451/55/14 453/57/10
f 455/59/12 454/58/11 453/57/10
f 456/60/13 455/59/12 453/57/10
s 0
f 457/121/7 458/122/7 459/123/7
f 458/122/7 460/124/7 459/123/7
f 460/124/7 461/125/7 459/123/7
f 461/125/7 462/126/7 459/123/7
s 1
f 463/127/14 464/128/9 465/129/10
f 466/130/11 463/127/14 465/129/10
f 467/131/12 466/130/11 465/129/10
f 468/132/13 467/131/12 465/129/10
s 0
f 469/49/7 470/50/7 471/51/7
f 470/50/7 472/52/7 471/51/7
f 472/52/7 473/53/7 471/51/7
f 473/53/7 474/54/7 471/51/7
s 1
f 475/55/14 476/56/9 477/57/10
f 478/58/11 475/55/14 477/57/10
f 479/59/12 478/58/11 477/57/10
f 480/60/13 479/59/12 477/57/10
s 0
f 481/19/7 482/20/7 483/21/7
f 482/20/7 484/22/7 483/21/7
f 484/22/7 485/23/7 483/21/7
f 485/23/7 486/24/7 483/21/7
s 1
f 487/25/14 488/26/9 489/27/10
f 490/28/11 487/25/14 489/27/10
f 491/29/12 490/28/11 489/27/10
f 492/30/13 491/29/12 489/27/10
f 493/163/18 494/164/19 495/165/19
f 496/166/19 497/167/20 498/168/19
s 0
f 499/169/19 494/164/19 500/170/19
f 501/171/19 502/172/19 496/166/19
s 1
f 496/166/19 502/172/19 497/167/20
s 0
f 503/173/16 504/174/16 505/175/16
f 506/176/17 507/177/17 508/178/17
s 1
f 500/170/19 494/164/19 493/163/18
s 0
f 509/79/15 510/80/15 511/81/15
f 512/82/7 513/83/7 514/84/7
f 515/85/15 516/86/15 517/87/15
f 518/88/7 519/89/7 520/90/7
f 521/91/16 522/92/16 523/93/16
f 524/94/17 525/95/17 526/96/17
f 527/97/17 528/98/17 529/99/17
f 530/100/16 531/101/16 532/102/16
f 533/79/15 534/80/15 535/81/15
f 536/82/7 537/83/7 538/84/7
f 539/85/15 540/86/15 541/87/15
f 542/88/7 543/89/7 544/90/7
f 545/91/16 546/92/16 547/93/16
f 548/94/17 549/95/17 550/96/17
f 551/97/17 552/98/17 553/99/17
f 554/100/16 555/101/16 556/102/16
s 1
f 557/179/21 558/180/22 559/181/23
f 557/179/21 559/181/23 560/182/24
f 561/183/25 557/179/21 560/182/24
f 561/183/25 560/182/24 562/184/26
f 563/185/27 564/186/28 565/187/29
f 563/185/27 565/187/29 566/188/30
f 558/180/22 563/185/27 566/188/30
f 558/180/22 566/188/30 559/181/23
f 566/188/30 565/187/29 567/189/31
f 566/188/30 567/189/31 568/190/32
f 559/181/23 566/188/30 568/190/32
f 559/181/23 568/190/32 569/191/33
f 560/182/24 559/181/23 569/191/33
f 560/182/24 569/191/33 570/192/34
f 562/184/26 560/182/24 570/192/34
f 562/184/26 570/192/34 571/193/35
f 572/194/36 573/195/37 574/196/37
f 572/194/36 574/196/37 575/197/36
f 576/198/19 572/194/36 575/197/36
f 576/198/19 575/197/36 577/199/19
f 578/200/38 576/198/19 577/199/19
f 578/200/38 577/199/19 579/201/38
f 580/202/39 578/200/38 579/201/38
f 580/202/39 579/201/38 581/203/39
f 582/204/40 583/205/41 584/206/42
f 582/204/40 584/206/42 585/207/43
f 585/207/43 584/206/42 586/208/44
f 585/207/43 586/208/44 587/209/45
f 587/209/45 586/208/44 588/210/46
f 587/209/45 588/210/46 589/211/47
f 589/211/47 588/210/46 590/212/48
f 589/211/47 590/212/48 591/213/49
f 592/214/40 593/215/43 594/216/21
f 592/214/40 594/216/21 595/217/25
f 593/215/43 596/218/45 597/219/50
f 593/215/43 597/219/50 594/216/21
f 597/219/50 596/218/45 598/220/51
f 597/219/50 598/220/51 599/221/52
f 598/220/51 600/222/49 601/223/53
f 598/220/51 601/223/53 599/221/52
f 584/206/42 583/205/41 2/2/2
f 584/206/42 2/2/2 1/1/1
f 586/208/44 584/206/42 1/1/1
f 586/208/44 1/1/1 4/4/4
f 588/210/46 586/208/44 4/4/4
f 588/210/46 4/4/4 5/5/5
f 590/212/48 588/210/46 5/5/5
f 590/212/48 5/5/5 6/6/6
f 602/224/36 603/225/36 604/226/37
f 602/224/36 604/226/37 605/227/37
f 606/228/19 603/225/36 602/224/36
f 606/228/19 602/224/36 607/229/19
f 608/230/38 606/228/19 607/229/19
f 608/230/38 607/229/19 609/231/38
f 610/232/39 608/230/38 609/231/38
f 610/232/39 609/231/38 611/233/39
f 612/234/54 613/235/55 614/236/56
f 612/234/54 614/236/56 615/237/57
f 613/235/55 616/238/58 617/239/59
f 613/235/55 617/239/59 614/236/56
f 616/238/58 618/240/60 619/241/61
f 616/238/58 619/241/61 617/239/59
f 618/240/60 620/242/62 621/243/63
f 618/240/60 621/243/63 619/241/61
f 615/237/57 614/236/56 622/244/64
f 615/237/57 622/244/64 623/245/65
f 614/236/56 617/239/59 624/246/66
f 614/236/56 624/246/66 622/244/64
f 617/239/59 619/241/61 625/247/67
f 617/239/59 625/247/67 624/246/66
f 619/241/61 621/243/63 626/248/68
f 619/241/61 626/248/68 625/247/67
f 623/245/65 622/244/64 627/249/36
f 623/245/65 627/249/36 628/250/37
f 622/244/64 624/246/66 629/251/19
f 622/244/64 629/251/19 627/249/36
f 624/246/66 625/247/67 630/252/38
f 624/246/66 630/252/38 629/251/19
f 625/247/67 626/248/68 631/253/39
f 625/247/67 631/253/39 630/252/38
f 613/235/55 612/234/54 632/254/69
f 613/235/55 632/254/69 633/255/70
f 616/238/58 613/235/55 633/255/70
f 616/238/58 633/255/70 634/256/71
f 618/240/60 616/238/58 634/256/71
f 618/240/60 634/256/71 635/257/72
f 620/242/62 618/240/60 635/257/72
f 620/242/62 635/257/72 636/258/73
f 637/259/74 638/260/69 26/26/9
f 637/259/74 26/26/9 25/25/8
f 639/261/75 637/259/74 25/25/8
f 639/261/75 25/25/8 28/28/11
f 640/262/76 639/261/75 28/28/11
f 640/262/76 28/28/11 29/29/12
f 641/263/77 640/262/76 29/29/12
f 641/263/77 29/29/12 30/30/13
f 642/234/54 643/235/55 644/236/56
f 642/234/54 644/236/56 645/237/57
f 643/235/55 646/238/58 647/239/59
f 643/235/55 647/239/59 644/236/56
f 646/238/58 648/240/60 649/241/61
f 646/238/58 649/241/61 647/239/59
f 648/240/60 650/242/62 651/243/63
f 648/240/60 651/243/63 649/241/61
f 645/237/57 644/236/56 652/244/64
f 645/237/57 652/244/64 653/245/78
f 644/236/56 647/239/59 654/246/66
f 644/236/56 654/246/66 652/244/64
f 647/239/59 649/241/61 655/247/67
f 647/239/59 655/247/67 654/246/66
f 649/241/61 651/243/63 656/248/68
f 649/241/61 656/248/68 655/247/67
f 653/245/78 652/244/64 657/249/36
f 653/245/78 657/249/36 658/250/37
f 652/244/64 654/246/66 659/251/19
f 652/244/64 659/251/19 657/249/36
f 654/246/66 655/247/67 660/252/38
f 654/246/66 660/252/38 659/251/19
f 655/247/67 656/248/68 661/253/39
f 655/247/67 661/253/39 660/252/38
f 643/235/55 642/234/54 662/254/79
f 643/235/55 662/254/79 663/255/70
f 646/238/58 643/235/55 663/255/70
f 646/238/58 663/255/70 664/256/71
f 648/240/60 646/238/58 664/256/71
f 648/240/60 664/256/71 665/257/72
f 650/242/62 648/240/60 665/257/72
f 650/242/62 665/257/72 666/258/73
f 667/259/74 668/260/69 38/26/9
f 667/259/74 38/26/9 37/25/8
f 669/261/75 667/259/74 37/25/8
f 669/261/75 37/25/8 40/28/11
f 670/262/76 669/261/75 40/28/11
f 670/262/76 40/28/11 41/29/12
f 671/263/77 670/262/76 41/29/12
f 671/263/77 41/29/12 42/30/13
f 672/264/21 673/265/50 674/266/23
f 672/264/21 674/266/23 675/267/24
f 676/268/80 672/264/21 675/267/24
f 676/268/80 675/267/24 677/269/81
f 678/270/27 679/271/28 680/272/82
f 678/270/27 680/272/82 681/273/30
f 673/265/50 678/270/27 681/273/30
f 673/265/50 681/273/30 674/266/23
f 681/273/30 680/272/82 682/274/31
f 681/273/30 682/274/31 683/275/32
f 674/266/23 681/273/30 683/275/32
f 674/266/23 683/275/32 684/276/33
f 675/267/24 674/266/23 684/276/33
f 675/267/24 684/276/33 685/277/83
f 677/269/81 675/267/24 685/277/83
f 677/269/81 685/277/83 686/278/35
f 687/279/36 688/280/37 689/281/37
f 687/279/36 689/281/37 690/282/36
f 691/283/19 687/279/36 690/282/36
f 691/283/19 690/282/36 692/284/19
f 693/285/38 691/283/19 692/284/19
f 693/285/38 692/284/19 694/286/38
f 695/287/39 693/285/38 694/286/38
f 695/287/39 694/286/38 696/288/39
f 697/289/84 698/290/85 699/291/42
f 697/289/84 699/291/42 700/292/86
f 700/292/86 699/291/42 701/293/44
f 700/292/86 701/293/44 702/294/45
f 702/294/45 701/293/44 703/295/46
f 702/294/45 703/295/46 704/296/47
f 704/296/47 703/295/46 705/297/48
f 704/296/47 705/297/48 706/298/49
f 707/299/40 708/300/43 709/301/21
f 707/299/40 709/301/21 710/302/25
f 708/300/43 711/303/45 712/304/50
f 708/300/43 712/304/50 709/301/21
f 712/304/50 711/303/45 713/305/51
f 712/304/50 713/305/51 714/306/52
f 713/305/51 715/307/49 716/308/53
f 713/305/51 716/308/53 714/306/52
f 699/291/42 698/290/85 44/32/2
f 699/291/42 44/32/2 43/31/1
f 701/293/44 699/291/42 43/31/1
f 701/293/44 43/31/1 46/34/4
f 703/295/46 701/293/44 46/34/4
f 703/295/46 46/34/4 47/35/5
f 705/297/48 703/295/46 47/35/5
f 705/297/48 47/35/5 48/36/6
f 717/309/36 718/310/36 719/311/37
f 717/309/36 719/311/37 720/312/37
f 721/313/19 718/310/36 717/309/36
f 721/313/19 717/309/36 722/314/19
f 723/315/38 721/313/19 722/314/19
f 723/315/38 722/314/19 724/316/38
f 725/317/39 723/315/38 724/316/38
f 725/317/39 724/316/38 726/318/39
f 727/264/21 728/265/50 729/266/23
f 727/264/21 729/266/23 730/267/24
f 731/268/25 727/264/21 730/267/24
f 731/268/25 730/267/24 732/269/26
f 733/270/27 734/271/28 735/272/29
f 733/270/27 735/272/29 736/273/30
f 728/265/50 733/270/27 736/273/30
f 728/265/50 736/273/30 729/266/23
f 736/273/30 735/272/29 737/274/31
f 736/273/30 737/274/31 738/275/32
f 729/266/23 736/273/30 738/275/32
f 729/266/23 738/275/32 739/276/33
f 730/267/24 729/266/23 739/276/33
f 730/267/24 739/276/33 740/277/83
f 732/269/26 730/267/24 740/277/83
f 732/269/26 740/277/83 741/278/35
f 742/279/36 743/280/37 744/281/37
f 742/279/36 744/281/37 745/282/36
f 746/283/19 742/279/36 745/282/36
f 746/283/19 745/282/36 747/284/19
f 748/285/38 746/283/19 747/284/19
f 748/285/38 747/284/19 749/286/38
f 750/287/39 748/285/38 749/286/38
f 750/287/39 749/286/38 751/288/39
f 752/289/84 753/290/85 754/291/42
f 752/289/84 754/291/42 755/292/86
f 755/292/86 754/291/42 756/293/44
f 755/292/86 756/293/44 757/294/87
f 757/294/87 756/293/44 758/295/46
f 757/294/87 758/295/46 759/296/47
f 759/296/47 758/295/46 760/297/48
f 759/296/47 760/297/48 761/298/49
f 762/299/40 763/300/43 764/301/21
f 762/299/40 764/301/21 765/302/25
f 763/300/43 766/303/45 767/304/50
f 763/300/43 767/304/50 764/301/21
f 767/304/50 766/303/45 768/305/51
f 767/304/50 768/305/51 769/306/52
f 768/305/51 770/307/49 771/308/53
f 768/305/51 771/308/53 769/306/52
f 754/291/42 753/290/85 62/32/2
f 754/291/42 62/32/2 61/31/1
f 756/293/44 754/291/42 61/31/1
f 756/293/44 61/31/1 64/34/4
f 758/295/46 756/293/44 64/34/4
f 758/295/46 64/34/4 65/35/5
f 760/297/48 758/295/46 65/35/5
f 760/297/48 65/35/5 66/36/6
f 772/309/36 773/310/36 774/311/37
f 772/309/36 774/311/37 775/312/37
f 776/313/19 773/310/36 772/309/36
f 776/313/19 772/309/36 777/314/19
f 778/315/38 776/313/19 777/314/19
f 778/315/38 777/314/19 779/316/38
f 780/317/39 778/315/38 779/316/38
f 780/317/39 779/316/38 781/318/39
f 782/319/88 783/320/89 784/321/90
f 782/319/88 784/321/90 785/322/91
f 783/320/89 786/323/92 787/324/93
f 783/320/89 787/324/93 784/321/90
f 786/323/92 788/325/94 789/326/95
f 786/323/92 789/326/95 787/324/93
f 788/325/94 790/327/96 791/328/97
f 788/325/94 791/328/97 789/326/95
f 785/322/91 784/321/90 792/329/98
f 785/322/91 792/329/98 793/330/99
f 784/321/90 787/324/93 794/331/66
f 784/321/90 794/331/66 792/329/98
f 787/324/93 789/326/95 795/332/67
f 787/324/93 795/332/67 794/331/66
f 789/326/95 791/328/97 796/333/68
f 789/326/95 796/333/68 795/332/67
f 793/330/99 792/329/98 797/334/36
f 793/330/99 797/334/36 798/335/37
f 792/329/98 794/331/66 799/336/19
f 792/329/98 799/336/19 797/334/36
f 794/331/66 795/332/67 800/337/38
f 794/331/66 800/337/38 799/336/19
f 795/332/67 796/333/68 801/338/39
f 795/332/67 801/338/39 800/337/38
f 783/320/89 782/319/88 802/339/79
f 783/320/89 802/339/79 803/340/70
f 786/323/92 783/320/89 803/340/70
f 786/323/92 803/340/70 804/341/71
f 788/325/94 786/323/92 804/341/71
f 788/325/94 804/341/71 805/342/72
f 790/327/96 788/325/94 805/342/72
f 790/327/96 805/342/72 806/343/73
f 807/344/74 808/345/69 86/56/9
f 807/344/74 86/56/9 85/55/14
f 809/346/75 807/344/74 85/55/14
f 809/346/75 85/55/14 88/58/11
f 810/347/76 809/346/75 88/58/11
f 810/347/76 88/58/11 89/59/12
f 811/348/77 810/347/76 89/59/12
f 811/348/77 89/59/12 90/60/13
f 812/179/21 813/180/22 814/181/23
f 812/179/21 814/181/23 815/182/24
f 816/183/25 812/179/21 815/182/24
f 816/183/25 815/182/24 817/184/26
f 818/185/27 819/186/28 820/187/29
f 818/185/27 820/187/29 821/188/30
f 813/180/22 818/185/27 821/188/30
f 813/180/22 821/188/30 814/181/23
f 821/188/30 820/187/29 822/189/31
f 821/188/30 822/189/31 823/190/32
f 814/181/23 821/188/30 823/190/32
f 814/181/23 823/190/32 824/191/33
f 815/182/24 814/181/23 824/191/33
f 815/182/24 824/191/33 825/192/34
f 817/184/26 815/182/24 825/192/34
f 817/184/26 825/192/34 826/193/35
f 827/194/36 828/195/37 829/196/37
f 827/194/36 829/196/37 830/197/36
f 831/198/19 827/194/36 830/197/36
f 831/198/19 830/197/36 832/199/19
f 833/200/38 831/198/19 832/199/19
f 833/200/38 832/199/19 834/201/38
f 835/202/39 833/200/38 834/201/38
f 835/202/39 834/201/38 836/203/39
f 837/204/40 838/205/41 839/206/42
f 837/204/40 839/206/42 840/207/86
f 840/207/86 839/206/42 841/208/44
f 840/207/86 841/208/44 842/209/45
f 842/209/45 841/208/44 843/210/46
f 842/209/45 843/210/46 844/211/47
f 844/211/47 843/210/46 845/212/48
f 844/211/47 845/212/48 846/213/49
f 847/214/40 848/215/43 849/216/21
f 847/214/40 849/216/21 850/217/25
f 848/215/43 851/218/45 852/219/50
f 848/215/43 852/219/50 849/216/21
f 852/219/50 851/218/45 853/220/51
f 852/219/50 853/220/51 854/221/52
f 853/220/51 855/222/49 856/223/53
f 853/220/51 856/223/53 854/221/52
f 839/206/42 838/205/41 92/2/2
f 839/206/42 92/2/2 91/1/1
f 841/208/44 839/206/42 91/1/1
f 841/208/44 91/1/1 94/4/4
f 843/210/46 841/208/44 94/4/4
f 843/210/46 94/4/4 95/5/5
f 845/212/48 843/210/46 95/5/5
f 845/212/48 95/5/5 96/6/6
f 857/224/36 858/225/36 859/226/37
f 857/224/36 859/226/37 860/227/37
f 861/228/19 858/225/36 857/224/36
f 861/228/19 857/224/36 862/229/19
f 863/230/38 861/228/19 862/229/19
f 863/230/38 862/229/19 864/231/38
f 865/232/39 863/230/38 864/231/38
f 865/232/39 864/231/38 866/233/39
f 867/179/21 868/180/22 869/181/23
f 867/179/21 869/181/23 870/182/24
f 871/183/80 867/179/21 870/182/24
f 871/183/80 870/182/24 872/184/81
f 873/185/27 874/186/28 875/187/29
f 873/185/27 875/187/29 876/188/30
f 868/180/22 873/185/27 876/188/30
f 868/180/22 876/188/30 869/181/23
f 876/188/30 875/187/29 877/189/31
f 876/188/30 877/189/31 878/190/32
f 869/181/23 876/188/30 878/190/32
f 869/181/23 878/190/32 879/191/33
f 870/182/24 869/181/23 879/191/33
f 870/182/24 879/191/33 880/192/34
f 872/184/81 870/182/24 880/192/34
f 872/184/81 880/192/34 881/193/35
f 882/194/36 883/195/37 884/196/37
f 882/194/36 884/196/37 885/197/36
f 886/198/19 882/194/36 885/197/36
f 886/198/19 885/197/36 887/199/19
f 888/200/38 886/198/19 887/199/19
f 888/200/38 887/199/19 889/201/38
f 890/202/39 888/200/38 889/201/38
f 890/202/39 889/201/38 891/203/39
f 892/204/40 893/205/41 894/206/42
f 892/204/40 894/206/42 895/207/43
f 895/207/43 894/206/42 896/208/44
f 895/207/43 896/208/44 897/209/45
f 897/209/45 896/208/44 898/210/46
f 897/209/45 898/210/46 899/211/47
f 899/211/47 898/210/46 900/212/48
f 899/211/47 900/212/48 901/213/49
f 902/214/40 903/215/43 904/216/21
f 902/214/40 904/216/21 905/217/25
f 903/215/43 906/218/45 907/219/50
f 903/215/43 907/219/50 904/216/21
f 907/219/50 906/218/45 908/220/51
f 907/219/50 908/220/51 909/221/52
f 908/220/51 910/222/49 911/223/53
f 908/220/51 911/223/53 909/221/52
f 894/206/42 893/205/41 110/2/2
f 894/206/42 110/2/2 109/1/1
f 896/208/44 894/206/42 109/1/1
f 896/208/44 109/1/1 112/4/4
f 898/210/46 896/208/44 112/4/4
f 898/210/46 112/4/4 113/5/5
f 900/212/48 898/210/46 113/5/5
f 900/212/48 113/5/5 114/6/6
f 912/224/36 913/225/36 914/226/37
f 912/224/36 914/226/37 915/227/37
f 916/228/19 913/225/36 912/224/36
f 916/228/19 912/224/36 917/229/19
f 918/230/38 916/228/19 917/229/19
f 918/230/38 917/229/19 919/231/38
f 920/232/39 918/230/38 919/231/38
f 920/232/39 919/231/38 921/233/39
f 922/264/100 923/265/50 924/266/23
f 922/264/100 924/266/23 925/267/24
f 926/268/80 922/264/100 925/267/24
f 926/268/80 925/267/24 927/269/81
f 928/270/27 929/271/28 930/272/29
f 928/270/27 930/272/29 931/273/30
f 923/265/50 928/270/27 931/273/30
f 923/265/50 931/273/30 924/266/23
f 931/273/30 930/272/29 932/274/31
f 931/273/30 932/274/31 933/275/32
f 924/266/23 931/273/30 933/275/32
f 924/266/23 933/275/32 934/276/33
f 925/267/24 924/266/23 934/276/33
f 925/267/24 934/276/33 935/277/83
f 927/269/81 925/267/24 935/277/83
f 927/269/81 935/277/83 936/278/35
f 937/279/36 938/280/37 939/281/37
f 937/279/36 939/281/37 940/282/36
f 941/283/19 937/279/36 940/282/36
f 941/283/19 940/282/36 942/284/19
f 943/285/38 941/283/19 942/284/19
f 943/285/38 942/284/19 944/286/38
f 945/287/39 943/285/38 944/286/38
f 945/287/39 944/286/38 946/288/39
f 947/289/84 948/290/85 949/291/42
f 947/289/84 949/291/42 950/292/86
f 950/292/86 949/291/42 951/293/44
f 950/292/86 951/293/44 952/294/87
f 952/294/87 951/293/44 953/295/46
f 952/294/87 953/295/46 954/296/47
f 954/296/47 953/295/46 955/297/48
f 954/296/47 955/297/48 956/298/49
f 957/299/40 958/300/43 959/301/21
f 957/299/40 959/301/21 960/302/25
f 958/300/43 961/303/45 962/304/50
f 958/300/43 962/304/50 959/301/21
f 962/304/50 961/303/45 963/305/51
f 962/304/50 963/305/51 964/306/52
f 963/305/51 965/307/49 966/308/53
f 963/305/51 966/308/53 964/306/52
f 949/291/42 948/290/85 128/32/2
f 949/291/42 128/32/2 127/31/1
f 951/293/44 949/291/42 127/31/1
f 951/293/44 127/31/1 130/34/4
f 953/295/46 951/293/44 130/34/4
f 953/295/46 130/34/4 131/35/5
f 955/297/48 953/295/46 131/35/5
f 955/297/48 131/35/5 132/36/6
f 967/309/36 968/310/36 969/311/37
f 967/309/36 969/311/37 970/312/37
f 971/313/19 968/310/36 967/309/36
f 971/313/19 967/309/36 972/314/19
f 973/315/38 971/313/19 972/314/19
f 973/315/38 972/314/19 974/316/38
f 975/317/39 973/315/38 974/316/38
f 975/317/39 974/316/38 976/318/39
f 977/349/101 978/350/102 979/351/103
f 977/349/101 979/351/103 980/352/104
f 981/353/105 977/349/101 980/352/104
f 981/353/105 980/352/104 982/354/106
f 983/355/107 984/356/108 985/357/109
f 983/355/107 985/357/109 986/358/110
f 978/350/102 983/355/107 986/358/110
f 978/350/102 986/358/110 979/351/103
f 986/358/110 985/357/109 987/359/111
f 986/358/110 987/359/111 988/360/112
f 979/351/103 986/358/110 988/360/112
f 979/351/103 988/360/112 989/361/113
f 980/352/104 979/351/103 989/361/113
f 980/352/104 989/361/113 990/362/114
f 982/354/106 980/352/104 990/362/114
f 982/354/106 990/362/114 991/363/115
f 992/364/36 993/365/37 994/366/37
f 992/364/36 994/366/37 995/367/36
f 996/368/19 992/364/36 995/367/36
f 996/368/19 995/367/36 997/369/19
f 998/370/38 996/368/19 997/369/19
f 998/370/38 997/369/19 999/371/38
f 1000/372/39 998/370/38 999/371/38
f 1000/372/39 999/371/38 1001/373/39
f 1002/374/116 1003/375/117 1004/376/42
f 1002/374/116 1004/376/42 1005/377/118
f 1005/377/118 1004/376/42 1006/378/44
f 1005/377/118 1006/378/44 1007/379/119
f 1007/379/119 1006/378/44 1008/380/46
f 1007/379/119 1008/380/46 1009/381/120
f 1009/381/120 1008/380/46 1010/382/48
f 1009/381/120 1010/382/48 1011/383/121
f 1012/384/122 1013/385/118 1014/386/123
f 1012/384/122 1014/386/123 1015/387/124
f 1013/385/118 1016/388/125 1017/389/102
f 1013/385/118 1017/389/102 1014/386/123
f 1017/389/102 1016/388/125 1018/390/126
f 1017/389/102 1018/390/126 1019/391/107
f 1018/390/126 1020/392/127 1021/393/128
f 1018/390/126 1021/393/128 1019/391/107
f 1004/376/42 1003/375/117 146/62/2
f 1004/376/42 146/62/2 145/61/1
f 1006/378/44 1004/376/42 145/61/1
f 1006/378/44 145/61/1 148/64/4
f 1008/380/46 1006/378/44 148/64/4
f 1008/380/46 148/64/4 149/65/5
f 1010/382/48 1008/380/46 149/65/5
f 1010/382/48 149/65/5 150/66/6
f 1022/394/36 1023/395/36 1024/396/37
f 1022/394/36 1024/396/37 1025/397/37
f 1026/398/19 1023/395/36 1022/394/36
f 1026/398/19 1022/394/36 1027/399/19
f 1028/400/38 1026/398/19 1027/399/19
f 1028/400/38 1027/399/19 1029/401/38
f 1030/402/39 1028/400/38 1029/401/38
f 1030/402/39 1029/401/38 1031/403/39
f 1032/264/21 1033/265/50 1034/266/23
f 1032/264/21 1034/266/23 1035/267/24
f 1036/268/80 1032/264/21 1035/267/24
f 1036/268/80 1035/267/24 1037/269/81
f 1038/270/27 1039/271/28 1040/272/82
f 1038/270/27 1040/272/82 1041/273/30
f 1033/265/50 1038/270/27 1041/273/30
f 1033/265/50 1041/273/30 1034/266/23
f 1041/273/30 1040/272/82 1042/274/31
f 1041/273/30 1042/274/31 1043/275/32
f 1034/266/23 1041/273/30 1043/275/32
f 1034/266/23 1043/275/32 1044/276/33
f 1035/267/24 1034/266/23 1044/276/33
f 1035/267/24 1044/276/33 1045/277/83
f 1037/269/81 1035/267/24 1045/277/83
f 1037/269/81 1045/277/83 1046/278/35
f 1047/279/36 1048/280/37 1049/281/37
f 1047/279/36 1049/281/37 1050/282/36
f 1051/283/19 1047/279/36 1050/282/36
f 1051/283/19 1050/282/36 1052/284/19
f 1053/285/38 1051/283/19 1052/284/19
f 1053/285/38 1052/284/19 1054/286/38
f 1055/287/39 1053/285/38 1054/286/38
f 1055/287/39 1054/286/38 1056/288/39
f 1057/289/84 1058/290/117 1059/291/42
f 1057/289/84 1059/291/42 1060/292/86
f 1060/292/86 1059/291/42 1061/293/44
f 1060/292/86 1061/293/44 1062/294/87
f 1062/294/87 1061/293/44 1063/295/46
f 1062/294/87 1063/295/46 1064/296/47
f 1064/296/47 1063/295/46 1065/297/48
f 1064/296/47 1065/297/48 1066/298/49
f 1067/299/40 1068/300/43 1069/301/21
f 1067/299/40 1069/301/21 1070/302/25
f 1068/300/43 1071/303/45 1072/304/50
f 1068/300/43 1072/304/50 1069/301/21
f 1072/304/50 1071/303/45 1073/305/51
f 1072/304/50 1073/305/51 1074/306/52
f 1073/305/51 1075/307/49 1076/308/53
f 1073/305/51 1076/308/53 1074/306/52
f 1059/291/42 1058/290/117 164/32/2
f 1059/291/42 164/32/2 163/31/1
f 1061/293/44 1059/291/42 163/31/1
f 1061/293/44 163/31/1 166/34/4
f 1063/295/46 1061/293/44 166/34/4
f 1063/295/46 166/34/4 167/35/5
f 1065/297/48 1063/295/46 167/35/5
f 1065/297/48 167/35/5 168/36/6
f 1077/309/36 1078/310/36 1079/311/37
f 1077/309/36 1079/311/37 1080/312/37
f 1081/313/19 1078/310/36 1077/309/36
f 1081/313/19 1077/309/36 1082/314/19
f 1083/315/38 1081/313/19 1082/314/19
f 1083/315/38 1082/314/19 1084/316/38
f 1085/317/39 1083/315/38 1084/316/38
f 1085/317/39 1084/316/38 1086/318/39
f 1087/264/21 1088/265/50 1089/266/23
f 1087/264/21 1089/266/23 1090/267/24
f 1091/268/80 1087/264/21 1090/267/24
f 1091/268/80 1090/267/24 1092/269/26
f 1093/270/27 1094/271/28 1095/272/29
f 1093/270/27 1095/272/29 1096/273/30
f 1088/265/50 1093/270/27 1096/273/30
f 1088/265/50 1096/273/30 1089/266/23
f 1096/273/30 1095/272/29 1097/274/31
f 1096/273/30 1097/274/31 1098/275/32
f 1089/266/23 1096/273/30 1098/275/32
f 1089/266/23 1098/275/32 1099/276/33
f 1090/267/24 1089/266/23 1099/276/33
f 1090/267/24 1099/276/33 1100/277/83
f 1092/269/26 1090/267/24 1100/277/83
f 1092/269/26 1100/277/83 1101/278/35
f 1102/279/36 1103/280/37 1104/281/37
f 1102/279/36 1104/281/37 1105/282/36
f 1106/283/19 1102/279/36 1105/282/36
f 1106/283/19 1105/282/36 1107/284/19
f 1108/285/38 1106/283/19 1107/284/19
f 1108/285/38 1107/284/19 1109/286/38
f 1110/287/39 1108/285/38 1109/286/38
f 1110/287/39 1109/286/38 1111/288/39
f 1112/289/84 1113/290/85 1114/291/42
f 1112/289/84 1114/291/42 1115/292/86
f 1115/292/86 1114/291/42 1116/293/44
f 1115/292/86 1116/293/44 1117/294/45
f 1117/294/45 1116/293/44 1118/295/46
f 1117/294/45 1118/295/46 1119/296/47
f 1119/296/47 1118/295/46 1120/297/48
f 1119/296/47 1120/297/48 1121/298/49
f 1122/299/40 1123/300/43 1124/301/21
f 1122/299/40 1124/301/21 1125/302/25
f 1123/300/43 1126/303/45 1127/304/50
f 1123/300/43 1127/304/50 1124/301/21
f 1127/304/50 1126/303/45 1128/305/51
f 1127/304/50 1128/305/51 1129/306/52
f 1128/305/51 1130/307/49 1131/308/53
f 1128/305/51 1131/308/53 1129/306/52
f 1114/291/42 1113/290/85 182/32/2
f 1114/291/42 182/32/2 181/31/1
f 1116/293/44 1114/291/42 181/31/1
f 1116/293/44 181/31/1 184/34/4
f 1118/295/46 1116/293/44 184/34/4
f 1118/295/46 184/34/4 185/35/5
f 1120/297/48 1118/295/46 185/35/5
f 1120/297/48 185/35/5 186/36/6
f 1132/309/36 1133/310/36 1134/311/37
f 1132/309/36 1134/311/37 1135/312/37
f 1136/313/19 1133/310/36 1132/309/36
f 1136/313/19 1132/309/36 1137/314/19
f 1138/315/38 1136/313/19 1137/314/19
f 1138/315/38 1137/314/19 1139/316/38
f 1140/317/39 1138/315/38 1139/316/38
f 1140/317/39 1139/316/38 1141/318/39
f 1142/264/21 1143/265/50 1144/266/23
f 1142/264/21 1144/266/23 1145/267/24
f 1146/268/80 1142/264/21 1145/267/24
f 1146/268/80 1145/267/24 1147/269/26
f 1148/270/27 1149/271/28 1150/272/29
f 1148/270/27 1150/272/29 1151/273/30
f 1143/265/50 1148/270/27 1151/273/30
f 1143/265/50 1151/273/30 1144/266/23
f 1151/273/30 1150/272/29 1152/274/31
f 1151/273/30 1152/274/31 1153/275/32
f 1144/266/23 1151/273/30 1153/275/32
f 1144/266/23 1153/275/32 1154/276/33
f 1145/267/24 1144/266/23 1154/276/33
f 1145/267/24 1154/276/33 1155/277/83
f 1147/269/26 1145/267/24 1155/277/83
f 1147/269/26 1155/277/83 1156/278/35
f 1157/279/36 1158/280/37 1159/281/37
f 1157/279/36 1159/281/37 1160/282/36
f 1161/283/19 1157/279/36 1160/282/36
f 1161/283/19 1160/282/36 1162/284/19
f 1163/285/38 1161/283/19 1162/284/19
f 1163/285/38 1162/284/19 1164/286/38
f 1165/287/39 1163/285/38 1164/286/38
f 1165/287/39 1164/286/38 1166/288/39
f 1167/289/84 1168/290/85 1169/291/42
f 1167/289/84 1169/291/42 1170/292/86
f 1170/292/86 1169/291/42 1171/293/44
f 1170/292/86 1171/293/44 1172/294/45
f 1172/294/45 1171/293/44 1173/295/46
f 1172/294/45 1173/295/46 1174/296/47
f 1174/296/47 1173/295/46 1175/297/48
f 1174/296/47 1175/297/48 1176/298/49
f 1177/299/40 1178/300/43 1179/301/21
f 1177/299/40 1179/301/21 1180/302/25
f 1178/300/43 1181/303/45 1182/304/50
f 1178/300/43 1182/304/50 1179/301/21
f 1182/304/50 1181/303/45 1183/305/51
f 1182/304/50 1183/305/51 1184/306/52
f 1183/305/51 1185/307/49 1186/308/53
f 1183/305/51 1186/308/53 1184/306/52
f 1169/291/42 1168/290/85 200/32/2
f 1169/291/42 200/32/2 199/31/1
f 1171/293/44 1169/291/42 199/31/1
f 1171/293/44 199/31/1 202/34/4
f 1173/295/46 1171/293/44 202/34/4
f 1173/295/46 202/34/4 203/35/5
f 1175/297/48 1173/295/46 203/35/5
f 1175/297/48 203/35/5 204/36/6
f 1187/309/36 1188/310/36 1189/311/37
f 1187/309/36 1189/311/37 1190/312/37
f 1191/313/19 1188/310/36 1187/309/36
f 1191/313/19 1187/309/36 1192/314/19
f 1193/315/38 1191/313/19 1192/314/19
f 1193/315/38 1192/314/19 1194/316/38
f 1195/317/39 1193/315/38 1194/316/38
f 1195/317/39 1194/316/38 1196/318/39
f 1197/349/101 1198/350/102 1199/351/103
f 1197/349/101 1199/351/103 1200/352/104
f 1201/353/105 1197/349/101 1200/352/104
f 1201/353/105 1200/352/104 1202/354/106
f 1203/355/107 1204/356/108 1205/357/109
f 1203/355/107 1205/357/109 1206/358/110
f 1198/350/102 1203/355/107 1206/358/110
f 1198/350/102 1206/358/110 1199/351/103
f 1206/358/110 1205/357/109 1207/359/111
f 1206/358/110 1207/359/111 1208/360/112
f 1199/351/103 1206/358/110 1208/360/112
f 1199/351/103 1208/360/112 1209/361/113
f 1200/352/104 1199/351/103 1209/361/113
f 1200/352/104 1209/361/113 1210/362/114
f 1202/354/106 1200/352/104 1210/362/114
f 1202/354/106 1210/362/114 1211/363/115
f 1212/364/36 1213/365/37 1214/366/37
f 1212/364/36 1214/366/37 1215/367/36
f 1216/368/19 1212/364/36 1215/367/36
f 1216/368/19 1215/367/36 1217/369/19
f 1218/370/38 1216/368/19 1217/369/19
f 1218/370/38 1217/369/19 1219/371/38
f 1220/372/39 1218/370/38 1219/371/38
f 1220/372/39 1219/371/38 1221/373/39
f 1222/374/116 1223/375/117 1224/376/42
f 1222/374/116 1224/376/42 1225/377/118
f 1225/377/118 1224/376/42 1226/378/44
f 1225/377/118 1226/378/44 1227/379/119
f 1227/379/119 1226/378/44 1228/380/46
f 1227/379/119 1228/380/46 1229/381/120
f 1229/381/120 1228/380/46 1230/382/48
f 1229/381/120 1230/382/48 1231/383/121
f 1232/384/122 1233/385/129 1234/386/123
f 1232/384/122 1234/386/123 1235/387/124
f 1233/385/129 1236/388/125 1237/389/102
f 1233/385/129 1237/389/102 1234/386/123
f 1237/389/102 1236/388/125 1238/390/130
f 1237/389/102 1238/390/130 1239/391/107
f 1238/390/130 1240/392/127 1241/393/128
f 1238/390/130 1241/393/128 1239/391/107
f 1224/376/42 1223/375/117 218/62/2
f 1224/376/42 218/62/2 217/61/1
f 1226/378/44 1224/376/42 217/61/1
f 1226/378/44 217/61/1 220/64/4
f 1228/380/46 1226/378/44 220/64/4
f 1228/380/46 220/64/4 221/65/5
f 1230/382/48 1228/380/46 221/65/5
f 1230/382/48 221/65/5 222/66/6
f 1242/394/36 1243/395/36 1244/396/37
f 1242/394/36 1244/396/37 1245/397/37
f 1246/398/19 1243/395/36 1242/394/36
f 1246/398/19 1242/394/36 1247/399/19
f 1248/400/38 1246/398/19 1247/399/19
f 1248/400/38 1247/399/19 1249/401/38
f 1250/402/39 1248/400/38 1249/401/38
f 1250/402/39 1249/401/38 1251/403/39
s 0
f 1252/404/19 1253/405/19 1254/92/19
f 1252/404/19 1254/92/19 1255/100/19
f 235/79/15 237/81/15 242/86/15
f 235/79/15 242/86/15 241/85/15
s 1
f 1256/406/131 1257/407/131 1258/408/132
f 1256/406/131 1258/408/132 1259/409/132
s 0
f 244/88/7 238/82/7 240/84/7
f 244/88/7 240/84/7 245/89/7
f 1260/94/19 1261/410/19 1262/411/19
f 1260/94/19 1262/411/19 1263/98/19
f 248/92/16 247/91/16 257/101/16
f 248/92/16 257/101/16 256/100/16
f 1264/408/15 1265/412/15 1266/413/15
f 1264/408/15 1266/413/15 1267/409/15
f 251/95/17 250/94/17 254/98/17
f 251/95/17 254/98/17 253/97/17
f 1268/414/7 1269/415/7 1270/416/7
f 1268/414/7 1270/416/7 1271/417/7
s 1
f 1272/414/133 1273/417/133 1274/418/134
f 1272/414/133 1274/418/134 1275/419/134
f 1275/419/134 1274/418/134 1257/407/131
f 1275/419/134 1257/407/131 1256/406/131
f 1276/420/135 1277/421/136 1278/422/136
f 1276/420/135 1278/422/136 1279/423/135
f 1277/421/136 1280/424/16 1281/425/16
f 1277/421/136 1281/425/16 1278/422/136
f 1280/424/16 1282/426/36 1283/427/36
f 1280/424/16 1283/427/36 1281/425/16
f 1282/426/36 1284/428/19 1285/429/19
f 1282/426/36 1285/429/19 1283/427/36
f 1284/428/19 1286/430/38 1287/431/38
f 1284/428/19 1287/431/38 1285/429/19
f 1286/430/38 1288/432/17 1289/433/17
f 1286/430/38 1289/433/17 1287/431/38
f 1288/432/17 1290/434/137 1291/435/137
f 1288/432/17 1291/435/137 1289/433/17
f 1290/434/137 1292/436/135 1293/437/135
f 1290/434/137 1293/437/135 1291/435/137
f 1294/420/135 1295/421/136 1296/422/136
f 1294/420/135 1296/422/136 1297/423/135
f 1295/421/136 1298/424/16 1299/425/16
f 1295/421/136 1299/425/16 1296/422/136
f 1298/424/16 1300/426/36 1301/427/36
f 1298/424/16 1301/427/36 1299/425/16
f 1300/426/36 1302/428/19 1303/429/19
f 1300/426/36 1303/429/19 1301/427/36
f 1302/428/19 1304/430/38 1305/431/38
f 1302/428/19 1305/431/38 1303/429/19
f 1304/430/38 1306/432/17 1307/433/17
f 1304/430/38 1307/433/17 1305/431/38
f 1306/432/17 1308/434/137 1309/435/137
f 1306/432/17 1309/435/137 1307/433/17
f 1308/434/137 1310/436/135 1311/437/138
f 1308/434/137 1311/437/138 1309/435/137
f 1312/438/54 1313/439/55 1314/440/56
f 1312/438/54 1314/440/56 1315/441/57
f 1313/439/55 1316/442/58 1317/443/59
f 1313/439/55 1317/443/59 1314/440/56
f 1316/442/58 1318/444/60 1319/445/61
f 1316/442/58 1319/445/61 1317/443/59
f 1318/444/60 1320/446/62 1321/447/63
f 1318/444/60 1321/447/63 1319/445/61
f 1315/441/57 1314/440/56 1322/448/64
f 1315/441/57 1322/448/64 1323/449/99
f 1314/440/56 1317/443/59 1324/450/66
f 1314/440/56 1324/450/66 1322/448/64
f 1317/443/59 1319/445/61 1325/451/67
f 1317/443/59 1325/451/67 1324/450/66
f 1319/445/61 1321/447/63 1326/452/139
f 1319/445/61 1326/452/139 1325/451/67
f 1323/449/99 1322/448/64 1327/453/36
f 1323/449/99 1327/453/36 1328/454/37
f 1322/448/64 1324/450/66 1329/455/19
f 1322/448/64 1329/455/19 1327/453/36
f 1324/450/66 1325/451/67 1330/456/38
f 1324/450/66 1330/456/38 1329/455/19
f 1325/451/67 1326/452/139 1331/457/39
f 1325/451/67 1331/457/39 1330/456/38
f 1313/439/55 1312/438/54 1332/458/69
f 1313/439/55 1332/458/69 1333/459/70
f 1316/442/58 1313/439/55 1333/459/70
f 1316/442/58 1333/459/70 1334/460/140
f 1318/444/60 1316/442/58 1334/460/140
f 1318/444/60 1334/460/140 1335/461/141
f 1320/446/62 1318/444/60 1335/461/141
f 1320/446/62 1335/461/141 1336/462/77
f 1337/463/142 1338/464/69 302/128/9
f 1337/463/142 302/128/9 301/127/8
f 1339/465/75 1337/463/142 301/127/8
f 1339/465/75 301/127/8 304/130/11
f 1340/466/143 1339/465/75 304/130/11
f 1340/466/143 304/130/11 305/131/12
f 1341/467/77 1340/466/143 305/131/12
f 1341/467/77 305/131/12 306/132/13
f 1342/420/135 1343/421/136 1344/422/136
f 1342/420/135 1344/422/136 1345/423/135
f 1343/421/136 1346/424/16 1347/425/16
f 1343/421/136 1347/425/16 1344/422/136
f 1346/424/16 1348/426/36 1349/427/36
f 1346/424/16 1349/427/36 1347/425/16
f 1348/426/36 1350/428/19 1351/429/19
f 1348/426/36 1351/429/19 1349/427/36
f 1350/428/19 1352/430/38 1353/431/38
f 1350/428/19 1353/431/38 1351/429/19
f 1352/430/38 1354/432/17 1355/433/17
f 1352/430/38 1355/433/17 1353/431/38
f 1354/432/17 1356/434/137 1357/435/137
f 1354/432/17 1357/435/137 1355/433/17
f 1356/434/137 1358/436/135 1359/437/135
f 1356/434/137 1359/437/135 1357/435/137
f 1360/468/137 1361/469/135 1362/470/144
f 1360/468/137 1362/470/144 1363/471/145
f 1361/469/135 1364/472/136 1365/473/146
f 1361/469/135 1365/473/146 1362/470/144
f 1364/472/136 1366/474/16 1367/475/147
f 1364/472/136 1367/475/147 1365/473/146
f 1366/474/16 1368/476/36 1369/477/148
f 1366/474/16 1369/477/148 1367/475/147
f 1368/476/36 1370/478/19 1371/479/149
f 1368/476/36 1371/479/149 1369/477/148
f 1370/478/19 1372/480/38 1373/481/150
f 1370/478/19 1373/481/150 1371/479/149
f 1372/480/38 1374/482/17 1375/483/151
f 1372/480/38 1375/483/151 1373/481/150
f 1374/482/17 1360/468/137 1363/471/145
f 1374/482/17 1363/471/145 1375/483/151
f 1376/484/152 1377/485/153 1378/486/19
f 1376/484/152 1378/486/19 1379/487/36
f 1380/488/154 1376/484/152 1379/487/36
f 1380/488/154 1379/487/36 1381/489/16
f 1382/490/155 1380/488/154 1381/489/16
f 1382/490/155 1381/489/16 1383/491/136
f 1384/492/156 1382/490/155 1383/491/136
f 1384/492/156 1383/491/136 1385/493/135
f 1386/494/157 1387/495/156 1388/496/135
f 1386/494/157 1388/496/135 1389/497/137
f 1390/498/158 1386/494/157 1389/497/137
f 1390/498/158 1389/497/137 1391/499/17
f 1392/500/159 1390/498/158 1391/499/17
f 1392/500/159 1391/499/17 1393/501/38
f 1377/485/153 1392/500/159 1393/501/38
f 1377/485/153 1393/501/38 1378/486/19
f 1369/477/148 1371/479/149 1394/502/160
f 1369/477/148 1394/502/160 1395/503/161
f 1367/475/147 1369/477/148 1395/503/161
f 1367/475/147 1395/503/161 1396/504/162
f 1365/473/146 1367/475/147 1396/504/162
f 1365/473/146 1396/504/162 1397/505/163
f 1362/470/144 1365/473/146 1397/505/163
f 1362/470/144 1397/505/163 1398/506/164
f 1363/471/145 1362/470/144 1398/506/164
f 1363/471/145 1398/506/164 1399/507/165
f 1375/483/151 1363/471/145 1399/507/165
f 1375/483/151 1399/507/165 1400/508/166
f 1373/481/150 1375/483/151 1400/508/166
f 1373/481/150 1400/508/166 1401/509/167
f 1394/502/160 1371/479/149 1373/481/150
f 1394/502/160 1373/481/150 1401/509/167
f 1396/504/162 1395/503/161 1402/510/168
f 1396/504/162 1402/510/168 1403/511/169
f 1397/505/163 1396/504/162 1403/511/169
f 1397/505/163 1403/511/169 1404/512/170
f 1398/506/164 1397/505/163 1404/512/170
f 1398/506/164 1404/512/170 1405/513/171
f 1399/507/165 1398/506/164 1405/513/171
f 1399/507/165 1405/513/171 1406/514/172
f 1400/508/166 1399/507/165 1406/514/172
f 1400/508/166 1406/514/172 1407/515/173
f 1401/509/167 1400/508/166 1407/515/173
f 1401/509/167 1407/515/173 1408/516/174
f 1394/502/160 1401/509/167 1408/516/174
f 1394/502/160 1408/516/174 1409/517/175
f 1395/503/161 1394/502/160 1409/517/175
f 1395/503/161 1409/517/175 1402/510/168
f 1410/518/54 1411/519/55 1412/520/56
f 1410/518/54 1412/520/56 1413/521/57
f 1411/519/55 1414/522/58 1415/523/59
f 1411/519/55 1415/523/59 1412/520/56
f 1414/522/58 1416/524/60 1417/525/61
f 1414/522/58 1417/525/61 1415/523/59
f 1416/524/60 1418/526/62 1419/527/63
f 1416/524/60 1419/527/63 1417/525/61
f 1413/521/57 1412/520/56 1420/528/64
f 1413/521/57 1420/528/64 1421/529/99
f 1412/520/56 1415/523/59 1422/530/66
f 1412/520/56 1422/530/66 1420/528/64
f 1415/523/59 1417/525/61 1423/531/67
f 1415/523/59 1423/531/67 1422/530/66
f 1417/525/61 1419/527/63 1424/532/139
f 1417/525/61 1424/532/139 1423/531/67
f 1421/529/99 1420/528/64 1425/533/36
f 1421/529/99 1425/533/36 1426/534/37
f 1420/528/64 1422/530/66 1427/535/19
f 1420/528/64 1427/535/19 1425/533/36
f 1422/530/66 1423/531/67 1428/536/38
f 1422/530/66 1428/536/38 1427/535/19
f 1423/531/67 1424/532/139 1429/537/39
f 1423/531/67 1429/537/39 1428/536/38
f 1411/519/55 1410/518/54 1430/538/79
f 1411/519/55 1430/538/79 1431/539/70
f 1414/522/58 1411/519/55 1431/539/70
f 1414/522/58 1431/539/70 1432/540/140
f 1416/524/60 1414/522/58 1432/540/140
f 1416/524/60 1432/540/140 1433/541/141
f 1418/526/62 1416/524/60 1433/541/141
f 1418/526/62 1433/541/141 1434/542/77
f 1435/543/142 1436/544/69 332/140/9
f 1435/543/142 332/140/9 331/139/14
f 1437/545/75 1435/543/142 331/139/14
f 1437/545/75 331/139/14 334/142/11
f 1438/546/141 1437/545/75 334/142/11
f 1438/546/141 334/142/11 335/143/12
f 1439/547/77 1438/546/141 335/143/12
f 1439/547/77 335/143/12 336/144/13
f 1440/518/54 1441/519/55 1442/520/56
f 1440/518/54 1442/520/56 1443/521/57
f 1441/519/55 1444/522/58 1445/523/59
f 1441/519/55 1445/523/59 1442/520/56
f 1444/522/58 1446/524/60 1447/525/61
f 1444/522/58 1447/525/61 1445/523/59
f 1446/524/60 1448/526/176 1449/527/63
f 1446/524/60 1449/527/63 1447/525/61
f 1443/521/57 1442/520/56 1450/528/64
f 1443/521/57 1450/528/64 1451/529/99
f 1442/520/56 1445/523/59 1452/530/66
f 1442/520/56 1452/530/66 1450/528/64
f 1445/523/59 1447/525/61 1453/531/67
f 1445/523/59 1453/531/67 1452/530/66
f 1447/525/61 1449/527/63 1454/532/139
f 1447/525/61 1454/532/139 1453/531/67
f 1451/529/99 1450/528/64 1455/533/36
f 1451/529/99 1455/533/36 1456/534/37
f 1450/528/64 1452/530/66 1457/535/19
f 1450/528/64 1457/535/19 1455/533/36
f 1452/530/66 1453/531/67 1458/536/38
f 1452/530/66 1458/536/38 1457/535/19
f 1453/531/67 1454/532/139 1459/537/39
f 1453/531/67 1459/537/39 1458/536/38
f 1441/519/55 1440/518/54 1460/538/79
f 1441/519/55 1460/538/79 1461/539/70
f 1444/522/58 1441/519/55 1461/539/70
f 1444/522/58 1461/539/70 1462/540/140
f 1446/524/60 1444/522/58 1462/540/140
f 1446/524/60 1462/540/140 1463/541/141
f 1448/526/176 1446/524/60 1463/541/141
f 1448/526/176 1463/541/141 1464/542/77
f 1465/543/142 1466/544/69 344/140/9
f 1465/543/142 344/140/9 343/139/14
f 1467/545/75 1465/543/142 343/139/14
f 1467/545/75 343/139/14 346/142/11
f 1468/546/141 1467/545/75 346/142/11
f 1468/546/141 346/142/11 347/143/12
f 1469/547/77 1468/546/141 347/143/12
f 1469/547/77 347/143/12 348/144/13
f 1470/438/54 1471/439/55 1472/440/56
f 1470/438/54 1472/440/56 1473/441/57
f 1471/439/55 1474/442/58 1475/443/59
f 1471/439/55 1475/443/59 1472/440/56
f 1474/442/58 1476/444/60 1477/445/61
f 1474/442/58 1477/445/61 1475/443/59
f 1476/444/60 1478/446/176 1479/447/63
f 1476/444/60 1479/447/63 1477/445/61
f 1473/441/57 1472/440/56 1480/448/64
f 1473/441/57 1480/448/64 1481/449/99
f 1472/440/56 1475/443/59 1482/450/66
f 1472/440/56 1482/450/66 1480/448/64
f 1475/443/59 1477/445/61 1483/451/67
f 1475/443/59 1483/451/67 1482/450/66
f 1477/445/61 1479/447/63 1484/452/139
f 1477/445/61 1484/452/139 1483/451/67
f 1481/449/99 1480/448/64 1485/453/36
f 1481/449/99 1485/453/36 1486/454/37
f 1480/448/64 1482/450/66 1487/455/19
f 1480/448/64 1487/455/19 1485/453/36
f 1482/450/66 1483/451/67 1488/456/38
f 1482/450/66 1488/456/38 1487/455/19
f 1483/451/67 1484/452/139 1489/457/39
f 1483/451/67 1489/457/39 1488/456/38
f 1471/439/55 1470/438/54 1490/458/69
f 1471/439/55 1490/458/69 1491/459/70
f 1474/442/58 1471/439/55 1491/459/70
f 1474/442/58 1491/459/70 1492/460/140
f 1476/444/60 1474/442/58 1492/460/140
f 1476/444/60 1492/460/140 1493/461/141
f 1478/446/176 1476/444/60 1493/461/141
f 1478/446/176 1493/461/141 1494/462/77
f 1495/463/74 1496/464/69 356/128/9
f 1495/463/74 356/128/9 355/127/8
f 1497/465/75 1495/463/74 355/127/8
f 1497/465/75 355/127/8 358/130/11
f 1498/466/143 1497/465/75 358/130/11
f 1498/466/143 358/130/11 359/131/12
f 1499/467/77 1498/466/143 359/131/12
f 1499/467/77 359/131/12 360/132/13
f 1500/468/137 1501/469/135 1502/470/144
f 1500/468/137 1502/470/144 1503/471/145
f 1501/469/135 1504/472/136 1505/473/146
f 1501/469/135 1505/473/146 1502/470/144
f 1504/472/136 1506/474/16 1507/475/147
f 1504/472/136 1507/475/147 1505/473/146
f 1506/474/16 1508/476/36 1509/477/148
f 1506/474/16 1509/477/148 1507/475/147
f 1508/476/36 1510/478/19 1511/479/149
f 1508/476/36 1511/479/149 1509/477/148
f 1510/478/19 1512/480/38 1513/481/150
f 1510/478/19 1513/481/150 1511/479/149
f 1512/480/38 1514/482/17 1515/483/151
f 1512/480/38 1515/483/151 1513/481/150
f 1514/482/17 1500/468/137 1503/471/145
f 1514/482/17 1503/471/145 1515/483/151
f 1516/484/152 1517/485/153 1518/486/19
f 1516/484/152 1518/486/19 1519/487/36
f 1520/488/154 1516/484/152 1519/487/36
f 1520/488/154 1519/487/36 1521/489/16
f 1522/490/155 1520/488/154 1521/489/16
f 1522/490/155 1521/489/16 1523/491/136
f 1524/492/156 1522/490/155 1523/491/136
f 1524/492/156 1523/491/136 1525/493/135
f 1526/494/157 1527/495/156 1528/496/135
f 1526/494/157 1528/496/135 1529/497/137
f 1530/498/158 1526/494/157 1529/497/137
f 1530/498/158 1529/497/137 1531/499/17
f 1532/500/159 1530/498/158 1531/499/17
f 1532/500/159 1531/499/17 1533/501/38
f 1517/485/153 1532/500/159 1533/501/38
f 1517/485/153 1533/501/38 1518/486/19
f 1509/477/148 1511/479/149 1534/502/160
f 1509/477/148 1534/502/160 1535/503/161
f 1507/475/147 1509/477/148 1535/503/161
f 1507/475/147 1535/503/161 1536/504/162
f 1505/473/146 1507/475/147 1536/504/162
f 1505/473/146 1536/504/162 1537/505/163
f 1502/470/144 1505/473/146 1537/505/163
f 1502/470/144 1537/505/163 1538/506/164
f 1503/471/145 1502/470/144 1538/506/164
f 1503/471/145 1538/506/164 1539/507/165
f 1515/483/151 1503/471/145 1539/507/165
f 1515/483/151 1539/507/165 1540/508/166
f 1513/481/150 1515/483/151 1540/508/166
f 1513/481/150 1540/508/166 1541/509/167
f 1534/502/160 1511/479/149 1513/481/150
f 1534/502/160 1513/481/150 1541/509/167
f 1536/504/162 1535/503/161 1542/510/168
f 1536/504/162 1542/510/168 1543/511/169
f 1537/505/163 1536/504/162 1543/511/169
f 1537/505/163 1543/511/169 1544/512/170
f 1538/506/164 1537/505/163 1544/512/170
f 1538/506/164 1544/512/170 1545/513/171
f 1539/507/165 1538/506/164 1545/513/171
f 1539/507/165 1545/513/171 1546/514/172
f 1540/508/166 1539/507/165 1546/514/172
f 1540/508/166 1546/514/172 1547/515/173
f 1541/509/167 1540/508/166 1547/515/173
f 1541/509/167 1547/515/173 1548/516/174
f 1534/502/160 1541/509/167 1548/516/174
f 1534/502/160 1548/516/174 1549/517/175
f 1535/503/161 1534/502/160 1549/517/175
f 1535/503/161 1549/517/175 1542/510/168
f 1550/518/54 1551/519/55 1552/520/56
f 1550/518/54 1552/520/56 1553/521/57
f 1551/519/55 1554/522/58 1555/523/59
f 1551/519/55 1555/523/59 1552/520/56
f 1554/522/58 1556/524/60 1557/525/61
f 1554/522/58 1557/525/61 1555/523/59
f 1556/524/60 1558/526/62 1559/527/63
f 1556/524/60 1559/527/63 1557/525/61
f 1553/521/57 1552/520/56 1560/528/64
f 1553/521/57 1560/528/64 1561/529/99
f 1552/520/56 1555/523/59 1562/530/66
f 1552/520/56 1562/530/66 1560/528/64
f 1555/523/59 1557/525/61 1563/531/67
f 1555/523/59 1563/531/67 1562/530/66
f 1557/525/61 1559/527/63 1564/532/139
f 1557/525/61 1564/532/139 1563/531/67
f 1561/529/99 1560/528/64 1565/533/36
f 1561/529/99 1565/533/36 1566/534/37
f 1560/528/64 1562/530/66 1567/535/19
f 1560/528/64 1567/535/19 1565/533/36
f 1562/530/66 1563/531/67 1568/536/38
f 1562/530/66 1568/536/38 1567/535/19
f 1563/531/67 1564/532/139 1569/537/39
f 1563/531/67 1569/537/39 1568/536/38
f 1551/519/55 1550/518/54 1570/538/79
f 1551/519/55 1570/538/79 1571/539/70
f 1554/522/58 1551/519/55 1571/539/70
f 1554/522/58 1571/539/70 1572/540/140
f 1556/524/60 1554/522/58 1572/540/140
f 1556/524/60 1572/540/140 1573/541/141
f 1558/526/62 1556/524/60 1573/541/141
f 1558/526/62 1573/541/141 1574/542/77
f 1575/543/142 1576/544/69 368/140/9
f 1575/543/142 368/140/9 367/139/14
f 1577/545/75 1575/543/142 367/139/14
f 1577/545/75 367/139/14 370/142/11
f 1578/546/141 1577/545/75 370/142/11
f 1578/546/141 370/142/11 371/143/12
f 1579/547/77 1578/546/141 371/143/12
f 1579/547/77 371/143/12 372/144/13
f 1580/420/135 1581/421/136 1582/422/136
f 1580/420/135 1582/422/136 1583/423/135
f 1581/421/136 1584/424/16 1585/425/16
f 1581/421/136 1585/425/16 1582/422/136
f 1584/424/16 1586/426/36 1587/427/36
f 1584/424/16 1587/427/36 1585/425/16
f 1586/426/36 1588/428/19 1589/429/19
f 1586/426/36 1589/429/19 1587/427/36
f 1588/428/19 1590/430/38 1591/431/38
f 1588/428/19 1591/431/38 1589/429/19
f 1590/430/38 1592/432/17 1593/433/17
f 1590/430/38 1593/433/17 1591/431/38
f 1592/432/17 1594/434/137 1595/435/137
f 1592/432/17 1595/435/137 1593/433/17
f 1594/434/137 1596/436/135 1597/437/135
f 1594/434/137 1597/437/135 1595/435/137
f 1598/548/101 1599/549/102 1600/550/103
f 1598/548/101 1600/550/103 1601/551/104
f 1602/552/105 1598/548/101 1601/551/104
f 1602/552/105 1601/551/104 1603/553/106
f 1604/554/107 1605/555/108 1606/556/109
f 1604/554/107 1606/556/109 1607/557/110
f 1599/549/102 1604/554/107 1607/557/110
f 1599/549/102 1607/557/110 1600/550/103
f 1607/557/110 1606/556/109 1608/558/111
f 1607/557/110 1608/558/111 1609/559/112
f 1600/550/103 1607/557/110 1609/559/112
f 1600/550/103 1609/559/112 1610/560/113
f 1601/551/104 1600/550/103 1610/560/113
f 1601/551/104 1610/560/113 1611/561/114
f 1603/553/106 1601/551/104 1611/561/114
f 1603/553/106 1611/561/114 1612/562/115
f 1613/563/36 1614/564/37 1615/565/37
f 1613/563/36 1615/565/37 1616/566/36
f 1617/567/19 1613/563/36 1616/566/36
f 1617/567/19 1616/566/36 1618/568/19
f 1619/569/38 1617/567/19 1618/568/19
f 1619/569/38 1618/568/19 1620/570/38
f 1621/571/39 1619/569/38 1620/570/38
f 1621/571/39 1620/570/38 1622/572/39
f 1623/573/177 1624/574/117 1625/575/42
f 1623/573/177 1625/575/42 1626/576/118
f 1626/576/118 1625/575/42 1627/577/44
f 1626/576/118 1627/577/44 1628/578/125
f 1628/578/125 1627/577/44 1629/579/46
f 1628/578/125 1629/579/46 1630/580/120
f 1630/580/120 1629/579/46 1631/581/48
f 1630/580/120 1631/581/48 1632/582/121
f 1633/583/122 1634/584/129 1635/585/123
f 1633/583/122 1635/585/123 1636/586/124
f 1634/584/129 1637/587/125 1638/588/102
f 1634/584/129 1638/588/102 1635/585/123
f 1638/588/102 1637/587/125 1639/589/126
f 1638/588/102 1639/589/126 1640/590/107
f 1639/589/126 1641/591/127 1642/592/128
f 1639/589/126 1642/592/128 1640/590/107
f 1625/575/42 1624/574/117 392/146/2
f 1625/575/42 392/146/2 391/145/1
f 1627/577/44 1625/575/42 391/145/1
f 1627/577/44 391/145/1 394/148/4
f 1629/579/46 1627/577/44 394/148/4
f 1629/579/46 394/148/4 395/149/5
f 1631/581/48 1629/579/46 395/149/5
f 1631/581/48 395/149/5 396/150/6
f 1643/593/36 1644/594/36 1645/595/37
f 1643/593/36 1645/595/37 1646/596/37
f 1647/597/19 1644/594/36 1643/593/36
f 1647/597/19 1643/593/36 1648/598/19
f 1649/599/38 1647/597/19 1648/598/19
f 1649/599/38 1648/598/19 1650/600/38
f 1651/601/39 1649/599/38 1650/600/38
f 1651/601/39 1650/600/38 1652/602/39
f 1653/264/21 1654/265/50 1655/266/23
f 1653/264/21 1655/266/23 1656/267/24
f 1657/268/80 1653/264/21 1656/267/24
f 1657/268/80 1656/267/24 1658/269/26
f 1659/270/27 1660/271/28 1661/272/29
f 1659/270/27 1661/272/29 1662/273/30
f 1654/265/50 1659/270/27 1662/273/30
f 1654/265/50 1662/273/30 1655/266/23
f 1662/273/30 1661/272/29 1663/274/31
f 1662/273/30 1663/274/31 1664/275/32
f 1655/266/23 1662/273/30 1664/275/32
f 1655/266/23 1664/275/32 1665/276/33
f 1656/267/24 1655/266/23 1665/276/33
f 1656/267/24 1665/276/33 1666/277/83
f 1658/269/26 1656/267/24 1666/277/83
f 1658/269/26 1666/277/83 1667/278/35
f 1668/279/36 1669/280/37 1670/281/37
f 1668/279/36 1670/281/37 1671/282/36
f 1672/283/19 1668/279/36 1671/282/36
f 1672/283/19 1671/282/36 1673/284/19
f 1674/285/38 1672/283/19 1673/284/19
f 1674/285/38 1673/284/19 1675/286/38
f 1676/287/39 1674/285/38 1675/286/38
f 1676/287/39 1675/286/38 1677/288/39
f 1678/289/84 1679/290/85 1680/291/42
f 1678/289/84 1680/291/42 1681/292/86
f 1681/292/86 1680/291/42 1682/293/44
f 1681/292/86 1682/293/44 1683/294/87
f 1683/294/87 1682/293/44 1684/295/46
f 1683/294/87 1684/295/46 1685/296/47
f 1685/296/47 1684/295/46 1686/297/48
f 1685/296/47 1686/297/48 1687/298/49
f 1688/299/40 1689/300/43 1690/301/21
f 1688/299/40 1690/301/21 1691/302/25
f 1689/300/43 1692/303/45 1693/304/50
f 1689/300/43 1693/304/50 1690/301/21
f 1693/304/50 1692/303/45 1694/305/51
f 1693/304/50 1694/305/51 1695/306/52
f 1694/305/51 1696/307/49 1697/308/53
f 1694/305/51 1697/308/53 1695/306/52
f 1680/291/42 1679/290/85 410/32/2
f 1680/291/42 410/32/2 409/31/1
f 1682/293/44 1680/291/42 409/31/1
f 1682/293/44 409/31/1 412/34/4
f 1684/295/46 1682/293/44 412/34/4
f 1684/295/46 412/34/4 413/35/5
f 1686/297/48 1684/295/46 413/35/5
f 1686/297/48 413/35/5 414/36/6
f 1698/309/36 1699/310/36 1700/311/37
f 1698/309/36 1700/311/37 1701/312/37
f 1702/313/19 1699/310/36 1698/309/36
f 1702/313/19 1698/309/36 1703/314/19
f 1704/315/38 1702/313/19 1703/314/19
f 1704/315/38 1703/314/19 1705/316/38
f 1706/317/39 1704/315/38 1705/316/38
f 1706/317/39 1705/316/38 1707/318/39
f 1708/349/101 1709/350/102 1710/351/103
f 1708/349/101 1710/351/103 1711/352/104
f 1712/353/105 1708/349/101 1711/352/104
f 1712/353/105 1711/352/104 1713/354/106
f 1714/355/107 1715/356/108 1716/357/109
f 1714/355/107 1716/357/109 1717/358/110
f 1709/350/102 1714/355/107 1717/358/110
f 1709/350/102 1717/358/110 1710/351/103
f 1717/358/110 1716/357/109 1718/359/111
f 1717/358/110 1718/359/111 1719/360/112
f 1710/351/103 1717/358/110 1719/360/112
f 1710/351/103 1719/360/112 1720/361/113
f 1711/352/104 1710/351/103 1720/361/113
f 1711/352/104 1720/361/113 1721/362/114
f 1713/354/106 1711/352/104 1721/362/114
f 1713/354/106 1721/362/114 1722/363/115
f 1723/364/36 1724/365/37 1725/366/37
f 1723/364/36 1725/366/37 1726/367/36
f 1727/368/19 1723/364/36 1726/367/36
f 1727/368/19 1726/367/36 1728/369/19
f 1729/370/38 1727/368/19 1728/369/19
f 1729/370/38 1728/369/19 1730/371/38
f 1731/372/39 1729/370/38 1730/371/38
f 1731/372/39 1730/371/38 1732/373/39
f 1733/374/116 1734/375/117 1735/376/42
f 1733/374/116 1735/376/42 1736/377/118
f 1736/377/118 1735/376/42 1737/378/44
f 1736/377/118 1737/378/44 1738/379/119
f 1738/379/119 1737/378/44 1739/380/46
f 1738/379/119 1739/380/46 1740/381/120
f 1740/381/120 1739/380/46 1741/382/48
f 1740/381/120 1741/382/48 1742/383/121
f 1743/384/122 1744/385/129 1745/386/123
f 1743/384/122 1745/386/123 1746/387/124
f 1744/385/129 1747/388/125 1748/389/102
f 1744/385/129 1748/389/102 1745/386/123
f 1748/389/102 1747/388/125 1749/390/126
f 1748/389/102 1749/390/126 1750/391/107
f 1749/390/126 1751/392/127 1752/393/128
f 1749/390/126 1752/393/128 1750/391/107
f 1735/376/42 1734/375/117 428/62/2
f 1735/376/42 428/62/2 427/61/1
f 1737/378/44 1735/376/42 427/61/1
f 1737/378/44 427/61/1 430/64/4
f 1739/380/46 1737/378/44 430/64/4
f 1739/380/46 430/64/4 431/65/5
f 1741/382/48 1739/380/46 431/65/5
f 1741/382/48 431/65/5 432/66/6
f 1753/394/36 1754/395/36 1755/396/37
f 1753/394/36 1755/396/37 1756/397/37
f 1757/398/19 1754/395/36 1753/394/36
f 1757/398/19 1753/394/36 1758/399/19
f 1759/400/38 1757/398/19 1758/399/19
f 1759/400/38 1758/399/19 1760/401/38
f 1761/402/39 1759/400/38 1760/401/38
f 1761/402/39 1760/401/38 1762/403/39
f 1763/319/88 1764/320/89 1765/321/90
f 1763/319/88 1765/321/90 1766/322/91
f 1764/320/89 1767/323/92 1768/324/93
f 1764/320/89 1768/324/93 1765/321/90
f 1767/323/92 1769/325/178 1770/326/95
f 1767/323/92 1770/326/95 1768/324/93
f 1769/325/178 1771/327/96 1772/328/97
f 1769/325/178 1772/328/97 1770/326/95
f 1766/322/91 1765/321/90 1773/329/98
f 1766/322/91 1773/329/98 1774/330/78
f 1765/321/90 1768/324/93 1775/331/66
f 1765/321/90 1775/331/66 1773/329/98
f 1768/324/93 1770/326/95 1776/332/67
f 1768/324/93 1776/332/67 1775/331/66
f 1770/326/95 1772/328/97 1777/333/68
f 1770/326/95 1777/333/68 1776/332/67
f 1774/330/78 1773/329/98 1778/334/36
f 1774/330/78 1778/334/36 1779/335/37
f 1773/329/98 1775/331/66 1780/336/19
f 1773/329/98 1780/336/19 1778/334/36
f 1775/331/66 1776/332/67 1781/337/38
f 1775/331/66 1781/337/38 1780/336/19
f 1776/332/67 1777/333/68 1782/338/39
f 1776/332/67 1782/338/39 1781/337/38
f 1764/320/89 1763/319/88 1783/339/79
f 1764/320/89 1783/339/79 1784/340/70
f 1767/323/92 1764/320/89 1784/340/70
f 1767/323/92 1784/340/70 1785/341/71
f 1769/325/178 1767/323/92 1785/341/71
f 1769/325/178 1785/341/71 1786/342/72
f 1771/327/96 1769/325/178 1786/342/72
f 1771/327/96 1786/342/72 1787/343/77
f 1788/344/74 1789/345/69 452/56/9
f 1788/344/74 452/56/9 451/55/14
f 1790/346/75 1788/344/74 451/55/14
f 1790/346/75 451/55/14 454/58/11
f 1791/347/76 1790/346/75 454/58/11
f 1791/347/76 454/58/11 455/59/12
f 1792/348/77 1791/347/76 455/59/12
f 1792/348/77 455/59/12 456/60/13
f 1793/438/54 1794/439/55 1795/440/56
f 1793/438/54 1795/440/56 1796/441/57
f 1794/439/55 1797/442/58 1798/443/59
f 1794/439/55 1798/443/59 1795/440/56
f 1797/442/58 1799/444/60 1800/445/61
f 1797/442/58 1800/445/61 1798/443/59
f 1799/444/60 1801/446/62 1802/447/63
f 1799/444/60 1802/447/63 1800/445/61
f 1796/441/57 1795/440/56 1803/448/64
f 1796/441/57 1803/448/64 1804/449/99
f 1795/440/56 1798/443/59 1805/450/66
f 1795/440/56 1805/450/66 1803/448/64
f 1798/443/59 1800/445/61 1806/451/67
f 1798/443/59 1806/451/67 1805/450/66
f 1800/445/61 1802/447/63 1807/452/139
f 1800/445/61 1807/452/139 1806/451/67
f 1804/449/99 1803/448/64 1808/453/36
f 1804/449/99 1808/453/36 1809/454/37
f 1803/448/64 1805/450/66 1810/455/19
f 1803/448/64 1810/455/19 1808/453/36
f 1805/450/66 1806/451/67 1811/456/38
f 1805/450/66 1811/456/38 1810/455/19
f 1806/451/67 1807/452/139 1812/457/39
f 1806/451/67 1812/457/39 1811/456/38
f 1794/439/55 1793/438/54 1813/458/79
f 1794/439/55 1813/458/79 1814/459/70
f 1797/442/58 1794/439/55 1814/459/70
f 1797/442/58 1814/459/70 1815/460/140
f 1799/444/60 1797/442/58 1815/460/140
f 1799/444/60 1815/460/140 1816/461/141
f 1801/446/62 1799/444/60 1816/461/141
f 1801/446/62 1816/461/141 1817/462/77
f 1818/463/74 1819/464/69 464/128/9
f 1818/463/74 464/128/9 463/127/14
f 1820/465/75 1818/463/74 463/127/14
f 1820/465/75 463/127/14 466/130/11
f 1821/466/141 1820/465/75 466/130/11
f 1821/466/141 466/130/11 467/131/12
f 1822/467/77 1821/466/141 467/131/12
f 1822/467/77 467/131/12 468/132/13
f 1823/319/88 1824/320/89 1825/321/90
f 1823/319/88 1825/321/90 1826/322/91
f 1824/320/89 1827/323/92 1828/324/93
f 1824/320/89 1828/324/93 1825/321/90
f 1827/323/92 1829/325/94 1830/326/95
f 1827/323/92 1830/326/95 1828/324/93
f 1829/325/94 1831/327/96 1832/328/97
f 1829/325/94 1832/328/97 1830/326/95
f 1826/322/91 1825/321/90 1833/329/98
f 1826/322/91 1833/329/98 1834/330/78
f 1825/321/90 1828/324/93 1835/331/66
f 1825/321/90 1835/331/66 1833/329/98
f 1828/324/93 1830/326/95 1836/332/67
f 1828/324/93 1836/332/67 1835/331/66
f 1830/326/95 1832/328/97 1837/333/68
f 1830/326/95 1837/333/68 1836/332/67
f 1834/330/78 1833/329/98 1838/334/36
f 1834/330/78 1838/334/36 1839/335/37
f 1833/329/98 1835/331/66 1840/336/19
f 1833/329/98 1840/336/19 1838/334/36
f 1835/331/66 1836/332/67 1841/337/38
f 1835/331/66 1841/337/38 1840/336/19
f 1836/332/67 1837/333/68 1842/338/39
f 1836/332/67 1842/338/39 1841/337/38
f 1824/320/89 1823/319/88 1843/339/79
f 1824/320/89 1843/339/79 1844/340/74
f 1827/323/92 1824/320/89 1844/340/74
f 1827/323/92 1844/340/74 1845/341/140
f 1829/325/94 1827/323/92 1845/341/140
f 1829/325/94 1845/341/140 1846/342/72
f 1831/327/96 1829/325/94 1846/342/72
f 1831/327/96 1846/342/72 1847/343/73
f 1848/344/74 1849/345/69 476/56/9
f 1848/344/74 476/56/9 475/55/14
f 1850/346/75 1848/344/74 475/55/14
f 1850/346/75 475/55/14 478/58/11
f 1851/347/143 1850/346/75 478/58/11
f 1851/347/143 478/58/11 479/59/12
f 1852/348/77 1851/347/143 479/59/12
f 1852/348/77 479/59/12 480/60/13
f 1853/234/54 1854/235/55 1855/236/56
f 1853/234/54 1855/236/56 1856/237/57
f 1854/235/55 1857/238/58 1858/239/59
f 1854/235/55 1858/239/59 1855/236/56
f 1857/238/58 1859/240/60 1860/241/61
f 1857/238/58 1860/241/61 1858/239/59
f 1859/240/60 1861/242/62 1862/243/63
f 1859/240/60 1862/243/63 1860/241/61
f 1856/237/57 1855/236/56 1863/244/64
f 1856/237/57 1863/244/64 1864/245/65
f 1855/236/56 1858/239/59 1865/246/66
f 1855/236/56 1865/246/66 1863/244/64
f 1858/239/59 1860/241/61 1866/247/67
f 1858/239/59 1866/247/67 1865/246/66
f 1860/241/61 1862/243/63 1867/248/68
f 1860/241/61 1867/248/68 1866/247/67
f 1864/245/65 1863/244/64 1868/249/36
f 1864/245/65 1868/249/36 1869/250/37
f 1863/244/64 1865/246/66 1870/251/19
f 1863/244/64 1870/251/19 1868/249/36
f 1865/246/66 1866/247/67 1871/252/38
f 1865/246/66 1871/252/38 1870/251/19
f 1866/247/67 1867/248/68 1872/253/39
f 1866/247/67 1872/253/39 1871/252/38
f 1854/235/55 1853/234/54 1873/254/79
f 1854/235/55 1873/254/79 1874/255/70
f 1857/238/58 1854/235/55 1874/255/70
f 1857/238/58 1874/255/70 1875/256/75
f 1859/240/60 1857/238/58 1875/256/75
f 1859/240/60 1875/256/75 1876/257/72
f 1861/242/62 1859/240/60 1876/257/72
f 1861/242/62 1876/257/72 1877/258/73
f 1878/259/74 1879/260/69 488/26/9
f 1878/259/74 488/26/9 487/25/14
f 1880/261/75 1878/259/74 487/25/14
f 1880/261/75 487/25/14 490/28/11
f 1881/262/76 1880/261/75 490/28/11
f 1881/262/76 490/28/11 491/29/12
f 1882/263/77 1881/262/76 491/29/12
f 1882/263/77 491/29/12 492/30/13
s 0
f 1883/603/19 1884/604/19 1885/605/19
f 1883/603/19 1885/605/19 1886/606/19
f 1887/607/7 1888/608/7 1889/609/7
f 1887/607/7 1889/609/7 1890/610/7
f 1891/611/17 1892/612/17 1893/613/17
f 1891/611/17 1893/613/17 1894/614/17
f 1895/615/16 1896/616/16 1897/617/16
f 1895/615/16 1897/617/16 1898/618/16
f 1899/603/19 1900/604/19 1901/605/19
f 1899/603/19 1901/605/19 1902/606/19
f 1903/607/7 1904/608/7 1905/609/7
f 1903/607/7 1905/609/7 1906/610/7
f 1907/611/17 1908/612/17 1909/613/17
f 1907/611/17 1909/613/17 1910/614/17
f 1911/615/16 1912/616/16 1913/617/16
f 1911/615/16 1913/617/16 1914/618/16
s 1
f 1915/468/137 1916/469/135 1917/470/144
f 1915/468/137 1917/470/144 1918/471/145
f 1916/469/135 1919/472/136 1920/473/146
f 1916/469/135 1920/473/146 1917/470/144
f 1919/472/136 1921/474/16 1922/475/147
f 1919/472/136 1922/475/147 1920/473/146
f 1921/474/16 1923/476/36 1924/477/148
f 1921/474/16 1924/477/148 1922/475/147
f 1923/476/36 1925/478/19 1926/479/149
f 1923/476/36 1926/479/149 1924/477/148
f 1925/478/19 1927/480/38 1928/481/150
f 1925/478/19 1928/481/150 1926/479/149
f 1927/480/38 1929/482/17 1930/483/151
f 1927/480/38 1930/483/151 1928/481/150
f 1929/482/17 1915/468/137 1918/471/145
f 1929/482/17 1918/471/145 1930/483/151
f 1931/484/152 1932/485/153 1933/486/19
f 1931/484/152 1933/486/19 1934/487/36
f 1935/488/154 1931/484/152 1934/487/36
f 1935/488/154 1934/487/36 1936/489/16
f 1937/490/155 1935/488/154 1936/489/16
f 1937/490/155 1936/489/16 1938/491/136
f 1939/492/156 1937/490/155 1938/491/136
f 1939/492/156 1938/491/136 1940/493/135
f 1941/494/157 1942/495/156 1943/496/135
f 1941/494/157 1943/496/135 1944/497/137
f 1945/498/158 1941/494/157 1944/497/137
f 1945/498/158 1944/497/137 1946/499/17
f 1947/500/159 1945/498/158 1946/499/17
f 1947/500/159 1946/499/17 1948/501/38
f 1932/485/153 1947/500/159 1948/501/38
f 1932/485/153 1948/501/38 1933/486/19
f 1924/477/148 1926/479/149 1949/502/160
f 1924/477/148 1949/502/160 1950/503/161
f 1922/475/147 1924/477/148 1950/503/161
f 1922/475/147 1950/503/161 1951/504/162
f 1920/473/146 1922/475/147 1951/504/162
f 1920/473/146 1951/504/162 1952/505/163
f 1917/470/144 1920/473/146 1952/505/163
f 1917/470/144 1952/505/163 1953/506/164
f 1918/471/145 1917/470/144 1953/506/164
f 1918/471/145 1953/506/164 1954/507/165
f 1930/483/151 1918/471/145 1954/507/165
f 1930/483/151 1954/507/165 1955/508/166
f 1928/481/150 1930/483/151 1955/508/166
f 1928/481/150 1955/508/166 1956/509/167
f 1949/502/160 1926/479/149 1928/481/150
f 1949/502/160 1928/481/150 1956/509/167
f 1951/504/162 1950/503/161 1957/510/168
f 1951/504/162 1957/510/168 1958/511/169
f 1952/505/163 1951/504/162 1958/511/169
f 1952/505/163 1958/511/169 1959/512/170
f 1953/506/164 1952/505/163 1959/512/170
f 1953/506/164 1959/512/170 1960/513/171
f 1954/507/165 1953/506/164 1960/513/171
f 1954/507/165 1960/513/171 1961/514/172
f 1955/508/166 1954/507/165 1961/514/172
f 1955/508/166 1961/514/172 1962/515/173
f 1956/509/167 1955/508/166 1962/515/173
f 1956/509/167 1962/515/173 1963/516/174
f 1949/502/160 1956/509/167 1963/516/174
f 1949/502/160 1963/516/174 1964/517/175
f 1950/503/161 1949/502/160 1964/517/175
f 1950/503/161 1964/517/175 1957/510/168
s 0
f 1965/619/7 1966/620/7 1967/621/7
f 1965/619/7 1967/621/7 1968/622/7
f 1969/623/135 1970/624/135 1971/625/135
f 1969/623/135 1971/625/135 1972/626/135
f 1973/627/17 1974/628/17 1975/629/17
f 1973/627/17 1975/629/17 1976/630/17
f 1977/631/16 1978/632/16 1979/633/16
f 1977/631/16 1979/633/16 1980/634/16
f 1981/635/15 1982/636/15 1983/637/15
f 1981/635/15 1983/637/15 1984/638/15
s 1
f 497/167/20 493/163/18 495/165/19
f 497/167/20 495/165/19 498/168/19
s 0
f 1985/639/19 1986/640/19 1987/641/19
f 1985/639/19 1987/641/19 1988/642/19
f 494/164/19 499/169/19 1989/643/19
f 494/164/19 1989/643/19 1990/644/19
f 1980/634/16 1979/633/16 1991/645/16
f 1980/634/16 1991/645/16 1992/646/16
f 1971/625/135 1993/647/135 1994/648/135
f 1971/625/135 1994/648/135 1972/626/135
f 1976/630/17 1975/629/17 1995/649/17
f 1976/630/17 1995/649/17 1996/650/17
f 1997/651/19 501/171/19 496/166/19
f 1997/651/19 496/166/19 1998/652/19
f 1998/652/19 1990/644/19 1989/643/19
f 1998/652/19 1989/643/19 1997/651/19
f 1999/653/17 2000/654/17 2001/655/17
f 1999/653/17 2001/655/17 2002/656/17
f 2003/657/7 2004/658/7 2005/659/7
f 2003/657/7 2005/659/7 2006/660/7
f 2007/661/16 2008/662/16 2009/663/16
f 2007/661/16 2009/663/16 2010/664/16
f 499/169/19 500/170/19 502/172/19
f 499/169/19 502/172/19 501/171/19
f 2011/665/15 2012/666/15 2013/667/15
f 2011/665/15 2013/667/15 2014/668/15
f 2015/175/15 2016/669/15 2017/670/15
f 2015/175/15 2017/670/15 2018/178/15
s 1
f 2019/175/179 2020/178/179 2021/177/180
f 2019/175/179 2021/177/180 2022/173/181
s 0
f 2023/603/19 2024/604/19 2025/605/19
f 2023/603/19 2025/605/19 2026/606/19
f 2027/607/7 2028/608/7 2029/609/7
f 2027/607/7 2029/609/7 2030/610/7
f 2031/611/17 2032/612/17 2033/613/17
f 2031/611/17 2033/613/17 2034/614/17
f 2035/615/16 2036/616/16 2037/617/16
f 2035/615/16 2037/617/16 2038/618/16
f 2039/404/19 2040/405/19 2041/92/19
f 2039/404/19 2041/92/19 2042/100/19
f 509/79/15 511/81/15 516/86/15
f 509/79/15 516/86/15 515/85/15
s 1
f 2043/406/131 2044/407/131 2045/408/132
f 2043/406/131 2045/408/132 2046/409/132
s 0
f 518/88/7 512/82/7 514/84/7
f 518/88/7 514/84/7 519/89/7
f 2047/94/19 2048/410/19 2049/411/19
f 2047/94/19 2049/411/19 2050/98/19
f 522/92/16 521/91/16 531/101/16
f 522/92/16 531/101/16 530/100/16
f 2051/408/15 2052/412/15 2053/413/15
f 2051/408/15 2053/413/15 2054/409/15
f 525/95/17 524/94/17 528/98/17
f 525/95/17 528/98/17 527/97/17
f 2055/414/7 2056/415/7 2057/416/7
f 2055/414/7 2057/416/7 2058/417/7
s 1
f 2059/414/133 2060/417/133 2061/418/134
f 2059/414/133 2061/418/134 2062/419/134
f 2062/419/134 2061/418/134 2044/407/131
f 2062/419/134 2044/407/131 2043/406/131
f 2063/468/137 2064/469/135 2065/470/144
f 2063/468/137 2065/470/144 2066/471/145
f 2064/469/135 2067/472/136 2068/473/146
f 2064/469/135 2068/473/146 2065/470/144
f 2067/472/136 2069/474/16 2070/475/147
f 2067/472/136 2070/475/147 2068/473/146
f 2069/474/16 2071/476/36 2072/477/148
f 2069/474/16 2072/477/148 2070/475/147
f 2071/476/36 2073/478/19 2074/479/149
f 2071/476/36 2074/479/149 2072/477/148
f 2073/478/19 2075/480/38 2076/481/150
f 2073/478/19 2076/481/150 2074/479/149
f 2075/480/38 2077/482/17 2078/483/151
f 2075/480/38 2078/483/151 2076/481/150
f 2077/482/17 2063/468/137 2066/471/145
f 2077/482/17 2066/471/145 2078/483/151
f 2079/484/152 2080/485/153 2081/486/19
f 2079/484/152 2081/486/19 2082/487/36
f 2083/488/154 2079/484/152 2082/487/36
f 2083/488/154 2082/487/36 2084/489/16
f 2085/490/155 2083/488/154 2084/489/16
f 2085/490/155 2084/489/16 2086/491/136
f 2087/492/156 2085/490/155 2086/491/136
f 2087/492/156 2086/491/136 2088/493/135
f 2089/494/157 2090/495/156 2091/496/135
f 2089/494/157 2091/496/135 2092/497/137
f 2093/498/158 2089/494/157 2092/497/137
f 2093/498/158 2092/497/137 2094/499/17
f 2095/500/159 2093/498/158 2094/499/17
f 2095/500/159 2094/499/17 2096/501/38
f 2080/485/153 2095/500/159 2096/501/38
f 2080/485/153 2096/501/38 2081/486/19
f 2072/477/148 2074/479/149 2097/502/160
f 2072/477/148 2097/502/160 2098/503/161
f 2070/475/147 2072/477/148 2098/503/161
f 2070/475/147 2098/503/161 2099/504/162
f 2068/473/146 2070/475/147 2099/504/162
f 2068/473/146 2099/504/162 2100/505/163
f 2065/470/144 2068/473/146 2100/505/163
f 2065/470/144 2100/505/163 2101/506/164
f 2066/471/145 2065/470/144 2101/506/164
f 2066/471/145 2101/506/164 2102/507/165
f 2078/483/151 2066/471/145 2102/507/165
f 2078/483/151 2102/507/165 2103/508/166
f 2076/481/150 2078/483/151 2103/508/166
f 2076/481/150 2103/508/166 2104/509/167
f 2097/502/160 2074/479/149 2076/481/150
f 2097/502/160 2076/481/150 2104/509/167
f 2099/504/162 2098/503/161 2105/510/168
f 2099/504/162 2105/510/168 2106/511/169
f 2100/505/163 2099/504/162 2106/511/169
f 2100/505/163 2106/511/169 2107/512/170
f 2101/506/164 2100/505/163 2107/512/170
f 2101/506/164 2107/512/170 2108/513/171
f 2102/507/165 2101/506/164 2108/513/171
f 2102/507/165 2108/513/171 2109/514/172
f 2103/508/166 2102/507/165 2109/514/172
f 2103/508/166 2109/514/172 2110/515/173
f 2104/509/167 2103/508/166 2110/515/173
f 2104/509/167 2110/515/173 2111/516/174
f 2097/502/160 2104/509/167 2111/516/174
f 2097/502/160 2111/516/174 2112/517/175
f 2098/503/161 2097/502/160 2112/517/175
f 2098/503/161 2112/517/175 2105/510/168
s 0
f 2113/404/19 2114/405/19 2115/92/19
f 2113/404/19 2115/92/19 2116/100/19
f 533/79/15 535/81/15 540/86/15
f 533/79/15 540/86/15 539/85/15
s 1
f 2117/406/131 2118/407/131 2119/408/132
f 2117/406/131 2119/408/132 2120/409/132
s 0
f 542/88/7 536/82/7 538/84/7
f 542/88/7 538/84/7 543/89/7
f 2121/94/19 2122/410/19 2123/411/19
f 2121/94/19 2123/411/19 2124/98/19
f 546/92/16 545/91/16 555/101/16
f 546/92/16 555/101/16 554/100/16
f 2125/408/15 2126/412/15 2127/413/15
f 2125/408/15 2127/413/15 2128/409/15
f 549/95/17 548/94/17 552/98/17
f 549/95/17 552/98/17 551/97/17
f 2129/414/7 2130/415/7 2131/416/7
f 2129/414/7 2131/416/7 2132/417/7
s 1
f 2133/414/133 2134/417/133 2135/418/134
f 2133/414/133 2135/418/134 2136/419/134
f 2136/419/134 2135/418/134 2118/407/131
f 2136/419/134 2118/407/131 2117/406/131
