# Blender 5.2.2 LTS
# www.blender.org
mtllib VendingSnack.mtl
o Vending_Machine_Outside_box_0
v -0.443630 1.737934 0.000000
v -0.457088 1.737934 0.000000
v -0.457088 1.837139 0.000000
v -0.443630 1.837139 0.000000
v -0.457088 0.065616 0.000001
v -0.457088 0.000000 0.000001
v -0.457088 0.000000 0.861145
v -0.457088 0.065616 0.861145
v 0.455140 1.737934 0.000000
v 0.455140 1.837139 0.000000
v 0.455140 1.837140 0.861143
v 0.455140 1.737934 0.861143
v -0.457088 1.837139 0.000000
v -0.457088 1.837140 0.861144
v 0.382710 0.000000 0.000001
v 0.455140 0.000000 0.000001
v 0.455140 0.000000 0.861144
v 0.393609 0.000000 0.861144
v 0.455140 1.526139 0.000000
v 0.455140 1.737934 0.000000
v 0.455140 1.737934 0.861143
v 0.455140 1.526139 0.861143
v -0.457088 1.837139 0.000000
v -0.457088 1.737934 0.000000
v -0.457088 1.737934 0.861144
v -0.457088 1.837140 0.861144
v -0.457088 1.737934 0.000000
v -0.443630 1.737934 0.000000
v -0.276025 1.526139 0.000000
v -0.385311 1.526139 0.000000
v -0.385311 1.737934 0.000000
v -0.276025 1.737934 0.000000
v -0.403255 0.000000 0.000001
v -0.385311 0.000000 0.000001
v -0.385310 0.000000 0.861145
v -0.403255 0.000000 0.861145
v -0.276025 1.837139 0.000000
v -0.385311 1.837139 0.000000
v -0.385310 1.837140 0.861144
v -0.276024 1.837140 0.861144
v -0.276025 1.737934 0.000000
v -0.385311 1.737934 0.000000
v -0.385311 1.837139 0.000000
v -0.276025 1.837139 0.000000
v 0.455140 1.737934 0.000000
v 0.382710 1.737934 0.000000
v 0.382710 1.837139 0.000000
v 0.455140 1.837139 0.000000
v 0.455140 1.837139 0.000000
v 0.382710 1.837139 0.000000
v 0.382710 1.837140 0.861143
v 0.455140 1.837140 0.861143
v 0.455140 1.526139 0.000000
v 0.382710 1.526139 0.000000
v 0.382710 1.737934 0.000000
v 0.455140 1.737934 0.000000
v 0.371642 0.000000 0.000001
v 0.382710 0.000000 0.000001
v 0.393609 0.000000 0.861144
v 0.371642 0.000000 0.861144
v 0.455140 0.065616 0.000001
v 0.382710 0.065616 0.000001
v -0.276025 0.000000 0.000001
v -0.385311 0.000000 0.000001
v -0.385311 0.162436 0.000001
v -0.276025 0.162436 0.000001
v -0.443630 0.065616 0.000001
v -0.457088 0.065616 0.000001
v -0.443630 0.162436 0.000001
v 0.455140 0.065616 0.000001
v 0.455140 0.162436 0.000001
v 0.455140 0.162436 0.861144
v 0.455140 0.065616 0.861144
v -0.457088 0.339002 0.000001
v -0.457088 0.162436 0.000001
v -0.457088 0.162436 0.861145
v -0.457088 0.339003 0.861144
v 0.455140 0.000000 0.000001
v 0.455140 0.065616 0.000001
v 0.455140 0.065616 0.861144
v 0.455140 0.000000 0.861144
v -0.457088 0.000000 0.861145
v -0.457088 0.065616 0.861145
v -0.443630 0.000000 0.000001
v -0.457088 0.000000 0.000001
v -0.457088 0.065616 0.000001
v -0.443630 0.065616 0.000001
v -0.276024 0.000000 0.861144
v -0.276024 0.065616 0.861144
v -0.385310 0.065616 0.861144
v -0.385310 0.000000 0.861145
v 0.455140 0.000000 0.861144
v 0.455140 0.065616 0.861144
v 0.393609 0.065616 0.861144
v 0.393609 0.000000 0.861144
v 0.455140 0.000000 0.000001
v 0.382710 0.000000 0.000001
v 0.382710 0.065616 0.000001
v 0.455140 0.065616 0.000001
v -0.457088 0.162436 0.000001
v -0.457088 0.065616 0.000001
v -0.457088 0.065616 0.861145
v -0.457088 0.162436 0.861145
v -0.385311 0.000000 0.000001
v -0.403255 0.000000 0.000001
v -0.403255 0.065616 0.000001
v -0.385311 0.065616 0.000001
v -0.385310 0.000000 0.861145
v -0.385310 0.065616 0.861144
v -0.403255 0.065616 0.861145
v -0.403255 0.000000 0.861145
v -0.385311 0.065616 0.000001
v -0.403255 0.065616 0.000001
v -0.403255 0.162436 0.000001
v -0.385311 0.162436 0.000001
v -0.443630 0.000000 0.000001
v -0.403255 0.000000 0.000001
v -0.403255 0.000000 0.861145
v -0.443630 0.000000 0.861145
v -0.385311 1.503975 0.000000
v -0.403255 1.503975 0.000000
v -0.403255 1.837139 0.000000
v -0.385311 1.837139 0.000000
v -0.385311 1.837139 0.000000
v -0.403255 1.837139 0.000000
v -0.403255 1.837140 0.861144
v -0.385310 1.837140 0.861144
v -0.457088 0.000000 0.000001
v -0.443630 0.000000 0.000001
v -0.443630 0.000000 0.861145
v -0.457088 0.000000 0.861145
v -0.403255 0.000000 0.000001
v -0.443630 0.000000 0.000001
v -0.403255 0.000000 0.861145
v -0.403255 0.065616 0.861145
v -0.403255 0.162436 0.000001
v -0.403255 1.526139 0.000000
v -0.443630 1.526139 0.000001
v -0.443630 1.737934 0.000000
v -0.403255 1.737934 0.000000
v -0.403255 1.837139 0.000000
v -0.403255 1.837140 0.861144
v -0.403255 1.737934 0.000000
v -0.443630 1.737934 0.000000
v -0.443630 1.837139 0.000000
v -0.403255 1.837139 0.000000
v -0.457088 1.016766 0.000001
v -0.457088 0.499459 0.000001
v -0.457088 0.499459 0.861144
v -0.457088 1.016766 0.861144
v -0.403255 0.499459 0.000001
v -0.443630 0.499459 0.000001
v -0.443630 1.016766 0.000001
v -0.403255 1.016766 0.000001
v -0.385311 0.339002 0.000001
v -0.403255 0.339002 0.000001
v 0.382710 0.499459 0.000001
v 0.371642 0.499459 0.000001
v 0.371642 1.016766 0.000000
v 0.382710 1.016766 0.000000
v 0.226691 0.499459 0.000001
v 0.226691 1.016766 0.000000
v 0.272025 1.016766 0.000000
v 0.272025 0.499459 0.000001
v 0.117405 0.499459 0.000001
v 0.117405 1.016766 0.000000
v 0.226691 1.016766 0.000000
v 0.226691 0.499459 0.000001
v 0.371642 0.000000 0.861144
v 0.371642 0.065616 0.861144
v 0.272025 0.065616 0.861144
v 0.272025 0.000000 0.861144
v 0.371642 0.000000 0.000001
v 0.272025 0.000000 0.000001
v 0.272025 0.065616 0.000001
v 0.371642 0.065616 0.000001
v 0.371642 0.065616 0.000001
v 0.272025 0.065616 0.000001
v 0.272025 0.162436 0.000001
v 0.371642 0.162436 0.000001
v 0.226691 0.000000 0.000001
v 0.272025 0.000000 0.000001
v 0.272025 0.000000 0.861144
v 0.226691 0.000000 0.861144
v 0.371642 1.737934 0.000000
v 0.272025 1.737934 0.000000
v 0.272025 1.837139 0.000000
v 0.371642 1.837139 0.000000
v 0.272025 1.837139 0.000000
v 0.272025 1.837140 0.861144
v 0.371642 1.837140 0.861143
v 0.371642 1.526139 0.000000
v 0.272025 1.526139 0.000000
v 0.272025 1.737934 0.000000
v 0.371642 1.737934 0.000000
v 0.382710 1.837139 0.000000
v 0.382710 1.837139 0.000000
v 0.371642 1.837139 0.000000
v 0.371642 1.837140 0.861143
v 0.382710 1.837140 0.861143
v 0.382710 0.000000 0.000001
v 0.371642 0.000000 0.000001
v 0.393609 0.000000 0.861144
v 0.393609 0.065616 0.861144
v 0.371642 0.065616 0.861144
v 0.371642 0.000000 0.861144
v 0.455140 0.499459 0.000000
v 0.382710 0.499459 0.000001
v 0.382710 1.016766 0.000000
v 0.455140 1.016766 0.000000
v 0.272025 0.000000 0.000001
v 0.371642 0.000000 0.000001
v 0.371642 0.000000 0.861144
v 0.272025 0.000000 0.861144
v 0.382710 0.499459 0.000001
v 0.371642 0.447813 0.000001
v 0.272025 0.447813 0.000001
v 0.272025 0.499459 0.000001
v -0.403255 0.470659 0.000001
v -0.443630 0.470659 0.000001
v -0.443630 0.499459 0.000001
v -0.403255 0.499459 0.000001
v 0.455140 0.470659 0.000000
v 0.382710 0.470659 0.000001
v 0.382710 0.499459 0.000001
v 0.455140 0.499459 0.000000
v -0.276025 0.470659 0.000001
v -0.385311 0.470659 0.000001
v -0.385311 0.499459 0.000001
v -0.276025 0.499459 0.000001
v 0.455140 0.470659 0.000000
v 0.455140 0.499459 0.000000
v 0.455140 0.499459 0.861144
v 0.455140 0.470659 0.861144
v 0.272025 0.470659 0.000001
v 0.226691 0.470659 0.000001
v 0.226691 0.499459 0.000001
v 0.272025 0.499459 0.000001
v 0.117405 0.000000 0.000001
v 0.226691 0.000000 0.000001
v 0.226691 0.000000 0.861144
v 0.117405 0.000000 0.861144
v 0.272025 0.499459 0.000001
v 0.272025 1.016766 0.000000
v 0.371642 1.016766 0.000000
v 0.371642 0.499459 0.000001
v 0.272025 0.000000 0.861144
v 0.272025 0.065616 0.861144
v 0.226691 0.065616 0.861144
v 0.226691 0.000000 0.861144
v 0.272025 0.000000 0.000001
v 0.226691 0.000000 0.000001
v 0.226691 0.065616 0.000001
v 0.272025 0.065616 0.000001
v 0.272025 0.065616 0.000001
v 0.226691 0.065616 0.000001
v 0.226691 0.162436 0.000001
v 0.272025 0.162436 0.000001
v 0.272025 1.737934 0.000000
v 0.226691 1.737934 0.000000
v 0.226691 1.837139 0.000000
v 0.272025 1.837139 0.000000
v 0.272025 1.837139 0.000000
v 0.226691 1.837139 0.000000
v 0.226691 1.837140 0.861144
v 0.272025 1.837140 0.861144
v 0.272025 1.526139 0.000000
v 0.226691 1.526139 0.000000
v 0.226691 1.737934 0.000000
v 0.272025 1.737934 0.000000
v 0.272025 0.162436 0.000001
v 0.226691 0.162436 0.000001
v 0.226691 0.339002 0.000001
v 0.272025 0.339002 0.000001
v 0.455140 0.162436 0.000001
v 0.455140 0.339002 0.000001
v 0.455140 0.339003 0.861144
v 0.455140 0.162436 0.861144
v -0.276025 0.162436 0.000001
v -0.385311 0.162436 0.000001
v -0.385311 0.339002 0.000001
v -0.276025 0.339002 0.000001
v 0.382710 0.339002 0.000001
v 0.455140 0.339002 0.000001
v -0.385311 0.162436 0.000001
v -0.403255 0.162436 0.000001
v -0.403255 0.339002 0.000001
v -0.385311 0.339002 0.000001
v -0.403255 0.162436 0.000001
v -0.443630 0.162436 0.000001
v -0.443630 0.339002 0.000001
v -0.403255 0.339002 0.000001
v 0.371642 0.162436 0.000001
v 0.272025 0.162436 0.000001
v 0.272025 0.339002 0.000001
v 0.371642 0.339002 0.000001
v -0.457088 0.362659 0.000001
v -0.457088 0.339002 0.000001
v -0.457088 0.339003 0.861144
v -0.457088 0.362660 0.861144
v 0.226691 0.162436 0.000001
v 0.117405 0.162436 0.000001
v 0.117405 0.339002 0.000001
v 0.226691 0.339002 0.000001
v -0.276025 0.000000 0.000001
v 0.117405 0.000000 0.000001
v 0.117405 0.000000 0.861144
v -0.276024 0.000000 0.861144
v 0.226691 0.499459 0.000001
v 0.117405 0.499459 0.000001
v -0.276025 0.499459 0.000001
v -0.276025 1.016766 0.000001
v 0.117405 1.016766 0.000000
v 0.117405 0.499459 0.000001
v 0.226691 0.000000 0.861144
v 0.226691 0.065616 0.861144
v 0.117405 0.065616 0.861144
v 0.117405 0.000000 0.861144
v 0.226691 0.000000 0.000001
v 0.117405 0.000000 0.000001
v 0.117405 0.065616 0.000001
v 0.226691 0.065616 0.000001
v 0.226691 0.065616 0.000001
v 0.117405 0.065616 0.000001
v 0.117405 0.162436 0.000001
v 0.226691 0.162436 0.000001
v 0.226691 1.837139 0.000000
v 0.117405 1.837139 0.000000
v 0.226691 1.837139 0.000000
v 0.117405 1.837139 0.000000
v 0.117405 1.837140 0.861144
v 0.226691 1.837140 0.861144
v 0.226691 1.503975 0.000000
v 0.117405 1.503975 0.000000
v -0.385311 0.000000 0.000001
v -0.276025 0.000000 0.000001
v -0.276024 0.000000 0.861144
v -0.385310 0.000000 0.861145
v 0.117405 0.162436 0.000001
v -0.276025 0.162436 0.000001
v -0.276025 0.339002 0.000001
v 0.117405 0.339002 0.000001
v 0.117405 0.470659 0.000001
v -0.276025 0.470659 0.000001
v -0.276025 0.499459 0.000001
v 0.117405 0.499459 0.000001
v -0.276025 0.499459 0.000001
v -0.385311 0.499459 0.000001
v -0.385311 1.016766 0.000001
v -0.276025 1.016766 0.000001
v 0.117405 0.000000 0.861144
v 0.117405 0.065616 0.861144
v -0.276024 0.065616 0.861144
v -0.276024 0.000000 0.861144
v 0.117405 0.000000 0.000001
v -0.276025 0.000000 0.000001
v -0.276025 0.065616 0.000001
v 0.117405 0.065616 0.000001
v 0.117405 0.065616 0.000001
v -0.276025 0.065616 0.000001
v -0.276025 0.162436 0.000001
v 0.117405 0.162436 0.000001
v 0.117405 1.737934 0.000000
v -0.276025 1.737934 0.000000
v -0.276025 1.837139 0.000000
v 0.117405 1.837139 0.000000
v 0.117405 1.837139 0.000000
v -0.276025 1.837139 0.000000
v -0.276024 1.837140 0.861144
v 0.117405 1.837140 0.861144
v 0.117405 1.526139 0.000000
v -0.276025 1.526139 0.000000
v -0.276025 1.737934 0.000000
v 0.117405 1.737934 0.000000
v 0.117405 0.447813 0.000001
v -0.276025 0.447813 0.000001
v -0.276025 0.470659 0.000001
v 0.117405 0.470659 0.000001
v -0.457088 0.499459 0.000001
v -0.457088 0.470659 0.000001
v -0.457088 0.470659 0.861144
v -0.457088 0.499459 0.861144
v 0.272025 0.447813 0.000001
v 0.226691 0.447813 0.000001
v 0.226691 0.470659 0.000001
v 0.272025 0.470659 0.000001
v 0.455140 0.447813 0.000000
v 0.455140 0.470659 0.000000
v 0.455140 0.470659 0.861144
v 0.455140 0.447813 0.861144
v -0.276025 0.447813 0.000001
v -0.385311 0.447813 0.000001
v -0.385311 0.470659 0.000001
v -0.276025 0.470659 0.000001
v 0.455140 0.447813 0.000000
v 0.382710 0.447813 0.000001
v 0.382710 0.470659 0.000001
v 0.455140 0.470659 0.000000
v -0.403255 0.447813 0.000001
v -0.443630 0.447813 0.000001
v -0.443630 0.470659 0.000001
v -0.403255 0.470659 0.000001
v 0.371642 0.339002 0.000001
v 0.272025 0.339002 0.000001
v 0.272025 0.362659 0.000001
v 0.371642 0.362659 0.000001
v -0.403255 0.339002 0.000001
v -0.443630 0.339002 0.000001
v -0.443630 0.362659 0.000001
v -0.403255 0.362659 0.000001
v 0.455140 0.339002 0.000001
v 0.382710 0.339002 0.000001
v 0.382710 0.362659 0.000001
v 0.455140 0.362659 0.000001
v -0.276025 0.339002 0.000001
v -0.385311 0.339002 0.000001
v -0.385311 0.362659 0.000001
v -0.276025 0.362659 0.000001
v 0.455140 0.339002 0.000001
v 0.455140 0.362659 0.000001
v 0.455140 0.362660 0.861144
v 0.455140 0.339003 0.861144
v 0.272025 0.339002 0.000001
v 0.226691 0.339002 0.000001
v 0.226691 0.362659 0.000001
v 0.272025 0.362659 0.000001
v 0.226691 0.339002 0.000001
v 0.117405 0.339002 0.000001
v 0.117405 0.362659 0.000001
v 0.226691 0.362659 0.000001
v 0.117405 0.339002 0.000001
v -0.276025 0.339002 0.000001
v -0.276025 0.362659 0.000001
v 0.117405 0.362659 0.000001
v -0.457088 0.447813 0.000001
v -0.457088 0.362659 0.000001
v -0.457088 0.362660 0.861144
v -0.457088 0.447813 0.861144
v -0.457088 0.470659 0.000001
v -0.457088 0.447813 0.000001
v -0.457088 0.447813 0.861144
v -0.457088 0.470659 0.861144
v 0.371642 0.362659 0.000001
v 0.272025 0.362659 0.000001
v 0.272025 0.447813 0.000001
v 0.371642 0.447813 0.000001
v -0.403255 0.362659 0.000001
v -0.443630 0.362659 0.000001
v -0.443630 0.447813 0.000001
v -0.403255 0.447813 0.000001
v 0.455140 0.362659 0.000001
v 0.382710 0.362659 0.000001
v 0.382710 0.447813 0.000001
v 0.455140 0.447813 0.000000
v -0.276025 0.362659 0.000001
v -0.385311 0.362659 0.000001
v -0.385311 0.447813 0.000001
v -0.276025 0.447813 0.000001
v 0.455140 0.362659 0.000001
v 0.455140 0.447813 0.000000
v 0.455140 0.447813 0.861144
v 0.455140 0.362660 0.861144
v 0.272025 0.362659 0.000001
v 0.226691 0.362659 0.000001
v 0.226691 0.447813 0.000001
v 0.272025 0.447813 0.000001
v 0.226691 0.362659 0.000001
v 0.117405 0.362659 0.000001
v 0.117405 0.362659 0.000001
v -0.276025 0.362659 0.000001
v -0.276025 0.447813 0.000001
v 0.117405 0.447813 0.000001
v 0.117405 1.326658 0.000000
v -0.276025 1.326658 0.000001
v -0.276025 1.503975 0.000000
v 0.117405 1.503975 0.000000
v 0.226691 1.326658 0.000000
v 0.117405 1.326658 0.000000
v 0.117405 1.503975 0.000000
v 0.226691 1.503975 0.000000
v 0.272025 1.526139 0.000000
v 0.226691 1.526139 0.000000
v 0.382710 1.144416 0.000000
v 0.371642 1.326658 0.000000
v 0.272025 1.326658 0.000000
v 0.272025 1.503975 0.000000
v 0.371642 1.503975 0.000000
v -0.457088 1.526139 0.000001
v -0.457088 1.503975 0.000001
v -0.457088 1.503975 0.861144
v -0.457088 1.526139 0.861144
v -0.403255 1.326658 0.000001
v -0.443630 1.326658 0.000001
v -0.443630 1.503975 0.000001
v -0.403255 1.503975 0.000000
v -0.385311 1.326658 0.000001
v -0.403255 1.326658 0.000001
v -0.403255 1.503975 0.000000
v -0.385311 1.503975 0.000000
v 0.455140 1.326658 0.000000
v 0.382710 1.326658 0.000000
v 0.382710 1.526139 0.000000
v 0.455140 1.526139 0.000000
v -0.276025 1.326658 0.000001
v -0.385311 1.326658 0.000001
v -0.385311 1.503975 0.000000
v -0.276025 1.503975 0.000000
v -0.443630 1.326658 0.000001
v -0.457088 1.306956 0.000001
v 0.455140 1.326658 0.000000
v 0.455140 1.503975 0.000000
v 0.455140 1.503975 0.861143
v 0.455140 1.326658 0.861144
v -0.457088 1.737934 0.000000
v -0.457088 1.526139 0.000001
v -0.457088 1.526139 0.861144
v -0.457088 1.737934 0.861144
v 0.117405 1.503975 0.000000
v -0.276025 1.503975 0.000000
v -0.276025 1.526139 0.000000
v 0.117405 1.526139 0.000000
v 0.371642 1.503975 0.000000
v 0.272025 1.503975 0.000000
v 0.272025 1.526139 0.000000
v 0.371642 1.526139 0.000000
v -0.403255 1.503975 0.000000
v -0.443630 1.503975 0.000001
v -0.443630 1.526139 0.000001
v -0.403255 1.526139 0.000000
v -0.276025 1.503975 0.000000
v -0.385311 1.503975 0.000000
v -0.385311 1.526139 0.000000
v -0.276025 1.526139 0.000000
v 0.455140 1.503975 0.000000
v 0.455140 1.526139 0.000000
v 0.455140 1.526139 0.861143
v 0.455140 1.503975 0.861143
v 0.455140 1.306956 0.000000
v 0.455140 1.326658 0.000000
v 0.455140 1.326658 0.861144
v 0.455140 1.306956 0.861144
v -0.276025 1.306956 0.000001
v -0.385311 1.306956 0.000001
v -0.385311 1.326658 0.000001
v -0.276025 1.326658 0.000001
v 0.455140 1.306956 0.000000
v 0.382710 1.306956 0.000000
v 0.382710 1.326658 0.000000
v 0.455140 1.326658 0.000000
v -0.385311 1.306956 0.000001
v -0.403255 1.306956 0.000001
v -0.403255 1.326658 0.000001
v -0.385311 1.326658 0.000001
v -0.403255 1.306956 0.000001
v -0.403255 1.326658 0.000001
v 0.371642 1.326658 0.000000
v 0.272025 1.326658 0.000000
v 0.226691 1.326658 0.000000
v 0.117405 1.326658 0.000000
v 0.117405 1.306956 0.000000
v -0.276025 1.306956 0.000001
v -0.276025 1.326658 0.000001
v 0.117405 1.326658 0.000000
v -0.457088 1.503975 0.000001
v -0.457088 1.326658 0.000001
v -0.457088 1.326658 0.861144
v -0.457088 1.503975 0.861144
v 0.117405 1.144416 0.000000
v -0.276025 1.144416 0.000001
v -0.276025 1.306956 0.000001
v 0.117405 1.306956 0.000000
v 0.226691 1.118557 0.000000
v 0.117405 1.118557 0.000000
v 0.272025 1.016766 0.000000
v 0.226691 1.016766 0.000000
v 0.371642 1.016766 0.000000
v 0.371642 1.144416 0.000000
v 0.272025 1.144416 0.000000
v -0.403255 1.144416 0.000001
v -0.443630 1.144416 0.000001
v -0.443630 1.306956 0.000001
v -0.403255 1.306956 0.000001
v -0.385311 1.144416 0.000001
v -0.403255 1.144416 0.000001
v -0.403255 1.306956 0.000001
v -0.385311 1.306956 0.000001
v 0.455140 1.144416 0.000000
v 0.382710 1.144416 0.000000
v 0.382710 1.306956 0.000000
v 0.455140 1.306956 0.000000
v -0.276025 1.144416 0.000001
v -0.385311 1.144416 0.000001
v -0.385311 1.306956 0.000001
v -0.276025 1.306956 0.000001
v -0.443630 1.144416 0.000001
v -0.457088 1.144416 0.000001
v -0.457088 1.306956 0.000001
v -0.443630 1.306956 0.000001
v 0.455140 1.144416 0.000000
v 0.455140 1.306956 0.000000
v 0.455140 1.306956 0.861144
v 0.455140 1.144416 0.861144
v -0.457088 1.326658 0.000001
v -0.457088 1.306956 0.000001
v -0.457088 1.306956 0.861144
v -0.457088 1.326658 0.861144
v 0.455140 1.118557 0.000000
v 0.455140 1.144416 0.000000
v 0.455140 1.144416 0.861144
v 0.455140 1.118557 0.861144
v -0.443630 1.144416 0.000001
v -0.457088 1.144416 0.000001
v -0.276025 1.118557 0.000001
v -0.385311 1.118557 0.000001
v -0.385311 1.144416 0.000001
v -0.276025 1.144416 0.000001
v 0.455140 1.144416 0.000000
v -0.385311 1.144416 0.000001
v -0.403255 1.144416 0.000001
v -0.403255 1.118557 0.000001
v -0.443630 1.118557 0.000001
v -0.443630 1.144416 0.000001
v -0.403255 1.144416 0.000001
v 0.371642 1.118557 0.000000
v 0.272025 1.118557 0.000000
v 0.272025 1.144416 0.000000
v 0.371642 1.144416 0.000000
v 0.117405 1.118557 0.000000
v -0.276025 1.118557 0.000001
v -0.276025 1.144416 0.000001
v 0.117405 1.144416 0.000000
v -0.457088 1.306956 0.000001
v -0.457088 1.144416 0.000001
v -0.457088 1.144416 0.861144
v -0.457088 1.306956 0.861144
v 0.117405 1.063700 0.000000
v -0.276025 1.063700 0.000001
v -0.276025 1.118557 0.000001
v 0.117405 1.118557 0.000000
v 0.226691 1.063700 0.000000
v 0.117405 1.063700 0.000000
v 0.117405 1.118557 0.000000
v 0.226691 1.118557 0.000000
v 0.371642 1.063700 0.000000
v 0.272025 1.063700 0.000000
v 0.272025 1.118557 0.000000
v 0.371642 1.118557 0.000000
v -0.403255 1.063700 0.000001
v -0.443630 1.063700 0.000001
v -0.443630 1.118557 0.000001
v -0.403255 1.118557 0.000001
v 0.455140 1.016766 0.000000
v -0.276025 1.063700 0.000001
v -0.385311 1.063700 0.000001
v -0.385311 1.118557 0.000001
v -0.276025 1.118557 0.000001
v 0.455140 1.063700 0.000000
v 0.455140 1.118557 0.000000
v 0.455140 1.118557 0.861144
v 0.455140 1.063700 0.861144
v -0.457088 1.144416 0.000001
v -0.457088 1.118557 0.000001
v -0.457088 1.118557 0.861144
v -0.457088 1.144416 0.861144
v -0.457088 1.063700 0.000001
v -0.457088 1.016766 0.000001
v -0.457088 1.016766 0.861144
v -0.457088 1.063700 0.861144
v 0.455140 1.016766 0.000000
v 0.455140 1.063700 0.000000
v 0.455140 1.063700 0.861144
v 0.455140 1.016766 0.861144
v -0.276025 1.016766 0.000001
v -0.385311 1.016766 0.000001
v -0.385311 1.063700 0.000001
v -0.276025 1.063700 0.000001
v -0.403255 1.016766 0.000001
v -0.443630 1.016766 0.000001
v -0.443630 1.063700 0.000001
v -0.403255 1.063700 0.000001
v 0.371642 1.016766 0.000000
v 0.272025 1.016766 0.000000
v 0.272025 1.063700 0.000000
v 0.371642 1.063700 0.000000
v 0.226691 1.016766 0.000000
v 0.117405 1.016766 0.000000
v 0.117405 1.063700 0.000000
v 0.226691 1.063700 0.000000
v -0.457088 1.118557 0.000001
v -0.457088 1.063700 0.000001
v -0.457088 1.063700 0.861144
v -0.457088 1.118557 0.861144
v 0.117405 1.016766 0.000000
v -0.276025 1.016766 0.000001
v -0.276025 1.063700 0.000001
v 0.117405 1.063700 0.000000
v 0.455140 0.499459 0.000000
v 0.455140 1.016766 0.000000
v 0.455140 1.016766 0.861144
v 0.455140 0.499459 0.861144
v -0.385310 1.063161 0.736659
v -0.385310 1.016605 0.736659
v -0.385310 1.016766 0.650881
v -0.385310 1.063700 0.650881
v 0.226691 0.921249 0.650881
v 0.226691 0.921249 0.632481
v 0.226691 0.692193 0.632481
v 0.226691 0.692193 0.650881
v 0.226691 0.938641 0.650881
v 0.226691 1.063885 0.650881
v 0.226691 1.063885 0.632481
v 0.226691 0.938641 0.632481
v 0.226691 1.063885 0.650881
v 0.226691 1.120406 0.650881
v 0.226691 1.120406 0.632481
v 0.226691 1.063885 0.632481
v -0.385310 1.177546 0.650881
v -0.385310 1.142568 0.650881
v -0.385310 1.144416 0.632481
v -0.385310 1.177546 0.632481
v -0.385310 1.737934 0.650881
v -0.385310 1.526139 0.650881
v -0.385310 1.526139 0.632481
v -0.385310 1.737934 0.632481
v 0.226691 1.326658 0.650881
v 0.226691 1.503975 0.650881
v 0.226691 1.503975 0.632480
v 0.226691 1.326658 0.632481
v -0.385311 1.120406 0.650881
v -0.385311 1.118557 0.632481
v 0.226691 1.177546 0.650881
v 0.226691 1.306956 0.650881
v 0.226691 1.306956 0.632481
v 0.226691 1.177546 0.632481
v -0.385310 1.503975 0.650881
v -0.385310 1.326658 0.650881
v -0.385310 1.326658 0.632481
v -0.385310 1.503975 0.632481
v 0.226691 1.526139 0.650881
v 0.226691 1.737934 0.650881
v 0.226691 1.737934 0.632480
v 0.226691 1.526139 0.632480
v 0.226691 1.534880 0.769089
v 0.226691 1.737934 0.769088
v 0.226691 1.737934 0.736658
v 0.226691 1.534880 0.736659
v -0.385310 1.495234 0.769089
v -0.385310 1.334498 0.769089
v -0.385310 1.334498 0.736659
v -0.385310 1.495234 0.736659
v 0.226691 1.234972 0.769088
v 0.226691 1.299116 0.769089
v 0.226691 1.299116 0.736659
v 0.226691 1.234972 0.736658
v -0.385310 1.113173 0.769089
v -0.385310 1.063161 0.769089
v -0.385310 1.063161 0.736659
v -0.385310 1.113173 0.736659
v 0.226691 0.499459 0.769089
v 0.226691 0.499459 0.736659
v 0.226691 0.162436 0.736659
v 0.226691 0.162436 0.769089
v 0.226691 1.016605 0.736659
v 0.226691 1.063161 0.736659
v 0.226691 1.063885 0.650881
v 0.226691 1.016822 0.650881
v 0.226691 0.913246 0.769089
v 0.226691 0.913246 0.736659
v 0.226691 0.698216 0.736659
v 0.226691 0.698216 0.769089
v 0.226691 1.334498 0.769089
v 0.226691 1.495234 0.769089
v 0.226691 1.495234 0.736659
v 0.226691 1.334498 0.736659
v -0.385310 1.737934 0.769089
v -0.385310 1.534880 0.769089
v -0.385310 1.534880 0.736659
v -0.385310 1.737934 0.736659
v -0.385310 1.177546 0.769089
v -0.385310 1.149801 0.769089
v -0.385310 1.149801 0.736659
v -0.385310 1.177546 0.736659
v 0.226691 1.063161 0.769089
v 0.226691 1.113173 0.769089
v 0.226691 1.113173 0.736659
v 0.226691 1.063161 0.736659
v 0.226691 0.499459 0.736659
v 0.226691 0.499459 0.650881
v 0.226691 0.162436 0.650882
v 0.226691 0.162436 0.736659
v 0.226691 0.946644 0.769089
v 0.226691 1.016605 0.769088
v 0.226691 1.016605 0.736659
v 0.226691 0.946644 0.736659
v -0.385310 1.299116 0.769089
v -0.385310 1.234972 0.769089
v -0.385310 1.234972 0.736659
v -0.385310 1.299116 0.736659
v 0.226691 1.177546 0.769088
v 0.226691 1.234972 0.769088
v 0.226691 1.234972 0.736658
v 0.226691 1.177546 0.736658
v -0.385310 1.306956 0.650881
v -0.385311 1.177546 0.650881
v -0.385311 1.177546 0.632481
v -0.385310 1.306956 0.632481
v 0.226691 1.142568 0.650881
v 0.226691 1.177546 0.650881
v 0.226691 1.177546 0.632481
v 0.226691 1.142568 0.632481
v 0.226691 1.149801 0.769089
v 0.226691 1.177546 0.769088
v 0.226691 1.177546 0.736658
v 0.226691 1.149801 0.736659
v -0.385310 1.234972 0.769089
v -0.385310 1.177546 0.769089
v -0.385310 1.177546 0.736659
v -0.385310 1.234972 0.736659
v 0.226691 0.513935 0.650881
v 0.226691 0.671237 0.650881
v 0.226691 0.671237 0.632481
v 0.226691 0.513935 0.632481
v 0.226691 0.513427 0.769089
v 0.226691 0.665215 0.769089
v 0.226691 0.665215 0.736659
v 0.226691 0.513427 0.736659
v -0.385310 1.016605 0.769089
v -0.385310 0.946644 0.769089
v -0.385310 0.946644 0.736659
v -0.385310 1.016605 0.736659
v -0.385310 0.938641 0.650882
v -0.385310 0.938641 0.632481
v 0.226691 0.698216 0.736659
v 0.226691 0.913246 0.736659
v 0.226691 0.921249 0.650881
v 0.226691 0.692193 0.650881
v -0.385310 0.499459 0.650882
v -0.385310 0.499459 0.736659
v -0.385310 0.162436 0.736659
v -0.385310 0.162436 0.650882
v -0.385310 0.692193 0.650882
v -0.385310 0.692193 0.632481
v -0.385310 0.921249 0.632481
v -0.385310 0.921249 0.650882
v 0.226691 0.913246 0.736659
v 0.226691 0.946644 0.736659
v 0.226691 0.938641 0.650881
v 0.226691 0.921249 0.650881
v 0.226691 0.513427 0.736659
v 0.226691 0.665215 0.736659
v 0.226691 0.671237 0.650881
v 0.226691 0.513935 0.650881
v 0.226691 0.665215 0.736659
v 0.226691 0.698216 0.736659
v 0.226691 0.692193 0.650881
v 0.226691 0.671237 0.650881
v -0.385310 0.698216 0.769089
v -0.385310 0.698216 0.736659
v -0.385310 0.913246 0.736659
v -0.385310 0.913246 0.769089
v -0.385310 1.234972 0.736659
v -0.385310 1.177546 0.736659
v -0.385310 1.177546 0.650881
v -0.385310 1.234972 0.650881
v 0.226691 1.149801 0.736659
v 0.226691 1.177546 0.736658
v 0.226691 1.177546 0.650881
v 0.226691 1.142568 0.650881
v -0.385310 1.299116 0.736659
v -0.385310 1.234972 0.736659
v -0.385310 1.234972 0.650881
v -0.385310 1.306956 0.650881
v 0.226691 1.177546 0.736658
v 0.226691 1.234972 0.736658
v 0.226691 1.234972 0.650881
v 0.226691 1.177546 0.650881
v 0.226691 1.299116 0.736659
v 0.226691 1.334498 0.736659
v 0.226691 1.326658 0.650881
v 0.226691 1.306956 0.650881
v -0.385310 1.149801 0.736659
v -0.385310 1.113173 0.736659
v -0.385310 1.120406 0.650881
v -0.385310 1.142568 0.650881
v -0.385310 1.534880 0.736659
v -0.385310 1.495234 0.736659
v -0.385310 1.503975 0.650881
v -0.385310 1.526139 0.650881
v 0.226691 1.534880 0.736659
v 0.226691 1.737934 0.736658
v 0.226691 1.737934 0.650881
v 0.226691 1.526139 0.650881
v -0.385310 1.495234 0.736659
v -0.385310 1.334498 0.736659
v -0.385310 1.326658 0.650881
v -0.385310 1.503975 0.650881
v 0.226691 1.234972 0.736658
v 0.226691 1.299116 0.736659
v 0.226691 1.306956 0.650881
v 0.226691 1.234972 0.650881
v -0.385310 1.113173 0.736659
v -0.385310 1.063161 0.736659
v -0.385310 1.063700 0.650881
v -0.385310 1.120406 0.650881
v 0.226691 1.016605 0.769088
v 0.226691 1.063161 0.769089
v 0.226691 1.063161 0.736659
v 0.226691 1.016605 0.736659
v -0.385310 1.063161 0.769089
v -0.385310 1.016605 0.769089
v -0.385310 1.016605 0.736659
v -0.385310 1.063161 0.736659
v -0.385310 1.334498 0.736659
v -0.385310 1.299116 0.736659
v -0.385310 1.306956 0.650881
v -0.385310 1.326658 0.650881
v 0.226691 1.113173 0.736659
v 0.226691 1.149801 0.736659
v 0.226691 1.142568 0.650881
v 0.226691 1.120406 0.650881
v 0.226691 1.334498 0.736659
v 0.226691 1.495234 0.736659
v 0.226691 1.503975 0.650881
v 0.226691 1.326658 0.650881
v 0.226691 1.495234 0.736659
v 0.226691 1.534880 0.736659
v 0.226691 1.526139 0.650881
v 0.226691 1.503975 0.650881
v -0.385310 1.737934 0.736659
v -0.385310 1.534880 0.736659
v -0.385310 1.526139 0.650881
v -0.385310 1.737934 0.650881
v -0.385310 1.177546 0.736659
v -0.385310 1.149801 0.736659
v -0.385310 1.142568 0.650881
v 0.226691 1.063161 0.736659
v 0.226691 1.113173 0.736659
v 0.226691 1.120406 0.650881
v 0.226691 1.063885 0.650881
v -0.385310 0.499459 0.736659
v -0.385310 0.499459 0.769089
v -0.385310 0.162436 0.769089
v -0.385310 0.162436 0.736659
v 0.226691 0.946644 0.736659
v 0.226691 1.016605 0.736659
v 0.226691 1.016822 0.650881
v 0.226691 0.938641 0.650881
v 0.226691 0.499459 0.736659
v 0.226691 0.513427 0.736659
v 0.226691 0.513935 0.650881
v 0.226691 0.499459 0.650881
v 0.226691 0.499459 0.769089
v 0.226691 0.513427 0.769089
v 0.226691 0.513427 0.736659
v 0.226691 0.499459 0.736659
v -0.385310 0.671237 0.650882
v -0.385310 0.513935 0.650882
v -0.385310 0.513935 0.632481
v -0.385310 0.671237 0.632481
v -0.385310 0.665215 0.769089
v -0.385310 0.499459 0.769089
v -0.385310 0.499459 0.736659
v -0.385310 0.665215 0.736659
v -0.385310 0.499459 0.650882
v -0.385310 0.499459 0.736659
v -0.385310 1.016605 0.736659
v -0.385310 1.016766 0.650881
v 0.117405 0.499459 0.650881
v 0.226691 0.499459 0.650881
v 0.226691 0.499459 0.526806
v 0.117405 0.499459 0.526806
v -0.344328 0.499459 0.650882
v -0.276024 0.499459 0.650882
v -0.276024 0.499459 0.526806
v -0.344328 0.499459 0.526806
v 0.226691 1.503975 0.650881
v 0.226691 1.526139 0.650881
v 0.226691 1.526139 0.632480
v 0.226691 1.503975 0.632480
v 0.226691 1.120406 0.650881
v 0.226691 1.142568 0.650881
v 0.226691 1.142568 0.632481
v 0.226691 1.120406 0.632481
v -0.385310 1.326658 0.650881
v -0.385310 1.306956 0.650881
v -0.385310 1.306956 0.632481
v -0.385310 1.326658 0.632481
v -0.276024 0.499459 0.650882
v 0.117405 0.499459 0.650881
v 0.117405 0.499459 0.526806
v -0.276024 0.499459 0.526806
v -0.385310 1.526139 0.650881
v -0.385310 1.503975 0.650881
v -0.385310 1.503975 0.632481
v -0.385310 1.526139 0.632481
v -0.385310 1.142568 0.650881
v -0.385310 1.120406 0.650881
v -0.385310 1.118557 0.632481
v -0.385310 1.144416 0.632481
v -0.385310 1.016766 0.861144
v -0.457088 1.016766 0.861144
v -0.457088 0.499459 0.861144
v -0.385310 0.499459 0.861144
v -0.385310 0.513935 0.650882
v -0.385310 0.499459 0.650882
v -0.385310 0.499459 0.526806
v -0.385310 0.513935 0.632481
v 0.226691 1.306956 0.650881
v 0.226691 1.326658 0.650881
v 0.226691 1.326658 0.632481
v 0.226691 1.306956 0.632481
v -0.344328 1.142568 0.632481
v -0.344328 1.120406 0.632481
v -0.344328 1.120406 0.650881
v -0.344328 1.142568 0.650881
v -0.276024 1.326658 0.632481
v -0.344328 1.326658 0.632481
v -0.344328 1.326658 0.650881
v -0.276024 1.326658 0.650881
v -0.385310 1.503975 0.632481
v -0.344328 1.503975 0.632481
v -0.344328 1.503975 0.650881
v -0.385310 1.503975 0.650881
v -0.344328 0.938641 0.632481
v -0.385310 0.938641 0.632481
v -0.385310 0.938641 0.650882
v -0.344328 0.938641 0.650881
v -0.344328 0.671237 0.632481
v -0.276024 0.671237 0.632481
v -0.276024 0.671237 0.650882
v -0.344328 0.671237 0.650882
v -0.276024 1.526139 0.632481
v -0.344328 1.526139 0.632481
v -0.344328 1.526139 0.650881
v -0.276024 1.526139 0.650881
v -0.344328 1.526139 0.632481
v -0.385310 1.526139 0.632481
v -0.385310 1.526139 0.650881
v -0.344328 1.526139 0.650881
v -0.276024 0.692193 0.632481
v -0.344328 0.692193 0.632481
v -0.344328 0.692193 0.650882
v -0.276024 0.692193 0.650882
v 0.271119 1.028965 0.861144
v 0.376253 1.027408 0.861144
v 0.358892 0.992813 0.836269
v 0.288480 0.992813 0.834729
v -0.385310 1.016766 0.861144
v -0.385310 1.063700 0.861144
v -0.457088 1.063700 0.861144
v -0.457088 1.016766 0.861144
v 0.226691 1.306956 0.861144
v 0.226691 1.326658 0.861144
v 0.226691 1.334498 0.769089
v 0.226691 1.299116 0.769089
v 0.226691 1.495234 0.769089
v 0.226691 1.534880 0.769089
v 0.242134 1.531557 0.769088
v 0.242134 1.498557 0.769088
v -0.385310 1.144416 0.861144
v -0.385310 1.149801 0.769089
v -0.385310 1.299116 0.736659
v -0.385310 1.334498 0.736659
v -0.396476 1.334498 0.736659
v -0.396476 1.299116 0.736659
v -0.385310 1.526139 0.861144
v -0.385310 1.503975 0.861144
v -0.385310 1.495234 0.769089
v -0.385310 1.534880 0.769089
v -0.385310 1.495234 0.769089
v -0.385310 1.495234 0.736659
v -0.396476 1.495234 0.736659
v -0.396476 1.495234 0.769089
v 0.226691 1.526139 0.861144
v 0.226691 1.737934 0.861144
v 0.226691 1.737934 0.769088
v 0.226691 1.534880 0.769089
v -0.385310 1.503975 0.861144
v -0.385310 1.306956 0.861144
v -0.385310 1.299116 0.769089
v -0.385310 1.495234 0.769089
v 0.226691 1.234972 0.861144
v 0.226691 1.306956 0.861144
v 0.226691 1.299116 0.769089
v 0.226691 1.234972 0.769088
v -0.385310 1.016767 0.861144
v -0.385310 1.016605 0.769089
v 0.226691 0.499459 0.861144
v 0.226691 0.499459 0.769089
v 0.226691 0.162436 0.769089
v 0.226691 0.162436 0.861144
v 0.226691 1.016766 0.861144
v 0.226691 1.063700 0.861144
v 0.226691 1.063161 0.769089
v 0.226691 1.016605 0.769088
v -0.385310 0.913246 0.769089
v -0.385310 0.913246 0.736659
v -0.396476 0.913246 0.736659
v -0.396476 0.913246 0.769089
v 0.226691 1.118557 0.861144
v 0.226691 1.144416 0.861144
v 0.226691 1.149801 0.769089
v 0.226691 1.113173 0.769089
v 0.226691 0.698216 0.769089
v 0.226691 0.698216 0.736659
v 0.242134 0.692193 0.736659
v 0.242134 0.692193 0.769089
v 0.226691 1.326658 0.861144
v 0.226691 1.503975 0.861144
v 0.226691 1.495234 0.769089
v 0.226691 1.334498 0.769089
v 0.226691 1.503975 0.861144
v 0.226691 1.526139 0.861144
v 0.226691 1.534880 0.769089
v 0.226691 1.495234 0.769089
v 0.226691 1.113173 0.769089
v 0.226691 1.149801 0.769089
v 0.242134 1.150377 0.769088
v 0.242134 1.112596 0.769088
v -0.385310 1.737934 0.861144
v -0.385310 1.526139 0.861144
v -0.385310 1.534880 0.769089
v -0.385310 1.737934 0.769089
v -0.385310 1.177546 0.861144
v -0.385310 1.144416 0.861144
v -0.385310 1.149801 0.769089
v -0.385310 1.177546 0.769089
v 0.226691 1.063700 0.861144
v 0.226691 1.118557 0.861144
v 0.226691 1.113173 0.769089
v 0.226691 1.063161 0.769089
v -0.276024 0.499459 0.650882
v -0.344328 0.499459 0.650882
v -0.344328 0.162436 0.650882
v -0.276024 0.162436 0.650882
v -0.385310 1.306956 0.861144
v -0.385310 1.234972 0.861144
v -0.385310 1.234972 0.769089
v -0.385310 1.299116 0.769089
v 0.226691 1.177546 0.861144
v 0.226691 1.234972 0.861144
v 0.226691 1.234972 0.769088
v 0.226691 1.177546 0.769088
v 0.226691 1.144416 0.861144
v 0.226691 1.177546 0.861144
v 0.226691 1.177546 0.769088
v 0.226691 1.149801 0.769089
v -0.385310 1.234972 0.861144
v -0.385310 1.177546 0.861144
v -0.385310 1.177546 0.769089
v -0.385310 1.234972 0.769089
v 0.226691 1.299116 0.736659
v 0.226691 1.299116 0.769089
v 0.242134 1.298483 0.769088
v 0.242134 1.298483 0.736658
v -0.344328 1.503975 0.632481
v -0.276024 1.503975 0.632481
v -0.276024 1.503975 0.650881
v -0.344328 1.503975 0.650881
v -0.276024 0.671237 0.632481
v 0.117405 0.671237 0.632481
v 0.117405 0.671237 0.650881
v -0.276024 0.671237 0.650882
v 0.226691 0.671237 0.650881
v 0.226691 0.692193 0.650881
v 0.226691 0.692193 0.632481
v 0.226691 0.671237 0.632481
v -0.385310 0.665215 0.736659
v -0.385310 0.698216 0.736659
v -0.404674 0.698216 0.736659
v -0.404674 0.665215 0.736659
v -0.385310 0.692193 0.650882
v -0.385310 0.671237 0.650882
v -0.385310 0.671237 0.632481
v -0.385310 0.692193 0.632481
v 0.226691 1.149801 0.769089
v 0.226691 1.149801 0.736659
v 0.242134 1.150377 0.736658
v 0.242134 1.150377 0.769088
v 0.117405 1.120406 0.632481
v 0.226691 1.120406 0.632481
v 0.226691 1.120406 0.650881
v 0.117405 1.120406 0.650881
v 0.117405 1.306956 0.632481
v 0.226691 1.306956 0.632481
v 0.226691 1.306956 0.650881
v 0.117405 1.306956 0.650881
v -0.385310 1.306956 0.632481
v -0.344328 1.306956 0.632481
v -0.344328 1.306956 0.650881
v -0.385310 1.306956 0.650881
v 0.226691 0.921249 0.650881
v 0.226691 0.938641 0.650881
v 0.226691 0.938641 0.632481
v 0.226691 0.921249 0.632481
v -0.385310 1.534880 0.769089
v -0.385310 1.495234 0.769089
v -0.396476 1.495234 0.769089
v -0.396476 1.534880 0.769089
v -0.385310 0.938641 0.650882
v -0.385310 0.921249 0.650882
v -0.385310 0.921249 0.632481
v -0.385310 0.938641 0.632481
v 0.117405 0.671237 0.632481
v 0.226691 0.671237 0.632481
v 0.226691 0.671237 0.650881
v 0.117405 0.671237 0.650881
v -0.276024 1.120406 0.632481
v 0.117405 1.120406 0.632481
v 0.117405 1.120406 0.650881
v -0.276024 1.120406 0.650881
v -0.344328 0.499459 0.650882
v -0.385310 0.499459 0.650882
v -0.385310 0.162436 0.650882
v -0.344328 0.162436 0.650882
v 0.226691 1.526139 0.632480
v 0.117405 1.526139 0.632481
v 0.117405 1.526139 0.650881
v 0.226691 1.526139 0.650881
v 0.226691 0.692193 0.632481
v 0.117405 0.692193 0.632481
v 0.117405 0.692193 0.650881
v 0.226691 0.692193 0.650881
v -0.276024 1.306956 0.632481
v 0.117405 1.306956 0.632481
v 0.117405 1.306956 0.650881
v -0.276024 1.306956 0.650881
v -0.385310 0.499459 0.650882
v -0.344328 0.499459 0.650882
v -0.344328 0.499459 0.526806
v -0.385310 0.499459 0.526806
v -0.276024 0.938641 0.632481
v -0.344328 0.938641 0.632481
v -0.344328 0.938641 0.650881
v -0.276024 0.938641 0.650881
v 0.117405 0.938641 0.632481
v -0.276024 0.938641 0.632481
v -0.276024 0.938641 0.650881
v 0.117405 0.938641 0.650881
v -0.344328 1.306956 0.632481
v -0.276024 1.306956 0.632481
v -0.276024 1.306956 0.650881
v -0.344328 1.306956 0.650881
v -0.276024 1.503975 0.632481
v 0.117405 1.503975 0.632481
v 0.117405 1.503975 0.650881
v -0.276024 1.503975 0.650881
v -0.344328 0.921249 0.632481
v -0.276024 0.921249 0.632481
v -0.276024 0.921249 0.650881
v -0.344328 0.921249 0.650881
v 0.226691 0.938641 0.632481
v 0.117405 0.938641 0.632481
v 0.117405 0.938641 0.650881
v 0.226691 0.938641 0.650881
v -0.276024 1.142568 0.632481
v -0.344328 1.142568 0.632481
v -0.344328 1.142568 0.650881
v -0.276024 1.142568 0.650881
v -0.344328 1.326658 0.632481
v -0.344328 1.306956 0.632481
v -0.344328 1.306956 0.650881
v -0.344328 1.326658 0.650881
v 0.117405 0.921249 0.632481
v 0.226691 0.921249 0.632481
v 0.226691 0.921249 0.650881
v 0.117405 0.921249 0.650881
v 0.117405 1.503975 0.632481
v 0.226691 1.503975 0.632480
v 0.226691 1.503975 0.650881
v 0.117405 1.503975 0.650881
v -0.344328 1.120406 0.632481
v -0.276024 1.120406 0.632481
v -0.276024 1.120406 0.650881
v -0.344328 1.120406 0.650881
v 0.226691 1.326658 0.632481
v 0.117405 1.326658 0.632481
v 0.117405 1.326658 0.650881
v 0.226691 1.326658 0.650881
v -0.344328 1.526139 0.632481
v -0.344328 1.503975 0.632481
v -0.344328 1.503975 0.650881
v -0.344328 1.526139 0.650881
v -0.276024 0.921249 0.632481
v 0.117405 0.921249 0.632481
v 0.117405 0.921249 0.650881
v -0.276024 0.921249 0.650881
v -0.344328 0.938641 0.632481
v -0.344328 0.921249 0.632481
v -0.344328 0.921249 0.650881
v -0.344328 0.938641 0.650881
v 0.226691 1.142568 0.632481
v 0.117405 1.142568 0.632481
v 0.117405 1.142568 0.650881
v 0.226691 1.142568 0.650881
v 0.117405 1.326658 0.632481
v -0.276024 1.326658 0.632481
v -0.276024 1.326658 0.650881
v 0.117405 1.326658 0.650881
v 0.117405 1.142568 0.632481
v -0.276024 1.142568 0.632481
v -0.276024 1.142568 0.650881
v 0.117405 1.142568 0.650881
v -0.344328 0.692193 0.632481
v -0.344328 0.671237 0.632481
v -0.344328 0.671237 0.650882
v -0.344328 0.692193 0.650882
v 0.117405 0.692193 0.632481
v -0.276024 0.692193 0.632481
v -0.276024 0.692193 0.650882
v 0.117405 0.692193 0.650881
v 0.117405 1.526139 0.632481
v -0.276024 1.526139 0.632481
v -0.276024 1.526139 0.650881
v 0.117405 1.526139 0.650881
v 0.117405 0.499459 0.650881
v -0.276024 0.499459 0.650882
v -0.276024 0.162436 0.650882
v 0.117405 0.162436 0.650882
v 0.226691 0.499459 0.650881
v 0.117405 0.499459 0.650881
v 0.117405 0.162436 0.650882
v 0.226691 0.162436 0.650882
v -0.385310 0.499459 0.769089
v -0.385310 0.499459 0.861144
v -0.385310 0.162436 0.861144
v -0.385310 0.162436 0.769089
v -0.385310 1.495234 0.736659
v -0.385310 1.534880 0.736659
v -0.396476 1.534880 0.736659
v -0.396476 1.495234 0.736659
v -0.385310 1.113173 0.769089
v -0.385310 1.113173 0.736659
v -0.396476 1.113173 0.736659
v -0.396476 1.113173 0.769089
v -0.385310 1.334498 0.736659
v -0.385310 1.334498 0.769089
v -0.396476 1.334498 0.769089
v -0.396476 1.334498 0.736659
v -0.385310 1.149801 0.769089
v -0.385310 1.113173 0.769089
v -0.396476 1.113173 0.769089
v -0.396476 1.149801 0.769089
v -0.385310 0.946644 0.736659
v -0.385310 0.946644 0.769089
v -0.396476 0.946644 0.769089
v -0.396476 0.946644 0.736659
v -0.385310 1.113173 0.736659
v -0.385310 1.149801 0.736659
v -0.396476 1.149801 0.736659
v -0.396476 1.113173 0.736659
v -0.385310 1.299116 0.769089
v -0.385310 1.299116 0.736659
v -0.396476 1.299116 0.736659
v -0.396476 1.299116 0.769089
v -0.385310 0.946644 0.769089
v -0.385310 0.913246 0.769089
v -0.396476 0.913246 0.769089
v -0.396476 0.946644 0.769089
v -0.385310 1.534880 0.736659
v -0.385310 1.534880 0.769089
v -0.396476 1.534880 0.769089
v -0.396476 1.534880 0.736659
v -0.385310 1.149801 0.736659
v -0.385310 1.149801 0.769089
v -0.396476 1.149801 0.769089
v -0.396476 1.149801 0.736659
v -0.385310 0.913246 0.736659
v -0.385310 0.946644 0.736659
v -0.396476 0.946644 0.736659
v -0.396476 0.913246 0.736659
v -0.385310 1.334498 0.769089
v -0.385310 1.299116 0.769089
v -0.396476 1.299116 0.769089
v -0.396476 1.334498 0.769089
v 0.226691 0.946644 0.769089
v 0.226691 0.946644 0.736659
v 0.242134 0.945353 0.736659
v 0.242134 0.945353 0.769089
v 0.226691 1.149801 0.736659
v 0.226691 1.113173 0.736659
v 0.242134 1.112596 0.736658
v 0.242134 1.150377 0.736658
v 0.226691 1.113173 0.736659
v 0.226691 1.113173 0.769089
v 0.242134 1.112596 0.769088
v 0.242134 1.112596 0.736658
v 0.226691 1.534880 0.736659
v 0.226691 1.495234 0.736659
v 0.242134 1.498557 0.736658
v 0.242134 1.531557 0.736658
v 0.226691 1.334498 0.769089
v 0.226691 1.334498 0.736659
v 0.242134 1.335132 0.736658
v 0.242134 1.335132 0.769088
v 0.226691 1.495234 0.736659
v 0.226691 1.495234 0.769089
v 0.242134 1.498557 0.769088
v 0.242134 1.498557 0.736658
v 0.226691 1.299116 0.769089
v 0.226691 1.334498 0.769089
v 0.242134 1.335132 0.769088
v 0.242134 1.298483 0.769088
v 0.226691 1.534880 0.769089
v 0.226691 1.534880 0.736659
v 0.242134 1.531557 0.736658
v 0.242134 1.531557 0.769088
v 0.226691 0.665215 0.769089
v 0.226691 0.698216 0.769089
v 0.242134 0.692193 0.769089
v 0.242134 0.671237 0.769089
v 0.226691 1.334498 0.736659
v 0.226691 1.299116 0.736659
v 0.242134 1.298483 0.736658
v 0.242134 1.335132 0.736658
v 0.226691 0.913246 0.769089
v 0.226691 0.946644 0.769089
v 0.242134 0.945353 0.769089
v 0.242134 0.914537 0.769089
v 0.226691 0.665215 0.736659
v 0.226691 0.665215 0.769089
v 0.242134 0.671237 0.769089
v 0.242134 0.671237 0.736659
v 0.226691 0.913246 0.736659
v 0.226691 0.913246 0.769089
v 0.242134 0.914537 0.769089
v 0.242134 0.914537 0.736659
v 0.226691 0.698216 0.736659
v 0.226691 0.665215 0.736659
v 0.242134 0.671237 0.736659
v 0.242134 0.692193 0.736659
v 0.226691 0.946644 0.736659
v 0.226691 0.913246 0.736659
v 0.242134 0.914537 0.736659
v 0.242134 0.945353 0.736659
v 0.117405 0.065616 0.861144
v 0.226691 0.065616 0.861144
v 0.226691 0.162436 0.861144
v 0.116194 0.162436 0.861144
v -0.276024 0.065616 0.861144
v 0.117405 0.065616 0.861144
v 0.116194 0.162436 0.861144
v -0.273603 0.162436 0.861144
v -0.385310 0.065616 0.861144
v -0.276024 0.065616 0.861144
v -0.273603 0.162436 0.861144
v -0.385310 0.162436 0.861144
v 0.455140 0.499459 0.861144
v 0.455140 1.016766 0.861144
v 0.226691 1.016766 0.861144
v 0.226691 0.499459 0.861144
v -0.457088 1.063700 0.861144
v -0.385310 1.063700 0.861144
v -0.457088 1.526139 0.861144
v -0.385310 1.526139 0.861144
v -0.457088 1.526139 0.861144
v -0.385310 1.526139 0.861144
v -0.385310 1.737934 0.861144
v -0.457088 1.737934 0.861144
v -0.276024 1.737934 0.861144
v -0.276024 1.837140 0.861144
v -0.385310 1.837140 0.861144
v -0.385310 1.737934 0.861144
v -0.276024 1.837140 0.861144
v -0.276024 1.737934 0.861144
v 0.117405 1.737934 0.861144
v 0.117405 1.837140 0.861144
v 0.117405 1.837140 0.861144
v 0.117405 1.737934 0.861144
v 0.226691 1.737934 0.861144
v 0.226691 1.837140 0.861144
v 0.455140 1.526139 0.861143
v 0.455140 1.737934 0.861143
v 0.226691 1.737934 0.861144
v 0.226691 1.526139 0.861144
v 0.455140 1.503975 0.861143
v 0.455140 1.526139 0.861143
v 0.226691 1.526139 0.861144
v 0.226691 1.503975 0.861144
v 0.455140 1.326658 0.861144
v 0.455140 1.503975 0.861143
v 0.226691 1.503975 0.861144
v 0.226691 1.326658 0.861144
v 0.455140 1.306956 0.861144
v 0.455140 1.326658 0.861144
v 0.226691 1.326658 0.861144
v 0.226691 1.306956 0.861144
v 0.414775 1.176372 0.861144
v 0.414775 1.274485 0.861144
v 0.414775 1.274485 0.767326
v 0.414775 1.176372 0.767326
v 0.455140 1.118557 0.861144
v 0.455140 1.144416 0.861144
v 0.226691 1.144416 0.861144
v 0.226691 1.118557 0.861144
v 0.455140 1.063700 0.861144
v 0.455140 1.118557 0.861144
v 0.226691 1.118557 0.861144
v 0.226691 1.063700 0.861144
v 0.435855 0.339003 0.861144
v 0.435855 0.362660 0.861144
v 0.435855 0.362660 0.802397
v 0.435855 0.339003 0.802397
v 0.414775 1.274485 0.861144
v 0.414775 1.176372 0.861144
v 0.455140 1.144416 0.861144
v 0.455140 1.306956 0.861144
v 0.259318 1.176372 0.861144
v 0.259318 1.207005 0.861144
v 0.226691 1.177546 0.861144
v 0.226691 1.144416 0.861144
v 0.259318 1.233508 0.861144
v 0.259318 1.274485 0.861144
v 0.226691 1.306956 0.861144
v 0.226691 1.234972 0.861144
v 0.259318 1.207005 0.861144
v 0.259318 1.233508 0.861144
v 0.226691 1.234972 0.861144
v 0.226691 1.177546 0.861144
v 0.259318 1.274485 0.861144
v 0.414775 1.274485 0.861144
v 0.455140 1.306956 0.861144
v 0.226691 1.306956 0.861144
v 0.414775 1.176372 0.861144
v 0.259318 1.176372 0.861144
v 0.226691 1.144416 0.861144
v 0.455140 1.144416 0.861144
v 0.259318 1.176372 0.861144
v 0.414775 1.176372 0.861144
v 0.414775 1.176372 0.767326
v 0.259318 1.176372 0.767326
v 0.259318 1.233508 0.861144
v 0.259318 1.207005 0.861144
v 0.259318 1.207005 0.767326
v 0.259318 1.233508 0.767326
v 0.259318 1.207005 0.861144
v 0.259318 1.176372 0.861144
v 0.259318 1.176372 0.767326
v 0.259318 1.207005 0.767326
v 0.414775 1.274485 0.861144
v 0.259318 1.274485 0.861144
v 0.259318 1.274485 0.767326
v 0.414775 1.274485 0.767326
v 0.259318 1.274485 0.861144
v 0.259318 1.233508 0.861144
v 0.259318 1.233508 0.767326
v 0.259318 1.274485 0.767326
v -0.385310 0.665215 0.769089
v -0.385310 0.665215 0.736659
v -0.404674 0.665215 0.736659
v -0.404674 0.665215 0.769089
v -0.385310 0.698216 0.769089
v -0.385310 0.665215 0.769089
v -0.404674 0.665215 0.769089
v -0.404674 0.698216 0.769089
v -0.385310 0.698216 0.736659
v -0.385310 0.698216 0.769089
v -0.404674 0.698216 0.769089
v -0.404674 0.698216 0.736659
v 0.435855 0.339003 0.861144
v 0.455140 0.162436 0.861144
v 0.455140 0.470659 0.861144
v 0.435855 0.480174 0.861144
v 0.435855 0.470659 0.861144
v 0.455140 0.470659 0.861144
v 0.455140 0.499459 0.861144
v 0.435855 0.470659 0.861144
v 0.245977 0.339003 0.861144
v 0.245977 0.480174 0.861144
v 0.226691 0.499459 0.861144
v 0.226691 0.162436 0.861144
v 0.245977 0.480174 0.861144
v 0.435855 0.480174 0.861144
v 0.455140 0.499459 0.861144
v 0.226691 0.499459 0.861144
v 0.435855 0.339003 0.861144
v 0.245977 0.339003 0.861144
v 0.226691 0.162436 0.861144
v 0.455140 0.162436 0.861144
v 0.435855 0.447813 0.861144
v 0.435855 0.470659 0.861144
v 0.435855 0.470659 0.802397
v 0.435855 0.447813 0.802397
v 0.435855 0.470659 0.861144
v 0.435855 0.480174 0.861144
v 0.435855 0.480174 0.802397
v 0.435855 0.470659 0.802397
v 0.245977 0.339003 0.861144
v 0.435855 0.339003 0.861144
v 0.435855 0.339003 0.802397
v 0.245977 0.339003 0.802397
v 0.245977 0.480174 0.861144
v 0.245977 0.339003 0.861144
v 0.245977 0.339003 0.802397
v 0.245977 0.480174 0.802397
v 0.435855 0.362660 0.861144
v 0.435855 0.447813 0.861144
v 0.435855 0.447813 0.802397
v 0.435855 0.362660 0.802397
v 0.376253 1.053058 0.861144
v 0.376253 1.027408 0.861144
v 0.455140 1.016766 0.861144
v 0.455140 1.063700 0.861144
v 0.271119 1.051501 0.861144
v 0.376253 1.053058 0.861144
v 0.455140 1.063700 0.861144
v 0.226691 1.063700 0.861144
v 0.376253 1.027408 0.861144
v 0.271119 1.028965 0.861144
v 0.226691 1.016766 0.861144
v 0.455140 1.016766 0.861144
v 0.271119 1.028965 0.861144
v 0.271119 1.051501 0.861144
v 0.226691 1.063700 0.861144
v 0.226691 1.016766 0.861144
v 0.288480 0.992813 0.834729
v 0.358892 0.992813 0.836269
v 0.358892 0.480174 0.833432
v 0.288480 0.480174 0.833432
v 0.376253 1.027408 0.861144
v 0.376253 1.053058 0.861144
v 0.358892 0.992813 0.810900
v 0.358892 0.992813 0.836269
v 0.271119 1.051501 0.861144
v 0.271119 1.028965 0.861144
v 0.288480 0.992813 0.834729
v 0.288480 0.992813 0.812440
v 0.376253 1.053058 0.861144
v 0.271119 1.051501 0.861144
v 0.288480 0.992813 0.812440
v 0.358892 0.992813 0.810900
v 0.358892 0.992813 0.836269
v 0.358892 0.992813 0.810900
v 0.358892 0.480174 0.811143
v 0.358892 0.480174 0.833432
v 0.288480 0.992813 0.812440
v 0.288480 0.992813 0.834729
v 0.288480 0.480174 0.833432
v 0.288480 0.480174 0.811143
v 0.358892 0.992813 0.810900
v 0.288480 0.992813 0.812440
v 0.288480 0.480174 0.811143
v 0.358892 0.480174 0.811143
v 0.288753 0.480174 0.834111
v 0.359432 0.480174 0.834111
v 0.435855 0.480174 0.861144
v 0.245977 0.480174 0.861144
v 0.359432 0.480174 0.811612
v 0.288753 0.480174 0.811612
v 0.245977 0.480174 0.802397
v 0.435855 0.480174 0.802397
v 0.288753 0.480174 0.811612
v 0.288753 0.480174 0.834111
v 0.245977 0.480174 0.861144
v 0.245977 0.480174 0.802397
v 0.359432 0.480174 0.834111
v 0.359432 0.480174 0.811612
v 0.435855 0.480174 0.802397
v 0.435855 0.480174 0.861144
v 0.117405 0.499459 0.526806
v 0.226691 0.499459 0.526806
v 0.226691 0.499459 0.650881
v 0.117405 0.499459 0.650881
v -0.276024 0.499459 0.526806
v 0.117405 0.499459 0.526806
v 0.117405 0.499459 0.650881
v -0.276024 0.499459 0.650882
v -0.344328 0.513935 0.632481
v -0.344328 0.499459 0.526806
v -0.344328 0.499459 0.650882
v -0.344328 0.513935 0.650882
v 0.226691 0.499459 0.650881
v 0.226691 0.513935 0.650881
v 0.226691 0.513935 0.632481
v 0.226691 0.499459 0.526806
v 0.117405 0.513935 0.632481
v -0.276024 0.513935 0.632481
v -0.276024 0.513935 0.650882
v 0.117405 0.513935 0.650881
v -0.276024 0.513935 0.632481
v -0.344328 0.513935 0.632481
v -0.344328 0.513935 0.650882
v -0.276024 0.513935 0.650882
v -0.344328 0.499459 0.526806
v -0.276024 0.499459 0.526806
v -0.276024 0.499459 0.650882
v -0.344328 0.499459 0.650882
v 0.226691 0.513935 0.632481
v 0.117405 0.513935 0.632481
v 0.117405 0.513935 0.650881
v 0.226691 0.513935 0.650881
v 0.226691 0.499459 0.526806
v 0.226691 0.513935 0.632481
v 0.226691 0.513935 0.650881
v 0.226691 0.499459 0.650881
v -0.344328 0.692193 0.632481
v -0.385310 0.692193 0.632481
v -0.385310 0.692193 0.650882
v -0.344328 0.692193 0.650882
v -0.344328 1.142568 0.632481
v -0.385310 1.144416 0.632481
v -0.385310 1.142568 0.650881
v -0.344328 1.142568 0.650881
v -0.385310 0.671237 0.632481
v -0.344328 0.671237 0.632481
v -0.344328 0.671237 0.650882
v -0.385310 0.671237 0.650882
v -0.385310 0.921249 0.632481
v -0.344328 0.921249 0.632481
v -0.344328 0.921249 0.650881
v -0.385310 0.921249 0.650882
v -0.385310 1.118557 0.632481
v -0.344328 1.120406 0.632481
v -0.344328 1.120406 0.650881
v -0.385310 1.120406 0.650881
v -0.344328 1.326658 0.632481
v -0.385310 1.326658 0.632481
v -0.385310 1.326658 0.650881
v -0.344328 1.326658 0.650881
v -0.344328 0.513935 0.632481
v -0.385310 0.513935 0.632481
v -0.385310 0.513935 0.650882
v -0.344328 0.513935 0.650882
v -0.385310 0.499459 0.526806
v -0.344328 0.499459 0.526806
v -0.344328 0.499459 0.650882
v -0.385310 0.499459 0.650882
v 0.218366 1.306956 0.861144
v 0.218366 1.299116 0.769089
v 0.218366 1.334498 0.769089
v 0.218366 1.326658 0.861144
v -0.376985 1.144416 0.861144
v -0.376985 1.149801 0.769089
v -0.376985 1.113173 0.769089
v -0.376985 1.118557 0.861144
v -0.376985 1.526139 0.861144
v -0.376985 1.534880 0.769089
v -0.376985 1.495234 0.769089
v -0.376985 1.503975 0.861144
v 0.218366 1.526139 0.861144
v 0.218366 1.534880 0.769089
v 0.218366 1.729609 0.769088
v 0.218366 1.729609 0.861144
v -0.376985 1.503975 0.861144
v -0.376985 1.495234 0.769089
v -0.376985 1.334498 0.769089
v -0.376985 1.326658 0.861144
v 0.218366 1.234972 0.861144
v 0.218366 1.234972 0.769088
v 0.218366 1.299116 0.769089
v 0.218366 1.306956 0.861144
v -0.376985 1.118557 0.861144
v -0.376985 1.113173 0.769089
v -0.376985 1.063161 0.769089
v -0.376985 1.063700 0.861144
v 0.218366 0.499459 0.861144
v 0.218366 0.162436 0.861144
v 0.218366 0.162436 0.769089
v 0.218366 0.499459 0.769089
v 0.218366 1.016766 0.861144
v 0.218366 1.016605 0.769088
v 0.218366 1.063161 0.769089
v 0.218366 1.063700 0.861144
v -0.376985 1.326658 0.861144
v -0.376985 1.334498 0.769089
v -0.376985 1.299116 0.769089
v -0.376985 1.306956 0.861144
v 0.218366 1.118557 0.861144
v 0.218366 1.113173 0.769089
v 0.218366 1.149801 0.769089
v 0.218366 1.144416 0.861144
v 0.218366 1.326658 0.861144
v 0.218366 1.334498 0.769089
v 0.218366 1.495234 0.769089
v 0.218366 1.503975 0.861144
v 0.218366 1.503975 0.861144
v 0.218366 1.495234 0.769089
v 0.218366 1.534880 0.769089
v 0.218366 1.526139 0.861144
v -0.376985 1.729609 0.861144
v -0.376985 1.729609 0.769089
v -0.376985 1.534880 0.769089
v -0.376985 1.526139 0.861144
v -0.376985 1.177546 0.861144
v -0.376985 1.177546 0.769089
v -0.376985 1.149801 0.769089
v -0.376985 1.144416 0.861144
v 0.218366 1.063700 0.861144
v 0.218366 1.063161 0.769089
v 0.218366 1.113173 0.769089
v 0.218366 1.118557 0.861144
v -0.376985 1.306956 0.861144
v -0.376985 1.299116 0.769089
v -0.376985 1.177546 0.769089
v -0.376985 1.177546 0.861144
v 0.218366 1.177546 0.861144
v 0.218366 1.177546 0.769088
v 0.218366 1.234972 0.769088
v 0.218366 1.234972 0.861144
v 0.218366 1.144416 0.861144
v 0.218366 1.149801 0.769089
v 0.218366 1.177546 0.769088
v 0.218366 1.177546 0.861144
v -0.376985 0.499459 0.769089
v -0.376985 0.162436 0.769089
v -0.376985 0.162436 0.861144
v -0.376985 0.499459 0.861144
v -0.376985 1.063700 0.861144
v -0.376985 1.063161 0.769089
v -0.376985 1.016605 0.769089
v -0.376985 1.016766 0.861144
v 0.226691 1.063700 0.861144
v 0.226691 1.016766 0.861144
v 0.218366 1.016766 0.861144
v 0.218366 1.063700 0.861144
v -0.385310 1.534880 0.769089
v -0.376985 1.534880 0.769089
v -0.385310 1.526139 0.861144
v -0.385310 1.737934 0.769089
v -0.385310 1.534880 0.769089
v -0.376985 1.534880 0.769089
v -0.376985 1.729609 0.769089
v -0.276024 1.737934 0.861144
v 0.117405 1.737934 0.861144
v 0.117405 1.729609 0.861144
v -0.276024 1.729609 0.861144
v 0.226691 0.665215 0.769089
v 0.226691 0.946644 0.769089
v 0.218366 0.946644 0.769089
v 0.218366 0.665215 0.769089
v 0.226691 1.063700 0.861144
v 0.218366 1.063700 0.861144
v 0.226691 1.016766 0.861144
v 0.226691 0.499459 0.861144
v 0.218366 0.499459 0.861144
v 0.218366 1.016766 0.861144
v 0.117405 1.737934 0.769088
v -0.276024 1.737934 0.769089
v -0.276024 1.729609 0.769089
v 0.117405 1.729609 0.769088
v 0.226691 1.737934 0.861144
v 0.218366 1.729609 0.861144
v 0.226691 1.016605 0.769088
v 0.226691 1.063161 0.769089
v 0.218366 1.063161 0.769089
v 0.218366 1.016605 0.769088
v 0.226691 1.534880 0.769089
v 0.226691 1.737934 0.769088
v 0.218366 1.729609 0.769088
v 0.218366 1.534880 0.769089
v 0.226691 0.946644 0.769089
v 0.226691 1.016605 0.769088
v 0.218366 1.016605 0.769088
v 0.218366 0.946644 0.769089
v -0.385310 1.526139 0.861144
v -0.385310 1.737934 0.861144
v -0.376985 1.729609 0.861144
v -0.376985 1.526139 0.861144
v 0.117405 1.737934 0.861144
v 0.226691 1.737934 0.861144
v 0.218366 1.729609 0.861144
v 0.117405 1.729609 0.861144
v 0.226691 1.063161 0.769089
v 0.226691 1.113173 0.769089
v 0.218366 1.113173 0.769089
v 0.218366 1.063161 0.769089
v -0.385310 1.737934 0.861144
v -0.276024 1.737934 0.861144
v -0.276024 1.729609 0.861144
v -0.376985 1.729609 0.861144
v 0.226691 1.149801 0.769089
v 0.226691 1.177546 0.769088
v 0.218366 1.177546 0.769088
v 0.218366 1.149801 0.769089
v 0.226691 1.177546 0.769088
v 0.226691 1.234972 0.769088
v 0.218366 1.234972 0.769088
v 0.218366 1.177546 0.769088
v 0.226691 0.162436 0.861144
v 0.226691 0.162436 0.769089
v 0.218366 0.162436 0.769089
v 0.218366 0.162436 0.861144
v -0.385310 0.162436 0.769089
v -0.376985 0.162436 0.769089
v 0.226691 0.162436 0.769089
v 0.226691 0.499459 0.769089
v 0.218366 0.499459 0.769089
v 0.218366 0.162436 0.769089
v 0.226691 0.499459 0.861144
v 0.226691 0.162436 0.861144
v 0.218366 0.162436 0.861144
v 0.218366 0.499459 0.861144
v -0.344328 1.737934 0.769089
v -0.385310 1.737934 0.769089
v -0.376985 1.729609 0.769089
v -0.344328 1.729609 0.769089
v 0.226691 1.737934 0.769088
v 0.117405 1.737934 0.769088
v 0.117405 1.729609 0.769088
v 0.218366 1.729609 0.769088
v -0.276024 1.737934 0.769089
v -0.344328 1.737934 0.769089
v -0.344328 1.729609 0.769089
v -0.276024 1.729609 0.769089
v 0.226691 0.513427 0.769089
v 0.226691 0.665215 0.769089
v 0.218366 0.665215 0.769089
v 0.218366 0.513427 0.769089
v 0.226691 1.234972 0.769088
v 0.226691 1.299116 0.769089
v 0.218366 1.299116 0.769089
v 0.218366 1.234972 0.769088
v 0.226691 1.113173 0.769089
v 0.226691 1.149801 0.769089
v 0.218366 1.149801 0.769089
v 0.218366 1.113173 0.769089
v 0.226691 1.299116 0.769089
v 0.218366 1.299116 0.769089
v 0.226691 0.499459 0.769089
v 0.226691 0.513427 0.769089
v 0.218366 0.513427 0.769089
v 0.218366 0.499459 0.769089
v -0.376985 1.526139 0.861144
v 0.226691 1.534880 0.769089
v 0.218366 1.534880 0.769089
v -0.385310 0.499459 0.861144
v -0.376985 0.499459 0.861144
v -0.385310 0.162436 0.861144
v -0.385310 0.499459 0.861144
v -0.376985 0.499459 0.861144
v -0.376985 0.162436 0.861144
v -0.385310 0.162436 0.769089
v -0.385310 0.162436 0.861144
v -0.376985 0.162436 0.861144
v -0.376985 0.162436 0.769089
v -0.385310 0.499459 0.769089
v -0.385310 1.016766 0.861144
v -0.385310 0.499459 0.861144
v -0.385310 1.016605 0.769089
v 0.226691 1.016605 0.769089
v 0.226691 1.016766 0.861144
v 0.226691 0.499459 0.769089
v 0.226691 0.499459 0.861144
v -0.385310 0.065616 0.861145
v -0.457088 0.065616 0.861145
v -0.457088 0.162436 0.861145
v -0.385310 0.162436 0.861144
v -0.385310 0.499459 0.861144
v -0.457088 0.162436 0.861145
v -0.385310 0.162436 0.861144
v -0.457088 0.499459 0.861144
v -0.385310 1.837140 0.861144
v -0.457088 1.737934 0.861144
v -0.385310 1.737934 0.861144
v -0.457088 1.837140 0.861144
v -0.403255 1.837140 0.861144
v 0.455140 1.837140 0.861143
v 0.226691 1.737934 0.861144
v 0.455140 1.737934 0.861143
v 0.226691 1.837140 0.861144
v 0.455376 0.064848 0.861144
v 0.371645 0.064854 0.861144
v 0.455140 0.162436 0.861144
v 0.226691 0.065616 0.861144
v 0.226691 0.162436 0.861144
v 0.414775 1.274485 0.767326
v 0.259318 1.176372 0.767326
v 0.414775 1.176372 0.767326
v 0.259318 1.274485 0.767326
v 0.435855 0.339003 0.802397
v 0.245977 0.480174 0.802397
v 0.245977 0.339003 0.802397
v 0.435855 0.480174 0.802397
v -0.376985 1.016605 0.769089
v -0.376985 0.499459 0.861144
v -0.376985 1.016766 0.861144
v -0.376985 0.499459 0.769089
v 0.218366 0.499459 0.769089
v 0.218366 1.016766 0.861144
v 0.218366 0.499459 0.861144
v 0.218366 1.016605 0.769089
v -0.344328 1.737934 0.632481
v -0.385310 1.737934 0.632481
v 0.226691 1.737934 0.650881
v 0.117405 1.737934 0.650881
v 0.117405 1.737934 0.632480
v 0.226691 1.737934 0.632480
v 0.117405 1.737934 0.650881
v -0.276024 1.737934 0.650881
v -0.276024 1.737934 0.632481
v 0.117405 1.737934 0.632480
v 0.117405 1.737934 0.861144
v -0.276024 1.737934 0.861144
v -0.276024 1.737934 0.769089
v 0.117405 1.737934 0.769088
v 0.117405 1.737934 0.769088
v -0.276024 1.737934 0.769089
v -0.276024 1.737934 0.736659
v 0.117405 1.737934 0.736658
v 0.226691 1.737934 0.861144
v 0.117405 1.737934 0.861144
v 0.117405 1.737934 0.769088
v 0.226691 1.737934 0.769088
v 0.226691 1.737934 0.769088
v 0.117405 1.737934 0.769088
v 0.117405 1.737934 0.736658
v 0.226691 1.737934 0.736658
v -0.385310 1.737934 0.769089
v -0.344328 1.737934 0.736659
v -0.276024 1.737934 0.769089
v -0.276024 1.737934 0.736659
v -0.276024 1.737934 0.650881
v -0.344328 1.737934 0.650881
v -0.344328 1.737934 0.632481
v -0.276024 1.737934 0.632481
v -0.276024 1.737934 0.736659
v -0.344328 1.737934 0.736659
v -0.344328 1.737934 0.650881
v -0.276024 1.737934 0.650881
v 0.117405 1.737934 0.736658
v -0.276024 1.737934 0.736659
v -0.276024 1.737934 0.650881
v 0.117405 1.737934 0.650881
v 0.226691 1.737934 0.736658
v 0.117405 1.737934 0.736658
v 0.117405 1.737934 0.650881
v 0.226691 1.737934 0.650881
v 0.117405 1.729609 0.861144
v 0.117405 1.729609 0.769088
v -0.376985 1.729609 0.769089
v -0.376985 1.729609 0.861144
v 0.218366 1.729609 0.861144
v 0.218366 1.729609 0.769088
v 0.117405 1.729609 0.769088
v 0.117405 1.729609 0.861144
v -0.276024 1.737934 0.861144
v -0.385310 1.737934 0.861144
v -0.385310 1.737934 0.769089
v -0.276024 1.737934 0.769089
v -0.276024 1.063885 0.632481
v -0.344328 1.063885 0.632481
v -0.344328 1.016822 0.632481
v -0.276024 1.016822 0.632481
v -0.344328 1.526139 0.632481
v -0.344328 1.737934 0.632481
v -0.385310 1.737934 0.632481
v -0.385310 1.526139 0.632481
v -0.344328 0.938641 0.632481
v -0.344328 1.016822 0.632481
v -0.385310 1.016766 0.632481
v -0.385310 0.938641 0.632481
v 0.226691 0.921249 0.632481
v 0.117405 0.921249 0.632481
v 0.117405 0.692193 0.632481
v 0.226691 0.692193 0.632481
v 0.117405 0.921249 0.632481
v -0.276024 0.921249 0.632481
v -0.276024 0.692193 0.632481
v 0.117405 0.692193 0.632481
v 0.226691 0.938641 0.632481
v 0.226691 1.016822 0.632481
v 0.117405 1.016822 0.632481
v 0.117405 0.938641 0.632481
v 0.226691 1.526139 0.632480
v 0.226691 1.737934 0.632480
v 0.117405 1.737934 0.632480
v 0.117405 1.526139 0.632481
v 0.117405 0.938641 0.632481
v 0.117405 1.016822 0.632481
v -0.276024 1.016822 0.632481
v -0.276024 0.938641 0.632481
v 0.117405 1.526139 0.632481
v 0.117405 1.737934 0.632480
v -0.276024 1.737934 0.632481
v -0.276024 1.526139 0.632481
v 0.117405 1.326658 0.632481
v 0.117405 1.503975 0.632481
v -0.276024 1.503975 0.632481
v -0.276024 1.326658 0.632481
v 0.226691 1.326658 0.632481
v 0.226691 1.503975 0.632480
v 0.117405 1.503975 0.632481
v 0.117405 1.326658 0.632481
v -0.344328 1.326658 0.632481
v -0.344328 1.503975 0.632481
v -0.385310 1.503975 0.632481
v -0.385310 1.326658 0.632481
v 0.117405 1.306956 0.632481
v -0.276024 1.306956 0.632481
v 0.226691 1.234972 0.632481
v 0.226691 1.306956 0.632481
v 0.117405 1.306956 0.632481
v 0.117405 1.234972 0.632481
v -0.344328 1.234972 0.632481
v -0.344328 1.306956 0.632481
v -0.385310 1.306956 0.632481
v -0.385310 1.234972 0.632481
v 0.117405 1.063885 0.632481
v 0.117405 1.120406 0.632481
v -0.276024 1.120406 0.632481
v -0.276024 1.063885 0.632481
v 0.226691 1.063885 0.632481
v 0.226691 1.120406 0.632481
v 0.117405 1.120406 0.632481
v 0.117405 1.063885 0.632481
v -0.344328 1.063885 0.632481
v -0.344328 1.120406 0.632481
v -0.385310 1.118557 0.632481
v -0.385310 1.063700 0.632481
v -0.344328 1.016822 0.632481
v -0.344328 1.063885 0.632481
v -0.385310 1.063700 0.632481
v -0.385310 1.016766 0.632481
v -0.344328 0.921249 0.632481
v -0.385310 0.921249 0.632481
v -0.385310 0.692193 0.632481
v -0.344328 0.692193 0.632481
v -0.276024 0.692193 0.632481
v -0.276024 0.921249 0.632481
v -0.344328 0.921249 0.632481
v -0.344328 0.692193 0.632481
v -0.344328 1.177546 0.632481
v -0.344328 1.234972 0.632481
v -0.385310 1.234972 0.632481
v -0.385310 1.177546 0.632481
v 0.226691 1.142568 0.632481
v 0.226691 1.234972 0.632481
v 0.117405 1.234972 0.632481
v 0.117405 1.142568 0.632481
v 0.117405 1.142568 0.632481
v -0.276024 1.142568 0.632481
v -0.344328 1.142568 0.632481
v -0.344328 1.177546 0.632481
v -0.385310 1.177546 0.632481
v -0.385310 1.144416 0.632481
v -0.344328 0.513935 0.632481
v -0.344328 0.671237 0.632481
v -0.385310 0.671237 0.632481
v -0.385310 0.513935 0.632481
v 0.226691 0.513935 0.632481
v 0.226691 0.671237 0.632481
v 0.117405 0.671237 0.632481
v 0.117405 0.513935 0.632481
v 0.117405 0.513935 0.632481
v 0.117405 0.671237 0.632481
v -0.276024 0.671237 0.632481
v -0.276024 0.513935 0.632481
v -0.276024 0.513935 0.632481
v -0.276024 0.671237 0.632481
v -0.344328 0.671237 0.632481
v -0.344328 0.513935 0.632481
v -0.276024 1.142568 0.632481
v -0.276024 1.177546 0.632481
v -0.344328 1.177546 0.632481
v -0.344328 1.142568 0.632481
v -0.276024 1.177546 0.632481
v -0.276024 1.234972 0.632481
v -0.344328 1.234972 0.632481
v -0.344328 1.177546 0.632481
v 0.117405 1.063885 0.632481
v -0.276024 1.063885 0.632481
v -0.276024 1.016822 0.632481
v 0.117405 1.016822 0.632481
v -0.276024 1.063885 0.632481
v -0.276024 1.120406 0.632481
v -0.344328 1.120406 0.632481
v -0.344328 1.063885 0.632481
v -0.276024 1.234972 0.632481
v -0.276024 1.306956 0.632481
v -0.344328 1.306956 0.632481
v -0.344328 1.234972 0.632481
v -0.276024 1.326658 0.632481
v -0.276024 1.503975 0.632481
v -0.344328 1.503975 0.632481
v -0.344328 1.326658 0.632481
v -0.276024 0.938641 0.632481
v -0.276024 1.016822 0.632481
v -0.344328 1.016822 0.632481
v -0.344328 0.938641 0.632481
v -0.276024 1.526139 0.632481
v -0.276024 1.737934 0.632481
v -0.344328 1.737934 0.632481
v -0.344328 1.526139 0.632481
v 0.226691 1.016822 0.632481
v 0.226691 1.063885 0.632481
v 0.117405 1.063885 0.632481
v 0.117405 1.016822 0.632481
v 0.455362 0.065173 0.861144
v 0.393611 0.064987 0.861144
v 0.393613 0.064987 0.861144
v 0.371646 0.064854 0.861144
v 0.117405 1.503975 0.650881
v 0.117405 1.526139 0.650881
v -0.276024 1.526139 0.650881
v -0.276024 1.503975 0.650881
v 0.226691 1.503975 0.650881
v 0.226691 1.526139 0.650881
v 0.117405 1.526139 0.650881
v 0.117405 1.503975 0.650881
v 0.226691 1.306956 0.650881
v 0.226691 1.326658 0.650881
v 0.117405 1.326658 0.650881
v 0.117405 1.306956 0.650881
v 0.117405 1.306956 0.650881
v 0.117405 1.326658 0.650881
v -0.276024 1.326658 0.650881
v -0.276024 1.306956 0.650881
v 0.226691 1.120406 0.650881
v 0.226691 1.142568 0.650881
v 0.117405 1.142568 0.650881
v 0.117405 1.120406 0.650881
v 0.117405 1.120406 0.650881
v 0.117405 1.142568 0.650881
v -0.276024 1.142568 0.650881
v -0.276024 1.120406 0.650881
v 0.117405 0.671237 0.650881
v 0.117405 0.692193 0.650881
v -0.276024 0.692193 0.650882
v -0.276024 0.671237 0.650882
v 0.226691 0.671237 0.650881
v 0.226691 0.692193 0.650881
v 0.117405 0.692193 0.650881
v 0.117405 0.671237 0.650881
v 0.117405 0.921249 0.650881
v 0.117405 0.938641 0.650881
v -0.276024 0.938641 0.650881
v -0.276024 0.921249 0.650881
v 0.226691 0.921249 0.650881
v 0.226691 0.938641 0.650881
v 0.117405 0.938641 0.650881
v 0.117405 0.921249 0.650881
v -0.276024 0.921249 0.650881
v -0.276024 0.938641 0.650881
v -0.344328 0.938641 0.650881
v -0.344328 0.921249 0.650881
v -0.276024 0.671237 0.650882
v -0.276024 0.692193 0.650882
v -0.344328 0.692193 0.650882
v -0.344328 0.671237 0.650882
v -0.276024 1.120406 0.650881
v -0.276024 1.142568 0.650881
v -0.344328 1.142568 0.650881
v -0.344328 1.120406 0.650881
v -0.276024 1.306956 0.650881
v -0.276024 1.326658 0.650881
v -0.344328 1.326658 0.650881
v -0.344328 1.306956 0.650881
v -0.276024 1.503975 0.650881
v -0.276024 1.526139 0.650881
v -0.344328 1.526139 0.650881
v -0.344328 1.503975 0.650881
v -0.276024 0.499459 0.650882
v -0.276024 0.513935 0.650882
v -0.344328 0.513935 0.650882
v -0.344328 0.499459 0.650882
v 0.117405 0.499459 0.650881
v 0.117405 0.513935 0.650881
v -0.276024 0.513935 0.650882
v -0.276024 0.499459 0.650882
v 0.226691 0.499459 0.650881
v 0.226691 0.513935 0.650881
v 0.117405 0.513935 0.650881
v 0.117405 0.499459 0.650881
v -0.344328 1.503975 0.650881
v -0.344328 1.526139 0.650881
v -0.385310 1.526139 0.650881
v -0.385310 1.503975 0.650881
v -0.344328 1.306956 0.650881
v -0.344328 1.326658 0.650881
v -0.385310 1.326658 0.650881
v -0.385310 1.306956 0.650881
v -0.344328 1.120406 0.650881
v -0.344328 1.142568 0.650881
v -0.385310 1.142568 0.650881
v -0.385310 1.120406 0.650881
v -0.344328 0.671237 0.650882
v -0.344328 0.692193 0.650882
v -0.385310 0.692193 0.650882
v -0.385310 0.671237 0.650882
v -0.344328 0.921249 0.650881
v -0.344328 0.938641 0.650881
v -0.385310 0.938641 0.650882
v -0.385310 0.921249 0.650882
v -0.344328 0.499459 0.650882
v -0.344328 0.513935 0.650882
v -0.385310 0.513935 0.650882
v -0.385310 0.499459 0.650882
v -0.273603 0.162436 0.861144
v 0.116194 0.162436 0.861144
v 0.117405 0.162436 0.769089
v -0.276024 0.162436 0.769089
v -0.276024 0.162436 0.769089
v 0.117405 0.162436 0.769089
v 0.117405 0.162436 0.736659
v -0.276024 0.162436 0.736659
v -0.344328 0.162436 0.769089
v -0.276024 0.162436 0.769089
v -0.276024 0.162436 0.736659
v -0.344328 0.162436 0.736659
v 0.116194 0.162436 0.861144
v 0.226691 0.162436 0.861144
v 0.226691 0.162436 0.769089
v 0.117405 0.162436 0.769089
v 0.117405 0.162436 0.769089
v 0.226691 0.162436 0.769089
v 0.226691 0.162436 0.736659
v 0.117405 0.162436 0.736659
v -0.385310 0.162436 0.769089
v -0.344328 0.162436 0.769089
v -0.344328 0.162436 0.736659
v -0.385310 0.162436 0.736659
v -0.385310 0.162436 0.736659
v -0.344328 0.162436 0.736659
v -0.344328 0.162436 0.650882
v -0.385310 0.162436 0.650882
v -0.276024 0.162436 0.736659
v 0.117405 0.162436 0.736659
v 0.117405 0.162436 0.650882
v -0.276024 0.162436 0.650882
v -0.344328 0.162436 0.736659
v -0.276024 0.162436 0.736659
v -0.276024 0.162436 0.650882
v -0.344328 0.162436 0.650882
v 0.117405 0.162436 0.736659
v 0.226691 0.162436 0.736659
v 0.226691 0.162436 0.650882
v 0.117405 0.162436 0.650882
v -0.385310 0.162436 0.861144
v -0.273603 0.162436 0.861144
v -0.276024 0.162436 0.769089
v -0.385310 0.162436 0.769089
v -0.396476 1.149801 0.769089
v -0.396476 1.113173 0.769089
v -0.396476 1.113173 0.736659
v -0.396476 1.149801 0.736659
v -0.396476 1.534880 0.769089
v -0.396476 1.495234 0.769089
v -0.396476 1.495234 0.736659
v -0.396476 1.534880 0.736659
v -0.396476 1.334498 0.769089
v -0.396476 1.299116 0.769089
v -0.396476 1.299116 0.736659
v -0.396476 1.334498 0.736659
v -0.396476 0.946644 0.769089
v -0.396476 0.913246 0.769089
v -0.396476 0.913246 0.736659
v -0.396476 0.946644 0.736659
v 0.242134 1.298483 0.769088
v 0.242134 1.335132 0.769088
v 0.242134 1.335132 0.736658
v 0.242134 1.298483 0.736658
v 0.242134 1.112596 0.769088
v 0.242134 1.150377 0.769088
v 0.242134 1.150377 0.736658
v 0.242134 1.112596 0.736658
v 0.242134 1.498557 0.769088
v 0.242134 1.531557 0.769088
v 0.242134 1.531557 0.736658
v 0.242134 1.498557 0.736658
v 0.242134 0.671237 0.769089
v 0.242134 0.692193 0.769089
v 0.242134 0.692193 0.736659
v 0.242134 0.671237 0.736659
v 0.242134 0.914537 0.769089
v 0.242134 0.945353 0.769089
v 0.242134 0.945353 0.736659
v 0.242134 0.914537 0.736659
v -0.404674 0.698216 0.769089
v -0.404674 0.665215 0.769089
v -0.404674 0.665215 0.736659
v -0.404674 0.698216 0.736659
v -0.456990 1.837631 0.890788
v 0.455358 1.837576 0.866492
v 0.455140 1.737934 0.866497
v 0.455140 0.131232 0.866498
v 0.455357 0.065184 0.866492
v 0.455076 0.362660 0.866500
v 0.454611 0.362659 0.866512
v -0.456649 1.526140 0.890779
v -0.456533 1.526140 0.890776
v -0.456533 0.339002 0.890776
v -0.456649 0.339002 0.890780
v 0.454908 1.526140 0.866504
v 0.455024 1.526140 0.866501
v -0.456989 0.065125 0.890789
v 0.383789 1.526145 0.868181
v 0.384842 1.737934 0.867936
v -0.385012 1.737934 0.888871
v -0.383449 1.737934 0.947569
v -0.456765 0.065616 0.890783
v -0.455202 0.065616 0.949480
v 0.382736 0.884928 0.868426
v 0.386410 0.499459 0.868328
v 0.387973 0.499459 0.927026
v 0.384299 0.884928 0.927124
v 0.455140 1.837140 0.866497
v 0.456704 1.837140 0.925195
v 0.384842 1.737934 0.867936
v 0.382736 1.526140 0.868426
v 0.384299 1.526140 0.927124
v 0.384299 1.737934 0.927123
v 0.278877 0.131232 0.870872
v 0.280332 0.131232 0.929893
v 0.455140 0.065616 0.866498
v 0.456704 0.065616 0.925196
v -0.383449 0.065616 0.947570
v -0.456754 1.737934 0.890782
v -0.456765 1.526140 0.890782
v -0.455202 1.526140 0.949480
v -0.455202 1.737934 0.949480
v 0.226772 0.131232 0.872580
v 0.116024 0.131232 0.875529
v 0.117587 0.131232 0.934227
v 0.228336 0.131232 0.931277
v -0.456765 0.470659 0.890782
v 0.272090 1.837140 0.871372
v 0.226772 1.837140 0.872579
v 0.228336 1.837140 0.931277
v 0.273653 1.837140 0.930070
v 0.117525 1.737934 0.875488
v 0.226772 1.737934 0.872579
v 0.228336 1.737934 0.931277
v 0.119088 1.737934 0.934186
v 0.268014 1.737934 0.871481
v 0.371671 1.737934 0.868720
v 0.373235 1.737934 0.927418
v 0.273653 1.737934 0.930070
v -0.456765 1.526140 0.890782
v -0.455202 1.526140 0.949480
v 0.455140 0.065616 0.866498
v 0.456704 0.065616 0.925196
v 0.455140 1.837140 0.866497
v 0.382736 1.837140 0.868426
v 0.384299 1.837140 0.927123
v 0.456704 1.837140 0.925195
v -0.275765 1.837140 0.885962
v -0.385012 1.837140 0.888871
v -0.383449 1.837140 0.947569
v -0.274202 1.837140 0.944659
v -0.456765 1.837140 0.890782
v -0.456754 1.737934 0.890782
v -0.455202 1.737934 0.949480
v -0.455202 1.837140 0.949480
v 0.226772 1.837140 0.872579
v 0.117525 1.837140 0.875488
v 0.119088 1.837140 0.934186
v 0.228336 1.837140 0.931277
v -0.272765 0.131232 0.885882
v -0.385012 0.131232 0.888872
v -0.383449 0.131232 0.947569
v -0.271202 0.131232 0.944580
v -0.385012 0.065616 0.888872
v -0.456765 1.837140 0.890782
v -0.455202 1.837140 0.949480
v 0.388958 0.339003 0.868261
v 0.393631 0.131232 0.868136
v 0.395194 0.131232 0.926834
v 0.390521 0.339003 0.926958
v 0.382736 1.526140 0.868426
v -0.275765 1.737934 0.885962
v 0.117525 1.737934 0.875488
v 0.119088 1.737934 0.934186
v -0.274202 1.737934 0.944660
v 0.226825 0.131232 0.872422
v 0.228336 0.131232 0.931277
v -0.385012 0.131232 0.888872
v -0.383449 0.131232 0.947569
v 0.116024 0.131232 0.875529
v -0.272765 0.131232 0.885882
v -0.271202 0.131232 0.944580
v 0.117587 0.131232 0.934227
v -0.402951 0.065616 0.889350
v -0.401387 0.065616 0.948047
v 0.226772 1.737934 0.872579
v 0.268014 1.737934 0.871481
v 0.273653 1.737934 0.930070
v 0.228336 1.737934 0.931277
v 0.393631 0.131232 0.868136
v 0.367784 0.131232 0.868908
v 0.369117 0.131232 0.927528
v 0.395194 0.131232 0.926834
v -0.456765 0.065616 0.890783
v -0.455202 0.065616 0.949480
v 0.371671 1.737934 0.868720
v 0.384842 1.737934 0.867936
v 0.384299 1.737934 0.927123
v 0.373235 1.737934 0.927418
v 0.389008 0.445364 0.926998
v 0.388648 0.470659 0.927008
v 0.387085 0.470659 0.868310
v 0.387445 0.445364 0.868301
v 0.386410 0.499459 0.868328
v 0.387085 0.470659 0.868310
v 0.388648 0.470659 0.927008
v 0.387973 0.499459 0.927026
v -0.455202 0.470660 0.949480
v 0.384299 0.884928 0.927124
v 0.371671 1.837140 0.868720
v 0.272090 1.837140 0.871372
v 0.273653 1.837140 0.930070
v 0.373235 1.837140 0.927418
v -0.456765 0.447813 0.890782
v -0.455202 0.456655 0.949480
v 0.382736 0.884928 0.868426
v 0.384299 1.526140 0.927124
v -0.456765 0.470659 0.890782
v -0.456765 0.447813 0.890782
v -0.455202 0.456655 0.949480
v -0.455202 0.470659 0.949480
v 0.382736 1.837140 0.868426
v 0.371671 1.837140 0.868720
v 0.373235 1.837140 0.927418
v 0.384299 1.837140 0.927123
v -0.402951 0.065616 0.889350
v -0.385012 0.065616 0.888872
v -0.383449 0.065616 0.947570
v -0.401387 0.065616 0.948047
v -0.401387 0.499459 0.948047
v -0.455202 0.499459 0.949480
v -0.402951 1.837140 0.889349
v -0.401387 1.837140 0.948047
v -0.441748 1.737934 0.949121
v -0.441748 1.837140 0.949121
v -0.455202 1.837140 0.949480
v -0.401387 1.526140 0.948047
v -0.274202 1.737934 0.944660
v -0.274202 1.837140 0.944659
v -0.383449 1.837140 0.947569
v -0.383449 1.737934 0.947569
v 0.456704 1.737934 0.925195
v 0.456704 1.837140 0.925195
v 0.384299 1.837140 0.927123
v 0.384299 1.737934 0.927123
v 0.456704 1.526140 0.925195
v 0.456704 1.737934 0.925195
v 0.384299 1.737934 0.927123
v 0.384299 1.526140 0.927124
v 0.456704 0.065616 0.925196
v 0.456704 0.131232 0.925196
v 0.395194 0.131232 0.926834
v 0.395194 0.065616 0.926834
v -0.271202 0.065616 0.944580
v -0.271202 0.131232 0.944580
v -0.383449 0.131232 0.947569
v -0.383449 0.065616 0.947570
v -0.455202 0.065616 0.949480
v -0.455202 0.131232 0.949480
v -0.383449 0.065616 0.947570
v -0.383449 0.131232 0.947569
v -0.401387 0.131232 0.948047
v -0.401387 0.065616 0.948047
v -0.383449 1.526140 0.947569
v -0.383449 1.737934 0.947569
v -0.401387 1.737934 0.948047
v -0.401387 1.526140 0.948047
v -0.383449 1.737934 0.947569
v -0.383449 1.837140 0.947569
v -0.401387 1.837140 0.948047
v -0.401387 1.737934 0.948047
v -0.401387 0.065616 0.948047
v -0.401387 0.131232 0.948047
v -0.401387 1.737934 0.948047
v -0.401387 1.737934 0.948047
v -0.401387 1.837140 0.948047
v -0.441748 1.837140 0.949121
v -0.441748 1.737934 0.949121
v -0.401387 0.884928 0.948047
v -0.401387 0.996652 0.948047
v -0.401251 0.996652 0.953182
v -0.401251 0.884928 0.953182
v -0.383449 0.884928 0.947569
v -0.383449 0.996652 0.947569
v -0.401387 0.996652 0.948047
v -0.401387 0.884928 0.948047
v 0.456704 0.884928 0.925196
v 0.456704 0.996652 0.925195
v 0.384299 0.996652 0.927124
v 0.384299 0.884928 0.927124
v -0.441748 0.884928 0.949122
v -0.441748 0.996652 0.949122
v -0.455202 0.996652 0.949480
v -0.455202 0.884928 0.949480
v -0.441748 0.499459 0.949122
v -0.441748 0.884928 0.949122
v -0.455202 0.884928 0.949480
v -0.455202 0.499459 0.949480
v 0.456704 0.499459 0.925196
v 0.456704 0.884928 0.925196
v 0.384299 0.884928 0.927124
v 0.387973 0.499459 0.927026
v -0.383449 0.499459 0.947569
v -0.383449 0.884928 0.947569
v -0.401387 0.884928 0.948047
v -0.401387 0.499459 0.948047
v -0.401387 0.499459 0.948047
v -0.401387 0.884928 0.948047
v -0.441748 0.884928 0.949122
v -0.441748 0.499459 0.949122
v 0.373235 1.737934 0.927418
v 0.373235 1.837140 0.927418
v 0.273653 1.837140 0.930070
v 0.273653 1.737934 0.930070
v 0.384299 1.737934 0.927123
v 0.384299 1.837140 0.927123
v 0.373235 1.837140 0.927418
v 0.373235 1.737934 0.927418
v 0.395194 0.065616 0.926834
v 0.395194 0.131232 0.926834
v 0.373235 0.131232 0.927419
v 0.373235 0.065616 0.927419
v -0.383449 0.470659 0.947569
v -0.383449 0.499459 0.947569
v -0.401387 0.499459 0.948047
v -0.401387 0.470659 0.948047
v 0.456704 0.470659 0.925196
v 0.456704 0.499459 0.925196
v 0.387973 0.499459 0.927026
v 0.388648 0.470659 0.927008
v 0.273653 0.065616 0.930071
v 0.273653 0.131232 0.930071
v 0.228336 0.131232 0.931277
v 0.228336 0.065616 0.931277
v 0.273653 1.737934 0.930070
v 0.273653 1.837140 0.930070
v 0.228336 1.837140 0.931277
v 0.228336 1.737934 0.931277
v 0.456704 0.131232 0.925196
v 0.456704 0.339003 0.925196
v 0.390521 0.339003 0.926958
v 0.395194 0.131232 0.926834
v -0.383449 0.131232 0.947569
v -0.383449 0.339003 0.947569
v -0.401387 0.339003 0.948047
v -0.401387 0.131232 0.948047
v -0.401387 0.131232 0.948047
v 0.228336 0.065616 0.931277
v 0.228336 0.131232 0.931277
v 0.117587 0.131232 0.934227
v 0.117587 0.065616 0.934227
v 0.228336 1.737934 0.931277
v 0.228336 1.837140 0.931277
v 0.119088 1.837140 0.934186
v 0.119088 1.737934 0.934186
v 0.117587 0.065616 0.934227
v 0.117587 0.131232 0.934227
v -0.271202 0.131232 0.944580
v -0.271202 0.065616 0.944580
v 0.119088 1.737934 0.934186
v 0.119088 1.837140 0.934186
v -0.274202 1.837140 0.944659
v -0.274202 1.737934 0.944660
v -0.383449 0.339003 0.947569
v -0.383449 0.470659 0.947569
v -0.401387 0.470659 0.948047
v -0.401387 0.339003 0.948047
v -0.383449 1.526140 0.947569
v -0.455202 1.027129 0.949480
v 0.456704 1.326658 0.925195
v 0.456704 1.503975 0.925195
v 0.384299 1.503975 0.927124
v 0.384299 1.326658 0.927124
v 0.456704 1.503975 0.925195
v 0.456704 1.526140 0.925195
v 0.384299 1.526140 0.927124
v 0.384299 1.503975 0.927124
v 0.456704 1.306956 0.925195
v 0.456704 1.326658 0.925195
v 0.384299 1.326658 0.927124
v 0.384299 1.306956 0.927124
v 0.456704 1.118557 0.925195
v 0.456704 1.144416 0.925195
v 0.384299 1.144416 0.927124
v 0.384299 1.118557 0.927124
v -0.383449 1.027129 0.947569
v 0.456704 1.057605 0.925195
v 0.456704 1.118557 0.925195
v 0.384299 1.118557 0.927124
v 0.384299 1.057605 0.927124
v -0.401387 0.996652 0.948047
v -0.401387 1.027129 0.948047
v -0.441748 1.027129 0.949122
v -0.441748 0.996652 0.949122
v -0.383449 0.996652 0.947569
v -0.383449 1.027129 0.947569
v -0.401387 1.027129 0.948047
v -0.401387 0.996652 0.948047
v 0.456704 0.996652 0.925195
v 0.456704 1.027129 0.925195
v 0.384299 1.027129 0.927124
v 0.384299 0.996652 0.927124
v -0.441748 0.996652 0.949122
v -0.441748 1.027129 0.949122
v -0.455202 1.027129 0.949480
v -0.455202 0.996652 0.949480
v 0.117525 1.837140 0.875488
v -0.275765 1.837140 0.885962
v -0.274202 1.837140 0.944659
v 0.119088 1.837140 0.934186
v -0.385012 1.837140 0.888871
v -0.402951 1.837140 0.889349
v -0.401387 1.837140 0.948047
v -0.383449 1.837140 0.947569
v -0.385012 1.737934 0.888871
v -0.275765 1.737934 0.885962
v -0.274202 1.737934 0.944660
v -0.383449 1.737934 0.947569
v -0.455864 0.131234 0.949499
v -0.456033 0.063953 0.949504
v 0.457059 1.326658 0.925185
v 0.457133 1.503975 0.925183
v -0.271202 0.065616 0.944580
v 0.117587 0.065616 0.934227
v 0.118070 0.061482 0.934214
v -0.272161 0.061508 0.944606
v 0.457006 0.470660 0.925187
v 0.456968 0.499460 0.925188
v -0.455202 1.837140 0.949480
v -0.455864 1.737933 0.949497
v -0.456879 1.840597 0.949524
v 0.457232 1.526139 0.925182
v 0.457365 1.737934 0.925179
v -0.455422 1.027129 0.949486
v -0.455427 0.996652 0.949486
v 0.457365 1.737933 0.925178
v 0.457537 1.838813 0.925173
v 0.373235 1.837140 0.927418
v 0.273653 1.837140 0.930070
v 0.273653 1.841169 0.930070
v 0.373235 1.841031 0.927418
v -0.455631 1.503975 0.949493
v -0.455557 1.326658 0.949491
v 0.456929 0.996652 0.925190
v 0.456924 1.027129 0.925190
v 0.395194 0.065616 0.926834
v 0.456704 0.065616 0.925196
v 0.458383 0.062232 0.925151
v 0.395194 0.061935 0.926834
v -0.455557 1.326657 0.949490
v -0.455504 1.306956 0.949488
v 0.456704 1.837140 0.925195
v 0.384299 1.837140 0.927123
v 0.384299 1.840821 0.927123
v 0.458383 1.840524 0.925150
v 0.119088 1.837140 0.934186
v -0.274202 1.837140 0.944659
v -0.274202 1.841249 0.944659
v 0.119088 1.841274 0.934186
v -0.462855 1.526140 0.901941
v -0.461816 1.526140 0.940955
v -0.461816 1.503975 0.940955
v -0.462855 1.503975 0.901941
v -0.455730 1.526137 0.949493
v -0.455631 1.503973 0.949490
v 0.228336 1.837140 0.931277
v 0.119088 1.837140 0.934186
v 0.119088 1.841274 0.934186
v 0.228336 1.841249 0.931277
v -0.455504 1.306956 0.949487
v -0.455466 1.144416 0.949486
v 0.228336 0.065616 0.931277
v 0.273653 0.065616 0.930071
v 0.273653 0.061587 0.930071
v 0.228336 0.061508 0.931277
v 0.373235 0.065616 0.927419
v 0.395194 0.065616 0.926834
v 0.395194 0.061935 0.926834
v 0.373235 0.061725 0.927419
v -0.455202 0.065616 0.949480
v -0.401387 0.065616 0.948047
v -0.401387 0.061725 0.948047
v -0.456914 0.062160 0.949526
v 0.461816 1.850000 0.877317
v 0.462855 1.850000 0.916330
v -0.443019 0.052756 0.901414
v -0.441980 0.052756 0.940427
v -0.401619 0.052756 0.939352
v -0.402658 0.052756 0.900339
v 0.457492 0.064053 0.925176
v 0.457232 0.339003 0.925182
v -0.455441 0.884928 0.949486
v -0.455466 0.499459 0.949486
v -0.455466 1.144416 0.949485
v -0.455441 1.118557 0.949485
v 0.454583 0.996652 0.866513
v 0.454601 0.884928 0.866512
v 0.457006 1.306956 0.925187
v 0.457059 1.326657 0.925186
v 0.227065 1.850000 0.883568
v 0.228104 1.850000 0.922582
v 0.456943 0.884928 0.925189
v 0.456929 0.996652 0.925189
v -0.455556 0.456164 0.949490
v -0.455631 0.357896 0.949492
v -0.455441 1.118557 0.949488
v -0.455427 1.057605 0.949487
v -0.455730 0.339003 0.949495
v -0.455864 0.131232 0.949498
v -0.455504 0.470661 0.949488
v -0.455554 0.456171 0.949489
v 0.384299 1.837140 0.927123
v 0.373235 1.837140 0.927418
v 0.373235 1.841031 0.927418
v 0.384299 1.840821 0.927123
v 0.456968 1.144416 0.925189
v 0.457006 1.306956 0.925188
v -0.401387 0.065616 0.948047
v -0.383449 0.065616 0.947570
v -0.383449 0.061587 0.947570
v -0.401387 0.061725 0.948047
v 0.457056 0.456171 0.925187
v 0.457006 0.470661 0.925188
v -0.455427 1.057605 0.949486
v -0.455422 1.027129 0.949486
v -0.401387 1.837140 0.948047
v -0.401387 1.841031 0.948047
v 0.457232 0.339006 0.925180
v 0.457136 0.357901 0.925183
v 0.457133 0.357896 0.925184
v 0.457058 0.456164 0.925186
v 0.456943 1.118557 0.925188
v 0.456968 1.144416 0.925187
v 0.456929 1.057605 0.925191
v 0.456943 1.118557 0.925190
v 0.454781 1.118558 0.866507
v 0.454769 1.057605 0.866508
v 0.454025 1.057605 0.866527
v 0.454061 1.118557 0.866526
v -0.456201 1.027129 0.890768
v -0.456393 1.057605 0.890773
v 0.273653 0.065616 0.930071
v 0.373235 0.065616 0.927419
v 0.373235 0.061725 0.927419
v 0.273653 0.061587 0.930071
v -0.383449 0.065616 0.947570
v -0.271202 0.065616 0.944580
v -0.272161 0.061508 0.944606
v -0.383449 0.061587 0.947570
v -0.402954 1.837902 0.889349
v -0.385017 1.837990 0.888871
v -0.455466 0.499460 0.949487
v -0.455504 0.470660 0.949488
v -0.462855 0.996652 0.901942
v -0.461817 0.996652 0.940955
v -0.461816 0.499459 0.940955
v -0.462855 0.499459 0.901942
v 0.461816 0.131232 0.877317
v 0.462855 0.131232 0.916331
v 0.462855 0.339003 0.916331
v 0.461816 0.339003 0.877317
v -0.383449 1.837140 0.947569
v -0.401387 1.837140 0.948047
v -0.401387 1.841031 0.948047
v -0.383449 1.841169 0.947569
v -0.402953 1.837902 0.889349
v 0.382738 1.837770 0.868426
v 0.455362 1.837583 0.866492
v -0.456225 0.884928 0.890767
v -0.456207 0.996652 0.890766
v -0.385017 0.064766 0.888872
v -0.402954 0.064854 0.889350
v 0.454601 0.884928 0.866512
v 0.454632 0.499459 0.866511
v -0.385013 1.837990 0.888871
v -0.275766 1.838040 0.885962
v -0.274202 1.837140 0.944659
v -0.383449 1.837140 0.947569
v -0.383449 1.841169 0.947569
v -0.274202 1.841249 0.944659
v 0.371964 0.052756 0.879710
v 0.373003 0.052756 0.918724
v 0.454802 1.144417 0.866507
v 0.383029 1.850000 0.879415
v 0.384068 1.850000 0.918428
v 0.373003 1.850000 0.918723
v 0.371964 1.850000 0.879710
v 0.454941 1.503976 0.866504
v -0.384720 0.052756 0.899861
v -0.383681 0.052756 0.938874
v -0.274434 0.052756 0.935965
v -0.275473 0.052756 0.896952
v -0.455864 1.737934 0.949498
v -0.455730 1.526139 0.949494
v -0.462855 1.503975 0.901941
v -0.461816 1.326658 0.940955
v -0.462855 1.326658 0.901941
v 0.272091 1.837990 0.871371
v 0.371672 1.837902 0.868719
v 0.117587 0.065616 0.934227
v 0.228336 0.065616 0.931277
v 0.228336 0.061508 0.931277
v 0.118070 0.061482 0.934214
v 0.226773 1.838040 0.872580
v 0.272091 1.837990 0.871373
v -0.456207 0.996652 0.890766
v -0.456201 1.027128 0.890766
v -0.462855 1.850000 0.901941
v -0.461817 1.850000 0.940955
v -0.456565 1.503976 0.890777
v 0.457133 1.503973 0.925184
v 0.457232 1.526137 0.925181
v -0.383681 1.850000 0.938874
v -0.384720 1.850000 0.899860
v 0.454577 1.027129 0.866513
v 0.461816 0.339003 0.877317
v 0.462855 0.447813 0.916331
v 0.461816 0.447813 0.877317
v -0.462855 1.306956 0.901941
v -0.461816 1.306956 0.940955
v -0.461816 1.144416 0.940955
v -0.462855 1.144416 0.901941
v 0.456968 0.499459 0.925189
v 0.456943 0.884928 0.925189
v -0.455427 0.996652 0.949487
v -0.455441 0.884928 0.949487
v -0.462855 0.052756 0.901942
v -0.461816 0.052756 0.940955
v -0.441980 0.052756 0.940427
v -0.443019 0.052756 0.901414
v 0.117525 1.838056 0.875488
v 0.226773 1.838040 0.872579
v -0.275765 1.838040 0.885962
v 0.117525 1.838056 0.875488
v 0.461816 0.996652 0.877317
v 0.462855 0.996652 0.916330
v 0.461816 1.118557 0.877317
v -0.462855 1.326658 0.901941
v -0.461816 1.326658 0.940955
v -0.461816 1.306956 0.940955
v -0.462855 1.306956 0.901941
v 0.454577 1.027128 0.866513
v 0.454583 0.996652 0.866513
v -0.456426 1.144417 0.890773
v -0.456458 1.306958 0.890774
v -0.455844 1.306956 0.890758
v -0.455749 1.144416 0.890755
v 0.371964 1.850000 0.879710
v 0.373003 1.850000 0.918723
v 0.227065 1.850000 0.883568
v -0.462855 1.057605 0.901942
v -0.461817 1.057605 0.940955
v -0.462855 0.996652 0.901942
v 0.273653 1.837140 0.930070
v 0.228336 1.837140 0.931277
v 0.228336 1.841249 0.931277
v 0.273653 1.841169 0.930070
v 0.461816 0.447813 0.877317
v -0.275473 0.052756 0.896952
v 0.454879 1.326659 0.866505
v 0.454834 1.306958 0.866505
v 0.462855 1.118557 0.916330
v -0.462855 0.362660 0.901942
v -0.461816 0.362660 0.940955
v -0.461816 0.339003 0.940955
v -0.462855 0.339003 0.901942
v 0.373003 0.052756 0.918724
v 0.394962 0.052756 0.918139
v 0.393923 0.052756 0.879125
v 0.371680 1.837902 0.868720
v 0.382744 1.837769 0.868425
v -0.456405 1.118558 0.890773
v -0.455685 1.118557 0.890753
v -0.455650 1.057605 0.890752
v 0.393923 0.052756 0.879125
v 0.462855 0.052756 0.916331
v 0.461816 0.052756 0.877317
v -0.456581 0.470659 0.890777
v -0.455872 0.470659 0.890759
v -0.402953 0.064854 0.889350
v -0.462855 1.737934 0.901941
v -0.461816 1.737934 0.940955
v -0.462855 1.526140 0.901941
v 0.461816 1.850000 0.877317
v 0.462855 1.850000 0.916330
v 0.383029 1.850000 0.879415
v 0.462855 1.118557 0.916330
v -0.456565 0.362658 0.890778
v -0.456165 0.362660 0.890767
v 0.371672 0.064854 0.868721
v 0.272091 0.064766 0.871373
v -0.455634 0.357901 0.949491
v -0.455730 0.339006 0.949493
v -0.462855 0.131232 0.901942
v -0.461816 0.131232 0.940955
v -0.461816 0.052756 0.940955
v -0.462855 0.052756 0.901942
v -0.462855 0.499459 0.901942
v -0.461816 0.470659 0.940955
v -0.462855 0.470659 0.901942
v 0.454124 1.144416 0.866525
v 0.454220 1.306956 0.866522
v -0.462855 1.144416 0.901941
v -0.461816 1.118557 0.940955
v -0.462855 1.118557 0.901941
v 0.461816 0.052756 0.877317
v 0.462855 0.052756 0.916331
v 0.462855 0.131232 0.916331
v 0.461816 0.131232 0.877317
v 0.454632 0.499458 0.866512
v 0.454834 0.470658 0.866506
v 0.454220 0.470659 0.866522
v -0.462855 1.850000 0.901941
v -0.461816 1.850000 0.940955
v -0.461816 1.737934 0.940955
v -0.462855 1.737934 0.901941
v -0.462855 0.470659 0.901942
v -0.461816 0.470659 0.940955
v -0.461816 0.447813 0.940955
v -0.462855 0.447813 0.901942
v -0.456503 1.326659 0.890775
v -0.456165 1.503975 0.890766
v -0.455979 1.326658 0.890761
v 0.454355 1.326658 0.866518
v 0.454541 1.503975 0.866513
v 0.454879 0.447812 0.866505
v 0.454541 0.362660 0.866514
v 0.454355 0.447813 0.866519
v -0.462855 0.339003 0.901942
v -0.461816 0.131232 0.940955
v -0.462855 0.131232 0.901942
v -0.275766 0.064716 0.885962
v -0.385013 0.064766 0.888872
v -0.461816 1.118557 0.940955
v -0.461816 1.057605 0.940955
v -0.462855 1.057605 0.901942
v -0.456257 0.499458 0.890768
v -0.462855 0.447813 0.901942
v -0.461816 0.362660 0.940955
v -0.462855 0.362660 0.901942
v -0.402658 1.850000 0.900338
v -0.401619 1.850000 0.939351
v 0.461816 0.996652 0.877317
v -0.383681 1.850000 0.938874
v -0.402658 1.850000 0.900338
v -0.456257 0.499459 0.890770
v -0.456225 0.884928 0.890769
v -0.402658 0.052756 0.900339
v -0.401619 0.052756 0.939352
v -0.383681 0.052756 0.938874
v -0.384720 0.052756 0.899861
v 0.456924 1.027129 0.925189
v 0.456929 1.057605 0.925189
v -0.431846 0.899575 0.953997
v -0.418750 0.899575 0.953648
v -0.405570 0.899575 0.937322
v -0.416664 0.899575 0.932243
v -0.441748 0.996652 0.949122
v -0.441748 0.884928 0.949122
v -0.441611 0.884928 0.954257
v -0.441611 0.996652 0.954257
v -0.441748 0.884928 0.949122
v -0.401387 0.884928 0.948047
v -0.401251 0.884928 0.953182
v -0.441611 0.884928 0.954257
v -0.401387 0.996652 0.948047
v -0.441748 0.996652 0.949122
v -0.441611 0.996652 0.954257
v -0.401251 0.996652 0.953182
v -0.431846 0.982005 0.953997
v -0.418750 0.982005 0.953648
v -0.401251 0.996652 0.953182
v -0.441611 0.996652 0.954257
v -0.418750 0.899575 0.953648
v -0.401251 0.884928 0.953182
v -0.431846 0.899575 0.953997
v -0.441611 0.884928 0.954257
v -0.405570 0.899575 0.937322
v -0.405570 0.982005 0.937322
v -0.416664 0.982005 0.932243
v -0.416664 0.899575 0.932243
v -0.418750 0.899575 0.953648
v -0.418750 0.982005 0.953648
v -0.405570 0.982005 0.937322
v -0.405570 0.899575 0.937322
v -0.431846 0.982005 0.953997
v -0.431846 0.899575 0.953997
v -0.416664 0.899575 0.932243
v -0.416664 0.982005 0.932243
v -0.418750 0.982005 0.953648
v -0.431846 0.982005 0.953997
v -0.416664 0.982005 0.932243
v -0.405570 0.982005 0.937322
v 0.390172 0.363545 0.926968
v 0.389585 0.404831 0.926983
v 0.388021 0.404831 0.868285
v 0.388609 0.363545 0.868270
v 0.389585 0.404831 0.926983
v 0.389008 0.445364 0.926998
v 0.387445 0.445364 0.868301
v 0.388021 0.404831 0.868285
v 0.390521 0.339003 0.926958
v 0.390172 0.363545 0.926968
v 0.388609 0.363545 0.868270
v 0.388958 0.339003 0.868261
v 0.367553 0.131232 0.868831
v 0.278769 0.131232 0.871195
v 0.280332 0.131232 0.929893
v 0.369117 0.131232 0.927528
v -0.441980 0.052756 0.940427
v -0.461816 0.052756 0.940955
v -0.460275 0.055532 0.947067
v -0.441816 0.055445 0.946575
v -0.441816 0.055445 0.946575
v -0.460275 0.055532 0.947067
v -0.456881 0.062232 0.949525
v -0.441748 0.061935 0.949122
v 0.462855 1.526140 0.916330
v 0.462855 1.503975 0.916330
v 0.461401 1.503975 0.922522
v 0.461459 1.526140 0.922520
v 0.461459 1.526140 0.922520
v 0.461401 1.503975 0.922522
v 0.457562 1.503975 0.925172
v 0.457761 1.526140 0.925167
v 0.228104 0.052756 0.922582
v 0.118857 0.052756 0.925492
v 0.118722 0.055312 0.931648
v 0.228268 0.055319 0.928731
v 0.228268 0.055319 0.928731
v 0.118722 0.055312 0.931648
v 0.118070 0.061482 0.934214
v 0.228336 0.061508 0.931277
v 0.462855 0.884928 0.916330
v 0.462855 0.499459 0.916331
v 0.461304 0.499459 0.922525
v 0.461290 0.884928 0.922525
v 0.461290 0.884928 0.922525
v 0.461304 0.499459 0.922525
v 0.457232 0.499459 0.925182
v 0.457182 0.884928 0.925183
v -0.461816 1.526140 0.940955
v -0.461816 1.737934 0.940955
v -0.460171 1.737934 0.947063
v -0.460093 1.526140 0.947061
v -0.460093 1.526140 0.947061
v -0.460171 1.737934 0.947063
v -0.456526 1.737934 0.949515
v -0.456259 1.526140 0.949508
v 0.462855 1.737934 0.916330
v 0.462855 1.526140 0.916330
v 0.461459 1.526140 0.922520
v 0.461537 1.737934 0.922518
v 0.461537 1.737934 0.922518
v 0.461459 1.526140 0.922520
v 0.457761 1.526140 0.925167
v 0.458027 1.737934 0.925160
v -0.461816 0.884928 0.940955
v -0.461816 0.996652 0.940955
v -0.459915 0.996652 0.947057
v -0.459923 0.884928 0.947057
v -0.459923 0.884928 0.947057
v -0.459915 0.996652 0.947057
v -0.455652 0.996652 0.949492
v -0.455680 0.884928 0.949493
v 0.462855 1.850000 0.916330
v 0.462855 1.737934 0.916330
v 0.461537 1.737934 0.922518
v 0.461641 1.847225 0.922515
v 0.461641 1.847225 0.922515
v 0.461537 1.737934 0.922518
v 0.458027 1.737934 0.925160
v 0.458383 1.840524 0.925150
v 0.228104 1.850000 0.922582
v 0.273421 1.850000 0.921375
v 0.273585 1.847414 0.927523
v 0.228268 1.847437 0.928730
v 0.228268 1.847437 0.928730
v 0.273585 1.847414 0.927523
v 0.273653 1.841169 0.930070
v 0.228336 1.841249 0.931277
v -0.461816 1.326658 0.940955
v -0.461816 1.503975 0.940955
v -0.460034 1.503975 0.947060
v -0.459991 1.326658 0.947059
v -0.459991 1.326658 0.947059
v -0.460034 1.503975 0.947060
v -0.456060 1.503975 0.949503
v -0.455913 1.326658 0.949499
v 0.462855 1.057605 0.916330
v 0.462855 1.027129 0.916330
v 0.461279 1.027129 0.922525
v 0.461281 1.057605 0.922525
v 0.461281 1.057605 0.922525
v 0.461279 1.027129 0.922525
v 0.457145 1.027129 0.925184
v 0.457154 1.057605 0.925183
v 0.462855 0.131232 0.916331
v 0.462855 0.052756 0.916331
v 0.461641 0.055532 0.922516
v 0.461537 0.131232 0.922518
v 0.461537 0.131232 0.922518
v 0.461641 0.055532 0.922516
v 0.458383 0.062232 0.925151
v 0.458027 0.131232 0.925161
v -0.461816 1.306956 0.940955
v -0.461816 1.326658 0.940955
v -0.459991 1.326658 0.947059
v -0.459960 1.306956 0.947058
v -0.459960 1.306956 0.947058
v -0.459991 1.326658 0.947059
v -0.455913 1.326658 0.949499
v -0.455806 1.306956 0.949496
v 0.384068 1.850000 0.918428
v 0.462855 1.850000 0.916330
v 0.461641 1.847225 0.922515
v 0.384231 1.847311 0.924577
v 0.384231 1.847311 0.924577
v 0.461641 1.847225 0.922515
v 0.458383 1.840524 0.925150
v 0.384299 1.840821 0.927123
v -0.383681 1.850000 0.938874
v -0.274434 1.850000 0.935964
v -0.274270 1.847437 0.942113
v -0.383517 1.847414 0.945022
v -0.383517 1.847414 0.945022
v -0.274270 1.847437 0.942113
v -0.274202 1.841249 0.944659
v -0.383449 1.841169 0.947569
v -0.461816 1.737934 0.940955
v -0.461816 1.850000 0.940955
v -0.460275 1.847225 0.947066
v -0.460171 1.737934 0.947063
v -0.460171 1.737934 0.947063
v -0.460275 1.847225 0.947066
v -0.456881 1.840524 0.949524
v -0.456526 1.737934 0.949515
v -0.461816 1.503975 0.940955
v -0.461816 1.526140 0.940955
v -0.460093 1.526140 0.947061
v -0.460034 1.503975 0.947060
v -0.460034 1.503975 0.947060
v -0.460093 1.526140 0.947061
v -0.456259 1.526140 0.949508
v -0.456060 1.503975 0.949503
v 0.118857 1.850000 0.925491
v 0.228104 1.850000 0.922582
v 0.228268 1.847437 0.928730
v 0.119020 1.847444 0.931639
v 0.119020 1.847444 0.931639
v 0.228268 1.847437 0.928730
v 0.228336 1.841249 0.931277
v 0.119088 1.841274 0.934186
v 0.118857 0.052756 0.925492
v -0.274434 0.052756 0.935965
v -0.273672 0.055319 0.942098
v 0.118722 0.055312 0.931648
v 0.118722 0.055312 0.931648
v -0.273672 0.055319 0.942098
v -0.272161 0.061508 0.944606
v 0.118070 0.061482 0.934214
v -0.461816 1.144416 0.940955
v -0.461816 1.306956 0.940955
v -0.459960 1.306956 0.947058
v -0.459938 1.144416 0.947057
v -0.459938 1.144416 0.947057
v -0.459960 1.306956 0.947058
v -0.455806 1.306956 0.949496
v -0.455730 1.144416 0.949494
v -0.461816 1.850000 0.940955
v -0.441980 1.850000 0.940426
v -0.441816 1.847311 0.946575
v -0.460275 1.847225 0.947066
v -0.460275 1.847225 0.947066
v -0.441816 1.847311 0.946575
v -0.441748 1.840821 0.949121
v -0.456881 1.840524 0.949524
v 0.273421 0.052756 0.921376
v 0.228104 0.052756 0.922582
v 0.228268 0.055319 0.928731
v 0.273585 0.055343 0.927524
v 0.273585 0.055343 0.927524
v 0.228268 0.055319 0.928731
v 0.228336 0.061508 0.931277
v 0.273653 0.061587 0.930071
v 0.394962 0.052756 0.918139
v 0.373003 0.052756 0.918724
v 0.373167 0.055383 0.924872
v 0.395126 0.055445 0.924287
v 0.395126 0.055445 0.924287
v 0.373167 0.055383 0.924872
v 0.373235 0.061725 0.927419
v 0.395194 0.061935 0.926834
v -0.401619 0.052756 0.939352
v -0.441980 0.052756 0.940427
v -0.441816 0.055445 0.946575
v -0.401455 0.055383 0.945500
v -0.401455 0.055383 0.945500
v -0.441816 0.055445 0.946575
v -0.441748 0.061935 0.949122
v -0.401387 0.061725 0.948047
v 0.462855 1.503975 0.916330
v 0.462855 1.326658 0.916330
v 0.461358 1.326658 0.922523
v 0.461401 1.503975 0.922522
v 0.461401 1.503975 0.922522
v 0.461358 1.326658 0.922523
v 0.457415 1.326658 0.925176
v 0.457562 1.503975 0.925172
v -0.461816 0.052756 0.940955
v -0.461816 0.131232 0.940955
v -0.460171 0.131232 0.947064
v -0.460275 0.055532 0.947067
v -0.460275 0.055532 0.947067
v -0.460171 0.131232 0.947064
v -0.456526 0.131232 0.949516
v -0.456881 0.062232 0.949525
v 0.462855 0.339003 0.916331
v 0.462855 0.131232 0.916331
v 0.461537 0.131232 0.922518
v 0.461459 0.339003 0.922521
v 0.461459 0.339003 0.922521
v 0.461537 0.131232 0.922518
v 0.458027 0.131232 0.925161
v 0.457761 0.339003 0.925168
v -0.461816 0.499459 0.940955
v -0.461816 0.884928 0.940955
v -0.459923 0.884928 0.947057
v -0.459938 0.499459 0.947058
v -0.459938 0.499459 0.947058
v -0.459923 0.884928 0.947057
v -0.455680 0.884928 0.949493
v -0.455730 0.499459 0.949494
v -0.461816 1.118557 0.940955
v -0.461816 1.144416 0.940955
v -0.459938 1.144416 0.947057
v -0.459923 1.118557 0.947057
v -0.459923 1.118557 0.947057
v -0.459938 1.144416 0.947057
v -0.455730 1.144416 0.949494
v -0.455680 1.118557 0.949493
v 0.462855 0.499459 0.916331
v 0.462855 0.470659 0.916331
v 0.461326 0.470659 0.922524
v 0.461304 0.499459 0.922525
v 0.461304 0.499459 0.922525
v 0.461326 0.470659 0.922524
v 0.457308 0.470659 0.925180
v 0.457232 0.499459 0.925182
v 0.462855 1.326658 0.916330
v 0.462855 1.306956 0.916330
v 0.461326 1.306956 0.922524
v 0.461358 1.326658 0.922523
v 0.461358 1.326658 0.922523
v 0.461326 1.306956 0.922524
v 0.457308 1.306956 0.925179
v 0.457415 1.326658 0.925176
v 0.273421 1.850000 0.921375
v 0.373003 1.850000 0.918723
v 0.373167 1.847373 0.924871
v 0.273585 1.847414 0.927523
v 0.273585 1.847414 0.927523
v 0.373167 1.847373 0.924871
v 0.373235 1.841031 0.927418
v 0.273653 1.841169 0.930070
v 0.462855 0.996652 0.916330
v 0.462855 0.884928 0.916330
v 0.461290 0.884928 0.922525
v 0.461281 0.996652 0.922525
v 0.461281 0.996652 0.922525
v 0.461290 0.884928 0.922525
v 0.457182 0.884928 0.925183
v 0.457154 0.996652 0.925183
v -0.461816 0.339003 0.940955
v -0.461816 0.362660 0.940955
v -0.460034 0.361365 0.947060
v -0.460093 0.339003 0.947062
v -0.460093 0.339003 0.947062
v -0.460034 0.361365 0.947060
v -0.456060 0.358238 0.949503
v -0.456259 0.339003 0.949508
v -0.461816 1.057605 0.940955
v -0.461816 1.118557 0.940955
v -0.459923 1.118557 0.947057
v -0.459915 1.057605 0.947057
v -0.459915 1.057605 0.947057
v -0.459923 1.118557 0.947057
v -0.455680 1.118557 0.949493
v -0.455652 1.057605 0.949492
v -0.461816 0.131232 0.940955
v -0.461816 0.339003 0.940955
v -0.460093 0.339003 0.947062
v -0.460171 0.131232 0.947064
v -0.460171 0.131232 0.947064
v -0.460093 0.339003 0.947062
v -0.456259 0.339003 0.949508
v -0.456526 0.131232 0.949516
v -0.461816 0.447813 0.940955
v -0.461816 0.470659 0.940955
v -0.459960 0.470659 0.947058
v -0.459991 0.450114 0.947059
v -0.459991 0.450114 0.947059
v -0.459960 0.470659 0.947058
v -0.455806 0.470659 0.949496
v -0.455913 0.455670 0.949499
v 0.373003 1.850000 0.918723
v 0.384068 1.850000 0.918428
v 0.384231 1.847311 0.924577
v 0.373167 1.847373 0.924871
v 0.373167 1.847373 0.924871
v 0.384231 1.847311 0.924577
v 0.384299 1.840821 0.927123
v 0.373235 1.841031 0.927418
v 0.462855 1.306956 0.916330
v 0.462855 1.144416 0.916330
v 0.461304 1.144416 0.922524
v 0.461326 1.306956 0.922524
v 0.461326 1.306956 0.922524
v 0.461304 1.144416 0.922524
v 0.457232 1.144416 0.925181
v 0.457308 1.306956 0.925179
v -0.383681 0.052756 0.938874
v -0.401619 0.052756 0.939352
v -0.401455 0.055383 0.945500
v -0.383517 0.055343 0.945023
v -0.383517 0.055343 0.945023
v -0.401455 0.055383 0.945500
v -0.401387 0.061725 0.948047
v -0.383449 0.061587 0.947570
v 0.462855 0.470659 0.916331
v 0.462855 0.447813 0.916331
v 0.461358 0.450114 0.922523
v 0.461326 0.470659 0.922524
v 0.461326 0.470659 0.922524
v 0.461358 0.450114 0.922523
v 0.457415 0.455670 0.925177
v 0.457308 0.470659 0.925180
v -0.461816 1.027129 0.940955
v -0.461816 1.057605 0.940955
v -0.459915 1.057605 0.947057
v -0.459912 1.027129 0.947057
v -0.459912 1.027129 0.947057
v -0.459915 1.057605 0.947057
v -0.455652 1.057605 0.949492
v -0.455643 1.027129 0.949492
v -0.441980 1.850000 0.940426
v -0.401619 1.850000 0.939351
v -0.401455 1.847373 0.945500
v -0.441816 1.847311 0.946575
v -0.441816 1.847311 0.946575
v -0.401455 1.847373 0.945500
v -0.401387 1.841031 0.948047
v -0.441748 1.840821 0.949121
v 0.462855 0.362660 0.916331
v 0.462855 0.339003 0.916331
v 0.461459 0.339003 0.922521
v 0.461401 0.361365 0.922522
v 0.461401 0.361365 0.922522
v 0.461459 0.339003 0.922521
v 0.457761 0.339003 0.925168
v 0.457562 0.358238 0.925173
v 0.462855 0.447813 0.916331
v 0.462855 0.362660 0.916331
v 0.461401 0.361365 0.922522
v 0.461358 0.450114 0.922523
v 0.461358 0.450114 0.922523
v 0.461401 0.361365 0.922522
v 0.457562 0.358238 0.925173
v 0.457415 0.455670 0.925177
v 0.462855 1.144416 0.916330
v 0.462855 1.118557 0.916330
v 0.461290 1.118557 0.922525
v 0.461304 1.144416 0.922524
v 0.461304 1.144416 0.922524
v 0.461290 1.118557 0.922525
v 0.457182 1.118557 0.925183
v 0.457232 1.144416 0.925181
v 0.462855 1.118557 0.916330
v 0.462855 1.057605 0.916330
v 0.461281 1.057605 0.922525
v 0.461290 1.118557 0.922525
v 0.461290 1.118557 0.922525
v 0.461281 1.057605 0.922525
v 0.457154 1.057605 0.925183
v 0.457182 1.118557 0.925183
v 0.462855 1.027129 0.916330
v 0.462855 0.996652 0.916330
v 0.461281 0.996652 0.922525
v 0.461279 1.027129 0.922525
v 0.461279 1.027129 0.922525
v 0.461281 0.996652 0.922525
v 0.457154 0.996652 0.925183
v 0.457145 1.027129 0.925184
v -0.461816 0.362660 0.940955
v -0.461816 0.447813 0.940955
v -0.459991 0.450114 0.947059
v -0.460034 0.361365 0.947060
v -0.460034 0.361365 0.947060
v -0.459991 0.450114 0.947059
v -0.455913 0.455670 0.949499
v -0.456060 0.358238 0.949503
v 0.373003 0.052756 0.918724
v 0.273421 0.052756 0.921376
v 0.273585 0.055343 0.927524
v 0.373167 0.055383 0.924872
v 0.373167 0.055383 0.924872
v 0.273585 0.055343 0.927524
v 0.273653 0.061587 0.930071
v 0.373235 0.061725 0.927419
v -0.274434 0.052756 0.935965
v -0.383681 0.052756 0.938874
v -0.383517 0.055343 0.945023
v -0.273672 0.055319 0.942098
v -0.273672 0.055319 0.942098
v -0.383517 0.055343 0.945023
v -0.383449 0.061587 0.947570
v -0.272161 0.061508 0.944606
v -0.274434 1.850000 0.935964
v 0.118857 1.850000 0.925491
v 0.119020 1.847444 0.931639
v -0.274270 1.847437 0.942113
v -0.274270 1.847437 0.942113
v 0.119020 1.847444 0.931639
v 0.119088 1.841274 0.934186
v -0.274202 1.841249 0.944659
v -0.461816 0.470659 0.940955
v -0.461816 0.499459 0.940955
v -0.459938 0.499459 0.947058
v -0.459960 0.470659 0.947058
v -0.459960 0.470659 0.947058
v -0.459938 0.499459 0.947058
v -0.455730 0.499459 0.949494
v -0.455806 0.470659 0.949496
v -0.461816 0.996652 0.940955
v -0.461816 1.027129 0.940955
v -0.459912 1.027129 0.947057
v -0.459915 0.996652 0.947057
v -0.459915 0.996652 0.947057
v -0.459912 1.027129 0.947057
v -0.455643 1.027129 0.949492
v -0.455652 0.996652 0.949492
v 0.462855 0.052756 0.916331
v 0.394962 0.052756 0.918139
v 0.395126 0.055445 0.924287
v 0.461641 0.055532 0.922516
v 0.461641 0.055532 0.922516
v 0.395126 0.055445 0.924287
v 0.395194 0.061935 0.926834
v 0.458383 0.062232 0.925151
v -0.401619 1.850000 0.939351
v -0.383681 1.850000 0.938874
v -0.383517 1.847414 0.945022
v -0.401455 1.847373 0.945500
v -0.401455 1.847373 0.945500
v -0.383517 1.847414 0.945022
v -0.383449 1.841169 0.947569
v -0.401387 1.841031 0.948047
v -0.443311 0.064357 0.890424
v -0.457203 0.064733 0.890794
v -0.459456 0.060149 0.891691
v -0.443289 0.059917 0.891261
v -0.443289 0.059917 0.891261
v -0.459456 0.060149 0.891691
v -0.461321 0.056264 0.894125
v -0.443225 0.056154 0.893643
v -0.443225 0.056154 0.893643
v -0.461321 0.056264 0.894125
v -0.462515 0.053668 0.897724
v -0.443131 0.053639 0.897208
v -0.443131 0.053639 0.897208
v -0.462515 0.053668 0.897724
v -0.462855 0.052756 0.901942
v -0.443019 0.052756 0.901414
v 0.455960 1.526143 0.867345
v 0.455752 1.503979 0.867366
v 0.457391 1.526140 0.867275
v 0.457235 1.503975 0.867279
v 0.459564 1.503975 0.869601
v 0.459638 1.526140 0.869599
v 0.459638 1.526140 0.869599
v 0.459564 1.503975 0.869601
v 0.461173 1.503975 0.873126
v 0.461192 1.526140 0.873125
v 0.461192 1.526140 0.873125
v 0.461173 1.503975 0.873126
v 0.461816 1.503975 0.877317
v 0.461816 1.526140 0.877317
v 0.454061 0.884928 0.866526
v 0.454124 0.499459 0.866525
v 0.456978 0.499459 0.867286
v 0.456939 0.884928 0.867287
v 0.456939 0.884928 0.867287
v 0.456978 0.499459 0.867286
v 0.459442 0.499459 0.869604
v 0.459424 0.884928 0.869605
v 0.459424 0.884928 0.869605
v 0.459442 0.499459 0.869604
v 0.461141 0.499459 0.873127
v 0.461136 0.884928 0.873127
v 0.461136 0.884928 0.873127
v 0.461141 0.499459 0.873127
v 0.461816 0.499459 0.877317
v 0.461816 0.884928 0.877317
v -0.457928 1.526140 0.890581
v -0.458189 1.737934 0.890617
v -0.458970 1.526140 0.891678
v -0.459178 1.737934 0.891683
v -0.461189 1.737934 0.894121
v -0.461091 1.526140 0.894118
v -0.461091 1.526140 0.894118
v -0.461189 1.737934 0.894121
v -0.462481 1.737934 0.897723
v -0.462455 1.526140 0.897722
v -0.462455 1.526140 0.897722
v -0.462481 1.737934 0.897723
v -0.462855 1.737934 0.901941
v -0.462855 1.526140 0.901941
v 0.456162 1.737935 0.867564
v 0.455873 1.526140 0.867607
v 0.457599 1.737934 0.867269
v 0.457391 1.526140 0.867275
v 0.459638 1.526140 0.869599
v 0.459737 1.737934 0.869596
v 0.459737 1.737934 0.869596
v 0.459638 1.526140 0.869599
v 0.461192 1.526140 0.873125
v 0.461218 1.737934 0.873124
v 0.461218 1.737934 0.873124
v 0.461192 1.526140 0.873125
v 0.461816 1.526140 0.877317
v 0.461816 1.737934 0.877317
v -0.455685 0.884928 0.890754
v -0.455650 0.996652 0.890753
v -0.458497 0.996652 0.891665
v -0.458519 0.884928 0.891666
v -0.458519 0.884928 0.891666
v -0.458497 0.996652 0.891665
v -0.460866 0.996652 0.894112
v -0.460877 0.884928 0.894113
v -0.460877 0.884928 0.894113
v -0.460866 0.996652 0.894112
v -0.462397 0.996652 0.897721
v -0.462399 0.884928 0.897721
v -0.462399 0.884928 0.897721
v -0.462397 0.996652 0.897721
v -0.462855 0.996652 0.901942
v -0.462855 0.884928 0.901942
v 0.456446 1.840348 0.867748
v 0.456064 1.737937 0.867816
v 0.457876 1.842607 0.867262
v 0.457599 1.737934 0.867269
v 0.459737 1.737934 0.869596
v 0.459868 1.846492 0.869592
v 0.459868 1.846492 0.869592
v 0.459737 1.737934 0.869596
v 0.461218 1.737934 0.873124
v 0.461252 1.849088 0.873123
v 0.461252 1.849088 0.873123
v 0.461218 1.737934 0.873124
v 0.461816 1.737934 0.877317
v 0.461816 1.850000 0.877317
v 0.226772 1.838939 0.872579
v 0.272090 1.838839 0.871372
v 0.272112 1.843111 0.872209
v 0.226795 1.843172 0.873415
v 0.226795 1.843172 0.873415
v 0.272112 1.843111 0.872209
v 0.272176 1.846731 0.874591
v 0.226858 1.846760 0.875798
v 0.226858 1.846760 0.875798
v 0.272176 1.846731 0.874591
v 0.272270 1.849151 0.878156
v 0.226953 1.849158 0.879363
v 0.226953 1.849158 0.879363
v 0.272270 1.849151 0.878156
v 0.272382 1.850000 0.882362
v 0.227065 1.850000 0.883568
v -0.455979 1.326658 0.890761
v -0.457599 1.503975 0.890896
v -0.458700 1.326658 0.891671
v -0.458700 1.326658 0.891671
v -0.458815 1.503975 0.891674
v -0.461017 1.503975 0.894116
v -0.460963 1.326658 0.894115
v -0.460963 1.326658 0.894115
v -0.461017 1.503975 0.894116
v -0.462436 1.503975 0.897722
v -0.462422 1.326658 0.897721
v -0.462422 1.326658 0.897721
v -0.462436 1.503975 0.897722
v -0.462855 1.503975 0.901941
v -0.462855 1.326658 0.901941
v 0.454025 1.057605 0.866527
v 0.454014 1.027129 0.866528
v 0.456910 1.027129 0.867288
v 0.456917 1.057605 0.867287
v 0.456917 1.057605 0.867287
v 0.456910 1.027129 0.867288
v 0.459410 1.027129 0.869605
v 0.459413 1.057605 0.869605
v 0.459413 1.057605 0.869605
v 0.459410 1.027129 0.869605
v 0.461133 1.027129 0.873127
v 0.461134 1.057605 0.873127
v 0.461134 1.057605 0.873127
v 0.461133 1.027129 0.873127
v 0.461816 1.027129 0.877317
v 0.461816 1.057605 0.877317
v 0.456710 0.131232 0.865848
v 0.457049 0.062451 0.865912
v 0.457599 0.131232 0.867270
v 0.457876 0.060149 0.867262
v 0.459868 0.056264 0.869593
v 0.459737 0.131232 0.869597
v 0.459737 0.131232 0.869597
v 0.459868 0.056264 0.869593
v 0.461252 0.053668 0.873124
v 0.461218 0.131232 0.873125
v 0.461218 0.131232 0.873125
v 0.461252 0.053668 0.873124
v 0.461816 0.052756 0.877317
v 0.461816 0.131232 0.877317
v -0.455844 1.306956 0.890758
v -0.455979 1.326658 0.890761
v -0.458700 1.326658 0.891671
v -0.458617 1.306956 0.891668
v -0.458617 1.306956 0.891668
v -0.458700 1.326658 0.891671
v -0.460963 1.326658 0.894115
v -0.460923 1.306956 0.894114
v -0.460923 1.306956 0.894114
v -0.460963 1.326658 0.894115
v -0.462422 1.326658 0.897721
v -0.462411 1.306956 0.897721
v -0.462411 1.306956 0.897721
v -0.462422 1.326658 0.897721
v -0.462855 1.326658 0.901941
v -0.462855 1.306956 0.901941
v 0.382736 1.838399 0.868426
v 0.455579 1.838024 0.866486
v 0.457876 1.842607 0.867262
v 0.382758 1.842838 0.869262
v 0.382758 1.842838 0.869262
v 0.457876 1.842607 0.867262
v 0.459868 1.846492 0.869592
v 0.382822 1.846602 0.871644
v 0.382822 1.846602 0.871644
v 0.459868 1.846492 0.869592
v 0.461252 1.849088 0.873123
v 0.382917 1.849117 0.875210
v 0.382917 1.849117 0.875210
v 0.461252 1.849088 0.873123
v 0.461816 1.850000 0.877317
v 0.383029 1.850000 0.879415
v -0.385012 1.838839 0.888871
v -0.275765 1.838939 0.885962
v -0.275743 1.843172 0.886798
v -0.384990 1.843111 0.889708
v -0.384990 1.843111 0.889708
v -0.275743 1.843172 0.886798
v -0.275679 1.846760 0.889180
v -0.384927 1.846731 0.892090
v -0.384927 1.846731 0.892090
v -0.275679 1.846760 0.889180
v -0.275585 1.849158 0.892746
v -0.384832 1.849151 0.895655
v -0.384832 1.849151 0.895655
v -0.275585 1.849158 0.892746
v -0.275473 1.850000 0.896951
v -0.384720 1.850000 0.899860
v -0.458361 1.737935 0.890211
v -0.458700 1.840300 0.890293
v -0.459178 1.737934 0.891683
v -0.459456 1.842607 0.891691
v -0.461321 1.846492 0.894124
v -0.461189 1.737934 0.894121
v -0.461189 1.737934 0.894121
v -0.461321 1.846492 0.894124
v -0.462515 1.849088 0.897724
v -0.462481 1.737934 0.897723
v -0.462481 1.737934 0.897723
v -0.462515 1.849088 0.897724
v -0.462855 1.850000 0.901941
v -0.462855 1.737934 0.901941
v -0.457652 1.503977 0.890756
v -0.457850 1.526141 0.890777
v -0.458815 1.503975 0.891674
v -0.458970 1.526140 0.891678
v -0.461091 1.526140 0.894118
v -0.461017 1.503975 0.894116
v -0.461017 1.503975 0.894116
v -0.461091 1.526140 0.894118
v -0.462455 1.526140 0.897722
v -0.462436 1.503975 0.897722
v -0.462436 1.503975 0.897722
v -0.462455 1.526140 0.897722
v -0.462855 1.526140 0.901941
v -0.462855 1.503975 0.901941
v 0.117525 1.838972 0.875488
v 0.226772 1.838939 0.872579
v 0.226795 1.843172 0.873415
v 0.117547 1.843192 0.876325
v 0.117547 1.843192 0.876325
v 0.226795 1.843172 0.873415
v 0.226858 1.846760 0.875798
v 0.117611 1.846770 0.878707
v 0.117611 1.846770 0.878707
v 0.226858 1.846760 0.875798
v 0.226953 1.849158 0.879363
v 0.117706 1.849161 0.882272
v 0.117706 1.849161 0.882272
v 0.226953 1.849158 0.879363
v 0.227065 1.850000 0.883568
v 0.117818 1.850000 0.886478
v -0.455749 1.144416 0.890755
v -0.455844 1.306956 0.890758
v -0.458617 1.306956 0.891668
v -0.458558 1.144416 0.891667
v -0.458558 1.144416 0.891667
v -0.458617 1.306956 0.891668
v -0.460923 1.306956 0.894114
v -0.460895 1.144416 0.894113
v -0.460895 1.144416 0.894113
v -0.460923 1.306956 0.894114
v -0.462411 1.306956 0.897721
v -0.462404 1.144416 0.897721
v -0.462404 1.144416 0.897721
v -0.462411 1.306956 0.897721
v -0.462855 1.306956 0.901941
v -0.462855 1.144416 0.901941
v -0.457203 1.838024 0.890794
v -0.443311 1.838399 0.890424
v -0.443289 1.842838 0.891260
v -0.459456 1.842607 0.891691
v -0.459456 1.842607 0.891691
v -0.443289 1.842838 0.891260
v -0.443225 1.846602 0.893642
v -0.461321 1.846492 0.894124
v -0.461321 1.846492 0.894124
v -0.443225 1.846602 0.893642
v -0.443131 1.849117 0.897208
v -0.462515 1.849088 0.897724
v -0.462515 1.849088 0.897724
v -0.443131 1.849117 0.897208
v -0.443019 1.850000 0.901413
v -0.462855 1.850000 0.901941
v 0.393811 0.053639 0.874920
v 0.371852 0.053619 0.875505
v 0.371964 0.052756 0.879710
v 0.393923 0.052756 0.879125
v -0.402951 0.064092 0.889350
v -0.443311 0.064357 0.890424
v -0.443289 0.059917 0.891261
v -0.402928 0.059754 0.890186
v -0.402928 0.059754 0.890186
v -0.443289 0.059917 0.891261
v -0.443225 0.056154 0.893643
v -0.402865 0.056076 0.892568
v -0.402865 0.056076 0.892568
v -0.443225 0.056154 0.893643
v -0.443131 0.053639 0.897208
v -0.402770 0.053619 0.896133
v -0.402770 0.053619 0.896133
v -0.443131 0.053639 0.897208
v -0.443019 0.052756 0.901414
v -0.402658 0.052756 0.900339
v 0.455796 1.503975 0.867226
v 0.454355 1.326658 0.866518
v 0.457121 1.326658 0.867282
v 0.457235 1.503975 0.867279
v 0.457121 1.326658 0.867282
v 0.459510 1.326658 0.869602
v 0.459564 1.503975 0.869601
v 0.459564 1.503975 0.869601
v 0.459510 1.326658 0.869602
v 0.461159 1.326658 0.873126
v 0.461173 1.503975 0.873126
v 0.461173 1.503975 0.873126
v 0.461159 1.326658 0.873126
v 0.461816 1.326658 0.877317
v 0.461816 1.503975 0.877317
v -0.457993 0.062399 0.892130
v -0.457604 0.131228 0.892181
v -0.459456 0.060149 0.891691
v -0.459178 0.131232 0.891684
v -0.461189 0.131232 0.894121
v -0.461321 0.056264 0.894125
v -0.461321 0.056264 0.894125
v -0.461189 0.131232 0.894121
v -0.462481 0.131232 0.897723
v -0.462515 0.053668 0.897724
v -0.462515 0.053668 0.897724
v -0.462481 0.131232 0.897723
v -0.462855 0.131232 0.901942
v -0.462855 0.052756 0.901942
v 0.456309 0.339003 0.866176
v 0.456577 0.131232 0.866204
v 0.457391 0.339003 0.867275
v 0.457599 0.131232 0.867270
v 0.459737 0.131232 0.869597
v 0.459638 0.339003 0.869599
v 0.459638 0.339003 0.869599
v 0.459737 0.131232 0.869597
v 0.461218 0.131232 0.873125
v 0.461192 0.339003 0.873126
v 0.461192 0.339003 0.873126
v 0.461218 0.131232 0.873125
v 0.461816 0.131232 0.877317
v 0.461816 0.339003 0.877317
v -0.455749 0.499459 0.890755
v -0.455685 0.884928 0.890754
v -0.458519 0.884928 0.891666
v -0.458558 0.499459 0.891667
v -0.458558 0.499459 0.891667
v -0.458519 0.884928 0.891666
v -0.460877 0.884928 0.894113
v -0.460895 0.499459 0.894113
v -0.460895 0.499459 0.894113
v -0.460877 0.884928 0.894113
v -0.462399 0.884928 0.897721
v -0.462404 0.499459 0.897721
v -0.462404 0.499459 0.897721
v -0.462399 0.884928 0.897721
v -0.462855 0.884928 0.901942
v -0.462855 0.499459 0.901942
v -0.455685 1.118557 0.890753
v -0.455749 1.144416 0.890755
v -0.458558 1.144416 0.891667
v -0.458519 1.118557 0.891666
v -0.458519 1.118557 0.891666
v -0.458558 1.144416 0.891667
v -0.460895 1.144416 0.894113
v -0.460877 1.118557 0.894113
v -0.460877 1.118557 0.894113
v -0.460895 1.144416 0.894113
v -0.462404 1.144416 0.897721
v -0.462399 1.118557 0.897721
v -0.462399 1.118557 0.897721
v -0.462404 1.144416 0.897721
v -0.462855 1.144416 0.901941
v -0.462855 1.118557 0.901941
v 0.454124 0.499459 0.866525
v 0.454220 0.470659 0.866522
v 0.457037 0.470659 0.867285
v 0.456978 0.499459 0.867286
v 0.456978 0.499459 0.867286
v 0.457037 0.470659 0.867285
v 0.459470 0.470659 0.869604
v 0.459442 0.499459 0.869604
v 0.459442 0.499459 0.869604
v 0.459470 0.470659 0.869604
v 0.461148 0.470659 0.873127
v 0.461141 0.499459 0.873127
v 0.461141 0.499459 0.873127
v 0.461148 0.470659 0.873127
v 0.461816 0.470659 0.877317
v 0.461816 0.499459 0.877317
v 0.454355 1.326658 0.866518
v 0.454220 1.306956 0.866522
v 0.457037 1.306956 0.867284
v 0.457121 1.326658 0.867282
v 0.457121 1.326658 0.867282
v 0.457037 1.306956 0.867284
v 0.459470 1.306956 0.869603
v 0.459510 1.326658 0.869602
v 0.459510 1.326658 0.869602
v 0.459470 1.306956 0.869603
v 0.461148 1.306956 0.873126
v 0.461159 1.326658 0.873126
v 0.461159 1.326658 0.873126
v 0.461148 1.306956 0.873126
v 0.461816 1.306956 0.877317
v 0.461816 1.326658 0.877317
v 0.272090 1.838839 0.871372
v 0.371671 1.838664 0.868720
v 0.371694 1.843002 0.869557
v 0.272112 1.843111 0.872209
v 0.272112 1.843111 0.872209
v 0.371694 1.843002 0.869557
v 0.371757 1.846680 0.871939
v 0.272176 1.846731 0.874591
v 0.272176 1.846731 0.874591
v 0.371757 1.846680 0.871939
v 0.371852 1.849137 0.875504
v 0.272270 1.849151 0.878156
v 0.272270 1.849151 0.878156
v 0.371852 1.849137 0.875504
v 0.371964 1.850000 0.879710
v 0.272382 1.850000 0.882362
v 0.454025 0.996652 0.866527
v 0.454061 0.884928 0.866526
v 0.456939 0.884928 0.867287
v 0.456917 0.996652 0.867288
v 0.456917 0.996652 0.867288
v 0.456939 0.884928 0.867287
v 0.459424 0.884928 0.869605
v 0.459413 0.996652 0.869605
v 0.459413 0.996652 0.869605
v 0.459424 0.884928 0.869605
v 0.461136 0.884928 0.873127
v 0.461134 0.996652 0.873127
v 0.461134 0.996652 0.873127
v 0.461136 0.884928 0.873127
v 0.461816 0.884928 0.877317
v 0.461816 0.996652 0.877317
v -0.457538 0.338999 0.891673
v -0.457329 0.362656 0.891683
v -0.458970 0.339003 0.891678
v -0.458815 0.362660 0.891674
v -0.461017 0.362660 0.894117
v -0.461091 0.339003 0.894119
v -0.461091 0.339003 0.894119
v -0.461017 0.362660 0.894117
v -0.462436 0.362660 0.897722
v -0.462455 0.339003 0.897723
v -0.462455 0.339003 0.897723
v -0.462436 0.362660 0.897722
v -0.462855 0.362660 0.901942
v -0.462855 0.339003 0.901942
v -0.455650 1.057605 0.890752
v -0.455685 1.118557 0.890753
v -0.458519 1.118557 0.891666
v -0.458497 1.057605 0.891665
v -0.458497 1.057605 0.891665
v -0.458519 1.118557 0.891666
v -0.460877 1.118557 0.894113
v -0.460866 1.057605 0.894112
v -0.460866 1.057605 0.894112
v -0.460877 1.118557 0.894113
v -0.462399 1.118557 0.897721
v -0.462397 1.057605 0.897721
v -0.462397 1.057605 0.897721
v -0.462399 1.118557 0.897721
v -0.462855 1.118557 0.901941
v -0.462855 1.057605 0.901942
v -0.457729 0.131231 0.891901
v -0.457438 0.339002 0.891928
v -0.459178 0.131232 0.891684
v -0.458970 0.339003 0.891678
v -0.461091 0.339003 0.894119
v -0.461189 0.131232 0.894121
v -0.461189 0.131232 0.894121
v -0.461091 0.339003 0.894119
v -0.462455 0.339003 0.897723
v -0.462481 0.131232 0.897723
v -0.462481 0.131232 0.897723
v -0.462455 0.339003 0.897723
v -0.462855 0.339003 0.901942
v -0.462855 0.131232 0.901942
v -0.455979 0.447813 0.890762
v -0.455844 0.470659 0.890758
v -0.458617 0.470659 0.891669
v -0.458700 0.447813 0.891671
v -0.458700 0.447813 0.891671
v -0.458617 0.470659 0.891669
v -0.460923 0.470659 0.894114
v -0.460963 0.447813 0.894115
v -0.460963 0.447813 0.894115
v -0.460923 0.470659 0.894114
v -0.462411 0.470659 0.897722
v -0.462422 0.447813 0.897722
v -0.462422 0.447813 0.897722
v -0.462411 0.470659 0.897722
v -0.462855 0.470659 0.901942
v -0.462855 0.447813 0.901942
v 0.371671 1.838664 0.868720
v 0.382736 1.838399 0.868426
v 0.382758 1.842838 0.869262
v 0.371694 1.843002 0.869557
v 0.371694 1.843002 0.869557
v 0.382758 1.842838 0.869262
v 0.382822 1.846602 0.871644
v 0.371757 1.846680 0.871939
v 0.371757 1.846680 0.871939
v 0.382822 1.846602 0.871644
v 0.382917 1.849117 0.875210
v 0.371852 1.849137 0.875504
v 0.371852 1.849137 0.875504
v 0.382917 1.849117 0.875210
v 0.383029 1.850000 0.879415
v 0.371964 1.850000 0.879710
v 0.454220 1.306956 0.866522
v 0.454124 1.144416 0.866525
v 0.456978 1.144416 0.867286
v 0.457037 1.306956 0.867284
v 0.457037 1.306956 0.867284
v 0.456978 1.144416 0.867286
v 0.459442 1.144416 0.869604
v 0.459470 1.306956 0.869603
v 0.459470 1.306956 0.869603
v 0.459442 1.144416 0.869604
v 0.461141 1.144416 0.873127
v 0.461148 1.306956 0.873126
v 0.461148 1.306956 0.873126
v 0.461141 1.144416 0.873127
v 0.461816 1.144416 0.877317
v 0.461816 1.306956 0.877317
v -0.385012 0.063917 0.888872
v -0.402951 0.064092 0.889350
v -0.402928 0.059754 0.890186
v -0.384990 0.059646 0.889708
v -0.384990 0.059646 0.889708
v -0.402928 0.059754 0.890186
v -0.402865 0.056076 0.892568
v -0.384927 0.056025 0.892090
v -0.384927 0.056025 0.892090
v -0.402865 0.056076 0.892568
v -0.402770 0.053619 0.896133
v -0.384832 0.053606 0.895656
v -0.384832 0.053606 0.895656
v -0.402770 0.053619 0.896133
v -0.402658 0.052756 0.900339
v -0.384720 0.052756 0.899861
v 0.454220 0.470659 0.866522
v 0.454355 0.447813 0.866519
v 0.457121 0.447813 0.867282
v 0.457037 0.470659 0.867285
v 0.457037 0.470659 0.867285
v 0.457121 0.447813 0.867282
v 0.459510 0.447813 0.869603
v 0.459470 0.470659 0.869604
v 0.459470 0.470659 0.869604
v 0.459510 0.447813 0.869603
v 0.461159 0.447813 0.873126
v 0.461148 0.470659 0.873127
v 0.461148 0.470659 0.873127
v 0.461159 0.447813 0.873126
v 0.461816 0.447813 0.877317
v 0.461816 0.470659 0.877317
v -0.455638 1.027129 0.890752
v -0.455650 1.057605 0.890752
v -0.458497 1.057605 0.891665
v -0.458490 1.027129 0.891665
v -0.458490 1.027129 0.891665
v -0.458497 1.057605 0.891665
v -0.460866 1.057605 0.894112
v -0.460863 1.027129 0.894112
v -0.460863 1.027129 0.894112
v -0.460866 1.057605 0.894112
v -0.462397 1.057605 0.897721
v -0.462396 1.027129 0.897721
v -0.462396 1.027129 0.897721
v -0.462397 1.057605 0.897721
v -0.462855 1.057605 0.901942
v -0.462855 1.027129 0.901942
v -0.443311 1.838399 0.890424
v -0.402951 1.838664 0.889349
v -0.402928 1.843002 0.890185
v -0.443289 1.842838 0.891260
v -0.443289 1.842838 0.891260
v -0.402928 1.843002 0.890185
v -0.402865 1.846680 0.892568
v -0.443225 1.846602 0.893642
v -0.443225 1.846602 0.893642
v -0.402865 1.846680 0.892568
v -0.402770 1.849137 0.896133
v -0.443131 1.849117 0.897208
v -0.443131 1.849117 0.897208
v -0.402770 1.849137 0.896133
v -0.402658 1.850000 0.900338
v -0.443019 1.850000 0.901413
v 0.456025 0.362658 0.866426
v 0.456223 0.339002 0.866436
v 0.457235 0.362660 0.867279
v 0.457391 0.339003 0.867275
v 0.459638 0.339003 0.869599
v 0.459564 0.362660 0.869601
v 0.459564 0.362660 0.869601
v 0.459638 0.339003 0.869599
v 0.461192 0.339003 0.873126
v 0.461173 0.362660 0.873126
v 0.461173 0.362660 0.873126
v 0.461192 0.339003 0.873126
v 0.461816 0.339003 0.877317
v 0.461816 0.362660 0.877317
v 0.454355 0.447813 0.866519
v 0.455980 0.362659 0.866567
v 0.457121 0.447813 0.867282
v 0.457121 0.447813 0.867282
v 0.457235 0.362660 0.867279
v 0.459564 0.362660 0.869601
v 0.459510 0.447813 0.869603
v 0.459510 0.447813 0.869603
v 0.459564 0.362660 0.869601
v 0.461173 0.362660 0.873126
v 0.461159 0.447813 0.873126
v 0.461159 0.447813 0.873126
v 0.461173 0.362660 0.873126
v 0.461816 0.362660 0.877317
v 0.461816 0.447813 0.877317
v 0.454124 1.144416 0.866525
v 0.454061 1.118557 0.866526
v 0.456939 1.118557 0.867287
v 0.456978 1.144416 0.867286
v 0.456978 1.144416 0.867286
v 0.456939 1.118557 0.867287
v 0.459424 1.118557 0.869605
v 0.459442 1.144416 0.869604
v 0.459442 1.144416 0.869604
v 0.459424 1.118557 0.869605
v 0.461136 1.118557 0.873127
v 0.461141 1.144416 0.873127
v 0.461141 1.144416 0.873127
v 0.461136 1.118557 0.873127
v 0.461816 1.118557 0.877317
v 0.461816 1.144416 0.877317
v 0.454061 1.118557 0.866526
v 0.454025 1.057605 0.866527
v 0.456917 1.057605 0.867287
v 0.456939 1.118557 0.867287
v 0.456939 1.118557 0.867287
v 0.456917 1.057605 0.867287
v 0.459413 1.057605 0.869605
v 0.459424 1.118557 0.869605
v 0.459424 1.118557 0.869605
v 0.459413 1.057605 0.869605
v 0.461134 1.057605 0.873127
v 0.461136 1.118557 0.873127
v 0.461136 1.118557 0.873127
v 0.461134 1.057605 0.873127
v 0.461816 1.057605 0.877317
v 0.461816 1.118557 0.877317
v 0.454014 1.027129 0.866528
v 0.454025 0.996652 0.866527
v 0.456917 0.996652 0.867288
v 0.456910 1.027129 0.867288
v 0.456910 1.027129 0.867288
v 0.456917 0.996652 0.867288
v 0.459413 0.996652 0.869605
v 0.459410 1.027129 0.869605
v 0.459410 1.027129 0.869605
v 0.459413 0.996652 0.869605
v 0.461134 0.996652 0.873127
v 0.461133 1.027129 0.873127
v 0.461133 1.027129 0.873127
v 0.461134 0.996652 0.873127
v 0.461816 0.996652 0.877317
v 0.461816 1.027129 0.877317
v -0.457381 0.362659 0.891544
v -0.455979 0.447813 0.890762
v -0.458700 0.447813 0.891671
v -0.458815 0.362660 0.891674
v -0.458700 0.447813 0.891671
v -0.460963 0.447813 0.894115
v -0.461017 0.362660 0.894117
v -0.461017 0.362660 0.894117
v -0.460963 0.447813 0.894115
v -0.462422 0.447813 0.897722
v -0.462436 0.362660 0.897722
v -0.462436 0.362660 0.897722
v -0.462422 0.447813 0.897722
v -0.462855 0.447813 0.901942
v -0.462855 0.362660 0.901942
v 0.371671 0.064092 0.868721
v 0.272090 0.063917 0.871373
v 0.272112 0.059646 0.872209
v 0.371694 0.059754 0.869557
v 0.371694 0.059754 0.869557
v 0.272112 0.059646 0.872209
v 0.272176 0.056025 0.874592
v 0.371757 0.056076 0.871940
v 0.371757 0.056076 0.871940
v 0.272176 0.056025 0.874592
v 0.272271 0.053606 0.878157
v 0.371852 0.053619 0.875505
v 0.371852 0.053619 0.875505
v 0.272271 0.053606 0.878157
v 0.272382 0.052756 0.882362
v 0.371964 0.052756 0.879710
v -0.275765 0.063817 0.885962
v -0.385012 0.063917 0.888872
v -0.384990 0.059646 0.889708
v -0.275743 0.059584 0.886799
v -0.275743 0.059584 0.886799
v -0.384990 0.059646 0.889708
v -0.384927 0.056025 0.892090
v -0.275679 0.055996 0.889181
v -0.275679 0.055996 0.889181
v -0.384927 0.056025 0.892090
v -0.384832 0.053606 0.895656
v -0.275585 0.053598 0.892746
v -0.275585 0.053598 0.892746
v -0.384832 0.053606 0.895656
v -0.384720 0.052756 0.899861
v -0.275473 0.052756 0.896952
v -0.275765 1.838939 0.885962
v 0.117525 1.838972 0.875488
v 0.117547 1.843192 0.876325
v -0.275743 1.843172 0.886798
v -0.275743 1.843172 0.886798
v 0.117547 1.843192 0.876325
v 0.117611 1.846770 0.878707
v -0.275679 1.846760 0.889180
v -0.275679 1.846760 0.889180
v 0.117611 1.846770 0.878707
v 0.117706 1.849161 0.882272
v -0.275585 1.849158 0.892746
v -0.275585 1.849158 0.892746
v 0.117706 1.849161 0.882272
v 0.117818 1.850000 0.886478
v -0.275473 1.850000 0.896951
v -0.455844 0.470659 0.890758
v -0.455749 0.499459 0.890755
v -0.458558 0.499459 0.891667
v -0.458617 0.470659 0.891669
v -0.458617 0.470659 0.891669
v -0.458558 0.499459 0.891667
v -0.460895 0.499459 0.894113
v -0.460923 0.470659 0.894114
v -0.460923 0.470659 0.894114
v -0.460895 0.499459 0.894113
v -0.462404 0.499459 0.897721
v -0.462411 0.470659 0.897722
v -0.462411 0.470659 0.897722
v -0.462404 0.499459 0.897721
v -0.462855 0.499459 0.901942
v -0.462855 0.470659 0.901942
v -0.455650 0.996652 0.890753
v -0.455638 1.027129 0.890752
v -0.458490 1.027129 0.891665
v -0.458497 0.996652 0.891665
v -0.458497 0.996652 0.891665
v -0.458490 1.027129 0.891665
v -0.460863 1.027129 0.894112
v -0.460866 0.996652 0.894112
v -0.460866 0.996652 0.894112
v -0.460863 1.027129 0.894112
v -0.462396 1.027129 0.897721
v -0.462397 0.996652 0.897721
v -0.462397 0.996652 0.897721
v -0.462396 1.027129 0.897721
v -0.462855 1.027129 0.901942
v -0.462855 0.996652 0.901942
v -0.402951 1.838664 0.889349
v -0.385012 1.838839 0.888871
v -0.384990 1.843111 0.889708
v -0.402928 1.843002 0.890185
v -0.402928 1.843002 0.890185
v -0.384990 1.843111 0.889708
v -0.384927 1.846731 0.892090
v -0.402865 1.846680 0.892568
v -0.402865 1.846680 0.892568
v -0.384927 1.846731 0.892090
v -0.384832 1.849151 0.895655
v -0.402770 1.849137 0.896133
v -0.402770 1.849137 0.896133
v -0.384832 1.849151 0.895655
v -0.384720 1.850000 0.899860
v -0.402658 1.850000 0.900338
v 0.383789 1.234972 0.868181
v 0.383789 1.306956 0.868181
v 0.390011 0.339003 0.868017
v 0.389662 0.363545 0.868026
v -0.383960 0.131232 0.888627
v -0.271712 0.131232 0.885638
v 0.394684 0.131232 0.867892
v 0.390011 0.339003 0.868017
v 0.383789 1.326658 0.868182
v 0.383789 1.503975 0.868182
v 0.383789 1.031517 0.868181
v 0.383789 1.035905 0.868181
v 0.389074 0.404831 0.868041
v 0.388498 0.445364 0.868056
v 0.383789 1.118557 0.868181
v 0.383789 1.144416 0.868181
v 0.384315 1.044682 0.868059
v 0.383263 1.057605 0.868304
v 0.117077 0.131232 0.875284
v 0.227825 0.131232 0.872335
v 0.383789 1.144416 0.868182
v 0.383789 1.177546 0.868182
v -0.271712 0.131232 0.885638
v 0.117077 0.131232 0.875284
v 0.383789 1.027129 0.868181
v 0.383789 1.031517 0.868181
v 0.279822 0.131232 0.870950
v 0.368606 0.131232 0.868586
v 0.383789 0.884928 0.868181
v 0.383789 0.996652 0.868181
v 0.383789 1.503975 0.868181
v 0.383789 1.526140 0.868181
v 0.383789 1.177546 0.868180
v 0.383789 1.234972 0.868180
v 0.389662 0.363545 0.868023
v 0.389074 0.404831 0.868039
v 0.383789 1.306956 0.868181
v 0.383789 1.326658 0.868181
v 0.383789 0.996652 0.868181
v 0.383789 1.027129 0.868181
v 0.388138 0.470659 0.868066
v 0.387463 0.499459 0.868084
v 0.383789 1.057605 0.868180
v 0.383789 1.118557 0.868180
v 0.383789 1.035905 0.868181
v 0.383789 1.044682 0.868181
v 0.388497 0.445364 0.868056
v 0.388137 0.470659 0.868065
v 0.387463 0.499459 0.868084
v 0.383789 0.884928 0.868181
v -0.385012 1.057605 0.888871
v -0.385012 1.044682 0.888871
v -0.384104 1.044682 0.847480
v -0.384104 1.057605 0.847480
v -0.385012 1.144416 0.888871
v -0.385012 1.118557 0.888871
v -0.384104 1.118557 0.847480
v -0.384104 1.144416 0.847480
v -0.385012 1.326658 0.888871
v -0.385012 1.306956 0.888871
v -0.384104 1.306956 0.847480
v -0.384104 1.326658 0.847480
v -0.385012 0.884928 0.888871
v -0.385012 0.498901 0.888872
v -0.384104 0.499459 0.847480
v -0.384104 0.884928 0.847480
v -0.385012 0.996652 0.888871
v -0.385012 0.884928 0.888871
v -0.384104 0.884928 0.847480
v -0.384104 0.996652 0.847480
v -0.385012 1.737934 0.888871
v -0.385012 1.526140 0.888871
v -0.384104 1.526140 0.847480
v -0.384104 1.737934 0.847480
v -0.385012 1.234972 0.888871
v -0.385012 1.177546 0.888871
v -0.384104 1.177546 0.847480
v -0.384104 1.234972 0.847480
v -0.385012 1.031517 0.888871
v -0.385012 1.027129 0.888871
v -0.384104 1.027129 0.847480
v -0.384104 1.031517 0.847480
v -0.385012 1.044682 0.888871
v -0.385012 1.035905 0.888871
v -0.384104 1.035905 0.847480
v -0.384104 1.044682 0.847480
v -0.385012 1.118557 0.888871
v -0.385012 1.057605 0.888871
v -0.384104 1.057605 0.847480
v -0.384104 1.118557 0.847480
v -0.385012 1.177546 0.888871
v -0.385012 1.144416 0.888871
v -0.384104 1.144416 0.847480
v -0.384104 1.177546 0.847480
v -0.385012 1.503975 0.888871
v -0.385012 1.326658 0.888871
v -0.384104 1.326658 0.847480
v -0.384104 1.503975 0.847480
v -0.385012 1.737934 0.888871
v -0.275765 1.737934 0.885962
v -0.274857 1.737934 0.844570
v -0.384104 1.737934 0.847480
v -0.275765 1.737934 0.885962
v 0.117525 1.737934 0.875488
v 0.118434 1.737934 0.834097
v -0.274857 1.737934 0.844570
v -0.385012 1.526140 0.888871
v -0.385012 1.503975 0.888871
v -0.384104 1.503975 0.847480
v -0.384104 1.526140 0.847480
v -0.385012 1.306956 0.888871
v -0.385012 1.234972 0.888871
v -0.384104 1.234972 0.847480
v -0.384104 1.306956 0.847480
v 0.117525 1.737934 0.875488
v 0.226772 1.737934 0.872579
v 0.227785 1.737934 0.831031
v 0.118434 1.737934 0.834097
v -0.385012 1.035905 0.888871
v -0.385012 1.031517 0.888871
v -0.384104 1.031517 0.847480
v -0.384104 1.035905 0.847480
v -0.385012 1.027129 0.888871
v -0.385012 0.996652 0.888871
v -0.384104 0.996652 0.847480
v -0.384104 1.027129 0.847480
v 0.226772 0.063817 0.872580
v 0.117525 0.063784 0.875489
v 0.117547 0.059564 0.876325
v 0.226795 0.059584 0.873416
v 0.226795 0.059584 0.873416
v 0.117547 0.059564 0.876325
v 0.117611 0.055986 0.878708
v 0.226858 0.055996 0.875798
v 0.226858 0.055996 0.875798
v 0.117611 0.055986 0.878708
v 0.117706 0.053596 0.882273
v 0.226953 0.053598 0.879364
v 0.226953 0.053598 0.879364
v 0.117706 0.053596 0.882273
v 0.117818 0.052756 0.886478
v 0.227065 0.052756 0.883569
v 0.117525 0.063784 0.875489
v -0.275765 0.063817 0.885962
v -0.275743 0.059584 0.886799
v 0.117547 0.059564 0.876325
v 0.117547 0.059564 0.876325
v -0.275743 0.059584 0.886799
v -0.275679 0.055996 0.889181
v 0.117611 0.055986 0.878708
v 0.117611 0.055986 0.878708
v -0.275679 0.055996 0.889181
v -0.275585 0.053598 0.892746
v 0.117706 0.053596 0.882273
v 0.117706 0.053596 0.882273
v -0.275585 0.053598 0.892746
v -0.275473 0.052756 0.896952
v 0.117818 0.052756 0.886478
v 0.272090 0.063917 0.871373
v 0.226772 0.063817 0.872580
v 0.226795 0.059584 0.873416
v 0.272112 0.059646 0.872209
v 0.272112 0.059646 0.872209
v 0.226795 0.059584 0.873416
v 0.226858 0.055996 0.875798
v 0.272176 0.056025 0.874592
v 0.272176 0.056025 0.874592
v 0.226858 0.055996 0.875798
v 0.226953 0.053598 0.879364
v 0.272271 0.053606 0.878157
v 0.272271 0.053606 0.878157
v 0.226953 0.053598 0.879364
v 0.227065 0.052756 0.883569
v 0.272382 0.052756 0.882362
v 0.393631 0.064357 0.868136
v 0.371671 0.064092 0.868721
v 0.371694 0.059754 0.869557
v 0.393653 0.059918 0.868973
v 0.393653 0.059918 0.868973
v 0.371694 0.059754 0.869557
v 0.371757 0.056076 0.871940
v 0.393716 0.056154 0.871355
v 0.393716 0.056154 0.871355
v 0.371757 0.056076 0.871940
v 0.371852 0.053619 0.875505
v 0.393811 0.053639 0.874920
v 0.455579 0.064733 0.866486
v 0.393631 0.064357 0.868136
v 0.393653 0.059918 0.868973
v 0.457876 0.060149 0.867262
v 0.457876 0.060149 0.867262
v 0.393653 0.059918 0.868973
v 0.393716 0.056154 0.871355
v 0.459868 0.056264 0.869593
v 0.459868 0.056264 0.869593
v 0.393716 0.056154 0.871355
v 0.393811 0.053639 0.874920
v 0.461252 0.053668 0.873124
v 0.461252 0.053668 0.873124
v 0.393811 0.053639 0.874920
v 0.393923 0.052756 0.879125
v 0.461816 0.052756 0.877317
v 0.371676 0.064854 0.868721
v 0.393634 0.064987 0.868136
v 0.393633 0.064987 0.868136
v 0.455362 0.065173 0.866492
v 0.226773 0.064716 0.872580
v 0.272091 0.064766 0.871373
v 0.117525 0.064700 0.875489
v 0.226773 0.064716 0.872580
v -0.275765 0.064716 0.885962
v 0.117525 0.064700 0.875489
v -0.385804 0.130447 0.888472
v -0.270943 0.130447 0.885414
v -0.275765 0.065616 0.885962
v -0.385012 0.065616 0.888872
v 0.117525 0.065616 0.875489
v -0.275765 0.065616 0.885962
v -0.270943 0.130447 0.885414
v 0.117846 0.130447 0.875060
v 0.373493 0.130447 0.868252
v 0.371671 0.065616 0.868721
v 0.393631 0.065616 0.868136
v 0.395453 0.130447 0.867667
v 0.226772 0.065616 0.872580
v 0.228595 0.130447 0.872111
v 0.273912 0.130447 0.870904
v 0.272090 0.065616 0.871373
v 0.117846 0.130447 0.875060
v 0.228595 0.130447 0.872111
v 0.226772 0.065616 0.872580
v 0.117525 0.065616 0.875489
v -0.456765 0.131232 0.890783
v -0.385012 0.131232 0.888872
v -0.385012 0.339003 0.888872
v -0.456417 0.339003 0.890773
v -0.455844 0.470659 0.890758
v -0.385012 0.470659 0.888872
v -0.385012 0.498901 0.888872
v -0.455749 0.499459 0.890755
v -0.455749 0.499459 0.890755
v -0.385012 0.498901 0.888872
v -0.385012 0.884928 0.888871
v -0.455685 0.884928 0.890754
v -0.455685 0.884928 0.890754
v -0.385012 0.884928 0.888871
v -0.385012 0.996652 0.888871
v -0.455650 0.996652 0.890753
v -0.385012 1.118557 0.888871
v -0.455685 1.118557 0.890753
v -0.455650 1.057605 0.890752
v -0.385012 1.057605 0.888871
v -0.385012 1.144416 0.888871
v -0.455749 1.144416 0.890755
v -0.455685 1.118557 0.890753
v -0.385012 1.326658 0.888871
v -0.455979 1.326658 0.890761
v -0.455844 1.306956 0.890758
v -0.385012 1.306956 0.888871
v -0.385012 1.503975 0.888871
v -0.456165 1.503975 0.890766
v -0.455979 1.326658 0.890761
v -0.385012 1.526140 0.888871
v -0.456417 1.526140 0.890773
v -0.456165 1.503975 0.890766
v -0.385012 1.737934 0.888871
v -0.456754 1.737934 0.890782
v -0.456417 1.526140 0.890773
v -0.385012 1.526140 0.888871
v 0.373235 0.131232 0.927419
v 0.273653 0.065616 0.930071
v 0.373235 0.065616 0.927419
v 0.273653 0.131232 0.930071
v 0.456704 0.339003 0.925196
v 0.390521 0.339003 0.926958
v 0.456704 0.470659 0.925196
v 0.388648 0.470659 0.927008
v 0.456704 1.306956 0.925195
v 0.384299 1.144416 0.927124
v 0.456704 1.144416 0.925195
v 0.384299 1.306956 0.927124
v 0.456704 1.057605 0.925195
v 0.384299 1.027129 0.927124
v 0.456704 1.027129 0.925195
v 0.384299 1.057605 0.927124
v 0.273912 0.130447 0.870904
v 0.371671 0.065616 0.868721
v 0.272090 0.065616 0.871373
v 0.373493 0.130447 0.868252
v -0.385012 0.065616 0.888872
v -0.456765 0.065616 0.890783
v -0.456765 0.131232 0.890783
v -0.385761 0.130460 0.888988
v -0.385012 0.470659 0.888872
v -0.456350 0.339004 0.890771
v -0.385012 0.339003 0.888872
v -0.455872 0.470659 0.890759
v -0.385012 0.996652 0.888871
v -0.455650 0.996652 0.890753
v -0.455642 1.057605 0.890752
v -0.385012 1.057605 0.888871
v -0.385012 1.144416 0.888871
v -0.455749 1.144416 0.890755
v -0.455844 1.306956 0.890758
v -0.385012 1.837140 0.888871
v -0.456754 1.737934 0.890782
v -0.385012 1.737934 0.888871
v -0.456765 1.837140 0.890782
v 0.370647 1.177546 0.830250
v 0.370049 1.234972 0.807782
v 0.370647 1.177546 0.830250
v 0.370049 1.234972 0.807782
v 0.270467 1.234972 0.810434
v 0.271065 1.177546 0.832902
v 0.271065 1.177546 0.832902
v 0.370647 1.177546 0.830250
v 0.270467 1.234972 0.810434
v 0.271065 1.177546 0.832902
v 0.370049 1.234972 0.807782
v 0.270467 1.234972 0.810434
v -0.385012 1.737934 0.888871
v -0.385012 1.837140 0.888871
v -0.275765 1.837140 0.885962
v -0.275765 1.737934 0.885962
v -0.275765 1.837140 0.885962
v 0.117525 1.837140 0.875488
v 0.117525 1.737934 0.875488
v -0.275765 1.737934 0.885962
v 0.117525 1.737934 0.875488
v 0.117525 1.837140 0.875488
v 0.226772 1.837140 0.872579
v 0.226772 1.737934 0.872579
v 0.268014 1.737934 0.871481
v 0.272090 1.837140 0.871372
v 0.226772 1.837140 0.872579
v 0.226772 1.737934 0.872579
v 0.272090 1.837140 0.871372
v 0.268014 1.737934 0.871481
v 0.371671 1.737934 0.868720
v 0.371671 1.837140 0.868720
v 0.384842 1.737934 0.867936
v 0.382736 1.837140 0.868426
v 0.371671 1.837140 0.868720
v 0.371671 1.737934 0.868720
v 0.455140 1.737934 0.866497
v 0.455140 1.837140 0.866497
v 0.382736 1.837140 0.868426
v 0.384842 1.737934 0.867936
v 0.455140 1.737934 0.866497
v 0.384842 1.737934 0.867936
v 0.382736 1.526140 0.868426
v 0.454792 1.526140 0.866507
v 0.455140 1.526140 0.866498
v 0.382736 1.526140 0.868426
v 0.382736 1.503975 0.868426
v 0.455140 1.503975 0.866498
v 0.454541 1.503975 0.866513
v 0.382736 1.503975 0.868426
v 0.382736 1.326658 0.868426
v 0.454355 1.326658 0.866518
v 0.454355 1.326658 0.866518
v 0.382736 1.326658 0.868426
v 0.382736 1.306956 0.868426
v 0.454220 1.306956 0.866522
v 0.454124 1.144416 0.866525
v 0.382736 1.144416 0.868426
v 0.382736 1.118557 0.868426
v 0.454061 1.118557 0.866526
v 0.454061 1.118557 0.866526
v 0.382736 1.118557 0.868426
v 0.382736 1.057605 0.868426
v 0.454025 1.057605 0.866527
v 0.382736 0.884928 0.868426
v 0.454061 0.884928 0.866526
v 0.454025 0.996652 0.866527
v 0.382736 0.996652 0.868426
v 0.454061 0.884928 0.866526
v 0.382736 0.884928 0.868426
v 0.386410 0.499459 0.868328
v 0.454124 0.499459 0.866525
v 0.454124 0.499459 0.866525
v 0.386410 0.499459 0.868328
v 0.387085 0.470659 0.868310
v 0.454220 0.470659 0.866522
v 0.387445 0.445364 0.868301
v 0.454355 0.447813 0.866519
v 0.454220 0.470659 0.866522
v 0.454792 0.339003 0.866507
v 0.388958 0.339003 0.868261
v 0.393631 0.131232 0.868136
v 0.455140 0.131232 0.866498
v 0.455140 0.065616 0.866498
v 0.393631 0.065616 0.868136
v 0.393631 0.131232 0.868136
v 0.455140 0.131232 0.866498
v 0.093190 0.450173 0.834616
v 0.104064 0.438259 0.834326
v 0.101232 0.429525 0.839270
v 0.091206 0.440510 0.839537
v 0.080208 0.459182 0.834962
v 0.093190 0.450173 0.834616
v 0.091206 0.440510 0.839537
v 0.078983 0.448991 0.839862
v 0.052136 0.339003 0.835709
v -0.204683 0.339003 0.842548
v -0.204262 0.349526 0.847405
v 0.051845 0.349526 0.840585
v 0.117037 0.405712 0.833981
v 0.114272 0.393653 0.834054
v 0.109824 0.398784 0.839041
v 0.111335 0.405374 0.839001
v 0.276442 0.499459 0.829736
v 0.273102 0.499459 0.829825
v 0.273102 0.884928 0.829825
v 0.276442 0.884928 0.829736
v 0.303574 0.996652 0.829013
v 0.372684 1.526140 0.827172
v 0.269026 1.526140 0.829933
v 0.269026 1.737934 0.829933
v 0.372684 1.737934 0.827172
v 0.383748 1.526140 0.826878
v 0.372684 1.526140 0.827172
v 0.372684 1.737934 0.827172
v 0.383748 1.737934 0.826878
v 0.383748 0.884930 0.826878
v 0.387423 0.499457 0.826780
v 0.388097 0.470659 0.826762
v 0.372684 0.470659 0.827173
v -0.271753 0.470659 0.844334
v -0.386614 0.470659 0.847393
v -0.386614 0.499459 0.847393
v -0.271753 0.499459 0.844334
v 0.227785 0.499459 0.831032
v 0.273102 0.499459 0.829825
v 0.227785 0.499459 0.831032
v 0.227785 0.884928 0.831031
v 0.273102 0.884928 0.829825
v 0.227785 0.884928 0.831031
v 0.227785 0.996652 0.831031
v 0.269026 1.526140 0.829933
v 0.227785 1.737934 0.831031
v 0.269026 1.737934 0.829933
v 0.279782 0.131232 0.829647
v 0.227785 0.131232 0.831032
v 0.279898 0.499454 0.829644
v -0.271753 0.131232 0.844335
v -0.386614 0.131232 0.847393
v -0.386614 0.339003 0.847393
v -0.271753 0.339003 0.844334
v 0.394643 0.131232 0.826588
v 0.372684 0.131232 0.827173
v 0.372684 0.339003 0.827173
v 0.389971 0.339003 0.826712
v 0.227785 0.131232 0.831032
v 0.117037 0.131232 0.833981
v 0.117037 0.339003 0.833981
v 0.227785 0.339003 0.831032
v 0.227785 0.470659 0.831032
v 0.117037 0.470659 0.833981
v 0.117037 0.499459 0.833981
v 0.227785 0.499459 0.831032
v 0.269026 1.234972 0.829933
v 0.227785 1.027129 0.831031
v 0.372684 1.234972 0.827173
v 0.383748 1.526140 0.826878
v 0.273102 1.144416 0.829824
v 0.372684 1.057605 0.827173
v 0.276633 1.061220 0.830529
v 0.276987 1.061109 0.841895
v 0.273102 0.996652 0.829825
v 0.227785 0.996652 0.831031
v 0.227785 1.027129 0.831031
v 0.273102 1.027129 0.829824
v 0.276442 0.996652 0.829736
v 0.273102 0.996652 0.829825
v 0.273102 1.027129 0.829824
v 0.276442 1.027129 0.829736
v 0.388457 0.445364 0.826753
v 0.372684 0.445364 0.827173
v 0.372684 0.470659 0.827173
v 0.388097 0.470659 0.826762
v 0.269026 1.177546 0.829933
v 0.104064 0.438259 0.834326
v 0.111165 0.426199 0.834137
v 0.107257 0.419291 0.839109
v 0.101232 0.429525 0.839270
v 0.111035 0.405941 0.839134
v 0.115381 0.411960 0.834025
v 0.117037 0.405712 0.833981
v 0.109944 0.380431 0.834170
v 0.103620 0.369679 0.834338
v 0.100917 0.378633 0.839278
v 0.106128 0.387493 0.839139
v 0.103620 0.369679 0.834338
v 0.093967 0.360670 0.834595
v 0.092067 0.370374 0.839514
v 0.100917 0.378633 0.839278
v 0.093967 0.360670 0.834595
v 0.081650 0.351226 0.834923
v 0.080194 0.361270 0.839830
v 0.092067 0.370374 0.839514
v 0.062344 0.466156 0.835437
v 0.080208 0.459182 0.834962
v 0.078983 0.448991 0.839862
v 0.061661 0.455754 0.840324
v 0.067282 0.354562 0.840174
v 0.080194 0.361270 0.839830
v 0.081650 0.351226 0.834923
v 0.068225 0.344252 0.835281
v 0.043925 0.470659 0.835928
v 0.062344 0.466156 0.835437
v 0.061661 0.455754 0.840324
v 0.043739 0.460136 0.840801
v 0.110961 0.406784 0.839011
v 0.107257 0.419291 0.839109
v 0.111165 0.426199 0.834137
v 0.115381 0.411960 0.834025
v 0.114272 0.393653 0.834054
v 0.109944 0.380431 0.834170
v 0.106128 0.387493 0.839139
v 0.109824 0.398784 0.839041
v 0.043739 0.460136 0.840801
v 0.044549 0.459352 0.881880
v -0.203575 0.459352 0.888488
v -0.204385 0.460136 0.847409
v 0.389971 0.339003 0.826712
v 0.368382 0.339016 0.827287
v 0.388457 0.445364 0.826753
v 0.372684 0.445364 0.827173
v 0.299600 0.996652 0.829119
v 0.279782 0.996652 0.829647
v 0.279782 1.027129 0.829647
v 0.299600 1.027129 0.829119
v 0.273102 1.057605 0.829824
v 0.280182 1.049614 0.841297
v 0.273102 1.051143 0.829824
v 0.368566 0.131232 0.827283
v 0.279782 0.131232 0.829647
v 0.279782 0.339003 0.829647
v 0.368566 0.339003 0.827282
v 0.299600 0.470659 0.829119
v 0.279782 0.470659 0.829647
v 0.279782 0.499459 0.829647
v 0.299600 0.499459 0.829119
v 0.303574 0.884928 0.829013
v 0.299600 0.499459 0.829119
v 0.279782 0.499459 0.829647
v 0.279782 0.884928 0.829647
v 0.299600 0.884928 0.829119
v 0.368699 0.470655 0.827279
v 0.372684 0.131232 0.827173
v 0.368566 0.131232 0.827283
v 0.368566 0.339003 0.827282
v 0.372684 0.339003 0.827173
v 0.367927 0.404831 0.827299
v 0.364764 0.390733 0.827384
v 0.359417 0.393627 0.833564
v 0.361798 0.404824 0.833501
v 0.283222 0.394575 0.829555
v 0.280110 0.404831 0.829638
v 0.286552 0.405194 0.835505
v 0.288992 0.396942 0.835440
v 0.363878 0.422061 0.827407
v 0.367927 0.404831 0.827299
v 0.361798 0.404824 0.833501
v 0.358421 0.419185 0.833591
v 0.296812 0.374774 0.829193
v 0.288835 0.383640 0.829406
v 0.294036 0.387116 0.835306
v 0.300886 0.379503 0.835123
v 0.347333 0.373001 0.827848
v 0.336402 0.366794 0.828139
v 0.333631 0.373450 0.834251
v 0.344189 0.378174 0.833970
v 0.356492 0.380980 0.827604
v 0.347333 0.373001 0.827848
v 0.344189 0.378174 0.833970
v 0.352320 0.385259 0.833753
v 0.336402 0.366794 0.828139
v 0.327538 0.364149 0.828375
v 0.326222 0.370222 0.834448
v 0.333631 0.373450 0.834251
v 0.327538 0.364149 0.828375
v 0.320448 0.364149 0.828564
v 0.321731 0.370222 0.834568
v 0.326222 0.370222 0.834448
v 0.306562 0.368863 0.828934
v 0.296812 0.374774 0.829193
v 0.300886 0.379503 0.835123
v 0.309403 0.374339 0.834896
v 0.364764 0.390733 0.827384
v 0.356492 0.380980 0.827604
v 0.352320 0.385259 0.833753
v 0.359417 0.393627 0.833564
v 0.320448 0.364149 0.828564
v 0.306562 0.368863 0.828934
v 0.309403 0.374339 0.834896
v 0.321731 0.370222 0.834568
v 0.288835 0.383640 0.829406
v 0.283222 0.394575 0.829555
v 0.288992 0.396942 0.835440
v 0.294036 0.387116 0.835306
v 0.368764 1.053153 0.827257
v 0.369137 1.049013 0.838037
v 0.372684 1.027129 0.827173
v 0.369442 1.032653 0.839536
v 0.372684 1.031517 0.827173
v 0.368566 1.057605 0.827282
v 0.368890 1.057605 0.839456
v 0.317143 1.057605 0.840835
v 0.316819 1.057605 0.828660
v 0.372684 1.051143 0.827173
v 0.374037 1.049009 0.839332
v 0.373536 1.053336 0.839345
v 0.372684 1.057605 0.827173
v 0.357321 0.499459 0.827582
v 0.316819 0.499459 0.828660
v 0.316819 0.884928 0.828660
v 0.357321 0.884928 0.827582
v 0.357321 0.884928 0.827582
v 0.316819 0.884928 0.828660
v 0.316819 0.996652 0.828660
v 0.357321 0.996652 0.827582
v 0.357321 0.470659 0.827582
v 0.316819 0.470659 0.828660
v 0.316819 0.499459 0.828660
v 0.357321 0.499459 0.827582
v 0.372684 1.144416 0.827173
v 0.273102 1.057605 0.829825
v 0.357321 0.996652 0.827582
v 0.316819 0.996652 0.828660
v 0.316819 1.027129 0.828660
v 0.357321 1.027129 0.827582
v 0.316819 1.057605 0.828660
v 0.317143 1.057605 0.840835
v 0.303898 1.057605 0.841187
v 0.303574 1.057605 0.829013
v 0.357321 1.027129 0.827582
v 0.357321 0.470659 0.827582
v 0.273102 1.044682 0.829824
v 0.271884 1.044682 0.842060
v 0.271884 1.035905 0.842059
v 0.273102 1.035905 0.829824
v 0.273102 1.035905 0.829824
v 0.267178 1.034172 0.841635
v 0.273102 1.031517 0.829824
v 0.372684 1.035905 0.827173
v 0.374537 1.035905 0.839322
v 0.374537 1.044682 0.839322
v 0.372684 1.044682 0.827173
v 0.273102 1.027129 0.829825
v 0.372684 1.027129 0.827173
v 0.372684 1.031517 0.827173
v 0.369850 1.035078 0.839799
v 0.372684 1.035905 0.827173
v 0.372684 1.044682 0.827173
v 0.374537 1.044682 0.839322
v 0.374037 1.049009 0.839332
v 0.372684 1.051143 0.827173
v 0.279395 1.032611 0.829644
v 0.279617 1.034550 0.841067
v 0.303574 0.499459 0.829013
v 0.299600 0.499459 0.829119
v 0.299600 0.884928 0.829119
v 0.303574 0.884928 0.829013
v 0.303574 0.470659 0.829013
v 0.299600 0.470659 0.829119
v 0.299600 0.499459 0.829119
v 0.303574 0.499459 0.829013
v 0.303574 0.996652 0.829013
v 0.299600 0.996652 0.829119
v 0.299600 1.027129 0.829119
v 0.303574 1.027129 0.829013
v 0.273102 1.031517 0.829824
v 0.267725 1.031541 0.841919
v 0.273102 1.027129 0.829824
v 0.299600 1.057605 0.829119
v 0.299924 1.057605 0.841292
v 0.280106 1.057605 0.841819
v 0.279782 1.057605 0.829647
v 0.279782 0.996652 0.829647
v 0.276442 0.996652 0.829736
v 0.276442 1.027129 0.829736
v 0.279782 1.027129 0.829647
v 0.279782 0.499459 0.829647
v 0.276442 0.499459 0.829736
v 0.276442 0.884928 0.829736
v 0.279782 0.884928 0.829647
v 0.316819 0.996652 0.828660
v 0.303574 0.996652 0.829013
v 0.303574 1.027129 0.829013
v 0.316819 1.027129 0.828660
v 0.316819 0.470659 0.828660
v 0.303574 0.470659 0.829013
v 0.303574 0.499459 0.829013
v 0.316819 0.499459 0.828660
v 0.316819 0.884928 0.828660
v 0.303574 0.884928 0.829013
v 0.303574 0.996652 0.829013
v 0.316819 0.996652 0.828660
v 0.316819 0.499459 0.828660
v 0.303574 0.499459 0.829013
v 0.303574 0.884928 0.829013
v 0.316819 0.884928 0.828660
v 0.273102 1.051143 0.829824
v 0.272656 1.048423 0.842037
v 0.271884 1.044682 0.842060
v 0.273102 1.044682 0.829824
v 0.279782 1.027129 0.829647
v 0.280106 1.027129 0.841823
v 0.299924 1.027129 0.841296
v 0.299600 1.027129 0.829119
v 0.368566 1.027129 0.827282
v 0.368890 1.027129 0.839458
v 0.303574 1.027129 0.829013
v 0.303898 1.027129 0.841190
v 0.372506 1.022695 0.828588
v 0.373269 1.022194 0.839321
v 0.273317 1.061042 0.831344
v 0.273674 1.058375 0.842799
v 0.299600 1.027129 0.829119
v 0.299924 1.027129 0.841296
v 0.303898 1.027129 0.841190
v 0.303574 1.027129 0.829013
v 0.276019 1.032637 0.828956
v 0.275936 1.036199 0.840429
v 0.303574 1.057605 0.829013
v 0.303898 1.057605 0.841187
v 0.299924 1.057605 0.841292
v 0.299600 1.057605 0.829119
v 0.276562 1.055416 0.842702
v 0.273036 1.052569 0.842864
v 0.271816 1.033270 0.842556
v 0.272272 1.030545 0.842562
v 0.272724 1.033659 0.842345
v 0.273236 1.030924 0.842340
v 0.373842 1.033352 0.839945
v 0.373451 1.031279 0.839948
v 0.373448 1.033552 0.839280
v 0.373000 1.031260 0.839280
v 0.276508 1.029349 0.842274
v 0.273204 1.030962 0.842360
v 0.276661 1.029423 0.841819
v 0.273122 1.031136 0.841909
v 0.299908 1.056973 0.841381
v 0.280286 1.057005 0.841903
v 0.299890 1.057233 0.841577
v 0.280735 1.057299 0.842101
v 0.299938 1.027479 0.841818
v 0.280202 1.027482 0.842343
v 0.299929 1.027300 0.841459
v 0.280129 1.027304 0.841986
v 0.372914 1.052799 0.839314
v 0.368412 1.057009 0.839429
v 0.372951 1.053070 0.839386
v 0.368740 1.057125 0.839563
v 0.373507 1.031168 0.840157
v 0.369027 1.027423 0.840242
v 0.374133 1.030548 0.839847
v 0.369400 1.026695 0.839954
v 0.357650 1.057428 0.839922
v 0.317148 1.057432 0.841001
v 0.357655 1.057244 0.840119
v 0.317153 1.057263 0.841203
v 0.357659 1.027508 0.840253
v 0.317157 1.027506 0.841332
v 0.357651 1.027203 0.839965
v 0.317149 1.027202 0.841043
v 0.368908 1.057009 0.839465
v 0.357646 1.057045 0.839771
v 0.368925 1.057364 0.840095
v 0.357663 1.057397 0.840404
v 0.368918 1.027595 0.839786
v 0.357654 1.027580 0.840077
v 0.368918 1.026814 0.839855
v 0.357657 1.026812 0.840150
v 0.273348 1.048323 0.842042
v 0.272535 1.044628 0.842069
v 0.273037 1.048468 0.842388
v 0.272240 1.044912 0.842415
v 0.373717 1.049139 0.839866
v 0.374262 1.044688 0.839850
v 0.374316 1.049094 0.839637
v 0.374825 1.044727 0.839623
v 0.272313 1.044774 0.842142
v 0.272295 1.036072 0.842143
v 0.272166 1.044925 0.842581
v 0.272146 1.036457 0.842583
v 0.374243 1.044686 0.839808
v 0.374242 1.035899 0.839808
v 0.374465 1.044686 0.839514
v 0.374464 1.035899 0.839514
v 0.274003 1.051810 0.841982
v 0.273249 1.048338 0.842004
v 0.273713 1.051474 0.842341
v 0.273044 1.048466 0.842364
v 0.373066 1.053246 0.839619
v 0.373585 1.049127 0.839586
v 0.374188 1.053407 0.839857
v 0.374663 1.049164 0.839825
v 0.303889 1.057324 0.841330
v 0.299913 1.057333 0.841435
v 0.303870 1.057182 0.841413
v 0.299890 1.057229 0.841543
v 0.303913 1.027471 0.841769
v 0.299939 1.027457 0.841871
v 0.303904 1.027122 0.841430
v 0.299931 1.027119 0.841536
v 0.280482 1.057371 0.841819
v 0.277113 1.054663 0.841919
v 0.280224 1.027552 0.842155
v 0.276513 1.029362 0.842246
v 0.280332 1.027653 0.841785
v 0.276656 1.029425 0.841878
v 0.317147 1.057381 0.840988
v 0.303891 1.057387 0.841341
v 0.317151 1.057222 0.841139
v 0.303876 1.057252 0.841504
v 0.317156 1.027508 0.841326
v 0.303911 1.027508 0.841678
v 0.317149 1.027214 0.841038
v 0.303903 1.027214 0.841391
v 0.271854 1.036068 0.842290
v 0.272321 1.033348 0.842275
v 0.272146 1.036454 0.842600
v 0.272642 1.033646 0.842589
v 0.374219 1.035903 0.839756
v 0.373761 1.033368 0.839767
v 0.374153 1.035956 0.839420
v 0.373719 1.033495 0.839427
v 0.067282 0.354562 0.840174
v 0.068225 0.344252 0.835281
v 0.052136 0.339003 0.835709
v 0.051845 0.349526 0.840585
v -0.203838 0.338218 0.884937
v 0.052981 0.338218 0.878098
v -0.203838 0.338218 0.884937
v -0.221634 0.342223 0.885411
v -0.221634 0.342223 0.885411
v -0.233654 0.348156 0.885731
v -0.233655 0.348156 0.885731
v -0.251038 0.360022 0.886194
v 0.277252 0.498675 0.870815
v 0.277252 0.884143 0.870815
v 0.273912 0.884143 0.870904
v 0.273912 0.498675 0.870904
v 0.373493 1.525355 0.868252
v 0.371671 1.737934 0.868720
v 0.268014 1.737934 0.871481
v 0.273912 1.525355 0.870903
v 0.384558 1.525355 0.867957
v 0.384842 1.737934 0.867936
v 0.371671 1.737934 0.868720
v 0.373493 1.525355 0.868252
v 0.384558 0.884144 0.867957
v 0.390549 0.362781 0.867798
v 0.358131 1.026344 0.868661
v 0.369376 0.469875 0.868362
v -0.270943 0.469875 0.885414
v -0.270943 0.498675 0.885414
v -0.385804 0.498675 0.888472
v -0.385804 0.469875 0.888472
v 0.228595 0.498675 0.872111
v 0.273912 0.498675 0.870904
v 0.273912 0.884143 0.870904
v 0.228595 0.884143 0.872110
v 0.228595 0.498675 0.872111
v 0.228595 0.995868 0.872110
v 0.228595 0.884143 0.872110
v 0.273912 1.525355 0.870903
v 0.268014 1.737934 0.871481
v 0.226772 1.737934 0.872579
v 0.228595 1.525355 0.872110
v 0.280591 0.130447 0.870726
v 0.280708 0.498670 0.870723
v 0.228595 0.130447 0.872111
v -0.270943 0.130447 0.885414
v -0.270943 0.338218 0.885414
v -0.385804 0.338218 0.888472
v -0.385804 0.130447 0.888472
v 0.395453 0.130447 0.867667
v 0.390780 0.338218 0.867792
v 0.373493 0.338218 0.868252
v 0.373493 0.130447 0.868252
v 0.228595 0.130447 0.872111
v 0.228595 0.338218 0.872111
v 0.117846 0.338218 0.875060
v 0.117846 0.130447 0.875060
v 0.228595 0.469875 0.872111
v 0.228595 0.498675 0.872111
v 0.117846 0.498675 0.875060
v 0.117846 0.469875 0.875060
v -0.203705 0.459352 0.883623
v 0.044419 0.459352 0.877015
v 0.044549 0.459352 0.881880
v -0.203575 0.459352 0.888488
v 0.273912 1.234188 0.870904
v 0.228595 1.525355 0.872110
v 0.384558 1.525355 0.867957
v 0.228595 1.026344 0.872110
v 0.373493 1.234188 0.868252
v 0.384558 1.105083 0.867957
v 0.373493 1.143631 0.868252
v 0.373493 1.056820 0.868252
v 0.273912 0.995868 0.870904
v 0.273912 1.026344 0.870904
v 0.228595 1.026344 0.872110
v 0.228595 0.995868 0.872110
v 0.277252 0.995868 0.870815
v 0.277252 1.026344 0.870815
v 0.273912 1.026344 0.870904
v 0.273912 0.995868 0.870904
v 0.373493 0.444579 0.868252
v 0.069069 0.343467 0.877670
v 0.082495 0.350441 0.877312
v 0.112009 0.425415 0.876526
v 0.104908 0.437474 0.876715
v 0.052981 0.338218 0.878098
v 0.069069 0.343467 0.877670
v 0.116226 0.411176 0.876414
v 0.112009 0.425415 0.876526
v 0.094811 0.359886 0.876984
v 0.104464 0.368894 0.876727
v -0.265410 0.431817 0.886577
v -0.268401 0.422778 0.886656
v -0.225836 0.464657 0.885523
v -0.236190 0.459836 0.885799
v -0.260577 0.439650 0.886448
v -0.265409 0.431816 0.886577
v 0.082495 0.350441 0.877312
v 0.094811 0.359886 0.876984
v -0.236190 0.459836 0.885799
v -0.244012 0.455016 0.886007
v -0.261209 0.373825 0.886465
v -0.251038 0.360021 0.886194
v -0.252755 0.447182 0.886240
v -0.260578 0.439650 0.886448
v -0.244012 0.455016 0.886007
v -0.252755 0.447182 0.886240
v 0.044772 0.464613 0.884349
v 0.044805 0.469875 0.879626
v -0.203944 0.469875 0.886251
v -0.203664 0.464613 0.890965
v -0.267931 0.412631 0.892677
v -0.265990 0.420090 0.892625
v -0.268366 0.422778 0.887966
v -0.270873 0.413137 0.888033
v -0.203453 0.348741 0.888484
v -0.203532 0.343480 0.890962
v 0.052931 0.343480 0.884132
v 0.052655 0.348741 0.881664
v 0.110151 0.421961 0.882608
v 0.114111 0.408587 0.882503
v 0.116260 0.411176 0.877723
v 0.112044 0.425415 0.877836
v 0.103588 0.433107 0.882783
v 0.110151 0.421961 0.882608
v 0.112044 0.425415 0.877836
v 0.104943 0.437474 0.878025
v 0.093138 0.444557 0.883062
v 0.103588 0.433107 0.882783
v 0.104943 0.437474 0.878025
v 0.094069 0.449389 0.878314
v 0.080536 0.453302 0.883397
v 0.093138 0.444557 0.883062
v 0.094069 0.449389 0.878314
v 0.081087 0.458397 0.878660
v 0.062943 0.460170 0.883866
v 0.080536 0.453302 0.883397
v 0.081087 0.458397 0.878660
v 0.063223 0.465371 0.879136
v 0.044772 0.464613 0.884349
v 0.062943 0.460170 0.883866
v 0.063223 0.465371 0.879136
v 0.044805 0.469875 0.879626
v -0.232763 0.353212 0.891740
v -0.249708 0.364779 0.892192
v -0.251003 0.360022 0.887504
v -0.233620 0.348156 0.887041
v -0.249708 0.364779 0.892192
v -0.259237 0.377711 0.892445
v -0.261174 0.373825 0.887775
v -0.251003 0.360022 0.887504
v -0.259237 0.377711 0.892445
v -0.263765 0.389571 0.892566
v -0.266167 0.386902 0.887908
v -0.261174 0.373825 0.887775
v -0.263765 0.389571 0.892566
v -0.265991 0.400219 0.892625
v -0.268571 0.398404 0.887972
v -0.266167 0.386902 0.887908
v -0.265991 0.400219 0.892625
v -0.267931 0.412631 0.892677
v -0.270873 0.413137 0.888033
v -0.268571 0.398404 0.887972
v -0.225226 0.459466 0.891540
v -0.203664 0.464613 0.890965
v -0.203944 0.469875 0.886251
v -0.225801 0.464657 0.886833
v 0.068694 0.348622 0.883713
v 0.052931 0.343480 0.884132
v 0.053015 0.338218 0.879408
v 0.069104 0.343467 0.878979
v 0.081862 0.355463 0.883362
v 0.068694 0.348622 0.883713
v 0.069104 0.343467 0.878979
v 0.082530 0.350441 0.878622
v 0.093957 0.364737 0.883040
v 0.081862 0.355463 0.883362
v 0.082530 0.350441 0.878622
v 0.094846 0.359886 0.878294
v -0.235352 0.454751 0.891809
v -0.225226 0.459466 0.891540
v -0.225801 0.464657 0.886833
v -0.236155 0.459836 0.887108
v -0.242936 0.450078 0.892011
v -0.235352 0.454751 0.891809
v -0.236155 0.459836 0.887108
v -0.243977 0.455016 0.887317
v 0.103209 0.373371 0.882793
v 0.093957 0.364737 0.883040
v 0.094846 0.359886 0.878294
v 0.104499 0.368894 0.878037
v -0.203532 0.343480 0.890962
v -0.221016 0.347414 0.891428
v -0.221599 0.342223 0.886721
v -0.203803 0.338218 0.886247
v -0.221016 0.347414 0.891428
v -0.232763 0.353212 0.891740
v -0.233620 0.348156 0.887041
v -0.221599 0.342223 0.886721
v -0.251501 0.442404 0.892239
v -0.242936 0.450078 0.892011
v -0.243977 0.455016 0.887317
v -0.252720 0.447182 0.887550
v -0.259017 0.435167 0.892440
v -0.251501 0.442404 0.892239
v -0.252720 0.447182 0.887550
v -0.260543 0.439650 0.887758
v -0.263299 0.428225 0.892554
v -0.259017 0.435167 0.892440
v -0.260543 0.439650 0.887758
v -0.265375 0.431817 0.887887
v -0.265990 0.420090 0.892625
v -0.263299 0.428225 0.892554
v -0.265375 0.431817 0.887887
v -0.268366 0.422778 0.887966
v 0.108977 0.383177 0.882640
v 0.103209 0.373371 0.882793
v 0.104499 0.368894 0.878037
v 0.110824 0.379646 0.877868
v 0.112988 0.395434 0.882533
v 0.108977 0.383177 0.882640
v 0.110824 0.379646 0.877868
v 0.115151 0.392868 0.877753
v 0.115126 0.404758 0.882476
v 0.112988 0.395434 0.882533
v 0.115151 0.392868 0.877753
v 0.117916 0.404928 0.877679
v 0.114111 0.408587 0.882503
v 0.115126 0.404758 0.882476
v 0.117916 0.404928 0.877679
v 0.116260 0.411176 0.877723
v -0.266201 0.386902 0.886598
v -0.261209 0.373825 0.886465
v 0.104908 0.437474 0.876715
v 0.094034 0.449389 0.877005
v 0.094034 0.449389 0.877005
v 0.081052 0.458397 0.877350
v 0.104464 0.368894 0.876727
v 0.110789 0.379646 0.876559
v 0.081052 0.458397 0.877350
v 0.063189 0.465371 0.877826
v 0.110789 0.379646 0.876559
v 0.115116 0.392868 0.876443
v 0.063189 0.465371 0.877826
v 0.044770 0.469875 0.878317
v 0.115116 0.392868 0.876443
v 0.117881 0.404928 0.876370
v 0.117881 0.404928 0.876370
v 0.116226 0.411176 0.876414
v -0.268605 0.398404 0.886662
v -0.266201 0.386902 0.886598
v -0.270908 0.413137 0.886723
v -0.268606 0.398404 0.886662
v -0.203575 0.459352 0.888488
v 0.044549 0.459352 0.881880
v 0.044772 0.464613 0.884349
v -0.203664 0.464613 0.890965
v -0.203978 0.469875 0.884941
v -0.225836 0.464657 0.885523
v -0.268400 0.422778 0.886656
v -0.270908 0.413137 0.886723
v 0.111839 0.405158 0.879962
v 0.115126 0.404758 0.882476
v 0.114111 0.408587 0.882503
v 0.112144 0.404589 0.880080
v 0.110633 0.398000 0.880120
v 0.112988 0.395434 0.882533
v 0.115126 0.404758 0.882476
v 0.110633 0.398000 0.880120
v 0.106938 0.386708 0.880219
v 0.108977 0.383177 0.882640
v 0.112988 0.395434 0.882533
v 0.106938 0.386708 0.880219
v 0.101727 0.377848 0.880357
v 0.103209 0.373371 0.882793
v 0.108977 0.383177 0.882640
v -0.263807 0.417402 0.890092
v -0.261414 0.424633 0.890028
v -0.263299 0.428225 0.892554
v -0.265990 0.420090 0.892625
v -0.261414 0.424633 0.890028
v -0.257682 0.430684 0.889928
v -0.259017 0.435167 0.892440
v -0.263299 0.428225 0.892554
v -0.257682 0.430684 0.889928
v -0.250473 0.437626 0.889737
v -0.251501 0.442404 0.892239
v -0.259017 0.435167 0.892440
v -0.250473 0.437626 0.889737
v -0.242085 0.445140 0.889513
v -0.242936 0.450078 0.892011
v -0.251501 0.442404 0.892239
v -0.220624 0.352606 0.888942
v -0.232097 0.358269 0.889247
v -0.232763 0.353212 0.891740
v -0.221016 0.347414 0.891428
v -0.203453 0.348741 0.888484
v -0.220624 0.352606 0.888942
v -0.221016 0.347414 0.891428
v -0.203532 0.343480 0.890962
v 0.052931 0.343480 0.884132
v -0.203532 0.343480 0.890962
v -0.203803 0.338218 0.886247
v 0.053015 0.338218 0.879408
v 0.101727 0.377848 0.880357
v 0.092876 0.369589 0.880593
v 0.093957 0.364737 0.883040
v 0.103209 0.373371 0.882793
v -0.242085 0.445140 0.889513
v -0.234741 0.449666 0.889318
v -0.235352 0.454751 0.891809
v -0.242936 0.450078 0.892011
v -0.234741 0.449666 0.889318
v -0.224843 0.454275 0.889054
v -0.225226 0.459466 0.891540
v -0.235352 0.454751 0.891809
v 0.092876 0.369589 0.880593
v 0.081003 0.360485 0.880909
v 0.081862 0.355463 0.883362
v 0.093957 0.364737 0.883040
v 0.081003 0.360485 0.880909
v 0.068092 0.353778 0.881253
v 0.068694 0.348622 0.883713
v 0.081862 0.355463 0.883362
v 0.068092 0.353778 0.881253
v 0.052655 0.348741 0.881664
v 0.052931 0.343480 0.884132
v 0.068694 0.348622 0.883713
v -0.224843 0.454275 0.889054
v -0.203575 0.459352 0.888488
v -0.203664 0.464613 0.890965
v -0.225226 0.459466 0.891540
v -0.263602 0.402034 0.890086
v -0.265179 0.412126 0.890128
v -0.267931 0.412631 0.892677
v -0.265991 0.400219 0.892625
v -0.261555 0.392239 0.890032
v -0.263602 0.402034 0.890086
v -0.265991 0.400219 0.892625
v -0.263765 0.389571 0.892566
v -0.257491 0.381597 0.889923
v -0.261555 0.392239 0.890032
v -0.263765 0.389571 0.892566
v -0.259237 0.377711 0.892445
v -0.248604 0.369536 0.889687
v -0.257491 0.381597 0.889923
v -0.259237 0.377711 0.892445
v -0.249708 0.364779 0.892192
v -0.232097 0.358269 0.889247
v -0.248604 0.369536 0.889687
v -0.249708 0.364779 0.892192
v -0.232763 0.353212 0.891740
v 0.044549 0.459352 0.881880
v 0.062471 0.454969 0.881403
v 0.062943 0.460170 0.883866
v 0.044772 0.464613 0.884349
v 0.062471 0.454969 0.881403
v 0.079793 0.448207 0.880941
v 0.080536 0.453302 0.883397
v 0.062943 0.460170 0.883866
v 0.079793 0.448207 0.880941
v 0.092016 0.439725 0.880616
v 0.093138 0.444557 0.883062
v 0.080536 0.453302 0.883397
v 0.092016 0.439725 0.880616
v 0.102041 0.428740 0.880349
v 0.103588 0.433107 0.882783
v 0.093138 0.444557 0.883062
v 0.102041 0.428740 0.880349
v 0.108067 0.418507 0.880188
v 0.110151 0.421961 0.882608
v 0.103588 0.433107 0.882783
v 0.108067 0.418507 0.880188
v 0.111771 0.405999 0.880090
v 0.114111 0.408587 0.882503
v 0.110151 0.421961 0.882608
v -0.265179 0.412126 0.890128
v -0.263807 0.417402 0.890092
v -0.265990 0.420090 0.892625
v -0.267931 0.412631 0.892677
v 0.373493 0.362760 0.868252
v 0.390780 0.338218 0.867792
v 0.390431 0.362760 0.867801
v 0.373493 0.362760 0.868252
v 0.373493 0.338218 0.868252
v 0.300409 0.995868 0.870198
v 0.300409 1.026344 0.870198
v 0.280591 1.026344 0.870726
v 0.280591 0.995868 0.870726
v 0.369376 0.130447 0.868362
v 0.369376 0.338218 0.868362
v 0.280591 0.338218 0.870726
v 0.280591 0.130447 0.870726
v 0.300409 0.469875 0.870198
v 0.300409 0.498675 0.870198
v 0.280591 0.498675 0.870726
v 0.280591 0.469875 0.870726
v 0.304383 0.884143 0.870092
v 0.304383 0.995868 0.870092
v 0.300409 0.498675 0.870198
v 0.300409 0.884143 0.870198
v 0.280591 0.884143 0.870726
v 0.280591 0.498675 0.870726
v 0.373493 0.130447 0.868252
v 0.373493 0.338218 0.868252
v 0.369376 0.338218 0.868362
v 0.369376 0.130447 0.868362
v 0.369376 0.444579 0.868362
v 0.373493 0.362760 0.868252
v 0.373493 0.404046 0.868252
v 0.368736 0.404046 0.868379
v 0.369376 0.362760 0.868362
v 0.373493 0.404046 0.868252
v 0.373493 0.444579 0.868252
v 0.369376 0.444579 0.868362
v 0.368736 0.404046 0.868379
v 0.373493 0.338218 0.868252
v 0.369376 0.362760 0.868362
v 0.369376 0.338218 0.868362
v 0.283736 0.418912 0.870642
v 0.280919 0.404046 0.870717
v 0.281080 0.404046 0.876751
v 0.283897 0.418912 0.876676
v 0.357301 0.380196 0.868683
v 0.365574 0.389949 0.868463
v 0.365734 0.389949 0.874497
v 0.357462 0.380196 0.874717
v 0.287872 0.427779 0.870532
v 0.283736 0.418912 0.870642
v 0.283897 0.418912 0.876676
v 0.288033 0.427779 0.876566
v 0.348143 0.372216 0.868927
v 0.357301 0.380196 0.868683
v 0.357462 0.380196 0.874717
v 0.348303 0.372216 0.874961
v 0.296736 0.436349 0.870296
v 0.287872 0.427779 0.870532
v 0.288033 0.427779 0.876566
v 0.296896 0.436349 0.876330
v 0.337211 0.366009 0.869218
v 0.348143 0.372216 0.868927
v 0.348303 0.372216 0.874961
v 0.337372 0.366009 0.875252
v 0.309735 0.441374 0.869950
v 0.296736 0.436349 0.870296
v 0.296896 0.436349 0.876330
v 0.309896 0.441374 0.875984
v 0.328348 0.363365 0.869454
v 0.337211 0.366009 0.869218
v 0.337372 0.366009 0.875252
v 0.328509 0.363365 0.875488
v 0.323325 0.444579 0.869588
v 0.309735 0.441374 0.869950
v 0.309896 0.441374 0.875984
v 0.323486 0.444579 0.875622
v 0.307372 0.368078 0.870013
v 0.321257 0.363365 0.869643
v 0.321418 0.363365 0.875677
v 0.307532 0.368078 0.876047
v 0.321257 0.363365 0.869643
v 0.328348 0.363365 0.869454
v 0.328509 0.363365 0.875488
v 0.321418 0.363365 0.875677
v 0.297622 0.373989 0.870273
v 0.307372 0.368078 0.870013
v 0.307532 0.368078 0.876047
v 0.297783 0.373989 0.876306
v 0.323874 0.441543 0.876917
v 0.330982 0.441543 0.876728
v 0.331463 0.444579 0.875409
v 0.323486 0.444579 0.875622
v 0.327805 0.366401 0.876812
v 0.322014 0.366401 0.876966
v 0.321418 0.363365 0.875677
v 0.328509 0.363365 0.875488
v 0.310830 0.438466 0.877264
v 0.323874 0.441543 0.876917
v 0.323486 0.444579 0.875622
v 0.309896 0.441374 0.875984
v 0.298599 0.433739 0.877590
v 0.310830 0.438466 0.877264
v 0.309896 0.441374 0.875984
v 0.296896 0.436349 0.876330
v 0.290581 0.425986 0.877804
v 0.298599 0.433739 0.877590
v 0.296896 0.436349 0.876330
v 0.288033 0.427779 0.876566
v 0.286829 0.417943 0.877903
v 0.290581 0.425986 0.877804
v 0.288033 0.427779 0.876566
v 0.283897 0.418912 0.876676
v 0.284256 0.404228 0.877972
v 0.286829 0.417943 0.877903
v 0.283897 0.418912 0.876676
v 0.281080 0.404046 0.876751
v 0.362105 0.419924 0.875899
v 0.365787 0.404043 0.875801
v 0.368897 0.404046 0.874413
v 0.364848 0.421277 0.874520
v 0.352581 0.432718 0.876152
v 0.362105 0.419924 0.875899
v 0.364848 0.421277 0.874520
v 0.354508 0.435167 0.874796
v 0.339534 0.438550 0.876500
v 0.352581 0.432718 0.876152
v 0.354508 0.435167 0.874796
v 0.340622 0.441374 0.875166
v 0.330982 0.441543 0.876728
v 0.339534 0.438550 0.876500
v 0.340622 0.441374 0.875166
v 0.331463 0.444579 0.875409
v 0.287032 0.394974 0.877898
v 0.284256 0.404228 0.877972
v 0.281080 0.404046 0.876751
v 0.284192 0.393791 0.876668
v 0.292361 0.384594 0.877756
v 0.287032 0.394974 0.877898
v 0.284192 0.393791 0.876668
v 0.289806 0.382856 0.876519
v 0.299774 0.376354 0.877559
v 0.292361 0.384594 0.877756
v 0.289806 0.382856 0.876519
v 0.297783 0.373989 0.876306
v 0.308907 0.370816 0.877316
v 0.299774 0.376354 0.877559
v 0.297783 0.373989 0.876306
v 0.307532 0.368078 0.876047
v 0.322014 0.366401 0.876966
v 0.308907 0.370816 0.877316
v 0.307532 0.368078 0.876047
v 0.321418 0.363365 0.875677
v 0.335941 0.369337 0.876596
v 0.327805 0.366401 0.876812
v 0.328509 0.363365 0.875488
v 0.337372 0.366009 0.875252
v 0.346685 0.374803 0.876309
v 0.335941 0.369337 0.876596
v 0.337372 0.366009 0.875252
v 0.348303 0.372216 0.874961
v 0.355330 0.382335 0.876079
v 0.346685 0.374803 0.876309
v 0.348303 0.372216 0.874961
v 0.357462 0.380196 0.874717
v 0.363015 0.391395 0.875875
v 0.355330 0.382335 0.876079
v 0.357462 0.380196 0.874717
v 0.365734 0.389949 0.874497
v 0.365787 0.404043 0.875801
v 0.363015 0.391395 0.875875
v 0.365734 0.389949 0.874497
v 0.368897 0.404046 0.874413
v 0.365574 0.389949 0.868463
v 0.368736 0.404046 0.868379
v 0.368897 0.404046 0.874413
v 0.365734 0.389949 0.874497
v 0.368736 0.404046 0.868379
v 0.364687 0.421277 0.868486
v 0.364848 0.421277 0.874520
v 0.368897 0.404046 0.874413
v 0.364687 0.421277 0.868486
v 0.354347 0.435167 0.868762
v 0.354508 0.435167 0.874796
v 0.364848 0.421277 0.874520
v 0.354347 0.435167 0.868762
v 0.340461 0.441374 0.869132
v 0.340622 0.441374 0.875166
v 0.354508 0.435167 0.874796
v 0.340461 0.441374 0.869132
v 0.331302 0.444579 0.869376
v 0.331463 0.444579 0.875409
v 0.340622 0.441374 0.875166
v 0.280919 0.404046 0.870717
v 0.284032 0.393791 0.870634
v 0.284192 0.393791 0.876668
v 0.281080 0.404046 0.876751
v 0.284032 0.393791 0.870634
v 0.289645 0.382856 0.870485
v 0.289806 0.382856 0.876519
v 0.284192 0.393791 0.876668
v 0.331302 0.444579 0.869376
v 0.323325 0.444579 0.869588
v 0.323486 0.444579 0.875622
v 0.331463 0.444579 0.875409
v 0.289645 0.382856 0.870485
v 0.297622 0.373989 0.870273
v 0.297783 0.373989 0.876306
v 0.289806 0.382856 0.876519
v 0.362607 0.404039 0.874580
v 0.360227 0.392842 0.874644
v 0.363015 0.391395 0.875875
v 0.365787 0.404043 0.875801
v 0.360227 0.392842 0.874644
v 0.353129 0.384474 0.874833
v 0.355330 0.382335 0.876079
v 0.363015 0.391395 0.875875
v 0.353129 0.384474 0.874833
v 0.344998 0.377390 0.875049
v 0.346685 0.374803 0.876309
v 0.355330 0.382335 0.876079
v 0.344998 0.377390 0.875049
v 0.334441 0.372665 0.875330
v 0.335941 0.369337 0.876596
v 0.346685 0.374803 0.876309
v 0.334441 0.372665 0.875330
v 0.327032 0.369438 0.875528
v 0.327805 0.366401 0.876812
v 0.335941 0.369337 0.876596
v 0.322540 0.369438 0.875647
v 0.310212 0.373555 0.875975
v 0.308907 0.370816 0.877316
v 0.322014 0.366401 0.876966
v 0.310212 0.373555 0.875975
v 0.301696 0.378718 0.876202
v 0.299774 0.376354 0.877559
v 0.308907 0.370816 0.877316
v 0.301696 0.378718 0.876202
v 0.294846 0.386332 0.876385
v 0.292361 0.384594 0.877756
v 0.299774 0.376354 0.877559
v 0.294846 0.386332 0.876385
v 0.289802 0.396157 0.876519
v 0.287032 0.394974 0.877898
v 0.292361 0.384594 0.877756
v 0.289802 0.396157 0.876519
v 0.287362 0.404409 0.876584
v 0.284256 0.404228 0.877972
v 0.287032 0.394974 0.877898
v 0.330432 0.438506 0.875437
v 0.338377 0.435725 0.875225
v 0.339534 0.438550 0.876500
v 0.330982 0.441543 0.876728
v 0.338377 0.435725 0.875225
v 0.350585 0.430269 0.874900
v 0.352581 0.432718 0.876152
v 0.339534 0.438550 0.876500
v 0.350585 0.430269 0.874900
v 0.359292 0.418572 0.874668
v 0.362105 0.419924 0.875899
v 0.352581 0.432718 0.876152
v 0.359292 0.418572 0.874668
v 0.362607 0.404039 0.874580
v 0.365787 0.404043 0.875801
v 0.362105 0.419924 0.875899
v 0.287362 0.404409 0.876584
v 0.289692 0.416974 0.876522
v 0.286829 0.417943 0.877903
v 0.284256 0.404228 0.877972
v 0.289692 0.416974 0.876522
v 0.293060 0.424193 0.876432
v 0.290581 0.425986 0.877804
v 0.286829 0.417943 0.877903
v 0.293060 0.424193 0.876432
v 0.300232 0.431128 0.876241
v 0.298599 0.433739 0.877590
v 0.290581 0.425986 0.877804
v 0.300232 0.431128 0.876241
v 0.311695 0.435559 0.875936
v 0.310830 0.438466 0.877264
v 0.298599 0.433739 0.877590
v 0.311695 0.435559 0.875936
v 0.324192 0.438506 0.875603
v 0.323874 0.441543 0.876917
v 0.310830 0.438466 0.877264
v 0.327032 0.369438 0.875528
v 0.322540 0.369438 0.875647
v 0.322014 0.366401 0.876966
v 0.327805 0.366401 0.876812
v 0.324192 0.438506 0.875603
v 0.330432 0.438506 0.875437
v 0.330982 0.441543 0.876728
v 0.323874 0.441543 0.876917
v 0.358131 0.498675 0.868661
v 0.358131 0.884143 0.868661
v 0.317629 0.884143 0.869739
v 0.317629 0.498675 0.869740
v 0.358131 0.884143 0.868661
v 0.358131 0.995868 0.868661
v 0.317629 0.995868 0.869739
v 0.317629 0.884143 0.869739
v 0.358131 0.469875 0.868661
v 0.358131 0.498675 0.868661
v 0.317629 0.498675 0.869740
v 0.317629 0.469875 0.869740
v 0.273912 1.143631 0.870904
v 0.273912 1.056820 0.870904
v 0.358131 0.995868 0.868661
v 0.358131 1.026344 0.868661
v 0.317629 1.026344 0.869739
v 0.317629 0.995868 0.869739
v 0.358131 0.469875 0.868661
v 0.273912 1.026344 0.870904
v 0.373493 1.026344 0.868252
v 0.304383 0.498675 0.870092
v 0.304383 0.884143 0.870092
v 0.300409 0.884143 0.870198
v 0.300409 0.498675 0.870198
v 0.304383 0.469875 0.870092
v 0.304383 0.498675 0.870092
v 0.300409 0.498675 0.870198
v 0.300409 0.469875 0.870198
v 0.304383 0.995868 0.870092
v 0.304383 1.026344 0.870092
v 0.300409 1.026344 0.870198
v 0.300409 0.995868 0.870198
v 0.280591 0.995868 0.870726
v 0.280591 1.026344 0.870726
v 0.277252 1.026344 0.870815
v 0.277252 0.995868 0.870815
v 0.280591 0.498675 0.870726
v 0.280591 0.884143 0.870726
v 0.277252 0.884143 0.870815
v 0.277252 0.498675 0.870815
v 0.317629 0.995868 0.869739
v 0.317629 1.026344 0.869739
v 0.304383 1.026344 0.870092
v 0.304383 0.995868 0.870092
v 0.317629 0.469875 0.869740
v 0.317629 0.498675 0.869740
v 0.304383 0.498675 0.870092
v 0.304383 0.469875 0.870092
v 0.317629 0.884143 0.869739
v 0.317629 0.995868 0.869739
v 0.304383 0.995868 0.870092
v 0.304383 0.884143 0.870092
v 0.317629 0.498675 0.869740
v 0.317629 0.884143 0.869739
v 0.304383 0.884143 0.870092
v 0.304383 0.498675 0.870092
v -0.203978 0.469875 0.884941
v 0.044770 0.469875 0.878317
v 0.288821 0.417588 0.835444
v 0.292188 0.424806 0.835355
v 0.292899 0.424193 0.870398
v 0.289532 0.416974 0.870488
v 0.227785 0.499459 0.831032
v 0.117037 0.499459 0.833981
v 0.117846 0.498675 0.875060
v 0.228595 0.498675 0.872111
v -0.271753 0.131232 0.844335
v 0.117037 0.131232 0.833981
v 0.117846 0.130447 0.875060
v -0.270943 0.130447 0.885414
v 0.368566 0.131232 0.827283
v 0.372684 0.131232 0.827173
v 0.373493 0.130447 0.868252
v 0.369376 0.130447 0.868362
v 0.111335 0.405374 0.839001
v 0.109824 0.398784 0.839041
v 0.110633 0.398000 0.880120
v 0.112144 0.404589 0.880080
v 0.349713 0.430883 0.833823
v 0.358421 0.419185 0.833591
v 0.359132 0.418572 0.868634
v 0.350424 0.430269 0.868866
v 0.279782 0.131232 0.829647
v 0.280591 0.130447 0.870726
v 0.273912 0.130447 0.870904
v 0.288992 0.396942 0.835440
v 0.286552 0.405194 0.835505
v 0.287362 0.404409 0.876584
v 0.289802 0.396157 0.876519
v 0.111148 0.406079 0.839006
v 0.111958 0.405294 0.880085
v 0.337506 0.436339 0.834148
v 0.349713 0.430883 0.833823
v 0.350424 0.430269 0.868866
v 0.338216 0.435725 0.869191
v 0.294036 0.387116 0.835306
v 0.288992 0.396942 0.835440
v 0.289802 0.396157 0.876519
v 0.294846 0.386332 0.876385
v 0.329560 0.439120 0.834359
v 0.337506 0.436339 0.834148
v 0.338216 0.435725 0.869191
v 0.330271 0.438506 0.869403
v 0.117037 0.499459 0.833981
v -0.271753 0.499459 0.844334
v -0.270943 0.498675 0.885414
v 0.117846 0.498675 0.875060
v 0.300886 0.379503 0.835123
v 0.294036 0.387116 0.835306
v 0.294846 0.386332 0.876385
v 0.301696 0.378718 0.876202
v 0.383748 1.326658 0.826878
v 0.383748 1.503975 0.826878
v 0.384558 1.503190 0.867957
v 0.384558 1.325873 0.867957
v 0.383748 1.737934 0.826878
v 0.372684 1.737934 0.827172
v 0.371671 1.737934 0.868720
v 0.384842 1.737934 0.867936
v 0.309403 0.374339 0.834896
v 0.300886 0.379503 0.835123
v 0.301696 0.378718 0.876202
v 0.310212 0.373555 0.875975
v 0.372684 0.131232 0.827173
v 0.394643 0.131232 0.826588
v 0.395453 0.130447 0.867667
v 0.373493 0.130447 0.868252
v 0.321731 0.370222 0.834568
v 0.309403 0.374339 0.834896
v 0.310212 0.373555 0.875975
v 0.322540 0.369438 0.875647
v -0.386614 0.499459 0.847393
v -0.386614 0.470659 0.847393
v -0.385804 0.469875 0.888472
v -0.385804 0.498675 0.888472
v 0.333631 0.373450 0.834251
v 0.326222 0.370222 0.834448
v 0.327032 0.369438 0.875528
v 0.334441 0.372665 0.875330
v 0.227785 1.503975 0.831031
v 0.227785 1.326658 0.831031
v 0.228595 1.325873 0.872110
v 0.228595 1.503190 0.872110
v 0.388097 0.470659 0.826762
v 0.387423 0.499459 0.826780
v 0.388232 0.498675 0.867859
v 0.388907 0.469875 0.867841
v 0.344189 0.378174 0.833970
v 0.333631 0.373450 0.834251
v 0.334441 0.372665 0.875330
v 0.344998 0.377390 0.875049
v 0.389034 0.404831 0.826737
v 0.388457 0.445364 0.826753
v 0.389267 0.444579 0.867832
v 0.389844 0.404046 0.867817
v 0.352320 0.385259 0.833753
v 0.344189 0.378174 0.833970
v 0.344998 0.377390 0.875049
v 0.353129 0.384474 0.874833
v 0.292633 1.050121 0.840737
v 0.296883 1.047565 0.840624
v 0.297693 1.046780 0.881703
v 0.293443 1.049336 0.881817
v 0.359417 0.393627 0.833564
v 0.352320 0.385259 0.833753
v 0.353129 0.384474 0.874833
v 0.360227 0.392842 0.874644
v 0.361798 0.404824 0.833501
v 0.359417 0.393627 0.833564
v 0.360227 0.392842 0.874644
v 0.362607 0.404039 0.874580
v 0.383748 1.306956 0.826878
v 0.383748 1.326658 0.826878
v 0.384558 1.325873 0.867957
v 0.384558 1.306172 0.867957
v 0.387423 0.499459 0.826780
v 0.383748 0.884928 0.826878
v 0.384558 0.884143 0.867957
v 0.388232 0.498675 0.867859
v 0.287675 1.050208 0.840869
v 0.292633 1.050121 0.840737
v 0.293443 1.049336 0.881817
v 0.288485 1.049423 0.881949
v 0.383748 1.044682 0.826878
v 0.383748 1.051143 0.826878
v 0.384558 1.050359 0.867957
v 0.384558 1.043897 0.867957
v 0.383748 1.234972 0.826878
v 0.383748 1.306956 0.826878
v 0.384558 1.306172 0.867957
v 0.384558 1.234188 0.867957
v 0.227785 1.326658 0.831031
v 0.227785 1.306956 0.831031
v 0.228595 1.306172 0.872110
v 0.228595 1.325873 0.872110
v 0.388457 0.445364 0.826753
v 0.388097 0.470659 0.826762
v 0.388907 0.469875 0.867841
v 0.389267 0.444579 0.867832
v 0.227785 1.051143 0.831031
v 0.227785 1.044682 0.831031
v 0.228595 1.043897 0.872110
v 0.228595 1.050359 0.872110
v -0.271753 0.499459 0.844334
v -0.386614 0.499459 0.847393
v -0.385804 0.498675 0.888472
v -0.270943 0.498675 0.885414
v 0.227785 1.306956 0.831031
v 0.227785 1.234972 0.831031
v 0.228595 1.234188 0.872110
v 0.228595 1.306172 0.872110
v 0.269026 1.737934 0.829933
v 0.227785 1.737934 0.831031
v 0.226772 1.737934 0.872579
v 0.268014 1.737934 0.871481
v 0.269026 1.234972 0.829933
v 0.372684 1.234972 0.827173
v 0.373493 1.234188 0.868252
v 0.273912 1.234188 0.870903
v 0.383748 1.144416 0.826878
v 0.383748 1.177546 0.826878
v 0.384558 1.176762 0.867957
v 0.384558 1.143631 0.867957
v 0.227785 0.131232 0.831032
v 0.273102 0.131232 0.829825
v 0.273912 0.130447 0.870904
v 0.228595 0.130447 0.872111
v 0.383748 1.035905 0.826878
v 0.383748 1.044682 0.826878
v 0.384558 1.043897 0.867957
v 0.384558 1.035120 0.867957
v 0.383748 1.177546 0.826878
v 0.383748 1.234972 0.826878
v 0.384558 1.234188 0.867957
v 0.384558 1.176762 0.867957
v 0.227785 1.177546 0.831031
v 0.227785 1.144416 0.831031
v 0.228595 1.143631 0.872110
v 0.228595 1.176762 0.872110
v 0.269026 1.177546 0.829933
v 0.269026 1.234972 0.829933
v 0.273912 1.234188 0.870903
v 0.273912 1.176762 0.870904
v 0.389621 0.363545 0.826722
v 0.389034 0.404831 0.826737
v 0.389844 0.404046 0.867817
v 0.390431 0.362760 0.867801
v 0.372684 1.234972 0.827173
v 0.372684 1.177546 0.827173
v 0.373493 1.176762 0.868252
v 0.373493 1.234188 0.868252
v 0.227785 1.044682 0.831031
v 0.227785 1.035905 0.831031
v 0.228595 1.035120 0.872110
v 0.228595 1.043897 0.872110
v 0.227785 0.884928 0.831031
v 0.227785 0.499459 0.831032
v 0.228595 0.498675 0.872111
v 0.228595 0.884143 0.872110
v -0.265989 0.412911 0.849049
v -0.264617 0.418187 0.849012
v -0.263807 0.417402 0.890092
v -0.265179 0.412126 0.890128
v 0.227785 1.234972 0.831031
v 0.227785 1.177546 0.831031
v 0.228595 1.176762 0.872110
v 0.228595 1.234188 0.872110
v 0.227785 0.996652 0.831031
v 0.227785 0.884928 0.831031
v 0.228595 0.884143 0.872110
v 0.228595 0.995868 0.872110
v 0.107257 0.419291 0.839109
v 0.110961 0.406784 0.839011
v 0.111771 0.405999 0.880090
v 0.108067 0.418507 0.880188
v 0.383748 1.118557 0.826878
v 0.383748 1.144416 0.826878
v 0.384558 1.143631 0.867957
v 0.384558 1.117773 0.867957
v 0.227785 1.027129 0.831031
v 0.227785 0.996652 0.831031
v 0.228595 0.995868 0.872110
v 0.228595 1.026344 0.872110
v 0.101232 0.429525 0.839270
v 0.107257 0.419291 0.839109
v 0.108067 0.418507 0.880188
v 0.102041 0.428740 0.880349
v 0.091206 0.440510 0.839537
v 0.101232 0.429525 0.839270
v 0.102041 0.428740 0.880349
v 0.092016 0.439725 0.880616
v 0.372684 1.177546 0.827173
v 0.269026 1.177546 0.829933
v 0.273912 1.176762 0.870904
v 0.373493 1.176762 0.868252
v 0.078983 0.448991 0.839862
v 0.091206 0.440510 0.839537
v 0.092016 0.439725 0.880616
v 0.079793 0.448207 0.880941
v 0.227785 1.144416 0.831031
v 0.227785 1.118557 0.831031
v 0.228595 1.117773 0.872110
v 0.228595 1.143631 0.872110
v 0.061661 0.455754 0.840324
v 0.078983 0.448991 0.839862
v 0.079793 0.448207 0.880941
v 0.062471 0.454969 0.881403
v 0.279782 0.131232 0.829647
v 0.368566 0.131232 0.827283
v 0.369376 0.130447 0.868362
v 0.280591 0.130447 0.870726
v 0.043739 0.460136 0.840801
v 0.061661 0.455754 0.840324
v 0.062471 0.454969 0.881403
v 0.044549 0.459352 0.881880
v -0.232907 0.359053 0.848168
v -0.249414 0.370321 0.848608
v -0.248604 0.369536 0.889687
v -0.232097 0.358269 0.889247
v 0.383748 1.051143 0.826878
v 0.383748 1.057605 0.826878
v 0.384558 1.056820 0.867957
v 0.384558 1.050359 0.867957
v -0.249414 0.370321 0.848608
v -0.258301 0.382382 0.848844
v -0.257491 0.381597 0.889923
v -0.248604 0.369536 0.889687
v 0.383748 1.057605 0.826878
v 0.383748 1.118557 0.826878
v 0.384558 1.117773 0.867957
v 0.384558 1.056820 0.867957
v -0.258301 0.382382 0.848844
v -0.262364 0.393024 0.848953
v -0.261555 0.392239 0.890032
v -0.257491 0.381597 0.889923
v -0.386614 0.470659 0.847393
v -0.386614 0.339003 0.847393
v -0.385804 0.338218 0.888472
v -0.385804 0.469875 0.888472
v -0.262364 0.393024 0.848953
v -0.264412 0.402819 0.849007
v -0.263602 0.402034 0.890086
v -0.261555 0.392239 0.890032
v 0.389971 0.339003 0.826712
v 0.389621 0.363545 0.826722
v 0.390431 0.362760 0.867801
v 0.390780 0.338218 0.867792
v 0.227785 1.057605 0.831031
v 0.227785 1.051143 0.831031
v 0.228595 1.050359 0.872110
v 0.228595 1.056820 0.872110
v -0.264412 0.402819 0.849007
v -0.265989 0.412911 0.849049
v -0.265179 0.412126 0.890128
v -0.263602 0.402034 0.890086
v -0.225653 0.455059 0.847975
v -0.204385 0.460136 0.847409
v -0.203575 0.459352 0.888488
v -0.224843 0.454275 0.889054
v 0.067282 0.354562 0.840174
v 0.051845 0.349526 0.840585
v 0.052655 0.348741 0.881664
v 0.068092 0.353778 0.881253
v 0.227785 1.118557 0.831031
v 0.227785 1.057605 0.831031
v 0.228595 1.056820 0.872110
v 0.228595 1.117773 0.872110
v 0.080194 0.361270 0.839830
v 0.067282 0.354562 0.840174
v 0.068092 0.353778 0.881253
v 0.081003 0.360485 0.880909
v 0.092067 0.370374 0.839514
v 0.080194 0.361270 0.839830
v 0.081003 0.360485 0.880909
v 0.092876 0.369589 0.880593
v -0.235551 0.450451 0.848238
v -0.225653 0.455059 0.847975
v -0.224843 0.454275 0.889054
v -0.234741 0.449666 0.889318
v 0.383748 1.031517 0.826878
v 0.383748 1.035905 0.826878
v 0.384558 1.035120 0.867957
v 0.384558 1.030732 0.867957
v -0.242895 0.445925 0.848434
v -0.235551 0.450451 0.848238
v -0.234741 0.449666 0.889318
v -0.242085 0.445140 0.889513
v 0.100917 0.378633 0.839278
v 0.092067 0.370374 0.839514
v 0.092876 0.369589 0.880593
v 0.101727 0.377848 0.880357
v 0.383748 1.503975 0.826878
v 0.383748 1.526140 0.826878
v 0.384558 1.525355 0.867957
v 0.384558 1.503190 0.867957
v 0.227785 1.035905 0.831031
v 0.227785 1.031517 0.831031
v 0.228595 1.030732 0.872110
v 0.228595 1.035120 0.872110
v 0.383748 1.027129 0.826878
v 0.383748 1.031517 0.826878
v 0.384558 1.030732 0.867957
v 0.384558 1.026344 0.867957
v 0.051845 0.349526 0.840585
v -0.204262 0.349526 0.847405
v -0.203453 0.348741 0.888484
v 0.052655 0.348741 0.881664
v 0.326222 0.370222 0.834448
v 0.321731 0.370222 0.834568
v 0.322540 0.369438 0.875647
v 0.327032 0.369438 0.875528
v -0.386614 0.339003 0.847393
v -0.386614 0.131232 0.847393
v -0.385804 0.130447 0.888472
v -0.385804 0.338218 0.888472
v -0.204262 0.349526 0.847405
v -0.221434 0.353390 0.847863
v -0.220624 0.352606 0.888942
v -0.203453 0.348741 0.888484
v 0.227785 1.526140 0.831031
v 0.227785 1.503975 0.831031
v 0.228595 1.503190 0.872110
v 0.228595 1.525355 0.872110
v 0.394643 0.131232 0.826588
v 0.389971 0.339003 0.826712
v 0.390780 0.338218 0.867792
v 0.395453 0.130447 0.867667
v -0.221434 0.353390 0.847863
v -0.232907 0.359053 0.848168
v -0.232097 0.358269 0.889247
v -0.220624 0.352606 0.888942
v -0.386614 0.131232 0.847393
v -0.271753 0.131232 0.844335
v -0.270943 0.130447 0.885414
v -0.385804 0.130447 0.888472
v 0.227785 1.031517 0.831031
v 0.227785 1.027129 0.831031
v 0.228595 1.026344 0.872110
v 0.228595 1.030732 0.872110
v -0.251282 0.438410 0.848657
v -0.242895 0.445925 0.848434
v -0.242085 0.445140 0.889513
v -0.250473 0.437626 0.889737
v 0.383748 0.996652 0.826878
v 0.383748 1.027129 0.826878
v 0.384558 1.026344 0.867957
v 0.384558 0.995868 0.867957
v -0.258492 0.431468 0.848849
v -0.251282 0.438410 0.848657
v -0.250473 0.437626 0.889737
v -0.257682 0.430684 0.889928
v 0.383748 0.884928 0.826878
v 0.383748 0.996652 0.826878
v 0.384558 0.995868 0.867957
v 0.384558 0.884143 0.867957
v 0.323321 0.439120 0.834526
v 0.329560 0.439120 0.834359
v 0.330271 0.438506 0.869403
v 0.324031 0.438506 0.869569
v -0.262224 0.425418 0.848949
v -0.258492 0.431468 0.848849
v -0.257682 0.430684 0.889928
v -0.261414 0.424633 0.890028
v 0.286552 0.405194 0.835505
v 0.288821 0.417588 0.835444
v 0.289692 0.416974 0.876522
v 0.287362 0.404409 0.876584
v 0.372684 1.737934 0.827172
v 0.269026 1.737934 0.829933
v 0.268014 1.737934 0.871481
v 0.371671 1.737934 0.868720
v 0.383748 1.526140 0.826878
v 0.383748 1.737934 0.826878
v 0.384842 1.737934 0.867936
v 0.384558 1.525355 0.867957
v 0.310823 0.436172 0.834859
v 0.323321 0.439120 0.834526
v 0.324031 0.438506 0.869569
v 0.311534 0.435559 0.869902
v 0.358421 0.419185 0.833591
v 0.361798 0.404824 0.833501
v 0.362607 0.404039 0.874580
v 0.359292 0.418572 0.874668
v -0.264617 0.418187 0.849012
v -0.262224 0.425418 0.848949
v -0.261414 0.424633 0.890028
v -0.263807 0.417402 0.890092
v 0.273102 0.131232 0.829825
v 0.299360 0.431742 0.835164
v 0.310823 0.436172 0.834859
v 0.311534 0.435559 0.869902
v 0.300071 0.431128 0.870207
v 0.106128 0.387493 0.839139
v 0.100917 0.378633 0.839278
v 0.101727 0.377848 0.880357
v 0.106938 0.386708 0.880219
v 0.292188 0.424806 0.835355
v 0.299360 0.431742 0.835164
v 0.300071 0.431128 0.870207
v 0.292899 0.424193 0.870398
v 0.117037 0.131232 0.833981
v 0.227785 0.131232 0.831032
v 0.228595 0.130447 0.872111
v 0.117846 0.130447 0.875060
v 0.109824 0.398784 0.839041
v 0.106128 0.387493 0.839139
v 0.106938 0.386708 0.880219
v 0.110633 0.398000 0.880120
v 0.227785 1.737934 0.831031
v 0.227785 1.526140 0.831031
v 0.228595 1.525355 0.872110
v 0.226772 1.737934 0.872579
v -0.204823 0.470659 0.842552
v 0.043925 0.470659 0.835928
v 0.043739 0.460136 0.840801
v -0.204385 0.460136 0.847409
v -0.226681 0.465442 0.843134
v -0.204823 0.470659 0.842552
v -0.204385 0.460136 0.847409
v -0.225653 0.455059 0.847975
v -0.237034 0.460621 0.843410
v -0.226681 0.465442 0.843134
v -0.225653 0.455059 0.847975
v -0.235551 0.450451 0.848238
v -0.244857 0.455800 0.843618
v -0.237034 0.460621 0.843410
v -0.235551 0.450451 0.848238
v -0.242895 0.445925 0.848434
v -0.253600 0.447967 0.843851
v -0.244857 0.455800 0.843618
v -0.242895 0.445925 0.848434
v -0.251282 0.438410 0.848657
v -0.261422 0.440435 0.844059
v -0.253600 0.447967 0.843851
v -0.251282 0.438410 0.848657
v -0.258492 0.431468 0.848849
v -0.266254 0.432601 0.844188
v -0.261422 0.440435 0.844059
v -0.258492 0.431468 0.848849
v -0.262224 0.425418 0.848949
v -0.269245 0.423563 0.844268
v -0.266254 0.432601 0.844188
v -0.262224 0.425418 0.848949
v -0.264617 0.418187 0.849012
v -0.271753 0.413921 0.844334
v -0.269245 0.423563 0.844268
v -0.264617 0.418187 0.849012
v -0.265989 0.412911 0.849049
v -0.269450 0.399189 0.844273
v -0.271753 0.413921 0.844334
v -0.265989 0.412911 0.849049
v -0.264412 0.402819 0.849007
v -0.267046 0.387686 0.844209
v -0.269450 0.399189 0.844273
v -0.264412 0.402819 0.849007
v -0.262364 0.393024 0.848953
v -0.262053 0.374610 0.844076
v -0.267046 0.387686 0.844209
v -0.262364 0.393024 0.848953
v -0.258301 0.382382 0.848844
v -0.251882 0.360806 0.843805
v -0.262053 0.374610 0.844076
v -0.258301 0.382382 0.848844
v -0.249414 0.370321 0.848608
v -0.234499 0.348941 0.843342
v -0.251882 0.360806 0.843805
v -0.249414 0.370321 0.848608
v -0.232907 0.359053 0.848168
v -0.222479 0.343007 0.843022
v -0.234499 0.348941 0.843342
v -0.232907 0.359053 0.848168
v -0.221434 0.353390 0.847863
v -0.204683 0.339003 0.842548
v -0.222479 0.343007 0.843022
v -0.221434 0.353390 0.847863
v -0.204262 0.349526 0.847405
v 0.282927 0.419697 0.829563
v 0.280110 0.404831 0.829638
v 0.286552 0.405194 0.835505
v 0.288821 0.417588 0.835444
v 0.287063 0.428563 0.829453
v 0.282927 0.419697 0.829563
v 0.288821 0.417588 0.835444
v 0.292188 0.424806 0.835355
v 0.295926 0.437134 0.829217
v 0.287063 0.428563 0.829453
v 0.292188 0.424806 0.835355
v 0.299360 0.431742 0.835164
v 0.322516 0.445364 0.828509
v 0.330493 0.445364 0.828296
v 0.329560 0.439120 0.834359
v 0.323321 0.439120 0.834526
v 0.308926 0.442158 0.828871
v 0.322516 0.445364 0.828509
v 0.323321 0.439120 0.834526
v 0.310823 0.436172 0.834859
v 0.308926 0.442158 0.828871
v 0.295926 0.437134 0.829217
v 0.299360 0.431742 0.835164
v 0.310823 0.436172 0.834859
v 0.330493 0.445364 0.828296
v 0.339651 0.442158 0.828052
v 0.337506 0.436339 0.834148
v 0.329560 0.439120 0.834359
v 0.339651 0.442158 0.828052
v 0.353537 0.435952 0.827683
v 0.349713 0.430883 0.833823
v 0.337506 0.436339 0.834148
v 0.353537 0.435952 0.827683
v 0.363878 0.422061 0.827407
v 0.358421 0.419185 0.833591
v 0.349713 0.430883 0.833823
v 0.371671 1.234972 0.868721
v 0.272090 1.234972 0.871372
v 0.272090 1.234972 0.871372
v 0.272090 1.177546 0.871372
v 0.272090 1.177546 0.871372
v 0.371671 1.177546 0.868721
v 0.371671 1.177546 0.868721
v 0.371671 1.234972 0.868721
v 0.382736 1.306956 0.868426
v 0.382736 1.144416 0.868426
v 0.454124 1.144416 0.866525
v 0.454220 1.306956 0.866522
v 0.382736 0.996652 0.868426
v 0.454025 0.996652 0.866527
v 0.454017 1.057605 0.866528
v 0.382736 1.057605 0.868426
v 0.387445 0.445364 0.868301
v 0.388958 0.339003 0.868261
v 0.454726 0.339004 0.866509
v 0.454355 0.447813 0.866519
v 0.117037 0.131232 0.833981
v -0.271753 0.131232 0.844335
v -0.271753 0.339003 0.844334
v 0.117037 0.339003 0.833981
v 0.117037 0.470659 0.833981
v -0.271753 0.470659 0.844334
v -0.271753 0.499459 0.844334
v 0.117037 0.499459 0.833981
v 0.049471 0.470099 0.835781
v 0.117037 0.470659 0.833981
v 0.117024 0.406009 0.833981
v 0.108717 0.431884 0.834202
v 0.086997 0.455563 0.834781
v -0.271753 0.339003 0.844334
v -0.386614 0.339003 0.847393
v -0.386614 0.470659 0.847393
v -0.271753 0.470659 0.844334
v 0.117037 0.339003 0.833981
v 0.117037 0.470659 0.833981
v 0.227785 0.470659 0.831032
v 0.227785 0.339003 0.831032
v -0.271753 0.413921 0.844334
v -0.271753 0.470659 0.844334
v -0.204823 0.470659 0.842552
v -0.226681 0.465442 0.843134
v -0.242318 0.457736 0.843551
v -0.264769 0.436963 0.844148
v -0.204683 0.339003 0.842548
v -0.271753 0.339003 0.844334
v -0.271753 0.413921 0.844334
v -0.267625 0.389476 0.844224
v -0.262053 0.374610 0.844076
v -0.251882 0.360806 0.843805
v -0.226493 0.344354 0.843129
v 0.117037 0.339003 0.833981
v 0.052136 0.339003 0.835709
v 0.075570 0.347350 0.835085
v 0.102304 0.367872 0.834373
v 0.109944 0.380431 0.834170
v 0.116823 0.403140 0.833986
v 0.372684 1.144416 0.827173
v 0.273102 1.144416 0.829824
v 0.269026 1.177546 0.829933
v 0.372684 1.177546 0.827173
v 0.368566 0.339003 0.827282
v 0.279782 0.339003 0.829647
v 0.279808 0.364048 0.829648
v 0.368566 0.363545 0.827282
v 0.367927 0.404831 0.827299
v 0.363878 0.422061 0.827407
v 0.353537 0.435952 0.827683
v 0.331643 0.445252 0.828266
v 0.368566 0.445364 0.827282
v 0.368566 0.363545 0.827282
v 0.331158 0.364617 0.828279
v 0.351283 0.375760 0.827743
v 0.364764 0.390733 0.827384
v 0.367927 0.404831 0.827299
v 0.368566 0.445364 0.827282
v 0.279782 0.445364 0.829647
v 0.279782 0.470659 0.829647
v 0.368566 0.470659 0.827282
v 0.280110 0.404831 0.829638
v 0.279782 0.445364 0.829647
v 0.318129 0.444925 0.828626
v 0.295926 0.437134 0.829217
v 0.284945 0.425681 0.829509
v 0.320448 0.364149 0.828564
v 0.279782 0.363545 0.829647
v 0.280529 0.401452 0.829627
v 0.288835 0.383640 0.829406
v 0.300248 0.371876 0.829102
v 0.117846 0.130447 0.875060
v 0.117846 0.338218 0.875060
v -0.270943 0.338218 0.885414
v -0.270943 0.130447 0.885414
v 0.117846 0.469875 0.875060
v 0.117846 0.498675 0.875060
v -0.270943 0.498675 0.885414
v -0.270943 0.469875 0.885413
v 0.050281 0.469314 0.876859
v 0.087806 0.454779 0.875860
v 0.109527 0.431100 0.875281
v 0.117833 0.405225 0.875060
v 0.117846 0.469875 0.875060
v -0.270943 0.338218 0.885414
v -0.270943 0.469875 0.885414
v -0.385804 0.469875 0.888472
v -0.385804 0.338218 0.888472
v 0.228595 0.338218 0.872111
v 0.228595 0.469875 0.872111
v 0.117846 0.469875 0.875060
v 0.117846 0.338218 0.875060
v -0.270943 0.413137 0.885414
v -0.263959 0.436178 0.885227
v -0.241509 0.456951 0.884630
v -0.225871 0.464657 0.884213
v -0.204013 0.469875 0.883631
v -0.270943 0.469875 0.885414
v -0.203873 0.338218 0.883627
v -0.225684 0.343570 0.884208
v -0.251072 0.360022 0.884884
v -0.261243 0.373825 0.885155
v -0.266815 0.388692 0.885303
v -0.270943 0.413137 0.885414
v -0.270943 0.338218 0.885414
v 0.117846 0.338218 0.875060
v 0.117632 0.402356 0.875066
v 0.110754 0.379646 0.875249
v 0.103114 0.367088 0.875452
v 0.076380 0.346566 0.876164
v 0.052946 0.338218 0.876788
v 0.373493 1.176762 0.868252
v 0.273912 1.176762 0.870904
v 0.273912 1.143631 0.870904
v 0.373493 1.143631 0.868252
v 0.369376 0.338218 0.868362
v 0.369376 0.362760 0.868362
v 0.280618 0.363264 0.870734
v 0.280591 0.338218 0.870726
v 0.368736 0.404046 0.868379
v 0.369376 0.444579 0.868362
v 0.332452 0.444467 0.869345
v 0.354347 0.435167 0.868762
v 0.364687 0.421277 0.868486
v 0.369376 0.362760 0.868362
v 0.368736 0.404046 0.868379
v 0.365574 0.389949 0.868463
v 0.352092 0.374975 0.868822
v 0.331967 0.363832 0.869357
v 0.369376 0.444579 0.868362
v 0.369376 0.469875 0.868362
v 0.280591 0.469875 0.870726
v 0.301903 0.469875 0.870158
v 0.280591 0.444579 0.870726
v 0.280919 0.404046 0.870717
v 0.285754 0.424896 0.870589
v 0.296736 0.436349 0.870296
v 0.318939 0.444140 0.869705
v 0.280591 0.444579 0.870726
v 0.321257 0.363365 0.869643
v 0.301057 0.371091 0.870181
v 0.289645 0.382856 0.870485
v 0.281339 0.400667 0.870706
v 0.280591 0.362760 0.870726
v 0.277442 1.060436 0.871608
v 0.277797 1.060325 0.882974
v 0.273912 1.056820 0.870904
v 0.273912 1.050359 0.870904
v 0.280992 1.048829 0.882376
v 0.374306 1.048385 0.880984
v 0.373807 1.052425 0.880997
v 0.369715 1.056348 0.881106
v 0.369715 1.050359 0.881106
v 0.374862 1.043897 0.880969
v 0.374306 1.048385 0.880984
v 0.369715 1.050359 0.881106
v 0.369715 1.043897 0.881106
v 0.294147 1.051758 0.882157
v 0.287885 1.051868 0.882324
v 0.374434 1.031951 0.880980
v 0.369715 1.030732 0.881106
v 0.369715 1.026942 0.881106
v 0.281057 1.026910 0.883467
v 0.281974 1.031012 0.883442
v 0.278496 1.037281 0.883535
v 0.277340 1.028733 0.883566
v 0.369573 1.052368 0.868336
v 0.369947 1.048229 0.879116
v 0.373493 1.026344 0.868252
v 0.373493 1.030732 0.868252
v 0.370252 1.031868 0.880615
v 0.358131 1.056820 0.868661
v 0.317629 1.056820 0.869739
v 0.317953 1.056820 0.881914
v 0.358455 1.056820 0.880835
v 0.373493 1.050359 0.868252
v 0.373493 1.056820 0.868252
v 0.374346 1.052552 0.880424
v 0.374846 1.048224 0.880411
v 0.287537 1.052389 0.883294
v 0.273815 1.046285 0.883657
v 0.317968 1.050359 0.882484
v 0.317968 1.056389 0.882484
v 0.304684 1.056425 0.882838
v 0.303335 1.042635 0.882874
v 0.317629 1.056820 0.869739
v 0.304383 1.056820 0.870092
v 0.304707 1.056820 0.882266
v 0.317953 1.056820 0.881914
v 0.369715 1.050359 0.881106
v 0.369715 1.056351 0.881106
v 0.369715 1.026940 0.881106
v 0.369715 1.030732 0.881106
v 0.317968 1.026934 0.882484
v 0.317968 1.030732 0.882484
v 0.293422 1.027572 0.883137
v 0.358430 1.035120 0.879881
v 0.358430 1.043897 0.879881
v 0.357542 1.043897 0.846545
v 0.357542 1.035120 0.846545
v 0.317928 1.035120 0.880959
v 0.358430 1.035120 0.879881
v 0.357542 1.035120 0.846545
v 0.317040 1.035120 0.847623
v 0.273912 1.043897 0.870904
v 0.273912 1.035120 0.870904
v 0.272694 1.035120 0.883139
v 0.272694 1.043897 0.883139
v 0.273912 1.035120 0.870904
v 0.273912 1.030732 0.870904
v 0.267987 1.033387 0.882714
v 0.373493 1.035120 0.868252
v 0.373493 1.043897 0.868252
v 0.375347 1.043897 0.880401
v 0.375347 1.035120 0.880401
v 0.282407 1.048832 0.882470
v 0.279181 1.043462 0.882556
v 0.279182 1.043462 0.882556
v 0.279071 1.037199 0.882558
v 0.373493 1.030732 0.868252
v 0.373493 1.035120 0.868252
v 0.370660 1.034294 0.880878
v 0.303335 1.042635 0.882874
v 0.304684 1.056425 0.882838
v 0.300699 1.056475 0.882944
v 0.299649 1.049278 0.882972
v 0.317968 1.030732 0.882484
v 0.316444 1.033595 0.882524
v 0.299902 1.031549 0.882965
v 0.293153 1.027790 0.883145
v 0.282207 1.049343 0.883436
v 0.273178 1.044207 0.883677
v 0.273164 1.035869 0.883677
v 0.358430 1.043897 0.879881
v 0.317928 1.043897 0.880959
v 0.317040 1.043897 0.847623
v 0.357542 1.043897 0.846545
v 0.358470 1.030732 0.881405
v 0.359995 1.033595 0.881365
v 0.316444 1.033595 0.882524
v 0.317968 1.030732 0.882484
v 0.316444 1.033595 0.882524
v 0.316444 1.045422 0.882524
v 0.303245 1.037144 0.882876
v 0.299902 1.031549 0.882965
v 0.277340 1.028733 0.883566
v 0.278496 1.037281 0.883535
v 0.273426 1.031668 0.883670
v 0.374780 1.035381 0.880971
v 0.374780 1.043637 0.880971
v 0.359995 1.045422 0.881365
v 0.359995 1.033595 0.881365
v 0.317928 1.043897 0.880959
v 0.317928 1.035120 0.880959
v 0.317040 1.035120 0.847623
v 0.317040 1.043897 0.847623
v 0.373493 1.043897 0.868252
v 0.373493 1.050359 0.868252
v 0.374846 1.048224 0.880411
v 0.375347 1.043897 0.880401
v 0.287885 1.051868 0.882324
v 0.282407 1.048832 0.882470
v 0.280205 1.031827 0.870723
v 0.280427 1.033765 0.882146
v 0.317968 1.030732 0.882484
v 0.317968 1.026934 0.882484
v 0.302794 1.026920 0.882890
v 0.290281 1.027838 0.883223
v 0.273912 1.030732 0.870904
v 0.273912 1.026344 0.870904
v 0.268535 1.030756 0.882998
v 0.300409 1.056820 0.870198
v 0.280591 1.056820 0.870726
v 0.280915 1.056820 0.882898
v 0.300734 1.056820 0.882371
v 0.294171 1.052175 0.883117
v 0.281778 1.056542 0.883448
v 0.278564 1.053833 0.883533
v 0.317968 1.056389 0.882484
v 0.317968 1.050359 0.882484
v 0.273912 1.050359 0.870904
v 0.273912 1.043897 0.870904
v 0.272694 1.043897 0.883139
v 0.273465 1.047639 0.883117
v 0.302440 1.036787 0.881936
v 0.302550 1.043051 0.881933
v 0.293735 1.028381 0.882168
v 0.299213 1.031417 0.882022
v 0.369715 1.043897 0.881106
v 0.369715 1.050359 0.881106
v 0.358470 1.050359 0.881405
v 0.359995 1.045422 0.881365
v 0.280591 1.026344 0.870726
v 0.300409 1.026344 0.870198
v 0.300734 1.026344 0.882375
v 0.280915 1.026344 0.882903
v 0.279071 1.037199 0.882558
v 0.282106 1.031719 0.882478
v 0.287474 1.028491 0.882335
v 0.293735 1.028381 0.882168
v 0.358131 1.026344 0.868661
v 0.369376 1.026344 0.868361
v 0.369700 1.026344 0.880537
v 0.358455 1.026344 0.880837
v 0.317629 1.026344 0.869739
v 0.358131 1.026344 0.868661
v 0.358455 1.026344 0.880837
v 0.317953 1.026344 0.881916
v 0.288009 1.027498 0.883282
v 0.281974 1.031012 0.883442
v 0.281057 1.026910 0.883467
v 0.373316 1.021910 0.869667
v 0.374078 1.021409 0.880400
v 0.282106 1.031719 0.882478
v 0.287474 1.028491 0.882335
v 0.369376 1.056820 0.868361
v 0.358131 1.056820 0.868661
v 0.358455 1.056820 0.880835
v 0.369700 1.056820 0.880535
v 0.278496 1.037281 0.883535
v 0.278608 1.043634 0.883532
v 0.273329 1.034037 0.883673
v 0.369715 1.030732 0.881106
v 0.369715 1.035120 0.881106
v 0.359011 1.032011 0.881391
v 0.374897 1.034061 0.880967
v 0.369715 1.035120 0.881106
v 0.369715 1.030732 0.881106
v 0.359995 1.045422 0.881365
v 0.358470 1.050359 0.881405
v 0.317968 1.050359 0.882484
v 0.316444 1.045422 0.882524
v 0.274127 1.060257 0.872423
v 0.274484 1.057590 0.883878
v 0.304383 1.026344 0.870092
v 0.317629 1.026344 0.869739
v 0.317953 1.026344 0.881916
v 0.304707 1.026344 0.882269
v 0.300409 1.026344 0.870198
v 0.304383 1.026344 0.870092
v 0.304707 1.026344 0.882269
v 0.300734 1.026344 0.882375
v 0.299514 1.048530 0.882014
v 0.294147 1.051758 0.882157
v 0.290974 1.049993 0.881882
v 0.297693 1.046780 0.881703
v 0.299505 1.048531 0.881655
v 0.291020 1.052588 0.881882
v 0.301318 1.042746 0.881608
v 0.284147 1.047019 0.882064
v 0.282398 1.048832 0.882111
v 0.280382 1.043115 0.882164
v 0.301219 1.037134 0.881611
v 0.295583 1.031491 0.881760
v 0.296840 1.029221 0.881727
v 0.301318 1.042746 0.881605
v 0.301219 1.037134 0.881608
v 0.280283 1.037503 0.882168
v 0.280382 1.043115 0.882165
v 0.285718 1.031665 0.882023
v 0.280283 1.037503 0.882167
v 0.284381 1.029441 0.882058
v 0.276829 1.031852 0.870035
v 0.276746 1.035414 0.881509
v 0.299214 1.031417 0.882022
v 0.302440 1.036787 0.881936
v 0.302550 1.043051 0.881933
v 0.299515 1.048531 0.882014
v 0.304383 1.056820 0.870092
v 0.300409 1.056820 0.870198
v 0.300734 1.056820 0.882371
v 0.304707 1.056820 0.882266
v 0.299596 1.049088 0.882783
v 0.294435 1.052177 0.882917
v 0.299375 1.048435 0.882745
v 0.294093 1.051605 0.882883
v 0.303067 1.042713 0.882839
v 0.299559 1.049044 0.882931
v 0.302717 1.042942 0.882495
v 0.299533 1.048691 0.882580
v 0.294417 1.052122 0.883072
v 0.287811 1.052243 0.883247
v 0.294232 1.051959 0.882679
v 0.287878 1.052076 0.882847
v 0.287810 1.052263 0.883199
v 0.282148 1.049124 0.883350
v 0.287879 1.051959 0.882897
v 0.282357 1.048898 0.883044
v 0.282148 1.049124 0.883351
v 0.278814 1.043574 0.883440
v 0.282355 1.048901 0.883043
v 0.279104 1.043489 0.883129
v 0.301979 1.037309 0.882818
v 0.298698 1.031865 0.882921
v 0.303178 1.036970 0.882376
v 0.299884 1.031450 0.882520
v 0.302712 1.042932 0.882493
v 0.302605 1.036892 0.882496
v 0.303073 1.042725 0.882833
v 0.302977 1.037071 0.882836
v 0.278854 1.043573 0.883527
v 0.278735 1.037275 0.883527
v 0.278906 1.043492 0.883047
v 0.278786 1.037239 0.883049
v 0.299383 1.031506 0.882591
v 0.293556 1.028276 0.882746
v 0.299687 1.031647 0.882990
v 0.293224 1.028060 0.883166
v 0.282225 1.031635 0.883083
v 0.279089 1.037290 0.883166
v 0.282041 1.031221 0.883328
v 0.278683 1.037270 0.883417
v 0.293481 1.027472 0.882352
v 0.287418 1.027673 0.882538
v 0.293275 1.028147 0.883453
v 0.287293 1.028322 0.883683
v 0.287546 1.028603 0.883028
v 0.282248 1.031783 0.883171
v 0.287245 1.028078 0.883130
v 0.282034 1.031200 0.883271
v 0.287760 1.052473 0.883288
v 0.278564 1.053833 0.883533
v 0.273909 1.048478 0.883658
v 0.277371 1.054631 0.883781
v 0.273846 1.051785 0.883943
v 0.278256 1.053957 0.883518
v 0.274451 1.050721 0.883621
v 0.272625 1.032485 0.883636
v 0.273082 1.029761 0.883641
v 0.273533 1.032874 0.883424
v 0.274045 1.030139 0.883420
v 0.374651 1.032568 0.881024
v 0.374260 1.030494 0.881028
v 0.374257 1.032768 0.880359
v 0.373809 1.030475 0.880359
v 0.277317 1.028564 0.883353
v 0.274014 1.030178 0.883439
v 0.277471 1.028637 0.882898
v 0.273932 1.030351 0.882989
v 0.300718 1.056188 0.882460
v 0.281095 1.056220 0.882982
v 0.300700 1.056450 0.882657
v 0.281544 1.056515 0.883181
v 0.300748 1.026694 0.882897
v 0.281011 1.026698 0.883422
v 0.300738 1.026514 0.882539
v 0.280939 1.026518 0.883066
v 0.373723 1.052014 0.880392
v 0.369221 1.056224 0.880508
v 0.373760 1.052285 0.880465
v 0.369550 1.056340 0.880642
v 0.374316 1.030383 0.881236
v 0.369837 1.026639 0.881321
v 0.374943 1.029763 0.880926
v 0.370210 1.025910 0.881033
v 0.358459 1.056643 0.881001
v 0.317957 1.056648 0.882080
v 0.358465 1.056459 0.881198
v 0.317963 1.056479 0.882282
v 0.358468 1.026723 0.881332
v 0.317966 1.026721 0.882411
v 0.358461 1.026419 0.881043
v 0.317959 1.026418 0.882122
v 0.369718 1.056224 0.880544
v 0.358455 1.056260 0.880850
v 0.369735 1.056580 0.881174
v 0.358473 1.056612 0.881483
v 0.369727 1.026810 0.880866
v 0.358464 1.026795 0.881156
v 0.369727 1.026031 0.880934
v 0.358467 1.026028 0.881229
v 0.274158 1.047538 0.883121
v 0.273345 1.043843 0.883148
v 0.273847 1.047683 0.883467
v 0.273050 1.044127 0.883493
v 0.374527 1.048355 0.880945
v 0.375072 1.043903 0.880930
v 0.375125 1.048309 0.880716
v 0.375635 1.043943 0.880702
v 0.273123 1.043989 0.883222
v 0.273104 1.035287 0.883222
v 0.272975 1.044141 0.883662
v 0.272955 1.035672 0.883664
v 0.375053 1.043901 0.880888
v 0.375052 1.035115 0.880888
v 0.375274 1.043901 0.880593
v 0.375273 1.035115 0.880593
v 0.274814 1.051025 0.883061
v 0.274060 1.047553 0.883082
v 0.274522 1.050689 0.883421
v 0.273853 1.047681 0.883443
v 0.373876 1.052462 0.880697
v 0.374395 1.048342 0.880664
v 0.374998 1.052623 0.880936
v 0.375472 1.048380 0.880904
v 0.304699 1.056540 0.882409
v 0.300723 1.056549 0.882514
v 0.304680 1.056396 0.882492
v 0.300700 1.056444 0.882621
v 0.304723 1.026686 0.882848
v 0.300749 1.026673 0.882951
v 0.304714 1.026338 0.882509
v 0.300740 1.026335 0.882614
v 0.281290 1.056587 0.882899
v 0.277922 1.053880 0.883000
v 0.281485 1.056770 0.883810
v 0.278167 1.054078 0.883986
v 0.281034 1.026768 0.883234
v 0.277323 1.028577 0.883326
v 0.281143 1.026870 0.882864
v 0.277466 1.028642 0.882956
v 0.317957 1.056596 0.882067
v 0.304700 1.056602 0.882420
v 0.317961 1.056438 0.882219
v 0.304685 1.056467 0.882584
v 0.317966 1.026724 0.882403
v 0.304720 1.026724 0.882756
v 0.317958 1.026427 0.882118
v 0.304713 1.026427 0.882471
v 0.272664 1.035284 0.883369
v 0.273131 1.032563 0.883354
v 0.272956 1.035669 0.883678
v 0.273452 1.032861 0.883667
v 0.375029 1.035119 0.880836
v 0.374571 1.032583 0.880846
v 0.374963 1.035171 0.880499
v 0.374530 1.032711 0.880507
v 0.299536 1.049852 0.882975
v 0.300699 1.056475 0.882944
v 0.281778 1.056542 0.883448
v 0.359450 1.044883 0.881156
v 0.316977 1.044883 0.882287
v 0.358667 1.044121 0.880414
v 0.317719 1.044121 0.881504
v 0.316977 1.044883 0.882287
v 0.316977 1.034135 0.882287
v 0.317719 1.044121 0.881504
v 0.317719 1.034897 0.881504
v 0.358667 1.044121 0.880414
v 0.358667 1.034897 0.880414
v 0.359450 1.044883 0.881156
v 0.359450 1.034135 0.881156
v 0.358667 1.034897 0.880414
v 0.317719 1.034898 0.881504
v 0.359450 1.034134 0.881155
v 0.316977 1.034134 0.882286
v 0.316444 1.045422 0.882524
v 0.317968 1.050359 0.882484
v 0.303335 1.042635 0.882874
v 0.303245 1.037144 0.882876
v 0.296883 1.047565 0.840624
v 0.299286 1.043226 0.840560
v 0.300096 1.042441 0.881639
v 0.297693 1.046780 0.881703
v 0.283338 1.047804 0.840985
v 0.287675 1.050208 0.840869
v 0.288485 1.049423 0.881949
v 0.284147 1.047019 0.882064
v 0.280783 1.043552 0.841053
v 0.283338 1.047804 0.840985
v 0.284147 1.047019 0.882064
v 0.281593 1.042767 0.882132
v 0.299199 1.038267 0.840563
v 0.296645 1.034015 0.840631
v 0.297454 1.033230 0.881710
v 0.300009 1.037482 0.881642
v 0.299286 1.043226 0.840560
v 0.299199 1.038267 0.840563
v 0.300009 1.037482 0.881642
v 0.300096 1.042441 0.881639
v 0.280696 1.038592 0.841055
v 0.280783 1.043552 0.841053
v 0.281593 1.042767 0.882132
v 0.281505 1.037808 0.882134
v 0.296645 1.034015 0.840631
v 0.292307 1.031611 0.840746
v 0.293117 1.030826 0.881825
v 0.297454 1.033230 0.881710
v 0.283099 1.034253 0.840991
v 0.280696 1.038592 0.841055
v 0.281505 1.037808 0.882134
v 0.283909 1.033469 0.882070
v 0.292307 1.031611 0.840746
v 0.287349 1.031698 0.840878
v 0.288159 1.030913 0.881957
v 0.293117 1.030826 0.881825
v 0.287349 1.031698 0.840878
v 0.283099 1.034253 0.840991
v 0.283909 1.033469 0.882070
v 0.288159 1.030913 0.881957
v 0.371155 1.177546 0.849331
v 0.370566 1.234972 0.827229
v 0.270985 1.234972 0.829881
v 0.271573 1.177546 0.851982
v 0.336425 0.436510 0.870806
v 0.328479 0.439291 0.871018
v 0.309742 0.436344 0.871517
v 0.298279 0.431913 0.871822
v 0.343046 0.378174 0.870630
v 0.351177 0.385259 0.870413
v 0.285082 0.405193 0.872173
v 0.287850 0.396942 0.872100
v 0.298280 0.431912 0.871822
v 0.291108 0.424977 0.872013
v 0.351177 0.385259 0.870413
v 0.358274 0.393627 0.870224
v 0.287850 0.396942 0.872100
v 0.292894 0.387116 0.871966
v 0.291107 0.424977 0.872013
v 0.287740 0.417759 0.872103
v 0.358274 0.393627 0.870224
v 0.361293 0.404824 0.870144
v 0.292894 0.387116 0.871965
v 0.299743 0.379503 0.871783
v 0.287739 0.417759 0.872103
v 0.285081 0.405194 0.872174
v 0.299744 0.379503 0.871783
v 0.308260 0.374340 0.871556
v 0.361295 0.404824 0.870144
v 0.357341 0.419357 0.870249
v 0.328479 0.439291 0.871018
v 0.322240 0.439291 0.871184
v 0.308260 0.374339 0.871556
v 0.320588 0.369618 0.871228
v 0.357340 0.419356 0.870249
v 0.348632 0.431053 0.870481
v 0.320588 0.369618 0.871228
v 0.325080 0.369618 0.871108
v 0.325080 0.369618 0.871108
v 0.332488 0.373450 0.870911
v 0.348632 0.431054 0.870481
v 0.336425 0.436510 0.870806
v 0.322240 0.439291 0.871184
v 0.309743 0.436343 0.871517
v 0.332488 0.373450 0.870911
v 0.343046 0.378175 0.870630
v 0.323424 0.369152 0.870006
v 0.302185 0.377380 0.870571
v 0.292863 0.387116 0.870820
v 0.285003 0.403965 0.871029
v 0.289485 0.422834 0.870910
v 0.298249 0.431913 0.870676
v 0.318176 0.438887 0.870146
v 0.329447 0.439194 0.869845
v 0.348602 0.431054 0.869335
v 0.357309 0.419356 0.869103
v 0.361264 0.404824 0.868998
v 0.358244 0.393627 0.869079
v 0.345516 0.379680 0.869418
v 0.323485 0.369152 0.872297
v 0.345577 0.379680 0.871709
v 0.358305 0.393627 0.871370
v 0.361325 0.404824 0.871290
v 0.357370 0.419356 0.871395
v 0.348663 0.431054 0.871627
v 0.329508 0.439194 0.872137
v 0.318237 0.438887 0.872437
v 0.298310 0.431913 0.872968
v 0.289546 0.422834 0.873201
v 0.285064 0.403965 0.873321
v 0.292924 0.387116 0.873111
v 0.302246 0.377380 0.872863
v -0.226795 0.455059 0.884658
v -0.236693 0.450451 0.884922
v -0.236577 0.450451 0.889262
v -0.226679 0.455059 0.888998
v 0.100090 0.429525 0.875953
v 0.090064 0.440510 0.876220
v 0.090180 0.440510 0.880560
v 0.100205 0.429525 0.880293
v 0.110006 0.406079 0.875689
v 0.110122 0.406079 0.880029
v -0.236693 0.450451 0.884922
v -0.244037 0.445925 0.885117
v -0.243922 0.445925 0.889457
v -0.236577 0.450451 0.889262
v 0.090064 0.440510 0.876220
v 0.077841 0.448991 0.876546
v 0.077957 0.448991 0.880886
v 0.090180 0.440510 0.880560
v 0.090925 0.370374 0.876197
v 0.099775 0.378633 0.875962
v 0.099890 0.378633 0.880302
v 0.091040 0.370374 0.880537
v 0.077841 0.448991 0.876546
v 0.060519 0.455754 0.877007
v 0.060635 0.455754 0.881347
v 0.077957 0.448991 0.880886
v 0.042597 0.460136 0.877484
v -0.205527 0.460136 0.884092
v -0.205411 0.460136 0.888432
v 0.042713 0.460136 0.881824
v 0.060519 0.455754 0.877007
v 0.042597 0.460136 0.877484
v 0.042713 0.460136 0.881824
v 0.060635 0.455754 0.881347
v -0.205404 0.349526 0.884089
v 0.050703 0.349526 0.877268
v 0.050819 0.349526 0.881608
v -0.205289 0.349526 0.888429
v -0.250556 0.370321 0.885291
v -0.234049 0.359053 0.884851
v -0.233933 0.359053 0.889191
v -0.250440 0.370321 0.889631
v -0.222576 0.353390 0.884546
v -0.205404 0.349526 0.884089
v -0.205289 0.349526 0.888429
v -0.222460 0.353390 0.888886
v -0.259443 0.382382 0.885528
v -0.250556 0.370321 0.885291
v -0.250440 0.370321 0.889631
v -0.259327 0.382382 0.889868
v -0.234049 0.359053 0.884851
v -0.222576 0.353390 0.884546
v -0.222460 0.353390 0.888886
v -0.233933 0.359053 0.889191
v -0.263506 0.393024 0.885636
v -0.259443 0.382382 0.885528
v -0.259327 0.382382 0.889868
v -0.263391 0.393024 0.889976
v -0.244037 0.445925 0.885117
v -0.252424 0.438410 0.885341
v -0.252309 0.438410 0.889681
v -0.243922 0.445925 0.889457
v -0.265554 0.402819 0.885690
v -0.263506 0.393024 0.885636
v -0.263391 0.393024 0.889976
v -0.265438 0.402819 0.890030
v -0.252424 0.438410 0.885341
v -0.259634 0.431468 0.885533
v -0.259518 0.431468 0.889873
v -0.252309 0.438410 0.889681
v -0.267131 0.412911 0.885732
v -0.265554 0.402819 0.885690
v -0.265438 0.402819 0.890030
v -0.267015 0.412911 0.890072
v -0.259634 0.431468 0.885533
v -0.263366 0.425418 0.885632
v -0.263250 0.425418 0.889972
v -0.259518 0.431468 0.889873
v -0.205527 0.460136 0.884092
v -0.226795 0.455059 0.884658
v -0.226679 0.455059 0.888998
v -0.205411 0.460136 0.888432
v -0.263366 0.425418 0.885632
v -0.265759 0.418187 0.885696
v -0.265643 0.418187 0.890036
v -0.263250 0.425418 0.889972
v 0.050703 0.349526 0.877268
v 0.066140 0.354562 0.876857
v 0.066256 0.354562 0.881197
v 0.050819 0.349526 0.881608
v -0.265759 0.418187 0.885696
v -0.267131 0.412911 0.885732
v -0.267015 0.412911 0.890072
v -0.265643 0.418187 0.890036
v 0.099775 0.378633 0.875962
v 0.104986 0.387493 0.875823
v 0.105102 0.387493 0.880163
v 0.099890 0.378633 0.880302
v 0.066140 0.354562 0.876857
v 0.079052 0.361270 0.876513
v 0.079167 0.361270 0.880853
v 0.066256 0.354562 0.881197
v 0.109819 0.406784 0.875694
v 0.106115 0.419291 0.875793
v 0.106231 0.419291 0.880133
v 0.109935 0.406784 0.880034
v 0.104986 0.387493 0.875823
v 0.108682 0.398784 0.875724
v 0.108797 0.398784 0.880064
v 0.105102 0.387493 0.880163
v 0.079052 0.361270 0.876513
v 0.090925 0.370374 0.876197
v 0.091040 0.370374 0.880537
v 0.079167 0.361270 0.880853
v 0.106115 0.419291 0.875793
v 0.100090 0.429525 0.875953
v 0.100205 0.429525 0.880293
v 0.106231 0.419291 0.880133
v 0.108682 0.398784 0.875724
v 0.110193 0.405374 0.875684
v 0.110308 0.405374 0.880024
v 0.108797 0.398784 0.880064
v -0.205527 0.460136 0.884092
v 0.047993 0.459590 0.877341
v 0.084233 0.445584 0.876376
v 0.104039 0.424115 0.875848
v 0.110307 0.404926 0.875681
v 0.101239 0.379616 0.875923
v 0.073204 0.357542 0.876669
v 0.050703 0.349526 0.877268
v -0.205404 0.349526 0.884089
v -0.226408 0.354676 0.884648
v -0.250556 0.370321 0.885291
v -0.262289 0.387492 0.885604
v -0.267156 0.413294 0.885733
v -0.261240 0.429892 0.885576
v -0.241654 0.447741 0.885054
v -0.226795 0.455059 0.884658
v -0.205411 0.460136 0.888432
v -0.226679 0.455059 0.888998
v -0.241539 0.447741 0.889394
v -0.261124 0.429892 0.889916
v -0.267040 0.413294 0.890073
v -0.262173 0.387492 0.889943
v -0.250440 0.370321 0.889631
v -0.226292 0.354676 0.888988
v -0.205289 0.349526 0.888429
v 0.050819 0.349526 0.881608
v 0.073320 0.357542 0.881009
v 0.101355 0.379616 0.880263
v 0.110423 0.404926 0.880021
v 0.104154 0.424115 0.880188
v 0.084349 0.445584 0.880715
v 0.048109 0.459590 0.881680
v 0.279806 1.043552 0.883921
v 0.279718 1.038592 0.883923
v 0.279806 1.038592 0.887205
v 0.279893 1.043552 0.887203
v 0.282976 1.035790 0.888189
v 0.281102 1.039810 0.888241
v 0.282937 1.045655 0.888190
v 0.289375 1.049474 0.888018
v 0.281387 1.043338 0.888232
v 0.282476 1.045160 0.888201
v 0.295003 1.034788 0.887867
v 0.296754 1.038974 0.887849
v 0.287849 1.032362 0.888058
v 0.295185 1.036868 0.887862
v 0.282791 1.036210 0.888191
v 0.296025 1.044778 0.887840
v 0.290537 1.049397 0.887986
v 0.282381 1.043911 0.888203
v 0.297137 1.042421 0.887796
v 0.295341 1.046531 0.887858
v 0.298309 1.038266 0.886712
v 0.295755 1.034015 0.886780
v 0.295566 1.034015 0.879679
v 0.298120 1.038266 0.879611
v 0.279806 1.043552 0.883921
v 0.282360 1.047804 0.883853
v 0.282259 1.047804 0.880033
v 0.279704 1.043552 0.880101
v 0.286372 1.031698 0.883746
v 0.282122 1.034253 0.883859
v 0.282020 1.034253 0.880040
v 0.286270 1.031698 0.879927
v 0.282360 1.047804 0.883853
v 0.286698 1.050208 0.883737
v 0.286596 1.050208 0.879918
v 0.282259 1.047804 0.880033
v 0.291330 1.031610 0.883614
v 0.286372 1.031698 0.883746
v 0.286270 1.031698 0.879927
v 0.291228 1.031610 0.879795
v 0.295185 1.036868 0.887862
v 0.295884 1.043911 0.887844
v 0.282381 1.043911 0.888203
v 0.283081 1.036868 0.888185
v 0.286372 1.031698 0.883746
v 0.291330 1.031610 0.883614
v 0.291417 1.031610 0.886896
v 0.286459 1.031698 0.887028
v 0.295906 1.047565 0.883492
v 0.291656 1.050120 0.883605
v 0.291743 1.050120 0.886887
v 0.295993 1.047565 0.886774
v 0.298222 1.038266 0.883430
v 0.298309 1.043226 0.883428
v 0.298396 1.043226 0.886710
v 0.298309 1.038266 0.886712
v 0.298309 1.043226 0.883428
v 0.295906 1.047565 0.883492
v 0.295993 1.047565 0.886774
v 0.298396 1.043226 0.886710
v 0.291330 1.031610 0.883614
v 0.295667 1.034015 0.883498
v 0.295755 1.034015 0.886780
v 0.291417 1.031610 0.886896
v 0.282122 1.034253 0.883859
v 0.286372 1.031698 0.883746
v 0.286459 1.031698 0.887028
v 0.282209 1.034253 0.887141
v 0.282360 1.047804 0.883853
v 0.279806 1.043552 0.883921
v 0.279893 1.043552 0.887203
v 0.282448 1.047804 0.887135
v 0.279806 1.038592 0.887205
v 0.282020 1.034253 0.880040
v 0.282209 1.034253 0.887141
v 0.286698 1.050208 0.883737
v 0.282360 1.047804 0.883853
v 0.282448 1.047804 0.887135
v 0.286785 1.050208 0.887019
v 0.289046 1.032318 0.888026
v 0.295074 1.035792 0.887866
v 0.298309 1.043226 0.883428
v 0.298222 1.038266 0.883430
v 0.298120 1.038266 0.879611
v 0.298207 1.043226 0.879609
v 0.279718 1.038592 0.883923
v 0.279806 1.043552 0.883921
v 0.279704 1.043552 0.880101
v 0.279617 1.038592 0.880104
v 0.291656 1.050120 0.883605
v 0.295906 1.047565 0.883492
v 0.295804 1.047565 0.879673
v 0.291554 1.050120 0.879786
v 0.295667 1.034015 0.883498
v 0.291330 1.031610 0.883614
v 0.291228 1.031610 0.879795
v 0.295566 1.034015 0.879679
v 0.295906 1.047565 0.883492
v 0.298309 1.043226 0.883428
v 0.298207 1.043226 0.879609
v 0.295804 1.047565 0.879673
v 0.279617 1.038592 0.880104
v 0.286698 1.050208 0.883737
v 0.291656 1.050120 0.883605
v 0.291554 1.050120 0.879786
v 0.286596 1.050208 0.879918
v 0.295930 1.047433 0.887168
v 0.291589 1.050042 0.887284
v 0.295624 1.046870 0.887719
v 0.290975 1.049660 0.887843
v 0.298248 1.043186 0.887091
v 0.295911 1.047405 0.887153
v 0.297728 1.043053 0.887638
v 0.295618 1.046862 0.887694
v 0.291574 1.050073 0.887286
v 0.286915 1.050153 0.887410
v 0.290975 1.049708 0.887910
v 0.287335 1.049763 0.888010
v 0.286913 1.050095 0.887393
v 0.282570 1.047688 0.887509
v 0.287330 1.049709 0.887915
v 0.282967 1.047290 0.888032
v 0.282569 1.047688 0.887509
v 0.280057 1.043508 0.887576
v 0.282968 1.047290 0.888030
v 0.280604 1.043355 0.888093
v 0.297647 1.038463 0.887639
v 0.295283 1.034528 0.887702
v 0.298164 1.038311 0.887093
v 0.295652 1.034131 0.887160
v 0.297729 1.043053 0.887639
v 0.297648 1.038463 0.887641
v 0.298249 1.043187 0.887091
v 0.298164 1.038311 0.887093
v 0.280059 1.043507 0.887575
v 0.279973 1.038631 0.887578
v 0.280603 1.043355 0.888095
v 0.280522 1.038765 0.888097
v 0.295284 1.034528 0.887705
v 0.290858 1.032075 0.887822
v 0.295653 1.034130 0.887161
v 0.291296 1.031715 0.887277
v 0.282623 1.034971 0.888043
v 0.280522 1.038764 0.888098
v 0.282309 1.034417 0.887515
v 0.279974 1.038632 0.887577
v 0.290859 1.031999 0.887942
v 0.287363 1.032051 0.888032
v 0.291294 1.031644 0.887296
v 0.286668 1.031723 0.887419
v 0.287360 1.032120 0.887938
v 0.282620 1.034965 0.888065
v 0.286652 1.031766 0.887417
v 0.282291 1.034387 0.887533
v 0.291656 1.050120 0.883605
v 0.286698 1.050208 0.883737
v 0.286785 1.050208 0.887019
v 0.291743 1.050120 0.886887
v -0.421091 0.832888 0.952282
v -0.421048 0.832705 0.949321
v -0.420930 0.845147 0.952277
v -0.421576 0.832705 0.952295
v -0.421533 0.832888 0.949334
v -0.421694 0.845147 0.949338
v -0.430562 0.828098 0.952534
v -0.433096 0.830178 0.952601
v -0.434829 0.828483 0.951202
v -0.432240 0.825661 0.950622
v -0.409449 0.830178 0.951972
v -0.411983 0.828098 0.952039
v -0.410690 0.826104 0.950559
v -0.407430 0.828107 0.949961
v -0.407370 0.851298 0.951916
v -0.405825 0.848407 0.951875
v -0.403649 0.849324 0.950371
v -0.404971 0.852938 0.949876
v -0.437672 0.845269 0.952723
v -0.436720 0.848407 0.952698
v -0.438973 0.849324 0.951312
v -0.440597 0.845839 0.950844
v -0.427671 0.826552 0.952457
v -0.431932 0.826104 0.951124
v -0.428843 0.823845 0.950531
v -0.407370 0.832713 0.951916
v -0.407793 0.828483 0.950482
v -0.404970 0.831074 0.949877
v -0.409449 0.853833 0.951972
v -0.405415 0.852630 0.950418
v -0.407417 0.855920 0.949942
v -0.437993 0.842006 0.952732
v -0.440061 0.845737 0.951341
v -0.427671 0.857459 0.952457
v -0.424535 0.858411 0.952373
v -0.425041 0.860762 0.950941
v -0.428853 0.860184 0.950513
v -0.424535 0.825601 0.952373
v -0.428627 0.824337 0.951036
v -0.405825 0.835605 0.951875
v -0.405415 0.831381 0.950418
v -0.403171 0.834485 0.949848
v -0.411983 0.855913 0.952039
v -0.407793 0.855529 0.950482
v -0.410398 0.858367 0.950021
v -0.437672 0.838742 0.952723
v -0.440428 0.842006 0.951351
v -0.440596 0.838170 0.950844
v -0.421273 0.825279 0.952286
v -0.425041 0.823249 0.950941
v -0.421324 0.822329 0.950312
v -0.404873 0.838742 0.951850
v -0.403649 0.834687 0.950371
v -0.402033 0.838168 0.949799
v -0.421273 0.858732 0.952286
v -0.418010 0.858411 0.952200
v -0.417581 0.860762 0.950742
v -0.421326 0.861662 0.950331
v -0.414874 0.857459 0.952116
v -0.410690 0.857907 0.950559
v -0.413806 0.860166 0.950131
v -0.436720 0.835605 0.952698
v -0.440061 0.838275 0.951341
v -0.418010 0.825601 0.952200
v -0.421311 0.822881 0.950842
v -0.417490 0.822727 0.950229
v -0.404567 0.838688 0.951823
v -0.401585 0.845931 0.949531
v -0.433096 0.853833 0.952601
v -0.430562 0.855913 0.952534
v -0.431932 0.857907 0.951124
v -0.413995 0.859674 0.950647
v -0.417489 0.861305 0.950210
v -0.435175 0.832713 0.952657
v -0.438973 0.834687 0.951312
v -0.437662 0.831084 0.950766
v -0.414874 0.826552 0.952116
v -0.417581 0.823249 0.950742
v -0.413797 0.823827 0.950112
v -0.404873 0.845269 0.951850
v -0.435175 0.851298 0.952657
v -0.434829 0.855529 0.951202
v -0.437663 0.852925 0.950766
v -0.437207 0.831381 0.951265
v -0.413995 0.824337 0.950647
v -0.410396 0.825645 0.950021
v -0.402561 0.845737 0.950342
v -0.403153 0.849536 0.949829
v -0.437207 0.852630 0.951265
v -0.439498 0.849535 0.950796
v -0.428627 0.859674 0.951036
v -0.432242 0.858349 0.950622
v -0.417421 0.862026 0.948475
v -0.425282 0.861659 0.948684
v -0.429040 0.860518 0.948784
v -0.425254 0.861629 0.949386
v -0.435817 0.856421 0.948973
v -0.429006 0.860490 0.949486
v -0.440048 0.849752 0.949077
v -0.441775 0.841980 0.949131
v -0.439831 0.849662 0.949774
v -0.440212 0.834171 0.949090
v -0.435796 0.827539 0.948969
v -0.425327 0.821982 0.948693
v -0.421368 0.821967 0.948580
v -0.421341 0.821599 0.948579
v -0.413702 0.823493 0.948375
v -0.410240 0.825346 0.948283
v -0.413699 0.823521 0.949078
v -0.410013 0.825055 0.948278
v -0.404714 0.830875 0.948136
v -0.404393 0.830694 0.948128
v -0.401724 0.838099 0.948056
v -0.402550 0.849787 0.948078
v -0.401736 0.838102 0.948759
v -0.404717 0.853141 0.948136
v -0.402874 0.849662 0.948790
v -0.407209 0.856177 0.948202
v -0.404723 0.853121 0.948839
v -0.410245 0.858669 0.948283
v -0.407210 0.856153 0.948905
v -0.410063 0.858990 0.948279
v -0.417466 0.861660 0.948476
v -0.425163 0.861304 0.950414
v -0.421311 0.861130 0.950842
v -0.421273 0.844959 0.952286
v -0.422919 0.858731 0.952330
v -0.430679 0.856089 0.952537
v -0.423631 0.842992 0.952349
v -0.436089 0.849928 0.952681
v -0.438204 0.842006 0.952737
v -0.436089 0.834083 0.952681
v -0.421528 0.832739 0.952291
v -0.430679 0.827922 0.952537
v -0.419594 0.824966 0.952242
v -0.408042 0.831144 0.951934
v -0.418718 0.842611 0.952219
v -0.404553 0.840358 0.951841
v -0.405629 0.848487 0.951870
v -0.413204 0.857106 0.952072
v -0.423709 0.842992 0.949392
v -0.421351 0.844959 0.949329
v -0.421606 0.832739 0.949336
v -0.418797 0.842611 0.949260
v 0.322769 0.911743 0.869808
v 0.316702 0.926920 0.869970
v 0.316756 0.926451 0.874856
v 0.328908 0.921598 0.869645
v 0.327678 0.922860 0.874616
v 0.327442 0.915509 0.874669
v 0.317032 0.912173 0.874835
v 0.310563 0.917065 0.870133
v 0.311172 0.919281 0.875032
v 0.318175 0.926209 0.874965
v 0.324026 0.925547 0.874799
v 0.328140 0.921323 0.874663
v 0.327172 0.915475 0.874577
v 0.321563 0.912454 0.874875
v 0.315711 0.913113 0.875027
v 0.311599 0.917342 0.875096
v 0.312552 0.923192 0.874985
v 0.318839 0.926724 0.869915
v 0.325499 0.925027 0.869735
v 0.328825 0.919332 0.869647
v 0.325499 0.913636 0.869735
v 0.318840 0.911939 0.869915
v 0.311521 0.915832 0.870107
v 0.312104 0.923429 0.870092
v 0.319673 0.923789 0.875528
v 0.319857 0.923785 0.875523
v 0.319495 0.923782 0.875533
v 0.319857 0.923785 0.875523
v 0.319377 0.923773 0.875536
v 0.319905 0.923780 0.875522
v 0.319326 0.923764 0.875537
v 0.320021 0.923772 0.875519
v 0.319228 0.923751 0.875540
v 0.320079 0.923762 0.875517
v 0.319171 0.923739 0.875542
v 0.320180 0.923749 0.875515
v 0.320210 0.923740 0.875514
v 0.320334 0.923717 0.875511
v 0.319024 0.923704 0.875546
v 0.320334 0.923717 0.875511
v 0.320445 0.923687 0.875508
v 0.318884 0.923662 0.875549
v 0.320484 0.923676 0.875507
v 0.320566 0.923644 0.875504
v 0.318748 0.923610 0.875553
v 0.320629 0.923625 0.875503
v 0.318675 0.923581 0.875555
v 0.320691 0.923598 0.875501
v 0.318549 0.923516 0.875560
v 0.320843 0.923530 0.875499
v 0.318426 0.923444 0.875561
v 0.320964 0.923460 0.875494
v 0.318371 0.923405 0.875563
v 0.321035 0.923420 0.875492
v 0.318188 0.923269 0.875567
v 0.321166 0.923329 0.875487
v 0.318085 0.923175 0.875571
v 0.321337 0.923186 0.875484
v 0.318036 0.923124 0.875572
v 0.321399 0.923132 0.875482
v 0.317930 0.923011 0.875575
v 0.321404 0.923131 0.875482
v 0.321640 0.922866 0.875475
v 0.317841 0.922896 0.875577
v 0.321609 0.922906 0.875477
v 0.319565 0.922832 0.875531
v 0.317794 0.922834 0.875578
v 0.319303 0.922838 0.875538
v 0.317794 0.922834 0.875578
v 0.319201 0.922833 0.875541
v 0.317759 0.922774 0.875579
v 0.319157 0.922830 0.875542
v 0.317710 0.922706 0.875581
v 0.319103 0.922823 0.875543
v 0.317710 0.922706 0.875581
v 0.319004 0.922808 0.875546
v 0.317710 0.922706 0.875581
v 0.318679 0.922723 0.875555
v 0.319794 0.922783 0.875525
v 0.321735 0.922730 0.875473
v 0.319849 0.922766 0.875524
v 0.321780 0.922667 0.875472
v 0.321398 0.922393 0.875480
v 0.317682 0.922644 0.875581
v 0.318589 0.922678 0.875557
v 0.317634 0.922570 0.875583
v 0.318538 0.922655 0.875558
v 0.321862 0.922541 0.875470
v 0.320142 0.922636 0.875516
v 0.321852 0.922542 0.875470
v 0.317634 0.922570 0.875583
v 0.318450 0.922609 0.875561
v 0.320235 0.922579 0.875513
v 0.317634 0.922570 0.875583
v 0.318357 0.922553 0.875563
v 0.317611 0.922506 0.875583
v 0.318329 0.922535 0.875564
v 0.320325 0.922514 0.875511
v 0.321852 0.922542 0.875470
v 0.321543 0.921734 0.875476
v 0.318189 0.922442 0.875568
v 0.317546 0.922361 0.875585
v 0.318165 0.922414 0.875568
v 0.317501 0.922276 0.875586
v 0.318118 0.922375 0.875570
v 0.317501 0.922276 0.875586
v 0.318039 0.922298 0.875572
v 0.317489 0.922210 0.875586
v 0.318015 0.922274 0.875572
v 0.317891 0.922148 0.875577
v 0.320849 0.921882 0.875497
v 0.317438 0.922051 0.875588
v 0.317879 0.922115 0.875576
v 0.317395 0.921953 0.875589
v 0.317837 0.922063 0.875577
v 0.317395 0.921953 0.875589
v 0.317775 0.921967 0.875579
v 0.320806 0.921949 0.875498
v 0.322050 0.921943 0.875465
v 0.317395 0.921884 0.875589
v 0.317758 0.921938 0.875579
v 0.322075 0.921798 0.875463
v 0.317648 0.921779 0.875582
v 0.317360 0.921709 0.875590
v 0.317651 0.921741 0.875582
v 0.317316 0.921599 0.875591
v 0.317612 0.921675 0.875583
v 0.320923 0.921680 0.875495
v 0.322080 0.921727 0.875464
v 0.320938 0.921626 0.875495
v 0.322078 0.921653 0.875464
v 0.317553 0.921594 0.875585
v 0.317558 0.921526 0.875585
v 0.320957 0.921567 0.875494
v 0.322085 0.921579 0.875464
v 0.317331 0.921520 0.875591
v 0.317558 0.921526 0.875585
v 0.322077 0.921544 0.875464
v 0.322083 0.921473 0.875464
v 0.317498 0.921435 0.875586
v 0.320985 0.921450 0.875493
v 0.322083 0.921473 0.875464
v 0.322079 0.921393 0.875464
v 0.321005 0.921328 0.875493
v 0.322077 0.921366 0.875464
v 0.321262 0.920777 0.875486
v 0.322015 0.920941 0.875466
v 0.321017 0.920832 0.875492
v 0.321993 0.920885 0.875467
v 0.321917 0.920620 0.875468
v 0.320993 0.920566 0.875493
v 0.321917 0.920620 0.875468
v 0.321849 0.920469 0.875471
v 0.320957 0.920383 0.875494
v 0.321835 0.920407 0.875471
v 0.320924 0.920284 0.875495
v 0.321806 0.920350 0.875471
v 0.320884 0.920157 0.875496
v 0.321748 0.920217 0.875473
v 0.320868 0.920096 0.875496
v 0.321647 0.920039 0.875476
v 0.321173 0.919912 0.875485
v 0.321522 0.919790 0.875479
v 0.320778 0.919816 0.875499
v 0.321522 0.919790 0.875479
v 0.321428 0.919655 0.875482
v 0.320694 0.919623 0.875501
v 0.321417 0.919617 0.875482
v 0.320923 0.919335 0.875492
v 0.320490 0.919229 0.875507
v 0.321185 0.919265 0.875488
v 0.320403 0.919108 0.875509
v 0.321093 0.919157 0.875490
v 0.320370 0.919028 0.875510
v 0.321057 0.919087 0.875491
v 0.320590 0.918783 0.875503
v 0.319904 0.918395 0.875522
v 0.319972 0.918476 0.875520
v 0.320502 0.918428 0.875506
v 0.320385 0.918249 0.875509
v 0.319763 0.918170 0.875526
v 0.320297 0.918171 0.875512
v 0.319688 0.917731 0.875528
v 0.319362 0.917685 0.875537
v 0.319814 0.917645 0.875525
v 0.318963 0.917334 0.875548
v 0.319189 0.917034 0.875542
v 0.318882 0.917167 0.875549
v 0.319396 0.917194 0.875536
v 0.319042 0.916817 0.875545
v 0.318621 0.916879 0.875556
v 0.319042 0.916817 0.875545
v 0.322284 0.916660 0.875460
v 0.322010 0.915196 0.875466
v 0.318904 0.916687 0.875549
v 0.318329 0.916603 0.875564
v 0.318889 0.916657 0.875549
v 0.318579 0.916430 0.875557
v 0.317739 0.916072 0.875580
v 0.321936 0.916349 0.875468
v 0.322010 0.915196 0.875466
v 0.321879 0.916314 0.875470
v 0.321821 0.916285 0.875471
v 0.322010 0.915196 0.875466
v 0.317739 0.916072 0.875580
v 0.318473 0.916237 0.875560
v 0.321781 0.916267 0.875472
v 0.322010 0.915196 0.875466
v 0.321741 0.916250 0.875473
v 0.322010 0.915196 0.875466
v 0.321700 0.916235 0.875474
v 0.321658 0.916221 0.875475
v 0.322010 0.915196 0.875466
v 0.321463 0.916169 0.875483
v 0.317739 0.916072 0.875580
v 0.318395 0.916163 0.875562
v 0.321174 0.916148 0.875488
v 0.322010 0.915196 0.875466
v 0.321096 0.916144 0.875490
v 0.322010 0.915196 0.875466
v 0.320975 0.916138 0.875496
v 0.320829 0.916135 0.875497
v 0.322010 0.915196 0.875466
v 0.320729 0.916134 0.875500
v 0.320623 0.916133 0.875503
v 0.322010 0.915196 0.875466
v 0.318308 0.916120 0.875565
v 0.317739 0.916072 0.875580
v 0.320822 0.915868 0.875498
v 0.316993 0.915307 0.875600
v 0.319848 0.923785 0.875181
v 0.319664 0.923789 0.875186
v 0.319521 0.923783 0.875190
v 0.319368 0.923773 0.875194
v 0.319896 0.923780 0.875180
v 0.319368 0.923773 0.875194
v 0.319229 0.923756 0.875198
v 0.320070 0.923762 0.875175
v 0.319219 0.923751 0.875198
v 0.319755 0.923811 0.875185
v 0.320529 0.923658 0.875162
v 0.320475 0.923676 0.875164
v 0.318875 0.923662 0.875207
v 0.318694 0.923597 0.875211
v 0.320682 0.923598 0.875159
v 0.318666 0.923581 0.875213
v 0.320834 0.923530 0.875155
v 0.318284 0.923356 0.875223
v 0.320955 0.923460 0.875152
v 0.318417 0.923444 0.875219
v 0.321164 0.923325 0.875147
v 0.321328 0.923186 0.875142
v 0.318075 0.923175 0.875228
v 0.321390 0.923132 0.875140
v 0.318027 0.923124 0.875230
v 0.321445 0.923076 0.875139
v 0.317904 0.922992 0.875233
v 0.321547 0.922965 0.875136
v 0.317875 0.922955 0.875234
v 0.321600 0.922906 0.875134
v 0.317942 0.922695 0.875220
v 0.321690 0.922788 0.875132
v 0.321690 0.922788 0.875132
v 0.319411 0.922838 0.875193
v 0.319192 0.922833 0.875199
v 0.317785 0.922834 0.875236
v 0.321690 0.922788 0.875132
v 0.319522 0.922831 0.875190
v 0.317677 0.922662 0.875239
v 0.319710 0.922802 0.875185
v 0.321726 0.922730 0.875131
v 0.319785 0.922783 0.875183
v 0.321771 0.922667 0.875130
v 0.319840 0.922766 0.875181
v 0.321771 0.922667 0.875130
v 0.319940 0.922730 0.875179
v 0.318618 0.922696 0.875214
v 0.317701 0.922706 0.875238
v 0.321771 0.922667 0.875130
v 0.320038 0.922686 0.875176
v 0.318498 0.922638 0.875216
v 0.321802 0.922607 0.875129
v 0.320082 0.922664 0.875175
v 0.321842 0.922542 0.875128
v 0.320133 0.922636 0.875174
v 0.321346 0.922201 0.875141
v 0.318354 0.922558 0.875221
v 0.317625 0.922570 0.875240
v 0.318320 0.922535 0.875222
v 0.317602 0.922506 0.875241
v 0.318270 0.922502 0.875223
v 0.317555 0.922427 0.875242
v 0.320498 0.922358 0.875164
v 0.318187 0.922441 0.875225
v 0.317555 0.922427 0.875242
v 0.318156 0.922414 0.875226
v 0.317537 0.922361 0.875243
v 0.321926 0.922352 0.875126
v 0.320441 0.922407 0.875165
v 0.318109 0.922375 0.875227
v 0.317492 0.922276 0.875244
v 0.317946 0.922216 0.875232
v 0.317456 0.922193 0.875245
v 0.320602 0.922237 0.875161
v 0.321974 0.922219 0.875124
v 0.320602 0.922237 0.875161
v 0.320663 0.922166 0.875159
v 0.322012 0.922083 0.875124
v 0.320674 0.922145 0.875159
v 0.322033 0.922012 0.875123
v 0.317870 0.922115 0.875234
v 0.317429 0.922051 0.875246
v 0.317828 0.922063 0.875235
v 0.317386 0.921953 0.875247
v 0.320796 0.921949 0.875156
v 0.317553 0.921825 0.875241
v 0.322041 0.921943 0.875123
v 0.320796 0.921949 0.875156
v 0.320838 0.921870 0.875154
v 0.322060 0.921800 0.875122
v 0.320848 0.921845 0.875154
v 0.320918 0.921693 0.875153
v 0.317419 0.921600 0.875246
v 0.317603 0.921675 0.875241
v 0.317307 0.921599 0.875249
v 0.322069 0.921653 0.875122
v 0.320929 0.921626 0.875152
v 0.317549 0.921526 0.875242
v 0.322076 0.921579 0.875122
v 0.320948 0.921567 0.875152
v 0.317549 0.921526 0.875242
v 0.317322 0.921520 0.875248
v 0.322072 0.921526 0.875122
v 0.320960 0.921510 0.875151
v 0.317489 0.921435 0.875244
v 0.322074 0.921473 0.875122
v 0.320978 0.921430 0.875152
v 0.322068 0.921419 0.875122
v 0.320984 0.921391 0.875151
v 0.321001 0.921298 0.875150
v 0.322060 0.921312 0.875122
v 0.321001 0.921267 0.875150
v 0.322051 0.921206 0.875123
v 0.321011 0.921140 0.875150
v 0.322030 0.921099 0.875123
v 0.321011 0.921140 0.875150
v 0.321019 0.921041 0.875150
v 0.322010 0.920992 0.875124
v 0.321014 0.921008 0.875150
v 0.321031 0.920892 0.875150
v 0.321984 0.920885 0.875124
v 0.321008 0.920832 0.875150
v 0.321955 0.920779 0.875125
v 0.321008 0.920832 0.875150
v 0.321943 0.920727 0.875125
v 0.321008 0.920743 0.875150
v 0.321922 0.920671 0.875126
v 0.320990 0.920652 0.875151
v 0.321892 0.920568 0.875126
v 0.320971 0.920531 0.875151
v 0.321842 0.920458 0.875128
v 0.320959 0.920470 0.875152
v 0.320935 0.920333 0.875151
v 0.321796 0.920350 0.875129
v 0.320915 0.920284 0.875153
v 0.321724 0.920210 0.875131
v 0.320915 0.920284 0.875153
v 0.321697 0.920132 0.875132
v 0.320845 0.920035 0.875155
v 0.321638 0.920039 0.875133
v 0.320859 0.920096 0.875154
v 0.321609 0.919962 0.875134
v 0.321543 0.919867 0.875136
v 0.320791 0.919904 0.875156
v 0.321513 0.919790 0.875137
v 0.320769 0.919816 0.875157
v 0.321435 0.919670 0.875139
v 0.320710 0.919710 0.875158
v 0.321408 0.919617 0.875140
v 0.320685 0.919623 0.875159
v 0.321179 0.919266 0.875146
v 0.320562 0.919119 0.875160
v 0.321084 0.919157 0.875148
v 0.320394 0.919108 0.875167
v 0.320260 0.918855 0.875171
v 0.320805 0.918802 0.875156
v 0.320263 0.918902 0.875170
v 0.320118 0.918648 0.875174
v 0.320653 0.918616 0.875160
v 0.320121 0.918692 0.875174
v 0.319969 0.918475 0.875178
v 0.320493 0.918428 0.875164
v 0.319963 0.918476 0.875178
v 0.319947 0.917890 0.875180
v 0.319805 0.917645 0.875182
v 0.319353 0.917684 0.875194
v 0.319618 0.917485 0.875187
v 0.319151 0.917509 0.875200
v 0.319037 0.917292 0.875203
v 0.319034 0.916817 0.875203
v 0.319033 0.916817 0.875203
v 0.318612 0.916879 0.875214
v 0.322591 0.916817 0.875108
v 0.322352 0.916797 0.875114
v 0.322001 0.915196 0.875124
v 0.322451 0.916783 0.875112
v 0.318894 0.916687 0.875207
v 0.322001 0.915196 0.875124
v 0.322319 0.916748 0.875115
v 0.322001 0.915196 0.875124
v 0.322291 0.916705 0.875116
v 0.322001 0.915196 0.875124
v 0.322262 0.916664 0.875117
v 0.318880 0.916657 0.875207
v 0.318320 0.916603 0.875222
v 0.318623 0.916392 0.875214
v 0.318096 0.916347 0.875227
v 0.322001 0.915196 0.875124
v 0.322232 0.916624 0.875118
v 0.322001 0.915196 0.875124
v 0.322201 0.916587 0.875118
v 0.322001 0.915196 0.875124
v 0.322170 0.916551 0.875119
v 0.322001 0.915196 0.875124
v 0.322137 0.916517 0.875120
v 0.322001 0.915196 0.875124
v 0.322104 0.916484 0.875121
v 0.322001 0.915196 0.875124
v 0.322070 0.916454 0.875122
v 0.322001 0.915196 0.875124
v 0.322036 0.916425 0.875123
v 0.322001 0.915196 0.875124
v 0.322000 0.916398 0.875124
v 0.318551 0.916331 0.875216
v 0.318050 0.916380 0.875229
v 0.322001 0.915196 0.875124
v 0.321964 0.916372 0.875125
v 0.317730 0.916072 0.875237
v 0.322001 0.915196 0.875124
v 0.321927 0.916349 0.875126
v 0.322001 0.915196 0.875124
v 0.321890 0.916326 0.875127
v 0.322001 0.915196 0.875124
v 0.321851 0.916305 0.875128
v 0.322001 0.915196 0.875124
v 0.321812 0.916285 0.875129
v 0.318463 0.916237 0.875218
v 0.317730 0.916072 0.875237
v 0.322001 0.915196 0.875124
v 0.321772 0.916267 0.875130
v 0.322001 0.915196 0.875124
v 0.321732 0.916250 0.875131
v 0.322001 0.915196 0.875124
v 0.321691 0.916235 0.875132
v 0.322001 0.915196 0.875124
v 0.321649 0.916221 0.875133
v 0.322001 0.915196 0.875124
v 0.321606 0.916208 0.875134
v 0.322001 0.915196 0.875124
v 0.321562 0.916197 0.875135
v 0.318386 0.916163 0.875220
v 0.317730 0.916072 0.875237
v 0.322001 0.915196 0.875124
v 0.321518 0.916188 0.875137
v 0.322001 0.915196 0.875124
v 0.321472 0.916179 0.875138
v 0.322001 0.915196 0.875124
v 0.321422 0.916172 0.875139
v 0.322001 0.915196 0.875124
v 0.321366 0.916165 0.875141
v 0.322001 0.915196 0.875124
v 0.321305 0.916158 0.875142
v 0.322001 0.915196 0.875124
v 0.321238 0.916153 0.875144
v 0.322001 0.915196 0.875124
v 0.321165 0.916148 0.875146
v 0.322001 0.915196 0.875124
v 0.321087 0.916144 0.875148
v 0.322001 0.915196 0.875124
v 0.321004 0.916140 0.875150
v 0.322001 0.915196 0.875124
v 0.320915 0.916137 0.875153
v 0.322001 0.915196 0.875124
v 0.320820 0.916135 0.875155
v 0.322001 0.915196 0.875124
v 0.320720 0.916134 0.875158
v 0.322001 0.915196 0.875124
v 0.320614 0.916133 0.875161
v 0.318298 0.916120 0.875222
v 0.320813 0.915868 0.875155
v 0.317730 0.916072 0.875237
v 0.322001 0.915196 0.875124
v 0.317583 0.915921 0.875241
v 0.322001 0.915196 0.875124
v 0.317238 0.915600 0.875251
v 0.317038 0.915311 0.875256
v 0.319206 0.917175 0.875293
v 0.321316 0.920901 0.875484
v 0.319430 0.923775 0.875192
v 0.318929 0.923615 0.875548
v 0.322241 0.920948 0.875460
v 0.321791 0.919688 0.875225
v 0.320641 0.916144 0.875160
v 0.321937 0.916244 0.875468
v 0.293585 0.926920 0.870585
v 0.293640 0.926451 0.875471
v 0.305791 0.921598 0.870260
v 0.304562 0.922860 0.875231
v 0.304325 0.915509 0.875285
v 0.299652 0.911743 0.870424
v 0.293915 0.912173 0.875451
v 0.287446 0.917065 0.870749
v 0.288055 0.919281 0.875647
v 0.300909 0.925547 0.875415
v 0.304605 0.921930 0.875150
v 0.305042 0.917340 0.875319
v 0.301570 0.913533 0.875414
v 0.294998 0.912329 0.875460
v 0.289593 0.915492 0.875742
v 0.288199 0.919999 0.875655
v 0.292434 0.925700 0.875574
v 0.295723 0.926724 0.870530
v 0.302382 0.925027 0.870351
v 0.305709 0.919332 0.870262
v 0.302382 0.913636 0.870351
v 0.295723 0.911939 0.870530
v 0.288404 0.915832 0.870723
v 0.288987 0.923429 0.870708
v 0.295523 0.922790 0.876171
v 0.297776 0.923790 0.876111
v 0.297572 0.923790 0.876117
v 0.296283 0.922790 0.876151
v 0.296295 0.922789 0.876151
v 0.297776 0.923790 0.876111
v 0.296321 0.922786 0.876150
v 0.297776 0.923790 0.876111
v 0.296346 0.922782 0.876149
v 0.296370 0.922777 0.876149
v 0.297776 0.923790 0.876111
v 0.296394 0.922770 0.876148
v 0.297776 0.923790 0.876111
v 0.296453 0.922748 0.876148
v 0.296502 0.922719 0.876145
v 0.297776 0.923790 0.876111
v 0.296542 0.922689 0.876143
v 0.296577 0.922653 0.876143
v 0.297776 0.923790 0.876111
v 0.296608 0.922613 0.876143
v 0.296635 0.922565 0.876142
v 0.297776 0.923790 0.876111
v 0.296647 0.922539 0.876141
v 0.297776 0.923790 0.876111
v 0.296657 0.922527 0.876141
v 0.296708 0.922322 0.876141
v 0.297140 0.922810 0.876128
v 0.297776 0.916680 0.876111
v 0.295644 0.922617 0.876168
v 0.295523 0.922790 0.876171
v 0.295727 0.922662 0.876164
v 0.296054 0.922762 0.876157
v 0.295523 0.922790 0.876171
v 0.296103 0.922773 0.876156
v 0.296149 0.922781 0.876155
v 0.295523 0.922790 0.876171
v 0.296193 0.922787 0.876154
v 0.295523 0.922790 0.876171
v 0.297776 0.916680 0.876111
v 0.296750 0.921576 0.876139
v 0.297776 0.916680 0.876111
v 0.296751 0.921510 0.876139
v 0.296748 0.916452 0.876141
v 0.296752 0.916558 0.876139
v 0.297773 0.916623 0.876112
v 0.297780 0.916311 0.876112
v 0.296744 0.916198 0.876139
v 0.297787 0.916183 0.876111
v 0.296736 0.916114 0.876139
v 0.297797 0.916021 0.876111
v 0.296733 0.916039 0.876139
v 0.297796 0.916036 0.876111
v 0.297803 0.915960 0.876110
v 0.296726 0.915971 0.876139
v 0.297803 0.915974 0.876111
v 0.297810 0.915919 0.876110
v 0.296719 0.915912 0.876139
v 0.297810 0.915919 0.876110
v 0.296709 0.915861 0.876139
v 0.297827 0.915823 0.876110
v 0.296700 0.915819 0.876140
v 0.297826 0.915831 0.876110
v 0.297837 0.915792 0.876109
v 0.296690 0.915786 0.876140
v 0.297835 0.915799 0.876110
v 0.297849 0.915763 0.876110
v 0.296678 0.915758 0.876141
v 0.297846 0.915770 0.876109
v 0.297863 0.915734 0.876110
v 0.296665 0.915734 0.876141
v 0.297859 0.915743 0.876109
v 0.296658 0.915722 0.876141
v 0.296651 0.915710 0.876141
v 0.297873 0.915717 0.876109
v 0.296643 0.915699 0.876142
v 0.297881 0.915704 0.876109
v 0.296635 0.915688 0.876142
v 0.297889 0.915692 0.876108
v 0.297339 0.916040 0.876127
v 0.296582 0.915627 0.876144
v 0.296589 0.915634 0.876143
v 0.297936 0.915634 0.876107
v 0.297963 0.915609 0.876106
v 0.296558 0.915605 0.876144
v 0.297971 0.915603 0.876106
v 0.296546 0.915595 0.876144
v 0.298001 0.915579 0.876105
v 0.296534 0.915587 0.876145
v 0.297995 0.915583 0.876106
v 0.298022 0.915565 0.876105
v 0.296510 0.915569 0.876145
v 0.298022 0.915565 0.876105
v 0.296483 0.915552 0.876145
v 0.298086 0.915528 0.876103
v 0.296456 0.915536 0.876147
v 0.298081 0.915532 0.876103
v 0.298126 0.915512 0.876103
v 0.296426 0.915521 0.876147
v 0.298114 0.915517 0.876102
v 0.296410 0.915514 0.876148
v 0.296392 0.915507 0.876148
v 0.298153 0.915503 0.876101
v 0.296372 0.915501 0.876149
v 0.298175 0.915497 0.876101
v 0.296313 0.915484 0.876151
v 0.298246 0.915479 0.876099
v 0.296224 0.915467 0.876153
v 0.298331 0.915464 0.876097
v 0.296195 0.915463 0.876153
v 0.298363 0.915459 0.876096
v 0.296051 0.915445 0.876159
v 0.298423 0.915451 0.876095
v 0.296023 0.915443 0.876158
v 0.298536 0.915440 0.876091
v 0.298576 0.915437 0.876090
v 0.298683 0.915431 0.876088
v 0.295904 0.915435 0.876161
v 0.298658 0.915432 0.876088
v 0.295799 0.915430 0.876165
v 0.295769 0.915429 0.876165
v 0.298791 0.915427 0.876084
v 0.295671 0.915311 0.876173
v 0.298838 0.915311 0.876089
v 0.297767 0.923790 0.875769
v 0.295771 0.922747 0.875822
v 0.296286 0.922789 0.875809
v 0.297767 0.923790 0.875769
v 0.296312 0.922786 0.875808
v 0.297767 0.923790 0.875769
v 0.296337 0.922782 0.875807
v 0.296361 0.922777 0.875807
v 0.297767 0.923790 0.875769
v 0.296385 0.922770 0.875806
v 0.297767 0.923790 0.875769
v 0.296444 0.922748 0.875805
v 0.296493 0.922719 0.875803
v 0.297767 0.923790 0.875769
v 0.296533 0.922689 0.875802
v 0.296567 0.922653 0.875801
v 0.297767 0.923790 0.875769
v 0.296599 0.922613 0.875802
v 0.296626 0.922565 0.875799
v 0.297767 0.923790 0.875769
v 0.296638 0.922539 0.875799
v 0.297767 0.923790 0.875769
v 0.296671 0.922453 0.875798
v 0.297767 0.916680 0.875769
v 0.297131 0.922810 0.875786
v 0.297767 0.916680 0.875769
v 0.296696 0.922328 0.875798
v 0.297767 0.916680 0.875769
v 0.296704 0.922266 0.875797
v 0.297767 0.916680 0.875769
v 0.296712 0.922195 0.875797
v 0.297767 0.916680 0.875769
v 0.296719 0.922115 0.875797
v 0.297767 0.916680 0.875769
v 0.296725 0.922026 0.875797
v 0.297767 0.916680 0.875769
v 0.296730 0.921927 0.875797
v 0.297767 0.916680 0.875769
v 0.296734 0.921819 0.875797
v 0.297767 0.916680 0.875769
v 0.296738 0.921702 0.875797
v 0.297767 0.916680 0.875769
v 0.296741 0.921576 0.875796
v 0.297767 0.916680 0.875769
v 0.296742 0.921441 0.875796
v 0.296870 0.916656 0.875790
v 0.297764 0.916623 0.875769
v 0.296743 0.916558 0.875796
v 0.297766 0.916513 0.875769
v 0.296743 0.916558 0.875796
v 0.297773 0.916409 0.875769
v 0.296739 0.916339 0.875796
v 0.297770 0.916314 0.875769
v 0.296739 0.916339 0.875796
v 0.296743 0.916275 0.875796
v 0.297774 0.916226 0.875769
v 0.296736 0.916243 0.875797
v 0.297777 0.916183 0.875769
v 0.296735 0.916198 0.875797
v 0.297782 0.916110 0.875769
v 0.296727 0.916053 0.875797
v 0.297789 0.916005 0.875769
v 0.296720 0.916003 0.875797
v 0.297358 0.916456 0.875767
v 0.297856 0.915730 0.875767
v 0.296649 0.915722 0.875799
v 0.297864 0.915717 0.875767
v 0.296642 0.915710 0.875799
v 0.297871 0.915704 0.875766
v 0.296634 0.915699 0.875799
v 0.297228 0.916100 0.875805
v 0.296575 0.915629 0.875801
v 0.297927 0.915634 0.875765
v 0.296580 0.915634 0.875801
v 0.296559 0.915614 0.875801
v 0.297949 0.915613 0.875764
v 0.296559 0.915614 0.875801
v 0.297134 0.915842 0.875782
v 0.297999 0.915574 0.875763
v 0.296513 0.915577 0.875803
v 0.298041 0.915548 0.875761
v 0.296430 0.915525 0.875805
v 0.298088 0.915524 0.875761
v 0.296433 0.915529 0.875805
v 0.296393 0.915511 0.875806
v 0.298124 0.915510 0.875760
v 0.296401 0.915514 0.875805
v 0.296354 0.915498 0.875807
v 0.298165 0.915497 0.875759
v 0.296363 0.915501 0.875807
v 0.296319 0.915488 0.875808
v 0.298212 0.915484 0.875757
v 0.296319 0.915488 0.875808
v 0.297139 0.915591 0.875819
v 0.298322 0.915464 0.875754
v 0.296215 0.915467 0.875811
v 0.298354 0.915459 0.875754
v 0.296186 0.915463 0.875811
v 0.298385 0.915455 0.875753
v 0.296153 0.915458 0.875812
v 0.296133 0.915455 0.875813
v 0.296071 0.915448 0.875814
v 0.298453 0.915447 0.875751
v 0.296086 0.915450 0.875814
v 0.295990 0.915441 0.875816
v 0.298527 0.915440 0.875749
v 0.296013 0.915443 0.875816
v 0.298567 0.915437 0.875748
v 0.298606 0.915435 0.875747
v 0.295935 0.915437 0.875818
v 0.298649 0.915432 0.875746
v 0.295895 0.915435 0.875819
v 0.298691 0.915431 0.875745
v 0.295850 0.915432 0.875820
v 0.295822 0.915431 0.875821
v 0.295759 0.915429 0.875823
v 0.298782 0.915427 0.875742
v 0.295759 0.915429 0.875823
v 0.298827 0.915311 0.875679
v 0.295660 0.915310 0.875764
v 0.297943 0.915530 0.876107
v 0.297927 0.915540 0.875765
v 0.296583 0.915538 0.876143
v 0.296567 0.915528 0.875801
v 0.296559 0.922845 0.876144
v 0.296535 0.922848 0.875802
v 0.352025 0.921598 0.869029
v 0.339819 0.926920 0.869354
v 0.339873 0.926451 0.874240
v 0.350795 0.922860 0.874000
v 0.350559 0.915509 0.874054
v 0.345885 0.911743 0.869193
v 0.340149 0.912173 0.874219
v 0.333680 0.917065 0.869518
v 0.334289 0.919281 0.874416
v 0.347143 0.925547 0.874184
v 0.350839 0.921930 0.873919
v 0.351276 0.917340 0.874088
v 0.347804 0.913533 0.874183
v 0.341231 0.912329 0.874229
v 0.335826 0.915492 0.874511
v 0.334433 0.919999 0.874423
v 0.338667 0.925700 0.874343
v 0.341956 0.926724 0.869298
v 0.348616 0.925027 0.869120
v 0.351942 0.919332 0.869031
v 0.348616 0.913636 0.869120
v 0.341956 0.911939 0.869298
v 0.334637 0.915832 0.869492
v 0.335221 0.923429 0.869476
v 0.342856 0.923789 0.874911
v 0.343038 0.923785 0.874906
v 0.342706 0.923784 0.874915
v 0.343038 0.923785 0.874906
v 0.342607 0.923777 0.874918
v 0.343082 0.923780 0.874905
v 0.342562 0.923771 0.874919
v 0.343197 0.923772 0.874902
v 0.342480 0.923761 0.874921
v 0.343252 0.923762 0.874900
v 0.342431 0.923751 0.874922
v 0.343349 0.923749 0.874898
v 0.343377 0.923740 0.874897
v 0.343511 0.923715 0.874893
v 0.342306 0.923725 0.874926
v 0.343495 0.923717 0.874894
v 0.342108 0.923670 0.874931
v 0.343796 0.923612 0.874886
v 0.341960 0.923610 0.874935
v 0.343767 0.923625 0.874887
v 0.343901 0.923565 0.874883
v 0.341853 0.923558 0.874938
v 0.343893 0.923566 0.874883
v 0.341740 0.923497 0.874941
v 0.344163 0.923390 0.874876
v 0.341650 0.923436 0.874943
v 0.344125 0.923420 0.874877
v 0.341532 0.923351 0.874947
v 0.341504 0.923327 0.874947
v 0.344278 0.923287 0.874873
v 0.341449 0.923275 0.874948
v 0.341373 0.923206 0.874950
v 0.344332 0.923237 0.874872
v 0.341327 0.923162 0.874952
v 0.344375 0.923186 0.874870
v 0.341284 0.923117 0.874952
v 0.344458 0.923090 0.874867
v 0.341203 0.923025 0.874955
v 0.344490 0.923049 0.874867
v 0.341159 0.922976 0.874956
v 0.344519 0.923009 0.874867
v 0.341126 0.922929 0.874957
v 0.342249 0.922938 0.874927
v 0.342280 0.922941 0.874926
v 0.342496 0.922945 0.874920
v 0.342167 0.922955 0.874929
v 0.344550 0.922966 0.874866
v 0.344666 0.922777 0.874851
v 0.341080 0.922874 0.874958
v 0.342156 0.922926 0.874930
v 0.342976 0.922846 0.874907
v 0.341080 0.922874 0.874958
v 0.342003 0.922896 0.874934
v 0.341080 0.922874 0.874958
v 0.341842 0.922847 0.874938
v 0.341050 0.922827 0.874959
v 0.341801 0.922831 0.874939
v 0.341677 0.922782 0.874942
v 0.343079 0.922790 0.874905
v 0.344652 0.922797 0.874863
v 0.343225 0.922700 0.874901
v 0.340976 0.922719 0.874961
v 0.341661 0.922766 0.874943
v 0.340928 0.922656 0.874962
v 0.341569 0.922718 0.874945
v 0.340928 0.922656 0.874962
v 0.341424 0.922622 0.874950
v 0.340906 0.922605 0.874963
v 0.341393 0.922595 0.874950
v 0.343373 0.922581 0.874897
v 0.344763 0.922536 0.874860
v 0.341277 0.922508 0.874952
v 0.343439 0.922516 0.874895
v 0.344763 0.922536 0.874860
v 0.340838 0.922486 0.874965
v 0.341265 0.922487 0.874953
v 0.343468 0.922484 0.874895
v 0.344774 0.922493 0.874860
v 0.341150 0.922388 0.874957
v 0.343500 0.922447 0.874894
v 0.344789 0.922447 0.874859
v 0.343574 0.922342 0.874892
v 0.344828 0.922266 0.874860
v 0.340772 0.922362 0.874966
v 0.341142 0.922366 0.874956
v 0.341008 0.922261 0.874960
v 0.340709 0.922233 0.874968
v 0.341024 0.922230 0.874960
v 0.343650 0.922219 0.874890
v 0.344832 0.922175 0.874858
v 0.340656 0.922153 0.874969
v 0.340925 0.922131 0.874962
v 0.343688 0.922137 0.874889
v 0.344832 0.922175 0.874858
v 0.343758 0.921918 0.874886
v 0.340649 0.922096 0.874970
v 0.340910 0.922079 0.874963
v 0.344764 0.921572 0.874860
v 0.340595 0.922014 0.874971
v 0.340810 0.921975 0.874965
v 0.343800 0.921672 0.874886
v 0.344762 0.921619 0.874860
v 0.343806 0.921570 0.874886
v 0.344762 0.921619 0.874860
v 0.343800 0.921463 0.874886
v 0.343803 0.921436 0.874886
v 0.344659 0.921379 0.874863
v 0.343800 0.921316 0.874886
v 0.343790 0.921277 0.874886
v 0.344576 0.921220 0.874865
v 0.343976 0.920982 0.874882
v 0.343728 0.920973 0.874888
v 0.344358 0.920899 0.874871
v 0.343719 0.920936 0.874888
v 0.344321 0.920829 0.874872
v 0.343668 0.920795 0.874890
v 0.344248 0.920730 0.874874
v 0.343602 0.920654 0.874891
v 0.344185 0.920669 0.874875
v 0.343728 0.920514 0.874887
v 0.343525 0.920519 0.874893
v 0.344033 0.920508 0.874880
v 0.343448 0.920417 0.874896
v 0.343864 0.920345 0.874884
v 0.343381 0.920330 0.874897
v 0.343864 0.920345 0.874884
v 0.343649 0.920212 0.874889
v 0.343326 0.920269 0.874898
v 0.343680 0.920182 0.874889
v 0.343267 0.920211 0.874900
v 0.343680 0.920182 0.874889
v 0.343191 0.920149 0.874903
v 0.343956 0.920061 0.874882
v 0.343133 0.920098 0.874904
v 0.343928 0.920074 0.874882
v 0.344044 0.920014 0.874879
v 0.343062 0.920044 0.874905
v 0.344044 0.920014 0.874879
v 0.342987 0.919992 0.874907
v 0.344044 0.920014 0.874879
v 0.344122 0.919968 0.874878
v 0.342908 0.919942 0.874910
v 0.344155 0.919950 0.874876
v 0.343583 0.920152 0.874896
v 0.342661 0.919805 0.874916
v 0.344361 0.919813 0.874871
v 0.342617 0.919784 0.874917
v 0.344404 0.919778 0.874870
v 0.342575 0.919762 0.874920
v 0.342426 0.919702 0.874922
v 0.342453 0.919712 0.874922
v 0.344498 0.919701 0.874867
v 0.344546 0.919661 0.874866
v 0.342333 0.919667 0.874925
v 0.344546 0.919661 0.874866
v 0.344156 0.919943 0.874881
v 0.342004 0.919581 0.874934
v 0.344631 0.919579 0.874864
v 0.341869 0.919469 0.875012
v 0.344819 0.919360 0.874849
v 0.342121 0.919374 0.874931
v 0.344784 0.919405 0.874860
v 0.342278 0.919367 0.874926
v 0.342441 0.919346 0.874922
v 0.344853 0.919313 0.874858
v 0.342551 0.919326 0.874919
v 0.344917 0.919217 0.874856
v 0.342678 0.919296 0.874916
v 0.344917 0.919217 0.874856
v 0.342757 0.919273 0.874914
v 0.342836 0.919248 0.874911
v 0.344917 0.919217 0.874856
v 0.342914 0.919220 0.874909
v 0.344917 0.919217 0.874856
v 0.342950 0.919206 0.874908
v 0.344943 0.919170 0.874855
v 0.342992 0.919189 0.874907
v 0.344974 0.919119 0.874854
v 0.343069 0.919156 0.874905
v 0.344974 0.919119 0.874854
v 0.343143 0.919121 0.874903
v 0.344974 0.919119 0.874854
v 0.343178 0.919105 0.874902
v 0.344998 0.919070 0.874854
v 0.343216 0.919086 0.874901
v 0.345027 0.919018 0.874853
v 0.343392 0.918992 0.874897
v 0.345060 0.918948 0.874852
v 0.343534 0.918902 0.874893
v 0.345074 0.918914 0.874852
v 0.343585 0.918865 0.874892
v 0.345137 0.918753 0.874849
v 0.343642 0.918824 0.874890
v 0.345115 0.918808 0.874851
v 0.343714 0.918765 0.874886
v 0.343777 0.918707 0.874886
v 0.345151 0.918698 0.874850
v 0.343837 0.918643 0.874885
v 0.344734 0.918354 0.874853
v 0.343901 0.918564 0.874883
v 0.345206 0.918471 0.874848
v 0.343931 0.918522 0.874882
v 0.345206 0.918471 0.874848
v 0.345225 0.918354 0.874848
v 0.343990 0.918432 0.874881
v 0.345225 0.918354 0.874848
v 0.344019 0.918383 0.874880
v 0.344047 0.918332 0.874879
v 0.345225 0.918354 0.874848
v 0.345020 0.918104 0.874850
v 0.344102 0.918223 0.874878
v 0.345239 0.918233 0.874847
v 0.344158 0.918088 0.874876
v 0.345244 0.917745 0.874846
v 0.344224 0.917920 0.874874
v 0.345245 0.917804 0.874847
v 0.344248 0.917841 0.874874
v 0.345245 0.917804 0.874847
v 0.344277 0.917724 0.874872
v 0.344303 0.917603 0.874872
v 0.345231 0.917628 0.874848
v 0.344308 0.917563 0.874872
v 0.345211 0.917540 0.874848
v 0.344327 0.917401 0.874871
v 0.345172 0.917289 0.874848
v 0.344334 0.917183 0.874872
v 0.345130 0.917124 0.874850
v 0.344327 0.917076 0.874872
v 0.345130 0.917124 0.874850
v 0.344319 0.917021 0.874872
v 0.345092 0.917038 0.874851
v 0.344314 0.916969 0.874872
v 0.345077 0.916964 0.874852
v 0.344289 0.916863 0.874873
v 0.345041 0.916884 0.874853
v 0.344269 0.916764 0.874873
v 0.345014 0.916809 0.874853
v 0.344250 0.916712 0.874874
v 0.344964 0.916725 0.874855
v 0.344237 0.916665 0.874874
v 0.344941 0.916657 0.874855
v 0.344191 0.916564 0.874874
v 0.344895 0.916580 0.874855
v 0.344153 0.916475 0.874876
v 0.344859 0.916509 0.874858
v 0.344123 0.916425 0.874877
v 0.344797 0.916428 0.874859
v 0.344102 0.916383 0.874878
v 0.344768 0.916366 0.874860
v 0.344266 0.916305 0.874875
v 0.344630 0.916180 0.874863
v 0.343980 0.916208 0.874881
v 0.344666 0.916226 0.874863
v 0.343876 0.916100 0.874883
v 0.340928 0.916164 0.874962
v 0.340963 0.916165 0.874961
v 0.340968 0.916166 0.874961
v 0.341071 0.916159 0.874958
v 0.340883 0.916159 0.874963
v 0.341065 0.916159 0.874959
v 0.341092 0.916156 0.874958
v 0.340850 0.916154 0.874964
v 0.341092 0.916156 0.874958
v 0.341106 0.916154 0.874957
v 0.340831 0.916150 0.874965
v 0.341129 0.916151 0.874957
v 0.340818 0.916146 0.874965
v 0.341144 0.916148 0.874956
v 0.340801 0.916141 0.874966
v 0.341156 0.916146 0.874956
v 0.341178 0.916141 0.874956
v 0.341198 0.916137 0.874955
v 0.340788 0.916136 0.874966
v 0.341198 0.916137 0.874955
v 0.341217 0.916132 0.874955
v 0.340758 0.916125 0.874967
v 0.341224 0.916130 0.874954
v 0.341257 0.916121 0.874954
v 0.340730 0.916112 0.874968
v 0.341278 0.916115 0.874953
v 0.340714 0.916104 0.874968
v 0.341287 0.916112 0.874953
v 0.341304 0.916106 0.874952
v 0.341321 0.916100 0.874952
v 0.340702 0.916097 0.874968
v 0.341320 0.916100 0.874952
v 0.340687 0.916088 0.874969
v 0.343863 0.916078 0.874884
v 0.344441 0.915992 0.874869
v 0.341386 0.916073 0.874950
v 0.340675 0.916079 0.874969
v 0.341378 0.916076 0.874950
v 0.343784 0.916000 0.874886
v 0.344398 0.915924 0.874870
v 0.341412 0.916061 0.874949
v 0.340649 0.916061 0.874970
v 0.341412 0.916061 0.874949
v 0.341440 0.916048 0.874948
v 0.340624 0.916040 0.874970
v 0.341450 0.916043 0.874948
v 0.341480 0.916028 0.874948
v 0.340600 0.916017 0.874971
v 0.341492 0.916023 0.874947
v 0.341519 0.916009 0.874947
v 0.340577 0.915994 0.874972
v 0.341537 0.916001 0.874946
v 0.340566 0.915982 0.874972
v 0.341560 0.915989 0.874945
v 0.343752 0.915968 0.874887
v 0.344398 0.915924 0.874870
v 0.340557 0.915970 0.874972
v 0.341586 0.915976 0.874945
v 0.340547 0.915957 0.874972
v 0.341611 0.915963 0.874944
v 0.340538 0.915945 0.874973
v 0.341667 0.915935 0.874942
v 0.340522 0.915920 0.874973
v 0.341696 0.915920 0.874942
v 0.343669 0.915900 0.874889
v 0.344398 0.915924 0.874870
v 0.344245 0.915801 0.874875
v 0.340514 0.915907 0.874973
v 0.341723 0.915905 0.874941
v 0.340508 0.915894 0.874973
v 0.341756 0.915889 0.874940
v 0.341772 0.915879 0.874940
v 0.341816 0.915857 0.874939
v 0.340496 0.915868 0.874974
v 0.341816 0.915857 0.874939
v 0.343585 0.915838 0.874892
v 0.344231 0.915772 0.874874
v 0.340481 0.915826 0.874973
v 0.341993 0.915768 0.874934
v 0.343497 0.915783 0.874894
v 0.344231 0.915772 0.874874
v 0.340471 0.915785 0.874974
v 0.341979 0.915776 0.874934
v 0.340469 0.915771 0.874974
v 0.343691 0.915701 0.874891
v 0.340467 0.915756 0.874974
v 0.342026 0.915753 0.874933
v 0.340466 0.915741 0.874975
v 0.342047 0.915743 0.874932
v 0.340465 0.915727 0.874975
v 0.342071 0.915733 0.874932
v 0.342092 0.915722 0.874933
v 0.342161 0.915694 0.874929
v 0.340466 0.915692 0.874975
v 0.342150 0.915698 0.874930
v 0.340467 0.915672 0.874974
v 0.340467 0.915672 0.874974
v 0.342201 0.915679 0.874928
v 0.342231 0.915668 0.874928
v 0.340470 0.915652 0.874974
v 0.342246 0.915663 0.874927
v 0.340473 0.915632 0.874974
v 0.342258 0.915660 0.874927
v 0.340473 0.915632 0.874974
v 0.342290 0.915650 0.874926
v 0.340473 0.915632 0.874974
v 0.342328 0.915640 0.874925
v 0.343124 0.915631 0.874904
v 0.344051 0.915634 0.874879
v 0.340473 0.915632 0.874974
v 0.342368 0.915631 0.874924
v 0.343827 0.915490 0.874885
v 0.340479 0.915612 0.874974
v 0.342388 0.915626 0.874923
v 0.340484 0.915593 0.874974
v 0.342407 0.915622 0.874923
v 0.340484 0.915593 0.874974
v 0.342447 0.915614 0.874922
v 0.340484 0.915593 0.874974
v 0.342488 0.915608 0.874921
v 0.340484 0.915593 0.874974
v 0.342528 0.915602 0.874920
v 0.340484 0.915593 0.874974
v 0.342569 0.915597 0.874919
v 0.342611 0.915594 0.874917
v 0.340492 0.915573 0.874974
v 0.342633 0.915592 0.874917
v 0.340499 0.915554 0.874974
v 0.342654 0.915591 0.874916
v 0.342758 0.915588 0.874913
v 0.340499 0.915554 0.874974
v 0.342696 0.915589 0.874915
v 0.340499 0.915554 0.874974
v 0.340499 0.915554 0.874974
v 0.343011 0.915563 0.874907
v 0.340518 0.915515 0.874973
v 0.340530 0.915496 0.874973
v 0.343861 0.915511 0.874884
v 0.340569 0.915440 0.874972
v 0.340620 0.915384 0.874970
v 0.343659 0.915402 0.874889
v 0.340638 0.915366 0.874970
v 0.343540 0.915352 0.874893
v 0.340666 0.915341 0.874969
v 0.340729 0.915277 0.874967
v 0.340723 0.915294 0.874968
v 0.343318 0.915265 0.874899
v 0.341925 0.914967 0.874937
v 0.342458 0.915073 0.874922
v 0.341271 0.915091 0.874953
v 0.342480 0.915076 0.874921
v 0.341377 0.915077 0.874950
v 0.342480 0.915076 0.874921
v 0.341645 0.915053 0.874943
v 0.343029 0.923785 0.874564
v 0.342847 0.923789 0.874569
v 0.342726 0.923785 0.874572
v 0.342598 0.923777 0.874575
v 0.343073 0.923780 0.874563
v 0.342598 0.923777 0.874575
v 0.342543 0.923768 0.874577
v 0.343242 0.923762 0.874558
v 0.342471 0.923761 0.874579
v 0.343340 0.923749 0.874555
v 0.342422 0.923751 0.874580
v 0.343398 0.923735 0.874554
v 0.342348 0.923738 0.874582
v 0.342321 0.923730 0.874583
v 0.342228 0.923710 0.874585
v 0.343544 0.923698 0.874550
v 0.342228 0.923710 0.874585
v 0.342131 0.923683 0.874588
v 0.343683 0.923653 0.874546
v 0.342112 0.923674 0.874588
v 0.342813 0.923932 0.874571
v 0.344055 0.923460 0.874536
v 0.341686 0.923469 0.874600
v 0.344116 0.923420 0.874535
v 0.341641 0.923436 0.874601
v 0.344165 0.923378 0.874533
v 0.341589 0.923401 0.874602
v 0.341562 0.923378 0.874603
v 0.341493 0.923327 0.874605
v 0.344269 0.923287 0.874531
v 0.341495 0.923327 0.874605
v 0.341359 0.923206 0.874609
v 0.344366 0.923186 0.874528
v 0.341317 0.923162 0.874609
v 0.343348 0.923368 0.874551
v 0.344510 0.923009 0.874524
v 0.341150 0.922976 0.874614
v 0.342240 0.922938 0.874585
v 0.341117 0.922929 0.874615
v 0.342300 0.922942 0.874583
v 0.344581 0.922903 0.874520
v 0.344595 0.922882 0.874522
v 0.342548 0.922938 0.874577
v 0.341068 0.922874 0.874616
v 0.344595 0.922882 0.874522
v 0.342641 0.922927 0.874574
v 0.342700 0.922919 0.874572
v 0.341994 0.922896 0.874591
v 0.341070 0.922874 0.874616
v 0.342889 0.922867 0.874568
v 0.344617 0.922841 0.874521
v 0.342861 0.922877 0.874568
v 0.341844 0.922852 0.874595
v 0.341070 0.922874 0.874616
v 0.344643 0.922797 0.874521
v 0.341217 0.922659 0.874613
v 0.344643 0.922797 0.874521
v 0.342989 0.922828 0.874565
v 0.344643 0.922797 0.874521
v 0.343070 0.922790 0.874563
v 0.344150 0.922476 0.874534
v 0.343256 0.922672 0.874558
v 0.344702 0.922669 0.874519
v 0.343256 0.922672 0.874558
v 0.341423 0.922631 0.874607
v 0.340919 0.922656 0.874620
v 0.343308 0.922632 0.874556
v 0.341384 0.922595 0.874608
v 0.340897 0.922605 0.874621
v 0.344737 0.922581 0.874518
v 0.343327 0.922614 0.874556
v 0.344754 0.922536 0.874518
v 0.343364 0.922581 0.874555
v 0.341290 0.922527 0.874610
v 0.340847 0.922538 0.874622
v 0.344754 0.922536 0.874518
v 0.343430 0.922516 0.874553
v 0.340854 0.922504 0.874622
v 0.340778 0.922415 0.874624
v 0.344765 0.922493 0.874518
v 0.343459 0.922484 0.874552
v 0.341161 0.922409 0.874614
v 0.340778 0.922415 0.874624
v 0.344780 0.922447 0.874517
v 0.343499 0.922436 0.874551
v 0.344788 0.922403 0.874517
v 0.343517 0.922413 0.874551
v 0.340917 0.922279 0.874624
v 0.344800 0.922357 0.874517
v 0.343570 0.922339 0.874549
v 0.344805 0.922313 0.874516
v 0.343570 0.922339 0.874549
v 0.343607 0.922285 0.874548
v 0.341015 0.922230 0.874617
v 0.340700 0.922233 0.874626
v 0.344816 0.922221 0.874516
v 0.343617 0.922261 0.874548
v 0.344822 0.922175 0.874516
v 0.343640 0.922219 0.874547
v 0.340916 0.922131 0.874620
v 0.340647 0.922153 0.874627
v 0.344215 0.921981 0.874532
v 0.340901 0.922079 0.874620
v 0.340640 0.922096 0.874627
v 0.343725 0.922008 0.874545
v 0.344816 0.922005 0.874516
v 0.343725 0.922008 0.874545
v 0.340800 0.921975 0.874623
v 0.340586 0.922014 0.874629
v 0.343746 0.921939 0.874544
v 0.344799 0.921851 0.874517
v 0.343751 0.921916 0.874545
v 0.344432 0.921625 0.874528
v 0.343786 0.921724 0.874544
v 0.344753 0.921619 0.874518
v 0.343791 0.921672 0.874543
v 0.343796 0.921497 0.874543
v 0.344716 0.921536 0.874519
v 0.343795 0.921517 0.874543
v 0.343793 0.921436 0.874543
v 0.344650 0.921379 0.874521
v 0.343793 0.921436 0.874543
v 0.343793 0.921330 0.874543
v 0.344567 0.921220 0.874523
v 0.343781 0.921277 0.874544
v 0.344537 0.921148 0.874524
v 0.343778 0.921238 0.874544
v 0.344537 0.921148 0.874524
v 0.343765 0.921162 0.874544
v 0.344466 0.921060 0.874525
v 0.343756 0.921123 0.874544
v 0.344432 0.920989 0.874526
v 0.343750 0.921085 0.874545
v 0.344432 0.920989 0.874526
v 0.343731 0.921011 0.874545
v 0.344349 0.920899 0.874529
v 0.343719 0.920973 0.874545
v 0.344312 0.920829 0.874530
v 0.343710 0.920936 0.874546
v 0.343693 0.920876 0.874546
v 0.343669 0.920827 0.874547
v 0.344214 0.920737 0.874532
v 0.343669 0.920827 0.874547
v 0.344176 0.920669 0.874533
v 0.343563 0.920587 0.874551
v 0.344059 0.920569 0.874536
v 0.343572 0.920617 0.874549
v 0.343491 0.920484 0.874551
v 0.343889 0.920407 0.874541
v 0.343490 0.920484 0.874552
v 0.343433 0.920382 0.874556
v 0.343701 0.920238 0.874546
v 0.343338 0.920296 0.874556
v 0.343671 0.920182 0.874547
v 0.343317 0.920269 0.874556
v 0.343671 0.920182 0.874547
v 0.343258 0.920211 0.874558
v 0.343710 0.920163 0.874546
v 0.343219 0.920179 0.874559
v 0.343798 0.920130 0.874543
v 0.343193 0.920154 0.874559
v 0.343842 0.920107 0.874542
v 0.343154 0.920123 0.874560
v 0.343919 0.920074 0.874540
v 0.343124 0.920098 0.874561
v 0.343965 0.920048 0.874539
v 0.343084 0.920069 0.874562
v 0.344035 0.920014 0.874537
v 0.343053 0.920044 0.874563
v 0.344035 0.920014 0.874537
v 0.342978 0.919992 0.874565
v 0.344082 0.919985 0.874536
v 0.342935 0.919965 0.874566
v 0.344146 0.919950 0.874534
v 0.342899 0.919942 0.874567
v 0.344192 0.919920 0.874533
v 0.342855 0.919915 0.874568
v 0.344252 0.919883 0.874531
v 0.342817 0.919893 0.874569
v 0.344296 0.919851 0.874530
v 0.342772 0.919868 0.874571
v 0.344352 0.919813 0.874529
v 0.342735 0.919847 0.874572
v 0.342668 0.919812 0.874573
v 0.342608 0.919784 0.874575
v 0.344395 0.919778 0.874527
v 0.342608 0.919784 0.874575
v 0.344447 0.919739 0.874526
v 0.342420 0.919702 0.874581
v 0.344488 0.919701 0.874525
v 0.342444 0.919712 0.874579
v 0.344537 0.919661 0.874524
v 0.344537 0.919661 0.874524
v 0.342323 0.919667 0.874583
v 0.344576 0.919622 0.874523
v 0.342280 0.919653 0.874584
v 0.344622 0.919579 0.874521
v 0.342210 0.919631 0.874589
v 0.344622 0.919579 0.874521
v 0.342077 0.919598 0.874589
v 0.341978 0.919578 0.874593
v 0.344659 0.919538 0.874520
v 0.341953 0.919573 0.874592
v 0.344741 0.919448 0.874511
v 0.341861 0.919420 0.874576
v 0.342112 0.919374 0.874588
v 0.344775 0.919405 0.874517
v 0.344807 0.919360 0.874516
v 0.342150 0.919374 0.874587
v 0.344844 0.919313 0.874515
v 0.342192 0.919372 0.874586
v 0.344844 0.919313 0.874515
v 0.342272 0.919366 0.874584
v 0.344844 0.919313 0.874515
v 0.342352 0.919357 0.874582
v 0.344844 0.919313 0.874515
v 0.342432 0.919346 0.874580
v 0.344844 0.919313 0.874515
v 0.342512 0.919332 0.874578
v 0.344844 0.919313 0.874515
v 0.342591 0.919315 0.874575
v 0.344873 0.919267 0.874515
v 0.342628 0.919306 0.874574
v 0.344907 0.919217 0.874514
v 0.342669 0.919296 0.874573
v 0.344907 0.919217 0.874514
v 0.342748 0.919273 0.874571
v 0.344907 0.919217 0.874514
v 0.342827 0.919248 0.874569
v 0.344907 0.919217 0.874514
v 0.342905 0.919220 0.874567
v 0.344934 0.919170 0.874513
v 0.342941 0.919206 0.874566
v 0.344965 0.919119 0.874512
v 0.342983 0.919189 0.874565
v 0.344965 0.919119 0.874512
v 0.343104 0.919136 0.874560
v 0.344989 0.919070 0.874512
v 0.343169 0.919105 0.874560
v 0.345018 0.919018 0.874511
v 0.343206 0.919086 0.874559
v 0.345018 0.919018 0.874511
v 0.343332 0.919020 0.874557
v 0.345039 0.918968 0.874510
v 0.343373 0.918997 0.874555
v 0.343462 0.918945 0.874552
v 0.345065 0.918914 0.874510
v 0.343525 0.918902 0.874551
v 0.345083 0.918862 0.874509
v 0.343552 0.918884 0.874550
v 0.345106 0.918808 0.874508
v 0.343580 0.918863 0.874549
v 0.345106 0.918808 0.874508
v 0.343633 0.918824 0.874548
v 0.345121 0.918755 0.874508
v 0.343657 0.918805 0.874547
v 0.345142 0.918698 0.874507
v 0.343683 0.918784 0.874546
v 0.345142 0.918698 0.874507
v 0.343730 0.918743 0.874545
v 0.343768 0.918707 0.874544
v 0.345154 0.918644 0.874507
v 0.343783 0.918692 0.874544
v 0.345172 0.918586 0.874507
v 0.343800 0.918675 0.874543
v 0.345172 0.918586 0.874507
v 0.343831 0.918640 0.874542
v 0.345172 0.918586 0.874507
v 0.343862 0.918603 0.874542
v 0.345182 0.918530 0.874507
v 0.343876 0.918584 0.874541
v 0.345197 0.918471 0.874506
v 0.343892 0.918564 0.874541
v 0.345197 0.918471 0.874506
v 0.343922 0.918522 0.874540
v 0.345197 0.918471 0.874506
v 0.343952 0.918478 0.874539
v 0.345204 0.918414 0.874506
v 0.343965 0.918456 0.874539
v 0.345216 0.918354 0.874506
v 0.343981 0.918432 0.874538
v 0.345216 0.918354 0.874506
v 0.344010 0.918383 0.874538
v 0.345216 0.918354 0.874506
v 0.344038 0.918332 0.874537
v 0.345220 0.918294 0.874505
v 0.344051 0.918307 0.874537
v 0.345230 0.918233 0.874505
v 0.344090 0.918231 0.874537
v 0.345231 0.918172 0.874505
v 0.344105 0.918195 0.874535
v 0.345238 0.918110 0.874505
v 0.344172 0.918039 0.874533
v 0.345236 0.918047 0.874505
v 0.344172 0.918039 0.874533
v 0.344195 0.917986 0.874533
v 0.345231 0.917895 0.874505
v 0.344200 0.917961 0.874533
v 0.345236 0.917804 0.874505
v 0.344215 0.917920 0.874532
v 0.345236 0.917804 0.874505
v 0.344239 0.917841 0.874532
v 0.345221 0.917717 0.874505
v 0.344249 0.917803 0.874531
v 0.345222 0.917628 0.874505
v 0.344273 0.917719 0.874529
v 0.345222 0.917628 0.874505
v 0.344293 0.917603 0.874530
v 0.345201 0.917540 0.874506
v 0.344298 0.917563 0.874530
v 0.345198 0.917456 0.874506
v 0.344314 0.917455 0.874528
v 0.345172 0.917370 0.874507
v 0.344317 0.917402 0.874529
v 0.344525 0.917205 0.874522
v 0.345121 0.917124 0.874508
v 0.345121 0.917124 0.874508
v 0.344325 0.917183 0.874529
v 0.344314 0.917057 0.874530
v 0.345083 0.917038 0.874509
v 0.344310 0.917021 0.874530
v 0.344301 0.916942 0.874530
v 0.345024 0.916881 0.874511
v 0.344293 0.916915 0.874530
v 0.344277 0.916786 0.874529
v 0.344955 0.916725 0.874513
v 0.344241 0.916712 0.874532
v 0.344932 0.916657 0.874513
v 0.344228 0.916665 0.874532
v 0.344877 0.916576 0.874515
v 0.344205 0.916614 0.874532
v 0.344850 0.916509 0.874515
v 0.344177 0.916531 0.874535
v 0.344788 0.916428 0.874517
v 0.344114 0.916425 0.874535
v 0.344758 0.916366 0.874518
v 0.344093 0.916383 0.874536
v 0.344690 0.916287 0.874520
v 0.344059 0.916335 0.874536
v 0.344183 0.916234 0.874532
v 0.340954 0.916165 0.874619
v 0.340918 0.916164 0.874620
v 0.340985 0.916164 0.874618
v 0.340918 0.916164 0.874620
v 0.341020 0.916163 0.874617
v 0.340861 0.916158 0.874622
v 0.341040 0.916161 0.874617
v 0.340886 0.916161 0.874621
v 0.341090 0.916156 0.874615
v 0.343829 0.916052 0.874544
v 0.341120 0.916151 0.874615
v 0.340822 0.916150 0.874623
v 0.341135 0.916148 0.874614
v 0.340809 0.916146 0.874623
v 0.341147 0.916146 0.874614
v 0.340792 0.916141 0.874623
v 0.341176 0.916140 0.874613
v 0.340771 0.916134 0.874624
v 0.341201 0.916134 0.874612
v 0.340762 0.916131 0.874624
v 0.340976 0.916175 0.874619
v 0.341276 0.916113 0.874611
v 0.341269 0.916115 0.874611
v 0.340721 0.916112 0.874625
v 0.340705 0.916104 0.874626
v 0.341299 0.916105 0.874610
v 0.340705 0.916104 0.874626
v 0.340989 0.916161 0.874621
v 0.344432 0.915992 0.874527
v 0.343854 0.916078 0.874542
v 0.341352 0.916083 0.874608
v 0.340678 0.916088 0.874626
v 0.341369 0.916076 0.874608
v 0.340666 0.916079 0.874627
v 0.344389 0.915924 0.874528
v 0.341385 0.916069 0.874608
v 0.340652 0.916070 0.874627
v 0.341403 0.916061 0.874607
v 0.340640 0.916061 0.874627
v 0.341421 0.916052 0.874607
v 0.340626 0.916050 0.874628
v 0.340859 0.916193 0.874619
v 0.341544 0.915993 0.874603
v 0.341528 0.916001 0.874604
v 0.340568 0.915994 0.874629
v 0.340557 0.915982 0.874630
v 0.344389 0.915924 0.874528
v 0.343743 0.915968 0.874545
v 0.341577 0.915976 0.874602
v 0.340548 0.915970 0.874630
v 0.341601 0.915963 0.874602
v 0.340538 0.915957 0.874630
v 0.341658 0.915935 0.874600
v 0.340529 0.915945 0.874630
v 0.341686 0.915920 0.874600
v 0.340513 0.915920 0.874631
v 0.344389 0.915924 0.874528
v 0.343660 0.915900 0.874547
v 0.344222 0.915811 0.874532
v 0.341714 0.915905 0.874599
v 0.340505 0.915907 0.874631
v 0.340501 0.915898 0.874631
v 0.340492 0.915881 0.874631
v 0.341775 0.915874 0.874597
v 0.340492 0.915881 0.874631
v 0.340483 0.915861 0.874631
v 0.344221 0.915772 0.874532
v 0.343576 0.915838 0.874549
v 0.341834 0.915843 0.874596
v 0.340481 0.915854 0.874632
v 0.341893 0.915814 0.874594
v 0.340463 0.915790 0.874633
v 0.344221 0.915772 0.874532
v 0.343488 0.915783 0.874552
v 0.341943 0.915789 0.874593
v 0.340465 0.915799 0.874632
v 0.341969 0.915776 0.874592
v 0.341992 0.915765 0.874591
v 0.340460 0.915771 0.874632
v 0.344094 0.915688 0.874535
v 0.343435 0.915754 0.874553
v 0.342017 0.915753 0.874591
v 0.340458 0.915756 0.874632
v 0.344042 0.915634 0.874537
v 0.343399 0.915734 0.874554
v 0.342038 0.915743 0.874590
v 0.340457 0.915741 0.874632
v 0.342083 0.915723 0.874589
v 0.340456 0.915722 0.874632
v 0.342121 0.915706 0.874588
v 0.340456 0.915712 0.874632
v 0.340705 0.915896 0.874632
v 0.344042 0.915634 0.874537
v 0.343275 0.915675 0.874558
v 0.342192 0.915679 0.874586
v 0.340458 0.915672 0.874632
v 0.342222 0.915668 0.874585
v 0.340458 0.915672 0.874632
v 0.342236 0.915663 0.874585
v 0.340461 0.915652 0.874632
v 0.342249 0.915660 0.874585
v 0.340464 0.915632 0.874632
v 0.342281 0.915650 0.874584
v 0.340464 0.915632 0.874632
v 0.342319 0.915640 0.874583
v 0.340464 0.915632 0.874632
v 0.342358 0.915631 0.874582
v 0.340464 0.915632 0.874632
v 0.343914 0.915561 0.874540
v 0.343058 0.915618 0.874563
v 0.342401 0.915622 0.874580
v 0.340475 0.915593 0.874632
v 0.343852 0.915511 0.874542
v 0.343017 0.915610 0.874564
v 0.342438 0.915614 0.874580
v 0.340475 0.915593 0.874632
v 0.342494 0.915605 0.874578
v 0.343852 0.915511 0.874542
v 0.342916 0.915596 0.874567
v 0.342560 0.915597 0.874576
v 0.340475 0.915593 0.874632
v 0.342602 0.915594 0.874575
v 0.340475 0.915593 0.874632
v 0.342687 0.915589 0.874574
v 0.340495 0.915541 0.874628
v 0.343852 0.915511 0.874542
v 0.342812 0.915589 0.874570
v 0.343002 0.915563 0.874565
v 0.340490 0.915554 0.874631
v 0.343852 0.915511 0.874542
v 0.343852 0.915511 0.874542
v 0.340521 0.915496 0.874631
v 0.341104 0.914933 0.874612
v 0.340628 0.915366 0.874628
v 0.343531 0.915352 0.874550
v 0.340628 0.915366 0.874628
v 0.340685 0.915317 0.874626
v 0.343309 0.915265 0.874556
v 0.340714 0.915294 0.874625
v 0.343212 0.915228 0.874559
v 0.340739 0.915276 0.874625
v 0.343054 0.915184 0.874563
v 0.340789 0.915242 0.874623
v 0.342976 0.915163 0.874565
v 0.340851 0.915209 0.874622
v 0.340946 0.915168 0.874619
v 0.342729 0.915112 0.874572
v 0.342729 0.915112 0.874572
v 0.341074 0.915130 0.874616
v 0.341164 0.915109 0.874613
v 0.342565 0.915091 0.874576
v 0.341206 0.915100 0.874612
v 0.342471 0.915076 0.874579
v 0.341262 0.915091 0.874611
v 0.342471 0.915076 0.874579
v 0.341368 0.915077 0.874608
v 0.342280 0.915062 0.874584
v 0.341414 0.915071 0.874607
v 0.341525 0.915062 0.874601
v 0.341652 0.915053 0.874600
v 0.341894 0.915049 0.874594
v 0.342201 0.915055 0.874586
v 0.341796 0.915049 0.874597
v 0.344712 0.920909 0.874861
v 0.344983 0.920682 0.874512
v 0.345029 0.916166 0.874853
v 0.341246 0.915492 0.874611
v 0.340573 0.915944 0.874972
v 0.344101 0.915502 0.874535
v 0.344797 0.917520 0.874859
v 0.342921 0.919548 0.874567
v 0.341897 0.919451 0.874936
v 0.344044 0.921378 0.874879
v 0.342427 0.923617 0.874580
v 0.341687 0.923411 0.874942
v 0.310563 0.893940 0.870133
v 0.316702 0.903795 0.869970
v 0.316756 0.903326 0.874856
v 0.328908 0.898473 0.869645
v 0.327678 0.899735 0.874616
v 0.327442 0.892383 0.874669
v 0.322768 0.888618 0.869808
v 0.317032 0.889048 0.874835
v 0.311172 0.896156 0.875032
v 0.324026 0.902422 0.874799
v 0.327722 0.898805 0.874535
v 0.328159 0.894215 0.874704
v 0.324687 0.890408 0.874798
v 0.318114 0.889204 0.874845
v 0.312710 0.892366 0.875126
v 0.311316 0.896874 0.875039
v 0.315550 0.902575 0.874958
v 0.318840 0.903599 0.869915
v 0.325499 0.901902 0.869735
v 0.328825 0.896207 0.869647
v 0.325499 0.890511 0.869735
v 0.318839 0.888814 0.869915
v 0.311521 0.892707 0.870107
v 0.312104 0.900304 0.870092
v 0.317659 0.897501 0.875582
v 0.319231 0.900031 0.875540
v 0.319300 0.899615 0.875538
v 0.322048 0.900246 0.875465
v 0.319273 0.900774 0.875539
v 0.317659 0.897501 0.875582
v 0.317659 0.897501 0.875582
v 0.318833 0.898560 0.875551
v 0.317659 0.897501 0.875582
v 0.319099 0.898512 0.875544
v 0.317659 0.897501 0.875582
v 0.319356 0.898453 0.875537
v 0.317659 0.897501 0.875582
v 0.319604 0.898383 0.875530
v 0.317659 0.897501 0.875582
v 0.319842 0.898302 0.875524
v 0.317659 0.897501 0.875582
v 0.320070 0.898211 0.875518
v 0.320289 0.898110 0.875512
v 0.317659 0.897501 0.875582
v 0.320498 0.897998 0.875506
v 0.320697 0.897876 0.875501
v 0.317659 0.897501 0.875582
v 0.320887 0.897744 0.875496
v 0.321067 0.897601 0.875491
v 0.317659 0.897501 0.875582
v 0.321238 0.897448 0.875487
v 0.321328 0.897365 0.875484
v 0.318131 0.897472 0.875569
v 0.321328 0.897365 0.875484
v 0.318791 0.897388 0.875554
v 0.321460 0.897222 0.875481
v 0.319205 0.897283 0.875541
v 0.321460 0.897222 0.875481
v 0.319331 0.897243 0.875537
v 0.319450 0.897200 0.875534
v 0.321460 0.897222 0.875481
v 0.319613 0.897127 0.875530
v 0.321693 0.896924 0.875474
v 0.319853 0.897012 0.875523
v 0.321689 0.896924 0.875475
v 0.319996 0.896930 0.875519
v 0.320037 0.896905 0.875519
v 0.321730 0.896851 0.875473
v 0.321261 0.896465 0.875482
v 0.321872 0.896609 0.875470
v 0.320335 0.896696 0.875511
v 0.321872 0.896609 0.875470
v 0.320466 0.896593 0.875507
v 0.320488 0.896565 0.875507
v 0.321902 0.896532 0.875469
v 0.321728 0.896015 0.875471
v 0.320902 0.896098 0.875496
v 0.322061 0.896106 0.875465
v 0.320934 0.896046 0.875495
v 0.322074 0.896022 0.875464
v 0.320976 0.895986 0.875494
v 0.322102 0.895931 0.875464
v 0.321044 0.895874 0.875492
v 0.322102 0.895931 0.875464
v 0.321666 0.895731 0.875477
v 0.321147 0.895665 0.875490
v 0.321128 0.895705 0.875489
v 0.322130 0.895661 0.875463
v 0.322147 0.895566 0.875462
v 0.321207 0.895527 0.875488
v 0.322147 0.895566 0.875462
v 0.322142 0.895425 0.875463
v 0.321248 0.895408 0.875486
v 0.322153 0.895378 0.875462
v 0.321272 0.895292 0.875486
v 0.322144 0.895132 0.875462
v 0.321309 0.895167 0.875485
v 0.322146 0.895159 0.875462
v 0.322130 0.895025 0.875463
v 0.321329 0.895045 0.875484
v 0.322136 0.895052 0.875463
v 0.322116 0.894919 0.875463
v 0.321343 0.894921 0.875484
v 0.322123 0.894946 0.875463
v 0.322106 0.894841 0.875463
v 0.321350 0.894796 0.875484
v 0.322106 0.894841 0.875463
v 0.322083 0.894771 0.875464
v 0.321346 0.894732 0.875484
v 0.322070 0.894686 0.875464
v 0.321350 0.894667 0.875484
v 0.322061 0.894637 0.875465
v 0.322041 0.894601 0.875465
v 0.322027 0.894505 0.875465
v 0.321343 0.894540 0.875484
v 0.322033 0.894536 0.875465
v 0.321323 0.894415 0.875484
v 0.321312 0.894353 0.875485
v 0.321978 0.894385 0.875467
v 0.321305 0.894296 0.875485
v 0.321966 0.894340 0.875467
v 0.321285 0.894233 0.875485
v 0.321913 0.894231 0.875468
v 0.321275 0.894177 0.875486
v 0.321883 0.894148 0.875469
v 0.321251 0.894116 0.875486
v 0.321854 0.894099 0.875470
v 0.321237 0.894064 0.875487
v 0.321837 0.894055 0.875471
v 0.321209 0.894003 0.875487
v 0.321807 0.894006 0.875471
v 0.321192 0.893953 0.875488
v 0.321789 0.893965 0.875472
v 0.321159 0.893893 0.875489
v 0.321758 0.893916 0.875473
v 0.321140 0.893846 0.875489
v 0.321739 0.893876 0.875473
v 0.321102 0.893787 0.875490
v 0.321671 0.893777 0.875475
v 0.321079 0.893740 0.875491
v 0.321634 0.893707 0.875476
v 0.321037 0.893684 0.875492
v 0.321599 0.893662 0.875477
v 0.321196 0.893634 0.875483
v 0.321502 0.893525 0.875480
v 0.320937 0.893542 0.875495
v 0.321521 0.893546 0.875479
v 0.321461 0.893470 0.875481
v 0.320854 0.893448 0.875497
v 0.321461 0.893470 0.875481
v 0.317847 0.893471 0.875577
v 0.317887 0.893472 0.875576
v 0.317806 0.893467 0.875578
v 0.317958 0.893469 0.875574
v 0.321408 0.893416 0.875482
v 0.317779 0.893463 0.875579
v 0.317996 0.893465 0.875573
v 0.317766 0.893461 0.875579
v 0.318010 0.893463 0.875573
v 0.317746 0.893457 0.875580
v 0.318021 0.893461 0.875572
v 0.317746 0.893457 0.875580
v 0.318044 0.893457 0.875572
v 0.317704 0.893445 0.875580
v 0.318069 0.893452 0.875572
v 0.317715 0.893448 0.875580
v 0.318090 0.893447 0.875570
v 0.318113 0.893440 0.875570
v 0.317671 0.893433 0.875582
v 0.318124 0.893437 0.875569
v 0.317655 0.893426 0.875582
v 0.318134 0.893434 0.875569
v 0.318151 0.893427 0.875569
v 0.318166 0.893422 0.875568
v 0.317642 0.893420 0.875582
v 0.318165 0.893422 0.875568
v 0.317626 0.893412 0.875583
v 0.318216 0.893398 0.875567
v 0.317614 0.893405 0.875583
v 0.318210 0.893401 0.875567
v 0.318236 0.893387 0.875566
v 0.317586 0.893388 0.875584
v 0.318236 0.893387 0.875566
v 0.320797 0.893394 0.875498
v 0.321361 0.893356 0.875483
v 0.320764 0.893356 0.875499
v 0.321336 0.893323 0.875484
v 0.318257 0.893376 0.875566
v 0.317561 0.893370 0.875584
v 0.318265 0.893372 0.875566
v 0.318288 0.893358 0.875565
v 0.317536 0.893349 0.875585
v 0.318296 0.893354 0.875565
v 0.317511 0.893327 0.875586
v 0.318373 0.893305 0.875563
v 0.320704 0.893306 0.875501
v 0.321296 0.893285 0.875485
v 0.317490 0.893304 0.875586
v 0.318365 0.893311 0.875563
v 0.318403 0.893287 0.875562
v 0.320670 0.893272 0.875502
v 0.321271 0.893253 0.875486
v 0.317470 0.893281 0.875587
v 0.318402 0.893287 0.875562
v 0.317443 0.893244 0.875588
v 0.320609 0.893226 0.875503
v 0.321230 0.893216 0.875487
v 0.318541 0.893193 0.875558
v 0.320573 0.893195 0.875504
v 0.321204 0.893186 0.875487
v 0.317422 0.893207 0.875588
v 0.318531 0.893201 0.875559
v 0.318578 0.893167 0.875557
v 0.317410 0.893182 0.875589
v 0.318578 0.893167 0.875557
v 0.320511 0.893154 0.875506
v 0.321162 0.893150 0.875489
v 0.317401 0.893156 0.875589
v 0.318578 0.893167 0.875557
v 0.318623 0.893134 0.875556
v 0.320474 0.893126 0.875507
v 0.321135 0.893121 0.875489
v 0.317393 0.893129 0.875589
v 0.318656 0.893116 0.875555
v 0.320259 0.893007 0.875513
v 0.320993 0.892996 0.875493
v 0.317389 0.893115 0.875589
v 0.318691 0.893094 0.875554
v 0.317384 0.893087 0.875589
v 0.318789 0.893039 0.875551
v 0.317381 0.893045 0.875589
v 0.318812 0.893026 0.875551
v 0.317382 0.893005 0.875589
v 0.318812 0.893026 0.875551
v 0.317386 0.892954 0.875589
v 0.319055 0.892918 0.875545
v 0.320051 0.892925 0.875518
v 0.320920 0.892938 0.875495
v 0.319848 0.892875 0.875524
v 0.320772 0.892827 0.875499
v 0.317396 0.892904 0.875589
v 0.319047 0.892925 0.875545
v 0.317402 0.892879 0.875589
v 0.317402 0.892879 0.875589
v 0.319162 0.892891 0.875542
v 0.319241 0.892873 0.875540
v 0.317410 0.892854 0.875589
v 0.319283 0.892865 0.875539
v 0.317418 0.892830 0.875588
v 0.319321 0.892859 0.875538
v 0.319709 0.892855 0.875527
v 0.320771 0.892827 0.875499
v 0.317418 0.892830 0.875588
v 0.319400 0.892850 0.875536
v 0.319590 0.892847 0.875530
v 0.320771 0.892827 0.875499
v 0.317418 0.892830 0.875588
v 0.319479 0.892846 0.875533
v 0.319484 0.892841 0.875533
v 0.317429 0.892805 0.875588
v 0.320771 0.892827 0.875499
v 0.317440 0.892781 0.875588
v 0.320674 0.892762 0.875502
v 0.317453 0.892757 0.875587
v 0.320694 0.892775 0.875501
v 0.320596 0.892713 0.875503
v 0.317482 0.892710 0.875587
v 0.320616 0.892725 0.875503
v 0.320511 0.892662 0.875506
v 0.317516 0.892663 0.875586
v 0.320537 0.892677 0.875505
v 0.317553 0.892618 0.875585
v 0.317574 0.892595 0.875584
v 0.320413 0.892609 0.875509
v 0.317597 0.892572 0.875583
v 0.320374 0.892588 0.875510
v 0.317669 0.892506 0.875581
v 0.320277 0.892540 0.875512
v 0.317724 0.892463 0.875580
v 0.320107 0.892466 0.875517
v 0.317756 0.892442 0.875579
v 0.320052 0.892442 0.875518
v 0.317785 0.892422 0.875579
v 0.319987 0.892418 0.875520
v 0.317820 0.892402 0.875578
v 0.319932 0.892397 0.875521
v 0.317851 0.892384 0.875577
v 0.319866 0.892376 0.875523
v 0.317889 0.892366 0.875576
v 0.319811 0.892357 0.875525
v 0.317923 0.892350 0.875575
v 0.319744 0.892338 0.875526
v 0.318463 0.892219 0.875560
v 0.319538 0.892284 0.875531
v 0.318045 0.892305 0.875572
v 0.319568 0.892290 0.875531
v 0.318132 0.892280 0.875569
v 0.319568 0.892290 0.875531
v 0.319412 0.892258 0.875536
v 0.318225 0.892259 0.875567
v 0.319446 0.892264 0.875534
v 0.319290 0.892238 0.875538
v 0.318325 0.892241 0.875564
v 0.319323 0.892243 0.875538
v 0.318428 0.892226 0.875561
v 0.318473 0.892221 0.875560
v 0.319121 0.892219 0.875543
v 0.318795 0.892204 0.875550
v 0.318814 0.892205 0.875551
v 0.318951 0.892207 0.875547
v 0.319222 0.900031 0.875198
v 0.317650 0.897501 0.875240
v 0.322039 0.900246 0.875124
v 0.319378 0.900173 0.875195
v 0.318927 0.898522 0.875205
v 0.317650 0.897501 0.875240
v 0.319595 0.898383 0.875188
v 0.317650 0.897501 0.875240
v 0.320156 0.898174 0.875173
v 0.320878 0.897744 0.875154
v 0.317650 0.897501 0.875240
v 0.321058 0.897601 0.875149
v 0.321229 0.897448 0.875144
v 0.317650 0.897501 0.875240
v 0.321319 0.897365 0.875142
v 0.317752 0.897497 0.875237
v 0.321319 0.897365 0.875142
v 0.317942 0.897486 0.875232
v 0.321319 0.897365 0.875142
v 0.318122 0.897472 0.875227
v 0.321319 0.897365 0.875142
v 0.318296 0.897455 0.875222
v 0.321319 0.897365 0.875142
v 0.318462 0.897435 0.875218
v 0.321319 0.897365 0.875142
v 0.318623 0.897411 0.875214
v 0.321319 0.897365 0.875142
v 0.318874 0.897365 0.875209
v 0.321377 0.897297 0.875140
v 0.318988 0.897339 0.875204
v 0.321450 0.897222 0.875138
v 0.319062 0.897320 0.875202
v 0.321450 0.897222 0.875138
v 0.319196 0.897283 0.875198
v 0.321450 0.897222 0.875138
v 0.319427 0.897206 0.875192
v 0.321502 0.897153 0.875137
v 0.319494 0.897178 0.875190
v 0.319710 0.897085 0.875184
v 0.321617 0.897004 0.875134
v 0.319771 0.897050 0.875183
v 0.321680 0.896924 0.875132
v 0.319844 0.897012 0.875181
v 0.321680 0.896924 0.875132
v 0.319972 0.896940 0.875178
v 0.321721 0.896851 0.875131
v 0.320028 0.896905 0.875176
v 0.321777 0.896769 0.875130
v 0.320095 0.896862 0.875175
v 0.321777 0.896769 0.875130
v 0.320213 0.896782 0.875171
v 0.321812 0.896694 0.875129
v 0.320263 0.896743 0.875170
v 0.321863 0.896609 0.875127
v 0.320326 0.896696 0.875168
v 0.321863 0.896609 0.875127
v 0.320449 0.896594 0.875166
v 0.321893 0.896532 0.875127
v 0.320479 0.896565 0.875164
v 0.321938 0.896446 0.875125
v 0.320673 0.896369 0.875159
v 0.321962 0.896366 0.875125
v 0.320673 0.896369 0.875159
v 0.320747 0.896290 0.875157
v 0.322019 0.896197 0.875123
v 0.320763 0.896265 0.875157
v 0.320909 0.896092 0.875152
v 0.322065 0.896022 0.875122
v 0.320925 0.896046 0.875152
v 0.322114 0.895838 0.875121
v 0.321119 0.895705 0.875147
v 0.322121 0.895661 0.875120
v 0.321119 0.895705 0.875147
v 0.321203 0.895539 0.875146
v 0.322132 0.895473 0.875120
v 0.321215 0.895470 0.875145
v 0.322144 0.895378 0.875120
v 0.321238 0.895408 0.875144
v 0.322140 0.895323 0.875120
v 0.321252 0.895351 0.875144
v 0.322142 0.895268 0.875120
v 0.321276 0.895269 0.875143
v 0.322136 0.895213 0.875120
v 0.321283 0.895230 0.875143
v 0.321306 0.895137 0.875143
v 0.322128 0.895105 0.875120
v 0.321307 0.895108 0.875142
v 0.321325 0.895014 0.875141
v 0.322117 0.894998 0.875121
v 0.321324 0.894984 0.875142
v 0.321337 0.894890 0.875141
v 0.322102 0.894892 0.875121
v 0.321334 0.894859 0.875142
v 0.322088 0.894790 0.875121
v 0.321337 0.894732 0.875141
v 0.322060 0.894686 0.875122
v 0.321337 0.894732 0.875141
v 0.321342 0.894634 0.875142
v 0.322034 0.894585 0.875123
v 0.321333 0.894602 0.875142
v 0.321572 0.894404 0.875134
v 0.321969 0.894385 0.875125
v 0.321303 0.894353 0.875142
v 0.321957 0.894340 0.875125
v 0.321296 0.894296 0.875143
v 0.321931 0.894288 0.875126
v 0.321276 0.894233 0.875143
v 0.321890 0.894193 0.875127
v 0.321276 0.894233 0.875143
v 0.321259 0.894147 0.875144
v 0.321845 0.894099 0.875128
v 0.321242 0.894116 0.875144
v 0.321813 0.894015 0.875129
v 0.321135 0.893857 0.875146
v 0.321749 0.893916 0.875130
v 0.321150 0.893893 0.875146
v 0.321706 0.893834 0.875130
v 0.321645 0.893745 0.875133
v 0.321093 0.893787 0.875148
v 0.321625 0.893707 0.875134
v 0.321070 0.893740 0.875149
v 0.321590 0.893662 0.875135
v 0.321028 0.893684 0.875150
v 0.321536 0.893575 0.875137
v 0.320994 0.893635 0.875151
v 0.321512 0.893546 0.875137
v 0.320927 0.893542 0.875152
v 0.321216 0.893452 0.875144
v 0.317878 0.893472 0.875234
v 0.317838 0.893471 0.875235
v 0.317929 0.893470 0.875233
v 0.317809 0.893469 0.875236
v 0.317961 0.893468 0.875231
v 0.317803 0.893468 0.875236
v 0.317779 0.893465 0.875236
v 0.317987 0.893465 0.875231
v 0.317770 0.893463 0.875236
v 0.317745 0.893459 0.875237
v 0.318012 0.893461 0.875230
v 0.317737 0.893457 0.875237
v 0.318035 0.893457 0.875229
v 0.317737 0.893457 0.875237
v 0.318060 0.893452 0.875229
v 0.317695 0.893445 0.875238
v 0.318081 0.893447 0.875228
v 0.317706 0.893448 0.875238
v 0.318104 0.893440 0.875227
v 0.318115 0.893437 0.875227
v 0.317662 0.893433 0.875239
v 0.318124 0.893434 0.875227
v 0.317646 0.893426 0.875240
v 0.318156 0.893422 0.875226
v 0.318141 0.893427 0.875227
v 0.318156 0.893422 0.875226
v 0.317633 0.893420 0.875240
v 0.318177 0.893413 0.875226
v 0.317601 0.893404 0.875243
v 0.318189 0.893407 0.875225
v 0.317617 0.893412 0.875241
v 0.318230 0.893386 0.875226
v 0.321352 0.893356 0.875141
v 0.320788 0.893394 0.875156
v 0.321327 0.893323 0.875142
v 0.320755 0.893356 0.875157
v 0.318256 0.893372 0.875224
v 0.317551 0.893370 0.875242
v 0.318270 0.893363 0.875223
v 0.317538 0.893359 0.875243
v 0.318287 0.893354 0.875223
v 0.317527 0.893349 0.875243
v 0.318384 0.893293 0.875222
v 0.317456 0.893279 0.875246
v 0.321287 0.893285 0.875143
v 0.320695 0.893306 0.875159
v 0.321262 0.893253 0.875143
v 0.320661 0.893272 0.875160
v 0.321221 0.893216 0.875144
v 0.320600 0.893226 0.875161
v 0.318497 0.893217 0.875217
v 0.317419 0.893220 0.875246
v 0.321194 0.893186 0.875145
v 0.320564 0.893195 0.875162
v 0.318521 0.893201 0.875216
v 0.317413 0.893207 0.875246
v 0.318543 0.893185 0.875216
v 0.317407 0.893195 0.875246
v 0.318569 0.893167 0.875215
v 0.317401 0.893182 0.875246
v 0.321153 0.893150 0.875146
v 0.320502 0.893154 0.875164
v 0.318569 0.893167 0.875215
v 0.317391 0.893156 0.875246
v 0.318604 0.893143 0.875214
v 0.317387 0.893142 0.875247
v 0.321125 0.893121 0.875147
v 0.320465 0.893126 0.875165
v 0.318647 0.893116 0.875213
v 0.317383 0.893129 0.875247
v 0.321084 0.893086 0.875148
v 0.320402 0.893089 0.875166
v 0.318682 0.893094 0.875212
v 0.317380 0.893115 0.875247
v 0.317377 0.893097 0.875247
v 0.321019 0.893027 0.875150
v 0.320350 0.893060 0.875168
v 0.317371 0.893059 0.875247
v 0.318760 0.893049 0.875210
v 0.317372 0.893059 0.875247
v 0.318884 0.892987 0.875206
v 0.320984 0.892997 0.875151
v 0.320259 0.893010 0.875170
v 0.317382 0.892912 0.875246
v 0.320941 0.892965 0.875152
v 0.320194 0.892982 0.875172
v 0.320177 0.892963 0.875169
v 0.319967 0.892900 0.875179
v 0.318995 0.892941 0.875204
v 0.317380 0.892929 0.875247
v 0.320868 0.892908 0.875154
v 0.319977 0.892906 0.875178
v 0.319080 0.892912 0.875201
v 0.319831 0.892872 0.875181
v 0.319153 0.892891 0.875200
v 0.317392 0.892879 0.875246
v 0.320794 0.892853 0.875156
v 0.319864 0.892879 0.875181
v 0.319232 0.892873 0.875198
v 0.317392 0.892879 0.875246
v 0.320761 0.892827 0.875157
v 0.319274 0.892865 0.875196
v 0.317401 0.892854 0.875246
v 0.319311 0.892859 0.875195
v 0.317409 0.892830 0.875246
v 0.320761 0.892827 0.875157
v 0.319700 0.892855 0.875185
v 0.319391 0.892850 0.875193
v 0.317409 0.892830 0.875246
v 0.320761 0.892827 0.875157
v 0.319581 0.892847 0.875188
v 0.319433 0.892846 0.875192
v 0.320761 0.892827 0.875157
v 0.317420 0.892805 0.875246
v 0.320722 0.892801 0.875158
v 0.317431 0.892781 0.875245
v 0.320685 0.892775 0.875159
v 0.317444 0.892757 0.875245
v 0.318523 0.892066 0.875212
v 0.320502 0.892662 0.875164
v 0.320528 0.892677 0.875163
v 0.317507 0.892663 0.875243
v 0.317550 0.892610 0.875243
v 0.320404 0.892609 0.875166
v 0.317565 0.892595 0.875242
v 0.318530 0.891958 0.875219
v 0.320043 0.892442 0.875176
v 0.317747 0.892442 0.875237
v 0.319978 0.892418 0.875178
v 0.317776 0.892422 0.875236
v 0.319923 0.892397 0.875179
v 0.317810 0.892402 0.875235
v 0.319857 0.892376 0.875181
v 0.317842 0.892384 0.875234
v 0.319802 0.892357 0.875182
v 0.317880 0.892366 0.875234
v 0.319735 0.892338 0.875184
v 0.317913 0.892350 0.875233
v 0.319603 0.892301 0.875188
v 0.317952 0.892335 0.875231
v 0.319559 0.892290 0.875189
v 0.318036 0.892305 0.875229
v 0.318713 0.892171 0.875208
v 0.319190 0.892226 0.875199
v 0.318422 0.892227 0.875219
v 0.319111 0.892219 0.875201
v 0.318464 0.892221 0.875218
v 0.319023 0.892212 0.875204
v 0.318578 0.892212 0.875216
v 0.318805 0.892205 0.875209
v 0.318942 0.892207 0.875205
v 0.319654 0.898836 0.875529
v 0.319384 0.897940 0.875232
v 0.322344 0.894563 0.875222
v 0.320794 0.892615 0.875498
v 0.317910 0.892842 0.875233
v 0.317751 0.893050 0.875579
v 0.321573 0.895916 0.875478
v 0.321570 0.894803 0.875135
v 0.293585 0.903795 0.870585
v 0.293639 0.903326 0.875471
v 0.305791 0.898473 0.870260
v 0.304561 0.899735 0.875231
v 0.304325 0.892383 0.875285
v 0.299652 0.888618 0.870424
v 0.293915 0.889048 0.875451
v 0.287446 0.893940 0.870749
v 0.288055 0.896156 0.875647
v 0.300910 0.902422 0.875415
v 0.304605 0.898805 0.875150
v 0.305042 0.894215 0.875319
v 0.301570 0.890409 0.875414
v 0.294998 0.889204 0.875460
v 0.289593 0.892366 0.875742
v 0.288199 0.896874 0.875655
v 0.292433 0.902575 0.875574
v 0.295723 0.903599 0.870530
v 0.302382 0.901902 0.870351
v 0.305709 0.896207 0.870262
v 0.302382 0.890511 0.870351
v 0.295723 0.888814 0.870530
v 0.288404 0.892707 0.870723
v 0.288987 0.900304 0.870708
v 0.294248 0.895400 0.876205
v 0.298448 0.900934 0.876093
v 0.294232 0.895372 0.876206
v 0.298112 0.900047 0.876102
v 0.298202 0.900007 0.876100
v 0.298819 0.895459 0.876084
v 0.294572 0.895433 0.876197
v 0.297795 0.899637 0.876111
v 0.298285 0.895519 0.876096
v 0.297795 0.899637 0.876111
v 0.299949 0.895018 0.876065
v 0.294232 0.894577 0.876206
v 0.298307 0.892354 0.876097
v 0.298307 0.894577 0.876097
v 0.298449 0.900939 0.875757
v 0.294231 0.895389 0.875863
v 0.297786 0.899637 0.875769
v 0.298810 0.895459 0.875741
v 0.298193 0.900007 0.875758
v 0.294563 0.895433 0.875854
v 0.297786 0.899637 0.875769
v 0.298280 0.895483 0.875750
v 0.299906 0.895024 0.875712
v 0.294223 0.895372 0.875863
v 0.294295 0.894835 0.875862
v 0.298298 0.894577 0.875755
v 0.298298 0.892354 0.875755
v 0.299174 0.894234 0.875887
v 0.297792 0.894021 0.875997
v 0.294116 0.894734 0.876038
v 0.298566 0.901035 0.875919
v 0.294837 0.895459 0.876018
v 0.297791 0.895459 0.875940
v 0.297791 0.899637 0.875940
v 0.333680 0.893940 0.869518
v 0.339819 0.903795 0.869354
v 0.339873 0.903326 0.874240
v 0.352025 0.898473 0.869029
v 0.350795 0.899735 0.874000
v 0.350559 0.892384 0.874054
v 0.345885 0.888618 0.869193
v 0.340150 0.889048 0.874220
v 0.334289 0.896156 0.874416
v 0.341292 0.903084 0.874349
v 0.347143 0.902422 0.874184
v 0.351257 0.898198 0.874048
v 0.350289 0.892350 0.873962
v 0.344680 0.889329 0.874259
v 0.338828 0.889988 0.874412
v 0.334716 0.894217 0.874481
v 0.335669 0.900067 0.874369
v 0.341956 0.903599 0.869296
v 0.348616 0.901902 0.869119
v 0.351942 0.896207 0.869031
v 0.348616 0.890511 0.869119
v 0.341956 0.888814 0.869297
v 0.334637 0.892707 0.869492
v 0.335221 0.900304 0.869477
v 0.345585 0.900913 0.874932
v 0.345648 0.900718 0.874837
v 0.345135 0.900941 0.874850
v 0.345648 0.900718 0.874837
v 0.345019 0.900934 0.874853
v 0.345648 0.900718 0.874837
v 0.344777 0.900909 0.874860
v 0.344302 0.900811 0.874872
v 0.345648 0.900718 0.874837
v 0.344178 0.900777 0.874876
v 0.345648 0.900718 0.874837
v 0.344052 0.900739 0.874879
v 0.345648 0.900718 0.874837
v 0.343925 0.900698 0.874882
v 0.345648 0.900718 0.874837
v 0.343854 0.900674 0.874884
v 0.345572 0.900710 0.874839
v 0.343854 0.900674 0.874884
v 0.345322 0.900678 0.874847
v 0.343798 0.900652 0.874886
v 0.345257 0.900667 0.874847
v 0.345066 0.900634 0.874850
v 0.343670 0.900600 0.874889
v 0.345017 0.900622 0.874853
v 0.343595 0.900569 0.874891
v 0.344953 0.900608 0.874855
v 0.343595 0.900569 0.874891
v 0.344842 0.900580 0.874858
v 0.343541 0.900541 0.874893
v 0.344794 0.900568 0.874859
v 0.343464 0.900505 0.874895
v 0.344735 0.900551 0.874861
v 0.343464 0.900505 0.874895
v 0.344632 0.900519 0.874864
v 0.343411 0.900474 0.874896
v 0.344588 0.900504 0.874865
v 0.343333 0.900435 0.874898
v 0.344533 0.900485 0.874866
v 0.343333 0.900435 0.874898
v 0.344439 0.900449 0.874869
v 0.343279 0.900401 0.874900
v 0.344398 0.900432 0.874870
v 0.343200 0.900357 0.874902
v 0.344349 0.900410 0.874871
v 0.343200 0.900357 0.874902
v 0.344261 0.900369 0.874874
v 0.343147 0.900320 0.874903
v 0.344224 0.900349 0.874874
v 0.343066 0.900272 0.874905
v 0.344175 0.900324 0.874876
v 0.343066 0.900272 0.874905
v 0.344089 0.900276 0.874878
v 0.343014 0.900232 0.874907
v 0.344052 0.900253 0.874879
v 0.342932 0.900180 0.874909
v 0.344003 0.900224 0.874880
v 0.342841 0.900115 0.874911
v 0.343927 0.900173 0.874882
v 0.342796 0.900081 0.874913
v 0.343831 0.900110 0.874885
v 0.343602 0.899994 0.874891
v 0.342607 0.899926 0.874918
v 0.343624 0.899950 0.874890
v 0.342348 0.899717 0.874924
v 0.343203 0.899559 0.874902
v 0.342192 0.899555 0.874929
v 0.343203 0.899559 0.874902
v 0.343138 0.899493 0.874904
v 0.342056 0.899420 0.874932
v 0.343122 0.899473 0.874904
v 0.341872 0.899241 0.874936
v 0.342891 0.899205 0.874910
v 0.341847 0.899204 0.874938
v 0.342853 0.899155 0.874911
v 0.341795 0.899116 0.874939
v 0.341725 0.899061 0.874941
v 0.342784 0.899062 0.874913
v 0.341682 0.898996 0.874942
v 0.342755 0.899018 0.874914
v 0.341610 0.898915 0.874944
v 0.342717 0.898967 0.874915
v 0.341610 0.898915 0.874944
v 0.342652 0.898871 0.874916
v 0.341568 0.898848 0.874945
v 0.342625 0.898825 0.874917
v 0.341499 0.898767 0.874947
v 0.342589 0.898772 0.874918
v 0.341459 0.898698 0.874948
v 0.342563 0.898726 0.874919
v 0.342204 0.898630 0.874927
v 0.342393 0.898418 0.874923
v 0.341258 0.898387 0.874954
v 0.342393 0.898418 0.874923
v 0.342307 0.898264 0.874925
v 0.341166 0.898225 0.874956
v 0.342289 0.898199 0.874926
v 0.341111 0.898139 0.874957
v 0.342259 0.898140 0.874927
v 0.341079 0.898063 0.874958
v 0.342239 0.898085 0.874927
v 0.341027 0.897974 0.874960
v 0.342210 0.898024 0.874928
v 0.340998 0.897896 0.874960
v 0.342190 0.897968 0.874929
v 0.340949 0.897806 0.874962
v 0.342162 0.897904 0.874929
v 0.340949 0.897806 0.874962
v 0.342116 0.897783 0.874931
v 0.340922 0.897726 0.874963
v 0.342097 0.897723 0.874931
v 0.340876 0.897635 0.874964
v 0.342064 0.897637 0.874932
v 0.343536 0.897665 0.874893
v 0.343700 0.897668 0.874888
v 0.343504 0.897661 0.874894
v 0.343828 0.897664 0.874885
v 0.343386 0.897652 0.874897
v 0.343870 0.897659 0.874884
v 0.343337 0.897644 0.874898
v 0.343967 0.897650 0.874881
v 0.343989 0.897643 0.874881
v 0.344103 0.897626 0.874878
v 0.340852 0.897555 0.874964
v 0.342053 0.897596 0.874932
v 0.343180 0.897618 0.874902
v 0.344103 0.897626 0.874878
v 0.344172 0.897605 0.874876
v 0.343026 0.897584 0.874906
v 0.344236 0.897592 0.874874
v 0.340770 0.897370 0.874968
v 0.342937 0.897562 0.874909
v 0.344291 0.897572 0.874873
v 0.342862 0.897539 0.874909
v 0.344465 0.897511 0.874868
v 0.342723 0.897490 0.874914
v 0.344492 0.897495 0.874867
v 0.342554 0.897425 0.874918
v 0.344773 0.897334 0.874860
v 0.342422 0.897362 0.874923
v 0.344734 0.897360 0.874861
v 0.342340 0.897323 0.874925
v 0.341917 0.897158 0.874936
v 0.342272 0.897285 0.874926
v 0.344851 0.897278 0.874858
v 0.340732 0.897206 0.874967
v 0.341930 0.897195 0.874936
v 0.342190 0.897242 0.874929
v 0.344904 0.897234 0.874856
v 0.342041 0.897153 0.874933
v 0.342151 0.897214 0.874930
v 0.341892 0.897054 0.874937
v 0.342041 0.897153 0.874933
v 0.345016 0.897137 0.874853
v 0.343011 0.897126 0.874907
v 0.343029 0.897127 0.874906
v 0.342041 0.897153 0.874933
v 0.344887 0.897005 0.874848
v 0.341892 0.897054 0.874937
v 0.342987 0.897124 0.874907
v 0.341892 0.897054 0.874937
v 0.342949 0.897120 0.874909
v 0.341892 0.897054 0.874937
v 0.342907 0.897115 0.874910
v 0.340681 0.897030 0.874969
v 0.341892 0.897054 0.874937
v 0.341892 0.897054 0.874937
v 0.342865 0.897108 0.874911
v 0.341892 0.897054 0.874937
v 0.342823 0.897099 0.874912
v 0.341892 0.897054 0.874937
v 0.342781 0.897090 0.874913
v 0.341892 0.897054 0.874937
v 0.342737 0.897079 0.874914
v 0.345182 0.896974 0.874849
v 0.343518 0.897060 0.874893
v 0.345182 0.896974 0.874849
v 0.342665 0.897058 0.874919
v 0.340650 0.896938 0.874970
v 0.342033 0.897046 0.874933
v 0.340650 0.896938 0.874970
v 0.342606 0.897037 0.874918
v 0.343628 0.897017 0.874890
v 0.340650 0.896938 0.874970
v 0.342560 0.897020 0.874919
v 0.340650 0.896938 0.874970
v 0.342511 0.897000 0.874920
v 0.343733 0.896962 0.874888
v 0.345182 0.896974 0.874849
v 0.340650 0.896938 0.874970
v 0.342459 0.896977 0.874922
v 0.345255 0.896886 0.874847
v 0.342367 0.896934 0.874923
v 0.340635 0.896851 0.874970
v 0.342315 0.896907 0.874925
v 0.343832 0.896897 0.874885
v 0.345283 0.896855 0.874846
v 0.340609 0.896759 0.874971
v 0.342280 0.896889 0.874926
v 0.340609 0.896759 0.874971
v 0.342214 0.896853 0.874928
v 0.343927 0.896822 0.874882
v 0.345283 0.896855 0.874846
v 0.344882 0.896584 0.874856
v 0.340609 0.896759 0.874971
v 0.342143 0.896814 0.874930
v 0.342045 0.896756 0.874934
v 0.340558 0.896517 0.874970
v 0.340574 0.896580 0.874972
v 0.341910 0.896678 0.874936
v 0.344138 0.896590 0.874877
v 0.341752 0.896481 0.874937
v 0.344138 0.896590 0.874877
v 0.345490 0.896538 0.874841
v 0.344200 0.896511 0.874875
v 0.344258 0.896412 0.874874
v 0.345534 0.896466 0.874840
v 0.344288 0.896353 0.874873
v 0.345560 0.896399 0.874839
v 0.340542 0.896309 0.874972
v 0.341753 0.896331 0.874940
v 0.344328 0.896284 0.874872
v 0.345600 0.896325 0.874838
v 0.340509 0.896122 0.874975
v 0.341712 0.895959 0.874941
v 0.345605 0.896279 0.874838
v 0.345657 0.896179 0.874836
v 0.344392 0.896151 0.874870
v 0.345657 0.896179 0.874836
v 0.344884 0.896003 0.874854
v 0.340511 0.895939 0.874973
v 0.341713 0.895959 0.874941
v 0.344473 0.895947 0.874868
v 0.345719 0.895951 0.874835
v 0.341699 0.895881 0.874942
v 0.344503 0.895872 0.874867
v 0.345745 0.895870 0.874834
v 0.345740 0.895817 0.874834
v 0.345783 0.895706 0.874833
v 0.340505 0.895753 0.874973
v 0.341703 0.895844 0.874942
v 0.340496 0.895657 0.874974
v 0.341696 0.895787 0.874942
v 0.344550 0.895727 0.874866
v 0.345776 0.895707 0.874833
v 0.340496 0.895657 0.874974
v 0.341689 0.895679 0.874942
v 0.344622 0.895426 0.874863
v 0.340517 0.895516 0.874973
v 0.341688 0.895627 0.874942
v 0.340504 0.895367 0.874974
v 0.341683 0.895575 0.874942
v 0.340504 0.895367 0.874974
v 0.341674 0.895429 0.874940
v 0.340533 0.895228 0.874973
v 0.341676 0.895336 0.874942
v 0.345815 0.895185 0.874832
v 0.340529 0.895086 0.874973
v 0.341674 0.895291 0.874942
v 0.340529 0.895086 0.874973
v 0.341672 0.895146 0.874943
v 0.344680 0.895109 0.874862
v 0.345815 0.895185 0.874832
v 0.345795 0.895067 0.874833
v 0.340565 0.894949 0.874972
v 0.341681 0.895046 0.874942
v 0.340569 0.894814 0.874972
v 0.341683 0.894994 0.874942
v 0.344698 0.894944 0.874862
v 0.345811 0.895011 0.874832
v 0.344699 0.894861 0.874862
v 0.345797 0.894923 0.874833
v 0.340569 0.894814 0.874972
v 0.341692 0.894891 0.874942
v 0.344710 0.894776 0.874862
v 0.345797 0.894839 0.874833
v 0.340569 0.894814 0.874972
v 0.341704 0.894787 0.874942
v 0.344707 0.894690 0.874862
v 0.345779 0.894751 0.874833
v 0.340615 0.894678 0.874971
v 0.341713 0.894733 0.874941
v 0.340627 0.894551 0.874970
v 0.341719 0.894679 0.874941
v 0.344716 0.894603 0.874861
v 0.345775 0.894669 0.874833
v 0.345746 0.894609 0.874834
v 0.345744 0.894502 0.874834
v 0.340627 0.894551 0.874970
v 0.341737 0.894572 0.874941
v 0.340681 0.894419 0.874969
v 0.341750 0.894517 0.874940
v 0.340701 0.894297 0.874968
v 0.341759 0.894462 0.874940
v 0.344714 0.894439 0.874861
v 0.345744 0.894502 0.874834
v 0.345699 0.894389 0.874835
v 0.340701 0.894297 0.874968
v 0.341783 0.894352 0.874940
v 0.344708 0.894288 0.874862
v 0.345704 0.894338 0.874835
v 0.344698 0.894212 0.874862
v 0.345671 0.894252 0.874836
v 0.340764 0.894169 0.874967
v 0.341799 0.894296 0.874939
v 0.340791 0.894052 0.874966
v 0.341810 0.894239 0.874939
v 0.344696 0.894143 0.874862
v 0.345655 0.894176 0.874836
v 0.340791 0.894052 0.874966
v 0.341841 0.894127 0.874938
v 0.344684 0.894070 0.874862
v 0.345617 0.894091 0.874837
v 0.344679 0.894004 0.874862
v 0.345598 0.894017 0.874838
v 0.341863 0.894032 0.874937
v 0.341895 0.893953 0.874937
v 0.340864 0.893924 0.874964
v 0.341895 0.893953 0.874937
v 0.344635 0.893805 0.874863
v 0.345527 0.893857 0.874839
v 0.340897 0.893817 0.874963
v 0.341986 0.893679 0.874935
v 0.340981 0.893691 0.874961
v 0.341975 0.893728 0.874934
v 0.342092 0.893459 0.874931
v 0.344604 0.893680 0.874864
v 0.345401 0.893625 0.874843
v 0.344590 0.893622 0.874865
v 0.345371 0.893555 0.874844
v 0.341115 0.893468 0.874957
v 0.342066 0.893519 0.874932
v 0.344549 0.893509 0.874866
v 0.345371 0.893555 0.874844
v 0.344521 0.893450 0.874867
v 0.345301 0.893451 0.874845
v 0.341159 0.893373 0.874956
v 0.344502 0.893400 0.874867
v 0.345278 0.893407 0.874846
v 0.344349 0.893144 0.874872
v 0.344877 0.892891 0.874857
v 0.341266 0.893255 0.874953
v 0.342169 0.893326 0.874929
v 0.341315 0.893165 0.874952
v 0.342193 0.893283 0.874929
v 0.341315 0.893165 0.874952
v 0.342250 0.893196 0.874927
v 0.341433 0.893051 0.874949
v 0.342284 0.893150 0.874926
v 0.341616 0.892814 0.874944
v 0.342387 0.893008 0.874922
v 0.344184 0.892947 0.874876
v 0.344905 0.892938 0.874856
v 0.344095 0.892869 0.874878
v 0.341675 0.892776 0.874942
v 0.342574 0.892822 0.874919
v 0.344034 0.892812 0.874880
v 0.344760 0.892799 0.874860
v 0.343989 0.892779 0.874881
v 0.344655 0.892725 0.874863
v 0.342806 0.892660 0.874911
v 0.342604 0.892798 0.874918
v 0.343938 0.892739 0.874884
v 0.344608 0.892674 0.874864
v 0.341841 0.892639 0.874938
v 0.342777 0.892682 0.874913
v 0.341883 0.892602 0.874937
v 0.343797 0.892662 0.874886
v 0.344608 0.892674 0.874864
v 0.344389 0.892605 0.874870
v 0.341883 0.892602 0.874937
v 0.342996 0.892595 0.874907
v 0.341947 0.892560 0.874935
v 0.343033 0.892585 0.874906
v 0.341992 0.892526 0.874934
v 0.343064 0.892578 0.874905
v 0.341992 0.892526 0.874934
v 0.343134 0.892566 0.874904
v 0.343459 0.892562 0.874895
v 0.344448 0.892564 0.874869
v 0.341992 0.892526 0.874934
v 0.343206 0.892558 0.874902
v 0.341992 0.892526 0.874934
v 0.343279 0.892554 0.874900
v 0.342190 0.892404 0.874928
v 0.343531 0.892231 0.874891
v 0.342674 0.892252 0.874916
v 0.343548 0.892234 0.874892
v 0.342810 0.892229 0.874912
v 0.343548 0.892234 0.874892
v 0.342988 0.892210 0.874905
v 0.345638 0.900948 0.874494
v 0.345244 0.900947 0.874505
v 0.345615 0.900850 0.874495
v 0.345167 0.900946 0.874507
v 0.345638 0.900718 0.874494
v 0.345125 0.900941 0.874508
v 0.345638 0.900718 0.874494
v 0.345010 0.900934 0.874511
v 0.345638 0.900718 0.874494
v 0.344894 0.900924 0.874514
v 0.345638 0.900718 0.874494
v 0.344776 0.900909 0.874517
v 0.345638 0.900718 0.874494
v 0.344657 0.900890 0.874520
v 0.345638 0.900718 0.874494
v 0.344537 0.900868 0.874524
v 0.345638 0.900718 0.874494
v 0.344416 0.900841 0.874527
v 0.345638 0.900718 0.874494
v 0.344293 0.900811 0.874530
v 0.345638 0.900718 0.874494
v 0.344169 0.900777 0.874533
v 0.345638 0.900718 0.874494
v 0.344043 0.900739 0.874537
v 0.343940 0.900705 0.874540
v 0.343845 0.900674 0.874542
v 0.345563 0.900710 0.874496
v 0.343845 0.900674 0.874542
v 0.345208 0.900669 0.874506
v 0.345248 0.900667 0.874505
v 0.343789 0.900652 0.874544
v 0.343709 0.900625 0.874546
v 0.343382 0.900470 0.874555
v 0.344680 0.900537 0.874520
v 0.344623 0.900519 0.874521
v 0.343455 0.900505 0.874552
v 0.344537 0.900488 0.874523
v 0.344430 0.900449 0.874527
v 0.343324 0.900435 0.874556
v 0.344315 0.900397 0.874529
v 0.343492 0.900257 0.874556
v 0.344166 0.900324 0.874534
v 0.343057 0.900272 0.874563
v 0.342899 0.900159 0.874567
v 0.343994 0.900224 0.874538
v 0.342922 0.900180 0.874567
v 0.343908 0.900169 0.874540
v 0.342922 0.900180 0.874567
v 0.342784 0.900081 0.874570
v 0.343822 0.900110 0.874543
v 0.342787 0.900081 0.874570
v 0.343736 0.900047 0.874545
v 0.342787 0.900081 0.874570
v 0.343672 0.899990 0.874546
v 0.342420 0.899781 0.874581
v 0.343567 0.899912 0.874550
v 0.342512 0.899861 0.874578
v 0.343481 0.899838 0.874552
v 0.342512 0.899861 0.874578
v 0.343371 0.899731 0.874556
v 0.343228 0.899598 0.874559
v 0.342234 0.899612 0.874585
v 0.343194 0.899559 0.874559
v 0.342183 0.899555 0.874586
v 0.343108 0.899469 0.874563
v 0.341999 0.899384 0.874592
v 0.342991 0.899337 0.874565
v 0.341964 0.899343 0.874592
v 0.342925 0.899252 0.874566
v 0.341806 0.899161 0.874597
v 0.342844 0.899155 0.874569
v 0.341838 0.899204 0.874596
v 0.342814 0.899112 0.874570
v 0.342775 0.899062 0.874571
v 0.341716 0.899061 0.874599
v 0.342746 0.899018 0.874571
v 0.341673 0.898996 0.874600
v 0.342707 0.898967 0.874572
v 0.341600 0.898915 0.874602
v 0.342643 0.898871 0.874574
v 0.341600 0.898915 0.874602
v 0.342560 0.898730 0.874576
v 0.341414 0.898655 0.874606
v 0.342463 0.898572 0.874579
v 0.341385 0.898614 0.874608
v 0.342439 0.898523 0.874580
v 0.342384 0.898418 0.874581
v 0.342384 0.898418 0.874581
v 0.341249 0.898387 0.874611
v 0.342340 0.898344 0.874582
v 0.342301 0.898253 0.874583
v 0.341191 0.898300 0.874613
v 0.342279 0.898199 0.874584
v 0.341157 0.898225 0.874614
v 0.342250 0.898140 0.874585
v 0.341102 0.898139 0.874615
v 0.341095 0.898089 0.874615
v 0.341018 0.897974 0.874617
v 0.342201 0.898024 0.874586
v 0.341018 0.897974 0.874617
v 0.341779 0.897897 0.874593
v 0.342107 0.897783 0.874588
v 0.340940 0.897806 0.874619
v 0.342088 0.897723 0.874589
v 0.340913 0.897726 0.874620
v 0.342057 0.897637 0.874590
v 0.340867 0.897635 0.874621
v 0.343691 0.897668 0.874546
v 0.343527 0.897665 0.874551
v 0.343819 0.897664 0.874543
v 0.343495 0.897661 0.874551
v 0.343861 0.897659 0.874542
v 0.343377 0.897652 0.874555
v 0.344041 0.897636 0.874536
v 0.343233 0.897631 0.874556
v 0.342044 0.897596 0.874590
v 0.340843 0.897555 0.874622
v 0.344148 0.897611 0.874534
v 0.343078 0.897601 0.874563
v 0.344227 0.897592 0.874532
v 0.343017 0.897584 0.874564
v 0.342002 0.897465 0.874591
v 0.340799 0.897429 0.874623
v 0.344282 0.897572 0.874530
v 0.342928 0.897562 0.874566
v 0.342895 0.897549 0.874567
v 0.342771 0.897515 0.874571
v 0.344412 0.897524 0.874527
v 0.342779 0.897515 0.874570
v 0.344550 0.897462 0.874523
v 0.341977 0.897397 0.874592
v 0.340801 0.897463 0.874623
v 0.340722 0.897231 0.874625
v 0.342424 0.897371 0.874580
v 0.344660 0.897398 0.874520
v 0.342480 0.897396 0.874578
v 0.344783 0.897319 0.874517
v 0.341936 0.897261 0.874593
v 0.340742 0.897290 0.874625
v 0.344842 0.897278 0.874516
v 0.342263 0.897285 0.874584
v 0.341921 0.897195 0.874593
v 0.344894 0.897234 0.874514
v 0.342181 0.897242 0.874586
v 0.344956 0.897186 0.874513
v 0.342113 0.897200 0.874588
v 0.341883 0.897054 0.874594
v 0.345007 0.897137 0.874511
v 0.342032 0.897153 0.874590
v 0.342007 0.897057 0.874747
v 0.345066 0.897085 0.874510
v 0.345066 0.897085 0.874510
v 0.343153 0.897126 0.874560
v 0.343372 0.897100 0.874552
v 0.341883 0.897054 0.874594
v 0.340672 0.897030 0.874627
v 0.342856 0.897108 0.874568
v 0.341883 0.897054 0.874594
v 0.342786 0.897093 0.874570
v 0.342728 0.897079 0.874572
v 0.341883 0.897054 0.874594
v 0.345112 0.897033 0.874508
v 0.343447 0.897080 0.874553
v 0.345173 0.896974 0.874507
v 0.343509 0.897060 0.874551
v 0.342684 0.897066 0.874573
v 0.342640 0.897052 0.874574
v 0.341883 0.897054 0.874594
v 0.342604 0.897039 0.874575
v 0.340641 0.896938 0.874627
v 0.345173 0.896974 0.874507
v 0.343695 0.896981 0.874546
v 0.342551 0.897020 0.874577
v 0.340641 0.896938 0.874627
v 0.342502 0.897000 0.874578
v 0.342450 0.896977 0.874579
v 0.340641 0.896938 0.874627
v 0.345216 0.896918 0.874506
v 0.343769 0.896935 0.874544
v 0.342394 0.896951 0.874581
v 0.342334 0.896922 0.874582
v 0.340641 0.896938 0.874627
v 0.342249 0.896876 0.874584
v 0.340981 0.896388 0.874621
v 0.345274 0.896855 0.874504
v 0.343823 0.896897 0.874543
v 0.345274 0.896855 0.874504
v 0.343931 0.896810 0.874541
v 0.345313 0.896797 0.874503
v 0.343958 0.896784 0.874539
v 0.342134 0.896814 0.874588
v 0.340600 0.896759 0.874628
v 0.344029 0.896714 0.874536
v 0.340554 0.896519 0.874629
v 0.345401 0.896670 0.874501
v 0.344046 0.896692 0.874537
v 0.344117 0.896614 0.874535
v 0.341765 0.896532 0.874597
v 0.340565 0.896580 0.874629
v 0.345481 0.896538 0.874499
v 0.344129 0.896590 0.874534
v 0.345525 0.896466 0.874497
v 0.341752 0.896376 0.874598
v 0.344279 0.896353 0.874530
v 0.345551 0.896399 0.874497
v 0.344279 0.896353 0.874530
v 0.341744 0.896331 0.874598
v 0.340533 0.896309 0.874630
v 0.344336 0.896253 0.874529
v 0.341231 0.896122 0.874609
v 0.345613 0.896255 0.874495
v 0.344347 0.896221 0.874529
v 0.345677 0.896101 0.874493
v 0.344478 0.895901 0.874526
v 0.341707 0.896018 0.874599
v 0.340499 0.896031 0.874631
v 0.341704 0.895959 0.874599
v 0.340502 0.895939 0.874631
v 0.345710 0.895951 0.874492
v 0.344464 0.895947 0.874526
v 0.341693 0.895845 0.874600
v 0.340484 0.895719 0.874632
v 0.345759 0.895761 0.874492
v 0.345766 0.895707 0.874491
v 0.344541 0.895727 0.874524
v 0.341680 0.895679 0.874600
v 0.340487 0.895657 0.874632
v 0.345805 0.895365 0.874490
v 0.344640 0.895305 0.874521
v 0.340494 0.895369 0.874632
v 0.341674 0.895575 0.874600
v 0.340495 0.895367 0.874631
v 0.341671 0.895525 0.874600
v 0.345797 0.895277 0.874490
v 0.344628 0.895350 0.874521
v 0.345807 0.895011 0.874490
v 0.341673 0.894976 0.874601
v 0.341672 0.895046 0.874600
v 0.340556 0.894949 0.874630
v 0.340560 0.894814 0.874630
v 0.345788 0.894839 0.874490
v 0.344700 0.894776 0.874519
v 0.341695 0.894787 0.874599
v 0.340560 0.894814 0.874630
v 0.345770 0.894751 0.874491
v 0.344698 0.894690 0.874519
v 0.340619 0.894614 0.874627
v 0.341710 0.894679 0.874599
v 0.340618 0.894551 0.874628
v 0.345735 0.894503 0.874492
v 0.344701 0.894525 0.874519
v 0.341728 0.894572 0.874598
v 0.340618 0.894551 0.874628
v 0.341756 0.894461 0.874598
v 0.340691 0.894297 0.874626
v 0.341774 0.894352 0.874597
v 0.340691 0.894297 0.874626
v 0.345695 0.894338 0.874493
v 0.344699 0.894288 0.874519
v 0.345662 0.894252 0.874494
v 0.344689 0.894212 0.874520
v 0.340778 0.894111 0.874624
v 0.341801 0.894239 0.874597
v 0.340782 0.894052 0.874624
v 0.345646 0.894176 0.874494
v 0.344687 0.894143 0.874520
v 0.341863 0.894014 0.874595
v 0.345608 0.894091 0.874495
v 0.344675 0.894070 0.874520
v 0.345529 0.893868 0.874497
v 0.344648 0.893878 0.874520
v 0.341469 0.893725 0.874604
v 0.341941 0.893786 0.874593
v 0.340888 0.893817 0.874621
v 0.341052 0.893520 0.874616
v 0.345391 0.893625 0.874501
v 0.344595 0.893680 0.874522
v 0.345362 0.893555 0.874502
v 0.344581 0.893622 0.874523
v 0.342029 0.893573 0.874591
v 0.341011 0.893590 0.874618
v 0.342107 0.893422 0.874588
v 0.345139 0.893228 0.874510
v 0.344480 0.893390 0.874527
v 0.342160 0.893326 0.874587
v 0.341257 0.893255 0.874611
v 0.342184 0.893283 0.874586
v 0.341306 0.893165 0.874610
v 0.345035 0.893092 0.874510
v 0.344382 0.893199 0.874528
v 0.342241 0.893196 0.874585
v 0.341306 0.893165 0.874610
v 0.342275 0.893150 0.874584
v 0.341424 0.893051 0.874607
v 0.342497 0.892845 0.874578
v 0.341605 0.892814 0.874602
v 0.344280 0.893066 0.874530
v 0.344836 0.892895 0.874515
v 0.344896 0.892938 0.874514
v 0.344175 0.892947 0.874533
v 0.344751 0.892799 0.874518
v 0.344751 0.892799 0.874518
v 0.344101 0.892876 0.874535
v 0.344005 0.892799 0.874539
v 0.344646 0.892725 0.874521
v 0.343980 0.892779 0.874538
v 0.344598 0.892674 0.874522
v 0.343727 0.892625 0.874545
v 0.344492 0.892609 0.874525
v 0.343741 0.892641 0.874545
v 0.343521 0.892568 0.874551
v 0.342987 0.892595 0.874565
v 0.341874 0.892602 0.874595
v 0.343024 0.892585 0.874564
v 0.341938 0.892560 0.874593
v 0.343055 0.892578 0.874563
v 0.341983 0.892526 0.874592
v 0.343142 0.892563 0.874560
v 0.341983 0.892526 0.874592
v 0.344333 0.892509 0.874529
v 0.343400 0.892556 0.874554
v 0.344273 0.892469 0.874531
v 0.343362 0.892554 0.874555
v 0.343270 0.892554 0.874557
v 0.341983 0.892526 0.874592
v 0.343455 0.892531 0.874552
v 0.341983 0.892526 0.874592
v 0.342069 0.892475 0.874589
v 0.344175 0.892425 0.874533
v 0.342096 0.892459 0.874589
v 0.344100 0.892388 0.874535
v 0.342388 0.892323 0.874581
v 0.343995 0.892352 0.874538
v 0.342333 0.892348 0.874582
v 0.343836 0.892298 0.874543
v 0.343609 0.892249 0.874548
v 0.342585 0.892268 0.874576
v 0.343539 0.892234 0.874550
v 0.342665 0.892252 0.874574
v 0.343018 0.892211 0.874564
v 0.343338 0.892212 0.874556
v 0.343338 0.892212 0.874556
v 0.342952 0.892213 0.874566
v 0.343108 0.892206 0.874562
v 0.346467 0.895405 0.874815
v 0.345724 0.896933 0.874492
v 0.343450 0.891731 0.874553
v 0.340320 0.893681 0.874849
v 0.343039 0.899899 0.874906
v 0.343062 0.899834 0.874563
v 0.341998 0.892912 0.874591
v 0.343266 0.892278 0.874900
v 0.345072 0.894428 0.874703
v 0.343543 0.897379 0.874550
v 0.341599 0.896825 0.874944
v 0.339819 0.881133 0.869354
v 0.350377 0.877430 0.874018
v 0.340208 0.880719 0.874218
v 0.352025 0.875811 0.869029
v 0.350861 0.870212 0.873980
v 0.345885 0.865955 0.869193
v 0.340149 0.866385 0.874220
v 0.333680 0.871277 0.869518
v 0.334227 0.873569 0.874442
v 0.341292 0.880422 0.874349
v 0.347143 0.879760 0.874184
v 0.351257 0.875535 0.874048
v 0.350289 0.869688 0.873962
v 0.344680 0.866666 0.874259
v 0.338827 0.867326 0.874412
v 0.334716 0.871554 0.874481
v 0.335669 0.877405 0.874369
v 0.341956 0.880936 0.869296
v 0.348616 0.879239 0.869119
v 0.351942 0.873544 0.869031
v 0.348616 0.867849 0.869119
v 0.341956 0.866152 0.869297
v 0.334638 0.870045 0.869492
v 0.335221 0.877642 0.869476
v 0.343141 0.877462 0.874903
v 0.343415 0.877440 0.874896
v 0.342822 0.877448 0.874912
v 0.343415 0.877440 0.874896
v 0.343485 0.877423 0.874894
v 0.342613 0.877419 0.874917
v 0.343578 0.877410 0.874892
v 0.342492 0.877398 0.874921
v 0.343640 0.877392 0.874890
v 0.342420 0.877376 0.874923
v 0.343736 0.877368 0.874887
v 0.343769 0.877353 0.874887
v 0.343901 0.877314 0.874883
v 0.342237 0.877317 0.874927
v 0.343890 0.877315 0.874883
v 0.342040 0.877238 0.874933
v 0.344219 0.877151 0.874875
v 0.341894 0.877157 0.874937
v 0.344186 0.877172 0.874875
v 0.344328 0.877083 0.874872
v 0.341743 0.877059 0.874941
v 0.342850 0.877056 0.874911
v 0.342890 0.877058 0.874910
v 0.341802 0.877106 0.874939
v 0.342798 0.877071 0.874913
v 0.344328 0.877083 0.874872
v 0.343370 0.876992 0.874896
v 0.344465 0.876981 0.874868
v 0.341646 0.876997 0.874943
v 0.342800 0.877051 0.874913
v 0.342600 0.877013 0.874921
v 0.342482 0.876963 0.874921
v 0.341593 0.876945 0.874945
v 0.342505 0.876974 0.874920
v 0.343394 0.876967 0.874897
v 0.344517 0.876932 0.874867
v 0.341496 0.876873 0.874947
v 0.344701 0.876779 0.874861
v 0.341496 0.876873 0.874947
v 0.342377 0.876911 0.874924
v 0.342286 0.876856 0.874927
v 0.341448 0.876816 0.874948
v 0.342265 0.876839 0.874927
v 0.342128 0.876747 0.874925
v 0.343703 0.876772 0.874888
v 0.344728 0.876743 0.874861
v 0.343767 0.876715 0.874887
v 0.344728 0.876743 0.874861
v 0.343843 0.876632 0.874885
v 0.341308 0.876672 0.874952
v 0.342115 0.876715 0.874931
v 0.341216 0.876582 0.874955
v 0.342073 0.876675 0.874932
v 0.341216 0.876582 0.874955
v 0.341991 0.876588 0.874934
v 0.345040 0.876366 0.874851
v 0.341175 0.876513 0.874956
v 0.341973 0.876563 0.874934
v 0.341476 0.876318 0.874946
v 0.343947 0.876515 0.874882
v 0.344998 0.876426 0.874854
v 0.344003 0.876439 0.874880
v 0.344998 0.876426 0.874854
v 0.344047 0.876364 0.874878
v 0.344107 0.876274 0.874878
v 0.345130 0.876239 0.874850
v 0.344128 0.876233 0.874877
v 0.345170 0.876155 0.874849
v 0.344155 0.876185 0.874876
v 0.345255 0.876044 0.874847
v 0.340892 0.876120 0.874963
v 0.341715 0.876119 0.874941
v 0.344201 0.876091 0.874875
v 0.345250 0.876045 0.874847
v 0.340863 0.876051 0.874964
v 0.341699 0.876065 0.874942
v 0.341673 0.876022 0.874942
v 0.341655 0.875944 0.874943
v 0.344245 0.875994 0.874874
v 0.345250 0.876045 0.874847
v 0.344295 0.875845 0.874873
v 0.340783 0.875897 0.874966
v 0.341661 0.875945 0.874943
v 0.340876 0.875669 0.874964
v 0.345498 0.875501 0.874839
v 0.344361 0.875671 0.874871
v 0.345451 0.875635 0.874842
v 0.344400 0.875508 0.874869
v 0.340611 0.875490 0.874971
v 0.341570 0.875471 0.874945
v 0.340595 0.875411 0.874971
v 0.341569 0.875399 0.874945
v 0.341550 0.875347 0.874946
v 0.341559 0.875245 0.874945
v 0.344455 0.875327 0.874868
v 0.345602 0.875199 0.874838
v 0.340550 0.875243 0.874972
v 0.341560 0.875245 0.874945
v 0.344480 0.875216 0.874868
v 0.345602 0.875199 0.874838
v 0.340498 0.875067 0.874973
v 0.344489 0.875161 0.874867
v 0.345617 0.875092 0.874837
v 0.344503 0.875104 0.874867
v 0.345663 0.874970 0.874836
v 0.341561 0.874871 0.874945
v 0.344522 0.874995 0.874866
v 0.345659 0.874970 0.874836
v 0.340488 0.874897 0.874974
v 0.341561 0.874871 0.874945
v 0.344557 0.874731 0.874867
v 0.341543 0.874736 0.874946
v 0.340470 0.874718 0.874974
v 0.341573 0.874664 0.874945
v 0.345744 0.874368 0.874834
v 0.340457 0.874628 0.874975
v 0.341573 0.874568 0.874945
v 0.340819 0.874557 0.874965
v 0.344579 0.874467 0.874865
v 0.345734 0.874492 0.874834
v 0.344576 0.874366 0.874866
v 0.341626 0.874216 0.874943
v 0.340462 0.874351 0.874975
v 0.341619 0.874275 0.874944
v 0.344581 0.874274 0.874865
v 0.345753 0.874242 0.874834
v 0.340457 0.874259 0.874975
v 0.340470 0.874167 0.874974
v 0.341653 0.874093 0.874943
v 0.344575 0.874189 0.874864
v 0.345759 0.873986 0.874834
v 0.344577 0.874099 0.874865
v 0.345759 0.873986 0.874834
v 0.340470 0.874079 0.874974
v 0.341667 0.874009 0.874943
v 0.340487 0.873990 0.874974
v 0.341695 0.873918 0.874942
v 0.344569 0.873989 0.874866
v 0.344568 0.873957 0.874865
v 0.345746 0.873872 0.874834
v 0.344561 0.873856 0.874866
v 0.345755 0.873754 0.874834
v 0.341532 0.873814 0.874946
v 0.340616 0.873376 0.874970
v 0.344559 0.873803 0.874866
v 0.345755 0.873754 0.874834
v 0.345737 0.873582 0.874834
v 0.344549 0.873695 0.874866
v 0.345740 0.873524 0.874834
v 0.344539 0.873583 0.874866
v 0.345740 0.873524 0.874834
v 0.344527 0.873468 0.874866
v 0.345740 0.873524 0.874834
v 0.344492 0.873136 0.874869
v 0.345648 0.872850 0.874837
v 0.340611 0.873422 0.874971
v 0.341897 0.873374 0.874936
v 0.341982 0.873230 0.874934
v 0.340707 0.873198 0.874968
v 0.342021 0.873163 0.874933
v 0.340734 0.873131 0.874967
v 0.342058 0.873104 0.874932
v 0.341109 0.873114 0.874957
v 0.342200 0.872925 0.874929
v 0.340857 0.872926 0.874964
v 0.342178 0.872951 0.874929
v 0.344394 0.872964 0.874870
v 0.345640 0.872850 0.874837
v 0.340892 0.872864 0.874963
v 0.344320 0.872910 0.874871
v 0.340892 0.872864 0.874963
v 0.342282 0.872840 0.874926
v 0.344233 0.872854 0.874874
v 0.345640 0.872850 0.874837
v 0.340967 0.872779 0.874961
v 0.345200 0.873110 0.874848
v 0.340984 0.872741 0.874961
v 0.342357 0.872773 0.874924
v 0.341043 0.872678 0.874959
v 0.342399 0.872739 0.874923
v 0.342007 0.872765 0.874933
v 0.343749 0.872628 0.874887
v 0.345587 0.872630 0.874838
v 0.344232 0.872582 0.874874
v 0.345587 0.872630 0.874838
v 0.344369 0.872564 0.874871
v 0.345436 0.872133 0.874842
v 0.341193 0.872514 0.874955
v 0.343668 0.872601 0.874889
v 0.341193 0.872514 0.874955
v 0.342683 0.872579 0.874915
v 0.343564 0.872572 0.874892
v 0.344369 0.872564 0.874871
v 0.343452 0.872545 0.874896
v 0.344208 0.872464 0.874875
v 0.344324 0.872384 0.874872
v 0.342814 0.872535 0.874913
v 0.343390 0.872531 0.874897
v 0.344208 0.872464 0.874875
v 0.343334 0.872522 0.874898
v 0.344208 0.872464 0.874875
v 0.343280 0.872514 0.874900
v 0.341255 0.872461 0.874954
v 0.343006 0.872506 0.874907
v 0.343228 0.872508 0.874901
v 0.344208 0.872464 0.874875
v 0.343178 0.872505 0.874902
v 0.344208 0.872464 0.874875
v 0.341304 0.872414 0.874952
v 0.343051 0.872504 0.874906
v 0.343129 0.872503 0.874904
v 0.341304 0.872414 0.874952
v 0.343305 0.872488 0.874899
v 0.342170 0.872047 0.874929
v 0.344306 0.872298 0.874872
v 0.345453 0.872199 0.874842
v 0.341418 0.872323 0.874949
v 0.343964 0.872329 0.874881
v 0.341482 0.872281 0.874948
v 0.343893 0.872290 0.874883
v 0.341640 0.872179 0.874943
v 0.343610 0.872157 0.874891
v 0.344254 0.872125 0.874874
v 0.345453 0.872199 0.874842
v 0.344184 0.871945 0.874876
v 0.341855 0.872080 0.874938
v 0.343441 0.872094 0.874895
v 0.341967 0.872037 0.874935
v 0.343163 0.872008 0.874903
v 0.342124 0.871995 0.874930
v 0.343152 0.872007 0.874903
v 0.343036 0.871984 0.874906
v 0.344155 0.871860 0.874876
v 0.345312 0.871875 0.874846
v 0.342267 0.871966 0.874927
v 0.343012 0.871976 0.874907
v 0.342317 0.871956 0.874925
v 0.342920 0.871963 0.874909
v 0.342419 0.871947 0.874923
v 0.342874 0.871955 0.874910
v 0.342460 0.871942 0.874921
v 0.342769 0.871946 0.874913
v 0.342620 0.871938 0.874917
v 0.342460 0.871942 0.874921
v 0.344131 0.871780 0.874877
v 0.345281 0.871779 0.874846
v 0.343785 0.871067 0.874887
v 0.345291 0.871778 0.874846
v 0.344400 0.870381 0.874870
v 0.343425 0.870504 0.874896
v 0.344402 0.870429 0.874870
v 0.343300 0.870352 0.874899
v 0.343206 0.870225 0.874902
v 0.344246 0.870258 0.874874
v 0.343139 0.870152 0.874903
v 0.344139 0.870162 0.874877
v 0.343397 0.870036 0.874896
v 0.342885 0.869875 0.874910
v 0.342917 0.869910 0.874909
v 0.343792 0.869844 0.874886
v 0.343733 0.869780 0.874888
v 0.342762 0.869756 0.874913
v 0.343733 0.869780 0.874888
v 0.342693 0.869698 0.874915
v 0.343608 0.869692 0.874891
v 0.342649 0.869657 0.874916
v 0.343547 0.869633 0.874892
v 0.342580 0.869604 0.874918
v 0.343414 0.869548 0.874896
v 0.342653 0.869525 0.874916
v 0.343100 0.869325 0.874904
v 0.342308 0.869406 0.874926
v 0.343152 0.869354 0.874903
v 0.342191 0.869337 0.874929
v 0.343152 0.869354 0.874903
v 0.342938 0.869220 0.874910
v 0.342075 0.869276 0.874932
v 0.342985 0.869249 0.874907
v 0.341830 0.869154 0.874939
v 0.341767 0.869142 0.874940
v 0.342703 0.869102 0.874915
v 0.342641 0.869066 0.874917
v 0.342265 0.868907 0.874926
v 0.340889 0.868935 0.874965
v 0.340628 0.868812 0.874970
v 0.342288 0.868920 0.874926
v 0.340620 0.868696 0.874970
v 0.340620 0.868696 0.874970
v 0.341998 0.868831 0.874934
v 0.340620 0.868696 0.874970
v 0.341811 0.868786 0.874939
v 0.340620 0.868696 0.874970
v 0.341620 0.868750 0.874944
v 0.340620 0.868696 0.874970
v 0.341425 0.868723 0.874949
v 0.341154 0.868701 0.874956
v 0.343089 0.877462 0.874562
v 0.342867 0.877456 0.874568
v 0.343279 0.877452 0.874557
v 0.342867 0.877456 0.874568
v 0.343406 0.877440 0.874554
v 0.342813 0.877448 0.874570
v 0.343463 0.877428 0.874552
v 0.342672 0.877434 0.874573
v 0.343568 0.877410 0.874549
v 0.342604 0.877419 0.874575
v 0.343631 0.877392 0.874548
v 0.342483 0.877398 0.874578
v 0.342449 0.877384 0.874579
v 0.342284 0.877345 0.874584
v 0.343792 0.877344 0.874544
v 0.342301 0.877347 0.874583
v 0.343191 0.877448 0.874564
v 0.344096 0.877213 0.874536
v 0.341956 0.877201 0.874592
v 0.344177 0.877172 0.874533
v 0.341884 0.877157 0.874594
v 0.344246 0.877128 0.874520
v 0.341784 0.877094 0.874587
v 0.342706 0.877038 0.874572
v 0.341472 0.876871 0.874606
v 0.342881 0.877058 0.874568
v 0.341793 0.877106 0.874597
v 0.344375 0.877037 0.874528
v 0.343011 0.877057 0.874564
v 0.344456 0.876981 0.874526
v 0.343053 0.877053 0.874563
v 0.344456 0.876981 0.874526
v 0.343130 0.877043 0.874561
v 0.344456 0.876981 0.874526
v 0.343206 0.877027 0.874559
v 0.343310 0.876998 0.874554
v 0.342531 0.876988 0.874577
v 0.341637 0.876997 0.874601
v 0.342394 0.876924 0.874581
v 0.343406 0.876956 0.874555
v 0.344508 0.876932 0.874524
v 0.343385 0.876967 0.874554
v 0.344589 0.876868 0.874522
v 0.344589 0.876868 0.874522
v 0.343493 0.876912 0.874551
v 0.343562 0.876871 0.874550
v 0.344639 0.876814 0.874521
v 0.343592 0.876850 0.874549
v 0.344719 0.876743 0.874519
v 0.343628 0.876824 0.874548
v 0.342212 0.876807 0.874586
v 0.341344 0.876735 0.874609
v 0.344719 0.876743 0.874519
v 0.343694 0.876772 0.874546
v 0.342137 0.876744 0.874588
v 0.341344 0.876735 0.874609
v 0.344719 0.876743 0.874519
v 0.343765 0.876707 0.874544
v 0.344765 0.876684 0.874518
v 0.343786 0.876687 0.874544
v 0.341880 0.876465 0.874594
v 0.344153 0.876573 0.874535
v 0.344989 0.876426 0.874512
v 0.340779 0.875964 0.874624
v 0.344989 0.876426 0.874512
v 0.343938 0.876515 0.874540
v 0.343999 0.876429 0.874539
v 0.345034 0.876346 0.874510
v 0.344017 0.876403 0.874537
v 0.344059 0.876345 0.874537
v 0.345121 0.876239 0.874508
v 0.344097 0.876274 0.874535
v 0.345161 0.876155 0.874507
v 0.344119 0.876233 0.874535
v 0.345240 0.876045 0.874505
v 0.344146 0.876185 0.874534
v 0.341706 0.876119 0.874599
v 0.340883 0.876120 0.874621
v 0.345240 0.876045 0.874505
v 0.344192 0.876091 0.874533
v 0.341654 0.875944 0.874601
v 0.344297 0.875835 0.874530
v 0.345347 0.875843 0.874502
v 0.345378 0.875751 0.874501
v 0.344293 0.875840 0.874530
v 0.341602 0.875751 0.874602
v 0.340725 0.875812 0.874625
v 0.340967 0.875609 0.874619
v 0.344366 0.875616 0.874528
v 0.345468 0.875538 0.874499
v 0.344366 0.875616 0.874528
v 0.344421 0.875455 0.874526
v 0.341561 0.875471 0.874603
v 0.340601 0.875490 0.874628
v 0.341562 0.875323 0.874603
v 0.345544 0.875318 0.874497
v 0.344429 0.875386 0.874527
v 0.345593 0.875199 0.874496
v 0.344445 0.875327 0.874526
v 0.340506 0.875100 0.874631
v 0.344472 0.875234 0.874525
v 0.344480 0.875161 0.874525
v 0.341543 0.875165 0.874603
v 0.340514 0.875156 0.874631
v 0.345608 0.875092 0.874495
v 0.344480 0.875161 0.874525
v 0.344501 0.875085 0.874525
v 0.341548 0.875085 0.874603
v 0.341539 0.874979 0.874604
v 0.340483 0.874983 0.874632
v 0.345649 0.874970 0.874494
v 0.344513 0.874995 0.874524
v 0.341552 0.874871 0.874603
v 0.340479 0.874897 0.874632
v 0.345658 0.874859 0.874494
v 0.344520 0.874942 0.874524
v 0.344540 0.874865 0.874523
v 0.341548 0.874770 0.874603
v 0.340461 0.874807 0.874632
v 0.344548 0.874728 0.874523
v 0.340475 0.874747 0.874632
v 0.340448 0.874628 0.874633
v 0.345696 0.874620 0.874493
v 0.344548 0.874728 0.874523
v 0.344561 0.874656 0.874523
v 0.341564 0.874568 0.874603
v 0.340448 0.874628 0.874633
v 0.340450 0.874491 0.874633
v 0.345725 0.874492 0.874492
v 0.344564 0.874570 0.874523
v 0.345725 0.874492 0.874492
v 0.344570 0.874467 0.874523
v 0.345721 0.874371 0.874492
v 0.344569 0.874416 0.874523
v 0.341588 0.874374 0.874602
v 0.340443 0.874446 0.874633
v 0.341609 0.874275 0.874602
v 0.340448 0.874259 0.874633
v 0.345744 0.874242 0.874492
v 0.344572 0.874365 0.874523
v 0.345744 0.874242 0.874492
v 0.344572 0.874274 0.874523
v 0.341619 0.874188 0.874601
v 0.340448 0.874259 0.874633
v 0.340474 0.874137 0.874632
v 0.345733 0.874119 0.874492
v 0.344570 0.874232 0.874523
v 0.345750 0.873986 0.874491
v 0.344570 0.874188 0.874523
v 0.345750 0.873986 0.874491
v 0.344568 0.874099 0.874523
v 0.341658 0.874009 0.874600
v 0.340461 0.874079 0.874632
v 0.341686 0.873918 0.874600
v 0.340478 0.873990 0.874632
v 0.344567 0.874021 0.874523
v 0.344559 0.873957 0.874523
v 0.345737 0.873872 0.874492
v 0.344558 0.873957 0.874523
v 0.344572 0.873818 0.874524
v 0.341704 0.873839 0.874599
v 0.340483 0.873906 0.874632
v 0.341736 0.873751 0.874598
v 0.340505 0.873792 0.874631
v 0.345727 0.873640 0.874492
v 0.344543 0.873750 0.874524
v 0.341758 0.873676 0.874598
v 0.340514 0.873738 0.874631
v 0.345731 0.873524 0.874492
v 0.344540 0.873695 0.874524
v 0.341794 0.873592 0.874597
v 0.340569 0.873536 0.874629
v 0.345731 0.873524 0.874492
v 0.344530 0.873583 0.874524
v 0.341819 0.873521 0.874596
v 0.340553 0.873577 0.874630
v 0.340601 0.873422 0.874628
v 0.345731 0.873524 0.874492
v 0.344518 0.873468 0.874524
v 0.345714 0.873408 0.874491
v 0.344498 0.873344 0.874524
v 0.341888 0.873374 0.874594
v 0.340601 0.873422 0.874628
v 0.340653 0.873319 0.874627
v 0.341965 0.873235 0.874592
v 0.340659 0.873273 0.874627
v 0.345680 0.873184 0.874493
v 0.344493 0.873284 0.874525
v 0.345674 0.873072 0.874493
v 0.344489 0.873220 0.874525
v 0.342012 0.873163 0.874591
v 0.340698 0.873198 0.874626
v 0.342049 0.873104 0.874590
v 0.340725 0.873131 0.874625
v 0.345674 0.873072 0.874493
v 0.344472 0.873091 0.874525
v 0.342100 0.873036 0.874589
v 0.340777 0.873037 0.874624
v 0.345641 0.872958 0.874494
v 0.344459 0.873024 0.874526
v 0.342131 0.872996 0.874588
v 0.340799 0.872994 0.874623
v 0.345631 0.872850 0.874495
v 0.344436 0.873004 0.874526
v 0.342207 0.872911 0.874586
v 0.340883 0.872864 0.874621
v 0.345631 0.872850 0.874495
v 0.344385 0.872964 0.874528
v 0.345631 0.872850 0.874495
v 0.344333 0.872926 0.874529
v 0.345631 0.872850 0.874495
v 0.344257 0.872874 0.874532
v 0.342273 0.872840 0.874584
v 0.340883 0.872864 0.874621
v 0.340958 0.872769 0.874618
v 0.345595 0.872738 0.874496
v 0.344195 0.872836 0.874533
v 0.345578 0.872630 0.874496
v 0.344168 0.872820 0.874533
v 0.345578 0.872630 0.874496
v 0.344111 0.872788 0.874535
v 0.342348 0.872773 0.874582
v 0.340975 0.872741 0.874619
v 0.345578 0.872630 0.874496
v 0.344052 0.872758 0.874537
v 0.343992 0.872729 0.874538
v 0.342465 0.872687 0.874580
v 0.341109 0.872593 0.874615
v 0.345578 0.872630 0.874496
v 0.343931 0.872701 0.874540
v 0.345578 0.872630 0.874496
v 0.343868 0.872675 0.874542
v 0.343804 0.872651 0.874543
v 0.345578 0.872630 0.874496
v 0.343740 0.872628 0.874545
v 0.342589 0.872616 0.874576
v 0.341076 0.872623 0.874616
v 0.344223 0.872582 0.874532
v 0.345578 0.872630 0.874496
v 0.345535 0.872517 0.874497
v 0.344360 0.872564 0.874528
v 0.341184 0.872514 0.874613
v 0.344360 0.872564 0.874528
v 0.343679 0.872608 0.874547
v 0.344360 0.872564 0.874528
v 0.343616 0.872589 0.874548
v 0.342674 0.872579 0.874573
v 0.341184 0.872514 0.874613
v 0.344360 0.872564 0.874528
v 0.343555 0.872572 0.874550
v 0.344252 0.872505 0.874531
v 0.343521 0.872563 0.874551
v 0.345516 0.872413 0.874498
v 0.344345 0.872477 0.874529
v 0.344199 0.872464 0.874533
v 0.343495 0.872556 0.874551
v 0.342805 0.872535 0.874571
v 0.344199 0.872464 0.874533
v 0.343437 0.872543 0.874553
v 0.344199 0.872464 0.874533
v 0.343380 0.872531 0.874555
v 0.344199 0.872464 0.874533
v 0.343325 0.872522 0.874556
v 0.344199 0.872464 0.874533
v 0.343271 0.872514 0.874557
v 0.342997 0.872506 0.874565
v 0.341246 0.872461 0.874611
v 0.344199 0.872464 0.874533
v 0.343219 0.872508 0.874559
v 0.344199 0.872464 0.874533
v 0.343169 0.872505 0.874560
v 0.343042 0.872504 0.874564
v 0.341294 0.872414 0.874610
v 0.344199 0.872464 0.874533
v 0.343120 0.872503 0.874561
v 0.343296 0.872488 0.874557
v 0.341294 0.872414 0.874610
v 0.344112 0.872416 0.874535
v 0.341294 0.872414 0.874610
v 0.341378 0.872352 0.874608
v 0.345467 0.872302 0.874499
v 0.344315 0.872384 0.874530
v 0.345444 0.872199 0.874499
v 0.344297 0.872298 0.874530
v 0.343954 0.872329 0.874539
v 0.341409 0.872323 0.874607
v 0.343884 0.872290 0.874541
v 0.341473 0.872281 0.874605
v 0.343799 0.872250 0.874543
v 0.341527 0.872242 0.874604
v 0.341577 0.872216 0.874603
v 0.341684 0.872151 0.874599
v 0.343646 0.872181 0.874547
v 0.341648 0.872171 0.874601
v 0.344789 0.871913 0.874518
v 0.343488 0.872114 0.874551
v 0.343432 0.872094 0.874553
v 0.341845 0.872080 0.874595
v 0.343154 0.872008 0.874560
v 0.341958 0.872037 0.874593
v 0.343143 0.872007 0.874561
v 0.342115 0.871995 0.874588
v 0.343027 0.871984 0.874564
v 0.343003 0.871976 0.874565
v 0.342257 0.871966 0.874584
v 0.342911 0.871963 0.874567
v 0.342308 0.871956 0.874583
v 0.342725 0.871942 0.874572
v 0.342344 0.871952 0.874582
v 0.343995 0.871483 0.874538
v 0.345100 0.871462 0.874509
v 0.344007 0.871523 0.874538
v 0.343929 0.871358 0.874540
v 0.344984 0.871261 0.874512
v 0.343929 0.871358 0.874540
v 0.344018 0.870770 0.874537
v 0.344445 0.870506 0.874526
v 0.343457 0.870571 0.874552
v 0.344393 0.870429 0.874527
v 0.343416 0.870504 0.874554
v 0.344291 0.870333 0.874530
v 0.343348 0.870424 0.874555
v 0.344237 0.870258 0.874532
v 0.343307 0.870360 0.874556
v 0.343225 0.870246 0.874559
v 0.343129 0.870152 0.874561
v 0.344130 0.870162 0.874534
v 0.343129 0.870152 0.874561
v 0.344074 0.870093 0.874536
v 0.343001 0.870000 0.874565
v 0.343960 0.870000 0.874539
v 0.343019 0.870027 0.874564
v 0.342876 0.869875 0.874568
v 0.343782 0.869844 0.874544
v 0.342908 0.869910 0.874567
v 0.343724 0.869780 0.874545
v 0.343724 0.869780 0.874545
v 0.342753 0.869756 0.874571
v 0.343599 0.869692 0.874549
v 0.342684 0.869698 0.874573
v 0.342667 0.869671 0.874573
v 0.342571 0.869604 0.874576
v 0.343405 0.869548 0.874554
v 0.342571 0.869604 0.874576
v 0.343344 0.869491 0.874555
v 0.342313 0.869414 0.874583
v 0.343207 0.869408 0.874559
v 0.342343 0.869438 0.874582
v 0.343143 0.869354 0.874561
v 0.343143 0.869354 0.874561
v 0.342182 0.869337 0.874586
v 0.342995 0.869277 0.874565
v 0.342975 0.869249 0.874565
v 0.342066 0.869276 0.874589
v 0.342865 0.869193 0.874568
v 0.341996 0.869243 0.874591
v 0.342805 0.869153 0.874570
v 0.341921 0.869204 0.874594
v 0.342694 0.869102 0.874573
v 0.341758 0.869142 0.874598
v 0.342632 0.869066 0.874574
v 0.341710 0.869122 0.874599
v 0.341612 0.869087 0.874602
v 0.341514 0.869060 0.874604
v 0.342521 0.869021 0.874577
v 0.341514 0.869060 0.874604
v 0.341369 0.869015 0.874610
v 0.342348 0.868949 0.874582
v 0.341136 0.868973 0.874614
v 0.342279 0.868920 0.874584
v 0.341082 0.868964 0.874616
v 0.342287 0.868919 0.874584
v 0.340924 0.868944 0.874618
v 0.342279 0.868920 0.874584
v 0.340685 0.868928 0.874626
v 0.340611 0.868696 0.874628
v 0.340611 0.868926 0.874628
v 0.341650 0.868749 0.874601
v 0.341416 0.868723 0.874607
v 0.340611 0.868696 0.874628
v 0.341145 0.868701 0.874614
v 0.342966 0.870134 0.874565
v 0.341324 0.871786 0.874952
v 0.342085 0.878004 0.874589
v 0.341873 0.877405 0.874937
v 0.346112 0.875080 0.874642
v 0.343656 0.869610 0.874890
v 0.344532 0.875695 0.874866
v 0.343457 0.877415 0.874552
v 0.341749 0.876933 0.874940
v 0.342232 0.872488 0.874585
v 0.343532 0.872346 0.874798
v 0.293585 0.881133 0.870585
v 0.304143 0.877430 0.875249
v 0.293974 0.880719 0.875449
v 0.305791 0.875811 0.870260
v 0.304628 0.870212 0.875211
v 0.299652 0.865955 0.870424
v 0.293915 0.866385 0.875451
v 0.287446 0.871277 0.870749
v 0.287994 0.873569 0.875673
v 0.295058 0.880422 0.875580
v 0.300909 0.879760 0.875415
v 0.305023 0.875535 0.875279
v 0.304056 0.869688 0.875193
v 0.298447 0.866666 0.875490
v 0.292594 0.867326 0.875643
v 0.288483 0.871554 0.875712
v 0.289436 0.877405 0.875600
v 0.295723 0.880936 0.870527
v 0.302382 0.879239 0.870350
v 0.305709 0.873544 0.870262
v 0.302382 0.867849 0.870351
v 0.295723 0.866152 0.870528
v 0.288404 0.870045 0.870723
v 0.288987 0.877642 0.870708
v 0.294505 0.875296 0.876199
v 0.295275 0.875948 0.876178
v 0.295378 0.876801 0.876175
v 0.295317 0.875980 0.876177
v 0.295312 0.877289 0.876177
v 0.295398 0.876036 0.876175
v 0.295312 0.877289 0.876177
v 0.297240 0.876817 0.876162
v 0.295878 0.876227 0.876161
v 0.295842 0.876220 0.876163
v 0.299821 0.877169 0.876057
v 0.299825 0.877054 0.876057
v 0.296056 0.876254 0.876157
v 0.299825 0.877054 0.876057
v 0.296150 0.876263 0.876155
v 0.299825 0.877054 0.876057
v 0.296250 0.876270 0.876152
v 0.299825 0.877054 0.876057
v 0.296357 0.876275 0.876149
v 0.296468 0.876277 0.876146
v 0.299825 0.877054 0.876057
v 0.298864 0.876425 0.876082
v 0.299258 0.876573 0.876072
v 0.297019 0.868696 0.876132
v 0.296684 0.868711 0.876141
v 0.294505 0.875296 0.876199
v 0.295154 0.875845 0.876181
v 0.294505 0.875296 0.876199
v 0.295081 0.875775 0.876183
v 0.294505 0.875296 0.876199
v 0.295011 0.875701 0.876185
v 0.294505 0.875296 0.876199
v 0.294942 0.875621 0.876187
v 0.294505 0.875296 0.876199
v 0.294876 0.875537 0.876189
v 0.294505 0.875296 0.876199
v 0.294812 0.875448 0.876190
v 0.294751 0.875356 0.876192
v 0.294505 0.875296 0.876199
v 0.294694 0.875269 0.876194
v 0.294845 0.875507 0.875841
v 0.295303 0.877289 0.875835
v 0.295308 0.875980 0.875835
v 0.295303 0.877289 0.875835
v 0.295389 0.876036 0.875833
v 0.295303 0.877289 0.875835
v 0.295477 0.876124 0.875830
v 0.299816 0.877289 0.875715
v 0.299816 0.877054 0.875715
v 0.296046 0.876254 0.875815
v 0.299816 0.877054 0.875715
v 0.296141 0.876263 0.875812
v 0.299816 0.877054 0.875715
v 0.296241 0.876270 0.875810
v 0.299816 0.877054 0.875715
v 0.296348 0.876275 0.875807
v 0.296459 0.876277 0.875804
v 0.299816 0.877054 0.875715
v 0.298855 0.876425 0.875740
v 0.297010 0.868696 0.875789
v 0.299249 0.876573 0.875730
v 0.296675 0.868711 0.875798
v 0.294685 0.875269 0.875851
v 0.294496 0.875296 0.875856
v 0.299843 0.877274 0.875885
v 0.296667 0.868696 0.875970
v 0.298832 0.876278 0.875912
v 0.295180 0.876046 0.876009
v 0.316702 0.881133 0.869970
v 0.327260 0.877430 0.874634
v 0.317091 0.880719 0.874834
v 0.328908 0.875811 0.869645
v 0.327745 0.870212 0.874596
v 0.322769 0.865955 0.869808
v 0.317032 0.866385 0.874835
v 0.310563 0.871277 0.870133
v 0.311111 0.873569 0.875057
v 0.318175 0.880422 0.874965
v 0.324026 0.879760 0.874799
v 0.328140 0.875535 0.874663
v 0.327173 0.869688 0.874577
v 0.321563 0.866666 0.874875
v 0.315711 0.867326 0.875028
v 0.311599 0.871554 0.875096
v 0.312552 0.877405 0.874985
v 0.318839 0.880936 0.869912
v 0.325499 0.879240 0.869735
v 0.328825 0.873544 0.869647
v 0.325499 0.867849 0.869735
v 0.318840 0.866152 0.869912
v 0.311521 0.870045 0.870108
v 0.312104 0.877642 0.870092
v 0.319778 0.877459 0.875525
v 0.319965 0.877462 0.875521
v 0.320007 0.877466 0.875519
v 0.320463 0.877423 0.875507
v 0.319553 0.877438 0.875531
v 0.320434 0.877429 0.875508
v 0.320600 0.877401 0.875504
v 0.319389 0.877414 0.875536
v 0.320584 0.877402 0.875504
v 0.318962 0.877305 0.875546
v 0.320868 0.877325 0.875496
v 0.319005 0.877315 0.875546
v 0.320928 0.877302 0.875495
v 0.321186 0.877192 0.875489
v 0.318678 0.877167 0.875555
v 0.321253 0.877153 0.875486
v 0.318588 0.877104 0.875535
v 0.321370 0.877080 0.875483
v 0.318490 0.877052 0.875560
v 0.318490 0.877052 0.875560
v 0.319802 0.877096 0.875525
v 0.320121 0.877096 0.875516
v 0.321370 0.877080 0.875483
v 0.318490 0.877052 0.875560
v 0.319703 0.877086 0.875528
v 0.320220 0.877086 0.875514
v 0.319536 0.877057 0.875534
v 0.320314 0.877070 0.875511
v 0.321370 0.877080 0.875483
v 0.320355 0.877062 0.875510
v 0.321416 0.877044 0.875482
v 0.320470 0.877032 0.875509
v 0.321482 0.876999 0.875480
v 0.318444 0.877013 0.875561
v 0.319476 0.877040 0.875534
v 0.318376 0.876965 0.875563
v 0.319426 0.877024 0.875535
v 0.318477 0.876840 0.875561
v 0.320575 0.876993 0.875504
v 0.321482 0.876999 0.875480
v 0.320642 0.876960 0.875503
v 0.321641 0.876864 0.875475
v 0.319066 0.876851 0.875544
v 0.320730 0.876915 0.875500
v 0.321588 0.876911 0.875477
v 0.320792 0.876873 0.875499
v 0.318229 0.876826 0.875567
v 0.319071 0.876849 0.875544
v 0.319015 0.876811 0.875546
v 0.320870 0.876818 0.875496
v 0.321688 0.876818 0.875475
v 0.321558 0.876712 0.875472
v 0.318166 0.876770 0.875568
v 0.318960 0.876764 0.875547
v 0.318132 0.876724 0.875569
v 0.318932 0.876737 0.875548
v 0.318870 0.876686 0.875550
v 0.320995 0.876700 0.875493
v 0.321778 0.876722 0.875472
v 0.321039 0.876641 0.875492
v 0.318810 0.876611 0.875551
v 0.318043 0.876619 0.875572
v 0.318810 0.876611 0.875551
v 0.321945 0.876501 0.875467
v 0.318766 0.876561 0.875552
v 0.321101 0.876565 0.875490
v 0.321933 0.876525 0.875468
v 0.317962 0.876510 0.875574
v 0.318758 0.876546 0.875553
v 0.318658 0.876434 0.875557
v 0.321147 0.876492 0.875489
v 0.321933 0.876525 0.875468
v 0.321998 0.876423 0.875466
v 0.321187 0.876415 0.875488
v 0.321998 0.876423 0.875466
v 0.317891 0.876398 0.875576
v 0.318670 0.876410 0.875555
v 0.322042 0.876347 0.875465
v 0.317782 0.876210 0.875578
v 0.321223 0.876334 0.875487
v 0.322054 0.876319 0.875465
v 0.321263 0.876206 0.875487
v 0.322144 0.876078 0.875463
v 0.318546 0.876040 0.875558
v 0.321299 0.876068 0.875485
v 0.322140 0.876105 0.875463
v 0.322170 0.875995 0.875462
v 0.317731 0.876043 0.875580
v 0.318546 0.876040 0.875558
v 0.318535 0.875987 0.875559
v 0.321314 0.875971 0.875485
v 0.322170 0.875995 0.875462
v 0.321317 0.875922 0.875484
v 0.322195 0.875844 0.875461
v 0.317695 0.875919 0.875581
v 0.318537 0.875961 0.875558
v 0.317674 0.875853 0.875582
v 0.318534 0.875920 0.875559
v 0.321324 0.875870 0.875484
v 0.322192 0.875882 0.875461
v 0.321325 0.875819 0.875484
v 0.317674 0.875853 0.875582
v 0.318534 0.875853 0.875559
v 0.317668 0.875791 0.875582
v 0.318536 0.875826 0.875559
v 0.317652 0.875725 0.875582
v 0.318537 0.875799 0.875559
v 0.321330 0.875766 0.875484
v 0.322205 0.875767 0.875461
v 0.317652 0.875725 0.875582
v 0.318541 0.875746 0.875558
v 0.321328 0.875712 0.875484
v 0.322203 0.875709 0.875461
v 0.317650 0.875661 0.875582
v 0.318545 0.875719 0.875558
v 0.317639 0.875593 0.875582
v 0.318548 0.875692 0.875558
v 0.321329 0.875672 0.875484
v 0.322209 0.875650 0.875461
v 0.318556 0.875630 0.875563
v 0.321326 0.875631 0.875484
v 0.322206 0.875611 0.875461
v 0.321674 0.875434 0.875475
v 0.318581 0.875539 0.875555
v 0.317642 0.875526 0.875582
v 0.318576 0.875557 0.875558
v 0.317635 0.875458 0.875583
v 0.317635 0.875458 0.875583
v 0.318598 0.875477 0.875557
v 0.317638 0.875414 0.875583
v 0.318608 0.875449 0.875557
v 0.317637 0.875369 0.875582
v 0.318616 0.875423 0.875556
v 0.317637 0.875369 0.875582
v 0.318637 0.875369 0.875556
v 0.317643 0.875281 0.875582
v 0.317644 0.875339 0.875582
v 0.317643 0.875281 0.875582
v 0.318660 0.875315 0.875555
v 0.322126 0.875174 0.875463
v 0.318687 0.875261 0.875555
v 0.317657 0.875164 0.875581
v 0.321271 0.875212 0.875486
v 0.322125 0.875174 0.875463
v 0.317653 0.875193 0.875582
v 0.318712 0.875208 0.875554
v 0.318743 0.875154 0.875552
v 0.321252 0.875140 0.875486
v 0.322125 0.875174 0.875463
v 0.322103 0.875113 0.875464
v 0.317667 0.875106 0.875582
v 0.318772 0.875102 0.875552
v 0.317677 0.875062 0.875581
v 0.318790 0.875075 0.875552
v 0.321230 0.875070 0.875487
v 0.322095 0.875093 0.875464
v 0.321200 0.874999 0.875488
v 0.317695 0.874976 0.875582
v 0.318823 0.875023 0.875552
v 0.322021 0.874932 0.875466
v 0.317707 0.874933 0.875581
v 0.318878 0.874946 0.875549
v 0.321177 0.874934 0.875488
v 0.322021 0.874932 0.875466
v 0.317722 0.874889 0.875580
v 0.318898 0.874919 0.875549
v 0.321984 0.874876 0.875467
v 0.317733 0.874848 0.875580
v 0.318917 0.874894 0.875548
v 0.321147 0.874868 0.875489
v 0.321976 0.874851 0.875467
v 0.317733 0.874848 0.875580
v 0.318958 0.874844 0.875547
v 0.321129 0.874834 0.875489
v 0.321948 0.874808 0.875468
v 0.317750 0.874804 0.875579
v 0.318980 0.874818 0.875547
v 0.321113 0.874802 0.875490
v 0.321927 0.874769 0.875468
v 0.318402 0.874958 0.875560
v 0.321069 0.874732 0.875490
v 0.321900 0.874728 0.875468
v 0.319134 0.874652 0.875544
v 0.321026 0.874662 0.875492
v 0.321874 0.874688 0.875470
v 0.320996 0.874622 0.875493
v 0.321838 0.874643 0.875471
v 0.317818 0.874635 0.875578
v 0.319118 0.874668 0.875543
v 0.317835 0.874594 0.875577
v 0.320971 0.874586 0.875494
v 0.321813 0.874605 0.875471
v 0.317835 0.874594 0.875577
v 0.319240 0.874447 0.875540
v 0.320936 0.874544 0.875495
v 0.321763 0.874546 0.875473
v 0.317877 0.874510 0.875576
v 0.320186 0.873775 0.875515
v 0.320908 0.874506 0.875495
v 0.321742 0.874519 0.875473
v 0.321091 0.874416 0.875488
v 0.317902 0.874467 0.875575
v 0.320186 0.873775 0.875515
v 0.320794 0.874375 0.875498
v 0.321605 0.874381 0.875477
v 0.317983 0.874334 0.875572
v 0.320761 0.874335 0.875499
v 0.321570 0.874341 0.875478
v 0.320711 0.874285 0.875501
v 0.321497 0.874277 0.875480
v 0.320677 0.874243 0.875502
v 0.321469 0.874249 0.875480
v 0.318079 0.874203 0.875571
v 0.320186 0.873775 0.875515
v 0.320784 0.874128 0.875503
v 0.318271 0.873980 0.875564
v 0.320524 0.874093 0.875506
v 0.321279 0.874097 0.875485
v 0.320485 0.874049 0.875507
v 0.321236 0.874056 0.875487
v 0.320419 0.873991 0.875508
v 0.321139 0.873986 0.875488
v 0.320379 0.873946 0.875510
v 0.321104 0.873957 0.875490
v 0.320982 0.873875 0.875494
v 0.320265 0.873840 0.875512
v 0.320963 0.873854 0.875494
v 0.320511 0.873576 0.875506
v 0.318453 0.873790 0.875561
v 0.320186 0.873775 0.875515
v 0.318502 0.873738 0.875559
v 0.320359 0.873766 0.875510
v 0.318750 0.873501 0.875552
v 0.318898 0.873375 0.875549
v 0.320724 0.873334 0.875500
v 0.320006 0.873381 0.875518
v 0.318878 0.872851 0.875550
v 0.319503 0.872875 0.875533
v 0.319331 0.872881 0.875537
v 0.321259 0.872892 0.875486
v 0.319165 0.872810 0.875542
v 0.321422 0.872743 0.875481
v 0.319635 0.872777 0.875529
v 0.321385 0.872779 0.875483
v 0.319720 0.872701 0.875527
v 0.319162 0.872549 0.875541
v 0.319845 0.872607 0.875524
v 0.321500 0.872670 0.875480
v 0.319925 0.872532 0.875522
v 0.321547 0.872622 0.875478
v 0.318501 0.872535 0.875560
v 0.319189 0.872576 0.875541
v 0.318428 0.872475 0.875561
v 0.320006 0.872457 0.875519
v 0.321790 0.872381 0.875472
v 0.318428 0.872475 0.875561
v 0.319080 0.872456 0.875544
v 0.318077 0.872116 0.875571
v 0.318969 0.872307 0.875546
v 0.320225 0.872282 0.875514
v 0.321859 0.872287 0.875470
v 0.321910 0.871706 0.875467
v 0.318139 0.872179 0.875569
v 0.318850 0.872135 0.875550
v 0.318784 0.872014 0.875551
v 0.317957 0.871947 0.875574
v 0.318739 0.871928 0.875553
v 0.317917 0.871897 0.875575
v 0.318716 0.871883 0.875554
v 0.320703 0.871837 0.875501
v 0.322130 0.871883 0.875463
v 0.317774 0.871670 0.875580
v 0.318612 0.871620 0.875557
v 0.320865 0.871657 0.875497
v 0.322322 0.871415 0.875458
v 0.321069 0.871442 0.875491
v 0.322313 0.871442 0.875458
v 0.322343 0.871329 0.875457
v 0.317656 0.871393 0.875582
v 0.318553 0.871395 0.875558
v 0.317635 0.871345 0.875583
v 0.318541 0.871347 0.875558
v 0.321167 0.871322 0.875489
v 0.322343 0.871329 0.875457
v 0.317624 0.871300 0.875583
v 0.318534 0.871302 0.875559
v 0.322362 0.871244 0.875457
v 0.317607 0.871253 0.875583
v 0.318524 0.871254 0.875559
v 0.321251 0.871207 0.875486
v 0.322366 0.871216 0.875457
v 0.317583 0.871160 0.875584
v 0.318506 0.871112 0.875559
v 0.321318 0.871098 0.875485
v 0.322393 0.870947 0.875455
v 0.317561 0.871022 0.875585
v 0.318498 0.871016 0.875560
v 0.321374 0.871002 0.875483
v 0.322392 0.870986 0.875456
v 0.317552 0.870975 0.875585
v 0.318493 0.870967 0.875560
v 0.321400 0.870941 0.875482
v 0.317548 0.870928 0.875585
v 0.318492 0.870852 0.875560
v 0.321429 0.870875 0.875482
v 0.322395 0.870869 0.875456
v 0.317545 0.870835 0.875585
v 0.318491 0.870820 0.875560
v 0.321440 0.870844 0.875481
v 0.322387 0.870797 0.875456
v 0.321452 0.870810 0.875481
v 0.322400 0.870722 0.875456
v 0.318022 0.870622 0.875573
v 0.321472 0.870743 0.875480
v 0.322391 0.870723 0.875456
v 0.321504 0.870574 0.875479
v 0.317592 0.870362 0.875583
v 0.322308 0.870243 0.875458
v 0.317575 0.870438 0.875584
v 0.318525 0.870382 0.875559
v 0.318562 0.870243 0.875558
v 0.321521 0.870390 0.875479
v 0.322320 0.870306 0.875458
v 0.321519 0.870266 0.875479
v 0.317659 0.870156 0.875582
v 0.318567 0.870208 0.875558
v 0.318587 0.870126 0.875557
v 0.321504 0.870137 0.875480
v 0.322278 0.870174 0.875459
v 0.321692 0.869900 0.875475
v 0.317704 0.870046 0.875581
v 0.318600 0.870099 0.875557
v 0.317723 0.869993 0.875580
v 0.318692 0.869871 0.875554
v 0.317757 0.869936 0.875579
v 0.318686 0.869894 0.875555
v 0.321396 0.869803 0.875482
v 0.321419 0.869854 0.875482
v 0.322120 0.869854 0.875463
v 0.318754 0.869769 0.875553
v 0.317816 0.869829 0.875578
v 0.318737 0.869798 0.875553
v 0.322049 0.869725 0.875466
v 0.317842 0.869780 0.875577
v 0.317884 0.869724 0.875576
v 0.318795 0.869707 0.875552
v 0.317912 0.869676 0.875575
v 0.318821 0.869666 0.875551
v 0.321321 0.869672 0.875484
v 0.322015 0.869682 0.875466
v 0.321256 0.869595 0.875485
v 0.321620 0.869463 0.875476
v 0.317953 0.869624 0.875576
v 0.318895 0.869578 0.875550
v 0.318041 0.869518 0.875572
v 0.318929 0.869537 0.875548
v 0.321216 0.869535 0.875487
v 0.321827 0.869458 0.875471
v 0.318075 0.869472 0.875571
v 0.318960 0.869502 0.875547
v 0.318148 0.869405 0.875569
v 0.319003 0.869460 0.875546
v 0.319017 0.869423 0.875547
v 0.319158 0.869324 0.875542
v 0.321670 0.869303 0.875473
v 0.321089 0.869407 0.875491
v 0.321719 0.869351 0.875474
v 0.321005 0.869345 0.875491
v 0.318267 0.869291 0.875566
v 0.319162 0.869327 0.875542
v 0.318364 0.869199 0.875564
v 0.320944 0.869297 0.875494
v 0.321603 0.869250 0.875477
v 0.320865 0.869249 0.875497
v 0.321603 0.869250 0.875477
v 0.320629 0.869141 0.875502
v 0.321360 0.869076 0.875483
v 0.319542 0.869130 0.875532
v 0.318528 0.869094 0.875559
v 0.319521 0.869140 0.875532
v 0.318581 0.869055 0.875557
v 0.318581 0.869055 0.875557
v 0.319662 0.869099 0.875529
v 0.318581 0.869055 0.875557
v 0.319765 0.869079 0.875526
v 0.320317 0.869074 0.875511
v 0.321354 0.869075 0.875484
v 0.321232 0.869014 0.875487
v 0.319960 0.869060 0.875521
v 0.320214 0.869063 0.875514
v 0.321221 0.869001 0.875487
v 0.318725 0.868976 0.875553
v 0.318725 0.868976 0.875553
v 0.321145 0.868966 0.875489
v 0.318810 0.868940 0.875551
v 0.321082 0.868935 0.875491
v 0.318949 0.868882 0.875549
v 0.320897 0.868864 0.875497
v 0.319133 0.868825 0.875543
v 0.320786 0.868830 0.875499
v 0.319276 0.868788 0.875538
v 0.320490 0.868762 0.875507
v 0.319493 0.868752 0.875533
v 0.320466 0.868760 0.875507
v 0.320320 0.868744 0.875511
v 0.319693 0.868732 0.875528
v 0.320298 0.868738 0.875512
v 0.319748 0.868726 0.875526
v 0.320165 0.868729 0.875515
v 0.319961 0.868722 0.875521
v 0.319748 0.868726 0.875526
v 0.319956 0.877462 0.875178
v 0.319769 0.877459 0.875183
v 0.320145 0.877456 0.875173
v 0.319769 0.877459 0.875183
v 0.320269 0.877448 0.875170
v 0.319720 0.877455 0.875185
v 0.320323 0.877441 0.875169
v 0.319602 0.877447 0.875188
v 0.320425 0.877429 0.875166
v 0.319543 0.877438 0.875189
v 0.320484 0.877417 0.875164
v 0.319442 0.877426 0.875192
v 0.319412 0.877418 0.875193
v 0.319272 0.877397 0.875197
v 0.320636 0.877387 0.875160
v 0.319288 0.877397 0.875196
v 0.320799 0.877344 0.875155
v 0.318964 0.877303 0.875205
v 0.320919 0.877302 0.875153
v 0.318996 0.877315 0.875204
v 0.318858 0.877262 0.875207
v 0.321051 0.877248 0.875149
v 0.318858 0.877262 0.875207
v 0.318780 0.877222 0.875210
v 0.321178 0.877187 0.875146
v 0.318727 0.877200 0.875211
v 0.321244 0.877153 0.875144
v 0.318669 0.877167 0.875213
v 0.321361 0.877080 0.875141
v 0.318701 0.877034 0.875221
v 0.321244 0.877153 0.875144
v 0.318462 0.877033 0.875217
v 0.319952 0.877103 0.875179
v 0.321361 0.877080 0.875141
v 0.319820 0.877106 0.875182
v 0.321361 0.877080 0.875141
v 0.320112 0.877096 0.875174
v 0.321361 0.877080 0.875141
v 0.320211 0.877086 0.875171
v 0.320355 0.877065 0.875168
v 0.321407 0.877044 0.875140
v 0.320345 0.877062 0.875168
v 0.319506 0.877050 0.875190
v 0.318481 0.877052 0.875218
v 0.320578 0.876998 0.875160
v 0.318367 0.876965 0.875221
v 0.319417 0.877024 0.875193
v 0.318367 0.876965 0.875221
v 0.318676 0.876810 0.875211
v 0.321515 0.876960 0.875137
v 0.320601 0.876978 0.875161
v 0.321579 0.876911 0.875135
v 0.320645 0.876957 0.875160
v 0.319034 0.876832 0.875203
v 0.321579 0.876911 0.875135
v 0.320721 0.876915 0.875158
v 0.321618 0.876870 0.875134
v 0.320753 0.876895 0.875157
v 0.321678 0.876818 0.875132
v 0.320793 0.876869 0.875156
v 0.319062 0.876849 0.875202
v 0.318220 0.876826 0.875224
v 0.318157 0.876770 0.875226
v 0.321678 0.876818 0.875132
v 0.320861 0.876818 0.875154
v 0.321714 0.876775 0.875131
v 0.320889 0.876793 0.875153
v 0.318951 0.876764 0.875205
v 0.318157 0.876770 0.875226
v 0.321818 0.876669 0.875127
v 0.321000 0.876688 0.875148
v 0.318894 0.876708 0.875206
v 0.318053 0.876643 0.875229
v 0.318826 0.876641 0.875208
v 0.318065 0.876666 0.875229
v 0.317982 0.876560 0.875231
v 0.321879 0.876580 0.875127
v 0.321064 0.876603 0.875149
v 0.318771 0.876576 0.875210
v 0.317982 0.876560 0.875231
v 0.321924 0.876525 0.875126
v 0.321092 0.876565 0.875148
v 0.318728 0.876514 0.875210
v 0.317866 0.876392 0.875234
v 0.321924 0.876525 0.875126
v 0.321138 0.876492 0.875147
v 0.321949 0.876478 0.875125
v 0.321156 0.876456 0.875146
v 0.318678 0.876443 0.875212
v 0.317907 0.876450 0.875233
v 0.322015 0.876372 0.875123
v 0.321174 0.876417 0.875146
v 0.318644 0.876376 0.875213
v 0.322045 0.876319 0.875123
v 0.321213 0.876334 0.875145
v 0.318607 0.876302 0.875214
v 0.317841 0.876337 0.875235
v 0.318160 0.876159 0.875226
v 0.322063 0.876270 0.875122
v 0.321227 0.876294 0.875144
v 0.322092 0.876213 0.875121
v 0.321247 0.876235 0.875144
v 0.322107 0.876162 0.875121
v 0.321255 0.876207 0.875144
v 0.321294 0.876079 0.875142
v 0.318541 0.876078 0.875216
v 0.317735 0.876101 0.875237
v 0.322142 0.876051 0.875120
v 0.321296 0.876021 0.875143
v 0.318530 0.875960 0.875217
v 0.322161 0.875995 0.875120
v 0.321305 0.875971 0.875142
v 0.322168 0.875939 0.875119
v 0.321308 0.875922 0.875142
v 0.317665 0.875823 0.875239
v 0.321319 0.875887 0.875142
v 0.321316 0.875819 0.875142
v 0.322185 0.875825 0.875119
v 0.321316 0.875819 0.875142
v 0.318525 0.875853 0.875216
v 0.317665 0.875853 0.875239
v 0.317643 0.875725 0.875240
v 0.318527 0.875799 0.875216
v 0.317643 0.875725 0.875240
v 0.321326 0.875748 0.875142
v 0.318532 0.875746 0.875216
v 0.317643 0.875725 0.875240
v 0.322194 0.875709 0.875119
v 0.321319 0.875712 0.875142
v 0.318536 0.875719 0.875216
v 0.317630 0.875593 0.875240
v 0.318539 0.875692 0.875216
v 0.317630 0.875593 0.875240
v 0.322200 0.875650 0.875118
v 0.321320 0.875672 0.875142
v 0.318548 0.875638 0.875216
v 0.322197 0.875611 0.875119
v 0.321317 0.875631 0.875142
v 0.322198 0.875571 0.875119
v 0.321317 0.875592 0.875142
v 0.318559 0.875584 0.875215
v 0.317630 0.875593 0.875240
v 0.318575 0.875530 0.875215
v 0.317628 0.875436 0.875240
v 0.322192 0.875532 0.875119
v 0.321313 0.875552 0.875142
v 0.321315 0.875526 0.875142
v 0.321306 0.875473 0.875142
v 0.318589 0.875477 0.875215
v 0.317625 0.875458 0.875240
v 0.322183 0.875452 0.875119
v 0.321306 0.875473 0.875142
v 0.321301 0.875416 0.875142
v 0.317630 0.875347 0.875241
v 0.318607 0.875423 0.875214
v 0.317627 0.875369 0.875240
v 0.322169 0.875373 0.875119
v 0.321296 0.875397 0.875143
v 0.321618 0.875268 0.875136
v 0.318628 0.875369 0.875214
v 0.317627 0.875369 0.875240
v 0.317637 0.875259 0.875240
v 0.318651 0.875315 0.875213
v 0.317633 0.875281 0.875240
v 0.318676 0.875262 0.875212
v 0.317633 0.875281 0.875240
v 0.317648 0.875164 0.875239
v 0.322127 0.875213 0.875120
v 0.321269 0.875247 0.875143
v 0.322116 0.875174 0.875121
v 0.321262 0.875212 0.875143
v 0.318703 0.875208 0.875212
v 0.317643 0.875193 0.875240
v 0.318734 0.875154 0.875211
v 0.322116 0.875174 0.875121
v 0.321242 0.875140 0.875144
v 0.321672 0.875038 0.875134
v 0.318763 0.875102 0.875210
v 0.317657 0.875106 0.875239
v 0.318781 0.875075 0.875210
v 0.317668 0.875062 0.875239
v 0.318797 0.875049 0.875209
v 0.317676 0.875019 0.875239
v 0.318832 0.874997 0.875208
v 0.317676 0.875019 0.875239
v 0.318161 0.875129 0.875226
v 0.321998 0.874905 0.875123
v 0.322011 0.874932 0.875124
v 0.321168 0.874934 0.875146
v 0.321135 0.874866 0.875146
v 0.318949 0.874844 0.875205
v 0.317724 0.874848 0.875238
v 0.321939 0.874808 0.875125
v 0.321120 0.874834 0.875147
v 0.318971 0.874818 0.875204
v 0.317741 0.874804 0.875237
v 0.321918 0.874769 0.875126
v 0.321104 0.874802 0.875148
v 0.318992 0.874793 0.875204
v 0.317754 0.874762 0.875237
v 0.321887 0.874726 0.875127
v 0.321083 0.874767 0.875148
v 0.319036 0.874743 0.875203
v 0.317754 0.874762 0.875237
v 0.321065 0.874725 0.875148
v 0.318223 0.874896 0.875222
v 0.320969 0.874597 0.875151
v 0.321829 0.874643 0.875128
v 0.320986 0.874622 0.875151
v 0.321804 0.874605 0.875129
v 0.319231 0.874447 0.875198
v 0.317826 0.874594 0.875235
v 0.321762 0.874558 0.875130
v 0.320927 0.874544 0.875152
v 0.320176 0.873775 0.875172
v 0.317848 0.874550 0.875234
v 0.321733 0.874519 0.875131
v 0.320899 0.874506 0.875153
v 0.321692 0.874475 0.875131
v 0.320806 0.874402 0.875154
v 0.320176 0.873775 0.875172
v 0.317893 0.874467 0.875233
v 0.321596 0.874381 0.875135
v 0.320785 0.874375 0.875156
v 0.320176 0.873775 0.875172
v 0.317942 0.874383 0.875232
v 0.320746 0.874320 0.875157
v 0.320176 0.873775 0.875172
v 0.318001 0.874295 0.875230
v 0.321498 0.874289 0.875137
v 0.320702 0.874285 0.875158
v 0.321459 0.874249 0.875138
v 0.320668 0.874243 0.875159
v 0.320176 0.873775 0.875172
v 0.318069 0.874203 0.875228
v 0.321404 0.874202 0.875139
v 0.320542 0.874123 0.875163
v 0.320176 0.873775 0.875172
v 0.318148 0.874107 0.875226
v 0.321270 0.874097 0.875143
v 0.320515 0.874093 0.875163
v 0.321227 0.874056 0.875144
v 0.320366 0.873953 0.875167
v 0.320176 0.873775 0.875172
v 0.318237 0.874006 0.875224
v 0.321141 0.873998 0.875147
v 0.320410 0.873991 0.875166
v 0.321013 0.873893 0.875150
v 0.318335 0.873900 0.875221
v 0.320953 0.873854 0.875152
v 0.320256 0.873840 0.875170
v 0.320802 0.873750 0.875156
v 0.320176 0.873775 0.875172
v 0.318444 0.873790 0.875219
v 0.318493 0.873738 0.875217
v 0.320711 0.873692 0.875158
v 0.318493 0.873738 0.875217
v 0.318585 0.873649 0.875214
v 0.320541 0.873583 0.875163
v 0.318615 0.873621 0.875214
v 0.320569 0.873458 0.875163
v 0.318889 0.873375 0.875207
v 0.320715 0.873334 0.875158
v 0.318889 0.873375 0.875207
v 0.319011 0.873275 0.875203
v 0.320878 0.873203 0.875154
v 0.319040 0.873245 0.875203
v 0.320968 0.873133 0.875151
v 0.319205 0.873090 0.875198
v 0.321031 0.873077 0.875150
v 0.319202 0.873111 0.875198
v 0.319051 0.873001 0.875202
v 0.321174 0.872955 0.875146
v 0.319053 0.873001 0.875202
v 0.321448 0.872717 0.875140
v 0.319448 0.872821 0.875192
v 0.318312 0.872383 0.875223
v 0.320010 0.872452 0.875176
v 0.321639 0.872521 0.875133
v 0.319916 0.872532 0.875179
v 0.321737 0.872421 0.875131
v 0.319071 0.872456 0.875202
v 0.318419 0.872475 0.875219
v 0.318960 0.872307 0.875206
v 0.321810 0.872334 0.875129
v 0.320108 0.872369 0.875174
v 0.321929 0.872188 0.875125
v 0.320456 0.872060 0.875165
v 0.318841 0.872135 0.875208
v 0.318130 0.872179 0.875227
v 0.318820 0.872096 0.875208
v 0.318098 0.872136 0.875228
v 0.322020 0.872047 0.875123
v 0.320455 0.872060 0.875165
v 0.318793 0.872052 0.875209
v 0.318048 0.872083 0.875229
v 0.318757 0.871973 0.875210
v 0.317949 0.871962 0.875232
v 0.320584 0.871947 0.875162
v 0.322086 0.871939 0.875122
v 0.320609 0.871914 0.875161
v 0.318707 0.871883 0.875212
v 0.317908 0.871897 0.875233
v 0.322150 0.871828 0.875119
v 0.320795 0.871736 0.875156
v 0.318642 0.871715 0.875213
v 0.322198 0.871722 0.875119
v 0.320752 0.871773 0.875157
v 0.320881 0.871638 0.875154
v 0.317689 0.871508 0.875239
v 0.322244 0.871611 0.875117
v 0.320881 0.871638 0.875154
v 0.320978 0.871547 0.875151
v 0.318576 0.871530 0.875215
v 0.317699 0.871529 0.875238
v 0.322283 0.871500 0.875116
v 0.320999 0.871509 0.875150
v 0.317654 0.871415 0.875240
v 0.322304 0.871442 0.875116
v 0.321060 0.871442 0.875149
v 0.318552 0.871439 0.875216
v 0.317660 0.871437 0.875239
v 0.322334 0.871329 0.875115
v 0.322306 0.871406 0.875116
v 0.317626 0.871345 0.875240
v 0.318532 0.871347 0.875216
v 0.317626 0.871345 0.875240
v 0.322334 0.871329 0.875115
v 0.321158 0.871322 0.875146
v 0.317607 0.871276 0.875241
v 0.322341 0.871255 0.875115
v 0.318515 0.871254 0.875217
v 0.317597 0.871253 0.875241
v 0.322357 0.871216 0.875114
v 0.321242 0.871207 0.875144
v 0.318110 0.871155 0.875229
v 0.322362 0.871159 0.875114
v 0.321275 0.871155 0.875143
v 0.322373 0.871101 0.875114
v 0.321296 0.871124 0.875143
v 0.322375 0.871044 0.875114
v 0.321313 0.871095 0.875142
v 0.322383 0.870986 0.875114
v 0.321332 0.871064 0.875142
v 0.318489 0.871016 0.875217
v 0.317552 0.871022 0.875242
v 0.322383 0.870986 0.875114
v 0.321368 0.870993 0.875140
v 0.318484 0.870967 0.875217
v 0.317543 0.870975 0.875242
v 0.322381 0.870928 0.875114
v 0.321378 0.870972 0.875140
v 0.318483 0.870852 0.875217
v 0.317539 0.870928 0.875242
v 0.321400 0.870929 0.875140
v 0.322386 0.870869 0.875114
v 0.321420 0.870875 0.875139
v 0.318482 0.870820 0.875217
v 0.317536 0.870835 0.875243
v 0.322378 0.870797 0.875114
v 0.321431 0.870844 0.875139
v 0.322381 0.870723 0.875114
v 0.321443 0.870810 0.875139
v 0.318010 0.870683 0.875230
v 0.322381 0.870723 0.875114
v 0.321463 0.870743 0.875138
v 0.322369 0.870652 0.875114
v 0.321470 0.870710 0.875138
v 0.322367 0.870580 0.875114
v 0.321491 0.870616 0.875136
v 0.317547 0.870554 0.875242
v 0.322350 0.870510 0.875115
v 0.321496 0.870572 0.875137
v 0.322026 0.870195 0.875124
v 0.318498 0.870502 0.875217
v 0.317547 0.870554 0.875242
v 0.317559 0.870466 0.875242
v 0.318516 0.870382 0.875217
v 0.317566 0.870438 0.875242
v 0.318577 0.870150 0.875215
v 0.322311 0.870306 0.875116
v 0.321512 0.870390 0.875137
v 0.321517 0.870352 0.875137
v 0.317719 0.869966 0.875238
v 0.321464 0.869975 0.875137
v 0.322178 0.869979 0.875119
v 0.321466 0.870012 0.875138
v 0.321405 0.869836 0.875140
v 0.318649 0.869947 0.875213
v 0.317714 0.869993 0.875238
v 0.317770 0.869886 0.875237
v 0.322110 0.869854 0.875121
v 0.321410 0.869854 0.875139
v 0.318698 0.869849 0.875212
v 0.317770 0.869886 0.875237
v 0.317824 0.869812 0.875235
v 0.321361 0.869754 0.875141
v 0.322034 0.869735 0.875123
v 0.321374 0.869779 0.875140
v 0.318752 0.869755 0.875210
v 0.317833 0.869780 0.875235
v 0.318786 0.869707 0.875209
v 0.317875 0.869724 0.875234
v 0.322006 0.869682 0.875124
v 0.318812 0.869666 0.875209
v 0.317903 0.869676 0.875233
v 0.322006 0.869682 0.875124
v 0.321312 0.869672 0.875142
v 0.321948 0.869618 0.875125
v 0.321284 0.869634 0.875143
v 0.318850 0.869620 0.875208
v 0.317950 0.869620 0.875232
v 0.321916 0.869568 0.875126
v 0.321262 0.869602 0.875143
v 0.318879 0.869582 0.875207
v 0.317981 0.869573 0.875231
v 0.318920 0.869537 0.875206
v 0.318032 0.869518 0.875229
v 0.321852 0.869506 0.875128
v 0.321231 0.869566 0.875144
v 0.321818 0.869458 0.875129
v 0.321207 0.869535 0.875145
v 0.318601 0.869460 0.875213
v 0.321818 0.869458 0.875129
v 0.321146 0.869470 0.875147
v 0.321747 0.869397 0.875131
v 0.321108 0.869435 0.875148
v 0.321710 0.869351 0.875132
v 0.321080 0.869407 0.875148
v 0.321261 0.869349 0.875142
v 0.321594 0.869250 0.875135
v 0.321594 0.869250 0.875135
v 0.320935 0.869297 0.875152
v 0.320856 0.869249 0.875154
v 0.321516 0.869197 0.875137
v 0.320809 0.869224 0.875156
v 0.321472 0.869159 0.875138
v 0.320775 0.869207 0.875156
v 0.319533 0.869130 0.875190
v 0.320707 0.869175 0.875158
v 0.320637 0.869151 0.875160
v 0.321391 0.869111 0.875140
v 0.320637 0.869151 0.875160
v 0.320534 0.869113 0.875166
v 0.319511 0.869140 0.875190
v 0.318518 0.869094 0.875216
v 0.318572 0.869055 0.875215
v 0.319653 0.869099 0.875186
v 0.318572 0.869055 0.875215
v 0.319756 0.869079 0.875184
v 0.318572 0.869055 0.875215
v 0.321345 0.869075 0.875141
v 0.320308 0.869074 0.875169
v 0.321264 0.869034 0.875143
v 0.320250 0.869067 0.875170
v 0.319879 0.869062 0.875178
v 0.321212 0.869001 0.875145
v 0.320205 0.869063 0.875172
v 0.321212 0.869001 0.875145
v 0.320097 0.869057 0.875174
v 0.320187 0.869044 0.875172
v 0.318572 0.869055 0.875215
v 0.318683 0.868995 0.875212
v 0.321136 0.868966 0.875147
v 0.318716 0.868976 0.875211
v 0.319725 0.868668 0.875181
v 0.320752 0.868820 0.875157
v 0.320777 0.868830 0.875156
v 0.319124 0.868825 0.875200
v 0.319283 0.868786 0.875197
v 0.320522 0.868773 0.875163
v 0.319368 0.868768 0.875194
v 0.320457 0.868760 0.875165
v 0.319484 0.868752 0.875191
v 0.320091 0.868727 0.875174
v 0.319738 0.868726 0.875184
v 0.320156 0.868729 0.875173
v 0.319738 0.868726 0.875184
v 0.319952 0.868722 0.875178
v 0.318153 0.873520 0.875286
v 0.317404 0.876327 0.875589
v 0.321182 0.877579 0.875327
v 0.321666 0.873958 0.875133
v 0.321788 0.872976 0.875472
v 0.320620 0.868090 0.875161
v 0.317495 0.869134 0.875586
v 0.321094 0.874611 0.875329
v 0.320930 0.876981 0.875311
v 0.318292 0.876111 0.875565
v 0.318291 0.876090 0.875223
v 0.319238 0.872943 0.875369
v 0.318835 0.869227 0.875347
v 0.321786 0.869937 0.875472
v 0.321680 0.870181 0.875132
v 0.339819 0.858008 0.869354
v 0.350377 0.854305 0.874018
v 0.340207 0.857594 0.874218
v 0.333680 0.848152 0.869518
v 0.352025 0.852686 0.869029
v 0.350861 0.847087 0.873980
v 0.345885 0.842830 0.869193
v 0.340149 0.843260 0.874220
v 0.334227 0.850444 0.874442
v 0.341292 0.857297 0.874349
v 0.347143 0.856635 0.874184
v 0.351257 0.852410 0.874048
v 0.350289 0.846563 0.873962
v 0.344680 0.843541 0.874259
v 0.338828 0.844201 0.874412
v 0.334716 0.848429 0.874481
v 0.335669 0.854280 0.874369
v 0.341956 0.857811 0.869296
v 0.348616 0.856115 0.869119
v 0.351942 0.850419 0.869031
v 0.348616 0.844724 0.869119
v 0.341956 0.843027 0.869297
v 0.334637 0.846920 0.869492
v 0.335221 0.854517 0.869476
v 0.339100 0.854219 0.875007
v 0.339109 0.854371 0.875011
v 0.339099 0.854217 0.875011
v 0.342814 0.854446 0.874912
v 0.339099 0.854217 0.875011
v 0.342979 0.854444 0.874908
v 0.339099 0.854217 0.875011
v 0.343138 0.854440 0.874903
v 0.339099 0.854217 0.875011
v 0.343291 0.854434 0.874899
v 0.339099 0.854217 0.875011
v 0.343439 0.854426 0.874895
v 0.339099 0.854217 0.875011
v 0.343581 0.854416 0.874892
v 0.339099 0.854217 0.875011
v 0.343717 0.854403 0.874888
v 0.339099 0.854217 0.875011
v 0.343848 0.854389 0.874884
v 0.339099 0.854217 0.875011
v 0.343973 0.854372 0.874881
v 0.339099 0.854217 0.875011
v 0.344093 0.854354 0.874878
v 0.339099 0.854217 0.875011
v 0.344207 0.854333 0.874875
v 0.339099 0.854217 0.875011
v 0.344315 0.854310 0.874872
v 0.344379 0.854298 0.874871
v 0.344701 0.854202 0.874854
v 0.339532 0.854213 0.875000
v 0.344667 0.854214 0.874863
v 0.344807 0.854165 0.874859
v 0.339605 0.854205 0.874997
v 0.344807 0.854165 0.874859
v 0.339718 0.854185 0.874992
v 0.339805 0.854159 0.874992
v 0.344807 0.854165 0.874859
v 0.344892 0.854129 0.874857
v 0.339864 0.854137 0.874991
v 0.344941 0.854111 0.874855
v 0.339921 0.854110 0.874989
v 0.344941 0.854111 0.874855
v 0.339948 0.854096 0.874988
v 0.345002 0.854082 0.874854
v 0.339975 0.854080 0.874988
v 0.345068 0.854052 0.874852
v 0.340025 0.854045 0.874986
v 0.345068 0.854052 0.874852
v 0.342815 0.854030 0.874910
v 0.345151 0.854010 0.874853
v 0.340072 0.854007 0.874985
v 0.342421 0.854027 0.874923
v 0.340094 0.853988 0.874985
v 0.342369 0.854025 0.874924
v 0.340094 0.853988 0.874985
v 0.342271 0.854019 0.874927
v 0.340094 0.853988 0.874985
v 0.342173 0.854011 0.874929
v 0.340094 0.853988 0.874985
v 0.342079 0.854002 0.874932
v 0.343261 0.853985 0.874900
v 0.345190 0.853988 0.874849
v 0.340094 0.853988 0.874985
v 0.341985 0.853990 0.874934
v 0.345227 0.853851 0.874853
v 0.340116 0.853965 0.874984
v 0.341943 0.853985 0.874935
v 0.340136 0.853944 0.874983
v 0.341894 0.853977 0.874937
v 0.340136 0.853944 0.874983
v 0.341747 0.853951 0.874939
v 0.340151 0.853925 0.874983
v 0.341676 0.853936 0.874942
v 0.343576 0.853919 0.874892
v 0.345305 0.853920 0.874846
v 0.340165 0.853906 0.874983
v 0.341630 0.853926 0.874944
v 0.343707 0.853878 0.874888
v 0.345436 0.853829 0.874843
v 0.340165 0.853906 0.874983
v 0.341546 0.853905 0.874946
v 0.340178 0.853882 0.874982
v 0.341508 0.853894 0.874947
v 0.340431 0.853678 0.874960
v 0.341508 0.850659 0.874947
v 0.343860 0.853824 0.874884
v 0.345414 0.853847 0.874843
v 0.345548 0.853743 0.874839
v 0.343991 0.853766 0.874881
v 0.345518 0.853769 0.874840
v 0.344046 0.853738 0.874879
v 0.344113 0.853701 0.874877
v 0.345615 0.853686 0.874837
v 0.344165 0.853669 0.874876
v 0.345655 0.853645 0.874836
v 0.340263 0.853633 0.874980
v 0.341508 0.850659 0.874947
v 0.344291 0.853584 0.874873
v 0.345768 0.853534 0.874834
v 0.340305 0.853351 0.874978
v 0.344436 0.853462 0.874869
v 0.345790 0.853506 0.874833
v 0.344478 0.853421 0.874868
v 0.345884 0.853387 0.874830
v 0.344527 0.853373 0.874866
v 0.345869 0.853411 0.874831
v 0.345940 0.853312 0.874829
v 0.344610 0.853280 0.874864
v 0.345940 0.853312 0.874829
v 0.344645 0.853235 0.874863
v 0.346017 0.853187 0.874828
v 0.344685 0.853184 0.874862
v 0.346005 0.853212 0.874827
v 0.346063 0.853109 0.874826
v 0.340313 0.853139 0.874979
v 0.341508 0.850659 0.874947
v 0.344751 0.853085 0.874860
v 0.346063 0.853109 0.874826
v 0.344779 0.853037 0.874860
v 0.346123 0.852977 0.874824
v 0.340315 0.853082 0.874979
v 0.344809 0.852983 0.874859
v 0.346114 0.853003 0.874824
v 0.346158 0.852896 0.874823
v 0.340274 0.846977 0.874980
v 0.344859 0.852879 0.874858
v 0.346158 0.852896 0.874823
v 0.346184 0.852814 0.874823
v 0.344901 0.852771 0.874856
v 0.346196 0.852785 0.874822
v 0.346221 0.852702 0.874821
v 0.344934 0.852660 0.874856
v 0.346226 0.852673 0.874821
v 0.344953 0.852548 0.874855
v 0.346268 0.852411 0.874821
v 0.344976 0.852429 0.874854
v 0.346267 0.852441 0.874820
v 0.346277 0.852321 0.874820
v 0.344984 0.852310 0.874854
v 0.346277 0.852321 0.874820
v 0.346277 0.852230 0.874819
v 0.344984 0.852210 0.874854
v 0.346281 0.852199 0.874820
v 0.344976 0.852092 0.874856
v 0.346268 0.851959 0.874821
v 0.344964 0.851977 0.874855
v 0.346270 0.851992 0.874820
v 0.344946 0.851888 0.874856
v 0.344941 0.851864 0.874855
v 0.346245 0.851841 0.874821
v 0.345579 0.851786 0.874840
v 0.346206 0.851663 0.874822
v 0.344913 0.851754 0.874856
v 0.346214 0.851695 0.874821
v 0.344890 0.851681 0.874857
v 0.346214 0.851695 0.874821
v 0.344856 0.851597 0.874858
v 0.344847 0.851574 0.874858
v 0.346165 0.851551 0.874823
v 0.344815 0.851504 0.874859
v 0.346125 0.851445 0.874824
v 0.344799 0.851470 0.874859
v 0.346110 0.851414 0.874824
v 0.344762 0.851402 0.874860
v 0.346110 0.851414 0.874824
v 0.346074 0.851346 0.874826
v 0.344722 0.851335 0.874861
v 0.346064 0.851324 0.874825
v 0.344700 0.851301 0.874862
v 0.345998 0.851214 0.874827
v 0.344679 0.851271 0.874862
v 0.346013 0.851236 0.874827
v 0.344633 0.851210 0.874864
v 0.346013 0.851236 0.874827
v 0.345957 0.851150 0.874828
v 0.344584 0.851151 0.874865
v 0.345957 0.851150 0.874828
v 0.345910 0.851093 0.874830
v 0.344531 0.851095 0.874866
v 0.345896 0.851066 0.874830
v 0.344476 0.851043 0.874868
v 0.345896 0.851066 0.874830
v 0.344446 0.851016 0.874869
v 0.345859 0.851023 0.874831
v 0.344418 0.850993 0.874869
v 0.345829 0.850985 0.874832
v 0.345274 0.851138 0.874849
v 0.345642 0.850797 0.874836
v 0.344156 0.850821 0.874876
v 0.345681 0.850832 0.874836
v 0.344077 0.850784 0.874878
v 0.344007 0.850753 0.874880
v 0.345599 0.850762 0.874838
v 0.343916 0.850722 0.874883
v 0.345481 0.850673 0.874839
v 0.343837 0.850696 0.874885
v 0.345512 0.850694 0.874840
v 0.343731 0.850670 0.874887
v 0.343641 0.850650 0.874890
v 0.345419 0.850631 0.874843
v 0.340316 0.847518 0.874979
v 0.341527 0.850656 0.874946
v 0.340316 0.847518 0.874979
v 0.341566 0.850649 0.874945
v 0.340316 0.847518 0.874979
v 0.341606 0.850642 0.874944
v 0.343534 0.850631 0.874893
v 0.345419 0.850631 0.874843
v 0.340316 0.847518 0.874979
v 0.341647 0.850636 0.874943
v 0.340316 0.847518 0.874979
v 0.341689 0.850630 0.874942
v 0.343474 0.850621 0.874894
v 0.345367 0.850599 0.874844
v 0.340316 0.847518 0.874979
v 0.341732 0.850624 0.874941
v 0.343421 0.850614 0.874896
v 0.345322 0.850571 0.874845
v 0.340316 0.847518 0.874979
v 0.341599 0.850288 0.874944
v 0.341508 0.850088 0.874947
v 0.341775 0.850618 0.874940
v 0.341508 0.850088 0.874947
v 0.341819 0.850613 0.874939
v 0.341508 0.850088 0.874947
v 0.341864 0.850608 0.874937
v 0.341508 0.850088 0.874947
v 0.341911 0.850604 0.874936
v 0.343302 0.850601 0.874899
v 0.345322 0.850571 0.874845
v 0.341508 0.850088 0.874947
v 0.341958 0.850600 0.874935
v 0.341508 0.850088 0.874947
v 0.342006 0.850596 0.874934
v 0.341508 0.850088 0.874947
v 0.342055 0.850592 0.874932
v 0.343176 0.850590 0.874902
v 0.345322 0.850571 0.874845
v 0.341508 0.850088 0.874947
v 0.342105 0.850589 0.874931
v 0.341508 0.850088 0.874947
v 0.342156 0.850586 0.874930
v 0.341508 0.850088 0.874947
v 0.342207 0.850583 0.874928
v 0.343034 0.850580 0.874906
v 0.341508 0.850088 0.874947
v 0.342260 0.850581 0.874927
v 0.341508 0.850088 0.874947
v 0.342313 0.850579 0.874925
v 0.341508 0.850088 0.874947
v 0.342367 0.850577 0.874924
v 0.341508 0.850088 0.874947
v 0.342422 0.850575 0.874922
v 0.341508 0.850088 0.874947
v 0.342477 0.850574 0.874921
v 0.341508 0.850088 0.874947
v 0.342534 0.850573 0.874920
v 0.342681 0.850573 0.874916
v 0.341508 0.850088 0.874947
v 0.342591 0.850573 0.874918
v 0.341508 0.850088 0.874947
v 0.342649 0.850572 0.874916
v 0.341509 0.850087 0.874948
v 0.341583 0.850100 0.874945
v 0.342681 0.850573 0.874916
v 0.341615 0.850105 0.874944
v 0.342681 0.850573 0.874916
v 0.342421 0.850421 0.874923
v 0.345322 0.850571 0.874845
v 0.341645 0.850108 0.874943
v 0.345322 0.850571 0.874845
v 0.341665 0.850111 0.874943
v 0.345269 0.850542 0.874847
v 0.341684 0.850113 0.874942
v 0.345220 0.850514 0.874848
v 0.341701 0.850115 0.874942
v 0.345164 0.850487 0.874850
v 0.341709 0.850115 0.874941
v 0.341739 0.850118 0.874941
v 0.341739 0.850118 0.874941
v 0.345053 0.850436 0.874852
v 0.341778 0.850121 0.874940
v 0.345000 0.850412 0.874854
v 0.341778 0.850121 0.874940
v 0.344938 0.850388 0.874856
v 0.341816 0.850124 0.874939
v 0.341818 0.850124 0.874939
v 0.344817 0.850344 0.874859
v 0.344760 0.850324 0.874860
v 0.341884 0.850128 0.874937
v 0.344760 0.850324 0.874860
v 0.341903 0.850129 0.874936
v 0.344921 0.850286 0.874847
v 0.341924 0.850130 0.874936
v 0.344903 0.850292 0.874856
v 0.342005 0.850134 0.874934
v 0.341994 0.850134 0.874934
v 0.344966 0.850275 0.874855
v 0.342088 0.850137 0.874930
v 0.342117 0.850138 0.874931
v 0.345039 0.850256 0.874853
v 0.342143 0.850139 0.874930
v 0.345100 0.850237 0.874851
v 0.342228 0.850141 0.874928
v 0.345170 0.850217 0.874849
v 0.342280 0.850142 0.874926
v 0.345170 0.850217 0.874849
v 0.345342 0.850156 0.874850
v 0.342828 0.850139 0.874912
v 0.345413 0.850130 0.874843
v 0.343288 0.850103 0.874898
v 0.345668 0.850013 0.874836
v 0.341508 0.846636 0.874947
v 0.343609 0.850041 0.874891
v 0.345631 0.850031 0.874837
v 0.343716 0.850014 0.874888
v 0.343837 0.849979 0.874885
v 0.345731 0.849976 0.874834
v 0.343887 0.849963 0.874883
v 0.345774 0.849949 0.874833
v 0.343945 0.849943 0.874882
v 0.345825 0.849919 0.874832
v 0.344049 0.849903 0.874879
v 0.345825 0.849919 0.874832
v 0.345594 0.849609 0.874832
v 0.346102 0.849696 0.874825
v 0.344422 0.849713 0.874869
v 0.346070 0.849728 0.874825
v 0.344497 0.849661 0.874868
v 0.344580 0.849602 0.874865
v 0.346166 0.849631 0.874823
v 0.344614 0.849574 0.874864
v 0.346205 0.849584 0.874822
v 0.344795 0.849408 0.874860
v 0.346375 0.849369 0.874818
v 0.344943 0.849205 0.874855
v 0.346467 0.849208 0.874815
v 0.344965 0.849169 0.874855
v 0.346490 0.849153 0.874814
v 0.344988 0.849130 0.874854
v 0.346525 0.849093 0.874813
v 0.345029 0.849054 0.874853
v 0.346521 0.849093 0.874813
v 0.345080 0.848942 0.874851
v 0.346628 0.848768 0.874810
v 0.345128 0.848823 0.874850
v 0.346605 0.848853 0.874811
v 0.345145 0.848785 0.874850
v 0.345207 0.848522 0.874848
v 0.345202 0.848548 0.874848
v 0.346658 0.848534 0.874810
v 0.346668 0.848467 0.874809
v 0.345221 0.848428 0.874848
v 0.346668 0.848467 0.874809
v 0.345225 0.848348 0.874848
v 0.346669 0.848193 0.874809
v 0.345232 0.848266 0.874848
v 0.346669 0.848227 0.874809
v 0.345230 0.848164 0.874848
v 0.345228 0.848103 0.874848
v 0.346652 0.848072 0.874810
v 0.345224 0.848044 0.874848
v 0.346647 0.848021 0.874810
v 0.345215 0.847984 0.874848
v 0.346635 0.847969 0.874810
v 0.345208 0.847927 0.874848
v 0.346628 0.847919 0.874810
v 0.345195 0.847868 0.874849
v 0.346613 0.847867 0.874811
v 0.345183 0.847813 0.874849
v 0.346603 0.847818 0.874811
v 0.345166 0.847755 0.874849
v 0.346585 0.847766 0.874812
v 0.345151 0.847702 0.874850
v 0.346572 0.847717 0.874812
v 0.345129 0.847646 0.874850
v 0.346552 0.847666 0.874813
v 0.345110 0.847595 0.874851
v 0.346537 0.847617 0.874813
v 0.345084 0.847540 0.874852
v 0.346513 0.847566 0.874814
v 0.345061 0.847491 0.874852
v 0.346495 0.847518 0.874814
v 0.345031 0.847438 0.874853
v 0.346463 0.847452 0.874816
v 0.345004 0.847390 0.874854
v 0.346448 0.847420 0.874815
v 0.344970 0.847338 0.874855
v 0.346396 0.847323 0.874817
v 0.344939 0.847293 0.874855
v 0.346396 0.847323 0.874817
v 0.346350 0.847249 0.874818
v 0.344866 0.847199 0.874857
v 0.346338 0.847226 0.874818
v 0.344822 0.847150 0.874859
v 0.346274 0.847130 0.874820
v 0.344784 0.847108 0.874860
v 0.346274 0.847130 0.874820
v 0.346221 0.847058 0.874822
v 0.344695 0.847020 0.874862
v 0.346206 0.847036 0.874822
v 0.344584 0.846931 0.874865
v 0.345952 0.846749 0.874828
v 0.344492 0.846859 0.874867
v 0.346057 0.846862 0.874826
v 0.344259 0.846725 0.874873
v 0.340261 0.846825 0.874980
v 0.341508 0.846636 0.874947
v 0.340245 0.846762 0.874980
v 0.340227 0.846705 0.874981
v 0.341508 0.846636 0.874947
v 0.340189 0.846619 0.874983
v 0.340217 0.846679 0.874981
v 0.343997 0.846619 0.874880
v 0.345803 0.846633 0.874832
v 0.340196 0.846632 0.874982
v 0.341559 0.846624 0.874945
v 0.343472 0.846492 0.874896
v 0.345525 0.846444 0.874840
v 0.341692 0.846596 0.874942
v 0.340154 0.846566 0.874983
v 0.341747 0.846585 0.874940
v 0.340133 0.846539 0.874983
v 0.341800 0.846574 0.874939
v 0.341913 0.846552 0.874938
v 0.342100 0.846525 0.874931
v 0.340111 0.846515 0.874984
v 0.342104 0.846525 0.874931
v 0.342280 0.846502 0.874924
v 0.340065 0.846468 0.874985
v 0.342459 0.846487 0.874921
v 0.340040 0.846446 0.874986
v 0.342514 0.846483 0.874920
v 0.340040 0.846446 0.874986
v 0.342632 0.846476 0.874917
v 0.340040 0.846446 0.874986
v 0.342749 0.846471 0.874914
v 0.340040 0.846446 0.874986
v 0.342866 0.846469 0.874911
v 0.340014 0.846426 0.874987
v 0.345513 0.846443 0.874840
v 0.345440 0.846406 0.874842
v 0.339959 0.846389 0.874988
v 0.345408 0.846388 0.874843
v 0.339930 0.846371 0.874989
v 0.345351 0.846362 0.874844
v 0.339900 0.846356 0.874990
v 0.345298 0.846337 0.874846
v 0.339837 0.846328 0.874991
v 0.345298 0.846337 0.874846
v 0.345220 0.846306 0.874848
v 0.339770 0.846305 0.874993
v 0.345185 0.846291 0.874849
v 0.339698 0.846286 0.874995
v 0.345185 0.846291 0.874849
v 0.339661 0.846278 0.874996
v 0.345123 0.846270 0.874851
v 0.339623 0.846272 0.874997
v 0.345065 0.846249 0.874852
v 0.339547 0.846263 0.874997
v 0.339416 0.846257 0.875003
v 0.339099 0.846027 0.875011
v 0.339099 0.846257 0.875011
v 0.339273 0.846149 0.875006
v 0.345065 0.846249 0.874852
v 0.339099 0.846027 0.875011
v 0.344997 0.846229 0.874854
v 0.339099 0.846027 0.875011
v 0.344861 0.846193 0.874858
v 0.344715 0.846160 0.874861
v 0.339099 0.846027 0.875011
v 0.344559 0.846131 0.874866
v 0.339099 0.846027 0.875011
v 0.344392 0.846105 0.874870
v 0.339099 0.846027 0.875011
v 0.344215 0.846083 0.874875
v 0.344029 0.846065 0.874880
v 0.339099 0.846027 0.875011
v 0.343831 0.846050 0.874885
v 0.339099 0.846027 0.875011
v 0.343624 0.846039 0.874891
v 0.339099 0.846027 0.875011
v 0.343405 0.846032 0.874896
v 0.343180 0.846028 0.874902
v 0.339100 0.854371 0.874668
v 0.339090 0.854217 0.874669
v 0.342805 0.854446 0.874570
v 0.339090 0.854217 0.874669
v 0.343131 0.854441 0.874562
v 0.343430 0.854426 0.874553
v 0.339090 0.854217 0.874669
v 0.344735 0.854207 0.874525
v 0.344725 0.854190 0.874519
v 0.339559 0.854210 0.874656
v 0.344798 0.854165 0.874517
v 0.339596 0.854205 0.874655
v 0.344798 0.854165 0.874517
v 0.339709 0.854185 0.874651
v 0.344798 0.854165 0.874517
v 0.339795 0.854159 0.874650
v 0.344883 0.854129 0.874514
v 0.344932 0.854111 0.874513
v 0.339855 0.854137 0.874648
v 0.344932 0.854111 0.874513
v 0.339912 0.854110 0.874647
v 0.344993 0.854082 0.874511
v 0.339939 0.854096 0.874646
v 0.345059 0.854052 0.874510
v 0.339966 0.854080 0.874645
v 0.345059 0.854052 0.874510
v 0.340016 0.854045 0.874644
v 0.345024 0.854062 0.874484
v 0.340039 0.854028 0.874643
v 0.345181 0.853988 0.874506
v 0.345181 0.853988 0.874506
v 0.342725 0.854029 0.874572
v 0.340085 0.853988 0.874642
v 0.342905 0.854022 0.874567
v 0.342359 0.854025 0.874582
v 0.340085 0.853988 0.874642
v 0.342121 0.854008 0.874587
v 0.345181 0.853988 0.874506
v 0.343082 0.854007 0.874563
v 0.345181 0.853988 0.874506
v 0.343251 0.853985 0.874558
v 0.341976 0.853990 0.874592
v 0.340085 0.853988 0.874642
v 0.345233 0.853956 0.874505
v 0.343324 0.853973 0.874556
v 0.341934 0.853985 0.874593
v 0.340107 0.853965 0.874642
v 0.341885 0.853977 0.874594
v 0.340127 0.853944 0.874641
v 0.345296 0.853920 0.874503
v 0.343413 0.853955 0.874554
v 0.341692 0.853942 0.874599
v 0.340141 0.853925 0.874640
v 0.345296 0.853920 0.874503
v 0.343567 0.853919 0.874550
v 0.345345 0.853886 0.874502
v 0.343632 0.853901 0.874548
v 0.341536 0.853905 0.874604
v 0.340155 0.853906 0.874640
v 0.341498 0.853894 0.874605
v 0.340169 0.853882 0.874640
v 0.345405 0.853847 0.874501
v 0.343713 0.853875 0.874546
v 0.340194 0.853832 0.874639
v 0.341498 0.853894 0.874605
v 0.341498 0.850659 0.874605
v 0.340907 0.853735 0.874620
v 0.345405 0.853847 0.874501
v 0.343870 0.853817 0.874542
v 0.345451 0.853810 0.874499
v 0.343909 0.853799 0.874540
v 0.341498 0.850659 0.874605
v 0.340216 0.853774 0.874639
v 0.344012 0.853752 0.874537
v 0.345551 0.853730 0.874497
v 0.344037 0.853738 0.874537
v 0.341498 0.850659 0.874605
v 0.340236 0.853707 0.874638
v 0.344133 0.853685 0.874535
v 0.345646 0.853645 0.874494
v 0.344156 0.853669 0.874534
v 0.341498 0.850659 0.874605
v 0.340254 0.853633 0.874638
v 0.345419 0.853151 0.874500
v 0.341498 0.850659 0.874605
v 0.340269 0.853550 0.874637
v 0.341498 0.850659 0.874605
v 0.340281 0.853459 0.874637
v 0.341498 0.850659 0.874605
v 0.340292 0.853361 0.874637
v 0.344658 0.853204 0.874521
v 0.345959 0.853264 0.874486
v 0.344636 0.853235 0.874521
v 0.341498 0.850659 0.874605
v 0.340299 0.853254 0.874636
v 0.346037 0.853142 0.874484
v 0.341498 0.850659 0.874605
v 0.340304 0.853139 0.874636
v 0.346054 0.853109 0.874483
v 0.344742 0.853085 0.874518
v 0.346101 0.853030 0.874482
v 0.341498 0.850659 0.874605
v 0.340307 0.853016 0.874636
v 0.346105 0.853003 0.874482
v 0.344800 0.852983 0.874517
v 0.344827 0.852933 0.874516
v 0.341104 0.851008 0.874615
v 0.340307 0.847518 0.874636
v 0.344965 0.852491 0.874512
v 0.346243 0.852559 0.874478
v 0.346247 0.852500 0.874478
v 0.344958 0.852489 0.874512
v 0.344971 0.852400 0.874512
v 0.346260 0.852382 0.874478
v 0.344970 0.852371 0.874512
v 0.346272 0.852260 0.874478
v 0.344974 0.852150 0.874512
v 0.346268 0.852147 0.874478
v 0.344973 0.852170 0.874512
v 0.344966 0.852066 0.874513
v 0.346263 0.852043 0.874478
v 0.344968 0.852092 0.874512
v 0.346261 0.851992 0.874478
v 0.346261 0.851992 0.874478
v 0.344954 0.851977 0.874513
v 0.346252 0.851941 0.874478
v 0.344947 0.851939 0.874513
v 0.344945 0.851914 0.874513
v 0.344927 0.851839 0.874513
v 0.346236 0.851841 0.874478
v 0.344932 0.851864 0.874513
v 0.346229 0.851792 0.874479
v 0.346215 0.851743 0.874479
v 0.344914 0.851790 0.874514
v 0.346205 0.851695 0.874479
v 0.344904 0.851754 0.874514
v 0.345426 0.851696 0.874501
v 0.344828 0.851551 0.874516
v 0.346156 0.851551 0.874480
v 0.344838 0.851574 0.874516
v 0.346141 0.851506 0.874481
v 0.346118 0.851459 0.874481
v 0.344806 0.851504 0.874516
v 0.346101 0.851414 0.874482
v 0.344790 0.851470 0.874517
v 0.346079 0.851370 0.874483
v 0.344734 0.851370 0.874519
v 0.346027 0.851279 0.874484
v 0.344690 0.851301 0.874520
v 0.346004 0.851236 0.874485
v 0.344670 0.851271 0.874520
v 0.346004 0.851236 0.874485
v 0.344624 0.851210 0.874521
v 0.345973 0.851192 0.874485
v 0.344598 0.851179 0.874522
v 0.345948 0.851150 0.874486
v 0.344574 0.851151 0.874523
v 0.345887 0.851066 0.874488
v 0.345921 0.851121 0.874487
v 0.345887 0.851066 0.874488
v 0.344522 0.851095 0.874524
v 0.344467 0.851043 0.874526
v 0.345850 0.851023 0.874489
v 0.344437 0.851016 0.874526
v 0.345820 0.850985 0.874489
v 0.344409 0.850993 0.874527
v 0.345780 0.850944 0.874491
v 0.344377 0.850967 0.874528
v 0.344345 0.850941 0.874528
v 0.344227 0.850866 0.874532
v 0.345706 0.850868 0.874493
v 0.344249 0.850879 0.874531
v 0.345671 0.850832 0.874493
v 0.345671 0.850832 0.874493
v 0.344147 0.850821 0.874534
v 0.345562 0.850739 0.874496
v 0.344109 0.850802 0.874535
v 0.345589 0.850762 0.874496
v 0.344074 0.850786 0.874536
v 0.343957 0.850738 0.874538
v 0.345502 0.850694 0.874498
v 0.343827 0.850696 0.874543
v 0.345452 0.850661 0.874499
v 0.343778 0.850683 0.874544
v 0.345410 0.850631 0.874500
v 0.343733 0.850672 0.874545
v 0.345410 0.850631 0.874500
v 0.343632 0.850650 0.874548
v 0.341518 0.850656 0.874604
v 0.340307 0.847518 0.874636
v 0.341638 0.850635 0.874610
v 0.345410 0.850631 0.874500
v 0.343525 0.850631 0.874551
v 0.345358 0.850599 0.874502
v 0.343465 0.850621 0.874552
v 0.345313 0.850571 0.874503
v 0.343412 0.850614 0.874554
v 0.341498 0.850086 0.874605
v 0.341766 0.850618 0.874597
v 0.341498 0.850088 0.874605
v 0.341893 0.850601 0.874594
v 0.345313 0.850571 0.874503
v 0.343293 0.850601 0.874557
v 0.345313 0.850571 0.874503
v 0.343167 0.850590 0.874560
v 0.342096 0.850589 0.874589
v 0.341498 0.850088 0.874605
v 0.342120 0.850584 0.874588
v 0.345313 0.850571 0.874503
v 0.342677 0.850572 0.874574
v 0.341574 0.850100 0.874603
v 0.342672 0.850573 0.874573
v 0.341606 0.850105 0.874602
v 0.342672 0.850573 0.874573
v 0.345313 0.850571 0.874503
v 0.342412 0.850421 0.874580
v 0.341635 0.850108 0.874601
v 0.345313 0.850571 0.874503
v 0.345241 0.850532 0.874505
v 0.341675 0.850113 0.874600
v 0.345211 0.850514 0.874506
v 0.345154 0.850487 0.874507
v 0.341692 0.850115 0.874599
v 0.341742 0.850119 0.874598
v 0.341701 0.850115 0.874599
v 0.345044 0.850436 0.874510
v 0.341730 0.850118 0.874598
v 0.344995 0.850412 0.874512
v 0.344751 0.850326 0.874546
v 0.341874 0.850128 0.874595
v 0.344751 0.850324 0.874518
v 0.344854 0.850301 0.874533
v 0.341914 0.850130 0.874593
v 0.344894 0.850292 0.874514
v 0.345024 0.850256 0.874509
v 0.342108 0.850138 0.874588
v 0.345030 0.850256 0.874511
v 0.345199 0.850204 0.874489
v 0.342141 0.850139 0.874587
v 0.342271 0.850142 0.874584
v 0.345161 0.850217 0.874507
v 0.342378 0.850143 0.874581
v 0.345340 0.850154 0.874502
v 0.342597 0.850144 0.874575
v 0.345404 0.850130 0.874501
v 0.342670 0.850143 0.874573
v 0.345404 0.850130 0.874501
v 0.342819 0.850139 0.874569
v 0.345404 0.850130 0.874501
v 0.342959 0.850132 0.874566
v 0.345456 0.850107 0.874499
v 0.343023 0.850128 0.874564
v 0.345516 0.850082 0.874498
v 0.343095 0.850121 0.874562
v 0.345516 0.850082 0.874498
v 0.343317 0.850095 0.874556
v 0.340824 0.847316 0.874623
v 0.341498 0.850088 0.874605
v 0.345565 0.850058 0.874496
v 0.343413 0.850079 0.874554
v 0.345622 0.850031 0.874495
v 0.343480 0.850066 0.874552
v 0.345622 0.850031 0.874495
v 0.343600 0.850041 0.874549
v 0.345668 0.850005 0.874494
v 0.343654 0.850028 0.874547
v 0.345722 0.849976 0.874492
v 0.343790 0.849992 0.874541
v 0.345765 0.849949 0.874491
v 0.343878 0.849963 0.874541
v 0.345816 0.849919 0.874490
v 0.343936 0.849943 0.874540
v 0.345816 0.849919 0.874490
v 0.344055 0.849897 0.874536
v 0.345856 0.849890 0.874489
v 0.344087 0.849883 0.874536
v 0.344176 0.849849 0.874533
v 0.345941 0.849828 0.874486
v 0.344185 0.849839 0.874533
v 0.345727 0.849545 0.874503
v 0.346157 0.849631 0.874480
v 0.344571 0.849602 0.874523
v 0.346195 0.849584 0.874480
v 0.344605 0.849574 0.874522
v 0.344633 0.849553 0.874521
v 0.344683 0.849512 0.874520
v 0.346280 0.849481 0.874477
v 0.344675 0.849514 0.874520
v 0.346363 0.849371 0.874475
v 0.344857 0.849315 0.874515
v 0.346422 0.849266 0.874473
v 0.344857 0.849315 0.874515
v 0.344896 0.849266 0.874514
v 0.346458 0.849208 0.874472
v 0.344934 0.849205 0.874513
v 0.346481 0.849153 0.874472
v 0.344956 0.849169 0.874513
v 0.344991 0.849115 0.874512
v 0.345047 0.848993 0.874510
v 0.346532 0.849036 0.874471
v 0.345037 0.849017 0.874510
v 0.346585 0.848893 0.874468
v 0.346596 0.848853 0.874469
v 0.345090 0.848901 0.874509
v 0.346596 0.848853 0.874469
v 0.345119 0.848823 0.874508
v 0.346649 0.848599 0.874467
v 0.345141 0.848747 0.874507
v 0.346646 0.848599 0.874467
v 0.345167 0.848667 0.874507
v 0.345188 0.848575 0.874505
v 0.346649 0.848534 0.874467
v 0.345193 0.848548 0.874506
v 0.346660 0.848407 0.874467
v 0.345206 0.848468 0.874506
v 0.346658 0.848467 0.874467
v 0.345212 0.848428 0.874506
v 0.345216 0.848348 0.874505
v 0.346660 0.848227 0.874467
v 0.345223 0.848266 0.874505
v 0.346654 0.848175 0.874467
v 0.345223 0.848225 0.874505
v 0.346652 0.848123 0.874467
v 0.345223 0.848164 0.874505
v 0.346643 0.848072 0.874468
v 0.345219 0.848103 0.874506
v 0.346638 0.848021 0.874468
v 0.345215 0.848044 0.874506
v 0.346626 0.847969 0.874468
v 0.345206 0.847984 0.874506
v 0.345206 0.847946 0.874506
v 0.345186 0.847868 0.874506
v 0.346604 0.847867 0.874469
v 0.345186 0.847868 0.874506
v 0.345168 0.847784 0.874506
v 0.346576 0.847766 0.874469
v 0.345157 0.847755 0.874507
v 0.345699 0.847648 0.874498
v 0.346504 0.847566 0.874471
v 0.345075 0.847540 0.874509
v 0.346486 0.847518 0.874472
v 0.345052 0.847491 0.874510
v 0.346439 0.847420 0.874474
v 0.344945 0.847302 0.874513
v 0.341498 0.846636 0.874605
v 0.340308 0.847457 0.874636
v 0.341498 0.846636 0.874605
v 0.340306 0.847346 0.874636
v 0.346354 0.847272 0.874475
v 0.344891 0.847242 0.874514
v 0.341498 0.846636 0.874605
v 0.340302 0.847242 0.874636
v 0.346103 0.846968 0.874484
v 0.341498 0.846636 0.874605
v 0.340296 0.847146 0.874637
v 0.341498 0.846636 0.874605
v 0.340288 0.847055 0.874637
v 0.344536 0.846894 0.874524
v 0.341498 0.846636 0.874605
v 0.340278 0.846972 0.874637
v 0.341498 0.846636 0.874605
v 0.340266 0.846895 0.874637
v 0.346048 0.846862 0.874483
v 0.344483 0.846859 0.874525
v 0.341498 0.846636 0.874605
v 0.340252 0.846825 0.874638
v 0.344152 0.846677 0.874534
v 0.340191 0.846633 0.874639
v 0.340243 0.846792 0.874638
v 0.345834 0.846667 0.874489
v 0.344180 0.846693 0.874533
v 0.345794 0.846633 0.874490
v 0.345794 0.846633 0.874490
v 0.343988 0.846619 0.874538
v 0.341550 0.846624 0.874603
v 0.340187 0.846632 0.874640
v 0.345744 0.846597 0.874492
v 0.343910 0.846595 0.874540
v 0.340173 0.846606 0.874640
v 0.341671 0.846598 0.874600
v 0.340164 0.846592 0.874640
v 0.345702 0.846565 0.874493
v 0.343845 0.846577 0.874542
v 0.341738 0.846585 0.874598
v 0.340145 0.846566 0.874641
v 0.341831 0.846566 0.874593
v 0.340124 0.846539 0.874641
v 0.345649 0.846532 0.874494
v 0.343763 0.846556 0.874544
v 0.345605 0.846502 0.874495
v 0.343696 0.846542 0.874546
v 0.342030 0.846535 0.874590
v 0.340124 0.846539 0.874641
v 0.340249 0.846610 0.874608
v 0.345605 0.846502 0.874495
v 0.343539 0.846513 0.874550
v 0.345550 0.846471 0.874497
v 0.343448 0.846500 0.874553
v 0.345504 0.846443 0.874498
v 0.343374 0.846492 0.874555
v 0.345504 0.846443 0.874498
v 0.343201 0.846477 0.874559
v 0.345504 0.846443 0.874498
v 0.343021 0.846470 0.874564
v 0.345452 0.846416 0.874499
v 0.345399 0.846388 0.874501
v 0.339950 0.846389 0.874646
v 0.345342 0.846362 0.874502
v 0.339921 0.846371 0.874647
v 0.345233 0.846314 0.874505
v 0.339865 0.846343 0.874648
v 0.345176 0.846291 0.874507
v 0.339761 0.846305 0.874651
v 0.345176 0.846291 0.874507
v 0.339689 0.846286 0.874653
v 0.345114 0.846270 0.874508
v 0.339652 0.846278 0.874654
v 0.345056 0.846249 0.874510
v 0.339614 0.846272 0.874655
v 0.345056 0.846249 0.874510
v 0.339535 0.846263 0.874657
v 0.344848 0.846187 0.874521
v 0.339090 0.846254 0.874668
v 0.339090 0.846027 0.874669
v 0.344383 0.846105 0.874528
v 0.339090 0.846027 0.874669
v 0.344124 0.846074 0.874535
v 0.343822 0.846050 0.874543
v 0.339090 0.846027 0.874669
v 0.343614 0.846039 0.874548
v 0.339090 0.846027 0.874669
v 0.343341 0.846030 0.874553
v 0.345497 0.850378 0.874599
v 0.346851 0.848748 0.874804
v 0.346280 0.846613 0.874477
v 0.340797 0.845347 0.874966
v 0.340068 0.846351 0.874643
v 0.340088 0.854801 0.874985
v 0.340070 0.854114 0.874643
v 0.345738 0.854001 0.874492
v 0.346521 0.852392 0.874813
v 0.344002 0.850512 0.874880
v 0.343891 0.850495 0.874541
v 0.344909 0.853297 0.874728
v 0.342707 0.854147 0.874690
v 0.342998 0.846346 0.874743
v 0.345393 0.848069 0.874685
v 0.343832 0.850198 0.874542
v 0.343105 0.850242 0.874904
v 0.305791 0.852686 0.870260
v 0.293585 0.858008 0.870585
v 0.304654 0.853708 0.875211
v 0.293974 0.857594 0.875449
v 0.304110 0.846491 0.875250
v 0.299652 0.842830 0.870424
v 0.293916 0.843260 0.875451
v 0.287446 0.848152 0.870749
v 0.287994 0.850444 0.875673
v 0.295058 0.857297 0.875580
v 0.300909 0.856635 0.875415
v 0.305023 0.852410 0.875279
v 0.304056 0.846563 0.875193
v 0.298447 0.843541 0.875490
v 0.292594 0.844201 0.875643
v 0.288483 0.848429 0.875712
v 0.289436 0.854280 0.875600
v 0.295723 0.857811 0.870527
v 0.302382 0.856115 0.870350
v 0.305709 0.850419 0.870262
v 0.302382 0.844724 0.870351
v 0.295723 0.843027 0.870528
v 0.288404 0.846920 0.870723
v 0.288987 0.854517 0.870708
v 0.294035 0.847583 0.876211
v 0.297233 0.854659 0.876126
v 0.294105 0.847710 0.876209
v 0.296935 0.853280 0.876134
v 0.296836 0.852709 0.876136
v 0.299137 0.848950 0.876076
v 0.295371 0.849306 0.876175
v 0.298668 0.849093 0.876088
v 0.296836 0.852709 0.876136
v 0.294105 0.847710 0.876209
v 0.295229 0.848993 0.876179
v 0.295179 0.848846 0.876181
v 0.294588 0.847468 0.876195
v 0.299164 0.847063 0.876074
v 0.300498 0.847013 0.876039
v 0.294023 0.847501 0.876211
v 0.294608 0.847518 0.876196
v 0.293945 0.847356 0.876212
v 0.293917 0.847292 0.876214
v 0.294526 0.847322 0.876198
v 0.293897 0.847238 0.876215
v 0.294515 0.847288 0.876198
v 0.293856 0.847170 0.876216
v 0.294479 0.847194 0.876199
v 0.293835 0.847119 0.876216
v 0.294469 0.847152 0.876199
v 0.293796 0.847056 0.876217
v 0.294433 0.847030 0.876200
v 0.293775 0.847009 0.876218
v 0.294433 0.847030 0.876200
v 0.299160 0.847022 0.876075
v 0.300496 0.847035 0.876039
v 0.300560 0.846919 0.876038
v 0.294412 0.846956 0.876200
v 0.299174 0.846959 0.876074
v 0.300550 0.846939 0.876038
v 0.293715 0.846907 0.876220
v 0.294410 0.846922 0.876201
v 0.300603 0.846852 0.876036
v 0.299184 0.846900 0.876074
v 0.300603 0.846852 0.876036
v 0.293679 0.846854 0.876221
v 0.294405 0.846897 0.876201
v 0.293679 0.846854 0.876221
v 0.294400 0.846850 0.876201
v 0.299191 0.846846 0.876074
v 0.300603 0.846852 0.876036
v 0.293657 0.846814 0.876221
v 0.294398 0.846827 0.876201
v 0.299570 0.847137 0.876068
v 0.293622 0.846766 0.876222
v 0.294397 0.846806 0.876201
v 0.293622 0.846766 0.876222
v 0.294397 0.846769 0.876201
v 0.293599 0.846730 0.876223
v 0.294398 0.846753 0.876201
v 0.293566 0.846687 0.876224
v 0.294400 0.846738 0.876201
v 0.294405 0.846702 0.876203
v 0.299187 0.846690 0.876074
v 0.300707 0.846702 0.876033
v 0.299179 0.846658 0.876074
v 0.300773 0.846622 0.876031
v 0.294416 0.846662 0.876201
v 0.293543 0.846654 0.876224
v 0.294417 0.846662 0.876201
v 0.293511 0.846616 0.876225
v 0.299170 0.846628 0.876074
v 0.300757 0.846640 0.876032
v 0.299155 0.846593 0.876075
v 0.294449 0.846591 0.876202
v 0.293487 0.846586 0.876226
v 0.294442 0.846604 0.876200
v 0.294484 0.846540 0.876199
v 0.299150 0.846583 0.876075
v 0.300829 0.846563 0.876030
v 0.299099 0.846501 0.876076
v 0.300972 0.846449 0.876026
v 0.293433 0.846528 0.876227
v 0.294478 0.846549 0.876199
v 0.293404 0.846499 0.876228
v 0.293404 0.846499 0.876228
v 0.294511 0.846510 0.876198
v 0.299084 0.846487 0.876077
v 0.300905 0.846499 0.876028
v 0.293390 0.846487 0.876228
v 0.294524 0.846496 0.876198
v 0.299033 0.846437 0.876078
v 0.294532 0.846488 0.876198
v 0.294551 0.846471 0.876197
v 0.293359 0.846463 0.876229
v 0.294551 0.846471 0.876197
v 0.293342 0.846451 0.876230
v 0.294590 0.846439 0.876197
v 0.293323 0.846440 0.876230
v 0.294580 0.846447 0.876197
v 0.293303 0.846428 0.876231
v 0.293282 0.846418 0.876231
v 0.294613 0.846423 0.876196
v 0.293259 0.846406 0.876232
v 0.294632 0.846412 0.876195
v 0.293236 0.846396 0.876232
v 0.294653 0.846401 0.876195
v 0.298968 0.846391 0.876080
v 0.301073 0.846397 0.876024
v 0.293210 0.846385 0.876233
v 0.294674 0.846391 0.876194
v 0.298950 0.846381 0.876080
v 0.293184 0.846375 0.876234
v 0.294698 0.846380 0.876193
v 0.298895 0.846355 0.876082
v 0.293124 0.846354 0.876237
v 0.294763 0.846355 0.876193
v 0.298909 0.846361 0.876081
v 0.301166 0.846356 0.876021
v 0.301246 0.846328 0.876020
v 0.293065 0.846335 0.876237
v 0.294806 0.846343 0.876191
v 0.293793 0.846459 0.876213
v 0.298840 0.846335 0.876083
v 0.301269 0.846321 0.876018
v 0.298788 0.846319 0.876085
v 0.301269 0.846321 0.876018
v 0.300078 0.846495 0.876051
v 0.292848 0.846282 0.876243
v 0.295094 0.846285 0.876183
v 0.298605 0.846282 0.876089
v 0.301415 0.846286 0.876014
v 0.298569 0.846277 0.876090
v 0.301453 0.846280 0.876013
v 0.292806 0.846273 0.876244
v 0.295134 0.846280 0.876182
v 0.298534 0.846273 0.876091
v 0.301493 0.846274 0.876012
v 0.292711 0.846202 0.876240
v 0.295377 0.846221 0.876173
v 0.298333 0.846220 0.876096
v 0.301666 0.846220 0.876009
v 0.296825 0.854129 0.875795
v 0.294145 0.847551 0.875866
v 0.300204 0.847636 0.875704
v 0.297067 0.853347 0.875788
v 0.295362 0.849306 0.875833
v 0.300271 0.847538 0.875703
v 0.298255 0.849306 0.875756
v 0.295220 0.848993 0.875837
v 0.294096 0.847710 0.875867
v 0.295170 0.848846 0.875838
v 0.298428 0.848846 0.875752
v 0.300204 0.847636 0.875704
v 0.298376 0.849021 0.875753
v 0.299014 0.847448 0.875736
v 0.293953 0.847382 0.875870
v 0.294578 0.847475 0.875854
v 0.293969 0.847423 0.875870
v 0.300286 0.847438 0.875702
v 0.299013 0.847448 0.875736
v 0.299040 0.847382 0.875736
v 0.294546 0.847398 0.875855
v 0.293969 0.847423 0.875870
v 0.294534 0.847361 0.875855
v 0.300343 0.847313 0.875701
v 0.299046 0.847360 0.875735
v 0.294517 0.847322 0.875856
v 0.293908 0.847292 0.875872
v 0.300376 0.847250 0.875700
v 0.299102 0.847199 0.875734
v 0.294506 0.847288 0.875856
v 0.293888 0.847238 0.875872
v 0.294491 0.847251 0.875856
v 0.293847 0.847170 0.875874
v 0.300400 0.847197 0.875699
v 0.299101 0.847199 0.875734
v 0.294468 0.847184 0.875857
v 0.293847 0.847170 0.875874
v 0.299119 0.847149 0.875733
v 0.294163 0.847120 0.875864
v 0.300456 0.847089 0.875698
v 0.299124 0.847125 0.875733
v 0.300487 0.847035 0.875697
v 0.299134 0.847089 0.875733
v 0.294431 0.847059 0.875858
v 0.293787 0.847056 0.875875
v 0.294419 0.847002 0.875859
v 0.293708 0.846918 0.875877
v 0.300487 0.847035 0.875697
v 0.299151 0.847022 0.875732
v 0.300511 0.846989 0.875696
v 0.299158 0.846990 0.875732
v 0.300541 0.846939 0.875695
v 0.299165 0.846959 0.875732
v 0.294405 0.846947 0.875859
v 0.293728 0.846951 0.875877
v 0.294388 0.846858 0.875859
v 0.300612 0.846826 0.875693
v 0.300553 0.846912 0.875695
v 0.300594 0.846852 0.875694
v 0.299175 0.846900 0.875732
v 0.300594 0.846852 0.875694
v 0.299182 0.846846 0.875732
v 0.294389 0.846827 0.875859
v 0.293647 0.846814 0.875879
v 0.299184 0.846796 0.875732
v 0.293528 0.846647 0.875882
v 0.300670 0.846739 0.875692
v 0.299186 0.846773 0.875731
v 0.300698 0.846702 0.875691
v 0.299185 0.846756 0.875731
v 0.294398 0.846692 0.875859
v 0.299183 0.846717 0.875736
v 0.299172 0.846664 0.875730
v 0.300721 0.846672 0.875691
v 0.299175 0.846674 0.875732
v 0.294403 0.846677 0.875859
v 0.293557 0.846687 0.875881
v 0.294426 0.846618 0.875857
v 0.300748 0.846640 0.875690
v 0.300748 0.846640 0.875690
v 0.299161 0.846628 0.875732
v 0.300797 0.846586 0.875688
v 0.299147 0.846593 0.875733
v 0.300820 0.846563 0.875688
v 0.299141 0.846583 0.875733
v 0.299119 0.846541 0.875732
v 0.294459 0.846563 0.875857
v 0.293448 0.846553 0.875884
v 0.294480 0.846536 0.875856
v 0.293385 0.846491 0.875886
v 0.300869 0.846520 0.875687
v 0.299107 0.846527 0.875733
v 0.300948 0.846463 0.875685
v 0.294502 0.846510 0.875856
v 0.293394 0.846499 0.875886
v 0.299004 0.846418 0.875736
v 0.294528 0.846484 0.875855
v 0.294541 0.846471 0.875855
v 0.293350 0.846463 0.875887
v 0.294555 0.846459 0.875855
v 0.293332 0.846451 0.875887
v 0.293975 0.846653 0.875857
v 0.293239 0.846401 0.875890
v 0.301033 0.846413 0.875682
v 0.299009 0.846425 0.875736
v 0.301064 0.846397 0.875681
v 0.294623 0.846412 0.875853
v 0.293250 0.846406 0.875889
v 0.293203 0.846384 0.875891
v 0.301064 0.846397 0.875681
v 0.298959 0.846391 0.875737
v 0.294665 0.846391 0.875852
v 0.293200 0.846385 0.875891
v 0.299978 0.846605 0.875710
v 0.294762 0.846353 0.875848
v 0.298886 0.846355 0.875739
v 0.301157 0.846356 0.875679
v 0.298900 0.846361 0.875739
v 0.301191 0.846343 0.875678
v 0.293007 0.846321 0.875897
v 0.301224 0.846333 0.875677
v 0.298855 0.846343 0.875740
v 0.301260 0.846321 0.875676
v 0.298830 0.846335 0.875741
v 0.298788 0.846322 0.875742
v 0.298738 0.846308 0.875743
v 0.294892 0.846319 0.875846
v 0.293022 0.846325 0.875896
v 0.292952 0.846307 0.875897
v 0.301294 0.846312 0.875675
v 0.298750 0.846312 0.875743
v 0.298691 0.846298 0.875745
v 0.294964 0.846305 0.875844
v 0.292952 0.846307 0.875897
v 0.295084 0.846286 0.875840
v 0.292700 0.846229 0.875909
v 0.301367 0.846295 0.875673
v 0.298691 0.846298 0.875745
v 0.301406 0.846286 0.875672
v 0.298553 0.846275 0.875748
v 0.301444 0.846280 0.875671
v 0.298560 0.846277 0.875748
v 0.298472 0.846267 0.875751
v 0.295215 0.846270 0.875837
v 0.292797 0.846273 0.875902
v 0.301524 0.846269 0.875669
v 0.298488 0.846269 0.875750
v 0.295367 0.846201 0.875838
v 0.298411 0.846262 0.875752
v 0.301606 0.846261 0.875667
v 0.298411 0.846262 0.875752
v 0.301650 0.846142 0.875679
v 0.298326 0.846142 0.875768
v 0.294108 0.846746 0.876209
v 0.294097 0.846721 0.875867
v 0.297168 0.854673 0.875956
v 0.299694 0.846917 0.876060
v 0.299641 0.846970 0.875719
v 0.295367 0.849306 0.876004
v 0.298259 0.849306 0.875927
v 0.296832 0.852709 0.875965
v 0.316702 0.858008 0.869970
v 0.327679 0.853947 0.874616
v 0.310563 0.848152 0.870133
v 0.328908 0.852686 0.869645
v 0.327442 0.846596 0.874669
v 0.322768 0.842830 0.869808
v 0.317033 0.843260 0.874835
v 0.311172 0.850368 0.875032
v 0.316757 0.857538 0.874856
v 0.318175 0.857297 0.874965
v 0.324026 0.856635 0.874799
v 0.328140 0.852410 0.874663
v 0.327173 0.846563 0.874577
v 0.321563 0.843541 0.874875
v 0.315711 0.844201 0.875028
v 0.311599 0.848429 0.875096
v 0.312552 0.854280 0.874985
v 0.318839 0.857811 0.869912
v 0.325499 0.856115 0.869735
v 0.328825 0.850419 0.869647
v 0.325499 0.844724 0.869735
v 0.318839 0.843027 0.869912
v 0.311521 0.846920 0.870108
v 0.312104 0.854517 0.870092
v 0.319957 0.854620 0.875521
v 0.320135 0.854614 0.875516
v 0.319849 0.854615 0.875524
v 0.320135 0.854614 0.875516
v 0.319720 0.854602 0.875527
v 0.320253 0.854600 0.875513
v 0.319641 0.854587 0.875529
v 0.320292 0.854594 0.875512
v 0.319473 0.854548 0.875532
v 0.320446 0.854559 0.875508
v 0.319484 0.854551 0.875533
v 0.320505 0.854539 0.875506
v 0.320612 0.854511 0.875503
v 0.319346 0.854503 0.875537
v 0.320598 0.854511 0.875504
v 0.319182 0.854436 0.875541
v 0.320924 0.854354 0.875495
v 0.319059 0.854369 0.875545
v 0.320893 0.854374 0.875496
v 0.321037 0.854285 0.875492
v 0.318964 0.854313 0.875547
v 0.321037 0.854285 0.875492
v 0.318913 0.854282 0.875548
v 0.321177 0.854182 0.875488
v 0.318873 0.854252 0.875550
v 0.319968 0.854211 0.875520
v 0.319968 0.854211 0.875520
v 0.318772 0.854178 0.875552
v 0.319899 0.854208 0.875522
v 0.319917 0.854209 0.875522
v 0.319980 0.854211 0.875520
v 0.321177 0.854182 0.875488
v 0.320058 0.854207 0.875518
v 0.318702 0.854129 0.875554
v 0.319862 0.854204 0.875523
v 0.320116 0.854202 0.875516
v 0.321177 0.854182 0.875488
v 0.318702 0.854129 0.875554
v 0.319794 0.854194 0.875525
v 0.320171 0.854193 0.875515
v 0.320226 0.854182 0.875514
v 0.321177 0.854182 0.875488
v 0.318702 0.854129 0.875554
v 0.319727 0.854178 0.875527
v 0.320396 0.854125 0.875509
v 0.321357 0.854025 0.875483
v 0.318702 0.854129 0.875554
v 0.319596 0.854132 0.875530
v 0.318658 0.854087 0.875555
v 0.319570 0.854116 0.875531
v 0.319467 0.854063 0.875541
v 0.320519 0.854053 0.875506
v 0.321315 0.854066 0.875485
v 0.320590 0.853999 0.875504
v 0.318588 0.854033 0.875557
v 0.319413 0.854019 0.875535
v 0.318547 0.853988 0.875558
v 0.319388 0.853998 0.875536
v 0.318478 0.853930 0.875560
v 0.319355 0.853971 0.875537
v 0.320673 0.853922 0.875502
v 0.321450 0.853935 0.875481
v 0.318478 0.853930 0.875560
v 0.319297 0.853919 0.875538
v 0.320697 0.853895 0.875501
v 0.321494 0.853876 0.875480
v 0.318438 0.853881 0.875561
v 0.319273 0.853893 0.875539
v 0.320728 0.853861 0.875500
v 0.321583 0.853791 0.875477
v 0.318372 0.853819 0.875563
v 0.319241 0.853861 0.875540
v 0.318840 0.853788 0.875551
v 0.320782 0.853794 0.875499
v 0.321583 0.853791 0.875477
v 0.320804 0.853761 0.875498
v 0.321625 0.853726 0.875476
v 0.320834 0.853721 0.875497
v 0.321712 0.853634 0.875474
v 0.318136 0.853530 0.875570
v 0.320884 0.853642 0.875496
v 0.321712 0.853634 0.875474
v 0.318171 0.853575 0.875568
v 0.319037 0.853587 0.875545
v 0.320904 0.853604 0.875495
v 0.321866 0.853424 0.875470
v 0.320932 0.853557 0.875495
v 0.321866 0.853424 0.875470
v 0.318975 0.853464 0.875547
v 0.320978 0.853468 0.875494
v 0.318044 0.853380 0.875572
v 0.318951 0.853423 0.875548
v 0.321023 0.853373 0.875492
v 0.321866 0.853424 0.875470
v 0.321951 0.853266 0.875468
v 0.318899 0.853337 0.875549
v 0.321065 0.853270 0.875491
v 0.322006 0.853202 0.875466
v 0.317956 0.853237 0.875574
v 0.318894 0.853301 0.875549
v 0.317901 0.853155 0.875575
v 0.318861 0.853230 0.875550
v 0.321107 0.853163 0.875490
v 0.322006 0.853202 0.875466
v 0.321474 0.853050 0.875479
v 0.317901 0.853155 0.875575
v 0.318811 0.853097 0.875551
v 0.317871 0.853083 0.875576
v 0.318793 0.853030 0.875552
v 0.317818 0.853000 0.875578
v 0.318764 0.852954 0.875552
v 0.317790 0.852925 0.875578
v 0.318748 0.852883 0.875553
v 0.317740 0.852838 0.875580
v 0.318721 0.852803 0.875554
v 0.317714 0.852759 0.875580
v 0.318708 0.852728 0.875554
v 0.321267 0.852600 0.875485
v 0.317666 0.852668 0.875582
v 0.318676 0.852617 0.875555
v 0.321251 0.852660 0.875486
v 0.322274 0.852607 0.875459
v 0.317641 0.852585 0.875582
v 0.318671 0.852564 0.875555
v 0.322347 0.852463 0.875457
v 0.317521 0.852299 0.875586
v 0.321317 0.852390 0.875485
v 0.322347 0.852463 0.875457
v 0.322392 0.852266 0.875455
v 0.321350 0.852201 0.875484
v 0.322434 0.852193 0.875455
v 0.318159 0.851966 0.875569
v 0.321366 0.852011 0.875484
v 0.322508 0.851911 0.875453
v 0.317460 0.852031 0.875587
v 0.318583 0.852028 0.875557
v 0.321404 0.851811 0.875482
v 0.322508 0.851911 0.875453
v 0.322496 0.851719 0.875453
v 0.317325 0.851457 0.875592
v 0.321425 0.851602 0.875482
v 0.322568 0.851616 0.875451
v 0.317340 0.851528 0.875590
v 0.318522 0.851568 0.875559
v 0.321425 0.851498 0.875482
v 0.322570 0.851471 0.875451
v 0.318512 0.851358 0.875559
v 0.321445 0.851274 0.875481
v 0.322652 0.851093 0.875448
v 0.317303 0.851215 0.875591
v 0.318503 0.851296 0.875559
v 0.318120 0.850953 0.875569
v 0.321464 0.850944 0.875481
v 0.322648 0.850991 0.875449
v 0.321438 0.850552 0.875482
v 0.322679 0.850077 0.875448
v 0.317261 0.850771 0.875592
v 0.318466 0.850752 0.875560
v 0.317243 0.850657 0.875593
v 0.318455 0.850661 0.875561
v 0.317249 0.850542 0.875593
v 0.318458 0.850571 0.875561
v 0.317234 0.850425 0.875593
v 0.318448 0.850480 0.875561
v 0.317244 0.850309 0.875593
v 0.318452 0.850391 0.875561
v 0.317231 0.850188 0.875593
v 0.318436 0.850210 0.875560
v 0.321472 0.850119 0.875480
v 0.322672 0.850077 0.875448
v 0.317249 0.850047 0.875593
v 0.318448 0.850032 0.875561
v 0.322637 0.849921 0.875449
v 0.317236 0.849910 0.875593
v 0.318433 0.849891 0.875561
v 0.321462 0.849823 0.875481
v 0.322663 0.849842 0.875449
v 0.317767 0.849639 0.875579
v 0.321440 0.849674 0.875481
v 0.322645 0.849725 0.875449
v 0.321449 0.849538 0.875481
v 0.322648 0.849613 0.875449
v 0.321426 0.849393 0.875482
v 0.322628 0.849497 0.875450
v 0.318474 0.849203 0.875560
v 0.321432 0.849265 0.875481
v 0.322628 0.849390 0.875450
v 0.322353 0.849179 0.875456
v 0.317304 0.849240 0.875591
v 0.318474 0.849203 0.875560
v 0.318451 0.849036 0.875561
v 0.321387 0.848867 0.875483
v 0.317342 0.848985 0.875590
v 0.318495 0.848944 0.875560
v 0.321387 0.848867 0.875483
v 0.322540 0.848857 0.875452
v 0.317349 0.848865 0.875590
v 0.318495 0.848824 0.875560
v 0.321404 0.848708 0.875482
v 0.317389 0.848736 0.875589
v 0.318522 0.848695 0.875559
v 0.321361 0.848622 0.875483
v 0.322499 0.848655 0.875453
v 0.318500 0.848618 0.875560
v 0.318548 0.848453 0.875558
v 0.321358 0.848510 0.875483
v 0.322487 0.848560 0.875453
v 0.317446 0.848495 0.875588
v 0.318555 0.848454 0.875558
v 0.321331 0.848389 0.875484
v 0.322452 0.848458 0.875454
v 0.317976 0.847875 0.875574
v 0.321326 0.848284 0.875484
v 0.322437 0.848368 0.875455
v 0.322183 0.848099 0.875462
v 0.321204 0.847701 0.875488
v 0.321218 0.847764 0.875487
v 0.322206 0.847739 0.875461
v 0.322144 0.847582 0.875462
v 0.317768 0.847597 0.875579
v 0.318745 0.847579 0.875553
v 0.321161 0.847524 0.875489
v 0.322105 0.847502 0.875463
v 0.317800 0.847503 0.875578
v 0.318764 0.847487 0.875553
v 0.317873 0.847390 0.875576
v 0.318808 0.847382 0.875551
v 0.321140 0.847465 0.875489
v 0.322055 0.847421 0.875465
v 0.321127 0.847411 0.875490
v 0.322027 0.847351 0.875466
v 0.317908 0.847300 0.875575
v 0.318829 0.847296 0.875551
v 0.321091 0.847306 0.875490
v 0.322027 0.847351 0.875466
v 0.321069 0.847251 0.875491
v 0.321967 0.847251 0.875467
v 0.318004 0.847171 0.875573
v 0.318876 0.847195 0.875549
v 0.321053 0.847204 0.875492
v 0.321945 0.847208 0.875468
v 0.321469 0.846968 0.875479
v 0.318044 0.847073 0.875572
v 0.318897 0.847125 0.875549
v 0.318143 0.846957 0.875569
v 0.318937 0.847047 0.875548
v 0.320969 0.847019 0.875494
v 0.321772 0.846944 0.875472
v 0.318917 0.846968 0.875549
v 0.319118 0.846718 0.875543
v 0.320923 0.846935 0.875495
v 0.321772 0.846944 0.875472
v 0.320799 0.846749 0.875498
v 0.321372 0.846478 0.875483
v 0.318289 0.846757 0.875565
v 0.319075 0.846790 0.875544
v 0.318404 0.846597 0.875562
v 0.320660 0.846599 0.875502
v 0.321488 0.846607 0.875480
v 0.320467 0.846447 0.875507
v 0.318486 0.846510 0.875560
v 0.319265 0.846547 0.875539
v 0.318595 0.846424 0.875557
v 0.319317 0.846501 0.875538
v 0.318645 0.846362 0.875556
v 0.319352 0.846469 0.875537
v 0.319423 0.846403 0.875535
v 0.319618 0.846317 0.875530
v 0.318754 0.846287 0.875553
v 0.319602 0.846327 0.875530
v 0.320246 0.846334 0.875513
v 0.321176 0.846341 0.875488
v 0.320137 0.846297 0.875517
v 0.321016 0.846234 0.875491
v 0.318809 0.846234 0.875551
v 0.318809 0.846234 0.875551
v 0.319752 0.846287 0.875526
v 0.320017 0.846275 0.875519
v 0.321067 0.846267 0.875491
v 0.318809 0.846234 0.875551
v 0.319864 0.846273 0.875523
v 0.319961 0.846271 0.875521
v 0.321067 0.846267 0.875491
v 0.319825 0.846263 0.875524
v 0.321067 0.846267 0.875491
v 0.318906 0.846175 0.875549
v 0.320959 0.846200 0.875494
v 0.320030 0.845825 0.875516
v 0.319263 0.845998 0.875539
v 0.320638 0.846036 0.875503
v 0.319336 0.845967 0.875537
v 0.320578 0.846013 0.875504
v 0.319336 0.845967 0.875537
v 0.320463 0.845970 0.875507
v 0.319455 0.845938 0.875534
v 0.320427 0.845959 0.875508
v 0.319522 0.845918 0.875532
v 0.320231 0.845908 0.875513
v 0.319663 0.845899 0.875529
v 0.320220 0.845907 0.875514
v 0.320052 0.845886 0.875516
v 0.319934 0.845880 0.875521
v 0.319715 0.845888 0.875527
v 0.320125 0.854614 0.875174
v 0.319947 0.854620 0.875178
v 0.320125 0.854614 0.875174
v 0.319840 0.854615 0.875181
v 0.320164 0.854607 0.875173
v 0.319768 0.854610 0.875183
v 0.320382 0.854573 0.875167
v 0.319543 0.854573 0.875189
v 0.320496 0.854539 0.875164
v 0.319475 0.854551 0.875191
v 0.320589 0.854511 0.875161
v 0.319260 0.854474 0.875196
v 0.320651 0.854484 0.875160
v 0.319283 0.854484 0.875196
v 0.319187 0.854442 0.875199
v 0.320800 0.854415 0.875156
v 0.319187 0.854442 0.875199
v 0.320884 0.854374 0.875154
v 0.319093 0.854394 0.875201
v 0.320884 0.854374 0.875154
v 0.319049 0.854369 0.875202
v 0.320965 0.854318 0.875151
v 0.321028 0.854285 0.875150
v 0.318955 0.854313 0.875205
v 0.321090 0.854237 0.875148
v 0.318904 0.854282 0.875206
v 0.319959 0.854211 0.875178
v 0.318864 0.854252 0.875207
v 0.321168 0.854182 0.875146
v 0.319999 0.854214 0.875177
v 0.318740 0.854162 0.875212
v 0.321168 0.854182 0.875146
v 0.319964 0.854211 0.875178
v 0.321168 0.854182 0.875146
v 0.320049 0.854207 0.875176
v 0.319853 0.854204 0.875181
v 0.318693 0.854129 0.875212
v 0.321168 0.854182 0.875146
v 0.320107 0.854202 0.875174
v 0.319225 0.854037 0.875197
v 0.320201 0.854186 0.875172
v 0.321219 0.854133 0.875145
v 0.320241 0.854176 0.875171
v 0.321306 0.854066 0.875142
v 0.320269 0.854167 0.875170
v 0.321306 0.854066 0.875142
v 0.320320 0.854150 0.875169
v 0.321306 0.854066 0.875142
v 0.320370 0.854130 0.875167
v 0.321306 0.854066 0.875142
v 0.320418 0.854107 0.875166
v 0.320465 0.854082 0.875165
v 0.321306 0.854066 0.875142
v 0.320510 0.854053 0.875164
v 0.321352 0.854012 0.875141
v 0.320531 0.854039 0.875163
v 0.319404 0.854019 0.875193
v 0.318579 0.854033 0.875215
v 0.321441 0.853935 0.875139
v 0.320639 0.853954 0.875162
v 0.319378 0.853998 0.875194
v 0.318537 0.853988 0.875216
v 0.319346 0.853971 0.875194
v 0.318469 0.853930 0.875218
v 0.319288 0.853919 0.875196
v 0.318469 0.853930 0.875218
v 0.321485 0.853876 0.875138
v 0.320688 0.853895 0.875159
v 0.319239 0.853864 0.875197
v 0.318393 0.853856 0.875220
v 0.321574 0.853791 0.875135
v 0.320719 0.853861 0.875158
v 0.319165 0.853784 0.875199
v 0.318363 0.853819 0.875221
v 0.321574 0.853791 0.875135
v 0.320773 0.853794 0.875157
v 0.319112 0.853699 0.875201
v 0.321616 0.853726 0.875134
v 0.320795 0.853761 0.875156
v 0.321703 0.853634 0.875132
v 0.320824 0.853721 0.875155
v 0.318149 0.853546 0.875226
v 0.321703 0.853634 0.875132
v 0.320875 0.853642 0.875154
v 0.319028 0.853587 0.875203
v 0.318162 0.853575 0.875226
v 0.321748 0.853550 0.875131
v 0.320895 0.853604 0.875153
v 0.321857 0.853424 0.875128
v 0.320923 0.853557 0.875153
v 0.318066 0.853442 0.875229
v 0.318966 0.853476 0.875205
v 0.318068 0.853443 0.875229
v 0.321857 0.853424 0.875128
v 0.320999 0.853412 0.875149
v 0.318447 0.853288 0.875218
v 0.321898 0.853330 0.875127
v 0.321031 0.853325 0.875150
v 0.321997 0.853202 0.875124
v 0.321056 0.853270 0.875149
v 0.318852 0.853230 0.875208
v 0.317892 0.853155 0.875233
v 0.321997 0.853202 0.875124
v 0.321097 0.853163 0.875148
v 0.322034 0.853101 0.875123
v 0.321113 0.853110 0.875147
v 0.318809 0.853100 0.875209
v 0.317788 0.852949 0.875235
v 0.321413 0.852994 0.875139
v 0.318755 0.852954 0.875210
v 0.317809 0.853000 0.875235
v 0.318739 0.852883 0.875211
v 0.318712 0.852803 0.875211
v 0.317731 0.852838 0.875237
v 0.318698 0.852728 0.875212
v 0.317705 0.852759 0.875238
v 0.321268 0.852540 0.875144
v 0.318273 0.852684 0.875223
v 0.322265 0.852607 0.875117
v 0.321242 0.852660 0.875144
v 0.322390 0.852322 0.875114
v 0.317500 0.852246 0.875244
v 0.318606 0.852300 0.875214
v 0.317524 0.852310 0.875243
v 0.318586 0.852090 0.875214
v 0.322425 0.852193 0.875112
v 0.321341 0.852201 0.875141
v 0.322440 0.852064 0.875112
v 0.321348 0.852109 0.875141
v 0.318574 0.852028 0.875215
v 0.317450 0.852031 0.875245
v 0.321702 0.851915 0.875132
v 0.318529 0.851661 0.875216
v 0.317507 0.851587 0.875245
v 0.321416 0.851498 0.875139
v 0.318513 0.851568 0.875217
v 0.317331 0.851528 0.875248
v 0.322561 0.851471 0.875109
v 0.321416 0.851498 0.875139
v 0.321433 0.851335 0.875139
v 0.318486 0.851234 0.875217
v 0.318493 0.851296 0.875217
v 0.317294 0.851215 0.875249
v 0.322601 0.851162 0.875108
v 0.321430 0.851282 0.875139
v 0.317270 0.851103 0.875250
v 0.322682 0.850639 0.875105
v 0.318466 0.851024 0.875218
v 0.317270 0.851103 0.875250
v 0.317283 0.850957 0.875250
v 0.321449 0.850171 0.875139
v 0.318455 0.850842 0.875218
v 0.317249 0.850883 0.875250
v 0.318456 0.850752 0.875218
v 0.317252 0.850771 0.875250
v 0.318446 0.850661 0.875218
v 0.317234 0.850657 0.875251
v 0.317259 0.850580 0.875250
v 0.317225 0.850425 0.875251
v 0.318439 0.850480 0.875219
v 0.317225 0.850425 0.875251
v 0.318443 0.850301 0.875219
v 0.317222 0.850188 0.875251
v 0.322652 0.850199 0.875106
v 0.321447 0.850273 0.875139
v 0.322661 0.849958 0.875107
v 0.318433 0.850123 0.875219
v 0.317222 0.850188 0.875251
v 0.317239 0.849978 0.875251
v 0.318424 0.849891 0.875219
v 0.317227 0.849910 0.875251
v 0.322654 0.849842 0.875106
v 0.321453 0.849823 0.875138
v 0.318464 0.849471 0.875217
v 0.317289 0.849117 0.875249
v 0.322636 0.849725 0.875107
v 0.321431 0.849674 0.875139
v 0.322639 0.849613 0.875107
v 0.321440 0.849538 0.875139
v 0.322618 0.849497 0.875107
v 0.321417 0.849393 0.875139
v 0.322619 0.849390 0.875107
v 0.321423 0.849265 0.875139
v 0.322595 0.849276 0.875108
v 0.321399 0.849124 0.875140
v 0.318461 0.849077 0.875218
v 0.317297 0.849116 0.875249
v 0.322566 0.849067 0.875109
v 0.321399 0.849124 0.875140
v 0.321399 0.848931 0.875139
v 0.317361 0.848944 0.875247
v 0.322531 0.848857 0.875110
v 0.321378 0.848867 0.875140
v 0.318486 0.848824 0.875217
v 0.317339 0.848865 0.875248
v 0.322513 0.848665 0.875111
v 0.321303 0.848277 0.875142
v 0.318513 0.848695 0.875217
v 0.317380 0.848736 0.875247
v 0.318516 0.848579 0.875217
v 0.317391 0.848621 0.875247
v 0.318546 0.848454 0.875216
v 0.317437 0.848495 0.875245
v 0.322443 0.848458 0.875112
v 0.321322 0.848389 0.875142
v 0.318552 0.848343 0.875216
v 0.317452 0.848384 0.875245
v 0.322402 0.848276 0.875113
v 0.318584 0.848222 0.875215
v 0.317505 0.848226 0.875243
v 0.318594 0.848116 0.875215
v 0.317523 0.848154 0.875243
v 0.322332 0.848088 0.875115
v 0.321288 0.848168 0.875143
v 0.322290 0.847921 0.875116
v 0.321190 0.847666 0.875147
v 0.318694 0.847775 0.875212
v 0.317779 0.847505 0.875236
v 0.322197 0.847739 0.875119
v 0.321209 0.847764 0.875145
v 0.322143 0.847586 0.875122
v 0.318754 0.847487 0.875210
v 0.317790 0.847503 0.875236
v 0.317901 0.847359 0.875233
v 0.322046 0.847421 0.875123
v 0.321131 0.847465 0.875147
v 0.322018 0.847351 0.875123
v 0.321118 0.847411 0.875147
v 0.318820 0.847296 0.875209
v 0.317899 0.847300 0.875233
v 0.321340 0.847281 0.875138
v 0.321909 0.847163 0.875127
v 0.318867 0.847195 0.875207
v 0.317995 0.847171 0.875230
v 0.321936 0.847208 0.875126
v 0.321044 0.847204 0.875149
v 0.320997 0.847106 0.875151
v 0.318928 0.847047 0.875206
v 0.318867 0.847148 0.875207
v 0.318928 0.847047 0.875206
v 0.318134 0.846957 0.875227
v 0.321796 0.847002 0.875129
v 0.320978 0.847060 0.875151
v 0.321763 0.846944 0.875130
v 0.320960 0.847019 0.875152
v 0.319084 0.846755 0.875202
v 0.318177 0.846866 0.875226
v 0.321763 0.846944 0.875130
v 0.320914 0.846935 0.875153
v 0.321706 0.846878 0.875132
v 0.320887 0.846892 0.875153
v 0.320878 0.846869 0.875154
v 0.320842 0.846815 0.875154
v 0.319065 0.846790 0.875202
v 0.318280 0.846757 0.875223
v 0.321613 0.846762 0.875134
v 0.320838 0.846817 0.875155
v 0.321268 0.846576 0.875146
v 0.318324 0.846678 0.875222
v 0.320620 0.846571 0.875160
v 0.319173 0.846638 0.875199
v 0.318324 0.846678 0.875222
v 0.318473 0.846555 0.875218
v 0.319256 0.846547 0.875197
v 0.318477 0.846510 0.875218
v 0.321378 0.846511 0.875140
v 0.320591 0.846548 0.875161
v 0.321274 0.846422 0.875143
v 0.319308 0.846501 0.875196
v 0.318586 0.846424 0.875215
v 0.319581 0.846320 0.875188
v 0.319307 0.846455 0.875197
v 0.321274 0.846422 0.875143
v 0.320472 0.846460 0.875165
v 0.320405 0.846411 0.875166
v 0.321208 0.846377 0.875145
v 0.320380 0.846403 0.875167
v 0.321044 0.846382 0.875144
v 0.319593 0.846327 0.875188
v 0.318745 0.846287 0.875211
v 0.318931 0.846245 0.875206
v 0.319743 0.846287 0.875184
v 0.318800 0.846234 0.875209
v 0.321058 0.846267 0.875149
v 0.320008 0.846275 0.875177
v 0.319855 0.846273 0.875181
v 0.318800 0.846234 0.875209
v 0.321058 0.846267 0.875149
v 0.319951 0.846271 0.875178
v 0.320915 0.846179 0.875153
v 0.320949 0.846200 0.875152
v 0.318897 0.846175 0.875206
v 0.318970 0.846125 0.875205
v 0.320783 0.846110 0.875156
v 0.318970 0.846125 0.875205
v 0.319995 0.845898 0.875177
v 0.320629 0.846036 0.875160
v 0.319254 0.845998 0.875197
v 0.320569 0.846013 0.875162
v 0.319326 0.845967 0.875195
v 0.320055 0.845896 0.875174
v 0.319555 0.845909 0.875187
v 0.320357 0.845942 0.875168
v 0.319513 0.845918 0.875190
v 0.320251 0.845917 0.875170
v 0.319513 0.845918 0.875190
v 0.320170 0.845900 0.875172
v 0.320034 0.845885 0.875176
v 0.319705 0.845888 0.875185
v 0.319925 0.845880 0.875179
v 0.319705 0.845888 0.875185
v 0.319753 0.855289 0.875184
v 0.322220 0.854614 0.875460
v 0.321265 0.845908 0.875332
v 0.318379 0.845814 0.875220
v 0.316743 0.850499 0.875606
v 0.319364 0.846072 0.875321
v 0.321009 0.846646 0.875379
v 0.321140 0.853492 0.875489
v 0.320840 0.854134 0.875155
v 0.318946 0.854056 0.875548
v 0.318513 0.852918 0.875217
vn -0.0000 -0.0000 -1.0000
vn -1.0000 -0.0000 -0.0000
vn 1.0000 -0.0000 -0.0000
vn -0.0000 -1.0000 -0.0000
vn -0.0000 1.0000 -0.0000
vn -0.0000 -0.0000 1.0000
vn 0.0123 0.5869 -0.8096
vn 0.0123 0.5869 -0.8095
vn -0.3633 -0.9317 -0.0000
vn -0.3634 -0.9317 -0.0000
vn 0.0410 0.9992 -0.0000
vn 0.0373 -0.9993 -0.0000
vn -0.0833 -0.9965 -0.0000
vn 0.0373 0.9993 -0.0000
vn 0.0410 -0.9992 -0.0000
vn -0.2103 0.9776 -0.0000
vn -0.2104 0.9776 -0.0000
vn -0.2103 -0.9776 -0.0000
vn -0.2104 -0.9776 -0.0000
vn -0.3633 0.9317 -0.0000
vn -0.0833 0.9965 -0.0000
vn 0.0109 0.0040 -0.9999
vn -0.9607 0.1953 0.1975
vn -0.9607 0.1953 0.1974
vn 0.9607 0.1953 0.1975
vn 0.9607 0.1953 0.1974
vn 0.0124 -0.6395 0.7687
vn 0.0109 -0.0010 0.9999
vn 0.0225 0.9985 0.0501
vn 0.0225 0.9985 0.0502
vn 0.0225 -0.9985 0.0501
vn 0.0225 -0.9985 0.0502
vn -0.9996 -0.0095 0.0266
vn -1.0000 0.0050 0.0086
vn -1.0000 0.0050 0.0087
vn -0.9999 0.0050 0.0087
vn 0.9996 -0.0000 -0.0266
vn -0.9996 0.0001 0.0266
vn -0.9997 -0.0000 0.0264
vn -0.9996 -0.0000 0.0266
vn -0.9997 -0.0001 0.0264
vn -0.9994 -0.0225 0.0266
vn -0.9995 -0.0142 0.0266
vn -0.9994 -0.0234 0.0266
vn 0.0266 -0.0000 0.9996
vn -0.0266 -0.0000 -0.9996
vn -0.0266 -0.0001 -0.9996
vn -0.0265 -0.0000 -0.9996
vn -0.0268 -0.0000 -0.9996
vn -0.0270 -0.0000 -0.9996
vn -0.0267 -0.0000 -0.9996
vn -0.0279 -0.0000 -0.9996
vn -0.0264 -0.0000 -0.9997
vn -0.0288 -0.0000 -0.9996
vn -0.0271 -0.0000 -0.9996
vn -0.0274 -0.0000 -0.9996
vn -0.0272 -0.0000 -0.9996
vn -0.0263 -0.0000 -0.9997
vn -0.0244 -0.0000 -0.9997
vn -0.4163 -0.0000 0.9092
vn -0.7781 -0.0000 -0.6281
vn 0.8200 -0.0000 0.5723
vn -0.0087 0.9138 -0.4060
vn -0.0087 0.9138 -0.4061
vn -0.0207 0.3595 -0.9329
vn -0.0208 0.3594 -0.9330
vn -0.0207 0.3594 -0.9330
vn -0.0207 0.3594 -0.9329
vn -0.9745 0.0013 -0.2243
vn -0.9745 0.0013 -0.2244
vn -0.5750 0.0032 -0.8181
vn -0.0103 0.9231 -0.3845
vn -0.0103 0.9233 -0.3840
vn -0.0103 0.9232 -0.3841
vn -0.0247 0.3812 -0.9242
vn -0.0247 0.3810 -0.9242
vn -0.9697 -0.0000 -0.2441
vn -0.9698 -0.0000 -0.2440
vn -0.9698 -0.0000 -0.2439
vn -0.5449 -0.0000 -0.8385
vn -0.5448 -0.0000 -0.8386
vn 0.9640 0.0002 -0.2659
vn 0.5478 0.0005 -0.8366
vn 0.5479 0.0005 -0.8366
vn -0.9768 0.0002 -0.2142
vn -0.5916 0.0005 -0.8063
vn -0.5916 0.0005 -0.8062
vn 0.9549 -0.0000 -0.2968
vn 0.9549 -0.0000 -0.2969
vn 0.9548 -0.0000 -0.2971
vn 0.4970 -0.0001 -0.8678
vn 0.4968 -0.0001 -0.8679
vn 0.4969 -0.0001 -0.8678
vn -0.9797 0.0005 -0.2004
vn -0.6157 0.0013 -0.7880
vn -0.0105 -0.9224 -0.3860
vn -0.0105 -0.9225 -0.3859
vn -0.0105 -0.9224 -0.3861
vn -0.0250 -0.3791 -0.9250
vn -0.0251 -0.3792 -0.9250
vn -0.0250 -0.3792 -0.9250
vn 0.9590 0.0001 -0.2833
vn 0.5184 0.0003 -0.8551
vn 0.5185 0.0003 -0.8551
vn -0.9691 -0.0000 -0.2467
vn -0.9692 0.0001 -0.2463
vn -0.5409 -0.0000 -0.8411
vn -0.5415 0.0002 -0.8407
vn -0.9797 -0.0007 -0.2004
vn -0.9797 -0.0007 -0.2003
vn -0.6161 -0.0019 -0.7877
vn 0.9574 0.0008 -0.2888
vn 0.9574 0.0008 -0.2887
vn 0.5097 0.0019 -0.8603
vn -0.0113 -0.9139 -0.4058
vn -0.0257 -0.3601 -0.9325
vn -0.0257 -0.3601 -0.9326
vn -0.0258 -0.3601 -0.9325
vn -0.0102 -0.9224 -0.3860
vn -0.0245 -0.3792 -0.9250
vn 0.9677 0.0005 -0.2522
vn 0.9677 0.0005 -0.2523
vn 0.5729 0.0013 -0.8196
vn 0.9612 0.0013 -0.2759
vn 0.5307 0.0032 -0.8476
vn -0.0103 -0.9232 -0.3841
vn -0.0103 -0.9234 -0.3836
vn -0.0247 -0.3812 -0.9242
vn -0.0247 -0.3811 -0.9242
vn -0.0246 -0.3807 -0.9244
vn -0.0102 0.9233 -0.3840
vn -0.0102 0.9232 -0.3841
vn -0.0246 0.3811 -0.9242
vn -0.0246 0.3812 -0.9242
vn 0.9562 0.0001 -0.2927
vn 0.9562 0.0001 -0.2926
vn 0.9563 0.0001 -0.2925
vn 0.5036 0.0002 -0.8639
vn -0.0087 -0.9138 -0.4060
vn -0.0088 -0.9138 -0.4060
vn -0.0087 -0.9139 -0.4060
vn -0.0207 -0.3594 -0.9329
vn -0.0207 -0.3594 -0.9330
vn -0.0105 0.9225 -0.3859
vn -0.0105 0.9224 -0.3860
vn -0.0105 0.9224 -0.3861
vn -0.0251 0.3791 -0.9250
vn -0.0251 0.3793 -0.9250
vn -0.0250 0.3793 -0.9249
vn -0.0251 0.3792 -0.9250
vn -0.0118 0.9180 -0.3965
vn -0.0119 0.9179 -0.3965
vn -0.0270 0.3690 -0.9290
vn -0.0098 0.9180 -0.3965
vn -0.0099 0.9179 -0.3966
vn -0.0099 0.9180 -0.3965
vn -0.0235 0.3691 -0.9291
vn -0.0235 0.3690 -0.9291
vn -0.9727 0.0001 -0.2319
vn -0.5632 0.0003 -0.8263
vn 0.9677 -0.0007 -0.2522
vn 0.5733 -0.0019 -0.8193
vn 0.5733 -0.0019 -0.8194
vn -0.9768 -0.0002 -0.2142
vn -0.5916 -0.0005 -0.8062
vn 0.9554 -0.0000 -0.2953
vn 0.9554 -0.0000 -0.2952
vn 0.4995 -0.0000 -0.8663
vn 0.4995 -0.0001 -0.8663
vn 0.9554 0.0003 -0.2954
vn 0.9554 0.0003 -0.2952
vn 0.9555 0.0002 -0.2951
vn 0.9554 0.0003 -0.2953
vn 0.4995 0.0006 -0.8663
vn 0.4994 0.0007 -0.8663
vn -0.9704 -0.0004 -0.2413
vn -0.9705 -0.0004 -0.2413
vn -0.5489 -0.0009 -0.8359
vn -0.9714 0.0008 -0.2374
vn -0.5548 0.0019 -0.8320
vn -0.0106 -0.9207 -0.3901
vn -0.0106 -0.9208 -0.3900
vn -0.0250 -0.3753 -0.9266
vn -0.0250 -0.3752 -0.9266
vn -0.9693 -0.0000 -0.2458
vn -0.9694 -0.0000 -0.2456
vn -0.9694 -0.0000 -0.2457
vn -0.9693 -0.0000 -0.2457
vn -0.5423 -0.0001 -0.8402
vn -0.5425 -0.0001 -0.8401
vn -0.5424 -0.0001 -0.8402
vn -0.5424 -0.0001 -0.8401
vn 0.9611 -0.0012 -0.2760
vn 0.5297 -0.0034 -0.8482
vn 0.9549 0.0001 -0.2969
vn 0.9548 0.0001 -0.2972
vn 0.4969 0.0002 -0.8678
vn 0.4970 0.0001 -0.8677
vn 0.9640 -0.0002 -0.2659
vn 0.5479 -0.0005 -0.8366
vn 0.5478 -0.0005 -0.8366
vn 0.9574 -0.0007 -0.2886
vn 0.9575 -0.0007 -0.2886
vn 0.5108 -0.0021 -0.8597
vn -0.0131 -0.9180 -0.3964
vn -0.0131 -0.9180 -0.3965
vn -0.0293 -0.3691 -0.9289
vn -0.0293 -0.3690 -0.9290
vn -0.0292 -0.3689 -0.9290
vn -0.9705 0.0001 -0.2412
vn -0.9705 0.0001 -0.2413
vn -0.9704 0.0001 -0.2413
vn -0.5489 0.0002 -0.8359
vn -0.5488 0.0002 -0.8359
vn -0.0093 0.9207 -0.3901
vn -0.0094 0.9207 -0.3901
vn -0.0228 0.3752 -0.9267
vn -0.0228 0.3753 -0.9266
vn -0.0228 0.3752 -0.9266
vn -0.9714 -0.0007 -0.2372
vn -0.9715 -0.0007 -0.2372
vn -0.9714 -0.0007 -0.2373
vn -0.5558 -0.0021 -0.8313
vn 0.9547 -0.0000 -0.2975
vn 0.9547 -0.0000 -0.2976
vn 0.4960 -0.0000 -0.8683
vn 0.4954 0.0002 -0.8687
vn -0.0099 -0.9179 -0.3966
vn -0.0099 -0.9180 -0.3966
vn -0.0099 -0.9180 -0.3965
vn -0.0235 -0.3690 -0.9291
vn -0.0235 -0.3691 -0.9291
vn -0.9745 -0.0012 -0.2245
vn -0.5741 -0.0034 -0.8188
vn -0.9727 -0.0002 -0.2319
vn -0.5633 -0.0006 -0.8262
vn -0.5634 -0.0006 -0.8262
vn -0.5634 -0.0005 -0.8262
vn -0.9698 0.0003 -0.2441
vn -0.9698 0.0003 -0.2440
vn -0.9698 0.0003 -0.2439
vn -0.5449 0.0007 -0.8385
vn -0.5449 0.0006 -0.8385
vn -0.9694 0.0001 -0.2455
vn -0.9693 0.0001 -0.2458
vn -0.9692 -0.0000 -0.2462
vn -0.5424 0.0002 -0.8401
vn -0.9692 -0.0000 -0.2463
vn -0.5415 -0.0000 -0.8407
vn -0.5413 -0.0001 -0.8408
vn 0.9590 -0.0002 -0.2833
vn 0.5186 -0.0006 -0.8550
vn -0.0106 0.9207 -0.3901
vn -0.0250 0.3752 -0.9266
vn -0.0250 0.3753 -0.9266
vn -0.0102 0.9224 -0.3860
vn -0.0102 0.9224 -0.3861
vn -0.0102 0.9225 -0.3860
vn -0.0245 0.3792 -0.9250
vn -0.0245 0.3793 -0.9250
vn -0.0245 0.3791 -0.9250
vn -0.0102 -0.9232 -0.3842
vn -0.0102 -0.9233 -0.3841
vn -0.0102 -0.9232 -0.3841
vn -0.0246 -0.3812 -0.9242
vn -0.0246 -0.3810 -0.9242
vn 0.9562 -0.0004 -0.2926
vn 0.5036 -0.0009 -0.8639
vn 0.9546 -0.0000 -0.2979
vn 0.9547 -0.0001 -0.2975
vn 0.4954 -0.0000 -0.8687
vn 0.4960 -0.0002 -0.8683
vn -0.0114 0.9139 -0.4058
vn -0.0114 0.9139 -0.4059
vn -0.0259 0.3601 -0.9326
vn -0.0093 -0.9207 -0.3901
vn -0.0228 -0.3752 -0.9267
vn -0.0228 -0.3753 -0.9266
vn 0.0298 0.1815 0.9829
vn 0.0299 0.1815 0.9829
vn 0.0279 0.5279 0.8489
vn 0.0279 0.5278 0.8489
vn 0.0185 0.8126 0.5825
vn 0.0063 0.9780 0.2085
vn 0.0063 0.9780 0.2086
vn -0.7124 0.0038 0.7017
vn -0.7124 0.0038 0.7018
vn -0.9124 0.0019 0.4093
vn -0.9124 0.0019 0.4092
vn -0.9888 0.0004 0.1495
vn -0.9887 0.0004 0.1496
vn -0.9888 0.0004 0.1496
vn -0.2566 -0.0000 0.9665
vn -0.6837 -0.0001 0.7298
vn -0.6837 -0.0000 0.7298
vn -0.9000 -0.0000 0.4359
vn -0.9000 -0.0000 0.4358
vn -0.9872 -0.0000 0.1597
vn -0.9872 -0.0000 0.1596
vn 0.7631 0.0005 0.6463
vn 0.7630 0.0005 0.6463
vn 0.9383 0.0003 0.3458
vn 0.9958 0.0001 0.0915
vn 0.9958 0.0001 0.0916
vn -0.7276 0.0005 0.6860
vn -0.9186 0.0003 0.3952
vn -0.9895 0.0001 0.1443
vn -0.9895 0.0001 0.1444
vn 0.3060 -0.0001 0.9520
vn 0.3061 -0.0001 0.9520
vn 0.7193 -0.0001 0.6947
vn 0.7192 -0.0001 0.6948
vn 0.9210 -0.0001 0.3896
vn 0.9209 -0.0001 0.3897
vn 0.9209 -0.0001 0.3898
vn 0.9942 -0.0000 0.1077
vn 0.9942 -0.0000 0.1074
vn -0.7488 0.0015 0.6627
vn -0.7488 0.0015 0.6628
vn -0.7489 0.0015 0.6627
vn -0.9267 0.0007 0.3758
vn -0.9905 0.0002 0.1374
vn 0.0258 -0.1932 0.9808
vn 0.0258 -0.1930 0.9809
vn 0.0217 -0.5516 0.8339
vn 0.0216 -0.5514 0.8339
vn 0.0217 -0.5516 0.8338
vn 0.0146 -0.8287 0.5595
vn 0.0052 -0.9804 0.1970
vn 0.0052 -0.9804 0.1969
vn 0.3204 0.0023 0.9473
vn 0.3140 0.0039 0.9494
vn 0.3205 0.0022 0.9473
vn 0.7383 0.0003 0.6745
vn 0.7383 0.0003 0.6744
vn 0.9288 0.0002 0.3706
vn 0.9949 -0.0000 0.1005
vn 0.9949 -0.0000 0.1006
vn -0.2538 0.0001 0.9673
vn -0.2542 0.0001 0.9672
vn -0.6800 0.0001 0.7332
vn -0.6799 0.0002 0.7333
vn -0.8983 0.0001 0.4394
vn -0.8984 0.0001 0.4392
vn -0.9869 -0.0000 0.1610
vn -0.9870 -0.0000 0.1608
vn -0.7491 -0.0021 0.6625
vn -0.7491 -0.0022 0.6624
vn -0.7491 -0.0021 0.6624
vn -0.9267 -0.0010 0.3757
vn -0.9268 -0.0010 0.3757
vn -0.9905 -0.0002 0.1374
vn 0.3145 0.0016 0.9492
vn 0.3146 0.0016 0.9492
vn 0.7307 0.0022 0.6827
vn 0.9257 0.0012 0.3782
vn 0.9946 0.0003 0.1034
vn 0.9946 0.0003 0.1035
vn 0.0254 -0.1823 0.9829
vn 0.0254 -0.1822 0.9829
vn 0.0214 -0.5286 0.8486
vn 0.0148 -0.8128 0.5823
vn 0.0148 -0.8128 0.5824
vn 0.0054 -0.9780 0.2085
vn 0.0054 -0.9780 0.2086
vn 0.0263 -0.1932 0.9808
vn 0.0263 -0.1931 0.9808
vn 0.0263 -0.1933 0.9808
vn 0.0224 -0.5516 0.8338
vn 0.0224 -0.5515 0.8339
vn 0.0150 -0.8286 0.5596
vn 0.0150 -0.8287 0.5594
vn 0.0150 -0.8287 0.5595
vn 0.0053 -0.9804 0.1969
vn 0.0053 -0.9804 0.1967
vn 0.0053 -0.9804 0.1971
vn 0.7830 0.0015 0.6220
vn 0.9454 0.0007 0.3259
vn 0.9964 0.0002 0.0845
vn 0.9964 0.0002 0.0844
vn 0.7488 0.0038 0.6628
vn 0.9329 0.0019 0.3601
vn 0.9953 0.0004 0.0968
vn 0.9953 0.0004 0.0967
vn 0.9953 0.0004 0.0966
vn 0.0261 -0.1939 0.9807
vn 0.0261 -0.1945 0.9806
vn 0.0221 -0.5537 0.8324
vn 0.0221 -0.5536 0.8325
vn 0.0221 -0.5539 0.8323
vn 0.0148 -0.8304 0.5569
vn 0.0148 -0.8303 0.5572
vn 0.0148 -0.8302 0.5573
vn 0.0148 -0.8303 0.5571
vn 0.0052 -0.9806 0.1958
vn 0.0052 -0.9807 0.1956
vn 0.3104 0.0001 0.9506
vn 0.3105 0.0001 0.9506
vn 0.7252 0.0002 0.6885
vn 0.7253 0.0002 0.6885
vn 0.9235 0.0001 0.3836
vn 0.9944 -0.0000 0.1055
vn 0.9944 -0.0000 0.1054
vn 0.0298 -0.1815 0.9829
vn 0.0279 -0.5279 0.8489
vn 0.0279 -0.5278 0.8489
vn 0.0185 -0.8126 0.5825
vn 0.0063 -0.9780 0.2086
vn 0.0063 -0.9780 0.2085
vn 0.0063 -0.9780 0.2087
vn 0.0050 0.9791 0.2031
vn 0.0271 0.1873 0.9819
vn 0.0271 0.1872 0.9819
vn 0.0271 0.1874 0.9819
vn 0.0240 0.5393 0.8418
vn 0.0240 0.5393 0.8417
vn 0.0162 0.8203 0.5716
vn 0.0162 0.8204 0.5716
vn 0.0056 0.9791 0.2031
vn 0.0057 0.9791 0.2031
vn -0.2660 -0.0054 0.9640
vn -0.2696 -0.0017 0.9630
vn -0.2695 -0.0017 0.9630
vn -0.7013 0.0003 0.7128
vn -0.9077 0.0002 0.4195
vn -0.9882 -0.0000 0.1533
vn -0.9882 -0.0000 0.1534
vn -0.9882 -0.0000 0.1535
vn 0.7833 -0.0021 0.6216
vn 0.9454 -0.0010 0.3259
vn 0.9454 -0.0010 0.3258
vn 0.9964 -0.0002 0.0845
vn 0.9964 -0.0002 0.0844
vn -0.7276 -0.0005 0.6860
vn -0.7276 -0.0006 0.6860
vn -0.9186 -0.0003 0.3952
vn -0.9895 -0.0001 0.1443
vn -0.9895 -0.0001 0.1444
vn 0.3077 -0.0000 0.9515
vn 0.3076 -0.0000 0.9515
vn 0.7216 -0.0001 0.6924
vn 0.7215 -0.0001 0.6924
vn 0.7216 -0.0001 0.6923
vn 0.9219 -0.0000 0.3874
vn 0.9219 -0.0000 0.3873
vn 0.9943 -0.0000 0.1067
vn 0.9943 -0.0000 0.1069
vn 0.9943 -0.0000 0.1071
vn 0.9943 -0.0000 0.1068
vn 0.3076 0.0005 0.9515
vn 0.3077 0.0006 0.9515
vn 0.3076 0.0006 0.9515
vn 0.7216 0.0008 0.6923
vn 0.7215 0.0008 0.6924
vn 0.9219 0.0004 0.3874
vn 0.9220 0.0004 0.3873
vn 0.9219 0.0004 0.3873
vn 0.9943 0.0001 0.1066
vn 0.9943 0.0001 0.1070
vn -0.2594 -0.0008 0.9658
vn -0.2595 -0.0008 0.9657
vn -0.6875 -0.0011 0.7262
vn -0.6876 -0.0011 0.7261
vn -0.9017 -0.0005 0.4323
vn -0.9018 -0.0006 0.4322
vn -0.9874 -0.0001 0.1583
vn -0.9874 -0.0001 0.1582
vn -0.2636 0.0016 0.9646
vn -0.6933 0.0022 0.7206
vn -0.9043 0.0011 0.4269
vn -0.9043 0.0012 0.4270
vn -0.9043 0.0012 0.4269
vn -0.9877 0.0003 0.1562
vn -0.9877 0.0003 0.1564
vn 0.0259 -0.1908 0.9813
vn 0.0218 -0.5468 0.8370
vn 0.0219 -0.5468 0.8370
vn 0.0219 -0.5467 0.8370
vn 0.0148 -0.8255 0.5642
vn 0.0148 -0.8255 0.5643
vn 0.0052 -0.9799 0.1992
vn 0.0052 -0.9799 0.1993
vn 0.0052 -0.9799 0.1994
vn -0.2552 -0.0001 0.9669
vn -0.2547 -0.0001 0.9670
vn -0.6812 -0.0001 0.7321
vn -0.6813 -0.0001 0.7320
vn -0.8989 -0.0001 0.4382
vn -0.8989 -0.0001 0.4381
vn -0.9870 -0.0000 0.1605
vn 0.7488 -0.0035 0.6628
vn 0.9329 -0.0018 0.3601
vn 0.9953 -0.0004 0.0967
vn 0.3059 0.0001 0.9521
vn 0.3060 0.0001 0.9520
vn 0.7193 0.0002 0.6947
vn 0.9209 0.0001 0.3897
vn 0.9210 0.0001 0.3896
vn 0.9210 0.0001 0.3897
vn 0.7631 -0.0006 0.6463
vn 0.7630 -0.0006 0.6463
vn 0.7631 -0.0005 0.6463
vn 0.9383 -0.0003 0.3458
vn 0.9958 -0.0001 0.0915
vn 0.3146 -0.0014 0.9492
vn 0.3145 -0.0014 0.9492
vn 0.3145 -0.0014 0.9493
vn 0.7307 -0.0019 0.6827
vn 0.7306 -0.0019 0.6828
vn 0.9257 -0.0010 0.3783
vn 0.9257 -0.0010 0.3782
vn 0.9946 -0.0002 0.1034
vn 0.9946 -0.0002 0.1035
vn 0.0225 -0.1873 0.9820
vn 0.0165 -0.5393 0.8420
vn 0.0165 -0.5393 0.8419
vn 0.0116 -0.8203 0.5717
vn 0.0116 -0.8203 0.5718
vn 0.0045 -0.9792 0.2031
vn 0.0045 -0.9791 0.2032
vn 0.0045 -0.9792 0.2030
vn -0.2594 0.0001 0.9658
vn -0.6876 0.0002 0.7261
vn -0.9018 0.0001 0.4322
vn -0.9017 0.0001 0.4323
vn -0.9874 -0.0000 0.1583
vn -0.9874 -0.0000 0.1582
vn 0.0276 0.1909 0.9812
vn 0.0276 0.1908 0.9812
vn 0.0277 0.1908 0.9812
vn 0.0247 0.5468 0.8369
vn 0.0247 0.5467 0.8369
vn 0.0165 0.8255 0.5642
vn 0.0165 0.8255 0.5641
vn 0.0056 0.9799 0.1992
vn 0.0057 0.9799 0.1994
vn -0.2636 -0.0014 0.9646
vn -0.6933 -0.0019 0.7207
vn -0.9043 -0.0010 0.4269
vn -0.9043 -0.0010 0.4270
vn -0.9877 -0.0002 0.1562
vn -0.9877 -0.0002 0.1564
vn 0.3050 0.0001 0.9523
vn 0.3054 0.0001 0.9522
vn 0.7184 0.0002 0.6956
vn 0.7182 0.0001 0.6958
vn 0.9206 0.0001 0.3905
vn 0.9204 -0.0000 0.3910
vn 0.9941 -0.0000 0.1080
vn 0.9941 -0.0000 0.1083
vn 0.0271 -0.1874 0.9819
vn 0.0271 -0.1872 0.9819
vn 0.0240 -0.5393 0.8417
vn 0.0240 -0.5394 0.8417
vn 0.0162 -0.8203 0.5717
vn 0.0162 -0.8203 0.5716
vn 0.0162 -0.8204 0.5716
vn 0.0057 -0.9791 0.2031
vn 0.0057 -0.9792 0.2030
vn 0.0057 -0.9792 0.2031
vn -0.7124 -0.0035 0.7018
vn -0.7124 -0.0035 0.7017
vn -0.9124 -0.0018 0.4093
vn -0.9124 -0.0018 0.4092
vn -0.9888 -0.0004 0.1495
vn -0.9888 -0.0004 0.1496
vn -0.2695 -0.0047 0.9630
vn -0.2631 -0.0062 0.9648
vn -0.2696 -0.0047 0.9629
vn -0.7013 -0.0007 0.7128
vn -0.9077 -0.0004 0.4195
vn -0.9078 -0.0004 0.4195
vn -0.9882 -0.0001 0.1535
vn -0.9882 -0.0001 0.1533
vn -0.9882 -0.0001 0.1534
vn -0.2566 0.0006 0.9665
vn -0.2565 0.0006 0.9665
vn -0.2566 0.0005 0.9665
vn -0.6837 0.0008 0.7298
vn -0.9000 0.0004 0.4359
vn -0.9000 0.0004 0.4358
vn -0.9872 0.0001 0.1597
vn -0.2549 0.0001 0.9670
vn -0.2548 0.0001 0.9670
vn -0.2547 0.0001 0.9670
vn -0.6813 0.0002 0.7320
vn -0.6813 0.0002 0.7321
vn -0.8989 0.0001 0.4381
vn -0.8989 0.0001 0.4382
vn -0.9871 -0.0000 0.1602
vn -0.2542 -0.0001 0.9671
vn -0.2538 -0.0001 0.9673
vn -0.6804 -0.0002 0.7329
vn -0.6798 -0.0001 0.7334
vn -0.8985 -0.0001 0.4389
vn -0.8984 -0.0001 0.4391
vn -0.9870 -0.0000 0.1610
vn 0.3169 0.0070 0.9484
vn 0.3205 0.0036 0.9472
vn 0.3204 0.0036 0.9473
vn 0.7383 -0.0007 0.6745
vn 0.7383 -0.0007 0.6744
vn 0.9288 -0.0004 0.3706
vn 0.9949 -0.0001 0.1005
vn 0.9949 -0.0001 0.1006
vn 0.9949 -0.0001 0.1007
vn 0.0259 0.1908 0.9813
vn 0.0259 0.1909 0.9813
vn 0.0219 0.5468 0.8370
vn 0.0148 0.8255 0.5642
vn 0.0052 0.9799 0.1993
vn 0.0052 0.9799 0.1994
vn 0.0263 0.1932 0.9808
vn 0.0263 0.1929 0.9809
vn 0.0263 0.1930 0.9809
vn 0.0263 0.1933 0.9808
vn 0.0224 0.5515 0.8339
vn 0.0224 0.5514 0.8339
vn 0.0150 0.8287 0.5594
vn 0.0150 0.8287 0.5595
vn 0.0053 0.9804 0.1971
vn 0.0053 0.9804 0.1970
vn 0.0222 -0.5538 0.8323
vn 0.0222 -0.5536 0.8325
vn 0.0222 -0.5537 0.8324
vn 0.0222 -0.5538 0.8324
vn 0.0149 -0.8303 0.5571
vn 0.3105 -0.0008 0.9506
vn 0.3104 -0.0008 0.9506
vn 0.7252 -0.0011 0.6885
vn 0.7253 -0.0011 0.6885
vn 0.9235 -0.0006 0.3836
vn 0.9235 -0.0006 0.3837
vn 0.9944 -0.0001 0.1053
vn 0.9944 -0.0001 0.1056
vn 0.9944 -0.0001 0.1054
vn 0.9944 -0.0001 0.1055
vn 0.3049 -0.0001 0.9524
vn 0.3050 -0.0001 0.9524
vn 0.7182 -0.0001 0.6958
vn 0.7184 -0.0001 0.6956
vn 0.9206 -0.0000 0.3906
vn 0.9204 -0.0001 0.3909
vn 0.9941 -0.0000 0.1081
vn 0.0276 -0.1908 0.9812
vn 0.0277 -0.1909 0.9812
vn 0.0277 -0.1910 0.9812
vn 0.0276 -0.1907 0.9813
vn 0.0247 -0.5467 0.8370
vn 0.0247 -0.5469 0.8369
vn 0.0247 -0.5468 0.8369
vn 0.0247 -0.5467 0.8369
vn 0.0165 -0.8255 0.5642
vn 0.0165 -0.8255 0.5641
vn 0.0057 -0.9799 0.1993
vn 0.0057 -0.9799 0.1992
vn 0.9998 -0.0000 0.0219
vn 0.0261 0.1945 0.9806
vn 0.0261 0.1939 0.9807
vn 0.0221 0.5538 0.8324
vn 0.0221 0.5539 0.8323
vn 0.0148 0.8303 0.5571
vn 0.0148 0.8302 0.5572
vn 0.0148 0.8303 0.5572
vn 0.0052 0.9806 0.1959
vn 0.0052 0.9806 0.1962
vn 0.0261 0.1940 0.9807
vn 0.0222 0.5538 0.8324
vn 0.0222 0.5539 0.8323
vn 0.0149 0.8303 0.5572
vn 0.0149 0.8302 0.5573
vn 0.0052 0.9807 0.1956
vn 0.0258 0.1929 0.9809
vn 0.0258 0.1933 0.9808
vn 0.0258 0.1931 0.9808
vn 0.0258 0.1930 0.9809
vn 0.0217 0.5515 0.8339
vn 0.0146 0.8287 0.5594
vn 0.0146 0.8287 0.5595
vn 0.0052 0.9804 0.1970
vn 0.0052 0.9804 0.1969
vn 0.0243 0.1873 0.9820
vn 0.0195 0.5393 0.8419
vn 0.0195 0.5394 0.8418
vn 0.0194 0.5394 0.8418
vn 0.0134 0.8204 0.5717
vn 0.0253 0.1822 0.9829
vn 0.0212 0.5285 0.8486
vn 0.0212 0.5286 0.8486
vn 0.0147 0.8128 0.5823
vn 0.0147 0.8128 0.5824
vn 0.0053 0.9780 0.2086
vn 0.0053 0.9780 0.2085
vn -0.0266 -0.0065 -0.9996
vn 0.0266 0.0065 0.9996
vn 0.0296 -0.0001 0.9996
vn 0.0257 -0.0043 0.9997
vn 0.0261 -0.0002 0.9997
vn 0.0235 -0.0039 0.9997
vn 0.0248 0.3645 0.9309
vn 0.0445 -0.0020 0.9990
vn 0.0236 -0.0022 0.9997
vn 0.0235 -0.0023 0.9997
vn 0.0236 0.0010 0.9997
vn -0.4038 -0.3480 -0.8461
vn -0.2912 -0.3860 -0.8754
vn -0.0242 0.4198 -0.9073
vn -0.0242 0.4197 -0.9073
vn -0.6586 0.1465 -0.7381
vn -0.5142 -0.2901 -0.8071
vn -0.6461 -0.1659 -0.7450
vn -0.5144 0.2900 -0.8070
vn -0.3625 0.3639 -0.8580
vn -0.3625 0.3640 -0.8580
vn -0.3142 0.3796 -0.8702
vn -0.3142 0.3795 -0.8702
vn -0.1832 -0.4081 -0.8944
vn -0.1831 -0.4081 -0.8944
vn -0.2313 0.3998 -0.8869
vn -0.1255 -0.4151 -0.9011
vn -0.6344 -0.1819 -0.7513
vn -0.6222 0.1970 -0.7577
vn -0.0005 -0.9998 -0.0191
vn 0.8357 -0.0354 -0.5480
vn 0.8364 0.0795 -0.5423
vn 0.8198 -0.0786 -0.5672
vn -0.7072 0.1509 -0.6907
vn -0.7072 0.1510 -0.6907
vn 0.6554 0.2022 -0.7277
vn 0.6551 0.2024 -0.7279
vn -0.7019 -0.1606 -0.6939
vn -0.7018 -0.1607 -0.6940
vn 0.5049 0.4716 -0.7230
vn -0.3234 0.5973 -0.7339
vn -0.4817 0.5316 -0.6967
vn -0.2462 0.6279 -0.7384
vn -0.2462 0.6278 -0.7384
vn -0.0189 0.7050 -0.7090
vn -0.0189 0.7049 -0.7090
vn 0.3464 0.6029 -0.7187
vn -0.5562 0.4561 -0.6947
vn 0.2059 0.6677 -0.7154
vn 0.2058 0.6677 -0.7154
vn 0.6080 0.3220 -0.7257
vn -0.9614 0.0373 -0.2726
vn -0.9535 -0.0668 -0.2940
vn -0.9579 0.0606 -0.2805
vn -0.9959 -0.0463 0.0781
vn 0.9951 -0.0000 0.0991
vn 0.8874 0.0395 0.4592
vn 0.8848 -0.0680 0.4610
vn 0.8859 0.0642 0.4594
vn -0.9886 -0.0000 0.1508
vn -0.9719 0.0377 -0.2323
vn -0.9605 -0.0501 -0.2739
vn -0.9697 0.0599 -0.2370
vn -0.9909 -0.0461 0.1266
vn -0.9909 -0.0461 0.1267
vn 0.9100 0.0417 0.4126
vn 0.9003 -0.0659 0.4303
vn 0.9099 0.0643 0.4098
vn 0.9954 -0.0752 0.0594
vn 0.9954 -0.0751 0.0594
vn -0.1582 0.4115 -0.8976
vn 0.0266 -0.0020 0.9996
vn 0.0445 -0.0009 0.9990
vn 0.0198 0.6678 0.7441
vn -0.8141 0.2155 0.5393
vn 0.0241 0.4256 0.9046
vn 0.8294 0.2416 0.5038
vn 0.7082 0.4080 0.5761
vn 0.5783 0.5123 0.6349
vn 0.5783 0.5124 0.6349
vn 0.4278 0.5902 0.6846
vn 0.2690 0.6400 0.7197
vn 0.1800 0.6565 0.7325
vn 0.1800 0.6565 0.7326
vn -0.3855 -0.5923 0.7076
vn -0.3855 -0.5923 0.7075
vn -0.6125 -0.4639 0.6400
vn -0.7676 -0.2989 0.5670
vn -0.8301 -0.1764 0.5290
vn -0.8436 -0.1340 0.5200
vn -0.1371 0.6570 0.7413
vn 0.2308 -0.6480 0.7258
vn 0.2307 -0.6480 0.7258
vn 0.3413 -0.6208 0.7058
vn 0.4600 -0.5764 0.6754
vn -0.2736 0.6293 0.7274
vn -0.3534 0.6043 0.7141
vn 0.5251 -0.5440 0.6545
vn -0.1284 -0.6582 0.7418
vn -0.1284 -0.6582 0.7419
vn -0.2892 -0.6249 0.7251
vn -0.2892 -0.6250 0.7251
vn -0.4757 0.5513 0.6854
vn -0.5001 0.5382 0.6784
vn -0.6642 0.4198 0.6185
vn -0.6642 0.4198 0.6186
vn -0.7882 0.2657 0.5551
vn 0.7085 -0.4077 0.5760
vn 0.8180 -0.2633 0.5115
vn 0.8512 -0.1922 0.4884
vn 0.8400 0.2191 0.4963
vn 0.0241 -0.4256 0.9046
vn -0.6118 -0.1676 0.7731
vn -0.6246 0.1479 0.7668
vn -0.5872 0.1990 0.7846
vn -0.4765 0.2932 0.8289
vn -0.4765 0.2932 0.8288
vn 0.6266 -0.2007 0.7530
vn 0.6267 -0.2007 0.7530
vn 0.5087 -0.3005 0.8068
vn 0.3747 -0.3656 0.8520
vn 0.3748 -0.3656 0.8520
vn 0.3563 -0.3722 0.8570
vn 0.2245 0.4070 0.8854
vn 0.1188 0.4215 0.8990
vn 0.0198 -0.6678 0.7441
vn -0.3207 0.3686 0.8725
vn 0.2684 -0.3977 0.8774
vn 0.2140 -0.4090 0.8871
vn -0.2714 0.3845 0.8823
vn -0.1867 0.4052 0.8950
vn -0.1866 0.4052 0.8950
vn -0.1121 0.4172 0.9019
vn 0.1244 -0.4210 0.8985
vn 0.6861 0.1043 0.7200
vn 0.6861 0.1042 0.7200
vn 0.6711 0.1362 0.7287
vn 0.6057 0.2235 0.7636
vn 0.4643 0.3259 0.8235
vn 0.4643 0.3260 0.8235
vn 0.2909 0.3921 0.8727
vn -0.0788 -0.4208 0.9037
vn -0.1375 -0.4137 0.9000
vn -0.2478 -0.3911 0.8864
vn -0.3630 -0.3523 0.8626
vn -0.4762 -0.2934 0.8289
vn -0.5998 -0.1837 0.7788
vn 0.6538 -0.1650 0.7385
vn -0.9822 0.1862 0.0262
vn 0.7622 -0.6470 -0.0203
vn -0.9059 0.4229 0.0241
vn 0.6566 -0.7541 -0.0175
vn -0.6948 0.7190 0.0185
vn 0.4934 -0.8697 -0.0131
vn -0.3603 0.9328 0.0096
vn 0.2857 -0.9583 -0.0076
vn -0.2294 0.9733 0.0061
vn -0.3212 -0.9470 0.0086
vn -0.5181 -0.8552 0.0138
vn 0.0245 0.3948 0.9184
vn 0.0245 -0.3949 0.9184
vn 0.0245 -0.3948 0.9184
vn -0.0661 0.3843 0.9209
vn -0.0661 0.3843 0.9208
vn -0.1178 0.3683 0.9222
vn -0.2498 0.2838 0.9258
vn -0.2499 0.2839 0.9257
vn -0.3332 0.1670 0.9280
vn -0.3629 0.0731 0.9290
vn -0.3629 0.0731 0.9289
vn 0.4085 0.0897 0.9083
vn 0.3410 0.2358 0.9100
vn 0.1855 0.3605 0.9142
vn 0.1855 0.3605 0.9141
vn 0.1548 0.3727 0.9150
vn 0.1548 0.3726 0.9150
vn -0.3525 -0.1139 0.9288
vn -0.3526 -0.1139 0.9288
vn -0.3266 -0.1803 0.9278
vn -0.3266 -0.1804 0.9278
vn -0.2689 -0.2641 0.9263
vn -0.2689 -0.2641 0.9262
vn -0.1801 -0.3377 0.9239
vn -0.1801 -0.3376 0.9239
vn -0.1018 -0.3737 0.9219
vn -0.1018 -0.3737 0.9220
vn -0.1018 -0.3736 0.9220
vn 0.1374 -0.3433 0.9291
vn 0.1375 -0.3433 0.9291
vn 0.1971 -0.3201 0.9267
vn 0.2837 -0.2977 0.9115
vn 0.2837 -0.2978 0.9115
vn 0.3254 -0.2554 0.9104
vn 0.4097 -0.0856 0.9082
vn 0.9754 -0.2190 -0.0260
vn 0.9731 0.2289 -0.0259
vn 0.8018 0.5973 -0.0214
vn 0.8018 0.5973 -0.0213
vn 0.4078 0.9130 -0.0109
vn 0.3301 0.9439 -0.0088
vn -0.9565 -0.2905 0.0255
vn -0.8893 -0.4568 0.0237
vn -0.7430 -0.6690 0.0198
vn -0.3613 0.0834 0.9287
vn -0.2765 0.2554 0.9264
vn -0.2765 0.2554 0.9265
vn -0.2348 0.2977 0.9253
vn -0.1321 0.3282 0.9353
vn -0.1084 0.3361 0.9356
vn -0.1084 0.3362 0.9356
vn 0.1498 0.3740 0.9152
vn 0.1498 0.3740 0.9153
vn 0.2290 0.3376 0.9130
vn 0.2290 0.3377 0.9130
vn 0.3178 0.2641 0.9106
vn 0.3755 0.1804 0.9091
vn 0.3755 0.1803 0.9091
vn 0.4018 0.1125 0.9088
vn -0.1059 -0.3726 0.9219
vn -0.1059 -0.3727 0.9219
vn -0.1365 -0.3605 0.9227
vn -0.1366 -0.3605 0.9227
vn -0.2921 -0.2358 0.9269
vn -0.3599 -0.0885 0.9288
vn 0.4119 -0.0723 0.9084
vn 0.4120 -0.0723 0.9083
vn 0.4119 -0.0723 0.9083
vn 0.3821 -0.1670 0.9089
vn 0.2988 -0.2838 0.9111
vn 0.2988 -0.2839 0.9111
vn 0.1667 -0.3683 0.9147
vn 0.1667 -0.3683 0.9146
vn 0.1150 -0.3843 0.9160
vn 0.9058 -0.4229 -0.0258
vn 0.0005 0.9998 0.0191
vn -0.9744 0.2236 0.0235
vn -0.8021 -0.5972 0.0058
vn 0.9588 0.2836 -0.0135
vn -0.4082 -0.9129 -0.0077
vn 0.8895 0.4568 -0.0088
vn -0.3306 -0.9437 -0.0098
vn 0.7434 0.6689 -0.0019
vn 0.9998 -0.0000 -0.0197
vn 0.5185 0.8550 0.0061
vn 0.3170 0.9483 0.0119
vn -0.9998 -0.0000 0.0197
vn -0.3987 0.9167 0.0254
vn 0.9995 0.0234 -0.0193
vn -0.4078 0.9127 0.0255
vn 0.9997 0.0142 -0.0194
vn -0.6563 0.7540 0.0273
vn -0.5154 -0.8569 -0.0062
vn -0.7620 0.6470 0.0274
vn -0.9778 0.2080 0.0232
vn 0.9998 0.0095 -0.0195
vn -0.0181 -0.9997 -0.0187
vn 0.9930 -0.0000 -0.1184
vn 0.9675 -0.2518 -0.0239
vn -0.9587 -0.2840 0.0135
vn -0.8616 -0.5075 0.0073
vn -0.7386 -0.6741 0.0017
vn -0.5702 -0.8215 -0.0045
vn -0.3639 -0.9314 -0.0106
vn -0.2378 -0.9712 -0.0139
vn 0.5639 0.8259 0.0047
vn 0.8050 0.5933 -0.0045
vn 0.9341 0.3568 -0.0116
vn 0.9787 0.2046 -0.0154
vn 0.9879 0.1545 -0.0165
vn 0.2315 -0.9725 -0.0231
vn -0.3095 0.9506 0.0243
vn -0.4603 0.8874 0.0260
vn -0.6078 0.7936 0.0271
vn 0.4214 -0.9065 -0.0256
vn 0.5239 -0.8513 -0.0266
vn -0.6816 0.7312 0.0274
vn 0.2199 0.9754 0.0143
vn 0.9996 0.0225 -0.0193
vn 0.4428 0.8966 0.0084
vn 0.6666 -0.7449 -0.0274
vn 0.6930 -0.7204 -0.0274
vn -0.0005 -0.9998 -0.0175
vn 0.8506 -0.5251 -0.0268
vn 0.9832 -0.1812 -0.0232
vn 0.9832 -0.1813 -0.0232
vn 0.9997 -0.0007 -0.0232
vn 0.2290 -0.9732 -0.0217
vn -0.9741 -0.2257 0.0161
vn 0.9490 -0.3143 -0.0247
vn 0.3599 -0.9327 -0.0236
vn -0.8614 0.5071 0.0267
vn -0.8615 0.5071 0.0267
vn 0.6945 -0.7190 -0.0267
vn -0.9500 0.3111 0.0247
vn -1.0000 -0.0043 -0.0025
vn -0.0242 -0.4197 -0.9073
vn 0.0750 -0.4153 -0.9066
vn 0.1639 -0.4035 -0.9002
vn 0.2180 -0.3924 -0.8936
vn 0.3059 -0.3675 -0.8783
vn 0.3244 -0.3611 -0.8743
vn 0.4593 -0.2971 -0.8371
vn 0.5795 -0.1987 -0.7904
vn 0.6073 -0.1633 -0.7775
vn 0.6073 -0.1634 -0.7775
vn 0.6406 0.1033 -0.7609
vn 0.6405 0.1033 -0.7609
vn 0.6251 0.1349 -0.7688
vn 0.5581 0.2212 -0.7997
vn 0.5581 0.2212 -0.7998
vn 0.4145 0.3221 -0.8512
vn 0.2404 0.3870 -0.8902
vn 0.2404 0.3869 -0.8902
vn 0.1743 0.4016 -0.8991
vn 0.0694 0.4158 -0.9068
vn -0.6742 0.1294 0.7271
vn -0.6741 0.1294 0.7272
vn -0.6742 0.1294 0.7272
vn -0.6188 0.2977 0.7269
vn -0.4675 0.5035 0.7266
vn -0.0191 -0.6950 -0.7187
vn 0.1406 -0.6775 -0.7219
vn -0.2320 0.6501 0.7235
vn -0.2484 -0.6554 -0.7132
vn -0.3023 -0.6340 -0.7118
vn -0.5773 -0.4158 -0.7028
vn -0.0266 0.0001 -0.9996
vn 0.0267 -0.0000 0.9996
vn 0.0267 -0.0004 0.9996
vn -0.8351 0.0321 0.5492
vn -0.8190 0.0775 0.5685
vn -0.8612 -0.0741 0.5029
vn 0.9610 -0.0353 0.2743
vn 0.9576 -0.0600 0.2818
vn 0.9669 0.0759 0.2435
vn 0.9959 0.0463 -0.0781
vn -0.9951 -0.0000 -0.0991
vn -0.8889 -0.0414 -0.4563
vn -0.8867 -0.0645 -0.4579
vn -0.8615 0.0272 -0.5071
vn 0.9886 -0.0000 -0.1508
vn 0.9715 -0.0359 0.2345
vn 0.9694 -0.0595 0.2384
vn 0.9725 0.0731 0.2213
vn 0.0266 0.0001 0.9996
vn 0.0266 -0.0001 0.9996
vn 0.9909 0.0461 -0.1267
vn 0.9909 0.0461 -0.1266
vn -0.9115 -0.0432 -0.4090
vn -0.9106 -0.0644 -0.4083
vn -0.8814 0.0065 -0.4723
vn 0.0267 -0.0001 0.9996
vn -0.9954 0.0752 -0.0594
vn -0.9954 0.0751 -0.0594
vn 0.0265 -0.0004 0.9996
vn 0.0264 0.0002 0.9997
vn 0.0268 -0.0005 0.9996
vn 0.0264 0.0001 0.9997
vn 0.0264 -0.0001 0.9997
vn 0.0266 -0.0004 0.9996
vn 0.0266 0.0002 0.9996
vn -0.8747 -0.4846 0.0080
vn 0.4841 -0.8746 -0.0262
vn 0.8567 -0.5152 -0.0267
vn 0.8567 -0.5151 -0.0267
vn -0.8567 0.5151 0.0267
vn -0.8567 0.5152 0.0267
vn -0.9996 0.0176 0.0200
vn 0.9996 -0.0176 -0.0200
vn -0.4841 0.8746 0.0262
vn 0.8747 0.4846 -0.0080
vn 0.0181 0.9997 0.0187
vn 0.5154 0.8569 0.0062
vn 0.0248 0.3593 0.9329
vn -0.4218 0.9066 0.0112
vn 0.7382 0.6742 -0.0197
vn 0.7383 0.6742 -0.0197
vn -0.5243 0.8514 0.0140
vn 0.5698 0.8217 -0.0152
vn 0.6819 -0.7312 -0.0182
vn 0.3634 0.9316 -0.0097
vn 0.2373 0.9714 -0.0063
vn -0.5634 -0.8260 0.0150
vn -0.2194 -0.9756 0.0058
vn -0.8047 -0.5933 0.0214
vn -0.4423 -0.8968 0.0118
vn -0.9338 -0.3568 0.0249
vn -0.6669 0.7449 0.0178
vn -0.9785 -0.2046 0.0260
vn -0.9785 -0.2046 0.0261
vn -0.6932 0.7205 0.0185
vn -0.9876 -0.1545 0.0263
vn -0.8507 0.5251 0.0227
vn -0.2320 0.9727 0.0062
vn -0.9490 0.3143 0.0253
vn 0.3100 -0.9507 -0.0083
vn -0.9674 0.2518 0.0258
vn 0.8616 -0.5071 -0.0229
vn 0.4607 -0.8875 -0.0123
vn 0.9585 0.2840 -0.0255
vn 0.9500 -0.3111 -0.0253
vn 0.6081 -0.7937 -0.0162
vn 0.6082 -0.7936 -0.0162
vn 0.8613 0.5075 -0.0229
vn 0.8613 0.5076 -0.0229
vn 0.9743 -0.2236 -0.0259
vn -0.9995 0.0176 0.0266
vn 0.0265 0.0001 0.9996
vn 0.8568 -0.5152 -0.0228
vn -0.8568 0.5152 0.0228
vn -0.5150 -0.8571 0.0137
vn -0.4845 0.8747 0.0129
vn -0.0176 -0.9998 0.0005
vn 0.5150 0.8571 -0.0137
vn 0.9995 -0.0176 -0.0266
vn 0.8744 0.4847 -0.0233
vn 0.4845 -0.8747 -0.0129
vn -0.8568 0.5151 0.0228
vn -0.8744 -0.4847 0.0233
vn 0.0176 0.9998 -0.0005
vn 0.9996 0.0030 -0.0270
vn 0.9998 0.0131 0.0153
vn 0.1560 -0.9161 0.3694
vn -0.1560 -0.9161 -0.3694
vn -0.9996 0.0030 0.0270
vn -0.9998 0.0131 -0.0153
vn -0.2617 -0.4590 0.8490
vn -0.3421 -0.3650 0.8659
vn -0.4888 -0.4920 0.7205
vn -0.4372 -0.7574 0.4851
vn 0.4170 -0.3683 0.8310
vn 0.3095 -0.4293 0.8485
vn 0.3665 -0.5031 0.7827
vn 0.6721 -0.5892 0.4485
vn 0.4607 0.3160 0.8294
vn 0.4996 0.1976 0.8434
vn 0.5816 0.2409 0.7770
vn 0.6964 0.4859 0.5281
vn -0.5102 0.0869 0.8557
vn -0.4540 0.1975 0.8688
vn -0.5456 0.2264 0.8069
vn -0.8204 0.1101 0.5611
vn -0.1667 -0.5056 0.8465
vn -0.2639 -0.4292 0.8638
vn -0.3117 -0.5121 0.8004
vn -0.2926 -0.8195 0.4927
vn 0.4819 -0.2841 0.8289
vn 0.3877 -0.3651 0.8464
vn 0.4583 -0.4262 0.7800
vn 0.7124 -0.4846 0.5076
vn 0.3906 0.3955 0.8313
vn 0.4519 0.2868 0.8447
vn 0.5239 0.3457 0.7785
vn 0.5885 0.6096 0.5310
vn -0.6111 -0.0993 0.7853
vn -0.4834 0.1007 0.8696
vn -0.6345 -0.0074 0.7729
vn -0.7924 -0.0479 0.6081
vn -0.2019 0.4916 0.8471
vn -0.0779 0.5063 0.8588
vn -0.1058 0.5970 0.7953
vn -0.3288 0.7638 0.5554
vn -0.0053 -0.6390 0.7692
vn -0.1747 -0.4770 0.8614
vn -0.1003 -0.6437 0.7587
vn -0.1052 -0.8303 0.5473
vn 0.5278 -0.1891 0.8280
vn 0.4519 -0.2868 0.8447
vn 0.5327 -0.3327 0.7782
vn 0.8473 -0.2918 0.4439
vn 0.3064 0.4597 0.8335
vn 0.3877 0.3651 0.8464
vn 0.4468 0.4371 0.7806
vn 0.4586 0.7099 0.5345
vn -0.5029 -0.1236 0.8555
vn -0.4933 -0.0001 0.8699
vn -0.6901 0.0117 0.7236
vn -0.7674 -0.2195 0.6024
vn 0.0416 -0.5401 0.8406
vn -0.0778 -0.5064 0.8588
vn -0.1315 -0.6926 0.7092
vn 0.0507 -0.8267 0.5604
vn 0.5556 -0.0866 0.8269
vn 0.4996 -0.1976 0.8434
vn 0.5880 -0.2263 0.7765
vn 0.8446 -0.1803 0.5041
vn 0.0037 0.5395 0.8420
vn 0.1234 0.5063 0.8535
vn 0.1325 0.6001 0.7889
vn -0.0376 0.8832 0.4675
vn 0.2115 0.5056 0.8364
vn 0.3095 0.4293 0.8485
vn 0.3536 0.5118 0.7830
vn 0.3041 0.8351 0.4584
vn -0.5250 -0.3336 0.7830
vn -0.4834 -0.1007 0.8696
vn -0.5819 -0.2574 0.7715
vn -0.7041 -0.3743 0.6035
vn 0.1460 -0.5255 0.8382
vn 0.0228 -0.5163 0.8561
vn 0.0288 -0.6104 0.7916
vn 0.2337 -0.8565 0.4602
vn -0.4963 0.3765 0.7823
vn -0.2639 0.4293 0.8638
vn -0.4480 0.4579 0.7679
vn -0.5946 0.5439 0.5922
vn 0.1089 0.5335 0.8388
vn 0.2203 0.4770 0.8509
vn 0.2474 0.5671 0.7856
vn 0.1943 0.8309 0.5214
vn -0.4156 -0.3153 0.8531
vn -0.4540 -0.1976 0.8688
vn -0.6406 -0.2606 0.7223
vn -0.6239 -0.5002 0.6005
vn 0.2467 -0.4916 0.8351
vn 0.1235 -0.5063 0.8534
vn 0.1479 -0.5973 0.7882
vn 0.3257 -0.7911 0.5179
vn 0.5654 0.0736 0.8215
vn 0.6151 -0.0281 0.7879
vn 0.9563 0.1275 0.2630
vn -0.4364 0.2842 0.8537
vn -0.3421 0.3651 0.8658
vn -0.4742 0.5097 0.7179
vn -0.6962 0.4578 0.5529
vn -0.3558 -0.5154 0.7796
vn -0.4063 -0.2868 0.8676
vn -0.4383 -0.4664 0.7684
vn -0.5066 -0.6185 0.6006
vn 0.3383 -0.4384 0.8327
vn 0.2203 -0.4770 0.8508
vn 0.2619 -0.5607 0.7855
vn 0.5003 -0.6820 0.5334
vn 0.5138 0.2244 0.8280
vn 0.5290 0.1007 0.8426
vn 0.5786 0.1262 0.8058
vn 0.7082 0.3488 0.6139
vn -0.4838 0.1889 0.8546
vn -0.4063 0.2868 0.8675
vn -0.4908 0.3327 0.8053
vn -0.7391 0.3042 0.6010
vn -0.2928 0.4382 0.8499
vn -0.1748 0.4769 0.8614
vn -0.2196 0.5610 0.7982
vn -0.4981 0.6683 0.5526
vn -0.1937 0.9798 0.0494
vn -0.3717 0.9191 0.1305
vn -0.1910 0.9649 0.1805
vn -0.4290 0.9016 0.0557
vn -0.4040 0.8985 0.1714
vn -0.8990 0.3023 0.3168
vn -0.8954 0.3255 0.3038
vn 0.3834 -0.9230 0.0340
vn 0.5502 -0.8283 0.1060
vn 0.3847 -0.9081 0.1651
vn 0.9930 -0.1109 -0.0396
vn 0.9394 0.2985 0.1686
vn 0.9816 -0.1300 0.1400
vn 0.8077 0.3981 0.4348
vn 0.8212 0.5501 0.1517
vn 0.8534 0.3933 0.3421
vn 0.8315 0.5551 0.0221
vn 0.7086 0.6983 0.1018
vn 0.8209 0.5501 0.1536
vn 0.7073 0.7064 0.0253
vn 0.5589 0.8225 0.1057
vn 0.6979 0.6988 0.1568
vn -0.1373 0.8367 0.5302
vn 0.0132 0.6106 0.7919
vn 0.0300 0.9561 0.2916
vn -0.1088 0.9840 0.1411
vn -0.1484 0.8366 0.5274
vn -0.3106 0.7886 0.5308
vn -0.6915 0.5836 0.4257
vn -0.8330 0.4752 0.2833
vn -0.7730 0.3280 0.5430
vn -0.8933 -0.0773 0.4428
vn -0.7946 -0.4168 0.4414
vn -0.5652 -0.7277 0.3886
vn -0.0925 -0.9018 0.4221
vn 0.0658 -0.9883 0.1377
vn 0.0118 -0.8277 0.5610
vn 0.1725 -0.9420 0.2878
vn 0.3059 -0.9432 0.1299
vn 0.3364 -0.7888 0.5145
vn 0.4720 -0.6899 0.5489
vn 0.6679 -0.6917 0.2746
vn 0.7787 -0.6163 0.1174
vn 0.7011 -0.4625 0.5427
vn 0.8823 -0.3863 0.2689
vn 0.9555 -0.2727 0.1127
vn 0.8256 -0.1183 0.5518
vn 0.8024 0.3225 0.5021
vn 0.7244 0.4702 0.5041
vn 0.6190 0.5998 0.5070
vn 0.4772 0.6865 0.5487
vn 0.3940 0.8748 0.2819
vn 0.2762 0.9521 0.1308
vn 0.1794 0.8112 0.5566
vn -0.1018 0.5260 0.8444
vn 0.0228 0.5163 0.8561
vn 0.0267 0.0001 0.9996
vn 0.0268 -0.0002 0.9996
vn 0.0268 0.0001 0.9996
vn 0.0267 0.0003 0.9996
vn 0.0265 0.0003 0.9996
vn 0.0264 -0.0002 0.9997
vn 0.9432 0.3244 -0.0717
vn -0.3111 0.9487 0.0574
vn 0.7620 0.6445 0.0627
vn 0.8220 -0.5673 -0.0502
vn 0.3019 -0.9528 0.0308
vn -0.3246 -0.9448 -0.0446
vn -0.9615 -0.2686 0.0583
vn -0.9860 0.1589 0.0507
vn -0.3445 0.9372 0.0542
vn 0.0349 0.0213 0.9992
vn 0.0307 0.0412 0.9987
vn 0.0316 -0.0064 0.9995
vn 0.0278 0.0106 0.9996
vn 0.0259 -0.0123 0.9996
vn 0.0222 0.0042 0.9997
vn 0.0196 -0.0169 0.9997
vn 0.0239 -0.0381 0.9990
vn -0.0267 -0.0008 -0.9996
vn -0.0267 0.0008 -0.9996
vn 0.0268 -0.0017 0.9996
vn 0.0264 -0.0006 0.9997
vn 0.0268 0.0004 0.9996
vn -0.0265 -0.0051 -0.9996
vn -0.0257 0.0419 -0.9988
vn -0.0235 0.0031 -0.9997
vn -0.0255 -0.0029 -0.9997
vn -0.0271 -0.0056 -0.9996
vn -0.0231 -0.0033 -0.9997
vn -0.0245 -0.0000 -0.9997
vn 0.2414 -0.2128 -0.9468
vn -0.1864 -0.3766 0.9074
vn -0.1173 -0.6867 0.7174
vn -0.1735 -0.0138 0.9847
vn -0.0735 0.5455 0.8349
vn -0.1241 0.0194 0.9921
vn -0.6136 0.2761 -0.7398
vn 0.2414 0.1492 -0.9589
vn 0.2026 0.1093 -0.9731
vn 0.2350 -0.0586 -0.9702
vn -0.3445 0.9372 0.0541
vn 0.0325 0.0047 0.9995
vn 0.0383 0.0103 0.9992
vn 0.1178 0.0477 0.9919
vn 0.0178 -0.0585 0.9981
vn 0.0260 -0.0082 0.9996
vn 0.0236 0.0106 0.9997
vn 0.0220 0.0133 0.9997
vn 0.0195 -0.0010 0.9998
vn 0.0265 0.0009 0.9996
vn 0.0270 -0.0009 0.9996
vn 0.0237 0.0024 0.9997
vn 0.0283 0.0003 0.9996
vn 0.0263 -0.0023 0.9997
vn 0.0255 0.0030 0.9997
vn 0.0269 0.0099 0.9996
vn 0.0259 0.0038 0.9997
vn 0.0277 0.1947 0.9805
vn 0.0266 0.0359 0.9990
vn -0.0262 -0.0097 -0.9996
vn -0.0273 -0.0115 -0.9996
vn -0.0236 0.4605 -0.8873
vn -0.0693 0.9974 0.0182
vn 0.7680 -0.6388 -0.0462
vn 0.7741 -0.6308 -0.0537
vn -0.1205 0.9926 0.0143
vn -0.7076 -0.7045 0.0538
vn -0.7040 -0.7087 0.0471
vn 0.0384 0.0103 0.9992
vn 0.1180 0.0478 0.9919
vn -0.0267 -0.0005 -0.9996
vn -0.0267 0.0005 -0.9996
vn 0.0271 -0.0015 0.9996
vn 0.0270 0.0028 0.9996
vn 0.0339 0.0276 0.9990
vn 0.0251 -0.0010 0.9997
vn 0.0302 0.0075 0.9995
vn 0.0292 0.0124 0.9995
vn 0.0553 0.0087 0.9984
vn 0.0295 0.0665 0.9974
vn 0.0270 -0.0067 0.9996
vn 0.0294 -0.0200 0.9994
vn 0.0301 0.0075 0.9995
vn 0.0270 -0.0075 0.9996
vn 0.0271 0.0051 0.9996
vn 0.0261 0.0012 0.9997
vn 0.0259 -0.0119 0.9996
vn 0.0268 0.0037 0.9996
vn -0.0279 -0.0062 -0.9996
vn -0.0282 -0.0227 -0.9993
vn -0.0266 -0.0024 -0.9996
vn -0.0239 -0.0016 -0.9997
vn -0.0281 -0.0048 -0.9996
vn -0.0267 -0.0089 -0.9996
vn -0.0235 0.1255 -0.9918
vn -0.0270 0.0059 -0.9996
vn -0.0288 -0.1433 -0.9893
vn -0.0268 -0.0123 -0.9996
vn -0.0266 0.0025 -0.9996
vn -0.0261 0.0645 -0.9976
vn -0.0268 -0.0080 -0.9996
vn 0.8091 -0.3255 -0.4893
vn 0.7660 0.6120 0.1970
vn 0.9153 0.2698 0.2990
vn -0.0279 -0.1472 0.9887
vn 0.1389 -0.1357 -0.9810
vn 0.1291 0.1303 -0.9830
vn -0.0746 -0.0198 -0.9970
vn -0.2412 0.2877 -0.9268
vn -0.5915 -0.0809 0.8022
vn -0.5262 -0.0398 -0.8494
vn -0.3376 -0.0245 -0.9410
vn -0.4192 -0.0220 0.9076
vn 0.8219 -0.5674 -0.0502
vn -0.9860 0.1589 0.0508
vn 0.1178 0.0478 0.9919
vn 0.0178 -0.0584 0.9981
vn 0.0260 -0.0081 0.9996
vn 0.0274 -0.0003 0.9996
vn 0.0268 0.0002 0.9996
vn 0.0268 -0.0022 0.9996
vn 0.0238 -0.0000 0.9997
vn 0.0269 -0.0221 0.9994
vn 0.0266 0.0010 0.9996
vn 0.0266 0.0114 0.9996
vn 0.0271 -0.0030 0.9996
vn 0.0266 0.0030 0.9996
vn -0.0276 0.0010 -0.9996
vn -0.0268 0.0023 -0.9996
vn -0.0265 -0.0012 -0.9996
vn -0.0276 0.0004 -0.9996
vn -0.0265 0.0043 -0.9996
vn -0.0255 0.0493 -0.9985
vn -0.0305 -0.0000 -0.9995
vn -0.0271 0.0044 -0.9996
vn -0.0266 0.0154 -0.9995
vn 0.2615 0.2319 -0.9369
vn 0.0686 -0.2567 -0.9640
vn -0.7229 -0.4967 -0.4803
vn 0.0745 -0.1979 -0.9774
vn -0.8148 0.0549 -0.5771
vn -0.6624 -0.2185 0.7166
vn -0.4795 0.2903 -0.8282
vn -0.3539 -0.2741 0.8942
vn -0.3111 0.9487 0.0573
vn 0.8219 -0.5674 -0.0503
vn -0.3446 0.9372 0.0541
vn 0.0261 -0.0082 0.9996
vn 0.0263 0.0256 0.9993
vn 0.0246 -0.0000 0.9997
vn -0.0398 0.0111 -0.9991
vn -0.3111 0.9486 0.0574
vn 0.7620 0.6445 0.0626
vn 0.8220 -0.5673 -0.0503
vn -0.3246 -0.9448 -0.0445
vn 0.0349 0.0212 0.9992
vn 0.0221 0.0042 0.9997
vn 0.0196 -0.0168 0.9997
vn 0.0239 -0.0380 0.9990
vn -0.0266 0.0002 -0.9996
vn -0.0267 0.0001 -0.9996
vn -0.0267 -0.0002 -0.9996
vn 0.0252 -0.0004 0.9997
vn 0.0262 0.0040 0.9996
vn 0.0277 0.0004 0.9996
vn 0.0266 0.0023 0.9996
vn 0.0255 -0.0067 0.9997
vn 0.0285 0.0063 0.9996
vn 0.0258 -0.0001 0.9997
vn 0.0260 0.0040 0.9997
vn 0.0277 -0.0003 0.9996
vn 0.0266 -0.0112 0.9996
vn 0.0268 -0.0050 0.9996
vn -0.0263 -0.0029 -0.9996
vn -0.0272 0.0051 -0.9996
vn -0.0288 -0.0197 -0.9994
vn -0.0277 -0.0029 -0.9996
vn -0.0275 0.0006 -0.9996
vn -0.0254 -0.0010 -0.9997
vn -0.0268 -0.0011 -0.9996
vn -0.0271 -0.0004 -0.9996
vn -0.0265 -0.0023 -0.9996
vn -0.0271 -0.0046 -0.9996
vn -0.0268 0.0022 -0.9996
vn -0.0274 -0.0030 -0.9996
vn -0.0269 0.0030 -0.9996
vn -0.0267 -0.0014 -0.9996
vn -0.0256 -0.0017 -0.9997
vn -0.0269 0.0023 -0.9996
vn -0.0241 0.0059 -0.9997
vn -0.0268 0.0078 -0.9996
vn -0.0264 -0.0029 -0.9996
vn -0.1417 0.9709 -0.1928
vn 0.4658 -0.1035 -0.8788
vn -0.0626 0.9883 -0.1390
vn 0.6370 0.4434 0.6305
vn 0.0808 -0.1369 0.9873
vn 0.0331 -0.0982 0.9946
vn -0.9073 0.3980 -0.1355
vn 0.4548 -0.2983 0.8391
vn 0.5999 0.4170 -0.6828
vn -0.0860 -0.3590 -0.9294
vn -0.0137 0.4159 0.9093
vn -0.1351 0.2024 0.9699
vn -0.1602 -0.1336 -0.9780
vn 0.9375 0.3450 -0.0451
vn -0.2600 0.9643 0.0494
vn -0.2256 0.9721 0.0638
vn 0.6792 0.7338 -0.0138
vn 0.8497 -0.5262 -0.0323
vn 0.3090 -0.9491 0.0617
vn -0.3184 -0.9473 -0.0351
vn -0.9541 -0.2981 0.0296
vn -0.9861 0.1204 0.1144
vn -0.0266 -0.0003 -0.9996
vn 0.0307 0.0413 0.9987
vn 0.0267 0.0002 0.9996
vn 0.0251 -0.0036 0.9997
vn 0.0275 -0.0027 0.9996
vn 0.0269 -0.0016 0.9996
vn 0.0260 0.0004 0.9997
vn 0.0282 -0.0004 0.9996
vn 0.0260 0.0011 0.9997
vn 0.0261 -0.0058 0.9996
vn 0.0278 -0.0002 0.9996
vn 0.0269 0.0003 0.9996
vn 0.0272 -0.0029 0.9996
vn 0.0268 -0.0024 0.9996
vn 0.0270 -0.0001 0.9996
vn 0.0274 -0.0036 0.9996
vn 0.0277 -0.0029 0.9996
vn -0.0198 -0.0581 -0.9981
vn -0.0285 0.0021 -0.9996
vn -0.0267 0.0004 -0.9996
vn -0.0267 0.0037 -0.9996
vn -0.0266 0.0005 -0.9996
vn -0.0265 0.0003 -0.9996
vn -0.0255 -0.0027 -0.9997
vn -0.0270 -0.0068 -0.9996
vn -0.0268 -0.0027 -0.9996
vn -0.0268 -0.0013 -0.9996
vn -0.0262 -0.0032 -0.9997
vn 0.1186 -0.4049 -0.9066
vn -0.3171 -0.0699 -0.9458
vn -0.4614 -0.7206 -0.5175
vn -0.1467 0.6174 0.7728
vn -0.8832 0.4261 0.1959
vn 0.2827 0.4049 0.8696
vn 0.3038 -0.1789 -0.9358
vn -0.3323 -0.0357 0.9425
vn -0.2304 -0.9292 -0.2891
vn -0.2142 0.0442 0.9758
vn 0.4135 -0.2986 0.8601
vn 0.2689 0.1058 -0.9573
vn 0.1716 0.0971 -0.9804
vn 0.8497 -0.5262 -0.0324
vn 0.0307 0.0411 0.9987
vn 0.0268 -0.0003 0.9996
vn -0.0266 0.0004 -0.9996
vn -0.9861 0.1203 0.1144
vn 0.0263 -0.0086 0.9996
vn 0.0186 -0.0185 0.9997
vn 0.0275 -0.0051 0.9996
vn 0.0336 0.0385 0.9987
vn 0.0279 0.0027 0.9996
vn 0.0258 -0.0033 0.9997
vn 0.0265 0.0004 0.9996
vn 0.0259 -0.0096 0.9996
vn 0.0274 -0.0004 0.9996
vn 0.0268 -0.0000 0.9996
vn 0.0263 -0.0027 0.9997
vn 0.0272 0.0024 0.9996
vn 0.0273 -0.0014 0.9996
vn 0.0283 0.0082 0.9996
vn 0.0278 -0.0021 0.9996
vn 0.0266 -0.0014 0.9996
vn 0.0244 -0.0008 0.9997
vn 0.0266 0.0088 0.9996
vn 0.0261 -0.0300 0.9992
vn 0.0259 -0.0078 0.9996
vn -0.0274 -0.0015 -0.9996
vn -0.0301 -0.0070 -0.9995
vn -0.0275 0.0016 -0.9996
vn -0.0284 -0.0002 -0.9996
vn -0.0247 -0.0000 -0.9997
vn -0.0267 -0.0007 -0.9996
vn -0.0269 0.0014 -0.9996
vn -0.0264 0.0027 -0.9996
vn -0.0259 -0.0006 -0.9997
vn -0.0263 0.0025 -0.9996
vn -0.0267 -0.0009 -0.9996
vn -0.0261 -0.0004 -0.9997
vn -0.0259 0.0033 -0.9997
vn -0.0267 -0.0020 -0.9996
vn -0.0272 0.0018 -0.9996
vn -0.0266 -0.0002 -0.9996
vn -0.0267 -0.0006 -0.9996
vn -0.0236 0.0015 -0.9997
vn -0.0959 0.0816 -0.9920
vn 0.9911 0.1311 0.0231
vn 0.8916 -0.1429 -0.4297
vn 0.9925 0.0981 -0.0731
vn 0.1566 -0.2888 0.9445
vn -0.2102 -0.2432 -0.9469
vn -0.1497 -0.0452 -0.9877
vn 0.9944 -0.1052 0.0040
vn 0.4676 0.8823 -0.0544
vn 0.9989 -0.0472 0.0005
vn 0.3177 -0.9465 0.0564
vn -0.7561 0.3968 0.5205
vn -0.7393 -0.6342 -0.2266
vn -0.9669 -0.0815 0.2419
vn -0.2091 0.7618 0.6132
vn 0.0239 -0.0379 0.9990
vn 0.0270 -0.0838 0.9961
vn 0.0160 -0.3198 0.9474
vn 0.0268 -0.0066 0.9996
vn 0.0262 0.0070 0.9996
vn 0.0266 0.0003 0.9996
vn 0.0265 0.0020 0.9996
vn 0.0275 0.0060 0.9996
vn 0.0264 -0.0019 0.9997
vn 0.0265 -0.0029 0.9996
vn 0.0275 -0.0078 0.9996
vn 0.0360 -0.3835 0.9228
vn 0.0387 -0.1847 0.9820
vn 0.0244 -0.0453 0.9987
vn 0.0266 -0.0002 0.9996
vn 0.0267 -0.0029 0.9996
vn 0.0272 0.0012 0.9996
vn 0.0270 -0.0011 0.9996
vn 0.0265 -0.0079 0.9996
vn 0.0267 0.0014 0.9996
vn 0.0265 -0.0023 0.9996
vn 0.0271 0.0149 0.9995
vn 0.0271 -0.0002 0.9996
vn -0.0318 -0.0060 -0.9995
vn -0.0268 -0.0001 -0.9996
vn -0.0266 -0.0004 -0.9996
vn -0.0262 -0.0008 -0.9997
vn -0.0268 0.0049 -0.9996
vn -0.1027 0.0355 -0.9941
vn -0.0261 -0.0008 -0.9997
vn 0.0112 -0.3938 -0.9191
vn 0.0115 -0.3934 -0.9193
vn 0.0108 -0.3935 -0.9192
vn -0.0364 0.2492 -0.9678
vn -0.0267 -0.0001 -0.9996
vn -0.0264 -0.0032 -0.9996
vn -0.0273 -0.0101 -0.9996
vn -0.0253 -0.0006 -0.9997
vn -0.0256 -0.0044 -0.9997
vn 0.4408 0.0196 -0.8974
vn 0.2616 -0.2739 0.9255
vn 0.2455 0.0823 -0.9659
vn -0.2095 -0.5361 -0.8177
vn -0.6048 -0.1901 0.7733
vn -0.3609 0.5250 -0.7708
vn -0.9410 0.1821 -0.2853
vn 0.2595 0.3591 0.8965
vn 0.4823 0.0599 -0.8740
vn 0.2939 -0.0479 -0.9546
vn 0.9005 0.3046 -0.3102
vn -0.1943 0.9808 0.0158
vn 0.2077 0.9713 -0.1156
vn -0.9075 0.3109 0.2825
vn 0.3863 -0.4126 0.8249
vn 0.4431 -0.0493 0.8951
vn -0.2889 -0.8284 -0.4799
vn -0.4318 -0.3718 -0.8218
vn 0.9378 0.3452 -0.0376
vn -0.2600 0.9644 0.0494
vn -0.2215 0.9721 0.0770
vn 0.7685 0.6383 0.0446
vn 0.8130 -0.5809 -0.0410
vn 0.3048 -0.9519 0.0313
vn -0.3260 -0.9443 -0.0456
vn 0.0262 -0.0000 0.9997
vn 0.0263 0.0005 0.9997
vn 0.0284 -0.0018 0.9996
vn 0.0267 -0.0006 0.9996
vn 0.0266 -0.0005 0.9996
vn 0.0268 -0.0075 0.9996
vn 0.0253 0.0250 0.9994
vn 0.0267 0.0013 0.9996
vn 0.0260 0.0356 0.9990
vn 0.0255 0.0288 0.9993
vn -0.0280 0.0007 -0.9996
vn -0.0263 0.0003 -0.9997
vn -0.0266 0.0003 -0.9996
vn -0.0267 0.0010 -0.9996
vn -0.0250 -0.0078 -0.9997
vn -0.0267 -0.0016 -0.9996
vn -0.0270 0.0026 -0.9996
vn -0.0270 0.0016 -0.9996
vn -0.0259 -0.0133 -0.9996
vn -0.0272 -0.0086 -0.9996
vn -0.0276 -0.0643 -0.9975
vn -0.0265 0.0011 -0.9996
vn -0.0264 -0.1107 -0.9935
vn 0.7781 -0.5917 -0.2108
vn -0.8226 -0.5655 0.0593
vn 0.8117 -0.5479 -0.2023
vn -0.7857 -0.6146 0.0699
vn -0.9329 0.3602 0.0030
vn 0.9466 0.3070 -0.0982
vn 0.0247 -0.0118 0.9996
vn 0.0266 0.0031 0.9996
vn 0.0272 -0.0022 0.9996
vn 0.0265 -0.0000 0.9996
vn 0.0277 0.0030 0.9996
vn 0.0271 0.0006 0.9996
vn 0.0268 0.0018 0.9996
vn 0.0290 -0.0100 0.9995
vn 0.0270 0.0044 0.9996
vn -0.0259 -0.0000 -0.9997
vn -0.0278 -0.0003 -0.9996
vn -0.0271 -0.0007 -0.9996
vn -0.0271 0.0003 -0.9996
vn -0.0250 -0.0015 -0.9997
vn -0.0282 -0.0034 -0.9996
vn -0.0262 -0.0004 -0.9997
vn -0.0225 -0.0043 -0.9997
vn -0.0275 -0.0243 -0.9993
vn -0.2926 0.0375 -0.9555
vn -0.2105 0.6670 0.7147
vn -0.1073 -0.1188 0.9871
vn 0.1516 0.1537 -0.9764
vn 0.1121 0.0023 -0.9937
vn -0.0356 -0.0944 0.9949
vn 0.4032 -0.5579 0.7254
vn 0.5178 0.0514 -0.8540
vn 0.7053 -0.0629 -0.7062
vn -0.7404 0.0033 0.6722
vn -0.8962 -0.2188 0.3859
vn -0.4203 -0.7567 -0.5007
vt 0.051561 0.983734
vt 0.051561 0.998441
vt -0.002734 0.998441
vt -0.002734 0.983734
vt 0.966822 0.998441
vt 1.002734 0.998441
vt 0.966822 0.998441
vt 0.051561 0.001559
vt -0.002734 0.001559
vt 0.051561 0.001559
vt 1.002734 0.080711
vt 1.002734 0.001559
vt 1.002734 0.068801
vt 0.167477 0.001559
vt 0.167477 0.001559
vt 0.276653 0.983734
vt 0.287436 0.998441
vt 0.167477 0.800575
vt 0.167477 0.920003
vt 0.051561 0.920003
vt 0.051561 0.800575
vt 1.002734 0.939612
vt 1.002734 0.920002
vt -0.002734 0.800575
vt -0.002734 0.920003
vt 0.051561 0.080711
vt -0.002734 0.080711
vt -0.002734 0.080711
vt 0.167477 0.080710
vt 1.002734 0.092806
vt 1.002734 0.092806
vt 1.002734 0.800575
vt 0.930911 0.920002
vt 0.930911 0.800575
vt 0.966822 0.983734
vt 0.930911 0.983734
vt 0.966822 0.001559
vt 0.930911 0.001559
vt 0.966822 0.001559
vt 0.817198 0.998441
vt 0.930911 0.998441
vt 0.930911 0.998441
vt 0.817198 0.998441
vt 1.002734 0.983734
vt 1.002734 0.800575
vt 0.966822 0.800575
vt 0.966822 0.920002
vt 0.966822 0.068801
vt 0.966822 0.080710
vt 0.966822 0.939612
vt 0.966822 0.920002
vt 0.966822 0.939612
vt 0.930911 0.939612
vt 0.179608 0.920003
vt 0.179608 0.939612
vt -0.002734 0.939612
vt -0.002734 0.939612
vt 0.167477 0.939612
vt 0.167477 0.983734
vt 0.051561 0.939612
vt 0.446257 0.998441
vt 0.729380 0.998441
vt 0.729380 0.998441
vt 0.446257 0.998441
vt 0.729380 0.939612
vt 0.729380 0.983734
vt 0.446257 0.983734
vt 0.446257 0.939612
vt 0.817198 0.920002
vt 0.817198 0.939612
vt 0.376394 0.939612
vt 0.376394 0.920002
vt 0.729380 0.080710
vt 0.729380 0.092806
vt 0.446257 0.092806
vt 0.446257 0.080710
vt 0.376394 0.998441
vt 0.376394 0.983734
vt 0.729380 0.251208
vt 0.446257 0.251208
vt 0.446257 0.201667
vt 0.729380 0.201667
vt 0.729380 0.370635
vt 0.446257 0.370635
vt 0.966822 0.092806
vt 0.966822 0.201667
vt 1.002734 0.201667
vt 1.002734 0.201667
vt 0.966822 0.201667
vt 0.966823 0.092806
vt 0.930911 0.201667
vt 0.930911 0.092806
vt 1.002734 0.251208
vt 1.002734 0.251208
vt 0.051561 0.092806
vt 0.051561 0.201667
vt -0.002734 0.201667
vt -0.002734 0.092806
vt -0.002734 0.201667
vt -0.002734 0.092806
vt 0.167477 0.092806
vt 0.167477 0.201667
vt 0.729380 0.001559
vt 0.446257 0.001559
vt 0.757646 0.092806
vt 0.757646 0.201667
vt 0.745142 0.939612
vt 0.745142 0.983734
vt 0.745142 0.001559
vt 0.745142 0.080710
vt 0.745142 0.800575
vt 0.745142 0.920002
vt 0.729380 0.920002
vt 0.729380 0.800575
vt 0.729380 0.001559
vt 0.745142 0.001559
vt 0.745142 0.201667
vt 0.745142 0.251208
vt 1.002734 0.370635
vt 1.002734 0.370635
vt 0.966822 0.251208
vt 0.966822 0.251208
vt 0.930911 0.251208
vt 0.051561 0.251208
vt -0.002734 0.251208
vt -0.002734 0.251208
vt 0.167477 0.251208
vt 0.817198 0.251208
vt 0.817198 0.201667
vt 0.817198 0.001559
vt 0.817198 0.800575
vt 0.817198 0.080710
vt 0.817198 0.983734
vt 0.817198 0.092806
vt 0.804250 0.998441
vt 0.930911 0.370635
vt 0.817198 0.370635
vt 0.446257 0.800575
vt 0.966822 0.370635
vt 0.966822 0.370635
vt -0.002734 0.370635
vt 0.179608 0.251208
vt 0.179608 0.370635
vt 0.745142 0.370635
vt 0.446257 0.920002
vt 0.966822 0.800575
vt 0.051561 0.370635
vt 0.167477 0.370635
vt 0.757646 0.370635
vt 0.757646 0.800575
vt 0.745142 0.998441
vt 0.745142 0.998441
vt 0.757646 0.251208
vt 0.757646 0.001559
vt 0.757645 0.001559
vt 0.757646 0.920002
vt 0.757646 0.080710
vt 0.757646 0.939612
vt 0.757646 0.983734
vt 0.804250 0.201667
vt 0.804250 0.092806
vt 0.804250 0.983734
vt 0.804250 0.939612
vt 0.804250 0.080710
vt 0.804250 0.001559
vt 0.804250 0.920002
vt 0.804250 0.800575
vt 0.804250 0.251208
vt 0.804250 0.370635
vt 0.757646 0.998441
vt 0.757645 0.998441
vt 0.276653 0.370635
vt 0.276653 0.800575
vt 0.179608 0.800575
vt 0.276653 0.251208
vt 0.376394 0.080710
vt 0.276653 0.092806
vt 0.276653 0.201667
vt 0.179608 0.201667
vt 0.179608 0.092806
vt 0.167477 0.998441
vt 0.179608 0.998441
vt 0.179608 0.998441
vt 0.167477 0.998441
vt 0.276653 0.939612
vt 0.179608 0.983734
vt 0.276653 0.920003
vt 0.276653 0.001559
vt 0.276653 0.080710
vt 0.179608 0.001559
vt 0.179608 0.001559
vt 0.276653 0.001559
vt 0.287436 0.001559
vt 0.287436 0.001559
vt 0.287436 0.800575
vt 0.287436 0.920002
vt 0.287436 0.080710
vt 0.287436 0.939612
vt 0.287436 0.370635
vt 0.276653 0.998441
vt 0.376394 0.370635
vt 0.376394 0.800575
vt 0.390547 0.251208
vt 0.390547 0.370635
vt 0.376394 0.092806
vt 0.376394 0.201667
vt 0.287436 0.983734
vt 0.376394 0.001559
vt 0.376394 0.001559
vt 0.390547 0.001559
vt 0.390547 0.001559
vt 0.390547 0.800575
vt 0.390547 0.920002
vt 0.390547 0.939612
vt 0.390547 0.983734
vt 0.390547 0.092806
vt 0.390547 0.201667
vt 0.376394 0.998441
vt 0.420570 0.370635
vt 0.420570 0.800575
vt 0.420570 0.251208
vt 0.420570 0.092806
vt 0.420570 0.201667
vt 0.420570 0.939612
vt 0.420570 0.983734
vt 0.420570 0.920002
vt 0.420570 0.001559
vt 0.420570 0.001559
vt 0.390547 0.998441
vt 0.390547 0.998441
vt 0.420570 0.998441
vt 0.420570 0.998441
vt 0.446257 0.001559
vt 0.420570 0.920002
vt 0.446257 0.920002
vt 0.420570 0.920002
vt 0.498534 0.251208
vt 0.623896 0.251208
vt 0.623896 0.251208
vt 0.489015 0.251208
vt 0.420570 0.251208
vt 0.420570 0.251208
vt 0.489015 0.251208
vt 0.390547 0.251208
vt 0.358262 0.920002
vt 0.376394 0.920002
vt 0.376394 0.920002
vt 0.051561 0.920002
vt 0.167477 0.920002
vt 0.276653 0.251208
vt 0.179608 0.251208
vt 0.179608 0.251208
vt 0.358262 0.251208
vt 0.287436 0.251208
vt 0.287436 0.251208
vt 0.358262 0.251208
vt 0.179608 0.920002
vt 0.276653 0.920002
vt 0.167477 0.251208
vt 0.051561 0.251208
vt 0.051561 0.251208
vt 0.167477 0.251208
vt 0.179608 0.920002
vt 0.326833 0.251207
vt 0.287436 0.251208
vt 0.326833 0.251208
vt 0.390547 0.920002
vt 0.390547 0.920002
vt 0.729380 0.251208
vt 0.729380 0.251208
vt 0.729380 0.251208
vt 0.446257 0.251208
vt 0.420570 0.251208
vt 0.446257 0.251208
vt 0.498534 0.251208
vt 0.498534 0.251208
vt 0.623896 0.251208
vt 0.623896 0.251208
vt 0.179608 0.251208
vt 0.276653 0.251208
vt 0.051561 0.920002
vt 0.051561 0.920003
vt 0.358262 0.920002
vt 0.420570 0.251208
vt 0.489015 0.251208
vt 0.489015 0.251208
vt 0.326833 0.920002
vt 0.326833 0.920002
vt 0.358262 0.251208
vt 0.376394 0.251208
vt 0.376394 0.251208
vt 0.721457 0.251208
vt 0.635365 0.251208
vt 0.635365 0.251208
vt 0.721457 0.251208
vt 0.635365 0.251208
vt 0.721457 0.251208
vt 0.489015 0.920002
vt 0.489015 0.920002
vt 0.390547 0.920002
vt 0.729380 0.920002
vt 0.623896 0.920002
vt 0.498534 0.920002
vt 0.623896 0.920002
vt 0.498534 0.920002
vt 0.326833 0.920002
vt 0.326833 0.251208
vt 0.729380 0.920002
vt 0.729380 0.920002
vt 0.635365 0.920002
vt 0.721457 0.920002
vt 0.721457 0.920002
vt 0.635365 0.920002
vt 0.635365 0.920002
vt 0.729380 0.370635
vt 0.729380 0.875217
vt 0.729380 0.800575
vt 0.729380 0.920002
vt 0.376394 0.875217
vt 0.390547 0.875217
vt 0.390547 0.875217
vt 0.276653 0.875217
vt 0.002760 0.168442
vt 0.069242 0.168442
vt 0.069242 0.624870
vt 0.002760 0.624870
vt 0.069242 0.624870
vt 0.635365 0.875217
vt 0.635365 0.800575
vt 0.635365 0.800575
vt 0.167477 0.800575
vt 0.167477 0.875217
vt 0.069242 0.150548
vt 0.002760 0.150548
vt 0.002760 0.150548
vt 0.623896 0.800575
vt 0.623896 0.875217
vt 0.439581 0.202657
vt 0.440433 0.087767
vt 0.420570 0.920002
vt 0.276653 0.251208
vt 0.167477 0.920002
vt 0.179608 0.920002
vt 0.167477 0.251208
vt 0.051561 0.251208
vt 0.287436 0.920002
vt 0.326833 0.251208
vt 0.376394 0.920002
vt 0.446257 0.920002
vt 0.729380 0.251208
vt 0.729380 0.251208
vt 0.446257 0.251208
vt 0.420570 0.251208
vt 0.498534 0.920002
vt 0.390547 0.251208
vt 0.376394 0.251208
vt 0.179608 0.251208
vt 0.051561 0.920002
vt 0.358262 0.251208
vt 0.179608 0.875217
vt 0.179608 0.800575
vt 0.179608 0.800575
vt 0.635365 0.370635
vt 0.390547 0.370635
vt 0.287436 0.370635
vt 0.002760 0.327507
vt 0.069242 0.327507
vt 0.069242 0.327507
vt 0.002760 0.327507
vt 0.390547 0.800575
vt 0.167477 0.370635
vt 0.623896 0.370635
vt 0.489015 0.800575
vt 0.489015 0.875217
vt 0.489015 0.370635
vt 0.489015 0.370635
vt 0.287436 0.875217
vt 0.179608 0.370635
vt 0.498534 0.875217
vt 0.498534 0.800575
vt 0.376394 0.800575
vt 0.498534 0.370635
vt 0.498534 0.251208
vt 0.498534 0.370635
vt 0.276653 0.370635
vt 0.376394 0.370635
vt 0.729379 0.920002
vt 0.390547 0.920002
vt 0.489015 0.920002
vt 0.635365 0.251208
vt 0.729380 0.371960
vt 0.729380 0.797928
vt 0.051561 0.800575
vt 0.362773 0.028757
vt 0.301057 0.028757
vt 0.810814 0.022634
vt 0.798020 0.022634
vt 0.362773 0.224010
vt 0.343504 0.224010
vt 0.326833 0.224010
vt 0.301057 0.224010
vt 0.737573 0.022634
vt 0.742206 0.022634
vt 0.743599 0.230133
vt 0.731981 0.230133
vt 0.904481 0.022634
vt 0.753783 0.022634
vt 0.904481 0.022634
vt 0.426395 0.087767
vt 0.427247 0.202657
vt 0.733241 0.183387
vt 0.735322 0.106148
vt 0.735322 0.106148
vt 0.733241 0.183387
vt 0.721457 0.875217
vt 0.721457 0.370635
vt 0.721457 0.800575
vt 0.721457 0.251208
vt 0.069242 0.823842
vt 0.002760 0.823842
vt 0.069242 0.458735
vt 0.002760 0.458735
vt 0.002760 0.840761
vt 0.069242 0.840761
vt 0.002760 0.638912
vt 0.069242 0.638912
vt 0.002760 0.479613
vt 0.069242 0.479613
vt 0.069242 0.479613
vt 0.069242 0.311601
vt 0.002760 0.311601
vt 0.069242 0.311601
vt 0.069242 0.967761
vt 0.002760 0.967761
vt 0.287436 0.251208
vt 0.287436 0.251208
vt 0.167477 0.920002
vt 0.179608 0.920002
vt 0.167477 0.251208
vt 0.051561 0.251208
vt 0.326833 0.251208
vt 0.326833 0.251207
vt 0.420570 0.920002
vt 0.420570 0.920002
vt 0.729380 0.251208
vt 0.729380 0.251208
vt 0.729380 0.251208
vt 0.446257 0.251208
vt 0.446257 0.251208
vt 0.420570 0.251208
vt 0.420570 0.251208
vt 0.390547 0.251208
vt 0.376394 0.251208
vt 0.051561 0.920002
vt 0.358262 0.920002
vt 0.358262 0.251208
vt 0.729380 0.920002
vt 0.446257 0.920002
vt 0.051561 0.370636
vt 0.635366 0.251208
vt 0.051561 0.800575
vt 0.051561 0.800575
vt 0.051561 0.370635
vt 0.051561 0.875217
vt 0.051561 0.875217
vt 0.721457 0.251208
vt 0.446257 0.251208
vt 0.966822 0.092806
vt 0.446257 0.251208
vt 0.051561 0.370635
vt 0.051561 0.370635
vt 0.051561 0.800575
vt 0.051561 0.370635
vt 0.051561 0.875217
vt 0.180044 0.523903
vt 0.069242 0.523902
vt 0.069242 0.561795
vt 0.180044 0.561795
vt 0.069242 0.021672
vt 0.002760 0.021672
vt 0.002760 0.561795
vt 0.995551 0.645321
vt 0.818267 0.645321
vt 0.818267 0.835745
vt 0.995551 0.835745
vt 0.180044 0.645321
vt 0.180044 0.835745
vt 0.995551 0.624870
vt 0.995551 0.561795
vt 0.818267 0.561795
vt 0.818267 0.624870
vt 0.995551 0.150548
vt 0.995551 0.021672
vt 0.818267 0.021672
vt 0.818267 0.150548
vt 0.180044 0.624870
vt 0.180044 0.021672
vt 0.180044 0.150548
vt 0.818267 0.311601
vt 0.818267 0.168442
vt 0.180044 0.168442
vt 0.180044 0.311601
vt 0.995551 0.311601
vt 0.995551 0.168442
vt 0.995551 0.385624
vt 0.995551 0.327507
vt 0.818267 0.327507
vt 0.818267 0.385624
vt 0.069242 0.385624
vt 0.002760 0.385624
vt 0.818267 0.523902
vt 0.818267 0.479613
vt 0.180044 0.479613
vt 0.995551 0.523903
vt 0.995551 0.479613
vt 0.002760 0.523903
vt 0.069242 0.645321
vt 0.002760 0.645321
vt 0.002760 0.835745
vt 0.069242 0.835745
vt 0.069242 0.431987
vt 0.002760 0.431987
vt 0.995551 0.458735
vt 0.818267 0.458735
vt 0.180044 0.327507
vt 0.180044 0.458735
vt 0.069242 0.851749
vt 0.002760 0.851749
vt 0.995551 0.967761
vt 0.995551 0.851749
vt 0.818267 0.851749
vt 0.818267 0.967761
vt 0.180044 0.851749
vt 0.180044 0.967761
vt 0.180044 0.431987
vt 0.180044 0.385624
vt 0.069242 0.979448
vt 0.002760 0.979448
vt 0.729380 0.370635
vt 0.729380 0.800575
vt 0.518412 0.080711
vt 0.729380 0.076694
vt 0.051561 0.080710
vt 0.167477 0.080711
vt 0.930911 0.920002
vt 0.966822 0.001559
vt 0.966822 0.920002
vt -0.002734 0.001559
vt 0.930911 0.251208
vt 0.930911 0.372276
vt 0.930911 0.372276
vt 0.051561 0.206123
vt 0.051561 0.092806
vt 0.051561 0.201667
vt 0.930911 0.797295
vt 0.817198 0.073908
vt 0.930911 0.068801
vt 0.930911 0.194366
vt 0.930911 0.194366
vt 0.966822 0.998441
vt 0.930911 0.097159
vt 0.930911 0.097308
vt 0.758986 0.075563
vt 0.745142 0.075957
vt 0.758986 0.075563
vt 0.752806 0.998441
vt -0.002734 0.998441
vt 0.003035 0.983734
vt 0.003035 0.998441
vt 0.440586 0.998441
vt 0.167477 0.939612
vt 0.003035 0.800575
vt 0.003035 0.920003
vt 0.003035 0.001559
vt 0.003035 0.080711
vt 0.966822 0.797295
vt 0.966822 0.926978
vt 0.930911 0.926978
vt 0.930911 0.946588
vt 0.966822 0.946588
vt 0.003035 0.939612
vt 0.518412 0.939612
vt 0.457266 0.939612
vt 0.518412 0.920002
vt 0.457266 0.920002
vt 0.518412 0.001559
vt 0.457266 0.001559
vt 0.457266 0.080711
vt 0.518412 0.983734
vt 0.457266 0.983734
vt 0.457266 0.998441
vt 0.518412 0.998441
vt 0.729380 0.983734
vt 0.729380 0.922715
vt 0.729380 0.939612
vt 0.003035 0.092806
vt 0.003035 0.201667
vt 0.930911 0.092806
vt 0.745142 0.922715
vt 0.745142 0.939612
vt 0.930911 0.201667
vt 0.003035 0.251208
vt 0.930911 0.928615
vt 0.817198 0.923878
vt 0.817198 0.939612
vt 0.930911 0.939612
vt 0.966822 0.372276
vt 0.003035 0.370635
vt 0.179608 0.080711
vt 0.276653 0.080711
vt 0.287436 0.080711
vt 0.376394 0.080711
vt 0.390547 0.080710
vt 0.423906 0.001559
vt 0.423906 0.080711
vt 0.440586 0.939612
vt 0.440586 0.983734
vt 0.440586 0.920002
vt 0.440586 0.001559
vt 0.440586 0.080711
vt 0.961350 0.793939
vt 0.961350 0.373718
vt 0.961350 0.373196
vt 0.961350 0.794975
vt 0.002739 0.992814
vt 0.056421 0.992814
vt 0.002739 0.992811
vt 0.002739 0.097403
vt 0.002739 0.205035
vt 0.002739 0.097403
vt 0.961350 0.073668
vt 0.961350 0.007186
vt 0.002739 0.007186
vt 0.002739 0.085444
vt 0.008443 0.372096
vt 0.008443 0.797182
vt 0.002739 0.254016
vt 0.002739 0.372096
vt 0.961350 0.254016
vt 0.961350 0.205035
vt 0.961350 0.097403
vt 0.961350 0.097403
vt 0.961350 0.992814
vt 0.961350 0.934649
vt 0.961350 0.992844
vt 0.966822 0.983734
vt 0.961350 0.915261
vt 0.002739 0.934649
vt 0.423906 0.001559
vt 0.390547 0.001559
vt 0.930911 0.001559
vt 0.008443 0.915261
vt 0.008443 0.934649
vt 0.002739 0.797182
vt 0.002739 0.915261
vt -0.002734 0.092806
vt 0.966822 0.920002
vt 0.961350 0.254016
vt -0.002734 0.251208
vt -0.002734 0.920003
vt 0.817198 0.001559
vt 0.457266 0.001559
vt 0.287436 0.998441
vt 0.376394 0.998441
vt -0.002734 0.092806
vt 0.423906 0.998441
vt 0.966822 0.092806
vt 0.390547 0.001559
vt 0.390547 0.998441
vt 0.966822 0.068801
vt 0.745142 0.998441
vt 0.376394 0.001559
vt 0.729380 0.001559
vt 0.745142 0.001559
vt 0.276653 0.998441
vt 0.276653 0.001559
vt 0.804250 0.001559
vt 0.757645 0.001559
vt 0.423906 0.998441
vt 0.757645 0.998441
vt -0.002734 0.939612
vt 0.757645 0.001559
vt 0.510396 0.973059
vt 0.510396 0.958742
vt 0.465282 0.973059
vt 0.465282 0.958742
vt 0.803766 0.074290
vt 0.781170 0.074932
vt 0.781170 0.074932
vt 0.803766 0.074290
vt 0.930911 0.194366
vt 0.966822 0.997420
vt 0.961350 0.978273
vt 0.961350 0.991804
vt 0.961350 0.992814
vt 0.171028 0.007186
vt 0.183022 0.007186
vt 0.961350 0.372096
vt 0.518002 0.007186
vt 0.726587 0.007186
vt 0.171028 0.992814
vt 0.056421 0.992814
vt 0.056421 0.007186
vt 0.518002 0.992814
vt 0.457545 0.992814
vt -0.001389 0.001559
vt 0.004068 0.007186
vt 0.278972 0.992814
vt 0.183022 0.992814
vt 0.424563 0.007186
vt 0.441054 0.007186
vt 0.965552 0.001559
vt 0.925843 0.007186
vt 0.960094 0.007186
vt 0.289633 0.992814
vt -0.002734 0.002943
vt 0.002739 0.008554
vt -0.001389 0.998441
vt 0.004068 0.992814
vt 0.966822 0.799921
vt 0.966822 0.370961
vt 0.961350 0.372418
vt 0.961350 0.796535
vt 0.377587 0.992814
vt 0.377587 0.992814
vt -0.002734 0.983734
vt -0.002734 0.997420
vt 0.002739 0.991804
vt 0.002739 0.978273
vt 0.278972 0.007186
vt 0.965552 0.998441
vt 0.960094 0.992814
vt 0.925843 0.992814
vt 0.813414 0.007186
vt 0.813414 0.007186
vt 0.726587 0.992814
vt 0.391580 0.992814
vt 0.742172 0.007186
vt 0.289633 0.007186
vt 0.278972 0.007186
vt 0.457545 0.007186
vt 0.804959 0.998441
vt 0.813414 0.992814
vt 0.801314 0.992814
vt 0.803005 0.992814
vt 0.813414 0.992814
vt 0.424562 0.992814
vt 0.391580 0.992814
vt 0.756386 0.998441
vt 0.753289 0.992814
vt 0.742172 0.992814
vt 0.750283 0.992814
vt 0.377587 0.007186
vt 0.756386 0.001559
vt 0.753289 0.007186
vt 0.750283 0.007186
vt 0.742172 0.007186
vt 0.441054 0.992814
vt 0.804959 0.001559
vt 0.801314 0.007186
vt 0.803005 0.007186
vt 0.754534 0.007186
vt 0.800613 0.007186
vt 0.803006 0.007186
vt 0.750283 0.007186
vt 0.391580 0.007186
vt 0.391580 0.007186
vt 0.377587 0.007186
vt 0.800613 0.992814
vt 0.754534 0.992814
vt 0.750283 0.992814
vt 0.961350 0.797182
vt 0.742172 0.992814
vt 0.966822 0.002923
vt 0.961350 0.008535
vt 0.966020 0.997795
vt 0.966614 0.998273
vt 0.167477 0.001559
vt 0.167477 0.001559
vt 0.518412 0.001559
vt 0.729380 0.001559
vt 0.518412 0.001559
vt 0.167477 0.998441
vt 0.051561 0.001559
vt 0.457266 0.998441
vt -0.001884 0.002434
vt -0.002513 0.001786
vt 0.423906 0.001559
vt 0.440586 0.001559
vt 0.930911 0.001559
vt 0.966020 0.002421
vt 0.966614 0.001783
vt 0.276653 0.998441
vt -0.001884 0.997796
vt -0.002513 0.998273
vt -0.002734 0.983734
vt -0.002734 0.983734
vt 0.966822 0.068801
vt 0.179608 0.001559
vt 0.817198 0.001559
vt 0.729380 0.998441
vt 0.518412 0.998441
vt 0.729380 0.001559
vt 0.276653 0.001559
vt 0.287436 0.001559
vt -0.002734 0.092806
vt 0.518412 0.001559
vt 0.457266 0.001559
vt 0.817198 0.998441
vt 0.804250 0.998441
vt 0.804250 0.998441
vt 0.745142 0.001559
vt 0.440586 0.998441
vt 0.423906 0.998441
vt 0.804250 0.001559
vt 0.804250 0.001559
vt 0.390547 0.001559
vt 0.440586 0.001559
vt 0.457266 0.001559
vt 0.745142 0.998441
vt 0.423906 0.920002
vt 0.430979 0.920002
vt 0.438184 0.920002
vt 0.435782 0.920002
vt 0.966822 0.370635
vt 0.966822 0.092806
vt 0.000000 1.000000
vt 0.817198 0.920002
vt 0.179608 0.998441
vt 0.167477 0.998441
vt 0.745142 0.075957
vt 0.358262 0.092806
vt 0.326833 0.092806
vt 0.326833 0.201667
vt 0.358262 0.201667
vt 0.167477 0.001559
vt 0.756354 0.398345
vt 0.762875 0.386458
vt 0.767655 0.389696
vt 0.761643 0.400655
vt 0.751424 0.412537
vt 0.757001 0.414017
vt 0.817198 0.443225
vt 0.817198 0.723975
vt 0.811438 0.723657
vt 0.811438 0.443684
vt 0.780687 0.372276
vt 0.787288 0.375299
vt 0.784479 0.380303
vt 0.780873 0.378651
vt 0.729380 0.198017
vt 0.729380 0.201667
vt 0.518412 0.201667
vt 0.518412 0.198016
vt 0.167477 0.206123
vt 0.051561 0.206123
vt 0.745142 0.092806
vt 0.729380 0.076694
vt 0.745142 0.797295
vt 0.745142 0.920002
vt 0.729380 0.797295
vt 0.518412 0.251208
vt 0.518412 0.168357
vt 0.457266 0.251208
vt 0.457266 0.168357
vt 0.729382 0.194366
vt 0.817198 0.797295
vt 0.817198 0.092806
vt 0.817198 0.372276
vt 0.817198 0.251208
vt 0.745142 0.251208
vt 0.745142 0.372276
vt 0.729380 0.372276
vt 0.326833 0.206123
vt 0.440586 0.251208
vt 0.518412 0.080711
vt 0.423906 0.201667
vt 0.376394 0.201667
vt 0.457266 0.201667
vt 0.440586 0.201667
vt 0.457266 0.198017
vt 0.440586 0.198017
vt 0.758986 0.092806
vt 0.376394 0.092806
vt 0.358262 0.206123
vt 0.769475 0.378695
vt 0.773255 0.383108
vt 0.780541 0.378826
vt 0.777268 0.374086
vt 0.794524 0.380030
vt 0.800409 0.386944
vt 0.795508 0.390040
vt 0.790659 0.384343
vt 0.805339 0.397496
vt 0.800028 0.399715
vt 0.810508 0.410960
vt 0.805011 0.412694
vt 0.747607 0.432065
vt 0.753300 0.432954
vt 0.808682 0.426809
vt 0.814325 0.425637
vt 0.745142 0.452200
vt 0.750901 0.452546
vt 0.780101 0.379060
vt 0.750901 0.723791
vt 0.817188 0.097308
vt 0.457266 0.172701
vt 0.457266 0.194366
vt 0.440586 0.194366
vt 0.440586 0.172701
vt 0.423906 0.201667
vt 0.427489 0.201667
vt 0.427443 0.201667
vt 0.817198 0.194366
vt 0.817198 0.097308
vt 0.745142 0.172701
vt 0.745142 0.194366
vt 0.729380 0.194366
vt 0.729380 0.172701
vt 0.518412 0.194366
vt 0.518412 0.172701
vt 0.745144 0.097308
vt 0.781170 0.097308
vt 0.788886 0.101464
vt 0.787302 0.107485
vt 0.781170 0.104184
vt 0.786783 0.190605
vt 0.781170 0.194366
vt 0.780971 0.187498
vt 0.785487 0.184472
vt 0.771740 0.102433
vt 0.773220 0.108506
vt 0.797620 0.175748
vt 0.792768 0.184468
vt 0.790865 0.178958
vt 0.795032 0.171470
vt 0.798591 0.120519
vt 0.801340 0.132792
vt 0.798345 0.135674
vt 0.795759 0.124132
vt 0.794223 0.110507
vt 0.791882 0.115244
vt 0.803766 0.142159
vt 0.800442 0.143773
vt 0.803766 0.149910
vt 0.800442 0.148683
vt 0.800855 0.165090
vt 0.797858 0.162160
vt 0.440586 0.092806
vt 0.437969 0.092806
vt 0.438184 0.092806
vt 0.423906 0.097308
vt 0.423906 0.097308
vt 0.423906 0.153877
vt 0.423906 0.153877
vt 0.427443 0.092806
vt 0.428611 0.092806
vt 0.426242 0.092806
vt 0.423906 0.092806
vt 0.729380 0.109600
vt 0.729380 0.153877
vt 0.518412 0.153877
vt 0.518412 0.109600
vt 0.457266 0.153877
vt 0.457266 0.109600
vt 0.745142 0.109600
vt 0.745142 0.153877
vt 0.423906 0.092806
vt 0.440586 0.153877
vt 0.440586 0.109600
vt 0.423906 0.153877
vt 0.423906 0.168357
vt 0.423906 0.168356
vt 0.430979 0.201667
vt 0.430979 0.201667
vt 0.435782 0.201667
vt 0.436278 0.201667
vt 0.438184 0.201667
vt 0.435782 0.092806
vt 0.430979 0.092806
vt 0.430979 0.092806
vt 0.436642 0.092806
vt 0.430979 0.092806
vt 0.729380 0.168357
vt 0.745142 0.168356
vt 0.457266 0.168357
vt 0.440586 0.168357
vt 0.437726 0.201667
vt 0.423906 0.172701
vt 0.423906 0.172701
vt 0.423906 0.194366
vt 0.428931 0.201667
vt 0.440586 0.172701
vt 0.440586 0.168357
vt 0.440586 0.097308
vt 0.440586 0.097308
vt 0.440586 0.168357
vt 0.423906 0.168357
vt 0.167477 0.201667
vt 0.803756 0.074290
vt 0.518412 0.080711
vt 0.745142 0.097308
vt 0.457266 0.168357
vt 0.396490 0.082517
vt 0.748022 0.452373
vt 0.745006 0.452184
vt 0.745006 0.724145
vt 0.748022 0.723960
vt 0.776471 0.794216
vt 0.772389 0.792095
vt 0.770813 0.794730
vt 0.776180 0.797462
vt 0.814318 0.723816
vt 0.814318 0.443454
vt 0.771365 0.380902
vt 0.778684 0.376573
vt 0.777166 0.373907
vt 0.769348 0.378547
vt 0.765265 0.388077
vt 0.762708 0.386345
vt 0.758998 0.399500
vt 0.756168 0.398264
vt 0.754212 0.413277
vt 0.751226 0.412484
vt 0.750453 0.432510
vt 0.747402 0.432033
vt 0.808991 0.755771
vt 0.802661 0.774295
vt 0.805443 0.775661
vt 0.811957 0.756627
vt 0.795583 0.784712
vt 0.797853 0.786825
vt 0.789092 0.789662
vt 0.790654 0.792321
vt 0.783264 0.792095
vt 0.784329 0.794970
vt 0.750839 0.747532
vt 0.747795 0.748058
vt 0.811503 0.426223
vt 0.817331 0.443203
vt 0.814527 0.425595
vt 0.807759 0.411827
vt 0.810704 0.410898
vt 0.802683 0.398605
vt 0.805530 0.397416
vt 0.753419 0.758601
vt 0.750436 0.759395
vt 0.755977 0.766892
vt 0.753082 0.767964
vt 0.797958 0.388492
vt 0.800577 0.386837
vt 0.812164 0.742929
vt 0.815208 0.743465
vt 0.817333 0.723990
vt 0.760177 0.776255
vt 0.757374 0.777536
vt 0.764137 0.784471
vt 0.761514 0.786108
vt 0.767937 0.789152
vt 0.765838 0.791429
vt 0.792592 0.382186
vt 0.794656 0.379882
vt 0.785883 0.377801
vt 0.787387 0.375122
vt 0.780780 0.375464
vt 0.780683 0.372120
vt 0.780541 0.378827
vt 0.773860 0.789636
vt 0.769903 0.787020
vt 0.766591 0.782940
vt 0.762792 0.775059
vt 0.758679 0.765890
vt 0.809323 0.742429
vt 0.806224 0.754971
vt 0.756202 0.757861
vt 0.753680 0.747041
vt 0.782271 0.789412
vt 0.776748 0.791136
vt 0.787632 0.787174
vt 0.793456 0.782732
vt 0.800057 0.773017
vt 0.803766 0.092806
vt 0.758986 0.097308
vt 0.781170 0.092806
vt 0.803766 0.097308
vt 0.773034 0.190928
vt 0.768181 0.186406
vt 0.763490 0.176717
vt 0.760741 0.162506
vt 0.758986 0.147649
vt 0.760648 0.147263
vt 0.760648 0.139493
vt 0.758986 0.138929
vt 0.802104 0.142966
vt 0.802104 0.149297
vt 0.762332 0.161523
vt 0.764919 0.174894
vt 0.769162 0.183658
vt 0.773564 0.187760
vt 0.781071 0.190932
vt 0.772480 0.105470
vt 0.781170 0.100746
vt 0.765478 0.115881
vt 0.764137 0.113737
vt 0.762286 0.130144
vt 0.760741 0.128917
vt 0.786135 0.187538
vt 0.791816 0.181713
vt 0.796326 0.173609
vt 0.799357 0.163625
vt 0.799843 0.134233
vt 0.797175 0.122326
vt 0.793052 0.112875
vt 0.788094 0.104474
vt 0.762310 0.140056
vt 0.763832 0.131370
vt 0.766818 0.118025
vt 0.774094 0.184592
vt 0.770144 0.180911
vt 0.766348 0.173071
vt 0.763923 0.160539
vt 0.762310 0.146877
vt 0.423906 0.092806
vt 0.774094 0.184592
vt 0.766818 0.118025
vt 0.428022 0.193019
vt 0.430063 0.174449
vt 0.428850 0.195771
vt 0.430979 0.080711
vt 0.427443 0.080711
vt 0.326833 0.080711
vt 0.427443 0.251208
vt 0.430979 0.251208
vt 0.358262 0.080711
vt 0.435782 0.080711
vt 0.435782 0.251208
vt 0.423906 0.251208
vt 0.438184 0.080711
vt 0.438184 0.251208
vt 0.763923 0.160539
vt 0.766348 0.173071
vt 0.745142 0.724129
vt 0.747998 0.748023
vt 0.750636 0.759341
vt 0.753274 0.767893
vt 0.757562 0.777451
vt 0.761684 0.786002
vt 0.765971 0.791284
vt 0.770918 0.794554
vt 0.776195 0.797295
vt 0.784258 0.794778
vt 0.790553 0.792150
vt 0.797710 0.786692
vt 0.805264 0.775573
vt 0.811759 0.756570
vt 0.815006 0.743430
vt 0.780534 0.372358
vt 0.766579 0.382102
vt 0.753808 0.405675
vt 0.745860 0.446338
vt 0.763938 0.788489
vt 0.752362 0.764937
vt 0.813989 0.747543
vt 0.789551 0.792568
vt 0.812320 0.417928
vt 0.801228 0.388697
vt 0.782050 0.372901
vt 0.803766 0.194329
vt 0.759189 0.137771
vt 0.796868 0.116571
vt 0.802821 0.138511
vt 0.758986 0.194366
vt 0.745142 0.097308
vt 0.769921 0.188027
vt 0.759535 0.152299
vt 0.803766 0.194366
vt 0.798880 0.171598
vt 0.782927 0.193188
vt 0.817198 0.797295
vt 0.766579 0.382101
vt 0.745859 0.446338
vt 0.763938 0.788489
vt 0.813989 0.747543
vt 0.789551 0.792568
vt 0.812320 0.417928
vt 0.801228 0.388697
vt 0.782050 0.372901
vt 0.376394 0.201667
vt 0.803766 0.194329
vt 0.759189 0.137771
vt 0.802821 0.138511
vt 0.796868 0.116571
vt 0.769921 0.188027
vt 0.759535 0.152299
vt 0.782927 0.193188
vt 0.798880 0.171598
vt 0.427489 0.201667
vt 0.428523 0.093328
vt 0.426312 0.093387
vt 0.424165 0.097308
vt 0.427443 0.097308
vt 0.430979 0.093255
vt 0.430979 0.097308
vt 0.437502 0.093341
vt 0.438184 0.097308
vt 0.440259 0.097308
vt 0.440333 0.194366
vt 0.438500 0.194366
vt 0.437726 0.198564
vt 0.439480 0.198052
vt 0.437969 0.092806
vt 0.423906 0.109600
vt 0.423906 0.109600
vt 0.427443 0.153877
vt 0.424142 0.153877
vt 0.424012 0.168334
vt 0.427689 0.167537
vt 0.440263 0.153877
vt 0.438184 0.153877
vt 0.438659 0.170016
vt 0.435782 0.109600
vt 0.430979 0.109600
vt 0.435782 0.153877
vt 0.436642 0.092806
vt 0.427332 0.167441
vt 0.424002 0.168331
vt 0.424054 0.172701
vt 0.427124 0.172701
vt 0.436480 0.154966
vt 0.435783 0.167844
vt 0.438630 0.168229
vt 0.430140 0.198331
vt 0.430937 0.201475
vt 0.435705 0.201390
vt 0.430979 0.153877
vt 0.438184 0.109600
vt 0.436617 0.107934
vt 0.436617 0.155543
vt 0.436596 0.154893
vt 0.429569 0.155517
vt 0.430979 0.167628
vt 0.435783 0.167844
vt 0.439464 0.198044
vt 0.437482 0.198450
vt 0.437833 0.201217
vt 0.435782 0.093319
vt 0.430979 0.093319
vt 0.430144 0.107934
vt 0.436617 0.107934
vt 0.440259 0.097308
vt 0.426855 0.193489
vt 0.424088 0.194299
vt 0.425660 0.197924
vt 0.424165 0.097308
vt 0.424142 0.153877
vt 0.427443 0.109600
vt 0.430144 0.107934
vt 0.440586 0.153877
vt 0.439111 0.178542
vt 0.423906 0.097308
vt 0.423906 0.097308
vt 0.437450 0.198374
vt 0.435481 0.198351
vt 0.436688 0.201342
vt 0.435782 0.097308
vt 0.437516 0.108890
vt 0.436340 0.093284
vt 0.430144 0.107934
vt 0.430144 0.155543
vt 0.428436 0.194395
vt 0.427443 0.172701
vt 0.427832 0.196191
vt 0.428769 0.169776
vt 0.428616 0.195099
vt 0.430979 0.198016
vt 0.435141 0.196879
vt 0.431928 0.169724
vt 0.436754 0.171104
vt 0.436983 0.168357
vt 0.437274 0.184139
vt 0.436892 0.196840
vt 0.438184 0.183533
vt 0.427812 0.197696
vt 0.425687 0.197986
vt 0.428552 0.201492
vt 0.427106 0.173856
vt 0.424054 0.172701
vt 0.424090 0.194111
vt 0.429754 0.155306
vt 0.427881 0.167632
vt 0.430096 0.171196
vt 0.434499 0.195742
vt 0.432877 0.171092
vt 0.436180 0.170933
vt 0.436092 0.195663
vt 0.437329 0.171274
vt 0.437030 0.190843
vt 0.437519 0.177433
vt 0.707716 0.128245
vt 0.513906 0.141147
vt 0.505157 0.703862
vt 0.707716 0.699413
vt 0.800476 0.145505
vt 0.795944 0.168466
vt 0.794726 0.121763
vt 0.781568 0.187099
vt 0.771441 0.182120
vt 0.762486 0.139052
vt 0.762815 0.151153
vt 0.795944 0.168465
vt 0.800476 0.145505
vt 0.794726 0.121763
vt 0.781568 0.187099
vt 0.762486 0.139052
vt 0.762815 0.151153
vt 0.808353 0.746355
vt 0.806754 0.419395
vt 0.794602 0.389487
vt 0.790483 0.784868
vt 0.781094 0.378767
vt 0.776555 0.791036
vt 0.770798 0.385999
vt 0.767646 0.784118
vt 0.759246 0.407556
vt 0.757823 0.763115
vt 0.751599 0.446842
vt 0.808353 0.746355
vt 0.794603 0.389487
vt 0.790483 0.784868
vt 0.781094 0.378767
vt 0.770798 0.385999
vt 0.767646 0.784118
vt 0.751599 0.446842
vt 0.436092 0.195663
vt 0.437296 0.176825
vt 0.435782 0.172701
vt 0.436088 0.192618
vt 0.430742 0.173790
vt 0.428366 0.193176
vt 0.430979 0.194366
vt 0.436180 0.170933
vt 0.430979 0.172701
vt 0.435782 0.194366
vt 0.437329 0.171274
vt 0.428022 0.193019
vt 0.432877 0.171092
vt 0.430063 0.174449
vt 0.436180 0.170933
vt 0.437519 0.177433
vt 0.504280 0.600188
vt 0.500964 0.598997
vt 0.496645 0.445302
vt 0.503355 0.445301
vt 0.495717 0.600188
vt 0.499034 0.598998
vt 0.267770 0.847557
vt 0.204427 0.795573
vt 0.162057 0.837943
vt 0.224710 0.912001
vt 0.795573 0.795573
vt 0.732230 0.847557
vt 0.765520 0.897378
vt 0.850376 0.850375
vt 0.847557 0.267769
vt 0.886185 0.340037
vt 0.941543 0.317106
vt 0.912554 0.224338
vt 0.090028 0.418452
vt 0.113815 0.340037
vt 0.058456 0.317106
vt 0.014011 0.403331
vt 0.340037 0.886184
vt 0.234481 0.897378
vt 0.310374 0.957798
vt 0.847557 0.732230
vt 0.837943 0.837943
vt 0.912550 0.775657
vt 0.795573 0.204426
vt 0.897378 0.234479
vt 0.850844 0.149156
vt 0.081997 0.500000
vt 0.031259 0.406762
vt 0.004616 0.475275
vt 0.340037 0.113816
vt 0.418452 0.090028
vt 0.406761 0.031258
vt 0.310123 0.041597
vt 0.418452 0.909972
vt 0.317106 0.941545
vt 0.379104 0.981041
vt 0.886185 0.659963
vt 0.897379 0.765519
vt 0.957786 0.689621
vt 0.732230 0.152443
vt 0.837943 0.162056
vt 0.775659 0.087446
vt 0.090028 0.581548
vt 0.022077 0.500000
vt 0.014010 0.596669
vt 0.500000 0.918003
vt 0.406762 0.968741
vt 0.500000 0.996175
vt 0.909972 0.581548
vt 0.941544 0.682893
vt 0.986632 0.596796
vt 0.500000 0.081997
vt 0.581548 0.090028
vt 0.593238 0.031259
vt 0.500000 0.004492
vt 0.659962 0.113815
vt 0.765520 0.102621
vt 0.689621 0.042214
vt 0.113815 0.659963
vt 0.031259 0.593238
vt 0.032864 0.666730
vt 0.581549 0.909972
vt 0.500000 0.977923
vt 0.596670 0.985991
vt 0.204427 0.204427
vt 0.267770 0.152443
vt 0.234480 0.102621
vt 0.167193 0.132227
vt 0.682893 0.058456
vt 0.596797 0.013364
vt 0.152443 0.732230
vt 0.058456 0.682894
vt 0.087994 0.775294
vt 0.659963 0.886184
vt 0.593239 0.968741
vt 0.689877 0.958402
vt 0.909972 0.418451
vt 0.949190 0.557309
vt 0.985952 0.402982
vt 0.152443 0.267770
vt 0.162057 0.162057
vt 0.088003 0.224712
vt 0.102620 0.765521
vt 0.151968 0.849967
vt 0.682894 0.941545
vt 0.775655 0.912545
vt 0.968741 0.406761
vt 0.958395 0.310126
vt 0.102621 0.234480
vt 0.041592 0.310122
vt 0.317106 0.058455
vt 0.224710 0.087999
vt 0.402455 0.009607
vt 0.308658 0.038060
vt 0.308658 0.038060
vt 0.038060 0.308658
vt 0.691342 0.961940
vt 0.777785 0.915735
vt 0.990393 0.597545
vt 0.961837 0.308264
vt 0.961940 0.308658
vt 0.915734 0.222214
vt 0.853553 0.146446
vt 0.777785 0.084265
vt 0.403201 0.013362
vt 0.500000 0.022077
vt 0.594832 0.009340
vt 0.402466 0.009668
vt 0.308682 0.038118
vt 0.037991 0.308788
vt 0.038118 0.308682
vt 0.500000 1.000000
vt 0.500000 0.999938
vt 0.502712 0.999733
vt 0.691319 0.961882
vt 0.777751 0.915683
vt 0.779893 0.914005
vt 0.915735 0.777785
vt 0.915683 0.777750
vt 0.917019 0.775382
vt 0.990332 0.597532
vt 0.961882 0.308681
vt 0.915683 0.222248
vt 0.853509 0.146491
vt 0.777750 0.084317
vt 0.775382 0.082980
vt 0.597544 0.009607
vt 0.597532 0.009668
vt 0.500362 0.404744
vt 0.459227 0.086013
vt 0.270526 0.157031
vt 0.418034 0.460266
vt 0.133131 0.303900
vt 0.087343 0.500257
vt 0.133130 0.696099
vt 0.502756 0.596803
vt 0.270533 0.842973
vt 0.540003 0.906030
vt 0.815390 0.758829
vt 0.580643 0.466536
vt 0.913988 0.540776
vt 0.881148 0.341849
vt 0.691864 0.139845
vt 0.418035 0.460266
vt 0.502754 0.596802
vt 0.580644 0.466535
vt 0.500363 0.404744
vt 0.000000 0.000000
s 0
usemtl m0
f 1/1/1 2/2/1 3/3/1
f 1/1/1 3/3/1 4/4/1
f 5/5/2 6/6/2 7/6/2
f 5/5/2 7/6/2 8/7/2
f 9/8/3 10/9/3 11/9/3
f 9/8/3 11/9/3 12/10/3
f 15/11/4 16/12/4 17/12/4
f 15/11/4 17/12/4 18/13/4
f 19/14/3 20/8/3 21/10/3
f 19/14/3 21/10/3 22/15/3
f 23/3/2 24/2/2 25/2/2
f 23/3/2 25/2/2 26/3/2
f 508/16/1 509/17/1 27/2/1
f 508/16/1 27/2/1 28/1/1
f 29/18/1 30/19/1 31/20/1
f 29/18/1 31/20/1 32/21/1
f 33/22/4 34/23/4 35/23/4
f 33/22/4 35/23/4 36/22/4
f 37/24/5 38/25/5 39/25/5
f 37/24/5 39/25/5 40/24/5
f 41/21/1 42/20/1 43/25/1
f 41/21/1 43/25/1 44/24/1
f 45/8/1 46/26/1 47/27/1
f 45/8/1 47/27/1 48/9/1
f 49/9/5 50/27/5 51/28/5
f 49/9/5 51/28/5 52/9/5
f 53/14/1 54/29/1 55/26/1
f 53/14/1 55/26/1 56/8/1
f 57/30/4 58/11/4 59/13/4
f 57/30/4 59/13/4 60/31/4
f 63/32/1 64/23/1 65/33/1
f 63/32/1 65/33/1 66/34/1
f 67/35/1 68/5/1 69/36/1
f 70/37/3 71/38/3 72/38/3
f 70/37/3 72/38/3 73/39/3
f 74/40/2 75/41/2 76/42/2
f 74/40/2 76/42/2 77/43/2
f 78/12/3 79/37/3 80/39/3
f 78/12/3 80/39/3 81/12/3
f 84/44/1 85/6/1 86/5/1
f 84/44/1 86/5/1 87/35/1
f 88/45/6 89/46/6 90/47/6
f 88/45/6 90/47/6 91/23/6
f 92/12/6 93/39/6 94/48/6
f 92/12/6 94/48/6 95/13/6
f 96/12/1 97/11/1 98/49/1
f 96/12/1 98/49/1 99/37/1
f 100/41/2 101/5/2 102/7/2
f 100/41/2 102/7/2 103/42/2
f 104/23/1 105/22/1 106/50/1
f 104/23/1 106/50/1 107/51/1
f 108/23/6 109/47/6 110/52/6
f 108/23/6 110/52/6 111/22/6
f 112/51/1 113/50/1 114/53/1
f 112/51/1 114/53/1 115/33/1
f 116/44/4 117/22/4 118/22/4
f 116/44/4 118/22/4 119/44/4
f 120/54/1 121/55/1 122/56/1
f 120/54/1 122/56/1 123/25/1
f 124/25/5 125/56/5 126/57/5
f 124/25/5 126/57/5 127/25/5
f 128/6/4 129/44/4 130/44/4
f 128/6/4 130/44/4 131/6/4
f 132/22/1 133/44/1 67/35/1
f 134/22/6 135/52/6 83/7/6
f 134/22/6 83/7/6 82/6/6
f 132/22/1 67/35/1 69/36/1
f 132/22/1 69/36/1 136/53/1
f 137/58/1 138/59/1 139/1/1
f 137/58/1 139/1/1 140/60/1
f 141/56/5 13/3/5 14/3/5
f 141/56/5 14/3/5 142/57/5
f 143/60/1 144/1/1 145/4/1
f 143/60/1 145/4/1 146/56/1
f 147/61/2 148/62/2 149/63/2
f 147/61/2 149/63/2 150/64/2
f 151/65/1 152/66/1 153/67/1
f 151/65/1 153/67/1 154/68/1
f 155/69/1 156/70/1 619/71/1
f 155/69/1 619/71/1 618/72/1
f 157/73/1 158/74/1 159/75/1
f 157/73/1 159/75/1 160/76/1
f 69/36/1 68/5/1 612/77/1
f 69/36/1 612/77/1 611/78/1
f 161/79/1 162/80/1 163/81/1
f 161/79/1 163/81/1 164/82/1
f 165/83/1 166/84/1 167/80/1
f 165/83/1 167/80/1 168/79/1
f 169/31/6 170/85/6 171/86/6
f 169/31/6 171/86/6 172/87/6
f 173/30/1 174/88/1 175/89/1
f 173/30/1 175/89/1 176/90/1
f 177/90/1 178/89/1 179/91/1
f 177/90/1 179/91/1 180/92/1
f 181/93/4 182/88/4 183/87/4
f 181/93/4 183/87/4 184/94/4
f 185/95/1 186/96/1 187/97/1
f 185/95/1 187/97/1 196/27/1
f 188/98/5 189/97/5 190/99/5
f 188/98/5 190/99/5 191/100/5
f 192/101/1 193/102/1 194/96/1
f 192/101/1 194/96/1 195/95/1
f 197/27/5 198/98/5 199/100/5
f 197/27/5 199/100/5 200/28/5
f 203/13/6 204/48/6 205/85/6
f 203/13/6 205/85/6 206/31/6
f 207/103/1 208/73/1 209/76/1
f 207/103/1 209/76/1 210/104/1
f 211/88/4 212/30/4 213/31/4
f 211/88/4 213/31/4 214/87/4
f 216/105/1 217/106/1 218/82/1
f 216/105/1 218/82/1 215/73/1
f 219/107/1 220/108/1 221/66/1
f 219/107/1 221/66/1 222/65/1
f 223/109/1 224/110/1 225/73/1
f 223/109/1 225/73/1 226/103/1
f 227/111/1 228/112/1 229/113/1
f 227/111/1 229/113/1 230/114/1
f 231/109/3 232/103/3 233/115/3
f 231/109/3 233/115/3 234/116/3
f 235/117/1 236/118/1 237/79/1
f 235/117/1 237/79/1 238/82/1
f 239/119/4 240/93/4 241/94/4
f 239/119/4 241/94/4 242/120/4
f 243/82/1 244/81/1 245/75/1
f 243/82/1 245/75/1 246/74/1
f 247/87/6 248/86/6 249/121/6
f 247/87/6 249/121/6 250/94/6
f 251/88/1 252/93/1 253/122/1
f 251/88/1 253/122/1 254/89/1
f 255/89/1 256/122/1 257/123/1
f 255/89/1 257/123/1 258/91/1
f 259/96/1 260/124/1 261/125/1
f 259/96/1 261/125/1 262/97/1
f 263/97/5 264/125/5 265/126/5
f 263/97/5 265/126/5 266/99/5
f 267/102/1 268/127/1 269/124/1
f 267/102/1 269/124/1 270/96/1
f 271/91/1 272/123/1 273/128/1
f 271/91/1 273/128/1 274/129/1
f 275/38/3 276/130/3 277/130/3
f 275/38/3 277/130/3 278/38/3
f 279/34/1 280/33/1 281/69/1
f 279/34/1 281/69/1 282/131/1
f 61/37/1 62/49/1 283/132/1
f 61/37/1 283/132/1 284/130/1
f 285/33/1 286/53/1 287/70/1
f 285/33/1 287/70/1 288/69/1
f 289/53/1 290/36/1 291/133/1
f 289/53/1 291/133/1 292/70/1
f 293/92/1 294/91/1 295/129/1
f 293/92/1 295/129/1 296/134/1
f 201/11/1 202/30/1 216/105/1
f 201/11/1 216/105/1 215/73/1
f 297/135/2 298/40/2 299/43/2
f 297/135/2 299/43/2 300/135/2
f 301/123/1 302/136/1 303/137/1
f 301/123/1 303/137/1 304/128/1
f 305/32/4 306/119/4 307/120/4
f 305/32/4 307/120/4 308/45/4
f 311/114/1 312/138/1 313/84/1
f 311/114/1 313/84/1 314/83/1
f 315/94/6 316/121/6 317/139/6
f 315/94/6 317/139/6 318/120/6
f 319/93/1 320/119/1 321/140/1
f 319/93/1 321/140/1 322/122/1
f 323/122/1 324/140/1 325/136/1
f 323/122/1 325/136/1 326/123/1
f 329/125/5 330/141/5 331/141/5
f 329/125/5 331/141/5 332/126/5
f 333/142/1 334/143/1 328/141/1
f 333/142/1 328/141/1 327/125/1
f 335/23/4 336/32/4 337/45/4
f 335/23/4 337/45/4 338/23/4
f 339/136/1 340/34/1 341/131/1
f 339/136/1 341/131/1 342/137/1
f 343/144/1 344/111/1 345/114/1
f 343/144/1 345/114/1 346/83/1
f 347/114/1 348/113/1 349/145/1
f 347/114/1 349/145/1 350/138/1
f 351/120/6 352/139/6 353/46/6
f 351/120/6 353/46/6 354/45/6
f 355/119/1 356/32/1 357/146/1
f 355/119/1 357/146/1 358/140/1
f 359/140/1 360/146/1 361/34/1
f 359/140/1 361/34/1 362/136/1
f 363/147/1 364/21/1 365/24/1
f 363/147/1 365/24/1 366/141/1
f 367/141/5 368/24/5 369/24/5
f 367/141/5 369/24/5 370/141/5
f 371/148/1 372/18/1 373/21/1
f 371/148/1 373/21/1 374/147/1
f 375/149/1 376/150/1 377/111/1
f 375/149/1 377/111/1 378/144/1
f 379/62/2 380/151/2 381/152/2
f 379/62/2 381/152/2 382/63/2
f 383/106/1 384/153/1 385/118/1
f 383/106/1 385/118/1 386/117/1
f 387/154/3 388/109/3 389/116/3
f 387/154/3 389/116/3 390/155/3
f 391/150/1 392/156/1 393/112/1
f 391/150/1 393/112/1 394/111/1
f 395/154/1 396/157/1 397/110/1
f 395/154/1 397/110/1 398/109/1
f 399/158/1 400/159/1 401/108/1
f 399/158/1 401/108/1 402/107/1
f 403/134/1 404/129/1 405/160/1
f 403/134/1 405/160/1 406/161/1
f 407/70/1 408/133/1 409/162/1
f 407/70/1 409/162/1 410/163/1
f 411/130/1 412/132/1 413/164/1
f 411/130/1 413/164/1 414/165/1
f 415/131/1 416/69/1 417/166/1
f 415/131/1 417/166/1 418/167/1
f 419/130/3 420/165/3 421/165/3
f 419/130/3 421/165/3 422/130/3
f 423/129/1 424/128/1 425/168/1
f 423/129/1 425/168/1 426/160/1
f 427/128/1 428/137/1 429/169/1
f 427/128/1 429/169/1 430/168/1
f 431/137/1 432/131/1 433/167/1
f 431/137/1 433/167/1 434/169/1
f 435/170/2 436/135/2 437/135/2
f 435/170/2 437/135/2 438/171/2
f 439/151/2 440/170/2 441/171/2
f 439/151/2 441/171/2 442/152/2
f 443/161/1 444/160/1 445/106/1
f 443/161/1 445/106/1 446/105/1
f 447/163/1 448/162/1 449/159/1
f 447/163/1 449/159/1 450/158/1
f 451/165/1 452/164/1 453/157/1
f 451/165/1 453/157/1 454/154/1
f 455/167/1 456/166/1 457/156/1
f 455/167/1 457/156/1 458/150/1
f 459/165/3 460/154/3 461/155/3
f 459/165/3 461/155/3 462/165/3
f 463/160/1 464/168/1 465/153/1
f 463/160/1 465/153/1 466/106/1
f 467/168/1 468/169/1 310/83/1
f 467/168/1 310/83/1 309/79/1
f 469/169/1 470/167/1 471/150/1
f 469/169/1 471/150/1 472/149/1
f 473/172/1 474/173/1 475/174/1
f 473/172/1 475/174/1 476/143/1
f 477/175/1 478/172/1 479/143/1
f 477/175/1 479/143/1 480/142/1
f 483/176/1 185/95/1 196/27/1
f 484/177/1 485/178/1 486/179/1
f 484/177/1 486/179/1 487/180/1
f 488/181/2 489/182/2 490/183/2
f 488/181/2 490/183/2 491/184/2
f 492/185/1 493/16/1 494/186/1
f 492/185/1 494/186/1 495/55/1
f 496/187/1 497/185/1 498/55/1
f 496/187/1 498/55/1 499/54/1
f 500/188/1 501/189/1 502/29/1
f 500/188/1 502/29/1 503/14/1
f 504/173/1 505/187/1 506/54/1
f 504/173/1 506/54/1 507/174/1
f 510/188/3 511/190/3 512/191/3
f 510/188/3 512/191/3 513/192/3
f 514/2/2 515/181/2 516/184/2
f 514/2/2 516/184/2 517/2/2
f 518/143/1 519/174/1 520/18/1
f 518/143/1 520/18/1 521/148/1
f 522/180/1 523/179/1 524/102/1
f 522/180/1 524/102/1 525/101/1
f 526/55/1 527/186/1 528/59/1
f 526/55/1 528/59/1 529/58/1
f 530/174/1 531/54/1 532/19/1
f 530/174/1 532/19/1 533/18/1
f 534/190/3 535/14/3 536/15/3
f 534/190/3 536/15/3 537/191/3
f 538/193/3 539/188/3 540/192/3
f 538/193/3 540/192/3 541/194/3
f 542/195/1 543/196/1 544/187/1
f 542/195/1 544/187/1 545/173/1
f 546/193/1 547/197/1 548/189/1
f 546/193/1 548/189/1 549/188/1
f 550/196/1 551/198/1 552/185/1
f 550/196/1 552/185/1 553/187/1
f 554/198/1 509/17/1 508/16/1
f 554/198/1 508/16/1 555/185/1
f 560/199/1 561/195/1 562/173/1
f 560/199/1 562/173/1 563/172/1
f 564/182/2 565/200/2 566/200/2
f 564/182/2 566/200/2 567/183/2
f 568/201/1 569/202/1 570/195/1
f 568/201/1 570/195/1 571/199/1
f 572/203/1 573/204/1 559/172/1
f 572/203/1 559/172/1 558/175/1
f 574/81/1 575/80/1 482/127/1
f 574/81/1 482/127/1 481/102/1
f 483/176/1 576/75/1 185/95/1
f 577/205/1 578/206/1 557/178/1
f 577/205/1 557/178/1 556/177/1
f 579/71/1 580/78/1 581/207/1
f 579/71/1 581/207/1 582/198/1
f 583/72/1 584/71/1 585/198/1
f 583/72/1 585/198/1 586/196/1
f 587/208/1 588/176/1 589/197/1
f 587/208/1 589/197/1 590/193/1
f 591/202/1 592/72/1 593/196/1
f 591/202/1 593/196/1 594/195/1
f 595/78/1 596/77/1 597/17/1
f 595/78/1 597/17/1 598/207/1
f 599/208/3 600/193/3 601/194/3
f 599/208/3 601/194/3 602/209/3
f 603/200/2 604/17/2 605/17/2
f 603/200/2 605/17/2 606/200/2
f 607/210/3 608/208/3 609/209/3
f 607/210/3 609/209/3 610/211/3
f 613/212/1 614/213/1 615/72/1
f 613/212/1 615/72/1 616/202/1
f 620/214/1 621/215/1 622/78/1
f 620/214/1 622/78/1 623/71/1
f 624/216/1 625/217/1 626/206/1
f 624/216/1 626/206/1 627/205/1
f 628/204/1 629/212/1 630/202/1
f 628/204/1 630/202/1 631/201/1
f 632/17/2 633/77/2 634/218/2
f 632/17/2 634/218/2 635/17/2
f 636/219/1 637/220/1 638/212/1
f 636/219/1 638/212/1 639/204/1
f 640/221/1 641/219/1 642/204/1
f 640/221/1 642/204/1 643/203/1
f 644/222/1 645/223/1 646/217/1
f 644/222/1 646/217/1 647/216/1
f 648/224/1 649/225/1 650/215/1
f 648/224/1 650/215/1 651/214/1
f 652/104/1 576/75/1 483/176/1
f 652/104/1 483/176/1 617/208/1
f 653/220/1 654/226/1 655/213/1
f 653/220/1 655/213/1 656/212/1
f 657/227/3 658/210/3 659/211/3
f 657/227/3 659/211/3 660/228/3
f 661/77/2 662/229/2 663/230/2
f 661/77/2 663/230/2 664/218/2
f 665/231/2 666/61/2 667/64/2
f 665/231/2 667/64/2 668/232/2
f 669/104/3 670/227/3 671/228/3
f 669/104/3 671/228/3 672/233/3
f 673/138/1 674/145/1 675/226/1
f 673/138/1 675/226/1 676/220/1
f 677/68/1 678/67/1 679/225/1
f 677/68/1 679/225/1 680/224/1
f 681/75/1 682/81/1 683/223/1
f 681/75/1 683/223/1 684/222/1
f 685/80/1 686/84/1 687/219/1
f 685/80/1 687/219/1 688/221/1
f 689/229/2 690/231/2 691/232/2
f 689/229/2 691/232/2 692/230/2
f 693/84/1 694/138/1 695/220/1
f 693/84/1 695/220/1 696/219/1
f 697/103/3 698/104/3 699/233/3
f 697/103/3 699/233/3 700/115/3
usemtl m1
f 701/234/3 702/235/3 703/145/3
f 701/234/3 703/145/3 704/236/3
f 705/237/2 706/237/2 707/238/2
f 705/237/2 707/238/2 708/239/2
f 709/240/2 710/241/2 711/242/2
f 709/240/2 711/242/2 712/243/2
f 713/241/2 714/244/2 715/244/2
f 713/241/2 715/244/2 716/242/2
f 717/245/3 718/246/3 719/247/3
f 717/245/3 719/247/3 720/245/3
f 721/248/3 722/249/3 723/249/3
f 721/248/3 723/249/3 724/20/3
f 725/250/2 726/251/2 727/252/2
f 725/250/2 727/252/2 728/250/2
f 731/253/2 732/254/2 733/255/2
f 731/253/2 733/255/2 734/256/2
f 735/257/3 736/258/3 737/258/3
f 735/257/3 737/258/3 738/257/3
f 739/259/2 740/260/2 741/261/2
f 739/259/2 741/261/2 742/259/2
f 743/262/2 744/260/2 745/260/2
f 743/262/2 745/260/2 746/259/2
f 747/263/3 748/258/3 749/258/3
f 747/263/3 749/258/3 750/263/3
f 751/264/2 752/265/2 753/255/2
f 751/264/2 753/255/2 754/266/2
f 755/267/3 756/226/3 757/234/3
f 755/267/3 757/234/3 758/268/3
f 759/269/2 760/270/2 761/270/2
f 759/269/2 761/270/2 762/271/2
f 763/272/2 764/273/2 765/241/2
f 763/272/2 765/241/2 766/274/2
f 767/275/2 768/276/2 769/277/2
f 767/275/2 769/277/2 770/278/2
f 771/250/2 772/279/2 773/251/2
f 771/250/2 773/251/2 774/280/2
f 775/281/3 776/249/3 777/249/3
f 775/281/3 777/249/3 778/282/3
f 779/283/3 780/247/3 781/247/3
f 779/283/3 781/247/3 782/245/3
f 783/284/2 784/244/2 785/244/2
f 783/284/2 785/244/2 786/273/2
f 787/270/2 788/270/2 789/270/2
f 787/270/2 789/270/2 790/270/2
f 791/285/2 792/274/2 793/272/2
f 791/285/2 793/272/2 794/286/2
f 795/196/3 796/287/3 797/288/3
f 795/196/3 797/288/3 798/196/3
f 799/289/2 800/264/2 801/266/2
f 799/289/2 801/266/2 802/253/2
f 803/196/3 804/245/3 805/245/3
f 803/196/3 805/245/3 806/196/3
f 807/290/2 808/253/2 809/256/2
f 807/290/2 809/256/2 810/291/2
f 811/290/2 812/289/2 813/253/2
f 811/290/2 813/253/2 814/290/2
f 815/287/3 816/283/3 817/245/3
f 815/287/3 817/245/3 818/288/3
f 819/292/2 820/293/2 821/294/2
f 819/292/2 821/294/2 822/295/2
f 823/295/2 824/296/2 825/296/2
f 823/295/2 825/296/2 826/297/2
f 827/235/3 828/298/3 829/299/3
f 827/235/3 829/299/3 830/235/3
f 729/300/3 831/299/3 832/299/3
f 729/300/3 832/299/3 730/300/3
f 833/277/2 834/276/2 835/237/2
f 833/277/2 835/237/2 836/239/2
f 837/301/3 838/301/3 839/301/3
f 837/301/3 839/301/3 840/301/3
f 841/302/3 842/302/3 843/303/3
f 841/302/3 843/303/3 844/303/3
f 845/276/2 846/286/2 847/240/2
f 845/276/2 847/240/2 848/237/2
f 849/297/2 850/296/2 851/293/2
f 849/297/2 851/293/2 852/292/2
f 853/296/2 854/277/2 855/239/2
f 853/296/2 855/239/2 856/293/2
f 857/304/3 858/302/3 859/303/3
f 857/304/3 859/303/3 860/305/3
f 861/288/3 862/245/3 863/245/3
f 861/288/3 863/245/3 864/306/3
f 865/290/2 866/253/2 867/253/2
f 865/290/2 867/253/2 868/290/2
f 869/196/3 870/288/3 871/306/3
f 869/196/3 871/306/3 872/196/3
f 873/253/2 874/266/2 875/307/2
f 873/253/2 875/307/2 876/253/2
f 877/255/2 878/280/2 879/250/2
f 877/255/2 879/250/2 880/254/2
f 881/247/3 882/268/3 883/300/3
f 881/247/3 883/300/3 884/246/3
f 885/249/3 886/263/3 887/257/3
f 885/249/3 887/257/3 888/249/3
f 889/259/2 890/260/2 891/260/2
f 889/259/2 891/260/2 892/259/2
f 893/263/3 894/258/3 895/258/3
f 893/263/3 895/258/3 896/257/3
f 897/266/2 898/255/2 899/254/2
f 897/266/2 899/254/2 900/307/2
f 901/268/3 902/234/3 903/236/3
f 901/268/3 903/236/3 904/300/3
f 905/274/2 906/284/2 907/273/2
f 905/274/2 907/273/2 908/272/2
f 909/226/3 910/235/3 911/235/3
f 909/226/3 911/235/3 912/234/3
f 913/258/3 914/196/3 915/196/3
f 913/258/3 915/196/3 916/258/3
f 917/244/2 918/290/2 919/290/2
f 917/244/2 919/290/2 920/244/2
f 921/280/2 922/251/2 923/251/2
f 921/280/2 923/251/2 924/250/2
f 925/251/2 926/259/2 927/259/2
f 925/251/2 927/259/2 928/251/2
f 929/282/3 930/249/3 931/249/3
f 929/282/3 931/249/3 932/248/3
f 933/245/3 934/247/3 935/246/3
f 933/245/3 935/246/3 804/245/3
f 936/273/2 937/244/2 938/244/2
f 936/273/2 938/244/2 939/241/2
f 940/301/3 941/308/3 942/309/3
f 940/301/3 942/309/3 943/301/3
f 944/286/2 945/272/2 946/274/2
f 944/286/2 946/274/2 947/240/2
f 948/270/2 949/297/2 950/292/2
f 948/270/2 950/292/2 951/270/2
f 952/269/2 953/295/2 954/297/2
f 952/269/2 954/297/2 955/270/2
f 956/310/3 957/311/3 958/312/3
f 956/310/3 958/312/3 959/313/3
f 960/314/3 961/308/3 962/301/3
f 960/314/3 962/301/3 963/313/3
f 965/301/3 964/301/3 966/235/3
f 967/145/3 966/235/3 964/301/3
usemtl m2
f 968/315/5 969/270/5 970/270/5
f 968/315/5 970/270/5 971/315/5
f 972/316/5 973/317/5 974/317/5
f 972/316/5 974/317/5 975/316/5
f 976/251/2 977/259/2 978/259/2
f 976/251/2 978/259/2 979/252/2
f 980/244/2 981/290/2 982/291/2
f 980/244/2 982/291/2 983/244/2
f 984/258/3 985/196/3 986/196/3
f 984/258/3 986/196/3 987/258/3
f 988/317/5 989/315/5 990/315/5
f 988/317/5 990/315/5 991/317/5
f 992/249/3 993/257/3 994/257/3
f 992/249/3 994/257/3 995/249/3
f 996/246/3 997/300/3 998/300/3
f 996/246/3 998/300/3 999/247/3
f 1000/145/6 1001/64/6 1002/63/6
f 1000/145/6 1002/63/6 1003/318/6
f 1004/311/3 1005/301/3 1006/301/3
f 1004/311/3 1006/301/3 1007/312/3
f 1008/254/2 1009/250/2 1010/250/2
f 1008/254/2 1010/250/2 1011/255/2
f 1012/319/2 1013/320/2 1014/321/2
f 1012/319/2 1014/321/2 1015/319/2
f 1016/173/5 1017/322/5 1018/322/5
f 1016/173/5 1018/322/5 1019/173/5
f 1020/323/4 1021/324/4 1022/324/4
f 1020/323/4 1022/324/4 1023/323/4
f 1024/325/5 1025/326/5 1026/326/5
f 1024/325/5 1026/326/5 1027/327/5
f 1028/328/4 1029/329/4 1030/330/4
f 1028/328/4 1030/330/4 1031/328/4
f 1032/331/5 1033/332/5 1034/332/5
f 1032/331/5 1034/332/5 1035/331/5
f 1036/333/5 1037/334/5 1038/335/5
f 1036/333/5 1038/335/5 1039/333/5
f 1040/336/5 1041/337/5 1042/337/5
f 1040/336/5 1042/337/5 1043/336/5
s 1
f 1044/338/7 1045/339/7 1046/339/7
f 1044/338/7 1046/339/7 1047/338/8
s 0
f 1048/145/6 1049/340/6 1050/232/6
f 1048/145/6 1050/232/6 1051/64/6
f 1052/265/2 1053/341/2 1054/250/2
f 1052/265/2 1054/250/2 1055/265/2
f 1056/279/1 1057/262/1 1058/262/1
f 1056/279/1 1058/262/1 1059/251/1
f 1062/196/6 1063/258/6 1064/258/6
f 1062/196/6 1064/258/6 1065/196/6
f 1066/342/3 1067/343/3 1068/263/3
f 1066/342/3 1068/263/3 1069/249/3
f 1070/263/5 1071/263/5 1072/263/5
f 1070/263/5 1072/263/5 1073/263/5
f 1074/344/2 1075/345/2 1076/260/2
f 1074/344/2 1076/260/2 1077/262/2
f 1078/343/3 1079/346/3 1080/196/3
f 1078/343/3 1080/196/3 1081/263/3
f 1082/347/2 1083/265/2 1084/265/2
f 1082/347/2 1084/265/2 1085/264/2
f 1060/348/3 1086/235/3 1087/349/3
f 1060/348/3 1087/349/3 1061/247/3
f 1088/350/2 1089/269/2 1090/271/2
f 1088/350/2 1090/271/2 1091/351/2
f 1092/352/2 1093/353/2 1094/284/2
f 1092/352/2 1094/284/2 1095/274/2
f 1096/305/5 1097/303/5 1098/303/5
f 1096/305/5 1098/303/5 1099/354/5
f 1100/355/2 1101/356/2 1102/290/2
f 1100/355/2 1102/290/2 1103/244/2
f 1104/278/9 1105/277/9 1106/277/9
f 1104/278/10 1106/277/10 1107/238/10
f 1108/341/2 1109/357/2 1110/279/2
f 1108/341/2 1110/279/2 1111/250/2
f 1112/357/2 1113/344/2 1114/262/2
f 1112/357/2 1114/262/2 1115/279/2
f 1116/244/1 1117/290/1 1118/290/1
f 1116/244/1 1118/290/1 1119/244/1
f 1120/358/3 1121/342/3 1122/249/3
f 1120/358/3 1122/249/3 1123/281/3
f 1124/245/3 1125/348/3 1126/247/3
f 1124/245/3 1126/247/3 1127/283/3
f 1128/353/2 1129/355/2 1130/244/2
f 1128/353/2 1130/244/2 1131/284/2
f 1132/317/6 1133/316/6 1134/316/6
f 1132/317/6 1134/316/6 1135/317/6
f 1136/346/3 1137/288/3 1138/287/3
f 1136/346/3 1138/287/3 1139/196/3
f 1140/359/2 1141/347/2 1142/264/2
f 1140/359/2 1142/264/2 1143/289/2
f 1144/356/2 1145/359/2 1146/289/2
f 1144/356/2 1146/289/2 1147/290/2
f 1148/288/3 1149/245/3 1150/283/3
f 1148/288/3 1150/283/3 1151/287/3
f 1152/255/11 1153/265/11 1154/265/11
f 1152/255/11 1154/265/11 1155/255/11
f 1156/360/4 1157/361/4 1158/362/4
f 1156/360/4 1158/362/4 1159/360/4
f 1160/329/4 1161/363/4 1162/363/4
f 1160/329/4 1162/363/4 1163/330/4
f 1164/293/2 1165/239/2 1166/238/2
f 1164/293/2 1166/238/2 1167/294/2
f 1168/313/6 1169/302/6 1170/302/6
f 1168/313/6 1170/302/6 1171/313/6
f 1172/302/3 1173/310/3 1174/313/3
f 1172/302/3 1174/313/3 1175/302/3
f 1176/290/12 1177/290/12 1178/290/12
f 1176/290/12 1178/290/12 1179/290/12
f 1180/364/4 1181/244/4 1182/244/4
f 1180/364/4 1182/244/4 1183/364/4
f 1184/365/4 1185/255/4 1186/265/4
f 1184/365/4 1186/265/4 1187/365/4
f 1188/366/4 1189/367/4 1190/368/4
f 1188/366/4 1190/368/4 1191/369/4
f 1192/237/2 1193/240/2 1194/243/2
f 1192/237/2 1194/243/2 1195/237/2
f 1196/249/1 1197/263/1 1198/263/1
f 1196/249/1 1198/263/1 1199/249/1
f 1200/299/3 1201/303/3 1202/303/3
f 1200/299/3 1202/303/3 1203/299/3
f 1204/363/4 1205/294/4 1206/293/4
f 1204/363/4 1206/293/4 1207/363/4
f 1208/370/4 1209/364/4 1210/364/4
f 1208/370/4 1210/364/4 1211/370/4
f 1212/316/6 1213/301/6 1214/301/6
f 1212/316/6 1214/301/6 1215/316/6
f 1216/259/5 1217/371/5 1218/371/5
f 1216/259/5 1218/371/5 1219/262/5
f 1220/238/5 1221/372/5 1222/372/5
f 1220/238/5 1222/372/5 1223/239/5
f 1224/195/4 1225/365/4 1226/365/4
f 1224/195/4 1226/365/4 1227/195/4
f 1228/301/5 1229/316/5 1230/316/5
f 1228/301/5 1230/316/5 1231/301/5
f 1232/373/5 1233/374/5 1234/374/5
f 1232/373/5 1234/374/5 1235/373/5
f 1236/375/5 1237/373/5 1238/373/5
f 1236/375/5 1238/373/5 1239/376/5
f 1240/377/4 1241/195/4 1242/195/4
f 1240/377/4 1242/195/4 1243/377/4
f 1244/361/4 1245/378/4 1246/378/4
f 1244/361/4 1246/378/4 1247/362/4
f 1248/379/4 1249/380/4 1250/380/4
f 1248/379/4 1250/380/4 1251/379/4
f 1252/243/5 1253/375/5 1254/376/5
f 1252/243/5 1254/376/5 1255/240/5
f 1256/381/5 1257/319/5 1258/319/5
f 1256/381/5 1258/319/5 1259/381/5
f 1260/322/2 1261/377/2 1262/377/2
f 1260/322/2 1262/377/2 1263/322/2
f 1264/382/4 1265/237/4 1266/383/4
f 1264/382/4 1266/383/4 1267/384/4
f 1268/378/4 1269/252/4 1270/251/4
f 1268/378/4 1270/251/4 1271/378/4
f 1272/320/4 1273/370/4 1274/370/4
f 1272/320/4 1274/370/4 1275/321/4
f 1276/250/5 1277/385/5 1278/385/5
f 1276/250/5 1278/385/5 1279/250/5
f 1280/332/2 1281/360/2 1282/360/2
f 1280/332/2 1282/360/2 1283/332/2
f 1284/380/4 1285/382/4 1286/384/4
f 1284/380/4 1286/384/4 1287/380/4
f 1288/374/2 1289/379/2 1290/379/2
f 1288/374/2 1290/379/2 1291/374/2
f 1292/291/5 1293/386/5 1294/386/5
f 1292/291/5 1294/386/5 1295/291/5
f 1296/385/5 1297/173/5 1298/173/5
f 1296/385/5 1298/173/5 1299/385/5
f 1300/386/5 1301/381/5 1302/381/5
f 1300/386/5 1302/381/5 1303/386/5
f 1304/337/2 1305/328/2 1306/328/2
f 1304/337/2 1306/328/2 1307/337/2
f 1308/372/5 1309/336/5 1310/336/5
f 1308/372/5 1310/336/5 1311/372/5
f 1312/371/5 1313/331/5 1314/331/5
f 1312/371/5 1314/331/5 1315/371/5
f 1316/315/6 1317/317/6 1318/317/6
f 1316/315/6 1318/317/6 1319/315/6
f 1320/270/6 1321/315/6 1322/315/6
f 1320/270/6 1322/315/6 1323/270/6
f 1324/308/3 1325/318/3 1326/387/3
f 1324/308/3 1326/387/3 1327/309/3
f 1328/263/6 1329/249/6 1330/249/6
f 1328/263/6 1330/249/6 1331/263/6
f 1332/267/5 1333/268/5 1334/268/5
f 1332/267/5 1334/268/5 1335/388/5
f 1336/258/4 1337/258/4 1338/258/4
f 1336/258/4 1338/258/4 1339/258/4
f 1340/247/1 1341/267/1 1342/388/1
f 1340/247/1 1342/388/1 1343/247/1
f 1344/299/4 1345/298/4 1346/389/4
f 1344/299/4 1346/389/4 1347/299/4
f 1348/268/6 1349/247/6 1350/247/6
f 1348/268/6 1350/247/6 1351/268/6
f 1352/196/5 1353/196/5 1354/196/5
f 1352/196/5 1354/196/5 1355/196/5
f 1356/298/1 1357/305/1 1358/354/1
f 1356/298/1 1358/354/1 1359/389/1
f 1360/249/4 1361/249/4 1362/249/4
f 1360/249/4 1362/249/4 1363/249/4
f 1364/247/4 1365/247/4 1366/247/4
f 1364/247/4 1366/247/4 1367/247/4
f 1368/303/6 1369/299/6 1370/299/6
f 1368/303/6 1370/299/6 1371/303/6
f 1372/258/1 1373/196/1 1374/196/1
f 1372/258/1 1374/196/1 1375/258/1
f 1376/285/13 1377/286/13 1378/286/13
f 1376/285/13 1378/286/13 1379/285/13
f 1380/290/6 1381/244/6 1382/244/6
f 1380/290/6 1382/244/6 1383/290/6
f 1384/244/14 1385/244/14 1386/244/14
f 1384/244/14 1386/244/14 1387/244/14
f 1388/259/6 1389/251/6 1390/251/6
f 1388/259/6 1390/251/6 1391/259/6
f 1392/250/15 1393/280/15 1394/280/15
f 1392/250/15 1394/280/15 1395/250/15
f 1396/251/16 1397/279/16 1398/251/16
f 1396/251/17 1398/251/17 1399/251/17
f 1400/265/1 1401/250/1 1402/250/1
f 1400/265/1 1402/250/1 1403/265/1
f 1404/262/18 1405/259/18 1406/259/18
f 1404/262/19 1406/259/19 1407/262/19
f 1408/296/1 1409/278/1 1410/238/1
f 1408/296/1 1410/238/1 1411/390/1
f 1412/280/6 1413/255/6 1414/255/6
f 1412/280/6 1414/255/6 1415/280/6
f 1416/275/1 1417/285/1 1418/285/1
f 1416/275/1 1418/285/1 1419/237/1
f 1420/296/20 1421/296/20 1422/390/20
f 1420/296/20 1422/390/20 1423/296/20
f 1424/276/21 1425/275/21 1426/237/21
f 1424/276/21 1426/237/21 1427/276/21
f 1428/277/6 1429/296/6 1430/296/6
f 1428/277/6 1430/296/6 1431/277/6
f 1432/286/6 1433/276/6 1434/276/6
f 1432/286/6 1434/276/6 1435/286/6
f 1436/139/6 1437/121/6 1438/351/6
f 1436/139/6 1438/351/6 1439/391/6
f 1440/46/6 1441/139/6 1442/391/6
f 1440/46/6 1442/391/6 1443/392/6
f 1444/47/6 1445/46/6 1446/392/6
f 1444/47/6 1446/392/6 1447/387/6
f 1448/115/6 1449/233/6 1450/352/6
f 1448/115/6 1450/352/6 1451/350/6
f 1454/184/6 1453/340/6 1455/342/6
f 1456/184/6 1457/342/6 1458/358/6
f 1456/184/6 1458/358/6 1459/2/6
f 1460/393/6 1461/24/6 1462/25/6
f 1460/393/6 1462/25/6 1463/358/6
f 1464/24/6 1465/393/6 1466/147/6
f 1464/24/6 1466/147/6 1467/141/6
f 1468/141/6 1469/147/6 1470/345/6
f 1468/141/6 1470/345/6 1471/126/6
f 1472/15/6 1473/10/6 1474/345/6
f 1472/15/6 1474/345/6 1475/344/6
f 1476/191/6 1477/15/6 1478/344/6
f 1476/191/6 1478/344/6 1479/357/6
f 1480/192/6 1481/191/6 1482/357/6
f 1480/192/6 1482/357/6 1483/341/6
f 1484/194/6 1485/192/6 1486/341/6
f 1484/194/6 1486/341/6 1487/265/6
f 1488/394/2 1489/395/2 1490/395/2
f 1488/394/2 1490/395/2 1491/394/2
f 1492/211/6 1493/209/6 1494/356/6
f 1492/211/6 1494/356/6 1495/355/6
f 1496/228/6 1497/211/6 1498/355/6
f 1496/228/6 1498/355/6 1499/353/6
f 1500/396/2 1501/397/2 1502/397/2
f 1500/396/2 1502/397/2 1503/396/2
f 1504/395/6 1505/394/6 1506/209/6
f 1504/395/6 1506/209/6 1507/194/6
f 1508/398/6 1509/399/6 1510/359/6
f 1508/398/6 1510/359/6 1511/356/6
f 1512/400/6 1513/401/6 1514/265/6
f 1512/400/6 1514/265/6 1515/347/6
f 1516/399/6 1517/400/6 1518/347/6
f 1516/399/6 1518/347/6 1519/359/6
f 1520/401/6 1521/395/6 1522/194/6
f 1520/401/6 1522/194/6 1523/265/6
f 1524/394/6 1525/398/6 1526/356/6
f 1524/394/6 1526/356/6 1527/209/6
f 1528/398/5 1529/394/5 1530/394/5
f 1528/398/5 1530/394/5 1531/398/5
f 1532/400/3 1533/399/3 1534/399/3
f 1532/400/3 1534/399/3 1535/400/3
f 1536/399/3 1537/398/3 1538/398/3
f 1536/399/3 1538/398/3 1539/399/3
f 1540/395/4 1541/401/4 1542/401/4
f 1540/395/4 1542/401/4 1543/395/4
f 1544/401/3 1545/400/3 1546/400/3
f 1544/401/3 1546/400/3 1547/401/3
f 1548/314/5 1549/313/5 1550/313/5
f 1548/314/5 1550/313/5 1551/313/5
f 1552/304/1 1553/314/1 1554/313/1
f 1552/304/1 1554/313/1 1555/302/1
f 1556/302/4 1557/304/4 1558/302/4
f 1556/302/4 1558/302/4 1559/302/4
f 1560/396/6 1561/38/6 1562/116/6
f 1563/402/6 1564/403/6 1565/116/6
f 1563/402/6 1565/116/6 1566/115/6
f 1567/403/6 1560/396/6 1562/116/6
f 1568/404/6 1569/405/6 1570/350/6
f 1568/404/6 1570/350/6 1571/351/6
f 1572/405/6 1573/402/6 1574/115/6
f 1572/405/6 1574/115/6 1575/350/6
f 1576/406/6 1577/404/6 1578/351/6
f 1576/406/6 1578/351/6 1579/38/6
f 1580/407/2 1581/403/2 1582/403/2
f 1580/407/2 1582/403/2 1583/407/2
f 1584/403/2 1585/402/2 1586/402/2
f 1584/403/2 1586/402/2 1587/403/2
f 1588/404/5 1589/406/5 1590/408/5
f 1588/404/5 1590/408/5 1591/404/5
f 1592/405/3 1593/404/3 1594/404/3
f 1592/405/3 1594/404/3 1595/405/3
f 1596/397/2 1597/407/2 1598/407/2
f 1596/397/2 1598/407/2 1599/397/2
f 1600/409/6 1601/339/6 1602/233/6
f 1600/409/6 1602/233/6 1603/228/6
f 1604/410/6 1605/409/6 1606/228/6
f 1604/410/6 1606/228/6 1607/353/6
f 1608/339/6 1609/338/6 1610/352/6
f 1608/339/6 1610/352/6 1611/233/6
f 1612/338/6 1613/410/6 1614/353/6
f 1612/338/6 1614/353/6 1615/352/6
s 1
f 1616/338/22 1617/339/22 1618/339/22
f 1616/338/22 1618/339/22 1619/338/22
f 1620/339/23 1621/409/23 1622/409/24
f 1620/339/23 1622/409/24 1623/339/24
f 1624/410/25 1625/338/25 1626/338/26
f 1624/410/25 1626/338/26 1627/410/26
f 1628/409/27 1629/410/27 1630/410/27
f 1628/409/27 1630/410/27 1631/409/27
s 0
f 1632/339/2 1633/409/2 1634/409/2
f 1632/339/2 1634/409/2 1635/339/2
f 1636/410/3 1637/338/3 1638/338/3
f 1636/410/3 1638/338/3 1639/410/3
s 1
f 1640/409/28 1641/410/28 1642/410/28
f 1640/409/28 1642/410/28 1643/409/28
s 0
f 1644/411/4 1645/412/4 1646/402/4
f 1644/411/4 1646/402/4 1647/405/4
f 1648/413/4 1649/414/4 1650/405/4
f 1648/413/4 1650/405/4 1651/402/4
f 1652/414/4 1653/411/4 1654/405/4
f 1652/414/4 1654/405/4 1655/405/4
f 1656/412/4 1657/413/4 1658/402/4
f 1656/412/4 1658/402/4 1659/402/4
f 1660/315/4 1661/270/4 1662/270/4
f 1660/315/4 1662/270/4 1663/315/4
f 1664/317/4 1665/315/4 1666/315/4
f 1664/317/4 1666/315/4 1667/317/4
f 1668/415/2 1669/316/2 1670/316/2
f 1668/415/2 1670/316/2 1671/415/2
f 1672/270/2 1673/292/2 1674/295/2
f 1672/270/2 1674/295/2 1675/270/2
f 1676/416/5 1677/417/5 1678/417/5
f 1676/416/5 1678/417/5 1679/416/5
f 1680/417/5 1681/415/5 1682/415/5
f 1680/417/5 1682/415/5 1683/417/5
f 1684/316/4 1685/317/4 1686/317/4
f 1684/316/4 1686/317/4 1687/316/4
f 1688/295/5 1689/416/5 1690/416/5
f 1688/295/5 1690/416/5 1691/418/5
f 1692/270/3 1693/295/3 1694/418/3
f 1692/270/3 1694/418/3 1695/270/3
f 1696/419/5 1697/420/5 1698/420/5
f 1696/419/5 1698/420/5 1699/419/5
s 1
f 1700/421/29 1701/422/30 1702/422/29
f 1700/421/29 1702/422/29 1703/421/29
s 0
f 1704/423/4 1705/424/4 1706/424/4
f 1704/423/4 1706/424/4 1707/423/4
f 1708/425/4 1709/426/4 1710/426/4
f 1708/425/4 1710/426/4 1711/425/4
s 1
f 1712/427/31 1713/428/31 1714/429/32
f 1712/427/31 1714/429/32 1715/427/32
s 0
f 1716/430/5 1717/431/5 1718/431/5
f 1716/430/5 1718/431/5 1719/432/5
f 1720/433/5 1721/434/5 1722/434/5
f 1720/433/5 1722/434/5 1723/433/5
f 1724/301/4 1725/316/4 1726/316/4
f 1724/301/4 1726/316/4 1727/301/4
f 1728/435/3 1729/436/3 1730/250/3
f 1728/435/3 1730/250/3 1731/250/3
f 1732/247/2 1733/247/2 1734/300/2
f 1732/247/2 1734/300/2 1735/300/2
f 1736/249/2 1737/437/2 1738/263/2
f 1736/249/2 1738/263/2 1739/438/2
f 1740/262/3 1741/439/3 1742/440/3
f 1740/262/3 1742/440/3 1743/260/3
f 1744/438/2 1745/263/2 1746/258/2
f 1744/438/2 1746/258/2 1747/258/2
f 1748/441/3 1749/442/3 1750/436/3
f 1748/441/3 1750/436/3 1751/435/3
f 1752/300/2 1753/300/2 1754/443/2
f 1752/300/2 1754/443/2 1755/444/2
f 1756/445/3 1757/270/3 1758/446/3
f 1756/445/3 1758/446/3 1759/447/3
f 1760/448/3 1761/449/3 1762/450/3
f 1760/448/3 1762/450/3 1763/451/3
f 1764/258/2 1765/258/2 1766/196/2
f 1764/258/2 1766/196/2 1767/196/2
f 1768/244/3 1769/452/3 1770/453/3
f 1768/244/3 1770/453/3 1771/290/3
f 1772/250/3 1773/250/3 1774/251/3
f 1772/250/3 1774/251/3 1775/251/3
f 1776/251/3 1777/251/3 1778/439/3
f 1776/251/3 1778/439/3 1779/262/3
f 1780/20/2 1781/454/2 1782/437/2
f 1780/20/2 1782/437/2 1783/249/2
f 1784/245/2 1785/455/2 1786/247/2
f 1784/245/2 1786/247/2 1787/247/2
f 1788/451/3 1789/450/3 1790/452/3
f 1788/451/3 1790/452/3 1791/244/3
f 1792/196/2 1793/196/2 1794/455/2
f 1792/196/2 1794/455/2 1795/245/2
f 1796/256/3 1797/456/3 1798/442/3
f 1796/256/3 1798/442/3 1799/441/3
f 1800/290/3 1801/453/3 1802/456/3
f 1800/290/3 1802/456/3 1803/256/3
f 1804/301/2 1805/301/2 1806/387/2
f 1804/301/2 1806/387/2 1807/457/2
f 1808/444/2 1809/443/2 1810/458/2
f 1808/444/2 1810/458/2 1811/145/2
f 1812/353/1 1813/352/1 1814/448/1
f 1812/353/1 1814/448/1 1815/451/1
f 1819/281/6 1820/249/6 1821/437/6
f 1819/281/6 1821/437/6 1822/454/6
f 1823/393/1 1824/147/1 1825/459/1
f 1823/393/1 1825/459/1 1826/21/1
f 1827/296/6 1828/285/6 1829/285/6
f 1827/296/6 1829/285/6 1830/460/6
f 1833/352/1 1834/350/1 1835/445/1
f 1833/352/1 1835/445/1 1836/448/1
f 1837/147/6 1838/461/6 1839/462/6
f 1837/147/6 1839/462/6 1840/463/6
f 1843/274/6 1844/284/6 1845/450/6
f 1843/274/6 1845/450/6 1846/449/6
f 1847/262/6 1848/260/6 1849/440/6
f 1847/262/6 1849/440/6 1850/439/6
f 1851/285/6 1852/274/6 1853/449/6
f 1851/285/6 1853/449/6 1854/285/6
f 1855/342/1 1856/358/1 1857/20/1
f 1855/342/1 1857/20/1 1858/249/1
f 1859/147/1 1860/345/1 1861/260/1
f 1859/147/1 1861/260/1 1862/459/1
f 1863/284/6 1864/244/6 1865/452/6
f 1863/284/6 1865/452/6 1866/450/6
f 1867/358/1 1868/393/1 1869/21/1
f 1867/358/1 1869/21/1 1870/20/1
f 1871/290/6 1872/289/6 1873/456/6
f 1871/290/6 1873/456/6 1874/453/6
f 1875/289/6 1876/264/6 1877/442/6
f 1875/289/6 1877/442/6 1878/456/6
f 1879/351/5 1880/271/5 1881/446/5
f 1879/351/5 1881/446/5 1882/270/5
f 1885/271/6 1886/269/6 1887/447/6
f 1885/271/6 1887/447/6 1888/446/6
f 1841/345/1 1831/353/1 1832/451/1
f 1841/345/1 1832/451/1 1842/260/1
f 1889/350/1 1890/351/1 1891/270/1
f 1889/350/1 1891/270/1 1892/445/1
f 1893/464/6 1894/281/6 1895/454/6
f 1893/464/6 1895/454/6 1896/465/6
f 1897/260/6 1898/147/6 1899/463/6
f 1897/260/6 1899/463/6 1900/440/6
f 1901/461/6 1902/464/6 1903/465/6
f 1901/461/6 1903/465/6 1904/462/6
f 1905/295/6 1906/296/6 1907/460/6
f 1905/295/6 1907/460/6 1908/466/6
f 1909/264/6 1910/265/6 1911/436/6
f 1909/264/6 1911/436/6 1912/442/6
f 1913/244/6 1914/290/6 1915/453/6
f 1913/244/6 1915/453/6 1916/452/6
f 1816/249/6 1883/309/6 1884/301/6
f 1816/249/6 1884/301/6 1817/437/6
f 1919/269/6 1920/295/6 1921/466/6
f 1919/269/6 1921/466/6 1922/447/6
f 1917/265/6 1924/262/6 1925/439/6
f 1917/265/6 1925/439/6 1918/436/6
f 1926/318/1 1818/342/1 1923/249/1
f 1926/318/1 1923/249/1 1927/457/1
f 1928/387/1 1929/318/1 1930/457/1
f 1928/387/1 1930/457/1 1931/387/1
f 1932/309/5 1933/387/5 1934/387/5
f 1932/309/5 1934/387/5 1935/301/5
f 1936/308/3 1937/145/3 1938/318/3
f 1937/145/3 1936/308/3 1939/235/3
f 1941/352/2 1942/269/2 1943/350/2
f 1942/269/2 1941/352/2 1940/467/2
f 1945/7/6 1944/47/6 1946/42/6
f 1946/42/6 1944/47/6 1947/387/6
f 1948/318/6 1949/42/6 1950/387/6
f 1949/42/6 1948/318/6 1951/63/6
f 1452/232/6 1453/340/6 1454/184/6
f 1952/25/6 1953/2/6 1954/358/6
f 1953/2/6 1952/25/6 1955/3/6
s 1
f 1955/3/1 1952/25/1 1956/57/1
s 0
f 1957/9/6 1958/345/6 1959/10/6
f 1958/345/6 1957/9/6 1960/126/6
f 1962/468/6 1961/39/6 1963/38/6
f 1962/468/6 1963/38/6 1964/121/6
f 1964/121/6 1963/38/6 1965/351/6
f 1966/395/6 1967/398/6 1968/394/6
f 1967/398/6 1966/395/6 1969/401/6
f 1970/408/6 1971/405/6 1972/404/6
f 1971/405/6 1970/408/6 1973/402/6
f 1974/458/2 1975/457/2 1976/145/2
f 1975/457/2 1974/458/2 1977/301/2
f 1978/447/3 1979/448/3 1980/445/3
f 1981/469/3 1979/448/3 1978/447/3
usemtl m3
f 1984/260/4 1985/470/4 1986/471/4
f 1984/260/4 1986/471/4 1987/261/4
f 1988/470/4 1989/393/4 1990/393/4
f 1988/470/4 1990/393/4 1991/471/4
f 1992/147/4 1993/393/4 1994/461/4
f 1992/147/4 1994/461/4 1995/147/4
f 1996/147/4 1997/461/4 1998/472/4
f 1996/147/4 1998/472/4 1999/473/4
f 2000/345/4 2001/147/4 2002/147/4
f 2000/345/4 2002/147/4 2003/260/4
f 2004/260/4 2005/147/4 2006/473/4
f 2004/260/4 2006/473/4 2007/260/4
f 2010/461/4 2008/281/4 2009/474/4
f 2010/461/4 2009/474/4 2011/472/4
f 2012/393/4 2013/464/4 2014/464/4
f 2012/393/4 2014/464/4 2015/393/4
f 2016/472/4 2017/474/4 2018/464/4
f 2016/472/4 2018/464/4 2019/393/4
f 2020/473/4 2021/472/4 2022/393/4
f 2020/473/4 2022/393/4 2023/470/4
f 2024/260/4 2025/473/4 2026/470/4
f 2024/260/4 2026/470/4 2027/260/4
f 2009/474/4 2008/281/4 1983/20/4
f 2009/474/4 1983/20/4 1982/464/4
f 2028/459/5 2029/463/5 2030/454/5
f 2028/459/5 2030/454/5 2031/20/5
f 2032/260/5 2033/440/5 2034/463/5
f 2032/260/5 2034/463/5 2035/459/5
f 2037/358/4 2038/281/4 2036/393/4
f 2036/393/4 2038/281/4 2039/461/4
usemtl m4
f 2040/475/6 2041/476/6 2042/477/6
f 2040/475/6 2042/477/6 2043/478/6
f 2044/333/6 2045/479/6 2046/480/6
f 2044/333/6 2046/480/6 2047/334/6
f 2048/325/6 2049/477/6 2050/481/6
f 2048/325/6 2050/481/6 2051/326/6
f 2052/482/6 2053/483/6 2054/484/6
f 2052/482/6 2054/484/6 2055/485/6
f 2056/483/6 2057/486/6 2058/487/6
f 2056/483/6 2058/487/6 2059/484/6
f 2060/488/6 2061/489/6 2062/490/6
f 2060/488/6 2062/490/6 2063/491/6
f 2064/492/6 2065/493/6 2066/494/6
f 2064/492/6 2066/494/6 2067/495/6
f 2068/491/6 2069/490/6 2070/478/6
f 2068/491/6 2070/478/6 2071/496/6
f 2072/495/6 2073/494/6 2074/497/6
f 2072/495/6 2074/497/6 2075/498/6
f 2076/499/6 2077/500/6 2078/501/6
f 2076/499/6 2078/501/6 2079/502/6
f 2080/503/6 2081/504/6 2082/500/6
f 2080/503/6 2082/500/6 2083/499/6
f 2084/430/6 2085/324/6 2086/323/6
f 2084/430/6 2086/323/6 2087/431/6
f 2090/505/6 2091/506/6 2092/507/6
f 2090/505/6 2092/507/6 2093/508/6
f 2094/509/6 2095/367/6 2096/366/6
f 2094/509/6 2096/366/6 2097/510/6
f 2098/511/6 2099/512/6 2100/513/6
f 2098/511/6 2100/513/6 2101/475/6
f 2102/514/6 2103/515/6 2104/512/6
f 2102/514/6 2104/512/6 2105/511/6
f 2106/476/6 2107/428/6 2108/427/6
f 2106/476/6 2108/427/6 2109/516/6
f 2110/477/6 2111/476/6 2112/516/6
f 2110/477/6 2112/516/6 2113/481/6
f 2114/517/6 2115/518/6 2116/519/6
f 2114/517/6 2116/519/6 2117/520/6
f 2118/487/6 2119/486/6 2120/517/6
f 2118/487/6 2120/517/6 2121/520/6
f 2122/521/6 2123/509/6 2124/510/6
f 2122/521/6 2124/510/6 2125/522/6
f 2126/523/6 2127/505/6 2128/508/6
f 2126/523/6 2128/508/6 2129/524/6
f 2130/524/6 2088/507/6 2089/525/6
f 2130/524/6 2089/525/6 2131/526/6
f 2132/421/6 2133/521/6 2134/522/6
f 2132/421/6 2134/522/6 2135/422/6
f 2136/433/6 2137/527/6 2138/528/6
f 2136/433/6 2138/528/6 2139/434/6
f 2140/529/6 2141/530/6 2142/531/6
f 2140/529/6 2142/531/6 2143/532/6
f 2144/532/6 2145/531/6 2146/533/6
f 2144/532/6 2146/533/6 2147/534/6
f 2148/534/6 2149/533/6 2150/527/6
f 2148/534/6 2150/527/6 2151/433/6
f 2152/526/6 2153/535/6 2154/521/6
f 2152/526/6 2154/521/6 2155/421/6
f 2156/535/6 2157/536/6 2158/509/6
f 2156/535/6 2158/509/6 2159/521/6
f 2160/511/6 2161/475/6 2162/478/6
f 2160/511/6 2162/478/6 2163/490/6
f 2164/475/6 2165/513/6 2166/428/6
f 2164/475/6 2166/428/6 2167/476/6
f 2168/536/6 2169/525/6 2170/367/6
f 2168/536/6 2170/367/6 2171/509/6
f 2172/502/6 2173/501/6 2174/324/6
f 2172/502/6 2174/324/6 2175/430/6
f 2176/496/6 2177/478/6 2178/477/6
f 2176/496/6 2178/477/6 2179/325/6
f 2180/498/6 2181/497/6 2182/479/6
f 2180/498/6 2182/479/6 2183/333/6
f 2184/489/6 2185/514/6 2186/511/6
f 2184/489/6 2186/511/6 2187/490/6
usemtl m6
f 2192/378/6 2193/371/6 2194/331/6
f 2192/378/6 2194/331/6 2195/362/6
f 2196/251/6 2197/262/6 2198/371/6
f 2196/251/6 2198/371/6 2199/378/6
f 2200/265/6 2201/250/6 2202/385/6
f 2200/265/6 2202/385/6 2203/365/6
f 2204/365/6 2205/385/6 2206/173/6
f 2204/365/6 2206/173/6 2207/195/6
f 2208/244/6 2209/291/6 2210/386/6
f 2208/244/6 2210/386/6 2211/364/6
f 2212/364/6 2213/386/6 2214/381/6
f 2212/364/6 2214/381/6 2215/370/6
f 2216/363/6 2217/372/6 2218/336/6
f 2216/363/6 2218/336/6 2219/330/6
f 2220/293/6 2221/239/6 2222/372/6
f 2220/293/6 2222/372/6 2223/363/6
f 2224/384/6 2225/376/6 2226/373/6
f 2224/384/6 2226/373/6 2227/380/6
f 2228/383/6 2229/240/6 2230/376/6
f 2228/383/6 2230/376/6 2231/384/6
f 2232/380/6 2233/373/6 2234/374/6
f 2232/380/6 2234/374/6 2235/379/6
f 2236/330/6 2237/336/6 2238/337/6
f 2236/330/6 2238/337/6 2239/328/6
f 2240/370/6 2241/381/6 2242/319/6
f 2240/370/6 2242/319/6 2243/321/6
f 2244/195/6 2245/173/6 2246/322/6
f 2244/195/6 2246/322/6 2247/377/6
f 2248/362/6 2249/331/6 2250/332/6
f 2248/362/6 2250/332/6 2251/360/6
f 2252/317/6 2253/417/6 2254/415/6
f 2252/317/6 2254/415/6 2255/316/6
f 2256/315/6 2257/416/6 2258/417/6
f 2256/315/6 2258/417/6 2259/317/6
f 2260/270/6 2261/418/6 2262/416/6
f 2260/270/6 2262/416/6 2263/315/6
f 2264/324/6 2265/333/6 2266/335/6
f 2264/324/6 2266/335/6 2267/323/6
f 2268/368/6 2269/432/6 2270/431/6
f 2268/368/6 2270/431/6 2271/369/6
f 2272/429/6 2273/421/6 2274/422/6
f 2272/429/6 2274/422/6 2275/427/6
f 2276/424/6 2277/419/6 2278/420/6
f 2276/424/6 2278/420/6 2279/423/6
f 2280/426/6 2281/327/6 2282/326/6
f 2280/426/6 2282/326/6 2283/425/6
f 2284/537/6 2285/433/6 2286/434/6
f 2284/537/6 2286/434/6 2287/538/6
usemtl m7
f 2288/392/5 2289/391/5 2290/539/5
f 2288/392/5 2290/539/5 2291/317/5
f 2292/317/5 2293/539/5 2294/539/5
f 2292/317/5 2294/539/5 2295/540/5
f 2296/316/5 2297/317/5 2298/540/5
f 2296/316/5 2298/540/5 2299/316/5
f 2300/391/5 2301/351/5 2302/271/5
f 2300/391/5 2302/271/5 2303/539/5
f 2304/539/5 2305/271/5 2306/270/5
f 2304/539/5 2306/270/5 2307/539/5
f 2308/309/5 2309/316/5 2310/316/5
f 2308/309/5 2310/316/5 2311/301/5
f 2312/301/5 2313/316/5 2314/316/5
f 2312/301/5 2314/316/5 2315/301/5
f 2316/540/5 2317/539/5 2318/315/5
f 2316/540/5 2318/315/5 2319/317/5
f 2320/316/5 2321/540/5 2322/317/5
f 2320/316/5 2322/317/5 2323/316/5
f 2324/539/5 2325/270/5 2326/270/5
f 2324/539/5 2326/270/5 2327/315/5
f 2329/392/5 2331/309/5 2328/387/5
f 2331/309/5 2329/392/5 2330/317/5
f 4648/832/700 4649/833/700 4650/834/700
f 4648/832/700 4650/834/700 4651/835/700
f 4658/20/46 4659/25/46 4660/24/46
f 4658/20/46 4660/24/46 4661/393/46
f 4662/24/46 4663/141/46 4664/471/46
f 4662/24/46 4664/471/46 4665/393/46
f 4666/471/46 4667/141/46 4668/126/46
f 4666/471/46 4668/126/46 4669/260/46
f 4670/552/45 4671/99/45 4672/126/45
f 4670/552/45 4672/126/45 4673/260/45
f 4674/99/45 4675/552/45 4676/553/45
f 4674/99/45 4676/553/45 4677/100/45
s 1
f 4678/543/701 4679/28/701 4680/100/701
f 4678/543/701 4680/100/701 4681/553/701
f 4682/10/702 4683/9/702 4684/28/703
f 4682/10/702 4684/28/703 4685/543/702
f 4686/10/704 4687/543/704 4688/544/704
f 4686/10/704 4688/544/704 4689/836/704
s 0
f 4690/15/45 4691/544/45 4692/609/45
f 4690/15/45 4692/609/45 4693/191/45
f 4694/190/45 4695/609/45 4696/610/45
f 4694/190/45 4696/610/45 4697/676/45
f 4698/676/45 4699/610/45 4700/611/45
f 4698/676/45 4700/611/45 4701/805/45
f 4702/827/45 4703/827/45 4704/613/45
f 4702/827/45 4704/613/45 4705/817/45
f 4706/817/45 4707/613/45 4708/615/45
f 4706/817/45 4708/615/45 4709/649/45
f 4710/541/45 4711/807/45 4712/662/45
f 4710/541/45 4712/662/45 4713/827/45
f 4714/807/45 4715/541/45 4716/542/45
f 4714/807/45 4716/542/45 4717/781/45
f 4718/781/45 4719/542/45 4720/564/45
f 4718/781/45 4720/564/45 4721/674/45
f 4720/564/45 4722/565/45 4723/155/45
f 4720/564/45 4723/155/45 4724/812/45
f 4725/827/45 4726/827/45 4727/557/45
f 4725/827/45 4727/557/45 4728/790/45
f 4729/39/46 4730/48/46 4731/557/46
f 4729/39/46 4731/557/46 4732/790/46
f 4733/837/705 4734/838/705 4735/839/705
f 4733/837/705 4735/839/705 4736/840/705
f 4737/841/706 4738/837/706 4739/840/706
f 4737/841/706 4739/840/706 4740/842/706
f 4741/843/707 4742/844/707 4743/845/707
f 4741/843/708 4743/845/708 4744/846/708
f 4745/847/709 4746/848/709 4747/849/709
f 4745/847/709 4747/849/709 4748/850/709
f 4749/851/46 4750/852/46 4751/853/46
f 4749/851/46 4751/853/46 4752/854/46
f 4754/101/46 4755/855/46 4756/856/46
f 4754/101/46 4756/856/46 4757/553/46
f 4758/544/46 4759/101/46 4760/553/46
f 4758/544/46 4760/553/46 4761/543/46
f 4764/564/46 4765/857/46 4763/858/46
f 4766/859/46 4767/860/46 4768/301/46
f 4766/859/46 4768/301/46 4769/861/46
f 4771/852/46 4772/270/46 4773/862/46
f 4771/852/46 4773/862/46 4774/853/46
f 4882/863/46 4775/862/46 4776/864/46
f 4882/863/46 4776/864/46 4753/865/46
f 4777/855/46 4778/260/46 4779/856/46
f 4780/558/46 4781/549/46 4770/270/46
f 4780/558/46 4770/270/46 4782/866/46
f 4783/555/46 4784/545/46 4785/828/46
f 4783/555/46 4785/828/46 4786/867/46
f 4787/557/46 4788/598/46 4789/868/46
f 4787/557/46 4789/868/46 4790/556/46
f 4791/549/46 4792/550/46 4793/869/46
f 4791/549/46 4793/869/46 4794/870/46
f 4795/871/46 4796/872/46 4797/873/46
f 4795/871/46 4797/873/46 4798/270/46
f 4799/874/46 4800/875/46 4778/260/46
f 4799/874/46 4778/260/46 4777/855/46
f 4762/876/46 4801/833/46 4802/544/46
f 4801/833/46 4799/874/46 4777/855/46
f 4801/833/46 4777/855/46 4802/544/46
f 4966/877/46 4800/875/46 4803/878/46
f 4807/879/46 4808/864/46 4809/875/46
f 4807/879/46 4809/875/46 4810/880/46
f 4811/881/46 4812/879/46 4813/880/46
f 4811/881/46 4813/880/46 4814/882/46
f 4815/565/46 4816/883/46 4817/857/46
f 4815/565/46 4817/857/46 4818/564/46
f 4762/876/46 4965/884/46 4801/833/46
f 4819/885/46 4800/875/46 4799/874/46
f 4803/878/46 4800/875/46 4819/885/46
f 4820/838/710 4821/886/710 4822/887/710
f 4820/838/710 4822/887/710 4823/839/710
f 4824/888/711 4825/889/711 4826/847/711
f 4827/890/712 4828/891/712 4829/892/712
f 4827/890/712 4829/892/712 4830/893/712
f 4831/891/713 4832/894/713 4833/895/713
f 4831/891/714 4833/895/714 4834/892/714
f 4835/894/715 4836/896/715 4837/897/715
s 1
f 4835/894/716 4837/897/716 4838/895/716
s 0
f 4839/898/717 4840/841/717 4841/842/717
f 4839/898/718 4841/842/718 4842/899/718
f 4843/900/719 4844/897/719 4845/896/719
f 4843/900/719 4845/896/719 4846/901/719
s 1
f 4847/902/720 4848/898/720 4849/899/720
s 0
f 4847/902/720 4849/899/720 4850/903/720
f 4851/904/721 4852/887/721 4853/886/721
f 4851/904/721 4853/886/721 4854/889/721
f 4855/848/722 4856/890/722 4857/893/722
f 4855/848/722 4857/893/722 4858/849/722
f 4859/903/723 4860/903/723 4861/905/723
f 4859/903/723 4861/905/723 4862/905/723
f 4863/556/46 4864/906/46 4865/565/46
f 4865/565/46 4864/906/46 4866/883/46
f 4867/907/46 4868/908/46 4869/909/46
f 4867/907/46 4869/909/46 4870/910/46
s 1
f 4871/911/724 4872/912/725 4873/913/726
s 0
f 4874/562/46 4875/558/46 4876/914/46
f 4874/562/46 4876/914/46 4877/915/46
f 4878/916/46 4879/917/46 4880/918/46
f 4878/916/46 4880/918/46 4881/919/46
f 4883/919/46 4884/918/46 4885/920/46
f 4883/919/46 4885/920/46 4886/921/46
f 4765/857/46 4887/922/46 4763/858/46
f 4888/598/46 4889/562/46 4890/915/46
f 4888/598/46 4890/915/46 4891/868/46
f 4866/883/46 4887/922/46 4765/857/46
f 4864/906/46 4887/922/46 4866/883/46
s 1
f 4892/923/727 4893/924/728 4894/925/728
f 4892/923/727 4894/925/728 4895/926/728
f 4896/927/729 4897/928/730 4898/929/730
f 4896/927/729 4898/929/730 4899/930/730
s 0
f 4900/931/731 4901/923/731 4902/926/731
f 4900/931/732 4902/926/732 4903/932/732
f 4904/933/733 4905/934/733 4906/935/733
f 4904/933/733 4906/935/733 4907/936/733
s 1
f 4908/937/734 4909/938/734 4910/939/734
f 4908/937/734 4910/939/734 4911/940/734
s 0
f 4912/941/735 4913/937/735 4914/940/735
f 4912/941/735 4914/940/735 4915/942/735
s 1
f 4916/938/736 4917/943/737 4918/944/737
f 4916/938/736 4918/944/737 4919/939/737
s 0
f 4920/943/738 4921/945/738 4922/946/738
f 4920/943/739 4922/946/739 4923/944/739
f 4924/947/740 4925/933/740 4926/936/740
f 4924/947/740 4926/936/740 4927/948/740
f 4928/924/741 4929/941/741 4930/942/741
f 4928/924/741 4930/942/741 4931/925/741
s 1
f 4932/945/742 4933/947/742 4934/948/742
f 4932/945/742 4934/948/742 4935/946/743
s 0
f 4936/934/744 4937/927/744 4938/930/744
f 4936/934/744 4938/930/744 4939/935/744
s 1
f 4942/949/745 4943/950/746 4944/951/747
s 0
f 4945/952/4 4946/953/4 4947/954/4
f 4945/952/4 4947/954/4 4948/955/4
s 1
f 4949/956/748 4950/957/748 4951/958/748
f 4949/956/748 4951/958/748 4952/959/748
s 0
f 4953/960/46 4954/961/46 4955/962/46
f 4953/960/46 4955/962/46 4956/963/46
f 4957/963/46 4958/962/46 4959/964/46
f 4957/963/46 4959/964/46 4960/965/46
f 4961/966/46 4962/967/46 4963/961/46
f 4961/966/46 4963/961/46 4964/960/46
f 4965/884/46 4966/877/46 4803/878/46
f 4804/968/46 4966/877/46 4965/884/46
f 4967/965/46 4968/964/46 4969/969/46
f 4967/965/46 4969/969/46 4970/970/46
f 4971/955/4 4972/971/4 4973/972/4
f 4971/955/4 4973/972/4 4974/973/4
f 4762/876/46 4975/970/46 4989/949/46
f 4804/968/46 4965/884/46 4762/876/46
f 4887/922/46 4976/966/46 4763/858/46
f 4763/858/46 4976/966/46 4975/970/46
f 4763/858/46 4975/970/46 4762/876/46
f 4977/974/749 4978/975/749 4979/976/749
f 4977/974/749 4979/976/749 4980/976/749
s 1
f 4981/976/750 4982/977/751 4983/978/752
s 0
f 4984/979/753 4985/979/753 4986/980/753
f 4984/979/753 4986/980/753 4987/981/753
s 1
f 4990/951/754 4991/982/755 4992/979/756
f 4993/981/757 4994/983/758 4995/957/758
f 4993/981/757 4995/957/758 4996/956/757
s 0
f 4988/880/46 4800/875/46 4966/877/46
f 4762/876/46 4989/949/46 4804/968/46
f 4999/984/46 5000/919/46 5001/921/46
f 4999/984/46 5001/921/46 5002/863/46
f 5003/985/46 5004/916/46 5005/919/46
f 5003/985/46 5005/919/46 5006/984/46
f 5007/986/46 5008/907/46 5009/910/46
f 5007/986/46 5009/910/46 5010/987/46
s 1
f 5011/978/759 5012/988/760 5013/880/761
s 0
f 5014/989/4 5015/990/4 5016/991/4
f 5014/989/4 5016/991/4 5017/991/4
f 5018/908/46 5019/881/46 5020/882/46
f 5018/908/46 5020/882/46 5021/909/46
f 5022/918/46 5023/851/46 5024/854/46
f 5022/918/46 5024/854/46 5025/920/46
f 5026/964/46 5027/986/46 5028/987/46
f 5026/964/46 5028/987/46 5029/969/46
f 5030/967/46 5031/985/46 5032/984/46
f 5030/967/46 5032/984/46 5033/961/46
f 5034/962/46 5035/863/46 5036/986/46
f 5034/962/46 5036/986/46 5037/964/46
f 5038/961/46 5039/984/46 5040/863/46
f 5038/961/46 5040/863/46 5041/962/46
s 1
f 5042/913/762 5043/992/762 5044/975/762
f 5042/913/762 5044/975/762 5045/974/763
s 0
f 5046/909/5 5047/909/5 5048/993/5
f 5046/909/5 5048/993/5 5049/910/5
f 5052/987/5 5053/994/5 5051/995/5
f 5052/987/5 5051/995/5 5050/996/5
f 5058/910/5 5059/993/5 5060/997/5
f 5058/910/5 5060/997/5 5061/987/5
f 5064/973/4 5065/998/4 5066/990/4
f 5064/973/4 5066/990/4 5067/989/4
f 5168/900/764 5169/901/764 5170/843/764
f 5168/900/764 5170/843/764 5171/846/764
f 5180/851/45 5181/854/45 5182/853/45
f 5180/851/45 5182/853/45 5183/852/45
f 5184/101/765 5185/553/765 5186/552/765
f 5184/101/765 5186/552/765 5187/999/765
s 1
f 5188/544/766 5189/543/766 5190/553/766
f 5188/544/766 5190/553/766 5191/101/766
s 0
f 5193/1000/45 5192/1001/45 5194/970/45
f 5193/1000/45 5194/970/45 5195/1002/45
f 5196/859/45 5197/861/45 5198/301/45
f 5196/859/45 5198/301/45 5199/860/45
f 5201/852/45 5202/853/45 5203/862/45
f 5201/852/45 5203/862/45 5204/270/45
f 5567/863/45 5568/1003/45 5205/864/45
f 5567/863/45 5205/864/45 5206/862/45
f 5207/999/765 5208/552/765 5209/260/765
f 5207/999/765 5209/260/765 5210/262/765
f 5211/558/45 5212/866/45 5200/270/45
f 5211/558/45 5200/270/45 5213/549/45
f 5214/555/45 5215/867/45 5216/828/45
f 5214/555/45 5216/828/45 5217/545/45
f 5218/557/45 5219/556/45 5220/868/45
f 5218/557/45 5220/868/45 5221/598/45
f 5222/549/45 5223/870/45 5224/869/45
f 5222/549/45 5224/869/45 5225/550/45
f 5226/871/45 5227/270/45 5228/873/45
f 5226/871/45 5228/873/45 5229/872/45
f 5230/905/4 5231/903/4 5232/903/4
f 5230/905/4 5232/903/4 5233/905/4
f 5236/544/45 5235/262/45 5234/834/45
f 5234/834/45 5235/262/45 5237/875/45
f 5239/1004/45 5236/544/45 5238/833/45
f 5238/833/45 5236/544/45 5234/834/45
f 5854/911/45 5853/878/45 5237/875/45
f 5242/879/45 5243/880/45 5244/875/45
f 5242/879/45 5244/875/45 5245/864/45
f 5192/1001/45 5239/1004/45 5861/949/45
f 5246/881/45 5247/882/45 5248/880/45
f 5246/881/45 5248/880/45 5249/879/45
f 5193/1000/45 5195/1002/45 5250/883/45
f 5239/1004/45 5238/833/45 5240/884/45
f 5853/878/45 5234/834/45 5237/875/45
f 5277/1005/767 5278/1006/767 5279/1007/767
f 5277/1005/767 5279/1007/767 5280/1008/767
f 5281/1009/768 5282/1010/768 5283/1011/768
f 5281/1009/768 5283/1011/768 5284/1012/768
f 5285/845/769 5286/1013/769 5287/1014/769
f 5285/845/769 5287/1014/769 5288/846/769
f 5289/1015/770 5290/1016/770 5291/1017/770
f 5289/1015/770 5291/1017/770 5292/1018/770
f 5293/1019/771 5294/1015/771 5295/1018/771
f 5293/1019/771 5295/1018/771 5296/1020/771
f 5297/1021/772 5298/1019/772 5299/1020/772
f 5297/1021/773 5299/1020/773 5300/1022/773
f 5301/1023/774 5302/1021/774 5303/1022/774
f 5301/1023/774 5303/1022/774 5304/1024/774
f 5305/1025/775 5306/1023/775 5307/1024/775
f 5305/1025/775 5307/1024/775 5308/1026/775
f 5309/1005/776 5310/1025/776 5311/1026/776
f 5309/1005/777 5311/1026/777 5312/1006/777
f 5313/1027/778 5314/1028/778 5315/1029/778
s 1
f 5313/1027/779 5315/1029/779 5316/1030/779
s 0
f 5317/1028/780 5318/1031/780 5319/1032/780
f 5317/1028/780 5319/1032/780 5320/1029/780
f 5321/1031/781 5322/1033/781 5323/1034/781
f 5321/1031/781 5323/1034/781 5324/1032/781
f 5325/1033/782 5326/1035/782 5327/1036/782
f 5325/1033/782 5327/1036/782 5328/1034/782
f 5329/1035/783 5330/1009/783 5331/1012/783
f 5329/1035/783 5331/1012/783 5332/1036/783
f 5333/1037/784 5334/1008/784 5335/1007/784
f 5333/1037/784 5335/1007/784 5336/1038/784
f 5337/1039/785 5338/1014/785 5339/1040/785
f 5337/1039/786 5339/1040/786 5340/1041/786
f 5341/1042/787 5342/1039/787 5343/1041/787
f 5341/1042/787 5343/1041/787 5344/1043/787
f 5345/1044/788 5346/1042/788 5347/1043/788
f 5345/1044/788 5347/1043/788 5348/1045/788
f 5349/1046/789 5350/1037/789 5351/1038/789
f 5349/1046/789 5351/1038/789 5352/1047/789
f 5353/1048/790 5354/1046/790 5355/1047/790
s 1
f 5353/1048/790 5355/1047/790 5356/1049/790
s 0
f 5357/1050/791 5358/1044/791 5359/1045/791
f 5357/1050/791 5359/1045/791 5360/1051/791
f 5361/1013/792 5362/1052/792 5363/1053/792
f 5361/1013/793 5363/1053/793 5364/1054/793
f 5365/1052/794 5366/1027/794 5367/1030/794
f 5365/1052/795 5367/1030/795 5368/1053/795
f 5369/1055/796 5370/1048/796 5371/1049/796
f 5369/1055/796 5371/1049/796 5372/1056/796
f 5373/1057/797 5374/1055/797 5375/1056/797
f 5373/1057/797 5375/1056/797 5376/1058/797
f 5377/1059/798 5378/1057/798 5379/1058/798
f 5377/1059/799 5379/1058/799 5380/1060/799
f 5381/1010/800 5382/1059/800 5383/1060/800
f 5381/1010/800 5383/1060/800 5384/1011/800
f 5385/1061/801 5386/1050/801 5387/1051/801
f 5385/1061/801 5387/1051/801 5388/1062/801
f 5389/1063/802 5390/1061/802 5391/1062/802
f 5389/1063/802 5391/1062/802 5392/1064/802
f 5393/1065/803 5394/1063/803 5395/1064/803
f 5393/1065/803 5395/1064/803 5396/1066/803
f 5397/1016/804 5398/1065/804 5399/1066/804
f 5397/1016/804 5399/1066/804 5400/1017/804
f 5423/905/805 5424/903/805 5425/1005/805
f 5423/905/805 5425/1005/805 5426/1008/805
f 5431/1067/806 5432/1065/806 5433/1016/806
f 5434/850/807 5435/849/807 5436/1063/807
f 5434/850/807 5436/1063/807 5437/1065/807
f 5438/849/808 5439/893/808 5440/1061/808
f 5438/849/808 5440/1061/808 5441/1063/808
f 5442/893/809 5443/892/809 5444/1050/809
f 5442/893/810 5444/1050/810 5445/1061/810
f 5446/1068/811 5447/1069/811 5448/1059/811
f 5446/1068/812 5448/1059/812 5449/1010/812
f 5450/1069/813 5451/1070/813 5452/1057/813
f 5450/1069/813 5452/1057/813 5453/1059/813
f 5454/1070/814 5455/1071/814 5456/1055/814
f 5454/1070/815 5456/1055/815 5457/1057/815
f 5458/1071/816 5459/1072/816 5460/1048/816
f 5458/1071/816 5460/1048/816 5461/1055/816
f 5462/1073/817 5463/1074/817 5464/1027/817
f 5462/1073/817 5464/1027/817 5465/1052/817
f 5466/845/818 5467/1073/818 5468/1052/818
f 5466/845/818 5468/1052/818 5469/1013/818
f 5470/1014/819 5471/1013/819 5472/1054/819
f 5470/1014/819 5472/1054/819 5473/1040/819
f 5474/892/820 5475/895/820 5476/1044/820
f 5474/892/820 5476/1044/820 5477/1050/820
f 5478/1072/821 5479/1075/821 5480/1046/821
f 5478/1072/821 5480/1046/821 5481/1048/821
f 5482/1075/822 5483/1076/822 5484/1037/822
f 5482/1075/822 5484/1037/822 5485/1046/822
f 5486/895/823 5487/897/823 5488/1042/823
f 5486/895/823 5488/1042/823 5489/1044/823
f 5490/897/824 5491/900/824 5492/1039/824
f 5490/897/825 5492/1039/825 5493/1042/825
f 5494/900/826 5495/846/826 5496/1014/826
f 5494/900/826 5496/1014/826 5497/1039/826
f 5498/1076/827 5499/905/827 5500/1008/827
f 5498/1076/827 5500/1008/827 5501/1037/827
f 5502/1077/828 5503/1078/828 5504/1009/828
f 5502/1077/829 5504/1009/829 5505/1035/829
f 5506/1079/830 5507/1077/830 5508/1035/830
f 5506/1079/830 5508/1035/830 5509/1033/830
f 5510/1080/831 5511/1079/831 5512/1033/831
f 5510/1080/831 5512/1033/831 5513/1031/831
f 5514/1081/832 5515/1080/832 5516/1031/832
f 5514/1081/833 5516/1031/833 5517/1028/833
f 5518/1074/834 5519/1081/834 5520/1028/834
f 5518/1074/834 5520/1028/834 5521/1027/834
f 5522/903/835 5523/899/835 5524/1025/835
f 5522/903/835 5524/1025/835 5525/1005/835
f 5526/899/836 5527/842/836 5528/1023/836
f 5526/899/836 5528/1023/836 5529/1025/836
f 5530/842/837 5531/840/837 5532/1021/837
f 5530/842/837 5532/1021/837 5533/1023/837
f 5534/840/838 5535/839/838 5536/1019/838
f 5534/840/838 5536/1019/838 5537/1021/838
f 5538/839/839 5539/887/839 5540/1015/839
f 5538/839/839 5540/1015/839 5541/1019/839
f 5542/887/840 5543/904/840 5544/1016/840
f 5542/887/840 5544/1016/840 5545/1015/840
f 5546/1078/841 5547/1068/841 5548/1010/841
f 5546/1078/841 5548/1010/841 5549/1009/841
f 5193/1000/45 5250/883/45 5550/1082/45
f 5551/556/45 5552/690/45 5553/1082/45
f 5551/556/45 5553/1082/45 5554/868/45
f 5555/907/45 5556/910/45 5557/909/45
f 5555/907/45 5557/909/45 5558/908/45
f 5559/562/45 5560/915/45 5561/914/45
f 5559/562/45 5561/914/45 5562/558/45
f 5563/916/45 5564/919/45 5565/918/45
f 5563/916/45 5565/918/45 5566/917/45
f 5569/919/45 5570/921/45 5571/920/45
f 5569/919/45 5571/920/45 5572/918/45
f 5573/598/45 5574/868/45 5575/915/45
f 5573/598/45 5575/915/45 5576/562/45
f 5250/883/45 5195/1002/45 5577/1083/45
f 5578/1082/45 5579/1084/45 5580/923/45
f 5578/1082/45 5580/923/45 5581/1085/45
f 5582/1084/45 5583/883/45 5584/1083/45
f 5582/1084/45 5584/1083/45 5585/923/45
f 5586/868/45 5550/1082/45 5587/1085/45
f 5586/868/45 5587/1085/45 5588/915/45
s 1
f 5589/1086/842 5590/928/842 5591/928/842
s 0
f 5589/1086/842 5591/928/842 5592/1086/842
f 5593/941/843 5594/924/843 5595/924/843
f 5593/941/843 5595/924/843 5596/941/843
f 5597/1087/844 5598/1086/844 5599/1086/844
f 5597/1087/844 5599/1086/844 5600/1087/844
f 5601/937/845 5602/941/845 5603/941/845
f 5601/937/845 5603/941/845 5604/937/845
f 5605/1088/846 5606/1087/846 5607/1087/846
f 5605/1088/846 5607/1087/846 5608/1088/846
f 5609/938/847 5610/937/847 5611/937/847
f 5609/938/847 5611/937/847 5612/938/847
f 5613/1089/848 5614/1088/848 5615/1088/848
f 5613/1089/848 5615/1088/848 5616/1089/848
f 5617/943/849 5618/938/849 5619/938/849
f 5617/943/849 5619/938/849 5620/943/849
f 5621/1090/850 5622/1089/850 5623/1089/850
f 5621/1090/850 5623/1089/850 5624/1090/850
f 5625/947/851 5626/945/851 5627/945/851
f 5625/947/851 5627/945/851 5628/947/851
f 5629/945/4 5630/943/4 5631/943/4
f 5629/945/4 5631/943/4 5632/945/4
f 5633/933/852 5634/947/852 5635/947/852
f 5633/933/852 5635/947/852 5636/933/852
f 5637/1091/853 5638/1092/853 5639/1093/853
f 5637/1091/853 5639/1093/853 5640/1090/853
f 5641/1094/854 5642/1095/854 5643/945/854
f 5641/1094/855 5643/945/855 5644/943/855
f 5645/1096/856 5646/1091/856 5647/1090/856
f 5645/1096/857 5647/1090/857 5648/1089/857
f 5649/1097/858 5650/1096/858 5651/1089/858
f 5649/1097/858 5651/1089/858 5652/1088/858
f 5653/1098/859 5654/1097/859 5655/1088/859
s 1
f 5653/1098/860 5655/1088/860 5656/1087/860
s 0
f 5657/1099/861 5658/1098/861 5659/1087/861
f 5657/1099/861 5659/1087/861 5660/1086/861
s 1
f 5661/1100/862 5662/1099/862 5663/1086/863
f 5661/1100/862 5663/1086/863 5664/928/862
f 5665/1101/864 5666/1102/864 5667/923/864
f 5665/1101/864 5667/923/864 5668/931/864
s 0
f 5669/1103/865 5670/1101/865 5671/931/865
f 5669/1103/865 5671/931/865 5672/1104/865
f 5673/1105/866 5674/1103/866 5675/1104/866
f 5673/1105/867 5675/1104/867 5676/1106/867
f 5677/1092/868 5678/1105/868 5679/1106/868
f 5677/1092/869 5679/1106/869 5680/1093/869
s 1
f 5681/1107/870 5682/1100/871 5683/928/871
f 5681/1107/870 5683/928/871 5684/927/870
s 0
f 5685/1108/872 5686/1107/872 5687/927/872
f 5685/1108/873 5687/927/873 5688/934/873
f 5689/1109/874 5690/1108/874 5691/934/874
f 5689/1109/875 5691/934/875 5692/933/875
f 5693/1110/876 5694/1109/876 5695/933/876
f 5693/1110/877 5695/933/877 5696/947/877
s 1
f 5697/1095/878 5698/1110/879 5699/947/879
f 5697/1095/878 5699/947/879 5700/945/880
f 5701/1111/881 5702/1094/882 5703/943/881
f 5701/1111/881 5703/943/881 5704/938/881
f 5705/1112/883 5706/1111/883 5707/938/883
f 5705/1112/883 5707/938/883 5708/937/883
s 0
f 5709/1113/884 5710/1112/884 5711/937/884
f 5709/1113/885 5711/937/885 5712/941/885
f 5713/1114/886 5714/1113/886 5715/941/886
f 5713/1114/886 5715/941/886 5716/924/886
s 1
f 5717/1102/887 5718/1114/887 5719/924/887
f 5717/1102/887 5719/924/887 5720/923/887
s 0
f 5721/924/888 5722/923/888 5723/923/888
f 5721/924/888 5723/923/888 5724/924/888
f 5725/923/889 5726/931/889 5727/931/889
f 5725/923/889 5727/931/889 5728/923/889
f 5729/931/890 5730/1104/890 5731/1104/890
f 5729/931/891 5731/1104/891 5732/931/891
f 5733/1104/892 5734/1106/892 5735/1106/892
f 5733/1104/892 5735/1106/892 5736/1104/892
f 5737/1106/893 5738/1093/893 5739/1093/893
f 5737/1106/893 5739/1093/893 5740/1106/893
f 5741/928/894 5742/927/894 5743/927/894
f 5741/928/894 5743/927/894 5744/928/894
f 5745/927/895 5746/934/895 5747/934/895
f 5745/927/895 5747/934/895 5748/927/895
f 5749/1093/5 5750/1090/5 5751/1090/5
f 5749/1093/5 5751/1090/5 5752/1093/5
f 5753/934/896 5754/933/896 5755/933/896
f 5753/934/896 5755/933/896 5756/934/896
s 1
f 5757/926/897 5758/925/897 5759/1114/897
f 5757/926/897 5759/1114/897 5760/1102/897
s 0
f 5761/925/898 5762/942/898 5763/1113/898
f 5761/925/899 5763/1113/899 5764/1114/899
f 5765/942/900 5766/940/900 5767/1112/900
f 5765/942/900 5767/1112/900 5768/1113/900
s 1
f 5769/940/901 5770/939/901 5771/1111/901
f 5769/940/901 5771/1111/901 5772/1112/901
f 5773/939/902 5774/944/902 5775/1094/903
f 5773/939/902 5775/1094/903 5776/1111/902
f 5777/946/904 5778/948/905 5779/1110/905
f 5777/946/904 5779/1110/905 5780/1095/905
s 0
f 5781/948/906 5782/936/906 5783/1109/906
f 5781/948/907 5783/1109/907 5784/1110/907
f 5785/936/908 5786/935/908 5787/1108/908
f 5785/936/908 5787/1108/908 5788/1109/908
f 5789/935/909 5790/930/909 5791/1107/909
f 5789/935/910 5791/1107/910 5792/1108/910
s 1
f 5793/930/911 5794/929/911 5795/1100/911
f 5793/930/911 5795/1100/911 5796/1107/911
s 0
f 5797/1115/912 5798/1116/912 5799/1105/912
f 5797/1115/913 5799/1105/913 5800/1092/913
f 5801/1116/914 5802/1117/914 5803/1103/914
f 5801/1116/915 5803/1103/915 5804/1105/915
f 5805/1117/916 5806/932/916 5807/1101/916
f 5805/1117/916 5807/1101/916 5808/1103/916
s 1
f 5809/932/917 5810/926/917 5811/1102/917
f 5809/932/917 5811/1102/917 5812/1101/917
f 5813/929/918 5814/1118/919 5815/1099/920
f 5813/929/918 5815/1099/920 5816/1100/920
s 0
f 5817/1118/921 5818/1119/921 5819/1098/921
f 5817/1118/921 5819/1098/921 5820/1099/921
f 5821/1119/922 5822/1120/922 5823/1097/922
f 5821/1119/923 5823/1097/923 5824/1098/923
f 5825/1120/924 5826/1121/924 5827/1096/924
f 5825/1120/925 5827/1096/925 5828/1097/925
f 5829/1121/926 5830/1122/926 5831/1091/926
f 5829/1121/926 5831/1091/926 5832/1096/926
f 5833/944/853 5834/946/853 5835/1095/853
f 5833/944/853 5835/1095/853 5836/1094/853
f 5837/1122/855 5838/1115/855 5839/1092/855
f 5837/1122/855 5839/1092/855 5840/1091/855
f 5841/960/45 5842/963/45 5843/962/45
f 5841/960/45 5843/962/45 5844/961/45
f 5845/963/45 5846/965/45 5847/964/45
f 5845/963/45 5847/964/45 5848/962/45
f 5849/966/45 5850/960/45 5851/961/45
f 5849/966/45 5851/961/45 5852/967/45
f 5239/1004/45 5240/884/45 5853/878/45
f 5241/1123/45 5239/1004/45 5853/878/45
f 5241/1123/45 5853/878/45 5854/911/45
f 5855/965/45 5856/970/45 5857/969/45
f 5855/965/45 5857/969/45 5858/964/45
f 5192/1001/45 5861/949/45 5194/970/45
f 5195/1002/45 5194/970/45 5859/966/45
f 5860/880/45 5854/911/45 5237/875/45
f 5239/1004/45 5241/1123/45 5861/949/45
f 5862/984/45 5863/863/45 5864/921/45
f 5862/984/45 5864/921/45 5865/919/45
f 5866/985/45 5867/984/45 5868/919/45
f 5866/985/45 5868/919/45 5869/916/45
f 5870/986/45 5871/987/45 5872/910/45
f 5870/986/45 5872/910/45 5873/907/45
f 5874/908/45 5875/909/45 5876/882/45
f 5874/908/45 5876/882/45 5877/881/45
f 5878/918/45 5879/920/45 5880/854/45
f 5878/918/45 5880/854/45 5881/851/45
f 5882/964/45 5883/969/45 5884/987/45
f 5882/964/45 5884/987/45 5885/986/45
f 5886/967/45 5887/961/45 5888/984/45
f 5886/967/45 5888/984/45 5889/985/45
f 5890/962/45 5891/964/45 5892/986/45
f 5890/962/45 5892/986/45 5893/863/45
f 5894/961/45 5895/962/45 5896/863/45
f 5894/961/45 5896/863/45 5897/984/45
f 5900/1124/927 5901/1119/927 5902/1119/927
f 5900/1124/927 5902/1119/927 5903/1118/927
f 5904/270/928 5905/873/928 5906/873/928
f 5904/270/928 5906/873/928 5907/270/928
f 5908/555/723 5909/550/723 5910/550/723
f 5908/555/723 5910/550/723 5911/555/723
f 5912/562/723 5913/598/723 5914/598/723
f 5912/562/723 5914/598/723 5915/562/723
f 5916/850/929 5917/849/929 5918/849/929
f 5916/850/929 5918/849/929 5919/850/929
f 5920/1125/930 5921/932/930 5922/932/930
f 5920/1125/930 5922/932/930 5923/1117/930
f 5924/558/723 5925/558/723 5926/601/723
f 5927/930/931 5928/929/931 5929/929/931
f 5927/930/931 5929/929/931 5930/930/931
f 5933/1116/932 5934/1125/932 5935/1117/932
f 5933/1116/932 5935/1117/932 5936/1116/932
f 5937/935/933 5938/930/933 5939/930/933
f 5937/935/933 5939/930/933 5940/935/933
f 5941/1115/934 5942/1116/934 5943/1116/934
f 5941/1115/934 5943/1116/934 5944/1115/934
f 5945/873/928 5946/861/928 5947/861/928
f 5945/873/928 5947/861/928 5948/873/928
f 5949/936/935 5950/935/935 5951/935/935
f 5949/936/935 5951/935/935 5952/936/935
f 5953/610/936 5954/609/936 5955/609/936
f 5953/610/936 5955/609/936 5956/610/936
f 5957/543/5 5958/553/5 5959/553/5
f 5957/543/5 5959/553/5 5960/543/5
f 5961/948/937 5962/936/937 5963/936/937
f 5961/948/937 5963/936/937 5964/948/937
f 5965/598/723 5966/557/723 5967/557/723
f 5965/598/723 5967/557/723 5968/598/723
f 5969/946/938 5970/948/938 5971/948/938
f 5969/946/938 5971/948/938 5972/946/938
f 5973/301/939 5974/860/939 5975/860/939
f 5973/301/939 5975/860/939 5976/301/939
f 5977/939/940 5978/944/940 5979/944/940
f 5977/939/940 5979/944/940 5980/939/940
f 5981/251/939 5982/250/939 5983/250/939
f 5981/251/939 5983/250/939 5984/251/939
f 5985/564/941 5986/542/941 5987/542/941
f 5985/564/941 5987/542/941 5988/564/941
f 5989/940/942 5990/939/942 5991/939/942
f 5989/940/942 5991/939/942 5992/940/942
f 5993/689/943 5994/565/943 5995/565/943
f 5993/689/943 5995/565/943 5996/689/943
f 5997/942/944 5998/940/944 5999/940/944
f 5997/942/944 5999/940/944 6000/942/944
f 6001/1126/945 6002/1127/945 6003/1127/945
f 6001/1126/945 6003/1127/945 6004/1126/945
f 6005/925/946 6006/942/946 6007/942/946
f 6005/925/946 6007/942/946 6008/925/946
f 6009/926/947 6010/925/947 6011/925/947
f 6009/926/947 6011/925/947 6012/926/947
f 6013/611/936 6014/610/936 6015/610/936
f 6013/611/936 6015/610/936 6016/611/936
f 6017/542/948 6018/541/948 6019/541/948
f 6017/542/948 6019/541/948 6020/542/948
f 6021/1128/949 6022/1126/949 6023/1126/949
f 6021/1128/949 6023/1126/949 6024/1128/949
f 6025/1129/936 6026/1130/936 6027/1130/936
f 6025/1129/936 6027/1130/936 6028/1129/936
f 6029/1131/936 6030/611/936 6031/611/936
f 6029/1131/936 6031/611/936 6032/1131/936
f 6033/250/939 6034/265/939 6035/265/939
f 6033/250/939 6035/265/939 6036/250/939
f 6037/565/943 6038/564/943 6039/564/943
f 6037/565/943 6039/564/943 6040/565/943
f 6041/1132/939 6042/1133/939 6043/1133/939
f 6041/1132/939 6043/1133/939 6044/1132/939
f 6045/861/928 6046/301/928 6047/301/928
f 6045/861/928 6047/301/928 6048/861/928
f 6049/265/939 6050/441/939 6051/441/939
f 6049/265/939 6051/441/939 6052/265/939
f 6053/856/5 6054/260/5 6055/260/5
f 6053/856/5 6055/260/5 6056/552/5
f 6057/874/723 6058/833/723 6059/833/723
f 6057/874/723 6059/833/723 6060/834/723
f 6061/612/936 6062/1134/936 6063/1134/936
f 6061/612/936 6063/1134/936 6064/612/936
f 6065/549/723 6066/601/723 6067/601/723
f 6065/549/723 6067/601/723 6068/549/723
f 6069/1135/936 6070/1129/936 6071/1129/936
f 6069/1135/936 6071/1129/936 6072/1135/936
f 6073/1134/936 6074/1131/936 6075/1131/936
f 6073/1134/936 6075/1131/936 6076/1134/936
f 6077/256/939 6078/291/939 6079/291/939
f 6077/256/939 6079/291/939 6080/256/939
f 6081/885/950 6082/874/950 6083/834/950
f 6081/885/950 6083/834/950 6084/835/950
f 6085/690/943 6086/689/943 6087/689/943
f 6085/690/943 6087/689/943 6088/690/943
f 6089/833/939 6090/832/939 6091/832/939
f 6089/833/939 6091/832/939 6092/833/939
f 6093/1133/939 6094/1136/939 6095/1136/939
f 6093/1133/939 6095/1136/939 6096/1133/939
f 6097/862/939 6098/270/939 6099/270/939
f 6097/862/939 6099/270/939 6100/862/939
f 6101/1078/951 6102/1068/951 6103/1068/951
f 6101/1078/951 6103/1068/951 6104/1078/951
f 6105/441/939 6106/256/939 6107/256/939
f 6105/441/939 6107/256/939 6108/441/939
f 6109/864/939 6110/862/939 6111/862/939
f 6109/864/939 6111/862/939 6112/864/939
f 6113/887/952 6114/904/952 6115/904/952
f 6113/887/952 6115/904/952 6116/887/952
f 6117/613/936 6118/612/936 6119/612/936
f 6117/613/936 6119/612/936 6120/613/936
f 6121/875/939 6122/864/939 6123/864/939
f 6121/875/939 6123/864/939 6124/875/939
f 6125/839/953 6126/887/953 6127/887/953
f 6125/839/953 6127/887/953 6128/839/953
f 6129/840/954 6130/839/954 6131/839/954
f 6129/840/954 6131/839/954 6132/840/954
f 6133/832/928 6134/885/928 6135/835/928
f 6133/832/928 6135/835/928 6136/832/928
f 6137/842/955 6138/840/955 6139/840/955
f 6137/842/955 6139/840/955 6140/842/955
f 6141/291/939 6142/244/939 6143/244/939
f 6141/291/939 6143/244/939 6144/291/939
f 6145/899/956 6146/842/956 6147/842/956
f 6145/899/956 6147/842/956 6148/899/956
f 6149/558/723 6150/562/723 6151/562/723
f 6149/558/723 6151/562/723 6152/558/723
f 6153/903/957 6154/899/957 6155/899/957
f 6153/903/957 6155/899/957 6156/903/957
f 6157/1074/958 6158/1081/958 6159/1081/958
f 6157/1074/958 6159/1081/958 6160/1074/958
f 6161/1130/936 6162/615/936 6163/615/936
f 6161/1130/936 6163/615/936 6164/1130/936
f 6165/1081/959 6166/1080/959 6167/1080/959
f 6165/1081/959 6167/1080/959 6168/1081/959
f 6169/615/936 6170/613/936 6171/613/936
f 6169/615/936 6171/613/936 6172/615/936
f 6173/1080/960 6174/1079/960 6175/1079/960
f 6173/1080/960 6175/1079/960 6176/1080/960
f 6177/860/939 6178/828/939 6179/828/939
f 6177/860/939 6179/828/939 6180/860/939
f 6181/1079/961 6182/1077/961 6183/1077/961
f 6181/1079/961 6183/1077/961 6184/1079/961
f 6185/556/943 6186/690/943 6187/690/943
f 6185/556/943 6187/690/943 6188/556/943
f 6189/1137/939 6190/1132/939 6191/1132/939
f 6189/1137/939 6191/1132/939 6192/1137/939
f 6193/1077/962 6194/1078/962 6195/1078/962
f 6193/1077/962 6195/1078/962 6196/1077/962
s 1
f 6197/1076/963 6198/905/963 6199/905/963
s 0
f 6197/1076/963 6199/905/963 6200/1076/963
f 6201/900/964 6202/846/964 6203/846/964
f 6201/900/964 6203/846/964 6204/900/964
f 6205/244/939 6206/1137/939 6207/1137/939
f 6205/244/939 6207/1137/939 6208/244/939
f 6209/897/965 6210/900/965 6211/900/965
f 6209/897/965 6211/900/965 6212/897/965
f 6213/895/966 6214/897/966 6215/897/966
f 6213/895/966 6215/897/966 6216/895/966
f 6217/1075/967 6218/1076/967 6219/1076/967
f 6217/1075/967 6219/1076/967 6220/1075/967
f 6221/1138/936 6222/1135/936 6223/1135/936
f 6221/1138/936 6223/1135/936 6224/1138/936
f 6225/1072/968 6226/1075/968 6227/1075/968
f 6225/1072/968 6227/1075/968 6228/1072/968
s 1
f 6229/892/969 6230/895/969 6231/895/969
f 6229/892/969 6231/895/969 6232/892/969
s 0
f 6233/609/936 6234/544/936 6235/544/936
f 6233/609/936 6235/544/936 6236/609/936
f 6237/1136/939 6238/1139/939 6239/1139/939
f 6237/1136/939 6239/1139/939 6240/1136/939
f 6241/620/936 6242/1138/936 6243/1138/936
f 6241/620/936 6243/1138/936 6244/620/936
f 6245/846/928 6246/845/928 6247/845/928
f 6245/846/928 6247/845/928 6248/846/928
f 6249/944/928 6250/946/928 6251/946/928
f 6249/944/928 6251/946/928 6252/944/928
f 6253/828/939 6254/545/939 6255/545/939
f 6253/828/939 6255/545/939 6256/828/939
f 6257/845/970 6258/1073/970 6259/1073/970
f 6257/845/970 6259/1073/970 6260/845/970
f 6261/262/939 6262/251/939 6263/251/939
f 6261/262/939 6263/251/939 6264/262/939
f 6265/557/971 6266/556/971 6267/556/971
f 6265/557/971 6267/556/971 6268/557/971
f 6269/1073/972 6270/1074/972 6271/1074/972
f 6269/1073/972 6271/1074/972 6272/1073/972
f 6273/545/723 6274/555/723 6275/555/723
f 6273/545/723 6275/555/723 6276/545/723
f 6277/1139/939 6278/875/939 6279/875/939
f 6277/1139/939 6279/875/939 6280/1139/939
f 6281/1071/973 6282/1072/973 6283/1072/973
f 6281/1071/973 6283/1072/973 6284/1071/973
f 6285/588/936 6286/620/936 6287/620/936
f 6285/588/936 6287/620/936 6288/588/936
f 6289/1070/974 6290/1071/974 6291/1071/974
f 6289/1070/974 6291/1071/974 6292/1070/974
f 6293/541/936 6294/588/936 6295/588/936
f 6293/541/936 6295/588/936 6296/541/936
f 6297/1122/975 6298/1115/975 6299/1115/975
f 6297/1122/975 6299/1115/975 6300/1122/975
f 6301/1069/976 6302/1070/976 6303/1070/976
f 6301/1069/976 6303/1070/976 6304/1069/976
s 1
f 6305/929/977 6306/1118/978 6307/1118/977
f 6305/929/977 6307/1118/977 6308/929/978
s 0
f 6309/553/5 6310/856/5 6311/552/5
f 6309/553/5 6311/552/5 6312/553/5
s 1
f 6313/544/979 6314/543/979 6315/543/979
f 6313/544/979 6315/543/979 6316/544/979
s 0
f 6317/1140/980 6318/1122/980 6319/1122/980
f 6317/1140/980 6319/1122/980 6320/1121/980
s 1
f 6321/932/981 6322/926/981 6323/926/981
f 6321/932/981 6323/926/981 6324/932/981
s 0
f 6325/1068/982 6326/1069/982 6327/1069/982
f 6325/1068/982 6327/1069/982 6328/1068/982
f 6329/601/723 5924/558/723 5926/601/723
f 6330/1141/983 6331/1140/983 6332/1121/983
f 6330/1141/983 6332/1121/983 6333/1120/983
f 6334/893/984 6335/892/984 6336/892/984
f 6334/893/985 6336/892/985 6337/893/985
f 6338/1119/986 6339/1141/986 6340/1120/986
f 6338/1119/986 6340/1120/986 6341/1119/986
f 6342/550/723 6343/549/723 6344/549/723
f 6342/550/723 6344/549/723 6345/550/723
f 6346/849/987 6347/893/987 6348/893/987
f 6346/849/987 6348/893/987 6349/849/987
s 1
f 6350/260/988 6351/262/988 6352/262/988
f 6350/260/988 6352/262/988 6353/260/988
s 0
f 6354/1142/989 6355/902/989 6356/903/989
f 6354/1142/989 6356/903/989 6357/905/989
f 6358/1143/990 6359/1142/990 6360/905/990
f 6358/1143/990 6360/905/990 6361/1076/990
f 6362/1144/991 6363/1143/991 6364/1076/991
f 6362/1144/991 6364/1076/991 6365/1075/991
f 6366/1145/992 6367/1144/992 6368/1075/992
f 6366/1145/992 6368/1075/992 6369/1072/992
f 6370/1146/993 6371/1145/993 6372/1072/993
f 6370/1146/993 6372/1072/993 6373/1071/993
f 6374/1147/994 6375/1146/994 6376/1071/994
f 6374/1147/994 6376/1071/994 6377/1070/994
f 6378/1148/995 6379/1147/995 6380/1070/995
f 6378/1148/995 6380/1070/995 6381/1069/995
f 6382/1149/996 6383/1148/996 6384/1069/996
f 6382/1149/996 6384/1069/996 6385/1068/996
f 6386/1150/997 6387/1149/997 6388/1068/997
f 6386/1150/998 6388/1068/998 6389/1078/998
f 6390/1151/999 6391/1150/999 6392/1078/999
f 6390/1151/1000 6392/1078/1000 6393/1077/1000
f 6394/1152/1001 6395/1151/1001 6396/1077/1001
f 6394/1152/1001 6396/1077/1001 6397/1079/1001
f 6398/1153/1002 6399/1152/1002 6400/1079/1002
f 6398/1153/1003 6400/1079/1003 6401/1080/1003
f 6402/1154/1004 6403/1153/1004 6404/1080/1004
f 6402/1154/1004 6404/1080/1004 6405/1081/1004
f 6406/1155/1005 6407/1154/1005 6408/1081/1005
f 6406/1155/1006 6408/1081/1006 6409/1074/1006
f 6410/1156/1007 6411/1155/1007 6412/1074/1007
f 6410/1156/1007 6412/1074/1007 6413/1073/1007
f 6414/844/1008 6415/1156/1008 6416/1073/1008
f 6414/844/1008 6416/1073/1008 6417/845/1008
s 1
f 6418/1086/1009 6419/928/1010 6420/929/1011
f 6418/1086/1009 6420/929/1011 6421/1118/1010
s 0
f 6422/1087/1012 6423/1086/1012 6424/1118/1012
f 6422/1087/1012 6424/1118/1012 6425/1119/1012
f 6426/1088/1013 6427/1087/1013 6428/1119/1013
f 6426/1088/1013 6428/1119/1013 6429/1141/1013
f 6430/1090/1014 6431/1093/1014 6432/1115/1014
s 1
f 6430/1090/1014 6432/1115/1014 6433/1122/1014
s 0
f 6434/1089/1015 6435/1090/1015 6436/1122/1015
f 6434/1089/1015 6436/1122/1015 6437/1140/1015
f 6438/1089/1016 6439/1088/1016 6440/1141/1016
f 6438/1089/1016 6440/1141/1016 6441/1140/1016
f 6442/1093/1017 6443/1106/1017 6444/1116/1017
f 6442/1093/1017 6444/1116/1017 6445/1115/1017
f 6446/1106/1018 6447/1104/1018 6448/1125/1018
f 6446/1106/1018 6448/1125/1018 6449/1116/1018
f 6450/1104/1019 6451/931/1019 6452/932/1019
f 6450/1104/1019 6452/932/1019 6453/1125/1019
f 6454/833/4 6455/834/4 4657/834/4
f 6454/833/4 4657/834/4 4656/833/4
f 6456/834/37 6457/835/37 4655/835/37
f 6456/834/37 4655/835/37 4654/834/37
f 6458/835/5 6459/832/5 4653/832/5
f 6458/835/5 4653/832/5 4652/835/5
f 6460/832/40 6461/833/40 4647/833/40
f 6460/832/40 4647/833/40 4646/832/40
f 6465/827/45 6463/827/45 6464/827/45
f 6463/827/45 6465/827/45 6462/827/45
f 6468/827/45 6466/827/45 6467/827/45
f 6466/827/45 6468/827/45 6469/827/45
f 6471/827/45 6472/827/45 6473/827/45
f 6471/827/45 6473/827/45 6470/827/45
f 6476/867/46 6474/550/46 6475/555/46
f 6474/550/46 6476/867/46 6477/869/46
f 6479/859/46 6480/861/46 6478/872/46
f 6478/872/46 6480/861/46 6481/873/46
f 6483/872/46 6484/1157/46 6485/1158/46
f 6483/872/46 6485/1158/46 6486/1159/46
f 6483/872/46 6486/1159/46 6482/1160/46
f 6489/860/46 6487/867/46 6488/828/46
f 6487/867/46 6489/860/46 6490/859/46
f 6492/872/46 6494/870/46 6491/869/46
f 6494/870/46 6492/872/46 6493/871/46
f 6496/859/46 6500/1161/46 6495/1150/46
f 6500/1161/46 6496/859/46 6499/1162/46
f 6499/1162/46 6496/859/46 6498/1143/46
f 6498/1143/46 6496/859/46 6497/1142/46
f 6502/867/46 6507/1163/46 6501/844/46
f 6507/1163/46 6502/867/46 6506/1154/46
f 6506/1154/46 6502/867/46 6505/1153/46
f 6505/1153/46 6502/867/46 6504/1164/46
f 6504/1164/46 6502/867/46 6503/1150/46
f 6510/1165/46 6508/869/46 6509/843/46
f 6508/869/46 6510/1165/46 6511/1166/46
f 6508/869/46 6511/1166/46 6512/890/46
f 6508/869/46 6512/890/46 6513/1167/46
f 6515/878/46 6516/885/46 6514/884/46
f 6514/884/46 6516/885/46 6517/832/46
f 6520/1168/1020 6518/915/1020 6519/914/1020
f 6518/915/46 6520/1168/46 6521/1085/46
f 6523/931/46 6526/1083/46 6522/923/46
f 6526/1083/46 6523/931/46 6524/1104/46
f 6526/1083/46 6524/1104/46 6525/1169/46
f 6527/1085/46 6530/924/46 6531/923/46
f 6530/924/46 6527/1085/46 6529/1170/46
f 6529/1170/46 6527/1085/46 6528/1171/46
f 6534/917/46 6532/1083/46 6533/1172/46
f 6532/1083/46 6534/917/46 6535/1173/46
f 6537/1172/46 6540/1174/46 6536/928/46
f 6540/1174/46 6537/1172/46 6539/1088/46
f 6539/1088/46 6537/1172/46 6538/1175/46
f 6542/1176/46 6545/1177/46 6541/945/46
f 6545/1177/46 6542/1176/46 6544/934/46
f 6544/934/46 6542/1176/46 6543/1178/46
f 6547/869/45 6549/555/45 6546/550/45
f 6549/555/45 6547/869/45 6548/1179/45
f 6550/872/45 6551/873/45 6553/859/45
f 6553/859/45 6551/873/45 6552/861/45
f 6557/1157/45 6558/872/45 6556/1180/45
f 6556/1180/45 6558/872/45 6555/1159/45
f 6555/1159/45 6558/872/45 6554/1181/45
f 6560/859/45 6562/828/45 6559/867/45
f 6562/828/45 6560/859/45 6561/860/45
f 6566/869/45 6563/870/45 6565/872/45
f 6565/872/45 6563/870/45 6564/871/45
f 6568/1182/1021 6572/859/1021 6567/1150/1021
f 6572/859/45 6568/1182/45 6569/1162/45
f 6572/859/45 6569/1162/45 6570/1143/45
f 6572/859/45 6570/1143/45 6571/1142/45
f 6574/1183/45 6579/867/45 6573/844/45
f 6579/867/45 6574/1183/45 6575/1154/45
f 6579/867/45 6575/1154/45 6576/1153/45
f 6579/867/45 6576/1153/45 6577/1184/45
f 6579/867/1021 6577/1184/1021 6578/1150/1021
f 6580/869/45 6584/1185/45 6585/843/45
f 6584/1185/45 6580/869/45 6583/1186/45
f 6583/1186/45 6580/869/45 6582/890/45
f 6582/890/45 6580/869/45 6581/1187/45
f 6589/884/45 6586/832/45 6588/1188/45
f 6588/1188/45 6586/832/45 6587/835/45
f 6591/1085/45 6593/914/45 6590/915/45
f 6593/914/1022 6591/1085/1022 6592/1189/1022
f 6595/1083/45 6598/931/45 6594/923/45
f 6598/931/45 6595/1083/45 6597/1104/45
f 6597/1104/45 6595/1083/45 6596/1190/45
f 6603/1191/45 6599/1085/45 6602/1192/45
f 6602/1192/45 6599/1085/45 6601/924/45
f 6601/924/45 6599/1085/45 6600/923/45
f 6605/1173/45 6608/1172/45 6604/1083/45
f 6608/1172/45 6605/1173/45 6606/917/45
f 6610/1193/45 6613/1172/45 6609/928/45
f 6613/1172/45 6610/1193/45 6611/1088/45
f 6613/1172/45 6611/1088/45 6612/1194/45
f 6617/1195/45 6618/1176/45 6616/934/45
f 6616/934/45 6618/1176/45 6615/1196/45
f 6615/1196/45 6618/1176/45 6614/945/45
f 7111/1303/46 7112/1304/46 7123/1305/46
f 7123/1305/46 7112/1304/46 7113/935/46
f 7123/1305/46 7113/935/46 7122/925/46
f 7122/925/46 7113/935/46 7114/1306/46
f 7122/925/46 7114/1306/46 7121/926/46
f 7121/926/46 7114/1306/46 7120/932/46
f 7120/932/46 7114/1306/46 7115/1307/46
f 7120/932/46 7115/1307/46 7119/1117/46
f 7119/1117/46 7115/1307/46 7116/1120/46
f 7119/1117/46 7116/1120/46 7118/1308/46
f 7118/1308/47 7116/1120/47 7117/1309/47
f 7136/1310/45 7124/1311/45 7125/1312/45
f 7136/1310/1039 7125/1312/1039 7135/935/1039
f 7135/935/45 7125/1312/45 7126/925/45
f 7135/935/45 7126/925/45 7134/1313/45
f 7134/1313/45 7126/925/45 7127/926/45
f 7134/1313/45 7127/926/45 7128/932/45
f 7134/1313/45 7128/932/45 7133/1307/45
f 7133/1307/45 7128/932/45 7129/1117/45
f 7133/1307/45 7129/1117/45 7132/1120/45
f 7132/1120/45 7129/1117/45 7130/1314/45
f 7132/1120/1038 7130/1314/1038 7131/1315/1038
s 1
f 7137/1076/1068 7138/1075/1068 7139/1075/1068
s 0
f 7137/1076/1068 7139/1075/1068 7140/1076/1068
f 7141/839/1069 7142/840/1069 7143/840/1069
f 7141/839/1070 7143/840/1070 7144/839/1070
f 7147/1075/1071 7148/1072/1071 7149/1072/1071
f 7147/1075/1071 7149/1072/1071 7150/1075/1071
f 7151/840/1072 7152/842/1072 7153/842/1072
f 7151/840/1072 7153/842/1072 7154/840/1072
f 7155/895/1073 7156/892/1073 7157/892/1073
f 7155/895/1073 7157/892/1073 7158/895/1073
f 7159/842/1074 7160/899/1074 7161/899/1074
f 7159/842/1074 7161/899/1074 7162/842/1074
f 7163/903/5 7164/905/5 7165/905/5
f 7163/903/5 7165/905/5 7166/903/5
f 7167/899/1075 7168/903/1075 7169/903/1075
f 7167/899/1075 7169/903/1075 7170/899/1075
f 7171/845/4 7172/846/4 7173/846/4
f 7171/845/4 7173/846/4 7174/845/4
f 7175/1081/1076 7176/1074/1076 7177/1074/1076
f 7175/1081/1076 7177/1074/1076 7178/1081/1076
f 7179/1073/1077 7180/845/1077 7181/845/1077
f 7179/1073/1077 7181/845/1077 7182/1073/1077
f 7183/1080/1078 7184/1081/1078 7185/1081/1078
f 7183/1080/1078 7185/1081/1078 7186/1080/1078
f 7187/1074/1079 7188/1073/1079 7189/1073/1079
f 7187/1074/1079 7189/1073/1079 7190/1074/1079
f 7191/1079/1080 7192/1080/1080 7193/1080/1080
f 7191/1079/1080 7193/1080/1080 7194/1079/1080
f 7195/1072/1081 7196/1071/1081 7197/1071/1081
f 7195/1072/1081 7197/1071/1081 7198/1072/1081
f 7199/1077/1082 7200/1079/1082 7201/1079/1082
f 7199/1077/1083 7201/1079/1083 7202/1077/1083
f 7203/1071/1084 7204/1070/1084 7205/1070/1084
f 7203/1071/1084 7205/1070/1084 7206/1071/1084
f 7207/1078/1085 7208/1077/1085 7209/1077/1085
f 7207/1078/1085 7209/1077/1085 7210/1078/1085
f 7211/1070/1086 7212/1069/1086 7213/1069/1086
f 7211/1070/1086 7213/1069/1086 7214/1070/1086
f 7215/905/1087 7216/1076/1087 7217/1076/1087
f 7215/905/1087 7217/1076/1087 7218/905/1087
f 7219/1069/1088 7220/1068/1088 7221/1068/1088
f 7219/1069/1088 7221/1068/1088 7222/1069/1088
f 7223/846/1089 7224/900/1089 7225/900/1089
f 7223/846/1089 7225/900/1089 7226/846/1089
f 7227/1068/1090 7228/1078/1090 7229/1078/1090
f 7227/1068/1090 7229/1078/1090 7230/1068/1090
f 7231/892/1091 7232/893/1091 7233/893/1091
f 7231/892/1091 7233/893/1091 7234/892/1091
f 7235/900/1092 7236/897/1092 7237/897/1092
f 7235/900/1092 7237/897/1092 7238/900/1092
f 7239/904/1093 7240/887/1093 7241/887/1093
f 7239/904/1093 7241/887/1093 7242/904/1093
f 7243/893/1094 7244/849/1094 7245/849/1094
f 7243/893/1094 7245/849/1094 7246/893/1094
f 7247/897/1095 7248/895/1095 7249/895/1095
f 7247/897/1096 7249/895/1096 7250/897/1096
f 7251/887/1097 7252/839/1097 7253/839/1097
f 7251/887/1098 7253/839/1098 7254/887/1098
f 7255/849/1099 7256/850/1099 7257/850/1099
f 7255/849/1099 7257/850/1099 7258/849/1099
f 7268/1316/46 7266/846/46 7267/845/46
f 7266/846/46 7268/1316/46 7265/1317/46
f 7265/1317/46 7268/1316/46 7269/1081/46
f 7265/1317/46 7269/1081/46 7264/1318/46
f 7264/1318/46 7269/1081/46 7270/1319/46
f 7264/1318/46 7270/1319/46 7263/1320/46
f 7263/1320/46 7270/1319/46 7271/1321/46
f 7263/1320/46 7271/1321/46 7262/1322/46
f 7262/1322/46 7271/1321/46 7272/1323/46
f 7262/1322/46 7272/1323/46 7261/1324/46
f 7261/1324/46 7272/1323/46 7273/1325/46
f 7261/1324/46 7273/1325/46 7260/1326/46
f 7260/1326/46 7273/1325/46 7274/1076/46
f 7260/1326/46 7274/1076/46 7259/905/46
f 7285/1317/45 7283/845/45 7284/846/45
f 7283/845/45 7285/1317/45 7282/1327/45
f 7282/1327/45 7285/1317/45 7281/1081/45
f 7281/1081/45 7285/1317/45 7286/1328/45
f 7281/1081/45 7286/1328/45 7280/1329/45
f 7280/1329/45 7286/1328/45 7287/1330/45
f 7280/1329/45 7287/1330/45 7279/1321/45
f 7279/1321/45 7287/1330/45 7288/1331/45
f 7279/1321/45 7288/1331/45 7278/1332/45
f 7278/1332/45 7288/1331/45 7289/1324/45
f 7278/1332/45 7289/1324/45 7277/1325/45
f 7277/1325/45 7289/1324/45 7290/1333/45
f 7277/1325/45 7290/1333/45 7276/1076/45
f 7276/1076/45 7290/1333/45 7275/905/45
usemtl m8
f 2332/247/3 2333/388/3 2334/268/3
f 2332/247/3 2334/268/3 2335/247/3
f 2336/249/3 2337/263/3 2338/263/3
f 2336/249/3 2338/263/3 2339/249/3
f 2340/258/3 2341/196/3 2342/196/3
f 2340/258/3 2342/196/3 2343/258/3
f 2344/389/3 2345/354/3 2346/303/3
f 2344/389/3 2346/303/3 2347/299/3
f 2348/265/2 2349/250/2 2350/280/2
f 2348/265/2 2350/280/2 2351/255/2
f 2352/244/2 2353/290/2 2354/290/2
f 2352/244/2 2354/290/2 2355/244/2
f 2356/251/2 2357/262/2 2358/259/2
f 2356/251/2 2358/259/2 2359/251/2
f 2360/390/2 2361/238/2 2362/277/2
f 2360/390/2 2362/277/2 2363/296/2
f 2364/237/2 2365/285/2 2366/286/2
f 2364/237/2 2366/286/2 2367/276/2
f 2368/302/3 2369/313/3 2370/313/3
f 2368/302/3 2370/313/3 2371/302/3
usemtl m9
f 2392/541/33 2393/542/33 2394/542/33
f 2392/541/33 2394/542/33 2395/541/33
s 1
f 2398/543/34 2399/544/35 2400/544/36
f 2398/543/34 2400/544/36 2401/543/35
s 0
f 2466/545/37 2388/20/37 2389/20/37
f 2466/545/37 2389/20/37 2467/545/37
f 2404/39/4 2405/546/4 2406/547/4
f 2430/39/37 2396/9/37 2397/548/37
f 2430/39/37 2397/548/37 2431/39/37
f 2407/2/38 2408/184/38 2409/184/38
f 2407/2/39 2409/184/39 2410/2/39
f 2411/549/5 2412/550/5 2413/551/5
f 2411/549/5 2413/551/5 2414/549/5
f 2428/184/40 2415/152/40 2429/184/40
f 2416/99/5 2417/126/5 2418/126/5
f 2416/99/5 2418/126/5 2419/99/5
f 2420/471/4 2421/260/4 2422/260/4
f 2420/471/4 2422/260/4 2423/471/4
f 2424/552/4 2425/553/4 2426/553/4
f 2424/552/4 2426/553/4 2427/554/4
f 2432/9/5 2433/28/5 2434/28/5
f 2432/9/5 2434/28/5 2435/548/5
f 2436/24/5 2437/25/5 2438/25/5
f 2436/24/5 2438/25/5 2439/24/5
f 2440/3/41 2441/2/41 2442/2/41
f 2440/3/40 2442/2/40 2443/3/40
f 2444/126/5 2445/141/5 2446/141/5
f 2444/126/5 2446/141/5 2447/126/5
f 2448/555/5 2449/545/5 2450/545/5
f 2448/555/5 2450/545/5 2451/555/5
f 2452/547/4 2404/39/4 2406/547/4
f 2455/556/42 2456/557/42 2457/557/42
f 2455/556/42 2457/557/42 2458/556/42
f 2460/393/4 2461/471/4 2462/471/4
f 2460/393/4 2462/471/4 2463/393/4
f 2402/558/5 2464/549/5 2465/549/5
f 2402/558/5 2465/549/5 2403/559/5
f 2468/550/5 2469/555/5 2470/555/5
f 2468/550/5 2470/555/5 2471/551/5
f 2390/7/4 2472/52/4 2473/52/4
f 2390/7/4 2473/52/4 2391/560/4
f 2474/260/4 2475/552/4 2476/554/4
f 2474/260/4 2476/554/4 2477/260/4
f 2478/557/5 2479/561/5 2480/562/5
f 2478/557/5 2480/562/5 2481/557/5
f 2484/553/4 2485/543/4 2486/543/4
f 2484/553/4 2486/543/4 2487/553/4
s 1
f 2488/563/43 2489/564/43 2490/564/43
s 0
f 2488/563/43 2490/564/43 2491/565/43
f 2492/542/44 2493/564/44 2494/564/44
f 2492/542/44 2494/564/44 2495/542/44
f 2415/152/40 2496/152/40 2429/184/40
f 2498/100/5 2499/99/5 2500/99/5
f 2498/100/5 2500/99/5 2501/100/5
f 2502/171/40 2482/7/40 2483/7/40
f 2502/171/40 2483/7/40 2503/566/40
f 2506/152/40 2507/171/40 2508/566/40
f 2506/152/40 2508/566/40 2509/152/40
f 2510/28/5 2511/100/5 2512/100/5
f 2510/28/5 2512/100/5 2513/28/5
f 2514/52/4 2515/47/4 2516/47/4
f 2514/52/4 2516/47/4 2517/52/4
f 2520/57/5 2453/567/5 2454/3/5
f 2520/57/5 2454/3/5 2521/57/5
f 2522/1/45 2523/568/45 2524/569/45
f 2522/1/45 2524/569/45 2657/570/45
f 2525/571/45 2522/1/45 2657/570/45
f 2526/393/45 2527/572/45 2528/573/45
f 2526/393/45 2528/573/45 2529/20/45
f 2530/10/45 2531/574/45 2532/575/45
f 2530/10/45 2532/575/45 2533/543/45
f 2534/15/45 2535/10/45 2536/543/45
f 2534/15/45 2536/543/45 2537/544/45
f 2538/39/45 2539/38/45 2540/557/45
f 2538/39/45 2540/557/45 2541/48/45
f 2542/576/45 2543/555/45 2544/545/45
f 2542/576/45 2544/545/45 2545/47/45
f 2548/577/45 2549/578/45 2550/579/45
f 2548/577/45 2550/579/45 2551/580/45
f 2552/249/45 2553/20/45 2554/60/45
f 2552/249/45 2554/60/45 2555/571/45
f 2556/20/45 2557/573/45 2558/581/45
f 2556/20/45 2558/581/45 2559/60/45
f 2560/580/45 2561/579/45 2547/42/45
f 2560/580/45 2547/42/45 2546/7/45
f 2525/571/45 2562/60/45 2522/1/45
f 2563/60/45 2564/581/45 2565/568/45
f 2563/60/45 2565/568/45 2566/1/45
f 2567/582/37 2568/583/37 2569/583/37
f 2567/582/37 2569/583/37 2570/582/37
f 2571/584/45 2572/585/45 2573/583/45
f 2571/584/45 2573/583/45 2574/582/45
f 2575/586/45 2576/587/45 2577/588/45
f 2575/586/45 2577/588/45 2578/541/45
f 2579/589/45 2580/590/45 2581/591/45
f 2579/589/45 2581/591/45 2582/592/45
f 2583/593/45 2584/589/45 2585/592/45
f 2583/593/45 2585/592/45 2586/63/45
f 2587/115/45 2588/586/45 2589/541/45
f 2587/115/45 2589/541/45 2590/542/45
f 2591/594/45 2592/584/45 2593/582/45
f 2591/594/45 2593/582/45 2594/595/45
f 2595/595/45 2596/582/45 2597/589/45
f 2595/595/45 2597/589/45 2598/593/45
f 2599/553/45 2600/596/45 2601/597/45
f 2599/553/45 2601/597/45 2602/554/45
f 2603/543/45 2604/575/45 2605/596/45
f 2603/543/45 2605/596/45 2606/553/45
f 2607/48/45 2608/557/45 2609/598/45
f 2607/48/45 2609/598/45 2610/85/45
f 2611/599/45 2612/594/45 2613/595/45
f 2611/599/45 2613/595/45 2614/600/45
f 2615/116/45 2616/115/45 2617/542/45
f 2615/116/45 2617/542/45 2618/564/45
f 2619/86/45 2620/601/45 2621/549/45
f 2619/86/45 2621/549/45 2622/121/45
f 2623/554/45 2624/597/45 2625/602/45
f 2623/554/45 2625/602/45 2626/260/45
f 2627/38/45 2628/130/45 2629/556/45
f 2627/38/45 2629/556/45 2630/557/45
f 2631/603/45 2632/604/45 2633/605/45
f 2631/603/45 2633/605/45 2634/579/45
f 2635/606/45 2518/595/45 2519/63/45
f 2635/606/45 2519/63/45 2547/42/45
f 2636/121/45 2637/549/45 2638/551/45
f 2636/121/45 2638/551/45 2639/607/45
f 2640/260/45 2641/602/45 2642/608/45
f 2640/260/45 2642/608/45 2643/471/45
f 2644/607/45 2645/551/45 2646/555/45
f 2644/607/45 2646/555/45 2647/576/45
f 2648/471/45 2649/608/45 2650/572/45
f 2648/471/45 2650/572/45 2651/393/45
f 2652/604/45 2653/599/45 2654/600/45
f 2652/604/45 2654/600/45 2655/605/45
f 2656/249/45 2525/571/45 2657/570/45
f 2658/192/45 2659/191/45 2660/609/45
f 2658/192/45 2660/609/45 2661/610/45
f 2662/191/45 2663/15/45 2664/544/45
f 2662/191/45 2664/544/45 2665/609/45
f 2666/194/45 2667/192/45 2668/610/45
f 2666/194/45 2668/610/45 2669/611/45
f 2670/211/45 2671/209/45 2672/612/45
f 2670/211/45 2672/612/45 2673/613/45
f 2675/614/45 2676/211/45 2677/613/45
f 2675/614/45 2677/613/45 2678/615/45
f 2679/583/45 2680/616/45 2681/617/45
f 2679/583/45 2681/617/45 2682/590/45
f 2683/585/45 2684/618/45 2685/616/45
f 2683/585/45 2685/616/45 2686/583/45
f 2687/587/45 2688/619/45 2689/620/45
f 2687/587/45 2689/620/45 2690/588/45
f 2691/590/45 2692/617/45 2693/570/45
f 2691/590/45 2693/570/45 2694/591/45
f 2504/541/40 2497/541/40 2505/544/40
f 2695/141/5 2696/24/5 2697/24/5
f 2695/141/5 2697/24/5 2698/141/5
f 2699/25/5 2700/57/5 2701/57/5
f 2699/25/5 2701/57/5 2702/25/5
f 2703/20/4 2704/393/4 2705/393/4
f 2703/20/4 2705/393/4 2706/20/4
f 2711/621/46 2712/622/46 2713/623/46
f 2711/621/46 2713/623/46 2714/624/46
f 2717/625/46 2718/626/46 2719/627/46
f 2726/628/46 2727/629/46 2728/629/46
f 2726/628/46 2728/629/46 2729/630/46
f 2734/631/46 2735/632/46 2736/632/46
f 2734/631/46 2736/632/46 2737/631/46
f 2740/633/46 2741/634/46 2742/634/46
f 2740/633/47 2742/634/47 2743/633/47
f 2744/635/46 2745/636/46 2746/636/46
f 2744/635/46 2746/636/46 2747/635/46
f 2748/184/37 2749/184/37 2750/183/37
f 2748/184/37 2750/183/37 2751/183/37
f 2754/637/46 2755/638/46 2756/638/46
f 2754/637/46 2756/638/46 2757/637/46
f 2760/639/46 2761/640/46 2762/640/46
f 2760/639/46 2762/640/46 2763/639/46
f 2764/641/46 2765/631/46 2766/631/46
f 2764/641/46 2766/631/46 2767/642/46
f 2768/643/46 2769/644/46 2770/644/46
f 2768/643/46 2770/644/46 2771/645/46
f 2772/9/40 2975/211/40 2773/9/40
f 2774/646/5 2775/646/5 2776/52/5
f 2774/646/5 2776/52/5 2777/52/5
f 2800/634/46 2801/628/46 2802/628/46
f 2800/634/46 2802/628/46 2803/634/46
f 2806/644/46 2807/647/46 2808/647/46
f 2806/644/46 2808/647/46 2809/644/46
f 2814/648/46 2717/625/46 2719/627/46
f 2814/648/46 2719/627/46 2815/648/46
f 2824/211/48 2825/614/48 2826/649/48
f 2824/211/49 2826/649/49 2827/650/49
f 2830/640/46 2831/641/46 2832/642/46
f 2830/640/46 2832/642/46 2833/640/46
f 2834/647/46 2835/621/46 2836/624/46
f 2834/647/46 2836/624/46 2837/647/46
f 2842/591/37 2843/591/37 2844/63/37
f 2842/591/37 2844/63/37 2845/63/37
f 2846/651/40 2847/651/40 2848/130/40
f 2846/651/40 2848/130/40 2849/130/40
f 2850/652/46 2851/653/46 2852/653/46
f 2850/652/46 2852/653/46 2853/652/46
f 2865/654/46 2866/655/46 2867/655/46
f 2865/654/46 2867/655/46 2868/654/46
f 2872/28/4 2873/27/4 2874/656/4
f 2872/28/4 2874/656/4 2875/100/4
f 2877/657/5 2878/47/5 2879/46/5
f 2877/657/5 2879/46/5 2880/46/5
f 2883/183/37 2750/183/37 2884/200/37
f 2883/183/37 2884/200/37 2885/200/37
f 2888/622/46 2889/639/46 2890/658/46
f 2888/622/46 2890/658/46 2891/623/46
f 2788/659/4 2789/126/4 2901/25/4
f 2788/659/4 2901/25/4 2902/660/4
f 2904/661/40 2848/130/40 2905/155/40
f 2904/661/40 2905/155/40 2906/155/40
f 2907/17/37 2908/17/37 2909/218/37
f 2907/17/37 2909/218/37 2910/218/37
f 2915/7/5 2916/7/5 2917/646/5
f 2915/7/5 2917/646/5 2918/646/5
f 2923/662/40 2924/587/40 2925/211/40
f 2926/200/37 2927/200/37 2928/17/37
f 2926/200/37 2928/17/37 2929/17/37
f 2932/218/50 2933/17/50 2934/663/50
f 2932/218/51 2934/663/51 2935/664/51
f 2936/665/4 2937/100/4 2789/126/4
f 2936/665/4 2789/126/4 2938/126/4
f 2939/666/37 2940/666/37 2843/591/37
f 2939/666/37 2843/591/37 2941/591/37
f 2942/629/46 2943/637/46 2944/637/46
f 2942/629/46 2944/637/46 2945/629/46
f 2947/46/5 2879/46/5 2870/85/5
f 2947/46/5 2870/85/5 2869/667/5
f 2925/211/40 2924/587/40 2950/668/40
f 2951/135/37 2952/135/37 2953/43/37
f 2951/135/37 2953/43/37 2954/40/37
f 2869/667/5 2955/667/5 2956/48/5
f 2869/667/5 2956/48/5 2957/48/5
f 2829/666/51 2960/230/51 2961/669/51
f 2829/666/52 2961/669/52 2962/666/52
f 2963/670/5 2956/48/5 2964/39/5
f 2963/670/5 2964/39/5 2965/39/5
f 2969/2/37 2970/2/37 2749/184/37
f 2969/2/37 2749/184/37 2971/184/37
f 2972/548/4 2973/548/4 2873/27/4
f 2972/548/4 2873/27/4 2974/27/4
f 2976/135/53 2966/152/53 2967/671/53
f 2976/135/54 2967/671/54 2977/135/54
f 2982/42/37 2983/42/37 2984/7/37
f 2982/42/37 2984/7/37 2985/7/37
f 2986/63/37 2844/63/37 2987/152/37
f 2986/63/37 2987/152/37 2988/152/37
f 2949/194/53 2871/209/53 2989/672/53
f 2949/194/55 2989/672/55 2990/194/55
f 2991/218/37 2909/218/37 2992/669/37
f 2991/218/37 2992/669/37 2993/230/37
f 2994/37/40 2995/39/40 2996/38/40
f 2994/37/40 2996/38/40 2997/38/40
f 2925/211/40 2975/211/40 2772/9/40
f 2998/673/49 2999/116/49 3000/674/49
f 3001/3/37 3002/3/37 3003/2/37
f 3001/3/37 3003/2/37 3004/2/37
f 3005/152/37 3006/152/37 3007/171/37
f 3005/152/37 3007/171/37 3008/171/37
f 3009/200/56 2898/183/56 3010/182/56
f 3009/200/57 3010/182/57 3011/675/57
f 2876/191/58 2948/192/58 3012/676/58
f 2876/191/59 3012/676/59 3013/190/59
f 3014/155/51 2377/165/51 3015/677/51
f 3014/155/55 3015/677/55 3016/678/55
f 3017/43/37 2953/43/37 3018/41/37
f 3017/43/37 3018/41/37 3019/41/37
f 2993/230/37 3022/230/37 3023/679/37
f 2993/230/37 3023/679/37 3024/679/37
f 3026/680/37 3007/171/37 3027/135/37
f 3026/680/37 3027/135/37 3028/135/37
f 3029/681/4 3030/57/4 2897/3/4
f 3029/681/4 2897/3/4 2896/3/4
f 2902/660/4 3032/25/4 3030/57/4
f 2902/660/4 3030/57/4 3033/57/4
f 3036/52/5 3037/52/5 3038/47/5
f 3036/52/5 3038/47/5 3039/47/5
f 2946/682/40 2905/155/40 2924/587/40
f 2946/682/40 2924/587/40 3031/587/40
f 2674/618/45 2656/249/45 2657/570/45
f 2459/544/40 2504/541/40 2505/544/40
f 3042/683/5 3043/684/5 3044/684/5
f 3042/683/5 3044/684/5 3045/683/5
f 3046/590/40 3047/589/40 3048/589/40
f 3046/590/40 3048/589/40 3049/590/40
f 3050/589/4 3051/582/4 3052/582/4
f 3050/589/4 3052/582/4 3053/589/4
f 3054/583/5 3055/590/5 3056/590/5
f 3054/583/5 3056/590/5 3057/583/5
f 3058/685/45 3059/686/45 3060/583/45
f 3058/685/45 3060/583/45 3061/590/45
f 3059/686/45 3062/684/45 3063/582/45
f 3059/686/45 3063/582/45 3060/583/45
f 3064/683/45 3058/685/45 3061/590/45
f 3064/683/45 3061/590/45 3065/589/45
f 3062/684/45 3064/683/45 3065/589/45
f 3062/684/45 3065/589/45 3063/582/45
f 3066/684/60 3067/686/60 3068/685/60
f 3066/684/60 3068/685/60 3069/683/60
f 3070/684/61 3071/686/61 3072/686/61
f 3070/684/61 3072/686/61 3073/684/61
f 3074/685/62 3075/683/62 3076/683/62
f 3074/685/62 3076/683/62 3077/685/62
f 3078/686/4 3079/685/4 3080/685/4
f 3078/686/4 3080/685/4 3081/686/4
f 3082/687/43 3083/688/43 3084/689/43
f 3082/687/43 3084/689/43 3085/690/43
f 3086/688/43 3087/563/43 3088/565/43
f 3086/688/43 3088/565/43 3089/689/43
f 3090/556/43 3091/687/43 3092/690/43
f 3090/556/43 3092/690/43 3093/556/43
f 3094/562/5 3095/558/5 3096/691/5
f 3094/562/5 3096/691/5 3097/562/5
s 1
f 3098/646/63 3099/7/63 3100/692/64
f 3098/646/63 3100/692/64 3101/646/63
f 3102/693/65 3103/694/66 3104/695/67
f 3102/693/65 3104/695/67 3105/693/68
f 3106/15/69 3107/191/70 3108/191/70
f 3106/15/69 3108/191/70 3109/15/69
f 3110/696/71 3111/697/71 3112/697/71
f 3110/696/71 3112/697/71 3113/696/71
f 3114/121/72 3115/139/73 3116/139/74
f 3114/121/72 3116/139/74 3117/121/74
s 0
f 3118/639/75 3119/698/75 3120/623/75
f 3118/639/76 3120/623/76 3121/658/76
s 1
f 3122/586/77 3123/115/78 3124/115/79
f 3122/586/77 3124/115/79 3125/586/78
f 3126/699/80 3127/700/81 3128/700/80
f 3126/699/80 3128/700/80 3129/699/80
f 3130/184/82 3131/2/82 3132/2/82
f 3130/184/82 3132/2/82 3133/184/82
f 3134/701/83 3135/702/84 3136/702/83
f 3134/701/83 3136/702/83 3137/701/83
f 3138/10/85 3139/15/85 3140/15/85
f 3138/10/85 3140/15/85 3141/10/85
f 3142/703/86 3143/696/87 3144/696/87
f 3142/703/86 3144/696/87 3145/703/87
f 3146/592/88 3147/591/89 3148/591/90
f 3146/592/88 3148/591/90 3149/592/89
f 3150/704/91 3151/705/92 3152/705/93
f 3150/704/91 3152/705/93 3153/704/93
f 3154/9/94 3155/10/94 3156/10/94
f 3154/9/94 3156/10/94 3157/706/94
f 3158/707/95 3159/703/95 3160/703/95
f 3158/707/95 3160/703/95 3161/633/95
f 3162/126/96 3163/99/97 3164/99/96
f 3162/126/96 3164/99/96 3165/126/98
f 3166/637/99 3167/629/100 3168/629/101
f 3166/637/99 3168/629/101 3169/637/100
f 3170/200/102 3171/183/102 3172/183/102
f 3170/200/102 3172/183/102 3173/200/102
f 3174/708/103 3175/709/103 3176/709/103
f 3174/708/103 3176/709/103 3177/708/104
s 0
f 3178/614/105 3179/619/105 3180/619/105
f 3178/614/106 3180/619/106 3181/614/106
f 3182/710/107 3183/711/107 3184/711/107
f 3182/710/108 3184/711/108 3185/710/108
s 1
f 3186/38/109 3187/39/110 3188/712/109
f 3186/38/109 3188/712/109 3189/38/110
f 3190/713/111 3191/714/111 3192/632/111
f 3190/713/111 3192/632/111 3193/713/111
f 3194/17/112 3195/200/112 3196/200/113
f 3194/17/112 3196/200/113 3197/17/113
f 3198/715/114 3199/708/114 3200/708/114
f 3198/715/114 3200/708/114 3201/715/114
f 3202/27/115 3203/548/115 3204/716/115
f 3202/27/115 3204/716/115 3205/28/115
f 3206/634/116 3207/717/117 3208/633/117
f 3206/634/116 3208/633/117 3209/634/118
f 3210/25/119 3211/24/119 3212/24/119
f 3210/25/119 3212/24/119 3213/25/119
f 3214/655/120 3215/654/120 3216/654/120
f 3214/655/120 3216/654/120 3217/655/120
f 3218/2/121 3219/3/122 3220/718/121
f 3218/2/121 3220/718/121 3221/2/121
f 3222/702/123 3223/719/123 3224/625/123
f 3222/702/123 3224/625/123 3225/702/123
f 3226/183/124 3227/184/124 3228/184/124
f 3226/183/124 3228/184/124 3229/183/124
f 3230/709/125 3231/701/125 3232/701/125
f 3230/709/125 3232/701/125 3233/709/125
f 3234/141/126 3235/126/126 3236/126/126
s 0
f 3234/141/127 3236/126/127 3237/141/127
s 1
f 3238/638/128 3239/637/129 3240/637/130
f 3238/638/128 3240/637/130 3241/638/128
f 3242/139/131 3243/46/131 3244/720/132
f 3242/139/131 3244/720/132 3245/721/131
f 3246/722/133 3247/723/133 3248/624/134
f 3246/722/133 3248/624/134 3249/623/134
f 3250/218/135 3251/17/136 3252/17/137
f 3250/218/135 3252/17/137 3253/218/136
f 3254/724/138 3255/715/138 3256/715/138
f 3254/724/138 3256/715/138 3257/725/138
f 3258/3/139 3259/726/140 3260/726/139
f 3258/3/139 3260/726/139 3261/727/141
f 3262/728/142 3263/729/143 3264/729/143
f 3262/728/142 3264/729/143 3265/625/143
f 3266/86/144 3267/121/145 3268/121/145
f 3266/86/144 3268/121/145 3269/86/146
f 3270/640/147 3271/639/148 3272/639/149
f 3270/640/147 3272/639/149 3273/640/150
f 3274/48/151 3275/667/151 3276/85/152
f 3274/48/151 3276/85/152 3277/48/151
f 3278/631/153 3279/641/153 3280/642/153
f 3278/631/153 3280/642/153 3281/631/153
f 3282/52/154 3283/646/155 3284/646/155
f 3282/52/154 3284/646/155 3285/52/156
f 3286/644/157 3287/693/158 3288/693/158
f 3286/644/157 3288/693/158 3289/644/158
f 3290/191/159 3291/192/159 3292/192/159
f 3290/191/159 3292/192/159 3293/191/159
f 3294/697/160 3295/730/160 3296/730/160
f 3294/697/160 3296/730/160 3297/697/160
f 3298/7/161 3299/42/161 3300/42/161
f 3298/7/161 3300/42/161 3301/731/161
f 3302/732/162 3303/733/163 3304/733/162
f 3302/732/162 3304/733/162 3305/695/162
f 3306/130/164 3307/651/164 3308/38/164
f 3306/130/164 3308/38/164 3309/130/164
f 3310/734/165 3311/713/165 3312/713/165
f 3310/734/165 3312/713/165 3313/735/165
f 3314/63/166 3315/592/167 3316/592/167
f 3314/63/166 3316/592/167 3317/63/167
f 3318/736/168 3319/704/168 3320/704/168
f 3318/736/168 3320/704/168 3321/736/169
f 3322/669/170 3323/218/171 3324/218/172
f 3322/669/170 3324/218/172 3325/230/173
f 3326/737/174 3327/724/174 3328/724/175
f 3326/737/174 3328/724/175 3329/737/174
f 3330/115/176 3331/116/177 3332/116/177
f 3330/115/176 3332/116/177 3333/115/176
f 3334/700/178 3335/738/178 3336/738/178
f 3334/700/178 3336/738/178 3337/700/178
f 3338/192/179 3339/194/179 3340/194/179
f 3338/192/179 3340/194/179 3341/192/179
f 3342/730/180 3343/739/180 3344/739/180
f 3342/730/180 3344/739/180 3345/740/180
f 3346/99/181 3347/100/181 3348/100/181
f 3346/99/181 3348/100/181 3349/99/182
f 3350/629/183 3351/628/183 3352/630/183
f 3350/629/183 3352/630/183 3353/629/184
f 3354/587/185 3355/586/186 3356/586/187
f 3354/587/185 3356/586/187 3357/587/188
f 3358/741/189 3359/699/190 3360/699/191
f 3358/741/189 3360/699/191 3361/741/192
f 3362/43/193 3363/135/193 3364/742/193
f 3362/43/193 3364/742/193 3365/43/193
f 3366/743/194 3367/744/194 3368/745/194
f 3366/743/194 3368/745/194 3369/746/194
f 3370/679/195 3371/230/195 3372/230/195
s 0
f 3370/679/196 3372/230/196 3373/666/196
s 1
f 3374/747/197 3375/737/198 3376/748/197
f 3374/747/197 3376/748/197 3377/747/197
f 3378/41/199 3379/43/199 3380/43/199
f 3378/41/199 3380/43/199 3381/42/199
f 3382/733/200 3383/743/200 3384/743/201
f 3382/733/200 3384/743/201 3385/733/200
f 3386/171/202 3387/152/202 3388/152/202
f 3386/171/202 3388/152/202 3389/749/203
f 3390/750/204 3391/751/204 3392/751/204
f 3390/750/204 3392/751/204 3393/752/204
f 3394/656/205 3395/27/206 3396/28/206
f 3394/656/205 3396/28/206 3397/100/205
f 3398/628/207 3399/634/208 3400/634/209
f 3398/628/207 3400/634/209 3401/628/207
f 3402/194/210 3403/209/211 3404/209/212
f 3402/194/210 3404/209/212 3405/194/210
f 3406/739/213 3407/753/214 3408/753/213
f 3406/739/213 3408/753/213 3409/739/213
f 3410/47/215 3411/52/216 3412/52/215
f 3410/47/215 3412/52/215 3413/47/215
f 3414/647/217 3415/644/218 3416/644/219
f 3414/647/217 3416/644/219 3417/647/219
f 3418/116/220 3419/155/221 3420/754/221
f 3418/116/220 3420/754/221 3421/116/222
f 3422/738/223 3423/755/223 3424/756/223
f 3422/738/223 3424/756/223 3425/757/223
s 0
f 3426/570/224 3427/666/224 3428/666/224
f 3426/570/225 3428/666/225 3429/570/225
f 3430/758/226 3431/747/226 3432/747/226
f 3430/758/227 3432/747/227 3433/758/227
s 1
f 3434/726/228 3435/57/229 3436/57/230
f 3434/726/228 3436/57/230 3437/726/228
f 3438/729/231 3439/648/231 3440/648/232
f 3438/729/231 3440/648/232 3441/729/231
f 3442/165/233 3443/130/233 3444/130/233
f 3442/165/233 3444/130/233 3445/759/233
f 3446/760/234 3447/734/234 3448/734/234
f 3446/760/234 3448/734/234 3449/761/234
f 3450/155/235 3451/165/235 3452/165/235
f 3450/155/235 3452/165/235 3453/155/235
f 3454/762/236 3455/763/237 3456/764/238
f 3454/762/236 3456/764/238 3457/765/236
f 3458/209/239 3459/211/240 3460/211/241
f 3458/209/239 3460/211/241 3461/209/240
f 3462/753/242 3463/766/243 3464/767/242
f 3462/753/242 3464/767/242 3465/768/242
f 3466/668/244 3467/614/245 3468/614/246
f 3466/668/244 3468/614/246 3469/211/244
f 3470/766/247 3471/710/247 3472/710/247
f 3470/766/247 3472/710/247 3473/766/247
s 0
f 3474/619/248 3475/587/248 3476/587/248
f 3474/619/248 3476/587/248 3477/619/248
f 3478/711/249 3479/741/249 3480/741/249
s 1
f 3478/711/250 3480/741/250 3481/711/250
f 3482/135/251 3483/171/251 3484/171/251
f 3482/135/251 3484/171/251 3485/135/251
f 3486/769/252 3487/770/252 3488/771/252
f 3486/769/252 3488/771/252 3489/745/252
f 3490/85/253 3491/86/253 3492/86/253
f 3490/85/253 3492/86/253 3493/85/253
f 3494/641/254 3495/640/255 3496/640/255
f 3494/641/254 3496/640/255 3497/642/254
f 3498/46/256 3499/47/256 3500/47/257
f 3498/46/256 3500/47/257 3501/46/258
f 3502/772/259 3503/647/259 3504/647/260
f 3502/772/259 3504/647/260 3505/624/261
f 3506/24/262 3507/141/263 3508/141/264
f 3506/24/262 3508/141/264 3509/24/264
f 3510/636/265 3511/635/265 3512/635/265
s 0
f 3510/636/266 3512/635/266 3513/636/266
s 1
f 3514/152/267 3515/63/267 3516/63/267
f 3514/152/267 3516/63/267 3517/152/267
f 3518/751/268 3519/736/268 3520/736/268
f 3518/751/268 3520/736/268 3521/773/268
s 0
f 3522/591/269 3523/570/269 3524/570/269
f 3522/591/270 3524/570/270 3525/591/270
f 3526/705/271 3527/758/271 3528/758/271
f 3526/705/272 3528/758/272 3529/705/272
s 1
f 3530/39/273 3531/48/274 3532/48/273
f 3530/39/273 3532/48/273 3533/774/273
f 3534/775/275 3535/631/275 3536/631/275
f 3534/775/275 3536/631/275 3537/632/275
f 3538/57/276 3539/25/276 3540/25/276
f 3538/57/276 3540/25/276 3541/57/276
f 3542/653/277 3543/652/278 3544/652/278
f 3542/653/277 3544/652/278 3545/653/277
f 3546/646/279 3547/7/280 3548/7/280
f 3546/646/279 3548/7/280 3549/646/279
f 3550/646/281 3551/7/282 3552/776/282
f 3550/646/281 3552/776/282 3553/646/281
f 3554/646/283 3555/776/283 3556/777/283
f 3554/646/283 3556/777/283 3557/646/283
f 3558/646/284 3559/777/285 3560/7/285
f 3558/646/284 3560/7/285 3561/646/284
f 3564/778/286 3565/191/286 3566/191/287
f 3564/778/286 3566/191/287 3567/15/286
f 3568/15/288 3569/191/288 3570/191/288
f 3568/15/288 3570/191/288 3571/779/289
f 3572/779/290 3573/191/291 3574/191/292
f 3572/779/290 3574/191/292 3575/15/290
f 3576/780/293 3577/781/293 3578/115/293
f 3576/780/293 3578/115/293 3579/586/293
f 3580/586/294 3581/115/294 3582/115/294
f 3580/586/294 3582/115/294 3583/586/295
f 3584/586/296 3585/115/296 3586/115/297
f 3584/586/296 3586/115/297 3587/782/297
f 3588/782/298 3589/115/298 3590/115/299
f 3588/782/298 3590/115/299 3591/586/298
f 3594/184/300 3595/2/300 3596/2/301
f 3594/184/300 3596/2/301 3597/184/300
f 3598/184/302 3599/2/302 3600/2/302
f 3598/184/302 3600/2/302 3601/783/302
f 3602/783/303 3603/2/304 3604/2/303
f 3602/783/303 3604/2/303 3605/184/303
f 3608/784/305 3609/778/305 3610/15/305
f 3608/784/305 3610/15/305 3611/10/305
f 3612/10/306 3613/15/306 3614/779/306
f 3612/10/306 3614/779/306 3615/784/306
f 3616/784/307 3617/779/308 3618/15/308
f 3616/784/307 3618/15/308 3619/10/307
f 3620/592/309 3621/785/309 3622/591/309
f 3620/592/309 3622/591/309 3623/592/310
f 3624/592/311 3625/591/311 3626/591/312
f 3624/592/311 3626/591/312 3627/592/311
f 3628/592/313 3629/591/314 3630/591/315
f 3628/592/313 3630/591/315 3631/592/313
s 0
f 3632/592/316 3633/591/316 3634/591/316
f 3632/592/317 3634/591/317 3635/592/317
s 1
f 3638/9/318 3639/784/319 3640/10/319
f 3638/9/318 3640/10/319 3641/786/320
f 3642/786/321 3643/10/321 3644/784/321
f 3642/786/321 3644/784/321 3645/787/321
f 3646/787/322 3647/784/322 3648/10/322
f 3646/787/322 3648/10/322 3649/9/322
f 3650/126/323 3651/99/324 3652/97/324
f 3650/126/323 3652/97/324 3653/125/323
f 3654/125/325 3655/97/326 3656/99/326
f 3654/125/325 3656/99/326 3657/126/327
f 3658/126/328 3659/99/328 3660/99/328
f 3658/126/328 3660/99/328 3661/126/328
f 3662/126/329 3663/99/330 3664/99/329
f 3662/126/329 3664/99/329 3665/126/329
f 3666/675/331 3667/183/332 3668/200/333
f 3669/200/334 3670/183/335 3671/183/334
f 3669/200/334 3671/183/334 3672/200/334
f 3673/200/336 3674/183/336 3675/183/336
f 3673/200/336 3675/183/336 3676/200/336
f 3677/200/337 3678/183/338 3679/183/338
f 3677/200/337 3679/183/338 3680/200/337
s 0
f 3681/788/339 3682/789/339 3683/619/339
f 3681/788/340 3683/619/340 3684/614/340
f 3685/614/341 3686/619/341 3687/619/341
s 1
f 3685/614/342 3687/619/342 3688/614/342
s 0
f 3689/614/343 3690/619/343 3691/619/343
f 3689/614/344 3691/619/344 3692/649/344
f 3693/649/345 3694/619/345 3695/619/345
f 3693/649/346 3695/619/346 3696/614/346
s 1
f 3699/790/347 3700/37/347 3701/791/348
f 3699/790/347 3701/791/348 3702/38/349
f 3703/38/350 3704/791/351 3705/792/351
f 3703/38/350 3705/792/351 3706/790/350
f 3707/790/352 3708/792/352 3709/37/352
f 3707/790/352 3709/37/352 3710/38/352
f 3711/17/353 3712/793/354 3713/200/353
f 3711/17/353 3713/200/353 3714/17/353
f 3715/17/355 3716/200/355 3717/200/355
f 3715/17/355 3717/200/355 3718/17/355
f 3719/17/356 3720/200/356 3721/200/356
f 3719/17/356 3721/200/356 3722/17/356
f 3723/17/357 3724/200/358 3725/200/358
f 3723/17/357 3725/200/358 3726/17/357
f 3727/27/359 3728/9/360 3729/9/360
f 3727/27/359 3729/9/360 3730/27/359
f 3731/27/361 3732/9/361 3733/786/361
f 3731/27/361 3733/786/361 3734/28/361
f 3735/28/362 3736/786/363 3737/787/363
f 3735/28/362 3737/787/363 3738/28/363
f 3739/28/364 3740/787/365 3741/548/365
f 3739/28/364 3741/548/365 3742/27/364
f 3743/25/366 3744/24/367 3745/24/368
f 3743/25/366 3745/24/368 3746/25/367
f 3747/25/369 3748/24/370 3749/24/370
f 3747/25/369 3749/24/370 3750/25/370
f 3751/25/371 3752/24/372 3753/24/372
f 3751/25/371 3753/24/372 3754/25/373
f 3755/25/374 3756/24/374 3757/24/375
f 3755/25/374 3757/24/375 3758/25/376
f 3761/2/377 3762/3/377 3763/794/377
f 3761/2/377 3763/794/377 3764/2/377
f 3765/2/378 3766/794/378 3767/795/378
f 3765/2/378 3767/795/378 3768/2/378
f 3769/2/379 3770/795/379 3771/3/380
f 3769/2/379 3771/3/380 3772/2/379
f 3775/183/381 3776/184/381 3777/184/381
f 3775/183/381 3777/184/381 3778/183/381
f 3779/183/382 3780/184/382 3781/783/382
f 3779/183/382 3781/783/382 3782/183/382
f 3783/183/383 3784/783/384 3785/184/385
f 3783/183/383 3785/184/385 3786/183/383
s 0
f 3787/141/386 3788/126/386 3789/125/386
f 3787/141/387 3789/125/387 3790/141/387
s 1
f 3791/141/388 3792/125/389 3793/126/389
f 3791/141/388 3793/126/389 3794/141/390
f 3795/141/391 3796/126/392 3797/126/393
f 3795/141/391 3797/126/393 3798/141/394
s 0
f 3799/141/395 3800/126/395 3801/659/395
f 3799/141/396 3801/659/396 3802/141/396
s 1
f 3803/664/397 3804/663/397 3805/17/398
f 3803/664/397 3805/17/398 3806/218/397
f 3807/218/399 3808/17/399 3809/17/400
f 3807/218/399 3809/17/400 3810/218/399
f 3811/218/401 3812/17/401 3813/17/401
f 3811/218/401 3813/17/401 3814/218/401
f 3815/218/402 3816/17/403 3817/17/402
f 3815/218/402 3817/17/402 3818/218/402
f 3819/3/404 3820/726/404 3821/796/404
f 3819/3/404 3821/796/404 3822/3/404
f 3823/3/405 3824/796/405 3825/726/406
f 3823/3/405 3825/726/406 3826/794/405
f 3827/794/407 3828/726/407 3829/797/407
f 3827/794/407 3829/797/407 3830/795/407
f 3831/795/408 3832/797/409 3833/726/409
f 3831/795/408 3833/726/409 3834/3/410
f 3835/798/411 3836/85/411 3837/667/411
f 3835/798/411 3837/667/411 3838/48/411
f 3839/52/412 3840/646/413 3841/646/413
f 3839/52/412 3841/646/413 3842/52/414
f 3843/52/415 3844/646/415 3845/646/416
f 3843/52/415 3845/646/416 3846/52/415
f 3847/52/417 3848/646/418 3849/646/418
f 3847/52/417 3849/646/418 3850/52/418
f 3851/52/419 3852/646/420 3853/646/420
f 3851/52/419 3853/646/420 3854/52/420
f 3855/799/421 3856/676/422 3857/192/423
f 3858/191/424 3859/192/424 3860/192/424
f 3858/191/424 3860/192/424 3861/191/424
f 3862/191/425 3863/192/425 3864/192/425
f 3862/191/425 3864/192/425 3865/191/425
f 3866/191/426 3867/192/427 3868/192/428
f 3866/191/426 3868/192/428 3869/191/427
f 3872/7/429 3873/42/429 3874/42/429
f 3872/7/429 3874/42/429 3875/776/429
f 3876/776/430 3877/42/431 3878/41/431
f 3876/776/430 3878/41/431 3879/777/431
f 3880/777/432 3881/41/432 3882/42/432
f 3880/777/432 3882/42/432 3883/7/433
f 3886/130/434 3887/790/435 3888/38/435
f 3886/130/434 3888/38/435 3889/130/434
f 3890/130/436 3891/38/436 3892/790/436
f 3890/130/436 3892/790/436 3893/800/436
f 3894/800/437 3895/790/438 3896/651/438
f 3894/800/437 3896/651/438 3897/130/438
f 3898/801/439 3899/802/439 3900/592/439
f 3898/801/439 3900/592/439 3901/63/440
f 3902/63/441 3903/592/442 3904/592/442
f 3902/63/441 3904/592/442 3905/63/443
f 3906/63/444 3907/592/444 3908/592/445
f 3906/63/444 3908/592/445 3909/63/445
f 3910/63/446 3911/592/447 3912/592/448
f 3910/63/446 3912/592/448 3913/63/449
f 3914/229/450 3915/218/451 3916/218/451
f 3914/229/450 3916/218/451 3917/230/452
f 3918/230/453 3919/218/453 3920/218/453
f 3918/230/453 3920/218/453 3921/230/454
f 3922/230/455 3923/218/456 3924/218/457
f 3922/230/455 3924/218/457 3925/230/455
s 0
f 3926/230/458 3927/218/458 3928/218/458
s 1
f 3926/230/459 3928/218/459 3929/230/459
f 3930/803/460 3931/674/461 3932/116/461
f 3930/803/460 3932/116/461 3933/115/460
f 3934/115/462 3935/116/463 3936/116/463
f 3934/115/462 3936/116/463 3937/115/462
f 3938/115/464 3939/116/465 3940/116/465
f 3938/115/464 3940/116/465 3941/115/465
f 3942/115/466 3943/116/467 3944/116/466
f 3942/115/466 3944/116/466 3945/115/466
f 3946/804/468 3947/805/468 3948/805/468
f 3946/804/468 3948/805/468 3949/192/468
f 3950/192/469 3951/805/469 3952/194/469
f 3950/192/469 3952/194/469 3953/192/469
f 3954/192/470 3955/194/471 3956/193/471
f 3954/192/470 3956/193/471 3957/192/472
f 3958/192/473 3959/193/473 3960/194/474
f 3958/192/473 3960/194/474 3961/192/473
f 3962/99/475 3963/806/475 3964/665/475
f 3962/99/475 3964/665/475 3965/97/475
f 3966/97/476 3967/665/477 3968/100/478
f 3966/97/476 3968/100/478 3969/99/476
f 3970/99/479 3971/100/479 3972/656/479
f 3970/99/479 3972/656/479 3973/99/480
f 3974/99/481 3975/656/482 3976/665/483
f 3974/99/481 3976/665/483 3977/99/482
s 0
f 3978/662/484 3979/807/484 3980/586/484
s 1
f 3978/662/485 3980/586/485 3981/662/485
f 3982/662/486 3983/586/486 3984/586/487
f 3982/662/486 3984/586/487 3985/587/486
f 3986/587/488 3987/586/489 3988/782/489
f 3986/587/488 3988/782/489 3989/808/489
s 0
f 3990/808/490 3991/782/490 3992/586/490
f 3990/808/346 3992/586/346 3993/587/346
s 1
f 3996/809/491 3997/810/491 3998/135/491
f 3996/809/491 3998/135/491 3999/43/491
f 4000/43/492 4001/135/492 4002/811/492
f 4000/43/492 4002/811/492 4003/43/492
f 4004/43/493 4005/811/493 4006/135/493
f 4004/43/493 4006/135/493 4007/40/493
f 4008/666/494 4009/669/494 4010/230/495
f 4008/666/494 4010/230/495 4011/666/494
f 4012/666/496 4013/230/496 4014/230/496
f 4012/666/496 4014/230/496 4015/666/496
f 4016/666/497 4017/230/498 4018/230/499
f 4016/666/497 4018/230/499 4019/666/497
s 0
f 4020/666/317 4021/230/317 4022/230/317
f 4020/666/316 4022/230/316 4023/679/316
s 1
f 4026/42/500 4027/809/501 4028/43/500
f 4026/42/500 4028/43/500 4029/42/502
f 4030/42/503 4031/43/503 4032/43/503
f 4030/42/503 4032/43/503 4033/41/503
f 4034/41/504 4035/43/504 4036/43/504
f 4034/41/504 4036/43/504 4037/41/504
f 4038/171/505 4039/152/506 4040/152/507
f 4038/171/505 4040/152/507 4041/171/505
f 4042/171/508 4043/152/509 4044/152/508
f 4042/171/508 4044/152/508 4045/171/508
f 4046/171/510 4047/152/511 4048/152/510
f 4046/171/510 4048/152/510 4049/171/511
f 4050/171/512 4051/152/513 4052/152/513
f 4050/171/512 4052/152/513 4053/171/512
f 4054/100/514 4055/28/514 4056/27/514
f 4054/100/514 4056/27/514 4057/665/514
f 4058/665/515 4059/27/516 4060/28/516
f 4058/665/515 4060/28/516 4061/100/516
f 4062/100/517 4063/28/518 4064/28/518
f 4062/100/517 4064/28/518 4065/656/518
f 4066/656/519 4067/28/520 4068/28/520
f 4066/656/519 4068/28/520 4069/100/521
f 4070/194/522 4071/672/522 4072/209/522
f 4070/194/522 4072/209/522 4073/805/522
f 4074/805/523 4075/209/523 4076/209/523
f 4074/805/523 4076/209/523 4077/194/523
f 4078/194/524 4079/209/524 4080/209/524
f 4078/194/524 4080/209/524 4081/193/525
f 4082/193/526 4083/209/527 4084/209/527
f 4082/193/526 4084/209/527 4085/194/526
f 4086/47/528 4087/52/529 4088/52/530
f 4086/47/528 4088/52/530 4089/47/528
f 4090/47/531 4091/52/531 4092/52/531
f 4090/47/531 4092/52/531 4093/47/532
f 4094/47/533 4095/52/534 4096/52/534
f 4094/47/533 4096/52/534 4097/657/534
f 4098/657/535 4099/52/536 4100/52/536
f 4098/657/535 4100/52/536 4101/47/536
f 4102/812/537 4103/155/537 4104/155/537
f 4102/812/537 4104/155/537 4105/116/537
f 4106/116/538 4107/155/538 4108/155/538
f 4106/116/538 4108/155/538 4109/116/538
f 4110/116/539 4111/155/539 4112/155/539
f 4110/116/539 4112/155/539 4113/116/540
f 4114/116/541 4115/155/541 4116/682/542
f 4114/116/541 4116/682/542 4117/116/541
s 0
f 4118/813/543 4119/814/543 4120/666/543
s 1
f 4118/813/544 4120/666/544 4121/570/544
s 0
f 4122/570/545 4123/666/545 4124/666/545
s 1
f 4122/570/546 4124/666/546 4125/570/546
s 0
f 4126/570/547 4127/666/547 4128/666/547
f 4126/570/548 4128/666/548 4129/570/548
f 4130/570/549 4131/666/549 4132/666/549
f 4130/570/550 4132/666/550 4133/570/550
s 1
f 4134/726/551 4135/56/552 4136/57/552
f 4134/726/551 4136/57/552 4137/796/551
f 4138/796/553 4139/57/553 4140/57/554
f 4138/796/553 4140/57/554 4141/726/553
f 4142/726/555 4143/57/556 4144/57/557
f 4142/726/555 4144/57/557 4145/797/555
f 4146/797/558 4147/57/559 4148/681/560
f 4146/797/558 4148/681/560 4149/726/558
f 4152/165/561 4153/130/562 4154/130/562
f 4152/165/561 4154/130/562 4155/165/561
f 4156/165/563 4157/130/564 4158/800/564
f 4156/165/563 4158/800/564 4159/815/563
f 4160/815/565 4161/800/566 4162/661/565
f 4160/815/565 4162/661/565 4163/165/565
f 4164/678/567 4165/816/568 4166/155/569
f 4167/155/570 4168/165/570 4169/165/570
f 4167/155/570 4169/165/570 4170/155/570
f 4171/155/571 4172/165/571 4173/815/572
f 4171/155/571 4173/815/572 4174/155/572
f 4175/155/573 4176/815/574 4177/165/574
f 4175/155/573 4177/165/574 4178/155/575
f 4179/209/576 4180/817/576 4181/211/577
f 4179/209/576 4181/211/577 4182/209/578
f 4183/209/579 4184/211/579 4185/211/579
f 4183/209/579 4185/211/579 4186/209/579
f 4187/209/580 4188/211/581 4189/211/580
f 4187/209/580 4189/211/580 4190/209/580
s 0
f 4191/209/582 4192/211/582 4193/211/582
f 4191/209/582 4193/211/582 4194/209/582
s 1
f 4195/650/583 4196/649/584 4197/614/584
f 4195/650/583 4197/614/584 4198/211/585
f 4199/211/586 4200/614/586 4201/614/587
f 4199/211/586 4201/614/587 4202/211/586
f 4203/211/588 4204/614/589 4205/649/589
f 4203/211/588 4205/649/589 4206/211/588
s 0
f 4207/211/490 4208/649/490 4209/614/490
f 4207/211/590 4209/614/590 4210/211/590
f 4211/818/591 4212/819/591 4213/662/591
f 4211/818/592 4213/662/592 4214/619/592
f 4215/619/593 4216/662/593 4217/587/593
f 4215/619/594 4217/587/594 4218/619/594
f 4219/619/595 4220/587/595 4221/808/595
f 4219/619/596 4221/808/596 4222/619/596
f 4223/619/346 4224/808/346 4225/662/346
f 4223/619/597 4225/662/597 4226/619/597
s 1
f 4227/810/598 4228/171/599 4229/171/600
f 4230/810/601 4231/171/601 4232/171/601
f 4230/810/601 4232/171/601 4233/135/602
f 4234/135/603 4235/171/603 4236/171/603
f 4234/135/603 4236/171/603 4237/811/603
f 4238/811/604 4239/171/605 4240/680/606
f 4238/811/604 4240/680/606 4241/135/605
f 4242/85/607 4243/86/607 4244/86/608
f 4242/85/607 4244/86/608 4245/667/607
f 4246/667/609 4247/86/609 4248/86/609
f 4246/667/609 4248/86/609 4249/85/609
f 4250/85/610 4251/86/610 4252/86/610
f 4250/85/610 4252/86/610 4253/85/610
f 4254/85/611 4255/86/612 4256/86/612
f 4254/85/611 4256/86/612 4257/667/612
f 4258/46/613 4259/47/614 4260/47/615
f 4258/46/613 4260/47/615 4261/46/616
f 4262/46/617 4263/47/618 4264/47/617
f 4262/46/617 4264/47/617 4265/46/617
f 4266/46/619 4267/47/620 4268/657/620
f 4266/46/619 4268/657/620 4269/46/619
f 4270/46/621 4271/657/622 4272/657/621
f 4270/46/621 4272/657/621 4273/46/622
s 0
f 4274/24/387 4275/141/387 4276/141/387
f 4274/24/386 4276/141/386 4277/24/386
s 1
f 4278/24/623 4279/141/624 4280/141/625
f 4278/24/623 4280/141/625 4281/24/626
f 4282/24/392 4283/141/627 4284/141/394
f 4282/24/392 4284/141/394 4285/24/393
s 0
f 4286/24/396 4287/141/396 4288/141/396
f 4286/24/395 4288/141/395 4289/24/395
s 1
f 4290/820/628 4291/801/629 4292/63/629
f 4290/820/628 4292/63/629 4293/152/628
f 4294/152/630 4295/63/630 4296/63/630
f 4294/152/630 4296/63/630 4297/152/631
f 4298/152/632 4299/63/632 4300/63/632
f 4298/152/632 4300/63/632 4301/152/633
f 4302/152/634 4303/63/635 4304/63/636
f 4302/152/634 4304/63/636 4305/152/637
s 0
f 4306/591/638 4307/570/638 4308/570/638
f 4306/591/639 4308/570/639 4309/591/639
s 1
f 4310/591/640 4311/570/640 4312/570/640
s 0
f 4310/591/641 4312/570/641 4313/591/641
f 4314/591/642 4315/570/642 4316/570/642
f 4314/591/643 4316/570/643 4317/591/643
f 4318/591/550 4319/570/550 4320/570/550
f 4318/591/644 4320/570/644 4321/591/644
s 1
f 4322/57/645 4323/25/646 4324/25/647
f 4322/57/645 4324/25/647 4325/57/648
f 4326/57/649 4327/25/650 4328/25/651
f 4326/57/649 4328/25/651 4329/57/652
f 4330/57/653 4331/25/654 4332/25/654
f 4330/57/653 4332/25/654 4333/57/653
f 4334/57/655 4335/25/655 4336/25/655
f 4334/57/655 4336/25/655 4337/57/656
s 0
f 4388/821/657 4389/822/657 4390/822/657
f 4388/821/657 4390/822/657 4391/821/657
f 4392/247/657 4393/300/657 4394/300/657
f 4392/247/657 4394/300/657 4395/247/657
f 4396/258/657 4397/196/657 4398/196/657
f 4396/258/657 4398/196/657 4399/258/657
f 4400/584/657 4401/301/657 4402/301/657
f 4400/584/657 4402/301/657 4403/584/657
f 4404/585/657 4405/584/657 4406/584/657
f 4404/585/657 4406/584/657 4407/585/657
f 4408/20/657 4409/249/657 4410/249/657
f 4408/20/657 4410/249/657 4411/20/657
f 4412/288/657 4413/245/657 4414/245/657
f 4412/288/657 4414/245/657 4415/288/657
f 4416/823/657 4417/618/657 4418/618/657
f 4416/823/657 4418/618/657 4419/823/657
f 4420/822/657 4421/824/657 4422/824/657
f 4420/822/657 4422/824/657 4423/822/657
f 4424/300/657 4425/821/657 4426/821/657
f 4424/300/657 4426/821/657 4427/300/657
f 4428/245/657 4429/247/657 4430/247/657
f 4428/245/657 4430/247/657 4431/245/657
f 4432/257/657 4433/258/657 4434/258/657
f 4432/257/657 4434/258/657 4435/257/657
f 4436/20/5 4437/393/5 4438/393/5
f 4436/20/5 4438/393/5 4439/20/5
f 4440/393/5 4441/471/5 4442/471/5
f 4440/393/5 4442/471/5 4443/393/5
f 4444/249/657 4445/257/657 4446/257/657
f 4444/249/657 4446/257/657 4447/249/657
f 4448/196/657 4449/288/657 4450/288/657
f 4448/196/657 4450/288/657 4451/196/657
f 4452/471/5 4453/260/5 4454/260/5
f 4452/471/5 4454/260/5 4455/471/5
f 4456/824/657 4457/823/657 4458/823/657
f 4456/824/657 4458/823/657 4459/824/657
f 4460/618/657 4461/585/657 4462/585/657
f 4460/618/657 4462/585/657 4463/618/657
f 4464/121/658 4465/139/658 4466/825/658
f 4464/121/659 4466/825/659 4467/121/659
s 1
f 4468/121/660 4469/825/660 4470/139/661
f 4468/121/660 4470/139/661 4471/121/660
f 4472/121/662 4473/139/663 4474/139/664
f 4472/121/662 4474/139/664 4475/121/664
s 0
f 4476/121/665 4477/139/665 4478/139/665
f 4476/121/666 4478/139/666 4479/121/666
f 4480/139/667 4481/46/667 4482/46/667
f 4480/139/658 4482/46/658 4483/825/658
s 1
f 4484/825/668 4485/46/668 4486/46/669
f 4484/825/668 4486/46/669 4487/139/668
f 4488/139/662 4489/46/670 4490/46/671
f 4488/139/662 4490/46/671 4491/139/662
s 0
f 4492/139/666 4493/46/666 4494/46/666
f 4492/139/672 4494/46/672 4495/139/672
s 1
f 4496/86/673 4497/121/674 4498/121/675
f 4496/86/673 4498/121/675 4499/86/676
f 4500/86/677 4501/121/677 4502/121/677
f 4500/86/677 4502/121/677 4503/86/677
f 4504/86/678 4505/121/679 4506/121/678
f 4504/86/678 4506/121/678 4507/86/678
f 4508/86/680 4509/121/680 4510/121/681
f 4508/86/680 4510/121/681 4511/86/681
f 4512/48/682 4513/826/682 4514/667/682
f 4512/48/682 4514/667/682 4515/48/682
f 4516/48/683 4517/667/684 4518/85/685
f 4516/48/683 4518/85/685 4519/48/683
f 4520/48/686 4521/85/686 4522/85/686
f 4520/48/686 4522/85/686 4523/798/686
f 4524/39/687 4525/48/687 4526/48/687
f 4524/39/687 4526/48/687 4527/37/687
f 4528/37/688 4529/48/689 4530/48/688
f 4528/37/688 4530/48/688 4531/791/689
f 4532/791/690 4533/48/690 4534/798/691
f 4532/791/690 4534/798/691 4535/792/691
f 4536/792/692 4537/798/693 4538/670/692
f 4536/792/692 4538/670/692 4539/39/693
s 0
f 4550/545/694 4551/555/694 4552/46/694
f 4550/545/694 4552/46/694 4553/47/694
f 4554/139/694 4555/46/694 4556/555/694
f 4554/139/694 4556/555/694 4557/550/694
f 4558/598/695 4559/85/695 4560/48/695
f 4558/598/695 4560/48/695 4561/557/695
f 4562/121/694 4563/549/694 4564/601/694
f 4562/121/694 4564/601/694 4565/827/694
f 4566/550/694 4567/549/694 4568/121/694
f 4566/550/694 4568/121/694 4569/139/694
f 4570/42/45 4571/545/45 4572/828/45
f 4570/42/45 4572/828/45 4573/43/45
f 4574/827/45 4575/827/45 4576/301/45
f 4574/827/45 4576/301/45 4577/801/45
f 4578/801/45 4579/301/45 4580/584/45
f 4578/801/45 4580/584/45 4581/802/45
f 4582/802/45 4583/584/45 4584/585/45
f 4582/802/45 4584/585/45 4585/785/45
f 4586/300/45 4587/669/45 4588/666/45
f 4586/300/45 4588/666/45 4589/827/45
f 4590/247/45 4591/218/45 4592/229/45
f 4590/247/45 4592/229/45 4586/300/45
f 4593/258/45 4594/793/45 4595/17/45
f 4593/258/45 4595/17/45 4596/827/45
f 4597/257/45 4598/182/45 4599/675/45
f 4597/257/45 4599/675/45 4593/258/45
f 4600/249/45 4601/184/45 4602/829/45
f 4600/249/45 4602/829/45 4597/257/45
f 4603/20/45 4604/2/45 4605/830/45
f 4603/20/45 4605/830/45 4606/249/45
f 4607/598/45 4608/86/45 4609/85/45
f 4608/86/45 4607/598/45 4610/601/45
f 4612/556/45 4611/130/45 4613/116/45
f 4612/556/45 4613/116/45 4614/831/45
f 4615/194/45 4616/612/45 4617/209/45
f 4616/612/45 4615/194/45 4618/611/45
f 4619/614/45 4620/620/45 4621/619/45
f 4620/620/45 4619/614/45 4622/615/45
f 4623/827/694 4624/827/694 4625/827/694
f 4624/827/694 4623/827/694 4626/827/694
s 1
f 4628/827/696 4627/827/697 4629/827/698
f 4629/827/698 4627/827/697 4630/827/699
s 0
f 4631/827/45 4632/827/45 4633/827/45
f 4632/827/45 4631/827/45 4634/827/45
f 4636/827/45 4635/827/45 4637/827/45
f 4637/827/45 4635/827/45 4638/827/45
f 4640/827/45 4639/827/45 4641/827/45
f 4641/827/45 4639/827/45 4596/827/45
f 4642/827/45 4643/827/45 4644/827/45
f 4643/827/45 4642/827/45 4645/827/45
s 1
usemtl m10
f 6621/911/1023 6622/913/1024 6623/1197/1025
s 0
f 6624/1198/45 6625/1199/45 6626/1200/45
f 6624/1198/45 6626/1200/45 6627/1201/45
f 6628/1202/45 6629/1198/45 6630/1201/45
f 6628/1202/45 6630/1201/45 6631/1203/45
f 6634/1204/1021 6635/1205/1021 6636/1206/1021
f 6637/1207/45 6638/1208/45 6639/1209/45
f 6637/1207/45 6639/1209/45 6640/1210/45
s 1
f 6643/949/1026 6644/951/1027 6645/1211/1028
s 0
f 6646/1212/5 6647/955/5 6648/954/5
f 6646/1212/5 6648/954/5 6649/1213/5
s 1
f 6650/956/1029 6651/959/1029 6652/958/1029
f 6650/956/1029 6652/958/1029 6653/957/1029
s 0
f 6656/1214/45 6657/1215/45 6658/1216/45
f 6656/1214/45 6658/1216/45 6659/1217/45
f 6660/955/5 6661/973/5 6662/972/5
f 6660/955/5 6662/972/5 6663/971/5
f 6668/1218/45 6669/1219/45 6670/1220/45
f 6671/1221/40 6672/1222/40 6673/1222/40
f 6671/1221/40 6673/1222/40 6674/1221/40
f 6675/1223/5 6676/1221/5 6677/1221/5
f 6675/1223/5 6677/1221/5 6678/1223/5
f 6679/974/1030 6680/976/1030 6681/976/1030
f 6679/974/1030 6681/976/1030 6682/975/1030
s 1
f 6683/976/1031 6684/978/1032 6685/977/1033
s 0
f 6686/979/1034 6687/981/1034 6688/980/1034
f 6686/979/1034 6688/980/1034 6689/979/1034
s 1
f 6694/951/1035 6695/979/1036 6696/1224/1037
s 0
f 6697/1225/45 6698/1226/45 6699/1227/45
f 6697/1225/45 6699/1227/45 6700/1228/45
f 6701/1219/1038 6702/1229/1038 6703/1230/1038
f 6701/1219/1039 6703/1230/1039 6704/1231/1039
f 6705/1232/45 6706/1233/45 6707/1234/45
f 6708/1222/4 6709/1235/4 6710/1235/4
f 6708/1222/4 6710/1235/4 6711/1222/4
f 6712/1236/45 6713/1237/45 6714/1238/45
f 6712/1236/45 6714/1238/45 6715/1219/45
f 6716/1239/45 6717/1240/45 6718/1241/45
f 6716/1239/45 6718/1241/45 6719/1242/45
f 6720/1243/45 6721/1244/45 6722/1245/45
f 6723/1246/45 6724/1247/45 6725/1248/45
f 6723/1246/45 6725/1248/45 6726/1249/45
f 6727/1235/37 6728/1223/37 6729/1223/37
f 6727/1235/37 6729/1223/37 6730/1235/37
s 1
f 6731/981/1040 6732/956/1041 6733/957/1040
f 6731/981/1040 6733/957/1040 6734/983/1040
s 0
f 6666/1250/45 6667/1205/45 6739/1219/45
f 6666/1250/45 6739/1219/45 6740/1218/45
s 1
f 6743/978/1042 6744/880/1043 6745/988/1044
s 0
f 6746/989/5 6747/991/5 6748/991/5
f 6746/989/5 6748/991/5 6749/990/5
f 6750/1251/1045 6751/1252/1045 6752/1253/1045
f 6664/1201/45 6665/1254/45 6753/1255/45
f 6664/1201/45 6753/1255/45 6754/1214/45
s 1
f 6755/913/1046 6756/974/1047 6757/975/1046
f 6755/913/1046 6757/975/1046 6758/992/1046
s 0
f 6763/1203/45 6764/1201/45 6765/1256/45
f 6763/1203/45 6765/1256/45 6766/1257/45
f 6767/909/4 6768/910/4 6769/993/4
f 6767/909/4 6769/993/4 6770/909/4
f 6775/970/4 6776/996/4 6777/996/4
f 6775/970/4 6777/996/4 6778/970/4
f 6779/969/4 6780/970/4 6781/970/4
f 6779/969/4 6781/970/4 6782/1258/4
f 6783/1259/45 6784/1208/45 6785/1207/45
f 6790/1260/5 6791/1212/5 6792/1213/5
f 6790/1260/5 6792/1213/5 6793/1261/5
f 6794/1262/1021 6795/1263/1021 6796/1264/1021
f 6797/1205/45 6798/1265/45 6799/1266/45
f 6800/1267/1021 6801/1265/1021 6802/1205/1021
f 6803/1268/45 6804/1256/45 6805/1214/45
f 6803/1268/45 6805/1214/45 6806/1269/45
f 6809/987/4 6810/969/4 6811/1258/4
f 6809/987/4 6811/1258/4 6812/997/4
f 6813/910/4 6814/987/4 6815/997/4
f 6813/910/4 6815/997/4 6816/993/4
f 6819/1270/1038 6820/1127/1038 6821/1271/1038
f 6819/1270/1048 6821/1271/1048 6822/1272/1048
f 6820/1127/1049 6823/1273/1049 6821/1271/1049
f 6824/1274/1050 6819/1270/1050 6822/1272/1050
f 6824/1274/1039 6822/1272/1039 6825/1275/1039
f 6826/1276/45 6824/1274/45 6825/1275/45
f 6827/1277/1051 6828/1278/1051 6829/1279/1051
f 6834/1280/1052 6835/1281/1052 6836/1282/1052
f 6828/1278/1053 6834/1280/1053 6836/1282/1053
f 6828/1278/1054 6836/1282/1054 6829/1279/1054
f 6843/973/5 6844/989/5 6845/990/5
f 6843/973/5 6845/990/5 6846/998/5
f 6895/1283/1038 6896/1284/1038 6897/1285/1038
f 7002/1286/45 7003/1287/45 7004/1288/45
f 7021/1289/45 7022/1214/45 7023/1290/45
f 7021/1289/45 7023/1290/45 7024/1241/45
f 7025/1127/1055 7026/1291/1055 7027/1291/1055
f 7025/1127/1055 7027/1291/1055 7028/1127/1055
f 7029/1274/1056 7030/1128/1056 7031/1128/1056
f 7029/1274/1056 7031/1128/1056 7032/1274/1056
f 7033/1292/1057 7034/1274/1057 7035/1274/1057
f 7033/1292/1058 7035/1274/1058 7036/1292/1058
f 7037/1293/1059 7038/1294/1059 7039/1294/1059
f 7037/1293/1060 7039/1294/1060 7040/1293/1060
f 7041/1291/1061 7042/1293/1061 7043/1293/1061
f 7041/1291/1061 7043/1293/1061 7044/1291/1061
f 7045/1295/1062 7046/1292/1062 7047/1292/1062
f 7045/1295/1062 7047/1292/1062 7048/1295/1062
f 7049/1294/1063 7050/1296/1063 7051/1296/1063
f 7049/1294/1063 7051/1296/1063 7052/1294/1063
f 7053/1297/1064 7054/1295/1064 7055/1295/1064
f 7053/1297/1064 7055/1295/1064 7056/1297/1064
f 7057/1296/1065 7058/1298/1065 7059/1298/1065
f 7057/1296/1065 7059/1298/1065 7060/1296/1065
f 7061/1298/1066 7062/1297/1066 7063/1297/1066
f 7061/1298/1066 7063/1297/1066 7064/1298/1066
f 7291/1292/1100 7292/1295/1100 7293/1334/1100
f 7291/1292/1100 7293/1334/1100 7294/1292/1100
f 7303/1335/1101 7304/1336/1101 7305/1337/1101
f 7306/1338/1038 7307/1339/1038 7308/1340/1038
f 7311/1293/1102 7312/1341/1102 7313/1294/1102
f 7311/1293/1102 7313/1294/1102 7314/1293/1102
f 7315/1292/1103 7316/1274/1103 7317/1274/1103
f 7315/1292/1103 7317/1274/1103 7318/1292/1103
f 7319/1298/1104 7320/1297/1104 7321/1297/1104
f 7319/1298/1104 7321/1297/1104 7322/1298/1104
f 7323/1274/1105 7324/1128/1105 7325/1128/1105
f 7323/1274/1105 7325/1128/1105 7326/1274/1105
f 7327/1296/1106 7328/1298/1106 7329/1298/1106
f 7327/1296/1106 7329/1298/1106 7330/1296/1106
f 7331/1336/45 7332/1342/45 7333/1340/45
f 7331/1336/45 7333/1340/45 7334/1343/45
f 7335/1298/1106 7336/1296/1106 7337/1344/1106
f 7335/1298/1106 7337/1344/1106 7338/1298/1106
f 7339/1127/1107 7340/1126/1107 7341/1345/1107
f 7339/1127/1107 7341/1345/1107 7342/1127/1107
f 7343/1293/1108 7344/1291/1108 7345/1291/1108
f 7343/1293/1108 7345/1291/1108 7346/1346/1108
f 7347/1291/1109 7348/1127/1109 7349/1347/1109
f 7347/1291/1109 7349/1347/1109 7350/1291/1109
f 7351/1296/1110 7352/1294/1110 7353/1348/1110
f 7351/1296/1110 7353/1348/1110 7354/1296/1110
f 7355/1297/1104 7356/1298/1104 7357/1349/1104
f 7355/1297/1104 7357/1349/1104 7358/1297/1104
f 7359/1274/1103 7360/1292/1103 7361/1292/1103
f 7359/1274/1111 7361/1292/1111 7362/1274/1111
f 7363/1295/1112 7364/1297/1112 7365/1297/1112
f 7366/1128/1105 7367/1274/1105 7368/1274/1105
f 7366/1128/1105 7368/1274/1105 7369/1128/1105
f 7372/1291/1108 7373/1293/1108 7374/1293/1108
f 7372/1291/1108 7374/1293/1108 7375/1291/1108
f 7376/1295/1100 7377/1292/1100 7378/1292/1100
f 7376/1295/1100 7378/1292/1100 7379/1295/1100
f 7380/1126/1107 7381/1127/1107 7382/1127/1107
f 7380/1126/1107 7382/1127/1107 7383/1126/1107
f 7384/1294/1110 7385/1296/1110 7386/1296/1110
f 7384/1294/1110 7386/1296/1110 7387/1294/1110
f 7388/1127/1109 7389/1291/1109 7390/1291/1109
f 7388/1127/1109 7390/1291/1109 7391/1127/1109
f 7364/1297/1112 7363/1295/1112 7392/1295/1112
f 7393/1128/1113 7394/1126/1113 7395/1126/1113
f 7393/1128/1113 7395/1126/1113 7396/1128/1113
f 7445/1126/1113 7446/1128/1113 7447/1128/1113
f 7445/1126/1113 7447/1128/1113 7448/1126/1113
usemtl m11
f 7065/1299/1067 7066/1300/1067 7067/1301/1067
f 7065/1299/1067 7067/1301/1067 7068/1302/1067
s 1
usemtl m12
f 7452/1350/1114 7453/1351/1115 7454/1352/1116
f 7451/1353/1117 7452/1350/1114 7454/1352/1116
f 7451/1353/1117 7454/1352/1116 7450/1354/1118
f 7449/1355/1119 7451/1353/1117 7450/1354/1118
f 7455/1356/1120 7456/1357/1121 7457/1358/1122
f 7455/1356/1120 7457/1358/1122 7458/1359/1123
f 7459/1360/1124 7460/1361/1125 7461/1362/1126
f 7459/1360/1124 7461/1362/1126 7462/1363/1127
f 7463/1364/1128 7464/1365/1129 7465/1366/1130
f 7463/1364/1128 7465/1366/1130 7466/1367/1131
f 7467/1368/1132 7468/1369/1133 7469/1370/1134
f 7467/1368/1132 7469/1370/1134 7470/1371/1135
f 7471/1372/1136 7455/1356/1137 7472/1373/1138
f 7471/1372/1136 7472/1373/1138 7473/1374/1139
f 7474/1375/1140 7459/1360/1141 7475/1376/1142
f 7474/1375/1140 7475/1376/1142 7476/1377/1143
f 7477/1378/1144 7463/1364/1145 7478/1379/1146
f 7477/1378/1144 7478/1379/1146 7479/1380/1147
f 7480/1381/1148 7467/1368/1149 7481/1382/1150
f 7480/1381/1148 7481/1382/1150 7548/1383/1151
f 7482/1384/1152 7483/1385/1153 7484/1386/1154
f 7482/1384/1152 7484/1386/1154 7485/1387/1155
f 7486/1388/1156 7471/1372/1157 7487/1389/1158
f 7486/1388/1156 7487/1389/1158 7552/1390/1159
f 7488/1391/1160 7474/1375/1161 7489/1392/1162
f 7488/1391/1160 7489/1392/1162 7490/1393/1163
f 7491/1394/1164 7477/1378/1165 7492/1395/1166
f 7491/1394/1164 7492/1395/1166 7493/1396/1167
f 7494/1397/1168 7480/1381/1169 7495/1398/1170
f 7494/1397/1168 7495/1398/1170 7496/1399/1171
f 7497/1400/1172 7486/1388/1173 7498/1401/1174
f 7497/1400/1172 7498/1401/1174 7499/1402/1175
f 7500/1403/1176 7488/1391/1177 7501/1404/1178
f 7500/1403/1176 7501/1404/1178 7502/1405/1179
f 7503/1406/1180 7504/1407/1181 7505/1408/1182
f 7503/1406/1180 7505/1408/1182 7506/1409/1183
f 7507/1410/1184 7491/1394/1185 7508/1411/1186
f 7507/1410/1184 7508/1411/1186 7509/1412/1187
f 7510/1413/1188 7494/1397/1189 7511/1414/1190
f 7510/1413/1188 7511/1414/1190 7550/1415/1191
f 7512/1416/1192 7497/1400/1193 7513/1417/1194
f 7512/1416/1192 7513/1417/1194 7514/1418/1195
f 7517/1419/1196 7518/1420/1197 7519/1421/1198
f 7517/1419/1196 7519/1421/1198 7545/1422/1199
f 7504/1407/1200 7507/1410/1201 7520/1423/1202
f 7504/1407/1200 7520/1423/1202 7521/1424/1203
f 7522/1425/1204 7510/1413/1205 7523/1426/1206
f 7522/1425/1204 7523/1426/1206 7524/1427/1207
f 7525/1428/1208 7512/1416/1209 7526/1429/1210
f 7525/1428/1208 7526/1429/1210 7527/1430/1211
f 7528/1431/1212 7515/1432/1213 7516/1433/1214
f 7529/1434/1215 7517/1419/1216 7530/1435/1217
f 7529/1434/1215 7530/1435/1217 7531/1436/1218
f 7456/1357/1219 7522/1425/1220 7532/1437/1221
f 7456/1357/1219 7532/1437/1221 7551/1438/1222
f 7460/1361/1223 7525/1428/1224 7533/1439/1225
f 7460/1361/1223 7533/1439/1225 7534/1440/1226
f 7464/1365/1227 7528/1431/1228 7535/1441/1229
f 7464/1365/1227 7535/1441/1229 7536/1442/1230
f 7468/1369/1231 7529/1434/1232 7537/1443/1233
f 7468/1369/1231 7537/1443/1233 7538/1444/1234
f 7518/1420/1235 7482/1384/1236 7539/1445/1237
f 7518/1420/1235 7539/1445/1237 7540/1446/1238
f 7542/1447/1239 7543/1448/1240 7544/1447/1241
f 7543/1448/1242 7545/1422/1199 7546/1449/1243
f 7547/1450/1244 7548/1383/1151 7549/1450/1245
f 7555/1451/1246 7556/1452/1247 7557/1451/1248
f 7561/1453/1249 7562/1454/1250 7516/1433/1214
f 7561/1453/1249 7516/1433/1214 7563/1453/1251
f 7562/1455/1252 7564/1456/1253 7565/1455/1254
f 7564/1456/1255 7566/1457/1256 7567/1456/1257
f 7566/1457/1258 7568/1458/1259 7569/1457/1260
f 7572/1459/1261 7573/1460/1262 7506/1409/1183
f 7572/1459/1261 7506/1409/1183 7541/1461/1263
f 7572/1459/1261 7541/1461/1263 7542/1447/1264
f 7485/1387/1155 7484/1386/1154 7572/1462/1265
f 7485/1387/1155 7572/1462/1265 7544/1447/1241
f 7485/1387/1155 7544/1447/1241 7543/1448/1240
f 7540/1446/1238 7539/1445/1237 7485/1463/1266
f 7540/1446/1238 7485/1463/1266 7546/1449/1243
f 7540/1446/1238 7546/1449/1243 7545/1422/1199
f 7545/1422/1199 7519/1421/1198 7540/1446/1238
f 7531/1436/1218 7530/1435/1217 7545/1422/1267
f 7531/1436/1218 7545/1422/1267 7547/1464/1268
f 7538/1444/1234 7537/1443/1233 7531/1436/1218
f 7538/1444/1234 7531/1436/1218 7547/1464/1268
f 7470/1371/1135 7469/1370/1134 7538/1465/1269
f 7470/1371/1135 7538/1465/1269 7549/1450/1245
f 7470/1371/1135 7549/1450/1245 7548/1383/1151
f 7548/1383/1151 7481/1382/1150 7470/1371/1135
f 7496/1399/1171 7495/1398/1170 7548/1383/1270
f 7496/1399/1171 7548/1383/1270 7550/1415/1191
f 7550/1415/1191 7511/1414/1190 7496/1399/1171
f 7524/1427/1207 7523/1426/1206 7550/1415/1271
f 7524/1427/1207 7550/1415/1271 7551/1438/1222
f 7551/1438/1222 7532/1437/1221 7524/1427/1207
f 7458/1359/1123 7457/1358/1122 7551/1438/1272
f 7473/1374/1139 7472/1373/1138 7458/1359/1123
f 7473/1374/1139 7458/1359/1123 7551/1438/1272
f 7473/1374/1139 7551/1438/1272 7552/1390/1159
f 7552/1390/1159 7487/1389/1158 7473/1374/1139
f 7499/1402/1175 7498/1401/1174 7552/1390/1273
f 7499/1402/1175 7552/1390/1273 7553/1466/1274
f 7514/1418/1195 7513/1417/1194 7499/1467/1275
f 7514/1418/1195 7499/1467/1275 7554/1468/1276
f 7527/1430/1211 7526/1429/1210 7514/1418/1195
f 7527/1430/1211 7514/1418/1195 7554/1468/1276
f 7527/1430/1211 7554/1468/1276 7555/1451/1277
f 7534/1440/1226 7533/1439/1225 7527/1469/1278
f 7534/1440/1226 7527/1469/1278 7557/1451/1248
f 7534/1440/1226 7557/1451/1248 7556/1452/1247
f 7462/1363/1127 7461/1362/1126 7534/1470/1279
f 7462/1363/1127 7534/1470/1279 7558/1471/1280
f 7476/1377/1143 7475/1376/1142 7462/1363/1127
f 7476/1377/1143 7462/1363/1127 7558/1471/1280
f 7476/1377/1143 7558/1471/1280 7559/1472/1281
f 7490/1393/1163 7489/1392/1162 7476/1473/1282
f 7490/1393/1163 7476/1473/1282 7560/1474/1283
f 7502/1405/1179 7501/1404/1178 7490/1393/1163
f 7502/1405/1179 7490/1393/1163 7560/1474/1283
f 7502/1405/1179 7560/1474/1283 7561/1453/1284
f 7516/1433/1214 7515/1432/1213 7502/1475/1285
f 7516/1433/1214 7502/1475/1285 7563/1453/1251
f 7536/1442/1230 7535/1441/1229 7516/1433/1214
f 7536/1442/1230 7516/1433/1214 7562/1454/1250
f 7466/1367/1131 7465/1366/1130 7536/1476/1286
f 7466/1367/1131 7536/1476/1286 7565/1455/1254
f 7466/1367/1131 7565/1455/1254 7564/1456/1253
f 7479/1380/1147 7478/1379/1146 7466/1477/1287
f 7479/1380/1147 7466/1477/1287 7567/1456/1257
f 7479/1380/1147 7567/1456/1257 7566/1457/1256
f 7493/1396/1167 7492/1395/1166 7479/1478/1288
f 7493/1396/1167 7479/1478/1288 7569/1457/1260
f 7493/1396/1167 7569/1457/1260 7568/1458/1259
f 7509/1412/1187 7508/1411/1186 7493/1479/1289
f 7509/1412/1187 7493/1479/1289 7570/1480/1290
f 7521/1424/1203 7520/1423/1202 7509/1412/1187
f 7521/1424/1203 7509/1412/1187 7570/1480/1290
f 7521/1424/1203 7570/1480/1290 7571/1481/1291
f 7506/1409/1183 7505/1408/1182 7521/1482/1292
f 7506/1409/1183 7521/1482/1292 7541/1461/1263
f 7483/1385/1293 7503/1406/1294 7573/1460/1262
f 7483/1385/1293 7573/1460/1262 7572/1459/1261
s 0
f 7574/1483/45 7575/1484/45 7576/1485/45
f 7577/1486/1295 7574/1483/1295 7576/1485/1295
f 7577/1486/45 7576/1485/45 7578/1487/45
f 7577/1486/45 7578/1487/45 7579/1488/45
f 7577/1486/45 7579/1488/45 7580/1489/45
f 7581/1490/1296 7577/1486/1296 7580/1489/1296
f 7581/1490/1297 7580/1489/1297 7582/1491/1297
f 7581/1490/1298 7582/1491/1298 7583/1492/1298
f 7581/1490/1299 7583/1492/1299 7584/1493/1299
f 7585/1494/1300 7581/1490/1300 7584/1493/1300
f 7585/1494/45 7584/1493/45 7586/1495/45
f 7585/1494/45 7586/1495/45 7587/1496/45
f 7585/1494/45 7587/1496/45 7588/1497/45
f 7574/1483/1101 7585/1494/1101 7588/1497/1101
f 7574/1483/45 7588/1497/45 7575/1484/45
usemtl m13
f 7589/1498/1021 7591/1499/1021 7592/1500/1021
f 7589/1498/1045 7592/1500/1045 7590/1501/1045
s 1
usemtl m14
f 7596/827/1301 7594/827/1302 7597/827/1303
f 7596/827/1301 7597/827/1303 7598/827/1304
f 7593/827/1305 7596/827/1301 7598/827/1304
f 7593/827/1305 7598/827/1304 7599/827/1306
f 7600/827/1307 7593/827/1305 7599/827/1306
f 7600/827/1307 7599/827/1306 7601/827/1308
f 7600/827/1307 7601/827/1308 7595/827/1309
f 7594/827/1302 7600/827/1307 7595/827/1309
f 7594/827/1302 7595/827/1309 7597/827/1303
f 7607/827/1310 7606/827/1311 7605/827/1312
f 7607/827/1310 7605/827/1312 7608/827/1313
f 7608/827/1313 7605/827/1312 7604/827/1314
f 7608/827/1313 7604/827/1314 7609/827/1315
f 7609/827/1315 7604/827/1314 7603/827/1316
f 7609/827/1315 7603/827/1316 7602/827/1317
s 0
f 7613/827/1318 7614/827/1318 7615/827/1318
f 7613/827/46 7615/827/46 7612/827/46
f 7612/827/46 7615/827/46 7616/827/46
f 7612/827/47 7616/827/47 7611/827/47
f 7611/827/1319 7616/827/1319 7610/827/1319
s 1
f 8099/827/1301 8097/827/1302 8100/827/1303
f 8099/827/1301 8100/827/1303 8101/827/1304
f 8102/827/1305 8099/827/1301 8101/827/1304
f 8102/827/1305 8101/827/1304 8103/827/1306
f 8104/827/1307 8102/827/1305 8103/827/1306
f 8104/827/1307 8103/827/1306 8105/827/1308
f 8104/827/1307 8105/827/1308 8098/827/1340
f 8097/827/1302 8104/827/1307 8098/827/1340
f 8097/827/1302 8098/827/1340 8100/827/1303
f 8106/827/1341 8108/827/1342 8107/827/1343
f 8110/827/1344 8109/827/1345 8111/827/1346
f 8111/827/1346 8109/827/1345 8108/827/1342
f 8111/827/1346 8108/827/1342 8112/827/1347
f 8112/827/1347 8108/827/1342 8113/827/1348
f 8113/827/1348 8108/827/1342 8106/827/1341
s 0
f 8117/827/1318 8118/827/1318 8119/827/1318
f 8117/827/47 8119/827/47 8116/827/47
f 8116/827/46 8119/827/46 8120/827/46
f 8116/827/46 8120/827/46 8115/827/46
f 8115/827/1319 8120/827/1319 8114/827/1319
s 1
f 8370/827/1301 8371/827/1302 8373/827/1303
f 8370/827/1301 8373/827/1303 8374/827/1304
f 8375/827/1305 8370/827/1301 8374/827/1304
f 8375/827/1305 8374/827/1304 8376/827/1306
f 8377/827/1307 8375/827/1305 8376/827/1306
f 8377/827/1307 8376/827/1306 8378/827/1308
f 8377/827/1307 8378/827/1308 8372/827/1340
f 8371/827/1302 8377/827/1307 8372/827/1340
f 8371/827/1302 8372/827/1340 8373/827/1303
f 8379/827/1341 8381/827/1368 8380/827/1369
f 8383/827/1344 8382/827/1345 8384/827/1346
f 8384/827/1346 8382/827/1345 8381/827/1368
f 8384/827/1346 8381/827/1368 8385/827/1347
f 8385/827/1347 8381/827/1368 8386/827/1348
f 8386/827/1348 8381/827/1368 8379/827/1341
s 0
f 8390/827/1370 8391/827/1370 8392/827/1370
f 8390/827/46 8392/827/46 8389/827/46
f 8389/827/46 8392/827/46 8393/827/46
f 8389/827/46 8393/827/46 8388/827/46
f 8388/827/1371 8393/827/1371 8387/827/1371
s 1
f 9320/827/1301 9318/827/1302 9321/827/1303
f 9320/827/1301 9321/827/1303 9322/827/1413
f 9323/827/1305 9320/827/1301 9322/827/1413
f 9323/827/1305 9322/827/1413 9324/827/1306
f 9317/827/1307 9323/827/1305 9324/827/1306
f 9317/827/1307 9324/827/1306 9325/827/1414
f 9317/827/1307 9325/827/1414 9319/827/1309
f 9318/827/1302 9317/827/1307 9319/827/1309
f 9318/827/1302 9319/827/1309 9321/827/1303
f 9326/827/1341 9328/827/1342 9327/827/1415
f 9330/827/1416 9329/827/1417 9331/827/1346
f 9331/827/1346 9329/827/1417 9328/827/1342
f 9331/827/1346 9328/827/1342 9332/827/1347
f 9332/827/1347 9328/827/1342 9333/827/1348
f 9333/827/1348 9328/827/1342 9326/827/1341
s 0
f 9337/827/1318 9338/827/1318 9339/827/1318
f 9337/827/46 9339/827/46 9336/827/46
f 9336/827/46 9339/827/46 9340/827/46
f 9336/827/47 9340/827/47 9335/827/47
f 9335/827/1319 9340/827/1319 9334/827/1319
s 1
f 9916/827/1301 9914/827/1444 9917/827/1303
f 9916/827/1301 9917/827/1303 9918/827/1445
f 9919/827/1305 9916/827/1301 9918/827/1445
f 9919/827/1305 9918/827/1445 9920/827/1306
f 9921/827/1307 9919/827/1305 9920/827/1306
f 9921/827/1307 9920/827/1306 9922/827/1308
f 9921/827/1307 9922/827/1308 9915/827/1446
f 9914/827/1444 9921/827/1307 9915/827/1446
f 9914/827/1444 9915/827/1446 9917/827/1303
f 9923/827/1341 9925/827/1342 9924/827/1343
f 9927/827/1344 9926/827/1447 9928/827/1346
f 9928/827/1346 9926/827/1447 9925/827/1342
f 9928/827/1346 9925/827/1342 9929/827/1347
f 9929/827/1347 9925/827/1342 9930/827/1348
f 9930/827/1348 9925/827/1342 9923/827/1341
s 0
f 9934/827/1318 9935/827/1318 9936/827/1318
f 9934/827/47 9936/827/47 9933/827/47
f 9933/827/46 9936/827/46 9937/827/46
f 9933/827/46 9937/827/46 9932/827/46
f 9932/827/1319 9937/827/1319 9931/827/1319
s 1
f 9975/827/1301 9973/827/1451 9976/827/1452
f 9975/827/1301 9976/827/1452 9977/827/1453
f 9978/827/1305 9975/827/1301 9977/827/1453
f 9978/827/1305 9977/827/1453 9979/827/1454
f 9972/827/1307 9978/827/1305 9979/827/1454
f 9972/827/1307 9979/827/1454 9980/827/1414
f 9972/827/1307 9980/827/1414 9974/827/1340
f 9973/827/1451 9972/827/1307 9974/827/1340
f 9973/827/1451 9974/827/1340 9976/827/1452
f 9986/827/1455 9985/827/1311 9984/827/1312
f 9986/827/1455 9984/827/1312 9987/827/1313
f 9987/827/1313 9984/827/1312 9983/827/1314
f 9987/827/1313 9983/827/1314 9988/827/1456
f 9988/827/1456 9983/827/1314 9982/827/1457
f 9988/827/1456 9982/827/1457 9981/827/1458
s 0
f 9992/827/1459 9993/827/1459 9994/827/1459
f 9992/827/1460 9994/827/1460 9991/827/1460
f 9991/827/46 9994/827/46 9995/827/46
f 9991/827/1461 9995/827/1461 9990/827/1461
f 9990/827/1461 9995/827/1461 9989/827/1461
s 1
f 10744/827/1505 10741/827/1506 10743/827/1507
f 10744/827/1505 10743/827/1507 10742/827/1508
f 10744/827/1505 10742/827/1508 10745/827/1509
f 10746/827/1510 10744/827/1505 10745/827/1509
f 10746/827/1510 10745/827/1509 10747/827/1511
f 10748/827/1512 10746/827/1510 10747/827/1511
f 10748/827/1512 10747/827/1511 10749/827/1513
f 10741/827/1506 10748/827/1512 10749/827/1513
f 10741/827/1506 10749/827/1513 10743/827/1507
s 0
f 10761/827/1020 10762/827/1020 10763/827/1020
f 10761/827/1460 10763/827/1460 10760/827/1460
f 10760/827/46 10763/827/46 10764/827/46
f 10760/827/1461 10764/827/1461 10759/827/1461
f 10759/827/1514 10764/827/1514 10758/827/1514
s 1
f 10755/827/1455 10754/827/1515 10753/827/1312
f 10755/827/1455 10753/827/1312 10756/827/1313
f 10756/827/1313 10753/827/1312 10752/827/1314
f 10756/827/1313 10752/827/1314 10757/827/1315
f 10757/827/1315 10752/827/1314 10751/827/1457
f 10757/827/1315 10751/827/1457 10750/827/1458
f 11456/827/1505 11453/827/1506 11455/827/1507
f 11456/827/1505 11455/827/1507 11454/827/1508
f 11456/827/1505 11454/827/1508 11457/827/1555
f 11458/827/1510 11456/827/1505 11457/827/1555
f 11458/827/1510 11457/827/1555 11459/827/1511
f 11460/827/1512 11458/827/1510 11459/827/1511
f 11460/827/1512 11459/827/1511 11461/827/1513
f 11453/827/1506 11460/827/1512 11461/827/1513
f 11453/827/1506 11461/827/1513 11455/827/1507
s 0
f 11473/827/1459 11474/827/1459 11475/827/1459
f 11473/827/1460 11475/827/1460 11472/827/1460
f 11472/827/46 11475/827/46 11476/827/46
f 11472/827/1461 11476/827/1461 11471/827/1461
f 11471/827/1514 11476/827/1514 11470/827/1514
s 1
f 11467/827/1455 11466/827/1556 11465/827/1312
f 11467/827/1455 11465/827/1312 11468/827/1313
f 11468/827/1313 11465/827/1312 11464/827/1314
f 11468/827/1313 11464/827/1314 11469/827/1456
f 11469/827/1456 11464/827/1314 11463/827/1316
f 11469/827/1456 11463/827/1316 11462/827/1458
f 11548/827/1505 11545/827/1506 11547/827/1507
f 11548/827/1505 11547/827/1507 11546/827/1508
f 11548/827/1505 11546/827/1508 11549/827/1555
f 11550/827/1510 11548/827/1505 11549/827/1555
f 11550/827/1510 11549/827/1555 11551/827/1511
f 11552/827/1512 11550/827/1510 11551/827/1511
f 11552/827/1512 11551/827/1511 11553/827/1559
f 11545/827/1506 11552/827/1512 11553/827/1559
f 11545/827/1506 11553/827/1559 11547/827/1507
s 0
f 11565/827/1459 11566/827/1459 11567/827/1459
f 11565/827/1460 11567/827/1460 11564/827/1460
f 11564/827/46 11567/827/46 11568/827/46
f 11564/827/1461 11568/827/1461 11563/827/1461
f 11563/827/1514 11568/827/1514 11562/827/1514
s 1
f 11559/827/1455 11558/827/1515 11557/827/1312
f 11559/827/1455 11557/827/1312 11560/827/1313
f 11560/827/1313 11557/827/1312 11556/827/1314
f 11560/827/1313 11556/827/1314 11561/827/1456
f 11561/827/1456 11556/827/1314 11555/827/1316
f 11561/827/1456 11555/827/1316 11554/827/1458
f 12478/827/1505 12474/827/1506 12476/827/1507
f 12478/827/1505 12476/827/1507 12475/827/1508
f 12478/827/1505 12475/827/1508 12479/827/1555
f 12480/827/1510 12478/827/1505 12479/827/1555
f 12480/827/1510 12479/827/1555 12481/827/1511
f 12477/827/1512 12480/827/1510 12481/827/1511
f 12477/827/1512 12481/827/1511 12482/827/1559
f 12474/827/1506 12477/827/1512 12482/827/1559
f 12474/827/1506 12482/827/1559 12476/827/1507
s 0
f 12494/827/1459 12495/827/1459 12496/827/1459
f 12494/827/1460 12496/827/1460 12493/827/1460
f 12493/827/46 12496/827/46 12497/827/46
f 12493/827/1461 12497/827/1461 12492/827/1461
f 12492/827/1514 12497/827/1514 12491/827/1514
s 1
f 12488/827/1455 12487/827/1311 12486/827/1312
f 12488/827/1455 12486/827/1312 12489/827/1313
f 12489/827/1313 12486/827/1312 12485/827/1314
f 12489/827/1313 12485/827/1314 12490/827/1315
f 12490/827/1315 12485/827/1314 12484/827/1457
f 12490/827/1315 12484/827/1457 12483/827/1613
f 13430/827/1670 13431/827/1671 13433/827/1672
f 13430/827/1670 13433/827/1672 13432/827/1673
f 13430/827/1670 13432/827/1673 13434/827/1674
f 13435/827/1675 13430/827/1670 13434/827/1674
f 13435/827/1675 13434/827/1674 13436/827/1676
f 13437/827/1512 13435/827/1675 13436/827/1676
f 13437/827/1512 13436/827/1676 13438/827/1513
f 13431/827/1671 13437/827/1512 13438/827/1513
f 13431/827/1671 13438/827/1513 13433/827/1672
s 0
f 13450/827/1459 13451/827/1459 13452/827/1459
f 13450/827/1460 13452/827/1460 13449/827/1460
f 13449/827/46 13452/827/46 13453/827/46
f 13449/827/1461 13453/827/1461 13448/827/1461
f 13448/827/1514 13453/827/1514 13447/827/1514
s 1
f 13444/827/1455 13443/827/1556 13442/827/1312
f 13444/827/1455 13442/827/1312 13445/827/1313
f 13445/827/1313 13442/827/1312 13441/827/1314
f 13445/827/1313 13441/827/1314 13446/827/1315
f 13446/827/1315 13441/827/1314 13440/827/1457
f 13446/827/1315 13440/827/1457 13439/827/1458
f 13756/827/1301 13753/827/1451 13754/827/1303
f 13753/827/1451 13761/827/1340 13754/827/1303
f 13756/827/1301 13754/827/1303 13757/827/1304
f 13758/827/1305 13756/827/1301 13757/827/1304
f 13758/827/1305 13757/827/1304 13759/827/1306
f 13755/827/1307 13758/827/1305 13759/827/1306
f 13755/827/1307 13759/827/1306 13760/827/1414
f 13755/827/1307 13760/827/1414 13761/827/1340
f 13753/827/1451 13755/827/1307 13761/827/1340
s 0
f 13773/827/1459 13774/827/1459 13775/827/1459
f 13773/827/1460 13775/827/1460 13772/827/1460
f 13772/827/46 13775/827/46 13776/827/46
f 13772/827/1461 13776/827/1461 13771/827/1461
f 13771/827/1514 13776/827/1514 13770/827/1514
s 1
f 13767/827/1455 13766/827/1311 13765/827/1312
f 13767/827/1455 13765/827/1312 13768/827/1313
f 13768/827/1313 13765/827/1312 13764/827/1314
f 13768/827/1313 13764/827/1314 13769/827/1315
f 13769/827/1315 13764/827/1314 13763/827/1316
f 13769/827/1315 13763/827/1316 13762/827/1458
s 0
usemtl m15
f 7653/1502/1320 7655/1502/1320 7654/1502/1320
f 7738/1502/1321 7739/1502/1321 7735/1502/1321
f 7778/1502/1322 7779/1502/1322 7775/1502/1322
f 7822/1502/1295 7786/1502/1295 7791/1502/1295
f 7839/1502/1323 7840/1502/1323 7836/1502/1323
f 7852/1502/1324 7853/1502/1324 7849/1502/1324
f 7854/1502/1325 7853/1502/1325 7852/1502/1325
f 7902/1502/47 7907/1502/47 7899/1502/47
f 7935/1502/1326 7936/1502/1326 7932/1502/1326
f 7960/1502/1327 7961/1502/1327 7955/1502/1327
f 7973/1502/1328 7974/1502/1328 7969/1502/1328
f 8008/1502/1329 8009/1502/1329 7999/1502/1329
s 1
f 8096/1502/1330 8089/1502/1331 8095/1502/1332
f 8090/1502/1333 8091/1502/1334 8089/1502/1335
f 8090/1502/1333 8092/1502/1336 8091/1502/1334
f 8092/1502/1336 8093/1502/1337 8091/1502/1334
f 8093/1502/1337 8094/1502/1338 8091/1502/1334
f 8094/1502/1339 8096/1502/1330 8095/1502/1332
s 0
f 8121/1502/1349 8122/1502/1349 8123/1502/1349
f 8121/1502/1350 8124/1502/1350 8122/1502/1350
f 8145/1502/1351 8146/1502/1351 8122/1502/1351
f 8163/1502/1352 8159/1502/1352 8162/1502/1352
f 8169/1502/1353 8170/1502/1353 8166/1502/1353
f 8179/1502/1354 8180/1502/1354 8176/1502/1354
f 8206/1502/1355 8207/1502/1355 8203/1502/1355
f 8213/1502/1356 8214/1502/1356 8210/1502/1356
f 8231/1502/1357 8236/1502/1357 8235/1502/1357
f 8242/1502/1358 8243/1502/1358 8239/1502/1358
f 8294/1502/1359 8295/1502/1359 8289/1502/1359
f 8324/1502/1360 8325/1502/1360 8321/1502/1360
f 8362/1502/1361 8363/1502/1361 8359/1502/1361
s 1
f 8368/1502/1362 8364/1502/1363 8365/1502/1364
f 8368/1502/1362 8365/1502/1364 8369/1502/1365
f 8364/1502/1363 8366/1502/1366 8367/1502/1367
f 8364/1502/1363 8367/1502/1367 8365/1502/1364
f 8366/1502/1366 8368/1502/1362 8369/1502/1365
f 8366/1502/1366 8369/1502/1365 8367/1502/1367
s 0
f 8410/1502/1372 8411/1502/1372 8407/1502/1372
f 8417/1502/1373 8418/1502/1373 8414/1502/1373
f 8444/1502/1374 8441/1502/1374 8438/1502/1374
f 8488/1502/1375 8491/1502/1375 8476/1502/1375
f 8516/1502/1376 8517/1502/1376 8513/1502/1376
f 8525/1502/1377 8526/1502/1377 8520/1502/1377
f 8552/1502/1378 8553/1502/1378 8549/1502/1378
f 8559/1502/1379 8560/1502/1379 8553/1502/1379
f 8584/1502/1380 8585/1502/1380 8581/1502/1380
f 8591/1502/1381 8592/1502/1381 8585/1502/1381
f 8606/1502/1382 8607/1502/1382 8603/1502/1382
f 8680/1502/1383 8683/1502/1383 8677/1502/1383
f 8686/1502/1384 8687/1502/1384 8647/1502/1384
f 8725/1502/1385 8726/1502/1385 8720/1502/1385
f 8777/1502/1386 8759/1502/1386 8732/1502/1386
f 8783/1502/1387 8759/1502/1387 8780/1502/1387
f 8842/1502/1388 8841/1502/1388 8836/1502/1388
f 8842/1502/1389 8851/1502/1389 8848/1502/1389
f 8890/1502/1390 8891/1502/1390 8886/1502/1390
f 8914/1502/1391 8915/1502/1391 8911/1502/1391
f 8945/1502/1392 8946/1502/1392 8942/1502/1392
f 8989/1502/1393 8990/1502/1393 8986/1502/1393
f 9005/1502/1394 9006/1502/1394 9002/1502/1394
f 9093/1502/1395 9094/1502/1395 9090/1502/1395
f 9146/1502/1396 9147/1502/1396 9143/1502/1396
f 9212/1502/1397 9213/1502/1397 9207/1502/1397
f 9252/1502/1398 9253/1502/1398 9243/1502/1398
f 9265/1502/1399 9266/1502/1399 9253/1502/1399
f 9288/1502/1400 9287/1502/1400 9283/1502/1400
s 1
f 9316/1502/1401 9305/1502/1402 9306/1502/1403
f 9316/1502/1401 9306/1502/1403 9315/1502/1404
f 9305/1502/1402 9307/1502/1405 9306/1502/1403
f 9307/1502/1405 9308/1502/1406 9306/1502/1403
f 9307/1502/1405 9309/1502/1407 9308/1502/1406
f 9309/1502/1407 9310/1502/1408 9308/1502/1406
f 9309/1502/1407 9311/1502/1409 9310/1502/1408
f 9311/1502/1409 9312/1502/1410 9310/1502/1408
f 9311/1502/1409 9313/1502/1411 9312/1502/1410
f 9313/1502/1411 9314/1502/1412 9312/1502/1410
f 9314/1502/1412 9315/1502/1404 9312/1502/1410
f 9314/1502/1412 9316/1502/1401 9315/1502/1404
s 0
f 9343/1502/1295 9344/1502/1295 9345/1502/1295
f 9371/1502/1418 9372/1502/1418 9368/1502/1418
f 9378/1502/1419 9379/1502/1419 9372/1502/1419
f 9411/1502/1420 9412/1502/1420 9408/1502/1420
f 9480/1502/1421 9481/1502/1421 9476/1502/1421
f 9493/1502/1422 9494/1502/1422 9490/1502/1422
f 9510/1502/1423 9511/1502/1423 9507/1502/1423
f 9521/1502/1021 9524/1502/1021 9516/1502/1021
f 9551/1502/1424 9552/1502/1424 9546/1502/1424
f 9555/1502/1425 9556/1502/1425 9542/1502/1425
f 9578/1502/1426 9579/1502/1426 9556/1502/1426
f 9631/1502/1427 9632/1502/1427 9630/1502/1427
f 9686/1502/1428 9687/1502/1428 9683/1502/1428
f 9696/1502/1429 9697/1502/1429 9693/1502/1429
f 9720/1502/1430 9721/1502/1430 9717/1502/1430
f 9739/1502/1431 9740/1502/1431 9736/1502/1431
f 9769/1502/1432 9770/1502/1432 9764/1502/1432
f 9782/1502/1433 9783/1502/1433 9778/1502/1433
f 9835/1502/1434 9838/1502/1434 9832/1502/1434
f 9855/1502/1435 9859/1502/1435 9866/1502/1435
s 1
f 9906/1502/1436 9908/1502/1436 9907/1502/1436
f 9909/1502/1437 9910/1502/1438 9908/1502/1439
f 9909/1502/1437 9911/1502/1440 9910/1502/1438
f 9911/1502/1440 9912/1502/1441 9913/1502/1442
f 9911/1502/1440 9913/1502/1442 9910/1502/1438
f 9912/1502/1441 9907/1502/1443 9913/1502/1442
s 0
f 9938/1502/1448 9948/1502/1448 9946/1502/1448
f 9949/1502/1449 9948/1502/1449 9938/1502/1449
f 9954/1502/1450 9953/1502/1450 9952/1502/1450
f 10059/1502/1051 10060/1502/1051 10056/1502/1051
f 10066/1502/1462 10067/1502/1462 10063/1502/1462
f 10132/1502/1463 10133/1502/1463 10129/1502/1463
f 10125/1502/1464 10137/1502/1464 10107/1502/1464
f 10146/1502/1465 10149/1502/1465 10144/1502/1465
f 10202/1502/1466 10201/1502/1466 10194/1502/1466
f 10218/1502/1467 10219/1502/1467 10206/1502/1467
f 10242/1502/1468 10251/1502/1468 10233/1502/1468
f 10316/1502/1469 10317/1502/1469 10311/1502/1469
f 10334/1502/1470 10335/1502/1470 10330/1502/1470
f 10344/1502/1471 10355/1502/1471 10356/1502/1471
f 10379/1502/1472 10380/1502/1472 10364/1502/1472
f 10414/1502/1473 10418/1502/1473 10417/1502/1473
f 10419/1502/1474 10418/1502/1474 10414/1502/1474
f 10425/1502/1475 10426/1502/1475 10418/1502/1475
f 10439/1502/1476 10440/1502/1476 10434/1502/1476
f 10454/1502/1477 10455/1502/1477 10451/1502/1477
f 10472/1502/1478 10468/1502/1478 10471/1502/1478
f 10507/1502/1479 10508/1502/1479 10491/1502/1479
f 10515/1502/1480 10519/1502/1480 10512/1502/1480
f 10532/1502/48 10518/1502/48 10527/1502/48
f 10554/1502/1481 10555/1502/1481 10532/1502/1481
f 10568/1502/1482 10569/1502/1482 10555/1502/1482
f 10587/1502/1483 10589/1502/1483 10582/1502/1483
f 10598/1502/1484 10599/1502/1484 10594/1502/1484
f 10613/1502/1485 10614/1502/1485 10608/1502/1485
f 10622/1502/1486 10615/1502/1486 10618/1502/1486
f 10639/1502/1487 10640/1502/1487 10632/1502/1487
f 10652/1502/1488 10657/1502/1488 10647/1502/1488
f 10683/1502/1489 10682/1502/1489 10668/1502/1489
f 10692/1502/1490 10693/1502/1490 10689/1502/1490
f 10716/1502/1491 10717/1502/1491 10713/1502/1491
s 1
f 10734/1502/1492 10730/1502/1493 10735/1502/1494
f 10730/1502/1493 10731/1502/1495 10735/1502/1494
f 10730/1502/1493 10732/1502/1496 10731/1502/1495
f 10730/1502/1493 10733/1502/1497 10732/1502/1496
f 10734/1502/1492 10735/1502/1494 10733/1502/1498
f 10740/1502/1499 10736/1502/1500 10739/1502/1501
f 10740/1502/1499 10737/1502/1502 10736/1502/1500
f 10737/1502/1502 10738/1502/1503 10736/1502/1500
f 10738/1502/1504 10740/1502/1499 10739/1502/1501
s 0
f 10780/1502/1516 10781/1502/1516 10777/1502/1516
f 10791/1502/1517 10792/1502/1517 10784/1502/1517
f 10813/1502/1518 10820/1502/1518 10802/1502/1518
f 10845/1502/1519 10849/1502/1519 10834/1502/1519
f 10865/1502/1520 10870/1502/1520 10858/1502/1520
f 10875/1502/1521 10879/1502/1521 10869/1502/1521
f 10894/1502/1522 10895/1502/1522 10879/1502/1522
f 10905/1502/1523 10906/1502/1523 10902/1502/1523
f 10918/1502/1524 10919/1502/1524 10911/1502/1524
f 10950/1502/1525 10951/1502/1525 10940/1502/1525
f 10958/1502/1526 10959/1502/1526 10950/1502/1526
f 10960/1502/1021 10951/1502/1021 10950/1502/1021
f 10992/1502/1527 10993/1502/1527 10986/1502/1527
f 11011/1502/1528 11013/1502/1528 11012/1502/1528
f 11043/1502/1529 11047/1502/1529 11046/1502/1529
f 11048/1502/1530 11047/1502/1530 11043/1502/1530
f 11084/1502/1531 11085/1502/1531 11083/1502/1531
f 11121/1502/1532 11124/1502/1532 11085/1502/1532
f 11143/1502/48 11142/1502/48 11135/1502/48
f 11155/1502/1533 11160/1502/1533 11148/1502/1533
f 11197/1502/1534 11198/1502/1534 11188/1502/1534
f 11231/1502/1535 11232/1502/1535 11224/1502/1535
f 11265/1502/1536 11266/1502/1536 11258/1502/1536
f 11287/1502/1537 11288/1502/1537 11275/1502/1537
f 11359/1502/1538 11360/1502/1538 11356/1502/1538
f 11389/1502/1539 11390/1502/1539 11386/1502/1539
f 11405/1502/1540 11406/1502/1540 11402/1502/1540
f 11432/1502/46 11436/1502/46 11437/1502/46
f 11438/1502/1541 11436/1502/1541 11432/1502/1541
s 1
f 11447/1502/1542 11443/1502/1543 11442/1502/1544
f 11443/1502/1543 11444/1502/1545 11442/1502/1544
f 11443/1502/1543 11445/1502/1546 11444/1502/1545
f 11445/1502/1546 11446/1502/1547 11444/1502/1545
f 11447/1502/1542 11442/1502/1544 11446/1502/1548
f 11448/1502/1549 11449/1502/1550 11452/1502/1551
f 11448/1502/1549 11450/1502/1552 11449/1502/1550
f 11450/1502/1552 11451/1502/1553 11449/1502/1550
f 11450/1502/1552 11452/1502/1554 11451/1502/1553
s 0
f 11477/1502/1557 11478/1502/1557 11479/1502/1557
f 11524/1502/1558 11523/1502/1558 11518/1502/1558
f 11525/1502/48 11523/1502/48 11524/1502/48
f 11578/1502/1560 11579/1502/1560 11575/1502/1560
f 11585/1502/1561 11586/1502/1561 11582/1502/1561
f 11609/1502/1562 11610/1502/1562 11601/1502/1562
f 11628/1502/1563 11632/1502/1563 11620/1502/1563
f 11650/1502/1564 11651/1502/1564 11646/1502/1564
f 11647/1502/1565 11652/1502/1565 11638/1502/1565
f 11661/1502/1566 11662/1502/1566 11655/1502/1566
f 11710/1502/1567 11709/1502/1567 11704/1502/1567
f 11725/1502/1568 11728/1502/1568 11718/1502/1568
f 11765/1502/1569 11766/1502/1569 11758/1502/1569
f 11766/1502/1570 11796/1502/1570 11793/1502/1570
f 11809/1502/1571 11810/1502/1571 11804/1502/1571
f 11826/1502/1572 11827/1502/1572 11821/1502/1572
f 11842/1502/1573 11843/1502/1573 11830/1502/1573
f 11862/1502/1574 11863/1502/1574 11855/1502/1574
f 11884/1502/1575 11886/1502/1575 11880/1502/1575
f 11901/1502/1296 11902/1502/1296 11895/1502/1296
f 11919/1502/1576 11920/1502/1576 11911/1502/1576
f 11944/1502/1577 11945/1502/1577 11933/1502/1577
f 11939/1502/1557 11946/1502/1557 11932/1502/1557
f 11949/1502/1578 11956/1502/1578 11957/1502/1578
f 11960/1502/1021 11956/1502/1021 11949/1502/1021
f 11969/1502/1579 11970/1502/1579 11966/1502/1579
f 11996/1502/1580 11997/1502/1580 11993/1502/1580
f 12008/1502/1581 12009/1502/1581 12010/1502/1581
f 12051/1502/1582 12052/1502/1582 12042/1502/1582
f 12062/1502/1583 12063/1502/1583 12055/1502/1583
f 12089/1502/1584 12094/1502/1584 12077/1502/1584
f 12109/1502/1585 12110/1502/1585 12101/1502/1585
f 12122/1502/1586 12123/1502/1586 12110/1502/1586
f 12221/1502/1587 12222/1502/1587 12216/1502/1587
f 12231/1502/51 12217/1502/51 12227/1502/51
f 12231/1502/46 12234/1502/46 12217/1502/46
f 12240/1502/1588 12241/1502/1588 12237/1502/1588
f 12247/1502/1589 12248/1502/1589 12244/1502/1589
f 12255/1502/1590 12256/1502/1590 12251/1502/1590
f 12254/1502/1591 12255/1502/1591 12251/1502/1591
f 12254/1502/1592 12257/1502/1592 12255/1502/1592
f 12266/1502/1593 12267/1502/1593 12257/1502/1593
f 12283/1502/1594 12284/1502/1594 12278/1502/1594
f 12285/1502/1595 12289/1502/1595 12277/1502/1595
f 12359/1502/1596 12363/1502/1596 12356/1502/1596
f 12353/1502/1597 12364/1502/1597 12362/1502/1597
s 1
f 12460/1502/1598 12461/1502/1598 12459/1502/1598
f 12461/1502/1599 12463/1502/1600 12462/1502/1601
f 12463/1502/1600 12464/1502/1602 12462/1502/1601
f 12463/1502/1600 12465/1502/1603 12464/1502/1602
f 12465/1502/1603 12459/1502/1604 12464/1502/1602
f 12468/1502/1605 12466/1502/1606 12469/1502/1607
f 12468/1502/1605 12469/1502/1607 12467/1502/1608
f 12472/1502/1609 12470/1502/1610 12473/1502/1611
f 12472/1502/1609 12473/1502/1611 12471/1502/1612
s 0
f 12498/1502/1614 12525/1502/1614 12524/1502/1614
f 12574/1502/1615 12575/1502/1615 12561/1502/1615
f 12599/1502/1616 12600/1502/1616 12595/1502/1616
f 12606/1502/1617 12607/1502/1617 12603/1502/1617
f 12615/1502/1618 12616/1502/1618 12610/1502/1618
f 12621/1502/1021 12581/1502/1021 12617/1502/1021
f 12630/1502/1619 12631/1502/1619 12627/1502/1619
f 12640/1502/1620 12641/1502/1620 12637/1502/1620
f 12656/1502/1621 12657/1502/1621 12653/1502/1621
f 12665/1502/1622 12666/1502/1622 12662/1502/1622
f 12690/1502/1623 12691/1502/1623 12684/1502/1623
f 12775/1502/1624 12778/1502/1624 12779/1502/1624
f 12788/1502/1625 12789/1502/1625 12785/1502/1625
f 12807/1502/1626 12808/1502/1626 12804/1502/1626
f 12621/1502/1627 12809/1502/1627 12759/1502/1627
f 12840/1502/1628 12841/1502/1628 12837/1502/1628
f 12845/1502/1629 12841/1502/1629 12844/1502/1629
f 12851/1502/1630 12852/1502/1630 12848/1502/1630
f 12884/1502/1631 12885/1502/1631 12881/1502/1631
f 12891/1502/1632 12892/1502/1632 12888/1502/1632
f 12898/1502/1633 12899/1502/1633 12895/1502/1633
f 12908/1502/1634 12809/1502/1634 12909/1502/1634
f 12914/1502/1635 12915/1502/1635 12899/1502/1635
f 12958/1502/1021 12957/1502/1021 12959/1502/1021
f 13008/1502/1636 13013/1502/1636 13009/1502/1636
f 13081/1502/1637 13089/1502/1637 13086/1502/1637
f 13090/1502/1638 13089/1502/1638 13081/1502/1638
f 13096/1502/1639 13097/1502/1639 13093/1502/1639
f 13156/1502/1640 13157/1502/1640 13153/1502/1640
f 13178/1502/1641 13088/1502/1641 13171/1502/1641
f 13190/1502/1642 13178/1502/1642 13188/1502/1642
f 13209/1502/1643 13204/1502/1644 13208/1502/1645
f 13218/1502/1646 13219/1502/1646 13215/1502/1646
f 13269/1502/1647 13270/1502/1647 13266/1502/1647
f 13287/1502/1648 13288/1502/1648 13282/1502/1648
f 13294/1502/1649 13295/1502/1649 13291/1502/1649
f 13333/1502/1650 13338/1502/1650 13324/1502/1650
f 13341/1502/1595 13348/1502/1595 13349/1502/1595
f 13402/1502/1651 13404/1502/1651 13403/1502/1651
s 1
f 13414/1502/1652 13415/1502/1653 13413/1502/1654
f 13414/1502/1652 13416/1502/1655 13415/1502/1653
f 13416/1502/1655 13417/1502/1656 13415/1502/1653
f 13416/1502/1655 13418/1502/1657 13419/1502/1658
f 13416/1502/1655 13419/1502/1658 13417/1502/1656
f 13418/1502/1657 13420/1502/1659 13419/1502/1658
f 13418/1502/1657 13421/1502/1660 13420/1502/1659
f 13421/1502/1660 13413/1502/1661 13420/1502/1659
f 13425/1502/1662 13422/1502/1663 13423/1502/1664
f 13422/1502/1663 13424/1502/1665 13423/1502/1664
f 13429/1502/1666 13426/1502/1667 13428/1502/1668
f 13427/1502/1669 13429/1502/1666 13428/1502/1668
s 0
f 13458/1502/1677 13459/1502/1677 13455/1502/1677
f 13454/1502/45 13460/1502/45 13458/1502/45
f 13465/1502/1678 13459/1502/1678 13460/1502/1678
f 13454/1502/1679 13466/1502/1679 13465/1502/1679
f 13467/1502/1680 13468/1502/1680 13459/1502/1680
f 13480/1502/1681 13481/1502/1681 13477/1502/1681
f 13515/1502/1682 13516/1502/1682 13503/1502/1682
f 13520/1502/1683 13524/1502/1683 13517/1502/1683
f 13530/1502/1684 13531/1502/1684 13523/1502/1684
f 13546/1502/1685 13547/1502/1685 13543/1502/1685
f 13564/1502/1686 13531/1502/1686 13561/1502/1686
f 13596/1502/1687 13593/1502/1687 13592/1502/1687
f 13597/1502/1688 13598/1502/1688 13592/1502/1688
f 13598/1502/47 13601/1502/47 13596/1502/47
f 13602/1502/1689 13601/1502/1689 13598/1502/1689
f 13597/1502/46 13605/1502/46 13602/1502/46
f 13619/1502/1690 13620/1502/1690 13611/1502/1690
f 13637/1502/1691 13638/1502/1691 13630/1502/1691
f 13662/1502/1692 13657/1502/1692 13647/1502/1692
f 13673/1502/1693 13674/1502/1693 13670/1502/1693
f 13680/1502/1694 13681/1502/1694 13657/1502/1694
f 13684/1502/1695 13687/1502/1695 13677/1502/1695
f 13706/1502/1696 13711/1502/1696 13700/1502/1696
f 13726/1502/1697 13727/1502/1697 13720/1502/1697
f 13730/1502/1698 13731/1502/1698 13723/1502/1698
f 13743/1502/1699 13744/1502/1699 13740/1502/1699
s 1
f 13748/1502/1700 13745/1502/1701 13749/1502/1702
f 13745/1502/1701 13746/1502/1703 13749/1502/1702
f 13745/1502/1701 13747/1502/1704 13746/1502/1703
f 13747/1502/1705 13748/1502/1700 13749/1502/1702
s 0
f 13785/1502/1706 13786/1502/1706 13782/1502/1706
f 13792/1502/1707 13793/1502/1707 13789/1502/1707
f 13799/1502/1039 13800/1502/1039 13796/1502/1039
f 13803/1502/1021 13800/1502/1021 13799/1502/1021
f 13821/1502/1708 13822/1502/1708 13800/1502/1708
f 13861/1502/1709 13862/1502/1709 13855/1502/1709
f 13902/1502/45 13908/1502/45 13896/1502/45
f 13909/1502/1710 13910/1502/1710 13905/1502/1710
f 13931/1502/1711 13932/1502/1711 13925/1502/1711
f 14029/1502/1712 14030/1502/1712 14018/1502/1712
f 14049/1502/1713 14050/1502/1713 14030/1502/1713
f 14073/1502/1714 14074/1502/1714 14070/1502/1714
f 14090/1502/1715 14091/1502/1715 14087/1502/1715
f 14097/1502/1459 14098/1502/1459 14094/1502/1459
f 14156/1502/1459 14161/1502/1459 14149/1502/1459
f 14186/1502/1715 14187/1502/1715 14175/1502/1715
f 14212/1502/1716 14213/1502/1716 14204/1502/1716
f 14226/1502/1717 14230/1502/1717 14219/1502/1717
f 14241/1502/1558 14242/1502/1558 14238/1502/1558
f 14253/1502/1718 14254/1502/1718 14248/1502/1718
f 14275/1502/1719 14276/1502/1719 14269/1502/1719
f 14294/1502/1720 14295/1502/1720 14276/1502/1720
f 14296/1502/1721 14297/1502/1721 14289/1502/1721
f 14325/1502/46 14326/1502/46 14317/1502/46
f 14337/1502/1722 14339/1502/1722 14332/1502/1722
f 14369/1502/1723 14360/1502/1723 14357/1502/1723
s 1
f 14395/1502/1724 14391/1502/1725 14394/1502/1726
f 14395/1502/1724 14392/1502/1727 14391/1502/1725
f 14392/1502/1727 14393/1502/1728 14391/1502/1725
f 14393/1502/1729 14395/1502/1724 14394/1502/1726
f 14400/1502/1730 14396/1502/1731 14401/1502/1732
f 14397/1502/1733 14398/1502/1734 14399/1502/1735
f 14398/1502/1734 14400/1502/1730 14399/1502/1735
f 14400/1502/1730 14401/1502/1732 14399/1502/1735
l 2188 2189
l 2190 2191
l 2386 2387
l 2780 2781
l 2784 2785
l 2792 2793
l 2796 2797
l 2812 2813
l 2859 2860
l 2863 2864
l 2382 2976
l 4386 4387
l 2377 2378
l 2383 2384
l 2707 2708
l 2722 2723
l 2732 2733
l 2738 2739
l 2752 2753
l 2758 2759
l 2818 2819
l 2822 2823
l 2828 2829
l 2840 2841
l 2372 2854
l 2857 2858
l 2899 2900
l 2978 2979
l 3034 3035
l 3562 3563
l 3592 3593
l 3606 3607
l 3636 3637
l 3697 3698
l 3759 3760
l 3773 3774
l 4360 4361
l 4364 4365
l 4368 4369
l 4542 4543
l 4546 4547
l 2373 2374
l 2384 2876
l 2886 2887
l 2892 2893
l 2911 2912
l 2921 2922
l 2932 2960
l 3020 3021
l 2966 3025
l 4338 4339
l 4342 4343
l 4348 4349
l 4352 4353
l 4356 4357
l 4372 4373
l 4376 4377
l 4380 4381
l 2379 2380
l 2778 2779
l 2782 2783
l 2786 2787
l 2790 2791
l 2794 2795
l 2798 2799
l 2804 2805
l 2810 2811
l 2861 2862
l 2881 2882
l 2379 2898
l 2933 3009
l 2999 3014
l 3040 3041
l 4358 4359
l 4384 4385
l 2948 2949
l 4346 4347
l 2375 2376
l 2709 2710
l 2715 2716
l 2720 2721
l 2724 2725
l 2730 2731
l 2816 2817
l 2820 2821
l 2838 2839
l 2855 2856
l 2824 2871
l 2968 2385
l 2980 2981
l 3870 3871
l 3884 3885
l 3994 3995
l 4024 4025
l 4150 4151
l 4362 4363
l 4366 4367
l 4370 4371
l 4540 4541
l 4544 4545
l 4548 4549
l 2381 2382
l 2894 2895
l 2825 2903
l 2913 2914
l 2919 2920
l 2930 2931
l 2958 2959
l 4340 4341
l 4344 4345
l 4350 4351
l 4354 4355
l 4374 4375
l 4378 4379
l 4382 4383
l 5054 5055
l 5056 5057
l 5062 5063
l 5068 5069
l 5072 5073
l 5076 5077
l 5080 5081
l 5084 5085
l 5088 5089
l 5092 5093
l 5096 5097
l 5100 5101
l 5104 5105
l 5108 5109
l 5112 5113
l 5116 5117
l 5120 5121
l 5124 5125
l 5128 5129
l 5132 5133
l 5136 5137
l 5140 5141
l 5144 5145
l 5148 5149
l 5152 5153
l 5156 5157
l 5160 5161
l 5164 5165
l 5174 5175
l 5178 5179
l 5253 5254
l 5257 5258
l 5261 5262
l 5265 5266
l 5269 5270
l 5273 5274
l 5403 5404
l 5407 5408
l 5411 5412
l 5415 5416
l 5419 5420
l 5429 5430
l 5898 5899
l 4805 4806
l 4997 4998
l 5070 5071
l 5074 5075
l 5078 5079
l 5082 5083
l 5086 5087
l 5090 5091
l 5094 5095
l 5098 5099
l 5102 5103
l 5106 5107
l 5110 5111
l 5114 5115
l 5118 5119
l 5122 5123
l 5126 5127
l 5130 5131
l 5134 5135
l 5138 5139
l 5142 5143
l 5146 5147
l 5150 5151
l 5154 5155
l 5158 5159
l 5162 5163
l 5166 5167
l 5172 5173
l 5176 5177
l 5251 5252
l 5255 5256
l 5259 5260
l 5263 5264
l 5267 5268
l 5271 5272
l 5275 5276
l 5401 5402
l 5405 5406
l 5409 5410
l 5413 5414
l 5417 5418
l 5421 5422
l 5427 5428
l 4940 4941
l 5931 5932
l 6606 6607
l 6619 6620
l 6632 6633
l 6641 6642
l 6654 6655
l 6690 6691
l 6692 6693
l 6735 6736
l 6737 6738
l 6741 6742
l 6759 6760
l 6761 6762
l 6771 6772
l 6773 6774
l 6786 6787
l 6788 6789
l 6807 6808
l 6817 6818
l 6830 6831
l 6832 6833
l 6837 6838
l 6839 6840
l 6841 6842
l 6847 6848
l 6849 6850
l 6851 6852
l 6853 6854
l 6855 6856
l 6857 6858
l 6859 6860
l 6861 6862
l 6863 6864
l 6865 6866
l 6867 6868
l 6869 6870
l 6871 6872
l 6873 6874
l 6875 6876
l 6877 6878
l 6879 6880
l 6881 6882
l 6883 6884
l 6885 6886
l 6887 6888
l 6889 6890
l 6891 6892
l 6893 6894
l 6898 6899
l 6900 6901
l 6902 6903
l 6904 6905
l 6906 6907
l 6908 6909
l 6910 6911
l 6912 6913
l 6914 6915
l 6916 6917
l 6918 6919
l 6920 6921
l 6922 6923
l 6924 6925
l 6926 6927
l 6928 6929
l 6930 6931
l 6932 6933
l 6934 6935
l 6936 6937
l 6938 6939
l 6940 6941
l 6942 6943
l 6944 6945
l 6946 6947
l 6948 6949
l 6950 6951
l 6952 6953
l 6954 6955
l 6956 6957
l 6958 6959
l 6960 6961
l 6962 6963
l 6964 6965
l 6966 6967
l 6968 6969
l 6970 6971
l 6972 6973
l 6974 6975
l 6976 6977
l 6978 6979
l 6980 6981
l 6982 6983
l 6984 6985
l 6986 6987
l 6988 6989
l 6990 6991
l 6992 6993
l 6994 6995
l 6996 6997
l 6998 6999
l 7000 7001
l 7005 7006
l 7007 7008
l 7009 7010
l 7011 7012
l 7013 7014
l 7015 7016
l 7017 7018
l 7019 7020
l 7069 7070
l 7071 7072
l 7073 7074
l 7075 7076
l 7077 7078
l 7079 7080
l 7081 7082
l 7083 7084
l 7085 7086
l 7087 7088
l 7089 7090
l 7091 7092
l 7093 7094
l 7095 7096
l 7097 7098
l 7099 7100
l 7101 7102
l 7103 7104
l 7105 7106
l 7107 7108
l 7109 7110
l 7145 7146
l 7295 7296
l 7297 7298
l 7299 7300
l 7301 7302
l 7309 7310
l 7370 7371
l 7397 7398
l 7399 7400
l 7401 7402
l 7403 7404
l 7405 7406
l 7407 7408
l 7409 7410
l 7411 7412
l 7413 7414
l 7415 7416
l 7417 7418
l 7419 7420
l 7421 7422
l 7423 7424
l 7425 7426
l 7427 7428
l 7429 7430
l 7431 7432
l 7433 7434
l 7435 7436
l 7437 7438
l 7439 7440
l 7441 7442
l 7443 7444
l 7500 7515
l 7553 7554
l 7556 7558
l 7559 7560
l 7568 7570
l 7541 7571
l 7617 7618
l 7619 7620
l 7621 7622
l 7623 7624
l 7625 7626
l 7627 7628
l 7629 7630
l 7631 7632
l 7630 7633
l 7634 7635
l 7633 7636
l 7637 7638
l 7639 7640
l 7641 7642
l 7643 7644
l 7645 7646
l 7647 7648
l 7649 7650
l 7651 7652
l 7656 7657
l 7655 7658
l 7659 7660
l 7661 7662
l 7663 7664
l 7665 7666
l 7667 7668
l 7669 7670
l 7671 7672
l 7673 7674
l 7676 7677
l 7678 7679
l 7675 7680
l 7681 7682
l 7683 7684
l 7680 7685
l 7686 7687
l 7688 7689
l 7690 7691
l 7680 7692
l 7687 7693
l 7694 7695
l 7696 7697
l 7698 7699
l 7700 7701
l 7699 7702
l 7692 7703
l 7704 7705
l 7706 7707
l 7708 7709
l 7710 7711
l 7712 7713
l 7703 7714
l 7709 7715
l 7716 7717
l 7718 7719
l 7720 7721
l 7722 7723
l 7724 7725
l 7726 7727
l 7728 7729
l 7730 7731
l 7725 7732
l 7733 7734
l 7731 7735
l 7736 7737
l 7740 7741
l 7738 7742
l 7743 7744
l 7742 7745
l 7746 7747
l 7748 7749
l 7750 7751
l 7752 7753
l 7750 7754
l 7754 7755
l 7756 7757
l 7755 7758
l 7759 7760
l 7758 7761
l 7762 7763
l 7764 7765
l 7766 7767
l 7768 7769
l 7770 7771
l 7769 7772
l 7773 7774
l 7772 7775
l 7776 7777
l 7780 7781
l 7779 7782
l 7783 7784
l 7785 7786
l 7782 7787
l 7788 7789
l 7787 7790
l 7790 7791
l 7792 7793
l 7786 7794
l 7795 7796
l 7797 7798
l 7799 7800
l 7801 7802
l 7786 7803
l 7804 7805
l 7786 7806
l 7807 7808
l 7809 7810
l 7811 7812
l 7786 7813
l 7814 7815
l 7786 7816
l 7817 7818
l 7791 7819
l 7820 7821
l 7823 7824
l 7825 7826
l 7827 7828
l 7826 7829
l 7830 7831
l 7829 7832
l 7832 7833
l 7834 7835
l 7833 7836
l 7837 7838
l 7841 7842
l 7840 7843
l 7844 7845
l 7846 7847
l 7848 7849
l 7850 7851
l 7855 7856
l 7857 7858
l 7859 7860
l 7853 7861
l 7854 7862
l 7863 7864
l 7865 7866
l 7867 7868
l 7869 7870
l 7871 7872
l 7861 7873
l 7874 7875
l 7876 7877
l 7879 7880
l 7881 7882
l 7883 7884
l 7878 7885
l 7886 7887
l 7888 7889
l 7890 7891
l 7892 7893
l 7894 7895
l 7885 7896
l 7897 7898
l 7896 7899
l 7900 7901
l 7903 7904
l 7905 7906
l 7909 7910
l 7907 7911
l 7912 7913
l 7911 7914
l 7908 7915
l 7916 7917
l 7918 7919
l 7915 7920
l 7921 7922
l 7923 7924
l 7925 7926
l 7920 7927
l 7928 7929
l 7930 7931
l 7929 7932
l 7933 7934
l 7937 7938
l 7936 7939
l 7940 7941
l 7939 7942
l 7943 7944
l 7945 7946
l 7947 7948
l 7949 7950
l 7951 7952
l 7953 7954
l 7952 7955
l 7956 7957
l 7958 7959
l 7962 7963
l 7961 7964
l 7965 7966
l 7967 7968
l 7969 7970
l 7971 7972
l 7975 7976
l 7974 7977
l 7978 7979
l 7977 7980
l 7981 7982
l 7980 7983
l 7984 7985
l 7983 7986
l 7987 7988
l 7989 7990
l 7991 7992
l 7993 7994
l 7995 7996
l 7997 7998
l 7992 7999
l 8000 8001
l 8002 8003
l 8004 8005
l 8006 8007
l 8010 8011
l 8012 8013
l 8014 8015
l 8016 8017
l 8018 8019
l 8020 8021
l 8022 8023
l 8024 8025
l 8026 8027
l 8028 8029
l 8009 8030
l 8031 8032
l 8033 8034
l 8035 8036
l 8037 8038
l 8039 8040
l 8041 8042
l 8043 8044
l 8045 8046
l 8047 8048
l 8049 8050
l 8051 8052
l 8053 8054
l 8055 8056
l 8057 8058
l 8059 8060
l 8061 8062
l 8063 8064
l 8065 8066
l 8067 8068
l 8069 8070
l 8071 8072
l 8073 8074
l 8075 8076
l 8077 8078
l 8079 8080
l 8030 8081
l 8082 8083
l 8084 8085
l 8086 8087
l 8018 8088
l 8125 8126
l 8127 8128
l 8122 8129
l 8130 8131
l 8132 8133
l 8122 8134
l 8135 8136
l 8122 8137
l 8138 8139
l 8122 8140
l 8141 8142
l 8143 8144
l 8147 8148
l 8149 8150
l 8121 8151
l 8152 8153
l 8121 8154
l 8155 8156
l 8157 8158
l 8146 8159
l 8160 8161
l 8164 8165
l 8163 8166
l 8167 8168
l 8171 8172
l 8170 8173
l 8174 8175
l 8173 8176
l 8177 8178
l 8181 8182
l 8180 8183
l 8184 8185
l 8183 8186
l 8187 8188
l 8186 8189
l 8190 8191
l 8189 8192
l 8193 8194
l 8195 8196
l 8197 8198
l 8199 8200
l 8201 8202
l 8200 8203
l 8204 8205
l 8208 8209
l 8207 8210
l 8211 8212
l 8215 8216
l 8214 8217
l 8218 8219
l 8217 8220
l 8221 8222
l 8223 8224
l 8225 8226
l 8227 8228
l 8229 8230
l 8231 8232
l 8233 8234
l 8237 8238
l 8236 8239
l 8240 8241
l 8244 8245
l 8246 8247
l 8248 8249
l 8244 8250
l 8251 8252
l 8253 8254
l 8244 8255
l 8256 8257
l 8244 8258
l 8259 8260
l 8244 8261
l 8262 8263
l 8264 8265
l 8244 8266
l 8267 8268
l 8269 8270
l 8271 8272
l 8273 8274
l 8275 8276
l 8277 8278
l 8279 8280
l 8281 8282
l 8283 8284
l 8285 8286
l 8287 8288
l 8275 8289
l 8290 8291
l 8292 8293
l 8296 8297
l 8295 8298
l 8299 8300
l 8301 8302
l 8303 8304
l 8305 8306
l 8304 8307
l 8308 8309
l 8310 8311
l 8312 8313
l 8314 8315
l 8316 8317
l 8315 8318
l 8319 8320
l 8318 8321
l 8322 8323
l 8326 8327
l 8325 8328
l 8329 8330
l 8328 8331
l 8332 8333
l 8331 8334
l 8335 8336
l 8334 8337
l 8338 8339
l 8340 8341
l 8342 8343
l 8344 8345
l 8346 8347
l 8345 8348
l 8349 8350
l 8348 8351
l 8352 8353
l 8354 8355
l 8356 8357
l 8358 8359
l 8360 8361
l 8394 8395
l 8418 8421
l 8466 8467
l 8484 8485
l 8489 8490
l 8496 8497
l 8507 8508
l 8542 8543
l 8546 8549
l 8553 8556
l 8560 8563
l 8576 8577
l 8607 8612
l 8644 8647
l 8648 8649
l 8651 8654
l 8666 8667
l 8691 8694
l 8753 8754
l 8768 8769
l 8768 8772
l 8778 8779
l 8787 8788
l 8797 8798
l 8805 8808
l 8815 8816
l 8820 8821
l 8827 8828
l 8849 8850
l 8883 8884
l 8922 8923
l 8937 8938
l 8947 8948
l 8955 8956
l 8971 8972
l 8987 8988
l 9011 9012
l 9027 9028
l 9067 9068
l 9083 9084
l 9098 9099
l 9108 9109
l 9117 9120
l 9162 9163
l 9172 9173
l 9177 9178
l 9259 9260
l 9296 9297
l 8400 8401
l 8419 8420
l 8433 8434
l 8442 8443
l 8477 8478
l 8480 8481
l 8511 8512
l 8529 8534
l 8534 8537
l 8547 8548
l 8550 8551
l 8561 8562
l 8566 8567
l 8585 8588
l 8601 8602
l 8608 8609
l 8617 8618
l 8619 8620
l 8629 8630
l 8639 8640
l 8652 8653
l 8676 8677
l 8681 8682
l 8692 8693
l 8702 8703
l 8712 8713
l 8687 8714
l 8717 8718
l 8735 8736
l 8744 8745
l 8773 8774
l 8784 8785
l 8792 8795
l 8816 8819
l 8873 8874
l 8899 8900
l 8918 8921
l 8927 8928
l 8943 8944
l 8961 8962
l 8977 8978
l 8998 8999
l 8998 9002
l 9017 9018
l 9033 9034
l 9043 9044
l 9052 9053
l 9073 9074
l 9089 9090
l 9104 9105
l 9113 9116
l 9118 9119
l 9127 9128
l 9137 9138
l 9154 9155
l 9163 9166
l 9196 9197
l 9201 9202
l 9216 9217
l 9221 9222
l 9231 9232
l 9240 9241
l 9250 9251
l 9269 9270
l 9274 9275
l 9301 9304
l 8406 8407
l 8415 8416
l 8429 8430
l 8439 8440
l 8441 8454
l 8472 8479
l 8530 8531
l 8535 8536
l 8538 8539
l 8554 8555
l 8557 8558
l 8572 8573
l 8589 8590
l 8592 8597
l 8625 8626
l 8635 8636
l 8662 8663
l 8708 8709
l 8723 8724
l 8727 8728
l 8740 8743
l 8749 8750
l 8764 8765
l 8759 8786
l 8793 8794
l 8806 8807
l 8811 8812
l 8823 8824
l 8841 8845
l 8845 8857
l 8860 8861
l 8856 8862
l 8863 8868
l 8879 8880
l 8903 8906
l 8909 8910
l 8933 8934
l 8967 8968
l 8983 8984
l 9003 9004
l 9007 9008
l 9023 9024
l 9058 9059
l 9058 9062
l 9063 9064
l 9079 9080
l 9094 9097
l 9114 9115
l 9123 9126
l 9133 9134
l 9159 9162
l 9164 9165
l 9151 9176
l 9192 9193
l 9227 9228
l 9236 9237
l 9246 9247
l 9256 9257
l 9266 9271
l 9283 9284
l 9292 9293
l 9302 9303
l 8396 8397
l 8411 8414
l 8447 8448
l 8455 8456
l 8459 8460
l 8463 8464
l 8468 8469
l 8473 8474
l 8486 8487
l 8501 8504
l 8509 8510
l 8517 8520
l 8521 8522
l 8543 8546
l 8578 8579
l 8586 8587
l 8593 8594
l 8597 8600
l 8597 8603
l 8613 8614
l 8645 8646
l 8672 8673
l 8688 8691
l 8698 8699
l 8741 8742
l 8755 8756
l 8760 8761
l 8789 8790
l 8799 8800
l 8817 8818
l 8829 8830
l 8833 8836
l 8837 8838
l 8846 8847
l 8851 8856
l 8864 8865
l 8869 8870
l 8885 8886
l 8880 8889
l 8895 8896
l 8904 8905
l 8919 8920
l 8939 8940
l 8957 8958
l 8973 8974
l 8994 8995
l 9013 9014
l 9029 9030
l 9039 9040
l 9048 9049
l 9069 9070
l 9085 9086
l 9095 9096
l 9100 9101
l 9110 9111
l 9124 9125
l 9147 9150
l 9141 9151
l 9160 9161
l 9174 9175
l 9179 9180
l 9261 9262
l 9298 9299
l 8402 8403
l 8425 8426
l 8435 8436
l 8448 8451
l 8460 8465
l 8491 8498
l 8502 8503
l 8526 8529
l 8544 8545
l 8568 8569
l 8598 8599
l 8610 8611
l 8621 8622
l 8631 8632
l 8641 8642
l 8658 8659
l 8668 8671
l 8678 8679
l 8683 8688
l 8689 8690
l 8704 8705
l 8719 8720
l 8737 8738
l 8770 8771
l 8775 8776
l 8795 8796
l 8802 8803
l 8830 8833
l 8834 8835
l 8852 8853
l 8875 8876
l 8891 8894
l 8901 8902
l 8929 8930
l 8963 8964
l 8979 8980
l 9019 9020
l 9035 9036
l 9044 9047
l 9054 9055
l 9075 9076
l 9106 9107
l 9120 9123
l 9129 9130
l 9139 9140
l 9142 9143
l 9156 9157
l 9183 9184
l 9188 9189
l 9198 9199
l 9203 9204
l 9208 9209
l 9223 9224
l 9242 9243
l 9267 9268
l 9271 9274
l 9279 9280
l 9288 9291
l 8408 8409
l 8412 8413
l 8452 8453
l 8482 8483
l 8492 8493
l 8494 8495
l 8498 8501
l 8505 8506
l 8527 8528
l 8532 8533
l 8540 8541
l 8574 8575
l 8582 8583
l 8627 8628
l 8664 8665
l 8669 8670
l 8684 8685
l 8694 8697
l 8726 8731
l 8714 8732
l 8733 8734
l 8751 8752
l 8766 8767
l 8781 8782
l 8813 8814
l 8825 8826
l 8862 8863
l 8881 8882
l 8914 8918
l 8935 8936
l 8949 8952
l 8953 8954
l 8969 8970
l 8985 8986
l 8990 8993
l 9000 9001
l 9009 9010
l 9025 9026
l 9045 9046
l 9060 9061
l 9065 9066
l 9081 9082
l 9091 9092
l 9116 9117
l 9148 9149
l 9170 9171
l 9194 9195
l 9204 9207
l 9213 9218
l 9229 9230
l 9253 9258
l 9275 9278
l 9289 9290
l 9294 9295
l 8398 8399
l 8421 8424
l 8431 8432
l 8445 8446
l 8457 8458
l 8470 8471
l 8475 8476
l 8499 8500
l 8510 8513
l 8518 8519
l 8523 8524
l 8564 8565
l 8580 8581
l 8595 8596
l 8615 8616
l 8637 8638
l 8650 8651
l 8654 8657
l 8665 8668
l 8674 8675
l 8695 8696
l 8700 8701
l 8710 8711
l 8715 8716
l 8729 8730
l 8757 8758
l 8762 8763
l 8791 8792
l 8831 8832
l 8839 8840
l 8843 8844
l 8858 8859
l 8866 8867
l 8871 8872
l 8887 8888
l 8892 8893
l 8897 8898
l 8906 8911
l 8916 8917
l 8925 8926
l 8941 8942
l 8950 8951
l 8959 8960
l 8975 8976
l 8991 8992
l 8996 8997
l 9015 9016
l 9031 9032
l 9041 9042
l 9050 9051
l 9071 9072
l 9087 9088
l 9102 9103
l 9112 9113
l 9121 9122
l 9135 9136
l 9152 9153
l 9166 9169
l 9181 9182
l 9184 9187
l 9176 9200
l 9214 9215
l 9219 9220
l 9230 9233
l 9234 9235
l 9238 9239
l 9248 9249
l 9263 9264
l 9272 9273
l 9276 9277
l 9285 9286
l 9300 9301
l 8404 8405
l 8422 8423
l 8427 8428
l 8437 8438
l 8449 8450
l 8461 8462
l 8465 8472
l 8514 8515
l 8570 8571
l 8604 8605
l 8623 8624
l 8633 8634
l 8643 8644
l 8655 8656
l 8660 8661
l 8706 8707
l 8721 8722
l 8739 8740
l 8743 8746
l 8747 8748
l 8777 8780
l 8796 8801
l 8804 8805
l 8809 8810
l 8819 8822
l 8854 8855
l 8877 8878
l 8907 8908
l 8912 8913
l 8921 8924
l 8931 8932
l 8946 8949
l 8965 8966
l 8981 8982
l 9021 9022
l 9037 9038
l 9056 9057
l 9077 9078
l 9131 9132
l 9144 9145
l 9158 9159
l 9167 9168
l 9185 9186
l 9190 9191
l 9205 9206
l 9210 9211
l 9225 9226
l 9244 9245
l 9254 9255
l 9281 9282
l 9341 9342
l 9343 9346
l 9347 9348
l 9349 9350
l 9351 9352
l 9353 9354
l 9355 9356
l 9357 9358
l 9346 9359
l 9360 9361
l 9346 9362
l 9363 9364
l 9346 9365
l 9366 9367
l 9346 9368
l 9369 9370
l 9373 9374
l 9372 9375
l 9376 9377
l 9380 9381
l 9379 9382
l 9383 9384
l 9382 9385
l 9385 9386
l 9387 9388
l 9386 9389
l 9390 9391
l 9389 9392
l 9393 9394
l 9395 9396
l 9397 9398
l 9399 9400
l 9398 9401
l 9401 9402
l 9403 9404
l 9402 9405
l 9406 9407
l 9405 9408
l 9409 9410
l 9413 9414
l 9412 9415
l 9416 9417
l 9415 9418
l 9419 9420
l 9418 9421
l 9422 9423
l 9421 9424
l 9425 9426
l 9427 9428
l 9429 9430
l 9431 9432
l 9430 9433
l 9434 9435
l 9436 9437
l 9438 9439
l 9440 9441
l 9442 9443
l 9444 9445
l 9446 9447
l 9448 9449
l 9450 9451
l 9452 9453
l 9454 9455
l 9456 9457
l 9458 9459
l 9460 9461
l 9462 9463
l 9461 9464
l 9465 9466
l 9467 9468
l 9469 9470
l 9464 9471
l 9472 9473
l 9474 9475
l 9476 9477
l 9478 9479
l 9482 9483
l 9480 9484
l 9485 9486
l 9487 9488
l 9489 9490
l 9491 9492
l 9495 9496
l 9494 9497
l 9498 9499
l 9500 9501
l 9502 9503
l 9497 9504
l 9505 9506
l 9504 9507
l 9508 9509
l 9512 9513
l 9514 9515
l 9511 9516
l 9517 9518
l 9519 9520
l 9522 9523
l 9525 9526
l 9527 9528
l 9524 9529
l 9530 9531
l 9532 9533
l 9534 9535
l 9529 9536
l 9537 9538
l 9539 9540
l 9541 9542
l 9543 9544
l 9545 9546
l 9547 9548
l 9549 9550
l 9553 9554
l 9557 9558
l 9552 9559
l 9560 9561
l 9559 9562
l 9563 9564
l 9565 9566
l 9567 9568
l 9569 9570
l 9571 9572
l 9573 9574
l 9556 9575
l 9576 9577
l 9580 9581
l 9579 9582
l 9583 9584
l 9582 9585
l 9586 9587
l 9585 9588
l 9589 9590
l 9591 9592
l 9593 9594
l 9595 9596
l 9597 9598
l 9599 9600
l 9601 9602
l 9603 9604
l 9605 9606
l 9607 9608
l 9609 9610
l 9611 9612
l 9613 9614
l 9610 9615
l 9616 9617
l 9615 9618
l 9619 9620
l 9618 9621
l 9622 9623
l 9621 9624
l 9625 9626
l 9627 9628
l 9629 9630
l 9633 9634
l 9632 9635
l 9636 9637
l 9632 9638
l 9639 9640
l 9641 9642
l 9643 9644
l 9645 9646
l 9647 9648
l 9649 9650
l 9651 9652
l 9653 9654
l 9655 9656
l 9657 9658
l 9659 9660
l 9661 9662
l 9663 9664
l 9662 9665
l 9666 9667
l 9668 9669
l 9670 9671
l 9672 9673
l 9674 9675
l 9676 9677
l 9678 9679
l 9680 9681
l 9682 9683
l 9684 9685
l 9688 9689
l 9687 9690
l 9691 9692
l 9690 9693
l 9694 9695
l 9698 9699
l 9697 9700
l 9701 9702
l 9703 9704
l 9705 9706
l 9707 9708
l 9709 9710
l 9708 9711
l 9712 9713
l 9711 9714
l 9715 9716
l 9714 9717
l 9718 9719
l 9722 9723
l 9721 9724
l 9725 9726
l 9724 9727
l 9728 9729
l 9730 9731
l 9732 9733
l 9734 9735
l 9733 9736
l 9737 9738
l 9741 9742
l 9740 9743
l 9744 9745
l 9746 9747
l 9748 9749
l 9750 9751
l 9752 9753
l 9750 9754
l 9755 9756
l 9757 9758
l 9759 9760
l 9758 9761
l 9762 9763
l 9761 9764
l 9765 9766
l 9767 9768
l 9771 9772
l 9770 9773
l 9774 9775
l 9776 9777
l 9778 9779
l 9780 9781
l 9784 9785
l 9783 9786
l 9787 9788
l 9789 9790
l 9791 9792
l 9793 9794
l 9795 9796
l 9797 9798
l 9799 9800
l 9801 9802
l 9803 9804
l 9805 9806
l 9807 9808
l 9809 9810
l 9811 9812
l 9813 9814
l 9815 9816
l 9817 9818
l 9819 9820
l 9821 9822
l 9823 9824
l 9825 9826
l 9827 9828
l 9830 9831
l 9829 9832
l 9833 9834
l 9836 9837
l 9839 9840
l 9841 9842
l 9843 9844
l 9845 9846
l 9838 9847
l 9842 9848
l 9849 9850
l 9851 9852
l 9853 9854
l 9848 9855
l 9856 9857
l 9858 9859
l 9860 9861
l 9862 9863
l 9864 9865
l 9867 9868
l 9869 9870
l 9871 9872
l 9873 9874
l 9875 9876
l 9874 9877
l 9878 9879
l 9877 9880
l 9881 9882
l 9883 9884
l 9885 9886
l 9887 9888
l 9889 9890
l 9891 9892
l 9893 9894
l 9895 9896
l 9893 9897
l 9898 9899
l 9900 9901
l 9902 9903
l 9904 9905
l 9938 9939
l 9940 9941
l 9942 9943
l 9944 9945
l 9946 9947
l 9950 9951
l 9955 9956
l 9957 9958
l 9954 9959
l 9953 9959
l 9960 9961
l 9953 9962
l 9963 9964
l 9965 9966
l 9966 9967
l 9967 9968
l 9965 9968
l 9969 9970
l 9970 9971
l 9969 9971
l 9996 9997
l 10003 10004
l 10028 10029
l 10044 10045
l 10054 10055
l 10079 10080
l 10092 10093
l 10108 10109
l 10142 10143
l 10147 10148
l 10161 10162
l 10190 10191
l 10236 10237
l 10249 10250
l 10254 10255
l 10269 10270
l 10285 10286
l 10306 10307
l 10320 10331
l 10362 10363
l 10398 10399
l 10456 10457
l 10461 10462
l 10480 10481
l 10495 10496
l 10520 10521
l 10542 10543
l 10556 10557
l 10579 10588
l 10592 10593
l 10600 10601
l 10658 10659
l 10678 10679
l 10683 10686
l 10686 10689
l 10703 10704
l 10707 10708
l 10717 10720
l 10721 10722
l 10009 10010
l 10018 10019
l 10034 10035
l 10050 10051
l 10060 10063
l 10098 10099
l 10114 10115
l 10137 10146
l 10196 10197
l 10186 10198
l 10259 10260
l 10275 10276
l 10296 10297
l 10312 10313
l 10325 10326
l 10344 10345
l 10346 10347
l 10349 10350
l 10365 10366
l 10388 10389
l 10404 10405
l 10429 10434
l 10467 10468
l 10505 10506
l 10511 10512
l 10525 10526
l 10530 10531
l 10561 10562
l 10566 10567
l 10576 10577
l 10583 10584
l 10606 10607
l 10609 10610
l 10637 10638
l 10641 10642
l 10690 10691
l 10699 10700
l 10704 10713
l 10718 10719
l 10726 10729
l 10014 10017
l 10024 10025
l 10040 10041
l 10061 10062
l 10075 10076
l 10104 10105
l 10120 10121
l 10138 10139
l 10157 10158
l 10167 10168
l 10182 10183
l 10205 10209
l 10227 10228
l 10232 10233
l 10265 10266
l 10281 10282
l 10302 10303
l 10321 10322
l 10336 10337
l 10355 10361
l 10394 10395
l 10410 10411
l 10430 10431
l 10435 10436
l 10448 10449
l 10452 10453
l 10476 10477
l 10491 10492
l 10501 10502
l 10516 10517
l 10547 10548
l 10552 10553
l 10580 10581
l 10614 10621
l 10628 10629
l 10633 10634
l 10663 10664
l 10668 10669
l 10670 10671
l 10674 10675
l 10727 10728
l 9997 10002
l 10005 10006
l 10015 10016
l 10030 10031
l 10046 10047
l 10081 10082
l 10094 10095
l 10110 10111
l 10130 10131
l 10133 10136
l 10144 10145
l 10144 10152
l 10153 10154
l 10152 10169
l 10192 10193
l 10198 10205
l 10214 10215
l 10220 10221
l 10238 10239
l 10243 10244
l 10247 10248
l 10256 10257
l 10251 10258
l 10271 10272
l 10287 10288
l 10282 10291
l 10292 10293
l 10308 10309
l 10317 10320
l 10340 10341
l 10359 10360
l 10371 10372
l 10375 10376
l 10380 10385
l 10400 10401
l 10411 10414
l 10415 10416
l 10426 10429
l 10440 10445
l 10463 10464
l 10482 10483
l 10497 10498
l 10535 10536
l 10558 10559
l 10572 10573
l 10589 10594
l 10602 10603
l 10625 10632
l 10657 10660
l 10680 10681
l 10687 10688
l 10709 10710
l 10714 10715
l 10723 10724
l 9998 9999
l 10011 10012
l 10020 10021
l 10036 10037
l 10052 10053
l 10071 10072
l 10100 10101
l 10116 10117
l 10126 10127
l 10134 10135
l 10150 10151
l 10163 10164
l 10173 10174
l 10178 10179
l 10202 10206
l 10210 10211
l 10221 10224
l 10261 10262
l 10277 10278
l 10298 10299
l 10314 10315
l 10318 10319
l 10327 10328
l 10332 10333
l 10351 10352
l 10357 10358
l 10367 10368
l 10381 10382
l 10390 10391
l 10406 10407
l 10418 10422
l 10423 10424
l 10427 10428
l 10441 10442
l 10472 10475
l 10483 10486
l 10487 10488
l 10513 10514
l 10532 10535
l 10536 10539
l 10532 10544
l 10532 10551
l 10563 10564
l 10573 10578
l 10585 10586
l 10590 10591
l 10611 10612
l 10616 10617
l 10643 10644
l 10648 10649
l 10653 10654
l 10660 10667
l 10684 10685
l 10701 10702
l 10705 10706
l 10026 10027
l 10042 10043
l 10066 10070
l 10077 10078
l 10085 10086
l 10090 10091
l 10106 10107
l 10117 10122
l 10140 10141
l 10159 10160
l 10169 10177
l 10184 10185
l 10169 10186
l 10188 10189
l 10234 10235
l 10252 10253
l 10267 10268
l 10283 10284
l 10304 10305
l 10323 10324
l 10335 10348
l 10358 10364
l 10396 10397
l 10412 10413
l 10432 10433
l 10437 10438
l 10450 10451
l 10459 10460
l 10473 10474
l 10478 10479
l 10493 10494
l 10508 10518
l 10533 10534
l 10537 10538
l 10540 10541
l 10549 10550
l 10569 10579
l 10619 10620
l 10630 10631
l 10635 10636
l 10640 10647
l 10665 10666
l 10676 10677
l 10693 10696
l 10007 10008
l 10032 10033
l 10048 10049
l 10083 10084
l 10086 10089
l 10096 10097
l 10112 10113
l 10170 10171
l 10194 10195
l 10199 10200
l 10207 10208
l 10216 10217
l 10222 10223
l 10219 10229
l 10240 10241
l 10273 10274
l 10289 10290
l 10294 10295
l 10310 10311
l 10338 10339
l 10342 10343
l 10373 10374
l 10386 10387
l 10402 10403
l 10420 10421
l 10455 10458
l 10465 10466
l 10484 10485
l 10499 10500
l 10503 10504
l 10509 10510
l 10523 10524
l 10528 10529
l 10555 10560
l 10555 10565
l 10570 10571
l 10574 10575
l 10604 10605
l 10622 10625
l 10672 10673
l 10694 10695
l 10697 10698
l 10711 10712
l 10725 10726
l 10000 10001
l 10013 10014
l 10022 10023
l 10038 10039
l 10052 10056
l 10057 10058
l 10064 10065
l 10068 10069
l 10073 10074
l 10087 10088
l 10102 10103
l 10118 10119
l 10123 10124
l 10128 10129
l 10155 10156
l 10165 10166
l 10146 10172
l 10175 10176
l 10180 10181
l 10180 10187
l 10203 10204
l 10212 10213
l 10225 10226
l 10230 10231
l 10245 10246
l 10263 10264
l 10279 10280
l 10300 10301
l 10329 10330
l 10353 10354
l 10369 10370
l 10377 10378
l 10383 10384
l 10392 10393
l 10408 10409
l 10443 10444
l 10446 10447
l 10469 10470
l 10489 10490
l 10519 10522
l 10545 10546
l 10578 10582
l 10588 10595
l 10596 10597
l 10599 10608
l 10607 10615
l 10623 10624
l 10626 10627
l 10645 10646
l 10650 10651
l 10655 10656
l 10661 10662
l 10765 10766
l 10796 10801
l 10801 10805
l 10829 10830
l 10833 10834
l 10877 10878
l 10882 10886
l 10906 10911
l 10997 10998
l 11058 11059
l 11073 11074
l 11082 11083
l 11107 11108
l 11118 11122
l 11122 11123
l 11124 11141
l 11149 11152
l 11153 11154
l 11198 11205
l 11214 11215
l 11229 11230
l 11235 11236
l 11240 11241
l 11255 11256
l 11271 11272
l 11266 11275
l 11291 11292
l 11311 11312
l 11336 11337
l 11341 11342
l 11352 11356
l 11368 11369
l 11371 11372
l 11387 11388
l 11403 11404
l 11413 11414
l 11423 11424
l 11432 11433
l 10770 10771
l 10785 10786
l 10797 10798
l 10805 10808
l 10839 10840
l 10859 10860
l 10886 10891
l 10896 10897
l 10907 10908
l 10920 10921
l 10927 10928
l 10948 10949
l 10959 10966
l 10967 10968
l 10959 10975
l 10959 10978
l 10981 10982
l 10993 10996
l 11003 11004
l 11021 11022
l 11030 11031
l 11063 11064
l 11074 11077
l 11092 11093
l 11096 11100
l 11100 11103
l 11104 11105
l 11113 11114
l 11133 11134
l 11163 11164
l 11173 11174
l 11183 11184
l 11193 11194
l 11199 11200
l 11245 11246
l 11261 11262
l 11267 11268
l 11276 11277
l 11296 11297
l 11326 11327
l 11337 11340
l 11347 11348
l 11355 11370
l 11377 11378
l 11393 11396
l 11409 11412
l 11424 11427
l 10776 10777
l 10795 10796
l 10809 10810
l 10818 10819
l 10849 10852
l 10855 10856
l 10887 10888
l 10923 10924
l 10931 10932
l 10935 10936
l 10954 10955
l 10973 10974
l 11009 11010
l 11034 11035
l 11049 11050
l 11054 11055
l 11069 11070
l 11078 11079
l 11088 11089
l 11101 11102
l 11119 11120
l 11127 11130
l 11139 11140
l 11142 11149
l 11158 11159
l 11178 11179
l 11210 11211
l 11225 11226
l 11251 11252
l 11282 11283
l 11307 11308
l 11322 11323
l 11332 11333
l 11353 11354
l 11359 11363
l 11364 11365
l 11383 11384
l 11394 11395
l 11399 11400
l 11419 11420
l 11428 11429
l 10766 10769
l 10781 10784
l 10806 10807
l 10814 10815
l 10819 10823
l 10835 10836
l 10870 10876
l 10879 10885
l 10892 10893
l 10912 10913
l 10908 10922
l 10943 10944
l 10964 10965
l 10990 10991
l 10994 10995
l 10999 11000
l 11017 11018
l 11026 11027
l 11035 11040
l 11040 11043
l 11044 11045
l 11075 11076
l 11109 11110
l 11146 11147
l 11124 11148
l 11150 11151
l 11169 11170
l 11189 11190
l 11216 11217
l 11221 11222
l 11242 11243
l 11257 11258
l 11273 11274
l 11288 11302
l 11313 11314
l 11302 11317
l 11318 11319
l 11338 11339
l 11343 11344
l 11410 11411
l 11415 11416
l 11425 11426
l 10767 10768
l 10772 10773
l 10782 10783
l 10787 10788
l 10791 10802
l 10803 10804
l 10824 10825
l 10841 10842
l 10846 10847
l 10861 10862
l 10866 10867
l 10871 10872
l 10883 10884
l 10898 10899
l 10903 10904
l 10916 10917
l 10919 10934
l 10919 10940
l 10950 10953
l 10969 10970
l 10983 10984
l 10987 10988
l 11005 11006
l 11013 11016
l 11032 11033
l 11036 11037
l 11041 11042
l 11065 11066
l 11097 11098
l 11085 11099
l 11115 11116
l 11123 11127
l 11131 11132
l 11135 11136
l 11165 11166
l 11175 11176
l 11195 11196
l 11201 11202
l 11206 11207
l 11217 11220
l 11232 11237
l 11237 11244
l 11247 11248
l 11263 11264
l 11278 11279
l 11298 11299
l 11303 11304
l 11328 11329
l 11349 11350
l 11357 11358
l 11361 11362
l 11373 11376
l 11379 11380
l 11390 11393
l 11434 11435
l 10778 10779
l 10799 10800
l 10831 10832
l 10842 10848
l 10880 10881
l 10909 10910
l 10925 10926
l 10928 10933
l 10937 10938
l 10933 10939
l 10946 10947
l 10956 10957
l 10951 10989
l 11014 11015
l 11022 11025
l 11047 11051
l 11056 11057
l 11051 11060
l 11071 11072
l 11080 11081
l 11086 11087
l 11090 11091
l 11094 11095
l 11128 11129
l 11160 11168
l 11180 11185
l 11212 11213
l 11227 11228
l 11233 11234
l 11238 11239
l 11253 11254
l 11269 11270
l 11284 11285
l 11289 11290
l 11309 11310
l 11324 11325
l 11334 11335
l 11366 11367
l 11374 11375
l 11385 11386
l 11391 11392
l 11401 11402
l 11406 11409
l 11421 11422
l 11430 11431
l 11439 11440
l 10793 10794
l 10811 10812
l 10816 10817
l 10820 10828
l 10837 10838
l 10850 10851
l 10853 10854
l 10857 10858
l 10889 10890
l 10941 10942
l 10945 10952
l 10952 10961
l 10979 10980
l 11001 11002
l 11019 11020
l 11023 11024
l 11028 11029
l 11061 11062
l 11103 11106
l 11111 11112
l 11144 11145
l 11156 11157
l 11161 11162
l 11171 11172
l 11181 11182
l 11186 11187
l 11191 11192
l 11218 11219
l 11223 11224
l 11259 11260
l 11294 11295
l 11315 11316
l 11320 11321
l 11345 11346
l 11407 11408
l 11417 11418
l 10774 10775
l 10789 10790
l 10821 10822
l 10826 10827
l 10843 10844
l 10863 10864
l 10868 10869
l 10873 10874
l 10900 10901
l 10895 10902
l 10914 10915
l 10929 10930
l 10962 10963
l 10971 10972
l 10976 10977
l 10985 10986
l 11007 11008
l 11038 11039
l 11052 11053
l 11067 11068
l 11117 11118
l 11125 11126
l 11137 11138
l 11162 11167
l 11177 11180
l 11182 11188
l 11203 11204
l 11208 11209
l 11249 11250
l 11280 11281
l 11280 11286
l 11280 11293
l 11300 11301
l 11305 11306
l 11330 11331
l 11351 11352
l 11370 11373
l 11381 11382
l 11397 11398
l 11436 11441
l 11480 11481
l 11482 11483
l 11479 11484
l 11484 11485
l 11486 11487
l 11485 11488
l 11489 11490
l 11491 11492
l 11493 11494
l 11488 11495
l 11496 11497
l 11488 11498
l 11499 11500
l 11498 11501
l 11502 11503
l 11504 11505
l 11506 11507
l 11508 11509
l 11510 11511
l 11512 11513
l 11477 11514
l 11515 11516
l 11517 11518
l 11519 11520
l 11521 11522
l 11526 11527
l 11528 11529
l 11530 11531
l 11525 11532
l 11533 11534
l 11525 11535
l 11536 11537
l 11535 11538
l 11539 11540
l 11544 11541
l 11541 11542
l 11542 11543
l 11543 11544
l 11569 11570
l 11573 11574
l 11585 11587
l 11604 11605
l 11612 11613
l 11625 11629
l 11629 11633
l 11634 11635
l 11639 11640
l 11648 11649
l 11659 11660
l 11665 11666
l 11670 11671
l 11686 11687
l 11691 11708
l 11711 11712
l 11729 11730
l 11749 11750
l 11763 11764
l 11778 11783
l 11787 11788
l 11796 11801
l 11810 11813
l 11822 11823
l 11838 11839
l 11868 11869
l 11863 11870
l 11877 11878
l 11881 11885
l 11887 11888
l 11899 11900
l 11902 11908
l 11950 11951
l 11945 11956
l 11988 11989
l 11998 11999
l 12008 12012
l 12008 12019
l 12022 12023
l 12058 12059
l 12110 12115
l 12126 12127
l 12136 12137
l 12154 12155
l 12180 12181
l 12198 12199
l 12213 12214
l 12249 12250
l 12322 12323
l 12337 12338
l 12351 12352
l 12364 12367
l 12394 12395
l 12420 12423
l 12424 12425
l 12433 12434
l 12442 12445
l 12446 12449
l 12455 12458
l 11590 11591
l 11586 11594
l 11621 11622
l 11644 11645
l 11676 11677
l 11698 11699
l 11702 11703
l 11716 11717
l 11721 11722
l 11726 11727
l 11740 11741
l 11764 11769
l 11797 11798
l 11805 11806
l 11851 11852
l 11856 11857
l 11872 11881
l 11882 11883
l 11903 11904
l 11908 11912
l 11917 11918
l 11978 11979
l 11994 11995
l 12009 12011
l 12009 12012
l 12028 12033
l 12040 12041
l 12045 12046
l 12064 12065
l 12073 12074
l 12078 12079
l 12082 12083
l 12090 12091
l 12095 12096
l 12105 12106
l 12111 12112
l 12116 12117
l 12127 12132
l 12141 12146
l 12159 12160
l 12167 12168
l 12170 12171
l 12234 12237
l 12258 12259
l 12268 12269
l 12286 12287
l 12290 12291
l 12304 12309
l 12309 12315
l 12318 12319
l 12328 12329
l 12360 12361
l 12365 12366
l 12379 12380
l 12384 12385
l 12400 12401
l 12411 12412
l 12438 12439
l 12443 12444
l 12447 12448
l 12456 12457
l 11587 11595
l 11600 11601
l 11630 11631
l 11651 11655
l 11682 11683
l 11746 11747
l 11754 11755
l 11759 11760
l 11770 11771
l 11779 11780
l 11814 11821
l 11834 11835
l 11846 11855
l 11864 11865
l 11873 11874
l 11909 11910
l 11913 11914
l 11927 11928
l 11931 11932
l 11940 11941
l 11947 11948
l 11965 11966
l 11984 11985
l 12004 12005
l 12031 12032
l 12036 12037
l 12070 12071
l 12096 12104
l 12132 12138
l 12142 12143
l 12151 12152
l 12163 12164
l 12176 12177
l 12194 12195
l 12204 12205
l 12209 12210
l 12219 12220
l 12225 12226
l 12229 12230
l 12235 12236
l 12274 12275
l 12295 12296
l 12300 12301
l 12305 12306
l 12348 12349
l 12370 12375
l 12390 12391
l 12418 12426
l 12429 12430
l 12452 12453
l 11596 11597
l 11610 11614
l 11626 11627
l 11636 11637
l 11656 11657
l 11667 11668
l 11672 11673
l 11688 11692
l 11713 11714
l 11731 11732
l 11736 11737
l 11775 11776
l 11811 11812
l 11815 11816
l 11819 11820
l 11823 11830
l 11826 11833
l 11840 11841
l 11843 11846
l 11847 11848
l 11879 11880
l 11889 11895
l 11896 11897
l 11923 11924
l 11974 11975
l 11990 11991
l 12015 12016
l 12019 12024
l 12052 12055
l 12060 12061
l 12087 12088
l 12128 12129
l 12123 12133
l 12146 12153
l 12182 12183
l 12200 12201
l 12215 12216
l 12245 12246
l 12257 12260
l 12279 12280
l 12284 12288
l 12324 12325
l 12339 12340
l 12367 12376
l 12396 12397
l 12409 12410
l 12416 12417
l 12421 12422
l 11578 11582
l 11592 11593
l 11606 11611
l 11618 11619
l 11610 11620
l 11641 11646
l 11662 11669
l 11678 11679
l 11692 11695
l 11696 11697
l 11700 11701
l 11704 11705
l 11723 11724
l 11742 11743
l 11766 11774
l 11766 11784
l 11789 11790
l 11799 11800
l 11807 11808
l 11824 11825
l 11853 11854
l 11858 11859
l 11886 11898
l 11905 11911
l 11937 11938
l 11952 11953
l 11961 11962
l 11980 11981
l 12000 12003
l 12011 12025
l 12047 12048
l 12066 12067
l 12075 12076
l 12080 12081
l 12092 12093
l 12097 12098
l 12102 12103
l 12107 12108
l 12113 12114
l 12118 12119
l 12124 12125
l 12133 12141
l 12147 12148
l 12172 12173
l 12186 12189
l 12190 12191
l 12270 12271
l 12311 12312
l 12316 12317
l 12330 12331
l 12332 12343
l 12344 12345
l 12357 12358
l 12371 12372
l 12381 12382
l 12386 12387
l 12405 12406
l 12402 12418
l 12426 12435
l 12440 12441
l 12426 12442
l 12445 12446
l 12466 12467
l 12470 12471
l 11576 11577
l 11580 11581
l 11583 11584
l 11602 11603
l 11611 11617
l 11623 11624
l 11632 11641
l 11652 11658
l 11663 11664
l 11684 11685
l 11693 11694
l 11748 11751
l 11756 11757
l 11761 11762
l 11767 11768
l 11781 11782
l 11785 11786
l 11790 11793
l 11794 11795
l 11801 11804
l 11828 11829
l 11836 11837
l 11844 11845
l 11866 11867
l 11871 11872
l 11875 11876
l 11885 11889
l 11890 11891
l 11906 11907
l 11933 11936
l 11970 11973
l 11986 11987
l 12001 12002
l 12006 12007
l 12020 12021
l 12033 12042
l 12056 12057
l 12081 12084
l 12134 12135
l 12139 12140
l 12156 12166
l 12178 12179
l 12187 12188
l 12196 12197
l 12211 12212
l 12241 12244
l 12252 12253
l 12264 12265
l 12276 12277
l 12288 12292
l 12302 12303
l 12307 12308
l 12302 12310
l 12320 12321
l 12335 12336
l 12343 12350
l 12354 12355
l 12376 12383
l 12392 12393
l 12431 12432
l 12436 12437
l 12454 12455
l 11571 11572
l 11588 11589
l 11598 11599
l 11642 11643
l 11653 11654
l 11674 11675
l 11689 11690
l 11710 11715
l 11719 11720
l 11733 11734
l 11738 11739
l 11751 11758
l 11772 11773
l 11802 11803
l 11809 11814
l 11849 11850
l 11893 11894
l 11915 11916
l 11921 11922
l 11920 11933
l 11934 11935
l 11942 11943
l 11958 11959
l 11971 11972
l 11976 11977
l 11992 11993
l 12013 12014
l 12025 12028
l 12029 12030
l 12038 12039
l 12043 12044
l 12063 12077
l 12130 12131
l 12157 12158
l 12161 12162
l 12179 12185
l 12184 12186
l 12199 12206
l 12222 12227
l 12232 12233
l 12242 12243
l 12261 12262
l 12289 12297
l 12297 12304
l 12326 12327
l 12341 12342
l 12350 12356
l 12368 12369
l 12363 12370
l 12377 12378
l 12398 12399
l 12427 12428
l 11572 11575
l 11607 11608
l 11615 11616
l 11633 11638
l 11680 11681
l 11706 11707
l 11708 11718
l 11728 11735
l 11744 11745
l 11752 11753
l 11777 11778
l 11791 11792
l 11817 11818
l 11831 11832
l 11860 11861
l 11886 11892
l 11898 11905
l 11925 11926
l 11929 11930
l 11946 11949
l 11954 11955
l 11963 11964
l 11967 11968
l 11982 11983
l 11997 12000
l 12017 12018
l 12026 12027
l 12034 12035
l 12049 12050
l 12053 12054
l 12068 12069
l 12063 12072
l 12085 12086
l 12099 12100
l 12094 12101
l 12120 12121
l 12144 12145
l 12149 12150
l 12162 12165
l 12166 12169
l 12174 12175
l 12192 12193
l 12202 12203
l 12207 12208
l 12217 12218
l 12223 12224
l 12217 12228
l 12238 12239
l 12248 12251
l 12256 12263
l 12272 12273
l 12267 12278
l 12281 12282
l 12293 12294
l 12298 12299
l 12313 12314
l 12332 12333
l 12327 12334
l 12346 12347
l 12349 12353
l 12373 12374
l 12388 12389
l 12403 12404
l 12407 12408
l 12410 12413
l 12414 12415
l 12419 12420
l 12450 12451
l 12498 12499
l 12514 12515
l 12528 12531
l 12528 12534
l 12543 12544
l 12555 12556
l 12575 12584
l 12584 12587
l 12588 12589
l 12597 12598
l 12607 12610
l 12632 12633
l 12641 12644
l 12645 12646
l 12660 12661
l 12681 12682
l 12684 12687
l 12688 12689
l 12703 12704
l 12719 12720
l 12735 12736
l 12755 12756
l 12770 12771
l 12786 12787
l 12796 12797
l 12801 12804
l 12808 12812
l 12813 12814
l 12830 12831
l 12836 12837
l 12853 12854
l 12868 12869
l 12893 12894
l 12928 12929
l 12952 12953
l 12978 12979
l 12983 12984
l 13010 13014
l 13048 13049
l 13126 13127
l 13130 13131
l 13150 13153
l 13165 13166
l 13178 13181
l 13182 13183
l 13193 13194
l 13212 13215
l 13247 13248
l 13278 13279
l 13301 13302
l 13312 13315
l 13329 13330
l 13341 13342
l 13345 13346
l 13364 13365
l 13381 13382
l 13374 13385
l 13398 13399
l 13410 13411
l 13426 13427
l 12504 12505
l 12520 12521
l 12529 12530
l 12551 12552
l 12570 12571
l 12576 12577
l 12580 12581
l 12594 12595
l 12618 12619
l 12628 12629
l 12651 12652
l 12666 12671
l 12671 12674
l 12709 12710
l 12725 12726
l 12750 12751
l 12760 12761
l 12776 12777
l 12782 12785
l 12792 12795
l 12819 12820
l 12821 12822
l 12849 12850
l 12858 12859
l 12874 12875
l 12908 12916
l 12995 12996
l 13000 13001
l 13015 13016
l 13024 13025
l 13038 13039
l 13049 13054
l 13067 13068
l 13064 13071
l 13097 13100
l 13136 13137
l 13151 13152
l 13156 13160
l 13174 13175
l 13179 13180
l 13186 13187
l 13204 13205
l 13220 13221
l 13227 13228
l 13237 13238
l 13257 13260
l 13292 13293
l 13307 13308
l 13321 13322
l 13334 13335
l 13350 13351
l 13404 13407
l 13404 13412
l 12510 12511
l 12525 12528
l 12539 12540
l 12547 12548
l 12566 12567
l 12585 12586
l 12608 12609
l 12613 12614
l 12638 12639
l 12642 12643
l 12667 12668
l 12672 12673
l 12677 12678
l 12685 12686
l 12699 12700
l 12715 12716
l 12731 12732
l 12746 12747
l 12766 12767
l 12793 12794
l 12802 12803
l 12810 12811
l 12822 12825
l 12826 12827
l 12832 12833
l 12864 12865
l 12880 12881
l 12885 12888
l 12889 12890
l 12919 12920
l 12922 12925
l 12915 12938
l 12943 12944
l 12948 12949
l 12964 12965
l 12958 12966
l 12969 12970
l 12958 12973
l 12974 12975
l 12958 12980
l 12991 12992
l 13006 13007
l 13011 13012
l 13030 13031
l 13034 13035
l 13044 13045
l 13054 13059
l 13059 13064
l 13071 13076
l 13098 13099
l 13108 13109
l 13113 13114
l 13122 13123
l 13147 13148
l 13161 13162
l 13213 13214
l 13216 13217
l 13233 13234
l 13243 13244
l 13253 13254
l 13258 13259
l 13265 13266
l 13274 13275
l 13283 13284
l 13313 13314
l 13355 13356
l 13360 13361
l 13370 13371
l 13379 13380
l 13390 13391
l 13394 13395
l 12500 12501
l 12516 12517
l 12545 12546
l 12557 12558
l 12562 12563
l 12590 12591
l 12581 12596
l 12624 12627
l 12647 12648
l 12705 12706
l 12721 12722
l 12737 12738
l 12757 12758
l 12772 12773
l 12783 12784
l 12798 12799
l 12815 12816
l 12838 12839
l 12842 12843
l 12845 12848
l 12870 12871
l 12910 12911
l 12923 12924
l 12934 12935
l 12944 12947
l 12954 12955
l 13020 13021
l 13050 13051
l 13055 13056
l 13060 13061
l 13072 13073
l 13076 13081
l 13094 13095
l 13109 13112
l 13117 13118
l 13132 13133
l 13158 13159
l 13167 13168
l 13195 13196
l 13200 13201
l 13209 13212
l 13223 13224
l 13254 13257
l 13279 13282
l 13287 13291
l 13303 13304
l 13331 13332
l 13339 13340
l 13343 13344
l 13366 13367
l 13375 13376
l 13400 13401
l 12506 12507
l 12522 12523
l 12526 12527
l 12535 12536
l 12572 12573
l 12578 12579
l 12582 12583
l 12604 12605
l 12625 12626
l 12634 12637
l 12657 12662
l 12691 12694
l 12695 12696
l 12711 12712
l 12727 12728
l 12742 12743
l 12752 12753
l 12762 12763
l 12778 12782
l 12789 12792
l 12823 12824
l 12846 12847
l 12860 12861
l 12876 12877
l 12886 12887
l 12903 12904
l 12906 12907
l 12930 12931
l 12939 12940
l 12960 12961
l 13002 13003
l 13026 13027
l 13040 13041
l 13065 13066
l 13077 13078
l 13082 13083
l 13087 13088
l 13104 13105
l 13118 13121
l 13138 13139
l 13138 13142
l 13143 13144
l 13172 13173
l 13206 13207
l 13229 13230
l 13239 13240
l 13249 13250
l 13261 13262
l 13270 13273
l 13280 13281
l 13289 13290
l 13294 13298
l 13309 13310
l 13323 13324
l 13327 13328
l 13367 13374
l 13386 13387
l 13424 13425
l 12512 12513
l 12541 12542
l 12553 12554
l 12600 12603
l 12620 12624
l 12635 12636
l 12648 12653
l 12658 12659
l 12663 12664
l 12669 12670
l 12679 12680
l 12701 12702
l 12717 12718
l 12733 12734
l 12741 12754
l 12768 12769
l 12790 12791
l 12828 12829
l 12834 12835
l 12866 12867
l 12899 12902
l 12926 12927
l 12945 12946
l 12950 12951
l 12971 12972
l 12976 12977
l 12981 12982
l 12993 12994
l 12993 12997
l 13008 13010
l 13032 13033
l 13046 13047
l 13089 13093
l 13110 13111
l 13115 13116
l 13119 13120
l 13124 13125
l 13128 13129
l 13149 13150
l 13163 13164
l 13176 13177
l 13191 13192
l 13210 13211
l 13218 13222
l 13235 13236
l 13245 13246
l 13255 13256
l 13267 13268
l 13271 13272
l 13276 13277
l 13285 13286
l 13299 13300
l 13357 13358
l 13362 13363
l 13372 13373
l 13383 13384
l 13396 13397
l 13408 13409
l 12502 12503
l 12518 12519
l 12549 12550
l 12559 12560
l 12546 12561
l 12564 12565
l 12568 12569
l 12592 12593
l 12601 12602
l 12616 12620
l 12649 12650
l 12692 12693
l 12707 12708
l 12723 12724
l 12739 12740
l 12748 12749
l 12774 12775
l 12780 12781
l 12800 12801
l 12805 12806
l 12817 12818
l 12856 12857
l 12872 12873
l 12882 12883
l 12892 12895
l 12896 12897
l 12912 12913
l 12921 12922
l 12956 12957
l 12982 12985
l 12982 12988
l 12998 12999
l 13013 13017
l 13018 13019
l 13022 13023
l 13036 13037
l 13052 13053
l 13057 13058
l 13062 13063
l 13069 13070
l 13074 13075
l 13091 13092
l 13100 13103
l 13134 13135
l 13154 13155
l 13169 13170
l 13184 13185
l 13197 13198
l 13202 13203
l 13225 13226
l 13296 13297
l 13305 13306
l 13315 13318
l 13319 13320
l 13336 13337
l 13333 13347
l 13348 13359
l 13368 13369
l 12508 12509
l 12532 12533
l 12537 12538
l 12611 12612
l 12622 12623
l 12631 12634
l 12644 12647
l 12654 12655
l 12675 12676
l 12683 12684
l 12697 12698
l 12713 12714
l 12729 12730
l 12744 12745
l 12754 12759
l 12764 12765
l 12852 12855
l 12862 12863
l 12878 12879
l 12900 12901
l 12809 12905
l 12917 12918
l 12932 12933
l 12936 12937
l 12941 12942
l 12962 12963
l 12967 12968
l 12986 12987
l 12989 12990
l 13004 13005
l 13028 13029
l 13042 13043
l 13079 13080
l 13084 13085
l 13101 13102
l 13106 13107
l 13140 13141
l 13145 13146
l 13189 13190
l 13189 13199
l 13231 13232
l 13241 13242
l 13251 13252
l 13263 13264
l 13311 13312
l 13316 13317
l 13325 13326
l 13347 13352
l 13353 13354
l 13377 13378
l 13388 13389
l 13392 13393
l 13405 13406
l 13454 13455
l 13456 13457
l 13461 13462
l 13463 13464
l 13469 13470
l 13466 13471
l 13472 13473
l 13474 13475
l 13476 13477
l 13478 13479
l 13482 13483
l 13484 13485
l 13468 13486
l 13481 13487
l 13488 13489
l 13490 13491
l 13486 13492
l 13493 13494
l 13495 13496
l 13497 13498
l 13499 13500
l 13501 13502
l 13492 13503
l 13504 13505
l 13506 13507
l 13508 13509
l 13510 13511
l 13513 13514
l 13512 13517
l 13518 13519
l 13521 13522
l 13516 13523
l 13525 13526
l 13524 13527
l 13528 13529
l 13532 13533
l 13527 13534
l 13535 13536
l 13537 13538
l 13539 13540
l 13531 13541
l 13542 13543
l 13544 13545
l 13548 13549
l 13547 13550
l 13551 13552
l 13553 13554
l 13555 13556
l 13557 13558
l 13559 13560
l 13562 13563
l 13565 13566
l 13567 13568
l 13564 13569
l 13570 13571
l 13566 13572
l 13573 13574
l 13575 13576
l 13569 13577
l 13578 13579
l 13580 13581
l 13582 13583
l 13584 13585
l 13586 13587
l 13588 13589
l 13590 13591
l 13594 13595
l 13599 13600
l 13603 13604
l 13593 13601
l 13593 13606
l 13607 13608
l 13609 13610
l 13605 13611
l 13612 13613
l 13606 13614
l 13615 13616
l 13617 13618
l 13621 13622
l 13623 13624
l 13625 13626
l 13627 13628
l 13620 13629
l 13624 13630
l 13631 13632
l 13633 13634
l 13635 13636
l 13639 13640
l 13641 13642
l 13643 13644
l 13645 13646
l 13638 13647
l 13648 13649
l 13650 13651
l 13652 13653
l 13654 13655
l 13648 13656
l 13658 13659
l 13660 13661
l 13663 13664
l 13665 13666
l 13667 13668
l 13657 13669
l 13664 13670
l 13671 13672
l 13675 13676
l 13674 13677
l 13678 13679
l 13682 13683
l 13685 13686
l 13681 13688
l 13689 13690
l 13691 13692
l 13693 13694
l 13695 13696
l 13687 13697
l 13698 13699
l 13694 13700
l 13701 13702
l 13703 13704
l 13697 13705
l 13705 13707
l 13708 13709
l 13707 13710
l 13712 13713
l 13714 13715
l 13716 13717
l 13718 13719
l 13711 13720
l 13721 13722
l 13717 13723
l 13724 13725
l 13728 13729
l 13732 13733
l 13731 13734
l 13735 13736
l 13737 13738
l 13727 13739
l 13734 13740
l 13741 13742
l 13750 13751
l 13751 13752
l 13750 13752
l 13777 13778
l 13787 13788
l 13807 13808
l 13812 13813
l 13817 13818
l 13833 13834
l 13843 13844
l 13852 13853
l 13857 13858
l 13863 13864
l 13867 13868
l 13877 13878
l 13882 13883
l 13901 13905
l 13913 13914
l 13910 13915
l 13961 13967
l 13986 13987
l 13981 13988
l 14010 14011
l 14050 14051
l 14095 14096
l 14106 14107
l 14146 14147
l 14166 14167
l 14171 14172
l 14189 14190
l 14201 14204
l 14205 14206
l 14217 14218
l 14221 14222
l 14235 14236
l 14239 14240
l 14263 14264
l 14292 14293
l 14323 14324
l 14329 14330
l 14338 14342
l 14355 14356
l 14361 14362
l 14380 14381
l 14389 14390
l 13823 13824
l 13897 13898
l 13911 13912
l 13935 13936
l 13939 13940
l 13957 13958
l 13962 13963
l 13971 13972
l 13976 13977
l 13991 13992
l 14000 14001
l 14016 14017
l 14025 14026
l 14026 14033
l 14045 14046
l 14054 14055
l 14067 14068
l 14082 14083
l 14111 14112
l 14132 14133
l 14142 14143
l 14161 14170
l 14176 14177
l 14180 14181
l 14198 14199
l 14211 14214
l 14231 14232
l 14249 14250
l 14255 14256
l 14259 14260
l 14264 14269
l 14273 14274
l 14283 14284
l 14288 14289
l 14295 14300
l 14297 14303
l 14304 14305
l 14314 14315
l 13783 13784
l 13797 13798
l 13803 13806
l 13839 13840
l 13873 13874
l 13888 13889
l 13892 13893
l 13919 13920
l 13924 13925
l 13932 13949
l 13982 13983
l 13992 13995
l 13996 13997
l 14006 14007
l 14021 14022
l 14039 14040
l 14043 14044
l 14060 14061
l 14091 14094
l 14102 14103
l 14117 14118
l 14125 14126
l 14129 14130
l 14138 14139
l 14152 14153
l 14157 14158
l 14162 14163
l 14194 14195
l 14227 14228
l 14279 14280
l 14310 14311
l 14319 14320
l 14335 14336
l 14337 14347
l 14352 14353
l 14367 14368
l 14376 14377
l 13779 13780
l 13793 13796
l 13804 13805
l 13814 13815
l 13819 13820
l 13845 13846
l 13854 13855
l 13859 13860
l 13869 13870
l 13879 13880
l 13884 13885
l 13906 13907
l 13945 13946
l 14012 14013
l 14031 14032
l 14030 14036
l 14078 14079
l 14092 14093
l 14097 14101
l 14108 14109
l 14108 14120
l 14121 14122
l 14148 14149
l 14168 14169
l 14173 14174
l 14202 14203
l 14223 14224
l 14246 14247
l 14254 14270
l 14298 14299
l 14325 14338
l 14343 14344
l 14347 14354
l 14372 14375
l 14381 14386
l 13831 13832
l 13835 13836
l 13850 13851
l 13899 13900
l 13903 13904
l 13941 13942
l 13950 13951
l 13954 13961
l 13964 13968
l 13973 13974
l 13978 13979
l 13993 13994
l 14002 14003
l 14013 14018
l 14027 14028
l 14037 14038
l 14047 14048
l 14056 14057
l 14069 14070
l 14074 14077
l 14084 14085
l 14113 14114
l 14134 14135
l 14182 14183
l 14187 14191
l 14207 14208
l 14214 14219
l 14213 14220
l 14233 14234
l 14237 14238
l 14242 14248
l 14251 14252
l 14265 14266
l 14285 14286
l 14301 14302
l 14306 14307
l 14331 14332
l 14340 14341
l 14348 14349
l 14363 14364
l 14373 14374
l 14382 14383
l 13790 13791
l 13794 13795
l 13810 13811
l 13824 13827
l 13841 13842
l 13865 13872
l 13875 13876
l 13881 13894
l 13894 13901
l 13908 13916
l 13921 13922
l 13923 13928
l 13933 13934
l 13937 13938
l 13955 13956
l 13959 13960
l 13968 13975
l 13984 13985
l 13989 13990
l 14008 14009
l 14041 14042
l 14052 14053
l 14050 14064
l 14075 14076
l 14088 14089
l 14099 14100
l 14104 14105
l 14140 14141
l 14144 14145
l 14154 14155
l 14159 14160
l 14164 14165
l 14178 14179
l 14196 14200
l 14215 14216
l 14257 14258
l 14261 14262
l 14276 14287
l 14290 14291
l 14311 14316
l 14321 14322
l 14327 14328
l 14354 14357
l 14350 14360
l 14378 14379
l 14387 14388
l 14396 14397
l 13781 13782
l 13800 13809
l 13800 13816
l 13847 13848
l 13895 13896
l 13916 13923
l 13926 13927
l 13969 13970
l 13998 13999
l 14014 14015
l 14019 14020
l 14023 14024
l 14062 14063
l 14065 14066
l 14080 14081
l 14109 14110
l 14123 14124
l 14127 14128
l 14127 14131
l 14150 14151
l 14188 14196
l 14243 14244
l 14271 14272
l 14277 14278
l 14281 14282
l 14312 14313
l 14317 14318
l 14345 14346
l 14369 14372
l 13785 13789
l 13801 13802
l 13825 13826
l 13828 13829
l 13822 13830
l 13837 13838
l 13849 13856
l 13856 13865
l 13862 13866
l 13862 13871
l 13871 13881
l 13886 13887
l 13890 13891
l 13917 13918
l 13929 13930
l 13943 13944
l 13947 13948
l 13952 13953
l 13965 13966
l 13980 13981
l 14004 14005
l 14034 14035
l 14044 14051
l 14058 14059
l 14071 14072
l 14086 14087
l 14115 14116
l 14110 14119
l 14136 14137
l 14170 14175
l 14184 14185
l 14192 14193
l 14197 14201
l 14209 14210
l 14220 14225
l 14225 14229
l 14230 14245
l 14267 14268
l 14308 14309
l 14333 14334
l 14350 14351
l 14358 14359
l 14365 14366
l 14370 14371
l 14384 14385
