# Blender 5.2.2 LTS
# www.blender.org
mtllib AutoExtinguisher.mtl
o AutoExtinguisher
v 0.000000 -0.086000 0.000000
v 0.020086 -0.087713 0.000000
v 0.019700 -0.087713 0.003919
v 0.018557 -0.087713 0.007687
v 0.016701 -0.087713 0.011159
v 0.014203 -0.087713 0.014203
v 0.011159 -0.087713 0.016701
v 0.007687 -0.087713 0.018557
v 0.003919 -0.087713 0.019700
v 0.000000 -0.087713 0.020086
v -0.003919 -0.087713 0.019700
v -0.007687 -0.087713 0.018557
v -0.011159 -0.087713 0.016701
v -0.014203 -0.087713 0.014203
v -0.016701 -0.087713 0.011159
v -0.018557 -0.087713 0.007687
v -0.019700 -0.087713 0.003919
v -0.020086 -0.087713 0.000000
v -0.019700 -0.087713 -0.003919
v -0.018557 -0.087713 -0.007687
v -0.016701 -0.087713 -0.011159
v -0.014203 -0.087713 -0.014203
v -0.011159 -0.087713 -0.016701
v -0.007687 -0.087713 -0.018557
v -0.003919 -0.087713 -0.019700
v -0.000000 -0.087713 -0.020086
v 0.003919 -0.087713 -0.019700
v 0.007687 -0.087713 -0.018557
v 0.011159 -0.087713 -0.016701
v 0.014203 -0.087713 -0.014203
v 0.016701 -0.087713 -0.011159
v 0.018557 -0.087713 -0.007687
v 0.019700 -0.087713 -0.003919
v 0.038206 -0.092684 0.000000
v 0.037472 -0.092684 0.007454
v 0.035298 -0.092684 0.014621
v 0.031767 -0.092684 0.021226
v 0.027016 -0.092684 0.027016
v 0.021226 -0.092684 0.031767
v 0.014621 -0.092684 0.035298
v 0.007454 -0.092684 0.037472
v 0.000000 -0.092684 0.038206
v -0.007454 -0.092684 0.037472
v -0.014621 -0.092684 0.035298
v -0.021226 -0.092684 0.031767
v -0.027016 -0.092684 0.027016
v -0.031767 -0.092684 0.021226
v -0.035298 -0.092684 0.014621
v -0.037472 -0.092684 0.007454
v -0.038206 -0.092684 0.000000
v -0.037472 -0.092684 -0.007454
v -0.035298 -0.092684 -0.014621
v -0.031767 -0.092684 -0.021226
v -0.027016 -0.092684 -0.027016
v -0.021226 -0.092684 -0.031767
v -0.014621 -0.092684 -0.035298
v -0.007454 -0.092684 -0.037472
v -0.000000 -0.092684 -0.038206
v 0.007454 -0.092684 -0.037472
v 0.014621 -0.092684 -0.035298
v 0.021226 -0.092684 -0.031767
v 0.027016 -0.092684 -0.027016
v 0.031767 -0.092684 -0.021226
v 0.035298 -0.092684 -0.014621
v 0.037472 -0.092684 -0.007454
v 0.052586 -0.100428 0.000000
v 0.051576 -0.100428 0.010259
v 0.048583 -0.100428 0.020124
v 0.043724 -0.100428 0.029215
v 0.037184 -0.100428 0.037184
v 0.029215 -0.100428 0.043724
v 0.020124 -0.100428 0.048583
v 0.010259 -0.100428 0.051576
v 0.000000 -0.100428 0.052586
v -0.010259 -0.100428 0.051576
v -0.020124 -0.100428 0.048583
v -0.029215 -0.100428 0.043724
v -0.037184 -0.100428 0.037184
v -0.043724 -0.100428 0.029215
v -0.048583 -0.100428 0.020124
v -0.051576 -0.100428 0.010259
v -0.052586 -0.100428 0.000000
v -0.051576 -0.100428 -0.010259
v -0.048583 -0.100428 -0.020124
v -0.043724 -0.100428 -0.029215
v -0.037184 -0.100428 -0.037184
v -0.029215 -0.100428 -0.043724
v -0.020124 -0.100428 -0.048583
v -0.010259 -0.100428 -0.051576
v -0.000000 -0.100428 -0.052586
v 0.010259 -0.100428 -0.051576
v 0.020124 -0.100428 -0.048583
v 0.029215 -0.100428 -0.043724
v 0.037184 -0.100428 -0.037184
v 0.043724 -0.100428 -0.029215
v 0.048583 -0.100428 -0.020124
v 0.051576 -0.100428 -0.010259
v 0.061819 -0.110184 0.000000
v 0.060631 -0.110184 0.012060
v 0.057113 -0.110184 0.023657
v 0.051400 -0.110184 0.034345
v 0.043712 -0.110184 0.043712
v 0.034345 -0.110184 0.051400
v 0.023657 -0.110184 0.057113
v 0.012060 -0.110184 0.060631
v 0.000000 -0.110184 0.061819
v -0.012060 -0.110184 0.060631
v -0.023657 -0.110184 0.057113
v -0.034345 -0.110184 0.051400
v -0.043712 -0.110184 0.043712
v -0.051400 -0.110184 0.034345
v -0.057113 -0.110184 0.023657
v -0.060631 -0.110184 0.012060
v -0.061819 -0.110184 0.000000
v -0.060631 -0.110184 -0.012060
v -0.057113 -0.110184 -0.023657
v -0.051400 -0.110184 -0.034345
v -0.043712 -0.110184 -0.043712
v -0.034345 -0.110184 -0.051400
v -0.023657 -0.110184 -0.057113
v -0.012060 -0.110184 -0.060631
v -0.000000 -0.110184 -0.061819
v 0.012060 -0.110184 -0.060631
v 0.023657 -0.110184 -0.057113
v 0.034345 -0.110184 -0.051400
v 0.043712 -0.110184 -0.043712
v 0.051400 -0.110184 -0.034345
v 0.057113 -0.110184 -0.023657
v 0.060631 -0.110184 -0.012060
v 0.065000 -0.121000 0.000000
v 0.063751 -0.121000 0.012681
v 0.060052 -0.121000 0.024874
v 0.054046 -0.121000 0.036112
v 0.045962 -0.121000 0.045962
v 0.036112 -0.121000 0.054046
v 0.024874 -0.121000 0.060052
v 0.012681 -0.121000 0.063751
v 0.000000 -0.121000 0.065000
v -0.012681 -0.121000 0.063751
v -0.024874 -0.121000 0.060052
v -0.036112 -0.121000 0.054046
v -0.045962 -0.121000 0.045962
v -0.054046 -0.121000 0.036112
v -0.060052 -0.121000 0.024874
v -0.063751 -0.121000 0.012681
v -0.065000 -0.121000 0.000000
v -0.063751 -0.121000 -0.012681
v -0.060052 -0.121000 -0.024874
v -0.054046 -0.121000 -0.036112
v -0.045962 -0.121000 -0.045962
v -0.036112 -0.121000 -0.054046
v -0.024874 -0.121000 -0.060052
v -0.012681 -0.121000 -0.063751
v -0.000000 -0.121000 -0.065000
v 0.012681 -0.121000 -0.063751
v 0.024874 -0.121000 -0.060052
v 0.036112 -0.121000 -0.054046
v 0.045962 -0.121000 -0.045962
v 0.054046 -0.121000 -0.036112
v 0.060052 -0.121000 -0.024874
v 0.063751 -0.121000 -0.012681
v 0.065000 -0.121000 0.000000
v 0.063751 -0.121000 0.012681
v 0.060052 -0.121000 0.024874
v 0.054046 -0.121000 0.036112
v 0.045962 -0.121000 0.045962
v 0.036112 -0.121000 0.054046
v 0.024874 -0.121000 0.060052
v 0.012681 -0.121000 0.063751
v 0.000000 -0.121000 0.065000
v -0.012681 -0.121000 0.063751
v -0.024874 -0.121000 0.060052
v -0.036112 -0.121000 0.054046
v -0.045962 -0.121000 0.045962
v -0.054046 -0.121000 0.036112
v -0.060052 -0.121000 0.024874
v -0.063751 -0.121000 0.012681
v -0.065000 -0.121000 0.000000
v -0.063751 -0.121000 -0.012681
v -0.060052 -0.121000 -0.024874
v -0.054046 -0.121000 -0.036112
v -0.045962 -0.121000 -0.045962
v -0.036112 -0.121000 -0.054046
v -0.024874 -0.121000 -0.060052
v -0.012681 -0.121000 -0.063751
v -0.000000 -0.121000 -0.065000
v 0.012681 -0.121000 -0.063751
v 0.024874 -0.121000 -0.060052
v 0.036112 -0.121000 -0.054046
v 0.045962 -0.121000 -0.045962
v 0.054046 -0.121000 -0.036112
v 0.060052 -0.121000 -0.024874
v 0.063751 -0.121000 -0.012681
v 0.066600 -0.122200 0.000000
v 0.065320 -0.122200 0.012993
v 0.061530 -0.122200 0.025487
v 0.055376 -0.122200 0.037001
v 0.047093 -0.122200 0.047093
v 0.037001 -0.122200 0.055376
v 0.025487 -0.122200 0.061530
v 0.012993 -0.122200 0.065320
v 0.000000 -0.122200 0.066600
v -0.012993 -0.122200 0.065320
v -0.025487 -0.122200 0.061530
v -0.037001 -0.122200 0.055376
v -0.047093 -0.122200 0.047093
v -0.055376 -0.122200 0.037001
v -0.061530 -0.122200 0.025487
v -0.065320 -0.122200 0.012993
v -0.066600 -0.122200 0.000000
v -0.065320 -0.122200 -0.012993
v -0.061530 -0.122200 -0.025487
v -0.055376 -0.122200 -0.037001
v -0.047093 -0.122200 -0.047093
v -0.037001 -0.122200 -0.055376
v -0.025487 -0.122200 -0.061530
v -0.012993 -0.122200 -0.065320
v -0.000000 -0.122200 -0.066600
v 0.012993 -0.122200 -0.065320
v 0.025487 -0.122200 -0.061530
v 0.037001 -0.122200 -0.055376
v 0.047093 -0.122200 -0.047093
v 0.055376 -0.122200 -0.037001
v 0.061530 -0.122200 -0.025487
v 0.065320 -0.122200 -0.012993
v 0.066600 -0.125800 0.000000
v 0.065320 -0.125800 0.012993
v 0.061530 -0.125800 0.025487
v 0.055376 -0.125800 0.037001
v 0.047093 -0.125800 0.047093
v 0.037001 -0.125800 0.055376
v 0.025487 -0.125800 0.061530
v 0.012993 -0.125800 0.065320
v 0.000000 -0.125800 0.066600
v -0.012993 -0.125800 0.065320
v -0.025487 -0.125800 0.061530
v -0.037001 -0.125800 0.055376
v -0.047093 -0.125800 0.047093
v -0.055376 -0.125800 0.037001
v -0.061530 -0.125800 0.025487
v -0.065320 -0.125800 0.012993
v -0.066600 -0.125800 0.000000
v -0.065320 -0.125800 -0.012993
v -0.061530 -0.125800 -0.025487
v -0.055376 -0.125800 -0.037001
v -0.047093 -0.125800 -0.047093
v -0.037001 -0.125800 -0.055376
v -0.025487 -0.125800 -0.061530
v -0.012993 -0.125800 -0.065320
v -0.000000 -0.125800 -0.066600
v 0.012993 -0.125800 -0.065320
v 0.025487 -0.125800 -0.061530
v 0.037001 -0.125800 -0.055376
v 0.047093 -0.125800 -0.047093
v 0.055376 -0.125800 -0.037001
v 0.061530 -0.125800 -0.025487
v 0.065320 -0.125800 -0.012993
v 0.065000 -0.127000 0.000000
v 0.063751 -0.127000 0.012681
v 0.060052 -0.127000 0.024874
v 0.054046 -0.127000 0.036112
v 0.045962 -0.127000 0.045962
v 0.036112 -0.127000 0.054046
v 0.024874 -0.127000 0.060052
v 0.012681 -0.127000 0.063751
v 0.000000 -0.127000 0.065000
v -0.012681 -0.127000 0.063751
v -0.024874 -0.127000 0.060052
v -0.036112 -0.127000 0.054046
v -0.045962 -0.127000 0.045962
v -0.054046 -0.127000 0.036112
v -0.060052 -0.127000 0.024874
v -0.063751 -0.127000 0.012681
v -0.065000 -0.127000 0.000000
v -0.063751 -0.127000 -0.012681
v -0.060052 -0.127000 -0.024874
v -0.054046 -0.127000 -0.036112
v -0.045962 -0.127000 -0.045962
v -0.036112 -0.127000 -0.054046
v -0.024874 -0.127000 -0.060052
v -0.012681 -0.127000 -0.063751
v -0.000000 -0.127000 -0.065000
v 0.012681 -0.127000 -0.063751
v 0.024874 -0.127000 -0.060052
v 0.036112 -0.127000 -0.054046
v 0.045962 -0.127000 -0.045962
v 0.054046 -0.127000 -0.036112
v 0.060052 -0.127000 -0.024874
v 0.063751 -0.127000 -0.012681
v 0.065000 -0.325000 0.000000
v 0.063751 -0.325000 0.012681
v 0.060052 -0.325000 0.024874
v 0.054046 -0.325000 0.036112
v 0.045962 -0.325000 0.045962
v 0.036112 -0.325000 0.054046
v 0.024874 -0.325000 0.060052
v 0.012681 -0.325000 0.063751
v 0.000000 -0.325000 0.065000
v -0.012681 -0.325000 0.063751
v -0.024874 -0.325000 0.060052
v -0.036112 -0.325000 0.054046
v -0.045962 -0.325000 0.045962
v -0.054046 -0.325000 0.036112
v -0.060052 -0.325000 0.024874
v -0.063751 -0.325000 0.012681
v -0.065000 -0.325000 0.000000
v -0.063751 -0.325000 -0.012681
v -0.060052 -0.325000 -0.024874
v -0.054046 -0.325000 -0.036112
v -0.045962 -0.325000 -0.045962
v -0.036112 -0.325000 -0.054046
v -0.024874 -0.325000 -0.060052
v -0.012681 -0.325000 -0.063751
v -0.000000 -0.325000 -0.065000
v 0.012681 -0.325000 -0.063751
v 0.024874 -0.325000 -0.060052
v 0.036112 -0.325000 -0.054046
v 0.045962 -0.325000 -0.045962
v 0.054046 -0.325000 -0.036112
v 0.060052 -0.325000 -0.024874
v 0.063751 -0.325000 -0.012681
v 0.066600 -0.326200 0.000000
v 0.065320 -0.326200 0.012993
v 0.061530 -0.326200 0.025487
v 0.055376 -0.326200 0.037001
v 0.047093 -0.326200 0.047093
v 0.037001 -0.326200 0.055376
v 0.025487 -0.326200 0.061530
v 0.012993 -0.326200 0.065320
v 0.000000 -0.326200 0.066600
v -0.012993 -0.326200 0.065320
v -0.025487 -0.326200 0.061530
v -0.037001 -0.326200 0.055376
v -0.047093 -0.326200 0.047093
v -0.055376 -0.326200 0.037001
v -0.061530 -0.326200 0.025487
v -0.065320 -0.326200 0.012993
v -0.066600 -0.326200 0.000000
v -0.065320 -0.326200 -0.012993
v -0.061530 -0.326200 -0.025487
v -0.055376 -0.326200 -0.037001
v -0.047093 -0.326200 -0.047093
v -0.037001 -0.326200 -0.055376
v -0.025487 -0.326200 -0.061530
v -0.012993 -0.326200 -0.065320
v -0.000000 -0.326200 -0.066600
v 0.012993 -0.326200 -0.065320
v 0.025487 -0.326200 -0.061530
v 0.037001 -0.326200 -0.055376
v 0.047093 -0.326200 -0.047093
v 0.055376 -0.326200 -0.037001
v 0.061530 -0.326200 -0.025487
v 0.065320 -0.326200 -0.012993
v 0.066600 -0.329800 0.000000
v 0.065320 -0.329800 0.012993
v 0.061530 -0.329800 0.025487
v 0.055376 -0.329800 0.037001
v 0.047093 -0.329800 0.047093
v 0.037001 -0.329800 0.055376
v 0.025487 -0.329800 0.061530
v 0.012993 -0.329800 0.065320
v 0.000000 -0.329800 0.066600
v -0.012993 -0.329800 0.065320
v -0.025487 -0.329800 0.061530
v -0.037001 -0.329800 0.055376
v -0.047093 -0.329800 0.047093
v -0.055376 -0.329800 0.037001
v -0.061530 -0.329800 0.025487
v -0.065320 -0.329800 0.012993
v -0.066600 -0.329800 0.000000
v -0.065320 -0.329800 -0.012993
v -0.061530 -0.329800 -0.025487
v -0.055376 -0.329800 -0.037001
v -0.047093 -0.329800 -0.047093
v -0.037001 -0.329800 -0.055376
v -0.025487 -0.329800 -0.061530
v -0.012993 -0.329800 -0.065320
v -0.000000 -0.329800 -0.066600
v 0.012993 -0.329800 -0.065320
v 0.025487 -0.329800 -0.061530
v 0.037001 -0.329800 -0.055376
v 0.047093 -0.329800 -0.047093
v 0.055376 -0.329800 -0.037001
v 0.061530 -0.329800 -0.025487
v 0.065320 -0.329800 -0.012993
v 0.065000 -0.331000 0.000000
v 0.063751 -0.331000 0.012681
v 0.060052 -0.331000 0.024874
v 0.054046 -0.331000 0.036112
v 0.045962 -0.331000 0.045962
v 0.036112 -0.331000 0.054046
v 0.024874 -0.331000 0.060052
v 0.012681 -0.331000 0.063751
v 0.000000 -0.331000 0.065000
v -0.012681 -0.331000 0.063751
v -0.024874 -0.331000 0.060052
v -0.036112 -0.331000 0.054046
v -0.045962 -0.331000 0.045962
v -0.054046 -0.331000 0.036112
v -0.060052 -0.331000 0.024874
v -0.063751 -0.331000 0.012681
v -0.065000 -0.331000 0.000000
v -0.063751 -0.331000 -0.012681
v -0.060052 -0.331000 -0.024874
v -0.054046 -0.331000 -0.036112
v -0.045962 -0.331000 -0.045962
v -0.036112 -0.331000 -0.054046
v -0.024874 -0.331000 -0.060052
v -0.012681 -0.331000 -0.063751
v -0.000000 -0.331000 -0.065000
v 0.012681 -0.331000 -0.063751
v 0.024874 -0.331000 -0.060052
v 0.036112 -0.331000 -0.054046
v 0.045962 -0.331000 -0.045962
v 0.054046 -0.331000 -0.036112
v 0.060052 -0.331000 -0.024874
v 0.063751 -0.331000 -0.012681
v 0.061819 -0.341816 0.000000
v 0.060631 -0.341816 0.012060
v 0.057113 -0.341816 0.023657
v 0.051400 -0.341816 0.034345
v 0.043712 -0.341816 0.043712
v 0.034345 -0.341816 0.051400
v 0.023657 -0.341816 0.057113
v 0.012060 -0.341816 0.060631
v 0.000000 -0.341816 0.061819
v -0.012060 -0.341816 0.060631
v -0.023657 -0.341816 0.057113
v -0.034345 -0.341816 0.051400
v -0.043712 -0.341816 0.043712
v -0.051400 -0.341816 0.034345
v -0.057113 -0.341816 0.023657
v -0.060631 -0.341816 0.012060
v -0.061819 -0.341816 0.000000
v -0.060631 -0.341816 -0.012060
v -0.057113 -0.341816 -0.023657
v -0.051400 -0.341816 -0.034345
v -0.043712 -0.341816 -0.043712
v -0.034345 -0.341816 -0.051400
v -0.023657 -0.341816 -0.057113
v -0.012060 -0.341816 -0.060631
v -0.000000 -0.341816 -0.061819
v 0.012060 -0.341816 -0.060631
v 0.023657 -0.341816 -0.057113
v 0.034345 -0.341816 -0.051400
v 0.043712 -0.341816 -0.043712
v 0.051400 -0.341816 -0.034345
v 0.057113 -0.341816 -0.023657
v 0.060631 -0.341816 -0.012060
v 0.052586 -0.351572 0.000000
v 0.051576 -0.351572 0.010259
v 0.048583 -0.351572 0.020124
v 0.043724 -0.351572 0.029215
v 0.037184 -0.351572 0.037184
v 0.029215 -0.351572 0.043724
v 0.020124 -0.351572 0.048583
v 0.010259 -0.351572 0.051576
v 0.000000 -0.351572 0.052586
v -0.010259 -0.351572 0.051576
v -0.020124 -0.351572 0.048583
v -0.029215 -0.351572 0.043724
v -0.037184 -0.351572 0.037184
v -0.043724 -0.351572 0.029215
v -0.048583 -0.351572 0.020124
v -0.051576 -0.351572 0.010259
v -0.052586 -0.351572 0.000000
v -0.051576 -0.351572 -0.010259
v -0.048583 -0.351572 -0.020124
v -0.043724 -0.351572 -0.029215
v -0.037184 -0.351572 -0.037184
v -0.029215 -0.351572 -0.043724
v -0.020124 -0.351572 -0.048583
v -0.010259 -0.351572 -0.051576
v -0.000000 -0.351572 -0.052586
v 0.010259 -0.351572 -0.051576
v 0.020124 -0.351572 -0.048583
v 0.029215 -0.351572 -0.043724
v 0.037184 -0.351572 -0.037184
v 0.043724 -0.351572 -0.029215
v 0.048583 -0.351572 -0.020124
v 0.051576 -0.351572 -0.010259
v 0.038206 -0.359316 0.000000
v 0.037472 -0.359316 0.007454
v 0.035298 -0.359316 0.014621
v 0.031767 -0.359316 0.021226
v 0.027016 -0.359316 0.027016
v 0.021226 -0.359316 0.031767
v 0.014621 -0.359316 0.035298
v 0.007454 -0.359316 0.037472
v 0.000000 -0.359316 0.038206
v -0.007454 -0.359316 0.037472
v -0.014621 -0.359316 0.035298
v -0.021226 -0.359316 0.031767
v -0.027016 -0.359316 0.027016
v -0.031767 -0.359316 0.021226
v -0.035298 -0.359316 0.014621
v -0.037472 -0.359316 0.007454
v -0.038206 -0.359316 0.000000
v -0.037472 -0.359316 -0.007454
v -0.035298 -0.359316 -0.014621
v -0.031767 -0.359316 -0.021226
v -0.027016 -0.359316 -0.027016
v -0.021226 -0.359316 -0.031767
v -0.014621 -0.359316 -0.035298
v -0.007454 -0.359316 -0.037472
v -0.000000 -0.359316 -0.038206
v 0.007454 -0.359316 -0.037472
v 0.014621 -0.359316 -0.035298
v 0.021226 -0.359316 -0.031767
v 0.027016 -0.359316 -0.027016
v 0.031767 -0.359316 -0.021226
v 0.035298 -0.359316 -0.014621
v 0.037472 -0.359316 -0.007454
v 0.020086 -0.364287 0.000000
v 0.019700 -0.364287 0.003919
v 0.018557 -0.364287 0.007687
v 0.016701 -0.364287 0.011159
v 0.014203 -0.364287 0.014203
v 0.011159 -0.364287 0.016701
v 0.007687 -0.364287 0.018557
v 0.003919 -0.364287 0.019700
v 0.000000 -0.364287 0.020086
v -0.003919 -0.364287 0.019700
v -0.007687 -0.364287 0.018557
v -0.011159 -0.364287 0.016701
v -0.014203 -0.364287 0.014203
v -0.016701 -0.364287 0.011159
v -0.018557 -0.364287 0.007687
v -0.019700 -0.364287 0.003919
v -0.020086 -0.364287 0.000000
v -0.019700 -0.364287 -0.003919
v -0.018557 -0.364287 -0.007687
v -0.016701 -0.364287 -0.011159
v -0.014203 -0.364287 -0.014203
v -0.011159 -0.364287 -0.016701
v -0.007687 -0.364287 -0.018557
v -0.003919 -0.364287 -0.019700
v -0.000000 -0.364287 -0.020086
v 0.003919 -0.364287 -0.019700
v 0.007687 -0.364287 -0.018557
v 0.011159 -0.364287 -0.016701
v 0.014203 -0.364287 -0.014203
v 0.016701 -0.364287 -0.011159
v 0.018557 -0.364287 -0.007687
v 0.019700 -0.364287 -0.003919
v 0.000000 -0.366000 0.000000
v 0.064406 -0.176000 -0.011357
v 0.065372 -0.176000 -0.001902
v 0.064958 -0.176000 0.007592
v 0.063172 -0.176000 0.016927
v 0.060051 -0.176000 0.025904
v 0.055663 -0.176000 0.034333
v 0.050099 -0.176000 0.042038
v 0.043478 -0.176000 0.048855
v 0.035938 -0.176000 0.054641
v 0.027639 -0.176000 0.059273
v 0.018757 -0.176000 0.062653
v 0.009479 -0.176000 0.064709
v 0.000000 -0.176000 0.065400
v -0.009479 -0.176000 0.064709
v -0.018757 -0.176000 0.062653
v -0.027639 -0.176000 0.059273
v -0.035938 -0.176000 0.054641
v -0.043478 -0.176000 0.048855
v -0.050099 -0.176000 0.042038
v -0.055663 -0.176000 0.034333
v -0.060051 -0.176000 0.025904
v -0.063172 -0.176000 0.016927
v -0.064958 -0.176000 0.007592
v -0.065372 -0.176000 -0.001902
v -0.064406 -0.176000 -0.011357
v 0.064406 -0.276000 -0.011357
v 0.065372 -0.276000 -0.001902
v 0.064958 -0.276000 0.007592
v 0.063172 -0.276000 0.016927
v 0.060051 -0.276000 0.025904
v 0.055663 -0.276000 0.034333
v 0.050099 -0.276000 0.042038
v 0.043478 -0.276000 0.048855
v 0.035938 -0.276000 0.054641
v 0.027639 -0.276000 0.059273
v 0.018757 -0.276000 0.062653
v 0.009479 -0.276000 0.064709
v 0.000000 -0.276000 0.065400
v -0.009479 -0.276000 0.064709
v -0.018757 -0.276000 0.062653
v -0.027639 -0.276000 0.059273
v -0.035938 -0.276000 0.054641
v -0.043478 -0.276000 0.048855
v -0.050099 -0.276000 0.042038
v -0.055663 -0.276000 0.034333
v -0.060051 -0.276000 0.025904
v -0.063172 -0.276000 0.016927
v -0.064958 -0.276000 0.007592
v -0.065372 -0.276000 -0.001902
v -0.064406 -0.276000 -0.011357
v 0.000000 -0.056000 0.000000
v 0.017500 -0.056000 0.000000
v 0.016643 -0.056000 0.005408
v 0.014158 -0.056000 0.010286
v 0.010286 -0.056000 0.014158
v 0.005408 -0.056000 0.016643
v 0.000000 -0.056000 0.017500
v -0.005408 -0.056000 0.016643
v -0.010286 -0.056000 0.014158
v -0.014158 -0.056000 0.010286
v -0.016643 -0.056000 0.005408
v -0.017500 -0.056000 0.000000
v -0.016643 -0.056000 -0.005408
v -0.014158 -0.056000 -0.010286
v -0.010286 -0.056000 -0.014158
v -0.005408 -0.056000 -0.016643
v -0.000000 -0.056000 -0.017500
v 0.005408 -0.056000 -0.016643
v 0.010286 -0.056000 -0.014158
v 0.014158 -0.056000 -0.010286
v 0.016643 -0.056000 -0.005408
v 0.019500 -0.057200 0.000000
v 0.018546 -0.057200 0.006026
v 0.015776 -0.057200 0.011462
v 0.011462 -0.057200 0.015776
v 0.006026 -0.057200 0.018546
v 0.000000 -0.057200 0.019500
v -0.006026 -0.057200 0.018546
v -0.011462 -0.057200 0.015776
v -0.015776 -0.057200 0.011462
v -0.018546 -0.057200 0.006026
v -0.019500 -0.057200 0.000000
v -0.018546 -0.057200 -0.006026
v -0.015776 -0.057200 -0.011462
v -0.011462 -0.057200 -0.015776
v -0.006026 -0.057200 -0.018546
v -0.000000 -0.057200 -0.019500
v 0.006026 -0.057200 -0.018546
v 0.011462 -0.057200 -0.015776
v 0.015776 -0.057200 -0.011462
v 0.018546 -0.057200 -0.006026
v 0.022500 -0.059500 0.000000
v 0.021399 -0.059500 0.006953
v 0.018203 -0.059500 0.013225
v 0.013225 -0.059500 0.018203
v 0.006953 -0.059500 0.021399
v 0.000000 -0.059500 0.022500
v -0.006953 -0.059500 0.021399
v -0.013225 -0.059500 0.018203
v -0.018203 -0.059500 0.013225
v -0.021399 -0.059500 0.006953
v -0.022500 -0.059500 0.000000
v -0.021399 -0.059500 -0.006953
v -0.018203 -0.059500 -0.013225
v -0.013225 -0.059500 -0.018203
v -0.006953 -0.059500 -0.021399
v -0.000000 -0.059500 -0.022500
v 0.006953 -0.059500 -0.021399
v 0.013225 -0.059500 -0.018203
v 0.018203 -0.059500 -0.013225
v 0.021399 -0.059500 -0.006953
v 0.022500 -0.090000 0.000000
v 0.021399 -0.090000 0.006953
v 0.018203 -0.090000 0.013225
v 0.013225 -0.090000 0.018203
v 0.006953 -0.090000 0.021399
v 0.000000 -0.090000 0.022500
v -0.006953 -0.090000 0.021399
v -0.013225 -0.090000 0.018203
v -0.018203 -0.090000 0.013225
v -0.021399 -0.090000 0.006953
v -0.022500 -0.090000 0.000000
v -0.021399 -0.090000 -0.006953
v -0.018203 -0.090000 -0.013225
v -0.013225 -0.090000 -0.018203
v -0.006953 -0.090000 -0.021399
v -0.000000 -0.090000 -0.022500
v 0.006953 -0.090000 -0.021399
v 0.013225 -0.090000 -0.018203
v 0.018203 -0.090000 -0.013225
v 0.021399 -0.090000 -0.006953
v 0.015700 -0.044800 0.000000
v 0.014505 -0.050808 0.000000
v 0.011102 -0.055902 0.000000
v 0.006008 -0.059305 0.000000
v 0.000000 -0.060500 0.000000
v -0.006008 -0.059305 0.000000
v -0.011102 -0.055902 0.000000
v -0.014505 -0.050808 0.000000
v -0.015700 -0.044800 0.000000
v -0.014505 -0.038792 0.000000
v -0.011102 -0.033698 0.000000
v -0.006008 -0.030295 0.000000
v -0.000000 -0.029100 0.000000
v 0.006008 -0.030295 0.000000
v 0.011102 -0.033698 0.000000
v 0.014505 -0.038792 0.000000
v 0.014600 -0.044800 -0.001905
v 0.013489 -0.050387 -0.001905
v 0.010324 -0.055124 -0.001905
v 0.005587 -0.058289 -0.001905
v 0.000000 -0.059400 -0.001905
v -0.005587 -0.058289 -0.001905
v -0.010324 -0.055124 -0.001905
v -0.013489 -0.050387 -0.001905
v -0.014600 -0.044800 -0.001905
v -0.013489 -0.039213 -0.001905
v -0.010324 -0.034476 -0.001905
v -0.005587 -0.031311 -0.001905
v -0.000000 -0.030200 -0.001905
v 0.005587 -0.031311 -0.001905
v 0.010324 -0.034476 -0.001905
v 0.013489 -0.039213 -0.001905
v 0.012400 -0.044800 -0.001905
v 0.011456 -0.049545 -0.001905
v 0.008768 -0.053568 -0.001905
v 0.004745 -0.056256 -0.001905
v 0.000000 -0.057200 -0.001905
v -0.004745 -0.056256 -0.001905
v -0.008768 -0.053568 -0.001905
v -0.011456 -0.049545 -0.001905
v -0.012400 -0.044800 -0.001905
v -0.011456 -0.040055 -0.001905
v -0.008768 -0.036032 -0.001905
v -0.004745 -0.033344 -0.001905
v -0.000000 -0.032400 -0.001905
v 0.004745 -0.033344 -0.001905
v 0.008768 -0.036032 -0.001905
v 0.011456 -0.040055 -0.001905
v 0.011300 -0.044800 -0.000000
v 0.010440 -0.049124 -0.000000
v 0.007990 -0.052790 -0.000000
v 0.004324 -0.055240 -0.000000
v 0.000000 -0.056100 -0.000000
v -0.004324 -0.055240 -0.000000
v -0.007990 -0.052790 -0.000000
v -0.010440 -0.049124 -0.000000
v -0.011300 -0.044800 -0.000000
v -0.010440 -0.040476 -0.000000
v -0.007990 -0.036810 -0.000000
v -0.004324 -0.034360 -0.000000
v -0.000000 -0.033500 -0.000000
v 0.004324 -0.034360 -0.000000
v 0.007990 -0.036810 -0.000000
v 0.010440 -0.040476 -0.000000
v 0.012400 -0.044800 0.001905
v 0.011456 -0.049545 0.001905
v 0.008768 -0.053568 0.001905
v 0.004745 -0.056256 0.001905
v 0.000000 -0.057200 0.001905
v -0.004745 -0.056256 0.001905
v -0.008768 -0.053568 0.001905
v -0.011456 -0.049545 0.001905
v -0.012400 -0.044800 0.001905
v -0.011456 -0.040055 0.001905
v -0.008768 -0.036032 0.001905
v -0.004745 -0.033344 0.001905
v -0.000000 -0.032400 0.001905
v 0.004745 -0.033344 0.001905
v 0.008768 -0.036032 0.001905
v 0.011456 -0.040055 0.001905
v 0.014600 -0.044800 0.001905
v 0.013489 -0.050387 0.001905
v 0.010324 -0.055124 0.001905
v 0.005587 -0.058289 0.001905
v 0.000000 -0.059400 0.001905
v -0.005587 -0.058289 0.001905
v -0.010324 -0.055124 0.001905
v -0.013489 -0.050387 0.001905
v -0.014600 -0.044800 0.001905
v -0.013489 -0.039213 0.001905
v -0.010324 -0.034476 0.001905
v -0.005587 -0.031311 0.001905
v -0.000000 -0.030200 0.001905
v 0.005587 -0.031311 0.001905
v 0.010324 -0.034476 0.001905
v 0.013489 -0.039213 0.001905
v 0.015700 -0.044800 0.000000
v 0.014505 -0.050808 0.000000
v 0.011102 -0.055902 0.000000
v 0.006008 -0.059305 0.000000
v 0.000000 -0.060500 0.000000
v -0.006008 -0.059305 0.000000
v -0.011102 -0.055902 0.000000
v -0.014505 -0.050808 0.000000
v -0.015700 -0.044800 0.000000
v -0.014505 -0.038792 0.000000
v -0.011102 -0.033698 0.000000
v -0.006008 -0.030295 0.000000
v -0.000000 -0.029100 0.000000
v 0.006008 -0.030295 0.000000
v 0.011102 -0.033698 0.000000
v 0.014505 -0.038792 0.000000
v 0.000500 0.000000 0.000000
v 0.000500 0.000000 -0.007663
v -0.005000 0.000000 -0.013000
v -0.012615 0.000000 -0.013000
v -0.018000 0.000000 -0.013000
v -0.023385 0.000000 -0.013000
v -0.031000 0.000000 -0.013000
v -0.036500 0.000000 -0.007663
v -0.036500 0.000000 -0.000000
v -0.036500 0.000000 0.007663
v -0.031000 0.000000 0.013000
v -0.023385 0.000000 0.013000
v -0.018000 0.000000 0.013000
v -0.012615 0.000000 0.013000
v -0.005000 0.000000 0.013000
v 0.000500 0.000000 0.007663
v 0.000500 -0.003000 0.000000
v 0.000500 -0.003000 -0.007663
v -0.005000 -0.003000 -0.013000
v -0.012615 -0.003000 -0.013000
v -0.018000 -0.003000 -0.013000
v -0.023385 -0.003000 -0.013000
v -0.031000 -0.003000 -0.013000
v -0.036500 -0.003000 -0.007663
v -0.036500 -0.003000 -0.000000
v -0.036500 -0.003000 0.007663
v -0.031000 -0.003000 0.013000
v -0.023385 -0.003000 0.013000
v -0.018000 -0.003000 0.013000
v -0.012615 -0.003000 0.013000
v -0.005000 -0.003000 0.013000
v 0.000500 -0.003000 0.007663
v -0.015200 0.000000 0.000000
v -0.015413 0.000000 -0.001072
v -0.016020 0.000000 -0.001980
v -0.016928 0.000000 -0.002587
v -0.018000 0.000000 -0.002800
v -0.019072 0.000000 -0.002587
v -0.019980 0.000000 -0.001980
v -0.020587 0.000000 -0.001072
v -0.020800 0.000000 -0.000000
v -0.020587 0.000000 0.001072
v -0.019980 0.000000 0.001980
v -0.019072 0.000000 0.002587
v -0.018000 0.000000 0.002800
v -0.016928 0.000000 0.002587
v -0.016020 0.000000 0.001980
v -0.015413 0.000000 0.001072
v -0.015200 -0.003000 0.000000
v -0.015413 -0.003000 -0.001072
v -0.016020 -0.003000 -0.001980
v -0.016928 -0.003000 -0.002587
v -0.018000 -0.003000 -0.002800
v -0.019072 -0.003000 -0.002587
v -0.019980 -0.003000 -0.001980
v -0.020587 -0.003000 -0.001072
v -0.020800 -0.003000 -0.000000
v -0.020587 -0.003000 0.001072
v -0.019980 -0.003000 0.001980
v -0.019072 -0.003000 0.002587
v -0.018000 -0.003000 0.002800
v -0.016928 -0.003000 0.002587
v -0.016020 -0.003000 0.001980
v -0.015413 -0.003000 0.001072
v 0.036500 0.000000 0.000000
v 0.036500 0.000000 -0.007663
v 0.031000 0.000000 -0.013000
v 0.023385 0.000000 -0.013000
v 0.018000 0.000000 -0.013000
v 0.012615 0.000000 -0.013000
v 0.005000 0.000000 -0.013000
v -0.000500 0.000000 -0.007663
v -0.000500 0.000000 -0.000000
v -0.000500 0.000000 0.007663
v 0.005000 0.000000 0.013000
v 0.012615 0.000000 0.013000
v 0.018000 0.000000 0.013000
v 0.023385 0.000000 0.013000
v 0.031000 0.000000 0.013000
v 0.036500 0.000000 0.007663
v 0.036500 -0.003000 0.000000
v 0.036500 -0.003000 -0.007663
v 0.031000 -0.003000 -0.013000
v 0.023385 -0.003000 -0.013000
v 0.018000 -0.003000 -0.013000
v 0.012615 -0.003000 -0.013000
v 0.005000 -0.003000 -0.013000
v -0.000500 -0.003000 -0.007663
v -0.000500 -0.003000 -0.000000
v -0.000500 -0.003000 0.007663
v 0.005000 -0.003000 0.013000
v 0.012615 -0.003000 0.013000
v 0.018000 -0.003000 0.013000
v 0.023385 -0.003000 0.013000
v 0.031000 -0.003000 0.013000
v 0.036500 -0.003000 0.007663
v 0.020800 0.000000 0.000000
v 0.020587 0.000000 -0.001072
v 0.019980 0.000000 -0.001980
v 0.019072 0.000000 -0.002587
v 0.018000 0.000000 -0.002800
v 0.016928 0.000000 -0.002587
v 0.016020 0.000000 -0.001980
v 0.015413 0.000000 -0.001072
v 0.015200 0.000000 -0.000000
v 0.015413 0.000000 0.001072
v 0.016020 0.000000 0.001980
v 0.016928 0.000000 0.002587
v 0.018000 0.000000 0.002800
v 0.019072 0.000000 0.002587
v 0.019980 0.000000 0.001980
v 0.020587 0.000000 0.001072
v 0.020800 -0.003000 0.000000
v 0.020587 -0.003000 -0.001072
v 0.019980 -0.003000 -0.001980
v 0.019072 -0.003000 -0.002587
v 0.018000 -0.003000 -0.002800
v 0.016928 -0.003000 -0.002587
v 0.016020 -0.003000 -0.001980
v 0.015413 -0.003000 -0.001072
v 0.015200 -0.003000 -0.000000
v 0.015413 -0.003000 0.001072
v 0.016020 -0.003000 0.001980
v 0.016928 -0.003000 0.002587
v 0.018000 -0.003000 0.002800
v 0.019072 -0.003000 0.002587
v 0.019980 -0.003000 0.001980
v 0.020587 -0.003000 0.001072
v -0.006000 -0.003000 0.013000
v 0.006000 -0.003000 0.013000
v -0.006000 -0.003000 -0.013000
v 0.006000 -0.003000 -0.013000
v -0.006000 0.000000 0.013000
v 0.006000 0.000000 0.013000
v -0.006000 0.000000 -0.013000
v 0.006000 0.000000 -0.013000
v -0.006000 -0.002800 -0.009000
v -0.006000 -0.024457 -0.009001
v -0.006000 -0.027799 -0.008374
v -0.006000 -0.030638 -0.006582
v -0.006000 -0.032623 -0.003875
v -0.006000 -0.033478 -0.000628
v -0.006000 -0.033083 0.002706
v -0.006000 -0.031494 0.005664
v -0.006000 -0.028932 0.007833
v -0.006000 -0.025753 0.008912
v -0.006000 -0.022399 0.008751
v -0.006000 -0.019094 0.007233
v -0.006000 -0.017861 0.009969
v -0.006000 -0.021699 0.011668
v -0.006000 -0.026170 0.011883
v -0.006000 -0.030409 0.010444
v -0.006000 -0.033826 0.007552
v -0.006000 -0.035945 0.003608
v -0.006000 -0.036471 -0.000837
v -0.006000 -0.035331 -0.005166
v -0.006000 -0.032684 -0.008776
v -0.006000 -0.028898 -0.011165
v -0.006000 -0.024543 -0.011999
v -0.006000 -0.002800 -0.012000
v 0.006000 -0.002800 -0.009000
v 0.006000 -0.024457 -0.009001
v 0.006000 -0.027799 -0.008374
v 0.006000 -0.030638 -0.006582
v 0.006000 -0.032623 -0.003875
v 0.006000 -0.033478 -0.000628
v 0.006000 -0.033083 0.002706
v 0.006000 -0.031494 0.005664
v 0.006000 -0.028932 0.007833
v 0.006000 -0.025753 0.008912
v 0.006000 -0.022399 0.008751
v 0.006000 -0.019094 0.007233
v 0.006000 -0.017861 0.009969
v 0.006000 -0.021699 0.011668
v 0.006000 -0.026170 0.011883
v 0.006000 -0.030409 0.010444
v 0.006000 -0.033826 0.007552
v 0.006000 -0.035945 0.003608
v 0.006000 -0.036471 -0.000837
v 0.006000 -0.035331 -0.005166
v 0.006000 -0.032684 -0.008776
v 0.006000 -0.028898 -0.011165
v 0.006000 -0.024543 -0.011999
v 0.006000 -0.002800 -0.012000
v 0.000000 -0.362000 0.000000
v 0.008000 -0.362000 0.000000
v 0.007391 -0.362000 0.003061
v 0.005657 -0.362000 0.005657
v 0.003061 -0.362000 0.007391
v 0.000000 -0.362000 0.008000
v -0.003061 -0.362000 0.007391
v -0.005657 -0.362000 0.005657
v -0.007391 -0.362000 0.003061
v -0.008000 -0.362000 0.000000
v -0.007391 -0.362000 -0.003061
v -0.005657 -0.362000 -0.005657
v -0.003061 -0.362000 -0.007391
v -0.000000 -0.362000 -0.008000
v 0.003061 -0.362000 -0.007391
v 0.005657 -0.362000 -0.005657
v 0.007391 -0.362000 -0.003061
v 0.008000 -0.372000 0.000000
v 0.007391 -0.372000 0.003061
v 0.005657 -0.372000 0.005657
v 0.003061 -0.372000 0.007391
v 0.000000 -0.372000 0.008000
v -0.003061 -0.372000 0.007391
v -0.005657 -0.372000 0.005657
v -0.007391 -0.372000 0.003061
v -0.008000 -0.372000 0.000000
v -0.007391 -0.372000 -0.003061
v -0.005657 -0.372000 -0.005657
v -0.003061 -0.372000 -0.007391
v -0.000000 -0.372000 -0.008000
v 0.003061 -0.372000 -0.007391
v 0.005657 -0.372000 -0.005657
v 0.007391 -0.372000 -0.003061
v 0.012500 -0.375500 0.000000
v 0.011548 -0.375500 0.004784
v 0.008839 -0.375500 0.008839
v 0.004784 -0.375500 0.011548
v 0.000000 -0.375500 0.012500
v -0.004784 -0.375500 0.011548
v -0.008839 -0.375500 0.008839
v -0.011548 -0.375500 0.004784
v -0.012500 -0.375500 0.000000
v -0.011548 -0.375500 -0.004784
v -0.008839 -0.375500 -0.008839
v -0.004784 -0.375500 -0.011548
v -0.000000 -0.375500 -0.012500
v 0.004784 -0.375500 -0.011548
v 0.008839 -0.375500 -0.008839
v 0.011548 -0.375500 -0.004784
v 0.014000 -0.379000 0.000000
v 0.012934 -0.379000 0.005358
v 0.009899 -0.379000 0.009899
v 0.005358 -0.379000 0.012934
v 0.000000 -0.379000 0.014000
v -0.005358 -0.379000 0.012934
v -0.009899 -0.379000 0.009899
v -0.012934 -0.379000 0.005358
v -0.014000 -0.379000 0.000000
v -0.012934 -0.379000 -0.005358
v -0.009899 -0.379000 -0.009899
v -0.005358 -0.379000 -0.012934
v -0.000000 -0.379000 -0.014000
v 0.005358 -0.379000 -0.012934
v 0.009899 -0.379000 -0.009899
v 0.012934 -0.379000 -0.005358
v 0.014000 -0.384000 0.000000
v 0.012934 -0.384000 0.005358
v 0.009899 -0.384000 0.009899
v 0.005358 -0.384000 0.012934
v 0.000000 -0.384000 0.014000
v -0.005358 -0.384000 0.012934
v -0.009899 -0.384000 0.009899
v -0.012934 -0.384000 0.005358
v -0.014000 -0.384000 0.000000
v -0.012934 -0.384000 -0.005358
v -0.009899 -0.384000 -0.009899
v -0.005358 -0.384000 -0.012934
v -0.000000 -0.384000 -0.014000
v 0.005358 -0.384000 -0.012934
v 0.009899 -0.384000 -0.009899
v 0.012934 -0.384000 -0.005358
v 0.011500 -0.388000 0.000000
v 0.010625 -0.388000 0.004401
v 0.008132 -0.388000 0.008132
v 0.004401 -0.388000 0.010625
v 0.000000 -0.388000 0.011500
v -0.004401 -0.388000 0.010625
v -0.008132 -0.388000 0.008132
v -0.010625 -0.388000 0.004401
v -0.011500 -0.388000 0.000000
v -0.010625 -0.388000 -0.004401
v -0.008132 -0.388000 -0.008132
v -0.004401 -0.388000 -0.010625
v -0.000000 -0.388000 -0.011500
v 0.004401 -0.388000 -0.010625
v 0.008132 -0.388000 -0.008132
v 0.010625 -0.388000 -0.004401
v 0.000000 -0.388000 0.000000
v 0.000000 -0.388500 0.000000
v 0.003500 -0.392000 0.000000
v 0.003031 -0.392000 0.001750
v 0.001750 -0.392000 0.003031
v 0.000000 -0.392000 0.003500
v -0.001750 -0.392000 0.003031
v -0.003031 -0.392000 0.001750
v -0.003500 -0.392000 0.000000
v -0.003031 -0.392000 -0.001750
v -0.001750 -0.392000 -0.003031
v -0.000000 -0.392000 -0.003500
v 0.001750 -0.392000 -0.003031
v 0.003031 -0.392000 -0.001750
v 0.004200 -0.396500 0.000000
v 0.003637 -0.396500 0.002100
v 0.002100 -0.396500 0.003637
v 0.000000 -0.396500 0.004200
v -0.002100 -0.396500 0.003637
v -0.003637 -0.396500 0.002100
v -0.004200 -0.396500 0.000000
v -0.003637 -0.396500 -0.002100
v -0.002100 -0.396500 -0.003637
v -0.000000 -0.396500 -0.004200
v 0.002100 -0.396500 -0.003637
v 0.003637 -0.396500 -0.002100
v 0.004200 -0.408500 0.000000
v 0.003637 -0.408500 0.002100
v 0.002100 -0.408500 0.003637
v 0.000000 -0.408500 0.004200
v -0.002100 -0.408500 0.003637
v -0.003637 -0.408500 0.002100
v -0.004200 -0.408500 0.000000
v -0.003637 -0.408500 -0.002100
v -0.002100 -0.408500 -0.003637
v -0.000000 -0.408500 -0.004200
v 0.002100 -0.408500 -0.003637
v 0.003637 -0.408500 -0.002100
v 0.003500 -0.412500 0.000000
v 0.003031 -0.412500 0.001750
v 0.001750 -0.412500 0.003031
v 0.000000 -0.412500 0.003500
v -0.001750 -0.412500 0.003031
v -0.003031 -0.412500 0.001750
v -0.003500 -0.412500 0.000000
v -0.003031 -0.412500 -0.001750
v -0.001750 -0.412500 -0.003031
v -0.000000 -0.412500 -0.003500
v 0.001750 -0.412500 -0.003031
v 0.003031 -0.412500 -0.001750
v 0.000000 -0.416000 0.000000
v -0.014500 -0.422000 0.002500
v -0.010500 -0.422000 0.002500
v -0.014500 -0.422000 -0.002500
v -0.010500 -0.422000 -0.002500
v -0.014500 -0.382500 0.002500
v -0.010500 -0.382500 0.002500
v -0.014500 -0.382500 -0.002500
v -0.010500 -0.382500 -0.002500
v 0.010500 -0.422000 0.002500
v 0.014500 -0.422000 0.002500
v 0.010500 -0.422000 -0.002500
v 0.014500 -0.422000 -0.002500
v 0.010500 -0.382500 0.002500
v 0.014500 -0.382500 0.002500
v 0.010500 -0.382500 -0.002500
v 0.014500 -0.382500 -0.002500
v -0.014500 -0.422000 0.002500
v 0.014500 -0.422000 0.002500
v -0.014500 -0.422000 -0.002500
v 0.014500 -0.422000 -0.002500
v -0.014500 -0.417500 0.002500
v 0.014500 -0.417500 0.002500
v -0.014500 -0.417500 -0.002500
v 0.014500 -0.417500 -0.002500
vn -0.0000 1.0000 -0.0000
vn 0.1775 0.9835 0.0353
vn 0.1810 0.9835 -0.0000
vn 0.1672 0.9835 0.0693
vn 0.1505 0.9835 0.1006
vn 0.1280 0.9835 0.1280
vn 0.1006 0.9835 0.1505
vn 0.0693 0.9835 0.1672
vn 0.0353 0.9835 0.1775
vn -0.0000 0.9835 0.1810
vn -0.0353 0.9835 0.1775
vn -0.0693 0.9835 0.1672
vn -0.1006 0.9835 0.1505
vn -0.1280 0.9835 0.1280
vn -0.1505 0.9835 0.1006
vn -0.1672 0.9835 0.0693
vn -0.1775 0.9835 0.0353
vn -0.1810 0.9835 -0.0000
vn -0.1775 0.9835 -0.0353
vn -0.1672 0.9835 -0.0693
vn -0.1505 0.9835 -0.1006
vn -0.1280 0.9835 -0.1280
vn -0.1006 0.9835 -0.1505
vn -0.0693 0.9835 -0.1672
vn -0.0353 0.9835 -0.1775
vn -0.0000 0.9835 -0.1810
vn 0.0353 0.9835 -0.1775
vn 0.0693 0.9835 -0.1672
vn 0.1006 0.9835 -0.1505
vn 0.1280 0.9835 -0.1280
vn 0.1505 0.9835 -0.1006
vn 0.1672 0.9835 -0.0693
vn 0.1775 0.9835 -0.0353
vn 0.3705 0.9259 0.0737
vn 0.3778 0.9259 -0.0000
vn 0.3141 0.9259 0.2099
vn 0.3490 0.9259 0.1446
vn 0.2671 0.9259 0.2671
vn 0.2099 0.9259 0.3141
vn 0.0737 0.9259 0.3705
vn 0.1446 0.9259 0.3490
vn -0.0737 0.9259 0.3705
vn -0.0000 0.9259 0.3778
vn -0.2099 0.9259 0.3141
vn -0.1446 0.9259 0.3490
vn -0.2671 0.9259 0.2671
vn -0.3141 0.9259 0.2099
vn -0.3705 0.9259 0.0737
vn -0.3490 0.9259 0.1446
vn -0.3705 0.9259 -0.0737
vn -0.3778 0.9259 -0.0000
vn -0.3141 0.9259 -0.2099
vn -0.3490 0.9259 -0.1446
vn -0.2671 0.9259 -0.2671
vn -0.2099 0.9259 -0.3141
vn -0.0737 0.9259 -0.3705
vn -0.1446 0.9259 -0.3490
vn 0.0737 0.9259 -0.3705
vn -0.0000 0.9259 -0.3778
vn 0.2099 0.9259 -0.3141
vn 0.1446 0.9259 -0.3490
vn 0.2671 0.9259 -0.2671
vn 0.3141 0.9259 -0.2099
vn 0.3705 0.9259 -0.0737
vn 0.3490 0.9259 -0.1446
vn 0.6141 0.7892 -0.0000
vn 0.6023 0.7892 0.1198
vn 0.5674 0.7892 0.2350
vn 0.5106 0.7892 0.3412
vn 0.4343 0.7892 0.4343
vn 0.2350 0.7892 0.5674
vn 0.3412 0.7892 0.5106
vn 0.1198 0.7892 0.6023
vn -0.0000 0.7892 0.6141
vn -0.1198 0.7892 0.6023
vn -0.2350 0.7892 0.5674
vn -0.3412 0.7892 0.5106
vn -0.4343 0.7892 0.4343
vn -0.5674 0.7892 0.2350
vn -0.5106 0.7892 0.3412
vn -0.6023 0.7892 0.1198
vn -0.6141 0.7892 -0.0000
vn -0.6023 0.7892 -0.1198
vn -0.5674 0.7892 -0.2350
vn -0.5106 0.7892 -0.3412
vn -0.4343 0.7892 -0.4343
vn -0.2350 0.7892 -0.5674
vn -0.3412 0.7892 -0.5106
vn -0.1198 0.7892 -0.6023
vn -0.0000 0.7892 -0.6141
vn 0.1198 0.7892 -0.6023
vn 0.2350 0.7892 -0.5674
vn 0.3412 0.7892 -0.5106
vn 0.4343 0.7892 -0.4343
vn 0.5674 0.7892 -0.2350
vn 0.5106 0.7892 -0.3412
vn 0.6023 0.7892 -0.1198
vn 0.8537 0.4924 0.1698
vn 0.8704 0.4924 -0.0000
vn 0.8041 0.4924 0.3331
vn 0.7237 0.4924 0.4836
vn 0.6155 0.4924 0.6155
vn 0.3331 0.4924 0.8041
vn 0.4836 0.4924 0.7237
vn 0.1698 0.4924 0.8537
vn -0.1698 0.4924 0.8537
vn -0.0000 0.4924 0.8704
vn -0.3331 0.4924 0.8041
vn -0.4836 0.4924 0.7237
vn -0.6155 0.4924 0.6155
vn -0.8041 0.4924 0.3331
vn -0.7237 0.4924 0.4836
vn -0.8537 0.4924 0.1698
vn -0.8537 0.4924 -0.1698
vn -0.8704 0.4924 -0.0000
vn -0.8041 0.4924 -0.3331
vn -0.7237 0.4924 -0.4836
vn -0.6155 0.4924 -0.6155
vn -0.3331 0.4924 -0.8041
vn -0.4836 0.4924 -0.7237
vn -0.1698 0.4924 -0.8537
vn 0.1698 0.4924 -0.8537
vn -0.0000 0.4924 -0.8704
vn 0.3331 0.4924 -0.8041
vn 0.4836 0.4924 -0.7237
vn 0.6155 0.4924 -0.6155
vn 0.8041 0.4924 -0.3331
vn 0.7237 0.4924 -0.4836
vn 0.8537 0.4924 -0.1698
vn 0.5810 0.8056 0.1156
vn 0.5924 0.8057 -0.0000
vn 0.5473 0.8056 0.2267
vn 0.4926 0.8056 0.3291
vn 0.4189 0.8056 0.4189
vn 0.3291 0.8056 0.4926
vn 0.2267 0.8056 0.5473
vn 0.1156 0.8056 0.5810
vn -0.1156 0.8056 0.5810
vn -0.0000 0.8057 0.5924
vn -0.2267 0.8056 0.5473
vn -0.3291 0.8056 0.4926
vn -0.4189 0.8056 0.4189
vn -0.4926 0.8056 0.3291
vn -0.5473 0.8056 0.2267
vn -0.5810 0.8056 0.1156
vn -0.5810 0.8056 -0.1156
vn -0.5924 0.8057 -0.0000
vn -0.5473 0.8056 -0.2267
vn -0.4926 0.8056 -0.3291
vn -0.4189 0.8056 -0.4189
vn -0.3291 0.8056 -0.4926
vn -0.2267 0.8056 -0.5473
vn -0.1156 0.8056 -0.5810
vn 0.1156 0.8056 -0.5810
vn -0.0000 0.8057 -0.5924
vn 0.2267 0.8056 -0.5473
vn 0.3291 0.8056 -0.4926
vn 0.4189 0.8056 -0.4189
vn 0.4926 0.8056 -0.3291
vn 0.5473 0.8056 -0.2267
vn 0.5810 0.8056 -0.1156
vn 0.5885 0.8000 0.1171
vn 0.6000 0.8000 -0.0000
vn 0.5543 0.8000 0.2296
vn 0.4989 0.8000 0.3333
vn 0.4243 0.8000 0.4243
vn 0.3333 0.8000 0.4989
vn 0.2296 0.8000 0.5543
vn 0.1171 0.8000 0.5885
vn -0.0000 0.8000 0.6000
vn -0.1171 0.8000 0.5885
vn -0.2296 0.8000 0.5543
vn -0.3333 0.8000 0.4989
vn -0.4243 0.8000 0.4243
vn -0.4989 0.8000 0.3333
vn -0.5543 0.8000 0.2296
vn -0.5885 0.8000 0.1171
vn -0.6000 0.8000 -0.0000
vn -0.5885 0.8000 -0.1171
vn -0.5543 0.8000 -0.2296
vn -0.4989 0.8000 -0.3333
vn -0.4243 0.8000 -0.4243
vn -0.3333 0.8000 -0.4989
vn -0.2296 0.8000 -0.5543
vn -0.1171 0.8000 -0.5885
vn -0.0000 0.8000 -0.6000
vn 0.1171 0.8000 -0.5885
vn 0.2296 0.8000 -0.5543
vn 0.3333 0.8000 -0.4989
vn 0.4243 0.8000 -0.4243
vn 0.4989 0.8000 -0.3333
vn 0.5543 0.8000 -0.2296
vn 0.5885 0.8000 -0.1171
vn 0.9808 -0.0000 0.1951
vn 1.0000 -0.0000 -0.0000
vn 0.9239 -0.0000 0.3827
vn 0.8315 -0.0000 0.5556
vn 0.7071 -0.0000 0.7071
vn 0.5556 -0.0000 0.8315
vn 0.3827 -0.0000 0.9239
vn 0.1951 -0.0000 0.9808
vn -0.0000 -0.0000 1.0000
vn -0.1951 -0.0000 0.9808
vn -0.3827 -0.0000 0.9239
vn -0.5556 -0.0000 0.8315
vn -0.7071 -0.0000 0.7071
vn -0.8315 -0.0000 0.5556
vn -0.9239 -0.0000 0.3827
vn -0.9808 -0.0000 0.1951
vn -1.0000 -0.0000 -0.0000
vn -0.9808 -0.0000 -0.1951
vn -0.9239 -0.0000 -0.3827
vn -0.8315 -0.0000 -0.5556
vn -0.7071 -0.0000 -0.7071
vn -0.5556 -0.0000 -0.8315
vn -0.3827 -0.0000 -0.9239
vn -0.1951 -0.0000 -0.9808
vn -0.0000 -0.0000 -1.0000
vn 0.1951 -0.0000 -0.9808
vn 0.3827 -0.0000 -0.9239
vn 0.5556 -0.0000 -0.8315
vn 0.7071 -0.0000 -0.7071
vn 0.8315 -0.0000 -0.5556
vn 0.9239 -0.0000 -0.3827
vn 0.9808 -0.0000 -0.1951
vn 0.6000 -0.8000 -0.0000
vn 0.5885 -0.8000 0.1171
vn 0.5543 -0.8000 0.2296
vn 0.4989 -0.8000 0.3333
vn 0.4243 -0.8000 0.4243
vn 0.3333 -0.8000 0.4989
vn 0.2296 -0.8000 0.5543
vn 0.1171 -0.8000 0.5885
vn -0.0000 -0.8000 0.6000
vn -0.1171 -0.8000 0.5885
vn -0.2296 -0.8000 0.5543
vn -0.3333 -0.8000 0.4989
vn -0.4243 -0.8000 0.4243
vn -0.4989 -0.8000 0.3333
vn -0.5543 -0.8000 0.2296
vn -0.5885 -0.8000 0.1171
vn -0.6000 -0.8000 -0.0000
vn -0.5885 -0.8000 -0.1171
vn -0.5543 -0.8000 -0.2296
vn -0.4989 -0.8000 -0.3333
vn -0.4243 -0.8000 -0.4243
vn -0.3333 -0.8000 -0.4989
vn -0.2296 -0.8000 -0.5543
vn -0.1171 -0.8000 -0.5885
vn -0.0000 -0.8000 -0.6000
vn 0.1171 -0.8000 -0.5885
vn 0.2296 -0.8000 -0.5543
vn 0.3333 -0.8000 -0.4989
vn 0.4243 -0.8000 -0.4243
vn 0.4989 -0.8000 -0.3333
vn 0.5543 -0.8000 -0.2296
vn 0.5885 -0.8000 -0.1171
vn 0.3334 0.8000 0.4989
vn -0.3334 0.8000 -0.4989
vn 0.9409 -0.2822 0.1872
vn 0.8704 -0.4924 -0.0000
vn 0.9594 -0.2822 -0.0000
vn 0.8863 -0.2822 0.3671
vn 0.8537 -0.4924 0.1698
vn 0.7977 -0.2822 0.5330
vn 0.8041 -0.4924 0.3331
vn 0.6155 -0.4924 0.6155
vn 0.7237 -0.4924 0.4836
vn 0.5330 -0.2822 0.7977
vn 0.6784 -0.2822 0.6784
vn 0.3671 -0.2822 0.8863
vn 0.4836 -0.4924 0.7237
vn 0.1698 -0.4924 0.8537
vn 0.3331 -0.4924 0.8041
vn -0.0000 -0.2822 0.9594
vn 0.1872 -0.2822 0.9409
vn -0.1872 -0.2822 0.9409
vn -0.0000 -0.4924 0.8704
vn -0.3671 -0.2822 0.8863
vn -0.1698 -0.4924 0.8537
vn -0.5330 -0.2822 0.7977
vn -0.3331 -0.4924 0.8041
vn -0.6155 -0.4924 0.6155
vn -0.4836 -0.4924 0.7237
vn -0.7977 -0.2822 0.5330
vn -0.6784 -0.2822 0.6784
vn -0.8863 -0.2822 0.3671
vn -0.7237 -0.4924 0.4836
vn -0.8537 -0.4924 0.1698
vn -0.8041 -0.4924 0.3331
vn -0.9594 -0.2822 -0.0000
vn -0.9409 -0.2822 0.1872
vn -0.9409 -0.2822 -0.1872
vn -0.8704 -0.4924 -0.0000
vn -0.8863 -0.2822 -0.3671
vn -0.8537 -0.4924 -0.1698
vn -0.7977 -0.2822 -0.5330
vn -0.8041 -0.4924 -0.3331
vn -0.6155 -0.4924 -0.6155
vn -0.7237 -0.4924 -0.4836
vn -0.5330 -0.2822 -0.7977
vn -0.6784 -0.2822 -0.6784
vn -0.3671 -0.2822 -0.8863
vn -0.4836 -0.4924 -0.7237
vn -0.1698 -0.4924 -0.8537
vn -0.3331 -0.4924 -0.8041
vn -0.0000 -0.2822 -0.9594
vn -0.1872 -0.2822 -0.9409
vn 0.1872 -0.2822 -0.9409
vn -0.0000 -0.4924 -0.8704
vn 0.3671 -0.2822 -0.8863
vn 0.1698 -0.4924 -0.8537
vn 0.5330 -0.2822 -0.7977
vn 0.3331 -0.4924 -0.8041
vn 0.6155 -0.4924 -0.6155
vn 0.4836 -0.4924 -0.7237
vn 0.7977 -0.2822 -0.5330
vn 0.6784 -0.2822 -0.6784
vn 0.8863 -0.2822 -0.3671
vn 0.7237 -0.4924 -0.4836
vn 0.8537 -0.4924 -0.1698
vn 0.8041 -0.4924 -0.3331
vn 0.9409 -0.2822 -0.1872
vn 0.6141 -0.7892 -0.0000
vn 0.5674 -0.7892 0.2350
vn 0.6023 -0.7892 0.1198
vn 0.5106 -0.7892 0.3412
vn 0.4343 -0.7892 0.4343
vn 0.3412 -0.7892 0.5106
vn 0.2350 -0.7892 0.5674
vn 0.1198 -0.7892 0.6023
vn -0.0000 -0.7892 0.6141
vn -0.2350 -0.7892 0.5674
vn -0.1198 -0.7892 0.6023
vn -0.3412 -0.7892 0.5106
vn -0.4343 -0.7892 0.4343
vn -0.5106 -0.7892 0.3412
vn -0.5674 -0.7892 0.2350
vn -0.6023 -0.7892 0.1198
vn -0.6141 -0.7892 -0.0000
vn -0.5674 -0.7892 -0.2350
vn -0.6023 -0.7892 -0.1198
vn -0.5106 -0.7892 -0.3412
vn -0.4343 -0.7892 -0.4343
vn -0.3412 -0.7892 -0.5106
vn -0.2350 -0.7892 -0.5674
vn -0.1198 -0.7892 -0.6023
vn -0.0000 -0.7892 -0.6141
vn 0.2350 -0.7892 -0.5674
vn 0.1198 -0.7892 -0.6023
vn 0.3412 -0.7892 -0.5106
vn 0.4343 -0.7892 -0.4343
vn 0.5106 -0.7892 -0.3412
vn 0.5674 -0.7892 -0.2350
vn 0.6023 -0.7892 -0.1198
vn 0.3705 -0.9259 0.0737
vn 0.3778 -0.9259 -0.0000
vn 0.3490 -0.9259 0.1446
vn 0.3141 -0.9259 0.2099
vn 0.2099 -0.9259 0.3141
vn 0.2671 -0.9259 0.2671
vn 0.1446 -0.9259 0.3490
vn 0.0737 -0.9259 0.3705
vn -0.0737 -0.9259 0.3705
vn -0.0000 -0.9259 0.3778
vn -0.1446 -0.9259 0.3490
vn -0.2099 -0.9259 0.3141
vn -0.3141 -0.9259 0.2099
vn -0.2671 -0.9259 0.2671
vn -0.3490 -0.9259 0.1446
vn -0.3705 -0.9259 0.0737
vn -0.3705 -0.9259 -0.0737
vn -0.3778 -0.9259 -0.0000
vn -0.3490 -0.9259 -0.1446
vn -0.3141 -0.9259 -0.2099
vn -0.2099 -0.9259 -0.3141
vn -0.2671 -0.9259 -0.2671
vn -0.1446 -0.9259 -0.3490
vn -0.0737 -0.9259 -0.3705
vn 0.0737 -0.9259 -0.3705
vn -0.0000 -0.9259 -0.3778
vn 0.1446 -0.9259 -0.3490
vn 0.2099 -0.9259 -0.3141
vn 0.3141 -0.9259 -0.2099
vn 0.2671 -0.9259 -0.2671
vn 0.3490 -0.9259 -0.1446
vn 0.3705 -0.9259 -0.0737
vn 0.1810 -0.9835 -0.0000
vn 0.1672 -0.9835 0.0693
vn 0.1775 -0.9835 0.0353
vn 0.1505 -0.9835 0.1006
vn 0.1006 -0.9835 0.1505
vn 0.1280 -0.9835 0.1280
vn 0.0693 -0.9835 0.1672
vn 0.0353 -0.9835 0.1775
vn -0.0000 -0.9835 0.1810
vn -0.0693 -0.9835 0.1672
vn -0.0353 -0.9835 0.1775
vn -0.1006 -0.9835 0.1505
vn -0.1505 -0.9835 0.1006
vn -0.1280 -0.9835 0.1280
vn -0.1672 -0.9835 0.0693
vn -0.1775 -0.9835 0.0353
vn -0.1810 -0.9835 -0.0000
vn -0.1672 -0.9835 -0.0693
vn -0.1775 -0.9835 -0.0353
vn -0.1505 -0.9835 -0.1006
vn -0.1006 -0.9835 -0.1505
vn -0.1280 -0.9835 -0.1280
vn -0.0693 -0.9835 -0.1672
vn -0.0353 -0.9835 -0.1775
vn -0.0000 -0.9835 -0.1810
vn 0.0693 -0.9835 -0.1672
vn 0.0353 -0.9835 -0.1775
vn 0.1006 -0.9835 -0.1505
vn 0.1505 -0.9835 -0.1006
vn 0.1280 -0.9835 -0.1280
vn 0.1672 -0.9835 -0.0693
vn 0.1775 -0.9835 -0.0353
vn -0.0000 -1.0000 -0.0000
vn 0.9996 -0.0000 -0.0291
vn 0.9948 -0.0000 -0.1016
vn 0.9932 -0.0000 0.1161
vn 0.9659 -0.0000 0.2588
vn 0.9182 -0.0000 0.3961
vn 0.8511 -0.0000 0.5250
vn 0.7660 -0.0000 0.6428
vn 0.6648 -0.0000 0.7470
vn 0.5495 -0.0000 0.8355
vn 0.4226 -0.0000 0.9063
vn 0.2868 -0.0000 0.9580
vn 0.1449 -0.0000 0.9894
vn -0.1449 -0.0000 0.9894
vn -0.2868 -0.0000 0.9580
vn -0.4226 -0.0000 0.9063
vn -0.5495 -0.0000 0.8355
vn -0.6648 -0.0000 0.7470
vn -0.7660 -0.0000 0.6428
vn -0.8511 -0.0000 0.5250
vn -0.9182 -0.0000 0.3961
vn -0.9659 -0.0000 0.2588
vn -0.9932 -0.0000 0.1161
vn -0.9996 -0.0000 -0.0291
vn -0.9948 -0.0000 -0.1016
vn 0.2771 0.9566 0.0900
vn 0.2914 0.9566 -0.0000
vn 0.2357 0.9566 0.1713
vn 0.1713 0.9566 0.2357
vn 0.0900 0.9566 0.2771
vn -0.0000 0.9566 0.2914
vn -0.0900 0.9566 0.2771
vn -0.1713 0.9566 0.2357
vn -0.2357 0.9566 0.1713
vn -0.2771 0.9566 0.0900
vn -0.2914 0.9566 -0.0000
vn -0.2771 0.9566 -0.0900
vn -0.2357 0.9566 -0.1713
vn -0.1713 0.9566 -0.2357
vn -0.0900 0.9566 -0.2771
vn -0.0000 0.9566 -0.2914
vn 0.0900 0.9566 -0.2771
vn 0.1713 0.9566 -0.2357
vn 0.2357 0.9566 -0.1713
vn 0.2771 0.9566 -0.0900
vn 0.5145 0.8575 -0.0000
vn 0.4162 0.8575 0.3024
vn 0.4893 0.8575 0.1590
vn 0.3024 0.8575 0.4162
vn 0.1590 0.8575 0.4893
vn -0.0000 0.8575 0.5145
vn -0.3024 0.8575 0.4162
vn -0.1590 0.8575 0.4893
vn -0.4162 0.8575 0.3024
vn -0.4893 0.8575 0.1590
vn -0.5145 0.8575 -0.0000
vn -0.4162 0.8575 -0.3024
vn -0.4893 0.8575 -0.1590
vn -0.3024 0.8575 -0.4162
vn -0.1590 0.8575 -0.4893
vn -0.0000 0.8575 -0.5145
vn 0.3024 0.8575 -0.4162
vn 0.1590 0.8575 -0.4893
vn 0.4162 0.8575 -0.3024
vn 0.4893 0.8575 -0.1590
vn 0.5787 0.7936 0.1880
vn 0.6084 0.7936 -0.0000
vn 0.4922 0.7936 0.3576
vn 0.3576 0.7936 0.4922
vn 0.1880 0.7936 0.5787
vn -0.0000 0.7936 0.6084
vn -0.1880 0.7936 0.5787
vn -0.3576 0.7936 0.4922
vn -0.4922 0.7936 0.3576
vn -0.5787 0.7936 0.1880
vn -0.6084 0.7936 -0.0000
vn -0.5787 0.7936 -0.1880
vn -0.4922 0.7936 -0.3576
vn -0.3576 0.7936 -0.4922
vn -0.1880 0.7936 -0.5787
vn -0.0000 0.7936 -0.6084
vn 0.1880 0.7936 -0.5787
vn 0.3576 0.7936 -0.4922
vn 0.4922 0.7936 -0.3576
vn 0.5787 0.7936 -0.1880
vn 0.9511 -0.0000 0.3090
vn 0.8090 -0.0000 0.5878
vn 0.5878 -0.0000 0.8090
vn 0.3090 -0.0000 0.9511
vn -0.3090 -0.0000 0.9511
vn -0.5878 -0.0000 0.8090
vn -0.8090 -0.0000 0.5878
vn -0.9511 -0.0000 0.3090
vn -0.9511 -0.0000 -0.3090
vn -0.8090 -0.0000 -0.5878
vn -0.5878 -0.0000 -0.8090
vn -0.3090 -0.0000 -0.9511
vn 0.3090 -0.0000 -0.9511
vn 0.5878 -0.0000 -0.8090
vn 0.8090 -0.0000 -0.5878
vn 0.9511 -0.0000 -0.3090
vn 0.8001 -0.3314 -0.5000
vn 0.5440 -0.0000 -0.8391
vn 0.8660 -0.0000 -0.5000
vn 0.6124 -0.6124 -0.5000
vn 0.5026 -0.2082 -0.8391
vn 0.2082 -0.5026 -0.8391
vn 0.3846 -0.3846 -0.8391
vn -0.0000 -0.8660 -0.5000
vn 0.3314 -0.8001 -0.5000
vn -0.3314 -0.8001 -0.5000
vn -0.0000 -0.5440 -0.8391
vn -0.6124 -0.6124 -0.5000
vn -0.2082 -0.5026 -0.8391
vn -0.8001 -0.3314 -0.5000
vn -0.3846 -0.3846 -0.8391
vn -0.5440 -0.0000 -0.8391
vn -0.5026 -0.2082 -0.8391
vn -0.8001 0.3314 -0.5000
vn -0.8660 -0.0000 -0.5000
vn -0.6124 0.6124 -0.5000
vn -0.5026 0.2082 -0.8391
vn -0.3314 0.8001 -0.5000
vn -0.3846 0.3846 -0.8391
vn -0.0000 0.8660 -0.5000
vn -0.2082 0.5026 -0.8391
vn 0.2082 0.5026 -0.8391
vn -0.0000 0.5440 -0.8391
vn 0.6124 0.6124 -0.5000
vn 0.3314 0.8001 -0.5000
vn 0.8001 0.3314 -0.5000
vn 0.3846 0.3846 -0.8391
vn 0.5026 0.2082 -0.8391
vn -0.4503 -0.0000 -0.8929
vn -0.3184 0.3184 -0.8929
vn -0.4160 0.1723 -0.8929
vn -0.0000 0.4503 -0.8929
vn -0.1723 0.4160 -0.8929
vn 0.3184 0.3184 -0.8929
vn 0.1723 0.4160 -0.8929
vn 0.4503 -0.0000 -0.8929
vn 0.4160 0.1723 -0.8929
vn 0.3184 -0.3184 -0.8929
vn 0.4160 -0.1723 -0.8929
vn -0.0000 -0.4503 -0.8929
vn 0.1723 -0.4160 -0.8929
vn -0.3184 -0.3184 -0.8929
vn -0.1723 -0.4160 -0.8929
vn -0.4160 -0.1723 -0.8929
vn -0.9239 0.3827 -0.0000
vn -0.3827 0.9239 -0.0000
vn -0.7071 0.7071 -0.0000
vn 0.3827 0.9239 -0.0000
vn 0.9239 0.3827 -0.0000
vn 0.7071 0.7071 -0.0000
vn 0.9239 -0.3827 -0.0000
vn 0.3827 -0.9239 -0.0000
vn 0.7071 -0.7071 -0.0000
vn -0.3827 -0.9239 -0.0000
vn -0.9239 -0.3827 -0.0000
vn -0.7071 -0.7071 -0.0000
vn -0.4160 0.1723 0.8929
vn -0.4503 -0.0000 0.8929
vn -0.3184 0.3184 0.8929
vn -0.1723 0.4160 0.8929
vn -0.0000 0.4503 0.8929
vn 0.3184 0.3184 0.8929
vn 0.1723 0.4160 0.8929
vn 0.4160 0.1723 0.8929
vn 0.4160 -0.1723 0.8929
vn 0.4503 -0.0000 0.8929
vn 0.3184 -0.3184 0.8929
vn 0.1723 -0.4160 0.8929
vn -0.0000 -0.4503 0.8929
vn -0.3184 -0.3184 0.8929
vn -0.1723 -0.4160 0.8929
vn -0.4160 -0.1723 0.8929
vn 0.5026 -0.2082 0.8391
vn 0.5440 -0.0000 0.8391
vn 0.2082 -0.5026 0.8391
vn 0.3846 -0.3846 0.8391
vn -0.2082 -0.5026 0.8391
vn -0.0000 -0.5440 0.8391
vn -0.3846 -0.3846 0.8391
vn -0.5026 -0.2082 0.8391
vn -0.5026 0.2082 0.8391
vn -0.5440 -0.0000 0.8391
vn -0.2082 0.5026 0.8391
vn -0.3846 0.3846 0.8391
vn 0.2082 0.5026 0.8391
vn -0.0000 0.5440 0.8391
vn 0.3846 0.3846 0.8391
vn 0.5026 0.2082 0.8391
vn 0.8001 -0.3314 0.5000
vn 0.8660 -0.0000 0.5000
vn 0.6124 -0.6124 0.5000
vn -0.0000 -0.8660 0.5000
vn 0.3314 -0.8001 0.5000
vn -0.3314 -0.8001 0.5000
vn -0.6124 -0.6124 0.5000
vn -0.8001 -0.3314 0.5000
vn -0.8001 0.3314 0.5000
vn -0.8660 -0.0000 0.5000
vn -0.6124 0.6124 0.5000
vn -0.3314 0.8001 0.5000
vn -0.0000 0.8660 0.5000
vn 0.3314 0.8001 0.5000
vn 0.6124 0.6124 0.5000
vn 0.8001 0.3314 0.5000
vn 0.6964 -0.0000 -0.7177
vn -0.6964 -0.0000 -0.7177
vn -0.6964 -0.0000 0.7177
vn 0.6964 -0.0000 0.7177
vn -0.0000 0.0926 0.9957
vn -0.0000 0.3655 0.9308
vn -0.0000 0.6820 0.7314
vn -0.0000 0.9026 0.4305
vn -0.0000 0.9976 0.0698
vn -0.0000 0.9537 -0.3007
vn -0.0000 0.7771 -0.6293
vn -0.0000 0.1392 -0.9903
vn -0.0000 -0.2370 -0.9715
vn -0.0000 -0.4173 -0.9088
vn -0.0000 0.9118 -0.4107
vn -0.0000 0.2304 0.9731
vn -0.0000 0.4050 0.9143
vn -0.0000 -0.1392 0.9903
vn -0.0000 -0.7771 0.6293
vn -0.0000 -0.9537 0.3007
vn -0.0000 -0.9976 -0.0698
vn -0.0000 -0.9026 -0.4305
vn -0.0000 -0.6820 -0.7314
vn -0.0000 -0.3673 -0.9301
vn -0.0000 -0.0945 -0.9955
vn 0.6894 0.6657 0.2856
vn 0.7462 0.6657 -0.0000
vn 0.5276 0.6657 0.5276
vn 0.2856 0.6657 0.6894
vn -0.0000 0.6657 0.7462
vn -0.2856 0.6657 0.6894
vn -0.5276 0.6657 0.5276
vn -0.6894 0.6657 0.2856
vn -0.7462 0.6657 -0.0000
vn -0.6894 0.6657 -0.2856
vn -0.5276 0.6657 -0.5276
vn -0.2856 0.6657 -0.6894
vn -0.0000 0.6657 -0.7462
vn 0.2856 0.6657 -0.6894
vn 0.5276 0.6657 -0.5276
vn 0.6894 0.6657 -0.2856
vn 0.5672 0.7894 0.2349
vn 0.8027 0.5964 -0.0000
vn 0.6139 0.7894 -0.0000
vn 0.4341 0.7894 0.4341
vn 0.7416 0.5964 0.3072
vn 0.3072 0.5964 0.7416
vn 0.5676 0.5964 0.5676
vn -0.0000 0.7894 0.6139
vn 0.2350 0.7894 0.5672
vn -0.2349 0.7894 0.5672
vn -0.0000 0.5964 0.8027
vn -0.4341 0.7894 0.4341
vn -0.3072 0.5964 0.7416
vn -0.7416 0.5964 0.3072
vn -0.5676 0.5964 0.5676
vn -0.6139 0.7894 -0.0000
vn -0.5672 0.7894 0.2349
vn -0.5672 0.7894 -0.2349
vn -0.8027 0.5964 -0.0000
vn -0.4341 0.7894 -0.4341
vn -0.7416 0.5964 -0.3072
vn -0.3072 0.5964 -0.7416
vn -0.5676 0.5964 -0.5676
vn -0.0000 0.7894 -0.6139
vn -0.2350 0.7894 -0.5672
vn 0.2349 0.7894 -0.5672
vn -0.0000 0.5964 -0.8027
vn 0.4341 0.7894 -0.4341
vn 0.3072 0.5964 -0.7416
vn 0.7416 0.5964 -0.3072
vn 0.5676 0.5964 -0.5676
vn 0.5672 0.7894 -0.2349
vn 0.8492 0.3939 0.3517
vn 0.9191 0.3939 -0.0000
vn 0.6499 0.3939 0.6499
vn 0.3517 0.3939 0.8492
vn -0.3517 0.3939 0.8492
vn -0.0000 0.3939 0.9191
vn -0.6499 0.3939 0.6499
vn -0.8492 0.3939 0.3517
vn -0.8492 0.3939 -0.3517
vn -0.9191 0.3939 -0.0000
vn -0.6499 0.3939 -0.6499
vn -0.3517 0.3939 -0.8492
vn 0.3517 0.3939 -0.8492
vn -0.0000 0.3939 -0.9191
vn 0.6499 0.3939 -0.6499
vn 0.8492 0.3939 -0.3517
vn 0.7834 -0.5300 0.3245
vn 0.8480 -0.5300 -0.0000
vn 0.5996 -0.5300 0.5996
vn 0.3245 -0.5300 0.7834
vn -0.0000 -0.5300 0.8480
vn -0.3245 -0.5300 0.7834
vn -0.5996 -0.5300 0.5996
vn -0.7834 -0.5300 0.3245
vn -0.8480 -0.5300 -0.0000
vn -0.7834 -0.5300 -0.3245
vn -0.5996 -0.5300 -0.5996
vn -0.3245 -0.5300 -0.7834
vn -0.0000 -0.5300 -0.8480
vn 0.3245 -0.5300 -0.7834
vn 0.5996 -0.5300 -0.5996
vn 0.7834 -0.5300 -0.3245
vn 0.7805 0.4333 0.4506
vn 0.9013 0.4333 -0.0000
vn 0.4506 0.4333 0.7805
vn -0.0000 0.4333 0.9013
vn -0.4506 0.4333 0.7805
vn -0.7805 0.4333 0.4506
vn -0.9013 0.4333 -0.0000
vn -0.7805 0.4333 -0.4506
vn -0.4506 0.4333 -0.7805
vn -0.0000 0.4333 -0.9013
vn 0.4506 0.4333 -0.7805
vn 0.7805 0.4333 -0.4506
vn 0.9971 0.0761 -0.0000
vn 0.8635 0.0761 0.4985
vn 0.4986 0.0761 0.8635
vn -0.0000 0.0761 0.9971
vn -0.4985 0.0761 0.8635
vn -0.8635 0.0761 0.4986
vn -0.9971 0.0761 -0.0000
vn -0.8635 0.0761 -0.4985
vn -0.4986 0.0761 -0.8635
vn -0.0000 0.0761 -0.9971
vn 0.4985 0.0761 -0.8635
vn 0.8635 0.0761 -0.4986
vn 0.9964 -0.0853 -0.0000
vn 0.8629 -0.0853 0.4982
vn 0.4982 -0.0853 0.8629
vn -0.0000 -0.0853 0.9964
vn -0.4982 -0.0853 0.8629
vn -0.8629 -0.0853 0.4982
vn -0.9964 -0.0853 -0.0000
vn -0.8629 -0.0853 -0.4982
vn -0.4982 -0.0853 -0.8629
vn -0.0000 -0.0853 -0.9964
vn 0.4982 -0.0853 -0.8629
vn 0.8629 -0.0853 -0.4982
vn 0.8970 -0.4420 -0.0000
vn 0.7769 -0.4420 0.4485
vn 0.4485 -0.4420 0.7769
vn -0.0000 -0.4420 0.8970
vn -0.4485 -0.4420 0.7769
vn -0.7769 -0.4420 0.4485
vn -0.8970 -0.4420 -0.0000
vn -0.7769 -0.4420 -0.4485
vn -0.4485 -0.4420 -0.7769
vn -0.0000 -0.4420 -0.8970
vn 0.4485 -0.4420 -0.7769
vn 0.7769 -0.4420 -0.4485
vt 0.000000 0.000000
vt 0.958333 1.000000
vt 1.000000 0.000000
vt 1.000000 1.000000
vt 0.916667 1.000000
vt 0.958333 0.000000
vt 0.875000 1.000000
vt 0.916667 0.000000
vt 0.833333 1.000000
vt 0.875000 0.000000
vt 0.791667 1.000000
vt 0.833333 0.000000
vt 0.750000 1.000000
vt 0.791667 0.000000
vt 0.708333 1.000000
vt 0.750000 0.000000
vt 0.666667 1.000000
vt 0.708333 0.000000
vt 0.625000 1.000000
vt 0.666667 0.000000
vt 0.583333 1.000000
vt 0.625000 0.000000
vt 0.541667 1.000000
vt 0.583333 0.000000
vt 0.500000 1.000000
vt 0.541667 0.000000
vt 0.458333 1.000000
vt 0.500000 0.000000
vt 0.416667 1.000000
vt 0.458333 0.000000
vt 0.375000 1.000000
vt 0.416667 0.000000
vt 0.333333 1.000000
vt 0.375000 0.000000
vt 0.291667 1.000000
vt 0.333333 0.000000
vt 0.250000 1.000000
vt 0.291667 0.000000
vt 0.208333 1.000000
vt 0.250000 0.000000
vt 0.166667 1.000000
vt 0.208333 0.000000
vt 0.125000 1.000000
vt 0.166667 0.000000
vt 0.083333 1.000000
vt 0.125000 0.000000
vt 0.041667 1.000000
vt 0.083333 0.000000
vt 0.000000 1.000000
vt 0.041667 0.000000
s 1
usemtl m0
f 1/1/1 3/1/2 2/1/3
f 1/1/1 4/1/4 3/1/2
f 1/1/1 5/1/5 4/1/4
f 1/1/1 6/1/6 5/1/5
f 1/1/1 7/1/7 6/1/6
f 1/1/1 8/1/8 7/1/7
f 1/1/1 9/1/9 8/1/8
f 1/1/1 10/1/10 9/1/9
f 1/1/1 11/1/11 10/1/10
f 1/1/1 12/1/12 11/1/11
f 1/1/1 13/1/13 12/1/12
f 1/1/1 14/1/14 13/1/13
f 1/1/1 15/1/15 14/1/14
f 1/1/1 16/1/16 15/1/15
f 1/1/1 17/1/17 16/1/16
f 1/1/1 18/1/18 17/1/17
f 1/1/1 19/1/19 18/1/18
f 1/1/1 20/1/20 19/1/19
f 1/1/1 21/1/21 20/1/20
f 1/1/1 22/1/22 21/1/21
f 1/1/1 23/1/23 22/1/22
f 1/1/1 24/1/24 23/1/23
f 1/1/1 25/1/25 24/1/24
f 1/1/1 26/1/26 25/1/25
f 1/1/1 27/1/27 26/1/26
f 1/1/1 28/1/28 27/1/27
f 1/1/1 29/1/29 28/1/28
f 1/1/1 30/1/30 29/1/29
f 1/1/1 31/1/31 30/1/30
f 1/1/1 32/1/32 31/1/31
f 1/1/1 33/1/33 32/1/32
f 1/1/1 2/1/3 33/1/33
f 2/1/3 35/1/34 34/1/35
f 4/1/4 35/1/34 3/1/2
f 4/1/4 37/1/36 36/1/37
f 6/1/6 37/1/36 5/1/5
f 7/1/7 38/1/38 6/1/6
f 8/1/8 39/1/39 7/1/7
f 8/1/8 41/1/40 40/1/41
f 10/1/10 41/1/40 9/1/9
f 10/1/10 43/1/42 42/1/43
f 12/1/12 43/1/42 11/1/11
f 12/1/12 45/1/44 44/1/45
f 14/1/14 45/1/44 13/1/13
f 15/1/15 46/1/46 14/1/14
f 16/1/16 47/1/47 15/1/15
f 16/1/16 49/1/48 48/1/49
f 18/1/18 49/1/48 17/1/17
f 18/1/18 51/1/50 50/1/51
f 20/1/20 51/1/50 19/1/19
f 20/1/20 53/1/52 52/1/53
f 22/1/22 53/1/52 21/1/21
f 23/1/23 54/1/54 22/1/22
f 24/1/24 55/1/55 23/1/23
f 24/1/24 57/1/56 56/1/57
f 26/1/26 57/1/56 25/1/25
f 26/1/26 59/1/58 58/1/59
f 28/1/28 59/1/58 27/1/27
f 28/1/28 61/1/60 60/1/61
f 30/1/30 61/1/60 29/1/29
f 31/1/31 62/1/62 30/1/30
f 32/1/32 63/1/63 31/1/31
f 32/1/32 65/1/64 64/1/65
f 2/1/3 65/1/64 33/1/33
f 35/1/34 66/1/66 34/1/35
f 36/1/37 67/1/67 35/1/34
f 37/1/36 68/1/68 36/1/37
f 38/1/38 69/1/69 37/1/36
f 39/1/39 70/1/70 38/1/38
f 39/1/39 72/1/71 71/1/72
f 40/1/41 73/1/73 72/1/71
f 42/1/43 73/1/73 41/1/40
f 43/1/42 74/1/74 42/1/43
f 44/1/45 75/1/75 43/1/42
f 45/1/44 76/1/76 44/1/45
f 46/1/46 77/1/77 45/1/44
f 47/1/47 78/1/78 46/1/46
f 47/1/47 80/1/79 79/1/80
f 48/1/49 81/1/81 80/1/79
f 50/1/51 81/1/81 49/1/48
f 51/1/50 82/1/82 50/1/51
f 52/1/53 83/1/83 51/1/50
f 53/1/52 84/1/84 52/1/53
f 54/1/54 85/1/85 53/1/52
f 55/1/55 86/1/86 54/1/54
f 55/1/55 88/1/87 87/1/88
f 56/1/57 89/1/89 88/1/87
f 58/1/59 89/1/89 57/1/56
f 59/1/58 90/1/90 58/1/59
f 60/1/61 91/1/91 59/1/58
f 61/1/60 92/1/92 60/1/61
f 62/1/62 93/1/93 61/1/60
f 63/1/63 94/1/94 62/1/62
f 63/1/63 96/1/95 95/1/96
f 64/1/65 97/1/97 96/1/95
f 34/1/35 97/1/97 65/1/64
f 66/1/66 99/1/98 98/1/99
f 67/1/67 100/1/100 99/1/98
f 69/1/69 100/1/100 68/1/68
f 70/1/70 101/1/101 69/1/69
f 71/1/72 102/1/102 70/1/70
f 71/1/72 104/1/103 103/1/104
f 73/1/73 104/1/103 72/1/71
f 74/1/74 105/1/105 73/1/73
f 74/1/74 107/1/106 106/1/107
f 75/1/75 108/1/108 107/1/106
f 77/1/77 108/1/108 76/1/76
f 78/1/78 109/1/109 77/1/77
f 79/1/80 110/1/110 78/1/78
f 79/1/80 112/1/111 111/1/112
f 81/1/81 112/1/111 80/1/79
f 82/1/82 113/1/113 81/1/81
f 82/1/82 115/1/114 114/1/115
f 83/1/83 116/1/116 115/1/114
f 85/1/85 116/1/116 84/1/84
f 86/1/86 117/1/117 85/1/85
f 87/1/88 118/1/118 86/1/86
f 87/1/88 120/1/119 119/1/120
f 89/1/89 120/1/119 88/1/87
f 90/1/90 121/1/121 89/1/89
f 90/1/90 123/1/122 122/1/123
f 91/1/91 124/1/124 123/1/122
f 93/1/93 124/1/124 92/1/92
f 94/1/94 125/1/125 93/1/93
f 95/1/96 126/1/126 94/1/94
f 95/1/96 128/1/127 127/1/128
f 97/1/97 128/1/127 96/1/95
f 66/1/66 129/1/129 97/1/97
f 98/1/99 131/1/130 130/1/131
f 100/1/100 131/1/130 99/1/98
f 101/1/101 132/1/132 100/1/100
f 102/1/102 133/1/133 101/1/101
f 103/1/104 134/1/134 102/1/102
f 104/1/103 135/1/135 103/1/104
f 105/1/105 136/1/136 104/1/103
f 106/1/107 137/1/137 105/1/105
f 106/1/107 139/1/138 138/1/139
f 108/1/108 139/1/138 107/1/106
f 109/1/109 140/1/140 108/1/108
f 110/1/110 141/1/141 109/1/109
f 111/1/112 142/1/142 110/1/110
f 112/1/111 143/1/143 111/1/112
f 113/1/113 144/1/144 112/1/111
f 114/1/115 145/1/145 113/1/113
f 114/1/115 147/1/146 146/1/147
f 116/1/116 147/1/146 115/1/114
f 117/1/117 148/1/148 116/1/116
f 118/1/118 149/1/149 117/1/117
f 119/1/120 150/1/150 118/1/118
f 120/1/119 151/1/151 119/1/120
f 121/1/121 152/1/152 120/1/119
f 122/1/123 153/1/153 121/1/121
f 122/1/123 155/1/154 154/1/155
f 124/1/124 155/1/154 123/1/122
f 125/1/125 156/1/156 124/1/124
f 126/1/126 157/1/157 125/1/125
f 127/1/128 158/1/158 126/1/126
f 128/1/127 159/1/159 127/1/128
f 129/1/129 160/1/160 128/1/127
f 98/1/99 161/1/161 129/1/129
f 130/1/131 163/1/1 162/1/1
f 131/1/130 164/1/1 163/1/1
f 132/1/132 165/1/1 164/1/1
f 133/1/133 166/1/1 165/1/1
f 134/1/134 167/1/1 166/1/1
f 135/1/135 168/1/1 167/1/1
f 136/1/136 169/1/1 168/1/1
f 137/1/137 170/1/1 169/1/1
f 138/1/139 171/1/1 170/1/1
f 139/1/138 172/1/1 171/1/1
f 140/1/140 173/1/1 172/1/1
f 141/1/141 174/1/1 173/1/1
f 142/1/142 175/1/1 174/1/1
f 143/1/143 176/1/1 175/1/1
f 144/1/144 177/1/1 176/1/1
f 145/1/145 178/1/1 177/1/1
f 146/1/147 179/1/1 178/1/1
f 147/1/146 180/1/1 179/1/1
f 148/1/148 181/1/1 180/1/1
f 149/1/149 182/1/1 181/1/1
f 150/1/150 183/1/1 182/1/1
f 151/1/151 184/1/1 183/1/1
f 152/1/152 185/1/1 184/1/1
f 153/1/153 186/1/1 185/1/1
f 154/1/155 187/1/1 186/1/1
f 155/1/154 188/1/1 187/1/1
f 156/1/156 189/1/1 188/1/1
f 157/1/157 190/1/1 189/1/1
f 158/1/158 191/1/1 190/1/1
f 159/1/159 192/1/1 191/1/1
f 160/1/160 193/1/1 192/1/1
f 161/1/161 162/1/1 193/1/1
f 163/1/162 194/1/163 162/1/163
f 164/1/164 195/1/162 163/1/162
f 165/1/165 196/1/164 164/1/164
f 165/1/165 198/1/166 197/1/165
f 167/1/167 198/1/166 166/1/166
f 168/1/168 199/1/167 167/1/167
f 169/1/169 200/1/168 168/1/168
f 170/1/170 201/1/169 169/1/169
f 171/1/171 202/1/170 170/1/170
f 172/1/172 203/1/171 171/1/171
f 173/1/173 204/1/172 172/1/172
f 173/1/173 206/1/174 205/1/173
f 175/1/175 206/1/174 174/1/174
f 176/1/176 207/1/175 175/1/175
f 177/1/177 208/1/176 176/1/176
f 178/1/178 209/1/177 177/1/177
f 179/1/179 210/1/178 178/1/178
f 180/1/180 211/1/179 179/1/179
f 181/1/181 212/1/180 180/1/180
f 181/1/181 214/1/182 213/1/181
f 183/1/183 214/1/182 182/1/182
f 184/1/184 215/1/183 183/1/183
f 185/1/185 216/1/184 184/1/184
f 186/1/186 217/1/185 185/1/185
f 187/1/187 218/1/186 186/1/186
f 188/1/188 219/1/187 187/1/187
f 189/1/189 220/1/188 188/1/188
f 189/1/189 222/1/190 221/1/189
f 191/1/191 222/1/190 190/1/190
f 192/1/192 223/1/191 191/1/191
f 193/1/193 224/1/192 192/1/192
f 162/1/163 225/1/193 193/1/193
f 195/1/194 226/1/195 194/1/195
f 196/1/196 227/1/194 195/1/194
f 197/1/197 228/1/196 196/1/196
f 198/1/198 229/1/197 197/1/197
f 199/1/199 230/1/198 198/1/198
f 200/1/200 231/1/199 199/1/199
f 201/1/201 232/1/200 200/1/200
f 202/1/202 233/1/201 201/1/201
f 203/1/203 234/1/202 202/1/202
f 204/1/204 235/1/203 203/1/203
f 205/1/205 236/1/204 204/1/204
f 206/1/206 237/1/205 205/1/205
f 207/1/207 238/1/206 206/1/206
f 208/1/208 239/1/207 207/1/207
f 209/1/209 240/1/208 208/1/208
f 210/1/210 241/1/209 209/1/209
f 211/1/211 242/1/210 210/1/210
f 212/1/212 243/1/211 211/1/211
f 213/1/213 244/1/212 212/1/212
f 214/1/214 245/1/213 213/1/213
f 215/1/215 246/1/214 214/1/214
f 216/1/216 247/1/215 215/1/215
f 217/1/217 248/1/216 216/1/216
f 218/1/218 249/1/217 217/1/217
f 219/1/219 250/1/218 218/1/218
f 220/1/220 251/1/219 219/1/219
f 221/1/221 252/1/220 220/1/220
f 222/1/222 253/1/221 221/1/221
f 223/1/223 254/1/222 222/1/222
f 224/1/224 255/1/223 223/1/223
f 225/1/225 256/1/224 224/1/224
f 194/1/195 257/1/225 225/1/225
f 226/1/226 259/1/227 258/1/226
f 228/1/228 259/1/227 227/1/227
f 229/1/229 260/1/228 228/1/228
f 230/1/230 261/1/229 229/1/229
f 231/1/231 262/1/230 230/1/230
f 232/1/232 263/1/231 231/1/231
f 232/1/232 265/1/233 264/1/232
f 234/1/234 265/1/233 233/1/233
f 234/1/234 267/1/235 266/1/234
f 236/1/236 267/1/235 235/1/235
f 237/1/237 268/1/236 236/1/236
f 238/1/238 269/1/237 237/1/237
f 239/1/239 270/1/238 238/1/238
f 240/1/240 271/1/239 239/1/239
f 240/1/240 273/1/241 272/1/240
f 242/1/242 273/1/241 241/1/241
f 242/1/242 275/1/243 274/1/242
f 244/1/244 275/1/243 243/1/243
f 245/1/245 276/1/244 244/1/244
f 246/1/246 277/1/245 245/1/245
f 247/1/247 278/1/246 246/1/246
f 248/1/248 279/1/247 247/1/247
f 248/1/248 281/1/249 280/1/248
f 250/1/250 281/1/249 249/1/249
f 250/1/250 283/1/251 282/1/250
f 252/1/252 283/1/251 251/1/251
f 253/1/253 284/1/252 252/1/252
f 254/1/254 285/1/253 253/1/253
f 255/1/255 286/1/254 254/1/254
f 256/1/256 287/1/255 255/1/255
f 256/1/256 289/1/257 288/1/256
f 226/1/226 289/1/257 257/1/257
f 259/1/194 290/1/195 258/1/195
f 260/1/196 291/1/194 259/1/194
f 261/1/197 292/1/196 260/1/196
f 262/1/198 293/1/197 261/1/197
f 263/1/199 294/1/198 262/1/198
f 264/1/200 295/1/199 263/1/199
f 265/1/201 296/1/200 264/1/200
f 266/1/202 297/1/201 265/1/201
f 267/1/203 298/1/202 266/1/202
f 268/1/204 299/1/203 267/1/203
f 269/1/205 300/1/204 268/1/204
f 270/1/206 301/1/205 269/1/205
f 271/1/207 302/1/206 270/1/206
f 272/1/208 303/1/207 271/1/207
f 273/1/209 304/1/208 272/1/208
f 274/1/210 305/1/209 273/1/209
f 275/1/211 306/1/210 274/1/210
f 276/1/212 307/1/211 275/1/211
f 277/1/213 308/1/212 276/1/212
f 278/1/214 309/1/213 277/1/213
f 279/1/215 310/1/214 278/1/214
f 280/1/216 311/1/215 279/1/215
f 281/1/217 312/1/216 280/1/216
f 282/1/218 313/1/217 281/1/217
f 283/1/219 314/1/218 282/1/218
f 284/1/220 315/1/219 283/1/219
f 285/1/221 316/1/220 284/1/220
f 286/1/222 317/1/221 285/1/221
f 287/1/223 318/1/222 286/1/222
f 288/1/224 319/1/223 287/1/223
f 289/1/225 320/1/224 288/1/224
f 258/1/195 321/1/225 289/1/225
f 291/1/162 322/1/163 290/1/163
f 292/1/164 323/1/162 291/1/162
f 293/1/165 324/1/164 292/1/164
f 294/1/166 325/1/165 293/1/165
f 295/1/167 326/1/166 294/1/166
f 296/1/168 327/1/258 295/1/167
f 297/1/169 328/1/168 296/1/168
f 298/1/170 329/1/169 297/1/169
f 299/1/171 330/1/170 298/1/170
f 300/1/172 331/1/171 299/1/171
f 301/1/173 332/1/172 300/1/172
f 302/1/174 333/1/173 301/1/173
f 303/1/175 334/1/174 302/1/174
f 304/1/176 335/1/175 303/1/175
f 305/1/177 336/1/176 304/1/176
f 306/1/178 337/1/177 305/1/177
f 307/1/179 338/1/178 306/1/178
f 308/1/180 339/1/179 307/1/179
f 309/1/181 340/1/180 308/1/180
f 310/1/182 341/1/181 309/1/181
f 311/1/183 342/1/182 310/1/182
f 312/1/184 343/1/259 311/1/183
f 313/1/185 344/1/184 312/1/184
f 314/1/186 345/1/185 313/1/185
f 315/1/187 346/1/186 314/1/186
f 316/1/188 347/1/187 315/1/187
f 317/1/189 348/1/188 316/1/188
f 318/1/190 349/1/189 317/1/189
f 319/1/191 350/1/190 318/1/190
f 320/1/192 351/1/191 319/1/191
f 321/1/193 352/1/192 320/1/192
f 290/1/163 353/1/193 321/1/193
f 323/1/194 354/1/195 322/1/195
f 324/1/196 355/1/194 323/1/194
f 325/1/197 356/1/196 324/1/196
f 326/1/198 357/1/197 325/1/197
f 327/1/199 358/1/198 326/1/198
f 328/1/200 359/1/199 327/1/199
f 329/1/201 360/1/200 328/1/200
f 330/1/202 361/1/201 329/1/201
f 331/1/203 362/1/202 330/1/202
f 332/1/204 363/1/203 331/1/203
f 333/1/205 364/1/204 332/1/204
f 334/1/206 365/1/205 333/1/205
f 335/1/207 366/1/206 334/1/206
f 336/1/208 367/1/207 335/1/207
f 337/1/209 368/1/208 336/1/208
f 338/1/210 369/1/209 337/1/209
f 339/1/211 370/1/210 338/1/210
f 340/1/212 371/1/211 339/1/211
f 341/1/213 372/1/212 340/1/212
f 342/1/214 373/1/213 341/1/213
f 343/1/215 374/1/214 342/1/214
f 344/1/216 375/1/215 343/1/215
f 345/1/217 376/1/216 344/1/216
f 346/1/218 377/1/217 345/1/217
f 347/1/219 378/1/218 346/1/218
f 348/1/220 379/1/219 347/1/219
f 349/1/221 380/1/220 348/1/220
f 350/1/222 381/1/221 349/1/221
f 351/1/223 382/1/222 350/1/222
f 352/1/224 383/1/223 351/1/223
f 353/1/225 384/1/224 352/1/224
f 322/1/195 385/1/225 353/1/225
f 354/1/226 387/1/227 386/1/226
f 356/1/228 387/1/227 355/1/227
f 357/1/229 388/1/228 356/1/228
f 358/1/230 389/1/229 357/1/229
f 358/1/230 391/1/231 390/1/230
f 360/1/232 391/1/231 359/1/231
f 361/1/233 392/1/232 360/1/232
f 362/1/234 393/1/233 361/1/233
f 362/1/234 395/1/235 394/1/234
f 364/1/236 395/1/235 363/1/235
f 365/1/237 396/1/236 364/1/236
f 366/1/238 397/1/237 365/1/237
f 366/1/238 399/1/239 398/1/238
f 368/1/240 399/1/239 367/1/239
f 369/1/241 400/1/240 368/1/240
f 370/1/242 401/1/241 369/1/241
f 370/1/242 403/1/243 402/1/242
f 372/1/244 403/1/243 371/1/243
f 373/1/245 404/1/244 372/1/244
f 374/1/246 405/1/245 373/1/245
f 374/1/246 407/1/247 406/1/246
f 376/1/248 407/1/247 375/1/247
f 377/1/249 408/1/248 376/1/248
f 378/1/250 409/1/249 377/1/249
f 378/1/250 411/1/251 410/1/250
f 380/1/252 411/1/251 379/1/251
f 381/1/253 412/1/252 380/1/252
f 382/1/254 413/1/253 381/1/253
f 382/1/254 415/1/255 414/1/254
f 384/1/256 415/1/255 383/1/255
f 385/1/257 416/1/256 384/1/256
f 354/1/226 417/1/257 385/1/257
f 387/1/260 418/1/261 386/1/262
f 388/1/263 419/1/264 387/1/260
f 389/1/265 420/1/266 388/1/263
f 389/1/265 422/1/267 421/1/268
f 391/1/269 422/1/267 390/1/270
f 392/1/271 423/1/272 391/1/269
f 392/1/271 425/1/273 424/1/274
f 394/1/275 425/1/273 393/1/276
f 395/1/277 426/1/278 394/1/275
f 396/1/279 427/1/280 395/1/277
f 397/1/281 428/1/282 396/1/279
f 397/1/281 430/1/283 429/1/284
f 399/1/285 430/1/283 398/1/286
f 400/1/287 431/1/288 399/1/285
f 400/1/287 433/1/289 432/1/290
f 402/1/291 433/1/289 401/1/292
f 403/1/293 434/1/294 402/1/291
f 404/1/295 435/1/296 403/1/293
f 405/1/297 436/1/298 404/1/295
f 405/1/297 438/1/299 437/1/300
f 407/1/301 438/1/299 406/1/302
f 408/1/303 439/1/304 407/1/301
f 408/1/303 441/1/305 440/1/306
f 410/1/307 441/1/305 409/1/308
f 411/1/309 442/1/310 410/1/307
f 412/1/311 443/1/312 411/1/309
f 413/1/313 444/1/314 412/1/311
f 413/1/313 446/1/315 445/1/316
f 415/1/317 446/1/315 414/1/318
f 416/1/319 447/1/320 415/1/317
f 416/1/319 449/1/321 448/1/322
f 386/1/262 449/1/321 417/1/323
f 419/1/264 450/1/324 418/1/261
f 419/1/264 452/1/325 451/1/326
f 420/1/266 453/1/327 452/1/325
f 422/1/267 453/1/327 421/1/268
f 423/1/272 454/1/328 422/1/267
f 424/1/274 455/1/329 423/1/272
f 425/1/273 456/1/330 424/1/274
f 426/1/278 457/1/331 425/1/273
f 427/1/280 458/1/332 426/1/278
f 427/1/280 460/1/333 459/1/334
f 428/1/282 461/1/335 460/1/333
f 430/1/283 461/1/335 429/1/284
f 431/1/288 462/1/336 430/1/283
f 432/1/290 463/1/337 431/1/288
f 433/1/289 464/1/338 432/1/290
f 434/1/294 465/1/339 433/1/289
f 435/1/296 466/1/340 434/1/294
f 435/1/296 468/1/341 467/1/342
f 436/1/298 469/1/343 468/1/341
f 438/1/299 469/1/343 437/1/300
f 439/1/304 470/1/344 438/1/299
f 440/1/306 471/1/345 439/1/304
f 441/1/305 472/1/346 440/1/306
f 442/1/310 473/1/347 441/1/305
f 443/1/312 474/1/348 442/1/310
f 443/1/312 476/1/349 475/1/350
f 444/1/314 477/1/351 476/1/349
f 446/1/315 477/1/351 445/1/316
f 447/1/320 478/1/352 446/1/315
f 448/1/322 479/1/353 447/1/320
f 449/1/321 480/1/354 448/1/322
f 418/1/261 481/1/355 449/1/321
f 450/1/324 483/1/356 482/1/357
f 451/1/326 484/1/358 483/1/356
f 452/1/325 485/1/359 484/1/358
f 454/1/328 485/1/359 453/1/327
f 454/1/328 487/1/360 486/1/361
f 456/1/330 487/1/360 455/1/329
f 457/1/331 488/1/362 456/1/330
f 458/1/332 489/1/363 457/1/331
f 458/1/332 491/1/364 490/1/365
f 459/1/334 492/1/366 491/1/364
f 460/1/333 493/1/367 492/1/366
f 462/1/336 493/1/367 461/1/335
f 462/1/336 495/1/368 494/1/369
f 464/1/338 495/1/368 463/1/337
f 465/1/339 496/1/370 464/1/338
f 466/1/340 497/1/371 465/1/339
f 466/1/340 499/1/372 498/1/373
f 467/1/342 500/1/374 499/1/372
f 468/1/341 501/1/375 500/1/374
f 470/1/344 501/1/375 469/1/343
f 470/1/344 503/1/376 502/1/377
f 472/1/346 503/1/376 471/1/345
f 473/1/347 504/1/378 472/1/346
f 474/1/348 505/1/379 473/1/347
f 474/1/348 507/1/380 506/1/381
f 475/1/350 508/1/382 507/1/380
f 476/1/349 509/1/383 508/1/382
f 478/1/352 509/1/383 477/1/351
f 478/1/352 511/1/384 510/1/385
f 480/1/354 511/1/384 479/1/353
f 481/1/355 512/1/386 480/1/354
f 450/1/324 513/1/387 481/1/355
f 483/1/356 514/1/388 482/1/357
f 483/1/356 516/1/389 515/1/390
f 485/1/359 516/1/389 484/1/358
f 486/1/361 517/1/391 485/1/359
f 486/1/361 519/1/392 518/1/393
f 488/1/362 519/1/392 487/1/360
f 489/1/363 520/1/394 488/1/362
f 490/1/365 521/1/395 489/1/363
f 491/1/364 522/1/396 490/1/365
f 491/1/364 524/1/397 523/1/398
f 493/1/367 524/1/397 492/1/366
f 494/1/369 525/1/399 493/1/367
f 494/1/369 527/1/400 526/1/401
f 496/1/370 527/1/400 495/1/368
f 497/1/371 528/1/402 496/1/370
f 498/1/373 529/1/403 497/1/371
f 499/1/372 530/1/404 498/1/373
f 499/1/372 532/1/405 531/1/406
f 501/1/375 532/1/405 500/1/374
f 502/1/377 533/1/407 501/1/375
f 502/1/377 535/1/408 534/1/409
f 504/1/378 535/1/408 503/1/376
f 505/1/379 536/1/410 504/1/378
f 506/1/381 537/1/411 505/1/379
f 507/1/380 538/1/412 506/1/381
f 507/1/380 540/1/413 539/1/414
f 509/1/383 540/1/413 508/1/382
f 510/1/385 541/1/415 509/1/383
f 510/1/385 543/1/416 542/1/417
f 512/1/386 543/1/416 511/1/384
f 513/1/387 544/1/418 512/1/386
f 482/1/357 545/1/419 513/1/387
f 514/1/388 515/1/390 546/1/420
f 515/1/390 516/1/389 546/1/420
f 516/1/389 517/1/391 546/1/420
f 517/1/391 518/1/393 546/1/420
f 518/1/393 519/1/392 546/1/420
f 519/1/392 520/1/394 546/1/420
f 520/1/394 521/1/395 546/1/420
f 521/1/395 522/1/396 546/1/420
f 522/1/396 523/1/398 546/1/420
f 523/1/398 524/1/397 546/1/420
f 524/1/397 525/1/399 546/1/420
f 525/1/399 526/1/401 546/1/420
f 526/1/401 527/1/400 546/1/420
f 527/1/400 528/1/402 546/1/420
f 528/1/402 529/1/403 546/1/420
f 529/1/403 530/1/404 546/1/420
f 530/1/404 531/1/406 546/1/420
f 531/1/406 532/1/405 546/1/420
f 532/1/405 533/1/407 546/1/420
f 533/1/407 534/1/409 546/1/420
f 534/1/409 535/1/408 546/1/420
f 535/1/408 536/1/410 546/1/420
f 536/1/410 537/1/411 546/1/420
f 537/1/411 538/1/412 546/1/420
f 538/1/412 539/1/414 546/1/420
f 539/1/414 540/1/413 546/1/420
f 540/1/413 541/1/415 546/1/420
f 541/1/415 542/1/417 546/1/420
f 542/1/417 543/1/416 546/1/420
f 543/1/416 544/1/418 546/1/420
f 544/1/418 545/1/419 546/1/420
f 545/1/419 514/1/388 546/1/420
f 2/1/3 3/1/2 35/1/34
f 4/1/4 36/1/37 35/1/34
f 4/1/4 5/1/5 37/1/36
f 6/1/6 38/1/38 37/1/36
f 7/1/7 39/1/39 38/1/38
f 8/1/8 40/1/41 39/1/39
f 8/1/8 9/1/9 41/1/40
f 10/1/10 42/1/43 41/1/40
f 10/1/10 11/1/11 43/1/42
f 12/1/12 44/1/45 43/1/42
f 12/1/12 13/1/13 45/1/44
f 14/1/14 46/1/46 45/1/44
f 15/1/15 47/1/47 46/1/46
f 16/1/16 48/1/49 47/1/47
f 16/1/16 17/1/17 49/1/48
f 18/1/18 50/1/51 49/1/48
f 18/1/18 19/1/19 51/1/50
f 20/1/20 52/1/53 51/1/50
f 20/1/20 21/1/21 53/1/52
f 22/1/22 54/1/54 53/1/52
f 23/1/23 55/1/55 54/1/54
f 24/1/24 56/1/57 55/1/55
f 24/1/24 25/1/25 57/1/56
f 26/1/26 58/1/59 57/1/56
f 26/1/26 27/1/27 59/1/58
f 28/1/28 60/1/61 59/1/58
f 28/1/28 29/1/29 61/1/60
f 30/1/30 62/1/62 61/1/60
f 31/1/31 63/1/63 62/1/62
f 32/1/32 64/1/65 63/1/63
f 32/1/32 33/1/33 65/1/64
f 2/1/3 34/1/35 65/1/64
f 35/1/34 67/1/67 66/1/66
f 36/1/37 68/1/68 67/1/67
f 37/1/36 69/1/69 68/1/68
f 38/1/38 70/1/70 69/1/69
f 39/1/39 71/1/72 70/1/70
f 39/1/39 40/1/41 72/1/71
f 40/1/41 41/1/40 73/1/73
f 42/1/43 74/1/74 73/1/73
f 43/1/42 75/1/75 74/1/74
f 44/1/45 76/1/76 75/1/75
f 45/1/44 77/1/77 76/1/76
f 46/1/46 78/1/78 77/1/77
f 47/1/47 79/1/80 78/1/78
f 47/1/47 48/1/49 80/1/79
f 48/1/49 49/1/48 81/1/81
f 50/1/51 82/1/82 81/1/81
f 51/1/50 83/1/83 82/1/82
f 52/1/53 84/1/84 83/1/83
f 53/1/52 85/1/85 84/1/84
f 54/1/54 86/1/86 85/1/85
f 55/1/55 87/1/88 86/1/86
f 55/1/55 56/1/57 88/1/87
f 56/1/57 57/1/56 89/1/89
f 58/1/59 90/1/90 89/1/89
f 59/1/58 91/1/91 90/1/90
f 60/1/61 92/1/92 91/1/91
f 61/1/60 93/1/93 92/1/92
f 62/1/62 94/1/94 93/1/93
f 63/1/63 95/1/96 94/1/94
f 63/1/63 64/1/65 96/1/95
f 64/1/65 65/1/64 97/1/97
f 34/1/35 66/1/66 97/1/97
f 66/1/66 67/1/67 99/1/98
f 67/1/67 68/1/68 100/1/100
f 69/1/69 101/1/101 100/1/100
f 70/1/70 102/1/102 101/1/101
f 71/1/72 103/1/104 102/1/102
f 71/1/72 72/1/71 104/1/103
f 73/1/73 105/1/105 104/1/103
f 74/1/74 106/1/107 105/1/105
f 74/1/74 75/1/75 107/1/106
f 75/1/75 76/1/76 108/1/108
f 77/1/77 109/1/109 108/1/108
f 78/1/78 110/1/110 109/1/109
f 79/1/80 111/1/112 110/1/110
f 79/1/80 80/1/79 112/1/111
f 81/1/81 113/1/113 112/1/111
f 82/1/82 114/1/115 113/1/113
f 82/1/82 83/1/83 115/1/114
f 83/1/83 84/1/84 116/1/116
f 85/1/85 117/1/117 116/1/116
f 86/1/86 118/1/118 117/1/117
f 87/1/88 119/1/120 118/1/118
f 87/1/88 88/1/87 120/1/119
f 89/1/89 121/1/121 120/1/119
f 90/1/90 122/1/123 121/1/121
f 90/1/90 91/1/91 123/1/122
f 91/1/91 92/1/92 124/1/124
f 93/1/93 125/1/125 124/1/124
f 94/1/94 126/1/126 125/1/125
f 95/1/96 127/1/128 126/1/126
f 95/1/96 96/1/95 128/1/127
f 97/1/97 129/1/129 128/1/127
f 66/1/66 98/1/99 129/1/129
f 98/1/99 99/1/98 131/1/130
f 100/1/100 132/1/132 131/1/130
f 101/1/101 133/1/133 132/1/132
f 102/1/102 134/1/134 133/1/133
f 103/1/104 135/1/135 134/1/134
f 104/1/103 136/1/136 135/1/135
f 105/1/105 137/1/137 136/1/136
f 106/1/107 138/1/139 137/1/137
f 106/1/107 107/1/106 139/1/138
f 108/1/108 140/1/140 139/1/138
f 109/1/109 141/1/141 140/1/140
f 110/1/110 142/1/142 141/1/141
f 111/1/112 143/1/143 142/1/142
f 112/1/111 144/1/144 143/1/143
f 113/1/113 145/1/145 144/1/144
f 114/1/115 146/1/147 145/1/145
f 114/1/115 115/1/114 147/1/146
f 116/1/116 148/1/148 147/1/146
f 117/1/117 149/1/149 148/1/148
f 118/1/118 150/1/150 149/1/149
f 119/1/120 151/1/151 150/1/150
f 120/1/119 152/1/152 151/1/151
f 121/1/121 153/1/153 152/1/152
f 122/1/123 154/1/155 153/1/153
f 122/1/123 123/1/122 155/1/154
f 124/1/124 156/1/156 155/1/154
f 125/1/125 157/1/157 156/1/156
f 126/1/126 158/1/158 157/1/157
f 127/1/128 159/1/159 158/1/158
f 128/1/127 160/1/160 159/1/159
f 129/1/129 161/1/161 160/1/160
f 98/1/99 130/1/131 161/1/161
f 130/1/131 131/1/130 163/1/1
f 131/1/130 132/1/132 164/1/1
f 132/1/132 133/1/133 165/1/1
f 133/1/133 134/1/134 166/1/1
f 134/1/134 135/1/135 167/1/1
f 135/1/135 136/1/136 168/1/1
f 136/1/136 137/1/137 169/1/1
f 137/1/137 138/1/139 170/1/1
f 138/1/139 139/1/138 171/1/1
f 139/1/138 140/1/140 172/1/1
f 140/1/140 141/1/141 173/1/1
f 141/1/141 142/1/142 174/1/1
f 142/1/142 143/1/143 175/1/1
f 143/1/143 144/1/144 176/1/1
f 144/1/144 145/1/145 177/1/1
f 145/1/145 146/1/147 178/1/1
f 146/1/147 147/1/146 179/1/1
f 147/1/146 148/1/148 180/1/1
f 148/1/148 149/1/149 181/1/1
f 149/1/149 150/1/150 182/1/1
f 150/1/150 151/1/151 183/1/1
f 151/1/151 152/1/152 184/1/1
f 152/1/152 153/1/153 185/1/1
f 153/1/153 154/1/155 186/1/1
f 154/1/155 155/1/154 187/1/1
f 155/1/154 156/1/156 188/1/1
f 156/1/156 157/1/157 189/1/1
f 157/1/157 158/1/158 190/1/1
f 158/1/158 159/1/159 191/1/1
f 159/1/159 160/1/160 192/1/1
f 160/1/160 161/1/161 193/1/1
f 161/1/161 130/1/131 162/1/1
f 163/1/162 195/1/162 194/1/163
f 164/1/164 196/1/164 195/1/162
f 165/1/165 197/1/165 196/1/164
f 165/1/165 166/1/166 198/1/166
f 167/1/167 199/1/167 198/1/166
f 168/1/168 200/1/168 199/1/167
f 169/1/169 201/1/169 200/1/168
f 170/1/170 202/1/170 201/1/169
f 171/1/171 203/1/171 202/1/170
f 172/1/172 204/1/172 203/1/171
f 173/1/173 205/1/173 204/1/172
f 173/1/173 174/1/174 206/1/174
f 175/1/175 207/1/175 206/1/174
f 176/1/176 208/1/176 207/1/175
f 177/1/177 209/1/177 208/1/176
f 178/1/178 210/1/178 209/1/177
f 179/1/179 211/1/179 210/1/178
f 180/1/180 212/1/180 211/1/179
f 181/1/181 213/1/181 212/1/180
f 181/1/181 182/1/182 214/1/182
f 183/1/183 215/1/183 214/1/182
f 184/1/184 216/1/184 215/1/183
f 185/1/185 217/1/185 216/1/184
f 186/1/186 218/1/186 217/1/185
f 187/1/187 219/1/187 218/1/186
f 188/1/188 220/1/188 219/1/187
f 189/1/189 221/1/189 220/1/188
f 189/1/189 190/1/190 222/1/190
f 191/1/191 223/1/191 222/1/190
f 192/1/192 224/1/192 223/1/191
f 193/1/193 225/1/193 224/1/192
f 162/1/163 194/1/163 225/1/193
f 195/1/194 227/1/194 226/1/195
f 196/1/196 228/1/196 227/1/194
f 197/1/197 229/1/197 228/1/196
f 198/1/198 230/1/198 229/1/197
f 199/1/199 231/1/199 230/1/198
f 200/1/200 232/1/200 231/1/199
f 201/1/201 233/1/201 232/1/200
f 202/1/202 234/1/202 233/1/201
f 203/1/203 235/1/203 234/1/202
f 204/1/204 236/1/204 235/1/203
f 205/1/205 237/1/205 236/1/204
f 206/1/206 238/1/206 237/1/205
f 207/1/207 239/1/207 238/1/206
f 208/1/208 240/1/208 239/1/207
f 209/1/209 241/1/209 240/1/208
f 210/1/210 242/1/210 241/1/209
f 211/1/211 243/1/211 242/1/210
f 212/1/212 244/1/212 243/1/211
f 213/1/213 245/1/213 244/1/212
f 214/1/214 246/1/214 245/1/213
f 215/1/215 247/1/215 246/1/214
f 216/1/216 248/1/216 247/1/215
f 217/1/217 249/1/217 248/1/216
f 218/1/218 250/1/218 249/1/217
f 219/1/219 251/1/219 250/1/218
f 220/1/220 252/1/220 251/1/219
f 221/1/221 253/1/221 252/1/220
f 222/1/222 254/1/222 253/1/221
f 223/1/223 255/1/223 254/1/222
f 224/1/224 256/1/224 255/1/223
f 225/1/225 257/1/225 256/1/224
f 194/1/195 226/1/195 257/1/225
f 226/1/226 227/1/227 259/1/227
f 228/1/228 260/1/228 259/1/227
f 229/1/229 261/1/229 260/1/228
f 230/1/230 262/1/230 261/1/229
f 231/1/231 263/1/231 262/1/230
f 232/1/232 264/1/232 263/1/231
f 232/1/232 233/1/233 265/1/233
f 234/1/234 266/1/234 265/1/233
f 234/1/234 235/1/235 267/1/235
f 236/1/236 268/1/236 267/1/235
f 237/1/237 269/1/237 268/1/236
f 238/1/238 270/1/238 269/1/237
f 239/1/239 271/1/239 270/1/238
f 240/1/240 272/1/240 271/1/239
f 240/1/240 241/1/241 273/1/241
f 242/1/242 274/1/242 273/1/241
f 242/1/242 243/1/243 275/1/243
f 244/1/244 276/1/244 275/1/243
f 245/1/245 277/1/245 276/1/244
f 246/1/246 278/1/246 277/1/245
f 247/1/247 279/1/247 278/1/246
f 248/1/248 280/1/248 279/1/247
f 248/1/248 249/1/249 281/1/249
f 250/1/250 282/1/250 281/1/249
f 250/1/250 251/1/251 283/1/251
f 252/1/252 284/1/252 283/1/251
f 253/1/253 285/1/253 284/1/252
f 254/1/254 286/1/254 285/1/253
f 255/1/255 287/1/255 286/1/254
f 256/1/256 288/1/256 287/1/255
f 256/1/256 257/1/257 289/1/257
f 226/1/226 258/1/226 289/1/257
f 259/1/194 291/1/194 290/1/195
f 260/1/196 292/1/196 291/1/194
f 261/1/197 293/1/197 292/1/196
f 262/1/198 294/1/198 293/1/197
f 263/1/199 295/1/199 294/1/198
f 264/1/200 296/1/200 295/1/199
f 265/1/201 297/1/201 296/1/200
f 266/1/202 298/1/202 297/1/201
f 267/1/203 299/1/203 298/1/202
f 268/1/204 300/1/204 299/1/203
f 269/1/205 301/1/205 300/1/204
f 270/1/206 302/1/206 301/1/205
f 271/1/207 303/1/207 302/1/206
f 272/1/208 304/1/208 303/1/207
f 273/1/209 305/1/209 304/1/208
f 274/1/210 306/1/210 305/1/209
f 275/1/211 307/1/211 306/1/210
f 276/1/212 308/1/212 307/1/211
f 277/1/213 309/1/213 308/1/212
f 278/1/214 310/1/214 309/1/213
f 279/1/215 311/1/215 310/1/214
f 280/1/216 312/1/216 311/1/215
f 281/1/217 313/1/217 312/1/216
f 282/1/218 314/1/218 313/1/217
f 283/1/219 315/1/219 314/1/218
f 284/1/220 316/1/220 315/1/219
f 285/1/221 317/1/221 316/1/220
f 286/1/222 318/1/222 317/1/221
f 287/1/223 319/1/223 318/1/222
f 288/1/224 320/1/224 319/1/223
f 289/1/225 321/1/225 320/1/224
f 258/1/195 290/1/195 321/1/225
f 291/1/162 323/1/162 322/1/163
f 292/1/164 324/1/164 323/1/162
f 293/1/165 325/1/165 324/1/164
f 294/1/166 326/1/166 325/1/165
f 295/1/167 327/1/258 326/1/166
f 296/1/168 328/1/168 327/1/258
f 297/1/169 329/1/169 328/1/168
f 298/1/170 330/1/170 329/1/169
f 299/1/171 331/1/171 330/1/170
f 300/1/172 332/1/172 331/1/171
f 301/1/173 333/1/173 332/1/172
f 302/1/174 334/1/174 333/1/173
f 303/1/175 335/1/175 334/1/174
f 304/1/176 336/1/176 335/1/175
f 305/1/177 337/1/177 336/1/176
f 306/1/178 338/1/178 337/1/177
f 307/1/179 339/1/179 338/1/178
f 308/1/180 340/1/180 339/1/179
f 309/1/181 341/1/181 340/1/180
f 310/1/182 342/1/182 341/1/181
f 311/1/183 343/1/259 342/1/182
f 312/1/184 344/1/184 343/1/259
f 313/1/185 345/1/185 344/1/184
f 314/1/186 346/1/186 345/1/185
f 315/1/187 347/1/187 346/1/186
f 316/1/188 348/1/188 347/1/187
f 317/1/189 349/1/189 348/1/188
f 318/1/190 350/1/190 349/1/189
f 319/1/191 351/1/191 350/1/190
f 320/1/192 352/1/192 351/1/191
f 321/1/193 353/1/193 352/1/192
f 290/1/163 322/1/163 353/1/193
f 323/1/194 355/1/194 354/1/195
f 324/1/196 356/1/196 355/1/194
f 325/1/197 357/1/197 356/1/196
f 326/1/198 358/1/198 357/1/197
f 327/1/199 359/1/199 358/1/198
f 328/1/200 360/1/200 359/1/199
f 329/1/201 361/1/201 360/1/200
f 330/1/202 362/1/202 361/1/201
f 331/1/203 363/1/203 362/1/202
f 332/1/204 364/1/204 363/1/203
f 333/1/205 365/1/205 364/1/204
f 334/1/206 366/1/206 365/1/205
f 335/1/207 367/1/207 366/1/206
f 336/1/208 368/1/208 367/1/207
f 337/1/209 369/1/209 368/1/208
f 338/1/210 370/1/210 369/1/209
f 339/1/211 371/1/211 370/1/210
f 340/1/212 372/1/212 371/1/211
f 341/1/213 373/1/213 372/1/212
f 342/1/214 374/1/214 373/1/213
f 343/1/215 375/1/215 374/1/214
f 344/1/216 376/1/216 375/1/215
f 345/1/217 377/1/217 376/1/216
f 346/1/218 378/1/218 377/1/217
f 347/1/219 379/1/219 378/1/218
f 348/1/220 380/1/220 379/1/219
f 349/1/221 381/1/221 380/1/220
f 350/1/222 382/1/222 381/1/221
f 351/1/223 383/1/223 382/1/222
f 352/1/224 384/1/224 383/1/223
f 353/1/225 385/1/225 384/1/224
f 322/1/195 354/1/195 385/1/225
f 354/1/226 355/1/227 387/1/227
f 356/1/228 388/1/228 387/1/227
f 357/1/229 389/1/229 388/1/228
f 358/1/230 390/1/230 389/1/229
f 358/1/230 359/1/231 391/1/231
f 360/1/232 392/1/232 391/1/231
f 361/1/233 393/1/233 392/1/232
f 362/1/234 394/1/234 393/1/233
f 362/1/234 363/1/235 395/1/235
f 364/1/236 396/1/236 395/1/235
f 365/1/237 397/1/237 396/1/236
f 366/1/238 398/1/238 397/1/237
f 366/1/238 367/1/239 399/1/239
f 368/1/240 400/1/240 399/1/239
f 369/1/241 401/1/241 400/1/240
f 370/1/242 402/1/242 401/1/241
f 370/1/242 371/1/243 403/1/243
f 372/1/244 404/1/244 403/1/243
f 373/1/245 405/1/245 404/1/244
f 374/1/246 406/1/246 405/1/245
f 374/1/246 375/1/247 407/1/247
f 376/1/248 408/1/248 407/1/247
f 377/1/249 409/1/249 408/1/248
f 378/1/250 410/1/250 409/1/249
f 378/1/250 379/1/251 411/1/251
f 380/1/252 412/1/252 411/1/251
f 381/1/253 413/1/253 412/1/252
f 382/1/254 414/1/254 413/1/253
f 382/1/254 383/1/255 415/1/255
f 384/1/256 416/1/256 415/1/255
f 385/1/257 417/1/257 416/1/256
f 354/1/226 386/1/226 417/1/257
f 387/1/260 419/1/264 418/1/261
f 388/1/263 420/1/266 419/1/264
f 389/1/265 421/1/268 420/1/266
f 389/1/265 390/1/270 422/1/267
f 391/1/269 423/1/272 422/1/267
f 392/1/271 424/1/274 423/1/272
f 392/1/271 393/1/276 425/1/273
f 394/1/275 426/1/278 425/1/273
f 395/1/277 427/1/280 426/1/278
f 396/1/279 428/1/282 427/1/280
f 397/1/281 429/1/284 428/1/282
f 397/1/281 398/1/286 430/1/283
f 399/1/285 431/1/288 430/1/283
f 400/1/287 432/1/290 431/1/288
f 400/1/287 401/1/292 433/1/289
f 402/1/291 434/1/294 433/1/289
f 403/1/293 435/1/296 434/1/294
f 404/1/295 436/1/298 435/1/296
f 405/1/297 437/1/300 436/1/298
f 405/1/297 406/1/302 438/1/299
f 407/1/301 439/1/304 438/1/299
f 408/1/303 440/1/306 439/1/304
f 408/1/303 409/1/308 441/1/305
f 410/1/307 442/1/310 441/1/305
f 411/1/309 443/1/312 442/1/310
f 412/1/311 444/1/314 443/1/312
f 413/1/313 445/1/316 444/1/314
f 413/1/313 414/1/318 446/1/315
f 415/1/317 447/1/320 446/1/315
f 416/1/319 448/1/322 447/1/320
f 416/1/319 417/1/323 449/1/321
f 386/1/262 418/1/261 449/1/321
f 419/1/264 451/1/326 450/1/324
f 419/1/264 420/1/266 452/1/325
f 420/1/266 421/1/268 453/1/327
f 422/1/267 454/1/328 453/1/327
f 423/1/272 455/1/329 454/1/328
f 424/1/274 456/1/330 455/1/329
f 425/1/273 457/1/331 456/1/330
f 426/1/278 458/1/332 457/1/331
f 427/1/280 459/1/334 458/1/332
f 427/1/280 428/1/282 460/1/333
f 428/1/282 429/1/284 461/1/335
f 430/1/283 462/1/336 461/1/335
f 431/1/288 463/1/337 462/1/336
f 432/1/290 464/1/338 463/1/337
f 433/1/289 465/1/339 464/1/338
f 434/1/294 466/1/340 465/1/339
f 435/1/296 467/1/342 466/1/340
f 435/1/296 436/1/298 468/1/341
f 436/1/298 437/1/300 469/1/343
f 438/1/299 470/1/344 469/1/343
f 439/1/304 471/1/345 470/1/344
f 440/1/306 472/1/346 471/1/345
f 441/1/305 473/1/347 472/1/346
f 442/1/310 474/1/348 473/1/347
f 443/1/312 475/1/350 474/1/348
f 443/1/312 444/1/314 476/1/349
f 444/1/314 445/1/316 477/1/351
f 446/1/315 478/1/352 477/1/351
f 447/1/320 479/1/353 478/1/352
f 448/1/322 480/1/354 479/1/353
f 449/1/321 481/1/355 480/1/354
f 418/1/261 450/1/324 481/1/355
f 450/1/324 451/1/326 483/1/356
f 451/1/326 452/1/325 484/1/358
f 452/1/325 453/1/327 485/1/359
f 454/1/328 486/1/361 485/1/359
f 454/1/328 455/1/329 487/1/360
f 456/1/330 488/1/362 487/1/360
f 457/1/331 489/1/363 488/1/362
f 458/1/332 490/1/365 489/1/363
f 458/1/332 459/1/334 491/1/364
f 459/1/334 460/1/333 492/1/366
f 460/1/333 461/1/335 493/1/367
f 462/1/336 494/1/369 493/1/367
f 462/1/336 463/1/337 495/1/368
f 464/1/338 496/1/370 495/1/368
f 465/1/339 497/1/371 496/1/370
f 466/1/340 498/1/373 497/1/371
f 466/1/340 467/1/342 499/1/372
f 467/1/342 468/1/341 500/1/374
f 468/1/341 469/1/343 501/1/375
f 470/1/344 502/1/377 501/1/375
f 470/1/344 471/1/345 503/1/376
f 472/1/346 504/1/378 503/1/376
f 473/1/347 505/1/379 504/1/378
f 474/1/348 506/1/381 505/1/379
f 474/1/348 475/1/350 507/1/380
f 475/1/350 476/1/349 508/1/382
f 476/1/349 477/1/351 509/1/383
f 478/1/352 510/1/385 509/1/383
f 478/1/352 479/1/353 511/1/384
f 480/1/354 512/1/386 511/1/384
f 481/1/355 513/1/387 512/1/386
f 450/1/324 482/1/357 513/1/387
f 483/1/356 515/1/390 514/1/388
f 483/1/356 484/1/358 516/1/389
f 485/1/359 517/1/391 516/1/389
f 486/1/361 518/1/393 517/1/391
f 486/1/361 487/1/360 519/1/392
f 488/1/362 520/1/394 519/1/392
f 489/1/363 521/1/395 520/1/394
f 490/1/365 522/1/396 521/1/395
f 491/1/364 523/1/398 522/1/396
f 491/1/364 492/1/366 524/1/397
f 493/1/367 525/1/399 524/1/397
f 494/1/369 526/1/401 525/1/399
f 494/1/369 495/1/368 527/1/400
f 496/1/370 528/1/402 527/1/400
f 497/1/371 529/1/403 528/1/402
f 498/1/373 530/1/404 529/1/403
f 499/1/372 531/1/406 530/1/404
f 499/1/372 500/1/374 532/1/405
f 501/1/375 533/1/407 532/1/405
f 502/1/377 534/1/409 533/1/407
f 502/1/377 503/1/376 535/1/408
f 504/1/378 536/1/410 535/1/408
f 505/1/379 537/1/411 536/1/410
f 506/1/381 538/1/412 537/1/411
f 507/1/380 539/1/414 538/1/412
f 507/1/380 508/1/382 540/1/413
f 509/1/383 541/1/415 540/1/413
f 510/1/385 542/1/417 541/1/415
f 510/1/385 511/1/384 543/1/416
f 512/1/386 544/1/418 543/1/416
f 513/1/387 545/1/419 544/1/418
f 482/1/357 514/1/388 545/1/419
usemtl m1
f 548/2/421 572/3/422 547/4/422
f 549/5/423 573/6/421 548/2/421
f 550/7/424 574/8/423 549/5/423
f 551/9/425 575/10/424 550/7/424
f 552/11/426 576/12/425 551/9/425
f 553/13/427 577/14/426 552/11/426
f 554/15/428 578/16/427 553/13/427
f 555/17/429 579/18/428 554/15/428
f 556/19/430 580/20/429 555/17/429
f 557/21/431 581/22/430 556/19/430
f 558/23/432 582/24/431 557/21/431
f 559/25/202 583/26/432 558/23/432
f 560/27/433 584/28/202 559/25/202
f 561/29/434 585/30/433 560/27/433
f 562/31/435 586/32/434 561/29/434
f 563/33/436 587/34/435 562/31/435
f 564/35/437 588/36/436 563/33/436
f 565/37/438 589/38/437 564/35/437
f 566/39/439 590/40/438 565/37/438
f 567/41/440 591/42/439 566/39/439
f 568/43/441 592/44/440 567/41/440
f 569/45/442 593/46/441 568/43/441
f 570/47/443 594/48/442 569/45/442
f 571/49/444 595/50/443 570/47/443
f 548/2/421 573/6/421 572/3/422
f 549/5/423 574/8/423 573/6/421
f 550/7/424 575/10/424 574/8/423
f 551/9/425 576/12/425 575/10/424
f 552/11/426 577/14/426 576/12/425
f 553/13/427 578/16/427 577/14/426
f 554/15/428 579/18/428 578/16/427
f 555/17/429 580/20/429 579/18/428
f 556/19/430 581/22/430 580/20/429
f 557/21/431 582/24/431 581/22/430
f 558/23/432 583/26/432 582/24/431
f 559/25/202 584/28/202 583/26/432
f 560/27/433 585/30/433 584/28/202
f 561/29/434 586/32/434 585/30/433
f 562/31/435 587/34/435 586/32/434
f 563/33/436 588/36/436 587/34/435
f 564/35/437 589/38/437 588/36/436
f 565/37/438 590/40/438 589/38/437
f 566/39/439 591/42/439 590/40/438
f 567/41/440 592/44/440 591/42/439
f 568/43/441 593/46/441 592/44/440
f 569/45/442 594/48/442 593/46/441
f 570/47/443 595/50/443 594/48/442
f 571/49/444 596/1/444 595/50/443
usemtl m2
f 597/1/1 599/1/445 598/1/446
f 597/1/1 600/1/447 599/1/445
f 597/1/1 601/1/448 600/1/447
f 597/1/1 602/1/449 601/1/448
f 597/1/1 603/1/450 602/1/449
f 597/1/1 604/1/451 603/1/450
f 597/1/1 605/1/452 604/1/451
f 597/1/1 606/1/453 605/1/452
f 597/1/1 607/1/454 606/1/453
f 597/1/1 608/1/455 607/1/454
f 597/1/1 609/1/456 608/1/455
f 597/1/1 610/1/457 609/1/456
f 597/1/1 611/1/458 610/1/457
f 597/1/1 612/1/459 611/1/458
f 597/1/1 613/1/460 612/1/459
f 597/1/1 614/1/461 613/1/460
f 597/1/1 615/1/462 614/1/461
f 597/1/1 616/1/463 615/1/462
f 597/1/1 617/1/464 616/1/463
f 597/1/1 598/1/446 617/1/464
f 599/1/445 618/1/465 598/1/446
f 599/1/445 620/1/466 619/1/467
f 601/1/448 620/1/466 600/1/447
f 602/1/449 621/1/468 601/1/448
f 603/1/450 622/1/469 602/1/449
f 604/1/451 623/1/470 603/1/450
f 604/1/451 625/1/471 624/1/472
f 606/1/453 625/1/471 605/1/452
f 607/1/454 626/1/473 606/1/453
f 608/1/455 627/1/474 607/1/454
f 609/1/456 628/1/475 608/1/455
f 609/1/456 630/1/476 629/1/477
f 611/1/458 630/1/476 610/1/457
f 612/1/459 631/1/478 611/1/458
f 613/1/460 632/1/479 612/1/459
f 614/1/461 633/1/480 613/1/460
f 614/1/461 635/1/481 634/1/482
f 616/1/463 635/1/481 615/1/462
f 617/1/464 636/1/483 616/1/463
f 598/1/446 637/1/484 617/1/464
f 619/1/485 638/1/486 618/1/486
f 619/1/485 640/1/487 639/1/485
f 621/1/488 640/1/487 620/1/487
f 622/1/489 641/1/488 621/1/488
f 622/1/489 643/1/490 642/1/489
f 624/1/491 643/1/490 623/1/490
f 624/1/491 645/1/492 644/1/491
f 626/1/493 645/1/492 625/1/492
f 627/1/494 646/1/493 626/1/493
f 627/1/494 648/1/495 647/1/494
f 629/1/496 648/1/495 628/1/495
f 629/1/496 650/1/497 649/1/496
f 631/1/498 650/1/497 630/1/497
f 632/1/499 651/1/498 631/1/498
f 632/1/499 653/1/500 652/1/499
f 634/1/501 653/1/500 633/1/500
f 634/1/501 655/1/502 654/1/501
f 636/1/503 655/1/502 635/1/502
f 637/1/504 656/1/503 636/1/503
f 637/1/504 638/1/486 657/1/504
f 639/1/505 658/1/195 638/1/195
f 640/1/506 659/1/505 639/1/505
f 641/1/507 660/1/506 640/1/506
f 642/1/508 661/1/507 641/1/507
f 643/1/202 662/1/508 642/1/508
f 644/1/509 663/1/202 643/1/202
f 645/1/510 664/1/509 644/1/509
f 646/1/511 665/1/510 645/1/510
f 647/1/512 666/1/511 646/1/511
f 648/1/210 667/1/512 647/1/512
f 649/1/513 668/1/210 648/1/210
f 650/1/514 669/1/513 649/1/513
f 651/1/515 670/1/514 650/1/514
f 652/1/516 671/1/515 651/1/515
f 653/1/218 672/1/516 652/1/516
f 654/1/517 673/1/218 653/1/218
f 655/1/518 674/1/517 654/1/517
f 656/1/519 675/1/518 655/1/518
f 657/1/520 676/1/519 656/1/519
f 638/1/195 677/1/520 657/1/520
f 599/1/445 619/1/467 618/1/465
f 599/1/445 600/1/447 620/1/466
f 601/1/448 621/1/468 620/1/466
f 602/1/449 622/1/469 621/1/468
f 603/1/450 623/1/470 622/1/469
f 604/1/451 624/1/472 623/1/470
f 604/1/451 605/1/452 625/1/471
f 606/1/453 626/1/473 625/1/471
f 607/1/454 627/1/474 626/1/473
f 608/1/455 628/1/475 627/1/474
f 609/1/456 629/1/477 628/1/475
f 609/1/456 610/1/457 630/1/476
f 611/1/458 631/1/478 630/1/476
f 612/1/459 632/1/479 631/1/478
f 613/1/460 633/1/480 632/1/479
f 614/1/461 634/1/482 633/1/480
f 614/1/461 615/1/462 635/1/481
f 616/1/463 636/1/483 635/1/481
f 617/1/464 637/1/484 636/1/483
f 598/1/446 618/1/465 637/1/484
f 619/1/485 639/1/485 638/1/486
f 619/1/485 620/1/487 640/1/487
f 621/1/488 641/1/488 640/1/487
f 622/1/489 642/1/489 641/1/488
f 622/1/489 623/1/490 643/1/490
f 624/1/491 644/1/491 643/1/490
f 624/1/491 625/1/492 645/1/492
f 626/1/493 646/1/493 645/1/492
f 627/1/494 647/1/494 646/1/493
f 627/1/494 628/1/495 648/1/495
f 629/1/496 649/1/496 648/1/495
f 629/1/496 630/1/497 650/1/497
f 631/1/498 651/1/498 650/1/497
f 632/1/499 652/1/499 651/1/498
f 632/1/499 633/1/500 653/1/500
f 634/1/501 654/1/501 653/1/500
f 634/1/501 635/1/502 655/1/502
f 636/1/503 656/1/503 655/1/502
f 637/1/504 657/1/504 656/1/503
f 637/1/504 618/1/486 638/1/486
f 639/1/505 659/1/505 658/1/195
f 640/1/506 660/1/506 659/1/505
f 641/1/507 661/1/507 660/1/506
f 642/1/508 662/1/508 661/1/507
f 643/1/202 663/1/202 662/1/508
f 644/1/509 664/1/509 663/1/202
f 645/1/510 665/1/510 664/1/509
f 646/1/511 666/1/511 665/1/510
f 647/1/512 667/1/512 666/1/511
f 648/1/210 668/1/210 667/1/512
f 649/1/513 669/1/513 668/1/210
f 650/1/514 670/1/514 669/1/513
f 651/1/515 671/1/515 670/1/514
f 652/1/516 672/1/516 671/1/515
f 653/1/218 673/1/218 672/1/516
f 654/1/517 674/1/517 673/1/218
f 655/1/518 675/1/518 674/1/517
f 656/1/519 676/1/519 675/1/518
f 657/1/520 677/1/520 676/1/519
f 638/1/195 658/1/195 677/1/520
usemtl m3
f 679/1/521 694/1/522 678/1/523
f 680/1/524 695/1/525 679/1/521
f 680/1/524 697/1/526 696/1/527
f 682/1/528 697/1/526 681/1/529
f 683/1/530 698/1/531 682/1/528
f 684/1/532 699/1/533 683/1/530
f 685/1/534 700/1/535 684/1/532
f 685/1/534 702/1/536 701/1/537
f 687/1/538 702/1/536 686/1/539
f 688/1/540 703/1/541 687/1/538
f 689/1/542 704/1/543 688/1/540
f 690/1/544 705/1/545 689/1/542
f 690/1/544 707/1/546 706/1/547
f 692/1/548 707/1/546 691/1/549
f 693/1/550 708/1/551 692/1/548
f 693/1/550 694/1/522 709/1/552
f 695/1/525 710/1/553 694/1/522
f 695/1/525 712/1/554 711/1/555
f 697/1/526 712/1/554 696/1/527
f 697/1/526 714/1/556 713/1/557
f 699/1/533 714/1/556 698/1/531
f 699/1/533 716/1/558 715/1/559
f 701/1/537 716/1/558 700/1/535
f 701/1/537 718/1/560 717/1/561
f 703/1/541 718/1/560 702/1/536
f 703/1/541 720/1/562 719/1/563
f 705/1/545 720/1/562 704/1/543
f 705/1/545 722/1/564 721/1/565
f 707/1/546 722/1/564 706/1/547
f 707/1/546 724/1/566 723/1/567
f 709/1/552 724/1/566 708/1/551
f 709/1/552 710/1/553 725/1/568
f 711/1/555 726/1/210 710/1/553
f 712/1/554 727/1/569 711/1/555
f 712/1/554 729/1/570 728/1/571
f 714/1/556 729/1/570 713/1/557
f 715/1/559 730/1/1 714/1/556
f 716/1/558 731/1/572 715/1/559
f 716/1/558 733/1/573 732/1/574
f 717/1/561 734/1/195 733/1/573
f 719/1/563 734/1/195 718/1/560
f 720/1/562 735/1/575 719/1/563
f 720/1/562 737/1/576 736/1/577
f 722/1/564 737/1/576 721/1/565
f 723/1/567 738/1/420 722/1/564
f 724/1/566 739/1/578 723/1/567
f 724/1/566 741/1/579 740/1/580
f 725/1/568 726/1/210 741/1/579
f 726/1/210 743/1/581 742/1/582
f 727/1/569 744/1/583 743/1/581
f 729/1/570 744/1/583 728/1/571
f 730/1/1 745/1/584 729/1/570
f 731/1/572 746/1/585 730/1/1
f 731/1/572 748/1/586 747/1/587
f 733/1/573 748/1/586 732/1/574
f 734/1/195 749/1/588 733/1/573
f 734/1/195 751/1/589 750/1/590
f 735/1/575 752/1/591 751/1/589
f 737/1/576 752/1/591 736/1/577
f 738/1/420 753/1/592 737/1/576
f 739/1/578 754/1/593 738/1/420
f 739/1/578 756/1/594 755/1/595
f 741/1/579 756/1/594 740/1/580
f 726/1/210 757/1/596 741/1/579
f 742/1/582 759/1/597 758/1/598
f 744/1/583 759/1/597 743/1/581
f 744/1/583 761/1/599 760/1/600
f 746/1/585 761/1/599 745/1/584
f 746/1/585 763/1/601 762/1/602
f 748/1/586 763/1/601 747/1/587
f 749/1/588 764/1/603 748/1/586
f 750/1/590 765/1/604 749/1/588
f 750/1/590 767/1/605 766/1/606
f 752/1/591 767/1/605 751/1/589
f 752/1/591 769/1/607 768/1/608
f 754/1/593 769/1/607 753/1/592
f 754/1/593 771/1/609 770/1/610
f 756/1/594 771/1/609 755/1/595
f 757/1/596 772/1/611 756/1/594
f 742/1/582 773/1/612 757/1/596
f 758/1/598 775/1/613 774/1/614
f 759/1/597 776/1/615 775/1/613
f 761/1/599 776/1/615 760/1/600
f 761/1/599 778/1/616 777/1/617
f 763/1/601 778/1/616 762/1/602
f 764/1/603 779/1/618 763/1/601
f 765/1/604 780/1/619 764/1/603
f 766/1/606 781/1/620 765/1/604
f 766/1/606 783/1/621 782/1/622
f 767/1/605 784/1/623 783/1/621
f 768/1/608 785/1/624 784/1/623
f 769/1/607 786/1/625 785/1/624
f 771/1/609 786/1/625 770/1/610
f 772/1/611 787/1/626 771/1/609
f 773/1/612 788/1/627 772/1/611
f 758/1/598 789/1/628 773/1/612
s 0
f 790/1/1 823/1/1 822/1/1
f 806/1/420 839/1/420 807/1/420
f 807/1/195 790/1/195 806/1/195
f 838/1/209 823/1/209 839/1/209
f 792/1/1 823/1/1 791/1/1
f 808/1/420 839/1/420 840/1/420
f 808/1/629 791/1/629 807/1/629
f 839/1/207 824/1/207 840/1/207
f 793/1/1 824/1/1 792/1/1
f 809/1/420 840/1/420 841/1/420
f 809/1/218 792/1/218 808/1/218
f 840/1/205 825/1/205 841/1/205
f 794/1/1 825/1/1 793/1/1
f 810/1/420 841/1/420 842/1/420
f 810/1/218 793/1/218 809/1/218
f 841/1/203 826/1/203 842/1/203
f 794/1/1 827/1/1 826/1/1
f 810/1/420 843/1/420 811/1/420
f 811/1/218 794/1/218 810/1/218
f 842/1/201 827/1/201 843/1/201
f 795/1/1 828/1/1 827/1/1
f 811/1/420 844/1/420 812/1/420
f 812/1/218 795/1/218 811/1/218
f 843/1/199 828/1/199 844/1/199
f 796/1/1 829/1/1 828/1/1
f 812/1/420 845/1/420 813/1/420
f 813/1/630 796/1/630 812/1/630
f 844/1/197 829/1/197 845/1/197
f 798/1/1 829/1/1 797/1/1
f 814/1/420 845/1/420 846/1/420
f 814/1/210 797/1/210 813/1/210
f 845/1/194 830/1/194 846/1/194
f 798/1/1 831/1/1 830/1/1
f 814/1/420 847/1/420 815/1/420
f 815/1/210 798/1/210 814/1/210
f 846/1/225 831/1/225 847/1/225
f 800/1/1 831/1/1 799/1/1
f 816/1/420 847/1/420 848/1/420
f 816/1/631 799/1/631 815/1/631
f 847/1/223 832/1/223 848/1/223
f 801/1/1 832/1/1 800/1/1
f 817/1/420 848/1/420 849/1/420
f 817/1/202 800/1/202 816/1/202
f 848/1/221 833/1/221 849/1/221
f 802/1/1 833/1/1 801/1/1
f 818/1/420 849/1/420 850/1/420
f 818/1/202 801/1/202 817/1/202
f 849/1/219 834/1/219 850/1/219
f 802/1/1 835/1/1 834/1/1
f 818/1/420 851/1/420 819/1/420
f 819/1/202 802/1/202 818/1/202
f 850/1/217 835/1/217 851/1/217
f 803/1/1 836/1/1 835/1/1
f 819/1/420 852/1/420 820/1/420
f 820/1/202 803/1/202 819/1/202
f 851/1/215 836/1/215 852/1/215
f 804/1/1 837/1/1 836/1/1
f 820/1/420 853/1/420 821/1/420
f 821/1/632 804/1/632 820/1/632
f 852/1/213 837/1/213 853/1/213
f 790/1/1 837/1/1 805/1/1
f 806/1/420 853/1/420 838/1/420
f 806/1/195 805/1/195 821/1/195
f 853/1/211 822/1/211 838/1/211
f 854/1/1 887/1/1 886/1/1
f 870/1/420 903/1/420 871/1/420
f 871/1/195 854/1/195 870/1/195
f 902/1/209 887/1/209 903/1/209
f 856/1/1 887/1/1 855/1/1
f 872/1/420 903/1/420 904/1/420
f 872/1/629 855/1/629 871/1/629
f 903/1/207 888/1/207 904/1/207
f 857/1/1 888/1/1 856/1/1
f 873/1/420 904/1/420 905/1/420
f 873/1/218 856/1/218 872/1/218
f 904/1/205 889/1/205 905/1/205
f 858/1/1 889/1/1 857/1/1
f 874/1/420 905/1/420 906/1/420
f 874/1/218 857/1/218 873/1/218
f 905/1/203 890/1/203 906/1/203
f 858/1/1 891/1/1 890/1/1
f 874/1/420 907/1/420 875/1/420
f 875/1/218 858/1/218 874/1/218
f 906/1/201 891/1/201 907/1/201
f 859/1/1 892/1/1 891/1/1
f 875/1/420 908/1/420 876/1/420
f 876/1/218 859/1/218 875/1/218
f 907/1/199 892/1/199 908/1/199
f 860/1/1 893/1/1 892/1/1
f 876/1/420 909/1/420 877/1/420
f 877/1/630 860/1/630 876/1/630
f 908/1/197 893/1/197 909/1/197
f 862/1/1 893/1/1 861/1/1
f 878/1/420 909/1/420 910/1/420
f 878/1/210 861/1/210 877/1/210
f 909/1/194 894/1/194 910/1/194
f 862/1/1 895/1/1 894/1/1
f 878/1/420 911/1/420 879/1/420
f 879/1/210 862/1/210 878/1/210
f 910/1/225 895/1/225 911/1/225
f 864/1/1 895/1/1 863/1/1
f 880/1/420 911/1/420 912/1/420
f 880/1/631 863/1/631 879/1/631
f 911/1/223 896/1/223 912/1/223
f 865/1/1 896/1/1 864/1/1
f 881/1/420 912/1/420 913/1/420
f 881/1/202 864/1/202 880/1/202
f 912/1/221 897/1/221 913/1/221
f 866/1/1 897/1/1 865/1/1
f 882/1/420 913/1/420 914/1/420
f 882/1/202 865/1/202 881/1/202
f 913/1/219 898/1/219 914/1/219
f 866/1/1 899/1/1 898/1/1
f 882/1/420 915/1/420 883/1/420
f 883/1/202 866/1/202 882/1/202
f 914/1/217 899/1/217 915/1/217
f 867/1/1 900/1/1 899/1/1
f 883/1/420 916/1/420 884/1/420
f 884/1/202 867/1/202 883/1/202
f 915/1/215 900/1/215 916/1/215
f 868/1/1 901/1/1 900/1/1
f 884/1/420 917/1/420 885/1/420
f 885/1/632 868/1/632 884/1/632
f 916/1/213 901/1/213 917/1/213
f 854/1/1 901/1/1 869/1/1
f 870/1/420 917/1/420 902/1/420
f 870/1/195 869/1/195 885/1/195
f 917/1/211 886/1/211 902/1/211
f 922/1/210 920/1/210 918/1/210
f 921/1/195 923/1/195 919/1/195
f 919/1/202 922/1/202 918/1/202
f 924/1/218 921/1/218 920/1/218
f 920/1/420 919/1/420 918/1/420
f 923/1/1 924/1/1 922/1/1
s 1
f 927/1/633 950/1/202 926/1/202
f 928/1/634 951/1/633 927/1/633
f 929/1/635 952/1/634 928/1/634
f 930/1/636 953/1/635 929/1/635
f 931/1/637 954/1/636 930/1/636
f 932/1/638 955/1/637 931/1/637
f 933/1/639 956/1/638 932/1/638
f 934/1/123 957/1/639 933/1/639
f 935/1/640 958/1/123 934/1/123
f 936/1/641 959/1/640 935/1/640
f 937/1/642 960/1/641 936/1/641
f 938/1/643 961/1/643 937/1/643
f 939/1/644 962/1/645 938/1/645
f 940/1/646 963/1/644 939/1/644
f 941/1/278 964/1/646 940/1/646
f 942/1/647 965/1/278 941/1/278
f 943/1/648 966/1/647 942/1/647
f 944/1/649 967/1/648 943/1/648
f 945/1/650 968/1/649 944/1/649
f 946/1/651 969/1/650 945/1/650
f 947/1/652 970/1/651 946/1/651
f 948/1/653 971/1/652 947/1/652
f 949/1/218 972/1/653 948/1/653
f 926/1/1 973/1/1 949/1/1
s 0
f 951/1/195 973/1/195 950/1/195
f 949/1/210 927/1/210 926/1/210
f 952/1/195 972/1/195 951/1/195
f 948/1/210 928/1/210 927/1/210
f 953/1/195 971/1/195 952/1/195
f 946/1/210 928/1/210 947/1/210
f 953/1/195 969/1/195 970/1/195
f 945/1/210 929/1/210 946/1/210
f 954/1/195 968/1/195 969/1/195
f 944/1/210 930/1/210 945/1/210
f 956/1/195 968/1/195 955/1/195
f 944/1/210 932/1/210 931/1/210
f 956/1/195 966/1/195 967/1/195
f 942/1/210 932/1/210 943/1/210
f 958/1/195 966/1/195 957/1/195
f 942/1/210 934/1/210 933/1/210
f 958/1/195 964/1/195 965/1/195
f 940/1/210 934/1/210 941/1/210
f 959/1/195 963/1/195 964/1/195
f 939/1/210 935/1/210 940/1/210
f 960/1/195 962/1/195 963/1/195
f 938/1/210 936/1/210 939/1/210
s 1
f 679/1/521 695/1/525 694/1/522
f 680/1/524 696/1/527 695/1/525
f 680/1/524 681/1/529 697/1/526
f 682/1/528 698/1/531 697/1/526
f 683/1/530 699/1/533 698/1/531
f 684/1/532 700/1/535 699/1/533
f 685/1/534 701/1/537 700/1/535
f 685/1/534 686/1/539 702/1/536
f 687/1/538 703/1/541 702/1/536
f 688/1/540 704/1/543 703/1/541
f 689/1/542 705/1/545 704/1/543
f 690/1/544 706/1/547 705/1/545
f 690/1/544 691/1/549 707/1/546
f 692/1/548 708/1/551 707/1/546
f 693/1/550 709/1/552 708/1/551
f 693/1/550 678/1/523 694/1/522
f 695/1/525 711/1/555 710/1/553
f 695/1/525 696/1/527 712/1/554
f 697/1/526 713/1/557 712/1/554
f 697/1/526 698/1/531 714/1/556
f 699/1/533 715/1/559 714/1/556
f 699/1/533 700/1/535 716/1/558
f 701/1/537 717/1/561 716/1/558
f 701/1/537 702/1/536 718/1/560
f 703/1/541 719/1/563 718/1/560
f 703/1/541 704/1/543 720/1/562
f 705/1/545 721/1/565 720/1/562
f 705/1/545 706/1/547 722/1/564
f 707/1/546 723/1/567 722/1/564
f 707/1/546 708/1/551 724/1/566
f 709/1/552 725/1/568 724/1/566
f 709/1/552 694/1/522 710/1/553
f 711/1/555 727/1/569 726/1/210
f 712/1/554 728/1/571 727/1/569
f 712/1/554 713/1/557 729/1/570
f 714/1/556 730/1/1 729/1/570
f 715/1/559 731/1/572 730/1/1
f 716/1/558 732/1/574 731/1/572
f 716/1/558 717/1/561 733/1/573
f 717/1/561 718/1/560 734/1/195
f 719/1/563 735/1/575 734/1/195
f 720/1/562 736/1/577 735/1/575
f 720/1/562 721/1/565 737/1/576
f 722/1/564 738/1/420 737/1/576
f 723/1/567 739/1/578 738/1/420
f 724/1/566 740/1/580 739/1/578
f 724/1/566 725/1/568 741/1/579
f 725/1/568 710/1/553 726/1/210
f 726/1/210 727/1/569 743/1/581
f 727/1/569 728/1/571 744/1/583
f 729/1/570 745/1/584 744/1/583
f 730/1/1 746/1/585 745/1/584
f 731/1/572 747/1/587 746/1/585
f 731/1/572 732/1/574 748/1/586
f 733/1/573 749/1/588 748/1/586
f 734/1/195 750/1/590 749/1/588
f 734/1/195 735/1/575 751/1/589
f 735/1/575 736/1/577 752/1/591
f 737/1/576 753/1/592 752/1/591
f 738/1/420 754/1/593 753/1/592
f 739/1/578 755/1/595 754/1/593
f 739/1/578 740/1/580 756/1/594
f 741/1/579 757/1/596 756/1/594
f 726/1/210 742/1/582 757/1/596
f 742/1/582 743/1/581 759/1/597
f 744/1/583 760/1/600 759/1/597
f 744/1/583 745/1/584 761/1/599
f 746/1/585 762/1/602 761/1/599
f 746/1/585 747/1/587 763/1/601
f 748/1/586 764/1/603 763/1/601
f 749/1/588 765/1/604 764/1/603
f 750/1/590 766/1/606 765/1/604
f 750/1/590 751/1/589 767/1/605
f 752/1/591 768/1/608 767/1/605
f 752/1/591 753/1/592 769/1/607
f 754/1/593 770/1/610 769/1/607
f 754/1/593 755/1/595 771/1/609
f 756/1/594 772/1/611 771/1/609
f 757/1/596 773/1/612 772/1/611
f 742/1/582 758/1/598 773/1/612
f 758/1/598 759/1/597 775/1/613
f 759/1/597 760/1/600 776/1/615
f 761/1/599 777/1/617 776/1/615
f 761/1/599 762/1/602 778/1/616
f 763/1/601 779/1/618 778/1/616
f 764/1/603 780/1/619 779/1/618
f 765/1/604 781/1/620 780/1/619
f 766/1/606 782/1/622 781/1/620
f 766/1/606 767/1/605 783/1/621
f 767/1/605 768/1/608 784/1/623
f 768/1/608 769/1/607 785/1/624
f 769/1/607 770/1/610 786/1/625
f 771/1/609 787/1/626 786/1/625
f 772/1/611 788/1/627 787/1/626
f 773/1/612 789/1/628 788/1/627
f 758/1/598 774/1/614 789/1/628
s 0
f 790/1/1 791/1/1 823/1/1
f 806/1/420 838/1/420 839/1/420
f 807/1/195 791/1/195 790/1/195
f 838/1/209 822/1/209 823/1/209
f 792/1/1 824/1/1 823/1/1
f 808/1/420 807/1/420 839/1/420
f 808/1/629 792/1/629 791/1/629
f 839/1/207 823/1/207 824/1/207
f 793/1/1 825/1/1 824/1/1
f 809/1/420 808/1/420 840/1/420
f 809/1/218 793/1/218 792/1/218
f 840/1/205 824/1/205 825/1/205
f 794/1/1 826/1/1 825/1/1
f 810/1/420 809/1/420 841/1/420
f 810/1/218 794/1/218 793/1/218
f 841/1/203 825/1/203 826/1/203
f 794/1/1 795/1/1 827/1/1
f 810/1/420 842/1/420 843/1/420
f 811/1/218 795/1/218 794/1/218
f 842/1/201 826/1/201 827/1/201
f 795/1/1 796/1/1 828/1/1
f 811/1/420 843/1/420 844/1/420
f 812/1/218 796/1/218 795/1/218
f 843/1/199 827/1/199 828/1/199
f 796/1/1 797/1/1 829/1/1
f 812/1/420 844/1/420 845/1/420
f 813/1/630 797/1/630 796/1/630
f 844/1/197 828/1/197 829/1/197
f 798/1/1 830/1/1 829/1/1
f 814/1/420 813/1/420 845/1/420
f 814/1/210 798/1/210 797/1/210
f 845/1/194 829/1/194 830/1/194
f 798/1/1 799/1/1 831/1/1
f 814/1/420 846/1/420 847/1/420
f 815/1/210 799/1/210 798/1/210
f 846/1/225 830/1/225 831/1/225
f 800/1/1 832/1/1 831/1/1
f 816/1/420 815/1/420 847/1/420
f 816/1/631 800/1/631 799/1/631
f 847/1/223 831/1/223 832/1/223
f 801/1/1 833/1/1 832/1/1
f 817/1/420 816/1/420 848/1/420
f 817/1/202 801/1/202 800/1/202
f 848/1/221 832/1/221 833/1/221
f 802/1/1 834/1/1 833/1/1
f 818/1/420 817/1/420 849/1/420
f 818/1/202 802/1/202 801/1/202
f 849/1/219 833/1/219 834/1/219
f 802/1/1 803/1/1 835/1/1
f 818/1/420 850/1/420 851/1/420
f 819/1/202 803/1/202 802/1/202
f 850/1/217 834/1/217 835/1/217
f 803/1/1 804/1/1 836/1/1
f 819/1/420 851/1/420 852/1/420
f 820/1/202 804/1/202 803/1/202
f 851/1/215 835/1/215 836/1/215
f 804/1/1 805/1/1 837/1/1
f 820/1/420 852/1/420 853/1/420
f 821/1/632 805/1/632 804/1/632
f 852/1/213 836/1/213 837/1/213
f 790/1/1 822/1/1 837/1/1
f 806/1/420 821/1/420 853/1/420
f 806/1/195 790/1/195 805/1/195
f 853/1/211 837/1/211 822/1/211
f 854/1/1 855/1/1 887/1/1
f 870/1/420 902/1/420 903/1/420
f 871/1/195 855/1/195 854/1/195
f 902/1/209 886/1/209 887/1/209
f 856/1/1 888/1/1 887/1/1
f 872/1/420 871/1/420 903/1/420
f 872/1/629 856/1/629 855/1/629
f 903/1/207 887/1/207 888/1/207
f 857/1/1 889/1/1 888/1/1
f 873/1/420 872/1/420 904/1/420
f 873/1/218 857/1/218 856/1/218
f 904/1/205 888/1/205 889/1/205
f 858/1/1 890/1/1 889/1/1
f 874/1/420 873/1/420 905/1/420
f 874/1/218 858/1/218 857/1/218
f 905/1/203 889/1/203 890/1/203
f 858/1/1 859/1/1 891/1/1
f 874/1/420 906/1/420 907/1/420
f 875/1/218 859/1/218 858/1/218
f 906/1/201 890/1/201 891/1/201
f 859/1/1 860/1/1 892/1/1
f 875/1/420 907/1/420 908/1/420
f 876/1/218 860/1/218 859/1/218
f 907/1/199 891/1/199 892/1/199
f 860/1/1 861/1/1 893/1/1
f 876/1/420 908/1/420 909/1/420
f 877/1/630 861/1/630 860/1/630
f 908/1/197 892/1/197 893/1/197
f 862/1/1 894/1/1 893/1/1
f 878/1/420 877/1/420 909/1/420
f 878/1/210 862/1/210 861/1/210
f 909/1/194 893/1/194 894/1/194
f 862/1/1 863/1/1 895/1/1
f 878/1/420 910/1/420 911/1/420
f 879/1/210 863/1/210 862/1/210
f 910/1/225 894/1/225 895/1/225
f 864/1/1 896/1/1 895/1/1
f 880/1/420 879/1/420 911/1/420
f 880/1/631 864/1/631 863/1/631
f 911/1/223 895/1/223 896/1/223
f 865/1/1 897/1/1 896/1/1
f 881/1/420 880/1/420 912/1/420
f 881/1/202 865/1/202 864/1/202
f 912/1/221 896/1/221 897/1/221
f 866/1/1 898/1/1 897/1/1
f 882/1/420 881/1/420 913/1/420
f 882/1/202 866/1/202 865/1/202
f 913/1/219 897/1/219 898/1/219
f 866/1/1 867/1/1 899/1/1
f 882/1/420 914/1/420 915/1/420
f 883/1/202 867/1/202 866/1/202
f 914/1/217 898/1/217 899/1/217
f 867/1/1 868/1/1 900/1/1
f 883/1/420 915/1/420 916/1/420
f 884/1/202 868/1/202 867/1/202
f 915/1/215 899/1/215 900/1/215
f 868/1/1 869/1/1 901/1/1
f 884/1/420 916/1/420 917/1/420
f 885/1/632 869/1/632 868/1/632
f 916/1/213 900/1/213 901/1/213
f 854/1/1 886/1/1 901/1/1
f 870/1/420 885/1/420 917/1/420
f 870/1/195 854/1/195 869/1/195
f 917/1/211 901/1/211 886/1/211
f 922/1/210 924/1/210 920/1/210
f 921/1/195 925/1/195 923/1/195
f 919/1/202 923/1/202 922/1/202
f 924/1/218 925/1/218 921/1/218
f 920/1/420 921/1/420 919/1/420
f 923/1/1 925/1/1 924/1/1
s 1
f 927/1/633 951/1/633 950/1/202
f 928/1/634 952/1/634 951/1/633
f 929/1/635 953/1/635 952/1/634
f 930/1/636 954/1/636 953/1/635
f 931/1/637 955/1/637 954/1/636
f 932/1/638 956/1/638 955/1/637
f 933/1/639 957/1/639 956/1/638
f 934/1/123 958/1/123 957/1/639
f 935/1/640 959/1/640 958/1/123
f 936/1/641 960/1/641 959/1/640
f 937/1/642 961/1/642 960/1/641
f 938/1/643 962/1/643 961/1/643
f 939/1/644 963/1/644 962/1/645
f 940/1/646 964/1/646 963/1/644
f 941/1/278 965/1/278 964/1/646
f 942/1/647 966/1/647 965/1/278
f 943/1/648 967/1/648 966/1/647
f 944/1/649 968/1/649 967/1/648
f 945/1/650 969/1/650 968/1/649
f 946/1/651 970/1/651 969/1/650
f 947/1/652 971/1/652 970/1/651
f 948/1/653 972/1/653 971/1/652
f 949/1/218 973/1/218 972/1/653
f 926/1/1 950/1/1 973/1/1
s 0
f 951/1/195 972/1/195 973/1/195
f 949/1/210 948/1/210 927/1/210
f 952/1/195 971/1/195 972/1/195
f 948/1/210 947/1/210 928/1/210
f 953/1/195 970/1/195 971/1/195
f 946/1/210 929/1/210 928/1/210
f 953/1/195 954/1/195 969/1/195
f 945/1/210 930/1/210 929/1/210
f 954/1/195 955/1/195 968/1/195
f 944/1/210 931/1/210 930/1/210
f 956/1/195 967/1/195 968/1/195
f 944/1/210 943/1/210 932/1/210
f 956/1/195 957/1/195 966/1/195
f 942/1/210 933/1/210 932/1/210
f 958/1/195 965/1/195 966/1/195
f 942/1/210 941/1/210 934/1/210
f 958/1/195 959/1/195 964/1/195
f 940/1/210 935/1/210 934/1/210
f 959/1/195 960/1/195 963/1/195
f 939/1/210 936/1/210 935/1/210
f 960/1/195 961/1/195 962/1/195
f 938/1/210 937/1/210 936/1/210
s 1
usemtl m4
f 974/1/1 976/1/654 975/1/655
f 974/1/1 977/1/656 976/1/654
f 974/1/1 978/1/657 977/1/656
f 974/1/1 979/1/658 978/1/657
f 974/1/1 980/1/659 979/1/658
f 974/1/1 981/1/660 980/1/659
f 974/1/1 982/1/661 981/1/660
f 974/1/1 983/1/662 982/1/661
f 974/1/1 984/1/663 983/1/662
f 974/1/1 985/1/664 984/1/663
f 974/1/1 986/1/665 985/1/664
f 974/1/1 987/1/666 986/1/665
f 974/1/1 988/1/667 987/1/666
f 974/1/1 989/1/668 988/1/667
f 974/1/1 990/1/669 989/1/668
f 974/1/1 975/1/655 990/1/669
f 976/1/654 991/1/195 975/1/655
f 977/1/656 992/1/196 976/1/654
f 978/1/657 993/1/198 977/1/656
f 979/1/658 994/1/200 978/1/657
f 980/1/659 995/1/202 979/1/658
f 981/1/660 996/1/204 980/1/659
f 982/1/661 997/1/206 981/1/660
f 983/1/662 998/1/208 982/1/661
f 984/1/663 999/1/210 983/1/662
f 985/1/664 1000/1/212 984/1/663
f 986/1/665 1001/1/214 985/1/664
f 987/1/666 1002/1/216 986/1/665
f 988/1/667 1003/1/218 987/1/666
f 989/1/668 1004/1/220 988/1/667
f 990/1/669 1005/1/222 989/1/668
f 975/1/655 1006/1/224 990/1/669
f 992/1/670 1007/1/671 991/1/672
f 993/1/673 1008/1/674 992/1/670
f 993/1/673 1010/1/675 1009/1/676
f 995/1/677 1010/1/675 994/1/678
f 996/1/679 1011/1/680 995/1/677
f 997/1/681 1012/1/682 996/1/679
f 997/1/681 1014/1/683 1013/1/684
f 999/1/685 1014/1/683 998/1/686
f 1000/1/687 1015/1/688 999/1/685
f 1001/1/689 1016/1/690 1000/1/687
f 1001/1/689 1018/1/691 1017/1/692
f 1003/1/693 1018/1/691 1002/1/694
f 1004/1/695 1019/1/696 1003/1/693
f 1005/1/697 1020/1/698 1004/1/695
f 1005/1/697 1022/1/699 1021/1/700
f 991/1/672 1022/1/699 1006/1/701
f 1007/1/671 1024/1/702 1023/1/703
f 1008/1/674 1025/1/704 1024/1/702
f 1009/1/676 1026/1/705 1025/1/704
f 1011/1/680 1026/1/705 1010/1/675
f 1011/1/680 1028/1/706 1027/1/707
f 1012/1/682 1029/1/708 1028/1/706
f 1013/1/684 1030/1/709 1029/1/708
f 1015/1/688 1030/1/709 1014/1/683
f 1015/1/688 1032/1/710 1031/1/711
f 1016/1/690 1033/1/712 1032/1/710
f 1017/1/692 1034/1/713 1033/1/712
f 1019/1/696 1034/1/713 1018/1/691
f 1019/1/696 1036/1/714 1035/1/715
f 1020/1/698 1037/1/716 1036/1/714
f 1021/1/700 1038/1/717 1037/1/716
f 1007/1/671 1038/1/717 1022/1/699
f 1024/1/196 1039/1/195 1023/1/195
f 1025/1/198 1040/1/196 1024/1/196
f 1026/1/200 1041/1/198 1025/1/198
f 1027/1/202 1042/1/200 1026/1/200
f 1028/1/204 1043/1/202 1027/1/202
f 1029/1/206 1044/1/204 1028/1/204
f 1030/1/208 1045/1/206 1029/1/206
f 1031/1/210 1046/1/208 1030/1/208
f 1032/1/212 1047/1/210 1031/1/210
f 1033/1/214 1048/1/212 1032/1/212
f 1034/1/216 1049/1/214 1033/1/214
f 1035/1/218 1050/1/216 1034/1/216
f 1036/1/220 1051/1/218 1035/1/218
f 1037/1/222 1052/1/220 1036/1/220
f 1038/1/224 1053/1/222 1037/1/222
f 1023/1/195 1054/1/224 1038/1/224
f 1040/1/718 1055/1/719 1039/1/719
f 1041/1/720 1056/1/718 1040/1/718
f 1042/1/721 1057/1/720 1041/1/720
f 1042/1/721 1059/1/722 1058/1/721
f 1044/1/723 1059/1/722 1043/1/722
f 1045/1/724 1060/1/723 1044/1/723
f 1046/1/725 1061/1/724 1045/1/724
f 1046/1/725 1063/1/726 1062/1/725
f 1048/1/727 1063/1/726 1047/1/726
f 1049/1/728 1064/1/727 1048/1/727
f 1050/1/729 1065/1/728 1049/1/728
f 1050/1/729 1067/1/730 1066/1/729
f 1052/1/731 1067/1/730 1051/1/730
f 1053/1/732 1068/1/731 1052/1/731
f 1054/1/733 1069/1/732 1053/1/732
f 1054/1/733 1055/1/719 1070/1/733
f 1055/1/420 1056/1/420 1071/1/420
f 1056/1/420 1057/1/420 1071/1/420
f 1057/1/420 1058/1/420 1071/1/420
f 1058/1/420 1059/1/420 1071/1/420
f 1059/1/420 1060/1/420 1071/1/420
f 1060/1/420 1061/1/420 1071/1/420
f 1061/1/420 1062/1/420 1071/1/420
f 1062/1/420 1063/1/420 1071/1/420
f 1063/1/420 1064/1/420 1071/1/420
f 1064/1/420 1065/1/420 1071/1/420
f 1065/1/420 1066/1/420 1071/1/420
f 1066/1/420 1067/1/420 1071/1/420
f 1067/1/420 1068/1/420 1071/1/420
f 1068/1/420 1069/1/420 1071/1/420
f 1069/1/420 1070/1/420 1071/1/420
f 1070/1/420 1055/1/420 1071/1/420
s 0
f 1126/1/210 1124/1/210 1122/1/210
f 1125/1/195 1127/1/195 1123/1/195
f 1123/1/202 1126/1/202 1122/1/202
f 1128/1/218 1125/1/218 1124/1/218
f 1124/1/420 1123/1/420 1122/1/420
f 1127/1/1 1128/1/1 1126/1/1
f 1134/1/210 1132/1/210 1130/1/210
f 1133/1/195 1135/1/195 1131/1/195
f 1131/1/202 1134/1/202 1130/1/202
f 1136/1/218 1133/1/218 1132/1/218
f 1132/1/420 1131/1/420 1130/1/420
f 1135/1/1 1136/1/1 1134/1/1
f 1142/1/210 1140/1/210 1138/1/210
f 1141/1/195 1143/1/195 1139/1/195
f 1139/1/202 1142/1/202 1138/1/202
f 1144/1/218 1141/1/218 1140/1/218
f 1140/1/420 1139/1/420 1138/1/420
f 1143/1/1 1144/1/1 1142/1/1
s 1
f 976/1/654 992/1/196 991/1/195
f 977/1/656 993/1/198 992/1/196
f 978/1/657 994/1/200 993/1/198
f 979/1/658 995/1/202 994/1/200
f 980/1/659 996/1/204 995/1/202
f 981/1/660 997/1/206 996/1/204
f 982/1/661 998/1/208 997/1/206
f 983/1/662 999/1/210 998/1/208
f 984/1/663 1000/1/212 999/1/210
f 985/1/664 1001/1/214 1000/1/212
f 986/1/665 1002/1/216 1001/1/214
f 987/1/666 1003/1/218 1002/1/216
f 988/1/667 1004/1/220 1003/1/218
f 989/1/668 1005/1/222 1004/1/220
f 990/1/669 1006/1/224 1005/1/222
f 975/1/655 991/1/195 1006/1/224
f 992/1/670 1008/1/674 1007/1/671
f 993/1/673 1009/1/676 1008/1/674
f 993/1/673 994/1/678 1010/1/675
f 995/1/677 1011/1/680 1010/1/675
f 996/1/679 1012/1/682 1011/1/680
f 997/1/681 1013/1/684 1012/1/682
f 997/1/681 998/1/686 1014/1/683
f 999/1/685 1015/1/688 1014/1/683
f 1000/1/687 1016/1/690 1015/1/688
f 1001/1/689 1017/1/692 1016/1/690
f 1001/1/689 1002/1/694 1018/1/691
f 1003/1/693 1019/1/696 1018/1/691
f 1004/1/695 1020/1/698 1019/1/696
f 1005/1/697 1021/1/700 1020/1/698
f 1005/1/697 1006/1/701 1022/1/699
f 991/1/672 1007/1/671 1022/1/699
f 1007/1/671 1008/1/674 1024/1/702
f 1008/1/674 1009/1/676 1025/1/704
f 1009/1/676 1010/1/675 1026/1/705
f 1011/1/680 1027/1/707 1026/1/705
f 1011/1/680 1012/1/682 1028/1/706
f 1012/1/682 1013/1/684 1029/1/708
f 1013/1/684 1014/1/683 1030/1/709
f 1015/1/688 1031/1/711 1030/1/709
f 1015/1/688 1016/1/690 1032/1/710
f 1016/1/690 1017/1/692 1033/1/712
f 1017/1/692 1018/1/691 1034/1/713
f 1019/1/696 1035/1/715 1034/1/713
f 1019/1/696 1020/1/698 1036/1/714
f 1020/1/698 1021/1/700 1037/1/716
f 1021/1/700 1022/1/699 1038/1/717
f 1007/1/671 1023/1/703 1038/1/717
f 1024/1/196 1040/1/196 1039/1/195
f 1025/1/198 1041/1/198 1040/1/196
f 1026/1/200 1042/1/200 1041/1/198
f 1027/1/202 1043/1/202 1042/1/200
f 1028/1/204 1044/1/204 1043/1/202
f 1029/1/206 1045/1/206 1044/1/204
f 1030/1/208 1046/1/208 1045/1/206
f 1031/1/210 1047/1/210 1046/1/208
f 1032/1/212 1048/1/212 1047/1/210
f 1033/1/214 1049/1/214 1048/1/212
f 1034/1/216 1050/1/216 1049/1/214
f 1035/1/218 1051/1/218 1050/1/216
f 1036/1/220 1052/1/220 1051/1/218
f 1037/1/222 1053/1/222 1052/1/220
f 1038/1/224 1054/1/224 1053/1/222
f 1023/1/195 1039/1/195 1054/1/224
f 1040/1/718 1056/1/718 1055/1/719
f 1041/1/720 1057/1/720 1056/1/718
f 1042/1/721 1058/1/721 1057/1/720
f 1042/1/721 1043/1/722 1059/1/722
f 1044/1/723 1060/1/723 1059/1/722
f 1045/1/724 1061/1/724 1060/1/723
f 1046/1/725 1062/1/725 1061/1/724
f 1046/1/725 1047/1/726 1063/1/726
f 1048/1/727 1064/1/727 1063/1/726
f 1049/1/728 1065/1/728 1064/1/727
f 1050/1/729 1066/1/729 1065/1/728
f 1050/1/729 1051/1/730 1067/1/730
f 1052/1/731 1068/1/731 1067/1/730
f 1053/1/732 1069/1/732 1068/1/731
f 1054/1/733 1070/1/733 1069/1/732
f 1054/1/733 1039/1/719 1055/1/719
s 0
f 1126/1/210 1128/1/210 1124/1/210
f 1125/1/195 1129/1/195 1127/1/195
f 1123/1/202 1127/1/202 1126/1/202
f 1128/1/218 1129/1/218 1125/1/218
f 1124/1/420 1125/1/420 1123/1/420
f 1127/1/1 1129/1/1 1128/1/1
f 1134/1/210 1136/1/210 1132/1/210
f 1133/1/195 1137/1/195 1135/1/195
f 1131/1/202 1135/1/202 1134/1/202
f 1136/1/218 1137/1/218 1133/1/218
f 1132/1/420 1133/1/420 1131/1/420
f 1135/1/1 1137/1/1 1136/1/1
f 1142/1/210 1144/1/210 1140/1/210
f 1141/1/195 1145/1/195 1143/1/195
f 1139/1/202 1143/1/202 1142/1/202
f 1144/1/218 1145/1/218 1141/1/218
f 1140/1/420 1141/1/420 1139/1/420
f 1143/1/1 1145/1/1 1144/1/1
s 1
usemtl m5
f 1072/1/1 1074/1/734 1073/1/735
f 1072/1/1 1075/1/736 1074/1/734
f 1072/1/1 1076/1/737 1075/1/736
f 1072/1/1 1077/1/738 1076/1/737
f 1072/1/1 1078/1/739 1077/1/738
f 1072/1/1 1079/1/740 1078/1/739
f 1072/1/1 1080/1/741 1079/1/740
f 1072/1/1 1081/1/742 1080/1/741
f 1072/1/1 1082/1/743 1081/1/742
f 1072/1/1 1083/1/744 1082/1/743
f 1072/1/1 1084/1/745 1083/1/744
f 1072/1/1 1073/1/735 1084/1/745
f 1074/1/734 1085/1/746 1073/1/735
f 1075/1/736 1086/1/747 1074/1/734
f 1076/1/737 1087/1/748 1075/1/736
f 1077/1/738 1088/1/749 1076/1/737
f 1078/1/739 1089/1/750 1077/1/738
f 1079/1/740 1090/1/751 1078/1/739
f 1080/1/741 1091/1/752 1079/1/740
f 1081/1/742 1092/1/753 1080/1/741
f 1082/1/743 1093/1/754 1081/1/742
f 1083/1/744 1094/1/755 1082/1/743
f 1084/1/745 1095/1/756 1083/1/744
f 1073/1/735 1096/1/757 1084/1/745
f 1086/1/747 1097/1/758 1085/1/746
f 1087/1/748 1098/1/759 1086/1/747
f 1088/1/749 1099/1/760 1087/1/748
f 1089/1/750 1100/1/761 1088/1/749
f 1090/1/751 1101/1/762 1089/1/750
f 1091/1/752 1102/1/763 1090/1/751
f 1092/1/753 1103/1/764 1091/1/752
f 1093/1/754 1104/1/765 1092/1/753
f 1094/1/755 1105/1/766 1093/1/754
f 1095/1/756 1106/1/767 1094/1/755
f 1096/1/757 1107/1/768 1095/1/756
f 1085/1/746 1108/1/769 1096/1/757
f 1098/1/759 1109/1/770 1097/1/758
f 1099/1/760 1110/1/771 1098/1/759
f 1100/1/761 1111/1/772 1099/1/760
f 1101/1/762 1112/1/773 1100/1/761
f 1102/1/763 1113/1/774 1101/1/762
f 1103/1/764 1114/1/775 1102/1/763
f 1104/1/765 1115/1/776 1103/1/764
f 1105/1/766 1116/1/777 1104/1/765
f 1106/1/767 1117/1/778 1105/1/766
f 1107/1/768 1118/1/779 1106/1/767
f 1108/1/769 1119/1/780 1107/1/768
f 1097/1/758 1120/1/781 1108/1/769
f 1109/1/770 1110/1/771 1121/1/420
f 1110/1/771 1111/1/772 1121/1/420
f 1111/1/772 1112/1/773 1121/1/420
f 1112/1/773 1113/1/774 1121/1/420
f 1113/1/774 1114/1/775 1121/1/420
f 1114/1/775 1115/1/776 1121/1/420
f 1115/1/776 1116/1/777 1121/1/420
f 1116/1/777 1117/1/778 1121/1/420
f 1117/1/778 1118/1/779 1121/1/420
f 1118/1/779 1119/1/780 1121/1/420
f 1119/1/780 1120/1/781 1121/1/420
f 1120/1/781 1109/1/770 1121/1/420
f 1074/1/734 1086/1/747 1085/1/746
f 1075/1/736 1087/1/748 1086/1/747
f 1076/1/737 1088/1/749 1087/1/748
f 1077/1/738 1089/1/750 1088/1/749
f 1078/1/739 1090/1/751 1089/1/750
f 1079/1/740 1091/1/752 1090/1/751
f 1080/1/741 1092/1/753 1091/1/752
f 1081/1/742 1093/1/754 1092/1/753
f 1082/1/743 1094/1/755 1093/1/754
f 1083/1/744 1095/1/756 1094/1/755
f 1084/1/745 1096/1/757 1095/1/756
f 1073/1/735 1085/1/746 1096/1/757
f 1086/1/747 1098/1/759 1097/1/758
f 1087/1/748 1099/1/760 1098/1/759
f 1088/1/749 1100/1/761 1099/1/760
f 1089/1/750 1101/1/762 1100/1/761
f 1090/1/751 1102/1/763 1101/1/762
f 1091/1/752 1103/1/764 1102/1/763
f 1092/1/753 1104/1/765 1103/1/764
f 1093/1/754 1105/1/766 1104/1/765
f 1094/1/755 1106/1/767 1105/1/766
f 1095/1/756 1107/1/768 1106/1/767
f 1096/1/757 1108/1/769 1107/1/768
f 1085/1/746 1097/1/758 1108/1/769
f 1098/1/759 1110/1/771 1109/1/770
f 1099/1/760 1111/1/772 1110/1/771
f 1100/1/761 1112/1/773 1111/1/772
f 1101/1/762 1113/1/774 1112/1/773
f 1102/1/763 1114/1/775 1113/1/774
f 1103/1/764 1115/1/776 1114/1/775
f 1104/1/765 1116/1/777 1115/1/776
f 1105/1/766 1117/1/778 1116/1/777
f 1106/1/767 1118/1/779 1117/1/778
f 1107/1/768 1119/1/780 1118/1/779
f 1108/1/769 1120/1/781 1119/1/780
f 1097/1/758 1109/1/770 1120/1/781
