s,kW,kW,kW,kW,kW,kW,kW,kW,kW,kW,kg/s,kg/s,kg/s
Time,HRR,HRR_OX,Q_RADI,Q_CONV,Q_COND,Q_DIFF,Q_PRES,Q_PART,Q_ENTH,Q_TOTAL,MLR_AIR,MLR_PROPANE,MLR_PRODUCTS
 0.0000000E+000, 0.0000000E+000, 0.0000000E+000,-5.4588772E-003, 8.0352919E-006, 0.0000000E+000, 0.0000000E+000, 0.0000000E+000, 0.0000000E+000, 0.0000000E+000,-5.4508419E-003, 0.0000000E+000, 0.0000000E+000, 0.0000000E+000
 1.1974874E+000, 1.7804564E+001, 0.0000000E+000,-3.5359003E-001, 2.9195034E-001,-7.4316385E-003,-4.7279512E-003, 0.0000000E+000, 0.0000000E+000, 1.4471869E+001, 1.7730765E+001, 0.0000000E+000, 1.8568900E-003, 0.0000000E+000
 2.3949747E+000, 4.8985274E+002, 0.0000000E+000,-2.9202798E+001, 7.8909803E+000,-2.9833250E-001,-1.3349479E-002, 0.0000000E+000, 0.0000000E+000, 1.6758392E+002, 4.6822924E+002, 0.0000000E+000, 4.5914410E-003, 0.0000000E+000
 3.0555313E+000, 7.9070648E+002, 0.0000000E+000,-3.0585372E+002, 8.2980387E+000,-9.7906409E-001,-1.9300211E-002, 0.0000000E+000, 0.0000000E+000, 5.4510190E+002, 4.9215244E+002, 0.0000000E+000, 6.2528955E-003, 0.0000000E+000
 4.0173154E+000, 2.7545526E+002, 0.0000000E+000,-4.0024007E+001, 4.0587194E+000,-7.0669807E-001,-2.5228289E-002, 0.0000000E+000, 0.0000000E+000, 2.1350988E+002, 2.3875805E+002, 0.0000000E+000, 8.0307515E-003, 0.0000000E+000
 5.0712605E+000, 4.5431793E+002, 0.0000000E+000,-6.3936959E+001, 6.6086875E+000,-2.6675872E+000,-3.0906066E-002, 0.0000000E+000, 0.0000000E+000, 3.9077794E+002, 3.9429117E+002, 0.0000000E+000, 1.0006029E-002, 0.0000000E+000
 6.0720987E+000, 4.4139739E+002, 0.0000000E+000,-1.2535500E+002, 5.3050193E+000,-6.7886627E+000,-3.6391081E-002, 0.0000000E+000, 0.0000000E+000, 3.1687487E+002, 3.1452236E+002, 0.0000000E+000, 1.1884058E-002, 0.0000000E+000
 7.0667095E+000, 5.4237468E+002, 0.0000000E+000,-1.1072675E+002, 7.2143450E+000,-8.5215105E+000,-4.1309694E-002, 0.0000000E+000, 0.0000000E+000, 4.1412461E+002, 4.3029946E+002, 0.0000000E+000, 1.3526360E-002, 0.0000000E+000
 8.0925684E+000, 6.7428018E+002, 0.0000000E+000,-1.7050138E+002, 8.4265865E+000,-1.0673119E+001,-4.5611520E-002, 0.0000000E+000, 0.0000000E+000, 5.0084049E+002, 5.0148665E+002, 0.0000000E+000, 1.4993859E-002, 0.0000000E+000
 9.0844574E+000, 6.4450071E+002, 0.0000000E+000,-1.3666152E+002, 8.4511565E+000,-1.4521251E+001,-4.9364165E-002, 0.0000000E+000, 0.0000000E+000, 4.9781973E+002, 5.0171974E+002, 0.0000000E+000, 1.6285269E-002, 0.0000000E+000
 1.0076345E+001, 7.2896726E+002, 0.0000000E+000,-1.5143710E+002, 9.5470964E+000,-1.8200406E+001,-5.2302676E-002, 0.0000000E+000, 0.0000000E+000, 5.6276682E+002, 5.6882455E+002, 0.0000000E+000, 1.7391705E-002, 0.0000000E+000
 1.1068234E+001, 8.0147239E+002, 0.0000000E+000,-1.9759557E+002, 9.9296237E+000,-2.2631784E+001,-5.5004867E-002, 0.0000000E+000, 0.0000000E+000, 5.9124015E+002, 5.9111965E+002, 0.0000000E+000, 1.8346370E-002, 0.0000000E+000
 1.2060122E+001, 7.9458905E+002, 0.0000000E+000,-1.7346576E+002, 1.0152486E+001,-2.7406929E+001,-5.7290418E-002, 0.0000000E+000, 0.0000000E+000, 5.9884545E+002, 6.0381156E+002, 0.0000000E+000, 1.9163401E-002, 0.0000000E+000
 1.3052011E+001, 8.6273157E+002, 0.0000000E+000,-1.9336926E+002, 1.0896913E+001,-3.1707507E+001,-5.8445145E-002, 0.0000000E+000, 0.0000000E+000, 6.4399042E+002, 6.4849327E+002, 0.0000000E+000, 1.9857779E-002, 0.0000000E+000
 1.4043900E+001, 8.5720475E+002, 0.0000000E+000,-1.9624782E+002, 1.0697990E+001,-3.5990488E+001,-6.1055471E-002, 0.0000000E+000, 0.0000000E+000, 6.3733702E+002, 6.3560338E+002, 0.0000000E+000, 2.0444422E-002, 0.0000000E+000
 1.5035789E+001, 8.7828286E+002, 0.0000000E+000,-1.8417159E+002, 1.1171817E+001,-4.0121901E+001,-6.2813576E-002, 0.0000000E+000, 0.0000000E+000, 6.6200427E+002, 6.6509837E+002, 0.0000000E+000, 2.0937568E-002, 0.0000000E+000
 1.6027678E+001, 9.2542044E+002, 0.0000000E+000,-2.1021171E+002, 1.1458866E+001,-4.4298224E+001,-6.3035004E-002, 0.0000000E+000, 0.0000000E+000, 6.8177995E+002, 6.8230634E+002, 0.0000000E+000, 2.1350370E-002, 0.0000000E+000
 1.7019566E+001, 9.2630708E+002, 0.0000000E+000,-2.0859695E+002, 1.1450212E+001,-4.8350320E+001,-6.5036697E-002, 0.0000000E+000, 0.0000000E+000, 6.7976536E+002, 6.8074498E+002, 0.0000000E+000, 2.1694699E-002, 0.0000000E+000
 1.8011454E+001, 9.3043012E+002, 0.0000000E+000,-2.0050747E+002, 1.1590300E+001,-5.2021970E+001,-6.6085949E-002, 0.0000000E+000, 0.0000000E+000, 6.8732642E+002, 6.8942490E+002, 0.0000000E+000, 2.1981067E-002, 0.0000000E+000
 1.9003342E+001, 9.5784958E+002, 0.0000000E+000,-2.0901179E+002, 1.1854580E+001,-5.5203146E+001,-6.6828020E-002, 0.0000000E+000, 0.0000000E+000, 7.0519238E+002, 7.0542240E+002, 0.0000000E+000, 2.2218647E-002, 0.0000000E+000
 2.0060867E+001, 9.7032388E+002, 0.0000000E+000,-2.0384145E+002, 1.2096595E+001,-5.8792556E+001,-6.7851966E-002, 0.0000000E+000, 0.0000000E+000, 7.1889547E+002, 7.1971862E+002, 0.0000000E+000, 2.2420099E-002, 0.0000000E+000
 2.1048887E+001, 9.6198533E+002, 0.0000000E+000,-2.0738400E+002, 1.1829848E+001,-6.2281726E+001,-6.8314963E-002, 0.0000000E+000, 0.0000000E+000, 7.0568725E+002, 7.0408113E+002, 0.0000000E+000, 2.2586669E-002, 0.0000000E+000
 2.2088455E+001, 9.6780479E+002, 0.0000000E+000,-2.0703147E+002, 1.1856326E+001,-6.5542484E+001,-6.7974122E-002, 0.0000000E+000, 0.0000000E+000, 7.0687409E+002, 7.0701918E+002, 0.0000000E+000, 2.2722168E-002, 0.0000000E+000
 2.3033516E+001, 9.7425470E+002, 0.0000000E+000,-2.1707334E+002, 1.1413540E+001,-6.8750927E+001,-6.8531387E-002, 0.0000000E+000, 0.0000000E+000, 6.9810602E+002, 6.9977545E+002, 0.0000000E+000, 2.2831234E-002, 0.0000000E+000
 2.4073084E+001, 9.7875516E+002, 0.0000000E+000,-2.0906812E+002, 1.1014018E+001,-7.1957299E+001,-6.9146582E-002, 0.0000000E+000, 0.0000000E+000, 7.0939164E+002, 7.0867461E+002, 0.0000000E+000, 2.2920776E-002, 0.0000000E+000
 2.5018147E+001, 9.8387056E+002, 0.0000000E+000,-2.2065419E+002, 1.0106645E+001,-7.5478930E+001,-6.9219511E-002, 0.0000000E+000, 0.0000000E+000, 6.9746605E+002, 6.9777486E+002, 0.0000000E+000, 2.2994690E-002, 0.0000000E+000
 2.6057714E+001, 9.8547263E+002, 0.0000000E+000,-2.1810298E+002, 9.5640983E+000,-7.8531169E+001,-6.9274819E-002, 0.0000000E+000, 0.0000000E+000, 6.9802476E+002, 6.9833331E+002, 0.0000000E+000, 2.3055287E-002, 0.0000000E+000
 2.7002775E+001, 9.9363644E+002, 0.0000000E+000,-2.1787537E+002, 9.2634032E+000,-8.1192450E+001,-6.9361310E-002, 0.0000000E+000, 0.0000000E+000, 7.0290807E+002, 7.0376266E+002, 0.0000000E+000, 2.3105250E-002, 0.0000000E+000
 2.8042343E+001, 9.9618943E+002, 0.0000000E+000,-2.2139508E+002, 9.0461284E+000,-8.3474768E+001,-6.9798559E-002, 0.0000000E+000, 0.0000000E+000, 7.0074289E+002, 7.0029591E+002, 0.0000000E+000, 2.3146171E-002, 0.0000000E+000
 2.9081911E+001, 9.9569849E+002, 0.0000000E+000,-2.1830938E+002, 8.8160189E+000,-8.5767549E+001,-7.0472185E-002, 0.0000000E+000, 0.0000000E+000, 7.0015336E+002, 7.0036711E+002, 0.0000000E+000, 2.3181282E-002, 0.0000000E+000
 3.0026974E+001, 9.9389401E+002, 0.0000000E+000,-2.1313380E+002, 8.2396570E+000,-8.7851456E+001,-7.0981418E-002, 0.0000000E+000, 0.0000000E+000, 7.0086048E+002, 7.0107743E+002, 0.0000000E+000, 2.3208706E-002, 0.0000000E+000
 3.1066542E+001, 9.9441168E+002, 0.0000000E+000,-2.2011570E+002, 7.4876082E+000,-9.0090676E+001,-7.1214853E-002, 0.0000000E+000, 0.0000000E+000, 6.9268608E+002, 6.9162170E+002, 0.0000000E+000, 2.3231147E-002, 0.0000000E+000
 3.2011604E+001, 1.0040541E+003, 0.0000000E+000,-2.2949549E+002, 7.4115211E+000,-9.1967249E+001,-7.1430593E-002, 0.0000000E+000, 0.0000000E+000, 6.8873781E+002, 6.8993143E+002, 0.0000000E+000, 2.3249622E-002, 0.0000000E+000
 3.3018597E+001, 1.0049887E+003, 0.0000000E+000,-2.1977487E+002, 7.7495408E+000,-9.4170548E+001,-7.1351444E-002, 0.0000000E+000, 0.0000000E+000, 6.9891159E+002, 6.9872145E+002, 0.0000000E+000, 2.3264444E-002, 0.0000000E+000
 3.4017200E+001, 9.9321382E+002, 0.0000000E+000,-2.2536312E+002, 7.4362427E+000,-9.6819547E+001,-7.0922362E-002, 0.0000000E+000, 0.0000000E+000, 6.8011045E+002, 6.7839648E+002, 0.0000000E+000, 2.3277077E-002, 0.0000000E+000
 3.5032585E+001, 9.9065248E+002, 0.0000000E+000,-2.2603443E+002, 6.9832205E+000,-9.8734829E+001,-7.1643229E-002, 0.0000000E+000, 0.0000000E+000, 6.7288548E+002, 6.7279480E+002, 0.0000000E+000, 2.3287423E-002, 0.0000000E+000
 3.6047970E+001, 9.9373106E+002, 0.0000000E+000,-2.2288914E+002, 6.3949303E+000,-1.0075912E+002,-7.1399086E-002, 0.0000000E+000, 0.0000000E+000, 6.7472907E+002, 6.7640633E+002, 0.0000000E+000, 2.3295943E-002, 0.0000000E+000
 3.7063358E+001, 1.0088156E+003, 0.0000000E+000,-2.5677146E+002, 5.5350061E+000,-1.0217345E+002,-7.1465653E-002, 0.0000000E+000, 0.0000000E+000, 6.6055056E+002, 6.5533426E+002, 0.0000000E+000, 2.3302900E-002, 0.0000000E+000
 3.8019501E+001, 1.0007640E+003, 0.0000000E+000,-2.4711153E+002, 5.8480950E+000,-1.0489280E+002,-7.1253999E-002, 0.0000000E+000, 0.0000000E+000, 6.5072064E+002, 6.5453652E+002, 0.0000000E+000, 2.3308423E-002, 0.0000000E+000
 3.9008713E+001, 9.9365777E+002, 0.0000000E+000,-2.2657595E+002, 6.1841717E+000,-1.0756918E+002,-7.0869562E-002, 0.0000000E+000, 0.0000000E+000, 6.6410052E+002, 6.6562594E+002, 0.0000000E+000, 2.3312898E-002, 0.0000000E+000
 4.0075714E+001, 9.9749376E+002, 0.0000000E+000,-2.3708243E+002, 6.4631994E+000,-1.0884331E+002,-7.0074515E-002, 0.0000000E+000, 0.0000000E+000, 6.5847222E+002, 6.5796115E+002, 0.0000000E+000, 2.3316781E-002, 0.0000000E+000
 4.1017727E+001, 9.9716591E+002, 0.0000000E+000,-2.3574071E+002, 6.7557432E+000,-1.1066921E+002,-7.0984301E-002, 0.0000000E+000, 0.0000000E+000, 6.5860924E+002, 6.5744075E+002, 0.0000000E+000, 2.3319892E-002, 0.0000000E+000
 4.2002155E+001, 9.9462810E+002, 0.0000000E+000,-2.3217701E+002, 6.8356880E+000,-1.1154086E+002,-7.0836963E-002, 0.0000000E+000, 0.0000000E+000, 6.5926908E+002, 6.5767508E+002, 0.0000000E+000, 2.3322336E-002, 0.0000000E+000
 4.3057690E+001, 1.0009830E+003, 0.0000000E+000,-2.4848084E+002, 6.5065559E+000,-1.1345298E+002,-7.1055664E-002, 0.0000000E+000, 0.0000000E+000, 6.4428369E+002, 6.4548464E+002, 0.0000000E+000, 2.3324451E-002, 0.0000000E+000
 4.4063358E+001, 1.0047368E+003, 0.0000000E+000,-2.3356637E+002, 6.4580392E+000,-1.1367951E+002,-7.1273981E-002, 0.0000000E+000, 0.0000000E+000, 6.6338510E+002, 6.6387768E+002, 0.0000000E+000, 2.3326200E-002, 0.0000000E+000
 4.5069027E+001, 9.9422653E+002, 0.0000000E+000,-2.3901835E+002, 6.1299293E+000,-1.1357871E+002,-7.0655272E-002, 0.0000000E+000, 0.0000000E+000, 6.4991131E+002, 6.4768875E+002, 0.0000000E+000, 2.3327589E-002, 0.0000000E+000
 4.6021919E+001, 9.9545455E+002, 0.0000000E+000,-2.2821214E+002, 6.5517899E+000,-1.1427393E+002,-7.0722577E-002, 0.0000000E+000, 0.0000000E+000, 6.5763491E+002, 6.5944954E+002, 0.0000000E+000, 2.3328696E-002, 0.0000000E+000
 4.7002708E+001, 1.0025387E+003, 0.0000000E+000,-2.5436006E+002, 6.5499506E+000,-1.1424873E+002,-7.0643244E-002, 0.0000000E+000, 0.0000000E+000, 6.4125297E+002, 6.4040923E+002, 0.0000000E+000, 2.3329598E-002, 0.0000000E+000
 4.8074764E+001, 1.0079308E+003, 0.0000000E+000,-2.6472221E+002, 6.9009813E+000,-1.1557149E+002,-7.0408130E-002, 0.0000000E+000, 0.0000000E+000, 6.3575198E+002, 6.3446770E+002, 0.0000000E+000, 2.3330379E-002, 0.0000000E+000
 4.9054840E+001, 1.0040175E+003, 0.0000000E+000,-2.5683053E+002, 7.0682029E+000,-1.1606494E+002,-7.0451783E-002, 0.0000000E+000, 0.0000000E+000, 6.3729115E+002, 6.3811980E+002, 0.0000000E+000, 2.3331018E-002, 0.0000000E+000
 5.0028355E+001, 1.0049698E+003, 0.0000000E+000,-2.5377759E+002, 6.8714649E+000,-1.1598663E+002,-7.0428581E-002, 0.0000000E+000, 0.0000000E+000, 6.4119574E+002, 6.4200660E+002, 0.0000000E+000, 2.3331516E-002, 0.0000000E+000
 5.1066769E+001, 1.0021375E+003, 0.0000000E+000,-2.4618820E+002, 6.4539262E+000,-1.1639025E+002,-7.0699933E-002, 0.0000000E+000, 0.0000000E+000, 6.4578347E+002, 6.4594233E+002, 0.0000000E+000, 2.3331937E-002, 0.0000000E+000
 5.2048393E+001, 1.0045025E+003, 0.0000000E+000,-2.5007413E+002, 6.1646605E+000,-1.1734659E+002,-7.0405990E-002, 0.0000000E+000, 0.0000000E+000, 6.4357179E+002, 6.4317599E+002, 0.0000000E+000, 2.3332282E-002, 0.0000000E+000
 5.3030022E+001, 9.9319244E+002, 0.0000000E+000,-2.3088248E+002, 6.1243277E+000,-1.1741097E+002,-7.0993219E-002, 0.0000000E+000, 0.0000000E+000, 6.4991485E+002, 6.5095233E+002, 0.0000000E+000, 2.3332557E-002, 0.0000000E+000
 5.4011646E+001, 1.0016145E+003, 0.0000000E+000,-2.3856683E+002, 5.8151919E+000,-1.1829007E+002,-7.1371765E-002, 0.0000000E+000, 0.0000000E+000, 6.4896105E+002, 6.5050141E+002, 0.0000000E+000, 2.3332783E-002, 0.0000000E+000
 5.5064663E+001, 9.8831837E+002, 0.0000000E+000,-2.3745321E+002, 5.1584699E+000,-1.2005674E+002,-7.1681898E-002, 0.0000000E+000, 0.0000000E+000, 6.3888289E+002, 6.3589521E+002, 0.0000000E+000, 2.3332974E-002, 0.0000000E+000
 5.6086559E+001, 1.0028412E+003, 0.0000000E+000,-2.4375764E+002, 4.9479290E+000,-1.2156571E+002,-7.1322035E-002, 0.0000000E+000, 0.0000000E+000, 6.3956227E+002, 6.4239442E+002, 0.0000000E+000, 2.3333133E-002, 0.0000000E+000
 5.7069286E+001, 1.0050796E+003, 0.0000000E+000,-2.6273817E+002, 4.5450503E+000,-1.2345723E+002,-7.0822882E-002, 0.0000000E+000, 0.0000000E+000, 6.2977788E+002, 6.2335845E+002, 0.0000000E+000, 2.3333259E-002, 0.0000000E+000
 5.8056980E+001, 1.0143254E+003, 0.0000000E+000,-2.5970225E+002, 5.1181043E+000,-1.2459971E+002,-7.1030143E-002, 0.0000000E+000, 0.0000000E+000, 6.3077317E+002, 6.3507053E+002, 0.0000000E+000, 2.3333360E-002, 0.0000000E+000
 5.9047466E+001, 9.9852278E+002, 0.0000000E+000,-2.5404217E+002, 5.0191043E+000,-1.2645247E+002,-7.0824083E-002, 0.0000000E+000, 0.0000000E+000, 6.2263925E+002, 6.2297642E+002, 0.0000000E+000, 2.3333442E-002, 0.0000000E+000
 6.0048069E+001, 9.9716383E+002, 0.0000000E+000,-2.5187235E+002, 4.9534803E+000,-1.2769044E+002,-7.1636719E-002, 0.0000000E+000, 0.0000000E+000, 6.2486783E+002, 6.2248289E+002, 0.0000000E+000, 2.3333511E-002, 0.0000000E+000
 6.1013565E+001, 9.9721854E+002, 0.0000000E+000,-2.5287181E+002, 4.3922529E+000,-1.2899256E+002,-7.1569097E-002, 0.0000000E+000, 0.0000000E+000, 6.1717492E+002, 6.1967486E+002, 0.0000000E+000, 2.3333567E-002, 0.0000000E+000
 6.2075607E+001, 1.0100440E+003, 0.0000000E+000,-2.5001064E+002, 3.6302941E+000,-1.3033286E+002,-7.1589809E-002, 0.0000000E+000, 0.0000000E+000, 6.3379093E+002, 6.3325921E+002, 0.0000000E+000, 2.3333614E-002, 0.0000000E+000
 6.3079723E+001, 9.9426147E+002, 0.0000000E+000,-2.6082414E+002, 2.1633953E+000,-1.3119141E+002,-7.2015988E-002, 0.0000000E+000, 0.0000000E+000, 6.0730633E+002, 6.0433729E+002, 0.0000000E+000, 2.3333653E-002, 0.0000000E+000
 6.4035561E+001, 9.9719321E+002, 0.0000000E+000,-2.6832788E+002, 1.5080628E+000,-1.3158534E+002,-7.1378102E-002, 0.0000000E+000, 0.0000000E+000, 5.9716235E+002, 5.9871667E+002, 0.0000000E+000, 2.3333683E-002, 0.0000000E+000
 6.5019310E+001, 1.0111555E+003, 0.0000000E+000,-2.8611712E+002, 9.8636383E-001,-1.3285907E+002,-7.0823103E-002, 0.0000000E+000, 0.0000000E+000, 5.9448096E+002, 5.9309483E+002, 0.0000000E+000, 2.3333708E-002, 0.0000000E+000
 6.6071014E+001, 1.0022091E+003, 0.0000000E+000,-2.6085079E+002, 5.9809482E-001,-1.3508603E+002,-7.0659440E-002, 0.0000000E+000, 0.0000000E+000, 6.0680589E+002, 6.0679969E+002, 0.0000000E+000, 2.3333729E-002, 0.0000000E+000
 6.7042015E+001, 9.9894064E+002, 0.0000000E+000,-2.6163232E+002,-1.7687951E-001,-1.3693734E+002,-7.0736863E-002, 0.0000000E+000, 0.0000000E+000, 6.0108307E+002, 6.0012336E+002, 0.0000000E+000, 2.3333746E-002, 0.0000000E+000
 6.8029343E+001, 9.9063933E+002, 0.0000000E+000,-2.6539334E+002,-1.9961046E-001,-1.3870272E+002,-7.1037583E-002, 0.0000000E+000, 0.0000000E+000, 5.8604931E+002, 5.8627262E+002, 0.0000000E+000, 2.3333760E-002, 0.0000000E+000
 6.9016670E+001, 9.9059225E+002, 0.0000000E+000,-2.5116734E+002,-2.7366663E-001,-1.4098769E+002,-7.1314105E-002, 0.0000000E+000, 0.0000000E+000, 5.9677584E+002, 5.9809225E+002, 0.0000000E+000, 2.3333771E-002, 0.0000000E+000
 7.0003998E+001, 9.9703666E+002, 0.0000000E+000,-2.6247400E+002,-1.2321088E+000,-1.4214723E+002,-7.1667509E-002, 0.0000000E+000, 0.0000000E+000, 5.9141607E+002, 5.9111165E+002, 0.0000000E+000, 2.3333780E-002, 0.0000000E+000
 7.1081078E+001, 1.0023764E+003, 0.0000000E+000,-2.6110106E+002,-1.9773654E+000,-1.4354606E+002,-7.1121130E-002, 0.0000000E+000, 0.0000000E+000, 5.9651376E+002, 5.9568082E+002, 0.0000000E+000, 2.3333788E-002, 0.0000000E+000
 7.2014549E+001, 9.9560745E+002, 0.0000000E+000,-2.6824646E+002,-2.1738206E+000,-1.4508850E+002,-7.0678395E-002, 0.0000000E+000, 0.0000000E+000, 5.8043141E+002, 5.8002799E+002, 0.0000000E+000, 2.3333794E-002, 0.0000000E+000
 7.3062706E+001, 1.0030525E+003, 0.0000000E+000,-2.8160786E+002,-1.6507722E+000,-1.4658753E+002,-7.0434585E-002, 0.0000000E+000, 0.0000000E+000, 5.7379865E+002, 5.7313589E+002, 0.0000000E+000, 2.3333800E-002, 0.0000000E+000
 7.4002174E+001, 1.0131312E+003, 0.0000000E+000,-2.8253031E+002,-1.2512843E+000,-1.4875987E+002,-7.1506065E-002, 0.0000000E+000, 0.0000000E+000, 5.8002281E+002, 5.8051821E+002, 0.0000000E+000, 2.3333804E-002, 0.0000000E+000
 7.5036217E+001, 1.0031898E+003, 0.0000000E+000,-2.6709772E+002,-9.8600647E-001,-1.5013888E+002,-7.1374496E-002, 0.0000000E+000, 0.0000000E+000, 5.8429715E+002, 5.8489583E+002, 0.0000000E+000, 2.3333807E-002, 0.0000000E+000
 7.6070030E+001, 1.0046240E+003, 0.0000000E+000,-2.8078373E+002,-1.3578449E+000,-1.5210732E+002,-7.1283891E-002, 0.0000000E+000, 0.0000000E+000, 5.7068766E+002, 5.7030381E+002, 0.0000000E+000, 2.3333810E-002, 0.0000000E+000
 7.7071358E+001, 1.0056259E+003, 0.0000000E+000,-2.6665987E+002,-1.8590389E+000,-1.5411534E+002,-7.1861985E-002, 0.0000000E+000, 0.0000000E+000, 5.8257899E+002, 5.8291978E+002, 0.0000000E+000, 2.3333812E-002, 0.0000000E+000
 7.8074936E+001, 9.9246048E+002, 0.0000000E+000,-2.6058240E+002,-3.3882329E+000,-1.5568750E+002,-7.1363734E-002, 0.0000000E+000, 0.0000000E+000, 5.7392001E+002, 5.7273098E+002, 0.0000000E+000, 2.3333814E-002, 0.0000000E+000
 7.9054237E+001, 9.8927206E+002, 0.0000000E+000,-2.7480466E+002,-4.0341335E+000,-1.5679890E+002,-7.1100965E-002, 0.0000000E+000, 0.0000000E+000, 5.5441877E+002, 5.5356326E+002, 0.0000000E+000, 2.3333816E-002, 0.0000000E+000
 8.0060242E+001, 9.9921585E+002, 0.0000000E+000,-2.7624809E+002,-4.3151992E+000,-1.5843992E+002,-7.0669081E-002, 0.0000000E+000, 0.0000000E+000, 5.6029194E+002, 5.6014197E+002, 0.0000000E+000, 2.3333817E-002, 0.0000000E+000
 8.1078316E+001, 1.0019581E+003, 0.0000000E+000,-2.8532877E+002,-4.9920774E+000,-1.5955920E+002,-7.0916328E-002, 0.0000000E+000, 0.0000000E+000, 5.5167108E+002, 5.5200712E+002, 0.0000000E+000, 2.3333818E-002, 0.0000000E+000
 8.2067711E+001, 9.8965901E+002, 0.0000000E+000,-2.7868457E+002,-7.0092365E+000,-1.6101864E+002,-7.1424144E-002, 0.0000000E+000, 0.0000000E+000, 5.4252672E+002, 5.4287513E+002, 0.0000000E+000, 2.3333819E-002, 0.0000000E+000
 8.3073730E+001, 1.0079085E+003, 0.0000000E+000,-2.8359592E+002,-8.4088237E+000,-1.6313989E+002,-7.1080067E-002, 0.0000000E+000, 0.0000000E+000, 5.5306997E+002, 5.5269278E+002, 0.0000000E+000, 2.3333820E-002, 0.0000000E+000
 8.4079750E+001, 9.9718433E+002, 0.0000000E+000,-2.8198448E+002,-7.4945408E+000,-1.6509489E+002,-7.0612662E-002, 0.0000000E+000, 0.0000000E+000, 5.4433175E+002, 5.4253981E+002, 0.0000000E+000, 2.3333820E-002, 0.0000000E+000
 8.5085770E+001, 9.9060228E+002, 0.0000000E+000,-2.7833789E+002,-6.7293221E+000,-1.6753444E+002,-7.1518297E-002, 0.0000000E+000, 0.0000000E+000, 5.3735271E+002, 5.3792911E+002, 0.0000000E+000, 2.3333821E-002, 0.0000000E+000
 8.6046059E+001, 1.0032267E+003, 0.0000000E+000,-2.8559920E+002,-7.3718103E+000,-1.6965910E+002,-7.1446771E-002, 0.0000000E+000, 0.0000000E+000, 5.4172595E+002, 5.4052519E+002, 0.0000000E+000, 2.3333821E-002, 0.0000000E+000
 8.7052078E+001, 9.9139725E+002, 0.0000000E+000,-2.7954865E+002,-9.1195286E+000,-1.7183140E+002,-7.1265893E-002, 0.0000000E+000, 0.0000000E+000, 5.2977831E+002, 5.3082640E+002, 0.0000000E+000, 2.3333821E-002, 0.0000000E+000
 8.8058098E+001, 1.0007780E+003, 0.0000000E+000,-2.9730674E+002,-9.7775870E+000,-1.7360723E+002,-7.1190841E-002, 0.0000000E+000, 0.0000000E+000, 5.2182787E+002, 5.2001525E+002, 0.0000000E+000, 2.3333822E-002, 0.0000000E+000
 8.9006081E+001, 1.0134335E+003, 0.0000000E+000,-3.0864156E+002,-8.7455306E+000,-1.7478464E+002,-7.1397768E-002, 0.0000000E+000, 0.0000000E+000, 5.1983324E+002, 5.2119041E+002, 0.0000000E+000, 2.3333822E-002, 0.0000000E+000
 9.0074020E+001, 1.0049789E+003, 0.0000000E+000,-2.9666271E+002,-7.9622853E+000,-1.7702414E+002,-7.0993971E-002, 0.0000000E+000, 0.0000000E+000, 5.2345123E+002, 5.2325879E+002, 0.0000000E+000, 2.3333822E-002, 0.0000000E+000
 9.1052956E+001, 1.0039705E+003, 0.0000000E+000,-2.8785111E+002,-8.1810345E+000,-1.7894799E+002,-7.0961442E-002, 0.0000000E+000, 0.0000000E+000, 5.2954139E+002, 5.2891943E+002, 0.0000000E+000, 2.3333822E-002, 0.0000000E+000
 9.2031898E+001, 9.9763016E+002, 0.0000000E+000,-2.9016692E+002,-9.3234741E+000,-1.8083737E+002,-7.1021807E-002, 0.0000000E+000, 0.0000000E+000, 5.1694000E+002, 5.1723137E+002, 0.0000000E+000, 2.3333822E-002, 0.0000000E+000
 9.3010834E+001, 9.8478748E+002, 0.0000000E+000,-2.9736471E+002,-1.0050818E+001,-1.8319088E+002,-7.0456406E-002, 0.0000000E+000, 0.0000000E+000, 4.9399205E+002, 4.9411061E+002, 0.0000000E+000, 2.3333822E-002, 0.0000000E+000
 9.4078773E+001, 9.9171806E+002, 0.0000000E+000,-2.8279743E+002,-9.9783382E+000,-1.8439326E+002,-7.0746614E-002, 0.0000000E+000, 0.0000000E+000, 5.1361713E+002, 5.1447828E+002, 0.0000000E+000, 2.3333822E-002, 0.0000000E+000
 9.5057709E+001, 1.0043804E+003, 0.0000000E+000,-2.9150014E+002,-1.0342133E+001,-1.8562887E+002,-7.1374293E-002, 0.0000000E+000, 0.0000000E+000, 5.1880625E+002, 5.1683792E+002, 0.0000000E+000, 2.3333822E-002, 0.0000000E+000
 9.6036652E+001, 1.0044770E+003, 0.0000000E+000,-2.9776612E+002,-1.0481983E+001,-1.8622734E+002,-7.1496551E-002, 0.0000000E+000, 0.0000000E+000, 5.0808096E+002, 5.0993010E+002, 0.0000000E+000, 2.3333822E-002, 0.0000000E+000
 9.7015594E+001, 9.9608334E+002, 0.0000000E+000,-2.9199618E+002,-1.1088381E+001,-1.8721539E+002,-7.1403069E-002, 0.0000000E+000, 0.0000000E+000, 5.0490058E+002, 5.0571198E+002, 0.0000000E+000, 2.3333823E-002, 0.0000000E+000
 9.8030251E+001, 1.0006381E+003, 0.0000000E+000,-2.9937712E+002,-1.1479953E+001,-1.8979064E+002,-7.1278454E-002, 0.0000000E+000, 0.0000000E+000, 5.0258406E+002, 4.9991913E+002, 0.0000000E+000, 2.3333823E-002, 0.0000000E+000
 9.9095284E+001, 9.8188419E+002, 0.0000000E+000,-3.0072196E+002,-1.1786678E+001,-1.9110404E+002,-7.0718307E-002, 0.0000000E+000, 0.0000000E+000, 4.8039052E+002, 4.7820079E+002, 0.0000000E+000, 2.3333823E-002, 0.0000000E+000
 1.0005307E+002, 9.9546365E+002, 0.0000000E+000,-3.1268660E+002,-1.1185585E+001,-1.9310957E+002,-7.1451883E-002, 0.0000000E+000, 0.0000000E+000, 4.7628390E+002, 4.7841045E+002, 0.0000000E+000, 2.3333823E-002, 0.0000000E+000
 1.0101530E+002, 1.0014103E+003, 0.0000000E+000,-3.0479240E+002,-1.1606997E+001,-1.9476270E+002,-7.1131911E-002, 0.0000000E+000, 0.0000000E+000, 4.8875717E+002, 4.9017706E+002, 0.0000000E+000, 2.3333823E-002, 0.0000000E+000
 1.0201007E+002, 9.9805057E+002, 0.0000000E+000,-3.1005430E+002,-1.3148380E+001,-1.9741987E+002,-7.1026906E-002, 0.0000000E+000, 0.0000000E+000, 4.7986368E+002, 4.7735699E+002, 0.0000000E+000, 2.3333823E-002, 0.0000000E+000
 1.0306384E+002, 1.0003463E+003, 0.0000000E+000,-3.0051939E+002,-1.4410158E+001,-1.9945224E+002,-7.1053149E-002, 0.0000000E+000, 0.0000000E+000, 4.8421418E+002, 4.8589350E+002, 0.0000000E+000, 2.3333823E-002, 0.0000000E+000
 1.0400411E+002, 9.9644211E+002, 0.0000000E+000,-3.0341339E+002,-1.5693478E+001,-1.9948337E+002,-7.0141499E-002, 0.0000000E+000, 0.0000000E+000, 4.7882866E+002, 4.7778174E+002, 0.0000000E+000, 2.3333823E-002, 0.0000000E+000
 1.0507409E+002, 9.8195522E+002, 0.0000000E+000,-2.9557802E+002,-1.8445806E+001,-2.0082306E+002,-7.0719490E-002, 0.0000000E+000, 0.0000000E+000, 4.6819452E+002, 4.6703762E+002, 0.0000000E+000, 2.3333823E-002, 0.0000000E+000
 1.0605489E+002, 9.9844889E+002, 0.0000000E+000,-3.1221089E+002,-2.0866279E+001,-2.0241074E+002,-7.1084256E-002, 0.0000000E+000, 0.0000000E+000, 4.6377804E+002, 4.6288990E+002, 0.0000000E+000, 2.3333823E-002, 0.0000000E+000
 1.0703571E+002, 1.0040090E+003, 0.0000000E+000,-3.1627901E+002,-1.9804766E+001,-2.0372742E+002,-7.0940320E-002, 0.0000000E+000, 0.0000000E+000, 4.6407832E+002, 4.6412685E+002, 0.0000000E+000, 2.3333823E-002, 0.0000000E+000
 1.0801651E+002, 9.9887840E+002, 0.0000000E+000,-3.0971655E+002,-1.8925142E+001,-2.0611036E+002,-7.0688483E-002, 0.0000000E+000, 0.0000000E+000, 4.6359843E+002, 4.6405565E+002, 0.0000000E+000, 2.3333823E-002, 0.0000000E+000
 1.0908649E+002, 9.8856015E+002, 0.0000000E+000,-3.0272264E+002,-1.8797560E+001,-2.0784865E+002,-7.0478953E-002, 0.0000000E+000, 0.0000000E+000, 4.5799436E+002, 4.5912082E+002, 0.0000000E+000, 2.3333823E-002, 0.0000000E+000
 1.1001379E+002, 1.0040189E+003, 0.0000000E+000,-3.1034170E+002,-1.8931679E+001,-2.0942028E+002,-7.0314193E-002, 0.0000000E+000, 0.0000000E+000, 4.6804740E+002, 4.6525490E+002, 0.0000000E+000, 2.3333823E-002, 0.0000000E+000
 1.1103522E+002, 1.0003093E+003, 0.0000000E+000,-3.3995453E+002,-1.9809118E+001,-2.1003741E+002,-7.0963571E-002, 0.0000000E+000, 0.0000000E+000, 4.3133081E+002, 4.3043725E+002, 0.0000000E+000, 2.3333823E-002, 0.0000000E+000
 1.1209557E+002, 9.8564872E+002, 0.0000000E+000,-3.0930686E+002,-2.0254641E+001,-2.1165636E+002,-7.1189030E-002, 0.0000000E+000, 0.0000000E+000, 4.4425616E+002, 4.4435967E+002, 0.0000000E+000, 2.3333823E-002, 0.0000000E+000
 1.1305952E+002, 9.9350532E+002, 0.0000000E+000,-3.1585860E+002,-2.0893150E+001,-2.1262055E+002,-7.1481719E-002, 0.0000000E+000, 0.0000000E+000, 4.4569785E+002, 4.4406154E+002, 0.0000000E+000, 2.3333823E-002, 0.0000000E+000
 1.1402233E+002, 1.0019550E+003, 0.0000000E+000,-3.0519639E+002,-1.9904092E+001,-2.1390930E+002,-7.1267004E-002, 0.0000000E+000, 0.0000000E+000, 4.5994634E+002, 4.6287399E+002, 0.0000000E+000, 2.3333823E-002, 0.0000000E+000
 1.1502097E+002, 1.0078982E+003, 0.0000000E+000,-3.2771344E+002,-1.9931045E+001,-2.1352478E+002,-7.0796548E-002, 0.0000000E+000, 0.0000000E+000, 4.4917296E+002, 4.4665815E+002, 0.0000000E+000, 2.3333823E-002, 0.0000000E+000
 1.1607279E+002, 1.0001973E+003, 0.0000000E+000,-3.4505715E+002,-1.9527055E+001,-2.1411845E+002,-7.0469883E-002, 0.0000000E+000, 0.0000000E+000, 4.2217821E+002, 4.2142414E+002, 0.0000000E+000, 2.3333823E-002, 0.0000000E+000
 1.1701186E+002, 1.0024684E+003, 0.0000000E+000,-3.1607284E+002,-2.0646353E+001,-2.1534888E+002,-7.0648279E-002, 0.0000000E+000, 0.0000000E+000, 4.4912728E+002, 4.5032969E+002, 0.0000000E+000, 2.3333823E-002, 0.0000000E+000
 1.1805266E+002, 1.0009855E+003, 0.0000000E+000,-3.2616608E+002,-2.1693927E+001,-2.1613887E+002,-7.0502684E-002, 0.0000000E+000, 0.0000000E+000, 4.3782388E+002, 4.3691611E+002, 0.0000000E+000, 2.3333823E-002, 0.0000000E+000
 1.1902271E+002, 1.0006147E+003, 0.0000000E+000,-3.2641773E+002,-2.1537689E+001,-2.1770132E+002,-7.1408644E-002, 0.0000000E+000, 0.0000000E+000, 4.3454771E+002, 4.3488658E+002, 0.0000000E+000, 2.3333823E-002, 0.0000000E+000
 1.2002522E+002, 9.8934280E+002, 0.0000000E+000,-3.1166231E+002,-2.2826738E+001,-2.1706238E+002,-7.1369486E-002, 0.0000000E+000, 0.0000000E+000, 4.3906639E+002, 4.3771999E+002, 0.0000000E+000, 2.3333823E-002, 0.0000000E+000
 1.2101881E+002, 9.9151644E+002, 0.0000000E+000,-3.3101990E+002,-2.3475442E+001,-2.1787216E+002,-7.1166469E-002, 0.0000000E+000, 0.0000000E+000, 4.1920341E+002, 4.1907776E+002, 0.0000000E+000, 2.3333823E-002, 0.0000000E+000
 1.2207629E+002, 9.8035807E+002, 0.0000000E+000,-3.0985532E+002,-2.3384583E+001,-2.2036266E+002,-7.1203831E-002, 0.0000000E+000, 0.0000000E+000, 4.2571872E+002, 4.2668431E+002, 0.0000000E+000, 2.3333823E-002, 0.0000000E+000
 1.2301665E+002, 1.0183354E+003, 0.0000000E+000,-3.3991544E+002,-2.4245604E+001,-2.2222746E+002,-7.0977605E-002, 0.0000000E+000, 0.0000000E+000, 4.3362899E+002, 4.3187595E+002, 0.0000000E+000, 2.3333823E-002, 0.0000000E+000
 1.2404436E+002, 1.0006723E+003, 0.0000000E+000,-3.4709395E+002,-2.6734793E+001,-2.2286583E+002,-7.1502303E-002, 0.0000000E+000, 0.0000000E+000, 4.0297096E+002, 4.0390627E+002, 0.0000000E+000, 2.3333823E-002, 0.0000000E+000
 1.2507206E+002, 9.9854237E+002, 0.0000000E+000,-3.2008008E+002,-2.8201943E+001,-2.2459232E+002,-7.1579768E-002, 0.0000000E+000, 0.0000000E+000, 4.2548651E+002, 4.2559645E+002, 0.0000000E+000, 2.3333823E-002, 0.0000000E+000
 1.2601411E+002, 1.0094939E+003, 0.0000000E+000,-3.3732690E+002,-2.7777240E+001,-2.2581585E+002,-7.0746688E-002, 0.0000000E+000, 0.0000000E+000, 4.1776132E+002, 4.1850313E+002, 0.0000000E+000, 2.3333823E-002, 0.0000000E+000
 1.2704373E+002, 1.0057949E+003, 0.0000000E+000,-3.2400843E+002,-2.6938757E+001,-2.2645384E+002,-7.1064330E-002, 0.0000000E+000, 0.0000000E+000, 4.2898263E+002, 4.2832280E+002, 0.0000000E+000, 2.3333823E-002, 0.0000000E+000
 1.2807709E+002, 9.9800679E+002, 0.0000000E+000,-3.3646388E+002,-2.7130822E+001,-2.2805788E+002,-7.1070250E-002, 0.0000000E+000, 0.0000000E+000, 4.0672557E+002, 4.0628314E+002, 0.0000000E+000, 2.3333823E-002, 0.0000000E+000
 1.2907738E+002, 9.9273129E+002, 0.0000000E+000,-3.2916292E+002,-2.6566565E+001,-2.3075775E+002,-7.1271365E-002, 0.0000000E+000, 0.0000000E+000, 4.0745480E+002, 4.0617278E+002, 0.0000000E+000, 2.3333823E-002, 0.0000000E+000
 1.3008676E+002, 9.9638924E+002, 0.0000000E+000,-3.4125117E+002,-2.8721010E+001,-2.3201968E+002,-7.1310498E-002, 0.0000000E+000, 0.0000000E+000, 3.9565306E+002, 3.9432608E+002, 0.0000000E+000, 2.3333823E-002, 0.0000000E+000
 1.3101695E+002, 9.9842647E+002, 0.0000000E+000,-3.3835922E+002,-3.3376292E+001,-2.3288550E+002,-7.1488195E-002, 0.0000000E+000, 0.0000000E+000, 3.9145877E+002, 3.9373397E+002, 0.0000000E+000, 2.3333823E-002, 0.0000000E+000
 1.3200710E+002, 9.9450365E+002, 0.0000000E+000,-3.3143701E+002,-3.3646093E+001,-2.3489040E+002,-7.1495964E-002, 0.0000000E+000, 0.0000000E+000, 3.9450337E+002, 3.9445865E+002, 0.0000000E+000, 2.3333823E-002, 0.0000000E+000
 1.3308725E+002, 1.0015522E+003, 0.0000000E+000,-3.3857252E+002,-3.1253465E+001,-2.3665619E+002,-7.1568082E-002, 0.0000000E+000, 0.0000000E+000, 3.9676007E+002, 3.9499842E+002, 0.0000000E+000, 2.3333823E-002, 0.0000000E+000
 1.3409540E+002, 9.9569884E+002, 0.0000000E+000,-3.5124849E+002,-3.0325064E+001,-2.3815296E+002,-7.1636375E-002, 0.0000000E+000, 0.0000000E+000, 3.7711482E+002, 3.7590069E+002, 0.0000000E+000, 2.3333823E-002, 0.0000000E+000
 1.3504568E+002, 9.9624355E+002, 0.0000000E+000,-3.6201624E+002,-3.1628466E+001,-2.3935069E+002,-7.1831900E-002, 0.0000000E+000, 0.0000000E+000, 3.6325966E+002, 3.6317632E+002, 0.0000000E+000, 2.3333823E-002, 0.0000000E+000
 1.3602519E+002, 9.9834831E+002, 0.0000000E+000,-3.5533530E+002,-3.2763485E+001,-2.4037022E+002,-7.1611940E-002, 0.0000000E+000, 0.0000000E+000, 3.6874216E+002, 3.6980769E+002, 0.0000000E+000, 2.3333823E-002, 0.0000000E+000
 1.3700470E+002, 1.0048113E+003, 0.0000000E+000,-3.3764382E+002,-3.1771287E+001,-2.4163382E+002,-7.1278495E-002, 0.0000000E+000, 0.0000000E+000, 3.9164270E+002, 3.9369111E+002, 0.0000000E+000, 2.3333823E-002, 0.0000000E+000
 1.3807324E+002, 1.0003025E+003, 0.0000000E+000,-3.4165574E+002,-3.0756406E+001,-2.4245504E+002,-7.1086034E-002, 0.0000000E+000, 0.0000000E+000, 3.8710751E+002, 3.8536426E+002, 0.0000000E+000, 2.3333823E-002, 0.0000000E+000
 1.3905276E+002, 1.0134816E+003, 0.0000000E+000,-3.6745465E+002,-3.0640700E+001,-2.4454605E+002,-7.1214472E-002, 0.0000000E+000, 0.0000000E+000, 3.7156594E+002, 3.7076903E+002, 0.0000000E+000, 2.3333823E-002, 0.0000000E+000
 1.4003227E+002, 1.0037220E+003, 0.0000000E+000,-3.4555736E+002,-3.2258117E+001,-2.4584400E+002,-7.1596438E-002, 0.0000000E+000, 0.0000000E+000, 3.7942162E+002, 3.7999094E+002, 0.0000000E+000, 2.3333823E-002, 0.0000000E+000
 1.4101178E+002, 9.8545106E+002, 0.0000000E+000,-3.4624335E+002,-3.3010404E+001,-2.4615268E+002,-7.1165666E-002, 0.0000000E+000, 0.0000000E+000, 3.5999027E+002, 3.5997346E+002, 0.0000000E+000, 2.3333823E-002, 0.0000000E+000
 1.4202174E+002, 9.9520299E+002, 0.0000000E+000,-3.3142345E+002,-3.1966974E+001,-2.4677794E+002,-7.1830177E-002, 0.0000000E+000, 0.0000000E+000, 3.8499320E+002, 3.8496280E+002, 0.0000000E+000, 2.3333823E-002, 0.0000000E+000
 1.4301135E+002, 1.0041767E+003, 0.0000000E+000,-3.4981505E+002,-3.2314344E+001,-2.4621736E+002,-7.1782149E-002, 0.0000000E+000, 0.0000000E+000, 3.7640602E+002, 3.7575812E+002, 0.0000000E+000, 2.3333823E-002, 0.0000000E+000
 1.4409148E+002, 1.0008676E+003, 0.0000000E+000,-3.5527862E+002,-3.2172725E+001,-2.4701533E+002,-7.1924218E-002, 0.0000000E+000, 0.0000000E+000, 3.6800155E+002, 3.6632898E+002, 0.0000000E+000, 2.3333823E-002, 0.0000000E+000
 1.4509375E+002, 9.8716770E+002, 0.0000000E+000,-3.5331548E+002,-3.1542469E+001,-2.4783199E+002,-7.2006392E-002, 0.0000000E+000, 0.0000000E+000, 3.5268533E+002, 3.5440574E+002, 0.0000000E+000, 2.3333823E-002, 0.0000000E+000
 1.4608350E+002, 9.9975086E+002, 0.0000000E+000,-3.6435986E+002,-3.3607807E+001,-2.4823632E+002,-7.1186715E-002, 0.0000000E+000, 0.0000000E+000, 3.5471649E+002, 3.5347569E+002, 0.0000000E+000, 2.3333823E-002, 0.0000000E+000
 1.4706198E+002, 9.9487815E+002, 0.0000000E+000,-3.5011799E+002,-3.6501517E+001,-2.4979883E+002,-7.1587256E-002, 0.0000000E+000, 0.0000000E+000, 3.5681787E+002, 3.5838822E+002, 0.0000000E+000, 2.3333823E-002, 0.0000000E+000
 1.4804045E+002, 9.9517917E+002, 0.0000000E+000,-3.5595733E+002,-3.5842742E+001,-2.5094720E+002,-7.1862544E-002, 0.0000000E+000, 0.0000000E+000, 3.5358725E+002, 3.5236004E+002, 0.0000000E+000, 2.3333823E-002, 0.0000000E+000
 1.4901668E+002, 1.0008166E+003, 0.0000000E+000,-3.6674994E+002,-3.4775810E+001,-2.5189049E+002,-7.1468864E-002, 0.0000000E+000, 0.0000000E+000, 3.4720068E+002, 3.4732888E+002, 0.0000000E+000, 2.3333823E-002, 0.0000000E+000
 1.5003958E+002, 9.9992376E+002, 0.0000000E+000,-3.5119150E+002,-3.6007256E+001,-2.5397441E+002,-7.1171467E-002, 0.0000000E+000, 0.0000000E+000, 3.5903508E+002, 3.5867943E+002, 0.0000000E+000, 2.3333823E-002, 0.0000000E+000
 1.5103671E+002, 9.9555556E+002, 0.0000000E+000,-3.7014329E+002,-3.9998675E+001,-2.5404060E+002,-7.1437040E-002, 0.0000000E+000, 0.0000000E+000, 3.3328545E+002, 3.3130157E+002, 0.0000000E+000, 2.3333823E-002, 0.0000000E+000
 1.5207365E+002, 1.0023727E+003, 0.0000000E+000,-3.7055401E+002,-4.0348506E+001,-2.5492745E+002,-7.1050979E-002, 0.0000000E+000, 0.0000000E+000, 3.3390806E+002, 3.3647170E+002, 0.0000000E+000, 2.3333823E-002, 0.0000000E+000
 1.5306903E+002, 9.9952106E+002, 0.0000000E+000,-3.5192945E+002,-3.9056245E+001,-2.5704338E+002,-7.1183558E-002, 0.0000000E+000, 0.0000000E+000, 3.5243713E+002, 3.5142080E+002, 0.0000000E+000, 2.3333823E-002, 0.0000000E+000
 1.5407806E+002, 1.0058771E+003, 0.0000000E+000,-3.7222126E+002,-3.9802957E+001,-2.5826807E+002,-7.1222180E-002, 0.0000000E+000, 0.0000000E+000, 3.3653608E+002, 3.3551362E+002, 0.0000000E+000, 2.3333823E-002, 0.0000000E+000
 1.5503725E+002, 9.9633893E+002, 0.0000000E+000,-3.6660988E+002,-4.3528898E+001,-2.5894748E+002,-7.1057539E-002, 0.0000000E+000, 0.0000000E+000, 3.2817162E+002, 3.2718162E+002, 0.0000000E+000, 2.3333823E-002, 0.0000000E+000
 1.5605669E+002, 1.0120904E+003, 0.0000000E+000,-3.7510416E+002,-4.3674738E+001,-2.6062304E+002,-7.1703373E-002, 0.0000000E+000, 0.0000000E+000, 3.2960668E+002, 3.3261677E+002, 0.0000000E+000, 2.3333823E-002, 0.0000000E+000
 1.5706244E+002, 9.9692675E+002, 0.0000000E+000,-3.4967253E+002,-4.3735174E+001,-2.6290411E+002,-7.1374059E-002, 0.0000000E+000, 0.0000000E+000, 3.4247002E+002, 3.4054356E+002, 0.0000000E+000, 2.3333823E-002, 0.0000000E+000
 1.5808119E+002, 1.0042767E+003, 0.0000000E+000,-3.7708536E+002,-4.4037222E+001,-2.6470369E+002,-7.1767489E-002, 0.0000000E+000, 0.0000000E+000, 3.1962325E+002, 3.1837870E+002, 0.0000000E+000, 2.3333823E-002, 0.0000000E+000
 1.5903392E+002, 9.9816062E+002, 0.0000000E+000,-3.8272968E+002,-4.2625430E+001,-2.6610265E+002,-7.1607648E-002, 0.0000000E+000, 0.0000000E+000, 3.0691466E+002, 3.0663125E+002, 0.0000000E+000, 2.3333823E-002, 0.0000000E+000
 1.6005495E+002, 9.9277655E+002, 0.0000000E+000,-3.6434311E+002,-4.1784286E+001,-2.6874954E+002,-7.1620933E-002, 0.0000000E+000, 0.0000000E+000, 3.1837342E+002, 3.1782800E+002, 0.0000000E+000, 2.3333823E-002, 0.0000000E+000
 1.6108447E+002, 1.0002239E+003, 0.0000000E+000,-3.7773233E+002,-4.3932187E+001,-2.7133150E+002,-7.1379449E-002, 0.0000000E+000, 0.0000000E+000, 3.0669893E+002, 3.0715652E+002, 0.0000000E+000, 2.3333823E-002, 0.0000000E+000
 1.6206093E+002, 1.0077522E+003, 0.0000000E+000,-3.6309989E+002,-4.7873888E+001,-2.7202346E+002,-7.1136366E-002, 0.0000000E+000, 0.0000000E+000, 3.2326719E+002, 3.2468382E+002, 0.0000000E+000, 2.3333823E-002, 0.0000000E+000
 1.6301947E+002, 9.9898840E+002, 0.0000000E+000,-3.8904202E+002,-4.8709159E+001,-2.7372884E+002,-7.1214514E-002, 0.0000000E+000, 0.0000000E+000, 2.8761157E+002, 2.8743717E+002, 0.0000000E+000, 2.3333823E-002, 0.0000000E+000
 1.6407559E+002, 9.8923178E+002, 0.0000000E+000,-3.6980985E+002,-4.6542140E+001,-2.7437046E+002,-7.1340820E-002, 0.0000000E+000, 0.0000000E+000, 2.9830339E+002, 2.9843799E+002, 0.0000000E+000, 2.3333823E-002, 0.0000000E+000
 1.6507857E+002, 1.0117205E+003, 0.0000000E+000,-3.7362551E+002,-4.7799046E+001,-2.7523198E+002,-7.0625217E-002, 0.0000000E+000, 0.0000000E+000, 3.1822165E+002, 3.1499337E+002, 0.0000000E+000, 2.3333823E-002, 0.0000000E+000
 1.6607899E+002, 9.8538885E+002, 0.0000000E+000,-3.8337992E+002,-5.0228102E+001,-2.7629141E+002,-7.1470818E-002, 0.0000000E+000, 0.0000000E+000, 2.7622879E+002, 2.7541795E+002, 0.0000000E+000, 2.3333823E-002, 0.0000000E+000
 1.6705292E+002, 1.0035912E+003, 0.0000000E+000,-3.7047579E+002,-4.8876287E+001,-2.7603499E+002,-7.0925487E-002, 0.0000000E+000, 0.0000000E+000, 3.0678332E+002, 3.0813318E+002, 0.0000000E+000, 2.3333823E-002, 0.0000000E+000
 1.6802686E+002, 1.0055153E+003, 0.0000000E+000,-3.9301792E+002,-4.7166668E+001,-2.7761814E+002,-7.1386848E-002, 0.0000000E+000, 0.0000000E+000, 2.8984127E+002, 2.8764116E+002, 0.0000000E+000, 2.3333823E-002, 0.0000000E+000
 1.6904686E+002, 9.9932798E+002, 0.0000000E+000,-3.7821432E+002,-4.5236192E+001,-2.7840440E+002,-7.1359560E-002, 0.0000000E+000, 0.0000000E+000, 2.9408160E+002, 2.9740170E+002, 0.0000000E+000, 2.3333823E-002, 0.0000000E+000
 1.7002090E+002, 9.8704453E+002, 0.0000000E+000,-3.8098515E+002,-4.5290035E+001,-2.7872679E+002,-7.1235069E-002, 0.0000000E+000, 0.0000000E+000, 2.8172983E+002, 2.8197132E+002, 0.0000000E+000, 2.3333823E-002, 0.0000000E+000
 1.7108377E+002, 9.9324654E+002, 0.0000000E+000,-3.7539591E+002,-4.4385236E+001,-2.8034349E+002,-7.1577996E-002, 0.0000000E+000, 0.0000000E+000, 2.9459568E+002, 2.9305033E+002, 0.0000000E+000, 2.3333823E-002, 0.0000000E+000
 1.7203860E+002, 1.0034816E+003, 0.0000000E+000,-3.8712138E+002,-4.5439306E+001,-2.8179557E+002,-7.1643406E-002, 0.0000000E+000, 0.0000000E+000, 2.8907645E+002, 2.8905370E+002, 0.0000000E+000, 2.3333823E-002, 0.0000000E+000
 1.7302136E+002, 1.0073710E+003, 0.0000000E+000,-3.8619976E+002,-4.6198858E+001,-2.8286983E+002,-7.1444204E-002, 0.0000000E+000, 0.0000000E+000, 2.9115415E+002, 2.9203112E+002, 0.0000000E+000, 2.3333823E-002, 0.0000000E+000
 1.7406197E+002, 1.0067540E+003, 0.0000000E+000,-3.8504798E+002,-4.7639197E+001,-2.8432541E+002,-7.1359672E-002, 0.0000000E+000, 0.0000000E+000, 2.9261681E+002, 2.8967009E+002, 0.0000000E+000, 2.3333823E-002, 0.0000000E+000
 1.7510014E+002, 9.9168047E+002, 0.0000000E+000,-3.8482351E+002,-4.7916760E+001,-2.8537784E+002,-7.1992718E-002, 0.0000000E+000, 0.0000000E+000, 2.7230282E+002, 2.7349037E+002, 0.0000000E+000, 2.3333823E-002, 0.0000000E+000
 1.7606593E+002, 1.0115505E+003, 0.0000000E+000,-3.9085162E+002,-4.9983350E+001,-2.8628527E+002,-7.1712422E-002, 0.0000000E+000, 0.0000000E+000, 2.8231247E+002, 2.8435857E+002, 0.0000000E+000, 2.3333823E-002, 0.0000000E+000
 1.7700400E+002, 9.9924969E+002, 0.0000000E+000,-3.9383127E+002,-5.1221082E+001,-2.8726993E+002,-7.1760810E-002, 0.0000000E+000, 0.0000000E+000, 2.7177647E+002, 2.6685566E+002, 0.0000000E+000, 2.3333823E-002, 0.0000000E+000
 1.7805615E+002, 1.0039528E+003, 0.0000000E+000,-3.9226037E+002,-4.9045237E+001,-2.8820098E+002,-7.1866478E-002, 0.0000000E+000, 0.0000000E+000, 2.7248562E+002, 2.7437438E+002, 0.0000000E+000, 2.3333823E-002, 0.0000000E+000
 1.7903511E+002, 9.9551062E+002, 0.0000000E+000,-3.9446347E+002,-4.8354543E+001,-2.8919001E+002,-7.1619471E-002, 0.0000000E+000, 0.0000000E+000, 2.6305666E+002, 2.6343098E+002, 0.0000000E+000, 2.3333823E-002, 0.0000000E+000
 1.8001869E+002, 9.9945434E+002, 0.0000000E+000,-3.9354560E+002,-4.6884032E+001,-2.9051255E+002,-7.1067230E-002, 0.0000000E+000, 0.0000000E+000, 2.6968837E+002, 2.6844110E+002, 0.0000000E+000, 2.3333823E-002, 0.0000000E+000
 1.8107751E+002, 9.9225355E+002, 0.0000000E+000,-3.7098533E+002,-5.1068260E+001,-2.9050842E+002,-7.1481375E-002, 0.0000000E+000, 0.0000000E+000, 2.7680867E+002, 2.7962006E+002, 0.0000000E+000, 2.3333823E-002, 0.0000000E+000
 1.8207588E+002, 9.9738332E+002, 0.0000000E+000,-3.9373405E+002,-5.3633985E+001,-2.9136833E+002,-7.1490613E-002, 0.0000000E+000, 0.0000000E+000, 2.6030774E+002, 2.5857546E+002, 0.0000000E+000, 2.3333823E-002, 0.0000000E+000
 1.8305513E+002, 9.7433799E+002, 0.0000000E+000,-4.0826397E+002,-5.1812065E+001,-2.9244845E+002,-7.0086583E-002, 0.0000000E+000, 0.0000000E+000, 2.3130769E+002, 2.2174342E+002, 0.0000000E+000, 2.3333823E-002, 0.0000000E+000
 1.8405029E+002, 9.6615033E+002, 0.0000000E+000,-3.7824135E+002,-5.1827457E+001,-2.9327613E+002,-7.1253902E-002, 0.0000000E+000, 0.0000000E+000, 2.3186785E+002, 2.4273414E+002, 0.0000000E+000, 2.3333823E-002, 0.0000000E+000
 1.8503514E+002, 9.9909063E+002, 0.0000000E+000,-3.9672302E+002,-5.3776870E+001,-2.9490252E+002,-7.1122392E-002, 0.0000000E+000, 0.0000000E+000, 2.5679459E+002, 2.5361709E+002, 0.0000000E+000, 2.3333823E-002, 0.0000000E+000
 1.8601628E+002, 9.9078571E+002, 0.0000000E+000,-3.9466775E+002,-5.3347070E+001,-2.9604342E+002,-7.1521142E-002, 0.0000000E+000, 0.0000000E+000, 2.4567264E+002, 2.4665595E+002, 0.0000000E+000, 2.3333823E-002, 0.0000000E+000
 1.8706410E+002, 9.9130690E+002, 0.0000000E+000,-4.0315610E+002,-5.4820400E+001,-2.9733547E+002,-7.1734738E-002, 0.0000000E+000, 0.0000000E+000, 2.3713620E+002, 2.3592319E+002, 0.0000000E+000, 2.3333823E-002, 0.0000000E+000
 1.8800716E+002, 9.9872629E+002, 0.0000000E+000,-4.0061779E+002,-5.3341061E+001,-2.9909679E+002,-7.1283668E-002, 0.0000000E+000, 0.0000000E+000, 2.4435513E+002, 2.4559936E+002, 0.0000000E+000, 2.3333823E-002, 0.0000000E+000
 1.8905498E+002, 1.0025893E+003, 0.0000000E+000,-4.1643514E+002,-5.3251159E+001,-2.9956276E+002,-7.1471114E-002, 0.0000000E+000, 0.0000000E+000, 2.3474502E+002, 2.3326874E+002, 0.0000000E+000, 2.3333823E-002, 0.0000000E+000
 1.9002571E+002, 1.0175338E+003, 0.0000000E+000,-4.1547451E+002,-5.4473532E+001,-3.0017743E+002,-7.1686601E-002, 0.0000000E+000, 0.0000000E+000, 2.4595459E+002, 2.4733666E+002, 0.0000000E+000, 2.3333823E-002, 0.0000000E+000
 1.9108586E+002, 1.0060099E+003, 0.0000000E+000,-4.0374515E+002,-5.5427137E+001,-3.0104733E+002,-7.1486671E-002, 0.0000000E+000, 0.0000000E+000, 2.4806245E+002, 2.4571876E+002, 0.0000000E+000, 2.3333823E-002, 0.0000000E+000
 1.9200388E+002, 1.0128519E+003, 0.0000000E+000,-4.0460344E+002,-5.5773981E+001,-3.0162937E+002,-7.1093790E-002, 0.0000000E+000, 0.0000000E+000, 2.5316906E+002, 2.5077397E+002, 0.0000000E+000, 2.3333823E-002, 0.0000000E+000
 1.9302982E+002, 9.9010791E+002, 0.0000000E+000,-4.0818296E+002,-5.3050126E+001,-3.0165800E+002,-7.1331888E-002, 0.0000000E+000, 0.0000000E+000, 2.2518957E+002, 2.2714549E+002, 0.0000000E+000, 2.3333823E-002, 0.0000000E+000
 1.9401888E+002, 9.9790178E+002, 0.0000000E+000,-4.0209639E+002,-5.0326896E+001,-3.0310807E+002,-7.1813192E-002, 0.0000000E+000, 0.0000000E+000, 2.4145965E+002, 2.4229861E+002, 0.0000000E+000, 2.3333823E-002, 0.0000000E+000
 1.9506351E+002, 9.9467895E+002, 0.0000000E+000,-3.9910443E+002,-5.2396709E+001,-3.0418541E+002,-7.1731675E-002, 0.0000000E+000, 0.0000000E+000, 2.3857648E+002, 2.3892067E+002, 0.0000000E+000, 2.3333823E-002, 0.0000000E+000
 1.9600293E+002, 1.0083171E+003, 0.0000000E+000,-4.1975822E+002,-5.6147254E+001,-3.0491912E+002,-7.1721104E-002, 0.0000000E+000, 0.0000000E+000, 2.2983052E+002, 2.2742083E+002, 0.0000000E+000, 2.3333823E-002, 0.0000000E+000
 1.9702954E+002, 9.9851026E+002, 0.0000000E+000,-4.1111029E+002,-5.6382451E+001,-3.0556333E+002,-7.0860282E-002, 0.0000000E+000, 0.0000000E+000, 2.2463411E+002, 2.2538333E+002, 0.0000000E+000, 2.3333823E-002, 0.0000000E+000
 1.9803406E+002, 9.9587766E+002, 0.0000000E+000,-4.0750110E+002,-5.3570069E+001,-3.0635062E+002,-7.0566197E-002, 0.0000000E+000, 0.0000000E+000, 2.2895287E+002, 2.2838531E+002, 0.0000000E+000, 2.3333823E-002, 0.0000000E+000
 1.9900233E+002, 1.0028632E+003, 0.0000000E+000,-4.0854444E+002,-5.1559402E+001,-3.0702316E+002,-7.1330398E-002, 0.0000000E+000, 0.0000000E+000, 2.3337865E+002, 2.3566484E+002, 0.0000000E+000, 2.3333823E-002, 0.0000000E+000
 2.0000702E+002, 1.0036080E+003, 0.0000000E+000,-3.9677136E+002,-5.2948670E+001,-3.0745167E+002,-7.1514265E-002, 0.0000000E+000, 0.0000000E+000, 2.4699629E+002, 2.4636479E+002, 0.0000000E+000, 2.3333823E-002, 0.0000000E+000
 2.0102008E+002, 1.0079909E+003, 0.0000000E+000,-4.2292629E+002,-5.5612489E+001,-3.0869787E+002,-7.1333468E-002, 0.0000000E+000, 0.0000000E+000, 2.2506555E+002, 2.2068289E+002, 0.0000000E+000, 2.3333823E-002, 0.0000000E+000
 2.0203314E+002, 9.9232376E+002, 0.0000000E+000,-4.2295748E+002,-5.6335148E+001,-3.1007248E+002,-7.1262450E-002, 0.0000000E+000, 0.0000000E+000, 2.0291919E+002, 2.0288738E+002, 0.0000000E+000, 2.3333823E-002, 0.0000000E+000
 2.0304762E+002, 9.9044076E+002, 0.0000000E+000,-4.1183394E+002,-5.5864189E+001,-3.1141503E+002,-7.1719130E-002, 0.0000000E+000, 0.0000000E+000, 2.0756363E+002, 2.1125589E+002, 0.0000000E+000, 2.3333823E-002, 0.0000000E+000
 2.0404604E+002, 1.0045904E+003, 0.0000000E+000,-4.0743664E+002,-5.7166368E+001,-3.1240769E+002,-7.1098089E-002, 0.0000000E+000, 0.0000000E+000, 2.2860507E+002, 2.2750863E+002, 0.0000000E+000, 2.3333823E-002, 0.0000000E+000
 2.0500005E+002, 9.9788559E+002, 0.0000000E+000,-4.3002273E+002,-5.8467141E+001,-3.1274794E+002,-7.1308287E-002, 0.0000000E+000, 0.0000000E+000, 2.0030824E+002, 1.9657647E+002, 0.0000000E+000, 2.3333823E-002, 0.0000000E+000
 2.0603671E+002, 1.0031525E+003, 0.0000000E+000,-4.2848835E+002,-5.7725184E+001,-3.1358078E+002,-7.1154046E-002, 0.0000000E+000, 0.0000000E+000, 2.0086539E+002, 2.0328702E+002, 0.0000000E+000, 2.3333823E-002, 0.0000000E+000
 2.0707338E+002, 9.9758452E+002, 0.0000000E+000,-4.1644911E+002,-5.9257397E+001,-3.1406225E+002,-7.1266644E-002, 0.0000000E+000, 0.0000000E+000, 2.0906330E+002, 2.0774450E+002, 0.0000000E+000, 2.3333823E-002, 0.0000000E+000
 2.0801581E+002, 9.8733405E+002, 0.0000000E+000,-4.1159278E+002,-6.0472836E+001,-3.1484505E+002,-7.0948629E-002, 0.0000000E+000, 0.0000000E+000, 1.9947298E+002, 2.0035244E+002, 0.0000000E+000, 2.3333823E-002, 0.0000000E+000
 2.0905247E+002, 1.0063062E+003, 0.0000000E+000,-4.2055784E+002,-5.9536193E+001,-3.1539159E+002,-7.1158820E-002, 0.0000000E+000, 0.0000000E+000, 2.1015138E+002, 2.1074945E+002, 0.0000000E+000, 2.3333823E-002, 0.0000000E+000
 2.1008916E+002, 9.9229917E+002, 0.0000000E+000,-4.1557377E+002,-5.9441065E+001,-3.1456738E+002,-7.1320173E-002, 0.0000000E+000, 0.0000000E+000, 2.0423745E+002, 2.0264563E+002, 0.0000000E+000, 2.3333823E-002, 0.0000000E+000
 2.1102216E+002, 9.9392695E+002, 0.0000000E+000,-4.2432437E+002,-6.3011605E+001,-3.1510405E+002,-7.1338143E-002, 0.0000000E+000, 0.0000000E+000, 1.9208251E+002, 1.9141559E+002, 0.0000000E+000, 2.3333823E-002, 0.0000000E+000
 2.1208351E+002, 1.0080605E+003, 0.0000000E+000,-4.1882417E+002,-6.4782071E+001,-3.1672365E+002,-7.1098493E-002, 0.0000000E+000, 0.0000000E+000, 2.0597044E+002, 2.0765950E+002, 0.0000000E+000, 2.3333823E-002, 0.0000000E+000
 2.1305643E+002, 1.0066146E+003, 0.0000000E+000,-4.2281420E+002,-6.4564453E+001,-3.1856686E+002,-7.1344751E-002, 0.0000000E+000, 0.0000000E+000, 2.0008176E+002, 2.0059771E+002, 0.0000000E+000, 2.3333823E-002, 0.0000000E+000
 2.1402933E+002, 1.0010240E+003, 0.0000000E+000,-4.2081239E+002,-6.2857455E+001,-3.1968053E+002,-7.1056789E-002, 0.0000000E+000, 0.0000000E+000, 1.9752742E+002, 1.9760257E+002, 0.0000000E+000, 2.3333823E-002, 0.0000000E+000
 2.1506415E+002, 1.0093770E+003, 0.0000000E+000,-4.2115831E+002,-6.3670390E+001,-3.2050009E+002,-7.1044860E-002, 0.0000000E+000, 0.0000000E+000, 2.0598872E+002, 2.0397721E+002, 0.0000000E+000, 2.3333823E-002, 0.0000000E+000
 2.1603706E+002, 9.9129425E+002, 0.0000000E+000,-4.3464667E+002,-6.5987674E+001,-3.2211562E+002,-7.1266011E-002, 0.0000000E+000, 0.0000000E+000, 1.6942069E+002, 1.6847302E+002, 0.0000000E+000, 2.3333823E-002, 0.0000000E+000
 2.1700996E+002, 9.8082404E+002, 0.0000000E+000,-4.3598530E+002,-6.4874405E+001,-3.2382682E+002,-7.0596597E-002, 0.0000000E+000, 0.0000000E+000, 1.5706296E+002, 1.5606692E+002, 0.0000000E+000, 2.3333823E-002, 0.0000000E+000
 2.1800629E+002, 1.0031088E+003, 0.0000000E+000,-4.4160339E+002,-6.1357252E+001,-3.2516919E+002,-7.0941795E-002, 0.0000000E+000, 0.0000000E+000, 1.7274182E+002, 1.7490801E+002, 0.0000000E+000, 2.3333823E-002, 0.0000000E+000
 2.1904939E+002, 1.0056653E+003, 0.0000000E+000,-4.3371510E+002,-6.1617985E+001,-3.2504131E+002,-7.0845083E-002, 0.0000000E+000, 0.0000000E+000, 1.8733250E+002, 1.8522006E+002, 0.0000000E+000, 2.3333823E-002, 0.0000000E+000
 2.2003569E+002, 1.0122637E+003, 0.0000000E+000,-4.4420702E+002,-6.0710711E+001,-3.2537225E+002,-7.0529920E-002, 0.0000000E+000, 0.0000000E+000, 1.7885148E+002, 1.8190322E+002, 0.0000000E+000, 2.3333823E-002, 0.0000000E+000
 2.2104401E+002, 9.9520186E+002, 0.0000000E+000,-4.1006905E+002,-5.9857855E+001,-3.2492175E+002,-7.1258032E-002, 0.0000000E+000, 0.0000000E+000, 2.0197949E+002, 2.0028194E+002, 0.0000000E+000, 2.3333823E-002, 0.0000000E+000
 2.2200525E+002, 9.9430949E+002, 0.0000000E+000,-4.1503674E+002,-6.1085564E+001,-3.2564670E+002,-7.1530103E-002, 0.0000000E+000, 0.0000000E+000, 1.9271911E+002, 1.9246895E+002, 0.0000000E+000, 2.3333823E-002, 0.0000000E+000
 2.2303772E+002, 1.0001705E+003, 0.0000000E+000,-4.3036851E+002,-6.2226218E+001,-3.2556911E+002,-7.1580814E-002, 0.0000000E+000, 0.0000000E+000, 1.7990769E+002, 1.8193506E+002, 0.0000000E+000, 2.3333823E-002, 0.0000000E+000
 2.2402371E+002, 1.0129077E+003, 0.0000000E+000,-4.3521875E+002,-5.9712789E+001,-3.2540102E+002,-7.1545386E-002, 0.0000000E+000, 0.0000000E+000, 1.9131223E+002, 1.9250358E+002, 0.0000000E+000, 2.3333823E-002, 0.0000000E+000
 2.2510081E+002, 1.0133796E+003, 0.0000000E+000,-4.4259767E+002,-5.6504778E+001,-3.2679873E+002,-7.1260664E-002, 0.0000000E+000, 0.0000000E+000, 1.8760974E+002, 1.8740711E+002, 0.0000000E+000, 2.3333823E-002, 0.0000000E+000
 2.2601149E+002, 1.0069835E+003, 0.0000000E+000,-4.3358874E+002,-5.4311886E+001,-3.2699163E+002,-7.1492769E-002, 0.0000000E+000, 0.0000000E+000, 1.9586350E+002, 1.9201980E+002, 0.0000000E+000, 2.3333823E-002, 0.0000000E+000
 2.2707680E+002, 9.9868120E+002, 0.0000000E+000,-4.4062812E+002,-5.6761258E+001,-3.2745051E+002,-7.1225064E-002, 0.0000000E+000, 0.0000000E+000, 1.7308038E+002, 1.7377009E+002, 0.0000000E+000, 2.3333823E-002, 0.0000000E+000
 2.2807555E+002, 9.9298433E+002, 0.0000000E+000,-4.3366864E+002,-6.1176077E+001,-3.2933308E+002,-7.1197243E-002, 0.0000000E+000, 0.0000000E+000, 1.6804664E+002, 1.6873533E+002, 0.0000000E+000, 2.3333823E-002, 0.0000000E+000
 2.2906560E+002, 1.0032646E+003, 0.0000000E+000,-4.3583870E+002,-6.1358084E+001,-3.3042816E+002,-7.1368540E-002, 0.0000000E+000, 0.0000000E+000, 1.7661472E+002, 1.7556824E+002, 0.0000000E+000, 2.3333823E-002, 0.0000000E+000
 2.3006024E+002, 9.9723853E+002, 0.0000000E+000,-4.3490002E+002,-5.9723058E+001,-3.2989354E+002,-7.1458808E-002, 0.0000000E+000, 0.0000000E+000, 1.7309474E+002, 1.7265045E+002, 0.0000000E+000, 2.3333823E-002, 0.0000000E+000
 2.3109090E+002, 9.9636631E+002, 0.0000000E+000,-4.4213705E+002,-6.1763876E+001,-3.3154759E+002,-7.1237183E-002, 0.0000000E+000, 0.0000000E+000, 1.6207674E+002, 1.6084656E+002, 0.0000000E+000, 2.3333823E-002, 0.0000000E+000
 2.3202504E+002, 9.9379792E+002, 0.0000000E+000,-4.4142615E+002,-6.2553828E+001,-3.3232320E+002,-7.1456722E-002, 0.0000000E+000, 0.0000000E+000, 1.5594602E+002, 1.5742329E+002, 0.0000000E+000, 2.3333823E-002, 0.0000000E+000
 2.3305260E+002, 1.0299006E+003, 0.0000000E+000,-4.4229456E+002,-6.0421932E+001,-3.3223040E+002,-7.1054653E-002, 0.0000000E+000, 0.0000000E+000, 1.8959243E+002, 1.9488269E+002, 0.0000000E+000, 2.3333823E-002, 0.0000000E+000
 2.3408015E+002, 1.0166265E+003, 0.0000000E+000,-4.4558883E+002,-6.2955755E+001,-3.3204790E+002,-7.1342549E-002, 0.0000000E+000, 0.0000000E+000, 1.7923746E+002, 1.7596264E+002, 0.0000000E+000, 2.3333823E-002, 0.0000000E+000
 2.3501430E+002, 1.0010706E+003, 0.0000000E+000,-4.3414359E+002,-6.5373514E+001,-3.3280531E+002,-7.0457981E-002, 0.0000000E+000, 0.0000000E+000, 1.7287010E+002, 1.6867777E+002, 0.0000000E+000, 2.3333823E-002, 0.0000000E+000
 2.3604185E+002, 1.0023057E+003, 0.0000000E+000,-4.3491829E+002,-6.5041116E+001,-3.3344801E+002,-7.1178023E-002, 0.0000000E+000, 0.0000000E+000, 1.6502456E+002, 1.6882713E+002, 0.0000000E+000, 2.3333823E-002, 0.0000000E+000
 2.3706943E+002, 9.9656061E+002, 0.0000000E+000,-4.4206789E+002,-6.4888862E+001,-3.3365306E+002,-7.1271791E-002, 0.0000000E+000, 0.0000000E+000, 1.6184296E+002, 1.5587953E+002, 0.0000000E+000, 2.3333823E-002, 0.0000000E+000
 2.3800591E+002, 9.9989096E+002, 0.0000000E+000,-4.3666764E+002,-6.3820783E+001,-3.3449006E+002,-7.1826805E-002, 0.0000000E+000, 0.0000000E+000, 1.6044856E+002, 1.6484065E+002, 0.0000000E+000, 2.3333823E-002, 0.0000000E+000
 2.3903555E+002, 9.9765112E+002, 0.0000000E+000,-4.3672323E+002,-6.0697550E+001,-3.3594755E+002,-7.1508506E-002, 0.0000000E+000, 0.0000000E+000, 1.6546064E+002, 1.6421127E+002, 0.0000000E+000, 2.3333823E-002, 0.0000000E+000
 2.4003661E+002, 9.9311385E+002, 0.0000000E+000,-4.4226270E+002,-5.7619784E+001,-3.3627781E+002,-7.1387279E-002, 0.0000000E+000, 0.0000000E+000, 1.5726873E+002, 1.5688217E+002, 0.0000000E+000, 2.3333823E-002, 0.0000000E+000
 2.4106311E+002, 9.9844699E+002, 0.0000000E+000,-4.4901525E+002,-6.0020943E+001,-3.3722196E+002,-7.1414315E-002, 0.0000000E+000, 0.0000000E+000, 1.5221573E+002, 1.5211743E+002, 0.0000000E+000, 2.3333823E-002, 0.0000000E+000
 2.4202429E+002, 9.9577737E+002, 0.0000000E+000,-4.3724292E+002,-6.3224585E+001,-3.3738673E+002,-7.1033791E-002, 0.0000000E+000, 0.0000000E+000, 1.5876103E+002, 1.5785210E+002, 0.0000000E+000, 2.3333823E-002, 0.0000000E+000
 2.4305080E+002, 1.0049912E+003, 0.0000000E+000,-4.6614870E+002,-6.6047409E+001,-3.3771039E+002,-7.1899280E-002, 0.0000000E+000, 0.0000000E+000, 1.3235639E+002, 1.3501282E+002, 0.0000000E+000, 2.3333823E-002, 0.0000000E+000
 2.4404999E+002, 1.0050160E+003, 0.0000000E+000,-4.4498018E+002,-6.5784154E+001,-3.3817356E+002,-7.1974086E-002, 0.0000000E+000, 0.0000000E+000, 1.5572951E+002, 1.5600617E+002, 0.0000000E+000, 2.3333823E-002, 0.0000000E+000
 2.4502887E+002, 1.0012927E+003, 0.0000000E+000,-4.4513099E+002,-6.6946766E+001,-3.3764542E+002,-7.0823678E-002, 0.0000000E+000, 0.0000000E+000, 1.5370677E+002, 1.5149874E+002, 0.0000000E+000, 2.3333823E-002, 0.0000000E+000
 2.4604367E+002, 1.0086748E+003, 0.0000000E+000,-4.5649879E+002,-6.5980381E+001,-3.3909317E+002,-7.0689195E-002, 0.0000000E+000, 0.0000000E+000, 1.4635532E+002, 1.4703181E+002, 0.0000000E+000, 2.3333823E-002, 0.0000000E+000
 2.4704814E+002, 1.0062264E+003, 0.0000000E+000,-4.4732589E+002,-6.3167248E+001,-3.3869441E+002,-7.0803028E-002, 0.0000000E+000, 0.0000000E+000, 1.5751015E+002, 1.5696809E+002, 0.0000000E+000, 2.3333823E-002, 0.0000000E+000
 2.4807829E+002, 9.9100511E+002, 0.0000000E+000,-4.3995207E+002,-6.0903302E+001,-3.3879396E+002,-7.1288396E-002, 0.0000000E+000, 0.0000000E+000, 1.5070851E+002, 1.5128449E+002, 0.0000000E+000, 2.3333823E-002, 0.0000000E+000
 2.4905211E+002, 1.0061645E+003, 0.0000000E+000,-4.6175347E+002,-6.3062512E+001,-3.3931722E+002,-7.0809398E-002, 0.0000000E+000, 0.0000000E+000, 1.4156383E+002, 1.4196043E+002, 0.0000000E+000, 2.3333823E-002, 0.0000000E+000
 2.5001706E+002, 9.9597485E+002, 0.0000000E+000,-4.4000677E+002,-6.6841805E+001,-3.3931287E+002,-7.1246477E-002, 0.0000000E+000, 0.0000000E+000, 1.4877587E+002, 1.4974217E+002, 0.0000000E+000, 2.3333823E-002, 0.0000000E+000
 2.5108687E+002, 1.0082256E+003, 0.0000000E+000,-4.4761935E+002,-6.5437494E+001,-3.3958260E+002,-7.1672269E-002, 0.0000000E+000, 0.0000000E+000, 1.5774364E+002, 1.5551447E+002, 0.0000000E+000, 2.3333823E-002, 0.0000000E+000
 2.5201491E+002, 9.9791598E+002, 0.0000000E+000,-4.5143748E+002,-6.2047902E+001,-3.4018442E+002,-7.1273391E-002, 0.0000000E+000, 0.0000000E+000, 1.4699173E+002, 1.4417491E+002, 0.0000000E+000, 2.3333823E-002, 0.0000000E+000
 2.5306732E+002, 9.8678627E+002, 0.0000000E+000,-4.5985646E+002,-6.1757770E+001,-3.4084592E+002,-7.1185016E-002, 0.0000000E+000, 0.0000000E+000, 1.2341386E+002, 1.2425493E+002, 0.0000000E+000, 2.3333823E-002, 0.0000000E+000
 2.5401448E+002, 9.8789283E+002, 0.0000000E+000,-4.5173087E+002,-6.4580156E+001,-3.4259570E+002,-7.0683362E-002, 0.0000000E+000, 0.0000000E+000, 1.3233441E+002, 1.2891541E+002, 0.0000000E+000, 2.3333823E-002, 0.0000000E+000
 2.5506689E+002, 1.0016067E+003, 0.0000000E+000,-4.5763390E+002,-6.7855099E+001,-3.4410457E+002,-7.0273767E-002, 0.0000000E+000, 0.0000000E+000, 1.2874068E+002, 1.3194285E+002, 0.0000000E+000, 2.3333823E-002, 0.0000000E+000
 2.5609073E+002, 1.0077483E+003, 0.0000000E+000,-4.5983712E+002,-6.9761972E+001,-3.4560253E+002,-7.0558773E-002, 0.0000000E+000, 0.0000000E+000, 1.3438666E+002, 1.3247610E+002, 0.0000000E+000, 2.3333823E-002, 0.0000000E+000
 2.5702148E+002, 9.6959179E+002, 0.0000000E+000,-4.4465171E+002,-6.9280145E+001,-3.4716113E+002,-7.0262942E-002, 0.0000000E+000, 0.0000000E+000, 1.1021460E+002, 1.0842854E+002, 0.0000000E+000, 2.3333823E-002, 0.0000000E+000
 2.5804532E+002, 9.9212863E+002, 0.0000000E+000,-4.4402481E+002,-6.8824923E+001,-3.4660376E+002,-7.1212467E-002, 0.0000000E+000, 0.0000000E+000, 1.3163518E+002, 1.3260393E+002, 0.0000000E+000, 2.3333823E-002, 0.0000000E+000
 2.5904123E+002, 9.9253291E+002, 0.0000000E+000,-4.6235539E+002,-6.7877922E+001,-3.4607596E+002,-7.1392513E-002, 0.0000000E+000, 0.0000000E+000, 1.1614758E+002, 1.1615224E+002, 0.0000000E+000, 2.3333823E-002, 0.0000000E+000
 2.6006506E+002, 1.0002012E+003, 0.0000000E+000,-4.6797551E+002,-6.7834624E+001,-3.4580754E+002,-7.1146580E-002, 0.0000000E+000, 0.0000000E+000, 1.2109961E+002, 1.1851235E+002, 0.0000000E+000, 2.3333823E-002, 0.0000000E+000
 2.6108890E+002, 9.9733250E+002, 0.0000000E+000,-4.6942121E+002,-6.8588652E+001,-3.4674963E+002,-7.0993394E-002, 0.0000000E+000, 0.0000000E+000, 1.1130911E+002, 1.1250201E+002, 0.0000000E+000, 2.3333823E-002, 0.0000000E+000
 2.6204721E+002, 9.9472095E+002, 0.0000000E+000,-4.4776893E+002,-6.8174031E+001,-3.4690726E+002,-7.1534038E-002, 0.0000000E+000, 0.0000000E+000, 1.3010323E+002, 1.3179919E+002, 0.0000000E+000, 2.3333823E-002, 0.0000000E+000
 2.6300082E+002, 9.9890528E+002, 0.0000000E+000,-4.5932183E+002,-6.8939714E+001,-3.4707446E+002,-7.1444025E-002, 0.0000000E+000, 0.0000000E+000, 1.2520673E+002, 1.2349784E+002, 0.0000000E+000, 2.3333823E-002, 0.0000000E+000
 2.6406757E+002, 1.0062436E+003, 0.0000000E+000,-4.6464684E+002,-6.6276909E+001,-3.4717964E+002,-7.1305546E-002, 0.0000000E+000, 0.0000000E+000, 1.2658400E+002, 1.2806885E+002, 0.0000000E+000, 2.3333823E-002, 0.0000000E+000
 2.6500098E+002, 1.0086085E+003, 0.0000000E+000,-4.6372235E+002,-6.9758380E+001,-3.4838949E+002,-7.1501999E-002, 0.0000000E+000, 0.0000000E+000, 1.3015336E+002, 1.2666678E+002, 0.0000000E+000, 2.3333823E-002, 0.0000000E+000
 2.6607660E+002, 9.8524709E+002, 0.0000000E+000,-4.6185778E+002,-6.8536078E+001,-3.4836694E+002,-7.1395193E-002, 0.0000000E+000, 0.0000000E+000, 1.0509652E+002, 1.0641490E+002, 0.0000000E+000, 2.3333823E-002, 0.0000000E+000
 2.6705447E+002, 1.0032939E+003, 0.0000000E+000,-4.6058498E+002,-6.5814975E+001,-3.4911050E+002,-7.0828603E-002, 0.0000000E+000, 0.0000000E+000, 1.2669650E+002, 1.2771260E+002, 0.0000000E+000, 2.3333823E-002, 0.0000000E+000
 2.6803232E+002, 1.0193902E+003, 0.0000000E+000,-4.7942536E+002,-6.8583749E+001,-3.4996843E+002,-7.0099091E-002, 0.0000000E+000, 0.0000000E+000, 1.2172293E+002, 1.2134252E+002, 0.0000000E+000, 2.3333823E-002, 0.0000000E+000
 2.6901016E+002, 9.9112297E+002, 0.0000000E+000,-4.6990996E+002,-7.1724389E+001,-3.5044324E+002,-7.1177545E-002, 0.0000000E+000, 0.0000000E+000, 1.0279045E+002, 9.8974199E+001, 0.0000000E+000, 2.3333823E-002, 0.0000000E+000
 2.7008578E+002, 9.7936292E+002, 0.0000000E+000,-4.4378820E+002,-7.3191114E+001,-3.4996629E+002,-7.1173447E-002, 0.0000000E+000, 0.0000000E+000, 1.0531780E+002, 1.1234614E+002, 0.0000000E+000, 2.3333823E-002, 0.0000000E+000
 2.7103290E+002, 1.0267311E+003, 0.0000000E+000,-4.7804923E+002,-7.3720971E+001,-3.5073431E+002,-7.0565399E-002, 0.0000000E+000, 0.0000000E+000, 1.2787738E+002, 1.2415601E+002, 0.0000000E+000, 2.3333823E-002, 0.0000000E+000
 2.7206906E+002, 9.9372545E+002, 0.0000000E+000,-4.3854280E+002,-7.2556629E+001,-3.5081282E+002,-7.0825155E-002, 0.0000000E+000, 0.0000000E+000, 1.3014256E+002, 1.3174237E+002, 0.0000000E+000, 2.3333823E-002, 0.0000000E+000
 2.7304810E+002, 1.0219255E+003, 0.0000000E+000,-4.7855541E+002,-7.1146299E+001,-3.5093018E+002,-7.1143872E-002, 0.0000000E+000, 0.0000000E+000, 1.2702022E+002, 1.2122243E+002, 0.0000000E+000, 2.3333823E-002, 0.0000000E+000
 2.7403763E+002, 1.0020168E+003, 0.0000000E+000,-4.7118321E+002,-6.6876007E+001,-3.5143388E+002,-7.1407898E-002, 0.0000000E+000, 0.0000000E+000, 1.1162292E+002, 1.1245226E+002, 0.0000000E+000, 2.3333823E-002, 0.0000000E+000
 2.7505493E+002, 9.9587392E+002, 0.0000000E+000,-4.5759233E+002,-6.5614513E+001,-3.5148078E+002,-7.1442789E-002, 0.0000000E+000, 0.0000000E+000, 1.2298276E+002, 1.2111486E+002, 0.0000000E+000, 2.3333823E-002, 0.0000000E+000
 2.7600098E+002, 1.0074795E+003, 0.0000000E+000,-4.7537185E+002,-6.8636835E+001,-3.5210590E+002,-7.1375634E-002, 0.0000000E+000, 0.0000000E+000, 1.1075952E+002, 1.1129359E+002, 0.0000000E+000, 2.3333823E-002, 0.0000000E+000
 2.7706131E+002, 9.8322244E+002, 0.0000000E+000,-4.6920379E+002,-7.0072721E+001,-3.5315939E+002,-7.0977779E-002, 0.0000000E+000, 0.0000000E+000, 9.1925323E+001, 9.0715564E+001, 0.0000000E+000, 2.3333823E-002, 0.0000000E+000
 2.7804974E+002, 9.9347105E+002, 0.0000000E+000,-4.6626483E+002,-7.0487362E+001,-3.5414958E+002,-7.0825720E-002, 0.0000000E+000, 0.0000000E+000, 1.0211998E+002, 1.0249844E+002, 0.0000000E+000, 2.3333823E-002, 0.0000000E+000
 2.7903815E+002, 1.0010166E+003, 0.0000000E+000,-4.6853016E+002,-7.1313918E+001,-3.5454940E+002,-7.0539386E-002, 0.0000000E+000, 0.0000000E+000, 1.0578540E+002, 1.0655258E+002, 0.0000000E+000, 2.3333823E-002, 0.0000000E+000
 2.8002658E+002, 9.9458157E+002, 0.0000000E+000,-4.7223092E+002,-7.2465797E+001,-3.5527699E+002,-7.1764428E-002, 0.0000000E+000, 0.0000000E+000, 9.5060189E+001, 9.4536101E+001, 0.0000000E+000, 2.3333823E-002, 0.0000000E+000
 2.8107599E+002, 1.0071712E+003, 0.0000000E+000,-4.6657402E+002,-7.4837545E+001,-3.5584732E+002,-7.1600943E-002, 0.0000000E+000, 0.0000000E+000, 1.0998586E+002, 1.0984069E+002, 0.0000000E+000, 2.3333823E-002, 0.0000000E+000
 2.8203000E+002, 1.0000715E+003, 0.0000000E+000,-4.6817028E+002,-7.8546602E+001,-3.5564247E+002,-7.1285670E-002, 0.0000000E+000, 0.0000000E+000, 9.8514525E+001, 9.7640858E+001, 0.0000000E+000, 2.3333823E-002, 0.0000000E+000
 2.8307941E+002, 9.8332994E+002, 0.0000000E+000,-4.7370106E+002,-7.6968967E+001,-3.5601767E+002,-7.0628680E-002, 0.0000000E+000, 0.0000000E+000, 7.6913994E+001, 7.6571611E+001, 0.0000000E+000, 2.3333823E-002, 0.0000000E+000
 2.8403339E+002, 9.9384283E+002, 0.0000000E+000,-4.4990252E+002,-7.3355041E+001,-3.5573478E+002,-7.0927142E-002, 0.0000000E+000, 0.0000000E+000, 1.1265096E+002, 1.1477956E+002, 0.0000000E+000, 2.3333823E-002, 0.0000000E+000
 2.8508279E+002, 1.0086863E+003, 0.0000000E+000,-4.8115387E+002,-7.3330820E+001,-3.5550372E+002,-7.0276585E-002, 0.0000000E+000, 0.0000000E+000, 1.0142597E+002, 9.8627577E+001, 0.0000000E+000, 2.3333823E-002, 0.0000000E+000
 2.8603680E+002, 1.0007022E+003, 0.0000000E+000,-4.8382817E+002,-7.2654200E+001,-3.5530450E+002,-7.0571469E-002, 0.0000000E+000, 0.0000000E+000, 8.5419519E+001, 8.8844786E+001, 0.0000000E+000, 2.3333823E-002, 0.0000000E+000
 2.8704654E+002, 9.9907083E+002, 0.0000000E+000,-4.6922918E+002,-7.2766988E+001,-3.5508566E+002,-7.1080443E-002, 0.0000000E+000, 0.0000000E+000, 1.0237682E+002, 1.0191792E+002, 0.0000000E+000, 2.3333823E-002, 0.0000000E+000
 2.8807925E+002, 1.0088884E+003, 0.0000000E+000,-4.8173820E+002,-7.0269295E+001,-3.5590698E+002,-7.1000557E-002, 0.0000000E+000, 0.0000000E+000, 1.0107711E+002, 1.0090296E+002, 0.0000000E+000, 2.3333823E-002, 0.0000000E+000
 2.8901807E+002, 9.9351824E+002, 0.0000000E+000,-4.6767121E+002,-6.9296324E+001,-3.5760788E+002,-7.1231513E-002, 0.0000000E+000, 0.0000000E+000, 1.0105125E+002, 9.8871592E+001, 0.0000000E+000, 2.3333823E-002, 0.0000000E+000
 2.9005078E+002, 1.0027714E+003, 0.0000000E+000,-4.6930628E+002,-7.0381258E+001,-3.5806893E+002,-7.1328728E-002, 0.0000000E+000, 0.0000000E+000, 1.0340975E+002, 1.0494364E+002, 0.0000000E+000, 2.3333823E-002, 0.0000000E+000
 2.9104037E+002, 1.0074169E+003, 0.0000000E+000,-4.8304056E+002,-7.2259105E+001,-3.5977139E+002,-7.0950721E-002, 0.0000000E+000, 0.0000000E+000, 9.4668518E+001, 9.2274940E+001, 0.0000000E+000, 2.3333823E-002, 0.0000000E+000
 2.9202927E+002, 9.8970157E+002, 0.0000000E+000,-4.7707676E+002,-7.0578051E+001,-3.6162780E+002,-7.0949338E-002, 0.0000000E+000, 0.0000000E+000, 7.8796800E+001, 8.0348007E+001, 0.0000000E+000, 2.3333823E-002, 0.0000000E+000
 2.9303479E+002, 9.9823818E+002, 0.0000000E+000,-4.7216901E+002,-6.5920261E+001,-3.6374488E+002,-7.0928568E-002, 0.0000000E+000, 0.0000000E+000, 9.6392338E+001, 9.6333103E+001, 0.0000000E+000, 2.3333823E-002, 0.0000000E+000
 2.9408755E+002, 1.0048129E+003, 0.0000000E+000,-4.7998264E+002,-6.3068994E+001,-3.6400391E+002,-7.1319072E-002, 0.0000000E+000, 0.0000000E+000, 9.9606095E+001, 9.7686032E+001, 0.0000000E+000, 2.3333823E-002, 0.0000000E+000
 2.9507224E+002, 9.9790727E+002, 0.0000000E+000,-4.6990689E+002,-6.3744472E+001,-3.6314345E+002,-7.1273654E-002, 0.0000000E+000, 0.0000000E+000, 1.0015266E+002, 1.0104118E+002, 0.0000000E+000, 2.3333823E-002, 0.0000000E+000
 2.9605695E+002, 1.0069381E+003, 0.0000000E+000,-4.8465131E+002,-6.6585447E+001,-3.6232406E+002,-7.1270337E-002, 0.0000000E+000, 0.0000000E+000, 9.3916041E+001, 9.3305985E+001, 0.0000000E+000, 2.3333823E-002, 0.0000000E+000
 2.9701477E+002, 1.0101695E+003, 0.0000000E+000,-4.8269216E+002,-6.8034322E+001,-3.6292390E+002,-7.1464838E-002, 0.0000000E+000, 0.0000000E+000, 9.7314709E+001, 9.6447633E+001, 0.0000000E+000, 2.3333823E-002, 0.0000000E+000
 2.9802264E+002, 9.9037379E+002, 0.0000000E+000,-4.5688748E+002,-6.8120068E+001,-3.6265948E+002,-7.1485528E-002, 0.0000000E+000, 0.0000000E+000, 1.0181700E+002, 1.0263527E+002, 0.0000000E+000, 2.3333823E-002, 0.0000000E+000
 2.9905154E+002, 9.8711354E+002, 0.0000000E+000,-4.6854137E+002,-6.6073871E+001,-3.6366128E+002,-7.1587786E-002, 0.0000000E+000, 0.0000000E+000, 9.1305948E+001, 8.8765432E+001, 0.0000000E+000, 2.3333823E-002, 0.0000000E+000
 3.0004776E+002, 1.0019595E+003, 0.0000000E+000,-4.9451038E+002,-6.4545375E+001,-3.6533590E+002,-7.0507029E-002, 0.0000000E+000, 0.0000000E+000, 7.6646603E+001, 7.7497353E+001, 0.0000000E+000, 2.3333823E-002, 0.0000000E+000
 3.0107190E+002, 9.9774815E+002, 0.0000000E+000,-4.8132055E+002,-6.6141317E+001,-3.6550231E+002,-7.0547343E-002, 0.0000000E+000, 0.0000000E+000, 8.2886418E+001, 8.4713435E+001, 0.0000000E+000, 2.3333823E-002, 0.0000000E+000
 3.0200290E+002, 1.0084276E+003, 0.0000000E+000,-4.8680602E+002,-6.8853838E+001,-3.6605646E+002,-7.0590879E-002, 0.0000000E+000, 0.0000000E+000, 9.0506598E+001, 8.6640677E+001, 0.0000000E+000, 2.3333823E-002, 0.0000000E+000
 3.0302704E+002, 1.0005574E+003, 0.0000000E+000,-4.7478709E+002,-6.8990511E+001,-3.6735530E+002,-7.1091631E-002, 0.0000000E+000, 0.0000000E+000, 8.6661301E+001, 8.9353359E+001, 0.0000000E+000, 2.3333823E-002, 0.0000000E+000
 3.0405118E+002, 1.0013085E+003, 0.0000000E+000,-4.9160118E+002,-6.9989582E+001,-3.6689073E+002,-7.0861200E-002, 0.0000000E+000, 0.0000000E+000, 7.5580451E+001, 7.2756168E+001, 0.0000000E+000, 2.3333823E-002, 0.0000000E+000
 3.0507498E+002, 1.0002392E+003, 0.0000000E+000,-4.8176002E+002,-7.1430065E+001,-3.6641438E+002,-7.0915687E-002, 0.0000000E+000, 0.0000000E+000, 8.0708739E+001, 8.0563857E+001, 0.0000000E+000, 2.3333823E-002, 0.0000000E+000
 3.0600482E+002, 1.0034145E+003, 0.0000000E+000,-4.8525568E+002,-7.4118037E+001,-3.6655729E+002,-7.0712685E-002, 0.0000000E+000, 0.0000000E+000, 7.7869777E+001, 7.7412814E+001, 0.0000000E+000, 2.3333823E-002, 0.0000000E+000
 3.0701318E+002, 9.9686721E+002, 0.0000000E+000,-4.8692297E+002,-7.4513977E+001,-3.6740691E+002,-7.0701200E-002, 0.0000000E+000, 0.0000000E+000, 6.8437216E+001, 6.7952651E+001, 0.0000000E+000, 2.3333823E-002, 0.0000000E+000
 3.0808704E+002, 1.0037353E+003, 0.0000000E+000,-4.7527121E+002,-7.3703097E+001,-3.6747064E+002,-7.0987647E-002, 0.0000000E+000, 0.0000000E+000, 8.6820238E+001, 8.7219404E+001, 0.0000000E+000, 2.3333823E-002, 0.0000000E+000
 3.0903015E+002, 1.0025033E+003, 0.0000000E+000,-4.8769566E+002,-7.3403553E+001,-3.6641223E+002,-7.0638864E-002, 0.0000000E+000, 0.0000000E+000, 7.4943224E+001, 7.4921262E+001, 0.0000000E+000, 2.3333823E-002, 0.0000000E+000
 3.1006760E+002, 9.8684691E+002, 0.0000000E+000,-4.8324881E+002,-7.1331433E+001,-3.6585817E+002,-7.0253984E-002, 0.0000000E+000, 0.0000000E+000, 6.6175477E+001, 6.6338240E+001, 0.0000000E+000, 2.3333823E-002, 0.0000000E+000
 3.1101071E+002, 1.0039264E+003, 0.0000000E+000,-4.7890045E+002,-7.0719316E+001,-3.6622252E+002,-7.0423828E-002, 0.0000000E+000, 0.0000000E+000, 8.5356744E+001, 8.8013652E+001, 0.0000000E+000, 2.3333823E-002, 0.0000000E+000
 3.1201984E+002, 1.0061071E+003, 0.0000000E+000,-4.7997724E+002,-7.1600158E+001,-3.6526436E+002,-7.1501808E-002, 0.0000000E+000, 0.0000000E+000, 8.9450527E+001, 8.9193820E+001, 0.0000000E+000, 2.3333823E-002, 0.0000000E+000
 3.1302441E+002, 1.0034053E+003, 0.0000000E+000,-4.7982585E+002,-7.2494963E+001,-3.6408399E+002,-7.1520029E-002, 0.0000000E+000, 0.0000000E+000, 8.9083994E+001, 8.6928966E+001, 0.0000000E+000, 2.3333823E-002, 0.0000000E+000
 3.1406552E+002, 1.0065663E+003, 0.0000000E+000,-4.9502448E+002,-7.2168855E+001,-3.6485283E+002,-7.1073498E-002, 0.0000000E+000, 0.0000000E+000, 7.3259207E+001, 7.4449102E+001, 0.0000000E+000, 2.3333823E-002, 0.0000000E+000
 3.1507010E+002, 1.0095406E+003, 0.0000000E+000,-5.0426234E+002,-7.1267083E+001,-3.6567469E+002,-7.1356374E-002, 0.0000000E+000, 0.0000000E+000, 6.9205195E+001, 6.8265152E+001, 0.0000000E+000, 2.3333823E-002, 0.0000000E+000
 3.1607468E+002, 9.9216872E+002, 0.0000000E+000,-4.8018554E+002,-7.1048025E+001,-3.6608449E+002,-7.0800470E-002, 0.0000000E+000, 0.0000000E+000, 7.4344868E+001, 7.4779869E+001, 0.0000000E+000, 2.3333823E-002, 0.0000000E+000
 3.1701053E+002, 9.8841633E+002, 0.0000000E+000,-4.7654871E+002,-7.3539278E+001,-3.6757463E+002,-7.1007158E-002, 0.0000000E+000, 0.0000000E+000, 7.0950911E+001, 7.0682708E+001, 0.0000000E+000, 2.3333823E-002, 0.0000000E+000
 3.1807401E+002, 9.9123305E+002, 0.0000000E+000,-4.9532327E+002,-7.4286923E+001,-3.6986680E+002,-6.9919346E-002, 0.0000000E+000, 0.0000000E+000, 4.9642358E+001, 5.1686140E+001, 0.0000000E+000, 2.3333823E-002, 0.0000000E+000
 3.1900986E+002, 1.0114687E+003, 0.0000000E+000,-4.8266181E+002,-7.3755955E+001,-3.6958304E+002,-7.1197062E-002, 0.0000000E+000, 0.0000000E+000, 8.5646620E+001, 8.5396717E+001, 0.0000000E+000, 2.3333823E-002, 0.0000000E+000
 3.2003931E+002, 1.0022579E+003, 0.0000000E+000,-4.9648480E+002,-7.2994363E+001,-3.6837628E+002,-7.1125738E-002, 0.0000000E+000, 0.0000000E+000, 6.8000712E+001, 6.4331328E+001, 0.0000000E+000, 2.3333823E-002, 0.0000000E+000
 3.2105930E+002, 9.8598489E+002, 0.0000000E+000,-4.9354731E+002,-7.1644496E+001,-3.6911077E+002,-7.1625413E-002, 0.0000000E+000, 0.0000000E+000, 4.9324376E+001, 5.1610685E+001, 0.0000000E+000, 2.3333823E-002, 0.0000000E+000
 3.2206894E+002, 1.0030423E+003, 0.0000000E+000,-4.7876551E+002,-7.4160086E+001,-3.7036400E+002,-7.1608771E-002, 0.0000000E+000, 0.0000000E+000, 7.8003225E+001, 7.9681092E+001, 0.0000000E+000, 2.3333823E-002, 0.0000000E+000
 3.2304660E+002, 1.0057694E+003, 0.0000000E+000,-4.8755792E+002,-7.4525227E+001,-3.7052539E+002,-7.1442842E-002, 0.0000000E+000, 0.0000000E+000, 7.7677831E+001, 7.3089378E+001, 0.0000000E+000, 2.3333823E-002, 0.0000000E+000
 3.2406732E+002, 9.9245250E+002, 0.0000000E+000,-4.8279442E+002,-7.4899329E+001,-3.6993040E+002,-7.1207526E-002, 0.0000000E+000, 0.0000000E+000, 6.1829300E+001, 6.4757144E+001, 0.0000000E+000, 2.3333823E-002, 0.0000000E+000
 3.2503143E+002, 1.0096033E+003, 0.0000000E+000,-5.0772274E+002,-7.3569689E+001,-3.7250607E+002,-7.0781057E-002, 0.0000000E+000, 0.0000000E+000, 5.6384542E+001, 5.5734000E+001, 0.0000000E+000, 2.3333823E-002, 0.0000000E+000
 3.2608316E+002, 9.9806738E+002, 0.0000000E+000,-4.8668012E+002,-7.1353786E+001,-3.7318360E+002,-7.1213018E-002, 0.0000000E+000, 0.0000000E+000, 6.6527606E+001, 6.6778656E+001, 0.0000000E+000, 2.3333823E-002, 0.0000000E+000
 3.2703702E+002, 9.7823884E+002, 0.0000000E+000,-4.7717930E+002,-7.0992898E+001,-3.7391710E+002,-7.1221265E-002, 0.0000000E+000, 0.0000000E+000, 5.8445568E+001, 5.6078323E+001, 0.0000000E+000, 2.3333823E-002, 0.0000000E+000
 3.2808569E+002, 9.9735351E+002, 0.0000000E+000,-4.8689681E+002,-7.0132158E+001,-3.7517698E+002,-7.1589320E-002, 0.0000000E+000, 0.0000000E+000, 6.1962372E+001, 6.5075960E+001, 0.0000000E+000, 2.3333823E-002, 0.0000000E+000
 3.2903903E+002, 1.0141139E+003, 0.0000000E+000,-5.0424923E+002,-7.2426922E+001,-3.7544147E+002,-7.1309197E-002, 0.0000000E+000, 0.0000000E+000, 6.4188840E+001, 6.1924979E+001, 0.0000000E+000, 2.3333823E-002, 0.0000000E+000
 3.3008771E+002, 9.9796778E+002, 0.0000000E+000,-5.0026957E+002,-7.0450947E+001,-3.7550656E+002,-7.1115370E-002, 0.0000000E+000, 0.0000000E+000, 5.1656979E+001, 5.1669582E+001, 0.0000000E+000, 2.3333823E-002, 0.0000000E+000
 3.3104105E+002, 9.8864046E+002, 0.0000000E+000,-4.9124412E+002,-6.9754741E+001,-3.7659576E+002,-7.0952895E-002, 0.0000000E+000, 0.0000000E+000, 5.2424017E+001, 5.0974895E+001, 0.0000000E+000, 2.3333823E-002, 0.0000000E+000
 3.3208972E+002, 9.9543712E+002, 0.0000000E+000,-4.7959279E+002,-7.2478598E+001,-3.7633956E+002,-7.0970735E-002, 0.0000000E+000, 0.0000000E+000, 6.5092924E+001, 6.6955207E+001, 0.0000000E+000, 2.3333823E-002, 0.0000000E+000
 3.3306427E+002, 1.0020649E+003, 0.0000000E+000,-4.9440310E+002,-7.5148158E+001,-3.7567265E+002,-7.1365336E-002, 0.0000000E+000, 0.0000000E+000, 5.8516055E+001, 5.6769632E+001, 0.0000000E+000, 2.3333823E-002, 0.0000000E+000
 3.3408325E+002, 9.9499288E+002, 0.0000000E+000,-4.9281879E+002,-7.6247838E+001,-3.7472330E+002,-7.0781446E-002, 0.0000000E+000, 0.0000000E+000, 5.0257609E+001, 5.1132162E+001, 0.0000000E+000, 2.3333823E-002, 0.0000000E+000
 3.3506445E+002, 9.9813583E+002, 0.0000000E+000,-5.0051282E+002,-7.7508099E+001,-3.7396851E+002,-7.0417692E-002, 0.0000000E+000, 0.0000000E+000, 4.8249235E+001, 4.6075984E+001, 0.0000000E+000, 2.3333823E-002, 0.0000000E+000
 3.3606528E+002, 1.0158766E+003, 0.0000000E+000,-4.8994313E+002,-7.5921584E+001,-3.7486034E+002,-7.0276582E-002, 0.0000000E+000, 0.0000000E+000, 7.2698924E+001, 7.5081233E+001, 0.0000000E+000, 2.3333823E-002, 0.0000000E+000
 3.3703040E+002, 9.9999532E+002, 0.0000000E+000,-5.0032937E+002,-7.2972995E+001,-3.7517824E+002,-7.1022995E-002, 0.0000000E+000, 0.0000000E+000, 5.1815959E+001, 5.1443693E+001, 0.0000000E+000, 2.3333823E-002, 0.0000000E+000
 3.3804614E+002, 9.9363963E+002, 0.0000000E+000,-4.9094154E+002,-6.9337992E+001,-3.7508921E+002,-7.0409505E-002, 0.0000000E+000, 0.0000000E+000, 5.7661959E+001, 5.8200475E+001, 0.0000000E+000, 2.3333823E-002, 0.0000000E+000
 3.3903494E+002, 1.0024128E+003, 0.0000000E+000,-4.9085174E+002,-7.1767149E+001,-3.7451269E+002,-7.0784041E-002, 0.0000000E+000, 0.0000000E+000, 6.7929548E+001, 6.5210434E+001, 0.0000000E+000, 2.3333823E-002, 0.0000000E+000
 3.4007111E+002, 9.9955291E+002, 0.0000000E+000,-4.8919182E+002,-7.3167237E+001,-3.7486006E+002,-7.0798894E-002, 0.0000000E+000, 0.0000000E+000, 6.0437608E+001, 6.2262993E+001, 0.0000000E+000, 2.3333823E-002, 0.0000000E+000
 3.4104547E+002, 9.8587408E+002, 0.0000000E+000,-4.8250260E+002,-7.2124774E+001,-3.7483099E+002,-7.1158397E-002, 0.0000000E+000, 0.0000000E+000, 5.6419724E+001, 5.6344556E+001, 0.0000000E+000, 2.3333823E-002, 0.0000000E+000
 3.4201984E+002, 1.0120189E+003, 0.0000000E+000,-4.9099191E+002,-7.0602494E+001,-3.7560828E+002,-7.0470259E-002, 0.0000000E+000, 0.0000000E+000, 7.8576038E+001, 7.4745714E+001, 0.0000000E+000, 2.3333823E-002, 0.0000000E+000
 3.4309164E+002, 9.9041318E+002, 0.0000000E+000,-5.0229057E+002,-7.1398112E+001,-3.7473078E+002,-7.0800510E-002, 0.0000000E+000, 0.0000000E+000, 4.0583908E+001, 4.1922911E+001, 0.0000000E+000, 2.3333823E-002, 0.0000000E+000
 3.4406601E+002, 9.9466241E+002, 0.0000000E+000,-4.9745600E+002,-7.0630071E+001,-3.7446831E+002,-7.1477371E-002, 0.0000000E+000, 0.0000000E+000, 5.3608815E+001, 5.2036543E+001, 0.0000000E+000, 2.3333823E-002, 0.0000000E+000
 3.4504041E+002, 1.0026999E+003, 0.0000000E+000,-4.8752589E+002,-7.0669976E+001,-3.7462210E+002,-7.1479827E-002, 0.0000000E+000, 0.0000000E+000, 6.8309034E+001, 6.9810463E+001, 0.0000000E+000, 2.3333823E-002, 0.0000000E+000
 3.4601477E+002, 1.0004303E+003, 0.0000000E+000,-4.9832774E+002,-7.2531892E+001,-3.7495968E+002,-7.1044962E-002, 0.0000000E+000, 0.0000000E+000, 5.5618391E+001, 5.4539972E+001, 0.0000000E+000, 2.3333823E-002, 0.0000000E+000
 3.4708658E+002, 1.0065520E+003, 0.0000000E+000,-5.0642727E+002,-7.2135689E+001,-3.7605804E+002,-7.0970098E-002, 0.0000000E+000, 0.0000000E+000, 5.4217384E+001, 5.1860029E+001, 0.0000000E+000, 2.3333823E-002, 0.0000000E+000
 3.4806094E+002, 9.9886250E+002, 0.0000000E+000,-5.0793066E+002,-7.0396808E+001,-3.7656814E+002,-7.1112095E-002, 0.0000000E+000, 0.0000000E+000, 4.3028198E+001, 4.3895785E+001, 0.0000000E+000, 2.3333823E-002, 0.0000000E+000
 3.4901584E+002, 9.9388820E+002, 0.0000000E+000,-5.0262349E+002,-7.0424914E+001,-3.7642242E+002,-7.1009330E-002, 0.0000000E+000, 0.0000000E+000, 4.6077056E+001, 4.4346357E+001, 0.0000000E+000, 2.3333823E-002, 0.0000000E+000
 3.5008765E+002, 9.9978277E+002, 0.0000000E+000,-5.0777146E+002,-7.2379717E+001,-3.7649377E+002,-7.1517418E-002, 0.0000000E+000, 0.0000000E+000, 4.5178551E+001, 4.3066307E+001, 0.0000000E+000, 2.3333823E-002, 0.0000000E+000
 3.5104138E+002, 1.0041507E+003, 0.0000000E+000,-4.9451964E+002,-7.3190049E+001,-3.7764033E+002,-7.1319591E-002, 0.0000000E+000, 0.0000000E+000, 5.7173662E+001, 5.8729383E+001, 0.0000000E+000, 2.3333823E-002, 0.0000000E+000
 3.5209052E+002, 1.0114798E+003, 0.0000000E+000,-5.0888136E+002,-7.2094798E+001,-3.7837277E+002,-7.1023870E-002, 0.0000000E+000, 0.0000000E+000, 5.3587570E+001, 5.2059886E+001, 0.0000000E+000, 2.3333823E-002, 0.0000000E+000
 3.5304425E+002, 9.9476361E+002, 0.0000000E+000,-4.9783771E+002,-7.1277944E+001,-3.8011487E+002,-7.1115469E-002, 0.0000000E+000, 0.0000000E+000, 4.4807601E+001, 4.5461971E+001, 0.0000000E+000, 2.3333823E-002, 0.0000000E+000
 3.5409338E+002, 1.0008611E+003, 0.0000000E+000,-5.0537840E+002,-7.1680492E+001,-3.8060441E+002,-7.1169269E-002, 0.0000000E+000, 0.0000000E+000, 4.3117527E+001, 4.3126668E+001, 0.0000000E+000, 2.3333823E-002, 0.0000000E+000
 3.5501849E+002, 9.8243983E+002, 0.0000000E+000,-5.0000818E+002,-6.9173147E+001,-3.8005067E+002,-7.1148041E-002, 0.0000000E+000, 0.0000000E+000, 3.5433928E+001, 3.3136692E+001, 0.0000000E+000, 2.3333823E-002, 0.0000000E+000
 3.5609143E+002, 1.0058223E+003, 0.0000000E+000,-5.0196714E+002,-6.6749334E+001,-3.7968456E+002,-7.1267866E-002, 0.0000000E+000, 0.0000000E+000, 5.4054786E+001, 5.7350045E+001, 0.0000000E+000, 2.3333823E-002, 0.0000000E+000
 3.5709930E+002, 9.9446077E+002, 0.0000000E+000,-5.0629163E+002,-6.8375605E+001,-3.7966236E+002,-7.0374081E-002, 0.0000000E+000, 0.0000000E+000, 4.4413504E+001, 4.0060795E+001, 0.0000000E+000, 2.3333823E-002, 0.0000000E+000
 3.5801410E+002, 1.0144577E+003, 0.0000000E+000,-5.1531407E+002,-7.0971924E+001,-3.8036675E+002,-7.0893017E-002, 0.0000000E+000, 0.0000000E+000, 4.8614735E+001, 4.7734068E+001, 0.0000000E+000, 2.3333823E-002, 0.0000000E+000
 3.5901413E+002, 9.9479042E+002, 0.0000000E+000,-4.8974866E+002,-7.2145364E+001,-3.7992932E+002,-6.9944658E-002, 0.0000000E+000, 0.0000000E+000, 5.2586285E+001, 5.2897132E+001, 0.0000000E+000, 2.3333823E-002, 0.0000000E+000
 3.6005054E+002, 1.0003693E+003, 0.0000000E+000,-5.1227735E+002,-7.0263210E+001,-3.7900758E+002,-7.0978660E-002, 0.0000000E+000, 0.0000000E+000, 4.2105250E+001, 3.8750201E+001, 0.0000000E+000, 2.3333823E-002, 0.0000000E+000
 3.6106088E+002, 9.9943628E+002, 0.0000000E+000,-4.9838072E+002,-6.9240830E+001,-3.7920279E+002,-7.0974985E-002, 0.0000000E+000, 0.0000000E+000, 5.1635182E+001, 5.2540966E+001, 0.0000000E+000, 2.3333823E-002, 0.0000000E+000
 3.6202725E+002, 9.8945849E+002, 0.0000000E+000,-5.0846399E+002,-6.7580793E+001,-3.7790595E+002,-7.0443354E-002, 0.0000000E+000, 0.0000000E+000, 3.8445928E+001, 3.5437320E+001, 0.0000000E+000, 2.3333823E-002, 0.0000000E+000
 3.6309030E+002, 9.9398143E+002, 0.0000000E+000,-5.0374769E+002,-6.5683258E+001,-3.7845230E+002,-7.0697403E-002, 0.0000000E+000, 0.0000000E+000, 4.3466675E+001, 4.6027490E+001, 0.0000000E+000, 2.3333823E-002, 0.0000000E+000
 3.6405670E+002, 1.0024434E+003, 0.0000000E+000,-5.0234302E+002,-6.8534347E+001,-3.7900705E+002,-7.0656995E-002, 0.0000000E+000, 0.0000000E+000, 5.2783477E+001, 5.2488350E+001, 0.0000000E+000, 2.3333823E-002, 0.0000000E+000
 3.6502310E+002, 9.9025902E+002, 0.0000000E+000,-5.1702872E+002,-7.1428893E+001,-3.7833710E+002,-7.0928223E-002, 0.0000000E+000, 0.0000000E+000, 2.3802166E+001, 2.3393378E+001, 0.0000000E+000, 2.3333823E-002, 0.0000000E+000
 3.6608612E+002, 9.9422862E+002, 0.0000000E+000,-4.8780307E+002,-7.1166881E+001,-3.7862581E+002,-7.0719229E-002, 0.0000000E+000, 0.0000000E+000, 5.4717947E+001, 5.6562142E+001, 0.0000000E+000, 2.3333823E-002, 0.0000000E+000
 3.6705252E+002, 1.0155882E+003, 0.0000000E+000,-5.3029771E+002,-7.1073837E+001,-3.7983295E+002,-6.9642284E-002, 0.0000000E+000, 0.0000000E+000, 3.8009632E+001, 3.4314069E+001, 0.0000000E+000, 2.3333823E-002, 0.0000000E+000
 3.6801892E+002, 1.0054188E+003, 0.0000000E+000,-4.9799656E+002,-7.1701550E+001,-3.8019409E+002,-7.0211007E-002, 0.0000000E+000, 0.0000000E+000, 5.0641343E+001, 5.5456341E+001, 0.0000000E+000, 2.3333823E-002, 0.0000000E+000
 3.6908194E+002, 1.0180170E+003, 0.0000000E+000,-5.0633889E+002,-7.3240697E+001,-3.7980021E+002,-7.0882483E-002, 0.0000000E+000, 0.0000000E+000, 5.9203585E+001, 5.8566346E+001, 0.0000000E+000, 2.3333823E-002, 0.0000000E+000
 3.7002173E+002, 1.0043582E+003, 0.0000000E+000,-5.0378936E+002,-7.5636530E+001,-3.7881760E+002,-7.0467358E-002, 0.0000000E+000, 0.0000000E+000, 4.7686888E+001, 4.6044276E+001, 0.0000000E+000, 2.3333823E-002, 0.0000000E+000
 3.7104868E+002, 1.0010562E+003, 0.0000000E+000,-5.0271462E+002,-7.7941879E+001,-3.7932627E+002,-7.0167672E-002, 0.0000000E+000, 0.0000000E+000, 4.3626097E+001, 4.1003232E+001, 0.0000000E+000, 2.3333823E-002, 0.0000000E+000
 3.7208890E+002, 1.0044880E+003, 0.0000000E+000,-5.1366877E+002,-7.8224684E+001,-3.8178714E+002,-7.0504618E-002, 0.0000000E+000, 0.0000000E+000, 2.7961328E+001, 3.0736936E+001, 0.0000000E+000, 2.3333823E-002, 0.0000000E+000
 3.7301688E+002, 1.0026288E+003, 0.0000000E+000,-5.0482975E+002,-7.5668172E+001,-3.8148095E+002,-7.0826520E-002, 0.0000000E+000, 0.0000000E+000, 4.2513345E+001, 4.0579077E+001, 0.0000000E+000, 2.3333823E-002, 0.0000000E+000
 3.7402090E+002, 9.8756046E+002, 0.0000000E+000,-4.9752219E+002,-7.3845008E+001,-3.8021428E+002,-7.1366519E-002, 0.0000000E+000, 0.0000000E+000, 3.7768042E+001, 3.5907617E+001, 0.0000000E+000, 2.3333823E-002, 0.0000000E+000
 3.7501428E+002, 9.9109843E+002, 0.0000000E+000,-5.1172634E+002,-7.2874030E+001,-3.8076283E+002,-7.1362647E-002, 0.0000000E+000, 0.0000000E+000, 2.5110849E+001, 2.5663874E+001, 0.0000000E+000, 2.3333823E-002, 0.0000000E+000
 3.7600763E+002, 1.0134281E+003, 0.0000000E+000,-5.2359334E+002,-7.3690933E+001,-3.8169430E+002,-7.0329912E-002, 0.0000000E+000, 0.0000000E+000, 3.5533012E+001, 3.4379193E+001, 0.0000000E+000, 2.3333823E-002, 0.0000000E+000
 3.7700098E+002, 1.0054356E+003, 0.0000000E+000,-5.2398321E+002,-7.2879121E+001,-3.8241159E+002,-7.0613758E-002, 0.0000000E+000, 0.0000000E+000, 2.6637147E+001, 2.6091070E+001, 0.0000000E+000, 2.3333823E-002, 0.0000000E+000
 3.7809369E+002, 1.0051436E+003, 0.0000000E+000,-5.1305943E+002,-7.4034132E+001,-3.8323874E+002,-7.0704257E-002, 0.0000000E+000, 0.0000000E+000, 3.4753808E+001, 3.4740552E+001, 0.0000000E+000, 2.3333823E-002, 0.0000000E+000
 3.7909357E+002, 1.0126639E+003, 0.0000000E+000,-5.1455187E+002,-7.7235174E+001,-3.8370294E+002,-7.0801310E-002, 0.0000000E+000, 0.0000000E+000, 3.4415812E+001, 3.7103070E+001, 0.0000000E+000, 2.3333823E-002, 0.0000000E+000
 3.8001141E+002, 1.0030800E+003, 0.0000000E+000,-5.0506902E+002,-7.9111487E+001,-3.8365937E+002,-7.0763926E-002, 0.0000000E+000, 0.0000000E+000, 3.9031180E+001, 3.5169395E+001, 0.0000000E+000, 2.3333823E-002, 0.0000000E+000
 3.8102652E+002, 9.8700840E+002, 0.0000000E+000,-4.9468815E+002,-7.9501800E+001,-3.8272525E+002,-7.1109344E-002, 0.0000000E+000, 0.0000000E+000, 3.0799489E+001, 3.0022100E+001, 0.0000000E+000, 2.3333823E-002, 0.0000000E+000
 3.8200406E+002, 9.9792220E+002, 0.0000000E+000,-5.1260610E+002,-7.8258346E+001,-3.7963971E+002,-7.0983433E-002, 0.0000000E+000, 0.0000000E+000, 2.7766750E+001, 2.7347058E+001, 0.0000000E+000, 2.3333823E-002, 0.0000000E+000
 3.8300696E+002, 1.0091634E+003, 0.0000000E+000,-5.2566725E+002,-7.7826122E+001,-3.7892413E+002,-7.1113918E-002, 0.0000000E+000, 0.0000000E+000, 2.7248791E+001, 2.6674790E+001, 0.0000000E+000, 2.3333823E-002, 0.0000000E+000
 3.8400989E+002, 1.0013512E+003, 0.0000000E+000,-5.0621373E+002,-7.8971312E+001,-3.7835163E+002,-7.1165742E-002, 0.0000000E+000, 0.0000000E+000, 3.7475804E+001, 3.7743355E+001, 0.0000000E+000, 2.3333823E-002, 0.0000000E+000
 3.8501282E+002, 1.0021497E+003, 0.0000000E+000,-5.0376912E+002,-7.9590323E+001,-3.7833623E+002,-7.1211604E-002, 0.0000000E+000, 0.0000000E+000, 4.0981335E+001, 4.0382843E+001, 0.0000000E+000, 2.3333823E-002, 0.0000000E+000
 3.8601572E+002, 1.0036597E+003, 0.0000000E+000,-5.2290664E+002,-7.7961027E+001,-3.7898889E+002,-7.1057908E-002, 0.0000000E+000, 0.0000000E+000, 2.2499873E+001, 2.3732087E+001, 0.0000000E+000, 2.3333823E-002, 0.0000000E+000
 3.8702747E+002, 1.0057952E+003, 0.0000000E+000,-5.0554202E+002,-7.7028269E+001,-3.8004429E+002,-7.1278593E-002, 0.0000000E+000, 0.0000000E+000, 4.3222047E+001, 4.3109395E+001, 0.0000000E+000, 2.3333823E-002, 0.0000000E+000
 3.8803931E+002, 1.0021381E+003, 0.0000000E+000,-5.0888537E+002,-7.9628156E+001,-3.8172500E+002,-7.1204183E-002, 0.0000000E+000, 0.0000000E+000, 3.5641758E+001, 3.1828348E+001, 0.0000000E+000, 2.3333823E-002, 0.0000000E+000
 3.8909473E+002, 9.9522620E+002, 0.0000000E+000,-5.1793241E+002,-7.9151687E+001,-3.8345595E+002,-7.1195561E-002, 0.0000000E+000, 0.0000000E+000, 1.3535533E+001, 1.4614960E+001, 0.0000000E+000, 2.3333823E-002, 0.0000000E+000
 3.9005423E+002, 1.0194949E+003, 0.0000000E+000,-5.0447545E+002,-8.0899360E+001,-3.8391959E+002,-7.0876163E-002, 0.0000000E+000, 0.0000000E+000, 5.3539369E+001, 5.0129602E+001, 0.0000000E+000, 2.3333823E-002, 0.0000000E+000
 3.9102518E+002, 1.0053934E+003, 0.0000000E+000,-5.1592901E+002,-8.0825925E+001,-3.8240946E+002,-7.0558840E-002, 0.0000000E+000, 0.0000000E+000, 2.6959982E+001, 2.6158422E+001, 0.0000000E+000, 2.3333823E-002, 0.0000000E+000
 3.9202869E+002, 1.0000620E+003, 0.0000000E+000,-5.0222449E+002,-8.0976016E+001,-3.8309434E+002,-7.0650536E-002, 0.0000000E+000, 0.0000000E+000, 3.4064928E+001, 3.3696545E+001, 0.0000000E+000, 2.3333823E-002, 0.0000000E+000
 3.9302386E+002, 9.9444019E+002, 0.0000000E+000,-5.0789516E+002,-7.7464240E+001,-3.8368786E+002,-7.1146703E-002, 0.0000000E+000, 0.0000000E+000, 2.9242387E+001, 2.5321793E+001, 0.0000000E+000, 2.3333823E-002, 0.0000000E+000
 3.9405844E+002, 9.9235098E+002, 0.0000000E+000,-5.2073503E+002,-7.2822445E+001,-3.8234239E+002,-7.1265281E-002, 0.0000000E+000, 0.0000000E+000, 1.6158280E+001, 1.6379849E+001, 0.0000000E+000, 2.3333823E-002, 0.0000000E+000
 3.9503613E+002, 9.9979194E+002, 0.0000000E+000,-5.0811992E+002,-7.2301086E+001,-3.8360211E+002,-7.1115321E-002, 0.0000000E+000, 0.0000000E+000, 3.6679024E+001, 3.5697707E+001, 0.0000000E+000, 2.3333823E-002, 0.0000000E+000
 3.9601382E+002, 9.9316695E+002, 0.0000000E+000,-5.0461217E+002,-6.9460126E+001,-3.8483058E+002,-7.1156953E-002, 0.0000000E+000, 0.0000000E+000, 3.3945576E+001, 3.4192924E+001, 0.0000000E+000, 2.3333823E-002, 0.0000000E+000
 3.9708041E+002, 9.9827295E+002, 0.0000000E+000,-5.1209088E+002,-6.6320491E+001,-3.8561560E+002,-7.0758259E-002, 0.0000000E+000, 0.0000000E+000, 3.5758512E+001, 3.4175222E+001, 0.0000000E+000, 2.3333823E-002, 0.0000000E+000
 3.9805811E+002, 1.0110972E+003, 0.0000000E+000,-5.2040884E+002,-6.5974777E+001,-3.8716201E+002,-7.0769953E-002, 0.0000000E+000, 0.0000000E+000, 3.9646402E+001, 3.7480801E+001, 0.0000000E+000, 2.3333823E-002, 0.0000000E+000
 3.9903580E+002, 9.8433282E+002, 0.0000000E+000,-5.1424485E+002,-6.9173117E+001,-3.8856986E+002,-7.1175720E-002, 0.0000000E+000, 0.0000000E+000, 1.3280131E+001, 1.2273820E+001, 0.0000000E+000, 2.3333823E-002, 0.0000000E+000
 4.0001349E+002, 1.0160793E+003, 0.0000000E+000,-5.1853545E+002,-6.9738214E+001,-3.8905486E+002,-7.0689180E-002, 0.0000000E+000, 0.0000000E+000, 3.7686536E+001, 3.8680107E+001, 0.0000000E+000, 2.3333823E-002, 0.0000000E+000
 4.0108896E+002, 1.0070953E+003, 0.0000000E+000,-5.3203504E+002,-6.9644906E+001,-3.8869148E+002,-7.0808199E-002, 0.0000000E+000, 0.0000000E+000, 1.8745253E+001, 1.6653073E+001, 0.0000000E+000, 2.3333823E-002, 0.0000000E+000
 4.0206665E+002, 9.8308992E+002, 0.0000000E+000,-5.0041261E+002,-6.5546567E+001,-3.8830756E+002,-7.1201363E-002, 0.0000000E+000, 0.0000000E+000, 2.7456572E+001, 2.8751979E+001, 0.0000000E+000, 2.3333823E-002, 0.0000000E+000
 4.0301471E+002, 1.0252997E+003, 0.0000000E+000,-5.3706465E+002,-6.4399488E+001,-3.8820807E+002,-7.0845408E-002, 0.0000000E+000, 0.0000000E+000, 3.5655501E+001, 3.5556668E+001, 0.0000000E+000, 2.3333823E-002, 0.0000000E+000
 4.0406940E+002, 9.9026094E+002, 0.0000000E+000,-5.0059989E+002,-6.8581022E+001,-3.8811186E+002,-6.9847883E-002, 0.0000000E+000, 0.0000000E+000, 3.3387921E+001, 3.2898319E+001, 0.0000000E+000, 2.3333823E-002, 0.0000000E+000
 4.0508978E+002, 9.9968036E+002, 0.0000000E+000,-5.0887944E+002,-7.4508035E+001,-3.8753108E+002,-6.9788631E-002, 0.0000000E+000, 0.0000000E+000, 2.8722263E+001, 2.8692009E+001, 0.0000000E+000, 2.3333823E-002, 0.0000000E+000
 4.0607498E+002, 1.0006292E+003, 0.0000000E+000,-5.3216515E+002,-7.2916736E+001,-3.8679441E+002,-7.0399128E-002, 0.0000000E+000, 0.0000000E+000, 9.9723306E+000, 8.6825003E+000, 0.0000000E+000, 2.3333823E-002, 0.0000000E+000
 4.0703525E+002, 9.9854957E+002, 0.0000000E+000,-5.0760315E+002,-7.0454003E+001,-3.8810403E+002,-7.1036914E-002, 0.0000000E+000, 0.0000000E+000, 2.9635644E+001, 3.2317354E+001, 0.0000000E+000, 2.3333823E-002, 0.0000000E+000
 4.0802939E+002, 9.9392743E+002, 0.0000000E+000,-5.0493372E+002,-7.1841053E+001,-3.8848150E+002,-7.1222199E-002, 0.0000000E+000, 0.0000000E+000, 3.2161753E+001, 2.8599924E+001, 0.0000000E+000, 2.3333823E-002, 0.0000000E+000
 4.0900577E+002, 9.8783586E+002, 0.0000000E+000,-5.2133622E+002,-7.2263489E+001,-3.8828080E+002,-7.0185875E-002, 0.0000000E+000, 0.0000000E+000, 7.3078664E+000, 5.8851577E+000, 0.0000000E+000, 2.3333823E-002, 0.0000000E+000
 4.1003958E+002, 1.0271263E+003, 0.0000000E+000,-5.1835561E+002,-7.2300880E+001,-3.8890945E+002,-6.9126490E-002, 0.0000000E+000, 0.0000000E+000, 4.6701059E+001, 4.7491214E+001, 0.0000000E+000, 2.3333823E-002, 0.0000000E+000
 4.1104004E+002, 1.0060108E+003, 0.0000000E+000,-5.2975213E+002,-7.3215460E+001,-3.8794365E+002,-7.0731028E-002, 0.0000000E+000, 0.0000000E+000, 1.6797797E+001, 1.5028784E+001, 0.0000000E+000, 2.3333823E-002, 0.0000000E+000
 4.1207932E+002, 9.9477168E+002, 0.0000000E+000,-5.0665889E+002,-7.3519020E+001,-3.8833634E+002,-7.0094464E-002, 0.0000000E+000, 0.0000000E+000, 2.6901720E+001, 2.6187333E+001, 0.0000000E+000, 2.3333823E-002, 0.0000000E+000
 4.1305215E+002, 9.9480432E+002, 0.0000000E+000,-5.1556681E+002,-7.1904822E+001,-3.8870964E+002,-7.0004772E-002, 0.0000000E+000, 0.0000000E+000, 1.9118684E+001, 1.8553054E+001, 0.0000000E+000, 2.3333823E-002, 0.0000000E+000
 4.1404266E+002, 1.0001107E+003, 0.0000000E+000,-5.1428764E+002,-6.9857994E+001,-3.8835062E+002,-6.9683322E-002, 0.0000000E+000, 0.0000000E+000, 2.8188308E+001, 2.7544744E+001, 0.0000000E+000, 2.3333823E-002, 0.0000000E+000
 4.1501465E+002, 1.0072215E+003, 0.0000000E+000,-5.3033098E+002,-7.3170295E+001,-3.8803177E+002,-7.0177031E-002, 0.0000000E+000, 0.0000000E+000, 1.8517050E+001, 1.5618304E+001, 0.0000000E+000, 2.3333823E-002, 0.0000000E+000
 4.1604636E+002, 1.0069006E+003, 0.0000000E+000,-5.1034729E+002,-7.2403641E+001,-3.8903655E+002,-7.0771844E-002, 0.0000000E+000, 0.0000000E+000, 3.1620247E+001, 3.5042366E+001, 0.0000000E+000, 2.3333823E-002, 0.0000000E+000
 4.1704050E+002, 1.0007720E+003, 0.0000000E+000,-5.0810342E+002,-7.1980704E+001,-3.8902246E+002,-7.1035391E-002, 0.0000000E+000, 0.0000000E+000, 3.3682254E+001, 3.1594377E+001, 0.0000000E+000, 2.3333823E-002, 0.0000000E+000
 4.1807220E+002, 1.0084331E+003, 0.0000000E+000,-5.3172912E+002,-6.9972654E+001,-3.8869149E+002,-7.1089892E-002, 0.0000000E+000, 0.0000000E+000, 1.8166741E+001, 1.7968767E+001, 0.0000000E+000, 2.3333823E-002, 0.0000000E+000
 4.1906088E+002, 9.9747874E+002, 0.0000000E+000,-5.1848662E+002,-6.9958214E+001,-3.9085808E+002,-7.0480179E-002, 0.0000000E+000, 0.0000000E+000, 2.1692106E+001, 1.8105349E+001, 0.0000000E+000, 2.3333823E-002, 0.0000000E+000
 4.2004056E+002, 1.0013605E+003, 0.0000000E+000,-5.1585068E+002,-7.1849697E+001,-3.9103269E+002,-7.0800284E-002, 0.0000000E+000, 0.0000000E+000, 2.2366742E+001, 2.2556662E+001, 0.0000000E+000, 2.3333823E-002, 0.0000000E+000
 4.2100638E+002, 9.9867926E+002, 0.0000000E+000,-5.2310896E+002,-7.2245948E+001,-3.9043696E+002,-7.0908874E-002, 0.0000000E+000, 0.0000000E+000, 1.6853024E+001, 1.2816478E+001, 0.0000000E+000, 2.3333823E-002, 0.0000000E+000
 4.2202631E+002, 9.9831023E+002, 0.0000000E+000,-5.1555531E+002,-7.5197370E+001,-3.9012844E+002,-7.0500270E-002, 0.0000000E+000, 0.0000000E+000, 1.4228637E+001, 1.7358605E+001, 0.0000000E+000, 2.3333823E-002, 0.0000000E+000
 4.2304623E+002, 1.0165563E+003, 0.0000000E+000,-5.2033789E+002,-7.8246486E+001,-3.9116011E+002,-6.9072114E-002, 0.0000000E+000, 0.0000000E+000, 3.0356907E+001, 2.6742703E+001, 0.0000000E+000, 2.3333823E-002, 0.0000000E+000
 4.2400677E+002, 9.9643157E+002, 0.0000000E+000,-5.2219270E+002,-7.6360542E+001,-3.9101262E+002,-7.0668955E-002, 0.0000000E+000, 0.0000000E+000, 9.2152890E+000, 6.7950376E+000, 0.0000000E+000, 2.3333823E-002, 0.0000000E+000
 4.2501169E+002, 9.9383200E+002, 0.0000000E+000,-5.0827441E+002,-7.7115707E+001,-3.9078971E+002,-7.0469943E-002, 0.0000000E+000, 0.0000000E+000, 1.3511330E+001, 1.7581704E+001, 0.0000000E+000, 2.3333823E-002, 0.0000000E+000
 4.2601663E+002, 1.0016924E+003, 0.0000000E+000,-5.1486200E+002,-7.8156305E+001,-3.9043746E+002,-7.0651406E-002, 0.0000000E+000, 0.0000000E+000, 1.9864251E+001, 1.8166030E+001, 0.0000000E+000, 2.3333823E-002, 0.0000000E+000
 4.2707407E+002, 1.0108515E+003, 0.0000000E+000,-5.3149260E+002,-7.6128315E+001,-3.8975693E+002,-7.0580503E-002, 0.0000000E+000, 0.0000000E+000, 1.6755588E+001, 1.3403065E+001, 0.0000000E+000, 2.3333823E-002, 0.0000000E+000
 4.2804840E+002, 9.9243040E+002, 0.0000000E+000,-5.2016053E+002,-7.6847438E+001,-3.8984553E+002,-7.1217805E-002, 0.0000000E+000, 0.0000000E+000, 5.8530318E+000, 5.5056964E+000, 0.0000000E+000, 2.3333823E-002, 0.0000000E+000
 4.2908017E+002, 1.0127666E+003, 0.0000000E+000,-5.1492297E+002,-7.7393671E+001,-3.9047183E+002,-7.0994755E-002, 0.0000000E+000, 0.0000000E+000, 2.7657015E+001, 2.9907173E+001, 0.0000000E+000, 2.3333823E-002, 0.0000000E+000
 4.3004010E+002, 9.8992031E+002, 0.0000000E+000,-5.2027665E+002,-7.7924988E+001,-3.8991008E+002,-7.0862814E-002, 0.0000000E+000, 0.0000000E+000, 7.5187373E+000, 1.7377329E+000, 0.0000000E+000, 2.3333823E-002, 0.0000000E+000
 4.3106726E+002, 9.8921818E+002, 0.0000000E+000,-5.2211870E+002,-7.4949534E+001,-3.8978372E+002,-7.1093617E-002, 0.0000000E+000, 0.0000000E+000, 1.6847800E+000, 2.2951358E+000, 0.0000000E+000, 2.3333823E-002, 0.0000000E+000
 4.3201761E+002, 9.9449332E+002, 0.0000000E+000,-5.2104885E+002,-7.4146217E+001,-3.8995443E+002,-7.0816854E-002, 0.0000000E+000, 0.0000000E+000, 9.4757099E+000, 9.2729995E+000, 0.0000000E+000, 2.3333823E-002, 0.0000000E+000
 4.3305457E+002, 9.9169695E+002, 0.0000000E+000,-5.0692293E+002,-7.6399087E+001,-3.8992333E+002,-7.0860820E-002, 0.0000000E+000, 0.0000000E+000, 1.9574014E+001, 1.8380748E+001, 0.0000000E+000, 2.3333823E-002, 0.0000000E+000
 4.3400708E+002, 1.0007126E+003, 0.0000000E+000,-5.1168286E+002,-7.9374023E+001,-3.8863286E+002,-7.0759257E-002, 0.0000000E+000, 0.0000000E+000, 2.1146543E+001, 2.0952054E+001, 0.0000000E+000, 2.3333823E-002, 0.0000000E+000
 4.3509402E+002, 9.9648999E+002, 0.0000000E+000,-5.1187837E+002,-7.8803941E+001,-3.8781967E+002,-7.0896531E-002, 0.0000000E+000, 0.0000000E+000, 1.6889483E+001, 1.7917105E+001, 0.0000000E+000, 2.3333823E-002, 0.0000000E+000
 4.3603271E+002, 9.9804955E+002, 0.0000000E+000,-5.2629037E+002,-7.5725551E+001,-3.8775474E+002,-7.1228102E-002, 0.0000000E+000, 0.0000000E+000, 9.5982003E+000, 8.2076508E+000, 0.0000000E+000, 2.3333823E-002, 0.0000000E+000
 4.3701096E+002, 9.9872982E+002, 0.0000000E+000,-5.1994230E+002,-7.3107218E+001,-3.8728375E+002,-7.1176267E-002, 0.0000000E+000, 0.0000000E+000, 1.8132826E+001, 1.8325377E+001, 0.0000000E+000, 2.3333823E-002, 0.0000000E+000
 4.3809787E+002, 1.0369808E+003, 0.0000000E+000,-5.2861295E+002,-7.4971044E+001,-3.8778428E+002,-7.0405834E-002, 0.0000000E+000, 0.0000000E+000, 4.4840584E+001, 4.5542071E+001, 0.0000000E+000, 2.3333823E-002, 0.0000000E+000
 4.3905942E+002, 1.0052346E+003, 0.0000000E+000,-5.2078369E+002,-7.6991294E+001,-3.8828052E+002,-7.0715706E-002, 0.0000000E+000, 0.0000000E+000, 1.9263280E+001, 1.9108386E+001, 0.0000000E+000, 2.3333823E-002, 0.0000000E+000
 4.4001099E+002, 9.9806618E+002, 0.0000000E+000,-5.0893584E+002,-7.4520375E+001,-3.8938376E+002,-7.0916785E-002, 0.0000000E+000, 0.0000000E+000, 2.5290446E+001, 2.5155292E+001, 0.0000000E+000, 2.3333823E-002, 0.0000000E+000
 4.4107916E+002, 9.9621803E+002, 0.0000000E+000,-5.2182044E+002,-7.4262513E+001,-3.8948302E+002,-7.0970068E-002, 0.0000000E+000, 0.0000000E+000, 1.2180500E+001, 1.0581094E+001, 0.0000000E+000, 2.3333823E-002, 0.0000000E+000
 4.4208139E+002, 1.0180030E+003, 0.0000000E+000,-5.3880842E+002,-7.1254517E+001,-3.9025375E+002,-7.0494949E-002, 0.0000000E+000, 0.0000000E+000, 2.2374896E+001, 1.7615767E+001, 0.0000000E+000, 2.3333823E-002, 0.0000000E+000
 4.4300012E+002, 1.0024752E+003, 0.0000000E+000,-5.3289003E+002,-7.0002128E+001,-3.9053289E+002,-7.0436072E-002, 0.0000000E+000, 0.0000000E+000, 6.5096278E+000, 8.9797407E+000, 0.0000000E+000, 2.3333823E-002, 0.0000000E+000
 4.4402094E+002, 1.0069081E+003, 0.0000000E+000,-5.2515504E+002,-7.0065443E+001,-3.9099633E+002,-7.0967809E-002, 0.0000000E+000, 0.0000000E+000, 2.0545912E+001, 2.0620354E+001, 0.0000000E+000, 2.3333823E-002, 0.0000000E+000
 4.4504175E+002, 9.9762465E+002, 0.0000000E+000,-5.2070135E+002,-6.9815498E+001,-3.9055717E+002,-7.1181201E-002, 0.0000000E+000, 0.0000000E+000, 1.9435067E+001, 1.6479459E+001, 0.0000000E+000, 2.3333823E-002, 0.0000000E+000
 4.4606253E+002, 9.8799609E+002, 0.0000000E+000,-5.1504031E+002,-6.7624869E+001,-3.9106074E+002,-7.1036782E-002, 0.0000000E+000, 0.0000000E+000, 1.3757382E+001, 1.4199131E+001, 0.0000000E+000, 2.3333823E-002, 0.0000000E+000
 4.4705676E+002, 1.0032019E+003, 0.0000000E+000,-5.2917533E+002,-6.6040189E+001,-3.9114544E+002,-7.0581299E-002, 0.0000000E+000, 0.0000000E+000, 1.4611642E+001, 1.6770324E+001, 0.0000000E+000, 2.3333823E-002, 0.0000000E+000
 4.4802225E+002, 1.0016888E+003, 0.0000000E+000,-5.2231715E+002,-6.5609264E+001,-3.9182582E+002,-7.0825261E-002, 0.0000000E+000, 0.0000000E+000, 2.3918092E+001, 2.1865773E+001, 0.0000000E+000, 2.3333823E-002, 0.0000000E+000
 4.4905652E+002, 1.0005076E+003, 0.0000000E+000,-5.2506462E+002,-6.5938380E+001,-3.9178009E+002,-7.0403350E-002, 0.0000000E+000, 0.0000000E+000, 1.6167765E+001, 1.7654109E+001, 0.0000000E+000, 2.3333823E-002, 0.0000000E+000
 4.5001648E+002, 9.9958121E+002, 0.0000000E+000,-5.2243267E+002,-6.7804419E+001,-3.9117412E+002,-7.0247527E-002, 0.0000000E+000, 0.0000000E+000, 1.8197708E+001, 1.8099748E+001, 0.0000000E+000, 2.3333823E-002, 0.0000000E+000
 4.5108847E+002, 9.9440029E+002, 0.0000000E+000,-5.1435609E+002,-6.9624451E+001,-3.8998535E+002,-7.1012475E-002, 0.0000000E+000, 0.0000000E+000, 2.1286605E+001, 2.0363390E+001, 0.0000000E+000, 2.3333823E-002, 0.0000000E+000
 4.5202014E+002, 1.0053386E+003, 0.0000000E+000,-5.2115317E+002,-6.9789981E+001,-3.9129558E+002,-7.1415752E-002, 0.0000000E+000, 0.0000000E+000, 2.2240108E+001, 2.3028439E+001, 0.0000000E+000, 2.3333823E-002, 0.0000000E+000
 4.5304495E+002, 9.9877200E+002, 0.0000000E+000,-5.3518959E+002,-7.1266402E+001,-3.9144145E+002,-7.0594188E-002, 0.0000000E+000, 0.0000000E+000, 3.2874566E+000, 8.0397292E-001, 0.0000000E+000, 2.3333823E-002, 0.0000000E+000
 4.5407358E+002, 1.0037066E+003, 0.0000000E+000,-5.2418003E+002,-7.3061730E+001,-3.9292478E+002,-7.0872656E-002, 0.0000000E+000, 0.0000000E+000, 1.6130052E+001, 1.3469204E+001, 0.0000000E+000, 2.3333823E-002, 0.0000000E+000
 4.5508270E+002, 9.9648192E+002, 0.0000000E+000,-5.1803774E+002,-7.1470579E+001,-3.9295739E+002,-7.0743422E-002, 0.0000000E+000, 0.0000000E+000, 1.3095369E+001, 1.3945479E+001, 0.0000000E+000, 2.3333823E-002, 0.0000000E+000
 4.5600009E+002, 9.9928395E+002, 0.0000000E+000,-5.2914121E+002,-6.9145248E+001,-3.9237251E+002,-7.0559296E-002, 0.0000000E+000, 0.0000000E+000, 7.9760730E+000, 8.5544172E+000, 0.0000000E+000, 2.3333823E-002, 0.0000000E+000
 4.5704053E+002, 1.0011482E+003, 0.0000000E+000,-5.1259013E+002,-6.9671967E+001,-3.9202404E+002,-7.0952607E-002, 0.0000000E+000, 0.0000000E+000, 2.5917635E+001, 2.6791132E+001, 0.0000000E+000, 2.3333823E-002, 0.0000000E+000
 4.5803485E+002, 1.0086472E+003, 0.0000000E+000,-5.2894757E+002,-7.1283029E+001,-3.9185060E+002,-7.1301822E-002, 0.0000000E+000, 0.0000000E+000, 2.0210331E+001, 1.6494728E+001, 0.0000000E+000, 2.3333823E-002, 0.0000000E+000
 4.5906531E+002, 9.9343346E+002, 0.0000000E+000,-5.1393456E+002,-7.0763133E+001,-3.9061828E+002,-7.1388431E-002, 0.0000000E+000, 0.0000000E+000, 2.0226481E+001, 1.8046107E+001, 0.0000000E+000, 2.3333823E-002, 0.0000000E+000
 4.6005963E+002, 9.9120210E+002, 0.0000000E+000,-5.2529479E+002,-7.0903570E+001,-3.9101472E+002,-7.0789580E-002, 0.0000000E+000, 0.0000000E+000, 4.4789998E+000, 3.9182287E+000, 0.0000000E+000, 2.3333823E-002, 0.0000000E+000
 4.6105392E+002, 9.9620053E+002, 0.0000000E+000,-5.3973066E+002,-7.0834340E+001,-3.9221687E+002,-7.0528755E-002, 0.0000000E+000, 0.0000000E+000,-3.8010949E+000,-6.6518636E+000, 0.0000000E+000, 2.3333823E-002, 0.0000000E+000
 4.6204825E+002, 9.9047947E+002, 0.0000000E+000,-5.2880262E+002,-6.8064900E+001,-3.9270783E+002,-7.0913081E-002, 0.0000000E+000, 0.0000000E+000,-1.8405528E+000, 8.3320729E-001, 0.0000000E+000, 2.3333823E-002, 0.0000000E+000
 4.6304257E+002, 1.0059632E+003, 0.0000000E+000,-5.1843273E+002,-6.8820946E+001,-3.9220300E+002,-7.0690132E-002, 0.0000000E+000, 0.0000000E+000, 2.6263722E+001, 2.6435859E+001, 0.0000000E+000, 2.3333823E-002, 0.0000000E+000
 4.6403662E+002, 1.0204905E+003, 0.0000000E+000,-5.3901181E+002,-7.1596556E+001,-3.9148953E+002,-7.0788351E-002, 0.0000000E+000, 0.0000000E+000, 2.2534861E+001, 1.8321789E+001, 0.0000000E+000, 2.3333823E-002, 0.0000000E+000
 4.6505896E+002, 1.0061048E+003, 0.0000000E+000,-5.2028539E+002,-7.0452123E+001,-3.9189199E+002,-7.0682298E-002, 0.0000000E+000, 0.0000000E+000, 2.0696077E+001, 2.3404578E+001, 0.0000000E+000, 2.3333823E-002, 0.0000000E+000
 4.6606421E+002, 9.9641112E+002, 0.0000000E+000,-5.1932161E+002,-7.0925143E+001,-3.9331431E+002,-7.1270229E-002, 0.0000000E+000, 0.0000000E+000, 1.3902269E+001, 1.2778794E+001, 0.0000000E+000, 2.3333823E-002, 0.0000000E+000
 4.6704346E+002, 1.0019972E+003, 0.0000000E+000,-5.3791172E+002,-7.2646446E+001,-3.9156417E+002,-7.0708851E-002, 0.0000000E+000, 0.0000000E+000, 3.9607575E-002,-1.9579377E-001, 0.0000000E+000, 2.3333823E-002, 0.0000000E+000
 4.6800250E+002, 1.0035536E+003, 0.0000000E+000,-5.2417784E+002,-7.4452008E+001,-3.9088283E+002,-7.0234728E-002, 0.0000000E+000, 0.0000000E+000, 1.5381979E+001, 1.3970675E+001, 0.0000000E+000, 2.3333823E-002, 0.0000000E+000
 4.6901157E+002, 9.8442827E+002, 0.0000000E+000,-5.1557940E+002,-7.4533973E+001,-3.9111712E+002,-7.0496329E-002, 0.0000000E+000, 0.0000000E+000, 1.3174436E+000, 3.1272815E+000, 0.0000000E+000, 2.3333823E-002, 0.0000000E+000
 4.7002063E+002, 1.0190108E+003, 0.0000000E+000,-5.3553046E+002,-7.2669600E+001,-3.9195980E+002,-6.9811372E-002, 0.0000000E+000, 0.0000000E+000, 2.0467949E+001, 1.8781164E+001, 0.0000000E+000, 2.3333823E-002, 0.0000000E+000
 4.7102972E+002, 1.0023338E+003, 0.0000000E+000,-5.4280331E+002,-7.1954020E+001,-3.9290526E+002,-7.0500909E-002, 0.0000000E+000, 0.0000000E+000,-6.6920431E+000,-5.3992630E+000, 0.0000000E+000, 2.3333823E-002, 0.0000000E+000
 4.7203879E+002, 9.9971505E+002, 0.0000000E+000,-5.1169970E+002,-7.4755681E+001,-3.9342826E+002,-7.0799103E-002, 0.0000000E+000, 0.0000000E+000, 2.0262445E+001, 1.9760599E+001, 0.0000000E+000, 2.3333823E-002, 0.0000000E+000
 4.7301379E+002, 9.7422463E+002, 0.0000000E+000,-5.0858250E+002,-7.7531906E+001,-3.9365113E+002,-7.0554465E-002, 0.0000000E+000, 0.0000000E+000,-6.2340371E+000,-5.6114585E+000, 0.0000000E+000, 2.3333823E-002, 0.0000000E+000
 4.7404276E+002, 9.9016154E+002, 0.0000000E+000,-5.2143791E+002,-7.9284347E+001,-3.9225738E+002,-7.0908979E-002, 0.0000000E+000, 0.0000000E+000,-2.1535415E+000,-2.8890026E+000, 0.0000000E+000, 2.3333823E-002, 0.0000000E+000
 4.7503519E+002, 1.0008203E+003, 0.0000000E+000,-5.3974343E+002,-8.2656343E+001,-3.9170443E+002,-7.0288420E-002, 0.0000000E+000, 0.0000000E+000,-1.2114251E+001,-1.3354188E+001, 0.0000000E+000, 2.3333823E-002, 0.0000000E+000
 4.7600128E+002, 9.9298735E+002, 0.0000000E+000,-5.3449338E+002,-8.0941615E+001,-3.9139154E+002,-7.0258010E-002, 0.0000000E+000, 0.0000000E+000,-1.6310012E+001,-1.3909453E+001, 0.0000000E+000, 2.3333823E-002, 0.0000000E+000
 4.7706396E+002, 1.0046406E+003, 0.0000000E+000,-5.2616365E+002,-7.9109194E+001,-3.9256145E+002,-7.0021213E-002, 0.0000000E+000, 0.0000000E+000, 7.2537601E+000, 6.7363276E+000, 0.0000000E+000, 2.3333823E-002, 0.0000000E+000
 4.7801785E+002, 1.0031031E+003, 0.0000000E+000,-5.1472281E+002,-7.7221274E+001,-3.9301583E+002,-7.0312115E-002, 0.0000000E+000, 0.0000000E+000, 1.5889011E+001, 1.8072889E+001, 0.0000000E+000, 2.3333823E-002, 0.0000000E+000
 4.7905890E+002, 1.0130991E+003, 0.0000000E+000,-5.3368806E+002,-7.5434267E+001,-3.9270696E+002,-6.9959763E-002, 0.0000000E+000, 0.0000000E+000, 1.0836603E+001, 1.1199901E+001, 0.0000000E+000, 2.3333823E-002, 0.0000000E+000
 4.8005927E+002, 9.9846860E+002, 0.0000000E+000,-5.3587329E+002,-7.5145167E+001,-3.9292757E+002,-7.0378118E-002, 0.0000000E+000, 0.0000000E+000,-3.0970172E-001,-5.5478100E+000, 0.0000000E+000, 2.3333823E-002, 0.0000000E+000
 4.8103888E+002, 1.0085705E+003, 0.0000000E+000,-5.3898706E+002,-7.6342746E+001,-3.9428508E+002,-7.0155903E-002, 0.0000000E+000, 0.0000000E+000,-3.8363538E+000,-1.1145394E+000, 0.0000000E+000, 2.3333823E-002, 0.0000000E+000
 4.8205222E+002, 9.9587946E+002, 0.0000000E+000,-5.1929978E+002,-7.5472723E+001,-3.9539035E+002,-7.0223393E-002, 0.0000000E+000, 0.0000000E+000, 5.3322491E+000, 5.6463791E+000, 0.0000000E+000, 2.3333823E-002, 0.0000000E+000
 4.8301767E+002, 1.0038959E+003, 0.0000000E+000,-5.2650812E+002,-7.3674264E+001,-3.9520336E+002,-7.0036129E-002, 0.0000000E+000, 0.0000000E+000, 1.0177542E+001, 8.4401066E+000, 0.0000000E+000, 2.3333823E-002, 0.0000000E+000
 4.8401825E+002, 1.0043224E+003, 0.0000000E+000,-5.3164932E+002,-7.5091533E+001,-3.9558499E+002,-6.9891748E-002, 0.0000000E+000, 0.0000000E+000, 4.3288708E+000, 1.9266518E+000, 0.0000000E+000, 2.3333823E-002, 0.0000000E+000
 4.8500131E+002, 9.9856342E+002, 0.0000000E+000,-5.3139149E+002,-7.5785089E+001,-3.9412356E+002,-7.0663846E-002, 0.0000000E+000, 0.0000000E+000,-3.6269866E+000,-2.8073806E+000, 0.0000000E+000, 2.3333823E-002, 0.0000000E+000
 4.8603302E+002, 1.0049964E+003, 0.0000000E+000,-5.2913503E+002,-7.5263870E+001,-3.9431154E+002,-7.0902199E-002, 0.0000000E+000, 0.0000000E+000, 6.0079066E+000, 6.2150965E+000, 0.0000000E+000, 2.3333823E-002, 0.0000000E+000
 4.8706470E+002, 9.8874279E+002, 0.0000000E+000,-5.2432888E+002,-7.0786541E+001,-3.9426377E+002,-7.0977019E-002, 0.0000000E+000, 0.0000000E+000, 1.1841249E+000,-7.0738468E-001, 0.0000000E+000, 2.3333823E-002, 0.0000000E+000
 4.8803516E+002, 1.0047727E+003, 0.0000000E+000,-5.3437754E+002,-6.6932004E+001,-3.9449272E+002,-7.0591873E-002, 0.0000000E+000, 0.0000000E+000, 8.5314463E+000, 8.8998489E+000, 0.0000000E+000, 2.3333823E-002, 0.0000000E+000
 4.8902966E+002, 9.9978459E+002, 0.0000000E+000,-5.3830660E+002,-6.4380645E+001,-3.9394460E+002,-7.1008635E-002, 0.0000000E+000, 0.0000000E+000, 5.1331513E+000, 3.0817304E+000, 0.0000000E+000, 2.3333823E-002, 0.0000000E+000
 4.9005316E+002, 9.9283159E+002, 0.0000000E+000,-5.2770079E+002,-6.4555828E+001,-3.9540055E+002,-7.0505253E-002, 0.0000000E+000, 0.0000000E+000, 4.5780003E+000, 5.1039217E+000, 0.0000000E+000, 2.3333823E-002, 0.0000000E+000
 4.9104645E+002, 1.0014246E+003, 0.0000000E+000,-5.2228138E+002,-6.6216240E+001,-3.9591012E+002,-7.0745846E-002, 0.0000000E+000, 0.0000000E+000, 1.7515583E+001, 1.6946139E+001, 0.0000000E+000, 2.3333823E-002, 0.0000000E+000
 4.9208490E+002, 9.9657288E+002, 0.0000000E+000,-5.1927700E+002,-6.6491316E+001,-3.9583887E+002,-7.0978474E-002, 0.0000000E+000, 0.0000000E+000, 1.9034715E+001, 1.4894710E+001, 0.0000000E+000, 2.3333823E-002, 0.0000000E+000
 4.9307822E+002, 1.0078039E+003, 0.0000000E+000,-5.4540532E+002,-6.6569520E+001,-3.9562870E+002,-7.0867054E-002, 0.0000000E+000, 0.0000000E+000,-2.0344302E+000, 1.2950578E-001, 0.0000000E+000, 2.3333823E-002, 0.0000000E+000
 4.9407150E+002, 9.8417542E+002, 0.0000000E+000,-5.2777042E+002,-6.8154321E+001,-3.9665698E+002,-7.0488090E-002, 0.0000000E+000, 0.0000000E+000,-4.9182553E+000,-8.4767976E+000, 0.0000000E+000, 2.3333823E-002, 0.0000000E+000
 4.9506479E+002, 9.7960398E+002, 0.0000000E+000,-5.1187183E+002,-6.8530122E+001,-3.9621771E+002,-7.1142229E-002, 0.0000000E+000, 0.0000000E+000, 1.3631090E+000, 2.9131778E+000, 0.0000000E+000, 2.3333823E-002, 0.0000000E+000
 4.9605811E+002, 1.0403553E+003, 0.0000000E+000,-5.5804719E+002,-7.0190101E+001,-3.9678067E+002,-6.9989500E-002, 0.0000000E+000, 0.0000000E+000, 1.8031279E+001, 1.5267316E+001, 0.0000000E+000, 2.3333823E-002, 0.0000000E+000
 4.9705139E+002, 1.0063041E+003, 0.0000000E+000,-5.3356337E+002,-7.1736509E+001,-3.9691801E+002,-7.0094156E-002, 0.0000000E+000, 0.0000000E+000, 4.0275239E+000, 4.0161498E+000, 0.0000000E+000, 2.3333823E-002, 0.0000000E+000
 4.9803815E+002, 1.0075760E+003, 0.0000000E+000,-5.2590830E+002,-7.1427389E+001,-3.9710898E+002,-7.0355754E-002, 0.0000000E+000, 0.0000000E+000, 1.3292134E+001, 1.3060981E+001, 0.0000000E+000, 2.3333823E-002, 0.0000000E+000
 4.9900134E+002, 1.0072485E+003, 0.0000000E+000,-5.3642862E+002,-7.3018742E+001,-3.9848742E+002,-6.9536968E-002, 0.0000000E+000, 0.0000000E+000, 2.4572847E+000,-7.5581502E-001, 0.0000000E+000, 2.3333823E-002, 0.0000000E+000
 5.0005212E+002, 9.8632469E+002, 0.0000000E+000,-5.1504236E+002,-7.4902895E+001,-3.9908935E+002,-7.0685055E-002, 0.0000000E+000, 0.0000000E+000,-3.5682759E+000,-2.7806084E+000, 0.0000000E+000, 2.3333823E-002, 0.0000000E+000
 5.0105911E+002, 1.0030803E+003, 0.0000000E+000,-5.3612709E+002,-7.5925297E+001,-3.9836821E+002,-7.0804537E-002, 0.0000000E+000, 0.0000000E+000,-6.4131771E+000,-7.4110882E+000, 0.0000000E+000, 2.3333823E-002, 0.0000000E+000
 5.0208307E+002, 1.0028538E+003, 0.0000000E+000,-5.3587658E+002,-7.2227560E+001,-3.9685344E+002,-7.0428735E-002, 0.0000000E+000, 0.0000000E+000,-2.8685702E+000,-2.1741951E+000, 0.0000000E+000, 2.3333823E-002, 0.0000000E+000
 5.0302173E+002, 9.9523422E+002, 0.0000000E+000,-5.2962365E+002,-7.0728083E+001,-3.9533736E+002,-7.0636379E-002, 0.0000000E+000, 0.0000000E+000, 9.3645773E-001,-5.2549980E-001, 0.0000000E+000, 2.3333823E-002, 0.0000000E+000
 5.0408237E+002, 9.9599031E+002, 0.0000000E+000,-5.2528087E+002,-7.2203559E+001,-3.9500416E+002,-7.0717479E-002, 0.0000000E+000, 0.0000000E+000, 3.0471703E+000, 3.4310102E+000, 0.0000000E+000, 2.3333823E-002, 0.0000000E+000
 5.0501163E+002, 1.0180594E+003, 0.0000000E+000,-5.3598980E+002,-7.3314630E+001,-3.9460868E+002,-7.0415464E-002, 0.0000000E+000, 0.0000000E+000, 1.3609732E+001, 1.4075902E+001, 0.0000000E+000, 2.3333823E-002, 0.0000000E+000
 5.0604413E+002, 1.0157021E+003, 0.0000000E+000,-5.4231626E+002,-7.3082464E+001,-3.9390137E+002,-7.0720805E-002, 0.0000000E+000, 0.0000000E+000, 9.5291954E+000, 6.3312515E+000, 0.0000000E+000, 2.3333823E-002, 0.0000000E+000
 5.0705902E+002, 9.9399621E+002, 0.0000000E+000,-5.2017765E+002,-7.0928026E+001,-3.9240468E+002,-7.1166689E-002, 0.0000000E+000, 0.0000000E+000, 7.4887439E+000, 1.0414684E+001, 0.0000000E+000, 2.3333823E-002, 0.0000000E+000
 5.0802344E+002, 1.0084975E+003, 0.0000000E+000,-5.2783627E+002,-7.0825412E+001,-3.9219525E+002,-7.1071720E-002, 0.0000000E+000, 0.0000000E+000, 1.9651880E+001, 1.7569539E+001, 0.0000000E+000, 2.3333823E-002, 0.0000000E+000
 5.0900012E+002, 9.9338177E+002, 0.0000000E+000,-5.2891675E+002,-7.3757309E+001,-3.9238841E+002,-7.0601453E-002, 0.0000000E+000, 0.0000000E+000, 2.0434690E+000,-1.7512952E+000, 0.0000000E+000, 2.3333823E-002, 0.0000000E+000
 5.1006097E+002, 1.0051355E+003, 0.0000000E+000,-5.4257989E+002,-7.3854330E+001,-3.9189357E+002,-7.0675685E-002, 0.0000000E+000, 0.0000000E+000,-5.3603467E+000,-3.2629225E+000, 0.0000000E+000, 2.3333823E-002, 0.0000000E+000
 5.1108521E+002, 1.0088169E+003, 0.0000000E+000,-5.4032442E+002,-7.0807226E+001,-3.9382887E+002,-7.0299397E-002, 0.0000000E+000, 0.0000000E+000, 2.9901970E+000, 3.7860884E+000, 0.0000000E+000, 2.3333823E-002, 0.0000000E+000
 5.1203162E+002, 1.0091277E+003, 0.0000000E+000,-5.3004203E+002,-6.8575742E+001,-3.9472392E+002,-7.0832201E-002, 0.0000000E+000, 0.0000000E+000, 1.7224016E+001, 1.5715148E+001, 0.0000000E+000, 2.3333823E-002, 0.0000000E+000
 5.1303973E+002, 9.9951826E+002, 0.0000000E+000,-5.2252636E+002,-7.1190974E+001,-3.9390060E+002,-7.0712733E-002, 0.0000000E+000, 0.0000000E+000, 1.3443322E+001, 1.1829606E+001, 0.0000000E+000, 2.3333823E-002, 0.0000000E+000
 5.1404010E+002, 9.9612788E+002, 0.0000000E+000,-5.2906940E+002,-7.5318083E+001,-3.9501676E+002,-7.0589499E-002, 0.0000000E+000, 0.0000000E+000,-3.9975751E+000,-3.3469492E+000, 0.0000000E+000, 2.3333823E-002, 0.0000000E+000
 5.1504663E+002, 9.9080690E+002, 0.0000000E+000,-5.3158107E+002,-7.6538713E+001,-3.9367738E+002,-7.0833357E-002, 0.0000000E+000, 0.0000000E+000,-9.8361680E+000,-1.1061093E+001, 0.0000000E+000, 2.3333823E-002, 0.0000000E+000
 5.1607880E+002, 9.9950359E+002, 0.0000000E+000,-5.3653764E+002,-7.5210164E+001,-3.9264633E+002,-7.0717612E-002, 0.0000000E+000, 0.0000000E+000,-5.4693230E+000,-4.9612646E+000, 0.0000000E+000, 2.3333823E-002, 0.0000000E+000
 5.1701715E+002, 1.0061552E+003, 0.0000000E+000,-5.2833027E+002,-7.7758495E+001,-3.9243069E+002,-6.9879220E-002, 0.0000000E+000, 0.0000000E+000, 1.0646379E+001, 7.5658977E+000, 0.0000000E+000, 2.3333823E-002, 0.0000000E+000
 5.1804932E+002, 9.9891653E+002, 0.0000000E+000,-5.2782921E+002,-8.0624373E+001,-3.9264289E+002,-7.0180722E-002, 0.0000000E+000, 0.0000000E+000,-4.0540075E+000,-2.2501304E+000, 0.0000000E+000, 2.3333823E-002, 0.0000000E+000
 5.1900641E+002, 9.9179504E+002, 0.0000000E+000,-5.2517327E+002,-8.0925077E+001,-3.9282070E+002,-7.1002967E-002, 0.0000000E+000, 0.0000000E+000,-6.9916822E+000,-7.1950103E+000, 0.0000000E+000, 2.3333823E-002, 0.0000000E+000
 5.2003857E+002, 9.9321268E+002, 0.0000000E+000,-5.1936875E+002,-7.9588807E+001,-3.9133059E+002,-7.1196316E-002, 0.0000000E+000, 0.0000000E+000, 2.5732608E+000, 2.8533317E+000, 0.0000000E+000, 2.3333823E-002, 0.0000000E+000
 5.2101904E+002, 1.0329423E+003, 0.0000000E+000,-5.4232350E+002,-7.6346925E+001,-3.9064834E+002,-7.0315867E-002, 0.0000000E+000, 0.0000000E+000, 2.2188141E+001, 2.3553266E+001, 0.0000000E+000, 2.3333823E-002, 0.0000000E+000
 5.2207190E+002, 1.0031738E+003, 0.0000000E+000,-5.3755385E+002,-7.2941602E+001,-3.9076646E+002,-6.9670114E-002, 0.0000000E+000, 0.0000000E+000, 5.2359623E+000, 1.8422512E+000, 0.0000000E+000, 2.3333823E-002, 0.0000000E+000
 5.2307001E+002, 9.9255676E+002, 0.0000000E+000,-5.1909426E+002,-7.0621735E+001,-3.9206794E+002,-7.0553378E-002, 0.0000000E+000, 0.0000000E+000, 9.2852681E+000, 1.0702275E+001, 0.0000000E+000, 2.3333823E-002, 0.0000000E+000
 5.2400562E+002, 1.0080848E+003, 0.0000000E+000,-5.3094822E+002,-7.4117665E+001,-3.9232225E+002,-7.0834509E-002, 0.0000000E+000, 0.0000000E+000, 1.0240936E+001, 1.0625856E+001, 0.0000000E+000, 2.3333823E-002, 0.0000000E+000
 5.2507526E+002, 1.0063565E+003, 0.0000000E+000,-5.3703559E+002,-7.7817935E+001,-3.9171031E+002,-7.0443877E-002, 0.0000000E+000, 0.0000000E+000, 3.3901957E+000,-2.7775026E-001, 0.0000000E+000, 2.3333823E-002, 0.0000000E+000
 5.2602484E+002, 1.0023171E+003, 0.0000000E+000,-5.4960227E+002,-7.8362253E+001,-3.9196350E+002,-7.0516475E-002, 0.0000000E+000, 0.0000000E+000,-1.8803197E+001,-1.7681492E+001, 0.0000000E+000, 2.3333823E-002, 0.0000000E+000
 5.2705658E+002, 1.0010552E+003, 0.0000000E+000,-5.1676728E+002,-7.7093193E+001,-3.9161956E+002,-7.0684503E-002, 0.0000000E+000, 0.0000000E+000, 1.4542048E+001, 1.5504497E+001, 0.0000000E+000, 2.3333823E-002, 0.0000000E+000
 5.2803607E+002, 1.0064488E+003, 0.0000000E+000,-5.3257385E+002,-7.5091604E+001,-3.9314886E+002,-7.0429333E-002, 0.0000000E+000, 0.0000000E+000, 6.3804688E+000, 5.5640992E+000, 0.0000000E+000, 2.3333823E-002, 0.0000000E+000
 5.2908667E+002, 1.0127586E+003, 0.0000000E+000,-5.3547189E+002,-7.3441030E+001,-3.9294327E+002,-7.0788557E-002, 0.0000000E+000, 0.0000000E+000, 9.5670367E+000, 1.0831585E+001, 0.0000000E+000, 2.3333823E-002, 0.0000000E+000
 5.3000079E+002, 1.0033294E+003, 0.0000000E+000,-5.2393248E+002,-7.4672462E+001,-3.9287307E+002,-7.0807126E-002, 0.0000000E+000, 0.0000000E+000, 1.3082947E+001, 1.1780624E+001, 0.0000000E+000, 2.3333823E-002, 0.0000000E+000
 5.3101685E+002, 1.0055605E+003, 0.0000000E+000,-5.3195999E+002,-7.2924158E+001,-3.9298422E+002,-7.0614459E-002, 0.0000000E+000, 0.0000000E+000, 6.7394866E+000, 7.6214968E+000, 0.0000000E+000, 2.3333823E-002, 0.0000000E+000
 5.3202820E+002, 1.0050058E+003, 0.0000000E+000,-5.3548536E+002,-6.9471902E+001,-3.9461037E+002,-6.9138680E-002, 0.0000000E+000, 0.0000000E+000, 7.4716902E+000, 5.3689855E+000, 0.0000000E+000, 2.3333823E-002, 0.0000000E+000
 5.3301599E+002, 1.0058723E+003, 0.0000000E+000,-5.3613129E+002,-6.5211508E+001,-3.9560079E+002,-7.0335663E-002, 0.0000000E+000, 0.0000000E+000, 6.8342051E+000, 8.8583696E+000, 0.0000000E+000, 2.3333823E-002, 0.0000000E+000
 5.3400372E+002, 9.8723512E+002, 0.0000000E+000,-5.2544808E+002,-6.7677800E+001,-3.9764389E+002,-7.0039866E-002, 0.0000000E+000, 0.0000000E+000,-6.3695759E-002,-3.6046837E+000, 0.0000000E+000, 2.3333823E-002, 0.0000000E+000
 5.3506335E+002, 9.9051310E+002, 0.0000000E+000,-5.2560857E+002,-7.1983495E+001,-3.9881426E+002,-7.0653022E-002, 0.0000000E+000, 0.0000000E+000,-4.2524003E+000,-5.9638738E+000, 0.0000000E+000, 2.3333823E-002, 0.0000000E+000
 5.3607697E+002, 1.0149294E+003, 0.0000000E+000,-5.5928444E+002,-7.2059538E+001,-3.9904646E+002,-7.0566011E-002, 0.0000000E+000, 0.0000000E+000,-1.4923033E+001,-1.5531607E+001, 0.0000000E+000, 2.3333823E-002, 0.0000000E+000
 5.3702979E+002, 9.9903764E+002, 0.0000000E+000,-5.2440057E+002,-7.1169901E+001,-3.9958213E+002,-7.1181081E-002, 0.0000000E+000, 0.0000000E+000, 5.1467380E+000, 3.8138640E+000, 0.0000000E+000, 2.3333823E-002, 0.0000000E+000
 5.3804321E+002, 9.9315314E+002, 0.0000000E+000,-5.2520862E+002,-7.0511125E+001,-3.9852535E+002,-7.1251464E-002, 0.0000000E+000, 0.0000000E+000,-2.2371934E+000,-1.1632116E+000, 0.0000000E+000, 2.3333823E-002, 0.0000000E+000
 5.3909131E+002, 1.0066349E+003, 0.0000000E+000,-5.3980812E+002,-6.8839163E+001,-3.9769767E+002,-7.0943146E-002, 0.0000000E+000, 0.0000000E+000, 1.8711358E+000, 2.1901795E-001, 0.0000000E+000, 2.3333823E-002, 0.0000000E+000
 5.4001556E+002, 1.0274294E+003, 0.0000000E+000,-5.5625155E+002,-7.0796597E+001,-3.9736194E+002,-7.0777343E-002, 0.0000000E+000, 0.0000000E+000, 2.6111052E+000, 2.9484886E+000, 0.0000000E+000, 2.3333823E-002, 0.0000000E+000
 5.4104456E+002, 1.0015299E+003, 0.0000000E+000,-5.1932707E+002,-7.0309969E+001,-3.9701330E+002,-7.1085483E-002, 0.0000000E+000, 0.0000000E+000, 1.4563215E+001, 1.4808470E+001, 0.0000000E+000, 2.3333823E-002, 0.0000000E+000
 5.4208209E+002, 9.9590406E+002, 0.0000000E+000,-5.2929601E+002,-6.9442118E+001,-3.9642214E+002,-7.1179327E-002, 0.0000000E+000, 0.0000000E+000, 5.1235713E+000, 6.7260577E-001, 0.0000000E+000, 2.3333823E-002, 0.0000000E+000
 5.4302539E+002, 9.8662026E+002, 0.0000000E+000,-5.3171324E+002,-6.9633604E+001,-3.9688780E+002,-7.1010326E-002, 0.0000000E+000, 0.0000000E+000,-1.2874748E+001,-1.1685394E+001, 0.0000000E+000, 2.3333823E-002, 0.0000000E+000
 5.4406293E+002, 1.0017544E+003, 0.0000000E+000,-5.3288293E+002,-7.0650052E+001,-3.9739492E+002,-7.0747141E-002, 0.0000000E+000, 0.0000000E+000,-2.3433336E+000, 7.5577980E-001, 0.0000000E+000, 2.3333823E-002, 0.0000000E+000
 5.4500616E+002, 1.0005787E+003, 0.0000000E+000,-5.3631835E+002,-7.1946921E+001,-3.9625512E+002,-7.1173523E-002, 0.0000000E+000, 0.0000000E+000, 8.3000466E-001,-4.0128461E+000, 0.0000000E+000, 2.3333823E-002, 0.0000000E+000
 5.4604376E+002, 1.0020175E+003, 0.0000000E+000,-5.3808766E+002,-7.1246403E+001,-3.9644331E+002,-7.0629181E-002, 0.0000000E+000, 0.0000000E+000,-7.5722893E+000,-3.8304996E+000, 0.0000000E+000, 2.3333823E-002, 0.0000000E+000
 5.4708453E+002, 1.0303962E+003, 0.0000000E+000,-5.4392031E+002,-7.2164064E+001,-3.9686363E+002,-7.0576911E-002, 0.0000000E+000, 0.0000000E+000, 2.3396629E+001, 1.7377616E+001, 0.0000000E+000, 2.3333823E-002, 0.0000000E+000
 5.4808783E+002, 1.0040762E+003, 0.0000000E+000,-5.4021354E+002,-7.0620295E+001,-3.9638788E+002,-7.0393290E-002, 0.0000000E+000, 0.0000000E+000,-5.3078139E+000,-3.2159264E+000, 0.0000000E+000, 2.3333823E-002, 0.0000000E+000
 5.4906390E+002, 1.0103394E+003, 0.0000000E+000,-5.4003246E+002,-6.8569163E+001,-3.9641357E+002,-7.0713722E-002, 0.0000000E+000, 0.0000000E+000, 3.7781674E+000, 5.2534506E+000, 0.0000000E+000, 2.3333823E-002, 0.0000000E+000
 5.5007068E+002, 9.9812287E+002, 0.0000000E+000,-5.1983876E+002,-7.1882188E+001,-3.9646759E+002,-7.0791214E-002, 0.0000000E+000, 0.0000000E+000, 1.4055891E+001, 9.8635467E+000, 0.0000000E+000, 2.3333823E-002, 0.0000000E+000
 5.5101508E+002, 9.9125814E+002, 0.0000000E+000,-5.4215832E+002,-7.3011822E+001,-3.9564604E+002,-7.0903407E-002, 0.0000000E+000, 0.0000000E+000,-1.9823931E+001,-1.9628947E+001, 0.0000000E+000, 2.3333823E-002, 0.0000000E+000
 5.5205383E+002, 9.8792408E+002, 0.0000000E+000,-5.1839656E+002,-7.1209403E+001,-3.9585446E+002,-7.0832586E-002, 0.0000000E+000, 0.0000000E+000, 4.4364525E+000, 2.3928188E+000, 0.0000000E+000, 2.3333823E-002, 0.0000000E+000
 5.5309265E+002, 9.9597457E+002, 0.0000000E+000,-5.3445251E+002,-7.2664083E+001,-3.9487249E+002,-7.0316519E-002, 0.0000000E+000, 0.0000000E+000,-3.7060215E+000,-6.0848295E+000, 0.0000000E+000, 2.3333823E-002, 0.0000000E+000
 5.5403699E+002, 1.0072881E+003, 0.0000000E+000,-5.5358628E+002,-7.3943087E+001,-3.9352514E+002,-6.9905863E-002, 0.0000000E+000, 0.0000000E+000,-1.4274238E+001,-1.3836361E+001, 0.0000000E+000, 2.3333823E-002, 0.0000000E+000
 5.5507581E+002, 1.0010707E+003, 0.0000000E+000,-5.4005553E+002,-7.3797766E+001,-3.9334861E+002,-6.9743729E-002, 0.0000000E+000, 0.0000000E+000,-6.8634642E+000,-6.2009351E+000, 0.0000000E+000, 2.3333823E-002, 0.0000000E+000
 5.5602014E+002, 1.0021044E+003, 0.0000000E+000,-5.4057354E+002,-7.1211100E+001,-3.9321530E+002,-6.9744927E-002, 0.0000000E+000, 0.0000000E+000,-1.3208564E+000,-2.9652722E+000, 0.0000000E+000, 2.3333823E-002, 0.0000000E+000
 5.5705896E+002, 9.9283003E+002, 0.0000000E+000,-5.2581770E+002,-7.1205414E+001,-3.9353090E+002,-7.0371394E-002, 0.0000000E+000, 0.0000000E+000, 2.7650486E+000, 2.2056484E+000, 0.0000000E+000, 2.3333823E-002, 0.0000000E+000
 5.5800330E+002, 9.9856064E+002, 0.0000000E+000,-5.2866168E+002,-7.3665680E+001,-3.9363559E+002,-7.0971001E-002, 0.0000000E+000, 0.0000000E+000, 1.5168412E+000, 2.5267149E+000, 0.0000000E+000, 2.3333823E-002, 0.0000000E+000
 5.5900433E+002, 9.9750518E+002, 0.0000000E+000,-5.2581236E+002,-7.4920886E+001,-3.9436915E+002,-7.0864675E-002, 0.0000000E+000, 0.0000000E+000, 5.0532296E+000, 2.3319235E+000, 0.0000000E+000, 2.3333823E-002, 0.0000000E+000
 5.6006287E+002, 1.0167667E+003, 0.0000000E+000,-5.5746658E+002,-7.7984568E+001,-3.9405375E+002,-6.9548314E-002, 0.0000000E+000, 0.0000000E+000,-1.2963237E+001,-1.2807737E+001, 0.0000000E+000, 2.3333823E-002, 0.0000000E+000
 5.6102454E+002, 1.0101590E+003, 0.0000000E+000,-5.3054896E+002,-7.6249601E+001,-3.9578730E+002,-7.0485098E-002, 0.0000000E+000, 0.0000000E+000, 6.1852305E+000, 7.5026581E+000, 0.0000000E+000, 2.3333823E-002, 0.0000000E+000
 5.6203802E+002, 1.0001754E+003, 0.0000000E+000,-5.2167348E+002,-7.4167401E+001,-3.9689698E+002,-7.0478485E-002, 0.0000000E+000, 0.0000000E+000, 6.3830117E+000, 7.3670956E+000, 0.0000000E+000, 2.3333823E-002, 0.0000000E+000
 5.6305359E+002, 1.0179182E+003, 0.0000000E+000,-5.4312098E+002,-7.4169049E+001,-3.9635432E+002,-6.9391790E-002, 0.0000000E+000, 0.0000000E+000, 5.8552485E+000, 4.2044629E+000, 0.0000000E+000, 2.3333823E-002, 0.0000000E+000
 5.6402332E+002, 1.0044170E+003, 0.0000000E+000,-5.4744946E+002,-7.4276978E+001,-3.9503126E+002,-6.9277987E-002, 0.0000000E+000, 0.0000000E+000,-1.0952292E+001,-1.2409977E+001, 0.0000000E+000, 2.3333823E-002, 0.0000000E+000
 5.6505981E+002, 9.9584474E+002, 0.0000000E+000,-5.1554779E+002,-7.3662909E+001,-3.9454533E+002,-7.0097461E-002, 0.0000000E+000, 0.0000000E+000, 1.1823535E+001, 1.2018618E+001, 0.0000000E+000, 2.3333823E-002, 0.0000000E+000
 5.6608783E+002, 1.0015721E+003, 0.0000000E+000,-5.4224335E+002,-7.3811387E+001,-3.9372554E+002,-7.0114307E-002, 0.0000000E+000, 0.0000000E+000,-9.1907773E+000,-8.2782866E+000, 0.0000000E+000, 2.3333823E-002, 0.0000000E+000
 5.6706720E+002, 1.0110089E+003, 0.0000000E+000,-5.3731292E+002,-7.2803931E+001,-3.9401817E+002,-7.0435082E-002, 0.0000000E+000, 0.0000000E+000, 7.2983953E+000, 6.8034378E+000, 0.0000000E+000, 2.3333823E-002, 0.0000000E+000
 5.6807190E+002, 1.0021051E+003, 0.0000000E+000,-5.3590444E+002,-7.3673808E+001,-3.9447380E+002,-7.0477767E-002, 0.0000000E+000, 0.0000000E+000,-7.7967554E-001,-2.0174051E+000, 0.0000000E+000, 2.3333823E-002, 0.0000000E+000
 5.6902637E+002, 9.9433837E+002, 0.0000000E+000,-5.2151978E+002,-7.3190621E+001,-3.9421247E+002,-7.0777584E-002, 0.0000000E+000, 0.0000000E+000, 4.5684579E+000, 5.3447162E+000, 0.0000000E+000, 2.3333823E-002, 0.0000000E+000
 5.7003943E+002, 1.0063583E+003, 0.0000000E+000,-5.4282173E+002,-7.5302320E+001,-3.9281650E+002,-7.0849080E-002, 0.0000000E+000, 0.0000000E+000,-4.1388628E+000,-4.6531464E+000, 0.0000000E+000, 2.3333823E-002, 0.0000000E+000
 5.7105249E+002, 9.8833895E+002, 0.0000000E+000,-5.4684114E+002,-7.6646722E+001,-3.9235967E+002,-7.0836377E-002, 0.0000000E+000, 0.0000000E+000,-2.5741632E+001,-2.7579427E+001, 0.0000000E+000, 2.3333823E-002, 0.0000000E+000
 5.7206555E+002, 9.9376669E+002, 0.0000000E+000,-5.3215883E+002,-7.8260565E+001,-3.9281808E+002,-7.0747888E-002, 0.0000000E+000, 0.0000000E+000,-1.1830429E+001,-9.5415365E+000, 0.0000000E+000, 2.3333823E-002, 0.0000000E+000
 5.7307861E+002, 1.0025127E+003, 0.0000000E+000,-5.3717867E+002,-7.8310468E+001,-3.9275760E+002,-7.0840865E-002, 0.0000000E+000, 0.0000000E+000,-3.5597452E+000,-5.8048923E+000, 0.0000000E+000, 2.3333823E-002, 0.0000000E+000
 5.7409167E+002, 9.9299870E+002, 0.0000000E+000,-5.3097361E+002,-7.7810274E+001,-3.9207734E+002,-7.0860518E-002, 0.0000000E+000, 0.0000000E+000,-1.1273642E+001,-7.9333801E+000, 0.0000000E+000, 2.3333823E-002, 0.0000000E+000
 5.7501263E+002, 1.0155554E+003, 0.0000000E+000,-5.3917068E+002,-7.8930431E+001,-3.9221406E+002,-7.0729050E-002, 0.0000000E+000, 0.0000000E+000, 8.1805986E+000, 5.1695320E+000, 0.0000000E+000, 2.3333823E-002, 0.0000000E+000
 5.7602570E+002, 9.8685161E+002, 0.0000000E+000,-5.3364731E+002,-7.6491973E+001,-3.9131603E+002,-7.0465108E-002, 0.0000000E+000, 0.0000000E+000,-1.5094802E+001,-1.4674166E+001, 0.0000000E+000, 2.3333823E-002, 0.0000000E+000
 5.7703876E+002, 1.0043782E+003, 0.0000000E+000,-5.3488195E+002,-7.4231080E+001,-3.9163457E+002,-7.0229746E-002, 0.0000000E+000, 0.0000000E+000, 1.9760029E+000, 3.5603901E+000, 0.0000000E+000, 2.3333823E-002, 0.0000000E+000
 5.7800580E+002, 9.9936566E+002, 0.0000000E+000,-5.2350614E+002,-7.3408287E+001,-3.9153406E+002,-7.0661240E-002, 0.0000000E+000, 0.0000000E+000, 1.1825024E+001, 1.0846509E+001, 0.0000000E+000, 2.3333823E-002, 0.0000000E+000
 5.7906635E+002, 9.9636610E+002, 0.0000000E+000,-5.2769601E+002,-7.3717988E+001,-3.9014978E+002,-7.0796310E-002, 0.0000000E+000, 0.0000000E+000, 5.2778136E+000, 4.7315238E+000, 0.0000000E+000, 2.3333823E-002, 0.0000000E+000
 5.8001721E+002, 9.9725441E+002, 0.0000000E+000,-5.2033755E+002,-7.4410267E+001,-3.8990852E+002,-7.0141803E-002, 0.0000000E+000, 0.0000000E+000, 1.1514508E+001, 1.2527929E+001, 0.0000000E+000, 2.3333823E-002, 0.0000000E+000
 5.8106158E+002, 1.0204414E+003, 0.0000000E+000,-5.3975826E+002,-7.4557256E+001,-3.9173392E+002,-6.9988237E-002, 0.0000000E+000, 0.0000000E+000, 1.6798342E+001, 1.4321975E+001, 0.0000000E+000, 2.3333823E-002, 0.0000000E+000
 5.8208405E+002, 9.9101977E+002, 0.0000000E+000,-5.3126055E+002,-7.6701344E+001,-3.9268701E+002,-7.0360494E-002, 0.0000000E+000, 0.0000000E+000,-3.8320734E+000,-9.6994888E+000, 0.0000000E+000, 2.3333823E-002, 0.0000000E+000
 5.8306384E+002, 1.0033674E+003, 0.0000000E+000,-5.3347726E+002,-7.9372879E+001,-3.9423914E+002,-7.0699028E-002, 0.0000000E+000, 0.0000000E+000,-5.8046553E+000,-3.7925970E+000, 0.0000000E+000, 2.3333823E-002, 0.0000000E+000
 5.8405109E+002, 9.9406295E+002, 0.0000000E+000,-5.3632103E+002,-7.9657567E+001,-3.9475612E+002,-7.0772740E-002, 0.0000000E+000, 0.0000000E+000,-1.4744746E+001,-1.6742537E+001, 0.0000000E+000, 2.3333823E-002, 0.0000000E+000
 5.8502063E+002, 9.9561773E+002, 0.0000000E+000,-5.3075058E+002,-7.9117714E+001,-3.9483578E+002,-7.0563255E-002, 0.0000000E+000, 0.0000000E+000,-9.0980996E+000,-9.1569034E+000, 0.0000000E+000, 2.3333823E-002, 0.0000000E+000
 5.8608716E+002, 1.0023130E+003, 0.0000000E+000,-5.3125966E+002,-7.7521767E+001,-3.9586376E+002,-6.9938525E-002, 0.0000000E+000, 0.0000000E+000,-9.9202746E-001,-2.4020763E+000, 0.0000000E+000, 2.3333823E-002, 0.0000000E+000
 5.8705670E+002, 1.0057771E+003, 0.0000000E+000,-5.3694823E+002,-7.3988993E+001,-3.9573891E+002,-7.0195038E-002, 0.0000000E+000, 0.0000000E+000, 4.6747207E-001,-9.6923995E-001, 0.0000000E+000, 2.3333823E-002, 0.0000000E+000
 5.8802625E+002, 1.0031025E+003, 0.0000000E+000,-5.4420515E+002,-7.4140466E+001,-3.9597144E+002,-7.0289472E-002, 0.0000000E+000, 0.0000000E+000,-9.0199324E+000,-1.1284822E+001, 0.0000000E+000, 2.3333823E-002, 0.0000000E+000
 5.8908301E+002, 1.0071891E+003, 0.0000000E+000,-5.4245217E+002,-7.7107883E+001,-3.9711276E+002,-7.0266984E-002, 0.0000000E+000, 0.0000000E+000,-1.1385874E+001,-9.5539408E+000, 0.0000000E+000, 2.3333823E-002, 0.0000000E+000
 5.9004169E+002, 1.0073631E+003, 0.0000000E+000,-5.2359995E+002,-7.4944884E+001,-3.9716230E+002,-7.0090089E-002, 0.0000000E+000, 0.0000000E+000, 1.1869550E+001, 1.1585887E+001, 0.0000000E+000, 2.3333823E-002, 0.0000000E+000
 5.9100043E+002, 1.0063857E+003, 0.0000000E+000,-5.2571432E+002,-7.2079834E+001,-3.9672536E+002,-7.0220569E-002, 0.0000000E+000, 0.0000000E+000, 1.5906648E+001, 1.1795961E+001, 0.0000000E+000, 2.3333823E-002, 0.0000000E+000
 5.9204633E+002, 9.9885780E+002, 0.0000000E+000,-5.4645146E+002,-7.0643341E+001,-3.9577360E+002,-7.0878898E-002, 0.0000000E+000, 0.0000000E+000,-1.3680514E+001,-1.4081473E+001, 0.0000000E+000, 2.3333823E-002, 0.0000000E+000
 5.9302295E+002, 1.0021644E+003, 0.0000000E+000,-5.3507057E+002,-7.2612581E+001,-3.9638231E+002,-7.0808454E-002, 0.0000000E+000, 0.0000000E+000,-1.2398917E+000,-1.9718276E+000, 0.0000000E+000, 2.3333823E-002, 0.0000000E+000
 5.9409180E+002, 1.0011433E+003, 0.0000000E+000,-5.2669511E+002,-7.3827848E+001,-3.9715041E+002,-7.0709887E-002, 0.0000000E+000, 0.0000000E+000, 7.5796382E+000, 3.3992510E+000, 0.0000000E+000, 2.3333823E-002, 0.0000000E+000
 5.9503241E+002, 9.9813706E+002, 0.0000000E+000,-5.4201811E+002,-7.2871266E+001,-3.9726073E+002,-7.0587620E-002, 0.0000000E+000, 0.0000000E+000,-1.4820729E+001,-1.4083627E+001, 0.0000000E+000, 2.3333823E-002, 0.0000000E+000
 5.9606708E+002, 9.9588246E+002, 0.0000000E+000,-5.3470647E+002,-6.9650449E+001,-3.9752840E+002,-7.0385128E-002, 0.0000000E+000, 0.0000000E+000,-5.5954401E+000,-6.0732436E+000, 0.0000000E+000, 2.3333823E-002, 0.0000000E+000
 5.9700769E+002, 1.0106442E+003, 0.0000000E+000,-5.3632657E+002,-6.5559652E+001,-3.9886432E+002,-7.0244439E-002, 0.0000000E+000, 0.0000000E+000, 8.5368162E+000, 9.8234319E+000, 0.0000000E+000, 2.3333823E-002, 0.0000000E+000
 5.9804236E+002, 1.0009767E+003, 0.0000000E+000,-5.3824232E+002,-6.3875519E+001,-3.9759306E+002,-7.0214113E-002, 0.0000000E+000, 0.0000000E+000, 4.5597900E+000, 1.1956012E+000, 0.0000000E+000, 2.3333823E-002, 0.0000000E+000
 5.9904871E+002, 1.0134029E+003, 0.0000000E+000,-5.5812636E+002,-6.3026338E+001,-3.9687566E+002,-6.9896338E-002, 0.0000000E+000, 0.0000000E+000,-5.1871284E+000,-4.6953097E+000, 0.0000000E+000, 2.3333823E-002, 0.0000000E+000
 6.0002704E+002, 9.9754701E+002, 0.0000000E+000,-5.2337642E+002,-6.4905136E+001,-3.9689921E+002,-6.9687885E-002, 0.0000000E+000, 0.0000000E+000, 1.2368438E+001, 1.2296551E+001, 0.0000000E+000, 2.3333823E-002, 0.0000000E+000
 6.0101355E+002, 1.0017927E+003, 0.0000000E+000,-5.3709576E+002,-7.1994018E+001,-3.9758746E+002,-6.9967863E-002, 0.0000000E+000, 0.0000000E+000,-3.2751135E+000,-4.9544918E+000, 0.0000000E+000, 2.3333823E-002, 0.0000000E+000
 6.0200006E+002, 9.9550662E+002, 0.0000000E+000,-5.2765659E+002,-7.4446935E+001,-3.9696780E+002,-7.0175090E-002, 0.0000000E+000, 0.0000000E+000,-2.9154685E+000,-3.6348807E+000, 0.0000000E+000, 2.3333823E-002, 0.0000000E+000
 6.0300366E+002, 9.9938617E+002, 0.0000000E+000,-5.2866453E+002,-7.5694292E+001,-3.9675955E+002,-7.0693567E-002, 0.0000000E+000, 0.0000000E+000,-2.4606802E+000,-1.8028986E+000, 0.0000000E+000, 2.3333823E-002, 0.0000000E+000
 6.0403333E+002, 1.0098914E+003, 0.0000000E+000,-5.4102845E+002,-7.6357215E+001,-3.9700617E+002,-7.0622057E-002, 0.0000000E+000, 0.0000000E+000,-3.4706817E+000,-4.5710719E+000, 0.0000000E+000, 2.3333823E-002, 0.0000000E+000
 6.0506293E+002, 9.9244915E+002, 0.0000000E+000,-5.2541542E+002,-7.3962831E+001,-3.9705662E+002,-7.0680334E-002, 0.0000000E+000, 0.0000000E+000,-5.0030076E+000,-4.0563948E+000, 0.0000000E+000, 2.3333823E-002, 0.0000000E+000
 6.0603247E+002, 1.0045947E+003, 0.0000000E+000,-5.3794042E+002,-6.9986574E+001,-3.9707986E+002,-7.0479616E-002, 0.0000000E+000, 0.0000000E+000,-1.8819474E+000,-4.8259450E-001, 0.0000000E+000, 2.3333823E-002, 0.0000000E+000
 6.0707068E+002, 9.9058824E+002, 0.0000000E+000,-5.3480047E+002,-6.6726202E+001,-3.9667758E+002,-7.0584840E-002, 0.0000000E+000, 0.0000000E+000,-6.5352625E+000,-7.6865916E+000, 0.0000000E+000, 2.3333823E-002, 0.0000000E+000
 6.0801453E+002, 1.0030252E+003, 0.0000000E+000,-5.2868637E+002,-6.7967739E+001,-3.9662195E+002,-7.0468420E-002, 0.0000000E+000, 0.0000000E+000, 9.4199468E+000, 9.6786739E+000, 0.0000000E+000, 2.3333823E-002, 0.0000000E+000
 6.0905273E+002, 1.0006450E+003, 0.0000000E+000,-5.4378940E+002,-7.2325365E+001,-3.9646755E+002,-7.0832275E-002, 0.0000000E+000, 0.0000000E+000,-1.2179968E+001,-1.2008104E+001, 0.0000000E+000, 2.3333823E-002, 0.0000000E+000
 6.1009088E+002, 9.9945798E+002, 0.0000000E+000,-5.2246582E+002,-7.2127843E+001,-3.9642257E+002,-7.1124555E-002, 0.0000000E+000, 0.0000000E+000, 9.4468089E+000, 8.3706164E+000, 0.0000000E+000, 2.3333823E-002, 0.0000000E+000
 6.1106409E+002, 1.0244328E+003, 0.0000000E+000,-5.3601169E+002,-7.1376362E+001,-3.9496905E+002,-7.0297836E-002, 0.0000000E+000, 0.0000000E+000, 2.2457957E+001, 2.2005428E+001, 0.0000000E+000, 2.3333823E-002, 0.0000000E+000
 6.1207922E+002, 9.9055737E+002, 0.0000000E+000,-5.3523572E+002,-7.1754431E+001,-3.9439725E+002,-7.1027214E-002, 0.0000000E+000, 0.0000000E+000,-7.7765681E+000,-1.0901051E+001, 0.0000000E+000, 2.3333823E-002, 0.0000000E+000
 6.1304364E+002, 9.9061185E+002, 0.0000000E+000,-5.2717277E+002,-7.1026267E+001,-3.9315285E+002,-7.0845234E-002, 0.0000000E+000, 0.0000000E+000,-1.3014063E+000,-8.1087782E-001, 0.0000000E+000, 2.3333823E-002, 0.0000000E+000
 6.1407092E+002, 1.0075133E+003, 0.0000000E+000,-5.4646773E+002,-7.0801753E+001,-3.9184911E+002,-7.0673267E-002, 0.0000000E+000, 0.0000000E+000,-1.9527995E+000,-1.6759242E+000, 0.0000000E+000, 2.3333823E-002, 0.0000000E+000
 6.1506281E+002, 1.0060296E+003, 0.0000000E+000,-5.3275695E+002,-7.4108366E+001,-3.9326641E+002,-7.0935891E-002, 0.0000000E+000, 0.0000000E+000, 7.3490426E+000, 5.8269400E+000, 0.0000000E+000, 2.3333823E-002, 0.0000000E+000
 6.1605463E+002, 9.9315134E+002, 0.0000000E+000,-5.2779334E+002,-7.6989870E+001,-3.9341071E+002,-7.1057921E-002, 0.0000000E+000, 0.0000000E+000,-5.3081959E+000,-5.1136274E+000, 0.0000000E+000, 2.3333823E-002, 0.0000000E+000
 6.1704651E+002, 1.0014682E+003, 0.0000000E+000,-5.3839082E+002,-7.7434540E+001,-3.9303932E+002,-6.9756362E-002, 0.0000000E+000, 0.0000000E+000,-6.5019306E+000,-7.4662697E+000, 0.0000000E+000, 2.3333823E-002, 0.0000000E+000
 6.1803839E+002, 9.9714359E+002, 0.0000000E+000,-5.3918114E+002,-7.6415419E+001,-3.9403995E+002,-7.0384205E-002, 0.0000000E+000, 0.0000000E+000,-1.2824515E+001,-1.2563294E+001, 0.0000000E+000, 2.3333823E-002, 0.0000000E+000
 6.1903027E+002, 1.0028652E+003, 0.0000000E+000,-5.3155968E+002,-7.7474260E+001,-3.9431919E+002,-7.0347653E-002, 0.0000000E+000, 0.0000000E+000, 4.5736156E-001,-5.5825102E-001, 0.0000000E+000, 2.3333823E-002, 0.0000000E+000
 6.2002216E+002, 1.0050384E+003, 0.0000000E+000,-5.3432640E+002,-8.3015059E+001,-3.9432960E+002,-7.0648558E-002, 0.0000000E+000, 0.0000000E+000,-7.6843352E+000,-6.7032648E+000, 0.0000000E+000, 2.3333823E-002, 0.0000000E+000
 6.2101398E+002, 1.0074427E+003, 0.0000000E+000,-5.4223469E+002,-8.5641203E+001,-3.9369714E+002,-7.0756068E-002, 0.0000000E+000, 0.0000000E+000,-1.3681140E+001,-1.4201105E+001, 0.0000000E+000, 2.3333823E-002, 0.0000000E+000
 6.2200586E+002, 9.9127514E+002, 0.0000000E+000,-5.3018896E+002,-8.3531301E+001,-3.9434685E+002,-7.0148441E-002, 0.0000000E+000, 0.0000000E+000,-1.7008294E+001,-1.6862120E+001, 0.0000000E+000, 2.3333823E-002, 0.0000000E+000
 6.2308789E+002, 1.0021042E+003, 0.0000000E+000,-5.3900130E+002,-8.0167389E+001,-3.9472159E+002,-7.0650741E-002, 0.0000000E+000, 0.0000000E+000,-1.2888319E+001,-1.1856768E+001, 0.0000000E+000, 2.3333823E-002, 0.0000000E+000
 6.2407977E+002, 1.0109849E+003, 0.0000000E+000,-5.3765701E+002,-7.8343539E+001,-3.9442398E+002,-7.0765269E-002, 0.0000000E+000, 0.0000000E+000, 3.3518387E+000, 4.8958665E-001, 0.0000000E+000, 2.3333823E-002, 0.0000000E+000
 6.2507166E+002, 9.9579604E+002, 0.0000000E+000,-5.4111136E+002,-8.2251756E+001,-3.9302464E+002,-7.0489336E-002, 0.0000000E+000, 0.0000000E+000,-1.8826574E+001,-2.0662207E+001, 0.0000000E+000, 2.3333823E-002, 0.0000000E+000
 6.2606354E+002, 9.9693765E+002, 0.0000000E+000,-5.3089653E+002,-8.6050223E+001,-3.9378617E+002,-7.0664705E-002, 0.0000000E+000, 0.0000000E+000,-1.6217595E+001,-1.3865938E+001, 0.0000000E+000, 2.3333823E-002, 0.0000000E+000
 6.2705536E+002, 1.0163443E+003, 0.0000000E+000,-5.5050309E+002,-8.7642164E+001,-3.9407963E+002,-7.0681487E-002, 0.0000000E+000, 0.0000000E+000,-1.5141387E+001,-1.5951226E+001, 0.0000000E+000, 2.3333823E-002, 0.0000000E+000
 6.2803821E+002, 9.9541504E+002, 0.0000000E+000,-5.3509693E+002,-8.5188466E+001,-3.9307006E+002,-7.0910609E-002, 0.0000000E+000, 0.0000000E+000,-1.8238745E+001,-1.8011324E+001, 0.0000000E+000, 2.3333823E-002, 0.0000000E+000
 6.2903009E+002, 1.0032414E+003, 0.0000000E+000,-5.4078156E+002,-8.2764738E+001,-3.9253386E+002,-7.0739885E-002, 0.0000000E+000, 0.0000000E+000,-1.1580768E+001,-1.2909536E+001, 0.0000000E+000, 2.3333823E-002, 0.0000000E+000
 6.3001184E+002, 9.9464692E+002, 0.0000000E+000,-5.2242518E+002,-8.1004256E+001,-3.9392992E+002,-7.0355462E-002, 0.0000000E+000, 0.0000000E+000,-4.4340510E+000,-2.7827928E+000, 0.0000000E+000, 2.3333823E-002, 0.0000000E+000
 6.3108020E+002, 1.0131266E+003, 0.0000000E+000,-5.4346076E+002,-7.8532268E+001,-3.9380140E+002,-7.0000935E-002, 0.0000000E+000, 0.0000000E+000,-1.4979844E+000,-2.7378530E+000, 0.0000000E+000, 2.3333823E-002, 0.0000000E+000
 6.3205957E+002, 1.0003147E+003, 0.0000000E+000,-5.3120471E+002,-7.7338107E+001,-3.9333016E+002,-7.0794443E-002, 0.0000000E+000, 0.0000000E+000,-2.9962599E+000,-1.6291066E+000, 0.0000000E+000, 2.3333823E-002, 0.0000000E+000
 6.3308350E+002, 9.9352958E+002, 0.0000000E+000,-5.3438744E+002,-7.7123442E+001,-3.9276459E+002,-7.0863519E-002, 0.0000000E+000, 0.0000000E+000,-8.8027016E+000,-1.0816756E+001, 0.0000000E+000, 2.3333823E-002, 0.0000000E+000
 6.3406287E+002, 9.9103331E+002, 0.0000000E+000,-5.2973827E+002,-7.5413554E+001,-3.9270064E+002,-7.0987433E-002, 0.0000000E+000, 0.0000000E+000,-7.2395824E+000,-6.8901417E+000, 0.0000000E+000, 2.3333823E-002, 0.0000000E+000
 6.3506659E+002, 1.0023044E+003, 0.0000000E+000,-5.3146654E+002,-7.1651251E+001,-3.9261269E+002,-7.0761359E-002, 0.0000000E+000, 0.0000000E+000, 7.9479613E+000, 6.5031606E+000, 0.0000000E+000, 2.3333823E-002, 0.0000000E+000
 6.3602216E+002, 1.0059303E+003, 0.0000000E+000,-5.4404523E+002,-6.8998574E+001,-3.9114965E+002,-7.0562009E-002, 0.0000000E+000, 0.0000000E+000, 4.5172030E+000, 1.6662630E+000, 0.0000000E+000, 2.3333823E-002, 0.0000000E+000
 6.3700775E+002, 9.9804267E+002, 0.0000000E+000,-5.3742939E+002,-7.1448898E+001,-3.9079922E+002,-7.0598774E-002, 0.0000000E+000, 0.0000000E+000,-1.6991530E+000,-1.7054412E+000, 0.0000000E+000, 2.3333823E-002, 0.0000000E+000
 6.3806561E+002, 9.8001736E+002, 0.0000000E+000,-5.2401223E+002,-7.7516148E+001,-3.9078194E+002,-7.0693581E-002, 0.0000000E+000, 0.0000000E+000,-1.2264586E+001,-1.2363655E+001, 0.0000000E+000, 2.3333823E-002, 0.0000000E+000
 6.3908966E+002, 1.0036344E+003, 0.0000000E+000,-5.4057209E+002,-7.8983448E+001,-3.8998975E+002,-7.0822536E-002, 0.0000000E+000, 0.0000000E+000,-6.7835921E+000,-5.9817189E+000, 0.0000000E+000, 2.3333823E-002, 0.0000000E+000
 6.4002057E+002, 1.0125372E+003, 0.0000000E+000,-5.6628544E+002,-7.6728711E+001,-3.9128632E+002,-7.0077915E-002, 0.0000000E+000, 0.0000000E+000,-1.9045450E+001,-2.1833348E+001, 0.0000000E+000, 2.3333823E-002, 0.0000000E+000
 6.4105383E+002, 1.0104091E+003, 0.0000000E+000,-5.4345566E+002,-7.3659253E+001,-3.9113672E+002,-7.0389732E-002, 0.0000000E+000, 0.0000000E+000, 1.7369129E+000, 2.0871129E+000, 0.0000000E+000, 2.3333823E-002, 0.0000000E+000
 6.4205914E+002, 1.0011606E+003, 0.0000000E+000,-5.1790362E+002,-7.2814246E+001,-3.9257485E+002,-7.0541670E-002, 0.0000000E+000, 0.0000000E+000, 1.6725914E+001, 1.7797371E+001, 0.0000000E+000, 2.3333823E-002, 0.0000000E+000
 6.4302252E+002, 1.0063793E+003, 0.0000000E+000,-5.2877416E+002,-7.2153953E+001,-3.9245754E+002,-7.0292101E-002, 0.0000000E+000, 0.0000000E+000, 1.5825705E+001, 1.2923357E+001, 0.0000000E+000, 2.3333823E-002, 0.0000000E+000
 6.4403619E+002, 9.9059205E+002, 0.0000000E+000,-5.3144272E+002,-7.2049893E+001,-3.9237870E+002,-7.0483419E-002, 0.0000000E+000, 0.0000000E+000,-3.7104582E+000,-5.3497451E+000, 0.0000000E+000, 2.3333823E-002, 0.0000000E+000
 6.4504987E+002, 1.0018274E+003, 0.0000000E+000,-5.4877105E+002,-7.3457906E+001,-3.9215648E+002,-7.0897992E-002, 0.0000000E+000, 0.0000000E+000,-1.2814008E+001,-1.2628882E+001, 0.0000000E+000, 2.3333823E-002, 0.0000000E+000
 6.4610034E+002, 9.9765989E+002, 0.0000000E+000,-5.2817088E+002,-7.1770441E+001,-3.9272033E+002,-7.0833350E-002, 0.0000000E+000, 0.0000000E+000, 6.6897928E+000, 4.9274098E+000, 0.0000000E+000, 2.3333823E-002, 0.0000000E+000
 6.4701263E+002, 1.0168478E+003, 0.0000000E+000,-5.5385127E+002,-7.1129943E+001,-3.9295911E+002,-7.0449450E-002, 0.0000000E+000, 0.0000000E+000, 1.7714086E+000,-1.1629852E+000, 0.0000000E+000, 2.3333823E-002, 0.0000000E+000
 6.4806610E+002, 9.9181420E+002, 0.0000000E+000,-5.3734147E+002,-7.0369854E+001,-3.9152388E+002,-7.0901733E-002, 0.0000000E+000, 0.0000000E+000,-9.0551329E+000,-7.4919088E+000, 0.0000000E+000, 2.3333823E-002, 0.0000000E+000
 6.4904572E+002, 1.0008028E+003, 0.0000000E+000,-5.3287358E+002,-7.2235033E+001,-3.9141438E+002,-7.0617072E-002, 0.0000000E+000, 0.0000000E+000, 6.3399919E+000, 4.2092116E+000, 0.0000000E+000, 2.3333823E-002, 0.0000000E+000
 6.5009650E+002, 1.0026923E+003, 0.0000000E+000,-5.2531635E+002,-7.4282943E+001,-3.9120752E+002,-7.0256251E-002, 0.0000000E+000, 0.0000000E+000, 1.1043090E+001, 1.1815263E+001, 0.0000000E+000, 2.3333823E-002, 0.0000000E+000
 6.5107611E+002, 1.0140176E+003, 0.0000000E+000,-5.5723400E+002,-7.1993314E+001,-3.9074826E+002,-7.0672769E-002, 0.0000000E+000, 0.0000000E+000,-3.6100934E+000,-6.0286510E+000, 0.0000000E+000, 2.3333823E-002, 0.0000000E+000
 6.5204224E+002, 1.0104875E+003, 0.0000000E+000,-5.2633245E+002,-6.8526902E+001,-3.9073493E+002,-7.0963272E-002, 0.0000000E+000, 0.0000000E+000, 2.2510808E+001, 2.4822236E+001, 0.0000000E+000, 2.3333823E-002, 0.0000000E+000
 6.5307123E+002, 1.0220159E+003, 0.0000000E+000,-5.3891549E+002,-7.0181295E+001,-3.9274428E+002,-7.0797084E-002, 0.0000000E+000, 0.0000000E+000, 2.1583633E+001, 2.0104073E+001, 0.0000000E+000, 2.3333823E-002, 0.0000000E+000
 6.5409827E+002, 9.9739945E+002, 0.0000000E+000,-5.5184231E+002,-7.0998069E+001,-3.9141446E+002,-7.0747125E-002, 0.0000000E+000, 0.0000000E+000,-1.2119663E+001,-1.6926132E+001, 0.0000000E+000, 2.3333823E-002, 0.0000000E+000
 6.5500653E+002, 9.9393264E+002, 0.0000000E+000,-5.3431214E+002,-6.7745554E+001,-3.8920805E+002,-7.0671493E-002, 0.0000000E+000, 0.0000000E+000, 1.5605528E+000, 2.5962281E+000, 0.0000000E+000, 2.3333823E-002, 0.0000000E+000
 6.5605786E+002, 1.0012302E+003, 0.0000000E+000,-5.3023025E+002,-6.6539225E+001,-3.9183146E+002,-7.0580594E-002, 0.0000000E+000, 0.0000000E+000, 1.1666877E+001, 1.2558694E+001, 0.0000000E+000, 2.3333823E-002, 0.0000000E+000
 6.5702167E+002, 1.0023679E+003, 0.0000000E+000,-5.4834241E+002,-6.7389037E+001,-3.9443157E+002,-7.0272989E-002, 0.0000000E+000, 0.0000000E+000,-6.8024948E+000,-7.8654130E+000, 0.0000000E+000, 2.3333823E-002, 0.0000000E+000
 6.5801172E+002, 1.0164227E+003, 0.0000000E+000,-5.5660470E+002,-6.9011766E+001,-3.9483904E+002,-7.0960610E-002, 0.0000000E+000, 0.0000000E+000,-3.1005536E+000,-4.1037363E+000, 0.0000000E+000, 2.3333823E-002, 0.0000000E+000
 6.5906586E+002, 9.7883623E+002, 0.0000000E+000,-5.1352405E+002,-7.2138103E+001,-3.9272550E+002,-7.1089850E-002, 0.0000000E+000, 0.0000000E+000,-2.9791682E+000, 3.7749006E-001, 0.0000000E+000, 2.3333823E-002, 0.0000000E+000
 6.6005646E+002, 1.0130386E+003, 0.0000000E+000,-5.3199267E+002,-7.6547490E+001,-3.9241202E+002,-7.1146409E-002, 0.0000000E+000, 0.0000000E+000, 1.2105969E+001, 1.2015262E+001, 0.0000000E+000, 2.3333823E-002, 0.0000000E+000
 6.6102899E+002, 9.9533763E+002, 0.0000000E+000,-5.3622966E+002,-7.6679759E+001,-3.9254192E+002,-7.0951030E-002, 0.0000000E+000, 0.0000000E+000,-5.5518691E+000,-1.0184659E+001, 0.0000000E+000, 2.3333823E-002, 0.0000000E+000
 6.6207318E+002, 9.9462984E+002, 0.0000000E+000,-5.4328851E+002,-7.4746791E+001,-3.9138463E+002,-7.0265750E-002, 0.0000000E+000, 0.0000000E+000,-1.7842169E+001,-1.4860358E+001, 0.0000000E+000, 2.3333823E-002, 0.0000000E+000
 6.6305139E+002, 1.0323026E+003, 0.0000000E+000,-5.5801115E+002,-7.4796832E+001,-3.9316860E+002,-7.0749213E-002, 0.0000000E+000, 0.0000000E+000, 1.0349770E+001, 6.2552450E+000, 0.0000000E+000, 2.3333823E-002, 0.0000000E+000
 6.6407849E+002, 9.7051949E+002, 0.0000000E+000,-5.4168377E+002,-7.6561594E+001,-3.9315137E+002,-7.0013785E-002, 0.0000000E+000, 0.0000000E+000,-3.9350955E+001,-4.0947260E+001, 0.0000000E+000, 2.3333823E-002, 0.0000000E+000
 6.6507141E+002, 9.7949299E+002, 0.0000000E+000,-5.1126661E+002,-7.5635407E+001,-3.9123793E+002,-7.0789222E-002, 0.0000000E+000, 0.0000000E+000,-5.3769085E+000, 1.2822437E+000, 0.0000000E+000, 2.3333823E-002, 0.0000000E+000
 6.6602600E+002, 1.0131693E+003, 0.0000000E+000,-5.4555504E+002,-7.6119262E+001,-3.9104774E+002,-7.0213526E-002, 0.0000000E+000, 0.0000000E+000, 4.8562322E+000, 3.7703634E-001, 0.0000000E+000, 2.3333823E-002, 0.0000000E+000
 6.6705908E+002, 9.9938187E+002, 0.0000000E+000,-5.4016029E+002,-7.4784103E+001,-3.9309932E+002,-7.0358189E-002, 0.0000000E+000, 0.0000000E+000,-7.5908643E+000,-8.7322018E+000, 0.0000000E+000, 2.3333823E-002, 0.0000000E+000
 6.6808368E+002, 9.9065855E+002, 0.0000000E+000,-5.3916568E+002,-7.4197220E+001,-3.9205531E+002,-7.0717766E-002, 0.0000000E+000, 0.0000000E+000,-1.3217400E+001,-1.4830379E+001, 0.0000000E+000, 2.3333823E-002, 0.0000000E+000
 6.6901514E+002, 1.0060117E+003, 0.0000000E+000,-5.4726289E+002,-7.4533342E+001,-3.9091977E+002,-7.0596406E-002, 0.0000000E+000, 0.0000000E+000,-7.8742527E+000,-6.7748628E+000, 0.0000000E+000, 2.3333823E-002, 0.0000000E+000
 6.7002667E+002, 1.0091848E+003, 0.0000000E+000,-5.3395368E+002,-7.8218418E+001,-3.9201128E+002,-6.9944738E-002, 0.0000000E+000, 0.0000000E+000, 4.3680095E+000, 4.9315133E+000, 0.0000000E+000, 2.3333823E-002, 0.0000000E+000
 6.7107617E+002, 1.0037744E+003, 0.0000000E+000,-5.4310057E+002,-7.8233409E+001,-3.9411010E+002,-7.0235204E-002, 0.0000000E+000, 0.0000000E+000,-9.3198877E+000,-1.1739942E+001, 0.0000000E+000, 2.3333823E-002, 0.0000000E+000
 6.7206464E+002, 1.0039559E+003, 0.0000000E+000,-5.3458070E+002,-7.5455394E+001,-3.9464159E+002,-7.0316872E-002, 0.0000000E+000, 0.0000000E+000,-2.6831477E+000,-7.9210357E-001, 0.0000000E+000, 2.3333823E-002, 0.0000000E+000
 6.7304260E+002, 1.0128318E+003, 0.0000000E+000,-5.3664033E+002,-7.4948155E+001,-3.9386176E+002,-7.0448663E-002, 0.0000000E+000, 0.0000000E+000, 7.2701440E+000, 7.3111459E+000, 0.0000000E+000, 2.3333823E-002, 0.0000000E+000
 6.7409137E+002, 9.9849224E+002, 0.0000000E+000,-5.3469050E+002,-7.3836610E+001,-3.9419017E+002,-6.9734231E-002, 0.0000000E+000, 0.0000000E+000, 8.2524760E-001,-4.2947705E+000, 0.0000000E+000, 2.3333823E-002, 0.0000000E+000
 6.7504608E+002, 9.9072640E+002, 0.0000000E+000,-5.4758634E+002,-7.2576275E+001,-3.9614024E+002,-7.0583948E-002, 0.0000000E+000, 0.0000000E+000,-2.6497686E+001,-2.5647037E+001, 0.0000000E+000, 2.3333823E-002, 0.0000000E+000
 6.7601575E+002, 1.0098249E+003, 0.0000000E+000,-5.3550154E+002,-7.3007443E+001,-3.9820202E+002,-7.0440526E-002, 0.0000000E+000, 0.0000000E+000, 4.9468404E+000, 3.0434694E+000, 0.0000000E+000, 2.3333823E-002, 0.0000000E+000
 6.7707642E+002, 1.0034026E+003, 0.0000000E+000,-5.3971963E+002,-7.6142775E+001,-3.9654987E+002,-7.0490601E-002, 0.0000000E+000, 0.0000000E+000,-8.6468373E+000,-9.0802186E+000, 0.0000000E+000, 2.3333823E-002, 0.0000000E+000
 6.7802966E+002, 1.0016949E+003, 0.0000000E+000,-5.4509388E+002,-7.8500526E+001,-3.9611207E+002,-7.0420969E-002, 0.0000000E+000, 0.0000000E+000,-1.9177041E+001,-1.8081993E+001, 0.0000000E+000, 2.3333823E-002, 0.0000000E+000
 6.7906964E+002, 9.9734412E+002, 0.0000000E+000,-5.3409034E+002,-7.6962688E+001,-3.9655510E+002,-7.0187651E-002, 0.0000000E+000, 0.0000000E+000,-9.7878166E+000,-1.0334191E+001, 0.0000000E+000, 2.3333823E-002, 0.0000000E+000
 6.8002289E+002, 9.9797717E+002, 0.0000000E+000,-5.4446622E+002,-7.4023083E+001,-3.9829188E+002,-6.9417694E-002, 0.0000000E+000, 0.0000000E+000,-1.5352666E+001,-1.8873436E+001, 0.0000000E+000, 2.3333823E-002, 0.0000000E+000
 6.8106281E+002, 9.9693293E+002, 0.0000000E+000,-5.4709365E+002,-7.5074517E+001,-3.9814237E+002,-7.0556745E-002, 0.0000000E+000, 0.0000000E+000,-2.4240077E+001,-2.3448162E+001, 0.0000000E+000, 2.3333823E-002, 0.0000000E+000
 6.8201611E+002, 1.0011017E+003, 0.0000000E+000,-5.2973280E+002,-7.4551711E+001,-3.9787744E+002,-7.0444658E-002, 0.0000000E+000, 0.0000000E+000,-1.2694927E+000,-1.1306948E+000, 0.0000000E+000, 2.3333823E-002, 0.0000000E+000
 6.8305603E+002, 1.0055324E+003, 0.0000000E+000,-5.4167938E+002,-6.8876650E+001,-3.9671369E+002,-7.0431317E-002, 0.0000000E+000, 0.0000000E+000,-7.7815816E-001,-1.8077261E+000, 0.0000000E+000, 2.3333823E-002, 0.0000000E+000
 6.8400934E+002, 9.9883305E+002, 0.0000000E+000,-5.3085987E+002,-6.6381442E+001,-3.9576567E+002,-7.0414901E-002, 0.0000000E+000, 0.0000000E+000, 7.4449240E+000, 5.7556471E+000, 0.0000000E+000, 2.3333823E-002, 0.0000000E+000
 6.8504059E+002, 1.0040184E+003, 0.0000000E+000,-5.3988864E+002,-6.9849889E+001,-3.9498706E+002,-6.9711955E-002, 0.0000000E+000, 0.0000000E+000, 7.9462417E-001,-7.7687847E-001, 0.0000000E+000, 2.3333823E-002, 0.0000000E+000
 6.8604443E+002, 1.0025081E+003, 0.0000000E+000,-5.4389118E+002,-7.3008446E+001,-3.9444993E+002,-7.0410980E-002, 0.0000000E+000, 0.0000000E+000,-8.1959018E+000,-8.9118313E+000, 0.0000000E+000, 2.3333823E-002, 0.0000000E+000
 6.8702045E+002, 1.0065613E+003, 0.0000000E+000,-5.1738835E+002,-7.4823288E+001,-3.9455709E+002,-7.0322921E-002, 0.0000000E+000, 0.0000000E+000, 2.0795883E+001, 1.9722214E+001, 0.0000000E+000, 2.3333823E-002, 0.0000000E+000
 6.8803741E+002, 1.0163185E+003, 0.0000000E+000,-5.4726007E+002,-7.2682423E+001,-3.9479792E+002,-7.0231392E-002, 0.0000000E+000, 0.0000000E+000, 4.2767939E+000, 1.5078561E+000, 0.0000000E+000, 2.3333823E-002, 0.0000000E+000
 6.8907550E+002, 9.9521297E+002, 0.0000000E+000,-5.4760571E+002,-6.7778819E+001,-3.9327959E+002,-7.0738172E-002, 0.0000000E+000, 0.0000000E+000,-1.4993850E+001,-1.3521890E+001, 0.0000000E+000, 2.3333823E-002, 0.0000000E+000
 6.9004364E+002, 1.0042818E+003, 0.0000000E+000,-5.1891185E+002,-6.7131871E+001,-3.9280051E+002,-7.0949409E-002, 0.0000000E+000, 0.0000000E+000, 2.5307366E+001, 2.5366656E+001, 0.0000000E+000, 2.3333823E-002, 0.0000000E+000
 6.9105688E+002, 9.9971462E+002, 0.0000000E+000,-5.3632779E+002,-6.9811517E+001,-3.9248852E+002,-7.0608549E-002, 0.0000000E+000, 0.0000000E+000, 9.0838376E-001, 1.0161823E+000, 0.0000000E+000, 2.3333823E-002, 0.0000000E+000
 6.9200458E+002, 1.0181497E+003, 0.0000000E+000,-5.4016816E+002,-7.2740548E+001,-3.9386721E+002,-6.9623041E-002, 0.0000000E+000, 0.0000000E+000, 1.4148992E+001, 1.1304181E+001, 0.0000000E+000, 2.3333823E-002, 0.0000000E+000
 6.9308960E+002, 9.9996893E+002, 0.0000000E+000,-5.5314119E+002,-7.4955096E+001,-3.9465922E+002,-7.0212506E-002, 0.0000000E+000, 0.0000000E+000,-1.9436178E+001,-2.2856784E+001, 0.0000000E+000, 2.3333823E-002, 0.0000000E+000
 6.9401947E+002, 9.8610881E+002, 0.0000000E+000,-5.3674341E+002,-7.4969871E+001,-3.9557438E+002,-7.0977159E-002, 0.0000000E+000, 0.0000000E+000,-2.3134217E+001,-2.1249837E+001, 0.0000000E+000, 2.3333823E-002, 0.0000000E+000
 6.9504230E+002, 1.0121666E+003, 0.0000000E+000,-5.2660119E+002,-7.6826699E+001,-3.9682987E+002,-7.0746040E-002, 0.0000000E+000, 0.0000000E+000, 1.1824918E+001, 1.1838074E+001, 0.0000000E+000, 2.3333823E-002, 0.0000000E+000
 6.9606519E+002, 1.0377041E+003, 0.0000000E+000,-5.5460551E+002,-7.7334652E+001,-3.9664233E+002,-7.0659335E-002, 0.0000000E+000, 0.0000000E+000, 1.4071483E+001, 9.0509843E+000, 0.0000000E+000, 2.3333823E-002, 0.0000000E+000
 6.9706940E+002, 9.7761122E+002, 0.0000000E+000,-5.4020624E+002,-7.5868341E+001,-3.9550421E+002,-7.0837795E-002, 0.0000000E+000, 0.0000000E+000,-3.6325579E+001,-3.4038403E+001, 0.0000000E+000, 2.3333823E-002, 0.0000000E+000
 6.9806818E+002, 1.0113827E+003, 0.0000000E+000,-5.2433529E+002,-7.2853350E+001,-3.9601356E+002,-7.0841245E-002, 0.0000000E+000, 0.0000000E+000, 1.5614131E+001, 1.8109637E+001, 0.0000000E+000, 2.3333823E-002, 0.0000000E+000
 6.9900342E+002, 1.0074872E+003, 0.0000000E+000,-5.5013800E+002,-7.2254193E+001,-3.9631912E+002,-7.0841557E-002, 0.0000000E+000, 0.0000000E+000,-5.0847448E+000,-1.1294953E+001, 0.0000000E+000, 2.3333823E-002, 0.0000000E+000
 7.0000226E+002, 9.8594128E+002, 0.0000000E+000,-5.4273228E+002,-7.1971588E+001,-3.9429457E+002,-7.0622174E-002, 0.0000000E+000, 0.0000000E+000,-2.2567194E+001,-2.3127783E+001, 0.0000000E+000, 2.3333823E-002, 0.0000000E+000
 7.0107562E+002, 1.0143429E+003, 0.0000000E+000,-5.2653919E+002,-7.3866584E+001,-3.9328274E+002,-7.0266178E-002, 0.0000000E+000, 0.0000000E+000, 1.8091540E+001, 2.0584080E+001, 0.0000000E+000, 2.3333823E-002, 0.0000000E+000
 7.0200586E+002, 1.0121281E+003, 0.0000000E+000,-5.4293770E+002,-7.3847706E+001,-3.9298775E+002,-7.0012577E-002, 0.0000000E+000, 0.0000000E+000, 6.3659796E+000, 2.2849631E+000, 0.0000000E+000, 2.3333823E-002, 0.0000000E+000
 7.0300677E+002, 1.0021108E+003, 0.0000000E+000,-5.3918042E+002,-7.0538388E+001,-3.9262726E+002,-7.0334228E-002, 0.0000000E+000, 0.0000000E+000, 6.6400273E-001,-3.0558603E-001, 0.0000000E+000, 2.3333823E-002, 0.0000000E+000
 7.0404797E+002, 1.0057020E+003, 0.0000000E+000,-5.3872821E+002,-6.9184834E+001,-3.9223823E+002,-7.0283597E-002, 0.0000000E+000, 0.0000000E+000, 6.3275625E+000, 5.4804268E+000, 0.0000000E+000, 2.3333823E-002, 0.0000000E+000
 7.0500238E+002, 9.9690484E+002, 0.0000000E+000,-5.3898233E+002,-7.0049327E+001,-3.9244731E+002,-7.0527982E-002, 0.0000000E+000, 0.0000000E+000,-4.9736303E+000,-4.6446451E+000, 0.0000000E+000, 2.3333823E-002, 0.0000000E+000
 7.0608698E+002, 9.9878215E+002, 0.0000000E+000,-5.3124293E+002,-7.1591183E+001,-3.9266677E+002,-7.0810441E-002, 0.0000000E+000, 0.0000000E+000, 4.8048886E+000, 3.2104516E+000, 0.0000000E+000, 2.3333823E-002, 0.0000000E+000
 7.0704608E+002, 9.9704270E+002, 0.0000000E+000,-5.3758533E+002,-7.0504501E+001,-3.9164201E+002,-7.0552056E-002, 0.0000000E+000, 0.0000000E+000,-1.7872588E+000,-2.7596925E+000, 0.0000000E+000, 2.3333823E-002, 0.0000000E+000
 7.0803235E+002, 1.0102763E+003, 0.0000000E+000,-5.3317266E+002,-6.7065444E+001,-3.9205162E+002,-6.9512561E-002, 0.0000000E+000, 0.0000000E+000, 1.8138169E+001, 1.7917105E+001, 0.0000000E+000, 2.3333823E-002, 0.0000000E+000
 7.0908795E+002, 1.0065428E+003, 0.0000000E+000,-5.4349938E+002,-6.7918612E+001,-3.9287213E+002,-7.0643919E-002, 0.0000000E+000, 0.0000000E+000, 4.2646497E+000, 2.1820624E+000, 0.0000000E+000, 2.3333823E-002, 0.0000000E+000
 7.1004034E+002, 9.9806860E+002, 0.0000000E+000,-5.3622248E+002,-7.2915976E+001,-3.9399876E+002,-7.0959272E-002, 0.0000000E+000, 0.0000000E+000,-5.6940619E+000,-5.1395801E+000, 0.0000000E+000, 2.3333823E-002, 0.0000000E+000
 7.1101190E+002, 9.8646046E+002, 0.0000000E+000,-5.2002239E+002,-7.7471864E+001,-3.9420191E+002,-7.0665903E-002, 0.0000000E+000, 0.0000000E+000,-3.9163737E+000,-5.3063753E+000, 0.0000000E+000, 2.3333823E-002, 0.0000000E+000
 7.1204498E+002, 1.0088913E+003, 0.0000000E+000,-5.4250366E+002,-7.6622906E+001,-3.9501945E+002,-7.0650505E-002, 0.0000000E+000, 0.0000000E+000,-4.2352141E+000,-5.3253446E+000, 0.0000000E+000, 2.3333823E-002, 0.0000000E+000
 7.1302466E+002, 1.0132761E+003, 0.0000000E+000,-5.6354350E+002,-7.5548343E+001,-3.9565546E+002,-7.0634378E-002, 0.0000000E+000, 0.0000000E+000,-1.7645368E+001,-2.1541833E+001, 0.0000000E+000, 2.3333823E-002, 0.0000000E+000
 7.1403058E+002, 1.0232282E+003, 0.0000000E+000,-5.3615851E+002,-7.3884487E+001,-3.9675050E+002,-7.1106426E-002, 0.0000000E+000, 0.0000000E+000, 1.3620497E+001, 1.6363646E+001, 0.0000000E+000, 2.3333823E-002, 0.0000000E+000
 7.1503693E+002, 9.9020131E+002, 0.0000000E+000,-5.2592563E+002,-7.5135428E+001,-3.9741064E+002,-7.1001901E-002, 0.0000000E+000, 0.0000000E+000,-8.2300079E+000,-8.3413868E+000, 0.0000000E+000, 2.3333823E-002, 0.0000000E+000
 7.1603491E+002, 9.9566855E+002, 0.0000000E+000,-5.4380141E+002,-7.6456108E+001,-3.9616426E+002,-7.0866023E-002, 0.0000000E+000, 0.0000000E+000,-1.9460957E+001,-2.0824088E+001, 0.0000000E+000, 2.3333823E-002, 0.0000000E+000
 7.1705035E+002, 1.0064825E+003, 0.0000000E+000,-5.3558597E+002,-7.8752197E+001,-3.9576863E+002,-7.0984909E-002, 0.0000000E+000, 0.0000000E+000,-2.1616865E+000,-3.6952712E+000, 0.0000000E+000, 2.3333823E-002, 0.0000000E+000
 7.1806586E+002, 1.0079540E+003, 0.0000000E+000,-5.3416019E+002,-7.9343451E+001,-3.9605019E+002,-7.0744937E-002, 0.0000000E+000, 0.0000000E+000, 8.6164788E-001,-1.6705452E+000, 0.0000000E+000, 2.3333823E-002, 0.0000000E+000
 7.1908130E+002, 9.9603861E+002, 0.0000000E+000,-5.3878362E+002,-8.0058544E+001,-3.9499952E+002,-7.0709439E-002, 0.0000000E+000, 0.0000000E+000,-1.6886975E+001,-1.7873781E+001, 0.0000000E+000, 2.3333823E-002, 0.0000000E+000
 7.2000439E+002, 9.8322548E+002, 0.0000000E+000,-5.2466952E+002,-7.8485919E+001,-3.9488342E+002,-7.0813575E-002, 0.0000000E+000, 0.0000000E+000,-1.2459370E+001,-1.4884191E+001, 0.0000000E+000, 2.3333823E-002, 0.0000000E+000
 7.2101990E+002, 1.0088282E+003, 0.0000000E+000,-5.4343494E+002,-7.5647012E+001,-3.9569473E+002,-7.0524674E-002, 0.0000000E+000, 0.0000000E+000,-6.7178587E+000,-6.0189804E+000, 0.0000000E+000, 2.3333823E-002, 0.0000000E+000
 7.2200763E+002, 1.0008657E+003, 0.0000000E+000,-5.4687922E+002,-7.4262452E+001,-3.9595643E+002,-7.0230989E-002, 0.0000000E+000, 0.0000000E+000,-1.0985681E+001,-1.6302640E+001, 0.0000000E+000, 2.3333823E-002, 0.0000000E+000
 7.2302307E+002, 9.9412478E+002, 0.0000000E+000,-5.4686263E+002,-7.0769354E+001,-3.9567099E+002,-7.0509310E-002, 0.0000000E+000, 0.0000000E+000,-2.0853878E+001,-1.9248697E+001, 0.0000000E+000, 2.3333823E-002, 0.0000000E+000
 7.2401782E+002, 1.0223313E+003, 0.0000000E+000,-5.3573194E+002,-6.8525167E+001,-3.9529986E+002,-7.0576737E-002, 0.0000000E+000, 0.0000000E+000, 2.1833266E+001, 2.2703720E+001, 0.0000000E+000, 2.3333823E-002, 0.0000000E+000
 7.2501251E+002, 9.9578610E+002, 0.0000000E+000,-5.3233739E+002,-6.8319122E+001,-3.9614043E+002,-7.0807357E-002, 0.0000000E+000, 0.0000000E+000, 1.5332103E+000,-1.0816500E+000, 0.0000000E+000, 2.3333823E-002, 0.0000000E+000
 7.2601624E+002, 9.8562346E+002, 0.0000000E+000,-5.2391086E+002,-6.6476595E+001,-3.9498025E+002,-7.0855830E-002, 0.0000000E+000, 0.0000000E+000,-2.2898330E+000, 1.8489955E-001, 0.0000000E+000, 2.3333823E-002, 0.0000000E+000
 7.2706476E+002, 9.9829252E+002, 0.0000000E+000,-5.4442609E+002,-6.8977528E+001,-3.9389155E+002,-7.0497033E-002, 0.0000000E+000, 0.0000000E+000,-6.9404041E+000,-9.0731444E+000, 0.0000000E+000, 2.3333823E-002, 0.0000000E+000
 7.2805103E+002, 1.0022348E+003, 0.0000000E+000,-5.3389806E+002,-7.1932375E+001,-3.9539852E+002,-7.0377511E-002, 0.0000000E+000, 0.0000000E+000, 2.2694095E+000, 9.3548876E-001, 0.0000000E+000, 2.3333823E-002, 0.0000000E+000
 7.2901971E+002, 9.9767363E+002, 0.0000000E+000,-5.5183667E+002,-7.2679220E+001,-3.9435126E+002,-7.0900438E-002, 0.0000000E+000, 0.0000000E+000,-2.1164541E+001,-2.1264421E+001, 0.0000000E+000, 2.3333823E-002, 0.0000000E+000
 7.3008521E+002, 1.0077979E+003, 0.0000000E+000,-5.3366753E+002,-7.2711722E+001,-3.9432474E+002,-7.0699472E-002, 0.0000000E+000, 0.0000000E+000, 7.8935776E+000, 7.0232451E+000, 0.0000000E+000, 2.3333823E-002, 0.0000000E+000
 7.3107324E+002, 9.9019305E+002, 0.0000000E+000,-5.3923024E+002,-7.6206947E+001,-3.9423587E+002,-7.0544455E-002, 0.0000000E+000, 0.0000000E+000,-1.8373354E+001,-1.9550555E+001, 0.0000000E+000, 2.3333823E-002, 0.0000000E+000
 7.3203223E+002, 9.9548546E+002, 0.0000000E+000,-5.5478005E+002,-7.4670757E+001,-3.9314629E+002,-7.0239951E-002, 0.0000000E+000, 0.0000000E+000,-2.7556997E+001,-2.7181875E+001, 0.0000000E+000, 2.3333823E-002, 0.0000000E+000
 7.3300696E+002, 1.0060594E+003, 0.0000000E+000,-5.3340960E+002,-7.2255991E+001,-3.9343466E+002,-7.0809517E-002, 0.0000000E+000, 0.0000000E+000, 4.0678458E+000, 6.8883775E+000, 0.0000000E+000, 2.3333823E-002, 0.0000000E+000
 7.3402777E+002, 1.0068522E+003, 0.0000000E+000,-5.3972277E+002,-6.9920518E+001,-3.9373723E+002,-7.0910434E-002, 0.0000000E+000, 0.0000000E+000, 7.0241860E+000, 3.4007779E+000, 0.0000000E+000, 2.3333823E-002, 0.0000000E+000
 7.3502667E+002, 1.0352074E+003, 0.0000000E+000,-5.5464511E+002,-6.9338265E+001,-3.9445087E+002,-6.9605310E-002, 0.0000000E+000, 0.0000000E+000, 1.8178319E+001, 1.6703527E+001, 0.0000000E+000, 2.3333823E-002, 0.0000000E+000
 7.3605096E+002, 1.0040727E+003, 0.0000000E+000,-5.2835180E+002,-7.2331574E+001,-3.9201668E+002,-7.0365640E-002, 0.0000000E+000, 0.0000000E+000, 7.2645544E+000, 1.1302261E+001, 0.0000000E+000, 2.3333823E-002, 0.0000000E+000
 7.3701398E+002, 1.0079858E+003, 0.0000000E+000,-5.4003844E+002,-7.5069843E+001,-3.9129297E+002,-7.0972039E-002, 0.0000000E+000, 0.0000000E+000, 7.9228583E+000, 1.5135488E+000, 0.0000000E+000, 2.3333823E-002, 0.0000000E+000
 7.3805579E+002, 9.7224700E+002, 0.0000000E+000,-5.1708009E+002,-7.4030460E+001,-3.9185184E+002,-7.0871287E-002, 0.0000000E+000, 0.0000000E+000,-1.3490060E+001,-1.0786259E+001, 0.0000000E+000, 2.3333823E-002, 0.0000000E+000
 7.3901886E+002, 1.0219240E+003, 0.0000000E+000,-5.4224626E+002,-7.2035009E+001,-3.9297706E+002,-7.0076497E-002, 0.0000000E+000, 0.0000000E+000, 1.6367880E+001, 1.4595628E+001, 0.0000000E+000, 2.3333823E-002, 0.0000000E+000
 7.4001166E+002, 9.9773388E+002, 0.0000000E+000,-5.5712481E+002,-7.0716943E+001,-3.9232437E+002,-7.0150778E-002, 0.0000000E+000, 0.0000000E+000,-1.8550951E+001,-2.2502392E+001, 0.0000000E+000, 2.3333823E-002, 0.0000000E+000
 7.4103583E+002, 9.9289586E+002, 0.0000000E+000,-5.3282887E+002,-6.6754757E+001,-3.9195537E+002,-7.0556223E-002, 0.0000000E+000, 0.0000000E+000, 1.8023889E+000, 1.2863042E+000, 0.0000000E+000, 2.3333823E-002, 0.0000000E+000
 7.4205865E+002, 1.0193938E+003, 0.0000000E+000,-5.4960393E+002,-6.6388924E+001,-3.9230283E+002,-6.9694985E-002, 0.0000000E+000, 0.0000000E+000, 9.8559099E+000, 1.1028385E+001, 0.0000000E+000, 2.3333823E-002, 0.0000000E+000
 7.4300482E+002, 1.0040797E+003, 0.0000000E+000,-5.4459387E+002,-6.7834248E+001,-3.9361632E+002,-6.9265539E-002, 0.0000000E+000, 0.0000000E+000, 3.7484326E+000,-2.0340515E+000, 0.0000000E+000, 2.3333823E-002, 0.0000000E+000
 7.4402222E+002, 9.9341407E+002, 0.0000000E+000,-5.3778393E+002,-6.9500650E+001,-3.9332476E+002,-7.0114473E-002, 0.0000000E+000, 0.0000000E+000,-1.2693566E+001,-7.2653892E+000, 0.0000000E+000, 2.3333823E-002, 0.0000000E+000
 7.4505908E+002, 1.0005667E+003, 0.0000000E+000,-5.3008910E+002,-7.1454331E+001,-3.9426334E+002,-7.0786815E-002, 0.0000000E+000, 0.0000000E+000, 1.0020387E+001, 4.6891541E+000, 0.0000000E+000, 2.3333823E-002, 0.0000000E+000
 7.4600818E+002, 9.9778301E+002, 0.0000000E+000,-5.3400892E+002,-7.1531922E+001,-3.9506015E+002,-7.0331513E-002, 0.0000000E+000, 0.0000000E+000,-1.8017428E+000,-2.8883152E+000, 0.0000000E+000, 2.3333823E-002, 0.0000000E+000
 7.4707855E+002, 1.0048910E+003, 0.0000000E+000,-5.4638899E+002,-7.2289016E+001,-3.9476336E+002,-7.0691020E-002, 0.0000000E+000, 0.0000000E+000,-5.2939813E+000,-8.6210440E+000, 0.0000000E+000, 2.3333823E-002, 0.0000000E+000
 7.4804364E+002, 1.0218012E+003, 0.0000000E+000,-5.5972020E+002,-7.0435640E+001,-3.9427255E+002,-7.0734148E-002, 0.0000000E+000, 0.0000000E+000,-2.5354408E+000,-2.6979725E+000, 0.0000000E+000, 2.3333823E-002, 0.0000000E+000
 7.4900867E+002, 9.9037679E+002, 0.0000000E+000,-5.0897169E+002,-6.7581356E+001,-3.9419374E+002,-7.1211816E-002, 0.0000000E+000, 0.0000000E+000, 2.0031685E+001, 1.9558796E+001, 0.0000000E+000, 2.3333823E-002, 0.0000000E+000
 7.5007025E+002, 9.9597986E+002, 0.0000000E+000,-5.4077480E+002,-6.8888658E+001,-3.9373189E+002,-7.0759210E-002, 0.0000000E+000, 0.0000000E+000,-6.2351282E+000,-7.4862540E+000, 0.0000000E+000, 2.3333823E-002, 0.0000000E+000
 7.5103534E+002, 1.0082542E+003, 0.0000000E+000,-5.3426269E+002,-7.0822207E+001,-3.9446229E+002,-6.9872436E-002, 0.0000000E+000, 0.0000000E+000, 1.0952743E+001, 8.6371073E+000, 0.0000000E+000, 2.3333823E-002, 0.0000000E+000
 7.5207678E+002, 1.0043042E+003, 0.0000000E+000,-5.4679652E+002,-7.0687642E+001,-3.9434736E+002,-7.0332469E-002, 0.0000000E+000, 0.0000000E+000,-5.6343163E+000,-7.5976201E+000, 0.0000000E+000, 2.3333823E-002, 0.0000000E+000
 7.5303027E+002, 9.9013569E+002, 0.0000000E+000,-5.2035557E+002,-7.1216624E+001,-3.9359386E+002,-7.0695068E-002, 0.0000000E+000, 0.0000000E+000, 7.5661291E+000, 4.8989388E+000, 0.0000000E+000, 2.3333823E-002, 0.0000000E+000
 7.5405609E+002, 1.0012784E+003, 0.0000000E+000,-5.4762109E+002,-6.9337653E+001,-3.9336989E+002,-6.9766242E-002, 0.0000000E+000, 0.0000000E+000,-1.0062203E+001,-9.1200017E+000, 0.0000000E+000, 2.3333823E-002, 0.0000000E+000
 7.5504865E+002, 1.0084231E+003, 0.0000000E+000,-5.4723221E+002,-6.8735290E+001,-3.9363932E+002,-7.0545004E-002, 0.0000000E+000, 0.0000000E+000, 2.3110190E-001,-1.2542881E+000, 0.0000000E+000, 2.3333823E-002, 0.0000000E+000
 7.5602759E+002, 1.0046919E+003, 0.0000000E+000,-5.3321995E+002,-6.9844419E+001,-3.9483047E+002,-7.0660308E-002, 0.0000000E+000, 0.0000000E+000, 6.1071297E+000, 6.7264120E+000, 0.0000000E+000, 2.3333823E-002, 0.0000000E+000
 7.5709552E+002, 1.0078846E+003, 0.0000000E+000,-5.3541178E+002,-7.1861853E+001,-3.9461515E+002,-7.0290002E-002, 0.0000000E+000, 0.0000000E+000, 7.5462043E+000, 5.9254760E+000, 0.0000000E+000, 2.3333823E-002, 0.0000000E+000
 7.5807446E+002, 9.9807065E+002, 0.0000000E+000,-5.4384576E+002,-7.1403821E+001,-3.9431111E+002,-7.0534165E-002, 0.0000000E+000, 0.0000000E+000,-9.8555704E+000,-1.1560582E+001, 0.0000000E+000, 2.3333823E-002, 0.0000000E+000
 7.5905341E+002, 9.9467818E+002, 0.0000000E+000,-5.4451371E+002,-6.7408648E+001,-3.9508773E+002,-7.0423068E-002, 0.0000000E+000, 0.0000000E+000,-1.1869031E+001,-1.2402327E+001, 0.0000000E+000, 2.3333823E-002, 0.0000000E+000
 7.6003235E+002, 9.8887639E+002, 0.0000000E+000,-5.2359967E+002,-6.8218979E+001,-3.9501355E+002,-7.0799190E-002, 0.0000000E+000, 0.0000000E+000, 2.5204457E+000, 1.9733920E+000, 0.0000000E+000, 2.3333823E-002, 0.0000000E+000
 7.6101129E+002, 1.0091191E+003, 0.0000000E+000,-5.3753653E+002,-7.1118004E+001,-3.9427216E+002,-7.0309001E-002, 0.0000000E+000, 0.0000000E+000, 4.7308071E+000, 6.1220783E+000, 0.0000000E+000, 2.3333823E-002, 0.0000000E+000
 7.6208813E+002, 1.0009195E+003, 0.0000000E+000,-5.4432158E+002,-7.2978583E+001,-3.9426016E+002,-7.0477926E-002, 0.0000000E+000, 0.0000000E+000,-8.7572750E+000,-1.0711325E+001, 0.0000000E+000, 2.3333823E-002, 0.0000000E+000
 7.6306708E+002, 1.0072731E+003, 0.0000000E+000,-5.4245277E+002,-7.3285739E+001,-3.9522647E+002,-7.0236175E-002, 0.0000000E+000, 0.0000000E+000,-1.8245155E+000,-3.7621124E+000, 0.0000000E+000, 2.3333823E-002, 0.0000000E+000
 7.6404602E+002, 1.0095240E+003, 0.0000000E+000,-5.3862554E+002,-7.3230476E+001,-3.9502539E+002,-7.0581565E-002, 0.0000000E+000, 0.0000000E+000, 1.0089184E+000, 2.5719915E+000, 0.0000000E+000, 2.3333823E-002, 0.0000000E+000
 7.6502496E+002, 1.0080836E+003, 0.0000000E+000,-5.3815414E+002,-7.4982934E+001,-3.9448861E+002,-7.0547122E-002, 0.0000000E+000, 0.0000000E+000, 3.4791464E+000, 3.8732415E-001, 0.0000000E+000, 2.3333823E-002, 0.0000000E+000
 7.6600391E+002, 1.0013748E+003, 0.0000000E+000,-5.3669819E+002,-7.2926953E+001,-3.9313572E+002,-7.1097649E-002, 0.0000000E+000, 0.0000000E+000,-1.1950017E+000,-1.4571538E+000, 0.0000000E+000, 2.3333823E-002, 0.0000000E+000
 7.6708075E+002, 1.0021586E+003, 0.0000000E+000,-5.4246100E+002,-7.0496936E+001,-3.9307334E+002,-7.1219222E-002, 0.0000000E+000, 0.0000000E+000,-1.8172467E+000,-3.9439457E+000, 0.0000000E+000, 2.3333823E-002, 0.0000000E+000
 7.6805969E+002, 9.7986644E+002, 0.0000000E+000,-5.3624216E+002,-7.0194984E+001,-3.9309419E+002,-7.0712690E-002, 0.0000000E+000, 0.0000000E+000,-1.8333418E+001,-1.9735613E+001, 0.0000000E+000, 2.3333823E-002, 0.0000000E+000
 7.6903864E+002, 1.0121497E+003, 0.0000000E+000,-5.3810597E+002,-6.9145418E+001,-3.9555656E+002,-7.0210081E-002, 0.0000000E+000, 0.0000000E+000, 8.4871138E+000, 9.2715749E+000, 0.0000000E+000, 2.3333823E-002, 0.0000000E+000
 7.7003717E+002, 1.0038923E+003, 0.0000000E+000,-5.4732991E+002,-6.9455627E+001,-3.9679599E+002,-6.9891656E-002, 0.0000000E+000, 0.0000000E+000,-8.5881479E+000,-9.7591048E+000, 0.0000000E+000, 2.3333823E-002, 0.0000000E+000
 7.7100635E+002, 9.7620582E+002, 0.0000000E+000,-5.3084982E+002,-7.2044076E+001,-3.9532464E+002,-7.0727909E-002, 0.0000000E+000, 0.0000000E+000,-2.0859248E+001,-2.2083440E+001, 0.0000000E+000, 2.3333823E-002, 0.0000000E+000
 7.7208929E+002, 1.0147210E+003, 0.0000000E+000,-5.3059709E+002,-7.8491972E+001,-3.9354636E+002,-7.0829892E-002, 0.0000000E+000, 0.0000000E+000, 1.3672032E+001, 1.2014754E+001, 0.0000000E+000, 2.3333823E-002, 0.0000000E+000
 7.7305328E+002, 9.9846740E+002, 0.0000000E+000,-5.4210470E+002,-8.2753759E+001,-3.9329372E+002,-7.0006668E-002, 0.0000000E+000, 0.0000000E+000,-1.9617080E+001,-1.9754795E+001, 0.0000000E+000, 2.3333823E-002, 0.0000000E+000
 7.7404663E+002, 1.0058022E+003, 0.0000000E+000,-5.4641898E+002,-8.5600877E+001,-3.9197052E+002,-7.0707838E-002, 0.0000000E+000, 0.0000000E+000,-1.9107759E+001,-1.8258894E+001, 0.0000000E+000, 2.3333823E-002, 0.0000000E+000
 7.7507367E+002, 1.0147080E+003, 0.0000000E+000,-5.3402886E+002,-8.7366538E+001,-3.9204369E+002,-7.0163836E-002, 0.0000000E+000, 0.0000000E+000,-8.2174471E-001, 1.1987975E+000, 0.0000000E+000, 2.3333823E-002, 0.0000000E+000
 7.7604694E+002, 1.0161821E+003, 0.0000000E+000,-5.3980445E+002,-8.2909976E+001,-3.9444997E+002,-6.9839293E-002, 0.0000000E+000, 0.0000000E+000, 2.6813768E+000,-1.0521183E+000, 0.0000000E+000, 2.3333823E-002, 0.0000000E+000
 7.7703467E+002, 9.9162107E+002, 0.0000000E+000,-5.4755554E+002,-8.1551535E+001,-3.9335785E+002,-7.0723241E-002, 0.0000000E+000, 0.0000000E+000,-2.8071171E+001,-3.0914582E+001, 0.0000000E+000, 2.3333823E-002, 0.0000000E+000
 7.7805103E+002, 9.9359874E+002, 0.0000000E+000,-5.4578854E+002,-8.1031644E+001,-3.9159709E+002,-7.0899037E-002, 0.0000000E+000, 0.0000000E+000,-2.4892963E+001,-2.4889427E+001, 0.0000000E+000, 2.3333823E-002, 0.0000000E+000
 7.7906732E+002, 9.9094507E+002, 0.0000000E+000,-5.3341018E+002,-8.3031997E+001,-3.9043073E+002,-6.9746802E-002, 0.0000000E+000, 0.0000000E+000,-1.8249462E+001,-1.5997572E+001, 0.0000000E+000, 2.3333823E-002, 0.0000000E+000
 7.8008362E+002, 1.0170577E+003, 0.0000000E+000,-5.3163161E+002,-8.3904215E+001,-3.8963803E+002,-7.0208494E-002, 0.0000000E+000, 0.0000000E+000, 1.1732389E+001, 1.1813619E+001, 0.0000000E+000, 2.3333823E-002, 0.0000000E+000
 7.8101678E+002, 9.9030862E+002, 0.0000000E+000,-5.4050089E+002,-8.2197584E+001,-3.8899240E+002,-6.9063505E-002, 0.0000000E+000, 0.0000000E+000,-1.3130152E+001,-2.1451318E+001, 0.0000000E+000, 2.3333823E-002, 0.0000000E+000
 7.8207794E+002, 9.7469416E+002, 0.0000000E+000,-5.2809426E+002,-7.9790416E+001,-3.8827637E+002,-7.0916111E-002, 0.0000000E+000, 0.0000000E+000,-2.7666222E+001,-2.1537795E+001, 0.0000000E+000, 2.3333823E-002, 0.0000000E+000
 7.8307111E+002, 1.0084484E+003, 0.0000000E+000,-5.4311787E+002,-8.1858170E+001,-3.8816353E+002,-6.9564339E-002, 0.0000000E+000, 0.0000000E+000,-5.4485969E+000,-4.7607011E+000, 0.0000000E+000, 2.3333823E-002, 0.0000000E+000
 7.8401910E+002, 9.9136866E+002, 0.0000000E+000,-5.4738848E+002,-8.3829494E+001,-3.8754899E+002,-6.9838943E-002, 0.0000000E+000, 0.0000000E+000,-2.0414534E+001,-2.7468149E+001, 0.0000000E+000, 2.3333823E-002, 0.0000000E+000
 7.8500824E+002, 9.9625356E+002, 0.0000000E+000,-5.4126737E+002,-8.1518893E+001,-3.8842329E+002,-7.0956766E-002, 0.0000000E+000, 0.0000000E+000,-2.1699807E+001,-1.5026946E+001, 0.0000000E+000, 2.3333823E-002, 0.0000000E+000
 7.8607605E+002, 9.8803109E+002, 0.0000000E+000,-5.3687136E+002,-7.9301026E+001,-3.8995881E+002,-7.1058159E-002, 0.0000000E+000, 0.0000000E+000,-1.5357258E+001,-1.8171164E+001, 0.0000000E+000, 2.3333823E-002, 0.0000000E+000
 7.8705487E+002, 9.9989658E+002, 0.0000000E+000,-5.3009953E+002,-8.0148352E+001,-3.8936896E+002,-7.0818425E-002, 0.0000000E+000, 0.0000000E+000,-5.2979930E-001, 2.0892076E-001, 0.0000000E+000, 2.3333823E-002, 0.0000000E+000
 7.8803369E+002, 1.0151509E+003, 0.0000000E+000,-5.5133642E+002,-8.3161194E+001,-3.8954507E+002,-7.0221885E-002, 0.0000000E+000, 0.0000000E+000,-8.5951994E+000,-8.9620324E+000, 0.0000000E+000, 2.3333823E-002, 0.0000000E+000
 7.8903680E+002, 9.9471915E+002, 0.0000000E+000,-5.4043322E+002,-8.1897965E+001,-3.8873700E+002,-7.0226353E-002, 0.0000000E+000, 0.0000000E+000,-1.7433365E+001,-1.6419260E+001, 0.0000000E+000, 2.3333823E-002, 0.0000000E+000
 7.9002362E+002, 1.0162949E+003, 0.0000000E+000,-5.3821083E+002,-7.3657834E+001,-3.9046742E+002,-6.9823727E-002, 0.0000000E+000, 0.0000000E+000, 1.3974537E+001, 1.3888961E+001, 0.0000000E+000, 2.3333823E-002, 0.0000000E+000
 7.9105347E+002, 1.0000682E+003, 0.0000000E+000,-5.4657511E+002,-7.0958067E+001,-3.9145930E+002,-7.0066715E-002, 0.0000000E+000, 0.0000000E+000,-7.3775817E+000,-8.9943923E+000, 0.0000000E+000, 2.3333823E-002, 0.0000000E+000
 7.9205084E+002, 1.0050046E+003, 0.0000000E+000,-5.3230401E+002,-7.0516030E+001,-3.9254743E+002,-6.9970951E-002, 0.0000000E+000, 0.0000000E+000, 1.0295165E+001, 9.5672023E+000, 0.0000000E+000, 2.3333823E-002, 0.0000000E+000
 7.9308148E+002, 9.9346677E+002, 0.0000000E+000,-5.3320620E+002,-7.0402198E+001,-3.9444145E+002,-6.9382019E-002, 0.0000000E+000, 0.0000000E+000,-2.2452515E+000,-4.6524501E+000, 0.0000000E+000, 2.3333823E-002, 0.0000000E+000
 7.9408716E+002, 9.9260893E+002, 0.0000000E+000,-5.4022765E+002,-7.1830160E+001,-3.9351931E+002,-7.0140676E-002, 0.0000000E+000, 0.0000000E+000,-1.4594196E+001,-1.3038340E+001, 0.0000000E+000, 2.3333823E-002, 0.0000000E+000
 7.9500146E+002, 1.0179515E+003, 0.0000000E+000,-5.4619862E+002,-7.7347585E+001,-3.9382367E+002,-6.9451529E-002, 0.0000000E+000, 0.0000000E+000, 4.7239907E+000, 5.1222140E-001, 0.0000000E+000, 2.3333823E-002, 0.0000000E+000
 7.9602789E+002, 1.0115688E+003, 0.0000000E+000,-5.5584514E+002,-7.8923082E+001,-3.9460426E+002,-6.9785765E-002, 0.0000000E+000, 0.0000000E+000,-1.6653272E+001,-1.7873426E+001, 0.0000000E+000, 2.3333823E-002, 0.0000000E+000
 7.9700763E+002, 9.9849976E+002, 0.0000000E+000,-5.4654186E+002,-7.6137929E+001,-3.9354372E+002,-7.0058479E-002, 0.0000000E+000, 0.0000000E+000,-1.7528139E+001,-1.7793810E+001, 0.0000000E+000, 2.3333823E-002, 0.0000000E+000
 7.9807648E+002, 1.0095052E+003, 0.0000000E+000,-5.4349710E+002,-7.3329674E+001,-3.9294157E+002,-6.9313579E-002, 0.0000000E+000, 0.0000000E+000,-4.7393070E-001,-3.3247987E-001, 0.0000000E+000, 2.3333823E-002, 0.0000000E+000
 7.9902936E+002, 1.0049400E+003, 0.0000000E+000,-5.3806923E+002,-7.3857941E+001,-3.9457107E+002,-7.0036441E-002, 0.0000000E+000, 0.0000000E+000,-3.2310935E+000,-1.6282295E+000, 0.0000000E+000, 2.3333823E-002, 0.0000000E+000
 8.0007068E+002, 9.8816696E+002, 0.0000000E+000,-5.2938901E+002,-7.4354708E+001,-3.9560203E+002,-6.9419332E-002, 0.0000000E+000, 0.0000000E+000,-9.5970396E+000,-1.1248207E+001, 0.0000000E+000, 2.3333823E-002, 0.0000000E+000
 8.0101831E+002, 9.9995946E+002, 0.0000000E+000,-5.3881697E+002,-7.3379480E+001,-3.9552374E+002,-6.9271944E-002, 0.0000000E+000, 0.0000000E+000,-4.0367238E+000,-7.8300068E+000, 0.0000000E+000, 2.3333823E-002, 0.0000000E+000
 8.0203876E+002, 1.0142733E+003, 0.0000000E+000,-5.4814563E+002,-7.5498998E+001,-3.9525580E+002,-7.0175163E-002, 0.0000000E+000, 0.0000000E+000,-4.8752393E+000,-4.6972622E+000, 0.0000000E+000, 2.3333823E-002, 0.0000000E+000
 8.0300360E+002, 9.9109180E+002, 0.0000000E+000,-5.3571740E+002,-7.8320014E+001,-3.9580514E+002,-7.0210155E-002, 0.0000000E+000, 0.0000000E+000,-1.8103249E+001,-1.8820969E+001, 0.0000000E+000, 2.3333823E-002, 0.0000000E+000
 8.0405817E+002, 1.0157717E+003, 0.0000000E+000,-5.4543127E+002,-7.6071654E+001,-3.9673144E+002,-7.0151495E-002, 0.0000000E+000, 0.0000000E+000,-5.4934094E+000,-2.5328211E+000, 0.0000000E+000, 2.3333823E-002, 0.0000000E+000
 8.0509521E+002, 9.9669061E+002, 0.0000000E+000,-5.4133658E+002,-7.3878603E+001,-3.9672381E+002,-7.0613631E-002, 0.0000000E+000, 0.0000000E+000,-9.5416629E+000,-1.5319000E+001, 0.0000000E+000, 2.3333823E-002, 0.0000000E+000
 8.0606195E+002, 1.0022069E+003, 0.0000000E+000,-5.4105794E+002,-7.3789580E+001,-3.9551898E+002,-7.0495887E-002, 0.0000000E+000, 0.0000000E+000,-1.0883077E+001,-8.2301243E+000, 0.0000000E+000, 2.3333823E-002, 0.0000000E+000
 8.0702863E+002, 9.9920859E+002, 0.0000000E+000,-5.4120960E+002,-7.2490412E+001,-3.9612201E+002,-7.0153883E-002, 0.0000000E+000, 0.0000000E+000,-1.2686592E+001,-1.0683580E+001, 0.0000000E+000, 2.3333823E-002, 0.0000000E+000
 8.0809204E+002, 1.0042270E+003, 0.0000000E+000,-5.4330182E+002,-7.1067388E+001,-3.9492134E+002,-7.0854832E-002, 0.0000000E+000, 0.0000000E+000, 2.6448141E-001,-5.1344123E+000, 0.0000000E+000, 2.3333823E-002, 0.0000000E+000
 8.0907690E+002, 9.9969227E+002, 0.0000000E+000,-5.3717927E+002,-6.8470584E+001,-3.9385194E+002,-6.9434394E-002, 0.0000000E+000, 0.0000000E+000,-2.7293774E+000, 1.2103933E-001, 0.0000000E+000, 2.3333823E-002, 0.0000000E+000
 8.1000067E+002, 1.0151342E+003, 0.0000000E+000,-5.3367733E+002,-6.4871528E+001,-3.9456205E+002,-7.0009617E-002, 0.0000000E+000, 0.0000000E+000, 2.5617689E+001, 2.1953283E+001, 0.0000000E+000, 2.3333823E-002, 0.0000000E+000
 8.1105695E+002, 9.9906391E+002, 0.0000000E+000,-5.4447232E+002,-6.3004208E+001,-3.9281166E+002,-7.0870227E-002, 0.0000000E+000, 0.0000000E+000,-6.8213135E-001,-1.2951480E+000, 0.0000000E+000, 2.3333823E-002, 0.0000000E+000
 8.1202191E+002, 9.9768105E+002, 0.0000000E+000,-5.3351603E+002,-6.4535030E+001,-3.9260446E+002,-7.1076146E-002, 0.0000000E+000, 0.0000000E+000, 5.7217629E+000, 6.9544544E+000, 0.0000000E+000, 2.3333823E-002, 0.0000000E+000
 8.1308337E+002, 1.0118458E+003, 0.0000000E+000,-5.3803567E+002,-6.8482363E+001,-3.9314315E+002,-7.0895543E-002, 0.0000000E+000, 0.0000000E+000, 1.6015606E+001, 1.2113772E+001, 0.0000000E+000, 2.3333823E-002, 0.0000000E+000
 8.1401489E+002, 9.9219082E+002, 0.0000000E+000,-5.3905960E+002,-7.0569124E+001,-3.9048673E+002,-7.0510015E-002, 0.0000000E+000, 0.0000000E+000,-8.6737583E+000,-7.9951442E+000, 0.0000000E+000, 2.3333823E-002, 0.0000000E+000
 8.1508069E+002, 9.8987028E+002, 0.0000000E+000,-5.2969813E+002,-7.2833636E+001,-3.8959553E+002,-7.0485730E-002, 0.0000000E+000, 0.0000000E+000,-1.0423943E+000,-2.3274938E+000, 0.0000000E+000, 2.3333823E-002, 0.0000000E+000
 8.1607727E+002, 1.0016815E+003, 0.0000000E+000,-5.3615528E+002,-7.3612486E+001,-3.8916544E+002,-7.0818400E-002, 0.0000000E+000, 0.0000000E+000, 2.1295625E+000, 2.6775024E+000, 0.0000000E+000, 2.3333823E-002, 0.0000000E+000
 8.1700970E+002, 9.9988452E+002, 0.0000000E+000,-5.3605239E+002,-7.2199466E+001,-3.8964624E+002,-7.0210110E-002, 0.0000000E+000, 0.0000000E+000,-2.3730767E-002, 1.9162225E+000, 0.0000000E+000, 2.3333823E-002, 0.0000000E+000
 8.1809149E+002, 9.9576897E+002, 0.0000000E+000,-5.2811146E+002,-7.3353667E+001,-3.8997264E+002,-7.0799827E-002, 0.0000000E+000, 0.0000000E+000, 6.5024736E+000, 4.2603990E+000, 0.0000000E+000, 2.3333823E-002, 0.0000000E+000
 8.1907495E+002, 1.0093120E+003, 0.0000000E+000,-5.5273423E+002,-7.4480171E+001,-3.9047834E+002,-7.1040086E-002, 0.0000000E+000, 0.0000000E+000,-7.1354699E+000,-8.4517386E+000, 0.0000000E+000, 2.3333823E-002, 0.0000000E+000
 8.2000922E+002, 1.0002826E+003, 0.0000000E+000,-5.2357889E+002,-7.8183237E+001,-3.9105343E+002,-7.1088202E-002, 0.0000000E+000, 0.0000000E+000, 5.5269111E+000, 7.3959168E+000, 0.0000000E+000, 2.3333823E-002, 0.0000000E+000
 8.2104291E+002, 1.0156974E+003, 0.0000000E+000,-5.5803031E+002,-7.9060462E+001,-3.9168498E+002,-7.1156143E-002, 0.0000000E+000, 0.0000000E+000,-1.0247224E+001,-1.3149466E+001, 0.0000000E+000, 2.3333823E-002, 0.0000000E+000
 8.2208020E+002, 1.0050361E+003, 0.0000000E+000,-5.3505443E+002,-7.6707224E+001,-3.9303976E+002,-7.1032994E-002, 0.0000000E+000, 0.0000000E+000,-2.0804034E+000, 1.6368744E-001, 0.0000000E+000, 2.3333823E-002, 0.0000000E+000
 8.2307916E+002, 9.9501138E+002, 0.0000000E+000,-5.3112825E+002,-7.6973885E+001,-3.9243606E+002,-6.9863130E-002, 0.0000000E+000, 0.0000000E+000,-5.8927029E+000,-5.5966770E+000, 0.0000000E+000, 2.3333823E-002, 0.0000000E+000
 8.2401532E+002, 9.8842624E+002, 0.0000000E+000,-5.4082043E+002,-7.5560837E+001,-3.9119164E+002,-7.0882771E-002, 0.0000000E+000, 0.0000000E+000,-1.7566451E+001,-1.9217551E+001, 0.0000000E+000, 2.3333823E-002, 0.0000000E+000
 8.2508936E+002, 1.0365749E+003, 0.0000000E+000,-5.5436587E+002,-7.6655286E+001,-3.9028224E+002,-6.8969994E-002, 0.0000000E+000, 0.0000000E+000, 1.2718719E+001, 1.5202545E+001, 0.0000000E+000, 2.3333823E-002, 0.0000000E+000
 8.2606799E+002, 9.8745339E+002, 0.0000000E+000,-5.3427633E+002,-7.5577051E+001,-3.9132228E+002,-6.9684472E-002, 0.0000000E+000, 0.0000000E+000,-8.0881545E+000,-1.3791955E+001, 0.0000000E+000, 2.3333823E-002, 0.0000000E+000
 8.2708356E+002, 9.6761185E+002, 0.0000000E+000,-5.1845156E+002,-7.3762559E+001,-3.9232009E+002,-6.9923249E-002, 0.0000000E+000, 0.0000000E+000,-2.0904393E+001,-1.6992275E+001, 0.0000000E+000, 2.3333823E-002, 0.0000000E+000
 8.2808765E+002, 1.0052418E+003, 0.0000000E+000,-5.4810126E+002,-7.4244660E+001,-3.9177546E+002,-7.0582360E-002, 0.0000000E+000, 0.0000000E+000,-7.4746467E+000,-8.9501903E+000, 0.0000000E+000, 2.3333823E-002, 0.0000000E+000
 8.2904266E+002, 9.9956284E+002, 0.0000000E+000,-5.3812082E+002,-7.5527550E+001,-3.9124650E+002,-7.0511628E-002, 0.0000000E+000, 0.0000000E+000,-3.7632453E+000,-5.4025408E+000, 0.0000000E+000, 2.3333823E-002, 0.0000000E+000
 8.3003375E+002, 1.0014392E+003, 0.0000000E+000,-5.3552127E+002,-7.6255943E+001,-3.9107570E+002,-7.0813842E-002, 0.0000000E+000, 0.0000000E+000,-3.7967322E+000,-1.4845620E+000, 0.0000000E+000, 2.3333823E-002, 0.0000000E+000
 8.3102484E+002, 1.0069802E+003, 0.0000000E+000,-5.4448734E+002,-7.4749867E+001,-3.9201993E+002,-7.0926517E-002, 0.0000000E+000, 0.0000000E+000,-2.6620493E+000,-4.3478592E+000, 0.0000000E+000, 2.3333823E-002, 0.0000000E+000
 8.3201593E+002, 9.9956656E+002, 0.0000000E+000,-5.3226523E+002,-7.3669092E+001,-3.9300062E+002,-6.9609596E-002, 0.0000000E+000, 0.0000000E+000, 8.2387943E-001, 5.6201272E-001, 0.0000000E+000, 2.3333823E-002, 0.0000000E+000
 8.3300702E+002, 1.0039396E+003, 0.0000000E+000,-5.4565932E+002,-7.1084623E+001,-3.9316670E+002,-6.9908417E-002, 0.0000000E+000, 0.0000000E+000,-5.3146763E+000,-6.0409829E+000, 0.0000000E+000, 2.3333823E-002, 0.0000000E+000
 8.3409723E+002, 9.9819747E+002, 0.0000000E+000,-5.3917515E+002,-6.6983449E+001,-3.9321645E+002,-7.0404770E-002, 0.0000000E+000, 0.0000000E+000, 8.5428830E-001,-1.2479798E+000, 0.0000000E+000, 2.3333823E-002, 0.0000000E+000
 8.3508832E+002, 1.0182052E+003, 0.0000000E+000,-5.4740548E+002,-6.6372325E+001,-3.9379906E+002,-7.0933366E-002, 0.0000000E+000, 0.0000000E+000, 1.4411280E+001, 1.0557393E+001, 0.0000000E+000, 2.3333823E-002, 0.0000000E+000
 8.3607941E+002, 9.8761792E+002, 0.0000000E+000,-5.2288982E+002,-6.6048895E+001,-3.9361319E+002,-7.0888312E-002, 0.0000000E+000, 0.0000000E+000, 4.4334717E+000, 4.9951163E+000, 0.0000000E+000, 2.3333823E-002, 0.0000000E+000
 8.3707050E+002, 9.9757910E+002, 0.0000000E+000,-5.3522646E+002,-6.7846371E+001,-3.9188018E+002,-7.1051238E-002, 0.0000000E+000, 0.0000000E+000, 4.3530031E+000, 2.5550429E+000, 0.0000000E+000, 2.3333823E-002, 0.0000000E+000
 8.3806158E+002, 1.0031052E+003, 0.0000000E+000,-5.4776455E+002,-6.9688764E+001,-3.9206619E+002,-7.0855948E-002, 0.0000000E+000, 0.0000000E+000,-4.8014968E+000,-6.4851773E+000, 0.0000000E+000, 2.3333823E-002, 0.0000000E+000
 8.3905267E+002, 1.0003043E+003, 0.0000000E+000,-5.4122111E+002,-7.1853186E+001,-3.9225291E+002,-7.0622527E-002, 0.0000000E+000, 0.0000000E+000,-3.9293836E+000,-5.0935185E+000, 0.0000000E+000, 2.3333823E-002, 0.0000000E+000
 8.4004370E+002, 9.9293692E+002, 0.0000000E+000,-5.4758912E+002,-6.8935937E+001,-3.9095397E+002,-6.9951929E-002, 0.0000000E+000, 0.0000000E+000,-1.5569232E+001,-1.4612054E+001, 0.0000000E+000, 2.3333823E-002, 0.0000000E+000
 8.4103479E+002, 9.9999166E+002, 0.0000000E+000,-5.4476704E+002,-6.6352879E+001,-3.9105807E+002,-7.0698246E-002, 0.0000000E+000, 0.0000000E+000,-2.2404310E+000,-2.2570199E+000, 0.0000000E+000, 2.3333823E-002, 0.0000000E+000
 8.4202588E+002, 9.9075633E+002, 0.0000000E+000,-5.2649592E+002,-7.2246199E+001,-3.9129256E+002,-7.0962306E-002, 0.0000000E+000, 0.0000000E+000, 3.0191072E-001, 6.5068352E-001, 0.0000000E+000, 2.3333823E-002, 0.0000000E+000
 8.4304669E+002, 9.9566639E+002, 0.0000000E+000,-5.3109436E+002,-7.3562008E+001,-3.9219449E+002,-7.0546842E-002, 0.0000000E+000, 0.0000000E+000,-4.7668702E-001,-1.2550131E+000, 0.0000000E+000, 2.3333823E-002, 0.0000000E+000
 8.4405847E+002, 1.0014986E+003, 0.0000000E+000,-5.5098371E+002,-7.1195122E+001,-3.8975386E+002,-7.0032266E-002, 0.0000000E+000, 0.0000000E+000,-8.1878120E+000,-1.0504093E+001, 0.0000000E+000, 2.3333823E-002, 0.0000000E+000
 8.4500128E+002, 1.0129534E+003, 0.0000000E+000,-5.4941131E+002,-7.2717275E+001,-3.8945566E+002,-6.9866059E-002, 0.0000000E+000, 0.0000000E+000,-8.4460537E-001, 1.2993339E+000, 0.0000000E+000, 2.3333823E-002, 0.0000000E+000
 8.4605341E+002, 1.0008281E+003, 0.0000000E+000,-5.3858147E+002,-7.7984823E+001,-3.9361747E+002,-7.0366330E-002, 0.0000000E+000, 0.0000000E+000,-9.3054686E+000,-9.4260512E+000, 0.0000000E+000, 2.3333823E-002, 0.0000000E+000
 8.4706378E+002, 9.9599532E+002, 0.0000000E+000,-5.3355842E+002,-7.9263475E+001,-3.9444465E+002,-7.0517079E-002, 0.0000000E+000, 0.0000000E+000,-9.6091225E+000,-1.1341746E+001, 0.0000000E+000, 2.3333823E-002, 0.0000000E+000
 8.4803741E+002, 9.9536659E+002, 0.0000000E+000,-5.4093988E+002,-7.8080548E+001,-3.9356539E+002,-7.0481334E-002, 0.0000000E+000, 0.0000000E+000,-1.5246716E+001,-1.7289718E+001, 0.0000000E+000, 2.3333823E-002, 0.0000000E+000
 8.4904773E+002, 1.0075625E+003, 0.0000000E+000,-5.6041465E+002,-7.8059587E+001,-3.9297255E+002,-7.0364725E-002, 0.0000000E+000, 0.0000000E+000,-2.4105161E+001,-2.3954632E+001, 0.0000000E+000, 2.3333823E-002, 0.0000000E+000
 8.5002441E+002, 9.9848218E+002, 0.0000000E+000,-5.2808081E+002,-7.5962887E+001,-3.9317925E+002,-6.9995069E-002, 0.0000000E+000, 0.0000000E+000, 1.4806264E+000, 1.1892390E+000, 0.0000000E+000, 2.3333823E-002, 0.0000000E+000
 8.5101215E+002, 9.9778527E+002, 0.0000000E+000,-5.3748703E+002,-7.5110810E+001,-3.9207999E+002,-7.0256810E-002, 0.0000000E+000, 0.0000000E+000,-6.0151995E+000,-6.9628146E+000, 0.0000000E+000, 2.3333823E-002, 0.0000000E+000
 8.5207886E+002, 1.0057948E+003, 0.0000000E+000,-5.3339835E+002,-7.5466624E+001,-3.9221205E+002,-7.0267940E-002, 0.0000000E+000, 0.0000000E+000, 6.2479370E+000, 4.6474824E+000, 0.0000000E+000, 2.3333823E-002, 0.0000000E+000
 8.5300818E+002, 9.9935512E+002, 0.0000000E+000,-5.3532653E+002,-7.2363084E+001,-3.9073555E+002,-7.0509391E-002, 0.0000000E+000, 0.0000000E+000, 5.6067202E-001, 8.5944905E-001, 0.0000000E+000, 2.3333823E-002, 0.0000000E+000
 8.5401501E+002, 1.0009914E+003, 0.0000000E+000,-5.3244176E+002,-6.8403131E+001,-3.8977136E+002,-7.0601605E-002, 0.0000000E+000, 0.0000000E+000, 9.5540623E+000, 1.0304497E+001, 0.0000000E+000, 2.3333823E-002, 0.0000000E+000
 8.5504742E+002, 1.0193788E+003, 0.0000000E+000,-5.4613407E+002,-7.0249139E+001,-3.9036144E+002,-7.0440405E-002, 0.0000000E+000, 0.0000000E+000, 1.6022429E+001, 1.2563666E+001, 0.0000000E+000, 2.3333823E-002, 0.0000000E+000
 8.5607990E+002, 9.9911628E+002, 0.0000000E+000,-5.4643370E+002,-7.2569435E+001,-3.8973203E+002,-7.0563371E-002, 0.0000000E+000, 0.0000000E+000,-9.0268457E+000,-9.6894453E+000, 0.0000000E+000, 2.3333823E-002, 0.0000000E+000
 8.5701843E+002, 1.0112089E+003, 0.0000000E+000,-5.3555923E+002,-7.2754735E+001,-3.9075012E+002,-7.0503464E-002, 0.0000000E+000, 0.0000000E+000, 9.1164134E+000, 1.2074313E+001, 0.0000000E+000, 2.3333823E-002, 0.0000000E+000
 8.5805090E+002, 1.0118332E+003, 0.0000000E+000,-5.4930828E+002,-7.4203114E+001,-3.9108150E+002,-7.0438655E-002, 0.0000000E+000, 0.0000000E+000, 7.8255954E-001,-2.8301223E+000, 0.0000000E+000, 2.3333823E-002, 0.0000000E+000
 8.5906458E+002, 9.9058598E+002, 0.0000000E+000,-5.3246331E+002,-7.1776568E+001,-3.8985575E+002,-7.0617726E-002, 0.0000000E+000, 0.0000000E+000,-5.6034310E+000,-3.5802643E+000, 0.0000000E+000, 2.3333823E-002, 0.0000000E+000
 8.6000000E+002, 1.0066519E+003, 0.0000000E+000,-5.3673736E+002,-7.0424630E+001,-3.8982653E+002,-7.0606534E-002, 0.0000000E+000, 0.0000000E+000, 1.0959694E+001, 9.5927762E+000, 0.0000000E+000, 2.3333823E-002, 0.0000000E+000
 8.6102692E+002, 1.0048927E+003, 0.0000000E+000,-5.4043406E+002,-6.8437744E+001,-3.9124580E+002,-7.0215629E-002, 0.0000000E+000, 0.0000000E+000, 8.3471614E+000, 4.7048812E+000, 0.0000000E+000, 2.3333823E-002, 0.0000000E+000
