# Blender 5.2.2 LTS
# www.blender.org
mtllib GasHoseOff.mtl
o GasHoseOff
v 0.000000 0.000000 0.011000
v 0.000000 0.008500 0.011000
v -0.004250 0.007361 0.011000
v -0.007361 0.004250 0.011000
v -0.008500 0.000000 0.011000
v -0.007361 -0.004250 0.011000
v -0.004250 -0.007361 0.011000
v -0.000000 -0.008500 0.011000
v 0.004250 -0.007361 0.011000
v 0.007361 -0.004250 0.011000
v 0.008500 -0.000000 0.011000
v 0.007361 0.004250 0.011000
v 0.004250 0.007361 0.011000
v 0.000000 0.008500 0.011000
v -0.004250 0.007361 0.011000
v -0.007361 0.004250 0.011000
v -0.008500 0.000000 0.011000
v -0.007361 -0.004250 0.011000
v -0.004250 -0.007361 0.011000
v -0.000000 -0.008500 0.011000
v 0.004250 -0.007361 0.011000
v 0.007361 -0.004250 0.011000
v 0.008500 -0.000000 0.011000
v 0.007361 0.004250 0.011000
v 0.004250 0.007361 0.011000
v 0.000000 0.008500 0.000000
v -0.004250 0.007361 0.000000
v -0.007361 0.004250 0.000000
v -0.008500 0.000000 0.000000
v -0.007361 -0.004250 0.000000
v -0.004250 -0.007361 0.000000
v -0.000000 -0.008500 0.000000
v 0.004250 -0.007361 0.000000
v 0.007361 -0.004250 0.000000
v 0.008500 -0.000000 0.000000
v 0.007361 0.004250 0.000000
v 0.004250 0.007361 0.000000
v 0.000000 0.008500 0.000000
v -0.004250 0.007361 0.000000
v -0.007361 0.004250 0.000000
v -0.008500 0.000000 0.000000
v -0.007361 -0.004250 0.000000
v -0.004250 -0.007361 0.000000
v -0.000000 -0.008500 0.000000
v 0.004250 -0.007361 0.000000
v 0.007361 -0.004250 0.000000
v 0.008500 -0.000000 0.000000
v 0.007361 0.004250 0.000000
v 0.004250 0.007361 0.000000
v 0.000000 0.013800 0.000000
v -0.005976 0.010350 0.000000
v -0.011951 0.006900 0.000000
v -0.011951 0.000000 0.000000
v -0.011951 -0.006900 0.000000
v -0.005976 -0.010350 0.000000
v -0.000000 -0.013800 0.000000
v 0.005976 -0.010350 0.000000
v 0.011951 -0.006900 0.000000
v 0.011951 -0.000000 0.000000
v 0.011951 0.006900 0.000000
v 0.005976 0.010350 0.000000
v 0.000000 0.015011 0.001600
v -0.006500 0.011258 0.001600
v -0.013000 0.007506 0.001600
v -0.013000 0.000000 0.001600
v -0.013000 -0.007506 0.001600
v -0.006500 -0.011258 0.001600
v -0.000000 -0.015011 0.001600
v 0.006500 -0.011258 0.001600
v 0.013000 -0.007506 0.001600
v 0.013000 -0.000000 0.001600
v 0.013000 0.007506 0.001600
v 0.006500 0.011258 0.001600
v 0.000000 0.015011 0.016400
v -0.006500 0.011258 0.016400
v -0.013000 0.007506 0.016400
v -0.013000 0.000000 0.016400
v -0.013000 -0.007506 0.016400
v -0.006500 -0.011258 0.016400
v -0.000000 -0.015011 0.016400
v 0.006500 -0.011258 0.016400
v 0.013000 -0.007506 0.016400
v 0.013000 -0.000000 0.016400
v 0.013000 0.007506 0.016400
v 0.006500 0.011258 0.016400
v 0.000000 0.013800 0.018000
v -0.005976 0.010350 0.018000
v -0.011951 0.006900 0.018000
v -0.011951 0.000000 0.018000
v -0.011951 -0.006900 0.018000
v -0.005976 -0.010350 0.018000
v -0.000000 -0.013800 0.018000
v 0.005976 -0.010350 0.018000
v 0.011951 -0.006900 0.018000
v 0.011951 -0.000000 0.018000
v 0.011951 0.006900 0.018000
v 0.005976 0.010350 0.018000
v 0.000000 0.011500 0.018000
v -0.005750 0.009959 0.018000
v -0.009959 0.005750 0.018000
v -0.011500 0.000000 0.018000
v -0.009959 -0.005750 0.018000
v -0.005750 -0.009959 0.018000
v -0.000000 -0.011500 0.018000
v 0.005750 -0.009959 0.018000
v 0.009959 -0.005750 0.018000
v 0.011500 -0.000000 0.018000
v 0.009959 0.005750 0.018000
v 0.005750 0.009959 0.018000
v 0.000000 0.011400 0.018000
v -0.004946 0.010271 0.018000
v -0.008913 0.007108 0.018000
v -0.011114 0.002537 0.018000
v -0.011114 -0.002537 0.018000
v -0.008913 -0.007108 0.018000
v -0.004946 -0.010271 0.018000
v -0.000000 -0.011400 0.018000
v 0.004946 -0.010271 0.018000
v 0.008913 -0.007108 0.018000
v 0.011114 -0.002537 0.018000
v 0.011114 0.002537 0.018000
v 0.008913 0.007108 0.018000
v 0.004946 0.010271 0.018000
v 0.000000 0.011400 0.020500
v -0.004946 0.010271 0.020500
v -0.008913 0.007108 0.020500
v -0.011114 0.002537 0.020500
v -0.011114 -0.002537 0.020500
v -0.008913 -0.007108 0.020500
v -0.004946 -0.010271 0.020500
v -0.000000 -0.011400 0.020500
v 0.004946 -0.010271 0.020500
v 0.008913 -0.007108 0.020500
v 0.011114 -0.002537 0.020500
v 0.011114 0.002537 0.020500
v 0.008913 0.007108 0.020500
v 0.004946 0.010271 0.020500
v 0.000000 0.010800 0.021200
v -0.004686 0.009730 0.021200
v -0.008444 0.006734 0.021200
v -0.010529 0.002403 0.021200
v -0.010529 -0.002403 0.021200
v -0.008444 -0.006734 0.021200
v -0.004686 -0.009730 0.021200
v -0.000000 -0.010800 0.021200
v 0.004686 -0.009730 0.021200
v 0.008444 -0.006734 0.021200
v 0.010529 -0.002403 0.021200
v 0.010529 0.002403 0.021200
v 0.008444 0.006734 0.021200
v 0.004686 0.009730 0.021200
v 0.000000 0.010800 0.025000
v -0.004686 0.009730 0.025000
v -0.008444 0.006734 0.025000
v -0.010529 0.002403 0.025000
v -0.010529 -0.002403 0.025000
v -0.008444 -0.006734 0.025000
v -0.004686 -0.009730 0.025000
v -0.000000 -0.010800 0.025000
v 0.004686 -0.009730 0.025000
v 0.008444 -0.006734 0.025000
v 0.010529 -0.002403 0.025000
v 0.010529 0.002403 0.025000
v 0.008444 0.006734 0.025000
v 0.004686 0.009730 0.025000
v 0.000000 0.010000 0.025600
v -0.004339 0.009010 0.025600
v -0.007818 0.006235 0.025600
v -0.009749 0.002225 0.025600
v -0.009749 -0.002225 0.025600
v -0.007818 -0.006235 0.025600
v -0.004339 -0.009010 0.025600
v -0.000000 -0.010000 0.025600
v 0.004339 -0.009010 0.025600
v 0.007818 -0.006235 0.025600
v 0.009749 -0.002225 0.025600
v 0.009749 0.002225 0.025600
v 0.007818 0.006235 0.025600
v 0.004339 0.009010 0.025600
v 0.000000 0.010000 0.027200
v -0.004339 0.009010 0.027200
v -0.007818 0.006235 0.027200
v -0.009749 0.002225 0.027200
v -0.009749 -0.002225 0.027200
v -0.007818 -0.006235 0.027200
v -0.004339 -0.009010 0.027200
v -0.000000 -0.010000 0.027200
v 0.004339 -0.009010 0.027200
v 0.007818 -0.006235 0.027200
v 0.009749 -0.002225 0.027200
v 0.009749 0.002225 0.027200
v 0.007818 0.006235 0.027200
v 0.004339 0.009010 0.027200
v 0.000000 0.010800 0.027800
v -0.004686 0.009730 0.027800
v -0.008444 0.006734 0.027800
v -0.010529 0.002403 0.027800
v -0.010529 -0.002403 0.027800
v -0.008444 -0.006734 0.027800
v -0.004686 -0.009730 0.027800
v -0.000000 -0.010800 0.027800
v 0.004686 -0.009730 0.027800
v 0.008444 -0.006734 0.027800
v 0.010529 -0.002403 0.027800
v 0.010529 0.002403 0.027800
v 0.008444 0.006734 0.027800
v 0.004686 0.009730 0.027800
v 0.000000 0.010800 0.033400
v -0.004686 0.009730 0.033400
v -0.008444 0.006734 0.033400
v -0.010529 0.002403 0.033400
v -0.010529 -0.002403 0.033400
v -0.008444 -0.006734 0.033400
v -0.004686 -0.009730 0.033400
v -0.000000 -0.010800 0.033400
v 0.004686 -0.009730 0.033400
v 0.008444 -0.006734 0.033400
v 0.010529 -0.002403 0.033400
v 0.010529 0.002403 0.033400
v 0.008444 0.006734 0.033400
v 0.004686 0.009730 0.033400
v 0.000000 0.009800 0.034000
v -0.004252 0.008829 0.034000
v -0.007662 0.006110 0.034000
v -0.009554 0.002181 0.034000
v -0.009554 -0.002181 0.034000
v -0.007662 -0.006110 0.034000
v -0.004252 -0.008829 0.034000
v -0.000000 -0.009800 0.034000
v 0.004252 -0.008829 0.034000
v 0.007662 -0.006110 0.034000
v 0.009554 -0.002181 0.034000
v 0.009554 0.002181 0.034000
v 0.007662 0.006110 0.034000
v 0.004252 0.008829 0.034000
v 0.000000 0.009000 0.034000
v -0.003905 0.008109 0.034000
v -0.007036 0.005611 0.034000
v -0.008774 0.002003 0.034000
v -0.008774 -0.002003 0.034000
v -0.007036 -0.005611 0.034000
v -0.003905 -0.008109 0.034000
v -0.000000 -0.009000 0.034000
v 0.003905 -0.008109 0.034000
v 0.007036 -0.005611 0.034000
v 0.008774 -0.002003 0.034000
v 0.008774 0.002003 0.034000
v 0.007036 0.005611 0.034000
v 0.003905 0.008109 0.034000
v -0.070000 -0.609000 0.260000
v -0.061500 -0.609000 0.260000
v -0.062639 -0.609000 0.255750
v -0.065750 -0.609000 0.252639
v -0.070000 -0.609000 0.251500
v -0.074250 -0.609000 0.252639
v -0.077361 -0.609000 0.255750
v -0.078500 -0.609000 0.260000
v -0.077361 -0.609000 0.264250
v -0.074250 -0.609000 0.267361
v -0.070000 -0.609000 0.268500
v -0.065750 -0.609000 0.267361
v -0.062639 -0.609000 0.264250
v -0.061500 -0.609000 0.260000
v -0.062639 -0.609000 0.255750
v -0.065750 -0.609000 0.252639
v -0.070000 -0.609000 0.251500
v -0.074250 -0.609000 0.252639
v -0.077361 -0.609000 0.255750
v -0.078500 -0.609000 0.260000
v -0.077361 -0.609000 0.264250
v -0.074250 -0.609000 0.267361
v -0.070000 -0.609000 0.268500
v -0.065750 -0.609000 0.267361
v -0.062639 -0.609000 0.264250
v -0.061500 -0.620000 0.260000
v -0.062639 -0.620000 0.255750
v -0.065750 -0.620000 0.252639
v -0.070000 -0.620000 0.251500
v -0.074250 -0.620000 0.252639
v -0.077361 -0.620000 0.255750
v -0.078500 -0.620000 0.260000
v -0.077361 -0.620000 0.264250
v -0.074250 -0.620000 0.267361
v -0.070000 -0.620000 0.268500
v -0.065750 -0.620000 0.267361
v -0.062639 -0.620000 0.264250
v -0.061500 -0.620000 0.260000
v -0.062639 -0.620000 0.255750
v -0.065750 -0.620000 0.252639
v -0.070000 -0.620000 0.251500
v -0.074250 -0.620000 0.252639
v -0.077361 -0.620000 0.255750
v -0.078500 -0.620000 0.260000
v -0.077361 -0.620000 0.264250
v -0.074250 -0.620000 0.267361
v -0.070000 -0.620000 0.268500
v -0.065750 -0.620000 0.267361
v -0.062639 -0.620000 0.264250
v -0.056200 -0.620000 0.260000
v -0.059650 -0.620000 0.254024
v -0.063100 -0.620000 0.248049
v -0.070000 -0.620000 0.248049
v -0.076900 -0.620000 0.248049
v -0.080350 -0.620000 0.254024
v -0.083800 -0.620000 0.260000
v -0.080350 -0.620000 0.265976
v -0.076900 -0.620000 0.271951
v -0.070000 -0.620000 0.271951
v -0.063100 -0.620000 0.271951
v -0.059650 -0.620000 0.265976
v -0.054989 -0.618400 0.260000
v -0.058742 -0.618400 0.253500
v -0.062494 -0.618400 0.247000
v -0.070000 -0.618400 0.247000
v -0.077506 -0.618400 0.247000
v -0.081258 -0.618400 0.253500
v -0.085011 -0.618400 0.260000
v -0.081258 -0.618400 0.266500
v -0.077506 -0.618400 0.273000
v -0.070000 -0.618400 0.273000
v -0.062494 -0.618400 0.273000
v -0.058742 -0.618400 0.266500
v -0.054989 -0.603600 0.260000
v -0.058742 -0.603600 0.253500
v -0.062494 -0.603600 0.247000
v -0.070000 -0.603600 0.247000
v -0.077506 -0.603600 0.247000
v -0.081258 -0.603600 0.253500
v -0.085011 -0.603600 0.260000
v -0.081258 -0.603600 0.266500
v -0.077506 -0.603600 0.273000
v -0.070000 -0.603600 0.273000
v -0.062494 -0.603600 0.273000
v -0.058742 -0.603600 0.266500
v -0.056200 -0.602000 0.260000
v -0.059650 -0.602000 0.254024
v -0.063100 -0.602000 0.248049
v -0.070000 -0.602000 0.248049
v -0.076900 -0.602000 0.248049
v -0.080350 -0.602000 0.254024
v -0.083800 -0.602000 0.260000
v -0.080350 -0.602000 0.265976
v -0.076900 -0.602000 0.271951
v -0.070000 -0.602000 0.271951
v -0.063100 -0.602000 0.271951
v -0.059650 -0.602000 0.265976
v -0.058500 -0.602000 0.260000
v -0.060041 -0.602000 0.254250
v -0.064250 -0.602000 0.250041
v -0.070000 -0.602000 0.248500
v -0.075750 -0.602000 0.250041
v -0.079959 -0.602000 0.254250
v -0.081500 -0.602000 0.260000
v -0.079959 -0.602000 0.265750
v -0.075750 -0.602000 0.269959
v -0.070000 -0.602000 0.271500
v -0.064250 -0.602000 0.269959
v -0.060041 -0.602000 0.265750
v -0.058600 -0.602000 0.260000
v -0.059729 -0.602000 0.255054
v -0.062892 -0.602000 0.251087
v -0.067463 -0.602000 0.248886
v -0.072537 -0.602000 0.248886
v -0.077108 -0.602000 0.251087
v -0.080271 -0.602000 0.255054
v -0.081400 -0.602000 0.260000
v -0.080271 -0.602000 0.264946
v -0.077108 -0.602000 0.268913
v -0.072537 -0.602000 0.271114
v -0.067463 -0.602000 0.271114
v -0.062892 -0.602000 0.268913
v -0.059729 -0.602000 0.264946
v -0.058600 -0.599500 0.260000
v -0.059729 -0.599500 0.255054
v -0.062892 -0.599500 0.251087
v -0.067463 -0.599500 0.248886
v -0.072537 -0.599500 0.248886
v -0.077108 -0.599500 0.251087
v -0.080271 -0.599500 0.255054
v -0.081400 -0.599500 0.260000
v -0.080271 -0.599500 0.264946
v -0.077108 -0.599500 0.268913
v -0.072537 -0.599500 0.271114
v -0.067463 -0.599500 0.271114
v -0.062892 -0.599500 0.268913
v -0.059729 -0.599500 0.264946
v -0.059200 -0.598800 0.260000
v -0.060270 -0.598800 0.255314
v -0.063266 -0.598800 0.251556
v -0.067597 -0.598800 0.249471
v -0.072403 -0.598800 0.249471
v -0.076734 -0.598800 0.251556
v -0.079730 -0.598800 0.255314
v -0.080800 -0.598800 0.260000
v -0.079730 -0.598800 0.264686
v -0.076734 -0.598800 0.268444
v -0.072403 -0.598800 0.270529
v -0.067597 -0.598800 0.270529
v -0.063266 -0.598800 0.268444
v -0.060270 -0.598800 0.264686
v -0.059200 -0.595000 0.260000
v -0.060270 -0.595000 0.255314
v -0.063266 -0.595000 0.251556
v -0.067597 -0.595000 0.249471
v -0.072403 -0.595000 0.249471
v -0.076734 -0.595000 0.251556
v -0.079730 -0.595000 0.255314
v -0.080800 -0.595000 0.260000
v -0.079730 -0.595000 0.264686
v -0.076734 -0.595000 0.268444
v -0.072403 -0.595000 0.270529
v -0.067597 -0.595000 0.270529
v -0.063266 -0.595000 0.268444
v -0.060270 -0.595000 0.264686
v -0.060000 -0.594400 0.260000
v -0.060990 -0.594400 0.255661
v -0.063765 -0.594400 0.252182
v -0.067775 -0.594400 0.250251
v -0.072225 -0.594400 0.250251
v -0.076235 -0.594400 0.252182
v -0.079010 -0.594400 0.255661
v -0.080000 -0.594400 0.260000
v -0.079010 -0.594400 0.264339
v -0.076235 -0.594400 0.267818
v -0.072225 -0.594400 0.269749
v -0.067775 -0.594400 0.269749
v -0.063765 -0.594400 0.267818
v -0.060990 -0.594400 0.264339
v -0.060000 -0.592800 0.260000
v -0.060990 -0.592800 0.255661
v -0.063765 -0.592800 0.252182
v -0.067775 -0.592800 0.250251
v -0.072225 -0.592800 0.250251
v -0.076235 -0.592800 0.252182
v -0.079010 -0.592800 0.255661
v -0.080000 -0.592800 0.260000
v -0.079010 -0.592800 0.264339
v -0.076235 -0.592800 0.267818
v -0.072225 -0.592800 0.269749
v -0.067775 -0.592800 0.269749
v -0.063765 -0.592800 0.267818
v -0.060990 -0.592800 0.264339
v -0.059200 -0.592200 0.260000
v -0.060270 -0.592200 0.255314
v -0.063266 -0.592200 0.251556
v -0.067597 -0.592200 0.249471
v -0.072403 -0.592200 0.249471
v -0.076734 -0.592200 0.251556
v -0.079730 -0.592200 0.255314
v -0.080800 -0.592200 0.260000
v -0.079730 -0.592200 0.264686
v -0.076734 -0.592200 0.268444
v -0.072403 -0.592200 0.270529
v -0.067597 -0.592200 0.270529
v -0.063266 -0.592200 0.268444
v -0.060270 -0.592200 0.264686
v -0.059200 -0.586600 0.260000
v -0.060270 -0.586600 0.255314
v -0.063266 -0.586600 0.251556
v -0.067597 -0.586600 0.249471
v -0.072403 -0.586600 0.249471
v -0.076734 -0.586600 0.251556
v -0.079730 -0.586600 0.255314
v -0.080800 -0.586600 0.260000
v -0.079730 -0.586600 0.264686
v -0.076734 -0.586600 0.268444
v -0.072403 -0.586600 0.270529
v -0.067597 -0.586600 0.270529
v -0.063266 -0.586600 0.268444
v -0.060270 -0.586600 0.264686
v -0.060200 -0.586000 0.260000
v -0.061171 -0.586000 0.255748
v -0.063890 -0.586000 0.252338
v -0.067819 -0.586000 0.250446
v -0.072181 -0.586000 0.250446
v -0.076110 -0.586000 0.252338
v -0.078829 -0.586000 0.255748
v -0.079800 -0.586000 0.260000
v -0.078829 -0.586000 0.264252
v -0.076110 -0.586000 0.267662
v -0.072181 -0.586000 0.269554
v -0.067819 -0.586000 0.269554
v -0.063890 -0.586000 0.267662
v -0.061171 -0.586000 0.264252
v -0.061000 -0.586000 0.260000
v -0.061891 -0.586000 0.256095
v -0.064389 -0.586000 0.252964
v -0.067997 -0.586000 0.251226
v -0.072003 -0.586000 0.251226
v -0.075611 -0.586000 0.252964
v -0.078109 -0.586000 0.256095
v -0.079000 -0.586000 0.260000
v -0.078109 -0.586000 0.263905
v -0.075611 -0.586000 0.267036
v -0.072003 -0.586000 0.268774
v -0.067997 -0.586000 0.268774
v -0.064389 -0.586000 0.267036
v -0.061891 -0.586000 0.263905
v 0.009100 0.000000 0.034000
v 0.007362 0.005349 0.034000
v 0.002812 0.008655 0.034000
v -0.002812 0.008655 0.034000
v -0.007362 0.005349 0.034000
v -0.009100 0.000000 0.034000
v -0.007362 -0.005349 0.034000
v -0.002812 -0.008655 0.034000
v 0.002812 -0.008655 0.034000
v 0.007362 -0.005349 0.034000
v 0.010500 0.000000 0.041058
v 0.008495 0.006172 0.041058
v 0.003245 0.009986 0.041058
v -0.003245 0.009986 0.041058
v -0.008495 0.006172 0.041058
v -0.010500 0.000000 0.041058
v -0.008495 -0.006172 0.041058
v -0.003245 -0.009986 0.041058
v 0.003245 -0.009986 0.041058
v 0.008495 -0.006172 0.041058
v 0.009100 0.000000 0.048116
v 0.007362 0.005349 0.048116
v 0.002812 0.008655 0.048116
v -0.002812 0.008655 0.048116
v -0.007362 0.005349 0.048116
v -0.009100 0.000000 0.048116
v -0.007362 -0.005349 0.048116
v -0.002812 -0.008655 0.048116
v 0.002812 -0.008655 0.048116
v 0.007362 -0.005349 0.048116
v 0.010500 0.000000 0.055174
v 0.008495 0.006172 0.055174
v 0.003245 0.009986 0.055174
v -0.003245 0.009986 0.055174
v -0.008495 0.006172 0.055174
v -0.010500 0.000000 0.055174
v -0.008495 -0.006172 0.055174
v -0.003245 -0.009986 0.055174
v 0.003245 -0.009986 0.055174
v 0.008495 -0.006172 0.055174
v 0.009100 0.000000 0.062233
v 0.007362 0.005349 0.062233
v 0.002812 0.008655 0.062233
v -0.002812 0.008655 0.062233
v -0.007362 0.005349 0.062233
v -0.009100 0.000000 0.062233
v -0.007362 -0.005349 0.062233
v -0.002812 -0.008655 0.062233
v 0.002812 -0.008655 0.062233
v 0.007362 -0.005349 0.062233
v 0.010500 0.000000 0.069291
v 0.008495 0.006172 0.069291
v 0.003245 0.009986 0.069291
v -0.003245 0.009986 0.069291
v -0.008495 0.006172 0.069291
v -0.010500 0.000000 0.069291
v -0.008495 -0.006172 0.069291
v -0.003245 -0.009986 0.069291
v 0.003245 -0.009986 0.069291
v 0.008495 -0.006172 0.069291
v 0.009100 -0.000000 0.076387
v 0.007362 0.005348 0.076480
v 0.002812 0.008653 0.076523
v -0.002812 0.008653 0.076500
v -0.007362 0.005348 0.076419
v -0.009100 0.000000 0.076311
v -0.007362 -0.005348 0.076217
v -0.002812 -0.008653 0.076174
v 0.002812 -0.008653 0.076198
v 0.007362 -0.005348 0.076279
v 0.010439 -0.000275 0.083603
v 0.008429 0.005874 0.084117
v 0.003176 0.009678 0.084355
v -0.003312 0.009683 0.084227
v -0.008557 0.005889 0.083782
v -0.010557 -0.000256 0.083189
v -0.008546 -0.006405 0.082675
v -0.003294 -0.010208 0.082437
v 0.003194 -0.010214 0.082565
v 0.008440 -0.006420 0.083010
v 0.008813 -0.001305 0.090774
v 0.007051 0.003935 0.091811
v 0.002490 0.007189 0.092293
v -0.003128 0.007216 0.092036
v -0.007658 0.004005 0.091139
v -0.009368 -0.001218 0.089944
v -0.007606 -0.006457 0.088908
v -0.003045 -0.009712 0.088426
v 0.002573 -0.009739 0.088682
v 0.007102 -0.006528 0.089579
v 0.009773 -0.003324 0.097873
v 0.007696 0.002521 0.099780
v 0.002413 0.006183 0.100669
v -0.004059 0.006263 0.100201
v -0.009248 0.002730 0.098556
v -0.011171 -0.003066 0.096360
v -0.009094 -0.008911 0.094454
v -0.003811 -0.012573 0.093565
v 0.002661 -0.012653 0.094033
v 0.007849 -0.009120 0.095678
v 0.007767 -0.006128 0.104436
v 0.005921 -0.001277 0.106603
v 0.001320 0.001794 0.107617
v -0.004278 0.001914 0.107091
v -0.008735 -0.000964 0.105224
v -0.010348 -0.005740 0.102731
v -0.008502 -0.010590 0.100564
v -0.003901 -0.013662 0.099550
v 0.001697 -0.013782 0.100077
v 0.006154 -0.010904 0.101943
v 0.008412 -0.009660 0.110900
v 0.006221 -0.004350 0.113918
v 0.000883 -0.000942 0.115335
v -0.005562 -0.000738 0.114609
v -0.010653 -0.003816 0.112017
v -0.012446 -0.009001 0.108550
v -0.010254 -0.014311 0.105531
v -0.004917 -0.017719 0.104115
v 0.001529 -0.017923 0.104841
v 0.006620 -0.014845 0.107433
v 0.006155 -0.013718 0.116623
v 0.004202 -0.009371 0.119611
v -0.000451 -0.006541 0.121017
v -0.006024 -0.006307 0.120305
v -0.010391 -0.008760 0.117747
v -0.011883 -0.012962 0.114319
v -0.009930 -0.017309 0.111332
v -0.005278 -0.020139 0.109926
v 0.000296 -0.020373 0.110638
v 0.004663 -0.017920 0.113196
v 0.006595 -0.018309 0.122301
v 0.004289 -0.013543 0.126053
v -0.001104 -0.010398 0.127824
v -0.007524 -0.010075 0.126938
v -0.012520 -0.012699 0.123732
v -0.014182 -0.017266 0.119432
v -0.011877 -0.022032 0.115680
v -0.006484 -0.025177 0.113909
v -0.000063 -0.025499 0.114796
v 0.004932 -0.022876 0.118001
v 0.004213 -0.023052 0.127291
v 0.002178 -0.019100 0.130736
v -0.002514 -0.016462 0.132366
v -0.008071 -0.016146 0.131557
v -0.012370 -0.018271 0.128619
v -0.013769 -0.022028 0.124674
v -0.011733 -0.025980 0.121229
v -0.007041 -0.028618 0.119599
v -0.001485 -0.028935 0.120408
v 0.002814 -0.026809 0.123346
v 0.004555 -0.028199 0.132442
v 0.002161 -0.023866 0.136637
v -0.003276 -0.020934 0.138625
v -0.009678 -0.020523 0.137648
v -0.014601 -0.022790 0.134079
v -0.016163 -0.026870 0.129280
v -0.013768 -0.031203 0.125085
v -0.008331 -0.034135 0.123096
v -0.001929 -0.034546 0.124073
v 0.002994 -0.032279 0.127643
v 0.002090 -0.033459 0.136829
v -0.000024 -0.029892 0.140629
v -0.004755 -0.027445 0.142434
v -0.010296 -0.027053 0.141556
v -0.014531 -0.028865 0.138330
v -0.015842 -0.032190 0.133987
v -0.013728 -0.035757 0.130187
v -0.008997 -0.038205 0.128382
v -0.003456 -0.038597 0.129260
v 0.000779 -0.036784 0.132487
v 0.002365 -0.039056 0.141417
v -0.000103 -0.035081 0.145915
v -0.005576 -0.032329 0.148055
v -0.011964 -0.031850 0.147021
v -0.016828 -0.033828 0.143207
v -0.018309 -0.037507 0.138070
v -0.015842 -0.041482 0.133573
v -0.010368 -0.044234 0.131433
v -0.003980 -0.044712 0.132467
v 0.000884 -0.042735 0.136281
v -0.000133 -0.044561 0.145421
v -0.002302 -0.041269 0.149432
v -0.007061 -0.038961 0.151344
v -0.012592 -0.038519 0.150428
v -0.016783 -0.040113 0.147033
v -0.018033 -0.043133 0.142456
v -0.015864 -0.046426 0.138446
v -0.011106 -0.048734 0.136533
v -0.005574 -0.049175 0.137449
v -0.001383 -0.047582 0.140844
v 0.000101 -0.050487 0.149579
v -0.002433 -0.046849 0.154318
v -0.007941 -0.044268 0.156581
v -0.014318 -0.043732 0.155505
v -0.019129 -0.045445 0.151501
v -0.020536 -0.048752 0.146098
v -0.018002 -0.052391 0.141360
v -0.012495 -0.054971 0.139096
v -0.006118 -0.055507 0.140172
v -0.001307 -0.053795 0.144176
v -0.002420 -0.056233 0.153162
v -0.004635 -0.053177 0.157331
v -0.009418 -0.050991 0.159326
v -0.014942 -0.050511 0.158383
v -0.019097 -0.051920 0.154864
v -0.020296 -0.054679 0.150113
v -0.018081 -0.057735 0.145943
v -0.013298 -0.059921 0.143948
v -0.007774 -0.060401 0.144891
v -0.003619 -0.058992 0.148410
v -0.002201 -0.062332 0.157038
v -0.004783 -0.058939 0.161930
v -0.010315 -0.056487 0.164274
v -0.016685 -0.055914 0.163175
v -0.021459 -0.057437 0.159052
v -0.022814 -0.060475 0.153481
v -0.020233 -0.063868 0.148588
v -0.014700 -0.066320 0.146244
v -0.008331 -0.066894 0.147344
v -0.003556 -0.065371 0.151466
v -0.004734 -0.068263 0.160285
v -0.006988 -0.065411 0.164576
v -0.011792 -0.063333 0.166635
v -0.017310 -0.062823 0.165675
v -0.021434 -0.064076 0.162063
v -0.022590 -0.066613 0.157178
v -0.020336 -0.069464 0.152887
v -0.015532 -0.071542 0.150828
v -0.010014 -0.072052 0.151788
v -0.005889 -0.070799 0.155400
v -0.004521 -0.074505 0.163908
v -0.007144 -0.071325 0.168921
v -0.012698 -0.068987 0.171329
v -0.019062 -0.068384 0.170213
v -0.023805 -0.069747 0.166000
v -0.025117 -0.072554 0.160298
v -0.022494 -0.075734 0.155286
v -0.016941 -0.078072 0.152877
v -0.010576 -0.078675 0.153993
v -0.005833 -0.077312 0.158206
v -0.007056 -0.080572 0.166880
v -0.009343 -0.077897 0.171266
v -0.014165 -0.075915 0.173377
v -0.019679 -0.075383 0.172404
v -0.023779 -0.076503 0.168721
v -0.024899 -0.078849 0.163734
v -0.022611 -0.081523 0.159347
v -0.017789 -0.083505 0.157237
v -0.012275 -0.084038 0.158209
v -0.008175 -0.082917 0.161892
v -0.006844 -0.086933 0.170275
v -0.009501 -0.083939 0.175382
v -0.015074 -0.081703 0.177843
v -0.021434 -0.081078 0.176716
v -0.026152 -0.082304 0.172432
v -0.027426 -0.084911 0.166628
v -0.024769 -0.087905 0.161520
v -0.019196 -0.090142 0.159060
v -0.012836 -0.090766 0.160187
v -0.008118 -0.089541 0.164470
v -0.009374 -0.093103 0.173019
v -0.011690 -0.090583 0.177481
v -0.016528 -0.088686 0.179633
v -0.022039 -0.088136 0.178653
v -0.026118 -0.089145 0.174914
v -0.027207 -0.091325 0.169846
v -0.024890 -0.093845 0.165383
v -0.020053 -0.095742 0.163231
v -0.014542 -0.096292 0.164212
v -0.010463 -0.095283 0.167950
v -0.009159 -0.099564 0.176206
v -0.011846 -0.096734 0.181391
v -0.017435 -0.094589 0.183894
v -0.023792 -0.093948 0.182760
v -0.028489 -0.095056 0.178421
v -0.029731 -0.097490 0.172535
v -0.027044 -0.100320 0.167350
v -0.021454 -0.102465 0.164847
v -0.015097 -0.103106 0.165981
v -0.010401 -0.101998 0.170320
v -0.011680 -0.105813 0.178761
v -0.014021 -0.103429 0.183285
v -0.018872 -0.101609 0.185472
v -0.024381 -0.101048 0.184486
v -0.028442 -0.101960 0.180704
v -0.029506 -0.103997 0.175571
v -0.027165 -0.106380 0.171047
v -0.022313 -0.108201 0.168860
v -0.016805 -0.108762 0.169846
v -0.012743 -0.107850 0.173628
v -0.011456 -0.112359 0.181759
v -0.014169 -0.109674 0.187008
v -0.019774 -0.107612 0.189547
v -0.026129 -0.106960 0.188408
v -0.030807 -0.107967 0.184024
v -0.032022 -0.110248 0.178072
v -0.029309 -0.112932 0.172824
v -0.023704 -0.114995 0.170284
v -0.017349 -0.115647 0.171424
v -0.012671 -0.114640 0.175807
v -0.013967 -0.118670 0.184155
v -0.016329 -0.116408 0.188730
v -0.021193 -0.114657 0.190946
v -0.026700 -0.114088 0.189957
v -0.030747 -0.114917 0.186140
v -0.031788 -0.116828 0.180954
v -0.029425 -0.119091 0.176379
v -0.024561 -0.120841 0.174163
v -0.019054 -0.121410 0.175153
v -0.015008 -0.120581 0.178969
v -0.013731 -0.125289 0.186981
v -0.016467 -0.122735 0.192282
v -0.022085 -0.120748 0.194852
v -0.028439 -0.120089 0.193709
v -0.033101 -0.121007 0.189290
v -0.034292 -0.123153 0.183283
v -0.031556 -0.125708 0.177982
v -0.025938 -0.127694 0.175412
v -0.019584 -0.128354 0.176554
v -0.014922 -0.127435 0.180973
v -0.016230 -0.131651 0.189242
v -0.018611 -0.129497 0.193859
v -0.023486 -0.127811 0.196100
v -0.028992 -0.127236 0.195109
v -0.033027 -0.127993 0.191264
v -0.034048 -0.129792 0.186034
v -0.031667 -0.131947 0.181417
v -0.026792 -0.133633 0.179176
v -0.021285 -0.134208 0.180167
v -0.017251 -0.133451 0.184012
v -0.015979 -0.138333 0.191907
v -0.018735 -0.135897 0.197253
v -0.024365 -0.133980 0.199850
v -0.030718 -0.133315 0.198705
v -0.035367 -0.134157 0.194257
v -0.036537 -0.136182 0.188204
v -0.033781 -0.138619 0.182858
v -0.028151 -0.140536 0.180262
v -0.021798 -0.141200 0.181406
v -0.017149 -0.140359 0.185854
v -0.018465 -0.144737 0.194053
v -0.020864 -0.142681 0.198707
v -0.025749 -0.141054 0.200969
v -0.031255 -0.140477 0.199977
v -0.035278 -0.141170 0.196109
v -0.036282 -0.142870 0.190843
v -0.033884 -0.144926 0.186190
v -0.028999 -0.146553 0.183927
v -0.023493 -0.147130 0.184919
v -0.019470 -0.146437 0.188787
v -0.018196 -0.151474 0.196571
v -0.020973 -0.149155 0.201959
v -0.026615 -0.147310 0.204581
v -0.032967 -0.146643 0.203435
v -0.037604 -0.147409 0.198961
v -0.038754 -0.149316 0.192865
v -0.035978 -0.151635 0.187478
v -0.030336 -0.153481 0.184856
v -0.023983 -0.154148 0.186001
v -0.019346 -0.153381 0.190476
v -0.020668 -0.157922 0.198594
v -0.023081 -0.155955 0.203278
v -0.027975 -0.154383 0.205559
v -0.033481 -0.153805 0.204567
v -0.037495 -0.154443 0.200680
v -0.038485 -0.156052 0.195382
v -0.036071 -0.158019 0.190699
v -0.031177 -0.159591 0.188417
v -0.025671 -0.160169 0.189409
v -0.021657 -0.159531 0.193297
v -0.020381 -0.164697 0.200997
v -0.023176 -0.162489 0.206421
v -0.028829 -0.160713 0.209066
v -0.035182 -0.160046 0.207921
v -0.039808 -0.160745 0.203424
v -0.040939 -0.162542 0.197292
v -0.038145 -0.164750 0.191867
v -0.032491 -0.166527 0.189222
v -0.026139 -0.167193 0.190367
v -0.021513 -0.166494 0.194865
v -0.022832 -0.171193 0.202882
v -0.025259 -0.169309 0.207592
v -0.030162 -0.167788 0.209891
v -0.035667 -0.167212 0.208899
v -0.039673 -0.167800 0.204995
v -0.040649 -0.169328 0.199671
v -0.038223 -0.171212 0.194961
v -0.033320 -0.172733 0.192662
v -0.027814 -0.173309 0.193654
v -0.023808 -0.172721 0.197558
v -0.022532 -0.177993 0.205207
v -0.025342 -0.175877 0.210660
v -0.031004 -0.174158 0.213324
v -0.037358 -0.173495 0.212180
v -0.041974 -0.174140 0.207665
v -0.043092 -0.175846 0.201505
v -0.040282 -0.177963 0.196051
v -0.034620 -0.179681 0.193388
v -0.028266 -0.180344 0.194532
v -0.023649 -0.179700 0.199046
v -0.024960 -0.184533 0.206963
v -0.027400 -0.182728 0.211698
v -0.032310 -0.181258 0.214012
v -0.037817 -0.180684 0.213021
v -0.041815 -0.181225 0.209103
v -0.042779 -0.182675 0.203755
v -0.040339 -0.184480 0.199020
v -0.035429 -0.185951 0.196706
v -0.029922 -0.186525 0.197697
v -0.025924 -0.185983 0.201615
v -0.024646 -0.191356 0.209211
v -0.027469 -0.189325 0.214690
v -0.033141 -0.187662 0.217370
v -0.039494 -0.187002 0.216227
v -0.044104 -0.187598 0.211698
v -0.045208 -0.189222 0.205513
v -0.042385 -0.191254 0.200034
v -0.036714 -0.192916 0.197354
v -0.030360 -0.193576 0.198497
v -0.025751 -0.192980 0.203026
v -0.027050 -0.197931 0.210853
v -0.029504 -0.196218 0.215615
v -0.034424 -0.194808 0.217946
v -0.039931 -0.194239 0.216957
v -0.043922 -0.194729 0.213024
v -0.044872 -0.196090 0.207650
v -0.042418 -0.197803 0.202888
v -0.037498 -0.199213 0.200557
v -0.031991 -0.199782 0.201547
v -0.028000 -0.199292 0.205479
v -0.026711 -0.204793 0.212980
v -0.029546 -0.202841 0.218481
v -0.035226 -0.201231 0.221176
v -0.041581 -0.200576 0.220034
v -0.046183 -0.201128 0.215493
v -0.047275 -0.202676 0.209286
v -0.044440 -0.204628 0.203785
v -0.038761 -0.206238 0.201090
v -0.032406 -0.206892 0.202232
v -0.027804 -0.206340 0.206773
v -0.029103 -0.211383 0.214568
v -0.031567 -0.209738 0.219348
v -0.036494 -0.208373 0.221692
v -0.042002 -0.207809 0.220704
v -0.045987 -0.208263 0.216761
v -0.046927 -0.209561 0.211370
v -0.044463 -0.211207 0.206590
v -0.039536 -0.212572 0.204247
v -0.034028 -0.213135 0.205235
v -0.030043 -0.212681 0.209177
v -0.028736 -0.218278 0.216579
v -0.031584 -0.216412 0.222103
v -0.037272 -0.214858 0.224813
v -0.043627 -0.214211 0.223674
v -0.048223 -0.214718 0.219120
v -0.049303 -0.216185 0.212892
v -0.046455 -0.218051 0.207367
v -0.040767 -0.219605 0.204657
v -0.034411 -0.220252 0.205797
v -0.029816 -0.219745 0.210351
v -0.031111 -0.224892 0.218097
v -0.033584 -0.223309 0.222894
v -0.038517 -0.221987 0.225249
v -0.044026 -0.221430 0.224263
v -0.048006 -0.221852 0.220311
v -0.048938 -0.223090 0.214905
v -0.046464 -0.224673 0.210108
v -0.041531 -0.225995 0.207753
v -0.036022 -0.226552 0.208740
v -0.032042 -0.226130 0.212691
v -0.030719 -0.231806 0.220020
v -0.033580 -0.230031 0.225567
v -0.039278 -0.228541 0.228293
v -0.045635 -0.227904 0.227156
v -0.050224 -0.228364 0.222591
v -0.051291 -0.229746 0.216341
v -0.048430 -0.231521 0.210793
v -0.042733 -0.233011 0.208067
v -0.036376 -0.233648 0.209204
v -0.031787 -0.233187 0.213770
v -0.033065 -0.238457 0.221430
v -0.035547 -0.236934 0.226241
v -0.040486 -0.235653 0.228606
v -0.045996 -0.235103 0.227621
v -0.049972 -0.235494 0.223663
v -0.050895 -0.236678 0.218243
v -0.048413 -0.238200 0.213431
v -0.043474 -0.239482 0.211066
v -0.037964 -0.240031 0.212051
v -0.033988 -0.239640 0.216009
v -0.032662 -0.245378 0.223313
v -0.035533 -0.243671 0.228877
v -0.041237 -0.242227 0.231614
v -0.047596 -0.241600 0.230479
v -0.052180 -0.242028 0.225906
v -0.053239 -0.243348 0.219641
v -0.050368 -0.245055 0.214078
v -0.044664 -0.246498 0.211340
v -0.038305 -0.247126 0.212475
v -0.033721 -0.246698 0.217048
v -0.034976 -0.252055 0.224617
v -0.037469 -0.250612 0.229448
v -0.042416 -0.249388 0.231826
v -0.047928 -0.248849 0.230844
v -0.051898 -0.249202 0.226876
v -0.052811 -0.250312 0.221439
v -0.050318 -0.251755 0.216609
v -0.045371 -0.252980 0.214230
v -0.039859 -0.253518 0.215212
v -0.035889 -0.253165 0.219180
v -0.034546 -0.259004 0.226411
v -0.037426 -0.257361 0.231990
v -0.043136 -0.255963 0.234737
v -0.049496 -0.255345 0.233605
v -0.054076 -0.255743 0.229025
v -0.055127 -0.257005 0.222747
v -0.052247 -0.258648 0.217168
v -0.046537 -0.260046 0.214420
v -0.040177 -0.260664 0.215553
v -0.035597 -0.260266 0.220133
v -0.036844 -0.265692 0.227670
v -0.039346 -0.264310 0.232514
v -0.044299 -0.263129 0.234902
v -0.049812 -0.262601 0.233922
v -0.053778 -0.262927 0.229949
v -0.054684 -0.263982 0.224499
v -0.052183 -0.265364 0.219655
v -0.047229 -0.266545 0.217267
v -0.041717 -0.267074 0.218247
v -0.037750 -0.266748 0.222221
v -0.036380 -0.272664 0.229362
v -0.039270 -0.271096 0.234957
v -0.044987 -0.269753 0.237716
v -0.051349 -0.269148 0.236587
v -0.055924 -0.269512 0.231999
v -0.056966 -0.270706 0.225706
v -0.054076 -0.272274 0.220111
v -0.048358 -0.273617 0.217352
v -0.041997 -0.274222 0.218481
v -0.037421 -0.273858 0.223069
v -0.038660 -0.279372 0.230566
v -0.041168 -0.278042 0.235421
v -0.046126 -0.276900 0.237817
v -0.051640 -0.276381 0.236839
v -0.055604 -0.276684 0.232861
v -0.056504 -0.277693 0.227401
v -0.053995 -0.279023 0.222546
v -0.049037 -0.280165 0.220150
v -0.043523 -0.280684 0.221128
v -0.039559 -0.280381 0.225107
v -0.038168 -0.286351 0.232187
v -0.041069 -0.284864 0.237798
v -0.046794 -0.283581 0.240570
v -0.053158 -0.282992 0.239444
v -0.057729 -0.283322 0.234849
v -0.058761 -0.284444 0.228542
v -0.055861 -0.285931 0.222930
v -0.050135 -0.287214 0.220158
v -0.043772 -0.287803 0.221285
v -0.039201 -0.287473 0.225879
v -0.040413 -0.293092 0.233294
v -0.042928 -0.291816 0.238160
v -0.047892 -0.290713 0.240564
v -0.053407 -0.290205 0.239588
v -0.057368 -0.290486 0.235605
v -0.058261 -0.291448 0.230137
v -0.055746 -0.292724 0.225271
v -0.050783 -0.293827 0.222867
v -0.045267 -0.294335 0.223843
v -0.041306 -0.294054 0.227826
v -0.039910 -0.300075 0.234886
v -0.042818 -0.298646 0.240508
v -0.048549 -0.297407 0.243289
v -0.054914 -0.296830 0.242165
v -0.059482 -0.297137 0.237566
v -0.060508 -0.298209 0.231248
v -0.057601 -0.299638 0.225626
v -0.051870 -0.300878 0.222845
v -0.045504 -0.301455 0.223969
v -0.040936 -0.301148 0.228568
v -0.042118 -0.306830 0.235904
v -0.044643 -0.305632 0.240784
v -0.049614 -0.304589 0.243200
v -0.055132 -0.304098 0.242227
v -0.059089 -0.304348 0.238239
v -0.059974 -0.305242 0.232757
v -0.057448 -0.306440 0.227876
v -0.052478 -0.307483 0.225461
v -0.046960 -0.307974 0.226434
v -0.043003 -0.307724 0.230422
v -0.041578 -0.313844 0.237401
v -0.044492 -0.312470 0.243034
v -0.050229 -0.311273 0.245823
v -0.056595 -0.310709 0.244701
v -0.061161 -0.310994 0.240098
v -0.062181 -0.312019 0.233772
v -0.059266 -0.313392 0.228139
v -0.053530 -0.314589 0.225350
v -0.047163 -0.315153 0.226472
v -0.042598 -0.314868 0.231075
v -0.043778 -0.320603 0.238403
v -0.046309 -0.319453 0.243292
v -0.051284 -0.318447 0.245714
v -0.056803 -0.317968 0.244743
v -0.060758 -0.318200 0.240752
v -0.061639 -0.319054 0.235263
v -0.059108 -0.320204 0.230374
v -0.054133 -0.321210 0.227952
v -0.048614 -0.321689 0.228922
v -0.044659 -0.321457 0.232914
v -0.043195 -0.327622 0.239804
v -0.046120 -0.326337 0.245453
v -0.051864 -0.325208 0.248253
v -0.058234 -0.324666 0.247135
v -0.062795 -0.324919 0.242526
v -0.063807 -0.325869 0.236187
v -0.060882 -0.327153 0.230539
v -0.055137 -0.328282 0.227738
v -0.048768 -0.328824 0.228856
v -0.044206 -0.328571 0.233465
v -0.045361 -0.334416 0.240725
v -0.047897 -0.333313 0.245622
v -0.052876 -0.332343 0.248050
v -0.058397 -0.331877 0.247082
v -0.062350 -0.332092 0.243087
v -0.063225 -0.332907 0.237592
v -0.060689 -0.334010 0.232695
v -0.055710 -0.334980 0.230267
v -0.050189 -0.335446 0.231235
v -0.046236 -0.335231 0.235230
v -0.044765 -0.341433 0.242102
v -0.047697 -0.340207 0.247760
v -0.053446 -0.339125 0.250568
v -0.059817 -0.338599 0.249453
v -0.064377 -0.338832 0.244841
v -0.065383 -0.339733 0.238493
v -0.062451 -0.340959 0.232835
v -0.056702 -0.342042 0.230028
v -0.050330 -0.342567 0.231143
v -0.045771 -0.342334 0.235755
v -0.046887 -0.348242 0.242930
v -0.049431 -0.347210 0.247839
v -0.054416 -0.346295 0.250276
v -0.059939 -0.345848 0.249311
v -0.063889 -0.346040 0.245312
v -0.064758 -0.346796 0.239807
v -0.062214 -0.347829 0.234899
v -0.057229 -0.348743 0.232462
v -0.051706 -0.349190 0.233427
v -0.047756 -0.348999 0.237426
v -0.046259 -0.355281 0.244241
v -0.049197 -0.354107 0.249907
v -0.054951 -0.353067 0.252721
v -0.061324 -0.352556 0.251608
v -0.065881 -0.352772 0.246994
v -0.066882 -0.353630 0.240640
v -0.063945 -0.354803 0.234974
v -0.058191 -0.355844 0.232159
v -0.051818 -0.356354 0.233272
v -0.047261 -0.356139 0.237887
v -0.048363 -0.362094 0.245034
v -0.050913 -0.361117 0.249951
v -0.055903 -0.360248 0.252395
v -0.061427 -0.359818 0.251432
v -0.065376 -0.359992 0.247431
v -0.066240 -0.360703 0.241919
v -0.063690 -0.361680 0.237003
v -0.058700 -0.362549 0.234559
v -0.053176 -0.362978 0.235521
v -0.049227 -0.362805 0.239522
v -0.047688 -0.369141 0.246252
v -0.050633 -0.368043 0.251930
v -0.056394 -0.367063 0.254753
v -0.062769 -0.366576 0.253644
v -0.067324 -0.366767 0.249026
v -0.068319 -0.367564 0.242663
v -0.065374 -0.368663 0.236985
v -0.059613 -0.369642 0.234162
v -0.053238 -0.370129 0.235272
v -0.048683 -0.369938 0.239890
v -0.049764 -0.375979 0.246993
v -0.052319 -0.375047 0.251916
v -0.057313 -0.374215 0.254365
v -0.062839 -0.373799 0.253404
v -0.066786 -0.373960 0.249401
v -0.067647 -0.374635 0.243885
v -0.065092 -0.375566 0.238961
v -0.060098 -0.376399 0.236512
v -0.054572 -0.376814 0.237473
v -0.050625 -0.376654 0.241476
v -0.049064 -0.383020 0.248165
v -0.052016 -0.381992 0.253852
v -0.057782 -0.381070 0.256683
v -0.064160 -0.380606 0.255577
v -0.068713 -0.380778 0.250956
v -0.069702 -0.381519 0.244586
v -0.066750 -0.382547 0.238899
v -0.060984 -0.383469 0.236068
v -0.054607 -0.383933 0.237174
v -0.050054 -0.383761 0.241795
v -0.051092 -0.389880 0.248817
v -0.053652 -0.389010 0.253748
v -0.058651 -0.388228 0.256204
v -0.064179 -0.387832 0.255246
v -0.068124 -0.387975 0.251240
v -0.068980 -0.388601 0.245717
v -0.066420 -0.389472 0.240786
v -0.061421 -0.390254 0.238330
v -0.055893 -0.390649 0.239288
v -0.051948 -0.390506 0.243293
v -0.050367 -0.396934 0.249944
v -0.053324 -0.395957 0.255638
v -0.059094 -0.395077 0.258474
v -0.065473 -0.394631 0.257370
v -0.070025 -0.394789 0.252748
v -0.071011 -0.395490 0.246372
v -0.068054 -0.396467 0.240679
v -0.062284 -0.397346 0.237842
v -0.055904 -0.397792 0.238946
v -0.051353 -0.397635 0.243569
v -0.052364 -0.403794 0.250543
v -0.054930 -0.402988 0.255482
v -0.059934 -0.402261 0.257945
v -0.065464 -0.401889 0.256990
v -0.069407 -0.402015 0.252982
v -0.070259 -0.402590 0.247453
v -0.067693 -0.403395 0.242514
v -0.062689 -0.404123 0.240051
v -0.057159 -0.404495 0.241006
v -0.053215 -0.404369 0.245014
v -0.051586 -0.410861 0.251582
v -0.054549 -0.409952 0.257283
v -0.060324 -0.409129 0.260126
v -0.066706 -0.408707 0.259025
v -0.071256 -0.408847 0.254401
v -0.072237 -0.409496 0.248019
v -0.069274 -0.410405 0.242317
v -0.063499 -0.411228 0.239474
v -0.057118 -0.411650 0.240575
v -0.052567 -0.411510 0.245200
v -0.053562 -0.417740 0.252144
v -0.056132 -0.416979 0.257089
v -0.061139 -0.416290 0.259555
v -0.066671 -0.415934 0.258602
v -0.070614 -0.416049 0.254594
v -0.071462 -0.416590 0.249060
v -0.068892 -0.417351 0.244116
v -0.063885 -0.418041 0.241649
v -0.058354 -0.418396 0.242602
v -0.054411 -0.418281 0.246611
v -0.052747 -0.424795 0.253122
v -0.055716 -0.423965 0.258832
v -0.061497 -0.423211 0.261683
v -0.067881 -0.422819 0.260585
v -0.072430 -0.422940 0.255959
v -0.073406 -0.423527 0.249570
v -0.070436 -0.424357 0.243860
v -0.064656 -0.425112 0.241009
v -0.058272 -0.425503 0.242107
v -0.053723 -0.425382 0.246734
v -0.054669 -0.431702 0.253597
v -0.057243 -0.430998 0.258547
v -0.062254 -0.430356 0.261019
v -0.067787 -0.430022 0.260069
v -0.071729 -0.430124 0.256058
v -0.072574 -0.430622 0.250520
v -0.069999 -0.431326 0.245570
v -0.064989 -0.431968 0.243098
v -0.059455 -0.432302 0.244049
v -0.055514 -0.432200 0.248059
v -0.053834 -0.438763 0.254544
v -0.056808 -0.437986 0.260260
v -0.062592 -0.437276 0.263115
v -0.068977 -0.436905 0.262019
v -0.073525 -0.437014 0.257391
v -0.074498 -0.437562 0.250999
v -0.071525 -0.438340 0.245283
v -0.065741 -0.439050 0.242428
v -0.059355 -0.439421 0.243524
v -0.054807 -0.439311 0.248152
v -0.055713 -0.445665 0.254954
v -0.058293 -0.445034 0.259911
v -0.063308 -0.444456 0.262389
v -0.068843 -0.444151 0.261441
v -0.072784 -0.444237 0.257429
v -0.073625 -0.444681 0.251886
v -0.071045 -0.445312 0.246929
v -0.066029 -0.445890 0.244451
v -0.060494 -0.446194 0.245399
v -0.056553 -0.446108 0.249410
v -0.054820 -0.452746 0.255812
v -0.057798 -0.452031 0.261533
v -0.063586 -0.451376 0.264393
v -0.069973 -0.451030 0.263300
v -0.074520 -0.451127 0.258671
v -0.075490 -0.451628 0.252274
v -0.072512 -0.452342 0.246553
v -0.066724 -0.452997 0.243692
v -0.060336 -0.453343 0.244786
v -0.055790 -0.453247 0.249415
v -0.056682 -0.459661 0.256197
v -0.059266 -0.459076 0.261158
v -0.064284 -0.458538 0.263640
v -0.069821 -0.458253 0.262694
v -0.073761 -0.458330 0.258681
v -0.074599 -0.458739 0.253135
v -0.072016 -0.459325 0.248174
v -0.066998 -0.459863 0.245692
v -0.061461 -0.460148 0.246638
v -0.057521 -0.460071 0.250651
v -0.055739 -0.466720 0.256982
v -0.058723 -0.466095 0.262711
v -0.064516 -0.465519 0.265577
v -0.070906 -0.465212 0.264487
v -0.075452 -0.465291 0.259857
v -0.076417 -0.465726 0.253454
v -0.073433 -0.466351 0.247726
v -0.067640 -0.466927 0.244859
v -0.061250 -0.467235 0.245949
v -0.056705 -0.467156 0.250580
v -0.057541 -0.473673 0.257279
v -0.060127 -0.473141 0.262244
v -0.065149 -0.472650 0.264729
v -0.070687 -0.472387 0.263785
v -0.074626 -0.472454 0.259772
v -0.075462 -0.472824 0.254222
v -0.072876 -0.473356 0.249257
v -0.067855 -0.473847 0.246772
v -0.062317 -0.474110 0.247716
v -0.058377 -0.474043 0.251729
v -0.056584 -0.480732 0.258044
v -0.059571 -0.480161 0.263776
v -0.065367 -0.479634 0.266647
v -0.071758 -0.479350 0.265559
v -0.076303 -0.479420 0.260927
v -0.077266 -0.479816 0.254522
v -0.074279 -0.480386 0.248789
v -0.068483 -0.480914 0.245919
v -0.062092 -0.481197 0.247007
v -0.057547 -0.481128 0.251638
v -0.058329 -0.487672 0.258262
v -0.060920 -0.487222 0.263233
v -0.065945 -0.486805 0.265723
v -0.071485 -0.486580 0.264782
v -0.075424 -0.486632 0.260767
v -0.076257 -0.486943 0.255214
v -0.073666 -0.487393 0.250243
v -0.068640 -0.487810 0.247752
v -0.063100 -0.488035 0.248694
v -0.059161 -0.487983 0.252708
v -0.057306 -0.494758 0.258936
v -0.060296 -0.494247 0.264673
v -0.066095 -0.493773 0.267547
v -0.072488 -0.493516 0.266460
v -0.077032 -0.493576 0.261828
v -0.077993 -0.493928 0.255420
v -0.075003 -0.494439 0.249684
v -0.069204 -0.494913 0.246810
v -0.062811 -0.495169 0.247896
v -0.058267 -0.495110 0.252528
v -0.059041 -0.501706 0.259140
v -0.061634 -0.501305 0.264115
v -0.066662 -0.500932 0.266608
v -0.072203 -0.500729 0.265667
v -0.076141 -0.500775 0.261652
v -0.076972 -0.501050 0.256097
v -0.074379 -0.501451 0.251123
v -0.069351 -0.501824 0.248630
v -0.063810 -0.502027 0.249570
v -0.059872 -0.501982 0.253585
v -0.057952 -0.508759 0.259728
v -0.060947 -0.508349 0.265470
v -0.066750 -0.507967 0.268349
v -0.073145 -0.507759 0.267266
v -0.077689 -0.507803 0.262633
v -0.078646 -0.508083 0.256221
v -0.075651 -0.508493 0.250478
v -0.069848 -0.508875 0.247599
v -0.063454 -0.509084 0.248683
v -0.058910 -0.509039 0.253316
v -0.059618 -0.515754 0.259841
v -0.062214 -0.515404 0.264818
v -0.067243 -0.515077 0.267313
v -0.072785 -0.514898 0.266374
v -0.076724 -0.514935 0.262359
v -0.077553 -0.515175 0.256801
v -0.074957 -0.515526 0.251824
v -0.069928 -0.515853 0.249329
v -0.064386 -0.516032 0.250268
v -0.060448 -0.515994 0.254283
v -0.058523 -0.522800 0.260419
v -0.061520 -0.522450 0.266165
v -0.067325 -0.522122 0.269046
v -0.073721 -0.521941 0.267964
v -0.078265 -0.521978 0.263331
v -0.079220 -0.522217 0.256916
v -0.076223 -0.522568 0.251171
v -0.070418 -0.522896 0.248290
v -0.064022 -0.523076 0.249372
v -0.059479 -0.523039 0.254005
v -0.060114 -0.529774 0.260438
v -0.062713 -0.529518 0.265419
v -0.067746 -0.529277 0.267918
v -0.073290 -0.529145 0.266980
v -0.077227 -0.529170 0.262965
v -0.078054 -0.529344 0.257405
v -0.075455 -0.529600 0.252424
v -0.070423 -0.529841 0.249924
v -0.064879 -0.529973 0.250862
v -0.060941 -0.529948 0.254877
v -0.058945 -0.536854 0.260922
v -0.061944 -0.536563 0.266669
v -0.067751 -0.536290 0.269553
v -0.074148 -0.536139 0.268472
v -0.078691 -0.536168 0.263838
v -0.079645 -0.536365 0.257423
v -0.076646 -0.536656 0.251675
v -0.070839 -0.536929 0.248791
v -0.064442 -0.537080 0.249873
v -0.059899 -0.537051 0.254506
v -0.060529 -0.543831 0.260932
v -0.063130 -0.543629 0.265915
v -0.068164 -0.543438 0.268416
v -0.073708 -0.543333 0.267479
v -0.077646 -0.543352 0.263463
v -0.078472 -0.543489 0.257902
v -0.075872 -0.543692 0.252919
v -0.070838 -0.543882 0.250419
v -0.065293 -0.543988 0.251355
v -0.061356 -0.543969 0.255371
v -0.059279 -0.550869 0.261317
v -0.062280 -0.550689 0.267068
v -0.068090 -0.550519 0.269954
v -0.074488 -0.550424 0.268875
v -0.079031 -0.550440 0.264241
v -0.079984 -0.550562 0.257823
v -0.076982 -0.550742 0.252072
v -0.071173 -0.550912 0.249186
v -0.064774 -0.551007 0.250265
v -0.060231 -0.550991 0.254899
v -0.060789 -0.557897 0.261237
v -0.063391 -0.557749 0.266221
v -0.068426 -0.557610 0.268723
v -0.073971 -0.557532 0.267787
v -0.077909 -0.557545 0.263771
v -0.078734 -0.557645 0.258209
v -0.076132 -0.557793 0.253225
v -0.071097 -0.557932 0.250723
v -0.065552 -0.558010 0.251659
v -0.061615 -0.557996 0.255675
v -0.059525 -0.564922 0.261605
v -0.062528 -0.564811 0.267357
v -0.068338 -0.564706 0.270245
v -0.074737 -0.564647 0.269166
v -0.079280 -0.564657 0.264532
v -0.080232 -0.564731 0.258113
v -0.077229 -0.564842 0.252362
v -0.071418 -0.564947 0.249474
v -0.065020 -0.565006 0.250553
v -0.060477 -0.564996 0.255187
v -0.060950 -0.571930 0.261424
v -0.063553 -0.571877 0.266409
v -0.068589 -0.571827 0.268913
v -0.074134 -0.571798 0.267978
v -0.078072 -0.571803 0.263961
v -0.078896 -0.571838 0.258398
v -0.076294 -0.571892 0.253413
v -0.071257 -0.571942 0.250910
v -0.065712 -0.571970 0.251845
v -0.061775 -0.571966 0.255861
v -0.059614 -0.578988 0.261708
v -0.062617 -0.578935 0.267461
v -0.068428 -0.578885 0.270349
v -0.074827 -0.578857 0.269270
v -0.079370 -0.578861 0.264636
v -0.080322 -0.578897 0.258217
v -0.077318 -0.578949 0.252465
v -0.071508 -0.578999 0.249577
v -0.065109 -0.579027 0.250655
v -0.060566 -0.579023 0.255289
v -0.061027 -0.586033 0.261513
v -0.063630 -0.585995 0.266498
v -0.068666 -0.585959 0.269002
v -0.074211 -0.585938 0.268067
v -0.078149 -0.585942 0.264050
v -0.078973 -0.585967 0.258487
v -0.076370 -0.586005 0.253502
v -0.071334 -0.586041 0.250998
v -0.065789 -0.586062 0.251933
v -0.061851 -0.586058 0.255950
vn -0.0000 -0.0000 -1.0000
vn 0.5000 -0.8660 -0.0000
vn -0.0000 -1.0000 -0.0000
vn 0.8660 -0.5000 -0.0000
vn 1.0000 -0.0000 -0.0000
vn 0.8660 0.5000 -0.0000
vn 0.5000 0.8660 -0.0000
vn -0.0000 1.0000 -0.0000
vn -0.5000 0.8660 -0.0000
vn -0.8660 0.5000 -0.0000
vn -1.0000 -0.0000 -0.0000
vn -0.8660 -0.5000 -0.0000
vn -0.5000 -0.8660 -0.0000
vn -0.4182 0.7243 -0.5482
vn -0.8363 -0.0000 -0.5482
vn -0.4182 -0.7243 -0.5482
vn 0.4182 -0.7243 -0.5482
vn 0.8363 -0.0000 -0.5482
vn 0.4182 0.7243 -0.5482
vn -0.4182 0.7243 0.5482
vn -0.8363 -0.0000 0.5482
vn -0.4182 -0.7243 0.5482
vn 0.4182 -0.7243 0.5482
vn 0.8363 -0.0000 0.5482
vn 0.4182 0.7243 0.5482
vn -0.0000 -0.0000 1.0000
vn -0.4339 0.9010 -0.0000
vn -0.7818 0.6235 -0.0000
vn -0.9749 0.2225 -0.0000
vn -0.9749 -0.2225 -0.0000
vn -0.7818 -0.6235 -0.0000
vn -0.4339 -0.9010 -0.0000
vn 0.4339 -0.9010 -0.0000
vn 0.7818 -0.6235 -0.0000
vn 0.9749 -0.2225 -0.0000
vn 0.9749 0.2225 -0.0000
vn 0.7818 0.6235 -0.0000
vn 0.4339 0.9010 -0.0000
vn -0.3294 0.6841 0.6508
vn -0.0000 0.7593 0.6508
vn -0.5936 0.4734 0.6508
vn -0.7402 0.1689 0.6508
vn -0.7402 -0.1690 0.6508
vn -0.5936 -0.4734 0.6508
vn -0.3294 -0.6841 0.6508
vn -0.0000 -0.7593 0.6508
vn 0.3294 -0.6841 0.6508
vn 0.5936 -0.4734 0.6508
vn 0.7402 -0.1689 0.6508
vn 0.7402 0.1690 0.6508
vn 0.5936 0.4734 0.6508
vn 0.3294 0.6841 0.6508
vn -0.2603 0.5406 0.8000
vn -0.0000 0.6000 0.8000
vn -0.4691 0.3741 0.8000
vn -0.5850 0.1335 0.8000
vn -0.5850 -0.1335 0.8000
vn -0.4691 -0.3741 0.8000
vn -0.2603 -0.5406 0.8000
vn -0.0000 -0.6000 0.8000
vn 0.2603 -0.5406 0.8000
vn 0.4691 -0.3741 0.8000
vn 0.5850 -0.1335 0.8000
vn 0.5850 0.1335 0.8000
vn 0.4691 0.3741 0.8000
vn 0.2603 0.5406 0.8000
vn -0.0000 0.6000 -0.8000
vn -0.2603 0.5406 -0.8000
vn -0.4691 0.3741 -0.8000
vn -0.5850 0.1335 -0.8000
vn -0.5850 -0.1335 -0.8000
vn -0.4691 -0.3741 -0.8000
vn -0.2603 -0.5406 -0.8000
vn -0.0000 -0.6000 -0.8000
vn 0.2603 -0.5406 -0.8000
vn 0.4691 -0.3741 -0.8000
vn 0.5850 -0.1335 -0.8000
vn 0.5850 0.1335 -0.8000
vn 0.4691 0.3741 -0.8000
vn 0.2603 0.5406 -0.8000
vn -0.2232 0.4635 0.8575
vn -0.0000 0.5145 0.8575
vn -0.4023 0.3208 0.8575
vn -0.4022 0.3208 0.8575
vn -0.5016 0.1145 0.8575
vn -0.5016 -0.1145 0.8575
vn -0.4022 -0.3208 0.8575
vn -0.2232 -0.4635 0.8575
vn -0.4023 -0.3208 0.8575
vn -0.0000 -0.5145 0.8575
vn 0.2232 -0.4635 0.8575
vn 0.4023 -0.3208 0.8575
vn 0.4022 -0.3208 0.8575
vn 0.5016 -0.1145 0.8575
vn 0.5016 0.1145 0.8575
vn 0.4022 0.3208 0.8575
vn 0.2232 0.4635 0.8575
vn 0.4023 0.3208 0.8575
vn -0.8660 -0.0000 0.5000
vn -0.5000 -0.0000 0.8660
vn 0.5000 -0.0000 0.8660
vn 0.8660 -0.0000 0.5000
vn 0.8660 -0.0000 -0.5000
vn 0.5000 -0.0000 -0.8660
vn -0.5000 -0.0000 -0.8660
vn -0.8660 -0.0000 -0.5000
vn 0.7243 -0.5482 -0.4182
vn -0.0000 -0.5482 -0.8363
vn -0.7243 -0.5482 -0.4182
vn -0.7243 -0.5482 0.4182
vn -0.0000 -0.5482 0.8363
vn 0.7243 -0.5482 0.4182
vn 0.7243 0.5482 -0.4182
vn -0.0000 0.5482 -0.8363
vn -0.7243 0.5482 -0.4182
vn -0.7243 0.5482 0.4182
vn -0.0000 0.5482 0.8363
vn 0.7243 0.5482 0.4182
vn 0.0002 1.0000 -0.0000
vn -0.0002 1.0000 -0.0000
vn 0.9010 -0.0000 -0.4339
vn 0.6235 -0.0000 -0.7818
vn 0.2225 -0.0000 -0.9749
vn -0.2225 -0.0000 -0.9749
vn -0.6235 -0.0000 -0.7818
vn -0.9010 -0.0000 -0.4339
vn -0.9010 -0.0000 0.4339
vn -0.6235 -0.0000 0.7818
vn -0.2225 -0.0000 0.9749
vn 0.2225 -0.0000 0.9749
vn 0.6235 -0.0000 0.7818
vn 0.9010 -0.0000 0.4339
vn 0.6841 0.6508 -0.3294
vn 0.7592 0.6508 -0.0000
vn 0.4734 0.6508 -0.5936
vn 0.1689 0.6508 -0.7402
vn -0.1689 0.6508 -0.7402
vn -0.4734 0.6508 -0.5936
vn -0.6841 0.6508 -0.3294
vn -0.7592 0.6508 -0.0000
vn -0.6841 0.6508 0.3294
vn -0.4734 0.6508 0.5936
vn -0.1689 0.6508 0.7402
vn 0.1689 0.6508 0.7402
vn 0.4734 0.6508 0.5936
vn 0.6841 0.6508 0.3294
vn 0.6000 0.8000 -0.0000
vn 0.5406 0.8000 -0.2603
vn 0.3741 0.8000 -0.4691
vn 0.1335 0.8000 -0.5850
vn -0.1335 0.8000 -0.5850
vn -0.3741 0.8000 -0.4691
vn -0.5406 0.8000 -0.2603
vn -0.6000 0.8000 -0.0000
vn -0.5406 0.8000 -0.2604
vn -0.5406 0.8000 0.2603
vn -0.3741 0.8000 0.4691
vn -0.1335 0.8000 0.5850
vn 0.1335 0.8000 0.5850
vn 0.3741 0.8000 0.4691
vn 0.5406 0.8000 0.2603
vn 0.5406 -0.8000 -0.2603
vn 0.6000 -0.8000 -0.0000
vn 0.3741 -0.8000 -0.4691
vn 0.1335 -0.8000 -0.5850
vn -0.1336 -0.8000 -0.5850
vn 0.1336 -0.8000 -0.5850
vn -0.3741 -0.8000 -0.4691
vn -0.1335 -0.8000 -0.5850
vn -0.5406 -0.8000 -0.2603
vn -0.6000 -0.8000 -0.0000
vn -0.5406 -0.8000 0.2603
vn -0.3741 -0.8000 0.4691
vn -0.1335 -0.8000 0.5850
vn 0.1336 -0.8000 0.5850
vn -0.1336 -0.8000 0.5850
vn 0.3741 -0.8000 0.4691
vn 0.1335 -0.8000 0.5850
vn 0.5406 -0.8000 0.2603
vn 0.5145 0.8575 -0.0000
vn 0.4636 0.8575 -0.2232
vn 0.5144 0.8575 -0.0000
vn 0.3208 0.8575 -0.4022
vn 0.1145 0.8575 -0.5016
vn -0.1145 0.8575 -0.5016
vn -0.3208 0.8575 -0.4022
vn -0.4636 0.8575 -0.2232
vn -0.3207 0.8575 -0.4022
vn -0.5145 0.8575 -0.0000
vn -0.4635 0.8575 0.2232
vn -0.5144 0.8575 -0.0000
vn -0.4636 0.8575 0.2232
vn -0.3208 0.8575 0.4022
vn -0.1145 0.8575 0.5016
vn 0.1145 0.8575 0.5016
vn 0.3208 0.8575 0.4022
vn 0.4635 0.8575 0.2232
vn 0.7936 0.5765 -0.1946
vn 0.9809 -0.0000 -0.1946
vn 0.3031 0.9329 -0.1946
vn 0.7936 0.5766 -0.1946
vn -0.3031 0.9329 -0.1946
vn -0.7936 0.5766 -0.1946
vn -0.9809 -0.0000 -0.1946
vn -0.7936 -0.5765 -0.1946
vn -0.3031 -0.9329 -0.1946
vn -0.7936 -0.5766 -0.1946
vn 0.3031 -0.9329 -0.1946
vn 0.7936 -0.5766 -0.1946
vn 0.9809 -0.0000 0.1946
vn 0.7936 0.5765 0.1946
vn 0.7936 0.5766 0.1946
vn 0.3031 0.9329 0.1946
vn -0.3031 0.9329 0.1946
vn -0.7936 0.5766 0.1946
vn -0.9809 -0.0000 0.1946
vn -0.7936 0.5765 0.1946
vn -0.7936 -0.5765 0.1946
vn -0.7936 -0.5766 0.1946
vn -0.3031 -0.9329 0.1946
vn 0.3031 -0.9329 0.1946
vn 0.7936 -0.5766 0.1946
vn 0.7936 -0.5765 0.1946
vn -0.7935 0.5766 -0.1946
vn 0.7935 -0.5766 -0.1946
vn 0.7943 0.5764 0.1919
vn 0.9812 0.0009 0.1928
vn 0.9809 -0.0007 0.1944
vn 0.3035 0.9336 0.1907
vn 0.7938 0.5774 0.1909
vn -0.3030 0.9337 0.1906
vn 0.3033 0.9337 0.1903
vn -0.3038 0.9333 0.1914
vn -0.7935 0.5775 0.1921
vn -0.7941 0.5761 0.1936
vn -0.9809 0.0010 0.1947
vn -0.9805 -0.0007 0.1963
vn -0.7936 -0.5756 0.1974
vn -0.7927 -0.5763 0.1986
vn -0.3030 -0.9320 0.1989
vn 0.3027 -0.9321 0.1990
vn -0.3028 -0.9319 0.1995
vn 0.7928 -0.5767 0.1971
vn 0.3035 -0.9320 0.1981
vn 0.7940 -0.5757 0.1956
vn 0.7949 0.5868 -0.1544
vn 0.9836 0.0239 -0.1788
vn 0.9826 0.0107 -0.1853
vn 0.3048 0.9421 -0.1395
vn 0.7901 0.5943 -0.1501
vn -0.2937 0.9449 -0.1443
vn 0.3037 0.9428 -0.1375
vn -0.3000 0.9425 -0.1475
vn -0.7840 0.5973 -0.1687
vn -0.7906 0.5868 -0.1748
vn -0.9789 0.0241 -0.2030
vn -0.9777 0.0105 -0.2097
vn -0.7960 -0.5581 -0.2343
vn -0.7895 -0.5653 -0.2388
vn -0.3014 -0.9202 -0.2496
vn 0.3042 -0.9206 -0.2447
vn -0.2998 -0.9202 -0.2516
vn 0.7949 -0.5654 -0.2199
vn 0.3116 -0.9191 -0.2414
vn 0.8035 -0.5557 -0.2136
vn 0.7828 0.5537 0.2839
vn 0.9767 -0.0223 0.2135
vn 0.9744 -0.0144 0.2243
vn 0.2957 0.9031 0.3114
vn 0.7874 0.5503 0.2777
vn -0.3089 0.9051 0.2921
vn 0.2967 0.9036 0.3089
vn -0.3045 0.9052 0.2965
vn -0.7990 0.5534 0.2354
vn -0.7929 0.5580 0.2449
vn -0.9862 -0.0200 0.1645
vn -0.9842 -0.0119 0.1767
vn -0.7974 -0.5935 0.1092
vn -0.8001 -0.5880 0.1185
vn -0.3067 -0.9478 0.0867
vn 0.3041 -0.9467 0.1059
vn -0.3074 -0.9472 0.0913
vn 0.7931 -0.5887 0.1565
vn 0.2999 -0.9489 0.0987
vn 0.7899 -0.5960 0.1446
vn 0.9922 0.0483 -0.1152
vn 0.7933 0.6076 0.0393
vn 0.9906 0.0625 -0.1220
vn 0.7984 0.6005 0.0440
vn 0.3046 0.9457 0.1136
vn -0.2989 0.9511 0.0781
vn 0.3058 0.9450 0.1163
vn -0.7853 0.6164 -0.0580
vn -0.2930 0.9532 0.0744
vn -0.9671 0.0679 -0.2453
vn -0.7770 0.6262 -0.0643
vn -0.7729 -0.4815 -0.4132
vn -0.9640 0.0829 -0.2528
vn -0.2795 -0.8231 -0.4943
vn -0.7759 -0.4709 -0.4199
vn 0.3317 -0.8255 -0.4567
vn -0.2802 -0.8204 -0.4985
vn 0.3257 -0.8308 -0.4513
vn 0.8163 -0.4862 -0.3119
vn 0.8109 -0.4998 -0.3043
vn 0.9632 -0.0708 0.2593
vn 0.7649 0.4542 0.4567
vn 0.9610 -0.0865 0.2625
vn 0.7611 0.4634 0.4538
vn 0.2718 0.7922 0.5464
vn -0.3236 0.8052 0.4970
vn 0.2710 0.7940 0.5441
vn -0.8074 0.4895 0.3293
vn -0.3295 0.8013 0.4994
vn -0.9936 -0.0429 0.1046
vn -0.8138 0.4767 0.3323
vn -0.8021 -0.5903 -0.0898
vn -0.9923 -0.0595 0.1085
vn -0.3043 -0.9357 -0.1787
vn -0.7954 -0.6001 -0.0851
vn 0.2969 -0.9463 -0.1281
vn -0.3027 -0.9369 -0.1750
vn 0.3052 -0.9431 -0.1321
vn 0.7816 -0.6225 0.0389
vn 0.7916 -0.6101 0.0346
vn 0.9960 0.0678 -0.0575
vn 0.7880 0.5797 0.2074
vn 0.9949 0.0812 -0.0599
vn 0.7925 0.5726 0.2100
vn 0.2938 0.8964 0.3320
vn -0.3081 0.9122 0.2701
vn 0.2949 0.8952 0.3341
vn -0.7855 0.6175 0.0412
vn -0.3027 0.9147 0.2679
vn -0.9552 0.1240 -0.2687
vn -0.7781 0.6270 0.0388
vn -0.7512 -0.3776 -0.5414
vn -0.9526 0.1379 -0.2711
vn -0.2528 -0.6971 -0.6709
vn -0.7539 -0.3678 -0.5444
vn 0.3556 -0.7109 -0.6068
vn -0.2534 -0.6944 -0.6735
vn 0.3503 -0.7158 -0.6041
vn 0.8318 -0.4126 -0.3714
vn 0.8267 -0.4250 -0.3687
vn 0.9515 -0.1290 0.2793
vn 0.7428 0.3459 0.5733
vn 0.9497 -0.1428 0.2788
vn 0.7393 0.3542 0.5726
vn 0.2440 0.6598 0.7107
vn -0.3503 0.6843 0.6396
vn 0.2433 0.6618 0.7092
vn -0.8246 0.4111 0.3887
vn -0.3555 0.6807 0.6406
vn -0.9969 -0.0618 0.0497
vn -0.8302 0.3999 0.3883
vn -0.7940 -0.5555 -0.2471
vn -0.9959 -0.0762 0.0495
vn -0.2911 -0.8754 -0.3858
vn -0.7883 -0.5643 -0.2453
vn 0.3086 -0.8982 -0.3129
vn -0.2898 -0.8770 -0.3833
vn 0.3156 -0.8951 -0.3150
vn 0.7834 -0.6186 -0.0601
vn 0.7918 -0.6077 -0.0605
vn 0.9970 0.0761 -0.0121
vn 0.7802 0.5311 0.3304
vn 0.9964 0.0837 -0.0134
vn 0.7825 0.5268 0.3320
vn 0.2787 0.8247 0.4922
vn -0.3213 0.8525 0.4123
vn 0.2793 0.8237 0.4935
vn -0.7890 0.6028 0.1188
vn -0.3185 0.8542 0.4109
vn -0.9456 0.1707 -0.2769
vn -0.7850 0.6083 0.1175
vn -0.7307 -0.2776 -0.6238
vn -0.9438 0.1785 -0.2781
vn -0.2269 -0.5720 -0.7883
vn -0.7316 -0.2719 -0.6252
vn 0.3762 -0.5989 -0.7070
vn -0.2271 -0.5700 -0.7896
vn 0.3737 -0.6020 -0.7056
vn 0.8431 -0.3482 -0.4099
vn 0.8407 -0.3553 -0.4087
vn 0.9435 -0.1738 0.2822
vn 0.7257 0.2587 0.6375
vn 0.9424 -0.1815 0.2809
vn 0.7238 0.2636 0.6376
vn 0.2217 0.5497 0.8054
vn -0.3737 0.5831 0.7213
vn 0.2213 0.5511 0.8046
vn -0.8396 0.3465 0.4184
vn -0.3767 0.5809 0.7216
vn -0.9973 -0.0726 0.0095
vn -0.8427 0.3401 0.4174
vn -0.7828 -0.5152 -0.3491
vn -0.9967 -0.0806 0.0084
vn -0.2765 -0.8092 -0.5183
vn -0.7797 -0.5202 -0.3486
vn 0.3222 -0.8418 -0.4331
vn -0.2757 -0.8103 -0.5171
vn 0.3259 -0.8400 -0.4338
vn 0.7881 -0.6020 -0.1282
vn 0.7927 -0.5961 -0.1276
vn 0.7740 0.4929 0.3975
vn 0.9963 0.0831 0.0198
vn 0.9966 0.0814 0.0115
vn 0.2670 0.7694 0.5803
vn 0.7709 0.4938 0.4023
vn -0.3277 0.8059 0.4932
vn 0.2660 0.7688 0.5816
vn -0.3301 0.8066 0.4903
vn -0.7891 0.5906 0.1688
vn -0.7912 0.5898 0.1615
vn -0.9407 0.2028 -0.2719
vn -0.9387 0.2010 -0.2802
vn -0.7203 -0.2104 -0.6610
vn -0.7159 -0.2109 -0.6656
vn -0.2107 -0.4891 -0.8464
vn 0.3875 -0.5250 -0.7578
vn -0.2092 -0.4881 -0.8474
vn 0.8488 -0.3075 -0.4301
vn 0.3907 -0.5264 -0.7552
vn 0.8525 -0.3074 -0.4229
vn 0.9380 -0.2022 0.2814
vn 0.7119 0.1878 0.6768
vn 0.9372 -0.2103 0.2784
vn 0.7094 0.1931 0.6778
vn 0.2035 0.4583 0.8652
vn -0.3899 0.5001 0.7732
vn 0.2029 0.4597 0.8646
vn -0.8486 0.2980 0.4370
vn -0.3932 0.4979 0.7730
vn -0.9971 -0.0734 -0.0185
vn -0.8522 0.2916 0.4345
vn -0.7743 -0.4737 -0.4196
vn -0.9964 -0.0817 -0.0214
vn -0.2634 -0.7472 -0.6102
vn -0.7708 -0.4790 -0.4201
vn 0.3339 -0.7884 -0.5167
vn -0.2624 -0.7484 -0.6092
vn 0.3379 -0.7865 -0.5169
vn 0.7926 -0.5833 -0.1776
vn 0.7976 -0.5772 -0.1755
vn 0.9962 0.0787 0.0383
vn 0.7652 0.4545 0.4559
vn 0.9959 0.0820 0.0382
vn 0.7661 0.4524 0.4564
vn 0.2548 0.7117 0.6546
vn -0.3423 0.7553 0.5589
vn 0.2551 0.7111 0.6552
vn -0.7970 0.5683 0.2045
vn -0.3411 0.7562 0.5585
vn -0.9359 0.2222 -0.2735
vn -0.7953 0.5708 0.2043
vn -0.7057 -0.1506 -0.6923
vn -0.9351 0.2255 -0.2734
vn -0.1944 -0.4082 -0.8919
vn -0.7060 -0.1482 -0.6925
vn 0.4039 -0.4515 -0.7956
vn -0.1945 -0.4073 -0.8924
vn 0.4029 -0.4528 -0.7954
vn 0.8583 -0.2641 -0.4399
vn 0.8574 -0.2671 -0.4399
vn 0.7033 0.1441 0.6961
vn 0.9356 -0.2239 0.2729
vn 0.9344 -0.2255 0.2759
vn 0.1926 0.4002 0.8960
vn 0.7046 0.1453 0.6946
vn -0.4041 0.4463 0.7985
vn 0.1930 0.4010 0.8955
vn -0.4036 0.4452 0.7994
vn -0.8580 0.2636 0.4408
vn -0.8573 0.2618 0.4432
vn -0.9961 -0.0782 -0.0406
vn -0.9961 -0.0799 -0.0373
vn -0.7654 -0.4487 -0.4613
vn -0.7661 -0.4499 -0.4589
vn -0.2541 -0.7059 -0.6611
vn 0.3436 -0.7517 -0.5630
vn -0.2544 -0.7067 -0.6602
vn 0.7973 -0.5677 -0.2050
vn 0.3433 -0.7507 -0.5644
vn 0.7976 -0.5662 -0.2081
vn 0.9953 0.0778 0.0573
vn 0.7585 0.4200 0.4982
vn 0.9952 0.0803 0.0559
vn 0.7587 0.4184 0.4994
vn 0.2443 0.6608 0.7097
vn -0.3518 0.7102 0.6098
vn 0.2443 0.6602 0.7102
vn -0.8014 0.5493 0.2365
vn -0.3514 0.7110 0.6091
vn -0.9331 0.2400 -0.2680
vn -0.8005 0.5513 0.2352
vn -0.6963 -0.0995 -0.7108
vn -0.9321 0.2425 -0.2692
vn -0.1816 -0.3399 -0.9228
vn -0.6957 -0.0975 -0.7117
vn 0.4148 -0.3890 -0.8225
vn -0.1814 -0.3389 -0.9232
vn 0.4147 -0.3904 -0.8220
vn 0.8640 -0.2287 -0.4486
vn 0.8639 -0.2312 -0.4475
vn 0.6948 0.0966 0.7127
vn 0.9328 -0.2410 0.2680
vn 0.9320 -0.2418 0.2700
vn 0.1807 0.3369 0.9240
vn 0.6958 0.0974 0.7116
vn -0.4150 0.3878 0.8230
vn 0.1810 0.3373 0.9238
vn -0.4145 0.3871 0.8236
vn -0.8641 0.2293 0.4481
vn -0.8635 0.2282 0.4497
vn -0.9953 -0.0781 -0.0577
vn -0.9953 -0.0791 -0.0555
vn -0.7584 -0.4171 -0.5009
vn -0.7590 -0.4178 -0.4994
vn -0.2438 -0.6579 -0.7125
vn 0.3526 -0.7087 -0.6111
vn -0.2441 -0.6584 -0.7120
vn 0.8015 -0.5495 -0.2357
vn 0.3523 -0.7081 -0.6119
vn 0.8016 -0.5486 -0.2376
vn 0.9947 0.0774 0.0677
vn 0.7530 0.3994 0.5229
vn 0.9944 0.0806 0.0684
vn 0.7541 0.3973 0.5229
vn 0.2372 0.6289 0.7404
vn -0.3580 0.6815 0.6383
vn 0.2376 0.6283 0.7408
vn -0.8044 0.5367 0.2547
vn -0.3568 0.6822 0.6381
vn -0.9316 0.2499 -0.2640
vn -0.8028 0.5390 0.2552
vn -0.6909 -0.0693 -0.7196
vn -0.9310 0.2530 -0.2631
vn -0.1742 -0.2993 -0.9381
vn -0.6914 -0.0670 -0.7193
vn 0.4223 -0.3516 -0.8355
vn -0.1744 -0.2984 -0.9384
vn 0.4214 -0.3527 -0.8355
vn 0.8686 -0.2064 -0.4505
vn 0.8676 -0.2091 -0.4512
vn 0.9309 -0.2512 0.2653
vn 0.6887 0.0598 0.7225
vn 0.9305 -0.2542 0.2636
vn 0.6878 0.0619 0.7233
vn 0.1717 0.2873 0.9423
vn -0.4217 0.3421 0.8397
vn 0.1713 0.2880 0.9422
vn -0.8673 0.2035 0.4544
vn -0.4229 0.3413 0.8395
vn -0.9948 -0.0762 -0.0680
vn -0.8685 0.2012 0.4530
vn -0.7539 -0.3907 -0.5282
vn -0.9944 -0.0792 -0.0696
vn -0.2359 -0.6192 -0.7490
vn -0.7525 -0.3928 -0.5287
vn 0.3590 -0.6738 -0.6458
vn -0.2354 -0.6197 -0.7487
vn 0.3604 -0.6732 -0.6457
vn 0.8046 -0.5344 -0.2591
vn 0.8064 -0.5322 -0.2579
vn 0.7497 0.3796 0.5421
vn 0.9937 0.0789 0.0794
vn 0.9940 0.0789 0.0757
vn 0.2312 0.5997 0.7661
vn 0.7481 0.3796 0.5443
vn -0.3620 0.6551 0.6632
vn 0.2305 0.5994 0.7665
vn -0.3629 0.6556 0.6621
vn -0.8058 0.5256 0.2729
vn -0.8066 0.5259 0.2698
vn -0.9308 0.2596 -0.2571
vn -0.9299 0.2596 -0.2608
vn -0.6876 -0.0416 -0.7249
vn -0.6855 -0.0415 -0.7269
vn -0.1680 -0.2626 -0.9502
vn 0.4268 -0.3179 -0.8466
vn -0.1672 -0.2622 -0.9504
vn 0.8706 -0.1876 -0.4548
vn 0.4280 -0.3186 -0.8457
vn 0.8721 -0.1881 -0.4518
vn 0.9298 -0.2597 0.2609
vn 0.6839 0.0304 0.7290
vn 0.9296 -0.2627 0.2585
vn 0.6825 0.0326 0.7301
vn 0.1647 0.2468 0.9550
vn -0.4281 0.3043 0.8510
vn 0.1641 0.2475 0.9549
vn -0.8706 0.1814 0.4574
vn -0.4294 0.3036 0.8506
vn -0.9941 -0.0757 -0.0773
vn -0.8721 0.1791 0.4554
vn -0.7496 -0.3694 -0.5493
vn -0.9937 -0.0788 -0.0797
vn -0.2292 -0.5867 -0.7767
vn -0.7478 -0.3715 -0.5502
vn 0.3653 -0.6442 -0.6720
vn -0.2286 -0.5873 -0.7764
vn 0.3669 -0.6436 -0.6717
vn 0.8079 -0.5203 -0.2767
vn 0.8099 -0.5182 -0.2748
vn 0.7459 0.3622 0.5590
vn 0.9931 0.0788 0.0874
vn 0.9934 0.0785 0.0837
vn 0.2257 0.5731 0.7878
vn 0.7442 0.3623 0.5611
vn -0.3672 0.6306 0.6837
vn 0.2249 0.5729 0.7882
vn -0.3682 0.6311 0.6828
vn -0.8085 0.5138 0.2869
vn -0.8095 0.5139 0.2839
vn -0.9302 0.2663 -0.2527
vn -0.9293 0.2660 -0.2563
vn -0.6838 -0.0179 -0.7294
vn -0.6818 -0.0180 -0.7314
vn -0.1625 -0.2296 -0.9596
vn 0.4321 -0.2872 -0.8549
vn -0.1617 -0.2294 -0.9598
vn 0.8735 -0.1695 -0.4564
vn 0.4333 -0.2877 -0.8541
vn 0.8749 -0.1698 -0.4535
vn 0.9292 -0.2662 0.2564
vn 0.6801 0.0067 0.7330
vn 0.9291 -0.2689 0.2538
vn 0.6787 0.0087 0.7343
vn 0.1591 0.2135 0.9639
vn -0.4333 0.2729 0.8589
vn 0.1585 0.2141 0.9639
vn -0.8735 0.1626 0.4590
vn -0.4346 0.2723 0.8585
vn -0.9935 -0.0759 -0.0850
vn -0.8749 0.1605 0.4569
vn -0.7457 -0.3519 -0.5657
vn -0.9930 -0.0787 -0.0875
vn -0.2236 -0.5596 -0.7980
vn -0.7439 -0.3539 -0.5668
vn 0.3707 -0.6190 -0.6924
vn -0.2229 -0.5602 -0.7978
vn 0.3722 -0.6185 -0.6921
vn 0.8109 -0.5079 -0.2907
vn 0.8128 -0.5060 -0.2887
vn 0.7424 0.3465 0.5734
vn 0.9925 0.0787 0.0938
vn 0.9928 0.0785 0.0906
vn 0.2206 0.5487 0.8064
vn 0.7409 0.3466 0.5753
vn -0.3722 0.6079 0.7014
vn 0.2199 0.5485 0.8067
vn -0.3731 0.6083 0.7006
vn -0.8114 0.5023 0.2989
vn -0.8123 0.5024 0.2963
vn -0.9298 0.2714 -0.2488
vn -0.9290 0.2712 -0.2519
vn -0.6804 0.0031 -0.7328
vn -0.6786 0.0030 -0.7345
vn -0.1577 -0.1999 -0.9670
vn 0.4367 -0.2592 -0.8615
vn -0.1569 -0.1997 -0.9672
vn 0.8760 -0.1528 -0.4575
vn 0.4377 -0.2596 -0.8608
vn 0.8772 -0.1531 -0.4550
vn 0.9290 -0.2712 0.2519
vn 0.6773 -0.0126 0.7356
vn 0.9289 -0.2735 0.2496
vn 0.6760 -0.0109 0.7368
vn 0.1547 0.1859 0.9703
vn -0.4378 0.2465 0.8646
vn 0.1542 0.1864 0.9703
vn -0.8760 0.1465 0.4596
vn -0.4388 0.2460 0.8643
vn -0.9929 -0.0764 -0.0916
vn -0.8772 0.1448 0.4578
vn -0.7422 -0.3376 -0.5789
vn -0.9925 -0.0788 -0.0938
vn -0.2188 -0.5369 -0.8148
vn -0.7407 -0.3394 -0.5799
vn 0.3753 -0.5975 -0.7086
vn -0.2181 -0.5374 -0.8147
vn 0.3765 -0.5971 -0.7083
vn 0.8135 -0.4969 -0.3021
vn 0.8151 -0.4953 -0.3004
vn 0.7392 0.3323 0.5858
vn 0.9920 0.0787 0.0990
vn 0.9922 0.0788 0.0966
vn 0.2159 0.5263 0.8224
vn 0.7381 0.3322 0.5873
vn -0.3770 0.5868 0.7166
vn 0.2153 0.5262 0.8227
vn -0.3776 0.5871 0.7161
vn -0.8143 0.4911 0.3093
vn -0.8150 0.4913 0.3073
vn -0.9295 0.2754 -0.2452
vn -0.9289 0.2754 -0.2476
vn -0.6773 0.0216 -0.7354
vn -0.6759 0.0217 -0.7367
vn -0.1533 -0.1729 -0.9729
vn 0.4407 -0.2335 -0.8668
vn -0.1527 -0.1728 -0.9731
vn 0.8782 -0.1373 -0.4583
vn 0.4414 -0.2338 -0.8663
vn 0.8791 -0.1376 -0.4564
vn 0.9291 -0.2750 0.2474
vn 0.6750 -0.0286 0.7373
vn 0.9289 -0.2769 0.2459
vn 0.6742 -0.0272 0.7381
vn 0.1512 0.1627 0.9750
vn -0.4415 0.2242 0.8688
vn 0.1508 0.1632 0.9750
vn -0.8781 0.1327 0.4596
vn -0.4422 0.2238 0.8686
vn -0.9922 -0.0773 -0.0973
vn -0.8790 0.1313 0.4584
vn -0.7391 -0.3258 -0.5896
vn -0.9920 -0.0792 -0.0988
vn -0.2146 -0.5176 -0.8283
vn -0.7379 -0.3272 -0.5903
vn 0.3792 -0.5791 -0.7217
vn -0.2141 -0.5180 -0.8281
vn 0.3800 -0.5788 -0.7215
vn 0.8159 -0.4872 -0.3114
vn 0.8171 -0.4859 -0.3103
vn 0.7363 0.3194 0.5966
vn 0.9915 0.0790 0.1033
vn 0.9916 0.0793 0.1019
vn 0.2115 0.5057 0.8364
vn 0.7356 0.3191 0.5975
vn -0.3817 0.5672 0.7297
vn 0.2112 0.5055 0.8366
vn -0.8173 0.4803 0.3184
vn -0.3815 0.5670 0.7300
vn -0.8175 0.4807 0.3172
vn -0.9295 0.2784 -0.2420
vn -0.9290 0.2787 -0.2434
vn -0.6745 0.0382 -0.7373
vn -0.6736 0.0385 -0.7381
vn -0.1494 -0.1483 -0.9776
vn -0.1490 -0.1482 -0.9777
vn 0.4446 -0.2100 -0.8708
vn 0.8801 -0.1228 -0.4587
vn 0.4442 -0.2098 -0.8710
vn 0.8806 -0.1232 -0.4576
vn 0.6728 -0.0416 0.7386
vn 0.9294 -0.2784 0.2422
vn 0.9289 -0.2789 0.2435
vn 0.1483 0.1432 0.9785
vn 0.6736 -0.0412 0.7379
vn -0.4452 0.2052 0.8716
vn 0.1486 0.1434 0.9784
vn -0.4449 0.2048 0.8719
vn -0.8805 0.1204 0.4584
vn -0.8801 0.1198 0.4594
vn -0.9915 -0.0787 -0.1033
vn -0.9916 -0.0792 -0.1020
vn -0.7358 -0.3161 -0.5990
vn -0.7363 -0.3166 -0.5980
vn -0.2109 -0.5012 -0.8392
vn 0.3832 -0.5632 -0.7321
vn -0.2112 -0.5014 -0.8390
vn 0.8185 -0.4782 -0.3183
vn 0.3830 -0.5629 -0.7324
vn 0.8184 -0.4777 -0.3194
vn 0.9911 0.0795 0.1069
vn 0.7336 0.3076 0.6060
vn 0.9911 0.0802 0.1066
vn 0.7336 0.3071 0.6062
vn 0.2077 0.4865 0.8486
vn -0.3859 0.5484 0.7418
vn 0.2077 0.4863 0.8487
vn -0.8203 0.4697 0.3263
vn -0.3859 0.5486 0.7417
vn -0.9296 0.2805 -0.2391
vn -0.8201 0.4702 0.3261
vn -0.6721 0.0530 -0.7386
vn -0.9293 0.2811 -0.2394
vn -0.1461 -0.1258 -0.9812
vn -0.6719 0.0536 -0.7387
vn 0.4476 -0.1877 -0.8743
vn -0.1461 -0.1256 -0.9813
vn 0.4476 -0.1880 -0.8743
vn 0.8818 -0.1090 -0.4588
vn 0.8818 -0.1096 -0.4586
vn 0.6721 -0.0531 0.7386
vn 0.9296 -0.2803 0.2393
vn 0.9293 -0.2812 0.2394
vn 0.1462 0.1264 0.9811
vn 0.6722 -0.0524 0.7386
vn -0.4474 0.1888 0.8742
vn 0.1463 0.1266 0.9811
vn -0.4475 0.1885 0.8742
vn -0.8818 0.1102 0.4586
vn -0.8818 0.1094 0.4587
vn -0.9911 -0.0793 -0.1067
vn -0.9911 -0.0803 -0.1065
vn -0.7337 -0.3075 -0.6059
vn -0.7336 -0.3082 -0.6056
vn -0.2079 -0.4870 -0.8483
vn 0.3857 -0.5494 -0.7412
vn -0.2079 -0.4873 -0.8481
vn 0.8199 -0.4707 -0.3258
vn 0.3859 -0.5491 -0.7413
vn 0.8203 -0.4700 -0.3260
vn 0.9905 0.0807 0.1111
vn 0.7314 0.2966 0.6140
vn 0.9906 0.0811 0.1101
vn 0.7310 0.2962 0.6147
vn 0.2041 0.4683 0.8597
vn -0.3897 0.5305 0.7528
vn 0.2039 0.4681 0.8598
vn -0.8228 0.4594 0.3346
vn -0.3899 0.5307 0.7526
vn -0.9301 0.2823 -0.2351
vn -0.8229 0.4598 0.3338
vn -0.6705 0.0669 -0.7389
vn -0.9297 0.2828 -0.2361
vn -0.1433 -0.1045 -0.9841
vn -0.6699 0.0673 -0.7394
vn 0.4501 -0.1666 -0.8773
vn -0.1430 -0.1043 -0.9842
vn 0.4504 -0.1669 -0.8771
vn 0.8830 -0.0957 -0.4595
vn 0.8834 -0.0962 -0.4587
vn 0.6710 -0.0651 0.7386
vn 0.9299 -0.2820 0.2360
vn 0.9298 -0.2829 0.2355
vn 0.1440 0.1082 0.9837
vn 0.6707 -0.0644 0.7389
vn -0.4500 0.1706 0.8766
vn 0.1438 0.1085 0.9836
vn -0.8830 0.0987 0.4588
vn -0.4498 0.1708 0.8766
vn -0.8833 0.0980 0.4584
vn -0.9906 -0.0804 -0.1102
vn -0.9905 -0.0814 -0.1107
vn -0.7315 -0.2982 -0.6131
vn -0.7311 -0.2990 -0.6133
vn -0.2046 -0.4715 -0.8578
vn -0.2044 -0.4717 -0.8577
vn 0.3891 -0.5338 -0.7508
vn 0.8219 -0.4620 -0.3333
vn 0.3888 -0.5340 -0.7508
vn 0.8224 -0.4613 -0.3330
vn 0.9901 0.0819 0.1143
vn 0.7291 0.2885 0.6206
vn 0.9901 0.0827 0.1138
vn 0.7290 0.2879 0.6211
vn 0.2010 0.4541 0.8680
vn 0.2009 0.4539 0.8681
vn -0.3928 0.5164 0.7610
vn -0.8249 0.4509 0.3410
vn -0.3928 0.5161 0.7611
vn -0.9306 0.2833 -0.2319
vn -0.8247 0.4514 0.3406
vn -0.6695 0.0774 -0.7388
vn -0.9302 0.2840 -0.2323
vn -0.1413 -0.0880 -0.9860
vn -0.6691 0.0781 -0.7390
vn 0.4524 -0.1503 -0.8790
vn -0.1412 -0.0878 -0.9861
vn 0.8844 -0.0848 -0.4591
vn 0.4524 -0.1500 -0.8791
vn 0.8845 -0.0855 -0.4587
vn 0.6692 -0.0777 0.7390
vn 0.9305 -0.2834 0.2320
vn 0.9303 -0.2838 0.2323
vn 0.1412 0.0882 0.9861
vn 0.6694 -0.0774 0.7389
vn -0.4523 0.1504 0.8791
vn 0.1412 0.0883 0.9860
vn -0.8844 0.0855 0.4588
vn -0.4523 0.1505 0.8790
vn -0.8843 0.0852 0.4590
vn -0.9901 -0.0820 -0.1141
vn -0.9901 -0.0824 -0.1138
vn -0.7290 -0.2881 -0.6209
vn -0.7291 -0.2885 -0.6206
vn -0.2009 -0.4541 -0.8680
vn -0.2010 -0.4543 -0.8679
vn 0.3927 -0.5164 -0.7610
vn 0.8248 -0.4514 -0.3406
vn 0.3927 -0.5165 -0.7609
vn 0.8248 -0.4511 -0.3408
vn 0.7276 0.2832 0.6249
vn 0.9896 0.0834 0.1175
vn 0.9897 0.0837 0.1159
vn 0.1987 0.4447 0.8734
vn 0.7268 0.2829 0.6259
vn -0.3946 0.5067 0.7665
vn 0.1982 0.4445 0.8736
vn -0.8258 0.4452 0.3462
vn -0.3943 0.5065 0.7668
vn -0.8261 0.4456 0.3450
vn -0.9312 0.2842 -0.2285
vn -0.9307 0.2845 -0.2300
vn -0.6695 0.0846 -0.7380
vn -0.6685 0.0849 -0.7389
vn -0.1402 -0.0771 -0.9871
vn -0.1397 -0.0769 -0.9872
vn 0.4539 -0.1392 -0.8801
vn 0.8850 -0.0775 -0.4590
vn 0.4535 -0.1389 -0.8804
vn 0.8856 -0.0779 -0.4580
vn 0.9310 -0.2836 0.2299
vn 0.6682 -0.0891 0.7386
vn 0.9310 -0.2846 0.2284
vn 0.6674 -0.0883 0.7394
vn 0.1390 0.0700 0.9878
vn 0.1385 0.0703 0.9879
vn -0.4544 0.1319 0.8810
vn -0.8849 0.0736 0.4599
vn -0.4540 0.1321 0.8812
vn -0.9898 -0.0833 -0.1159
vn -0.8855 0.0729 0.4588
vn -0.7276 -0.2788 -0.6268
vn -0.9895 -0.0843 -0.1174
vn -0.1979 -0.4383 -0.8768
vn -0.7266 -0.2796 -0.6275
vn 0.3964 -0.5003 -0.7698
vn -0.1974 -0.4385 -0.8768
vn 0.8270 -0.4417 -0.3478
vn 0.3959 -0.5004 -0.7700
vn 0.8278 -0.4411 -0.3468
vn 0.7263 0.2779 0.6287
vn 0.9891 0.0848 0.1205
vn 0.9894 0.0847 0.1178
vn 0.1967 0.4354 0.8785
vn 0.7248 0.2780 0.6304
vn -0.3966 0.4972 0.7717
vn 0.1958 0.4353 0.8787
vn -0.8268 0.4396 0.3510
vn -0.3961 0.4970 0.7721
vn -0.8275 0.4397 0.3491
vn -0.9317 0.2848 -0.2252
vn -0.9311 0.2847 -0.2278
vn -0.6696 0.0915 -0.7371
vn -0.6679 0.0914 -0.7386
vn -0.1395 -0.0665 -0.9880
vn -0.1385 -0.0664 -0.9881
vn 0.4553 -0.1284 -0.8810
vn 0.8857 -0.0704 -0.4590
vn 0.4548 -0.1282 -0.8813
vn 0.8866 -0.0706 -0.4571
vn 0.9316 -0.2834 0.2274
vn 0.6675 -0.0985 0.7380
vn 0.9317 -0.2849 0.2252
vn 0.6663 -0.0972 0.7393
vn 0.1373 0.0549 0.9890
vn 0.1365 0.0553 0.9891
vn -0.4561 0.1163 0.8823
vn -0.8855 0.0632 0.4603
vn -0.4555 0.1165 0.8826
vn -0.9894 -0.0847 -0.1179
vn -0.8864 0.0623 0.4587
vn -0.7262 -0.2713 -0.6317
vn -0.9890 -0.0862 -0.1201
vn -0.1954 -0.4250 -0.8839
vn -0.7247 -0.2725 -0.6329
vn 0.3994 -0.4865 -0.7770
vn -0.1945 -0.4254 -0.8839
vn 0.8291 -0.4332 -0.3536
vn 0.3988 -0.4867 -0.7772
vn 0.8301 -0.4323 -0.3521
vn 0.7243 0.2701 0.6344
vn 0.9888 0.0864 0.1218
vn 0.9889 0.0865 0.1208
vn 0.1938 0.4214 0.8859
vn 0.7237 0.2701 0.6351
vn -0.3997 0.4826 0.7793
vn 0.1934 0.4214 0.8860
vn -0.8296 0.4303 0.3559
vn -0.3996 0.4825 0.7794
vn -0.8298 0.4304 0.3552
vn -0.9323 0.2846 -0.2233
vn -0.9320 0.2846 -0.2243
vn -0.6680 0.1009 -0.7373
vn -0.6673 0.1010 -0.7379
vn -0.1373 -0.0505 -0.9892
vn -0.1369 -0.0505 -0.9893
vn 0.4568 -0.1118 -0.8825
vn 0.8866 -0.0594 -0.4586
vn 0.4566 -0.1117 -0.8826
vn 0.8870 -0.0595 -0.4580
vn 0.6669 -0.1030 0.7380
vn 0.9324 -0.2841 0.2234
vn 0.9321 -0.2846 0.2241
vn 0.1365 0.0471 0.9895
vn 0.6675 -0.1025 0.7376
vn -0.4569 0.1081 0.8829
vn 0.1368 0.0473 0.9895
vn -0.8869 0.0573 0.4584
vn -0.4570 0.1083 0.8828
vn -0.8867 0.0568 0.4589
vn -0.9888 -0.0865 -0.1216
vn -0.9888 -0.0870 -0.1209
vn -0.7239 -0.2681 -0.6357
vn -0.7242 -0.2686 -0.6351
vn -0.1933 -0.4183 -0.8875
vn -0.1935 -0.4185 -0.8873
vn 0.4005 -0.4794 -0.7808
vn 0.8305 -0.4285 -0.3560
vn 0.4006 -0.4796 -0.7807
vn 0.8305 -0.4280 -0.3565
vn 0.9883 0.0885 0.1239
vn 0.7225 0.2624 0.6397
vn 0.9884 0.0888 0.1233
vn 0.7222 0.2622 0.6401
vn 0.1910 0.4071 0.8932
vn 0.1908 0.4070 0.8933
vn -0.4031 0.4675 0.7867
vn -0.8323 0.4203 0.3614
vn -0.4030 0.4674 0.7868
vn -0.9331 0.2839 -0.2206
vn -0.8324 0.4205 0.3610
vn -0.6670 0.1102 -0.7368
vn -0.9329 0.2842 -0.2211
vn -0.1356 -0.0343 -0.9902
vn -0.6666 0.1105 -0.7372
vn 0.4583 -0.0947 -0.8837
vn -0.1353 -0.0341 -0.9902
vn 0.8874 -0.0475 -0.4586
vn 0.4582 -0.0945 -0.8838
vn 0.8876 -0.0478 -0.4582
vn 0.6673 -0.1093 0.7368
vn 0.9330 -0.2839 0.2212
vn 0.9329 -0.2846 0.2208
vn 0.1359 0.0366 0.9900
vn 0.6670 -0.1087 0.7370
vn -0.4582 0.0972 0.8835
vn 0.1358 0.0369 0.9901
vn -0.8874 0.0497 0.4583
vn -0.4581 0.0974 0.8836
vn -0.8876 0.0493 0.4580
vn -0.9885 -0.0880 -0.1234
vn -0.9883 -0.0887 -0.1238
vn -0.7226 -0.2633 -0.6392
vn -0.7222 -0.2639 -0.6393
vn -0.1913 -0.4092 -0.8922
vn -0.1911 -0.4094 -0.8921
vn 0.4026 -0.4697 -0.7857
vn 0.8316 -0.4223 -0.3606
vn 0.4024 -0.4699 -0.7857
vn 0.8320 -0.4218 -0.3604
vn 0.9879 0.0906 0.1261
vn 0.7206 0.2569 0.6440
vn 0.9878 0.0913 0.1258
vn 0.7206 0.2563 0.6443
vn 0.1884 0.3959 0.8988
vn 0.1884 0.3956 0.8989
vn -0.4056 0.4553 0.7926
vn -0.8343 0.4120 0.3662
vn -0.4057 0.4551 0.7927
vn -0.9341 0.2830 -0.2177
vn -0.8342 0.4125 0.3660
vn -0.6668 0.1174 -0.7359
vn -0.9338 0.2837 -0.2179
vn -0.1345 -0.0215 -0.9907
vn -0.6666 0.1180 -0.7360
vn 0.4595 -0.0810 -0.8845
vn -0.1344 -0.0212 -0.9907
vn 0.8881 -0.0377 -0.4580
vn 0.4595 -0.0807 -0.8845
vn 0.8882 -0.0382 -0.4579
vn 0.9340 -0.2831 0.2180
vn 0.6666 -0.1182 0.7360
vn 0.9340 -0.2834 0.2176
vn 0.6664 -0.1179 0.7362
vn 0.1343 0.0207 0.9907
vn 0.1342 0.0209 0.9907
vn -0.4595 0.0801 0.8845
vn -0.8880 0.0376 0.4582
vn -0.4594 0.0802 0.8846
vn -0.9879 -0.0908 -0.1257
vn -0.8882 0.0374 0.4580
vn -0.7207 -0.2561 -0.6442
vn -0.9878 -0.0912 -0.1260
vn -0.1883 -0.3951 -0.8992
vn -0.7204 -0.2564 -0.6444
vn 0.4058 -0.4545 -0.7929
vn -0.1881 -0.3952 -0.8991
vn 0.8343 -0.4119 -0.3664
vn 0.4057 -0.4546 -0.7930
vn 0.8345 -0.4117 -0.3662
vn 0.7199 0.2545 0.6458
vn 0.9874 0.0921 0.1287
vn 0.9876 0.0923 0.1266
vn 0.1872 0.3911 0.9011
vn 0.7187 0.2544 0.6471
vn -0.4066 0.4501 0.7950
vn 0.1864 0.3910 0.9013
vn -0.8345 0.4087 0.3695
vn -0.4064 0.4499 0.7953
vn -0.8350 0.4090 0.3681
vn -0.9348 0.2831 -0.2146
vn -0.9343 0.2832 -0.2166
vn -0.6678 0.1208 -0.7345
vn -0.6664 0.1209 -0.7357
vn -0.1347 -0.0161 -0.9907
vn -0.1338 -0.0160 -0.9909
vn 0.4602 -0.0752 -0.8846
vn 0.8883 -0.0336 -0.4580
vn 0.4599 -0.0750 -0.8848
vn 0.8890 -0.0339 -0.4567
vn 0.9349 -0.2814 0.2163
vn 0.6664 -0.1258 0.7349
vn 0.9350 -0.2824 0.2144
vn 0.6653 -0.1248 0.7360
vn 0.1333 0.0071 0.9911
vn 0.1325 0.0076 0.9912
vn -0.4607 0.0654 0.8852
vn -0.8881 0.0273 0.4589
vn -0.4604 0.0656 0.8853
vn -0.9876 -0.0930 -0.1264
vn -0.8887 0.0267 0.4576
vn -0.7199 -0.2497 -0.6476
vn -0.9873 -0.0941 -0.1282
vn -0.1863 -0.3829 -0.9048
vn -0.7186 -0.2506 -0.6487
vn 0.4088 -0.4412 -0.7989
vn -0.1854 -0.3833 -0.9048
vn 0.8364 -0.4030 -0.3715
vn 0.4084 -0.4414 -0.7990
vn 0.8372 -0.4024 -0.3703
vn 0.7184 0.2494 0.6494
vn 0.9871 0.0944 0.1297
vn 0.9872 0.0944 0.1286
vn 0.1850 0.3809 0.9059
vn 0.7177 0.2494 0.6501
vn -0.4090 0.4389 0.8001
vn 0.1846 0.3809 0.9060
vn -0.8367 0.4010 0.3730
vn -0.4089 0.4388 0.8002
vn -0.8369 0.4011 0.3723
vn -0.9355 0.2820 -0.2129
vn -0.9353 0.2820 -0.2139
vn -0.6671 0.1270 -0.7340
vn -0.6664 0.1270 -0.7347
vn -0.1336 -0.0048 -0.9910
vn -0.1331 -0.0047 -0.9911
vn 0.4610 -0.0628 -0.8852
vn 0.8888 -0.0248 -0.4576
vn 0.4609 -0.0627 -0.8852
vn 0.8892 -0.0249 -0.4569
vn 0.6661 -0.1289 0.7347
vn 0.9358 -0.2811 0.2129
vn 0.9355 -0.2816 0.2137
vn 0.1327 0.0010 0.9912
vn 0.6666 -0.1285 0.7342
vn -0.4611 0.0586 0.8854
vn 0.1331 0.0012 0.9911
vn -0.8890 0.0221 0.4573
vn -0.4612 0.0588 0.8853
vn -0.8888 0.0218 0.4578
vn -0.9871 -0.0948 -0.1294
vn -0.9871 -0.0953 -0.1286
vn -0.7179 -0.2474 -0.6507
vn -0.7183 -0.2479 -0.6501
vn -0.1844 -0.3775 -0.9075
vn -0.1847 -0.3778 -0.9073
vn 0.4099 -0.4351 -0.8017
vn 0.8378 -0.3986 -0.3732
vn 0.4099 -0.4354 -0.8015
vn 0.8377 -0.3982 -0.3737
vn 0.9866 0.0973 0.1310
vn 0.7168 0.2434 0.6534
vn 0.9866 0.0976 0.1306
vn 0.7165 0.2432 0.6538
vn 0.1825 0.3685 0.9115
vn 0.1824 0.3683 0.9116
vn -0.4120 0.4249 0.8060
vn -0.8394 0.3910 0.3775
vn -0.4120 0.4248 0.8061
vn -0.9367 0.2799 -0.2104
vn -0.8394 0.3912 0.3772
vn -0.6666 0.1341 -0.7332
vn -0.9365 0.2802 -0.2109
vn -0.1324 0.0091 -0.9911
vn -0.6663 0.1343 -0.7335
vn 0.4620 -0.0473 -0.8856
vn -0.1322 0.0093 -0.9912
vn 0.8892 -0.0134 -0.4572
vn 0.4619 -0.0471 -0.8857
vn 0.8894 -0.0136 -0.4570
vn 0.6668 -0.1335 0.7332
vn 0.9365 -0.2802 0.2110
vn 0.9364 -0.2807 0.2106
vn 0.1327 -0.0074 0.9911
vn 0.6666 -0.1330 0.7335
vn -0.4619 0.0494 0.8856
vn 0.1325 -0.0071 0.9912
vn -0.8893 0.0153 0.4571
vn -0.4618 0.0495 0.8856
vn -0.8894 0.0150 0.4568
vn -0.9867 -0.0968 -0.1307
vn -0.9866 -0.0973 -0.1310
vn -0.7168 -0.2440 -0.6532
vn -0.7165 -0.2445 -0.6533
vn -0.1828 -0.3701 -0.9108
vn -0.1826 -0.3703 -0.9108
vn 0.4116 -0.4268 -0.8053
vn 0.8388 -0.3927 -0.3769
vn 0.4115 -0.4270 -0.8052
vn 0.8391 -0.3924 -0.3767
vn 0.9861 0.0999 0.1327
vn 0.7150 0.2396 0.6567
vn 0.9860 0.1006 0.1327
vn 0.7152 0.2390 0.6568
vn 0.1803 0.3595 0.9156
vn 0.1804 0.3592 0.9157
vn -0.4141 0.4145 0.8103
vn -0.8413 0.3833 0.3812
vn -0.4142 0.4144 0.8104
vn -0.9378 0.2782 -0.2080
vn -0.8411 0.3837 0.3812
vn -0.6668 0.1391 -0.7321
vn -0.9376 0.2788 -0.2079
vn -0.1320 0.0192 -0.9911
vn -0.6668 0.1397 -0.7320
vn 0.4626 -0.0358 -0.8858
vn -0.1320 0.0195 -0.9911
vn 0.8897 -0.0046 -0.4565
vn 0.4627 -0.0356 -0.8858
vn 0.8897 -0.0051 -0.4566
vn 0.9378 -0.2779 0.2082
vn 0.6667 -0.1403 0.7320
vn 0.9378 -0.2783 0.2075
vn 0.6664 -0.1400 0.7324
vn 0.1318 -0.0212 0.9911
vn 0.1315 -0.0210 0.9911
vn -0.4627 0.0337 0.8859
vn -0.8895 0.0035 0.4570
vn -0.4626 0.0338 0.8859
vn -0.9861 -0.1004 -0.1322
vn -0.8897 0.0033 0.4566
vn -0.7153 -0.2384 -0.6569
vn -0.9860 -0.1008 -0.1328
vn -0.1802 -0.3576 -0.9163
vn -0.7149 -0.2387 -0.6572
vn 0.4146 -0.4125 -0.8111
vn -0.1799 -0.3578 -0.9163
vn 0.8415 -0.3822 -0.3819
vn 0.4145 -0.4126 -0.8111
vn 0.8417 -0.3821 -0.3815
vn 0.7146 0.2380 0.6578
vn 0.9856 0.1014 0.1351
vn 0.9859 0.1016 0.1330
vn 0.1795 0.3559 0.9171
vn 0.7133 0.2379 0.6592
vn -0.4150 0.4104 0.8120
vn 0.1785 0.3558 0.9174
vn -0.8413 0.3805 0.3839
vn -0.4149 0.4102 0.8122
vn -0.8418 0.3807 0.3826
vn -0.9385 0.2779 -0.2051
vn -0.9380 0.2780 -0.2071
vn -0.6681 0.1414 -0.7305
vn -0.6667 0.1415 -0.7318
vn -0.1327 0.0233 -0.9909
vn -0.1316 0.0234 -0.9910
vn 0.4630 -0.0314 -0.8858
vn 0.8897 -0.0013 -0.4566
vn 0.4628 -0.0312 -0.8859
vn 0.8903 -0.0015 -0.4554
vn 0.9389 -0.2754 0.2066
vn 0.6670 -0.1457 0.7307
vn 0.9390 -0.2764 0.2048
vn 0.6659 -0.1448 0.7319
vn 0.1313 -0.0320 0.9908
vn 0.1304 -0.0315 0.9910
vn -0.4633 0.0213 0.8860
vn -0.8893 -0.0058 0.4573
vn -0.4631 0.0215 0.8860
vn -0.9858 -0.1032 -0.1327
vn -0.8899 -0.0063 0.4562
vn -0.7147 -0.2338 -0.6592
vn -0.9854 -0.1042 -0.1345
vn -0.1787 -0.3478 -0.9204
vn -0.7134 -0.2348 -0.6603
vn 0.4170 -0.4012 -0.8155
vn -0.1777 -0.3482 -0.9204
vn 0.8434 -0.3740 -0.3858
vn 0.4169 -0.4014 -0.8156
vn 0.8441 -0.3735 -0.3847
vn 0.7131 0.2333 0.6611
vn 0.9853 0.1047 0.1352
vn 0.9853 0.1048 0.1350
vn 0.1772 0.3454 0.9216
vn 0.7129 0.2333 0.6613
vn -0.4176 0.3981 0.8168
vn 0.1771 0.3453 0.9216
vn -0.8440 0.3714 0.3869
vn -0.8440 0.3714 0.3868
vn -0.9394 0.2754 -0.2039
vn -0.9394 0.2755 -0.2041
vn -0.6673 0.1469 -0.7302
vn -0.6671 0.1470 -0.7303
vn -0.1314 0.0348 -0.9907
vn -0.1313 0.0349 -0.9907
vn 0.4635 -0.0179 -0.8859
vn 0.8899 0.0088 -0.4560
vn 0.8900 0.0088 -0.4559
vn 0.6673 -0.1470 0.7302
vn 0.9394 -0.2752 0.2042
vn 0.9393 -0.2759 0.2040
vn 0.1315 -0.0346 0.9907
vn 0.6672 -0.1464 0.7303
vn -0.4635 0.0183 0.8859
vn 0.1314 -0.0343 0.9907
vn -0.8900 -0.0082 0.4559
vn -0.4635 0.0185 0.8859
vn -0.8901 -0.0086 0.4558
vn -0.9853 -0.1043 -0.1350
vn -0.9852 -0.1049 -0.1352
vn -0.7132 -0.2331 -0.6611
vn -0.7129 -0.2338 -0.6611
vn -0.1774 -0.3456 -0.9215
vn -0.1772 -0.3459 -0.9214
vn 0.4175 -0.3985 -0.8166
vn 0.8438 -0.3720 -0.3867
vn 0.4174 -0.3987 -0.8166
vn 0.8441 -0.3716 -0.3866
vn 0.9845 0.1089 0.1372
vn 0.7115 0.2285 0.6645
vn 0.9846 0.1094 0.1366
vn 0.7112 0.2281 0.6650
vn 0.1748 0.3332 0.9265
vn 0.1745 0.3329 0.9267
vn -0.4206 0.3836 0.8222
vn -0.8467 0.3601 0.3917
vn -0.4206 0.3834 0.8223
vn -0.9412 0.2720 -0.2006
vn -0.8468 0.3603 0.3913
vn -0.6678 0.1529 -0.7284
vn -0.9409 0.2724 -0.2012
vn -0.1311 0.0482 -0.9902
vn -0.6673 0.1533 -0.7288
vn 0.4640 -0.0021 -0.8858
vn -0.1308 0.0485 -0.9902
vn 0.8900 0.0214 -0.4555
vn 0.4640 -0.0019 -0.8858
vn 0.8902 0.0211 -0.4551
vn 0.6677 -0.1525 0.7286
vn 0.9409 -0.2726 0.2011
vn 0.9409 -0.2727 0.2010
vn 0.1311 -0.0468 0.9903
vn 0.6677 -0.1523 0.7287
vn -0.4640 0.0039 0.8858
vn 0.1311 -0.0467 0.9903
vn -0.8901 -0.0196 0.4553
vn -0.4640 0.0040 0.8858
vn -0.8902 -0.0197 0.4552
vn -0.9846 -0.1086 -0.1368
vn -0.9846 -0.1087 -0.1370
vn -0.7114 -0.2288 -0.6645
vn -0.7113 -0.2290 -0.6645
vn -0.1748 -0.3345 -0.9260
vn -0.1747 -0.3346 -0.9260
vn 0.4202 -0.3852 -0.8216
vn 0.8463 -0.3616 -0.3911
vn 0.4202 -0.3853 -0.8216
vn 0.8464 -0.3615 -0.3910
vn 0.7107 0.2275 0.6658
vn 0.9841 0.1105 0.1390
vn 0.9843 0.1108 0.1375
vn 0.1737 0.3301 0.9278
vn 0.7097 0.2271 0.6669
vn -0.4214 0.3797 0.8236
vn 0.1729 0.3299 0.9281
vn -0.8470 0.3571 0.3938
vn -0.4214 0.3795 0.8237
vn -0.8473 0.3574 0.3929
vn -0.9419 0.2712 -0.1984
vn -0.9415 0.2715 -0.1998
vn -0.6689 0.1546 -0.7271
vn -0.6678 0.1549 -0.7281
vn -0.1317 0.0517 -0.9899
vn -0.1309 0.0520 -0.9900
vn 0.4642 0.0021 -0.8858
vn 0.8901 0.0248 -0.4552
vn 0.4641 0.0023 -0.8858
vn 0.8905 0.0245 -0.4543
vn 0.9422 -0.2690 0.1996
vn 0.6682 -0.1575 0.7271
vn 0.9423 -0.2697 0.1981
vn 0.6673 -0.1568 0.7281
vn 0.1309 -0.0582 0.9897
vn 0.1301 -0.0578 0.9898
vn -0.4643 -0.0097 0.8856
vn -0.8897 -0.0303 0.4555
vn -0.4642 -0.0095 0.8857
vn -0.9842 -0.1123 -0.1372
vn -0.8901 -0.0307 0.4547
vn -0.7108 -0.2245 -0.6666
vn -0.9839 -0.1130 -0.1386
vn -0.1733 -0.3240 -0.9300
vn -0.7097 -0.2252 -0.6675
vn 0.4228 -0.3726 -0.8261
vn -0.1724 -0.3244 -0.9301
vn 0.8485 -0.3519 -0.3952
vn 0.4228 -0.3727 -0.8260
vn 0.8491 -0.3515 -0.3943
vn 0.7095 0.2245 0.6680
vn 0.9837 0.1135 0.1396
vn 0.9838 0.1136 0.1388
vn 0.1721 0.3226 0.9307
vn 0.7090 0.2244 0.6686
vn -0.4232 0.3706 0.8268
vn 0.1716 0.3226 0.9309
vn -0.8488 0.3501 0.3962
vn -0.8490 0.3502 0.3957
vn -0.9428 0.2690 -0.1969
vn -0.9426 0.2691 -0.1977
vn -0.6689 0.1581 -0.7263
vn -0.6683 0.1582 -0.7269
vn -0.1314 0.0599 -0.9895
vn -0.1309 0.0600 -0.9896
vn 0.4643 0.0118 -0.8856
vn 0.8901 0.0324 -0.4546
vn 0.4643 0.0119 -0.8856
vn 0.8903 0.0323 -0.4541
vn 0.6682 -0.1593 0.7267
vn 0.9431 -0.2678 0.1970
vn 0.9429 -0.2684 0.1975
vn 0.1307 -0.0626 0.9894
vn 0.6686 -0.1588 0.7264
vn -0.4644 -0.0151 0.8855
vn 0.1311 -0.0623 0.9894
vn -0.8902 -0.0347 0.4543
vn -0.4644 -0.0149 0.8855
vn -0.8900 -0.0350 0.4546
vn -0.9836 -0.1142 -0.1393
vn -0.9836 -0.1148 -0.1388
vn -0.7092 -0.2232 -0.6687
vn -0.7094 -0.2238 -0.6683
vn -0.1716 -0.3201 -0.9317
vn -0.1719 -0.3204 -0.9316
vn 0.4238 -0.3677 -0.8278
vn 0.8496 -0.3480 -0.3963
vn 0.4238 -0.3679 -0.8277
vn 0.8496 -0.3477 -0.3966
vn 0.9829 0.1182 0.1408
vn 0.7080 0.2205 0.6709
vn 0.9830 0.1185 0.1404
vn 0.7077 0.2202 0.6713
vn 0.1698 0.3115 0.9350
vn 0.1696 0.3113 0.9351
vn -0.4260 0.3568 0.8314
vn -0.8516 0.3389 0.4000
vn -0.4260 0.3567 0.8314
vn -0.9445 0.2649 -0.1945
vn -0.8516 0.3391 0.3997
vn -0.6693 0.1629 -0.7249
vn -0.9443 0.2652 -0.1949
vn -0.1311 0.0720 -0.9887
vn -0.6689 0.1632 -0.7252
vn 0.4645 0.0267 -0.8852
vn -0.1309 0.0722 -0.9888
vn 0.8900 0.0446 -0.4539
vn 0.4645 0.0268 -0.8851
vn 0.8901 0.0444 -0.4536
vn 0.6693 -0.1627 0.7250
vn 0.9442 -0.2654 0.1949
vn 0.9442 -0.2657 0.1947
vn 0.1312 -0.0707 0.9888
vn 0.6691 -0.1623 0.7252
vn -0.4645 -0.0249 0.8852
vn 0.1311 -0.0705 0.9889
vn -0.8901 -0.0428 0.4538
vn -0.4645 -0.0248 0.8852
vn -0.8901 -0.0430 0.4536
vn -0.9831 -0.1176 -0.1405
vn -0.9830 -0.1180 -0.1408
vn -0.7080 -0.2207 -0.6708
vn -0.7078 -0.2211 -0.6710
vn -0.1699 -0.3127 -0.9345
vn -0.1697 -0.3129 -0.9345
vn 0.4257 -0.3584 -0.8309
vn 0.8511 -0.3405 -0.3996
vn 0.4257 -0.3585 -0.8308
vn 0.8512 -0.3403 -0.3994
vn 0.9825 0.1210 0.1418
vn 0.7063 0.2189 0.6733
vn 0.9823 0.1217 0.1425
vn 0.7068 0.2182 0.6729
vn 0.1678 0.3058 0.9372
vn 0.1683 0.3053 0.9373
vn -0.4275 0.3493 0.8338
vn -0.8530 0.3327 0.4022
vn -0.4275 0.3491 0.8339
vn -0.9455 0.2624 -0.1928
vn -0.8527 0.3331 0.4025
vn -0.6698 0.1652 -0.7239
vn -0.9454 0.2631 -0.1921
vn -0.1313 0.0783 -0.9882
vn -0.6702 0.1660 -0.7234
vn 0.4645 0.0347 -0.8849
vn -0.1317 0.0787 -0.9882
vn 0.8901 0.0513 -0.4528
vn 0.4645 0.0349 -0.8849
vn 0.8900 0.0509 -0.4532
vn 0.9459 -0.2611 0.1928
vn 0.6700 -0.1671 0.7233
vn 0.9460 -0.2615 0.1918
vn 0.6694 -0.1667 0.7240
vn 0.1313 -0.0823 0.9879
vn 0.1306 -0.0820 0.9880
vn -0.4646 -0.0394 0.8847
vn -0.8896 -0.0548 0.4535
vn -0.4646 -0.0393 0.8847
vn -0.9823 -0.1226 -0.1414
vn -0.8898 -0.0550 0.4530
vn -0.7070 -0.2170 -0.6731
vn -0.9821 -0.1231 -0.1423
vn -0.1681 -0.3019 -0.9384
vn -0.7062 -0.2175 -0.6738
vn 0.4284 -0.3448 -0.8352
vn -0.1674 -0.3022 -0.9384
vn 0.8536 -0.3294 -0.4035
vn 0.4284 -0.3449 -0.8352
vn 0.8540 -0.3292 -0.4030
vn 0.7060 0.2170 0.6742
vn 0.9819 0.1237 0.1437
vn 0.9820 0.1238 0.1425
vn 0.1671 0.3006 0.9390
vn 0.7051 0.2168 0.6751
vn -0.4288 0.3429 0.8358
vn 0.1663 0.3005 0.9392
vn -0.8537 0.3276 0.4047
vn -0.4289 0.3428 0.8358
vn -0.8540 0.3278 0.4040
vn -0.9465 0.2607 -0.1902
vn -0.9462 0.2609 -0.1914
vn -0.6711 0.1676 -0.7222
vn -0.6701 0.1678 -0.7230
vn -0.1321 0.0838 -0.9877
vn -0.1312 0.0840 -0.9878
vn 0.4645 0.0415 -0.8846
vn 0.8898 0.0568 -0.4529
vn 0.4646 0.0416 -0.8846
vn 0.8901 0.0567 -0.4522
vn 0.9469 -0.2586 0.1911
vn 0.6705 -0.1695 0.7222
vn 0.9469 -0.2593 0.1902
vn 0.6700 -0.1687 0.7229
vn 0.1314 -0.0884 0.9874
vn 0.1308 -0.0880 0.9875
vn -0.4645 -0.0472 0.8843
vn -0.8894 -0.0612 0.4530
vn -0.4645 -0.0470 0.8843
vn -0.9818 -0.1254 -0.1424
vn -0.8896 -0.0616 0.4525
vn -0.7060 -0.2151 -0.6748
vn -0.9816 -0.1261 -0.1432
vn -0.1667 -0.2963 -0.9404
vn -0.7052 -0.2159 -0.6753
vn 0.4298 -0.3376 -0.8374
vn -0.1661 -0.2967 -0.9404
vn 0.8549 -0.3235 -0.4056
vn 0.4298 -0.3378 -0.8374
vn 0.8552 -0.3232 -0.4051
vn 0.9811 0.1289 0.1445
vn 0.7044 0.2137 0.6769
vn 0.9811 0.1292 0.1442
vn 0.7042 0.2134 0.6771
vn 0.1649 0.2901 0.9427
vn 0.1647 0.2900 0.9427
vn -0.4314 0.3294 0.8399
vn -0.8565 0.3163 0.4078
vn -0.4314 0.3293 0.8399
vn -0.9481 0.2560 -0.1884
vn -0.8565 0.3164 0.4077
vn -0.6713 0.1715 -0.7210
vn -0.9480 0.2562 -0.1886
vn -0.1318 0.0951 -0.9867
vn -0.6711 0.1717 -0.7212
vn 0.4644 0.0558 -0.8839
vn -0.1316 0.0952 -0.9867
vn 0.8894 0.0689 -0.4519
vn 0.4644 0.0559 -0.8839
vn 0.8895 0.0688 -0.4518
vn 0.6714 -0.1714 0.7210
vn 0.9479 -0.2566 0.1888
vn 0.9479 -0.2570 0.1884
vn 0.1320 -0.0939 0.9868
vn 0.6712 -0.1709 0.7213
vn -0.4644 -0.0541 0.8840
vn 0.1317 -0.0936 0.9869
vn -0.8895 -0.0672 0.4519
vn -0.4644 -0.0540 0.8840
vn -0.8896 -0.0674 0.4517
vn -0.9812 -0.1282 -0.1442
vn -0.9811 -0.1286 -0.1445
vn -0.7045 -0.2138 -0.6767
vn -0.7042 -0.2142 -0.6769
vn -0.1651 -0.2913 -0.9423
vn -0.1648 -0.2916 -0.9422
vn 0.4311 -0.3311 -0.8394
vn 0.8561 -0.3180 -0.4075
vn 0.4311 -0.3312 -0.8393
vn 0.8562 -0.3178 -0.4073
vn 0.9803 0.1331 0.1458
vn 0.7027 0.2117 0.6793
vn 0.9802 0.1338 0.1461
vn 0.7029 0.2111 0.6792
vn 0.1628 0.2825 0.9454
vn 0.1630 0.2821 0.9454
vn -0.4334 0.3191 0.8428
vn -0.8584 0.3075 0.4106
vn -0.4334 0.3190 0.8429
vn -0.9496 0.2521 -0.1861
vn -0.8583 0.3078 0.4107
vn -0.6723 0.1741 -0.7195
vn -0.9495 0.2527 -0.1859
vn -0.1323 0.1034 -0.9858
vn -0.6724 0.1748 -0.7193
vn 0.4641 0.0667 -0.8833
vn -0.1325 0.1038 -0.9857
vn 0.8892 0.0784 -0.4508
vn 0.4641 0.0669 -0.8832
vn 0.8891 0.0780 -0.4509
vn 0.9498 -0.2513 0.1863
vn 0.6724 -0.1752 0.7191
vn 0.9499 -0.2516 0.1856
vn 0.6719 -0.1749 0.7197
vn 0.1323 -0.1057 0.9856
vn 0.1318 -0.1055 0.9856
vn -0.4641 -0.0695 0.8831
vn -0.8888 -0.0804 0.4512
vn -0.4641 -0.0694 0.8830
vn -0.9802 -0.1343 -0.1454
vn -0.8890 -0.0805 0.4508
vn -0.7031 -0.2106 -0.6792
vn -0.9801 -0.1346 -0.1461
vn -0.1630 -0.2802 -0.9460
vn -0.7026 -0.2109 -0.6796
vn 0.4339 -0.3165 -0.8436
vn -0.1625 -0.2804 -0.9460
vn 0.8588 -0.3055 -0.4113
vn 0.4339 -0.3165 -0.8435
vn 0.8590 -0.3054 -0.4110
vn 0.7024 0.2106 0.6799
vn 0.9797 0.1353 0.1478
vn 0.9799 0.1356 0.1462
vn 0.1621 0.2790 0.9465
vn 0.7012 0.2104 0.6812
vn -0.4343 0.3145 0.8441
vn 0.1611 0.2788 0.9468
vn -0.8588 0.3036 0.4126
vn -0.4345 0.3144 0.8441
vn -0.8591 0.3038 0.4118
vn -0.9505 0.2506 -0.1837
vn -0.9501 0.2509 -0.1852
vn -0.6737 0.1756 -0.7178
vn -0.6725 0.1759 -0.7189
vn -0.1334 0.1072 -0.9852
vn -0.1323 0.1074 -0.9854
vn 0.4639 0.0715 -0.8830
vn 0.8888 0.0825 -0.4507
vn 0.4640 0.0717 -0.8829
vn 0.8892 0.0823 -0.4500
vn 0.9511 -0.2475 0.1849
vn 0.6732 -0.1777 0.7178
vn 0.9512 -0.2482 0.1836
vn 0.6724 -0.1769 0.7188
vn 0.1327 -0.1131 0.9847
vn 0.1318 -0.1126 0.9849
vn -0.4638 -0.0792 0.8824
vn -0.8882 -0.0887 0.4508
vn -0.4639 -0.0790 0.8824
vn -0.9796 -0.1381 -0.1460
vn -0.8885 -0.0891 0.4501
vn -0.7024 -0.2086 -0.6805
vn -0.9793 -0.1388 -0.1472
vn -0.1618 -0.2732 -0.9482
vn -0.7013 -0.2094 -0.6814
vn 0.4355 -0.3072 -0.8461
vn -0.1608 -0.2737 -0.9483
vn 0.8603 -0.2977 -0.4138
vn 0.4356 -0.3074 -0.8460
vn 0.8608 -0.2973 -0.4131
vn 0.9788 0.1412 0.1482
vn 0.7007 0.2078 0.6825
vn 0.9788 0.1414 0.1480
vn 0.7006 0.2077 0.6827
vn 0.1600 0.2688 0.9498
vn 0.1599 0.2687 0.9499
vn -0.4368 0.3009 0.8477
vn -0.8616 0.2919 0.4153
vn -0.4368 0.3009 0.8478
vn -0.9522 0.2453 -0.1823
vn -0.8616 0.2920 0.4152
vn -0.6740 0.1788 -0.7168
vn -0.9521 0.2454 -0.1825
vn -0.1332 0.1179 -0.9840
vn -0.6738 0.1790 -0.7169
vn 0.4635 0.0858 -0.8819
vn -0.1331 0.1180 -0.9841
vn 0.8882 0.0948 -0.4495
vn 0.4635 0.0859 -0.8819
vn 0.8883 0.0947 -0.4494
vn 0.6740 -0.1788 0.7167
vn 0.9519 -0.2459 0.1828
vn 0.9519 -0.2464 0.1823
vn 0.1334 -0.1168 0.9842
vn 0.6738 -0.1783 0.7171
vn -0.4635 -0.0840 0.8821
vn 0.1331 -0.1164 0.9842
vn -0.8884 -0.0930 0.4496
vn -0.4636 -0.0839 0.8821
vn -0.8885 -0.0932 0.4494
vn -0.9790 -0.1403 -0.1479
vn -0.9789 -0.1408 -0.1483
vn -0.7009 -0.2078 -0.6823
vn -0.7005 -0.2084 -0.6826
vn -0.1603 -0.2699 -0.9495
vn -0.1599 -0.2703 -0.9494
vn 0.4365 -0.3026 -0.8473
vn 0.8611 -0.2937 -0.4150
vn 0.4365 -0.3028 -0.8472
vn 0.8613 -0.2934 -0.4148
vn 0.9777 0.1469 0.1499
vn 0.6989 0.2059 0.6849
vn 0.9776 0.1476 0.1498
vn 0.6990 0.2052 0.6851
vn 0.1578 0.2595 0.9528
vn 0.1578 0.2591 0.9529
vn -0.4391 0.2881 0.8510
vn -0.8639 0.2805 0.4184
vn -0.4392 0.2879 0.8510
vn -0.9541 0.2397 -0.1797
vn -0.8638 0.2808 0.4183
vn -0.6753 0.1814 -0.7148
vn -0.9539 0.2403 -0.1797
vn -0.1342 0.1278 -0.9827
vn -0.6752 0.1820 -0.7148
vn 0.4628 0.0992 -0.8809
vn -0.1341 0.1282 -0.9826
vn 0.8875 0.1069 -0.4482
vn 0.4628 0.0995 -0.8808
vn 0.8876 0.1065 -0.4482
vn 0.9541 -0.2395 0.1799
vn 0.6754 -0.1820 0.7147
vn 0.9541 -0.2397 0.1794
vn 0.6750 -0.1818 0.7150
vn 0.1341 -0.1288 0.9826
vn 0.1338 -0.1287 0.9826
vn -0.4628 -0.1004 0.8807
vn -0.8873 -0.1076 0.4484
vn -0.4629 -0.1004 0.8807
vn -0.9777 -0.1476 -0.1495
vn -0.8874 -0.1077 0.4482
vn -0.6992 -0.2052 -0.6849
vn -0.9776 -0.1478 -0.1500
vn -0.1579 -0.2585 -0.9530
vn -0.6988 -0.2054 -0.6852
vn 0.4393 -0.2869 -0.8513
vn -0.1575 -0.2586 -0.9531
vn 0.8640 -0.2797 -0.4187
vn 0.4394 -0.2869 -0.8512
vn 0.8641 -0.2796 -0.4185
vn 0.6985 0.2053 0.6855
vn 0.9771 0.1486 0.1520
vn 0.9774 0.1490 0.1501
vn 0.1572 0.2572 0.9535
vn 0.6972 0.2049 0.6870
vn -0.4398 0.2848 0.8517
vn 0.1558 0.2569 0.9538
vn -0.8640 0.2776 0.4201
vn -0.4401 0.2846 0.8517
vn -0.8643 0.2779 0.4192
vn -0.9548 0.2385 -0.1773
vn -0.9544 0.2389 -0.1791
vn -0.6770 0.1823 -0.7131
vn -0.6755 0.1827 -0.7144
vn -0.1356 0.1303 -0.9822
vn -0.1341 0.1306 -0.9823
vn 0.4625 0.1025 -0.8807
vn 0.8872 0.1098 -0.4481
vn 0.4627 0.1027 -0.8805
vn 0.8877 0.1095 -0.4472
vn 0.9556 -0.2342 0.1788
vn 0.6766 -0.1845 0.7129
vn 0.9557 -0.2350 0.1771
vn 0.6754 -0.1836 0.7143
vn 0.1349 -0.1376 0.9813
vn 0.1337 -0.1370 0.9815
vn -0.4622 -0.1122 0.8797
vn -0.8863 -0.1179 0.4479
vn -0.4624 -0.1120 0.8796
vn -0.9769 -0.1527 -0.1498
vn -0.8866 -0.1183 0.4471
vn -0.6986 -0.2031 -0.6860
vn -0.9765 -0.1534 -0.1515
vn -0.1569 -0.2501 -0.9554
vn -0.6972 -0.2040 -0.6872
vn 0.4412 -0.2755 -0.8541
vn -0.1556 -0.2507 -0.9555
vn 0.8658 -0.2697 -0.4214
vn 0.4414 -0.2757 -0.8539
vn 0.8663 -0.2694 -0.4206
vn 0.9761 0.1553 0.1522
vn 0.6968 0.2029 0.6880
vn 0.9761 0.1554 0.1520
vn 0.6967 0.2028 0.6881
vn 0.1551 0.2470 0.9565
vn 0.1550 0.2470 0.9565
vn -0.4422 0.2709 0.8550
vn -0.8667 0.2653 0.4223
vn -0.4422 0.2709 0.8551
vn -0.9565 0.2325 -0.1763
vn -0.8668 0.2654 0.4223
vn -0.6771 0.1850 -0.7122
vn -0.9564 0.2326 -0.1764
vn -0.1354 0.1408 -0.9807
vn -0.6770 0.1851 -0.7123
vn 0.4618 0.1170 -0.8792
vn -0.1353 0.1409 -0.9807
vn 0.8863 0.1226 -0.4466
vn 0.8864 0.1225 -0.4465
vn 0.6773 -0.1850 0.7121
vn 0.9562 -0.2332 0.1768
vn 0.9562 -0.2338 0.1762
vn 0.1357 -0.1397 0.9809
vn 0.6769 -0.1844 0.7126
vn -0.4618 -0.1151 0.8795
vn 0.1353 -0.1392 0.9810
vn -0.8865 -0.1206 0.4467
vn -0.4619 -0.1149 0.8795
vn -0.8866 -0.1209 0.4464
vn -0.9763 -0.1541 -0.1519
vn -0.9761 -0.1547 -0.1524
vn -0.6971 -0.2028 -0.6877
vn -0.6965 -0.2035 -0.6881
vn -0.1554 -0.2482 -0.9562
vn -0.1549 -0.2486 -0.9561
vn 0.4418 -0.2727 -0.8546
vn 0.8663 -0.2673 -0.4221
vn 0.4419 -0.2730 -0.8545
vn 0.8665 -0.2670 -0.4218
vn 0.9745 0.1628 0.1544
vn 0.6949 0.2010 0.6904
vn 0.9745 0.1634 0.1540
vn 0.6947 0.2003 0.6909
vn 0.1529 0.2360 0.9597
vn 0.1525 0.2355 0.9598
vn -0.4448 0.2551 0.8586
vn -0.8694 0.2508 0.4257
vn -0.4449 0.2549 0.8586
vn -0.9588 0.2249 -0.1733
vn -0.8694 0.2511 0.4255
vn -0.6791 0.1873 -0.7098
vn -0.9586 0.2255 -0.1737
vn -0.1370 0.1524 -0.9788
vn -0.6786 0.1880 -0.7100
vn 0.4605 0.1334 -0.8776
vn -0.1366 0.1529 -0.9788
vn 0.8850 0.1377 -0.4448
vn 0.4606 0.1336 -0.8775
vn 0.8851 0.1373 -0.4446
vn 0.9587 -0.2254 0.1736
vn 0.6789 -0.1876 0.7099
vn 0.9587 -0.2255 0.1734
vn 0.6788 -0.1875 0.7100
vn 0.1368 -0.1522 0.9788
vn 0.1366 -0.1521 0.9789
vn -0.4606 -0.1328 0.8776
vn -0.8851 -0.1369 0.4449
vn -0.4607 -0.1328 0.8776
vn -0.9746 -0.1628 -0.1540
vn -0.8851 -0.1369 0.4448
vn -0.6949 -0.2007 -0.6905
vn -0.9745 -0.1629 -0.1542
vn -0.1528 -0.2361 -0.9596
vn -0.6947 -0.2008 -0.6907
vn 0.4448 -0.2555 -0.8584
vn -0.1526 -0.2362 -0.9597
vn 0.8693 -0.2514 -0.4256
vn 0.8693 -0.2514 -0.4255
vn 0.6944 0.2008 0.6910
vn 0.9740 0.1639 0.1566
vn 0.9742 0.1644 0.1544
vn 0.1522 0.2348 0.9601
vn 0.6927 0.2003 0.6928
vn -0.4452 0.2532 0.8589
vn 0.1504 0.2343 0.9604
vn -0.8692 0.2491 0.4271
vn -0.4456 0.2530 0.8587
vn -0.8696 0.2494 0.4262
vn -0.9595 0.2241 -0.1708
vn -0.9590 0.2246 -0.1730
vn -0.6810 0.1877 -0.7079
vn -0.6791 0.1883 -0.7095
vn -0.1387 0.1537 -0.9783
vn -0.1368 0.1541 -0.9785
vn 0.4601 0.1351 -0.8775
vn 0.8848 0.1393 -0.4447
vn 0.4605 0.1354 -0.8773
vn 0.8853 0.1390 -0.4437
vn 0.9605 -0.2183 0.1729
vn 0.6806 -0.1900 0.7076
vn 0.9607 -0.2190 0.1707
vn 0.6790 -0.1891 0.7094
vn 0.1382 -0.1626 0.9770
vn 0.1364 -0.1620 0.9773
vn -0.4594 -0.1473 0.8759
vn -0.8833 -0.1500 0.4441
vn -0.4598 -0.1471 0.8757
vn -0.9734 -0.1696 -0.1541
vn -0.8837 -0.1503 0.4432
vn -0.6946 -0.1986 -0.6914
vn -0.9729 -0.1703 -0.1562
vn -0.1521 -0.2260 -0.9622
vn -0.6928 -0.1994 -0.6930
vn 0.4468 -0.2413 -0.8615
vn -0.1503 -0.2266 -0.9623
vn 0.8714 -0.2386 -0.4286
vn 0.4472 -0.2415 -0.8612
vn 0.8720 -0.2383 -0.4276
vn 0.6925 0.1988 0.6935
vn 0.9727 0.1713 0.1567
vn 0.9727 0.1714 0.1565
vn 0.1501 0.2245 0.9629
vn 0.6924 0.1987 0.6936
vn -0.4475 0.2387 0.8618
vn 0.1499 0.2244 0.9629
vn -0.8719 0.2359 0.4291
vn -0.8719 0.2360 0.4290
vn -0.9611 0.2173 -0.1702
vn -0.9611 0.2174 -0.1704
vn -0.6811 0.1899 -0.7072
vn -0.6809 0.1900 -0.7073
vn -0.1386 0.1642 -0.9766
vn -0.1385 0.1643 -0.9766
vn 0.4591 0.1500 -0.8756
vn 0.8835 0.1528 -0.4428
vn 0.4591 0.1501 -0.8756
vn 0.8836 0.1527 -0.4427
vn 0.6811 -0.1902 0.7070
vn 0.9610 -0.2176 0.1706
vn 0.9609 -0.2183 0.1701
vn 0.1388 -0.1638 0.9767
vn 0.6809 -0.1894 0.7075
vn -0.4590 -0.1491 0.8758
vn 0.1384 -0.1632 0.9768
vn -0.8837 -0.1516 0.4429
vn -0.4591 -0.1489 0.8758
vn -0.8837 -0.1519 0.4426
vn -0.9729 -0.1705 -0.1564
vn -0.9727 -0.1711 -0.1569
vn -0.6928 -0.1985 -0.6933
vn -0.6923 -0.1992 -0.6936
vn -0.1503 -0.2249 -0.9627
vn -0.1499 -0.2255 -0.9626
vn 0.4473 -0.2397 -0.8617
vn 0.8717 -0.2372 -0.4289
vn 0.4474 -0.2400 -0.8616
vn 0.8719 -0.2369 -0.4287
vn 0.9705 0.1808 0.1594
vn 0.6905 0.1971 0.6960
vn 0.9705 0.1814 0.1587
vn 0.6901 0.1964 0.6966
vn 0.1479 0.2118 0.9661
vn 0.1473 0.2113 0.9662
vn -0.4502 0.2200 0.8654
vn -0.8748 0.2184 0.4324
vn -0.4503 0.2198 0.8654
vn -0.9638 0.2076 -0.1671
vn -0.8749 0.2186 0.4321
vn -0.6834 0.1919 -0.7043
vn -0.9636 0.2082 -0.1677
vn -0.1407 0.1772 -0.9741
vn -0.6828 0.1926 -0.7048
vn 0.4570 0.1691 -0.8732
vn -0.1402 0.1777 -0.9741
vn 0.8814 0.1707 -0.4405
vn 0.4572 0.1693 -0.8731
vn 0.8816 0.1704 -0.4402
vn 0.6831 -0.1920 0.7046
vn 0.9635 -0.2090 0.1675
vn 0.9635 -0.2091 0.1674
vn 0.1405 -0.1759 0.9743
vn 0.6831 -0.1919 0.7047
vn -0.4573 -0.1669 0.8735
vn 0.1404 -0.1758 0.9744
vn -0.8818 -0.1684 0.4406
vn -0.8818 -0.1685 0.4405
vn -0.9708 -0.1799 -0.1589
vn -0.9707 -0.1800 -0.1591
vn -0.6904 -0.1969 -0.6961
vn -0.6902 -0.1971 -0.6962
vn -0.1477 -0.2130 -0.9658
vn -0.1475 -0.2131 -0.9658
vn 0.4501 -0.2220 -0.8650
vn 0.8745 -0.2205 -0.4321
vn 0.4501 -0.2221 -0.8649
vn 0.8745 -0.2205 -0.4320
vn 0.6896 0.1969 0.6969
vn 0.9698 0.1826 0.1615
vn 0.9700 0.1833 0.1596
vn 0.1468 0.2096 0.9667
vn 0.6881 0.1962 0.6986
vn -0.4510 0.2166 0.8659
vn 0.1452 0.2090 0.9671
vn -0.8749 0.2151 0.4339
vn -0.4514 0.2163 0.8657
vn -0.8752 0.2154 0.4331
vn -0.9646 0.2058 -0.1647
vn -0.9642 0.2064 -0.1665
vn -0.6853 0.1922 -0.7024
vn -0.6837 0.1929 -0.7038
vn -0.1425 0.1795 -0.9734
vn -0.1409 0.1800 -0.9735
vn 0.4564 0.1725 -0.8729
vn 0.8810 0.1740 -0.4400
vn 0.4568 0.1727 -0.8726
vn 0.8815 0.1737 -0.4392
vn 0.9655 -0.2003 0.1667
vn 0.6852 -0.1939 0.7021
vn 0.9657 -0.2008 0.1647
vn 0.6836 -0.1932 0.7038
vn 0.1423 -0.1872 0.9720
vn 0.1406 -0.1867 0.9723
vn -0.4555 -0.1834 0.8712
vn -0.8794 -0.1837 0.4392
vn -0.4559 -0.1831 0.8710
vn -0.9691 -0.1882 -0.1594
vn -0.8798 -0.1840 0.4384
vn -0.6898 -0.1952 -0.6972
vn -0.9687 -0.1888 -0.1613
vn -0.1470 -0.2019 -0.9683
vn -0.6881 -0.1959 -0.6987
vn 0.4520 -0.2057 -0.8679
vn -0.1452 -0.2024 -0.9685
vn 0.8767 -0.2054 -0.4349
vn 0.4525 -0.2059 -0.8677
vn 0.8772 -0.2051 -0.4341
vn 0.6879 0.1954 0.6990
vn 0.9684 0.1898 0.1620
vn 0.9684 0.1898 0.1617
vn 0.1450 0.2006 0.9689
vn 0.6876 0.1953 0.6994
vn -0.4528 0.2035 0.8681
vn 0.1447 0.2005 0.9690
vn -0.8771 0.2030 0.4354
vn -0.4528 0.2034 0.8681
vn -0.8771 0.2030 0.4352
vn -0.9661 0.1993 -0.1641
vn -0.9660 0.1994 -0.1645
vn -0.6858 0.1938 -0.7015
vn -0.6855 0.1939 -0.7018
vn -0.1429 0.1885 -0.9716
vn -0.1426 0.1886 -0.9716
vn 0.4551 0.1856 -0.8709
vn 0.8795 0.1861 -0.4380
vn 0.4551 0.1857 -0.8708
vn 0.8796 0.1861 -0.4378
vn 0.9663 -0.1982 0.1645
vn 0.6857 -0.1940 0.7015
vn 0.9663 -0.1983 0.1641
vn 0.6855 -0.1939 0.7018
vn 0.1429 -0.1899 0.9713
vn 0.1426 -0.1898 0.9714
vn -0.4549 -0.1876 0.8706
vn -0.8792 -0.1879 0.4378
vn -0.4550 -0.1876 0.8705
vn -0.9682 -0.1908 -0.1617
vn -0.8793 -0.1880 0.4377
vn -0.6879 -0.1951 -0.6991
vn -0.9682 -0.1909 -0.1620
vn -0.1450 -0.1992 -0.9692
vn -0.6876 -0.1952 -0.6994
vn 0.4530 -0.2015 -0.8685
vn -0.1447 -0.1993 -0.9692
vn 0.8774 -0.2012 -0.4355
vn 0.4530 -0.2016 -0.8684
vn 0.8775 -0.2012 -0.4354
vt 0.000000 0.000000
s 1
usemtl m0
f 1/1/1 3/1/1 2/1/1
f 1/1/1 4/1/1 3/1/1
f 1/1/1 5/1/1 4/1/1
f 1/1/1 6/1/1 5/1/1
f 1/1/1 7/1/1 6/1/1
f 1/1/1 8/1/1 7/1/1
f 1/1/1 9/1/1 8/1/1
f 1/1/1 10/1/1 9/1/1
f 1/1/1 11/1/1 10/1/1
f 1/1/1 12/1/1 11/1/1
f 1/1/1 13/1/1 12/1/1
f 1/1/1 2/1/1 13/1/1
f 250/1/3 252/1/3 251/1/3
f 250/1/3 253/1/3 252/1/3
f 250/1/3 254/1/3 253/1/3
f 250/1/3 255/1/3 254/1/3
f 250/1/3 256/1/3 255/1/3
f 250/1/3 257/1/3 256/1/3
f 250/1/3 258/1/3 257/1/3
f 250/1/3 259/1/3 258/1/3
f 250/1/3 260/1/3 259/1/3
f 250/1/3 261/1/3 260/1/3
f 250/1/3 262/1/3 261/1/3
f 250/1/3 251/1/3 262/1/3
usemtl m1
f 15/1/2 26/1/3 14/1/3
f 16/1/4 27/1/2 15/1/2
f 17/1/5 28/1/4 16/1/4
f 18/1/6 29/1/5 17/1/5
f 19/1/7 30/1/6 18/1/6
f 20/1/8 31/1/7 19/1/7
f 21/1/9 32/1/8 20/1/8
f 22/1/10 33/1/9 21/1/9
f 23/1/11 34/1/10 22/1/10
f 24/1/12 35/1/11 23/1/11
f 25/1/13 36/1/12 24/1/12
f 14/1/3 37/1/13 25/1/13
s 0
f 38/1/1 51/1/1 50/1/1
f 40/1/1 51/1/1 39/1/1
f 40/1/1 53/1/1 52/1/1
f 42/1/1 53/1/1 41/1/1
f 42/1/1 55/1/1 54/1/1
f 44/1/1 55/1/1 43/1/1
f 44/1/1 57/1/1 56/1/1
f 46/1/1 57/1/1 45/1/1
f 46/1/1 59/1/1 58/1/1
f 48/1/1 59/1/1 47/1/1
f 48/1/1 61/1/1 60/1/1
f 38/1/1 61/1/1 49/1/1
f 50/1/14 63/1/14 62/1/14
f 52/1/14 63/1/14 51/1/14
f 52/1/15 65/1/15 64/1/15
f 54/1/15 65/1/15 53/1/15
f 54/1/16 67/1/16 66/1/16
f 56/1/16 67/1/16 55/1/16
f 56/1/17 69/1/17 68/1/17
f 58/1/17 69/1/17 57/1/17
f 58/1/18 71/1/18 70/1/18
f 60/1/18 71/1/18 59/1/18
f 60/1/19 73/1/19 72/1/19
f 50/1/19 73/1/19 61/1/19
f 63/1/9 74/1/9 62/1/9
f 64/1/9 75/1/9 63/1/9
f 65/1/11 76/1/11 64/1/11
f 66/1/11 77/1/11 65/1/11
f 67/1/13 78/1/13 66/1/13
f 68/1/13 79/1/13 67/1/13
f 69/1/2 80/1/2 68/1/2
f 70/1/2 81/1/2 69/1/2
f 71/1/5 82/1/5 70/1/5
f 72/1/5 83/1/5 71/1/5
f 73/1/7 84/1/7 72/1/7
f 62/1/7 85/1/7 73/1/7
f 75/1/20 86/1/20 74/1/20
f 75/1/20 88/1/20 87/1/20
f 77/1/21 88/1/21 76/1/21
f 77/1/21 90/1/21 89/1/21
f 79/1/22 90/1/22 78/1/22
f 79/1/22 92/1/22 91/1/22
f 81/1/23 92/1/23 80/1/23
f 81/1/23 94/1/23 93/1/23
f 83/1/24 94/1/24 82/1/24
f 83/1/24 96/1/24 95/1/24
f 85/1/25 96/1/25 84/1/25
f 85/1/25 86/1/25 97/1/25
f 87/1/26 98/1/26 86/1/26
f 87/1/26 100/1/26 99/1/26
f 89/1/26 100/1/26 88/1/26
f 89/1/26 102/1/26 101/1/26
f 91/1/26 102/1/26 90/1/26
f 91/1/26 104/1/26 103/1/26
f 93/1/26 104/1/26 92/1/26
f 93/1/26 106/1/26 105/1/26
f 95/1/26 106/1/26 94/1/26
f 95/1/26 108/1/26 107/1/26
f 97/1/26 108/1/26 96/1/26
f 97/1/26 98/1/26 109/1/26
s 1
f 111/1/27 124/1/8 110/1/8
f 112/1/28 125/1/27 111/1/27
f 113/1/29 126/1/28 112/1/28
f 114/1/30 127/1/29 113/1/29
f 115/1/31 128/1/30 114/1/30
f 116/1/32 129/1/31 115/1/31
f 117/1/3 130/1/32 116/1/32
f 118/1/33 131/1/3 117/1/3
f 119/1/34 132/1/33 118/1/33
f 120/1/35 133/1/34 119/1/34
f 121/1/36 134/1/35 120/1/35
f 122/1/37 135/1/36 121/1/36
f 123/1/38 136/1/37 122/1/37
f 110/1/8 137/1/38 123/1/38
f 125/1/39 138/1/40 124/1/40
f 125/1/39 140/1/41 139/1/39
f 127/1/42 140/1/41 126/1/41
f 128/1/43 141/1/42 127/1/42
f 129/1/44 142/1/43 128/1/43
f 130/1/45 143/1/44 129/1/44
f 131/1/46 144/1/45 130/1/45
f 132/1/47 145/1/46 131/1/46
f 132/1/47 147/1/48 146/1/47
f 134/1/49 147/1/48 133/1/48
f 135/1/50 148/1/49 134/1/49
f 136/1/51 149/1/50 135/1/50
f 137/1/52 150/1/51 136/1/51
f 124/1/40 151/1/52 137/1/52
f 139/1/27 152/1/8 138/1/8
f 140/1/28 153/1/27 139/1/27
f 141/1/29 154/1/28 140/1/28
f 142/1/30 155/1/29 141/1/29
f 143/1/31 156/1/30 142/1/30
f 144/1/32 157/1/31 143/1/31
f 145/1/3 158/1/32 144/1/32
f 146/1/33 159/1/3 145/1/3
f 147/1/34 160/1/33 146/1/33
f 148/1/35 161/1/34 147/1/34
f 149/1/36 162/1/35 148/1/35
f 150/1/37 163/1/36 149/1/36
f 151/1/38 164/1/37 150/1/37
f 138/1/8 165/1/38 151/1/38
f 153/1/53 166/1/54 152/1/54
f 153/1/53 168/1/55 167/1/53
f 155/1/56 168/1/55 154/1/55
f 156/1/57 169/1/56 155/1/56
f 156/1/57 171/1/58 170/1/57
f 158/1/59 171/1/58 157/1/58
f 159/1/60 172/1/59 158/1/59
f 160/1/61 173/1/60 159/1/60
f 160/1/61 175/1/62 174/1/61
f 162/1/63 175/1/62 161/1/62
f 163/1/64 176/1/63 162/1/63
f 163/1/64 178/1/65 177/1/64
f 165/1/66 178/1/65 164/1/65
f 152/1/54 179/1/66 165/1/66
f 167/1/27 180/1/8 166/1/8
f 168/1/28 181/1/27 167/1/27
f 169/1/29 182/1/28 168/1/28
f 170/1/30 183/1/29 169/1/29
f 171/1/31 184/1/30 170/1/30
f 172/1/32 185/1/31 171/1/31
f 173/1/3 186/1/32 172/1/32
f 174/1/33 187/1/3 173/1/3
f 175/1/34 188/1/33 174/1/33
f 176/1/35 189/1/34 175/1/34
f 177/1/36 190/1/35 176/1/35
f 178/1/37 191/1/36 177/1/36
f 179/1/38 192/1/37 178/1/37
f 166/1/8 193/1/38 179/1/38
f 180/1/67 195/1/68 194/1/67
f 181/1/68 196/1/69 195/1/68
f 182/1/69 197/1/70 196/1/69
f 184/1/71 197/1/70 183/1/70
f 185/1/72 198/1/71 184/1/71
f 185/1/72 200/1/73 199/1/72
f 187/1/74 200/1/73 186/1/73
f 187/1/74 202/1/75 201/1/74
f 188/1/75 203/1/76 202/1/75
f 189/1/76 204/1/77 203/1/76
f 191/1/78 204/1/77 190/1/77
f 192/1/79 205/1/78 191/1/78
f 192/1/79 207/1/80 206/1/79
f 180/1/67 207/1/80 193/1/80
f 195/1/27 208/1/8 194/1/8
f 196/1/28 209/1/27 195/1/27
f 197/1/29 210/1/28 196/1/28
f 198/1/30 211/1/29 197/1/29
f 199/1/31 212/1/30 198/1/30
f 200/1/32 213/1/31 199/1/31
f 201/1/3 214/1/32 200/1/32
f 202/1/33 215/1/3 201/1/3
f 203/1/34 216/1/33 202/1/33
f 204/1/35 217/1/34 203/1/34
f 205/1/36 218/1/35 204/1/35
f 206/1/37 219/1/36 205/1/36
f 207/1/38 220/1/37 206/1/37
f 194/1/8 221/1/38 207/1/38
f 209/1/81 222/1/82 208/1/82
f 209/1/81 224/1/83 223/1/81
f 210/1/84 225/1/85 224/1/83
f 212/1/86 225/1/85 211/1/85
f 213/1/87 226/1/86 212/1/86
f 214/1/88 227/1/89 213/1/87
f 215/1/90 228/1/88 214/1/88
f 216/1/91 229/1/90 215/1/90
f 216/1/91 231/1/92 230/1/91
f 217/1/93 232/1/94 231/1/92
f 219/1/95 232/1/94 218/1/94
f 220/1/96 233/1/95 219/1/95
f 221/1/97 234/1/98 220/1/96
f 208/1/82 235/1/97 221/1/97
f 222/1/26 237/1/26 236/1/26
f 223/1/26 238/1/26 237/1/26
f 224/1/26 239/1/26 238/1/26
f 226/1/26 239/1/26 225/1/26
f 227/1/26 240/1/26 226/1/26
f 228/1/26 241/1/26 227/1/26
f 229/1/26 242/1/26 228/1/26
f 229/1/26 244/1/26 243/1/26
f 230/1/26 245/1/26 244/1/26
f 231/1/26 246/1/26 245/1/26
f 233/1/26 246/1/26 232/1/26
f 234/1/26 247/1/26 233/1/26
f 235/1/26 248/1/26 234/1/26
f 222/1/26 249/1/26 235/1/26
f 264/1/99 275/1/11 263/1/11
f 265/1/100 276/1/99 264/1/99
f 266/1/26 277/1/100 265/1/100
f 267/1/101 278/1/26 266/1/26
f 268/1/102 279/1/101 267/1/101
f 269/1/5 280/1/102 268/1/102
f 270/1/103 281/1/5 269/1/5
f 271/1/104 282/1/103 270/1/103
f 272/1/1 283/1/104 271/1/104
f 273/1/105 284/1/1 272/1/1
f 274/1/106 285/1/105 273/1/105
f 263/1/11 286/1/106 274/1/106
s 0
f 287/1/3 300/1/3 299/1/3
f 289/1/3 300/1/3 288/1/3
f 289/1/3 302/1/3 301/1/3
f 291/1/3 302/1/3 290/1/3
f 291/1/3 304/1/3 303/1/3
f 293/1/3 304/1/3 292/1/3
f 293/1/3 306/1/3 305/1/3
f 295/1/3 306/1/3 294/1/3
f 295/1/3 308/1/3 307/1/3
f 297/1/3 308/1/3 296/1/3
f 297/1/3 310/1/3 309/1/3
f 287/1/3 310/1/3 298/1/3
f 299/1/107 312/1/107 311/1/107
f 301/1/107 312/1/107 300/1/107
f 301/1/108 314/1/108 313/1/108
f 303/1/108 314/1/108 302/1/108
f 303/1/109 316/1/109 315/1/109
f 305/1/109 316/1/109 304/1/109
f 305/1/110 318/1/110 317/1/110
f 307/1/110 318/1/110 306/1/110
f 307/1/111 320/1/111 319/1/111
f 309/1/111 320/1/111 308/1/111
f 309/1/112 322/1/112 321/1/112
f 299/1/112 322/1/112 310/1/112
f 312/1/103 323/1/103 311/1/103
f 313/1/103 324/1/103 312/1/103
f 314/1/1 325/1/1 313/1/1
f 315/1/1 326/1/1 314/1/1
f 316/1/106 327/1/106 315/1/106
f 317/1/106 328/1/106 316/1/106
f 318/1/99 329/1/99 317/1/99
f 319/1/99 330/1/99 318/1/99
f 320/1/26 331/1/26 319/1/26
f 321/1/26 332/1/26 320/1/26
f 322/1/102 333/1/102 321/1/102
f 311/1/102 334/1/102 322/1/102
f 324/1/113 335/1/113 323/1/113
f 324/1/113 337/1/113 336/1/113
f 326/1/114 337/1/114 325/1/114
f 326/1/114 339/1/114 338/1/114
f 328/1/115 339/1/115 327/1/115
f 328/1/115 341/1/115 340/1/115
f 330/1/116 341/1/116 329/1/116
f 330/1/116 343/1/116 342/1/116
f 332/1/117 343/1/117 331/1/117
f 332/1/117 345/1/117 344/1/117
f 334/1/118 345/1/118 333/1/118
f 334/1/118 335/1/118 346/1/118
f 336/1/8 347/1/8 335/1/8
f 336/1/119 349/1/119 348/1/119
f 338/1/8 349/1/8 337/1/8
f 338/1/8 351/1/8 350/1/8
f 340/1/8 351/1/8 339/1/8
f 340/1/8 353/1/8 352/1/8
f 342/1/8 353/1/8 341/1/8
f 342/1/120 355/1/120 354/1/120
f 344/1/8 355/1/8 343/1/8
f 344/1/8 357/1/8 356/1/8
f 346/1/8 357/1/8 345/1/8
f 346/1/8 347/1/8 358/1/8
s 1
f 360/1/121 373/1/5 359/1/5
f 361/1/122 374/1/121 360/1/121
f 362/1/123 375/1/122 361/1/122
f 363/1/124 376/1/123 362/1/123
f 364/1/125 377/1/124 363/1/124
f 365/1/126 378/1/125 364/1/125
f 366/1/11 379/1/126 365/1/126
f 367/1/127 380/1/11 366/1/11
f 368/1/128 381/1/127 367/1/127
f 369/1/129 382/1/128 368/1/128
f 370/1/130 383/1/129 369/1/129
f 371/1/131 384/1/130 370/1/130
f 372/1/132 385/1/131 371/1/131
f 359/1/5 386/1/132 372/1/132
f 374/1/133 387/1/134 373/1/134
f 375/1/135 388/1/133 374/1/133
f 375/1/135 390/1/136 389/1/135
f 377/1/137 390/1/136 376/1/136
f 378/1/138 391/1/137 377/1/137
f 379/1/139 392/1/138 378/1/138
f 380/1/140 393/1/139 379/1/139
f 381/1/141 394/1/140 380/1/140
f 381/1/141 396/1/142 395/1/141
f 382/1/142 397/1/143 396/1/142
f 384/1/144 397/1/143 383/1/143
f 385/1/145 398/1/144 384/1/144
f 386/1/146 399/1/145 385/1/145
f 373/1/134 400/1/146 386/1/146
f 388/1/121 401/1/5 387/1/5
f 389/1/122 402/1/121 388/1/121
f 390/1/123 403/1/122 389/1/122
f 391/1/124 404/1/123 390/1/123
f 392/1/125 405/1/124 391/1/124
f 393/1/126 406/1/125 392/1/125
f 394/1/11 407/1/126 393/1/126
f 395/1/127 408/1/11 394/1/11
f 396/1/128 409/1/127 395/1/127
f 397/1/129 410/1/128 396/1/128
f 398/1/130 411/1/129 397/1/129
f 399/1/131 412/1/130 398/1/130
f 400/1/132 413/1/131 399/1/131
f 387/1/5 414/1/132 400/1/132
f 401/1/147 416/1/148 415/1/147
f 403/1/149 416/1/148 402/1/148
f 404/1/150 417/1/149 403/1/149
f 405/1/151 418/1/150 404/1/150
f 405/1/151 420/1/152 419/1/151
f 407/1/153 420/1/152 406/1/152
f 408/1/154 421/1/155 407/1/153
f 409/1/156 422/1/154 408/1/154
f 410/1/157 423/1/156 409/1/156
f 411/1/158 424/1/157 410/1/157
f 412/1/159 425/1/158 411/1/158
f 413/1/160 426/1/159 412/1/159
f 413/1/160 428/1/161 427/1/160
f 414/1/161 415/1/147 428/1/161
f 416/1/121 429/1/5 415/1/5
f 417/1/122 430/1/121 416/1/121
f 418/1/123 431/1/122 417/1/122
f 419/1/124 432/1/123 418/1/123
f 420/1/125 433/1/124 419/1/124
f 421/1/126 434/1/125 420/1/125
f 422/1/11 435/1/126 421/1/126
f 423/1/127 436/1/11 422/1/11
f 424/1/128 437/1/127 423/1/127
f 425/1/129 438/1/128 424/1/128
f 426/1/130 439/1/129 425/1/129
f 427/1/131 440/1/130 426/1/130
f 428/1/132 441/1/131 427/1/131
f 415/1/5 442/1/132 428/1/132
f 430/1/162 443/1/163 429/1/163
f 430/1/162 445/1/164 444/1/162
f 431/1/164 446/1/165 445/1/164
f 433/1/166 446/1/165 432/1/167
f 434/1/168 447/1/169 433/1/166
f 434/1/168 449/1/170 448/1/168
f 436/1/171 449/1/170 435/1/170
f 437/1/172 450/1/171 436/1/171
f 438/1/173 451/1/172 437/1/172
f 438/1/173 453/1/174 452/1/173
f 440/1/175 453/1/174 439/1/176
f 441/1/177 454/1/178 440/1/175
f 442/1/179 455/1/177 441/1/177
f 429/1/163 456/1/179 442/1/179
f 444/1/121 457/1/5 443/1/5
f 445/1/122 458/1/121 444/1/121
f 446/1/123 459/1/122 445/1/122
f 447/1/124 460/1/123 446/1/123
f 448/1/125 461/1/124 447/1/124
f 449/1/126 462/1/125 448/1/125
f 450/1/11 463/1/126 449/1/126
f 451/1/127 464/1/11 450/1/11
f 452/1/128 465/1/127 451/1/127
f 453/1/129 466/1/128 452/1/128
f 454/1/130 467/1/129 453/1/129
f 455/1/131 468/1/130 454/1/130
f 456/1/132 469/1/131 455/1/131
f 443/1/5 470/1/132 456/1/132
f 457/1/180 472/1/181 471/1/182
f 459/1/183 472/1/181 458/1/181
f 460/1/184 473/1/183 459/1/183
f 461/1/185 474/1/184 460/1/184
f 462/1/186 475/1/185 461/1/185
f 462/1/186 477/1/187 476/1/188
f 464/1/189 477/1/187 463/1/187
f 464/1/189 479/1/190 478/1/191
f 465/1/192 480/1/193 479/1/190
f 467/1/194 480/1/193 466/1/193
f 468/1/195 481/1/194 467/1/194
f 469/1/196 482/1/195 468/1/195
f 470/1/197 483/1/196 469/1/196
f 457/1/180 484/1/197 470/1/197
f 472/1/8 485/1/8 471/1/8
f 473/1/8 486/1/8 472/1/8
f 474/1/8 487/1/8 473/1/8
f 475/1/8 488/1/8 474/1/8
f 476/1/8 489/1/8 475/1/8
f 476/1/8 491/1/8 490/1/8
f 477/1/8 492/1/8 491/1/8
f 479/1/8 492/1/8 478/1/8
f 480/1/8 493/1/8 479/1/8
f 481/1/8 494/1/8 480/1/8
f 482/1/8 495/1/8 481/1/8
f 483/1/8 496/1/8 482/1/8
f 483/1/8 498/1/8 497/1/8
f 484/1/8 485/1/8 498/1/8
f 15/1/2 27/1/2 26/1/3
f 16/1/4 28/1/4 27/1/2
f 17/1/5 29/1/5 28/1/4
f 18/1/6 30/1/6 29/1/5
f 19/1/7 31/1/7 30/1/6
f 20/1/8 32/1/8 31/1/7
f 21/1/9 33/1/9 32/1/8
f 22/1/10 34/1/10 33/1/9
f 23/1/11 35/1/11 34/1/10
f 24/1/12 36/1/12 35/1/11
f 25/1/13 37/1/13 36/1/12
f 14/1/3 26/1/3 37/1/13
s 0
f 38/1/1 39/1/1 51/1/1
f 40/1/1 52/1/1 51/1/1
f 40/1/1 41/1/1 53/1/1
f 42/1/1 54/1/1 53/1/1
f 42/1/1 43/1/1 55/1/1
f 44/1/1 56/1/1 55/1/1
f 44/1/1 45/1/1 57/1/1
f 46/1/1 58/1/1 57/1/1
f 46/1/1 47/1/1 59/1/1
f 48/1/1 60/1/1 59/1/1
f 48/1/1 49/1/1 61/1/1
f 38/1/1 50/1/1 61/1/1
f 50/1/14 51/1/14 63/1/14
f 52/1/14 64/1/14 63/1/14
f 52/1/15 53/1/15 65/1/15
f 54/1/15 66/1/15 65/1/15
f 54/1/16 55/1/16 67/1/16
f 56/1/16 68/1/16 67/1/16
f 56/1/17 57/1/17 69/1/17
f 58/1/17 70/1/17 69/1/17
f 58/1/18 59/1/18 71/1/18
f 60/1/18 72/1/18 71/1/18
f 60/1/19 61/1/19 73/1/19
f 50/1/19 62/1/19 73/1/19
f 63/1/9 75/1/9 74/1/9
f 64/1/9 76/1/9 75/1/9
f 65/1/11 77/1/11 76/1/11
f 66/1/11 78/1/11 77/1/11
f 67/1/13 79/1/13 78/1/13
f 68/1/13 80/1/13 79/1/13
f 69/1/2 81/1/2 80/1/2
f 70/1/2 82/1/2 81/1/2
f 71/1/5 83/1/5 82/1/5
f 72/1/5 84/1/5 83/1/5
f 73/1/7 85/1/7 84/1/7
f 62/1/7 74/1/7 85/1/7
f 75/1/20 87/1/20 86/1/20
f 75/1/20 76/1/20 88/1/20
f 77/1/21 89/1/21 88/1/21
f 77/1/21 78/1/21 90/1/21
f 79/1/22 91/1/22 90/1/22
f 79/1/22 80/1/22 92/1/22
f 81/1/23 93/1/23 92/1/23
f 81/1/23 82/1/23 94/1/23
f 83/1/24 95/1/24 94/1/24
f 83/1/24 84/1/24 96/1/24
f 85/1/25 97/1/25 96/1/25
f 85/1/25 74/1/25 86/1/25
f 87/1/26 99/1/26 98/1/26
f 87/1/26 88/1/26 100/1/26
f 89/1/26 101/1/26 100/1/26
f 89/1/26 90/1/26 102/1/26
f 91/1/26 103/1/26 102/1/26
f 91/1/26 92/1/26 104/1/26
f 93/1/26 105/1/26 104/1/26
f 93/1/26 94/1/26 106/1/26
f 95/1/26 107/1/26 106/1/26
f 95/1/26 96/1/26 108/1/26
f 97/1/26 109/1/26 108/1/26
f 97/1/26 86/1/26 98/1/26
s 1
f 111/1/27 125/1/27 124/1/8
f 112/1/28 126/1/28 125/1/27
f 113/1/29 127/1/29 126/1/28
f 114/1/30 128/1/30 127/1/29
f 115/1/31 129/1/31 128/1/30
f 116/1/32 130/1/32 129/1/31
f 117/1/3 131/1/3 130/1/32
f 118/1/33 132/1/33 131/1/3
f 119/1/34 133/1/34 132/1/33
f 120/1/35 134/1/35 133/1/34
f 121/1/36 135/1/36 134/1/35
f 122/1/37 136/1/37 135/1/36
f 123/1/38 137/1/38 136/1/37
f 110/1/8 124/1/8 137/1/38
f 125/1/39 139/1/39 138/1/40
f 125/1/39 126/1/41 140/1/41
f 127/1/42 141/1/42 140/1/41
f 128/1/43 142/1/43 141/1/42
f 129/1/44 143/1/44 142/1/43
f 130/1/45 144/1/45 143/1/44
f 131/1/46 145/1/46 144/1/45
f 132/1/47 146/1/47 145/1/46
f 132/1/47 133/1/48 147/1/48
f 134/1/49 148/1/49 147/1/48
f 135/1/50 149/1/50 148/1/49
f 136/1/51 150/1/51 149/1/50
f 137/1/52 151/1/52 150/1/51
f 124/1/40 138/1/40 151/1/52
f 139/1/27 153/1/27 152/1/8
f 140/1/28 154/1/28 153/1/27
f 141/1/29 155/1/29 154/1/28
f 142/1/30 156/1/30 155/1/29
f 143/1/31 157/1/31 156/1/30
f 144/1/32 158/1/32 157/1/31
f 145/1/3 159/1/3 158/1/32
f 146/1/33 160/1/33 159/1/3
f 147/1/34 161/1/34 160/1/33
f 148/1/35 162/1/35 161/1/34
f 149/1/36 163/1/36 162/1/35
f 150/1/37 164/1/37 163/1/36
f 151/1/38 165/1/38 164/1/37
f 138/1/8 152/1/8 165/1/38
f 153/1/53 167/1/53 166/1/54
f 153/1/53 154/1/55 168/1/55
f 155/1/56 169/1/56 168/1/55
f 156/1/57 170/1/57 169/1/56
f 156/1/57 157/1/58 171/1/58
f 158/1/59 172/1/59 171/1/58
f 159/1/60 173/1/60 172/1/59
f 160/1/61 174/1/61 173/1/60
f 160/1/61 161/1/62 175/1/62
f 162/1/63 176/1/63 175/1/62
f 163/1/64 177/1/64 176/1/63
f 163/1/64 164/1/65 178/1/65
f 165/1/66 179/1/66 178/1/65
f 152/1/54 166/1/54 179/1/66
f 167/1/27 181/1/27 180/1/8
f 168/1/28 182/1/28 181/1/27
f 169/1/29 183/1/29 182/1/28
f 170/1/30 184/1/30 183/1/29
f 171/1/31 185/1/31 184/1/30
f 172/1/32 186/1/32 185/1/31
f 173/1/3 187/1/3 186/1/32
f 174/1/33 188/1/33 187/1/3
f 175/1/34 189/1/34 188/1/33
f 176/1/35 190/1/35 189/1/34
f 177/1/36 191/1/36 190/1/35
f 178/1/37 192/1/37 191/1/36
f 179/1/38 193/1/38 192/1/37
f 166/1/8 180/1/8 193/1/38
f 180/1/67 181/1/68 195/1/68
f 181/1/68 182/1/69 196/1/69
f 182/1/69 183/1/70 197/1/70
f 184/1/71 198/1/71 197/1/70
f 185/1/72 199/1/72 198/1/71
f 185/1/72 186/1/73 200/1/73
f 187/1/74 201/1/74 200/1/73
f 187/1/74 188/1/75 202/1/75
f 188/1/75 189/1/76 203/1/76
f 189/1/76 190/1/77 204/1/77
f 191/1/78 205/1/78 204/1/77
f 192/1/79 206/1/79 205/1/78
f 192/1/79 193/1/80 207/1/80
f 180/1/67 194/1/67 207/1/80
f 195/1/27 209/1/27 208/1/8
f 196/1/28 210/1/28 209/1/27
f 197/1/29 211/1/29 210/1/28
f 198/1/30 212/1/30 211/1/29
f 199/1/31 213/1/31 212/1/30
f 200/1/32 214/1/32 213/1/31
f 201/1/3 215/1/3 214/1/32
f 202/1/33 216/1/33 215/1/3
f 203/1/34 217/1/34 216/1/33
f 204/1/35 218/1/35 217/1/34
f 205/1/36 219/1/36 218/1/35
f 206/1/37 220/1/37 219/1/36
f 207/1/38 221/1/38 220/1/37
f 194/1/8 208/1/8 221/1/38
f 209/1/81 223/1/81 222/1/82
f 209/1/81 210/1/84 224/1/83
f 210/1/84 211/1/85 225/1/85
f 212/1/86 226/1/86 225/1/85
f 213/1/87 227/1/89 226/1/86
f 214/1/88 228/1/88 227/1/89
f 215/1/90 229/1/90 228/1/88
f 216/1/91 230/1/91 229/1/90
f 216/1/91 217/1/93 231/1/92
f 217/1/93 218/1/94 232/1/94
f 219/1/95 233/1/95 232/1/94
f 220/1/96 234/1/98 233/1/95
f 221/1/97 235/1/97 234/1/98
f 208/1/82 222/1/82 235/1/97
f 222/1/26 223/1/26 237/1/26
f 223/1/26 224/1/26 238/1/26
f 224/1/26 225/1/26 239/1/26
f 226/1/26 240/1/26 239/1/26
f 227/1/26 241/1/26 240/1/26
f 228/1/26 242/1/26 241/1/26
f 229/1/26 243/1/26 242/1/26
f 229/1/26 230/1/26 244/1/26
f 230/1/26 231/1/26 245/1/26
f 231/1/26 232/1/26 246/1/26
f 233/1/26 247/1/26 246/1/26
f 234/1/26 248/1/26 247/1/26
f 235/1/26 249/1/26 248/1/26
f 222/1/26 236/1/26 249/1/26
f 264/1/99 276/1/99 275/1/11
f 265/1/100 277/1/100 276/1/99
f 266/1/26 278/1/26 277/1/100
f 267/1/101 279/1/101 278/1/26
f 268/1/102 280/1/102 279/1/101
f 269/1/5 281/1/5 280/1/102
f 270/1/103 282/1/103 281/1/5
f 271/1/104 283/1/104 282/1/103
f 272/1/1 284/1/1 283/1/104
f 273/1/105 285/1/105 284/1/1
f 274/1/106 286/1/106 285/1/105
f 263/1/11 275/1/11 286/1/106
s 0
f 287/1/3 288/1/3 300/1/3
f 289/1/3 301/1/3 300/1/3
f 289/1/3 290/1/3 302/1/3
f 291/1/3 303/1/3 302/1/3
f 291/1/3 292/1/3 304/1/3
f 293/1/3 305/1/3 304/1/3
f 293/1/3 294/1/3 306/1/3
f 295/1/3 307/1/3 306/1/3
f 295/1/3 296/1/3 308/1/3
f 297/1/3 309/1/3 308/1/3
f 297/1/3 298/1/3 310/1/3
f 287/1/3 299/1/3 310/1/3
f 299/1/107 300/1/107 312/1/107
f 301/1/107 313/1/107 312/1/107
f 301/1/108 302/1/108 314/1/108
f 303/1/108 315/1/108 314/1/108
f 303/1/109 304/1/109 316/1/109
f 305/1/109 317/1/109 316/1/109
f 305/1/110 306/1/110 318/1/110
f 307/1/110 319/1/110 318/1/110
f 307/1/111 308/1/111 320/1/111
f 309/1/111 321/1/111 320/1/111
f 309/1/112 310/1/112 322/1/112
f 299/1/112 311/1/112 322/1/112
f 312/1/103 324/1/103 323/1/103
f 313/1/103 325/1/103 324/1/103
f 314/1/1 326/1/1 325/1/1
f 315/1/1 327/1/1 326/1/1
f 316/1/106 328/1/106 327/1/106
f 317/1/106 329/1/106 328/1/106
f 318/1/99 330/1/99 329/1/99
f 319/1/99 331/1/99 330/1/99
f 320/1/26 332/1/26 331/1/26
f 321/1/26 333/1/26 332/1/26
f 322/1/102 334/1/102 333/1/102
f 311/1/102 323/1/102 334/1/102
f 324/1/113 336/1/113 335/1/113
f 324/1/113 325/1/113 337/1/113
f 326/1/114 338/1/114 337/1/114
f 326/1/114 327/1/114 339/1/114
f 328/1/115 340/1/115 339/1/115
f 328/1/115 329/1/115 341/1/115
f 330/1/116 342/1/116 341/1/116
f 330/1/116 331/1/116 343/1/116
f 332/1/117 344/1/117 343/1/117
f 332/1/117 333/1/117 345/1/117
f 334/1/118 346/1/118 345/1/118
f 334/1/118 323/1/118 335/1/118
f 336/1/8 348/1/8 347/1/8
f 336/1/8 337/1/8 349/1/8
f 338/1/8 350/1/8 349/1/8
f 338/1/8 339/1/8 351/1/8
f 340/1/120 352/1/120 351/1/120
f 340/1/8 341/1/8 353/1/8
f 342/1/8 354/1/8 353/1/8
f 342/1/8 343/1/8 355/1/8
f 344/1/8 356/1/8 355/1/8
f 344/1/8 345/1/8 357/1/8
f 346/1/119 358/1/119 357/1/119
f 346/1/8 335/1/8 347/1/8
s 1
f 360/1/121 374/1/121 373/1/5
f 361/1/122 375/1/122 374/1/121
f 362/1/123 376/1/123 375/1/122
f 363/1/124 377/1/124 376/1/123
f 364/1/125 378/1/125 377/1/124
f 365/1/126 379/1/126 378/1/125
f 366/1/11 380/1/11 379/1/126
f 367/1/127 381/1/127 380/1/11
f 368/1/128 382/1/128 381/1/127
f 369/1/129 383/1/129 382/1/128
f 370/1/130 384/1/130 383/1/129
f 371/1/131 385/1/131 384/1/130
f 372/1/132 386/1/132 385/1/131
f 359/1/5 373/1/5 386/1/132
f 374/1/133 388/1/133 387/1/134
f 375/1/135 389/1/135 388/1/133
f 375/1/135 376/1/136 390/1/136
f 377/1/137 391/1/137 390/1/136
f 378/1/138 392/1/138 391/1/137
f 379/1/139 393/1/139 392/1/138
f 380/1/140 394/1/140 393/1/139
f 381/1/141 395/1/141 394/1/140
f 381/1/141 382/1/142 396/1/142
f 382/1/142 383/1/143 397/1/143
f 384/1/144 398/1/144 397/1/143
f 385/1/145 399/1/145 398/1/144
f 386/1/146 400/1/146 399/1/145
f 373/1/134 387/1/134 400/1/146
f 388/1/121 402/1/121 401/1/5
f 389/1/122 403/1/122 402/1/121
f 390/1/123 404/1/123 403/1/122
f 391/1/124 405/1/124 404/1/123
f 392/1/125 406/1/125 405/1/124
f 393/1/126 407/1/126 406/1/125
f 394/1/11 408/1/11 407/1/126
f 395/1/127 409/1/127 408/1/11
f 396/1/128 410/1/128 409/1/127
f 397/1/129 411/1/129 410/1/128
f 398/1/130 412/1/130 411/1/129
f 399/1/131 413/1/131 412/1/130
f 400/1/132 414/1/132 413/1/131
f 387/1/5 401/1/5 414/1/132
f 401/1/147 402/1/148 416/1/148
f 403/1/149 417/1/149 416/1/148
f 404/1/150 418/1/150 417/1/149
f 405/1/151 419/1/151 418/1/150
f 405/1/151 406/1/152 420/1/152
f 407/1/153 421/1/155 420/1/152
f 408/1/154 422/1/154 421/1/155
f 409/1/156 423/1/156 422/1/154
f 410/1/157 424/1/157 423/1/156
f 411/1/158 425/1/158 424/1/157
f 412/1/159 426/1/159 425/1/158
f 413/1/160 427/1/160 426/1/159
f 413/1/160 414/1/161 428/1/161
f 414/1/161 401/1/147 415/1/147
f 416/1/121 430/1/121 429/1/5
f 417/1/122 431/1/122 430/1/121
f 418/1/123 432/1/123 431/1/122
f 419/1/124 433/1/124 432/1/123
f 420/1/125 434/1/125 433/1/124
f 421/1/126 435/1/126 434/1/125
f 422/1/11 436/1/11 435/1/126
f 423/1/127 437/1/127 436/1/11
f 424/1/128 438/1/128 437/1/127
f 425/1/129 439/1/129 438/1/128
f 426/1/130 440/1/130 439/1/129
f 427/1/131 441/1/131 440/1/130
f 428/1/132 442/1/132 441/1/131
f 415/1/5 429/1/5 442/1/132
f 430/1/162 444/1/162 443/1/163
f 430/1/162 431/1/164 445/1/164
f 431/1/164 432/1/167 446/1/165
f 433/1/166 447/1/169 446/1/165
f 434/1/168 448/1/168 447/1/169
f 434/1/168 435/1/170 449/1/170
f 436/1/171 450/1/171 449/1/170
f 437/1/172 451/1/172 450/1/171
f 438/1/173 452/1/173 451/1/172
f 438/1/173 439/1/176 453/1/174
f 440/1/175 454/1/178 453/1/174
f 441/1/177 455/1/177 454/1/178
f 442/1/179 456/1/179 455/1/177
f 429/1/163 443/1/163 456/1/179
f 444/1/121 458/1/121 457/1/5
f 445/1/122 459/1/122 458/1/121
f 446/1/123 460/1/123 459/1/122
f 447/1/124 461/1/124 460/1/123
f 448/1/125 462/1/125 461/1/124
f 449/1/126 463/1/126 462/1/125
f 450/1/11 464/1/11 463/1/126
f 451/1/127 465/1/127 464/1/11
f 452/1/128 466/1/128 465/1/127
f 453/1/129 467/1/129 466/1/128
f 454/1/130 468/1/130 467/1/129
f 455/1/131 469/1/131 468/1/130
f 456/1/132 470/1/132 469/1/131
f 443/1/5 457/1/5 470/1/132
f 457/1/180 458/1/181 472/1/181
f 459/1/183 473/1/183 472/1/181
f 460/1/184 474/1/184 473/1/183
f 461/1/185 475/1/185 474/1/184
f 462/1/186 476/1/188 475/1/185
f 462/1/186 463/1/187 477/1/187
f 464/1/189 478/1/191 477/1/187
f 464/1/189 465/1/192 479/1/190
f 465/1/192 466/1/193 480/1/193
f 467/1/194 481/1/194 480/1/193
f 468/1/195 482/1/195 481/1/194
f 469/1/196 483/1/196 482/1/195
f 470/1/197 484/1/197 483/1/196
f 457/1/180 471/1/182 484/1/197
f 472/1/8 486/1/8 485/1/8
f 473/1/8 487/1/8 486/1/8
f 474/1/8 488/1/8 487/1/8
f 475/1/8 489/1/8 488/1/8
f 476/1/8 490/1/8 489/1/8
f 476/1/8 477/1/8 491/1/8
f 477/1/8 478/1/8 492/1/8
f 479/1/8 493/1/8 492/1/8
f 480/1/8 494/1/8 493/1/8
f 481/1/8 495/1/8 494/1/8
f 482/1/8 496/1/8 495/1/8
f 483/1/8 497/1/8 496/1/8
f 483/1/8 484/1/8 498/1/8
f 484/1/8 471/1/8 485/1/8
usemtl m2
f 500/1/198 509/1/199 499/1/199
f 501/1/200 510/1/201 500/1/198
f 502/1/202 511/1/200 501/1/200
f 502/1/202 513/1/203 512/1/202
f 504/1/204 513/1/203 503/1/203
f 505/1/205 514/1/204 504/1/204
f 506/1/206 515/1/207 505/1/205
f 507/1/208 516/1/206 506/1/206
f 507/1/208 518/1/209 517/1/208
f 499/1/199 518/1/209 508/1/209
f 1469/1/2059 1480/1/2060 1479/1/2061
f 1470/1/2062 1481/1/2063 1480/1/2060
f 1471/1/2064 1482/1/2065 1481/1/2063
f 1473/1/2066 1482/1/2065 1472/1/2067
f 1474/1/2068 1483/1/2069 1473/1/2066
f 1475/1/2070 1484/1/2071 1474/1/2068
f 1476/1/2072 1485/1/2073 1475/1/2070
f 1477/1/2074 1486/1/2075 1476/1/2072
f 1477/1/2074 1488/1/2076 1487/1/2077
f 1478/1/2078 1479/1/2061 1488/1/2076
f 500/1/198 510/1/201 509/1/199
f 501/1/200 511/1/200 510/1/201
f 502/1/202 512/1/202 511/1/200
f 502/1/202 503/1/203 513/1/203
f 504/1/204 514/1/204 513/1/203
f 505/1/205 515/1/207 514/1/204
f 506/1/206 516/1/206 515/1/207
f 507/1/208 517/1/208 516/1/206
f 507/1/208 508/1/209 518/1/209
f 499/1/199 509/1/199 518/1/209
f 1469/1/2059 1470/1/2062 1480/1/2060
f 1470/1/2062 1471/1/2064 1481/1/2063
f 1471/1/2064 1472/1/2067 1482/1/2065
f 1473/1/2066 1483/1/2069 1482/1/2065
f 1474/1/2068 1484/1/2071 1483/1/2069
f 1475/1/2070 1485/1/2073 1484/1/2071
f 1476/1/2072 1486/1/2075 1485/1/2073
f 1477/1/2074 1487/1/2077 1486/1/2075
f 1477/1/2074 1478/1/2078 1488/1/2076
f 1478/1/2078 1469/1/2059 1479/1/2061
usemtl m3
f 509/1/210 520/1/211 519/1/210
f 510/1/212 521/1/213 520/1/211
f 512/1/214 521/1/213 511/1/213
f 513/1/215 522/1/214 512/1/214
f 514/1/216 523/1/217 513/1/215
f 514/1/216 525/1/218 524/1/216
f 515/1/219 526/1/220 525/1/218
f 517/1/221 526/1/220 516/1/220
f 518/1/222 527/1/221 517/1/221
f 509/1/210 528/1/223 518/1/222
f 520/1/198 529/1/199 519/1/199
f 521/1/200 530/1/201 520/1/198
f 521/1/200 532/1/202 531/1/200
f 523/1/224 532/1/202 522/1/202
f 524/1/204 533/1/203 523/1/224
f 525/1/205 534/1/204 524/1/204
f 526/1/206 535/1/207 525/1/205
f 526/1/206 537/1/208 536/1/206
f 528/1/225 537/1/208 527/1/208
f 519/1/199 538/1/209 528/1/225
f 529/1/210 540/1/211 539/1/210
f 530/1/212 541/1/213 540/1/211
f 532/1/214 541/1/213 531/1/213
f 533/1/215 542/1/214 532/1/214
f 533/1/215 544/1/216 543/1/215
f 534/1/216 545/1/218 544/1/216
f 535/1/219 546/1/220 545/1/218
f 537/1/221 546/1/220 536/1/220
f 538/1/222 547/1/221 537/1/221
f 538/1/222 539/1/210 548/1/222
f 539/1/199 550/1/201 549/1/199
f 541/1/200 550/1/201 540/1/201
f 541/1/200 552/1/202 551/1/200
f 543/1/224 552/1/202 542/1/202
f 544/1/204 553/1/203 543/1/224
f 544/1/204 555/1/207 554/1/204
f 546/1/206 555/1/207 545/1/207
f 546/1/206 557/1/208 556/1/206
f 548/1/225 557/1/208 547/1/208
f 539/1/199 558/1/209 548/1/225
f 550/1/226 559/1/227 549/1/228
f 551/1/229 560/1/230 550/1/226
f 551/1/229 562/1/231 561/1/232
f 552/1/233 563/1/234 562/1/231
f 553/1/235 564/1/236 563/1/234
f 554/1/237 565/1/238 564/1/236
f 555/1/239 566/1/240 565/1/238
f 557/1/241 566/1/240 556/1/242
f 558/1/243 567/1/244 557/1/241
f 549/1/228 568/1/245 558/1/243
f 560/1/246 569/1/247 559/1/248
f 561/1/249 570/1/250 560/1/246
f 561/1/249 572/1/251 571/1/252
f 562/1/253 573/1/254 572/1/251
f 563/1/255 574/1/256 573/1/254
f 564/1/257 575/1/258 574/1/256
f 565/1/259 576/1/260 575/1/258
f 567/1/261 576/1/260 566/1/262
f 568/1/263 577/1/264 567/1/261
f 559/1/248 578/1/265 568/1/263
f 570/1/266 579/1/267 569/1/268
f 571/1/269 580/1/270 570/1/266
f 571/1/269 582/1/271 581/1/272
f 572/1/273 583/1/274 582/1/271
f 573/1/275 584/1/276 583/1/274
f 574/1/277 585/1/278 584/1/276
f 575/1/279 586/1/280 585/1/278
f 577/1/281 586/1/280 576/1/282
f 578/1/283 587/1/284 577/1/281
f 569/1/268 588/1/285 578/1/283
f 579/1/286 590/1/287 589/1/288
f 580/1/289 591/1/290 590/1/287
f 582/1/291 591/1/290 581/1/292
f 583/1/293 592/1/294 582/1/291
f 584/1/295 593/1/296 583/1/293
f 585/1/297 594/1/298 584/1/295
f 586/1/299 595/1/300 585/1/297
f 586/1/299 597/1/301 596/1/302
f 587/1/303 598/1/304 597/1/301
f 588/1/305 589/1/288 598/1/304
f 589/1/306 600/1/307 599/1/308
f 590/1/309 601/1/310 600/1/307
f 592/1/311 601/1/310 591/1/312
f 593/1/313 602/1/314 592/1/311
f 594/1/315 603/1/316 593/1/313
f 595/1/317 604/1/318 594/1/315
f 596/1/319 605/1/320 595/1/317
f 596/1/319 607/1/321 606/1/322
f 597/1/323 608/1/324 607/1/321
f 598/1/325 599/1/308 608/1/324
f 599/1/326 610/1/327 609/1/328
f 600/1/329 611/1/330 610/1/327
f 602/1/331 611/1/330 601/1/332
f 603/1/333 612/1/334 602/1/331
f 604/1/335 613/1/336 603/1/333
f 605/1/337 614/1/338 604/1/335
f 606/1/339 615/1/340 605/1/337
f 606/1/339 617/1/341 616/1/342
f 607/1/343 618/1/344 617/1/341
f 608/1/345 609/1/328 618/1/344
f 609/1/346 620/1/347 619/1/348
f 610/1/349 621/1/350 620/1/347
f 612/1/351 621/1/350 611/1/352
f 613/1/353 622/1/354 612/1/351
f 614/1/355 623/1/356 613/1/353
f 615/1/357 624/1/358 614/1/355
f 616/1/359 625/1/360 615/1/357
f 616/1/359 627/1/361 626/1/362
f 617/1/363 628/1/364 627/1/361
f 618/1/365 619/1/348 628/1/364
f 619/1/366 630/1/367 629/1/368
f 620/1/369 631/1/370 630/1/367
f 622/1/371 631/1/370 621/1/372
f 623/1/373 632/1/374 622/1/371
f 624/1/375 633/1/376 623/1/373
f 625/1/377 634/1/378 624/1/375
f 626/1/379 635/1/380 625/1/377
f 626/1/379 637/1/381 636/1/382
f 627/1/383 638/1/384 637/1/381
f 628/1/385 629/1/368 638/1/384
f 629/1/386 640/1/387 639/1/388
f 630/1/389 641/1/390 640/1/387
f 632/1/391 641/1/390 631/1/392
f 633/1/393 642/1/394 632/1/391
f 634/1/395 643/1/396 633/1/393
f 635/1/397 644/1/398 634/1/395
f 636/1/399 645/1/400 635/1/397
f 636/1/399 647/1/401 646/1/402
f 637/1/403 648/1/404 647/1/401
f 638/1/405 639/1/388 648/1/404
f 640/1/406 649/1/407 639/1/408
f 641/1/409 650/1/410 640/1/406
f 641/1/409 652/1/411 651/1/412
f 642/1/413 653/1/414 652/1/411
f 643/1/415 654/1/416 653/1/414
f 644/1/417 655/1/418 654/1/416
f 645/1/419 656/1/420 655/1/418
f 647/1/421 656/1/420 646/1/422
f 648/1/423 657/1/424 647/1/421
f 639/1/408 658/1/425 648/1/423
f 649/1/426 660/1/427 659/1/428
f 650/1/429 661/1/430 660/1/427
f 652/1/431 661/1/430 651/1/432
f 653/1/433 662/1/434 652/1/431
f 654/1/435 663/1/436 653/1/433
f 655/1/437 664/1/438 654/1/435
f 656/1/439 665/1/440 655/1/437
f 656/1/439 667/1/441 666/1/442
f 657/1/443 668/1/444 667/1/441
f 658/1/445 659/1/428 668/1/444
f 659/1/446 670/1/447 669/1/448
f 660/1/449 671/1/450 670/1/447
f 662/1/451 671/1/450 661/1/452
f 663/1/453 672/1/454 662/1/451
f 664/1/455 673/1/456 663/1/453
f 665/1/457 674/1/458 664/1/455
f 666/1/459 675/1/460 665/1/457
f 666/1/459 677/1/461 676/1/462
f 667/1/463 678/1/464 677/1/461
f 668/1/465 669/1/448 678/1/464
f 670/1/466 679/1/467 669/1/468
f 671/1/469 680/1/470 670/1/466
f 671/1/469 682/1/471 681/1/472
f 672/1/473 683/1/474 682/1/471
f 673/1/475 684/1/476 683/1/474
f 674/1/477 685/1/478 684/1/476
f 675/1/479 686/1/480 685/1/478
f 677/1/481 686/1/480 676/1/482
f 678/1/483 687/1/484 677/1/481
f 669/1/468 688/1/485 678/1/483
f 679/1/486 690/1/487 689/1/488
f 680/1/489 691/1/490 690/1/487
f 682/1/491 691/1/490 681/1/492
f 683/1/493 692/1/494 682/1/491
f 684/1/495 693/1/496 683/1/493
f 685/1/497 694/1/498 684/1/495
f 686/1/499 695/1/500 685/1/497
f 686/1/499 697/1/501 696/1/502
f 687/1/503 698/1/504 697/1/501
f 688/1/505 689/1/488 698/1/504
f 690/1/506 699/1/507 689/1/508
f 691/1/509 700/1/510 690/1/506
f 691/1/509 702/1/511 701/1/512
f 692/1/513 703/1/514 702/1/511
f 693/1/515 704/1/516 703/1/514
f 694/1/517 705/1/518 704/1/516
f 695/1/519 706/1/520 705/1/518
f 697/1/521 706/1/520 696/1/522
f 698/1/523 707/1/524 697/1/521
f 689/1/508 708/1/525 698/1/523
f 699/1/526 710/1/527 709/1/528
f 700/1/529 711/1/530 710/1/527
f 702/1/531 711/1/530 701/1/532
f 703/1/533 712/1/534 702/1/531
f 704/1/535 713/1/536 703/1/533
f 705/1/537 714/1/538 704/1/535
f 706/1/539 715/1/540 705/1/537
f 706/1/539 717/1/541 716/1/542
f 707/1/543 718/1/544 717/1/541
f 708/1/545 709/1/528 718/1/544
f 709/1/546 720/1/547 719/1/548
f 710/1/549 721/1/550 720/1/547
f 712/1/551 721/1/550 711/1/552
f 713/1/553 722/1/554 712/1/551
f 714/1/555 723/1/556 713/1/553
f 715/1/557 724/1/558 714/1/555
f 716/1/559 725/1/560 715/1/557
f 716/1/559 727/1/561 726/1/562
f 717/1/563 728/1/564 727/1/561
f 718/1/565 719/1/548 728/1/564
f 720/1/566 729/1/567 719/1/568
f 721/1/569 730/1/570 720/1/566
f 721/1/569 732/1/571 731/1/572
f 722/1/573 733/1/574 732/1/571
f 723/1/575 734/1/576 733/1/574
f 724/1/577 735/1/578 734/1/576
f 725/1/579 736/1/580 735/1/578
f 727/1/581 736/1/580 726/1/582
f 728/1/583 737/1/584 727/1/581
f 719/1/568 738/1/585 728/1/583
f 729/1/586 740/1/587 739/1/588
f 730/1/589 741/1/590 740/1/587
f 732/1/591 741/1/590 731/1/592
f 733/1/593 742/1/594 732/1/591
f 734/1/595 743/1/596 733/1/593
f 735/1/597 744/1/598 734/1/595
f 736/1/599 745/1/600 735/1/597
f 736/1/599 747/1/601 746/1/602
f 737/1/603 748/1/604 747/1/601
f 738/1/605 739/1/588 748/1/604
f 740/1/606 749/1/607 739/1/608
f 741/1/609 750/1/610 740/1/606
f 741/1/609 752/1/611 751/1/612
f 742/1/613 753/1/614 752/1/611
f 743/1/615 754/1/616 753/1/614
f 744/1/617 755/1/618 754/1/616
f 745/1/619 756/1/620 755/1/618
f 747/1/621 756/1/620 746/1/622
f 748/1/623 757/1/624 747/1/621
f 739/1/608 758/1/625 748/1/623
f 749/1/626 760/1/627 759/1/628
f 750/1/629 761/1/630 760/1/627
f 752/1/631 761/1/630 751/1/632
f 753/1/633 762/1/634 752/1/631
f 754/1/635 763/1/636 753/1/633
f 755/1/637 764/1/638 754/1/635
f 756/1/639 765/1/640 755/1/637
f 756/1/639 767/1/641 766/1/642
f 757/1/643 768/1/644 767/1/641
f 758/1/645 759/1/628 768/1/644
f 760/1/646 769/1/647 759/1/648
f 761/1/649 770/1/650 760/1/646
f 761/1/649 772/1/651 771/1/652
f 762/1/653 773/1/654 772/1/651
f 763/1/655 774/1/656 773/1/654
f 764/1/657 775/1/658 774/1/656
f 765/1/659 776/1/660 775/1/658
f 767/1/661 776/1/660 766/1/662
f 768/1/663 777/1/664 767/1/661
f 759/1/648 778/1/665 768/1/663
f 769/1/666 780/1/667 779/1/668
f 770/1/669 781/1/670 780/1/667
f 772/1/671 781/1/670 771/1/672
f 773/1/673 782/1/674 772/1/671
f 774/1/675 783/1/676 773/1/673
f 775/1/677 784/1/678 774/1/675
f 776/1/679 785/1/680 775/1/677
f 776/1/679 787/1/681 786/1/682
f 777/1/683 788/1/684 787/1/681
f 778/1/685 779/1/668 788/1/684
f 780/1/686 789/1/687 779/1/688
f 781/1/689 790/1/690 780/1/686
f 781/1/689 792/1/691 791/1/692
f 782/1/693 793/1/694 792/1/691
f 783/1/695 794/1/696 793/1/694
f 784/1/697 795/1/698 794/1/696
f 785/1/699 796/1/700 795/1/698
f 787/1/701 796/1/700 786/1/702
f 788/1/703 797/1/704 787/1/701
f 779/1/688 798/1/705 788/1/703
f 789/1/706 800/1/707 799/1/708
f 790/1/709 801/1/710 800/1/707
f 792/1/711 801/1/710 791/1/712
f 793/1/713 802/1/714 792/1/711
f 794/1/715 803/1/716 793/1/713
f 795/1/717 804/1/718 794/1/715
f 796/1/719 805/1/720 795/1/717
f 796/1/719 807/1/721 806/1/722
f 797/1/723 808/1/724 807/1/721
f 798/1/725 799/1/708 808/1/724
f 800/1/726 809/1/727 799/1/728
f 801/1/729 810/1/730 800/1/726
f 802/1/731 811/1/732 801/1/729
f 802/1/731 813/1/733 812/1/734
f 803/1/735 814/1/736 813/1/733
f 804/1/737 815/1/738 814/1/736
f 805/1/739 816/1/740 815/1/738
f 806/1/741 817/1/742 816/1/740
f 808/1/743 817/1/742 807/1/744
f 799/1/728 818/1/745 808/1/743
f 810/1/746 819/1/747 809/1/748
f 811/1/749 820/1/750 810/1/746
f 811/1/749 822/1/751 821/1/752
f 812/1/753 823/1/754 822/1/751
f 813/1/755 824/1/756 823/1/754
f 814/1/757 825/1/758 824/1/756
f 815/1/759 826/1/760 825/1/758
f 817/1/761 826/1/760 816/1/762
f 818/1/763 827/1/764 817/1/761
f 809/1/748 828/1/765 818/1/763
f 819/1/766 830/1/767 829/1/768
f 820/1/769 831/1/770 830/1/767
f 822/1/771 831/1/770 821/1/772
f 823/1/773 832/1/774 822/1/771
f 824/1/775 833/1/776 823/1/773
f 825/1/777 834/1/778 824/1/775
f 826/1/779 835/1/780 825/1/777
f 826/1/779 837/1/781 836/1/782
f 827/1/783 838/1/784 837/1/781
f 828/1/785 829/1/768 838/1/784
f 830/1/786 839/1/787 829/1/788
f 831/1/789 840/1/790 830/1/786
f 831/1/789 842/1/791 841/1/792
f 832/1/793 843/1/794 842/1/791
f 833/1/795 844/1/796 843/1/794
f 834/1/797 845/1/798 844/1/796
f 835/1/799 846/1/800 845/1/798
f 837/1/801 846/1/800 836/1/802
f 838/1/803 847/1/804 837/1/801
f 829/1/788 848/1/805 838/1/803
f 839/1/806 850/1/807 849/1/808
f 840/1/809 851/1/810 850/1/807
f 842/1/811 851/1/810 841/1/812
f 843/1/813 852/1/814 842/1/811
f 844/1/815 853/1/816 843/1/813
f 845/1/817 854/1/818 844/1/815
f 846/1/819 855/1/820 845/1/817
f 846/1/819 857/1/821 856/1/822
f 847/1/823 858/1/824 857/1/821
f 848/1/825 849/1/808 858/1/824
f 850/1/826 859/1/827 849/1/828
f 851/1/829 860/1/830 850/1/826
f 852/1/831 861/1/832 851/1/829
f 852/1/831 863/1/833 862/1/834
f 853/1/835 864/1/836 863/1/833
f 854/1/837 865/1/838 864/1/836
f 855/1/839 866/1/840 865/1/838
f 856/1/841 867/1/842 866/1/840
f 858/1/843 867/1/842 857/1/844
f 849/1/828 868/1/845 858/1/843
f 859/1/846 870/1/847 869/1/848
f 860/1/849 871/1/850 870/1/847
f 861/1/851 872/1/852 871/1/850
f 863/1/853 872/1/852 862/1/854
f 864/1/855 873/1/856 863/1/853
f 865/1/857 874/1/858 864/1/855
f 866/1/859 875/1/860 865/1/857
f 867/1/861 876/1/862 866/1/859
f 867/1/861 878/1/863 877/1/864
f 868/1/865 869/1/848 878/1/863
f 870/1/866 879/1/867 869/1/868
f 871/1/869 880/1/870 870/1/866
f 872/1/871 881/1/872 871/1/869
f 872/1/871 883/1/873 882/1/874
f 873/1/875 884/1/876 883/1/873
f 874/1/877 885/1/878 884/1/876
f 875/1/879 886/1/880 885/1/878
f 876/1/881 887/1/882 886/1/880
f 878/1/883 887/1/882 877/1/884
f 869/1/868 888/1/885 878/1/883
f 880/1/886 889/1/887 879/1/888
f 881/1/889 890/1/890 880/1/886
f 882/1/891 891/1/892 881/1/889
f 882/1/891 893/1/893 892/1/894
f 883/1/895 894/1/896 893/1/893
f 884/1/897 895/1/898 894/1/896
f 885/1/899 896/1/900 895/1/898
f 886/1/901 897/1/902 896/1/900
f 888/1/903 897/1/902 887/1/904
f 879/1/888 898/1/905 888/1/903
f 889/1/906 900/1/907 899/1/908
f 890/1/909 901/1/910 900/1/907
f 891/1/911 902/1/912 901/1/910
f 893/1/913 902/1/912 892/1/914
f 894/1/915 903/1/916 893/1/913
f 895/1/917 904/1/918 894/1/915
f 896/1/919 905/1/920 895/1/917
f 897/1/921 906/1/922 896/1/919
f 897/1/921 908/1/923 907/1/924
f 898/1/925 899/1/908 908/1/923
f 900/1/926 909/1/927 899/1/928
f 901/1/929 910/1/930 900/1/926
f 902/1/931 911/1/932 901/1/929
f 902/1/931 913/1/933 912/1/934
f 903/1/935 914/1/936 913/1/933
f 904/1/937 915/1/938 914/1/936
f 905/1/939 916/1/940 915/1/938
f 906/1/941 917/1/942 916/1/940
f 908/1/943 917/1/942 907/1/944
f 899/1/928 918/1/945 908/1/943
f 909/1/946 920/1/947 919/1/948
f 910/1/949 921/1/950 920/1/947
f 911/1/951 922/1/952 921/1/950
f 913/1/953 922/1/952 912/1/954
f 914/1/955 923/1/956 913/1/953
f 915/1/957 924/1/958 914/1/955
f 916/1/959 925/1/960 915/1/957
f 917/1/961 926/1/962 916/1/959
f 917/1/961 928/1/963 927/1/964
f 918/1/965 919/1/948 928/1/963
f 920/1/966 929/1/967 919/1/968
f 921/1/969 930/1/970 920/1/966
f 922/1/971 931/1/972 921/1/969
f 922/1/971 933/1/973 932/1/974
f 923/1/975 934/1/976 933/1/973
f 924/1/977 935/1/978 934/1/976
f 925/1/979 936/1/980 935/1/978
f 926/1/981 937/1/982 936/1/980
f 928/1/983 937/1/982 927/1/984
f 919/1/968 938/1/985 928/1/983
f 930/1/986 939/1/987 929/1/988
f 931/1/989 940/1/990 930/1/986
f 932/1/991 941/1/992 931/1/989
f 932/1/991 943/1/993 942/1/994
f 933/1/995 944/1/996 943/1/993
f 934/1/997 945/1/998 944/1/996
f 935/1/999 946/1/1000 945/1/998
f 936/1/1001 947/1/1002 946/1/1000
f 938/1/1003 947/1/1002 937/1/1004
f 929/1/988 948/1/1005 938/1/1003
f 939/1/1006 950/1/1007 949/1/1008
f 940/1/1009 951/1/1010 950/1/1007
f 941/1/1011 952/1/1012 951/1/1010
f 943/1/1013 952/1/1012 942/1/1014
f 944/1/1015 953/1/1016 943/1/1013
f 945/1/1017 954/1/1018 944/1/1015
f 946/1/1019 955/1/1020 945/1/1017
f 947/1/1021 956/1/1022 946/1/1019
f 947/1/1021 958/1/1023 957/1/1024
f 948/1/1025 949/1/1008 958/1/1023
f 950/1/1026 959/1/1027 949/1/1028
f 951/1/1029 960/1/1030 950/1/1026
f 952/1/1031 961/1/1032 951/1/1029
f 952/1/1031 963/1/1033 962/1/1034
f 953/1/1035 964/1/1036 963/1/1033
f 954/1/1037 965/1/1038 964/1/1036
f 955/1/1039 966/1/1040 965/1/1038
f 956/1/1041 967/1/1042 966/1/1040
f 958/1/1043 967/1/1042 957/1/1044
f 949/1/1028 968/1/1045 958/1/1043
f 959/1/1046 970/1/1047 969/1/1048
f 960/1/1049 971/1/1050 970/1/1047
f 961/1/1051 972/1/1052 971/1/1050
f 963/1/1053 972/1/1052 962/1/1054
f 964/1/1055 973/1/1056 963/1/1053
f 965/1/1057 974/1/1058 964/1/1055
f 966/1/1059 975/1/1060 965/1/1057
f 967/1/1061 976/1/1062 966/1/1059
f 967/1/1061 978/1/1063 977/1/1064
f 968/1/1065 969/1/1048 978/1/1063
f 969/1/1066 980/1/1067 979/1/1068
f 970/1/1069 981/1/1070 980/1/1067
f 971/1/1071 982/1/1072 981/1/1070
f 973/1/1073 982/1/1072 972/1/1074
f 974/1/1075 983/1/1076 973/1/1073
f 975/1/1077 984/1/1078 974/1/1075
f 976/1/1079 985/1/1080 975/1/1077
f 977/1/1081 986/1/1082 976/1/1079
f 977/1/1081 988/1/1083 987/1/1084
f 978/1/1085 979/1/1068 988/1/1083
f 980/1/1086 989/1/1087 979/1/1088
f 981/1/1089 990/1/1090 980/1/1086
f 982/1/1091 991/1/1092 981/1/1089
f 982/1/1091 993/1/1093 992/1/1094
f 983/1/1095 994/1/1096 993/1/1093
f 984/1/1097 995/1/1098 994/1/1096
f 985/1/1099 996/1/1100 995/1/1098
f 986/1/1101 997/1/1102 996/1/1100
f 988/1/1103 997/1/1102 987/1/1104
f 979/1/1088 998/1/1105 988/1/1103
f 989/1/1106 1000/1/1107 999/1/1108
f 990/1/1109 1001/1/1110 1000/1/1107
f 991/1/1111 1002/1/1112 1001/1/1110
f 993/1/1113 1002/1/1112 992/1/1114
f 994/1/1115 1003/1/1116 993/1/1113
f 995/1/1117 1004/1/1118 994/1/1115
f 996/1/1119 1005/1/1120 995/1/1117
f 997/1/1121 1006/1/1122 996/1/1119
f 997/1/1121 1008/1/1123 1007/1/1124
f 998/1/1125 999/1/1108 1008/1/1123
f 1000/1/1126 1009/1/1127 999/1/1128
f 1001/1/1129 1010/1/1130 1000/1/1126
f 1002/1/1131 1011/1/1132 1001/1/1129
f 1002/1/1131 1013/1/1133 1012/1/1134
f 1003/1/1135 1014/1/1136 1013/1/1133
f 1004/1/1137 1015/1/1138 1014/1/1136
f 1005/1/1139 1016/1/1140 1015/1/1138
f 1006/1/1141 1017/1/1142 1016/1/1140
f 1008/1/1143 1017/1/1142 1007/1/1144
f 999/1/1128 1018/1/1145 1008/1/1143
f 1010/1/1146 1019/1/1147 1009/1/1148
f 1011/1/1149 1020/1/1150 1010/1/1146
f 1012/1/1151 1021/1/1152 1011/1/1149
f 1012/1/1151 1023/1/1153 1022/1/1154
f 1013/1/1155 1024/1/1156 1023/1/1153
f 1014/1/1157 1025/1/1158 1024/1/1156
f 1015/1/1159 1026/1/1160 1025/1/1158
f 1016/1/1161 1027/1/1162 1026/1/1160
f 1018/1/1163 1027/1/1162 1017/1/1164
f 1009/1/1148 1028/1/1165 1018/1/1163
f 1019/1/1166 1030/1/1167 1029/1/1168
f 1020/1/1169 1031/1/1170 1030/1/1167
f 1021/1/1171 1032/1/1172 1031/1/1170
f 1023/1/1173 1032/1/1172 1022/1/1174
f 1024/1/1175 1033/1/1176 1023/1/1173
f 1025/1/1177 1034/1/1178 1024/1/1175
f 1026/1/1179 1035/1/1180 1025/1/1177
f 1027/1/1181 1036/1/1182 1026/1/1179
f 1027/1/1181 1038/1/1183 1037/1/1184
f 1028/1/1185 1029/1/1168 1038/1/1183
f 1030/1/1186 1039/1/1187 1029/1/1188
f 1031/1/1189 1040/1/1190 1030/1/1186
f 1032/1/1191 1041/1/1192 1031/1/1189
f 1032/1/1191 1043/1/1193 1042/1/1194
f 1033/1/1195 1044/1/1196 1043/1/1193
f 1034/1/1197 1045/1/1198 1044/1/1196
f 1035/1/1199 1046/1/1200 1045/1/1198
f 1036/1/1201 1047/1/1202 1046/1/1200
f 1038/1/1203 1047/1/1202 1037/1/1204
f 1029/1/1188 1048/1/1205 1038/1/1203
f 1039/1/1206 1050/1/1207 1049/1/1208
f 1040/1/1209 1051/1/1210 1050/1/1207
f 1041/1/1211 1052/1/1212 1051/1/1210
f 1043/1/1213 1052/1/1212 1042/1/1214
f 1044/1/1215 1053/1/1216 1043/1/1213
f 1045/1/1217 1054/1/1218 1044/1/1215
f 1046/1/1219 1055/1/1220 1045/1/1217
f 1047/1/1221 1056/1/1222 1046/1/1219
f 1047/1/1221 1058/1/1223 1057/1/1224
f 1048/1/1225 1049/1/1208 1058/1/1223
f 1049/1/1226 1060/1/1227 1059/1/1228
f 1050/1/1229 1061/1/1230 1060/1/1227
f 1051/1/1231 1062/1/1232 1061/1/1230
f 1053/1/1233 1062/1/1232 1052/1/1234
f 1054/1/1235 1063/1/1236 1053/1/1233
f 1055/1/1237 1064/1/1238 1054/1/1235
f 1056/1/1239 1065/1/1240 1055/1/1237
f 1057/1/1241 1066/1/1242 1056/1/1239
f 1057/1/1241 1068/1/1243 1067/1/1244
f 1058/1/1245 1059/1/1228 1068/1/1243
f 1060/1/1246 1069/1/1247 1059/1/1248
f 1061/1/1249 1070/1/1250 1060/1/1246
f 1062/1/1251 1071/1/1252 1061/1/1249
f 1062/1/1251 1073/1/1253 1072/1/1254
f 1063/1/1255 1074/1/1256 1073/1/1253
f 1064/1/1257 1075/1/1258 1074/1/1256
f 1065/1/1259 1076/1/1260 1075/1/1258
f 1066/1/1261 1077/1/1262 1076/1/1260
f 1068/1/1263 1077/1/1262 1067/1/1264
f 1059/1/1248 1078/1/1265 1068/1/1263
f 1069/1/1266 1080/1/1267 1079/1/1268
f 1070/1/1269 1081/1/1270 1080/1/1267
f 1071/1/1271 1082/1/1272 1081/1/1270
f 1073/1/1273 1082/1/1272 1072/1/1274
f 1074/1/1275 1083/1/1276 1073/1/1273
f 1075/1/1277 1084/1/1278 1074/1/1275
f 1076/1/1279 1085/1/1280 1075/1/1277
f 1077/1/1281 1086/1/1282 1076/1/1279
f 1077/1/1281 1088/1/1283 1087/1/1284
f 1078/1/1285 1079/1/1268 1088/1/1283
f 1080/1/1286 1089/1/1287 1079/1/1288
f 1081/1/1289 1090/1/1290 1080/1/1286
f 1082/1/1291 1091/1/1292 1081/1/1289
f 1082/1/1291 1093/1/1293 1092/1/1291
f 1083/1/1294 1094/1/1295 1093/1/1293
f 1084/1/1296 1095/1/1297 1094/1/1295
f 1085/1/1298 1096/1/1299 1095/1/1297
f 1086/1/1300 1097/1/1301 1096/1/1299
f 1088/1/1302 1097/1/1301 1087/1/1301
f 1079/1/1288 1098/1/1303 1088/1/1302
f 1090/1/1304 1099/1/1305 1089/1/1306
f 1091/1/1307 1100/1/1308 1090/1/1304
f 1092/1/1309 1101/1/1310 1091/1/1307
f 1092/1/1309 1103/1/1311 1102/1/1312
f 1093/1/1313 1104/1/1314 1103/1/1311
f 1094/1/1315 1105/1/1316 1104/1/1314
f 1095/1/1317 1106/1/1318 1105/1/1316
f 1096/1/1319 1107/1/1320 1106/1/1318
f 1098/1/1321 1107/1/1320 1097/1/1322
f 1089/1/1306 1108/1/1323 1098/1/1321
f 1099/1/1324 1110/1/1325 1109/1/1326
f 1100/1/1327 1111/1/1328 1110/1/1325
f 1101/1/1329 1112/1/1330 1111/1/1328
f 1103/1/1331 1112/1/1330 1102/1/1332
f 1104/1/1333 1113/1/1334 1103/1/1331
f 1105/1/1335 1114/1/1336 1104/1/1333
f 1106/1/1337 1115/1/1338 1105/1/1335
f 1107/1/1339 1116/1/1340 1106/1/1337
f 1107/1/1339 1118/1/1341 1117/1/1342
f 1108/1/1343 1109/1/1326 1118/1/1341
f 1110/1/1344 1119/1/1345 1109/1/1346
f 1111/1/1347 1120/1/1348 1110/1/1344
f 1112/1/1349 1121/1/1350 1111/1/1347
f 1112/1/1349 1123/1/1351 1122/1/1352
f 1113/1/1353 1124/1/1354 1123/1/1351
f 1114/1/1355 1125/1/1356 1124/1/1354
f 1115/1/1357 1126/1/1358 1125/1/1356
f 1116/1/1359 1127/1/1360 1126/1/1358
f 1118/1/1361 1127/1/1360 1117/1/1362
f 1109/1/1346 1128/1/1363 1118/1/1361
f 1120/1/1364 1129/1/1365 1119/1/1366
f 1121/1/1367 1130/1/1368 1120/1/1364
f 1122/1/1369 1131/1/1370 1121/1/1367
f 1122/1/1369 1133/1/1371 1132/1/1372
f 1123/1/1373 1134/1/1374 1133/1/1371
f 1124/1/1375 1135/1/1376 1134/1/1374
f 1125/1/1377 1136/1/1378 1135/1/1376
f 1126/1/1379 1137/1/1380 1136/1/1378
f 1128/1/1381 1137/1/1380 1127/1/1382
f 1119/1/1366 1138/1/1383 1128/1/1381
f 1129/1/1384 1140/1/1385 1139/1/1386
f 1130/1/1387 1141/1/1388 1140/1/1385
f 1131/1/1389 1142/1/1390 1141/1/1388
f 1133/1/1391 1142/1/1390 1132/1/1392
f 1134/1/1393 1143/1/1394 1133/1/1391
f 1135/1/1395 1144/1/1396 1134/1/1393
f 1136/1/1397 1145/1/1398 1135/1/1395
f 1137/1/1399 1146/1/1400 1136/1/1397
f 1137/1/1399 1148/1/1401 1147/1/1402
f 1138/1/1403 1139/1/1386 1148/1/1401
f 1140/1/1404 1149/1/1405 1139/1/1406
f 1141/1/1407 1150/1/1408 1140/1/1404
f 1142/1/1409 1151/1/1410 1141/1/1407
f 1142/1/1409 1153/1/1411 1152/1/1409
f 1143/1/1412 1154/1/1413 1153/1/1411
f 1144/1/1414 1155/1/1415 1154/1/1413
f 1145/1/1416 1156/1/1417 1155/1/1415
f 1146/1/1418 1157/1/1419 1156/1/1417
f 1148/1/1420 1157/1/1419 1147/1/1421
f 1139/1/1406 1158/1/1422 1148/1/1420
f 1150/1/1423 1159/1/1424 1149/1/1425
f 1151/1/1426 1160/1/1427 1150/1/1423
f 1152/1/1428 1161/1/1429 1151/1/1426
f 1152/1/1428 1163/1/1430 1162/1/1431
f 1153/1/1432 1164/1/1433 1163/1/1430
f 1154/1/1434 1165/1/1435 1164/1/1433
f 1155/1/1436 1166/1/1437 1165/1/1435
f 1156/1/1438 1167/1/1439 1166/1/1437
f 1158/1/1440 1167/1/1439 1157/1/1441
f 1149/1/1425 1168/1/1442 1158/1/1440
f 1159/1/1443 1170/1/1444 1169/1/1445
f 1160/1/1446 1171/1/1447 1170/1/1444
f 1161/1/1448 1172/1/1449 1171/1/1447
f 1163/1/1450 1172/1/1449 1162/1/1451
f 1164/1/1452 1173/1/1453 1163/1/1450
f 1165/1/1454 1174/1/1455 1164/1/1452
f 1166/1/1456 1175/1/1457 1165/1/1454
f 1167/1/1458 1176/1/1459 1166/1/1456
f 1167/1/1458 1178/1/1460 1177/1/1461
f 1168/1/1462 1169/1/1445 1178/1/1460
f 1170/1/1463 1179/1/1464 1169/1/1465
f 1171/1/1466 1180/1/1467 1170/1/1463
f 1172/1/1468 1181/1/1469 1171/1/1466
f 1172/1/1468 1183/1/1470 1182/1/1471
f 1173/1/1472 1184/1/1473 1183/1/1470
f 1174/1/1474 1185/1/1475 1184/1/1473
f 1175/1/1476 1186/1/1477 1185/1/1475
f 1176/1/1478 1187/1/1479 1186/1/1477
f 1178/1/1480 1187/1/1479 1177/1/1481
f 1169/1/1465 1188/1/1482 1178/1/1480
f 1179/1/1483 1190/1/1484 1189/1/1485
f 1180/1/1486 1191/1/1487 1190/1/1484
f 1181/1/1488 1192/1/1489 1191/1/1487
f 1183/1/1490 1192/1/1489 1182/1/1491
f 1184/1/1492 1193/1/1493 1183/1/1490
f 1185/1/1494 1194/1/1495 1184/1/1492
f 1186/1/1496 1195/1/1497 1185/1/1494
f 1187/1/1498 1196/1/1499 1186/1/1496
f 1187/1/1498 1198/1/1500 1197/1/1501
f 1188/1/1502 1189/1/1485 1198/1/1500
f 1189/1/1503 1200/1/1504 1199/1/1505
f 1190/1/1506 1201/1/1507 1200/1/1504
f 1191/1/1508 1202/1/1509 1201/1/1507
f 1193/1/1510 1202/1/1509 1192/1/1511
f 1194/1/1512 1203/1/1513 1193/1/1510
f 1195/1/1514 1204/1/1515 1194/1/1512
f 1196/1/1516 1205/1/1517 1195/1/1514
f 1197/1/1518 1206/1/1519 1196/1/1516
f 1197/1/1518 1208/1/1520 1207/1/1521
f 1198/1/1522 1199/1/1505 1208/1/1520
f 1200/1/1523 1209/1/1524 1199/1/1525
f 1201/1/1526 1210/1/1527 1200/1/1523
f 1202/1/1528 1211/1/1529 1201/1/1526
f 1202/1/1528 1213/1/1530 1212/1/1531
f 1203/1/1532 1214/1/1533 1213/1/1530
f 1204/1/1534 1215/1/1535 1214/1/1533
f 1205/1/1536 1216/1/1537 1215/1/1535
f 1206/1/1538 1217/1/1539 1216/1/1537
f 1208/1/1540 1217/1/1539 1207/1/1541
f 1199/1/1525 1218/1/1542 1208/1/1540
f 1209/1/1543 1220/1/1544 1219/1/1545
f 1210/1/1546 1221/1/1547 1220/1/1544
f 1211/1/1548 1222/1/1549 1221/1/1547
f 1213/1/1550 1222/1/1549 1212/1/1551
f 1214/1/1552 1223/1/1553 1213/1/1550
f 1215/1/1554 1224/1/1555 1214/1/1552
f 1216/1/1556 1225/1/1557 1215/1/1554
f 1217/1/1558 1226/1/1559 1216/1/1556
f 1217/1/1558 1228/1/1560 1227/1/1561
f 1218/1/1562 1219/1/1545 1228/1/1560
f 1219/1/1563 1230/1/1564 1229/1/1565
f 1220/1/1566 1231/1/1567 1230/1/1564
f 1221/1/1568 1232/1/1569 1231/1/1567
f 1223/1/1570 1232/1/1569 1222/1/1571
f 1224/1/1572 1233/1/1573 1223/1/1570
f 1225/1/1574 1234/1/1575 1224/1/1572
f 1226/1/1576 1235/1/1577 1225/1/1574
f 1227/1/1578 1236/1/1579 1226/1/1576
f 1227/1/1578 1238/1/1580 1237/1/1581
f 1228/1/1582 1229/1/1565 1238/1/1580
f 1230/1/1583 1239/1/1584 1229/1/1585
f 1231/1/1586 1240/1/1587 1230/1/1583
f 1232/1/1588 1241/1/1589 1231/1/1586
f 1232/1/1588 1243/1/1590 1242/1/1591
f 1233/1/1592 1244/1/1593 1243/1/1590
f 1234/1/1594 1245/1/1595 1244/1/1593
f 1235/1/1596 1246/1/1597 1245/1/1595
f 1236/1/1598 1247/1/1599 1246/1/1597
f 1238/1/1600 1247/1/1599 1237/1/1601
f 1229/1/1585 1248/1/1602 1238/1/1600
f 1239/1/1603 1250/1/1604 1249/1/1605
f 1240/1/1606 1251/1/1607 1250/1/1604
f 1241/1/1608 1252/1/1609 1251/1/1607
f 1243/1/1610 1252/1/1609 1242/1/1611
f 1244/1/1612 1253/1/1613 1243/1/1610
f 1245/1/1614 1254/1/1615 1244/1/1612
f 1246/1/1616 1255/1/1617 1245/1/1614
f 1247/1/1618 1256/1/1619 1246/1/1616
f 1247/1/1618 1258/1/1620 1257/1/1621
f 1248/1/1622 1249/1/1605 1258/1/1620
f 1249/1/1623 1260/1/1624 1259/1/1625
f 1250/1/1626 1261/1/1627 1260/1/1624
f 1251/1/1628 1262/1/1629 1261/1/1627
f 1253/1/1630 1262/1/1629 1252/1/1631
f 1254/1/1632 1263/1/1633 1253/1/1630
f 1255/1/1634 1264/1/1635 1254/1/1632
f 1256/1/1636 1265/1/1637 1255/1/1634
f 1257/1/1638 1266/1/1639 1256/1/1636
f 1257/1/1638 1268/1/1640 1267/1/1641
f 1258/1/1642 1259/1/1625 1268/1/1640
f 1260/1/1643 1269/1/1644 1259/1/1645
f 1261/1/1646 1270/1/1647 1260/1/1643
f 1262/1/1648 1271/1/1649 1261/1/1646
f 1262/1/1648 1273/1/1650 1272/1/1651
f 1263/1/1652 1274/1/1653 1273/1/1650
f 1264/1/1654 1275/1/1655 1274/1/1653
f 1265/1/1656 1276/1/1657 1275/1/1655
f 1266/1/1658 1277/1/1659 1276/1/1657
f 1268/1/1660 1277/1/1659 1267/1/1661
f 1259/1/1645 1278/1/1662 1268/1/1660
f 1269/1/1663 1280/1/1664 1279/1/1665
f 1270/1/1666 1281/1/1667 1280/1/1664
f 1271/1/1668 1282/1/1669 1281/1/1667
f 1273/1/1670 1282/1/1669 1272/1/1671
f 1274/1/1672 1283/1/1673 1273/1/1670
f 1275/1/1674 1284/1/1675 1274/1/1672
f 1276/1/1676 1285/1/1677 1275/1/1674
f 1277/1/1678 1286/1/1679 1276/1/1676
f 1277/1/1678 1288/1/1680 1287/1/1681
f 1278/1/1682 1279/1/1665 1288/1/1680
f 1279/1/1683 1290/1/1684 1289/1/1685
f 1280/1/1686 1291/1/1687 1290/1/1684
f 1281/1/1688 1292/1/1689 1291/1/1687
f 1283/1/1690 1292/1/1689 1282/1/1691
f 1284/1/1692 1293/1/1693 1283/1/1690
f 1285/1/1694 1294/1/1695 1284/1/1692
f 1286/1/1696 1295/1/1697 1285/1/1694
f 1287/1/1698 1296/1/1699 1286/1/1696
f 1287/1/1698 1298/1/1700 1297/1/1701
f 1288/1/1702 1289/1/1685 1298/1/1700
f 1290/1/1703 1299/1/1704 1289/1/1705
f 1291/1/1706 1300/1/1707 1290/1/1703
f 1292/1/1708 1301/1/1709 1291/1/1706
f 1292/1/1708 1303/1/1710 1302/1/1711
f 1293/1/1712 1304/1/1713 1303/1/1710
f 1294/1/1714 1305/1/1715 1304/1/1713
f 1295/1/1716 1306/1/1717 1305/1/1715
f 1296/1/1718 1307/1/1719 1306/1/1717
f 1298/1/1720 1307/1/1719 1297/1/1721
f 1289/1/1705 1308/1/1722 1298/1/1720
f 1299/1/1723 1310/1/1724 1309/1/1725
f 1300/1/1726 1311/1/1727 1310/1/1724
f 1301/1/1728 1312/1/1729 1311/1/1727
f 1303/1/1730 1312/1/1729 1302/1/1731
f 1304/1/1732 1313/1/1733 1303/1/1730
f 1305/1/1734 1314/1/1735 1304/1/1732
f 1306/1/1736 1315/1/1737 1305/1/1734
f 1307/1/1738 1316/1/1739 1306/1/1736
f 1307/1/1738 1318/1/1740 1317/1/1741
f 1308/1/1742 1309/1/1725 1318/1/1740
f 1309/1/1743 1320/1/1744 1319/1/1745
f 1310/1/1746 1321/1/1747 1320/1/1744
f 1311/1/1748 1322/1/1749 1321/1/1747
f 1313/1/1750 1322/1/1749 1312/1/1751
f 1314/1/1752 1323/1/1753 1313/1/1750
f 1315/1/1754 1324/1/1755 1314/1/1752
f 1316/1/1756 1325/1/1757 1315/1/1754
f 1317/1/1758 1326/1/1759 1316/1/1756
f 1317/1/1758 1328/1/1760 1327/1/1761
f 1318/1/1762 1319/1/1745 1328/1/1760
f 1320/1/1763 1329/1/1764 1319/1/1765
f 1321/1/1766 1330/1/1767 1320/1/1763
f 1322/1/1768 1331/1/1769 1321/1/1766
f 1322/1/1768 1333/1/1770 1332/1/1771
f 1323/1/1772 1334/1/1773 1333/1/1770
f 1324/1/1774 1335/1/1775 1334/1/1773
f 1325/1/1776 1336/1/1777 1335/1/1775
f 1326/1/1778 1337/1/1779 1336/1/1777
f 1328/1/1780 1337/1/1779 1327/1/1781
f 1319/1/1765 1338/1/1782 1328/1/1780
f 1329/1/1783 1340/1/1784 1339/1/1785
f 1330/1/1786 1341/1/1787 1340/1/1784
f 1331/1/1788 1342/1/1789 1341/1/1787
f 1333/1/1790 1342/1/1789 1332/1/1791
f 1334/1/1792 1343/1/1793 1333/1/1790
f 1335/1/1794 1344/1/1795 1334/1/1792
f 1336/1/1796 1345/1/1797 1335/1/1794
f 1337/1/1798 1346/1/1799 1336/1/1796
f 1337/1/1798 1348/1/1800 1347/1/1801
f 1338/1/1802 1339/1/1785 1348/1/1800
f 1339/1/1803 1350/1/1804 1349/1/1805
f 1340/1/1806 1351/1/1807 1350/1/1804
f 1341/1/1808 1352/1/1809 1351/1/1807
f 1343/1/1810 1352/1/1809 1342/1/1811
f 1344/1/1812 1353/1/1813 1343/1/1810
f 1345/1/1814 1354/1/1815 1344/1/1812
f 1346/1/1816 1355/1/1817 1345/1/1814
f 1347/1/1818 1356/1/1819 1346/1/1816
f 1347/1/1818 1358/1/1820 1357/1/1818
f 1348/1/1821 1349/1/1805 1358/1/1820
f 1350/1/1822 1359/1/1823 1349/1/1824
f 1351/1/1825 1360/1/1826 1350/1/1822
f 1352/1/1827 1361/1/1828 1351/1/1825
f 1352/1/1827 1363/1/1829 1362/1/1830
f 1353/1/1831 1364/1/1832 1363/1/1829
f 1354/1/1833 1365/1/1834 1364/1/1832
f 1355/1/1835 1366/1/1836 1365/1/1834
f 1356/1/1837 1367/1/1838 1366/1/1836
f 1358/1/1839 1367/1/1838 1357/1/1840
f 1349/1/1824 1368/1/1841 1358/1/1839
f 1359/1/1842 1370/1/1843 1369/1/1844
f 1360/1/1845 1371/1/1846 1370/1/1843
f 1361/1/1847 1372/1/1848 1371/1/1846
f 1363/1/1849 1372/1/1848 1362/1/1850
f 1364/1/1851 1373/1/1852 1363/1/1849
f 1365/1/1853 1374/1/1854 1364/1/1851
f 1366/1/1855 1375/1/1856 1365/1/1853
f 1367/1/1857 1376/1/1858 1366/1/1855
f 1367/1/1857 1378/1/1859 1377/1/1860
f 1368/1/1861 1369/1/1844 1378/1/1859
f 1369/1/1862 1380/1/1863 1379/1/1864
f 1370/1/1865 1381/1/1866 1380/1/1863
f 1371/1/1867 1382/1/1868 1381/1/1866
f 1373/1/1869 1382/1/1868 1372/1/1870
f 1374/1/1871 1383/1/1872 1373/1/1869
f 1375/1/1873 1384/1/1874 1374/1/1871
f 1376/1/1875 1385/1/1876 1375/1/1873
f 1377/1/1877 1386/1/1878 1376/1/1875
f 1377/1/1877 1388/1/1879 1387/1/1877
f 1378/1/1880 1379/1/1864 1388/1/1879
f 1380/1/1881 1389/1/1882 1379/1/1883
f 1381/1/1884 1390/1/1885 1380/1/1881
f 1382/1/1886 1391/1/1887 1381/1/1884
f 1382/1/1886 1393/1/1888 1392/1/1889
f 1383/1/1890 1394/1/1891 1393/1/1888
f 1384/1/1892 1395/1/1893 1394/1/1891
f 1385/1/1894 1396/1/1895 1395/1/1893
f 1386/1/1896 1397/1/1897 1396/1/1895
f 1388/1/1898 1397/1/1897 1387/1/1899
f 1379/1/1883 1398/1/1900 1388/1/1898
f 1389/1/1901 1400/1/1902 1399/1/1903
f 1390/1/1904 1401/1/1905 1400/1/1902
f 1391/1/1906 1402/1/1907 1401/1/1905
f 1393/1/1908 1402/1/1907 1392/1/1909
f 1394/1/1910 1403/1/1911 1393/1/1908
f 1395/1/1912 1404/1/1913 1394/1/1910
f 1396/1/1914 1405/1/1915 1395/1/1912
f 1397/1/1916 1406/1/1917 1396/1/1914
f 1397/1/1916 1408/1/1918 1407/1/1919
f 1398/1/1920 1399/1/1903 1408/1/1918
f 1400/1/1921 1409/1/1922 1399/1/1923
f 1401/1/1924 1410/1/1925 1400/1/1921
f 1402/1/1926 1411/1/1927 1401/1/1924
f 1402/1/1926 1413/1/1928 1412/1/1926
f 1403/1/1929 1414/1/1930 1413/1/1928
f 1404/1/1931 1415/1/1932 1414/1/1930
f 1405/1/1933 1416/1/1934 1415/1/1932
f 1406/1/1935 1417/1/1936 1416/1/1934
f 1408/1/1937 1417/1/1936 1407/1/1938
f 1399/1/1923 1418/1/1939 1408/1/1937
f 1410/1/1940 1419/1/1941 1409/1/1942
f 1411/1/1943 1420/1/1944 1410/1/1940
f 1412/1/1945 1421/1/1946 1411/1/1943
f 1412/1/1945 1423/1/1947 1422/1/1948
f 1413/1/1949 1424/1/1950 1423/1/1947
f 1414/1/1951 1425/1/1952 1424/1/1950
f 1415/1/1953 1426/1/1954 1425/1/1952
f 1416/1/1955 1427/1/1956 1426/1/1954
f 1418/1/1957 1427/1/1956 1417/1/1958
f 1409/1/1942 1428/1/1959 1418/1/1957
f 1419/1/1960 1430/1/1961 1429/1/1962
f 1420/1/1963 1431/1/1964 1430/1/1961
f 1421/1/1965 1432/1/1966 1431/1/1964
f 1423/1/1967 1432/1/1966 1422/1/1968
f 1424/1/1969 1433/1/1970 1423/1/1967
f 1425/1/1971 1434/1/1972 1424/1/1969
f 1426/1/1973 1435/1/1974 1425/1/1971
f 1427/1/1975 1436/1/1976 1426/1/1973
f 1427/1/1975 1438/1/1977 1437/1/1978
f 1428/1/1979 1429/1/1962 1438/1/1977
f 1430/1/1980 1439/1/1981 1429/1/1982
f 1431/1/1983 1440/1/1984 1430/1/1980
f 1432/1/1985 1441/1/1986 1431/1/1983
f 1432/1/1985 1443/1/1987 1442/1/1985
f 1433/1/1988 1444/1/1989 1443/1/1987
f 1434/1/1990 1445/1/1991 1444/1/1989
f 1435/1/1992 1446/1/1993 1445/1/1991
f 1436/1/1994 1447/1/1995 1446/1/1993
f 1438/1/1996 1447/1/1995 1437/1/1997
f 1429/1/1982 1448/1/1998 1438/1/1996
f 1440/1/1999 1449/1/2000 1439/1/2001
f 1441/1/2002 1450/1/2003 1440/1/1999
f 1442/1/2004 1451/1/2005 1441/1/2002
f 1442/1/2004 1453/1/2006 1452/1/2007
f 1443/1/2008 1454/1/2009 1453/1/2006
f 1444/1/2010 1455/1/2011 1454/1/2009
f 1445/1/2012 1456/1/2013 1455/1/2011
f 1446/1/2014 1457/1/2015 1456/1/2013
f 1448/1/2016 1457/1/2015 1447/1/2017
f 1439/1/2001 1458/1/2018 1448/1/2016
f 1449/1/2019 1460/1/2020 1459/1/2021
f 1450/1/2022 1461/1/2023 1460/1/2020
f 1451/1/2024 1462/1/2025 1461/1/2023
f 1453/1/2026 1462/1/2025 1452/1/2027
f 1454/1/2028 1463/1/2029 1453/1/2026
f 1455/1/2030 1464/1/2031 1454/1/2028
f 1456/1/2032 1465/1/2033 1455/1/2030
f 1457/1/2034 1466/1/2035 1456/1/2032
f 1457/1/2034 1468/1/2036 1467/1/2037
f 1458/1/2038 1459/1/2021 1468/1/2036
f 1460/1/2039 1469/1/2040 1459/1/2041
f 1461/1/2042 1470/1/2043 1460/1/2039
f 1462/1/2044 1471/1/2045 1461/1/2042
f 1462/1/2044 1473/1/2046 1472/1/2047
f 1463/1/2048 1474/1/2049 1473/1/2046
f 1464/1/2050 1475/1/2051 1474/1/2049
f 1465/1/2052 1476/1/2053 1475/1/2051
f 1466/1/2054 1477/1/2055 1476/1/2053
f 1468/1/2056 1477/1/2055 1467/1/2057
f 1459/1/2041 1478/1/2058 1468/1/2056
f 509/1/210 510/1/212 520/1/211
f 510/1/212 511/1/213 521/1/213
f 512/1/214 522/1/214 521/1/213
f 513/1/215 523/1/217 522/1/214
f 514/1/216 524/1/216 523/1/217
f 514/1/216 515/1/219 525/1/218
f 515/1/219 516/1/220 526/1/220
f 517/1/221 527/1/221 526/1/220
f 518/1/222 528/1/223 527/1/221
f 509/1/210 519/1/210 528/1/223
f 520/1/198 530/1/201 529/1/199
f 521/1/200 531/1/200 530/1/201
f 521/1/200 522/1/202 532/1/202
f 523/1/224 533/1/203 532/1/202
f 524/1/204 534/1/204 533/1/203
f 525/1/205 535/1/207 534/1/204
f 526/1/206 536/1/206 535/1/207
f 526/1/206 527/1/208 537/1/208
f 528/1/225 538/1/209 537/1/208
f 519/1/199 529/1/199 538/1/209
f 529/1/210 530/1/212 540/1/211
f 530/1/212 531/1/213 541/1/213
f 532/1/214 542/1/214 541/1/213
f 533/1/215 543/1/215 542/1/214
f 533/1/215 534/1/216 544/1/216
f 534/1/216 535/1/219 545/1/218
f 535/1/219 536/1/220 546/1/220
f 537/1/221 547/1/221 546/1/220
f 538/1/222 548/1/222 547/1/221
f 538/1/222 529/1/210 539/1/210
f 539/1/199 540/1/201 550/1/201
f 541/1/200 551/1/200 550/1/201
f 541/1/200 542/1/202 552/1/202
f 543/1/224 553/1/203 552/1/202
f 544/1/204 554/1/204 553/1/203
f 544/1/204 545/1/207 555/1/207
f 546/1/206 556/1/206 555/1/207
f 546/1/206 547/1/208 557/1/208
f 548/1/225 558/1/209 557/1/208
f 539/1/199 549/1/199 558/1/209
f 550/1/226 560/1/230 559/1/227
f 551/1/229 561/1/232 560/1/230
f 551/1/229 552/1/233 562/1/231
f 552/1/233 553/1/235 563/1/234
f 553/1/235 554/1/237 564/1/236
f 554/1/237 555/1/239 565/1/238
f 555/1/239 556/1/242 566/1/240
f 557/1/241 567/1/244 566/1/240
f 558/1/243 568/1/245 567/1/244
f 549/1/228 559/1/227 568/1/245
f 560/1/246 570/1/250 569/1/247
f 561/1/249 571/1/252 570/1/250
f 561/1/249 562/1/253 572/1/251
f 562/1/253 563/1/255 573/1/254
f 563/1/255 564/1/257 574/1/256
f 564/1/257 565/1/259 575/1/258
f 565/1/259 566/1/262 576/1/260
f 567/1/261 577/1/264 576/1/260
f 568/1/263 578/1/265 577/1/264
f 559/1/248 569/1/247 578/1/265
f 570/1/266 580/1/270 579/1/267
f 571/1/269 581/1/272 580/1/270
f 571/1/269 572/1/273 582/1/271
f 572/1/273 573/1/275 583/1/274
f 573/1/275 574/1/277 584/1/276
f 574/1/277 575/1/279 585/1/278
f 575/1/279 576/1/282 586/1/280
f 577/1/281 587/1/284 586/1/280
f 578/1/283 588/1/285 587/1/284
f 569/1/268 579/1/267 588/1/285
f 579/1/286 580/1/289 590/1/287
f 580/1/289 581/1/292 591/1/290
f 582/1/291 592/1/294 591/1/290
f 583/1/293 593/1/296 592/1/294
f 584/1/295 594/1/298 593/1/296
f 585/1/297 595/1/300 594/1/298
f 586/1/299 596/1/302 595/1/300
f 586/1/299 587/1/303 597/1/301
f 587/1/303 588/1/305 598/1/304
f 588/1/305 579/1/286 589/1/288
f 589/1/306 590/1/309 600/1/307
f 590/1/309 591/1/312 601/1/310
f 592/1/311 602/1/314 601/1/310
f 593/1/313 603/1/316 602/1/314
f 594/1/315 604/1/318 603/1/316
f 595/1/317 605/1/320 604/1/318
f 596/1/319 606/1/322 605/1/320
f 596/1/319 597/1/323 607/1/321
f 597/1/323 598/1/325 608/1/324
f 598/1/325 589/1/306 599/1/308
f 599/1/326 600/1/329 610/1/327
f 600/1/329 601/1/332 611/1/330
f 602/1/331 612/1/334 611/1/330
f 603/1/333 613/1/336 612/1/334
f 604/1/335 614/1/338 613/1/336
f 605/1/337 615/1/340 614/1/338
f 606/1/339 616/1/342 615/1/340
f 606/1/339 607/1/343 617/1/341
f 607/1/343 608/1/345 618/1/344
f 608/1/345 599/1/326 609/1/328
f 609/1/346 610/1/349 620/1/347
f 610/1/349 611/1/352 621/1/350
f 612/1/351 622/1/354 621/1/350
f 613/1/353 623/1/356 622/1/354
f 614/1/355 624/1/358 623/1/356
f 615/1/357 625/1/360 624/1/358
f 616/1/359 626/1/362 625/1/360
f 616/1/359 617/1/363 627/1/361
f 617/1/363 618/1/365 628/1/364
f 618/1/365 609/1/346 619/1/348
f 619/1/366 620/1/369 630/1/367
f 620/1/369 621/1/372 631/1/370
f 622/1/371 632/1/374 631/1/370
f 623/1/373 633/1/376 632/1/374
f 624/1/375 634/1/378 633/1/376
f 625/1/377 635/1/380 634/1/378
f 626/1/379 636/1/382 635/1/380
f 626/1/379 627/1/383 637/1/381
f 627/1/383 628/1/385 638/1/384
f 628/1/385 619/1/366 629/1/368
f 629/1/386 630/1/389 640/1/387
f 630/1/389 631/1/392 641/1/390
f 632/1/391 642/1/394 641/1/390
f 633/1/393 643/1/396 642/1/394
f 634/1/395 644/1/398 643/1/396
f 635/1/397 645/1/400 644/1/398
f 636/1/399 646/1/402 645/1/400
f 636/1/399 637/1/403 647/1/401
f 637/1/403 638/1/405 648/1/404
f 638/1/405 629/1/386 639/1/388
f 640/1/406 650/1/410 649/1/407
f 641/1/409 651/1/412 650/1/410
f 641/1/409 642/1/413 652/1/411
f 642/1/413 643/1/415 653/1/414
f 643/1/415 644/1/417 654/1/416
f 644/1/417 645/1/419 655/1/418
f 645/1/419 646/1/422 656/1/420
f 647/1/421 657/1/424 656/1/420
f 648/1/423 658/1/425 657/1/424
f 639/1/408 649/1/407 658/1/425
f 649/1/426 650/1/429 660/1/427
f 650/1/429 651/1/432 661/1/430
f 652/1/431 662/1/434 661/1/430
f 653/1/433 663/1/436 662/1/434
f 654/1/435 664/1/438 663/1/436
f 655/1/437 665/1/440 664/1/438
f 656/1/439 666/1/442 665/1/440
f 656/1/439 657/1/443 667/1/441
f 657/1/443 658/1/445 668/1/444
f 658/1/445 649/1/426 659/1/428
f 659/1/446 660/1/449 670/1/447
f 660/1/449 661/1/452 671/1/450
f 662/1/451 672/1/454 671/1/450
f 663/1/453 673/1/456 672/1/454
f 664/1/455 674/1/458 673/1/456
f 665/1/457 675/1/460 674/1/458
f 666/1/459 676/1/462 675/1/460
f 666/1/459 667/1/463 677/1/461
f 667/1/463 668/1/465 678/1/464
f 668/1/465 659/1/446 669/1/448
f 670/1/466 680/1/470 679/1/467
f 671/1/469 681/1/472 680/1/470
f 671/1/469 672/1/473 682/1/471
f 672/1/473 673/1/475 683/1/474
f 673/1/475 674/1/477 684/1/476
f 674/1/477 675/1/479 685/1/478
f 675/1/479 676/1/482 686/1/480
f 677/1/481 687/1/484 686/1/480
f 678/1/483 688/1/485 687/1/484
f 669/1/468 679/1/467 688/1/485
f 679/1/486 680/1/489 690/1/487
f 680/1/489 681/1/492 691/1/490
f 682/1/491 692/1/494 691/1/490
f 683/1/493 693/1/496 692/1/494
f 684/1/495 694/1/498 693/1/496
f 685/1/497 695/1/500 694/1/498
f 686/1/499 696/1/502 695/1/500
f 686/1/499 687/1/503 697/1/501
f 687/1/503 688/1/505 698/1/504
f 688/1/505 679/1/486 689/1/488
f 690/1/506 700/1/510 699/1/507
f 691/1/509 701/1/512 700/1/510
f 691/1/509 692/1/513 702/1/511
f 692/1/513 693/1/515 703/1/514
f 693/1/515 694/1/517 704/1/516
f 694/1/517 695/1/519 705/1/518
f 695/1/519 696/1/522 706/1/520
f 697/1/521 707/1/524 706/1/520
f 698/1/523 708/1/525 707/1/524
f 689/1/508 699/1/507 708/1/525
f 699/1/526 700/1/529 710/1/527
f 700/1/529 701/1/532 711/1/530
f 702/1/531 712/1/534 711/1/530
f 703/1/533 713/1/536 712/1/534
f 704/1/535 714/1/538 713/1/536
f 705/1/537 715/1/540 714/1/538
f 706/1/539 716/1/542 715/1/540
f 706/1/539 707/1/543 717/1/541
f 707/1/543 708/1/545 718/1/544
f 708/1/545 699/1/526 709/1/528
f 709/1/546 710/1/549 720/1/547
f 710/1/549 711/1/552 721/1/550
f 712/1/551 722/1/554 721/1/550
f 713/1/553 723/1/556 722/1/554
f 714/1/555 724/1/558 723/1/556
f 715/1/557 725/1/560 724/1/558
f 716/1/559 726/1/562 725/1/560
f 716/1/559 717/1/563 727/1/561
f 717/1/563 718/1/565 728/1/564
f 718/1/565 709/1/546 719/1/548
f 720/1/566 730/1/570 729/1/567
f 721/1/569 731/1/572 730/1/570
f 721/1/569 722/1/573 732/1/571
f 722/1/573 723/1/575 733/1/574
f 723/1/575 724/1/577 734/1/576
f 724/1/577 725/1/579 735/1/578
f 725/1/579 726/1/582 736/1/580
f 727/1/581 737/1/584 736/1/580
f 728/1/583 738/1/585 737/1/584
f 719/1/568 729/1/567 738/1/585
f 729/1/586 730/1/589 740/1/587
f 730/1/589 731/1/592 741/1/590
f 732/1/591 742/1/594 741/1/590
f 733/1/593 743/1/596 742/1/594
f 734/1/595 744/1/598 743/1/596
f 735/1/597 745/1/600 744/1/598
f 736/1/599 746/1/602 745/1/600
f 736/1/599 737/1/603 747/1/601
f 737/1/603 738/1/605 748/1/604
f 738/1/605 729/1/586 739/1/588
f 740/1/606 750/1/610 749/1/607
f 741/1/609 751/1/612 750/1/610
f 741/1/609 742/1/613 752/1/611
f 742/1/613 743/1/615 753/1/614
f 743/1/615 744/1/617 754/1/616
f 744/1/617 745/1/619 755/1/618
f 745/1/619 746/1/622 756/1/620
f 747/1/621 757/1/624 756/1/620
f 748/1/623 758/1/625 757/1/624
f 739/1/608 749/1/607 758/1/625
f 749/1/626 750/1/629 760/1/627
f 750/1/629 751/1/632 761/1/630
f 752/1/631 762/1/634 761/1/630
f 753/1/633 763/1/636 762/1/634
f 754/1/635 764/1/638 763/1/636
f 755/1/637 765/1/640 764/1/638
f 756/1/639 766/1/642 765/1/640
f 756/1/639 757/1/643 767/1/641
f 757/1/643 758/1/645 768/1/644
f 758/1/645 749/1/626 759/1/628
f 760/1/646 770/1/650 769/1/647
f 761/1/649 771/1/652 770/1/650
f 761/1/649 762/1/653 772/1/651
f 762/1/653 763/1/655 773/1/654
f 763/1/655 764/1/657 774/1/656
f 764/1/657 765/1/659 775/1/658
f 765/1/659 766/1/662 776/1/660
f 767/1/661 777/1/664 776/1/660
f 768/1/663 778/1/665 777/1/664
f 759/1/648 769/1/647 778/1/665
f 769/1/666 770/1/669 780/1/667
f 770/1/669 771/1/672 781/1/670
f 772/1/671 782/1/674 781/1/670
f 773/1/673 783/1/676 782/1/674
f 774/1/675 784/1/678 783/1/676
f 775/1/677 785/1/680 784/1/678
f 776/1/679 786/1/682 785/1/680
f 776/1/679 777/1/683 787/1/681
f 777/1/683 778/1/685 788/1/684
f 778/1/685 769/1/666 779/1/668
f 780/1/686 790/1/690 789/1/687
f 781/1/689 791/1/692 790/1/690
f 781/1/689 782/1/693 792/1/691
f 782/1/693 783/1/695 793/1/694
f 783/1/695 784/1/697 794/1/696
f 784/1/697 785/1/699 795/1/698
f 785/1/699 786/1/702 796/1/700
f 787/1/701 797/1/704 796/1/700
f 788/1/703 798/1/705 797/1/704
f 779/1/688 789/1/687 798/1/705
f 789/1/706 790/1/709 800/1/707
f 790/1/709 791/1/712 801/1/710
f 792/1/711 802/1/714 801/1/710
f 793/1/713 803/1/716 802/1/714
f 794/1/715 804/1/718 803/1/716
f 795/1/717 805/1/720 804/1/718
f 796/1/719 806/1/722 805/1/720
f 796/1/719 797/1/723 807/1/721
f 797/1/723 798/1/725 808/1/724
f 798/1/725 789/1/706 799/1/708
f 800/1/726 810/1/730 809/1/727
f 801/1/729 811/1/732 810/1/730
f 802/1/731 812/1/734 811/1/732
f 802/1/731 803/1/735 813/1/733
f 803/1/735 804/1/737 814/1/736
f 804/1/737 805/1/739 815/1/738
f 805/1/739 806/1/741 816/1/740
f 806/1/741 807/1/744 817/1/742
f 808/1/743 818/1/745 817/1/742
f 799/1/728 809/1/727 818/1/745
f 810/1/746 820/1/750 819/1/747
f 811/1/749 821/1/752 820/1/750
f 811/1/749 812/1/753 822/1/751
f 812/1/753 813/1/755 823/1/754
f 813/1/755 814/1/757 824/1/756
f 814/1/757 815/1/759 825/1/758
f 815/1/759 816/1/762 826/1/760
f 817/1/761 827/1/764 826/1/760
f 818/1/763 828/1/765 827/1/764
f 809/1/748 819/1/747 828/1/765
f 819/1/766 820/1/769 830/1/767
f 820/1/769 821/1/772 831/1/770
f 822/1/771 832/1/774 831/1/770
f 823/1/773 833/1/776 832/1/774
f 824/1/775 834/1/778 833/1/776
f 825/1/777 835/1/780 834/1/778
f 826/1/779 836/1/782 835/1/780
f 826/1/779 827/1/783 837/1/781
f 827/1/783 828/1/785 838/1/784
f 828/1/785 819/1/766 829/1/768
f 830/1/786 840/1/790 839/1/787
f 831/1/789 841/1/792 840/1/790
f 831/1/789 832/1/793 842/1/791
f 832/1/793 833/1/795 843/1/794
f 833/1/795 834/1/797 844/1/796
f 834/1/797 835/1/799 845/1/798
f 835/1/799 836/1/802 846/1/800
f 837/1/801 847/1/804 846/1/800
f 838/1/803 848/1/805 847/1/804
f 829/1/788 839/1/787 848/1/805
f 839/1/806 840/1/809 850/1/807
f 840/1/809 841/1/812 851/1/810
f 842/1/811 852/1/814 851/1/810
f 843/1/813 853/1/816 852/1/814
f 844/1/815 854/1/818 853/1/816
f 845/1/817 855/1/820 854/1/818
f 846/1/819 856/1/822 855/1/820
f 846/1/819 847/1/823 857/1/821
f 847/1/823 848/1/825 858/1/824
f 848/1/825 839/1/806 849/1/808
f 850/1/826 860/1/830 859/1/827
f 851/1/829 861/1/832 860/1/830
f 852/1/831 862/1/834 861/1/832
f 852/1/831 853/1/835 863/1/833
f 853/1/835 854/1/837 864/1/836
f 854/1/837 855/1/839 865/1/838
f 855/1/839 856/1/841 866/1/840
f 856/1/841 857/1/844 867/1/842
f 858/1/843 868/1/845 867/1/842
f 849/1/828 859/1/827 868/1/845
f 859/1/846 860/1/849 870/1/847
f 860/1/849 861/1/851 871/1/850
f 861/1/851 862/1/854 872/1/852
f 863/1/853 873/1/856 872/1/852
f 864/1/855 874/1/858 873/1/856
f 865/1/857 875/1/860 874/1/858
f 866/1/859 876/1/862 875/1/860
f 867/1/861 877/1/864 876/1/862
f 867/1/861 868/1/865 878/1/863
f 868/1/865 859/1/846 869/1/848
f 870/1/866 880/1/870 879/1/867
f 871/1/869 881/1/872 880/1/870
f 872/1/871 882/1/874 881/1/872
f 872/1/871 873/1/875 883/1/873
f 873/1/875 874/1/877 884/1/876
f 874/1/877 875/1/879 885/1/878
f 875/1/879 876/1/881 886/1/880
f 876/1/881 877/1/884 887/1/882
f 878/1/883 888/1/885 887/1/882
f 869/1/868 879/1/867 888/1/885
f 880/1/886 890/1/890 889/1/887
f 881/1/889 891/1/892 890/1/890
f 882/1/891 892/1/894 891/1/892
f 882/1/891 883/1/895 893/1/893
f 883/1/895 884/1/897 894/1/896
f 884/1/897 885/1/899 895/1/898
f 885/1/899 886/1/901 896/1/900
f 886/1/901 887/1/904 897/1/902
f 888/1/903 898/1/905 897/1/902
f 879/1/888 889/1/887 898/1/905
f 889/1/906 890/1/909 900/1/907
f 890/1/909 891/1/911 901/1/910
f 891/1/911 892/1/914 902/1/912
f 893/1/913 903/1/916 902/1/912
f 894/1/915 904/1/918 903/1/916
f 895/1/917 905/1/920 904/1/918
f 896/1/919 906/1/922 905/1/920
f 897/1/921 907/1/924 906/1/922
f 897/1/921 898/1/925 908/1/923
f 898/1/925 889/1/906 899/1/908
f 900/1/926 910/1/930 909/1/927
f 901/1/929 911/1/932 910/1/930
f 902/1/931 912/1/934 911/1/932
f 902/1/931 903/1/935 913/1/933
f 903/1/935 904/1/937 914/1/936
f 904/1/937 905/1/939 915/1/938
f 905/1/939 906/1/941 916/1/940
f 906/1/941 907/1/944 917/1/942
f 908/1/943 918/1/945 917/1/942
f 899/1/928 909/1/927 918/1/945
f 909/1/946 910/1/949 920/1/947
f 910/1/949 911/1/951 921/1/950
f 911/1/951 912/1/954 922/1/952
f 913/1/953 923/1/956 922/1/952
f 914/1/955 924/1/958 923/1/956
f 915/1/957 925/1/960 924/1/958
f 916/1/959 926/1/962 925/1/960
f 917/1/961 927/1/964 926/1/962
f 917/1/961 918/1/965 928/1/963
f 918/1/965 909/1/946 919/1/948
f 920/1/966 930/1/970 929/1/967
f 921/1/969 931/1/972 930/1/970
f 922/1/971 932/1/974 931/1/972
f 922/1/971 923/1/975 933/1/973
f 923/1/975 924/1/977 934/1/976
f 924/1/977 925/1/979 935/1/978
f 925/1/979 926/1/981 936/1/980
f 926/1/981 927/1/984 937/1/982
f 928/1/983 938/1/985 937/1/982
f 919/1/968 929/1/967 938/1/985
f 930/1/986 940/1/990 939/1/987
f 931/1/989 941/1/992 940/1/990
f 932/1/991 942/1/994 941/1/992
f 932/1/991 933/1/995 943/1/993
f 933/1/995 934/1/997 944/1/996
f 934/1/997 935/1/999 945/1/998
f 935/1/999 936/1/1001 946/1/1000
f 936/1/1001 937/1/1004 947/1/1002
f 938/1/1003 948/1/1005 947/1/1002
f 929/1/988 939/1/987 948/1/1005
f 939/1/1006 940/1/1009 950/1/1007
f 940/1/1009 941/1/1011 951/1/1010
f 941/1/1011 942/1/1014 952/1/1012
f 943/1/1013 953/1/1016 952/1/1012
f 944/1/1015 954/1/1018 953/1/1016
f 945/1/1017 955/1/1020 954/1/1018
f 946/1/1019 956/1/1022 955/1/1020
f 947/1/1021 957/1/1024 956/1/1022
f 947/1/1021 948/1/1025 958/1/1023
f 948/1/1025 939/1/1006 949/1/1008
f 950/1/1026 960/1/1030 959/1/1027
f 951/1/1029 961/1/1032 960/1/1030
f 952/1/1031 962/1/1034 961/1/1032
f 952/1/1031 953/1/1035 963/1/1033
f 953/1/1035 954/1/1037 964/1/1036
f 954/1/1037 955/1/1039 965/1/1038
f 955/1/1039 956/1/1041 966/1/1040
f 956/1/1041 957/1/1044 967/1/1042
f 958/1/1043 968/1/1045 967/1/1042
f 949/1/1028 959/1/1027 968/1/1045
f 959/1/1046 960/1/1049 970/1/1047
f 960/1/1049 961/1/1051 971/1/1050
f 961/1/1051 962/1/1054 972/1/1052
f 963/1/1053 973/1/1056 972/1/1052
f 964/1/1055 974/1/1058 973/1/1056
f 965/1/1057 975/1/1060 974/1/1058
f 966/1/1059 976/1/1062 975/1/1060
f 967/1/1061 977/1/1064 976/1/1062
f 967/1/1061 968/1/1065 978/1/1063
f 968/1/1065 959/1/1046 969/1/1048
f 969/1/1066 970/1/1069 980/1/1067
f 970/1/1069 971/1/1071 981/1/1070
f 971/1/1071 972/1/1074 982/1/1072
f 973/1/1073 983/1/1076 982/1/1072
f 974/1/1075 984/1/1078 983/1/1076
f 975/1/1077 985/1/1080 984/1/1078
f 976/1/1079 986/1/1082 985/1/1080
f 977/1/1081 987/1/1084 986/1/1082
f 977/1/1081 978/1/1085 988/1/1083
f 978/1/1085 969/1/1066 979/1/1068
f 980/1/1086 990/1/1090 989/1/1087
f 981/1/1089 991/1/1092 990/1/1090
f 982/1/1091 992/1/1094 991/1/1092
f 982/1/1091 983/1/1095 993/1/1093
f 983/1/1095 984/1/1097 994/1/1096
f 984/1/1097 985/1/1099 995/1/1098
f 985/1/1099 986/1/1101 996/1/1100
f 986/1/1101 987/1/1104 997/1/1102
f 988/1/1103 998/1/1105 997/1/1102
f 979/1/1088 989/1/1087 998/1/1105
f 989/1/1106 990/1/1109 1000/1/1107
f 990/1/1109 991/1/1111 1001/1/1110
f 991/1/1111 992/1/1114 1002/1/1112
f 993/1/1113 1003/1/1116 1002/1/1112
f 994/1/1115 1004/1/1118 1003/1/1116
f 995/1/1117 1005/1/1120 1004/1/1118
f 996/1/1119 1006/1/1122 1005/1/1120
f 997/1/1121 1007/1/1124 1006/1/1122
f 997/1/1121 998/1/1125 1008/1/1123
f 998/1/1125 989/1/1106 999/1/1108
f 1000/1/1126 1010/1/1130 1009/1/1127
f 1001/1/1129 1011/1/1132 1010/1/1130
f 1002/1/1131 1012/1/1134 1011/1/1132
f 1002/1/1131 1003/1/1135 1013/1/1133
f 1003/1/1135 1004/1/1137 1014/1/1136
f 1004/1/1137 1005/1/1139 1015/1/1138
f 1005/1/1139 1006/1/1141 1016/1/1140
f 1006/1/1141 1007/1/1144 1017/1/1142
f 1008/1/1143 1018/1/1145 1017/1/1142
f 999/1/1128 1009/1/1127 1018/1/1145
f 1010/1/1146 1020/1/1150 1019/1/1147
f 1011/1/1149 1021/1/1152 1020/1/1150
f 1012/1/1151 1022/1/1154 1021/1/1152
f 1012/1/1151 1013/1/1155 1023/1/1153
f 1013/1/1155 1014/1/1157 1024/1/1156
f 1014/1/1157 1015/1/1159 1025/1/1158
f 1015/1/1159 1016/1/1161 1026/1/1160
f 1016/1/1161 1017/1/1164 1027/1/1162
f 1018/1/1163 1028/1/1165 1027/1/1162
f 1009/1/1148 1019/1/1147 1028/1/1165
f 1019/1/1166 1020/1/1169 1030/1/1167
f 1020/1/1169 1021/1/1171 1031/1/1170
f 1021/1/1171 1022/1/1174 1032/1/1172
f 1023/1/1173 1033/1/1176 1032/1/1172
f 1024/1/1175 1034/1/1178 1033/1/1176
f 1025/1/1177 1035/1/1180 1034/1/1178
f 1026/1/1179 1036/1/1182 1035/1/1180
f 1027/1/1181 1037/1/1184 1036/1/1182
f 1027/1/1181 1028/1/1185 1038/1/1183
f 1028/1/1185 1019/1/1166 1029/1/1168
f 1030/1/1186 1040/1/1190 1039/1/1187
f 1031/1/1189 1041/1/1192 1040/1/1190
f 1032/1/1191 1042/1/1194 1041/1/1192
f 1032/1/1191 1033/1/1195 1043/1/1193
f 1033/1/1195 1034/1/1197 1044/1/1196
f 1034/1/1197 1035/1/1199 1045/1/1198
f 1035/1/1199 1036/1/1201 1046/1/1200
f 1036/1/1201 1037/1/1204 1047/1/1202
f 1038/1/1203 1048/1/1205 1047/1/1202
f 1029/1/1188 1039/1/1187 1048/1/1205
f 1039/1/1206 1040/1/1209 1050/1/1207
f 1040/1/1209 1041/1/1211 1051/1/1210
f 1041/1/1211 1042/1/1214 1052/1/1212
f 1043/1/1213 1053/1/1216 1052/1/1212
f 1044/1/1215 1054/1/1218 1053/1/1216
f 1045/1/1217 1055/1/1220 1054/1/1218
f 1046/1/1219 1056/1/1222 1055/1/1220
f 1047/1/1221 1057/1/1224 1056/1/1222
f 1047/1/1221 1048/1/1225 1058/1/1223
f 1048/1/1225 1039/1/1206 1049/1/1208
f 1049/1/1226 1050/1/1229 1060/1/1227
f 1050/1/1229 1051/1/1231 1061/1/1230
f 1051/1/1231 1052/1/1234 1062/1/1232
f 1053/1/1233 1063/1/1236 1062/1/1232
f 1054/1/1235 1064/1/1238 1063/1/1236
f 1055/1/1237 1065/1/1240 1064/1/1238
f 1056/1/1239 1066/1/1242 1065/1/1240
f 1057/1/1241 1067/1/1244 1066/1/1242
f 1057/1/1241 1058/1/1245 1068/1/1243
f 1058/1/1245 1049/1/1226 1059/1/1228
f 1060/1/1246 1070/1/1250 1069/1/1247
f 1061/1/1249 1071/1/1252 1070/1/1250
f 1062/1/1251 1072/1/1254 1071/1/1252
f 1062/1/1251 1063/1/1255 1073/1/1253
f 1063/1/1255 1064/1/1257 1074/1/1256
f 1064/1/1257 1065/1/1259 1075/1/1258
f 1065/1/1259 1066/1/1261 1076/1/1260
f 1066/1/1261 1067/1/1264 1077/1/1262
f 1068/1/1263 1078/1/1265 1077/1/1262
f 1059/1/1248 1069/1/1247 1078/1/1265
f 1069/1/1266 1070/1/1269 1080/1/1267
f 1070/1/1269 1071/1/1271 1081/1/1270
f 1071/1/1271 1072/1/1274 1082/1/1272
f 1073/1/1273 1083/1/1276 1082/1/1272
f 1074/1/1275 1084/1/1278 1083/1/1276
f 1075/1/1277 1085/1/1280 1084/1/1278
f 1076/1/1279 1086/1/1282 1085/1/1280
f 1077/1/1281 1087/1/1284 1086/1/1282
f 1077/1/1281 1078/1/1285 1088/1/1283
f 1078/1/1285 1069/1/1266 1079/1/1268
f 1080/1/1286 1090/1/1290 1089/1/1287
f 1081/1/1289 1091/1/1292 1090/1/1290
f 1082/1/1291 1092/1/1291 1091/1/1292
f 1082/1/1291 1083/1/1294 1093/1/1293
f 1083/1/1294 1084/1/1296 1094/1/1295
f 1084/1/1296 1085/1/1298 1095/1/1297
f 1085/1/1298 1086/1/1300 1096/1/1299
f 1086/1/1300 1087/1/1301 1097/1/1301
f 1088/1/1302 1098/1/1303 1097/1/1301
f 1079/1/1288 1089/1/1287 1098/1/1303
f 1090/1/1304 1100/1/1308 1099/1/1305
f 1091/1/1307 1101/1/1310 1100/1/1308
f 1092/1/1309 1102/1/1312 1101/1/1310
f 1092/1/1309 1093/1/1313 1103/1/1311
f 1093/1/1313 1094/1/1315 1104/1/1314
f 1094/1/1315 1095/1/1317 1105/1/1316
f 1095/1/1317 1096/1/1319 1106/1/1318
f 1096/1/1319 1097/1/1322 1107/1/1320
f 1098/1/1321 1108/1/1323 1107/1/1320
f 1089/1/1306 1099/1/1305 1108/1/1323
f 1099/1/1324 1100/1/1327 1110/1/1325
f 1100/1/1327 1101/1/1329 1111/1/1328
f 1101/1/1329 1102/1/1332 1112/1/1330
f 1103/1/1331 1113/1/1334 1112/1/1330
f 1104/1/1333 1114/1/1336 1113/1/1334
f 1105/1/1335 1115/1/1338 1114/1/1336
f 1106/1/1337 1116/1/1340 1115/1/1338
f 1107/1/1339 1117/1/1342 1116/1/1340
f 1107/1/1339 1108/1/1343 1118/1/1341
f 1108/1/1343 1099/1/1324 1109/1/1326
f 1110/1/1344 1120/1/1348 1119/1/1345
f 1111/1/1347 1121/1/1350 1120/1/1348
f 1112/1/1349 1122/1/1352 1121/1/1350
f 1112/1/1349 1113/1/1353 1123/1/1351
f 1113/1/1353 1114/1/1355 1124/1/1354
f 1114/1/1355 1115/1/1357 1125/1/1356
f 1115/1/1357 1116/1/1359 1126/1/1358
f 1116/1/1359 1117/1/1362 1127/1/1360
f 1118/1/1361 1128/1/1363 1127/1/1360
f 1109/1/1346 1119/1/1345 1128/1/1363
f 1120/1/1364 1130/1/1368 1129/1/1365
f 1121/1/1367 1131/1/1370 1130/1/1368
f 1122/1/1369 1132/1/1372 1131/1/1370
f 1122/1/1369 1123/1/1373 1133/1/1371
f 1123/1/1373 1124/1/1375 1134/1/1374
f 1124/1/1375 1125/1/1377 1135/1/1376
f 1125/1/1377 1126/1/1379 1136/1/1378
f 1126/1/1379 1127/1/1382 1137/1/1380
f 1128/1/1381 1138/1/1383 1137/1/1380
f 1119/1/1366 1129/1/1365 1138/1/1383
f 1129/1/1384 1130/1/1387 1140/1/1385
f 1130/1/1387 1131/1/1389 1141/1/1388
f 1131/1/1389 1132/1/1392 1142/1/1390
f 1133/1/1391 1143/1/1394 1142/1/1390
f 1134/1/1393 1144/1/1396 1143/1/1394
f 1135/1/1395 1145/1/1398 1144/1/1396
f 1136/1/1397 1146/1/1400 1145/1/1398
f 1137/1/1399 1147/1/1402 1146/1/1400
f 1137/1/1399 1138/1/1403 1148/1/1401
f 1138/1/1403 1129/1/1384 1139/1/1386
f 1140/1/1404 1150/1/1408 1149/1/1405
f 1141/1/1407 1151/1/1410 1150/1/1408
f 1142/1/1409 1152/1/1409 1151/1/1410
f 1142/1/1409 1143/1/1412 1153/1/1411
f 1143/1/1412 1144/1/1414 1154/1/1413
f 1144/1/1414 1145/1/1416 1155/1/1415
f 1145/1/1416 1146/1/1418 1156/1/1417
f 1146/1/1418 1147/1/1421 1157/1/1419
f 1148/1/1420 1158/1/1422 1157/1/1419
f 1139/1/1406 1149/1/1405 1158/1/1422
f 1150/1/1423 1160/1/1427 1159/1/1424
f 1151/1/1426 1161/1/1429 1160/1/1427
f 1152/1/1428 1162/1/1431 1161/1/1429
f 1152/1/1428 1153/1/1432 1163/1/1430
f 1153/1/1432 1154/1/1434 1164/1/1433
f 1154/1/1434 1155/1/1436 1165/1/1435
f 1155/1/1436 1156/1/1438 1166/1/1437
f 1156/1/1438 1157/1/1441 1167/1/1439
f 1158/1/1440 1168/1/1442 1167/1/1439
f 1149/1/1425 1159/1/1424 1168/1/1442
f 1159/1/1443 1160/1/1446 1170/1/1444
f 1160/1/1446 1161/1/1448 1171/1/1447
f 1161/1/1448 1162/1/1451 1172/1/1449
f 1163/1/1450 1173/1/1453 1172/1/1449
f 1164/1/1452 1174/1/1455 1173/1/1453
f 1165/1/1454 1175/1/1457 1174/1/1455
f 1166/1/1456 1176/1/1459 1175/1/1457
f 1167/1/1458 1177/1/1461 1176/1/1459
f 1167/1/1458 1168/1/1462 1178/1/1460
f 1168/1/1462 1159/1/1443 1169/1/1445
f 1170/1/1463 1180/1/1467 1179/1/1464
f 1171/1/1466 1181/1/1469 1180/1/1467
f 1172/1/1468 1182/1/1471 1181/1/1469
f 1172/1/1468 1173/1/1472 1183/1/1470
f 1173/1/1472 1174/1/1474 1184/1/1473
f 1174/1/1474 1175/1/1476 1185/1/1475
f 1175/1/1476 1176/1/1478 1186/1/1477
f 1176/1/1478 1177/1/1481 1187/1/1479
f 1178/1/1480 1188/1/1482 1187/1/1479
f 1169/1/1465 1179/1/1464 1188/1/1482
f 1179/1/1483 1180/1/1486 1190/1/1484
f 1180/1/1486 1181/1/1488 1191/1/1487
f 1181/1/1488 1182/1/1491 1192/1/1489
f 1183/1/1490 1193/1/1493 1192/1/1489
f 1184/1/1492 1194/1/1495 1193/1/1493
f 1185/1/1494 1195/1/1497 1194/1/1495
f 1186/1/1496 1196/1/1499 1195/1/1497
f 1187/1/1498 1197/1/1501 1196/1/1499
f 1187/1/1498 1188/1/1502 1198/1/1500
f 1188/1/1502 1179/1/1483 1189/1/1485
f 1189/1/1503 1190/1/1506 1200/1/1504
f 1190/1/1506 1191/1/1508 1201/1/1507
f 1191/1/1508 1192/1/1511 1202/1/1509
f 1193/1/1510 1203/1/1513 1202/1/1509
f 1194/1/1512 1204/1/1515 1203/1/1513
f 1195/1/1514 1205/1/1517 1204/1/1515
f 1196/1/1516 1206/1/1519 1205/1/1517
f 1197/1/1518 1207/1/1521 1206/1/1519
f 1197/1/1518 1198/1/1522 1208/1/1520
f 1198/1/1522 1189/1/1503 1199/1/1505
f 1200/1/1523 1210/1/1527 1209/1/1524
f 1201/1/1526 1211/1/1529 1210/1/1527
f 1202/1/1528 1212/1/1531 1211/1/1529
f 1202/1/1528 1203/1/1532 1213/1/1530
f 1203/1/1532 1204/1/1534 1214/1/1533
f 1204/1/1534 1205/1/1536 1215/1/1535
f 1205/1/1536 1206/1/1538 1216/1/1537
f 1206/1/1538 1207/1/1541 1217/1/1539
f 1208/1/1540 1218/1/1542 1217/1/1539
f 1199/1/1525 1209/1/1524 1218/1/1542
f 1209/1/1543 1210/1/1546 1220/1/1544
f 1210/1/1546 1211/1/1548 1221/1/1547
f 1211/1/1548 1212/1/1551 1222/1/1549
f 1213/1/1550 1223/1/1553 1222/1/1549
f 1214/1/1552 1224/1/1555 1223/1/1553
f 1215/1/1554 1225/1/1557 1224/1/1555
f 1216/1/1556 1226/1/1559 1225/1/1557
f 1217/1/1558 1227/1/1561 1226/1/1559
f 1217/1/1558 1218/1/1562 1228/1/1560
f 1218/1/1562 1209/1/1543 1219/1/1545
f 1219/1/1563 1220/1/1566 1230/1/1564
f 1220/1/1566 1221/1/1568 1231/1/1567
f 1221/1/1568 1222/1/1571 1232/1/1569
f 1223/1/1570 1233/1/1573 1232/1/1569
f 1224/1/1572 1234/1/1575 1233/1/1573
f 1225/1/1574 1235/1/1577 1234/1/1575
f 1226/1/1576 1236/1/1579 1235/1/1577
f 1227/1/1578 1237/1/1581 1236/1/1579
f 1227/1/1578 1228/1/1582 1238/1/1580
f 1228/1/1582 1219/1/1563 1229/1/1565
f 1230/1/1583 1240/1/1587 1239/1/1584
f 1231/1/1586 1241/1/1589 1240/1/1587
f 1232/1/1588 1242/1/1591 1241/1/1589
f 1232/1/1588 1233/1/1592 1243/1/1590
f 1233/1/1592 1234/1/1594 1244/1/1593
f 1234/1/1594 1235/1/1596 1245/1/1595
f 1235/1/1596 1236/1/1598 1246/1/1597
f 1236/1/1598 1237/1/1601 1247/1/1599
f 1238/1/1600 1248/1/1602 1247/1/1599
f 1229/1/1585 1239/1/1584 1248/1/1602
f 1239/1/1603 1240/1/1606 1250/1/1604
f 1240/1/1606 1241/1/1608 1251/1/1607
f 1241/1/1608 1242/1/1611 1252/1/1609
f 1243/1/1610 1253/1/1613 1252/1/1609
f 1244/1/1612 1254/1/1615 1253/1/1613
f 1245/1/1614 1255/1/1617 1254/1/1615
f 1246/1/1616 1256/1/1619 1255/1/1617
f 1247/1/1618 1257/1/1621 1256/1/1619
f 1247/1/1618 1248/1/1622 1258/1/1620
f 1248/1/1622 1239/1/1603 1249/1/1605
f 1249/1/1623 1250/1/1626 1260/1/1624
f 1250/1/1626 1251/1/1628 1261/1/1627
f 1251/1/1628 1252/1/1631 1262/1/1629
f 1253/1/1630 1263/1/1633 1262/1/1629
f 1254/1/1632 1264/1/1635 1263/1/1633
f 1255/1/1634 1265/1/1637 1264/1/1635
f 1256/1/1636 1266/1/1639 1265/1/1637
f 1257/1/1638 1267/1/1641 1266/1/1639
f 1257/1/1638 1258/1/1642 1268/1/1640
f 1258/1/1642 1249/1/1623 1259/1/1625
f 1260/1/1643 1270/1/1647 1269/1/1644
f 1261/1/1646 1271/1/1649 1270/1/1647
f 1262/1/1648 1272/1/1651 1271/1/1649
f 1262/1/1648 1263/1/1652 1273/1/1650
f 1263/1/1652 1264/1/1654 1274/1/1653
f 1264/1/1654 1265/1/1656 1275/1/1655
f 1265/1/1656 1266/1/1658 1276/1/1657
f 1266/1/1658 1267/1/1661 1277/1/1659
f 1268/1/1660 1278/1/1662 1277/1/1659
f 1259/1/1645 1269/1/1644 1278/1/1662
f 1269/1/1663 1270/1/1666 1280/1/1664
f 1270/1/1666 1271/1/1668 1281/1/1667
f 1271/1/1668 1272/1/1671 1282/1/1669
f 1273/1/1670 1283/1/1673 1282/1/1669
f 1274/1/1672 1284/1/1675 1283/1/1673
f 1275/1/1674 1285/1/1677 1284/1/1675
f 1276/1/1676 1286/1/1679 1285/1/1677
f 1277/1/1678 1287/1/1681 1286/1/1679
f 1277/1/1678 1278/1/1682 1288/1/1680
f 1278/1/1682 1269/1/1663 1279/1/1665
f 1279/1/1683 1280/1/1686 1290/1/1684
f 1280/1/1686 1281/1/1688 1291/1/1687
f 1281/1/1688 1282/1/1691 1292/1/1689
f 1283/1/1690 1293/1/1693 1292/1/1689
f 1284/1/1692 1294/1/1695 1293/1/1693
f 1285/1/1694 1295/1/1697 1294/1/1695
f 1286/1/1696 1296/1/1699 1295/1/1697
f 1287/1/1698 1297/1/1701 1296/1/1699
f 1287/1/1698 1288/1/1702 1298/1/1700
f 1288/1/1702 1279/1/1683 1289/1/1685
f 1290/1/1703 1300/1/1707 1299/1/1704
f 1291/1/1706 1301/1/1709 1300/1/1707
f 1292/1/1708 1302/1/1711 1301/1/1709
f 1292/1/1708 1293/1/1712 1303/1/1710
f 1293/1/1712 1294/1/1714 1304/1/1713
f 1294/1/1714 1295/1/1716 1305/1/1715
f 1295/1/1716 1296/1/1718 1306/1/1717
f 1296/1/1718 1297/1/1721 1307/1/1719
f 1298/1/1720 1308/1/1722 1307/1/1719
f 1289/1/1705 1299/1/1704 1308/1/1722
f 1299/1/1723 1300/1/1726 1310/1/1724
f 1300/1/1726 1301/1/1728 1311/1/1727
f 1301/1/1728 1302/1/1731 1312/1/1729
f 1303/1/1730 1313/1/1733 1312/1/1729
f 1304/1/1732 1314/1/1735 1313/1/1733
f 1305/1/1734 1315/1/1737 1314/1/1735
f 1306/1/1736 1316/1/1739 1315/1/1737
f 1307/1/1738 1317/1/1741 1316/1/1739
f 1307/1/1738 1308/1/1742 1318/1/1740
f 1308/1/1742 1299/1/1723 1309/1/1725
f 1309/1/1743 1310/1/1746 1320/1/1744
f 1310/1/1746 1311/1/1748 1321/1/1747
f 1311/1/1748 1312/1/1751 1322/1/1749
f 1313/1/1750 1323/1/1753 1322/1/1749
f 1314/1/1752 1324/1/1755 1323/1/1753
f 1315/1/1754 1325/1/1757 1324/1/1755
f 1316/1/1756 1326/1/1759 1325/1/1757
f 1317/1/1758 1327/1/1761 1326/1/1759
f 1317/1/1758 1318/1/1762 1328/1/1760
f 1318/1/1762 1309/1/1743 1319/1/1745
f 1320/1/1763 1330/1/1767 1329/1/1764
f 1321/1/1766 1331/1/1769 1330/1/1767
f 1322/1/1768 1332/1/1771 1331/1/1769
f 1322/1/1768 1323/1/1772 1333/1/1770
f 1323/1/1772 1324/1/1774 1334/1/1773
f 1324/1/1774 1325/1/1776 1335/1/1775
f 1325/1/1776 1326/1/1778 1336/1/1777
f 1326/1/1778 1327/1/1781 1337/1/1779
f 1328/1/1780 1338/1/1782 1337/1/1779
f 1319/1/1765 1329/1/1764 1338/1/1782
f 1329/1/1783 1330/1/1786 1340/1/1784
f 1330/1/1786 1331/1/1788 1341/1/1787
f 1331/1/1788 1332/1/1791 1342/1/1789
f 1333/1/1790 1343/1/1793 1342/1/1789
f 1334/1/1792 1344/1/1795 1343/1/1793
f 1335/1/1794 1345/1/1797 1344/1/1795
f 1336/1/1796 1346/1/1799 1345/1/1797
f 1337/1/1798 1347/1/1801 1346/1/1799
f 1337/1/1798 1338/1/1802 1348/1/1800
f 1338/1/1802 1329/1/1783 1339/1/1785
f 1339/1/1803 1340/1/1806 1350/1/1804
f 1340/1/1806 1341/1/1808 1351/1/1807
f 1341/1/1808 1342/1/1811 1352/1/1809
f 1343/1/1810 1353/1/1813 1352/1/1809
f 1344/1/1812 1354/1/1815 1353/1/1813
f 1345/1/1814 1355/1/1817 1354/1/1815
f 1346/1/1816 1356/1/1819 1355/1/1817
f 1347/1/1818 1357/1/1818 1356/1/1819
f 1347/1/1818 1348/1/1821 1358/1/1820
f 1348/1/1821 1339/1/1803 1349/1/1805
f 1350/1/1822 1360/1/1826 1359/1/1823
f 1351/1/1825 1361/1/1828 1360/1/1826
f 1352/1/1827 1362/1/1830 1361/1/1828
f 1352/1/1827 1353/1/1831 1363/1/1829
f 1353/1/1831 1354/1/1833 1364/1/1832
f 1354/1/1833 1355/1/1835 1365/1/1834
f 1355/1/1835 1356/1/1837 1366/1/1836
f 1356/1/1837 1357/1/1840 1367/1/1838
f 1358/1/1839 1368/1/1841 1367/1/1838
f 1349/1/1824 1359/1/1823 1368/1/1841
f 1359/1/1842 1360/1/1845 1370/1/1843
f 1360/1/1845 1361/1/1847 1371/1/1846
f 1361/1/1847 1362/1/1850 1372/1/1848
f 1363/1/1849 1373/1/1852 1372/1/1848
f 1364/1/1851 1374/1/1854 1373/1/1852
f 1365/1/1853 1375/1/1856 1374/1/1854
f 1366/1/1855 1376/1/1858 1375/1/1856
f 1367/1/1857 1377/1/1860 1376/1/1858
f 1367/1/1857 1368/1/1861 1378/1/1859
f 1368/1/1861 1359/1/1842 1369/1/1844
f 1369/1/1862 1370/1/1865 1380/1/1863
f 1370/1/1865 1371/1/1867 1381/1/1866
f 1371/1/1867 1372/1/1870 1382/1/1868
f 1373/1/1869 1383/1/1872 1382/1/1868
f 1374/1/1871 1384/1/1874 1383/1/1872
f 1375/1/1873 1385/1/1876 1384/1/1874
f 1376/1/1875 1386/1/1878 1385/1/1876
f 1377/1/1877 1387/1/1877 1386/1/1878
f 1377/1/1877 1378/1/1880 1388/1/1879
f 1378/1/1880 1369/1/1862 1379/1/1864
f 1380/1/1881 1390/1/1885 1389/1/1882
f 1381/1/1884 1391/1/1887 1390/1/1885
f 1382/1/1886 1392/1/1889 1391/1/1887
f 1382/1/1886 1383/1/1890 1393/1/1888
f 1383/1/1890 1384/1/1892 1394/1/1891
f 1384/1/1892 1385/1/1894 1395/1/1893
f 1385/1/1894 1386/1/1896 1396/1/1895
f 1386/1/1896 1387/1/1899 1397/1/1897
f 1388/1/1898 1398/1/1900 1397/1/1897
f 1379/1/1883 1389/1/1882 1398/1/1900
f 1389/1/1901 1390/1/1904 1400/1/1902
f 1390/1/1904 1391/1/1906 1401/1/1905
f 1391/1/1906 1392/1/1909 1402/1/1907
f 1393/1/1908 1403/1/1911 1402/1/1907
f 1394/1/1910 1404/1/1913 1403/1/1911
f 1395/1/1912 1405/1/1915 1404/1/1913
f 1396/1/1914 1406/1/1917 1405/1/1915
f 1397/1/1916 1407/1/1919 1406/1/1917
f 1397/1/1916 1398/1/1920 1408/1/1918
f 1398/1/1920 1389/1/1901 1399/1/1903
f 1400/1/1921 1410/1/1925 1409/1/1922
f 1401/1/1924 1411/1/1927 1410/1/1925
f 1402/1/1926 1412/1/1926 1411/1/1927
f 1402/1/1926 1403/1/1929 1413/1/1928
f 1403/1/1929 1404/1/1931 1414/1/1930
f 1404/1/1931 1405/1/1933 1415/1/1932
f 1405/1/1933 1406/1/1935 1416/1/1934
f 1406/1/1935 1407/1/1938 1417/1/1936
f 1408/1/1937 1418/1/1939 1417/1/1936
f 1399/1/1923 1409/1/1922 1418/1/1939
f 1410/1/1940 1420/1/1944 1419/1/1941
f 1411/1/1943 1421/1/1946 1420/1/1944
f 1412/1/1945 1422/1/1948 1421/1/1946
f 1412/1/1945 1413/1/1949 1423/1/1947
f 1413/1/1949 1414/1/1951 1424/1/1950
f 1414/1/1951 1415/1/1953 1425/1/1952
f 1415/1/1953 1416/1/1955 1426/1/1954
f 1416/1/1955 1417/1/1958 1427/1/1956
f 1418/1/1957 1428/1/1959 1427/1/1956
f 1409/1/1942 1419/1/1941 1428/1/1959
f 1419/1/1960 1420/1/1963 1430/1/1961
f 1420/1/1963 1421/1/1965 1431/1/1964
f 1421/1/1965 1422/1/1968 1432/1/1966
f 1423/1/1967 1433/1/1970 1432/1/1966
f 1424/1/1969 1434/1/1972 1433/1/1970
f 1425/1/1971 1435/1/1974 1434/1/1972
f 1426/1/1973 1436/1/1976 1435/1/1974
f 1427/1/1975 1437/1/1978 1436/1/1976
f 1427/1/1975 1428/1/1979 1438/1/1977
f 1428/1/1979 1419/1/1960 1429/1/1962
f 1430/1/1980 1440/1/1984 1439/1/1981
f 1431/1/1983 1441/1/1986 1440/1/1984
f 1432/1/1985 1442/1/1985 1441/1/1986
f 1432/1/1985 1433/1/1988 1443/1/1987
f 1433/1/1988 1434/1/1990 1444/1/1989
f 1434/1/1990 1435/1/1992 1445/1/1991
f 1435/1/1992 1436/1/1994 1446/1/1993
f 1436/1/1994 1437/1/1997 1447/1/1995
f 1438/1/1996 1448/1/1998 1447/1/1995
f 1429/1/1982 1439/1/1981 1448/1/1998
f 1440/1/1999 1450/1/2003 1449/1/2000
f 1441/1/2002 1451/1/2005 1450/1/2003
f 1442/1/2004 1452/1/2007 1451/1/2005
f 1442/1/2004 1443/1/2008 1453/1/2006
f 1443/1/2008 1444/1/2010 1454/1/2009
f 1444/1/2010 1445/1/2012 1455/1/2011
f 1445/1/2012 1446/1/2014 1456/1/2013
f 1446/1/2014 1447/1/2017 1457/1/2015
f 1448/1/2016 1458/1/2018 1457/1/2015
f 1439/1/2001 1449/1/2000 1458/1/2018
f 1449/1/2019 1450/1/2022 1460/1/2020
f 1450/1/2022 1451/1/2024 1461/1/2023
f 1451/1/2024 1452/1/2027 1462/1/2025
f 1453/1/2026 1463/1/2029 1462/1/2025
f 1454/1/2028 1464/1/2031 1463/1/2029
f 1455/1/2030 1465/1/2033 1464/1/2031
f 1456/1/2032 1466/1/2035 1465/1/2033
f 1457/1/2034 1467/1/2037 1466/1/2035
f 1457/1/2034 1458/1/2038 1468/1/2036
f 1458/1/2038 1449/1/2019 1459/1/2021
f 1460/1/2039 1470/1/2043 1469/1/2040
f 1461/1/2042 1471/1/2045 1470/1/2043
f 1462/1/2044 1472/1/2047 1471/1/2045
f 1462/1/2044 1463/1/2048 1473/1/2046
f 1463/1/2048 1464/1/2050 1474/1/2049
f 1464/1/2050 1465/1/2052 1475/1/2051
f 1465/1/2052 1466/1/2054 1476/1/2053
f 1466/1/2054 1467/1/2057 1477/1/2055
f 1468/1/2056 1478/1/2058 1477/1/2055
f 1459/1/2041 1469/1/2040 1478/1/2058
