;Jeminie 3DS Converter

CreateMeshBuilder,
;Jeminie 3DS Converter
AddVertex,-1.300000,1.978364,8.474072,
AddVertex,-1.300000,1.978364,8.224072,
AddVertex,-1.300000,2.328364,8.224072,
AddVertex,-1.300000,2.328364,8.474072,
AddFace,0,1,2,
AddFace,2,3,0,
GenerateNormals,
LoadTexture,A1.png,
SetTextureCoordinates,0,1.014162,1.001369,
SetTextureCoordinates,1,0.014162,1.001369,
SetTextureCoordinates,2,0.014162,0.029147,
SetTextureCoordinates,3,1.014162,0.029147,
SetColor,255,255,255,255,

CreateMeshBuilder,
;Jeminie 3DS Converter
AddVertex,-0.364632,1.674708,8.646943,
AddVertex,-0.364632,1.574709,8.646943,
AddVertex,0.135368,1.574709,8.646943,
AddVertex,0.135368,1.674708,8.646943,
AddVertex,0.135368,1.674708,8.275003,
AddVertex,-0.364632,1.674708,8.275003,
AddVertex,-0.364632,1.574709,8.646943,
AddVertex,-0.364632,1.674708,8.646943,
AddVertex,-0.364632,1.674708,8.275003,
AddVertex,-0.364632,1.574709,8.175003,
AddVertex,-0.364632,1.928812,8.275003,
AddVertex,-0.364632,1.644709,8.175003,
AddVertex,-0.364632,1.928812,8.175003,
AddVertex,-0.364632,1.644709,8.175003,
AddVertex,-0.364632,1.928812,8.175003,
AddVertex,0.135368,1.928812,8.175003,
AddVertex,0.135368,1.644709,8.175003,
AddVertex,0.135368,1.574709,8.646943,
AddVertex,0.135368,1.574709,8.175003,
AddVertex,0.135368,1.644709,8.175003,
AddVertex,0.135368,1.674708,8.275003,
AddVertex,0.135368,1.928812,8.175003,
AddVertex,0.135368,1.928812,8.275003,
AddVertex,0.135368,1.928812,8.275003,
AddVertex,0.135368,1.928812,8.175003,
AddVertex,0.185368,1.928812,8.725003,
AddVertex,0.135368,1.928812,8.725003,
AddVertex,0.135368,1.995508,8.725003,
AddVertex,0.135368,1.928812,8.725003,
AddVertex,0.185368,1.928812,8.725003,
AddVertex,0.185368,1.995508,8.725003,
AddVertex,0.135368,1.995508,8.725003,
AddVertex,0.185368,1.995508,8.725003,
AddVertex,0.185368,1.995508,8.175003,
AddVertex,0.135368,1.995508,8.275003,
AddVertex,0.135368,1.995508,8.175003,
AddVertex,0.135368,1.995508,8.275003,
AddVertex,0.135368,1.995508,8.175003,
AddVertex,0.135368,2.248044,8.175003,
AddVertex,0.135368,2.248044,8.275003,
AddVertex,0.135368,1.995508,8.275003,
AddVertex,0.135368,2.248044,8.275003,
AddVertex,-0.364632,2.248044,8.275003,
AddVertex,-0.364632,1.995508,8.275003,
AddVertex,0.135368,1.928812,8.275003,
AddVertex,-0.364632,1.928812,8.275003,
AddVertex,-0.364632,1.928812,8.725003,
AddVertex,-0.364632,1.928812,8.275003,
AddVertex,-0.364632,1.995508,8.275003,
AddVertex,-0.364632,1.995508,8.725003,
AddVertex,-0.364632,1.928812,8.725003,
AddVertex,-0.364632,1.995508,8.725003,
AddVertex,-0.414632,1.995508,8.725003,
AddVertex,-0.414632,1.928812,8.725003,
AddVertex,-0.364632,1.928812,8.725003,
AddVertex,-0.414632,1.928812,8.725003,
AddVertex,-0.414632,1.928812,8.175003,
AddVertex,-0.364632,1.928812,8.175003,
AddVertex,-0.364632,1.928812,8.275003,
AddVertex,-0.414632,1.928812,8.175003,
AddVertex,0.185368,1.995508,8.175003,
AddVertex,0.185368,1.928812,8.175003,
AddVertex,0.185368,1.928812,8.175003,
AddVertex,0.185368,1.928812,8.725003,
AddVertex,0.185368,1.928812,8.175003,
AddVertex,0.185368,1.995508,8.175003,
AddVertex,0.185368,1.995508,8.725003,
AddVertex,-0.414632,1.995508,8.175003,
AddVertex,0.135368,1.995508,8.175003,
AddVertex,-0.364632,1.995508,8.175003,
AddVertex,0.135368,2.248044,8.175003,
AddVertex,-0.364632,2.248044,8.175003,
AddVertex,0.088703,2.294708,8.175003,
AddVertex,0.135368,2.248044,8.275003,
AddVertex,0.135368,2.248044,8.175003,
AddVertex,0.088703,2.294708,8.175003,
AddVertex,0.088703,2.294708,8.275003,
AddVertex,0.088703,2.294708,8.275003,
AddVertex,-0.317967,2.294708,8.275003,
AddVertex,-0.317967,2.294708,8.275003,
AddVertex,0.088703,2.294708,8.275003,
AddVertex,-0.317967,2.294708,8.175003,
AddVertex,-0.364632,2.248044,8.275003,
AddVertex,-0.364632,2.248044,8.175003,
AddVertex,-0.364632,1.995508,8.175003,
AddVertex,-0.364632,1.995508,8.275003,
AddVertex,-0.364632,1.995508,8.725003,
AddVertex,-0.364632,1.995508,8.275003,
AddVertex,-0.364632,1.995508,8.175003,
AddVertex,-0.414632,1.995508,8.725003,
AddVertex,-0.414632,1.995508,8.175003,
AddVertex,-0.414632,1.995508,8.725003,
AddVertex,-0.414632,1.995508,8.175003,
AddVertex,-0.414632,1.928812,8.175003,
AddVertex,-0.414632,1.928812,8.725003,
AddVertex,-0.364632,1.574709,8.175003,
AddVertex,0.135368,1.574709,8.175003,
AddVertex,0.135368,1.995508,8.725003,
AddVertex,0.135368,1.995508,8.275003,
AddVertex,0.135368,1.928812,8.275003,
AddVertex,0.135368,1.928812,8.725003,
AddVertex,-0.317967,2.294708,8.275003,
AddVertex,-0.317967,2.294708,8.175003,
AddVertex,-0.364632,2.248044,8.175003,
AddVertex,-0.364632,2.248044,8.275003,
AddFace,0,1,2,
AddFace,2,3,0,
AddFace,0,3,4,
AddFace,4,5,0,
AddFace,6,7,8,
AddFace,9,6,8,
AddFace,9,8,10,
AddFace,11,9,10,
AddFace,10,12,11,
AddFace,13,14,15,
AddFace,15,16,13,
AddFace,17,18,19,
AddFace,19,20,17,
AddFace,20,3,17,
AddFace,19,21,20,
AddFace,22,20,21,
AddFace,23,24,25,
AddFace,25,26,23,
AddFace,27,28,29,
AddFace,29,30,27,
AddFace,31,32,33,
AddFace,34,31,33,
AddFace,33,35,34,
AddFace,36,37,38,
AddFace,38,39,36,
AddFace,40,41,42,
AddFace,40,42,43,
AddFace,44,40,43,
AddFace,44,43,45,
AddFace,4,44,45,
AddFace,45,5,4,
AddFace,46,47,48,
AddFace,48,49,46,
AddFace,50,51,52,
AddFace,52,53,50,
AddFace,54,55,56,
AddFace,56,57,54,
AddFace,57,58,54,
AddFace,14,59,60,
AddFace,15,14,60,
AddFace,60,61,15,
AddFace,24,62,25,
AddFace,63,64,65,
AddFace,65,66,63,
AddFace,59,67,60,
AddFace,67,68,60,
AddFace,67,69,68,
AddFace,70,68,69,
AddFace,69,71,70,
AddFace,71,72,70,
AddFace,73,74,75,
AddFace,75,76,73,
AddFace,41,77,78,
AddFace,41,78,42,
AddFace,79,80,72,
AddFace,72,81,79,
AddFace,71,81,72,
AddFace,82,83,84,
AddFace,84,85,82,
AddFace,86,87,88,
AddFace,89,86,88,
AddFace,88,90,89,
AddFace,91,92,93,
AddFace,93,94,91,
AddFace,95,96,2,
AddFace,2,1,95,
AddFace,97,98,99,
AddFace,99,100,97,
AddFace,101,102,103,
AddFace,103,104,101,
GenerateNormals,
LoadTexture,A7.png,
SetTextureCoordinates,0,0.000000,0.161765,
SetTextureCoordinates,1,-0.000000,-0.063604,
SetTextureCoordinates,2,1.000000,-0.063604,
SetTextureCoordinates,3,1.000000,0.161765,
SetTextureCoordinates,4,1.000000,1.000000,
SetTextureCoordinates,5,0.000000,1.000000,
SetTextureCoordinates,6,0.743879,0.774631,
SetTextureCoordinates,7,0.743879,1.000000,
SetTextureCoordinates,8,-0.000000,1.000000,
SetTextureCoordinates,9,-0.200000,0.774631,
SetTextureCoordinates,10,-0.000000,1.572669,
SetTextureCoordinates,11,-0.200000,0.932389,
SetTextureCoordinates,12,-0.200000,1.572669,
SetTextureCoordinates,13,0.000000,3.749499,
SetTextureCoordinates,14,0.000000,3.109219,
SetTextureCoordinates,15,1.000000,3.109219,
SetTextureCoordinates,16,1.000000,3.749499,
SetTextureCoordinates,17,1.200000,0.161765,
SetTextureCoordinates,18,1.200000,1.225369,
SetTextureCoordinates,19,1.060000,1.225369,
SetTextureCoordinates,20,1.000000,1.000000,
SetTextureCoordinates,21,0.491794,1.225369,
SetTextureCoordinates,22,0.491794,1.000000,
SetTextureCoordinates,23,-12.200589,19.413462,
SetTextureCoordinates,24,-12.000589,19.413462,
SetTextureCoordinates,25,-13.100590,19.526146,
SetTextureCoordinates,26,-13.100590,19.413462,
SetTextureCoordinates,27,1.000000,1.722982,
SetTextureCoordinates,28,1.000000,1.572669,
SetTextureCoordinates,29,1.100000,1.572669,
SetTextureCoordinates,30,1.100000,1.722982,
SetTextureCoordinates,31,-13.100590,19.885078,
SetTextureCoordinates,32,-13.100590,19.772394,
SetTextureCoordinates,33,-12.000589,19.772394,
SetTextureCoordinates,34,-12.200589,19.885078,
SetTextureCoordinates,35,-12.000589,19.885078,
SetTextureCoordinates,36,0.358401,1.000000,
SetTextureCoordinates,37,0.358401,1.225369,
SetTextureCoordinates,38,-0.146670,1.225369,
SetTextureCoordinates,39,-0.146670,1.000000,
SetTextureCoordinates,40,1.000000,1.722982,
SetTextureCoordinates,41,1.000000,2.292118,
SetTextureCoordinates,42,0.000000,2.292118,
SetTextureCoordinates,43,-0.000000,1.722982,
SetTextureCoordinates,44,1.000000,1.572669,
SetTextureCoordinates,45,-0.000000,1.572669,
SetTextureCoordinates,46,-16.240742,1.572669,
SetTextureCoordinates,47,-15.340742,1.572669,
SetTextureCoordinates,48,-15.340742,1.722982,
SetTextureCoordinates,49,-16.240742,1.722982,
SetTextureCoordinates,50,-0.000000,1.572669,
SetTextureCoordinates,51,-0.000000,1.722982,
SetTextureCoordinates,52,-0.100000,1.722982,
SetTextureCoordinates,53,-0.100000,1.572669,
SetTextureCoordinates,54,-17.759272,16.889160,
SetTextureCoordinates,55,-17.859272,16.889160,
SetTextureCoordinates,56,-17.859272,15.649632,
SetTextureCoordinates,57,-17.759272,15.649632,
SetTextureCoordinates,58,-17.759272,15.875001,
SetTextureCoordinates,59,-0.100000,3.109219,
SetTextureCoordinates,60,1.100000,2.958906,
SetTextureCoordinates,61,1.100000,3.109219,
SetTextureCoordinates,62,-12.000589,19.526146,
SetTextureCoordinates,63,0.491794,-0.014159,
SetTextureCoordinates,64,0.491794,1.225369,
SetTextureCoordinates,65,0.358401,1.225369,
SetTextureCoordinates,66,0.358401,-0.014159,
SetTextureCoordinates,67,-0.100000,2.958906,
SetTextureCoordinates,68,1.000000,2.958906,
SetTextureCoordinates,69,0.000000,2.958906,
SetTextureCoordinates,70,1.000000,2.389770,
SetTextureCoordinates,71,0.000000,2.389770,
SetTextureCoordinates,72,0.906670,2.284602,
SetTextureCoordinates,73,-15.340742,0.974949,
SetTextureCoordinates,74,-15.140742,0.974949,
SetTextureCoordinates,75,-15.140742,1.123679,
SetTextureCoordinates,76,-15.340742,1.123679,
SetTextureCoordinates,77,0.906670,2.397286,
SetTextureCoordinates,78,0.093330,2.397286,
SetTextureCoordinates,79,0.093330,2.059233,
SetTextureCoordinates,80,0.906670,2.059233,
SetTextureCoordinates,81,0.093330,2.284602,
SetTextureCoordinates,82,-0.000000,2.292118,
SetTextureCoordinates,83,-0.200000,2.292118,
SetTextureCoordinates,84,-0.200000,1.722982,
SetTextureCoordinates,85,-0.000000,1.722982,
SetTextureCoordinates,86,-15.340742,16.889160,
SetTextureCoordinates,87,-15.340742,15.875001,
SetTextureCoordinates,88,-15.340742,15.649632,
SetTextureCoordinates,89,-15.240743,16.889160,
SetTextureCoordinates,90,-15.240743,15.649632,
SetTextureCoordinates,91,0.900000,1.722982,
SetTextureCoordinates,92,-0.200000,1.722982,
SetTextureCoordinates,93,-0.200000,1.572669,
SetTextureCoordinates,94,0.900000,1.572669,
SetTextureCoordinates,95,-0.000000,-1.127207,
SetTextureCoordinates,96,1.000000,-1.127207,
SetTextureCoordinates,97,18.659271,1.722982,
SetTextureCoordinates,98,17.759272,1.722982,
SetTextureCoordinates,99,17.759272,1.572669,
SetTextureCoordinates,100,18.659271,1.572669,
SetTextureCoordinates,101,17.279270,0.375861,
SetTextureCoordinates,102,17.079271,0.375861,
SetTextureCoordinates,103,17.079271,0.227130,
SetTextureCoordinates,104,17.279270,0.227130,
SetColor,255,255,255,255,

CreateMeshBuilder,
;Jeminie 3DS Converter
AddVertex,-0.416956,1.974778,9.510831,
AddVertex,-0.376956,1.974778,9.510831,
AddVertex,-0.392727,1.964550,9.498188,
AddVertex,-0.393358,1.964033,9.497549,
AddVertex,-0.393755,1.963431,9.496805,
AddVertex,-0.393890,1.962785,9.496006,
AddVertex,-0.395484,1.948881,9.478820,
AddVertex,-0.395310,1.948054,9.477798,
AddVertex,-0.394803,1.947283,9.476844,
AddVertex,-0.416956,1.899778,9.418121,
AddVertex,-0.393995,1.946621,9.476026,
AddVertex,-0.392942,1.946113,9.475398,
AddVertex,-0.243403,1.899778,9.418121,
AddVertex,0.173017,1.899778,9.418121,
AddVertex,-0.011012,1.899778,9.418121,
AddVertex,0.012415,1.939875,9.467687,
AddVertex,0.022415,1.939875,9.467687,
AddVertex,0.022415,1.951040,9.481489,
AddVertex,0.109701,1.938900,9.466482,
AddVertex,0.111772,1.937900,9.465246,
AddVertex,0.114183,1.937272,9.464470,
AddVertex,0.116772,1.937058,9.464205,
AddVertex,0.119360,1.937272,9.464470,
AddVertex,0.121772,1.937900,9.465246,
AddVertex,0.124676,1.940533,9.468500,
AddVertex,0.125432,1.940203,9.468092,
AddVertex,0.126431,1.941719,9.469967,
AddVertex,0.126772,1.943347,9.471979,
AddVertex,0.173017,1.974778,9.510831,
AddVertex,0.126431,1.944975,9.473991,
AddVertex,0.125432,1.946492,9.475866,
AddVertex,0.123843,1.947795,9.477476,
AddVertex,0.121772,1.948794,9.478712,
AddVertex,0.119360,1.949422,9.479488,
AddVertex,0.116772,1.949637,9.479753,
AddVertex,0.114183,1.949422,9.479488,
AddVertex,0.111772,1.948794,9.478712,
AddVertex,0.012415,1.951040,9.481489,
AddVertex,-0.061197,1.951432,9.481974,
AddVertex,-0.071197,1.951432,9.481974,
AddVertex,-0.139383,1.955060,9.486458,
AddVertex,-0.149383,1.955060,9.486458,
AddVertex,-0.168116,1.955087,9.486491,
AddVertex,-0.178116,1.955087,9.486491,
AddVertex,-0.195760,1.955603,9.487129,
AddVertex,-0.205760,1.955603,9.487129,
AddVertex,-0.273747,1.952581,9.483393,
AddVertex,-0.275818,1.953580,9.484628,
AddVertex,-0.278230,1.954208,9.485405,
AddVertex,-0.280818,1.954423,9.485670,
AddVertex,-0.330885,1.953135,9.484078,
AddVertex,-0.332956,1.954135,9.485314,
AddVertex,-0.335368,1.954763,9.486091,
AddVertex,-0.337956,1.954978,9.486356,
AddVertex,-0.340545,1.954763,9.486091,
AddVertex,-0.342956,1.954135,9.485314,
AddVertex,-0.345027,1.953135,9.484078,
AddVertex,-0.346617,1.951833,9.482469,
AddVertex,-0.347616,1.950316,9.480594,
AddVertex,-0.347956,1.948688,9.478581,
AddVertex,-0.347616,1.947060,9.476569,
AddVertex,-0.346617,1.945544,9.474694,
AddVertex,-0.384105,1.963265,9.496600,
AddVertex,-0.345027,1.944241,9.473083,
AddVertex,-0.385318,1.948881,9.478820,
AddVertex,-0.342956,1.943241,9.471848,
AddVertex,-0.385491,1.948054,9.477798,
AddVertex,-0.385999,1.947283,9.476844,
AddVertex,-0.386807,1.946621,9.476026,
AddVertex,-0.387859,1.946113,9.475398,
AddVertex,-0.389085,1.945794,9.475003,
AddVertex,-0.390401,1.945685,9.474868,
AddVertex,-0.391716,1.945794,9.475003,
AddVertex,-0.391716,1.949681,9.471858,
AddVertex,-0.391716,1.945794,9.475003,
AddVertex,-0.392942,1.946113,9.475398,
AddVertex,-0.392942,1.950000,9.472253,
AddVertex,-0.391716,1.955857,9.479492,
AddVertex,-0.391716,1.949681,9.471858,
AddVertex,-0.392942,1.950000,9.472253,
AddVertex,-0.392942,1.955537,9.479097,
AddVertex,-0.393995,1.955029,9.478470,
AddVertex,-0.393995,1.950508,9.472881,
AddVertex,-0.394803,1.954367,9.477652,
AddVertex,-0.394803,1.951170,9.473700,
AddVertex,-0.395310,1.953596,9.476698,
AddVertex,-0.395310,1.951941,9.474652,
AddVertex,-0.395484,1.952769,9.475676,
AddVertex,-0.395310,1.953596,9.476698,
AddVertex,-0.395484,1.952769,9.475676,
AddVertex,-0.395484,1.948881,9.478820,
AddVertex,-0.395310,1.949709,9.479843,
AddVertex,-0.394803,1.954367,9.477652,
AddVertex,-0.394803,1.950480,9.480796,
AddVertex,-0.393995,1.955029,9.478470,
AddVertex,-0.393995,1.951142,9.481614,
AddVertex,-0.392942,1.951650,9.482243,
AddVertex,-0.392942,1.955537,9.479097,
AddVertex,-0.391716,1.951969,9.482637,
AddVertex,-0.391716,1.955857,9.479492,
AddVertex,-0.390401,1.952078,9.482772,
AddVertex,-0.390401,1.955966,9.479627,
AddVertex,-0.390401,1.955966,9.479627,
AddVertex,-0.390401,1.949572,9.471724,
AddVertex,-0.390401,1.949572,9.471724,
AddVertex,-0.390401,1.945685,9.474868,
AddVertex,-0.389085,1.945794,9.475003,
AddVertex,-0.389085,1.949681,9.471858,
AddVertex,-0.387859,1.946113,9.475398,
AddVertex,-0.387859,1.950000,9.472253,
AddVertex,-0.386807,1.946621,9.476026,
AddVertex,-0.386807,1.950508,9.472881,
AddVertex,-0.385999,1.951170,9.473700,
AddVertex,-0.385999,1.947283,9.476844,
AddVertex,-0.385491,1.951941,9.474652,
AddVertex,-0.385491,1.948054,9.477798,
AddVertex,-0.385318,1.952769,9.475676,
AddVertex,-0.385318,1.948881,9.478820,
AddVertex,-0.385318,1.948881,9.478820,
AddVertex,-0.385318,1.952769,9.475676,
AddVertex,-0.385491,1.953596,9.476698,
AddVertex,-0.385491,1.949709,9.479843,
AddVertex,-0.385491,1.949709,9.479843,
AddVertex,-0.385999,1.950480,9.480796,
AddVertex,-0.386041,1.962359,9.495480,
AddVertex,-0.386087,1.962139,9.495208,
AddVertex,-0.386247,1.961895,9.494906,
AddVertex,-0.386483,1.961537,9.494463,
AddVertex,-0.386807,1.951142,9.481614,
AddVertex,-0.387114,1.961020,9.493824,
AddVertex,-0.387859,1.951650,9.482243,
AddVertex,-0.387936,1.960623,9.493334,
AddVertex,-0.388893,1.960374,9.493026,
AddVertex,-0.389085,1.951969,9.482637,
AddVertex,-0.389921,1.960288,9.492921,
AddVertex,-0.390401,1.952078,9.482772,
AddVertex,-0.390948,1.960374,9.493026,
AddVertex,-0.391716,1.951969,9.482637,
AddVertex,-0.391905,1.960623,9.493334,
AddVertex,-0.392727,1.961020,9.493824,
AddVertex,-0.392942,1.951650,9.482243,
AddVertex,-0.393358,1.961537,9.494463,
AddVertex,-0.393755,1.962139,9.495208,
AddVertex,-0.393995,1.951142,9.481614,
AddVertex,-0.394803,1.950480,9.480796,
AddVertex,-0.395310,1.949709,9.479843,
AddVertex,-0.386087,1.963431,9.496805,
AddVertex,-0.386483,1.964033,9.497549,
AddVertex,-0.387114,1.964550,9.498188,
AddVertex,-0.387936,1.964947,9.498679,
AddVertex,-0.388893,1.965196,9.498987,
AddVertex,-0.389921,1.965281,9.499092,
AddVertex,-0.390948,1.965196,9.498987,
AddVertex,-0.391905,1.964947,9.498679,
AddVertex,-0.391838,1.962462,9.495607,
AddVertex,-0.391905,1.962785,9.496006,
AddVertex,-0.391838,1.963108,9.496406,
AddVertex,-0.391639,1.962161,9.495234,
AddVertex,-0.391639,1.963409,9.496778,
AddVertex,-0.391324,1.961902,9.494915,
AddVertex,-0.391324,1.963667,9.497097,
AddVertex,-0.390913,1.961704,9.494670,
AddVertex,-0.390913,1.963866,9.497342,
AddVertex,-0.390434,1.963990,9.497497,
AddVertex,-0.390434,1.961579,9.494516,
AddVertex,-0.389921,1.961537,9.494463,
AddVertex,-0.389921,1.964033,9.497549,
AddVertex,-0.389407,1.961579,9.494516,
AddVertex,-0.389407,1.963990,9.497497,
AddVertex,-0.388928,1.961704,9.494670,
AddVertex,-0.388928,1.963866,9.497342,
AddVertex,-0.388517,1.963667,9.497097,
AddVertex,-0.388517,1.961902,9.494915,
AddVertex,-0.388202,1.962161,9.495234,
AddVertex,-0.388202,1.963409,9.496778,
AddVertex,-0.388004,1.962462,9.495607,
AddVertex,-0.388004,1.963108,9.496406,
AddVertex,-0.387936,1.962785,9.496006,
AddVertex,-0.389085,1.951969,9.482637,
AddVertex,-0.389085,1.955857,9.479492,
AddVertex,-0.389085,1.955857,9.479492,
AddVertex,-0.389085,1.949681,9.471858,
AddVertex,-0.387859,1.950000,9.472253,
AddVertex,-0.387859,1.955537,9.479097,
AddVertex,-0.386807,1.955029,9.478470,
AddVertex,-0.386807,1.950508,9.472881,
AddVertex,-0.385999,1.951170,9.473700,
AddVertex,-0.385999,1.954367,9.477652,
AddVertex,-0.385491,1.951941,9.474652,
AddVertex,-0.385491,1.953596,9.476698,
AddVertex,-0.385318,1.952769,9.475676,
AddVertex,-0.385999,1.954367,9.477652,
AddVertex,-0.385999,1.950480,9.480796,
AddVertex,-0.386807,1.955029,9.478470,
AddVertex,-0.386807,1.951142,9.481614,
AddVertex,-0.387859,1.951650,9.482243,
AddVertex,-0.387859,1.955537,9.479097,
AddVertex,-0.395310,1.948054,9.477798,
AddVertex,-0.395310,1.951941,9.474652,
AddVertex,-0.394803,1.947283,9.476844,
AddVertex,-0.394803,1.951170,9.473700,
AddVertex,-0.393995,1.946621,9.476026,
AddVertex,-0.393995,1.950508,9.472881,
AddVertex,-0.340545,1.942613,9.471071,
AddVertex,-0.337956,1.942399,9.470807,
AddVertex,-0.335368,1.942613,9.471071,
AddVertex,-0.332956,1.943241,9.471848,
AddVertex,-0.330885,1.944241,9.473083,
AddVertex,-0.329296,1.945544,9.474694,
AddVertex,-0.328297,1.947060,9.476569,
AddVertex,-0.327956,1.948688,9.478581,
AddVertex,-0.289478,1.944988,9.474008,
AddVertex,-0.287889,1.943686,9.472398,
AddVertex,-0.285818,1.942686,9.471162,
AddVertex,-0.283406,1.942058,9.470386,
AddVertex,-0.280818,1.941844,9.470120,
AddVertex,-0.278230,1.942058,9.470386,
AddVertex,-0.275818,1.942686,9.471162,
AddVertex,-0.273747,1.943686,9.472398,
AddVertex,-0.272157,1.944988,9.474008,
AddVertex,-0.271158,1.946505,9.475883,
AddVertex,-0.270818,1.948133,9.477895,
AddVertex,-0.271158,1.949761,9.479907,
AddVertex,-0.272157,1.951278,9.481782,
AddVertex,-0.283406,1.954208,9.485405,
AddVertex,-0.329296,1.951833,9.482469,
AddVertex,-0.328297,1.950316,9.480594,
AddVertex,-0.285818,1.953580,9.484628,
AddVertex,-0.287889,1.952581,9.483393,
AddVertex,-0.289478,1.951278,9.481782,
AddVertex,-0.290477,1.949761,9.479907,
AddVertex,-0.290818,1.948133,9.477895,
AddVertex,-0.290477,1.946505,9.475883,
AddVertex,-0.205760,1.949314,9.479355,
AddVertex,-0.205548,1.931743,9.457635,
AddVertex,-0.071087,1.903367,9.422558,
AddVertex,-0.068499,1.903152,9.422294,
AddVertex,-0.235927,1.889778,9.408122,
AddVertex,-0.243403,1.899778,9.418121,
AddVertex,-0.011012,1.899778,9.418121,
AddVertex,-0.016212,1.889778,9.408122,
AddVertex,-0.065911,1.903367,9.422558,
AddVertex,-0.063499,1.903995,9.423335,
AddVertex,-0.061428,1.904994,9.424570,
AddVertex,-0.059839,1.906297,9.426181,
AddVertex,-0.058840,1.907814,9.428056,
AddVertex,-0.058499,1.909442,9.430068,
AddVertex,-0.058840,1.911070,9.432080,
AddVertex,-0.059839,1.912586,9.433955,
AddVertex,-0.061197,1.941255,9.469393,
AddVertex,-0.061428,1.913889,9.435565,
AddVertex,-0.063499,1.914889,9.436801,
AddVertex,-0.065911,1.915517,9.437577,
AddVertex,-0.068499,1.915731,9.437842,
AddVertex,-0.071087,1.915517,9.437577,
AddVertex,-0.071197,1.941255,9.469393,
AddVertex,-0.073499,1.914889,9.436801,
AddVertex,-0.075570,1.913889,9.435565,
AddVertex,-0.077159,1.912586,9.433955,
AddVertex,-0.078158,1.911070,9.432080,
AddVertex,-0.078499,1.909442,9.430068,
AddVertex,-0.078158,1.907814,9.428056,
AddVertex,-0.077159,1.906297,9.426181,
AddVertex,-0.075570,1.904994,9.424570,
AddVertex,-0.139383,1.948771,9.478683,
AddVertex,-0.140548,1.937769,9.465083,
AddVertex,-0.140548,1.931743,9.457635,
AddVertex,-0.073499,1.903995,9.423335,
AddVertex,-0.149166,1.931743,9.457635,
AddVertex,-0.165548,1.931743,9.457635,
AddVertex,-0.175548,1.931743,9.457635,
AddVertex,-0.195548,1.931743,9.457635,
AddVertex,-0.195548,1.938032,9.465409,
AddVertex,-0.178116,1.948798,9.478716,
AddVertex,-0.175548,1.938032,9.465409,
AddVertex,-0.168116,1.948798,9.478716,
AddVertex,-0.165548,1.938032,9.465409,
AddVertex,-0.149383,1.948771,9.478683,
AddVertex,-0.149166,1.937769,9.465083,
AddVertex,-0.195760,1.949314,9.479355,
AddVertex,-0.205548,1.938032,9.465409,
AddVertex,-0.073499,1.922663,9.430511,
AddVertex,-0.071087,1.911141,9.416268,
AddVertex,-0.073499,1.911769,9.417046,
AddVertex,-0.075570,1.921664,9.429276,
AddVertex,-0.075570,1.912769,9.418281,
AddVertex,-0.077159,1.920361,9.427666,
AddVertex,-0.077159,1.914071,9.419891,
AddVertex,-0.078158,1.918844,9.425791,
AddVertex,-0.078158,1.915588,9.421766,
AddVertex,-0.078499,1.917216,9.423779,
AddVertex,-0.071087,1.923291,9.431288,
AddVertex,-0.068499,1.923506,9.431553,
AddVertex,-0.068499,1.910927,9.416004,
AddVertex,-0.065911,1.923291,9.431288,
AddVertex,-0.065911,1.911141,9.416268,
AddVertex,-0.063499,1.911769,9.417046,
AddVertex,-0.063499,1.922663,9.430511,
AddVertex,-0.061428,1.921664,9.429276,
AddVertex,-0.061428,1.912769,9.418281,
AddVertex,-0.059839,1.920361,9.427666,
AddVertex,-0.059839,1.914071,9.419891,
AddVertex,-0.058840,1.915588,9.421766,
AddVertex,-0.058840,1.918844,9.425791,
AddVertex,-0.058499,1.917216,9.423779,
AddVertex,0.109701,1.947795,9.477476,
AddVertex,0.108111,1.946492,9.475866,
AddVertex,0.107112,1.944975,9.473991,
AddVertex,0.106772,1.943347,9.471979,
AddVertex,0.107112,1.941719,9.469967,
AddVertex,0.108111,1.940203,9.468092,
AddFace,0,1,2,
AddFace,2,3,0,
AddFace,3,4,0,
AddFace,4,5,0,
AddFace,5,6,0,
AddFace,0,6,7,
AddFace,0,7,8,
AddFace,9,0,8,
AddFace,8,10,9,
AddFace,10,11,9,
AddFace,11,12,9,
AddFace,13,14,15,
AddFace,15,16,13,
AddFace,16,17,13,
AddFace,17,18,13,
AddFace,18,19,13,
AddFace,19,20,13,
AddFace,20,21,13,
AddFace,21,22,13,
AddFace,22,23,13,
AddFace,23,24,13,
AddFace,24,25,13,
AddFace,25,26,13,
AddFace,26,27,13,
AddFace,28,13,27,
AddFace,28,27,29,
AddFace,28,29,30,
AddFace,28,30,31,
AddFace,28,31,32,
AddFace,28,32,33,
AddFace,28,33,34,
AddFace,28,34,35,
AddFace,28,35,36,
AddFace,28,36,17,
AddFace,28,17,37,
AddFace,28,37,38,
AddFace,28,38,39,
AddFace,28,39,40,
AddFace,28,40,41,
AddFace,28,41,42,
AddFace,28,42,43,
AddFace,28,43,44,
AddFace,28,44,45,
AddFace,28,45,46,
AddFace,28,46,47,
AddFace,28,47,48,
AddFace,28,48,49,
AddFace,28,49,50,
AddFace,28,50,51,
AddFace,28,51,52,
AddFace,28,52,53,
AddFace,1,28,53,
AddFace,53,54,1,
AddFace,54,55,1,
AddFace,55,56,1,
AddFace,56,57,1,
AddFace,57,58,1,
AddFace,58,59,1,
AddFace,1,59,60,
AddFace,1,60,61,
AddFace,62,1,61,
AddFace,62,61,63,
AddFace,64,62,63,
AddFace,64,63,65,
AddFace,64,65,12,
AddFace,66,64,12,
AddFace,67,66,12,
AddFace,68,67,12,
AddFace,69,68,12,
AddFace,70,69,12,
AddFace,71,70,12,
AddFace,72,71,12,
AddFace,11,72,12,
AddFace,73,74,75,
AddFace,75,76,73,
AddFace,77,78,79,
AddFace,80,77,79,
AddFace,81,80,79,
AddFace,81,79,82,
AddFace,83,81,82,
AddFace,83,82,84,
AddFace,85,83,84,
AddFace,85,84,86,
AddFace,86,87,85,
AddFace,88,89,90,
AddFace,90,91,88,
AddFace,92,88,91,
AddFace,91,93,92,
AddFace,94,92,93,
AddFace,93,95,94,
AddFace,94,95,96,
AddFace,96,97,94,
AddFace,97,96,98,
AddFace,98,99,97,
AddFace,99,98,100,
AddFace,100,101,99,
AddFace,77,102,103,
AddFace,77,103,78,
AddFace,74,73,104,
AddFace,104,105,74,
AddFace,106,105,104,
AddFace,104,107,106,
AddFace,108,106,107,
AddFace,107,109,108,
AddFace,110,108,109,
AddFace,109,111,110,
AddFace,110,111,112,
AddFace,112,113,110,
AddFace,113,112,114,
AddFace,114,115,113,
AddFace,115,114,116,
AddFace,116,117,115,
AddFace,118,119,120,
AddFace,120,121,118,
AddFace,62,64,122,
AddFace,62,122,123,
AddFace,124,62,123,
AddFace,125,124,123,
AddFace,126,125,123,
AddFace,127,126,123,
AddFace,127,123,128,
AddFace,129,127,128,
AddFace,129,128,130,
AddFace,131,129,130,
AddFace,132,131,130,
AddFace,132,130,133,
AddFace,134,132,133,
AddFace,134,133,135,
AddFace,136,134,135,
AddFace,136,135,137,
AddFace,138,136,137,
AddFace,139,138,137,
AddFace,139,137,140,
AddFace,141,139,140,
AddFace,142,141,140,
AddFace,5,142,140,
AddFace,140,143,5,
AddFace,5,143,144,
AddFace,5,144,145,
AddFace,5,145,6,
AddFace,1,146,147,
AddFace,1,147,148,
AddFace,1,148,149,
AddFace,1,149,150,
AddFace,1,150,151,
AddFace,1,151,152,
AddFace,1,152,153,
AddFace,1,153,2,
AddFace,154,155,156,
AddFace,156,157,154,
AddFace,156,158,157,
AddFace,158,159,157,
AddFace,158,160,159,
AddFace,160,161,159,
AddFace,160,162,161,
AddFace,162,163,161,
AddFace,163,164,161,
AddFace,163,165,164,
AddFace,163,166,165,
AddFace,166,167,165,
AddFace,166,168,167,
AddFace,168,169,167,
AddFace,168,170,169,
AddFace,170,171,169,
AddFace,171,172,169,
AddFace,171,173,172,
AddFace,171,174,173,
AddFace,174,175,173,
AddFace,174,176,175,
AddFace,176,177,175,
AddFace,1,62,146,
AddFace,100,178,179,
AddFace,179,101,100,
AddFace,102,180,181,
AddFace,102,181,103,
AddFace,180,182,181,
AddFace,180,183,182,
AddFace,183,184,182,
AddFace,184,185,182,
AddFace,184,186,185,
AddFace,184,187,186,
AddFace,187,188,186,
AddFace,187,189,188,
AddFace,189,190,188,
AddFace,121,120,191,
AddFace,191,192,121,
AddFace,192,191,193,
AddFace,193,194,192,
AddFace,195,194,193,
AddFace,193,196,195,
AddFace,178,195,196,
AddFace,196,179,178,
AddFace,197,90,89,
AddFace,89,198,197,
AddFace,199,197,198,
AddFace,198,200,199,
AddFace,201,199,200,
AddFace,200,202,201,
AddFace,201,202,76,
AddFace,76,75,201,
AddFace,65,203,12,
AddFace,203,204,12,
AddFace,204,205,12,
AddFace,205,206,12,
AddFace,206,207,12,
AddFace,207,208,12,
AddFace,208,209,12,
AddFace,209,210,12,
AddFace,210,211,12,
AddFace,211,212,12,
AddFace,212,213,12,
AddFace,213,214,12,
AddFace,214,215,12,
AddFace,215,216,12,
AddFace,216,217,12,
AddFace,217,218,12,
AddFace,218,219,12,
AddFace,219,220,12,
AddFace,220,221,12,
AddFace,45,12,221,
AddFace,45,221,222,
AddFace,45,222,223,
AddFace,45,223,46,
AddFace,49,224,225,
AddFace,49,225,50,
AddFace,224,210,226,
AddFace,224,226,225,
AddFace,224,227,210,
AddFace,227,228,210,
AddFace,228,229,210,
AddFace,229,230,210,
AddFace,230,231,210,
AddFace,210,231,232,
AddFace,210,232,211,
AddFace,45,233,12,
AddFace,12,233,234,
AddFace,234,235,12,
AddFace,235,236,12,
AddFace,236,14,12,
AddFace,237,238,239,
AddFace,239,240,237,
AddFace,236,241,14,
AddFace,241,242,14,
AddFace,242,243,14,
AddFace,243,244,14,
AddFace,244,245,14,
AddFace,245,246,14,
AddFace,37,14,246,
AddFace,37,246,247,
AddFace,37,247,248,
AddFace,37,248,38,
AddFace,249,38,248,
AddFace,249,248,250,
AddFace,249,250,251,
AddFace,249,251,252,
AddFace,249,252,253,
AddFace,249,253,254,
AddFace,255,249,254,
AddFace,254,256,255,
AddFace,39,255,256,
AddFace,39,256,257,
AddFace,39,257,258,
AddFace,39,258,259,
AddFace,39,259,260,
AddFace,39,260,40,
AddFace,40,260,261,
AddFace,40,261,262,
AddFace,40,262,263,
AddFace,264,40,263,
AddFace,265,264,263,
AddFace,266,265,263,
AddFace,266,263,267,
AddFace,268,266,267,
AddFace,269,268,267,
AddFace,270,269,267,
AddFace,271,270,267,
AddFace,271,267,235,
AddFace,234,271,235,
AddFace,271,272,270,
AddFace,272,273,270,
AddFace,274,270,273,
AddFace,273,275,274,
AddFace,275,276,274,
AddFace,269,276,268,
AddFace,276,277,268,
AddFace,278,268,277,
AddFace,277,264,278,
AddFace,264,265,278,
AddFace,41,277,276,
AddFace,41,276,42,
AddFace,275,42,276,
AddFace,43,273,272,
AddFace,43,272,44,
AddFace,279,44,272,
AddFace,279,272,280,
AddFace,233,279,280,
AddFace,280,234,233,
AddFace,281,282,283,
AddFace,284,281,283,
AddFace,284,283,285,
AddFace,286,284,285,
AddFace,286,285,287,
AddFace,288,286,287,
AddFace,288,287,289,
AddFace,289,290,288,
AddFace,281,291,282,
AddFace,291,292,282,
AddFace,292,293,282,
AddFace,292,294,295,
AddFace,292,295,293,
AddFace,294,296,295,
AddFace,294,297,296,
AddFace,297,298,296,
AddFace,298,299,296,
AddFace,298,300,299,
AddFace,300,301,299,
AddFace,300,302,301,
AddFace,300,303,302,
AddFace,303,304,302,
AddFace,37,15,14,
AddFace,36,305,17,
AddFace,305,306,17,
AddFace,306,307,17,
AddFace,307,308,17,
AddFace,17,308,309,
AddFace,17,309,310,
AddFace,17,310,18,
GenerateNormals,
LoadTexture,ADSZ.png,
SetTextureCoordinates,0,-0.000827,0.000695,
SetTextureCoordinates,1,0.066970,0.000695,
SetTextureCoordinates,2,0.040239,0.125783,
SetTextureCoordinates,3,0.039170,0.132106,
SetTextureCoordinates,4,0.038498,0.139470,
SetTextureCoordinates,5,0.038269,0.147372,
SetTextureCoordinates,6,0.035568,0.317418,
SetTextureCoordinates,7,0.035861,0.327538,
SetTextureCoordinates,8,0.036722,0.336968,
SetTextureCoordinates,9,-0.000827,0.917984,
SetTextureCoordinates,10,0.038091,0.345065,
SetTextureCoordinates,11,0.039875,0.351279,
SetTextureCoordinates,12,0.293332,0.917984,
SetTextureCoordinates,13,0.999128,0.917984,
SetTextureCoordinates,14,0.687215,0.917984,
SetTextureCoordinates,15,0.726921,0.427575,
SetTextureCoordinates,16,0.743871,0.427575,
SetTextureCoordinates,17,0.743871,0.291013,
SetTextureCoordinates,18,0.891812,0.439496,
SetTextureCoordinates,19,0.895322,0.451721,
SetTextureCoordinates,20,0.899410,0.459406,
SetTextureCoordinates,21,0.903797,0.462027,
SetTextureCoordinates,22,0.908184,0.459406,
SetTextureCoordinates,23,0.912271,0.451721,
SetTextureCoordinates,24,0.917193,0.419528,
SetTextureCoordinates,25,0.918475,0.423565,
SetTextureCoordinates,26,0.920169,0.405013,
SetTextureCoordinates,27,0.920746,0.385104,
SetTextureCoordinates,28,0.999128,0.000695,
SetTextureCoordinates,29,0.920169,0.365194,
SetTextureCoordinates,30,0.918475,0.346642,
SetTextureCoordinates,31,0.915782,0.330711,
SetTextureCoordinates,32,0.912271,0.318486,
SetTextureCoordinates,33,0.908184,0.310802,
SetTextureCoordinates,34,0.903797,0.308180,
SetTextureCoordinates,35,0.899410,0.310802,
SetTextureCoordinates,36,0.895322,0.318486,
SetTextureCoordinates,37,0.726921,0.291013,
SetTextureCoordinates,38,0.602156,0.286219,
SetTextureCoordinates,39,0.585207,0.286219,
SetTextureCoordinates,40,0.469637,0.241845,
SetTextureCoordinates,41,0.452687,0.241845,
SetTextureCoordinates,42,0.420936,0.241521,
SetTextureCoordinates,43,0.403987,0.241521,
SetTextureCoordinates,44,0.374083,0.235205,
SetTextureCoordinates,45,0.357134,0.235205,
SetTextureCoordinates,46,0.241902,0.272176,
SetTextureCoordinates,47,0.238391,0.259951,
SetTextureCoordinates,48,0.234304,0.252267,
SetTextureCoordinates,49,0.229917,0.249646,
SetTextureCoordinates,50,0.145056,0.265388,
SetTextureCoordinates,51,0.141546,0.253164,
SetTextureCoordinates,52,0.137458,0.245479,
SetTextureCoordinates,53,0.133072,0.242858,
SetTextureCoordinates,54,0.128685,0.245479,
SetTextureCoordinates,55,0.124597,0.253164,
SetTextureCoordinates,56,0.121087,0.265388,
SetTextureCoordinates,57,0.118393,0.281319,
SetTextureCoordinates,58,0.116700,0.299872,
SetTextureCoordinates,59,0.116122,0.319781,
SetTextureCoordinates,60,0.116700,0.339690,
SetTextureCoordinates,61,0.118393,0.358243,
SetTextureCoordinates,62,0.054854,0.141496,
SetTextureCoordinates,63,0.121087,0.374174,
SetTextureCoordinates,64,0.052798,0.317418,
SetTextureCoordinates,65,0.124597,0.386398,
SetTextureCoordinates,66,0.052504,0.327538,
SetTextureCoordinates,67,0.051644,0.336968,
SetTextureCoordinates,68,0.050275,0.345065,
SetTextureCoordinates,69,0.048490,0.351279,
SetTextureCoordinates,70,0.046413,0.355185,
SetTextureCoordinates,71,0.044183,0.356517,
SetTextureCoordinates,72,0.041953,0.355185,
SetTextureCoordinates,73,0.744221,66.394745,
SetTextureCoordinates,74,0.744221,66.433205,
SetTextureCoordinates,75,0.741966,66.433205,
SetTextureCoordinates,76,0.741966,66.394745,
SetTextureCoordinates,77,0.041953,0.279651,
SetTextureCoordinates,78,0.041953,0.355185,
SetTextureCoordinates,79,0.039875,0.351279,
SetTextureCoordinates,80,0.039875,0.283557,
SetTextureCoordinates,81,0.038091,0.289770,
SetTextureCoordinates,82,0.038091,0.345065,
SetTextureCoordinates,83,0.036722,0.297868,
SetTextureCoordinates,84,0.036722,0.336968,
SetTextureCoordinates,85,0.035861,0.307298,
SetTextureCoordinates,86,0.035861,0.327538,
SetTextureCoordinates,87,0.035568,0.317418,
SetTextureCoordinates,88,0.730689,66.394745,
SetTextureCoordinates,89,0.732944,66.394745,
SetTextureCoordinates,90,0.732944,66.433205,
SetTextureCoordinates,91,0.730689,66.433205,
SetTextureCoordinates,92,0.728433,66.394745,
SetTextureCoordinates,93,0.728433,66.433205,
SetTextureCoordinates,94,0.726178,66.394745,
SetTextureCoordinates,95,0.726178,66.433205,
SetTextureCoordinates,96,0.723922,66.433205,
SetTextureCoordinates,97,0.723922,66.394745,
SetTextureCoordinates,98,0.721667,66.433205,
SetTextureCoordinates,99,0.721667,66.394745,
SetTextureCoordinates,100,0.719412,66.433205,
SetTextureCoordinates,101,0.719412,66.394745,
SetTextureCoordinates,102,0.044183,0.278318,
SetTextureCoordinates,103,0.044183,0.356517,
SetTextureCoordinates,104,0.746477,66.394745,
SetTextureCoordinates,105,0.746477,66.433205,
SetTextureCoordinates,106,0.748732,66.433205,
SetTextureCoordinates,107,0.748732,66.394745,
SetTextureCoordinates,108,0.750988,66.433205,
SetTextureCoordinates,109,0.750988,66.394745,
SetTextureCoordinates,110,0.753243,66.433205,
SetTextureCoordinates,111,0.753243,66.394745,
SetTextureCoordinates,112,0.755499,66.394745,
SetTextureCoordinates,113,0.755499,66.433205,
SetTextureCoordinates,114,0.757754,66.394745,
SetTextureCoordinates,115,0.757754,66.433205,
SetTextureCoordinates,116,0.760009,66.394745,
SetTextureCoordinates,117,0.760009,66.433205,
SetTextureCoordinates,118,0.705879,66.433205,
SetTextureCoordinates,119,0.705879,66.394745,
SetTextureCoordinates,120,0.708134,66.394745,
SetTextureCoordinates,121,0.708134,66.433205,
SetTextureCoordinates,122,0.052504,0.307298,
SetTextureCoordinates,123,0.051644,0.297868,
SetTextureCoordinates,124,0.051573,0.152579,
SetTextureCoordinates,125,0.051494,0.155274,
SetTextureCoordinates,126,0.051223,0.158252,
SetTextureCoordinates,127,0.050822,0.162638,
SetTextureCoordinates,128,0.050275,0.289770,
SetTextureCoordinates,129,0.049753,0.168962,
SetTextureCoordinates,130,0.048490,0.283557,
SetTextureCoordinates,131,0.048360,0.173814,
SetTextureCoordinates,132,0.046738,0.176864,
SetTextureCoordinates,133,0.046413,0.279651,
SetTextureCoordinates,134,0.044996,0.177904,
SetTextureCoordinates,135,0.044183,0.278318,
SetTextureCoordinates,136,0.043255,0.176864,
SetTextureCoordinates,137,0.041953,0.279651,
SetTextureCoordinates,138,0.041633,0.173814,
SetTextureCoordinates,139,0.040239,0.168962,
SetTextureCoordinates,140,0.039875,0.283557,
SetTextureCoordinates,141,0.039170,0.162638,
SetTextureCoordinates,142,0.038498,0.155274,
SetTextureCoordinates,143,0.038091,0.289770,
SetTextureCoordinates,144,0.036722,0.297868,
SetTextureCoordinates,145,0.035861,0.307298,
SetTextureCoordinates,146,0.051494,0.139470,
SetTextureCoordinates,147,0.050822,0.132106,
SetTextureCoordinates,148,0.049753,0.125783,
SetTextureCoordinates,149,0.048360,0.120931,
SetTextureCoordinates,150,0.046738,0.117881,
SetTextureCoordinates,151,0.044996,0.116840,
SetTextureCoordinates,152,0.043255,0.117881,
SetTextureCoordinates,153,0.041633,0.120931,
SetTextureCoordinates,154,0.041747,0.151323,
SetTextureCoordinates,155,0.041633,0.147372,
SetTextureCoordinates,156,0.041747,0.143421,
SetTextureCoordinates,157,0.042083,0.155005,
SetTextureCoordinates,158,0.042083,0.139739,
SetTextureCoordinates,159,0.042618,0.158167,
SetTextureCoordinates,160,0.042618,0.136577,
SetTextureCoordinates,161,0.043314,0.160593,
SetTextureCoordinates,162,0.043314,0.134151,
SetTextureCoordinates,163,0.044126,0.132626,
SetTextureCoordinates,164,0.044126,0.162118,
SetTextureCoordinates,165,0.044996,0.162638,
SetTextureCoordinates,166,0.044996,0.132106,
SetTextureCoordinates,167,0.045867,0.162118,
SetTextureCoordinates,168,0.045867,0.132626,
SetTextureCoordinates,169,0.046678,0.160593,
SetTextureCoordinates,170,0.046678,0.134151,
SetTextureCoordinates,171,0.047375,0.136577,
SetTextureCoordinates,172,0.047375,0.158167,
SetTextureCoordinates,173,0.047909,0.155005,
SetTextureCoordinates,174,0.047909,0.139739,
SetTextureCoordinates,175,0.048245,0.151323,
SetTextureCoordinates,176,0.048245,0.143421,
SetTextureCoordinates,177,0.048360,0.147372,
SetTextureCoordinates,178,0.717156,66.433205,
SetTextureCoordinates,179,0.717156,66.394745,
SetTextureCoordinates,180,0.046413,0.279651,
SetTextureCoordinates,181,0.046413,0.355185,
SetTextureCoordinates,182,0.048490,0.351279,
SetTextureCoordinates,183,0.048490,0.283557,
SetTextureCoordinates,184,0.050275,0.289770,
SetTextureCoordinates,185,0.050275,0.345065,
SetTextureCoordinates,186,0.051644,0.336968,
SetTextureCoordinates,187,0.051644,0.297868,
SetTextureCoordinates,188,0.052504,0.327538,
SetTextureCoordinates,189,0.052504,0.307298,
SetTextureCoordinates,190,0.052798,0.317418,
SetTextureCoordinates,191,0.710390,66.394745,
SetTextureCoordinates,192,0.710390,66.433205,
SetTextureCoordinates,193,0.712645,66.394745,
SetTextureCoordinates,194,0.712645,66.433205,
SetTextureCoordinates,195,0.714901,66.433205,
SetTextureCoordinates,196,0.714901,66.394745,
SetTextureCoordinates,197,0.735200,66.433205,
SetTextureCoordinates,198,0.735200,66.394745,
SetTextureCoordinates,199,0.737455,66.433205,
SetTextureCoordinates,200,0.737455,66.394745,
SetTextureCoordinates,201,0.739711,66.433205,
SetTextureCoordinates,202,0.739711,66.394745,
SetTextureCoordinates,203,0.128685,0.394083,
SetTextureCoordinates,204,0.133072,0.396704,
SetTextureCoordinates,205,0.137458,0.394083,
SetTextureCoordinates,206,0.141546,0.386398,
SetTextureCoordinates,207,0.145056,0.374174,
SetTextureCoordinates,208,0.147750,0.358243,
SetTextureCoordinates,209,0.149443,0.339690,
SetTextureCoordinates,210,0.150021,0.319781,
SetTextureCoordinates,211,0.215238,0.365030,
SetTextureCoordinates,212,0.217932,0.380961,
SetTextureCoordinates,213,0.221442,0.393186,
SetTextureCoordinates,214,0.225530,0.400871,
SetTextureCoordinates,215,0.229917,0.403492,
SetTextureCoordinates,216,0.234304,0.400871,
SetTextureCoordinates,217,0.238391,0.393186,
SetTextureCoordinates,218,0.241902,0.380961,
SetTextureCoordinates,219,0.244595,0.365030,
SetTextureCoordinates,220,0.246288,0.346478,
SetTextureCoordinates,221,0.246866,0.326569,
SetTextureCoordinates,222,0.246288,0.306659,
SetTextureCoordinates,223,0.244595,0.288107,
SetTextureCoordinates,224,0.225530,0.252267,
SetTextureCoordinates,225,0.147750,0.281319,
SetTextureCoordinates,226,0.149443,0.299872,
SetTextureCoordinates,227,0.221442,0.259951,
SetTextureCoordinates,228,0.217932,0.272176,
SetTextureCoordinates,229,0.215238,0.288107,
SetTextureCoordinates,230,0.213545,0.306659,
SetTextureCoordinates,231,0.212968,0.326569,
SetTextureCoordinates,232,0.213545,0.346478,
SetTextureCoordinates,233,0.357134,0.312128,
SetTextureCoordinates,234,0.357492,0.527031,
SetTextureCoordinates,235,0.585392,0.874088,
SetTextureCoordinates,236,0.589779,0.876709,
SetTextureCoordinates,237,0.306678,1.014066,
SetTextureCoordinates,238,0.294008,0.905280,
SetTextureCoordinates,239,0.687891,0.905280,
SetTextureCoordinates,240,0.679076,1.014066,
SetTextureCoordinates,241,0.594166,0.874088,
SetTextureCoordinates,242,0.598254,0.866404,
SetTextureCoordinates,243,0.601764,0.854179,
SetTextureCoordinates,244,0.604458,0.838248,
SetTextureCoordinates,245,0.606151,0.819695,
SetTextureCoordinates,246,0.606728,0.799786,
SetTextureCoordinates,247,0.606151,0.779877,
SetTextureCoordinates,248,0.604458,0.761325,
SetTextureCoordinates,249,0.602156,0.410694,
SetTextureCoordinates,250,0.601764,0.745393,
SetTextureCoordinates,251,0.598254,0.733169,
SetTextureCoordinates,252,0.594166,0.725484,
SetTextureCoordinates,253,0.589779,0.722863,
SetTextureCoordinates,254,0.585392,0.725484,
SetTextureCoordinates,255,0.585207,0.410694,
SetTextureCoordinates,256,0.581305,0.733169,
SetTextureCoordinates,257,0.577794,0.745393,
SetTextureCoordinates,258,0.575101,0.761325,
SetTextureCoordinates,259,0.573408,0.779877,
SetTextureCoordinates,260,0.572830,0.799786,
SetTextureCoordinates,261,0.573408,0.819695,
SetTextureCoordinates,262,0.575101,0.838248,
SetTextureCoordinates,263,0.577794,0.854179,
SetTextureCoordinates,264,0.469637,0.318768,
SetTextureCoordinates,265,0.467661,0.453333,
SetTextureCoordinates,266,0.467661,0.527031,
SetTextureCoordinates,267,0.581305,0.866404,
SetTextureCoordinates,268,0.453054,0.527031,
SetTextureCoordinates,269,0.425289,0.527031,
SetTextureCoordinates,270,0.408339,0.527031,
SetTextureCoordinates,271,0.374441,0.527031,
SetTextureCoordinates,272,0.374441,0.450108,
SetTextureCoordinates,273,0.403987,0.318444,
SetTextureCoordinates,274,0.408339,0.450108,
SetTextureCoordinates,275,0.420936,0.318444,
SetTextureCoordinates,276,0.425289,0.450108,
SetTextureCoordinates,277,0.452687,0.318768,
SetTextureCoordinates,278,0.453054,0.453333,
SetTextureCoordinates,279,0.374083,0.312128,
SetTextureCoordinates,280,0.357492,0.450108,
SetTextureCoordinates,281,0.581305,0.733169,
SetTextureCoordinates,282,0.585392,0.874088,
SetTextureCoordinates,283,0.581305,0.866404,
SetTextureCoordinates,284,0.577794,0.745393,
SetTextureCoordinates,285,0.577794,0.854179,
SetTextureCoordinates,286,0.575101,0.761325,
SetTextureCoordinates,287,0.575101,0.838248,
SetTextureCoordinates,288,0.573408,0.779877,
SetTextureCoordinates,289,0.573408,0.819695,
SetTextureCoordinates,290,0.572830,0.799786,
SetTextureCoordinates,291,0.585392,0.725484,
SetTextureCoordinates,292,0.589779,0.722863,
SetTextureCoordinates,293,0.589779,0.876709,
SetTextureCoordinates,294,0.594166,0.725484,
SetTextureCoordinates,295,0.594166,0.874088,
SetTextureCoordinates,296,0.598254,0.866404,
SetTextureCoordinates,297,0.598254,0.733169,
SetTextureCoordinates,298,0.601764,0.745393,
SetTextureCoordinates,299,0.601764,0.854179,
SetTextureCoordinates,300,0.604458,0.761325,
SetTextureCoordinates,301,0.604458,0.838248,
SetTextureCoordinates,302,0.606151,0.819695,
SetTextureCoordinates,303,0.606151,0.779877,
SetTextureCoordinates,304,0.606728,0.799786,
SetTextureCoordinates,305,0.891812,0.330711,
SetTextureCoordinates,306,0.889118,0.346642,
SetTextureCoordinates,307,0.887425,0.365194,
SetTextureCoordinates,308,0.886848,0.385104,
SetTextureCoordinates,309,0.887425,0.405013,
SetTextureCoordinates,310,0.889118,0.423565,
SetColor,255,255,255,255,

CreateMeshBuilder,
;Jeminie 3DS Converter
AddVertex,-0.232935,2.129405,9.550395,
AddVertex,-0.208506,2.260013,9.592691,
AddVertex,-0.208506,2.050714,9.524911,
AddVertex,-0.237930,2.117932,9.546679,
AddVertex,-0.245876,2.108080,9.543489,
AddVertex,-0.256232,2.100521,9.541041,
AddVertex,-0.268291,2.095769,9.539502,
AddVertex,-0.558506,2.050714,9.524911,
AddVertex,-0.281232,2.094148,9.538978,
AddVertex,-0.355876,2.175351,9.565274,
AddVertex,-0.316587,2.175351,9.565274,
AddVertex,-0.324533,2.165500,9.562084,
AddVertex,-0.347930,2.165500,9.562084,
AddVertex,-0.342935,2.154027,9.558369,
AddVertex,-0.329528,2.154027,9.558369,
AddVertex,-0.341232,2.141716,9.554382,
AddVertex,-0.331232,2.141716,9.554382,
AddVertex,-0.342935,2.129405,9.550395,
AddVertex,-0.329528,2.129405,9.550395,
AddVertex,-0.347930,2.117932,9.546679,
AddVertex,-0.324533,2.117932,9.546679,
AddVertex,-0.355876,2.108080,9.543489,
AddVertex,-0.316587,2.108080,9.543489,
AddVertex,-0.366232,2.100521,9.541041,
AddVertex,-0.306232,2.100521,9.541041,
AddVertex,-0.378291,2.095769,9.539502,
AddVertex,-0.294172,2.095769,9.539502,
AddVertex,-0.391232,2.094148,9.538978,
AddVertex,-0.501232,2.094148,9.538978,
AddVertex,-0.514172,2.095769,9.539502,
AddVertex,-0.526232,2.100521,9.541041,
AddVertex,-0.536587,2.108080,9.543489,
AddVertex,-0.544533,2.117932,9.546679,
AddVertex,-0.549528,2.129405,9.550395,
AddVertex,-0.551232,2.141716,9.554382,
AddVertex,-0.558506,2.260013,9.592691,
AddVertex,-0.549528,2.154027,9.558369,
AddVertex,-0.536587,2.175351,9.565274,
AddVertex,-0.544533,2.165500,9.562084,
AddVertex,-0.452935,2.129405,9.550395,
AddVertex,-0.451232,2.141716,9.554382,
AddVertex,-0.441232,2.141716,9.554382,
AddVertex,-0.439528,2.129405,9.550395,
AddVertex,-0.457930,2.117932,9.546679,
AddVertex,-0.434533,2.117932,9.546679,
AddVertex,-0.465876,2.108080,9.543489,
AddVertex,-0.426587,2.108080,9.543489,
AddVertex,-0.476232,2.100521,9.541041,
AddVertex,-0.416232,2.100521,9.541041,
AddVertex,-0.488291,2.095769,9.539502,
AddVertex,-0.404172,2.095769,9.539502,
AddVertex,-0.457930,2.165500,9.562084,
AddVertex,-0.426587,2.175351,9.565274,
AddVertex,-0.434533,2.165500,9.562084,
AddVertex,-0.452935,2.154027,9.558369,
AddVertex,-0.439528,2.154027,9.558369,
AddVertex,-0.366232,2.182911,9.567722,
AddVertex,-0.306232,2.182911,9.567722,
AddVertex,-0.231232,2.141716,9.554382,
AddVertex,-0.232935,2.154027,9.558369,
AddVertex,-0.237930,2.165500,9.562084,
AddVertex,-0.245876,2.175351,9.565274,
AddVertex,-0.256232,2.182911,9.567722,
AddVertex,-0.268291,2.187663,9.569262,
AddVertex,-0.255586,2.211641,9.577027,
AddVertex,-0.255096,2.212248,9.577224,
AddVertex,-0.254788,2.212955,9.577453,
AddVertex,-0.254683,2.213714,9.577698,
AddVertex,-0.254788,2.214472,9.577944,
AddVertex,-0.255096,2.215179,9.578173,
AddVertex,-0.255586,2.215786,9.578369,
AddVertex,-0.256224,2.216252,9.578520,
AddVertex,-0.256967,2.216545,9.578615,
AddVertex,-0.257764,2.216645,9.578648,
AddVertex,-0.329287,2.245591,9.588021,
AddVertex,-0.449287,2.245591,9.588021,
AddVertex,-0.449287,2.207537,9.575698,
AddVertex,-0.501232,2.189284,9.569787,
AddVertex,-0.514172,2.187663,9.569262,
AddVertex,-0.526232,2.182911,9.567722,
AddVertex,-0.465876,2.175351,9.565274,
AddVertex,-0.416232,2.182911,9.567722,
AddVertex,-0.378291,2.187663,9.569262,
AddVertex,-0.294172,2.187663,9.569262,
AddVertex,-0.281232,2.189284,9.569787,
AddVertex,-0.256224,2.211175,9.576876,
AddVertex,-0.258562,2.210883,9.576781,
AddVertex,-0.257764,2.210783,9.576749,
AddVertex,-0.329287,2.207537,9.575698,
AddVertex,-0.259305,2.211175,9.576876,
AddVertex,-0.259943,2.211641,9.577027,
AddVertex,-0.258562,2.216545,9.578615,
AddVertex,-0.259305,2.216252,9.578520,
AddVertex,-0.259943,2.215786,9.578369,
AddVertex,-0.260432,2.215179,9.578173,
AddVertex,-0.260740,2.214472,9.577944,
AddVertex,-0.260845,2.213714,9.577698,
AddVertex,-0.260740,2.212955,9.577453,
AddVertex,-0.260432,2.212248,9.577224,
AddVertex,-0.391232,2.189284,9.569787,
AddVertex,-0.256967,2.210883,9.576781,
AddVertex,-0.476232,2.182911,9.567722,
AddVertex,-0.404172,2.187663,9.569262,
AddVertex,-0.488291,2.187663,9.569262,
AddFace,0,1,2,
AddFace,3,0,2,
AddFace,4,3,2,
AddFace,5,4,2,
AddFace,6,5,2,
AddFace,2,7,6,
AddFace,7,8,6,
AddFace,9,10,11,
AddFace,12,9,11,
AddFace,13,12,11,
AddFace,13,11,14,
AddFace,15,13,14,
AddFace,15,14,16,
AddFace,17,15,16,
AddFace,17,16,18,
AddFace,19,17,18,
AddFace,19,18,20,
AddFace,21,19,20,
AddFace,21,20,22,
AddFace,23,21,22,
AddFace,23,22,24,
AddFace,25,23,24,
AddFace,25,24,26,
AddFace,27,25,26,
AddFace,26,8,27,
AddFace,27,8,7,
AddFace,28,27,7,
AddFace,29,28,7,
AddFace,30,29,7,
AddFace,31,30,7,
AddFace,32,31,7,
AddFace,33,32,7,
AddFace,34,33,7,
AddFace,7,35,34,
AddFace,35,36,34,
AddFace,35,37,38,
AddFace,35,38,36,
AddFace,39,40,41,
AddFace,39,41,42,
AddFace,43,39,42,
AddFace,43,42,44,
AddFace,45,43,44,
AddFace,45,44,46,
AddFace,47,45,46,
AddFace,47,46,48,
AddFace,49,47,48,
AddFace,49,48,50,
AddFace,28,49,50,
AddFace,50,27,28,
AddFace,51,52,53,
AddFace,54,51,53,
AddFace,54,53,55,
AddFace,40,54,55,
AddFace,40,55,41,
AddFace,9,56,57,
AddFace,9,57,10,
AddFace,0,58,1,
AddFace,58,59,1,
AddFace,59,60,1,
AddFace,60,61,1,
AddFace,61,62,1,
AddFace,62,63,1,
AddFace,63,64,1,
AddFace,64,65,1,
AddFace,65,66,1,
AddFace,66,67,1,
AddFace,67,68,1,
AddFace,68,69,1,
AddFace,69,70,1,
AddFace,70,71,1,
AddFace,71,72,1,
AddFace,72,73,1,
AddFace,73,74,1,
AddFace,74,75,1,
AddFace,35,1,75,
AddFace,35,75,76,
AddFace,35,76,77,
AddFace,35,77,78,
AddFace,35,78,79,
AddFace,35,79,37,
AddFace,51,80,52,
AddFace,80,81,52,
AddFace,56,82,83,
AddFace,56,83,57,
AddFace,63,84,64,
AddFace,84,85,64,
AddFace,86,87,88,
AddFace,89,86,88,
AddFace,88,74,89,
AddFace,74,90,89,
AddFace,74,73,91,
AddFace,74,91,92,
AddFace,74,92,93,
AddFace,74,93,94,
AddFace,74,94,95,
AddFace,74,95,96,
AddFace,74,96,97,
AddFace,74,97,98,
AddFace,74,98,90,
AddFace,76,88,77,
AddFace,77,88,87,
AddFace,99,77,87,
AddFace,99,87,100,
AddFace,84,99,100,
AddFace,84,100,85,
AddFace,82,99,84,
AddFace,82,84,83,
AddFace,101,102,81,
AddFace,80,101,81,
AddFace,101,103,102,
AddFace,103,99,102,
AddFace,103,77,99,
GenerateNormals,
LoadTexture,ASdf.png,
SetTextureCoordinates,0,0.939614,0.584416,
SetTextureCoordinates,1,1.009410,-0.108974,
SetTextureCoordinates,2,1.009410,1.002178,
SetTextureCoordinates,3,0.925342,0.645322,
SetTextureCoordinates,4,0.902640,0.697624,
SetTextureCoordinates,5,0.873053,0.737757,
SetTextureCoordinates,6,0.838598,0.762985,
SetTextureCoordinates,7,0.009410,1.002178,
SetTextureCoordinates,8,0.801624,0.771590,
SetTextureCoordinates,9,0.588354,0.340486,
SetTextureCoordinates,10,0.700609,0.340486,
SetTextureCoordinates,11,0.677906,0.392788,
SetTextureCoordinates,12,0.611056,0.392788,
SetTextureCoordinates,13,0.625328,0.453694,
SetTextureCoordinates,14,0.663635,0.453694,
SetTextureCoordinates,15,0.630196,0.519055,
SetTextureCoordinates,16,0.658767,0.519055,
SetTextureCoordinates,17,0.625328,0.584416,
SetTextureCoordinates,18,0.663635,0.584416,
SetTextureCoordinates,19,0.611056,0.645322,
SetTextureCoordinates,20,0.677906,0.645322,
SetTextureCoordinates,21,0.588354,0.697624,
SetTextureCoordinates,22,0.700609,0.697624,
SetTextureCoordinates,23,0.558767,0.737757,
SetTextureCoordinates,24,0.730196,0.737757,
SetTextureCoordinates,25,0.524313,0.762985,
SetTextureCoordinates,26,0.764650,0.762985,
SetTextureCoordinates,27,0.487339,0.771590,
SetTextureCoordinates,28,0.173053,0.771590,
SetTextureCoordinates,29,0.136079,0.762985,
SetTextureCoordinates,30,0.101624,0.737757,
SetTextureCoordinates,31,0.072038,0.697624,
SetTextureCoordinates,32,0.049335,0.645322,
SetTextureCoordinates,33,0.035063,0.584416,
SetTextureCoordinates,34,0.030196,0.519055,
SetTextureCoordinates,35,0.009410,-0.108974,
SetTextureCoordinates,36,0.035063,0.453694,
SetTextureCoordinates,37,0.072038,0.340486,
SetTextureCoordinates,38,0.049335,0.392788,
SetTextureCoordinates,39,0.311042,0.584416,
SetTextureCoordinates,40,0.315910,0.519055,
SetTextureCoordinates,41,0.344481,0.519055,
SetTextureCoordinates,42,0.349349,0.584416,
SetTextureCoordinates,43,0.296771,0.645322,
SetTextureCoordinates,44,0.363621,0.645322,
SetTextureCoordinates,45,0.274068,0.697624,
SetTextureCoordinates,46,0.386323,0.697624,
SetTextureCoordinates,47,0.244481,0.737757,
SetTextureCoordinates,48,0.415910,0.737757,
SetTextureCoordinates,49,0.210027,0.762985,
SetTextureCoordinates,50,0.450364,0.762985,
SetTextureCoordinates,51,0.296771,0.392788,
SetTextureCoordinates,52,0.386323,0.340486,
SetTextureCoordinates,53,0.363621,0.392788,
SetTextureCoordinates,54,0.311042,0.453694,
SetTextureCoordinates,55,0.349349,0.453694,
SetTextureCoordinates,56,0.558767,0.300354,
SetTextureCoordinates,57,0.730196,0.300354,
SetTextureCoordinates,58,0.944481,0.519055,
SetTextureCoordinates,59,0.939614,0.453694,
SetTextureCoordinates,60,0.925342,0.392788,
SetTextureCoordinates,61,0.902640,0.340486,
SetTextureCoordinates,62,0.873053,0.300354,
SetTextureCoordinates,63,0.838598,0.275126,
SetTextureCoordinates,64,0.874898,0.147826,
SetTextureCoordinates,65,0.876297,0.144604,
SetTextureCoordinates,66,0.877177,0.140851,
SetTextureCoordinates,67,0.877476,0.136823,
SetTextureCoordinates,68,0.877177,0.132796,
SetTextureCoordinates,69,0.876297,0.129043,
SetTextureCoordinates,70,0.874898,0.125820,
SetTextureCoordinates,71,0.873075,0.123347,
SetTextureCoordinates,72,0.870952,0.121792,
SetTextureCoordinates,73,0.868674,0.121262,
SetTextureCoordinates,74,0.664323,-0.032411,
SetTextureCoordinates,75,0.321466,-0.032411,
SetTextureCoordinates,76,0.321466,0.169617,
SetTextureCoordinates,77,0.173053,0.266521,
SetTextureCoordinates,78,0.136079,0.275126,
SetTextureCoordinates,79,0.101624,0.300354,
SetTextureCoordinates,80,0.274068,0.340486,
SetTextureCoordinates,81,0.415910,0.300354,
SetTextureCoordinates,82,0.524313,0.275126,
SetTextureCoordinates,83,0.764650,0.275126,
SetTextureCoordinates,84,0.801624,0.266521,
SetTextureCoordinates,85,0.873075,0.150299,
SetTextureCoordinates,86,0.866396,0.151854,
SetTextureCoordinates,87,0.868674,0.152384,
SetTextureCoordinates,88,0.664323,0.169617,
SetTextureCoordinates,89,0.864272,0.150299,
SetTextureCoordinates,90,0.862449,0.147826,
SetTextureCoordinates,91,0.866396,0.121792,
SetTextureCoordinates,92,0.864272,0.123347,
SetTextureCoordinates,93,0.862449,0.125820,
SetTextureCoordinates,94,0.861050,0.129043,
SetTextureCoordinates,95,0.860171,0.132796,
SetTextureCoordinates,96,0.859871,0.136823,
SetTextureCoordinates,97,0.860171,0.140851,
SetTextureCoordinates,98,0.861050,0.144604,
SetTextureCoordinates,99,0.487339,0.266521,
SetTextureCoordinates,100,0.870952,0.151854,
SetTextureCoordinates,101,0.244481,0.300354,
SetTextureCoordinates,102,0.450364,0.275126,
SetTextureCoordinates,103,0.210027,0.275126,
SetColor,255,255,255,255,

CreateMeshBuilder,
;Jeminie 3DS Converter
AddVertex,-0.364632,1.644709,8.175003,
AddVertex,0.135368,1.644709,8.175003,
AddVertex,0.135368,1.644709,8.096943,
AddVertex,-0.364632,1.644709,8.096943,
AddVertex,-0.364632,1.644709,8.175003,
AddVertex,-0.364632,1.644709,8.096943,
AddVertex,-0.364632,1.574709,8.096943,
AddVertex,-0.364632,1.574709,8.175003,
AddVertex,0.135368,1.574709,8.175003,
AddVertex,-0.364632,1.574709,8.175003,
AddVertex,-0.364632,1.574709,8.096943,
AddVertex,0.135368,1.574709,8.096943,
AddVertex,0.135368,1.574709,8.175003,
AddVertex,0.135368,1.574709,8.096943,
AddVertex,0.135368,1.644709,8.096943,
AddVertex,0.135368,1.644709,8.175003,
AddVertex,-0.117084,2.190327,9.696973,
AddVertex,-0.117084,2.190327,9.746973,
AddVertex,0.000000,2.190327,9.750000,
AddVertex,0.000000,2.190327,9.700000,
AddVertex,0.117084,2.190327,9.696973,
AddVertex,0.117084,2.190327,9.746973,
AddVertex,0.234167,2.190327,9.693946,
AddVertex,0.234167,2.190327,9.743945,
AddVertex,0.351251,2.190327,9.690918,
AddVertex,0.351251,2.190327,9.740918,
AddVertex,0.468334,2.190327,9.737891,
AddVertex,0.468334,2.190327,9.687891,
AddVertex,-1.314664,2.897043,8.441420,
AddVertex,-1.314664,2.897043,8.421420,
AddVertex,-1.314324,2.899631,8.421420,
AddVertex,-1.314324,2.899631,8.441420,
AddVertex,-1.314664,2.897043,8.441420,
AddVertex,-1.314324,2.899631,8.441420,
AddVertex,-1.334324,2.899631,8.441420,
AddVertex,-1.333983,2.897043,8.441420,
AddVertex,-1.315663,2.894631,8.441420,
AddVertex,-1.332984,2.894631,8.441420,
AddVertex,-1.317253,2.892560,8.441420,
AddVertex,-1.331395,2.892560,8.441420,
AddVertex,-1.319324,2.890971,8.441420,
AddVertex,-1.329324,2.890971,8.441420,
AddVertex,-1.321736,2.889972,8.441420,
AddVertex,-1.326912,2.889972,8.441420,
AddVertex,-1.324324,2.889631,8.441420,
AddVertex,-1.321736,2.889972,8.441420,
AddVertex,-1.324324,2.889631,8.441420,
AddVertex,-1.324324,2.889631,8.421420,
AddVertex,-1.321736,2.889972,8.421420,
AddVertex,-1.319324,2.890971,8.441420,
AddVertex,-1.321736,2.889972,8.441420,
AddVertex,-1.321736,2.889972,8.421420,
AddVertex,-1.319324,2.890971,8.421420,
AddVertex,-1.317253,2.892560,8.441420,
AddVertex,-1.319324,2.890971,8.441420,
AddVertex,-1.319324,2.890971,8.421420,
AddVertex,-1.317253,2.892560,8.421420,
AddVertex,-1.317253,2.892560,8.441420,
AddVertex,-1.317253,2.892560,8.421420,
AddVertex,-1.315663,2.894631,8.421420,
AddVertex,-1.315663,2.894631,8.441420,
AddVertex,-1.315663,2.894631,8.441420,
AddVertex,-1.315663,2.894631,8.421420,
AddVertex,-1.314664,2.897043,8.421420,
AddVertex,-1.314664,2.897043,8.441420,
AddVertex,-1.336322,2.873831,8.370741,
AddVertex,-1.335323,2.873831,8.368329,
AddVertex,-1.335323,2.863831,8.368329,
AddVertex,-1.336322,2.863831,8.370741,
AddVertex,-1.336663,2.873831,8.373329,
AddVertex,-1.336322,2.873831,8.370741,
AddVertex,-1.336322,2.863831,8.370741,
AddVertex,-1.336663,2.863831,8.373329,
AddVertex,-1.336322,2.873831,8.375917,
AddVertex,-1.336663,2.873831,8.373329,
AddVertex,-1.336663,2.863831,8.373329,
AddVertex,-1.336322,2.863831,8.375917,
AddVertex,-1.335323,2.873831,8.378329,
AddVertex,-1.336322,2.873831,8.375917,
AddVertex,-1.336322,2.863831,8.375917,
AddVertex,-1.335323,2.863831,8.378329,
AddVertex,-1.333734,2.873831,8.380400,
AddVertex,-1.335323,2.873831,8.378329,
AddVertex,-1.335323,2.863831,8.378329,
AddVertex,-1.333734,2.863831,8.380400,
AddVertex,-1.331663,2.873831,8.381989,
AddVertex,-1.333734,2.873831,8.380400,
AddVertex,-1.333734,2.863831,8.380400,
AddVertex,-1.331663,2.863831,8.381989,
AddVertex,-1.329251,2.873831,8.382988,
AddVertex,-1.331663,2.873831,8.381989,
AddVertex,-1.331663,2.863831,8.381989,
AddVertex,-1.329251,2.863831,8.382988,
AddVertex,-1.326663,2.873831,8.383328,
AddVertex,-1.329251,2.873831,8.382988,
AddVertex,-1.329251,2.863831,8.382988,
AddVertex,-1.326663,2.863831,8.383328,
AddVertex,-1.324075,2.873831,8.382988,
AddVertex,-1.326663,2.873831,8.383328,
AddVertex,-1.326663,2.863831,8.383328,
AddVertex,-1.324075,2.863831,8.382988,
AddVertex,-1.321663,2.873831,8.381989,
AddVertex,-1.324075,2.873831,8.382988,
AddVertex,-1.324075,2.863831,8.382988,
AddVertex,-1.321663,2.863831,8.381989,
AddVertex,-1.319592,2.873831,8.380400,
AddVertex,-1.321663,2.873831,8.381989,
AddVertex,-1.321663,2.863831,8.381989,
AddVertex,-1.319592,2.863831,8.380400,
AddVertex,-1.318002,2.873831,8.378329,
AddVertex,-1.319592,2.873831,8.380400,
AddVertex,-1.319592,2.863831,8.380400,
AddVertex,-1.318002,2.863831,8.378329,
AddVertex,-1.317003,2.873831,8.375917,
AddVertex,-1.318002,2.873831,8.378329,
AddVertex,-1.318002,2.863831,8.378329,
AddVertex,-1.317003,2.863831,8.375917,
AddVertex,-1.316663,2.873831,8.373329,
AddVertex,-1.317003,2.873831,8.375917,
AddVertex,-1.317003,2.863831,8.375917,
AddVertex,-1.316663,2.863831,8.373329,
AddVertex,-1.317003,2.873831,8.370741,
AddVertex,-1.316663,2.873831,8.373329,
AddVertex,-1.316663,2.863831,8.373329,
AddVertex,-1.317003,2.863831,8.370741,
AddVertex,-1.318002,2.873831,8.368329,
AddVertex,-1.317003,2.873831,8.370741,
AddVertex,-1.317003,2.863831,8.370741,
AddVertex,-1.318002,2.863831,8.368329,
AddVertex,-1.319592,2.873831,8.366258,
AddVertex,-1.318002,2.873831,8.368329,
AddVertex,-1.318002,2.863831,8.368329,
AddVertex,-1.319592,2.863831,8.366258,
AddVertex,-1.319592,2.873831,8.366258,
AddVertex,-1.319592,2.863831,8.366258,
AddVertex,-1.321663,2.863831,8.364669,
AddVertex,-1.321663,2.873831,8.364669,
AddVertex,-1.321663,2.873831,8.364669,
AddVertex,-1.321663,2.863831,8.364669,
AddVertex,-1.324075,2.863831,8.363669,
AddVertex,-1.324075,2.873831,8.363669,
AddVertex,-1.324075,2.873831,8.363669,
AddVertex,-1.324075,2.863831,8.363669,
AddVertex,-1.326663,2.863831,8.363329,
AddVertex,-1.326663,2.873831,8.363329,
AddVertex,-1.326663,2.873831,8.363329,
AddVertex,-1.326663,2.863831,8.363329,
AddVertex,-1.329251,2.863831,8.363669,
AddVertex,-1.329251,2.873831,8.363669,
AddVertex,-1.329251,2.873831,8.363669,
AddVertex,-1.329251,2.863831,8.363669,
AddVertex,-1.331663,2.863831,8.364669,
AddVertex,-1.331663,2.873831,8.364669,
AddVertex,-1.331663,2.873831,8.364669,
AddVertex,-1.331663,2.863831,8.364669,
AddVertex,-1.333734,2.863831,8.366258,
AddVertex,-1.333734,2.873831,8.366258,
AddVertex,-1.335323,2.873831,8.368329,
AddVertex,-1.333734,2.873831,8.366258,
AddVertex,-1.333734,2.863831,8.366258,
AddVertex,-1.335323,2.863831,8.368329,
AddVertex,-1.335323,2.863831,8.368329,
AddVertex,-1.333734,2.863831,8.366258,
AddVertex,-1.332452,2.863831,8.353137,
AddVertex,-1.336322,2.863831,8.370741,
AddVertex,-1.337276,2.863831,8.355135,
AddVertex,-1.336663,2.863831,8.373329,
AddVertex,-1.337276,2.863831,8.389776,
AddVertex,-1.341418,2.863831,8.386598,
AddVertex,-1.341418,2.863831,8.358314,
AddVertex,-1.344597,2.863831,8.382456,
AddVertex,-1.344597,2.863831,8.362455,
AddVertex,-1.346594,2.863831,8.377632,
AddVertex,-1.346594,2.863831,8.367279,
AddVertex,-1.347276,2.863831,8.372456,
AddVertex,-1.346594,2.863831,8.377632,
AddVertex,-1.347276,2.863831,8.372456,
AddVertex,-1.347276,2.853831,8.372456,
AddVertex,-1.346594,2.853831,8.377632,
AddVertex,-1.344597,2.863831,8.382456,
AddVertex,-1.346594,2.863831,8.377632,
AddVertex,-1.346594,2.853831,8.377632,
AddVertex,-1.344597,2.853831,8.382456,
AddVertex,-1.341418,2.863831,8.386598,
AddVertex,-1.344597,2.863831,8.382456,
AddVertex,-1.344597,2.853831,8.382456,
AddVertex,-1.341418,2.853831,8.386598,
AddVertex,-1.337276,2.863831,8.389776,
AddVertex,-1.341418,2.863831,8.386598,
AddVertex,-1.341418,2.853831,8.386598,
AddVertex,-1.337276,2.853831,8.389776,
AddVertex,-1.332452,2.863831,8.391774,
AddVertex,-1.337276,2.863831,8.389776,
AddVertex,-1.337276,2.853831,8.389776,
AddVertex,-1.332452,2.853831,8.391774,
AddVertex,-1.327276,2.863831,8.392456,
AddVertex,-1.332452,2.863831,8.391774,
AddVertex,-1.332452,2.853831,8.391774,
AddVertex,-1.327276,2.853831,8.392456,
AddVertex,-1.322100,2.863831,8.391774,
AddVertex,-1.327276,2.863831,8.392456,
AddVertex,-1.327276,2.853831,8.392456,
AddVertex,-1.322100,2.853831,8.391774,
AddVertex,-1.317276,2.863831,8.389776,
AddVertex,-1.322100,2.863831,8.391774,
AddVertex,-1.322100,2.853831,8.391774,
AddVertex,-1.317276,2.853831,8.389776,
AddVertex,-1.313134,2.863831,8.386598,
AddVertex,-1.317276,2.863831,8.389776,
AddVertex,-1.317276,2.853831,8.389776,
AddVertex,-1.313134,2.853831,8.386598,
AddVertex,-1.309955,2.863831,8.382456,
AddVertex,-1.313134,2.863831,8.386598,
AddVertex,-1.313134,2.853831,8.386598,
AddVertex,-1.309955,2.853831,8.382456,
AddVertex,-1.307957,2.863831,8.377632,
AddVertex,-1.309955,2.863831,8.382456,
AddVertex,-1.309955,2.853831,8.382456,
AddVertex,-1.307957,2.853831,8.377632,
AddVertex,-1.307276,2.863831,8.372456,
AddVertex,-1.307957,2.863831,8.377632,
AddVertex,-1.307957,2.853831,8.377632,
AddVertex,-1.307276,2.853831,8.372456,
AddVertex,-1.307957,2.863831,8.367279,
AddVertex,-1.307276,2.863831,8.372456,
AddVertex,-1.307276,2.853831,8.372456,
AddVertex,-1.307957,2.853831,8.367279,
AddVertex,-1.309955,2.863831,8.362455,
AddVertex,-1.307957,2.863831,8.367279,
AddVertex,-1.307957,2.853831,8.367279,
AddVertex,-1.309955,2.853831,8.362455,
AddVertex,-1.313134,2.863831,8.358314,
AddVertex,-1.309955,2.863831,8.362455,
AddVertex,-1.309955,2.853831,8.362455,
AddVertex,-1.313134,2.853831,8.358314,
AddVertex,-1.313134,2.863831,8.358314,
AddVertex,-1.313134,2.853831,8.358314,
AddVertex,-1.317276,2.853831,8.355135,
AddVertex,-1.317276,2.863831,8.355135,
AddVertex,-1.317003,2.863831,8.370741,
AddVertex,-1.313134,2.863831,8.358314,
AddVertex,-1.317276,2.863831,8.355135,
AddVertex,-1.318002,2.863831,8.368329,
AddVertex,-1.319592,2.863831,8.366258,
AddVertex,-1.321663,2.863831,8.364669,
AddVertex,-1.322100,2.863831,8.353137,
AddVertex,-1.324075,2.863831,8.363669,
AddVertex,-1.326663,2.863831,8.363329,
AddVertex,-1.327276,2.863831,8.352456,
AddVertex,-1.329251,2.863831,8.363669,
AddVertex,-1.331663,2.863831,8.364669,
AddVertex,-1.332452,2.853831,8.353137,
AddVertex,-1.332452,2.863831,8.353137,
AddVertex,-1.327276,2.863831,8.352456,
AddVertex,-1.327276,2.853831,8.352456,
AddVertex,-1.332452,2.853831,8.353137,
AddVertex,-1.327276,2.853831,8.352456,
AddVertex,-1.327276,2.853831,8.392456,
AddVertex,-1.332452,2.853831,8.391774,
AddVertex,-1.337276,2.853831,8.355135,
AddVertex,-1.337276,2.853831,8.389776,
AddVertex,-1.341418,2.853831,8.358314,
AddVertex,-1.341418,2.853831,8.386598,
AddVertex,-1.344597,2.853831,8.362455,
AddVertex,-1.344597,2.853831,8.382456,
AddVertex,-1.346594,2.853831,8.367279,
AddVertex,-1.346594,2.853831,8.377632,
AddVertex,-1.347276,2.853831,8.372456,
AddVertex,-1.346594,2.853831,8.367279,
AddVertex,-1.347276,2.853831,8.372456,
AddVertex,-1.347276,2.863831,8.372456,
AddVertex,-1.346594,2.863831,8.367279,
AddVertex,-1.344597,2.853831,8.362455,
AddVertex,-1.346594,2.853831,8.367279,
AddVertex,-1.346594,2.863831,8.367279,
AddVertex,-1.344597,2.863831,8.362455,
AddVertex,-1.341418,2.853831,8.358314,
AddVertex,-1.344597,2.853831,8.362455,
AddVertex,-1.344597,2.863831,8.362455,
AddVertex,-1.341418,2.863831,8.358314,
AddVertex,-1.341418,2.853831,8.358314,
AddVertex,-1.341418,2.863831,8.358314,
AddVertex,-1.337276,2.863831,8.355135,
AddVertex,-1.337276,2.853831,8.355135,
AddVertex,-1.337276,2.853831,8.355135,
AddVertex,-1.337276,2.863831,8.355135,
AddVertex,-1.332452,2.863831,8.353137,
AddVertex,-1.332452,2.853831,8.353137,
AddVertex,-1.322100,2.853831,8.391774,
AddVertex,-1.322100,2.853831,8.353137,
AddVertex,-1.317276,2.853831,8.389776,
AddVertex,-1.317276,2.853831,8.355135,
AddVertex,-1.313134,2.853831,8.386598,
AddVertex,-1.313134,2.853831,8.358314,
AddVertex,-1.309955,2.853831,8.382456,
AddVertex,-1.309955,2.853831,8.362455,
AddVertex,-1.307957,2.853831,8.367279,
AddVertex,-1.307957,2.853831,8.377632,
AddVertex,-1.307276,2.853831,8.372456,
AddVertex,-1.317276,2.863831,8.355135,
AddVertex,-1.317276,2.853831,8.355135,
AddVertex,-1.322100,2.853831,8.353137,
AddVertex,-1.322100,2.863831,8.353137,
AddVertex,-1.322100,2.863831,8.353137,
AddVertex,-1.322100,2.853831,8.353137,
AddVertex,-1.327276,2.853831,8.352456,
AddVertex,-1.327276,2.863831,8.352456,
AddVertex,-1.316663,2.863831,8.373329,
AddVertex,-1.313134,2.863831,8.386598,
AddVertex,-1.317003,2.863831,8.375917,
AddVertex,-1.317276,2.863831,8.389776,
AddVertex,-1.318002,2.863831,8.378329,
AddVertex,-1.319592,2.863831,8.380400,
AddVertex,-1.321663,2.863831,8.381989,
AddVertex,-1.322100,2.863831,8.391774,
AddVertex,-1.324075,2.863831,8.382988,
AddVertex,-1.326663,2.863831,8.383328,
AddVertex,-1.327276,2.863831,8.392456,
AddVertex,-1.329251,2.863831,8.382988,
AddVertex,-1.331663,2.863831,8.381989,
AddVertex,-1.332452,2.863831,8.391774,
AddVertex,-1.333734,2.863831,8.380400,
AddVertex,-1.335323,2.863831,8.378329,
AddVertex,-1.336322,2.863831,8.375917,
AddVertex,-1.309955,2.863831,8.362455,
AddVertex,-1.309955,2.863831,8.382456,
AddVertex,-1.307957,2.863831,8.367279,
AddVertex,-1.307957,2.863831,8.377632,
AddVertex,-1.307276,2.863831,8.372456,
AddVertex,-1.314324,2.899631,8.441420,
AddVertex,-1.314324,2.899631,8.421420,
AddVertex,-1.314664,2.902219,8.421420,
AddVertex,-1.314664,2.902219,8.441420,
AddVertex,-1.314664,2.902219,8.441420,
AddVertex,-1.333983,2.902219,8.441420,
AddVertex,-1.334324,2.899631,8.421420,
AddVertex,-1.334324,2.899631,8.441420,
AddVertex,-1.333983,2.902219,8.441420,
AddVertex,-1.333983,2.902219,8.421420,
AddVertex,-1.333983,2.902219,8.421420,
AddVertex,-1.333983,2.902219,8.441420,
AddVertex,-1.332984,2.904631,8.441420,
AddVertex,-1.332984,2.904631,8.421420,
AddVertex,-1.332984,2.904631,8.421420,
AddVertex,-1.332984,2.904631,8.441420,
AddVertex,-1.331395,2.906702,8.441420,
AddVertex,-1.331395,2.906702,8.421420,
AddVertex,-1.329324,2.908291,8.421420,
AddVertex,-1.331395,2.906702,8.421420,
AddVertex,-1.331395,2.906702,8.441420,
AddVertex,-1.329324,2.908291,8.441420,
AddVertex,-1.326912,2.909290,8.421420,
AddVertex,-1.329324,2.908291,8.421420,
AddVertex,-1.329324,2.908291,8.441420,
AddVertex,-1.326912,2.909290,8.441420,
AddVertex,-1.324324,2.909631,8.421420,
AddVertex,-1.326912,2.909290,8.421420,
AddVertex,-1.326912,2.909290,8.441420,
AddVertex,-1.324324,2.909631,8.441420,
AddVertex,-1.321736,2.909290,8.421420,
AddVertex,-1.324324,2.909631,8.421420,
AddVertex,-1.324324,2.909631,8.441420,
AddVertex,-1.321736,2.909290,8.441420,
AddVertex,-1.319324,2.908291,8.421420,
AddVertex,-1.321736,2.909290,8.421420,
AddVertex,-1.321736,2.909290,8.441420,
AddVertex,-1.319324,2.908291,8.441420,
AddVertex,-1.317253,2.906702,8.421420,
AddVertex,-1.319324,2.908291,8.421420,
AddVertex,-1.319324,2.908291,8.441420,
AddVertex,-1.317253,2.906702,8.441420,
AddVertex,-1.317253,2.906702,8.421420,
AddVertex,-1.317253,2.906702,8.441420,
AddVertex,-1.315663,2.904631,8.441420,
AddVertex,-1.315663,2.904631,8.421420,
AddVertex,-1.315663,2.904631,8.421420,
AddVertex,-1.315663,2.904631,8.441420,
AddVertex,-1.314664,2.902219,8.441420,
AddVertex,-1.314664,2.902219,8.421420,
AddVertex,-1.315663,2.904631,8.441420,
AddVertex,-1.332984,2.904631,8.441420,
AddVertex,-1.331395,2.906702,8.441420,
AddVertex,-1.317253,2.906702,8.441420,
AddVertex,-1.329324,2.908291,8.441420,
AddVertex,-1.319324,2.908291,8.441420,
AddVertex,-1.326912,2.909290,8.441420,
AddVertex,-1.321736,2.909290,8.441420,
AddVertex,-1.324324,2.909631,8.441420,
AddVertex,-1.334324,2.899631,8.441420,
AddVertex,-1.334324,2.899631,8.421420,
AddVertex,-1.333983,2.897043,8.421420,
AddVertex,-1.333983,2.897043,8.441420,
AddVertex,-1.333983,2.897043,8.441420,
AddVertex,-1.333983,2.897043,8.421420,
AddVertex,-1.332984,2.894631,8.421420,
AddVertex,-1.332984,2.894631,8.441420,
AddVertex,-1.332984,2.894631,8.441420,
AddVertex,-1.332984,2.894631,8.421420,
AddVertex,-1.331395,2.892560,8.421420,
AddVertex,-1.331395,2.892560,8.441420,
AddVertex,-1.329324,2.890971,8.441420,
AddVertex,-1.331395,2.892560,8.441420,
AddVertex,-1.331395,2.892560,8.421420,
AddVertex,-1.329324,2.890971,8.421420,
AddVertex,-1.326912,2.889972,8.441420,
AddVertex,-1.329324,2.890971,8.441420,
AddVertex,-1.329324,2.890971,8.421420,
AddVertex,-1.326912,2.889972,8.421420,
AddVertex,-1.324324,2.889631,8.441420,
AddVertex,-1.326912,2.889972,8.441420,
AddVertex,-1.326912,2.889972,8.421420,
AddVertex,-1.324324,2.889631,8.421420,
AddVertex,-1.350000,1.974778,9.425412,
AddVertex,-1.328224,1.974778,9.540306,
AddVertex,-1.340444,1.974778,9.340835,
AddVertex,-1.350001,1.974778,9.336844,
AddVertex,-1.350005,1.974778,9.425387,
AddVertex,-1.340444,1.974778,9.340835,
AddVertex,-1.350001,1.974778,9.336844,
AddVertex,-1.330528,2.271606,9.449158,
AddVertex,-1.339756,1.974778,9.341122,
AddVertex,-1.339756,1.974778,9.341122,
AddVertex,-1.340266,1.974778,9.341122,
AddVertex,-1.033888,1.974778,9.475738,
AddVertex,-1.338534,1.974778,9.341122,
AddVertex,-1.339889,1.974778,9.340919,
AddVertex,-1.344944,1.974778,9.333165,
AddVertex,-1.350000,1.974778,9.333165,
AddVertex,-1.350001,1.974778,9.336844,
AddVertex,-1.350000,2.196901,9.425412,
AddVertex,-1.344070,2.266222,9.442379,
AddVertex,-1.343609,2.271606,9.443696,
AddVertex,-1.343609,2.271606,9.443696,
AddVertex,-1.331497,2.271606,9.448753,
AddVertex,-1.331497,2.271606,9.448753,
AddVertex,-1.330528,2.271606,9.449158,
AddVertex,-1.033888,2.271606,9.579921,
AddVertex,-1.331497,2.271606,9.449158,
AddVertex,-1.340266,1.974778,9.341122,
AddVertex,-1.331497,2.271606,9.449158,
AddVertex,-1.033888,2.271606,9.579921,
AddVertex,-1.033888,1.974778,9.475738,
AddVertex,-1.255056,1.974778,9.594889,
AddVertex,-1.167709,1.974778,9.621404,
AddVertex,-1.051563,1.974778,9.636499,
AddVertex,-0.935417,1.974778,9.651596,
AddVertex,-0.954019,1.974778,9.510831,
AddVertex,-0.933287,1.974778,9.510831,
AddVertex,-0.933287,1.974778,9.651669,
AddVertex,-0.715503,1.974778,9.510831,
AddVertex,0.207240,1.974778,9.690745,
AddVertex,-0.416956,1.974778,9.510831,
AddVertex,-0.715503,1.984778,9.510831,
AddVertex,-0.715503,1.984778,9.464622,
AddVertex,-0.715503,2.234340,9.464622,
AddVertex,-0.715503,2.254340,9.464622,
AddVertex,-0.715503,2.281606,9.597730,
AddVertex,-0.715503,2.271606,9.597730,
AddVertex,-0.715503,2.271606,9.606957,
AddVertex,-0.715503,1.974778,9.510831,
AddVertex,-0.715503,1.974778,9.510831,
AddVertex,-0.715503,2.271606,9.606957,
AddVertex,-0.706472,2.128772,9.560701,
AddVertex,-0.684281,2.000244,9.519078,
AddVertex,-0.559246,1.990270,9.515848,
AddVertex,0.015131,1.980757,9.512767,
AddVertex,0.160754,1.980757,9.512767,
AddVertex,-0.416956,1.974778,9.510831,
AddVertex,-0.376956,1.974778,9.510831,
AddVertex,0.173017,1.974778,9.510831,
AddVertex,0.191352,2.271606,9.606957,
AddVertex,0.173017,1.974778,9.510831,
AddVertex,0.191352,2.271606,9.606957,
AddVertex,0.188508,1.998614,9.512391,
AddVertex,0.502481,1.974778,9.366072,
AddVertex,0.181170,1.974778,9.507249,
AddVertex,0.384017,1.974778,9.418121,
AddVertex,0.181170,1.974778,9.507249,
AddVertex,0.384017,1.974778,9.418121,
AddVertex,0.224045,1.974778,9.481716,
AddVertex,0.184045,1.974778,9.481716,
AddVertex,0.184045,1.974778,9.431716,
AddVertex,0.173017,1.974778,9.418121,
AddVertex,0.173017,1.974778,9.510831,
AddVertex,0.173017,1.974778,9.510831,
AddVertex,0.173017,1.974778,9.418121,
AddVertex,0.173017,1.899778,9.418121,
AddVertex,0.173017,1.879778,9.418121,
AddVertex,0.173017,1.824777,9.510831,
AddVertex,0.173017,1.974778,9.510831,
AddVertex,0.173017,1.824777,9.510831,
AddVertex,-0.376956,1.824777,9.510831,
AddVertex,-0.376956,1.974778,9.510831,
AddVertex,-0.376956,1.974778,9.510831,
AddVertex,-0.426956,1.899778,9.418121,
AddVertex,-0.416956,1.899778,9.418121,
AddVertex,-0.243403,1.899778,9.418121,
AddVertex,-0.243403,1.879778,9.418121,
AddVertex,-0.426956,1.879778,9.418121,
AddVertex,-0.426956,1.974778,9.418121,
AddVertex,-0.685503,1.974778,9.418121,
AddVertex,-0.685503,1.984778,9.428951,
AddVertex,-0.416956,1.984778,9.428951,
AddVertex,-0.416956,1.974778,9.418121,
AddVertex,-0.426956,1.974778,9.418121,
AddVertex,-0.416956,1.974778,9.418121,
AddVertex,-0.416956,1.974778,9.510831,
AddVertex,-0.416956,1.899778,9.418121,
AddVertex,-0.416956,1.974778,9.418121,
AddVertex,-0.416956,1.984778,9.428951,
AddVertex,-0.416956,1.984778,9.510831,
AddVertex,-0.685503,1.210614,9.464622,
AddVertex,-0.685503,1.984778,9.464622,
AddVertex,-0.685503,1.984778,9.428951,
AddVertex,-0.685503,1.210614,9.418121,
AddVertex,-0.685503,1.974778,9.418121,
AddVertex,-0.685503,1.424778,9.325413,
AddVertex,-0.426956,1.424778,9.325413,
AddVertex,-0.426956,1.210614,9.325413,
AddVertex,-0.685503,1.210614,9.325413,
AddVertex,-0.426956,1.210614,9.560831,
AddVertex,-0.426956,1.210614,9.325413,
AddVertex,-0.426956,1.424778,9.325413,
AddVertex,-0.426956,1.424778,9.418121,
AddVertex,-0.426956,1.879778,9.418121,
AddVertex,-0.426956,1.824777,9.510831,
AddVertex,-0.426956,1.807688,9.560831,
AddVertex,-0.426956,1.210614,9.560831,
AddVertex,-0.426956,1.807688,9.560831,
AddVertex,0.173017,1.807688,9.560831,
AddVertex,0.173017,1.210614,9.560831,
AddVertex,0.173017,1.210614,9.510831,
AddVertex,0.173017,1.210614,9.560831,
AddVertex,0.173017,1.807688,9.560831,
AddVertex,0.173017,1.524778,9.510831,
AddVertex,0.173017,1.974778,9.314118,
AddVertex,0.173017,1.524778,9.175412,
AddVertex,0.173017,1.826071,9.175412,
AddVertex,0.173017,1.826071,9.175412,
AddVertex,0.233017,1.826071,9.175412,
AddVertex,0.173017,1.524778,9.175412,
AddVertex,0.384017,1.974778,9.175412,
AddVertex,0.384017,1.524778,9.175412,
AddVertex,0.173017,1.524778,9.175412,
AddVertex,0.384017,1.524778,9.175412,
AddVertex,0.384017,1.524778,9.510831,
AddVertex,0.173017,1.524778,9.510831,
AddVertex,0.173017,1.524778,9.510831,
AddVertex,0.384017,1.524778,9.510831,
AddVertex,0.189141,1.488504,9.510831,
AddVertex,0.189141,1.438504,9.510831,
AddVertex,0.194215,1.398748,9.510831,
AddVertex,0.194215,1.348748,9.510831,
AddVertex,0.173017,1.210614,9.510831,
AddVertex,0.404215,1.348748,9.510831,
AddVertex,0.430448,1.210614,9.510831,
AddVertex,0.430448,1.824777,9.510831,
AddVertex,0.430448,1.210614,9.479418,
AddVertex,0.430448,1.210614,9.510831,
AddVertex,0.430448,1.824777,9.510831,
AddVertex,0.430448,1.824777,9.479418,
AddVertex,0.430448,1.210614,9.479418,
AddVertex,0.430448,1.824777,9.479418,
AddVertex,0.450000,1.824777,9.479418,
AddVertex,0.450000,1.210614,9.479418,
AddVertex,0.569610,1.824777,9.479418,
AddVertex,0.550000,1.210614,9.479418,
AddVertex,0.560000,1.210614,9.479418,
AddVertex,0.569610,1.210614,9.479418,
AddVertex,0.117084,1.974778,9.696973,
AddVertex,0.234167,1.974778,9.693946,
AddVertex,0.000000,1.974778,9.700000,
AddVertex,-0.117084,1.974778,9.696973,
AddVertex,-0.234167,1.974778,9.693946,
AddVertex,-0.351251,1.974778,9.690918,
AddVertex,-0.468334,1.974778,9.687891,
AddVertex,-0.594032,1.974778,9.678123,
AddVertex,-0.719729,1.974778,9.668356,
AddVertex,-0.827573,1.974778,9.659976,
AddVertex,-0.933287,1.974778,9.651761,
AddVertex,-0.952582,2.271606,9.639442,
AddVertex,-0.933287,1.974778,9.651669,
AddVertex,0.207240,1.974778,9.690745,
AddVertex,0.194366,1.993607,9.689570,
AddVertex,0.191352,1.994338,9.689439,
AddVertex,0.191352,1.994338,9.689439,
AddVertex,-0.952582,2.271606,9.639442,
AddVertex,-0.972354,2.271606,9.639442,
AddVertex,0.191352,1.974778,9.692966,
AddVertex,0.194366,1.993607,9.689570,
AddVertex,0.238865,2.271606,9.639442,
AddVertex,0.191352,2.074655,9.674956,
AddVertex,0.191352,2.271606,9.639442,
AddVertex,-0.829817,2.271606,9.639442,
AddVertex,-0.952582,2.281606,9.639442,
AddVertex,-0.952582,2.271606,9.639442,
AddVertex,-0.829817,2.271606,9.639442,
AddVertex,-0.829817,2.281606,9.639442,
AddVertex,-0.952582,2.281606,9.639442,
AddVertex,-0.829817,2.281606,9.639442,
AddVertex,-0.715503,2.281606,9.597730,
AddVertex,-0.972354,2.281606,9.636810,
AddVertex,-1.051563,2.281606,9.626264,
AddVertex,-1.064548,2.281606,9.512541,
AddVertex,-1.167721,2.281606,9.610794,
AddVertex,-1.051563,2.271606,9.626264,
AddVertex,-1.051563,2.281606,9.626264,
AddVertex,-1.167721,2.281606,9.610794,
AddVertex,-1.167721,2.271606,9.610794,
AddVertex,0.000000,2.923612,9.566109,
AddVertex,0.000000,2.923612,9.516109,
AddVertex,0.117084,2.922119,9.513474,
AddVertex,0.117084,2.922119,9.563475,
AddVertex,-0.234167,2.190327,9.693946,
AddVertex,-0.234167,2.190327,9.743945,
AddVertex,-0.351251,2.190327,9.740918,
AddVertex,-0.351251,2.190327,9.690918,
AddVertex,-0.468334,2.190327,9.737891,
AddVertex,-0.468334,2.190327,9.687891,
AddVertex,-0.594032,2.190327,9.728124,
AddVertex,-0.594032,2.190327,9.678123,
AddVertex,-0.719729,2.190327,9.718356,
AddVertex,-0.719729,2.190327,9.668356,
AddVertex,-0.788389,2.190327,9.713020,
AddVertex,-0.788389,2.190327,9.663021,
AddVertex,-0.827573,2.214277,9.709976,
AddVertex,-0.788389,2.190327,9.713020,
AddVertex,-0.788389,2.190327,9.663021,
AddVertex,-0.827573,2.214277,9.659976,
AddVertex,-0.843589,2.228034,9.708732,
AddVertex,-0.827573,2.214277,9.709976,
AddVertex,-0.827573,2.214277,9.659976,
AddVertex,-0.843589,2.228034,9.658731,
AddVertex,-0.935417,2.323704,9.680139,
AddVertex,-0.843589,2.228034,9.708732,
AddVertex,-0.843589,2.228034,9.658731,
AddVertex,-0.935417,2.323704,9.630138,
AddVertex,-0.977738,2.386418,9.660552,
AddVertex,-0.935417,2.323704,9.680139,
AddVertex,-0.935417,2.323704,9.630138,
AddVertex,-0.977738,2.386418,9.610552,
AddVertex,-0.997357,2.427407,9.648822,
AddVertex,-0.977738,2.386418,9.660552,
AddVertex,-0.977738,2.386418,9.610552,
AddVertex,-0.997357,2.427407,9.598822,
AddVertex,-1.016306,2.485012,9.633484,
AddVertex,-0.997357,2.427407,9.648822,
AddVertex,-0.997357,2.427407,9.598822,
AddVertex,-1.016306,2.485012,9.583484,
AddVertex,-1.025027,2.814232,9.559084,
AddVertex,-1.016306,2.485012,9.633484,
AddVertex,-1.016306,2.485012,9.583484,
AddVertex,-1.025027,2.814232,9.509085,
AddVertex,-1.027400,2.893846,9.513598,
AddVertex,-1.025027,2.814232,9.559084,
AddVertex,-1.025027,2.814232,9.509085,
AddVertex,-1.027400,2.893846,9.463598,
AddVertex,-0.935417,2.899742,9.523999,
AddVertex,-1.027400,2.893846,9.513598,
AddVertex,-1.027400,2.893846,9.463598,
AddVertex,-0.935417,2.899742,9.473999,
AddVertex,-0.827573,2.903874,9.531289,
AddVertex,-0.935417,2.899742,9.523999,
AddVertex,-0.935417,2.899742,9.473999,
AddVertex,-0.827573,2.903874,9.481290,
AddVertex,-0.719729,2.908007,9.538580,
AddVertex,-0.719729,2.908007,9.488580,
AddVertex,-0.594032,2.912824,9.547077,
AddVertex,-0.594032,2.912824,9.497077,
AddVertex,-0.468334,2.917641,9.555574,
AddVertex,-0.468334,2.917641,9.505574,
AddVertex,-0.351251,2.919133,9.558208,
AddVertex,-0.468334,2.917641,9.555574,
AddVertex,-0.468334,2.917641,9.505574,
AddVertex,-0.351251,2.919133,9.508207,
AddVertex,-0.234167,2.920626,9.560842,
AddVertex,-0.234167,2.920626,9.510841,
AddVertex,-0.117084,2.922119,9.563475,
AddVertex,-0.117084,2.922119,9.513474,
AddVertex,0.000000,2.923612,9.566109,
AddVertex,0.000000,2.923612,9.516109,
AddVertex,0.571487,2.828728,9.596762,
AddVertex,0.571487,2.828728,9.546762,
AddVertex,0.579302,2.230291,9.679268,
AddVertex,0.579302,2.230291,9.729268,
AddVertex,0.579302,2.230291,9.729268,
AddVertex,0.579302,2.230291,9.679268,
AddVertex,0.579302,2.190327,9.679268,
AddVertex,0.579302,2.190327,9.729268,
AddVertex,0.579302,2.190327,9.729268,
AddVertex,0.579302,2.190327,9.679268,
AddVertex,0.468334,2.917641,9.555574,
AddVertex,0.468334,2.917641,9.505574,
AddVertex,0.568045,2.913895,9.498791,
AddVertex,0.568045,2.913895,9.548791,
AddVertex,0.571487,2.828728,9.546762,
AddVertex,0.571487,2.828728,9.596762,
AddVertex,0.568045,2.913895,9.548791,
AddVertex,0.568045,2.913895,9.498791,
AddVertex,0.570606,1.974778,9.492227,
AddVertex,0.569610,1.974778,9.479418,
AddVertex,0.660000,1.974778,9.472394,
AddVertex,0.660000,1.974778,9.492227,
AddVertex,0.582995,1.974778,9.651669,
AddVertex,0.584540,1.974778,9.671545,
AddVertex,0.660000,1.974778,9.671545,
AddVertex,0.468334,2.917641,9.505574,
AddVertex,0.468334,2.917641,9.555574,
AddVertex,0.351251,2.919133,9.558208,
AddVertex,0.351251,2.919133,9.508207,
AddVertex,0.234167,2.920626,9.510841,
AddVertex,0.234167,2.920626,9.560842,
AddVertex,0.234167,3.045070,9.440297,
AddVertex,0.234167,3.013227,9.458348,
AddVertex,0.117084,3.014720,9.460981,
AddVertex,0.117084,3.046563,9.442931,
AddVertex,0.117084,3.046563,9.442931,
AddVertex,0.117084,3.014720,9.460981,
AddVertex,0.117508,3.015325,9.442213,
AddVertex,0.118322,3.016483,9.406294,
AddVertex,0.118673,3.016984,9.390753,
AddVertex,-0.594032,3.037267,9.426533,
AddVertex,0.117084,3.046563,9.442931,
AddVertex,0.117084,3.046563,9.390753,
AddVertex,-0.594032,3.037267,9.374354,
AddVertex,-0.594032,3.037267,9.426533,
AddVertex,-0.594032,3.037267,9.374354,
AddVertex,-0.592442,3.007689,9.374354,
AddVertex,-0.594032,3.037267,9.426533,
AddVertex,-0.592442,3.007689,9.374354,
AddVertex,-0.592794,3.007188,9.389895,
AddVertex,-0.593607,3.006030,9.425816,
AddVertex,-0.594032,3.005425,9.444584,
AddVertex,0.117084,3.014720,9.460981,
AddVertex,-0.594032,3.005425,9.444584,
AddVertex,-0.593607,3.006030,9.425816,
AddVertex,-0.543624,3.006683,9.426968,
AddVertex,0.117508,3.015325,9.442213,
AddVertex,0.187484,3.016240,9.443827,
AddVertex,0.187484,3.016240,9.443827,
AddVertex,0.117508,3.015325,9.442213,
AddVertex,-0.543624,3.006683,9.426968,
AddVertex,0.191624,2.716421,9.434255,
AddVertex,-0.539484,2.706864,9.417397,
AddVertex,0.231748,2.706950,9.434858,
AddVertex,-0.569474,2.706472,9.416705,
AddVertex,-0.569336,2.696479,9.416386,
AddVertex,0.231748,2.706950,9.434858,
AddVertex,-0.569336,2.696479,9.416386,
AddVertex,-0.568523,2.697636,9.380466,
AddVertex,0.232561,2.708108,9.398938,
AddVertex,0.231748,2.706950,9.434858,
AddVertex,0.232561,2.708108,9.398938,
AddVertex,0.232423,2.718102,9.399258,
AddVertex,0.231610,2.716944,9.435177,
AddVertex,0.231610,2.716944,9.435177,
AddVertex,0.192437,2.717579,9.398335,
AddVertex,0.191624,2.716421,9.434255,
AddVertex,0.231610,2.716944,9.435177,
AddVertex,0.232423,2.718102,9.399258,
AddVertex,0.192437,2.717579,9.398335,
AddVertex,0.232423,2.718102,9.399258,
AddVertex,0.232561,2.708108,9.398938,
AddVertex,-0.538671,2.708022,9.381476,
AddVertex,-0.568661,2.707630,9.380785,
AddVertex,-0.568523,2.697636,9.380466,
AddVertex,-0.568661,2.707630,9.380785,
AddVertex,-0.568523,2.697636,9.380466,
AddVertex,-0.569336,2.696479,9.416386,
AddVertex,-0.569474,2.706472,9.416705,
AddVertex,-0.568661,2.707630,9.380785,
AddVertex,-0.569474,2.706472,9.416705,
AddVertex,-0.539484,2.706864,9.417397,
AddVertex,-0.538671,2.708022,9.381476,
AddVertex,0.118322,3.016483,9.406294,
AddVertex,0.188297,3.017398,9.407907,
AddVertex,-0.539484,2.706864,9.417397,
AddVertex,-0.543624,3.006683,9.426968,
AddVertex,-0.542811,3.007841,9.391048,
AddVertex,-0.538671,2.708022,9.381476,
AddVertex,-0.592794,3.007188,9.389895,
AddVertex,-0.542811,3.007841,9.391048,
AddVertex,-0.592442,3.007689,9.374354,
AddVertex,0.118673,3.016984,9.390753,
AddVertex,0.234167,3.013227,9.400753,
AddVertex,0.118322,3.016483,9.406294,
AddVertex,0.118673,3.016984,9.390753,
AddVertex,0.234167,3.013227,9.390753,
AddVertex,0.234167,3.013227,9.400753,
AddVertex,0.118673,3.016984,9.390753,
AddVertex,0.234167,3.046563,9.390753,
AddVertex,0.234167,3.013227,9.390753,
AddVertex,0.118673,3.016984,9.390753,
AddVertex,0.117084,3.046563,9.390753,
AddVertex,0.234167,3.045070,9.440297,
AddVertex,0.234167,3.046563,9.390753,
AddVertex,0.117084,3.046563,9.390753,
AddVertex,0.234167,3.045070,9.440297,
AddVertex,0.117084,3.046563,9.390753,
AddVertex,0.117084,3.046563,9.442931,
AddVertex,0.117084,3.046563,9.442931,
AddVertex,0.118673,3.016984,9.390753,
AddVertex,0.117084,3.046563,9.390753,
AddVertex,-0.594032,3.037267,9.374354,
AddVertex,0.117084,3.046563,9.390753,
AddVertex,0.118673,3.016984,9.390753,
AddVertex,-0.592442,3.007689,9.374354,
AddVertex,0.234167,3.046563,9.390753,
AddVertex,0.234167,3.045070,9.440297,
AddVertex,0.234167,3.013227,9.400753,
AddVertex,0.234167,3.013227,9.390753,
AddVertex,0.234167,3.013227,9.406294,
AddVertex,0.234167,3.013227,9.400753,
AddVertex,0.234167,3.013227,9.406294,
AddVertex,0.188297,3.017398,9.407907,
AddVertex,0.234167,3.013227,9.400753,
AddVertex,0.188297,3.017398,9.407907,
AddVertex,0.118322,3.016483,9.406294,
AddVertex,0.234167,3.013227,9.458348,
AddVertex,0.234167,3.013227,9.458348,
AddVertex,0.234167,3.013227,9.458348,
AddVertex,0.187484,3.016240,9.443827,
AddVertex,0.188297,3.017398,9.407907,
AddVertex,0.188297,3.017398,9.407907,
AddVertex,0.187484,3.016240,9.443827,
AddVertex,0.191624,2.716421,9.434255,
AddVertex,0.192437,2.717579,9.398335,
AddVertex,0.234167,3.013227,9.458348,
AddVertex,0.117084,3.014720,9.460981,
AddVertex,0.187484,3.016240,9.443827,
AddVertex,-1.344944,2.281606,9.333165,
AddVertex,-1.350000,2.281606,9.333165,
AddVertex,-1.350000,2.281606,9.336569,
AddVertex,-1.350000,2.281606,9.406569,
AddVertex,-1.343431,2.281606,9.442446,
AddVertex,-1.340266,2.281606,9.434468,
AddVertex,-1.033888,2.281606,9.386916,
AddVertex,-1.033888,1.974778,9.386916,
AddVertex,-1.344944,1.210614,9.333165,
AddVertex,-1.344944,1.974778,9.333165,
AddVertex,-1.033888,1.974778,9.386916,
AddVertex,-1.100458,1.210614,9.375413,
AddVertex,-1.033888,1.210614,9.386916,
AddVertex,-1.033888,1.210614,9.386916,
AddVertex,-1.033888,1.974778,9.386916,
AddVertex,-0.715503,1.974778,9.464622,
AddVertex,-0.715503,1.210614,9.464622,
AddVertex,-0.685503,1.974778,9.464622,
AddVertex,-0.685503,1.210614,9.464622,
AddVertex,-0.715503,1.210614,9.464622,
AddVertex,-0.715503,1.974778,9.464622,
AddVertex,-0.685503,1.984778,9.464622,
AddVertex,-0.715503,1.984778,9.464622,
AddVertex,-0.865806,2.006191,9.427938,
AddVertex,-0.715503,1.984778,9.464622,
AddVertex,-1.033888,2.234340,9.386916,
AddVertex,-0.865806,2.151814,9.427938,
AddVertex,-0.778372,2.006191,9.449277,
AddVertex,-0.715503,2.234340,9.464622,
AddVertex,-0.778372,2.151814,9.449277,
AddVertex,-0.761144,2.189694,9.453482,
AddVertex,-0.758144,2.193718,9.454214,
AddVertex,-0.756258,2.198405,9.454675,
AddVertex,-0.755615,2.203433,9.454831,
AddVertex,-0.756258,2.208462,9.454675,
AddVertex,-0.758144,2.213148,9.454214,
AddVertex,-0.761144,2.217172,9.453482,
AddVertex,-0.765053,2.220260,9.452528,
AddVertex,-0.769605,2.222201,9.451417,
AddVertex,-0.774491,2.222863,9.450225,
AddVertex,-0.808435,2.224603,9.441940,
AddVertex,-0.813320,2.225265,9.440748,
AddVertex,-0.891039,2.225169,9.421780,
AddVertex,-0.929898,2.225126,9.412295,
AddVertex,-0.934784,2.224463,9.411103,
AddVertex,-0.939336,2.222522,9.409992,
AddVertex,-0.943245,2.219435,9.409039,
AddVertex,-0.946245,2.215411,9.408306,
AddVertex,-0.948131,2.210725,9.407845,
AddVertex,-0.948774,2.205696,9.407689,
AddVertex,-0.948131,2.200667,9.407845,
AddVertex,-0.946245,2.195981,9.408306,
AddVertex,-0.943245,2.191957,9.409039,
AddVertex,-0.939336,2.188869,9.409992,
AddVertex,-0.934784,2.186928,9.411103,
AddVertex,-0.929898,2.186266,9.412295,
AddVertex,-0.774491,2.184004,9.450225,
AddVertex,-0.769605,2.184666,9.451417,
AddVertex,-0.765053,2.186607,9.452528,
AddVertex,-0.803883,2.222662,9.443051,
AddVertex,-0.779376,2.222201,9.449032,
AddVertex,-0.783929,2.220260,9.447921,
AddVertex,-0.799973,2.219574,9.444005,
AddVertex,-0.787838,2.217172,9.446967,
AddVertex,-0.796974,2.215550,9.444737,
AddVertex,-0.790838,2.213148,9.446235,
AddVertex,-0.795088,2.210864,9.445198,
AddVertex,-0.792723,2.208462,9.445775,
AddVertex,-0.794445,2.205835,9.445354,
AddVertex,-0.793366,2.203433,9.445618,
AddVertex,-0.795088,2.200807,9.445198,
AddVertex,-0.792723,2.198405,9.445775,
AddVertex,-0.796974,2.196121,9.444737,
AddVertex,-0.790838,2.193718,9.446235,
AddVertex,-0.799973,2.192096,9.444005,
AddVertex,-0.787838,2.189694,9.446967,
AddVertex,-0.803883,2.189009,9.443051,
AddVertex,-0.808435,2.187068,9.441940,
AddVertex,-0.783929,2.186607,9.447921,
AddVertex,-0.813320,2.186406,9.440748,
AddVertex,-0.779376,2.184666,9.449032,
AddVertex,-0.852179,2.186229,9.431264,
AddVertex,-0.847294,2.186891,9.432456,
AddVertex,-0.818206,2.187068,9.439555,
AddVertex,-0.852179,2.225089,9.431264,
AddVertex,-0.818206,2.224603,9.439555,
AddVertex,-0.847294,2.224427,9.432456,
AddVertex,-0.822758,2.222662,9.438444,
AddVertex,-0.842742,2.222486,9.433567,
AddVertex,-0.826668,2.219574,9.437490,
AddVertex,-0.838832,2.219398,9.434522,
AddVertex,-0.829667,2.215550,9.436758,
AddVertex,-0.835833,2.215374,9.435253,
AddVertex,-0.831553,2.210864,9.436298,
AddVertex,-0.833947,2.210688,9.435714,
AddVertex,-0.832196,2.205835,9.436141,
AddVertex,-0.833304,2.205659,9.435870,
AddVertex,-0.831553,2.200807,9.436298,
AddVertex,-0.833947,2.200630,9.435714,
AddVertex,-0.829667,2.196121,9.436758,
AddVertex,-0.835833,2.195944,9.435253,
AddVertex,-0.826668,2.192096,9.437490,
AddVertex,-0.838832,2.191920,9.434522,
AddVertex,-0.822758,2.189009,9.438444,
AddVertex,-0.842742,2.188833,9.433567,
AddVertex,-0.886153,2.224507,9.422972,
AddVertex,-0.857065,2.224427,9.430072,
AddVertex,-0.881601,2.222566,9.424083,
AddVertex,-0.861617,2.222486,9.428961,
AddVertex,-0.877692,2.219478,9.425037,
AddVertex,-0.865527,2.219398,9.428006,
AddVertex,-0.874692,2.215454,9.425770,
AddVertex,-0.868526,2.215374,9.427274,
AddVertex,-0.872806,2.210768,9.426229,
AddVertex,-0.870412,2.210688,9.426814,
AddVertex,-0.872163,2.205739,9.426387,
AddVertex,-0.871055,2.205659,9.426657,
AddVertex,-0.872806,2.200711,9.426229,
AddVertex,-0.870412,2.200630,9.426814,
AddVertex,-0.874692,2.196024,9.425770,
AddVertex,-0.868526,2.195944,9.427274,
AddVertex,-0.877692,2.192000,9.425037,
AddVertex,-0.865527,2.191920,9.428006,
AddVertex,-0.881601,2.188913,9.424083,
AddVertex,-0.861617,2.188833,9.428961,
AddVertex,-0.886153,2.186972,9.422972,
AddVertex,-0.857065,2.186891,9.430072,
AddVertex,-0.891039,2.186310,9.421780,
AddVertex,-0.925013,2.186928,9.413488,
AddVertex,-0.895924,2.186972,9.420588,
AddVertex,-0.895924,2.224507,9.420588,
AddVertex,-0.925013,2.224463,9.413488,
AddVertex,-0.900477,2.222566,9.419477,
AddVertex,-0.920460,2.222522,9.414599,
AddVertex,-0.904386,2.219478,9.418522,
AddVertex,-0.916551,2.219435,9.415553,
AddVertex,-0.907386,2.215454,9.417790,
AddVertex,-0.913551,2.215411,9.416286,
AddVertex,-0.909271,2.210768,9.417330,
AddVertex,-0.911666,2.210725,9.416745,
AddVertex,-0.909914,2.205739,9.417172,
AddVertex,-0.911022,2.205696,9.416903,
AddVertex,-0.909271,2.200711,9.417330,
AddVertex,-0.911666,2.200667,9.416745,
AddVertex,-0.907386,2.196024,9.417790,
AddVertex,-0.913551,2.195981,9.416286,
AddVertex,-0.904386,2.192000,9.418522,
AddVertex,-0.916551,2.191957,9.415553,
AddVertex,-0.900477,2.188913,9.419477,
AddVertex,-0.920460,2.188869,9.414599,
AddVertex,-0.715503,2.234340,9.464622,
AddVertex,-1.033888,2.234340,9.386916,
AddVertex,-1.033888,2.234340,9.371854,
AddVertex,-0.715503,2.234340,9.451241,
AddVertex,-0.715503,2.234340,9.451241,
AddVertex,-0.715503,2.239021,9.449302,
AddVertex,-1.033888,2.254340,9.386916,
AddVertex,-0.715503,2.254340,9.464622,
AddVertex,-0.715503,2.239021,9.449302,
AddVertex,-1.033888,2.237846,9.370421,
AddVertex,-1.033888,2.254340,9.386916,
AddVertex,-1.033888,2.237846,9.370421,
AddVertex,-1.033888,2.234340,9.371854,
AddVertex,-1.033888,2.234340,9.386916,
AddVertex,-1.064548,2.281606,9.512541,
AddVertex,-1.033888,2.254340,9.386916,
AddVertex,-1.033888,2.281606,9.386916,
AddVertex,-1.255056,2.281606,9.583634,
AddVertex,-1.328224,2.281606,9.527719,
AddVertex,-1.339835,2.281606,9.434658,
AddVertex,-1.343326,2.281606,9.443018,
AddVertex,-1.343609,2.281606,9.443696,
AddVertex,-1.343927,2.281606,9.443696,
AddVertex,-1.329307,2.281606,9.527719,
AddVertex,-1.328224,2.281606,9.527719,
AddVertex,-1.343609,2.281606,9.443696,
AddVertex,-1.343609,2.271606,9.443696,
AddVertex,-1.328224,2.271606,9.527719,
AddVertex,-1.328224,2.281606,9.527719,
AddVertex,-1.328224,2.271606,9.527719,
AddVertex,-1.255056,2.271606,9.583634,
AddVertex,-1.255056,2.281606,9.583634,
AddVertex,-1.259780,2.281606,9.583634,
AddVertex,-1.176789,2.281606,9.610794,
AddVertex,-1.167721,2.271606,9.610794,
AddVertex,-1.167721,2.281606,9.610794,
AddVertex,-1.255056,2.281606,9.583634,
AddVertex,-1.255056,2.271606,9.583634,
AddVertex,-1.066410,2.281606,9.626264,
AddVertex,-0.972354,2.281606,9.639442,
AddVertex,-0.952582,2.281606,9.639442,
AddVertex,-0.972354,2.281606,9.636810,
AddVertex,-1.051563,2.281606,9.626264,
AddVertex,-0.952582,2.271606,9.639442,
AddVertex,-1.051563,2.271606,9.626264,
AddVertex,-1.343609,2.271606,9.443696,
AddVertex,-1.343609,2.281606,9.443696,
AddVertex,-1.343326,2.281606,9.443018,
AddVertex,-1.339966,2.271606,9.434971,
AddVertex,-1.339835,2.271606,9.434658,
AddVertex,-1.339835,2.281606,9.434658,
AddVertex,-1.339756,2.271606,9.434468,
AddVertex,-1.339756,2.281606,9.434468,
AddVertex,-1.331819,2.271606,9.448619,
AddVertex,-1.339966,2.271606,9.434971,
AddVertex,-1.339835,2.271606,9.434658,
AddVertex,-1.339562,2.271606,9.434777,
AddVertex,-1.331497,2.271606,9.447616,
AddVertex,-1.331819,2.271606,9.448619,
AddVertex,-1.343609,2.271606,9.443696,
AddVertex,-1.331497,2.271606,9.438321,
AddVertex,-1.033888,2.271606,9.569084,
AddVertex,-0.972354,2.271606,9.606957,
AddVertex,-0.968693,2.271606,9.597730,
AddVertex,-0.952582,2.271606,9.606957,
AddVertex,-0.948729,2.271606,9.597730,
AddVertex,-0.715503,2.271606,9.606957,
AddVertex,-0.715503,2.271606,9.597730,
AddVertex,0.191352,2.271606,9.606957,
AddVertex,0.191352,2.271606,9.597730,
AddVertex,0.550498,2.271606,9.449157,
AddVertex,0.547380,2.271606,9.441298,
AddVertex,0.556882,2.271606,9.437123,
AddVertex,0.560000,2.271606,9.444982,
AddVertex,0.550498,2.271606,9.449157,
AddVertex,0.560000,2.271606,9.444982,
AddVertex,0.544117,2.232768,9.438329,
AddVertex,0.438421,2.231551,9.484343,
AddVertex,0.209506,2.231295,9.584832,
AddVertex,0.188508,1.998614,9.512391,
AddVertex,0.209506,2.231295,9.584832,
AddVertex,0.205677,2.234354,9.576117,
AddVertex,0.184678,2.001674,9.503675,
AddVertex,0.188508,1.998614,9.512391,
AddVertex,0.184678,2.001674,9.503675,
AddVertex,0.423337,2.006901,9.400647,
AddVertex,0.427167,2.003842,9.409364,
AddVertex,0.427167,2.003842,9.409364,
AddVertex,0.442125,2.002872,9.402451,
AddVertex,0.543211,2.006189,9.359200,
AddVertex,0.547380,1.974778,9.346344,
AddVertex,0.556882,1.974778,9.342169,
AddVertex,0.556882,1.974778,9.342169,
AddVertex,0.547380,1.974778,9.342169,
AddVertex,0.547380,1.974778,9.346344,
AddVertex,0.502481,1.974778,9.366072,
AddVertex,0.556882,1.974778,9.284668,
AddVertex,0.384017,1.974778,9.284668,
AddVertex,0.233017,1.974778,9.314118,
AddVertex,0.224733,1.974778,9.345454,
AddVertex,0.184733,1.974778,9.345454,
AddVertex,0.184733,1.974778,9.325454,
AddVertex,0.173017,1.974778,9.314118,
AddVertex,0.173017,1.826071,9.175412,
AddVertex,0.173017,1.974778,9.314118,
AddVertex,0.233017,1.974778,9.314118,
AddVertex,0.233017,1.826071,9.175412,
AddVertex,0.233017,1.974778,9.314118,
AddVertex,0.233017,1.974778,9.175412,
AddVertex,0.233017,1.826071,9.175412,
AddVertex,0.233017,1.974778,9.175412,
AddVertex,0.384017,1.974778,9.175412,
AddVertex,0.233017,1.974778,9.175412,
AddVertex,0.384017,1.974778,9.284668,
AddVertex,0.384017,1.824777,9.284668,
AddVertex,0.384017,1.974778,9.175412,
AddVertex,0.384017,1.524778,9.175412,
AddVertex,0.384017,1.524778,9.510831,
AddVertex,0.384017,1.824777,9.510831,
AddVertex,0.384017,1.824777,9.510831,
AddVertex,0.409141,1.488504,9.510831,
AddVertex,0.409141,1.438504,9.510831,
AddVertex,0.404215,1.398748,9.510831,
AddVertex,0.409141,1.438504,9.510831,
AddVertex,0.189141,1.438504,9.510831,
AddVertex,0.189141,1.438504,9.530830,
AddVertex,0.409141,1.438504,9.530830,
AddVertex,0.409141,1.438504,9.510831,
AddVertex,0.409141,1.438504,9.530830,
AddVertex,0.409141,1.488504,9.530830,
AddVertex,0.409141,1.488504,9.510831,
AddVertex,0.189141,1.488504,9.510831,
AddVertex,0.409141,1.488504,9.510831,
AddVertex,0.409141,1.488504,9.530830,
AddVertex,0.189141,1.488504,9.530830,
AddVertex,0.189141,1.488504,9.510831,
AddVertex,0.189141,1.488504,9.530830,
AddVertex,0.189141,1.438504,9.530830,
AddVertex,0.189141,1.438504,9.510831,
AddVertex,0.189141,1.438504,9.530830,
AddVertex,0.189141,1.488504,9.530830,
AddVertex,0.409141,1.488504,9.530830,
AddVertex,0.409141,1.438504,9.530830,
AddVertex,0.194215,1.398748,9.510831,
AddVertex,0.404215,1.398748,9.510831,
AddVertex,0.404215,1.398748,9.530830,
AddVertex,0.194215,1.398748,9.530830,
AddVertex,0.194215,1.398748,9.510831,
AddVertex,0.194215,1.398748,9.530830,
AddVertex,0.194215,1.348748,9.530830,
AddVertex,0.194215,1.348748,9.510831,
AddVertex,0.404215,1.348748,9.510831,
AddVertex,0.194215,1.348748,9.510831,
AddVertex,0.194215,1.348748,9.530830,
AddVertex,0.404215,1.348748,9.530830,
AddVertex,0.404215,1.348748,9.510831,
AddVertex,0.404215,1.348748,9.530830,
AddVertex,0.404215,1.398748,9.530830,
AddVertex,0.404215,1.398748,9.510831,
AddVertex,0.404215,1.398748,9.530830,
AddVertex,0.404215,1.348748,9.530830,
AddVertex,0.194215,1.348748,9.530830,
AddVertex,0.194215,1.398748,9.530830,
AddVertex,0.430448,1.824777,9.510831,
AddVertex,0.384017,1.824777,9.510831,
AddVertex,0.384017,1.824777,9.284668,
AddVertex,0.430448,1.824777,9.479418,
AddVertex,0.560000,1.824777,9.284668,
AddVertex,0.450000,1.824777,9.479418,
AddVertex,0.474107,1.824777,9.479418,
AddVertex,0.474107,1.824777,9.479418,
AddVertex,0.560000,1.824777,9.472394,
AddVertex,0.560000,1.824777,9.472394,
AddVertex,0.560000,1.824777,9.284668,
AddVertex,0.560000,1.974778,9.284668,
AddVertex,0.560000,1.974778,9.340798,
AddVertex,0.560000,1.974778,9.366072,
AddVertex,0.560000,1.974778,9.472394,
AddVertex,0.560000,1.944777,9.472394,
AddVertex,0.560000,2.271606,9.482788,
AddVertex,0.560000,2.281606,9.483021,
AddVertex,0.560000,2.271606,9.444982,
AddVertex,0.560000,2.281606,9.437123,
AddVertex,0.560000,2.271606,9.437123,
AddVertex,0.560000,2.281606,9.437123,
AddVertex,0.560000,1.974778,9.284668,
AddVertex,0.556882,1.974778,9.284668,
AddVertex,0.556882,2.210092,9.401590,
AddVertex,0.556882,2.271606,9.432155,
AddVertex,0.556882,2.281606,9.437123,
AddVertex,0.560000,2.281606,9.483021,
AddVertex,0.560000,2.281606,9.437123,
AddVertex,0.556882,2.281606,9.437123,
AddVertex,0.411520,2.281606,9.555344,
AddVertex,0.325285,2.281606,9.597348,
AddVertex,0.301642,2.281606,9.608865,
AddVertex,0.238865,2.281606,9.639442,
AddVertex,0.191352,2.281606,9.639442,
AddVertex,0.191352,2.281606,9.606957,
AddVertex,0.191352,2.281606,9.597730,
AddVertex,-0.802582,2.281606,9.639442,
AddVertex,-0.802582,2.271606,9.639442,
AddVertex,-0.802582,2.281606,9.639442,
AddVertex,-0.802582,2.271606,9.639442,
AddVertex,0.191352,2.271606,9.639442,
AddVertex,0.191352,2.281606,9.639442,
AddVertex,0.238865,2.271606,9.639442,
AddVertex,0.238865,2.281606,9.639442,
AddVertex,0.238865,2.281606,9.639442,
AddVertex,0.238865,2.271606,9.639442,
AddVertex,0.325285,2.271606,9.597348,
AddVertex,0.325285,2.281606,9.597348,
AddVertex,0.301642,2.281606,9.608865,
AddVertex,0.337721,2.281606,9.645624,
AddVertex,0.325285,2.281606,9.597348,
AddVertex,0.325285,2.271606,9.597348,
AddVertex,0.325285,2.131606,9.597348,
AddVertex,0.337721,2.131606,9.645624,
AddVertex,0.337721,2.281606,9.645624,
AddVertex,0.337721,2.131606,9.645624,
AddVertex,0.423957,2.131606,9.603620,
AddVertex,0.423957,2.281606,9.603620,
AddVertex,0.337721,2.281606,9.645624,
AddVertex,0.423957,2.281606,9.603620,
AddVertex,0.352109,2.281606,9.621696,
AddVertex,0.343841,2.281606,9.589602,
AddVertex,0.401172,2.281606,9.561677,
AddVertex,0.409440,2.281606,9.593771,
AddVertex,0.403658,2.431606,9.571328,
AddVertex,0.352109,2.281606,9.621696,
AddVertex,0.409440,2.281606,9.593771,
AddVertex,0.401172,2.441606,9.561677,
AddVertex,0.403658,2.431606,9.571328,
AddVertex,0.409440,2.281606,9.593771,
AddVertex,0.401172,2.281606,9.561677,
AddVertex,0.401172,2.441606,9.561677,
AddVertex,0.401172,2.281606,9.561677,
AddVertex,0.343841,2.281606,9.589602,
AddVertex,0.387962,2.421809,9.568111,
AddVertex,0.387962,2.431809,9.568111,
AddVertex,0.362091,2.431809,9.580712,
AddVertex,0.343841,2.441606,9.589602,
AddVertex,0.362091,2.421809,9.580712,
AddVertex,0.345991,2.441606,9.597949,
AddVertex,0.343841,2.441606,9.589602,
AddVertex,0.343841,2.281606,9.589602,
AddVertex,0.345991,2.431606,9.597949,
AddVertex,0.345991,2.441606,9.597949,
AddVertex,0.345991,2.431606,9.597949,
AddVertex,0.403658,2.431606,9.571328,
AddVertex,0.403658,2.441606,9.571328,
AddVertex,0.345991,2.441606,9.597949,
AddVertex,0.403658,2.441606,9.571328,
AddVertex,0.401172,2.441606,9.561677,
AddVertex,0.343841,2.441606,9.589602,
AddVertex,0.403658,2.441606,9.571328,
AddVertex,0.403658,2.431606,9.571328,
AddVertex,0.345991,2.431606,9.597949,
AddVertex,0.352109,2.281606,9.621696,
AddVertex,0.352109,2.281606,9.621696,
AddVertex,0.411520,2.281606,9.555344,
AddVertex,0.423957,2.281606,9.603620,
AddVertex,0.423957,2.131606,9.603620,
AddVertex,0.411520,2.271606,9.555344,
AddVertex,0.411520,2.131606,9.555344,
AddVertex,0.411520,2.131606,9.555344,
AddVertex,0.423957,2.131606,9.603620,
AddVertex,0.337721,2.131606,9.645624,
AddVertex,0.325285,2.131606,9.597348,
AddVertex,0.496099,2.271606,9.514147,
AddVertex,0.325285,2.271606,9.597348,
AddVertex,0.238865,2.271606,9.639442,
AddVertex,0.194366,1.993607,9.689570,
AddVertex,0.191352,1.974778,9.692966,
AddVertex,0.496099,2.271606,9.514147,
AddVertex,0.191352,1.974778,9.692966,
AddVertex,0.478258,2.230241,9.535624,
AddVertex,0.494802,2.230082,9.533384,
AddVertex,0.207240,1.974778,9.690745,
AddVertex,0.272051,1.974778,9.681687,
AddVertex,0.482090,2.115994,9.587521,
AddVertex,0.486826,1.974778,9.651669,
AddVertex,0.486826,1.974778,9.651669,
AddVertex,0.560000,1.824777,9.472394,
AddVertex,0.560000,2.271606,9.482788,
AddVertex,0.560000,2.281606,9.483021,
AddVertex,0.560000,2.281606,9.483021,
AddVertex,0.411520,2.281606,9.555344,
AddVertex,0.486826,1.974778,9.651669,
AddVertex,0.560000,2.271606,9.483021,
AddVertex,0.272051,1.974778,9.692966,
AddVertex,0.272051,1.974778,9.681687,
AddVertex,0.272051,1.974778,9.692966,
AddVertex,0.272051,1.974778,9.510831,
AddVertex,0.411520,2.271606,9.555344,
AddVertex,-0.715503,2.271606,9.597730,
AddVertex,-0.715503,2.281606,9.597730,
AddVertex,0.191352,2.281606,9.597730,
AddVertex,0.191352,2.271606,9.597730,
AddVertex,0.191352,2.271606,9.597730,
AddVertex,0.191352,2.281606,9.597730,
AddVertex,0.556882,2.281606,9.437123,
AddVertex,0.547380,2.271606,9.441298,
AddVertex,0.556882,2.271606,9.437123,
AddVertex,0.547380,2.259808,9.433350,
AddVertex,0.547380,1.974778,9.342169,
AddVertex,0.556882,1.974778,9.342169,
AddVertex,0.556882,2.271606,9.437123,
AddVertex,0.547380,2.268817,9.436232,
AddVertex,0.547380,2.271606,9.437123,
AddVertex,0.549021,2.271606,9.437123,
AddVertex,0.556882,2.210092,9.401590,
AddVertex,0.556882,1.974778,9.284668,
AddVertex,0.556882,1.974778,9.342169,
AddVertex,0.556882,2.271606,9.437123,
AddVertex,0.556882,2.281606,9.437123,
AddVertex,0.556882,2.271606,9.432155,
AddVertex,0.384017,1.974778,9.284668,
AddVertex,0.556882,1.974778,9.284668,
AddVertex,0.560000,1.974778,9.284668,
AddVertex,0.384017,1.824777,9.284668,
AddVertex,0.560000,1.824777,9.284668,
AddVertex,0.224733,1.974778,9.325454,
AddVertex,0.224733,1.974778,9.345454,
AddVertex,0.224733,1.974778,9.325454,
AddVertex,0.224733,1.994778,9.325454,
AddVertex,0.224733,1.994778,9.345454,
AddVertex,0.224733,1.974778,9.345454,
AddVertex,0.224733,1.994778,9.345454,
AddVertex,0.184733,1.994778,9.345454,
AddVertex,0.184733,1.974778,9.345454,
AddVertex,0.184733,1.974778,9.325454,
AddVertex,0.184733,1.974778,9.345454,
AddVertex,0.184733,1.994778,9.345454,
AddVertex,0.184733,1.994778,9.325454,
AddVertex,0.184733,1.974778,9.325454,
AddVertex,0.184733,1.994778,9.325454,
AddVertex,0.224733,1.994778,9.325454,
AddVertex,0.224733,1.974778,9.325454,
AddVertex,0.224733,1.994778,9.325454,
AddVertex,0.184733,1.994778,9.325454,
AddVertex,0.184733,1.994778,9.345454,
AddVertex,0.224733,1.994778,9.345454,
AddVertex,0.173017,1.899778,9.418121,
AddVertex,0.173017,1.879778,9.418121,
AddVertex,-0.011012,1.879778,9.418121,
AddVertex,-0.011012,1.899778,9.418121,
AddVertex,-0.273747,1.968130,9.470814,
AddVertex,-0.273747,1.952581,9.483393,
AddVertex,-0.272157,1.951278,9.481782,
AddVertex,-0.272157,1.966827,9.469204,
AddVertex,-0.290477,1.965310,9.467328,
AddVertex,-0.290818,1.963682,9.465316,
AddVertex,-0.290818,1.948133,9.477895,
AddVertex,-0.290477,1.949761,9.479907,
AddVertex,-0.289478,1.966827,9.469204,
AddVertex,-0.290477,1.965310,9.467328,
AddVertex,-0.290477,1.949761,9.479907,
AddVertex,-0.289478,1.951278,9.481782,
AddVertex,-0.287889,1.968130,9.470814,
AddVertex,-0.289478,1.966827,9.469204,
AddVertex,-0.289478,1.951278,9.481782,
AddVertex,-0.287889,1.952581,9.483393,
AddVertex,-0.287889,1.968130,9.470814,
AddVertex,-0.287889,1.952581,9.483393,
AddVertex,-0.285818,1.953580,9.484628,
AddVertex,-0.285818,1.969129,9.472049,
AddVertex,-0.285818,1.969129,9.472049,
AddVertex,-0.285818,1.953580,9.484628,
AddVertex,-0.283406,1.954208,9.485405,
AddVertex,-0.283406,1.969757,9.472826,
AddVertex,-0.283406,1.969757,9.472826,
AddVertex,-0.283406,1.954208,9.485405,
AddVertex,-0.280818,1.954423,9.485670,
AddVertex,-0.280818,1.969972,9.473091,
AddVertex,-0.278230,1.969757,9.472826,
AddVertex,-0.280818,1.969972,9.473091,
AddVertex,-0.280818,1.954423,9.485670,
AddVertex,-0.278230,1.954208,9.485405,
AddVertex,-0.275818,1.969129,9.472049,
AddVertex,-0.278230,1.969757,9.472826,
AddVertex,-0.278230,1.954208,9.485405,
AddVertex,-0.275818,1.953580,9.484628,
AddVertex,-0.273747,1.968130,9.470814,
AddVertex,-0.275818,1.969129,9.472049,
AddVertex,-0.275818,1.953580,9.484628,
AddVertex,-0.273747,1.952581,9.483393,
AddVertex,-0.330885,1.968685,9.471499,
AddVertex,-0.330885,1.953135,9.484078,
AddVertex,-0.329296,1.951833,9.482469,
AddVertex,-0.329296,1.967382,9.469890,
AddVertex,-0.347616,1.965865,9.468015,
AddVertex,-0.347956,1.964237,9.466002,
AddVertex,-0.347956,1.948688,9.478581,
AddVertex,-0.347616,1.950316,9.480594,
AddVertex,-0.346617,1.967382,9.469890,
AddVertex,-0.347616,1.965865,9.468015,
AddVertex,-0.347616,1.950316,9.480594,
AddVertex,-0.346617,1.951833,9.482469,
AddVertex,-0.345027,1.968685,9.471499,
AddVertex,-0.346617,1.967382,9.469890,
AddVertex,-0.346617,1.951833,9.482469,
AddVertex,-0.345027,1.953135,9.484078,
AddVertex,-0.345027,1.968685,9.471499,
AddVertex,-0.345027,1.953135,9.484078,
AddVertex,-0.342956,1.954135,9.485314,
AddVertex,-0.342956,1.969684,9.472735,
AddVertex,-0.342956,1.969684,9.472735,
AddVertex,-0.342956,1.954135,9.485314,
AddVertex,-0.340545,1.954763,9.486091,
AddVertex,-0.340545,1.970312,9.473512,
AddVertex,-0.340545,1.970312,9.473512,
AddVertex,-0.340545,1.954763,9.486091,
AddVertex,-0.337956,1.954978,9.486356,
AddVertex,-0.337956,1.970527,9.473777,
AddVertex,-0.335368,1.970312,9.473512,
AddVertex,-0.337956,1.970527,9.473777,
AddVertex,-0.337956,1.954978,9.486356,
AddVertex,-0.335368,1.954763,9.486091,
AddVertex,-0.332956,1.969684,9.472735,
AddVertex,-0.335368,1.970312,9.473512,
AddVertex,-0.335368,1.954763,9.486091,
AddVertex,-0.332956,1.954135,9.485314,
AddVertex,-0.330885,1.968685,9.471499,
AddVertex,-0.332956,1.969684,9.472735,
AddVertex,-0.332956,1.954135,9.485314,
AddVertex,-0.330885,1.953135,9.484078,
AddVertex,-0.347616,1.947060,9.476569,
AddVertex,-0.347956,1.948688,9.478581,
AddVertex,-0.347956,1.964237,9.466002,
AddVertex,-0.347616,1.962609,9.463990,
AddVertex,-0.346617,1.945544,9.474694,
AddVertex,-0.347616,1.947060,9.476569,
AddVertex,-0.347616,1.962609,9.463990,
AddVertex,-0.346617,1.961092,9.462115,
AddVertex,-0.345027,1.944241,9.473083,
AddVertex,-0.346617,1.945544,9.474694,
AddVertex,-0.346617,1.961092,9.462115,
AddVertex,-0.345027,1.959790,9.460505,
AddVertex,-0.345027,1.944241,9.473083,
AddVertex,-0.345027,1.959790,9.460505,
AddVertex,-0.342956,1.958790,9.459270,
AddVertex,-0.342956,1.943241,9.471848,
AddVertex,-0.342956,1.943241,9.471848,
AddVertex,-0.342956,1.958790,9.459270,
AddVertex,-0.340545,1.958162,9.458492,
AddVertex,-0.340545,1.942613,9.471071,
AddVertex,-0.340545,1.942613,9.471071,
AddVertex,-0.340545,1.958162,9.458492,
AddVertex,-0.337956,1.957948,9.458228,
AddVertex,-0.337956,1.942399,9.470807,
AddVertex,-0.335368,1.942613,9.471071,
AddVertex,-0.337956,1.942399,9.470807,
AddVertex,-0.337956,1.957948,9.458228,
AddVertex,-0.335368,1.958162,9.458492,
AddVertex,-0.332956,1.943241,9.471848,
AddVertex,-0.335368,1.942613,9.471071,
AddVertex,-0.335368,1.958162,9.458492,
AddVertex,-0.332956,1.958790,9.459270,
AddVertex,-0.330885,1.944241,9.473083,
AddVertex,-0.332956,1.943241,9.471848,
AddVertex,-0.332956,1.958790,9.459270,
AddVertex,-0.330885,1.959790,9.460505,
AddVertex,-0.330885,1.944241,9.473083,
AddVertex,-0.330885,1.959790,9.460505,
AddVertex,-0.329296,1.961092,9.462115,
AddVertex,-0.329296,1.945544,9.474694,
AddVertex,-0.329296,1.945544,9.474694,
AddVertex,-0.329296,1.961092,9.462115,
AddVertex,-0.328297,1.962609,9.463990,
AddVertex,-0.328297,1.947060,9.476569,
AddVertex,-0.328297,1.947060,9.476569,
AddVertex,-0.328297,1.962609,9.463990,
AddVertex,-0.327956,1.964237,9.466002,
AddVertex,-0.327956,1.948688,9.478581,
AddVertex,-0.327956,1.948688,9.478581,
AddVertex,-0.327956,1.964237,9.466002,
AddVertex,-0.328297,1.965865,9.468015,
AddVertex,-0.328297,1.950316,9.480594,
AddVertex,-0.329296,1.967382,9.469890,
AddVertex,-0.329296,1.951833,9.482469,
AddVertex,-0.328297,1.950316,9.480594,
AddVertex,-0.328297,1.965865,9.468015,
AddVertex,-0.289478,1.944988,9.474008,
AddVertex,-0.290477,1.946505,9.475883,
AddVertex,-0.290477,1.962054,9.463305,
AddVertex,-0.289478,1.960538,9.461429,
AddVertex,-0.287889,1.943686,9.472398,
AddVertex,-0.289478,1.944988,9.474008,
AddVertex,-0.289478,1.960538,9.461429,
AddVertex,-0.287889,1.959235,9.459819,
AddVertex,-0.287889,1.943686,9.472398,
AddVertex,-0.287889,1.959235,9.459819,
AddVertex,-0.285818,1.958236,9.458584,
AddVertex,-0.285818,1.942686,9.471162,
AddVertex,-0.285818,1.942686,9.471162,
AddVertex,-0.285818,1.958236,9.458584,
AddVertex,-0.283406,1.957607,9.457807,
AddVertex,-0.283406,1.942058,9.470386,
AddVertex,-0.283406,1.942058,9.470386,
AddVertex,-0.283406,1.957607,9.457807,
AddVertex,-0.280818,1.957393,9.457541,
AddVertex,-0.280818,1.941844,9.470120,
AddVertex,-0.278230,1.942058,9.470386,
AddVertex,-0.280818,1.941844,9.470120,
AddVertex,-0.280818,1.957393,9.457541,
AddVertex,-0.278230,1.957607,9.457807,
AddVertex,-0.275818,1.942686,9.471162,
AddVertex,-0.278230,1.942058,9.470386,
AddVertex,-0.278230,1.957607,9.457807,
AddVertex,-0.275818,1.958236,9.458584,
AddVertex,-0.273747,1.943686,9.472398,
AddVertex,-0.275818,1.942686,9.471162,
AddVertex,-0.275818,1.958236,9.458584,
AddVertex,-0.273747,1.959235,9.459819,
AddVertex,-0.273747,1.943686,9.472398,
AddVertex,-0.273747,1.959235,9.459819,
AddVertex,-0.272157,1.960538,9.461429,
AddVertex,-0.272157,1.944988,9.474008,
AddVertex,-0.272157,1.944988,9.474008,
AddVertex,-0.272157,1.960538,9.461429,
AddVertex,-0.271158,1.962054,9.463305,
AddVertex,-0.271158,1.946505,9.475883,
AddVertex,-0.271158,1.946505,9.475883,
AddVertex,-0.271158,1.962054,9.463305,
AddVertex,-0.270818,1.963682,9.465316,
AddVertex,-0.270818,1.948133,9.477895,
AddVertex,-0.270818,1.948133,9.477895,
AddVertex,-0.270818,1.963682,9.465316,
AddVertex,-0.271158,1.965310,9.467328,
AddVertex,-0.271158,1.949761,9.479907,
AddVertex,-0.271158,1.949761,9.479907,
AddVertex,-0.271158,1.965310,9.467328,
AddVertex,-0.272157,1.966827,9.469204,
AddVertex,-0.272157,1.951278,9.481782,
AddVertex,-0.290818,1.963682,9.465316,
AddVertex,-0.290477,1.962054,9.463305,
AddVertex,-0.290477,1.946505,9.475883,
AddVertex,-0.290818,1.948133,9.477895,
AddVertex,-0.235927,1.889778,9.408122,
AddVertex,-0.016212,1.889778,9.408122,
AddVertex,-0.016212,1.879778,9.408122,
AddVertex,-0.235927,1.879778,9.408122,
AddVertex,-0.243403,1.899778,9.418121,
AddVertex,-0.235927,1.889778,9.408122,
AddVertex,-0.235927,1.879778,9.408122,
AddVertex,-0.243403,1.879778,9.418121,
AddVertex,-0.243403,1.879778,9.418121,
AddVertex,-0.011012,1.879778,9.418121,
AddVertex,0.173017,1.824777,9.510831,
AddVertex,-0.376956,1.824777,9.510831,
AddVertex,-0.426956,1.824777,9.510831,
AddVertex,-0.426956,1.879778,9.418121,
AddVertex,-0.426956,1.824777,9.510831,
AddVertex,-0.376956,1.824777,9.510831,
AddVertex,-0.376956,1.807688,9.560831,
AddVertex,-0.426956,1.807688,9.560831,
AddVertex,-0.376956,1.807688,9.560831,
AddVertex,0.173017,1.824777,9.560831,
AddVertex,-0.376956,1.824777,9.560831,
AddVertex,0.173017,1.824777,9.560831,
AddVertex,-0.376956,1.824777,9.560831,
AddVertex,-0.376956,1.824777,9.510831,
AddVertex,0.173017,1.824777,9.510831,
AddVertex,0.173017,1.824777,9.560831,
AddVertex,0.173017,1.824777,9.510831,
AddVertex,0.173017,1.807688,9.560831,
AddVertex,0.173017,1.879778,9.418121,
AddVertex,-0.011012,1.879778,9.418121,
AddVertex,-0.243403,1.879778,9.418121,
AddVertex,-0.235927,1.879778,9.408122,
AddVertex,-0.016212,1.879778,9.408122,
AddVertex,-0.011012,1.879778,9.418121,
AddVertex,-0.016212,1.879778,9.408122,
AddVertex,-0.016212,1.889778,9.408122,
AddVertex,-0.011012,1.899778,9.418121,
AddVertex,-0.195548,1.947292,9.445056,
AddVertex,-0.195548,1.931743,9.457635,
AddVertex,-0.205548,1.931743,9.457635,
AddVertex,-0.205548,1.947292,9.445056,
AddVertex,-0.195548,1.947292,9.445056,
AddVertex,-0.205548,1.947292,9.445056,
AddVertex,-0.205548,1.953581,9.452830,
AddVertex,-0.195548,1.953581,9.452830,
AddVertex,-0.195548,1.931743,9.457635,
AddVertex,-0.195548,1.947292,9.445056,
AddVertex,-0.195548,1.953581,9.452830,
AddVertex,-0.195548,1.938032,9.465409,
AddVertex,-0.175548,1.953581,9.452830,
AddVertex,-0.175548,1.938032,9.465409,
AddVertex,-0.165548,1.938032,9.465409,
AddVertex,-0.165548,1.953581,9.452830,
AddVertex,-0.175548,1.953581,9.452830,
AddVertex,-0.165548,1.953581,9.452830,
AddVertex,-0.165548,1.947292,9.445056,
AddVertex,-0.175548,1.947292,9.445056,
AddVertex,-0.175548,1.953581,9.452830,
AddVertex,-0.175548,1.947292,9.445056,
AddVertex,-0.175548,1.931743,9.457635,
AddVertex,-0.175548,1.938032,9.465409,
AddVertex,-0.175548,1.931743,9.457635,
AddVertex,-0.175548,1.947292,9.445056,
AddVertex,-0.165548,1.947292,9.445056,
AddVertex,-0.165548,1.931743,9.457635,
AddVertex,-0.165548,1.931743,9.457635,
AddVertex,-0.165548,1.947292,9.445056,
AddVertex,-0.165548,1.953581,9.452830,
AddVertex,-0.165548,1.938032,9.465409,
AddVertex,-0.149166,1.953318,9.452504,
AddVertex,-0.149166,1.937769,9.465083,
AddVertex,-0.140548,1.937769,9.465083,
AddVertex,-0.140548,1.953318,9.452504,
AddVertex,-0.149166,1.953318,9.452504,
AddVertex,-0.140548,1.953318,9.452504,
AddVertex,-0.140548,1.947292,9.445056,
AddVertex,-0.149166,1.947292,9.445056,
AddVertex,-0.149166,1.953318,9.452504,
AddVertex,-0.149166,1.947292,9.445056,
AddVertex,-0.149166,1.931743,9.457635,
AddVertex,-0.149166,1.937769,9.465083,
AddVertex,-0.149166,1.931743,9.457635,
AddVertex,-0.149166,1.947292,9.445056,
AddVertex,-0.140548,1.947292,9.445056,
AddVertex,-0.140548,1.931743,9.457635,
AddVertex,-0.140548,1.931743,9.457635,
AddVertex,-0.140548,1.947292,9.445056,
AddVertex,-0.140548,1.953318,9.452504,
AddVertex,-0.140548,1.937769,9.465083,
AddVertex,-0.205548,1.931743,9.457635,
AddVertex,-0.205548,1.938032,9.465409,
AddVertex,-0.205548,1.953581,9.452830,
AddVertex,-0.205548,1.947292,9.445056,
AddVertex,-0.205548,1.953581,9.452830,
AddVertex,-0.205548,1.938032,9.465409,
AddVertex,-0.195548,1.938032,9.465409,
AddVertex,-0.195548,1.953581,9.452830,
AddVertex,-0.071197,1.941255,9.469393,
AddVertex,-0.071197,1.951432,9.481974,
AddVertex,-0.071197,1.955319,9.470878,
AddVertex,-0.071197,1.945142,9.466249,
AddVertex,-0.071197,1.941255,9.469393,
AddVertex,-0.071197,1.945142,9.466249,
AddVertex,-0.061197,1.945142,9.466249,
AddVertex,-0.061197,1.941255,9.469393,
AddVertex,-0.061197,1.941255,9.469393,
AddVertex,-0.061197,1.945142,9.466249,
AddVertex,-0.061197,1.955319,9.470878,
AddVertex,-0.061197,1.951432,9.481974,
AddVertex,-0.061197,1.969383,9.472363,
AddVertex,-0.061197,1.951432,9.481974,
AddVertex,-0.061197,1.969383,9.472363,
AddVertex,-0.071197,1.969383,9.472363,
AddVertex,-0.071197,1.951432,9.481974,
AddVertex,-0.071197,1.969383,9.472363,
AddVertex,-0.071197,1.965063,9.467024,
AddVertex,-0.071197,1.955319,9.470878,
AddVertex,-0.071197,1.965063,9.467024,
AddVertex,-0.061197,1.965063,9.467024,
AddVertex,-0.061197,1.955319,9.470878,
AddVertex,-0.071197,1.945142,9.466249,
AddVertex,-0.071197,1.955319,9.470878,
AddVertex,-0.061197,1.955319,9.470878,
AddVertex,-0.061197,1.945142,9.466249,
AddVertex,-0.061197,1.965063,9.467024,
AddVertex,-0.071197,1.969383,9.472363,
AddVertex,-0.061197,1.969383,9.472363,
AddVertex,-0.061197,1.965063,9.467024,
AddVertex,-0.071197,1.965063,9.467024,
AddVertex,0.012415,1.939875,9.467687,
AddVertex,0.012415,1.951040,9.481489,
AddVertex,0.012415,1.954928,9.478344,
AddVertex,0.012415,1.952525,9.467424,
AddVertex,0.012415,1.958722,9.459186,
AddVertex,0.012415,1.954010,9.453361,
AddVertex,0.022415,1.939875,9.467687,
AddVertex,0.012415,1.939875,9.467687,
AddVertex,0.012415,1.954010,9.453361,
AddVertex,0.022415,1.954010,9.453361,
AddVertex,0.022415,1.939875,9.467687,
AddVertex,0.022415,1.954010,9.453361,
AddVertex,0.022415,1.958722,9.459186,
AddVertex,0.022415,1.952525,9.467424,
AddVertex,0.022415,1.954928,9.478344,
AddVertex,0.022415,1.951040,9.481489,
AddVertex,0.022415,1.951040,9.481489,
AddVertex,0.022415,1.954928,9.478344,
AddVertex,0.012415,1.954928,9.478344,
AddVertex,0.012415,1.951040,9.481489,
AddVertex,0.012415,1.954928,9.478344,
AddVertex,0.022415,1.954928,9.478344,
AddVertex,0.022415,1.952525,9.467424,
AddVertex,0.012415,1.952525,9.467424,
AddVertex,0.012415,1.958722,9.459186,
AddVertex,0.012415,1.952525,9.467424,
AddVertex,0.022415,1.952525,9.467424,
AddVertex,0.022415,1.958722,9.459186,
AddVertex,0.012415,1.958722,9.459186,
AddVertex,0.022415,1.958722,9.459186,
AddVertex,0.022415,1.954010,9.453361,
AddVertex,0.012415,1.954010,9.453361,
AddVertex,0.224045,1.974778,9.431716,
AddVertex,0.194168,1.984778,9.452647,
AddVertex,0.193827,1.984778,9.455235,
AddVertex,0.193827,1.994778,9.455235,
AddVertex,0.194168,1.994778,9.452647,
AddVertex,0.195167,1.984778,9.450235,
AddVertex,0.194168,1.984778,9.452647,
AddVertex,0.194168,1.994778,9.452647,
AddVertex,0.195167,1.994778,9.450235,
AddVertex,0.195167,1.984778,9.450235,
AddVertex,0.195167,1.994778,9.450235,
AddVertex,0.198827,1.994778,9.446575,
AddVertex,0.198827,1.984778,9.446575,
AddVertex,0.198827,1.984778,9.446575,
AddVertex,0.198827,1.994778,9.446575,
AddVertex,0.201239,1.994778,9.445577,
AddVertex,0.201239,1.984778,9.445577,
AddVertex,0.193827,1.984778,9.455235,
AddVertex,0.194168,1.984778,9.457824,
AddVertex,0.194168,1.994778,9.457824,
AddVertex,0.193827,1.994778,9.455235,
AddVertex,0.194168,1.994778,9.452647,
AddVertex,0.193827,1.994778,9.455235,
AddVertex,0.194168,1.994778,9.457824,
AddVertex,0.195167,1.994778,9.460236,
AddVertex,0.195167,1.994778,9.450235,
AddVertex,0.208827,1.994778,9.463896,
AddVertex,0.195167,1.994778,9.450235,
AddVertex,0.208827,1.994778,9.463896,
AddVertex,0.215898,2.004777,9.470967,
AddVertex,0.188096,1.994778,9.443165,
AddVertex,0.188096,2.004777,9.443165,
AddVertex,0.188096,1.994778,9.443165,
AddVertex,0.188096,2.004777,9.443165,
AddVertex,0.191756,2.004777,9.439505,
AddVertex,0.191756,1.994778,9.439505,
AddVertex,0.195167,1.994778,9.450235,
AddVertex,0.188096,1.994778,9.443165,
AddVertex,0.191756,1.994778,9.439505,
AddVertex,0.198827,1.994778,9.446575,
AddVertex,0.201239,1.994778,9.445577,
AddVertex,0.198827,1.994778,9.446575,
AddVertex,0.212487,1.994778,9.460236,
AddVertex,0.203827,1.994778,9.445236,
AddVertex,0.201239,1.984778,9.445577,
AddVertex,0.201239,1.994778,9.445577,
AddVertex,0.203827,1.994778,9.445236,
AddVertex,0.203827,1.984778,9.445236,
AddVertex,0.203827,1.984778,9.445236,
AddVertex,0.203827,1.994778,9.445236,
AddVertex,0.206415,1.994778,9.445577,
AddVertex,0.206415,1.984778,9.445577,
AddVertex,0.206415,1.984778,9.445577,
AddVertex,0.206415,1.994778,9.445577,
AddVertex,0.208827,1.994778,9.446575,
AddVertex,0.208827,1.984778,9.446575,
AddVertex,0.208827,1.984778,9.446575,
AddVertex,0.208827,1.994778,9.446575,
AddVertex,0.210898,1.994778,9.448165,
AddVertex,0.210898,1.984778,9.448165,
AddVertex,0.212487,1.984778,9.450235,
AddVertex,0.210898,1.984778,9.448165,
AddVertex,0.210898,1.994778,9.448165,
AddVertex,0.212487,1.994778,9.450235,
AddVertex,0.213486,1.984778,9.452647,
AddVertex,0.212487,1.984778,9.450235,
AddVertex,0.212487,1.994778,9.450235,
AddVertex,0.213486,1.994778,9.452647,
AddVertex,0.213827,1.984778,9.455235,
AddVertex,0.213486,1.984778,9.452647,
AddVertex,0.213486,1.994778,9.452647,
AddVertex,0.213827,1.994778,9.455235,
AddVertex,0.213486,1.984778,9.457824,
AddVertex,0.213827,1.984778,9.455235,
AddVertex,0.213827,1.994778,9.455235,
AddVertex,0.213486,1.994778,9.457824,
AddVertex,0.212487,1.984778,9.460236,
AddVertex,0.213486,1.984778,9.457824,
AddVertex,0.213486,1.994778,9.457824,
AddVertex,0.212487,1.994778,9.460236,
AddVertex,0.212487,1.984778,9.460236,
AddVertex,0.212487,1.994778,9.460236,
AddVertex,0.208827,1.994778,9.463896,
AddVertex,0.208827,1.984778,9.463896,
AddVertex,0.208827,1.984778,9.463896,
AddVertex,0.208827,1.994778,9.463896,
AddVertex,0.206415,1.994778,9.464895,
AddVertex,0.206415,1.984778,9.464895,
AddVertex,0.206415,1.984778,9.464895,
AddVertex,0.206415,1.994778,9.464895,
AddVertex,0.203827,1.994778,9.465236,
AddVertex,0.203827,1.984778,9.465236,
AddVertex,0.203827,1.984778,9.465236,
AddVertex,0.203827,1.994778,9.465236,
AddVertex,0.201239,1.994778,9.464895,
AddVertex,0.201239,1.984778,9.464895,
AddVertex,0.201239,1.984778,9.464895,
AddVertex,0.201239,1.994778,9.464895,
AddVertex,0.198827,1.994778,9.463896,
AddVertex,0.198827,1.984778,9.463896,
AddVertex,0.198827,1.984778,9.463896,
AddVertex,0.198827,1.994778,9.463896,
AddVertex,0.196756,1.994778,9.462307,
AddVertex,0.196756,1.984778,9.462307,
AddVertex,0.195167,1.984778,9.460236,
AddVertex,0.196756,1.984778,9.462307,
AddVertex,0.196756,1.994778,9.462307,
AddVertex,0.195167,1.994778,9.460236,
AddVertex,0.194168,1.984778,9.457824,
AddVertex,0.195167,1.984778,9.460236,
AddVertex,0.195167,1.994778,9.460236,
AddVertex,0.194168,1.994778,9.457824,
AddVertex,0.196756,1.994778,9.462307,
AddVertex,0.198827,1.994778,9.463896,
AddVertex,0.201239,1.994778,9.464895,
AddVertex,0.203827,1.994778,9.465236,
AddVertex,0.206415,1.994778,9.464895,
AddVertex,0.215898,1.994778,9.470967,
AddVertex,0.208827,1.994778,9.463896,
AddVertex,0.212487,1.994778,9.460236,
AddVertex,0.219558,1.994778,9.467307,
AddVertex,0.215898,2.004777,9.470967,
AddVertex,0.215898,1.994778,9.470967,
AddVertex,0.219558,1.994778,9.467307,
AddVertex,0.219558,2.004777,9.467307,
AddVertex,0.215898,2.004777,9.470967,
AddVertex,0.219558,2.004777,9.467307,
AddVertex,0.191756,2.004777,9.439505,
AddVertex,0.188096,2.004777,9.443165,
AddVertex,0.191756,2.004777,9.439505,
AddVertex,0.219558,2.004777,9.467307,
AddVertex,0.198827,1.994778,9.446575,
AddVertex,0.191756,1.994778,9.439505,
AddVertex,0.212487,1.994778,9.460236,
AddVertex,0.219558,1.994778,9.467307,
AddVertex,0.215898,1.994778,9.470967,
AddVertex,0.213486,1.994778,9.457824,
AddVertex,0.213486,1.994778,9.452647,
AddVertex,0.212487,1.994778,9.450235,
AddVertex,0.210898,1.994778,9.448165,
AddVertex,0.208827,1.994778,9.446575,
AddVertex,0.206415,1.994778,9.445577,
AddVertex,0.213827,1.994778,9.455235,
AddVertex,0.540287,2.235827,9.429612,
AddVertex,0.544117,2.232768,9.438329,
AddVertex,0.543211,2.006189,9.359200,
AddVertex,0.539382,2.009249,9.350484,
AddVertex,0.408875,2.021004,9.411952,
AddVertex,0.540287,2.235827,9.429612,
AddVertex,0.539382,2.009249,9.350484,
AddVertex,0.201707,2.020173,9.502686,
AddVertex,0.408875,2.021004,9.411952,
AddVertex,0.201707,2.020173,9.502686,
AddVertex,0.205536,2.017113,9.511402,
AddVertex,0.412705,2.017945,9.420669,
AddVertex,0.426548,2.180319,9.460104,
AddVertex,0.408875,2.021004,9.411952,
AddVertex,0.412705,2.017945,9.420669,
AddVertex,0.430378,2.177259,9.468821,
AddVertex,0.430152,2.220849,9.472746,
AddVertex,0.426548,2.180319,9.460104,
AddVertex,0.430378,2.177259,9.468821,
AddVertex,0.433982,2.217789,9.481462,
AddVertex,0.430152,2.220849,9.472746,
AddVertex,0.433982,2.217789,9.481462,
AddVertex,0.232920,2.216982,9.569521,
AddVertex,0.229091,2.220042,9.560805,
AddVertex,0.430152,2.220849,9.472746,
AddVertex,0.229091,2.220042,9.560805,
AddVertex,0.219946,2.220118,9.564850,
AddVertex,0.205677,2.234354,9.576117,
AddVertex,0.197134,2.020211,9.504708,
AddVertex,0.184678,2.001674,9.503675,
AddVertex,0.423337,2.006901,9.400647,
AddVertex,0.438296,2.005931,9.393735,
AddVertex,0.427167,2.003842,9.409364,
AddVertex,0.423337,2.006901,9.400647,
AddVertex,0.438296,2.005931,9.393735,
AddVertex,0.442125,2.002872,9.402451,
AddVertex,0.452400,2.231428,9.478157,
AddVertex,0.438421,2.231551,9.484343,
AddVertex,0.452400,2.231428,9.478157,
AddVertex,0.448571,2.234488,9.469440,
AddVertex,0.434591,2.234610,9.475626,
AddVertex,0.209506,2.231295,9.584832,
AddVertex,0.438421,2.231551,9.484343,
AddVertex,0.434591,2.234610,9.475626,
AddVertex,0.205677,2.234354,9.576117,
AddVertex,0.434591,2.234610,9.475626,
AddVertex,0.448571,2.234488,9.469440,
AddVertex,0.426548,2.180319,9.460104,
AddVertex,0.540287,2.235827,9.429612,
AddVertex,0.448571,2.234488,9.469440,
AddVertex,0.452400,2.231428,9.478157,
AddVertex,0.544117,2.232768,9.438329,
AddVertex,0.442125,2.002872,9.402451,
AddVertex,0.438296,2.005931,9.393735,
AddVertex,0.539382,2.009249,9.350484,
AddVertex,0.543211,2.006189,9.359200,
AddVertex,0.201707,2.020173,9.502686,
AddVertex,0.197134,2.020211,9.504708,
AddVertex,0.200964,2.017152,9.513424,
AddVertex,0.205536,2.017113,9.511402,
AddVertex,0.229091,2.220042,9.560805,
AddVertex,0.232920,2.216982,9.569521,
AddVertex,0.223775,2.217059,9.573566,
AddVertex,0.219946,2.220118,9.564850,
AddVertex,0.219946,2.220118,9.564850,
AddVertex,0.223775,2.217059,9.573566,
AddVertex,0.200964,2.017152,9.513424,
AddVertex,0.197134,2.020211,9.504708,
AddVertex,-0.558506,2.256932,9.602205,
AddVertex,-0.706472,2.252448,9.600754,
AddVertex,-0.706472,2.128772,9.560701,
AddVertex,-0.706472,2.252448,9.600754,
AddVertex,-0.706472,2.255529,9.591240,
AddVertex,-0.706472,2.131853,9.551188,
AddVertex,-0.576472,2.128772,9.560701,
AddVertex,-0.706472,2.128772,9.560701,
AddVertex,-0.706472,2.131853,9.551188,
AddVertex,-0.576472,2.131853,9.551188,
AddVertex,-0.576472,2.128772,9.560701,
AddVertex,-0.576472,2.131853,9.551188,
AddVertex,-0.576472,2.255529,9.591240,
AddVertex,-0.576472,2.252448,9.600754,
AddVertex,-0.576472,2.128772,9.560701,
AddVertex,-0.576472,2.252448,9.600754,
AddVertex,-0.574281,2.112618,9.555470,
AddVertex,-0.558506,2.047633,9.534425,
AddVertex,-0.559246,2.037838,9.531253,
AddVertex,-0.574281,2.000244,9.519078,
AddVertex,-0.574281,2.000244,9.519078,
AddVertex,-0.684281,2.000244,9.519078,
AddVertex,-0.684281,2.003325,9.509564,
AddVertex,-0.574281,2.003325,9.509564,
AddVertex,-0.574281,2.000244,9.519078,
AddVertex,-0.574281,2.003325,9.509564,
AddVertex,-0.574281,2.115699,9.545957,
AddVertex,-0.574281,2.112618,9.555470,
AddVertex,-0.684281,2.112618,9.555470,
AddVertex,-0.574281,2.112618,9.555470,
AddVertex,-0.574281,2.115699,9.545957,
AddVertex,-0.684281,2.115699,9.545957,
AddVertex,-0.684281,2.000244,9.519078,
AddVertex,-0.684281,2.112618,9.555470,
AddVertex,-0.684281,2.115699,9.545957,
AddVertex,-0.684281,2.003325,9.509564,
AddVertex,-0.631992,2.058850,9.527546,
AddVertex,-0.635171,2.061975,9.528558,
AddVertex,-0.635171,2.071218,9.500017,
AddVertex,-0.631992,2.068093,9.499005,
AddVertex,-0.631992,2.058850,9.527546,
AddVertex,-0.631992,2.068093,9.499005,
AddVertex,-0.628072,2.065857,9.498281,
AddVertex,-0.628072,2.056614,9.526822,
AddVertex,-0.628072,2.056614,9.526822,
AddVertex,-0.628072,2.065857,9.498281,
AddVertex,-0.623677,2.064662,9.497894,
AddVertex,-0.623677,2.055419,9.526435,
AddVertex,-0.623677,2.055419,9.526435,
AddVertex,-0.623677,2.064662,9.497894,
AddVertex,-0.619106,2.064590,9.497871,
AddVertex,-0.619106,2.055347,9.526412,
AddVertex,-0.619106,2.055347,9.526412,
AddVertex,-0.619106,2.064590,9.497871,
AddVertex,-0.614672,2.065646,9.498213,
AddVertex,-0.614672,2.056403,9.526753,
AddVertex,-0.614672,2.056403,9.526753,
AddVertex,-0.614672,2.065646,9.498213,
AddVertex,-0.610676,2.067758,9.498897,
AddVertex,-0.610676,2.058515,9.527437,
AddVertex,-0.610676,2.058515,9.527437,
AddVertex,-0.610676,2.067758,9.498897,
AddVertex,-0.607391,2.070782,9.499876,
AddVertex,-0.607391,2.061539,9.528417,
AddVertex,-0.607391,2.061539,9.528417,
AddVertex,-0.607391,2.070782,9.499876,
AddVertex,-0.605040,2.074511,9.501084,
AddVertex,-0.605040,2.065269,9.529625,
AddVertex,-0.605040,2.065269,9.529625,
AddVertex,-0.605040,2.074511,9.501084,
AddVertex,-0.603784,2.078693,9.502439,
AddVertex,-0.603784,2.069450,9.530979,
AddVertex,-0.603784,2.069450,9.530979,
AddVertex,-0.603784,2.078693,9.502439,
AddVertex,-0.603709,2.083041,9.503846,
AddVertex,-0.603709,2.073798,9.532387,
AddVertex,-0.603709,2.073798,9.532387,
AddVertex,-0.603709,2.083041,9.503846,
AddVertex,-0.604818,2.087260,9.505213,
AddVertex,-0.604818,2.078017,9.533753,
AddVertex,-0.604818,2.078017,9.533753,
AddVertex,-0.604818,2.087260,9.505213,
AddVertex,-0.607038,2.091061,9.506444,
AddVertex,-0.607038,2.081818,9.534985,
AddVertex,-0.607038,2.081818,9.534985,
AddVertex,-0.607038,2.091061,9.506444,
AddVertex,-0.610217,2.094187,9.507456,
AddVertex,-0.610217,2.084944,9.535996,
AddVertex,-0.614137,2.087180,9.536720,
AddVertex,-0.610217,2.084944,9.535996,
AddVertex,-0.610217,2.094187,9.507456,
AddVertex,-0.614137,2.096423,9.508180,
AddVertex,-0.618532,2.088375,9.537107,
AddVertex,-0.614137,2.087180,9.536720,
AddVertex,-0.614137,2.096423,9.508180,
AddVertex,-0.618532,2.097618,9.508567,
AddVertex,-0.623103,2.088447,9.537131,
AddVertex,-0.618532,2.088375,9.537107,
AddVertex,-0.618532,2.097618,9.508567,
AddVertex,-0.623103,2.097690,9.508590,
AddVertex,-0.627537,2.087391,9.536789,
AddVertex,-0.623103,2.088447,9.537131,
AddVertex,-0.623103,2.097690,9.508590,
AddVertex,-0.627537,2.096634,9.508248,
AddVertex,-0.631533,2.085279,9.536105,
AddVertex,-0.627537,2.087391,9.536789,
AddVertex,-0.627537,2.096634,9.508248,
AddVertex,-0.631533,2.094522,9.507565,
AddVertex,-0.634818,2.082255,9.535126,
AddVertex,-0.631533,2.085279,9.536105,
AddVertex,-0.631533,2.094522,9.507565,
AddVertex,-0.634818,2.091498,9.506585,
AddVertex,-0.637169,2.078525,9.533917,
AddVertex,-0.634818,2.082255,9.535126,
AddVertex,-0.634818,2.091498,9.506585,
AddVertex,-0.637169,2.087768,9.505377,
AddVertex,-0.638425,2.074344,9.532563,
AddVertex,-0.637169,2.078525,9.533917,
AddVertex,-0.637169,2.087768,9.505377,
AddVertex,-0.638425,2.083587,9.504023,
AddVertex,-0.638501,2.069996,9.531156,
AddVertex,-0.638425,2.074344,9.532563,
AddVertex,-0.638425,2.083587,9.504023,
AddVertex,-0.638501,2.079239,9.502615,
AddVertex,-0.637391,2.065777,9.529789,
AddVertex,-0.638501,2.069996,9.531156,
AddVertex,-0.638501,2.079239,9.502615,
AddVertex,-0.637391,2.075020,9.501248,
AddVertex,-0.635171,2.061975,9.528558,
AddVertex,-0.637391,2.065777,9.529789,
AddVertex,-0.637391,2.075020,9.501248,
AddVertex,-0.635171,2.071218,9.500017,
AddVertex,-0.684281,2.112618,9.555470,
AddVertex,-0.559246,1.990270,9.515848,
AddVertex,-0.559246,2.037838,9.531253,
AddVertex,-0.559246,2.039379,9.526496,
AddVertex,-0.559246,1.991811,9.511091,
AddVertex,0.015131,1.990270,9.515848,
AddVertex,-0.559246,1.990270,9.515848,
AddVertex,-0.559246,1.991811,9.511091,
AddVertex,0.015131,1.991811,9.511091,
AddVertex,0.015131,1.980757,9.512767,
AddVertex,0.015131,1.990270,9.515848,
AddVertex,0.015131,1.991811,9.511091,
AddVertex,0.015131,1.982297,9.508010,
AddVertex,0.160754,1.980757,9.512767,
AddVertex,0.015131,1.980757,9.512767,
AddVertex,0.015131,1.982297,9.508010,
AddVertex,0.160754,1.982297,9.508010,
AddVertex,0.160754,1.980757,9.512767,
AddVertex,0.160754,1.982297,9.508010,
AddVertex,0.160754,2.048892,9.529577,
AddVertex,0.160754,2.047352,9.534333,
AddVertex,0.160754,2.047352,9.534333,
AddVertex,0.169349,2.146739,9.566520,
AddVertex,0.169349,2.175280,9.575763,
AddVertex,0.109349,2.175280,9.575763,
AddVertex,0.097459,2.254244,9.601335,
AddVertex,-0.196720,2.254244,9.601335,
AddVertex,-0.208506,2.256932,9.602205,
AddVertex,-0.558506,2.256932,9.602205,
AddVertex,-0.208506,2.256932,9.602205,
AddVertex,-0.208506,2.260013,9.592691,
AddVertex,-0.558506,2.260013,9.592691,
AddVertex,-0.558506,2.047633,9.534425,
AddVertex,-0.558506,2.256932,9.602205,
AddVertex,-0.558506,2.260013,9.592691,
AddVertex,-0.558506,2.050714,9.524911,
AddVertex,-0.208506,2.047633,9.534425,
AddVertex,-0.558506,2.047633,9.534425,
AddVertex,-0.558506,2.050714,9.524911,
AddVertex,-0.208506,2.050714,9.524911,
AddVertex,-0.208506,2.047633,9.534425,
AddVertex,-0.208506,2.050714,9.524911,
AddVertex,-0.208506,2.260013,9.592691,
AddVertex,-0.208506,2.256932,9.602205,
AddVertex,-0.208506,2.047633,9.534425,
AddVertex,-0.196720,2.054459,9.536635,
AddVertex,0.097459,2.054459,9.536635,
AddVertex,0.015131,2.047352,9.534333,
AddVertex,0.109349,2.146739,9.566520,
AddVertex,0.109349,2.143658,9.576034,
AddVertex,0.109349,2.146739,9.566520,
AddVertex,0.109349,2.175280,9.575763,
AddVertex,0.109349,2.172199,9.585277,
AddVertex,0.109349,2.143658,9.576034,
AddVertex,0.169349,2.143658,9.576034,
AddVertex,0.169349,2.146739,9.566520,
AddVertex,0.109349,2.146739,9.566520,
AddVertex,0.109349,2.175280,9.575763,
AddVertex,0.169349,2.175280,9.575763,
AddVertex,0.169349,2.172199,9.585277,
AddVertex,0.109349,2.172199,9.585277,
AddVertex,0.169349,2.143658,9.576034,
AddVertex,0.169349,2.172199,9.585277,
AddVertex,0.169349,2.175280,9.575763,
AddVertex,0.169349,2.146739,9.566520,
AddVertex,0.097459,2.213478,9.577621,
AddVertex,0.097459,2.254244,9.601335,
AddVertex,0.097459,2.054459,9.536635,
AddVertex,0.097459,2.057540,9.527122,
AddVertex,-0.186395,2.075333,9.595952,
AddVertex,-0.186395,2.075333,9.532884,
AddVertex,-0.186395,2.246577,9.588341,
AddVertex,-0.186395,2.244112,9.595952,
AddVertex,-0.186395,2.075333,9.595952,
AddVertex,-0.186395,2.244112,9.595952,
AddVertex,-0.170830,2.148361,9.595952,
AddVertex,-0.167436,2.130405,9.595952,
AddVertex,-0.159510,2.113940,9.595952,
AddVertex,-0.147592,2.100087,9.595952,
AddVertex,-0.132495,2.089791,9.595952,
AddVertex,-0.115248,2.083753,9.595952,
AddVertex,-0.016395,2.075333,9.595952,
AddVertex,-0.186395,2.075333,9.595952,
AddVertex,-0.016395,2.075333,9.595952,
AddVertex,-0.016395,2.075333,9.532884,
AddVertex,-0.186395,2.075333,9.532884,
AddVertex,-0.186395,2.056847,9.589965,
AddVertex,0.088266,2.119344,9.547136,
AddVertex,-0.001734,2.119344,9.547136,
AddVertex,-0.001734,2.116262,9.556650,
AddVertex,0.088266,2.116262,9.556650,
AddVertex,-0.001734,2.204966,9.574865,
AddVertex,0.088266,2.204966,9.574865,
AddVertex,0.088266,2.201885,9.584378,
AddVertex,-0.001734,2.201885,9.584378,
AddVertex,-0.001734,2.119344,9.547136,
AddVertex,-0.001734,2.204966,9.574865,
AddVertex,0.002946,2.156260,9.559092,
AddVertex,0.006432,2.146896,9.556059,
AddVertex,0.012346,2.138709,9.553408,
AddVertex,0.020287,2.132258,9.551319,
AddVertex,0.029712,2.127981,9.549934,
AddVertex,0.039979,2.126171,9.549348,
AddVertex,0.050389,2.126951,9.549601,
AddVertex,0.088266,2.119344,9.547136,
AddVertex,0.060232,2.130267,9.550674,
AddVertex,0.068838,2.135895,9.552497,
AddVertex,0.075619,2.143449,9.554943,
AddVertex,0.080114,2.152416,9.557847,
AddVertex,0.082016,2.162183,9.561010,
AddVertex,0.088266,2.204966,9.574865,
AddVertex,0.097459,2.254244,9.601335,
AddVertex,0.097459,2.257324,9.591822,
AddVertex,0.057459,2.257324,9.591822,
AddVertex,-0.196720,2.254244,9.601335,
AddVertex,-0.196720,2.257324,9.591822,
AddVertex,-0.196720,2.054459,9.536635,
AddVertex,-0.196720,2.254244,9.601335,
AddVertex,-0.196720,2.257324,9.591822,
AddVertex,-0.196720,2.057540,9.527122,
AddVertex,0.097459,2.054459,9.536635,
AddVertex,-0.196720,2.054459,9.536635,
AddVertex,-0.196720,2.057540,9.527122,
AddVertex,0.097459,2.057540,9.527122,
AddVertex,-0.186395,2.246577,9.588341,
AddVertex,-0.016395,2.246577,9.588341,
AddVertex,-0.016395,2.244112,9.595952,
AddVertex,-0.186395,2.244112,9.595952,
AddVertex,-0.016395,2.244112,9.595952,
AddVertex,-0.104853,2.222165,9.595952,
AddVertex,-0.122809,2.218771,9.595952,
AddVertex,-0.139274,2.210845,9.595952,
AddVertex,-0.153127,2.198927,9.595952,
AddVertex,-0.163424,2.183830,9.595952,
AddVertex,-0.169462,2.166583,9.595952,
AddVertex,-0.097026,2.082384,9.595952,
AddVertex,-0.079070,2.085779,9.595952,
AddVertex,-0.062605,2.093705,9.595952,
AddVertex,-0.048752,2.105622,9.595952,
AddVertex,-0.038456,2.120719,9.595952,
AddVertex,-0.032418,2.137966,9.595952,
AddVertex,-0.016395,2.075333,9.595952,
AddVertex,-0.016395,2.244112,9.595952,
AddVertex,-0.016395,2.246577,9.588341,
AddVertex,-0.016395,2.075333,9.532884,
AddVertex,-0.016395,2.056847,9.589965,
AddVertex,-0.031049,2.156188,9.595952,
AddVertex,-0.034444,2.174144,9.595952,
AddVertex,-0.042370,2.190609,9.595952,
AddVertex,-0.054287,2.204462,9.595952,
AddVertex,-0.069384,2.214759,9.595952,
AddVertex,-0.086631,2.220797,9.595952,
AddVertex,0.097459,2.257324,9.591822,
AddVertex,0.044163,2.202176,9.573961,
AddVertex,0.033753,2.201396,9.573709,
AddVertex,0.023910,2.198079,9.572635,
AddVertex,0.015305,2.192452,9.570812,
AddVertex,0.008523,2.184898,9.568366,
AddVertex,0.004028,2.175931,9.565462,
AddVertex,0.002126,2.166163,9.562299,
AddVertex,0.081197,2.172087,9.564218,
AddVertex,0.077711,2.181451,9.567250,
AddVertex,0.071796,2.189638,9.569901,
AddVertex,0.063855,2.196089,9.571990,
AddVertex,0.054430,2.200366,9.573376,
AddVertex,0.015131,2.047352,9.534333,
AddVertex,0.160754,2.047352,9.534333,
AddVertex,0.160754,2.048892,9.529577,
AddVertex,0.015131,2.048892,9.529577,
AddVertex,0.015131,2.037838,9.531253,
AddVertex,0.015131,2.047352,9.534333,
AddVertex,0.015131,2.048892,9.529577,
AddVertex,0.015131,2.039379,9.526496,
AddVertex,0.015131,2.037838,9.531253,
AddVertex,0.015131,2.039379,9.526496,
AddVertex,-0.439246,2.039379,9.526496,
AddVertex,-0.559246,2.037838,9.531253,
AddVertex,-0.559246,2.039379,9.526496,
AddVertex,0.015131,1.991811,9.511091,
AddVertex,0.015131,2.039379,9.526496,
AddVertex,0.018580,2.046830,9.528909,
AddVertex,0.018580,1.989749,9.510424,
AddVertex,0.018466,1.984614,9.508760,
AddVertex,0.015131,1.982297,9.508010,
AddVertex,0.158466,1.984614,9.508760,
AddVertex,0.160754,1.982297,9.508010,
AddVertex,0.160754,2.048892,9.529577,
AddVertex,0.158580,1.989749,9.510424,
AddVertex,0.158580,2.046830,9.528909,
AddVertex,0.015131,2.048892,9.529577,
AddVertex,-0.178417,2.009286,9.516750,
AddVertex,-0.179936,2.010395,9.517110,
AddVertex,-0.179936,2.010395,9.499336,
AddVertex,-0.178417,2.009286,9.498991,
AddVertex,-0.176647,2.008589,9.516524,
AddVertex,-0.178417,2.009286,9.516750,
AddVertex,-0.178417,2.009286,9.498991,
AddVertex,-0.176647,2.008589,9.498589,
AddVertex,-0.174748,2.008351,9.516448,
AddVertex,-0.176647,2.008589,9.516524,
AddVertex,-0.176647,2.008589,9.498589,
AddVertex,-0.174748,2.008351,9.498157,
AddVertex,-0.172849,2.008589,9.516524,
AddVertex,-0.174748,2.008351,9.516448,
AddVertex,-0.174748,2.008351,9.498157,
AddVertex,-0.172849,2.008589,9.497725,
AddVertex,-0.171080,2.009286,9.516750,
AddVertex,-0.172849,2.008589,9.516524,
AddVertex,-0.172849,2.008589,9.497725,
AddVertex,-0.171080,2.009286,9.497322,
AddVertex,-0.169560,2.010395,9.517110,
AddVertex,-0.171080,2.009286,9.516750,
AddVertex,-0.171080,2.009286,9.497322,
AddVertex,-0.169560,2.010395,9.496977,
AddVertex,-0.168394,2.011841,9.517578,
AddVertex,-0.169560,2.010395,9.517110,
AddVertex,-0.169560,2.010395,9.496977,
AddVertex,-0.168394,2.011841,9.496711,
AddVertex,-0.167661,2.013525,9.518123,
AddVertex,-0.168394,2.011841,9.517578,
AddVertex,-0.168394,2.011841,9.496711,
AddVertex,-0.167661,2.013525,9.496545,
AddVertex,-0.167411,2.015331,9.518708,
AddVertex,-0.167661,2.013525,9.518123,
AddVertex,-0.167661,2.013525,9.496545,
AddVertex,-0.167411,2.015331,9.496488,
AddVertex,-0.167411,2.015331,9.518708,
AddVertex,-0.167411,2.015331,9.496488,
AddVertex,-0.167661,2.017138,9.496545,
AddVertex,-0.167661,2.017138,9.519294,
AddVertex,-0.168394,2.011841,9.517578,
AddVertex,-0.169560,2.010395,9.517110,
AddVertex,-0.169560,2.010395,9.518708,
AddVertex,-0.168394,2.011841,9.518708,
AddVertex,-0.167661,2.013525,9.518123,
AddVertex,-0.168394,2.011841,9.517578,
AddVertex,-0.168394,2.011841,9.518708,
AddVertex,-0.167661,2.013525,9.518708,
AddVertex,-0.171080,2.009286,9.518708,
AddVertex,-0.169560,2.010395,9.518708,
AddVertex,-0.169560,2.010395,9.517110,
AddVertex,-0.171080,2.009286,9.516750,
AddVertex,-0.172849,2.008589,9.518708,
AddVertex,-0.171080,2.009286,9.518708,
AddVertex,-0.171080,2.009286,9.516750,
AddVertex,-0.172849,2.008589,9.516524,
AddVertex,-0.174748,2.008351,9.518708,
AddVertex,-0.172849,2.008589,9.518708,
AddVertex,-0.172849,2.008589,9.516524,
AddVertex,-0.174748,2.008351,9.516448,
AddVertex,-0.176647,2.008589,9.518708,
AddVertex,-0.174748,2.008351,9.518708,
AddVertex,-0.174748,2.008351,9.516448,
AddVertex,-0.176647,2.008589,9.516524,
AddVertex,-0.178417,2.009286,9.518708,
AddVertex,-0.176647,2.008589,9.518708,
AddVertex,-0.176647,2.008589,9.516524,
AddVertex,-0.178417,2.009286,9.516750,
AddVertex,-0.179936,2.010395,9.518708,
AddVertex,-0.178417,2.009286,9.518708,
AddVertex,-0.178417,2.009286,9.516750,
AddVertex,-0.179936,2.010395,9.517110,
AddVertex,-0.179936,2.010395,9.518708,
AddVertex,-0.179936,2.010395,9.517110,
AddVertex,-0.181102,2.011841,9.517578,
AddVertex,-0.181102,2.011841,9.518708,
AddVertex,-0.181102,2.011841,9.518708,
AddVertex,-0.181102,2.011841,9.517578,
AddVertex,-0.181835,2.013525,9.518123,
AddVertex,-0.181835,2.013525,9.518708,
AddVertex,-0.179936,2.010395,9.517110,
AddVertex,-0.181102,2.011841,9.517578,
AddVertex,-0.181102,2.011841,9.499601,
AddVertex,-0.179936,2.010395,9.499336,
AddVertex,-0.179936,2.010395,9.499336,
AddVertex,-0.181102,2.011841,9.499601,
AddVertex,-0.183280,2.011841,9.495063,
AddVertex,-0.182546,2.010395,9.493896,
AddVertex,-0.179936,2.010395,9.499336,
AddVertex,-0.182546,2.010395,9.493896,
AddVertex,-0.181590,2.009286,9.492377,
AddVertex,-0.178417,2.009286,9.498991,
AddVertex,-0.178417,2.009286,9.498991,
AddVertex,-0.181590,2.009286,9.492377,
AddVertex,-0.180476,2.008589,9.490607,
AddVertex,-0.176647,2.008589,9.498589,
AddVertex,-0.176647,2.008589,9.498589,
AddVertex,-0.180476,2.008589,9.490607,
AddVertex,-0.179281,2.008351,9.488708,
AddVertex,-0.174748,2.008351,9.498157,
AddVertex,-0.174748,2.008351,9.498157,
AddVertex,-0.179281,2.008351,9.488708,
AddVertex,-0.178086,2.008589,9.486809,
AddVertex,-0.172849,2.008589,9.497725,
AddVertex,-0.172849,2.008589,9.497725,
AddVertex,-0.178086,2.008589,9.486809,
AddVertex,-0.176972,2.009286,9.485040,
AddVertex,-0.171080,2.009286,9.497322,
AddVertex,-0.171080,2.009286,9.497322,
AddVertex,-0.176972,2.009286,9.485040,
AddVertex,-0.176015,2.010395,9.483520,
AddVertex,-0.169560,2.010395,9.496977,
AddVertex,-0.168394,2.011841,9.496711,
AddVertex,-0.169560,2.010395,9.496977,
AddVertex,-0.176015,2.010395,9.483520,
AddVertex,-0.175281,2.011841,9.482354,
AddVertex,-0.167661,2.013525,9.496545,
AddVertex,-0.168394,2.011841,9.496711,
AddVertex,-0.175281,2.011841,9.482354,
AddVertex,-0.174820,2.013525,9.481621,
AddVertex,-0.167411,2.015331,9.496488,
AddVertex,-0.167661,2.013525,9.496545,
AddVertex,-0.174820,2.013525,9.481621,
AddVertex,-0.174663,2.015331,9.481371,
AddVertex,-0.167411,2.015331,9.496488,
AddVertex,-0.174663,2.015331,9.481371,
AddVertex,-0.174820,2.017138,9.481621,
AddVertex,-0.167661,2.017138,9.496545,
AddVertex,-0.167661,2.017138,9.496545,
AddVertex,-0.174820,2.017138,9.481621,
AddVertex,-0.175281,2.018821,9.482354,
AddVertex,-0.168394,2.018821,9.496711,
AddVertex,-0.167661,2.017138,9.519294,
AddVertex,-0.167661,2.017138,9.496545,
AddVertex,-0.168394,2.018821,9.496711,
AddVertex,-0.168394,2.018821,9.519838,
AddVertex,-0.181835,2.013525,9.518123,
AddVertex,-0.182085,2.015331,9.518708,
AddVertex,-0.182085,2.015331,9.499825,
AddVertex,-0.181835,2.013525,9.499768,
AddVertex,-0.181102,2.011841,9.517578,
AddVertex,-0.181835,2.013525,9.518123,
AddVertex,-0.181835,2.013525,9.499768,
AddVertex,-0.181102,2.011841,9.499601,
AddVertex,-0.181102,2.011841,9.499601,
AddVertex,-0.181835,2.013525,9.499768,
AddVertex,-0.183741,2.013525,9.495795,
AddVertex,-0.183280,2.011841,9.495063,
AddVertex,-0.183280,2.011841,9.495063,
AddVertex,-0.183741,2.013525,9.495795,
AddVertex,-0.206495,2.013525,9.495795,
AddVertex,-0.206989,2.011841,9.495063,
AddVertex,-0.182546,2.010395,9.493896,
AddVertex,-0.183280,2.011841,9.495063,
AddVertex,-0.206989,2.011841,9.495063,
AddVertex,-0.207458,2.010395,9.493896,
AddVertex,-0.181590,2.009286,9.492377,
AddVertex,-0.182546,2.010395,9.493896,
AddVertex,-0.207458,2.010395,9.493896,
AddVertex,-0.207871,2.009286,9.492377,
AddVertex,-0.180476,2.008589,9.490607,
AddVertex,-0.181590,2.009286,9.492377,
AddVertex,-0.207871,2.009286,9.492377,
AddVertex,-0.208198,2.008589,9.490607,
AddVertex,-0.179281,2.008351,9.488708,
AddVertex,-0.180476,2.008589,9.490607,
AddVertex,-0.208198,2.008589,9.490607,
AddVertex,-0.208417,2.008351,9.488708,
AddVertex,-0.178086,2.008589,9.486809,
AddVertex,-0.179281,2.008351,9.488708,
AddVertex,-0.208417,2.008351,9.488708,
AddVertex,-0.208514,2.008589,9.486809,
AddVertex,-0.178086,2.008589,9.486809,
AddVertex,-0.208514,2.008589,9.486809,
AddVertex,-0.208482,2.009286,9.485040,
AddVertex,-0.176972,2.009286,9.485040,
AddVertex,-0.176972,2.009286,9.485040,
AddVertex,-0.208482,2.009286,9.485040,
AddVertex,-0.208323,2.010395,9.483520,
AddVertex,-0.176015,2.010395,9.483520,
AddVertex,-0.175281,2.011841,9.482354,
AddVertex,-0.176015,2.010395,9.483520,
AddVertex,-0.208323,2.010395,9.483520,
AddVertex,-0.208048,2.011841,9.482354,
AddVertex,-0.174820,2.013525,9.481621,
AddVertex,-0.175281,2.011841,9.482354,
AddVertex,-0.208048,2.011841,9.482354,
AddVertex,-0.207676,2.013525,9.481621,
AddVertex,-0.174663,2.015331,9.481371,
AddVertex,-0.174820,2.013525,9.481621,
AddVertex,-0.207676,2.013525,9.481621,
AddVertex,-0.207232,2.015331,9.481371,
AddVertex,-0.174820,2.017138,9.481621,
AddVertex,-0.174663,2.015331,9.481371,
AddVertex,-0.207232,2.015331,9.481371,
AddVertex,-0.206746,2.017138,9.481621,
AddVertex,-0.175281,2.018821,9.482354,
AddVertex,-0.174820,2.017138,9.481621,
AddVertex,-0.206746,2.017138,9.481621,
AddVertex,-0.206252,2.018821,9.482354,
AddVertex,-0.176015,2.020267,9.483520,
AddVertex,-0.175281,2.018821,9.482354,
AddVertex,-0.206252,2.018821,9.482354,
AddVertex,-0.205783,2.020267,9.483520,
AddVertex,-0.176015,2.020267,9.483520,
AddVertex,-0.205783,2.020267,9.483520,
AddVertex,-0.205370,2.021376,9.485040,
AddVertex,-0.176972,2.021376,9.485040,
AddVertex,-0.176015,2.020267,9.483520,
AddVertex,-0.176972,2.021376,9.485040,
AddVertex,-0.171080,2.021376,9.497322,
AddVertex,-0.169560,2.020267,9.496977,
AddVertex,-0.176015,2.020267,9.483520,
AddVertex,-0.169560,2.020267,9.496977,
AddVertex,-0.168394,2.018821,9.496711,
AddVertex,-0.175281,2.018821,9.482354,
AddVertex,-0.168394,2.018821,9.519838,
AddVertex,-0.168394,2.018821,9.496711,
AddVertex,-0.169560,2.020267,9.496977,
AddVertex,-0.169560,2.020267,9.520307,
AddVertex,-0.171080,2.021376,9.520666,
AddVertex,-0.169560,2.020267,9.520307,
AddVertex,-0.169560,2.020267,9.496977,
AddVertex,-0.171080,2.021376,9.497322,
AddVertex,-0.172849,2.022074,9.520892,
AddVertex,-0.171080,2.021376,9.520666,
AddVertex,-0.171080,2.021376,9.497322,
AddVertex,-0.172849,2.022074,9.497725,
AddVertex,-0.174748,2.022311,9.520968,
AddVertex,-0.172849,2.022074,9.520892,
AddVertex,-0.172849,2.022074,9.497725,
AddVertex,-0.174748,2.022311,9.498157,
AddVertex,-0.176647,2.022074,9.520892,
AddVertex,-0.174748,2.022311,9.520968,
AddVertex,-0.174748,2.022311,9.498157,
AddVertex,-0.176647,2.022074,9.498589,
AddVertex,-0.178417,2.021376,9.520666,
AddVertex,-0.176647,2.022074,9.520892,
AddVertex,-0.176647,2.022074,9.498589,
AddVertex,-0.178417,2.021376,9.498991,
AddVertex,-0.179936,2.020267,9.520307,
AddVertex,-0.178417,2.021376,9.520666,
AddVertex,-0.178417,2.021376,9.498991,
AddVertex,-0.179936,2.020267,9.499336,
AddVertex,-0.179936,2.020267,9.520307,
AddVertex,-0.179936,2.020267,9.499336,
AddVertex,-0.181102,2.018821,9.499601,
AddVertex,-0.181102,2.018821,9.519838,
AddVertex,-0.181102,2.018821,9.519838,
AddVertex,-0.181102,2.018821,9.499601,
AddVertex,-0.181835,2.017138,9.499768,
AddVertex,-0.181835,2.017138,9.519294,
AddVertex,-0.181835,2.017138,9.519294,
AddVertex,-0.181835,2.017138,9.499768,
AddVertex,-0.182085,2.015331,9.499825,
AddVertex,-0.182085,2.015331,9.518708,
AddVertex,-0.183899,2.015331,9.496045,
AddVertex,-0.182085,2.015331,9.499825,
AddVertex,-0.181835,2.017138,9.499768,
AddVertex,-0.183741,2.017138,9.495795,
AddVertex,-0.183899,2.015331,9.496045,
AddVertex,-0.183741,2.017138,9.495795,
AddVertex,-0.205565,2.017138,9.495795,
AddVertex,-0.206009,2.015331,9.496045,
AddVertex,-0.183741,2.013525,9.495795,
AddVertex,-0.183899,2.015331,9.496045,
AddVertex,-0.206009,2.015331,9.496045,
AddVertex,-0.206495,2.013525,9.495795,
AddVertex,-0.212408,2.016809,9.496860,
AddVertex,-0.206495,2.013525,9.495795,
AddVertex,-0.206009,2.015331,9.496045,
AddVertex,-0.210612,2.017888,9.496874,
AddVertex,-0.212408,2.155786,9.541866,
AddVertex,-0.212408,2.016809,9.496860,
AddVertex,-0.210612,2.017888,9.496874,
AddVertex,-0.210612,2.155884,9.541563,
AddVertex,-0.219873,2.014897,9.488853,
AddVertex,-0.219873,2.157951,9.535180,
AddVertex,-0.219754,2.158536,9.533374,
AddVertex,-0.219754,2.015546,9.487067,
AddVertex,-0.208514,2.008589,9.486809,
AddVertex,-0.219873,2.014897,9.488853,
AddVertex,-0.219754,2.015546,9.487067,
AddVertex,-0.208482,2.009286,9.485040,
AddVertex,-0.208482,2.009286,9.485040,
AddVertex,-0.219754,2.015546,9.487067,
AddVertex,-0.219167,2.016418,9.485471,
AddVertex,-0.208323,2.010395,9.483520,
AddVertex,-0.208048,2.011841,9.482354,
AddVertex,-0.208323,2.010395,9.483520,
AddVertex,-0.219167,2.016418,9.485471,
AddVertex,-0.218151,2.017452,9.484171,
AddVertex,-0.207676,2.013525,9.481621,
AddVertex,-0.208048,2.011841,9.482354,
AddVertex,-0.218151,2.017452,9.484171,
AddVertex,-0.216775,2.018578,9.483257,
AddVertex,-0.207232,2.015331,9.481371,
AddVertex,-0.207676,2.013525,9.481621,
AddVertex,-0.216775,2.018578,9.483257,
AddVertex,-0.215133,2.019719,9.482792,
AddVertex,-0.206746,2.017138,9.481621,
AddVertex,-0.207232,2.015331,9.481371,
AddVertex,-0.215133,2.019719,9.482792,
AddVertex,-0.213338,2.020799,9.482806,
AddVertex,-0.206252,2.018821,9.482354,
AddVertex,-0.206746,2.017138,9.481621,
AddVertex,-0.213338,2.020799,9.482806,
AddVertex,-0.211510,2.021742,9.483299,
AddVertex,-0.205783,2.020267,9.483520,
AddVertex,-0.206252,2.018821,9.482354,
AddVertex,-0.211510,2.021742,9.483299,
AddVertex,-0.209776,2.022485,9.484238,
AddVertex,-0.205783,2.020267,9.483520,
AddVertex,-0.209776,2.022485,9.484238,
AddVertex,-0.208252,2.022977,9.485558,
AddVertex,-0.205370,2.021376,9.485040,
AddVertex,-0.205370,2.021376,9.485040,
AddVertex,-0.208252,2.022977,9.485558,
AddVertex,-0.207043,2.023184,9.487169,
AddVertex,-0.205044,2.022074,9.486809,
AddVertex,-0.176972,2.021376,9.485040,
AddVertex,-0.205370,2.021376,9.485040,
AddVertex,-0.205044,2.022074,9.486809,
AddVertex,-0.178086,2.022074,9.486809,
AddVertex,-0.176972,2.021376,9.485040,
AddVertex,-0.178086,2.022074,9.486809,
AddVertex,-0.172849,2.022074,9.497725,
AddVertex,-0.171080,2.021376,9.497322,
AddVertex,-0.174748,2.022311,9.498157,
AddVertex,-0.172849,2.022074,9.497725,
AddVertex,-0.178086,2.022074,9.486809,
AddVertex,-0.179281,2.022311,9.488708,
AddVertex,-0.176647,2.022074,9.498589,
AddVertex,-0.174748,2.022311,9.498157,
AddVertex,-0.179281,2.022311,9.488708,
AddVertex,-0.180476,2.022074,9.490607,
AddVertex,-0.178417,2.021376,9.498991,
AddVertex,-0.176647,2.022074,9.498589,
AddVertex,-0.180476,2.022074,9.490607,
AddVertex,-0.181590,2.021376,9.492377,
AddVertex,-0.179936,2.020267,9.499336,
AddVertex,-0.178417,2.021376,9.498991,
AddVertex,-0.181590,2.021376,9.492377,
AddVertex,-0.182546,2.020267,9.493896,
AddVertex,-0.179936,2.020267,9.499336,
AddVertex,-0.182546,2.020267,9.493896,
AddVertex,-0.183280,2.018821,9.495063,
AddVertex,-0.181102,2.018821,9.499601,
AddVertex,-0.181102,2.018821,9.499601,
AddVertex,-0.183280,2.018821,9.495063,
AddVertex,-0.183741,2.017138,9.495795,
AddVertex,-0.181835,2.017138,9.499768,
AddVertex,-0.183741,2.017138,9.495795,
AddVertex,-0.183280,2.018821,9.495063,
AddVertex,-0.205193,2.018821,9.495063,
AddVertex,-0.205565,2.017138,9.495795,
AddVertex,-0.208971,2.019029,9.496408,
AddVertex,-0.205565,2.017138,9.495795,
AddVertex,-0.205193,2.018821,9.495063,
AddVertex,-0.207595,2.020155,9.495495,
AddVertex,-0.208971,2.156129,9.540808,
AddVertex,-0.208971,2.019029,9.496408,
AddVertex,-0.207595,2.020155,9.495495,
AddVertex,-0.207595,2.156503,9.539650,
AddVertex,-0.211510,2.160228,9.528148,
AddVertex,-0.209776,2.160024,9.528780,
AddVertex,-0.209776,2.022485,9.484238,
AddVertex,-0.211510,2.021742,9.483299,
AddVertex,-0.213338,2.160283,9.527978,
AddVertex,-0.211510,2.160228,9.528148,
AddVertex,-0.211510,2.021742,9.483299,
AddVertex,-0.213338,2.020799,9.482806,
AddVertex,-0.215133,2.160185,9.528281,
AddVertex,-0.213338,2.160283,9.527978,
AddVertex,-0.213338,2.020799,9.482806,
AddVertex,-0.215133,2.019719,9.482792,
AddVertex,-0.216775,2.159940,9.529037,
AddVertex,-0.215133,2.160185,9.528281,
AddVertex,-0.215133,2.019719,9.482792,
AddVertex,-0.216775,2.018578,9.483257,
AddVertex,-0.218151,2.159566,9.530194,
AddVertex,-0.216775,2.159940,9.529037,
AddVertex,-0.216775,2.018578,9.483257,
AddVertex,-0.218151,2.017452,9.484171,
AddVertex,-0.218151,2.159566,9.530194,
AddVertex,-0.218151,2.017452,9.484171,
AddVertex,-0.219167,2.016418,9.485471,
AddVertex,-0.219167,2.159087,9.531673,
AddVertex,-0.209776,2.160024,9.528780,
AddVertex,-0.208252,2.159684,9.529830,
AddVertex,-0.208252,2.022977,9.485558,
AddVertex,-0.209776,2.022485,9.484238,
AddVertex,-0.207043,2.023184,9.487169,
AddVertex,-0.208252,2.022977,9.485558,
AddVertex,-0.208252,2.159684,9.529830,
AddVertex,-0.207043,2.159231,9.531227,
AddVertex,-0.206232,2.023093,9.488961,
AddVertex,-0.207043,2.023184,9.487169,
AddVertex,-0.207043,2.159231,9.531227,
AddVertex,-0.206232,2.158697,9.532876,
AddVertex,-0.205873,2.022710,9.490813,
AddVertex,-0.206232,2.023093,9.488961,
AddVertex,-0.206232,2.158697,9.532876,
AddVertex,-0.205873,2.158118,9.534665,
AddVertex,-0.205991,2.022061,9.492599,
AddVertex,-0.205873,2.022710,9.490813,
AddVertex,-0.205873,2.158118,9.534665,
AddVertex,-0.205991,2.157533,9.536470,
AddVertex,-0.206579,2.021189,9.494195,
AddVertex,-0.205991,2.022061,9.492599,
AddVertex,-0.205991,2.157533,9.536470,
AddVertex,-0.206579,2.156982,9.538172,
AddVertex,-0.207595,2.020155,9.495495,
AddVertex,-0.206579,2.021189,9.494195,
AddVertex,-0.206579,2.156982,9.538172,
AddVertex,-0.207595,2.156503,9.539650,
AddVertex,-0.218702,2.014423,9.492496,
AddVertex,-0.218702,2.156838,9.538617,
AddVertex,-0.219514,2.157372,9.536968,
AddVertex,-0.219514,2.014514,9.490705,
AddVertex,-0.218702,2.014423,9.492496,
AddVertex,-0.219514,2.014514,9.490705,
AddVertex,-0.208417,2.008351,9.488708,
AddVertex,-0.208198,2.008589,9.490607,
AddVertex,-0.217494,2.014631,9.494107,
AddVertex,-0.218702,2.014423,9.492496,
AddVertex,-0.208198,2.008589,9.490607,
AddVertex,-0.207871,2.009286,9.492377,
AddVertex,-0.215970,2.015123,9.495427,
AddVertex,-0.217494,2.014631,9.494107,
AddVertex,-0.207871,2.009286,9.492377,
AddVertex,-0.207458,2.010395,9.493896,
AddVertex,-0.215970,2.015123,9.495427,
AddVertex,-0.207458,2.010395,9.493896,
AddVertex,-0.206989,2.011841,9.495063,
AddVertex,-0.214236,2.015866,9.496366,
AddVertex,-0.215970,2.156045,9.541065,
AddVertex,-0.215970,2.015123,9.495427,
AddVertex,-0.214236,2.015866,9.496366,
AddVertex,-0.214236,2.155841,9.541697,
AddVertex,-0.214236,2.155841,9.541697,
AddVertex,-0.214236,2.015866,9.496366,
AddVertex,-0.212408,2.016809,9.496860,
AddVertex,-0.212408,2.155786,9.541866,
AddVertex,-0.206495,2.013525,9.495795,
AddVertex,-0.212408,2.016809,9.496860,
AddVertex,-0.214236,2.015866,9.496366,
AddVertex,-0.206989,2.011841,9.495063,
AddVertex,-0.215970,2.015123,9.495427,
AddVertex,-0.215970,2.156045,9.541065,
AddVertex,-0.217494,2.156385,9.540014,
AddVertex,-0.217494,2.014631,9.494107,
AddVertex,-0.217494,2.014631,9.494107,
AddVertex,-0.217494,2.156385,9.540014,
AddVertex,-0.218702,2.156838,9.538617,
AddVertex,-0.218702,2.014423,9.492496,
AddVertex,-0.208514,2.008589,9.486809,
AddVertex,-0.208417,2.008351,9.488708,
AddVertex,-0.219514,2.014514,9.490705,
AddVertex,-0.219873,2.014897,9.488853,
AddVertex,-0.219873,2.157951,9.535180,
AddVertex,-0.219873,2.014897,9.488853,
AddVertex,-0.219514,2.014514,9.490705,
AddVertex,-0.219514,2.157372,9.536968,
AddVertex,-0.208971,2.019029,9.496408,
AddVertex,-0.208971,2.156129,9.540808,
AddVertex,-0.210612,2.155884,9.541563,
AddVertex,-0.210612,2.017888,9.496874,
AddVertex,-0.205565,2.017138,9.495795,
AddVertex,-0.208971,2.019029,9.496408,
AddVertex,-0.210612,2.017888,9.496874,
AddVertex,-0.206009,2.015331,9.496045,
AddVertex,-0.204918,2.020267,9.493896,
AddVertex,-0.206579,2.021189,9.494195,
AddVertex,-0.207595,2.020155,9.495495,
AddVertex,-0.205193,2.018821,9.495063,
AddVertex,-0.204918,2.020267,9.493896,
AddVertex,-0.205193,2.018821,9.495063,
AddVertex,-0.183280,2.018821,9.495063,
AddVertex,-0.182546,2.020267,9.493896,
AddVertex,-0.204759,2.021376,9.492377,
AddVertex,-0.204918,2.020267,9.493896,
AddVertex,-0.182546,2.020267,9.493896,
AddVertex,-0.181590,2.021376,9.492377,
AddVertex,-0.204727,2.022074,9.490607,
AddVertex,-0.204759,2.021376,9.492377,
AddVertex,-0.181590,2.021376,9.492377,
AddVertex,-0.180476,2.022074,9.490607,
AddVertex,-0.204727,2.022074,9.490607,
AddVertex,-0.180476,2.022074,9.490607,
AddVertex,-0.179281,2.022311,9.488708,
AddVertex,-0.204824,2.022311,9.488708,
AddVertex,-0.205873,2.022710,9.490813,
AddVertex,-0.204727,2.022074,9.490607,
AddVertex,-0.204824,2.022311,9.488708,
AddVertex,-0.206232,2.023093,9.488961,
AddVertex,-0.206232,2.023093,9.488961,
AddVertex,-0.204824,2.022311,9.488708,
AddVertex,-0.205044,2.022074,9.486809,
AddVertex,-0.207043,2.023184,9.487169,
AddVertex,-0.178086,2.022074,9.486809,
AddVertex,-0.205044,2.022074,9.486809,
AddVertex,-0.204824,2.022311,9.488708,
AddVertex,-0.179281,2.022311,9.488708,
AddVertex,-0.204759,2.021376,9.492377,
AddVertex,-0.204727,2.022074,9.490607,
AddVertex,-0.205873,2.022710,9.490813,
AddVertex,-0.205991,2.022061,9.492599,
AddVertex,-0.204918,2.020267,9.493896,
AddVertex,-0.204759,2.021376,9.492377,
AddVertex,-0.205991,2.022061,9.492599,
AddVertex,-0.206579,2.021189,9.494195,
AddVertex,-0.219754,2.015546,9.487067,
AddVertex,-0.219754,2.158536,9.533374,
AddVertex,-0.219167,2.159087,9.531673,
AddVertex,-0.219167,2.016418,9.485471,
AddVertex,-0.183899,2.015331,9.496045,
AddVertex,-0.183741,2.013525,9.495795,
AddVertex,-0.181835,2.013525,9.499768,
AddVertex,-0.182085,2.015331,9.499825,
AddVertex,0.015131,2.037838,9.531253,
AddVertex,-0.268291,2.095769,9.539502,
AddVertex,-0.281232,2.094148,9.538978,
AddVertex,-0.281232,2.087986,9.558004,
AddVertex,-0.268291,2.089607,9.558529,
AddVertex,-0.256232,2.100521,9.541041,
AddVertex,-0.268291,2.095769,9.539502,
AddVertex,-0.268291,2.089607,9.558529,
AddVertex,-0.256232,2.094359,9.560068,
AddVertex,-0.245876,2.108080,9.543489,
AddVertex,-0.256232,2.100521,9.541041,
AddVertex,-0.256232,2.094359,9.560068,
AddVertex,-0.245876,2.101919,9.562516,
AddVertex,-0.237930,2.117932,9.546679,
AddVertex,-0.245876,2.108080,9.543489,
AddVertex,-0.245876,2.101919,9.562516,
AddVertex,-0.237930,2.111770,9.565706,
AddVertex,-0.232935,2.129405,9.550395,
AddVertex,-0.237930,2.117932,9.546679,
AddVertex,-0.237930,2.111770,9.565706,
AddVertex,-0.232935,2.123243,9.569422,
AddVertex,-0.231232,2.141716,9.554382,
AddVertex,-0.232935,2.129405,9.550395,
AddVertex,-0.232935,2.123243,9.569422,
AddVertex,-0.231232,2.135554,9.573409,
AddVertex,-0.232935,2.154027,9.558369,
AddVertex,-0.231232,2.141716,9.554382,
AddVertex,-0.231232,2.135554,9.573409,
AddVertex,-0.232935,2.147866,9.577396,
AddVertex,-0.237930,2.165500,9.562084,
AddVertex,-0.232935,2.154027,9.558369,
AddVertex,-0.232935,2.147866,9.577396,
AddVertex,-0.237930,2.159338,9.581111,
AddVertex,-0.245876,2.175351,9.565274,
AddVertex,-0.237930,2.165500,9.562084,
AddVertex,-0.237930,2.159338,9.581111,
AddVertex,-0.245876,2.169190,9.584302,
AddVertex,-0.256232,2.182911,9.567722,
AddVertex,-0.245876,2.175351,9.565274,
AddVertex,-0.245876,2.169190,9.584302,
AddVertex,-0.256232,2.176749,9.586750,
AddVertex,-0.268291,2.187663,9.569262,
AddVertex,-0.256232,2.182911,9.567722,
AddVertex,-0.256232,2.176749,9.586750,
AddVertex,-0.268291,2.181501,9.588288,
AddVertex,-0.281232,2.189284,9.569787,
AddVertex,-0.268291,2.187663,9.569262,
AddVertex,-0.268291,2.181501,9.588288,
AddVertex,-0.281232,2.183122,9.588814,
AddVertex,-0.294172,2.187663,9.569262,
AddVertex,-0.281232,2.189284,9.569787,
AddVertex,-0.281232,2.183122,9.588814,
AddVertex,-0.294172,2.181501,9.588288,
AddVertex,-0.306232,2.182911,9.567722,
AddVertex,-0.294172,2.187663,9.569262,
AddVertex,-0.294172,2.181501,9.588288,
AddVertex,-0.306232,2.176749,9.586750,
AddVertex,-0.316587,2.175351,9.565274,
AddVertex,-0.306232,2.182911,9.567722,
AddVertex,-0.306232,2.176749,9.586750,
AddVertex,-0.316587,2.169190,9.584302,
AddVertex,-0.316587,2.175351,9.565274,
AddVertex,-0.316587,2.169190,9.584302,
AddVertex,-0.324533,2.159338,9.581111,
AddVertex,-0.324533,2.165500,9.562084,
AddVertex,-0.551232,2.135554,9.573409,
AddVertex,-0.551232,2.141716,9.554382,
AddVertex,-0.549528,2.154027,9.558369,
AddVertex,-0.549528,2.147866,9.577396,
AddVertex,-0.549528,2.129405,9.550395,
AddVertex,-0.549528,2.123243,9.569422,
AddVertex,-0.544533,2.111770,9.565706,
AddVertex,-0.544533,2.117932,9.546679,
AddVertex,-0.501232,2.094148,9.538978,
AddVertex,-0.514172,2.095769,9.539502,
AddVertex,-0.514172,2.089607,9.558529,
AddVertex,-0.501232,2.087986,9.558004,
AddVertex,-0.488291,2.095769,9.539502,
AddVertex,-0.501232,2.094148,9.538978,
AddVertex,-0.501232,2.087986,9.558004,
AddVertex,-0.488291,2.089607,9.558529,
AddVertex,-0.476232,2.100521,9.541041,
AddVertex,-0.488291,2.095769,9.539502,
AddVertex,-0.488291,2.089607,9.558529,
AddVertex,-0.476232,2.094359,9.560068,
AddVertex,-0.465876,2.108080,9.543489,
AddVertex,-0.476232,2.100521,9.541041,
AddVertex,-0.476232,2.094359,9.560068,
AddVertex,-0.465876,2.101919,9.562516,
AddVertex,-0.457930,2.117932,9.546679,
AddVertex,-0.465876,2.108080,9.543489,
AddVertex,-0.465876,2.101919,9.562516,
AddVertex,-0.457930,2.111770,9.565706,
AddVertex,-0.452935,2.129405,9.550395,
AddVertex,-0.457930,2.117932,9.546679,
AddVertex,-0.457930,2.111770,9.565706,
AddVertex,-0.452935,2.123243,9.569422,
AddVertex,-0.451232,2.141716,9.554382,
AddVertex,-0.452935,2.129405,9.550395,
AddVertex,-0.452935,2.123243,9.569422,
AddVertex,-0.451232,2.135554,9.573409,
AddVertex,-0.452935,2.154027,9.558369,
AddVertex,-0.451232,2.141716,9.554382,
AddVertex,-0.451232,2.135554,9.573409,
AddVertex,-0.452935,2.147866,9.577396,
AddVertex,-0.457930,2.165500,9.562084,
AddVertex,-0.452935,2.154027,9.558369,
AddVertex,-0.452935,2.147866,9.577396,
AddVertex,-0.457930,2.159338,9.581111,
AddVertex,-0.465876,2.175351,9.565274,
AddVertex,-0.457930,2.165500,9.562084,
AddVertex,-0.457930,2.159338,9.581111,
AddVertex,-0.465876,2.169190,9.584302,
AddVertex,-0.476232,2.182911,9.567722,
AddVertex,-0.465876,2.175351,9.565274,
AddVertex,-0.465876,2.169190,9.584302,
AddVertex,-0.476232,2.176749,9.586750,
AddVertex,-0.488291,2.187663,9.569262,
AddVertex,-0.476232,2.182911,9.567722,
AddVertex,-0.476232,2.176749,9.586750,
AddVertex,-0.488291,2.181501,9.588288,
AddVertex,-0.501232,2.189284,9.569787,
AddVertex,-0.488291,2.187663,9.569262,
AddVertex,-0.488291,2.181501,9.588288,
AddVertex,-0.501232,2.183122,9.588814,
AddVertex,-0.514172,2.187663,9.569262,
AddVertex,-0.501232,2.189284,9.569787,
AddVertex,-0.501232,2.183122,9.588814,
AddVertex,-0.514172,2.181501,9.588288,
AddVertex,-0.526232,2.182911,9.567722,
AddVertex,-0.514172,2.187663,9.569262,
AddVertex,-0.514172,2.181501,9.588288,
AddVertex,-0.526232,2.176749,9.586750,
AddVertex,-0.536587,2.175351,9.565274,
AddVertex,-0.526232,2.182911,9.567722,
AddVertex,-0.526232,2.176749,9.586750,
AddVertex,-0.536587,2.169190,9.584302,
AddVertex,-0.536587,2.175351,9.565274,
AddVertex,-0.536587,2.169190,9.584302,
AddVertex,-0.544533,2.159338,9.581111,
AddVertex,-0.544533,2.165500,9.562084,
AddVertex,-0.549528,2.147866,9.577396,
AddVertex,-0.549528,2.154027,9.558369,
AddVertex,-0.544533,2.165500,9.562084,
AddVertex,-0.544533,2.159338,9.581111,
AddVertex,-0.526232,2.094359,9.560068,
AddVertex,-0.514172,2.089607,9.558529,
AddVertex,-0.514172,2.095769,9.539502,
AddVertex,-0.526232,2.100521,9.541041,
AddVertex,-0.536587,2.101919,9.562516,
AddVertex,-0.526232,2.094359,9.560068,
AddVertex,-0.526232,2.100521,9.541041,
AddVertex,-0.536587,2.108080,9.543489,
AddVertex,-0.536587,2.101919,9.562516,
AddVertex,-0.536587,2.108080,9.543489,
AddVertex,-0.544533,2.117932,9.546679,
AddVertex,-0.544533,2.111770,9.565706,
AddVertex,-0.391232,2.094148,9.538978,
AddVertex,-0.404172,2.095769,9.539502,
AddVertex,-0.404172,2.089607,9.558529,
AddVertex,-0.391232,2.087986,9.558004,
AddVertex,-0.378291,2.095769,9.539502,
AddVertex,-0.391232,2.094148,9.538978,
AddVertex,-0.391232,2.087986,9.558004,
AddVertex,-0.378291,2.089607,9.558529,
AddVertex,-0.366232,2.100521,9.541041,
AddVertex,-0.378291,2.095769,9.539502,
AddVertex,-0.378291,2.089607,9.558529,
AddVertex,-0.366232,2.094359,9.560068,
AddVertex,-0.355876,2.108080,9.543489,
AddVertex,-0.366232,2.100521,9.541041,
AddVertex,-0.366232,2.094359,9.560068,
AddVertex,-0.355876,2.101919,9.562516,
AddVertex,-0.347930,2.117932,9.546679,
AddVertex,-0.355876,2.108080,9.543489,
AddVertex,-0.355876,2.101919,9.562516,
AddVertex,-0.347930,2.111770,9.565706,
AddVertex,-0.342935,2.129405,9.550395,
AddVertex,-0.347930,2.117932,9.546679,
AddVertex,-0.347930,2.111770,9.565706,
AddVertex,-0.342935,2.123243,9.569422,
AddVertex,-0.341232,2.141716,9.554382,
AddVertex,-0.342935,2.129405,9.550395,
AddVertex,-0.342935,2.123243,9.569422,
AddVertex,-0.341232,2.135554,9.573409,
AddVertex,-0.342935,2.154027,9.558369,
AddVertex,-0.341232,2.141716,9.554382,
AddVertex,-0.341232,2.135554,9.573409,
AddVertex,-0.342935,2.147866,9.577396,
AddVertex,-0.347930,2.165500,9.562084,
AddVertex,-0.342935,2.154027,9.558369,
AddVertex,-0.342935,2.147866,9.577396,
AddVertex,-0.347930,2.159338,9.581111,
AddVertex,-0.355876,2.175351,9.565274,
AddVertex,-0.347930,2.165500,9.562084,
AddVertex,-0.347930,2.159338,9.581111,
AddVertex,-0.355876,2.169190,9.584302,
AddVertex,-0.366232,2.182911,9.567722,
AddVertex,-0.355876,2.175351,9.565274,
AddVertex,-0.355876,2.169190,9.584302,
AddVertex,-0.366232,2.176749,9.586750,
AddVertex,-0.378291,2.187663,9.569262,
AddVertex,-0.366232,2.182911,9.567722,
AddVertex,-0.366232,2.176749,9.586750,
AddVertex,-0.378291,2.181501,9.588288,
AddVertex,-0.391232,2.189284,9.569787,
AddVertex,-0.378291,2.187663,9.569262,
AddVertex,-0.378291,2.181501,9.588288,
AddVertex,-0.391232,2.183122,9.588814,
AddVertex,-0.404172,2.187663,9.569262,
AddVertex,-0.391232,2.189284,9.569787,
AddVertex,-0.391232,2.183122,9.588814,
AddVertex,-0.404172,2.181501,9.588288,
AddVertex,-0.416232,2.182911,9.567722,
AddVertex,-0.404172,2.187663,9.569262,
AddVertex,-0.404172,2.181501,9.588288,
AddVertex,-0.416232,2.176749,9.586750,
AddVertex,-0.426587,2.175351,9.565274,
AddVertex,-0.416232,2.182911,9.567722,
AddVertex,-0.416232,2.176749,9.586750,
AddVertex,-0.426587,2.169190,9.584302,
AddVertex,-0.426587,2.175351,9.565274,
AddVertex,-0.426587,2.169190,9.584302,
AddVertex,-0.434533,2.159338,9.581111,
AddVertex,-0.434533,2.165500,9.562084,
AddVertex,-0.441232,2.135554,9.573409,
AddVertex,-0.441232,2.141716,9.554382,
AddVertex,-0.439528,2.154027,9.558369,
AddVertex,-0.439528,2.147866,9.577396,
AddVertex,-0.416232,2.094359,9.560068,
AddVertex,-0.404172,2.089607,9.558529,
AddVertex,-0.404172,2.095769,9.539502,
AddVertex,-0.416232,2.100521,9.541041,
AddVertex,-0.426587,2.101919,9.562516,
AddVertex,-0.416232,2.094359,9.560068,
AddVertex,-0.416232,2.100521,9.541041,
AddVertex,-0.426587,2.108080,9.543489,
AddVertex,-0.426587,2.101919,9.562516,
AddVertex,-0.426587,2.108080,9.543489,
AddVertex,-0.434533,2.117932,9.546679,
AddVertex,-0.434533,2.111770,9.565706,
AddVertex,-0.434533,2.111770,9.565706,
AddVertex,-0.434533,2.117932,9.546679,
AddVertex,-0.439528,2.129405,9.550395,
AddVertex,-0.439528,2.123243,9.569422,
AddVertex,-0.439528,2.123243,9.569422,
AddVertex,-0.439528,2.129405,9.550395,
AddVertex,-0.441232,2.141716,9.554382,
AddVertex,-0.441232,2.135554,9.573409,
AddVertex,-0.281232,2.094148,9.538978,
AddVertex,-0.294172,2.095769,9.539502,
AddVertex,-0.294172,2.089607,9.558529,
AddVertex,-0.281232,2.087986,9.558004,
AddVertex,-0.331232,2.141716,9.554382,
AddVertex,-0.331232,2.135554,9.573409,
AddVertex,-0.329528,2.123243,9.569422,
AddVertex,-0.329528,2.129405,9.550395,
AddVertex,-0.329528,2.129405,9.550395,
AddVertex,-0.329528,2.123243,9.569422,
AddVertex,-0.324533,2.111770,9.565706,
AddVertex,-0.324533,2.117932,9.546679,
AddVertex,-0.324533,2.117932,9.546679,
AddVertex,-0.324533,2.111770,9.565706,
AddVertex,-0.316587,2.101919,9.562516,
AddVertex,-0.316587,2.108080,9.543489,
AddVertex,-0.306232,2.100521,9.541041,
AddVertex,-0.316587,2.108080,9.543489,
AddVertex,-0.316587,2.101919,9.562516,
AddVertex,-0.306232,2.094359,9.560068,
AddVertex,-0.294172,2.095769,9.539502,
AddVertex,-0.306232,2.100521,9.541041,
AddVertex,-0.306232,2.094359,9.560068,
AddVertex,-0.294172,2.089607,9.558529,
AddVertex,-0.331232,2.135554,9.573409,
AddVertex,-0.331232,2.141716,9.554382,
AddVertex,-0.329528,2.154027,9.558369,
AddVertex,-0.329528,2.147866,9.577396,
AddVertex,-0.329528,2.147866,9.577396,
AddVertex,-0.329528,2.154027,9.558369,
AddVertex,-0.324533,2.165500,9.562084,
AddVertex,-0.324533,2.159338,9.581111,
AddVertex,-0.329287,2.245591,9.588021,
AddVertex,-0.329287,2.207537,9.575698,
AddVertex,-0.329287,2.206053,9.580279,
AddVertex,-0.329287,2.215567,9.583360,
AddVertex,-0.329287,2.244107,9.592603,
AddVertex,-0.449287,2.245591,9.588021,
AddVertex,-0.329287,2.245591,9.588021,
AddVertex,-0.329287,2.244107,9.592603,
AddVertex,-0.449287,2.244107,9.592603,
AddVertex,-0.449287,2.245591,9.588021,
AddVertex,-0.449287,2.244107,9.592603,
AddVertex,-0.449287,2.206053,9.580279,
AddVertex,-0.449287,2.207537,9.575698,
AddVertex,-0.329287,2.207537,9.575698,
AddVertex,-0.449287,2.207537,9.575698,
AddVertex,-0.449287,2.206053,9.580279,
AddVertex,-0.399287,2.206053,9.580279,
AddVertex,-0.329287,2.206053,9.580279,
AddVertex,-0.439528,2.147866,9.577396,
AddVertex,-0.439528,2.154027,9.558369,
AddVertex,-0.434533,2.165500,9.562084,
AddVertex,-0.434533,2.159338,9.581111,
AddVertex,-0.549528,2.123243,9.569422,
AddVertex,-0.549528,2.129405,9.550395,
AddVertex,-0.551232,2.141716,9.554382,
AddVertex,-0.551232,2.135554,9.573409,
AddVertex,0.015131,1.990270,9.515848,
AddVertex,-0.706472,2.252448,9.600754,
AddVertex,-0.576472,2.252448,9.600754,
AddVertex,-0.576472,2.255529,9.591240,
AddVertex,-0.706472,2.255529,9.591240,
AddVertex,-0.706472,2.255529,9.591240,
AddVertex,-0.576472,2.255529,9.591240,
AddVertex,-0.695398,2.242079,9.586884,
AddVertex,-0.695398,2.165970,9.562237,
AddVertex,-0.706472,2.131853,9.551188,
AddVertex,-0.595398,2.165970,9.562237,
AddVertex,-0.576472,2.131853,9.551188,
AddVertex,-0.595398,2.242079,9.586884,
AddVertex,-0.644659,2.192502,9.560317,
AddVertex,-0.647247,2.192177,9.560212,
AddVertex,-0.647247,2.198339,9.541185,
AddVertex,-0.644659,2.198663,9.541290,
AddVertex,-0.644659,2.195582,9.550804,
AddVertex,-0.642247,2.193452,9.560625,
AddVertex,-0.644659,2.192502,9.560317,
AddVertex,-0.644659,2.195582,9.550804,
AddVertex,-0.642247,2.196533,9.551111,
AddVertex,-0.640176,2.194964,9.561114,
AddVertex,-0.642247,2.193452,9.560625,
AddVertex,-0.642247,2.196533,9.551111,
AddVertex,-0.640176,2.198045,9.551601,
AddVertex,-0.640176,2.194964,9.561114,
AddVertex,-0.640176,2.198045,9.551601,
AddVertex,-0.638587,2.200015,9.552239,
AddVertex,-0.638587,2.196934,9.561753,
AddVertex,-0.647247,2.192177,9.560212,
AddVertex,-0.649835,2.192502,9.560317,
AddVertex,-0.649835,2.195582,9.550804,
AddVertex,-0.649835,2.198663,9.541290,
AddVertex,-0.647247,2.198339,9.541185,
AddVertex,-0.644659,2.198663,9.541290,
AddVertex,-0.647247,2.198339,9.541185,
AddVertex,-0.649835,2.198663,9.541290,
AddVertex,-0.644659,2.217042,9.547242,
AddVertex,-0.644659,2.195582,9.550804,
AddVertex,-0.644659,2.198663,9.541290,
AddVertex,-0.644659,2.217042,9.547242,
AddVertex,-0.644659,2.213961,9.556756,
AddVertex,-0.642247,2.196533,9.551111,
AddVertex,-0.644659,2.195582,9.550804,
AddVertex,-0.644659,2.213961,9.556756,
AddVertex,-0.640176,2.198045,9.551601,
AddVertex,-0.638587,2.200015,9.552239,
AddVertex,-0.637588,2.202310,9.552982,
AddVertex,-0.638587,2.196934,9.561753,
AddVertex,-0.638587,2.200015,9.552239,
AddVertex,-0.637588,2.202310,9.552982,
AddVertex,-0.637588,2.199229,9.562496,
AddVertex,-0.637588,2.199229,9.562496,
AddVertex,-0.637588,2.202310,9.552982,
AddVertex,-0.637247,2.204772,9.553780,
AddVertex,-0.637247,2.201691,9.563293,
AddVertex,-0.637247,2.201691,9.563293,
AddVertex,-0.637247,2.204772,9.553780,
AddVertex,-0.637588,2.207234,9.554577,
AddVertex,-0.637588,2.204153,9.564091,
AddVertex,-0.637588,2.204153,9.564091,
AddVertex,-0.637588,2.207234,9.554577,
AddVertex,-0.638587,2.209529,9.555320,
AddVertex,-0.638587,2.206448,9.564834,
AddVertex,-0.638587,2.206448,9.564834,
AddVertex,-0.638587,2.209529,9.555320,
AddVertex,-0.640176,2.211499,9.555958,
AddVertex,-0.640176,2.208418,9.565472,
AddVertex,-0.642247,2.209930,9.565962,
AddVertex,-0.640176,2.208418,9.565472,
AddVertex,-0.640176,2.211499,9.555958,
AddVertex,-0.642247,2.213011,9.556448,
AddVertex,-0.644659,2.210880,9.566269,
AddVertex,-0.642247,2.209930,9.565962,
AddVertex,-0.642247,2.213011,9.556448,
AddVertex,-0.644659,2.213961,9.556756,
AddVertex,-0.644659,2.210880,9.566269,
AddVertex,-0.644659,2.213961,9.556756,
AddVertex,-0.644659,2.217042,9.547242,
AddVertex,-0.647247,2.211205,9.566374,
AddVertex,-0.647247,2.217366,9.547347,
AddVertex,-0.649835,2.210880,9.566269,
AddVertex,-0.647247,2.211205,9.566374,
AddVertex,-0.647247,2.217366,9.547347,
AddVertex,-0.649835,2.213961,9.556756,
AddVertex,-0.649835,2.217042,9.547242,
AddVertex,-0.649835,2.195582,9.550804,
AddVertex,-0.649835,2.213961,9.556756,
AddVertex,-0.649835,2.217042,9.547242,
AddVertex,-0.649835,2.198663,9.541290,
AddVertex,-0.649835,2.217042,9.547242,
AddVertex,-0.647247,2.217366,9.547347,
AddVertex,-0.649835,2.213961,9.556756,
AddVertex,-0.649835,2.195582,9.550804,
AddVertex,-0.652247,2.196533,9.551111,
AddVertex,-0.654318,2.198045,9.551601,
AddVertex,-0.655907,2.200015,9.552239,
AddVertex,-0.656906,2.202310,9.552982,
AddVertex,-0.657247,2.204772,9.553780,
AddVertex,-0.656906,2.207234,9.554577,
AddVertex,-0.655907,2.209529,9.555320,
AddVertex,-0.654318,2.211499,9.555958,
AddVertex,-0.652247,2.213011,9.556448,
AddVertex,-0.649835,2.213961,9.556756,
AddVertex,-0.652247,2.213011,9.556448,
AddVertex,-0.652247,2.209930,9.565962,
AddVertex,-0.649835,2.210880,9.566269,
AddVertex,-0.654318,2.208418,9.565472,
AddVertex,-0.652247,2.209930,9.565962,
AddVertex,-0.652247,2.213011,9.556448,
AddVertex,-0.654318,2.211499,9.555958,
AddVertex,-0.655907,2.206448,9.564834,
AddVertex,-0.654318,2.208418,9.565472,
AddVertex,-0.654318,2.211499,9.555958,
AddVertex,-0.655907,2.209529,9.555320,
AddVertex,-0.656906,2.204153,9.564091,
AddVertex,-0.655907,2.206448,9.564834,
AddVertex,-0.655907,2.209529,9.555320,
AddVertex,-0.656906,2.207234,9.554577,
AddVertex,-0.657247,2.201691,9.563293,
AddVertex,-0.656906,2.204153,9.564091,
AddVertex,-0.656906,2.207234,9.554577,
AddVertex,-0.657247,2.204772,9.553780,
AddVertex,-0.656906,2.199229,9.562496,
AddVertex,-0.657247,2.201691,9.563293,
AddVertex,-0.657247,2.204772,9.553780,
AddVertex,-0.656906,2.202310,9.552982,
AddVertex,-0.655907,2.196934,9.561753,
AddVertex,-0.656906,2.199229,9.562496,
AddVertex,-0.656906,2.202310,9.552982,
AddVertex,-0.655907,2.200015,9.552239,
AddVertex,-0.654318,2.194964,9.561114,
AddVertex,-0.655907,2.196934,9.561753,
AddVertex,-0.655907,2.200015,9.552239,
AddVertex,-0.654318,2.198045,9.551601,
AddVertex,-0.652247,2.193452,9.560625,
AddVertex,-0.654318,2.194964,9.561114,
AddVertex,-0.654318,2.198045,9.551601,
AddVertex,-0.652247,2.196533,9.551111,
AddVertex,-0.649835,2.192502,9.560317,
AddVertex,-0.652247,2.193452,9.560625,
AddVertex,-0.652247,2.196533,9.551111,
AddVertex,-0.649835,2.195582,9.550804,
AddVertex,-0.642247,2.213011,9.556448,
AddVertex,-0.640176,2.211499,9.555958,
AddVertex,-0.638587,2.209529,9.555320,
AddVertex,-0.637588,2.207234,9.554577,
AddVertex,-0.637247,2.204772,9.553780,
AddVertex,-1.033888,2.254340,9.386916,
AddVertex,-1.064548,2.281606,9.512541,
AddVertex,-0.715503,2.281606,9.597730,
AddVertex,-0.715503,2.254340,9.464622,
AddVertex,-1.033888,2.237846,9.370421,
AddVertex,-0.715503,2.234340,9.451241,
AddVertex,-1.033888,2.234340,9.371854,
AddVertex,-0.715503,2.239021,9.449302,
AddVertex,-0.715503,2.234340,9.451241,
AddVertex,-1.033888,2.237846,9.370421,
AddVertex,-0.685503,1.974778,9.464622,
AddVertex,-1.344944,2.281606,9.333165,
AddVertex,-1.344944,1.974778,9.333165,
AddVertex,-1.350000,1.974778,9.333165,
AddVertex,-1.350000,2.281606,9.333165,
AddFace,0,1,2,
AddFace,2,3,0,
AddFace,4,5,6,
AddFace,6,7,4,
AddFace,8,9,10,
AddFace,10,11,8,
AddFace,12,13,14,
AddFace,14,15,12,
AddFace,16,17,18,
AddFace,18,19,16,
AddFace,20,19,18,
AddFace,18,21,20,
AddFace,22,20,21,
AddFace,21,23,22,
AddFace,24,22,23,
AddFace,23,25,24,
AddFace,24,25,26,
AddFace,26,27,24,
AddFace,28,29,30,
AddFace,30,31,28,
AddFace,32,33,34,
AddFace,32,34,35,
AddFace,36,32,35,
AddFace,36,35,37,
AddFace,38,36,37,
AddFace,38,37,39,
AddFace,40,38,39,
AddFace,40,39,41,
AddFace,42,40,41,
AddFace,42,41,43,
AddFace,43,44,42,
AddFace,45,46,47,
AddFace,47,48,45,
AddFace,49,50,51,
AddFace,51,52,49,
AddFace,53,54,55,
AddFace,55,56,53,
AddFace,57,58,59,
AddFace,59,60,57,
AddFace,61,62,63,
AddFace,63,64,61,
AddFace,65,66,67,
AddFace,67,68,65,
AddFace,69,70,71,
AddFace,71,72,69,
AddFace,73,74,75,
AddFace,75,76,73,
AddFace,77,78,79,
AddFace,79,80,77,
AddFace,81,82,83,
AddFace,83,84,81,
AddFace,85,86,87,
AddFace,87,88,85,
AddFace,89,90,91,
AddFace,91,92,89,
AddFace,93,94,95,
AddFace,95,96,93,
AddFace,97,98,99,
AddFace,99,100,97,
AddFace,101,102,103,
AddFace,103,104,101,
AddFace,105,106,107,
AddFace,107,108,105,
AddFace,109,110,111,
AddFace,111,112,109,
AddFace,113,114,115,
AddFace,115,116,113,
AddFace,117,118,119,
AddFace,119,120,117,
AddFace,121,122,123,
AddFace,123,124,121,
AddFace,125,126,127,
AddFace,127,128,125,
AddFace,129,130,131,
AddFace,131,132,129,
AddFace,133,134,135,
AddFace,135,136,133,
AddFace,137,138,139,
AddFace,139,140,137,
AddFace,141,142,143,
AddFace,143,144,141,
AddFace,145,146,147,
AddFace,147,148,145,
AddFace,149,150,151,
AddFace,151,152,149,
AddFace,153,154,155,
AddFace,155,156,153,
AddFace,157,158,159,
AddFace,159,160,157,
AddFace,161,162,163,
AddFace,164,161,163,
AddFace,164,163,165,
AddFace,166,164,165,
AddFace,167,166,165,
AddFace,168,167,165,
AddFace,168,165,169,
AddFace,170,168,169,
AddFace,170,169,171,
AddFace,172,170,171,
AddFace,172,171,173,
AddFace,173,174,172,
AddFace,175,176,177,
AddFace,177,178,175,
AddFace,179,180,181,
AddFace,181,182,179,
AddFace,183,184,185,
AddFace,185,186,183,
AddFace,187,188,189,
AddFace,189,190,187,
AddFace,191,192,193,
AddFace,193,194,191,
AddFace,195,196,197,
AddFace,197,198,195,
AddFace,199,200,201,
AddFace,201,202,199,
AddFace,203,204,205,
AddFace,205,206,203,
AddFace,207,208,209,
AddFace,209,210,207,
AddFace,211,212,213,
AddFace,213,214,211,
AddFace,215,216,217,
AddFace,217,218,215,
AddFace,219,220,221,
AddFace,221,222,219,
AddFace,223,224,225,
AddFace,225,226,223,
AddFace,227,228,229,
AddFace,229,230,227,
AddFace,231,232,233,
AddFace,233,234,231,
AddFace,235,236,237,
AddFace,237,238,235,
AddFace,239,240,241,
AddFace,242,239,241,
AddFace,243,242,241,
AddFace,244,243,241,
AddFace,244,241,245,
AddFace,246,244,245,
AddFace,247,246,245,
AddFace,247,245,248,
AddFace,249,247,248,
AddFace,250,249,248,
AddFace,250,248,163,
AddFace,162,250,163,
AddFace,251,252,253,
AddFace,253,254,251,
AddFace,255,256,257,
AddFace,255,257,258,
AddFace,259,255,258,
AddFace,259,258,260,
AddFace,261,259,260,
AddFace,261,260,262,
AddFace,263,261,262,
AddFace,263,262,264,
AddFace,265,263,264,
AddFace,265,264,266,
AddFace,266,267,265,
AddFace,268,269,270,
AddFace,270,271,268,
AddFace,272,273,274,
AddFace,274,275,272,
AddFace,276,277,278,
AddFace,278,279,276,
AddFace,280,281,282,
AddFace,282,283,280,
AddFace,284,285,286,
AddFace,286,287,284,
AddFace,256,288,257,
AddFace,256,289,288,
AddFace,289,290,288,
AddFace,289,291,290,
AddFace,291,292,290,
AddFace,291,293,292,
AddFace,293,294,292,
AddFace,293,295,294,
AddFace,295,296,294,
AddFace,296,297,294,
AddFace,296,298,297,
AddFace,299,300,301,
AddFace,301,302,299,
AddFace,303,304,305,
AddFace,305,306,303,
AddFace,239,307,240,
AddFace,308,240,307,
AddFace,308,307,309,
AddFace,310,308,309,
AddFace,310,309,311,
AddFace,310,311,312,
AddFace,310,312,313,
AddFace,314,310,313,
AddFace,314,313,315,
AddFace,314,315,316,
AddFace,317,314,316,
AddFace,317,316,318,
AddFace,317,318,319,
AddFace,320,317,319,
AddFace,320,319,321,
AddFace,320,321,322,
AddFace,320,322,323,
AddFace,167,320,323,
AddFace,323,166,167,
AddFace,308,324,240,
AddFace,308,325,324,
AddFace,325,326,324,
AddFace,325,327,326,
AddFace,327,328,326,
AddFace,329,330,331,
AddFace,331,332,329,
AddFace,33,333,334,
AddFace,33,334,34,
AddFace,335,336,337,
AddFace,337,338,335,
AddFace,339,340,341,
AddFace,341,342,339,
AddFace,343,344,345,
AddFace,345,346,343,
AddFace,347,348,349,
AddFace,349,350,347,
AddFace,351,352,353,
AddFace,353,354,351,
AddFace,355,356,357,
AddFace,357,358,355,
AddFace,359,360,361,
AddFace,361,362,359,
AddFace,363,364,365,
AddFace,365,366,363,
AddFace,367,368,369,
AddFace,369,370,367,
AddFace,371,372,373,
AddFace,373,374,371,
AddFace,375,376,377,
AddFace,377,378,375,
AddFace,333,379,380,
AddFace,333,380,334,
AddFace,379,381,380,
AddFace,379,382,381,
AddFace,382,383,381,
AddFace,382,384,383,
AddFace,384,385,383,
AddFace,384,386,385,
AddFace,386,387,385,
AddFace,388,389,390,
AddFace,390,391,388,
AddFace,392,393,394,
AddFace,394,395,392,
AddFace,396,397,398,
AddFace,398,399,396,
AddFace,400,401,402,
AddFace,402,403,400,
AddFace,404,405,406,
AddFace,406,407,404,
AddFace,408,409,410,
AddFace,410,411,408,
AddFace,412,413,414,
AddFace,412,414,415,
AddFace,415,416,412,
AddFace,417,418,419,
AddFace,419,420,417,
AddFace,421,414,422,
AddFace,422,423,421,
AddFace,423,424,421,
AddFace,414,425,426,
AddFace,414,426,427,
AddFace,427,415,414,
AddFace,428,429,430,
AddFace,430,431,428,
AddFace,418,432,419,
AddFace,432,433,419,
AddFace,434,435,436,
AddFace,436,437,434,
AddFace,438,439,440,
AddFace,440,441,438,
AddFace,413,423,422,
AddFace,413,422,414,
AddFace,413,442,423,
AddFace,442,443,423,
AddFace,443,444,423,
AddFace,444,445,423,
AddFace,445,446,423,
AddFace,445,447,446,
AddFace,445,448,447,
AddFace,449,447,448,
AddFace,448,450,449,
AddFace,450,451,449,
AddFace,452,453,454,
AddFace,454,455,452,
AddFace,455,456,452,
AddFace,456,457,452,
AddFace,452,457,458,
AddFace,458,459,452,
AddFace,460,461,462,
AddFace,462,463,460,
AddFace,463,464,460,
AddFace,464,465,460,
AddFace,465,466,460,
AddFace,467,460,466,
AddFace,468,467,466,
AddFace,469,468,466,
AddFace,466,470,469,
AddFace,471,472,473,
AddFace,471,473,474,
AddFace,475,471,474,
AddFace,474,476,475,
AddFace,477,478,479,
AddFace,479,480,477,
AddFace,480,481,477,
AddFace,477,481,482,
AddFace,482,483,477,
AddFace,484,485,486,
AddFace,484,486,487,
AddFace,487,488,484,
AddFace,489,490,491,
AddFace,491,492,489,
AddFace,450,483,493,
AddFace,450,493,451,
AddFace,494,495,496,
AddFace,494,496,497,
AddFace,497,498,494,
AddFace,499,500,501,
AddFace,501,502,499,
AddFace,502,503,499,
AddFace,494,504,505,
AddFace,505,495,494,
AddFace,506,507,508,
AddFace,508,509,506,
AddFace,509,510,506,
AddFace,511,512,513,
AddFace,514,511,513,
AddFace,513,515,514,
AddFace,516,517,518,
AddFace,518,519,516,
AddFace,520,521,522,
AddFace,522,523,520,
AddFace,523,524,520,
AddFace,524,525,520,
AddFace,525,526,520,
AddFace,527,528,529,
AddFace,529,530,527,
AddFace,531,532,533,
AddFace,534,531,533,
AddFace,534,533,488,
AddFace,534,488,487,
AddFace,534,487,535,
AddFace,536,534,535,
AddFace,535,537,536,
AddFace,538,539,540,
AddFace,540,539,541,
AddFace,541,542,540,
AddFace,543,544,545,
AddFace,545,546,543,
AddFace,547,548,549,
AddFace,547,549,550,
AddFace,547,550,551,
AddFace,547,551,552,
AddFace,553,547,552,
AddFace,552,554,553,
AddFace,555,553,554,
AddFace,554,556,555,
AddFace,557,558,559,
AddFace,559,560,557,
AddFace,561,562,563,
AddFace,563,564,561,
AddFace,564,563,565,
AddFace,566,564,565,
AddFace,567,566,565,
AddFace,565,568,567,
AddFace,569,570,450,
AddFace,571,569,450,
AddFace,572,571,450,
AddFace,573,572,450,
AddFace,574,573,450,
AddFace,575,574,450,
AddFace,576,575,450,
AddFace,577,576,450,
AddFace,578,577,450,
AddFace,579,578,450,
AddFace,450,448,579,
AddFace,580,581,582,
AddFace,582,583,580,
AddFace,583,584,580,
AddFace,585,586,587,
AddFace,587,588,585,
AddFace,585,588,589,
AddFace,585,589,590,
AddFace,590,591,585,
AddFace,586,585,591,
AddFace,591,592,586,
AddFace,592,593,586,
AddFace,594,595,596,
AddFace,596,597,594,
AddFace,598,599,600,
AddFace,601,598,600,
AddFace,602,601,600,
AddFace,602,600,603,
AddFace,603,604,602,
AddFace,605,606,607,
AddFace,607,608,605,
AddFace,609,610,611,
AddFace,611,612,609,
AddFace,613,614,17,
AddFace,17,16,613,
AddFace,615,614,613,
AddFace,613,616,615,
AddFace,617,615,616,
AddFace,616,618,617,
AddFace,619,617,618,
AddFace,618,620,619,
AddFace,621,619,620,
AddFace,620,622,621,
AddFace,623,621,622,
AddFace,622,624,623,
AddFace,625,626,627,
AddFace,627,628,625,
AddFace,629,630,631,
AddFace,631,632,629,
AddFace,633,634,635,
AddFace,635,636,633,
AddFace,637,638,639,
AddFace,639,640,637,
AddFace,641,642,643,
AddFace,643,644,641,
AddFace,645,646,647,
AddFace,647,648,645,
AddFace,649,650,651,
AddFace,651,652,649,
AddFace,653,654,655,
AddFace,655,656,653,
AddFace,657,658,659,
AddFace,659,660,657,
AddFace,661,662,663,
AddFace,663,664,661,
AddFace,665,661,664,
AddFace,664,666,665,
AddFace,667,665,666,
AddFace,666,668,667,
AddFace,669,667,668,
AddFace,668,670,669,
AddFace,671,672,673,
AddFace,673,674,671,
AddFace,675,671,674,
AddFace,674,676,675,
AddFace,677,675,676,
AddFace,676,678,677,
AddFace,679,677,678,
AddFace,678,680,679,
AddFace,681,682,683,
AddFace,683,684,681,
AddFace,685,686,687,
AddFace,687,688,685,
AddFace,26,689,690,
AddFace,690,27,26,
AddFace,691,692,693,
AddFace,693,694,691,
AddFace,695,696,697,
AddFace,697,698,695,
AddFace,699,700,701,
AddFace,701,702,699,
AddFace,703,699,702,
AddFace,702,704,703,
AddFace,702,705,704,
AddFace,706,707,708,
AddFace,708,709,706,
AddFace,710,709,708,
AddFace,708,711,710,
AddFace,611,710,711,
AddFace,711,612,611,
AddFace,712,713,714,
AddFace,714,715,712,
AddFace,716,717,718,
AddFace,716,718,719,
AddFace,719,720,716,
AddFace,721,722,723,
AddFace,723,724,721,
AddFace,725,726,727,
AddFace,728,729,730,
AddFace,730,731,728,
AddFace,731,732,728,
AddFace,733,734,735,
AddFace,735,736,733,
AddFace,736,737,733,
AddFace,738,733,737,
AddFace,739,740,741,
AddFace,742,739,741,
AddFace,741,743,742,
AddFace,744,742,743,
AddFace,744,743,745,
AddFace,745,746,744,
AddFace,747,748,749,
AddFace,749,750,747,
AddFace,751,752,753,
AddFace,753,754,751,
AddFace,744,755,742,
AddFace,756,757,758,
AddFace,758,759,756,
AddFace,760,761,762,
AddFace,763,760,762,
AddFace,764,763,762,
AddFace,762,765,764,
AddFace,766,767,768,
AddFace,768,769,766,
AddFace,770,771,772,
AddFace,772,773,770,
AddFace,774,775,738,
AddFace,738,737,774,
AddFace,776,777,778,
AddFace,778,779,776,
AddFace,780,781,736,
AddFace,736,735,780,
AddFace,781,780,782,
AddFace,782,783,781,
AddFace,783,774,781,
AddFace,784,785,786,
AddFace,787,788,789,
AddFace,790,791,792,
AddFace,792,793,790,
AddFace,794,795,796,
AddFace,797,798,799,
AddFace,800,801,802,
AddFace,803,804,805,
AddFace,805,806,803,
AddFace,807,808,809,
AddFace,809,810,807,
AddFace,808,811,809,
AddFace,812,813,814,
AddFace,815,816,817,
AddFace,818,814,813,
AddFace,808,819,811,
AddFace,820,821,822,
AddFace,823,824,825,
AddFace,825,826,823,
AddFace,827,828,829,
AddFace,830,831,832,
AddFace,832,833,830,
AddFace,833,834,830,
AddFace,834,835,830,
AddFace,835,836,830,
AddFace,837,426,425,
AddFace,425,424,837,
AddFace,423,837,424,
AddFace,838,839,840,
AddFace,841,838,840,
AddFace,840,842,841,
AddFace,843,844,845,
AddFace,845,846,843,
AddFace,847,848,849,
AddFace,849,850,847,
AddFace,851,847,850,
AddFace,850,852,851,
AddFace,853,854,845,
AddFace,853,845,844,
AddFace,844,855,853,
AddFace,855,856,853,
AddFace,853,857,854,
AddFace,858,854,857,
AddFace,857,859,858,
AddFace,859,860,858,
AddFace,860,861,858,
AddFace,861,862,858,
AddFace,862,863,858,
AddFace,863,864,858,
AddFace,864,865,858,
AddFace,865,866,858,
AddFace,866,867,858,
AddFace,867,868,858,
AddFace,868,869,858,
AddFace,869,870,858,
AddFace,870,871,858,
AddFace,855,858,871,
AddFace,855,871,872,
AddFace,855,872,873,
AddFace,855,873,874,
AddFace,855,874,875,
AddFace,855,875,876,
AddFace,855,876,877,
AddFace,855,877,878,
AddFace,855,878,879,
AddFace,855,879,880,
AddFace,855,880,881,
AddFace,855,881,882,
AddFace,855,882,883,
AddFace,855,883,856,
AddFace,883,884,856,
AddFace,884,885,856,
AddFace,885,886,856,
AddFace,856,886,887,
AddFace,859,856,887,
AddFace,859,887,888,
AddFace,859,888,860,
AddFace,889,869,890,
AddFace,889,890,891,
AddFace,892,889,891,
AddFace,892,891,893,
AddFace,894,892,893,
AddFace,894,893,895,
AddFace,896,894,895,
AddFace,896,895,897,
AddFace,898,896,897,
AddFace,898,897,899,
AddFace,900,898,899,
AddFace,900,899,901,
AddFace,902,900,901,
AddFace,902,901,903,
AddFace,904,902,903,
AddFace,904,903,905,
AddFace,906,904,905,
AddFace,907,906,905,
AddFace,907,905,908,
AddFace,909,907,908,
AddFace,909,908,910,
AddFace,910,911,909,
AddFace,909,911,912,
AddFace,912,913,909,
AddFace,889,870,869,
AddFace,914,871,915,
AddFace,916,914,915,
AddFace,916,915,917,
AddFace,918,916,917,
AddFace,918,917,919,
AddFace,920,918,919,
AddFace,920,919,921,
AddFace,922,920,921,
AddFace,922,921,923,
AddFace,924,922,923,
AddFace,924,923,925,
AddFace,926,924,925,
AddFace,926,925,927,
AddFace,928,926,927,
AddFace,928,927,929,
AddFace,930,928,929,
AddFace,930,929,931,
AddFace,932,930,931,
AddFace,932,931,933,
AddFace,934,932,933,
AddFace,934,933,913,
AddFace,912,934,913,
AddFace,935,914,936,
AddFace,937,935,936,
AddFace,937,936,938,
AddFace,939,937,938,
AddFace,939,938,940,
AddFace,941,939,940,
AddFace,941,940,942,
AddFace,943,941,942,
AddFace,943,942,944,
AddFace,945,943,944,
AddFace,945,944,946,
AddFace,947,945,946,
AddFace,947,946,948,
AddFace,949,947,948,
AddFace,949,948,950,
AddFace,951,949,950,
AddFace,951,950,952,
AddFace,953,951,952,
AddFace,953,952,954,
AddFace,955,953,954,
AddFace,955,954,956,
AddFace,957,955,956,
AddFace,957,956,911,
AddFace,911,885,957,
AddFace,957,885,958,
AddFace,958,959,957,
AddFace,935,872,914,
AddFace,914,872,871,
AddFace,873,872,960,
AddFace,961,873,960,
AddFace,961,960,962,
AddFace,963,961,962,
AddFace,963,962,964,
AddFace,965,963,964,
AddFace,965,964,966,
AddFace,967,965,966,
AddFace,967,966,968,
AddFace,969,967,968,
AddFace,969,968,970,
AddFace,971,969,970,
AddFace,971,970,972,
AddFace,973,971,972,
AddFace,973,972,974,
AddFace,975,973,974,
AddFace,975,974,976,
AddFace,977,975,976,
AddFace,977,976,978,
AddFace,979,977,978,
AddFace,979,978,959,
AddFace,958,979,959,
AddFace,885,911,910,
AddFace,885,910,886,
AddFace,980,981,982,
AddFace,982,983,980,
AddFace,455,454,984,
AddFace,984,985,455,
AddFace,986,987,988,
AddFace,988,989,986,
AddFace,990,991,992,
AddFace,992,993,990,
AddFace,994,995,996,
AddFace,604,603,836,
AddFace,997,604,836,
AddFace,998,997,836,
AddFace,999,998,836,
AddFace,835,999,836,
AddFace,1000,999,835,
AddFace,835,834,1000,
AddFace,1001,1000,834,
AddFace,834,1002,1001,
AddFace,1001,1002,1003,
AddFace,1003,998,1001,
AddFace,1004,1005,1006,
AddFace,1006,1007,1004,
AddFace,1008,1009,1010,
AddFace,1010,1011,1008,
AddFace,1012,997,998,
AddFace,1003,1012,998,
AddFace,1012,1013,997,
AddFace,1013,604,997,
AddFace,1014,1015,1016,
AddFace,1016,1017,1014,
AddFace,1013,1018,604,
AddFace,1018,602,604,
AddFace,1018,1019,602,
AddFace,1019,601,602,
AddFace,1020,1021,1022,
AddFace,1023,1020,1022,
AddFace,1022,1024,1023,
AddFace,598,601,1019,
AddFace,1025,1026,1027,
AddFace,1028,1025,1027,
AddFace,1029,1028,1027,
AddFace,1029,1027,1030,
AddFace,1031,1029,1030,
AddFace,1030,1032,1031,
AddFace,998,999,1000,
AddFace,1000,1001,998,
AddFace,1033,1034,1035,
AddFace,1035,1036,1033,
AddFace,1036,1037,1033,
AddFace,1037,434,1033,
AddFace,432,1038,433,
AddFace,1033,1039,1034,
AddFace,1040,1037,1036,
AddFace,435,1037,1040,
AddFace,1040,1041,435,
AddFace,1041,436,435,
AddFace,1042,436,1041,
AddFace,1041,1043,1042,
AddFace,1044,1042,1043,
AddFace,1043,1045,1044,
AddFace,1046,1044,1045,
AddFace,1045,1047,1046,
AddFace,1048,1046,1047,
AddFace,1047,1049,1048,
AddFace,1050,1048,1049,
AddFace,1049,1051,1050,
AddFace,1050,1051,1052,
AddFace,1052,1053,1050,
AddFace,472,1054,1055,
AddFace,472,1055,1056,
AddFace,472,1056,1057,
AddFace,472,1057,1058,
AddFace,472,1058,473,
AddFace,1059,1060,1061,
AddFace,1061,1062,1059,
AddFace,1063,1064,1065,
AddFace,1065,1066,1063,
AddFace,1067,1068,473,
AddFace,474,473,1068,
AddFace,474,1068,1069,
AddFace,1070,474,1069,
AddFace,1070,1069,1055,
AddFace,1055,1071,1070,
AddFace,1072,1073,1074,
AddFace,1074,1073,1075,
AddFace,1075,1073,1076,
AddFace,478,1075,1076,
AddFace,1076,1077,478,
AddFace,478,1077,1078,
AddFace,478,1078,1079,
AddFace,478,1079,1080,
AddFace,482,478,1080,
AddFace,1080,1081,482,
AddFace,1082,482,1081,
AddFace,1081,1078,1082,
AddFace,1083,1084,1085,
AddFace,1085,1086,1083,
AddFace,1087,1088,1089,
AddFace,539,1090,541,
AddFace,1091,1092,1078,
AddFace,1077,1091,1078,
AddFace,1093,1094,1095,
AddFace,1096,1095,1094,
AddFace,1094,1097,1096,
AddFace,1094,1098,1097,
AddFace,548,1099,556,
AddFace,1100,548,556,
AddFace,1101,1100,556,
AddFace,554,1101,556,
AddFace,554,1102,1101,
AddFace,1102,551,1101,
AddFace,550,1101,551,
AddFace,1103,1104,1105,
AddFace,1105,1106,1103,
AddFace,1107,1108,1109,
AddFace,1109,1110,1107,
AddFace,1111,1112,1113,
AddFace,1113,1114,1111,
AddFace,1115,1116,1117,
AddFace,1117,1118,1115,
AddFace,1119,1120,1121,
AddFace,1121,1122,1119,
AddFace,1100,549,548,
AddFace,1123,1124,1125,
AddFace,1125,1126,1123,
AddFace,1127,1128,1129,
AddFace,1129,1130,1127,
AddFace,1131,1132,1133,
AddFace,1133,1134,1131,
AddFace,1135,1136,1137,
AddFace,1137,1138,1135,
AddFace,1139,1140,1141,
AddFace,1141,1142,1139,
AddFace,1143,1144,1145,
AddFace,1145,1146,1143,
AddFace,1145,1147,1146,
AddFace,1147,1148,1146,
AddFace,1147,1149,1148,
AddFace,563,1150,565,
AddFace,1147,1151,1149,
AddFace,1152,1153,1154,
AddFace,1154,1155,1152,
AddFace,1155,1156,1152,
AddFace,1156,1157,1152,
AddFace,1157,1158,1152,
AddFace,1159,1152,1158,
AddFace,1158,1157,1159,
AddFace,1160,1159,1157,
AddFace,1160,1157,1161,
AddFace,1162,1160,1161,
AddFace,1161,1163,1162,
AddFace,1162,1163,1155,
AddFace,1155,1154,1162,
AddFace,1164,1165,1166,
AddFace,1166,1167,1164,
AddFace,1167,1168,1164,
AddFace,1168,1169,1164,
AddFace,1170,1171,1172,
AddFace,1173,1170,1172,
AddFace,1174,1173,1172,
AddFace,1175,1174,1172,
AddFace,1176,1175,1172,
AddFace,1177,1176,1172,
AddFace,1178,1177,1172,
AddFace,1172,1179,1178,
AddFace,1177,1178,1179,
AddFace,1177,1179,600,
AddFace,1180,1177,600,
AddFace,599,1180,600,
AddFace,1181,1182,597,
AddFace,597,596,1181,
AddFace,592,1183,593,
AddFace,1182,1181,1184,
AddFace,1184,1185,1182,
AddFace,1185,1184,1186,
AddFace,1186,1187,1185,
AddFace,1188,1189,1190,
AddFace,1190,1191,1188,
AddFace,1191,1192,1188,
AddFace,1193,1194,1195,
AddFace,1195,1196,1193,
AddFace,1196,1197,1193,
AddFace,1198,1199,1200,
AddFace,1200,1201,1198,
AddFace,1202,1203,1204,
AddFace,1204,1205,1202,
AddFace,1174,1202,1205,
AddFace,1205,1173,1174,
AddFace,1205,1206,1173,
AddFace,1206,1207,1173,
AddFace,1203,1173,1207,
AddFace,1203,1207,1204,
AddFace,1208,1209,1210,
AddFace,1211,1212,1213,
AddFace,1213,1214,1211,
AddFace,1215,1216,1217,
AddFace,1217,1218,1215,
AddFace,1218,1219,1215,
AddFace,1219,1220,1215,
AddFace,1221,1215,1220,
AddFace,1221,1220,1222,
AddFace,1217,1221,1222,
AddFace,1222,1218,1217,
AddFace,1223,1224,1225,
AddFace,1225,1226,1223,
AddFace,1227,1228,1229,
AddFace,1229,1230,1227,
AddFace,1231,1232,1233,
AddFace,1233,1234,1231,
AddFace,1235,1212,1211,
AddFace,1236,1237,1238,
AddFace,1225,1239,1226,
AddFace,1240,1241,1242,
AddFace,1243,1240,1242,
AddFace,1242,1244,1243,
AddFace,1245,1246,1247,
AddFace,1247,1248,1245,
AddFace,1249,1250,1251,
AddFace,1249,1251,1252,
AddFace,1252,1253,1249,
AddFace,1254,1255,1256,
AddFace,1254,1256,1257,
AddFace,1256,1255,1258,
AddFace,1258,1259,1256,
AddFace,1259,1260,1256,
AddFace,1259,1261,1260,
AddFace,1262,1263,1264,
AddFace,1264,1265,1262,
AddFace,1266,1267,1268,
AddFace,1160,1269,1159,
AddFace,1270,1271,450,
AddFace,570,1270,450,
AddFace,582,1272,583,
AddFace,450,1271,1273,
AddFace,450,1273,483,
AddFace,1249,1274,1250,
AddFace,590,592,591,
AddFace,1275,1276,1277,
AddFace,1277,1278,1275,
AddFace,1279,1280,1281,
AddFace,1282,1279,1281,
AddFace,1281,1283,1282,
AddFace,1284,1285,1286,
AddFace,1286,1287,1284,
AddFace,1287,1288,1284,
AddFace,1287,1289,1288,
AddFace,1287,1290,1289,
AddFace,1073,1072,1076,
AddFace,1291,1292,1293,
AddFace,1294,1295,1296,
AddFace,1297,1298,1299,
AddFace,1300,1297,1299,
AddFace,1299,1301,1300,
AddFace,1161,1155,1163,
AddFace,1156,1155,1161,
AddFace,1161,1157,1156,
AddFace,1081,1302,1078,
AddFace,1302,1079,1078,
AddFace,1303,1304,1305,
AddFace,1305,1306,1303,
AddFace,1307,1308,1309,
AddFace,1309,1310,1307,
AddFace,1311,1312,1313,
AddFace,1313,1314,1311,
AddFace,1315,1316,1317,
AddFace,1317,1318,1315,
AddFace,1319,1320,1321,
AddFace,1321,1322,1319,
AddFace,487,485,535,
AddFace,487,486,485,
AddFace,1323,1324,1325,
AddFace,1325,1326,1323,
AddFace,1327,1328,1329,
AddFace,1329,1330,1327,
AddFace,1331,1332,1333,
AddFace,1333,1334,1331,
AddFace,1335,1336,1337,
AddFace,1337,1338,1335,
AddFace,1339,1340,1341,
AddFace,1341,1342,1339,
AddFace,1343,1344,1345,
AddFace,1345,1346,1343,
AddFace,1347,1348,1349,
AddFace,1349,1350,1347,
AddFace,1351,1352,1353,
AddFace,1353,1354,1351,
AddFace,1355,1356,1357,
AddFace,1357,1358,1355,
AddFace,1359,1360,1361,
AddFace,1361,1362,1359,
AddFace,1363,1364,1365,
AddFace,1365,1366,1363,
AddFace,1367,1368,1369,
AddFace,1369,1370,1367,
AddFace,1371,1372,1373,
AddFace,1373,1374,1371,
AddFace,1375,1376,1377,
AddFace,1377,1378,1375,
AddFace,1379,1380,1381,
AddFace,1381,1382,1379,
AddFace,1383,1384,1385,
AddFace,1385,1386,1383,
AddFace,1387,1388,1389,
AddFace,1389,1390,1387,
AddFace,1391,1392,1393,
AddFace,1393,1394,1391,
AddFace,1395,1396,1397,
AddFace,1397,1398,1395,
AddFace,1399,1400,1401,
AddFace,1401,1402,1399,
AddFace,1403,1404,1405,
AddFace,1405,1406,1403,
AddFace,1407,1408,1409,
AddFace,1409,1410,1407,
AddFace,1411,1412,1413,
AddFace,1413,1414,1411,
AddFace,1415,1416,1417,
AddFace,1417,1418,1415,
AddFace,1419,1420,1421,
AddFace,1421,1422,1419,
AddFace,1423,1424,1425,
AddFace,1425,1426,1423,
AddFace,1427,1428,1429,
AddFace,1429,1430,1427,
AddFace,1431,1432,1433,
AddFace,1433,1434,1431,
AddFace,1435,1436,1437,
AddFace,1437,1438,1435,
AddFace,1439,1440,1441,
AddFace,1441,1442,1439,
AddFace,1443,1444,1445,
AddFace,1445,1446,1443,
AddFace,1447,1448,1449,
AddFace,1449,1450,1447,
AddFace,1451,1452,1453,
AddFace,1453,1454,1451,
AddFace,1455,1456,1457,
AddFace,1457,1458,1455,
AddFace,1459,1460,1461,
AddFace,1461,1462,1459,
AddFace,1463,1464,1465,
AddFace,1465,1466,1463,
AddFace,1467,1468,1469,
AddFace,1469,1470,1467,
AddFace,1471,1472,1473,
AddFace,1473,1474,1471,
AddFace,1475,1476,1477,
AddFace,1477,1478,1475,
AddFace,1479,1480,1481,
AddFace,1481,1482,1479,
AddFace,1483,1484,1485,
AddFace,1485,1486,1483,
AddFace,1487,1488,1489,
AddFace,1489,1490,1487,
AddFace,1491,1492,1493,
AddFace,1493,1494,1491,
AddFace,1495,1496,1497,
AddFace,1497,1498,1495,
AddFace,1499,1500,1501,
AddFace,1501,1502,1499,
AddFace,1503,1504,1505,
AddFace,1505,1506,1503,
AddFace,1507,1508,1509,
AddFace,1509,1510,1507,
AddFace,1511,1512,1513,
AddFace,1513,1514,1511,
AddFace,1515,1516,1517,
AddFace,1517,1518,1515,
AddFace,1519,1520,1521,
AddFace,1521,1522,1519,
AddFace,1523,1524,1525,
AddFace,1525,1526,1523,
AddFace,1527,1528,1529,
AddFace,1527,1529,1530,
AddFace,1527,1530,1531,
AddFace,1531,1532,1527,
AddFace,1533,1534,1535,
AddFace,1535,1536,1533,
AddFace,528,1537,529,
AddFace,1538,529,1537,
AddFace,1537,1539,1538,
AddFace,1540,1541,1542,
AddFace,1542,1543,1540,
AddFace,533,1544,488,
AddFace,1534,1545,1546,
AddFace,1534,1546,1535,
AddFace,1528,1547,1529,
AddFace,1548,1549,1550,
AddFace,1550,1551,1548,
AddFace,1552,1553,1554,
AddFace,1554,1555,1552,
AddFace,1556,1557,1558,
AddFace,1558,1559,1556,
AddFace,1560,1561,1562,
AddFace,1562,1563,1560,
AddFace,1564,1565,1566,
AddFace,1566,1567,1564,
AddFace,1568,1569,1570,
AddFace,1570,1571,1568,
AddFace,1572,1573,1574,
AddFace,1574,1575,1572,
AddFace,1576,1577,1578,
AddFace,1578,1579,1576,
AddFace,1580,1581,1582,
AddFace,1582,1583,1580,
AddFace,1584,1585,1586,
AddFace,1586,1587,1584,
AddFace,1588,1589,1590,
AddFace,1590,1591,1588,
AddFace,1592,1593,1594,
AddFace,1594,1595,1592,
AddFace,1596,1597,1598,
AddFace,1598,1599,1596,
AddFace,1600,1601,1602,
AddFace,1602,1603,1600,
AddFace,1604,1605,1606,
AddFace,1606,1607,1604,
AddFace,1608,1609,1610,
AddFace,1610,1611,1608,
AddFace,1612,1613,1614,
AddFace,1614,1615,1612,
AddFace,1616,1617,1618,
AddFace,1618,1619,1616,
AddFace,1620,1621,1622,
AddFace,1622,1623,1620,
AddFace,1624,1625,1626,
AddFace,1626,1627,1624,
AddFace,1626,1628,1627,
AddFace,1629,1630,1631,
AddFace,1631,1632,1629,
AddFace,1617,1633,1618,
AddFace,1633,1634,1618,
AddFace,1635,1636,1637,
AddFace,1637,1638,1635,
AddFace,1639,1640,1641,
AddFace,1641,1642,1639,
AddFace,1628,1626,1643,
AddFace,1644,1645,1646,
AddFace,1646,1647,1644,
AddFace,1648,1649,1650,
AddFace,1648,1650,1651,
AddFace,1648,1651,1652,
AddFace,1652,1653,1648,
AddFace,1654,1655,1656,
AddFace,1656,1657,1654,
AddFace,1658,1659,1660,
AddFace,1660,1661,1658,
AddFace,1661,1662,1658,
AddFace,1662,1663,1658,
AddFace,1664,1665,1666,
AddFace,1666,1667,1664,
AddFace,1668,1669,1670,
AddFace,1670,1671,1668,
AddFace,1672,1673,1674,
AddFace,1674,1675,1672,
AddFace,1676,1677,1678,
AddFace,1678,1679,1676,
AddFace,481,478,482,
AddFace,481,1680,478,
AddFace,1680,479,478,
AddFace,1681,1682,1683,
AddFace,1683,1684,1681,
AddFace,1685,1686,1687,
AddFace,1687,1688,1685,
AddFace,1689,1690,1691,
AddFace,1691,1692,1689,
AddFace,1693,1694,1695,
AddFace,1695,1696,1693,
AddFace,1697,1698,1699,
AddFace,1699,1700,1697,
AddFace,1701,1702,1703,
AddFace,1703,1704,1701,
AddFace,1704,1705,1701,
AddFace,1704,1706,1705,
AddFace,1707,1708,1709,
AddFace,1710,1707,1709,
AddFace,1709,1711,1710,
AddFace,1712,1713,1714,
AddFace,1714,1715,1712,
AddFace,1716,1717,1718,
AddFace,1718,1719,1716,
AddFace,1720,1721,1722,
AddFace,1722,1723,1720,
AddFace,1724,1725,1726,
AddFace,1726,1727,1724,
AddFace,1728,1729,1730,
AddFace,1730,1731,1728,
AddFace,1732,1733,1734,
AddFace,1734,1735,1732,
AddFace,1736,1737,1738,
AddFace,1738,1739,1736,
AddFace,1740,1741,1742,
AddFace,1742,1743,1740,
AddFace,1744,1745,1746,
AddFace,1746,1747,1744,
AddFace,1748,1749,1750,
AddFace,1750,1751,1748,
AddFace,1752,1753,1754,
AddFace,1754,1755,1752,
AddFace,1756,1757,1758,
AddFace,1758,1759,1756,
AddFace,1760,1761,1762,
AddFace,1762,1763,1760,
AddFace,1764,1765,1766,
AddFace,1766,1767,1764,
AddFace,1768,1769,1770,
AddFace,1770,1771,1768,
AddFace,1772,1773,1774,
AddFace,1774,1775,1772,
AddFace,1776,1777,1778,
AddFace,1778,1779,1776,
AddFace,1780,1781,1782,
AddFace,1782,1783,1780,
AddFace,1784,1785,1786,
AddFace,1786,1787,1784,
AddFace,1788,1789,1790,
AddFace,1790,1791,1788,
AddFace,1704,1792,1706,
AddFace,1792,1793,1706,
AddFace,1793,1794,1706,
AddFace,1794,1795,1706,
AddFace,1795,1796,1706,
AddFace,1797,1798,1799,
AddFace,1799,1800,1797,
AddFace,1801,1802,1803,
AddFace,1803,1804,1801,
AddFace,1805,1806,1807,
AddFace,1807,1808,1805,
AddFace,1809,1810,1811,
AddFace,1811,1812,1809,
AddFace,1810,1813,1811,
AddFace,1810,1814,1813,
AddFace,1708,1815,1709,
AddFace,1722,1816,1817,
AddFace,1722,1817,1818,
AddFace,1722,1818,1819,
AddFace,1722,1819,1820,
AddFace,1722,1820,1821,
AddFace,1722,1821,1723,
AddFace,1816,1822,1817,
AddFace,1069,1056,1055,
AddFace,1823,1824,1825,
AddFace,1825,1826,1823,
AddFace,1827,1828,1829,
AddFace,1829,1830,1827,
AddFace,1831,1832,1833,
AddFace,1833,1834,1831,
AddFace,1835,1836,1837,
AddFace,1837,1838,1835,
AddFace,1839,1840,1841,
AddFace,1841,1842,1839,
AddFace,1843,1844,1845,
AddFace,1845,1846,1843,
AddFace,1847,1848,1849,
AddFace,1850,1847,1849,
AddFace,1850,1849,1851,
AddFace,1852,1850,1851,
AddFace,1851,1853,1852,
AddFace,1851,1829,1853,
AddFace,1829,1854,1853,
AddFace,1855,1856,1857,
AddFace,1857,1858,1855,
AddFace,1859,1068,1067,
AddFace,1067,1057,1859,
AddFace,1056,1859,1057,
AddFace,1860,1861,1862,
AddFace,1862,1863,1860,
AddFace,1864,1865,1866,
AddFace,1866,1867,1864,
AddFace,1868,1869,1850,
AddFace,1847,1850,1869,
AddFace,1847,1869,1828,
AddFace,1870,1847,1828,
AddFace,1827,1870,1828,
AddFace,1871,1872,1873,
AddFace,1873,1874,1871,
AddFace,1875,1876,1877,
AddFace,1877,1878,1875,
AddFace,1851,1830,1829,
AddFace,1879,1880,1881,
AddFace,1881,1882,1879,
AddFace,1883,1884,1885,
AddFace,1885,1886,1883,
AddFace,1887,1888,1889,
AddFace,1889,1890,1887,
AddFace,461,470,1891,
AddFace,461,1891,1892,
AddFace,461,1892,462,
AddFace,1893,1894,1895,
AddFace,1895,1896,1893,
AddFace,1897,1898,1899,
AddFace,1899,1900,1897,
AddFace,1901,1902,1903,
AddFace,1903,1904,1901,
AddFace,1905,1906,1891,
AddFace,1907,1905,1891,
AddFace,1907,1891,1908,
AddFace,1907,1908,1909,
AddFace,1910,1907,1909,
AddFace,1909,464,1910,
AddFace,463,1910,464,
AddFace,1911,1912,1913,
AddFace,1913,1914,1911,
AddFace,1915,1916,1917,
AddFace,1917,1918,1915,
AddFace,1919,1920,1921,
AddFace,1921,1922,1919,
AddFace,1923,1924,1925,
AddFace,1925,1926,1923,
AddFace,1927,1928,1929,
AddFace,1929,1930,1927,
AddFace,1931,1932,1933,
AddFace,1933,1934,1931,
AddFace,1935,1936,1937,
AddFace,1937,1938,1935,
AddFace,1939,1940,1941,
AddFace,1941,1942,1939,
AddFace,1943,1944,1945,
AddFace,1945,1946,1943,
AddFace,1947,1948,1949,
AddFace,1949,1950,1947,
AddFace,1951,1952,1953,
AddFace,1953,1954,1951,
AddFace,1955,1956,1957,
AddFace,1957,1958,1955,
AddFace,1959,1960,1961,
AddFace,1961,1962,1959,
AddFace,1963,1964,1965,
AddFace,1965,1966,1963,
AddFace,1967,1968,1969,
AddFace,1969,1970,1967,
AddFace,1971,1972,1973,
AddFace,1973,1974,1971,
AddFace,1975,1976,1977,
AddFace,1977,1978,1975,
AddFace,1979,1980,1981,
AddFace,1981,1982,1979,
AddFace,1983,1984,1985,
AddFace,1985,1986,1983,
AddFace,1987,1988,1989,
AddFace,1989,1990,1987,
AddFace,1991,1992,1993,
AddFace,1993,1994,1991,
AddFace,1995,1996,1997,
AddFace,1997,1998,1995,
AddFace,1999,2000,2001,
AddFace,2001,2002,1999,
AddFace,2003,2004,2005,
AddFace,2005,2006,2003,
AddFace,2007,2008,2009,
AddFace,2009,2010,2007,
AddFace,2011,2012,2013,
AddFace,2013,2014,2011,
AddFace,2015,2016,2017,
AddFace,2017,2018,2015,
AddFace,2019,2020,2021,
AddFace,2021,2022,2019,
AddFace,462,2023,463,
AddFace,462,1905,2023,
AddFace,1907,2023,1905,
AddFace,2024,2025,2026,
AddFace,2026,2027,2024,
AddFace,2028,2029,2030,
AddFace,2030,2031,2028,
AddFace,2032,2033,2034,
AddFace,2034,2035,2032,
AddFace,2036,2037,2038,
AddFace,2038,2039,2036,
AddFace,2040,2041,2042,
AddFace,2042,2043,2040,
AddFace,466,2044,470,
AddFace,2044,2045,470,
AddFace,2045,2046,470,
AddFace,2046,2047,470,
AddFace,2047,2048,470,
AddFace,2048,2049,470,
AddFace,2049,2050,470,
AddFace,2050,1891,470,
AddFace,2051,2052,2053,
AddFace,2053,2054,2051,
AddFace,2055,2056,2057,
AddFace,2057,2058,2055,
AddFace,2059,2060,2061,
AddFace,2061,2062,2059,
AddFace,2063,2064,2065,
AddFace,2065,2066,2063,
AddFace,2067,2050,2068,
AddFace,2068,2069,2067,
AddFace,2070,2067,2069,
AddFace,2044,2070,2069,
AddFace,2044,2069,2045,
AddFace,2071,2045,2069,
AddFace,2069,2048,2071,
AddFace,2048,2047,2071,
AddFace,2072,2073,2074,
AddFace,2074,2075,2072,
AddFace,2076,2077,2078,
AddFace,2078,2079,2076,
AddFace,2080,2081,2082,
AddFace,2082,2083,2080,
AddFace,2084,2085,2086,
AddFace,2086,2087,2084,
AddFace,2088,2089,2090,
AddFace,2090,2091,2088,
AddFace,2092,2093,2094,
AddFace,2094,2095,2092,
AddFace,2096,2097,2098,
AddFace,2098,2099,2096,
AddFace,2099,2100,2096,
AddFace,2100,2101,2096,
AddFace,2101,2102,2096,
AddFace,2102,2103,2096,
AddFace,2103,2104,2096,
AddFace,2105,2106,2107,
AddFace,2107,2108,2105,
AddFace,2092,2109,2093,
AddFace,2110,2111,2112,
AddFace,2112,2113,2110,
AddFace,2114,2115,2116,
AddFace,2116,2117,2114,
AddFace,2118,2119,2120,
AddFace,2120,2121,2118,
AddFace,2121,2122,2118,
AddFace,2122,2123,2118,
AddFace,2123,2124,2118,
AddFace,2124,2125,2118,
AddFace,2118,2125,2126,
AddFace,2127,2118,2126,
AddFace,2126,2128,2127,
AddFace,2128,2129,2127,
AddFace,2129,2130,2127,
AddFace,2130,2131,2127,
AddFace,2131,2132,2127,
AddFace,2132,2133,2127,
AddFace,2134,2135,2136,
AddFace,2137,2134,2136,
AddFace,2136,2138,2137,
AddFace,2139,2140,2141,
AddFace,2141,2142,2139,
AddFace,2143,2144,2145,
AddFace,2145,2146,2143,
AddFace,2050,2049,2068,
AddFace,2147,2148,2149,
AddFace,2149,2150,2147,
AddFace,2097,2151,2152,
AddFace,2097,2152,2153,
AddFace,2097,2153,2154,
AddFace,2097,2154,2155,
AddFace,2097,2155,2156,
AddFace,2097,2156,2157,
AddFace,2097,2157,2098,
AddFace,2103,2158,2104,
AddFace,2104,2158,2159,
AddFace,2159,2160,2104,
AddFace,2160,2161,2104,
AddFace,2161,2162,2104,
AddFace,2162,2163,2104,
AddFace,2163,2151,2104,
AddFace,2164,2165,2166,
AddFace,2166,2167,2164,
AddFace,2164,2167,2168,
AddFace,2163,2169,2151,
AddFace,2169,2170,2151,
AddFace,2170,2171,2151,
AddFace,2171,2172,2151,
AddFace,2172,2173,2151,
AddFace,2173,2174,2151,
AddFace,2174,2152,2151,
AddFace,2088,2175,2089,
AddFace,2119,2133,2176,
AddFace,2119,2176,2177,
AddFace,2119,2177,2178,
AddFace,2119,2178,2179,
AddFace,2119,2179,2180,
AddFace,2119,2180,2181,
AddFace,2119,2181,2182,
AddFace,2119,2182,2120,
AddFace,2132,2183,2133,
AddFace,2183,2184,2133,
AddFace,2184,2185,2133,
AddFace,2185,2186,2133,
AddFace,2186,2187,2133,
AddFace,2187,2176,2133,
AddFace,2188,2189,2190,
AddFace,2190,2191,2188,
AddFace,2192,2193,2194,
AddFace,2194,2195,2192,
AddFace,2196,2197,2198,
AddFace,2199,2196,2198,
AddFace,2198,2200,2199,
AddFace,2201,2202,2203,
AddFace,2201,2203,2204,
AddFace,2201,2204,2205,
AddFace,2206,2201,2205,
AddFace,2205,2207,2206,
AddFace,2208,2206,2207,
AddFace,2207,2209,2208,
AddFace,2207,2210,2209,
AddFace,2210,2211,2209,
AddFace,2211,2203,2209,
AddFace,2212,2209,2203,
AddFace,2202,2212,2203,
AddFace,2213,2214,2215,
AddFace,2215,2216,2213,
AddFace,2217,2218,2219,
AddFace,2219,2220,2217,
AddFace,2221,2222,2223,
AddFace,2223,2224,2221,
AddFace,2225,2226,2227,
AddFace,2227,2228,2225,
AddFace,2229,2230,2231,
AddFace,2231,2232,2229,
AddFace,2233,2234,2235,
AddFace,2235,2236,2233,
AddFace,2237,2238,2239,
AddFace,2239,2240,2237,
AddFace,2241,2242,2243,
AddFace,2243,2244,2241,
AddFace,2245,2246,2247,
AddFace,2247,2248,2245,
AddFace,2249,2250,2251,
AddFace,2251,2252,2249,
AddFace,2253,2254,2255,
AddFace,2255,2256,2253,
AddFace,2257,2258,2259,
AddFace,2259,2260,2257,
AddFace,2261,2262,2263,
AddFace,2263,2264,2261,
AddFace,2265,2266,2267,
AddFace,2267,2268,2265,
AddFace,2269,2270,2271,
AddFace,2271,2272,2269,
AddFace,2273,2274,2275,
AddFace,2275,2276,2273,
AddFace,2277,2278,2279,
AddFace,2279,2280,2277,
AddFace,2281,2282,2283,
AddFace,2283,2284,2281,
AddFace,2285,2286,2287,
AddFace,2287,2288,2285,
AddFace,2289,2290,2291,
AddFace,2291,2292,2289,
AddFace,2293,2294,2295,
AddFace,2295,2296,2293,
AddFace,2297,2298,2299,
AddFace,2299,2300,2297,
AddFace,2301,2302,2303,
AddFace,2303,2304,2301,
AddFace,2305,2306,2307,
AddFace,2307,2308,2305,
AddFace,2309,2310,2311,
AddFace,2311,2312,2309,
AddFace,2313,2314,2315,
AddFace,2315,2316,2313,
AddFace,2317,2318,2319,
AddFace,2319,2320,2317,
AddFace,2321,2322,2323,
AddFace,2323,2324,2321,
AddFace,2325,2326,2327,
AddFace,2327,2328,2325,
AddFace,2329,2330,2331,
AddFace,2331,2332,2329,
AddFace,2333,2334,2335,
AddFace,2335,2336,2333,
AddFace,2337,2338,2339,
AddFace,2339,2340,2337,
AddFace,2341,2342,2343,
AddFace,2343,2344,2341,
AddFace,2345,2346,2347,
AddFace,2347,2348,2345,
AddFace,2349,2350,2351,
AddFace,2351,2352,2349,
AddFace,2353,2354,2355,
AddFace,2355,2356,2353,
AddFace,2357,2358,2359,
AddFace,2359,2360,2357,
AddFace,2361,2362,2363,
AddFace,2363,2364,2361,
AddFace,2365,2366,2367,
AddFace,2367,2368,2365,
AddFace,2369,2370,2371,
AddFace,2371,2372,2369,
AddFace,2373,2374,2375,
AddFace,2375,2376,2373,
AddFace,2377,2378,2379,
AddFace,2379,2380,2377,
AddFace,2381,2382,2383,
AddFace,2383,2384,2381,
AddFace,2385,2386,2387,
AddFace,2387,2388,2385,
AddFace,2389,2390,2391,
AddFace,2391,2392,2389,
AddFace,2393,2394,2395,
AddFace,2395,2396,2393,
AddFace,2397,2398,2399,
AddFace,2399,2400,2397,
AddFace,2401,2402,2403,
AddFace,2403,2404,2401,
AddFace,2405,2406,2407,
AddFace,2407,2408,2405,
AddFace,2409,2410,2411,
AddFace,2411,2412,2409,
AddFace,2413,2414,2415,
AddFace,2415,2416,2413,
AddFace,2417,2418,2419,
AddFace,2419,2420,2417,
AddFace,2421,2422,2423,
AddFace,2423,2424,2421,
AddFace,2425,2426,2427,
AddFace,2427,2428,2425,
AddFace,2429,2430,2431,
AddFace,2431,2432,2429,
AddFace,2433,2434,2435,
AddFace,2435,2436,2433,
AddFace,2437,2438,2439,
AddFace,2439,2440,2437,
AddFace,2441,2442,2443,
AddFace,2443,2444,2441,
AddFace,2445,2446,2447,
AddFace,2447,2448,2445,
AddFace,2449,2450,2451,
AddFace,2451,2452,2449,
AddFace,2453,2454,2455,
AddFace,2455,2456,2453,
AddFace,2457,2458,2459,
AddFace,2459,2460,2457,
AddFace,2461,2462,2463,
AddFace,2463,2464,2461,
AddFace,2465,2466,2467,
AddFace,2467,2468,2465,
AddFace,2469,2470,2471,
AddFace,2471,2472,2469,
AddFace,2473,2474,2475,
AddFace,2475,2476,2473,
AddFace,2477,2478,2479,
AddFace,2479,2480,2477,
AddFace,2481,2482,2483,
AddFace,2483,2484,2481,
AddFace,2485,2486,2487,
AddFace,2487,2488,2485,
AddFace,2489,2490,2491,
AddFace,2491,2492,2489,
AddFace,2493,2494,2495,
AddFace,2495,2496,2493,
AddFace,2497,2498,2499,
AddFace,2499,2500,2497,
AddFace,2501,2502,2503,
AddFace,2503,2504,2501,
AddFace,2505,2506,2507,
AddFace,2507,2508,2505,
AddFace,2509,2510,2511,
AddFace,2511,2512,2509,
AddFace,2513,2514,2515,
AddFace,2515,2516,2513,
AddFace,2517,2518,2519,
AddFace,2519,2520,2517,
AddFace,2521,2522,2523,
AddFace,2523,2524,2521,
AddFace,2525,2526,2527,
AddFace,2527,2528,2525,
AddFace,2529,2530,2531,
AddFace,2531,2532,2529,
AddFace,2533,2534,2535,
AddFace,2535,2536,2533,
AddFace,2537,2538,2539,
AddFace,2539,2540,2537,
AddFace,2541,2542,2543,
AddFace,2543,2544,2541,
AddFace,2545,2546,2547,
AddFace,2547,2548,2545,
AddFace,2549,2550,2551,
AddFace,2551,2552,2549,
AddFace,2553,2554,2555,
AddFace,2555,2556,2553,
AddFace,2557,2558,2559,
AddFace,2559,2560,2557,
AddFace,2561,2562,2563,
AddFace,2563,2564,2561,
AddFace,2565,2566,2567,
AddFace,2567,2568,2565,
AddFace,2569,2570,2571,
AddFace,2571,2572,2569,
AddFace,2573,2574,2575,
AddFace,2575,2576,2573,
AddFace,2577,2578,2579,
AddFace,2579,2580,2577,
AddFace,2581,2582,2583,
AddFace,2583,2584,2581,
AddFace,2585,2586,2587,
AddFace,2587,2588,2585,
AddFace,2589,2590,2591,
AddFace,2591,2592,2589,
AddFace,2593,2594,2595,
AddFace,2595,2596,2593,
AddFace,2597,2598,2599,
AddFace,2599,2600,2597,
AddFace,2601,2602,2603,
AddFace,2603,2604,2601,
AddFace,2605,2606,2607,
AddFace,2607,2608,2605,
AddFace,2609,2610,2611,
AddFace,2611,2612,2609,
AddFace,2613,2614,2615,
AddFace,2615,2616,2613,
AddFace,2617,2618,2619,
AddFace,2619,2620,2617,
AddFace,2621,2622,2623,
AddFace,2623,2624,2621,
AddFace,2625,2626,2627,
AddFace,2627,2628,2625,
AddFace,2629,2630,2631,
AddFace,2631,2632,2629,
AddFace,2633,2634,2635,
AddFace,2635,2636,2633,
AddFace,2637,2638,2639,
AddFace,2639,2640,2637,
AddFace,2641,2642,2643,
AddFace,2643,2644,2641,
AddFace,2645,2646,2647,
AddFace,2647,2648,2645,
AddFace,2649,2650,2651,
AddFace,2651,2652,2649,
AddFace,2653,2654,2655,
AddFace,2655,2656,2653,
AddFace,2657,2658,2659,
AddFace,2659,2660,2657,
AddFace,2661,2662,2663,
AddFace,2663,2664,2661,
AddFace,2665,2666,2667,
AddFace,2667,2668,2665,
AddFace,2669,2670,2671,
AddFace,2671,2672,2669,
AddFace,2673,2674,2675,
AddFace,2675,2676,2673,
AddFace,2677,2678,2679,
AddFace,2679,2680,2677,
AddFace,2681,2682,2683,
AddFace,2683,2684,2681,
AddFace,2685,2686,2687,
AddFace,2687,2688,2685,
AddFace,2689,2690,2691,
AddFace,2691,2692,2689,
AddFace,2693,2694,2695,
AddFace,2695,2696,2693,
AddFace,2697,2698,2699,
AddFace,2699,2700,2697,
AddFace,2701,2702,2703,
AddFace,2703,2704,2701,
AddFace,2705,2706,2707,
AddFace,2707,2708,2705,
AddFace,2709,2710,2711,
AddFace,2711,2712,2709,
AddFace,2713,2714,2715,
AddFace,2715,2716,2713,
AddFace,2717,2718,2719,
AddFace,2719,2720,2717,
AddFace,2721,2722,2723,
AddFace,2723,2724,2721,
AddFace,2725,2726,2727,
AddFace,2727,2728,2725,
AddFace,2729,2730,2731,
AddFace,2731,2732,2729,
AddFace,2070,2733,1909,
AddFace,1908,2070,1909,
AddFace,1908,2067,2070,
AddFace,2734,2735,2736,
AddFace,2736,2737,2734,
AddFace,2738,2739,2740,
AddFace,2740,2741,2738,
AddFace,2742,2743,2744,
AddFace,2744,2745,2742,
AddFace,2746,2747,2748,
AddFace,2748,2749,2746,
AddFace,2750,2751,2752,
AddFace,2752,2753,2750,
AddFace,2754,2755,2756,
AddFace,2756,2757,2754,
AddFace,2758,2759,2760,
AddFace,2760,2761,2758,
AddFace,2762,2763,2764,
AddFace,2764,2765,2762,
AddFace,2766,2767,2768,
AddFace,2768,2769,2766,
AddFace,2770,2771,2772,
AddFace,2772,2773,2770,
AddFace,2774,2775,2776,
AddFace,2776,2777,2774,
AddFace,2778,2779,2780,
AddFace,2780,2781,2778,
AddFace,2782,2783,2784,
AddFace,2784,2785,2782,
AddFace,2786,2787,2788,
AddFace,2788,2789,2786,
AddFace,2790,2791,2792,
AddFace,2792,2793,2790,
AddFace,2794,2795,2796,
AddFace,2796,2797,2794,
AddFace,2798,2799,2800,
AddFace,2800,2801,2798,
AddFace,2802,2803,2804,
AddFace,2804,2805,2802,
AddFace,2806,2807,2808,
AddFace,2808,2809,2806,
AddFace,2810,2811,2812,
AddFace,2812,2813,2810,
AddFace,2814,2815,2816,
AddFace,2816,2817,2814,
AddFace,2818,2819,2820,
AddFace,2820,2821,2818,
AddFace,2822,2823,2824,
AddFace,2824,2825,2822,
AddFace,2826,2827,2828,
AddFace,2828,2829,2826,
AddFace,2830,2831,2832,
AddFace,2832,2833,2830,
AddFace,2834,2835,2836,
AddFace,2836,2837,2834,
AddFace,2838,2839,2840,
AddFace,2840,2841,2838,
AddFace,2842,2843,2844,
AddFace,2844,2845,2842,
AddFace,2846,2847,2848,
AddFace,2848,2849,2846,
AddFace,2850,2851,2852,
AddFace,2852,2853,2850,
AddFace,2854,2855,2856,
AddFace,2856,2857,2854,
AddFace,2858,2859,2860,
AddFace,2860,2861,2858,
AddFace,2862,2863,2864,
AddFace,2864,2865,2862,
AddFace,2866,2867,2868,
AddFace,2868,2869,2866,
AddFace,2870,2871,2872,
AddFace,2872,2873,2870,
AddFace,2874,2875,2876,
AddFace,2876,2877,2874,
AddFace,2878,2879,2880,
AddFace,2880,2881,2878,
AddFace,2882,2883,2884,
AddFace,2884,2885,2882,
AddFace,2886,2887,2888,
AddFace,2888,2889,2886,
AddFace,2890,2891,2892,
AddFace,2892,2893,2890,
AddFace,2894,2895,2896,
AddFace,2896,2897,2894,
AddFace,2898,2899,2900,
AddFace,2900,2901,2898,
AddFace,2902,2903,2904,
AddFace,2904,2905,2902,
AddFace,2906,2907,2908,
AddFace,2908,2909,2906,
AddFace,2910,2911,2912,
AddFace,2912,2913,2910,
AddFace,2914,2915,2916,
AddFace,2916,2917,2914,
AddFace,2918,2919,2920,
AddFace,2920,2921,2918,
AddFace,2922,2923,2924,
AddFace,2924,2925,2922,
AddFace,2926,2927,2928,
AddFace,2928,2929,2926,
AddFace,2930,2931,2932,
AddFace,2932,2933,2930,
AddFace,2934,2935,2936,
AddFace,2936,2937,2934,
AddFace,2938,2939,2940,
AddFace,2940,2941,2938,
AddFace,2942,2943,2944,
AddFace,2944,2945,2942,
AddFace,2946,2947,2948,
AddFace,2948,2949,2946,
AddFace,2950,2951,2952,
AddFace,2952,2953,2950,
AddFace,2954,2955,2956,
AddFace,2956,2957,2954,
AddFace,2958,2959,2960,
AddFace,2960,2961,2958,
AddFace,2962,2963,2964,
AddFace,2964,2965,2962,
AddFace,2966,2967,2968,
AddFace,2968,2969,2966,
AddFace,2970,2971,2972,
AddFace,2972,2973,2970,
AddFace,2974,2975,2976,
AddFace,2976,2977,2974,
AddFace,2978,2979,2980,
AddFace,2980,2981,2978,
AddFace,2982,2983,2984,
AddFace,2984,2985,2982,
AddFace,2986,2987,2988,
AddFace,2988,2989,2986,
AddFace,2990,2991,2992,
AddFace,2992,2993,2990,
AddFace,2994,2995,2996,
AddFace,2996,2997,2994,
AddFace,2998,2999,3000,
AddFace,3000,3001,2998,
AddFace,3002,3003,3004,
AddFace,3004,3005,3002,
AddFace,3006,3007,3008,
AddFace,3008,3009,3006,
AddFace,3010,3011,3012,
AddFace,3012,3013,3010,
AddFace,3014,3015,3016,
AddFace,3016,3017,3014,
AddFace,3017,3018,3014,
AddFace,3019,3020,3021,
AddFace,3021,3022,3019,
AddFace,3023,3024,3025,
AddFace,3025,3026,3023,
AddFace,3027,3028,3029,
AddFace,3029,3030,3027,
AddFace,3030,3031,3027,
AddFace,3032,3033,3034,
AddFace,3034,3035,3032,
AddFace,3036,3037,3038,
AddFace,3038,3039,3036,
AddFace,464,3040,465,
AddFace,1906,1892,1891,
AddFace,3041,3042,3043,
AddFace,3043,3044,3041,
AddFace,3045,3046,3047,
AddFace,3045,3047,3048,
AddFace,3049,3045,3048,
AddFace,3048,3050,3049,
AddFace,3051,3049,3050,
AddFace,3050,3046,3051,
AddFace,3050,3052,3046,
AddFace,3052,3047,3046,
AddFace,3053,3054,3055,
AddFace,3055,3056,3053,
AddFace,3056,3057,3053,
AddFace,3058,3059,3060,
AddFace,3060,3061,3058,
AddFace,3062,3063,3064,
AddFace,3064,3065,3062,
AddFace,3066,3067,3068,
AddFace,3068,3069,3066,
AddFace,3070,3071,3072,
AddFace,3072,3073,3070,
AddFace,3073,3074,3070,
AddFace,3075,3076,3077,
AddFace,3077,3078,3075,
AddFace,3079,3080,3081,
AddFace,3081,3082,3079,
AddFace,3083,3084,3085,
AddFace,3085,3086,3083,
AddFace,3085,3087,3086,
AddFace,3085,3088,3087,
AddFace,3089,3090,3091,
AddFace,3091,3092,3089,
AddFace,3093,3094,3095,
AddFace,3095,3096,3093,
AddFace,3097,3098,3099,
AddFace,3099,3100,3097,
AddFace,3101,3102,3103,
AddFace,3103,3104,3101,
AddFace,3105,3106,3107,
AddFace,3107,3108,3105,
AddFace,3109,3110,3111,
AddFace,3111,3112,3109,
AddFace,3113,3114,3115,
AddFace,3115,3116,3113,
AddFace,3117,3118,3119,
AddFace,3120,3117,3119,
AddFace,3119,3121,3120,
AddFace,3122,3123,3124,
AddFace,3125,3122,3124,
AddFace,3124,3126,3125,
AddFace,3127,3128,3129,
AddFace,3129,3130,3127,
AddFace,3077,3131,3078,
AddFace,3131,3132,3078,
AddFace,3133,3134,3135,
AddFace,3135,3136,3133,
AddFace,3136,3137,3133,
AddFace,3137,3138,3133,
AddFace,3138,3139,3133,
AddFace,3139,3140,3133,
AddFace,3140,3141,3133,
AddFace,3141,3142,3133,
AddFace,3142,3143,3133,
AddFace,3144,3145,3146,
AddFace,3146,3147,3144,
AddFace,3148,3149,3150,
AddFace,3150,3151,3148,
AddFace,3152,3153,3154,
AddFace,3154,3155,3152,
AddFace,3156,3157,3158,
AddFace,3158,3159,3156,
AddFace,3160,3161,3162,
AddFace,3162,3163,3160,
AddFace,3164,3165,3166,
AddFace,3166,3167,3164,
AddFace,3168,3169,3170,
AddFace,3170,3171,3168,
AddFace,3172,3173,3174,
AddFace,3174,3175,3172,
AddFace,3176,3177,3178,
AddFace,3178,3179,3176,
AddFace,3180,3181,3182,
AddFace,3182,3183,3180,
AddFace,3085,3184,3185,
AddFace,3085,3185,3186,
AddFace,3085,3186,3187,
AddFace,3085,3187,3188,
AddFace,3085,3188,3088,
AddFace,3189,3190,3191,
AddFace,3191,3192,3189,
AddFace,3193,3194,3195,
AddFace,3196,3197,3198,
AddFace,511,3199,512,
AddFace,3200,3201,3202,
AddFace,3202,3203,3200,
GenerateNormals,
SetColor,30,30,30,255,

CreateMeshBuilder,
;Jeminie 3DS Converter
AddVertex,0.468334,3.045173,9.433279,
AddVertex,0.468334,2.917641,9.505574,
AddVertex,0.351251,2.919133,9.508207,
AddVertex,0.351251,3.478016,9.191392,
AddVertex,0.468334,3.348957,9.261072,
AddVertex,0.468334,3.475550,9.189310,
AddVertex,0.468334,3.348957,9.261072,
AddVertex,0.468334,3.475550,9.189310,
AddVertex,0.585105,3.468159,9.183069,
AddVertex,0.580956,3.341828,9.255054,
AddVertex,0.568045,2.913895,9.498791,
AddVertex,0.571487,2.828728,9.546762,
AddVertex,0.585105,2.828344,9.545763,
AddVertex,0.468334,2.190327,9.687891,
AddVertex,0.579302,2.190327,9.679268,
AddVertex,0.585105,2.190327,9.678817,
AddVertex,0.468334,1.974778,9.687891,
AddVertex,0.550000,1.974778,9.681545,
AddVertex,0.560000,1.974778,9.680768,
AddVertex,0.585105,1.974778,9.678817,
AddVertex,0.550000,1.210614,9.681545,
AddVertex,0.560000,1.210614,9.680768,
AddVertex,0.585105,1.210614,9.678817,
AddVertex,0.550000,1.160614,9.681545,
AddVertex,0.585105,1.160614,9.678817,
AddVertex,0.550000,1.160614,9.681545,
AddVertex,0.585105,1.160614,9.678817,
AddVertex,0.585105,1.160614,9.728817,
AddVertex,0.468334,1.160614,9.737891,
AddVertex,0.468334,1.160614,9.687891,
AddVertex,0.351251,1.160614,9.690918,
AddVertex,0.351251,1.160614,9.740918,
AddVertex,0.234167,1.160614,9.693946,
AddVertex,0.234167,1.160614,9.743945,
AddVertex,0.117084,1.160614,9.696973,
AddVertex,0.117084,1.160614,9.746973,
AddVertex,0.000000,1.160614,9.750000,
AddVertex,0.000000,1.160614,9.700000,
AddVertex,-0.117084,1.160614,9.696973,
AddVertex,-0.117084,1.160614,9.746973,
AddVertex,-0.234167,1.160614,9.743945,
AddVertex,-0.234167,1.160614,9.693946,
AddVertex,-0.351251,1.160614,9.740918,
AddVertex,-0.351251,1.160614,9.690918,
AddVertex,-0.468334,1.160614,9.687891,
AddVertex,-0.468334,1.160614,9.737891,
AddVertex,-0.594032,1.160614,9.678123,
AddVertex,-0.594032,1.160614,9.728124,
AddVertex,-0.719729,1.160614,9.668356,
AddVertex,-0.719729,1.160614,9.718356,
AddVertex,-0.827573,1.160614,9.659976,
AddVertex,-0.827573,1.160614,9.709976,
AddVertex,-0.935417,1.160614,9.651596,
AddVertex,-0.935417,1.160614,9.701595,
AddVertex,-1.051563,1.160614,9.636499,
AddVertex,-1.051563,1.160614,9.686500,
AddVertex,-1.167709,1.160614,9.621404,
AddVertex,-1.167709,1.160614,9.671404,
AddVertex,-1.255056,1.160614,9.594889,
AddVertex,-1.255056,1.160614,9.644889,
AddVertex,-1.328224,1.160614,9.540306,
AddVertex,-1.328224,1.160614,9.590306,
AddVertex,-1.378528,1.160614,9.464135,
AddVertex,-1.378528,1.160614,9.514134,
AddVertex,-1.400000,1.160614,9.375413,
AddVertex,-1.400000,1.160614,9.425412,
AddVertex,1.350000,1.160614,9.425412,
AddVertex,1.350000,1.160614,7.896943,
AddVertex,1.400000,1.160614,7.896943,
AddVertex,1.378528,1.160614,9.464135,
AddVertex,1.328224,1.160614,9.540306,
AddVertex,0.587174,1.210614,8.096943,
AddVertex,0.587174,1.210614,7.896943,
AddVertex,0.587174,3.705056,7.896943,
AddVertex,0.587174,3.705056,8.096943,
AddVertex,0.587174,3.705056,7.896943,
AddVertex,0.730980,3.684221,7.896943,
AddVertex,0.758399,3.666061,8.635274,
AddVertex,0.575744,3.706712,7.896943,
AddVertex,-1.350000,3.382399,8.578495,
AddVertex,-1.350000,3.382399,8.096943,
AddVertex,-1.328528,3.471121,8.096943,
AddVertex,-1.328528,3.471121,8.594056,
AddVertex,-1.350000,3.221014,9.024406,
AddVertex,-1.350000,3.382399,8.578495,
AddVertex,-1.328528,3.471121,8.594056,
AddVertex,-1.328528,3.293285,9.085424,
AddVertex,-1.328224,3.293285,9.122983,
AddVertex,-1.328224,2.778053,9.415054,
AddVertex,-1.378528,2.750396,9.343173,
AddVertex,-1.328224,3.355332,9.087811,
AddVertex,-1.378528,3.293285,9.035424,
AddVertex,-1.378528,3.293285,9.035424,
AddVertex,-1.378528,2.750396,9.343173,
AddVertex,-1.400000,2.718182,9.259449,
AddVertex,-1.400000,3.221014,8.974406,
AddVertex,-1.400000,2.196901,9.375413,
AddVertex,-1.400000,2.718182,9.259449,
AddVertex,-1.378528,2.750396,9.343173,
AddVertex,-1.378528,2.206650,9.464135,
AddVertex,-1.400000,2.196901,9.375413,
AddVertex,-1.378528,2.206650,9.464135,
AddVertex,-1.378528,1.160614,9.464135,
AddVertex,-1.400000,1.160614,9.375413,
AddVertex,-1.350000,1.160614,7.896943,
AddVertex,-1.400000,1.160614,7.896943,
AddVertex,-1.350000,1.160614,9.375413,
AddVertex,-1.350000,1.160614,9.425412,
AddVertex,-1.328224,1.160614,9.540306,
AddVertex,-1.378528,1.160614,9.464135,
AddVertex,-1.378528,2.206650,9.464135,
AddVertex,-1.328224,2.215021,9.540306,
AddVertex,-1.328224,1.926822,9.540306,
AddVertex,-1.350000,1.160614,9.375413,
AddVertex,-1.350000,1.160614,9.425412,
AddVertex,1.350000,1.160614,7.896943,
AddVertex,-1.350000,1.160614,7.896943,
AddVertex,-1.328224,1.160614,9.540306,
AddVertex,-1.255056,1.160614,9.594889,
AddVertex,-1.167709,1.160614,9.621404,
AddVertex,-1.051563,1.160614,9.636499,
AddVertex,-0.935417,1.160614,9.651596,
AddVertex,-0.827573,1.160614,9.659976,
AddVertex,-0.719729,1.160614,9.668356,
AddVertex,-0.594032,1.160614,9.678123,
AddVertex,-0.468334,1.160614,9.687891,
AddVertex,-0.351251,1.160614,9.690918,
AddVertex,-0.234167,1.160614,9.693946,
AddVertex,-0.117084,1.160614,9.696973,
AddVertex,0.000000,1.160614,9.700000,
AddVertex,0.117084,1.160614,9.696973,
AddVertex,0.234167,1.160614,9.693946,
AddVertex,0.351251,1.160614,9.690918,
AddVertex,0.569610,1.160614,9.479418,
AddVertex,0.680756,1.160614,9.470781,
AddVertex,0.696250,1.160614,9.670180,
AddVertex,0.818646,1.160614,9.660669,
AddVertex,0.935417,1.160614,9.651596,
AddVertex,1.051563,1.160614,9.636499,
AddVertex,1.167709,1.160614,9.621404,
AddVertex,1.255056,1.160614,9.594889,
AddVertex,1.328224,1.160614,9.540306,
AddVertex,1.350000,1.160614,9.425412,
AddVertex,1.328224,1.210614,9.540306,
AddVertex,1.328224,1.160614,9.540306,
AddVertex,1.255056,1.160614,9.594889,
AddVertex,1.255056,1.210614,9.594889,
AddVertex,1.328224,2.215021,9.540306,
AddVertex,1.255056,2.221018,9.594889,
AddVertex,1.328224,2.778053,9.415054,
AddVertex,1.328224,2.215021,9.540306,
AddVertex,1.255056,2.221018,9.594889,
AddVertex,1.255056,2.797871,9.466562,
AddVertex,1.255056,3.372654,9.140733,
AddVertex,1.328224,2.778053,9.415054,
AddVertex,1.255056,2.797871,9.466562,
AddVertex,1.255056,3.372654,9.140733,
AddVertex,1.255056,2.797871,9.466562,
AddVertex,1.167709,2.807498,9.491584,
AddVertex,1.167709,3.421391,9.143584,
AddVertex,1.255056,3.399793,9.125349,
AddVertex,1.278224,3.358576,9.128847,
AddVertex,1.255056,3.399793,9.125349,
AddVertex,1.328224,3.355332,9.087811,
AddVertex,1.328224,3.320825,9.107371,
AddVertex,1.328224,3.319383,9.108189,
AddVertex,1.328224,3.301984,9.118052,
AddVertex,1.328224,3.293285,9.122983,
AddVertex,1.378528,2.750396,9.343173,
AddVertex,1.328224,3.319383,9.108189,
AddVertex,1.328224,3.320825,9.107371,
AddVertex,1.328224,3.355332,9.087811,
AddVertex,1.378528,3.293285,9.035424,
AddVertex,1.400000,2.718182,9.259449,
AddVertex,1.378528,2.750396,9.343173,
AddVertex,1.378528,3.293285,9.035424,
AddVertex,1.400000,3.221014,8.974406,
AddVertex,1.378528,2.750396,9.343173,
AddVertex,1.400000,2.718182,9.259449,
AddVertex,1.400000,2.196901,9.375413,
AddVertex,1.378528,2.206650,9.464135,
AddVertex,1.328224,2.778053,9.415054,
AddVertex,1.378528,2.750396,9.343173,
AddVertex,1.378528,2.206650,9.464135,
AddVertex,1.328224,2.215021,9.540306,
AddVertex,1.350000,3.221014,9.024406,
AddVertex,1.328528,3.293285,9.085424,
AddVertex,1.328528,3.471121,8.594056,
AddVertex,1.350000,3.382399,8.578495,
AddVertex,1.400000,1.160614,9.375413,
AddVertex,1.400000,1.160614,9.375413,
AddVertex,1.378528,1.160614,9.464135,
AddVertex,1.378528,2.206650,9.464135,
AddVertex,1.400000,2.196901,9.375413,
AddVertex,1.328224,2.215021,9.540306,
AddVertex,1.378528,2.206650,9.464135,
AddVertex,1.378528,1.160614,9.464135,
AddVertex,1.328224,1.160614,9.540306,
AddVertex,1.328224,1.210614,9.540306,
AddVertex,1.328224,1.160614,9.590306,
AddVertex,1.255056,1.160614,9.594889,
AddVertex,1.255056,1.160614,9.644889,
AddVertex,1.167709,1.160614,9.621404,
AddVertex,1.167709,1.160614,9.671404,
AddVertex,1.051563,1.160614,9.686500,
AddVertex,1.051563,1.160614,9.636499,
AddVertex,0.935417,1.160614,9.651596,
AddVertex,0.935417,1.160614,9.701595,
AddVertex,0.818646,1.160614,9.710670,
AddVertex,0.818646,1.160614,9.660669,
AddVertex,0.701876,1.160614,9.719744,
AddVertex,0.696250,1.160614,9.670180,
AddVertex,-1.400000,2.196901,9.425412,
AddVertex,-1.378528,2.206650,9.514134,
AddVertex,-1.378528,2.750396,9.393173,
AddVertex,-1.400000,2.718182,9.309449,
AddVertex,-1.350005,1.974778,9.425387,
AddVertex,-1.350001,1.974778,9.336844,
AddVertex,-1.350000,2.196901,9.425412,
AddVertex,-1.349999,1.974866,9.425412,
AddVertex,-1.350000,1.974778,9.425412,
AddVertex,0.585105,1.210614,9.678817,
AddVertex,0.569610,1.210614,9.479418,
AddVertex,0.560000,1.210614,9.479418,
AddVertex,0.560000,1.210614,9.680768,
AddVertex,-1.167709,2.268884,9.611403,
AddVertex,-1.167721,2.271606,9.610794,
AddVertex,-1.051563,2.271606,9.626264,
AddVertex,-1.051563,2.225591,9.636499,
AddVertex,-1.167709,2.223932,9.621404,
AddVertex,-1.255056,2.265970,9.584888,
AddVertex,-1.167709,2.268884,9.611403,
AddVertex,-1.167709,2.223932,9.621404,
AddVertex,-1.255056,2.221018,9.594889,
AddVertex,-1.328224,2.271606,9.527719,
AddVertex,-1.255056,2.265970,9.584888,
AddVertex,-1.255056,2.221018,9.594889,
AddVertex,-1.328224,2.215021,9.540306,
AddVertex,-1.328224,2.271606,9.527719,
AddVertex,-1.328224,2.215021,9.540306,
AddVertex,-1.378528,2.206650,9.464135,
AddVertex,-1.328224,2.778053,9.415054,
AddVertex,-1.378528,2.750396,9.343173,
AddVertex,-1.328224,2.778053,9.415054,
AddVertex,-1.255056,2.797871,9.466562,
AddVertex,-1.255056,2.271606,9.583634,
AddVertex,-1.255056,2.271606,9.583634,
AddVertex,-1.167721,2.271606,9.610794,
AddVertex,-1.167709,2.807498,9.491584,
AddVertex,-1.255056,2.797871,9.466562,
AddVertex,-1.167709,2.807498,9.491584,
AddVertex,-1.255056,2.797871,9.466562,
AddVertex,-1.255056,3.372654,9.140733,
AddVertex,-1.167709,3.306936,9.208467,
AddVertex,-1.051563,2.812979,9.505830,
AddVertex,-1.167709,2.807498,9.491584,
AddVertex,-1.167709,3.306936,9.208467,
AddVertex,-1.051563,3.314380,9.221599,
AddVertex,-1.025027,2.814232,9.509085,
AddVertex,-1.027400,2.893846,9.463598,
AddVertex,-0.234167,2.920626,9.510841,
AddVertex,-0.351251,2.919133,9.508207,
AddVertex,-0.351251,3.478016,9.191392,
AddVertex,-0.234167,3.480482,9.193474,
AddVertex,-0.117084,2.922119,9.513474,
AddVertex,-0.117084,3.482948,9.195556,
AddVertex,0.000000,2.923612,9.516109,
AddVertex,0.000000,3.055435,9.441381,
AddVertex,0.000000,2.923612,9.516109,
AddVertex,0.000000,3.055435,9.441381,
AddVertex,0.117084,3.014720,9.460981,
AddVertex,0.117084,2.922119,9.513474,
AddVertex,-1.378528,2.206650,9.514134,
AddVertex,-1.328224,2.215021,9.590306,
AddVertex,-1.328224,2.778053,9.465055,
AddVertex,-1.378528,2.750396,9.393173,
AddVertex,-1.328528,3.471121,8.594056,
AddVertex,-1.328528,3.471121,8.096943,
AddVertex,-1.278224,3.547293,8.096943,
AddVertex,-1.278224,3.547293,8.607416,
AddVertex,-1.328528,3.293285,9.085424,
AddVertex,-1.328528,3.471121,8.594056,
AddVertex,-1.278224,3.547293,8.607416,
AddVertex,-1.278224,3.358576,9.128847,
AddVertex,-1.255056,3.372654,9.140733,
AddVertex,-1.278224,3.358576,9.128847,
AddVertex,-1.278224,3.547293,8.607416,
AddVertex,-1.205056,3.601875,8.616989,
AddVertex,-1.205056,3.601875,8.616989,
AddVertex,-1.278224,3.547293,8.607416,
AddVertex,-1.278224,3.547293,8.096943,
AddVertex,-1.205056,3.601875,8.096943,
AddVertex,-1.117708,3.628390,8.621640,
AddVertex,-1.205056,3.601875,8.616989,
AddVertex,-1.205056,3.601875,8.096943,
AddVertex,-1.117708,3.628390,8.096943,
AddVertex,-1.030022,3.639107,8.625519,
AddVertex,-1.117708,3.628390,8.621640,
AddVertex,-1.117708,3.628390,8.096943,
AddVertex,-1.030022,3.639107,8.096943,
AddVertex,-1.001563,3.642585,8.626778,
AddVertex,-1.001563,3.642585,8.096943,
AddVertex,-0.885417,3.656780,8.631915,
AddVertex,-0.885417,3.656780,8.096943,
AddVertex,-0.822066,3.668036,8.096943,
AddVertex,-0.885417,3.656780,8.631915,
AddVertex,-0.885417,3.656780,8.096943,
AddVertex,-0.885417,3.656780,7.896943,
AddVertex,-0.798382,3.672245,7.896943,
AddVertex,-0.822066,3.668036,8.096943,
AddVertex,-0.798382,3.672245,7.896943,
AddVertex,-0.768646,3.665312,8.635003,
AddVertex,-0.885417,3.656780,8.631915,
AddVertex,-0.885417,3.445985,9.214349,
AddVertex,-0.885417,3.656780,8.631915,
AddVertex,-0.768646,3.665312,8.635003,
AddVertex,-0.777573,3.452811,9.220112,
AddVertex,-0.669729,3.459637,9.225875,
AddVertex,-0.651876,3.673844,8.638091,
AddVertex,-0.544032,3.467594,9.232593,
AddVertex,-0.535105,3.682376,8.641179,
AddVertex,-0.418334,3.475550,9.239310,
AddVertex,-0.418334,3.690908,8.644267,
AddVertex,-0.418334,3.475550,9.239310,
AddVertex,-0.418334,3.690908,8.644267,
AddVertex,-0.301251,3.693755,8.645297,
AddVertex,-0.301251,3.478016,9.241392,
AddVertex,-0.184167,3.480482,9.243474,
AddVertex,-0.263513,3.694673,8.645629,
AddVertex,-0.185134,3.696578,8.646319,
AddVertex,-0.184167,3.480482,9.243474,
AddVertex,-0.185134,3.696578,8.646319,
AddVertex,-0.107327,3.698484,8.647009,
AddVertex,-0.067084,3.482948,9.245556,
AddVertex,-0.106756,3.698484,8.647009,
AddVertex,-0.067654,3.699448,8.647358,
AddVertex,-0.067084,3.699448,8.647358,
AddVertex,0.000000,3.484361,9.246749,
AddVertex,-0.067084,3.482948,9.245556,
AddVertex,-0.067084,3.699448,8.647358,
AddVertex,-0.000285,3.701086,8.647950,
AddVertex,-0.000208,3.701084,8.647950,
AddVertex,-0.000285,3.701086,8.647950,
AddVertex,0.000000,3.484361,9.246749,
AddVertex,-0.025000,3.484887,9.247193,
AddVertex,-0.025000,3.701687,8.648168,
AddVertex,-0.025279,3.739167,8.015170,
AddVertex,-0.024994,3.739079,8.016535,
AddVertex,-0.025000,3.701687,8.648168,
AddVertex,-0.025285,3.701694,8.648170,
AddVertex,-0.050000,3.702295,8.648388,
AddVertex,-0.050000,3.746780,7.896943,
AddVertex,-0.025279,3.739167,8.015170,
AddVertex,-0.050000,3.746780,7.896943,
AddVertex,-0.025000,3.746380,7.896943,
AddVertex,-0.024994,3.739079,8.016535,
AddVertex,-0.351251,2.919133,9.558208,
AddVertex,-0.351251,3.478016,9.241392,
AddVertex,-0.468334,3.475550,9.239310,
AddVertex,-0.468334,2.917641,9.555574,
AddVertex,-0.609125,3.698236,7.896943,
AddVertex,-0.651876,3.673844,8.638091,
AddVertex,-0.798382,3.672245,7.896943,
AddVertex,1.400000,1.160614,9.425412,
AddVertex,1.378528,1.160614,9.514134,
AddVertex,0.468334,2.917641,9.505574,
AddVertex,0.559004,2.913962,9.499560,
AddVertex,-0.025285,3.701694,8.648170,
AddVertex,-0.050000,3.702295,8.648388,
AddVertex,-0.050000,3.485414,9.247638,
AddVertex,-0.000285,3.701086,8.647950,
AddVertex,-0.000273,3.731467,8.134762,
AddVertex,-0.000208,3.701084,8.647950,
AddVertex,-0.000273,3.731467,8.134762,
AddVertex,-0.000285,3.701086,8.647950,
AddVertex,-0.067084,3.699448,8.647358,
AddVertex,-0.067654,3.699448,8.647358,
AddVertex,-0.106756,3.698484,8.647009,
AddVertex,-0.106757,3.698655,8.644279,
AddVertex,0.000000,3.745981,7.896943,
AddVertex,-0.106756,3.698484,8.647009,
AddVertex,-0.106757,3.698655,8.644279,
AddVertex,-0.106836,3.744272,7.896943,
AddVertex,-0.468334,2.917641,9.555574,
AddVertex,-0.468334,3.475550,9.239310,
AddVertex,-0.594032,3.467594,9.232593,
AddVertex,-0.594032,2.912824,9.547077,
AddVertex,-0.514497,3.711232,7.896943,
AddVertex,-0.514497,3.711232,7.896943,
AddVertex,-0.535105,3.682376,8.641179,
AddVertex,-0.651876,3.673844,8.638091,
AddVertex,-0.418334,3.690908,8.644267,
AddVertex,-0.514497,3.711232,7.896943,
AddVertex,-0.419868,3.724228,7.896943,
AddVertex,-0.418334,3.690908,8.644267,
AddVertex,-0.419868,3.724228,7.896943,
AddVertex,-0.263513,3.694673,8.645629,
AddVertex,-0.301251,3.693755,8.645297,
AddVertex,-0.263513,3.736753,7.896943,
AddVertex,-0.263513,3.694673,8.645629,
AddVertex,-0.419868,3.724228,7.896943,
AddVertex,0.575744,3.706712,7.896943,
AddVertex,0.575744,3.679407,8.640104,
AddVertex,0.419868,3.724228,7.896943,
AddVertex,0.263513,3.736753,7.896943,
AddVertex,0.262585,3.694695,8.645638,
AddVertex,0.106836,3.744272,7.896943,
AddVertex,0.000000,3.745981,7.896943,
AddVertex,0.106836,3.744272,7.896943,
AddVertex,0.000013,3.731379,8.136127,
AddVertex,-0.000273,3.731467,8.134762,
AddVertex,0.024436,3.739079,8.016535,
AddVertex,0.024721,3.739167,8.015170,
AddVertex,0.024715,3.701694,8.648170,
AddVertex,-0.000208,3.701084,8.647950,
AddVertex,0.000013,3.731379,8.136127,
AddVertex,-0.000208,3.701084,8.647950,
AddVertex,0.024715,3.701694,8.648170,
AddVertex,0.067084,3.699448,8.647358,
AddVertex,0.067084,3.482948,9.245556,
AddVertex,0.106836,3.698482,8.647008,
AddVertex,0.184167,3.480482,9.243474,
AddVertex,0.184711,3.696589,8.646322,
AddVertex,0.301251,3.478016,9.241392,
AddVertex,0.262585,3.694695,8.645638,
AddVertex,0.301251,3.693755,8.645297,
AddVertex,0.418334,3.690908,8.644267,
AddVertex,0.418334,3.475550,9.239310,
AddVertex,0.535105,3.468159,9.233069,
AddVertex,0.418334,3.475550,9.239310,
AddVertex,0.418334,3.690908,8.644267,
AddVertex,0.535105,3.682376,8.641179,
AddVertex,0.651876,3.460768,9.226830,
AddVertex,0.575744,3.679407,8.640104,
AddVertex,0.667071,3.672734,8.637690,
AddVertex,0.768646,3.453376,9.220589,
AddVertex,0.758399,3.666061,8.635274,
AddVertex,0.775748,3.664793,8.634815,
AddVertex,0.885417,3.445985,9.214349,
AddVertex,0.885417,3.656780,8.631915,
AddVertex,1.001563,3.433688,9.203966,
AddVertex,0.885417,3.445985,9.214349,
AddVertex,0.885417,3.656780,8.631915,
AddVertex,1.001563,3.642585,8.626778,
AddVertex,1.093254,3.423980,9.195770,
AddVertex,1.093254,3.631379,8.622722,
AddVertex,1.117708,3.628390,8.621640,
AddVertex,1.117708,3.421391,9.193584,
AddVertex,1.205056,3.399793,9.175348,
AddVertex,1.117708,3.421391,9.193584,
AddVertex,1.117708,3.628390,8.621640,
AddVertex,1.205056,3.601875,8.616989,
AddVertex,1.205056,3.399793,9.175348,
AddVertex,1.205056,3.601875,8.616989,
AddVertex,1.255056,3.372654,9.140733,
AddVertex,1.278224,3.355332,9.137811,
AddVertex,1.278224,3.358576,9.128847,
AddVertex,1.317996,3.306276,9.096393,
AddVertex,1.316131,3.308575,9.098333,
AddVertex,1.310108,3.316005,9.104607,
AddVertex,1.328528,3.293285,9.085424,
AddVertex,1.307136,3.401304,8.882147,
AddVertex,1.303376,3.509207,8.600737,
AddVertex,1.328528,3.471121,8.594056,
AddVertex,1.278224,3.547293,8.607416,
AddVertex,1.205056,3.601875,7.896943,
AddVertex,1.278224,3.547293,7.896943,
AddVertex,1.278224,3.547293,8.607416,
AddVertex,1.205056,3.601875,8.616989,
AddVertex,1.117708,3.628390,7.896943,
AddVertex,1.205056,3.601875,7.896943,
AddVertex,1.205056,3.601875,8.616989,
AddVertex,1.117708,3.628390,8.621640,
AddVertex,1.093254,3.631379,7.896943,
AddVertex,1.117708,3.628390,7.896943,
AddVertex,1.117708,3.628390,8.621640,
AddVertex,1.093254,3.631379,8.622722,
AddVertex,1.001563,3.642585,7.896943,
AddVertex,1.001563,3.642585,8.626778,
AddVertex,1.001563,3.642585,7.896943,
AddVertex,1.001563,3.642585,8.626778,
AddVertex,0.866271,3.663403,7.896943,
AddVertex,1.051563,2.225591,9.636499,
AddVertex,1.080477,2.354675,9.603933,
AddVertex,1.142416,2.496716,9.564088,
AddVertex,1.167709,2.223932,9.621404,
AddVertex,1.167709,2.807498,9.491584,
AddVertex,1.167709,2.223932,9.621404,
AddVertex,1.167709,2.807498,9.491584,
AddVertex,1.255056,2.797871,9.466562,
AddVertex,1.255056,2.221018,9.594889,
AddVertex,1.167709,1.210614,9.621404,
AddVertex,1.167709,2.223932,9.621404,
AddVertex,1.255056,2.221018,9.594889,
AddVertex,1.255056,1.210614,9.594889,
AddVertex,1.167709,1.160614,9.621404,
AddVertex,1.255056,1.160614,9.594889,
AddVertex,0.680756,1.210614,9.470781,
AddVertex,0.696250,1.210614,9.670180,
AddVertex,0.696250,1.160614,9.670180,
AddVertex,0.680756,1.160614,9.470781,
AddVertex,0.680756,1.210614,9.470781,
AddVertex,0.680756,1.160614,9.470781,
AddVertex,0.569610,1.160614,9.479418,
AddVertex,0.569610,1.210614,9.479418,
AddVertex,0.585105,1.210614,9.678817,
AddVertex,0.584540,1.974778,9.671545,
AddVertex,0.582995,1.974778,9.651669,
AddVertex,0.570606,1.974778,9.492227,
AddVertex,0.569610,1.210614,9.479418,
AddVertex,0.569610,1.824777,9.479418,
AddVertex,0.569610,1.974778,9.479418,
AddVertex,0.573978,2.230241,9.535624,
AddVertex,0.569610,2.230241,9.479418,
AddVertex,0.696250,1.210614,9.670180,
AddVertex,0.696250,2.185767,9.670180,
AddVertex,0.818646,2.185767,9.660669,
AddVertex,0.818646,1.210614,9.660669,
AddVertex,0.696250,1.160614,9.670180,
AddVertex,0.818646,1.160614,9.660669,
AddVertex,0.935417,1.210614,9.651596,
AddVertex,0.935417,1.160614,9.651596,
AddVertex,0.935417,1.160614,9.651596,
AddVertex,0.935417,1.210614,9.651596,
AddVertex,1.051563,1.210614,9.636499,
AddVertex,1.051563,1.160614,9.636499,
AddVertex,1.167709,1.210614,9.621404,
AddVertex,1.167709,1.160614,9.621404,
AddVertex,1.167709,2.223932,9.621404,
AddVertex,1.051563,2.225591,9.636499,
AddVertex,0.935417,2.213863,9.651596,
AddVertex,0.952514,2.227005,9.649373,
AddVertex,0.952514,2.227005,9.649373,
AddVertex,0.964896,2.238673,9.645129,
AddVertex,0.977277,2.250341,9.640885,
AddVertex,1.051563,2.320346,9.615420,
AddVertex,1.131563,2.809204,9.496017,
AddVertex,1.167709,3.421391,9.143584,
AddVertex,1.167709,2.807498,9.491584,
AddVertex,1.131563,2.809204,9.496017,
AddVertex,1.126628,2.922530,9.432513,
AddVertex,1.051563,2.925746,9.441905,
AddVertex,1.051563,3.433688,9.153966,
AddVertex,1.143254,3.423980,9.145770,
AddVertex,0.935417,2.929450,9.457158,
AddVertex,0.935417,3.445985,9.164349,
AddVertex,0.935417,3.445985,9.164349,
AddVertex,0.935417,2.929450,9.457158,
AddVertex,0.818646,2.929450,9.467588,
AddVertex,0.818646,3.453376,9.170588,
AddVertex,0.701876,2.929450,9.478019,
AddVertex,0.696080,2.929672,9.478411,
AddVertex,0.695211,3.461023,9.177279,
AddVertex,0.701876,3.460768,9.176829,
AddVertex,0.696250,2.229292,9.670180,
AddVertex,0.680756,2.229292,9.490782,
AddVertex,0.594026,2.230033,9.497520,
AddVertex,0.585105,2.230241,9.678817,
AddVertex,0.573978,2.230241,9.535624,
AddVertex,0.585105,2.230241,9.678817,
AddVertex,0.594026,2.230033,9.497520,
AddVertex,0.569610,2.230241,9.479418,
AddVertex,0.594026,2.785393,9.373976,
AddVertex,0.570635,2.786053,9.375691,
AddVertex,0.585105,2.828344,9.545763,
AddVertex,0.696250,2.825208,9.537613,
AddVertex,0.594026,2.785866,9.373871,
AddVertex,0.585105,2.828344,9.545763,
AddVertex,0.570635,2.786053,9.375691,
AddVertex,0.701876,2.185767,9.669744,
AddVertex,0.907032,2.185767,9.653801,
AddVertex,0.935417,2.213863,9.651596,
AddVertex,1.002039,2.273676,9.632397,
AddVertex,0.695211,2.929706,9.478470,
AddVertex,0.681123,2.782936,9.367589,
AddVertex,0.585105,2.230241,9.678817,
AddVertex,0.585105,1.974778,9.678817,
AddVertex,0.585105,2.190327,9.678817,
AddVertex,0.569610,1.160614,9.479418,
AddVertex,0.585105,1.160614,9.678817,
AddVertex,0.680756,1.160614,9.470781,
AddVertex,0.569610,1.160614,9.479418,
AddVertex,0.585105,1.160614,9.678817,
AddVertex,0.550000,1.160614,9.681545,
AddVertex,0.468334,1.160614,9.687891,
AddVertex,1.328224,2.778053,9.415054,
AddVertex,1.328224,3.293285,9.122983,
AddVertex,1.328224,3.301984,9.118052,
AddVertex,0.885417,3.656780,8.631915,
AddVertex,0.775748,3.664793,8.634815,
AddVertex,0.758399,3.666061,8.635274,
AddVertex,0.730980,3.684221,7.896943,
AddVertex,0.885417,3.656780,8.631915,
AddVertex,0.730980,3.684221,7.896943,
AddVertex,0.866271,3.663403,7.896943,
AddVertex,0.575744,3.706712,7.896943,
AddVertex,0.758399,3.666061,8.635274,
AddVertex,0.667071,3.672734,8.637690,
AddVertex,0.575744,3.679407,8.640104,
AddVertex,0.419868,3.724228,7.896943,
AddVertex,0.575744,3.679407,8.640104,
AddVertex,0.535105,3.682376,8.641179,
AddVertex,0.418334,3.690908,8.644267,
AddVertex,0.419868,3.724228,7.896943,
AddVertex,0.418334,3.690908,8.644267,
AddVertex,0.263513,3.736753,7.896943,
AddVertex,0.263513,3.736753,7.896943,
AddVertex,0.418334,3.690908,8.644267,
AddVertex,0.301251,3.693755,8.645297,
AddVertex,0.262585,3.694695,8.645638,
AddVertex,0.106836,3.744272,7.896943,
AddVertex,0.262585,3.694695,8.645638,
AddVertex,0.184711,3.696589,8.646322,
AddVertex,0.106836,3.698482,8.647008,
AddVertex,0.106836,3.698482,8.647008,
AddVertex,0.106836,3.698482,8.647008,
AddVertex,0.067084,3.699448,8.647358,
AddVertex,0.025000,3.484887,9.247193,
AddVertex,0.025000,3.701687,8.648168,
AddVertex,0.049429,3.702295,8.648388,
AddVertex,0.050000,3.485414,9.247638,
AddVertex,0.050000,3.702295,8.648388,
AddVertex,0.049429,3.746780,7.896943,
AddVertex,0.049429,3.702295,8.648388,
AddVertex,0.025000,3.701687,8.648168,
AddVertex,0.025000,3.746380,7.896943,
AddVertex,0.025006,3.739079,8.016535,
AddVertex,0.000013,3.731379,8.136127,
AddVertex,0.049429,3.746780,7.896943,
AddVertex,0.234167,3.013227,9.458348,
AddVertex,0.234167,2.920626,9.510841,
AddVertex,0.234167,3.480482,9.193474,
AddVertex,0.234167,3.045070,9.440297,
AddVertex,0.117084,3.046563,9.442931,
AddVertex,0.117084,3.482948,9.195556,
AddVertex,-0.496403,2.741381,9.383509,
AddVertex,0.192437,2.717579,9.398335,
AddVertex,-0.538671,2.708022,9.381476,
AddVertex,-0.542811,3.007841,9.391048,
AddVertex,-0.496578,2.981257,9.391238,
AddVertex,0.156531,2.739163,9.398218,
AddVertex,0.188297,3.017398,9.407907,
AddVertex,0.156356,2.979039,9.405948,
AddVertex,0.118322,3.016483,9.406294,
AddVertex,-0.712611,3.030607,9.419717,
AddVertex,-0.594032,3.037267,9.426533,
AddVertex,-0.594032,3.005425,9.444584,
AddVertex,-0.719729,3.030207,9.419308,
AddVertex,-0.594032,2.912824,9.497077,
AddVertex,-0.719729,2.908007,9.488580,
AddVertex,-0.827573,3.024149,9.413109,
AddVertex,-0.827573,2.903874,9.481290,
AddVertex,-0.931855,3.018291,9.407115,
AddVertex,-0.820455,3.024549,9.413518,
AddVertex,-0.586914,3.037667,9.426942,
AddVertex,-0.468334,3.045173,9.433279,
AddVertex,-0.468334,2.917641,9.505574,
AddVertex,-0.468334,2.917641,9.505574,
AddVertex,-0.468334,3.045173,9.433279,
AddVertex,-0.468334,3.348957,9.261072,
AddVertex,-0.468334,3.475550,9.189310,
AddVertex,-0.594032,3.467594,9.182592,
AddVertex,-0.468334,3.475550,9.189310,
AddVertex,-0.468334,3.348957,9.261072,
AddVertex,-0.589882,3.341263,9.254577,
AddVertex,-0.594032,3.341001,9.254354,
AddVertex,-0.719729,3.459637,9.175875,
AddVertex,-0.719729,3.333940,9.247129,
AddVertex,-0.827573,3.452811,9.170112,
AddVertex,-0.827573,3.327882,9.240931,
AddVertex,-0.935417,3.445985,9.164349,
AddVertex,-0.935417,3.321825,9.234732,
AddVertex,-1.051563,3.433688,9.153966,
AddVertex,-0.935417,3.445985,9.164349,
AddVertex,-0.935417,3.321825,9.234732,
AddVertex,-1.080022,3.430675,9.151423,
AddVertex,-1.167709,3.421391,9.143584,
AddVertex,-1.167709,3.421391,9.143584,
AddVertex,-1.255056,3.399793,9.125349,
AddVertex,-1.255056,3.399793,9.125349,
AddVertex,-1.255056,3.372654,9.140733,
AddVertex,-1.278224,3.358576,9.128847,
AddVertex,-1.328224,3.355332,9.087811,
AddVertex,-1.328224,3.293285,9.122983,
AddVertex,-1.318914,3.305143,9.095436,
AddVertex,-1.278224,3.355332,9.137811,
AddVertex,-1.205056,3.399793,9.175348,
AddVertex,-1.278224,3.355332,9.137811,
AddVertex,-1.205056,3.399793,9.175348,
AddVertex,-1.205056,3.601875,8.616989,
AddVertex,-1.117708,3.628390,8.621640,
AddVertex,-1.117708,3.421391,9.193584,
AddVertex,-1.328224,2.778053,9.415054,
AddVertex,-1.255056,2.797871,9.466562,
AddVertex,-0.935417,2.899742,9.473999,
AddVertex,-0.935417,2.899742,9.473999,
AddVertex,-0.579925,3.038110,9.427316,
AddVertex,0.468334,3.045173,9.433279,
AddVertex,0.570998,3.038675,9.427793,
AddVertex,0.000000,3.358646,9.269500,
AddVertex,0.000000,3.485414,9.197638,
AddVertex,0.025000,3.484887,9.197193,
AddVertex,0.000000,3.485414,9.197638,
AddVertex,0.000000,3.358646,9.269500,
AddVertex,-0.025000,3.484887,9.197193,
AddVertex,0.049429,3.746611,7.899672,
AddVertex,0.049429,3.746611,7.899672,
AddVertex,-0.107042,3.698562,8.645645,
AddVertex,-0.263513,3.736753,7.896943,
AddVertex,-0.106836,3.744272,7.896943,
AddVertex,-0.106757,3.698655,8.644279,
AddVertex,-0.107042,3.698562,8.645645,
AddVertex,-0.263513,3.736753,7.896943,
AddVertex,-0.107042,3.698562,8.645645,
AddVertex,-0.185134,3.696578,8.646319,
AddVertex,-0.263513,3.694673,8.645629,
AddVertex,-0.107327,3.698484,8.647009,
AddVertex,-0.651876,3.673844,8.638091,
AddVertex,-0.885417,3.656780,8.631915,
AddVertex,-0.885417,3.445985,9.214349,
AddVertex,-1.001563,3.433688,9.203966,
AddVertex,-1.001563,3.642585,8.626778,
AddVertex,-1.030022,3.430675,9.201423,
AddVertex,-1.030022,3.639107,8.625519,
AddVertex,-0.977738,2.386418,9.610552,
AddVertex,-0.935417,2.323704,9.630138,
AddVertex,-0.935417,2.272202,9.641596,
AddVertex,-0.997357,2.427407,9.598822,
AddVertex,-1.051563,2.271606,9.626264,
AddVertex,-0.935417,2.227250,9.651596,
AddVertex,-1.051563,2.225591,9.636499,
AddVertex,-1.328224,1.946822,9.540306,
AddVertex,-1.328224,1.974778,9.540306,
AddVertex,-0.393755,1.962139,9.495208,
AddVertex,-0.393890,1.962785,9.496006,
AddVertex,-0.393890,1.964728,9.494434,
AddVertex,-0.393755,1.964082,9.493635,
AddVertex,-0.393358,1.961537,9.494463,
AddVertex,-0.393755,1.962139,9.495208,
AddVertex,-0.393755,1.964082,9.493635,
AddVertex,-0.393358,1.963480,9.492891,
AddVertex,-0.392727,1.961020,9.493824,
AddVertex,-0.393358,1.961537,9.494463,
AddVertex,-0.393358,1.963480,9.492891,
AddVertex,-0.392727,1.962963,9.492252,
AddVertex,-0.392727,1.961020,9.493824,
AddVertex,-0.392727,1.962963,9.492252,
AddVertex,-0.391905,1.962566,9.491761,
AddVertex,-0.391905,1.960623,9.493334,
AddVertex,-0.391905,1.960623,9.493334,
AddVertex,-0.391905,1.962566,9.491761,
AddVertex,-0.390948,1.962317,9.491453,
AddVertex,-0.390948,1.960374,9.493026,
AddVertex,-0.390948,1.960374,9.493026,
AddVertex,-0.390948,1.962317,9.491453,
AddVertex,-0.389921,1.962232,9.491348,
AddVertex,-0.389921,1.960288,9.492921,
AddVertex,-0.388893,1.960374,9.493026,
AddVertex,-0.389921,1.960288,9.492921,
AddVertex,-0.389921,1.962232,9.491348,
AddVertex,-0.388893,1.962317,9.491453,
AddVertex,-0.387936,1.960623,9.493334,
AddVertex,-0.388893,1.960374,9.493026,
AddVertex,-0.388893,1.962317,9.491453,
AddVertex,-0.387936,1.962566,9.491761,
AddVertex,-0.387114,1.961020,9.493824,
AddVertex,-0.387936,1.960623,9.493334,
AddVertex,-0.387936,1.962566,9.491761,
AddVertex,-0.387114,1.962963,9.492252,
AddVertex,-0.387114,1.961020,9.493824,
AddVertex,-0.387114,1.962963,9.492252,
AddVertex,-0.386483,1.963480,9.492891,
AddVertex,-0.386483,1.961537,9.494463,
AddVertex,-0.386483,1.961537,9.494463,
AddVertex,-0.386483,1.963480,9.492891,
AddVertex,-0.386087,1.964082,9.493635,
AddVertex,-0.386247,1.961895,9.494906,
AddVertex,-0.386087,1.962139,9.495208,
AddVertex,-0.386087,1.962139,9.495208,
AddVertex,-0.386087,1.964082,9.493635,
AddVertex,-0.386041,1.964303,9.493908,
AddVertex,-0.386041,1.962359,9.495480,
AddVertex,-0.384105,1.963265,9.496600,
AddVertex,-0.386041,1.962359,9.495480,
AddVertex,-0.386041,1.964303,9.493908,
AddVertex,-0.384105,1.965209,9.495028,
AddVertex,-0.386087,1.963431,9.496805,
AddVertex,-0.384105,1.963265,9.496600,
AddVertex,-0.384105,1.965209,9.495028,
AddVertex,-0.386087,1.965375,9.495233,
AddVertex,-0.386087,1.963431,9.496805,
AddVertex,-0.386087,1.965375,9.495233,
AddVertex,-0.386483,1.965977,9.495976,
AddVertex,-0.386483,1.964033,9.497549,
AddVertex,-0.392727,1.966494,9.496616,
AddVertex,-0.392727,1.964550,9.498188,
AddVertex,-0.391905,1.964947,9.498679,
AddVertex,-0.391905,1.966890,9.497107,
AddVertex,-0.391905,1.964728,9.494434,
AddVertex,-0.392727,1.966494,9.496616,
AddVertex,-0.391905,1.966890,9.497107,
AddVertex,-0.391838,1.965052,9.494833,
AddVertex,-0.391905,1.962785,9.496006,
AddVertex,-0.391905,1.964728,9.494434,
AddVertex,-0.391838,1.965052,9.494833,
AddVertex,-0.391838,1.963108,9.496406,
AddVertex,-0.391838,1.964405,9.494035,
AddVertex,-0.391838,1.962462,9.495607,
AddVertex,-0.391639,1.962161,9.495234,
AddVertex,-0.391639,1.964104,9.493663,
AddVertex,-0.391838,1.964405,9.494035,
AddVertex,-0.391639,1.964104,9.493663,
AddVertex,-0.390948,1.962317,9.491453,
AddVertex,-0.391905,1.962566,9.491761,
AddVertex,-0.392727,1.962963,9.492252,
AddVertex,-0.393358,1.965977,9.495976,
AddVertex,-0.393358,1.963480,9.492891,
AddVertex,-0.393755,1.965375,9.495233,
AddVertex,-0.393755,1.964082,9.493635,
AddVertex,-0.393890,1.964728,9.494434,
AddVertex,-0.393755,1.965375,9.495233,
AddVertex,-0.393890,1.964728,9.494434,
AddVertex,-0.393890,1.962785,9.496006,
AddVertex,-0.393755,1.963431,9.496805,
AddVertex,-0.393358,1.965977,9.495976,
AddVertex,-0.393755,1.965375,9.495233,
AddVertex,-0.393755,1.963431,9.496805,
AddVertex,-0.393358,1.964033,9.497549,
AddVertex,-0.392727,1.966494,9.496616,
AddVertex,-0.393358,1.965977,9.495976,
AddVertex,-0.393358,1.964033,9.497549,
AddVertex,-0.392727,1.964550,9.498188,
AddVertex,-0.391838,1.962462,9.495607,
AddVertex,-0.391838,1.964405,9.494035,
AddVertex,-0.391905,1.964728,9.494434,
AddVertex,-0.391905,1.962785,9.496006,
AddVertex,-0.391324,1.963846,9.493343,
AddVertex,-0.390913,1.963647,9.493097,
AddVertex,-0.389921,1.962232,9.491348,
AddVertex,-0.390434,1.963523,9.492944,
AddVertex,-0.389921,1.963480,9.492891,
AddVertex,-0.388893,1.962317,9.491453,
AddVertex,-0.389407,1.963523,9.492944,
AddVertex,-0.388928,1.963647,9.493097,
AddVertex,-0.388517,1.963846,9.493343,
AddVertex,-0.387936,1.962566,9.491761,
AddVertex,-0.388202,1.964104,9.493663,
AddVertex,-0.388004,1.964405,9.494035,
AddVertex,-0.387936,1.964728,9.494434,
AddVertex,-0.387114,1.962963,9.492252,
AddVertex,-0.387114,1.966494,9.496616,
AddVertex,-0.387936,1.966890,9.497107,
AddVertex,-0.388004,1.965052,9.494833,
AddVertex,-0.388202,1.965353,9.495205,
AddVertex,-0.388517,1.965611,9.495525,
AddVertex,-0.388893,1.967140,9.497415,
AddVertex,-0.388928,1.965809,9.495770,
AddVertex,-0.389407,1.965934,9.495924,
AddVertex,-0.389921,1.967225,9.497519,
AddVertex,-0.389921,1.965977,9.495976,
AddVertex,-0.390434,1.965934,9.495924,
AddVertex,-0.390913,1.965809,9.495770,
AddVertex,-0.390948,1.967140,9.497415,
AddVertex,-0.391324,1.965611,9.495525,
AddVertex,-0.391639,1.965353,9.495205,
AddVertex,-0.390948,1.965196,9.498987,
AddVertex,-0.390948,1.967140,9.497415,
AddVertex,-0.391905,1.966890,9.497107,
AddVertex,-0.391905,1.964947,9.498679,
AddVertex,-0.390948,1.967140,9.497415,
AddVertex,-0.390948,1.965196,9.498987,
AddVertex,-0.389921,1.965281,9.499092,
AddVertex,-0.389921,1.967225,9.497519,
AddVertex,-0.388893,1.967140,9.497415,
AddVertex,-0.389921,1.967225,9.497519,
AddVertex,-0.389921,1.965281,9.499092,
AddVertex,-0.388893,1.965196,9.498987,
AddVertex,-0.387936,1.966890,9.497107,
AddVertex,-0.388893,1.967140,9.497415,
AddVertex,-0.388893,1.965196,9.498987,
AddVertex,-0.387936,1.964947,9.498679,
AddVertex,-0.387114,1.966494,9.496616,
AddVertex,-0.387936,1.966890,9.497107,
AddVertex,-0.387936,1.964947,9.498679,
AddVertex,-0.387114,1.964550,9.498188,
AddVertex,-0.387114,1.966494,9.496616,
AddVertex,-0.387114,1.964550,9.498188,
AddVertex,-0.386483,1.964033,9.497549,
AddVertex,-0.386483,1.965977,9.495976,
AddVertex,-0.386483,1.965977,9.495976,
AddVertex,-0.386483,1.963480,9.492891,
AddVertex,-0.386087,1.964082,9.493635,
AddVertex,-0.386087,1.965375,9.495233,
AddVertex,-0.386041,1.964303,9.493908,
AddVertex,-0.385952,1.964728,9.494434,
AddVertex,-0.384105,1.965209,9.495028,
AddVertex,-0.391838,1.963108,9.496406,
AddVertex,-0.391838,1.965052,9.494833,
AddVertex,-0.391639,1.965353,9.495205,
AddVertex,-0.391639,1.963409,9.496778,
AddVertex,-0.391639,1.964104,9.493663,
AddVertex,-0.391639,1.962161,9.495234,
AddVertex,-0.391324,1.961902,9.494915,
AddVertex,-0.391324,1.963846,9.493343,
AddVertex,-0.390913,1.963647,9.493097,
AddVertex,-0.391324,1.963846,9.493343,
AddVertex,-0.391324,1.961902,9.494915,
AddVertex,-0.390913,1.961704,9.494670,
AddVertex,-0.390434,1.963523,9.492944,
AddVertex,-0.390913,1.963647,9.493097,
AddVertex,-0.390913,1.961704,9.494670,
AddVertex,-0.390434,1.961579,9.494516,
AddVertex,-0.389921,1.963480,9.492891,
AddVertex,-0.390434,1.963523,9.492944,
AddVertex,-0.390434,1.961579,9.494516,
AddVertex,-0.389921,1.961537,9.494463,
AddVertex,-0.389921,1.963480,9.492891,
AddVertex,-0.389921,1.961537,9.494463,
AddVertex,-0.389407,1.961579,9.494516,
AddVertex,-0.389407,1.963523,9.492944,
AddVertex,-0.389407,1.963523,9.492944,
AddVertex,-0.389407,1.961579,9.494516,
AddVertex,-0.388928,1.961704,9.494670,
AddVertex,-0.388928,1.963647,9.493097,
AddVertex,-0.388928,1.963647,9.493097,
AddVertex,-0.388928,1.961704,9.494670,
AddVertex,-0.388517,1.961902,9.494915,
AddVertex,-0.388517,1.963846,9.493343,
AddVertex,-0.388202,1.964104,9.493663,
AddVertex,-0.388517,1.963846,9.493343,
AddVertex,-0.388517,1.961902,9.494915,
AddVertex,-0.388202,1.962161,9.495234,
AddVertex,-0.388004,1.964405,9.494035,
AddVertex,-0.388202,1.964104,9.493663,
AddVertex,-0.388202,1.962161,9.495234,
AddVertex,-0.388004,1.962462,9.495607,
AddVertex,-0.387936,1.964728,9.494434,
AddVertex,-0.388004,1.964405,9.494035,
AddVertex,-0.388004,1.962462,9.495607,
AddVertex,-0.387936,1.962785,9.496006,
AddVertex,-0.388004,1.965052,9.494833,
AddVertex,-0.387936,1.964728,9.494434,
AddVertex,-0.387936,1.962785,9.496006,
AddVertex,-0.388004,1.963108,9.496406,
AddVertex,-0.388202,1.965353,9.495205,
AddVertex,-0.388004,1.965052,9.494833,
AddVertex,-0.388004,1.963108,9.496406,
AddVertex,-0.388202,1.963409,9.496778,
AddVertex,-0.388517,1.965611,9.495525,
AddVertex,-0.388202,1.965353,9.495205,
AddVertex,-0.388202,1.963409,9.496778,
AddVertex,-0.388517,1.963667,9.497097,
AddVertex,-0.388517,1.965611,9.495525,
AddVertex,-0.388517,1.963667,9.497097,
AddVertex,-0.388928,1.963866,9.497342,
AddVertex,-0.388928,1.965809,9.495770,
AddVertex,-0.388928,1.965809,9.495770,
AddVertex,-0.388928,1.963866,9.497342,
AddVertex,-0.389407,1.963990,9.497497,
AddVertex,-0.389407,1.965934,9.495924,
AddVertex,-0.389407,1.965934,9.495924,
AddVertex,-0.389407,1.963990,9.497497,
AddVertex,-0.389921,1.964033,9.497549,
AddVertex,-0.389921,1.965977,9.495976,
AddVertex,-0.390434,1.965934,9.495924,
AddVertex,-0.389921,1.965977,9.495976,
AddVertex,-0.389921,1.964033,9.497549,
AddVertex,-0.390434,1.963990,9.497497,
AddVertex,-0.390913,1.965809,9.495770,
AddVertex,-0.390434,1.965934,9.495924,
AddVertex,-0.390434,1.963990,9.497497,
AddVertex,-0.390913,1.963866,9.497342,
AddVertex,-0.391324,1.965611,9.495525,
AddVertex,-0.390913,1.965809,9.495770,
AddVertex,-0.390913,1.963866,9.497342,
AddVertex,-0.391324,1.963667,9.497097,
AddVertex,-0.391324,1.965611,9.495525,
AddVertex,-0.391324,1.963667,9.497097,
AddVertex,-0.391639,1.963409,9.496778,
AddVertex,-0.391639,1.965353,9.495205,
AddVertex,-0.935417,2.272202,9.641596,
AddVertex,-0.935417,2.323704,9.630138,
AddVertex,-0.843589,2.228034,9.658731,
AddVertex,-0.935417,2.227250,9.651596,
AddVertex,-1.016306,2.485012,9.583484,
AddVertex,-1.051563,2.812979,9.505830,
AddVertex,-1.025027,2.814232,9.509085,
AddVertex,-1.051563,2.812979,9.505830,
AddVertex,-1.051563,2.271606,9.626264,
AddVertex,-1.167721,2.271606,9.610794,
AddVertex,-1.167709,2.807498,9.491584,
AddVertex,1.001893,3.642585,8.626778,
AddVertex,0.885747,3.656780,8.631915,
AddVertex,0.866602,3.663403,7.896943,
AddVertex,-0.418680,3.690908,8.644267,
AddVertex,-0.535450,3.682376,8.641179,
AddVertex,-0.514842,3.711232,7.896943,
AddVertex,-1.118612,3.421391,9.193584,
AddVertex,-1.118612,3.628390,8.621640,
AddVertex,-1.030925,3.639107,8.625519,
AddVertex,-1.030925,3.430675,9.201423,
AddFace,0,1,2,
AddFace,2,3,0,
AddFace,3,4,0,
AddFace,3,5,4,
AddFace,6,7,8,
AddFace,9,6,8,
AddFace,10,9,8,
AddFace,11,10,8,
AddFace,8,12,11,
AddFace,13,14,15,
AddFace,16,13,15,
AddFace,17,16,15,
AddFace,18,17,15,
AddFace,15,19,18,
AddFace,17,18,19,
AddFace,20,17,19,
AddFace,21,20,19,
AddFace,19,22,21,
AddFace,20,21,22,
AddFace,23,20,22,
AddFace,22,24,23,
AddFace,25,26,27,
AddFace,25,27,28,
AddFace,29,25,28,
AddFace,30,29,28,
AddFace,30,28,31,
AddFace,32,30,31,
AddFace,32,31,33,
AddFace,34,32,33,
AddFace,34,33,35,
AddFace,34,35,36,
AddFace,37,34,36,
AddFace,38,37,36,
AddFace,38,36,39,
AddFace,38,39,40,
AddFace,41,38,40,
AddFace,41,40,42,
AddFace,43,41,42,
AddFace,44,43,42,
AddFace,44,42,45,
AddFace,46,44,45,
AddFace,46,45,47,
AddFace,48,46,47,
AddFace,48,47,49,
AddFace,50,48,49,
AddFace,50,49,51,
AddFace,52,50,51,
AddFace,52,51,53,
AddFace,54,52,53,
AddFace,54,53,55,
AddFace,56,54,55,
AddFace,56,55,57,
AddFace,58,56,57,
AddFace,58,57,59,
AddFace,60,58,59,
AddFace,60,59,61,
AddFace,62,60,61,
AddFace,62,61,63,
AddFace,64,62,63,
AddFace,63,65,64,
AddFace,66,67,68,
AddFace,68,69,66,
AddFace,69,70,66,
AddFace,71,72,73,
AddFace,73,74,71,
AddFace,75,76,77,
AddFace,77,78,75,
AddFace,79,80,81,
AddFace,81,82,79,
AddFace,83,84,85,
AddFace,85,86,83,
AddFace,87,88,89,
AddFace,90,87,89,
AddFace,89,91,90,
AddFace,92,93,94,
AddFace,94,95,92,
AddFace,96,97,98,
AddFace,98,99,96,
AddFace,100,101,102,
AddFace,102,103,100,
AddFace,104,62,64,
AddFace,64,105,104,
AddFace,104,106,62,
AddFace,106,107,62,
AddFace,107,60,62,
AddFace,108,109,110,
AddFace,110,111,108,
AddFace,111,112,108,
AddFace,113,114,115,
AddFace,115,116,113,
AddFace,114,117,115,
AddFace,117,118,115,
AddFace,118,119,115,
AddFace,119,120,115,
AddFace,120,121,115,
AddFace,121,122,115,
AddFace,122,123,115,
AddFace,123,124,115,
AddFace,124,125,115,
AddFace,125,126,115,
AddFace,126,127,115,
AddFace,127,128,115,
AddFace,128,129,115,
AddFace,129,130,115,
AddFace,130,131,115,
AddFace,131,132,115,
AddFace,132,133,115,
AddFace,133,134,115,
AddFace,134,135,115,
AddFace,135,136,115,
AddFace,136,137,115,
AddFace,137,138,115,
AddFace,138,139,115,
AddFace,139,140,115,
AddFace,140,141,115,
AddFace,141,142,115,
AddFace,143,144,145,
AddFace,145,146,143,
AddFace,147,143,146,
AddFace,146,148,147,
AddFace,149,150,151,
AddFace,151,152,149,
AddFace,153,154,155,
AddFace,156,157,158,
AddFace,158,159,156,
AddFace,159,160,156,
AddFace,161,153,162,
AddFace,161,162,163,
AddFace,161,163,164,
AddFace,161,164,165,
AddFace,161,165,166,
AddFace,166,167,161,
AddFace,168,169,170,
AddFace,168,170,171,
AddFace,171,172,168,
AddFace,173,174,175,
AddFace,175,176,173,
AddFace,177,178,179,
AddFace,179,180,177,
AddFace,181,182,183,
AddFace,183,184,181,
AddFace,185,186,187,
AddFace,187,188,185,
AddFace,68,189,69,
AddFace,190,191,192,
AddFace,192,193,190,
AddFace,194,195,196,
AddFace,196,197,194,
AddFace,197,198,194,
AddFace,70,69,199,
AddFace,200,70,199,
AddFace,200,199,201,
AddFace,202,200,201,
AddFace,202,201,203,
AddFace,202,203,204,
AddFace,205,202,204,
AddFace,206,205,204,
AddFace,206,204,207,
AddFace,206,207,208,
AddFace,209,206,208,
AddFace,209,208,210,
AddFace,211,209,210,
AddFace,26,211,210,
AddFace,26,210,27,
AddFace,212,213,214,
AddFace,214,215,212,
AddFace,216,217,218,
AddFace,218,219,216,
AddFace,220,216,219,
AddFace,221,222,223,
AddFace,223,224,221,
AddFace,225,226,227,
AddFace,225,227,228,
AddFace,228,229,225,
AddFace,230,231,232,
AddFace,232,233,230,
AddFace,234,235,236,
AddFace,236,237,234,
AddFace,238,239,240,
AddFace,241,238,240,
AddFace,240,242,241,
AddFace,234,243,244,
AddFace,244,245,234,
AddFace,234,245,235,
AddFace,230,246,231,
AddFace,246,247,231,
AddFace,248,247,246,
AddFace,246,249,248,
AddFace,250,251,252,
AddFace,252,253,250,
AddFace,254,255,256,
AddFace,256,257,254,
AddFace,258,254,257,
AddFace,257,259,258,
AddFace,260,261,262,
AddFace,262,263,260,
AddFace,264,260,263,
AddFace,263,265,264,
AddFace,266,264,265,
AddFace,265,267,266,
AddFace,268,269,270,
AddFace,270,271,268,
AddFace,272,273,274,
AddFace,274,275,272,
AddFace,276,277,278,
AddFace,278,279,276,
AddFace,280,281,282,
AddFace,283,280,282,
AddFace,284,285,286,
AddFace,287,284,286,
AddFace,288,289,290,
AddFace,290,291,288,
AddFace,292,293,294,
AddFace,294,295,292,
AddFace,296,297,298,
AddFace,298,299,296,
AddFace,300,296,299,
AddFace,299,301,300,
AddFace,302,300,301,
AddFace,301,303,302,
AddFace,304,305,306,
AddFace,304,306,307,
AddFace,307,308,304,
AddFace,309,310,311,
AddFace,311,312,309,
AddFace,313,314,315,
AddFace,315,316,313,
AddFace,317,316,315,
AddFace,315,318,317,
AddFace,319,317,318,
AddFace,318,320,319,
AddFace,321,319,320,
AddFace,320,322,321,
AddFace,323,324,325,
AddFace,325,326,323,
AddFace,327,326,325,
AddFace,325,328,327,
AddFace,328,329,327,
AddFace,330,331,332,
AddFace,332,333,330,
AddFace,332,334,333,
AddFace,334,335,333,
AddFace,335,336,333,
AddFace,337,338,339,
AddFace,339,340,337,
AddFace,340,341,337,
AddFace,342,343,344,
AddFace,345,342,344,
AddFace,346,347,348,
AddFace,346,348,349,
AddFace,346,349,350,
AddFace,350,351,346,
AddFace,352,353,354,
AddFace,354,355,352,
AddFace,356,357,358,
AddFace,358,359,356,
AddFace,360,361,362,
AddFace,189,363,364,
AddFace,69,189,364,
AddFace,69,364,199,
AddFace,365,10,366,
AddFace,367,345,344,
AddFace,368,367,344,
AddFace,344,369,368,
AddFace,347,370,348,
AddFace,347,371,370,
AddFace,371,372,370,
AddFace,373,374,375,
AddFace,373,375,376,
AddFace,373,376,377,
AddFace,378,373,377,
AddFace,379,380,381,
AddFace,381,382,379,
AddFace,383,384,385,
AddFace,385,386,383,
AddFace,387,361,360,
AddFace,388,389,390,
AddFace,391,392,393,
AddFace,394,395,396,
AddFace,396,397,394,
AddFace,398,399,400,
AddFace,401,402,403,
AddFace,404,405,406,
AddFace,407,408,409,
AddFace,407,409,410,
AddFace,407,410,355,
AddFace,354,407,355,
AddFace,411,412,413,
AddFace,411,413,414,
AddFace,373,411,414,
AddFace,371,415,372,
AddFace,373,414,374,
AddFace,342,416,343,
AddFace,341,417,337,
AddFace,416,418,343,
AddFace,418,419,343,
AddFace,419,418,420,
AddFace,420,421,419,
AddFace,420,422,421,
AddFace,423,421,422,
AddFace,422,424,423,
AddFace,424,425,423,
AddFace,423,425,426,
AddFace,426,427,423,
AddFace,428,429,430,
AddFace,430,431,428,
AddFace,432,428,431,
AddFace,431,433,432,
AddFace,433,434,432,
AddFace,435,432,434,
AddFace,434,436,435,
AddFace,436,437,435,
AddFace,438,435,437,
AddFace,437,439,438,
AddFace,440,441,442,
AddFace,442,443,440,
AddFace,444,440,443,
AddFace,443,445,444,
AddFace,444,445,446,
AddFace,446,447,444,
AddFace,448,449,450,
AddFace,450,451,448,
AddFace,452,453,454,
AddFace,454,455,452,
AddFace,454,456,455,
AddFace,153,161,167,
AddFace,167,154,153,
AddFace,457,458,459,
AddFace,460,457,459,
AddFace,459,461,460,
AddFace,460,461,462,
AddFace,462,463,460,
AddFace,464,454,453,
AddFace,465,466,467,
AddFace,467,468,465,
AddFace,469,470,471,
AddFace,471,472,469,
AddFace,473,474,475,
AddFace,475,476,473,
AddFace,477,473,476,
AddFace,476,478,477,
AddFace,479,480,481,
AddFace,482,483,484,
AddFace,485,482,484,
AddFace,484,486,485,
AddFace,487,488,489,
AddFace,489,490,487,
AddFace,491,492,493,
AddFace,493,494,491,
AddFace,495,491,494,
AddFace,494,496,495,
AddFace,497,498,499,
AddFace,499,500,497,
AddFace,501,502,503,
AddFace,503,504,501,
AddFace,505,506,507,
AddFace,505,507,508,
AddFace,509,505,508,
AddFace,510,509,508,
AddFace,508,511,510,
AddFace,511,508,512,
AddFace,512,513,511,
AddFace,514,515,516,
AddFace,516,517,514,
AddFace,518,514,517,
AddFace,517,519,518,
AddFace,519,517,520,
AddFace,520,521,519,
AddFace,522,523,524,
AddFace,524,525,522,
AddFace,525,524,526,
AddFace,526,527,525,
AddFace,528,526,524,
AddFace,524,529,528,
AddFace,529,524,523,
AddFace,523,530,529,
AddFace,530,531,529,
AddFace,482,532,533,
AddFace,533,534,482,
AddFace,534,535,482,
AddFace,482,535,483,
AddFace,484,536,486,
AddFace,537,538,539,
AddFace,539,540,537,
AddFace,540,541,537,
AddFace,541,542,537,
AddFace,542,543,537,
AddFace,542,541,544,
AddFace,544,545,542,
AddFace,546,547,548,
AddFace,548,549,546,
AddFace,549,548,550,
AddFace,550,551,549,
AddFace,551,552,549,
AddFace,552,553,549,
AddFace,554,555,556,
AddFace,556,557,554,
AddFace,558,559,560,
AddFace,560,561,558,
AddFace,562,563,564,
AddFace,564,565,562,
AddFace,566,567,568,
AddFace,515,569,516,
AddFace,516,570,517,
AddFace,517,570,571,
AddFace,571,520,517,
AddFace,534,572,535,
AddFace,552,551,573,
AddFace,565,574,562,
AddFace,575,512,507,
AddFace,507,506,575,
AddFace,506,576,575,
AddFace,576,577,575,
AddFace,505,576,506,
AddFace,508,507,512,
AddFace,505,509,578,
AddFace,578,579,505,
AddFace,580,26,581,
AddFace,582,133,583,
AddFace,584,583,133,
AddFace,132,584,133,
AddFace,26,580,211,
AddFace,464,456,454,
AddFace,168,585,586,
AddFace,168,586,587,
AddFace,168,587,169,
AddFace,588,589,590,
AddFace,590,591,588,
AddFace,592,593,594,
AddFace,595,596,597,
AddFace,597,598,595,
AddFace,599,600,601,
AddFace,601,602,599,
AddFace,603,604,605,
AddFace,606,607,608,
AddFace,608,609,606,
AddFace,610,611,612,
AddFace,612,613,610,
AddFace,408,614,409,
AddFace,415,615,616,
AddFace,415,616,372,
AddFace,417,617,337,
AddFace,417,618,617,
AddFace,618,619,617,
AddFace,619,620,617,
AddFace,619,621,620,
AddFace,622,623,624,
AddFace,412,622,624,
AddFace,412,624,413,
AddFace,625,626,627,
AddFace,379,625,627,
AddFace,379,627,380,
AddFace,625,628,626,
AddFace,629,630,271,
AddFace,271,270,629,
AddFace,631,632,633,
AddFace,633,634,631,
AddFace,269,634,633,
AddFace,269,633,270,
AddFace,635,636,637,
AddFace,637,638,635,
AddFace,638,639,635,
AddFace,635,640,636,
AddFace,641,636,640,
AddFace,640,642,641,
AddFace,642,639,641,
AddFace,639,638,641,
AddFace,638,643,641,
AddFace,629,632,3,
AddFace,630,629,3,
AddFace,3,2,630,
AddFace,632,631,3,
AddFace,644,645,646,
AddFace,647,644,646,
AddFace,647,646,648,
AddFace,648,649,647,
AddFace,650,647,649,
AddFace,649,651,650,
AddFace,650,651,652,
AddFace,650,653,647,
AddFace,646,645,654,
AddFace,646,654,655,
AddFace,646,655,656,
AddFace,656,648,646,
AddFace,261,657,658,
AddFace,658,262,261,
AddFace,658,659,262,
AddFace,659,660,262,
AddFace,661,662,663,
AddFace,661,663,664,
AddFace,664,665,661,
AddFace,666,661,665,
AddFace,665,667,666,
AddFace,668,666,667,
AddFace,667,669,668,
AddFace,670,668,669,
AddFace,669,671,670,
AddFace,672,673,674,
AddFace,674,257,672,
AddFace,675,672,257,
AddFace,676,675,257,
AddFace,257,256,676,
AddFace,252,677,253,
AddFace,252,678,677,
AddFace,679,680,681,
AddFace,682,679,681,
AddFace,681,683,682,
AddFace,684,280,283,
AddFace,283,685,684,
AddFace,686,687,285,
AddFace,285,284,686,
AddFace,284,287,686,
AddFace,688,689,690,
AddFace,690,691,688,
AddFace,683,681,680,
AddFace,680,692,683,
AddFace,680,693,692,
AddFace,257,674,694,
AddFace,257,694,259,
AddFace,695,671,652,
AddFace,652,651,695,
AddFace,696,654,665,
AddFace,665,664,696,
AddFace,654,696,655,
AddFace,697,698,365,
AddFace,10,365,698,
AddFace,10,698,9,
AddFace,269,699,634,
AddFace,699,700,634,
AddFace,700,701,634,
AddFace,265,702,703,
AddFace,265,703,267,
AddFace,265,704,702,
AddFace,628,705,626,
AddFace,622,706,623,
AddFace,707,708,709,
AddFace,709,710,707,
AddFace,377,711,378,
AddFace,712,713,714,
AddFace,714,715,712,
AddFace,713,716,714,
AddFace,310,717,311,
AddFace,718,719,720,
AddFace,720,721,718,
AddFace,721,720,722,
AddFace,722,723,721,
AddFace,724,725,726,
AddFace,727,724,726,
AddFace,728,727,726,
AddFace,728,726,729,
AddFace,729,730,728,
AddFace,111,731,112,
AddFace,111,732,731,
AddFace,733,734,735,
AddFace,735,736,733,
AddFace,737,738,739,
AddFace,739,740,737,
AddFace,741,742,743,
AddFace,743,744,741,
AddFace,745,746,747,
AddFace,747,748,745,
AddFace,749,750,751,
AddFace,751,752,749,
AddFace,753,754,755,
AddFace,755,756,753,
AddFace,757,758,759,
AddFace,759,760,757,
AddFace,761,762,763,
AddFace,763,764,761,
AddFace,765,766,767,
AddFace,767,768,765,
AddFace,769,770,771,
AddFace,771,772,769,
AddFace,773,774,775,
AddFace,775,776,773,
AddFace,775,777,776,
AddFace,778,779,780,
AddFace,780,781,778,
AddFace,782,783,784,
AddFace,784,785,782,
AddFace,786,787,788,
AddFace,788,789,786,
AddFace,790,791,792,
AddFace,792,793,790,
AddFace,794,795,796,
AddFace,796,797,794,
AddFace,798,799,800,
AddFace,800,801,798,
AddFace,802,803,804,
AddFace,804,805,802,
AddFace,806,807,808,
AddFace,808,809,806,
AddFace,810,811,812,
AddFace,810,812,813,
AddFace,798,810,813,
AddFace,799,798,813,
AddFace,799,813,814,
AddFace,815,799,814,
AddFace,815,814,816,
AddFace,817,815,816,
AddFace,817,816,818,
AddFace,818,819,817,
AddFace,820,821,822,
AddFace,822,823,820,
AddFace,824,825,826,
AddFace,826,827,824,
AddFace,828,829,830,
AddFace,830,831,828,
AddFace,832,833,834,
AddFace,834,835,832,
AddFace,811,836,812,
AddFace,836,837,812,
AddFace,837,838,812,
AddFace,837,839,838,
AddFace,839,840,838,
AddFace,840,841,838,
AddFace,840,842,841,
AddFace,842,843,841,
AddFace,843,844,841,
AddFace,844,845,841,
AddFace,844,846,845,
AddFace,846,847,845,
AddFace,847,848,845,
AddFace,848,849,845,
AddFace,850,849,848,
AddFace,851,850,848,
AddFace,851,848,852,
AddFace,851,852,853,
AddFace,851,853,854,
AddFace,855,851,854,
AddFace,855,854,856,
AddFace,855,856,857,
AddFace,858,855,857,
AddFace,858,857,859,
AddFace,858,859,860,
AddFace,858,860,861,
AddFace,862,858,861,
AddFace,862,861,863,
AddFace,862,863,864,
AddFace,862,864,801,
AddFace,800,862,801,
AddFace,865,866,867,
AddFace,867,868,865,
AddFace,869,870,871,
AddFace,871,872,869,
AddFace,873,874,875,
AddFace,875,876,873,
AddFace,877,878,879,
AddFace,879,880,877,
AddFace,881,882,883,
AddFace,883,884,881,
AddFace,885,886,887,
AddFace,887,888,885,
AddFace,850,889,890,
AddFace,850,890,849,
AddFace,889,891,890,
AddFace,889,892,891,
AddFace,892,893,891,
AddFace,892,894,893,
AddFace,895,893,894,
AddFace,895,894,892,
AddFace,896,897,898,
AddFace,898,899,896,
AddFace,900,901,902,
AddFace,902,903,900,
AddFace,904,905,906,
AddFace,906,907,904,
AddFace,908,909,910,
AddFace,910,911,908,
AddFace,912,913,914,
AddFace,914,915,912,
AddFace,916,917,918,
AddFace,918,919,916,
AddFace,920,921,922,
AddFace,922,923,920,
AddFace,924,925,926,
AddFace,926,927,924,
AddFace,928,929,930,
AddFace,930,931,928,
AddFace,932,933,934,
AddFace,934,935,932,
AddFace,936,937,938,
AddFace,938,939,936,
AddFace,940,941,942,
AddFace,942,943,940,
AddFace,944,945,946,
AddFace,946,947,944,
AddFace,948,949,950,
AddFace,950,951,948,
AddFace,952,953,954,
AddFace,954,955,952,
AddFace,956,957,958,
AddFace,958,959,956,
AddFace,960,961,962,
AddFace,962,963,960,
AddFace,964,965,966,
AddFace,966,967,964,
AddFace,968,969,970,
AddFace,970,971,968,
AddFace,972,973,974,
AddFace,974,975,972,
AddFace,976,977,978,
AddFace,978,979,976,
AddFace,980,981,982,
AddFace,982,983,980,
AddFace,728,984,727,
AddFace,728,985,984,
AddFace,985,986,984,
AddFace,987,988,989,
AddFace,989,990,987,
AddFace,991,992,993,
AddFace,994,995,996,
AddFace,997,998,999,
AddFace,999,1000,997,
GenerateNormals,
SetColor,255,255,255,255,

CreateMeshBuilder,
;Jeminie 3DS Converter
AddVertex,-1.328168,2.697480,8.366216,
AddVertex,-1.350000,2.697480,8.289194,
AddVertex,-1.350000,2.697480,8.389194,
AddVertex,-1.327169,2.697480,8.368628,
AddVertex,-1.325579,2.697480,8.370698,
AddVertex,-1.323508,2.697480,8.372288,
AddVertex,-1.300000,2.697480,8.389194,
AddVertex,-1.321097,2.697480,8.373286,
AddVertex,-1.323508,2.717480,8.372288,
AddVertex,-1.323508,2.697480,8.372288,
AddVertex,-1.321097,2.697480,8.373286,
AddVertex,-1.321097,2.717480,8.373286,
AddVertex,-1.323508,2.717480,8.372288,
AddVertex,-1.321097,2.717480,8.373286,
AddVertex,-1.321097,2.717480,8.353968,
AddVertex,-1.323508,2.717480,8.354967,
AddVertex,-1.325579,2.717480,8.370698,
AddVertex,-1.325579,2.717480,8.356556,
AddVertex,-1.327169,2.717480,8.368628,
AddVertex,-1.327169,2.717480,8.358627,
AddVertex,-1.328168,2.717480,8.366216,
AddVertex,-1.328168,2.717480,8.361039,
AddVertex,-1.328508,2.717480,8.363627,
AddVertex,-1.328168,2.717480,8.366216,
AddVertex,-1.328508,2.717480,8.363627,
AddVertex,-1.328508,2.697480,8.363627,
AddVertex,-1.328168,2.697480,8.366216,
AddVertex,-1.327169,2.717480,8.368628,
AddVertex,-1.328168,2.717480,8.366216,
AddVertex,-1.328168,2.697480,8.366216,
AddVertex,-1.327169,2.697480,8.368628,
AddVertex,-1.325579,2.717480,8.370698,
AddVertex,-1.327169,2.717480,8.368628,
AddVertex,-1.327169,2.697480,8.368628,
AddVertex,-1.325579,2.697480,8.370698,
AddVertex,-1.325579,2.717480,8.370698,
AddVertex,-1.325579,2.697480,8.370698,
AddVertex,-1.323508,2.697480,8.372288,
AddVertex,-1.323508,2.717480,8.372288,
AddVertex,-1.328508,2.697480,8.363627,
AddVertex,-1.328508,2.697480,8.303627,
AddVertex,-1.328168,2.697480,8.301039,
AddVertex,-1.327169,2.697480,8.298627,
AddVertex,-1.325579,2.697480,8.296556,
AddVertex,-1.323508,2.697480,8.294967,
AddVertex,-1.321097,2.697480,8.293968,
AddVertex,-1.300000,2.697480,8.289194,
AddVertex,-1.350000,2.547480,8.289194,
AddVertex,-1.350000,2.697480,8.289194,
AddVertex,-1.300000,2.697480,8.289194,
AddVertex,-1.300000,2.547480,8.289194,
AddVertex,-1.350000,2.547480,8.289194,
AddVertex,-1.300000,2.547480,8.289194,
AddVertex,-1.300000,2.547480,8.389194,
AddVertex,-1.350000,2.547480,8.389194,
AddVertex,-0.426956,1.974778,9.418121,
AddVertex,-0.426956,1.899778,9.418121,
AddVertex,-0.426956,1.879778,9.418121,
AddVertex,-0.426956,1.424778,9.418121,
AddVertex,-0.426956,1.424778,9.325413,
AddVertex,-0.426956,1.974778,9.175412,
AddVertex,-0.426956,1.424778,9.175412,
AddVertex,-0.426956,1.974778,9.175412,
AddVertex,-0.426956,1.424778,9.175412,
AddVertex,-0.685503,1.424778,9.175412,
AddVertex,-0.685503,1.974778,9.175412,
AddVertex,-0.593001,1.989778,9.503190,
AddVertex,-0.593001,1.984778,9.503190,
AddVertex,-0.573001,1.984778,9.503190,
AddVertex,-0.573001,1.989778,9.503190,
AddVertex,-0.593001,1.989778,9.503190,
AddVertex,-0.573001,1.989778,9.503190,
AddVertex,-0.586061,1.989778,9.498305,
AddVertex,-0.589132,1.989778,9.497033,
AddVertex,-0.591769,1.989778,9.495009,
AddVertex,-0.593793,1.989778,9.492373,
AddVertex,-0.595065,1.989778,9.489302,
AddVertex,-0.603001,1.989778,9.485869,
AddVertex,-0.595499,1.989778,9.486006,
AddVertex,-0.595065,1.989778,9.482710,
AddVertex,-0.593001,1.989778,9.468549,
AddVertex,-0.603001,1.989778,9.485869,
AddVertex,-0.593001,1.989778,9.468549,
AddVertex,-0.593001,1.984778,9.468549,
AddVertex,-0.603001,1.984778,9.485869,
AddVertex,-0.593001,1.989778,9.503190,
AddVertex,-0.603001,1.989778,9.485869,
AddVertex,-0.603001,1.984778,9.485869,
AddVertex,-0.593001,1.984778,9.503190,
AddVertex,-0.657647,2.004777,9.497703,
AddVertex,-0.657647,1.984778,9.497703,
AddVertex,-0.653610,1.984778,9.497171,
AddVertex,-0.653610,2.004777,9.497171,
AddVertex,-0.657647,2.004777,9.497703,
AddVertex,-0.653610,2.004777,9.497171,
AddVertex,-0.655059,2.004777,9.491762,
AddVertex,-0.657647,2.004777,9.492103,
AddVertex,-0.660235,2.004777,9.491762,
AddVertex,-0.661685,2.004777,9.497171,
AddVertex,-0.662647,2.004777,9.490763,
AddVertex,-0.664718,2.004777,9.489174,
AddVertex,-0.665447,2.004777,9.495613,
AddVertex,-0.666308,2.004777,9.487103,
AddVertex,-0.667307,2.004777,9.484691,
AddVertex,-0.668678,2.004777,9.493134,
AddVertex,-0.667647,2.004777,9.482102,
AddVertex,-0.668678,2.004777,9.471072,
AddVertex,-0.671157,2.004777,9.489902,
AddVertex,-0.671157,2.004777,9.474302,
AddVertex,-0.672716,2.004777,9.486140,
AddVertex,-0.672716,2.004777,9.478065,
AddVertex,-0.673247,2.004777,9.482102,
AddVertex,-0.672716,2.004777,9.486140,
AddVertex,-0.673247,2.004777,9.482102,
AddVertex,-0.673247,1.984778,9.482102,
AddVertex,-0.672716,1.984778,9.486140,
AddVertex,-0.671157,2.004777,9.489902,
AddVertex,-0.672716,2.004777,9.486140,
AddVertex,-0.672716,1.984778,9.486140,
AddVertex,-0.671157,1.984778,9.489902,
AddVertex,-0.668678,2.004777,9.493134,
AddVertex,-0.671157,2.004777,9.489902,
AddVertex,-0.671157,1.984778,9.489902,
AddVertex,-0.668678,1.984778,9.493134,
AddVertex,-0.668678,2.004777,9.493134,
AddVertex,-0.668678,1.984778,9.493134,
AddVertex,-0.665447,1.984778,9.495613,
AddVertex,-0.665447,2.004777,9.495613,
AddVertex,-0.665447,2.004777,9.495613,
AddVertex,-0.665447,1.984778,9.495613,
AddVertex,-0.661685,1.984778,9.497171,
AddVertex,-0.661685,2.004777,9.497171,
AddVertex,-0.661685,2.004777,9.497171,
AddVertex,-0.661685,1.984778,9.497171,
AddVertex,-0.657647,1.984778,9.497703,
AddVertex,-0.657647,2.004777,9.497703,
AddVertex,-0.685503,1.210614,9.325413,
AddVertex,-0.685503,1.210614,9.418121,
AddVertex,-0.685503,1.974778,9.418121,
AddVertex,-0.685503,1.424778,9.325413,
AddVertex,-0.685503,1.424778,9.175412,
AddVertex,-0.685503,1.974778,9.175412,
AddVertex,-0.426956,1.424778,9.325413,
AddVertex,-0.685503,1.424778,9.325413,
AddVertex,-0.685503,1.424778,9.175412,
AddVertex,-0.426956,1.424778,9.175412,
AddVertex,0.111417,1.946332,9.467719,
AddVertex,0.111228,1.947235,9.468835,
AddVertex,0.111417,1.948137,9.469950,
AddVertex,0.111971,1.945491,9.466680,
AddVertex,0.111971,1.948978,9.470989,
AddVertex,0.112852,1.944769,9.465787,
AddVertex,0.112852,1.949700,9.471882,
AddVertex,0.114000,1.944215,9.465102,
AddVertex,0.114000,1.950254,9.472567,
AddVertex,0.115337,1.950602,9.472997,
AddVertex,0.115337,1.943867,9.464672,
AddVertex,0.116772,1.943748,9.464525,
AddVertex,0.116772,1.950721,9.473144,
AddVertex,0.118206,1.943867,9.464672,
AddVertex,0.118206,1.950602,9.472997,
AddVertex,0.119543,1.944215,9.465102,
AddVertex,0.119543,1.950254,9.472567,
AddVertex,0.120691,1.949700,9.471882,
AddVertex,0.120691,1.944769,9.465787,
AddVertex,0.121572,1.945491,9.466680,
AddVertex,0.121572,1.948978,9.470989,
AddVertex,0.122126,1.946332,9.467719,
AddVertex,0.122126,1.948137,9.469950,
AddVertex,0.122315,1.947235,9.468835,
AddVertex,-0.505872,2.142982,9.565303,
AddVertex,-0.504383,2.143569,9.565493,
AddVertex,-0.501186,2.143569,9.565493,
AddVertex,-0.499697,2.142982,9.565303,
AddVertex,-0.507151,2.142048,9.565001,
AddVertex,-0.498418,2.142048,9.565001,
AddVertex,-0.508133,2.140831,9.564607,
AddVertex,-0.497436,2.140831,9.564607,
AddVertex,-0.508750,2.139414,9.564148,
AddVertex,-0.496819,2.139414,9.564148,
AddVertex,-0.508960,2.137893,9.563655,
AddVertex,-0.496609,2.137893,9.563655,
AddVertex,-0.508750,2.136373,9.563163,
AddVertex,-0.496819,2.136373,9.563163,
AddVertex,-0.508133,2.134956,9.562704,
AddVertex,-0.497436,2.134956,9.562704,
AddVertex,-0.507151,2.133739,9.562310,
AddVertex,-0.498418,2.133739,9.562310,
AddVertex,-0.505872,2.132805,9.562008,
AddVertex,-0.499697,2.132805,9.562008,
AddVertex,-0.504383,2.132219,9.561817,
AddVertex,-0.501186,2.132219,9.561817,
AddVertex,-0.502784,2.132018,9.561752,
AddVertex,-0.502784,2.143769,9.565557,
AddVertex,-0.393733,2.131795,9.561680,
AddVertex,-0.394857,2.132238,9.561824,
AddVertex,-0.390199,2.132238,9.561824,
AddVertex,-0.391323,2.131795,9.561680,
AddVertex,-0.392528,2.131644,9.561631,
AddVertex,-0.389235,2.132942,9.562052,
AddVertex,-0.395821,2.132942,9.562052,
AddVertex,-0.388495,2.133859,9.562349,
AddVertex,-0.396561,2.133859,9.562349,
AddVertex,-0.388029,2.134928,9.562695,
AddVertex,-0.397027,2.134928,9.562695,
AddVertex,-0.387871,2.136075,9.563066,
AddVertex,-0.397185,2.136075,9.563066,
AddVertex,-0.388029,2.137222,9.563437,
AddVertex,-0.397027,2.137222,9.563437,
AddVertex,-0.388495,2.138290,9.563784,
AddVertex,-0.396561,2.138290,9.563784,
AddVertex,-0.389235,2.139208,9.564081,
AddVertex,-0.395821,2.139208,9.564081,
AddVertex,-0.390199,2.139912,9.564309,
AddVertex,-0.394857,2.139912,9.564309,
AddVertex,-0.391323,2.140355,9.564452,
AddVertex,-0.393733,2.140355,9.564452,
AddVertex,-0.392528,2.140506,9.564501,
AddVertex,-0.677889,2.217203,9.578828,
AddVertex,-0.617889,2.217203,9.578828,
AddVertex,-0.617889,2.220284,9.569314,
AddVertex,-0.677889,2.220284,9.569314,
AddVertex,-0.677889,2.179148,9.566504,
AddVertex,-0.677889,2.217203,9.578828,
AddVertex,-0.677889,2.220284,9.569314,
AddVertex,-0.677889,2.182229,9.556991,
AddVertex,-0.617889,2.179148,9.566504,
AddVertex,-0.677889,2.179148,9.566504,
AddVertex,-0.677889,2.182229,9.556991,
AddVertex,-0.617889,2.182229,9.556991,
AddVertex,-0.617889,2.179148,9.566504,
AddVertex,-0.617889,2.182229,9.556991,
AddVertex,-0.617889,2.220284,9.569314,
AddVertex,-0.617889,2.217203,9.578828,
AddVertex,-0.640176,2.194964,9.561114,
AddVertex,-0.617889,2.220284,9.569314,
AddVertex,-0.617889,2.182229,9.556991,
AddVertex,-0.642247,2.193452,9.560625,
AddVertex,-0.644659,2.192502,9.560317,
AddVertex,-0.677889,2.182229,9.556991,
AddVertex,-0.647247,2.192177,9.560212,
AddVertex,-0.638587,2.196934,9.561753,
AddVertex,-0.637588,2.199229,9.562496,
AddVertex,-0.637247,2.201691,9.563293,
AddVertex,-0.637588,2.204153,9.564091,
AddVertex,-0.638587,2.206448,9.564834,
AddVertex,-0.640176,2.208418,9.565472,
AddVertex,-0.642247,2.209930,9.565962,
AddVertex,-0.644659,2.210880,9.566269,
AddVertex,-0.647247,2.211205,9.566374,
AddVertex,-0.677889,2.220284,9.569314,
AddVertex,-0.649835,2.210880,9.566269,
AddVertex,-0.652247,2.209930,9.565962,
AddVertex,-0.654318,2.208418,9.565472,
AddVertex,-0.655907,2.206448,9.564834,
AddVertex,-0.656906,2.204153,9.564091,
AddVertex,-0.657247,2.201691,9.563293,
AddVertex,-0.656906,2.199229,9.562496,
AddVertex,-0.655907,2.196934,9.561753,
AddVertex,-0.654318,2.194964,9.561114,
AddVertex,-0.652247,2.193452,9.560625,
AddVertex,-0.649835,2.192502,9.560317,
AddVertex,-0.442047,1.984778,9.482102,
AddVertex,-0.442579,1.984778,9.478065,
AddVertex,-0.442579,2.004777,9.478065,
AddVertex,-0.442047,2.004777,9.482102,
AddVertex,-0.442579,1.984778,9.486140,
AddVertex,-0.442047,1.984778,9.482102,
AddVertex,-0.442047,2.004777,9.482102,
AddVertex,-0.442579,2.004777,9.486140,
AddVertex,-0.444137,1.984778,9.489902,
AddVertex,-0.442579,1.984778,9.486140,
AddVertex,-0.442579,2.004777,9.486140,
AddVertex,-0.444137,2.004777,9.489902,
AddVertex,-0.446616,1.984778,9.493134,
AddVertex,-0.444137,1.984778,9.489902,
AddVertex,-0.444137,2.004777,9.489902,
AddVertex,-0.446616,2.004777,9.493134,
AddVertex,-0.446616,1.984778,9.493134,
AddVertex,-0.446616,2.004777,9.493134,
AddVertex,-0.449847,2.004777,9.495613,
AddVertex,-0.449847,1.984778,9.495613,
AddVertex,-0.449847,1.984778,9.495613,
AddVertex,-0.449847,2.004777,9.495613,
AddVertex,-0.453610,2.004777,9.497171,
AddVertex,-0.453610,1.984778,9.497171,
AddVertex,-0.453610,1.984778,9.497171,
AddVertex,-0.453610,2.004777,9.497171,
AddVertex,-0.457647,2.004777,9.497703,
AddVertex,-0.457647,1.984778,9.497703,
AddVertex,-0.457647,1.984778,9.497703,
AddVertex,-0.457647,2.004777,9.497703,
AddVertex,-0.461685,2.004777,9.497171,
AddVertex,-0.461685,1.984778,9.497171,
AddVertex,-0.461685,1.984778,9.497171,
AddVertex,-0.461685,2.004777,9.497171,
AddVertex,-0.465447,2.004777,9.495613,
AddVertex,-0.465447,1.984778,9.495613,
AddVertex,-0.468678,1.984778,9.471072,
AddVertex,-0.471157,1.984778,9.474302,
AddVertex,-0.471157,2.004777,9.474302,
AddVertex,-0.468678,2.004777,9.471072,
AddVertex,-0.468678,1.984778,9.471072,
AddVertex,-0.468678,2.004777,9.471072,
AddVertex,-0.465447,2.004777,9.468593,
AddVertex,-0.465447,1.984778,9.468593,
AddVertex,-0.465447,1.984778,9.468593,
AddVertex,-0.465447,2.004777,9.468593,
AddVertex,-0.461685,2.004777,9.467034,
AddVertex,-0.461685,1.984778,9.467034,
AddVertex,-0.461685,1.984778,9.467034,
AddVertex,-0.461685,2.004777,9.467034,
AddVertex,-0.457647,2.004777,9.466502,
AddVertex,-0.457647,1.984778,9.466502,
AddVertex,-0.457647,1.984778,9.466502,
AddVertex,-0.457647,2.004777,9.466502,
AddVertex,-0.453610,2.004777,9.467034,
AddVertex,-0.453610,1.984778,9.467034,
AddVertex,-0.453610,1.984778,9.467034,
AddVertex,-0.453610,2.004777,9.467034,
AddVertex,-0.449847,2.004777,9.468593,
AddVertex,-0.449847,1.984778,9.468593,
AddVertex,-0.449847,1.984778,9.468593,
AddVertex,-0.449847,2.004777,9.468593,
AddVertex,-0.446616,2.004777,9.471072,
AddVertex,-0.446616,1.984778,9.471072,
AddVertex,-0.444137,1.984778,9.474302,
AddVertex,-0.446616,1.984778,9.471072,
AddVertex,-0.446616,2.004777,9.471072,
AddVertex,-0.444137,2.004777,9.474302,
AddVertex,-0.442579,1.984778,9.478065,
AddVertex,-0.444137,1.984778,9.474302,
AddVertex,-0.444137,2.004777,9.474302,
AddVertex,-0.442579,2.004777,9.478065,
AddVertex,-0.444137,2.004777,9.489902,
AddVertex,-0.442579,2.004777,9.478065,
AddVertex,-0.444137,2.004777,9.474302,
AddVertex,-0.446616,2.004777,9.493134,
AddVertex,-0.446616,2.004777,9.471072,
AddVertex,-0.447647,2.004777,9.482102,
AddVertex,-0.447988,2.004777,9.484691,
AddVertex,-0.448987,2.004777,9.487103,
AddVertex,-0.449847,2.004777,9.495613,
AddVertex,-0.450576,2.004777,9.489174,
AddVertex,-0.452647,2.004777,9.490763,
AddVertex,-0.453610,2.004777,9.497171,
AddVertex,-0.455059,2.004777,9.491762,
AddVertex,-0.457647,2.004777,9.492103,
AddVertex,-0.457647,2.004777,9.497703,
AddVertex,-0.460235,2.004777,9.491762,
AddVertex,-0.461685,2.004777,9.497171,
AddVertex,-0.462647,2.004777,9.490763,
AddVertex,-0.464718,2.004777,9.489174,
AddVertex,-0.465447,2.004777,9.495613,
AddVertex,-0.466308,2.004777,9.487103,
AddVertex,-0.467307,2.004777,9.484691,
AddVertex,-0.468678,2.004777,9.493134,
AddVertex,-0.467647,2.004777,9.482102,
AddVertex,-0.468678,2.004777,9.471072,
AddVertex,-0.471157,2.004777,9.489902,
AddVertex,-0.471157,2.004777,9.474302,
AddVertex,-0.472716,2.004777,9.486140,
AddVertex,-0.472716,2.004777,9.478065,
AddVertex,-0.473247,2.004777,9.482102,
AddVertex,-0.472716,2.004777,9.486140,
AddVertex,-0.473247,2.004777,9.482102,
AddVertex,-0.473247,1.984778,9.482102,
AddVertex,-0.472716,1.984778,9.486140,
AddVertex,-0.471157,2.004777,9.489902,
AddVertex,-0.472716,2.004777,9.486140,
AddVertex,-0.472716,1.984778,9.486140,
AddVertex,-0.471157,1.984778,9.489902,
AddVertex,-0.468678,2.004777,9.493134,
AddVertex,-0.471157,2.004777,9.489902,
AddVertex,-0.471157,1.984778,9.489902,
AddVertex,-0.468678,1.984778,9.493134,
AddVertex,-0.468678,2.004777,9.493134,
AddVertex,-0.468678,1.984778,9.493134,
AddVertex,-0.465447,1.984778,9.495613,
AddVertex,-0.465447,2.004777,9.495613,
AddVertex,-0.472716,1.984778,9.478065,
AddVertex,-0.473247,1.984778,9.482102,
AddVertex,-0.473247,2.004777,9.482102,
AddVertex,-0.472716,2.004777,9.478065,
AddVertex,-0.471157,1.984778,9.474302,
AddVertex,-0.472716,1.984778,9.478065,
AddVertex,-0.472716,2.004777,9.478065,
AddVertex,-0.471157,2.004777,9.474302,
AddVertex,-0.467307,2.004777,9.479514,
AddVertex,-0.465447,2.004777,9.468593,
AddVertex,-0.466308,2.004777,9.477102,
AddVertex,-0.464718,2.004777,9.475032,
AddVertex,-0.461685,2.004777,9.467034,
AddVertex,-0.462647,2.004777,9.473442,
AddVertex,-0.460235,2.004777,9.472444,
AddVertex,-0.457647,2.004777,9.466502,
AddVertex,-0.457647,2.004777,9.472103,
AddVertex,-0.453610,2.004777,9.467034,
AddVertex,-0.455059,2.004777,9.472444,
AddVertex,-0.452647,2.004777,9.473442,
AddVertex,-0.449847,2.004777,9.468593,
AddVertex,-0.450576,2.004777,9.475032,
AddVertex,-0.448987,2.004777,9.477102,
AddVertex,-0.447988,2.004777,9.479514,
AddVertex,-0.447647,2.004777,9.482102,
AddVertex,-0.447988,2.004777,9.479514,
AddVertex,-0.447988,1.994778,9.479514,
AddVertex,-0.447647,1.994778,9.482102,
AddVertex,-0.447988,2.004777,9.484691,
AddVertex,-0.447647,2.004777,9.482102,
AddVertex,-0.447647,1.994778,9.482102,
AddVertex,-0.447988,1.994778,9.484691,
AddVertex,-0.448987,2.004777,9.487103,
AddVertex,-0.447988,2.004777,9.484691,
AddVertex,-0.447988,1.994778,9.484691,
AddVertex,-0.448987,1.994778,9.487103,
AddVertex,-0.450576,2.004777,9.489174,
AddVertex,-0.448987,2.004777,9.487103,
AddVertex,-0.448987,1.994778,9.487103,
AddVertex,-0.450576,1.994778,9.489174,
AddVertex,-0.450576,2.004777,9.489174,
AddVertex,-0.450576,1.994778,9.489174,
AddVertex,-0.452647,1.994778,9.490763,
AddVertex,-0.452647,2.004777,9.490763,
AddVertex,-0.452647,2.004777,9.490763,
AddVertex,-0.452647,1.994778,9.490763,
AddVertex,-0.455059,1.994778,9.491762,
AddVertex,-0.455059,2.004777,9.491762,
AddVertex,-0.455059,2.004777,9.491762,
AddVertex,-0.455059,1.994778,9.491762,
AddVertex,-0.457647,1.994778,9.492103,
AddVertex,-0.457647,2.004777,9.492103,
AddVertex,-0.457647,2.004777,9.492103,
AddVertex,-0.457647,1.994778,9.492103,
AddVertex,-0.460235,1.994778,9.491762,
AddVertex,-0.460235,2.004777,9.491762,
AddVertex,-0.460235,2.004777,9.491762,
AddVertex,-0.460235,1.994778,9.491762,
AddVertex,-0.462647,1.994778,9.490763,
AddVertex,-0.462647,2.004777,9.490763,
AddVertex,-0.462647,2.004777,9.490763,
AddVertex,-0.462647,1.994778,9.490763,
AddVertex,-0.464718,1.994778,9.489174,
AddVertex,-0.464718,2.004777,9.489174,
AddVertex,-0.466308,2.004777,9.487103,
AddVertex,-0.464718,2.004777,9.489174,
AddVertex,-0.464718,1.994778,9.489174,
AddVertex,-0.466308,1.994778,9.487103,
AddVertex,-0.467307,2.004777,9.484691,
AddVertex,-0.466308,2.004777,9.487103,
AddVertex,-0.466308,1.994778,9.487103,
AddVertex,-0.467307,1.994778,9.484691,
AddVertex,-0.467647,2.004777,9.482102,
AddVertex,-0.467307,2.004777,9.484691,
AddVertex,-0.467307,1.994778,9.484691,
AddVertex,-0.467647,1.994778,9.482102,
AddVertex,-0.467307,2.004777,9.479514,
AddVertex,-0.467647,2.004777,9.482102,
AddVertex,-0.467647,1.994778,9.482102,
AddVertex,-0.467307,1.994778,9.479514,
AddVertex,-0.466308,2.004777,9.477102,
AddVertex,-0.467307,2.004777,9.479514,
AddVertex,-0.467307,1.994778,9.479514,
AddVertex,-0.466308,1.994778,9.477102,
AddVertex,-0.464718,2.004777,9.475032,
AddVertex,-0.466308,2.004777,9.477102,
AddVertex,-0.466308,1.994778,9.477102,
AddVertex,-0.464718,1.994778,9.475032,
AddVertex,-0.464718,2.004777,9.475032,
AddVertex,-0.464718,1.994778,9.475032,
AddVertex,-0.462647,1.994778,9.473442,
AddVertex,-0.462647,2.004777,9.473442,
AddVertex,-0.462647,2.004777,9.473442,
AddVertex,-0.462647,1.994778,9.473442,
AddVertex,-0.460235,1.994778,9.472444,
AddVertex,-0.460235,2.004777,9.472444,
AddVertex,-0.460235,2.004777,9.472444,
AddVertex,-0.460235,1.994778,9.472444,
AddVertex,-0.457647,1.994778,9.472103,
AddVertex,-0.457647,2.004777,9.472103,
AddVertex,-0.457647,2.004777,9.472103,
AddVertex,-0.457647,1.994778,9.472103,
AddVertex,-0.455059,1.994778,9.472444,
AddVertex,-0.455059,2.004777,9.472444,
AddVertex,-0.455059,2.004777,9.472444,
AddVertex,-0.455059,1.994778,9.472444,
AddVertex,-0.452647,1.994778,9.473442,
AddVertex,-0.452647,2.004777,9.473442,
AddVertex,-0.452647,2.004777,9.473442,
AddVertex,-0.452647,1.994778,9.473442,
AddVertex,-0.450576,1.994778,9.475032,
AddVertex,-0.450576,2.004777,9.475032,
AddVertex,-0.448987,2.004777,9.477102,
AddVertex,-0.450576,2.004777,9.475032,
AddVertex,-0.450576,1.994778,9.475032,
AddVertex,-0.448987,1.994778,9.477102,
AddVertex,-0.447988,2.004777,9.479514,
AddVertex,-0.448987,2.004777,9.477102,
AddVertex,-0.448987,1.994778,9.477102,
AddVertex,-0.447988,1.994778,9.479514,
AddVertex,-0.442579,2.004777,9.486140,
AddVertex,-0.442047,2.004777,9.482102,
AddVertex,-0.503001,1.984778,9.485869,
AddVertex,-0.513001,1.984778,9.468549,
AddVertex,-0.513001,1.989778,9.468549,
AddVertex,-0.503001,1.989778,9.485869,
AddVertex,-0.513001,1.984778,9.503190,
AddVertex,-0.503001,1.984778,9.485869,
AddVertex,-0.503001,1.989778,9.485869,
AddVertex,-0.513001,1.989778,9.503190,
AddVertex,-0.513001,1.984778,9.503190,
AddVertex,-0.513001,1.989778,9.503190,
AddVertex,-0.533001,1.989778,9.503190,
AddVertex,-0.533001,1.984778,9.503190,
AddVertex,-0.543001,1.984778,9.485869,
AddVertex,-0.533001,1.984778,9.503190,
AddVertex,-0.533001,1.989778,9.503190,
AddVertex,-0.543001,1.989778,9.485869,
AddVertex,-0.533001,1.984778,9.468549,
AddVertex,-0.543001,1.984778,9.485869,
AddVertex,-0.543001,1.989778,9.485869,
AddVertex,-0.533001,1.989778,9.468549,
AddVertex,-0.533001,1.984778,9.468549,
AddVertex,-0.533001,1.989778,9.468549,
AddVertex,-0.513001,1.989778,9.468549,
AddVertex,-0.513001,1.984778,9.468549,
AddVertex,-0.529101,1.989778,9.475736,
AddVertex,-0.513001,1.989778,9.468549,
AddVertex,-0.533001,1.989778,9.468549,
AddVertex,-0.531674,1.989778,9.477710,
AddVertex,-0.533648,1.989778,9.480282,
AddVertex,-0.534888,1.989778,9.483277,
AddVertex,-0.535312,1.989778,9.486492,
AddVertex,-0.543001,1.989778,9.485869,
AddVertex,-0.534888,1.989778,9.489706,
AddVertex,-0.533001,1.989778,9.503190,
AddVertex,-0.533648,1.989778,9.492702,
AddVertex,-0.526106,1.989778,9.474495,
AddVertex,-0.522892,1.989778,9.474072,
AddVertex,-0.519677,1.989778,9.474495,
AddVertex,-0.516681,1.989778,9.475736,
AddVertex,-0.514109,1.989778,9.477710,
AddVertex,-0.512135,1.989778,9.480282,
AddVertex,-0.503001,1.989778,9.485869,
AddVertex,-0.510895,1.989778,9.483277,
AddVertex,-0.510472,1.989778,9.486492,
AddVertex,-0.510895,1.989778,9.489706,
AddVertex,-0.512135,1.989778,9.492702,
AddVertex,-0.513001,1.989778,9.503190,
AddVertex,-0.514109,1.989778,9.495274,
AddVertex,-0.516681,1.989778,9.497248,
AddVertex,-0.519677,1.989778,9.498488,
AddVertex,-0.522892,1.989778,9.498912,
AddVertex,-0.526106,1.989778,9.498488,
AddVertex,-0.529101,1.989778,9.497248,
AddVertex,-0.531674,1.989778,9.495274,
AddVertex,-0.563001,1.984778,9.485869,
AddVertex,-0.573001,1.984778,9.468549,
AddVertex,-0.573001,1.989778,9.468549,
AddVertex,-0.563001,1.989778,9.485869,
AddVertex,-0.573001,1.984778,9.503190,
AddVertex,-0.563001,1.984778,9.485869,
AddVertex,-0.563001,1.989778,9.485869,
AddVertex,-0.573001,1.989778,9.503190,
AddVertex,-0.563001,1.989778,9.485869,
AddVertex,-0.571737,1.989778,9.492373,
AddVertex,-0.573761,1.989778,9.495009,
AddVertex,-0.576398,1.989778,9.497033,
AddVertex,-0.579469,1.989778,9.498305,
AddVertex,-0.582765,1.989778,9.498739,
AddVertex,-0.591769,1.989778,9.477001,
AddVertex,-0.589132,1.989778,9.474977,
AddVertex,-0.593793,1.989778,9.479639,
AddVertex,-0.586061,1.989778,9.473705,
AddVertex,-0.573001,1.989778,9.468549,
AddVertex,-0.593001,1.984778,9.468549,
AddVertex,-0.593001,1.989778,9.468549,
AddVertex,-0.573001,1.989778,9.468549,
AddVertex,-0.573001,1.984778,9.468549,
AddVertex,-0.582765,1.989778,9.473271,
AddVertex,-0.579469,1.989778,9.473705,
AddVertex,-0.576398,1.989778,9.474977,
AddVertex,-0.573761,1.989778,9.477001,
AddVertex,-0.571737,1.989778,9.479639,
AddVertex,-0.570465,1.989778,9.482710,
AddVertex,-0.570031,1.989778,9.486006,
AddVertex,-0.570465,1.989778,9.489302,
AddVertex,-0.642047,1.984778,9.482102,
AddVertex,-0.642579,1.984778,9.478065,
AddVertex,-0.642579,2.004777,9.478065,
AddVertex,-0.642047,2.004777,9.482102,
AddVertex,-0.642579,1.984778,9.486140,
AddVertex,-0.642047,1.984778,9.482102,
AddVertex,-0.642047,2.004777,9.482102,
AddVertex,-0.642579,2.004777,9.486140,
AddVertex,-0.644137,1.984778,9.489902,
AddVertex,-0.642579,1.984778,9.486140,
AddVertex,-0.642579,2.004777,9.486140,
AddVertex,-0.644137,2.004777,9.489902,
AddVertex,-0.646616,1.984778,9.493134,
AddVertex,-0.644137,1.984778,9.489902,
AddVertex,-0.644137,2.004777,9.489902,
AddVertex,-0.646616,2.004777,9.493134,
AddVertex,-0.646616,1.984778,9.493134,
AddVertex,-0.646616,2.004777,9.493134,
AddVertex,-0.649847,2.004777,9.495613,
AddVertex,-0.649847,1.984778,9.495613,
AddVertex,-0.649847,1.984778,9.495613,
AddVertex,-0.649847,2.004777,9.495613,
AddVertex,-0.653610,2.004777,9.497171,
AddVertex,-0.653610,1.984778,9.497171,
AddVertex,-0.649847,2.004777,9.495613,
AddVertex,-0.652647,2.004777,9.490763,
AddVertex,-0.655059,1.994778,9.491762,
AddVertex,-0.655059,2.004777,9.491762,
AddVertex,-0.652647,2.004777,9.490763,
AddVertex,-0.652647,1.994778,9.490763,
AddVertex,-0.667307,1.994778,9.484691,
AddVertex,-0.667647,1.994778,9.482102,
AddVertex,-0.667647,2.004777,9.482102,
AddVertex,-0.667307,2.004777,9.484691,
AddVertex,-0.666308,1.994778,9.487103,
AddVertex,-0.667307,1.994778,9.484691,
AddVertex,-0.667307,2.004777,9.484691,
AddVertex,-0.666308,2.004777,9.487103,
AddVertex,-0.664718,1.994778,9.489174,
AddVertex,-0.666308,1.994778,9.487103,
AddVertex,-0.666308,2.004777,9.487103,
AddVertex,-0.664718,2.004777,9.489174,
AddVertex,-0.664718,1.994778,9.489174,
AddVertex,-0.664718,2.004777,9.489174,
AddVertex,-0.662647,2.004777,9.490763,
AddVertex,-0.662647,1.994778,9.490763,
AddVertex,-0.662647,1.994778,9.490763,
AddVertex,-0.662647,2.004777,9.490763,
AddVertex,-0.660235,2.004777,9.491762,
AddVertex,-0.660235,1.994778,9.491762,
AddVertex,-0.660235,1.994778,9.491762,
AddVertex,-0.660235,2.004777,9.491762,
AddVertex,-0.657647,2.004777,9.492103,
AddVertex,-0.657647,1.994778,9.492103,
AddVertex,-0.657647,1.994778,9.492103,
AddVertex,-0.657647,2.004777,9.492103,
AddVertex,-0.655059,2.004777,9.491762,
AddVertex,-0.655059,1.994778,9.491762,
AddVertex,-0.667307,2.004777,9.479514,
AddVertex,-0.667647,2.004777,9.482102,
AddVertex,-0.667647,1.994778,9.482102,
AddVertex,-0.667307,1.994778,9.479514,
AddVertex,-0.666308,2.004777,9.477102,
AddVertex,-0.667307,2.004777,9.479514,
AddVertex,-0.667307,1.994778,9.479514,
AddVertex,-0.666308,1.994778,9.477102,
AddVertex,-0.664718,2.004777,9.475032,
AddVertex,-0.666308,2.004777,9.477102,
AddVertex,-0.666308,1.994778,9.477102,
AddVertex,-0.664718,1.994778,9.475032,
AddVertex,-0.664718,2.004777,9.475032,
AddVertex,-0.664718,1.994778,9.475032,
AddVertex,-0.662647,1.994778,9.473442,
AddVertex,-0.662647,2.004777,9.473442,
AddVertex,-0.664718,2.004777,9.475032,
AddVertex,-0.662647,2.004777,9.473442,
AddVertex,-0.661685,2.004777,9.467034,
AddVertex,-0.665447,2.004777,9.468593,
AddVertex,-0.666308,2.004777,9.477102,
AddVertex,-0.667307,2.004777,9.479514,
AddVertex,-0.668678,1.984778,9.471072,
AddVertex,-0.668678,2.004777,9.471072,
AddVertex,-0.665447,2.004777,9.468593,
AddVertex,-0.665447,1.984778,9.468593,
AddVertex,-0.665447,1.984778,9.468593,
AddVertex,-0.665447,2.004777,9.468593,
AddVertex,-0.661685,2.004777,9.467034,
AddVertex,-0.661685,1.984778,9.467034,
AddVertex,-0.661685,1.984778,9.467034,
AddVertex,-0.661685,2.004777,9.467034,
AddVertex,-0.657647,2.004777,9.466502,
AddVertex,-0.657647,1.984778,9.466502,
AddVertex,-0.657647,1.984778,9.466502,
AddVertex,-0.657647,2.004777,9.466502,
AddVertex,-0.653610,2.004777,9.467034,
AddVertex,-0.653610,1.984778,9.467034,
AddVertex,-0.653610,1.984778,9.467034,
AddVertex,-0.653610,2.004777,9.467034,
AddVertex,-0.649847,2.004777,9.468593,
AddVertex,-0.649847,1.984778,9.468593,
AddVertex,-0.649847,1.984778,9.468593,
AddVertex,-0.649847,2.004777,9.468593,
AddVertex,-0.646616,2.004777,9.471072,
AddVertex,-0.646616,1.984778,9.471072,
AddVertex,-0.644137,1.984778,9.474302,
AddVertex,-0.646616,1.984778,9.471072,
AddVertex,-0.646616,2.004777,9.471072,
AddVertex,-0.644137,2.004777,9.474302,
AddVertex,-0.642579,1.984778,9.478065,
AddVertex,-0.644137,1.984778,9.474302,
AddVertex,-0.644137,2.004777,9.474302,
AddVertex,-0.642579,2.004777,9.478065,
AddVertex,-0.644137,2.004777,9.489902,
AddVertex,-0.642579,2.004777,9.478065,
AddVertex,-0.644137,2.004777,9.474302,
AddVertex,-0.646616,2.004777,9.493134,
AddVertex,-0.646616,2.004777,9.471072,
AddVertex,-0.647647,2.004777,9.482102,
AddVertex,-0.647988,2.004777,9.484691,
AddVertex,-0.648987,2.004777,9.487103,
AddVertex,-0.650576,2.004777,9.489174,
AddVertex,-0.652647,1.994778,9.490763,
AddVertex,-0.652647,2.004777,9.490763,
AddVertex,-0.650576,2.004777,9.489174,
AddVertex,-0.650576,1.994778,9.489174,
AddVertex,-0.652647,2.004777,9.473442,
AddVertex,-0.652647,1.994778,9.473442,
AddVertex,-0.650576,1.994778,9.475032,
AddVertex,-0.650576,2.004777,9.475032,
AddVertex,-0.652647,2.004777,9.473442,
AddVertex,-0.650576,2.004777,9.475032,
AddVertex,-0.649847,2.004777,9.468593,
AddVertex,-0.653610,2.004777,9.467034,
AddVertex,-0.655059,2.004777,9.472444,
AddVertex,-0.657647,2.004777,9.472103,
AddVertex,-0.657647,2.004777,9.466502,
AddVertex,-0.660235,2.004777,9.472444,
AddVertex,-0.660235,1.994778,9.472444,
AddVertex,-0.660235,2.004777,9.472444,
AddVertex,-0.662647,2.004777,9.473442,
AddVertex,-0.662647,1.994778,9.473442,
AddVertex,-0.660235,2.004777,9.472444,
AddVertex,-0.660235,1.994778,9.472444,
AddVertex,-0.657647,1.994778,9.472103,
AddVertex,-0.657647,2.004777,9.472103,
AddVertex,-0.657647,2.004777,9.472103,
AddVertex,-0.657647,1.994778,9.472103,
AddVertex,-0.655059,1.994778,9.472444,
AddVertex,-0.655059,2.004777,9.472444,
AddVertex,-0.655059,2.004777,9.472444,
AddVertex,-0.655059,1.994778,9.472444,
AddVertex,-0.652647,1.994778,9.473442,
AddVertex,-0.652647,2.004777,9.473442,
AddVertex,-0.648987,2.004777,9.477102,
AddVertex,-0.647988,2.004777,9.479514,
AddVertex,-0.647647,2.004777,9.482102,
AddVertex,-0.647988,2.004777,9.479514,
AddVertex,-0.647988,1.994778,9.479514,
AddVertex,-0.647647,1.994778,9.482102,
AddVertex,-0.647988,2.004777,9.484691,
AddVertex,-0.647647,2.004777,9.482102,
AddVertex,-0.647647,1.994778,9.482102,
AddVertex,-0.647988,1.994778,9.484691,
AddVertex,-0.648987,2.004777,9.487103,
AddVertex,-0.647988,2.004777,9.484691,
AddVertex,-0.647988,1.994778,9.484691,
AddVertex,-0.648987,1.994778,9.487103,
AddVertex,-0.650576,2.004777,9.489174,
AddVertex,-0.648987,2.004777,9.487103,
AddVertex,-0.648987,1.994778,9.487103,
AddVertex,-0.650576,1.994778,9.489174,
AddVertex,-0.650576,1.994778,9.475032,
AddVertex,-0.648987,1.994778,9.477102,
AddVertex,-0.648987,2.004777,9.477102,
AddVertex,-0.650576,2.004777,9.475032,
AddVertex,-0.647988,2.004777,9.479514,
AddVertex,-0.648987,2.004777,9.477102,
AddVertex,-0.648987,1.994778,9.477102,
AddVertex,-0.647988,1.994778,9.479514,
AddVertex,-0.642579,2.004777,9.486140,
AddVertex,-0.642047,2.004777,9.482102,
AddVertex,-0.671157,2.004777,9.474302,
AddVertex,-0.668678,2.004777,9.471072,
AddVertex,-0.668678,1.984778,9.471072,
AddVertex,-0.671157,1.984778,9.474302,
AddVertex,-0.672716,2.004777,9.478065,
AddVertex,-0.671157,2.004777,9.474302,
AddVertex,-0.671157,1.984778,9.474302,
AddVertex,-0.672716,1.984778,9.478065,
AddVertex,-0.673247,2.004777,9.482102,
AddVertex,-0.672716,2.004777,9.478065,
AddVertex,-0.672716,1.984778,9.478065,
AddVertex,-0.673247,1.984778,9.482102,
AddVertex,-1.350000,2.697480,8.389194,
AddVertex,-1.350000,2.547480,8.389194,
AddVertex,-1.300000,2.547480,8.389194,
AddVertex,-1.300000,2.697480,8.389194,
AddVertex,-1.300000,2.697480,8.289194,
AddVertex,-1.300000,2.697480,8.389194,
AddVertex,-1.300000,2.547480,8.389194,
AddVertex,-1.300000,2.547480,8.289194,
AddVertex,-1.308508,2.697480,8.363627,
AddVertex,-1.308508,2.697480,8.333627,
AddVertex,-1.308508,2.697480,8.303627,
AddVertex,-1.308849,2.697480,8.301039,
AddVertex,-1.309848,2.697480,8.298627,
AddVertex,-1.311437,2.697480,8.296556,
AddVertex,-1.313508,2.697480,8.294967,
AddVertex,-1.315920,2.697480,8.293968,
AddVertex,-1.318508,2.697480,8.293627,
AddVertex,-1.318508,2.717480,8.293627,
AddVertex,-1.318508,2.697480,8.293627,
AddVertex,-1.321097,2.697480,8.293968,
AddVertex,-1.321097,2.717480,8.293968,
AddVertex,-1.321097,2.717480,8.313287,
AddVertex,-1.318508,2.717480,8.293627,
AddVertex,-1.321097,2.717480,8.293968,
AddVertex,-1.323508,2.717480,8.312287,
AddVertex,-1.323508,2.717480,8.294967,
AddVertex,-1.325579,2.717480,8.310699,
AddVertex,-1.325579,2.717480,8.296556,
AddVertex,-1.327169,2.717480,8.308627,
AddVertex,-1.327169,2.717480,8.298627,
AddVertex,-1.328168,2.717480,8.306215,
AddVertex,-1.328168,2.717480,8.301039,
AddVertex,-1.328508,2.717480,8.303627,
AddVertex,-1.328168,2.717480,8.306215,
AddVertex,-1.328508,2.717480,8.303627,
AddVertex,-1.328508,2.697480,8.303627,
AddVertex,-1.328168,2.697480,8.306215,
AddVertex,-1.327169,2.717480,8.308627,
AddVertex,-1.328168,2.717480,8.306215,
AddVertex,-1.328168,2.697480,8.306215,
AddVertex,-1.327169,2.697480,8.308627,
AddVertex,-1.325579,2.717480,8.310699,
AddVertex,-1.327169,2.717480,8.308627,
AddVertex,-1.327169,2.697480,8.308627,
AddVertex,-1.325579,2.697480,8.310699,
AddVertex,-1.325579,2.717480,8.310699,
AddVertex,-1.325579,2.697480,8.310699,
AddVertex,-1.323508,2.697480,8.312287,
AddVertex,-1.323508,2.717480,8.312287,
AddVertex,-1.323508,2.717480,8.312287,
AddVertex,-1.323508,2.697480,8.312287,
AddVertex,-1.321097,2.697480,8.313287,
AddVertex,-1.321097,2.717480,8.313287,
AddVertex,-1.321097,2.717480,8.313287,
AddVertex,-1.321097,2.697480,8.313287,
AddVertex,-1.318508,2.697480,8.313627,
AddVertex,-1.318508,2.717480,8.313627,
AddVertex,-1.318508,2.717480,8.313627,
AddVertex,-1.315920,2.717480,8.293968,
AddVertex,-1.318508,2.697480,8.293627,
AddVertex,-1.318508,2.717480,8.293627,
AddVertex,-1.315920,2.717480,8.293968,
AddVertex,-1.315920,2.697480,8.293968,
AddVertex,-1.315920,2.697480,8.293968,
AddVertex,-1.315920,2.717480,8.293968,
AddVertex,-1.313508,2.717480,8.294967,
AddVertex,-1.313508,2.697480,8.294967,
AddVertex,-1.313508,2.697480,8.294967,
AddVertex,-1.313508,2.717480,8.294967,
AddVertex,-1.311437,2.717480,8.296556,
AddVertex,-1.311437,2.697480,8.296556,
AddVertex,-1.309848,2.697480,8.298627,
AddVertex,-1.311437,2.697480,8.296556,
AddVertex,-1.311437,2.717480,8.296556,
AddVertex,-1.309848,2.717480,8.298627,
AddVertex,-1.308849,2.697480,8.301039,
AddVertex,-1.309848,2.697480,8.298627,
AddVertex,-1.309848,2.717480,8.298627,
AddVertex,-1.308849,2.717480,8.301039,
AddVertex,-1.308508,2.697480,8.303627,
AddVertex,-1.308849,2.697480,8.301039,
AddVertex,-1.308849,2.717480,8.301039,
AddVertex,-1.308508,2.717480,8.303627,
AddVertex,-1.308849,2.697480,8.306215,
AddVertex,-1.308508,2.697480,8.303627,
AddVertex,-1.308508,2.717480,8.303627,
AddVertex,-1.308849,2.717480,8.306215,
AddVertex,-1.309848,2.697480,8.308627,
AddVertex,-1.308849,2.697480,8.306215,
AddVertex,-1.308849,2.717480,8.306215,
AddVertex,-1.309848,2.717480,8.308627,
AddVertex,-1.311437,2.697480,8.310699,
AddVertex,-1.309848,2.697480,8.308627,
AddVertex,-1.309848,2.717480,8.308627,
AddVertex,-1.311437,2.717480,8.310699,
AddVertex,-1.311437,2.697480,8.310699,
AddVertex,-1.311437,2.717480,8.310699,
AddVertex,-1.313508,2.717480,8.312287,
AddVertex,-1.313508,2.697480,8.312287,
AddVertex,-1.313508,2.697480,8.324967,
AddVertex,-1.311437,2.697480,8.310699,
AddVertex,-1.313508,2.697480,8.312287,
AddVertex,-1.315920,2.697480,8.323968,
AddVertex,-1.315920,2.697480,8.313287,
AddVertex,-1.318508,2.697480,8.323627,
AddVertex,-1.318508,2.697480,8.313627,
AddVertex,-1.321097,2.697480,8.323968,
AddVertex,-1.321097,2.697480,8.313287,
AddVertex,-1.323508,2.697480,8.324967,
AddVertex,-1.323508,2.697480,8.312287,
AddVertex,-1.325579,2.697480,8.326556,
AddVertex,-1.325579,2.697480,8.310699,
AddVertex,-1.327169,2.697480,8.328628,
AddVertex,-1.327169,2.697480,8.308627,
AddVertex,-1.328168,2.697480,8.331039,
AddVertex,-1.328168,2.697480,8.306215,
AddVertex,-1.328508,2.697480,8.333627,
AddVertex,-1.328168,2.697480,8.336215,
AddVertex,-1.328168,2.697480,8.361039,
AddVertex,-1.327169,2.697480,8.338627,
AddVertex,-1.328168,2.697480,8.336215,
AddVertex,-1.327169,2.697480,8.338627,
AddVertex,-1.327169,2.717480,8.338627,
AddVertex,-1.328168,2.717480,8.336215,
AddVertex,-1.328508,2.697480,8.333627,
AddVertex,-1.328168,2.697480,8.336215,
AddVertex,-1.328168,2.717480,8.336215,
AddVertex,-1.328508,2.717480,8.333627,
AddVertex,-1.328168,2.697480,8.331039,
AddVertex,-1.328508,2.697480,8.333627,
AddVertex,-1.328508,2.717480,8.333627,
AddVertex,-1.328168,2.717480,8.331039,
AddVertex,-1.327169,2.697480,8.328628,
AddVertex,-1.328168,2.697480,8.331039,
AddVertex,-1.328168,2.717480,8.331039,
AddVertex,-1.327169,2.717480,8.328628,
AddVertex,-1.325579,2.697480,8.326556,
AddVertex,-1.327169,2.697480,8.328628,
AddVertex,-1.327169,2.717480,8.328628,
AddVertex,-1.325579,2.717480,8.326556,
AddVertex,-1.325579,2.697480,8.326556,
AddVertex,-1.325579,2.717480,8.326556,
AddVertex,-1.323508,2.717480,8.324967,
AddVertex,-1.323508,2.697480,8.324967,
AddVertex,-1.323508,2.697480,8.324967,
AddVertex,-1.323508,2.717480,8.324967,
AddVertex,-1.321097,2.717480,8.323968,
AddVertex,-1.321097,2.697480,8.323968,
AddVertex,-1.321097,2.697480,8.323968,
AddVertex,-1.321097,2.717480,8.323968,
AddVertex,-1.318508,2.717480,8.323627,
AddVertex,-1.318508,2.697480,8.323627,
AddVertex,-1.318508,2.697480,8.323627,
AddVertex,-1.318508,2.717480,8.323627,
AddVertex,-1.315920,2.717480,8.323968,
AddVertex,-1.315920,2.697480,8.323968,
AddVertex,-1.315920,2.697480,8.323968,
AddVertex,-1.315920,2.717480,8.323968,
AddVertex,-1.313508,2.717480,8.324967,
AddVertex,-1.313508,2.697480,8.324967,
AddVertex,-1.313508,2.697480,8.324967,
AddVertex,-1.313508,2.717480,8.324967,
AddVertex,-1.311437,2.717480,8.326556,
AddVertex,-1.311437,2.697480,8.326556,
AddVertex,-1.311437,2.697480,8.326556,
AddVertex,-1.309848,2.697480,8.308627,
AddVertex,-1.309848,2.697480,8.328628,
AddVertex,-1.308849,2.697480,8.306215,
AddVertex,-1.308849,2.697480,8.331039,
AddVertex,-1.308508,2.697480,8.333627,
AddVertex,-1.308849,2.697480,8.331039,
AddVertex,-1.308849,2.717480,8.331039,
AddVertex,-1.308508,2.717480,8.333627,
AddVertex,-1.308849,2.697480,8.336215,
AddVertex,-1.308508,2.697480,8.333627,
AddVertex,-1.308508,2.717480,8.333627,
AddVertex,-1.308849,2.717480,8.336215,
AddVertex,-1.309848,2.697480,8.338627,
AddVertex,-1.308849,2.697480,8.336215,
AddVertex,-1.308849,2.717480,8.336215,
AddVertex,-1.309848,2.717480,8.338627,
AddVertex,-1.311437,2.697480,8.340698,
AddVertex,-1.309848,2.697480,8.338627,
AddVertex,-1.309848,2.717480,8.338627,
AddVertex,-1.311437,2.717480,8.340698,
AddVertex,-1.311437,2.697480,8.340698,
AddVertex,-1.311437,2.717480,8.340698,
AddVertex,-1.313508,2.717480,8.342287,
AddVertex,-1.313508,2.697480,8.342287,
AddVertex,-1.313508,2.697480,8.354967,
AddVertex,-1.311437,2.697480,8.340698,
AddVertex,-1.313508,2.697480,8.342287,
AddVertex,-1.315920,2.697480,8.353968,
AddVertex,-1.315920,2.697480,8.343287,
AddVertex,-1.318508,2.697480,8.353627,
AddVertex,-1.318508,2.697480,8.343627,
AddVertex,-1.321097,2.697480,8.353968,
AddVertex,-1.321097,2.697480,8.343287,
AddVertex,-1.323508,2.697480,8.354967,
AddVertex,-1.323508,2.697480,8.342287,
AddVertex,-1.325579,2.697480,8.356556,
AddVertex,-1.325579,2.697480,8.340698,
AddVertex,-1.327169,2.697480,8.358627,
AddVertex,-1.327169,2.697480,8.358627,
AddVertex,-1.328168,2.697480,8.361039,
AddVertex,-1.328168,2.717480,8.361039,
AddVertex,-1.327169,2.717480,8.358627,
AddVertex,-1.325579,2.697480,8.356556,
AddVertex,-1.327169,2.697480,8.358627,
AddVertex,-1.327169,2.717480,8.358627,
AddVertex,-1.325579,2.717480,8.356556,
AddVertex,-1.325579,2.697480,8.356556,
AddVertex,-1.325579,2.717480,8.356556,
AddVertex,-1.323508,2.717480,8.354967,
AddVertex,-1.323508,2.697480,8.354967,
AddVertex,-1.323508,2.697480,8.354967,
AddVertex,-1.323508,2.717480,8.354967,
AddVertex,-1.321097,2.717480,8.353968,
AddVertex,-1.321097,2.697480,8.353968,
AddVertex,-1.321097,2.697480,8.353968,
AddVertex,-1.321097,2.717480,8.353968,
AddVertex,-1.318508,2.717480,8.353627,
AddVertex,-1.318508,2.697480,8.353627,
AddVertex,-1.318508,2.697480,8.353627,
AddVertex,-1.318508,2.717480,8.353627,
AddVertex,-1.315920,2.717480,8.353968,
AddVertex,-1.315920,2.697480,8.353968,
AddVertex,-1.315920,2.697480,8.353968,
AddVertex,-1.315920,2.717480,8.353968,
AddVertex,-1.313508,2.717480,8.354967,
AddVertex,-1.313508,2.697480,8.354967,
AddVertex,-1.313508,2.697480,8.354967,
AddVertex,-1.313508,2.717480,8.354967,
AddVertex,-1.311437,2.717480,8.356556,
AddVertex,-1.311437,2.697480,8.356556,
AddVertex,-1.311437,2.697480,8.356556,
AddVertex,-1.309848,2.697480,8.338627,
AddVertex,-1.309848,2.697480,8.358627,
AddVertex,-1.308849,2.697480,8.336215,
AddVertex,-1.308849,2.697480,8.361039,
AddVertex,-1.308508,2.697480,8.363627,
AddVertex,-1.308849,2.697480,8.361039,
AddVertex,-1.308849,2.717480,8.361039,
AddVertex,-1.308508,2.717480,8.363627,
AddVertex,-1.308849,2.697480,8.366216,
AddVertex,-1.308508,2.697480,8.363627,
AddVertex,-1.308508,2.717480,8.363627,
AddVertex,-1.308849,2.717480,8.366216,
AddVertex,-1.309848,2.697480,8.368628,
AddVertex,-1.308849,2.697480,8.366216,
AddVertex,-1.308849,2.717480,8.366216,
AddVertex,-1.309848,2.717480,8.368628,
AddVertex,-1.311437,2.697480,8.370698,
AddVertex,-1.309848,2.697480,8.368628,
AddVertex,-1.309848,2.717480,8.368628,
AddVertex,-1.311437,2.717480,8.370698,
AddVertex,-1.311437,2.697480,8.370698,
AddVertex,-1.311437,2.717480,8.370698,
AddVertex,-1.313508,2.717480,8.372288,
AddVertex,-1.313508,2.697480,8.372288,
AddVertex,-1.311437,2.697480,8.370698,
AddVertex,-1.313508,2.697480,8.372288,
AddVertex,-1.315920,2.697480,8.373286,
AddVertex,-1.318508,2.697480,8.373627,
AddVertex,-1.321097,2.717480,8.373286,
AddVertex,-1.321097,2.697480,8.373286,
AddVertex,-1.318508,2.697480,8.373627,
AddVertex,-1.318508,2.717480,8.373627,
AddVertex,-1.318508,2.717480,8.373627,
AddVertex,-1.318508,2.717480,8.353627,
AddVertex,-1.315920,2.717480,8.353968,
AddVertex,-1.315920,2.717480,8.373286,
AddVertex,-1.313508,2.717480,8.354967,
AddVertex,-1.313508,2.717480,8.372288,
AddVertex,-1.311437,2.717480,8.356556,
AddVertex,-1.311437,2.717480,8.370698,
AddVertex,-1.309848,2.717480,8.358627,
AddVertex,-1.311437,2.717480,8.356556,
AddVertex,-1.309848,2.717480,8.358627,
AddVertex,-1.309848,2.697480,8.358627,
AddVertex,-1.311437,2.697480,8.356556,
AddVertex,-1.308849,2.697480,8.361039,
AddVertex,-1.309848,2.697480,8.358627,
AddVertex,-1.309848,2.717480,8.358627,
AddVertex,-1.308849,2.717480,8.361039,
AddVertex,-1.309848,2.717480,8.368628,
AddVertex,-1.308849,2.717480,8.361039,
AddVertex,-1.308849,2.717480,8.366216,
AddVertex,-1.308508,2.717480,8.363627,
AddVertex,-1.313508,2.697480,8.372288,
AddVertex,-1.313508,2.717480,8.372288,
AddVertex,-1.315920,2.717480,8.373286,
AddVertex,-1.315920,2.697480,8.373286,
AddVertex,-1.315920,2.697480,8.373286,
AddVertex,-1.315920,2.717480,8.373286,
AddVertex,-1.318508,2.717480,8.373627,
AddVertex,-1.318508,2.697480,8.373627,
AddVertex,-1.309848,2.697480,8.368628,
AddVertex,-1.308849,2.697480,8.366216,
AddVertex,-1.328508,2.717480,8.363627,
AddVertex,-1.328168,2.717480,8.361039,
AddVertex,-1.328168,2.697480,8.361039,
AddVertex,-1.328508,2.697480,8.363627,
AddVertex,-1.327169,2.697480,8.338627,
AddVertex,-1.325579,2.697480,8.340698,
AddVertex,-1.325579,2.717480,8.340698,
AddVertex,-1.327169,2.717480,8.338627,
AddVertex,-1.327169,2.717480,8.338627,
AddVertex,-1.325579,2.717480,8.340698,
AddVertex,-1.325579,2.717480,8.326556,
AddVertex,-1.327169,2.717480,8.328628,
AddVertex,-1.328168,2.717480,8.336215,
AddVertex,-1.328168,2.717480,8.331039,
AddVertex,-1.328508,2.717480,8.333627,
AddVertex,-1.323508,2.717480,8.324967,
AddVertex,-1.323508,2.717480,8.342287,
AddVertex,-1.321097,2.717480,8.323968,
AddVertex,-1.321097,2.717480,8.343287,
AddVertex,-1.318508,2.717480,8.323627,
AddVertex,-1.318508,2.717480,8.343627,
AddVertex,-1.315920,2.717480,8.323968,
AddVertex,-1.315920,2.717480,8.343287,
AddVertex,-1.313508,2.717480,8.324967,
AddVertex,-1.313508,2.717480,8.342287,
AddVertex,-1.311437,2.717480,8.326556,
AddVertex,-1.311437,2.717480,8.340698,
AddVertex,-1.309848,2.717480,8.328628,
AddVertex,-1.311437,2.717480,8.326556,
AddVertex,-1.309848,2.717480,8.328628,
AddVertex,-1.309848,2.697480,8.328628,
AddVertex,-1.311437,2.697480,8.326556,
AddVertex,-1.308849,2.697480,8.331039,
AddVertex,-1.309848,2.697480,8.328628,
AddVertex,-1.309848,2.717480,8.328628,
AddVertex,-1.308849,2.717480,8.331039,
AddVertex,-1.309848,2.717480,8.338627,
AddVertex,-1.308849,2.717480,8.331039,
AddVertex,-1.308849,2.717480,8.336215,
AddVertex,-1.308508,2.717480,8.333627,
AddVertex,-1.313508,2.697480,8.342287,
AddVertex,-1.313508,2.717480,8.342287,
AddVertex,-1.315920,2.717480,8.343287,
AddVertex,-1.315920,2.697480,8.343287,
AddVertex,-1.315920,2.697480,8.343287,
AddVertex,-1.315920,2.717480,8.343287,
AddVertex,-1.318508,2.717480,8.343627,
AddVertex,-1.318508,2.697480,8.343627,
AddVertex,-1.318508,2.697480,8.343627,
AddVertex,-1.318508,2.717480,8.343627,
AddVertex,-1.321097,2.717480,8.343287,
AddVertex,-1.321097,2.697480,8.343287,
AddVertex,-1.321097,2.697480,8.343287,
AddVertex,-1.321097,2.717480,8.343287,
AddVertex,-1.323508,2.717480,8.342287,
AddVertex,-1.323508,2.697480,8.342287,
AddVertex,-1.323508,2.697480,8.342287,
AddVertex,-1.323508,2.717480,8.342287,
AddVertex,-1.325579,2.717480,8.340698,
AddVertex,-1.325579,2.697480,8.340698,
AddVertex,-1.318508,2.717480,8.313627,
AddVertex,-1.318508,2.697480,8.313627,
AddVertex,-1.315920,2.697480,8.313287,
AddVertex,-1.315920,2.717480,8.313287,
AddVertex,-1.315920,2.717480,8.313287,
AddVertex,-1.313508,2.717480,8.294967,
AddVertex,-1.313508,2.717480,8.312287,
AddVertex,-1.311437,2.717480,8.296556,
AddVertex,-1.311437,2.717480,8.310699,
AddVertex,-1.309848,2.717480,8.298627,
AddVertex,-1.309848,2.717480,8.308627,
AddVertex,-1.308849,2.717480,8.301039,
AddVertex,-1.308849,2.717480,8.306215,
AddVertex,-1.308508,2.717480,8.303627,
AddVertex,-1.313508,2.697480,8.312287,
AddVertex,-1.313508,2.717480,8.312287,
AddVertex,-1.315920,2.717480,8.313287,
AddVertex,-1.315920,2.697480,8.313287,
AddVertex,-1.328168,2.697480,8.301039,
AddVertex,-1.328508,2.697480,8.303627,
AddVertex,-1.328508,2.717480,8.303627,
AddVertex,-1.328168,2.717480,8.301039,
AddVertex,-1.327169,2.697480,8.298627,
AddVertex,-1.328168,2.697480,8.301039,
AddVertex,-1.328168,2.717480,8.301039,
AddVertex,-1.327169,2.717480,8.298627,
AddVertex,-1.325579,2.697480,8.296556,
AddVertex,-1.327169,2.697480,8.298627,
AddVertex,-1.327169,2.717480,8.298627,
AddVertex,-1.325579,2.717480,8.296556,
AddVertex,-1.325579,2.697480,8.296556,
AddVertex,-1.325579,2.717480,8.296556,
AddVertex,-1.323508,2.717480,8.294967,
AddVertex,-1.323508,2.697480,8.294967,
AddVertex,-1.323508,2.697480,8.294967,
AddVertex,-1.323508,2.717480,8.294967,
AddVertex,-1.321097,2.717480,8.293968,
AddVertex,-1.321097,2.697480,8.293968,
AddFace,0,1,2,
AddFace,3,0,2,
AddFace,4,3,2,
AddFace,5,4,2,
AddFace,2,6,5,
AddFace,6,7,5,
AddFace,8,9,10,
AddFace,10,11,8,
AddFace,12,13,14,
AddFace,12,14,15,
AddFace,16,12,15,
AddFace,16,15,17,
AddFace,18,16,17,
AddFace,18,17,19,
AddFace,20,18,19,
AddFace,20,19,21,
AddFace,21,22,20,
AddFace,23,24,25,
AddFace,25,26,23,
AddFace,27,28,29,
AddFace,29,30,27,
AddFace,31,32,33,
AddFace,33,34,31,
AddFace,35,36,37,
AddFace,37,38,35,
AddFace,0,39,1,
AddFace,39,40,1,
AddFace,1,40,41,
AddFace,41,42,1,
AddFace,42,43,1,
AddFace,43,44,1,
AddFace,44,45,1,
AddFace,45,46,1,
AddFace,47,48,49,
AddFace,49,50,47,
AddFace,51,52,53,
AddFace,53,54,51,
AddFace,55,56,57,
AddFace,55,57,58,
AddFace,55,58,59,
AddFace,60,55,59,
AddFace,59,61,60,
AddFace,62,63,64,
AddFace,64,65,62,
AddFace,66,67,68,
AddFace,68,69,66,
AddFace,70,71,72,
AddFace,70,72,73,
AddFace,70,73,74,
AddFace,70,74,75,
AddFace,70,75,76,
AddFace,77,70,76,
AddFace,76,78,77,
AddFace,77,78,79,
AddFace,79,80,77,
AddFace,81,82,83,
AddFace,83,84,81,
AddFace,85,86,87,
AddFace,87,88,85,
AddFace,89,90,91,
AddFace,91,92,89,
AddFace,93,94,95,
AddFace,93,95,96,
AddFace,93,96,97,
AddFace,98,93,97,
AddFace,98,97,99,
AddFace,98,99,100,
AddFace,101,98,100,
AddFace,101,100,102,
AddFace,101,102,103,
AddFace,104,101,103,
AddFace,103,105,104,
AddFace,104,105,106,
AddFace,107,104,106,
AddFace,107,106,108,
AddFace,109,107,108,
AddFace,109,108,110,
AddFace,110,111,109,
AddFace,112,113,114,
AddFace,114,115,112,
AddFace,116,117,118,
AddFace,118,119,116,
AddFace,120,121,122,
AddFace,122,123,120,
AddFace,124,125,126,
AddFace,126,127,124,
AddFace,128,129,130,
AddFace,130,131,128,
AddFace,132,133,134,
AddFace,134,135,132,
AddFace,136,137,138,
AddFace,139,136,138,
AddFace,140,139,138,
AddFace,138,141,140,
AddFace,142,143,144,
AddFace,144,145,142,
AddFace,146,147,148,
AddFace,148,149,146,
AddFace,148,150,149,
AddFace,150,151,149,
AddFace,150,152,151,
AddFace,152,153,151,
AddFace,152,154,153,
AddFace,154,155,153,
AddFace,155,156,153,
AddFace,155,157,156,
AddFace,155,158,157,
AddFace,158,159,157,
AddFace,158,160,159,
AddFace,160,161,159,
AddFace,160,162,161,
AddFace,162,163,161,
AddFace,163,164,161,
AddFace,163,165,164,
AddFace,163,166,165,
AddFace,166,167,165,
AddFace,166,168,167,
AddFace,168,169,167,
AddFace,170,171,172,
AddFace,170,172,173,
AddFace,174,170,173,
AddFace,174,173,175,
AddFace,176,174,175,
AddFace,176,175,177,
AddFace,178,176,177,
AddFace,178,177,179,
AddFace,180,178,179,
AddFace,180,179,181,
AddFace,182,180,181,
AddFace,182,181,183,
AddFace,184,182,183,
AddFace,184,183,185,
AddFace,186,184,185,
AddFace,186,185,187,
AddFace,188,186,187,
AddFace,188,187,189,
AddFace,190,188,189,
AddFace,190,189,191,
AddFace,191,192,190,
AddFace,171,193,172,
AddFace,194,195,196,
AddFace,194,196,197,
AddFace,197,198,194,
AddFace,195,199,196,
AddFace,195,200,199,
AddFace,200,201,199,
AddFace,200,202,201,
AddFace,202,203,201,
AddFace,202,204,203,
AddFace,204,205,203,
AddFace,204,206,205,
AddFace,206,207,205,
AddFace,206,208,207,
AddFace,208,209,207,
AddFace,208,210,209,
AddFace,210,211,209,
AddFace,210,212,211,
AddFace,212,213,211,
AddFace,212,214,213,
AddFace,214,215,213,
AddFace,214,216,215,
AddFace,216,217,215,
AddFace,218,219,220,
AddFace,220,221,218,
AddFace,222,223,224,
AddFace,224,225,222,
AddFace,226,227,228,
AddFace,228,229,226,
AddFace,230,231,232,
AddFace,232,233,230,
AddFace,234,235,236,
AddFace,237,234,236,
AddFace,238,237,236,
AddFace,236,239,238,
AddFace,239,240,238,
AddFace,234,241,235,
AddFace,241,242,235,
AddFace,242,243,235,
AddFace,243,244,235,
AddFace,244,245,235,
AddFace,245,246,235,
AddFace,246,247,235,
AddFace,247,248,235,
AddFace,248,249,235,
AddFace,250,235,249,
AddFace,250,249,251,
AddFace,250,251,252,
AddFace,250,252,253,
AddFace,250,253,254,
AddFace,250,254,255,
AddFace,250,255,256,
AddFace,250,256,257,
AddFace,250,257,258,
AddFace,250,258,259,
AddFace,239,250,259,
AddFace,259,260,239,
AddFace,260,261,239,
AddFace,261,240,239,
AddFace,262,263,264,
AddFace,264,265,262,
AddFace,266,267,268,
AddFace,268,269,266,
AddFace,270,271,272,
AddFace,272,273,270,
AddFace,274,275,276,
AddFace,276,277,274,
AddFace,278,279,280,
AddFace,280,281,278,
AddFace,282,283,284,
AddFace,284,285,282,
AddFace,286,287,288,
AddFace,288,289,286,
AddFace,290,291,292,
AddFace,292,293,290,
AddFace,294,295,296,
AddFace,296,297,294,
AddFace,298,299,300,
AddFace,300,301,298,
AddFace,302,303,304,
AddFace,304,305,302,
AddFace,306,307,308,
AddFace,308,309,306,
AddFace,310,311,312,
AddFace,312,313,310,
AddFace,314,315,316,
AddFace,316,317,314,
AddFace,318,319,320,
AddFace,320,321,318,
AddFace,322,323,324,
AddFace,324,325,322,
AddFace,326,327,328,
AddFace,328,329,326,
AddFace,330,331,332,
AddFace,332,333,330,
AddFace,334,335,336,
AddFace,337,334,336,
AddFace,337,336,338,
AddFace,337,338,339,
AddFace,337,339,340,
AddFace,337,340,341,
AddFace,342,337,341,
AddFace,342,341,343,
AddFace,342,343,344,
AddFace,345,342,344,
AddFace,345,344,346,
AddFace,345,346,347,
AddFace,348,345,347,
AddFace,348,347,349,
AddFace,350,348,349,
AddFace,350,349,351,
AddFace,350,351,352,
AddFace,353,350,352,
AddFace,353,352,354,
AddFace,353,354,355,
AddFace,356,353,355,
AddFace,355,357,356,
AddFace,356,357,358,
AddFace,359,356,358,
AddFace,359,358,360,
AddFace,361,359,360,
AddFace,361,360,362,
AddFace,362,363,361,
AddFace,364,365,366,
AddFace,366,367,364,
AddFace,368,369,370,
AddFace,370,371,368,
AddFace,372,373,374,
AddFace,374,375,372,
AddFace,376,377,378,
AddFace,378,379,376,
AddFace,380,381,382,
AddFace,382,383,380,
AddFace,384,385,386,
AddFace,386,387,384,
AddFace,357,388,358,
AddFace,388,389,358,
AddFace,388,390,389,
AddFace,390,391,389,
AddFace,391,392,389,
AddFace,391,393,392,
AddFace,393,394,392,
AddFace,394,395,392,
AddFace,394,396,395,
AddFace,396,397,395,
AddFace,396,398,397,
AddFace,398,399,397,
AddFace,399,400,397,
AddFace,399,401,400,
AddFace,401,402,400,
AddFace,402,338,400,
AddFace,402,403,338,
AddFace,403,339,338,
AddFace,404,405,406,
AddFace,406,407,404,
AddFace,408,409,410,
AddFace,410,411,408,
AddFace,412,413,414,
AddFace,414,415,412,
AddFace,416,417,418,
AddFace,418,419,416,
AddFace,420,421,422,
AddFace,422,423,420,
AddFace,424,425,426,
AddFace,426,427,424,
AddFace,428,429,430,
AddFace,430,431,428,
AddFace,432,433,434,
AddFace,434,435,432,
AddFace,436,437,438,
AddFace,438,439,436,
AddFace,440,441,442,
AddFace,442,443,440,
AddFace,444,445,446,
AddFace,446,447,444,
AddFace,448,449,450,
AddFace,450,451,448,
AddFace,452,453,454,
AddFace,454,455,452,
AddFace,456,457,458,
AddFace,458,459,456,
AddFace,460,461,462,
AddFace,462,463,460,
AddFace,464,465,466,
AddFace,466,467,464,
AddFace,468,469,470,
AddFace,470,471,468,
AddFace,472,473,474,
AddFace,474,475,472,
AddFace,476,477,478,
AddFace,478,479,476,
AddFace,480,481,482,
AddFace,482,483,480,
AddFace,484,485,486,
AddFace,486,487,484,
AddFace,488,489,490,
AddFace,490,491,488,
AddFace,492,493,494,
AddFace,494,495,492,
AddFace,496,497,498,
AddFace,498,499,496,
AddFace,334,500,335,
AddFace,500,501,335,
AddFace,502,503,504,
AddFace,504,505,502,
AddFace,506,507,508,
AddFace,508,509,506,
AddFace,510,511,512,
AddFace,512,513,510,
AddFace,514,515,516,
AddFace,516,517,514,
AddFace,518,519,520,
AddFace,520,521,518,
AddFace,522,523,524,
AddFace,524,525,522,
AddFace,526,527,528,
AddFace,529,526,528,
AddFace,530,529,528,
AddFace,531,530,528,
AddFace,532,531,528,
AddFace,528,533,532,
AddFace,534,532,533,
AddFace,533,535,534,
AddFace,535,536,534,
AddFace,526,537,527,
AddFace,537,538,527,
AddFace,538,539,527,
AddFace,539,540,527,
AddFace,540,541,527,
AddFace,541,542,527,
AddFace,542,543,527,
AddFace,542,544,543,
AddFace,544,545,543,
AddFace,543,545,546,
AddFace,543,546,547,
AddFace,548,543,547,
AddFace,548,547,549,
AddFace,548,549,550,
AddFace,548,550,551,
AddFace,548,551,552,
AddFace,548,552,553,
AddFace,535,548,553,
AddFace,535,553,554,
AddFace,535,554,555,
AddFace,535,555,536,
AddFace,556,557,558,
AddFace,558,559,556,
AddFace,560,561,562,
AddFace,562,563,560,
AddFace,71,564,565,
AddFace,71,565,566,
AddFace,71,566,567,
AddFace,71,567,568,
AddFace,71,568,569,
AddFace,71,569,72,
AddFace,570,571,80,
AddFace,572,570,80,
AddFace,79,572,80,
AddFace,571,573,80,
AddFace,573,574,80,
AddFace,575,576,577,
AddFace,577,578,575,
AddFace,573,579,574,
AddFace,579,580,574,
AddFace,580,581,574,
AddFace,581,582,574,
AddFace,582,583,574,
AddFace,583,564,574,
AddFace,583,584,564,
AddFace,584,585,564,
AddFace,564,585,586,
AddFace,564,586,565,
AddFace,587,588,589,
AddFace,589,590,587,
AddFace,591,592,593,
AddFace,593,594,591,
AddFace,595,596,597,
AddFace,597,598,595,
AddFace,599,600,601,
AddFace,601,602,599,
AddFace,603,604,605,
AddFace,605,606,603,
AddFace,607,608,609,
AddFace,609,610,607,
AddFace,94,611,612,
AddFace,94,612,95,
AddFace,613,614,615,
AddFace,615,616,613,
AddFace,617,618,619,
AddFace,619,620,617,
AddFace,621,622,623,
AddFace,623,624,621,
AddFace,625,626,627,
AddFace,627,628,625,
AddFace,629,630,631,
AddFace,631,632,629,
AddFace,633,634,635,
AddFace,635,636,633,
AddFace,637,638,639,
AddFace,639,640,637,
AddFace,641,642,643,
AddFace,643,644,641,
AddFace,645,646,647,
AddFace,647,648,645,
AddFace,649,650,651,
AddFace,651,652,649,
AddFace,653,654,655,
AddFace,655,656,653,
AddFace,657,658,659,
AddFace,659,660,657,
AddFace,661,662,663,
AddFace,661,663,664,
AddFace,665,661,664,
AddFace,666,665,664,
AddFace,666,664,106,
AddFace,105,666,106,
AddFace,667,668,669,
AddFace,669,670,667,
AddFace,671,672,673,
AddFace,673,674,671,
AddFace,675,676,677,
AddFace,677,678,675,
AddFace,679,680,681,
AddFace,681,682,679,
AddFace,683,684,685,
AddFace,685,686,683,
AddFace,687,688,689,
AddFace,689,690,687,
AddFace,691,692,693,
AddFace,693,694,691,
AddFace,695,696,697,
AddFace,697,698,695,
AddFace,699,700,701,
AddFace,702,699,701,
AddFace,702,701,703,
AddFace,702,703,704,
AddFace,702,704,705,
AddFace,702,705,706,
AddFace,611,702,706,
AddFace,611,706,707,
AddFace,611,707,612,
AddFace,708,709,710,
AddFace,710,711,708,
AddFace,712,713,714,
AddFace,714,715,712,
AddFace,716,717,718,
AddFace,716,718,719,
AddFace,720,716,719,
AddFace,721,720,719,
AddFace,721,719,722,
AddFace,723,721,722,
AddFace,723,722,663,
AddFace,662,723,663,
AddFace,724,725,726,
AddFace,726,727,724,
AddFace,728,729,730,
AddFace,730,731,728,
AddFace,732,733,734,
AddFace,734,735,732,
AddFace,736,737,738,
AddFace,738,739,736,
AddFace,717,740,718,
AddFace,740,703,718,
AddFace,740,741,703,
AddFace,741,704,703,
AddFace,742,743,744,
AddFace,744,745,742,
AddFace,746,747,748,
AddFace,748,749,746,
AddFace,750,751,752,
AddFace,752,753,750,
AddFace,754,755,756,
AddFace,756,757,754,
AddFace,758,759,760,
AddFace,760,761,758,
AddFace,762,763,764,
AddFace,764,765,762,
AddFace,699,766,700,
AddFace,766,767,700,
AddFace,768,769,770,
AddFace,770,771,768,
AddFace,772,773,774,
AddFace,774,775,772,
AddFace,776,777,778,
AddFace,778,779,776,
AddFace,780,781,782,
AddFace,782,783,780,
AddFace,784,785,786,
AddFace,786,787,784,
AddFace,788,6,46,
AddFace,789,788,46,
AddFace,790,789,46,
AddFace,791,790,46,
AddFace,792,791,46,
AddFace,793,792,46,
AddFace,794,793,46,
AddFace,795,794,46,
AddFace,796,795,46,
AddFace,45,796,46,
AddFace,797,798,799,
AddFace,799,800,797,
AddFace,801,802,803,
AddFace,804,801,803,
AddFace,804,803,805,
AddFace,806,804,805,
AddFace,806,805,807,
AddFace,808,806,807,
AddFace,808,807,809,
AddFace,810,808,809,
AddFace,810,809,811,
AddFace,811,812,810,
AddFace,813,814,815,
AddFace,815,816,813,
AddFace,817,818,819,
AddFace,819,820,817,
AddFace,821,822,823,
AddFace,823,824,821,
AddFace,825,826,827,
AddFace,827,828,825,
AddFace,829,830,831,
AddFace,831,832,829,
AddFace,833,834,835,
AddFace,835,836,833,
AddFace,801,837,802,
AddFace,837,838,802,
AddFace,839,840,841,
AddFace,841,842,839,
AddFace,843,844,845,
AddFace,845,846,843,
AddFace,847,848,849,
AddFace,849,850,847,
AddFace,851,852,853,
AddFace,853,854,851,
AddFace,855,856,857,
AddFace,857,858,855,
AddFace,859,860,861,
AddFace,861,862,859,
AddFace,863,864,865,
AddFace,865,866,863,
AddFace,867,868,869,
AddFace,869,870,867,
AddFace,871,872,873,
AddFace,873,874,871,
AddFace,875,876,877,
AddFace,877,878,875,
AddFace,879,880,881,
AddFace,882,879,881,
AddFace,882,881,883,
AddFace,884,882,883,
AddFace,884,883,885,
AddFace,886,884,885,
AddFace,886,885,887,
AddFace,888,886,887,
AddFace,888,887,889,
AddFace,890,888,889,
AddFace,890,889,891,
AddFace,892,890,891,
AddFace,892,891,893,
AddFace,894,892,893,
AddFace,894,893,895,
AddFace,896,894,895,
AddFace,895,40,896,
AddFace,39,896,40,
AddFace,897,896,39,
AddFace,39,898,897,
AddFace,898,899,897,
AddFace,900,901,902,
AddFace,902,903,900,
AddFace,904,905,906,
AddFace,906,907,904,
AddFace,908,909,910,
AddFace,910,911,908,
AddFace,912,913,914,
AddFace,914,915,912,
AddFace,916,917,918,
AddFace,918,919,916,
AddFace,920,921,922,
AddFace,922,923,920,
AddFace,924,925,926,
AddFace,926,927,924,
AddFace,928,929,930,
AddFace,930,931,928,
AddFace,932,933,934,
AddFace,934,935,932,
AddFace,936,937,938,
AddFace,938,939,936,
AddFace,940,941,942,
AddFace,942,943,940,
AddFace,879,944,880,
AddFace,944,945,880,
AddFace,944,946,945,
AddFace,946,947,945,
AddFace,946,948,947,
AddFace,948,790,947,
AddFace,948,789,790,
AddFace,949,950,951,
AddFace,951,952,949,
AddFace,953,954,955,
AddFace,955,956,953,
AddFace,957,958,959,
AddFace,959,960,957,
AddFace,961,962,963,
AddFace,963,964,961,
AddFace,965,966,967,
AddFace,967,968,965,
AddFace,969,970,971,
AddFace,972,969,971,
AddFace,972,971,973,
AddFace,974,972,973,
AddFace,974,973,975,
AddFace,976,974,975,
AddFace,976,975,977,
AddFace,978,976,977,
AddFace,978,977,979,
AddFace,980,978,979,
AddFace,980,979,981,
AddFace,982,980,981,
AddFace,982,981,899,
AddFace,898,982,899,
AddFace,983,984,985,
AddFace,985,986,983,
AddFace,987,988,989,
AddFace,989,990,987,
AddFace,991,992,993,
AddFace,993,994,991,
AddFace,995,996,997,
AddFace,997,998,995,
AddFace,999,1000,1001,
AddFace,1001,1002,999,
AddFace,1003,1004,1005,
AddFace,1005,1006,1003,
AddFace,1007,1008,1009,
AddFace,1009,1010,1007,
AddFace,1011,1012,1013,
AddFace,1013,1014,1011,
AddFace,969,1015,970,
AddFace,1015,1016,970,
AddFace,1015,1017,1016,
AddFace,1017,1018,1016,
AddFace,1017,1019,1018,
AddFace,1019,789,1018,
AddFace,1019,788,789,
AddFace,1020,1021,1022,
AddFace,1022,1023,1020,
AddFace,1024,1025,1026,
AddFace,1026,1027,1024,
AddFace,1028,1029,1030,
AddFace,1030,1031,1028,
AddFace,1032,1033,1034,
AddFace,1034,1035,1032,
AddFace,1036,1037,1038,
AddFace,1038,1039,1036,
AddFace,6,1040,1041,
AddFace,6,1041,1042,
AddFace,6,1042,1043,
AddFace,6,1043,7,
AddFace,1044,1045,1046,
AddFace,1046,1047,1044,
AddFace,13,1048,1049,
AddFace,13,1049,14,
AddFace,1048,1050,1049,
AddFace,1048,1051,1050,
AddFace,1051,1052,1050,
AddFace,1051,1053,1052,
AddFace,1053,1054,1052,
AddFace,1053,1055,1054,
AddFace,1055,1056,1054,
AddFace,1057,1058,1059,
AddFace,1059,1060,1057,
AddFace,1061,1062,1063,
AddFace,1063,1064,1061,
AddFace,1065,1066,1056,
AddFace,1055,1065,1056,
AddFace,1065,1067,1066,
AddFace,1067,1068,1066,
AddFace,1069,1070,1071,
AddFace,1071,1072,1069,
AddFace,1073,1074,1075,
AddFace,1075,1076,1073,
AddFace,6,1077,1040,
AddFace,6,1078,1077,
AddFace,6,788,1078,
AddFace,1079,1080,1081,
AddFace,1081,1082,1079,
AddFace,1083,1084,1085,
AddFace,1085,1086,1083,
AddFace,1087,1088,1089,
AddFace,1087,1089,1090,
AddFace,1091,1087,1090,
AddFace,1091,1090,1092,
AddFace,1092,1093,1091,
AddFace,1088,1094,1089,
AddFace,1088,1095,1094,
AddFace,1095,1096,1094,
AddFace,1095,1097,1096,
AddFace,1097,1098,1096,
AddFace,1097,1099,1098,
AddFace,1099,1100,1098,
AddFace,1099,1101,1100,
AddFace,1101,1102,1100,
AddFace,1101,1103,1102,
AddFace,1103,1104,1102,
AddFace,1103,1105,1104,
AddFace,1105,1106,1104,
AddFace,1107,1108,1109,
AddFace,1109,1110,1107,
AddFace,1111,1112,1113,
AddFace,1113,1114,1111,
AddFace,1115,1116,1106,
AddFace,1105,1115,1106,
AddFace,1115,1117,1116,
AddFace,1117,1118,1116,
AddFace,1119,1120,1121,
AddFace,1121,1122,1119,
AddFace,1123,1124,1125,
AddFace,1125,1126,1123,
AddFace,1127,1128,1129,
AddFace,1129,1130,1127,
AddFace,1131,1132,1133,
AddFace,1133,1134,1131,
AddFace,1135,1136,1137,
AddFace,1137,1138,1135,
AddFace,1139,1140,1141,
AddFace,1141,1142,1139,
AddFace,837,1143,838,
AddFace,1143,1144,838,
AddFace,1143,1145,1144,
AddFace,1145,1146,1144,
AddFace,1145,1147,1146,
AddFace,1147,1148,1146,
AddFace,1147,1149,1148,
AddFace,1149,1150,1148,
AddFace,1149,1151,1150,
AddFace,1151,1152,1150,
AddFace,1153,1154,1155,
AddFace,1155,1156,1153,
AddFace,1157,1158,1159,
AddFace,1159,1160,1157,
AddFace,1161,1162,1163,
AddFace,1163,1164,1161,
AddFace,1165,1166,1167,
AddFace,1167,1168,1165,
AddFace,1169,1170,1171,
AddFace,1171,1172,1169,
AddFace,1173,1174,1175,
AddFace,1175,1176,1173,
GenerateNormals,
SetColor,198,198,198,255,

CreateMeshBuilder,
;Jeminie 3DS Converter
AddVertex,-1.350000,2.873831,8.221420,
AddVertex,-1.350000,3.003831,8.221420,
AddVertex,-1.300000,3.003831,8.221420,
AddVertex,-1.300000,2.873831,8.221420,
AddVertex,-1.350000,2.873831,8.221420,
AddVertex,-1.300000,2.873831,8.221420,
AddVertex,-1.336322,2.873831,8.370741,
AddVertex,-1.336663,2.873831,8.373329,
AddVertex,-1.350000,2.873831,8.421420,
AddVertex,-1.336322,2.873831,8.375917,
AddVertex,-1.335323,2.873831,8.378329,
AddVertex,-1.333734,2.873831,8.380400,
AddVertex,-1.300000,2.873831,8.421420,
AddVertex,-1.319324,2.890971,8.421420,
AddVertex,-1.350000,2.873831,8.421420,
AddVertex,-1.300000,2.873831,8.421420,
AddVertex,-1.317253,2.892560,8.421420,
AddVertex,-1.315663,2.894631,8.421420,
AddVertex,-1.314664,2.897043,8.421420,
AddVertex,-1.300000,3.003831,8.421420,
AddVertex,-1.314324,2.899631,8.421420,
AddVertex,-1.321736,2.889972,8.421420,
AddVertex,-1.324324,2.889631,8.421420,
AddVertex,-1.326912,2.889972,8.421420,
AddVertex,-1.329324,2.890971,8.421420,
AddVertex,-1.331395,2.892560,8.421420,
AddVertex,-1.332984,2.894631,8.421420,
AddVertex,-1.333983,2.897043,8.421420,
AddVertex,-1.350000,3.003831,8.421420,
AddVertex,-1.334324,2.899631,8.421420,
AddVertex,-1.333983,2.902219,8.421420,
AddVertex,-1.332984,2.904631,8.421420,
AddVertex,-1.331395,2.906702,8.421420,
AddVertex,-1.329324,2.908291,8.421420,
AddVertex,-1.326912,2.909290,8.421420,
AddVertex,-1.324324,2.909631,8.421420,
AddVertex,-1.350000,3.003831,8.421420,
AddVertex,-1.300000,3.003831,8.421420,
AddVertex,-1.338351,3.003831,8.261642,
AddVertex,-1.338692,3.003831,8.259053,
AddVertex,-1.350000,3.003831,8.221420,
AddVertex,-1.338351,3.003831,8.256465,
AddVertex,-1.337352,3.003831,8.254053,
AddVertex,-1.335763,3.003831,8.251982,
AddVertex,-1.300000,3.003831,8.221420,
AddVertex,-1.333692,3.003831,8.250393,
AddVertex,-1.331280,3.003831,8.249393,
AddVertex,-1.328692,3.003831,8.249053,
AddVertex,-1.326104,3.003831,8.249393,
AddVertex,-1.323692,3.003831,8.250393,
AddVertex,-1.321621,3.003831,8.251982,
AddVertex,-1.320032,3.003831,8.254053,
AddVertex,-1.319033,3.003831,8.256465,
AddVertex,-1.318692,3.003831,8.259053,
AddVertex,-1.319033,3.003831,8.261642,
AddVertex,-1.320032,3.003831,8.264053,
AddVertex,-1.321621,3.003831,8.266124,
AddVertex,-1.323692,3.003831,8.267714,
AddVertex,-1.326104,3.003831,8.268712,
AddVertex,-1.328692,3.003831,8.269053,
AddVertex,-1.331280,3.003831,8.268712,
AddVertex,-1.333692,3.003831,8.267714,
AddVertex,-1.335763,3.003831,8.266124,
AddVertex,-1.337352,3.003831,8.264053,
AddVertex,-1.338351,3.003831,8.261642,
AddVertex,-1.337352,3.003831,8.264053,
AddVertex,-1.337352,3.013831,8.264053,
AddVertex,-1.338351,3.013831,8.261642,
AddVertex,-1.338692,3.003831,8.259053,
AddVertex,-1.338351,3.003831,8.261642,
AddVertex,-1.338351,3.013831,8.261642,
AddVertex,-1.338692,3.013831,8.259053,
AddVertex,-1.338351,3.003831,8.256465,
AddVertex,-1.338692,3.003831,8.259053,
AddVertex,-1.338692,3.013831,8.259053,
AddVertex,-1.338351,3.013831,8.256465,
AddVertex,-1.337352,3.003831,8.254053,
AddVertex,-1.338351,3.003831,8.256465,
AddVertex,-1.338351,3.013831,8.256465,
AddVertex,-1.337352,3.013831,8.254053,
AddVertex,-1.335763,3.003831,8.251982,
AddVertex,-1.337352,3.003831,8.254053,
AddVertex,-1.337352,3.013831,8.254053,
AddVertex,-1.335763,3.013831,8.251982,
AddVertex,-1.335763,3.003831,8.251982,
AddVertex,-1.335763,3.013831,8.251982,
AddVertex,-1.333692,3.013831,8.250393,
AddVertex,-1.333692,3.003831,8.250393,
AddVertex,-1.333692,3.003831,8.250393,
AddVertex,-1.333692,3.013831,8.250393,
AddVertex,-1.331280,3.013831,8.249393,
AddVertex,-1.331280,3.003831,8.249393,
AddVertex,-1.331280,3.003831,8.249393,
AddVertex,-1.331280,3.013831,8.249393,
AddVertex,-1.328692,3.013831,8.249053,
AddVertex,-1.328692,3.003831,8.249053,
AddVertex,-1.328692,3.003831,8.249053,
AddVertex,-1.328692,3.013831,8.249053,
AddVertex,-1.326104,3.013831,8.249393,
AddVertex,-1.326104,3.003831,8.249393,
AddVertex,-1.326104,3.003831,8.249393,
AddVertex,-1.326104,3.013831,8.249393,
AddVertex,-1.323692,3.013831,8.250393,
AddVertex,-1.323692,3.003831,8.250393,
AddVertex,-1.323692,3.003831,8.250393,
AddVertex,-1.323692,3.013831,8.250393,
AddVertex,-1.321621,3.013831,8.251982,
AddVertex,-1.321621,3.003831,8.251982,
AddVertex,-1.320032,3.003831,8.254053,
AddVertex,-1.321621,3.003831,8.251982,
AddVertex,-1.321621,3.013831,8.251982,
AddVertex,-1.320032,3.013831,8.254053,
AddVertex,-1.319033,3.003831,8.256465,
AddVertex,-1.320032,3.003831,8.254053,
AddVertex,-1.320032,3.013831,8.254053,
AddVertex,-1.319033,3.013831,8.256465,
AddVertex,-1.318692,3.003831,8.259053,
AddVertex,-1.319033,3.003831,8.256465,
AddVertex,-1.319033,3.013831,8.256465,
AddVertex,-1.318692,3.013831,8.259053,
AddVertex,-1.319033,3.003831,8.261642,
AddVertex,-1.318692,3.003831,8.259053,
AddVertex,-1.318692,3.013831,8.259053,
AddVertex,-1.319033,3.013831,8.261642,
AddVertex,-1.320032,3.003831,8.264053,
AddVertex,-1.319033,3.003831,8.261642,
AddVertex,-1.319033,3.013831,8.261642,
AddVertex,-1.320032,3.013831,8.264053,
AddVertex,-1.321621,3.003831,8.266124,
AddVertex,-1.320032,3.003831,8.264053,
AddVertex,-1.320032,3.013831,8.264053,
AddVertex,-1.321621,3.013831,8.266124,
AddVertex,-1.323692,3.003831,8.267714,
AddVertex,-1.321621,3.003831,8.266124,
AddVertex,-1.321621,3.013831,8.266124,
AddVertex,-1.323692,3.013831,8.267714,
AddVertex,-1.326104,3.003831,8.268712,
AddVertex,-1.323692,3.003831,8.267714,
AddVertex,-1.323692,3.013831,8.267714,
AddVertex,-1.326104,3.013831,8.268712,
AddVertex,-1.328692,3.003831,8.269053,
AddVertex,-1.326104,3.003831,8.268712,
AddVertex,-1.326104,3.013831,8.268712,
AddVertex,-1.328692,3.013831,8.269053,
AddVertex,-1.331280,3.003831,8.268712,
AddVertex,-1.328692,3.003831,8.269053,
AddVertex,-1.328692,3.013831,8.269053,
AddVertex,-1.331280,3.013831,8.268712,
AddVertex,-1.333692,3.003831,8.267714,
AddVertex,-1.331280,3.003831,8.268712,
AddVertex,-1.331280,3.013831,8.268712,
AddVertex,-1.333692,3.013831,8.267714,
AddVertex,-1.335763,3.003831,8.266124,
AddVertex,-1.333692,3.003831,8.267714,
AddVertex,-1.333692,3.013831,8.267714,
AddVertex,-1.335763,3.013831,8.266124,
AddVertex,-1.337352,3.003831,8.264053,
AddVertex,-1.335763,3.003831,8.266124,
AddVertex,-1.335763,3.013831,8.266124,
AddVertex,-1.337352,3.013831,8.264053,
AddVertex,-1.337352,3.013831,8.264053,
AddVertex,-1.335763,3.013831,8.266124,
AddVertex,-1.335763,3.013831,8.251982,
AddVertex,-1.337352,3.013831,8.254053,
AddVertex,-1.338351,3.013831,8.261642,
AddVertex,-1.338351,3.013831,8.256465,
AddVertex,-1.338692,3.013831,8.259053,
AddVertex,-1.333692,3.013831,8.250393,
AddVertex,-1.333692,3.013831,8.267714,
AddVertex,-1.331280,3.013831,8.268712,
AddVertex,-1.331280,3.013831,8.249393,
AddVertex,-1.328692,3.013831,8.249053,
AddVertex,-1.328692,3.013831,8.269053,
AddVertex,-1.326104,3.013831,8.249393,
AddVertex,-1.326104,3.013831,8.268712,
AddVertex,-1.323692,3.013831,8.250393,
AddVertex,-1.323692,3.013831,8.267714,
AddVertex,-1.321621,3.013831,8.266124,
AddVertex,-1.321621,3.013831,8.251982,
AddVertex,-1.320032,3.013831,8.254053,
AddVertex,-1.320032,3.013831,8.264053,
AddVertex,-1.319033,3.013831,8.256465,
AddVertex,-1.319033,3.013831,8.261642,
AddVertex,-1.318692,3.013831,8.259053,
AddVertex,-1.300000,3.003831,8.221420,
AddVertex,-1.300000,3.003831,8.421420,
AddVertex,-1.300000,2.986305,8.254433,
AddVertex,-1.300000,2.966305,8.254433,
AddVertex,-1.300000,2.873831,8.221420,
AddVertex,-1.300000,2.891134,8.333873,
AddVertex,-1.300000,2.873831,8.421420,
AddVertex,-1.316663,2.873831,8.373329,
AddVertex,-1.317003,2.873831,8.370741,
AddVertex,-1.318002,2.873831,8.368329,
AddVertex,-1.319592,2.873831,8.366258,
AddVertex,-1.321663,2.873831,8.364669,
AddVertex,-1.324075,2.873831,8.363669,
AddVertex,-1.326663,2.873831,8.363329,
AddVertex,-1.329251,2.873831,8.363669,
AddVertex,-1.331663,2.873831,8.364669,
AddVertex,-1.333734,2.873831,8.366258,
AddVertex,-1.335323,2.873831,8.368329,
AddVertex,-1.317003,2.873831,8.375917,
AddVertex,-1.318002,2.873831,8.378329,
AddVertex,-1.319592,2.873831,8.380400,
AddVertex,-1.321663,2.873831,8.381989,
AddVertex,-1.324075,2.873831,8.382988,
AddVertex,-1.326663,2.873831,8.383328,
AddVertex,-1.329251,2.873831,8.382988,
AddVertex,-1.331663,2.873831,8.381989,
AddVertex,-1.300000,2.891134,8.393873,
AddVertex,-1.300000,2.921134,8.393873,
AddVertex,-1.300000,2.921134,8.333873,
AddVertex,-1.300000,2.986305,8.314433,
AddVertex,-1.300000,2.966305,8.314433,
AddVertex,-1.321736,2.909290,8.421420,
AddVertex,-1.319324,2.908291,8.421420,
AddVertex,-1.317253,2.906702,8.421420,
AddVertex,-1.315663,2.904631,8.421420,
AddVertex,-1.314664,2.902219,8.421420,
AddVertex,-0.827573,3.024149,9.413109,
AddVertex,-0.931855,3.018291,9.407115,
AddVertex,-0.927446,3.018539,9.355190,
AddVertex,-0.917305,3.019109,9.235773,
AddVertex,-0.810621,3.025101,9.241905,
AddVertex,-0.820455,3.024549,9.413518,
AddVertex,-0.719729,3.030207,9.419308,
AddVertex,-0.702777,3.031159,9.248104,
AddVertex,-0.712611,3.030607,9.419717,
AddVertex,-0.594032,3.037267,9.426533,
AddVertex,-0.577080,3.038219,9.255329,
AddVertex,-0.583933,3.037834,9.374935,
AddVertex,-0.586914,3.037667,9.426942,
AddVertex,-1.167709,3.306936,9.208467,
AddVertex,-1.051563,3.314380,9.221599,
AddVertex,-0.935417,3.321825,9.234732,
AddVertex,-0.917305,3.019109,9.235773,
AddVertex,-1.032297,3.011738,9.222771,
AddVertex,-1.148443,3.004293,9.209638,
AddVertex,-1.032297,3.011738,9.222771,
AddVertex,-0.931855,3.018291,9.407115,
AddVertex,-1.051539,3.010620,9.393582,
AddVertex,-1.148443,3.004293,9.209638,
AddVertex,-1.161853,3.003514,9.328685,
AddVertex,-1.167685,3.003175,9.380449,
AddVertex,-1.167498,3.002193,9.204179,
AddVertex,-1.148443,3.004293,9.209638,
AddVertex,-1.161853,3.003514,9.328685,
AddVertex,-1.167685,3.003175,9.380449,
AddVertex,-1.218229,2.997301,9.312536,
AddVertex,-1.240288,2.995173,9.359652,
AddVertex,-1.214018,2.989593,9.171431,
AddVertex,-1.218229,2.997301,9.312536,
AddVertex,-1.240288,2.995173,9.359652,
AddVertex,-1.280188,2.980518,9.268918,
AddVertex,-1.308960,2.976573,9.311308,
AddVertex,-1.280188,2.980518,9.268918,
AddVertex,-1.308960,2.976573,9.311308,
AddVertex,-1.279356,3.284708,9.150697,
AddVertex,-1.214018,2.989593,9.171431,
AddVertex,-1.167498,3.002193,9.204179,
AddVertex,-1.214018,2.989593,9.171431,
AddVertex,-1.279356,3.284708,9.150697,
AddVertex,-1.217591,3.301438,9.194177,
AddVertex,-1.148443,3.004293,9.209638,
AddVertex,-1.167498,3.002193,9.204179,
AddVertex,-1.217591,3.301438,9.194177,
AddVertex,-1.167709,3.306936,9.208467,
AddVertex,-1.167498,3.002193,9.204179,
AddVertex,-0.927446,3.018539,9.355190,
AddVertex,-0.917305,3.019109,9.235773,
AddVertex,-0.810621,3.025101,9.241905,
AddVertex,-0.917305,3.019109,9.235773,
AddVertex,-0.935417,3.321825,9.234732,
AddVertex,-0.702777,3.031159,9.248104,
AddVertex,-0.577080,3.038219,9.255329,
AddVertex,-0.594032,3.341001,9.254354,
AddVertex,-0.570784,3.038618,9.255666,
AddVertex,-0.577080,3.038219,9.255329,
AddVertex,-0.594032,3.341001,9.254354,
AddVertex,-0.589882,3.341263,9.254577,
AddVertex,-0.452819,3.046085,9.261970,
AddVertex,-0.468334,3.348957,9.261072,
AddVertex,-0.465565,3.349132,9.261220,
AddVertex,-0.343492,3.048388,9.263914,
AddVertex,-0.452819,3.046085,9.261970,
AddVertex,-0.465565,3.349132,9.261220,
AddVertex,-0.226408,3.050853,9.265996,
AddVertex,-0.343492,3.048388,9.263914,
AddVertex,-0.226408,3.050853,9.265996,
AddVertex,-0.229459,3.050601,9.437862,
AddVertex,-0.346543,3.048136,9.435781,
AddVertex,-0.452819,3.046085,9.261970,
AddVertex,-0.457071,3.045865,9.381715,
AddVertex,-0.458920,3.045769,9.433783,
AddVertex,-0.457071,3.045865,9.381715,
AddVertex,-0.458920,3.045769,9.433783,
AddVertex,-0.468334,3.045173,9.433279,
AddVertex,-0.452819,3.046085,9.261970,
AddVertex,-0.570784,3.038618,9.255666,
AddVertex,-0.577155,3.038264,9.375298,
AddVertex,-0.579925,3.038110,9.427316,
AddVertex,-0.577080,3.038219,9.255329,
AddVertex,-0.583933,3.037834,9.374935,
AddVertex,-0.586914,3.037667,9.426942,
AddVertex,-0.349866,3.351569,9.263278,
AddVertex,0.000000,3.358646,9.269500,
AddVertex,0.000000,3.055622,9.270021,
AddVertex,-0.017241,3.055259,9.269715,
AddVertex,-0.109325,3.053319,9.268078,
AddVertex,-0.109325,3.053319,9.268078,
AddVertex,-0.112375,3.053067,9.439944,
AddVertex,-0.020292,3.055007,9.441582,
AddVertex,-0.017241,3.055259,9.269715,
AddVertex,0.000000,3.055434,9.441943,
AddVertex,0.000000,3.055622,9.270021,
AddVertex,0.000000,3.055491,9.389843,
AddVertex,0.000000,3.055435,9.441381,
AddVertex,0.000000,3.055622,9.270021,
AddVertex,0.000000,3.055435,9.441381,
AddVertex,0.000000,3.055491,9.389843,
AddVertex,0.020292,3.055007,9.441582,
AddVertex,0.000000,3.055434,9.441943,
AddVertex,0.452819,3.046085,9.261970,
AddVertex,0.458920,3.045769,9.433783,
AddVertex,0.346543,3.048136,9.435781,
AddVertex,0.343492,3.048388,9.263914,
AddVertex,0.229459,3.050601,9.437862,
AddVertex,0.226408,3.050853,9.265996,
AddVertex,0.112375,3.053067,9.439944,
AddVertex,0.109325,3.053319,9.268078,
AddVertex,0.017241,3.055259,9.269715,
AddVertex,0.017241,3.055259,9.269715,
AddVertex,0.000000,3.055622,9.270021,
AddVertex,0.465565,3.349132,9.261220,
AddVertex,0.109325,3.053319,9.268078,
AddVertex,0.226408,3.050853,9.265996,
AddVertex,0.343492,3.048388,9.263914,
AddVertex,0.452819,3.046085,9.261970,
AddVertex,0.452819,3.046085,9.261970,
AddVertex,0.465565,3.349132,9.261220,
AddVertex,0.580956,3.341828,9.255054,
AddVertex,0.561857,3.039183,9.256143,
AddVertex,0.457071,3.045865,9.381715,
AddVertex,0.452819,3.046085,9.261970,
AddVertex,0.561857,3.039183,9.256143,
AddVertex,0.458920,3.045769,9.433783,
AddVertex,0.457071,3.045865,9.381715,
AddVertex,0.468334,3.045173,9.433279,
AddVertex,0.568228,3.038829,9.375774,
AddVertex,0.570998,3.038675,9.427793,
AddVertex,0.468334,3.348957,9.261072,
AddVertex,0.000000,3.358646,9.269500,
AddVertex,0.349866,3.351569,9.263278,
AddVertex,-0.115699,3.356501,9.267442,
AddVertex,-0.023615,3.358440,9.269079,
AddVertex,-0.232782,3.354035,9.265360,
AddVertex,0.000000,3.358938,9.269499,
AddVertex,0.000000,3.358938,9.269499,
AddVertex,0.023615,3.358440,9.269079,
AddVertex,0.115699,3.356501,9.267442,
AddVertex,0.232782,3.354035,9.265360,
AddVertex,-0.719729,3.333940,9.247129,
AddVertex,-0.827573,3.327882,9.240931,
AddVertex,-1.350000,2.323450,9.119915,
AddVertex,-1.350000,2.640588,9.119915,
AddVertex,-1.250000,2.640588,9.119915,
AddVertex,-1.250000,2.323450,9.119915,
AddVertex,-1.350000,2.323450,9.397261,
AddVertex,-1.350000,2.323450,9.119915,
AddVertex,-1.250000,2.323450,9.119915,
AddVertex,-1.250000,2.323450,9.397261,
AddVertex,-1.350000,2.323450,9.397261,
AddVertex,-1.250000,2.323450,9.397261,
AddVertex,-1.250000,2.640588,9.326711,
AddVertex,-1.350000,2.640588,9.326711,
AddVertex,-1.350000,2.640588,9.326711,
AddVertex,-1.250000,2.640588,9.326711,
AddVertex,-1.250000,2.640588,9.119915,
AddVertex,-1.350000,2.640588,9.119915,
AddVertex,-1.250000,2.640588,9.119915,
AddVertex,-1.250000,2.640588,9.326711,
AddVertex,-1.250000,2.579751,9.177861,
AddVertex,-1.250000,2.449751,9.177861,
AddVertex,-1.250000,2.323450,9.119915,
AddVertex,-1.250000,2.323450,9.397261,
AddVertex,-1.250000,2.449751,9.277862,
AddVertex,-1.250000,2.579751,9.277862,
AddVertex,-1.220000,2.579751,9.177861,
AddVertex,-1.250000,2.579751,9.177861,
AddVertex,-1.250000,2.579751,9.277862,
AddVertex,-1.220000,2.579751,9.277862,
AddVertex,-1.220000,2.579751,9.177861,
AddVertex,-1.220000,2.579751,9.277862,
AddVertex,-1.220000,2.449751,9.277862,
AddVertex,-1.220000,2.449751,9.177861,
AddVertex,-1.220000,2.579751,9.177861,
AddVertex,-1.220000,2.449751,9.177861,
AddVertex,-1.250000,2.449751,9.177861,
AddVertex,-1.250000,2.579751,9.177861,
AddVertex,-1.250000,2.449751,9.277862,
AddVertex,-1.250000,2.449751,9.177861,
AddVertex,-1.220000,2.449751,9.177861,
AddVertex,-1.220000,2.449751,9.277862,
AddVertex,-1.250000,2.579751,9.277862,
AddVertex,-1.250000,2.449751,9.277862,
AddVertex,-1.220000,2.449751,9.277862,
AddVertex,-1.220000,2.579751,9.277862,
AddVertex,0.109701,1.938900,9.466482,
AddVertex,0.108111,1.940203,9.468092,
AddVertex,0.108111,1.944090,9.464947,
AddVertex,0.109701,1.942787,9.463337,
AddVertex,0.109701,1.938900,9.466482,
AddVertex,0.109701,1.942787,9.463337,
AddVertex,0.111772,1.941788,9.462102,
AddVertex,0.111772,1.937900,9.465246,
AddVertex,0.111772,1.937900,9.465246,
AddVertex,0.111772,1.941788,9.462102,
AddVertex,0.114183,1.941159,9.461325,
AddVertex,0.114183,1.937272,9.464470,
AddVertex,0.114183,1.937272,9.464470,
AddVertex,0.114183,1.941159,9.461325,
AddVertex,0.116772,1.940945,9.461060,
AddVertex,0.116772,1.937058,9.464205,
AddVertex,0.119360,1.937272,9.464470,
AddVertex,0.116772,1.937058,9.464205,
AddVertex,0.116772,1.940945,9.461060,
AddVertex,0.119360,1.941159,9.461325,
AddVertex,0.121772,1.937900,9.465246,
AddVertex,0.119360,1.937272,9.464470,
AddVertex,0.119360,1.941159,9.461325,
AddVertex,0.121772,1.938255,9.464959,
AddVertex,0.121772,1.937900,9.465246,
AddVertex,0.121772,1.938255,9.464959,
AddVertex,0.124676,1.940887,9.468213,
AddVertex,0.124676,1.940533,9.468500,
AddVertex,0.124676,1.940887,9.468213,
AddVertex,0.121772,1.938255,9.464959,
AddVertex,0.162851,1.920327,9.442799,
AddVertex,0.125432,1.940557,9.467805,
AddVertex,0.158295,1.926215,9.450076,
AddVertex,0.166511,1.926162,9.442786,
AddVertex,0.166511,1.922629,9.445644,
AddVertex,0.162851,1.920327,9.442799,
AddVertex,0.162851,1.923860,9.439940,
AddVertex,0.125432,1.944090,9.464947,
AddVertex,0.166511,1.926162,9.442786,
AddVertex,0.162851,1.923860,9.439940,
AddVertex,0.123843,1.942787,9.463337,
AddVertex,0.121772,1.941788,9.462102,
AddVertex,0.122126,1.946332,9.467719,
AddVertex,0.121572,1.945491,9.466680,
AddVertex,0.120691,1.944769,9.465787,
AddVertex,0.119543,1.944215,9.465102,
AddVertex,0.119360,1.941159,9.461325,
AddVertex,0.118206,1.943867,9.464672,
AddVertex,0.116772,1.943748,9.464525,
AddVertex,0.116772,1.940945,9.461060,
AddVertex,0.115337,1.943867,9.464672,
AddVertex,0.114183,1.941159,9.461325,
AddVertex,0.114000,1.944215,9.465102,
AddVertex,0.112852,1.944769,9.465787,
AddVertex,0.111971,1.945491,9.466680,
AddVertex,0.111772,1.941788,9.462102,
AddVertex,0.111417,1.946332,9.467719,
AddVertex,0.111228,1.947235,9.468835,
AddVertex,0.109701,1.951682,9.474332,
AddVertex,0.109701,1.942787,9.463337,
AddVertex,0.108111,1.944090,9.464947,
AddVertex,0.108111,1.950379,9.472722,
AddVertex,0.107112,1.945607,9.466823,
AddVertex,0.107112,1.948862,9.470846,
AddVertex,0.106772,1.947235,9.468835,
AddVertex,0.107112,1.948862,9.470846,
AddVertex,0.106772,1.947235,9.468835,
AddVertex,0.106772,1.943347,9.471979,
AddVertex,0.107112,1.944975,9.473991,
AddVertex,0.108111,1.950379,9.472722,
AddVertex,0.107112,1.948862,9.470846,
AddVertex,0.107112,1.944975,9.473991,
AddVertex,0.108111,1.946492,9.475866,
AddVertex,0.109701,1.951682,9.474332,
AddVertex,0.108111,1.950379,9.472722,
AddVertex,0.108111,1.946492,9.475866,
AddVertex,0.109701,1.947795,9.477476,
AddVertex,0.109701,1.951682,9.474332,
AddVertex,0.109701,1.947795,9.477476,
AddVertex,0.111772,1.948794,9.478712,
AddVertex,0.111772,1.952681,9.475567,
AddVertex,0.111772,1.952681,9.475567,
AddVertex,0.111417,1.948137,9.469950,
AddVertex,0.122315,1.947235,9.468835,
AddVertex,0.123843,1.951682,9.474332,
AddVertex,0.125432,1.950379,9.472722,
AddVertex,0.126431,1.945607,9.466823,
AddVertex,0.125432,1.940557,9.467805,
AddVertex,0.125432,1.944090,9.464947,
AddVertex,0.126431,1.945607,9.466823,
AddVertex,0.126431,1.941719,9.469967,
AddVertex,0.125432,1.940203,9.468092,
AddVertex,0.126431,1.941719,9.469967,
AddVertex,0.126431,1.945607,9.466823,
AddVertex,0.126772,1.947235,9.468835,
AddVertex,0.126772,1.943347,9.471979,
AddVertex,0.126772,1.943347,9.471979,
AddVertex,0.126772,1.947235,9.468835,
AddVertex,0.126431,1.948862,9.470846,
AddVertex,0.126431,1.944975,9.473991,
AddVertex,0.126431,1.944975,9.473991,
AddVertex,0.126431,1.948862,9.470846,
AddVertex,0.125432,1.950379,9.472722,
AddVertex,0.125432,1.946492,9.475866,
AddVertex,0.125432,1.946492,9.475866,
AddVertex,0.125432,1.950379,9.472722,
AddVertex,0.123843,1.951682,9.474332,
AddVertex,0.123843,1.947795,9.477476,
AddVertex,0.121772,1.948794,9.478712,
AddVertex,0.123843,1.947795,9.477476,
AddVertex,0.123843,1.951682,9.474332,
AddVertex,0.121772,1.952681,9.475567,
AddVertex,0.119360,1.949422,9.479488,
AddVertex,0.121772,1.948794,9.478712,
AddVertex,0.121772,1.952681,9.475567,
AddVertex,0.119360,1.953310,9.476344,
AddVertex,0.116772,1.949637,9.479753,
AddVertex,0.119360,1.949422,9.479488,
AddVertex,0.119360,1.953310,9.476344,
AddVertex,0.116772,1.953524,9.476609,
AddVertex,0.116772,1.949637,9.479753,
AddVertex,0.116772,1.953524,9.476609,
AddVertex,0.114183,1.953310,9.476344,
AddVertex,0.114183,1.949422,9.479488,
AddVertex,0.114183,1.949422,9.479488,
AddVertex,0.114183,1.953310,9.476344,
AddVertex,0.111772,1.952681,9.475567,
AddVertex,0.111772,1.948794,9.478712,
AddVertex,0.114183,1.953310,9.476344,
AddVertex,0.111971,1.948978,9.470989,
AddVertex,0.112852,1.949700,9.471882,
AddVertex,0.114000,1.950254,9.472567,
AddVertex,0.115337,1.950602,9.472997,
AddVertex,0.116772,1.953524,9.476609,
AddVertex,0.116772,1.950721,9.473144,
AddVertex,0.119360,1.953310,9.476344,
AddVertex,0.118206,1.950602,9.472997,
AddVertex,0.119543,1.950254,9.472567,
AddVertex,0.121772,1.952681,9.475567,
AddVertex,0.120691,1.949700,9.471882,
AddVertex,0.121572,1.948978,9.470989,
AddVertex,0.122126,1.948137,9.469950,
AddVertex,0.126431,1.948862,9.470846,
AddVertex,0.126772,1.947235,9.468835,
AddVertex,0.107112,1.941719,9.469967,
AddVertex,0.106772,1.943347,9.471979,
AddVertex,0.106772,1.947235,9.468835,
AddVertex,0.107112,1.945607,9.466823,
AddVertex,0.108111,1.940203,9.468092,
AddVertex,0.107112,1.941719,9.469967,
AddVertex,0.107112,1.945607,9.466823,
AddVertex,0.108111,1.944090,9.464947,
AddVertex,0.121772,1.941788,9.462102,
AddVertex,0.121772,1.938255,9.464959,
AddVertex,0.121772,1.941788,9.462102,
AddVertex,0.162851,1.923860,9.439940,
AddVertex,0.162851,1.920327,9.442799,
AddVertex,0.165755,1.922959,9.446053,
AddVertex,-0.212059,2.026281,9.516998,
AddVertex,-0.212059,2.024740,9.521755,
AddVertex,-0.212059,2.006808,9.515948,
AddVertex,-0.212059,2.008349,9.511191,
AddVertex,-0.212059,2.024740,9.521755,
AddVertex,-0.212059,2.026281,9.516998,
AddVertex,-0.235438,2.026281,9.516998,
AddVertex,-0.235438,2.024740,9.521755,
AddVertex,-0.235438,2.006808,9.515948,
AddVertex,-0.235438,2.024740,9.521755,
AddVertex,-0.235438,2.026281,9.516998,
AddVertex,-0.235438,2.008349,9.511191,
AddVertex,-0.212059,2.006808,9.515948,
AddVertex,-0.235438,2.006808,9.515948,
AddVertex,-0.235438,2.008349,9.511191,
AddVertex,-0.212059,2.008349,9.511191,
AddVertex,-0.512444,2.137275,9.573966,
AddVertex,-0.511445,2.139569,9.574709,
AddVertex,-0.511445,2.142650,9.565196,
AddVertex,-0.512444,2.140356,9.564453,
AddVertex,-0.512784,2.134813,9.573169,
AddVertex,-0.512444,2.137275,9.573966,
AddVertex,-0.512444,2.140356,9.564453,
AddVertex,-0.512784,2.137893,9.563655,
AddVertex,-0.512444,2.132350,9.572371,
AddVertex,-0.512784,2.134813,9.573169,
AddVertex,-0.512784,2.137893,9.563655,
AddVertex,-0.512444,2.135431,9.562858,
AddVertex,-0.502784,2.144326,9.576250,
AddVertex,-0.500196,2.144002,9.576145,
AddVertex,-0.500196,2.147083,9.566631,
AddVertex,-0.502784,2.147407,9.566736,
AddVertex,-0.505373,2.144002,9.576145,
AddVertex,-0.502784,2.144326,9.576250,
AddVertex,-0.502784,2.147407,9.566736,
AddVertex,-0.505373,2.147083,9.566631,
AddVertex,-0.507784,2.143052,9.575837,
AddVertex,-0.505373,2.144002,9.576145,
AddVertex,-0.505373,2.147083,9.566631,
AddVertex,-0.507784,2.146132,9.566323,
AddVertex,-0.509855,2.141540,9.575347,
AddVertex,-0.507784,2.143052,9.575837,
AddVertex,-0.507784,2.146132,9.566323,
AddVertex,-0.509855,2.144621,9.565834,
AddVertex,-0.511445,2.139569,9.574709,
AddVertex,-0.509855,2.141540,9.575347,
AddVertex,-0.509855,2.144621,9.565834,
AddVertex,-0.511445,2.142650,9.565196,
AddVertex,-0.511445,2.142650,9.565196,
AddVertex,-0.509855,2.144621,9.565834,
AddVertex,-0.505872,2.142982,9.565303,
AddVertex,-0.507151,2.142048,9.565001,
AddVertex,-0.508133,2.140831,9.564607,
AddVertex,-0.512444,2.140356,9.564453,
AddVertex,-0.508750,2.139414,9.564148,
AddVertex,-0.512784,2.137893,9.563655,
AddVertex,-0.508960,2.137893,9.563655,
AddVertex,-0.508750,2.136373,9.563163,
AddVertex,-0.512444,2.135431,9.562858,
AddVertex,-0.508133,2.134956,9.562704,
AddVertex,-0.507151,2.133739,9.562310,
AddVertex,-0.511445,2.133137,9.562115,
AddVertex,-0.505872,2.132805,9.562008,
AddVertex,-0.504383,2.132219,9.561817,
AddVertex,-0.509855,2.131166,9.561477,
AddVertex,-0.502784,2.132018,9.561752,
AddVertex,-0.495713,2.131166,9.561477,
AddVertex,-0.507784,2.129654,9.560987,
AddVertex,-0.497784,2.129654,9.560987,
AddVertex,-0.505373,2.128704,9.560679,
AddVertex,-0.500196,2.128704,9.560679,
AddVertex,-0.502784,2.128380,9.560575,
AddVertex,-0.505373,2.128704,9.560679,
AddVertex,-0.502784,2.128380,9.560575,
AddVertex,-0.502784,2.125299,9.570088,
AddVertex,-0.505373,2.125623,9.570193,
AddVertex,-0.507784,2.129654,9.560987,
AddVertex,-0.505373,2.128704,9.560679,
AddVertex,-0.505373,2.125623,9.570193,
AddVertex,-0.507784,2.126574,9.570500,
AddVertex,-0.500196,2.125623,9.570193,
AddVertex,-0.502784,2.125299,9.570088,
AddVertex,-0.502784,2.128380,9.560575,
AddVertex,-0.500196,2.128704,9.560679,
AddVertex,-0.497784,2.126574,9.570500,
AddVertex,-0.500196,2.125623,9.570193,
AddVertex,-0.500196,2.128704,9.560679,
AddVertex,-0.497784,2.129654,9.560987,
AddVertex,-0.495713,2.128085,9.570991,
AddVertex,-0.497784,2.126574,9.570500,
AddVertex,-0.497784,2.129654,9.560987,
AddVertex,-0.495713,2.131166,9.561477,
AddVertex,-0.495713,2.128085,9.570991,
AddVertex,-0.495713,2.131166,9.561477,
AddVertex,-0.494124,2.133137,9.562115,
AddVertex,-0.494124,2.130056,9.571629,
AddVertex,-0.494124,2.130056,9.571629,
AddVertex,-0.494124,2.133137,9.562115,
AddVertex,-0.493125,2.135431,9.562858,
AddVertex,-0.493125,2.132350,9.572371,
AddVertex,-0.493125,2.132350,9.572371,
AddVertex,-0.493125,2.135431,9.562858,
AddVertex,-0.492784,2.137893,9.563655,
AddVertex,-0.492784,2.134813,9.573169,
AddVertex,-0.492784,2.134813,9.573169,
AddVertex,-0.492784,2.137893,9.563655,
AddVertex,-0.493125,2.140356,9.564453,
AddVertex,-0.493125,2.137275,9.573966,
AddVertex,-0.493125,2.137275,9.573966,
AddVertex,-0.493125,2.140356,9.564453,
AddVertex,-0.494124,2.142650,9.565196,
AddVertex,-0.494124,2.139569,9.574709,
AddVertex,-0.494124,2.139569,9.574709,
AddVertex,-0.494124,2.142650,9.565196,
AddVertex,-0.495713,2.144621,9.565834,
AddVertex,-0.495713,2.141540,9.575347,
AddVertex,-0.497784,2.143052,9.575837,
AddVertex,-0.495713,2.141540,9.575347,
AddVertex,-0.495713,2.144621,9.565834,
AddVertex,-0.497784,2.146132,9.566323,
AddVertex,-0.500196,2.144002,9.576145,
AddVertex,-0.497784,2.143052,9.575837,
AddVertex,-0.497784,2.146132,9.566323,
AddVertex,-0.500196,2.147083,9.566631,
AddVertex,-0.507784,2.146132,9.566323,
AddVertex,-0.500196,2.147083,9.566631,
AddVertex,-0.497784,2.146132,9.566323,
AddVertex,-0.495713,2.144621,9.565834,
AddVertex,-0.502784,2.143769,9.565557,
AddVertex,-0.504383,2.143569,9.565493,
AddVertex,-0.501186,2.132219,9.561817,
AddVertex,-0.494124,2.133137,9.562115,
AddVertex,-0.499697,2.132805,9.562008,
AddVertex,-0.498418,2.133739,9.562310,
AddVertex,-0.493125,2.135431,9.562858,
AddVertex,-0.497436,2.134956,9.562704,
AddVertex,-0.496819,2.136373,9.563163,
AddVertex,-0.492784,2.137893,9.563655,
AddVertex,-0.496609,2.137893,9.563655,
AddVertex,-0.496819,2.139414,9.564148,
AddVertex,-0.493125,2.140356,9.564453,
AddVertex,-0.497436,2.140831,9.564607,
AddVertex,-0.494124,2.142650,9.565196,
AddVertex,-0.498418,2.142048,9.565001,
AddVertex,-0.499697,2.142982,9.565303,
AddVertex,-0.501186,2.143569,9.565493,
AddVertex,-0.505373,2.147083,9.566631,
AddVertex,-0.502784,2.147407,9.566736,
AddVertex,-0.278621,2.128024,9.570971,
AddVertex,-0.281228,2.128146,9.571010,
AddVertex,-0.281228,2.131227,9.561497,
AddVertex,-0.278621,2.131105,9.561457,
AddVertex,-0.276069,2.128549,9.571140,
AddVertex,-0.278621,2.128024,9.570971,
AddVertex,-0.278621,2.131105,9.561457,
AddVertex,-0.276069,2.131629,9.561626,
AddVertex,-0.273747,2.129683,9.571507,
AddVertex,-0.276069,2.128549,9.571140,
AddVertex,-0.276069,2.131629,9.561626,
AddVertex,-0.273747,2.132764,9.561995,
AddVertex,-0.271813,2.131351,9.572048,
AddVertex,-0.273747,2.129683,9.571507,
AddVertex,-0.273747,2.132764,9.561995,
AddVertex,-0.271813,2.134432,9.562534,
AddVertex,-0.271813,2.131351,9.572048,
AddVertex,-0.271813,2.134432,9.562534,
AddVertex,-0.270398,2.136519,9.563210,
AddVertex,-0.270398,2.133438,9.572723,
AddVertex,-0.270398,2.133438,9.572723,
AddVertex,-0.270398,2.136519,9.563210,
AddVertex,-0.269600,2.138884,9.563976,
AddVertex,-0.269600,2.135803,9.573489,
AddVertex,-0.269600,2.135803,9.573489,
AddVertex,-0.269600,2.138884,9.563976,
AddVertex,-0.269472,2.141364,9.564779,
AddVertex,-0.269472,2.138283,9.574293,
AddVertex,-0.269472,2.138283,9.574293,
AddVertex,-0.269472,2.141364,9.564779,
AddVertex,-0.270023,2.143792,9.565565,
AddVertex,-0.270023,2.140711,9.575079,
AddVertex,-0.270023,2.140711,9.575079,
AddVertex,-0.270023,2.143792,9.565565,
AddVertex,-0.271216,2.146001,9.566281,
AddVertex,-0.271216,2.142920,9.575794,
AddVertex,-0.280256,2.146988,9.577112,
AddVertex,-0.280256,2.150069,9.567598,
AddVertex,-0.282807,2.149544,9.567429,
AddVertex,-0.282807,2.146463,9.576941,
AddVertex,-0.282807,2.146463,9.576941,
AddVertex,-0.282807,2.149544,9.567429,
AddVertex,-0.285129,2.148410,9.567060,
AddVertex,-0.285129,2.145329,9.576574,
AddVertex,-0.285129,2.145329,9.576574,
AddVertex,-0.285129,2.148410,9.567060,
AddVertex,-0.287064,2.146742,9.566521,
AddVertex,-0.287064,2.143661,9.576035,
AddVertex,-0.288478,2.141573,9.575358,
AddVertex,-0.287064,2.143661,9.576035,
AddVertex,-0.287064,2.146742,9.566521,
AddVertex,-0.288478,2.144654,9.565845,
AddVertex,-0.289277,2.139209,9.574593,
AddVertex,-0.288478,2.141573,9.575358,
AddVertex,-0.288478,2.144654,9.565845,
AddVertex,-0.289277,2.142290,9.565079,
AddVertex,-0.289405,2.136729,9.573790,
AddVertex,-0.289277,2.139209,9.574593,
AddVertex,-0.289277,2.142290,9.565079,
AddVertex,-0.289405,2.139809,9.564276,
AddVertex,-0.288854,2.134301,9.573003,
AddVertex,-0.289405,2.136729,9.573790,
AddVertex,-0.289405,2.139809,9.564276,
AddVertex,-0.288854,2.137382,9.563490,
AddVertex,-0.287661,2.132092,9.572288,
AddVertex,-0.288854,2.134301,9.573003,
AddVertex,-0.288854,2.137382,9.563490,
AddVertex,-0.287661,2.135173,9.562774,
AddVertex,-0.285908,2.130252,9.571692,
AddVertex,-0.287661,2.132092,9.572288,
AddVertex,-0.287661,2.135173,9.562774,
AddVertex,-0.285908,2.133332,9.562179,
AddVertex,-0.283714,2.128906,9.571256,
AddVertex,-0.285908,2.130252,9.571692,
AddVertex,-0.285908,2.133332,9.562179,
AddVertex,-0.283714,2.131987,9.561743,
AddVertex,-0.281228,2.128146,9.571010,
AddVertex,-0.283714,2.128906,9.571256,
AddVertex,-0.283714,2.131987,9.561743,
AddVertex,-0.281228,2.131227,9.561497,
AddVertex,-0.401188,2.137751,9.574121,
AddVertex,-0.399599,2.139721,9.574759,
AddVertex,-0.399599,2.142802,9.565245,
AddVertex,-0.401188,2.140831,9.564607,
AddVertex,-0.402187,2.135456,9.573378,
AddVertex,-0.401188,2.137751,9.574121,
AddVertex,-0.401188,2.140831,9.564607,
AddVertex,-0.402187,2.138537,9.563864,
AddVertex,-0.402528,2.132994,9.572580,
AddVertex,-0.402187,2.135456,9.573378,
AddVertex,-0.402187,2.138537,9.563864,
AddVertex,-0.402528,2.136075,9.563066,
AddVertex,-0.402187,2.130532,9.571782,
AddVertex,-0.402528,2.132994,9.572580,
AddVertex,-0.402528,2.136075,9.563066,
AddVertex,-0.402187,2.133612,9.562269,
AddVertex,-0.401188,2.128237,9.571039,
AddVertex,-0.402187,2.130532,9.571782,
AddVertex,-0.402187,2.133612,9.562269,
AddVertex,-0.401188,2.131318,9.561526,
AddVertex,-0.399599,2.126267,9.570401,
AddVertex,-0.401188,2.128237,9.571039,
AddVertex,-0.401188,2.131318,9.561526,
AddVertex,-0.399599,2.129348,9.560887,
AddVertex,-0.397528,2.124755,9.569912,
AddVertex,-0.399599,2.126267,9.570401,
AddVertex,-0.399599,2.129348,9.560887,
AddVertex,-0.397528,2.127836,9.560398,
AddVertex,-0.395116,2.123805,9.569604,
AddVertex,-0.397528,2.124755,9.569912,
AddVertex,-0.397528,2.127836,9.560398,
AddVertex,-0.395116,2.126885,9.560090,
AddVertex,-0.392528,2.123480,9.569499,
AddVertex,-0.395116,2.123805,9.569604,
AddVertex,-0.395116,2.126885,9.560090,
AddVertex,-0.392528,2.126561,9.559985,
AddVertex,-0.389940,2.123805,9.569604,
AddVertex,-0.392528,2.123480,9.569499,
AddVertex,-0.392528,2.126561,9.559985,
AddVertex,-0.389940,2.126885,9.560090,
AddVertex,-0.387528,2.124755,9.569912,
AddVertex,-0.389940,2.123805,9.569604,
AddVertex,-0.389940,2.126885,9.560090,
AddVertex,-0.387528,2.127836,9.560398,
AddVertex,-0.385457,2.126267,9.570401,
AddVertex,-0.387528,2.124755,9.569912,
AddVertex,-0.387528,2.127836,9.560398,
AddVertex,-0.385457,2.129348,9.560887,
AddVertex,-0.385457,2.126267,9.570401,
AddVertex,-0.385457,2.129348,9.560887,
AddVertex,-0.383868,2.131318,9.561526,
AddVertex,-0.383868,2.128237,9.571039,
AddVertex,-0.395116,2.142183,9.575556,
AddVertex,-0.392528,2.142507,9.575661,
AddVertex,-0.392528,2.145588,9.566147,
AddVertex,-0.395116,2.145264,9.566042,
AddVertex,-0.397528,2.141233,9.575248,
AddVertex,-0.395116,2.142183,9.575556,
AddVertex,-0.395116,2.145264,9.566042,
AddVertex,-0.397528,2.144314,9.565735,
AddVertex,-0.399599,2.139721,9.574759,
AddVertex,-0.397528,2.141233,9.575248,
AddVertex,-0.397528,2.144314,9.565735,
AddVertex,-0.399599,2.142802,9.565245,
AddVertex,-0.399599,2.142802,9.565245,
AddVertex,-0.397528,2.144314,9.565735,
AddVertex,-0.385457,2.142802,9.565245,
AddVertex,-0.383868,2.140831,9.564607,
AddVertex,-0.401188,2.140831,9.564607,
AddVertex,-0.392528,2.140506,9.564501,
AddVertex,-0.391323,2.140355,9.564452,
AddVertex,-0.390199,2.139912,9.564309,
AddVertex,-0.389235,2.139208,9.564081,
AddVertex,-0.382869,2.138537,9.563864,
AddVertex,-0.388495,2.138290,9.563784,
AddVertex,-0.388029,2.137222,9.563437,
AddVertex,-0.382528,2.136075,9.563066,
AddVertex,-0.387871,2.136075,9.563066,
AddVertex,-0.388029,2.134928,9.562695,
AddVertex,-0.388495,2.133859,9.562349,
AddVertex,-0.382869,2.133612,9.562269,
AddVertex,-0.389235,2.132942,9.562052,
AddVertex,-0.390199,2.132238,9.561824,
AddVertex,-0.391323,2.131795,9.561680,
AddVertex,-0.383868,2.131318,9.561526,
AddVertex,-0.392528,2.131644,9.561631,
AddVertex,-0.401188,2.131318,9.561526,
AddVertex,-0.399599,2.129348,9.560887,
AddVertex,-0.385457,2.129348,9.560887,
AddVertex,-0.397528,2.127836,9.560398,
AddVertex,-0.387528,2.127836,9.560398,
AddVertex,-0.395116,2.126885,9.560090,
AddVertex,-0.389940,2.126885,9.560090,
AddVertex,-0.392528,2.126561,9.559985,
AddVertex,-0.393733,2.131795,9.561680,
AddVertex,-0.402187,2.133612,9.562269,
AddVertex,-0.394857,2.132238,9.561824,
AddVertex,-0.393733,2.140355,9.564452,
AddVertex,-0.394857,2.139912,9.564309,
AddVertex,-0.395821,2.139208,9.564081,
AddVertex,-0.402187,2.138537,9.563864,
AddVertex,-0.396561,2.138290,9.563784,
AddVertex,-0.397027,2.137222,9.563437,
AddVertex,-0.402528,2.136075,9.563066,
AddVertex,-0.397185,2.136075,9.563066,
AddVertex,-0.397027,2.134928,9.562695,
AddVertex,-0.396561,2.133859,9.562349,
AddVertex,-0.395821,2.132942,9.562052,
AddVertex,-0.383868,2.128237,9.571039,
AddVertex,-0.383868,2.131318,9.561526,
AddVertex,-0.382869,2.133612,9.562269,
AddVertex,-0.382869,2.130532,9.571782,
AddVertex,-0.382869,2.130532,9.571782,
AddVertex,-0.382869,2.133612,9.562269,
AddVertex,-0.382528,2.136075,9.563066,
AddVertex,-0.382528,2.132994,9.572580,
AddVertex,-0.382528,2.132994,9.572580,
AddVertex,-0.382528,2.136075,9.563066,
AddVertex,-0.382869,2.138537,9.563864,
AddVertex,-0.382869,2.135456,9.573378,
AddVertex,-0.387528,2.144314,9.565735,
AddVertex,-0.395116,2.145264,9.566042,
AddVertex,-0.389940,2.145264,9.566042,
AddVertex,-0.392528,2.145588,9.566147,
AddFace,0,1,2,
AddFace,2,3,0,
AddFace,4,5,6,
AddFace,6,7,4,
AddFace,8,4,7,
AddFace,7,9,8,
AddFace,9,10,8,
AddFace,10,11,8,
AddFace,11,12,8,
AddFace,13,14,15,
AddFace,16,13,15,
AddFace,17,16,15,
AddFace,18,17,15,
AddFace,15,19,18,
AddFace,19,20,18,
AddFace,13,21,14,
AddFace,21,22,14,
AddFace,14,22,23,
AddFace,23,24,14,
AddFace,24,25,14,
AddFace,25,26,14,
AddFace,26,27,14,
AddFace,27,28,14,
AddFace,27,29,28,
AddFace,29,30,28,
AddFace,30,31,28,
AddFace,31,32,28,
AddFace,32,33,28,
AddFace,33,34,28,
AddFace,34,35,28,
AddFace,35,19,28,
AddFace,36,37,38,
AddFace,38,39,36,
AddFace,40,36,39,
AddFace,39,41,40,
AddFace,41,42,40,
AddFace,42,43,40,
AddFace,43,44,40,
AddFace,43,45,44,
AddFace,45,46,44,
AddFace,46,47,44,
AddFace,47,48,44,
AddFace,48,49,44,
AddFace,49,50,44,
AddFace,50,51,44,
AddFace,51,52,44,
AddFace,52,53,44,
AddFace,37,44,53,
AddFace,37,53,54,
AddFace,37,54,55,
AddFace,37,55,56,
AddFace,37,56,57,
AddFace,37,57,58,
AddFace,37,58,59,
AddFace,37,59,60,
AddFace,37,60,61,
AddFace,37,61,62,
AddFace,37,62,63,
AddFace,37,63,38,
AddFace,64,65,66,
AddFace,66,67,64,
AddFace,68,69,70,
AddFace,70,71,68,
AddFace,72,73,74,
AddFace,74,75,72,
AddFace,76,77,78,
AddFace,78,79,76,
AddFace,80,81,82,
AddFace,82,83,80,
AddFace,84,85,86,
AddFace,86,87,84,
AddFace,88,89,90,
AddFace,90,91,88,
AddFace,92,93,94,
AddFace,94,95,92,
AddFace,96,97,98,
AddFace,98,99,96,
AddFace,100,101,102,
AddFace,102,103,100,
AddFace,104,105,106,
AddFace,106,107,104,
AddFace,108,109,110,
AddFace,110,111,108,
AddFace,112,113,114,
AddFace,114,115,112,
AddFace,116,117,118,
AddFace,118,119,116,
AddFace,120,121,122,
AddFace,122,123,120,
AddFace,124,125,126,
AddFace,126,127,124,
AddFace,128,129,130,
AddFace,130,131,128,
AddFace,132,133,134,
AddFace,134,135,132,
AddFace,136,137,138,
AddFace,138,139,136,
AddFace,140,141,142,
AddFace,142,143,140,
AddFace,144,145,146,
AddFace,146,147,144,
AddFace,148,149,150,
AddFace,150,151,148,
AddFace,152,153,154,
AddFace,154,155,152,
AddFace,156,157,158,
AddFace,158,159,156,
AddFace,160,161,162,
AddFace,160,162,163,
AddFace,164,160,163,
AddFace,164,163,165,
AddFace,165,166,164,
AddFace,161,167,162,
AddFace,161,168,167,
AddFace,168,169,167,
AddFace,169,170,167,
AddFace,169,171,170,
AddFace,169,172,171,
AddFace,172,173,171,
AddFace,172,174,173,
AddFace,174,175,173,
AddFace,174,176,175,
AddFace,176,177,175,
AddFace,177,178,175,
AddFace,177,179,178,
AddFace,177,180,179,
AddFace,180,181,179,
AddFace,180,182,181,
AddFace,182,183,181,
AddFace,184,185,186,
AddFace,186,187,184,
AddFace,188,184,187,
AddFace,187,189,188,
AddFace,189,190,188,
AddFace,5,12,191,
AddFace,5,191,192,
AddFace,5,192,193,
AddFace,5,193,194,
AddFace,5,194,195,
AddFace,5,195,196,
AddFace,5,196,197,
AddFace,5,197,198,
AddFace,5,198,199,
AddFace,5,199,200,
AddFace,5,200,201,
AddFace,5,201,6,
AddFace,202,191,12,
AddFace,203,202,12,
AddFace,204,203,12,
AddFace,205,204,12,
AddFace,206,205,12,
AddFace,207,206,12,
AddFace,208,207,12,
AddFace,209,208,12,
AddFace,11,209,12,
AddFace,189,210,190,
AddFace,210,211,190,
AddFace,185,190,211,
AddFace,185,211,212,
AddFace,185,212,213,
AddFace,185,213,186,
AddFace,187,214,189,
AddFace,214,213,189,
AddFace,212,189,213,
AddFace,19,35,215,
AddFace,19,215,216,
AddFace,19,216,217,
AddFace,19,217,218,
AddFace,19,218,219,
AddFace,19,219,20,
AddFace,220,221,222,
AddFace,222,223,220,
AddFace,223,224,220,
AddFace,224,225,220,
AddFace,224,226,225,
AddFace,224,227,226,
AddFace,227,228,226,
AddFace,227,229,228,
AddFace,227,230,229,
AddFace,230,231,229,
AddFace,231,232,229,
AddFace,233,234,235,
AddFace,233,235,236,
AddFace,233,236,237,
AddFace,237,238,233,
AddFace,239,240,241,
AddFace,242,239,241,
AddFace,243,242,241,
AddFace,241,244,243,
AddFace,245,246,247,
AddFace,245,247,248,
AddFace,249,245,248,
AddFace,248,250,249,
AddFace,251,252,253,
AddFace,254,251,253,
AddFace,253,255,254,
AddFace,256,257,258,
AddFace,258,259,256,
AddFace,260,261,262,
AddFace,262,263,260,
AddFace,264,265,266,
AddFace,266,267,264,
AddFace,251,268,252,
AddFace,239,269,240,
AddFace,239,270,269,
AddFace,271,272,273,
AddFace,273,274,271,
AddFace,273,275,274,
AddFace,273,276,275,
AddFace,277,278,279,
AddFace,279,280,277,
AddFace,281,277,280,
AddFace,280,282,281,
AddFace,282,283,281,
AddFace,284,285,286,
AddFace,286,287,284,
AddFace,288,289,290,
AddFace,288,290,291,
AddFace,292,288,291,
AddFace,293,292,291,
AddFace,291,294,293,
AddFace,295,296,297,
AddFace,298,295,297,
AddFace,299,298,297,
AddFace,300,299,297,
AddFace,297,301,300,
AddFace,302,299,300,
AddFace,302,300,301,
AddFace,303,302,301,
AddFace,301,304,303,
AddFace,286,305,306,
AddFace,286,306,307,
AddFace,286,307,308,
AddFace,286,308,309,
AddFace,286,309,287,
AddFace,289,310,311,
AddFace,289,311,290,
AddFace,310,312,311,
AddFace,310,313,312,
AddFace,313,314,312,
AddFace,313,315,314,
AddFace,315,316,314,
AddFace,317,314,316,
AddFace,318,319,320,
AddFace,319,318,321,
AddFace,321,322,319,
AddFace,323,324,325,
AddFace,326,323,325,
AddFace,326,325,327,
AddFace,328,326,327,
AddFace,328,327,329,
AddFace,330,328,329,
AddFace,330,329,321,
AddFace,331,330,321,
AddFace,318,331,321,
AddFace,332,333,334,
AddFace,335,332,334,
AddFace,336,335,334,
AddFace,337,336,334,
AddFace,334,338,337,
AddFace,339,340,341,
AddFace,341,342,339,
AddFace,343,344,345,
AddFace,345,346,343,
AddFace,323,347,324,
AddFace,345,348,346,
AddFace,345,349,348,
AddFace,349,350,348,
AddFace,340,351,341,
AddFace,333,352,334,
AddFace,352,353,334,
AddFace,354,355,306,
AddFace,356,354,306,
AddFace,305,356,306,
AddFace,355,357,306,
AddFace,352,358,359,
AddFace,352,359,360,
AddFace,352,360,361,
AddFace,352,361,353,
AddFace,273,362,276,
AddFace,273,363,362,
AddFace,364,365,366,
AddFace,366,367,364,
AddFace,368,369,370,
AddFace,370,371,368,
AddFace,372,373,374,
AddFace,374,375,372,
AddFace,376,377,378,
AddFace,378,379,376,
AddFace,380,381,382,
AddFace,382,383,380,
AddFace,384,380,383,
AddFace,383,385,384,
AddFace,383,386,385,
AddFace,386,387,385,
AddFace,387,381,385,
AddFace,381,387,382,
AddFace,388,389,390,
AddFace,390,391,388,
AddFace,392,393,394,
AddFace,394,395,392,
AddFace,396,397,398,
AddFace,398,399,396,
AddFace,400,401,402,
AddFace,402,403,400,
AddFace,404,405,406,
AddFace,406,407,404,
AddFace,408,409,410,
AddFace,410,411,408,
AddFace,412,413,414,
AddFace,414,415,412,
AddFace,416,417,418,
AddFace,418,419,416,
AddFace,420,421,422,
AddFace,422,423,420,
AddFace,424,425,426,
AddFace,426,427,424,
AddFace,428,429,430,
AddFace,430,431,428,
AddFace,432,433,434,
AddFace,434,435,432,
AddFace,436,437,438,
AddFace,438,439,436,
AddFace,438,440,439,
AddFace,441,442,443,
AddFace,443,444,441,
AddFace,445,446,447,
AddFace,448,445,447,
AddFace,447,449,448,
AddFace,450,448,449,
AddFace,451,450,449,
AddFace,452,451,449,
AddFace,453,452,449,
AddFace,453,449,454,
AddFace,455,453,454,
AddFace,456,455,454,
AddFace,456,454,457,
AddFace,458,456,457,
AddFace,458,457,459,
AddFace,460,458,459,
AddFace,461,460,459,
AddFace,462,461,459,
AddFace,462,459,463,
AddFace,464,462,463,
AddFace,465,464,463,
AddFace,466,465,463,
AddFace,466,463,467,
AddFace,466,467,468,
AddFace,469,466,468,
AddFace,469,468,470,
AddFace,471,469,470,
AddFace,470,472,471,
AddFace,473,474,475,
AddFace,475,476,473,
AddFace,477,478,479,
AddFace,479,480,477,
AddFace,481,482,483,
AddFace,483,484,481,
AddFace,485,486,487,
AddFace,487,488,485,
AddFace,465,466,489,
AddFace,489,490,465,
AddFace,450,491,448,
AddFace,491,492,448,
AddFace,492,493,448,
AddFace,493,445,448,
AddFace,493,494,445,
AddFace,495,496,497,
AddFace,497,498,495,
AddFace,498,499,495,
AddFace,500,501,502,
AddFace,502,503,500,
AddFace,504,505,506,
AddFace,506,507,504,
AddFace,508,509,510,
AddFace,510,511,508,
AddFace,512,513,514,
AddFace,514,515,512,
AddFace,516,517,518,
AddFace,518,519,516,
AddFace,520,521,522,
AddFace,522,523,520,
AddFace,524,525,526,
AddFace,526,527,524,
AddFace,528,529,530,
AddFace,530,531,528,
AddFace,532,533,534,
AddFace,534,535,532,
AddFace,489,536,537,
AddFace,489,537,490,
AddFace,536,538,537,
AddFace,536,539,538,
AddFace,536,540,539,
AddFace,536,541,540,
AddFace,541,542,540,
AddFace,541,543,542,
AddFace,543,544,542,
AddFace,543,545,544,
AddFace,543,546,545,
AddFace,546,547,545,
AddFace,546,548,547,
AddFace,546,549,548,
AddFace,546,492,549,
AddFace,492,491,549,
AddFace,493,550,494,
AddFace,550,551,494,
AddFace,552,553,554,
AddFace,554,555,552,
AddFace,556,557,558,
AddFace,558,559,556,
AddFace,430,560,431,
AddFace,561,562,563,
AddFace,563,564,561,
AddFace,438,565,440,
AddFace,566,567,568,
AddFace,568,569,566,
AddFace,570,571,572,
AddFace,572,573,570,
AddFace,574,575,576,
AddFace,576,577,574,
AddFace,578,579,580,
AddFace,580,581,578,
AddFace,582,583,584,
AddFace,584,585,582,
AddFace,586,587,588,
AddFace,588,589,586,
AddFace,590,591,592,
AddFace,592,593,590,
AddFace,594,595,596,
AddFace,596,597,594,
AddFace,598,599,600,
AddFace,600,601,598,
AddFace,602,603,604,
AddFace,604,605,602,
AddFace,606,607,608,
AddFace,608,609,606,
AddFace,610,611,612,
AddFace,612,613,610,
AddFace,614,615,616,
AddFace,614,616,617,
AddFace,614,617,618,
AddFace,619,614,618,
AddFace,619,618,620,
AddFace,621,619,620,
AddFace,621,620,622,
AddFace,621,622,623,
AddFace,624,621,623,
AddFace,624,623,625,
AddFace,624,625,626,
AddFace,627,624,626,
AddFace,627,626,628,
AddFace,627,628,629,
AddFace,630,627,629,
AddFace,629,631,630,
AddFace,630,631,632,
AddFace,633,630,632,
AddFace,633,632,634,
AddFace,635,633,634,
AddFace,635,634,636,
AddFace,636,637,635,
AddFace,638,639,640,
AddFace,640,641,638,
AddFace,642,643,644,
AddFace,644,645,642,
AddFace,646,647,648,
AddFace,648,649,646,
AddFace,650,651,652,
AddFace,652,653,650,
AddFace,654,655,656,
AddFace,656,657,654,
AddFace,658,659,660,
AddFace,660,661,658,
AddFace,662,663,664,
AddFace,664,665,662,
AddFace,666,667,668,
AddFace,668,669,666,
AddFace,670,671,672,
AddFace,672,673,670,
AddFace,674,675,676,
AddFace,676,677,674,
AddFace,678,679,680,
AddFace,680,681,678,
AddFace,682,683,684,
AddFace,684,685,682,
AddFace,686,687,688,
AddFace,688,689,686,
AddFace,690,691,692,
AddFace,615,690,692,
AddFace,615,692,693,
AddFace,615,693,694,
AddFace,615,694,695,
AddFace,615,695,616,
AddFace,631,696,632,
AddFace,696,697,632,
AddFace,696,698,697,
AddFace,698,699,697,
AddFace,699,700,697,
AddFace,699,701,700,
AddFace,701,702,700,
AddFace,702,703,700,
AddFace,702,704,703,
AddFace,704,705,703,
AddFace,705,706,703,
AddFace,705,707,706,
AddFace,707,708,706,
AddFace,707,709,708,
AddFace,709,710,708,
AddFace,710,693,708,
AddFace,710,711,693,
AddFace,711,694,693,
AddFace,690,712,691,
AddFace,712,713,691,
AddFace,714,715,716,
AddFace,716,717,714,
AddFace,718,719,720,
AddFace,720,721,718,
AddFace,722,723,724,
AddFace,724,725,722,
AddFace,726,727,728,
AddFace,728,729,726,
AddFace,730,731,732,
AddFace,732,733,730,
AddFace,734,735,736,
AddFace,736,737,734,
AddFace,738,739,740,
AddFace,740,741,738,
AddFace,742,743,744,
AddFace,744,745,742,
AddFace,746,747,748,
AddFace,748,749,746,
AddFace,750,751,752,
AddFace,752,753,750,
AddFace,754,755,756,
AddFace,756,757,754,
AddFace,758,759,760,
AddFace,760,761,758,
AddFace,762,763,764,
AddFace,764,765,762,
AddFace,766,767,768,
AddFace,768,769,766,
AddFace,770,771,772,
AddFace,772,773,770,
AddFace,774,775,776,
AddFace,776,777,774,
AddFace,778,779,780,
AddFace,780,781,778,
AddFace,782,783,784,
AddFace,784,785,782,
AddFace,786,787,788,
AddFace,788,789,786,
AddFace,790,791,792,
AddFace,792,793,790,
AddFace,794,795,796,
AddFace,796,797,794,
AddFace,798,799,800,
AddFace,800,801,798,
AddFace,802,803,804,
AddFace,804,805,802,
AddFace,806,807,808,
AddFace,808,809,806,
AddFace,810,811,812,
AddFace,812,813,810,
AddFace,814,815,816,
AddFace,816,817,814,
AddFace,818,819,820,
AddFace,820,821,818,
AddFace,822,823,824,
AddFace,824,825,822,
AddFace,826,827,828,
AddFace,828,829,826,
AddFace,830,831,832,
AddFace,832,833,830,
AddFace,834,835,836,
AddFace,836,837,834,
AddFace,838,839,840,
AddFace,840,841,838,
AddFace,842,843,844,
AddFace,844,845,842,
AddFace,846,847,848,
AddFace,848,849,846,
AddFace,850,851,852,
AddFace,852,853,850,
AddFace,854,855,856,
AddFace,856,857,854,
AddFace,858,859,860,
AddFace,858,860,861,
AddFace,862,858,861,
AddFace,863,862,861,
AddFace,864,863,861,
AddFace,865,864,861,
AddFace,866,865,861,
AddFace,866,861,867,
AddFace,868,866,867,
AddFace,869,868,867,
AddFace,869,867,870,
AddFace,871,869,870,
AddFace,872,871,870,
AddFace,873,872,870,
AddFace,873,870,874,
AddFace,875,873,874,
AddFace,876,875,874,
AddFace,877,876,874,
AddFace,877,874,878,
AddFace,879,877,878,
AddFace,880,879,878,
AddFace,881,880,878,
AddFace,881,878,882,
AddFace,883,881,882,
AddFace,883,882,884,
AddFace,885,883,884,
AddFace,885,884,886,
AddFace,886,887,885,
AddFace,888,879,880,
AddFace,880,889,888,
AddFace,889,890,888,
AddFace,862,863,891,
AddFace,862,891,892,
AddFace,862,892,893,
AddFace,894,862,893,
AddFace,894,893,895,
AddFace,894,895,896,
AddFace,897,894,896,
AddFace,897,896,898,
AddFace,897,898,899,
AddFace,897,899,900,
AddFace,889,897,900,
AddFace,889,900,901,
AddFace,889,901,890,
AddFace,902,903,904,
AddFace,904,905,902,
AddFace,906,907,908,
AddFace,908,909,906,
AddFace,910,911,912,
AddFace,912,913,910,
AddFace,859,914,860,
AddFace,859,915,914,
AddFace,915,916,914,
AddFace,915,917,916,
GenerateNormals,
SetColor,170,170,170,255,

CreateMeshBuilder,
;Jeminie 3DS Converter
AddVertex,-1.300000,2.986305,8.254433,
AddVertex,-1.300000,2.986305,8.314433,
AddVertex,-1.300000,2.966305,8.314433,
AddVertex,-1.300000,2.966305,8.254433,
AddVertex,-1.300000,2.891134,8.393873,
AddVertex,-1.300000,2.891134,8.333873,
AddVertex,-1.300000,2.921134,8.333873,
AddVertex,-1.300000,2.921134,8.393873,
AddVertex,-0.550661,2.025145,9.521887,
AddVertex,-0.526529,2.025145,9.521887,
AddVertex,-0.526529,2.026685,9.517130,
AddVertex,-0.550661,2.026685,9.517130,
AddVertex,-0.550661,2.006118,9.515724,
AddVertex,-0.550661,2.025145,9.521887,
AddVertex,-0.550661,2.026685,9.517130,
AddVertex,-0.550661,2.007658,9.510968,
AddVertex,-0.526529,2.006118,9.515724,
AddVertex,-0.550661,2.006118,9.515724,
AddVertex,-0.550661,2.007658,9.510968,
AddVertex,-0.526529,2.007658,9.510968,
AddVertex,-0.526529,2.006118,9.515724,
AddVertex,-0.526529,2.007658,9.510968,
AddVertex,-0.526529,2.026685,9.517130,
AddVertex,-0.526529,2.025145,9.521887,
AddVertex,-0.217873,2.198757,9.539007,
AddVertex,-0.222873,2.196089,9.547246,
AddVertex,-0.217873,2.193421,9.555485,
AddVertex,-0.207873,2.198757,9.539007,
AddVertex,-0.217873,2.160703,9.526683,
AddVertex,-0.217873,2.198757,9.539007,
AddVertex,-0.207873,2.198757,9.539007,
AddVertex,-0.207873,2.160703,9.526683,
AddVertex,-0.217873,2.193421,9.555485,
AddVertex,-0.217873,2.155366,9.543161,
AddVertex,-0.207873,2.155366,9.543161,
AddVertex,-0.207873,2.193421,9.555485,
AddVertex,-0.207873,2.193421,9.555485,
AddVertex,-0.202873,2.196089,9.547246,
AddVertex,-0.207873,2.198757,9.539007,
AddVertex,-0.202873,2.196089,9.547246,
AddVertex,-0.202873,2.158035,9.534923,
AddVertex,-0.207873,2.160703,9.526683,
AddVertex,-0.207873,2.155366,9.543161,
AddVertex,-0.202873,2.158035,9.534923,
AddVertex,-0.202873,2.196089,9.547246,
AddVertex,-0.207873,2.193421,9.555485,
AddVertex,-0.217873,2.198757,9.539007,
AddVertex,-0.217873,2.160703,9.526683,
AddVertex,-0.222873,2.158035,9.534923,
AddVertex,-0.222873,2.196089,9.547246,
AddVertex,-0.451288,2.026685,9.517130,
AddVertex,-0.451288,2.025145,9.521887,
AddVertex,-0.451288,2.006118,9.515724,
AddVertex,-0.451288,2.007658,9.510968,
AddVertex,-0.451288,2.026685,9.517130,
AddVertex,-0.475427,2.026685,9.517130,
AddVertex,-0.475427,2.025145,9.521887,
AddVertex,-0.451288,2.025145,9.521887,
AddVertex,-0.475427,2.006118,9.515724,
AddVertex,-0.475427,2.025145,9.521887,
AddVertex,-0.475427,2.026685,9.517130,
AddVertex,-0.475427,2.007658,9.510968,
AddVertex,-0.451288,2.006118,9.515724,
AddVertex,-0.475427,2.006118,9.515724,
AddVertex,-0.475427,2.007658,9.510968,
AddVertex,-0.451288,2.007658,9.510968,
AddVertex,-0.476661,2.026685,9.517130,
AddVertex,-0.476661,2.025145,9.521887,
AddVertex,-0.476661,2.006118,9.515724,
AddVertex,-0.476661,2.007658,9.510968,
AddVertex,-0.500720,2.026685,9.517130,
AddVertex,-0.500720,2.007658,9.510968,
AddVertex,-0.500720,2.006118,9.515724,
AddVertex,-0.500720,2.025145,9.521887,
AddVertex,-0.476661,2.026685,9.517130,
AddVertex,-0.500720,2.026685,9.517130,
AddVertex,-0.500720,2.025145,9.521887,
AddVertex,-0.476661,2.025145,9.521887,
AddVertex,-0.476661,2.006118,9.515724,
AddVertex,-0.500720,2.006118,9.515724,
AddVertex,-0.500720,2.007658,9.510968,
AddVertex,-0.476661,2.007658,9.510968,
AddVertex,-0.695398,2.242079,9.586884,
AddVertex,-0.595398,2.242079,9.586884,
AddVertex,-0.677889,2.217203,9.578828,
AddVertex,-0.677889,2.179148,9.566504,
AddVertex,-0.695398,2.165970,9.562237,
AddVertex,-0.617889,2.179148,9.566504,
AddVertex,-0.595398,2.165970,9.562237,
AddVertex,-0.617889,2.217203,9.578828,
AddFace,0,1,2,
AddFace,2,3,0,
AddFace,4,5,6,
AddFace,6,7,4,
AddFace,8,9,10,
AddFace,10,11,8,
AddFace,12,13,14,
AddFace,14,15,12,
AddFace,16,17,18,
AddFace,18,19,16,
AddFace,20,21,22,
AddFace,22,23,20,
AddFace,24,25,26,
AddFace,26,27,24,
AddFace,28,29,30,
AddFace,30,31,28,
AddFace,32,33,34,
AddFace,34,35,32,
AddFace,26,36,27,
AddFace,36,37,27,
AddFace,38,39,40,
AddFace,40,41,38,
AddFace,42,43,44,
AddFace,44,45,42,
AddFace,46,47,48,
AddFace,48,49,46,
AddFace,50,51,52,
AddFace,52,53,50,
AddFace,54,55,56,
AddFace,56,57,54,
AddFace,58,59,60,
AddFace,60,61,58,
AddFace,62,63,64,
AddFace,64,65,62,
AddFace,66,67,68,
AddFace,68,69,66,
AddFace,70,71,72,
AddFace,72,73,70,
AddFace,74,75,76,
AddFace,76,77,74,
AddFace,78,79,80,
AddFace,80,81,78,
AddFace,82,83,84,
AddFace,82,84,85,
AddFace,86,82,85,
AddFace,85,87,86,
AddFace,88,86,87,
AddFace,87,83,88,
AddFace,87,89,83,
AddFace,89,84,83,
GenerateNormals,
SetColor,142,142,142,255,

CreateMeshBuilder,
;Jeminie 3DS Converter
AddVertex,-0.071087,1.911141,9.416268,
AddVertex,-0.071087,1.903367,9.422558,
AddVertex,-0.073499,1.903995,9.423335,
AddVertex,-0.073499,1.911769,9.417046,
AddVertex,-0.078158,1.918844,9.425791,
AddVertex,-0.078499,1.917216,9.423779,
AddVertex,-0.078499,1.909442,9.430068,
AddVertex,-0.078158,1.911070,9.432080,
AddVertex,-0.077159,1.920361,9.427666,
AddVertex,-0.078158,1.918844,9.425791,
AddVertex,-0.078158,1.911070,9.432080,
AddVertex,-0.077159,1.912586,9.433955,
AddVertex,-0.075570,1.921664,9.429276,
AddVertex,-0.077159,1.920361,9.427666,
AddVertex,-0.077159,1.912586,9.433955,
AddVertex,-0.075570,1.913889,9.435565,
AddVertex,-0.075570,1.921664,9.429276,
AddVertex,-0.075570,1.913889,9.435565,
AddVertex,-0.073499,1.914889,9.436801,
AddVertex,-0.073499,1.922663,9.430511,
AddVertex,-0.073499,1.922663,9.430511,
AddVertex,-0.073499,1.914889,9.436801,
AddVertex,-0.071087,1.915517,9.437577,
AddVertex,-0.071087,1.923291,9.431288,
AddVertex,-0.071087,1.903367,9.422558,
AddVertex,-0.071087,1.911141,9.416268,
AddVertex,-0.068499,1.910927,9.416004,
AddVertex,-0.068499,1.903152,9.422294,
AddVertex,-0.065911,1.903367,9.422558,
AddVertex,-0.068499,1.903152,9.422294,
AddVertex,-0.068499,1.910927,9.416004,
AddVertex,-0.065911,1.911141,9.416268,
AddVertex,-0.063499,1.903995,9.423335,
AddVertex,-0.065911,1.903367,9.422558,
AddVertex,-0.065911,1.911141,9.416268,
AddVertex,-0.063499,1.911769,9.417046,
AddVertex,-0.061428,1.904994,9.424570,
AddVertex,-0.063499,1.903995,9.423335,
AddVertex,-0.063499,1.911769,9.417046,
AddVertex,-0.061428,1.912769,9.418281,
AddVertex,-0.061428,1.904994,9.424570,
AddVertex,-0.061428,1.912769,9.418281,
AddVertex,-0.059839,1.914071,9.419891,
AddVertex,-0.059839,1.906297,9.426181,
AddVertex,-0.059839,1.906297,9.426181,
AddVertex,-0.059839,1.914071,9.419891,
AddVertex,-0.058840,1.915588,9.421766,
AddVertex,-0.058840,1.907814,9.428056,
AddVertex,-0.058840,1.907814,9.428056,
AddVertex,-0.058840,1.915588,9.421766,
AddVertex,-0.058499,1.917216,9.423779,
AddVertex,-0.058499,1.909442,9.430068,
AddVertex,-0.058499,1.909442,9.430068,
AddVertex,-0.058499,1.917216,9.423779,
AddVertex,-0.058840,1.918844,9.425791,
AddVertex,-0.058840,1.911070,9.432080,
AddVertex,-0.058840,1.911070,9.432080,
AddVertex,-0.058840,1.918844,9.425791,
AddVertex,-0.059839,1.920361,9.427666,
AddVertex,-0.059839,1.912586,9.433955,
AddVertex,-0.059839,1.912586,9.433955,
AddVertex,-0.059839,1.920361,9.427666,
AddVertex,-0.061428,1.921664,9.429276,
AddVertex,-0.061428,1.913889,9.435565,
AddVertex,-0.063499,1.914889,9.436801,
AddVertex,-0.061428,1.913889,9.435565,
AddVertex,-0.061428,1.921664,9.429276,
AddVertex,-0.063499,1.922663,9.430511,
AddVertex,-0.065911,1.915517,9.437577,
AddVertex,-0.063499,1.914889,9.436801,
AddVertex,-0.063499,1.922663,9.430511,
AddVertex,-0.065911,1.923291,9.431288,
AddVertex,-0.068499,1.915731,9.437842,
AddVertex,-0.065911,1.915517,9.437577,
AddVertex,-0.065911,1.923291,9.431288,
AddVertex,-0.068499,1.923506,9.431553,
AddVertex,-0.068499,1.915731,9.437842,
AddVertex,-0.068499,1.923506,9.431553,
AddVertex,-0.071087,1.923291,9.431288,
AddVertex,-0.071087,1.915517,9.437577,
AddVertex,-0.078158,1.907814,9.428056,
AddVertex,-0.078499,1.909442,9.430068,
AddVertex,-0.078499,1.917216,9.423779,
AddVertex,-0.078158,1.915588,9.421766,
AddVertex,-0.077159,1.906297,9.426181,
AddVertex,-0.078158,1.907814,9.428056,
AddVertex,-0.078158,1.915588,9.421766,
AddVertex,-0.077159,1.914071,9.419891,
AddVertex,-0.075570,1.904994,9.424570,
AddVertex,-0.077159,1.906297,9.426181,
AddVertex,-0.077159,1.914071,9.419891,
AddVertex,-0.075570,1.912769,9.418281,
AddVertex,-0.075570,1.904994,9.424570,
AddVertex,-0.075570,1.912769,9.418281,
AddVertex,-0.073499,1.911769,9.417046,
AddVertex,-0.073499,1.903995,9.423335,
AddVertex,-1.275334,2.218960,9.345194,
AddVertex,-1.280361,2.218288,9.344325,
AddVertex,-1.278658,2.218288,9.334472,
AddVertex,-1.273632,2.218960,9.335340,
AddVertex,-1.270651,2.220928,9.346004,
AddVertex,-1.275334,2.218960,9.345194,
AddVertex,-1.273632,2.218960,9.335340,
AddVertex,-1.268948,2.220928,9.336149,
AddVertex,-1.266629,2.224061,9.346699,
AddVertex,-1.270651,2.220928,9.346004,
AddVertex,-1.268948,2.220928,9.336149,
AddVertex,-1.264926,2.224061,9.336844,
AddVertex,-1.266629,2.224061,9.346699,
AddVertex,-1.264926,2.224061,9.336844,
AddVertex,-1.261840,2.228142,9.337378,
AddVertex,-1.263542,2.228142,9.347232,
AddVertex,-1.263542,2.228142,9.347232,
AddVertex,-1.261840,2.228142,9.337378,
AddVertex,-1.259899,2.232895,9.337713,
AddVertex,-1.261602,2.232895,9.347567,
AddVertex,-1.261602,2.232895,9.347567,
AddVertex,-1.259899,2.232895,9.337713,
AddVertex,-1.259238,2.237996,9.337828,
AddVertex,-1.260941,2.237996,9.347681,
AddVertex,-1.261602,2.243097,9.347567,
AddVertex,-1.260941,2.237996,9.347681,
AddVertex,-1.259238,2.237996,9.337828,
AddVertex,-1.259899,2.243097,9.337713,
AddVertex,-1.263542,2.247850,9.347232,
AddVertex,-1.261602,2.243097,9.347567,
AddVertex,-1.259899,2.243097,9.337713,
AddVertex,-1.261840,2.247850,9.337378,
AddVertex,-1.266629,2.251932,9.346699,
AddVertex,-1.263542,2.247850,9.347232,
AddVertex,-1.261840,2.247850,9.337378,
AddVertex,-1.264926,2.251932,9.336844,
AddVertex,-1.266629,2.251932,9.346699,
AddVertex,-1.264926,2.251932,9.336844,
AddVertex,-1.268948,2.255064,9.336149,
AddVertex,-1.270651,2.255064,9.346004,
AddVertex,-1.270651,2.255064,9.346004,
AddVertex,-1.268948,2.255064,9.336149,
AddVertex,-1.273632,2.257032,9.335340,
AddVertex,-1.275334,2.257032,9.345194,
AddVertex,-1.275334,2.257032,9.345194,
AddVertex,-1.273632,2.257032,9.335340,
AddVertex,-1.278658,2.257704,9.334472,
AddVertex,-1.280361,2.257704,9.344325,
AddVertex,-1.280361,2.257704,9.344325,
AddVertex,-1.278658,2.257704,9.334472,
AddVertex,-1.283684,2.257032,9.333603,
AddVertex,-1.285387,2.257032,9.343457,
AddVertex,-1.285387,2.257032,9.343457,
AddVertex,-1.283684,2.257032,9.333603,
AddVertex,-1.288368,2.255064,9.332793,
AddVertex,-1.290071,2.255064,9.342648,
AddVertex,-1.290071,2.255064,9.342648,
AddVertex,-1.288368,2.255064,9.332793,
AddVertex,-1.292390,2.251932,9.332099,
AddVertex,-1.294093,2.251932,9.341952,
AddVertex,-1.297179,2.247850,9.341419,
AddVertex,-1.294093,2.251932,9.341952,
AddVertex,-1.292390,2.251932,9.332099,
AddVertex,-1.295476,2.247850,9.331565,
AddVertex,-1.299119,2.243097,9.341084,
AddVertex,-1.297179,2.247850,9.341419,
AddVertex,-1.295476,2.247850,9.331565,
AddVertex,-1.297416,2.243097,9.331230,
AddVertex,-1.299781,2.237996,9.340970,
AddVertex,-1.299119,2.243097,9.341084,
AddVertex,-1.297416,2.243097,9.331230,
AddVertex,-1.298078,2.237996,9.331116,
AddVertex,-1.299781,2.237996,9.340970,
AddVertex,-1.298078,2.237996,9.331116,
AddVertex,-1.297416,2.232895,9.331230,
AddVertex,-1.299119,2.232895,9.341084,
AddVertex,-1.299119,2.232895,9.341084,
AddVertex,-1.297416,2.232895,9.331230,
AddVertex,-1.295476,2.228142,9.331565,
AddVertex,-1.297179,2.228142,9.341419,
AddVertex,-1.297179,2.228142,9.341419,
AddVertex,-1.295476,2.228142,9.331565,
AddVertex,-1.292390,2.224061,9.332099,
AddVertex,-1.294093,2.224061,9.341952,
AddVertex,-1.290071,2.220928,9.342648,
AddVertex,-1.294093,2.224061,9.341952,
AddVertex,-1.292390,2.224061,9.332099,
AddVertex,-1.288368,2.220928,9.332793,
AddVertex,-1.285387,2.218960,9.343457,
AddVertex,-1.290071,2.220928,9.342648,
AddVertex,-1.288368,2.220928,9.332793,
AddVertex,-1.283684,2.218960,9.333603,
AddVertex,-1.280361,2.218288,9.344325,
AddVertex,-1.285387,2.218960,9.343457,
AddVertex,-1.283684,2.218960,9.333603,
AddVertex,-1.278658,2.218288,9.334472,
AddVertex,-1.273632,2.218960,9.335340,
AddVertex,-1.278658,2.218288,9.334472,
AddVertex,-1.283684,2.218960,9.333603,
AddVertex,-1.268948,2.220928,9.336149,
AddVertex,-1.288368,2.220928,9.332793,
AddVertex,-1.264926,2.224061,9.336844,
AddVertex,-1.292390,2.224061,9.332099,
AddVertex,-1.261840,2.228142,9.337378,
AddVertex,-1.295476,2.228142,9.331565,
AddVertex,-1.259899,2.232895,9.337713,
AddVertex,-1.297416,2.232895,9.331230,
AddVertex,-1.259238,2.237996,9.337828,
AddVertex,-1.298078,2.237996,9.331116,
AddVertex,-1.259899,2.243097,9.337713,
AddVertex,-1.297416,2.243097,9.331230,
AddVertex,-1.261840,2.247850,9.337378,
AddVertex,-1.295476,2.247850,9.331565,
AddVertex,-1.264926,2.251932,9.336844,
AddVertex,-1.292390,2.251932,9.332099,
AddVertex,-1.268948,2.255064,9.336149,
AddVertex,-1.288368,2.255064,9.332793,
AddVertex,-1.273632,2.257032,9.335340,
AddVertex,-1.283684,2.257032,9.333603,
AddVertex,-1.278658,2.257704,9.334472,
AddVertex,-0.448987,1.994778,9.487103,
AddVertex,-0.447988,1.994778,9.479514,
AddVertex,-0.448987,1.994778,9.477102,
AddVertex,-0.450576,1.994778,9.489174,
AddVertex,-0.450576,1.994778,9.475032,
AddVertex,-0.452647,1.994778,9.490763,
AddVertex,-0.452647,1.994778,9.473442,
AddVertex,-0.455059,1.994778,9.491762,
AddVertex,-0.455059,1.994778,9.472444,
AddVertex,-0.457647,1.994778,9.492103,
AddVertex,-0.457647,1.994778,9.472103,
AddVertex,-0.460235,1.994778,9.491762,
AddVertex,-0.460235,1.994778,9.472444,
AddVertex,-0.462647,1.994778,9.490763,
AddVertex,-0.462647,1.994778,9.473442,
AddVertex,-0.464718,1.994778,9.489174,
AddVertex,-0.464718,1.994778,9.475032,
AddVertex,-0.466308,1.994778,9.487103,
AddVertex,-0.466308,1.994778,9.477102,
AddVertex,-0.467307,1.994778,9.484691,
AddVertex,-0.467307,1.994778,9.479514,
AddVertex,-0.467647,1.994778,9.482102,
AddVertex,-0.447988,1.994778,9.484691,
AddVertex,-0.447647,1.994778,9.482102,
AddVertex,-0.534888,1.989778,9.489706,
AddVertex,-0.533648,1.989778,9.492702,
AddVertex,-0.533648,1.994778,9.492702,
AddVertex,-0.534888,1.994778,9.489706,
AddVertex,-0.535312,1.989778,9.486492,
AddVertex,-0.534888,1.989778,9.489706,
AddVertex,-0.534888,1.994778,9.489706,
AddVertex,-0.535312,1.994778,9.486492,
AddVertex,-0.534888,1.989778,9.483277,
AddVertex,-0.535312,1.989778,9.486492,
AddVertex,-0.535312,1.994778,9.486492,
AddVertex,-0.534888,1.994778,9.483277,
AddVertex,-0.533648,1.989778,9.480282,
AddVertex,-0.534888,1.989778,9.483277,
AddVertex,-0.534888,1.994778,9.483277,
AddVertex,-0.533648,1.994778,9.480282,
AddVertex,-0.531674,1.989778,9.477710,
AddVertex,-0.533648,1.989778,9.480282,
AddVertex,-0.533648,1.994778,9.480282,
AddVertex,-0.531674,1.994778,9.477710,
AddVertex,-0.531674,1.989778,9.477710,
AddVertex,-0.531674,1.994778,9.477710,
AddVertex,-0.529101,1.994778,9.475736,
AddVertex,-0.529101,1.989778,9.475736,
AddVertex,-0.529101,1.989778,9.475736,
AddVertex,-0.529101,1.994778,9.475736,
AddVertex,-0.526106,1.994778,9.474495,
AddVertex,-0.526106,1.989778,9.474495,
AddVertex,-0.533648,1.989778,9.492702,
AddVertex,-0.531674,1.989778,9.495274,
AddVertex,-0.531674,1.994778,9.495274,
AddVertex,-0.533648,1.994778,9.492702,
AddVertex,-0.533648,1.994778,9.492702,
AddVertex,-0.531674,1.994778,9.495274,
AddVertex,-0.531674,1.994778,9.477710,
AddVertex,-0.533648,1.994778,9.480282,
AddVertex,-0.534888,1.994778,9.489706,
AddVertex,-0.534888,1.994778,9.483277,
AddVertex,-0.535312,1.994778,9.486492,
AddVertex,-0.529101,1.994778,9.475736,
AddVertex,-0.529101,1.994778,9.497248,
AddVertex,-0.526106,1.994778,9.474495,
AddVertex,-0.526106,1.994778,9.498488,
AddVertex,-0.522892,1.994778,9.474072,
AddVertex,-0.526106,1.989778,9.474495,
AddVertex,-0.526106,1.994778,9.474495,
AddVertex,-0.522892,1.994778,9.474072,
AddVertex,-0.522892,1.989778,9.474072,
AddVertex,-0.522892,1.989778,9.474072,
AddVertex,-0.522892,1.994778,9.474072,
AddVertex,-0.519677,1.994778,9.474495,
AddVertex,-0.519677,1.989778,9.474495,
AddVertex,-0.519677,1.989778,9.474495,
AddVertex,-0.519677,1.994778,9.474495,
AddVertex,-0.516681,1.994778,9.475736,
AddVertex,-0.516681,1.989778,9.475736,
AddVertex,-0.516681,1.989778,9.475736,
AddVertex,-0.516681,1.994778,9.475736,
AddVertex,-0.514109,1.994778,9.477710,
AddVertex,-0.514109,1.989778,9.477710,
AddVertex,-0.512135,1.989778,9.480282,
AddVertex,-0.514109,1.989778,9.477710,
AddVertex,-0.514109,1.994778,9.477710,
AddVertex,-0.512135,1.994778,9.480282,
AddVertex,-0.510895,1.989778,9.483277,
AddVertex,-0.512135,1.989778,9.480282,
AddVertex,-0.512135,1.994778,9.480282,
AddVertex,-0.510895,1.994778,9.483277,
AddVertex,-0.510472,1.989778,9.486492,
AddVertex,-0.510895,1.989778,9.483277,
AddVertex,-0.510895,1.994778,9.483277,
AddVertex,-0.510472,1.994778,9.486492,
AddVertex,-0.510895,1.989778,9.489706,
AddVertex,-0.510472,1.989778,9.486492,
AddVertex,-0.510472,1.994778,9.486492,
AddVertex,-0.510895,1.994778,9.489706,
AddVertex,-0.512135,1.989778,9.492702,
AddVertex,-0.510895,1.989778,9.489706,
AddVertex,-0.510895,1.994778,9.489706,
AddVertex,-0.512135,1.994778,9.492702,
AddVertex,-0.514109,1.989778,9.495274,
AddVertex,-0.512135,1.989778,9.492702,
AddVertex,-0.512135,1.994778,9.492702,
AddVertex,-0.514109,1.994778,9.495274,
AddVertex,-0.514109,1.989778,9.495274,
AddVertex,-0.514109,1.994778,9.495274,
AddVertex,-0.516681,1.994778,9.497248,
AddVertex,-0.516681,1.989778,9.497248,
AddVertex,-0.516681,1.989778,9.497248,
AddVertex,-0.516681,1.994778,9.497248,
AddVertex,-0.519677,1.994778,9.498488,
AddVertex,-0.519677,1.989778,9.498488,
AddVertex,-0.519677,1.989778,9.498488,
AddVertex,-0.519677,1.994778,9.498488,
AddVertex,-0.522892,1.994778,9.498912,
AddVertex,-0.522892,1.989778,9.498912,
AddVertex,-0.522892,1.989778,9.498912,
AddVertex,-0.522892,1.994778,9.498912,
AddVertex,-0.526106,1.994778,9.498488,
AddVertex,-0.526106,1.989778,9.498488,
AddVertex,-0.526106,1.989778,9.498488,
AddVertex,-0.526106,1.994778,9.498488,
AddVertex,-0.529101,1.994778,9.497248,
AddVertex,-0.529101,1.989778,9.497248,
AddVertex,-0.529101,1.989778,9.497248,
AddVertex,-0.529101,1.994778,9.497248,
AddVertex,-0.531674,1.994778,9.495274,
AddVertex,-0.531674,1.989778,9.495274,
AddVertex,-0.522892,1.994778,9.498912,
AddVertex,-0.519677,1.994778,9.474495,
AddVertex,-0.519677,1.994778,9.498488,
AddVertex,-0.516681,1.994778,9.475736,
AddVertex,-0.516681,1.994778,9.497248,
AddVertex,-0.514109,1.994778,9.477710,
AddVertex,-0.514109,1.994778,9.495274,
AddVertex,-0.512135,1.994778,9.480282,
AddVertex,-0.512135,1.994778,9.492702,
AddVertex,-0.510895,1.994778,9.483277,
AddVertex,-0.510895,1.994778,9.489706,
AddVertex,-0.510472,1.994778,9.486492,
AddVertex,-0.586061,1.994778,9.498305,
AddVertex,-0.586061,1.989778,9.498305,
AddVertex,-0.582765,1.989778,9.498739,
AddVertex,-0.582765,1.994778,9.498739,
AddVertex,-0.586061,1.994778,9.498305,
AddVertex,-0.582765,1.994778,9.498739,
AddVertex,-0.582765,1.994778,9.473271,
AddVertex,-0.586061,1.994778,9.473705,
AddVertex,-0.589132,1.994778,9.497033,
AddVertex,-0.589132,1.994778,9.474977,
AddVertex,-0.591769,1.994778,9.495009,
AddVertex,-0.591769,1.994778,9.477001,
AddVertex,-0.593793,1.994778,9.492373,
AddVertex,-0.593793,1.994778,9.479639,
AddVertex,-0.595065,1.994778,9.489302,
AddVertex,-0.595065,1.994778,9.482710,
AddVertex,-0.595499,1.994778,9.486006,
AddVertex,-0.595065,1.994778,9.489302,
AddVertex,-0.595499,1.994778,9.486006,
AddVertex,-0.595499,1.989778,9.486006,
AddVertex,-0.595065,1.989778,9.489302,
AddVertex,-0.593793,1.994778,9.492373,
AddVertex,-0.595065,1.994778,9.489302,
AddVertex,-0.595065,1.989778,9.489302,
AddVertex,-0.593793,1.989778,9.492373,
AddVertex,-0.591769,1.994778,9.495009,
AddVertex,-0.593793,1.994778,9.492373,
AddVertex,-0.593793,1.989778,9.492373,
AddVertex,-0.591769,1.989778,9.495009,
AddVertex,-0.591769,1.994778,9.495009,
AddVertex,-0.591769,1.989778,9.495009,
AddVertex,-0.589132,1.989778,9.497033,
AddVertex,-0.589132,1.994778,9.497033,
AddVertex,-0.589132,1.994778,9.497033,
AddVertex,-0.589132,1.989778,9.497033,
AddVertex,-0.586061,1.989778,9.498305,
AddVertex,-0.586061,1.994778,9.498305,
AddVertex,-0.595065,1.989778,9.482710,
AddVertex,-0.595499,1.989778,9.486006,
AddVertex,-0.595499,1.994778,9.486006,
AddVertex,-0.595065,1.994778,9.482710,
AddVertex,-0.593793,1.989778,9.479639,
AddVertex,-0.595065,1.989778,9.482710,
AddVertex,-0.595065,1.994778,9.482710,
AddVertex,-0.593793,1.994778,9.479639,
AddVertex,-0.591769,1.989778,9.477001,
AddVertex,-0.593793,1.989778,9.479639,
AddVertex,-0.593793,1.994778,9.479639,
AddVertex,-0.591769,1.994778,9.477001,
AddVertex,-0.591769,1.989778,9.477001,
AddVertex,-0.591769,1.994778,9.477001,
AddVertex,-0.589132,1.994778,9.474977,
AddVertex,-0.589132,1.989778,9.474977,
AddVertex,-0.571737,1.989778,9.492373,
AddVertex,-0.570465,1.989778,9.489302,
AddVertex,-0.570465,1.994778,9.489302,
AddVertex,-0.571737,1.994778,9.492373,
AddVertex,-0.573761,1.989778,9.495009,
AddVertex,-0.571737,1.989778,9.492373,
AddVertex,-0.571737,1.994778,9.492373,
AddVertex,-0.573761,1.994778,9.495009,
AddVertex,-0.573761,1.989778,9.495009,
AddVertex,-0.573761,1.994778,9.495009,
AddVertex,-0.576398,1.994778,9.497033,
AddVertex,-0.576398,1.989778,9.497033,
AddVertex,-0.576398,1.989778,9.497033,
AddVertex,-0.576398,1.994778,9.497033,
AddVertex,-0.579469,1.994778,9.498305,
AddVertex,-0.579469,1.989778,9.498305,
AddVertex,-0.579469,1.989778,9.498305,
AddVertex,-0.579469,1.994778,9.498305,
AddVertex,-0.582765,1.994778,9.498739,
AddVertex,-0.582765,1.989778,9.498739,
AddVertex,-0.579469,1.994778,9.498305,
AddVertex,-0.579469,1.994778,9.473705,
AddVertex,-0.582765,1.989778,9.473271,
AddVertex,-0.582765,1.994778,9.473271,
AddVertex,-0.579469,1.994778,9.473705,
AddVertex,-0.579469,1.989778,9.473705,
AddVertex,-0.579469,1.989778,9.473705,
AddVertex,-0.579469,1.994778,9.473705,
AddVertex,-0.576398,1.994778,9.474977,
AddVertex,-0.576398,1.989778,9.474977,
AddVertex,-0.576398,1.989778,9.474977,
AddVertex,-0.576398,1.994778,9.474977,
AddVertex,-0.573761,1.994778,9.477001,
AddVertex,-0.573761,1.989778,9.477001,
AddVertex,-0.571737,1.989778,9.479639,
AddVertex,-0.573761,1.989778,9.477001,
AddVertex,-0.573761,1.994778,9.477001,
AddVertex,-0.571737,1.994778,9.479639,
AddVertex,-0.570465,1.989778,9.482710,
AddVertex,-0.571737,1.989778,9.479639,
AddVertex,-0.571737,1.994778,9.479639,
AddVertex,-0.570465,1.994778,9.482710,
AddVertex,-0.570031,1.989778,9.486006,
AddVertex,-0.570465,1.989778,9.482710,
AddVertex,-0.570465,1.994778,9.482710,
AddVertex,-0.570031,1.994778,9.486006,
AddVertex,-0.570465,1.989778,9.489302,
AddVertex,-0.570031,1.989778,9.486006,
AddVertex,-0.570031,1.994778,9.486006,
AddVertex,-0.570465,1.994778,9.489302,
AddVertex,-0.570465,1.994778,9.489302,
AddVertex,-0.570031,1.994778,9.486006,
AddVertex,-0.570465,1.994778,9.482710,
AddVertex,-0.571737,1.994778,9.492373,
AddVertex,-0.571737,1.994778,9.479639,
AddVertex,-0.573761,1.994778,9.495009,
AddVertex,-0.573761,1.994778,9.477001,
AddVertex,-0.576398,1.994778,9.497033,
AddVertex,-0.576398,1.994778,9.474977,
AddVertex,-0.582765,1.994778,9.473271,
AddVertex,-0.582765,1.989778,9.473271,
AddVertex,-0.586061,1.989778,9.473705,
AddVertex,-0.586061,1.994778,9.473705,
AddVertex,-0.586061,1.994778,9.473705,
AddVertex,-0.586061,1.989778,9.473705,
AddVertex,-0.589132,1.989778,9.474977,
AddVertex,-0.589132,1.994778,9.474977,
AddVertex,-0.655059,1.994778,9.491762,
AddVertex,-0.652647,1.994778,9.490763,
AddVertex,-0.652647,1.994778,9.473442,
AddVertex,-0.655059,1.994778,9.472444,
AddVertex,-0.657647,1.994778,9.492103,
AddVertex,-0.657647,1.994778,9.472103,
AddVertex,-0.660235,1.994778,9.491762,
AddVertex,-0.660235,1.994778,9.472444,
AddVertex,-0.662647,1.994778,9.490763,
AddVertex,-0.662647,1.994778,9.473442,
AddVertex,-0.664718,1.994778,9.489174,
AddVertex,-0.664718,1.994778,9.475032,
AddVertex,-0.666308,1.994778,9.487103,
AddVertex,-0.666308,1.994778,9.477102,
AddVertex,-0.667307,1.994778,9.484691,
AddVertex,-0.667307,1.994778,9.479514,
AddVertex,-0.667647,1.994778,9.482102,
AddVertex,-0.650576,1.994778,9.489174,
AddVertex,-0.650576,1.994778,9.475032,
AddVertex,-0.648987,1.994778,9.487103,
AddVertex,-0.648987,1.994778,9.477102,
AddVertex,-0.647988,1.994778,9.479514,
AddVertex,-0.647988,1.994778,9.484691,
AddVertex,-0.647647,1.994778,9.482102,
AddFace,0,1,2,
AddFace,2,3,0,
AddFace,4,5,6,
AddFace,6,7,4,
AddFace,8,9,10,
AddFace,10,11,8,
AddFace,12,13,14,
AddFace,14,15,12,
AddFace,16,17,18,
AddFace,18,19,16,
AddFace,20,21,22,
AddFace,22,23,20,
AddFace,24,25,26,
AddFace,26,27,24,
AddFace,28,29,30,
AddFace,30,31,28,
AddFace,32,33,34,
AddFace,34,35,32,
AddFace,36,37,38,
AddFace,38,39,36,
AddFace,40,41,42,
AddFace,42,43,40,
AddFace,44,45,46,
AddFace,46,47,44,
AddFace,48,49,50,
AddFace,50,51,48,
AddFace,52,53,54,
AddFace,54,55,52,
AddFace,56,57,58,
AddFace,58,59,56,
AddFace,60,61,62,
AddFace,62,63,60,
AddFace,64,65,66,
AddFace,66,67,64,
AddFace,68,69,70,
AddFace,70,71,68,
AddFace,72,73,74,
AddFace,74,75,72,
AddFace,76,77,78,
AddFace,78,79,76,
AddFace,80,81,82,
AddFace,82,83,80,
AddFace,84,85,86,
AddFace,86,87,84,
AddFace,88,89,90,
AddFace,90,91,88,
AddFace,92,93,94,
AddFace,94,95,92,
AddFace,96,97,98,
AddFace,98,99,96,
AddFace,100,101,102,
AddFace,102,103,100,
AddFace,104,105,106,
AddFace,106,107,104,
AddFace,108,109,110,
AddFace,110,111,108,
AddFace,112,113,114,
AddFace,114,115,112,
AddFace,116,117,118,
AddFace,118,119,116,
AddFace,120,121,122,
AddFace,122,123,120,
AddFace,124,125,126,
AddFace,126,127,124,
AddFace,128,129,130,
AddFace,130,131,128,
AddFace,132,133,134,
AddFace,134,135,132,
AddFace,136,137,138,
AddFace,138,139,136,
AddFace,140,141,142,
AddFace,142,143,140,
AddFace,144,145,146,
AddFace,146,147,144,
AddFace,148,149,150,
AddFace,150,151,148,
AddFace,152,153,154,
AddFace,154,155,152,
AddFace,156,157,158,
AddFace,158,159,156,
AddFace,160,161,162,
AddFace,162,163,160,
AddFace,164,165,166,
AddFace,166,167,164,
AddFace,168,169,170,
AddFace,170,171,168,
AddFace,172,173,174,
AddFace,174,175,172,
AddFace,176,177,178,
AddFace,178,179,176,
AddFace,180,181,182,
AddFace,182,183,180,
AddFace,184,185,186,
AddFace,186,187,184,
AddFace,188,189,190,
AddFace,190,191,188,
AddFace,192,193,194,
AddFace,194,195,192,
AddFace,194,196,195,
AddFace,196,197,195,
AddFace,196,198,197,
AddFace,198,199,197,
AddFace,198,200,199,
AddFace,200,201,199,
AddFace,200,202,201,
AddFace,202,203,201,
AddFace,202,204,203,
AddFace,204,205,203,
AddFace,204,206,205,
AddFace,206,207,205,
AddFace,206,208,207,
AddFace,208,209,207,
AddFace,208,210,209,
AddFace,210,211,209,
AddFace,210,212,211,
AddFace,212,213,211,
AddFace,212,214,213,
AddFace,214,215,213,
AddFace,216,217,218,
AddFace,219,216,218,
AddFace,219,218,220,
AddFace,221,219,220,
AddFace,221,220,222,
AddFace,223,221,222,
AddFace,223,222,224,
AddFace,225,223,224,
AddFace,225,224,226,
AddFace,227,225,226,
AddFace,227,226,228,
AddFace,229,227,228,
AddFace,229,228,230,
AddFace,231,229,230,
AddFace,231,230,232,
AddFace,233,231,232,
AddFace,233,232,234,
AddFace,235,233,234,
AddFace,235,234,236,
AddFace,236,237,235,
AddFace,216,238,217,
AddFace,238,239,217,
AddFace,240,241,242,
AddFace,242,243,240,
AddFace,244,245,246,
AddFace,246,247,244,
AddFace,248,249,250,
AddFace,250,251,248,
AddFace,252,253,254,
AddFace,254,255,252,
AddFace,256,257,258,
AddFace,258,259,256,
AddFace,260,261,262,
AddFace,262,263,260,
AddFace,264,265,266,
AddFace,266,267,264,
AddFace,268,269,270,
AddFace,270,271,268,
AddFace,272,273,274,
AddFace,272,274,275,
AddFace,276,272,275,
AddFace,276,275,277,
AddFace,277,278,276,
AddFace,273,279,274,
AddFace,273,280,279,
AddFace,280,281,279,
AddFace,280,282,281,
AddFace,282,283,281,
AddFace,284,285,286,
AddFace,286,287,284,
AddFace,288,289,290,
AddFace,290,291,288,
AddFace,292,293,294,
AddFace,294,295,292,
AddFace,296,297,298,
AddFace,298,299,296,
AddFace,300,301,302,
AddFace,302,303,300,
AddFace,304,305,306,
AddFace,306,307,304,
AddFace,308,309,310,
AddFace,310,311,308,
AddFace,312,313,314,
AddFace,314,315,312,
AddFace,316,317,318,
AddFace,318,319,316,
AddFace,320,321,322,
AddFace,322,323,320,
AddFace,324,325,326,
AddFace,326,327,324,
AddFace,328,329,330,
AddFace,330,331,328,
AddFace,332,333,334,
AddFace,334,335,332,
AddFace,336,337,338,
AddFace,338,339,336,
AddFace,340,341,342,
AddFace,342,343,340,
AddFace,344,345,346,
AddFace,346,347,344,
AddFace,282,348,283,
AddFace,348,349,283,
AddFace,348,350,349,
AddFace,350,351,349,
AddFace,350,352,351,
AddFace,352,353,351,
AddFace,352,354,353,
AddFace,354,355,353,
AddFace,354,356,355,
AddFace,356,357,355,
AddFace,356,358,357,
AddFace,358,359,357,
AddFace,360,361,362,
AddFace,362,363,360,
AddFace,364,365,366,
AddFace,364,366,367,
AddFace,368,364,367,
AddFace,368,367,369,
AddFace,370,368,369,
AddFace,370,369,371,
AddFace,372,370,371,
AddFace,372,371,373,
AddFace,374,372,373,
AddFace,374,373,375,
AddFace,375,376,374,
AddFace,377,378,379,
AddFace,379,380,377,
AddFace,381,382,383,
AddFace,383,384,381,
AddFace,385,386,387,
AddFace,387,388,385,
AddFace,389,390,391,
AddFace,391,392,389,
AddFace,393,394,395,
AddFace,395,396,393,
AddFace,397,398,399,
AddFace,399,400,397,
AddFace,401,402,403,
AddFace,403,404,401,
AddFace,405,406,407,
AddFace,407,408,405,
AddFace,409,410,411,
AddFace,411,412,409,
AddFace,413,414,415,
AddFace,415,416,413,
AddFace,417,418,419,
AddFace,419,420,417,
AddFace,421,422,423,
AddFace,423,424,421,
AddFace,425,426,427,
AddFace,427,428,425,
AddFace,429,430,431,
AddFace,431,432,429,
AddFace,365,433,434,
AddFace,365,434,366,
AddFace,435,436,437,
AddFace,437,438,435,
AddFace,439,440,441,
AddFace,441,442,439,
AddFace,443,444,445,
AddFace,445,446,443,
AddFace,447,448,449,
AddFace,449,450,447,
AddFace,451,452,453,
AddFace,453,454,451,
AddFace,455,456,457,
AddFace,457,458,455,
AddFace,459,460,461,
AddFace,461,462,459,
AddFace,463,464,465,
AddFace,466,463,465,
AddFace,466,465,467,
AddFace,468,466,467,
AddFace,468,467,469,
AddFace,470,468,469,
AddFace,470,469,471,
AddFace,433,470,471,
AddFace,433,471,434,
AddFace,472,473,474,
AddFace,474,475,472,
AddFace,476,477,478,
AddFace,478,479,476,
AddFace,480,481,482,
AddFace,480,482,483,
AddFace,484,480,483,
AddFace,484,483,485,
AddFace,486,484,485,
AddFace,486,485,487,
AddFace,488,486,487,
AddFace,488,487,489,
AddFace,490,488,489,
AddFace,490,489,491,
AddFace,492,490,491,
AddFace,492,491,493,
AddFace,494,492,493,
AddFace,494,493,495,
AddFace,495,496,494,
AddFace,481,497,498,
AddFace,481,498,482,
AddFace,497,499,500,
AddFace,497,500,498,
AddFace,499,501,500,
AddFace,499,502,501,
AddFace,502,503,501,
GenerateNormals,
SetColor,0,153,0,255,

CreateMeshBuilder,
;Jeminie 3DS Converter
AddVertex,-0.170830,2.148361,9.595952,
AddVertex,-0.169462,2.166583,9.595952,
AddVertex,-0.150940,2.152275,9.595952,
AddVertex,-0.149236,2.139334,9.595952,
AddVertex,-0.167436,2.130405,9.595952,
AddVertex,-0.144241,2.127275,9.595952,
AddVertex,-0.136295,2.116920,9.595952,
AddVertex,-0.159510,2.113940,9.595952,
AddVertex,-0.125940,2.108974,9.595952,
AddVertex,-0.113881,2.103978,9.595952,
AddVertex,-0.147592,2.100087,9.595952,
AddVertex,-0.100940,2.102275,9.595952,
AddVertex,-0.062605,2.093705,9.595952,
AddVertex,-0.132495,2.089791,9.595952,
AddVertex,-0.079070,2.085779,9.595952,
AddVertex,-0.115248,2.083753,9.595952,
AddVertex,-0.097026,2.082384,9.595952,
AddVertex,-0.122809,2.218771,9.595952,
AddVertex,-0.104853,2.222165,9.595952,
AddVertex,-0.086631,2.220797,9.595952,
AddVertex,-0.069384,2.214759,9.595952,
AddVertex,-0.139274,2.210845,9.595952,
AddVertex,-0.054287,2.204462,9.595952,
AddVertex,-0.100940,2.202275,9.595952,
AddVertex,-0.113881,2.200571,9.595952,
AddVertex,-0.153127,2.198927,9.595952,
AddVertex,-0.125940,2.195576,9.595952,
AddVertex,-0.136295,2.187630,9.595952,
AddVertex,-0.163424,2.183830,9.595952,
AddVertex,-0.144241,2.177275,9.595952,
AddVertex,-0.149236,2.165216,9.595952,
AddVertex,-0.087999,2.103978,9.595952,
AddVertex,-0.048752,2.105622,9.595952,
AddVertex,-0.075940,2.108974,9.595952,
AddVertex,-0.038456,2.120719,9.595952,
AddVertex,-0.065584,2.116920,9.595952,
AddVertex,-0.057638,2.127275,9.595952,
AddVertex,-0.032418,2.137966,9.595952,
AddVertex,-0.052643,2.139334,9.595952,
AddVertex,-0.031049,2.156188,9.595952,
AddVertex,-0.050940,2.152275,9.595952,
AddVertex,-0.052643,2.165216,9.595952,
AddVertex,-0.034444,2.174144,9.595952,
AddVertex,-0.057638,2.177275,9.595952,
AddVertex,-0.042370,2.190609,9.595952,
AddVertex,-0.065584,2.187630,9.595952,
AddVertex,-0.075940,2.195576,9.595952,
AddVertex,-0.087999,2.200571,9.595952,
AddFace,0,1,2,
AddFace,0,2,3,
AddFace,4,0,3,
AddFace,4,3,5,
AddFace,4,5,6,
AddFace,7,4,6,
AddFace,7,6,8,
AddFace,7,8,9,
AddFace,10,7,9,
AddFace,9,11,10,
AddFace,10,11,12,
AddFace,13,10,12,
AddFace,13,12,14,
AddFace,15,13,14,
AddFace,14,16,15,
AddFace,17,18,19,
AddFace,17,19,20,
AddFace,21,17,20,
AddFace,21,20,22,
AddFace,21,22,23,
AddFace,21,23,24,
AddFace,25,21,24,
AddFace,25,24,26,
AddFace,25,26,27,
AddFace,28,25,27,
AddFace,28,27,29,
AddFace,1,28,29,
AddFace,1,29,30,
AddFace,1,30,2,
AddFace,11,31,32,
AddFace,11,32,12,
AddFace,31,33,32,
AddFace,33,34,32,
AddFace,33,35,34,
AddFace,35,36,34,
AddFace,36,37,34,
AddFace,36,38,37,
AddFace,38,39,37,
AddFace,38,40,39,
AddFace,40,41,39,
AddFace,41,42,39,
AddFace,41,43,42,
AddFace,43,44,42,
AddFace,43,45,44,
AddFace,45,46,44,
AddFace,46,22,44,
AddFace,46,47,22,
AddFace,47,23,22,
GenerateNormals,
SetColor,86,86,86,255,

CreateMeshBuilder,
;Jeminie 3DS Converter
AddVertex,-0.195760,1.949314,9.479355,
AddVertex,-0.205760,1.949314,9.479355,
AddVertex,-0.205760,1.955603,9.487129,
AddVertex,-0.195760,1.955603,9.487129,
AddVertex,-0.534388,2.112890,9.566070,
AddVertex,-0.512444,2.132350,9.572371,
AddVertex,-0.512444,2.135431,9.562858,
AddVertex,-0.534388,2.115971,9.556556,
AddVertex,-0.534388,2.112890,9.566070,
AddVertex,-0.534388,2.115971,9.556556,
AddVertex,-0.507784,2.129654,9.560987,
AddVertex,-0.507784,2.126574,9.570500,
AddVertex,-0.509855,2.131166,9.561477,
AddVertex,-0.507784,2.129654,9.560987,
AddVertex,-0.534388,2.115971,9.556556,
AddVertex,-0.511445,2.133137,9.562115,
AddVertex,-0.512444,2.135431,9.562858,
AddVertex,-0.271216,2.142920,9.575794,
AddVertex,-0.271216,2.146001,9.566281,
AddVertex,-0.265833,2.175095,9.575703,
AddVertex,-0.265833,2.172014,9.585217,
AddVertex,-0.280256,2.146988,9.577112,
AddVertex,-0.265833,2.172014,9.585217,
AddVertex,-0.265833,2.175095,9.575703,
AddVertex,-0.280256,2.150069,9.567598,
AddVertex,-0.265833,2.175095,9.575703,
AddVertex,-0.271216,2.146001,9.566281,
AddVertex,-0.272969,2.147841,9.566876,
AddVertex,-0.275163,2.149187,9.567312,
AddVertex,-0.277648,2.149947,9.567558,
AddVertex,-0.280256,2.150069,9.567598,
AddVertex,-0.359056,2.166424,9.572895,
AddVertex,-0.359056,2.163343,9.582408,
AddVertex,-0.382869,2.135456,9.573378,
AddVertex,-0.382869,2.138537,9.563864,
AddVertex,-0.359056,2.166424,9.572895,
AddVertex,-0.382869,2.138537,9.563864,
AddVertex,-0.383868,2.140831,9.564607,
AddVertex,-0.385457,2.142802,9.565245,
AddVertex,-0.387528,2.144314,9.565735,
AddVertex,-0.389940,2.145264,9.566042,
AddVertex,-0.392528,2.145588,9.566147,
AddVertex,-0.359056,2.163343,9.582408,
AddVertex,-0.359056,2.166424,9.572895,
AddVertex,-0.392528,2.145588,9.566147,
AddVertex,-0.392528,2.142507,9.575661,
AddFace,0,1,2,
AddFace,2,3,0,
AddFace,4,5,6,
AddFace,6,7,4,
AddFace,8,9,10,
AddFace,10,11,8,
AddFace,12,13,14,
AddFace,15,12,14,
AddFace,14,16,15,
AddFace,17,18,19,
AddFace,19,20,17,
AddFace,21,22,23,
AddFace,23,24,21,
AddFace,25,26,27,
AddFace,27,28,25,
AddFace,28,29,25,
AddFace,29,30,25,
AddFace,31,32,33,
AddFace,33,34,31,
AddFace,35,36,37,
AddFace,37,38,35,
AddFace,38,39,35,
AddFace,39,40,35,
AddFace,40,41,35,
AddFace,42,43,44,
AddFace,44,45,42,
GenerateNormals,
SetColor,0,0,0,255,

CreateMeshBuilder,
;Jeminie 3DS Converter
AddVertex,-0.853951,2.006191,9.379364,
AddVertex,-0.865806,2.006191,9.427938,
AddVertex,-0.865806,2.151814,9.427938,
AddVertex,-0.853951,2.151814,9.379364,
AddVertex,-0.853951,2.006191,9.379364,
AddVertex,-0.853951,2.151814,9.379364,
AddVertex,-0.766517,2.151814,9.400703,
AddVertex,-0.766517,2.006191,9.400703,
AddVertex,-0.853951,2.006191,9.379364,
AddVertex,-0.766517,2.006191,9.400703,
AddVertex,-0.778372,2.006191,9.449277,
AddVertex,-0.865806,2.006191,9.427938,
AddVertex,-0.853951,2.151814,9.379364,
AddVertex,-0.865806,2.151814,9.427938,
AddVertex,-0.778372,2.151814,9.449277,
AddVertex,-0.766517,2.151814,9.400703,
AddVertex,-0.766517,2.151814,9.400703,
AddVertex,-0.778372,2.151814,9.449277,
AddVertex,-0.778372,2.006191,9.449277,
AddVertex,-0.766517,2.006191,9.400703,
AddVertex,-0.273747,1.968130,9.470814,
AddVertex,-0.272157,1.966827,9.469204,
AddVertex,-0.272157,1.960538,9.461429,
AddVertex,-0.273747,1.959235,9.459819,
AddVertex,-0.275818,1.969129,9.472049,
AddVertex,-0.275818,1.958236,9.458584,
AddVertex,-0.278230,1.969757,9.472826,
AddVertex,-0.278230,1.957607,9.457807,
AddVertex,-0.280818,1.969972,9.473091,
AddVertex,-0.280818,1.957393,9.457541,
AddVertex,-0.283406,1.969757,9.472826,
AddVertex,-0.283406,1.957607,9.457807,
AddVertex,-0.285818,1.969129,9.472049,
AddVertex,-0.285818,1.958236,9.458584,
AddVertex,-0.287889,1.968130,9.470814,
AddVertex,-0.287889,1.959235,9.459819,
AddVertex,-0.289478,1.966827,9.469204,
AddVertex,-0.289478,1.960538,9.461429,
AddVertex,-0.290477,1.965310,9.467328,
AddVertex,-0.290477,1.962054,9.463305,
AddVertex,-0.290818,1.963682,9.465316,
AddVertex,-0.330885,1.968685,9.471499,
AddVertex,-0.329296,1.967382,9.469890,
AddVertex,-0.329296,1.961092,9.462115,
AddVertex,-0.330885,1.959790,9.460505,
AddVertex,-0.332956,1.969684,9.472735,
AddVertex,-0.332956,1.958790,9.459270,
AddVertex,-0.335368,1.970312,9.473512,
AddVertex,-0.335368,1.958162,9.458492,
AddVertex,-0.337956,1.970527,9.473777,
AddVertex,-0.337956,1.957948,9.458228,
AddVertex,-0.340545,1.970312,9.473512,
AddVertex,-0.340545,1.958162,9.458492,
AddVertex,-0.342956,1.969684,9.472735,
AddVertex,-0.342956,1.958790,9.459270,
AddVertex,-0.345027,1.968685,9.471499,
AddVertex,-0.345027,1.959790,9.460505,
AddVertex,-0.346617,1.967382,9.469890,
AddVertex,-0.346617,1.961092,9.462115,
AddVertex,-0.347616,1.965865,9.468015,
AddVertex,-0.347616,1.962609,9.463990,
AddVertex,-0.347956,1.964237,9.466002,
AddVertex,-0.328297,1.965865,9.468015,
AddVertex,-0.328297,1.962609,9.463990,
AddVertex,-0.327956,1.964237,9.466002,
AddVertex,-0.271158,1.965310,9.467328,
AddVertex,-0.271158,1.962054,9.463305,
AddVertex,-0.270818,1.963682,9.465316,
AddVertex,-0.139383,1.948771,9.478683,
AddVertex,-0.149383,1.948771,9.478683,
AddVertex,-0.149383,1.955060,9.486458,
AddVertex,-0.139383,1.955060,9.486458,
AddVertex,-0.178116,1.955087,9.486491,
AddVertex,-0.168116,1.955087,9.486491,
AddVertex,-0.168116,1.948798,9.478716,
AddVertex,-0.178116,1.948798,9.478716,
AddVertex,0.224045,1.974778,9.481716,
AddVertex,0.224045,1.974778,9.431716,
AddVertex,0.224045,1.984778,9.431716,
AddVertex,0.224045,1.984778,9.481716,
AddVertex,0.224045,1.974778,9.481716,
AddVertex,0.224045,1.984778,9.481716,
AddVertex,0.184045,1.984778,9.481716,
AddVertex,0.184045,1.974778,9.481716,
AddVertex,0.184045,1.974778,9.431716,
AddVertex,0.184045,1.974778,9.481716,
AddVertex,0.184045,1.984778,9.481716,
AddVertex,0.184045,1.984778,9.431716,
AddVertex,0.184045,1.974778,9.431716,
AddVertex,0.184045,1.984778,9.431716,
AddVertex,0.224045,1.984778,9.431716,
AddVertex,0.224045,1.974778,9.431716,
AddVertex,0.198827,1.984778,9.446575,
AddVertex,0.224045,1.984778,9.431716,
AddVertex,0.184045,1.984778,9.431716,
AddVertex,0.195167,1.984778,9.450235,
AddVertex,0.194168,1.984778,9.452647,
AddVertex,0.184045,1.984778,9.481716,
AddVertex,0.193827,1.984778,9.455235,
AddVertex,0.201239,1.984778,9.445577,
AddVertex,0.203827,1.984778,9.445236,
AddVertex,0.206415,1.984778,9.445577,
AddVertex,0.208827,1.984778,9.446575,
AddVertex,0.210898,1.984778,9.448165,
AddVertex,0.212487,1.984778,9.450235,
AddVertex,0.213486,1.984778,9.452647,
AddVertex,0.213827,1.984778,9.455235,
AddVertex,0.224045,1.984778,9.481716,
AddVertex,0.213486,1.984778,9.457824,
AddVertex,0.212487,1.984778,9.460236,
AddVertex,0.208827,1.984778,9.463896,
AddVertex,0.206415,1.984778,9.464895,
AddVertex,0.203827,1.984778,9.465236,
AddVertex,0.201239,1.984778,9.464895,
AddVertex,0.198827,1.984778,9.463896,
AddVertex,0.196756,1.984778,9.462307,
AddVertex,0.195167,1.984778,9.460236,
AddVertex,0.194168,1.984778,9.457824,
AddFace,0,1,2,
AddFace,2,3,0,
AddFace,4,5,6,
AddFace,6,7,4,
AddFace,8,9,10,
AddFace,10,11,8,
AddFace,12,13,14,
AddFace,14,15,12,
AddFace,16,17,18,
AddFace,18,19,16,
AddFace,20,21,22,
AddFace,20,22,23,
AddFace,24,20,23,
AddFace,24,23,25,
AddFace,26,24,25,
AddFace,26,25,27,
AddFace,28,26,27,
AddFace,28,27,29,
AddFace,30,28,29,
AddFace,30,29,31,
AddFace,32,30,31,
AddFace,32,31,33,
AddFace,34,32,33,
AddFace,34,33,35,
AddFace,36,34,35,
AddFace,36,35,37,
AddFace,38,36,37,
AddFace,38,37,39,
AddFace,39,40,38,
AddFace,41,42,43,
AddFace,41,43,44,
AddFace,45,41,44,
AddFace,45,44,46,
AddFace,47,45,46,
AddFace,47,46,48,
AddFace,49,47,48,
AddFace,49,48,50,
AddFace,51,49,50,
AddFace,51,50,52,
AddFace,53,51,52,
AddFace,53,52,54,
AddFace,55,53,54,
AddFace,55,54,56,
AddFace,57,55,56,
AddFace,57,56,58,
AddFace,59,57,58,
AddFace,59,58,60,
AddFace,60,61,59,
AddFace,42,62,63,
AddFace,42,63,43,
AddFace,62,64,63,
AddFace,21,65,66,
AddFace,21,66,22,
AddFace,65,67,66,
AddFace,68,69,70,
AddFace,70,71,68,
AddFace,72,73,74,
AddFace,74,75,72,
AddFace,76,77,78,
AddFace,78,79,76,
AddFace,80,81,82,
AddFace,82,83,80,
AddFace,84,85,86,
AddFace,86,87,84,
AddFace,88,89,90,
AddFace,90,91,88,
AddFace,92,93,94,
AddFace,95,92,94,
AddFace,96,95,94,
AddFace,94,97,96,
AddFace,97,98,96,
AddFace,92,99,93,
AddFace,99,100,93,
AddFace,100,101,93,
AddFace,101,102,93,
AddFace,102,103,93,
AddFace,103,104,93,
AddFace,104,105,93,
AddFace,105,106,93,
AddFace,107,93,106,
AddFace,107,106,108,
AddFace,107,108,109,
AddFace,107,109,110,
AddFace,107,110,111,
AddFace,107,111,112,
AddFace,107,112,113,
AddFace,107,113,114,
AddFace,97,107,114,
AddFace,114,115,97,
AddFace,115,116,97,
AddFace,116,117,97,
AddFace,117,98,97,
GenerateNormals,
SetColor,226,226,226,255,

CreateMeshBuilder,
;Jeminie 3DS Converter
AddVertex,-0.761144,2.189694,9.453482,
AddVertex,-0.765053,2.186607,9.452528,
AddVertex,-0.762682,2.186607,9.442813,
AddVertex,-0.758773,2.189694,9.443768,
AddVertex,-0.761144,2.189694,9.453482,
AddVertex,-0.758773,2.189694,9.443768,
AddVertex,-0.755773,2.193718,9.444499,
AddVertex,-0.758144,2.193718,9.454214,
AddVertex,-0.758144,2.193718,9.454214,
AddVertex,-0.755773,2.193718,9.444499,
AddVertex,-0.753887,2.198405,9.444960,
AddVertex,-0.756258,2.198405,9.454675,
AddVertex,-0.756258,2.198405,9.454675,
AddVertex,-0.753887,2.198405,9.444960,
AddVertex,-0.753244,2.203433,9.445117,
AddVertex,-0.755615,2.203433,9.454831,
AddVertex,-0.756258,2.208462,9.454675,
AddVertex,-0.755615,2.203433,9.454831,
AddVertex,-0.753244,2.203433,9.445117,
AddVertex,-0.753887,2.208462,9.444960,
AddVertex,-0.758144,2.213148,9.454214,
AddVertex,-0.756258,2.208462,9.454675,
AddVertex,-0.753887,2.208462,9.444960,
AddVertex,-0.755773,2.213148,9.444499,
AddVertex,-0.761144,2.217172,9.453482,
AddVertex,-0.758144,2.213148,9.454214,
AddVertex,-0.755773,2.213148,9.444499,
AddVertex,-0.758773,2.217172,9.443768,
AddVertex,-0.761144,2.217172,9.453482,
AddVertex,-0.758773,2.217172,9.443768,
AddVertex,-0.762682,2.220260,9.442813,
AddVertex,-0.765053,2.220260,9.452528,
AddVertex,-0.765053,2.220260,9.452528,
AddVertex,-0.762682,2.220260,9.442813,
AddVertex,-0.767234,2.222201,9.441702,
AddVertex,-0.769605,2.222201,9.451417,
AddVertex,-0.769605,2.222201,9.451417,
AddVertex,-0.767234,2.222201,9.441702,
AddVertex,-0.772120,2.222863,9.440510,
AddVertex,-0.774491,2.222863,9.450225,
AddVertex,-0.774491,2.222863,9.450225,
AddVertex,-0.772120,2.222863,9.440510,
AddVertex,-0.777005,2.222201,9.439318,
AddVertex,-0.779376,2.222201,9.449032,
AddVertex,-0.842742,2.188833,9.433567,
AddVertex,-0.847294,2.186891,9.432456,
AddVertex,-0.844923,2.186891,9.422741,
AddVertex,-0.840371,2.188833,9.423852,
AddVertex,-0.838832,2.191920,9.434522,
AddVertex,-0.842742,2.188833,9.433567,
AddVertex,-0.840371,2.188833,9.423852,
AddVertex,-0.836461,2.191920,9.424807,
AddVertex,-0.838832,2.191920,9.434522,
AddVertex,-0.836461,2.191920,9.424807,
AddVertex,-0.833462,2.195944,9.425539,
AddVertex,-0.835833,2.195944,9.435253,
AddVertex,-0.835833,2.195944,9.435253,
AddVertex,-0.833462,2.195944,9.425539,
AddVertex,-0.831576,2.200630,9.425999,
AddVertex,-0.833947,2.200630,9.435714,
AddVertex,-0.833947,2.200630,9.435714,
AddVertex,-0.831576,2.200630,9.425999,
AddVertex,-0.830933,2.205659,9.426156,
AddVertex,-0.833304,2.205659,9.435870,
AddVertex,-0.833947,2.210688,9.435714,
AddVertex,-0.833304,2.205659,9.435870,
AddVertex,-0.830933,2.205659,9.426156,
AddVertex,-0.831576,2.210688,9.425999,
AddVertex,-0.835833,2.215374,9.435253,
AddVertex,-0.833947,2.210688,9.435714,
AddVertex,-0.831576,2.210688,9.425999,
AddVertex,-0.833462,2.215374,9.425539,
AddVertex,-0.838832,2.219398,9.434522,
AddVertex,-0.835833,2.215374,9.435253,
AddVertex,-0.833462,2.215374,9.425539,
AddVertex,-0.836461,2.219398,9.424807,
AddVertex,-0.838832,2.219398,9.434522,
AddVertex,-0.836461,2.219398,9.424807,
AddVertex,-0.840371,2.222486,9.423852,
AddVertex,-0.842742,2.222486,9.433567,
AddVertex,-0.842742,2.222486,9.433567,
AddVertex,-0.840371,2.222486,9.423852,
AddVertex,-0.844923,2.224427,9.422741,
AddVertex,-0.847294,2.224427,9.432456,
AddVertex,-0.847294,2.224427,9.432456,
AddVertex,-0.844923,2.224427,9.422741,
AddVertex,-0.849808,2.225089,9.421549,
AddVertex,-0.852179,2.225089,9.431264,
AddVertex,-0.852179,2.225089,9.431264,
AddVertex,-0.849808,2.225089,9.421549,
AddVertex,-0.854694,2.224427,9.420357,
AddVertex,-0.857065,2.224427,9.430072,
AddVertex,-0.891039,2.186310,9.421780,
AddVertex,-0.895924,2.186972,9.420588,
AddVertex,-0.893553,2.186972,9.410872,
AddVertex,-0.888668,2.186310,9.412065,
AddVertex,-0.886153,2.186972,9.422972,
AddVertex,-0.891039,2.186310,9.421780,
AddVertex,-0.888668,2.186310,9.412065,
AddVertex,-0.883782,2.186972,9.413258,
AddVertex,-0.881601,2.188913,9.424083,
AddVertex,-0.886153,2.186972,9.422972,
AddVertex,-0.883782,2.186972,9.413258,
AddVertex,-0.879230,2.188913,9.414369,
AddVertex,-0.877692,2.192000,9.425037,
AddVertex,-0.881601,2.188913,9.424083,
AddVertex,-0.879230,2.188913,9.414369,
AddVertex,-0.875321,2.192000,9.415322,
AddVertex,-0.877692,2.192000,9.425037,
AddVertex,-0.875321,2.192000,9.415322,
AddVertex,-0.872321,2.196024,9.416055,
AddVertex,-0.874692,2.196024,9.425770,
AddVertex,-0.874692,2.196024,9.425770,
AddVertex,-0.872321,2.196024,9.416055,
AddVertex,-0.870435,2.200711,9.416514,
AddVertex,-0.872806,2.200711,9.426229,
AddVertex,-0.872806,2.200711,9.426229,
AddVertex,-0.870435,2.200711,9.416514,
AddVertex,-0.869792,2.205739,9.416672,
AddVertex,-0.872163,2.205739,9.426387,
AddVertex,-0.872806,2.210768,9.426229,
AddVertex,-0.872163,2.205739,9.426387,
AddVertex,-0.869792,2.205739,9.416672,
AddVertex,-0.870435,2.210768,9.416514,
AddVertex,-0.874692,2.215454,9.425770,
AddVertex,-0.872806,2.210768,9.426229,
AddVertex,-0.870435,2.210768,9.416514,
AddVertex,-0.872321,2.215454,9.416055,
AddVertex,-0.877692,2.219478,9.425037,
AddVertex,-0.874692,2.215454,9.425770,
AddVertex,-0.872321,2.215454,9.416055,
AddVertex,-0.875321,2.219478,9.415322,
AddVertex,-0.877692,2.219478,9.425037,
AddVertex,-0.875321,2.219478,9.415322,
AddVertex,-0.879230,2.222566,9.414369,
AddVertex,-0.881601,2.222566,9.424083,
AddVertex,-0.881601,2.222566,9.424083,
AddVertex,-0.879230,2.222566,9.414369,
AddVertex,-0.883782,2.224507,9.413258,
AddVertex,-0.886153,2.224507,9.422972,
AddVertex,-0.886153,2.224507,9.422972,
AddVertex,-0.883782,2.224507,9.413258,
AddVertex,-0.888668,2.225169,9.412065,
AddVertex,-0.891039,2.225169,9.421780,
AddVertex,-0.891039,2.225169,9.421780,
AddVertex,-0.888668,2.225169,9.412065,
AddVertex,-0.893553,2.224507,9.410872,
AddVertex,-0.895924,2.224507,9.420588,
AddVertex,-0.895924,2.186972,9.420588,
AddVertex,-0.900477,2.188913,9.419477,
AddVertex,-0.898106,2.188913,9.409761,
AddVertex,-0.893553,2.186972,9.410872,
AddVertex,-0.893553,2.186972,9.410872,
AddVertex,-0.898106,2.188913,9.409761,
AddVertex,-0.879230,2.188913,9.414369,
AddVertex,-0.883782,2.186972,9.413258,
AddVertex,-0.888668,2.186310,9.412065,
AddVertex,-0.875321,2.192000,9.415322,
AddVertex,-0.902015,2.192000,9.408808,
AddVertex,-0.872321,2.196024,9.416055,
AddVertex,-0.905015,2.196024,9.408075,
AddVertex,-0.870435,2.200711,9.416514,
AddVertex,-0.906900,2.200711,9.407615,
AddVertex,-0.869792,2.205739,9.416672,
AddVertex,-0.907543,2.205739,9.407458,
AddVertex,-0.870435,2.210768,9.416514,
AddVertex,-0.906900,2.210768,9.407615,
AddVertex,-0.872321,2.215454,9.416055,
AddVertex,-0.905015,2.215454,9.408075,
AddVertex,-0.875321,2.219478,9.415322,
AddVertex,-0.902015,2.219478,9.408808,
AddVertex,-0.879230,2.222566,9.414369,
AddVertex,-0.898106,2.222566,9.409761,
AddVertex,-0.883782,2.224507,9.413258,
AddVertex,-0.893553,2.224507,9.410872,
AddVertex,-0.888668,2.225169,9.412065,
AddVertex,-0.895924,2.224507,9.420588,
AddVertex,-0.893553,2.224507,9.410872,
AddVertex,-0.898106,2.222566,9.409761,
AddVertex,-0.900477,2.222566,9.419477,
AddVertex,-0.900477,2.222566,9.419477,
AddVertex,-0.898106,2.222566,9.409761,
AddVertex,-0.902015,2.219478,9.408808,
AddVertex,-0.904386,2.219478,9.418522,
AddVertex,-0.907386,2.215454,9.417790,
AddVertex,-0.904386,2.219478,9.418522,
AddVertex,-0.902015,2.219478,9.408808,
AddVertex,-0.905015,2.215454,9.408075,
AddVertex,-0.909271,2.210768,9.417330,
AddVertex,-0.907386,2.215454,9.417790,
AddVertex,-0.905015,2.215454,9.408075,
AddVertex,-0.906900,2.210768,9.407615,
AddVertex,-0.909914,2.205739,9.417172,
AddVertex,-0.909271,2.210768,9.417330,
AddVertex,-0.906900,2.210768,9.407615,
AddVertex,-0.907543,2.205739,9.407458,
AddVertex,-0.909914,2.205739,9.417172,
AddVertex,-0.907543,2.205739,9.407458,
AddVertex,-0.906900,2.200711,9.407615,
AddVertex,-0.909271,2.200711,9.417330,
AddVertex,-0.909271,2.200711,9.417330,
AddVertex,-0.906900,2.200711,9.407615,
AddVertex,-0.905015,2.196024,9.408075,
AddVertex,-0.907386,2.196024,9.417790,
AddVertex,-0.907386,2.196024,9.417790,
AddVertex,-0.905015,2.196024,9.408075,
AddVertex,-0.902015,2.192000,9.408808,
AddVertex,-0.904386,2.192000,9.418522,
AddVertex,-0.900477,2.188913,9.419477,
AddVertex,-0.904386,2.192000,9.418522,
AddVertex,-0.902015,2.192000,9.408808,
AddVertex,-0.898106,2.188913,9.409761,
AddVertex,-0.774491,2.184004,9.450225,
AddVertex,-0.779376,2.184666,9.449032,
AddVertex,-0.777005,2.184666,9.439318,
AddVertex,-0.772120,2.184004,9.440510,
AddVertex,-0.769605,2.184666,9.451417,
AddVertex,-0.774491,2.184004,9.450225,
AddVertex,-0.772120,2.184004,9.440510,
AddVertex,-0.767234,2.184666,9.441702,
AddVertex,-0.765053,2.186607,9.452528,
AddVertex,-0.769605,2.184666,9.451417,
AddVertex,-0.767234,2.184666,9.441702,
AddVertex,-0.762682,2.186607,9.442813,
AddVertex,-0.777005,2.184666,9.439318,
AddVertex,-0.762682,2.186607,9.442813,
AddVertex,-0.767234,2.184666,9.441702,
AddVertex,-0.772120,2.184004,9.440510,
AddVertex,-0.781558,2.186607,9.438207,
AddVertex,-0.758773,2.189694,9.443768,
AddVertex,-0.785467,2.189694,9.437252,
AddVertex,-0.755773,2.193718,9.444499,
AddVertex,-0.788467,2.193718,9.436521,
AddVertex,-0.753887,2.198405,9.444960,
AddVertex,-0.790352,2.198405,9.436060,
AddVertex,-0.753244,2.203433,9.445117,
AddVertex,-0.790995,2.203433,9.435903,
AddVertex,-0.753887,2.208462,9.444960,
AddVertex,-0.790352,2.208462,9.436060,
AddVertex,-0.755773,2.213148,9.444499,
AddVertex,-0.788467,2.213148,9.436521,
AddVertex,-0.758773,2.217172,9.443768,
AddVertex,-0.785467,2.217172,9.437252,
AddVertex,-0.762682,2.220260,9.442813,
AddVertex,-0.781558,2.220260,9.438207,
AddVertex,-0.767234,2.222201,9.441702,
AddVertex,-0.777005,2.222201,9.439318,
AddVertex,-0.772120,2.222863,9.440510,
AddVertex,-0.779376,2.222201,9.449032,
AddVertex,-0.777005,2.222201,9.439318,
AddVertex,-0.781558,2.220260,9.438207,
AddVertex,-0.783929,2.220260,9.447921,
AddVertex,-0.783929,2.220260,9.447921,
AddVertex,-0.781558,2.220260,9.438207,
AddVertex,-0.785467,2.217172,9.437252,
AddVertex,-0.787838,2.217172,9.446967,
AddVertex,-0.790838,2.213148,9.446235,
AddVertex,-0.787838,2.217172,9.446967,
AddVertex,-0.785467,2.217172,9.437252,
AddVertex,-0.788467,2.213148,9.436521,
AddVertex,-0.792723,2.208462,9.445775,
AddVertex,-0.790838,2.213148,9.446235,
AddVertex,-0.788467,2.213148,9.436521,
AddVertex,-0.790352,2.208462,9.436060,
AddVertex,-0.793366,2.203433,9.445618,
AddVertex,-0.792723,2.208462,9.445775,
AddVertex,-0.790352,2.208462,9.436060,
AddVertex,-0.790995,2.203433,9.435903,
AddVertex,-0.793366,2.203433,9.445618,
AddVertex,-0.790995,2.203433,9.435903,
AddVertex,-0.790352,2.198405,9.436060,
AddVertex,-0.792723,2.198405,9.445775,
AddVertex,-0.792723,2.198405,9.445775,
AddVertex,-0.790352,2.198405,9.436060,
AddVertex,-0.788467,2.193718,9.436521,
AddVertex,-0.790838,2.193718,9.446235,
AddVertex,-0.790838,2.193718,9.446235,
AddVertex,-0.788467,2.193718,9.436521,
AddVertex,-0.785467,2.189694,9.437252,
AddVertex,-0.787838,2.189694,9.446967,
AddVertex,-0.783929,2.186607,9.447921,
AddVertex,-0.787838,2.189694,9.446967,
AddVertex,-0.785467,2.189694,9.437252,
AddVertex,-0.781558,2.186607,9.438207,
AddVertex,-0.779376,2.184666,9.449032,
AddVertex,-0.783929,2.186607,9.447921,
AddVertex,-0.781558,2.186607,9.438207,
AddVertex,-0.777005,2.184666,9.439318,
AddVertex,-0.852179,2.186229,9.431264,
AddVertex,-0.857065,2.186891,9.430072,
AddVertex,-0.854694,2.186891,9.420357,
AddVertex,-0.849808,2.186229,9.421549,
AddVertex,-0.847294,2.186891,9.432456,
AddVertex,-0.852179,2.186229,9.431264,
AddVertex,-0.849808,2.186229,9.421549,
AddVertex,-0.844923,2.186891,9.422741,
AddVertex,-0.844923,2.186891,9.422741,
AddVertex,-0.849808,2.186229,9.421549,
AddVertex,-0.854694,2.186891,9.420357,
AddVertex,-0.840371,2.188833,9.423852,
AddVertex,-0.859246,2.188833,9.419246,
AddVertex,-0.836461,2.191920,9.424807,
AddVertex,-0.863156,2.191920,9.418291,
AddVertex,-0.833462,2.195944,9.425539,
AddVertex,-0.866155,2.195944,9.417560,
AddVertex,-0.831576,2.200630,9.425999,
AddVertex,-0.868041,2.200630,9.417099,
AddVertex,-0.830933,2.205659,9.426156,
AddVertex,-0.868684,2.205659,9.416942,
AddVertex,-0.831576,2.210688,9.425999,
AddVertex,-0.868041,2.210688,9.417099,
AddVertex,-0.833462,2.215374,9.425539,
AddVertex,-0.866155,2.215374,9.417560,
AddVertex,-0.836461,2.219398,9.424807,
AddVertex,-0.863156,2.219398,9.418291,
AddVertex,-0.840371,2.222486,9.423852,
AddVertex,-0.859246,2.222486,9.419246,
AddVertex,-0.844923,2.224427,9.422741,
AddVertex,-0.854694,2.224427,9.420357,
AddVertex,-0.849808,2.225089,9.421549,
AddVertex,-0.857065,2.224427,9.430072,
AddVertex,-0.854694,2.224427,9.420357,
AddVertex,-0.859246,2.222486,9.419246,
AddVertex,-0.861617,2.222486,9.428961,
AddVertex,-0.861617,2.222486,9.428961,
AddVertex,-0.859246,2.222486,9.419246,
AddVertex,-0.863156,2.219398,9.418291,
AddVertex,-0.865527,2.219398,9.428006,
AddVertex,-0.868526,2.215374,9.427274,
AddVertex,-0.865527,2.219398,9.428006,
AddVertex,-0.863156,2.219398,9.418291,
AddVertex,-0.866155,2.215374,9.417560,
AddVertex,-0.870412,2.210688,9.426814,
AddVertex,-0.868526,2.215374,9.427274,
AddVertex,-0.866155,2.215374,9.417560,
AddVertex,-0.868041,2.210688,9.417099,
AddVertex,-0.871055,2.205659,9.426657,
AddVertex,-0.870412,2.210688,9.426814,
AddVertex,-0.868041,2.210688,9.417099,
AddVertex,-0.868684,2.205659,9.416942,
AddVertex,-0.871055,2.205659,9.426657,
AddVertex,-0.868684,2.205659,9.416942,
AddVertex,-0.868041,2.200630,9.417099,
AddVertex,-0.870412,2.200630,9.426814,
AddVertex,-0.870412,2.200630,9.426814,
AddVertex,-0.868041,2.200630,9.417099,
AddVertex,-0.866155,2.195944,9.417560,
AddVertex,-0.868526,2.195944,9.427274,
AddVertex,-0.868526,2.195944,9.427274,
AddVertex,-0.866155,2.195944,9.417560,
AddVertex,-0.863156,2.191920,9.418291,
AddVertex,-0.865527,2.191920,9.428006,
AddVertex,-0.861617,2.188833,9.428961,
AddVertex,-0.865527,2.191920,9.428006,
AddVertex,-0.863156,2.191920,9.418291,
AddVertex,-0.859246,2.188833,9.419246,
AddVertex,-0.857065,2.186891,9.430072,
AddVertex,-0.861617,2.188833,9.428961,
AddVertex,-0.859246,2.188833,9.419246,
AddVertex,-0.854694,2.186891,9.420357,
AddFace,0,1,2,
AddFace,2,3,0,
AddFace,4,5,6,
AddFace,6,7,4,
AddFace,8,9,10,
AddFace,10,11,8,
AddFace,12,13,14,
AddFace,14,15,12,
AddFace,16,17,18,
AddFace,18,19,16,
AddFace,20,21,22,
AddFace,22,23,20,
AddFace,24,25,26,
AddFace,26,27,24,
AddFace,28,29,30,
AddFace,30,31,28,
AddFace,32,33,34,
AddFace,34,35,32,
AddFace,36,37,38,
AddFace,38,39,36,
AddFace,40,41,42,
AddFace,42,43,40,
AddFace,44,45,46,
AddFace,46,47,44,
AddFace,48,49,50,
AddFace,50,51,48,
AddFace,52,53,54,
AddFace,54,55,52,
AddFace,56,57,58,
AddFace,58,59,56,
AddFace,60,61,62,
AddFace,62,63,60,
AddFace,64,65,66,
AddFace,66,67,64,
AddFace,68,69,70,
AddFace,70,71,68,
AddFace,72,73,74,
AddFace,74,75,72,
AddFace,76,77,78,
AddFace,78,79,76,
AddFace,80,81,82,
AddFace,82,83,80,
AddFace,84,85,86,
AddFace,86,87,84,
AddFace,88,89,90,
AddFace,90,91,88,
AddFace,92,93,94,
AddFace,94,95,92,
AddFace,96,97,98,
AddFace,98,99,96,
AddFace,100,101,102,
AddFace,102,103,100,
AddFace,104,105,106,
AddFace,106,107,104,
AddFace,108,109,110,
AddFace,110,111,108,
AddFace,112,113,114,
AddFace,114,115,112,
AddFace,116,117,118,
AddFace,118,119,116,
AddFace,120,121,122,
AddFace,122,123,120,
AddFace,124,125,126,
AddFace,126,127,124,
AddFace,128,129,130,
AddFace,130,131,128,
AddFace,132,133,134,
AddFace,134,135,132,
AddFace,136,137,138,
AddFace,138,139,136,
AddFace,140,141,142,
AddFace,142,143,140,
AddFace,144,145,146,
AddFace,146,147,144,
AddFace,148,149,150,
AddFace,150,151,148,
AddFace,152,153,154,
AddFace,152,154,155,
AddFace,155,156,152,
AddFace,153,157,154,
AddFace,153,158,157,
AddFace,158,159,157,
AddFace,158,160,159,
AddFace,160,161,159,
AddFace,160,162,161,
AddFace,162,163,161,
AddFace,162,164,163,
AddFace,164,165,163,
AddFace,164,166,165,
AddFace,166,167,165,
AddFace,166,168,167,
AddFace,168,169,167,
AddFace,168,170,169,
AddFace,170,171,169,
AddFace,170,172,171,
AddFace,172,173,171,
AddFace,172,174,173,
AddFace,174,175,173,
AddFace,176,177,178,
AddFace,178,179,176,
AddFace,180,181,182,
AddFace,182,183,180,
AddFace,184,185,186,
AddFace,186,187,184,
AddFace,188,189,190,
AddFace,190,191,188,
AddFace,192,193,194,
AddFace,194,195,192,
AddFace,196,197,198,
AddFace,198,199,196,
AddFace,200,201,202,
AddFace,202,203,200,
AddFace,204,205,206,
AddFace,206,207,204,
AddFace,208,209,210,
AddFace,210,211,208,
AddFace,212,213,214,
AddFace,214,215,212,
AddFace,216,217,218,
AddFace,218,219,216,
AddFace,220,221,222,
AddFace,222,223,220,
AddFace,224,225,226,
AddFace,226,227,224,
AddFace,224,228,225,
AddFace,228,229,225,
AddFace,228,230,229,
AddFace,230,231,229,
AddFace,230,232,231,
AddFace,232,233,231,
AddFace,232,234,233,
AddFace,234,235,233,
AddFace,234,236,235,
AddFace,236,237,235,
AddFace,236,238,237,
AddFace,238,239,237,
AddFace,238,240,239,
AddFace,240,241,239,
AddFace,240,242,241,
AddFace,242,243,241,
AddFace,242,244,243,
AddFace,244,245,243,
AddFace,244,246,245,
AddFace,246,247,245,
AddFace,248,249,250,
AddFace,250,251,248,
AddFace,252,253,254,
AddFace,254,255,252,
AddFace,256,257,258,
AddFace,258,259,256,
AddFace,260,261,262,
AddFace,262,263,260,
AddFace,264,265,266,
AddFace,266,267,264,
AddFace,268,269,270,
AddFace,270,271,268,
AddFace,272,273,274,
AddFace,274,275,272,
AddFace,276,277,278,
AddFace,278,279,276,
AddFace,280,281,282,
AddFace,282,283,280,
AddFace,284,285,286,
AddFace,286,287,284,
AddFace,288,289,290,
AddFace,290,291,288,
AddFace,292,293,294,
AddFace,294,295,292,
AddFace,296,297,298,
AddFace,298,299,296,
AddFace,298,300,299,
AddFace,300,301,299,
AddFace,300,302,301,
AddFace,302,303,301,
AddFace,302,304,303,
AddFace,304,305,303,
AddFace,304,306,305,
AddFace,306,307,305,
AddFace,306,308,307,
AddFace,308,309,307,
AddFace,308,310,309,
AddFace,310,311,309,
AddFace,310,312,311,
AddFace,312,313,311,
AddFace,312,314,313,
AddFace,314,315,313,
AddFace,314,316,315,
AddFace,316,317,315,
AddFace,316,318,317,
AddFace,318,319,317,
AddFace,320,321,322,
AddFace,322,323,320,
AddFace,324,325,326,
AddFace,326,327,324,
AddFace,328,329,330,
AddFace,330,331,328,
AddFace,332,333,334,
AddFace,334,335,332,
AddFace,336,337,338,
AddFace,338,339,336,
AddFace,340,341,342,
AddFace,342,343,340,
AddFace,344,345,346,
AddFace,346,347,344,
AddFace,348,349,350,
AddFace,350,351,348,
AddFace,352,353,354,
AddFace,354,355,352,
AddFace,356,357,358,
AddFace,358,359,356,
GenerateNormals,
SetColor,0,102,0,255,

CreateMeshBuilder,
;Jeminie 3DS Converter
AddVertex,-0.813320,2.186406,9.440748,
AddVertex,-0.818206,2.187068,9.439555,
AddVertex,-0.815835,2.187068,9.429841,
AddVertex,-0.810949,2.186406,9.431033,
AddVertex,-0.808435,2.187068,9.441940,
AddVertex,-0.813320,2.186406,9.440748,
AddVertex,-0.810949,2.186406,9.431033,
AddVertex,-0.806064,2.187068,9.432225,
AddVertex,-0.803883,2.189009,9.443051,
AddVertex,-0.808435,2.187068,9.441940,
AddVertex,-0.806064,2.187068,9.432225,
AddVertex,-0.801512,2.189009,9.433336,
AddVertex,-0.799973,2.192096,9.444005,
AddVertex,-0.803883,2.189009,9.443051,
AddVertex,-0.801512,2.189009,9.433336,
AddVertex,-0.797602,2.192096,9.434291,
AddVertex,-0.799973,2.192096,9.444005,
AddVertex,-0.797602,2.192096,9.434291,
AddVertex,-0.794603,2.196121,9.435022,
AddVertex,-0.796974,2.196121,9.444737,
AddVertex,-0.796974,2.196121,9.444737,
AddVertex,-0.794603,2.196121,9.435022,
AddVertex,-0.792717,2.200807,9.435483,
AddVertex,-0.795088,2.200807,9.445198,
AddVertex,-0.795088,2.200807,9.445198,
AddVertex,-0.792717,2.200807,9.435483,
AddVertex,-0.792074,2.205835,9.435639,
AddVertex,-0.794445,2.205835,9.445354,
AddVertex,-0.795088,2.210864,9.445198,
AddVertex,-0.794445,2.205835,9.445354,
AddVertex,-0.792074,2.205835,9.435639,
AddVertex,-0.792717,2.210864,9.435483,
AddVertex,-0.796974,2.215550,9.444737,
AddVertex,-0.795088,2.210864,9.445198,
AddVertex,-0.792717,2.210864,9.435483,
AddVertex,-0.794603,2.215550,9.435022,
AddVertex,-0.799973,2.219574,9.444005,
AddVertex,-0.796974,2.215550,9.444737,
AddVertex,-0.794603,2.215550,9.435022,
AddVertex,-0.797602,2.219574,9.434291,
AddVertex,-0.799973,2.219574,9.444005,
AddVertex,-0.797602,2.219574,9.434291,
AddVertex,-0.801512,2.222662,9.433336,
AddVertex,-0.803883,2.222662,9.443051,
AddVertex,-0.803883,2.222662,9.443051,
AddVertex,-0.801512,2.222662,9.433336,
AddVertex,-0.806064,2.224603,9.432225,
AddVertex,-0.808435,2.224603,9.441940,
AddVertex,-0.808435,2.224603,9.441940,
AddVertex,-0.806064,2.224603,9.432225,
AddVertex,-0.810949,2.225265,9.431033,
AddVertex,-0.813320,2.225265,9.440748,
AddVertex,-0.813320,2.225265,9.440748,
AddVertex,-0.810949,2.225265,9.431033,
AddVertex,-0.815835,2.224603,9.429841,
AddVertex,-0.818206,2.224603,9.439555,
AddVertex,-0.920460,2.188869,9.414599,
AddVertex,-0.925013,2.186928,9.413488,
AddVertex,-0.922642,2.186928,9.403773,
AddVertex,-0.918089,2.188869,9.404884,
AddVertex,-0.916551,2.191957,9.415553,
AddVertex,-0.920460,2.188869,9.414599,
AddVertex,-0.918089,2.188869,9.404884,
AddVertex,-0.914180,2.191957,9.405838,
AddVertex,-0.916551,2.191957,9.415553,
AddVertex,-0.914180,2.191957,9.405838,
AddVertex,-0.911180,2.195981,9.406570,
AddVertex,-0.913551,2.195981,9.416286,
AddVertex,-0.913551,2.195981,9.416286,
AddVertex,-0.911180,2.195981,9.406570,
AddVertex,-0.909295,2.200667,9.407031,
AddVertex,-0.911666,2.200667,9.416745,
AddVertex,-0.911666,2.200667,9.416745,
AddVertex,-0.909295,2.200667,9.407031,
AddVertex,-0.908651,2.205696,9.407187,
AddVertex,-0.911022,2.205696,9.416903,
AddVertex,-0.911666,2.210725,9.416745,
AddVertex,-0.911022,2.205696,9.416903,
AddVertex,-0.908651,2.205696,9.407187,
AddVertex,-0.909295,2.210725,9.407031,
AddVertex,-0.913551,2.215411,9.416286,
AddVertex,-0.911666,2.210725,9.416745,
AddVertex,-0.909295,2.210725,9.407031,
AddVertex,-0.911180,2.215411,9.406570,
AddVertex,-0.916551,2.219435,9.415553,
AddVertex,-0.913551,2.215411,9.416286,
AddVertex,-0.911180,2.215411,9.406570,
AddVertex,-0.914180,2.219435,9.405838,
AddVertex,-0.916551,2.219435,9.415553,
AddVertex,-0.914180,2.219435,9.405838,
AddVertex,-0.918089,2.222522,9.404884,
AddVertex,-0.920460,2.222522,9.414599,
AddVertex,-0.920460,2.222522,9.414599,
AddVertex,-0.918089,2.222522,9.404884,
AddVertex,-0.922642,2.224463,9.403773,
AddVertex,-0.925013,2.224463,9.413488,
AddVertex,-0.925013,2.224463,9.413488,
AddVertex,-0.922642,2.224463,9.403773,
AddVertex,-0.927527,2.225126,9.402581,
AddVertex,-0.929898,2.225126,9.412295,
AddVertex,-0.929898,2.225126,9.412295,
AddVertex,-0.927527,2.225126,9.402581,
AddVertex,-0.932413,2.224463,9.401388,
AddVertex,-0.934784,2.224463,9.411103,
AddVertex,-0.934784,2.224463,9.411103,
AddVertex,-0.932413,2.224463,9.401388,
AddVertex,-0.936965,2.222522,9.400277,
AddVertex,-0.939336,2.222522,9.409992,
AddVertex,-0.939336,2.222522,9.409992,
AddVertex,-0.936965,2.222522,9.400277,
AddVertex,-0.940874,2.219435,9.399323,
AddVertex,-0.943245,2.219435,9.409039,
AddVertex,-0.946245,2.215411,9.408306,
AddVertex,-0.943245,2.219435,9.409039,
AddVertex,-0.940874,2.219435,9.399323,
AddVertex,-0.943874,2.215411,9.398591,
AddVertex,-0.948131,2.210725,9.407845,
AddVertex,-0.946245,2.215411,9.408306,
AddVertex,-0.943874,2.215411,9.398591,
AddVertex,-0.945760,2.210725,9.398131,
AddVertex,-0.948774,2.205696,9.407689,
AddVertex,-0.948131,2.210725,9.407845,
AddVertex,-0.945760,2.210725,9.398131,
AddVertex,-0.946403,2.205696,9.397974,
AddVertex,-0.948774,2.205696,9.407689,
AddVertex,-0.946403,2.205696,9.397974,
AddVertex,-0.945760,2.200667,9.398131,
AddVertex,-0.948131,2.200667,9.407845,
AddVertex,-0.948131,2.200667,9.407845,
AddVertex,-0.945760,2.200667,9.398131,
AddVertex,-0.943874,2.195981,9.398591,
AddVertex,-0.946245,2.195981,9.408306,
AddVertex,-0.946245,2.195981,9.408306,
AddVertex,-0.943874,2.195981,9.398591,
AddVertex,-0.940874,2.191957,9.399323,
AddVertex,-0.943245,2.191957,9.409039,
AddVertex,-0.939336,2.188869,9.409992,
AddVertex,-0.943245,2.191957,9.409039,
AddVertex,-0.940874,2.191957,9.399323,
AddVertex,-0.936965,2.188869,9.400277,
AddVertex,-0.934784,2.186928,9.411103,
AddVertex,-0.939336,2.188869,9.409992,
AddVertex,-0.936965,2.188869,9.400277,
AddVertex,-0.932413,2.186928,9.401388,
AddVertex,-0.929898,2.186266,9.412295,
AddVertex,-0.934784,2.186928,9.411103,
AddVertex,-0.932413,2.186928,9.401388,
AddVertex,-0.927527,2.186266,9.402581,
AddVertex,-0.925013,2.186928,9.413488,
AddVertex,-0.929898,2.186266,9.412295,
AddVertex,-0.927527,2.186266,9.402581,
AddVertex,-0.922642,2.186928,9.403773,
AddVertex,-0.922642,2.186928,9.403773,
AddVertex,-0.927527,2.186266,9.402581,
AddVertex,-0.932413,2.186928,9.401388,
AddVertex,-0.918089,2.188869,9.404884,
AddVertex,-0.936965,2.188869,9.400277,
AddVertex,-0.914180,2.191957,9.405838,
AddVertex,-0.940874,2.191957,9.399323,
AddVertex,-0.911180,2.195981,9.406570,
AddVertex,-0.943874,2.195981,9.398591,
AddVertex,-0.909295,2.200667,9.407031,
AddVertex,-0.945760,2.200667,9.398131,
AddVertex,-0.908651,2.205696,9.407187,
AddVertex,-0.946403,2.205696,9.397974,
AddVertex,-0.909295,2.210725,9.407031,
AddVertex,-0.945760,2.210725,9.398131,
AddVertex,-0.911180,2.215411,9.406570,
AddVertex,-0.943874,2.215411,9.398591,
AddVertex,-0.914180,2.219435,9.405838,
AddVertex,-0.940874,2.219435,9.399323,
AddVertex,-0.918089,2.222522,9.404884,
AddVertex,-0.936965,2.222522,9.400277,
AddVertex,-0.922642,2.224463,9.403773,
AddVertex,-0.932413,2.224463,9.401388,
AddVertex,-0.927527,2.225126,9.402581,
AddVertex,-0.818206,2.187068,9.439555,
AddVertex,-0.822758,2.189009,9.438444,
AddVertex,-0.820387,2.189009,9.428729,
AddVertex,-0.815835,2.187068,9.429841,
AddVertex,-0.815835,2.187068,9.429841,
AddVertex,-0.820387,2.189009,9.428729,
AddVertex,-0.801512,2.189009,9.433336,
AddVertex,-0.806064,2.187068,9.432225,
AddVertex,-0.810949,2.186406,9.431033,
AddVertex,-0.797602,2.192096,9.434291,
AddVertex,-0.824297,2.192096,9.427775,
AddVertex,-0.794603,2.196121,9.435022,
AddVertex,-0.827296,2.196121,9.427043,
AddVertex,-0.792717,2.200807,9.435483,
AddVertex,-0.829182,2.200807,9.426583,
AddVertex,-0.792074,2.205835,9.435639,
AddVertex,-0.829825,2.205835,9.426426,
AddVertex,-0.792717,2.210864,9.435483,
AddVertex,-0.829182,2.210864,9.426583,
AddVertex,-0.794603,2.215550,9.435022,
AddVertex,-0.827296,2.215550,9.427043,
AddVertex,-0.797602,2.219574,9.434291,
AddVertex,-0.824297,2.219574,9.427775,
AddVertex,-0.801512,2.222662,9.433336,
AddVertex,-0.820387,2.222662,9.428729,
AddVertex,-0.806064,2.224603,9.432225,
AddVertex,-0.815835,2.224603,9.429841,
AddVertex,-0.810949,2.225265,9.431033,
AddVertex,-0.818206,2.224603,9.439555,
AddVertex,-0.815835,2.224603,9.429841,
AddVertex,-0.820387,2.222662,9.428729,
AddVertex,-0.822758,2.222662,9.438444,
AddVertex,-0.822758,2.222662,9.438444,
AddVertex,-0.820387,2.222662,9.428729,
AddVertex,-0.824297,2.219574,9.427775,
AddVertex,-0.826668,2.219574,9.437490,
AddVertex,-0.829667,2.215550,9.436758,
AddVertex,-0.826668,2.219574,9.437490,
AddVertex,-0.824297,2.219574,9.427775,
AddVertex,-0.827296,2.215550,9.427043,
AddVertex,-0.831553,2.210864,9.436298,
AddVertex,-0.829667,2.215550,9.436758,
AddVertex,-0.827296,2.215550,9.427043,
AddVertex,-0.829182,2.210864,9.426583,
AddVertex,-0.832196,2.205835,9.436141,
AddVertex,-0.831553,2.210864,9.436298,
AddVertex,-0.829182,2.210864,9.426583,
AddVertex,-0.829825,2.205835,9.426426,
AddVertex,-0.832196,2.205835,9.436141,
AddVertex,-0.829825,2.205835,9.426426,
AddVertex,-0.829182,2.200807,9.426583,
AddVertex,-0.831553,2.200807,9.436298,
AddVertex,-0.831553,2.200807,9.436298,
AddVertex,-0.829182,2.200807,9.426583,
AddVertex,-0.827296,2.196121,9.427043,
AddVertex,-0.829667,2.196121,9.436758,
AddVertex,-0.829667,2.196121,9.436758,
AddVertex,-0.827296,2.196121,9.427043,
AddVertex,-0.824297,2.192096,9.427775,
AddVertex,-0.826668,2.192096,9.437490,
AddVertex,-0.822758,2.189009,9.438444,
AddVertex,-0.826668,2.192096,9.437490,
AddVertex,-0.824297,2.192096,9.427775,
AddVertex,-0.820387,2.189009,9.428729,
AddVertex,-1.088112,2.220707,9.377546,
AddVertex,-1.092796,2.218738,9.376737,
AddVertex,-1.091093,2.218738,9.366882,
AddVertex,-1.086409,2.220707,9.367692,
AddVertex,-1.084090,2.223839,9.378241,
AddVertex,-1.088112,2.220707,9.377546,
AddVertex,-1.086409,2.220707,9.367692,
AddVertex,-1.082387,2.223839,9.368387,
AddVertex,-1.084090,2.223839,9.378241,
AddVertex,-1.082387,2.223839,9.368387,
AddVertex,-1.079301,2.227920,9.368920,
AddVertex,-1.081004,2.227920,9.378774,
AddVertex,-1.081004,2.227920,9.378774,
AddVertex,-1.079301,2.227920,9.368920,
AddVertex,-1.077361,2.232674,9.369255,
AddVertex,-1.079064,2.232674,9.379109,
AddVertex,-1.079064,2.232674,9.379109,
AddVertex,-1.077361,2.232674,9.369255,
AddVertex,-1.076699,2.237774,9.369370,
AddVertex,-1.078402,2.237774,9.379224,
AddVertex,-1.079064,2.242875,9.379109,
AddVertex,-1.078402,2.237774,9.379224,
AddVertex,-1.076699,2.237774,9.369370,
AddVertex,-1.077361,2.242875,9.369255,
AddVertex,-1.081004,2.247628,9.378774,
AddVertex,-1.079064,2.242875,9.379109,
AddVertex,-1.077361,2.242875,9.369255,
AddVertex,-1.079301,2.247628,9.368920,
AddVertex,-1.084090,2.251710,9.378241,
AddVertex,-1.081004,2.247628,9.378774,
AddVertex,-1.079301,2.247628,9.368920,
AddVertex,-1.082387,2.251710,9.368387,
AddVertex,-1.084090,2.251710,9.378241,
AddVertex,-1.082387,2.251710,9.368387,
AddVertex,-1.086409,2.254842,9.367692,
AddVertex,-1.088112,2.254842,9.377546,
AddVertex,0.031605,2.211134,9.576862,
AddVertex,0.026429,2.211783,9.577073,
AddVertex,0.026429,2.214864,9.567559,
AddVertex,0.031605,2.214215,9.567349,
AddVertex,0.036781,2.211783,9.577073,
AddVertex,0.031605,2.211134,9.576862,
AddVertex,0.031605,2.214215,9.567349,
AddVertex,0.036781,2.214864,9.567559,
AddVertex,0.041605,2.213683,9.577688,
AddVertex,0.036781,2.211783,9.577073,
AddVertex,0.036781,2.214864,9.567559,
AddVertex,0.041605,2.216764,9.568174,
AddVertex,0.045747,2.216707,9.578668,
AddVertex,0.041605,2.213683,9.577688,
AddVertex,0.041605,2.216764,9.568174,
AddVertex,0.045747,2.219788,9.569154,
AddVertex,0.045747,2.216707,9.578668,
AddVertex,0.045747,2.219788,9.569154,
AddVertex,0.048925,2.223729,9.570430,
AddVertex,0.048925,2.220648,9.579944,
AddVertex,0.031605,2.249189,9.589187,
AddVertex,0.036781,2.248540,9.588977,
AddVertex,0.036781,2.251621,9.579463,
AddVertex,0.031605,2.252270,9.579673,
AddVertex,0.026429,2.248540,9.588977,
AddVertex,0.031605,2.249189,9.589187,
AddVertex,0.031605,2.252270,9.579673,
AddVertex,0.026429,2.251621,9.579463,
AddVertex,0.021605,2.246639,9.588361,
AddVertex,0.026429,2.248540,9.588977,
AddVertex,0.026429,2.251621,9.579463,
AddVertex,0.021605,2.249720,9.578848,
AddVertex,0.017463,2.243616,9.587381,
AddVertex,0.021605,2.246639,9.588361,
AddVertex,0.021605,2.249720,9.578848,
AddVertex,0.017463,2.246696,9.577868,
AddVertex,0.014284,2.239675,9.586105,
AddVertex,0.017463,2.243616,9.587381,
AddVertex,0.017463,2.246696,9.577868,
AddVertex,0.014284,2.242756,9.576592,
AddVertex,0.012286,2.235086,9.584620,
AddVertex,0.014284,2.239675,9.586105,
AddVertex,0.014284,2.242756,9.576592,
AddVertex,0.012286,2.238167,9.575106,
AddVertex,0.011605,2.230161,9.583025,
AddVertex,0.012286,2.235086,9.584620,
AddVertex,0.012286,2.238167,9.575106,
AddVertex,0.011605,2.233242,9.573511,
AddVertex,0.012286,2.225237,9.581429,
AddVertex,0.011605,2.230161,9.583025,
AddVertex,0.011605,2.233242,9.573511,
AddVertex,0.012286,2.228318,9.571917,
AddVertex,0.014284,2.220648,9.579944,
AddVertex,0.012286,2.225237,9.581429,
AddVertex,0.012286,2.228318,9.571917,
AddVertex,0.014284,2.223729,9.570430,
AddVertex,0.017463,2.216707,9.578668,
AddVertex,0.014284,2.220648,9.579944,
AddVertex,0.014284,2.223729,9.570430,
AddVertex,0.017463,2.219788,9.569154,
AddVertex,0.021605,2.213683,9.577688,
AddVertex,0.017463,2.216707,9.578668,
AddVertex,0.017463,2.219788,9.569154,
AddVertex,0.021605,2.216764,9.568174,
AddVertex,0.026429,2.211783,9.577073,
AddVertex,0.021605,2.213683,9.577688,
AddVertex,0.021605,2.216764,9.568174,
AddVertex,0.026429,2.214864,9.567559,
AddVertex,0.026429,2.214864,9.567559,
AddVertex,0.021605,2.216764,9.568174,
AddVertex,0.041605,2.216764,9.568174,
AddVertex,0.036781,2.214864,9.567559,
AddVertex,0.031605,2.214215,9.567349,
AddVertex,0.045747,2.219788,9.569154,
AddVertex,0.017463,2.219788,9.569154,
AddVertex,0.048925,2.223729,9.570430,
AddVertex,0.014284,2.223729,9.570430,
AddVertex,0.050923,2.228318,9.571917,
AddVertex,0.048925,2.220648,9.579944,
AddVertex,0.048925,2.223729,9.570430,
AddVertex,0.050923,2.228318,9.571917,
AddVertex,0.050923,2.225237,9.581429,
AddVertex,0.050923,2.225237,9.581429,
AddVertex,0.050923,2.228318,9.571917,
AddVertex,0.051605,2.233242,9.573511,
AddVertex,0.051605,2.230161,9.583025,
AddVertex,0.051605,2.230161,9.583025,
AddVertex,0.051605,2.233242,9.573511,
AddVertex,0.050923,2.238167,9.575106,
AddVertex,0.050923,2.235086,9.584620,
AddVertex,0.050923,2.235086,9.584620,
AddVertex,0.050923,2.238167,9.575106,
AddVertex,0.048925,2.242756,9.576592,
AddVertex,0.048925,2.239675,9.586105,
AddVertex,0.048925,2.239675,9.586105,
AddVertex,0.048925,2.242756,9.576592,
AddVertex,0.045747,2.246696,9.577868,
AddVertex,0.045747,2.243616,9.587381,
AddVertex,0.041605,2.246639,9.588361,
AddVertex,0.045747,2.243616,9.587381,
AddVertex,0.045747,2.246696,9.577868,
AddVertex,0.041605,2.249720,9.578848,
AddVertex,0.036781,2.248540,9.588977,
AddVertex,0.041605,2.246639,9.588361,
AddVertex,0.041605,2.249720,9.578848,
AddVertex,0.036781,2.251621,9.579463,
AddVertex,0.021605,2.249720,9.578848,
AddVertex,0.036781,2.251621,9.579463,
AddVertex,0.041605,2.249720,9.578848,
AddVertex,0.017463,2.246696,9.577868,
AddVertex,0.045747,2.246696,9.577868,
AddVertex,0.014284,2.242756,9.576592,
AddVertex,0.048925,2.242756,9.576592,
AddVertex,0.012286,2.238167,9.575106,
AddVertex,0.050923,2.238167,9.575106,
AddVertex,0.011605,2.233242,9.573511,
AddVertex,0.051605,2.233242,9.573511,
AddVertex,0.012286,2.228318,9.571917,
AddVertex,0.026429,2.251621,9.579463,
AddVertex,0.031605,2.252270,9.579673,
AddVertex,-1.176302,2.217263,9.362307,
AddVertex,-1.181329,2.217935,9.361438,
AddVertex,-1.179626,2.217935,9.351584,
AddVertex,-1.174600,2.217263,9.352452,
AddVertex,-1.171276,2.217935,9.363175,
AddVertex,-1.176302,2.217263,9.362307,
AddVertex,-1.174600,2.217263,9.352452,
AddVertex,-1.169573,2.217935,9.353321,
AddVertex,-1.166592,2.219903,9.363984,
AddVertex,-1.171276,2.217935,9.363175,
AddVertex,-1.169573,2.217935,9.353321,
AddVertex,-1.164890,2.219903,9.354131,
AddVertex,-1.162570,2.223035,9.364679,
AddVertex,-1.166592,2.219903,9.363984,
AddVertex,-1.164890,2.219903,9.354131,
AddVertex,-1.160868,2.223035,9.354826,
AddVertex,-1.162570,2.223035,9.364679,
AddVertex,-1.160868,2.223035,9.354826,
AddVertex,-1.157781,2.227117,9.355359,
AddVertex,-1.159484,2.227117,9.365212,
AddVertex,-1.097822,2.218066,9.375868,
AddVertex,-1.102849,2.218738,9.374999,
AddVertex,-1.101146,2.218738,9.365146,
AddVertex,-1.096120,2.218066,9.366014,
AddVertex,-1.092796,2.218738,9.376737,
AddVertex,-1.097822,2.218066,9.375868,
AddVertex,-1.096120,2.218066,9.366014,
AddVertex,-1.091093,2.218738,9.366882,
AddVertex,-1.091093,2.218738,9.366882,
AddVertex,-1.096120,2.218066,9.366014,
AddVertex,-1.101146,2.218738,9.365146,
AddVertex,-1.086409,2.220707,9.367692,
AddVertex,-1.105830,2.220707,9.364336,
AddVertex,-1.082387,2.223839,9.368387,
AddVertex,-1.109852,2.223839,9.363641,
AddVertex,-1.079301,2.227920,9.368920,
AddVertex,-1.112938,2.227920,9.363108,
AddVertex,-1.077361,2.232674,9.369255,
AddVertex,-1.114878,2.232674,9.362773,
AddVertex,-1.076699,2.237774,9.369370,
AddVertex,-1.115540,2.237774,9.362659,
AddVertex,-1.077361,2.242875,9.369255,
AddVertex,-1.114878,2.242875,9.362773,
AddVertex,-1.079301,2.247628,9.368920,
AddVertex,-1.112938,2.247628,9.363108,
AddVertex,-1.082387,2.251710,9.368387,
AddVertex,-1.109852,2.251710,9.363641,
AddVertex,-1.086409,2.254842,9.367692,
AddVertex,-1.105830,2.254842,9.364336,
AddVertex,-1.091093,2.256811,9.366882,
AddVertex,-1.088112,2.254842,9.377546,
AddVertex,-1.086409,2.254842,9.367692,
AddVertex,-1.091093,2.256811,9.366882,
AddVertex,-1.092796,2.256811,9.376737,
AddVertex,-1.092796,2.256811,9.376737,
AddVertex,-1.091093,2.256811,9.366882,
AddVertex,-1.096120,2.257482,9.366014,
AddVertex,-1.097822,2.257482,9.375868,
AddVertex,-1.097822,2.257482,9.375868,
AddVertex,-1.096120,2.257482,9.366014,
AddVertex,-1.101146,2.256811,9.365146,
AddVertex,-1.102849,2.256811,9.374999,
AddVertex,-1.102849,2.256811,9.374999,
AddVertex,-1.101146,2.256811,9.365146,
AddVertex,-1.105830,2.254842,9.364336,
AddVertex,-1.107532,2.254842,9.374190,
AddVertex,-1.109852,2.223839,9.363641,
AddVertex,-1.111554,2.223839,9.373495,
AddVertex,-1.114641,2.227920,9.372962,
AddVertex,-1.112938,2.227920,9.363108,
AddVertex,-1.112938,2.227920,9.363108,
AddVertex,-1.114641,2.227920,9.372962,
AddVertex,-1.116581,2.232674,9.372626,
AddVertex,-1.114878,2.232674,9.362773,
AddVertex,-1.114878,2.232674,9.362773,
AddVertex,-1.116581,2.232674,9.372626,
AddVertex,-1.117242,2.237774,9.372512,
AddVertex,-1.115540,2.237774,9.362659,
AddVertex,-1.114878,2.242875,9.362773,
AddVertex,-1.115540,2.237774,9.362659,
AddVertex,-1.117242,2.237774,9.372512,
AddVertex,-1.116581,2.242875,9.372626,
AddVertex,-1.112938,2.247628,9.363108,
AddVertex,-1.114878,2.242875,9.362773,
AddVertex,-1.116581,2.242875,9.372626,
AddVertex,-1.114641,2.247628,9.372962,
AddVertex,-1.109852,2.251710,9.363641,
AddVertex,-1.112938,2.247628,9.363108,
AddVertex,-1.114641,2.247628,9.372962,
AddVertex,-1.111554,2.251710,9.373495,
AddVertex,-1.109852,2.251710,9.363641,
AddVertex,-1.111554,2.251710,9.373495,
AddVertex,-1.107532,2.254842,9.374190,
AddVertex,-1.105830,2.254842,9.364336,
AddVertex,-1.107532,2.220707,9.374190,
AddVertex,-1.111554,2.223839,9.373495,
AddVertex,-1.109852,2.223839,9.363641,
AddVertex,-1.105830,2.220707,9.364336,
AddVertex,-1.102849,2.218738,9.374999,
AddVertex,-1.107532,2.220707,9.374190,
AddVertex,-1.105830,2.220707,9.364336,
AddVertex,-1.101146,2.218738,9.365146,
AddVertex,-1.155841,2.231870,9.355694,
AddVertex,-1.157544,2.231870,9.365548,
AddVertex,-1.159484,2.227117,9.365212,
AddVertex,-1.157781,2.227117,9.355359,
AddVertex,-1.191418,2.227117,9.349546,
AddVertex,-1.155841,2.231870,9.355694,
AddVertex,-1.157781,2.227117,9.355359,
AddVertex,-1.188332,2.223035,9.350080,
AddVertex,-1.160868,2.223035,9.354826,
AddVertex,-1.184310,2.219903,9.350775,
AddVertex,-1.164890,2.219903,9.354131,
AddVertex,-1.179626,2.217935,9.351584,
AddVertex,-1.169573,2.217935,9.353321,
AddVertex,-1.174600,2.217263,9.352452,
AddVertex,-1.184310,2.219903,9.350775,
AddVertex,-1.179626,2.217935,9.351584,
AddVertex,-1.181329,2.217935,9.361438,
AddVertex,-1.186013,2.219903,9.360629,
AddVertex,-1.188332,2.223035,9.350080,
AddVertex,-1.184310,2.219903,9.350775,
AddVertex,-1.186013,2.219903,9.360629,
AddVertex,-1.190035,2.223035,9.359934,
AddVertex,-1.188332,2.223035,9.350080,
AddVertex,-1.190035,2.223035,9.359934,
AddVertex,-1.193121,2.227117,9.359401,
AddVertex,-1.191418,2.227117,9.349546,
AddVertex,-1.191418,2.227117,9.349546,
AddVertex,-1.193121,2.227117,9.359401,
AddVertex,-1.195061,2.231870,9.359065,
AddVertex,-1.193358,2.231870,9.349212,
AddVertex,-1.193358,2.231870,9.349212,
AddVertex,-1.155180,2.236971,9.355808,
AddVertex,-1.157544,2.231870,9.365548,
AddVertex,-1.155841,2.231870,9.355694,
AddVertex,-1.155180,2.236971,9.355808,
AddVertex,-1.156882,2.236971,9.365663,
AddVertex,-1.157544,2.242072,9.365548,
AddVertex,-1.156882,2.236971,9.365663,
AddVertex,-1.155180,2.236971,9.355808,
AddVertex,-1.155841,2.242072,9.355694,
AddVertex,-1.159484,2.246825,9.365212,
AddVertex,-1.157544,2.242072,9.365548,
AddVertex,-1.155841,2.242072,9.355694,
AddVertex,-1.157781,2.246825,9.355359,
AddVertex,-1.162570,2.250907,9.364679,
AddVertex,-1.159484,2.246825,9.365212,
AddVertex,-1.157781,2.246825,9.355359,
AddVertex,-1.160868,2.250907,9.354826,
AddVertex,-1.162570,2.250907,9.364679,
AddVertex,-1.160868,2.250907,9.354826,
AddVertex,-1.164890,2.254039,9.354131,
AddVertex,-1.166592,2.254039,9.363984,
AddVertex,-1.166592,2.254039,9.363984,
AddVertex,-1.164890,2.254039,9.354131,
AddVertex,-1.169573,2.256007,9.353321,
AddVertex,-1.171276,2.256007,9.363175,
AddVertex,-1.171276,2.256007,9.363175,
AddVertex,-1.169573,2.256007,9.353321,
AddVertex,-1.174600,2.256679,9.352452,
AddVertex,-1.176302,2.256679,9.362307,
AddVertex,-1.176302,2.256679,9.362307,
AddVertex,-1.174600,2.256679,9.352452,
AddVertex,-1.179626,2.256007,9.351584,
AddVertex,-1.181329,2.256007,9.361438,
AddVertex,-1.181329,2.256007,9.361438,
AddVertex,-1.179626,2.256007,9.351584,
AddVertex,-1.184310,2.254039,9.350775,
AddVertex,-1.186013,2.254039,9.360629,
AddVertex,-1.186013,2.254039,9.360629,
AddVertex,-1.184310,2.254039,9.350775,
AddVertex,-1.188332,2.250907,9.350080,
AddVertex,-1.190035,2.250907,9.359934,
AddVertex,-1.193121,2.246825,9.359401,
AddVertex,-1.190035,2.250907,9.359934,
AddVertex,-1.188332,2.250907,9.350080,
AddVertex,-1.191418,2.246825,9.349546,
AddVertex,-1.195061,2.242072,9.359065,
AddVertex,-1.193121,2.246825,9.359401,
AddVertex,-1.191418,2.246825,9.349546,
AddVertex,-1.193358,2.242072,9.349212,
AddVertex,-1.195722,2.236971,9.358951,
AddVertex,-1.195061,2.242072,9.359065,
AddVertex,-1.193358,2.242072,9.349212,
AddVertex,-1.194020,2.236971,9.349097,
AddVertex,-1.195722,2.236971,9.358951,
AddVertex,-1.194020,2.236971,9.349097,
AddVertex,-1.193358,2.231870,9.349212,
AddVertex,-1.195061,2.231870,9.359065,
AddVertex,-1.194020,2.236971,9.349097,
AddVertex,-1.155841,2.242072,9.355694,
AddVertex,-1.193358,2.242072,9.349212,
AddVertex,-1.157781,2.246825,9.355359,
AddVertex,-1.191418,2.246825,9.349546,
AddVertex,-1.160868,2.250907,9.354826,
AddVertex,-1.188332,2.250907,9.350080,
AddVertex,-1.164890,2.254039,9.354131,
AddVertex,-1.184310,2.254039,9.350775,
AddVertex,-1.169573,2.256007,9.353321,
AddVertex,-1.179626,2.256007,9.351584,
AddVertex,-1.174600,2.256679,9.352452,
AddVertex,-1.101146,2.256811,9.365146,
AddVertex,-1.096120,2.257482,9.366014,
AddFace,0,1,2,
AddFace,2,3,0,
AddFace,4,5,6,
AddFace,6,7,4,
AddFace,8,9,10,
AddFace,10,11,8,
AddFace,12,13,14,
AddFace,14,15,12,
AddFace,16,17,18,
AddFace,18,19,16,
AddFace,20,21,22,
AddFace,22,23,20,
AddFace,24,25,26,
AddFace,26,27,24,
AddFace,28,29,30,
AddFace,30,31,28,
AddFace,32,33,34,
AddFace,34,35,32,
AddFace,36,37,38,
AddFace,38,39,36,
AddFace,40,41,42,
AddFace,42,43,40,
AddFace,44,45,46,
AddFace,46,47,44,
AddFace,48,49,50,
AddFace,50,51,48,
AddFace,52,53,54,
AddFace,54,55,52,
AddFace,56,57,58,
AddFace,58,59,56,
AddFace,60,61,62,
AddFace,62,63,60,
AddFace,64,65,66,
AddFace,66,67,64,
AddFace,68,69,70,
AddFace,70,71,68,
AddFace,72,73,74,
AddFace,74,75,72,
AddFace,76,77,78,
AddFace,78,79,76,
AddFace,80,81,82,
AddFace,82,83,80,
AddFace,84,85,86,
AddFace,86,87,84,
AddFace,88,89,90,
AddFace,90,91,88,
AddFace,92,93,94,
AddFace,94,95,92,
AddFace,96,97,98,
AddFace,98,99,96,
AddFace,100,101,102,
AddFace,102,103,100,
AddFace,104,105,106,
AddFace,106,107,104,
AddFace,108,109,110,
AddFace,110,111,108,
AddFace,112,113,114,
AddFace,114,115,112,
AddFace,116,117,118,
AddFace,118,119,116,
AddFace,120,121,122,
AddFace,122,123,120,
AddFace,124,125,126,
AddFace,126,127,124,
AddFace,128,129,130,
AddFace,130,131,128,
AddFace,132,133,134,
AddFace,134,135,132,
AddFace,136,137,138,
AddFace,138,139,136,
AddFace,140,141,142,
AddFace,142,143,140,
AddFace,144,145,146,
AddFace,146,147,144,
AddFace,148,149,150,
AddFace,150,151,148,
AddFace,152,153,154,
AddFace,154,155,152,
AddFace,154,156,155,
AddFace,156,157,155,
AddFace,156,158,157,
AddFace,158,159,157,
AddFace,158,160,159,
AddFace,160,161,159,
AddFace,160,162,161,
AddFace,162,163,161,
AddFace,162,164,163,
AddFace,164,165,163,
AddFace,164,166,165,
AddFace,166,167,165,
AddFace,166,168,167,
AddFace,168,169,167,
AddFace,168,170,169,
AddFace,170,171,169,
AddFace,170,172,171,
AddFace,172,173,171,
AddFace,172,174,173,
AddFace,174,175,173,
AddFace,176,177,178,
AddFace,178,179,176,
AddFace,180,181,182,
AddFace,180,182,183,
AddFace,183,184,180,
AddFace,181,185,182,
AddFace,181,186,185,
AddFace,186,187,185,
AddFace,186,188,187,
AddFace,188,189,187,
AddFace,188,190,189,
AddFace,190,191,189,
AddFace,190,192,191,
AddFace,192,193,191,
AddFace,192,194,193,
AddFace,194,195,193,
AddFace,194,196,195,
AddFace,196,197,195,
AddFace,196,198,197,
AddFace,198,199,197,
AddFace,198,200,199,
AddFace,200,201,199,
AddFace,200,202,201,
AddFace,202,203,201,
AddFace,204,205,206,
AddFace,206,207,204,
AddFace,208,209,210,
AddFace,210,211,208,
AddFace,212,213,214,
AddFace,214,215,212,
AddFace,216,217,218,
AddFace,218,219,216,
AddFace,220,221,222,
AddFace,222,223,220,
AddFace,224,225,226,
AddFace,226,227,224,
AddFace,228,229,230,
AddFace,230,231,228,
AddFace,232,233,234,
AddFace,234,235,232,
AddFace,236,237,238,
AddFace,238,239,236,
AddFace,240,241,242,
AddFace,242,243,240,
AddFace,244,245,246,
AddFace,246,247,244,
AddFace,248,249,250,
AddFace,250,251,248,
AddFace,252,253,254,
AddFace,254,255,252,
AddFace,256,257,258,
AddFace,258,259,256,
AddFace,260,261,262,
AddFace,262,263,260,
AddFace,264,265,266,
AddFace,266,267,264,
AddFace,268,269,270,
AddFace,270,271,268,
AddFace,272,273,274,
AddFace,274,275,272,
AddFace,276,277,278,
AddFace,278,279,276,
AddFace,280,281,282,
AddFace,282,283,280,
AddFace,284,285,286,
AddFace,286,287,284,
AddFace,288,289,290,
AddFace,290,291,288,
AddFace,292,293,294,
AddFace,294,295,292,
AddFace,296,297,298,
AddFace,298,299,296,
AddFace,300,301,302,
AddFace,302,303,300,
AddFace,304,305,306,
AddFace,306,307,304,
AddFace,308,309,310,
AddFace,310,311,308,
AddFace,312,313,314,
AddFace,314,315,312,
AddFace,316,317,318,
AddFace,318,319,316,
AddFace,320,321,322,
AddFace,322,323,320,
AddFace,324,325,326,
AddFace,326,327,324,
AddFace,328,329,330,
AddFace,330,331,328,
AddFace,332,333,334,
AddFace,334,335,332,
AddFace,336,337,338,
AddFace,338,339,336,
AddFace,340,341,342,
AddFace,342,343,340,
AddFace,344,345,346,
AddFace,344,346,347,
AddFace,347,348,344,
AddFace,345,349,346,
AddFace,345,350,349,
AddFace,350,351,349,
AddFace,350,352,351,
AddFace,352,353,351,
AddFace,354,355,356,
AddFace,356,357,354,
AddFace,358,359,360,
AddFace,360,361,358,
AddFace,362,363,364,
AddFace,364,365,362,
AddFace,366,367,368,
AddFace,368,369,366,
AddFace,370,371,372,
AddFace,372,373,370,
AddFace,374,375,376,
AddFace,376,377,374,
AddFace,378,379,380,
AddFace,380,381,378,
AddFace,382,383,384,
AddFace,385,382,384,
AddFace,385,384,386,
AddFace,387,385,386,
AddFace,387,386,388,
AddFace,389,387,388,
AddFace,389,388,390,
AddFace,391,389,390,
AddFace,391,390,392,
AddFace,393,391,392,
AddFace,393,392,353,
AddFace,352,393,353,
AddFace,382,394,383,
AddFace,394,395,383,
AddFace,396,397,398,
AddFace,398,399,396,
AddFace,400,401,402,
AddFace,402,403,400,
AddFace,404,405,406,
AddFace,406,407,404,
AddFace,408,409,410,
AddFace,410,411,408,
AddFace,412,413,414,
AddFace,414,415,412,
AddFace,416,417,418,
AddFace,418,419,416,
AddFace,420,421,422,
AddFace,422,423,420,
AddFace,424,425,426,
AddFace,426,427,424,
AddFace,426,428,427,
AddFace,428,429,427,
AddFace,428,430,429,
AddFace,430,431,429,
AddFace,430,432,431,
AddFace,432,433,431,
AddFace,432,434,433,
AddFace,434,435,433,
AddFace,434,436,435,
AddFace,436,437,435,
AddFace,436,438,437,
AddFace,438,439,437,
AddFace,438,440,439,
AddFace,440,441,439,
AddFace,440,442,441,
AddFace,442,443,441,
AddFace,442,444,443,
AddFace,444,445,443,
AddFace,446,447,448,
AddFace,448,449,446,
AddFace,450,451,452,
AddFace,452,453,450,
AddFace,454,455,456,
AddFace,456,457,454,
AddFace,458,459,460,
AddFace,460,461,458,
AddFace,462,463,464,
AddFace,464,465,462,
AddFace,466,467,468,
AddFace,468,469,466,
AddFace,470,471,472,
AddFace,472,473,470,
AddFace,474,475,476,
AddFace,476,477,474,
AddFace,478,479,480,
AddFace,480,481,478,
AddFace,482,483,484,
AddFace,484,485,482,
AddFace,486,487,488,
AddFace,488,489,486,
AddFace,490,491,492,
AddFace,492,493,490,
AddFace,494,495,496,
AddFace,496,497,494,
AddFace,498,499,500,
AddFace,500,501,498,
AddFace,502,503,504,
AddFace,505,502,504,
AddFace,505,504,506,
AddFace,507,505,506,
AddFace,507,506,508,
AddFace,509,507,508,
AddFace,509,508,510,
AddFace,510,511,509,
AddFace,512,513,514,
AddFace,514,515,512,
AddFace,516,517,518,
AddFace,518,519,516,
AddFace,520,521,522,
AddFace,522,523,520,
AddFace,524,525,526,
AddFace,526,527,524,
AddFace,502,528,503,
AddFace,528,529,503,
AddFace,530,531,532,
AddFace,532,533,530,
AddFace,534,535,536,
AddFace,536,537,534,
AddFace,538,539,540,
AddFace,540,541,538,
AddFace,542,543,544,
AddFace,544,545,542,
AddFace,546,547,548,
AddFace,548,549,546,
AddFace,550,551,552,
AddFace,552,553,550,
AddFace,554,555,556,
AddFace,556,557,554,
AddFace,558,559,560,
AddFace,560,561,558,
AddFace,562,563,564,
AddFace,564,565,562,
AddFace,566,567,568,
AddFace,568,569,566,
AddFace,570,571,572,
AddFace,572,573,570,
AddFace,574,575,576,
AddFace,576,577,574,
AddFace,578,579,580,
AddFace,580,581,578,
AddFace,582,583,584,
AddFace,584,585,582,
AddFace,528,586,529,
AddFace,586,587,529,
AddFace,586,588,587,
AddFace,588,589,587,
AddFace,588,590,589,
AddFace,590,591,589,
AddFace,590,592,591,
AddFace,592,593,591,
AddFace,592,594,593,
AddFace,594,595,593,
AddFace,594,596,595,
AddFace,596,597,595,
AddFace,444,598,445,
AddFace,598,599,445,
GenerateNormals,
SetColor,255,0,0,255,

CreateMeshBuilder,
;Jeminie 3DS Converter
AddVertex,-0.273213,2.025977,9.516900,
AddVertex,-0.273213,2.024436,9.521657,
AddVertex,-0.273213,2.005409,9.515495,
AddVertex,-0.273213,2.006950,9.510738,
AddVertex,-0.273213,2.025977,9.516900,
AddVertex,-0.297365,2.025977,9.516900,
AddVertex,-0.297365,2.024436,9.521657,
AddVertex,-0.273213,2.024436,9.521657,
AddVertex,-0.297365,2.005409,9.515495,
AddVertex,-0.297365,2.024436,9.521657,
AddVertex,-0.297365,2.025977,9.516900,
AddVertex,-0.297365,2.006950,9.510738,
AddVertex,-0.273213,2.005409,9.515495,
AddVertex,-0.297365,2.005409,9.515495,
AddVertex,-0.297365,2.006950,9.510738,
AddVertex,-0.273213,2.006950,9.510738,
AddVertex,-0.298686,2.025977,9.516900,
AddVertex,-0.298686,2.024436,9.521657,
AddVertex,-0.298686,2.005409,9.515495,
AddVertex,-0.298686,2.006950,9.510738,
AddVertex,-0.298686,2.025977,9.516900,
AddVertex,-0.322208,2.025977,9.516900,
AddVertex,-0.322208,2.024436,9.521657,
AddVertex,-0.298686,2.024436,9.521657,
AddVertex,-0.322208,2.005409,9.515495,
AddVertex,-0.322208,2.024436,9.521657,
AddVertex,-0.322208,2.025977,9.516900,
AddVertex,-0.322208,2.006950,9.510738,
AddVertex,-0.298686,2.005409,9.515495,
AddVertex,-0.322208,2.005409,9.515495,
AddVertex,-0.322208,2.006950,9.510738,
AddVertex,-0.298686,2.006950,9.510738,
AddVertex,-0.324101,2.025977,9.516900,
AddVertex,-0.324101,2.024436,9.521657,
AddVertex,-0.324101,2.005409,9.515495,
AddVertex,-0.324101,2.006950,9.510738,
AddVertex,-0.324101,2.025977,9.516900,
AddVertex,-0.347744,2.025977,9.516900,
AddVertex,-0.347744,2.024436,9.521657,
AddVertex,-0.324101,2.024436,9.521657,
AddVertex,-0.347744,2.005409,9.515495,
AddVertex,-0.347744,2.024436,9.521657,
AddVertex,-0.347744,2.025977,9.516900,
AddVertex,-0.347744,2.006950,9.510738,
AddVertex,-0.324101,2.005409,9.515495,
AddVertex,-0.347744,2.005409,9.515495,
AddVertex,-0.347744,2.006950,9.510738,
AddVertex,-0.324101,2.006950,9.510738,
AddVertex,-0.400661,2.026685,9.517130,
AddVertex,-0.400661,2.025145,9.521887,
AddVertex,-0.400661,2.006118,9.515724,
AddVertex,-0.400661,2.007658,9.510968,
AddVertex,-0.400661,2.026685,9.517130,
AddVertex,-0.425038,2.026685,9.517130,
AddVertex,-0.425038,2.025145,9.521887,
AddVertex,-0.400661,2.025145,9.521887,
AddVertex,-0.425038,2.006118,9.515724,
AddVertex,-0.425038,2.025145,9.521887,
AddVertex,-0.425038,2.026685,9.517130,
AddVertex,-0.425038,2.007658,9.510968,
AddVertex,-0.400661,2.006118,9.515724,
AddVertex,-0.425038,2.006118,9.515724,
AddVertex,-0.425038,2.007658,9.510968,
AddVertex,-0.400661,2.007658,9.510968,
AddFace,0,1,2,
AddFace,2,3,0,
AddFace,4,5,6,
AddFace,6,7,4,
AddFace,8,9,10,
AddFace,10,11,8,
AddFace,12,13,14,
AddFace,14,15,12,
AddFace,16,17,18,
AddFace,18,19,16,
AddFace,20,21,22,
AddFace,22,23,20,
AddFace,24,25,26,
AddFace,26,27,24,
AddFace,28,29,30,
AddFace,30,31,28,
AddFace,32,33,34,
AddFace,34,35,32,
AddFace,36,37,38,
AddFace,38,39,36,
AddFace,40,41,42,
AddFace,42,43,40,
AddFace,44,45,46,
AddFace,46,47,44,
AddFace,48,49,50,
AddFace,50,51,48,
AddFace,52,53,54,
AddFace,54,55,52,
AddFace,56,57,58,
AddFace,58,59,56,
AddFace,60,61,62,
AddFace,62,63,60,
GenerateNormals,
SetColor,102,0,0,255,

CreateMeshBuilder,
;Jeminie 3DS Converter
AddVertex,-0.054863,2.006343,9.515798,
AddVertex,-0.075503,2.006343,9.515798,
AddVertex,-0.075503,2.007883,9.511041,
AddVertex,-0.054863,2.007883,9.511041,
AddVertex,-0.054863,2.006343,9.515798,
AddVertex,-0.054863,2.007883,9.511041,
AddVertex,-0.054863,2.025381,9.516707,
AddVertex,-0.054863,2.023840,9.521463,
AddVertex,-0.075503,2.023840,9.521463,
AddVertex,-0.054863,2.023840,9.521463,
AddVertex,-0.054863,2.025381,9.516707,
AddVertex,-0.075503,2.025381,9.516707,
AddVertex,-0.075503,2.006343,9.515798,
AddVertex,-0.075503,2.023840,9.521463,
AddVertex,-0.075503,2.025381,9.516707,
AddVertex,-0.075503,2.007883,9.511041,
AddVertex,-0.076637,2.025381,9.516707,
AddVertex,-0.076637,2.023840,9.521463,
AddVertex,-0.076637,2.006343,9.515798,
AddVertex,-0.076637,2.007883,9.511041,
AddVertex,-0.076637,2.025381,9.516707,
AddVertex,-0.100640,2.025381,9.516707,
AddVertex,-0.100640,2.023840,9.521463,
AddVertex,-0.076637,2.023840,9.521463,
AddVertex,-0.100640,2.006343,9.515798,
AddVertex,-0.100640,2.023840,9.521463,
AddVertex,-0.100640,2.025381,9.516707,
AddVertex,-0.100640,2.007883,9.511041,
AddVertex,-0.076637,2.006343,9.515798,
AddVertex,-0.100640,2.006343,9.515798,
AddVertex,-0.100640,2.007883,9.511041,
AddVertex,-0.076637,2.007883,9.511041,
AddFace,0,1,2,
AddFace,2,3,0,
AddFace,4,5,6,
AddFace,6,7,4,
AddFace,8,9,10,
AddFace,10,11,8,
AddFace,12,13,14,
AddFace,14,15,12,
AddFace,16,17,18,
AddFace,18,19,16,
AddFace,20,21,22,
AddFace,22,23,20,
AddFace,24,25,26,
AddFace,26,27,24,
AddFace,28,29,30,
AddFace,30,31,28,
GenerateNormals,
SetColor,51,0,0,255,

CreateMeshBuilder,
;Jeminie 3DS Converter
AddVertex,-0.101926,2.025381,9.516707,
AddVertex,-0.101926,2.023840,9.521463,
AddVertex,-0.101926,2.006343,9.515798,
AddVertex,-0.101926,2.007883,9.511041,
AddVertex,-0.101926,2.025381,9.516707,
AddVertex,-0.126243,2.025381,9.516707,
AddVertex,-0.126243,2.023840,9.521463,
AddVertex,-0.101926,2.023840,9.521463,
AddVertex,-0.126243,2.006343,9.515798,
AddVertex,-0.126243,2.023840,9.521463,
AddVertex,-0.126243,2.025381,9.516707,
AddVertex,-0.126243,2.007883,9.511041,
AddVertex,-0.101926,2.006343,9.515798,
AddVertex,-0.126243,2.006343,9.515798,
AddVertex,-0.126243,2.007883,9.511041,
AddVertex,-0.101926,2.007883,9.511041,
AddVertex,-0.426284,2.006118,9.515724,
AddVertex,-0.450149,2.006118,9.515724,
AddVertex,-0.450149,2.007658,9.510968,
AddVertex,-0.426284,2.007658,9.510968,
AddVertex,-0.426284,2.006118,9.515724,
AddVertex,-0.426284,2.007658,9.510968,
AddVertex,-0.426284,2.026685,9.517130,
AddVertex,-0.426284,2.025145,9.521887,
AddVertex,-0.450149,2.025145,9.521887,
AddVertex,-0.426284,2.025145,9.521887,
AddVertex,-0.426284,2.026685,9.517130,
AddVertex,-0.450149,2.026685,9.517130,
AddVertex,-0.450149,2.006118,9.515724,
AddVertex,-0.450149,2.025145,9.521887,
AddVertex,-0.450149,2.026685,9.517130,
AddVertex,-0.450149,2.007658,9.510968,
AddVertex,-0.501624,2.026685,9.517130,
AddVertex,-0.501624,2.025145,9.521887,
AddVertex,-0.501624,2.006118,9.515724,
AddVertex,-0.501624,2.007658,9.510968,
AddVertex,-0.501624,2.026685,9.517130,
AddVertex,-0.525782,2.026685,9.517130,
AddVertex,-0.525782,2.025145,9.521887,
AddVertex,-0.501624,2.025145,9.521887,
AddVertex,-0.525782,2.006118,9.515724,
AddVertex,-0.525782,2.025145,9.521887,
AddVertex,-0.525782,2.026685,9.517130,
AddVertex,-0.525782,2.007658,9.510968,
AddVertex,-0.501624,2.006118,9.515724,
AddVertex,-0.525782,2.006118,9.515724,
AddVertex,-0.525782,2.007658,9.510968,
AddVertex,-0.501624,2.007658,9.510968,
AddVertex,-0.259305,2.211175,9.576876,
AddVertex,-0.255586,2.211641,9.577027,
AddVertex,-0.256224,2.211175,9.576876,
AddVertex,-0.258562,2.210883,9.576781,
AddVertex,-0.256967,2.210883,9.576781,
AddVertex,-0.257764,2.210783,9.576749,
AddVertex,-0.259943,2.211641,9.577027,
AddVertex,-0.255096,2.212248,9.577224,
AddVertex,-0.260432,2.212248,9.577224,
AddVertex,-0.260740,2.212955,9.577453,
AddVertex,-0.254788,2.212955,9.577453,
AddVertex,-0.254683,2.213714,9.577698,
AddVertex,-0.260845,2.213714,9.577698,
AddVertex,-0.254788,2.214472,9.577944,
AddVertex,-0.260740,2.214472,9.577944,
AddVertex,-0.255096,2.215179,9.578173,
AddVertex,-0.260432,2.215179,9.578173,
AddVertex,-0.259943,2.215786,9.578369,
AddVertex,-0.255586,2.215786,9.578369,
AddVertex,-0.256224,2.216252,9.578520,
AddVertex,-0.259305,2.216252,9.578520,
AddVertex,-0.256967,2.216545,9.578615,
AddVertex,-0.258562,2.216545,9.578615,
AddVertex,-0.257764,2.216645,9.578648,
AddFace,0,1,2,
AddFace,2,3,0,
AddFace,4,5,6,
AddFace,6,7,4,
AddFace,8,9,10,
AddFace,10,11,8,
AddFace,12,13,14,
AddFace,14,15,12,
AddFace,16,17,18,
AddFace,18,19,16,
AddFace,20,21,22,
AddFace,22,23,20,
AddFace,24,25,26,
AddFace,26,27,24,
AddFace,28,29,30,
AddFace,30,31,28,
AddFace,32,33,34,
AddFace,34,35,32,
AddFace,36,37,38,
AddFace,38,39,36,
AddFace,40,41,42,
AddFace,42,43,40,
AddFace,44,45,46,
AddFace,46,47,44,
AddFace,48,49,50,
AddFace,51,48,50,
AddFace,51,50,52,
AddFace,52,53,51,
AddFace,48,54,49,
AddFace,54,55,49,
AddFace,54,56,55,
AddFace,56,57,55,
AddFace,57,58,55,
AddFace,57,59,58,
AddFace,57,60,59,
AddFace,60,61,59,
AddFace,60,62,61,
AddFace,62,63,61,
AddFace,62,64,63,
AddFace,64,65,63,
AddFace,65,66,63,
AddFace,65,67,66,
AddFace,65,68,67,
AddFace,68,69,67,
AddFace,68,70,69,
AddFace,70,71,69,
GenerateNormals,
SetColor,255,255,0,255,

CreateMeshBuilder,
;Jeminie 3DS Converter
AddVertex,-1.300000,1.978364,8.474072,
AddVertex,-1.350000,1.978364,8.474072,
AddVertex,-1.350000,1.978364,8.224072,
AddVertex,-1.300000,1.978364,8.224072,
AddVertex,-1.300000,1.978364,8.474072,
AddVertex,-1.300000,2.328364,8.474072,
AddVertex,-1.350000,2.328364,8.474072,
AddVertex,-1.350000,1.978364,8.474072,
AddVertex,-1.350000,2.328364,8.224072,
AddVertex,-1.350000,2.328364,8.474072,
AddVertex,-1.300000,2.328364,8.474072,
AddVertex,-1.300000,2.328364,8.224072,
AddVertex,-1.350000,1.978364,8.224072,
AddVertex,-1.350000,2.328364,8.224072,
AddVertex,-1.300000,2.328364,8.224072,
AddVertex,-1.300000,1.978364,8.224072,
AddFace,0,1,2,
AddFace,2,3,0,
AddFace,4,5,6,
AddFace,6,7,4,
AddFace,8,9,10,
AddFace,10,11,8,
AddFace,12,13,14,
AddFace,14,15,12,
GenerateNormals,
SetColor,122,153,122,255,

CreateMeshBuilder,
;Jeminie 3DS Converter
AddVertex,-0.127265,2.025381,9.516707,
AddVertex,-0.127265,2.023840,9.521463,
AddVertex,-0.127265,2.006343,9.515798,
AddVertex,-0.127265,2.007883,9.511041,
AddVertex,-0.127265,2.025381,9.516707,
AddVertex,-0.151330,2.025381,9.516707,
AddVertex,-0.151330,2.023840,9.521463,
AddVertex,-0.127265,2.023840,9.521463,
AddVertex,-0.151330,2.006343,9.515798,
AddVertex,-0.151330,2.023840,9.521463,
AddVertex,-0.151330,2.025381,9.516707,
AddVertex,-0.151330,2.007883,9.511041,
AddVertex,-0.127265,2.006343,9.515798,
AddVertex,-0.151330,2.006343,9.515798,
AddVertex,-0.151330,2.007883,9.511041,
AddVertex,-0.127265,2.007883,9.511041,
AddFace,0,1,2,
AddFace,2,3,0,
AddFace,4,5,6,
AddFace,6,7,4,
AddFace,8,9,10,
AddFace,10,11,8,
AddFace,12,13,14,
AddFace,14,15,12,
GenerateNormals,
SetColor,10,51,10,255,

CreateMeshBuilder,
;Jeminie 3DS Converter
AddVertex,-0.551232,2.135554,9.573409,
AddVertex,-0.549528,2.147866,9.577396,
AddVertex,-0.512444,2.137275,9.573966,
AddVertex,-0.512784,2.134813,9.573169,
AddVertex,-0.512444,2.132350,9.572371,
AddVertex,-0.549528,2.123243,9.569422,
AddVertex,-0.534388,2.112890,9.566070,
AddVertex,-0.544533,2.111770,9.565706,
AddVertex,-0.544533,2.159338,9.581111,
AddVertex,-0.457930,2.159338,9.581111,
AddVertex,-0.452935,2.147866,9.577396,
AddVertex,-0.502784,2.144326,9.576250,
AddVertex,-0.505373,2.144002,9.576145,
AddVertex,-0.507784,2.143052,9.575837,
AddVertex,-0.509855,2.141540,9.575347,
AddVertex,-0.511445,2.139569,9.574709,
AddVertex,-0.507784,2.126574,9.570500,
AddVertex,-0.505373,2.125623,9.570193,
AddVertex,-0.502784,2.125299,9.570088,
AddVertex,-0.452935,2.123243,9.569422,
AddVertex,-0.457930,2.111770,9.565706,
AddVertex,-0.536587,2.101919,9.562516,
AddVertex,-0.465876,2.101919,9.562516,
AddVertex,-0.526232,2.094359,9.560068,
AddVertex,-0.476232,2.094359,9.560068,
AddVertex,-0.514172,2.089607,9.558529,
AddVertex,-0.488291,2.089607,9.558529,
AddVertex,-0.501232,2.087986,9.558004,
AddVertex,-0.500196,2.125623,9.570193,
AddVertex,-0.451232,2.135554,9.573409,
AddVertex,-0.497784,2.126574,9.570500,
AddVertex,-0.495713,2.128085,9.570991,
AddVertex,-0.494124,2.130056,9.571629,
AddVertex,-0.493125,2.132350,9.572371,
AddVertex,-0.492784,2.134813,9.573169,
AddVertex,-0.493125,2.137275,9.573966,
AddVertex,-0.494124,2.139569,9.574709,
AddVertex,-0.495713,2.141540,9.575347,
AddVertex,-0.497784,2.143052,9.575837,
AddVertex,-0.500196,2.144002,9.576145,
AddVertex,-0.465876,2.169190,9.584302,
AddVertex,-0.536587,2.169190,9.584302,
AddVertex,-0.476232,2.176749,9.586750,
AddVertex,-0.526232,2.176749,9.586750,
AddVertex,-0.488291,2.181501,9.588288,
AddVertex,-0.514172,2.181501,9.588288,
AddVertex,-0.501232,2.183122,9.588814,
AddFace,0,1,2,
AddFace,0,2,3,
AddFace,0,3,4,
AddFace,5,0,4,
AddFace,5,4,6,
AddFace,6,7,5,
AddFace,1,8,9,
AddFace,1,9,10,
AddFace,1,10,11,
AddFace,1,11,12,
AddFace,1,12,13,
AddFace,1,13,14,
AddFace,1,14,15,
AddFace,1,15,2,
AddFace,6,16,17,
AddFace,6,17,18,
AddFace,6,18,19,
AddFace,6,19,20,
AddFace,7,6,20,
AddFace,21,7,20,
AddFace,21,20,22,
AddFace,23,21,22,
AddFace,23,22,24,
AddFace,25,23,24,
AddFace,25,24,26,
AddFace,26,27,25,
AddFace,19,18,28,
AddFace,28,29,19,
AddFace,28,30,29,
AddFace,30,31,29,
AddFace,31,32,29,
AddFace,32,33,29,
AddFace,33,34,29,
AddFace,34,35,29,
AddFace,35,10,29,
AddFace,35,36,10,
AddFace,36,37,10,
AddFace,37,38,10,
AddFace,38,39,10,
AddFace,39,11,10,
AddFace,8,40,9,
AddFace,8,41,40,
AddFace,41,42,40,
AddFace,41,43,42,
AddFace,43,44,42,
AddFace,43,45,44,
AddFace,45,46,44,
GenerateNormals,
LoadTexture,E11.png, E11.png
SetTextureCoordinates,0,-0.006850,0.498446,
SetTextureCoordinates,1,0.010359,0.365034,
SetTextureCoordinates,2,0.384947,0.479799,
SetTextureCoordinates,3,0.381505,0.506482,
SetTextureCoordinates,4,0.384947,0.533164,
SetTextureCoordinates,5,0.010359,0.631858,
SetTextureCoordinates,6,0.163283,0.744045,
SetTextureCoordinates,7,0.060814,0.756178,
SetTextureCoordinates,8,0.060814,0.240714,
SetTextureCoordinates,9,0.935587,0.240714,
SetTextureCoordinates,10,0.986042,0.365034,
SetTextureCoordinates,11,0.482515,0.403389,
SetTextureCoordinates,12,0.456372,0.406902,
SetTextureCoordinates,13,0.432010,0.417201,
SetTextureCoordinates,14,0.411090,0.433584,
SetTextureCoordinates,15,0.395038,0.454935,
SetTextureCoordinates,16,0.432010,0.595763,
SetTextureCoordinates,17,0.456372,0.606062,
SetTextureCoordinates,18,0.482515,0.609574,
SetTextureCoordinates,19,0.986042,0.631858,
SetTextureCoordinates,20,0.935587,0.756178,
SetTextureCoordinates,21,0.141076,0.862934,
SetTextureCoordinates,22,0.855325,0.862934,
SetTextureCoordinates,23,0.245675,0.944851,
SetTextureCoordinates,24,0.750726,0.944851,
SetTextureCoordinates,25,0.367484,0.996346,
SetTextureCoordinates,26,0.628917,0.996346,
SetTextureCoordinates,27,0.498201,1.013910,
SetTextureCoordinates,28,0.508659,0.606062,
SetTextureCoordinates,29,1.003251,0.498446,
SetTextureCoordinates,30,0.533020,0.595763,
SetTextureCoordinates,31,0.553940,0.579379,
SetTextureCoordinates,32,0.569993,0.558028,
SetTextureCoordinates,33,0.580084,0.533164,
SetTextureCoordinates,34,0.583525,0.506482,
SetTextureCoordinates,35,0.580084,0.479799,
SetTextureCoordinates,36,0.569993,0.454935,
SetTextureCoordinates,37,0.553940,0.433584,
SetTextureCoordinates,38,0.533020,0.417201,
SetTextureCoordinates,39,0.508659,0.406902,
SetTextureCoordinates,40,0.855325,0.133958,
SetTextureCoordinates,41,0.141076,0.133958,
SetTextureCoordinates,42,0.750726,0.052041,
SetTextureCoordinates,43,0.245675,0.052041,
SetTextureCoordinates,44,0.628917,0.000546,
SetTextureCoordinates,45,0.367484,0.000546,
SetTextureCoordinates,46,0.498201,-0.017018,
SetColor,255,255,255,255,

CreateMeshBuilder,
;Jeminie 3DS Converter
AddVertex,0.018580,2.046830,9.528909,
AddVertex,0.158580,2.046830,9.528909,
AddVertex,0.119631,2.024123,9.521556,
AddVertex,0.117043,2.023799,9.521450,
AddVertex,0.114631,2.022848,9.521143,
AddVertex,0.112560,2.021337,9.520653,
AddVertex,0.110971,2.019366,9.520015,
AddVertex,0.109972,2.017072,9.519272,
AddVertex,0.109631,2.014610,9.518475,
AddVertex,0.109972,2.012147,9.517677,
AddVertex,0.114631,2.006371,9.515806,
AddVertex,0.018580,1.989749,9.510424,
AddVertex,0.117043,2.005420,9.515498,
AddVertex,0.119631,2.005096,9.515393,
AddVertex,0.122219,2.005420,9.515498,
AddVertex,0.158580,1.989749,9.510424,
AddVertex,0.018466,1.984614,9.508760,
AddVertex,0.158466,1.984614,9.508760,
AddVertex,0.124631,2.006371,9.515806,
AddVertex,0.126702,2.007882,9.516296,
AddVertex,0.128291,2.009853,9.516934,
AddVertex,0.129290,2.012147,9.517677,
AddVertex,0.129631,2.014610,9.518475,
AddVertex,0.129290,2.017072,9.519272,
AddVertex,0.128291,2.019366,9.520015,
AddVertex,0.126702,2.021337,9.520653,
AddVertex,0.124631,2.022848,9.521143,
AddVertex,0.122219,2.023799,9.521450,
AddFace,0,1,2,
AddFace,0,2,3,
AddFace,0,3,4,
AddFace,0,4,5,
AddFace,0,5,6,
AddFace,0,6,7,
AddFace,0,7,8,
AddFace,0,8,9,
AddFace,0,9,10,
AddFace,11,0,10,
AddFace,10,12,11,
AddFace,12,13,11,
AddFace,11,13,14,
AddFace,11,14,15,
AddFace,16,11,15,
AddFace,15,17,16,
AddFace,14,18,15,
AddFace,18,19,15,
AddFace,19,1,15,
AddFace,19,20,1,
AddFace,20,21,1,
AddFace,21,22,1,
AddFace,22,23,1,
AddFace,23,24,1,
AddFace,24,25,1,
AddFace,25,26,1,
AddFace,26,27,1,
AddFace,27,2,1,
GenerateNormals,
LoadTexture,ELBCOS.png,
SetTextureCoordinates,0,0.000816,0.000000,
SetTextureCoordinates,1,1.000816,0.000000,
SetTextureCoordinates,2,0.722608,0.364967,
SetTextureCoordinates,3,0.704121,0.370177,
SetTextureCoordinates,4,0.686894,0.385453,
SetTextureCoordinates,5,0.672100,0.409753,
SetTextureCoordinates,6,0.660749,0.441422,
SetTextureCoordinates,7,0.653613,0.478301,
SetTextureCoordinates,8,0.651179,0.517878,
SetTextureCoordinates,9,0.653613,0.557454,
SetTextureCoordinates,10,0.686894,0.650302,
SetTextureCoordinates,11,0.000816,0.917466,
SetTextureCoordinates,12,0.704121,0.665578,
SetTextureCoordinates,13,0.722608,0.670789,
SetTextureCoordinates,14,0.741095,0.665578,
SetTextureCoordinates,15,1.000816,0.917466,
SetTextureCoordinates,16,-0.000000,1.000000,
SetTextureCoordinates,17,1.000000,1.000000,
SetTextureCoordinates,18,0.758322,0.650302,
SetTextureCoordinates,19,0.773115,0.626002,
SetTextureCoordinates,20,0.784467,0.594333,
SetTextureCoordinates,21,0.791603,0.557454,
SetTextureCoordinates,22,0.794036,0.517878,
SetTextureCoordinates,23,0.791603,0.478301,
SetTextureCoordinates,24,0.784467,0.441422,
SetTextureCoordinates,25,0.773115,0.409753,
SetTextureCoordinates,26,0.758322,0.385453,
SetTextureCoordinates,27,0.741095,0.370177,
SetColor,255,255,255,255,

CreateMeshBuilder,
;Jeminie 3DS Converter
AddVertex,-0.268291,2.089607,9.558529,
AddVertex,-0.281232,2.087986,9.558004,
AddVertex,-0.294172,2.089607,9.558529,
AddVertex,-0.256232,2.094359,9.560068,
AddVertex,-0.306232,2.094359,9.560068,
AddVertex,-0.245876,2.101919,9.562516,
AddVertex,-0.316587,2.101919,9.562516,
AddVertex,-0.237930,2.111770,9.565706,
AddVertex,-0.324533,2.111770,9.565706,
AddVertex,-0.232935,2.123243,9.569422,
AddVertex,-0.329528,2.123243,9.569422,
AddVertex,-0.278621,2.128024,9.570971,
AddVertex,-0.231232,2.135554,9.573409,
AddVertex,-0.276069,2.128549,9.571140,
AddVertex,-0.273747,2.129683,9.571507,
AddVertex,-0.271813,2.131351,9.572048,
AddVertex,-0.270398,2.133438,9.572723,
AddVertex,-0.269600,2.135803,9.573489,
AddVertex,-0.232935,2.147866,9.577396,
AddVertex,-0.269472,2.138283,9.574293,
AddVertex,-0.270023,2.140711,9.575079,
AddVertex,-0.271216,2.142920,9.575794,
AddVertex,-0.265833,2.172014,9.585217,
AddVertex,-0.237930,2.159338,9.581111,
AddVertex,-0.245876,2.169190,9.584302,
AddVertex,-0.256232,2.176749,9.586750,
AddVertex,-0.306232,2.176749,9.586750,
AddVertex,-0.316587,2.169190,9.584302,
AddVertex,-0.324533,2.159338,9.581111,
AddVertex,-0.329528,2.147866,9.577396,
AddVertex,-0.280256,2.146988,9.577112,
AddVertex,-0.282807,2.146463,9.576941,
AddVertex,-0.285129,2.145329,9.576574,
AddVertex,-0.287064,2.143661,9.576035,
AddVertex,-0.288478,2.141573,9.575358,
AddVertex,-0.289277,2.139209,9.574593,
AddVertex,-0.289405,2.136729,9.573790,
AddVertex,-0.331232,2.135554,9.573409,
AddVertex,-0.288854,2.134301,9.573003,
AddVertex,-0.287661,2.132092,9.572288,
AddVertex,-0.285908,2.130252,9.571692,
AddVertex,-0.283714,2.128906,9.571256,
AddVertex,-0.281228,2.128146,9.571010,
AddVertex,-0.281228,2.131227,9.561497,
AddVertex,-0.283714,2.131987,9.561743,
AddVertex,-0.276069,2.131629,9.561626,
AddVertex,-0.278621,2.131105,9.561457,
AddVertex,-0.273747,2.132764,9.561995,
AddVertex,-0.285908,2.133332,9.562179,
AddVertex,-0.271813,2.134432,9.562534,
AddVertex,-0.287661,2.135173,9.562774,
AddVertex,-0.270398,2.136519,9.563210,
AddVertex,-0.288854,2.137382,9.563490,
AddVertex,-0.269600,2.138884,9.563976,
AddVertex,-0.289405,2.139809,9.564276,
AddVertex,-0.269472,2.141364,9.564779,
AddVertex,-0.289277,2.142290,9.565079,
AddVertex,-0.270023,2.143792,9.565565,
AddVertex,-0.288478,2.144654,9.565845,
AddVertex,-0.271216,2.146001,9.566281,
AddVertex,-0.287064,2.146742,9.566521,
AddVertex,-0.272969,2.147841,9.566876,
AddVertex,-0.282807,2.149544,9.567429,
AddVertex,-0.280256,2.150069,9.567598,
AddVertex,-0.277648,2.149947,9.567558,
AddVertex,-0.275163,2.149187,9.567312,
AddVertex,-0.285129,2.148410,9.567060,
AddVertex,-0.268291,2.181501,9.588288,
AddVertex,-0.294172,2.181501,9.588288,
AddVertex,-0.281232,2.183122,9.588814,
AddFace,0,1,2,
AddFace,2,3,0,
AddFace,2,4,3,
AddFace,4,5,3,
AddFace,4,6,5,
AddFace,6,7,5,
AddFace,6,8,7,
AddFace,8,9,7,
AddFace,8,10,9,
AddFace,10,11,9,
AddFace,11,12,9,
AddFace,11,13,12,
AddFace,13,14,12,
AddFace,14,15,12,
AddFace,15,16,12,
AddFace,16,17,12,
AddFace,17,18,12,
AddFace,17,19,18,
AddFace,19,20,18,
AddFace,20,21,18,
AddFace,21,22,18,
AddFace,22,23,18,
AddFace,22,24,23,
AddFace,22,25,24,
AddFace,26,25,22,
AddFace,27,26,22,
AddFace,28,27,22,
AddFace,29,28,22,
AddFace,29,22,30,
AddFace,29,30,31,
AddFace,29,31,32,
AddFace,29,32,33,
AddFace,29,33,34,
AddFace,29,34,35,
AddFace,29,35,36,
AddFace,37,29,36,
AddFace,37,36,38,
AddFace,37,38,39,
AddFace,37,39,40,
AddFace,37,40,41,
AddFace,37,41,42,
AddFace,10,37,42,
AddFace,42,11,10,
AddFace,43,44,45,
AddFace,45,46,43,
AddFace,44,47,45,
AddFace,44,48,47,
AddFace,48,49,47,
AddFace,48,50,49,
AddFace,50,51,49,
AddFace,50,52,51,
AddFace,52,53,51,
AddFace,52,54,53,
AddFace,54,55,53,
AddFace,54,56,55,
AddFace,56,57,55,
AddFace,56,58,57,
AddFace,58,59,57,
AddFace,58,60,59,
AddFace,60,61,59,
AddFace,62,63,64,
AddFace,62,64,65,
AddFace,66,62,65,
AddFace,66,65,61,
AddFace,60,66,61,
AddFace,26,67,25,
AddFace,26,68,67,
AddFace,68,69,67,
GenerateNormals,
LoadTexture,F11.png, F11.png,
SetTextureCoordinates,0,0.623063,1.006286,
SetTextureCoordinates,1,0.492346,1.023671,
SetTextureCoordinates,2,0.361629,1.006286,
SetTextureCoordinates,3,0.744871,0.955317,
SetTextureCoordinates,4,0.239821,0.955317,
SetTextureCoordinates,5,0.849471,0.874236,
SetTextureCoordinates,6,0.135221,0.874236,
SetTextureCoordinates,7,0.929733,0.768569,
SetTextureCoordinates,8,0.054959,0.768569,
SetTextureCoordinates,9,0.980187,0.645517,
SetTextureCoordinates,10,0.004505,0.645517,
SetTextureCoordinates,11,0.518715,0.594231,
SetTextureCoordinates,12,0.997397,0.513467,
SetTextureCoordinates,13,0.544489,0.588607,
SetTextureCoordinates,14,0.567945,0.576436,
SetTextureCoordinates,15,0.587483,0.558547,
SetTextureCoordinates,16,0.601772,0.536159,
SetTextureCoordinates,17,0.609838,0.510798,
SetTextureCoordinates,18,0.980187,0.381416,
SetTextureCoordinates,19,0.611131,0.484192,
SetTextureCoordinates,20,0.605564,0.458154,
SetTextureCoordinates,21,0.593516,0.434460,
SetTextureCoordinates,22,0.647886,0.122407,
SetTextureCoordinates,23,0.929733,0.258365,
SetTextureCoordinates,24,0.849471,0.152698,
SetTextureCoordinates,25,0.744871,0.071617,
SetTextureCoordinates,26,0.239821,0.071617,
SetTextureCoordinates,27,0.135221,0.152698,
SetTextureCoordinates,28,0.054959,0.258365,
SetTextureCoordinates,29,0.004505,0.381416,
SetTextureCoordinates,30,0.502204,0.390832,
SetTextureCoordinates,31,0.476429,0.396456,
SetTextureCoordinates,32,0.452974,0.408627,
SetTextureCoordinates,33,0.433436,0.426516,
SetTextureCoordinates,34,0.419147,0.448904,
SetTextureCoordinates,35,0.411081,0.474265,
SetTextureCoordinates,36,0.409787,0.500871,
SetTextureCoordinates,37,-0.012704,0.513467,
SetTextureCoordinates,38,0.415354,0.526909,
SetTextureCoordinates,39,0.427402,0.550604,
SetTextureCoordinates,40,0.445111,0.570341,
SetTextureCoordinates,41,0.467273,0.584776,
SetTextureCoordinates,42,0.492378,0.592924,
SetTextureCoordinates,43,0.492378,0.592924,
SetTextureCoordinates,44,0.467273,0.584776,
SetTextureCoordinates,45,0.544489,0.588607,
SetTextureCoordinates,46,0.518715,0.594231,
SetTextureCoordinates,47,0.567945,0.576436,
SetTextureCoordinates,48,0.445111,0.570341,
SetTextureCoordinates,49,0.587483,0.558547,
SetTextureCoordinates,50,0.427402,0.550604,
SetTextureCoordinates,51,0.601772,0.536159,
SetTextureCoordinates,52,0.415354,0.526909,
SetTextureCoordinates,53,0.609838,0.510798,
SetTextureCoordinates,54,0.409787,0.500871,
SetTextureCoordinates,55,0.611131,0.484192,
SetTextureCoordinates,56,0.411081,0.474265,
SetTextureCoordinates,57,0.605564,0.458154,
SetTextureCoordinates,58,0.419147,0.448904,
SetTextureCoordinates,59,0.593516,0.434460,
SetTextureCoordinates,60,0.433436,0.426516,
SetTextureCoordinates,61,0.575808,0.414722,
SetTextureCoordinates,62,0.476429,0.396456,
SetTextureCoordinates,63,0.502204,0.390832,
SetTextureCoordinates,64,0.528541,0.392139,
SetTextureCoordinates,65,0.553646,0.400288,
SetTextureCoordinates,66,0.452974,0.408627,
SetTextureCoordinates,67,0.623063,0.020648,
SetTextureCoordinates,68,0.361629,0.020648,
SetTextureCoordinates,69,0.492346,0.003263,
SetColor,255,255,255,255,

CreateMeshBuilder,
;Jeminie 3DS Converter
AddVertex,0.552281,1.160614,9.225412,
AddVertex,0.547719,1.160614,9.681545,
AddVertex,0.547719,1.160614,9.225412,
AddVertex,0.547719,1.160614,9.681545,
AddVertex,0.552281,1.160614,9.681545,
AddVertex,0.550250,1.210614,9.225412,
AddVertex,0.549750,1.160614,9.225412,
AddVertex,0.549750,1.210614,9.225412,
AddVertex,0.549750,1.160614,9.225412,
AddVertex,0.550250,1.160614,9.225412,
AddVertex,-1.050750,1.160614,9.375413,
AddVertex,-1.049250,1.160614,9.225412,
AddVertex,-1.049250,1.160614,9.375413,
AddVertex,-1.049250,1.160614,9.225412,
AddVertex,-1.050750,1.160614,9.225412,
AddVertex,-1.350000,1.160614,9.373913,
AddVertex,-1.050000,1.160614,9.376912,
AddVertex,-1.350000,1.160614,9.376912,
AddVertex,-1.050000,1.160614,9.376912,
AddVertex,-1.050000,1.160614,9.373913,
AddVertex,-1.049750,1.210614,9.375413,
AddVertex,-1.050250,1.160614,9.375413,
AddVertex,-1.050250,1.210614,9.375413,
AddVertex,-1.050250,1.160614,9.375413,
AddVertex,-1.049750,1.160614,9.375413,
AddVertex,-1.050000,1.160614,9.225113,
AddVertex,-0.990000,1.160614,9.225713,
AddVertex,-1.050000,1.160614,9.225713,
AddVertex,-0.990000,1.160614,9.225713,
AddVertex,-0.990000,1.160614,9.225113,
AddVertex,-1.049750,1.210614,9.225412,
AddVertex,-1.050250,1.160614,9.225412,
AddVertex,-1.050250,1.210614,9.225412,
AddVertex,-1.050250,1.160614,9.225412,
AddVertex,-1.049750,1.160614,9.225412,
AddVertex,-1.333167,1.974778,9.511077,
AddVertex,-1.328820,1.974778,9.535055,
AddVertex,-1.333406,1.974778,9.511123,
AddVertex,-1.328820,1.974778,9.535055,
AddVertex,-1.328580,1.974778,9.535009,
AddVertex,-1.333715,1.974778,9.511184,
AddVertex,-1.349572,1.974778,9.425329,
AddVertex,-1.332858,1.974778,9.511016,
AddVertex,-1.349572,1.974778,9.425329,
AddVertex,-1.350428,1.974778,9.425496,
AddVertex,-0.935630,2.272202,9.641596,
AddVertex,-0.935204,2.314778,9.641596,
AddVertex,-0.935204,2.272202,9.641596,
AddVertex,-0.935204,2.314778,9.641596,
AddVertex,-0.935630,2.314778,9.641596,
AddVertex,-1.167938,2.268884,9.611403,
AddVertex,-1.167479,2.314778,9.611403,
AddVertex,-1.167479,2.268884,9.611403,
AddVertex,-1.167479,2.314778,9.611403,
AddVertex,-1.167938,2.314778,9.611403,
AddVertex,-1.255300,2.265970,9.584888,
AddVertex,-1.254812,2.314778,9.584888,
AddVertex,-1.254812,2.265970,9.584888,
AddVertex,-1.254812,2.314778,9.584888,
AddVertex,-1.255300,2.314778,9.584888,
AddVertex,0.658300,1.974778,9.671545,
AddVertex,0.661700,2.314778,9.671545,
AddVertex,0.661700,1.974778,9.671545,
AddVertex,0.661700,2.314778,9.671545,
AddVertex,0.658300,2.314778,9.671545,
AddVertex,-1.350004,1.974778,9.425386,
AddVertex,-1.350000,1.974866,9.425412,
AddVertex,-1.350005,1.974778,9.425387,
AddVertex,-1.350000,1.974866,9.425412,
AddVertex,-1.349999,1.974866,9.425412,
AddVertex,0.366190,1.974778,9.511302,
AddVertex,0.272051,1.974778,9.510361,
AddVertex,0.366190,1.974778,9.510361,
AddVertex,0.272051,1.974778,9.510361,
AddVertex,0.272051,1.974778,9.511302,
AddVertex,-0.952420,2.271606,9.606957,
AddVertex,-0.952744,2.271606,9.639442,
AddVertex,-0.952744,2.271606,9.606957,
AddVertex,-0.952744,2.271606,9.639442,
AddVertex,-0.952420,2.271606,9.639442,
AddVertex,-0.952632,2.271606,9.606957,
AddVertex,-0.952532,2.281606,9.606957,
AddVertex,-0.952532,2.271606,9.606957,
AddVertex,-0.952532,2.281606,9.606957,
AddVertex,-0.952632,2.281606,9.606957,
AddVertex,0.271544,1.974778,9.692966,
AddVertex,0.272559,2.074655,9.674956,
AddVertex,0.272559,1.974778,9.692966,
AddVertex,0.272559,2.074655,9.674956,
AddVertex,0.271544,2.074655,9.674956,
AddVertex,0.272001,2.271606,9.606957,
AddVertex,0.272101,2.281606,9.606957,
AddVertex,0.272101,2.271606,9.606957,
AddVertex,0.272101,2.281606,9.606957,
AddVertex,0.272001,2.281606,9.606957,
AddVertex,0.272005,2.271606,9.606957,
AddVertex,0.272098,2.271606,9.597730,
AddVertex,0.272098,2.271606,9.606957,
AddVertex,0.272098,2.271606,9.597730,
AddVertex,0.272005,2.271606,9.597730,
AddVertex,0.191352,2.271606,9.606554,
AddVertex,0.272051,2.271606,9.607361,
AddVertex,0.191352,2.271606,9.607361,
AddVertex,0.272051,2.271606,9.607361,
AddVertex,0.272051,2.271606,9.606554,
AddVertex,0.272001,2.271606,9.597730,
AddVertex,0.272101,2.281606,9.597730,
AddVertex,0.272101,2.271606,9.597730,
AddVertex,0.272101,2.281606,9.597730,
AddVertex,0.272001,2.281606,9.597730,
AddVertex,0.594000,2.281606,9.487943,
AddVertex,0.660026,2.281606,9.483351,
AddVertex,0.594052,2.281606,9.488603,
AddVertex,0.660026,2.281606,9.483351,
AddVertex,0.659974,2.281606,9.482691,
AddVertex,0.268721,2.271606,9.599099,
AddVertex,0.268821,2.281606,9.599099,
AddVertex,0.268821,2.271606,9.599099,
AddVertex,0.268821,2.281606,9.599099,
AddVertex,0.268721,2.281606,9.599099,
AddVertex,-1.339755,2.271606,9.434467,
AddVertex,-1.339563,2.271606,9.434778,
AddVertex,-1.339758,2.271606,9.434469,
AddVertex,-1.339563,2.271606,9.434778,
AddVertex,-1.339560,2.271606,9.434776,
AddVertex,0.581589,1.974824,9.651669,
AddVertex,0.592795,2.230036,9.533384,
AddVertex,0.584402,1.974731,9.651669,
AddVertex,0.592795,2.230036,9.533384,
AddVertex,0.589981,2.230128,9.533384,
AddVertex,0.340292,2.282191,9.630711,
AddVertex,0.388226,2.281606,9.609103,
AddVertex,0.340513,2.282191,9.631187,
AddVertex,0.388226,2.281606,9.609103,
AddVertex,0.388005,2.281606,9.608626,
AddVertex,0.413746,2.281606,9.597348,
AddVertex,0.412246,2.131606,9.597348,
AddVertex,0.412246,2.281606,9.597348,
AddVertex,0.412246,2.131606,9.597348,
AddVertex,0.413746,2.131606,9.597348,
AddVertex,0.282220,2.267955,9.601463,
AddVertex,0.282024,2.258920,9.598206,
AddVertex,0.282124,2.267956,9.601463,
AddVertex,0.282024,2.258920,9.598206,
AddVertex,0.282120,2.258919,9.598206,
AddVertex,-1.331816,2.271606,9.448618,
AddVertex,-1.331500,2.271606,9.449160,
AddVertex,-1.331821,2.271606,9.448621,
AddVertex,-1.331500,2.271606,9.449160,
AddVertex,-1.331494,2.271606,9.449156,
AddVertex,0.550530,2.271606,9.449157,
AddVertex,0.550402,2.265563,9.446979,
AddVertex,0.550465,2.271606,9.449157,
AddVertex,0.550402,2.265563,9.446979,
AddVertex,0.550466,2.265563,9.446979,
AddVertex,-1.339836,2.271606,9.434660,
AddVertex,-1.340265,2.271606,9.434466,
AddVertex,-1.339834,2.271606,9.434655,
AddVertex,-1.340265,2.271606,9.434466,
AddVertex,-1.340267,2.271606,9.434470,
AddVertex,-1.340316,2.271606,9.434468,
AddVertex,-1.340216,2.281606,9.434468,
AddVertex,-1.340216,2.271606,9.434468,
AddVertex,-1.340216,2.281606,9.434468,
AddVertex,-1.340316,2.281606,9.434468,
AddVertex,-1.340263,2.271606,9.434467,
AddVertex,-1.339968,2.271606,9.434972,
AddVertex,-1.340268,2.271606,9.434470,
AddVertex,-1.339968,2.271606,9.434972,
AddVertex,-1.339963,2.271606,9.434969,
AddVertex,0.558877,2.233464,9.488003,
AddVertex,0.558717,2.229481,9.488523,
AddVertex,0.558837,2.233466,9.488003,
AddVertex,0.558717,2.229481,9.488523,
AddVertex,0.558758,2.229480,9.488523,
AddVertex,-0.968743,2.271606,9.597730,
AddVertex,-0.968643,2.281606,9.597730,
AddVertex,-0.968643,2.271606,9.597730,
AddVertex,-0.968643,2.281606,9.597730,
AddVertex,-0.968743,2.281606,9.597730,
AddVertex,0.499046,2.281547,9.488273,
AddVertex,0.485089,1.974837,9.651669,
AddVertex,0.495570,2.281665,9.488273,
AddVertex,0.485089,1.974837,9.651669,
AddVertex,0.488564,1.974718,9.651669,
AddVertex,0.490901,1.974685,9.651669,
AddVertex,0.464259,1.160707,9.687891,
AddVertex,0.482752,1.974870,9.651669,
AddVertex,0.464259,1.160707,9.687891,
AddVertex,0.472409,1.160522,9.687891,
AddVertex,0.451010,1.210985,9.479418,
AddVertex,0.467324,1.160244,9.687891,
AddVertex,0.448990,1.210244,9.479418,
AddVertex,0.467324,1.160244,9.687891,
AddVertex,0.469344,1.160985,9.687891,
AddVertex,0.545891,1.974793,9.346344,
AddVertex,0.551824,2.256140,9.443588,
AddVertex,0.548868,1.974762,9.346344,
AddVertex,0.551824,2.256140,9.443588,
AddVertex,0.548847,2.256171,9.443588,
AddVertex,-0.505889,2.154302,9.568970,
AddVertex,-0.505873,2.154787,9.567472,
AddVertex,-0.505873,2.154302,9.568970,
AddVertex,-0.505873,2.154787,9.567472,
AddVertex,-0.505889,2.154787,9.567472,
AddVertex,-0.505889,2.258430,9.602691,
AddVertex,-0.505873,2.258914,9.601194,
AddVertex,-0.505873,2.258430,9.602691,
AddVertex,-0.505873,2.258914,9.601194,
AddVertex,-0.505889,2.258914,9.601194,
AddVertex,-0.310539,2.258430,9.602691,
AddVertex,-0.310523,2.258914,9.601194,
AddVertex,-0.310523,2.258430,9.602691,
AddVertex,-0.310523,2.258914,9.601194,
AddVertex,-0.310539,2.258914,9.601194,
AddVertex,-0.310539,2.154302,9.568970,
AddVertex,-0.310523,2.154787,9.567472,
AddVertex,-0.310523,2.154302,9.568970,
AddVertex,-0.310523,2.154787,9.567472,
AddVertex,-0.310539,2.154787,9.567472,
AddVertex,-0.897914,1.611704,9.093626,
AddVertex,-0.899182,1.611287,9.095414,
AddVertex,-0.897932,1.611704,9.093614,
AddVertex,-0.899182,1.611287,9.095414,
AddVertex,-0.899164,1.611287,9.095428,
AddVertex,-0.104982,1.574709,8.096943,
AddVertex,-0.104282,1.644709,8.096943,
AddVertex,-0.104282,1.574709,8.096943,
AddVertex,-0.104282,1.644709,8.096943,
AddVertex,-0.104982,1.644709,8.096943,
AddVertex,-0.104282,1.644709,8.175003,
AddVertex,-0.104982,1.574709,8.175003,
AddVertex,-0.104982,1.644709,8.175003,
AddVertex,-0.104982,1.574709,8.175003,
AddVertex,-0.104282,1.574709,8.175003,
AddVertex,0.000000,0.000000,-0.000127,
AddVertex,0.025400,0.000000,0.000127,
AddVertex,0.000000,0.000000,0.000127,
AddVertex,0.025400,0.000000,0.000127,
AddVertex,0.025400,0.000000,-0.000127,
AddVertex,0.025273,0.000000,0.025527,
AddVertex,0.000127,0.000000,-0.000127,
AddVertex,0.025527,0.000000,0.025273,
AddVertex,0.000127,0.000000,-0.000127,
AddVertex,-0.000127,0.000000,0.000127,
AddVertex,0.025527,0.000000,-0.000000,
AddVertex,0.025273,0.000000,0.025400,
AddVertex,0.025273,0.000000,-0.000000,
AddVertex,0.025273,0.000000,0.025400,
AddVertex,0.025527,0.000000,0.025400,
AddVertex,-1.033938,2.271606,9.569084,
AddVertex,-1.033838,2.281606,9.569084,
AddVertex,-1.033838,2.271606,9.569084,
AddVertex,-1.033838,2.281606,9.569084,
AddVertex,-1.033938,2.281606,9.569084,
AddVertex,-0.590306,2.912968,9.493238,
AddVertex,-0.590234,2.920188,9.493238,
AddVertex,-0.590234,2.912968,9.493238,
AddVertex,-0.590234,2.920188,9.493238,
AddVertex,-0.590306,2.920188,9.493238,
AddVertex,-0.174851,2.015331,9.518708,
AddVertex,-0.174645,2.015331,9.498157,
AddVertex,-0.174645,2.015331,9.518708,
AddVertex,-0.174645,2.015331,9.498157,
AddVertex,-0.174851,2.015331,9.498157,
AddVertex,-0.174795,2.015331,9.498179,
AddVertex,-0.179234,2.015331,9.488686,
AddVertex,-0.174701,2.015331,9.498134,
AddVertex,-0.179234,2.015331,9.488686,
AddVertex,-0.179328,2.015331,9.488730,
AddVertex,-0.179281,2.015331,9.488845,
AddVertex,-0.206621,2.015331,9.488571,
AddVertex,-0.179281,2.015331,9.488571,
AddVertex,-0.206621,2.015331,9.488571,
AddVertex,-0.206621,2.015331,9.488845,
AddVertex,-0.206638,2.015300,9.488708,
AddVertex,-0.212855,2.018835,9.489833,
AddVertex,-0.206603,2.015363,9.488708,
AddVertex,-0.212855,2.018835,9.489833,
AddVertex,-0.212890,2.018772,9.489833,
AddVertex,-0.213605,2.018804,9.489833,
AddVertex,-0.212141,2.158035,9.534923,
AddVertex,-0.212141,2.018804,9.489833,
AddVertex,-0.212141,2.158035,9.534923,
AddVertex,-0.213605,2.158035,9.534923,
AddVertex,-0.206073,2.158118,9.534665,
AddVertex,-0.205673,2.196172,9.546988,
AddVertex,-0.205673,2.158118,9.534665,
AddVertex,-0.205673,2.196172,9.546988,
AddVertex,-0.206073,2.196172,9.546988,
AddVertex,-0.206432,2.158697,9.532876,
AddVertex,-0.206032,2.196751,9.545200,
AddVertex,-0.206032,2.158697,9.532876,
AddVertex,-0.206032,2.196751,9.545200,
AddVertex,-0.206432,2.196751,9.545200,
AddVertex,-0.207243,2.159231,9.531227,
AddVertex,-0.206843,2.197285,9.543550,
AddVertex,-0.206843,2.159231,9.531227,
AddVertex,-0.206843,2.197285,9.543550,
AddVertex,-0.207243,2.197285,9.543550,
AddVertex,-0.208452,2.159684,9.529830,
AddVertex,-0.208052,2.197738,9.542153,
AddVertex,-0.208052,2.159684,9.529830,
AddVertex,-0.208052,2.197738,9.542153,
AddVertex,-0.208452,2.197738,9.542153,
AddVertex,-0.209976,2.160024,9.528780,
AddVertex,-0.209576,2.198078,9.541103,
AddVertex,-0.209576,2.160024,9.528780,
AddVertex,-0.209576,2.198078,9.541103,
AddVertex,-0.209976,2.198078,9.541103,
AddVertex,-0.211710,2.160228,9.528148,
AddVertex,-0.211310,2.198282,9.540472,
AddVertex,-0.211310,2.160228,9.528148,
AddVertex,-0.211310,2.198282,9.540472,
AddVertex,-0.211710,2.198282,9.540472,
AddVertex,-0.213538,2.160283,9.527978,
AddVertex,-0.213138,2.198338,9.540302,
AddVertex,-0.213138,2.160283,9.527978,
AddVertex,-0.213138,2.198338,9.540302,
AddVertex,-0.213538,2.198338,9.540302,
AddVertex,-0.215333,2.160185,9.528281,
AddVertex,-0.214933,2.198239,9.540606,
AddVertex,-0.214933,2.160185,9.528281,
AddVertex,-0.214933,2.198239,9.540606,
AddVertex,-0.215333,2.198239,9.540606,
AddVertex,-0.216975,2.159940,9.529037,
AddVertex,-0.216575,2.197995,9.541361,
AddVertex,-0.216575,2.159940,9.529037,
AddVertex,-0.216575,2.197995,9.541361,
AddVertex,-0.216975,2.197995,9.541361,
AddVertex,-0.218351,2.159566,9.530194,
AddVertex,-0.217951,2.197620,9.542518,
AddVertex,-0.217951,2.159566,9.530194,
AddVertex,-0.217951,2.197620,9.542518,
AddVertex,-0.218351,2.197620,9.542518,
AddVertex,-0.219367,2.159087,9.531673,
AddVertex,-0.218967,2.197141,9.543997,
AddVertex,-0.218967,2.159087,9.531673,
AddVertex,-0.218967,2.197141,9.543997,
AddVertex,-0.219367,2.197141,9.543997,
AddVertex,-0.219954,2.158536,9.533374,
AddVertex,-0.219554,2.196590,9.545697,
AddVertex,-0.219554,2.158536,9.533374,
AddVertex,-0.219554,2.196590,9.545697,
AddVertex,-0.219954,2.196590,9.545697,
AddVertex,-0.212608,2.155786,9.541866,
AddVertex,-0.212208,2.193840,9.554190,
AddVertex,-0.212208,2.155786,9.541866,
AddVertex,-0.212208,2.193840,9.554190,
AddVertex,-0.212608,2.193840,9.554190,
AddVertex,-0.210812,2.155884,9.541563,
AddVertex,-0.210412,2.193938,9.553886,
AddVertex,-0.210412,2.155884,9.541563,
AddVertex,-0.210412,2.193938,9.553886,
AddVertex,-0.210812,2.193938,9.553886,
AddFace,0,1,2,
AddFace,3,0,4,
AddFace,5,6,7,
AddFace,8,5,9,
AddFace,10,11,12,
AddFace,13,10,14,
AddFace,15,16,17,
AddFace,18,15,19,
AddFace,20,21,22,
AddFace,23,20,24,
AddFace,25,26,27,
AddFace,28,25,29,
AddFace,30,31,32,
AddFace,33,30,34,
AddFace,35,36,37,
AddFace,38,35,39,
AddFace,40,41,42,
AddFace,43,40,44,
AddFace,45,46,47,
AddFace,48,45,49,
AddFace,50,51,52,
AddFace,53,50,54,
AddFace,55,56,57,
AddFace,58,55,59,
AddFace,60,61,62,
AddFace,63,60,64,
AddFace,65,66,67,
AddFace,68,65,69,
AddFace,70,71,72,
AddFace,73,70,74,
AddFace,75,76,77,
AddFace,78,75,79,
AddFace,80,81,82,
AddFace,83,80,84,
AddFace,85,86,87,
AddFace,88,85,89,
AddFace,90,91,92,
AddFace,93,90,94,
AddFace,95,96,97,
AddFace,98,95,99,
AddFace,100,101,102,
AddFace,103,100,104,
AddFace,105,106,107,
AddFace,108,105,109,
AddFace,110,111,112,
AddFace,113,110,114,
AddFace,115,116,117,
AddFace,118,115,119,
AddFace,120,121,122,
AddFace,123,120,124,
AddFace,125,126,127,
AddFace,128,125,129,
AddFace,130,131,132,
AddFace,133,130,134,
AddFace,135,136,137,
AddFace,138,135,139,
AddFace,140,141,142,
AddFace,143,140,144,
AddFace,145,146,147,
AddFace,148,145,149,
AddFace,150,151,152,
AddFace,153,150,154,
AddFace,155,156,157,
AddFace,158,155,159,
AddFace,160,161,162,
AddFace,163,160,164,
AddFace,165,166,167,
AddFace,168,165,169,
AddFace,170,171,172,
AddFace,173,170,174,
AddFace,175,176,177,
AddFace,178,175,179,
AddFace,180,181,182,
AddFace,183,180,184,
AddFace,185,186,187,
AddFace,188,185,189,
AddFace,190,191,192,
AddFace,193,190,194,
AddFace,195,196,197,
AddFace,198,195,199,
AddFace,200,201,202,
AddFace,203,200,204,
AddFace,205,206,207,
AddFace,208,205,209,
AddFace,210,211,212,
AddFace,213,210,214,
AddFace,215,216,217,
AddFace,218,215,219,
AddFace,220,221,222,
AddFace,223,220,224,
AddFace,225,226,227,
AddFace,228,225,229,
AddFace,230,231,232,
AddFace,233,230,234,
AddFace,235,236,237,
AddFace,238,235,239,
AddFace,240,241,242,
AddFace,243,240,244,
AddFace,245,246,247,
AddFace,248,245,249,
AddFace,250,251,252,
AddFace,253,250,254,
AddFace,255,256,257,
AddFace,258,255,259,
AddFace,260,261,262,
AddFace,263,260,264,
AddFace,265,266,267,
AddFace,268,265,269,
AddFace,270,271,272,
AddFace,273,270,274,
AddFace,275,276,277,
AddFace,278,275,279,
AddFace,280,281,282,
AddFace,283,280,284,
AddFace,285,286,287,
AddFace,288,285,289,
AddFace,290,291,292,
AddFace,293,290,294,
AddFace,295,296,297,
AddFace,298,295,299,
AddFace,300,301,302,
AddFace,303,300,304,
AddFace,305,306,307,
AddFace,308,305,309,
AddFace,310,311,312,
AddFace,313,310,314,
AddFace,315,316,317,
AddFace,318,315,319,
AddFace,320,321,322,
AddFace,323,320,324,
AddFace,325,326,327,
AddFace,328,325,329,
AddFace,330,331,332,
AddFace,333,330,334,
AddFace,335,336,337,
AddFace,338,335,339,
AddFace,340,341,342,
AddFace,343,340,344,
AddFace,345,346,347,
AddFace,348,345,349,
AddFace,350,351,352,
AddFace,353,350,354,
GenerateNormals,
SetColor,0,0,0,255,

CreateMeshBuilder,
;Jeminie 3DS Converter
AddVertex,-0.651202,2.920188,9.494853,
AddVertex,-0.651202,2.920188,9.491624,
AddVertex,-0.651588,2.920188,9.491920,
AddVertex,-0.651588,2.920188,9.494556,
AddVertex,-0.651885,2.920188,9.492306,
AddVertex,-0.651885,2.920188,9.494170,
AddVertex,-0.652071,2.920188,9.492756,
AddVertex,-0.652071,2.920188,9.493721,
AddVertex,-0.652134,2.920188,9.493238,
AddVertex,-0.650753,2.920188,9.495039,
AddVertex,-0.650753,2.920188,9.491437,
AddVertex,-0.650270,2.920188,9.495103,
AddVertex,-0.650270,2.920188,9.491374,
AddVertex,-0.648469,2.920188,9.493721,
AddVertex,-0.648406,2.920188,9.493238,
AddVertex,-0.648469,2.920188,9.492756,
AddVertex,-0.648656,2.920188,9.492306,
AddVertex,-0.648656,2.920188,9.494170,
AddVertex,-0.648952,2.920188,9.491920,
AddVertex,-0.648952,2.920188,9.494556,
AddVertex,-0.649338,2.920188,9.491624,
AddVertex,-0.649338,2.920188,9.494853,
AddVertex,-0.649788,2.920188,9.491437,
AddVertex,-0.649788,2.920188,9.495039,
AddVertex,0.279247,2.920188,9.491437,
AddVertex,0.279247,2.920188,9.495039,
AddVertex,0.279730,2.920188,9.491374,
AddVertex,0.279730,2.920188,9.495103,
AddVertex,0.280212,2.920188,9.491437,
AddVertex,0.280212,2.920188,9.495039,
AddVertex,0.280662,2.920188,9.491624,
AddVertex,0.280662,2.920188,9.494853,
AddVertex,0.281048,2.920188,9.491920,
AddVertex,0.281048,2.920188,9.494556,
AddVertex,0.281344,2.920188,9.492306,
AddVertex,0.281344,2.920188,9.494170,
AddVertex,0.281531,2.920188,9.492756,
AddVertex,0.281531,2.920188,9.493721,
AddVertex,0.281594,2.920188,9.493238,
AddVertex,0.278798,2.920188,9.494853,
AddVertex,0.278798,2.920188,9.491624,
AddVertex,0.278412,2.920188,9.491920,
AddVertex,0.278412,2.920188,9.494556,
AddVertex,0.278115,2.920188,9.492306,
AddVertex,0.278115,2.920188,9.494170,
AddVertex,0.277929,2.920188,9.493721,
AddVertex,0.277929,2.920188,9.492756,
AddVertex,0.277866,2.920188,9.493238,
AddVertex,0.571487,2.828728,9.546762,
AddVertex,0.585105,2.828344,9.545763,
AddVertex,0.585105,2.274778,9.668909,
AddVertex,0.579302,2.230291,9.679268,
AddVertex,0.585105,2.230241,9.678817,
AddVertex,0.579302,2.190327,9.679268,
AddVertex,0.579302,2.230291,9.679268,
AddVertex,0.585105,2.230241,9.678817,
AddVertex,0.585105,2.190327,9.678817,
AddVertex,-1.400000,1.160614,7.896943,
AddVertex,-1.400000,3.382399,7.896943,
AddVertex,-1.350000,1.210614,7.896943,
AddVertex,1.350000,1.210614,7.896943,
AddVertex,-1.350000,1.160614,7.896943,
AddVertex,1.350000,1.160614,7.896943,
AddVertex,1.400000,1.368626,7.896943,
AddVertex,1.400000,1.160614,7.896943,
AddVertex,1.350000,1.160614,9.425412,
AddVertex,1.328224,1.160614,9.540306,
AddVertex,1.328224,1.210614,9.540306,
AddVertex,1.350000,1.210614,9.425412,
AddVertex,1.328224,2.215021,9.540306,
AddVertex,1.350000,2.196901,9.425412,
AddVertex,1.350000,1.368626,7.896943,
AddVertex,1.350000,3.382399,7.896943,
AddVertex,1.400000,3.382399,7.896943,
AddVertex,-1.350000,1.210614,8.096943,
AddVertex,-1.350000,1.210614,9.333165,
AddVertex,-1.344944,1.210614,9.333165,
AddVertex,0.587174,1.210614,8.096943,
AddVertex,-1.100458,1.210614,9.375413,
AddVertex,-1.033888,1.210614,9.386916,
AddVertex,-0.685503,1.210614,9.325413,
AddVertex,-0.426956,1.210614,9.325413,
AddVertex,-0.426956,1.210614,9.560831,
AddVertex,0.173017,1.210614,9.510831,
AddVertex,0.430448,1.210614,9.479418,
AddVertex,0.450000,1.210614,9.479418,
AddVertex,0.550000,1.210614,9.479418,
AddVertex,0.560000,1.210614,9.479418,
AddVertex,0.569610,1.210614,9.479418,
AddVertex,0.680756,1.210614,9.470781,
AddVertex,1.350000,1.210614,7.896943,
AddVertex,0.587174,1.210614,7.896943,
AddVertex,0.587174,1.210614,7.896943,
AddVertex,0.587174,3.705056,7.896943,
AddVertex,-1.350000,3.382399,7.896943,
AddVertex,-1.328528,3.471121,7.896943,
AddVertex,-1.278224,3.547293,7.896943,
AddVertex,-1.205056,3.601875,7.896943,
AddVertex,-1.117708,3.628390,7.896943,
AddVertex,-1.030022,3.639107,7.896943,
AddVertex,-1.001563,3.642585,7.896943,
AddVertex,-0.885417,3.656780,7.896943,
AddVertex,-0.798382,3.672245,7.896943,
AddVertex,-0.609125,3.698236,7.896943,
AddVertex,-0.514497,3.711232,7.896943,
AddVertex,0.575744,3.706712,7.896943,
AddVertex,0.625744,3.706712,7.896943,
AddVertex,0.730980,3.684221,7.896943,
AddVertex,0.780980,3.684221,7.896943,
AddVertex,0.866271,3.663403,7.896943,
AddVertex,0.916271,3.663403,7.896943,
AddVertex,1.001563,3.642585,7.896943,
AddVertex,1.051563,3.642585,7.896943,
AddVertex,1.093254,3.631379,7.896943,
AddVertex,1.143254,3.631379,7.896943,
AddVertex,1.117708,3.628390,7.896943,
AddVertex,1.167709,3.628390,7.896943,
AddVertex,1.205056,3.601875,7.896943,
AddVertex,1.255056,3.601875,7.896943,
AddVertex,1.278224,3.547293,7.896943,
AddVertex,1.328224,3.547293,7.896943,
AddVertex,1.330000,3.471121,7.896943,
AddVertex,1.378528,3.471121,7.896943,
AddVertex,1.350000,3.382399,7.896943,
AddVertex,1.400000,3.382399,7.896943,
AddVertex,1.400000,3.382399,8.578495,
AddVertex,1.350000,3.382399,8.578495,
AddVertex,1.350000,3.382399,7.896943,
AddVertex,1.350000,3.382399,8.578495,
AddVertex,1.330000,3.471121,8.594056,
AddVertex,1.330000,3.471121,7.896943,
AddVertex,-1.328224,2.778053,9.415054,
AddVertex,-1.350000,3.221014,9.024406,
AddVertex,-1.328528,3.293285,9.085424,
AddVertex,-1.328224,2.778053,9.415054,
AddVertex,-1.328528,3.293285,9.085424,
AddVertex,-1.328224,3.293285,9.122983,
AddVertex,-1.328224,1.974778,9.540306,
AddVertex,-1.328224,1.926822,9.540306,
AddVertex,-1.328224,1.160614,9.540306,
AddVertex,-1.350000,1.974778,9.425412,
AddVertex,-1.350000,1.160614,9.425412,
AddVertex,-1.350005,1.974778,9.425387,
AddVertex,-1.350000,1.974778,9.425412,
AddVertex,-1.350000,1.160614,9.425412,
AddVertex,-1.350000,1.210614,9.375413,
AddVertex,-1.350000,1.160614,9.375413,
AddVertex,1.324422,3.298052,9.119127,
AddVertex,1.328224,3.293285,9.122983,
AddVertex,1.278224,3.358576,9.128847,
AddVertex,1.310108,3.316005,9.104607,
AddVertex,1.324422,3.298052,9.119127,
AddVertex,1.310108,3.316005,9.104607,
AddVertex,1.316131,3.308575,9.098333,
AddVertex,1.328224,3.293285,9.122983,
AddVertex,1.324422,3.298052,9.119127,
AddVertex,1.328224,3.293285,9.122983,
AddVertex,1.328224,3.301984,9.118052,
AddVertex,1.310108,3.316005,9.104607,
AddVertex,1.328224,3.319383,9.108189,
AddVertex,1.328224,3.320825,9.107371,
AddVertex,1.350000,2.196901,9.425412,
AddVertex,1.328224,2.215021,9.540306,
AddVertex,1.328224,2.778053,9.415054,
AddVertex,1.350000,2.718182,9.309449,
AddVertex,1.328224,2.778053,9.415054,
AddVertex,1.350000,3.221014,9.024406,
AddVertex,1.350000,2.718182,9.309449,
AddVertex,1.328224,2.778053,9.415054,
AddVertex,1.328528,3.293285,9.085424,
AddVertex,1.350000,3.221014,9.024406,
AddVertex,1.350000,2.254055,8.960831,
AddVertex,1.350000,2.509455,8.960831,
AddVertex,1.400000,2.509455,8.960831,
AddVertex,1.400000,2.254055,8.960831,
AddVertex,1.350000,2.254055,8.960831,
AddVertex,1.400000,2.254055,8.960831,
AddVertex,1.400000,2.254055,8.686105,
AddVertex,1.350000,2.254055,8.686105,
AddVertex,1.350000,2.854055,8.686105,
AddVertex,1.350000,2.254055,8.686105,
AddVertex,1.400000,2.254055,8.686105,
AddVertex,1.400000,2.854055,8.686105,
AddVertex,1.350000,2.854055,8.686105,
AddVertex,1.400000,2.854055,8.686105,
AddVertex,1.400000,2.854055,8.826105,
AddVertex,1.350000,2.854055,8.826105,
AddVertex,1.350000,2.509455,8.960831,
AddVertex,1.350000,2.854055,8.826105,
AddVertex,1.400000,2.854055,8.826105,
AddVertex,1.400000,2.509455,8.960831,
AddVertex,-1.378528,1.160614,9.514134,
AddVertex,-1.328224,1.160614,9.590306,
AddVertex,-1.328224,2.215021,9.590306,
AddVertex,-1.378528,2.206650,9.514134,
AddVertex,-1.400000,1.160614,9.425412,
AddVertex,-1.378528,1.160614,9.514134,
AddVertex,-1.378528,2.206650,9.514134,
AddVertex,-1.400000,2.196901,9.425412,
AddVertex,-1.400000,2.254055,8.960831,
AddVertex,-1.400000,2.509455,8.960831,
AddVertex,-1.350000,2.509455,8.960831,
AddVertex,-1.350000,2.254055,8.960831,
AddVertex,-1.400000,2.254055,8.960831,
AddVertex,-1.350000,2.254055,8.960831,
AddVertex,-1.350000,2.254055,8.686105,
AddVertex,-1.400000,2.254055,8.686105,
AddVertex,-1.350000,2.854055,8.686105,
AddVertex,-1.400000,2.854055,8.686105,
AddVertex,-1.400000,2.554055,8.686105,
AddVertex,-1.350000,2.254055,8.686105,
AddVertex,-1.400000,2.254055,8.686105,
AddVertex,-1.400000,2.854055,8.686105,
AddVertex,-1.350000,2.854055,8.686105,
AddVertex,-1.350000,2.854055,8.826105,
AddVertex,-1.400000,2.854055,8.826105,
AddVertex,-1.400000,2.509455,8.960831,
AddVertex,-1.400000,2.854055,8.826105,
AddVertex,-1.350000,2.854055,8.826105,
AddVertex,-1.350000,2.509455,8.960831,
AddVertex,-1.350000,1.210614,9.333165,
AddVertex,-1.350000,1.974778,9.333165,
AddVertex,-1.350001,1.974778,9.336844,
AddVertex,-1.350000,1.974778,9.425412,
AddVertex,-1.349999,1.974866,9.425412,
AddVertex,-1.350000,2.196901,9.425412,
AddVertex,-1.328224,1.974778,9.540306,
AddVertex,-1.338534,1.974778,9.341122,
AddVertex,-1.339889,1.974778,9.340919,
AddVertex,-1.339756,1.974778,9.341122,
AddVertex,-1.340444,1.974778,9.340835,
AddVertex,-0.954019,1.974778,9.510831,
AddVertex,-1.033888,1.974778,9.475738,
AddVertex,-1.033888,1.974778,9.386916,
AddVertex,-0.715503,1.974778,9.464622,
AddVertex,-0.933287,1.974778,9.510831,
AddVertex,-0.416956,1.984778,9.510831,
AddVertex,-0.416956,1.974778,9.510831,
AddVertex,-0.715503,1.974778,9.510831,
AddVertex,-0.715503,1.984778,9.510831,
AddVertex,0.173017,1.210614,9.560831,
AddVertex,0.550000,1.210614,9.479418,
AddVertex,0.560000,1.210614,9.479418,
AddVertex,0.560000,1.210614,9.680768,
AddVertex,0.550000,1.210614,9.681545,
AddVertex,0.560000,1.210614,9.681545,
AddVertex,0.550000,1.974778,9.681545,
AddVertex,0.550000,1.210614,9.681545,
AddVertex,0.560000,1.210614,9.681545,
AddVertex,0.560000,1.974778,9.681545,
AddVertex,0.560000,1.974778,9.681545,
AddVertex,0.560000,1.974778,9.680768,
AddVertex,0.550000,1.974778,9.681545,
AddVertex,0.468334,1.974778,9.687891,
AddVertex,0.550000,1.974778,9.681545,
AddVertex,0.550000,1.210614,9.681545,
AddVertex,0.550000,1.160614,9.681545,
AddVertex,0.468334,1.160614,9.687891,
AddVertex,0.468334,1.974778,9.687891,
AddVertex,0.468334,1.160614,9.687891,
AddVertex,0.351251,1.160614,9.690918,
AddVertex,0.351251,1.974778,9.690918,
AddVertex,0.468334,2.190327,9.687891,
AddVertex,0.351251,2.190327,9.690918,
AddVertex,0.234167,1.974778,9.693946,
AddVertex,0.272051,1.974778,9.692966,
AddVertex,0.234167,1.160614,9.693946,
AddVertex,0.234167,1.160614,9.693946,
AddVertex,0.234167,1.974778,9.693946,
AddVertex,0.117084,1.974778,9.696973,
AddVertex,0.117084,1.160614,9.696973,
AddVertex,0.000000,1.974778,9.700000,
AddVertex,0.000000,1.160614,9.700000,
AddVertex,0.000000,1.160614,9.700000,
AddVertex,0.000000,1.974778,9.700000,
AddVertex,-0.117084,1.974778,9.696973,
AddVertex,-0.117084,1.160614,9.696973,
AddVertex,-0.234167,1.974778,9.693946,
AddVertex,-0.234167,1.160614,9.693946,
AddVertex,-0.117084,2.190327,9.696973,
AddVertex,-0.117084,1.974778,9.696973,
AddVertex,-0.234167,1.974778,9.693946,
AddVertex,-0.234167,2.190327,9.693946,
AddVertex,0.117084,1.974778,9.696973,
AddVertex,0.117084,2.190327,9.696973,
AddVertex,0.234167,2.190327,9.693946,
AddVertex,-0.933287,1.974778,9.651761,
AddVertex,-0.933287,1.974778,9.651669,
AddVertex,-0.952582,2.271606,9.639442,
AddVertex,-1.378528,3.471121,7.896943,
AddVertex,-1.328224,3.547293,7.896943,
AddVertex,-1.255056,3.601875,7.896943,
AddVertex,-1.051563,3.642585,7.896943,
AddVertex,-1.080022,3.639107,7.896943,
AddVertex,-1.167709,3.628390,7.896943,
AddVertex,-0.935417,3.656780,7.896943,
AddVertex,-0.848382,3.672245,7.896943,
AddVertex,0.106836,3.744272,7.896943,
AddVertex,0.000000,3.745981,7.896943,
AddVertex,0.025000,3.746380,7.896943,
AddVertex,0.156836,3.744272,7.896943,
AddVertex,0.263513,3.736753,7.896943,
AddVertex,0.313513,3.736753,7.896943,
AddVertex,0.419868,3.724228,7.896943,
AddVertex,0.469868,3.724228,7.896943,
AddVertex,1.400000,2.196901,9.425412,
AddVertex,1.400000,2.718182,9.309449,
AddVertex,1.378528,2.750396,9.393173,
AddVertex,1.378528,2.206650,9.514134,
AddVertex,0.935417,2.213863,9.701595,
AddVertex,0.952514,2.227005,9.699373,
AddVertex,0.952514,2.227005,9.649373,
AddVertex,0.935417,2.213863,9.651596,
AddVertex,0.935417,2.213863,9.701595,
AddVertex,0.935417,2.213863,9.651596,
AddVertex,0.907032,2.185767,9.653801,
AddVertex,0.907032,2.185767,9.703801,
AddVertex,0.818646,2.185767,9.710670,
AddVertex,0.907032,2.185767,9.703801,
AddVertex,0.907032,2.185767,9.653801,
AddVertex,0.818646,2.185767,9.660669,
AddVertex,0.701876,2.185767,9.719744,
AddVertex,0.701876,2.185767,9.669744,
AddVertex,0.701876,2.185767,9.719744,
AddVertex,0.701876,2.185767,9.669744,
AddVertex,0.701876,2.229244,9.669744,
AddVertex,0.701876,2.229244,9.719744,
AddVertex,0.701876,2.825050,9.587201,
AddVertex,0.701876,2.825050,9.537201,
AddVertex,0.701876,2.825050,9.537201,
AddVertex,0.701876,2.825050,9.587201,
AddVertex,0.696250,2.825208,9.587613,
AddVertex,0.696250,2.825208,9.537613,
AddVertex,0.585105,2.828344,9.545763,
AddVertex,0.585105,2.828344,9.595763,
AddVertex,0.571487,2.828728,9.546762,
AddVertex,0.571487,2.828728,9.596762,
AddVertex,-0.156836,3.744272,7.896943,
AddVertex,0.000000,3.745981,7.896943,
AddVertex,-0.106836,3.744272,7.896943,
AddVertex,-0.313513,3.736753,7.896943,
AddVertex,-0.263513,3.736753,7.896943,
AddVertex,-0.469868,3.724228,7.896943,
AddVertex,-0.419868,3.724228,7.896943,
AddVertex,-0.564497,3.711232,7.896943,
AddVertex,-0.659125,3.698236,7.896943,
AddVertex,0.000000,3.745981,7.896943,
AddVertex,1.328224,2.778053,9.415054,
AddVertex,1.255056,3.372654,9.140733,
AddVertex,1.328528,3.293285,9.085424,
AddVertex,1.328224,2.778053,9.415054,
AddVertex,1.328224,3.293285,9.122983,
AddVertex,1.328528,3.293285,9.085424,
AddVertex,1.317996,3.306276,9.096393,
AddVertex,1.328528,3.293285,9.085424,
AddVertex,1.307136,3.401304,8.882147,
AddVertex,1.278224,3.547293,8.607416,
AddVertex,1.303376,3.509207,8.600737,
AddVertex,1.278224,3.358576,9.128847,
AddVertex,1.310108,3.316005,9.104607,
AddVertex,1.255056,3.372654,9.140733,
AddVertex,1.278224,3.547293,8.607416,
AddVertex,1.307136,3.401304,8.882147,
AddVertex,1.328528,3.293285,9.085424,
AddVertex,1.278224,3.547293,8.607416,
AddVertex,1.205056,3.601875,8.616989,
AddVertex,1.255056,3.601875,8.616989,
AddVertex,1.328224,3.547293,8.607416,
AddVertex,1.330000,3.471121,8.594056,
AddVertex,1.378528,3.471121,8.594056,
AddVertex,1.350000,3.382399,8.578495,
AddVertex,1.400000,3.382399,8.578495,
AddVertex,1.330000,3.471121,7.896943,
AddVertex,1.330000,3.471121,8.594056,
AddVertex,1.278224,3.547293,8.607416,
AddVertex,1.278224,3.547293,7.896943,
AddVertex,1.126628,2.922530,9.482512,
AddVertex,1.051563,2.925746,9.491905,
AddVertex,1.051563,2.925746,9.441905,
AddVertex,1.126628,2.922530,9.432513,
AddVertex,1.126628,2.922530,9.482512,
AddVertex,1.126628,2.922530,9.432513,
AddVertex,1.131563,2.809204,9.496017,
AddVertex,1.131563,2.809204,9.546018,
AddVertex,1.131563,2.809204,9.546018,
AddVertex,1.131563,2.809204,9.496017,
AddVertex,1.142416,2.496716,9.564088,
AddVertex,1.142416,2.496716,9.614088,
AddVertex,1.080477,2.354675,9.603933,
AddVertex,1.080477,2.354675,9.653934,
AddVertex,1.142416,2.496716,9.614088,
AddVertex,1.142416,2.496716,9.564088,
AddVertex,1.167709,1.210614,9.621404,
AddVertex,1.255056,1.210614,9.594889,
AddVertex,1.051563,1.210614,9.636499,
AddVertex,0.935417,1.210614,9.651596,
AddVertex,0.818646,1.210614,9.660669,
AddVertex,0.696250,1.210614,9.670180,
AddVertex,0.660000,1.824777,9.472394,
AddVertex,0.680756,1.210614,9.470781,
AddVertex,0.569610,1.210614,9.479418,
AddVertex,0.569610,1.824777,9.479418,
AddVertex,0.660000,1.974778,9.472394,
AddVertex,0.569610,1.974778,9.479418,
AddVertex,0.569610,2.230241,9.479418,
AddVertex,0.680756,2.229292,9.490782,
AddVertex,0.569610,1.974778,9.479418,
AddVertex,0.680756,2.229292,9.490782,
AddVertex,0.660000,1.974778,9.472394,
AddVertex,0.569610,1.974778,9.479418,
AddVertex,0.680756,2.229292,9.490782,
AddVertex,0.660000,1.824777,9.472394,
AddVertex,0.660000,1.974778,9.472394,
AddVertex,0.680756,2.229292,9.490782,
AddVertex,0.680756,1.210614,9.470781,
AddVertex,0.660000,1.824777,9.472394,
AddVertex,0.696250,1.210614,9.670180,
AddVertex,0.680756,1.210614,9.470781,
AddVertex,0.680756,2.229292,9.490782,
AddVertex,0.696250,1.210614,9.670180,
AddVertex,0.680756,2.229292,9.490782,
AddVertex,0.696250,2.229292,9.670180,
AddVertex,0.696250,2.185767,9.670180,
AddVertex,0.585105,3.468159,9.183069,
AddVertex,0.701876,3.460768,9.176829,
AddVertex,0.695211,3.461023,9.177279,
AddVertex,0.585105,3.468159,9.183069,
AddVertex,0.695211,3.461023,9.177279,
AddVertex,0.680742,3.369195,9.015288,
AddVertex,0.570635,3.376330,9.021078,
AddVertex,0.570635,2.786053,9.375691,
AddVertex,0.585105,3.468159,9.183069,
AddVertex,0.570635,3.376330,9.021078,
AddVertex,0.570635,3.376330,9.021078,
AddVertex,0.680742,3.369195,9.015288,
AddVertex,0.570635,2.786053,9.375691,
AddVertex,0.594026,2.785393,9.373976,
AddVertex,0.570635,2.786053,9.375691,
AddVertex,0.680742,3.369195,9.015288,
AddVertex,0.681123,2.782936,9.367589,
AddVertex,0.594026,2.274778,9.487567,
AddVertex,0.594026,2.785393,9.373976,
AddVertex,0.681123,2.782936,9.367589,
AddVertex,0.594026,2.230033,9.497520,
AddVertex,0.680756,2.229292,9.490782,
AddVertex,0.680756,2.229292,9.490782,
AddVertex,0.569610,2.230241,9.479418,
AddVertex,0.594026,2.230033,9.497520,
AddVertex,0.594026,2.230033,9.497520,
AddVertex,0.585105,2.230241,9.678817,
AddVertex,0.585105,2.274778,9.668909,
AddVertex,0.594026,2.274778,9.487567,
AddVertex,0.594026,2.274778,9.487567,
AddVertex,0.585105,2.274778,9.668909,
AddVertex,0.585105,2.828344,9.545763,
AddVertex,0.594026,2.785393,9.373976,
AddVertex,0.594026,2.785866,9.373871,
AddVertex,0.585105,2.828344,9.545763,
AddVertex,0.585105,3.468159,9.183069,
AddVertex,0.570635,2.786053,9.375691,
AddVertex,0.585105,2.274778,9.668909,
AddVertex,0.585105,2.828344,9.545763,
AddVertex,0.570635,2.786053,9.375691,
AddVertex,0.585105,2.274778,9.668909,
AddVertex,0.570635,2.786053,9.375691,
AddVertex,0.594026,2.274778,9.487567,
AddVertex,0.570635,2.786053,9.375691,
AddVertex,0.585105,2.828344,9.545763,
AddVertex,0.694865,2.929648,9.478533,
AddVertex,0.696250,2.825208,9.537613,
AddVertex,0.696080,2.929614,9.478444,
AddVertex,0.701876,2.929450,9.478019,
AddVertex,0.701876,2.825050,9.537201,
AddVertex,0.696250,2.229292,9.670180,
AddVertex,0.696250,2.825208,9.537613,
AddVertex,0.701876,2.825050,9.537201,
AddVertex,0.701876,2.229244,9.669744,
AddVertex,0.696250,2.207529,9.670180,
AddVertex,0.696250,2.229292,9.670180,
AddVertex,0.701876,2.229244,9.669744,
AddVertex,0.696250,2.185767,9.670180,
AddVertex,0.701876,2.185767,9.669744,
AddVertex,0.701876,2.929450,9.478019,
AddVertex,0.818646,2.929450,9.467588,
AddVertex,0.818646,2.929450,9.517589,
AddVertex,0.701876,2.929450,9.528019,
AddVertex,0.701876,2.929450,9.478019,
AddVertex,0.701876,2.929450,9.528019,
AddVertex,0.935417,2.929450,9.507158,
AddVertex,0.935417,2.929450,9.457158,
AddVertex,0.935417,2.929450,9.507158,
AddVertex,0.935417,2.929450,9.457158,
AddVertex,1.051563,2.925746,9.441905,
AddVertex,1.051563,2.925746,9.491905,
AddVertex,0.964896,2.238673,9.645129,
AddVertex,0.952514,2.227005,9.649373,
AddVertex,0.952514,2.227005,9.699373,
AddVertex,0.964896,2.238673,9.695129,
AddVertex,0.977277,2.250341,9.640885,
AddVertex,0.977277,2.250341,9.690886,
AddVertex,1.002039,2.273676,9.632397,
AddVertex,1.002039,2.273676,9.682397,
AddVertex,1.051563,2.320346,9.615420,
AddVertex,1.051563,2.320346,9.665421,
AddVertex,1.051563,2.320346,9.615420,
AddVertex,1.051563,2.320346,9.665421,
AddVertex,1.080477,2.354675,9.653934,
AddVertex,1.080477,2.354675,9.603933,
AddVertex,0.696250,2.207529,9.670180,
AddVertex,0.696250,2.229292,9.670180,
AddVertex,0.680756,2.229292,9.490782,
AddVertex,0.696250,2.825208,9.537613,
AddVertex,0.696250,2.825208,9.537613,
AddVertex,0.680756,2.229292,9.490782,
AddVertex,0.681123,2.782936,9.367589,
AddVertex,0.696080,2.929614,9.478444,
AddVertex,0.696250,2.825208,9.537613,
AddVertex,0.681123,2.782936,9.367589,
AddVertex,0.696080,2.929672,9.478411,
AddVertex,0.695211,3.461023,9.177279,
AddVertex,0.695211,2.929706,9.478470,
AddVertex,0.696080,2.929672,9.478411,
AddVertex,0.681123,2.782936,9.367589,
AddVertex,0.680742,3.369195,9.015288,
AddVertex,0.695211,3.461023,9.177279,
AddVertex,1.328224,1.210614,9.540306,
AddVertex,1.350000,1.210614,9.425412,
AddVertex,0.117084,3.046563,9.442931,
AddVertex,0.118673,3.016984,9.390753,
AddVertex,-0.592442,3.007689,9.374354,
AddVertex,-0.594032,3.037267,9.426533,
AddVertex,-0.594032,3.037267,9.426533,
AddVertex,-0.594032,3.005425,9.444584,
AddVertex,0.117084,3.014720,9.460981,
AddVertex,0.117084,3.046563,9.442931,
AddVertex,-0.538671,2.708022,9.381476,
AddVertex,-0.539484,2.706864,9.417397,
AddVertex,0.191624,2.716421,9.434255,
AddVertex,0.192437,2.717579,9.398335,
AddVertex,-0.542811,3.007841,9.391048,
AddVertex,0.118322,3.016483,9.406294,
AddVertex,0.117508,3.015325,9.442213,
AddVertex,-0.543624,3.006683,9.426968,
AddVertex,-1.278224,3.358576,9.128847,
AddVertex,-1.328224,3.293285,9.122983,
AddVertex,-1.328528,3.293285,9.085424,
AddVertex,-1.328224,2.778053,9.415054,
AddVertex,-1.328528,3.293285,9.085424,
AddVertex,-1.255056,3.372654,9.140733,
AddVertex,-1.255056,3.372654,9.140733,
AddVertex,-1.328528,3.293285,9.085424,
AddVertex,-1.278224,3.358576,9.128847,
AddVertex,-1.255056,3.372654,9.140733,
AddVertex,-1.328528,3.293285,9.085424,
AddVertex,-1.278224,3.547293,8.607416,
AddVertex,-1.328224,3.293285,9.122983,
AddVertex,-1.328528,3.293285,9.085424,
AddVertex,-1.318914,3.305143,9.095436,
AddVertex,-1.167709,3.306936,9.208467,
AddVertex,-1.148443,3.004293,9.209638,
AddVertex,-1.112060,3.008303,9.220060,
AddVertex,-1.143897,3.309560,9.215287,
AddVertex,-1.167709,3.306936,9.208467,
AddVertex,-1.143897,3.309560,9.215287,
AddVertex,-1.158322,3.004207,9.383131,
AddVertex,-1.167685,3.003175,9.380449,
AddVertex,-1.167709,3.306936,9.208467,
AddVertex,-1.167685,3.003175,9.380449,
AddVertex,-1.051539,3.010620,9.393582,
AddVertex,-0.931855,3.018291,9.407115,
AddVertex,-0.935417,3.321825,9.234732,
AddVertex,-1.051563,3.314380,9.221599,
AddVertex,-1.161853,3.003514,9.328685,
AddVertex,-1.167685,3.003175,9.380449,
AddVertex,-1.158322,3.004207,9.383131,
AddVertex,-1.148443,3.004293,9.209638,
AddVertex,-1.217591,3.301438,9.194177,
AddVertex,-1.240288,2.995173,9.359652,
AddVertex,-1.279356,3.284708,9.150697,
AddVertex,-1.217591,3.301438,9.194177,
AddVertex,-1.240288,2.995173,9.359652,
AddVertex,-1.308960,2.976573,9.311308,
AddVertex,-1.144302,3.005449,9.333713,
AddVertex,-1.112060,3.008303,9.220060,
AddVertex,-1.143897,3.309560,9.215287,
AddVertex,-1.112060,3.008303,9.220060,
AddVertex,-1.144302,3.005449,9.333713,
AddVertex,-1.158322,3.004207,9.383131,
AddVertex,-0.577155,3.038264,9.375298,
AddVertex,-0.579925,3.038110,9.427316,
AddVertex,-0.589882,3.341263,9.254577,
AddVertex,-0.570784,3.038618,9.255666,
AddVertex,-0.465565,3.349132,9.261220,
AddVertex,-0.458920,3.045769,9.433783,
AddVertex,-0.346543,3.048136,9.435781,
AddVertex,-0.229459,3.050601,9.437862,
AddVertex,-0.112375,3.053067,9.439944,
AddVertex,-0.020292,3.055007,9.441582,
AddVertex,0.000000,3.055434,9.441943,
AddVertex,-0.115699,3.356501,9.267442,
AddVertex,-0.349866,3.351569,9.263278,
AddVertex,0.465565,3.349132,9.261220,
AddVertex,0.000000,3.055434,9.441943,
AddVertex,0.020292,3.055007,9.441582,
AddVertex,0.112375,3.053067,9.439944,
AddVertex,0.229459,3.050601,9.437862,
AddVertex,0.346543,3.048136,9.435781,
AddVertex,0.458920,3.045769,9.433783,
AddVertex,0.580956,3.341828,9.255054,
AddVertex,0.570998,3.038675,9.427793,
AddVertex,0.568228,3.038829,9.375774,
AddVertex,0.561857,3.039183,9.256143,
AddVertex,0.349866,3.351569,9.263278,
AddVertex,0.232782,3.354035,9.265360,
AddVertex,0.115699,3.356501,9.267442,
AddVertex,0.000000,3.358938,9.269499,
AddVertex,0.000000,3.358938,9.269499,
AddVertex,-0.023615,3.358440,9.269079,
AddVertex,-0.232782,3.354035,9.265360,
AddVertex,0.023615,3.358440,9.269079,
AddVertex,-0.025000,3.746380,7.896943,
AddVertex,-0.935417,1.974778,9.651596,
AddVertex,-0.935417,2.227250,9.651596,
AddVertex,-1.051563,2.225591,9.636499,
AddVertex,-1.051563,1.974778,9.636499,
AddVertex,-0.935417,1.160614,9.651596,
AddVertex,-1.051563,1.160614,9.636499,
AddVertex,-1.167709,1.974778,9.621404,
AddVertex,-1.167709,1.160614,9.621404,
AddVertex,-1.167709,1.160614,9.621404,
AddVertex,-1.167709,1.974778,9.621404,
AddVertex,-1.255056,1.974778,9.594889,
AddVertex,-1.255056,1.160614,9.594889,
AddVertex,-1.255056,1.160614,9.594889,
AddVertex,-1.255056,1.974778,9.594889,
AddVertex,-1.328224,1.926822,9.540306,
AddVertex,-1.328224,1.160614,9.540306,
AddVertex,-1.328224,1.946822,9.540306,
AddVertex,-1.328224,1.946822,9.540306,
AddVertex,-1.328224,1.974778,9.540306,
AddVertex,-1.328224,2.215021,9.540306,
AddVertex,-1.255056,2.221018,9.594889,
AddVertex,-1.255056,2.221018,9.594889,
AddVertex,-1.167709,2.223932,9.621404,
AddVertex,-1.167709,2.223932,9.621404,
AddVertex,-1.328224,2.215021,9.540306,
AddVertex,-1.328224,2.215021,9.540306,
AddVertex,-1.350000,2.196901,9.425412,
AddVertex,-1.344070,2.266222,9.442379,
AddVertex,-1.328224,2.271606,9.527719,
AddVertex,-1.328224,2.271606,9.527719,
AddVertex,-1.344070,2.266222,9.442379,
AddVertex,-1.343609,2.271606,9.443696,
AddVertex,-1.328224,2.778053,9.415054,
AddVertex,-1.328224,2.271606,9.527719,
AddVertex,-1.343609,2.271606,9.443696,
AddVertex,-1.344070,2.266222,9.442379,
AddVertex,-1.350000,2.196901,9.425412,
AddVertex,-1.350000,2.281606,9.406569,
AddVertex,-1.350000,2.323450,9.397261,
AddVertex,-1.350000,2.640588,9.326711,
AddVertex,-1.350000,2.718182,9.309449,
AddVertex,-1.328224,2.778053,9.415054,
AddVertex,-1.350000,2.718182,9.309449,
AddVertex,-1.350000,3.221014,9.024406,
AddVertex,-1.350000,2.281606,9.336569,
AddVertex,-1.350000,1.974778,9.333165,
AddVertex,-1.350000,2.281606,9.333165,
AddVertex,-0.715503,1.210614,9.464622,
AddVertex,-0.685503,1.210614,9.464622,
AddVertex,-0.685503,1.210614,9.418121,
AddVertex,0.486826,1.974778,9.651669,
AddVertex,0.560000,1.824777,9.472394,
AddVertex,0.482090,2.115994,9.587521,
AddVertex,0.547380,2.258874,9.436142,
AddVertex,0.539923,2.265733,9.417355,
AddVertex,0.540022,2.275140,9.420745,
AddVertex,0.547380,2.268372,9.439283,
AddVertex,0.550335,2.256156,9.443588,
AddVertex,0.550434,2.265563,9.446979,
AddVertex,-0.243403,1.879778,9.418121,
AddVertex,-0.243403,1.899778,9.418121,
AddVertex,-0.011012,1.899778,9.418121,
AddVertex,-0.011012,1.879778,9.418121,
AddVertex,0.125432,1.944090,9.464947,
AddVertex,0.125432,1.940557,9.467805,
AddVertex,0.158295,1.926215,9.450076,
AddVertex,0.166511,1.926162,9.442786,
AddVertex,0.165755,1.922959,9.446053,
AddVertex,0.166511,1.922629,9.445644,
AddVertex,0.166511,1.922629,9.445644,
AddVertex,0.165755,1.922959,9.446053,
AddVertex,0.162851,1.920327,9.442799,
AddVertex,0.198827,1.994778,9.446575,
AddVertex,0.195167,1.994778,9.450235,
AddVertex,0.208827,1.994778,9.463896,
AddVertex,0.212487,1.994778,9.460236,
AddVertex,-0.635247,2.058443,9.527414,
AddVertex,-0.638425,2.062383,9.528690,
AddVertex,-0.631992,2.058850,9.527546,
AddVertex,-0.628072,2.056614,9.526822,
AddVertex,-0.631105,2.055419,9.526435,
AddVertex,-0.623677,2.055419,9.526435,
AddVertex,-0.619106,2.055347,9.526412,
AddVertex,-0.626281,2.053518,9.525820,
AddVertex,-0.611105,2.055419,9.526435,
AddVertex,-0.615928,2.053518,9.525820,
AddVertex,-0.621105,2.052870,9.525609,
AddVertex,-0.614672,2.056403,9.526753,
AddVertex,-0.606962,2.058443,9.527414,
AddVertex,-0.610676,2.058515,9.527437,
AddVertex,-0.603784,2.062383,9.528690,
AddVertex,-0.607391,2.061539,9.528417,
AddVertex,-0.605040,2.065269,9.529625,
AddVertex,-0.601786,2.066972,9.530176,
AddVertex,-0.603784,2.069450,9.530979,
AddVertex,-0.601104,2.071897,9.531772,
AddVertex,-0.603709,2.073798,9.532387,
AddVertex,-0.601786,2.076822,9.533366,
AddVertex,-0.604818,2.078017,9.533753,
AddVertex,-0.603784,2.081411,9.534852,
AddVertex,-0.607038,2.081818,9.534985,
AddVertex,-0.606962,2.085351,9.536128,
AddVertex,-0.610217,2.084944,9.535996,
AddVertex,-0.614137,2.087180,9.536720,
AddVertex,-0.611105,2.088375,9.537107,
AddVertex,-0.618532,2.088375,9.537107,
AddVertex,-0.615928,2.090276,9.537724,
AddVertex,-0.623103,2.088447,9.537131,
AddVertex,-0.626281,2.090276,9.537724,
AddVertex,-0.631105,2.088375,9.537107,
AddVertex,-0.627537,2.087391,9.536789,
AddVertex,-0.635247,2.085351,9.536128,
AddVertex,-0.631533,2.085279,9.536105,
AddVertex,-0.634818,2.082255,9.535126,
AddVertex,-0.638425,2.081411,9.534852,
AddVertex,-0.637169,2.078525,9.533917,
AddVertex,-0.640423,2.076822,9.533366,
AddVertex,-0.638425,2.074344,9.532563,
AddVertex,-0.641105,2.071897,9.531772,
AddVertex,-0.638501,2.069996,9.531156,
AddVertex,-0.640423,2.066972,9.530176,
AddVertex,-0.637391,2.065777,9.529789,
AddVertex,-0.635171,2.061975,9.528558,
AddVertex,-0.621105,2.090924,9.537933,
AddVertex,-0.211510,2.160228,9.528148,
AddVertex,-0.210612,2.155884,9.541563,
AddVertex,-0.212408,2.155786,9.541866,
AddVertex,-0.213338,2.160283,9.527978,
AddVertex,-0.214236,2.155841,9.541697,
AddVertex,-0.215133,2.160185,9.528281,
AddVertex,-0.215970,2.156045,9.541065,
AddVertex,-0.216775,2.159940,9.529037,
AddVertex,-0.217494,2.156385,9.540014,
AddVertex,-0.218151,2.159566,9.530194,
AddVertex,-0.218702,2.156838,9.538617,
AddVertex,-0.219167,2.159087,9.531673,
AddVertex,-0.219514,2.157372,9.536968,
AddVertex,-0.219754,2.158536,9.533374,
AddVertex,-0.219873,2.157951,9.535180,
AddVertex,-0.208252,2.159684,9.529830,
AddVertex,-0.207595,2.156503,9.539650,
AddVertex,-0.208971,2.156129,9.540808,
AddVertex,-0.209776,2.160024,9.528780,
AddVertex,-0.217873,2.160703,9.526683,
AddVertex,-0.222873,2.158035,9.534923,
AddVertex,-0.217873,2.155366,9.543161,
AddVertex,-0.222873,2.196089,9.547246,
AddVertex,-0.222873,2.158035,9.534923,
AddVertex,-0.217873,2.155366,9.543161,
AddVertex,-0.217873,2.193421,9.555485,
AddVertex,-0.207873,2.160703,9.526683,
AddVertex,-0.207043,2.159231,9.531227,
AddVertex,-0.206579,2.156982,9.538172,
AddVertex,-0.202873,2.158035,9.534923,
AddVertex,-0.206232,2.158697,9.532876,
AddVertex,-0.205991,2.157533,9.536470,
AddVertex,-0.207873,2.155366,9.543161,
AddVertex,-0.205873,2.158118,9.534665,
AddVertex,-0.715503,1.210614,9.510831,
AddVertex,-0.715503,1.210614,9.464622,
AddVertex,-0.715503,1.974778,9.464622,
AddVertex,-0.715503,1.974778,9.510831,
AddVertex,-0.715503,1.974778,9.510831,
AddVertex,-1.350000,1.210614,9.375413,
AddVertex,-1.350000,1.974778,9.333165,
AddVertex,-1.350000,1.210614,9.333165,
AddVertex,-1.344944,1.210614,9.333165,
AddVertex,-1.344944,1.974778,9.333165,
AddVertex,-0.935417,1.974778,9.651596,
AddVertex,-0.935417,1.160614,9.651596,
AddVertex,-0.827573,1.160614,9.659976,
AddVertex,-0.827573,1.829359,9.659976,
AddVertex,-0.827573,1.839359,9.659976,
AddVertex,-0.933287,1.974778,9.651761,
AddVertex,-0.933287,1.974778,9.651761,
AddVertex,-0.933287,1.974778,9.651669,
AddVertex,-0.935417,1.974778,9.651596,
AddVertex,-0.827573,1.974778,9.659976,
AddVertex,-0.933287,1.974778,9.651761,
AddVertex,-0.935417,1.974778,9.651596,
AddVertex,-0.827573,2.214277,9.659976,
AddVertex,-0.788389,2.190327,9.663021,
AddVertex,-0.719729,2.190327,9.668356,
AddVertex,-0.719729,1.974778,9.668356,
AddVertex,-0.594032,2.190327,9.678123,
AddVertex,-0.594032,1.974778,9.678123,
AddVertex,-0.468334,2.190327,9.687891,
AddVertex,-0.468334,1.974778,9.687891,
AddVertex,-0.468334,1.974778,9.687891,
AddVertex,-0.468334,2.190327,9.687891,
AddVertex,-0.351251,2.190327,9.690918,
AddVertex,-0.351251,1.974778,9.690918,
AddVertex,-0.935417,2.227250,9.651596,
AddVertex,-0.843589,2.228034,9.658731,
AddVertex,-0.827573,1.974778,9.659976,
AddVertex,0.000000,2.190327,9.700000,
AddVertex,0.000000,2.190327,9.700000,
AddVertex,0.430448,1.210614,9.510831,
AddFace,0,1,2,
AddFace,3,0,2,
AddFace,3,2,4,
AddFace,5,3,4,
AddFace,5,4,6,
AddFace,7,5,6,
AddFace,6,8,7,
AddFace,0,9,1,
AddFace,9,10,1,
AddFace,9,11,10,
AddFace,11,12,10,
AddFace,13,14,15,
AddFace,13,15,16,
AddFace,17,13,16,
AddFace,17,16,18,
AddFace,19,17,18,
AddFace,19,18,20,
AddFace,21,19,20,
AddFace,21,20,22,
AddFace,23,21,22,
AddFace,23,22,12,
AddFace,11,23,12,
AddFace,24,25,26,
AddFace,25,27,26,
AddFace,26,27,28,
AddFace,28,29,30,
AddFace,29,31,30,
AddFace,30,31,32,
AddFace,31,33,32,
AddFace,32,33,34,
AddFace,33,35,34,
AddFace,34,35,36,
AddFace,35,37,36,
AddFace,38,36,37,
AddFace,27,29,28,
AddFace,39,25,24,
AddFace,40,39,24,
AddFace,41,42,40,
AddFace,42,39,40,
AddFace,43,44,41,
AddFace,44,42,41,
AddFace,45,44,43,
AddFace,46,45,43,
AddFace,47,45,46,
AddFace,48,49,50,
AddFace,51,48,50,
AddFace,50,52,51,
AddFace,53,54,55,
AddFace,55,56,53,
AddFace,57,58,59,
AddFace,59,60,57,
AddFace,61,57,60,
AddFace,62,61,60,
AddFace,62,60,63,
AddFace,63,64,62,
AddFace,65,66,67,
AddFace,67,68,65,
AddFace,68,67,69,
AddFace,69,70,68,
AddFace,71,72,73,
AddFace,71,73,63,
AddFace,60,71,63,
AddFace,74,75,76,
AddFace,76,77,74,
AddFace,76,78,77,
AddFace,78,79,77,
AddFace,79,80,77,
AddFace,80,81,77,
AddFace,81,82,77,
AddFace,82,83,77,
AddFace,83,84,77,
AddFace,84,85,77,
AddFace,85,86,77,
AddFace,86,87,77,
AddFace,87,88,77,
AddFace,88,89,77,
AddFace,77,89,90,
AddFace,90,91,77,
AddFace,59,92,60,
AddFace,93,92,59,
AddFace,59,94,93,
AddFace,94,95,93,
AddFace,95,96,93,
AddFace,96,97,93,
AddFace,97,98,93,
AddFace,98,99,93,
AddFace,99,100,93,
AddFace,100,101,93,
AddFace,101,102,93,
AddFace,102,103,93,
AddFace,103,104,93,
AddFace,104,105,93,
AddFace,93,105,106,
AddFace,107,93,106,
AddFace,107,106,108,
AddFace,109,107,108,
AddFace,109,108,110,
AddFace,111,109,110,
AddFace,111,110,112,
AddFace,113,111,112,
AddFace,113,112,114,
AddFace,115,113,114,
AddFace,115,114,116,
AddFace,117,115,116,
AddFace,117,116,118,
AddFace,119,117,118,
AddFace,119,118,120,
AddFace,121,119,120,
AddFace,121,120,122,
AddFace,72,121,122,
AddFace,122,73,72,
AddFace,123,124,125,
AddFace,125,126,123,
AddFace,127,128,129,
AddFace,129,130,127,
AddFace,131,132,133,
AddFace,134,135,136,
AddFace,137,138,139,
AddFace,140,137,139,
AddFace,139,141,140,
AddFace,142,143,144,
AddFace,145,142,144,
AddFace,144,146,145,
AddFace,147,148,149,
AddFace,149,150,147,
AddFace,151,152,153,
AddFace,153,154,151,
AddFace,155,156,157,
AddFace,157,158,155,
AddFace,157,159,158,
AddFace,159,160,158,
AddFace,161,162,163,
AddFace,163,164,161,
AddFace,165,166,167,
AddFace,168,169,170,
AddFace,171,172,173,
AddFace,173,174,171,
AddFace,175,176,177,
AddFace,177,178,175,
AddFace,179,180,181,
AddFace,181,182,179,
AddFace,183,184,185,
AddFace,185,186,183,
AddFace,187,188,189,
AddFace,189,190,187,
AddFace,191,192,193,
AddFace,193,194,191,
AddFace,195,196,197,
AddFace,197,198,195,
AddFace,199,200,201,
AddFace,201,202,199,
AddFace,203,204,205,
AddFace,205,206,203,
AddFace,207,208,209,
AddFace,210,207,209,
AddFace,209,211,210,
AddFace,212,213,214,
AddFace,214,215,212,
AddFace,216,217,218,
AddFace,218,219,216,
AddFace,145,220,221,
AddFace,221,222,145,
AddFace,222,142,145,
AddFace,223,224,225,
AddFace,225,226,223,
AddFace,227,228,229,
AddFace,229,228,230,
AddFace,231,232,233,
AddFace,233,234,231,
AddFace,234,235,231,
AddFace,236,237,238,
AddFace,238,239,236,
AddFace,240,83,82,
AddFace,241,242,243,
AddFace,243,244,241,
AddFace,243,245,244,
AddFace,246,247,248,
AddFace,248,249,246,
AddFace,250,251,252,
AddFace,253,254,255,
AddFace,253,255,256,
AddFace,256,257,253,
AddFace,258,259,260,
AddFace,260,261,258,
AddFace,262,258,261,
AddFace,261,263,262,
AddFace,264,263,261,
AddFace,261,265,264,
AddFace,264,265,266,
AddFace,267,268,269,
AddFace,269,270,267,
AddFace,270,269,271,
AddFace,271,272,270,
AddFace,273,274,275,
AddFace,275,276,273,
AddFace,276,275,277,
AddFace,277,278,276,
AddFace,279,280,281,
AddFace,281,282,279,
AddFace,283,284,285,
AddFace,285,264,283,
AddFace,286,287,288,
AddFace,289,290,96,
AddFace,289,96,95,
AddFace,58,289,95,
AddFace,95,94,58,
AddFace,58,94,59,
AddFace,290,291,97,
AddFace,290,97,96,
AddFace,292,101,100,
AddFace,293,292,100,
AddFace,293,100,99,
AddFace,294,293,99,
AddFace,294,99,98,
AddFace,291,294,98,
AddFace,291,98,97,
AddFace,295,296,102,
AddFace,295,102,101,
AddFace,292,295,101,
AddFace,296,103,102,
AddFace,297,298,299,
AddFace,297,299,300,
AddFace,301,297,300,
AddFace,301,300,302,
AddFace,303,301,302,
AddFace,303,302,304,
AddFace,105,303,304,
AddFace,105,304,106,
AddFace,305,306,307,
AddFace,307,308,305,
AddFace,309,310,311,
AddFace,311,312,309,
AddFace,313,314,315,
AddFace,315,316,313,
AddFace,317,318,319,
AddFace,317,319,320,
AddFace,321,317,320,
AddFace,320,322,321,
AddFace,323,324,325,
AddFace,326,323,325,
AddFace,327,326,325,
AddFace,325,328,327,
AddFace,329,330,331,
AddFace,332,329,331,
AddFace,333,332,331,
AddFace,333,331,334,
AddFace,335,333,334,
AddFace,334,336,335,
AddFace,337,338,339,
AddFace,340,337,339,
AddFace,340,339,341,
AddFace,342,340,341,
AddFace,342,341,343,
AddFace,344,342,343,
AddFace,344,343,104,
AddFace,345,344,104,
AddFace,345,104,103,
AddFace,296,345,103,
AddFace,343,341,301,
AddFace,343,301,303,
AddFace,104,343,303,
AddFace,104,303,105,
AddFace,341,297,301,
AddFace,341,339,297,
AddFace,339,346,297,
AddFace,347,348,349,
AddFace,350,351,352,
AddFace,353,354,154,
AddFace,154,153,353,
AddFace,355,356,357,
AddFace,358,356,355,
AddFace,355,359,358,
AddFace,360,361,362,
AddFace,362,363,360,
AddFace,364,365,366,
AddFace,366,367,364,
AddFace,368,364,367,
AddFace,367,369,368,
AddFace,370,368,369,
AddFace,369,371,370,
AddFace,372,373,374,
AddFace,374,375,372,
AddFace,376,377,378,
AddFace,378,379,376,
AddFace,380,381,382,
AddFace,382,383,380,
AddFace,384,385,386,
AddFace,386,387,384,
AddFace,388,389,390,
AddFace,390,391,388,
AddFace,392,393,90,
AddFace,394,392,90,
AddFace,395,394,90,
AddFace,396,395,90,
AddFace,397,396,90,
AddFace,89,397,90,
AddFace,398,399,400,
AddFace,400,401,398,
AddFace,402,398,401,
AddFace,401,403,402,
AddFace,404,405,406,
AddFace,407,408,409,
AddFace,410,411,412,
AddFace,413,414,415,
AddFace,416,417,418,
AddFace,419,420,421,
AddFace,421,422,419,
AddFace,423,424,425,
AddFace,426,427,428,
AddFace,428,429,426,
AddFace,430,431,432,
AddFace,433,434,435,
AddFace,436,437,438,
AddFace,438,439,436,
AddFace,440,441,442,
AddFace,443,440,442,
AddFace,442,444,443,
AddFace,445,446,447,
AddFace,448,449,450,
AddFace,450,451,448,
AddFace,452,453,454,
AddFace,455,452,454,
AddFace,454,456,455,
AddFace,457,458,459,
AddFace,460,461,462,
AddFace,463,464,465,
AddFace,466,441,440,
AddFace,467,423,468,
AddFace,468,469,467,
AddFace,468,470,469,
AddFace,469,470,471,
AddFace,471,472,469,
AddFace,473,474,475,
AddFace,475,476,473,
AddFace,477,478,479,
AddFace,480,477,479,
AddFace,479,481,480,
AddFace,482,483,484,
AddFace,484,485,482,
AddFace,328,486,487,
AddFace,487,327,328,
AddFace,488,484,483,
AddFace,483,489,488,
AddFace,490,491,492,
AddFace,492,493,490,
AddFace,494,495,496,
AddFace,496,497,494,
AddFace,498,494,497,
AddFace,497,499,498,
AddFace,500,498,499,
AddFace,499,501,500,
AddFace,502,500,501,
AddFace,501,503,502,
AddFace,504,505,506,
AddFace,506,507,504,
AddFace,421,508,422,
AddFace,509,510,511,
AddFace,512,513,514,
AddFace,515,516,517,
AddFace,518,515,517,
AddFace,517,519,518,
AddFace,423,425,520,
AddFace,423,520,468,
AddFace,520,521,468,
AddFace,521,470,468,
AddFace,521,471,470,
AddFace,522,523,524,
AddFace,393,525,90,
AddFace,525,526,90,
AddFace,527,528,529,
AddFace,529,530,527,
AddFace,531,532,533,
AddFace,533,534,531,
AddFace,535,536,537,
AddFace,537,538,535,
AddFace,539,540,541,
AddFace,541,542,539,
AddFace,264,285,263,
AddFace,543,544,545,
AddFace,546,547,548,
AddFace,549,550,551,
AddFace,552,553,554,
AddFace,555,556,557,
AddFace,558,559,560,
AddFace,560,561,558,
AddFace,562,563,564,
AddFace,564,565,562,
AddFace,566,567,568,
AddFace,568,569,566,
AddFace,569,570,566,
AddFace,570,571,566,
AddFace,572,573,574,
AddFace,574,575,572,
AddFace,576,562,565,
AddFace,565,577,576,
AddFace,578,579,580,
AddFace,580,581,578,
AddFace,574,582,575,
AddFace,582,583,575,
AddFace,584,585,586,
AddFace,586,587,584,
AddFace,588,589,590,
AddFace,590,591,588,
AddFace,592,593,594,
AddFace,594,595,592,
AddFace,595,596,592,
AddFace,596,597,592,
AddFace,597,598,592,
AddFace,598,599,592,
AddFace,599,600,592,
AddFace,601,602,603,
AddFace,601,603,604,
AddFace,601,604,605,
AddFace,601,605,606,
AddFace,606,607,601,
AddFace,608,609,610,
AddFace,610,611,608,
AddFace,601,612,613,
AddFace,601,613,614,
AddFace,601,614,602,
AddFace,614,615,602,
AddFace,598,616,599,
AddFace,616,617,599,
AddFace,599,618,600,
AddFace,614,619,615,
AddFace,337,620,338,
AddFace,621,622,623,
AddFace,623,624,621,
AddFace,625,621,624,
AddFace,624,626,625,
AddFace,626,624,627,
AddFace,627,628,626,
AddFace,629,630,631,
AddFace,631,632,629,
AddFace,633,634,635,
AddFace,635,636,633,
AddFace,634,637,635,
AddFace,137,638,138,
AddFace,634,639,637,
AddFace,640,639,634,
AddFace,634,641,640,
AddFace,642,631,630,
AddFace,630,643,642,
AddFace,644,627,624,
AddFace,624,623,644,
AddFace,225,645,226,
AddFace,646,647,648,
AddFace,648,649,646,
AddFace,650,651,652,
AddFace,653,654,655,
AddFace,653,655,656,
AddFace,653,656,657,
AddFace,653,657,658,
AddFace,653,658,659,
AddFace,653,659,660,
AddFace,660,661,653,
AddFace,662,663,664,
AddFace,665,666,667,
AddFace,79,668,80,
AddFace,668,669,80,
AddFace,670,80,669,
AddFace,671,672,673,
AddFace,674,675,676,
AddFace,676,677,674,
AddFace,677,678,674,
AddFace,677,679,678,
AddFace,680,681,682,
AddFace,682,683,680,
AddFace,684,685,686,
AddFace,687,684,686,
AddFace,687,686,688,
AddFace,688,689,687,
AddFace,690,691,692,
AddFace,693,694,695,
AddFace,695,696,693,
AddFace,697,698,699,
AddFace,697,699,700,
AddFace,701,697,700,
AddFace,701,700,702,
AddFace,701,702,703,
AddFace,703,704,701,
AddFace,704,703,705,
AddFace,704,705,706,
AddFace,706,707,704,
AddFace,703,708,705,
AddFace,708,709,705,
AddFace,708,710,709,
AddFace,710,711,709,
AddFace,710,712,711,
AddFace,712,713,711,
AddFace,713,714,711,
AddFace,713,715,714,
AddFace,715,716,714,
AddFace,715,717,716,
AddFace,717,718,716,
AddFace,717,719,718,
AddFace,719,720,718,
AddFace,719,721,720,
AddFace,721,722,720,
AddFace,721,723,722,
AddFace,723,724,722,
AddFace,724,725,722,
AddFace,724,726,725,
AddFace,726,727,725,
AddFace,726,728,727,
AddFace,729,727,728,
AddFace,730,729,728,
AddFace,730,728,731,
AddFace,732,730,731,
AddFace,732,731,733,
AddFace,732,733,734,
AddFace,735,732,734,
AddFace,735,734,736,
AddFace,737,735,736,
AddFace,737,736,738,
AddFace,739,737,738,
AddFace,739,738,740,
AddFace,741,739,740,
AddFace,741,740,742,
AddFace,698,741,742,
AddFace,698,742,743,
AddFace,698,743,699,
AddFace,729,744,727,
AddFace,745,746,747,
AddFace,748,745,747,
AddFace,748,747,749,
AddFace,750,748,749,
AddFace,750,749,751,
AddFace,752,750,751,
AddFace,752,751,753,
AddFace,754,752,753,
AddFace,754,753,755,
AddFace,756,754,755,
AddFace,756,755,757,
AddFace,758,756,757,
AddFace,757,759,758,
AddFace,760,761,762,
AddFace,763,760,762,
AddFace,763,762,746,
AddFace,745,763,746,
AddFace,764,754,756,
AddFace,764,756,758,
AddFace,765,764,758,
AddFace,758,759,765,
AddFace,765,759,757,
AddFace,757,766,765,
AddFace,767,768,769,
AddFace,769,770,767,
AddFace,764,771,750,
AddFace,764,750,752,
AddFace,764,752,754,
AddFace,771,748,750,
AddFace,771,745,748,
AddFace,771,763,745,
AddFace,771,760,763,
AddFace,772,773,761,
AddFace,760,772,761,
AddFace,771,772,760,
AddFace,771,774,772,
AddFace,774,775,772,
AddFace,772,775,773,
AddFace,775,776,773,
AddFace,773,776,774,
AddFace,761,773,774,
AddFace,761,774,777,
AddFace,762,761,777,
AddFace,746,762,777,
AddFace,747,746,777,
AddFace,749,747,777,
AddFace,749,777,766,
AddFace,751,749,766,
AddFace,753,751,766,
AddFace,755,753,766,
AddFace,757,755,766,
AddFace,776,778,774,
AddFace,774,778,775,
AddFace,775,778,776,
AddFace,779,780,781,
AddFace,781,782,779,
AddFace,234,783,235,
AddFace,784,78,76,
AddFace,76,75,784,
AddFace,785,786,787,
AddFace,787,788,785,
AddFace,789,790,791,
AddFace,791,792,789,
AddFace,792,793,789,
AddFace,793,794,789,
AddFace,795,796,797,
AddFace,798,799,800,
AddFace,800,801,798,
AddFace,798,801,802,
AddFace,798,802,803,
AddFace,803,804,798,
AddFace,804,803,805,
AddFace,805,806,804,
AddFace,806,805,807,
AddFace,807,808,806,
AddFace,809,810,811,
AddFace,811,812,809,
AddFace,812,811,282,
AddFace,282,281,812,
AddFace,813,814,801,
AddFace,800,813,801,
AddFace,815,794,793,
AddFace,816,271,280,
AddFace,280,279,816,
AddFace,274,817,284,
AddFace,284,283,274,
AddFace,266,265,261,
AddFace,261,260,266,
AddFace,83,818,84,
GenerateNormals,
SetColor,255,255,255,255,

CreateMeshBuilder,
;Jeminie 3DS Converter
AddVertex,-0.426956,1.974778,9.418121,
AddVertex,-0.426956,1.974778,9.175412,
AddVertex,-0.685503,1.974778,9.175412,
AddVertex,-0.685503,1.974778,9.418121,
AddFace,0,1,2,
AddFace,2,3,0,
GenerateNormals,
LoadTexture,JJJ1.png,
SetTextureCoordinates,0,1.000000,0.029164,
SetTextureCoordinates,1,1.000000,1.000000,
SetTextureCoordinates,2,0.000000,1.000000,
SetTextureCoordinates,3,-0.000000,0.029164,
SetColor,194,194,194,255,

CreateMeshBuilder,
;Jeminie 3DS Converter
AddVertex,-1.344944,2.281606,9.333165,
AddVertex,-1.033888,2.281606,9.386916,
AddVertex,-1.280361,2.257704,9.344325,
AddVertex,-1.285387,2.257032,9.343457,
AddVertex,-1.290071,2.255064,9.342648,
AddVertex,-1.294093,2.251932,9.341952,
AddVertex,-1.297179,2.247850,9.341419,
AddVertex,-1.299119,2.243097,9.341084,
AddVertex,-1.299781,2.237996,9.340970,
AddVertex,-1.299119,2.232895,9.341084,
AddVertex,-1.297179,2.228142,9.341419,
AddVertex,-1.294093,2.224061,9.341952,
AddVertex,-1.344944,1.974778,9.333165,
AddVertex,-1.290071,2.220928,9.342648,
AddVertex,-1.285387,2.218960,9.343457,
AddVertex,-1.280361,2.218288,9.344325,
AddVertex,-1.176302,2.217263,9.362307,
AddVertex,-1.097822,2.218066,9.375868,
AddVertex,-1.092796,2.218738,9.376737,
AddVertex,-1.033888,2.234340,9.386916,
AddVertex,-1.033888,1.974778,9.386916,
AddVertex,-1.078402,2.237774,9.379224,
AddVertex,-1.033888,2.254340,9.386916,
AddVertex,-1.079064,2.232674,9.379109,
AddVertex,-1.081004,2.227920,9.378774,
AddVertex,-1.084090,2.223839,9.378241,
AddVertex,-1.088112,2.220707,9.377546,
AddVertex,-1.084090,2.251710,9.378241,
AddVertex,-1.088112,2.254842,9.377546,
AddVertex,-1.081004,2.247628,9.378774,
AddVertex,-1.079064,2.242875,9.379109,
AddVertex,-1.092796,2.256811,9.376737,
AddVertex,-1.097822,2.257482,9.375868,
AddVertex,-1.275334,2.257032,9.345194,
AddVertex,-1.102849,2.256811,9.374999,
AddVertex,-1.176302,2.256679,9.362307,
AddVertex,-1.181329,2.256007,9.361438,
AddVertex,-1.270651,2.255064,9.346004,
AddVertex,-1.186013,2.254039,9.360629,
AddVertex,-1.266629,2.251932,9.346699,
AddVertex,-1.190035,2.250907,9.359934,
AddVertex,-1.263542,2.247850,9.347232,
AddVertex,-1.193121,2.246825,9.359401,
AddVertex,-1.261602,2.243097,9.347567,
AddVertex,-1.195061,2.242072,9.359065,
AddVertex,-1.260941,2.237996,9.347681,
AddVertex,-1.195722,2.236971,9.358951,
AddVertex,-1.261602,2.232895,9.347567,
AddVertex,-1.195061,2.231870,9.359065,
AddVertex,-1.263542,2.228142,9.347232,
AddVertex,-1.193121,2.227117,9.359401,
AddVertex,-1.266629,2.224061,9.346699,
AddVertex,-1.190035,2.223035,9.359934,
AddVertex,-1.270651,2.220928,9.346004,
AddVertex,-1.186013,2.219903,9.360629,
AddVertex,-1.275334,2.218960,9.345194,
AddVertex,-1.181329,2.217935,9.361438,
AddVertex,-1.162570,2.223035,9.364679,
AddVertex,-1.159484,2.227117,9.365212,
AddVertex,-1.111554,2.223839,9.373495,
AddVertex,-1.107532,2.220707,9.374190,
AddVertex,-1.166592,2.219903,9.363984,
AddVertex,-1.102849,2.218738,9.374999,
AddVertex,-1.171276,2.217935,9.363175,
AddVertex,-1.171276,2.256007,9.363175,
AddVertex,-1.107532,2.254842,9.374190,
AddVertex,-1.166592,2.254039,9.363984,
AddVertex,-1.111554,2.251710,9.373495,
AddVertex,-1.162570,2.250907,9.364679,
AddVertex,-1.114641,2.247628,9.372962,
AddVertex,-1.159484,2.246825,9.365212,
AddVertex,-1.116581,2.242875,9.372626,
AddVertex,-1.157544,2.242072,9.365548,
AddVertex,-1.117242,2.237774,9.372512,
AddVertex,-1.156882,2.236971,9.365663,
AddVertex,-1.116581,2.232674,9.372626,
AddVertex,-1.157544,2.231870,9.365548,
AddVertex,-1.114641,2.227920,9.372962,
AddFace,0,1,2,
AddFace,0,2,3,
AddFace,0,3,4,
AddFace,0,4,5,
AddFace,0,5,6,
AddFace,0,6,7,
AddFace,0,7,8,
AddFace,0,8,9,
AddFace,0,9,10,
AddFace,0,10,11,
AddFace,12,0,11,
AddFace,11,13,12,
AddFace,13,14,12,
AddFace,14,15,12,
AddFace,15,16,12,
AddFace,12,16,17,
AddFace,12,17,18,
AddFace,12,18,19,
AddFace,19,20,12,
AddFace,21,22,19,
AddFace,23,21,19,
AddFace,24,23,19,
AddFace,25,24,19,
AddFace,26,25,19,
AddFace,18,26,19,
AddFace,27,28,22,
AddFace,29,27,22,
AddFace,30,29,22,
AddFace,21,30,22,
AddFace,28,1,22,
AddFace,28,31,1,
AddFace,31,32,1,
AddFace,32,2,1,
AddFace,33,2,32,
AddFace,33,32,34,
AddFace,33,34,35,
AddFace,33,35,36,
AddFace,37,33,36,
AddFace,37,36,38,
AddFace,39,37,38,
AddFace,39,38,40,
AddFace,41,39,40,
AddFace,41,40,42,
AddFace,43,41,42,
AddFace,43,42,44,
AddFace,45,43,44,
AddFace,45,44,46,
AddFace,47,45,46,
AddFace,47,46,48,
AddFace,49,47,48,
AddFace,49,48,50,
AddFace,51,49,50,
AddFace,51,50,52,
AddFace,53,51,52,
AddFace,53,52,54,
AddFace,55,53,54,
AddFace,15,55,54,
AddFace,54,56,15,
AddFace,15,56,16,
AddFace,57,58,59,
AddFace,57,59,60,
AddFace,61,57,60,
AddFace,61,60,62,
AddFace,61,62,17,
AddFace,17,63,61,
AddFace,16,63,17,
AddFace,64,34,65,
AddFace,66,64,65,
AddFace,66,65,67,
AddFace,68,66,67,
AddFace,68,67,69,
AddFace,70,68,69,
AddFace,70,69,71,
AddFace,72,70,71,
AddFace,72,71,73,
AddFace,74,72,73,
AddFace,74,73,75,
AddFace,76,74,75,
AddFace,76,75,77,
AddFace,58,76,77,
AddFace,58,77,59,
AddFace,64,35,34,
GenerateNormals,
LoadTexture,K.png,
SetTextureCoordinates,0,0.000000,0.027998,
SetTextureCoordinates,1,1.000000,0.027998,
SetTextureCoordinates,2,0.207627,0.103718,
SetTextureCoordinates,3,0.191468,0.105845,
SetTextureCoordinates,4,0.176411,0.112082,
SetTextureCoordinates,5,0.163481,0.122004,
SetTextureCoordinates,6,0.153559,0.134934,
SetTextureCoordinates,7,0.147322,0.149992,
SetTextureCoordinates,8,0.145194,0.166150,
SetTextureCoordinates,9,0.147322,0.182309,
SetTextureCoordinates,10,0.153559,0.197367,
SetTextureCoordinates,11,0.163481,0.210297,
SetTextureCoordinates,12,0.000000,1.000000,
SetTextureCoordinates,13,0.176411,0.220219,
SetTextureCoordinates,14,0.191468,0.226456,
SetTextureCoordinates,15,0.207627,0.228583,
SetTextureCoordinates,16,0.542159,0.231830,
SetTextureCoordinates,17,0.794460,0.229285,
SetTextureCoordinates,18,0.810619,0.227158,
SetTextureCoordinates,19,1.000000,0.177732,
SetTextureCoordinates,20,1.000000,1.000000,
SetTextureCoordinates,21,0.856893,0.166853,
SetTextureCoordinates,22,1.000000,0.114374,
SetTextureCoordinates,23,0.854766,0.183011,
SetTextureCoordinates,24,0.848529,0.198069,
SetTextureCoordinates,25,0.838607,0.210999,
SetTextureCoordinates,26,0.825677,0.220921,
SetTextureCoordinates,27,0.838607,0.122706,
SetTextureCoordinates,28,0.825677,0.112784,
SetTextureCoordinates,29,0.848529,0.135636,
SetTextureCoordinates,30,0.854766,0.150694,
SetTextureCoordinates,31,0.810619,0.106547,
SetTextureCoordinates,32,0.794460,0.104420,
SetTextureCoordinates,33,0.223786,0.105845,
SetTextureCoordinates,34,0.778302,0.106547,
SetTextureCoordinates,35,0.542159,0.106965,
SetTextureCoordinates,36,0.526000,0.109092,
SetTextureCoordinates,37,0.238844,0.112082,
SetTextureCoordinates,38,0.510942,0.115329,
SetTextureCoordinates,39,0.251774,0.122004,
SetTextureCoordinates,40,0.498012,0.125251,
SetTextureCoordinates,41,0.261696,0.134934,
SetTextureCoordinates,42,0.488090,0.138181,
SetTextureCoordinates,43,0.267933,0.149992,
SetTextureCoordinates,44,0.481853,0.153239,
SetTextureCoordinates,45,0.270060,0.166150,
SetTextureCoordinates,46,0.479726,0.169398,
SetTextureCoordinates,47,0.267933,0.182309,
SetTextureCoordinates,48,0.481853,0.185556,
SetTextureCoordinates,49,0.261696,0.197367,
SetTextureCoordinates,50,0.488090,0.200614,
SetTextureCoordinates,51,0.251774,0.210297,
SetTextureCoordinates,52,0.498012,0.213544,
SetTextureCoordinates,53,0.238844,0.220219,
SetTextureCoordinates,54,0.510942,0.223466,
SetTextureCoordinates,55,0.223786,0.226456,
SetTextureCoordinates,56,0.526000,0.229703,
SetTextureCoordinates,57,0.586305,0.213544,
SetTextureCoordinates,58,0.596227,0.200614,
SetTextureCoordinates,59,0.750314,0.210999,
SetTextureCoordinates,60,0.763244,0.220921,
SetTextureCoordinates,61,0.573375,0.223466,
SetTextureCoordinates,62,0.778302,0.227158,
SetTextureCoordinates,63,0.558317,0.229703,
SetTextureCoordinates,64,0.558317,0.109092,
SetTextureCoordinates,65,0.763244,0.112784,
SetTextureCoordinates,66,0.573375,0.115329,
SetTextureCoordinates,67,0.750314,0.122706,
SetTextureCoordinates,68,0.586305,0.125251,
SetTextureCoordinates,69,0.740392,0.135636,
SetTextureCoordinates,70,0.596227,0.138181,
SetTextureCoordinates,71,0.734155,0.150694,
SetTextureCoordinates,72,0.602464,0.153239,
SetTextureCoordinates,73,0.732028,0.166853,
SetTextureCoordinates,74,0.604591,0.169398,
SetTextureCoordinates,75,0.734155,0.183011,
SetTextureCoordinates,76,0.602464,0.185556,
SetTextureCoordinates,77,0.740392,0.198069,
SetColor,255,255,255,255,

CreateMeshBuilder,
;Jeminie 3DS Converter
AddVertex,-0.441232,2.135554,9.573409,
AddVertex,-0.439528,2.147866,9.577396,
AddVertex,-0.401188,2.137751,9.574121,
AddVertex,-0.402187,2.135456,9.573378,
AddVertex,-0.402528,2.132994,9.572580,
AddVertex,-0.402187,2.130532,9.571782,
AddVertex,-0.401188,2.128237,9.571039,
AddVertex,-0.399599,2.126267,9.570401,
AddVertex,-0.397528,2.124755,9.569912,
AddVertex,-0.395116,2.123805,9.569604,
AddVertex,-0.439528,2.123243,9.569422,
AddVertex,-0.392528,2.123480,9.569499,
AddVertex,-0.342935,2.123243,9.569422,
AddVertex,-0.434533,2.111770,9.565706,
AddVertex,-0.347930,2.111770,9.565706,
AddVertex,-0.426587,2.101919,9.562516,
AddVertex,-0.355876,2.101919,9.562516,
AddVertex,-0.416232,2.094359,9.560068,
AddVertex,-0.366232,2.094359,9.560068,
AddVertex,-0.404172,2.089607,9.558529,
AddVertex,-0.378291,2.089607,9.558529,
AddVertex,-0.391232,2.087986,9.558004,
AddVertex,-0.434533,2.159338,9.581111,
AddVertex,-0.359056,2.163343,9.582408,
AddVertex,-0.392528,2.142507,9.575661,
AddVertex,-0.395116,2.142183,9.575556,
AddVertex,-0.397528,2.141233,9.575248,
AddVertex,-0.399599,2.139721,9.574759,
AddVertex,-0.385457,2.126267,9.570401,
AddVertex,-0.383868,2.128237,9.571039,
AddVertex,-0.341232,2.135554,9.573409,
AddVertex,-0.387528,2.124755,9.569912,
AddVertex,-0.389940,2.123805,9.569604,
AddVertex,-0.382869,2.130532,9.571782,
AddVertex,-0.382528,2.132994,9.572580,
AddVertex,-0.382869,2.135456,9.573378,
AddVertex,-0.342935,2.147866,9.577396,
AddVertex,-0.347930,2.159338,9.581111,
AddVertex,-0.355876,2.169190,9.584302,
AddVertex,-0.426587,2.169190,9.584302,
AddVertex,-0.366232,2.176749,9.586750,
AddVertex,-0.416232,2.176749,9.586750,
AddVertex,-0.378291,2.181501,9.588288,
AddVertex,-0.404172,2.181501,9.588288,
AddVertex,-0.391232,2.183122,9.588814,
AddFace,0,1,2,
AddFace,0,2,3,
AddFace,0,3,4,
AddFace,0,4,5,
AddFace,0,5,6,
AddFace,0,6,7,
AddFace,0,7,8,
AddFace,0,8,9,
AddFace,10,0,9,
AddFace,9,11,10,
AddFace,10,11,12,
AddFace,13,10,12,
AddFace,13,12,14,
AddFace,15,13,14,
AddFace,15,14,16,
AddFace,17,15,16,
AddFace,17,16,18,
AddFace,19,17,18,
AddFace,19,18,20,
AddFace,20,21,19,
AddFace,1,22,23,
AddFace,1,23,24,
AddFace,1,24,25,
AddFace,1,25,26,
AddFace,1,26,27,
AddFace,1,27,2,
AddFace,28,29,30,
AddFace,31,28,30,
AddFace,32,31,30,
AddFace,32,30,12,
AddFace,11,32,12,
AddFace,29,33,30,
AddFace,33,34,30,
AddFace,34,35,30,
AddFace,35,23,30,
AddFace,23,36,30,
AddFace,23,37,36,
AddFace,23,38,37,
AddFace,39,38,23,
AddFace,22,39,23,
AddFace,39,40,38,
AddFace,39,41,40,
AddFace,41,42,40,
AddFace,41,43,42,
AddFace,43,44,42,
GenerateNormals,
LoadTexture,L1.png, L1.png
SetTextureCoordinates,0,-0.018379,0.495992,
SetTextureCoordinates,1,-0.001170,0.363942,
SetTextureCoordinates,2,0.386098,0.472433,
SetTextureCoordinates,3,0.376007,0.497043,
SetTextureCoordinates,4,0.372566,0.523453,
SetTextureCoordinates,5,0.376007,0.549863,
SetTextureCoordinates,6,0.386098,0.574473,
SetTextureCoordinates,7,0.402151,0.595607,
SetTextureCoordinates,8,0.423071,0.611823,
SetTextureCoordinates,9,0.447432,0.622017,
SetTextureCoordinates,10,-0.001170,0.628043,
SetTextureCoordinates,11,0.473576,0.625494,
SetTextureCoordinates,12,0.974513,0.628043,
SetTextureCoordinates,13,0.049285,0.751094,
SetTextureCoordinates,14,0.924058,0.751094,
SetTextureCoordinates,15,0.129547,0.856761,
SetTextureCoordinates,16,0.843796,0.856761,
SetTextureCoordinates,17,0.234146,0.937842,
SetTextureCoordinates,18,0.739197,0.937842,
SetTextureCoordinates,19,0.355955,0.988812,
SetTextureCoordinates,20,0.617388,0.988812,
SetTextureCoordinates,21,0.486672,1.006196,
SetTextureCoordinates,22,0.049285,0.240890,
SetTextureCoordinates,23,0.811675,0.197937,
SetTextureCoordinates,24,0.473576,0.421412,
SetTextureCoordinates,25,0.447432,0.424889,
SetTextureCoordinates,26,0.423071,0.435083,
SetTextureCoordinates,27,0.402151,0.451299,
SetTextureCoordinates,28,0.545001,0.595607,
SetTextureCoordinates,29,0.561053,0.574473,
SetTextureCoordinates,30,0.991722,0.495992,
SetTextureCoordinates,31,0.524081,0.611823,
SetTextureCoordinates,32,0.499719,0.622017,
SetTextureCoordinates,33,0.571144,0.549863,
SetTextureCoordinates,34,0.574586,0.523453,
SetTextureCoordinates,35,0.571144,0.497043,
SetTextureCoordinates,36,0.974513,0.363942,
SetTextureCoordinates,37,0.924058,0.240890,
SetTextureCoordinates,38,0.843796,0.135224,
SetTextureCoordinates,39,0.129547,0.135224,
SetTextureCoordinates,40,0.739197,0.054143,
SetTextureCoordinates,41,0.234146,0.054143,
SetTextureCoordinates,42,0.617388,0.003173,
SetTextureCoordinates,43,0.355955,0.003173,
SetTextureCoordinates,44,0.486672,-0.014212,
SetColor,255,255,255,255,

CreateMeshBuilder,
;Jeminie 3DS Converter
AddVertex,0.383970,2.421809,9.559036,
AddVertex,0.387962,2.421809,9.568111,
AddVertex,0.362091,2.421809,9.580712,
AddVertex,0.358100,2.421809,9.571638,
AddVertex,0.383970,2.411809,9.559036,
AddVertex,0.383970,2.421809,9.559036,
AddVertex,0.358100,2.421809,9.571638,
AddVertex,0.358100,2.411809,9.571638,
AddVertex,0.379979,2.411809,9.549961,
AddVertex,0.383970,2.411809,9.559036,
AddVertex,0.358100,2.411809,9.571638,
AddVertex,0.354108,2.411809,9.562563,
AddVertex,0.379979,2.431809,9.549961,
AddVertex,0.379979,2.411809,9.549961,
AddVertex,0.354108,2.411809,9.562563,
AddVertex,0.354108,2.431809,9.562563,
AddVertex,0.379979,2.431809,9.549961,
AddVertex,0.354108,2.431809,9.562563,
AddVertex,0.362091,2.431809,9.580712,
AddVertex,0.387962,2.431809,9.568111,
AddVertex,0.379979,2.431809,9.549961,
AddVertex,0.387962,2.431809,9.568111,
AddVertex,0.383970,2.421809,9.559036,
AddVertex,0.383970,2.411809,9.559036,
AddVertex,0.379979,2.411809,9.549961,
AddVertex,0.387962,2.421809,9.568111,
AddVertex,0.362091,2.431809,9.580712,
AddVertex,0.354108,2.431809,9.562563,
AddVertex,0.354108,2.411809,9.562563,
AddVertex,0.358100,2.421809,9.571638,
AddVertex,0.362091,2.421809,9.580712,
AddVertex,0.358100,2.411809,9.571638,
AddFace,0,1,2,
AddFace,2,3,0,
AddFace,4,5,6,
AddFace,6,7,4,
AddFace,8,9,10,
AddFace,10,11,8,
AddFace,12,13,14,
AddFace,14,15,12,
AddFace,16,17,18,
AddFace,18,19,16,
AddFace,20,21,22,
AddFace,20,22,23,
AddFace,23,24,20,
AddFace,21,25,22,
AddFace,26,27,28,
AddFace,28,29,26,
AddFace,29,30,26,
AddFace,31,29,28,
GenerateNormals,
LoadTexture,Metal_Ro.jpg,
SetTextureCoordinates,0,-2.336389,-46.042503,
SetTextureCoordinates,1,-2.357060,-46.087162,
SetTextureCoordinates,2,-2.223078,-46.149178,
SetTextureCoordinates,3,-2.202407,-46.104515,
SetTextureCoordinates,4,17.639679,-10.869137,
SetTextureCoordinates,5,17.639679,-10.918350,
SetTextureCoordinates,6,17.787315,-10.918350,
SetTextureCoordinates,7,17.787315,-10.869137,
SetTextureCoordinates,8,-2.315717,-45.997841,
SetTextureCoordinates,9,-2.336389,-46.042503,
SetTextureCoordinates,10,-2.202407,-46.104515,
SetTextureCoordinates,11,-2.181736,-46.059856,
SetTextureCoordinates,12,-17.639679,-10.967563,
SetTextureCoordinates,13,-17.639679,-10.869137,
SetTextureCoordinates,14,-17.787315,-10.869137,
SetTextureCoordinates,15,-17.787315,-10.967563,
SetTextureCoordinates,16,2.315717,-45.997841,
SetTextureCoordinates,17,2.181736,-46.059856,
SetTextureCoordinates,18,2.223078,-46.149178,
SetTextureCoordinates,19,2.357060,-46.087162,
SetTextureCoordinates,20,43.623405,-10.967563,
SetTextureCoordinates,21,43.721828,-10.967563,
SetTextureCoordinates,22,43.672615,-10.918350,
SetTextureCoordinates,23,43.672615,-10.869137,
SetTextureCoordinates,24,43.623405,-10.869137,
SetTextureCoordinates,25,43.721828,-10.918350,
SetTextureCoordinates,26,-43.721828,-10.967563,
SetTextureCoordinates,27,-43.623405,-10.967563,
SetTextureCoordinates,28,-43.623405,-10.869137,
SetTextureCoordinates,29,-43.672615,-10.918350,
SetTextureCoordinates,30,-43.721828,-10.918350,
SetTextureCoordinates,31,-43.672615,-10.869137,
SetColor,153,157,160,255,

CreateMeshBuilder,
;Jeminie 3DS Converter
AddVertex,0.109349,2.143658,9.576034,
AddVertex,0.109349,2.172199,9.585277,
AddVertex,0.169349,2.172199,9.585277,
AddVertex,0.169349,2.143658,9.576034,
AddFace,0,1,2,
AddFace,2,3,0,
GenerateNormals,
LoadTexture,N.png, N.png
SetTextureCoordinates,0,-0.012260,1.026960,
SetTextureCoordinates,1,-0.012260,-0.044469,
SetTextureCoordinates,2,1.022222,-0.044469,
SetTextureCoordinates,3,1.022222,1.026960,
SetColor,255,255,255,255,

CreateMeshBuilder,
;Jeminie 3DS Converter
AddVertex,-0.234167,3.480482,9.243474,
AddVertex,-0.117084,3.482948,9.245556,
AddVertex,-0.156756,3.698484,8.647009,
AddVertex,-0.235134,3.696578,8.646319,
AddVertex,-0.313513,3.694673,8.645629,
AddVertex,-0.351251,3.693755,8.645297,
AddVertex,-0.351251,3.478016,9.241392,
AddVertex,-0.025000,3.484887,9.247193,
AddVertex,-0.025000,3.701687,8.648168,
AddVertex,-0.025285,3.701694,8.648170,
AddVertex,-0.117084,3.482948,9.245556,
AddVertex,-0.117084,3.699448,8.647358,
AddVertex,-0.117084,3.699448,8.647358,
AddVertex,-0.024994,3.739079,8.016535,
AddVertex,-0.156756,3.698484,8.647009,
AddVertex,-0.117084,3.699448,8.647358,
AddVertex,-0.025285,3.701694,8.648170,
AddVertex,-0.025000,3.701687,8.648168,
AddVertex,-0.156756,3.698484,8.647009,
AddVertex,-0.024994,3.739079,8.016535,
AddVertex,-0.025000,3.746380,7.896943,
AddVertex,-0.156836,3.744272,7.896943,
AddVertex,-0.156756,3.698484,8.647009,
AddVertex,-0.156836,3.744272,7.896943,
AddVertex,-0.313513,3.736753,7.896943,
AddVertex,-0.235134,3.696578,8.646319,
AddVertex,-0.156756,3.698484,8.647009,
AddVertex,-0.313513,3.736753,7.896943,
AddVertex,-0.313513,3.694673,8.645629,
AddVertex,-0.313513,3.694673,8.645629,
AddVertex,-0.313513,3.736753,7.896943,
AddVertex,-0.469868,3.724228,7.896943,
AddVertex,-0.313513,3.694673,8.645629,
AddVertex,-0.469868,3.724228,7.896943,
AddVertex,-0.468334,3.690908,8.644267,
AddVertex,-0.351251,3.693755,8.645297,
AddVertex,-0.468334,3.690908,8.644267,
AddVertex,-0.468334,3.475550,9.239310,
AddVertex,-0.818646,3.665312,8.635003,
AddVertex,-0.827573,3.452811,9.220112,
AddVertex,-0.719729,3.459637,9.225875,
AddVertex,-0.701876,3.673844,8.638091,
AddVertex,-0.818646,3.665312,8.635003,
AddVertex,-0.701876,3.673844,8.638091,
AddVertex,-0.848382,3.672245,7.896943,
AddVertex,-0.935417,3.656780,8.631915,
AddVertex,-0.935417,3.656780,8.631915,
AddVertex,-0.935417,3.445985,9.214349,
AddVertex,-1.051563,3.433688,9.203966,
AddVertex,-0.935417,3.445985,9.214349,
AddVertex,-0.935417,3.656780,8.631915,
AddVertex,-1.051563,3.642585,8.626778,
AddVertex,-1.080022,3.430675,9.201423,
AddVertex,-1.080022,3.639107,8.625519,
AddVertex,-1.051563,3.642585,7.896943,
AddVertex,-1.080022,3.639107,7.896943,
AddVertex,-1.080022,3.639107,8.625519,
AddVertex,-1.051563,3.642585,8.626778,
AddVertex,-0.935417,3.656780,7.896943,
AddVertex,-0.935417,3.656780,8.631915,
AddVertex,-0.848382,3.672245,7.896943,
AddVertex,-0.935417,3.656780,7.896943,
AddVertex,-0.935417,3.656780,8.631915,
AddVertex,0.625744,3.679407,8.640104,
AddVertex,0.625744,3.706712,7.896943,
AddVertex,0.469868,3.724228,7.896943,
AddVertex,0.585105,3.682376,8.641179,
AddVertex,0.625744,3.679407,8.640104,
AddVertex,0.469868,3.724228,7.896943,
AddVertex,0.468334,3.690908,8.644267,
AddVertex,0.585105,3.468159,9.233069,
AddVertex,0.585105,3.682376,8.641179,
AddVertex,0.468334,3.690908,8.644267,
AddVertex,0.468334,3.475550,9.239310,
AddVertex,0.117084,3.482948,9.245556,
AddVertex,0.234167,3.480482,9.243474,
AddVertex,0.156836,3.698482,8.647008,
AddVertex,0.117084,3.699448,8.647358,
AddVertex,0.025000,3.484887,9.247193,
AddVertex,0.025000,3.701687,8.648168,
AddVertex,0.024715,3.701694,8.648170,
AddVertex,0.000000,3.702295,8.648388,
AddVertex,0.000000,3.485414,9.247638,
AddVertex,0.000000,3.485414,9.247638,
AddVertex,0.000000,3.702295,8.648388,
AddVertex,0.000000,3.702295,8.648388,
AddVertex,-0.659125,3.698236,7.896943,
AddVertex,-0.848382,3.672245,7.896943,
AddVertex,-0.701876,3.673844,8.638091,
AddVertex,-0.564497,3.711232,7.896943,
AddVertex,-0.564497,3.711232,7.896943,
AddVertex,-0.701876,3.673844,8.638091,
AddVertex,-0.585105,3.682376,8.641179,
AddVertex,-0.468334,3.690908,8.644267,
AddVertex,-0.468334,3.475550,9.239310,
AddVertex,-0.468334,3.690908,8.644267,
AddVertex,-0.585105,3.682376,8.641179,
AddVertex,-0.594032,3.467594,9.232593,
AddVertex,-0.468334,3.690908,8.644267,
AddVertex,-0.469868,3.724228,7.896943,
AddVertex,-0.564497,3.711232,7.896943,
AddVertex,-0.000000,3.746780,7.896943,
AddVertex,-0.000000,3.746780,7.896943,
AddVertex,0.000000,3.745981,7.910446,
AddVertex,0.024721,3.739167,8.015170,
AddVertex,-0.000000,3.746780,7.896943,
AddVertex,0.000000,3.745981,7.910446,
AddVertex,0.024715,3.701694,8.648170,
AddVertex,0.025000,3.701687,8.648168,
AddVertex,1.051563,3.642585,8.626778,
AddVertex,1.143254,3.631379,8.622722,
AddVertex,1.143254,3.631379,7.896943,
AddVertex,1.051563,3.642585,7.896943,
AddVertex,1.051563,3.642585,8.626778,
AddVertex,1.051563,3.642585,7.896943,
AddVertex,0.916271,3.663403,7.896943,
AddVertex,1.051563,3.642585,8.626778,
AddVertex,0.916271,3.663403,7.896943,
AddVertex,0.935417,3.656780,8.631915,
AddVertex,1.051563,3.433688,9.203966,
AddVertex,1.051563,3.642585,8.626778,
AddVertex,0.935417,3.656780,8.631915,
AddVertex,0.935417,3.445985,9.214349,
AddVertex,0.717071,3.672734,8.637690,
AddVertex,0.701876,3.460768,9.226830,
AddVertex,0.818646,3.453376,9.220589,
AddVertex,0.808399,3.666061,8.635274,
AddVertex,0.717071,3.672734,8.637690,
AddVertex,0.808399,3.666061,8.635274,
AddVertex,0.625744,3.706712,7.896943,
AddVertex,0.625744,3.679407,8.640104,
AddVertex,0.625744,3.679407,8.640104,
AddVertex,0.808399,3.666061,8.635274,
AddVertex,0.780980,3.684221,7.896943,
AddVertex,0.625744,3.706712,7.896943,
AddVertex,0.935417,3.656780,8.631915,
AddVertex,0.780980,3.684221,7.896943,
AddVertex,0.808399,3.666061,8.635274,
AddVertex,0.825748,3.664793,8.634815,
AddVertex,0.935417,3.445985,9.214349,
AddVertex,0.935417,3.656780,8.631915,
AddVertex,0.825748,3.664793,8.634815,
AddVertex,0.935417,3.656780,8.631915,
AddVertex,0.916271,3.663403,7.896943,
AddVertex,0.780980,3.684221,7.896943,
AddVertex,1.143254,3.423980,9.195770,
AddVertex,1.143254,3.631379,8.622722,
AddVertex,0.025006,3.739079,8.016535,
AddVertex,0.024721,3.739167,8.015170,
AddVertex,0.025006,3.739079,8.016535,
AddVertex,0.025000,3.746380,7.896943,
AddVertex,-0.000000,3.746780,7.896943,
AddVertex,0.156836,3.744272,7.896943,
AddVertex,0.156836,3.698482,8.647008,
AddVertex,0.156836,3.744272,7.896943,
AddVertex,0.156836,3.698482,8.647008,
AddVertex,0.234711,3.696589,8.646322,
AddVertex,0.312585,3.694695,8.645638,
AddVertex,0.313513,3.736753,7.896943,
AddVertex,0.156836,3.744272,7.896943,
AddVertex,0.312585,3.694695,8.645638,
AddVertex,0.313513,3.736753,7.896943,
AddVertex,0.312585,3.694695,8.645638,
AddVertex,0.351251,3.693755,8.645297,
AddVertex,0.468334,3.690908,8.644267,
AddVertex,0.469868,3.724228,7.896943,
AddVertex,0.313513,3.736753,7.896943,
AddVertex,0.468334,3.690908,8.644267,
AddVertex,0.468334,3.690908,8.644267,
AddVertex,0.351251,3.693755,8.645297,
AddVertex,0.351251,3.478016,9.241392,
AddVertex,0.468334,3.475550,9.239310,
AddVertex,0.234711,3.696589,8.646322,
AddVertex,0.312585,3.694695,8.645638,
AddVertex,0.117084,3.699448,8.647358,
AddVertex,0.156836,3.698482,8.647008,
AddVertex,0.050000,3.746780,7.896943,
AddVertex,0.049429,3.746780,7.896943,
AddVertex,0.049429,3.746611,7.899672,
AddVertex,0.000000,3.702295,8.648388,
AddFace,0,1,2,
AddFace,2,3,0,
AddFace,0,3,4,
AddFace,0,4,5,
AddFace,5,6,0,
AddFace,7,8,9,
AddFace,10,7,9,
AddFace,9,11,10,
AddFace,1,12,2,
AddFace,13,14,15,
AddFace,15,16,13,
AddFace,16,17,13,
AddFace,18,19,20,
AddFace,20,21,18,
AddFace,22,23,24,
AddFace,25,26,27,
AddFace,27,28,25,
AddFace,29,30,31,
AddFace,32,33,34,
AddFace,34,35,32,
AddFace,5,36,37,
AddFace,37,6,5,
AddFace,38,39,40,
AddFace,40,41,38,
AddFace,42,43,44,
AddFace,44,45,42,
AddFace,38,46,47,
AddFace,47,39,38,
AddFace,48,49,50,
AddFace,50,51,48,
AddFace,52,48,51,
AddFace,51,53,52,
AddFace,54,55,56,
AddFace,56,57,54,
AddFace,58,54,57,
AddFace,57,59,58,
AddFace,60,61,62,
AddFace,63,64,65,
AddFace,66,67,68,
AddFace,68,69,66,
AddFace,70,71,72,
AddFace,72,73,70,
AddFace,74,75,76,
AddFace,76,77,74,
AddFace,78,74,77,
AddFace,78,77,79,
AddFace,78,79,80,
AddFace,78,80,81,
AddFace,81,82,78,
AddFace,7,83,84,
AddFace,7,84,8,
AddFace,17,85,13,
AddFace,86,87,88,
AddFace,89,86,88,
AddFace,90,91,92,
AddFace,93,90,92,
AddFace,94,95,96,
AddFace,96,97,94,
AddFace,41,40,97,
AddFace,97,96,41,
AddFace,98,99,100,
AddFace,19,101,20,
AddFace,85,102,13,
AddFace,85,103,102,
AddFace,104,105,106,
AddFace,106,107,104,
AddFace,107,108,104,
AddFace,109,110,111,
AddFace,111,112,109,
AddFace,113,114,115,
AddFace,116,117,118,
AddFace,119,120,121,
AddFace,121,122,119,
AddFace,123,124,125,
AddFace,125,126,123,
AddFace,127,128,129,
AddFace,129,130,127,
AddFace,124,123,131,
AddFace,124,131,71,
AddFace,71,70,124,
AddFace,132,133,134,
AddFace,135,136,137,
AddFace,137,138,135,
AddFace,139,140,141,
AddFace,141,125,139,
AddFace,125,141,126,
AddFace,142,143,144,
AddFace,120,119,145,
AddFace,145,146,120,
AddFace,108,147,104,
AddFace,148,149,150,
AddFace,150,151,148,
AddFace,149,152,150,
AddFace,149,153,152,
AddFace,154,155,156,
AddFace,156,157,154,
AddFace,158,159,160,
AddFace,161,162,163,
AddFace,163,164,161,
AddFace,165,166,167,
AddFace,168,169,170,
AddFace,170,171,168,
AddFace,172,75,170,
AddFace,170,173,172,
AddFace,170,169,173,
AddFace,75,172,76,
AddFace,174,175,147,
AddFace,108,174,147,
AddFace,176,177,178,
AddFace,107,106,179,
GenerateNormals,
SetColor,35,35,35,255,

CreateMeshBuilder,
;Jeminie 3DS Converter
AddVertex,0.696250,2.229292,9.720181,
AddVertex,0.701876,2.229244,9.719744,
AddVertex,0.701876,2.825050,9.587201,
AddVertex,0.696250,2.825208,9.587613,
AddVertex,0.585105,2.230241,9.728817,
AddVertex,0.585105,2.828344,9.595763,
AddVertex,0.579302,2.230291,9.729268,
AddVertex,0.571487,2.828728,9.596762,
AddVertex,0.585105,2.190327,9.728817,
AddVertex,0.585105,1.160614,9.728817,
AddVertex,0.701876,1.160614,9.719744,
AddVertex,0.696250,2.185767,9.720181,
AddVertex,0.579302,2.190327,9.729268,
AddVertex,0.468334,2.190327,9.737891,
AddVertex,0.468334,1.160614,9.737891,
AddVertex,0.351251,2.190327,9.740918,
AddVertex,0.351251,1.160614,9.740918,
AddVertex,0.234167,2.190327,9.743945,
AddVertex,0.234167,1.160614,9.743945,
AddVertex,0.117084,2.190327,9.746973,
AddVertex,0.117084,1.160614,9.746973,
AddVertex,0.000000,2.190327,9.750000,
AddVertex,0.000000,1.160614,9.750000,
AddVertex,-0.117084,2.190327,9.746973,
AddVertex,-0.117084,1.160614,9.746973,
AddVertex,-0.117084,1.160614,9.746973,
AddVertex,-0.117084,2.190327,9.746973,
AddVertex,-0.234167,2.190327,9.743945,
AddVertex,-0.234167,1.160614,9.743945,
AddVertex,-0.351251,2.190327,9.740918,
AddVertex,-0.351251,1.160614,9.740918,
AddVertex,-0.468334,2.190327,9.737891,
AddVertex,-0.468334,1.160614,9.737891,
AddVertex,-0.594032,2.190327,9.728124,
AddVertex,-0.594032,1.160614,9.728124,
AddVertex,-0.719729,2.190327,9.718356,
AddVertex,-0.719729,1.160614,9.718356,
AddVertex,-0.788389,2.190327,9.713020,
AddVertex,-0.827573,2.214277,9.709976,
AddVertex,-0.827573,1.160614,9.709976,
AddVertex,-0.935417,2.227250,9.701595,
AddVertex,-0.935417,1.160614,9.701595,
AddVertex,-1.051563,2.225591,9.686500,
AddVertex,-1.051563,1.160614,9.686500,
AddVertex,-1.167709,2.223932,9.671404,
AddVertex,-1.167709,1.160614,9.671404,
AddVertex,-1.255056,2.221018,9.644889,
AddVertex,-1.255056,1.160614,9.644889,
AddVertex,-1.328224,2.215021,9.590306,
AddVertex,-1.328224,1.160614,9.590306,
AddVertex,-1.400000,2.718182,9.309449,
AddVertex,-1.378528,2.750396,9.393173,
AddVertex,-1.378528,3.293285,9.085424,
AddVertex,-1.400000,3.221014,9.024406,
AddVertex,-1.400000,3.221014,9.024406,
AddVertex,-1.378528,3.293285,9.085424,
AddVertex,-1.378528,3.471121,8.594056,
AddVertex,-1.400000,3.382399,8.578495,
AddVertex,0.000000,2.923612,9.566109,
AddVertex,0.117084,2.922119,9.563475,
AddVertex,0.117084,3.482948,9.245556,
AddVertex,0.000000,3.485414,9.247638,
AddVertex,-0.117084,3.482948,9.245556,
AddVertex,-0.117084,2.922119,9.563475,
AddVertex,-0.234167,3.480482,9.243474,
AddVertex,-0.234167,2.920626,9.560842,
AddVertex,-0.351251,3.478016,9.241392,
AddVertex,-0.351251,2.919133,9.558208,
AddVertex,-0.843589,2.228034,9.708732,
AddVertex,-0.935417,2.323704,9.680139,
AddVertex,-0.935417,2.227250,9.701595,
AddVertex,-0.843589,2.228034,9.708732,
AddVertex,-0.977738,2.386418,9.660552,
AddVertex,-0.997357,2.427407,9.648822,
AddVertex,-1.016306,2.485012,9.633484,
AddVertex,-1.051563,2.225591,9.686500,
AddVertex,-1.051563,2.812979,9.555830,
AddVertex,-1.167709,2.807498,9.541584,
AddVertex,-1.167709,2.223932,9.671404,
AddVertex,-1.255056,2.797871,9.516562,
AddVertex,-1.255056,2.221018,9.644889,
AddVertex,-1.255056,2.221018,9.644889,
AddVertex,-1.255056,2.797871,9.516562,
AddVertex,-1.328224,2.778053,9.465055,
AddVertex,-1.328224,2.215021,9.590306,
AddVertex,-1.328224,2.778053,9.465055,
AddVertex,-1.328224,3.355332,9.137811,
AddVertex,-1.378528,3.293285,9.085424,
AddVertex,-1.328224,3.355332,9.137811,
AddVertex,-1.328224,3.547293,8.607416,
AddVertex,-1.378528,3.471121,8.594056,
AddVertex,-0.827573,3.452811,9.220112,
AddVertex,-0.827573,2.903874,9.531289,
AddVertex,-0.719729,2.908007,9.538580,
AddVertex,-0.719729,3.459637,9.225875,
AddVertex,-0.935417,3.445985,9.214349,
AddVertex,-0.935417,2.899742,9.523999,
AddVertex,-1.025027,2.814232,9.559084,
AddVertex,-1.051563,3.433688,9.203966,
AddVertex,-1.051563,2.812979,9.555830,
AddVertex,-1.025027,2.814232,9.559084,
AddVertex,-1.027400,2.893846,9.513598,
AddVertex,-1.167709,3.421391,9.193584,
AddVertex,-1.080022,3.430675,9.201423,
AddVertex,-1.080022,3.639107,8.625519,
AddVertex,-1.167709,3.628390,8.621640,
AddVertex,-1.255056,3.399793,9.175348,
AddVertex,-1.167709,3.421391,9.193584,
AddVertex,-1.167709,3.628390,8.621640,
AddVertex,-1.255056,3.601875,8.616989,
AddVertex,-1.328224,3.355332,9.137811,
AddVertex,-1.255056,3.399793,9.175348,
AddVertex,-1.255056,3.601875,8.616989,
AddVertex,-1.328224,3.547293,8.607416,
AddVertex,0.585105,3.468159,9.233069,
AddVertex,0.468334,3.475550,9.239310,
AddVertex,0.468334,2.917641,9.555574,
AddVertex,0.568045,2.913895,9.548791,
AddVertex,0.695211,2.903538,9.543303,
AddVertex,0.701876,2.929450,9.528019,
AddVertex,1.167709,3.421391,9.193584,
AddVertex,1.126628,2.922530,9.482512,
AddVertex,1.131563,2.809204,9.546018,
AddVertex,1.167709,2.807498,9.541584,
AddVertex,1.255056,3.399793,9.175348,
AddVertex,1.255056,2.797871,9.516562,
AddVertex,1.328224,3.355332,9.137811,
AddVertex,1.255056,3.399793,9.175348,
AddVertex,1.255056,2.797871,9.516562,
AddVertex,1.328224,2.778053,9.465055,
AddVertex,1.378528,2.750396,9.393173,
AddVertex,1.378528,3.293285,9.085424,
AddVertex,1.328224,3.547293,8.607416,
AddVertex,1.328224,3.355332,9.137811,
AddVertex,1.378528,3.293285,9.085424,
AddVertex,1.378528,3.471121,8.594056,
AddVertex,1.400000,3.221014,9.024406,
AddVertex,1.400000,3.382399,8.578495,
AddVertex,1.378528,3.471121,8.594056,
AddVertex,1.378528,3.293285,9.085424,
AddVertex,1.400000,2.718182,9.309449,
AddVertex,1.400000,3.221014,9.024406,
AddVertex,1.400000,2.196901,9.425412,
AddVertex,1.378528,2.206650,9.514134,
AddVertex,1.378528,1.160614,9.514134,
AddVertex,1.400000,1.160614,9.425412,
AddVertex,1.328224,1.160614,9.590306,
AddVertex,1.328224,2.215021,9.590306,
AddVertex,1.328224,1.160614,9.590306,
AddVertex,1.328224,2.215021,9.590306,
AddVertex,1.255056,2.221018,9.644889,
AddVertex,1.255056,1.160614,9.644889,
AddVertex,1.167709,2.223932,9.671404,
AddVertex,1.167709,1.160614,9.671404,
AddVertex,1.051563,2.225591,9.686500,
AddVertex,1.051563,1.160614,9.686500,
AddVertex,0.935417,2.213863,9.701595,
AddVertex,0.935417,1.160614,9.701595,
AddVertex,0.907032,2.185767,9.703801,
AddVertex,0.818646,2.185767,9.710670,
AddVertex,0.818646,1.160614,9.710670,
AddVertex,0.701876,2.185767,9.719744,
AddVertex,0.952514,2.227005,9.699373,
AddVertex,0.559004,2.913962,9.549561,
AddVertex,0.234167,2.920626,9.560842,
AddVertex,0.234167,3.480482,9.243474,
AddVertex,0.025000,3.484887,9.247193,
AddVertex,-0.594032,2.912824,9.547077,
AddVertex,-0.594032,3.467594,9.232593,
AddVertex,1.051563,3.433688,9.203966,
AddVertex,0.935417,3.445985,9.214349,
AddVertex,0.935417,2.929450,9.507158,
AddVertex,1.051563,2.925746,9.491905,
AddVertex,1.080477,2.354675,9.653934,
AddVertex,1.051563,2.320346,9.665421,
AddVertex,1.051563,2.225591,9.686500,
AddVertex,1.142416,2.496716,9.614088,
AddVertex,1.167709,2.223932,9.671404,
AddVertex,1.255056,2.797871,9.516562,
AddVertex,1.255056,2.221018,9.644889,
AddVertex,1.328224,2.215021,9.590306,
AddVertex,1.378528,2.206650,9.514134,
AddVertex,0.701876,3.460768,9.226830,
AddVertex,0.701876,2.929450,9.528019,
AddVertex,0.818646,2.929450,9.517589,
AddVertex,0.818646,3.453376,9.220589,
AddVertex,0.694865,2.929648,9.528533,
AddVertex,0.701876,3.460768,9.226830,
AddVertex,0.977277,2.250341,9.690886,
AddVertex,0.964896,2.238673,9.695129,
AddVertex,1.002039,2.273676,9.682397,
AddVertex,0.952514,2.227005,9.699373,
AddVertex,1.143254,3.423980,9.195770,
AddVertex,1.167709,3.628390,8.621640,
AddVertex,1.167709,3.421391,9.193584,
AddVertex,1.255056,3.399793,9.175348,
AddVertex,1.255056,3.601875,8.616989,
AddVertex,1.255056,3.601875,8.616989,
AddVertex,1.255056,3.399793,9.175348,
AddVertex,1.328224,3.355332,9.137811,
AddVertex,1.328224,3.547293,8.607416,
AddVertex,0.351251,3.478016,9.241392,
AddVertex,0.351251,2.919133,9.558208,
AddVertex,0.351251,2.919133,9.558208,
AddVertex,0.351251,3.478016,9.241392,
AddVertex,-0.025000,3.484887,9.247193,
AddVertex,-1.255056,2.797871,9.516562,
AddVertex,-1.255056,3.399793,9.175348,
AddVertex,-1.167709,2.807498,9.541584,
AddVertex,-1.167709,3.421391,9.193584,
AddVertex,-1.080022,3.430675,9.201423,
AddFace,0,1,2,
AddFace,2,3,0,
AddFace,4,0,3,
AddFace,3,5,4,
AddFace,6,4,5,
AddFace,5,7,6,
AddFace,8,9,10,
AddFace,10,11,8,
AddFace,11,0,8,
AddFace,0,4,8,
AddFace,8,4,6,
AddFace,6,12,8,
AddFace,8,12,13,
AddFace,9,8,13,
AddFace,13,14,9,
AddFace,14,13,15,
AddFace,15,16,14,
AddFace,16,15,17,
AddFace,17,18,16,
AddFace,18,17,19,
AddFace,19,20,18,
AddFace,20,19,21,
AddFace,21,22,20,
AddFace,22,21,23,
AddFace,23,24,22,
AddFace,25,26,27,
AddFace,27,28,25,
AddFace,28,27,29,
AddFace,29,30,28,
AddFace,30,29,31,
AddFace,31,32,30,
AddFace,32,31,33,
AddFace,33,34,32,
AddFace,34,33,35,
AddFace,35,36,34,
AddFace,35,37,36,
AddFace,36,37,38,
AddFace,38,39,36,
AddFace,39,38,40,
AddFace,40,41,39,
AddFace,41,40,42,
AddFace,42,43,41,
AddFace,43,42,44,
AddFace,44,45,43,
AddFace,45,44,46,
AddFace,46,47,45,
AddFace,47,46,48,
AddFace,48,49,47,
AddFace,50,51,52,
AddFace,52,53,50,
AddFace,54,55,56,
AddFace,56,57,54,
AddFace,58,59,60,
AddFace,60,61,58,
AddFace,58,61,62,
AddFace,62,63,58,
AddFace,64,65,63,
AddFace,63,62,64,
AddFace,65,64,66,
AddFace,66,67,65,
AddFace,38,68,40,
AddFace,69,70,71,
AddFace,70,72,73,
AddFace,70,73,74,
AddFace,75,70,74,
AddFace,74,76,75,
AddFace,75,76,77,
AddFace,77,78,75,
AddFace,78,77,79,
AddFace,79,80,78,
AddFace,81,82,83,
AddFace,83,84,81,
AddFace,51,85,86,
AddFace,86,52,51,
AddFace,87,88,89,
AddFace,89,90,87,
AddFace,91,92,93,
AddFace,93,94,91,
AddFace,92,91,95,
AddFace,95,96,92,
AddFace,74,97,76,
AddFace,98,99,100,
AddFace,100,101,98,
AddFace,101,96,98,
AddFace,96,95,98,
AddFace,102,103,104,
AddFace,104,105,102,
AddFace,106,107,108,
AddFace,108,109,106,
AddFace,110,111,112,
AddFace,112,113,110,
AddFace,114,115,116,
AddFace,114,116,117,
AddFace,114,117,7,
AddFace,7,5,114,
AddFace,118,114,5,
AddFace,5,3,118,
AddFace,119,118,3,
AddFace,3,2,119,
AddFace,120,121,122,
AddFace,122,123,120,
AddFace,124,120,123,
AddFace,123,125,124,
AddFace,126,127,128,
AddFace,128,129,126,
AddFace,126,129,130,
AddFace,130,131,126,
AddFace,132,133,134,
AddFace,134,135,132,
AddFace,136,137,138,
AddFace,138,139,136,
AddFace,140,141,131,
AddFace,131,130,140,
AddFace,142,143,144,
AddFace,144,145,142,
AddFace,146,144,143,
AddFace,143,147,146,
AddFace,148,149,150,
AddFace,150,151,148,
AddFace,151,150,152,
AddFace,152,153,151,
AddFace,153,152,154,
AddFace,154,155,153,
AddFace,155,154,156,
AddFace,156,157,155,
AddFace,157,156,158,
AddFace,157,158,159,
AddFace,159,160,157,
AddFace,160,159,161,
AddFace,161,10,160,
AddFace,161,11,10,
AddFace,0,11,161,
AddFace,161,1,0,
AddFace,154,162,156,
AddFace,116,163,117,
AddFace,59,164,165,
AddFace,165,60,59,
AddFace,60,166,61,
AddFace,94,93,167,
AddFace,167,168,94,
AddFace,169,170,171,
AddFace,171,172,169,
AddFace,120,169,172,
AddFace,120,172,121,
AddFace,173,174,175,
AddFace,176,173,175,
AddFace,176,175,177,
AddFace,177,123,176,
AddFace,123,122,176,
AddFace,178,123,177,
AddFace,177,179,178,
AddFace,129,178,179,
AddFace,179,180,129,
AddFace,129,180,181,
AddFace,181,130,129,
AddFace,182,183,184,
AddFace,184,185,182,
AddFace,186,187,114,
AddFace,118,186,114,
AddFace,119,186,118,
AddFace,187,186,119,
AddFace,171,170,185,
AddFace,185,184,171,
AddFace,188,189,175,
AddFace,175,174,188,
AddFace,174,190,188,
AddFace,189,191,175,
AddFace,120,192,169,
AddFace,193,194,195,
AddFace,195,196,193,
AddFace,197,198,199,
AddFace,199,200,197,
AddFace,115,201,202,
AddFace,202,116,115,
AddFace,164,203,204,
AddFace,204,165,164,
AddFace,61,205,62,
AddFace,206,207,86,
AddFace,86,85,206,
AddFace,207,206,208,
AddFace,208,209,207,
AddFace,209,208,99,
AddFace,99,210,209,
AddFace,99,98,210,
AddFace,70,69,72,
GenerateNormals,
LoadTexture,TCfront.png,
SetTextureCoordinates,0,-3.725183,0.593978,
SetTextureCoordinates,1,-3.727199,0.593997,
SetTextureCoordinates,2,-3.730910,0.358367,
SetTextureCoordinates,3,-3.728895,0.358304,
SetTextureCoordinates,4,-3.685369,0.593612,
SetTextureCoordinates,5,-3.689095,0.357073,
SetTextureCoordinates,6,-3.683290,0.593593,
SetTextureCoordinates,7,-3.684218,0.356922,
SetTextureCoordinates,8,-3.685369,0.609023,
SetTextureCoordinates,9,-3.685369,1.006595,
SetTextureCoordinates,10,-3.727199,1.006595,
SetTextureCoordinates,11,-3.725183,0.610783,
SetTextureCoordinates,12,-3.683290,0.609023,
SetTextureCoordinates,13,-3.643539,0.609023,
SetTextureCoordinates,14,-3.643539,1.006595,
SetTextureCoordinates,15,-3.601710,0.609023,
SetTextureCoordinates,16,-3.601710,1.006595,
SetTextureCoordinates,17,-3.559880,0.609023,
SetTextureCoordinates,18,-3.559880,1.006595,
SetTextureCoordinates,19,-3.518051,0.609023,
SetTextureCoordinates,20,-3.518051,1.006595,
SetTextureCoordinates,21,-3.476221,0.609023,
SetTextureCoordinates,22,-3.476221,1.006595,
SetTextureCoordinates,23,-3.434392,0.609023,
SetTextureCoordinates,24,-3.434392,1.006595,
SetTextureCoordinates,25,-3.437056,1.008343,
SetTextureCoordinates,26,-3.437056,0.610770,
SetTextureCoordinates,27,-3.395227,0.610770,
SetTextureCoordinates,28,-3.395227,1.008343,
SetTextureCoordinates,29,-3.353397,0.610770,
SetTextureCoordinates,30,-3.353397,1.008343,
SetTextureCoordinates,31,-3.311568,0.610770,
SetTextureCoordinates,32,-3.311568,1.008343,
SetTextureCoordinates,33,-3.266541,0.610770,
SetTextureCoordinates,34,-3.266541,1.008343,
SetTextureCoordinates,35,-3.221513,0.610770,
SetTextureCoordinates,36,-3.221513,1.008343,
SetTextureCoordinates,37,-3.196918,0.610770,
SetTextureCoordinates,38,-3.182881,0.601523,
SetTextureCoordinates,39,-3.182881,1.008343,
SetTextureCoordinates,40,-3.144250,0.596514,
SetTextureCoordinates,41,-3.144250,1.008343,
SetTextureCoordinates,42,-3.102420,0.597155,
SetTextureCoordinates,43,-3.102420,1.008343,
SetTextureCoordinates,44,-3.060591,0.597795,
SetTextureCoordinates,45,-3.060591,1.008343,
SetTextureCoordinates,46,-3.027989,0.598920,
SetTextureCoordinates,47,-3.027989,1.008343,
SetTextureCoordinates,48,-2.995388,0.601236,
SetTextureCoordinates,49,-2.995388,1.008343,
SetTextureCoordinates,50,-2.929057,0.327334,
SetTextureCoordinates,51,-2.961592,0.332927,
SetTextureCoordinates,52,-2.964580,0.092003,
SetTextureCoordinates,53,-2.931825,0.104186,
SetTextureCoordinates,54,-3.025771,0.261006,
SetTextureCoordinates,55,-3.060051,0.266393,
SetTextureCoordinates,56,-3.022897,0.068671,
SetTextureCoordinates,57,-2.992055,0.081576,
SetTextureCoordinates,58,-3.477958,0.315157,
SetTextureCoordinates,59,-3.519783,0.315764,
SetTextureCoordinates,60,-3.522871,0.066878,
SetTextureCoordinates,61,-3.481050,0.065840,
SetTextureCoordinates,62,-3.439219,0.065666,
SetTextureCoordinates,63,-3.436132,0.314551,
SetTextureCoordinates,64,-3.397388,0.065491,
SetTextureCoordinates,65,-3.394306,0.313945,
SetTextureCoordinates,66,-3.355557,0.065316,
SetTextureCoordinates,67,-3.352480,0.313338,
SetTextureCoordinates,68,-3.177144,0.596212,
SetTextureCoordinates,69,-3.136285,0.541942,
SetTextureCoordinates,70,-3.134995,0.580068,
SetTextureCoordinates,71,-3.167857,0.581671,
SetTextureCoordinates,72,-3.121908,0.516078,
SetTextureCoordinates,73,-3.115403,0.499378,
SetTextureCoordinates,74,-3.109361,0.476127,
SetTextureCoordinates,75,-3.093215,0.577774,
SetTextureCoordinates,76,-3.101073,0.345595,
SetTextureCoordinates,77,-3.059242,0.344812,
SetTextureCoordinates,78,-3.051435,0.575481,
SetTextureCoordinates,79,-3.026611,0.345053,
SetTextureCoordinates,80,-3.018893,0.573068,
SetTextureCoordinates,81,-3.026344,0.592429,
SetTextureCoordinates,82,-3.034061,0.364414,
SetTextureCoordinates,83,-3.001375,0.366274,
SetTextureCoordinates,84,-2.993843,0.588826,
SetTextureCoordinates,85,-2.994136,0.337796,
SetTextureCoordinates,86,-2.997313,0.081610,
SetTextureCoordinates,87,-2.998315,0.268743,
SetTextureCoordinates,88,-3.032264,0.272375,
SetTextureCoordinates,89,-2.992160,0.058950,
SetTextureCoordinates,90,-2.961162,0.071021,
SetTextureCoordinates,91,-3.185002,0.067258,
SetTextureCoordinates,92,-3.181980,0.310867,
SetTextureCoordinates,93,-3.220608,0.311427,
SetTextureCoordinates,94,-3.223645,0.066623,
SetTextureCoordinates,95,-3.146358,0.067894,
SetTextureCoordinates,96,-3.143352,0.310307,
SetTextureCoordinates,97,-3.110630,0.345774,
SetTextureCoordinates,98,-3.104506,0.069441,
SetTextureCoordinates,99,-3.101089,0.344900,
SetTextureCoordinates,100,-3.110643,0.345238,
SetTextureCoordinates,101,-3.110227,0.309826,
SetTextureCoordinates,102,-3.064240,0.319990,
SetTextureCoordinates,103,-3.095855,0.320118,
SetTextureCoordinates,104,-3.086273,0.083874,
SetTextureCoordinates,105,-3.054723,0.085370,
SetTextureCoordinates,106,-3.041268,0.300151,
SetTextureCoordinates,107,-3.073914,0.296841,
SetTextureCoordinates,108,-3.030668,0.066696,
SetTextureCoordinates,109,-2.999050,0.075472,
SetTextureCoordinates,110,-3.020390,0.293372,
SetTextureCoordinates,111,-3.053773,0.293986,
SetTextureCoordinates,112,-3.011554,0.069308,
SetTextureCoordinates,113,-2.980286,0.079947,
SetTextureCoordinates,114,-3.699648,0.073339,
SetTextureCoordinates,115,-3.657901,0.070228,
SetTextureCoordinates,116,-3.648698,0.317641,
SetTextureCoordinates,117,-3.684389,0.319159,
SetTextureCoordinates,118,-3.729815,0.323569,
SetTextureCoordinates,119,-3.732632,0.312069,
SetTextureCoordinates,120,-3.912155,0.092197,
SetTextureCoordinates,121,-3.885950,0.313540,
SetTextureCoordinates,122,-3.885148,0.363725,
SetTextureCoordinates,123,-3.898160,0.364236,
SetTextureCoordinates,124,-3.944512,0.097931,
SetTextureCoordinates,125,-3.930789,0.364665,
SetTextureCoordinates,126,-4.025407,0.122868,
SetTextureCoordinates,127,-3.995835,0.106115,
SetTextureCoordinates,128,-3.931054,0.363918,
SetTextureCoordinates,129,-3.963279,0.370117,
SetTextureCoordinates,130,-3.995806,0.375113,
SetTextureCoordinates,131,-4.054234,0.142594,
SetTextureCoordinates,132,-4.075764,0.073666,
SetTextureCoordinates,133,-3.911341,0.199499,
SetTextureCoordinates,134,-3.938382,0.221987,
SetTextureCoordinates,135,-4.090705,0.105413,
SetTextureCoordinates,136,-3.941281,0.267221,
SetTextureCoordinates,137,-4.079513,0.161431,
SetTextureCoordinates,138,-4.065213,0.129194,
SetTextureCoordinates,139,-3.912889,0.245768,
SetTextureCoordinates,140,-4.028509,0.379410,
SetTextureCoordinates,141,-4.082625,0.164047,
SetTextureCoordinates,142,0.000000,0.599889,
SetTextureCoordinates,143,0.032601,0.596125,
SetTextureCoordinates,144,0.032601,1.000000,
SetTextureCoordinates,145,0.000000,1.000000,
SetTextureCoordinates,146,0.065202,1.000000,
SetTextureCoordinates,147,0.065202,0.592893,
SetTextureCoordinates,148,-3.959719,1.006595,
SetTextureCoordinates,149,-3.959719,0.599488,
SetTextureCoordinates,150,-3.927118,0.597172,
SetTextureCoordinates,151,-3.927118,1.006595,
SetTextureCoordinates,152,-3.894517,0.596048,
SetTextureCoordinates,153,-3.894517,1.006595,
SetTextureCoordinates,154,-3.852687,0.595407,
SetTextureCoordinates,155,-3.852687,1.006595,
SetTextureCoordinates,156,-3.810858,0.599935,
SetTextureCoordinates,157,-3.810858,1.006595,
SetTextureCoordinates,158,-3.800689,0.610783,
SetTextureCoordinates,159,-3.769028,0.610783,
SetTextureCoordinates,160,-3.769028,1.006595,
SetTextureCoordinates,161,-3.727199,0.610783,
SetTextureCoordinates,162,-3.817015,0.594861,
SetTextureCoordinates,163,-3.681148,0.319142,
SetTextureCoordinates,164,-3.561609,0.316370,
SetTextureCoordinates,165,-3.564691,0.067916,
SetTextureCoordinates,166,-3.489980,0.066062,
SetTextureCoordinates,167,-3.265631,0.312079,
SetTextureCoordinates,168,-3.268685,0.065883,
SetTextureCoordinates,169,-3.870501,0.087536,
SetTextureCoordinates,170,-3.828846,0.082875,
SetTextureCoordinates,171,-3.817071,0.311770,
SetTextureCoordinates,172,-3.858921,0.312624,
SetTextureCoordinates,173,-3.863912,0.543715,
SetTextureCoordinates,174,-3.853281,0.557422,
SetTextureCoordinates,175,-3.852691,0.594896,
SetTextureCoordinates,176,-3.887112,0.487259,
SetTextureCoordinates,177,-3.894525,0.595026,
SetTextureCoordinates,178,-3.930732,0.366366,
SetTextureCoordinates,179,-3.927139,0.594501,
SetTextureCoordinates,180,-3.959772,0.592785,
SetTextureCoordinates,181,-3.992419,0.590154,
SetTextureCoordinates,182,-3.745450,0.075267,
SetTextureCoordinates,183,-3.733337,0.310714,
SetTextureCoordinates,184,-3.775204,0.311242,
SetTextureCoordinates,185,-3.787148,0.079071,
SetTextureCoordinates,186,-3.730121,0.311991,
SetTextureCoordinates,187,-3.741396,0.076449,
SetTextureCoordinates,188,-3.826082,0.585445,
SetTextureCoordinates,189,-3.821549,0.590115,
SetTextureCoordinates,190,-3.835149,0.576104,
SetTextureCoordinates,191,-3.817016,0.594786,
SetTextureCoordinates,192,-3.903385,0.091216,
SetTextureCoordinates,193,-3.965340,0.018009,
SetTextureCoordinates,194,-3.944210,0.251741,
SetTextureCoordinates,195,-3.976997,0.251405,
SetTextureCoordinates,196,-3.997625,0.023225,
SetTextureCoordinates,197,-4.077145,0.105281,
SetTextureCoordinates,198,-3.904053,0.237749,
SetTextureCoordinates,199,-3.928768,0.262016,
SetTextureCoordinates,200,-4.093190,0.136183,
SetTextureCoordinates,201,-3.616121,0.067980,
SetTextureCoordinates,202,-3.606902,0.315824,
SetTextureCoordinates,203,-3.603435,0.316976,
SetTextureCoordinates,204,-3.606511,0.068955,
SetTextureCoordinates,205,-3.472118,0.065803,
SetTextureCoordinates,206,-3.026695,0.341419,
SetTextureCoordinates,207,-3.030008,0.074297,
SetTextureCoordinates,208,-3.059274,0.343422,
SetTextureCoordinates,209,-3.062653,0.070988,
SetTextureCoordinates,210,-3.094251,0.069820,
SetColor,255,255,255,255,

CreateMeshBuilder,
;Jeminie 3DS Converter
AddVertex,1.350000,1.210614,9.425412,
AddVertex,1.350000,2.196901,9.425412,
AddVertex,1.350000,2.718182,9.309449,
AddVertex,1.350000,3.221014,9.024406,
AddVertex,1.350000,2.254055,8.960831,
AddVertex,1.350000,2.254055,8.686105,
AddVertex,1.350000,1.210614,7.896943,
AddVertex,1.350000,3.382399,8.578495,
AddVertex,1.350000,1.368626,7.896943,
AddVertex,1.350000,3.382399,7.896943,
AddVertex,-1.350000,1.210614,8.096943,
AddVertex,-1.350000,3.382399,8.096943,
AddVertex,-1.350000,1.978364,8.224072,
AddVertex,-1.350000,1.210614,9.333165,
AddVertex,1.350000,2.854055,8.686105,
AddVertex,1.350000,2.854055,8.826105,
AddVertex,1.350000,2.509455,8.960831,
AddVertex,-1.350000,2.254055,8.960831,
AddVertex,-1.350000,2.509455,8.960831,
AddVertex,-1.350000,2.254055,8.686105,
AddVertex,-1.350000,2.328364,8.474072,
AddVertex,-1.350000,1.978364,8.474072,
AddVertex,-1.350000,2.328364,8.224072,
AddVertex,-1.350000,2.873831,8.221420,
AddVertex,-1.350000,2.697480,8.289194,
AddVertex,-1.350000,2.873831,8.421420,
AddVertex,-1.350000,2.697480,8.389194,
AddVertex,-1.350000,2.547480,8.289194,
AddVertex,-1.350000,2.547480,8.389194,
AddVertex,-1.350000,3.003831,8.421420,
AddVertex,-1.350000,3.382399,8.578495,
AddVertex,-1.350000,3.003831,8.221420,
AddVertex,-1.350000,2.854055,8.686105,
AddVertex,-1.350000,3.221014,9.024406,
AddVertex,-1.350000,2.854055,8.826105,
AddVertex,-1.350000,2.323450,9.119915,
AddVertex,-1.350000,2.281606,9.333165,
AddVertex,-1.350000,1.974778,9.333165,
AddVertex,-1.350001,1.974778,9.336844,
AddVertex,-1.350000,1.974778,9.333165,
AddVertex,-1.350000,2.281606,9.336569,
AddVertex,-1.350000,2.281606,9.406569,
AddVertex,-1.350000,2.196901,9.425412,
AddVertex,-1.350000,2.718182,9.309449,
AddVertex,-1.350000,2.640588,9.119915,
AddVertex,-1.350000,2.640588,9.326711,
AddVertex,-1.350000,2.323450,9.397261,
AddVertex,-1.350000,2.281606,9.336569,
AddVertex,-1.350000,2.281606,9.406569,
AddFace,0,1,2,
AddFace,0,2,3,
AddFace,0,3,4,
AddFace,0,4,5,
AddFace,6,0,5,
AddFace,6,5,7,
AddFace,8,6,7,
AddFace,7,9,8,
AddFace,10,11,12,
AddFace,12,13,10,
AddFace,3,7,14,
AddFace,14,15,3,
AddFace,15,16,3,
AddFace,16,4,3,
AddFace,17,18,13,
AddFace,19,17,13,
AddFace,20,19,13,
AddFace,21,20,13,
AddFace,12,21,13,
AddFace,22,12,23,
AddFace,24,22,23,
AddFace,23,25,24,
AddFace,25,26,24,
AddFace,27,28,20,
AddFace,20,22,27,
AddFace,24,27,22,
AddFace,28,26,20,
AddFace,26,25,20,
AddFace,25,29,20,
AddFace,30,20,29,
AddFace,30,29,31,
AddFace,11,30,31,
AddFace,31,23,11,
AddFace,11,23,12,
AddFace,20,30,19,
AddFace,32,19,30,
AddFace,30,33,32,
AddFace,33,34,32,
AddFace,33,18,34,
AddFace,18,33,35,
AddFace,18,35,13,
AddFace,35,36,13,
AddFace,36,37,13,
AddFace,38,39,40,
AddFace,40,41,38,
AddFace,41,42,38,
AddFace,33,43,44,
AddFace,44,35,33,
AddFace,43,45,44,
AddFace,35,46,36,
AddFace,46,47,36,
AddFace,46,48,47,
AddFace,5,14,7,
GenerateNormals,
LoadTexture,TCinside.png,
SetTextureCoordinates,0,0.984533,0.992170,
SetTextureCoordinates,1,0.984533,0.579715,
SetTextureCoordinates,2,0.978471,0.361721,
SetTextureCoordinates,3,0.963571,0.151442,
SetTextureCoordinates,4,0.960248,0.555814,
SetTextureCoordinates,5,0.945887,0.555814,
SetTextureCoordinates,6,0.904635,0.992170,
SetTextureCoordinates,7,0.940262,0.083952,
SetTextureCoordinates,8,0.904635,0.926091,
SetTextureCoordinates,9,0.904635,0.083952,
SetTextureCoordinates,10,0.915089,0.992170,
SetTextureCoordinates,11,0.915089,0.083952,
SetTextureCoordinates,12,0.921735,0.671105,
SetTextureCoordinates,13,0.979711,0.992170,
SetTextureCoordinates,14,0.945887,0.304900,
SetTextureCoordinates,15,0.953205,0.304900,
SetTextureCoordinates,16,0.960248,0.449008,
SetTextureCoordinates,17,0.960248,0.555814,
SetTextureCoordinates,18,0.960248,0.449008,
SetTextureCoordinates,19,0.945887,0.555814,
SetTextureCoordinates,20,0.934803,0.524739,
SetTextureCoordinates,21,0.934803,0.671105,
SetTextureCoordinates,22,0.921735,0.524739,
SetTextureCoordinates,23,0.921596,0.296630,
SetTextureCoordinates,24,0.925139,0.370378,
SetTextureCoordinates,25,0.932051,0.296630,
SetTextureCoordinates,26,0.930366,0.370378,
SetTextureCoordinates,27,0.925139,0.433106,
SetTextureCoordinates,28,0.930366,0.433106,
SetTextureCoordinates,29,0.932051,0.242265,
SetTextureCoordinates,30,0.940262,0.083952,
SetTextureCoordinates,31,0.921596,0.242265,
SetTextureCoordinates,32,0.945887,0.304900,
SetTextureCoordinates,33,0.963571,0.151442,
SetTextureCoordinates,34,0.953205,0.304900,
SetTextureCoordinates,35,0.968564,0.526793,
SetTextureCoordinates,36,0.979711,0.544292,
SetTextureCoordinates,37,0.979711,0.672605,
SetTextureCoordinates,38,0.979903,0.672606,
SetTextureCoordinates,39,0.979711,0.672606,
SetTextureCoordinates,40,0.979889,0.544293,
SetTextureCoordinates,41,0.983548,0.544293,
SetTextureCoordinates,42,0.984533,0.579716,
SetTextureCoordinates,43,0.978471,0.361721,
SetTextureCoordinates,44,0.968564,0.394170,
SetTextureCoordinates,45,0.979374,0.394170,
SetTextureCoordinates,46,0.983062,0.526793,
SetTextureCoordinates,47,0.979889,0.544292,
SetTextureCoordinates,48,0.983548,0.544292,
SetColor,255,255,255,255,

CreateMeshBuilder,
;Jeminie 3DS Converter
AddVertex,-1.400000,1.160614,9.375413,
AddVertex,-1.400000,1.160614,9.425412,
AddVertex,-1.400000,2.196901,9.425412,
AddVertex,-1.400000,2.718182,9.309449,
AddVertex,-1.400000,3.221014,9.024406,
AddVertex,-1.400000,2.254055,8.960831,
AddVertex,-1.400000,2.254055,8.686105,
AddVertex,-1.400000,1.160614,7.896943,
AddVertex,-1.400000,3.382399,8.578495,
AddVertex,-1.400000,3.382399,7.896943,
AddVertex,-1.400000,2.854055,8.686105,
AddVertex,-1.400000,2.854055,8.826105,
AddVertex,-1.400000,2.509455,8.960831,
AddVertex,-1.400000,2.554055,8.686105,
AddFace,0,1,2,
AddFace,0,2,3,
AddFace,0,3,4,
AddFace,0,4,5,
AddFace,0,5,6,
AddFace,7,0,6,
AddFace,7,6,8,
AddFace,8,9,7,
AddFace,4,8,10,
AddFace,10,11,4,
AddFace,11,12,4,
AddFace,12,5,4,
AddFace,6,13,10,
AddFace,6,10,8,
GenerateNormals,
LoadTexture,TCside.png,
SetTextureCoordinates,0,0.019195,1.000000,
SetTextureCoordinates,1,0.016633,1.000000,
SetTextureCoordinates,2,0.016633,0.575185,
SetTextureCoordinates,3,0.022575,0.361492,
SetTextureCoordinates,4,0.037181,0.155361,
SetTextureCoordinates,5,0.040439,0.551756,
SetTextureCoordinates,6,0.054517,0.551756,
SetTextureCoordinates,7,0.094955,1.000000,
SetTextureCoordinates,8,0.060031,0.089203,
SetTextureCoordinates,9,0.094955,0.089203,
SetTextureCoordinates,10,0.054517,0.305792,
SetTextureCoordinates,11,0.047343,0.305792,
SetTextureCoordinates,12,0.040439,0.447057,
SetTextureCoordinates,13,0.054517,0.428774,
SetColor,255,255,255,255,

CreateMeshBuilder,
;Jeminie 3DS Converter
AddVertex,1.400000,3.221014,9.024406,
AddVertex,1.400000,2.509455,8.960831,
AddVertex,1.400000,2.854055,8.826105,
AddVertex,1.400000,2.854055,8.686105,
AddVertex,1.400000,3.382399,8.578495,
AddVertex,1.400000,2.254055,8.686105,
AddVertex,1.400000,3.382399,7.896943,
AddVertex,1.400000,1.160614,9.375413,
AddVertex,1.400000,1.368626,7.896943,
AddVertex,1.400000,1.160614,7.896943,
AddVertex,1.400000,2.196901,9.425412,
AddVertex,1.400000,1.160614,9.425412,
AddVertex,1.400000,2.718182,9.309449,
AddVertex,1.400000,2.254055,8.960831,
AddFace,0,1,2,
AddFace,0,2,3,
AddFace,4,0,3,
AddFace,3,5,4,
AddFace,6,4,5,
AddFace,6,5,7,
AddFace,8,6,7,
AddFace,7,9,8,
AddFace,10,11,7,
AddFace,12,10,7,
AddFace,0,12,7,
AddFace,1,0,7,
AddFace,13,1,7,
AddFace,5,13,7,
GenerateNormals,
LoadTexture,TCside2.png,
SetTextureCoordinates,0,0.962776,0.158116,
SetTextureCoordinates,1,0.959516,0.450038,
SetTextureCoordinates,2,0.952607,0.308663,
SetTextureCoordinates,3,0.945428,0.308663,
SetTextureCoordinates,4,0.939909,0.091907,
SetTextureCoordinates,5,0.945428,0.554817,
SetTextureCoordinates,6,0.904958,0.091907,
SetTextureCoordinates,7,0.980777,1.003408,
SetTextureCoordinates,8,0.904958,0.918070,
SetTextureCoordinates,9,0.904958,1.003408,
SetTextureCoordinates,10,0.983341,0.578265,
SetTextureCoordinates,11,0.983341,1.003408,
SetTextureCoordinates,12,0.977394,0.364406,
SetTextureCoordinates,13,0.959516,0.554817,
SetColor,255,255,255,255,

CreateMeshBuilder,
;Jeminie 3DS Converter
AddVertex,0.169349,2.175280,9.575763,
AddVertex,0.169349,2.146739,9.566520,
AddVertex,0.109349,2.146739,9.566520,
AddVertex,0.109349,2.175280,9.575763,
AddVertex,-0.090709,2.098282,9.540316,
AddVertex,-0.108980,2.097971,9.540215,
AddVertex,-0.126712,2.102170,9.541575,
AddVertex,-0.073145,2.103080,9.541870,
AddVertex,-0.142698,2.110593,9.544303,
AddVertex,-0.057485,2.112040,9.544771,
AddVertex,-0.155848,2.122664,9.548212,
AddVertex,-0.044797,2.124550,9.548822,
AddVertex,-0.165266,2.137563,9.553037,
AddVertex,-0.035944,2.139758,9.553748,
AddVertex,-0.170310,2.154272,9.558448,
AddVertex,-0.031530,2.156628,9.559211,
AddVertex,-0.170636,2.171654,9.564077,
AddVertex,-0.031856,2.174010,9.564840,
AddVertex,-0.111457,2.230001,9.582973,
AddVertex,-0.093186,2.230311,9.583073,
AddVertex,-0.075453,2.226112,9.581713,
AddVertex,-0.129021,2.225202,9.581419,
AddVertex,-0.059468,2.217690,9.578985,
AddVertex,-0.144681,2.216243,9.578517,
AddVertex,-0.046318,2.205618,9.575076,
AddVertex,-0.157369,2.203732,9.574466,
AddVertex,-0.036900,2.190720,9.570251,
AddVertex,-0.166222,2.188524,9.569540,
AddVertex,0.002946,2.156260,9.559092,
AddVertex,0.002126,2.166163,9.562299,
AddVertex,0.082016,2.162183,9.561010,
AddVertex,0.080114,2.152416,9.557847,
AddVertex,0.006432,2.146896,9.556059,
AddVertex,0.075619,2.143449,9.554943,
AddVertex,0.012346,2.138709,9.553408,
AddVertex,0.068838,2.135895,9.552497,
AddVertex,0.020287,2.132258,9.551319,
AddVertex,0.060232,2.130267,9.550674,
AddVertex,0.029712,2.127981,9.549934,
AddVertex,0.050389,2.126951,9.549601,
AddVertex,0.039979,2.126171,9.549348,
AddVertex,0.081197,2.172087,9.564218,
AddVertex,0.033753,2.201396,9.573709,
AddVertex,0.044163,2.202176,9.573961,
AddVertex,0.054430,2.200366,9.573376,
AddVertex,0.023910,2.198079,9.572635,
AddVertex,0.063855,2.196089,9.571990,
AddVertex,0.015305,2.192452,9.570812,
AddVertex,0.071796,2.189638,9.569901,
AddVertex,0.008523,2.184898,9.568366,
AddVertex,0.077711,2.181451,9.567250,
AddVertex,0.004028,2.175931,9.565462,
AddVertex,-0.544533,2.117932,9.546679,
AddVertex,-0.549528,2.129405,9.550395,
AddVertex,-0.452935,2.129405,9.550395,
AddVertex,-0.457930,2.117932,9.546679,
AddVertex,-0.536587,2.108080,9.543489,
AddVertex,-0.465876,2.108080,9.543489,
AddVertex,-0.526232,2.100521,9.541041,
AddVertex,-0.476232,2.100521,9.541041,
AddVertex,-0.514172,2.095769,9.539502,
AddVertex,-0.488291,2.095769,9.539502,
AddVertex,-0.501232,2.094148,9.538978,
AddVertex,-0.549528,2.154027,9.558369,
AddVertex,-0.544533,2.165500,9.562084,
AddVertex,-0.457930,2.165500,9.562084,
AddVertex,-0.452935,2.154027,9.558369,
AddVertex,-0.551232,2.141716,9.554382,
AddVertex,-0.451232,2.141716,9.554382,
AddVertex,-0.439528,2.129405,9.550395,
AddVertex,-0.441232,2.141716,9.554382,
AddVertex,-0.341232,2.141716,9.554382,
AddVertex,-0.342935,2.129405,9.550395,
AddVertex,-0.434533,2.117932,9.546679,
AddVertex,-0.347930,2.117932,9.546679,
AddVertex,-0.426587,2.108080,9.543489,
AddVertex,-0.355876,2.108080,9.543489,
AddVertex,-0.416232,2.100521,9.541041,
AddVertex,-0.366232,2.100521,9.541041,
AddVertex,-0.404172,2.095769,9.539502,
AddVertex,-0.378291,2.095769,9.539502,
AddVertex,-0.391232,2.094148,9.538978,
AddVertex,-0.342935,2.154027,9.558369,
AddVertex,-0.439528,2.154027,9.558369,
AddVertex,-0.347930,2.165500,9.562084,
AddVertex,-0.434533,2.165500,9.562084,
AddVertex,-0.355876,2.175351,9.565274,
AddVertex,-0.426587,2.175351,9.565274,
AddVertex,-0.366232,2.182911,9.567722,
AddVertex,-0.316587,2.175351,9.565274,
AddVertex,-0.306232,2.182911,9.567722,
AddVertex,-0.256232,2.182911,9.567722,
AddVertex,-0.245876,2.175351,9.565274,
AddVertex,-0.324533,2.165500,9.562084,
AddVertex,-0.237930,2.165500,9.562084,
AddVertex,-0.329528,2.154027,9.558369,
AddVertex,-0.232935,2.154027,9.558369,
AddVertex,-0.331232,2.141716,9.554382,
AddVertex,-0.231232,2.141716,9.554382,
AddVertex,-0.329528,2.129405,9.550395,
AddVertex,-0.232935,2.129405,9.550395,
AddVertex,-0.324533,2.117932,9.546679,
AddVertex,-0.237930,2.117932,9.546679,
AddVertex,-0.316587,2.108080,9.543489,
AddVertex,-0.245876,2.108080,9.543489,
AddVertex,-0.306232,2.100521,9.541041,
AddVertex,-0.256232,2.100521,9.541041,
AddVertex,-0.294172,2.095769,9.539502,
AddVertex,-0.268291,2.095769,9.539502,
AddVertex,-0.281232,2.094148,9.538978,
AddVertex,-0.536587,2.175351,9.565274,
AddVertex,-0.526232,2.182911,9.567722,
AddVertex,-0.476232,2.182911,9.567722,
AddVertex,-0.465876,2.175351,9.565274,
AddVertex,-0.416232,2.182911,9.567722,
AddVertex,-0.378291,2.187663,9.569262,
AddVertex,-0.294172,2.187663,9.569262,
AddVertex,-0.268291,2.187663,9.569262,
AddVertex,-0.281232,2.189284,9.569787,
AddVertex,-0.404172,2.187663,9.569262,
AddVertex,-0.391232,2.189284,9.569787,
AddVertex,-0.514172,2.187663,9.569262,
AddVertex,-0.501232,2.189284,9.569787,
AddVertex,-0.488291,2.187663,9.569262,
AddFace,0,1,2,
AddFace,2,3,0,
AddFace,4,5,6,
AddFace,6,7,4,
AddFace,6,8,7,
AddFace,8,9,7,
AddFace,8,10,9,
AddFace,10,11,9,
AddFace,10,12,11,
AddFace,12,13,11,
AddFace,12,14,13,
AddFace,14,15,13,
AddFace,14,16,15,
AddFace,16,17,15,
AddFace,18,19,20,
AddFace,21,18,20,
AddFace,21,20,22,
AddFace,23,21,22,
AddFace,23,22,24,
AddFace,25,23,24,
AddFace,25,24,26,
AddFace,27,25,26,
AddFace,27,26,17,
AddFace,16,27,17,
AddFace,28,29,30,
AddFace,28,30,31,
AddFace,32,28,31,
AddFace,32,31,33,
AddFace,34,32,33,
AddFace,34,33,35,
AddFace,36,34,35,
AddFace,36,35,37,
AddFace,38,36,37,
AddFace,38,37,39,
AddFace,39,40,38,
AddFace,29,41,30,
AddFace,42,43,44,
AddFace,45,42,44,
AddFace,45,44,46,
AddFace,47,45,46,
AddFace,47,46,48,
AddFace,49,47,48,
AddFace,49,48,50,
AddFace,51,49,50,
AddFace,51,50,41,
AddFace,29,51,41,
AddFace,52,53,54,
AddFace,52,54,55,
AddFace,56,52,55,
AddFace,56,55,57,
AddFace,58,56,57,
AddFace,58,57,59,
AddFace,60,58,59,
AddFace,60,59,61,
AddFace,61,62,60,
AddFace,63,64,65,
AddFace,63,65,66,
AddFace,67,63,66,
AddFace,67,66,68,
AddFace,53,67,68,
AddFace,53,68,54,
AddFace,69,70,71,
AddFace,69,71,72,
AddFace,73,69,72,
AddFace,73,72,74,
AddFace,75,73,74,
AddFace,75,74,76,
AddFace,77,75,76,
AddFace,77,76,78,
AddFace,79,77,78,
AddFace,79,78,80,
AddFace,80,81,79,
AddFace,70,82,71,
AddFace,70,83,82,
AddFace,83,84,82,
AddFace,83,85,84,
AddFace,85,86,84,
AddFace,85,87,86,
AddFace,87,88,86,
AddFace,89,90,91,
AddFace,89,91,92,
AddFace,93,89,92,
AddFace,93,92,94,
AddFace,95,93,94,
AddFace,95,94,96,
AddFace,97,95,96,
AddFace,97,96,98,
AddFace,99,97,98,
AddFace,99,98,100,
AddFace,101,99,100,
AddFace,101,100,102,
AddFace,103,101,102,
AddFace,103,102,104,
AddFace,105,103,104,
AddFace,105,104,106,
AddFace,107,105,106,
AddFace,107,106,108,
AddFace,108,109,107,
AddFace,110,111,112,
AddFace,110,112,113,
AddFace,64,110,113,
AddFace,64,113,65,
AddFace,87,114,88,
AddFace,114,115,88,
AddFace,90,116,117,
AddFace,90,117,91,
AddFace,116,118,117,
AddFace,119,120,115,
AddFace,114,119,115,
AddFace,121,122,123,
AddFace,111,121,123,
AddFace,111,123,112,
GenerateNormals,
SetColor,128,128,128,51,

CreateMeshBuilder,
;Jeminie 3DS Converter
AddVertex,0.935417,2.227250,9.701595,
AddVertex,0.952514,2.227005,9.699373,
AddVertex,0.964896,2.238673,9.695129,
AddVertex,0.935417,2.818460,9.570075,
AddVertex,0.818646,2.228247,9.710670,
AddVertex,0.935417,2.227250,9.701595,
AddVertex,0.935417,2.818460,9.570075,
AddVertex,0.818646,2.821755,9.578638,
AddVertex,0.701876,2.229244,9.719744,
AddVertex,0.701876,2.825050,9.587201,
AddVertex,0.468334,2.231238,9.737891,
AddVertex,0.579302,2.230291,9.729268,
AddVertex,0.571487,2.828728,9.596762,
AddVertex,0.468334,2.831639,9.604326,
AddVertex,0.351251,2.231571,9.740918,
AddVertex,0.468334,2.231238,9.737891,
AddVertex,0.468334,2.831639,9.604326,
AddVertex,0.351251,2.832738,9.607183,
AddVertex,0.234167,2.231904,9.743945,
AddVertex,0.234167,2.833837,9.610040,
AddVertex,0.117084,2.232236,9.746973,
AddVertex,0.117084,2.834936,9.612896,
AddVertex,0.000000,2.232569,9.750000,
AddVertex,0.000000,2.836035,9.615753,
AddVertex,0.000000,2.232569,9.750000,
AddVertex,0.000000,2.836035,9.615753,
AddVertex,-0.117084,2.834936,9.612896,
AddVertex,-0.117084,2.232236,9.746973,
AddVertex,0.000000,2.190327,9.750000,
AddVertex,0.000000,2.232569,9.750000,
AddVertex,-0.117084,2.232236,9.746973,
AddVertex,-0.117084,2.190327,9.746973,
AddVertex,0.000000,2.232569,9.700000,
AddVertex,0.000000,2.190327,9.700000,
AddVertex,-0.117084,2.190327,9.696973,
AddVertex,-0.117084,2.232236,9.696973,
AddVertex,0.000000,2.232569,9.700000,
AddVertex,-0.117084,2.232236,9.696973,
AddVertex,-0.117084,2.834936,9.562897,
AddVertex,0.000000,2.836035,9.565753,
AddVertex,0.000000,2.232569,9.700000,
AddVertex,0.000000,2.836035,9.565753,
AddVertex,0.117084,2.834936,9.562897,
AddVertex,0.117084,2.232236,9.696973,
AddVertex,0.000000,2.190327,9.700000,
AddVertex,0.000000,2.232569,9.700000,
AddVertex,0.117084,2.232236,9.696973,
AddVertex,0.117084,2.190327,9.696973,
AddVertex,0.468334,2.231238,9.687891,
AddVertex,0.468334,2.190327,9.687891,
AddVertex,0.351251,2.190327,9.690918,
AddVertex,0.351251,2.231571,9.690918,
AddVertex,0.468334,2.831639,9.554326,
AddVertex,0.468334,2.231238,9.687891,
AddVertex,0.351251,2.231571,9.690918,
AddVertex,0.351251,2.832738,9.557183,
AddVertex,1.350000,2.254055,8.686105,
AddVertex,1.350000,2.254055,8.960831,
AddVertex,1.350000,2.854055,8.826105,
AddVertex,1.350000,2.854055,8.686105,
AddVertex,-1.400000,2.254055,8.686105,
AddVertex,-1.400000,2.254055,8.960831,
AddVertex,-1.400000,2.854055,8.826105,
AddVertex,-1.400000,2.554055,8.686105,
AddVertex,-1.400000,2.854055,8.686105,
AddVertex,-1.350000,2.254055,8.960831,
AddVertex,-1.350000,2.254055,8.686105,
AddVertex,-1.350000,2.854055,8.686105,
AddVertex,-1.350000,2.854055,8.826105,
AddVertex,-1.350000,2.509455,8.960831,
AddVertex,-0.234167,2.190327,9.693946,
AddVertex,-0.234167,2.231904,9.693946,
AddVertex,-0.234167,2.231904,9.693946,
AddVertex,-0.234167,2.833837,9.560040,
AddVertex,0.234167,2.833837,9.560040,
AddVertex,0.234167,2.231904,9.693946,
AddVertex,0.234167,2.231904,9.693946,
AddVertex,0.234167,2.190327,9.693946,
AddVertex,-0.234167,2.833837,9.610040,
AddVertex,-0.234167,2.231904,9.743945,
AddVertex,-0.234167,2.231904,9.743945,
AddVertex,-0.234167,2.190327,9.743945,
AddVertex,-0.351251,2.832738,9.607183,
AddVertex,-0.351251,2.231571,9.740918,
AddVertex,-0.351251,2.231571,9.740918,
AddVertex,-0.351251,2.190327,9.740918,
AddVertex,-0.468334,2.231238,9.737891,
AddVertex,-0.468334,2.190327,9.737891,
AddVertex,-0.468334,2.190327,9.737891,
AddVertex,-0.468334,2.231238,9.737891,
AddVertex,-0.594032,2.230165,9.728124,
AddVertex,-0.594032,2.190327,9.728124,
AddVertex,-0.719729,2.229091,9.718356,
AddVertex,-0.719729,2.190327,9.718356,
AddVertex,-0.827573,2.214277,9.709976,
AddVertex,-0.788389,2.190327,9.713020,
AddVertex,-0.827573,2.228171,9.709976,
AddVertex,-0.843589,2.228034,9.708732,
AddVertex,-0.935417,2.323704,9.680139,
AddVertex,-0.843589,2.228034,9.708732,
AddVertex,-0.827573,2.228171,9.709976,
AddVertex,-0.827573,2.821503,9.577984,
AddVertex,-0.935417,2.818460,9.570075,
AddVertex,-0.977738,2.386418,9.660552,
AddVertex,-0.935417,2.323704,9.680139,
AddVertex,-0.935417,2.818460,9.570075,
AddVertex,-0.997357,2.427407,9.648822,
AddVertex,-0.468334,2.831639,9.604326,
AddVertex,-0.468334,2.231238,9.737891,
AddVertex,-0.468334,2.231238,9.737891,
AddVertex,-0.468334,2.831639,9.604326,
AddVertex,-0.594032,2.828092,9.595109,
AddVertex,-0.594032,2.230165,9.728124,
AddVertex,-0.719729,2.824546,9.585892,
AddVertex,-0.719729,2.229091,9.718356,
AddVertex,-1.025027,2.814232,9.559084,
AddVertex,-1.016306,2.485012,9.633484,
AddVertex,1.400000,2.254055,8.960831,
AddVertex,1.400000,2.254055,8.686105,
AddVertex,1.400000,2.854055,8.686105,
AddVertex,1.400000,2.854055,8.826105,
AddVertex,1.400000,2.509455,8.960831,
AddVertex,0.701876,2.229244,9.719744,
AddVertex,0.701876,2.185767,9.719744,
AddVertex,0.818646,2.185767,9.710670,
AddVertex,0.818646,2.228247,9.710670,
AddVertex,0.907032,2.185767,9.703801,
AddVertex,0.935417,2.213863,9.701595,
AddVertex,0.935417,2.227250,9.701595,
AddVertex,0.935417,2.227250,9.701595,
AddVertex,0.935417,2.213863,9.701595,
AddVertex,0.952514,2.227005,9.699373,
AddVertex,0.579302,2.190327,9.729268,
AddVertex,0.579302,2.230291,9.729268,
AddVertex,0.468334,2.231238,9.737891,
AddVertex,0.468334,2.190327,9.737891,
AddVertex,0.579302,2.230291,9.679268,
AddVertex,0.579302,2.190327,9.679268,
AddVertex,0.468334,2.190327,9.687891,
AddVertex,0.468334,2.231238,9.687891,
AddVertex,0.571487,2.828728,9.546762,
AddVertex,0.579302,2.230291,9.679268,
AddVertex,0.468334,2.231238,9.687891,
AddVertex,0.468334,2.831639,9.554326,
AddVertex,1.142416,2.496716,9.614088,
AddVertex,1.131563,2.809204,9.546018,
AddVertex,1.051563,2.812979,9.555830,
AddVertex,1.080477,2.354675,9.653934,
AddVertex,1.051563,2.320346,9.665421,
AddVertex,1.080477,2.354675,9.603933,
AddVertex,1.051563,2.320346,9.615420,
AddVertex,1.051563,2.812979,9.505830,
AddVertex,1.142416,2.496716,9.564088,
AddVertex,1.131563,2.809204,9.496017,
AddVertex,0.818646,2.228247,9.660669,
AddVertex,0.818646,2.185767,9.660669,
AddVertex,0.701876,2.185767,9.669744,
AddVertex,0.701876,2.229244,9.669744,
AddVertex,0.818646,2.821755,9.528638,
AddVertex,0.818646,2.228247,9.660669,
AddVertex,0.701876,2.229244,9.669744,
AddVertex,0.701876,2.825050,9.537201,
AddVertex,0.935417,2.818460,9.520075,
AddVertex,1.002039,2.273676,9.632397,
AddVertex,0.977277,2.250341,9.640885,
AddVertex,0.964896,2.238673,9.645129,
AddVertex,0.935417,2.227250,9.651596,
AddVertex,0.952514,2.227005,9.649373,
AddVertex,0.935417,2.227250,9.651596,
AddVertex,0.952514,2.227005,9.649373,
AddVertex,0.935417,2.213863,9.651596,
AddVertex,0.935417,2.227250,9.651596,
AddVertex,0.935417,2.213863,9.651596,
AddVertex,0.907032,2.185767,9.653801,
AddVertex,0.935417,2.818460,9.520075,
AddVertex,0.935417,2.227250,9.651596,
AddVertex,1.002039,2.273676,9.682397,
AddVertex,0.977277,2.250341,9.690886,
AddVertex,0.468334,2.190327,9.737891,
AddVertex,0.468334,2.231238,9.737891,
AddVertex,0.351251,2.231571,9.740918,
AddVertex,0.351251,2.190327,9.740918,
AddVertex,0.234167,2.231904,9.743945,
AddVertex,0.234167,2.190327,9.743945,
AddVertex,0.117084,2.232236,9.746973,
AddVertex,0.117084,2.190327,9.746973,
AddVertex,0.000000,2.232569,9.750000,
AddVertex,0.000000,2.190327,9.750000,
AddVertex,-1.016306,2.485012,9.583484,
AddVertex,-1.025027,2.814232,9.509085,
AddVertex,-0.935417,2.818460,9.520075,
AddVertex,-0.997357,2.427407,9.598822,
AddVertex,-0.977738,2.386418,9.610552,
AddVertex,-0.935417,2.323704,9.630138,
AddVertex,-0.351251,2.190327,9.690918,
AddVertex,-0.351251,2.231571,9.690918,
AddVertex,-0.351251,2.231571,9.690918,
AddVertex,-0.351251,2.832738,9.557183,
AddVertex,-0.468334,2.831639,9.554326,
AddVertex,-0.468334,2.231238,9.687891,
AddVertex,-0.594032,2.828092,9.545109,
AddVertex,-0.468334,2.831639,9.554326,
AddVertex,-0.468334,2.231238,9.687891,
AddVertex,-0.594032,2.230165,9.678123,
AddVertex,-0.719729,2.824546,9.535892,
AddVertex,-0.719729,2.229091,9.668356,
AddVertex,-0.827573,2.821503,9.527984,
AddVertex,-0.827573,2.228171,9.659976,
AddVertex,-0.935417,2.323704,9.630138,
AddVertex,-0.843589,2.228034,9.658731,
AddVertex,-0.827573,2.228171,9.659976,
AddVertex,-0.827573,2.214277,9.659976,
AddVertex,-0.843589,2.228034,9.658731,
AddVertex,-0.719729,2.229091,9.668356,
AddVertex,-0.788389,2.190327,9.663021,
AddVertex,-0.719729,2.190327,9.668356,
AddVertex,-0.594032,2.230165,9.678123,
AddVertex,-0.594032,2.190327,9.678123,
AddVertex,-0.468334,2.231238,9.687891,
AddVertex,-0.468334,2.190327,9.687891,
AddVertex,-0.468334,2.190327,9.687891,
AddVertex,-0.468334,2.231238,9.687891,
AddVertex,-0.935417,2.818460,9.520075,
AddVertex,-1.400000,2.509455,8.960831,
AddVertex,1.350000,2.509455,8.960831,
AddFace,0,1,2,
AddFace,2,3,0,
AddFace,4,5,6,
AddFace,6,7,4,
AddFace,8,4,7,
AddFace,7,9,8,
AddFace,10,11,12,
AddFace,12,13,10,
AddFace,14,15,16,
AddFace,16,17,14,
AddFace,18,14,17,
AddFace,17,19,18,
AddFace,20,18,19,
AddFace,19,21,20,
AddFace,22,20,21,
AddFace,21,23,22,
AddFace,24,25,26,
AddFace,26,27,24,
AddFace,28,29,30,
AddFace,30,31,28,
AddFace,32,33,34,
AddFace,34,35,32,
AddFace,36,37,38,
AddFace,38,39,36,
AddFace,40,41,42,
AddFace,42,43,40,
AddFace,44,45,46,
AddFace,46,47,44,
AddFace,48,49,50,
AddFace,50,51,48,
AddFace,52,53,54,
AddFace,54,55,52,
AddFace,56,57,58,
AddFace,58,59,56,
AddFace,60,61,62,
AddFace,63,60,62,
AddFace,62,64,63,
AddFace,65,66,67,
AddFace,67,68,65,
AddFace,68,69,65,
AddFace,35,34,70,
AddFace,70,71,35,
AddFace,37,72,73,
AddFace,73,38,37,
AddFace,43,42,74,
AddFace,74,75,43,
AddFace,47,46,76,
AddFace,76,77,47,
AddFace,27,26,78,
AddFace,78,79,27,
AddFace,31,30,80,
AddFace,80,81,31,
AddFace,79,78,82,
AddFace,82,83,79,
AddFace,81,80,84,
AddFace,84,85,81,
AddFace,85,84,86,
AddFace,86,87,85,
AddFace,88,89,90,
AddFace,90,91,88,
AddFace,91,90,92,
AddFace,92,93,91,
AddFace,93,92,94,
AddFace,94,95,93,
AddFace,92,96,94,
AddFace,96,97,94,
AddFace,98,99,100,
AddFace,100,101,98,
AddFace,101,102,98,
AddFace,103,104,105,
AddFace,105,106,103,
AddFace,83,82,107,
AddFace,107,108,83,
AddFace,109,110,111,
AddFace,111,112,109,
AddFace,112,111,113,
AddFace,113,114,112,
AddFace,114,113,101,
AddFace,101,100,114,
AddFace,105,115,116,
AddFace,105,116,106,
AddFace,117,118,119,
AddFace,119,120,117,
AddFace,120,121,117,
AddFace,122,123,124,
AddFace,124,125,122,
AddFace,125,124,126,
AddFace,126,127,125,
AddFace,127,128,125,
AddFace,129,130,131,
AddFace,132,133,134,
AddFace,134,135,132,
AddFace,136,137,138,
AddFace,138,139,136,
AddFace,140,141,142,
AddFace,142,143,140,
AddFace,144,145,146,
AddFace,147,144,146,
AddFace,146,148,147,
AddFace,149,150,151,
AddFace,151,152,149,
AddFace,151,153,152,
AddFace,154,155,156,
AddFace,156,157,154,
AddFace,158,159,160,
AddFace,160,161,158,
AddFace,162,151,150,
AddFace,162,150,163,
AddFace,162,163,164,
AddFace,162,164,165,
AddFace,166,162,165,
AddFace,165,167,166,
AddFace,168,169,170,
AddFace,154,171,172,
AddFace,155,154,172,
AddFace,172,173,155,
AddFace,174,175,159,
AddFace,159,158,174,
AddFace,176,148,3,
AddFace,177,176,3,
AddFace,2,177,3,
AddFace,148,146,3,
AddFace,75,74,55,
AddFace,55,54,75,
AddFace,77,76,51,
AddFace,51,50,77,
AddFace,178,179,180,
AddFace,180,181,178,
AddFace,181,180,182,
AddFace,182,183,181,
AddFace,183,182,184,
AddFace,184,185,183,
AddFace,185,184,186,
AddFace,186,187,185,
AddFace,188,189,190,
AddFace,191,188,190,
AddFace,192,191,190,
AddFace,190,193,192,
AddFace,71,70,194,
AddFace,194,195,71,
AddFace,72,196,197,
AddFace,197,73,72,
AddFace,198,197,196,
AddFace,196,199,198,
AddFace,200,201,202,
AddFace,202,203,200,
AddFace,204,200,203,
AddFace,203,205,204,
AddFace,206,204,205,
AddFace,205,207,206,
AddFace,208,206,207,
AddFace,207,209,208,
AddFace,210,211,212,
AddFace,211,210,213,
AddFace,214,211,213,
AddFace,213,215,214,
AddFace,215,213,216,
AddFace,216,217,215,
AddFace,217,216,218,
AddFace,218,219,217,
AddFace,220,221,195,
AddFace,195,194,220,
AddFace,208,222,206,
AddFace,61,223,62,
AddFace,57,224,58,
GenerateNormals,
SetColor,100,149,237,25,

CreateMeshBuilder,
;Jeminie 3DS Converter
AddVertex,-0.559246,2.039379,9.526496,
AddVertex,-0.439246,2.039379,9.526496,
AddVertex,0.015131,2.039379,9.526496,
AddVertex,-0.550661,2.025145,9.521887,
AddVertex,-0.550661,2.006118,9.515724,
AddVertex,-0.559246,1.991811,9.511091,
AddVertex,-0.347744,2.005409,9.515495,
AddVertex,-0.273213,2.005409,9.515495,
AddVertex,-0.054863,2.006343,9.515798,
AddVertex,0.015131,1.991811,9.511091,
AddVertex,-0.054863,2.023840,9.521463,
AddVertex,-0.075503,2.023840,9.521463,
AddVertex,-0.076637,2.023840,9.521463,
AddVertex,-0.100640,2.023840,9.521463,
AddVertex,-0.101926,2.023840,9.521463,
AddVertex,-0.126243,2.023840,9.521463,
AddVertex,-0.127265,2.023840,9.521463,
AddVertex,-0.151330,2.023840,9.521463,
AddVertex,-0.212059,2.024740,9.521755,
AddVertex,-0.235438,2.024740,9.521755,
AddVertex,-0.400661,2.025145,9.521887,
AddVertex,-0.425038,2.025145,9.521887,
AddVertex,-0.426284,2.025145,9.521887,
AddVertex,-0.450149,2.025145,9.521887,
AddVertex,-0.451288,2.025145,9.521887,
AddVertex,-0.475427,2.025145,9.521887,
AddVertex,-0.476661,2.025145,9.521887,
AddVertex,-0.500720,2.025145,9.521887,
AddVertex,-0.501624,2.025145,9.521887,
AddVertex,-0.525782,2.025145,9.521887,
AddVertex,-0.526529,2.025145,9.521887,
AddVertex,-0.526529,2.006118,9.515724,
AddVertex,-0.525782,2.006118,9.515724,
AddVertex,-0.501624,2.006118,9.515724,
AddVertex,-0.500720,2.006118,9.515724,
AddVertex,-0.425038,2.006118,9.515724,
AddVertex,-0.400661,2.006118,9.515724,
AddVertex,-0.347744,2.024436,9.521657,
AddVertex,-0.324101,2.024436,9.521657,
AddVertex,-0.322208,2.024436,9.521657,
AddVertex,-0.298686,2.024436,9.521657,
AddVertex,-0.297365,2.024436,9.521657,
AddVertex,-0.273213,2.024436,9.521657,
AddVertex,-0.235438,2.006808,9.515948,
AddVertex,-0.151330,2.006343,9.515798,
AddVertex,-0.075503,2.006343,9.515798,
AddVertex,-0.075503,2.007883,9.511041,
AddVertex,-0.075503,2.025381,9.516707,
AddVertex,-0.054863,2.025381,9.516707,
AddVertex,-0.054863,2.007883,9.511041,
AddVertex,-0.076637,2.006343,9.515798,
AddVertex,-0.076637,2.025381,9.516707,
AddVertex,-0.076637,2.007883,9.511041,
AddVertex,-0.100640,2.007883,9.511041,
AddVertex,-0.100640,2.025381,9.516707,
AddVertex,-0.100640,2.006343,9.515798,
AddVertex,-0.101926,2.006343,9.515798,
AddVertex,-0.101926,2.025381,9.516707,
AddVertex,-0.101926,2.007883,9.511041,
AddVertex,-0.126243,2.007883,9.511041,
AddVertex,-0.126243,2.025381,9.516707,
AddVertex,-0.126243,2.006343,9.515798,
AddVertex,-0.127265,2.006343,9.515798,
AddVertex,-0.127265,2.025381,9.516707,
AddVertex,-0.127265,2.007883,9.511041,
AddVertex,-0.151330,2.007883,9.511041,
AddVertex,-0.151330,2.025381,9.516707,
AddVertex,-0.169560,2.010395,9.517110,
AddVertex,-0.171080,2.009286,9.516750,
AddVertex,-0.172849,2.008589,9.516524,
AddVertex,-0.174748,2.008351,9.516448,
AddVertex,-0.212059,2.006808,9.515948,
AddVertex,-0.176647,2.008589,9.516524,
AddVertex,-0.178417,2.009286,9.516750,
AddVertex,-0.179936,2.010395,9.517110,
AddVertex,-0.167411,2.015331,9.518708,
AddVertex,-0.167661,2.017138,9.519294,
AddVertex,-0.167661,2.013525,9.518123,
AddVertex,-0.168394,2.011841,9.517578,
AddVertex,-0.181835,2.013525,9.518123,
AddVertex,-0.181102,2.011841,9.517578,
AddVertex,-0.168394,2.018821,9.519838,
AddVertex,-0.169560,2.020267,9.520307,
AddVertex,-0.171080,2.021376,9.520666,
AddVertex,-0.172849,2.022074,9.520892,
AddVertex,-0.174748,2.022311,9.520968,
AddVertex,-0.176647,2.022074,9.520892,
AddVertex,-0.178417,2.021376,9.520666,
AddVertex,-0.179936,2.020267,9.520307,
AddVertex,-0.181102,2.018821,9.519838,
AddVertex,-0.181835,2.017138,9.519294,
AddVertex,-0.182085,2.015331,9.518708,
AddVertex,-0.212059,2.026281,9.516998,
AddVertex,-0.212059,2.008349,9.511191,
AddVertex,-0.235438,2.008349,9.511191,
AddVertex,-0.235438,2.026281,9.516998,
AddVertex,-0.273213,2.025977,9.516900,
AddVertex,-0.273213,2.006950,9.510738,
AddVertex,-0.297365,2.006950,9.510738,
AddVertex,-0.297365,2.025977,9.516900,
AddVertex,-0.297365,2.005409,9.515495,
AddVertex,-0.298686,2.005409,9.515495,
AddVertex,-0.298686,2.025977,9.516900,
AddVertex,-0.298686,2.006950,9.510738,
AddVertex,-0.322208,2.006950,9.510738,
AddVertex,-0.322208,2.025977,9.516900,
AddVertex,-0.322208,2.005409,9.515495,
AddVertex,-0.324101,2.005409,9.515495,
AddVertex,-0.324101,2.025977,9.516900,
AddVertex,-0.324101,2.006950,9.510738,
AddVertex,-0.347744,2.006950,9.510738,
AddVertex,-0.347744,2.025977,9.516900,
AddVertex,-0.400661,2.026685,9.517130,
AddVertex,-0.400661,2.007658,9.510968,
AddVertex,-0.425038,2.007658,9.510968,
AddVertex,-0.425038,2.026685,9.517130,
AddVertex,-0.426284,2.006118,9.515724,
AddVertex,-0.476661,2.006118,9.515724,
AddVertex,-0.450149,2.006118,9.515724,
AddVertex,-0.450149,2.007658,9.510968,
AddVertex,-0.450149,2.026685,9.517130,
AddVertex,-0.426284,2.026685,9.517130,
AddVertex,-0.426284,2.007658,9.510968,
AddVertex,-0.451288,2.006118,9.515724,
AddVertex,-0.451288,2.026685,9.517130,
AddVertex,-0.451288,2.007658,9.510968,
AddVertex,-0.475427,2.007658,9.510968,
AddVertex,-0.475427,2.026685,9.517130,
AddVertex,-0.475427,2.006118,9.515724,
AddVertex,-0.500720,2.026685,9.517130,
AddVertex,-0.476661,2.026685,9.517130,
AddVertex,-0.476661,2.007658,9.510968,
AddVertex,-0.500720,2.007658,9.510968,
AddVertex,-0.501624,2.026685,9.517130,
AddVertex,-0.501624,2.007658,9.510968,
AddVertex,-0.525782,2.007658,9.510968,
AddVertex,-0.525782,2.026685,9.517130,
AddVertex,-0.526529,2.026685,9.517130,
AddVertex,-0.526529,2.007658,9.510968,
AddVertex,-0.550661,2.007658,9.510968,
AddVertex,-0.550661,2.026685,9.517130,
AddFace,0,1,2,
AddFace,0,2,3,
AddFace,0,3,4,
AddFace,5,0,4,
AddFace,4,6,5,
AddFace,6,7,5,
AddFace,5,7,8,
AddFace,9,5,8,
AddFace,8,2,9,
AddFace,8,10,2,
AddFace,10,11,2,
AddFace,11,12,2,
AddFace,12,13,2,
AddFace,13,14,2,
AddFace,14,15,2,
AddFace,15,16,2,
AddFace,16,17,2,
AddFace,17,18,2,
AddFace,18,19,2,
AddFace,19,20,2,
AddFace,20,21,2,
AddFace,21,22,2,
AddFace,22,23,2,
AddFace,23,24,2,
AddFace,24,25,2,
AddFace,25,26,2,
AddFace,26,27,2,
AddFace,27,28,2,
AddFace,28,29,2,
AddFace,29,30,2,
AddFace,30,3,2,
AddFace,31,30,29,
AddFace,29,32,31,
AddFace,4,31,32,
AddFace,4,32,33,
AddFace,4,33,34,
AddFace,4,34,35,
AddFace,4,35,36,
AddFace,4,36,6,
AddFace,37,6,36,
AddFace,36,20,37,
AddFace,20,19,37,
AddFace,38,37,19,
AddFace,39,38,19,
AddFace,40,39,19,
AddFace,41,40,19,
AddFace,42,41,19,
AddFace,42,19,43,
AddFace,7,42,43,
AddFace,43,44,7,
AddFace,44,8,7,
AddFace,44,45,8,
AddFace,46,47,48,
AddFace,48,49,46,
AddFace,11,45,50,
AddFace,50,12,11,
AddFace,51,52,53,
AddFace,53,54,51,
AddFace,44,55,50,
AddFace,44,50,45,
AddFace,44,56,55,
AddFace,13,55,56,
AddFace,56,14,13,
AddFace,57,58,59,
AddFace,59,60,57,
AddFace,44,61,56,
AddFace,44,62,61,
AddFace,15,61,62,
AddFace,62,16,15,
AddFace,63,64,65,
AddFace,65,66,63,
AddFace,67,17,44,
AddFace,68,67,44,
AddFace,69,68,44,
AddFace,70,69,44,
AddFace,44,71,70,
AddFace,72,70,71,
AddFace,73,72,71,
AddFace,71,18,73,
AddFace,18,74,73,
AddFace,75,76,17,
AddFace,77,75,17,
AddFace,78,77,17,
AddFace,67,78,17,
AddFace,18,79,80,
AddFace,18,80,74,
AddFace,76,81,17,
AddFace,81,82,17,
AddFace,82,83,17,
AddFace,83,84,17,
AddFace,84,85,17,
AddFace,18,17,85,
AddFace,18,85,86,
AddFace,18,86,87,
AddFace,18,87,88,
AddFace,18,88,89,
AddFace,18,89,90,
AddFace,18,90,91,
AddFace,18,91,79,
AddFace,92,93,94,
AddFace,94,95,92,
AddFace,43,71,44,
AddFace,96,97,98,
AddFace,98,99,96,
AddFace,6,100,7,
AddFace,6,101,100,
AddFace,41,100,101,
AddFace,101,40,41,
AddFace,102,103,104,
AddFace,104,105,102,
AddFace,6,106,101,
AddFace,6,107,106,
AddFace,39,106,107,
AddFace,107,38,39,
AddFace,108,109,110,
AddFace,110,111,108,
AddFace,112,113,114,
AddFace,114,115,112,
AddFace,116,21,35,
AddFace,35,34,116,
AddFace,116,34,117,
AddFace,117,118,116,
AddFace,116,22,21,
AddFace,119,120,121,
AddFace,121,122,119,
AddFace,23,118,123,
AddFace,123,24,23,
AddFace,124,125,126,
AddFace,126,127,124,
AddFace,117,128,123,
AddFace,117,123,118,
AddFace,117,25,128,
AddFace,117,26,25,
AddFace,129,130,131,
AddFace,131,132,129,
AddFace,27,34,33,
AddFace,33,28,27,
AddFace,133,134,135,
AddFace,135,136,133,
AddFace,137,138,139,
AddFace,139,140,137,
GenerateNormals,
LoadTexture,Z.png,
SetTextureCoordinates,0,0.133701,-0.015854,
SetTextureCoordinates,1,0.333701,-0.015854,
SetTextureCoordinates,2,1.090995,-0.015854,
SetTextureCoordinates,3,0.148008,0.283372,
SetTextureCoordinates,4,0.148008,0.683372,
SetTextureCoordinates,5,0.133701,0.984146,
SetTextureCoordinates,6,0.486203,0.698269,
SetTextureCoordinates,7,0.610423,0.698269,
SetTextureCoordinates,8,0.974338,0.678648,
SetTextureCoordinates,9,1.090995,0.984146,
SetTextureCoordinates,10,0.974338,0.310802,
SetTextureCoordinates,11,0.939939,0.310802,
SetTextureCoordinates,12,0.938049,0.310802,
SetTextureCoordinates,13,0.898043,0.310802,
SetTextureCoordinates,14,0.895899,0.310802,
SetTextureCoordinates,15,0.855372,0.310802,
SetTextureCoordinates,16,0.853669,0.310802,
SetTextureCoordinates,17,0.813561,0.310802,
SetTextureCoordinates,18,0.712345,0.291877,
SetTextureCoordinates,19,0.673380,0.291877,
SetTextureCoordinates,20,0.398008,0.283372,
SetTextureCoordinates,21,0.357381,0.283372,
SetTextureCoordinates,22,0.355304,0.283372,
SetTextureCoordinates,23,0.315529,0.283372,
SetTextureCoordinates,24,0.313630,0.283372,
SetTextureCoordinates,25,0.273399,0.283372,
SetTextureCoordinates,26,0.271342,0.283372,
SetTextureCoordinates,27,0.231244,0.283372,
SetTextureCoordinates,28,0.229737,0.283372,
SetTextureCoordinates,29,0.189474,0.283372,
SetTextureCoordinates,30,0.188229,0.283372,
SetTextureCoordinates,31,0.188229,0.683372,
SetTextureCoordinates,32,0.189474,0.683372,
SetTextureCoordinates,33,0.229737,0.683372,
SetTextureCoordinates,34,0.231244,0.683372,
SetTextureCoordinates,35,0.357381,0.683372,
SetTextureCoordinates,36,0.398008,0.683372,
SetTextureCoordinates,37,0.486203,0.298269,
SetTextureCoordinates,38,0.525609,0.298269,
SetTextureCoordinates,39,0.528764,0.298269,
SetTextureCoordinates,40,0.567968,0.298269,
SetTextureCoordinates,41,0.570169,0.298269,
SetTextureCoordinates,42,0.610423,0.298269,
SetTextureCoordinates,43,0.673380,0.668859,
SetTextureCoordinates,44,0.813561,0.678648,
SetTextureCoordinates,45,0.939939,0.678648,
SetTextureCoordinates,46,0.939939,0.678648,
SetTextureCoordinates,47,0.939939,0.310802,
SetTextureCoordinates,48,0.974338,0.310802,
SetTextureCoordinates,49,0.974338,0.678648,
SetTextureCoordinates,50,0.938049,0.678648,
SetTextureCoordinates,51,0.938049,0.310802,
SetTextureCoordinates,52,0.938049,0.678648,
SetTextureCoordinates,53,0.898043,0.678648,
SetTextureCoordinates,54,0.898043,0.310802,
SetTextureCoordinates,55,0.898043,0.678648,
SetTextureCoordinates,56,0.895899,0.678648,
SetTextureCoordinates,57,0.895899,0.310802,
SetTextureCoordinates,58,0.895899,0.678648,
SetTextureCoordinates,59,0.855372,0.678648,
SetTextureCoordinates,60,0.855372,0.310802,
SetTextureCoordinates,61,0.855372,0.678648,
SetTextureCoordinates,62,0.853669,0.678648,
SetTextureCoordinates,63,0.853669,0.310802,
SetTextureCoordinates,64,0.853669,0.678648,
SetTextureCoordinates,65,0.813561,0.678648,
SetTextureCoordinates,66,0.813561,0.310802,
SetTextureCoordinates,67,0.783177,0.593451,
SetTextureCoordinates,68,0.780644,0.616771,
SetTextureCoordinates,69,0.777695,0.631431,
SetTextureCoordinates,70,0.774530,0.636432,
SetTextureCoordinates,71,0.712345,0.668859,
SetTextureCoordinates,72,0.771365,0.631431,
SetTextureCoordinates,73,0.768416,0.616771,
SetTextureCoordinates,74,0.765883,0.593451,
SetTextureCoordinates,75,0.786759,0.489685,
SetTextureCoordinates,76,0.786342,0.451705,
SetTextureCoordinates,77,0.786342,0.527666,
SetTextureCoordinates,78,0.785120,0.563058,
SetTextureCoordinates,79,0.762718,0.527666,
SetTextureCoordinates,80,0.763939,0.563058,
SetTextureCoordinates,81,0.785120,0.416312,
SetTextureCoordinates,82,0.783177,0.385920,
SetTextureCoordinates,83,0.780644,0.362599,
SetTextureCoordinates,84,0.777695,0.347939,
SetTextureCoordinates,85,0.774530,0.342939,
SetTextureCoordinates,86,0.771365,0.347939,
SetTextureCoordinates,87,0.768416,0.362599,
SetTextureCoordinates,88,0.765883,0.385920,
SetTextureCoordinates,89,0.763939,0.416312,
SetTextureCoordinates,90,0.762718,0.451705,
SetTextureCoordinates,91,0.762301,0.489685,
SetTextureCoordinates,92,0.712345,0.291877,
SetTextureCoordinates,93,0.712345,0.668859,
SetTextureCoordinates,94,0.673380,0.668859,
SetTextureCoordinates,95,0.673380,0.291877,
SetTextureCoordinates,96,0.610423,0.298269,
SetTextureCoordinates,97,0.610423,0.698269,
SetTextureCoordinates,98,0.570169,0.698269,
SetTextureCoordinates,99,0.570169,0.298269,
SetTextureCoordinates,100,0.570169,0.698269,
SetTextureCoordinates,101,0.567968,0.698269,
SetTextureCoordinates,102,0.567968,0.298269,
SetTextureCoordinates,103,0.567968,0.698269,
SetTextureCoordinates,104,0.528764,0.698269,
SetTextureCoordinates,105,0.528764,0.298269,
SetTextureCoordinates,106,0.528764,0.698269,
SetTextureCoordinates,107,0.525609,0.698269,
SetTextureCoordinates,108,0.525609,0.298269,
SetTextureCoordinates,109,0.525609,0.698269,
SetTextureCoordinates,110,0.486203,0.698269,
SetTextureCoordinates,111,0.486203,0.298269,
SetTextureCoordinates,112,0.398008,0.283372,
SetTextureCoordinates,113,0.398008,0.683372,
SetTextureCoordinates,114,0.357381,0.683372,
SetTextureCoordinates,115,0.357381,0.283372,
SetTextureCoordinates,116,0.355304,0.683372,
SetTextureCoordinates,117,0.271342,0.683372,
SetTextureCoordinates,118,0.315529,0.683372,
SetTextureCoordinates,119,0.315529,0.683372,
SetTextureCoordinates,120,0.315529,0.283372,
SetTextureCoordinates,121,0.355304,0.283372,
SetTextureCoordinates,122,0.355304,0.683372,
SetTextureCoordinates,123,0.313630,0.683372,
SetTextureCoordinates,124,0.313630,0.283372,
SetTextureCoordinates,125,0.313630,0.683372,
SetTextureCoordinates,126,0.273399,0.683372,
SetTextureCoordinates,127,0.273399,0.283372,
SetTextureCoordinates,128,0.273399,0.683372,
SetTextureCoordinates,129,0.231244,0.283372,
SetTextureCoordinates,130,0.271342,0.283372,
SetTextureCoordinates,131,0.271342,0.683372,
SetTextureCoordinates,132,0.231244,0.683372,
SetTextureCoordinates,133,0.229737,0.283372,
SetTextureCoordinates,134,0.229737,0.683372,
SetTextureCoordinates,135,0.189474,0.683372,
SetTextureCoordinates,136,0.189474,0.283372,
SetTextureCoordinates,137,0.188229,0.283372,
SetTextureCoordinates,138,0.188229,0.683372,
SetTextureCoordinates,139,0.148008,0.683372,
SetTextureCoordinates,140,0.148008,0.283372,
SetColor,255,255,255,255,

CreateMeshBuilder,
;Jeminie 3DS Converter
AddVertex,-1.378528,3.471121,7.896943,
AddVertex,-1.378528,3.471121,8.594056,
AddVertex,-1.328224,3.547293,8.607416,
AddVertex,-1.328224,3.547293,7.896943,
AddVertex,-1.328224,3.547293,8.607416,
AddVertex,-1.255056,3.601875,8.616989,
AddVertex,-1.255056,3.601875,7.896943,
AddVertex,-1.328224,3.547293,7.896943,
AddVertex,-1.167709,3.628390,7.896943,
AddVertex,-1.255056,3.601875,7.896943,
AddVertex,-1.255056,3.601875,8.616989,
AddVertex,-1.167709,3.628390,8.621640,
AddVertex,-1.080022,3.639107,7.896943,
AddVertex,-1.167709,3.628390,7.896943,
AddVertex,-1.167709,3.628390,8.621640,
AddVertex,-1.080022,3.639107,8.625519,
AddVertex,1.328224,3.547293,7.896943,
AddVertex,1.328224,3.547293,8.607416,
AddVertex,1.378528,3.471121,8.594056,
AddVertex,1.378528,3.471121,7.896943,
AddVertex,1.378528,3.471121,7.896943,
AddVertex,1.378528,3.471121,8.594056,
AddVertex,1.400000,3.382399,8.578495,
AddVertex,1.400000,3.382399,7.896943,
AddVertex,1.255056,3.601875,8.616989,
AddVertex,1.328224,3.547293,8.607416,
AddVertex,1.328224,3.547293,7.896943,
AddVertex,1.255056,3.601875,7.896943,
AddVertex,1.167709,3.628390,8.621640,
AddVertex,1.255056,3.601875,8.616989,
AddVertex,1.255056,3.601875,7.896943,
AddVertex,1.167709,3.628390,7.896943,
AddVertex,1.143254,3.631379,8.622722,
AddVertex,1.167709,3.628390,8.621640,
AddVertex,1.167709,3.628390,7.896943,
AddVertex,1.143254,3.631379,7.896943,
AddVertex,1.167709,3.628390,8.621640,
AddVertex,1.143254,3.631379,8.622722,
AddVertex,1.143254,3.423980,9.195770,
AddVertex,1.167709,3.421391,9.193584,
AddVertex,-1.378528,3.471121,8.594056,
AddVertex,-1.378528,3.471121,7.896943,
AddVertex,-1.400000,3.382399,7.896943,
AddVertex,-1.400000,3.382399,8.578495,
AddFace,0,1,2,
AddFace,2,3,0,
AddFace,4,5,6,
AddFace,6,7,4,
AddFace,8,9,10,
AddFace,10,11,8,
AddFace,12,13,14,
AddFace,14,15,12,
AddFace,16,17,18,
AddFace,18,19,16,
AddFace,20,21,22,
AddFace,22,23,20,
AddFace,24,25,26,
AddFace,26,27,24,
AddFace,28,29,30,
AddFace,30,31,28,
AddFace,32,33,34,
AddFace,34,35,32,
AddFace,36,37,38,
AddFace,38,39,36,
AddFace,40,41,42,
AddFace,42,43,40,
GenerateNormals,
SetColor,0,49,146,255,

CreateMeshBuilder,
;Jeminie 3DS Converter
AddVertex,0.468334,2.917641,9.505574,
AddVertex,0.468334,2.831639,9.554326,
AddVertex,0.351251,2.832738,9.557183,
AddVertex,0.351251,2.919133,9.508207,
AddVertex,-0.117084,2.834936,9.562897,
AddVertex,-0.234167,2.833837,9.560040,
AddVertex,-0.234167,2.920626,9.510841,
AddVertex,-0.117084,2.922119,9.513474,
AddVertex,0.000000,2.836035,9.565753,
AddVertex,0.000000,2.923612,9.516109,
AddVertex,0.000000,2.836035,9.565753,
AddVertex,0.000000,2.923612,9.516109,
AddVertex,0.117084,2.922119,9.513474,
AddVertex,0.117084,2.834936,9.562897,
AddVertex,0.234167,2.920626,9.510841,
AddVertex,0.234167,2.833837,9.560040,
AddVertex,-0.935417,2.818460,9.520075,
AddVertex,-1.025027,2.814232,9.509085,
AddVertex,-1.027400,2.893846,9.463598,
AddVertex,-0.935417,2.899742,9.473999,
AddVertex,-0.827573,2.821503,9.527984,
AddVertex,-0.935417,2.818460,9.520075,
AddVertex,-0.935417,2.899742,9.473999,
AddVertex,-0.827573,2.903874,9.481290,
AddVertex,-0.719729,2.824546,9.535892,
AddVertex,-0.719729,2.908007,9.488580,
AddVertex,-0.594032,2.828092,9.545109,
AddVertex,-0.594032,2.912824,9.497077,
AddVertex,-0.468334,2.831639,9.554326,
AddVertex,-0.468334,2.917641,9.505574,
AddVertex,-0.351251,2.832738,9.557183,
AddVertex,-0.468334,2.831639,9.554326,
AddVertex,-0.468334,2.917641,9.505574,
AddVertex,-0.351251,2.919133,9.508207,
AddVertex,0.000000,2.836035,9.615753,
AddVertex,0.000000,2.923612,9.566109,
AddVertex,-0.117084,2.922119,9.563475,
AddVertex,-0.117084,2.834936,9.612896,
AddVertex,-0.234167,2.920626,9.560842,
AddVertex,-0.234167,2.833837,9.610040,
AddVertex,-0.351251,2.919133,9.558208,
AddVertex,-0.351251,2.832738,9.607183,
AddVertex,-0.468334,2.917641,9.555574,
AddVertex,-0.468334,2.831639,9.604326,
AddVertex,-0.827573,2.903874,9.531289,
AddVertex,-0.827573,2.821503,9.577984,
AddVertex,-0.719729,2.824546,9.585892,
AddVertex,-0.719729,2.908007,9.538580,
AddVertex,-0.935417,2.899742,9.523999,
AddVertex,-0.935417,2.818460,9.570075,
AddVertex,-0.935417,2.818460,9.570075,
AddVertex,-0.935417,2.899742,9.523999,
AddVertex,-1.027400,2.893846,9.513598,
AddVertex,-1.025027,2.814232,9.559084,
AddVertex,0.818646,2.929450,9.517589,
AddVertex,0.701876,2.929450,9.528019,
AddVertex,0.701876,2.825050,9.587201,
AddVertex,0.818646,2.821755,9.578638,
AddVertex,0.935417,2.929450,9.507158,
AddVertex,0.935417,2.818460,9.570075,
AddVertex,1.051563,2.925746,9.491905,
AddVertex,0.935417,2.929450,9.507158,
AddVertex,0.935417,2.818460,9.570075,
AddVertex,1.051563,2.812979,9.555830,
AddVertex,1.126628,2.922530,9.482512,
AddVertex,1.131563,2.809204,9.546018,
AddVertex,0.568045,2.913895,9.498791,
AddVertex,0.571487,2.828728,9.546762,
AddVertex,0.468334,2.831639,9.554326,
AddVertex,0.559004,2.913962,9.499560,
AddVertex,0.468334,2.917641,9.505574,
AddVertex,0.568045,2.913895,9.548791,
AddVertex,0.559004,2.913962,9.549561,
AddVertex,0.468334,2.831639,9.604326,
AddVertex,0.571487,2.828728,9.596762,
AddVertex,0.468334,2.917641,9.555574,
AddVertex,0.351251,2.832738,9.607183,
AddVertex,0.468334,2.831639,9.604326,
AddVertex,0.468334,2.917641,9.555574,
AddVertex,0.351251,2.919133,9.558208,
AddVertex,0.234167,2.833837,9.610040,
AddVertex,0.234167,2.920626,9.560842,
AddVertex,0.117084,2.834936,9.612896,
AddVertex,0.117084,2.922119,9.563475,
AddVertex,0.000000,2.836035,9.615753,
AddVertex,0.000000,2.923612,9.566109,
AddVertex,-0.468334,2.831639,9.604326,
AddVertex,-0.468334,2.917641,9.555574,
AddVertex,-0.594032,2.912824,9.547077,
AddVertex,-0.594032,2.828092,9.595109,
AddVertex,0.818646,2.929450,9.467588,
AddVertex,0.818646,2.821755,9.528638,
AddVertex,0.701876,2.825050,9.537201,
AddVertex,0.701876,2.929450,9.478019,
AddVertex,0.935417,2.818460,9.520075,
AddVertex,0.935417,2.929450,9.457158,
AddVertex,1.051563,2.925746,9.441905,
AddVertex,1.051563,2.812979,9.505830,
AddVertex,0.935417,2.929450,9.457158,
AddVertex,0.935417,2.818460,9.520075,
AddVertex,1.126628,2.922530,9.432513,
AddVertex,1.131563,2.809204,9.496017,
AddFace,0,1,2,
AddFace,2,3,0,
AddFace,4,5,6,
AddFace,6,7,4,
AddFace,8,4,7,
AddFace,7,9,8,
AddFace,10,11,12,
AddFace,12,13,10,
AddFace,13,12,14,
AddFace,14,15,13,
AddFace,16,17,18,
AddFace,18,19,16,
AddFace,20,21,22,
AddFace,22,23,20,
AddFace,24,20,23,
AddFace,23,25,24,
AddFace,26,24,25,
AddFace,25,27,26,
AddFace,28,26,27,
AddFace,27,29,28,
AddFace,30,31,32,
AddFace,32,33,30,
AddFace,5,30,33,
AddFace,33,6,5,
AddFace,34,35,36,
AddFace,36,37,34,
AddFace,37,36,38,
AddFace,38,39,37,
AddFace,39,38,40,
AddFace,40,41,39,
AddFace,41,40,42,
AddFace,42,43,41,
AddFace,44,45,46,
AddFace,46,47,44,
AddFace,45,44,48,
AddFace,48,49,45,
AddFace,50,51,52,
AddFace,52,53,50,
AddFace,54,55,56,
AddFace,56,57,54,
AddFace,58,54,57,
AddFace,57,59,58,
AddFace,60,61,62,
AddFace,62,63,60,
AddFace,64,60,63,
AddFace,63,65,64,
AddFace,66,67,68,
AddFace,69,66,68,
AddFace,68,70,69,
AddFace,71,72,73,
AddFace,73,74,71,
AddFace,72,75,73,
AddFace,76,77,78,
AddFace,78,79,76,
AddFace,80,76,79,
AddFace,79,81,80,
AddFace,82,80,81,
AddFace,81,83,82,
AddFace,84,82,83,
AddFace,83,85,84,
AddFace,86,87,88,
AddFace,88,89,86,
AddFace,89,88,47,
AddFace,47,46,89,
AddFace,90,91,92,
AddFace,92,93,90,
AddFace,94,95,96,
AddFace,96,97,94,
AddFace,98,99,91,
AddFace,91,90,98,
AddFace,97,96,100,
AddFace,100,101,97,
AddFace,15,14,3,
AddFace,3,2,15,
GenerateNormals,
SetColor,0,60,255,38,

CreateMeshBuilder,
;Jeminie 3DS Converter
AddVertex,0.556882,2.271606,9.437123,
AddVertex,0.549021,2.271606,9.437123,
AddVertex,0.547380,2.271606,9.441298,
AddVertex,0.547380,2.271606,9.441298,
AddVertex,0.549021,2.271606,9.437123,
AddVertex,0.556882,2.271606,9.417124,
AddVertex,0.540022,2.275140,9.420745,
AddVertex,0.547380,2.271606,9.441298,
AddVertex,0.540022,2.275140,9.420745,
AddVertex,0.547380,2.268111,9.440131,
AddVertex,0.547380,2.268111,9.440131,
AddVertex,0.547380,2.271606,9.441298,
AddVertex,0.547380,2.268372,9.439283,
AddVertex,0.547380,2.268817,9.436232,
AddVertex,0.547380,2.259808,9.433350,
AddVertex,0.547380,1.974778,9.342169,
AddVertex,0.547380,2.265733,9.415641,
AddVertex,0.556882,2.271606,9.417124,
AddVertex,0.556882,2.271606,9.432155,
AddVertex,0.556882,2.271606,9.432155,
AddVertex,0.556882,2.210092,9.401590,
AddVertex,0.556882,2.271606,9.417124,
AddVertex,0.547380,2.265733,9.415641,
AddVertex,0.556882,2.271606,9.417124,
AddVertex,0.556882,2.210092,9.401590,
AddVertex,0.547380,1.974778,9.342169,
AddVertex,0.556882,1.974778,9.342169,
AddVertex,0.547380,2.271606,9.417124,
AddVertex,0.556882,2.271606,9.417124,
AddVertex,0.547380,2.271606,9.417124,
AddVertex,0.540022,2.275140,9.420745,
AddVertex,0.540022,2.275140,9.420745,
AddVertex,0.547380,2.271606,9.417124,
AddVertex,0.547380,2.265733,9.415641,
AddVertex,0.540022,2.275140,9.420745,
AddVertex,0.547380,2.265733,9.415641,
AddVertex,0.539923,2.265733,9.417355,
AddVertex,0.547380,2.258874,9.436142,
AddVertex,0.550335,2.256156,9.443588,
AddVertex,0.200875,2.258919,9.598206,
AddVertex,0.539923,2.265733,9.417355,
AddVertex,0.190462,2.268496,9.571972,
AddVertex,0.540022,2.275140,9.420745,
AddVertex,0.539923,2.265733,9.417355,
AddVertex,0.190462,2.268496,9.571972,
AddVertex,0.190557,2.277532,9.575229,
AddVertex,0.540022,2.275140,9.420745,
AddVertex,0.190557,2.277532,9.575229,
AddVertex,0.200969,2.267956,9.601463,
AddVertex,0.547380,2.268372,9.439283,
AddVertex,0.550434,2.265563,9.446979,
AddVertex,0.200875,2.258919,9.598206,
AddVertex,0.200969,2.267956,9.601463,
AddVertex,0.190557,2.277532,9.575229,
AddVertex,0.190462,2.268496,9.571972,
AddVertex,0.547380,2.258874,9.436142,
AddVertex,0.539923,2.265733,9.417355,
AddVertex,0.547380,2.265733,9.415641,
AddVertex,0.547380,2.259808,9.433350,
AddFace,0,1,2,
AddFace,3,4,5,
AddFace,5,6,3,
AddFace,7,8,9,
AddFace,10,11,12,
AddFace,10,12,13,
AddFace,10,13,14,
AddFace,14,15,10,
AddFace,14,16,15,
AddFace,17,1,0,
AddFace,0,18,17,
AddFace,19,20,21,
AddFace,22,23,24,
AddFace,25,22,24,
AddFace,24,26,25,
AddFace,22,27,23,
AddFace,28,29,30,
AddFace,31,32,33,
AddFace,34,35,36,
AddFace,37,38,39,
AddFace,40,37,39,
AddFace,39,41,40,
AddFace,42,43,44,
AddFace,44,45,42,
AddFace,46,47,48,
AddFace,48,49,46,
AddFace,48,50,49,
AddFace,51,52,53,
AddFace,53,54,51,
AddFace,55,56,57,
AddFace,57,58,55,
GenerateNormals,
SetColor,38,38,38,255,

CreateMeshBuilder,
;Jeminie 3DS Converter
AddVertex,0.088266,2.204966,9.574865,
AddVertex,0.088266,2.119344,9.547136,
AddVertex,0.088266,2.116262,9.556650,
AddVertex,0.088266,2.116262,9.584378,
AddVertex,0.088266,2.201885,9.584378,
AddVertex,-0.001734,2.204966,9.574865,
AddVertex,-0.001734,2.201885,9.584378,
AddVertex,-0.001734,2.116262,9.576651,
AddVertex,-0.001734,2.116262,9.556650,
AddVertex,-0.001734,2.119344,9.547136,
AddVertex,0.088266,2.116262,9.556650,
AddVertex,-0.001734,2.116262,9.556650,
AddVertex,-0.001734,2.116262,9.576651,
AddVertex,-0.001734,2.116262,9.584378,
AddVertex,0.088266,2.116262,9.584378,
AddVertex,0.088266,2.116262,9.584378,
AddVertex,-0.001734,2.116262,9.584378,
AddVertex,0.051041,2.117635,9.584378,
AddVertex,0.062683,2.121578,9.584378,
AddVertex,0.074791,2.129632,9.584378,
AddVertex,0.083036,2.139678,9.584378,
AddVertex,0.086662,2.149619,9.584378,
AddVertex,0.087521,2.159328,9.584378,
AddVertex,0.088266,2.201885,9.584378,
AddVertex,0.086373,2.169836,9.584378,
AddVertex,0.082055,2.178856,9.584378,
AddVertex,0.076419,2.187116,9.584378,
AddVertex,0.068584,2.193331,9.584378,
AddVertex,0.059535,2.197585,9.584378,
AddVertex,0.049879,2.200186,9.584378,
AddVertex,0.039879,2.200186,9.584378,
AddVertex,-0.001734,2.201885,9.584378,
AddVertex,0.030003,2.198613,9.584378,
AddVertex,0.020803,2.194695,9.584378,
AddVertex,0.012751,2.188766,9.584378,
AddVertex,0.004505,2.177841,9.584378,
AddVertex,-0.000141,2.164963,9.584378,
AddVertex,0.000509,2.152644,9.584378,
AddVertex,0.004053,2.140783,9.584378,
AddVertex,0.012171,2.129846,9.584378,
AddVertex,0.023068,2.121828,9.584378,
AddVertex,0.035459,2.117606,9.584378,
AddVertex,-0.001734,2.116262,9.584378,
AddFace,0,1,2,
AddFace,2,3,0,
AddFace,3,4,0,
AddFace,5,6,7,
AddFace,5,7,8,
AddFace,8,9,5,
AddFace,10,11,12,
AddFace,12,13,10,
AddFace,13,14,10,
AddFace,15,16,17,
AddFace,17,18,15,
AddFace,18,19,15,
AddFace,19,20,15,
AddFace,20,21,15,
AddFace,21,22,15,
AddFace,22,23,15,
AddFace,22,24,23,
AddFace,24,25,23,
AddFace,25,26,23,
AddFace,26,27,23,
AddFace,27,28,23,
AddFace,28,29,23,
AddFace,29,30,23,
AddFace,31,23,30,
AddFace,31,30,32,
AddFace,31,32,33,
AddFace,31,33,34,
AddFace,31,34,35,
AddFace,31,35,36,
AddFace,16,31,36,
AddFace,36,37,16,
AddFace,37,38,16,
AddFace,38,39,16,
AddFace,39,40,16,
AddFace,40,41,16,
AddFace,16,41,17,
AddFace,6,42,7,
GenerateNormals,
SetColor,10,10,10,255,

CreateMeshBuilder,
;Jeminie 3DS Converter
AddVertex,0.119631,2.024123,9.521556,
AddVertex,0.122219,2.023799,9.521450,
AddVertex,0.122219,2.026880,9.511937,
AddVertex,0.119631,2.027204,9.512042,
AddVertex,0.117043,2.023799,9.521450,
AddVertex,0.119631,2.024123,9.521556,
AddVertex,0.119631,2.027204,9.512042,
AddVertex,0.117043,2.026880,9.511937,
AddVertex,0.114631,2.022848,9.521143,
AddVertex,0.117043,2.023799,9.521450,
AddVertex,0.117043,2.026880,9.511937,
AddVertex,0.114631,2.025929,9.511629,
AddVertex,0.112560,2.021337,9.520653,
AddVertex,0.114631,2.022848,9.521143,
AddVertex,0.114631,2.025929,9.511629,
AddVertex,0.112560,2.024417,9.511140,
AddVertex,0.110971,2.019366,9.520015,
AddVertex,0.112560,2.021337,9.520653,
AddVertex,0.112560,2.024417,9.511140,
AddVertex,0.110971,2.022447,9.510502,
AddVertex,0.109972,2.017072,9.519272,
AddVertex,0.110971,2.019366,9.520015,
AddVertex,0.110971,2.022447,9.510502,
AddVertex,0.109972,2.020153,9.509758,
AddVertex,0.109631,2.014610,9.518475,
AddVertex,0.109972,2.017072,9.519272,
AddVertex,0.109972,2.020153,9.509758,
AddVertex,0.109631,2.017690,9.508961,
AddVertex,0.109972,2.012147,9.517677,
AddVertex,0.109631,2.014610,9.518475,
AddVertex,0.109631,2.017690,9.508961,
AddVertex,0.109972,2.015228,9.508163,
AddVertex,0.114631,2.006371,9.515806,
AddVertex,0.109972,2.012147,9.517677,
AddVertex,0.109972,2.015228,9.508163,
AddVertex,0.114631,2.009451,9.506292,
AddVertex,0.117043,2.005420,9.515498,
AddVertex,0.114631,2.006371,9.515806,
AddVertex,0.114631,2.009451,9.506292,
AddVertex,0.117043,2.008501,9.505985,
AddVertex,0.119631,2.005096,9.515393,
AddVertex,0.117043,2.005420,9.515498,
AddVertex,0.117043,2.008501,9.505985,
AddVertex,0.119631,2.008177,9.505880,
AddVertex,0.122219,2.005420,9.515498,
AddVertex,0.119631,2.005096,9.515393,
AddVertex,0.119631,2.008177,9.505880,
AddVertex,0.122219,2.008501,9.505985,
AddVertex,0.124631,2.006371,9.515806,
AddVertex,0.122219,2.005420,9.515498,
AddVertex,0.122219,2.008501,9.505985,
AddVertex,0.124631,2.009451,9.506292,
AddVertex,0.126702,2.007882,9.516296,
AddVertex,0.124631,2.006371,9.515806,
AddVertex,0.124631,2.009451,9.506292,
AddVertex,0.126702,2.010963,9.506783,
AddVertex,0.126702,2.007882,9.516296,
AddVertex,0.126702,2.010963,9.506783,
AddVertex,0.128291,2.012934,9.507421,
AddVertex,0.128291,2.009853,9.516934,
AddVertex,0.128291,2.009853,9.516934,
AddVertex,0.128291,2.012934,9.507421,
AddVertex,0.129290,2.015228,9.508163,
AddVertex,0.129290,2.012147,9.517677,
AddVertex,0.129290,2.012147,9.517677,
AddVertex,0.129290,2.015228,9.508163,
AddVertex,0.129631,2.017690,9.508961,
AddVertex,0.129631,2.014610,9.518475,
AddVertex,0.129631,2.014610,9.518475,
AddVertex,0.129631,2.017690,9.508961,
AddVertex,0.129290,2.020153,9.509758,
AddVertex,0.129290,2.017072,9.519272,
AddVertex,0.129290,2.017072,9.519272,
AddVertex,0.129290,2.020153,9.509758,
AddVertex,0.128291,2.022447,9.510502,
AddVertex,0.128291,2.019366,9.520015,
AddVertex,0.126702,2.021337,9.520653,
AddVertex,0.128291,2.019366,9.520015,
AddVertex,0.128291,2.022447,9.510502,
AddVertex,0.126702,2.027498,9.501626,
AddVertex,0.128291,2.025528,9.500988,
AddVertex,0.122219,2.029961,9.502423,
AddVertex,0.126702,2.027498,9.501626,
AddVertex,0.128291,2.025528,9.500988,
AddVertex,0.102901,2.011582,9.496471,
AddVertex,0.107560,2.005805,9.494600,
AddVertex,0.102901,2.011582,9.496471,
AddVertex,0.107560,2.005805,9.494600,
AddVertex,0.107560,2.002724,9.504114,
AddVertex,0.102901,2.008501,9.505985,
AddVertex,0.122219,2.029961,9.502423,
AddVertex,0.102901,2.011582,9.496471,
AddVertex,0.102901,2.008501,9.505985,
AddVertex,0.122219,2.026880,9.511937,
AddVertex,0.124631,2.029010,9.502115,
AddVertex,0.122219,2.029961,9.502423,
AddVertex,0.122219,2.026880,9.511937,
AddVertex,0.122219,2.023799,9.521450,
AddVertex,0.124631,2.022848,9.521143,
AddVertex,0.126702,2.027498,9.501626,
AddVertex,0.124631,2.029010,9.502115,
AddVertex,0.124631,2.022848,9.521143,
AddVertex,0.126702,2.021337,9.520653,
AddVertex,0.124631,2.029010,9.502115,
AddVertex,0.109972,2.015228,9.508163,
AddVertex,0.122219,2.026880,9.511937,
AddVertex,0.109972,2.015228,9.508163,
AddVertex,0.109631,2.017690,9.508961,
AddVertex,0.109972,2.020153,9.509758,
AddVertex,0.110971,2.022447,9.510502,
AddVertex,0.112560,2.024417,9.511140,
AddVertex,0.114631,2.025929,9.511629,
AddVertex,0.117043,2.026880,9.511937,
AddVertex,0.119631,2.027204,9.512042,
AddVertex,0.114631,2.009451,9.506292,
AddVertex,0.109972,2.015228,9.508163,
AddVertex,0.102901,2.008501,9.505985,
AddVertex,0.107560,2.002724,9.504114,
AddVertex,0.128291,2.025528,9.500988,
AddVertex,0.114631,2.009451,9.506292,
AddVertex,0.107560,2.002724,9.504114,
AddVertex,0.107560,2.005805,9.494600,
AddVertex,0.128291,2.022447,9.510502,
AddVertex,0.114631,2.009451,9.506292,
AddVertex,0.128291,2.022447,9.510502,
AddVertex,0.126702,2.010963,9.506783,
AddVertex,0.124631,2.009451,9.506292,
AddVertex,0.117043,2.008501,9.505985,
AddVertex,0.122219,2.008501,9.505985,
AddVertex,0.119631,2.008177,9.505880,
AddVertex,0.128291,2.012934,9.507421,
AddVertex,0.129290,2.015228,9.508163,
AddVertex,0.129631,2.017690,9.508961,
AddVertex,0.129290,2.020153,9.509758,
AddFace,0,1,2,
AddFace,2,3,0,
AddFace,4,5,6,
AddFace,6,7,4,
AddFace,8,9,10,
AddFace,10,11,8,
AddFace,12,13,14,
AddFace,14,15,12,
AddFace,16,17,18,
AddFace,18,19,16,
AddFace,20,21,22,
AddFace,22,23,20,
AddFace,24,25,26,
AddFace,26,27,24,
AddFace,28,29,30,
AddFace,30,31,28,
AddFace,32,33,34,
AddFace,34,35,32,
AddFace,36,37,38,
AddFace,38,39,36,
AddFace,40,41,42,
AddFace,42,43,40,
AddFace,44,45,46,
AddFace,46,47,44,
AddFace,48,49,50,
AddFace,50,51,48,
AddFace,52,53,54,
AddFace,54,55,52,
AddFace,56,57,58,
AddFace,58,59,56,
AddFace,60,61,62,
AddFace,62,63,60,
AddFace,64,65,66,
AddFace,66,67,64,
AddFace,68,69,70,
AddFace,70,71,68,
AddFace,72,73,74,
AddFace,74,75,72,
AddFace,76,77,78,
AddFace,79,76,78,
AddFace,78,80,79,
AddFace,81,82,83,
AddFace,84,81,83,
AddFace,83,85,84,
AddFace,86,87,88,
AddFace,88,89,86,
AddFace,90,91,92,
AddFace,92,93,90,
AddFace,94,95,96,
AddFace,96,97,94,
AddFace,97,98,94,
AddFace,99,100,101,
AddFace,101,102,99,
AddFace,81,103,82,
AddFace,92,104,93,
AddFace,105,106,107,
AddFace,107,108,105,
AddFace,108,109,105,
AddFace,109,110,105,
AddFace,110,111,105,
AddFace,111,112,105,
AddFace,112,113,105,
AddFace,114,115,116,
AddFace,116,117,114,
AddFace,118,119,120,
AddFace,120,121,118,
AddFace,118,122,119,
AddFace,123,124,125,
AddFace,123,125,126,
AddFace,127,123,126,
AddFace,127,126,128,
AddFace,128,129,127,
AddFace,124,130,125,
AddFace,124,131,130,
AddFace,124,132,131,
AddFace,124,133,132,
GenerateNormals,
SetColor,10,10,10,255,

CreateMeshBuilder,
;Jeminie 3DS Converter
AddVertex,-0.651202,2.912968,9.491624,
AddVertex,-0.651202,2.342914,9.491624,
AddVertex,-0.651588,2.342914,9.491920,
AddVertex,-0.651588,2.912968,9.491920,
AddVertex,-0.651202,2.920188,9.491624,
AddVertex,-0.651202,2.912968,9.491624,
AddVertex,-0.651202,2.920188,9.491624,
AddVertex,-0.650753,2.920188,9.491437,
AddVertex,-0.650753,2.912968,9.491437,
AddVertex,-0.651202,2.342914,9.491624,
AddVertex,-0.650753,2.342914,9.491437,
AddVertex,-0.651202,2.338942,9.491624,
AddVertex,-0.650753,2.338756,9.491437,
AddVertex,-0.651202,2.338942,9.491624,
AddVertex,-0.650753,2.338756,9.491437,
AddVertex,-0.650753,2.338756,9.503239,
AddVertex,-0.651202,2.338942,9.503239,
AddVertex,-0.651588,2.339238,9.491920,
AddVertex,-0.651202,2.338942,9.491624,
AddVertex,-0.651202,2.338942,9.503239,
AddVertex,-0.651588,2.339238,9.503239,
AddVertex,-0.651885,2.339625,9.492306,
AddVertex,-0.651588,2.339238,9.491920,
AddVertex,-0.651588,2.339238,9.503239,
AddVertex,-0.651885,2.339625,9.503239,
AddVertex,-0.652071,2.340074,9.492756,
AddVertex,-0.651885,2.339625,9.492306,
AddVertex,-0.651885,2.339625,9.503239,
AddVertex,-0.652071,2.340074,9.503239,
AddVertex,-0.652134,2.340557,9.493238,
AddVertex,-0.652071,2.340074,9.492756,
AddVertex,-0.652071,2.340074,9.503239,
AddVertex,-0.652134,2.340557,9.503239,
AddVertex,-0.652071,2.341039,9.493721,
AddVertex,-0.652134,2.340557,9.493238,
AddVertex,-0.652134,2.340557,9.503239,
AddVertex,-0.652071,2.341039,9.503239,
AddVertex,-0.651885,2.341489,9.494170,
AddVertex,-0.652071,2.341039,9.493721,
AddVertex,-0.652071,2.341039,9.503239,
AddVertex,-0.651885,2.341489,9.503239,
AddVertex,-0.651588,2.341875,9.494556,
AddVertex,-0.651885,2.341489,9.494170,
AddVertex,-0.651885,2.341489,9.503239,
AddVertex,-0.651588,2.341875,9.503239,
AddVertex,-0.651202,2.342171,9.494853,
AddVertex,-0.651588,2.341875,9.494556,
AddVertex,-0.651588,2.341875,9.503239,
AddVertex,-0.651202,2.342171,9.503239,
AddVertex,-0.650753,2.342358,9.495039,
AddVertex,-0.651202,2.342171,9.494853,
AddVertex,-0.651202,2.342171,9.503239,
AddVertex,-0.650753,2.342358,9.503239,
AddVertex,-0.650270,2.342421,9.495103,
AddVertex,-0.650753,2.342358,9.495039,
AddVertex,-0.650753,2.342358,9.503239,
AddVertex,-0.650270,2.342421,9.503239,
AddVertex,-0.649788,2.342358,9.495039,
AddVertex,-0.650270,2.342421,9.495103,
AddVertex,-0.650270,2.342421,9.503239,
AddVertex,-0.649788,2.342358,9.503239,
AddVertex,-0.649338,2.342171,9.494853,
AddVertex,-0.649788,2.342358,9.495039,
AddVertex,-0.649788,2.342358,9.503239,
AddVertex,-0.649338,2.342171,9.503239,
AddVertex,-0.648952,2.341875,9.494556,
AddVertex,-0.649338,2.342171,9.494853,
AddVertex,-0.649338,2.342171,9.503239,
AddVertex,-0.648952,2.341875,9.503239,
AddVertex,-0.648952,2.341875,9.494556,
AddVertex,-0.648952,2.341875,9.503239,
AddVertex,-0.648656,2.341489,9.503239,
AddVertex,-0.648656,2.341489,9.494170,
AddVertex,-0.648656,2.341489,9.494170,
AddVertex,-0.648656,2.341489,9.503239,
AddVertex,-0.648469,2.341039,9.503239,
AddVertex,-0.648469,2.341039,9.493721,
AddVertex,-0.648656,2.341489,9.494170,
AddVertex,-0.648469,2.341039,9.493721,
AddVertex,-0.648469,2.342914,9.493721,
AddVertex,-0.648656,2.342914,9.494170,
AddVertex,-0.648469,2.912968,9.493721,
AddVertex,-0.648469,2.920188,9.493721,
AddVertex,-0.648656,2.920188,9.494170,
AddVertex,-0.648656,2.912968,9.494170,
AddVertex,-0.648952,2.342914,9.494556,
AddVertex,-0.648656,2.342914,9.494170,
AddVertex,-0.648656,2.912968,9.494170,
AddVertex,-0.648656,2.920188,9.494170,
AddVertex,-0.648952,2.920188,9.494556,
AddVertex,-0.648952,2.912968,9.494556,
AddVertex,-0.648952,2.342914,9.494556,
AddVertex,-0.648952,2.912968,9.494556,
AddVertex,-0.649338,2.912968,9.494853,
AddVertex,-0.649338,2.342914,9.494853,
AddVertex,-0.649338,2.342914,9.494853,
AddVertex,-0.649338,2.912968,9.494853,
AddVertex,-0.649788,2.912968,9.495039,
AddVertex,-0.649788,2.342914,9.495039,
AddVertex,-0.649788,2.342914,9.495039,
AddVertex,-0.649788,2.912968,9.495039,
AddVertex,-0.650270,2.912968,9.495103,
AddVertex,-0.650270,2.342914,9.495103,
AddVertex,-0.650270,2.342914,9.495103,
AddVertex,-0.650270,2.912968,9.495103,
AddVertex,-0.650753,2.912968,9.495039,
AddVertex,-0.650753,2.342914,9.495039,
AddVertex,-0.650753,2.342914,9.495039,
AddVertex,-0.650753,2.912968,9.495039,
AddVertex,-0.651202,2.912968,9.494853,
AddVertex,-0.651202,2.342914,9.494853,
AddVertex,-0.651202,2.342914,9.494853,
AddVertex,-0.651202,2.912968,9.494853,
AddVertex,-0.651588,2.912968,9.494556,
AddVertex,-0.651588,2.342914,9.494556,
AddVertex,-0.651588,2.342914,9.494556,
AddVertex,-0.651588,2.912968,9.494556,
AddVertex,-0.651588,2.920188,9.494556,
AddVertex,-0.651885,2.342914,9.494170,
AddVertex,-0.651885,2.912968,9.494170,
AddVertex,-0.651885,2.920188,9.494170,
AddVertex,-0.651885,2.342914,9.494170,
AddVertex,-0.651885,2.912968,9.494170,
AddVertex,-0.651885,2.920188,9.494170,
AddVertex,-0.652071,2.342914,9.493721,
AddVertex,-0.652071,2.912968,9.493721,
AddVertex,-0.652071,2.920188,9.493721,
AddVertex,-0.652071,2.342914,9.493721,
AddVertex,-0.652071,2.912968,9.493721,
AddVertex,-0.652071,2.920188,9.493721,
AddVertex,-0.652134,2.342914,9.493238,
AddVertex,-0.652134,2.912968,9.493238,
AddVertex,-0.652134,2.920188,9.493238,
AddVertex,-0.652134,2.342914,9.493238,
AddVertex,-0.652134,2.912968,9.493238,
AddVertex,-0.652134,2.920188,9.493238,
AddVertex,-0.652071,2.342914,9.492756,
AddVertex,-0.652071,2.912968,9.492756,
AddVertex,-0.652071,2.920188,9.492756,
AddVertex,-0.652071,2.342914,9.492756,
AddVertex,-0.652071,2.912968,9.492756,
AddVertex,-0.652071,2.920188,9.492756,
AddVertex,-0.651885,2.342914,9.492306,
AddVertex,-0.651885,2.912968,9.492306,
AddVertex,-0.651885,2.920188,9.492306,
AddVertex,-0.651885,2.342914,9.492306,
AddVertex,-0.651885,2.912968,9.492306,
AddVertex,-0.651885,2.920188,9.492306,
AddVertex,-0.651588,2.342914,9.491920,
AddVertex,-0.651588,2.912968,9.491920,
AddVertex,-0.651588,2.920188,9.491920,
AddVertex,-0.651588,2.920188,9.491920,
AddVertex,-0.651202,2.920188,9.494853,
AddVertex,-0.651588,2.920188,9.494556,
AddVertex,-0.651202,2.920188,9.494853,
AddVertex,-0.650753,2.920188,9.495039,
AddVertex,-0.650753,2.912968,9.491437,
AddVertex,-0.650753,2.920188,9.491437,
AddVertex,-0.650270,2.920188,9.491374,
AddVertex,-0.650270,2.912968,9.491374,
AddVertex,-0.650753,2.342914,9.491437,
AddVertex,-0.650270,2.342914,9.491374,
AddVertex,-0.650753,2.338756,9.491437,
AddVertex,-0.650270,2.338692,9.491374,
AddVertex,-0.650753,2.338756,9.491437,
AddVertex,-0.650270,2.338692,9.491374,
AddVertex,-0.650270,2.338692,9.503239,
AddVertex,-0.650753,2.338756,9.503239,
AddVertex,-0.651854,2.338733,9.503239,
AddVertex,-0.650753,2.338756,9.503239,
AddVertex,-0.650270,2.338692,9.503239,
AddVertex,-0.648908,2.338617,9.503239,
AddVertex,-0.651325,2.338402,9.503239,
AddVertex,-0.649473,2.338329,9.503239,
AddVertex,-0.650724,2.338218,9.503239,
AddVertex,-0.650093,2.338193,9.503239,
AddVertex,-0.650724,2.338218,9.503239,
AddVertex,-0.650093,2.338193,9.503239,
AddVertex,-0.650093,2.338193,9.640874,
AddVertex,-0.650724,2.338218,9.543239,
AddVertex,-0.650724,2.338218,9.640900,
AddVertex,-0.650724,2.338218,9.503239,
AddVertex,-0.650724,2.338218,9.543239,
AddVertex,-0.650724,2.338218,9.640900,
AddVertex,-0.651325,2.338402,9.503239,
AddVertex,-0.651325,2.338402,9.543239,
AddVertex,-0.651325,2.338402,9.641084,
AddVertex,-0.651325,2.338402,9.503239,
AddVertex,-0.651325,2.338402,9.543239,
AddVertex,-0.651325,2.338402,9.641084,
AddVertex,-0.651854,2.338733,9.503239,
AddVertex,-0.651854,2.338733,9.543239,
AddVertex,-0.651854,2.338733,9.641415,
AddVertex,-0.651854,2.338733,9.543239,
AddVertex,-0.651854,2.338733,9.641415,
AddVertex,-0.652275,2.339189,9.641870,
AddVertex,-0.652275,2.339189,9.543239,
AddVertex,-0.651854,2.338733,9.503239,
AddVertex,-0.652275,2.339189,9.503239,
AddVertex,-0.652275,2.339189,9.503239,
AddVertex,-0.651202,2.338942,9.503239,
AddVertex,-0.651588,2.339238,9.503239,
AddVertex,-0.652559,2.339738,9.503239,
AddVertex,-0.651885,2.339625,9.503239,
AddVertex,-0.652071,2.340074,9.503239,
AddVertex,-0.652688,2.340342,9.503239,
AddVertex,-0.652134,2.340557,9.503239,
AddVertex,-0.652651,2.340961,9.503239,
AddVertex,-0.652071,2.341039,9.503239,
AddVertex,-0.652452,2.341553,9.503239,
AddVertex,-0.651885,2.341489,9.503239,
AddVertex,-0.651588,2.341875,9.503239,
AddVertex,-0.652105,2.342077,9.503239,
AddVertex,-0.651202,2.342171,9.503239,
AddVertex,-0.651633,2.342497,9.503239,
AddVertex,-0.650753,2.342358,9.503239,
AddVertex,-0.650270,2.342421,9.503239,
AddVertex,-0.649215,2.342711,9.503239,
AddVertex,-0.648686,2.342380,9.503239,
AddVertex,-0.649788,2.342358,9.503239,
AddVertex,-0.649338,2.342171,9.503239,
AddVertex,-0.648265,2.341924,9.503239,
AddVertex,-0.648952,2.341875,9.503239,
AddVertex,-0.648656,2.341489,9.503239,
AddVertex,-0.647981,2.341376,9.503239,
AddVertex,-0.648469,2.341039,9.503239,
AddVertex,-0.647853,2.340771,9.503239,
AddVertex,-0.648406,2.340557,9.503239,
AddVertex,-0.647889,2.340152,9.503239,
AddVertex,-0.648469,2.340074,9.503239,
AddVertex,-0.648656,2.339625,9.503239,
AddVertex,-0.648088,2.339561,9.503239,
AddVertex,-0.648952,2.339238,9.503239,
AddVertex,-0.648435,2.339037,9.503239,
AddVertex,-0.649338,2.338942,9.503239,
AddVertex,-0.649788,2.338756,9.503239,
AddVertex,-0.649788,2.338756,9.503239,
AddVertex,-0.650270,2.338692,9.503239,
AddVertex,-0.650270,2.338692,9.491374,
AddVertex,-0.649788,2.338756,9.491437,
AddVertex,-0.649338,2.338942,9.503239,
AddVertex,-0.649788,2.338756,9.503239,
AddVertex,-0.649788,2.338756,9.491437,
AddVertex,-0.649338,2.338942,9.491624,
AddVertex,-0.648952,2.339238,9.503239,
AddVertex,-0.649338,2.338942,9.503239,
AddVertex,-0.649338,2.338942,9.491624,
AddVertex,-0.648952,2.339238,9.491920,
AddVertex,-0.648952,2.339238,9.503239,
AddVertex,-0.648952,2.339238,9.491920,
AddVertex,-0.648656,2.339625,9.492306,
AddVertex,-0.648656,2.339625,9.503239,
AddVertex,-0.648656,2.339625,9.503239,
AddVertex,-0.648656,2.339625,9.492306,
AddVertex,-0.648469,2.340074,9.492756,
AddVertex,-0.648469,2.340074,9.503239,
AddVertex,-0.648469,2.340074,9.503239,
AddVertex,-0.648469,2.340074,9.492756,
AddVertex,-0.648406,2.340557,9.493238,
AddVertex,-0.648406,2.340557,9.503239,
AddVertex,-0.648406,2.340557,9.503239,
AddVertex,-0.648406,2.340557,9.493238,
AddVertex,-0.648469,2.341039,9.493721,
AddVertex,-0.648469,2.341039,9.503239,
AddVertex,-0.648469,2.341039,9.493721,
AddVertex,-0.648406,2.340557,9.493238,
AddVertex,-0.648406,2.342914,9.493238,
AddVertex,-0.648469,2.342914,9.493721,
AddVertex,-0.648406,2.912968,9.493238,
AddVertex,-0.648406,2.920188,9.493238,
AddVertex,-0.648469,2.920188,9.493721,
AddVertex,-0.648469,2.912968,9.493721,
AddVertex,-0.649788,2.920188,9.495039,
AddVertex,-0.650270,2.920188,9.495103,
AddVertex,-0.650270,2.920188,9.495103,
AddVertex,-0.650753,2.920188,9.495039,
AddVertex,-0.649788,2.920188,9.495039,
AddVertex,-0.649338,2.920188,9.494853,
AddVertex,-0.649338,2.920188,9.494853,
AddVertex,-0.648952,2.920188,9.494556,
AddVertex,-0.650270,2.912968,9.491374,
AddVertex,-0.650270,2.920188,9.491374,
AddVertex,-0.649788,2.920188,9.491437,
AddVertex,-0.649788,2.912968,9.491437,
AddVertex,-0.650270,2.342914,9.491374,
AddVertex,-0.649788,2.342914,9.491437,
AddVertex,-0.649788,2.338756,9.491437,
AddVertex,-0.650270,2.338692,9.491374,
AddVertex,-0.649338,2.338942,9.491624,
AddVertex,-0.649788,2.338756,9.491437,
AddVertex,-0.649788,2.342914,9.491437,
AddVertex,-0.649338,2.342914,9.491624,
AddVertex,-0.648952,2.339238,9.491920,
AddVertex,-0.649338,2.338942,9.491624,
AddVertex,-0.649338,2.342914,9.491624,
AddVertex,-0.648952,2.342914,9.491920,
AddVertex,-0.648656,2.339625,9.492306,
AddVertex,-0.648952,2.339238,9.491920,
AddVertex,-0.648952,2.342914,9.491920,
AddVertex,-0.648656,2.342914,9.492306,
AddVertex,-0.648469,2.340074,9.492756,
AddVertex,-0.648656,2.339625,9.492306,
AddVertex,-0.648656,2.342914,9.492306,
AddVertex,-0.648469,2.342914,9.492756,
AddVertex,-0.648406,2.340557,9.493238,
AddVertex,-0.648469,2.340074,9.492756,
AddVertex,-0.648469,2.342914,9.492756,
AddVertex,-0.648406,2.342914,9.493238,
AddVertex,-0.648469,2.912968,9.492756,
AddVertex,-0.648469,2.920188,9.492756,
AddVertex,-0.648406,2.920188,9.493238,
AddVertex,-0.648406,2.912968,9.493238,
AddVertex,-0.648469,2.920188,9.492756,
AddVertex,-0.648469,2.912968,9.492756,
AddVertex,-0.648656,2.920188,9.492306,
AddVertex,-0.648656,2.912968,9.492306,
AddVertex,-0.648656,2.920188,9.492306,
AddVertex,-0.648656,2.912968,9.492306,
AddVertex,-0.648952,2.920188,9.491920,
AddVertex,-0.648952,2.912968,9.491920,
AddVertex,-0.648952,2.912968,9.491920,
AddVertex,-0.649338,2.912968,9.491624,
AddVertex,-0.648952,2.920188,9.491920,
AddVertex,-0.649338,2.920188,9.491624,
AddVertex,-0.649788,2.912968,9.491437,
AddVertex,-0.649338,2.920188,9.491624,
AddVertex,-0.649338,2.912968,9.491624,
AddVertex,-0.649788,2.920188,9.491437,
AddVertex,-0.648908,2.338617,9.503239,
AddVertex,-0.648435,2.339037,9.503239,
AddVertex,-0.648435,2.339037,9.641719,
AddVertex,-0.648908,2.338617,9.543239,
AddVertex,-0.648908,2.338617,9.641298,
AddVertex,-0.648908,2.338617,9.503239,
AddVertex,-0.648908,2.338617,9.543239,
AddVertex,-0.648908,2.338617,9.641298,
AddVertex,-0.649473,2.338329,9.503239,
AddVertex,-0.649473,2.338329,9.543239,
AddVertex,-0.649473,2.338329,9.641010,
AddVertex,-0.649473,2.338329,9.503239,
AddVertex,-0.649473,2.338329,9.543239,
AddVertex,-0.649473,2.338329,9.641010,
AddVertex,-0.650093,2.338193,9.503239,
AddVertex,-0.650093,2.338193,9.543239,
AddVertex,-0.650093,2.338193,9.640874,
AddVertex,-0.650093,2.338193,9.543239,
AddVertex,-0.650093,2.338193,9.640874,
AddVertex,-0.649473,2.338329,9.641010,
AddVertex,-0.649473,2.313230,9.641010,
AddVertex,-0.650093,2.312610,9.640874,
AddVertex,-0.650724,2.338218,9.640900,
AddVertex,-0.650093,2.338193,9.640874,
AddVertex,-0.650093,2.312610,9.640874,
AddVertex,-0.650724,2.311978,9.640900,
AddVertex,-0.651325,2.338402,9.641084,
AddVertex,-0.650724,2.338218,9.640900,
AddVertex,-0.650724,2.311978,9.640900,
AddVertex,-0.651325,2.311378,9.641084,
AddVertex,-0.651854,2.338733,9.641415,
AddVertex,-0.651325,2.338402,9.641084,
AddVertex,-0.651325,2.311378,9.641084,
AddVertex,-0.651854,2.310849,9.641415,
AddVertex,-0.652275,2.339189,9.641870,
AddVertex,-0.651854,2.338733,9.641415,
AddVertex,-0.651854,2.310849,9.641415,
AddVertex,-0.652275,2.310428,9.641870,
AddVertex,-0.652559,2.339738,9.642419,
AddVertex,-0.652275,2.339189,9.641870,
AddVertex,-0.652275,2.310428,9.641870,
AddVertex,-0.652559,2.310143,9.642419,
AddVertex,-0.652688,2.340342,9.643023,
AddVertex,-0.652559,2.339738,9.642419,
AddVertex,-0.652559,2.310143,9.642419,
AddVertex,-0.652688,2.310015,9.643023,
AddVertex,-0.652651,2.340961,9.643642,
AddVertex,-0.652688,2.340342,9.643023,
AddVertex,-0.652688,2.310015,9.643023,
AddVertex,-0.652651,2.310051,9.643642,
AddVertex,-0.652452,2.341553,9.644235,
AddVertex,-0.652651,2.340961,9.643642,
AddVertex,-0.652651,2.310051,9.643642,
AddVertex,-0.652452,2.310250,9.644235,
AddVertex,-0.652105,2.342077,9.644758,
AddVertex,-0.652452,2.341553,9.644235,
AddVertex,-0.652452,2.310250,9.644235,
AddVertex,-0.652105,2.310598,9.644758,
AddVertex,-0.652105,2.342077,9.644758,
AddVertex,-0.652105,2.310598,9.644758,
AddVertex,-0.651633,2.311070,9.645178,
AddVertex,-0.651633,2.342497,9.645178,
AddVertex,-0.652105,2.342077,9.644758,
AddVertex,-0.651633,2.342497,9.645178,
AddVertex,-0.651633,2.342497,9.503239,
AddVertex,-0.652105,2.342077,9.543239,
AddVertex,-0.652105,2.342077,9.503239,
AddVertex,-0.652105,2.342077,9.543239,
AddVertex,-0.652105,2.342077,9.503239,
AddVertex,-0.652452,2.341553,9.503239,
AddVertex,-0.652452,2.341553,9.543239,
AddVertex,-0.652105,2.342077,9.644758,
AddVertex,-0.652452,2.341553,9.644235,
AddVertex,-0.652651,2.340961,9.543239,
AddVertex,-0.652452,2.341553,9.644235,
AddVertex,-0.652452,2.341553,9.543239,
AddVertex,-0.652651,2.340961,9.503239,
AddVertex,-0.652452,2.341553,9.503239,
AddVertex,-0.652651,2.340961,9.543239,
AddVertex,-0.652651,2.340961,9.503239,
AddVertex,-0.652688,2.340342,9.503239,
AddVertex,-0.652688,2.340342,9.543239,
AddVertex,-0.652651,2.340961,9.643642,
AddVertex,-0.652651,2.340961,9.643642,
AddVertex,-0.652688,2.340342,9.643023,
AddVertex,-0.652559,2.339738,9.543239,
AddVertex,-0.652688,2.340342,9.643023,
AddVertex,-0.652688,2.340342,9.543239,
AddVertex,-0.652559,2.339738,9.503239,
AddVertex,-0.652688,2.340342,9.503239,
AddVertex,-0.652559,2.339738,9.543239,
AddVertex,-0.652559,2.339738,9.503239,
AddVertex,-0.652275,2.339189,9.503239,
AddVertex,-0.652275,2.339189,9.543239,
AddVertex,-0.652559,2.339738,9.642419,
AddVertex,-0.652559,2.339738,9.642419,
AddVertex,-0.652275,2.339189,9.641870,
AddVertex,-0.651633,2.342497,9.543239,
AddVertex,-0.651067,2.342784,9.503239,
AddVertex,-0.651633,2.342497,9.503239,
AddVertex,-0.651633,2.342497,9.543239,
AddVertex,-0.651633,2.342497,9.645178,
AddVertex,-0.651067,2.342784,9.645466,
AddVertex,-0.651067,2.342784,9.543239,
AddVertex,-0.650448,2.342921,9.503239,
AddVertex,-0.651067,2.342784,9.503239,
AddVertex,-0.651067,2.342784,9.543239,
AddVertex,-0.651067,2.342784,9.645466,
AddVertex,-0.650448,2.342921,9.645602,
AddVertex,-0.649816,2.342896,9.503239,
AddVertex,-0.650448,2.342921,9.503239,
AddVertex,-0.650448,2.342921,9.645602,
AddVertex,-0.649816,2.342896,9.645577,
AddVertex,-0.649215,2.342711,9.503239,
AddVertex,-0.649816,2.342896,9.503239,
AddVertex,-0.649816,2.342896,9.645577,
AddVertex,-0.649215,2.342711,9.645392,
AddVertex,-0.649215,2.342711,9.543239,
AddVertex,-0.648686,2.342380,9.503239,
AddVertex,-0.649215,2.342711,9.503239,
AddVertex,-0.649215,2.342711,9.543239,
AddVertex,-0.649215,2.342711,9.645392,
AddVertex,-0.648686,2.342380,9.645061,
AddVertex,-0.648686,2.342380,9.543239,
AddVertex,-0.648686,2.342380,9.503239,
AddVertex,-0.648686,2.342380,9.543239,
AddVertex,-0.648265,2.341924,9.543239,
AddVertex,-0.648265,2.341924,9.503239,
AddVertex,-0.648265,2.341924,9.503239,
AddVertex,-0.648265,2.341924,9.543239,
AddVertex,-0.647981,2.341376,9.543239,
AddVertex,-0.647981,2.341376,9.503239,
AddVertex,-0.647981,2.341376,9.503239,
AddVertex,-0.647981,2.341376,9.543239,
AddVertex,-0.647853,2.340771,9.543239,
AddVertex,-0.647853,2.340771,9.503239,
AddVertex,-0.647853,2.340771,9.503239,
AddVertex,-0.647853,2.340771,9.543239,
AddVertex,-0.647889,2.340152,9.543239,
AddVertex,-0.647889,2.340152,9.503239,
AddVertex,-0.647889,2.340152,9.503239,
AddVertex,-0.647889,2.340152,9.543239,
AddVertex,-0.648088,2.339561,9.543239,
AddVertex,-0.648088,2.339561,9.503239,
AddVertex,-0.648088,2.339561,9.503239,
AddVertex,-0.648088,2.339561,9.543239,
AddVertex,-0.648435,2.339037,9.543239,
AddVertex,-0.648435,2.339037,9.503239,
AddVertex,-0.648435,2.339037,9.543239,
AddVertex,-0.648435,2.339037,9.641719,
AddVertex,-0.648088,2.339561,9.642242,
AddVertex,-0.648435,2.339037,9.641719,
AddVertex,-0.648088,2.339561,9.642242,
AddVertex,-0.648088,2.314615,9.642242,
AddVertex,-0.648435,2.314267,9.641719,
AddVertex,-0.648908,2.338617,9.641298,
AddVertex,-0.648435,2.339037,9.641719,
AddVertex,-0.648435,2.314267,9.641719,
AddVertex,-0.648908,2.313795,9.641298,
AddVertex,-0.649473,2.338329,9.641010,
AddVertex,-0.648908,2.338617,9.641298,
AddVertex,-0.648908,2.313795,9.641298,
AddVertex,-0.649473,2.313230,9.641010,
AddVertex,-0.649473,2.313230,9.641010,
AddVertex,-0.648908,2.313795,9.641298,
AddVertex,-0.608908,2.313795,9.641298,
AddVertex,-0.609473,2.313230,9.641010,
AddVertex,-0.650093,2.312610,9.640874,
AddVertex,-0.649473,2.313230,9.641010,
AddVertex,-0.609473,2.313230,9.641010,
AddVertex,-0.610093,2.312610,9.640874,
AddVertex,-0.650724,2.311978,9.640900,
AddVertex,-0.650093,2.312610,9.640874,
AddVertex,-0.610093,2.312610,9.640874,
AddVertex,-0.610724,2.311978,9.640900,
AddVertex,-0.651325,2.311378,9.641084,
AddVertex,-0.650724,2.311978,9.640900,
AddVertex,-0.610724,2.311978,9.640900,
AddVertex,-0.611325,2.311378,9.641084,
AddVertex,-0.651854,2.310849,9.641415,
AddVertex,-0.651325,2.311378,9.641084,
AddVertex,-0.611325,2.311378,9.641084,
AddVertex,-0.611854,2.310849,9.641415,
AddVertex,-0.651854,2.310849,9.641415,
AddVertex,-0.611854,2.310849,9.641415,
AddVertex,-0.612275,2.310428,9.641870,
AddVertex,-0.652275,2.310428,9.641870,
AddVertex,-0.652275,2.310428,9.641870,
AddVertex,-0.612275,2.310428,9.641870,
AddVertex,-0.612559,2.310143,9.642419,
AddVertex,-0.652559,2.310143,9.642419,
AddVertex,-0.652559,2.310143,9.642419,
AddVertex,-0.612559,2.310143,9.642419,
AddVertex,-0.612688,2.310015,9.643023,
AddVertex,-0.652688,2.310015,9.643023,
AddVertex,-0.652651,2.310051,9.643642,
AddVertex,-0.652688,2.310015,9.643023,
AddVertex,-0.612688,2.310015,9.643023,
AddVertex,-0.612651,2.310051,9.643642,
AddVertex,-0.652452,2.310250,9.644235,
AddVertex,-0.652651,2.310051,9.643642,
AddVertex,-0.612651,2.310051,9.643642,
AddVertex,-0.612453,2.310250,9.644235,
AddVertex,-0.652105,2.310598,9.644758,
AddVertex,-0.652452,2.310250,9.644235,
AddVertex,-0.612453,2.310250,9.644235,
AddVertex,-0.612105,2.310598,9.644758,
AddVertex,-0.651633,2.311070,9.645178,
AddVertex,-0.652105,2.310598,9.644758,
AddVertex,-0.612105,2.310598,9.644758,
AddVertex,-0.611633,2.311070,9.645178,
AddVertex,-0.651067,2.311635,9.645466,
AddVertex,-0.651633,2.311070,9.645178,
AddVertex,-0.611633,2.311070,9.645178,
AddVertex,-0.611067,2.311635,9.645466,
AddVertex,-0.650448,2.312255,9.645602,
AddVertex,-0.651067,2.311635,9.645466,
AddVertex,-0.611067,2.311635,9.645466,
AddVertex,-0.610448,2.312255,9.645602,
AddVertex,-0.649816,2.312887,9.645577,
AddVertex,-0.650448,2.312255,9.645602,
AddVertex,-0.610448,2.312255,9.645602,
AddVertex,-0.609816,2.312887,9.645577,
AddVertex,-0.649215,2.313488,9.645392,
AddVertex,-0.649816,2.312887,9.645577,
AddVertex,-0.609816,2.312887,9.645577,
AddVertex,-0.609215,2.313488,9.645392,
AddVertex,-0.648686,2.314016,9.645061,
AddVertex,-0.649215,2.313488,9.645392,
AddVertex,-0.609215,2.313488,9.645392,
AddVertex,-0.608686,2.314016,9.645061,
AddVertex,-0.648265,2.314437,9.644606,
AddVertex,-0.648686,2.314016,9.645061,
AddVertex,-0.608686,2.314016,9.645061,
AddVertex,-0.608265,2.314437,9.644606,
AddVertex,-0.647981,2.314722,9.644057,
AddVertex,-0.648265,2.314437,9.644606,
AddVertex,-0.608265,2.314437,9.644606,
AddVertex,-0.607981,2.314722,9.644057,
AddVertex,-0.647853,2.314850,9.643453,
AddVertex,-0.647981,2.314722,9.644057,
AddVertex,-0.607981,2.314722,9.644057,
AddVertex,-0.607853,2.314850,9.643453,
AddVertex,-0.647853,2.314850,9.643453,
AddVertex,-0.607853,2.314850,9.643453,
AddVertex,-0.607889,2.314814,9.642834,
AddVertex,-0.647889,2.314814,9.642834,
AddVertex,-0.647853,2.314850,9.643453,
AddVertex,-0.647889,2.314814,9.642834,
AddVertex,-0.647889,2.340152,9.642834,
AddVertex,-0.647853,2.340771,9.643453,
AddVertex,-0.647981,2.314722,9.644057,
AddVertex,-0.647853,2.314850,9.643453,
AddVertex,-0.647853,2.340771,9.643453,
AddVertex,-0.647981,2.341376,9.644057,
AddVertex,-0.648265,2.314437,9.644606,
AddVertex,-0.647981,2.314722,9.644057,
AddVertex,-0.647981,2.341376,9.644057,
AddVertex,-0.648265,2.341924,9.644606,
AddVertex,-0.648686,2.314016,9.645061,
AddVertex,-0.648265,2.314437,9.644606,
AddVertex,-0.648265,2.341924,9.644606,
AddVertex,-0.648686,2.342380,9.645061,
AddVertex,-0.648686,2.314016,9.645061,
AddVertex,-0.648686,2.342380,9.645061,
AddVertex,-0.649215,2.342711,9.645392,
AddVertex,-0.649215,2.313488,9.645392,
AddVertex,-0.649215,2.313488,9.645392,
AddVertex,-0.649215,2.342711,9.645392,
AddVertex,-0.649816,2.342896,9.645577,
AddVertex,-0.649816,2.312887,9.645577,
AddVertex,-0.649816,2.312887,9.645577,
AddVertex,-0.649816,2.342896,9.645577,
AddVertex,-0.650448,2.342921,9.645602,
AddVertex,-0.650448,2.312255,9.645602,
AddVertex,-0.650448,2.312255,9.645602,
AddVertex,-0.650448,2.342921,9.645602,
AddVertex,-0.651067,2.342784,9.645466,
AddVertex,-0.651067,2.311635,9.645466,
AddVertex,-0.651067,2.311635,9.645466,
AddVertex,-0.651067,2.342784,9.645466,
AddVertex,-0.651633,2.342497,9.645178,
AddVertex,-0.651633,2.311070,9.645178,
AddVertex,-0.648686,2.342380,9.645061,
AddVertex,-0.648265,2.341924,9.644606,
AddVertex,-0.648265,2.341924,9.644606,
AddVertex,-0.647981,2.341376,9.644057,
AddVertex,-0.647981,2.341376,9.644057,
AddVertex,-0.647853,2.340771,9.643453,
AddVertex,-0.647853,2.340771,9.643453,
AddVertex,-0.647889,2.340152,9.642834,
AddVertex,-0.647889,2.340152,9.642834,
AddVertex,-0.648088,2.339561,9.642242,
AddVertex,-0.648088,2.339561,9.642242,
AddVertex,-0.647889,2.340152,9.642834,
AddVertex,-0.647889,2.314814,9.642834,
AddVertex,-0.648088,2.314615,9.642242,
AddVertex,-0.608088,2.314615,9.642242,
AddVertex,-0.648088,2.314615,9.642242,
AddVertex,-0.647889,2.314814,9.642834,
AddVertex,-0.607889,2.314814,9.642834,
AddVertex,-0.608088,2.314615,9.642242,
AddVertex,-0.607889,2.314814,9.642834,
AddVertex,-0.607889,2.250557,9.642834,
AddVertex,-0.608088,2.250557,9.642242,
AddVertex,-0.608435,2.314267,9.641719,
AddVertex,-0.608088,2.314615,9.642242,
AddVertex,-0.608088,2.250557,9.642242,
AddVertex,-0.608435,2.250557,9.641719,
AddVertex,-0.608435,2.314267,9.641719,
AddVertex,-0.608435,2.250557,9.641719,
AddVertex,-0.608908,2.250557,9.641298,
AddVertex,-0.608908,2.313795,9.641298,
AddVertex,-0.608435,2.314267,9.641719,
AddVertex,-0.608908,2.313795,9.641298,
AddVertex,-0.648908,2.313795,9.641298,
AddVertex,-0.648435,2.314267,9.641719,
AddVertex,-0.608435,2.314267,9.641719,
AddVertex,-0.648435,2.314267,9.641719,
AddVertex,-0.648088,2.314615,9.642242,
AddVertex,-0.608088,2.314615,9.642242,
AddVertex,-0.608908,2.313795,9.641298,
AddVertex,-0.608908,2.250557,9.641298,
AddVertex,-0.609473,2.250557,9.641010,
AddVertex,-0.609473,2.313230,9.641010,
AddVertex,-0.609473,2.313230,9.641010,
AddVertex,-0.609473,2.250557,9.641010,
AddVertex,-0.610093,2.250557,9.640874,
AddVertex,-0.610093,2.312610,9.640874,
AddVertex,-0.610093,2.312610,9.640874,
AddVertex,-0.610093,2.250557,9.640874,
AddVertex,-0.610724,2.250557,9.640900,
AddVertex,-0.610724,2.311978,9.640900,
AddVertex,-0.610724,2.311978,9.640900,
AddVertex,-0.610724,2.250557,9.640900,
AddVertex,-0.611325,2.250557,9.641084,
AddVertex,-0.611325,2.311378,9.641084,
AddVertex,-0.611325,2.311378,9.641084,
AddVertex,-0.611325,2.250557,9.641084,
AddVertex,-0.611854,2.250557,9.641415,
AddVertex,-0.611854,2.310849,9.641415,
AddVertex,-0.612275,2.310428,9.641870,
AddVertex,-0.611854,2.310849,9.641415,
AddVertex,-0.611854,2.250557,9.641415,
AddVertex,-0.612275,2.250557,9.641870,
AddVertex,-0.612559,2.310143,9.642419,
AddVertex,-0.612275,2.310428,9.641870,
AddVertex,-0.612275,2.250557,9.641870,
AddVertex,-0.612559,2.250557,9.642419,
AddVertex,-0.612688,2.310015,9.643023,
AddVertex,-0.612559,2.310143,9.642419,
AddVertex,-0.612559,2.250557,9.642419,
AddVertex,-0.612688,2.250557,9.643023,
AddVertex,-0.612651,2.310051,9.643642,
AddVertex,-0.612688,2.310015,9.643023,
AddVertex,-0.612688,2.250557,9.643023,
AddVertex,-0.612651,2.250557,9.643642,
AddVertex,-0.612453,2.310250,9.644235,
AddVertex,-0.612651,2.310051,9.643642,
AddVertex,-0.612651,2.250557,9.643642,
AddVertex,-0.612453,2.250557,9.644235,
AddVertex,-0.612105,2.310598,9.644758,
AddVertex,-0.612453,2.310250,9.644235,
AddVertex,-0.612453,2.250557,9.644235,
AddVertex,-0.612105,2.250557,9.644758,
AddVertex,-0.612105,2.310598,9.644758,
AddVertex,-0.612105,2.250557,9.644758,
AddVertex,-0.611633,2.250557,9.645178,
AddVertex,-0.611633,2.311070,9.645178,
AddVertex,-0.611633,2.311070,9.645178,
AddVertex,-0.611633,2.250557,9.645178,
AddVertex,-0.611067,2.250557,9.645466,
AddVertex,-0.611067,2.311635,9.645466,
AddVertex,-0.611067,2.311635,9.645466,
AddVertex,-0.611067,2.250557,9.645466,
AddVertex,-0.610448,2.250557,9.645602,
AddVertex,-0.610448,2.312255,9.645602,
AddVertex,-0.610448,2.312255,9.645602,
AddVertex,-0.610448,2.250557,9.645602,
AddVertex,-0.609816,2.250557,9.645577,
AddVertex,-0.609816,2.312887,9.645577,
AddVertex,-0.609816,2.312887,9.645577,
AddVertex,-0.609816,2.250557,9.645577,
AddVertex,-0.609215,2.250557,9.645392,
AddVertex,-0.609215,2.313488,9.645392,
AddVertex,-0.609215,2.313488,9.645392,
AddVertex,-0.609215,2.250557,9.645392,
AddVertex,-0.608686,2.250557,9.645061,
AddVertex,-0.608686,2.314016,9.645061,
AddVertex,-0.608265,2.314437,9.644606,
AddVertex,-0.608686,2.314016,9.645061,
AddVertex,-0.608686,2.250557,9.645061,
AddVertex,-0.608265,2.250557,9.644606,
AddVertex,-0.607981,2.314722,9.644057,
AddVertex,-0.608265,2.314437,9.644606,
AddVertex,-0.608265,2.250557,9.644606,
AddVertex,-0.607981,2.250557,9.644057,
AddVertex,-0.607853,2.314850,9.643453,
AddVertex,-0.607981,2.314722,9.644057,
AddVertex,-0.607981,2.250557,9.644057,
AddVertex,-0.607853,2.250557,9.643453,
AddVertex,-0.607889,2.314814,9.642834,
AddVertex,-0.607853,2.314850,9.643453,
AddVertex,-0.607853,2.250557,9.643453,
AddVertex,-0.607889,2.250557,9.642834,
AddVertex,-0.607889,2.250557,9.642834,
AddVertex,-0.607853,2.250557,9.643453,
AddVertex,-0.607981,2.250557,9.644057,
AddVertex,-0.608088,2.250557,9.642242,
AddVertex,-0.608265,2.250557,9.644606,
AddVertex,-0.608435,2.250557,9.641719,
AddVertex,-0.608686,2.250557,9.645061,
AddVertex,-0.608908,2.250557,9.641298,
AddVertex,-0.609215,2.250557,9.645392,
AddVertex,-0.609473,2.250557,9.641010,
AddVertex,-0.609816,2.250557,9.645577,
AddVertex,-0.610093,2.250557,9.640874,
AddVertex,-0.610448,2.250557,9.645602,
AddVertex,-0.610724,2.250557,9.640900,
AddVertex,-0.611067,2.250557,9.645466,
AddVertex,-0.611325,2.250557,9.641084,
AddVertex,-0.611633,2.250557,9.645178,
AddVertex,-0.611854,2.250557,9.641415,
AddVertex,-0.612105,2.250557,9.644758,
AddVertex,-0.612275,2.250557,9.641870,
AddVertex,-0.612453,2.250557,9.644235,
AddVertex,-0.612559,2.250557,9.642419,
AddVertex,-0.612651,2.250557,9.643642,
AddVertex,-0.612688,2.250557,9.643023,
AddVertex,-0.651067,2.342784,9.503239,
AddVertex,-0.649816,2.342896,9.503239,
AddVertex,-0.650448,2.342921,9.503239,
AddVertex,-0.651588,2.339238,9.491920,
AddVertex,-0.651885,2.339625,9.492306,
AddVertex,-0.651885,2.339625,9.492306,
AddVertex,-0.652071,2.340074,9.492756,
AddVertex,-0.652071,2.340074,9.492756,
AddVertex,-0.652134,2.340557,9.493238,
AddVertex,-0.652134,2.340557,9.493238,
AddVertex,-0.652071,2.341039,9.493721,
AddVertex,-0.652071,2.341039,9.493721,
AddVertex,-0.651885,2.341489,9.494170,
AddVertex,-0.651588,2.339238,9.491920,
AddVertex,-0.651202,2.338942,9.491624,
AddVertex,0.280662,2.342914,9.491624,
AddVertex,0.280662,2.912968,9.491624,
AddVertex,0.281048,2.342914,9.491920,
AddVertex,0.281048,2.339238,9.491920,
AddVertex,0.280662,2.338942,9.491624,
AddVertex,0.280662,2.338942,9.491624,
AddVertex,0.281048,2.339238,9.491920,
AddVertex,0.280662,2.338942,9.503239,
AddVertex,0.280662,2.338942,9.503239,
AddVertex,0.280212,2.338756,9.503239,
AddVertex,0.280662,2.338942,9.491624,
AddVertex,0.280212,2.338756,9.491437,
AddVertex,0.280212,2.338756,9.503239,
AddVertex,0.279730,2.338692,9.503239,
AddVertex,0.280212,2.338756,9.491437,
AddVertex,0.279730,2.338692,9.491374,
AddVertex,0.279730,2.338692,9.503239,
AddVertex,0.279247,2.338756,9.503239,
AddVertex,0.279730,2.338692,9.491374,
AddVertex,0.279247,2.338756,9.491437,
AddVertex,0.279247,2.338756,9.503239,
AddVertex,0.278798,2.338942,9.503239,
AddVertex,0.279247,2.338756,9.491437,
AddVertex,0.278798,2.338942,9.491624,
AddVertex,0.278798,2.338942,9.503239,
AddVertex,0.278412,2.339238,9.503239,
AddVertex,0.278798,2.338942,9.491624,
AddVertex,0.278412,2.339238,9.491920,
AddVertex,0.278412,2.339238,9.491920,
AddVertex,0.278412,2.339238,9.503239,
AddVertex,0.278115,2.339625,9.492306,
AddVertex,0.278412,2.339238,9.491920,
AddVertex,0.278115,2.339625,9.492306,
AddVertex,0.278412,2.342914,9.491920,
AddVertex,0.278412,2.342914,9.491920,
AddVertex,0.278798,2.342914,9.491624,
AddVertex,0.278412,2.339238,9.491920,
AddVertex,0.278798,2.338942,9.491624,
AddVertex,0.278798,2.342914,9.491624,
AddVertex,0.279247,2.342914,9.491437,
AddVertex,0.278798,2.338942,9.491624,
AddVertex,0.279247,2.338756,9.491437,
AddVertex,0.279247,2.342914,9.491437,
AddVertex,0.279730,2.342914,9.491374,
AddVertex,0.279247,2.338756,9.491437,
AddVertex,0.279730,2.338692,9.491374,
AddVertex,0.279730,2.338692,9.491374,
AddVertex,0.279730,2.342914,9.491374,
AddVertex,0.280212,2.338756,9.491437,
AddVertex,0.280212,2.342914,9.491437,
AddVertex,0.279730,2.912968,9.491374,
AddVertex,0.280212,2.912968,9.491437,
AddVertex,0.279730,2.920188,9.491374,
AddVertex,0.279730,2.920188,9.491374,
AddVertex,0.279730,2.912968,9.491374,
AddVertex,0.279247,2.920188,9.491437,
AddVertex,0.280212,2.920188,9.491437,
AddVertex,0.280212,2.920188,9.491437,
AddVertex,0.280662,2.912968,9.491624,
AddVertex,0.280212,2.912968,9.491437,
AddVertex,0.280662,2.342914,9.491624,
AddVertex,0.280212,2.342914,9.491437,
AddVertex,0.280662,2.338942,9.491624,
AddVertex,0.280212,2.338756,9.491437,
AddVertex,0.280662,2.920188,9.491624,
AddVertex,0.281048,2.920188,9.491920,
AddVertex,0.281048,2.912968,9.491920,
AddVertex,0.280662,2.920188,9.491624,
AddVertex,0.281048,2.342914,9.491920,
AddVertex,0.281048,2.912968,9.491920,
AddVertex,0.281344,2.920188,9.492306,
AddVertex,0.281344,2.342914,9.492306,
AddVertex,0.281344,2.912968,9.492306,
AddVertex,0.281344,2.920188,9.492306,
AddVertex,0.281531,2.920188,9.492756,
AddVertex,0.281344,2.912968,9.492306,
AddVertex,0.281344,2.342914,9.492306,
AddVertex,0.281531,2.342914,9.492756,
AddVertex,0.281531,2.912968,9.492756,
AddVertex,0.281531,2.920188,9.492756,
AddVertex,0.281594,2.920188,9.493238,
AddVertex,0.281531,2.912968,9.492756,
AddVertex,0.281531,2.342914,9.492756,
AddVertex,0.281594,2.342914,9.493238,
AddVertex,0.281594,2.912968,9.493238,
AddVertex,0.281594,2.920188,9.493238,
AddVertex,0.281531,2.920188,9.493721,
AddVertex,0.281594,2.912968,9.493238,
AddVertex,0.281594,2.342914,9.493238,
AddVertex,0.281531,2.342914,9.493721,
AddVertex,0.281531,2.912968,9.493721,
AddVertex,0.281531,2.920188,9.493721,
AddVertex,0.281344,2.920188,9.494170,
AddVertex,0.281531,2.912968,9.493721,
AddVertex,0.281531,2.342914,9.493721,
AddVertex,0.281344,2.342914,9.494170,
AddVertex,0.281344,2.912968,9.494170,
AddVertex,0.281344,2.920188,9.494170,
AddVertex,0.281048,2.920188,9.494556,
AddVertex,0.281344,2.912968,9.494170,
AddVertex,0.281344,2.342914,9.494170,
AddVertex,0.281048,2.342914,9.494556,
AddVertex,0.281048,2.912968,9.494556,
AddVertex,0.281048,2.920188,9.494556,
AddVertex,0.280662,2.912968,9.494853,
AddVertex,0.281048,2.912968,9.494556,
AddVertex,0.280662,2.342914,9.494853,
AddVertex,0.281048,2.342914,9.494556,
AddVertex,0.280662,2.342914,9.494853,
AddVertex,0.280662,2.912968,9.494853,
AddVertex,0.280212,2.342914,9.495039,
AddVertex,0.280212,2.912968,9.495039,
AddVertex,0.280662,2.920188,9.494853,
AddVertex,0.280662,2.920188,9.494853,
AddVertex,0.281048,2.920188,9.491920,
AddVertex,0.280212,2.920188,9.495039,
AddVertex,0.280212,2.920188,9.495039,
AddVertex,0.279730,2.912968,9.495103,
AddVertex,0.280212,2.912968,9.495039,
AddVertex,0.279730,2.342914,9.495103,
AddVertex,0.280212,2.342914,9.495039,
AddVertex,0.279730,2.342914,9.495103,
AddVertex,0.279730,2.912968,9.495103,
AddVertex,0.279247,2.342914,9.495039,
AddVertex,0.279247,2.912968,9.495039,
AddVertex,0.279730,2.920188,9.495103,
AddVertex,0.279730,2.920188,9.495103,
AddVertex,0.279247,2.920188,9.495039,
AddVertex,0.279247,2.920188,9.495039,
AddVertex,0.278798,2.912968,9.494853,
AddVertex,0.279247,2.912968,9.495039,
AddVertex,0.278798,2.342914,9.494853,
AddVertex,0.279247,2.342914,9.495039,
AddVertex,0.278798,2.342914,9.494853,
AddVertex,0.278798,2.912968,9.494853,
AddVertex,0.278412,2.342914,9.494556,
AddVertex,0.278412,2.912968,9.494556,
AddVertex,0.278798,2.920188,9.494853,
AddVertex,0.278798,2.920188,9.494853,
AddVertex,0.279247,2.920188,9.491437,
AddVertex,0.279247,2.912968,9.491437,
AddVertex,0.278798,2.920188,9.491624,
AddVertex,0.278798,2.912968,9.491624,
AddVertex,0.278798,2.920188,9.491624,
AddVertex,0.278798,2.912968,9.491624,
AddVertex,0.278412,2.920188,9.491920,
AddVertex,0.278412,2.920188,9.494556,
AddVertex,0.278412,2.912968,9.494556,
AddVertex,0.278412,2.920188,9.494556,
AddVertex,0.278412,2.342914,9.494556,
AddVertex,0.278115,2.920188,9.494170,
AddVertex,0.278115,2.912968,9.494170,
AddVertex,0.278115,2.342914,9.494170,
AddVertex,0.278115,2.912968,9.494170,
AddVertex,0.278115,2.920188,9.494170,
AddVertex,0.278115,2.342914,9.494170,
AddVertex,0.277929,2.920188,9.493721,
AddVertex,0.277929,2.912968,9.493721,
AddVertex,0.277929,2.342914,9.493721,
AddVertex,0.277929,2.912968,9.493721,
AddVertex,0.277929,2.920188,9.493721,
AddVertex,0.277929,2.342914,9.493721,
AddVertex,0.277866,2.920188,9.493238,
AddVertex,0.277866,2.912968,9.493238,
AddVertex,0.277866,2.342914,9.493238,
AddVertex,0.277866,2.912968,9.493238,
AddVertex,0.277866,2.920188,9.493238,
AddVertex,0.277866,2.342914,9.493238,
AddVertex,0.277929,2.920188,9.492756,
AddVertex,0.277929,2.912968,9.492756,
AddVertex,0.277929,2.342914,9.492756,
AddVertex,0.277929,2.912968,9.492756,
AddVertex,0.277929,2.920188,9.492756,
AddVertex,0.277929,2.342914,9.492756,
AddVertex,0.278115,2.920188,9.492306,
AddVertex,0.278115,2.912968,9.492306,
AddVertex,0.278115,2.342914,9.492306,
AddVertex,0.278115,2.912968,9.492306,
AddVertex,0.278115,2.920188,9.492306,
AddVertex,0.278115,2.342914,9.492306,
AddVertex,0.278412,2.920188,9.491920,
AddVertex,0.278412,2.912968,9.491920,
AddVertex,0.278412,2.912968,9.491920,
AddVertex,0.279247,2.912968,9.491437,
AddVertex,0.278115,2.339625,9.492306,
AddVertex,0.277929,2.340074,9.492756,
AddVertex,0.277929,2.340074,9.492756,
AddVertex,0.277866,2.340557,9.493238,
AddVertex,0.277866,2.340557,9.493238,
AddVertex,0.277929,2.341039,9.493721,
AddVertex,0.277929,2.341039,9.493721,
AddVertex,0.278115,2.341489,9.494170,
AddVertex,0.277929,2.341039,9.493721,
AddVertex,0.277929,2.341039,9.503239,
AddVertex,0.278115,2.341489,9.494170,
AddVertex,0.278115,2.341489,9.503239,
AddVertex,0.278115,2.341489,9.503239,
AddVertex,0.277929,2.341039,9.503239,
AddVertex,0.277441,2.341376,9.503239,
AddVertex,0.277725,2.341924,9.503239,
AddVertex,0.277441,2.341376,9.503239,
AddVertex,0.277441,2.341376,9.543239,
AddVertex,0.277725,2.341924,9.503239,
AddVertex,0.277725,2.341924,9.543239,
AddVertex,0.277441,2.341376,9.644057,
AddVertex,0.277441,2.341376,9.644057,
AddVertex,0.277441,2.341376,9.543239,
AddVertex,0.277312,2.340771,9.643453,
AddVertex,0.277441,2.341376,9.644057,
AddVertex,0.277312,2.340771,9.643453,
AddVertex,0.277441,2.314722,9.644057,
AddVertex,0.277441,2.314722,9.644057,
AddVertex,0.277725,2.314437,9.644606,
AddVertex,0.277441,2.341376,9.644057,
AddVertex,0.277725,2.341924,9.644606,
AddVertex,0.277725,2.314437,9.644606,
AddVertex,0.278146,2.314016,9.645061,
AddVertex,0.277725,2.341924,9.644606,
AddVertex,0.278146,2.342380,9.645061,
AddVertex,0.278146,2.342380,9.645061,
AddVertex,0.278146,2.314016,9.645061,
AddVertex,0.278675,2.342711,9.645392,
AddVertex,0.278146,2.342380,9.645061,
AddVertex,0.278675,2.342711,9.645392,
AddVertex,0.278146,2.342380,9.503239,
AddVertex,0.278146,2.342380,9.543239,
AddVertex,0.278146,2.342380,9.543239,
AddVertex,0.278146,2.342380,9.503239,
AddVertex,0.277725,2.341924,9.543239,
AddVertex,0.277725,2.341924,9.644606,
AddVertex,0.277725,2.341924,9.644606,
AddVertex,0.278146,2.342380,9.645061,
AddVertex,0.277725,2.341924,9.503239,
AddVertex,0.278146,2.342380,9.503239,
AddVertex,0.278798,2.342171,9.503239,
AddVertex,0.278412,2.341875,9.503239,
AddVertex,0.278412,2.341875,9.503239,
AddVertex,0.278412,2.341875,9.494556,
AddVertex,0.278115,2.341489,9.503239,
AddVertex,0.278115,2.341489,9.494170,
AddVertex,0.278412,2.341875,9.503239,
AddVertex,0.278798,2.342171,9.503239,
AddVertex,0.278412,2.341875,9.494556,
AddVertex,0.278798,2.342171,9.494853,
AddVertex,0.278798,2.342171,9.503239,
AddVertex,0.279247,2.342358,9.503239,
AddVertex,0.278798,2.342171,9.494853,
AddVertex,0.279247,2.342358,9.495039,
AddVertex,0.279247,2.342358,9.503239,
AddVertex,0.279730,2.342421,9.503239,
AddVertex,0.279247,2.342358,9.495039,
AddVertex,0.279730,2.342421,9.495103,
AddVertex,0.279730,2.342421,9.503239,
AddVertex,0.280212,2.342358,9.503239,
AddVertex,0.279730,2.342421,9.495103,
AddVertex,0.280212,2.342358,9.495039,
AddVertex,0.280212,2.342358,9.503239,
AddVertex,0.280662,2.342171,9.503239,
AddVertex,0.280212,2.342358,9.495039,
AddVertex,0.280662,2.342171,9.494853,
AddVertex,0.280662,2.342171,9.503239,
AddVertex,0.281048,2.341875,9.503239,
AddVertex,0.280662,2.342171,9.494853,
AddVertex,0.281048,2.341875,9.494556,
AddVertex,0.281048,2.341875,9.503239,
AddVertex,0.281344,2.341489,9.503239,
AddVertex,0.281048,2.341875,9.494556,
AddVertex,0.281344,2.341489,9.494170,
AddVertex,0.281344,2.341489,9.503239,
AddVertex,0.281531,2.341039,9.503239,
AddVertex,0.281344,2.341489,9.494170,
AddVertex,0.281531,2.341039,9.493721,
AddVertex,0.281531,2.341039,9.503239,
AddVertex,0.281594,2.340557,9.503239,
AddVertex,0.281531,2.341039,9.493721,
AddVertex,0.281594,2.340557,9.493238,
AddVertex,0.281594,2.340557,9.503239,
AddVertex,0.281531,2.340074,9.503239,
AddVertex,0.281594,2.340557,9.493238,
AddVertex,0.281531,2.340074,9.492756,
AddVertex,0.281531,2.340074,9.503239,
AddVertex,0.281344,2.339625,9.503239,
AddVertex,0.281531,2.340074,9.492756,
AddVertex,0.281344,2.339625,9.492306,
AddVertex,0.281344,2.339625,9.503239,
AddVertex,0.281048,2.339238,9.503239,
AddVertex,0.281344,2.339625,9.492306,
AddVertex,0.281048,2.339238,9.491920,
AddVertex,0.281048,2.339238,9.503239,
AddVertex,0.281048,2.339238,9.503239,
AddVertex,0.281735,2.339189,9.503239,
AddVertex,0.280662,2.338942,9.503239,
AddVertex,0.280212,2.338756,9.503239,
AddVertex,0.281314,2.338733,9.503239,
AddVertex,0.279730,2.338692,9.503239,
AddVertex,0.278367,2.338617,9.503239,
AddVertex,0.279247,2.338756,9.503239,
AddVertex,0.277895,2.339037,9.503239,
AddVertex,0.277895,2.339037,9.503239,
AddVertex,0.278367,2.338617,9.503239,
AddVertex,0.277895,2.339037,9.641719,
AddVertex,0.277895,2.339037,9.543239,
AddVertex,0.277895,2.339037,9.641719,
AddVertex,0.277548,2.339561,9.543239,
AddVertex,0.277895,2.339037,9.543239,
AddVertex,0.277548,2.339561,9.503239,
AddVertex,0.277895,2.339037,9.503239,
AddVertex,0.277548,2.339561,9.503239,
AddVertex,0.278412,2.339238,9.503239,
AddVertex,0.278798,2.338942,9.503239,
AddVertex,0.278115,2.339625,9.503239,
AddVertex,0.277349,2.340152,9.503239,
AddVertex,0.277548,2.339561,9.503239,
AddVertex,0.277548,2.339561,9.543239,
AddVertex,0.277349,2.340152,9.503239,
AddVertex,0.277349,2.340152,9.543239,
AddVertex,0.277548,2.339561,9.642242,
AddVertex,0.277548,2.339561,9.642242,
AddVertex,0.277548,2.339561,9.642242,
AddVertex,0.277895,2.339037,9.641719,
AddVertex,0.277548,2.314615,9.642242,
AddVertex,0.277548,2.314615,9.642242,
AddVertex,0.277349,2.314814,9.642834,
AddVertex,0.277548,2.339561,9.642242,
AddVertex,0.277349,2.340152,9.642834,
AddVertex,0.277349,2.314814,9.642834,
AddVertex,0.277312,2.314850,9.643453,
AddVertex,0.277349,2.340152,9.642834,
AddVertex,0.277312,2.340771,9.643453,
AddVertex,0.277312,2.314850,9.643453,
AddVertex,0.277441,2.314722,9.644057,
AddVertex,0.277312,2.314850,9.643453,
AddVertex,0.237441,2.314722,9.644057,
AddVertex,0.237441,2.314722,9.644057,
AddVertex,0.237725,2.314437,9.644606,
AddVertex,0.277441,2.314722,9.644057,
AddVertex,0.277725,2.314437,9.644606,
AddVertex,0.237725,2.314437,9.644606,
AddVertex,0.238146,2.314016,9.645061,
AddVertex,0.277725,2.314437,9.644606,
AddVertex,0.278146,2.314016,9.645061,
AddVertex,0.238146,2.314016,9.645061,
AddVertex,0.238675,2.313488,9.645392,
AddVertex,0.278146,2.314016,9.645061,
AddVertex,0.278675,2.313488,9.645392,
AddVertex,0.238675,2.313488,9.645392,
AddVertex,0.239276,2.312887,9.645577,
AddVertex,0.278675,2.313488,9.645392,
AddVertex,0.279276,2.312887,9.645577,
AddVertex,0.239276,2.312887,9.645577,
AddVertex,0.239907,2.312255,9.645602,
AddVertex,0.279276,2.312887,9.645577,
AddVertex,0.279907,2.312255,9.645602,
AddVertex,0.239907,2.312255,9.645602,
AddVertex,0.240527,2.311635,9.645466,
AddVertex,0.279907,2.312255,9.645602,
AddVertex,0.280527,2.311635,9.645466,
AddVertex,0.240527,2.311635,9.645466,
AddVertex,0.241092,2.311070,9.645178,
AddVertex,0.280527,2.311635,9.645466,
AddVertex,0.281092,2.311070,9.645178,
AddVertex,0.241092,2.311070,9.645178,
AddVertex,0.241565,2.310598,9.644758,
AddVertex,0.281092,2.311070,9.645178,
AddVertex,0.281565,2.310598,9.644758,
AddVertex,0.241565,2.310598,9.644758,
AddVertex,0.241912,2.310250,9.644235,
AddVertex,0.281565,2.310598,9.644758,
AddVertex,0.281912,2.310250,9.644235,
AddVertex,0.241912,2.310250,9.644235,
AddVertex,0.242111,2.310051,9.643642,
AddVertex,0.281912,2.310250,9.644235,
AddVertex,0.282111,2.310051,9.643642,
AddVertex,0.242111,2.310051,9.643642,
AddVertex,0.242147,2.310015,9.643023,
AddVertex,0.282111,2.310051,9.643642,
AddVertex,0.282147,2.310015,9.643023,
AddVertex,0.282147,2.310015,9.643023,
AddVertex,0.242147,2.310015,9.643023,
AddVertex,0.282019,2.310143,9.642419,
AddVertex,0.282147,2.310015,9.643023,
AddVertex,0.282019,2.310143,9.642419,
AddVertex,0.282147,2.340342,9.643023,
AddVertex,0.282147,2.340342,9.643023,
AddVertex,0.282111,2.340961,9.643642,
AddVertex,0.282147,2.310015,9.643023,
AddVertex,0.282111,2.310051,9.643642,
AddVertex,0.282111,2.340961,9.643642,
AddVertex,0.281912,2.341553,9.644235,
AddVertex,0.282111,2.310051,9.643642,
AddVertex,0.281912,2.310250,9.644235,
AddVertex,0.281912,2.341553,9.644235,
AddVertex,0.281565,2.342077,9.644758,
AddVertex,0.281912,2.310250,9.644235,
AddVertex,0.281565,2.310598,9.644758,
AddVertex,0.281565,2.310598,9.644758,
AddVertex,0.281565,2.342077,9.644758,
AddVertex,0.281092,2.311070,9.645178,
AddVertex,0.281092,2.342497,9.645178,
AddVertex,0.281092,2.342497,9.645178,
AddVertex,0.281565,2.342077,9.644758,
AddVertex,0.281092,2.342497,9.503239,
AddVertex,0.281092,2.342497,9.543239,
AddVertex,0.281092,2.342497,9.503239,
AddVertex,0.280527,2.342784,9.503239,
AddVertex,0.281092,2.342497,9.543239,
AddVertex,0.281092,2.342497,9.645178,
AddVertex,0.280527,2.342784,9.645466,
AddVertex,0.280527,2.342784,9.543239,
AddVertex,0.280527,2.342784,9.503239,
AddVertex,0.279907,2.342921,9.503239,
AddVertex,0.280527,2.342784,9.543239,
AddVertex,0.280527,2.342784,9.645466,
AddVertex,0.279907,2.342921,9.645602,
AddVertex,0.279907,2.342921,9.503239,
AddVertex,0.279276,2.342896,9.503239,
AddVertex,0.279907,2.342921,9.645602,
AddVertex,0.279276,2.342896,9.645577,
AddVertex,0.279276,2.342896,9.503239,
AddVertex,0.278675,2.342711,9.503239,
AddVertex,0.279276,2.342896,9.645577,
AddVertex,0.278675,2.342711,9.645392,
AddVertex,0.278675,2.342711,9.543239,
AddVertex,0.278675,2.342711,9.503239,
AddVertex,0.278675,2.342711,9.543239,
AddVertex,0.278675,2.342711,9.503239,
AddVertex,0.279730,2.342421,9.503239,
AddVertex,0.279247,2.342358,9.503239,
AddVertex,0.281092,2.342497,9.503239,
AddVertex,0.280527,2.342784,9.503239,
AddVertex,0.279276,2.342896,9.503239,
AddVertex,0.279907,2.342921,9.503239,
AddVertex,0.280212,2.342358,9.503239,
AddVertex,0.280662,2.342171,9.503239,
AddVertex,0.281565,2.342077,9.503239,
AddVertex,0.281048,2.341875,9.503239,
AddVertex,0.281912,2.341553,9.503239,
AddVertex,0.281344,2.341489,9.503239,
AddVertex,0.281531,2.341039,9.503239,
AddVertex,0.282111,2.340961,9.503239,
AddVertex,0.281594,2.340557,9.503239,
AddVertex,0.282147,2.340342,9.503239,
AddVertex,0.281531,2.340074,9.503239,
AddVertex,0.282019,2.339738,9.503239,
AddVertex,0.281344,2.339625,9.503239,
AddVertex,0.282019,2.339738,9.503239,
AddVertex,0.282019,2.339738,9.543239,
AddVertex,0.281735,2.339189,9.503239,
AddVertex,0.281735,2.339189,9.543239,
AddVertex,0.282019,2.339738,9.642419,
AddVertex,0.282019,2.339738,9.642419,
AddVertex,0.282019,2.339738,9.543239,
AddVertex,0.282147,2.340342,9.643023,
AddVertex,0.282019,2.339738,9.642419,
AddVertex,0.282019,2.310143,9.642419,
AddVertex,0.281735,2.310428,9.641870,
AddVertex,0.282019,2.339738,9.642419,
AddVertex,0.281735,2.339189,9.641870,
AddVertex,0.281735,2.310428,9.641870,
AddVertex,0.281314,2.310849,9.641415,
AddVertex,0.281735,2.339189,9.641870,
AddVertex,0.281314,2.338733,9.641415,
AddVertex,0.281314,2.310849,9.641415,
AddVertex,0.280785,2.311378,9.641084,
AddVertex,0.281314,2.338733,9.641415,
AddVertex,0.280785,2.338402,9.641084,
AddVertex,0.280785,2.311378,9.641084,
AddVertex,0.280184,2.311978,9.640900,
AddVertex,0.280785,2.338402,9.641084,
AddVertex,0.280184,2.338218,9.640900,
AddVertex,0.280184,2.311978,9.640900,
AddVertex,0.279552,2.312610,9.640874,
AddVertex,0.280184,2.338218,9.640900,
AddVertex,0.279552,2.338193,9.640874,
AddVertex,0.279552,2.312610,9.640874,
AddVertex,0.278933,2.313230,9.641010,
AddVertex,0.279552,2.338193,9.640874,
AddVertex,0.278933,2.338329,9.641010,
AddVertex,0.278933,2.313230,9.641010,
AddVertex,0.278367,2.313795,9.641298,
AddVertex,0.278933,2.338329,9.641010,
AddVertex,0.278367,2.338617,9.641298,
AddVertex,0.278367,2.313795,9.641298,
AddVertex,0.277895,2.314267,9.641719,
AddVertex,0.278367,2.338617,9.641298,
AddVertex,0.277895,2.339037,9.641719,
AddVertex,0.277895,2.314267,9.641719,
AddVertex,0.277895,2.314267,9.641719,
AddVertex,0.237895,2.314267,9.641719,
AddVertex,0.277548,2.314615,9.642242,
AddVertex,0.237548,2.314615,9.642242,
AddVertex,0.237548,2.314615,9.642242,
AddVertex,0.237895,2.314267,9.641719,
AddVertex,0.237548,2.250557,9.642242,
AddVertex,0.237548,2.250557,9.642242,
AddVertex,0.237349,2.250557,9.642834,
AddVertex,0.237548,2.314615,9.642242,
AddVertex,0.237349,2.314814,9.642834,
AddVertex,0.237349,2.250557,9.642834,
AddVertex,0.237312,2.250557,9.643453,
AddVertex,0.237349,2.314814,9.642834,
AddVertex,0.237312,2.314850,9.643453,
AddVertex,0.237312,2.250557,9.643453,
AddVertex,0.237441,2.250557,9.644057,
AddVertex,0.237312,2.314850,9.643453,
AddVertex,0.237441,2.314722,9.644057,
AddVertex,0.237441,2.250557,9.644057,
AddVertex,0.237725,2.250557,9.644606,
AddVertex,0.237441,2.314722,9.644057,
AddVertex,0.237725,2.314437,9.644606,
AddVertex,0.237725,2.250557,9.644606,
AddVertex,0.238146,2.250557,9.645061,
AddVertex,0.237725,2.314437,9.644606,
AddVertex,0.238146,2.314016,9.645061,
AddVertex,0.238146,2.314016,9.645061,
AddVertex,0.238146,2.250557,9.645061,
AddVertex,0.238675,2.313488,9.645392,
AddVertex,0.238675,2.250557,9.645392,
AddVertex,0.238146,2.250557,9.645061,
AddVertex,0.238367,2.250557,9.641298,
AddVertex,0.238675,2.250557,9.645392,
AddVertex,0.238933,2.250557,9.641010,
AddVertex,0.239276,2.250557,9.645577,
AddVertex,0.239276,2.250557,9.645577,
AddVertex,0.239276,2.312887,9.645577,
AddVertex,0.238675,2.250557,9.645392,
AddVertex,0.238675,2.313488,9.645392,
AddVertex,0.239276,2.312887,9.645577,
AddVertex,0.239276,2.250557,9.645577,
AddVertex,0.239907,2.312255,9.645602,
AddVertex,0.239907,2.250557,9.645602,
AddVertex,0.239552,2.250557,9.640874,
AddVertex,0.239907,2.250557,9.645602,
AddVertex,0.240184,2.250557,9.640900,
AddVertex,0.240527,2.250557,9.645466,
AddVertex,0.240527,2.250557,9.645466,
AddVertex,0.240527,2.311635,9.645466,
AddVertex,0.239907,2.250557,9.645602,
AddVertex,0.239907,2.312255,9.645602,
AddVertex,0.240527,2.311635,9.645466,
AddVertex,0.240527,2.250557,9.645466,
AddVertex,0.241092,2.311070,9.645178,
AddVertex,0.241092,2.250557,9.645178,
AddVertex,0.240785,2.250557,9.641084,
AddVertex,0.241092,2.250557,9.645178,
AddVertex,0.241314,2.250557,9.641415,
AddVertex,0.241565,2.250557,9.644758,
AddVertex,0.241565,2.250557,9.644758,
AddVertex,0.241565,2.310598,9.644758,
AddVertex,0.241092,2.250557,9.645178,
AddVertex,0.241092,2.311070,9.645178,
AddVertex,0.241565,2.250557,9.644758,
AddVertex,0.241912,2.250557,9.644235,
AddVertex,0.241565,2.310598,9.644758,
AddVertex,0.241912,2.310250,9.644235,
AddVertex,0.241912,2.250557,9.644235,
AddVertex,0.242111,2.250557,9.643642,
AddVertex,0.241912,2.310250,9.644235,
AddVertex,0.242111,2.310051,9.643642,
AddVertex,0.242111,2.250557,9.643642,
AddVertex,0.242147,2.250557,9.643023,
AddVertex,0.242111,2.310051,9.643642,
AddVertex,0.242147,2.310015,9.643023,
AddVertex,0.242147,2.250557,9.643023,
AddVertex,0.242019,2.250557,9.642419,
AddVertex,0.242147,2.310015,9.643023,
AddVertex,0.242019,2.310143,9.642419,
AddVertex,0.242019,2.250557,9.642419,
AddVertex,0.241735,2.250557,9.641870,
AddVertex,0.242019,2.310143,9.642419,
AddVertex,0.241735,2.310428,9.641870,
AddVertex,0.241735,2.250557,9.641870,
AddVertex,0.241314,2.250557,9.641415,
AddVertex,0.241735,2.310428,9.641870,
AddVertex,0.241314,2.310849,9.641415,
AddVertex,0.241314,2.310849,9.641415,
AddVertex,0.241314,2.250557,9.641415,
AddVertex,0.240785,2.311378,9.641084,
AddVertex,0.241314,2.310849,9.641415,
AddVertex,0.240785,2.311378,9.641084,
AddVertex,0.281314,2.310849,9.641415,
AddVertex,0.241314,2.310849,9.641415,
AddVertex,0.281314,2.310849,9.641415,
AddVertex,0.241735,2.310428,9.641870,
AddVertex,0.281735,2.310428,9.641870,
AddVertex,0.241735,2.310428,9.641870,
AddVertex,0.281735,2.310428,9.641870,
AddVertex,0.242019,2.310143,9.642419,
AddVertex,0.282019,2.310143,9.642419,
AddVertex,0.242019,2.310143,9.642419,
AddVertex,0.280785,2.311378,9.641084,
AddVertex,0.240785,2.311378,9.641084,
AddVertex,0.240184,2.311978,9.640900,
AddVertex,0.280785,2.311378,9.641084,
AddVertex,0.280184,2.311978,9.640900,
AddVertex,0.240184,2.311978,9.640900,
AddVertex,0.239552,2.312610,9.640874,
AddVertex,0.280184,2.311978,9.640900,
AddVertex,0.279552,2.312610,9.640874,
AddVertex,0.239552,2.312610,9.640874,
AddVertex,0.238933,2.313230,9.641010,
AddVertex,0.279552,2.312610,9.640874,
AddVertex,0.278933,2.313230,9.641010,
AddVertex,0.238933,2.313230,9.641010,
AddVertex,0.238367,2.313795,9.641298,
AddVertex,0.278933,2.313230,9.641010,
AddVertex,0.278367,2.313795,9.641298,
AddVertex,0.238367,2.313795,9.641298,
AddVertex,0.237895,2.314267,9.641719,
AddVertex,0.278367,2.313795,9.641298,
AddVertex,0.277895,2.314267,9.641719,
AddVertex,0.238367,2.313795,9.641298,
AddVertex,0.238367,2.250557,9.641298,
AddVertex,0.237895,2.314267,9.641719,
AddVertex,0.237895,2.250557,9.641719,
AddVertex,0.237895,2.250557,9.641719,
AddVertex,0.237725,2.250557,9.644606,
AddVertex,0.237548,2.250557,9.642242,
AddVertex,0.237441,2.250557,9.644057,
AddVertex,0.237349,2.250557,9.642834,
AddVertex,0.237312,2.250557,9.643453,
AddVertex,0.237895,2.250557,9.641719,
AddVertex,0.238367,2.250557,9.641298,
AddVertex,0.238367,2.313795,9.641298,
AddVertex,0.238933,2.250557,9.641010,
AddVertex,0.238933,2.313230,9.641010,
AddVertex,0.238933,2.250557,9.641010,
AddVertex,0.238933,2.313230,9.641010,
AddVertex,0.239552,2.250557,9.640874,
AddVertex,0.239552,2.312610,9.640874,
AddVertex,0.239552,2.250557,9.640874,
AddVertex,0.239552,2.312610,9.640874,
AddVertex,0.240184,2.250557,9.640900,
AddVertex,0.240184,2.311978,9.640900,
AddVertex,0.240184,2.250557,9.640900,
AddVertex,0.240184,2.311978,9.640900,
AddVertex,0.240785,2.250557,9.641084,
AddVertex,0.240785,2.311378,9.641084,
AddVertex,0.240785,2.250557,9.641084,
AddVertex,0.241735,2.250557,9.641870,
AddVertex,0.241912,2.250557,9.644235,
AddVertex,0.242019,2.250557,9.642419,
AddVertex,0.242111,2.250557,9.643642,
AddVertex,0.242147,2.250557,9.643023,
AddVertex,0.237312,2.314850,9.643453,
AddVertex,0.237312,2.314850,9.643453,
AddVertex,0.277312,2.314850,9.643453,
AddVertex,0.237349,2.314814,9.642834,
AddVertex,0.277349,2.314814,9.642834,
AddVertex,0.237349,2.314814,9.642834,
AddVertex,0.277349,2.314814,9.642834,
AddVertex,0.237548,2.314615,9.642242,
AddVertex,0.277548,2.314615,9.642242,
AddVertex,0.278367,2.338617,9.641298,
AddVertex,0.278367,2.338617,9.543239,
AddVertex,0.278367,2.338617,9.543239,
AddVertex,0.278367,2.338617,9.503239,
AddVertex,0.278367,2.338617,9.641298,
AddVertex,0.278933,2.338329,9.503239,
AddVertex,0.278933,2.338329,9.543239,
AddVertex,0.278933,2.338329,9.641010,
AddVertex,0.278933,2.338329,9.543239,
AddVertex,0.278933,2.338329,9.503239,
AddVertex,0.278933,2.338329,9.641010,
AddVertex,0.279552,2.338193,9.503239,
AddVertex,0.279552,2.338193,9.543239,
AddVertex,0.279552,2.338193,9.640874,
AddVertex,0.279552,2.338193,9.543239,
AddVertex,0.279552,2.338193,9.503239,
AddVertex,0.279552,2.338193,9.640874,
AddVertex,0.280184,2.338218,9.503239,
AddVertex,0.280184,2.338218,9.543239,
AddVertex,0.280184,2.338218,9.640900,
AddVertex,0.280184,2.338218,9.543239,
AddVertex,0.280184,2.338218,9.503239,
AddVertex,0.280184,2.338218,9.640900,
AddVertex,0.280785,2.338402,9.503239,
AddVertex,0.280785,2.338402,9.543239,
AddVertex,0.280785,2.338402,9.641084,
AddVertex,0.280785,2.338402,9.543239,
AddVertex,0.280785,2.338402,9.503239,
AddVertex,0.280785,2.338402,9.641084,
AddVertex,0.281314,2.338733,9.503239,
AddVertex,0.281314,2.338733,9.543239,
AddVertex,0.281314,2.338733,9.641415,
AddVertex,0.281314,2.338733,9.641415,
AddVertex,0.281314,2.338733,9.543239,
AddVertex,0.281735,2.339189,9.641870,
AddVertex,0.281735,2.339189,9.543239,
AddVertex,0.281735,2.339189,9.641870,
AddVertex,0.281314,2.338733,9.503239,
AddVertex,0.281735,2.339189,9.503239,
AddVertex,0.280785,2.338402,9.503239,
AddVertex,0.278933,2.338329,9.503239,
AddVertex,0.280184,2.338218,9.503239,
AddVertex,0.279552,2.338193,9.503239,
AddVertex,0.282147,2.340342,9.543239,
AddVertex,0.282147,2.340342,9.643023,
AddVertex,0.282147,2.340342,9.543239,
AddVertex,0.282111,2.340961,9.643642,
AddVertex,0.282111,2.340961,9.543239,
AddVertex,0.282111,2.340961,9.643642,
AddVertex,0.282111,2.340961,9.543239,
AddVertex,0.281912,2.341553,9.644235,
AddVertex,0.281912,2.341553,9.543239,
AddVertex,0.281912,2.341553,9.644235,
AddVertex,0.281912,2.341553,9.543239,
AddVertex,0.281565,2.342077,9.644758,
AddVertex,0.281565,2.342077,9.543239,
AddVertex,0.281565,2.342077,9.543239,
AddVertex,0.281565,2.342077,9.503239,
AddVertex,0.281565,2.342077,9.503239,
AddVertex,0.281912,2.341553,9.503239,
AddVertex,0.281912,2.341553,9.503239,
AddVertex,0.282111,2.340961,9.503239,
AddVertex,0.282111,2.340961,9.503239,
AddVertex,0.282147,2.340342,9.503239,
AddVertex,0.282147,2.340342,9.503239,
AddVertex,0.282019,2.339738,9.503239,
AddVertex,0.278675,2.342711,9.645392,
AddVertex,0.278675,2.313488,9.645392,
AddVertex,0.279276,2.342896,9.645577,
AddVertex,0.279276,2.312887,9.645577,
AddVertex,0.279276,2.342896,9.645577,
AddVertex,0.279276,2.312887,9.645577,
AddVertex,0.279907,2.342921,9.645602,
AddVertex,0.279907,2.312255,9.645602,
AddVertex,0.279907,2.342921,9.645602,
AddVertex,0.279907,2.312255,9.645602,
AddVertex,0.280527,2.342784,9.645466,
AddVertex,0.280527,2.311635,9.645466,
AddVertex,0.280527,2.342784,9.645466,
AddVertex,0.280527,2.311635,9.645466,
AddVertex,0.281092,2.342497,9.645178,
AddVertex,0.281092,2.311070,9.645178,
AddVertex,0.278675,2.313488,9.645392,
AddVertex,0.277312,2.340771,9.643453,
AddVertex,0.277312,2.340771,9.543239,
AddVertex,0.277349,2.340152,9.642834,
AddVertex,0.277349,2.340152,9.543239,
AddVertex,0.277349,2.340152,9.642834,
AddVertex,0.277312,2.340771,9.503239,
AddVertex,0.277349,2.340152,9.503239,
AddVertex,0.277312,2.340771,9.503239,
AddVertex,0.277866,2.340557,9.503239,
AddVertex,0.277929,2.340074,9.503239,
AddVertex,0.277929,2.340074,9.503239,
AddVertex,0.277929,2.340074,9.492756,
AddVertex,0.278115,2.339625,9.503239,
AddVertex,0.278115,2.339625,9.492306,
AddVertex,0.278115,2.339625,9.503239,
AddVertex,0.277929,2.340074,9.492756,
AddVertex,0.277929,2.340074,9.503239,
AddVertex,0.277866,2.340557,9.493238,
AddVertex,0.277866,2.340557,9.503239,
AddVertex,0.277866,2.340557,9.493238,
AddVertex,0.277866,2.340557,9.503239,
AddVertex,0.277929,2.341039,9.493721,
AddVertex,0.277929,2.341039,9.503239,
AddVertex,0.277312,2.340771,9.503239,
AddVertex,0.277312,2.340771,9.543239,
AddVertex,0.277441,2.341376,9.503239,
AddVertex,0.281344,2.339625,9.492306,
AddVertex,0.281048,2.339238,9.491920,
AddVertex,0.281344,2.339625,9.492306,
AddVertex,0.281531,2.340074,9.492756,
AddVertex,0.281531,2.340074,9.492756,
AddVertex,0.281594,2.340557,9.493238,
AddVertex,0.281594,2.340557,9.493238,
AddVertex,0.281531,2.341039,9.493721,
AddVertex,0.281531,2.341039,9.493721,
AddVertex,0.281344,2.341489,9.494170,
AddFace,0,1,2,
AddFace,2,3,0,
AddFace,3,4,0,
AddFace,5,6,7,
AddFace,5,7,8,
AddFace,9,5,8,
AddFace,8,10,9,
AddFace,11,9,10,
AddFace,10,12,11,
AddFace,13,14,15,
AddFace,15,16,13,
AddFace,17,18,19,
AddFace,19,20,17,
AddFace,21,22,23,
AddFace,23,24,21,
AddFace,25,26,27,
AddFace,27,28,25,
AddFace,29,30,31,
AddFace,31,32,29,
AddFace,33,34,35,
AddFace,35,36,33,
AddFace,37,38,39,
AddFace,39,40,37,
AddFace,41,42,43,
AddFace,43,44,41,
AddFace,45,46,47,
AddFace,47,48,45,
AddFace,49,50,51,
AddFace,51,52,49,
AddFace,53,54,55,
AddFace,55,56,53,
AddFace,57,58,59,
AddFace,59,60,57,
AddFace,61,62,63,
AddFace,63,64,61,
AddFace,65,66,67,
AddFace,67,68,65,
AddFace,69,70,71,
AddFace,71,72,69,
AddFace,73,74,75,
AddFace,75,76,73,
AddFace,77,78,79,
AddFace,79,80,77,
AddFace,80,79,81,
AddFace,81,82,80,
AddFace,82,83,80,
AddFace,83,84,80,
AddFace,85,86,87,
AddFace,87,88,85,
AddFace,88,89,85,
AddFace,89,90,85,
AddFace,91,92,93,
AddFace,93,94,91,
AddFace,95,96,97,
AddFace,97,98,95,
AddFace,99,100,101,
AddFace,101,102,99,
AddFace,103,104,105,
AddFace,105,106,103,
AddFace,107,108,109,
AddFace,109,110,107,
AddFace,111,112,113,
AddFace,113,114,111,
AddFace,115,116,117,
AddFace,118,115,117,
AddFace,119,118,117,
AddFace,117,120,119,
AddFace,121,122,123,
AddFace,124,121,123,
AddFace,125,124,123,
AddFace,123,126,125,
AddFace,127,128,129,
AddFace,130,127,129,
AddFace,131,130,129,
AddFace,129,132,131,
AddFace,133,134,135,
AddFace,136,133,135,
AddFace,137,136,135,
AddFace,135,138,137,
AddFace,139,140,141,
AddFace,142,139,141,
AddFace,143,142,141,
AddFace,141,144,143,
AddFace,145,146,147,
AddFace,148,145,147,
AddFace,149,148,147,
AddFace,147,150,149,
AddFace,3,151,4,
AddFace,112,152,153,
AddFace,112,153,113,
AddFace,108,154,109,
AddFace,108,155,154,
AddFace,156,157,158,
AddFace,156,158,159,
AddFace,160,156,159,
AddFace,159,161,160,
AddFace,162,160,161,
AddFace,161,163,162,
AddFace,164,165,166,
AddFace,166,167,164,
AddFace,168,169,170,
AddFace,168,170,171,
AddFace,172,168,171,
AddFace,172,171,173,
AddFace,174,172,173,
AddFace,173,175,174,
AddFace,176,177,178,
AddFace,179,176,178,
AddFace,178,180,179,
AddFace,181,182,183,
AddFace,184,181,183,
AddFace,185,184,183,
AddFace,183,186,185,
AddFace,187,188,189,
AddFace,190,187,189,
AddFace,191,190,189,
AddFace,189,192,191,
AddFace,193,194,195,
AddFace,193,195,196,
AddFace,197,193,196,
AddFace,196,198,197,
AddFace,168,199,169,
AddFace,199,200,169,
AddFace,199,201,200,
AddFace,199,202,201,
AddFace,202,203,201,
AddFace,202,204,203,
AddFace,202,205,204,
AddFace,205,206,204,
AddFace,205,207,206,
AddFace,207,208,206,
AddFace,207,209,208,
AddFace,209,210,208,
AddFace,209,211,210,
AddFace,209,212,211,
AddFace,212,213,211,
AddFace,212,214,213,
AddFace,214,215,213,
AddFace,214,216,215,
AddFace,216,214,217,
AddFace,216,217,218,
AddFace,219,216,218,
AddFace,220,219,218,
AddFace,220,218,221,
AddFace,222,220,221,
AddFace,223,222,221,
AddFace,223,221,224,
AddFace,225,223,224,
AddFace,225,224,226,
AddFace,227,225,226,
AddFace,227,226,228,
AddFace,229,227,228,
AddFace,230,229,228,
AddFace,230,228,231,
AddFace,232,230,231,
AddFace,232,231,233,
AddFace,234,232,233,
AddFace,235,234,233,
AddFace,235,233,171,
AddFace,171,170,235,
AddFace,236,237,238,
AddFace,238,239,236,
AddFace,240,241,242,
AddFace,242,243,240,
AddFace,244,245,246,
AddFace,246,247,244,
AddFace,248,249,250,
AddFace,250,251,248,
AddFace,252,253,254,
AddFace,254,255,252,
AddFace,256,257,258,
AddFace,258,259,256,
AddFace,260,261,262,
AddFace,262,263,260,
AddFace,264,265,266,
AddFace,266,267,264,
AddFace,267,266,268,
AddFace,268,269,267,
AddFace,269,270,267,
AddFace,270,271,267,
AddFace,100,272,273,
AddFace,100,273,101,
AddFace,104,274,275,
AddFace,104,275,105,
AddFace,96,276,97,
AddFace,96,277,276,
AddFace,92,278,93,
AddFace,92,279,278,
AddFace,280,281,282,
AddFace,280,282,283,
AddFace,284,280,283,
AddFace,283,285,284,
AddFace,284,285,286,
AddFace,286,287,284,
AddFace,288,289,290,
AddFace,290,291,288,
AddFace,292,293,294,
AddFace,294,295,292,
AddFace,296,297,298,
AddFace,298,299,296,
AddFace,300,301,302,
AddFace,302,303,300,
AddFace,304,305,306,
AddFace,306,307,304,
AddFace,307,306,308,
AddFace,308,309,307,
AddFace,309,310,307,
AddFace,310,311,307,
AddFace,312,313,303,
AddFace,314,312,303,
AddFace,315,314,303,
AddFace,303,302,315,
AddFace,316,317,299,
AddFace,318,316,299,
AddFace,319,318,299,
AddFace,299,298,319,
AddFace,320,295,294,
AddFace,294,321,320,
AddFace,321,322,320,
AddFace,321,323,322,
AddFace,324,325,326,
AddFace,290,324,326,
AddFace,326,291,290,
AddFace,324,327,325,
AddFace,328,329,330,
AddFace,331,328,330,
AddFace,330,332,331,
AddFace,333,334,335,
AddFace,336,333,335,
AddFace,337,336,335,
AddFace,335,338,337,
AddFace,339,340,341,
AddFace,342,339,341,
AddFace,343,342,341,
AddFace,341,344,343,
AddFace,177,345,178,
AddFace,346,347,348,
AddFace,348,349,346,
AddFace,350,351,352,
AddFace,352,353,350,
AddFace,354,355,356,
AddFace,356,357,354,
AddFace,358,359,360,
AddFace,360,361,358,
AddFace,362,363,364,
AddFace,364,365,362,
AddFace,366,367,368,
AddFace,368,369,366,
AddFace,370,371,372,
AddFace,372,373,370,
AddFace,374,375,376,
AddFace,376,377,374,
AddFace,378,379,380,
AddFace,380,381,378,
AddFace,382,383,384,
AddFace,384,385,382,
AddFace,386,387,388,
AddFace,388,389,386,
AddFace,390,391,392,
AddFace,393,390,392,
AddFace,392,394,393,
AddFace,395,396,397,
AddFace,397,398,395,
AddFace,398,399,395,
AddFace,398,400,399,
AddFace,401,402,403,
AddFace,404,401,403,
AddFace,403,405,404,
AddFace,406,407,408,
AddFace,408,409,406,
AddFace,409,410,406,
AddFace,401,411,402,
AddFace,409,412,410,
AddFace,413,414,415,
AddFace,416,413,415,
AddFace,415,417,416,
AddFace,418,419,420,
AddFace,420,421,418,
AddFace,421,422,418,
AddFace,413,423,414,
AddFace,421,424,422,
AddFace,391,425,392,
AddFace,426,427,428,
AddFace,428,429,426,
AddFace,429,430,426,
AddFace,430,431,426,
AddFace,432,433,434,
AddFace,434,435,432,
AddFace,435,436,432,
AddFace,437,438,439,
AddFace,439,440,437,
AddFace,441,442,443,
AddFace,443,444,441,
AddFace,444,445,441,
AddFace,446,447,448,
AddFace,448,449,446,
AddFace,449,450,446,
AddFace,450,451,446,
AddFace,452,453,454,
AddFace,454,455,452,
AddFace,456,457,458,
AddFace,458,459,456,
AddFace,460,461,462,
AddFace,462,463,460,
AddFace,464,465,466,
AddFace,466,467,464,
AddFace,468,469,470,
AddFace,470,471,468,
AddFace,472,473,474,
AddFace,474,475,472,
AddFace,329,476,330,
AddFace,473,477,474,
AddFace,473,478,477,
AddFace,479,480,481,
AddFace,481,482,479,
AddFace,483,484,485,
AddFace,485,486,483,
AddFace,487,488,489,
AddFace,489,490,487,
AddFace,491,492,493,
AddFace,493,494,491,
AddFace,495,496,497,
AddFace,497,498,495,
AddFace,499,500,501,
AddFace,501,502,499,
AddFace,503,504,505,
AddFace,505,506,503,
AddFace,507,508,509,
AddFace,509,510,507,
AddFace,511,512,513,
AddFace,513,514,511,
AddFace,515,516,517,
AddFace,517,518,515,
AddFace,519,520,521,
AddFace,521,522,519,
AddFace,523,524,525,
AddFace,525,526,523,
AddFace,527,528,529,
AddFace,529,530,527,
AddFace,531,532,533,
AddFace,533,534,531,
AddFace,535,536,537,
AddFace,537,538,535,
AddFace,539,540,541,
AddFace,541,542,539,
AddFace,543,544,545,
AddFace,545,546,543,
AddFace,547,548,549,
AddFace,549,550,547,
AddFace,551,552,553,
AddFace,553,554,551,
AddFace,555,556,557,
AddFace,557,558,555,
AddFace,559,560,561,
AddFace,561,562,559,
AddFace,563,564,565,
AddFace,565,566,563,
AddFace,567,568,569,
AddFace,569,570,567,
AddFace,571,572,573,
AddFace,573,574,571,
AddFace,575,576,577,
AddFace,577,578,575,
AddFace,579,580,581,
AddFace,581,582,579,
AddFace,583,584,585,
AddFace,585,586,583,
AddFace,587,588,589,
AddFace,589,590,587,
AddFace,591,592,593,
AddFace,593,594,591,
AddFace,595,596,597,
AddFace,597,598,595,
AddFace,599,600,601,
AddFace,601,602,599,
AddFace,603,604,605,
AddFace,605,606,603,
AddFace,607,608,609,
AddFace,609,610,607,
AddFace,453,611,612,
AddFace,453,612,454,
AddFace,457,613,614,
AddFace,457,614,458,
AddFace,461,615,616,
AddFace,461,616,462,
AddFace,465,617,618,
AddFace,465,618,466,
AddFace,469,619,620,
AddFace,469,620,470,
AddFace,621,622,623,
AddFace,623,624,621,
AddFace,625,626,627,
AddFace,627,628,625,
AddFace,629,630,631,
AddFace,631,632,629,
AddFace,633,634,635,
AddFace,635,636,633,
AddFace,637,638,639,
AddFace,639,640,637,
AddFace,641,642,643,
AddFace,643,644,641,
AddFace,645,646,647,
AddFace,647,648,645,
AddFace,649,650,651,
AddFace,651,652,649,
AddFace,653,654,655,
AddFace,655,656,653,
AddFace,657,658,659,
AddFace,659,660,657,
AddFace,661,662,663,
AddFace,663,664,661,
AddFace,665,666,667,
AddFace,667,668,665,
AddFace,669,670,671,
AddFace,671,672,669,
AddFace,673,674,675,
AddFace,675,676,673,
AddFace,677,678,679,
AddFace,679,680,677,
AddFace,681,682,683,
AddFace,683,684,681,
AddFace,685,686,687,
AddFace,687,688,685,
AddFace,689,690,691,
AddFace,691,692,689,
AddFace,693,694,695,
AddFace,695,696,693,
AddFace,697,698,699,
AddFace,699,700,697,
AddFace,701,702,703,
AddFace,703,704,701,
AddFace,705,706,707,
AddFace,707,708,705,
AddFace,709,710,711,
AddFace,711,712,709,
AddFace,713,714,715,
AddFace,715,716,713,
AddFace,717,718,719,
AddFace,719,720,717,
AddFace,721,722,723,
AddFace,723,724,721,
AddFace,725,726,727,
AddFace,727,728,725,
AddFace,729,730,731,
AddFace,731,732,729,
AddFace,733,734,735,
AddFace,736,733,735,
AddFace,736,735,737,
AddFace,738,736,737,
AddFace,738,737,739,
AddFace,740,738,739,
AddFace,740,739,741,
AddFace,742,740,741,
AddFace,742,741,743,
AddFace,744,742,743,
AddFace,744,743,745,
AddFace,746,744,745,
AddFace,746,745,747,
AddFace,748,746,747,
AddFace,748,747,749,
AddFace,750,748,749,
AddFace,750,749,751,
AddFace,752,750,751,
AddFace,752,751,753,
AddFace,754,752,753,
AddFace,754,753,755,
AddFace,755,756,754,
AddFace,757,758,217,
AddFace,214,757,217,
AddFace,757,759,758,
AddFace,145,148,760,
AddFace,760,761,145,
AddFace,139,142,762,
AddFace,762,763,139,
AddFace,133,136,764,
AddFace,764,765,133,
AddFace,127,130,766,
AddFace,766,767,127,
AddFace,121,124,768,
AddFace,768,769,121,
AddFace,770,2,1,
AddFace,1,771,770,
AddFace,772,773,774,
AddFace,774,775,772,
AddFace,776,772,775,
AddFace,777,778,779,
AddFace,780,781,782,
AddFace,783,782,781,
AddFace,784,785,786,
AddFace,787,786,785,
AddFace,788,789,790,
AddFace,791,790,789,
AddFace,792,793,794,
AddFace,795,794,793,
AddFace,796,797,798,
AddFace,799,798,797,
AddFace,800,801,802,
AddFace,803,804,805,
AddFace,806,807,808,
AddFace,809,808,807,
AddFace,810,811,812,
AddFace,813,812,811,
AddFace,814,815,816,
AddFace,817,816,815,
AddFace,818,819,820,
AddFace,821,820,819,
AddFace,819,822,821,
AddFace,823,821,822,
AddFace,824,823,822,
AddFace,825,826,827,
AddFace,828,823,824,
AddFace,829,830,831,
AddFace,830,832,831,
AddFace,833,831,832,
AddFace,832,834,833,
AddFace,835,833,834,
AddFace,836,830,829,
AddFace,837,838,839,
AddFace,839,838,773,
AddFace,838,774,773,
AddFace,840,841,842,
AddFace,843,840,842,
AddFace,844,843,842,
AddFace,845,846,847,
AddFace,848,847,846,
AddFace,849,848,846,
AddFace,850,849,846,
AddFace,851,852,853,
AddFace,854,853,852,
AddFace,855,854,852,
AddFace,856,855,852,
AddFace,857,858,859,
AddFace,860,859,858,
AddFace,861,860,858,
AddFace,862,861,858,
AddFace,863,864,865,
AddFace,866,865,864,
AddFace,867,866,864,
AddFace,868,867,864,
AddFace,869,870,871,
AddFace,872,871,870,
AddFace,873,872,870,
AddFace,874,873,870,
AddFace,875,876,877,
AddFace,876,878,877,
AddFace,879,877,878,
AddFace,880,881,882,
AddFace,883,882,881,
AddFace,884,883,881,
AddFace,885,876,875,
AddFace,886,842,841,
AddFace,887,883,884,
AddFace,888,889,890,
AddFace,889,891,890,
AddFace,892,890,891,
AddFace,893,894,895,
AddFace,896,895,894,
AddFace,897,896,894,
AddFace,898,889,888,
AddFace,899,896,897,
AddFace,900,901,902,
AddFace,901,903,902,
AddFace,904,902,903,
AddFace,905,906,907,
AddFace,908,907,906,
AddFace,909,908,906,
AddFace,910,901,900,
AddFace,911,912,913,
AddFace,913,912,914,
AddFace,915,916,917,
AddFace,918,908,909,
AddFace,919,920,921,
AddFace,920,922,921,
AddFace,922,923,921,
AddFace,924,921,923,
AddFace,925,926,927,
AddFace,926,928,927,
AddFace,928,929,927,
AddFace,930,927,929,
AddFace,931,932,933,
AddFace,932,934,933,
AddFace,934,935,933,
AddFace,936,933,935,
AddFace,937,938,939,
AddFace,938,940,939,
AddFace,940,941,939,
AddFace,942,939,941,
AddFace,943,944,945,
AddFace,944,946,945,
AddFace,946,947,945,
AddFace,948,945,947,
AddFace,949,950,951,
AddFace,950,952,951,
AddFace,952,953,951,
AddFace,805,951,953,
AddFace,806,954,807,
AddFace,916,807,954,
AddFace,917,916,954,
AddFace,810,914,811,
AddFace,912,811,914,
AddFace,814,955,815,
AddFace,826,815,955,
AddFace,827,826,955,
AddFace,951,805,804,
AddFace,956,957,948,
AddFace,945,948,957,
AddFace,958,959,942,
AddFace,939,942,959,
AddFace,960,961,936,
AddFace,933,936,961,
AddFace,962,963,930,
AddFace,927,930,963,
AddFace,964,965,966,
AddFace,967,966,965,
AddFace,968,969,970,
AddFace,971,968,970,
AddFace,972,973,974,
AddFace,975,974,973,
AddFace,976,975,973,
AddFace,977,978,979,
AddFace,980,981,982,
AddFace,983,984,985,
AddFace,986,985,984,
AddFace,987,988,989,
AddFace,990,989,988,
AddFace,991,992,993,
AddFace,994,995,996,
AddFace,997,994,996,
AddFace,998,999,1000,
AddFace,1001,998,1000,
AddFace,1002,975,976,
AddFace,1003,998,1001,
AddFace,1004,1000,999,
AddFace,1005,1006,971,
AddFace,1006,1007,971,
AddFace,1007,968,971,
AddFace,1008,1009,1010,
AddFace,1011,1010,1009,
AddFace,1012,1013,1014,
AddFace,1015,1014,1013,
AddFace,1016,1017,1018,
AddFace,1019,1018,1017,
AddFace,1020,1021,1022,
AddFace,1023,1022,1021,
AddFace,1024,1025,1026,
AddFace,1027,1026,1025,
AddFace,1028,1029,1030,
AddFace,1031,1030,1029,
AddFace,1032,1033,1034,
AddFace,1035,1034,1033,
AddFace,1036,1037,1038,
AddFace,1039,1038,1037,
AddFace,1040,1041,1042,
AddFace,1043,1042,1041,
AddFace,1044,1045,1046,
AddFace,1047,1046,1045,
AddFace,1048,1049,1050,
AddFace,1051,1050,1049,
AddFace,1052,1053,1054,
AddFace,1055,1054,1053,
AddFace,1056,1057,1058,
AddFace,1059,1058,1057,
AddFace,1060,779,778,
AddFace,1061,1062,1063,
AddFace,1063,1062,1064,
AddFace,1062,1065,1064,
AddFace,1064,1065,1066,
AddFace,1066,1065,1067,
AddFace,1066,1067,1068,
AddFace,1069,1068,1067,
AddFace,1070,1071,1072,
AddFace,1073,1070,1072,
AddFace,1074,1075,1076,
AddFace,1075,1077,1076,
AddFace,1078,1076,1077,
AddFace,1079,1080,1069,
AddFace,1080,1081,1069,
AddFace,1081,1068,1069,
AddFace,1082,1080,1079,
AddFace,1083,1082,1079,
AddFace,1084,1085,1086,
AddFace,1087,1086,1085,
AddFace,1088,1087,1085,
AddFace,1089,1075,1074,
AddFace,1090,1091,1092,
AddFace,1093,1094,1095,
AddFace,1096,1095,1094,
AddFace,1097,1098,1099,
AddFace,1100,1099,1098,
AddFace,1101,982,981,
AddFace,1102,1103,1104,
AddFace,1105,1106,1107,
AddFace,1108,1107,1106,
AddFace,1109,1110,1111,
AddFace,1112,1111,1110,
AddFace,1113,1114,1115,
AddFace,1116,1115,1114,
AddFace,1117,1118,1119,
AddFace,1120,1119,1118,
AddFace,1121,1122,1123,
AddFace,1124,1123,1122,
AddFace,1125,1126,1127,
AddFace,1128,1127,1126,
AddFace,1129,1130,1131,
AddFace,1132,1131,1130,
AddFace,1133,1134,1135,
AddFace,1136,1135,1134,
AddFace,1137,1138,1139,
AddFace,1140,1139,1138,
AddFace,1141,1142,1143,
AddFace,1144,1143,1142,
AddFace,1145,1146,1147,
AddFace,1148,1147,1146,
AddFace,1149,1150,1151,
AddFace,1152,1153,1154,
AddFace,1155,1156,1157,
AddFace,1158,1157,1156,
AddFace,1159,1160,1161,
AddFace,1162,1161,1160,
AddFace,1163,1164,1165,
AddFace,1166,1165,1164,
AddFace,1167,1168,1169,
AddFace,1170,1169,1168,
AddFace,1171,1172,1173,
AddFace,1174,1171,1173,
AddFace,1175,1176,1177,
AddFace,1178,1177,1176,
AddFace,1179,1178,1176,
AddFace,1180,1179,1176,
AddFace,1181,1182,1183,
AddFace,1184,1183,1182,
AddFace,1185,1184,1182,
AddFace,1186,1187,1188,
AddFace,1189,1188,1187,
AddFace,1190,1191,1192,
AddFace,1193,1192,1191,
AddFace,1194,1193,1191,
AddFace,1195,996,1196,
AddFace,995,1196,996,
AddFace,1197,1198,1005,
AddFace,1198,1199,1005,
AddFace,1199,1006,1005,
AddFace,1200,1198,1197,
AddFace,1201,1200,1197,
AddFace,1202,1201,1197,
AddFace,1203,1201,1202,
AddFace,1198,1200,1204,
AddFace,1204,1200,1205,
AddFace,1200,1206,1205,
AddFace,1205,1206,1207,
AddFace,1206,1208,1207,
AddFace,1207,1208,1209,
AddFace,1209,1208,1210,
AddFace,1208,1211,1210,
AddFace,1210,1211,1212,
AddFace,1211,1213,1212,
AddFace,1212,1213,1214,
AddFace,1213,1215,1214,
AddFace,1214,1215,1216,
AddFace,1216,1215,1061,
AddFace,1215,1062,1061,
AddFace,1217,1218,1219,
AddFace,1220,1219,1218,
AddFace,1221,1220,1218,
AddFace,1222,1223,1224,
AddFace,1225,1154,1153,
AddFace,1226,1227,1228,
AddFace,1229,1228,1227,
AddFace,1230,1231,1232,
AddFace,1233,1232,1231,
AddFace,1234,1235,1236,
AddFace,1237,1236,1235,
AddFace,1238,1239,1240,
AddFace,1241,1240,1239,
AddFace,1242,1243,1244,
AddFace,1245,1244,1243,
AddFace,1246,1247,1248,
AddFace,1249,1248,1247,
AddFace,1250,1251,1252,
AddFace,1253,1252,1251,
AddFace,1254,1255,1256,
AddFace,1257,1256,1255,
AddFace,1258,1092,1091,
AddFace,1259,1260,1261,
AddFace,1262,1261,1260,
AddFace,1263,1264,1265,
AddFace,1266,1267,1268,
AddFace,1269,1268,1267,
AddFace,1270,1271,1272,
AddFace,1273,1272,1271,
AddFace,1274,1275,1276,
AddFace,1277,1276,1275,
AddFace,1278,1279,1280,
AddFace,1281,1280,1279,
AddFace,1282,1283,1284,
AddFace,1285,1284,1283,
AddFace,1286,1287,1288,
AddFace,1289,1288,1287,
AddFace,1290,1291,1292,
AddFace,1291,1293,1292,
AddFace,1292,1293,1294,
AddFace,1295,1296,1297,
AddFace,1298,1297,1296,
AddFace,1299,1300,1301,
AddFace,1302,1301,1300,
AddFace,1294,1303,1304,
AddFace,1303,1305,1304,
AddFace,1304,1305,1306,
AddFace,1307,1308,1309,
AddFace,1310,1309,1308,
AddFace,1311,1312,1313,
AddFace,1314,1313,1312,
AddFace,1306,1315,1316,
AddFace,1315,1317,1316,
AddFace,1316,1317,1318,
AddFace,1319,1320,1321,
AddFace,1322,1321,1320,
AddFace,1323,1324,1325,
AddFace,1326,1325,1324,
AddFace,1327,1328,1329,
AddFace,1330,1329,1328,
AddFace,1331,1332,1333,
AddFace,1334,1333,1332,
AddFace,1335,1336,1337,
AddFace,1338,1337,1336,
AddFace,1339,1340,1341,
AddFace,1342,1341,1340,
AddFace,1343,1344,1345,
AddFace,1346,1345,1344,
AddFace,1347,1348,1349,
AddFace,1350,1351,1352,
AddFace,1353,1354,1355,
AddFace,1356,1355,1354,
AddFace,1357,1358,1359,
AddFace,1360,1359,1358,
AddFace,1361,1151,1150,
AddFace,1362,1352,1351,
AddFace,1363,1364,1365,
AddFace,1366,1365,1364,
AddFace,1367,1368,1369,
AddFace,1370,1369,1368,
AddFace,1371,1372,1373,
AddFace,1374,1373,1372,
AddFace,1375,1376,1377,
AddFace,1378,1377,1376,
AddFace,1379,1380,1381,
AddFace,1382,1381,1380,
AddFace,1383,1384,1385,
AddFace,1386,1385,1384,
AddFace,1387,1291,1290,
AddFace,1388,1387,1290,
AddFace,1389,1387,1388,
AddFace,1390,1389,1388,
AddFace,1391,1389,1390,
AddFace,1392,1391,1390,
AddFace,1393,1265,1264,
AddFace,1394,1395,1396,
AddFace,1397,1396,1395,
AddFace,1398,1399,1400,
AddFace,1293,1303,1294,
AddFace,1401,1400,1399,
AddFace,1402,1403,1404,
AddFace,1405,1404,1403,
AddFace,1406,1407,1408,
AddFace,1305,1315,1306,
AddFace,1409,1408,1407,
AddFace,1410,1349,1348,
AddFace,1317,1411,1318,
AddFace,1318,1411,1412,
AddFace,1411,1413,1412,
AddFace,1412,1413,1414,
AddFace,1415,1414,1413,
AddFace,1416,1104,1103,
AddFace,1417,1418,1419,
AddFace,1420,1419,1418,
AddFace,1421,1422,1423,
AddFace,1424,1423,1422,
AddFace,1425,1072,1426,
AddFace,1427,1428,1429,
AddFace,1428,1430,1429,
AddFace,1430,1431,1429,
AddFace,1432,1429,1431,
AddFace,1433,1434,1435,
AddFace,1434,1436,1435,
AddFace,1436,1437,1435,
AddFace,1438,1435,1437,
AddFace,1439,1440,1441,
AddFace,1440,1442,1441,
AddFace,1442,1443,1441,
AddFace,1444,1441,1443,
AddFace,1445,1446,1447,
AddFace,1446,1448,1447,
AddFace,1448,1449,1447,
AddFace,1450,1447,1449,
AddFace,1451,1452,1453,
AddFace,1452,1454,1453,
AddFace,1454,1455,1453,
AddFace,1456,1453,1455,
AddFace,1457,1458,1459,
AddFace,1459,1458,1460,
AddFace,1461,1220,1221,
AddFace,1458,1462,1460,
AddFace,1463,1460,1462,
AddFace,1065,1464,1067,
AddFace,1067,1464,1465,
AddFace,1464,1466,1465,
AddFace,1467,1465,1466,
AddFace,1071,1426,1072,
AddFace,1224,1223,1468,
AddFace,1469,1470,1471,
AddFace,1471,1470,1472,
AddFace,1473,1474,1475,
AddFace,1475,1474,1476,
AddFace,1477,1478,1479,
AddFace,1479,1478,1480,
AddFace,1172,1481,1173,
AddFace,1482,1173,1481,
AddFace,1483,1480,1484,
AddFace,1478,1484,1480,
AddFace,1485,1476,1486,
AddFace,1474,1486,1476,
AddFace,1487,1472,1488,
AddFace,1470,1488,1472,
AddFace,1489,1468,1490,
AddFace,1223,1490,1468,
AddFace,1491,1492,1493,
AddFace,1494,1493,1492,
AddFace,1495,1496,1497,
AddFace,1498,1497,1496,
AddFace,1499,1500,1501,
AddFace,1502,1501,1500,
AddFace,1503,1504,1505,
AddFace,1506,1505,1504,
AddFace,1507,993,992,
AddFace,1508,1509,1510,
AddFace,1510,1509,1511,
AddFace,1512,1087,1088,
AddFace,1509,1513,1511,
AddFace,1514,1511,1513,
AddFace,1515,1516,1083,
AddFace,1516,1517,1083,
AddFace,1517,1082,1083,
AddFace,1518,1519,1520,
AddFace,1521,1520,1519,
AddFace,1522,802,801,
AddFace,1523,1524,1525,
AddFace,1526,1525,1524,
AddFace,1527,1528,1529,
AddFace,1530,1529,1528,
AddFace,969,1516,1515,
AddFace,970,969,1515,
AddFace,1531,1532,1533,
AddFace,978,1533,1532,
AddFace,979,978,1532,
AddFace,1534,1535,843,
AddFace,848,849,1536,
AddFace,1537,1536,849,
AddFace,854,855,1538,
AddFace,1539,1538,855,
AddFace,860,861,1540,
AddFace,1541,1540,861,
AddFace,866,867,1542,
AddFace,1543,1542,867,
AddFace,840,843,1535,
GenerateNormals,
LoadTexture,_Metal_A.jpg,
SetTextureCoordinates,0,-4.554657,-1.123774,
SetTextureCoordinates,1,-4.554657,-0.708161,
SetTextureCoordinates,2,-4.555011,-0.708161,
SetTextureCoordinates,3,-4.555011,-1.123774,
SetTextureCoordinates,4,-4.554657,-1.129038,
SetTextureCoordinates,5,-3.046432,-1.123774,
SetTextureCoordinates,6,-3.046432,-1.129038,
SetTextureCoordinates,7,-3.046078,-1.129038,
SetTextureCoordinates,8,-3.046078,-1.123774,
SetTextureCoordinates,9,-3.046432,-0.708161,
SetTextureCoordinates,10,-3.046078,-0.708161,
SetTextureCoordinates,11,-3.046432,-0.705266,
SetTextureCoordinates,12,-3.046078,-0.705130,
SetTextureCoordinates,13,-6.920111,-0.050798,
SetTextureCoordinates,14,-6.919975,-0.050443,
SetTextureCoordinates,15,-6.928578,-0.050443,
SetTextureCoordinates,16,-6.928578,-0.050798,
SetTextureCoordinates,17,-6.920327,-0.380415,
SetTextureCoordinates,18,-6.920111,-0.380060,
SetTextureCoordinates,19,-6.928578,-0.380060,
SetTextureCoordinates,20,-6.928578,-0.380415,
SetTextureCoordinates,21,-6.920608,-0.615971,
SetTextureCoordinates,22,-6.920327,-0.615616,
SetTextureCoordinates,23,-6.928578,-0.615616,
SetTextureCoordinates,24,-6.928578,-0.615971,
SetTextureCoordinates,25,-6.920936,-0.741413,
SetTextureCoordinates,26,-6.920608,-0.741058,
SetTextureCoordinates,27,-6.928578,-0.741058,
SetTextureCoordinates,28,-6.928578,-0.741413,
SetTextureCoordinates,29,-6.921288,-0.748193,
SetTextureCoordinates,30,-6.920936,-0.747838,
SetTextureCoordinates,31,-6.928578,-0.747838,
SetTextureCoordinates,32,-6.928578,-0.748193,
SetTextureCoordinates,33,-6.921639,-0.635849,
SetTextureCoordinates,34,-6.921288,-0.635494,
SetTextureCoordinates,35,-6.928578,-0.635494,
SetTextureCoordinates,36,-6.928578,-0.635849,
SetTextureCoordinates,37,-6.921968,-0.412036,
SetTextureCoordinates,38,-6.921639,-0.411682,
SetTextureCoordinates,39,-6.928578,-0.411682,
SetTextureCoordinates,40,-6.928578,-0.412036,
SetTextureCoordinates,41,-6.922249,-0.092008,
SetTextureCoordinates,42,-6.921968,-0.091653,
SetTextureCoordinates,43,-6.928578,-0.091653,
SetTextureCoordinates,44,-6.928578,-0.092008,
SetTextureCoordinates,45,-6.922465,0.302427,
SetTextureCoordinates,46,-6.922249,0.302782,
SetTextureCoordinates,47,-6.928578,0.302782,
SetTextureCoordinates,48,-6.928578,0.302427,
SetTextureCoordinates,49,-6.922601,0.744388,
SetTextureCoordinates,50,-6.922465,0.744743,
SetTextureCoordinates,51,-6.928578,0.744743,
SetTextureCoordinates,52,-6.928578,0.744388,
SetTextureCoordinates,53,-6.922647,1.203757,
SetTextureCoordinates,54,-6.922601,1.204112,
SetTextureCoordinates,55,-6.928578,1.204112,
SetTextureCoordinates,56,-6.928578,1.203757,
SetTextureCoordinates,57,6.922601,0.350772,
SetTextureCoordinates,58,6.922647,0.350417,
SetTextureCoordinates,59,6.928578,0.350417,
SetTextureCoordinates,60,6.928578,0.350772,
SetTextureCoordinates,61,6.922465,-0.050443,
SetTextureCoordinates,62,6.922601,-0.050798,
SetTextureCoordinates,63,6.928578,-0.050798,
SetTextureCoordinates,64,6.928578,-0.050443,
SetTextureCoordinates,65,6.922249,-0.380060,
SetTextureCoordinates,66,6.922465,-0.380415,
SetTextureCoordinates,67,6.928578,-0.380415,
SetTextureCoordinates,68,6.928578,-0.380060,
SetTextureCoordinates,69,6.922249,-0.615971,
SetTextureCoordinates,70,6.928578,-0.615971,
SetTextureCoordinates,71,6.928578,-0.615616,
SetTextureCoordinates,72,6.921968,-0.615616,
SetTextureCoordinates,73,6.921968,-0.741413,
SetTextureCoordinates,74,6.928578,-0.741413,
SetTextureCoordinates,75,6.928578,-0.741058,
SetTextureCoordinates,76,6.921639,-0.741058,
SetTextureCoordinates,77,6.559302,-0.707122,
SetTextureCoordinates,78,6.558947,-0.706794,
SetTextureCoordinates,79,6.558947,-0.708161,
SetTextureCoordinates,80,6.559302,-0.708161,
SetTextureCoordinates,81,6.558947,-1.123774,
SetTextureCoordinates,82,6.558947,-1.129038,
SetTextureCoordinates,83,6.559302,-1.129038,
SetTextureCoordinates,84,6.559302,-1.123774,
SetTextureCoordinates,85,5.753186,-0.708161,
SetTextureCoordinates,86,5.752831,-0.708161,
SetTextureCoordinates,87,5.752831,-1.123774,
SetTextureCoordinates,88,5.752831,-1.129038,
SetTextureCoordinates,89,5.753186,-1.129038,
SetTextureCoordinates,90,5.753186,-1.123774,
SetTextureCoordinates,91,4.554657,-0.708161,
SetTextureCoordinates,92,4.554657,-1.123774,
SetTextureCoordinates,93,4.555011,-1.123774,
SetTextureCoordinates,94,4.555011,-0.708161,
SetTextureCoordinates,95,3.046078,-0.708161,
SetTextureCoordinates,96,3.046078,-1.123774,
SetTextureCoordinates,97,3.046432,-1.123774,
SetTextureCoordinates,98,3.046432,-0.708161,
SetTextureCoordinates,99,1.329902,-0.708161,
SetTextureCoordinates,100,1.329902,-1.123774,
SetTextureCoordinates,101,1.330257,-1.123774,
SetTextureCoordinates,102,1.330257,-0.708161,
SetTextureCoordinates,103,-0.476917,-0.708161,
SetTextureCoordinates,104,-0.476917,-1.123774,
SetTextureCoordinates,105,-0.476562,-1.123774,
SetTextureCoordinates,106,-0.476562,-0.708161,
SetTextureCoordinates,107,-2.251247,-0.708161,
SetTextureCoordinates,108,-2.251247,-1.123774,
SetTextureCoordinates,109,-2.250892,-1.123774,
SetTextureCoordinates,110,-2.250892,-0.708161,
SetTextureCoordinates,111,-3.872169,-0.708161,
SetTextureCoordinates,112,-3.872169,-1.123774,
SetTextureCoordinates,113,-3.871815,-1.123774,
SetTextureCoordinates,114,-3.871815,-0.708161,
SetTextureCoordinates,115,-5.229223,-0.708161,
SetTextureCoordinates,116,-5.229223,-1.123774,
SetTextureCoordinates,117,-5.229223,-1.129038,
SetTextureCoordinates,118,-5.228868,-0.708161,
SetTextureCoordinates,119,-5.228868,-1.123774,
SetTextureCoordinates,120,-5.228868,-1.129038,
SetTextureCoordinates,121,-6.229925,-0.708161,
SetTextureCoordinates,122,-6.229925,-1.123774,
SetTextureCoordinates,123,-6.229925,-1.129038,
SetTextureCoordinates,124,-6.229570,-0.708161,
SetTextureCoordinates,125,-6.229570,-1.123774,
SetTextureCoordinates,126,-6.229570,-1.129038,
SetTextureCoordinates,127,-6.806080,-0.708161,
SetTextureCoordinates,128,-6.806080,-1.123774,
SetTextureCoordinates,129,-6.806080,-1.129038,
SetTextureCoordinates,130,-6.805726,-0.708161,
SetTextureCoordinates,131,-6.805726,-1.123774,
SetTextureCoordinates,132,-6.805726,-1.129038,
SetTextureCoordinates,133,-6.918425,-0.708161,
SetTextureCoordinates,134,-6.918425,-1.123774,
SetTextureCoordinates,135,-6.918425,-1.129038,
SetTextureCoordinates,136,-6.918070,-0.708161,
SetTextureCoordinates,137,-6.918070,-1.123774,
SetTextureCoordinates,138,-6.918070,-1.129038,
SetTextureCoordinates,139,-6.559302,-0.708161,
SetTextureCoordinates,140,-6.559302,-1.123774,
SetTextureCoordinates,141,-6.559302,-1.129038,
SetTextureCoordinates,142,-6.558947,-0.708161,
SetTextureCoordinates,143,-6.558947,-1.123774,
SetTextureCoordinates,144,-6.558947,-1.129038,
SetTextureCoordinates,145,-5.753186,-0.708161,
SetTextureCoordinates,146,-5.753186,-1.123774,
SetTextureCoordinates,147,-5.753186,-1.129038,
SetTextureCoordinates,148,-5.752831,-0.708161,
SetTextureCoordinates,149,-5.752831,-1.123774,
SetTextureCoordinates,150,-5.752831,-1.129038,
SetTextureCoordinates,151,-4.555011,-1.129038,
SetTextureCoordinates,152,-3.872169,-1.129038,
SetTextureCoordinates,153,-3.871815,-1.129038,
SetTextureCoordinates,154,-2.250892,-1.129038,
SetTextureCoordinates,155,-2.251247,-1.129038,
SetTextureCoordinates,156,-1.330257,-1.123774,
SetTextureCoordinates,157,-1.330257,-1.129038,
SetTextureCoordinates,158,-1.329902,-1.129038,
SetTextureCoordinates,159,-1.329902,-1.123774,
SetTextureCoordinates,160,-1.330257,-0.708161,
SetTextureCoordinates,161,-1.329902,-0.708161,
SetTextureCoordinates,162,-1.330257,-0.705130,
SetTextureCoordinates,163,-1.329902,-0.705083,
SetTextureCoordinates,164,-6.919975,0.350417,
SetTextureCoordinates,165,-6.919929,0.350772,
SetTextureCoordinates,166,-6.928578,0.350772,
SetTextureCoordinates,167,-6.928578,0.350417,
SetTextureCoordinates,168,-0.431506,-0.705113,
SetTextureCoordinates,169,-0.430703,-0.705130,
SetTextureCoordinates,170,-0.430352,-0.705083,
SetTextureCoordinates,171,-0.429358,-0.705028,
SetTextureCoordinates,172,-0.431121,-0.704872,
SetTextureCoordinates,173,-0.429770,-0.704818,
SetTextureCoordinates,174,-0.430683,-0.704737,
SetTextureCoordinates,175,-0.430222,-0.704719,
SetTextureCoordinates,176,-6.928578,0.502260,
SetTextureCoordinates,177,-6.928578,0.502721,
SetTextureCoordinates,178,-7.028925,0.502721,
SetTextureCoordinates,179,-6.957741,0.502260,
SetTextureCoordinates,180,-7.028944,0.502260,
SetTextureCoordinates,181,-6.928578,0.088099,
SetTextureCoordinates,182,-6.957741,0.088099,
SetTextureCoordinates,183,-7.028944,0.088099,
SetTextureCoordinates,184,-6.928578,0.087641,
SetTextureCoordinates,185,-6.957741,0.087641,
SetTextureCoordinates,186,-7.029078,0.087641,
SetTextureCoordinates,187,-6.928578,-0.270254,
SetTextureCoordinates,188,-6.957741,-0.270254,
SetTextureCoordinates,189,-7.029078,-0.270254,
SetTextureCoordinates,190,-6.928578,-0.270709,
SetTextureCoordinates,191,-6.957741,-0.270709,
SetTextureCoordinates,192,-7.029320,-0.270709,
SetTextureCoordinates,193,-6.957741,-0.545085,
SetTextureCoordinates,194,-7.029320,-0.545085,
SetTextureCoordinates,195,-7.029652,-0.545537,
SetTextureCoordinates,196,-6.957741,-0.545537,
SetTextureCoordinates,197,-6.928578,-0.545085,
SetTextureCoordinates,198,-6.928578,-0.545537,
SetTextureCoordinates,199,-0.431813,-0.705445,
SetTextureCoordinates,200,-0.431031,-0.705266,
SetTextureCoordinates,201,-0.431313,-0.705482,
SetTextureCoordinates,202,-0.432020,-0.705845,
SetTextureCoordinates,203,-0.431529,-0.705763,
SetTextureCoordinates,204,-0.431664,-0.706091,
SetTextureCoordinates,205,-0.432114,-0.706286,
SetTextureCoordinates,206,-0.431711,-0.706443,
SetTextureCoordinates,207,-0.432087,-0.706738,
SetTextureCoordinates,208,-0.431664,-0.706794,
SetTextureCoordinates,209,-0.431943,-0.707169,
SetTextureCoordinates,210,-0.431529,-0.707122,
SetTextureCoordinates,211,-0.431313,-0.707404,
SetTextureCoordinates,212,-0.431689,-0.707551,
SetTextureCoordinates,213,-0.431031,-0.707620,
SetTextureCoordinates,214,-0.431345,-0.707857,
SetTextureCoordinates,215,-0.430703,-0.707756,
SetTextureCoordinates,216,-0.430352,-0.707802,
SetTextureCoordinates,217,-0.429582,-0.708013,
SetTextureCoordinates,218,-0.429197,-0.707772,
SetTextureCoordinates,219,-0.430000,-0.707756,
SetTextureCoordinates,220,-0.429672,-0.707620,
SetTextureCoordinates,221,-0.428890,-0.707440,
SetTextureCoordinates,222,-0.429390,-0.707404,
SetTextureCoordinates,223,-0.429174,-0.707122,
SetTextureCoordinates,224,-0.428683,-0.707040,
SetTextureCoordinates,225,-0.429039,-0.706794,
SetTextureCoordinates,226,-0.428589,-0.706599,
SetTextureCoordinates,227,-0.428992,-0.706443,
SetTextureCoordinates,228,-0.428616,-0.706148,
SetTextureCoordinates,229,-0.429039,-0.706091,
SetTextureCoordinates,230,-0.429174,-0.705763,
SetTextureCoordinates,231,-0.428760,-0.705716,
SetTextureCoordinates,232,-0.429390,-0.705482,
SetTextureCoordinates,233,-0.429014,-0.705335,
SetTextureCoordinates,234,-0.429672,-0.705266,
SetTextureCoordinates,235,-0.430000,-0.705130,
SetTextureCoordinates,236,6.928578,1.203757,
SetTextureCoordinates,237,6.928578,1.204112,
SetTextureCoordinates,238,6.919929,1.204112,
SetTextureCoordinates,239,6.919975,1.203757,
SetTextureCoordinates,240,6.928578,0.744388,
SetTextureCoordinates,241,6.928578,0.744743,
SetTextureCoordinates,242,6.919975,0.744743,
SetTextureCoordinates,243,6.920111,0.744388,
SetTextureCoordinates,244,6.928578,0.302427,
SetTextureCoordinates,245,6.928578,0.302782,
SetTextureCoordinates,246,6.920111,0.302782,
SetTextureCoordinates,247,6.920327,0.302427,
SetTextureCoordinates,248,6.928578,-0.091653,
SetTextureCoordinates,249,6.920327,-0.091653,
SetTextureCoordinates,250,6.920608,-0.092008,
SetTextureCoordinates,251,6.928578,-0.092008,
SetTextureCoordinates,252,6.928578,-0.411682,
SetTextureCoordinates,253,6.920608,-0.411682,
SetTextureCoordinates,254,6.920936,-0.412036,
SetTextureCoordinates,255,6.928578,-0.412036,
SetTextureCoordinates,256,6.928578,-0.635494,
SetTextureCoordinates,257,6.920936,-0.635494,
SetTextureCoordinates,258,6.921288,-0.635849,
SetTextureCoordinates,259,6.928578,-0.635849,
SetTextureCoordinates,260,6.928578,-0.747838,
SetTextureCoordinates,261,6.921288,-0.747838,
SetTextureCoordinates,262,6.921639,-0.748193,
SetTextureCoordinates,263,6.928578,-0.748193,
SetTextureCoordinates,264,6.918425,-0.706794,
SetTextureCoordinates,265,6.918070,-0.706443,
SetTextureCoordinates,266,6.918070,-0.708161,
SetTextureCoordinates,267,6.918425,-0.708161,
SetTextureCoordinates,268,6.918070,-1.123774,
SetTextureCoordinates,269,6.918070,-1.129038,
SetTextureCoordinates,270,6.918425,-1.129038,
SetTextureCoordinates,271,6.918425,-1.123774,
SetTextureCoordinates,272,1.329902,-1.129038,
SetTextureCoordinates,273,1.330257,-1.129038,
SetTextureCoordinates,274,-0.476917,-1.129038,
SetTextureCoordinates,275,-0.476562,-1.129038,
SetTextureCoordinates,276,3.046432,-1.129038,
SetTextureCoordinates,277,3.046078,-1.129038,
SetTextureCoordinates,278,4.555011,-1.129038,
SetTextureCoordinates,279,4.554657,-1.129038,
SetTextureCoordinates,280,0.476562,-1.123774,
SetTextureCoordinates,281,0.476562,-1.129038,
SetTextureCoordinates,282,0.476917,-1.129038,
SetTextureCoordinates,283,0.476917,-1.123774,
SetTextureCoordinates,284,0.476562,-0.708161,
SetTextureCoordinates,285,0.476917,-0.708161,
SetTextureCoordinates,286,0.476917,-0.705130,
SetTextureCoordinates,287,0.476562,-0.705083,
SetTextureCoordinates,288,2.251247,-0.705266,
SetTextureCoordinates,289,2.250892,-0.705130,
SetTextureCoordinates,290,2.250892,-0.708161,
SetTextureCoordinates,291,2.251247,-0.708161,
SetTextureCoordinates,292,3.872169,-0.705482,
SetTextureCoordinates,293,3.871815,-0.705266,
SetTextureCoordinates,294,3.871815,-0.708161,
SetTextureCoordinates,295,3.872169,-0.708161,
SetTextureCoordinates,296,5.229223,-0.705763,
SetTextureCoordinates,297,5.228868,-0.705482,
SetTextureCoordinates,298,5.228868,-0.708161,
SetTextureCoordinates,299,5.229223,-0.708161,
SetTextureCoordinates,300,6.229925,-0.706091,
SetTextureCoordinates,301,6.229570,-0.705763,
SetTextureCoordinates,302,6.229570,-0.708161,
SetTextureCoordinates,303,6.229925,-0.708161,
SetTextureCoordinates,304,6.806080,-0.706443,
SetTextureCoordinates,305,6.805726,-0.706091,
SetTextureCoordinates,306,6.805726,-0.708161,
SetTextureCoordinates,307,6.806080,-0.708161,
SetTextureCoordinates,308,6.805726,-1.123774,
SetTextureCoordinates,309,6.805726,-1.129038,
SetTextureCoordinates,310,6.806080,-1.129038,
SetTextureCoordinates,311,6.806080,-1.123774,
SetTextureCoordinates,312,6.229925,-1.129038,
SetTextureCoordinates,313,6.229925,-1.123774,
SetTextureCoordinates,314,6.229570,-1.129038,
SetTextureCoordinates,315,6.229570,-1.123774,
SetTextureCoordinates,316,5.229223,-1.129038,
SetTextureCoordinates,317,5.229223,-1.123774,
SetTextureCoordinates,318,5.228868,-1.129038,
SetTextureCoordinates,319,5.228868,-1.123774,
SetTextureCoordinates,320,3.872169,-1.123774,
SetTextureCoordinates,321,3.871815,-1.123774,
SetTextureCoordinates,322,3.872169,-1.129038,
SetTextureCoordinates,323,3.871815,-1.129038,
SetTextureCoordinates,324,2.250892,-1.123774,
SetTextureCoordinates,325,2.251247,-1.129038,
SetTextureCoordinates,326,2.251247,-1.123774,
SetTextureCoordinates,327,2.250892,-1.129038,
SetTextureCoordinates,328,6.928578,0.187850,
SetTextureCoordinates,329,6.928578,0.187389,
SetTextureCoordinates,330,7.029541,0.187389,
SetTextureCoordinates,331,6.957741,0.187850,
SetTextureCoordinates,332,7.029235,0.187850,
SetTextureCoordinates,333,6.928578,0.608775,
SetTextureCoordinates,334,6.957741,0.608775,
SetTextureCoordinates,335,7.029235,0.608775,
SetTextureCoordinates,336,6.928578,0.609237,
SetTextureCoordinates,337,6.957741,0.609237,
SetTextureCoordinates,338,7.029025,0.609237,
SetTextureCoordinates,339,6.928578,1.054023,
SetTextureCoordinates,340,6.957741,1.054023,
SetTextureCoordinates,341,7.029025,1.054023,
SetTextureCoordinates,342,6.928578,1.054485,
SetTextureCoordinates,343,6.957741,1.054485,
SetTextureCoordinates,344,7.028925,1.054485,
SetTextureCoordinates,345,-6.957741,0.502721,
SetTextureCoordinates,346,1.087736,-0.704719,
SetTextureCoordinates,347,1.088199,-0.704818,
SetTextureCoordinates,348,1.088199,-0.686519,
SetTextureCoordinates,349,1.087736,-0.686067,
SetTextureCoordinates,350,-0.708222,-0.704737,
SetTextureCoordinates,351,-0.707761,-0.704719,
SetTextureCoordinates,352,-0.707761,-0.686067,
SetTextureCoordinates,353,-0.708222,-0.685607,
SetTextureCoordinates,354,-2.474490,-0.704872,
SetTextureCoordinates,355,-2.474032,-0.704737,
SetTextureCoordinates,356,-2.474032,-0.685607,
SetTextureCoordinates,357,-2.474490,-0.685169,
SetTextureCoordinates,358,-4.096555,-0.705113,
SetTextureCoordinates,359,-4.096100,-0.704872,
SetTextureCoordinates,360,-4.096100,-0.685169,
SetTextureCoordinates,361,-4.096555,-0.684783,
SetTextureCoordinates,362,-5.455544,-0.705445,
SetTextureCoordinates,363,-5.455091,-0.705113,
SetTextureCoordinates,364,-5.455091,-0.684783,
SetTextureCoordinates,365,-5.455544,-0.684476,
SetTextureCoordinates,366,-6.440530,-0.705845,
SetTextureCoordinates,367,-6.440079,-0.705445,
SetTextureCoordinates,368,-6.440079,-0.684476,
SetTextureCoordinates,369,-6.440530,-0.684269,
SetTextureCoordinates,370,-6.966967,-0.706286,
SetTextureCoordinates,371,-6.966516,-0.705845,
SetTextureCoordinates,372,-6.966516,-0.684269,
SetTextureCoordinates,373,-6.966967,-0.684175,
SetTextureCoordinates,374,-6.993443,-0.706738,
SetTextureCoordinates,375,-6.992991,-0.706286,
SetTextureCoordinates,376,-6.992991,-0.684175,
SetTextureCoordinates,377,-6.993443,-0.684202,
SetTextureCoordinates,378,-6.527973,-0.707169,
SetTextureCoordinates,379,-6.527518,-0.706738,
SetTextureCoordinates,380,-6.527518,-0.684202,
SetTextureCoordinates,381,-6.527973,-0.684347,
SetTextureCoordinates,382,-5.621011,-0.707551,
SetTextureCoordinates,383,-5.620553,-0.707169,
SetTextureCoordinates,384,-5.620553,-0.684347,
SetTextureCoordinates,385,-5.621011,-0.684600,
SetTextureCoordinates,386,-4.350054,-0.707551,
SetTextureCoordinates,387,-4.350054,-0.684600,
SetTextureCoordinates,388,-4.350515,-0.684945,
SetTextureCoordinates,389,-4.350515,-0.707857,
SetTextureCoordinates,390,-7.031757,0.187916,
SetTextureCoordinates,391,-7.032063,0.187455,
SetTextureCoordinates,392,-6.928578,0.187455,
SetTextureCoordinates,393,-6.957741,0.187916,
SetTextureCoordinates,394,-6.928578,0.187916,
SetTextureCoordinates,395,-6.957741,-0.184284,
SetTextureCoordinates,396,-6.928578,-0.184284,
SetTextureCoordinates,397,-6.928578,-0.183826,
SetTextureCoordinates,398,-6.957741,-0.183826,
SetTextureCoordinates,399,-7.031757,-0.184284,
SetTextureCoordinates,400,-7.031375,-0.183826,
SetTextureCoordinates,401,-6.957741,-0.480360,
SetTextureCoordinates,402,-7.031375,-0.480815,
SetTextureCoordinates,403,-6.957741,-0.480815,
SetTextureCoordinates,404,-6.928578,-0.480360,
SetTextureCoordinates,405,-6.928578,-0.480815,
SetTextureCoordinates,406,-6.957741,-0.678423,
SetTextureCoordinates,407,-6.928578,-0.678423,
SetTextureCoordinates,408,-6.928578,-0.677971,
SetTextureCoordinates,409,-6.957741,-0.677971,
SetTextureCoordinates,410,-7.030944,-0.678423,
SetTextureCoordinates,411,-7.030944,-0.480360,
SetTextureCoordinates,412,-7.030493,-0.677971,
SetTextureCoordinates,413,-6.957741,-0.758373,
SetTextureCoordinates,414,-7.030493,-0.758824,
SetTextureCoordinates,415,-6.957741,-0.758824,
SetTextureCoordinates,416,-6.928578,-0.758373,
SetTextureCoordinates,417,-6.928578,-0.758824,
SetTextureCoordinates,418,-6.957741,-0.713337,
SetTextureCoordinates,419,-6.928578,-0.713337,
SetTextureCoordinates,420,-6.928578,-0.712887,
SetTextureCoordinates,421,-6.957741,-0.712887,
SetTextureCoordinates,422,-7.030052,-0.713337,
SetTextureCoordinates,423,-7.030052,-0.758373,
SetTextureCoordinates,424,-7.029652,-0.712887,
SetTextureCoordinates,425,-6.957741,0.187455,
SetTextureCoordinates,426,-6.928578,0.608799,
SetTextureCoordinates,427,-6.928578,0.609261,
SetTextureCoordinates,428,-6.957741,0.609261,
SetTextureCoordinates,429,-7.032063,0.609261,
SetTextureCoordinates,430,-7.032273,0.608799,
SetTextureCoordinates,431,-6.957741,0.608799,
SetTextureCoordinates,432,-6.928590,1.056005,
SetTextureCoordinates,433,-6.928590,1.056468,
SetTextureCoordinates,434,-6.957753,1.056467,
SetTextureCoordinates,435,-7.032285,1.056465,
SetTextureCoordinates,436,-7.032384,1.056002,
SetTextureCoordinates,437,6.928578,0.502787,
SetTextureCoordinates,438,6.928578,0.502326,
SetTextureCoordinates,439,7.032372,0.502326,
SetTextureCoordinates,440,7.032354,0.502787,
SetTextureCoordinates,441,6.928599,0.083788,
SetTextureCoordinates,442,6.928599,0.083330,
SetTextureCoordinates,443,7.032374,0.083335,
SetTextureCoordinates,444,7.032240,0.083793,
SetTextureCoordinates,445,6.957762,0.083790,
SetTextureCoordinates,446,6.928578,-0.270163,
SetTextureCoordinates,447,6.928578,-0.270618,
SetTextureCoordinates,448,6.957741,-0.270618,
SetTextureCoordinates,449,7.032220,-0.270618,
SetTextureCoordinates,450,7.031978,-0.270163,
SetTextureCoordinates,451,6.957741,-0.270163,
SetTextureCoordinates,452,6.928578,-0.545470,
SetTextureCoordinates,453,6.957741,-0.545470,
SetTextureCoordinates,454,6.957741,-0.545017,
SetTextureCoordinates,455,6.928578,-0.545017,
SetTextureCoordinates,456,6.928578,-0.713313,
SetTextureCoordinates,457,6.957741,-0.713313,
SetTextureCoordinates,458,6.957741,-0.712862,
SetTextureCoordinates,459,6.928578,-0.712862,
SetTextureCoordinates,460,6.928578,-0.758849,
SetTextureCoordinates,461,6.957741,-0.758849,
SetTextureCoordinates,462,6.957741,-0.758398,
SetTextureCoordinates,463,6.928578,-0.758398,
SetTextureCoordinates,464,6.928578,-0.678490,
SetTextureCoordinates,465,6.957741,-0.678490,
SetTextureCoordinates,466,6.957741,-0.678038,
SetTextureCoordinates,467,6.928578,-0.678038,
SetTextureCoordinates,468,6.928578,-0.480906,
SetTextureCoordinates,469,6.957741,-0.480906,
SetTextureCoordinates,470,6.957741,-0.480451,
SetTextureCoordinates,471,6.928578,-0.480451,
SetTextureCoordinates,472,6.928578,-0.184375,
SetTextureCoordinates,473,6.957741,-0.184375,
SetTextureCoordinates,474,6.957741,-0.183917,
SetTextureCoordinates,475,6.928578,-0.183917,
SetTextureCoordinates,476,6.957741,0.187389,
SetTextureCoordinates,477,7.029541,-0.183917,
SetTextureCoordinates,478,7.029923,-0.184375,
SetTextureCoordinates,479,5.620644,-0.705335,
SetTextureCoordinates,480,5.621102,-0.705716,
SetTextureCoordinates,481,5.621102,-0.687529,
SetTextureCoordinates,482,5.620644,-0.687276,
SetTextureCoordinates,483,4.350120,-0.705028,
SetTextureCoordinates,484,4.350581,-0.705335,
SetTextureCoordinates,485,4.350581,-0.687276,
SetTextureCoordinates,486,4.350120,-0.686931,
SetTextureCoordinates,487,2.807126,-0.704818,
SetTextureCoordinates,488,2.807589,-0.705028,
SetTextureCoordinates,489,2.807589,-0.686931,
SetTextureCoordinates,490,2.807126,-0.686519,
SetTextureCoordinates,491,-0.429770,-3.692911,
SetTextureCoordinates,492,-0.429358,-3.693374,
SetTextureCoordinates,493,-0.400195,-3.693374,
SetTextureCoordinates,494,-0.400607,-3.692911,
SetTextureCoordinates,495,-0.430222,-2.154751,
SetTextureCoordinates,496,-0.429770,-2.155214,
SetTextureCoordinates,497,-0.400607,-2.155214,
SetTextureCoordinates,498,-0.401059,-2.154751,
SetTextureCoordinates,499,-0.430683,-0.406413,
SetTextureCoordinates,500,-0.430222,-0.406874,
SetTextureCoordinates,501,-0.401059,-0.406874,
SetTextureCoordinates,502,-0.401520,-0.406413,
SetTextureCoordinates,503,-0.431121,1.451340,
SetTextureCoordinates,504,-0.430683,1.450882,
SetTextureCoordinates,505,-0.401520,1.450882,
SetTextureCoordinates,506,-0.401958,1.451340,
SetTextureCoordinates,507,-0.431506,3.302945,
SetTextureCoordinates,508,-0.431121,3.302490,
SetTextureCoordinates,509,-0.401958,3.302490,
SetTextureCoordinates,510,-0.402343,3.302945,
SetTextureCoordinates,511,-0.431506,5.018691,
SetTextureCoordinates,512,-0.402343,5.018691,
SetTextureCoordinates,513,-0.402650,5.019143,
SetTextureCoordinates,514,-0.431813,5.019143,
SetTextureCoordinates,515,-0.431813,6.466378,
SetTextureCoordinates,516,-0.402650,6.466378,
SetTextureCoordinates,517,-0.402857,6.466828,
SetTextureCoordinates,518,-0.432020,6.466828,
SetTextureCoordinates,519,-0.432020,7.527044,
SetTextureCoordinates,520,-0.402857,7.527044,
SetTextureCoordinates,521,-0.402951,7.527494,
SetTextureCoordinates,522,-0.432114,7.527494,
SetTextureCoordinates,523,0.432087,-6.117703,
SetTextureCoordinates,524,0.432114,-6.117250,
SetTextureCoordinates,525,0.402951,-6.117250,
SetTextureCoordinates,526,0.402924,-6.117703,
SetTextureCoordinates,527,0.431943,-6.201750,
SetTextureCoordinates,528,0.432087,-6.201294,
SetTextureCoordinates,529,0.402924,-6.201294,
SetTextureCoordinates,530,0.402780,-6.201750,
SetTextureCoordinates,531,0.431689,-5.790901,
SetTextureCoordinates,532,0.431943,-5.790443,
SetTextureCoordinates,533,0.402780,-5.790443,
SetTextureCoordinates,534,0.402526,-5.790901,
SetTextureCoordinates,535,0.431345,-4.931981,
SetTextureCoordinates,536,0.431689,-4.931520,
SetTextureCoordinates,537,0.402526,-4.931520,
SetTextureCoordinates,538,0.402182,-4.931981,
SetTextureCoordinates,539,0.430933,-3.693349,
SetTextureCoordinates,540,0.431345,-3.692887,
SetTextureCoordinates,541,0.402182,-3.692887,
SetTextureCoordinates,542,0.401770,-3.693349,
SetTextureCoordinates,543,0.430481,-2.155238,
SetTextureCoordinates,544,0.430933,-2.154775,
SetTextureCoordinates,545,0.401770,-2.154775,
SetTextureCoordinates,546,0.401318,-2.155238,
SetTextureCoordinates,547,0.430020,-0.406940,
SetTextureCoordinates,548,0.430481,-0.406479,
SetTextureCoordinates,549,0.401318,-0.406479,
SetTextureCoordinates,550,0.400857,-0.406940,
SetTextureCoordinates,551,0.429582,1.450791,
SetTextureCoordinates,552,0.430020,1.451249,
SetTextureCoordinates,553,0.400857,1.451249,
SetTextureCoordinates,554,0.400419,1.450791,
SetTextureCoordinates,555,0.429197,3.302399,
SetTextureCoordinates,556,0.429582,3.302854,
SetTextureCoordinates,557,0.400419,3.302854,
SetTextureCoordinates,558,0.400034,3.302399,
SetTextureCoordinates,559,0.428890,5.018624,
SetTextureCoordinates,560,0.429197,5.019076,
SetTextureCoordinates,561,0.400034,5.019076,
SetTextureCoordinates,562,0.399727,5.018624,
SetTextureCoordinates,563,0.428683,6.466353,
SetTextureCoordinates,564,0.428890,6.466804,
SetTextureCoordinates,565,0.399727,6.466804,
SetTextureCoordinates,566,0.399520,6.466353,
SetTextureCoordinates,567,0.428589,7.527069,
SetTextureCoordinates,568,0.428683,7.527519,
SetTextureCoordinates,569,0.399520,7.527519,
SetTextureCoordinates,570,0.399426,7.527069,
SetTextureCoordinates,571,-0.428589,-6.117770,
SetTextureCoordinates,572,-0.399426,-6.117770,
SetTextureCoordinates,573,-0.399453,-6.117318,
SetTextureCoordinates,574,-0.428616,-6.117318,
SetTextureCoordinates,575,6.993511,-0.687701,
SetTextureCoordinates,576,6.993059,-0.687674,
SetTextureCoordinates,577,6.993059,-0.706148,
SetTextureCoordinates,578,6.993511,-0.706599,
SetTextureCoordinates,579,6.966991,-0.687607,
SetTextureCoordinates,580,6.966541,-0.687701,
SetTextureCoordinates,581,6.966541,-0.706599,
SetTextureCoordinates,582,6.966991,-0.707040,
SetTextureCoordinates,583,6.440505,-0.687400,
SetTextureCoordinates,584,6.440054,-0.687607,
SetTextureCoordinates,585,6.440054,-0.707040,
SetTextureCoordinates,586,6.440505,-0.707440,
SetTextureCoordinates,587,5.455476,-0.687093,
SetTextureCoordinates,588,5.455024,-0.687400,
SetTextureCoordinates,589,5.455024,-0.707440,
SetTextureCoordinates,590,5.455476,-0.707772,
SetTextureCoordinates,591,4.096008,-0.687093,
SetTextureCoordinates,592,4.096008,-0.707772,
SetTextureCoordinates,593,4.096463,-0.708013,
SetTextureCoordinates,594,4.096463,-0.686707,
SetTextureCoordinates,595,2.473941,-0.686707,
SetTextureCoordinates,596,2.473941,-0.708013,
SetTextureCoordinates,597,2.474399,-0.708148,
SetTextureCoordinates,598,2.474399,-0.686269,
SetTextureCoordinates,599,0.707695,-0.686269,
SetTextureCoordinates,600,0.707695,-0.708148,
SetTextureCoordinates,601,0.708156,-0.708166,
SetTextureCoordinates,602,0.708156,-0.685809,
SetTextureCoordinates,603,-1.088223,-0.685809,
SetTextureCoordinates,604,-1.088223,-0.708166,
SetTextureCoordinates,605,-1.087760,-0.708067,
SetTextureCoordinates,606,-1.087760,-0.685357,
SetTextureCoordinates,607,-2.807565,-0.685357,
SetTextureCoordinates,608,-2.807565,-0.708067,
SetTextureCoordinates,609,-2.807102,-0.707857,
SetTextureCoordinates,610,-2.807102,-0.684945,
SetTextureCoordinates,611,7.031978,-0.545470,
SetTextureCoordinates,612,7.031646,-0.545017,
SetTextureCoordinates,613,7.031646,-0.713313,
SetTextureCoordinates,614,7.031246,-0.712862,
SetTextureCoordinates,615,7.031246,-0.758849,
SetTextureCoordinates,616,7.030806,-0.758398,
SetTextureCoordinates,617,7.030806,-0.678490,
SetTextureCoordinates,618,7.030354,-0.678038,
SetTextureCoordinates,619,7.030354,-0.480906,
SetTextureCoordinates,620,7.029923,-0.480451,
SetTextureCoordinates,621,6.527609,-0.705716,
SetTextureCoordinates,622,6.528064,-0.706148,
SetTextureCoordinates,623,6.528064,-0.687674,
SetTextureCoordinates,624,6.527609,-0.687529,
SetTextureCoordinates,625,-0.399597,-6.201386,
SetTextureCoordinates,626,-0.428760,-6.201386,
SetTextureCoordinates,627,-0.428616,-6.201841,
SetTextureCoordinates,628,-0.399453,-6.201841,
SetTextureCoordinates,629,6.536894,-0.687529,
SetTextureCoordinates,630,6.537349,-0.687674,
SetTextureCoordinates,631,6.537349,-0.640826,
SetTextureCoordinates,632,6.536894,-0.640826,
SetTextureCoordinates,633,5.636765,-0.687276,
SetTextureCoordinates,634,5.637223,-0.687529,
SetTextureCoordinates,635,5.637223,-0.640826,
SetTextureCoordinates,636,5.636765,-0.640826,
SetTextureCoordinates,637,4.372374,-0.687276,
SetTextureCoordinates,638,4.372374,-0.640826,
SetTextureCoordinates,639,4.371913,-0.640826,
SetTextureCoordinates,640,4.371913,-0.686931,
SetTextureCoordinates,641,-0.399851,-4.932047,
SetTextureCoordinates,642,-0.400195,-4.931586,
SetTextureCoordinates,643,-0.429358,-4.931586,
SetTextureCoordinates,644,-0.429014,-4.932047,
SetTextureCoordinates,645,-0.399851,-5.790534,
SetTextureCoordinates,646,-0.429014,-5.790534,
SetTextureCoordinates,647,-0.428760,-5.790992,
SetTextureCoordinates,648,-0.399597,-5.790992,
SetTextureCoordinates,649,2.833575,-0.686931,
SetTextureCoordinates,650,2.833575,-0.640826,
SetTextureCoordinates,651,2.833113,-0.640826,
SetTextureCoordinates,652,2.833113,-0.686519,
SetTextureCoordinates,653,1.116683,-0.686519,
SetTextureCoordinates,654,1.116683,-0.640826,
SetTextureCoordinates,655,1.116220,-0.640826,
SetTextureCoordinates,656,1.116220,-0.686067,
SetTextureCoordinates,657,-0.678621,-0.686067,
SetTextureCoordinates,658,-0.678621,-0.640826,
SetTextureCoordinates,659,-0.679082,-0.640826,
SetTextureCoordinates,660,-0.679082,-0.685607,
SetTextureCoordinates,661,-2.446152,-0.685607,
SetTextureCoordinates,662,-2.446152,-0.640826,
SetTextureCoordinates,663,-2.446610,-0.640826,
SetTextureCoordinates,664,-2.446610,-0.685169,
SetTextureCoordinates,665,-4.071383,-0.685169,
SetTextureCoordinates,666,-4.071383,-0.640826,
SetTextureCoordinates,667,-4.071838,-0.640826,
SetTextureCoordinates,668,-4.071838,-0.684783,
SetTextureCoordinates,669,-5.435750,-0.684476,
SetTextureCoordinates,670,-5.435297,-0.684783,
SetTextureCoordinates,671,-5.435297,-0.640826,
SetTextureCoordinates,672,-5.435750,-0.640826,
SetTextureCoordinates,673,-6.427112,-0.684269,
SetTextureCoordinates,674,-6.426661,-0.684476,
SetTextureCoordinates,675,-6.426661,-0.640826,
SetTextureCoordinates,676,-6.427112,-0.640826,
SetTextureCoordinates,677,-6.960910,-0.684175,
SetTextureCoordinates,678,-6.960460,-0.684269,
SetTextureCoordinates,679,-6.960460,-0.640826,
SetTextureCoordinates,680,-6.960910,-0.640826,
SetTextureCoordinates,681,-6.995156,-0.684202,
SetTextureCoordinates,682,-6.994704,-0.684175,
SetTextureCoordinates,683,-6.994704,-0.640826,
SetTextureCoordinates,684,-6.995156,-0.640826,
SetTextureCoordinates,685,-6.537258,-0.684347,
SetTextureCoordinates,686,-6.536803,-0.684202,
SetTextureCoordinates,687,-6.536803,-0.640826,
SetTextureCoordinates,688,-6.537258,-0.640826,
SetTextureCoordinates,689,-5.637133,-0.684600,
SetTextureCoordinates,690,-5.636674,-0.684347,
SetTextureCoordinates,691,-5.636674,-0.640826,
SetTextureCoordinates,692,-5.637133,-0.640826,
SetTextureCoordinates,693,-4.371847,-0.684600,
SetTextureCoordinates,694,-4.371847,-0.640826,
SetTextureCoordinates,695,-4.372308,-0.640826,
SetTextureCoordinates,696,-4.372308,-0.684945,
SetTextureCoordinates,697,-2.833089,-0.684945,
SetTextureCoordinates,698,-2.833089,-0.640826,
SetTextureCoordinates,699,-2.833551,-0.640826,
SetTextureCoordinates,700,-2.833551,-0.685357,
SetTextureCoordinates,701,-1.116244,-0.685357,
SetTextureCoordinates,702,-1.116244,-0.640826,
SetTextureCoordinates,703,-1.116707,-0.640826,
SetTextureCoordinates,704,-1.116707,-0.685809,
SetTextureCoordinates,705,0.679016,-0.685809,
SetTextureCoordinates,706,0.679016,-0.640826,
SetTextureCoordinates,707,0.678555,-0.640826,
SetTextureCoordinates,708,0.678555,-0.686269,
SetTextureCoordinates,709,2.446520,-0.686269,
SetTextureCoordinates,710,2.446520,-0.640826,
SetTextureCoordinates,711,2.446062,-0.640826,
SetTextureCoordinates,712,2.446062,-0.686707,
SetTextureCoordinates,713,4.071747,-0.686707,
SetTextureCoordinates,714,4.071747,-0.640826,
SetTextureCoordinates,715,4.071292,-0.640826,
SetTextureCoordinates,716,4.071292,-0.687093,
SetTextureCoordinates,717,5.435230,-0.687400,
SetTextureCoordinates,718,5.435682,-0.687093,
SetTextureCoordinates,719,5.435682,-0.640826,
SetTextureCoordinates,720,5.435230,-0.640826,
SetTextureCoordinates,721,6.426637,-0.687607,
SetTextureCoordinates,722,6.427087,-0.687400,
SetTextureCoordinates,723,6.427087,-0.640826,
SetTextureCoordinates,724,6.426637,-0.640826,
SetTextureCoordinates,725,6.960485,-0.687701,
SetTextureCoordinates,726,6.960935,-0.687607,
SetTextureCoordinates,727,6.960935,-0.640826,
SetTextureCoordinates,728,6.960485,-0.640826,
SetTextureCoordinates,729,6.994771,-0.687674,
SetTextureCoordinates,730,6.995223,-0.687701,
SetTextureCoordinates,731,6.995223,-0.640826,
SetTextureCoordinates,732,6.994771,-0.640826,
SetTextureCoordinates,733,0.399453,-6.030354,
SetTextureCoordinates,734,0.399426,-6.030806,
SetTextureCoordinates,735,0.399520,-6.031246,
SetTextureCoordinates,736,0.399597,-6.029923,
SetTextureCoordinates,737,0.399727,-6.031646,
SetTextureCoordinates,738,0.399851,-6.029541,
SetTextureCoordinates,739,0.400034,-6.031978,
SetTextureCoordinates,740,0.400195,-6.029235,
SetTextureCoordinates,741,0.400419,-6.032220,
SetTextureCoordinates,742,0.400607,-6.029025,
SetTextureCoordinates,743,0.400857,-6.032354,
SetTextureCoordinates,744,0.401059,-6.028925,
SetTextureCoordinates,745,0.401318,-6.032372,
SetTextureCoordinates,746,0.401520,-6.028944,
SetTextureCoordinates,747,0.401770,-6.032273,
SetTextureCoordinates,748,0.401958,-6.029078,
SetTextureCoordinates,749,0.402182,-6.032063,
SetTextureCoordinates,750,0.402343,-6.029320,
SetTextureCoordinates,751,0.402526,-6.031757,
SetTextureCoordinates,752,0.402650,-6.029652,
SetTextureCoordinates,753,0.402780,-6.031375,
SetTextureCoordinates,754,0.402857,-6.030052,
SetTextureCoordinates,755,0.402924,-6.030944,
SetTextureCoordinates,756,0.402951,-6.030493,
SetTextureCoordinates,757,-0.430933,-0.708067,
SetTextureCoordinates,758,-0.430020,-0.708148,
SetTextureCoordinates,759,-0.430481,-0.708166,
SetTextureCoordinates,760,-5.752831,-0.705482,
SetTextureCoordinates,761,-5.753186,-0.705763,
SetTextureCoordinates,762,-6.558947,-0.705763,
SetTextureCoordinates,763,-6.559302,-0.706091,
SetTextureCoordinates,764,-6.918070,-0.706091,
SetTextureCoordinates,765,-6.918425,-0.706443,
SetTextureCoordinates,766,-6.805726,-0.706443,
SetTextureCoordinates,767,-6.806080,-0.706794,
SetTextureCoordinates,768,-6.229570,-0.706794,
SetTextureCoordinates,769,-6.229925,-0.707122,
SetTextureCoordinates,770,-4.555011,-0.705482,
SetTextureCoordinates,771,-4.554657,-0.705266,
SetTextureCoordinates,772,-4.554657,-0.708161,
SetTextureCoordinates,773,-4.554657,-1.123774,
SetTextureCoordinates,774,-4.555011,-0.708161,
SetTextureCoordinates,775,-4.555011,-0.705482,
SetTextureCoordinates,776,-4.554657,-0.705266,
SetTextureCoordinates,777,-6.920111,-0.380060,
SetTextureCoordinates,778,-6.920327,-0.380415,
SetTextureCoordinates,779,-6.928578,-0.380060,
SetTextureCoordinates,780,-6.928578,-0.050798,
SetTextureCoordinates,781,-6.928578,-0.050443,
SetTextureCoordinates,782,-6.920111,-0.050798,
SetTextureCoordinates,783,-6.919975,-0.050443,
SetTextureCoordinates,784,-6.928578,0.350417,
SetTextureCoordinates,785,-6.928578,0.350772,
SetTextureCoordinates,786,-6.919975,0.350417,
SetTextureCoordinates,787,-6.919929,0.350772,
SetTextureCoordinates,788,6.928578,1.204112,
SetTextureCoordinates,789,6.928578,1.203757,
SetTextureCoordinates,790,6.919929,1.204112,
SetTextureCoordinates,791,6.919975,1.203757,
SetTextureCoordinates,792,6.928578,0.744743,
SetTextureCoordinates,793,6.928578,0.744388,
SetTextureCoordinates,794,6.919975,0.744743,
SetTextureCoordinates,795,6.920111,0.744388,
SetTextureCoordinates,796,6.928578,0.302782,
SetTextureCoordinates,797,6.928578,0.302427,
SetTextureCoordinates,798,6.920111,0.302782,
SetTextureCoordinates,799,6.920327,0.302427,
SetTextureCoordinates,800,6.920327,-0.091653,
SetTextureCoordinates,801,6.928578,-0.091653,
SetTextureCoordinates,802,6.920608,-0.092008,
SetTextureCoordinates,803,5.228868,-0.705482,
SetTextureCoordinates,804,5.229223,-0.705763,
SetTextureCoordinates,805,5.228868,-0.708161,
SetTextureCoordinates,806,3.872169,-0.708161,
SetTextureCoordinates,807,3.871815,-0.708161,
SetTextureCoordinates,808,3.872169,-0.705482,
SetTextureCoordinates,809,3.871815,-0.705266,
SetTextureCoordinates,810,2.251247,-0.708161,
SetTextureCoordinates,811,2.250892,-0.708161,
SetTextureCoordinates,812,2.251247,-0.705266,
SetTextureCoordinates,813,2.250892,-0.705130,
SetTextureCoordinates,814,0.476917,-0.708161,
SetTextureCoordinates,815,0.476562,-0.708161,
SetTextureCoordinates,816,0.476917,-0.705130,
SetTextureCoordinates,817,0.476562,-0.705083,
SetTextureCoordinates,818,-1.329902,-0.705083,
SetTextureCoordinates,819,-1.329902,-0.708161,
SetTextureCoordinates,820,-1.330257,-0.705130,
SetTextureCoordinates,821,-1.330257,-0.708161,
SetTextureCoordinates,822,-1.329902,-1.123774,
SetTextureCoordinates,823,-1.330257,-1.123774,
SetTextureCoordinates,824,-1.329902,-1.129038,
SetTextureCoordinates,825,0.476562,-1.129038,
SetTextureCoordinates,826,0.476562,-1.123774,
SetTextureCoordinates,827,0.476917,-1.129038,
SetTextureCoordinates,828,-1.330257,-1.129038,
SetTextureCoordinates,829,-3.046078,-1.129038,
SetTextureCoordinates,830,-3.046432,-1.123774,
SetTextureCoordinates,831,-3.046078,-1.123774,
SetTextureCoordinates,832,-3.046432,-0.708161,
SetTextureCoordinates,833,-3.046078,-0.708161,
SetTextureCoordinates,834,-3.046432,-0.705266,
SetTextureCoordinates,835,-3.046078,-0.705130,
SetTextureCoordinates,836,-3.046432,-1.129038,
SetTextureCoordinates,837,-4.555011,-1.129038,
SetTextureCoordinates,838,-4.555011,-1.123774,
SetTextureCoordinates,839,-4.554657,-1.129038,
SetTextureCoordinates,840,-5.752831,-0.708161,
SetTextureCoordinates,841,-5.752831,-1.123774,
SetTextureCoordinates,842,-5.753186,-1.129038,
SetTextureCoordinates,843,-5.753186,-0.708161,
SetTextureCoordinates,844,-5.753186,-1.123774,
SetTextureCoordinates,845,-6.558947,-1.129038,
SetTextureCoordinates,846,-6.559302,-1.129038,
SetTextureCoordinates,847,-6.558947,-1.123774,
SetTextureCoordinates,848,-6.558947,-0.708161,
SetTextureCoordinates,849,-6.559302,-0.708161,
SetTextureCoordinates,850,-6.559302,-1.123774,
SetTextureCoordinates,851,-6.918070,-1.129038,
SetTextureCoordinates,852,-6.918425,-1.129038,
SetTextureCoordinates,853,-6.918070,-1.123774,
SetTextureCoordinates,854,-6.918070,-0.708161,
SetTextureCoordinates,855,-6.918425,-0.708161,
SetTextureCoordinates,856,-6.918425,-1.123774,
SetTextureCoordinates,857,-6.805726,-1.129038,
SetTextureCoordinates,858,-6.806080,-1.129038,
SetTextureCoordinates,859,-6.805726,-1.123774,
SetTextureCoordinates,860,-6.805726,-0.708161,
SetTextureCoordinates,861,-6.806080,-0.708161,
SetTextureCoordinates,862,-6.806080,-1.123774,
SetTextureCoordinates,863,-6.229570,-1.129038,
SetTextureCoordinates,864,-6.229925,-1.129038,
SetTextureCoordinates,865,-6.229570,-1.123774,
SetTextureCoordinates,866,-6.229570,-0.708161,
SetTextureCoordinates,867,-6.229925,-0.708161,
SetTextureCoordinates,868,-6.229925,-1.123774,
SetTextureCoordinates,869,-5.228868,-1.129038,
SetTextureCoordinates,870,-5.229223,-1.129038,
SetTextureCoordinates,871,-5.228868,-1.123774,
SetTextureCoordinates,872,-5.228868,-0.708161,
SetTextureCoordinates,873,-5.229223,-0.708161,
SetTextureCoordinates,874,-5.229223,-1.123774,
SetTextureCoordinates,875,-3.871815,-1.129038,
SetTextureCoordinates,876,-3.872169,-1.123774,
SetTextureCoordinates,877,-3.871815,-1.123774,
SetTextureCoordinates,878,-3.872169,-0.708161,
SetTextureCoordinates,879,-3.871815,-0.708161,
SetTextureCoordinates,880,-2.250892,-0.708161,
SetTextureCoordinates,881,-2.250892,-1.123774,
SetTextureCoordinates,882,-2.251247,-0.708161,
SetTextureCoordinates,883,-2.251247,-1.123774,
SetTextureCoordinates,884,-2.250892,-1.129038,
SetTextureCoordinates,885,-3.872169,-1.129038,
SetTextureCoordinates,886,-5.752831,-1.129038,
SetTextureCoordinates,887,-2.251247,-1.129038,
SetTextureCoordinates,888,-0.476562,-1.129038,
SetTextureCoordinates,889,-0.476917,-1.123774,
SetTextureCoordinates,890,-0.476562,-1.123774,
SetTextureCoordinates,891,-0.476917,-0.708161,
SetTextureCoordinates,892,-0.476562,-0.708161,
SetTextureCoordinates,893,1.330257,-0.708161,
SetTextureCoordinates,894,1.330257,-1.123774,
SetTextureCoordinates,895,1.329902,-0.708161,
SetTextureCoordinates,896,1.329902,-1.123774,
SetTextureCoordinates,897,1.330257,-1.129038,
SetTextureCoordinates,898,-0.476917,-1.129038,
SetTextureCoordinates,899,1.329902,-1.129038,
SetTextureCoordinates,900,3.046432,-1.129038,
SetTextureCoordinates,901,3.046078,-1.123774,
SetTextureCoordinates,902,3.046432,-1.123774,
SetTextureCoordinates,903,3.046078,-0.708161,
SetTextureCoordinates,904,3.046432,-0.708161,
SetTextureCoordinates,905,4.555011,-0.708161,
SetTextureCoordinates,906,4.555011,-1.123774,
SetTextureCoordinates,907,4.554657,-0.708161,
SetTextureCoordinates,908,4.554657,-1.123774,
SetTextureCoordinates,909,4.555011,-1.129038,
SetTextureCoordinates,910,3.046078,-1.129038,
SetTextureCoordinates,911,2.250892,-1.129038,
SetTextureCoordinates,912,2.250892,-1.123774,
SetTextureCoordinates,913,2.251247,-1.129038,
SetTextureCoordinates,914,2.251247,-1.123774,
SetTextureCoordinates,915,3.871815,-1.129038,
SetTextureCoordinates,916,3.871815,-1.123774,
SetTextureCoordinates,917,3.872169,-1.129038,
SetTextureCoordinates,918,4.554657,-1.129038,
SetTextureCoordinates,919,5.753186,-1.123774,
SetTextureCoordinates,920,5.753186,-1.129038,
SetTextureCoordinates,921,5.753186,-0.708161,
SetTextureCoordinates,922,5.752831,-1.129038,
SetTextureCoordinates,923,5.752831,-1.123774,
SetTextureCoordinates,924,5.752831,-0.708161,
SetTextureCoordinates,925,6.559302,-1.123774,
SetTextureCoordinates,926,6.559302,-1.129038,
SetTextureCoordinates,927,6.559302,-0.708161,
SetTextureCoordinates,928,6.558947,-1.129038,
SetTextureCoordinates,929,6.558947,-1.123774,
SetTextureCoordinates,930,6.558947,-0.708161,
SetTextureCoordinates,931,6.918425,-1.123774,
SetTextureCoordinates,932,6.918425,-1.129038,
SetTextureCoordinates,933,6.918425,-0.708161,
SetTextureCoordinates,934,6.918070,-1.129038,
SetTextureCoordinates,935,6.918070,-1.123774,
SetTextureCoordinates,936,6.918070,-0.708161,
SetTextureCoordinates,937,6.806080,-1.123774,
SetTextureCoordinates,938,6.806080,-1.129038,
SetTextureCoordinates,939,6.806080,-0.708161,
SetTextureCoordinates,940,6.805726,-1.129038,
SetTextureCoordinates,941,6.805726,-1.123774,
SetTextureCoordinates,942,6.805726,-0.708161,
SetTextureCoordinates,943,6.229925,-1.123774,
SetTextureCoordinates,944,6.229925,-1.129038,
SetTextureCoordinates,945,6.229925,-0.708161,
SetTextureCoordinates,946,6.229570,-1.129038,
SetTextureCoordinates,947,6.229570,-1.123774,
SetTextureCoordinates,948,6.229570,-0.708161,
SetTextureCoordinates,949,5.229223,-1.123774,
SetTextureCoordinates,950,5.229223,-1.129038,
SetTextureCoordinates,951,5.229223,-0.708161,
SetTextureCoordinates,952,5.228868,-1.129038,
SetTextureCoordinates,953,5.228868,-1.123774,
SetTextureCoordinates,954,3.872169,-1.123774,
SetTextureCoordinates,955,0.476917,-1.123774,
SetTextureCoordinates,956,6.229570,-0.705763,
SetTextureCoordinates,957,6.229925,-0.706091,
SetTextureCoordinates,958,6.805726,-0.706091,
SetTextureCoordinates,959,6.806080,-0.706443,
SetTextureCoordinates,960,6.918070,-0.706443,
SetTextureCoordinates,961,6.918425,-0.706794,
SetTextureCoordinates,962,6.558947,-0.706794,
SetTextureCoordinates,963,6.559302,-0.707122,
SetTextureCoordinates,964,6.921639,-0.741058,
SetTextureCoordinates,965,6.928578,-0.741058,
SetTextureCoordinates,966,6.921968,-0.741413,
SetTextureCoordinates,967,6.928578,-0.741413,
SetTextureCoordinates,968,-0.429174,-0.707122,
SetTextureCoordinates,969,-0.429039,-0.706794,
SetTextureCoordinates,970,-0.428683,-0.707040,
SetTextureCoordinates,971,-0.428890,-0.707440,
SetTextureCoordinates,972,6.928578,-0.712862,
SetTextureCoordinates,973,6.957741,-0.712862,
SetTextureCoordinates,974,6.928578,-0.713313,
SetTextureCoordinates,975,6.957741,-0.713313,
SetTextureCoordinates,976,7.031246,-0.712862,
SetTextureCoordinates,977,7.031246,-0.758849,
SetTextureCoordinates,978,6.957741,-0.758849,
SetTextureCoordinates,979,7.030806,-0.758398,
SetTextureCoordinates,980,6.966991,-0.707040,
SetTextureCoordinates,981,6.966541,-0.706599,
SetTextureCoordinates,982,6.966991,-0.687607,
SetTextureCoordinates,983,6.440054,-0.687607,
SetTextureCoordinates,984,6.440505,-0.687400,
SetTextureCoordinates,985,6.440054,-0.707040,
SetTextureCoordinates,986,6.440505,-0.707440,
SetTextureCoordinates,987,5.455024,-0.687400,
SetTextureCoordinates,988,5.455476,-0.687093,
SetTextureCoordinates,989,5.455024,-0.707440,
SetTextureCoordinates,990,5.455476,-0.707772,
SetTextureCoordinates,991,4.096008,-0.707772,
SetTextureCoordinates,992,4.096008,-0.687093,
SetTextureCoordinates,993,4.096463,-0.708013,
SetTextureCoordinates,994,7.031978,-0.270163,
SetTextureCoordinates,995,7.032220,-0.270618,
SetTextureCoordinates,996,6.928578,-0.270163,
SetTextureCoordinates,997,6.957741,-0.270163,
SetTextureCoordinates,998,6.957741,-0.545470,
SetTextureCoordinates,999,6.928578,-0.545470,
SetTextureCoordinates,1000,6.957741,-0.545017,
SetTextureCoordinates,1001,7.031646,-0.545017,
SetTextureCoordinates,1002,7.031646,-0.713313,
SetTextureCoordinates,1003,7.031978,-0.545470,
SetTextureCoordinates,1004,6.928578,-0.545017,
SetTextureCoordinates,1005,-0.429197,-0.707772,
SetTextureCoordinates,1006,-0.429672,-0.707620,
SetTextureCoordinates,1007,-0.429390,-0.707404,
SetTextureCoordinates,1008,6.928578,-0.615971,
SetTextureCoordinates,1009,6.922249,-0.615971,
SetTextureCoordinates,1010,6.928578,-0.615616,
SetTextureCoordinates,1011,6.921968,-0.615616,
SetTextureCoordinates,1012,6.928578,-0.380060,
SetTextureCoordinates,1013,6.928578,-0.380415,
SetTextureCoordinates,1014,6.922249,-0.380060,
SetTextureCoordinates,1015,6.922465,-0.380415,
SetTextureCoordinates,1016,6.928578,-0.050443,
SetTextureCoordinates,1017,6.928578,-0.050798,
SetTextureCoordinates,1018,6.922465,-0.050443,
SetTextureCoordinates,1019,6.922601,-0.050798,
SetTextureCoordinates,1020,6.928578,0.350772,
SetTextureCoordinates,1021,6.928578,0.350417,
SetTextureCoordinates,1022,6.922601,0.350772,
SetTextureCoordinates,1023,6.922647,0.350417,
SetTextureCoordinates,1024,-6.928578,1.203757,
SetTextureCoordinates,1025,-6.928578,1.204112,
SetTextureCoordinates,1026,-6.922647,1.203757,
SetTextureCoordinates,1027,-6.922601,1.204112,
SetTextureCoordinates,1028,-6.928578,0.744388,
SetTextureCoordinates,1029,-6.928578,0.744743,
SetTextureCoordinates,1030,-6.922601,0.744388,
SetTextureCoordinates,1031,-6.922465,0.744743,
SetTextureCoordinates,1032,-6.928578,0.302427,
SetTextureCoordinates,1033,-6.928578,0.302782,
SetTextureCoordinates,1034,-6.922465,0.302427,
SetTextureCoordinates,1035,-6.922249,0.302782,
SetTextureCoordinates,1036,-6.928578,-0.092008,
SetTextureCoordinates,1037,-6.928578,-0.091653,
SetTextureCoordinates,1038,-6.922249,-0.092008,
SetTextureCoordinates,1039,-6.921968,-0.091653,
SetTextureCoordinates,1040,-6.928578,-0.412036,
SetTextureCoordinates,1041,-6.928578,-0.411682,
SetTextureCoordinates,1042,-6.921968,-0.412036,
SetTextureCoordinates,1043,-6.921639,-0.411682,
SetTextureCoordinates,1044,-6.928578,-0.635849,
SetTextureCoordinates,1045,-6.928578,-0.635494,
SetTextureCoordinates,1046,-6.921639,-0.635849,
SetTextureCoordinates,1047,-6.921288,-0.635494,
SetTextureCoordinates,1048,-6.928578,-0.748193,
SetTextureCoordinates,1049,-6.928578,-0.747838,
SetTextureCoordinates,1050,-6.921288,-0.748193,
SetTextureCoordinates,1051,-6.920936,-0.747838,
SetTextureCoordinates,1052,-6.928578,-0.741413,
SetTextureCoordinates,1053,-6.928578,-0.741058,
SetTextureCoordinates,1054,-6.920936,-0.741413,
SetTextureCoordinates,1055,-6.920608,-0.741058,
SetTextureCoordinates,1056,-6.928578,-0.615971,
SetTextureCoordinates,1057,-6.928578,-0.615616,
SetTextureCoordinates,1058,-6.920608,-0.615971,
SetTextureCoordinates,1059,-6.920327,-0.615616,
SetTextureCoordinates,1060,-6.928578,-0.380415,
SetTextureCoordinates,1061,-0.431313,-0.705482,
SetTextureCoordinates,1062,-0.431813,-0.705445,
SetTextureCoordinates,1063,-0.431031,-0.705266,
SetTextureCoordinates,1064,-0.430703,-0.705130,
SetTextureCoordinates,1065,-0.431506,-0.705113,
SetTextureCoordinates,1066,-0.430352,-0.705083,
SetTextureCoordinates,1067,-0.429358,-0.705028,
SetTextureCoordinates,1068,-0.430000,-0.705130,
SetTextureCoordinates,1069,-0.429014,-0.705335,
SetTextureCoordinates,1070,6.928578,0.187389,
SetTextureCoordinates,1071,6.928578,0.187850,
SetTextureCoordinates,1072,7.029541,0.187389,
SetTextureCoordinates,1073,6.957741,0.187389,
SetTextureCoordinates,1074,7.029541,-0.183917,
SetTextureCoordinates,1075,6.957741,-0.184375,
SetTextureCoordinates,1076,6.957741,-0.183917,
SetTextureCoordinates,1077,6.928578,-0.184375,
SetTextureCoordinates,1078,6.928578,-0.183917,
SetTextureCoordinates,1079,-0.428760,-0.705716,
SetTextureCoordinates,1080,-0.429390,-0.705482,
SetTextureCoordinates,1081,-0.429672,-0.705266,
SetTextureCoordinates,1082,-0.429174,-0.705763,
SetTextureCoordinates,1083,-0.428616,-0.706148,
SetTextureCoordinates,1084,6.928578,-0.480451,
SetTextureCoordinates,1085,6.957741,-0.480451,
SetTextureCoordinates,1086,6.928578,-0.480906,
SetTextureCoordinates,1087,6.957741,-0.480906,
SetTextureCoordinates,1088,7.029923,-0.480451,
SetTextureCoordinates,1089,7.029923,-0.184375,
SetTextureCoordinates,1090,5.621102,-0.705716,
SetTextureCoordinates,1091,5.620644,-0.705335,
SetTextureCoordinates,1092,5.621102,-0.687529,
SetTextureCoordinates,1093,6.527609,-0.687529,
SetTextureCoordinates,1094,6.528064,-0.687674,
SetTextureCoordinates,1095,6.527609,-0.705716,
SetTextureCoordinates,1096,6.528064,-0.706148,
SetTextureCoordinates,1097,6.993059,-0.687674,
SetTextureCoordinates,1098,6.993511,-0.687701,
SetTextureCoordinates,1099,6.993059,-0.706148,
SetTextureCoordinates,1100,6.993511,-0.706599,
SetTextureCoordinates,1101,6.966541,-0.687701,
SetTextureCoordinates,1102,0.428683,7.527519,
SetTextureCoordinates,1103,0.428589,7.527069,
SetTextureCoordinates,1104,0.399520,7.527519,
SetTextureCoordinates,1105,0.399520,6.466353,
SetTextureCoordinates,1106,0.399727,6.466804,
SetTextureCoordinates,1107,0.428683,6.466353,
SetTextureCoordinates,1108,0.428890,6.466804,
SetTextureCoordinates,1109,0.399727,5.018624,
SetTextureCoordinates,1110,0.400034,5.019076,
SetTextureCoordinates,1111,0.428890,5.018624,
SetTextureCoordinates,1112,0.429197,5.019076,
SetTextureCoordinates,1113,0.400034,3.302399,
SetTextureCoordinates,1114,0.400419,3.302854,
SetTextureCoordinates,1115,0.429197,3.302399,
SetTextureCoordinates,1116,0.429582,3.302854,
SetTextureCoordinates,1117,0.400419,1.450791,
SetTextureCoordinates,1118,0.400857,1.451249,
SetTextureCoordinates,1119,0.429582,1.450791,
SetTextureCoordinates,1120,0.430020,1.451249,
SetTextureCoordinates,1121,0.400857,-0.406940,
SetTextureCoordinates,1122,0.401318,-0.406479,
SetTextureCoordinates,1123,0.430020,-0.406940,
SetTextureCoordinates,1124,0.430481,-0.406479,
SetTextureCoordinates,1125,0.401318,-2.155238,
SetTextureCoordinates,1126,0.401770,-2.154775,
SetTextureCoordinates,1127,0.430481,-2.155238,
SetTextureCoordinates,1128,0.430933,-2.154775,
SetTextureCoordinates,1129,0.401770,-3.693349,
SetTextureCoordinates,1130,0.402182,-3.692887,
SetTextureCoordinates,1131,0.430933,-3.693349,
SetTextureCoordinates,1132,0.431345,-3.692887,
SetTextureCoordinates,1133,0.402182,-4.931981,
SetTextureCoordinates,1134,0.402526,-4.931520,
SetTextureCoordinates,1135,0.431345,-4.931981,
SetTextureCoordinates,1136,0.431689,-4.931520,
SetTextureCoordinates,1137,0.402526,-5.790901,
SetTextureCoordinates,1138,0.402780,-5.790443,
SetTextureCoordinates,1139,0.431689,-5.790901,
SetTextureCoordinates,1140,0.431943,-5.790443,
SetTextureCoordinates,1141,0.402780,-6.201750,
SetTextureCoordinates,1142,0.402924,-6.201294,
SetTextureCoordinates,1143,0.431943,-6.201750,
SetTextureCoordinates,1144,0.432087,-6.201294,
SetTextureCoordinates,1145,0.402924,-6.117703,
SetTextureCoordinates,1146,0.402951,-6.117250,
SetTextureCoordinates,1147,0.432087,-6.117703,
SetTextureCoordinates,1148,0.432114,-6.117250,
SetTextureCoordinates,1149,-0.432114,7.527494,
SetTextureCoordinates,1150,-0.402951,7.527494,
SetTextureCoordinates,1151,-0.432020,7.527044,
SetTextureCoordinates,1152,-6.966967,-0.684175,
SetTextureCoordinates,1153,-6.966516,-0.684269,
SetTextureCoordinates,1154,-6.966967,-0.706286,
SetTextureCoordinates,1155,-6.992991,-0.706286,
SetTextureCoordinates,1156,-6.993443,-0.706738,
SetTextureCoordinates,1157,-6.992991,-0.684175,
SetTextureCoordinates,1158,-6.993443,-0.684202,
SetTextureCoordinates,1159,-6.527518,-0.706738,
SetTextureCoordinates,1160,-6.527973,-0.707169,
SetTextureCoordinates,1161,-6.527518,-0.684202,
SetTextureCoordinates,1162,-6.527973,-0.684347,
SetTextureCoordinates,1163,-5.620553,-0.707169,
SetTextureCoordinates,1164,-5.621011,-0.707551,
SetTextureCoordinates,1165,-5.620553,-0.684347,
SetTextureCoordinates,1166,-5.621011,-0.684600,
SetTextureCoordinates,1167,-4.350054,-0.684600,
SetTextureCoordinates,1168,-4.350054,-0.707551,
SetTextureCoordinates,1169,-4.350515,-0.684945,
SetTextureCoordinates,1170,-4.350515,-0.707857,
SetTextureCoordinates,1171,-7.032063,0.187455,
SetTextureCoordinates,1172,-7.031757,0.187916,
SetTextureCoordinates,1173,-6.928578,0.187455,
SetTextureCoordinates,1174,-6.957741,0.187455,
SetTextureCoordinates,1175,-6.928578,0.609261,
SetTextureCoordinates,1176,-6.928578,0.608799,
SetTextureCoordinates,1177,-6.957741,0.609261,
SetTextureCoordinates,1178,-7.032063,0.609261,
SetTextureCoordinates,1179,-7.032273,0.608799,
SetTextureCoordinates,1180,-6.957741,0.608799,
SetTextureCoordinates,1181,-6.928590,1.056468,
SetTextureCoordinates,1182,-6.928590,1.056005,
SetTextureCoordinates,1183,-6.957753,1.056467,
SetTextureCoordinates,1184,-7.032285,1.056465,
SetTextureCoordinates,1185,-7.032384,1.056002,
SetTextureCoordinates,1186,6.928578,0.502326,
SetTextureCoordinates,1187,6.928578,0.502787,
SetTextureCoordinates,1188,7.032372,0.502326,
SetTextureCoordinates,1189,7.032354,0.502787,
SetTextureCoordinates,1190,6.928599,0.083330,
SetTextureCoordinates,1191,6.928599,0.083788,
SetTextureCoordinates,1192,7.032374,0.083335,
SetTextureCoordinates,1193,7.032240,0.083793,
SetTextureCoordinates,1194,6.957762,0.083790,
SetTextureCoordinates,1195,6.928578,-0.270618,
SetTextureCoordinates,1196,6.957741,-0.270618,
SetTextureCoordinates,1197,-0.429582,-0.708013,
SetTextureCoordinates,1198,-0.430352,-0.707802,
SetTextureCoordinates,1199,-0.430000,-0.707756,
SetTextureCoordinates,1200,-0.431345,-0.707857,
SetTextureCoordinates,1201,-0.430933,-0.708067,
SetTextureCoordinates,1202,-0.430020,-0.708148,
SetTextureCoordinates,1203,-0.430481,-0.708166,
SetTextureCoordinates,1204,-0.430703,-0.707756,
SetTextureCoordinates,1205,-0.431031,-0.707620,
SetTextureCoordinates,1206,-0.431689,-0.707551,
SetTextureCoordinates,1207,-0.431313,-0.707404,
SetTextureCoordinates,1208,-0.431943,-0.707169,
SetTextureCoordinates,1209,-0.431529,-0.707122,
SetTextureCoordinates,1210,-0.431664,-0.706794,
SetTextureCoordinates,1211,-0.432087,-0.706738,
SetTextureCoordinates,1212,-0.431711,-0.706443,
SetTextureCoordinates,1213,-0.432114,-0.706286,
SetTextureCoordinates,1214,-0.431664,-0.706091,
SetTextureCoordinates,1215,-0.432020,-0.705845,
SetTextureCoordinates,1216,-0.431529,-0.705763,
SetTextureCoordinates,1217,-6.928578,-0.713337,
SetTextureCoordinates,1218,-6.957741,-0.713337,
SetTextureCoordinates,1219,-6.928578,-0.712887,
SetTextureCoordinates,1220,-6.957741,-0.712887,
SetTextureCoordinates,1221,-7.030052,-0.713337,
SetTextureCoordinates,1222,-7.030052,-0.758373,
SetTextureCoordinates,1223,-6.957741,-0.758373,
SetTextureCoordinates,1224,-7.030493,-0.758824,
SetTextureCoordinates,1225,-6.966516,-0.705845,
SetTextureCoordinates,1226,-6.440530,-0.684269,
SetTextureCoordinates,1227,-6.440079,-0.684476,
SetTextureCoordinates,1228,-6.440530,-0.705845,
SetTextureCoordinates,1229,-6.440079,-0.705445,
SetTextureCoordinates,1230,-5.455544,-0.684476,
SetTextureCoordinates,1231,-5.455091,-0.684783,
SetTextureCoordinates,1232,-5.455544,-0.705445,
SetTextureCoordinates,1233,-5.455091,-0.705113,
SetTextureCoordinates,1234,-4.096555,-0.684783,
SetTextureCoordinates,1235,-4.096100,-0.685169,
SetTextureCoordinates,1236,-4.096555,-0.705113,
SetTextureCoordinates,1237,-4.096100,-0.704872,
SetTextureCoordinates,1238,-2.474490,-0.685169,
SetTextureCoordinates,1239,-2.474032,-0.685607,
SetTextureCoordinates,1240,-2.474490,-0.704872,
SetTextureCoordinates,1241,-2.474032,-0.704737,
SetTextureCoordinates,1242,-0.708222,-0.685607,
SetTextureCoordinates,1243,-0.707761,-0.686067,
SetTextureCoordinates,1244,-0.708222,-0.704737,
SetTextureCoordinates,1245,-0.707761,-0.704719,
SetTextureCoordinates,1246,1.087736,-0.686067,
SetTextureCoordinates,1247,1.088199,-0.686519,
SetTextureCoordinates,1248,1.087736,-0.704719,
SetTextureCoordinates,1249,1.088199,-0.704818,
SetTextureCoordinates,1250,2.807126,-0.686519,
SetTextureCoordinates,1251,2.807589,-0.686931,
SetTextureCoordinates,1252,2.807126,-0.704818,
SetTextureCoordinates,1253,2.807589,-0.705028,
SetTextureCoordinates,1254,4.350120,-0.686931,
SetTextureCoordinates,1255,4.350581,-0.687276,
SetTextureCoordinates,1256,4.350120,-0.705028,
SetTextureCoordinates,1257,4.350581,-0.705335,
SetTextureCoordinates,1258,5.620644,-0.687276,
SetTextureCoordinates,1259,-0.429014,-5.790534,
SetTextureCoordinates,1260,-0.399851,-5.790534,
SetTextureCoordinates,1261,-0.428760,-5.790992,
SetTextureCoordinates,1262,-0.399597,-5.790992,
SetTextureCoordinates,1263,5.637223,-0.687529,
SetTextureCoordinates,1264,5.636765,-0.687276,
SetTextureCoordinates,1265,5.637223,-0.640826,
SetTextureCoordinates,1266,6.536894,-0.640826,
SetTextureCoordinates,1267,6.537349,-0.640826,
SetTextureCoordinates,1268,6.536894,-0.687529,
SetTextureCoordinates,1269,6.537349,-0.687674,
SetTextureCoordinates,1270,6.994771,-0.640826,
SetTextureCoordinates,1271,6.995223,-0.640826,
SetTextureCoordinates,1272,6.994771,-0.687674,
SetTextureCoordinates,1273,6.995223,-0.687701,
SetTextureCoordinates,1274,6.960485,-0.640826,
SetTextureCoordinates,1275,6.960935,-0.640826,
SetTextureCoordinates,1276,6.960485,-0.687701,
SetTextureCoordinates,1277,6.960935,-0.687607,
SetTextureCoordinates,1278,6.426637,-0.640826,
SetTextureCoordinates,1279,6.427087,-0.640826,
SetTextureCoordinates,1280,6.426637,-0.687607,
SetTextureCoordinates,1281,6.427087,-0.687400,
SetTextureCoordinates,1282,5.435230,-0.640826,
SetTextureCoordinates,1283,5.435682,-0.640826,
SetTextureCoordinates,1284,5.435230,-0.687400,
SetTextureCoordinates,1285,5.435682,-0.687093,
SetTextureCoordinates,1286,4.071292,-0.687093,
SetTextureCoordinates,1287,4.071292,-0.640826,
SetTextureCoordinates,1288,4.071747,-0.686707,
SetTextureCoordinates,1289,4.071747,-0.640826,
SetTextureCoordinates,1290,0.400034,-6.031978,
SetTextureCoordinates,1291,0.400195,-6.029235,
SetTextureCoordinates,1292,0.400419,-6.032220,
SetTextureCoordinates,1293,0.400607,-6.029025,
SetTextureCoordinates,1294,0.400857,-6.032354,
SetTextureCoordinates,1295,2.446520,-0.640826,
SetTextureCoordinates,1296,2.446520,-0.686269,
SetTextureCoordinates,1297,2.446062,-0.640826,
SetTextureCoordinates,1298,2.446062,-0.686707,
SetTextureCoordinates,1299,0.678555,-0.686269,
SetTextureCoordinates,1300,0.678555,-0.640826,
SetTextureCoordinates,1301,0.679016,-0.685809,
SetTextureCoordinates,1302,0.679016,-0.640826,
SetTextureCoordinates,1303,0.401059,-6.028925,
SetTextureCoordinates,1304,0.401318,-6.032372,
SetTextureCoordinates,1305,0.401520,-6.028944,
SetTextureCoordinates,1306,0.401770,-6.032273,
SetTextureCoordinates,1307,-1.116244,-0.640826,
SetTextureCoordinates,1308,-1.116244,-0.685357,
SetTextureCoordinates,1309,-1.116707,-0.640826,
SetTextureCoordinates,1310,-1.116707,-0.685809,
SetTextureCoordinates,1311,-2.833551,-0.685357,
SetTextureCoordinates,1312,-2.833551,-0.640826,
SetTextureCoordinates,1313,-2.833089,-0.684945,
SetTextureCoordinates,1314,-2.833089,-0.640826,
SetTextureCoordinates,1315,0.401958,-6.029078,
SetTextureCoordinates,1316,0.402182,-6.032063,
SetTextureCoordinates,1317,0.402343,-6.029320,
SetTextureCoordinates,1318,0.402526,-6.031757,
SetTextureCoordinates,1319,-4.371847,-0.640826,
SetTextureCoordinates,1320,-4.371847,-0.684600,
SetTextureCoordinates,1321,-4.372308,-0.640826,
SetTextureCoordinates,1322,-4.372308,-0.684945,
SetTextureCoordinates,1323,-5.637133,-0.640826,
SetTextureCoordinates,1324,-5.636674,-0.640826,
SetTextureCoordinates,1325,-5.637133,-0.684600,
SetTextureCoordinates,1326,-5.636674,-0.684347,
SetTextureCoordinates,1327,-6.537258,-0.640826,
SetTextureCoordinates,1328,-6.536803,-0.640826,
SetTextureCoordinates,1329,-6.537258,-0.684347,
SetTextureCoordinates,1330,-6.536803,-0.684202,
SetTextureCoordinates,1331,-6.995156,-0.640826,
SetTextureCoordinates,1332,-6.994704,-0.640826,
SetTextureCoordinates,1333,-6.995156,-0.684202,
SetTextureCoordinates,1334,-6.994704,-0.684175,
SetTextureCoordinates,1335,-6.960910,-0.640826,
SetTextureCoordinates,1336,-6.960460,-0.640826,
SetTextureCoordinates,1337,-6.960910,-0.684175,
SetTextureCoordinates,1338,-6.960460,-0.684269,
SetTextureCoordinates,1339,-6.427112,-0.640826,
SetTextureCoordinates,1340,-6.426661,-0.640826,
SetTextureCoordinates,1341,-6.427112,-0.684269,
SetTextureCoordinates,1342,-6.426661,-0.684476,
SetTextureCoordinates,1343,-5.435750,-0.640826,
SetTextureCoordinates,1344,-5.435297,-0.640826,
SetTextureCoordinates,1345,-5.435750,-0.684476,
SetTextureCoordinates,1346,-5.435297,-0.684783,
SetTextureCoordinates,1347,-4.071838,-0.684783,
SetTextureCoordinates,1348,-4.071838,-0.640826,
SetTextureCoordinates,1349,-4.071383,-0.685169,
SetTextureCoordinates,1350,-0.402343,3.302945,
SetTextureCoordinates,1351,-0.401958,3.302490,
SetTextureCoordinates,1352,-0.431506,3.302945,
SetTextureCoordinates,1353,-0.402343,5.018691,
SetTextureCoordinates,1354,-0.431506,5.018691,
SetTextureCoordinates,1355,-0.402650,5.019143,
SetTextureCoordinates,1356,-0.431813,5.019143,
SetTextureCoordinates,1357,-0.402650,6.466378,
SetTextureCoordinates,1358,-0.431813,6.466378,
SetTextureCoordinates,1359,-0.402857,6.466828,
SetTextureCoordinates,1360,-0.432020,6.466828,
SetTextureCoordinates,1361,-0.402857,7.527044,
SetTextureCoordinates,1362,-0.431121,3.302490,
SetTextureCoordinates,1363,-0.401958,1.451340,
SetTextureCoordinates,1364,-0.401520,1.450882,
SetTextureCoordinates,1365,-0.431121,1.451340,
SetTextureCoordinates,1366,-0.430683,1.450882,
SetTextureCoordinates,1367,-0.401520,-0.406413,
SetTextureCoordinates,1368,-0.401059,-0.406874,
SetTextureCoordinates,1369,-0.430683,-0.406413,
SetTextureCoordinates,1370,-0.430222,-0.406874,
SetTextureCoordinates,1371,-0.401059,-2.154751,
SetTextureCoordinates,1372,-0.400607,-2.155214,
SetTextureCoordinates,1373,-0.430222,-2.154751,
SetTextureCoordinates,1374,-0.429770,-2.155214,
SetTextureCoordinates,1375,-0.400607,-3.692911,
SetTextureCoordinates,1376,-0.400195,-3.693374,
SetTextureCoordinates,1377,-0.429770,-3.692911,
SetTextureCoordinates,1378,-0.429358,-3.693374,
SetTextureCoordinates,1379,-0.400195,-4.931586,
SetTextureCoordinates,1380,-0.399851,-4.932047,
SetTextureCoordinates,1381,-0.429358,-4.931586,
SetTextureCoordinates,1382,-0.429014,-4.932047,
SetTextureCoordinates,1383,4.371913,-0.686931,
SetTextureCoordinates,1384,4.371913,-0.640826,
SetTextureCoordinates,1385,4.372374,-0.687276,
SetTextureCoordinates,1386,4.372374,-0.640826,
SetTextureCoordinates,1387,0.399851,-6.029541,
SetTextureCoordinates,1388,0.399727,-6.031646,
SetTextureCoordinates,1389,0.399597,-6.029923,
SetTextureCoordinates,1390,0.399520,-6.031246,
SetTextureCoordinates,1391,0.399453,-6.030354,
SetTextureCoordinates,1392,0.399426,-6.030806,
SetTextureCoordinates,1393,5.636765,-0.640826,
SetTextureCoordinates,1394,2.833575,-0.640826,
SetTextureCoordinates,1395,2.833575,-0.686931,
SetTextureCoordinates,1396,2.833113,-0.640826,
SetTextureCoordinates,1397,2.833113,-0.686519,
SetTextureCoordinates,1398,1.116683,-0.640826,
SetTextureCoordinates,1399,1.116683,-0.686519,
SetTextureCoordinates,1400,1.116220,-0.640826,
SetTextureCoordinates,1401,1.116220,-0.686067,
SetTextureCoordinates,1402,-0.678621,-0.640826,
SetTextureCoordinates,1403,-0.678621,-0.686067,
SetTextureCoordinates,1404,-0.679082,-0.640826,
SetTextureCoordinates,1405,-0.679082,-0.685607,
SetTextureCoordinates,1406,-2.446152,-0.640826,
SetTextureCoordinates,1407,-2.446152,-0.685607,
SetTextureCoordinates,1408,-2.446610,-0.640826,
SetTextureCoordinates,1409,-2.446610,-0.685169,
SetTextureCoordinates,1410,-4.071383,-0.640826,
SetTextureCoordinates,1411,0.402650,-6.029652,
SetTextureCoordinates,1412,0.402780,-6.031375,
SetTextureCoordinates,1413,0.402857,-6.030052,
SetTextureCoordinates,1414,0.402924,-6.030944,
SetTextureCoordinates,1415,0.402951,-6.030493,
SetTextureCoordinates,1416,0.399426,7.527069,
SetTextureCoordinates,1417,-0.399426,-6.117770,
SetTextureCoordinates,1418,-0.428589,-6.117770,
SetTextureCoordinates,1419,-0.399453,-6.117318,
SetTextureCoordinates,1420,-0.428616,-6.117318,
SetTextureCoordinates,1421,-0.399453,-6.201841,
SetTextureCoordinates,1422,-0.428616,-6.201841,
SetTextureCoordinates,1423,-0.399597,-6.201386,
SetTextureCoordinates,1424,-0.428760,-6.201386,
SetTextureCoordinates,1425,7.029235,0.187850,
SetTextureCoordinates,1426,6.957741,0.187850,
SetTextureCoordinates,1427,6.957741,0.608775,
SetTextureCoordinates,1428,6.928578,0.608775,
SetTextureCoordinates,1429,7.029235,0.608775,
SetTextureCoordinates,1430,6.928578,0.609237,
SetTextureCoordinates,1431,6.957741,0.609237,
SetTextureCoordinates,1432,7.029025,0.609237,
SetTextureCoordinates,1433,6.957741,1.054023,
SetTextureCoordinates,1434,6.928578,1.054023,
SetTextureCoordinates,1435,7.029025,1.054023,
SetTextureCoordinates,1436,6.928578,1.054485,
SetTextureCoordinates,1437,6.957741,1.054485,
SetTextureCoordinates,1438,7.028925,1.054485,
SetTextureCoordinates,1439,-6.957741,0.502721,
SetTextureCoordinates,1440,-6.928578,0.502721,
SetTextureCoordinates,1441,-7.028925,0.502721,
SetTextureCoordinates,1442,-6.928578,0.502260,
SetTextureCoordinates,1443,-6.957741,0.502260,
SetTextureCoordinates,1444,-7.028944,0.502260,
SetTextureCoordinates,1445,-6.957741,0.088099,
SetTextureCoordinates,1446,-6.928578,0.088099,
SetTextureCoordinates,1447,-7.028944,0.088099,
SetTextureCoordinates,1448,-6.928578,0.087641,
SetTextureCoordinates,1449,-6.957741,0.087641,
SetTextureCoordinates,1450,-7.029078,0.087641,
SetTextureCoordinates,1451,-6.957741,-0.270254,
SetTextureCoordinates,1452,-6.928578,-0.270254,
SetTextureCoordinates,1453,-7.029078,-0.270254,
SetTextureCoordinates,1454,-6.928578,-0.270709,
SetTextureCoordinates,1455,-6.957741,-0.270709,
SetTextureCoordinates,1456,-7.029320,-0.270709,
SetTextureCoordinates,1457,-7.029320,-0.545085,
SetTextureCoordinates,1458,-6.957741,-0.545085,
SetTextureCoordinates,1459,-7.029652,-0.545537,
SetTextureCoordinates,1460,-6.957741,-0.545537,
SetTextureCoordinates,1461,-7.029652,-0.712887,
SetTextureCoordinates,1462,-6.928578,-0.545085,
SetTextureCoordinates,1463,-6.928578,-0.545537,
SetTextureCoordinates,1464,-0.431121,-0.704872,
SetTextureCoordinates,1465,-0.429770,-0.704818,
SetTextureCoordinates,1466,-0.430683,-0.704737,
SetTextureCoordinates,1467,-0.430222,-0.704719,
SetTextureCoordinates,1468,-6.957741,-0.758824,
SetTextureCoordinates,1469,-7.030493,-0.677971,
SetTextureCoordinates,1470,-6.957741,-0.677971,
SetTextureCoordinates,1471,-7.030944,-0.678423,
SetTextureCoordinates,1472,-6.957741,-0.678423,
SetTextureCoordinates,1473,-7.030944,-0.480360,
SetTextureCoordinates,1474,-6.957741,-0.480360,
SetTextureCoordinates,1475,-7.031375,-0.480815,
SetTextureCoordinates,1476,-6.957741,-0.480815,
SetTextureCoordinates,1477,-7.031375,-0.183826,
SetTextureCoordinates,1478,-6.957741,-0.183826,
SetTextureCoordinates,1479,-7.031757,-0.184284,
SetTextureCoordinates,1480,-6.957741,-0.184284,
SetTextureCoordinates,1481,-6.957741,0.187916,
SetTextureCoordinates,1482,-6.928578,0.187916,
SetTextureCoordinates,1483,-6.928578,-0.184284,
SetTextureCoordinates,1484,-6.928578,-0.183826,
SetTextureCoordinates,1485,-6.928578,-0.480815,
SetTextureCoordinates,1486,-6.928578,-0.480360,
SetTextureCoordinates,1487,-6.928578,-0.678423,
SetTextureCoordinates,1488,-6.928578,-0.677971,
SetTextureCoordinates,1489,-6.928578,-0.758824,
SetTextureCoordinates,1490,-6.928578,-0.758373,
SetTextureCoordinates,1491,2.473941,-0.708013,
SetTextureCoordinates,1492,2.473941,-0.686707,
SetTextureCoordinates,1493,2.474399,-0.708148,
SetTextureCoordinates,1494,2.474399,-0.686269,
SetTextureCoordinates,1495,0.707695,-0.708148,
SetTextureCoordinates,1496,0.707695,-0.686269,
SetTextureCoordinates,1497,0.708156,-0.708166,
SetTextureCoordinates,1498,0.708156,-0.685809,
SetTextureCoordinates,1499,-1.088223,-0.708166,
SetTextureCoordinates,1500,-1.088223,-0.685809,
SetTextureCoordinates,1501,-1.087760,-0.708067,
SetTextureCoordinates,1502,-1.087760,-0.685357,
SetTextureCoordinates,1503,-2.807565,-0.708067,
SetTextureCoordinates,1504,-2.807565,-0.685357,
SetTextureCoordinates,1505,-2.807102,-0.707857,
SetTextureCoordinates,1506,-2.807102,-0.684945,
SetTextureCoordinates,1507,4.096463,-0.686707,
SetTextureCoordinates,1508,7.030806,-0.678490,
SetTextureCoordinates,1509,6.957741,-0.678490,
SetTextureCoordinates,1510,7.030354,-0.678038,
SetTextureCoordinates,1511,6.957741,-0.678038,
SetTextureCoordinates,1512,7.030354,-0.480906,
SetTextureCoordinates,1513,6.928578,-0.678490,
SetTextureCoordinates,1514,6.928578,-0.678038,
SetTextureCoordinates,1515,-0.428589,-0.706599,
SetTextureCoordinates,1516,-0.428992,-0.706443,
SetTextureCoordinates,1517,-0.429039,-0.706091,
SetTextureCoordinates,1518,6.928578,-0.412036,
SetTextureCoordinates,1519,6.920936,-0.412036,
SetTextureCoordinates,1520,6.928578,-0.411682,
SetTextureCoordinates,1521,6.920608,-0.411682,
SetTextureCoordinates,1522,6.928578,-0.092008,
SetTextureCoordinates,1523,6.920936,-0.635494,
SetTextureCoordinates,1524,6.928578,-0.635494,
SetTextureCoordinates,1525,6.921288,-0.635849,
SetTextureCoordinates,1526,6.928578,-0.635849,
SetTextureCoordinates,1527,6.921288,-0.747838,
SetTextureCoordinates,1528,6.928578,-0.747838,
SetTextureCoordinates,1529,6.921639,-0.748193,
SetTextureCoordinates,1530,6.928578,-0.748193,
SetTextureCoordinates,1531,6.928578,-0.758398,
SetTextureCoordinates,1532,6.957741,-0.758398,
SetTextureCoordinates,1533,6.928578,-0.758849,
SetTextureCoordinates,1534,-5.753186,-0.705763,
SetTextureCoordinates,1535,-5.752831,-0.705482,
SetTextureCoordinates,1536,-6.558947,-0.705763,
SetTextureCoordinates,1537,-6.559302,-0.706091,
SetTextureCoordinates,1538,-6.918070,-0.706091,
SetTextureCoordinates,1539,-6.918425,-0.706443,
SetTextureCoordinates,1540,-6.805726,-0.706443,
SetTextureCoordinates,1541,-6.806080,-0.706794,
SetTextureCoordinates,1542,-6.229570,-0.706794,
SetTextureCoordinates,1543,-6.229925,-0.707122,
SetColor,202,209,219,255,

CreateMeshBuilder,
;Jeminie 3DS Converter
AddVertex,1.064354,2.533088,7.896943,
AddVertex,0.744982,2.549807,7.896943,
AddVertex,0.748947,2.499964,7.896943,
AddVertex,1.043720,2.498820,7.896943,
AddVertex,1.011971,2.474490,7.896943,
AddVertex,0.791971,2.474490,7.896943,
AddVertex,1.064354,2.553088,7.896943,
AddVertex,0.744982,3.059807,7.896943,
AddVertex,1.072934,3.083258,7.896943,
AddVertex,0.754982,3.080647,7.896943,
AddVertex,0.773266,3.116223,7.896943,
AddVertex,1.054314,3.118660,7.896943,
AddVertex,0.801527,3.144531,7.896943,
AddVertex,1.011527,3.144531,7.896943,
AddFace,0,1,2,
AddFace,3,0,2,
AddFace,4,3,2,
AddFace,2,5,4,
AddFace,0,6,1,
AddFace,6,7,1,
AddFace,6,8,7,
AddFace,8,9,7,
AddFace,8,10,9,
AddFace,8,11,10,
AddFace,11,12,10,
AddFace,11,13,12,
GenerateNormals,
SetColor,128,128,128,127,

CreateMeshBuilder,
;Jeminie 3DS Converter
AddVertex,-0.496403,2.741381,9.383509,
AddVertex,-0.496578,2.981257,9.391238,
AddVertex,0.156356,2.979039,9.405948,
AddVertex,0.156531,2.739163,9.398218,
AddFace,0,1,2,
AddFace,2,3,0,
GenerateNormals,
LoadTexture,______.png,
SetTextureCoordinates,0,-0.019681,1.083538,
SetTextureCoordinates,1,-0.019681,-0.059319,
SetTextureCoordinates,2,0.985088,-0.048752,
SetTextureCoordinates,3,0.985088,1.094105,
SetColor,255,255,255,255,

CreateMeshBuilder,
;Jeminie 3DS Converter
AddVertex,-0.684281,2.003325,9.509564,
AddVertex,-0.684281,2.115699,9.545957,
AddVertex,-0.635247,2.058443,9.527414,
AddVertex,-0.631105,2.055419,9.526435,
AddVertex,-0.626281,2.053518,9.525820,
AddVertex,-0.621105,2.052870,9.525609,
AddVertex,-0.615928,2.053518,9.525820,
AddVertex,-0.611105,2.055419,9.526435,
AddVertex,-0.574281,2.003325,9.509564,
AddVertex,-0.606962,2.058443,9.527414,
AddVertex,-0.603784,2.062383,9.528690,
AddVertex,-0.574281,2.115699,9.545957,
AddVertex,-0.601786,2.066972,9.530176,
AddVertex,-0.601104,2.071897,9.531772,
AddVertex,-0.601786,2.076822,9.533366,
AddVertex,-0.603784,2.081411,9.534852,
AddVertex,-0.606962,2.085351,9.536128,
AddVertex,-0.611105,2.088375,9.537107,
AddVertex,-0.615928,2.090276,9.537724,
AddVertex,-0.621105,2.090924,9.537933,
AddVertex,-0.626281,2.090276,9.537724,
AddVertex,-0.631105,2.088375,9.537107,
AddVertex,-0.635247,2.085351,9.536128,
AddVertex,-0.638425,2.081411,9.534852,
AddVertex,-0.640423,2.076822,9.533366,
AddVertex,-0.641105,2.071897,9.531772,
AddVertex,-0.640423,2.066972,9.530176,
AddVertex,-0.638425,2.062383,9.528690,
AddFace,0,1,2,
AddFace,2,3,0,
AddFace,3,4,0,
AddFace,4,5,0,
AddFace,0,5,6,
AddFace,0,6,7,
AddFace,8,0,7,
AddFace,7,9,8,
AddFace,9,10,8,
AddFace,10,11,8,
AddFace,10,12,11,
AddFace,12,13,11,
AddFace,13,14,11,
AddFace,14,15,11,
AddFace,15,16,11,
AddFace,16,17,11,
AddFace,17,18,11,
AddFace,18,19,11,
AddFace,1,11,19,
AddFace,1,19,20,
AddFace,1,20,21,
AddFace,1,21,22,
AddFace,1,22,23,
AddFace,1,23,24,
AddFace,1,24,25,
AddFace,1,25,26,
AddFace,1,26,27,
AddFace,1,27,2,
GenerateNormals,
LoadTexture,adwe.png,
SetTextureCoordinates,0,-0.130310,1.061987,
SetTextureCoordinates,1,-0.130310,-0.119213,
SetTextureCoordinates,2,0.360033,0.482622,
SetTextureCoordinates,3,0.401454,0.514406,
SetTextureCoordinates,4,0.449690,0.534386,
SetTextureCoordinates,5,0.501454,0.541201,
SetTextureCoordinates,6,0.553218,0.534386,
SetTextureCoordinates,7,0.601454,0.514406,
SetTextureCoordinates,8,0.969690,1.061987,
SetTextureCoordinates,9,0.642876,0.482622,
SetTextureCoordinates,10,0.674659,0.441201,
SetTextureCoordinates,11,0.969690,-0.119213,
SetTextureCoordinates,12,0.694639,0.392965,
SetTextureCoordinates,13,0.701454,0.341201,
SetTextureCoordinates,14,0.694639,0.289437,
SetTextureCoordinates,15,0.674659,0.241201,
SetTextureCoordinates,16,0.642876,0.199780,
SetTextureCoordinates,17,0.601454,0.167996,
SetTextureCoordinates,18,0.553218,0.148016,
SetTextureCoordinates,19,0.501454,0.141201,
SetTextureCoordinates,20,0.449690,0.148016,
SetTextureCoordinates,21,0.401454,0.167996,
SetTextureCoordinates,22,0.360033,0.199780,
SetTextureCoordinates,23,0.328249,0.241201,
SetTextureCoordinates,24,0.308269,0.289437,
SetTextureCoordinates,25,0.301454,0.341201,
SetTextureCoordinates,26,0.308269,0.392965,
SetTextureCoordinates,27,0.328249,0.441201,
SetColor,255,255,255,255,

CreateMeshBuilder,
;Jeminie 3DS Converter
AddVertex,-0.635171,2.071218,9.500017,
AddVertex,-0.637391,2.075020,9.501248,
AddVertex,-0.605040,2.074511,9.501084,
AddVertex,-0.607391,2.070782,9.499876,
AddVertex,-0.631992,2.068093,9.499005,
AddVertex,-0.610676,2.067758,9.498897,
AddVertex,-0.628072,2.065857,9.498281,
AddVertex,-0.614672,2.065646,9.498213,
AddVertex,-0.623677,2.064662,9.497894,
AddVertex,-0.619106,2.064590,9.497871,
AddVertex,-0.603784,2.078693,9.502439,
AddVertex,-0.638501,2.079239,9.502615,
AddVertex,-0.603709,2.083041,9.503846,
AddVertex,-0.638425,2.083587,9.504023,
AddVertex,-0.604818,2.087260,9.505213,
AddVertex,-0.637169,2.087768,9.505377,
AddVertex,-0.607038,2.091061,9.506444,
AddVertex,-0.634818,2.091498,9.506585,
AddVertex,-0.610217,2.094187,9.507456,
AddVertex,-0.631533,2.094522,9.507565,
AddVertex,-0.614137,2.096423,9.508180,
AddVertex,-0.627537,2.096634,9.508248,
AddVertex,-0.618532,2.097618,9.508567,
AddVertex,-0.623103,2.097690,9.508590,
AddFace,0,1,2,
AddFace,0,2,3,
AddFace,4,0,3,
AddFace,4,3,5,
AddFace,6,4,5,
AddFace,6,5,7,
AddFace,8,6,7,
AddFace,7,9,8,
AddFace,1,10,2,
AddFace,1,11,10,
AddFace,11,12,10,
AddFace,11,13,12,
AddFace,13,14,12,
AddFace,13,15,14,
AddFace,15,16,14,
AddFace,15,17,16,
AddFace,17,18,16,
AddFace,17,19,18,
AddFace,19,20,18,
AddFace,19,21,20,
AddFace,21,22,20,
AddFace,21,23,22,
GenerateNormals,
LoadTexture,asa.png,
SetTextureCoordinates,0,-0.789500,1.646999,
SetTextureCoordinates,1,-0.833897,1.567080,
SetTextureCoordinates,2,-0.186883,1.577773,
SetTextureCoordinates,3,-0.233897,1.656181,
SetTextureCoordinates,4,-0.725931,1.712704,
SetTextureCoordinates,5,-0.299602,1.719750,
SetTextureCoordinates,6,-0.647523,1.759718,
SetTextureCoordinates,7,-0.379521,1.764147,
SetTextureCoordinates,8,-0.559618,1.784836,
SetTextureCoordinates,9,-0.468208,1.786347,
SetTextureCoordinates,10,-0.161765,1.489868,
SetTextureCoordinates,11,-0.856096,1.478394,
SetTextureCoordinates,12,-0.160255,1.398458,
SetTextureCoordinates,13,-0.854586,1.386983,
SetTextureCoordinates,14,-0.182454,1.309771,
SetTextureCoordinates,15,-0.829468,1.299078,
SetTextureCoordinates,16,-0.226851,1.229852,
SetTextureCoordinates,17,-0.782454,1.220670,
SetTextureCoordinates,18,-0.290420,1.164147,
SetTextureCoordinates,19,-0.716749,1.157101,
SetTextureCoordinates,20,-0.368828,1.117134,
SetTextureCoordinates,21,-0.636830,1.112705,
SetTextureCoordinates,22,-0.456733,1.092016,
SetTextureCoordinates,23,-0.548143,1.090505,
SetColor,255,255,255,255,

CreateMeshBuilder,
;Jeminie 3DS Converter
AddVertex,-0.715503,1.984778,9.510831,
AddVertex,-0.416956,1.984778,9.510831,
AddVertex,-0.593001,1.984778,9.503190,
AddVertex,-0.657647,1.984778,9.497703,
AddVertex,-0.661685,1.984778,9.497171,
AddVertex,-0.665447,1.984778,9.495613,
AddVertex,-0.668678,1.984778,9.493134,
AddVertex,-0.671157,1.984778,9.489902,
AddVertex,-0.685503,1.984778,9.464622,
AddVertex,-0.715503,1.984778,9.464622,
AddVertex,-0.416956,1.984778,9.428951,
AddVertex,-0.442047,1.984778,9.482102,
AddVertex,-0.442579,1.984778,9.486140,
AddVertex,-0.444137,1.984778,9.489902,
AddVertex,-0.446616,1.984778,9.493134,
AddVertex,-0.449847,1.984778,9.495613,
AddVertex,-0.453610,1.984778,9.497171,
AddVertex,-0.457647,1.984778,9.497703,
AddVertex,-0.461685,1.984778,9.497171,
AddVertex,-0.503001,1.984778,9.485869,
AddVertex,-0.513001,1.984778,9.503190,
AddVertex,-0.533001,1.984778,9.503190,
AddVertex,-0.573001,1.984778,9.503190,
AddVertex,-0.603001,1.984778,9.485869,
AddVertex,-0.642047,1.984778,9.482102,
AddVertex,-0.642579,1.984778,9.486140,
AddVertex,-0.644137,1.984778,9.489902,
AddVertex,-0.646616,1.984778,9.493134,
AddVertex,-0.649847,1.984778,9.495613,
AddVertex,-0.653610,1.984778,9.497171,
AddVertex,-0.672716,1.984778,9.486140,
AddVertex,-0.685503,1.984778,9.428951,
AddVertex,-0.673247,1.984778,9.482102,
AddVertex,-0.672716,1.984778,9.478065,
AddVertex,-0.671157,1.984778,9.474302,
AddVertex,-0.668678,1.984778,9.471072,
AddVertex,-0.665447,1.984778,9.468593,
AddVertex,-0.661685,1.984778,9.467034,
AddVertex,-0.657647,1.984778,9.466502,
AddVertex,-0.653610,1.984778,9.467034,
AddVertex,-0.649847,1.984778,9.468593,
AddVertex,-0.646616,1.984778,9.471072,
AddVertex,-0.644137,1.984778,9.474302,
AddVertex,-0.642579,1.984778,9.478065,
AddVertex,-0.593001,1.984778,9.468549,
AddVertex,-0.573001,1.984778,9.468549,
AddVertex,-0.533001,1.984778,9.468549,
AddVertex,-0.513001,1.984778,9.468549,
AddVertex,-0.468678,1.984778,9.471072,
AddVertex,-0.465447,1.984778,9.468593,
AddVertex,-0.461685,1.984778,9.467034,
AddVertex,-0.457647,1.984778,9.466502,
AddVertex,-0.453610,1.984778,9.467034,
AddVertex,-0.449847,1.984778,9.468593,
AddVertex,-0.446616,1.984778,9.471072,
AddVertex,-0.444137,1.984778,9.474302,
AddVertex,-0.442579,1.984778,9.478065,
AddVertex,-0.465447,1.984778,9.495613,
AddVertex,-0.468678,1.984778,9.493134,
AddVertex,-0.471157,1.984778,9.489902,
AddVertex,-0.472716,1.984778,9.486140,
AddVertex,-0.473247,1.984778,9.482102,
AddVertex,-0.472716,1.984778,9.478065,
AddVertex,-0.471157,1.984778,9.474302,
AddVertex,-0.563001,1.984778,9.485869,
AddVertex,-0.543001,1.984778,9.485869,
AddFace,0,1,2,
AddFace,0,2,3,
AddFace,0,3,4,
AddFace,0,4,5,
AddFace,0,5,6,
AddFace,0,6,7,
AddFace,0,7,8,
AddFace,8,9,0,
AddFace,1,10,11,
AddFace,1,11,12,
AddFace,1,12,13,
AddFace,1,13,14,
AddFace,1,14,15,
AddFace,1,15,16,
AddFace,1,16,17,
AddFace,1,17,18,
AddFace,1,18,19,
AddFace,1,19,20,
AddFace,1,20,21,
AddFace,1,21,22,
AddFace,1,22,2,
AddFace,2,23,24,
AddFace,2,24,25,
AddFace,2,25,26,
AddFace,2,26,27,
AddFace,2,27,28,
AddFace,2,28,29,
AddFace,2,29,3,
AddFace,7,30,8,
AddFace,30,31,8,
AddFace,30,32,31,
AddFace,31,32,33,
AddFace,33,34,31,
AddFace,34,35,31,
AddFace,35,36,31,
AddFace,36,37,31,
AddFace,37,10,31,
AddFace,37,38,10,
AddFace,38,39,10,
AddFace,39,40,10,
AddFace,40,41,10,
AddFace,41,42,10,
AddFace,42,43,10,
AddFace,43,44,10,
AddFace,44,45,10,
AddFace,45,46,10,
AddFace,46,47,10,
AddFace,47,19,10,
AddFace,19,48,10,
AddFace,48,49,10,
AddFace,49,50,10,
AddFace,50,51,10,
AddFace,51,52,10,
AddFace,52,53,10,
AddFace,53,54,10,
AddFace,54,55,10,
AddFace,55,56,10,
AddFace,56,11,10,
AddFace,18,57,19,
AddFace,57,58,19,
AddFace,58,59,19,
AddFace,59,60,19,
AddFace,60,61,19,
AddFace,19,61,62,
AddFace,19,62,63,
AddFace,19,63,48,
AddFace,64,65,46,
AddFace,45,64,46,
AddFace,21,64,22,
AddFace,21,65,64,
AddFace,43,24,44,
AddFace,24,23,44,
GenerateNormals,
LoadTexture,awqdx1.png,
SetTextureCoordinates,0,-0.111713,-0.120609,
SetTextureCoordinates,1,1.000000,-0.120609,
SetTextureCoordinates,2,0.344453,-0.016035,
SetTextureCoordinates,3,0.103726,0.059059,
SetTextureCoordinates,4,0.088691,0.066334,
SetTextureCoordinates,5,0.074681,0.087663,
SetTextureCoordinates,6,0.062650,0.121593,
SetTextureCoordinates,7,0.053418,0.165811,
SetTextureCoordinates,8,-0.000000,0.511813,
SetTextureCoordinates,9,-0.111713,0.511813,
SetTextureCoordinates,10,1.000000,1.000000,
SetTextureCoordinates,11,0.906568,0.272562,
SetTextureCoordinates,12,0.904589,0.217304,
SetTextureCoordinates,13,0.898786,0.165811,
SetTextureCoordinates,14,0.889554,0.121593,
SetTextureCoordinates,15,0.877523,0.087663,
SetTextureCoordinates,16,0.863512,0.066334,
SetTextureCoordinates,17,0.848477,0.059059,
SetTextureCoordinates,18,0.833442,0.066334,
SetTextureCoordinates,19,0.679591,0.221014,
SetTextureCoordinates,20,0.642353,-0.016035,
SetTextureCoordinates,21,0.567878,-0.016035,
SetTextureCoordinates,22,0.418928,-0.016035,
SetTextureCoordinates,23,0.307215,0.221014,
SetTextureCoordinates,24,0.161817,0.272562,
SetTextureCoordinates,25,0.159838,0.217304,
SetTextureCoordinates,26,0.154035,0.165811,
SetTextureCoordinates,27,0.144803,0.121593,
SetTextureCoordinates,28,0.132772,0.087663,
SetTextureCoordinates,29,0.118761,0.066334,
SetTextureCoordinates,30,0.047615,0.217304,
SetTextureCoordinates,31,0.000000,1.000000,
SetTextureCoordinates,32,0.045635,0.272562,
SetTextureCoordinates,33,0.047615,0.327821,
SetTextureCoordinates,34,0.053418,0.379314,
SetTextureCoordinates,35,0.062650,0.423532,
SetTextureCoordinates,36,0.074681,0.457462,
SetTextureCoordinates,37,0.088691,0.478791,
SetTextureCoordinates,38,0.103726,0.486066,
SetTextureCoordinates,39,0.118761,0.478791,
SetTextureCoordinates,40,0.132772,0.457462,
SetTextureCoordinates,41,0.144803,0.423532,
SetTextureCoordinates,42,0.154035,0.379314,
SetTextureCoordinates,43,0.159838,0.327821,
SetTextureCoordinates,44,0.344453,0.458063,
SetTextureCoordinates,45,0.418928,0.458063,
SetTextureCoordinates,46,0.567878,0.458063,
SetTextureCoordinates,47,0.642353,0.458063,
SetTextureCoordinates,48,0.807401,0.423532,
SetTextureCoordinates,49,0.819432,0.457462,
SetTextureCoordinates,50,0.833442,0.478791,
SetTextureCoordinates,51,0.848477,0.486066,
SetTextureCoordinates,52,0.863512,0.478791,
SetTextureCoordinates,53,0.877523,0.457462,
SetTextureCoordinates,54,0.889554,0.423532,
SetTextureCoordinates,55,0.898786,0.379314,
SetTextureCoordinates,56,0.904589,0.327821,
SetTextureCoordinates,57,0.819432,0.087663,
SetTextureCoordinates,58,0.807401,0.121593,
SetTextureCoordinates,59,0.798169,0.165811,
SetTextureCoordinates,60,0.792366,0.217304,
SetTextureCoordinates,61,0.790386,0.272562,
SetTextureCoordinates,62,0.792366,0.327821,
SetTextureCoordinates,63,0.798169,0.379314,
SetTextureCoordinates,64,0.456165,0.221014,
SetTextureCoordinates,65,0.530641,0.221014,
SetColor,255,255,255,255,

CreateMeshBuilder,
;Jeminie 3DS Converter
AddVertex,-0.329287,2.206053,9.580279,
AddVertex,-0.399287,2.206053,9.580279,
AddVertex,-0.449287,2.206053,9.580279,
AddVertex,-0.329287,2.215567,9.583360,
AddVertex,-0.449287,2.244107,9.592603,
AddVertex,-0.329287,2.244107,9.592603,
AddFace,0,1,2,
AddFace,2,3,0,
AddFace,2,4,3,
AddFace,4,5,3,
GenerateNormals,
LoadTexture,car1.png,
SetTextureCoordinates,0,1.007748,1.000000,
SetTextureCoordinates,1,0.419895,1.000000,
SetTextureCoordinates,2,0.000000,1.000000,
SetTextureCoordinates,3,1.007748,0.750000,
SetTextureCoordinates,4,0.000000,0.000000,
SetTextureCoordinates,5,1.007748,0.000000,
SetColor,255,255,255,255,

CreateMeshBuilder,
;Jeminie 3DS Converter
AddVertex,0.051041,2.117635,9.584378,
AddVertex,0.035459,2.117606,9.584378,
AddVertex,0.023068,2.121828,9.584378,
AddVertex,0.062683,2.121578,9.584378,
AddVertex,0.074791,2.129632,9.584378,
AddVertex,0.012171,2.129846,9.584378,
AddVertex,0.083036,2.139678,9.584378,
AddVertex,0.004053,2.140783,9.584378,
AddVertex,0.086662,2.149619,9.584378,
AddVertex,0.000509,2.152644,9.584378,
AddVertex,0.087521,2.159328,9.584378,
AddVertex,-0.000141,2.164963,9.584378,
AddVertex,0.086373,2.169836,9.584378,
AddVertex,0.004505,2.177841,9.584378,
AddVertex,0.082055,2.178856,9.584378,
AddVertex,0.012751,2.188766,9.584378,
AddVertex,0.076419,2.187116,9.584378,
AddVertex,0.068584,2.193331,9.584378,
AddVertex,0.020803,2.194695,9.584378,
AddVertex,0.059535,2.197585,9.584378,
AddVertex,0.030003,2.198613,9.584378,
AddVertex,0.049879,2.200186,9.584378,
AddVertex,0.039879,2.200186,9.584378,
AddFace,0,1,2,
AddFace,2,3,0,
AddFace,2,4,3,
AddFace,2,5,4,
AddFace,5,6,4,
AddFace,5,7,6,
AddFace,7,8,6,
AddFace,7,9,8,
AddFace,9,10,8,
AddFace,9,11,10,
AddFace,11,12,10,
AddFace,11,13,12,
AddFace,13,14,12,
AddFace,13,15,14,
AddFace,15,16,14,
AddFace,15,17,16,
AddFace,15,18,17,
AddFace,18,19,17,
AddFace,18,20,19,
AddFace,20,21,19,
AddFace,20,22,21,
GenerateNormals,
LoadTexture,pressbg.png, pressbg.png
SetTextureCoordinates,0,0.588268,-24.011274,
SetTextureCoordinates,1,0.415133,-24.010937,
SetTextureCoordinates,2,0.277459,-24.060604,
SetTextureCoordinates,3,0.717618,-24.057665,
SetTextureCoordinates,4,0.852161,-24.152424,
SetTextureCoordinates,5,0.156374,-24.154938,
SetTextureCoordinates,6,0.943768,-24.270611,
SetTextureCoordinates,7,0.066182,-24.283606,
SetTextureCoordinates,8,0.984061,-24.387558,
SetTextureCoordinates,9,0.026795,-24.423147,
SetTextureCoordinates,10,0.993596,-24.501781,
SetTextureCoordinates,11,0.019576,-24.568081,
SetTextureCoordinates,12,0.980844,-24.625412,
SetTextureCoordinates,13,0.071199,-24.719589,
SetTextureCoordinates,14,0.932870,-24.731527,
SetTextureCoordinates,15,0.162818,-24.848110,
SetTextureCoordinates,16,0.870246,-24.828709,
SetTextureCoordinates,17,0.783195,-24.901819,
SetTextureCoordinates,18,0.252286,-24.917875,
SetTextureCoordinates,19,0.682641,-24.951872,
SetTextureCoordinates,20,0.354515,-24.963966,
SetTextureCoordinates,21,0.575354,-24.982470,
SetTextureCoordinates,22,0.464243,-24.982470,
SetColor,255,255,255,255,

CreateMeshBuilder,
;Jeminie 3DS Converter
AddVertex,0.088266,2.119344,9.547136,
AddVertex,0.097459,2.213478,9.577621,
AddVertex,0.097459,2.057540,9.527122,
AddVertex,-0.016395,2.075333,9.532884,
AddVertex,-0.196720,2.057540,9.527122,
AddVertex,-0.186395,2.075333,9.532884,
AddVertex,-0.196720,2.257324,9.591822,
AddVertex,-0.186395,2.246577,9.588341,
AddVertex,-0.016395,2.075333,9.532884,
AddVertex,-0.186395,2.075333,9.532884,
AddVertex,-0.090709,2.098282,9.540316,
AddVertex,-0.073145,2.103080,9.541870,
AddVertex,-0.057485,2.112040,9.544771,
AddVertex,-0.044797,2.124550,9.548822,
AddVertex,-0.035944,2.139758,9.553748,
AddVertex,-0.031530,2.156628,9.559211,
AddVertex,-0.016395,2.246577,9.588341,
AddVertex,-0.016395,2.246577,9.588341,
AddVertex,-0.001734,2.119344,9.547136,
AddVertex,-0.001734,2.204966,9.574865,
AddVertex,0.088266,2.204966,9.574865,
AddVertex,0.031605,2.211134,9.576862,
AddVertex,0.036781,2.211783,9.577073,
AddVertex,0.057459,2.213478,9.577621,
AddVertex,0.097459,2.257324,9.591822,
AddVertex,0.097459,2.213478,9.577621,
AddVertex,0.057459,2.213478,9.577621,
AddVertex,0.057459,2.257324,9.591822,
AddVertex,0.057459,2.257324,9.591822,
AddVertex,0.031605,2.249189,9.589187,
AddVertex,0.026429,2.248540,9.588977,
AddVertex,0.021605,2.246639,9.588361,
AddVertex,0.017463,2.243616,9.587381,
AddVertex,0.014284,2.239675,9.586105,
AddVertex,0.012286,2.235086,9.584620,
AddVertex,0.011605,2.230161,9.583025,
AddVertex,0.012286,2.225237,9.581429,
AddVertex,0.014284,2.220648,9.579944,
AddVertex,0.017463,2.216707,9.578668,
AddVertex,0.021605,2.213683,9.577688,
AddVertex,0.026429,2.211783,9.577073,
AddVertex,0.045747,2.216707,9.578668,
AddVertex,0.048925,2.220648,9.579944,
AddVertex,0.041605,2.213683,9.577688,
AddVertex,0.050923,2.225237,9.581429,
AddVertex,0.051605,2.230161,9.583025,
AddVertex,0.050923,2.235086,9.584620,
AddVertex,0.048925,2.239675,9.586105,
AddVertex,0.045747,2.243616,9.587381,
AddVertex,0.041605,2.246639,9.588361,
AddVertex,0.036781,2.248540,9.588977,
AddVertex,-0.186395,2.246577,9.588341,
AddVertex,-0.093186,2.230311,9.583073,
AddVertex,-0.111457,2.230001,9.582973,
AddVertex,-0.129021,2.225202,9.581419,
AddVertex,-0.144681,2.216243,9.578517,
AddVertex,-0.157369,2.203732,9.574466,
AddVertex,-0.166222,2.188524,9.569540,
AddVertex,-0.170636,2.171654,9.564077,
AddVertex,-0.170310,2.154272,9.558448,
AddVertex,-0.165266,2.137563,9.553037,
AddVertex,-0.155848,2.122664,9.548212,
AddVertex,-0.142698,2.110593,9.544303,
AddVertex,-0.126712,2.102170,9.541575,
AddVertex,-0.108980,2.097971,9.540215,
AddVertex,-0.031856,2.174010,9.564840,
AddVertex,-0.036900,2.190720,9.570251,
AddVertex,-0.046318,2.205618,9.575076,
AddVertex,-0.059468,2.217690,9.578985,
AddVertex,-0.075453,2.226112,9.581713,
AddFace,0,1,2,
AddFace,3,0,2,
AddFace,2,4,3,
AddFace,5,3,4,
AddFace,4,6,5,
AddFace,6,7,5,
AddFace,8,9,10,
AddFace,10,11,8,
AddFace,11,12,8,
AddFace,12,13,8,
AddFace,13,14,8,
AddFace,14,15,8,
AddFace,15,16,8,
AddFace,3,17,18,
AddFace,18,0,3,
AddFace,17,19,18,
AddFace,0,20,1,
AddFace,20,19,1,
AddFace,19,21,1,
AddFace,21,22,1,
AddFace,22,23,1,
AddFace,24,25,26,
AddFace,26,27,24,
AddFace,6,28,29,
AddFace,6,29,30,
AddFace,6,30,31,
AddFace,6,31,7,
AddFace,17,7,31,
AddFace,17,31,32,
AddFace,17,32,33,
AddFace,17,33,34,
AddFace,17,34,35,
AddFace,17,35,36,
AddFace,17,36,37,
AddFace,17,37,38,
AddFace,17,38,19,
AddFace,38,39,19,
AddFace,39,40,19,
AddFace,40,21,19,
AddFace,41,42,23,
AddFace,43,41,23,
AddFace,22,43,23,
AddFace,42,44,23,
AddFace,44,28,23,
AddFace,44,45,28,
AddFace,45,46,28,
AddFace,46,47,28,
AddFace,47,48,28,
AddFace,48,49,28,
AddFace,49,50,28,
AddFace,50,29,28,
AddFace,51,16,52,
AddFace,51,52,53,
AddFace,51,53,54,
AddFace,51,54,55,
AddFace,51,55,56,
AddFace,51,56,57,
AddFace,51,57,58,
AddFace,51,58,59,
AddFace,9,51,59,
AddFace,59,60,9,
AddFace,60,61,9,
AddFace,61,62,9,
AddFace,62,63,9,
AddFace,63,64,9,
AddFace,9,64,10,
AddFace,15,65,16,
AddFace,65,66,16,
AddFace,66,67,16,
AddFace,67,68,16,
AddFace,68,69,16,
AddFace,69,52,16,
GenerateNormals,
LoadTexture,sawa.png,
SetTextureCoordinates,0,0.904373,0.619610,
SetTextureCoordinates,1,0.935623,0.124872,
SetTextureCoordinates,2,0.935623,0.944429,
SetTextureCoordinates,3,0.548602,0.850914,
SetTextureCoordinates,4,-0.064377,0.944429,
SetTextureCoordinates,5,-0.029277,0.850914,
SetTextureCoordinates,6,-0.064377,-0.105571,
SetTextureCoordinates,7,-0.029277,-0.049086,
SetTextureCoordinates,8,0.453018,0.736073,
SetTextureCoordinates,9,-0.124861,0.736073,
SetTextureCoordinates,10,0.200402,0.615462,
SetTextureCoordinates,11,0.260106,0.590243,
SetTextureCoordinates,12,0.313339,0.543154,
SetTextureCoordinates,13,0.356472,0.477405,
SetTextureCoordinates,14,0.386565,0.397475,
SetTextureCoordinates,15,0.401569,0.308812,
SetTextureCoordinates,16,0.453018,-0.163927,
SetTextureCoordinates,17,0.548602,-0.049086,
SetTextureCoordinates,18,0.598437,0.619610,
SetTextureCoordinates,19,0.598437,0.169610,
SetTextureCoordinates,20,0.904373,0.169610,
SetTextureCoordinates,21,0.711766,0.137188,
SetTextureCoordinates,22,0.729362,0.133781,
SetTextureCoordinates,23,0.799652,0.124872,
SetTextureCoordinates,24,0.809100,-0.469580,
SetTextureCoordinates,25,0.809100,-0.239137,
SetTextureCoordinates,26,0.673128,-0.239137,
SetTextureCoordinates,27,0.673128,-0.469580,
SetTextureCoordinates,28,0.799652,-0.105571,
SetTextureCoordinates,29,0.711766,-0.062811,
SetTextureCoordinates,30,0.694170,-0.059404,
SetTextureCoordinates,31,0.677773,-0.049414,
SetTextureCoordinates,32,0.663693,-0.033522,
SetTextureCoordinates,33,0.652889,-0.012812,
SetTextureCoordinates,34,0.646097,0.011307,
SetTextureCoordinates,35,0.643781,0.037188,
SetTextureCoordinates,36,0.646097,0.063070,
SetTextureCoordinates,37,0.652889,0.087188,
SetTextureCoordinates,38,0.663693,0.107899,
SetTextureCoordinates,39,0.677773,0.123791,
SetTextureCoordinates,40,0.694170,0.133781,
SetTextureCoordinates,41,0.759840,0.107899,
SetTextureCoordinates,42,0.770644,0.087188,
SetTextureCoordinates,43,0.745759,0.123791,
SetTextureCoordinates,44,0.777436,0.063070,
SetTextureCoordinates,45,0.779752,0.037188,
SetTextureCoordinates,46,0.777436,0.011307,
SetTextureCoordinates,47,0.770644,-0.012812,
SetTextureCoordinates,48,0.759840,-0.033522,
SetTextureCoordinates,49,0.745759,-0.049414,
SetTextureCoordinates,50,0.729362,-0.059404,
SetTextureCoordinates,51,-0.124861,-0.163927,
SetTextureCoordinates,52,0.191982,-0.078438,
SetTextureCoordinates,53,0.129874,-0.076808,
SetTextureCoordinates,54,0.070170,-0.051589,
SetTextureCoordinates,55,0.016937,-0.004500,
SetTextureCoordinates,56,-0.026195,0.061250,
SetTextureCoordinates,57,-0.056289,0.141180,
SetTextureCoordinates,58,-0.071293,0.229843,
SetTextureCoordinates,59,-0.070185,0.321197,
SetTextureCoordinates,60,-0.053039,0.409016,
SetTextureCoordinates,61,-0.021026,0.487315,
SetTextureCoordinates,62,0.023675,0.550759,
SetTextureCoordinates,63,0.078016,0.595024,
SetTextureCoordinates,64,0.138294,0.617093,
SetTextureCoordinates,65,0.400461,0.217458,
SetTextureCoordinates,66,0.383316,0.129639,
SetTextureCoordinates,67,0.351302,0.051340,
SetTextureCoordinates,68,0.306601,-0.012104,
SetTextureCoordinates,69,0.252260,-0.056369,
SetColor,255,255,255,255,

CreateMeshBuilder,
;Jeminie 3DS Converter
AddVertex,-0.150940,2.152275,9.595952,
AddVertex,-0.149236,2.165216,9.595952,
AddVertex,-0.052643,2.165216,9.595952,
AddVertex,-0.050940,2.152275,9.595952,
AddVertex,-0.149236,2.139334,9.595952,
AddVertex,-0.052643,2.139334,9.595952,
AddVertex,-0.144241,2.127275,9.595952,
AddVertex,-0.057638,2.127275,9.595952,
AddVertex,-0.065584,2.116920,9.595952,
AddVertex,-0.136295,2.116920,9.595952,
AddVertex,-0.125940,2.108974,9.595952,
AddVertex,-0.075940,2.108974,9.595952,
AddVertex,-0.113881,2.103978,9.595952,
AddVertex,-0.087999,2.103978,9.595952,
AddVertex,-0.100940,2.102275,9.595952,
AddVertex,-0.113881,2.200571,9.595952,
AddVertex,-0.100940,2.202275,9.595952,
AddVertex,-0.087999,2.200571,9.595952,
AddVertex,-0.125940,2.195576,9.595952,
AddVertex,-0.075940,2.195576,9.595952,
AddVertex,-0.065584,2.187630,9.595952,
AddVertex,-0.136295,2.187630,9.595952,
AddVertex,-0.144241,2.177275,9.595952,
AddVertex,-0.057638,2.177275,9.595952,
AddFace,0,1,2,
AddFace,0,2,3,
AddFace,4,0,3,
AddFace,4,3,5,
AddFace,6,4,5,
AddFace,6,5,7,
AddFace,6,7,8,
AddFace,9,6,8,
AddFace,10,9,8,
AddFace,10,8,11,
AddFace,12,10,11,
AddFace,12,11,13,
AddFace,13,14,12,
AddFace,15,16,17,
AddFace,18,15,17,
AddFace,18,17,19,
AddFace,18,19,20,
AddFace,21,18,20,
AddFace,22,21,20,
AddFace,22,20,23,
AddFace,1,22,23,
AddFace,1,23,2,
GenerateNormals,
LoadTexture,spdbg1.png, spdbg1.png
SetTextureCoordinates,0,0.014802,0.505812,
SetTextureCoordinates,1,0.031139,0.381713,
SetTextureCoordinates,2,0.957423,0.381713,
SetTextureCoordinates,3,0.973761,0.505812,
SetTextureCoordinates,4,0.031139,0.629910,
SetTextureCoordinates,5,0.957423,0.629910,
SetTextureCoordinates,6,0.079040,0.745552,
SetTextureCoordinates,7,0.909523,0.745552,
SetTextureCoordinates,8,0.833325,0.844855,
SetTextureCoordinates,9,0.155238,0.844855,
SetTextureCoordinates,10,0.254541,0.921054,
SetTextureCoordinates,11,0.734021,0.921054,
SetTextureCoordinates,12,0.370183,0.968954,
SetTextureCoordinates,13,0.618380,0.968954,
SetTextureCoordinates,14,0.494281,0.985292,
SetTextureCoordinates,15,0.370183,0.042670,
SetTextureCoordinates,16,0.494281,0.026332,
SetTextureCoordinates,17,0.618380,0.042670,
SetTextureCoordinates,18,0.254541,0.090570,
SetTextureCoordinates,19,0.734021,0.090570,
SetTextureCoordinates,20,0.833325,0.166769,
SetTextureCoordinates,21,0.155238,0.166769,
SetTextureCoordinates,22,0.079040,0.266072,
SetTextureCoordinates,23,0.909523,0.266072,
SetColor,255,255,255,255,

CreateMeshBuilder,
;Jeminie 3DS Converter
AddVertex,0.412705,2.017945,9.420669,
AddVertex,0.205536,2.017113,9.511402,
AddVertex,0.200964,2.017152,9.513424,
AddVertex,0.223775,2.217059,9.573566,
AddVertex,0.430378,2.177259,9.468821,
AddVertex,0.232920,2.216982,9.569521,
AddVertex,0.433982,2.217789,9.481462,
AddFace,0,1,2,
AddFace,2,3,0,
AddFace,3,4,0,
AddFace,3,5,4,
AddFace,6,4,5,
GenerateNormals,
LoadTexture,tgis1.png, tgis1.png
SetTextureCoordinates,0,1.007450,1.008485,
SetTextureCoordinates,1,0.022921,0.994443,
SetTextureCoordinates,2,0.001160,0.993850,
SetTextureCoordinates,3,0.002249,-0.002645,
SetTextureCoordinates,4,1.005912,0.214291,
SetTextureCoordinates,5,0.045770,-0.001459,
SetTextureCoordinates,6,1.001276,0.012169,
SetColor,255,255,255,255,

CreateMeshBuilder,
;Jeminie 3DS Converter
AddVertex,1.350000,1.210614,7.896943,
AddVertex,1.350000,1.368626,7.896943,
AddVertex,0.748947,2.499964,7.896943,
AddVertex,0.587174,1.210614,7.896943,
AddVertex,0.587174,3.705056,7.896943,
AddVertex,0.587174,1.210614,8.096943,
AddVertex,0.587174,3.705056,8.096943,
AddVertex,-1.350000,3.382399,8.096943,
AddVertex,-1.350000,1.210614,8.096943,
AddVertex,-1.350000,1.210614,8.096943,
AddVertex,0.587174,1.210614,8.096943,
AddVertex,0.587174,1.210614,7.896943,
AddVertex,-1.350000,1.210614,7.896943,
AddVertex,-1.350000,1.210614,8.096943,
AddVertex,-1.350000,1.210614,7.896943,
AddVertex,-1.350000,3.382399,7.896943,
AddVertex,-1.350000,3.382399,8.096943,
AddVertex,1.350000,3.382399,7.896943,
AddVertex,1.330000,3.471121,7.896943,
AddVertex,1.011527,3.144531,7.896943,
AddVertex,0.801527,3.144531,7.896943,
AddVertex,0.773266,3.116223,7.896943,
AddVertex,0.754982,3.080647,7.896943,
AddVertex,0.744982,3.059807,7.896943,
AddVertex,0.744982,2.549807,7.896943,
AddVertex,1.011971,2.474490,7.896943,
AddVertex,0.791971,2.474490,7.896943,
AddVertex,1.043720,2.498820,7.896943,
AddVertex,1.064354,2.533088,7.896943,
AddVertex,1.064354,2.553088,7.896943,
AddVertex,1.054314,3.118660,7.896943,
AddVertex,1.072934,3.083258,7.896943,
AddVertex,1.278224,3.547293,7.896943,
AddVertex,1.205056,3.601875,7.896943,
AddVertex,1.001563,3.642585,7.896943,
AddVertex,0.866271,3.663403,7.896943,
AddVertex,0.730980,3.684221,7.896943,
AddVertex,0.587174,3.705056,7.896943,
AddVertex,0.575744,3.706712,7.896943,
AddVertex,0.575744,3.706712,8.096943,
AddVertex,0.587174,3.705056,8.096943,
AddVertex,0.575744,3.706712,8.096943,
AddVertex,-0.514497,3.711232,8.096943,
AddVertex,-0.609125,3.698236,8.096943,
AddVertex,-0.798382,3.672245,8.096943,
AddVertex,-0.822066,3.668036,8.096943,
AddVertex,-0.885417,3.656780,8.096943,
AddVertex,-1.001563,3.642585,8.096943,
AddVertex,-1.030022,3.639107,8.096943,
AddVertex,-1.117708,3.628390,8.096943,
AddVertex,-1.205056,3.601875,8.096943,
AddVertex,-1.278224,3.547293,8.096943,
AddVertex,-1.328528,3.471121,8.096943,
AddVertex,-1.350000,3.382399,8.096943,
AddVertex,-1.350000,3.382399,7.896943,
AddVertex,-1.328528,3.471121,7.896943,
AddVertex,-1.328528,3.471121,8.096943,
AddVertex,-1.328528,3.471121,8.096943,
AddVertex,-1.328528,3.471121,7.896943,
AddVertex,-1.278224,3.547293,7.896943,
AddVertex,-1.278224,3.547293,8.096943,
AddVertex,-1.278224,3.547293,7.896943,
AddVertex,-1.205056,3.601875,7.896943,
AddVertex,-1.205056,3.601875,8.096943,
AddVertex,-1.278224,3.547293,8.096943,
AddVertex,-1.117708,3.628390,8.096943,
AddVertex,-1.205056,3.601875,8.096943,
AddVertex,-1.205056,3.601875,7.896943,
AddVertex,-1.117708,3.628390,7.896943,
AddVertex,-1.030022,3.639107,8.096943,
AddVertex,-1.117708,3.628390,8.096943,
AddVertex,-1.117708,3.628390,7.896943,
AddVertex,-1.030022,3.639107,7.896943,
AddVertex,-1.001563,3.642585,8.096943,
AddVertex,-1.001563,3.642585,7.896943,
AddVertex,-0.885417,3.656780,8.096943,
AddVertex,-0.885417,3.656780,7.896943,
AddVertex,-0.609125,3.698236,7.896943,
AddVertex,-0.798382,3.672245,7.896943,
AddVertex,-0.798382,3.672245,8.096943,
AddVertex,-0.609125,3.698236,8.096943,
AddVertex,-0.514497,3.711232,7.896943,
AddVertex,-0.514497,3.711232,8.096943,
AddVertex,-0.419868,3.724228,7.896943,
AddVertex,-0.419868,3.724228,8.096943,
AddVertex,-0.263513,3.736753,7.896943,
AddVertex,-0.419868,3.724228,7.896943,
AddVertex,-0.419868,3.724228,8.096943,
AddVertex,-0.263513,3.736753,8.096943,
AddVertex,-0.106836,3.744272,7.896943,
AddVertex,-0.263513,3.736753,7.896943,
AddVertex,-0.263513,3.736753,8.096943,
AddVertex,-0.106836,3.744272,8.096943,
AddVertex,0.000000,3.745981,7.896943,
AddVertex,-0.106836,3.744272,7.896943,
AddVertex,-0.106836,3.744272,8.096943,
AddVertex,0.000000,3.745981,7.910446,
AddVertex,0.000000,3.745981,7.896943,
AddVertex,0.000000,3.745981,7.910446,
AddVertex,0.000000,3.745981,8.096943,
AddVertex,0.106836,3.744272,8.096943,
AddVertex,0.106836,3.744272,7.896943,
AddVertex,0.575744,3.706712,7.896943,
AddVertex,0.419868,3.724228,7.896943,
AddVertex,0.419868,3.724228,8.096943,
AddVertex,0.575744,3.706712,8.096943,
AddVertex,0.419868,3.724228,8.096943,
AddVertex,-0.419868,3.724228,8.096943,
AddVertex,-0.263513,3.736753,8.096943,
AddVertex,0.263513,3.736753,8.096943,
AddVertex,0.106836,3.744272,8.096943,
AddVertex,-0.106836,3.744272,8.096943,
AddVertex,0.000000,3.745981,8.096943,
AddVertex,0.000000,3.745981,8.096943,
AddVertex,0.106836,3.744272,8.096943,
AddVertex,0.263513,3.736753,8.096943,
AddVertex,0.263513,3.736753,7.896943,
AddVertex,0.106836,3.744272,7.896943,
AddVertex,1.117708,3.628390,7.896943,
AddVertex,1.093254,3.631379,7.896943,
AddVertex,0.419868,3.724228,7.896943,
AddVertex,0.263513,3.736753,7.896943,
AddVertex,0.263513,3.736753,8.096943,
AddVertex,0.419868,3.724228,8.096943,
AddVertex,-0.798382,3.672245,8.096943,
AddVertex,-0.798382,3.672245,7.896943,
AddVertex,-0.822066,3.668036,8.096943,
AddFace,0,1,2,
AddFace,3,0,2,
AddFace,2,4,3,
AddFace,5,6,7,
AddFace,7,8,5,
AddFace,9,10,11,
AddFace,11,12,9,
AddFace,13,14,15,
AddFace,15,16,13,
AddFace,17,18,4,
AddFace,19,17,4,
AddFace,20,19,4,
AddFace,21,20,4,
AddFace,22,21,4,
AddFace,23,22,4,
AddFace,24,23,4,
AddFace,2,24,4,
AddFace,25,26,1,
AddFace,27,25,1,
AddFace,28,27,1,
AddFace,1,17,28,
AddFace,17,29,28,
AddFace,17,19,30,
AddFace,17,30,31,
AddFace,17,31,29,
AddFace,1,26,2,
AddFace,18,32,4,
AddFace,32,33,4,
AddFace,33,34,4,
AddFace,34,35,4,
AddFace,35,36,4,
AddFace,37,38,39,
AddFace,39,40,37,
AddFace,6,41,42,
AddFace,6,42,43,
AddFace,6,43,44,
AddFace,6,44,45,
AddFace,6,45,46,
AddFace,6,46,47,
AddFace,6,47,48,
AddFace,6,48,49,
AddFace,6,49,50,
AddFace,6,50,51,
AddFace,6,51,52,
AddFace,6,52,7,
AddFace,53,54,55,
AddFace,55,56,53,
AddFace,57,58,59,
AddFace,59,60,57,
AddFace,61,62,63,
AddFace,63,64,61,
AddFace,65,66,67,
AddFace,67,68,65,
AddFace,69,70,71,
AddFace,71,72,69,
AddFace,73,69,72,
AddFace,72,74,73,
AddFace,75,73,74,
AddFace,74,76,75,
AddFace,77,78,79,
AddFace,79,80,77,
AddFace,81,77,80,
AddFace,80,82,81,
AddFace,83,81,82,
AddFace,82,84,83,
AddFace,85,86,87,
AddFace,87,88,85,
AddFace,89,90,91,
AddFace,91,92,89,
AddFace,93,94,95,
AddFace,95,96,93,
AddFace,97,98,99,
AddFace,99,100,97,
AddFace,100,101,97,
AddFace,102,103,104,
AddFace,104,105,102,
AddFace,41,106,42,
AddFace,106,107,42,
AddFace,106,108,107,
AddFace,106,109,108,
AddFace,109,110,108,
AddFace,110,111,108,
AddFace,110,112,111,
AddFace,113,96,95,
AddFace,114,115,116,
AddFace,116,117,114,
AddFace,118,119,34,
AddFace,33,118,34,
AddFace,120,121,122,
AddFace,122,123,120,
AddFace,124,125,126,
GenerateNormals,
LoadTexture,wall.png,
SetTextureCoordinates,0,0.002091,1.000804,
SetTextureCoordinates,1,0.002091,0.940030,
SetTextureCoordinates,2,0.216752,0.504900,
SetTextureCoordinates,3,0.274529,1.000804,
SetTextureCoordinates,4,0.274529,0.041404,
SetTextureCoordinates,5,0.274529,1.000804,
SetTextureCoordinates,6,0.274529,0.041404,
SetTextureCoordinates,7,0.966376,0.165503,
SetTextureCoordinates,8,0.966376,1.000804,
SetTextureCoordinates,9,0.002091,-1.647784,
SetTextureCoordinates,10,0.693938,-1.647784,
SetTextureCoordinates,11,0.693938,-1.570860,
SetTextureCoordinates,12,0.002091,-1.570860,
SetTextureCoordinates,13,3.375999,1.000804,
SetTextureCoordinates,14,3.304570,1.000804,
SetTextureCoordinates,15,3.304570,0.165503,
SetTextureCoordinates,16,3.375999,0.165503,
SetTextureCoordinates,17,0.002091,0.165503,
SetTextureCoordinates,18,0.009234,0.131379,
SetTextureCoordinates,19,0.122974,0.256990,
SetTextureCoordinates,20,0.197974,0.256990,
SetTextureCoordinates,21,0.208067,0.267878,
SetTextureCoordinates,22,0.214597,0.281561,
SetTextureCoordinates,23,0.218169,0.289576,
SetTextureCoordinates,24,0.218169,0.485730,
SetTextureCoordinates,25,0.122815,0.514698,
SetTextureCoordinates,26,0.201387,0.514698,
SetTextureCoordinates,27,0.111476,0.505341,
SetTextureCoordinates,28,0.104107,0.492161,
SetTextureCoordinates,29,0.104107,0.484468,
SetTextureCoordinates,30,0.107693,0.266940,
SetTextureCoordinates,31,0.101043,0.280557,
SetTextureCoordinates,32,0.027725,0.102082,
SetTextureCoordinates,33,0.053856,0.081089,
SetTextureCoordinates,34,0.126533,0.065431,
SetTextureCoordinates,35,0.174851,0.057424,
SetTextureCoordinates,36,0.223169,0.049417,
SetTextureCoordinates,37,3.304570,1.485606,
SetTextureCoordinates,38,3.304570,1.481164,
SetTextureCoordinates,39,3.375999,1.481164,
SetTextureCoordinates,40,3.375999,1.485606,
SetTextureCoordinates,41,0.278611,0.040767,
SetTextureCoordinates,42,0.667982,0.039028,
SetTextureCoordinates,43,0.701778,0.044027,
SetTextureCoordinates,44,0.769370,0.054023,
SetTextureCoordinates,45,0.777829,0.055642,
SetTextureCoordinates,46,0.800454,0.059971,
SetTextureCoordinates,47,0.841935,0.065431,
SetTextureCoordinates,48,0.852098,0.066769,
SetTextureCoordinates,49,0.883415,0.070891,
SetTextureCoordinates,50,0.914611,0.081089,
SetTextureCoordinates,51,0.940742,0.102082,
SetTextureCoordinates,52,0.958708,0.131379,
SetTextureCoordinates,53,3.375999,0.324140,
SetTextureCoordinates,54,3.304570,0.324140,
SetTextureCoordinates,55,3.304570,0.289030,
SetTextureCoordinates,56,3.375999,0.289030,
SetTextureCoordinates,57,3.375999,0.633979,
SetTextureCoordinates,58,3.304570,0.633979,
SetTextureCoordinates,59,3.304570,0.598870,
SetTextureCoordinates,60,3.375999,0.598870,
SetTextureCoordinates,61,3.304570,1.044687,
SetTextureCoordinates,62,3.304570,1.009578,
SetTextureCoordinates,63,3.375999,1.009578,
SetTextureCoordinates,64,3.375999,1.044687,
SetTextureCoordinates,65,3.375999,1.472416,
SetTextureCoordinates,66,3.375999,1.507525,
SetTextureCoordinates,67,3.304570,1.507525,
SetTextureCoordinates,68,3.304570,1.472416,
SetTextureCoordinates,69,3.375999,1.689863,
SetTextureCoordinates,70,3.375999,1.723840,
SetTextureCoordinates,71,3.304570,1.723840,
SetTextureCoordinates,72,3.304570,1.689863,
SetTextureCoordinates,73,3.375999,1.678836,
SetTextureCoordinates,74,3.304570,1.678836,
SetTextureCoordinates,75,3.375999,1.633832,
SetTextureCoordinates,76,3.304570,1.633832,
SetTextureCoordinates,77,-2.336103,1.504997,
SetTextureCoordinates,78,-2.336103,1.578471,
SetTextureCoordinates,79,-2.407532,1.578471,
SetTextureCoordinates,80,-2.407532,1.504997,
SetTextureCoordinates,81,-2.336103,1.468259,
SetTextureCoordinates,82,-2.407532,1.468259,
SetTextureCoordinates,83,-2.336103,1.431522,
SetTextureCoordinates,84,-2.407532,1.431522,
SetTextureCoordinates,85,-2.336103,1.452695,
SetTextureCoordinates,86,-2.336103,1.513025,
SetTextureCoordinates,87,-2.407532,1.513025,
SetTextureCoordinates,88,-2.407532,1.452695,
SetTextureCoordinates,89,-2.336103,1.438429,
SetTextureCoordinates,90,-2.336103,1.498758,
SetTextureCoordinates,91,-2.407532,1.498758,
SetTextureCoordinates,92,-2.407532,1.438429,
SetTextureCoordinates,93,-2.336103,1.443394,
SetTextureCoordinates,94,-2.336103,1.484490,
SetTextureCoordinates,95,-2.407532,1.484490,
SetTextureCoordinates,96,-2.340926,1.443394,
SetTextureCoordinates,97,3.304570,1.443394,
SetTextureCoordinates,98,3.309393,1.443394,
SetTextureCoordinates,99,3.375999,1.443394,
SetTextureCoordinates,100,3.375999,1.484490,
SetTextureCoordinates,101,3.304570,1.484490,
SetTextureCoordinates,102,3.304570,1.527275,
SetTextureCoordinates,103,3.304570,1.466945,
SetTextureCoordinates,104,3.375999,1.466945,
SetTextureCoordinates,105,3.375999,1.527275,
SetTextureCoordinates,106,0.334281,0.034030,
SetTextureCoordinates,107,0.634187,0.034030,
SetTextureCoordinates,108,0.578345,0.029213,
SetTextureCoordinates,109,0.390122,0.029213,
SetTextureCoordinates,110,0.446078,0.026320,
SetTextureCoordinates,111,0.522389,0.026320,
SetTextureCoordinates,112,0.484234,0.025663,
SetTextureCoordinates,113,-2.407532,1.443394,
SetTextureCoordinates,114,3.375999,1.438429,
SetTextureCoordinates,115,3.375999,1.498758,
SetTextureCoordinates,116,3.304570,1.498758,
SetTextureCoordinates,117,3.304570,1.438429,
SetTextureCoordinates,118,0.085052,0.070891,
SetTextureCoordinates,119,0.093786,0.069741,
SetTextureCoordinates,120,3.304570,1.513025,
SetTextureCoordinates,121,3.304570,1.452695,
SetTextureCoordinates,122,3.375999,1.452695,
SetTextureCoordinates,123,3.375999,1.513025,
SetTextureCoordinates,124,-2.407532,1.521666,
SetTextureCoordinates,125,-2.336103,1.521666,
SetTextureCoordinates,126,-2.407532,1.530918,
SetColor,255,255,255,255,
;Jeminie 3DS Converter
