# Blender 5.2.2 LTS
# www.blender.org
mtllib Flashlight.mtl
o Object_4
v -0.064994 0.006669 -0.030008
v -0.062657 0.008258 -0.035899
v -0.062657 0.008258 -0.035899
v 0.022091 0.010947 -0.001555
v 0.022091 0.010947 -0.001555
v 0.019754 0.009358 0.004336
v -0.067448 0.007626 -0.024028
v 0.017300 0.010315 0.010317
v -0.069645 0.010982 -0.018870
v 0.015103 0.013671 0.015475
v -0.071250 0.016227 -0.015319
v 0.013498 0.018916 0.019026
v -0.072020 0.022563 -0.013916
v 0.012728 0.025251 0.020429
v -0.071836 0.029024 -0.014874
v 0.012912 0.031712 0.019470
v -0.070728 0.034627 -0.018048
v 0.014020 0.037315 0.016296
v -0.068863 0.038519 -0.022954
v 0.015885 0.041208 0.011390
v -0.066526 0.040108 -0.028846
v 0.018222 0.042796 0.005499
v -0.064072 0.039151 -0.034826
v 0.020676 0.041840 -0.000481
v -0.061875 0.035795 -0.039984
v 0.022872 0.038483 -0.005639
v -0.060270 0.030550 -0.043535
v 0.024478 0.033238 -0.009190
v -0.059500 0.024214 -0.044938
v 0.025247 0.026903 -0.010593
v -0.059684 0.017753 -0.043979
v 0.025064 0.020442 -0.009635
v -0.060792 0.012150 -0.040806
v 0.023956 0.014839 -0.006461
v -0.107320 0.014659 -0.025339
v -0.106780 0.014248 -0.026637
v -0.082504 0.015018 -0.016800
v -0.083831 0.015404 -0.015820
v -0.082171 0.039121 -0.021771
v -0.081328 0.037682 -0.021476
v -0.077598 0.042547 -0.031062
v -0.078826 0.043484 -0.030368
v -0.070192 0.033194 -0.050867
v -0.069584 0.031871 -0.050001
v -0.093860 0.031101 -0.059839
v -0.093681 0.032448 -0.060386
v -0.094114 0.008125 -0.057412
v -0.092519 0.017075 -0.062049
v -0.069030 0.017820 -0.052530
v -0.070625 0.008870 -0.047893
v -0.098921 0.002704 -0.045127
v -0.098921 0.002704 -0.045127
v -0.094666 0.008255 -0.056061
v -0.070390 0.009025 -0.046223
v -0.074645 0.003474 -0.035289
v -0.074645 0.003474 -0.035289
v -0.078902 0.005581 -0.024950
v -0.103178 0.004810 -0.034787
v -0.083357 0.026299 -0.015579
v -0.105604 0.036912 -0.031314
v -0.107633 0.025529 -0.025417
v -0.072742 0.040145 -0.042856
v -0.097018 0.039375 -0.052694
v -0.101874 0.041777 -0.040899
v -0.068612 0.019003 -0.051393
v -0.092887 0.018233 -0.061231
v -0.084595 0.025521 -0.014725
v -0.108084 0.024776 -0.024244
v -0.102315 0.042739 -0.039887
v -0.105660 0.038375 -0.031290
v -0.096513 0.039869 -0.053978
v -0.073024 0.040614 -0.044459
v -0.103016 0.003383 -0.035075
v -0.099198 0.001494 -0.044349
v -0.075709 0.002239 -0.034830
v -0.079527 0.004128 -0.025556
v -0.070947 0.029991 -0.046491
v -0.073430 0.036498 -0.040872
v -0.071581 0.012022 -0.043520
v -0.070182 0.019870 -0.047586
v -0.081109 0.016736 -0.020379
v -0.078275 0.009313 -0.026788
v -0.080183 0.034561 -0.024057
v -0.081779 0.025608 -0.019419
v -0.077250 0.038388 -0.031596
v -0.074927 0.007657 -0.034920
v -0.074927 0.007657 -0.034920
v 0.059000 0.010966 0.012786
v 0.059000 0.010966 0.012786
v 0.059589 0.008039 0.011561
v 0.059589 0.008039 0.011561
v 0.061956 0.012978 0.005335
v 0.061048 0.015253 0.007398
v 0.063363 0.020089 0.001307
v 0.062275 0.021457 0.003884
v 0.063595 0.028288 0.000091
v 0.062478 0.028612 0.002823
v 0.062619 0.036328 0.001872
v 0.061626 0.035627 0.004376
v 0.038513 0.046249 0.004069
v 0.058166 0.046872 0.012033
v 0.060579 0.042990 0.006384
v 0.040926 0.042367 -0.001581
v 0.043710 0.019465 -0.006657
v 0.043942 0.027665 -0.007873
v 0.059846 0.041440 0.008313
v 0.039937 0.007415 0.003597
v 0.039937 0.007415 0.003597
v 0.042303 0.012355 -0.002629
v 0.057741 0.044827 0.013243
v 0.056519 0.048608 0.015962
v 0.056303 0.046342 0.016671
v 0.053148 0.047846 0.024339
v 0.054752 0.050762 0.017349
v 0.051965 0.048963 0.025084
v 0.052728 0.051464 0.019603
v 0.053362 0.045677 0.023980
v 0.051713 0.046442 0.027990
v 0.052128 0.044475 0.027121
v 0.044483 0.049958 0.017303
v 0.044208 0.051110 0.017891
v 0.047581 0.050767 0.020308
v 0.047895 0.049611 0.019748
v 0.049343 0.049595 0.023894
v 0.049676 0.048425 0.023375
v 0.049022 0.047907 0.027686
v 0.049353 0.046718 0.027211
v 0.046693 0.051324 0.021208
v 0.048249 0.050288 0.024376
v 0.043713 0.051627 0.019072
v 0.041384 0.048588 0.025059
v 0.047967 0.048796 0.027727
v 0.036866 0.047985 0.007998
v 0.037050 0.050201 0.010175
v 0.056623 0.006022 0.019038
v 0.056412 0.009206 0.019310
v 0.053509 0.007236 0.026627
v 0.053695 0.010266 0.025932
v 0.050721 0.011496 0.033173
v 0.051262 0.013982 0.031643
v 0.048684 0.018152 0.037679
v 0.049485 0.019790 0.035575
v 0.031069 0.010872 0.025209
v 0.033857 0.006613 0.018663
v 0.028192 0.032786 0.030591
v 0.047845 0.033409 0.038556
v 0.048235 0.037803 0.037249
v 0.028582 0.037180 0.029284
v 0.047707 0.026200 0.039460
v 0.048632 0.026813 0.037129
v 0.036971 0.005399 0.011074
v 0.048753 0.033103 0.036340
v 0.049093 0.036937 0.035200
v 0.028054 0.025577 0.031496
v 0.049599 0.045877 0.031164
v 0.047010 0.040664 0.037243
v 0.050430 0.044300 0.031325
v 0.046470 0.043300 0.035686
v 0.051008 0.042606 0.030031
v 0.036893 0.050962 0.013186
v 0.043013 0.044810 0.032045
v 0.038935 0.044231 0.031443
v 0.039149 0.043000 0.031011
v 0.043274 0.043585 0.031620
v 0.046706 0.046155 0.030670
v 0.047009 0.044946 0.030229
v 0.045919 0.047249 0.030363
v 0.042657 0.046060 0.031578
v 0.039054 0.045549 0.031046
v 0.029308 0.040103 0.030069
v 0.037547 0.010285 0.004092
v 0.037547 0.010285 0.004092
v 0.039594 0.014572 -0.001295
v 0.040822 0.020777 -0.004810
v 0.041025 0.027931 -0.005871
v 0.042966 0.035705 -0.006093
v 0.040173 0.034946 -0.004318
v 0.030634 0.042798 0.029268
v 0.038393 0.040759 -0.000381
v 0.036288 0.044146 0.004549
v 0.034850 0.045661 0.007977
v 0.033495 0.047222 0.016375
v 0.033763 0.048385 0.017708
v 0.031909 0.044996 0.015287
v 0.032060 0.045818 0.020025
v 0.030675 0.043794 0.018427
v 0.040128 0.050531 0.017288
v 0.040356 0.049372 0.016693
v 0.036436 0.049186 0.018663
v 0.036621 0.048011 0.018084
v 0.034119 0.047434 0.021647
v 0.034278 0.046240 0.021102
v 0.036846 0.049926 0.019755
v 0.040108 0.051115 0.018540
v 0.034799 0.048379 0.022391
v 0.034959 0.008526 0.010616
v 0.032242 0.009585 0.017238
v 0.029809 0.013302 0.022949
v 0.029031 0.017529 0.029715
v 0.028032 0.019110 0.026882
v 0.027179 0.026132 0.028435
v 0.027300 0.032422 0.027646
v 0.027640 0.036256 0.026506
v 0.031397 0.045299 0.023787
v 0.030777 0.043677 0.023361
v 0.029555 0.041925 0.021337
v 0.035561 0.044574 0.029025
v 0.035736 0.043346 0.028565
v 0.033799 0.045746 0.025439
v 0.033954 0.044532 0.024939
v 0.036073 0.045851 0.028909
v 0.034516 0.046887 0.025742
v 0.032580 0.046842 0.020748
v 0.050782 0.047420 0.028124
v 0.115876 0.015403 0.017645
v 0.116617 0.028219 0.014814
v 0.120000 0.025523 0.016423
v 0.119632 0.015522 0.019168
v 0.112679 0.006180 0.026256
v 0.116815 0.007784 0.025671
v 0.088221 0.002784 0.020036
v 0.088221 0.002784 0.020036
v 0.091333 0.009717 0.011816
v 0.102464 0.011350 0.014831
v 0.103014 0.003253 0.026031
v 0.103014 0.003253 0.026031
v 0.096842 0.016999 0.013773
v 0.107423 0.015135 0.014220
v 0.093263 0.020547 0.006205
v 0.103877 0.018762 0.010997
v 0.093372 0.031683 0.005064
v 0.108165 0.032152 0.011059
v 0.076791 0.020693 -0.000550
v 0.076891 0.031160 -0.001615
v 0.074465 0.016500 0.005517
v 0.074686 0.007991 0.005639
v 0.071740 0.002261 0.013357
v 0.071740 0.002261 0.013357
v 0.111466 0.003521 0.029456
v 0.111466 0.003521 0.029456
v 0.116617 0.032420 0.014484
v 0.111837 0.009158 0.028099
v 0.116383 0.009065 0.026638
v 0.115230 0.028303 0.018229
v 0.115061 0.031883 0.018364
v 0.110685 0.007329 0.031085
v 0.110685 0.007329 0.031085
v 0.119051 0.016336 0.020538
v 0.119375 0.025730 0.017951
v 0.114556 0.017428 0.021101
v 0.072765 0.030554 0.001106
v 0.072656 0.019020 0.002279
v 0.071512 0.012000 0.005651
v 0.068369 0.005887 0.013886
v 0.068369 0.005887 0.013886
v 0.071227 0.016772 0.005982
v 0.113407 0.048072 0.021180
v 0.108981 0.054792 0.031575
v 0.113376 0.053823 0.030552
v 0.117163 0.048191 0.022702
v 0.115953 0.036494 0.015804
v 0.118984 0.039057 0.017870
v 0.091628 0.042178 0.008545
v 0.101925 0.044234 0.013586
v 0.094659 0.044794 0.016982
v 0.104955 0.047804 0.017755
v 0.088201 0.051157 0.016299
v 0.099664 0.050409 0.018915
v 0.084227 0.055643 0.025755
v 0.099019 0.056112 0.031750
v 0.071481 0.050912 0.010186
v 0.067745 0.055120 0.019076
v 0.072429 0.043440 0.008432
v 0.075539 0.040782 0.000966
v 0.107472 0.056380 0.035175
v 0.114681 0.035489 0.019021
v 0.118420 0.038446 0.019310
v 0.108618 0.051313 0.032743
v 0.107291 0.052240 0.035944
v 0.116731 0.047028 0.023858
v 0.113152 0.052318 0.031224
v 0.112459 0.045185 0.024104
v 0.064960 0.051005 0.018767
v 0.069076 0.046368 0.008971
v 0.071324 0.040820 0.003860
v 0.069541 0.041901 0.008175
v 0.101078 0.054171 0.051124
v 0.097602 0.045509 0.060380
v 0.101620 0.047755 0.060037
v 0.104835 0.054291 0.052646
v 0.105849 0.056239 0.039191
v 0.108271 0.056367 0.042952
v 0.080038 0.055196 0.036127
v 0.089982 0.055300 0.042189
v 0.084150 0.049777 0.042524
v 0.092626 0.053903 0.047698
v 0.075990 0.049916 0.046530
v 0.087284 0.051708 0.049362
v 0.073424 0.041552 0.053514
v 0.088217 0.042021 0.059509
v 0.059351 0.048895 0.040277
v 0.056943 0.041029 0.046835
v 0.062263 0.048470 0.033125
v 0.063964 0.055337 0.028389
v 0.096669 0.042289 0.062934
v 0.105904 0.052640 0.039335
v 0.108355 0.054709 0.042874
v 0.098764 0.043275 0.057687
v 0.098113 0.040268 0.059530
v 0.105149 0.052758 0.051990
v 0.102107 0.046617 0.058925
v 0.101984 0.050368 0.049545
v 0.055739 0.038978 0.042461
v 0.058393 0.047645 0.035234
v 0.060925 0.051237 0.028704
v 0.060109 0.047132 0.031039
v 0.095928 0.025273 0.066096
v 0.098205 0.013199 0.061421
v 0.100978 0.015705 0.064130
v 0.099684 0.025392 0.067618
v 0.096330 0.038128 0.064097
v 0.099480 0.035793 0.066253
v 0.072579 0.030780 0.056443
v 0.083140 0.029255 0.061111
v 0.079838 0.025061 0.055100
v 0.087476 0.025004 0.062670
v 0.073504 0.018538 0.055119
v 0.083846 0.020864 0.060261
v 0.075893 0.008883 0.049980
v 0.090686 0.009353 0.055975
v 0.057164 0.017429 0.048137
v 0.059412 0.008360 0.043301
v 0.058016 0.024639 0.045471
v 0.055957 0.031541 0.050010
v 0.099138 0.009621 0.059400
v 0.097636 0.036909 0.060969
v 0.100097 0.035380 0.064765
v 0.099287 0.015297 0.058588
v 0.100211 0.012511 0.056527
v 0.100310 0.025608 0.066056
v 0.101503 0.016506 0.062771
v 0.097608 0.025814 0.062266
v 0.057846 0.011093 0.039444
v 0.055369 0.021087 0.044774
v 0.054687 0.028854 0.045849
v 0.055966 0.025237 0.042977
v 0.105073 0.001312 0.045405
v 0.109957 0.002513 0.033260
v 0.112337 0.001965 0.037176
v 0.108829 0.001432 0.046927
v 0.100551 0.007190 0.056102
v 0.104761 0.005767 0.055573
v 0.079560 0.002673 0.041418
v 0.090854 0.002093 0.044203
v 0.087682 0.004803 0.037331
v 0.096621 0.001044 0.041980
v 0.084180 0.000387 0.030197
v 0.094101 0.000502 0.036550
v 0.067943 0.000000 0.022904
v 0.065557 0.004880 0.028409
v 0.062584 0.002279 0.035950
v 0.101303 0.010035 0.054025
v 0.105058 0.007170 0.054731
v 0.109463 0.006044 0.034202
v 0.108902 0.003098 0.046618
v 0.112175 0.003598 0.037448
v 0.105378 0.005456 0.044686
v 0.064185 0.003395 0.024406
v 0.061231 0.004605 0.031601
v 0.062837 0.006474 0.027491
v 0.060406 0.045612 0.030427
v 0.056924 0.037319 0.039668
v 0.056583 0.025412 0.041440
v 0.062922 0.008102 0.027154
v 0.058726 0.013465 0.037087
v 0.067728 0.009011 0.015222
v 0.067728 0.009011 0.015222
v 0.071489 0.030113 0.004290
v 0.070662 0.017603 0.007311
v 0.064812 0.047608 0.019398
v 0.069107 0.040786 0.009333
v 0.097366 0.043231 0.057120
v 0.096715 0.040224 0.058963
v 0.113663 0.031838 0.017798
v 0.113283 0.035445 0.018454
v 0.096238 0.036864 0.060402
v 0.096085 0.025766 0.061649
v 0.104506 0.052596 0.038769
v 0.100461 0.050319 0.048928
v 0.105893 0.052196 0.035377
v 0.097889 0.015253 0.058022
v 0.098812 0.012467 0.055960
v 0.107220 0.051269 0.032177
v 0.108065 0.005999 0.033635
v 0.109287 0.007284 0.030518
v 0.109287 0.007284 0.030518
v 0.113033 0.017380 0.020484
v 0.113832 0.028258 0.017662
v 0.110936 0.045137 0.023487
v 0.103855 0.005408 0.044069
v 0.099905 0.009991 0.053458
v 0.110439 0.009113 0.027533
v 0.113003 0.024780 0.019978
v 0.112318 0.018381 0.022170
v 0.110904 0.013003 0.026080
v 0.108900 0.009171 0.031325
v 0.108900 0.009171 0.031325
v 0.106502 0.007260 0.037393
v 0.103944 0.007459 0.043688
v 0.101478 0.009746 0.049596
v 0.099344 0.013899 0.054537
v 0.097751 0.019511 0.058028
v 0.096855 0.026032 0.059727
v 0.096745 0.032824 0.059468
v 0.097430 0.039223 0.057277
v 0.098844 0.044601 0.053367
v 0.100848 0.048433 0.048121
v 0.103246 0.050344 0.042054
v 0.105804 0.050145 0.035758
v 0.108270 0.047858 0.029851
v 0.110404 0.043705 0.024910
v 0.111997 0.038093 0.021419
v 0.112893 0.031572 0.019720
v 0.110028 0.038031 0.020621
v 0.108436 0.043642 0.024112
v 0.094776 0.032762 0.058670
v 0.094887 0.025969 0.058929
v 0.106302 0.047795 0.029053
v 0.095782 0.019448 0.057230
v 0.103835 0.050083 0.034960
v 0.106931 0.009108 0.030527
v 0.106931 0.009108 0.030527
v 0.108936 0.012940 0.025282
v 0.097375 0.013837 0.053739
v 0.101277 0.050281 0.041256
v 0.110349 0.018319 0.021372
v 0.099509 0.009684 0.048798
v 0.098879 0.048371 0.047323
v 0.111035 0.024717 0.019180
v 0.101976 0.007396 0.042890
v 0.096875 0.044539 0.052569
v 0.110924 0.031510 0.018922
v 0.104533 0.007198 0.036595
v 0.095461 0.039160 0.056479
v 0.060536 0.004694 0.023758
v 0.064838 0.006808 0.012979
v 0.064838 0.006808 0.012979
v 0.068192 0.006914 0.014338
v 0.068192 0.006914 0.014338
v 0.063891 0.004800 0.025118
v 0.056256 0.008663 0.034009
v 0.059611 0.008770 0.035369
v 0.053144 0.017653 0.040986
v 0.056499 0.017759 0.042345
v 0.052033 0.029253 0.042818
v 0.055388 0.029360 0.044177
v 0.053222 0.040357 0.039014
v 0.056577 0.040463 0.040374
v 0.056392 0.047988 0.030595
v 0.059747 0.048094 0.031955
v 0.060693 0.050102 0.019816
v 0.064048 0.050208 0.021176
v 0.064974 0.046132 0.009565
v 0.068328 0.046239 0.010924
v 0.068086 0.037143 0.002589
v 0.071441 0.037249 0.003948
v 0.069197 0.025542 0.000757
v 0.072551 0.025649 0.002116
v 0.068008 0.014439 0.004560
v 0.071362 0.014545 0.005919
v 0.058663 0.008941 0.011659
v 0.058663 0.008941 0.011659
v 0.061476 0.015715 0.004186
v 0.062532 0.025570 0.000810
v 0.061546 0.035867 0.002436
v 0.058783 0.043846 0.008628
v 0.054984 0.047369 0.017727
v 0.051166 0.045493 0.027295
v 0.048353 0.038719 0.034768
v 0.047298 0.028864 0.038144
v 0.048283 0.018567 0.036518
v 0.051046 0.010588 0.030326
v 0.054845 0.007065 0.021227
v -0.076147 0.004833 -0.032028
v -0.072694 0.006530 -0.040682
v -0.072694 0.006530 -0.040682
v -0.062146 0.006865 -0.036408
v -0.062146 0.006865 -0.036408
v -0.065600 0.005168 -0.027754
v -0.076021 0.041289 -0.035193
v -0.079475 0.039591 -0.026539
v -0.068927 0.039926 -0.022265
v -0.065474 0.041623 -0.030919
v -0.082019 0.033465 -0.019780
v -0.071472 0.033799 -0.015505
v -0.082974 0.024550 -0.016727
v -0.072426 0.024885 -0.012452
v -0.082082 0.015237 -0.018198
v -0.071535 0.015572 -0.013923
v -0.079584 0.008020 -0.023798
v -0.069036 0.008355 -0.019524
v -0.070149 0.012657 -0.047442
v -0.069195 0.021571 -0.050495
v -0.058647 0.021906 -0.046220
v -0.059602 0.012992 -0.043167
v -0.070086 0.030885 -0.049024
v -0.059539 0.031219 -0.044749
v -0.072585 0.038102 -0.043423
v -0.062037 0.038436 -0.039149
v -0.067794 0.008876 -0.019383
v -0.070212 0.015860 -0.013963
v -0.058603 0.031003 -0.043794
v -0.057740 0.021990 -0.045218
v -0.067688 0.039428 -0.022035
v -0.064346 0.041071 -0.030410
v -0.071075 0.024873 -0.012539
v -0.058664 0.013363 -0.042263
v -0.061021 0.037987 -0.038374
v -0.070151 0.033499 -0.015494
v -0.061127 0.007434 -0.035722
v -0.061127 0.007434 -0.035722
v -0.064468 0.005792 -0.027347
v -0.058135 0.022075 -0.044250
v -0.058947 0.030554 -0.042911
v -0.064350 0.040026 -0.030319
v -0.067494 0.038481 -0.022441
v -0.070680 0.024787 -0.013507
v -0.069868 0.016309 -0.014846
v -0.059004 0.013960 -0.041470
v -0.064465 0.006837 -0.027438
v -0.061321 0.008382 -0.035317
v -0.061321 0.008382 -0.035317
v -0.061222 0.037125 -0.037812
v -0.069811 0.032903 -0.016287
v -0.067593 0.009738 -0.019945
v 0.024002 0.016480 -0.008005
v 0.026654 0.015812 -0.008083
v 0.024130 0.009734 -0.001377
v 0.024130 0.009734 -0.001377
v 0.021658 0.010837 -0.001779
v 0.021658 0.010837 -0.001779
v 0.040278 0.008371 0.004215
v 0.040278 0.008371 0.004215
v 0.031914 0.008153 0.000850
v 0.031914 0.008153 0.000850
v 0.034718 0.014904 -0.006598
v 0.043089 0.015140 -0.003253
v 0.031979 0.015929 -0.006004
v 0.027601 0.024656 -0.011112
v 0.032931 0.024816 -0.009048
v 0.026125 0.044474 0.006207
v 0.020829 0.044216 0.004068
v 0.017403 0.042533 0.012654
v 0.022683 0.042781 0.014835
v 0.026717 0.033895 -0.009652
v 0.032042 0.034101 -0.007582
v 0.020083 0.018502 0.023151
v 0.014816 0.018372 0.020929
v 0.017295 0.011212 0.015373
v 0.022574 0.011307 0.017567
v 0.014879 0.036455 0.019359
v 0.020146 0.036674 0.021573
v 0.024238 0.041055 -0.004096
v 0.029551 0.041296 -0.001998
v 0.020704 0.008051 0.007208
v 0.026000 0.008130 0.009362
v 0.013932 0.027611 0.022388
v 0.019194 0.027787 0.024617
v 0.029442 0.009822 0.000735
v 0.029442 0.009822 0.000735
v 0.013746 0.019816 0.017041
v 0.013011 0.018857 0.018931
v 0.012190 0.027435 0.020285
v 0.013034 0.027252 0.018215
v 0.015413 0.041288 0.011247
v 0.018593 0.042851 0.003277
v 0.024881 0.024691 -0.010817
v 0.024060 0.033269 -0.009462
v 0.015312 0.012209 0.013772
v 0.013069 0.035645 0.017473
v 0.021759 0.039916 -0.004304
v 0.018477 0.009274 0.006192
v 0.028109 0.006283 0.010386
v 0.020586 0.028010 0.027247
v 0.021569 0.017747 0.025626
v 0.028248 0.046454 0.006898
v 0.024442 0.044584 0.016434
v 0.035770 0.024727 -0.009963
v 0.034788 0.034990 -0.008342
v 0.024322 0.009795 0.019455
v 0.021638 0.037833 0.023883
v 0.032034 0.042943 -0.002171
v 0.044144 0.024988 -0.006626
v 0.043159 0.035277 -0.005001
v 0.040398 0.043251 0.001187
v 0.036602 0.046772 0.010279
v 0.032787 0.044897 0.019840
v 0.029975 0.038128 0.027308
v 0.028920 0.028280 0.030681
v 0.029905 0.017990 0.029056
v 0.032666 0.010017 0.022868
v 0.036462 0.006496 0.013776
v 0.015829 0.039261 0.010380
v 0.018586 0.040616 0.003471
v 0.023325 0.032310 -0.007572
v 0.024036 0.024873 -0.008747
v 0.015741 0.014054 0.012569
v 0.013797 0.034370 0.015777
v 0.021329 0.038072 -0.003100
v 0.018485 0.011509 0.005998
v 0.023274 0.017756 -0.006309
v 0.021242 0.012864 -0.000912
v 0.021242 0.012864 -0.000912
v -0.115777 0.011943 -0.029820
v -0.114473 0.007622 -0.032700
v -0.105627 0.007903 -0.029115
v -0.106931 0.012223 -0.026235
v -0.116876 0.019338 -0.027689
v -0.108029 0.019618 -0.024104
v -0.116929 0.026879 -0.028147
v -0.108083 0.027160 -0.024562
v -0.116321 0.032074 -0.030055
v -0.107475 0.032355 -0.026470
v -0.106196 0.026226 -0.029146
v -0.106168 0.020261 -0.028748
v -0.105511 0.015479 -0.029994
v -0.104343 0.011363 -0.032554
v -0.105746 0.029936 -0.030545
v -0.114183 0.008404 -0.033477
v -0.115586 0.012521 -0.030337
v -0.116620 0.026742 -0.028899
v -0.115930 0.031528 -0.030975
v -0.119354 0.019331 -0.029362
v -0.118586 0.013983 -0.030839
v -0.119213 0.014058 -0.029035
v -0.119961 0.019092 -0.027583
v -0.107851 0.020449 -0.031659
v -0.116572 0.019443 -0.028447
v -0.107868 0.025762 -0.032033
v -0.107484 0.028859 -0.033221
v -0.106264 0.012714 -0.034968
v -0.107280 0.016292 -0.032743
v -0.102738 0.022215 -0.044412
v -0.119392 0.025042 -0.029715
v -0.120000 0.024585 -0.027917
v -0.116427 0.011837 -0.029230
v -0.117332 0.019198 -0.026735
v -0.117528 0.026689 -0.027156
v -0.107110 0.001389 -0.050380
v -0.105245 0.003057 -0.055113
v -0.105245 0.003057 -0.055113
v -0.096399 0.003337 -0.051528
v -0.096399 0.003337 -0.051528
v -0.098264 0.001670 -0.046795
v -0.110031 0.001404 -0.043175
v -0.101184 0.001684 -0.039590
v -0.112752 0.004119 -0.036671
v -0.103906 0.004400 -0.033086
v -0.103118 0.008824 -0.035378
v -0.100969 0.006639 -0.040511
v -0.099093 0.006494 -0.045128
v -0.097334 0.007895 -0.049578
v -0.097334 0.007895 -0.049578
v -0.105456 0.004086 -0.054672
v -0.105456 0.004086 -0.054672
v -0.107272 0.002091 -0.050035
v -0.112629 0.004849 -0.037033
v -0.112713 0.001932 -0.044387
v -0.110607 0.001855 -0.049578
v -0.110714 0.000066 -0.048911
v -0.112702 0.000076 -0.044006
v -0.103331 0.008608 -0.041885
v -0.109995 0.002213 -0.043326
v -0.105244 0.010573 -0.037318
v -0.100172 0.009699 -0.049766
v -0.100172 0.009699 -0.049766
v -0.101701 0.008482 -0.045898
v -0.114774 0.003994 -0.039464
v -0.114685 0.002054 -0.039268
v -0.107502 0.000597 -0.050372
v -0.110139 0.000356 -0.043008
v -0.112963 0.002969 -0.036565
v -0.101239 0.019336 -0.066274
v -0.101390 0.024687 -0.066319
v -0.092544 0.024968 -0.062734
v -0.092393 0.019617 -0.062689
v -0.101945 0.011950 -0.063953
v -0.093099 0.012231 -0.060368
v -0.103574 0.006087 -0.059475
v -0.094728 0.006368 -0.055890
v -0.096128 0.010036 -0.052722
v -0.094827 0.014650 -0.056293
v -0.094325 0.019343 -0.057900
v -0.094406 0.024325 -0.058090
v -0.101811 0.024542 -0.065270
v -0.101530 0.019191 -0.065544
v -0.103807 0.006675 -0.058946
v -0.104869 0.012164 -0.064545
v -0.104335 0.017465 -0.066276
v -0.103648 0.016289 -0.067618
v -0.104129 0.011261 -0.066038
v -0.097992 0.015572 -0.055603
v -0.102227 0.012345 -0.063288
v -0.099157 0.011473 -0.052408
v -0.097626 0.023981 -0.057166
v -0.097556 0.019651 -0.057001
v -0.106104 0.007728 -0.061150
v -0.105315 0.006990 -0.062776
v -0.101322 0.018937 -0.067058
v -0.101644 0.011439 -0.064839
v -0.103346 0.005559 -0.060498
v -0.106277 0.040982 -0.055537
v -0.108235 0.042621 -0.050832
v -0.099389 0.042902 -0.047247
v -0.097430 0.041262 -0.051952
v -0.103793 0.036402 -0.061307
v -0.094947 0.036683 -0.057722
v -0.102078 0.030063 -0.065044
v -0.093231 0.030344 -0.061459
v -0.094885 0.028187 -0.057209
v -0.096231 0.033223 -0.054283
v -0.097796 0.036269 -0.050659
v -0.099605 0.037947 -0.046327
v -0.108284 0.041502 -0.050624
v -0.106294 0.040190 -0.055431
v -0.102345 0.029697 -0.064356
v -0.106661 0.035887 -0.061979
v -0.108437 0.039241 -0.057858
v -0.107780 0.040306 -0.059303
v -0.106089 0.037189 -0.063231
v -0.099213 0.031716 -0.053857
v -0.104002 0.035838 -0.060746
v -0.098020 0.027218 -0.056448
v -0.102146 0.035822 -0.046940
v -0.100573 0.034364 -0.050706
v -0.105364 0.031084 -0.064804
v -0.104839 0.032572 -0.065953
v -0.106427 0.041512 -0.056229
v -0.103586 0.037131 -0.062057
v -0.101968 0.030879 -0.065881
v -0.115262 0.036412 -0.033007
v -0.106416 0.036693 -0.029423
v -0.113020 0.040968 -0.038895
v -0.104174 0.041249 -0.035310
v -0.110331 0.042913 -0.045682
v -0.101485 0.043194 -0.042097
v -0.101107 0.038193 -0.042638
v -0.103240 0.036691 -0.037260
v -0.104709 0.033880 -0.033413
v -0.114982 0.036068 -0.033672
v -0.110264 0.042099 -0.045785
v -0.115614 0.040317 -0.040235
v -0.117245 0.037089 -0.035957
v -0.117399 0.038928 -0.035457
v -0.115874 0.042029 -0.039465
v -0.105305 0.034731 -0.039058
v -0.112868 0.040224 -0.039213
v -0.103403 0.036050 -0.043855
v -0.106583 0.032288 -0.035714
v -0.113577 0.041785 -0.045376
v -0.113915 0.043446 -0.044409
v -0.115762 0.037124 -0.032850
v -0.113282 0.041927 -0.038508
v -0.110733 0.043938 -0.045274
v 0.057177 0.039411 0.038975
v 0.056085 0.029209 0.042469
v 0.057105 0.018550 0.040786
v 0.067850 0.008586 0.015054
v 0.067850 0.008586 0.015054
v 0.070762 0.015598 0.007318
v 0.059965 0.010291 0.034376
v 0.071854 0.025799 0.003824
v 0.063898 0.006644 0.024958
v 0.070834 0.036458 0.005507
v 0.067974 0.044717 0.011917
v 0.064042 0.048365 0.021336
v 0.060090 0.046422 0.031240
v 0.107656 0.006611 0.029542
v 0.107656 0.006611 0.029542
v 0.109481 0.045897 0.021963
v 0.109481 0.045897 0.021963
v 0.112157 0.031870 0.016456
v 0.112157 0.031870 0.016456
v 0.111683 0.016753 0.018809
v 0.111683 0.016753 0.018809
v 0.102046 0.004183 0.043574
v 0.102046 0.004183 0.043574
v 0.104164 0.052811 0.034540
v 0.104164 0.052811 0.034540
v 0.096880 0.011943 0.055713
v 0.096880 0.011943 0.055713
v 0.098482 0.051339 0.048676
v 0.098482 0.051339 0.048676
v 0.093888 0.025558 0.062032
v 0.093888 0.025558 0.062032
v 0.094723 0.040496 0.058803
v 0.094723 0.040496 0.058803
v 0.113294 0.031906 0.016917
v 0.113294 0.031906 0.016917
v 0.110617 0.045933 0.022423
v 0.110617 0.045933 0.022423
v 0.108792 0.006647 0.030002
v 0.108792 0.006647 0.030002
v 0.112820 0.016790 0.019270
v 0.112820 0.016790 0.019270
v 0.105301 0.052847 0.035001
v 0.105301 0.052847 0.035001
v 0.103183 0.004219 0.044034
v 0.103183 0.004219 0.044034
v 0.099619 0.051375 0.049136
v 0.099619 0.051375 0.049136
v 0.098017 0.011979 0.056174
v 0.098017 0.011979 0.056174
v 0.095859 0.040532 0.059263
v 0.095859 0.040532 0.059263
v 0.095024 0.025594 0.062493
v 0.095024 0.025594 0.062493
v 0.107399 0.006826 0.029551
v 0.088710 0.022768 0.030370
v 0.086973 0.022539 0.034674
v 0.100461 0.005911 0.046745
v 0.085595 0.025657 0.037831
v 0.094954 0.018368 0.059357
v 0.085382 0.030296 0.037993
v 0.094105 0.036901 0.060002
v 0.086460 0.033739 0.035063
v 0.098411 0.050653 0.048300
v 0.088197 0.033968 0.030760
v 0.105350 0.051568 0.031106
v 0.089575 0.030849 0.027602
v 0.110856 0.039111 0.018493
v 0.089788 0.026211 0.027441
v 0.111705 0.020578 0.017849
v 0.090812 0.028356 0.034025
v 0.088487 0.022761 0.030280
v 0.086750 0.022532 0.034584
v 0.087362 0.028246 0.032626
v 0.089565 0.026203 0.027351
v 0.087974 0.033961 0.030669
v 0.089352 0.030842 0.027512
v 0.085372 0.025650 0.037741
v 0.085159 0.030289 0.037902
v 0.086237 0.033731 0.034973
v -0.079073 0.008456 -0.013536
v -0.079218 0.008819 -0.014460
v -0.081029 0.017646 -0.010684
v -0.081029 0.017646 -0.010684
v -0.080882 0.017279 -0.009762
v -0.080882 0.017279 -0.009762
v 0.010244 0.012754 0.022651
v 0.008923 0.019192 0.025406
v 0.003587 0.021673 0.020496
v 0.005401 0.012827 0.016711
v -0.009998 0.021309 0.014868
v -0.009998 0.021309 0.014868
v -0.002311 0.022402 0.016003
v -0.002311 0.022402 0.016003
v -0.000491 0.013528 0.012207
v -0.008179 0.012439 0.011073
v -0.078522 0.009191 -0.014990
v -0.080332 0.018014 -0.011216
v -0.080332 0.018014 -0.011216
v -0.016126 0.010504 0.011824
v -0.017940 0.019348 0.015607
v -0.017940 0.019348 0.015607
v -0.080432 0.018637 -0.012622
v -0.068773 0.018989 -0.007979
v -0.066967 0.010184 -0.011746
v -0.078609 0.009746 -0.016426
v 0.006263 0.013404 0.015743
v 0.004445 0.022272 0.019537
v 0.004445 0.022272 0.019537
v 0.009930 0.019732 0.024629
v 0.009930 0.019732 0.024629
v 0.011250 0.013292 0.021874
v -0.080102 0.007797 -0.012587
v -0.081925 0.016688 -0.008783
v -0.082288 0.017641 -0.011188
v -0.080465 0.008752 -0.014991
v -0.002654 0.021795 0.017224
v -0.009866 0.020777 0.016150
v -0.008050 0.011924 0.012363
v -0.000839 0.012945 0.013438
v -0.018007 0.018785 0.016940
v -0.016186 0.009907 0.013142
v -0.066176 0.009616 -0.010176
v -0.065108 0.012497 -0.016398
v -0.063795 0.012539 -0.015866
v -0.068001 0.018516 -0.006369
v -0.068001 0.018516 -0.006369
v -0.065621 0.021439 -0.012059
v -0.065621 0.021439 -0.012059
v -0.066933 0.021397 -0.012590
v -0.063178 0.016190 -0.011362
v -0.064081 0.024945 -0.009821
v -0.070100 0.024754 -0.012260
v -0.069198 0.015999 -0.013802
v -0.063223 0.033334 -0.012592
v -0.069243 0.033143 -0.015032
v -0.060811 0.039143 -0.019001
v -0.066830 0.038952 -0.021440
v -0.057316 0.041109 -0.027778
v -0.063336 0.040918 -0.030218
v -0.056521 0.040926 -0.029726
v -0.062541 0.040735 -0.032165
v -0.060903 0.042187 -0.032770
v -0.057353 0.042300 -0.031332
v -0.066886 0.009082 -0.018965
v -0.060866 0.009273 -0.016525
v -0.057656 0.006189 -0.024205
v -0.063676 0.005998 -0.026644
v -0.054382 0.007798 -0.032410
v -0.060402 0.007607 -0.034849
v -0.051726 0.013855 -0.039437
v -0.057746 0.013664 -0.041877
v -0.057346 0.015406 -0.043001
v -0.051326 0.015597 -0.040561
v -0.055421 0.015458 -0.044205
v -0.051871 0.015571 -0.042766
v -0.056362 0.039566 -0.030020
v -0.056362 0.039566 -0.030020
v -0.062376 0.039375 -0.032457
v -0.062376 0.039375 -0.032457
v -0.060420 0.041334 -0.033770
v -0.056956 0.041444 -0.032366
v -0.051937 0.016968 -0.042837
v -0.055401 0.016858 -0.044241
v -0.057690 0.016525 -0.042232
v -0.057690 0.016525 -0.042232
v -0.051676 0.016716 -0.039795
v -0.051676 0.016716 -0.039795
v -0.057277 0.039922 -0.027790
v -0.060587 0.038836 -0.019528
v -0.063291 0.039731 -0.030227
v -0.068887 0.016404 -0.014599
v -0.069812 0.024831 -0.012977
v -0.068935 0.033027 -0.015784
v -0.063793 0.025022 -0.010537
v -0.062868 0.016595 -0.012160
v -0.062915 0.033218 -0.013345
v -0.066607 0.038645 -0.021967
v -0.052089 0.014627 -0.038611
v -0.054353 0.008435 -0.032533
v -0.058104 0.014436 -0.041048
v -0.066695 0.009631 -0.019479
v -0.063535 0.006700 -0.027047
v -0.060675 0.009822 -0.017040
v -0.057516 0.006891 -0.024607
v -0.060372 0.008244 -0.034972
vn 0.0457 -0.9984 -0.0347
vn 0.1853 -0.9035 -0.3865
vn -0.1008 -0.9412 0.3224
vn -0.2320 -0.7408 0.6304
vn -0.3278 -0.4276 0.8424
vn -0.3738 -0.0493 0.9262
vn -0.3628 0.3365 0.8690
vn -0.2966 0.6711 0.6795
vn -0.1853 0.9035 0.3865
vn -0.0457 0.9984 0.0347
vn 0.1008 0.9412 -0.3224
vn 0.2320 0.7408 -0.6304
vn 0.3278 0.4276 -0.8424
vn 0.3738 0.0493 -0.9262
vn 0.3628 -0.3365 -0.8690
vn 0.2966 -0.6711 -0.6795
vn -0.2678 -0.6495 0.7116
vn -0.1729 -0.8525 0.4933
vn 0.5510 -0.4435 0.7069
vn 0.0895 -0.5385 0.8378
vn 0.0562 0.5475 0.8349
vn 0.4804 0.3045 0.8225
vn 0.7461 0.6510 0.1398
vn 0.3518 0.9330 0.0755
vn 0.6840 0.2370 -0.6899
vn 0.9474 0.0735 -0.3116
vn 0.3758 -0.1369 -0.9165
vn 0.3649 0.1758 -0.9143
vn 0.2011 -0.8815 -0.4272
vn 0.3723 0.0789 -0.9248
vn 0.7005 0.0195 -0.7134
vn 0.5596 -0.7711 -0.3038
vn 0.2648 -0.7598 -0.5938
vn 0.0929 -0.9840 -0.1521
vn 0.8160 -0.5746 0.0633
vn 0.8366 -0.5476 0.0101
vn 0.5335 -0.3976 0.7465
vn -0.3184 -0.4712 0.8225
vn 0.4903 0.3599 0.7938
vn -0.3716 0.2329 0.8987
vn -0.2896 0.6928 0.6605
vn 0.7225 0.6627 0.1972
vn -0.0568 0.9964 0.0622
vn 0.1394 0.8994 -0.4143
vn 0.9426 0.1361 -0.3049
vn 0.3365 0.3830 -0.8603
vn 0.0220 0.3552 0.9345
vn -0.3498 0.4362 0.8291
vn 0.0245 0.9901 -0.1379
vn -0.3346 0.5219 0.7847
vn 0.0610 0.9721 -0.2266
vn 0.4338 0.8924 -0.1238
vn -0.2407 -0.7206 0.6503
vn 0.1691 -0.9233 -0.3449
vn 0.4877 -0.8649 -0.1191
vn 0.1504 -0.6980 0.7001
vn 0.8367 -0.5476 0.0102
vn 0.2648 -0.7597 -0.5939
vn 0.9264 0.0294 0.3754
vn 0.7550 -0.6546 -0.0385
vn 0.8381 -0.4812 -0.2571
vn 0.8875 -0.2315 -0.3985
vn 0.8956 0.0564 -0.4412
vn 0.8613 0.3387 -0.3787
vn -0.2566 0.7928 -0.5529
vn 0.7444 0.6653 -0.0569
vn 0.7942 0.5648 -0.2242
vn -0.1783 0.6478 -0.7406
vn -0.1045 -0.3150 -0.9433
vn -0.0835 0.0265 -0.9962
vn -0.2693 -0.8125 -0.5170
vn -0.1694 -0.6084 -0.7753
vn 0.8061 0.5916 -0.0130
vn 0.8572 0.3000 0.4185
vn 0.5670 0.8116 -0.1408
vn 0.3316 0.8096 0.4844
vn 0.2469 0.9453 0.2130
vn 0.8359 0.2842 0.4695
vn 0.3140 0.4901 -0.8131
vn 0.2335 0.7374 -0.6338
vn 0.6217 0.6980 -0.3555
vn 0.7323 0.4476 -0.5133
vn 0.8245 0.5629 0.0572
vn 0.9508 0.3022 -0.0687
vn 0.7876 0.3687 0.4937
vn 0.9111 0.0929 0.4017
vn 0.1742 0.9798 0.0983
vn 0.2735 0.9136 0.3008
vn -0.0162 0.9991 -0.0382
vn 0.2557 0.8182 0.5149
vn -0.3998 0.7670 -0.5019
vn -0.3524 0.7824 -0.5135
vn 0.6508 -0.7254 0.2240
vn 0.5415 -0.6828 0.4905
vn 0.4436 -0.5332 0.7203
vn 0.3720 -0.2995 0.8786
vn -0.6232 -0.6775 0.3908
vn -0.5147 -0.8502 0.1109
vn -0.7291 0.1764 0.6613
vn 0.3664 0.1723 0.9144
vn 0.4598 0.1398 0.8769
vn -0.8061 0.2370 0.5422
vn 0.3412 -0.0260 0.9396
vn -0.3907 -0.8970 -0.2069
vn -0.2694 -0.8125 -0.5169
vn -0.7307 -0.0727 0.6788
vn 0.3009 0.7695 0.5633
vn 0.1398 0.2543 0.9570
vn 0.8200 0.2515 0.5142
vn 0.0464 0.6838 0.7282
vn -0.3766 0.9255 -0.0398
vn 0.0960 0.0123 0.9953
vn -0.3735 -0.0544 0.9260
vn -0.3400 -0.3630 0.8675
vn 0.1659 -0.2913 0.9422
vn 0.5211 0.1671 0.8370
vn 0.6238 -0.1243 0.7717
vn 0.1247 0.7195 0.6832
vn -0.0836 0.6434 0.7609
vn -0.3139 0.6108 0.7269
vn -0.7796 0.2251 0.5844
vn -0.6979 -0.4908 -0.5215
vn -0.6365 -0.3708 -0.6763
vn -0.5902 -0.1971 -0.7828
vn -0.5649 0.0136 -0.8250
vn -0.1096 0.3671 -0.9237
vn -0.5661 0.2362 -0.7898
vn -0.5771 0.6640 0.4754
vn -0.5949 0.4307 -0.6787
vn -0.6285 0.5368 -0.5628
vn -0.6996 0.6101 -0.3720
vn -0.8191 0.5401 -0.1932
vn -0.6185 0.7794 0.0994
vn -0.7660 0.6232 -0.1579
vn -0.8579 0.5082 -0.0758
vn -0.8158 0.5778 -0.0250
vn -0.2360 0.6708 -0.7031
vn -0.1919 0.4183 -0.8878
vn -0.6611 0.5159 -0.5448
vn -0.6498 0.2514 -0.7173
vn -0.9277 0.3143 -0.2015
vn -0.9371 0.0342 -0.3473
vn -0.4550 0.8905 0.0055
vn -0.2465 0.9664 -0.0723
vn -0.5858 0.7916 0.1738
vn -0.7691 -0.5439 -0.3355
vn -0.8405 -0.5235 -0.1397
vn -0.9030 -0.4274 0.0437
vn -0.6992 -0.4019 0.5913
vn -0.9469 -0.2605 0.1887
vn -0.9626 -0.0490 0.2664
vn -0.9548 0.1113 0.2756
vn -0.9257 0.3151 0.2092
vn -0.6492 0.7394 0.1782
vn -0.9012 0.4330 0.0175
vn -0.8633 0.4962 0.0918
vn -0.7617 -0.0149 0.6477
vn -0.7583 -0.3205 0.5677
vn -0.9646 0.1201 0.2350
vn -0.9768 -0.1751 0.1230
vn -0.5044 0.6301 0.5904
vn -0.6038 0.6963 0.3880
vn -0.6168 0.7723 0.1520
vn 0.2940 0.8012 0.5211
vn 0.3373 -0.4809 -0.8093
vn 0.7966 0.1292 -0.5905
vn 0.8846 0.2524 -0.3921
vn 0.8587 -0.3488 -0.3754
vn 0.6306 -0.7654 -0.1287
vn 0.7043 -0.7017 0.1074
vn 0.1896 -0.9059 -0.3787
vn 0.3161 -0.4488 -0.8359
vn 0.2632 -0.5204 -0.8123
vn 0.1800 -0.9027 -0.3907
vn 0.1487 -0.4894 -0.8593
vn 0.3202 -0.4796 -0.8170
vn 0.3009 -0.5117 -0.8047
vn 0.2531 -0.4872 -0.8358
vn 0.3758 0.1216 -0.9187
vn 0.3629 0.1293 -0.9228
vn -0.0424 -0.4400 -0.8970
vn -0.0732 0.0813 -0.9940
vn 0.0949 -0.4962 -0.8630
vn -0.0522 -0.4782 -0.8767
vn -0.2466 -0.8334 -0.4946
vn 0.7513 -0.6586 -0.0426
vn 0.8890 0.1156 -0.4431
vn 0.2591 0.5000 0.8264
vn 0.5543 0.0423 0.8313
vn 0.2350 0.3132 0.9202
vn 0.4171 -0.0673 0.9064
vn 0.5434 0.6435 0.5390
vn 0.7028 0.2248 0.6750
vn 0.6406 0.4727 0.6051
vn -0.0451 0.4656 0.8839
vn -0.7525 0.0031 -0.6586
vn -0.5928 -0.4536 -0.6654
vn -0.5749 -0.1323 -0.8074
vn -0.8175 -0.3298 -0.4722
vn -0.7356 -0.1870 -0.6510
vn 0.2498 0.6847 -0.6846
vn 0.5164 0.8552 0.0440
vn 0.6074 0.7531 0.2528
vn 0.7919 0.5426 -0.2802
vn 0.7932 0.1124 -0.5986
vn 0.9015 -0.0464 -0.4304
vn 0.2127 0.7099 -0.6715
vn 0.1955 0.6473 -0.7367
vn 0.0692 0.6549 -0.7526
vn 0.2319 0.6854 -0.6902
vn 0.2286 0.6575 -0.7179
vn 0.1689 0.6743 -0.7189
vn 0.0514 0.9813 -0.1855
vn 0.0360 0.9824 -0.1831
vn -0.1300 0.6312 -0.7646
vn -0.3602 0.8658 -0.3474
vn 0.0219 0.6358 -0.7715
vn -0.1206 0.5981 -0.7923
vn 0.6439 0.7569 0.1115
vn 0.2863 -0.4696 0.8352
vn 0.7086 -0.5046 0.4932
vn 0.3529 -0.6184 0.7022
vn 0.6422 -0.6557 0.3972
vn 0.7389 -0.2559 0.6234
vn 0.5803 -0.1414 0.8020
vn 0.0390 -0.6448 0.7634
vn -0.8565 0.2933 -0.4247
vn -0.5598 0.2179 -0.7994
vn -0.6905 0.4481 -0.5678
vn -0.7749 0.2343 -0.5870
vn -0.1899 0.9039 0.3833
vn 0.1883 0.4205 0.8875
vn 0.3610 0.2407 0.9010
vn 0.4556 0.7103 0.5365
vn 0.5168 0.8557 0.0251
vn 0.7134 0.7004 -0.0247
vn -0.2284 0.8862 0.4031
vn -0.2402 0.9174 0.3174
vn -0.3610 0.8861 0.2908
vn -0.2078 0.9022 0.3779
vn -0.2088 0.9165 0.3411
vn -0.2686 0.9002 0.3429
vn -0.3353 0.4852 0.8076
vn -0.3489 0.4776 0.8063
vn -0.5359 0.8144 0.2227
vn -0.7109 0.4360 0.5518
vn -0.4023 0.8789 0.2562
vn -0.5236 0.8319 0.1839
vn 0.3547 0.3790 0.8547
vn 0.6412 -0.7672 -0.0171
vn 0.9422 -0.3206 -0.0976
vn 0.7158 -0.6721 -0.1894
vn 0.9075 -0.3085 -0.2849
vn 0.9203 -0.3459 0.1829
vn 0.7865 -0.5261 0.3235
vn 0.4580 -0.8517 -0.2545
vn -0.9857 0.1398 -0.0938
vn -0.7931 0.5553 -0.2501
vn -0.9267 0.3752 0.0208
vn -0.9357 0.2940 -0.1950
vn -0.3742 -0.1263 0.9187
vn 0.2658 -0.5742 0.7744
vn 0.4858 -0.5768 0.6567
vn 0.3147 -0.0774 0.9460
vn 0.1835 0.4373 0.8804
vn 0.3999 0.5066 0.7638
vn -0.3976 -0.1636 0.9028
vn -0.4418 -0.0835 0.8932
vn -0.5473 -0.1154 0.8289
vn -0.3912 -0.1288 0.9112
vn -0.4068 -0.0927 0.9088
vn -0.4547 -0.1218 0.8823
vn -0.2499 -0.6811 0.6882
vn -0.2600 -0.6875 0.6780
vn -0.6991 -0.1437 0.7004
vn -0.6407 -0.6141 0.4608
vn -0.5914 -0.1028 0.7998
vn -0.7043 -0.0999 0.7028
vn 0.4211 -0.4959 0.7595
vn 0.8333 0.0184 -0.5526
vn 0.9321 0.3401 -0.1245
vn 0.8223 0.2263 -0.5222
vn 0.8465 0.4944 -0.1972
vn 0.9962 0.0791 -0.0376
vn 0.9741 -0.1499 -0.1690
vn 0.6329 0.1307 -0.7631
vn -0.9616 -0.2453 -0.1232
vn -0.9704 0.0923 0.2234
vn -0.9572 -0.2504 0.1451
vn -0.9958 -0.0904 -0.0167
vn -0.0483 -0.9822 0.1817
vn 0.6417 -0.7542 -0.1392
vn 0.8095 -0.5695 -0.1425
vn 0.5638 -0.7320 0.3825
vn 0.2538 -0.5646 0.7854
vn 0.3943 -0.3600 0.8455
vn -0.0611 -0.9887 0.1371
vn -0.1307 -0.9721 0.1950
vn -0.2323 -0.9654 0.1181
vn -0.0649 -0.9828 0.1728
vn -0.0918 -0.9754 0.2006
vn -0.1323 -0.9792 0.1538
vn 0.1800 -0.9028 -0.3906
vn -0.3941 -0.9190 0.0084
vn -0.2842 -0.9527 0.1081
vn -0.4130 -0.9095 0.0473
vn 0.5972 0.8015 -0.0313
vn 0.6924 0.5644 0.4496
vn 0.5251 0.8352 0.1635
vn 0.5435 0.6436 0.5390
vn 0.8617 0.4317 0.2665
vn 0.8840 0.4674 0.0049
vn 0.3220 0.9449 -0.0595
vn -0.8466 -0.5312 -0.0333
vn -0.7398 -0.5640 -0.3668
vn -0.8721 -0.3876 -0.2986
vn -0.9264 -0.0294 -0.3754
vn 0.8438 -0.4745 -0.2509
vn 0.8875 -0.3260 -0.3256
vn 0.3726 -0.0727 0.9251
vn 0.3715 -0.2422 0.8963
vn 0.8971 -0.1743 -0.4060
vn 0.8872 0.1161 -0.4465
vn 0.6575 -0.7182 0.2279
vn 0.7491 -0.6609 -0.0449
vn 0.6088 -0.6905 0.3905
vn 0.8543 0.3893 -0.3444
vn 0.8234 0.5171 -0.2336
vn 0.5295 -0.6552 0.5388
vn 0.5465 0.7425 0.3874
vn 0.5052 0.6736 0.5394
vn 0.3511 0.3799 0.8558
vn 0.3457 0.0969 0.9333
vn 0.4178 -0.4979 0.7600
vn 0.6412 0.7594 0.1102
vn 0.7593 0.6378 -0.1294
vn 0.4344 0.5959 0.6754
vn 0.4393 0.1455 0.8864
vn 0.4604 0.3423 0.8191
vn 0.5039 0.5077 0.6988
vn 0.5655 0.6255 0.5376
vn 0.6392 0.6842 0.3510
vn 0.7179 0.6781 0.1574
vn 0.7937 0.6078 -0.0242
vn 0.8593 0.4801 -0.1761
vn 0.9083 0.3076 -0.2835
vn 0.9359 0.1071 -0.3357
vn 0.9393 -0.1018 -0.3278
vn 0.9182 -0.2985 -0.2604
vn 0.8747 -0.4639 -0.1402
vn 0.8131 -0.5817 0.0211
vn 0.7394 -0.6405 0.2077
vn 0.6607 -0.6344 0.4012
vn 0.5849 -0.5641 0.5829
vn 0.5193 -0.4364 0.7348
vn 0.4703 -0.2638 0.8422
vn 0.4428 -0.0633 0.8944
vn -0.2545 -0.6859 0.6818
vn 0.3741 -0.1851 -0.9087
vn 0.3690 0.1275 -0.9206
vn -0.1563 -0.8770 0.4544
vn -0.0428 -0.9823 0.1825
vn -0.2775 0.7271 0.6279
vn 0.2545 0.6859 -0.6818
vn 0.0749 -0.9914 -0.1073
vn -0.3426 0.4796 0.8078
vn 0.1563 0.8770 -0.4544
vn -0.3741 0.1851 0.9087
vn 0.0428 0.9823 -0.1825
vn 0.2775 -0.7271 -0.6279
vn -0.3690 -0.1275 0.9206
vn -0.0749 0.9914 0.1073
vn 0.3426 -0.4796 -0.8078
vn -0.1853 0.9035 0.3864
vn -0.1794 -0.9837 0.0136
vn 0.0059 -0.8926 -0.4508
vn 0.7454 -0.6649 -0.0474
vn 0.6025 -0.7351 0.3107
vn -0.3638 -0.8127 0.4552
vn 0.4603 -0.6032 0.6513
vn -0.4979 -0.4254 0.7557
vn 0.3569 -0.3046 0.8831
vn -0.5457 0.0743 0.8347
vn 0.3200 0.0808 0.9440
vn -0.4945 0.5527 0.6708
vn 0.3595 0.4497 0.8176
vn -0.3579 0.8814 0.3081
vn 0.4648 0.7033 0.5379
vn -0.1726 0.9725 -0.1563
vn 0.6077 0.7735 0.1798
vn 0.0117 0.8015 -0.5979
vn 0.7500 0.6416 -0.1608
vn 0.1458 0.4142 -0.8984
vn 0.8534 0.3430 -0.3926
vn 0.1937 -0.0855 -0.9773
vn 0.8903 -0.0424 -0.4535
vn 0.1424 -0.5639 -0.8135
vn 0.8507 -0.4113 -0.3271
vn 0.7455 -0.6649 -0.0474
vn -0.1849 -0.8454 -0.5011
vn -0.0565 -0.5363 -0.8422
vn -0.0084 -0.0865 -0.9962
vn -0.0533 0.3835 -0.9220
vn -0.1794 0.7476 -0.6394
vn -0.3528 0.9085 -0.2241
vn -0.5271 0.8228 0.2126
vn -0.6555 0.5137 0.5536
vn -0.7036 0.0639 0.7077
vn -0.6587 -0.4061 0.6335
vn -0.5326 -0.7702 0.3508
vn -0.3592 -0.9310 -0.0644
vn -0.1850 -0.8454 -0.5011
vn -0.0034 -0.9962 0.0865
vn 0.3810 -0.8758 -0.2962
vn 0.1967 -0.9664 0.1655
vn 0.0034 0.9962 -0.0865
vn 0.0192 0.8885 0.4585
vn 0.2035 0.9791 -0.0034
vn -0.3244 0.5686 0.7559
vn -0.1166 0.5616 0.8192
vn -0.3766 0.0814 0.9228
vn -0.1676 0.0858 0.9821
vn -0.1200 -0.4112 0.9036
vn -0.1913 -0.8221 0.5363
vn 0.0133 -0.7963 0.6047
vn 0.3244 -0.5686 -0.7559
vn 0.3766 -0.0814 -0.9228
vn 0.5678 -0.0732 -0.8199
vn 0.5168 -0.5489 -0.6570
vn 0.5202 0.4239 -0.7415
vn 0.1913 0.8221 -0.5363
vn 0.3868 0.8090 -0.4426
vn 0.3810 -0.8758 -0.2963
vn 0.6362 -0.4602 0.6192
vn 0.5558 -0.2280 0.7994
vn 0.9418 0.2755 -0.1925
vn 0.9705 -0.0242 -0.2398
vn 0.6397 0.5557 0.5310
vn 0.7508 0.6103 0.2525
vn 0.5271 0.0717 0.8468
vn 0.9398 -0.3110 -0.1416
vn 0.8614 0.5077 -0.0123
vn 0.5578 0.3585 0.7485
vn 0.8579 -0.5082 0.0759
vn 0.7468 -0.5628 0.3544
vn 0.8579 -0.5082 0.0760
vn -0.5763 -0.3483 -0.7393
vn 0.0892 -0.5587 -0.8246
vn -0.0457 -0.8835 -0.4663
vn -0.6556 -0.5391 -0.5288
vn 0.1799 -0.9036 -0.3887
vn -0.1292 -0.8630 -0.4884
vn 0.0022 -0.5468 -0.8373
vn 0.3190 -0.5688 -0.7581
vn -0.0408 -0.5393 -0.8411
vn 0.1398 -0.0861 -0.9864
vn 0.0077 -0.0865 -0.9962
vn -0.3390 0.9149 -0.2191
vn -0.2221 0.9591 -0.1753
vn -0.4052 0.8692 0.2835
vn -0.5144 0.8287 0.2205
vn 0.0925 0.4076 -0.9085
vn -0.0376 0.3865 -0.9215
vn -0.6469 -0.4082 0.6441
vn -0.5434 -0.4219 0.7257
vn -0.4109 -0.8045 0.4288
vn -0.5200 -0.7748 0.3597
vn -0.5401 0.5444 0.6418
vn -0.6437 0.5176 0.5638
vn -0.0399 0.7902 -0.6115
vn -0.1645 0.7531 -0.6371
vn -0.2288 -0.9734 -0.0075
vn -0.3454 -0.9366 -0.0583
vn -0.5907 0.0718 0.8037
vn -0.6922 0.0648 0.7188
vn -0.0457 -0.8835 -0.4662
vn -0.1701 -0.8505 -0.4978
vn -0.9480 -0.2679 0.1717
vn -0.9758 0.0223 0.2175
vn -0.8668 0.4908 -0.0882
vn -0.7592 0.5437 -0.3578
vn -0.5465 -0.0706 -0.8345
vn -0.5743 0.2196 -0.7886
vn -0.8702 -0.4927 -0.0028
vn -0.9461 0.3000 0.1224
vn -0.6522 0.4444 -0.6142
vn -0.7631 -0.5920 -0.2592
vn -0.1700 -0.8504 -0.4979
vn -0.3074 -0.9507 -0.0416
vn -0.1292 -0.8630 -0.4883
vn -0.6599 0.0673 0.7484
vn -0.6138 -0.4135 0.6724
vn -0.3009 0.9314 -0.2050
vn -0.4792 0.8437 0.2418
vn 0.0515 -0.0866 -0.9949
vn 0.0055 0.3942 -0.9190
vn -0.4848 -0.7861 0.3833
vn -0.6106 0.5275 0.5907
vn -0.1235 0.7668 -0.6299
vn 0.3711 -0.0816 -0.9250
vn 0.3224 0.4274 -0.8446
vn 0.1859 0.8219 -0.5385
vn -0.0020 0.9961 -0.0887
vn -0.1907 0.9033 0.3843
vn -0.3298 0.5684 0.7537
vn -0.3819 0.0812 0.9206
vn -0.3332 -0.4278 0.8402
vn -0.1966 -0.8222 0.5341
vn -0.0088 -0.9964 0.0843
vn 0.1799 -0.9037 -0.3886
vn -0.5727 -0.7634 0.2986
vn -0.8151 -0.5257 0.2434
vn 0.4433 -0.4857 0.7534
vn 0.3852 -0.3161 0.8670
vn 0.3610 -0.0879 0.9284
vn 0.3447 -0.0762 0.9356
vn -0.5830 0.6428 0.4969
vn 0.3484 0.1739 0.9211
vn -0.8811 0.3293 0.3394
vn 0.3773 0.3692 0.8493
vn -0.7503 0.2415 -0.6154
vn -0.4191 0.0134 -0.9078
vn -0.5248 0.1162 -0.8433
vn -0.7167 -0.2183 -0.6623
vn -0.5035 0.0512 -0.8625
vn -0.4527 -0.2768 -0.8476
vn -0.8067 -0.4883 0.3329
vn -0.8609 -0.1300 0.4920
vn -0.6694 0.0244 -0.7425
vn -0.0098 0.1003 -0.9949
vn -0.6693 -0.1298 -0.7316
vn -0.6829 -0.2394 -0.6902
vn -0.7202 0.2720 -0.6382
vn -0.6920 0.1679 -0.7021
vn -0.4903 0.3953 -0.7767
vn -0.8718 0.3106 0.3787
vn 0.1067 -0.9711 0.2135
vn 0.3175 -0.0989 0.9431
vn 0.0681 0.7583 0.6484
vn -0.1783 -0.7125 -0.6787
vn -0.4922 -0.6817 -0.5413
vn 0.7662 -0.6418 -0.0314
vn 0.6870 -0.7103 0.1532
vn 0.6044 -0.7024 0.3759
vn 0.5877 -0.7112 0.3857
vn -0.6100 -0.4542 0.6493
vn 0.5025 -0.6197 0.6029
vn -0.9236 0.3303 -0.1949
vn -0.6261 0.6395 -0.4461
vn -0.7389 0.5753 -0.3509
vn -0.7028 0.5800 -0.4119
vn -0.5422 0.4844 -0.6866
vn -0.4732 -0.7451 -0.4700
vn -0.6006 -0.7935 -0.0984
vn -0.8112 0.4045 -0.4222
vn -0.3092 0.8963 -0.3178
vn -0.7561 0.3473 -0.5548
vn -0.9128 0.3710 -0.1706
vn -0.8694 0.4051 -0.2830
vn -0.7843 0.6165 -0.0685
vn -0.7899 -0.5623 0.2448
vn 0.4820 -0.4471 -0.7536
vn 0.5729 -0.7350 0.3628
vn -0.0211 -0.3060 0.9518
vn -0.1019 0.3052 -0.9468
vn -0.3586 0.0768 -0.9303
vn 0.8998 0.1167 -0.4204
vn 0.9010 -0.0955 -0.4231
vn 0.8836 -0.3186 -0.3431
vn 0.8742 -0.3362 -0.3505
vn -0.2224 -0.9370 -0.2693
vn 0.8246 -0.5295 -0.1990
vn -0.4921 -0.6817 -0.5414
vn -0.9970 -0.0747 0.0182
vn -0.9007 0.3523 0.2540
vn -0.9552 0.2069 0.2117
vn -0.9236 0.3303 -0.1948
vn -0.9406 0.2751 0.1987
vn -0.8371 0.5459 0.0364
vn -0.3008 0.0019 -0.9537
vn -0.2997 -0.3855 -0.8727
vn -0.9818 0.1891 0.0156
vn -0.6673 0.4388 0.6017
vn -0.9483 0.3079 -0.0774
vn -0.9946 -0.0793 0.0665
vn -0.9971 0.0459 0.0604
vn -0.9344 -0.0441 0.3535
vn -0.4567 -0.6848 -0.5679
vn 0.3838 0.7009 -0.6011
vn 0.8627 -0.3291 -0.3841
vn 0.3398 -0.9340 0.1105
vn -0.4491 0.8832 -0.1352
vn -0.5990 0.7016 -0.3860
vn 0.6594 0.7415 0.1239
vn 0.7315 0.6786 -0.0655
vn 0.8127 0.5331 -0.2350
vn 0.8082 0.5306 -0.2555
vn 0.0441 -0.1385 -0.9894
vn 0.8695 0.3198 -0.3763
vn -0.8692 -0.4138 -0.2708
vn -0.8635 -0.4513 0.2251
vn -0.8748 -0.4798 0.0670
vn -0.8882 -0.4419 0.1255
vn -0.9299 -0.1774 0.3221
vn -0.5278 0.7205 -0.4498
vn -0.3741 0.5302 -0.7609
vn -0.9454 -0.3241 -0.0341
vn -0.5889 -0.6407 0.4926
vn -0.9803 -0.1935 0.0408
vn -0.8525 -0.4564 -0.2547
vn -0.8987 -0.4133 -0.1465
vn -0.7331 -0.6736 -0.0940
vn -0.3326 0.1124 -0.9363
vn -0.0521 0.8863 0.4601
vn 0.7864 0.5578 -0.2654
vn 0.6520 -0.2579 -0.7130
vn -0.7401 0.2227 0.6345
vn 0.4128 0.5423 0.7318
vn 0.4898 0.6757 0.5509
vn 0.4810 0.6912 0.5393
vn -0.1788 0.8378 -0.5158
vn 0.5752 0.7545 0.3159
vn -0.5658 -0.6609 -0.4930
vn -0.6088 -0.5360 -0.5849
vn -0.6180 -0.5803 -0.5303
vn -0.6924 -0.6858 -0.2242
vn -0.8405 0.4175 0.3453
vn -0.7209 0.6881 0.0825
vn -0.7523 -0.4259 -0.5027
vn -0.1824 -0.8498 -0.4946
vn -0.8078 -0.4640 -0.3635
vn -0.7102 -0.3378 -0.6176
vn -0.4586 -0.4020 -0.7925
vn -0.5893 0.7276 -0.3513
vn -0.2234 -0.1471 0.9636
vn 0.4496 0.7000 0.5548
vn 0.4841 0.7879 -0.3805
vn 0.3426 -0.4796 -0.8079
vn 0.5607 0.6296 0.5378
vn 0.8487 0.2585 0.4615
vn 0.9127 0.3164 0.2586
vn 0.7531 0.6550 0.0608
vn 0.9793 0.1373 0.1484
vn 0.9059 0.3095 -0.2891
vn 0.9930 -0.0751 0.0910
vn 0.9295 -0.2047 -0.3070
vn 0.9430 -0.2017 0.2646
vn 0.8100 -0.5862 0.0177
vn 0.8509 -0.2605 0.4562
vn 0.6175 -0.6116 0.4946
vn 0.8123 -0.0805 0.5776
vn 0.4648 -0.2660 0.8445
vn 0.7706 0.1311 0.6237
vn 0.4412 0.2481 0.8624
vn 0.5737 -0.5446 -0.6118
vn 0.6799 -0.7265 -0.0999
vn 0.3757 0.7571 0.5345
vn 0.2643 0.9638 0.0336
vn 0.0903 -0.8089 0.5810
vn -0.1035 0.1361 0.9853
vn -0.4597 0.4073 0.7891
vn -0.1787 -0.9627 0.2030
vn -0.1623 0.8964 -0.4125
vn 0.0651 0.9207 -0.3849
vn 0.3139 -0.2920 -0.9034
vn 0.0899 -0.3332 -0.9386
vn 0.2706 -0.9457 0.1802
vn -0.0389 0.5630 0.8255
vn 0.1939 -0.4292 -0.8822
vn -0.0896 0.9525 -0.2911
vn -0.2635 0.8317 -0.4888
vn -0.3572 0.9336 -0.0267
vn -0.0239 -0.6915 -0.7220
vn -0.0369 -0.2729 -0.9613
vn 0.5894 -0.3275 -0.7385
vn 0.3334 0.9203 -0.2047
vn 0.7421 0.5928 0.3127
vn 0.9344 -0.3450 -0.0885
vn -0.4859 -0.8553 0.1798
vn -0.7132 0.2526 0.6539
vn -0.8384 0.5419 -0.0575
vn -0.6078 -0.5836 -0.5386
vn -0.3089 0.3936 0.8658
vn -0.1036 0.4052 0.9083
vn 0.1693 -0.9254 0.3391
vn -0.0318 -0.9570 0.2884
vn -0.1788 0.2888 0.9405
vn 0.0649 -0.8994 0.4322
vn 0.4456 -0.7571 0.4776
vn -0.5271 -0.6552 -0.5411
vn 0.7779 -0.6283 0.0065
vn 0.7421 0.5929 0.3126
vn 0.2300 0.2945 0.9276
vn 0.3334 0.9203 -0.2048
vn 0.0652 0.9206 -0.3850
vn -0.1623 0.8963 -0.4126
vn 0.2644 0.9638 0.0336
vn -0.0388 0.5630 0.8255
vn 0.5151 0.6533 0.5548
vn -0.7878 0.6159 0.0027
vn -0.0896 0.9524 -0.2912
vn 0.5151 0.6534 0.5548
vn 0.3612 -0.3032 0.8818
vn 0.3192 0.0693 0.9452
vn -0.8899 0.0310 0.4552
vn -0.8556 -0.3418 0.3887
vn 0.3574 0.4466 0.8202
vn -0.8509 0.4083 0.3306
vn 0.4643 0.6974 0.5459
vn -0.7503 0.6589 0.0537
vn 0.5904 0.7546 0.2863
vn -0.6631 0.7149 -0.2217
vn 0.7525 0.6189 0.2252
vn -0.7294 0.5720 -0.3753
vn -0.4079 0.8994 -0.1574
vn 0.3527 0.9235 0.1509
vn -0.7532 -0.6355 0.1701
vn 0.4558 -0.5971 0.6601
vn 0.5999 -0.7357 0.3145
vn -0.6084 -0.7740 -0.1752
vn 0.7441 -0.6670 -0.0378
vn -0.4705 -0.7055 -0.5300
vn 0.8435 -0.4796 -0.2417
vn -0.4100 -0.5194 -0.7497
vn -0.5416 -0.3439 -0.7671
vn 0.9403 -0.2968 -0.1666
vn -0.1013 -0.5956 -0.7969
vn 0.6593 -0.5714 -0.4886
vn 0.9741 -0.1708 -0.1480
vn -0.5857 -0.2203 -0.7800
vn 0.0025 0.0522 -0.9986
vn 0.6899 0.0740 -0.7201
vn 0.5642 0.6871 -0.4578
vn -0.1232 0.6653 -0.7364
vn -0.7309 0.4880 -0.4770
vn 0.8289 0.5375 0.1551
vn 0.9741 -0.1708 -0.1479
vn 0.9265 0.0271 0.3753
vn 0.9265 0.0283 0.3751
vn -0.5857 -0.2202 -0.7800
vn -0.9262 -0.0317 -0.3756
vn -0.9263 -0.0305 -0.3757
vn 0.9258 0.0308 0.3768
vn 0.9261 0.0302 0.3760
vn -0.7309 0.4880 -0.4771
vn -0.9270 -0.0278 -0.3740
vn -0.9267 -0.0285 -0.3748
vt 0.024842 0.000977
vt 0.000977 0.000977
vt 0.000977 0.335089
vt 0.024841 0.335089
vt 0.048706 0.000977
vt 0.048706 0.335089
vt 0.072571 0.000977
vt 0.072571 0.335089
vt 0.096436 0.000977
vt 0.096435 0.335089
vt 0.120300 0.000977
vt 0.120300 0.335089
vt 0.144165 0.000977
vt 0.144165 0.335089
vt 0.168030 0.000977
vt 0.168029 0.335089
vt 0.191894 0.000977
vt 0.191894 0.335089
vt 0.215759 0.000977
vt 0.215759 0.335089
vt 0.239623 0.000977
vt 0.239623 0.335089
vt 0.263488 0.000977
vt 0.263488 0.335089
vt 0.287353 0.000977
vt 0.287353 0.335089
vt 0.311217 0.000977
vt 0.311218 0.335089
vt 0.335082 0.000977
vt 0.335082 0.335089
vt 0.358947 0.000977
vt 0.358947 0.335089
vt 0.382811 0.000977
vt 0.382812 0.335089
vt 0.439322 0.885785
vt 0.442395 0.890224
vt 0.512125 0.841395
vt 0.506333 0.840146
vt 0.478446 0.768730
vt 0.483837 0.771929
vt 0.478461 0.735350
vt 0.473735 0.740524
vt 0.479373 0.657242
vt 0.485902 0.653608
vt 0.389538 0.628611
vt 0.388009 0.634714
vt 0.428150 0.521602
vt 0.407063 0.568804
vt 0.498523 0.603708
vt 0.514342 0.574609
vt 0.463697 0.467075
vt 0.431707 0.515870
vt 0.522463 0.573124
vt 0.560988 0.534973
vt 0.535816 0.871888
vt 0.471457 0.926258
vt 0.496267 0.810358
vt 0.397316 0.797780
vt 0.414992 0.843793
vt 0.478940 0.692372
vt 0.382861 0.689298
vt 0.385216 0.741717
vt 0.501203 0.610313
vt 0.404786 0.574906
vt 0.493605 0.816377
vt 0.417147 0.848912
vt 0.385667 0.747607
vt 0.395704 0.792280
vt 0.383088 0.683202
vt 0.474579 0.687324
vt 0.474913 0.930290
vt 0.504656 0.957827
vt 0.557135 0.895898
vt 0.535339 0.878145
vt 0.563601 0.895105
vt 0.508761 0.961260
vt 0.501294 0.656904
vt 0.494165 0.693541
vt 0.536358 0.582984
vt 0.516070 0.616888
vt 0.523410 0.833968
vt 0.544803 0.862259
vt 0.497746 0.768420
vt 0.508825 0.804438
vt 0.493147 0.733648
vt 0.569015 0.551794
vt 0.569015 0.881582
vt 0.398848 0.470762
vt 0.385994 0.464574
vt 0.378170 0.496931
vt 0.390677 0.500168
vt 0.374133 0.527277
vt 0.386005 0.530040
vt 0.371524 0.556800
vt 0.382613 0.559575
vt 0.369652 0.586112
vt 0.379921 0.588747
vt 0.293769 0.640402
vt 0.368799 0.641642
vt 0.368595 0.615616
vt 0.294764 0.613738
vt 0.299249 0.523237
vt 0.297736 0.553705
vt 0.378131 0.617596
vt 0.298753 0.455964
vt 0.300294 0.491487
vt 0.377930 0.642834
vt 0.367658 0.657980
vt 0.376578 0.659098
vt 0.371048 0.691625
vt 0.360412 0.667127
vt 0.365500 0.694940
vt 0.356525 0.676513
vt 0.379821 0.691372
vt 0.371619 0.707147
vt 0.380279 0.706863
vt 0.428230 0.207385
vt 0.426806 0.213305
vt 0.440497 0.220904
vt 0.444595 0.216940
vt 0.448303 0.234202
vt 0.453649 0.232858
vt 0.448588 0.249373
vt 0.453649 0.250591
vt 0.436926 0.224709
vt 0.443421 0.235678
vt 0.425580 0.218402
vt 0.419795 0.242445
vt 0.443637 0.248182
vt 0.294441 0.656955
vt 0.302135 0.667301
vt 0.378159 0.917980
vt 0.386052 0.949981
vt 0.398848 0.944010
vt 0.390551 0.914746
vt 0.374111 0.887756
vt 0.385980 0.885133
vt 0.372135 0.858173
vt 0.383249 0.855651
vt 0.370945 0.828910
vt 0.381230 0.826486
vt 0.298909 0.862668
vt 0.300021 0.892673
vt 0.295320 0.776160
vt 0.370346 0.773655
vt 0.368883 0.757290
vt 0.295660 0.759617
vt 0.370387 0.799597
vt 0.379897 0.797660
vt 0.301186 0.923961
vt 0.299872 0.959080
vt 0.379513 0.772352
vt 0.377896 0.755973
vt 0.296617 0.802834
vt 0.365899 0.719528
vt 0.361253 0.747345
vt 0.371519 0.722715
vt 0.357217 0.738211
vt 0.380431 0.722714
vt 0.306180 0.676635
vt 0.428433 0.271046
vt 0.412784 0.271586
vt 0.411359 0.277506
vt 0.430279 0.276440
vt 0.441434 0.262754
vt 0.445583 0.266383
vt 0.437757 0.259218
vt 0.426984 0.266033
vt 0.414010 0.266489
vt 0.302970 0.750039
vt 0.281564 0.460071
vt 0.284394 0.492624
vt 0.284382 0.524201
vt 0.283713 0.554997
vt 0.296211 0.583754
vt 0.283003 0.585260
vt 0.306860 0.740502
vt 0.282294 0.615106
vt 0.281638 0.641278
vt 0.282331 0.657828
vt 0.291609 0.692689
vt 0.297432 0.695964
vt 0.279299 0.692630
vt 0.291530 0.708798
vt 0.279483 0.708882
vt 0.411157 0.213845
vt 0.409311 0.208451
vt 0.398156 0.222136
vt 0.394007 0.218508
vt 0.391002 0.235518
vt 0.385941 0.234300
vt 0.401833 0.225672
vt 0.412606 0.218858
vt 0.395953 0.236709
vt 0.282793 0.955354
vt 0.285458 0.922910
vt 0.285369 0.891661
vt 0.285051 0.861223
vt 0.297806 0.832850
vt 0.284689 0.831220
vt 0.284158 0.801486
vt 0.283263 0.775438
vt 0.283664 0.759016
vt 0.297815 0.721457
vt 0.292071 0.724859
vt 0.279943 0.725249
vt 0.399093 0.263986
vt 0.394995 0.267950
vt 0.391287 0.250689
vt 0.385941 0.252033
vt 0.402664 0.260182
vt 0.396169 0.249212
vt 0.296720 0.708724
vt 0.366584 0.707223
vt 0.215498 0.433006
vt 0.223164 0.478880
vt 0.229398 0.462631
vt 0.230386 0.434973
vt 0.235284 0.388741
vt 0.236990 0.407448
vt 0.121621 0.354901
vt 0.123837 0.404997
vt 0.168320 0.412693
vt 0.195907 0.359199
vt 0.145207 0.430064
vt 0.184047 0.430957
vt 0.126467 0.455435
vt 0.167423 0.445677
vt 0.128370 0.495464
vt 0.185433 0.495455
vt 0.067018 0.465776
vt 0.070174 0.498846
vt 0.054488 0.439118
vt 0.056482 0.405605
vt 0.041879 0.367540
vt 0.239976 0.367174
vt 0.221265 0.496797
vt 0.255289 0.392438
vt 0.241459 0.407863
vt 0.241838 0.481758
vt 0.240655 0.497941
vt 0.260275 0.375671
vt 0.235918 0.435725
vt 0.233691 0.463409
vt 0.251994 0.438007
vt 0.051835 0.500157
vt 0.050694 0.457446
vt 0.043599 0.419077
vt 0.021268 0.379975
vt 0.037404 0.440762
vt 0.208657 0.556923
vt 0.219235 0.599271
vt 0.223927 0.583376
vt 0.222513 0.557296
vt 0.221423 0.515087
vt 0.225310 0.531150
vt 0.128467 0.534451
vt 0.166106 0.541377
vt 0.146272 0.556779
vt 0.180534 0.556603
vt 0.128982 0.578605
vt 0.166194 0.570443
vt 0.129632 0.615950
vt 0.183843 0.616201
vt 0.073247 0.584534
vt 0.073756 0.616349
vt 0.064465 0.558468
vt 0.072532 0.529101
vt 0.218231 0.616426
vt 0.239776 0.514484
vt 0.229455 0.530942
vt 0.237363 0.600875
vt 0.237157 0.616654
vt 0.227759 0.557429
vt 0.228063 0.583770
vt 0.243370 0.557863
vt 0.055700 0.616398
vt 0.058578 0.575022
vt 0.058502 0.537941
vt 0.048127 0.556980
vt 0.207426 0.675541
vt 0.218586 0.717521
vt 0.223018 0.701544
vt 0.221143 0.675636
vt 0.219068 0.634154
vt 0.223280 0.649727
vt 0.128909 0.653244
vt 0.165523 0.660508
vt 0.146001 0.675484
vt 0.179709 0.675375
vt 0.128608 0.696685
vt 0.165581 0.689081
vt 0.128653 0.734057
vt 0.183183 0.734749
vt 0.072946 0.701101
vt 0.072477 0.732989
vt 0.065090 0.674834
vt 0.074415 0.646027
vt 0.217789 0.734730
vt 0.237006 0.632896
vt 0.227361 0.649413
vt 0.236783 0.718837
vt 0.236840 0.734686
vt 0.226351 0.675656
vt 0.227151 0.701865
vt 0.241913 0.675727
vt 0.054332 0.732471
vt 0.058608 0.691109
vt 0.060092 0.654099
vt 0.048840 0.672641
vt 0.207618 0.794937
vt 0.220031 0.837989
vt 0.224208 0.821273
vt 0.221661 0.794761
vt 0.218853 0.752630
vt 0.223372 0.768327
vt 0.127294 0.771746
vt 0.164565 0.779676
vt 0.144431 0.794901
vt 0.179133 0.794891
vt 0.126102 0.816381
vt 0.164559 0.809092
vt 0.125207 0.855871
vt 0.183266 0.857057
vt 0.068505 0.818796
vt 0.066161 0.851597
vt 0.061752 0.791765
vt 0.072222 0.762921
vt 0.219847 0.856007
vt 0.236959 0.751070
vt 0.227510 0.767938
vt 0.238932 0.838674
vt 0.239687 0.855074
vt 0.226980 0.794671
vt 0.228467 0.821495
vt 0.242809 0.794380
vt 0.047619 0.849756
vt 0.054428 0.807921
vt 0.057483 0.770584
vt 0.045433 0.788836
vt 0.212992 0.921699
vt 0.232466 0.968615
vt 0.234656 0.948675
vt 0.228417 0.920001
vt 0.221818 0.874997
vt 0.227868 0.891354
vt 0.122319 0.896681
vt 0.163687 0.906533
vt 0.140847 0.923944
vt 0.180708 0.923113
vt 0.118579 0.948023
vt 0.164414 0.940265
vt 0.114924 0.999020
vt 0.190951 0.997281
vt 0.049364 0.943184
vt 0.033594 0.984125
vt 0.048447 0.912365
vt 0.063375 0.882972
vt 0.236705 0.990414
vt 0.240797 0.872177
vt 0.232249 0.890590
vt 0.253656 0.965116
vt 0.258300 0.982358
vt 0.234160 0.919313
vt 0.239377 0.948300
vt 0.250889 0.917197
vt 0.013360 0.970741
vt 0.037054 0.927580
vt 0.047095 0.889342
vt 0.032165 0.906124
vt 0.040479 0.672751
vt 0.039368 0.731946
vt 0.037039 0.788592
vt 0.024023 0.904396
vt 0.032573 0.848044
vt 0.001280 0.960045
vt 0.036909 0.501290
vt 0.029429 0.442753
vt 0.040801 0.616376
vt 0.008780 0.390165
vt 0.039825 0.557448
vt 0.243303 0.719428
vt 0.242930 0.734650
vt 0.246811 0.498342
vt 0.246399 0.514173
vt 0.243537 0.750361
vt 0.248483 0.794254
vt 0.243523 0.632319
vt 0.247498 0.675747
vt 0.243207 0.616724
vt 0.245658 0.839008
vt 0.245990 0.854710
vt 0.243857 0.601590
vt 0.260835 0.964100
vt 0.264938 0.980539
vt 0.257687 0.438862
vt 0.248458 0.482977
vt 0.248964 0.558027
vt 0.256819 0.916377
vt 0.247636 0.870947
vt 0.262150 0.393529
vt 0.266503 0.377568
vt 0.258485 0.468164
vt 0.265008 0.439999
vt 0.267412 0.410775
vt 0.275560 0.381422
vt 0.274633 0.976728
vt 0.266456 0.945633
vt 0.264450 0.915304
vt 0.257899 0.885794
vt 0.256125 0.854083
vt 0.253494 0.822869
vt 0.255749 0.794098
vt 0.252124 0.765340
vt 0.252821 0.734591
vt 0.251502 0.703976
vt 0.254643 0.675786
vt 0.251703 0.647311
vt 0.253033 0.616853
vt 0.252361 0.586350
vt 0.256129 0.558259
vt 0.254115 0.529613
vt 0.256707 0.499033
vt 0.263376 0.529634
vt 0.264755 0.558502
vt 0.261447 0.764794
vt 0.264494 0.793858
vt 0.261557 0.586755
vt 0.262880 0.822715
vt 0.262179 0.616906
vt 0.284116 0.383789
vt 0.276549 0.412322
vt 0.265537 0.853364
vt 0.260942 0.646976
vt 0.273665 0.441304
vt 0.267436 0.884401
vt 0.263275 0.675790
vt 0.267706 0.469389
vt 0.273474 0.913958
vt 0.260733 0.704176
vt 0.265907 0.499644
vt 0.276196 0.943915
vt 0.262026 0.734448
vt 0.284116 0.974252
vt 0.624221 0.959501
vt 0.638249 0.984496
vt 0.646369 0.979782
vt 0.631713 0.955436
vt 0.612266 0.934460
vt 0.620550 0.930821
vt 0.601610 0.906897
vt 0.610765 0.903692
vt 0.592462 0.876533
vt 0.602529 0.873857
vt 0.585171 0.843258
vt 0.596174 0.841225
vt 0.580115 0.807015
vt 0.592068 0.805748
vt 0.577700 0.767778
vt 0.590608 0.767410
vt 0.578361 0.725553
vt 0.592216 0.726227
vt 0.582556 0.680382
vt 0.597343 0.682247
vt 0.590749 0.632322
vt 0.606448 0.635531
vt 0.603458 0.581204
vt 0.620052 0.585912
vt 0.622041 0.523883
vt 0.641282 0.530781
vt 0.585351 0.517094
vt 0.570930 0.572964
vt 0.559963 0.626436
vt 0.553506 0.677063
vt 0.551148 0.724552
vt 0.552370 0.768802
vt 0.556679 0.809783
vt 0.563619 0.847508
vt 0.572766 0.882023
vt 0.583732 0.913397
vt 0.596138 0.941720
vt 0.609459 0.967143
vt 0.622269 0.991093
vt 0.396261 0.321549
vt 0.379771 0.346438
vt 0.409693 0.366262
vt 0.423669 0.342016
vt 0.577814 0.233660
vt 0.539430 0.235629
vt 0.544440 0.276532
vt 0.575839 0.276387
vt 0.503291 0.243689
vt 0.514639 0.281725
vt 0.470271 0.257174
vt 0.487161 0.291451
vt 0.441103 0.275303
vt 0.462592 0.305109
vt 0.416356 0.297163
vt 0.441337 0.322087
vt 0.731769 0.294277
vt 0.695698 0.268711
vt 0.670988 0.309495
vt 0.699968 0.332443
vt 0.657149 0.249953
vt 0.640026 0.292670
vt 0.617433 0.238312
vt 0.608003 0.281681
vt 0.764596 0.325378
vt 0.726035 0.363381
vt 0.444097 0.324974
vt 0.464889 0.308518
vt 0.637964 0.297371
vt 0.668039 0.313963
vt 0.544851 0.281096
vt 0.575469 0.281129
vt 0.488918 0.295327
vt 0.696077 0.336468
vt 0.606802 0.286472
vt 0.515764 0.285994
vt 0.720875 0.366750
vt 0.426877 0.344300
vt 0.665775 0.317355
vt 0.636377 0.300947
vt 0.575171 0.284742
vt 0.545150 0.284575
vt 0.490244 0.298288
vt 0.466629 0.311123
vt 0.693041 0.339532
vt 0.429313 0.346026
vt 0.413572 0.367918
vt 0.416634 0.368694
vt 0.605870 0.290119
vt 0.516608 0.289251
vt 0.716538 0.368694
vt 0.446192 0.327179
vt 0.739168 0.909887
vt 0.733696 0.917987
vt 0.764781 0.934033
vt 0.768281 0.923665
vt 0.728136 0.998381
vt 0.749483 0.965592
vt 0.714540 0.944472
vt 0.691270 0.972681
vt 0.721110 0.935532
vt 0.709172 0.897185
vt 0.694124 0.911237
vt 0.648161 0.817994
vt 0.667764 0.814649
vt 0.665438 0.784129
vt 0.645715 0.783663
vt 0.689864 0.872270
vt 0.672657 0.882949
vt 0.676557 0.688013
vt 0.692533 0.698919
vt 0.711663 0.675817
vt 0.698012 0.662114
vt 0.668969 0.753964
vt 0.649847 0.749766
vt 0.675965 0.844400
vt 0.657210 0.851500
vt 0.735257 0.656464
vt 0.724180 0.640340
vt 0.678136 0.725234
vt 0.660290 0.717519
vt 0.764610 0.641124
vt 0.754475 0.623051
vt 0.706295 0.708216
vt 0.699959 0.704068
vt 0.686439 0.728877
vt 0.693483 0.731735
vt 0.674628 0.784388
vt 0.676906 0.813130
vt 0.716128 0.890640
vt 0.697891 0.867315
vt 0.717980 0.682335
vt 0.677873 0.755963
vt 0.684717 0.841125
vt 0.740204 0.664298
vt 0.753565 0.954754
vt 0.768173 0.650837
vt 0.717886 0.631559
vt 0.750358 0.612206
vt 0.650732 0.713461
vt 0.667976 0.682263
vt 0.637694 0.819838
vt 0.635175 0.783472
vt 0.686068 0.918725
vt 0.663469 0.888695
vt 0.690604 0.654874
vt 0.639617 0.747583
vt 0.647201 0.855345
vt 0.659035 0.942112
vt 0.632951 0.906528
vt 0.614156 0.866979
vt 0.603323 0.824911
vt 0.600751 0.781894
vt 0.606408 0.739527
vt 0.619940 0.699364
vt 0.640660 0.662850
vt 0.667496 0.631216
vt 0.698824 0.605138
vt 0.731901 0.583672
vt 0.682335 0.784384
vt 0.684528 0.811636
vt 0.704486 0.862971
vt 0.721761 0.885008
vt 0.723387 0.687672
vt 0.685382 0.757425
vt 0.691969 0.838171
vt 0.744400 0.670886
vt 0.743389 0.903080
vt 0.769728 0.915188
vt 0.769728 0.659245
vt 0.490216 0.127740
vt 0.479910 0.109656
vt 0.446808 0.125737
vt 0.456704 0.143966
vt 0.497596 0.146485
vt 0.476719 0.168296
vt 0.515748 0.154280
vt 0.499005 0.184325
vt 0.532812 0.163375
vt 0.519422 0.194678
vt 0.486962 0.206964
vt 0.458642 0.186640
vt 0.438041 0.163694
vt 0.423222 0.136810
vt 0.508535 0.218031
vt 0.483192 0.108151
vt 0.493190 0.126082
vt 0.518216 0.151894
vt 0.534031 0.160379
vt 0.505637 0.138718
vt 0.500020 0.133552
vt 0.499209 0.135388
vt 0.503412 0.140882
vt 0.526566 0.119463
vt 0.509956 0.134495
vt 0.536490 0.129281
vt 0.545342 0.134280
vt 0.513402 0.096760
vt 0.519091 0.109176
vt 0.568879 0.086130
vt 0.510736 0.144570
vt 0.508874 0.145385
vt 0.493835 0.132584
vt 0.499617 0.144581
vt 0.510155 0.149846
vt 0.467658 0.041623
vt 0.470149 0.011550
vt 0.415185 0.012569
vt 0.420331 0.040170
vt 0.460939 0.068191
vt 0.427171 0.075752
vt 0.472484 0.088924
vt 0.436993 0.103729
vt 0.413475 0.114815
vt 0.401767 0.082470
vt 0.394156 0.053003
vt 0.386254 0.023366
vt 0.475226 0.012416
vt 0.472496 0.042291
vt 0.476412 0.088709
vt 0.475056 0.066760
vt 0.473507 0.056861
vt 0.471127 0.058128
vt 0.471085 0.067146
vt 0.512219 0.067192
vt 0.482897 0.066111
vt 0.511036 0.085150
vt 0.525978 0.029960
vt 0.516411 0.049744
vt 0.475292 0.076608
vt 0.472894 0.075916
vt 0.467619 0.050531
vt 0.464432 0.067872
vt 0.470697 0.081027
vt 0.663166 0.091600
vt 0.655997 0.111464
vt 0.686373 0.128047
vt 0.695618 0.110435
vt 0.675603 0.072788
vt 0.706871 0.081417
vt 0.671486 0.045203
vt 0.714805 0.052741
vt 0.669867 0.011550
vt 0.724691 0.025818
vt 0.737814 0.060109
vt 0.729028 0.089467
vt 0.719946 0.115625
vt 0.707163 0.140621
vt 0.747372 0.040832
vt 0.652819 0.110027
vt 0.659894 0.090309
vt 0.666054 0.044141
vt 0.663576 0.012692
vt 0.662133 0.070470
vt 0.661503 0.079738
vt 0.663726 0.079152
vt 0.665956 0.071067
vt 0.625529 0.069220
vt 0.654573 0.069586
vt 0.621547 0.048659
vt 0.613468 0.033594
vt 0.623497 0.098466
vt 0.625940 0.084489
vt 0.664116 0.060631
vt 0.666553 0.062010
vt 0.664886 0.085691
vt 0.672322 0.072140
vt 0.670676 0.056835
vt 0.620353 0.153995
vt 0.603910 0.163312
vt 0.616331 0.194270
vt 0.634108 0.186069
vt 0.638023 0.147202
vt 0.658146 0.167962
vt 0.646096 0.129096
vt 0.674650 0.147188
vt 0.695263 0.159990
vt 0.674882 0.186015
vt 0.652060 0.205070
vt 0.624956 0.217993
vt 0.602623 0.160392
vt 0.618813 0.151289
vt 0.643623 0.126534
vt 0.630475 0.139443
vt 0.625583 0.144921
vt 0.627329 0.145667
vt 0.632591 0.141588
vt 0.610435 0.119900
vt 0.626295 0.135317
vt 0.619258 0.108615
vt 0.591315 0.134603
vt 0.601611 0.128173
vt 0.636148 0.134375
vt 0.636979 0.136227
vt 0.624749 0.150689
vt 0.636184 0.145253
vt 0.641468 0.134923
vt 0.551064 0.168698
vt 0.538124 0.201543
vt 0.568254 0.176240
vt 0.568494 0.205374
vt 0.585904 0.169126
vt 0.594999 0.201252
vt 0.602283 0.225387
vt 0.568209 0.230834
vt 0.537554 0.228431
vt 0.551914 0.165692
vt 0.585907 0.165775
vt 0.568361 0.165647
vt 0.561194 0.166021
vt 0.561885 0.167762
vt 0.568347 0.168581
vt 0.568638 0.138794
vt 0.568346 0.159948
vt 0.581899 0.137884
vt 0.556956 0.137726
vt 0.575716 0.166049
vt 0.575032 0.167872
vt 0.556536 0.169473
vt 0.568316 0.173608
vt 0.578967 0.169993
vt 0.601773 0.840360
vt 0.607664 0.872653
vt 0.615447 0.902206
vt 0.649546 0.536877
vt 0.628478 0.588716
vt 0.624797 0.929096
vt 0.614358 0.637399
vt 0.635524 0.953429
vt 0.604800 0.683413
vt 0.649546 0.976452
vt 0.599219 0.726775
vt 0.597146 0.767417
vt 0.598137 0.805286
vt 0.834394 0.866216
vt 0.698393 0.830404
vt 0.731817 0.873728
vt 0.784508 0.889730
vt 0.865051 0.818537
vt 0.698450 0.773536
vt 0.862601 0.762296
vt 0.726727 0.724717
vt 0.831029 0.716539
vt 0.777794 0.704001
vt 0.935129 0.322702
vt 0.970768 0.279637
vt 0.829995 0.319389
vt 0.881965 0.339976
vt 0.970768 0.223737
vt 0.797138 0.274165
vt 0.940824 0.176535
vt 0.800657 0.218377
vt 0.887660 0.159261
vt 0.833514 0.173153
vt 0.777545 0.698968
vt 0.834028 0.712426
vt 0.867463 0.760810
vt 0.837657 0.870108
vt 0.784731 0.894813
vt 0.869933 0.819993
vt 0.693544 0.831881
vt 0.693544 0.772090
vt 0.723485 0.720816
vt 0.728845 0.877801
vt 0.905927 0.559891
vt 0.827981 0.525764
vt 0.818424 0.537162
vt 0.849409 0.616410
vt 0.803608 0.538464
vt 0.769480 0.616411
vt 0.792210 0.528907
vt 0.712962 0.559892
vt 0.790908 0.514090
vt 0.712962 0.479963
vt 0.800464 0.502693
vt 0.769480 0.423444
vt 0.815281 0.501391
vt 0.849409 0.423443
vt 0.826679 0.510947
vt 0.905927 0.479962
vt 0.809444 0.519927
vt 0.991613 0.638888
vt 0.948594 0.595869
vt 0.918175 0.669307
vt 0.991613 0.699726
vt 0.887756 0.742745
vt 0.948594 0.742745
vt 0.887756 0.595869
vt 0.844737 0.638888
vt 0.844737 0.699726
vt 0.379098 0.405036
vt 0.374579 0.403803
vt 0.376243 0.447536
vt 0.379990 0.447323
vt 0.728394 0.408653
vt 0.733691 0.391866
vt 0.711373 0.376091
vt 0.705475 0.413426
vt 0.650964 0.453168
vt 0.681472 0.454163
vt 0.679810 0.418301
vt 0.651982 0.417561
vt 0.370459 0.404950
vt 0.372663 0.447777
vt 0.621656 0.415610
vt 0.621265 0.450452
vt 0.368968 0.377150
vt 0.319346 0.353185
vt 0.316856 0.412896
vt 0.368218 0.399905
vt 0.706096 0.418205
vt 0.711690 0.451265
vt 0.739897 0.438388
vt 0.731468 0.412350
vt 0.380924 0.399615
vt 0.381776 0.377930
vt 0.375415 0.378139
vt 0.374532 0.399404
vt 0.683088 0.371472
vt 0.652520 0.371489
vt 0.652435 0.412789
vt 0.679941 0.413260
vt 0.621811 0.374838
vt 0.622009 0.411032
vt 0.316591 0.418691
vt 0.295009 0.406610
vt 0.293644 0.410672
vt 0.739862 0.389912
vt 0.312530 0.454163
vt 0.713774 0.370871
vt 0.683393 0.365855
vt 0.651915 0.366209
vt 0.379998 0.372519
vt 0.375639 0.373854
vt 0.371899 0.372387
vt 0.318748 0.344971
vt 0.288780 0.362698
vt 0.291538 0.367629
vt 0.621353 0.369884
vt 0.286045 0.448899
vt 0.789373 0.178686
vt 0.789213 0.150147
vt 0.768123 0.151010
vt 0.767990 0.179121
vt 0.789224 0.122833
vt 0.768146 0.123806
vt 0.790049 0.093149
vt 0.767533 0.094008
vt 0.792785 0.054238
vt 0.765498 0.054060
vt 0.793283 0.045087
vt 0.765119 0.044952
vt 0.772856 0.037552
vt 0.786211 0.038466
vt 0.769111 0.207419
vt 0.790270 0.206991
vt 0.790242 0.234028
vt 0.769140 0.234899
vt 0.790767 0.263772
vt 0.768247 0.264637
vt 0.792636 0.303573
vt 0.765364 0.303605
vt 0.764790 0.312487
vt 0.792937 0.312885
vt 0.771811 0.319946
vt 0.785198 0.319298
vt 0.797182 0.020285
vt 0.765447 0.016364
vt 0.770520 0.030577
vt 0.788801 0.032836
vt 0.787507 0.325994
vt 0.769246 0.325588
vt 0.762228 0.338805
vt 0.793929 0.339511
vt 0.799589 0.043195
vt 0.797791 0.054646
vt 0.792000 0.091692
vt 0.758387 0.042782
vt 0.760387 0.054477
vt 0.764703 0.179179
vt 0.765672 0.150540
vt 0.765769 0.122494
vt 0.791681 0.149674
vt 0.792680 0.178624
vt 0.791605 0.121533
vt 0.765572 0.092495
vt 0.797777 0.303247
vt 0.799486 0.315112
vt 0.792717 0.265287
vt 0.758387 0.314339
vt 0.760407 0.303117
vt 0.766647 0.207933
vt 0.766750 0.236200
vt 0.792723 0.207419
vt 0.792610 0.235342
vt 0.766289 0.266091
s 1
usemtl m0
f 1/1/1 3/2/2 4/3/2
f 4/3/2 6/4/1 1/1/1
f 7/5/3 1/1/1 6/4/1
f 6/4/1 8/6/3 7/5/3
f 9/7/4 7/5/3 8/6/3
f 8/6/3 10/8/4 9/7/4
f 11/9/5 9/7/4 10/8/4
f 10/8/4 12/10/5 11/9/5
f 13/11/6 11/9/5 12/10/5
f 12/10/5 14/12/6 13/11/6
f 15/13/7 13/11/6 14/12/6
f 14/12/6 16/14/7 15/13/7
f 17/15/8 15/13/7 16/14/7
f 16/14/7 18/16/8 17/15/8
f 19/17/9 17/15/8 18/16/8
f 18/16/8 20/18/9 19/17/9
f 21/19/10 19/17/9 20/18/9
f 20/18/9 22/20/10 21/19/10
f 23/21/11 21/19/10 22/20/10
f 22/20/10 24/22/11 23/21/11
f 25/23/12 23/21/11 24/22/11
f 24/22/11 26/24/12 25/23/12
f 27/25/13 25/23/12 26/24/12
f 26/24/12 28/26/13 27/25/13
f 29/27/14 27/25/13 28/26/13
f 28/26/13 30/28/14 29/27/14
f 31/29/15 29/27/14 30/28/14
f 30/28/14 32/30/15 31/29/15
f 33/31/16 31/29/15 32/30/15
f 32/30/15 34/32/16 33/31/16
f 2/33/2 33/31/16 34/32/16
f 34/32/16 5/34/2 2/33/2
f 35/35/17 36/36/18 37/37/19
f 37/37/19 38/38/20 35/35/17
f 39/39/21 40/40/22 41/41/23
f 41/41/23 42/42/24 39/39/21
f 43/43/25 44/44/26 45/45/27
f 45/45/27 46/46/28 43/43/25
f 47/47/29 48/48/30 49/49/31
f 49/49/31 50/50/32 47/47/29
f 52/51/33 53/52/34 54/53/35
f 54/53/35 56/54/36 52/51/33
f 57/55/37 37/37/19 36/36/18
f 36/36/18 58/56/38 57/55/37
f 59/57/39 40/40/22 60/58/40
f 60/58/40 61/59/41 59/57/39
f 41/41/23 62/60/42 63/61/43
f 63/61/43 64/62/44 41/41/23
f 44/44/26 65/63/45 66/64/46
f 66/64/46 45/45/27 44/44/26
f 67/65/47 59/57/39 61/59/41
f 61/59/41 68/66/48 67/65/47
f 69/67/49 70/68/50 39/39/21
f 39/39/21 42/42/24 69/67/49
f 46/46/28 71/69/51 72/70/52
f 72/70/52 43/43/25 46/46/28
f 68/66/48 35/35/17 38/38/20
f 38/38/20 67/65/47 68/66/48
f 73/71/53 74/72/54 75/73/55
f 75/73/55 76/74/56 73/71/53
f 71/69/51 63/61/43 62/60/42
f 62/60/42 72/70/52 71/69/51
f 75/73/55 55/75/57 57/55/37
f 57/55/37 76/74/56 75/73/55
f 72/70/52 62/60/42 44/44/26
f 44/44/26 43/43/25 72/70/52
f 76/74/56 57/55/37 58/56/38
f 58/56/38 73/71/53 76/74/56
f 42/42/24 41/41/23 64/62/44
f 64/62/44 69/67/49 42/42/24
f 49/49/31 65/63/45 54/53/35
f 54/53/35 50/50/32 49/49/31
f 50/50/32 54/53/35 53/52/34
f 53/52/34 47/47/29 50/50/32
f 70/68/50 60/58/40 40/40/22
f 40/40/22 39/39/21 70/68/50
f 48/48/30 66/64/46 65/63/45
f 65/63/45 49/49/31 48/48/30
f 38/38/20 37/37/19 59/57/39
f 59/57/39 67/65/47 38/38/20
f 74/72/54 51/76/58 55/75/57
f 55/75/57 75/73/55 74/72/54
f 77/77/59 44/44/26 62/60/42
f 62/60/42 78/78/59 77/77/59
f 79/79/59 54/53/35 65/63/45
f 65/63/45 80/80/59 79/79/59
f 81/81/59 37/37/19 57/55/37
f 57/55/37 82/82/59 81/81/59
f 83/83/59 40/40/22 59/57/39
f 59/57/39 84/84/59 83/83/59
f 84/84/59 59/57/39 37/37/19
f 37/37/19 81/81/59 84/84/59
f 78/78/59 62/60/42 41/41/23
f 41/41/23 85/85/59 78/78/59
f 87/86/59 56/54/36 54/53/35
f 54/53/35 79/79/59 87/86/59
f 80/80/59 65/63/45 44/44/26
f 44/44/26 77/77/59 80/80/59
f 85/85/59 41/41/23 40/40/22
f 40/40/22 83/83/59 85/85/59
f 82/82/59 57/55/37 55/75/57
f 55/75/57 86/87/59 82/82/59
f 89/88/59 91/89/60 92/90/61
f 92/90/61 93/91/59 89/88/59
f 93/91/59 92/90/61 94/92/62
f 94/92/62 95/93/59 93/91/59
f 95/93/59 94/92/62 96/94/63
f 96/94/63 97/95/59 95/93/59
f 97/95/59 96/94/63 98/96/64
f 98/96/64 99/97/59 97/95/59
f 100/98/65 101/99/66 102/100/67
f 102/100/67 103/101/68 100/98/65
f 104/102/69 105/103/70 96/94/63
f 96/94/63 94/92/62 104/102/69
f 99/97/59 98/96/64 102/100/67
f 102/100/67 106/104/59 99/97/59
f 107/105/71 109/106/72 92/90/61
f 92/90/61 91/89/60 107/105/71
f 109/106/72 104/102/69 94/92/62
f 94/92/62 92/90/61 109/106/72
f 102/100/67 101/99/66 110/107/59
f 110/107/59 106/104/59 102/100/67
f 110/107/59 101/99/66 111/108/73
f 111/108/73 112/109/59 110/107/59
f 113/110/74 114/111/75 115/112/76
f 114/111/75 116/113/77 115/112/76
f 112/109/59 111/108/73 113/110/74
f 113/110/74 117/114/59 112/109/59
f 117/114/59 113/110/74 118/115/78
f 118/115/78 119/116/59 117/114/59
f 120/117/79 121/118/80 122/119/81
f 122/119/81 123/120/82 120/117/79
f 123/120/82 122/119/81 124/121/83
f 124/121/83 125/122/84 123/120/82
f 125/122/84 124/121/83 126/123/85
f 126/123/85 127/124/86 125/122/84
f 128/125/87 129/126/88 124/121/83
f 124/121/83 122/119/81 128/125/87
f 130/127/89 128/125/87 122/119/81
f 122/119/81 121/118/80 130/127/89
f 130/127/89 131/128/9 128/125/87
f 129/126/88 132/129/90 126/123/85
f 126/123/85 124/121/83 129/126/88
f 131/128/9 129/126/88 128/125/87
f 132/129/90 129/126/88 131/128/9
f 114/111/75 111/108/73 133/130/91
f 133/130/91 134/131/92 114/111/75
f 135/132/93 90/133/60 88/134/59
f 88/134/59 136/135/59 135/132/93
f 137/136/94 135/132/93 136/135/59
f 136/135/59 138/137/59 137/136/94
f 139/138/95 137/136/94 138/137/59
f 138/137/59 140/139/59 139/138/95
f 141/140/96 139/138/95 140/139/59
f 140/139/59 142/141/59 141/140/96
f 143/142/97 144/143/98 137/136/94
f 137/136/94 139/138/95 143/142/97
f 145/144/99 146/145/100 147/146/101
f 147/146/101 148/147/102 145/144/99
f 149/148/103 141/140/96 142/141/59
f 142/141/59 150/149/59 149/148/103
f 135/132/93 151/150/104 108/151/105
f 108/151/105 90/133/60 135/132/93
f 137/136/94 144/143/98 151/150/104
f 151/150/104 135/132/93 137/136/94
f 152/152/59 146/145/100 149/148/103
f 149/148/103 150/149/59 152/152/59
f 147/146/101 146/145/100 152/152/59
f 152/152/59 153/153/59 147/146/101
f 145/144/99 154/154/106 149/148/103
f 149/148/103 146/145/100 145/144/99
f 155/155/107 156/156/108 157/157/109
f 156/156/108 155/155/107 158/158/110
f 157/157/109 147/146/101 153/153/59
f 153/153/59 159/159/59 157/157/109
f 116/113/77 114/111/75 134/131/92
f 134/131/92 160/160/111 116/113/77
f 118/115/78 157/157/109 159/159/59
f 159/159/59 119/116/59 118/115/78
f 161/161/112 162/162/113 163/163/114
f 163/163/114 164/164/115 161/161/112
f 165/165/116 161/161/112 164/164/115
f 164/164/115 166/166/117 165/165/116
f 126/123/85 165/165/116 166/166/117
f 166/166/117 127/124/86 126/123/85
f 165/165/116 167/167/118 168/168/119
f 168/168/119 161/161/112 165/165/116
f 161/161/112 168/168/119 169/169/120
f 169/169/120 162/162/113 161/161/112
f 169/169/120 168/168/119 131/128/9
f 126/123/85 132/129/90 167/167/118
f 167/167/118 165/165/116 126/123/85
f 131/128/9 168/168/119 167/167/118
f 132/129/90 131/128/9 167/167/118
f 147/146/101 156/156/108 170/170/121
f 170/170/121 148/147/102 147/146/101
f 109/106/72 107/105/71 171/171/122
f 171/171/122 173/172/123 109/106/72
f 104/102/69 109/106/72 173/172/123
f 173/172/123 174/173/124 104/102/69
f 105/103/70 104/102/69 174/173/124
f 174/173/124 175/174/125 105/103/70
f 176/175/126 105/103/70 175/174/125
f 175/174/125 177/176/127 176/175/126
f 176/175/126 103/101/68 102/100/67
f 102/100/67 98/96/64 176/175/126
f 156/156/108 158/158/110 178/177/128
f 178/177/128 170/170/121 156/156/108
f 103/101/68 176/175/126 177/176/127
f 177/176/127 179/178/129 103/101/68
f 180/179/130 100/98/65 103/101/68
f 103/101/68 179/178/129 180/179/130
f 133/130/91 100/98/65 180/179/130
f 180/179/130 181/180/131 133/130/91
f 182/181/132 183/182/133 134/131/92
f 134/131/92 183/182/133 160/160/111
f 182/181/132 133/130/91 181/180/131
f 181/180/131 184/183/134 182/181/132
f 105/103/70 176/175/126 98/96/64
f 98/96/64 96/94/63 105/103/70
f 185/184/135 182/181/132 184/183/134
f 184/183/134 186/185/136 185/184/135
f 187/186/137 121/118/80 120/117/79
f 120/117/79 188/187/138 187/186/137
f 189/188/139 187/186/137 188/187/138
f 188/187/138 190/189/140 189/188/139
f 191/190/141 189/188/139 190/189/140
f 190/189/140 192/191/142 191/190/141
f 189/188/139 193/192/143 194/193/144
f 194/193/144 187/186/137 189/188/139
f 187/186/137 194/193/144 130/127/89
f 130/127/89 121/118/80 187/186/137
f 130/127/89 194/193/144 131/128/9
f 191/190/141 195/194/145 193/192/143
f 193/192/143 189/188/139 191/190/141
f 131/128/9 194/193/144 193/192/143
f 195/194/145 131/128/9 193/192/143
f 172/195/122 108/151/105 151/150/104
f 151/150/104 196/196/146 172/195/122
f 196/196/146 151/150/104 144/143/98
f 144/143/98 197/197/147 196/196/146
f 197/197/147 144/143/98 143/142/97
f 143/142/97 198/198/148 197/197/147
f 198/198/148 143/142/97 199/199/149
f 199/199/149 200/200/150 198/198/148
f 154/154/106 199/199/149 141/140/96
f 141/140/96 149/148/103 154/154/106
f 111/108/73 101/99/66 100/98/65
f 100/98/65 133/130/91 111/108/73
f 200/200/150 199/199/149 154/154/106
f 154/154/106 201/201/151 200/200/150
f 154/154/106 145/144/99 202/202/152
f 202/202/152 201/201/151 154/154/106
f 202/202/152 145/144/99 148/147/102
f 148/147/102 203/203/153 202/202/152
f 204/204/154 205/205/155 170/170/121
f 170/170/121 178/177/128 204/204/154
f 203/203/153 148/147/102 205/205/155
f 205/205/155 206/206/156 203/203/153
f 199/199/149 143/142/97 139/138/95
f 139/138/95 141/140/96 199/199/149
f 206/206/156 205/205/155 185/184/135
f 185/184/135 186/185/136 206/206/156
f 163/163/114 162/162/113 207/207/157
f 207/207/157 208/208/158 163/163/114
f 208/208/158 207/207/157 209/209/159
f 209/209/159 210/210/160 208/208/158
f 210/210/160 209/209/159 191/190/141
f 191/190/141 192/191/142 210/210/160
f 211/211/161 212/212/162 209/209/159
f 209/209/159 207/207/157 211/211/161
f 169/169/120 211/211/161 207/207/157
f 207/207/157 162/162/113 169/169/120
f 169/169/120 131/128/9 211/211/161
f 212/212/162 195/194/145 191/190/141
f 191/190/141 209/209/159 212/212/162
f 131/128/9 212/212/162 211/211/161
f 195/194/145 212/212/162 131/128/9
f 183/182/133 115/112/76 116/113/77
f 116/113/77 160/160/111 183/182/133
f 213/213/163 214/214/164 115/112/76
f 115/112/76 183/182/133 213/213/163
f 155/155/107 214/214/164 213/213/163
f 213/213/163 204/204/154 155/155/107
f 158/158/110 155/155/107 204/204/154
f 204/204/154 178/177/128 158/158/110
f 214/214/164 118/115/78 113/110/74
f 113/110/74 115/112/76 214/214/164
f 157/157/109 118/115/78 214/214/164
f 214/214/164 155/155/107 157/157/109
f 114/111/75 113/110/74 111/108/73
f 156/156/108 147/146/101 157/157/109
f 182/181/132 185/184/135 213/213/163
f 213/213/163 183/182/133 182/181/132
f 170/170/121 205/205/155 148/147/102
f 213/213/163 185/184/135 205/205/155
f 205/205/155 204/204/154 213/213/163
f 134/131/92 133/130/91 182/181/132
f 215/215/165 216/216/166 217/217/167
f 217/217/167 218/218/168 215/215/165
f 219/219/169 215/215/165 218/218/168
f 218/218/168 220/220/170 219/219/169
f 221/221/171 223/222/172 224/223/173
f 224/223/173 226/224/174 221/221/171
f 223/222/172 227/225/175 228/226/176
f 228/226/176 224/223/173 223/222/172
f 227/225/175 229/227/177 230/228/178
f 230/228/178 228/226/176 227/225/175
f 229/227/177 231/229/179 232/230/180
f 232/230/180 230/228/178 229/227/177
f 233/231/181 234/232/182 231/229/179
f 231/229/179 229/227/177 233/231/181
f 235/233/183 233/231/181 229/227/177
f 229/227/177 227/225/175 235/233/183
f 236/234/184 235/233/183 227/225/175
f 227/225/175 223/222/172 236/234/184
f 237/235/185 236/234/184 223/222/172
f 223/222/172 221/221/171 237/235/185
f 226/224/174 224/223/173 219/219/169
f 219/219/169 240/236/186 226/224/174
f 224/223/173 228/226/176 215/215/165
f 215/215/165 219/219/169 224/223/173
f 228/226/176 230/228/178 216/216/166
f 216/216/166 215/215/165 228/226/176
f 230/228/178 232/230/180 241/237/187
f 241/237/187 216/216/166 230/228/178
f 242/238/188 219/219/169 220/220/170
f 220/220/170 243/239/189 242/238/188
f 244/240/190 216/216/166 241/237/187
f 241/237/187 245/241/191 244/240/190
f 247/242/192 240/236/186 219/219/169
f 219/219/169 242/238/188 247/242/192
f 248/243/193 218/218/168 217/217/167
f 217/217/167 249/244/194 248/243/193
f 243/239/189 220/220/170 218/218/168
f 218/218/168 248/243/193 243/239/189
f 249/244/194 217/217/167 216/216/166
f 216/216/166 244/240/190 249/244/194
f 250/245/195 248/243/193 249/244/194
f 249/244/194 244/240/190 250/245/195
f 243/239/189 248/243/193 250/245/195
f 250/245/195 242/238/188 243/239/189
f 251/246/196 234/232/182 233/231/181
f 233/231/181 252/247/197 251/246/196
f 253/248/198 236/234/184 237/235/185
f 237/235/185 254/249/199 253/248/198
f 235/233/183 236/234/184 253/248/198
f 253/248/198 256/250/200 235/233/183
f 233/231/181 235/233/183 256/250/200
f 256/250/200 252/247/197 233/231/181
f 257/251/201 258/252/202 259/253/203
f 259/253/203 260/254/204 257/251/201
f 261/255/205 257/251/201 260/254/204
f 260/254/204 262/256/206 261/255/205
f 231/229/179 263/257/207 264/258/208
f 264/258/208 232/230/180 231/229/179
f 263/257/207 265/259/209 266/260/210
f 266/260/210 264/258/208 263/257/207
f 265/259/209 267/261/211 268/262/212
f 268/262/212 266/260/210 265/259/209
f 267/261/211 269/263/213 270/264/214
f 270/264/214 268/262/212 267/261/211
f 271/265/215 272/266/216 269/263/213
f 269/263/213 267/261/211 271/265/215
f 273/267/217 271/265/215 267/261/211
f 267/261/211 265/259/209 273/267/217
f 274/268/218 273/267/217 265/259/209
f 265/259/209 263/257/207 274/268/218
f 234/232/182 274/268/218 263/257/207
f 263/257/207 231/229/179 234/232/182
f 232/230/180 264/258/208 261/255/205
f 261/255/205 241/237/187 232/230/180
f 264/258/208 266/260/210 257/251/201
f 257/251/201 261/255/205 264/258/208
f 266/260/210 268/262/212 258/252/202
f 258/252/202 257/251/201 266/260/210
f 268/262/212 270/264/214 275/269/219
f 275/269/219 258/252/202 268/262/212
f 276/270/220 261/255/205 262/256/206
f 262/256/206 277/271/221 276/270/220
f 278/272/222 258/252/202 275/269/219
f 275/269/219 279/273/223 278/272/222
f 245/241/191 241/237/187 261/255/205
f 261/255/205 276/270/220 245/241/191
f 280/274/224 260/254/204 259/253/203
f 259/253/203 281/275/225 280/274/224
f 277/271/221 262/256/206 260/254/204
f 260/254/204 280/274/224 277/271/221
f 281/275/225 259/253/203 258/252/202
f 258/252/202 278/272/222 281/275/225
f 282/276/226 280/274/224 281/275/225
f 281/275/225 278/272/222 282/276/226
f 277/271/221 280/274/224 282/276/226
f 282/276/226 276/270/220 277/271/221
f 283/277/227 272/266/216 271/265/215
f 271/265/215 284/278/228 283/277/227
f 285/279/229 274/268/218 234/232/182
f 234/232/182 251/246/196 285/279/229
f 273/267/217 274/268/218 285/279/229
f 285/279/229 286/280/230 273/267/217
f 271/265/215 273/267/217 286/280/230
f 286/280/230 284/278/228 271/265/215
f 287/281/231 288/282/232 289/283/233
f 289/283/233 290/284/234 287/281/231
f 291/285/235 287/281/231 290/284/234
f 290/284/234 292/286/236 291/285/235
f 269/263/213 293/287/237 294/288/238
f 294/288/238 270/264/214 269/263/213
f 293/287/237 295/289/239 296/290/240
f 296/290/240 294/288/238 293/287/237
f 295/289/239 297/291/241 298/292/242
f 298/292/242 296/290/240 295/289/239
f 297/291/241 299/293/243 300/294/244
f 300/294/244 298/292/242 297/291/241
f 301/295/245 302/296/246 299/293/243
f 299/293/243 297/291/241 301/295/245
f 303/297/247 301/295/245 297/291/241
f 297/291/241 295/289/239 303/297/247
f 304/298/248 303/297/247 295/289/239
f 295/289/239 293/287/237 304/298/248
f 272/266/216 304/298/248 293/287/237
f 293/287/237 269/263/213 272/266/216
f 270/264/214 294/288/238 291/285/235
f 291/285/235 275/269/219 270/264/214
f 294/288/238 296/290/240 287/281/231
f 287/281/231 291/285/235 294/288/238
f 296/290/240 298/292/242 288/282/232
f 288/282/232 287/281/231 296/290/240
f 298/292/242 300/294/244 305/299/249
f 305/299/249 288/282/232 298/292/242
f 306/300/250 291/285/235 292/286/236
f 292/286/236 307/301/251 306/300/250
f 308/302/252 288/282/232 305/299/249
f 305/299/249 309/303/253 308/302/252
f 279/273/223 275/269/219 291/285/235
f 291/285/235 306/300/250 279/273/223
f 310/304/254 290/284/234 289/283/233
f 289/283/233 311/305/255 310/304/254
f 307/301/251 292/286/236 290/284/234
f 290/284/234 310/304/254 307/301/251
f 311/305/255 289/283/233 288/282/232
f 288/282/232 308/302/252 311/305/255
f 312/306/256 310/304/254 311/305/255
f 311/305/255 308/302/252 312/306/256
f 307/301/251 310/304/254 312/306/256
f 312/306/256 306/300/250 307/301/251
f 313/307/257 302/296/246 301/295/245
f 301/295/245 314/308/258 313/307/257
f 315/309/259 304/298/248 272/266/216
f 272/266/216 283/277/227 315/309/259
f 303/297/247 304/298/248 315/309/259
f 315/309/259 316/310/260 303/297/247
f 301/295/245 303/297/247 316/310/260
f 316/310/260 314/308/258 301/295/245
f 317/311/261 318/312/262 319/313/263
f 319/313/263 320/314/264 317/311/261
f 321/315/265 317/311/261 320/314/264
f 320/314/264 322/316/266 321/315/265
f 299/293/243 323/317/267 324/318/268
f 324/318/268 300/294/244 299/293/243
f 323/317/267 325/319/269 326/320/270
f 326/320/270 324/318/268 323/317/267
f 325/319/269 327/321/271 328/322/272
f 328/322/272 326/320/270 325/319/269
f 327/321/271 329/323/273 330/324/274
f 330/324/274 328/322/272 327/321/271
f 331/325/275 332/326/276 329/323/273
f 329/323/273 327/321/271 331/325/275
f 333/327/277 331/325/275 327/321/271
f 327/321/271 325/319/269 333/327/277
f 334/328/278 333/327/277 325/319/269
f 325/319/269 323/317/267 334/328/278
f 302/296/246 334/328/278 323/317/267
f 323/317/267 299/293/243 302/296/246
f 300/294/244 324/318/268 321/315/265
f 321/315/265 305/299/249 300/294/244
f 324/318/268 326/320/270 317/311/261
f 317/311/261 321/315/265 324/318/268
f 326/320/270 328/322/272 318/312/262
f 318/312/262 317/311/261 326/320/270
f 328/322/272 330/324/274 335/329/279
f 335/329/279 318/312/262 328/322/272
f 336/330/280 321/315/265 322/316/266
f 322/316/266 337/331/281 336/330/280
f 338/332/282 318/312/262 335/329/279
f 335/329/279 339/333/283 338/332/282
f 309/303/253 305/299/249 321/315/265
f 321/315/265 336/330/280 309/303/253
f 340/334/284 320/314/264 319/313/263
f 319/313/263 341/335/285 340/334/284
f 337/331/281 322/316/266 320/314/264
f 320/314/264 340/334/284 337/331/281
f 341/335/285 319/313/263 318/312/262
f 318/312/262 338/332/282 341/335/285
f 342/336/286 340/334/284 341/335/285
f 341/335/285 338/332/282 342/336/286
f 337/331/281 340/334/284 342/336/286
f 342/336/286 336/330/280 337/331/281
f 343/337/287 332/326/276 331/325/275
f 331/325/275 344/338/288 343/337/287
f 345/339/289 334/328/278 302/296/246
f 302/296/246 313/307/257 345/339/289
f 333/327/277 334/328/278 345/339/289
f 345/339/289 346/340/290 333/327/277
f 331/325/275 333/327/277 346/340/290
f 346/340/290 344/338/288 331/325/275
f 347/341/291 348/342/292 349/343/293
f 349/343/293 350/344/294 347/341/291
f 351/345/295 347/341/291 350/344/294
f 350/344/294 352/346/296 351/345/295
f 329/323/273 353/347/297 354/348/298
f 354/348/298 330/324/274 329/323/273
f 353/347/297 355/349/299 356/350/300
f 356/350/300 354/348/298 353/347/297
f 355/349/299 357/351/301 358/352/302
f 358/352/302 356/350/300 355/349/299
f 357/351/301 222/353/171 225/354/303
f 225/354/303 358/352/302 357/351/301
f 359/355/304 238/356/185 222/353/171
f 222/353/171 357/351/301 359/355/304
f 360/357/305 359/355/304 357/351/301
f 357/351/301 355/349/299 360/357/305
f 361/358/306 360/357/305 355/349/299
f 355/349/299 353/347/297 361/358/306
f 332/326/276 361/358/306 353/347/297
f 353/347/297 329/323/273 332/326/276
f 330/324/274 354/348/298 351/345/295
f 351/345/295 335/329/279 330/324/274
f 354/348/298 356/350/300 347/341/291
f 347/341/291 351/345/295 354/348/298
f 356/350/300 358/352/302 348/342/292
f 348/342/292 347/341/291 356/350/300
f 358/352/302 225/354/303 239/359/186
f 239/359/186 348/342/292 358/352/302
f 362/360/307 351/345/295 352/346/296
f 352/346/296 363/361/308 362/360/307
f 364/362/309 348/342/292 239/359/186
f 239/359/186 246/363/310 364/362/309
f 339/333/283 335/329/279 351/345/295
f 351/345/295 362/360/307 339/333/283
f 365/364/311 350/344/294 349/343/293
f 349/343/293 366/365/312 365/364/311
f 363/361/308 352/346/296 350/344/294
f 350/344/294 365/364/311 363/361/308
f 366/365/312 349/343/293 348/342/292
f 348/342/292 364/362/309 366/365/312
f 367/366/313 365/364/311 366/365/312
f 366/365/312 364/362/309 367/366/313
f 363/361/308 365/364/311 367/366/313
f 367/366/313 362/360/307 363/361/308
f 255/367/199 238/356/185 359/355/304
f 359/355/304 368/368/314 255/367/199
f 369/369/315 361/358/306 332/326/276
f 332/326/276 343/337/287 369/369/315
f 360/357/305 361/358/306 369/369/315
f 369/369/315 370/370/316 360/357/305
f 359/355/304 360/357/305 370/370/316
f 370/370/316 368/368/314 359/355/304
f 314/308/258 316/310/260 371/371/317
f 372/372/317 313/307/257 314/308/258
f 314/308/258 371/371/317 372/372/317
f 344/338/288 346/340/290 373/373/317
f 374/374/317 369/369/315 343/337/287
f 343/337/287 375/375/317 374/374/317
f 377/376/317 255/367/199 368/368/314
f 368/368/314 374/374/317 377/376/317
f 375/375/317 343/337/287 344/338/288
f 344/338/288 373/373/317 375/375/317
f 378/377/317 251/246/196 252/247/197
f 252/247/197 379/378/317 378/377/317
f 373/373/317 345/339/289 313/307/257
f 313/307/257 372/372/317 373/373/317
f 371/371/317 315/309/259 283/277/227
f 283/277/227 380/379/317 371/371/317
f 379/378/317 253/248/198 254/249/199
f 254/249/199 376/380/317 379/378/317
f 286/280/230 285/279/229 381/381/317
f 284/278/228 286/280/230 381/381/317
f 380/379/317 283/277/227 284/278/228
f 284/278/228 381/381/317 380/379/317
f 256/250/200 253/248/198 379/378/317
f 370/370/316 369/369/315 374/374/317
f 381/381/317 285/279/229 251/246/196
f 251/246/196 378/377/317 381/381/317
f 252/247/197 256/250/200 379/378/317
f 368/368/314 370/370/316 374/374/317
f 316/310/260 315/309/259 371/371/317
f 346/340/290 345/339/289 373/373/317
f 382/382/318 308/302/252 309/303/253
f 309/303/253 383/383/319 382/382/318
f 384/384/320 245/241/191 276/270/220
f 276/270/220 385/385/321 384/384/320
f 386/386/322 336/330/280 342/336/286
f 342/336/286 387/387/323 386/386/322
f 388/388/324 306/300/250 312/306/256
f 312/306/256 389/389/325 388/388/324
f 390/390/326 279/273/223 306/300/250
f 306/300/250 388/388/324 390/390/326
f 391/391/327 338/332/282 339/333/283
f 339/333/283 392/392/328 391/391/327
f 383/383/319 309/303/253 336/330/280
f 336/330/280 386/386/322 383/383/319
f 393/393/329 278/272/222 279/273/223
f 279/273/223 390/390/326 393/393/329
f 394/394/330 364/362/309 246/363/310
f 246/363/310 395/395/331 394/394/330
f 397/396/332 250/245/195 244/240/190
f 244/240/190 398/397/333 397/396/332
f 399/398/334 282/276/226 278/272/222
f 278/272/222 393/393/329 399/398/334
f 398/397/333 244/240/190 245/241/191
f 245/241/191 384/384/320 398/397/333
f 400/399/335 367/366/313 364/362/309
f 364/362/309 394/394/330 400/399/335
f 392/392/328 339/333/283 362/360/307
f 362/360/307 401/400/336 392/392/328
f 402/401/337 242/238/188 250/245/195
f 250/245/195 397/396/332 402/401/337
f 385/385/321 276/270/220 282/276/226
f 282/276/226 399/398/334 385/385/321
f 387/387/323 342/336/286 338/332/282
f 338/332/282 391/391/327 387/387/323
f 401/400/336 362/360/307 367/366/313
f 367/366/313 400/399/335 401/400/336
f 396/402/331 247/242/192 242/238/188
f 242/238/188 402/401/337 396/402/331
f 389/389/325 312/306/256 308/302/252
f 308/302/252 382/382/318 389/389/325
f 398/397/333 403/403/338 404/404/339
f 404/404/339 397/396/332 398/397/333
f 397/396/332 404/404/339 405/405/340
f 405/405/340 402/401/337 397/396/332
f 402/401/337 405/405/340 407/406/341
f 407/406/341 396/402/331 402/401/337
f 395/395/331 406/407/341 408/408/342
f 408/408/342 394/394/330 395/395/331
f 394/394/330 408/408/342 409/409/343
f 409/409/343 400/399/335 394/394/330
f 400/399/335 409/409/343 410/410/344
f 410/410/344 401/400/336 400/399/335
f 401/400/336 410/410/344 411/411/345
f 411/411/345 392/392/328 401/400/336
f 392/392/328 411/411/345 412/412/346
f 412/412/346 391/391/327 392/392/328
f 391/391/327 412/412/346 413/413/347
f 413/413/347 387/387/323 391/391/327
f 387/387/323 413/413/347 414/414/348
f 414/414/348 386/386/322 387/387/323
f 386/386/322 414/414/348 415/415/349
f 415/415/349 383/383/319 386/386/322
f 383/383/319 415/415/349 416/416/350
f 416/416/350 382/382/318 383/383/319
f 382/382/318 416/416/350 417/417/351
f 417/417/351 389/389/325 382/382/318
f 389/389/325 417/417/351 418/418/352
f 418/418/352 388/388/324 389/389/325
f 388/388/324 418/418/352 419/419/353
f 419/419/353 390/390/326 388/388/324
f 390/390/326 419/419/353 420/420/354
f 420/420/354 393/393/329 390/390/326
f 393/393/329 420/420/354 421/421/355
f 421/421/355 399/398/334 393/393/329
f 399/398/334 421/421/355 422/422/356
f 422/422/356 385/385/321 399/398/334
f 385/385/321 422/422/356 423/423/357
f 423/423/357 384/384/320 385/385/321
f 384/384/320 423/423/357 403/403/338
f 403/403/338 398/397/333 384/384/320
f 424/424/5 422/422/356 421/421/355
f 421/421/355 425/425/358 424/424/5
f 426/426/359 414/414/348 413/413/347
f 413/413/347 427/427/360 426/426/359
f 425/425/358 421/421/355 420/420/354
f 420/420/354 428/428/361 425/425/358
f 427/427/360 413/413/347 412/412/346
f 412/412/346 429/429/13 427/427/360
f 428/428/361 420/420/354 419/419/353
f 419/419/353 430/430/362 428/428/361
f 432/431/9 407/406/341 405/405/340
f 405/405/340 433/432/363 432/431/9
f 429/429/13 412/412/346 411/411/345
f 411/411/345 434/433/364 429/429/13
f 430/430/362 419/419/353 418/418/352
f 418/418/352 435/434/365 430/430/362
f 433/432/363 405/405/340 404/404/339
f 404/404/339 436/435/366 433/432/363
f 434/433/364 411/411/345 410/410/344
f 410/410/344 437/436/367 434/433/364
f 435/434/365 418/418/352 417/417/351
f 417/417/351 438/437/2 435/434/365
f 436/435/366 404/404/339 403/403/338
f 403/403/338 439/438/368 436/435/366
f 437/436/367 410/410/344 409/409/343
f 409/409/343 440/439/369 437/436/367
f 438/437/2 417/417/351 416/416/350
f 416/416/350 441/440/370 438/437/2
f 439/438/368 403/403/338 423/423/357
f 423/423/357 442/441/371 439/438/368
f 440/439/369 409/409/343 408/408/342
f 408/408/342 443/442/372 440/439/369
f 441/440/370 416/416/350 415/415/349
f 415/415/349 444/443/373 441/440/370
f 442/441/371 423/423/357 422/422/356
f 422/422/356 424/424/5 442/441/371
f 443/442/372 408/408/342 406/407/341
f 406/407/341 431/444/374 443/442/372
f 444/443/373 415/415/349 414/414/348
f 414/414/348 426/426/359 444/443/373
f 445/445/375 446/446/376 448/447/377
f 448/447/377 450/448/378 445/445/375
f 451/449/379 445/445/375 450/448/378
f 450/448/378 452/450/380 451/449/379
f 453/451/381 451/449/379 452/450/380
f 452/450/380 454/452/382 453/451/381
f 455/453/383 453/451/381 454/452/382
f 454/452/382 456/454/384 455/453/383
f 457/455/385 455/453/383 456/454/384
f 456/454/384 458/456/386 457/455/385
f 459/457/387 457/455/385 458/456/386
f 458/456/386 460/458/388 459/457/387
f 461/459/389 459/457/387 460/458/388
f 460/458/388 462/460/390 461/459/389
f 463/461/391 461/459/389 462/460/390
f 462/460/390 464/462/392 463/461/391
f 465/463/393 463/461/391 464/462/392
f 464/462/392 466/464/394 465/463/393
f 467/465/395 465/463/393 466/464/394
f 466/464/394 468/466/396 467/465/395
f 469/467/397 467/465/395 468/466/396
f 468/466/396 470/468/398 469/467/397
f 447/469/376 469/467/397 470/468/398
f 470/468/398 449/470/399 447/469/376
f 472/471/400 473/472/401 469/467/397
f 469/467/397 447/469/376 472/471/400
f 473/472/401 474/473/402 467/465/395
f 467/465/395 469/467/397 473/472/401
f 474/473/402 475/474/403 465/463/393
f 465/463/393 467/465/395 474/473/402
f 475/474/403 476/475/404 463/461/391
f 463/461/391 465/463/393 475/474/403
f 476/475/404 477/476/405 461/459/389
f 461/459/389 463/461/391 476/475/404
f 477/476/405 478/477/406 459/457/387
f 459/457/387 461/459/389 477/476/405
f 478/477/406 479/478/407 457/455/385
f 457/455/385 459/457/387 478/477/406
f 479/478/407 480/479/408 455/453/383
f 455/453/383 457/455/385 479/478/407
f 480/479/408 481/480/409 453/451/381
f 453/451/381 455/453/383 480/479/408
f 481/480/409 482/481/410 451/449/379
f 451/449/379 453/451/381 481/480/409
f 482/481/410 483/482/411 445/445/375
f 445/445/375 451/449/379 482/481/410
f 483/482/411 471/483/412 446/446/376
f 446/446/376 445/445/375 483/482/411
f 484/484/413 485/485/2 487/486/414
f 487/486/414 489/487/415 484/484/413
f 490/488/416 491/489/9 492/490/417
f 492/490/417 493/491/418 490/488/416
f 491/489/9 494/492/419 495/493/420
f 495/493/420 492/490/417 491/489/9
f 494/492/419 496/494/421 497/495/422
f 497/495/422 495/493/420 494/492/419
f 496/494/421 498/496/5 499/497/423
f 499/497/423 497/495/422 496/494/421
f 498/496/5 500/498/424 501/499/425
f 501/499/425 499/497/423 498/496/5
f 502/500/426 503/501/427 504/502/428
f 504/502/428 505/503/429 502/500/426
f 500/498/424 484/484/413 489/487/415
f 489/487/415 501/499/425 500/498/424
f 503/501/427 506/504/13 507/505/430
f 507/505/430 504/502/428 503/501/427
f 506/504/13 508/506/431 509/507/432
f 509/507/432 507/505/430 506/504/13
f 508/506/431 490/488/416 493/491/418
f 493/491/418 509/507/432 508/506/431
f 486/508/2 502/500/426 505/503/429
f 505/503/429 488/509/433 486/508/2
f 499/497/423 501/499/425 510/510/434
f 510/510/434 511/511/435 499/497/423
f 504/502/428 507/505/430 512/512/436
f 512/512/436 513/513/437 504/502/428
f 493/491/418 492/490/417 514/514/438
f 514/514/438 515/515/439 493/491/418
f 497/495/422 499/497/423 511/511/435
f 511/511/435 516/516/440 497/495/422
f 505/503/429 504/502/428 513/513/437
f 513/513/437 517/517/441 505/503/429
f 509/507/432 493/491/418 515/515/439
f 515/515/439 518/518/442 509/507/432
f 495/493/420 497/495/422 516/516/440
f 516/516/440 519/519/443 495/493/420
f 488/509/433 505/503/429 517/517/441
f 517/517/441 521/520/444 488/509/433
f 501/499/425 489/487/415 522/521/445
f 522/521/445 510/510/434 501/499/425
f 507/505/430 509/507/432 518/518/442
f 518/518/442 512/512/436 507/505/430
f 492/490/417 495/493/420 519/519/443
f 519/519/443 514/514/438 492/490/417
f 523/522/59 513/513/437 512/512/436
f 512/512/436 524/523/59 523/522/59
f 525/524/59 515/515/439 514/514/438
f 514/514/438 526/525/59 525/524/59
f 527/526/59 516/516/440 511/511/435
f 511/511/435 528/527/59 527/526/59
f 529/528/59 517/517/441 513/513/437
f 513/513/437 523/522/59 529/528/59
f 530/529/59 522/521/445 520/530/446
f 520/530/446 531/531/59 530/529/59
f 533/532/59 518/518/442 515/515/439
f 515/515/439 525/524/59 533/532/59
f 534/533/59 519/519/443 516/516/440
f 516/516/440 527/526/59 534/533/59
f 532/534/59 521/520/444 517/517/441
f 517/517/441 529/528/59 532/534/59
f 535/535/59 510/510/434 522/521/445
f 522/521/445 530/529/59 535/535/59
f 524/523/59 512/512/436 518/518/442
f 518/518/442 533/532/59 524/523/59
f 526/525/59 514/514/438 519/519/443
f 519/519/443 534/533/59 526/525/59
f 528/527/59 511/511/435 510/510/434
f 510/510/434 535/535/59 528/527/59
f 489/487/415 487/486/414 520/530/446
f 520/530/446 522/521/445 489/487/415
f 536/536/447 537/537/448 539/538/449
f 539/538/449 541/539/450 536/536/447
f 543/540/451 545/541/452 546/542/453
f 546/542/453 547/543/454 543/540/451
f 548/544/455 537/537/448 549/545/456
f 549/545/456 550/546/457 548/544/455
f 551/547/458 552/548/459 553/549/460
f 553/549/460 554/550/461 551/547/458
f 550/546/457 549/545/456 555/551/462
f 555/551/462 556/552/463 550/546/457
f 557/553/464 558/554/465 559/555/466
f 559/555/466 560/556/467 557/553/464
f 554/550/461 553/549/460 561/557/468
f 561/557/468 562/558/469 554/550/461
f 556/552/463 555/551/462 563/559/470
f 563/559/470 564/560/471 556/552/463
f 560/556/467 559/555/466 565/561/472
f 565/561/472 566/562/473 560/556/467
f 562/558/469 561/557/468 567/563/474
f 567/563/474 568/564/475 562/558/469
f 564/560/471 563/559/470 552/548/459
f 552/548/459 551/547/458 564/560/471
f 566/562/473 565/561/472 538/565/476
f 538/565/476 569/566/477 566/562/473
f 571/567/317 572/568/478 573/569/479
f 573/569/479 574/570/317 571/567/317
f 568/564/475 567/563/474 558/554/465
f 558/554/465 557/553/464 568/564/475
f 572/568/478 558/554/465 567/563/474
f 567/563/474 573/569/479 572/568/478
f 575/571/480 553/549/460 552/548/459
f 552/548/459 576/572/481 575/571/480
f 577/573/482 549/545/456 537/537/448
f 537/537/448 536/536/447 577/573/482
f 578/574/483 555/551/462 549/545/456
f 549/545/456 577/573/482 578/574/483
f 579/575/484 559/555/466 558/554/465
f 558/554/465 572/568/478 579/575/484
f 580/576/485 561/557/468 553/549/460
f 553/549/460 575/571/480 580/576/485
f 581/577/486 563/559/470 555/551/462
f 555/551/462 578/574/483 581/577/486
f 582/578/487 565/561/472 559/555/466
f 559/555/466 579/575/484 582/578/487
f 573/569/479 567/563/474 561/557/468
f 561/557/468 580/576/485 573/569/479
f 576/572/481 552/548/459 563/559/470
f 563/559/470 581/577/486 576/572/481
f 545/541/452 570/579/488 548/544/455
f 548/544/455 546/542/453 545/541/452
f 540/580/450 538/565/476 565/561/472
f 565/561/472 582/578/487 540/580/450
f 583/581/489 566/562/473 569/566/477
f 569/566/477 544/582/490 583/581/489
f 584/583/491 568/564/475 557/553/464
f 557/553/464 585/584/492 584/583/491
f 586/585/493 551/547/458 554/550/461
f 554/550/461 587/586/494 586/585/493
f 546/542/453 548/544/455 550/546/457
f 550/546/457 588/587/495 546/542/453
f 588/587/495 550/546/457 556/552/463
f 556/552/463 589/588/496 588/587/495
f 585/584/492 557/553/464 560/556/467
f 560/556/467 590/589/497 585/584/492
f 587/586/494 554/550/461 562/558/469
f 562/558/469 591/590/498 587/586/494
f 589/588/496 556/552/463 564/560/471
f 564/560/471 592/591/499 589/588/496
f 590/589/497 560/556/467 566/562/473
f 566/562/473 583/581/489 590/589/497
f 591/590/498 562/558/469 568/564/475
f 568/564/475 584/583/491 591/590/498
f 592/591/499 564/560/471 551/547/458
f 551/547/458 586/585/493 592/591/499
f 547/543/454 546/542/453 588/587/495
f 588/587/495 593/592/500 547/543/454
f 593/592/500 588/587/495 589/588/496
f 589/588/496 594/593/501 593/592/500
f 594/593/501 589/588/496 592/591/499
f 592/591/499 595/594/502 594/593/501
f 595/594/502 592/591/499 586/585/493
f 586/585/493 596/595/503 595/594/502
f 596/595/503 586/585/493 587/586/494
f 587/586/494 597/596/504 596/595/503
f 597/596/504 587/586/494 591/590/498
f 591/590/498 598/597/505 597/596/504
f 598/597/505 591/590/498 584/583/491
f 584/583/491 599/598/506 598/597/505
f 599/598/506 584/583/491 585/584/492
f 585/584/492 600/599/507 599/598/506
f 600/599/507 585/584/492 590/589/497
f 590/589/497 601/600/508 600/599/507
f 601/600/508 590/589/497 583/581/489
f 583/581/489 602/601/509 601/600/508
f 602/601/509 583/581/489 544/582/490
f 544/582/490 542/602/510 602/601/509
f 603/603/317 575/571/480 576/572/481
f 576/572/481 604/604/317 603/603/317
f 605/605/317 578/574/483 577/573/482
f 577/573/482 606/606/317 605/605/317
f 607/607/317 579/575/484 572/568/478
f 572/568/478 571/567/317 607/607/317
f 608/608/317 580/576/485 575/571/480
f 575/571/480 603/603/317 608/608/317
f 609/609/317 581/577/486 578/574/483
f 578/574/483 605/605/317 609/609/317
f 610/610/317 582/578/487 579/575/484
f 579/575/484 607/607/317 610/610/317
f 611/611/317 536/536/447 541/539/450
f 541/539/450 613/612/317 611/611/317
f 574/570/317 573/569/479 580/576/485
f 580/576/485 608/608/317 574/570/317
f 604/604/317 576/572/481 581/577/486
f 581/577/486 609/609/317 604/604/317
f 612/613/317 540/580/450 582/578/487
f 582/578/487 610/610/317 612/613/317
f 606/606/317 577/573/482 536/536/447
f 536/536/447 611/611/317 606/606/317
f 614/614/511 615/615/512 616/616/513
f 616/616/513 617/617/514 614/614/511
f 618/618/515 614/614/511 617/617/514
f 617/617/514 619/619/516 618/618/515
f 620/620/517 618/618/515 619/619/516
f 619/619/516 621/621/518 620/620/517
f 622/622/519 620/620/517 621/621/518
f 621/621/518 623/623/520 622/622/519
f 624/624/59 621/621/518 619/619/516
f 619/619/516 625/625/59 624/624/59
f 626/626/59 617/617/514 616/616/513
f 616/616/513 627/627/59 626/626/59
f 628/628/59 623/623/520 621/621/518
f 621/621/518 624/624/59 628/628/59
f 625/625/59 619/619/516 617/617/514
f 617/617/514 626/626/59 625/625/59
f 629/629/521 615/615/512 614/614/511
f 614/614/511 630/630/522 629/629/521
f 631/631/523 620/620/517 622/622/519
f 622/622/519 632/632/524 631/631/523
f 633/633/525 634/634/526 635/635/527
f 635/635/527 636/636/528 633/633/525
f 637/637/529 638/638/530 631/631/523
f 631/631/523 639/639/531 637/637/529
f 639/639/531 631/631/523 632/632/524
f 632/632/524 640/640/532 639/639/531
f 641/641/533 629/629/521 630/630/522
f 630/630/522 642/642/534 641/641/533
f 642/642/534 630/630/522 638/638/530
f 638/638/530 637/637/529 642/642/534
f 642/642/534 637/637/529 643/643/317
f 637/637/529 639/639/531 643/643/317
f 639/639/531 640/640/532 643/643/317
f 641/641/533 642/642/534 643/643/317
f 644/644/535 645/645/536 620/620/517
f 644/644/535 633/633/525 636/636/528
f 636/636/528 645/645/536 644/644/535
f 644/644/535 631/631/523 638/638/530
f 638/638/530 633/633/525 644/644/535
f 646/646/537 614/614/511 618/618/515
f 618/618/515 647/647/538 646/646/537
f 633/633/525 638/638/530 630/630/522
f 630/630/522 634/634/526 633/633/525
f 636/636/528 647/647/538 648/648/539
f 648/648/539 645/645/536 636/636/528
f 635/635/527 646/646/537 647/647/538
f 647/647/538 636/636/528 635/635/527
f 647/647/538 618/618/515 620/620/517
f 620/620/517 648/648/539 647/647/538
f 614/614/511 646/646/537 635/635/527
f 620/620/517 645/645/536 648/648/539
f 620/620/517 631/631/523 644/644/535
f 635/635/527 634/634/526 614/614/511
f 634/634/526 630/630/522 614/614/511
f 649/649/540 650/650/541 652/651/542
f 652/651/542 654/652/543 649/649/540
f 655/653/544 649/649/540 654/652/543
f 654/652/543 656/654/545 655/653/544
f 657/655/546 655/653/544 656/654/545
f 656/654/545 658/656/547 657/655/546
f 615/615/512 657/655/546 658/656/547
f 658/656/547 616/616/513 615/615/512
f 659/657/59 658/656/547 656/654/545
f 656/654/545 660/658/59 659/657/59
f 661/659/59 654/652/543 652/651/542
f 652/651/542 662/660/59 661/659/59
f 627/627/59 616/616/513 658/656/547
f 658/656/547 659/657/59 627/627/59
f 660/658/59 656/654/545 654/652/543
f 654/652/543 661/659/59 660/658/59
f 665/661/548 650/650/541 649/649/540
f 649/649/540 666/662/549 665/661/548
f 667/663/550 657/655/546 615/615/512
f 615/615/512 629/629/521 667/663/550
f 668/664/551 669/665/552 670/666/553
f 670/666/553 671/667/554 668/664/551
f 672/668/555 673/669/556 667/663/550
f 667/663/550 674/670/557 672/668/555
f 674/670/557 667/663/550 629/629/521
f 629/629/521 641/641/533 674/670/557
f 676/671/558 665/661/548 666/662/549
f 666/662/549 677/672/559 676/671/558
f 677/672/559 666/662/549 673/669/556
f 673/669/556 672/668/555 677/672/559
f 677/672/559 672/668/555 643/643/317
f 672/668/555 674/670/557 643/643/317
f 674/670/557 641/641/533 643/643/317
f 676/671/558 677/672/559 643/643/317
f 678/673/560 679/674/561 657/655/546
f 678/673/560 668/664/551 671/667/554
f 671/667/554 679/674/561 678/673/560
f 678/673/560 667/663/550 673/669/556
f 673/669/556 668/664/551 678/673/560
f 680/675/562 649/649/540 655/653/544
f 655/653/544 681/676/563 680/675/562
f 668/664/551 673/669/556 666/662/549
f 666/662/549 669/665/552 668/664/551
f 671/667/554 681/676/563 682/677/564
f 682/677/564 679/674/561 671/667/554
f 670/666/553 680/675/562 681/676/563
f 681/676/563 671/667/554 670/666/553
f 681/676/563 655/653/544 657/655/546
f 657/655/546 682/677/564 681/676/563
f 649/649/540 680/675/562 670/666/553
f 657/655/546 679/674/561 682/677/564
f 657/655/546 667/663/550 678/673/560
f 670/666/553 669/665/552 649/649/540
f 669/665/552 666/662/549 649/649/540
f 683/678/565 684/679/566 685/680/567
f 685/680/567 686/681/568 683/678/565
f 687/682/569 683/678/565 686/681/568
f 686/681/568 688/683/570 687/682/569
f 689/684/571 687/682/569 688/683/570
f 688/683/570 690/685/572 689/684/571
f 651/686/573 689/684/571 690/685/572
f 690/685/572 653/687/542 651/686/573
f 691/688/59 690/685/572 688/683/570
f 688/683/570 692/689/59 691/688/59
f 693/690/59 686/681/568 685/680/567
f 685/680/567 694/691/59 693/690/59
f 663/692/59 653/687/542 690/685/572
f 690/685/572 691/688/59 663/692/59
f 692/689/59 688/683/570 686/681/568
f 686/681/568 693/690/59 692/689/59
f 695/693/574 684/679/566 683/678/565
f 683/678/565 696/694/575 695/693/574
f 697/695/576 689/684/571 651/686/573
f 651/686/573 664/696/577 697/695/576
f 698/697/578 699/698/579 700/699/580
f 700/699/580 701/700/581 698/697/578
f 702/701/582 703/702/583 697/695/576
f 697/695/576 704/703/584 702/701/582
f 704/703/584 697/695/576 664/696/577
f 664/696/577 675/704/558 704/703/584
f 705/705/585 695/693/574 696/694/575
f 696/694/575 706/706/586 705/705/585
f 706/706/586 696/694/575 703/702/583
f 703/702/583 702/701/582 706/706/586
f 706/706/586 702/701/582 643/643/317
f 702/701/582 704/703/584 643/643/317
f 704/703/584 675/704/558 643/643/317
f 705/705/585 706/706/586 643/643/317
f 707/707/587 708/708/588 689/684/571
f 707/707/587 698/697/578 701/700/581
f 701/700/581 708/708/588 707/707/587
f 707/707/587 697/695/576 703/702/583
f 703/702/583 698/697/578 707/707/587
f 709/709/589 683/678/565 687/682/569
f 687/682/569 710/710/590 709/709/589
f 698/697/578 703/702/583 696/694/575
f 696/694/575 699/698/579 698/697/578
f 701/700/581 710/710/590 711/711/591
f 711/711/591 708/708/588 701/700/581
f 700/699/580 709/709/589 710/710/590
f 710/710/590 701/700/581 700/699/580
f 710/710/590 687/682/569 689/684/571
f 689/684/571 711/711/591 710/710/590
f 683/678/565 709/709/589 700/699/580
f 689/684/571 708/708/588 711/711/591
f 689/684/571 697/695/576 707/707/587
f 700/699/580 699/698/579 683/678/565
f 699/698/579 696/694/575 683/678/565
f 712/712/592 713/713/593 714/714/594
f 714/714/594 715/715/595 712/712/592
f 716/716/596 712/712/592 715/715/595
f 715/715/595 717/717/597 716/716/596
f 718/718/598 716/716/596 717/717/597
f 717/717/597 719/719/599 718/718/598
f 684/679/566 718/718/598 719/719/599
f 719/719/599 685/680/567 684/679/566
f 720/720/59 719/719/599 717/717/597
f 717/717/597 721/721/59 720/720/59
f 722/722/59 715/715/595 714/714/594
f 714/714/594 723/723/59 722/722/59
f 694/691/59 685/680/567 719/719/599
f 719/719/599 720/720/59 694/691/59
f 721/721/59 717/717/597 715/715/595
f 715/715/595 722/722/59 721/721/59
f 724/724/600 713/713/593 712/712/592
f 712/712/592 725/725/601 724/724/600
f 726/726/602 718/718/598 684/679/566
f 684/679/566 695/693/574 726/726/602
f 727/727/603 728/728/604 729/729/605
f 729/729/605 730/730/606 727/727/603
f 731/731/607 732/732/608 726/726/602
f 726/726/602 733/733/609 731/731/607
f 733/733/609 726/726/602 695/693/574
f 695/693/574 705/705/585 733/733/609
f 734/734/610 724/724/600 725/725/601
f 725/725/601 735/735/611 734/734/610
f 735/735/611 725/725/601 732/732/608
f 732/732/608 731/731/607 735/735/611
f 735/735/611 731/731/607 643/643/317
f 731/731/607 733/733/609 643/643/317
f 733/733/609 705/705/585 643/643/317
f 734/734/610 735/735/611 643/643/317
f 736/736/612 737/737/613 718/718/598
f 736/736/612 727/727/603 730/730/606
f 730/730/606 737/737/613 736/736/612
f 736/736/612 726/726/602 732/732/608
f 732/732/608 727/727/603 736/736/612
f 738/738/614 712/712/592 716/716/596
f 716/716/596 739/739/615 738/738/614
f 727/727/603 732/732/608 725/725/601
f 725/725/601 728/728/604 727/727/603
f 730/730/606 739/739/615 740/740/616
f 740/740/616 737/737/613 730/730/606
f 729/729/605 738/738/614 739/739/615
f 739/739/615 730/730/606 729/729/605
f 739/739/615 716/716/596 718/718/598
f 718/718/598 740/740/616 739/739/615
f 712/712/592 738/738/614 729/729/605
f 718/718/598 737/737/613 740/740/616
f 718/718/598 726/726/602 736/736/612
f 729/729/605 728/728/604 712/712/592
f 728/728/604 725/725/601 712/712/592
f 741/741/617 622/622/519 623/623/520
f 623/623/520 742/742/618 741/741/617
f 743/743/619 741/741/617 742/742/618
f 742/742/618 744/744/620 743/743/619
f 745/745/621 743/743/619 744/744/620
f 744/744/620 746/746/622 745/745/621
f 713/713/593 745/745/621 746/746/622
f 746/746/622 714/714/594 713/713/593
f 747/747/59 746/746/622 744/744/620
f 744/744/620 748/748/59 747/747/59
f 749/749/59 742/742/618 623/623/520
f 623/623/520 628/628/59 749/749/59
f 723/723/59 714/714/594 746/746/622
f 746/746/622 747/747/59 723/723/59
f 748/748/59 744/744/620 742/742/618
f 742/742/618 749/749/59 748/748/59
f 632/632/524 622/622/519 741/741/617
f 741/741/617 750/750/623 632/632/524
f 751/751/624 745/745/621 713/713/593
f 713/713/593 724/724/600 751/751/624
f 752/752/625 753/753/626 754/754/627
f 754/754/627 755/755/628 752/752/625
f 756/756/629 757/757/630 751/751/624
f 751/751/624 758/758/631 756/756/629
f 758/758/631 751/751/624 724/724/600
f 724/724/600 734/734/610 758/758/631
f 640/640/532 632/632/524 750/750/623
f 750/750/623 759/759/632 640/640/532
f 759/759/632 750/750/623 757/757/630
f 757/757/630 756/756/629 759/759/632
f 759/759/632 756/756/629 643/643/317
f 756/756/629 758/758/631 643/643/317
f 758/758/631 734/734/610 643/643/317
f 640/640/532 759/759/632 643/643/317
f 760/760/633 761/761/634 745/745/621
f 760/760/633 752/752/625 755/755/628
f 755/755/628 761/761/634 760/760/633
f 760/760/633 751/751/624 757/757/630
f 757/757/630 752/752/625 760/760/633
f 762/762/635 741/741/617 743/743/619
f 743/743/619 763/763/636 762/762/635
f 752/752/625 757/757/630 750/750/623
f 750/750/623 753/753/626 752/752/625
f 755/755/628 763/763/636 764/764/637
f 764/764/637 761/761/634 755/755/628
f 754/754/627 762/762/635 763/763/636
f 763/763/636 755/755/628 754/754/627
f 763/763/636 743/743/619 745/745/621
f 745/745/621 764/764/637 763/763/636
f 741/741/617 762/762/635 754/754/627
f 745/745/621 761/761/634 764/764/637
f 745/745/621 751/751/624 760/760/633
f 754/754/627 753/753/626 741/741/617
f 753/753/626 750/750/623 741/741/617
f 570/579/488 539/538/449 537/537/448
f 537/537/448 548/544/455 570/579/488
f 765/765/59 458/456/386 456/454/384
f 456/454/384 766/766/59 765/765/59
f 766/766/59 456/454/384 454/452/382
f 454/452/382 767/767/59 766/766/59
f 769/768/59 449/470/399 470/468/398
f 470/468/398 770/769/59 769/768/59
f 767/767/59 454/452/382 452/450/380
f 452/450/380 771/770/59 767/767/59
f 770/769/59 470/468/398 468/466/396
f 468/466/396 772/771/59 770/769/59
f 771/770/59 452/450/380 450/448/378
f 450/448/378 773/772/59 771/770/59
f 772/771/59 468/466/396 466/464/394
f 466/464/394 774/773/59 772/771/59
f 773/772/59 450/448/378 448/447/377
f 448/447/377 768/774/59 773/772/59
f 774/773/59 466/464/394 464/462/392
f 464/462/392 775/775/59 774/773/59
f 775/775/59 464/462/392 462/460/390
f 462/460/390 776/776/59 775/775/59
f 776/776/59 462/460/390 460/458/388
f 460/458/388 777/777/59 776/776/59
f 777/777/59 460/458/388 458/456/386
f 458/456/386 765/765/59 777/777/59
s 0
f 778/778/317 781/779/317 783/780/317
f 783/780/317 785/781/317 778/778/317
f 786/782/317 789/783/317 781/779/317
f 781/779/317 778/778/317 786/782/317
f 790/784/317 793/785/317 789/783/317
f 789/783/317 786/782/317 790/784/317
f 794/786/317 796/787/317 793/785/317
f 793/785/317 790/784/317 794/786/317
f 799/788/59 801/789/59 802/790/59
f 802/790/59 805/791/59 799/788/59
f 801/789/59 807/792/59 808/793/59
f 808/793/59 802/790/59 801/789/59
f 807/792/59 811/794/59 812/795/59
f 812/795/59 808/793/59 807/792/59
f 811/794/59 814/796/59 816/797/59
f 816/797/59 812/795/59 811/794/59
s 1
f 815/798/366 797/787/366 795/786/371
f 795/786/371 817/799/371 815/798/366
f 817/799/371 795/786/371 791/784/358
f 791/784/358 813/800/358 817/799/371
f 803/801/2 779/778/2 784/781/638
f 784/781/638 804/802/638 803/801/2
f 809/803/362 787/782/362 779/778/2
f 779/778/2 803/801/2 809/803/362
f 800/804/364 780/779/364 788/783/369
f 788/783/369 806/805/369 800/804/364
f 810/806/9 792/785/9 797/787/366
f 797/787/366 815/798/366 810/806/9
f 813/800/358 791/784/358 787/782/362
f 787/782/362 809/803/362 813/800/358
f 798/807/360 782/780/360 780/779/364
f 780/779/364 800/804/364 798/807/360
f 806/805/369 788/783/369 792/785/9
f 792/785/9 810/806/9 806/805/369
f 804/802/638 784/781/638 782/780/360
f 782/780/360 798/807/360 804/802/638
f 818/808/639 819/809/640 820/810/641
f 820/810/641 821/811/642 818/808/639
f 821/811/642 820/810/641 822/812/643
f 822/812/643 823/813/644 821/811/642
f 823/813/644 822/812/643 824/814/645
f 824/814/645 825/815/646 823/813/644
f 825/815/646 824/814/645 826/816/647
f 826/816/647 827/817/648 825/815/646
f 827/817/648 826/816/647 828/818/649
f 828/818/649 829/819/650 827/817/648
f 829/819/650 828/818/649 830/820/651
f 830/820/651 831/821/652 829/819/650
f 831/821/652 830/820/651 832/822/653
f 832/822/653 833/823/654 831/821/652
f 833/823/654 832/822/653 819/809/640
f 819/809/640 818/808/639 833/823/654
f 834/824/59 820/810/641 819/809/640
f 819/809/640 832/822/653 834/824/59
f 828/818/649 834/824/59 832/822/653
f 832/822/653 830/820/651 828/818/649
f 824/814/645 822/812/643 820/810/641
f 820/810/641 834/824/59 824/814/645
f 826/816/647 824/814/645 834/824/59
f 834/824/59 828/818/649 826/816/647
s 0
f 835/825/317 836/826/317 837/827/317
f 837/827/317 838/828/317 835/825/317
f 838/828/317 837/827/317 839/829/317
f 839/829/317 840/830/317 838/828/317
f 836/826/317 841/831/317 842/832/317
f 842/832/317 837/827/317 836/826/317
f 837/827/317 842/832/317 843/833/317
f 843/833/317 839/829/317 837/827/317
s 1
f 844/834/655 845/835/656 847/836/657
f 847/836/657 848/837/658 844/834/655
f 850/838/659 851/839/660 852/840/661
f 852/840/661 853/841/662 850/838/659
f 854/842/663 857/843/664 858/844/665
f 858/844/665 859/845/666 854/842/663
f 847/836/657 845/835/656 860/846/667
f 860/846/667 861/847/668 847/836/657
f 854/842/663 859/845/666 863/848/669
f 863/848/669 864/849/670 854/842/663
f 866/850/671 867/851/672 868/852/673
f 868/852/673 869/853/674 866/850/671
f 870/854/675 872/855/676 874/856/677
f 874/856/677 875/857/678 870/854/675
f 844/834/655 848/837/658 864/849/670
f 864/849/670 863/848/669 844/834/655
f 876/858/679 877/859/680 878/860/681
f 878/860/681 879/861/682 876/858/679
f 880/862/683 881/863/684 882/864/685
f 882/864/685 883/865/686 880/862/683
f 866/850/671 869/853/674 879/861/682
f 879/861/682 878/860/681 866/850/671
f 884/866/687 885/867/688 882/864/685
f 882/864/685 881/863/684 884/866/687
f 886/868/689 868/852/673 887/869/690
f 887/869/690 888/870/691 886/868/689
f 868/852/673 886/868/689 860/846/667
f 860/846/667 869/853/674 868/852/673
f 850/838/659 875/857/678 873/871/692
f 873/871/692 851/839/660 850/838/659
f 886/868/689 890/872/693 861/847/668
f 861/847/668 860/846/667 886/868/689
f 884/866/687 877/859/680 876/858/679
f 876/858/679 885/867/688 884/866/687
f 851/839/660 873/871/692 871/873/694
f 871/873/694 852/840/661 851/839/660
f 880/862/683 856/874/695 855/875/696
f 855/875/696 881/863/684 880/862/683
f 852/840/661 871/873/694 856/874/695
f 856/874/695 880/862/683 852/840/661
f 870/854/675 875/857/678 850/838/659
f 850/838/659 853/841/662 870/854/675
f 882/864/685 859/845/666 858/844/665
f 858/844/665 883/865/686 882/864/685
f 883/865/686 858/844/665 870/854/675
f 870/854/675 853/841/662 883/865/686
f 879/861/682 845/835/656 844/834/655
f 844/834/655 876/858/679 879/861/682
f 877/859/680 849/876/697 846/877/657
f 846/877/657 878/860/681 877/859/680
f 866/850/671 862/878/698 889/879/693
f 889/879/693 867/851/672 866/850/671
f 844/834/655 863/848/669 885/867/688
f 885/867/688 876/858/679 844/834/655
f 867/851/672 889/879/693 891/880/699
f 891/880/699 893/881/700 867/851/672
f 881/863/684 855/875/696 865/882/701
f 865/882/701 884/866/687 881/863/684
f 878/860/681 846/877/657 862/878/698
f 862/878/698 866/850/671 878/860/681
f 869/853/674 860/846/667 845/835/656
f 845/835/656 879/861/682 869/853/674
f 865/882/701 849/876/697 877/859/680
f 877/859/680 884/866/687 865/882/701
f 863/848/669 859/845/666 882/864/685
f 882/864/685 885/867/688 863/848/669
f 867/851/672 893/881/700 887/869/690
f 887/869/690 868/852/673 867/851/672
f 852/840/661 880/862/683 883/865/686
f 883/865/686 853/841/662 852/840/661
f 890/872/693 886/868/689 888/870/691
f 888/870/691 892/883/702 890/872/693
f 857/843/664 872/855/676 870/854/675
f 870/854/675 858/844/665 857/843/664
f 894/884/703 895/885/704 896/886/705
f 896/886/705 897/887/706 894/884/703
f 895/885/704 898/888/707 899/889/708
f 899/889/708 896/886/705 895/885/704
f 898/888/707 900/890/709 901/891/710
f 901/891/710 899/889/708 898/888/707
f 900/890/709 902/892/711 903/893/712
f 903/893/712 901/891/710 900/890/709
f 903/893/712 902/892/711 904/894/713
f 904/894/713 905/895/714 903/893/712
f 906/896/715 905/895/714 904/894/713
f 904/894/713 907/897/716 906/896/715
f 894/884/703 897/887/706 908/898/717
f 908/898/717 909/899/718 894/884/703
f 910/900/719 909/899/718 908/898/717
f 908/898/717 911/901/720 910/900/719
f 912/902/721 910/900/719 911/901/720
f 911/901/720 913/903/722 912/902/721
f 914/904/723 912/902/721 913/903/722
f 913/903/722 915/905/724 914/904/723
f 915/905/724 916/906/725 917/907/726
f 917/907/726 914/904/723 915/905/724
f 917/907/726 916/906/725 918/908/727
f 918/908/727 919/909/728 917/907/726
f 921/910/729 923/911/730 924/912/731
f 924/912/731 925/913/732 921/910/729
f 924/912/731 906/896/715 907/897/716
f 907/897/716 925/913/732 924/912/731
f 926/914/733 927/915/734 928/916/735
f 928/916/735 930/917/736 926/914/733
f 920/918/737 904/894/713 902/892/711
f 902/892/711 932/919/738 920/918/737
f 932/919/738 902/892/711 900/890/709
f 900/890/709 933/920/739 932/919/738
f 925/913/732 907/897/716 904/894/713
f 904/894/713 920/918/737 925/913/732
f 922/921/740 905/895/714 906/896/715
f 906/896/715 924/912/731 922/921/740
f 926/914/733 919/909/728 918/908/727
f 918/908/727 927/915/734 926/914/733
f 934/922/741 903/893/712 905/895/714
f 905/895/714 922/921/740 934/922/741
f 935/923/317 897/887/706 896/886/705
f 896/886/705 936/924/317 935/923/317
f 936/924/317 896/886/705 899/889/708
f 899/889/708 937/925/317 936/924/317
f 938/926/59 895/885/704 894/884/703
f 894/884/703 939/927/59 938/926/59
f 940/928/59 898/888/707 895/885/704
f 895/885/704 938/926/59 940/928/59
f 937/925/317 899/889/708 901/891/710
f 901/891/710 941/929/742 937/925/317
f 933/920/739 900/890/709 898/888/707
f 898/888/707 940/928/59 933/920/739
f 941/929/742 901/891/710 903/893/712
f 903/893/712 934/922/741 941/929/742
f 942/930/743 914/904/723 917/907/726
f 917/907/726 931/931/736 942/930/743
f 943/932/744 912/902/721 914/904/723
f 914/904/723 942/930/743 943/932/744
f 931/931/736 917/907/726 919/909/728
f 919/909/728 926/914/733 931/931/736
f 927/915/734 918/908/727 916/906/725
f 916/906/725 929/933/745 927/915/734
f 929/933/745 916/906/725 915/905/724
f 915/905/724 944/934/746 929/933/745
f 945/935/317 908/898/717 897/887/706
f 897/887/706 935/923/317 945/935/317
f 946/936/317 911/901/720 908/898/717
f 908/898/717 945/935/317 946/936/317
f 939/927/59 894/884/703 909/899/718
f 909/899/718 947/937/59 939/927/59
f 947/937/59 909/899/718 910/900/719
f 910/900/719 948/938/59 947/937/59
f 949/939/747 913/903/722 911/901/720
f 911/901/720 946/936/317 949/939/747
f 948/938/59 910/900/719 912/902/721
f 912/902/721 943/932/744 948/938/59
f 944/934/746 915/905/724 913/903/722
f 913/903/722 949/939/747 944/934/746
