mtllib Handbag.mtl
o part0
v -0.152458 0.184361 0.008726
v -0.006992 0.184361 0.008726
v -0.006992 0.186415 0.000000
v -0.152458 0.186415 0.000000
v 0.136105 0.184361 0.008726
v 0.136105 0.186415 0.000000
v -0.152458 0.182961 0.008726
v -0.006992 0.182961 0.008726
v 0.136105 0.182961 0.008726
v 0.161603 0.156233 0.006929
v 0.160899 0.155967 0.000000
v 0.164835 0.157453 0.000000
v 0.162914 0.156727 0.006929
v -0.152458 0.185015 0.000000
v -0.152458 0.181560 0.008726
v -0.006992 0.181560 0.008726
v -0.006992 0.182961 0.008726
v -0.152458 0.182961 0.008726
v 0.136105 0.181560 0.008726
v 0.136105 0.182961 0.008726
v 0.160293 0.155738 0.006929
v 0.158642 0.155176 0.000000
v 0.160899 0.155967 0.000000
v 0.161603 0.156233 0.006929
v -0.152458 0.182292 0.000000
v -0.152458 0.185015 0.000000
v -0.006992 0.182292 0.000000
v 0.136105 0.182292 0.000000
v 0.144083 0.184361 0.008138
v 0.144083 0.186415 0.000000
v 0.144083 0.182961 0.008138
v 0.144083 0.181560 0.008138
v 0.144083 0.182961 0.008138
v 0.144083 0.182292 0.000000
v 0.157479 0.171120 0.006748
v 0.158164 0.169880 0.007502
v 0.160292 0.170683 0.000036
v 0.159400 0.171846 0.000000
v 0.157514 0.169555 0.000000
v 0.156169 0.170626 0.006748
v 0.156457 0.169235 0.007502
v 0.154858 0.170131 0.006748
v 0.154751 0.168591 0.007502
v 0.156457 0.169235 0.007502
v 0.156169 0.170626 0.006748
v 0.153808 0.169504 0.000000
v 0.153307 0.168108 0.000036
v 0.154751 0.168591 0.000000
v 0.162634 0.158039 0.007666
v 0.164763 0.158843 0.000036
v 0.162634 0.158039 0.000000
v 0.160928 0.157395 0.007666
v 0.159222 0.156751 0.007666
v 0.160928 0.157395 0.007666
v 0.157778 0.156267 0.000036
v 0.159222 0.156751 0.000000
v 0.149359 0.183570 0.007791
v 0.150169 0.185458 0.000000
v 0.148806 0.182283 0.007791
v 0.148254 0.180997 0.007791
v 0.148806 0.182283 0.007791
v 0.148542 0.181669 0.000000
v 0.152206 0.181658 0.007567
v 0.153455 0.183077 0.000000
v 0.151355 0.180690 0.007567
v 0.150503 0.179722 0.007567
v 0.151355 0.180690 0.007567
v 0.150948 0.180227 0.000000
v 0.154509 0.178987 0.007368
v 0.156430 0.179712 0.000000
v 0.153198 0.178492 0.007368
v 0.151888 0.177997 0.007368
v 0.153198 0.178492 0.007368
v 0.152572 0.178255 0.000000
v -0.152458 0.184361 -0.008726
v -0.006992 0.184361 -0.008726
v 0.136105 0.184361 -0.008726
v -0.152458 0.182961 -0.008726
v -0.006992 0.182961 -0.008726
v 0.136105 0.182961 -0.008726
v 0.161603 0.156233 -0.006929
v 0.162914 0.156727 -0.006929
v -0.152458 0.181560 -0.008726
v -0.152458 0.182961 -0.008726
v -0.006992 0.182961 -0.008726
v -0.006992 0.181560 -0.008726
v 0.136105 0.182961 -0.008726
v 0.136105 0.181560 -0.008726
v 0.160293 0.155738 -0.006929
v 0.161603 0.156233 -0.006929
v 0.144083 0.184361 -0.008138
v 0.144083 0.182961 -0.008138
v 0.144083 0.182961 -0.008138
v 0.144083 0.181560 -0.008138
v 0.157479 0.171120 -0.006748
v 0.160292 0.170683 -0.000036
v 0.158164 0.169880 -0.007502
v 0.156169 0.170626 -0.006748
v 0.156457 0.169235 -0.007502
v 0.154858 0.170131 -0.006748
v 0.156169 0.170626 -0.006748
v 0.156457 0.169235 -0.007502
v 0.154751 0.168591 -0.007502
v 0.153307 0.168108 -0.000036
v 0.164763 0.158843 -0.000036
v 0.162634 0.158039 -0.007666
v 0.160928 0.157395 -0.007666
v 0.160928 0.157395 -0.007666
v 0.159222 0.156751 -0.007666
v 0.157778 0.156267 -0.000036
v 0.149359 0.183570 -0.007791
v 0.148806 0.182283 -0.007791
v 0.148806 0.182283 -0.007791
v 0.148254 0.180997 -0.007791
v 0.152206 0.181658 -0.007567
v 0.151355 0.180690 -0.007567
v 0.151355 0.180690 -0.007567
v 0.150503 0.179722 -0.007567
v 0.154509 0.178987 -0.007368
v 0.153198 0.178492 -0.007368
v 0.151888 0.177997 -0.007368
v 0.153198 0.178492 -0.007368
v -0.023833 0.177994 0.021468
v -0.006992 0.177994 0.021468
v -0.006992 0.177994 0.019583
v -0.023833 0.177994 0.019583
v -0.023833 0.177994 0.019583
v -0.006992 0.177994 0.019583
v -0.006992 0.177994 0.017698
v -0.023833 0.177994 0.017698
v -0.023833 0.165813 0.021468
v -0.006992 0.165813 0.021468
v -0.006992 0.165813 0.017698
v -0.023833 0.165813 0.017698
v -0.023833 0.165813 0.019583
v -0.023833 0.165813 0.019583
v -0.023833 0.153632 0.021468
v -0.006992 0.153632 0.021468
v -0.006992 0.153632 0.017698
v -0.023833 0.153632 0.017698
v -0.023833 0.153632 0.019583
v -0.023833 0.153632 0.019583
v -0.006992 0.153632 0.019583
v -0.006992 0.153632 0.019583
v 0.009850 0.177994 0.021468
v 0.009850 0.177994 0.019583
v 0.009850 0.177994 0.019583
v 0.009850 0.177994 0.017698
v 0.009850 0.165813 0.021468
v 0.009850 0.165813 0.017698
v 0.009850 0.165813 0.019583
v 0.009850 0.165813 0.019583
v 0.009850 0.153632 0.021468
v 0.009850 0.153632 0.017698
v 0.009850 0.153632 0.019583
v 0.009850 0.153632 0.019583
v -0.023833 0.177994 -0.021468
v -0.023833 0.177994 -0.019583
v -0.006992 0.177994 -0.019583
v -0.006992 0.177994 -0.021468
v -0.023833 0.177994 -0.019583
v -0.023833 0.177994 -0.017698
v -0.006992 0.177994 -0.017698
v -0.006992 0.177994 -0.019583
v -0.023833 0.165813 -0.021468
v -0.006992 0.165813 -0.021468
v -0.006992 0.165813 -0.017698
v -0.023833 0.165813 -0.017698
v -0.023833 0.165813 -0.019583
v -0.023833 0.165813 -0.019583
v -0.023833 0.153632 -0.021468
v -0.006992 0.153632 -0.021468
v -0.006992 0.153632 -0.017698
v -0.023833 0.153632 -0.017698
v -0.023833 0.153632 -0.019583
v -0.023833 0.153632 -0.019583
v -0.006992 0.153632 -0.019583
v -0.006992 0.153632 -0.019583
v 0.009850 0.177994 -0.021468
v 0.009850 0.177994 -0.019583
v 0.009850 0.177994 -0.019583
v 0.009850 0.177994 -0.017698
v 0.009850 0.165813 -0.021468
v 0.009850 0.165813 -0.017698
v 0.009850 0.165813 -0.019583
v 0.009850 0.165813 -0.019583
v 0.009850 0.153632 -0.021468
v 0.009850 0.153632 -0.017698
v 0.009850 0.153632 -0.019583
v 0.009850 0.153632 -0.019583
v -0.074430 0.175104 0.021580
v -0.072498 0.171390 0.021688
v -0.072218 0.171517 0.022707
v -0.074192 0.175312 0.022597
v -0.077438 0.178052 0.021494
v -0.077266 0.178323 0.022509
v -0.081230 0.179944 0.021439
v -0.081139 0.180257 0.022453
v -0.085432 0.180596 0.021420
v -0.085432 0.180923 0.022433
v -0.089635 0.179944 0.021439
v -0.085432 0.180596 0.021420
v -0.085432 0.180923 0.022433
v -0.089726 0.180257 0.022453
v -0.093426 0.178052 0.021494
v -0.093599 0.178323 0.022509
v -0.096435 0.175104 0.021580
v -0.096673 0.175312 0.022597
v -0.098366 0.171390 0.021688
v -0.098646 0.171517 0.022707
v -0.099032 0.167272 0.021808
v -0.099326 0.167311 0.022829
v -0.098366 0.163155 0.021928
v -0.098646 0.163105 0.022952
v -0.096435 0.159441 0.022036
v -0.096673 0.159310 0.023062
v -0.093426 0.156493 0.022122
v -0.093599 0.156299 0.023150
v -0.089635 0.154600 0.022177
v -0.089726 0.154365 0.023206
v -0.085432 0.153948 0.022196
v -0.085432 0.153699 0.023226
v -0.081230 0.154600 0.022177
v -0.081139 0.154365 0.023206
v -0.077438 0.156493 0.022122
v -0.077266 0.156299 0.023150
v -0.074430 0.159441 0.022036
v -0.074192 0.159310 0.023062
v -0.072498 0.163155 0.021928
v -0.072218 0.163105 0.022952
v -0.071832 0.167272 0.021808
v -0.071538 0.167311 0.022829
v -0.071428 0.171801 0.023545
v -0.073520 0.175823 0.023428
v -0.076777 0.179014 0.023335
v -0.080882 0.181063 0.023275
v -0.085432 0.181769 0.023254
v -0.085432 0.181769 0.023254
v -0.089982 0.181063 0.023275
v -0.094087 0.179014 0.023335
v -0.097345 0.175823 0.023428
v -0.099436 0.171801 0.023545
v -0.100157 0.167343 0.023675
v -0.099436 0.162885 0.023804
v -0.097345 0.158864 0.023921
v -0.094087 0.155672 0.024014
v -0.089982 0.153623 0.024074
v -0.085432 0.152917 0.024094
v -0.080882 0.153623 0.024074
v -0.076777 0.155672 0.024014
v -0.073520 0.158864 0.023921
v -0.071428 0.162885 0.023804
v -0.070707 0.167343 0.023675
v -0.070264 0.172192 0.024056
v -0.072529 0.176548 0.023929
v -0.076057 0.180004 0.023829
v -0.080503 0.182224 0.023764
v -0.085432 0.182989 0.023742
v -0.085432 0.182989 0.023742
v -0.090361 0.182224 0.023764
v -0.094807 0.180004 0.023829
v -0.098335 0.176548 0.023929
v -0.100601 0.172192 0.024056
v -0.101381 0.167363 0.024197
v -0.100601 0.162534 0.024337
v -0.098335 0.158178 0.024464
v -0.094807 0.154722 0.024565
v -0.090361 0.152502 0.024629
v -0.085432 0.151737 0.024652
v -0.080503 0.152502 0.024629
v -0.076057 0.154722 0.024565
v -0.072529 0.158178 0.024464
v -0.070264 0.162534 0.024337
v -0.069483 0.167363 0.024197
v -0.068926 0.172621 0.024153
v -0.071392 0.177361 0.024015
v -0.075231 0.181123 0.023905
v -0.080069 0.183538 0.023835
v -0.085432 0.184370 0.023811
v -0.085432 0.184370 0.023811
v -0.090795 0.183538 0.023835
v -0.095633 0.181123 0.023905
v -0.099473 0.177361 0.024015
v -0.101938 0.172621 0.024153
v -0.102787 0.167367 0.024306
v -0.101938 0.162113 0.024459
v -0.099473 0.157373 0.024597
v -0.095633 0.153611 0.024706
v -0.090795 0.151196 0.024776
v -0.085432 0.150364 0.024801
v -0.080069 0.151196 0.024776
v -0.075231 0.153611 0.024706
v -0.071392 0.157373 0.024597
v -0.068926 0.162113 0.024459
v -0.068077 0.167367 0.024306
v -0.067647 0.173016 0.023818
v -0.070304 0.178123 0.023670
v -0.074441 0.182176 0.023552
v -0.079653 0.184779 0.023476
v -0.085432 0.185675 0.023450
v -0.085432 0.185675 0.023450
v -0.091211 0.184779 0.023476
v -0.096424 0.182176 0.023552
v -0.100561 0.178123 0.023670
v -0.103217 0.173016 0.023818
v -0.104132 0.167355 0.023983
v -0.103217 0.161694 0.024148
v -0.100561 0.156586 0.024297
v -0.096424 0.152533 0.024415
v -0.091211 0.149931 0.024490
v -0.085432 0.149034 0.024516
v -0.079654 0.149931 0.024490
v -0.074441 0.152533 0.024415
v -0.070304 0.156586 0.024297
v -0.067648 0.161694 0.024148
v -0.066732 0.167355 0.023983
v -0.066648 0.173308 0.023110
v -0.069454 0.178702 0.022953
v -0.073823 0.182983 0.022829
v -0.079329 0.185731 0.022749
v -0.085432 0.186678 0.022721
v -0.085432 0.186678 0.022721
v -0.091535 0.185731 0.022749
v -0.097041 0.182983 0.022829
v -0.101411 0.178702 0.022953
v -0.104216 0.173308 0.023110
v -0.105183 0.167328 0.023284
v -0.104216 0.161349 0.023458
v -0.101411 0.155955 0.023615
v -0.097041 0.151674 0.023740
v -0.091535 0.148926 0.023820
v -0.085432 0.147979 0.023847
v -0.079329 0.148926 0.023820
v -0.073823 0.151674 0.023740
v -0.069454 0.155955 0.023615
v -0.066648 0.161349 0.023458
v -0.065682 0.167328 0.023284
v -0.069454 0.178702 0.022953
v -0.066648 0.173308 0.023110
v -0.066101 0.173446 0.022151
v -0.068988 0.178997 0.021989
v -0.073823 0.182983 0.022829
v -0.073485 0.183402 0.021861
v -0.079329 0.185731 0.022749
v -0.079151 0.186231 0.021779
v -0.085432 0.186678 0.022721
v -0.085432 0.187205 0.021750
v -0.091535 0.185731 0.022749
v -0.085432 0.186678 0.022721
v -0.085432 0.187205 0.021750
v -0.091713 0.186231 0.021779
v -0.097041 0.182983 0.022829
v -0.097379 0.183402 0.021861
v -0.101411 0.178702 0.022953
v -0.101876 0.178997 0.021989
v -0.104216 0.173308 0.023110
v -0.104763 0.173446 0.022151
v -0.105183 0.167328 0.023284
v -0.105758 0.167292 0.022330
v -0.104216 0.161349 0.023458
v -0.104763 0.161139 0.022509
v -0.101411 0.155955 0.023615
v -0.101876 0.155587 0.022671
v -0.097041 0.151674 0.023740
v -0.097379 0.151182 0.022799
v -0.091535 0.148926 0.023820
v -0.091713 0.148354 0.022881
v -0.085432 0.147979 0.023847
v -0.085432 0.147379 0.022910
v -0.079329 0.148926 0.023820
v -0.079151 0.148354 0.022881
v -0.073823 0.151674 0.023740
v -0.073485 0.151182 0.022799
v -0.069454 0.155955 0.023615
v -0.068988 0.155587 0.022671
v -0.066648 0.161349 0.023458
v -0.066101 0.161139 0.022509
v -0.065682 0.167328 0.023284
v -0.065107 0.167292 0.022330
v -0.066101 0.173406 0.021107
v -0.068988 0.178957 0.020945
v -0.073485 0.183363 0.020817
v -0.079151 0.186191 0.020734
v -0.085432 0.187166 0.020706
v -0.085432 0.187166 0.020706
v -0.091713 0.186191 0.020734
v -0.097379 0.183363 0.020817
v -0.101876 0.178957 0.020945
v -0.104763 0.173406 0.021107
v -0.105758 0.167252 0.021286
v -0.104763 0.161099 0.021465
v -0.101876 0.155548 0.021626
v -0.097379 0.151142 0.021755
v -0.091713 0.148314 0.021837
v -0.085432 0.147339 0.021865
v -0.079151 0.148314 0.021837
v -0.073485 0.151142 0.021755
v -0.068988 0.155548 0.021626
v -0.066101 0.161099 0.021465
v -0.065107 0.167252 0.021286
v -0.066648 0.173196 0.020158
v -0.069454 0.178590 0.020001
v -0.073823 0.182871 0.019876
v -0.079329 0.185619 0.019796
v -0.085432 0.186566 0.019768
v -0.085432 0.186566 0.019768
v -0.091535 0.185619 0.019796
v -0.097041 0.182871 0.019876
v -0.101411 0.178590 0.020001
v -0.104216 0.173196 0.020158
v -0.105183 0.167216 0.020332
v -0.104216 0.161237 0.020506
v -0.101411 0.155843 0.020663
v -0.097041 0.151562 0.020787
v -0.091535 0.148813 0.020867
v -0.085432 0.147866 0.020895
v -0.079329 0.148813 0.020867
v -0.073823 0.151562 0.020787
v -0.069454 0.155843 0.020663
v -0.066648 0.161237 0.020506
v -0.065682 0.167216 0.020332
v -0.067648 0.172851 0.019468
v -0.070304 0.177958 0.019319
v -0.074441 0.182011 0.019201
v -0.079653 0.184613 0.019126
v -0.085432 0.185510 0.019100
v -0.085432 0.185510 0.019100
v -0.091211 0.184613 0.019126
v -0.096424 0.182011 0.019201
v -0.100561 0.177958 0.019319
v -0.103217 0.172851 0.019468
v -0.104132 0.167190 0.019633
v -0.103217 0.161528 0.019798
v -0.100561 0.156421 0.019946
v -0.096424 0.152368 0.020064
v -0.091211 0.149766 0.020140
v -0.085432 0.148869 0.020166
v -0.079654 0.149766 0.020140
v -0.074441 0.152368 0.020064
v -0.070304 0.156421 0.019946
v -0.067648 0.161528 0.019798
v -0.066732 0.167190 0.019633
v -0.068926 0.172432 0.019157
v -0.071392 0.177172 0.019019
v -0.075231 0.180933 0.018910
v -0.080069 0.183348 0.018839
v -0.085432 0.184181 0.018815
v -0.085432 0.184181 0.018815
v -0.090795 0.183348 0.018839
v -0.095633 0.180933 0.018910
v -0.099473 0.177172 0.019019
v -0.101938 0.172432 0.019157
v -0.102787 0.167177 0.019310
v -0.101938 0.161923 0.019463
v -0.099473 0.157183 0.019601
v -0.095633 0.153421 0.019710
v -0.090795 0.151006 0.019781
v -0.085432 0.150174 0.019805
v -0.080069 0.151006 0.019781
v -0.075231 0.153421 0.019710
v -0.071392 0.157183 0.019601
v -0.068926 0.161923 0.019463
v -0.068077 0.167177 0.019310
v -0.070264 0.172010 0.019279
v -0.072529 0.176366 0.019152
v -0.076057 0.179823 0.019051
v -0.080503 0.182042 0.018987
v -0.085432 0.182807 0.018964
v -0.085432 0.182807 0.018964
v -0.090361 0.182042 0.018987
v -0.094807 0.179823 0.019051
v -0.098335 0.176366 0.019152
v -0.100601 0.172010 0.019279
v -0.101381 0.167182 0.019419
v -0.100601 0.162353 0.019560
v -0.098335 0.157997 0.019687
v -0.094807 0.154540 0.019787
v -0.090361 0.152321 0.019852
v -0.085432 0.151556 0.019874
v -0.080503 0.152321 0.019852
v -0.076057 0.154540 0.019787
v -0.072529 0.157997 0.019687
v -0.070264 0.162353 0.019560
v -0.069483 0.167182 0.019419
v -0.071428 0.171659 0.019812
v -0.073520 0.175681 0.019695
v -0.076777 0.178872 0.019602
v -0.080882 0.180921 0.019542
v -0.085432 0.181627 0.019521
v -0.085432 0.181627 0.019521
v -0.089982 0.180921 0.019542
v -0.094087 0.178872 0.019602
v -0.097345 0.175681 0.019695
v -0.099436 0.171659 0.019812
v -0.100157 0.167201 0.019941
v -0.099436 0.162743 0.020071
v -0.097345 0.158722 0.020188
v -0.094087 0.155530 0.020281
v -0.089982 0.153481 0.020341
v -0.085432 0.152775 0.020361
v -0.080882 0.153481 0.020341
v -0.076777 0.155530 0.020281
v -0.073520 0.158722 0.020188
v -0.071428 0.162743 0.020071
v -0.070707 0.167201 0.019941
v -0.072218 0.171440 0.020664
v -0.074192 0.175234 0.020553
v -0.077266 0.178246 0.020466
v -0.081139 0.180179 0.020410
v -0.085432 0.180845 0.020390
v -0.085432 0.180845 0.020390
v -0.089726 0.180179 0.020410
v -0.093599 0.178246 0.020466
v -0.096673 0.175234 0.020553
v -0.098646 0.171440 0.020664
v -0.099326 0.167233 0.020786
v -0.098646 0.163027 0.020909
v -0.096673 0.159233 0.021019
v -0.093599 0.156221 0.021107
v -0.089726 0.154288 0.021163
v -0.085432 0.153621 0.021183
v -0.081139 0.154288 0.021163
v -0.077266 0.156221 0.021107
v -0.074192 0.159233 0.021019
v -0.072218 0.163027 0.020909
v -0.071538 0.167233 0.020786
v 0.082488 0.175104 0.021580
v 0.084419 0.171390 0.021688
v 0.084699 0.171517 0.022707
v 0.082725 0.175312 0.022597
v 0.079479 0.178052 0.021494
v 0.079652 0.178323 0.022509
v 0.075688 0.179944 0.021439
v 0.075779 0.180257 0.022453
v 0.071485 0.180596 0.021420
v 0.071485 0.180923 0.022433
v 0.067282 0.179944 0.021439
v 0.071485 0.180596 0.021420
v 0.071485 0.180923 0.022433
v 0.067192 0.180257 0.022453
v 0.063491 0.178052 0.021494
v 0.063319 0.178323 0.022509
v 0.060483 0.175104 0.021580
v 0.060245 0.175312 0.022597
v 0.058551 0.171390 0.021688
v 0.058271 0.171517 0.022707
v 0.057885 0.167272 0.021808
v 0.057591 0.167311 0.022829
v 0.058551 0.163155 0.021928
v 0.058271 0.163105 0.022952
v 0.060483 0.159441 0.022036
v 0.060245 0.159310 0.023062
v 0.063491 0.156493 0.022122
v 0.063319 0.156299 0.023150
v 0.067282 0.154600 0.022177
v 0.067192 0.154365 0.023206
v 0.071485 0.153948 0.022196
v 0.071485 0.153699 0.023226
v 0.075688 0.154600 0.022177
v 0.075779 0.154365 0.023206
v 0.079479 0.156493 0.022122
v 0.079652 0.156299 0.023150
v 0.082488 0.159441 0.022036
v 0.082725 0.159310 0.023062
v 0.084419 0.163155 0.021928
v 0.084699 0.163105 0.022952
v 0.085085 0.167272 0.021808
v 0.085379 0.167311 0.022829
v 0.085489 0.171801 0.023545
v 0.083398 0.175823 0.023428
v 0.080140 0.179014 0.023335
v 0.076035 0.181063 0.023275
v 0.071485 0.181769 0.023254
v 0.071485 0.181769 0.023254
v 0.066935 0.181063 0.023275
v 0.062830 0.179014 0.023335
v 0.059572 0.175823 0.023428
v 0.057481 0.171801 0.023545
v 0.056760 0.167343 0.023675
v 0.057481 0.162885 0.023804
v 0.059572 0.158864 0.023921
v 0.062830 0.155672 0.024014
v 0.066935 0.153623 0.024074
v 0.071485 0.152917 0.024094
v 0.076035 0.153623 0.024074
v 0.080140 0.155672 0.024014
v 0.083398 0.158864 0.023921
v 0.085489 0.162885 0.023804
v 0.086210 0.167343 0.023675
v 0.086654 0.172192 0.024056
v 0.084388 0.176548 0.023929
v 0.080860 0.180004 0.023829
v 0.076414 0.182224 0.023764
v 0.071485 0.182989 0.023742
v 0.071485 0.182989 0.023742
v 0.066557 0.182224 0.023764
v 0.062110 0.180004 0.023829
v 0.058582 0.176548 0.023929
v 0.056316 0.172192 0.024056
v 0.055536 0.167363 0.024197
v 0.056316 0.162534 0.024337
v 0.058582 0.158178 0.024464
v 0.062110 0.154722 0.024565
v 0.066557 0.152502 0.024629
v 0.071485 0.151737 0.024652
v 0.076414 0.152502 0.024629
v 0.080860 0.154722 0.024565
v 0.084388 0.158178 0.024464
v 0.086654 0.162534 0.024337
v 0.087434 0.167363 0.024197
v 0.087991 0.172621 0.024153
v 0.085526 0.177361 0.024015
v 0.081686 0.181123 0.023905
v 0.076848 0.183538 0.023835
v 0.071485 0.184370 0.023811
v 0.071485 0.184370 0.023811
v 0.066122 0.183538 0.023835
v 0.061284 0.181123 0.023905
v 0.057444 0.177361 0.024015
v 0.054979 0.172621 0.024153
v 0.054130 0.167367 0.024306
v 0.054979 0.162113 0.024459
v 0.057444 0.157373 0.024597
v 0.061284 0.153611 0.024706
v 0.066122 0.151196 0.024776
v 0.071485 0.150364 0.024801
v 0.076848 0.151196 0.024776
v 0.081686 0.153611 0.024706
v 0.085526 0.157373 0.024597
v 0.087991 0.162113 0.024459
v 0.088840 0.167367 0.024306
v 0.089270 0.173016 0.023818
v 0.086614 0.178123 0.023670
v 0.082477 0.182176 0.023552
v 0.077264 0.184779 0.023476
v 0.071485 0.185675 0.023450
v 0.071485 0.185675 0.023450
v 0.065707 0.184779 0.023476
v 0.060494 0.182176 0.023552
v 0.056357 0.178123 0.023670
v 0.053700 0.173016 0.023818
v 0.052785 0.167355 0.023983
v 0.053700 0.161694 0.024148
v 0.056357 0.156586 0.024297
v 0.060494 0.152533 0.024415
v 0.065707 0.149931 0.024490
v 0.071485 0.149034 0.024516
v 0.077264 0.149931 0.024490
v 0.082477 0.152533 0.024415
v 0.086614 0.156586 0.024297
v 0.089270 0.161694 0.024148
v 0.090185 0.167355 0.023983
v 0.090269 0.173308 0.023110
v 0.087464 0.178702 0.022953
v 0.083094 0.182983 0.022829
v 0.077588 0.185731 0.022749
v 0.071485 0.186678 0.022721
v 0.071485 0.186678 0.022721
v 0.065382 0.185731 0.022749
v 0.059876 0.182983 0.022829
v 0.055507 0.178702 0.022953
v 0.052701 0.173308 0.023110
v 0.051735 0.167328 0.023284
v 0.052701 0.161349 0.023458
v 0.055507 0.155955 0.023615
v 0.059876 0.151674 0.023740
v 0.065382 0.148926 0.023820
v 0.071485 0.147979 0.023847
v 0.077588 0.148926 0.023820
v 0.083094 0.151674 0.023740
v 0.087464 0.155955 0.023615
v 0.090269 0.161349 0.023458
v 0.091236 0.167328 0.023284
v 0.090816 0.173446 0.022151
v 0.087929 0.178997 0.021989
v 0.083432 0.183402 0.021861
v 0.077766 0.186231 0.021779
v 0.071485 0.187205 0.021750
v 0.071485 0.187205 0.021750
v 0.065204 0.186231 0.021779
v 0.059538 0.183402 0.021861
v 0.055041 0.178997 0.021989
v 0.052154 0.173446 0.022151
v 0.051159 0.167292 0.022330
v 0.052154 0.161139 0.022509
v 0.055041 0.155587 0.022671
v 0.059538 0.151182 0.022799
v 0.065204 0.148354 0.022881
v 0.071485 0.147379 0.022910
v 0.077766 0.148354 0.022881
v 0.083432 0.151182 0.022799
v 0.087929 0.155587 0.022671
v 0.090816 0.161139 0.022509
v 0.091811 0.167292 0.022330
v 0.090816 0.173406 0.021107
v 0.087929 0.178957 0.020945
v 0.083432 0.183363 0.020817
v 0.077766 0.186191 0.020734
v 0.071485 0.187166 0.020706
v 0.071485 0.187166 0.020706
v 0.065204 0.186191 0.020734
v 0.059538 0.183363 0.020817
v 0.055041 0.178957 0.020945
v 0.052154 0.173406 0.021107
v 0.051159 0.167252 0.021286
v 0.052154 0.161099 0.021465
v 0.055041 0.155548 0.021626
v 0.059538 0.151142 0.021755
v 0.065204 0.148314 0.021837
v 0.071485 0.147339 0.021865
v 0.077766 0.148314 0.021837
v 0.083432 0.151142 0.021755
v 0.087929 0.155548 0.021626
v 0.090816 0.161099 0.021465
v 0.091811 0.167252 0.021286
v 0.090269 0.173196 0.020158
v 0.087464 0.178590 0.020001
v 0.083094 0.182871 0.019876
v 0.077588 0.185619 0.019796
v 0.071485 0.186566 0.019768
v 0.071485 0.186566 0.019768
v 0.065382 0.185619 0.019796
v 0.059876 0.182870 0.019876
v 0.055507 0.178590 0.020001
v 0.052701 0.173196 0.020158
v 0.051735 0.167216 0.020332
v 0.052701 0.161237 0.020506
v 0.055507 0.155843 0.020663
v 0.059876 0.151562 0.020787
v 0.065382 0.148813 0.020867
v 0.071485 0.147866 0.020895
v 0.077588 0.148813 0.020867
v 0.083094 0.151562 0.020787
v 0.087464 0.155843 0.020663
v 0.090269 0.161237 0.020506
v 0.091236 0.167216 0.020332
v 0.089270 0.172851 0.019468
v 0.086614 0.177958 0.019319
v 0.082477 0.182011 0.019201
v 0.077264 0.184613 0.019126
v 0.071485 0.185510 0.019100
v 0.071485 0.185510 0.019100
v 0.065707 0.184613 0.019126
v 0.060494 0.182011 0.019201
v 0.056357 0.177958 0.019319
v 0.053700 0.172851 0.019468
v 0.052785 0.167190 0.019633
v 0.053700 0.161528 0.019798
v 0.056357 0.156421 0.019946
v 0.060494 0.152368 0.020064
v 0.065707 0.149766 0.020140
v 0.071485 0.148869 0.020166
v 0.077264 0.149766 0.020140
v 0.082477 0.152368 0.020064
v 0.086614 0.156421 0.019946
v 0.089270 0.161528 0.019798
v 0.090185 0.167190 0.019633
v 0.087991 0.172432 0.019157
v 0.085526 0.177172 0.019019
v 0.081686 0.180933 0.018910
v 0.076848 0.183348 0.018839
v 0.071485 0.184181 0.018815
v 0.071485 0.184181 0.018815
v 0.066122 0.183348 0.018839
v 0.061284 0.180933 0.018910
v 0.057444 0.177172 0.019019
v 0.054979 0.172432 0.019157
v 0.054130 0.167177 0.019310
v 0.054979 0.161923 0.019463
v 0.057444 0.157183 0.019601
v 0.061284 0.153421 0.019710
v 0.066122 0.151006 0.019781
v 0.071485 0.150174 0.019805
v 0.076848 0.151006 0.019781
v 0.081686 0.153421 0.019710
v 0.085526 0.157183 0.019601
v 0.087991 0.161923 0.019463
v 0.088840 0.167177 0.019310
v 0.085526 0.177172 0.019019
v 0.087991 0.172432 0.019157
v 0.086654 0.172010 0.019279
v 0.084388 0.176366 0.019152
v 0.081686 0.180933 0.018910
v 0.080860 0.179823 0.019051
v 0.076848 0.183348 0.018839
v 0.076414 0.182042 0.018987
v 0.071485 0.184181 0.018815
v 0.071485 0.182807 0.018964
v 0.066122 0.183348 0.018839
v 0.071485 0.184181 0.018815
v 0.071485 0.182807 0.018964
v 0.066557 0.182042 0.018987
v 0.061284 0.180933 0.018910
v 0.062110 0.179823 0.019051
v 0.057444 0.177172 0.019019
v 0.058582 0.176366 0.019152
v 0.054979 0.172432 0.019157
v 0.056316 0.172010 0.019279
v 0.054130 0.167177 0.019310
v 0.055536 0.167182 0.019419
v 0.054979 0.161923 0.019463
v 0.056316 0.162353 0.019560
v 0.057444 0.157183 0.019601
v 0.058582 0.157997 0.019687
v 0.061284 0.153421 0.019710
v 0.062110 0.154540 0.019787
v 0.066122 0.151006 0.019781
v 0.066557 0.152321 0.019852
v 0.071485 0.150174 0.019805
v 0.071485 0.151556 0.019874
v 0.076848 0.151006 0.019781
v 0.076414 0.152321 0.019852
v 0.081686 0.153421 0.019710
v 0.080860 0.154540 0.019787
v 0.085526 0.157183 0.019601
v 0.084388 0.157997 0.019687
v 0.087991 0.161923 0.019463
v 0.086654 0.162353 0.019560
v 0.088840 0.167177 0.019310
v 0.087434 0.167182 0.019419
v 0.085489 0.171659 0.019812
v 0.083398 0.175681 0.019695
v 0.080140 0.178872 0.019602
v 0.076035 0.180921 0.019542
v 0.071485 0.181627 0.019521
v 0.071485 0.181627 0.019521
v 0.066935 0.180921 0.019542
v 0.062830 0.178872 0.019602
v 0.059572 0.175681 0.019695
v 0.057481 0.171659 0.019812
v 0.056760 0.167201 0.019941
v 0.057481 0.162743 0.020071
v 0.059572 0.158722 0.020188
v 0.062830 0.155530 0.020281
v 0.066935 0.153481 0.020341
v 0.071485 0.152775 0.020361
v 0.076035 0.153481 0.020341
v 0.080140 0.155530 0.020281
v 0.083398 0.158722 0.020188
v 0.085489 0.162743 0.020071
v 0.086210 0.167201 0.019941
v 0.084699 0.171440 0.020664
v 0.082725 0.175234 0.020553
v 0.079652 0.178246 0.020466
v 0.075779 0.180179 0.020410
v 0.071485 0.180845 0.020390
v 0.071485 0.180845 0.020390
v 0.067192 0.180179 0.020410
v 0.063319 0.178246 0.020466
v 0.060245 0.175234 0.020553
v 0.058271 0.171440 0.020664
v 0.057591 0.167233 0.020786
v 0.058271 0.163027 0.020909
v 0.060245 0.159233 0.021019
v 0.063319 0.156221 0.021107
v 0.067192 0.154288 0.021163
v 0.071485 0.153621 0.021183
v 0.075779 0.154288 0.021163
v 0.079652 0.156221 0.021107
v 0.082725 0.159233 0.021019
v 0.084699 0.163027 0.020909
v 0.085379 0.167233 0.020786
v 0.082488 0.175345 -0.021241
v 0.082725 0.175555 -0.022286
v 0.084699 0.171761 -0.022415
v 0.084419 0.171631 -0.021367
v 0.079479 0.178292 -0.021141
v 0.079652 0.178567 -0.022184
v 0.075688 0.180185 -0.021076
v 0.075779 0.180500 -0.022118
v 0.071485 0.180837 -0.021054
v 0.071485 0.181166 -0.022095
v 0.067282 0.180185 -0.021076
v 0.067192 0.180500 -0.022118
v 0.071485 0.181166 -0.022095
v 0.071485 0.180837 -0.021054
v 0.063491 0.178292 -0.021141
v 0.063319 0.178567 -0.022184
v 0.060483 0.175345 -0.021241
v 0.060245 0.175555 -0.022286
v 0.058551 0.171631 -0.021367
v 0.058271 0.171761 -0.022415
v 0.057885 0.167514 -0.021507
v 0.057591 0.167555 -0.022558
v 0.058551 0.163397 -0.021647
v 0.058271 0.163349 -0.022702
v 0.060483 0.159683 -0.021774
v 0.060245 0.159555 -0.022831
v 0.063491 0.156735 -0.021874
v 0.063319 0.156544 -0.022933
v 0.067282 0.154843 -0.021939
v 0.067192 0.154610 -0.022999
v 0.071485 0.154191 -0.021961
v 0.071485 0.153944 -0.023022
v 0.075688 0.154843 -0.021939
v 0.075779 0.154610 -0.022999
v 0.079479 0.156735 -0.021874
v 0.079652 0.156544 -0.022933
v 0.082488 0.159683 -0.021774
v 0.082725 0.159555 -0.022831
v 0.084419 0.163397 -0.021647
v 0.084699 0.163349 -0.022702
v 0.085085 0.167514 -0.021507
v 0.085379 0.167555 -0.022558
v 0.083398 0.176068 -0.023139
v 0.085489 0.172047 -0.023276
v 0.080140 0.179259 -0.023031
v 0.076035 0.181308 -0.022961
v 0.071485 0.182014 -0.022937
v 0.066935 0.181308 -0.022961
v 0.071485 0.182014 -0.022937
v 0.062830 0.179259 -0.023031
v 0.059572 0.176068 -0.023139
v 0.057481 0.172047 -0.023276
v 0.056760 0.167589 -0.023428
v 0.057481 0.163132 -0.023580
v 0.059572 0.159110 -0.023717
v 0.062830 0.155919 -0.023825
v 0.066935 0.153870 -0.023895
v 0.071485 0.153164 -0.023919
v 0.076035 0.153870 -0.023895
v 0.080140 0.155919 -0.023825
v 0.083398 0.159110 -0.023717
v 0.085489 0.163132 -0.023580
v 0.086210 0.167589 -0.023428
v 0.084388 0.176794 -0.023653
v 0.086654 0.172438 -0.023801
v 0.080860 0.180251 -0.023535
v 0.076414 0.182470 -0.023459
v 0.071485 0.183235 -0.023433
v 0.066557 0.182470 -0.023459
v 0.071485 0.183235 -0.023433
v 0.062110 0.180251 -0.023535
v 0.058582 0.176794 -0.023653
v 0.056316 0.172438 -0.023801
v 0.055536 0.167610 -0.023965
v 0.056316 0.162782 -0.024130
v 0.058582 0.158426 -0.024278
v 0.062110 0.154970 -0.024396
v 0.066557 0.152750 -0.024471
v 0.071485 0.151986 -0.024497
v 0.076414 0.152750 -0.024471
v 0.080860 0.154970 -0.024396
v 0.084388 0.158426 -0.024278
v 0.086654 0.162782 -0.024130
v 0.087434 0.167610 -0.023965
v 0.085526 0.177608 -0.023737
v 0.087991 0.172868 -0.023899
v 0.081686 0.181369 -0.023609
v 0.076848 0.183784 -0.023527
v 0.071485 0.184616 -0.023499
v 0.066122 0.183784 -0.023527
v 0.071485 0.184616 -0.023499
v 0.061284 0.181369 -0.023609
v 0.057444 0.177608 -0.023737
v 0.054979 0.172868 -0.023899
v 0.054130 0.167615 -0.024077
v 0.054979 0.162361 -0.024256
v 0.057444 0.157621 -0.024418
v 0.061284 0.153860 -0.024546
v 0.066122 0.151445 -0.024628
v 0.071485 0.150613 -0.024656
v 0.076848 0.151445 -0.024628
v 0.081686 0.153860 -0.024546
v 0.085526 0.157621 -0.024418
v 0.087991 0.162361 -0.024256
v 0.088840 0.167615 -0.024077
v 0.085526 0.177608 -0.023737
v 0.086614 0.178369 -0.023379
v 0.089270 0.173262 -0.023553
v 0.087991 0.172868 -0.023899
v 0.081686 0.181369 -0.023609
v 0.082477 0.182422 -0.023241
v 0.076848 0.183784 -0.023527
v 0.077264 0.185024 -0.023152
v 0.071485 0.184616 -0.023499
v 0.071485 0.185921 -0.023122
v 0.066122 0.183784 -0.023527
v 0.065707 0.185024 -0.023152
v 0.071485 0.185921 -0.023122
v 0.071485 0.184616 -0.023499
v 0.061284 0.181369 -0.023609
v 0.060494 0.182422 -0.023241
v 0.057444 0.177608 -0.023737
v 0.056357 0.178369 -0.023379
v 0.054979 0.172868 -0.023899
v 0.053700 0.173262 -0.023553
v 0.054130 0.167615 -0.024077
v 0.052785 0.167602 -0.023745
v 0.054979 0.162361 -0.024256
v 0.053700 0.161941 -0.023938
v 0.057444 0.157621 -0.024418
v 0.056357 0.156834 -0.024112
v 0.061284 0.153860 -0.024546
v 0.060494 0.152781 -0.024250
v 0.066122 0.151445 -0.024628
v 0.065707 0.150179 -0.024339
v 0.071485 0.150613 -0.024656
v 0.071485 0.149282 -0.024369
v 0.076848 0.151445 -0.024628
v 0.077264 0.150179 -0.024339
v 0.081686 0.153860 -0.024546
v 0.082477 0.152781 -0.024250
v 0.085526 0.157621 -0.024418
v 0.086614 0.156834 -0.024112
v 0.087991 0.162361 -0.024256
v 0.089270 0.161941 -0.023938
v 0.088840 0.167615 -0.024077
v 0.090185 0.167602 -0.023745
v 0.087464 0.178946 -0.022639
v 0.090269 0.173552 -0.022823
v 0.083094 0.183227 -0.022494
v 0.077588 0.185975 -0.022400
v 0.071485 0.186922 -0.022368
v 0.065382 0.185975 -0.022400
v 0.071485 0.186922 -0.022368
v 0.059876 0.183227 -0.022494
v 0.055507 0.178946 -0.022639
v 0.052701 0.173552 -0.022823
v 0.051735 0.167573 -0.023026
v 0.052701 0.161594 -0.023230
v 0.055507 0.156201 -0.023414
v 0.059876 0.151920 -0.023559
v 0.065382 0.149172 -0.023653
v 0.071485 0.148225 -0.023685
v 0.077588 0.149172 -0.023653
v 0.083094 0.151920 -0.023559
v 0.087464 0.156201 -0.023414
v 0.090269 0.161594 -0.023230
v 0.091236 0.167573 -0.023026
v 0.087929 0.179239 -0.021646
v 0.090816 0.173688 -0.021835
v 0.083432 0.183644 -0.021496
v 0.077766 0.186472 -0.021400
v 0.071485 0.187447 -0.021367
v 0.065204 0.186472 -0.021400
v 0.071485 0.187447 -0.021367
v 0.059538 0.183644 -0.021496
v 0.055041 0.179239 -0.021646
v 0.052154 0.173688 -0.021835
v 0.051159 0.167535 -0.022045
v 0.052154 0.161382 -0.022254
v 0.055041 0.155831 -0.022443
v 0.059538 0.151426 -0.022593
v 0.065204 0.148598 -0.022689
v 0.071485 0.147623 -0.022723
v 0.077766 0.148598 -0.022689
v 0.083432 0.151426 -0.022593
v 0.087929 0.155831 -0.022443
v 0.090816 0.161382 -0.022254
v 0.091811 0.167535 -0.022045
v 0.087929 0.179197 -0.020572
v 0.090816 0.173646 -0.020761
v 0.083432 0.183602 -0.020422
v 0.077766 0.186430 -0.020325
v 0.071485 0.187405 -0.020292
v 0.065204 0.186430 -0.020325
v 0.071485 0.187405 -0.020292
v 0.059538 0.183602 -0.020422
v 0.055041 0.179197 -0.020572
v 0.052154 0.173646 -0.020761
v 0.051159 0.167493 -0.020970
v 0.052154 0.161340 -0.021179
v 0.055041 0.155789 -0.021368
v 0.059538 0.151384 -0.021518
v 0.065204 0.148556 -0.021615
v 0.071485 0.147581 -0.021648
v 0.077766 0.148556 -0.021615
v 0.083432 0.151384 -0.021518
v 0.087929 0.155789 -0.021368
v 0.090816 0.161340 -0.021179
v 0.091811 0.167493 -0.020970
v 0.087464 0.178827 -0.019601
v 0.090269 0.173433 -0.019785
v 0.083094 0.183108 -0.019455
v 0.077588 0.185856 -0.019362
v 0.071485 0.186803 -0.019330
v 0.065382 0.185856 -0.019362
v 0.071485 0.186803 -0.019330
v 0.059876 0.183108 -0.019455
v 0.055507 0.178827 -0.019601
v 0.052701 0.173433 -0.019785
v 0.051735 0.167454 -0.019988
v 0.052701 0.161475 -0.020192
v 0.055507 0.156082 -0.020376
v 0.059876 0.151801 -0.020521
v 0.065382 0.149053 -0.020615
v 0.071485 0.148106 -0.020647
v 0.077588 0.149053 -0.020615
v 0.083094 0.151801 -0.020521
v 0.087464 0.156082 -0.020376
v 0.090269 0.161475 -0.020192
v 0.091236 0.167454 -0.019988
v 0.086614 0.178194 -0.018903
v 0.089270 0.173087 -0.019077
v 0.082477 0.182247 -0.018765
v 0.077264 0.184849 -0.018676
v 0.071485 0.185745 -0.018646
v 0.065707 0.184849 -0.018676
v 0.071485 0.185745 -0.018646
v 0.060494 0.182247 -0.018765
v 0.056357 0.178194 -0.018903
v 0.053700 0.173087 -0.019077
v 0.052785 0.167426 -0.019269
v 0.053700 0.161765 -0.019462
v 0.056357 0.156659 -0.019636
v 0.060494 0.152606 -0.019774
v 0.065707 0.150004 -0.019862
v 0.071485 0.149107 -0.019893
v 0.077264 0.150004 -0.019862
v 0.082477 0.152606 -0.019774
v 0.086614 0.156659 -0.019636
v 0.089270 0.161765 -0.019462
v 0.090185 0.167426 -0.019269
v 0.085526 0.177407 -0.018597
v 0.087991 0.172667 -0.018758
v 0.081686 0.181168 -0.018469
v 0.076848 0.183583 -0.018387
v 0.071485 0.184415 -0.018358
v 0.066122 0.183583 -0.018387
v 0.071485 0.184415 -0.018358
v 0.061284 0.181168 -0.018469
v 0.057444 0.177407 -0.018597
v 0.054979 0.172667 -0.018758
v 0.054130 0.167413 -0.018937
v 0.054979 0.162159 -0.019116
v 0.057444 0.157420 -0.019277
v 0.061284 0.153658 -0.019405
v 0.066122 0.151244 -0.019488
v 0.071485 0.150411 -0.019516
v 0.076848 0.151244 -0.019488
v 0.081686 0.153658 -0.019405
v 0.085526 0.157420 -0.019277
v 0.087991 0.162159 -0.019116
v 0.088840 0.167413 -0.018937
v 0.084388 0.176602 -0.018737
v 0.086654 0.172246 -0.018885
v 0.080860 0.180058 -0.018619
v 0.076414 0.182277 -0.018544
v 0.071485 0.183042 -0.018518
v 0.066557 0.182277 -0.018544
v 0.071485 0.183042 -0.018518
v 0.062110 0.180058 -0.018619
v 0.058582 0.176602 -0.018737
v 0.056316 0.172246 -0.018885
v 0.055536 0.167418 -0.019050
v 0.056316 0.162589 -0.019214
v 0.058582 0.158234 -0.019362
v 0.062110 0.154777 -0.019480
v 0.066557 0.152558 -0.019555
v 0.071485 0.151793 -0.019581
v 0.076414 0.152558 -0.019555
v 0.080860 0.154777 -0.019480
v 0.084388 0.158234 -0.019362
v 0.086654 0.162589 -0.019214
v 0.087434 0.167418 -0.019050
v 0.083398 0.175918 -0.019298
v 0.085489 0.171896 -0.019435
v 0.080140 0.179109 -0.019190
v 0.076035 0.181158 -0.019120
v 0.071485 0.181864 -0.019096
v 0.066935 0.181158 -0.019120
v 0.071485 0.181864 -0.019096
v 0.062830 0.179109 -0.019190
v 0.059572 0.175918 -0.019298
v 0.057481 0.171896 -0.019435
v 0.056760 0.167439 -0.019587
v 0.057481 0.162981 -0.019739
v 0.059572 0.158960 -0.019875
v 0.062830 0.155769 -0.019984
v 0.066935 0.153720 -0.020054
v 0.071485 0.153014 -0.020078
v 0.076035 0.153720 -0.020054
v 0.080140 0.155769 -0.019984
v 0.083398 0.158960 -0.019875
v 0.085489 0.162981 -0.019739
v 0.086210 0.167439 -0.019587
v 0.082725 0.175473 -0.020184
v 0.084699 0.171679 -0.020313
v 0.079652 0.178484 -0.020081
v 0.075779 0.180418 -0.020016
v 0.071485 0.181084 -0.019993
v 0.067192 0.180418 -0.020016
v 0.071485 0.181084 -0.019993
v 0.063319 0.178484 -0.020081
v 0.060245 0.175473 -0.020184
v 0.058271 0.171679 -0.020313
v 0.057591 0.167473 -0.020456
v 0.058271 0.163267 -0.020599
v 0.060245 0.159472 -0.020729
v 0.063319 0.156461 -0.020831
v 0.067192 0.154528 -0.020897
v 0.071485 0.153862 -0.020920
v 0.075779 0.154528 -0.020897
v 0.079652 0.156461 -0.020831
v 0.082725 0.159472 -0.020729
v 0.084699 0.163267 -0.020599
v 0.085379 0.167473 -0.020456
v -0.074430 0.175345 -0.021241
v -0.074192 0.175555 -0.022286
v -0.072218 0.171761 -0.022415
v -0.072498 0.171631 -0.021367
v -0.077438 0.178292 -0.021141
v -0.077266 0.178567 -0.022184
v -0.081230 0.180185 -0.021076
v -0.081139 0.180500 -0.022118
v -0.085432 0.180837 -0.021054
v -0.085432 0.181166 -0.022095
v -0.089635 0.180185 -0.021076
v -0.089726 0.180500 -0.022118
v -0.085432 0.181166 -0.022095
v -0.085432 0.180837 -0.021054
v -0.093426 0.178292 -0.021141
v -0.093599 0.178567 -0.022184
v -0.096435 0.175345 -0.021241
v -0.096673 0.175555 -0.022286
v -0.098366 0.171631 -0.021367
v -0.098646 0.171761 -0.022415
v -0.099032 0.167514 -0.021507
v -0.099326 0.167555 -0.022558
v -0.098366 0.163397 -0.021647
v -0.098646 0.163349 -0.022702
v -0.096435 0.159683 -0.021774
v -0.096673 0.159555 -0.022831
v -0.093426 0.156735 -0.021874
v -0.093599 0.156544 -0.022933
v -0.089635 0.154843 -0.021939
v -0.089726 0.154610 -0.022999
v -0.085432 0.154191 -0.021961
v -0.085432 0.153944 -0.023022
v -0.081230 0.154843 -0.021939
v -0.081139 0.154610 -0.022999
v -0.077438 0.156735 -0.021874
v -0.077266 0.156544 -0.022933
v -0.074430 0.159683 -0.021774
v -0.074192 0.159555 -0.022831
v -0.072498 0.163397 -0.021647
v -0.072218 0.163349 -0.022702
v -0.071832 0.167514 -0.021507
v -0.071538 0.167555 -0.022558
v -0.073520 0.176068 -0.023139
v -0.071428 0.172047 -0.023276
v -0.076777 0.179259 -0.023031
v -0.080882 0.181308 -0.022961
v -0.085432 0.182014 -0.022937
v -0.089982 0.181308 -0.022961
v -0.085432 0.182014 -0.022937
v -0.094087 0.179259 -0.023031
v -0.097345 0.176068 -0.023139
v -0.099436 0.172047 -0.023276
v -0.100157 0.167589 -0.023428
v -0.099436 0.163132 -0.023580
v -0.097345 0.159110 -0.023717
v -0.094087 0.155919 -0.023825
v -0.089982 0.153870 -0.023895
v -0.085432 0.153164 -0.023919
v -0.080882 0.153870 -0.023895
v -0.076777 0.155919 -0.023825
v -0.073520 0.159110 -0.023717
v -0.071428 0.163132 -0.023580
v -0.070707 0.167589 -0.023428
v -0.072529 0.176794 -0.023653
v -0.070264 0.172438 -0.023801
v -0.076057 0.180251 -0.023535
v -0.080503 0.182470 -0.023459
v -0.085432 0.183235 -0.023433
v -0.090361 0.182470 -0.023459
v -0.085432 0.183235 -0.023433
v -0.094807 0.180251 -0.023535
v -0.098335 0.176794 -0.023653
v -0.100601 0.172438 -0.023801
v -0.101381 0.167610 -0.023965
v -0.100601 0.162782 -0.024130
v -0.098335 0.158426 -0.024278
v -0.094807 0.154970 -0.024396
v -0.090361 0.152750 -0.024471
v -0.085432 0.151986 -0.024497
v -0.080503 0.152750 -0.024471
v -0.076057 0.154970 -0.024396
v -0.072529 0.158426 -0.024278
v -0.070264 0.162782 -0.024130
v -0.069483 0.167610 -0.023965
v -0.071392 0.177608 -0.023737
v -0.068926 0.172868 -0.023899
v -0.075231 0.181369 -0.023609
v -0.080069 0.183784 -0.023527
v -0.085432 0.184616 -0.023499
v -0.090795 0.183784 -0.023527
v -0.085432 0.184616 -0.023499
v -0.095633 0.181369 -0.023609
v -0.099473 0.177608 -0.023737
v -0.101938 0.172868 -0.023899
v -0.102787 0.167615 -0.024077
v -0.101938 0.162361 -0.024256
v -0.099473 0.157621 -0.024418
v -0.095633 0.153860 -0.024546
v -0.090795 0.151445 -0.024628
v -0.085432 0.150613 -0.024656
v -0.080069 0.151445 -0.024628
v -0.075231 0.153860 -0.024546
v -0.071392 0.157621 -0.024418
v -0.068926 0.162361 -0.024256
v -0.068077 0.167615 -0.024077
v -0.071392 0.177608 -0.023737
v -0.070304 0.178369 -0.023379
v -0.067647 0.173262 -0.023553
v -0.068926 0.172868 -0.023899
v -0.075231 0.181369 -0.023609
v -0.074441 0.182422 -0.023241
v -0.080069 0.183784 -0.023527
v -0.079653 0.185024 -0.023152
v -0.085432 0.184616 -0.023499
v -0.085432 0.185921 -0.023122
v -0.090795 0.183784 -0.023527
v -0.091211 0.185024 -0.023152
v -0.085432 0.185921 -0.023122
v -0.085432 0.184616 -0.023499
v -0.095633 0.181369 -0.023609
v -0.096424 0.182422 -0.023241
v -0.099473 0.177608 -0.023737
v -0.100561 0.178369 -0.023379
v -0.101938 0.172868 -0.023899
v -0.103217 0.173262 -0.023553
v -0.102787 0.167615 -0.024077
v -0.104132 0.167602 -0.023745
v -0.101938 0.162361 -0.024256
v -0.103217 0.161941 -0.023938
v -0.099473 0.157621 -0.024418
v -0.100561 0.156834 -0.024112
v -0.095633 0.153860 -0.024546
v -0.096424 0.152781 -0.024250
v -0.090795 0.151445 -0.024628
v -0.091211 0.150179 -0.024339
v -0.085432 0.150613 -0.024656
v -0.085432 0.149282 -0.024369
v -0.080069 0.151445 -0.024628
v -0.079654 0.150179 -0.024339
v -0.075231 0.153860 -0.024546
v -0.074441 0.152781 -0.024250
v -0.071392 0.157621 -0.024418
v -0.070304 0.156834 -0.024112
v -0.068926 0.162361 -0.024256
v -0.067648 0.161941 -0.023938
v -0.068077 0.167615 -0.024077
v -0.066732 0.167602 -0.023745
v -0.069454 0.178946 -0.022639
v -0.066648 0.173552 -0.022823
v -0.073823 0.183227 -0.022494
v -0.079329 0.185975 -0.022400
v -0.085432 0.186922 -0.022368
v -0.091535 0.185975 -0.022400
v -0.085432 0.186922 -0.022368
v -0.097041 0.183227 -0.022494
v -0.101411 0.178946 -0.022639
v -0.104216 0.173552 -0.022823
v -0.105183 0.167573 -0.023026
v -0.104216 0.161594 -0.023230
v -0.101411 0.156201 -0.023414
v -0.097041 0.151920 -0.023559
v -0.091535 0.149172 -0.023653
v -0.085432 0.148225 -0.023685
v -0.079329 0.149172 -0.023653
v -0.073823 0.151920 -0.023559
v -0.069454 0.156201 -0.023414
v -0.066648 0.161594 -0.023230
v -0.065682 0.167573 -0.023026
v -0.068988 0.179239 -0.021646
v -0.066101 0.173688 -0.021835
v -0.073485 0.183644 -0.021496
v -0.079151 0.186472 -0.021400
v -0.085432 0.187447 -0.021367
v -0.091713 0.186472 -0.021400
v -0.085432 0.187447 -0.021367
v -0.097379 0.183644 -0.021496
v -0.101876 0.179239 -0.021646
v -0.104763 0.173688 -0.021835
v -0.105758 0.167535 -0.022045
v -0.104763 0.161382 -0.022254
v -0.101876 0.155831 -0.022443
v -0.097379 0.151426 -0.022593
v -0.091713 0.148598 -0.022689
v -0.085432 0.147623 -0.022723
v -0.079151 0.148598 -0.022689
v -0.073485 0.151426 -0.022593
v -0.068988 0.155831 -0.022443
v -0.066101 0.161382 -0.022254
v -0.065107 0.167535 -0.022045
v -0.068988 0.179197 -0.020572
v -0.066101 0.173646 -0.020761
v -0.073485 0.183602 -0.020422
v -0.079151 0.186430 -0.020325
v -0.085432 0.187405 -0.020292
v -0.091713 0.186430 -0.020325
v -0.085432 0.187405 -0.020292
v -0.097379 0.183602 -0.020422
v -0.101876 0.179197 -0.020572
v -0.104763 0.173646 -0.020761
v -0.105758 0.167493 -0.020970
v -0.104763 0.161340 -0.021179
v -0.101876 0.155789 -0.021368
v -0.097379 0.151384 -0.021518
v -0.091713 0.148556 -0.021615
v -0.085432 0.147581 -0.021648
v -0.079151 0.148556 -0.021615
v -0.073485 0.151384 -0.021518
v -0.068988 0.155789 -0.021368
v -0.066101 0.161340 -0.021179
v -0.065107 0.167493 -0.020970
v -0.069454 0.178827 -0.019601
v -0.066648 0.173433 -0.019785
v -0.073823 0.183108 -0.019455
v -0.079329 0.185856 -0.019362
v -0.085432 0.186803 -0.019330
v -0.091535 0.185856 -0.019362
v -0.085432 0.186803 -0.019330
v -0.097041 0.183108 -0.019455
v -0.101411 0.178827 -0.019601
v -0.104216 0.173433 -0.019785
v -0.105183 0.167454 -0.019988
v -0.104216 0.161475 -0.020192
v -0.101411 0.156082 -0.020376
v -0.097041 0.151801 -0.020521
v -0.091535 0.149053 -0.020615
v -0.085432 0.148106 -0.020647
v -0.079329 0.149053 -0.020615
v -0.073823 0.151801 -0.020521
v -0.069454 0.156082 -0.020376
v -0.066648 0.161475 -0.020192
v -0.065682 0.167454 -0.019988
v -0.070304 0.178194 -0.018903
v -0.067648 0.173087 -0.019077
v -0.074441 0.182247 -0.018765
v -0.079653 0.184849 -0.018676
v -0.085432 0.185745 -0.018646
v -0.091211 0.184849 -0.018676
v -0.085432 0.185745 -0.018646
v -0.096424 0.182247 -0.018765
v -0.100561 0.178194 -0.018903
v -0.103217 0.173087 -0.019077
v -0.104132 0.167426 -0.019269
v -0.103217 0.161765 -0.019462
v -0.100561 0.156659 -0.019636
v -0.096424 0.152606 -0.019774
v -0.091211 0.150004 -0.019862
v -0.085432 0.149107 -0.019893
v -0.079654 0.150004 -0.019862
v -0.074441 0.152606 -0.019774
v -0.070304 0.156659 -0.019636
v -0.067648 0.161765 -0.019462
v -0.066732 0.167426 -0.019269
v -0.071392 0.177407 -0.018597
v -0.068926 0.172667 -0.018758
v -0.075231 0.181168 -0.018469
v -0.080069 0.183583 -0.018387
v -0.085432 0.184415 -0.018358
v -0.090795 0.183583 -0.018387
v -0.085432 0.184415 -0.018358
v -0.095633 0.181168 -0.018469
v -0.099473 0.177407 -0.018597
v -0.101938 0.172667 -0.018758
v -0.102787 0.167413 -0.018937
v -0.101938 0.162159 -0.019116
v -0.099473 0.157420 -0.019277
v -0.095633 0.153658 -0.019405
v -0.090795 0.151244 -0.019488
v -0.085432 0.150411 -0.019516
v -0.080069 0.151244 -0.019488
v -0.075231 0.153658 -0.019405
v -0.071392 0.157420 -0.019277
v -0.068926 0.162159 -0.019116
v -0.068077 0.167413 -0.018937
v -0.072529 0.176602 -0.018737
v -0.070264 0.172246 -0.018885
v -0.076057 0.180058 -0.018619
v -0.080503 0.182277 -0.018544
v -0.085432 0.183042 -0.018518
v -0.090361 0.182277 -0.018544
v -0.085432 0.183042 -0.018518
v -0.094807 0.180058 -0.018619
v -0.098335 0.176602 -0.018737
v -0.100601 0.172246 -0.018885
v -0.101381 0.167418 -0.019050
v -0.100601 0.162589 -0.019214
v -0.098335 0.158234 -0.019362
v -0.094807 0.154777 -0.019480
v -0.090361 0.152558 -0.019555
v -0.085432 0.151793 -0.019581
v -0.080503 0.152558 -0.019555
v -0.076057 0.154777 -0.019480
v -0.072529 0.158234 -0.019362
v -0.070264 0.162589 -0.019214
v -0.069483 0.167418 -0.019050
v -0.073520 0.175918 -0.019298
v -0.071428 0.171896 -0.019435
v -0.076777 0.179109 -0.019190
v -0.080882 0.181158 -0.019120
v -0.085432 0.181864 -0.019096
v -0.089982 0.181158 -0.019120
v -0.085432 0.181864 -0.019096
v -0.094087 0.179109 -0.019190
v -0.097345 0.175918 -0.019298
v -0.099436 0.171896 -0.019435
v -0.100157 0.167439 -0.019587
v -0.099436 0.162981 -0.019739
v -0.097345 0.158960 -0.019875
v -0.094087 0.155769 -0.019984
v -0.089982 0.153720 -0.020054
v -0.085432 0.153014 -0.020078
v -0.080882 0.153720 -0.020054
v -0.076777 0.155769 -0.019984
v -0.073520 0.158960 -0.019875
v -0.071428 0.162981 -0.019739
v -0.070707 0.167439 -0.019587
v -0.074192 0.175473 -0.020184
v -0.072218 0.171679 -0.020313
v -0.077266 0.178484 -0.020081
v -0.081139 0.180418 -0.020016
v -0.085432 0.181084 -0.019993
v -0.089726 0.180418 -0.020016
v -0.085432 0.181084 -0.019993
v -0.093599 0.178484 -0.020081
v -0.096673 0.175473 -0.020184
v -0.098646 0.171679 -0.020313
v -0.099326 0.167473 -0.020456
v -0.098646 0.163267 -0.020599
v -0.096673 0.159472 -0.020729
v -0.093599 0.156461 -0.020831
v -0.089726 0.154528 -0.020897
v -0.085432 0.153862 -0.020920
v -0.081139 0.154528 -0.020897
v -0.077266 0.156461 -0.020831
v -0.074192 0.159472 -0.020729
v -0.072218 0.163267 -0.020599
v -0.071538 0.167473 -0.020456
v -0.006992 0.141223 0.029738
v -0.001895 0.141160 0.029745
v -0.002085 0.150707 0.028501
v -0.006992 0.150723 0.028499
v -0.014397 0.141123 0.029682
v -0.012089 0.141160 0.029745
v -0.011899 0.150707 0.028501
v -0.014120 0.150693 0.028447
v 0.000413 0.141123 0.029682
v 0.002202 0.141034 0.028974
v 0.001871 0.150645 0.027811
v 0.000137 0.150693 0.028447
v -0.016186 0.141034 0.028974
v -0.015854 0.150645 0.027811
v 0.003323 0.140846 0.027421
v 0.003003 0.150420 0.026358
v -0.017307 0.140846 0.027421
v -0.016987 0.150420 0.026358
v 0.003563 0.140579 0.025804
v 0.003283 0.150244 0.024746
v -0.016987 0.150420 0.026358
v -0.017267 0.150244 0.024746
v -0.017546 0.140579 0.025804
v -0.017307 0.140846 0.027421
v 0.003052 0.140452 0.023955
v 0.002881 0.150054 0.023047
v -0.016865 0.150054 0.023047
v -0.017035 0.140452 0.023955
v 0.001888 0.140400 0.022778
v 0.001943 0.149936 0.021924
v -0.015927 0.149936 0.021924
v -0.015872 0.140400 0.022778
v 0.000269 0.140400 0.022272
v 0.000342 0.149834 0.021278
v -0.014326 0.149834 0.021278
v -0.014253 0.140400 0.022272
v -0.001459 0.140334 0.022231
v -0.001403 0.149800 0.021200
v -0.012524 0.140334 0.022231
v -0.012580 0.149800 0.021200
v -0.006992 0.149724 0.021209
v -0.006992 0.140139 0.022254
v -0.011741 0.159844 0.027509
v -0.013893 0.159845 0.027492
v -0.015753 0.159848 0.027015
v -0.017148 0.159576 0.025561
v -0.017552 0.159458 0.023720
v -0.017148 0.159576 0.025561
v -0.017156 0.159182 0.021943
v -0.016201 0.158990 0.020781
v -0.014438 0.158802 0.020093
v -0.006992 0.158840 0.020016
v -0.012666 0.158850 0.020014
v -0.001317 0.158850 0.020014
v 0.000454 0.158802 0.020093
v 0.002217 0.158990 0.020781
v 0.003172 0.159182 0.021943
v 0.003569 0.159458 0.023720
v 0.003164 0.159576 0.025561
v 0.001769 0.159848 0.027015
v -0.000091 0.159845 0.027492
v -0.002242 0.159844 0.027509
v -0.006992 0.159805 0.027513
v -0.013893 0.159845 0.027492
v -0.011741 0.159844 0.027509
v -0.012067 0.159726 0.025531
v -0.013817 0.159873 0.025697
v -0.006992 0.159805 0.027513
v -0.002242 0.159844 0.027509
v -0.001917 0.159726 0.025531
v -0.006992 0.159693 0.025518
v -0.015002 0.159705 0.025622
v -0.015753 0.159848 0.027015
v -0.000166 0.159873 0.025697
v -0.000091 0.159845 0.027492
v 0.001769 0.159848 0.027015
v 0.001018 0.159705 0.025622
v -0.015785 0.159607 0.024802
v -0.017148 0.159576 0.025561
v 0.003164 0.159576 0.025561
v 0.001801 0.159607 0.024802
v -0.016005 0.159450 0.023483
v -0.017552 0.159458 0.023720
v 0.003569 0.159458 0.023720
v 0.002021 0.159450 0.023483
v -0.015914 0.159307 0.022293
v -0.017156 0.159182 0.021943
v 0.003172 0.159182 0.021943
v 0.001931 0.159307 0.022293
v -0.015227 0.159213 0.021523
v -0.016201 0.158990 0.020781
v 0.002217 0.158990 0.020781
v 0.001244 0.159213 0.021523
v -0.013751 0.159216 0.021530
v -0.014438 0.158802 0.020093
v -0.000233 0.159216 0.021530
v 0.000454 0.158802 0.020093
v -0.012666 0.158850 0.020014
v -0.012227 0.159208 0.021463
v -0.006992 0.159160 0.021061
v -0.006992 0.158840 0.020016
v -0.001317 0.158850 0.020014
v -0.001756 0.159208 0.021463
v -0.014444 0.159334 0.022520
v 0.000460 0.159334 0.022520
v -0.014515 0.159428 0.023300
v 0.000531 0.159428 0.023300
v -0.014490 0.159552 0.024336
v 0.000506 0.159552 0.024336
v -0.011849 0.159537 0.023329
v -0.006992 0.159416 0.023202
v -0.002134 0.159537 0.023329
v -0.011909 0.160144 0.023373
v -0.012023 0.160277 0.025273
v -0.002344 0.162521 0.023505
v -0.002070 0.161429 0.023452
v -0.001935 0.161664 0.025068
v -0.002287 0.162791 0.024724
v -0.009920 0.165375 0.024661
v -0.010853 0.164361 0.024643
v -0.010846 0.163959 0.023431
v -0.009769 0.165000 0.023161
v -0.003131 0.164361 0.024643
v -0.003138 0.163959 0.023431
v -0.012315 0.159827 0.021696
v -0.001775 0.161210 0.021717
v -0.002187 0.162350 0.021842
v -0.010903 0.164055 0.021547
v -0.009843 0.165141 0.021308
v -0.003080 0.164055 0.021547
v 0.001053 0.140535 0.025792
v 0.003563 0.140579 0.025804
v 0.003323 0.140846 0.027421
v 0.002202 0.141034 0.028974
v -0.017546 0.140579 0.025804
v -0.015037 0.140535 0.025792
v -0.016186 0.141034 0.028974
v -0.017307 0.140846 0.027421
v 0.001888 0.140400 0.022778
v 0.003052 0.140452 0.023955
v -0.015872 0.140400 0.022778
v -0.017035 0.140452 0.023955
v 0.000413 0.141123 0.029682
v 0.000048 0.140550 0.025913
v -0.014031 0.140550 0.025913
v -0.014397 0.141123 0.029682
v 0.000269 0.140400 0.022272
v -0.014253 0.140400 0.022272
v -0.001566 0.140563 0.026020
v -0.001459 0.140334 0.022231
v -0.012524 0.140334 0.022231
v -0.012418 0.140563 0.026020
v -0.001895 0.141160 0.029745
v -0.012089 0.141160 0.029745
v -0.006992 0.141223 0.029738
v -0.006992 0.140601 0.026343
v -0.006992 0.140139 0.022254
v -0.001669 0.159827 0.021696
v -0.002075 0.160144 0.023373
v -0.002070 0.161429 0.023452
v -0.001775 0.161210 0.021717
v -0.001935 0.161664 0.025068
v -0.001961 0.160277 0.025273
v -0.011640 0.162521 0.023505
v -0.011914 0.161429 0.023452
v -0.012208 0.161210 0.021717
v -0.011797 0.162350 0.021842
v -0.012048 0.161664 0.025068
v -0.011697 0.162791 0.024724
v -0.000261 0.160432 0.025625
v -0.000462 0.161607 0.025473
v -0.013722 0.160432 0.025625
v -0.004064 0.165375 0.024661
v -0.004214 0.165000 0.023161
v -0.004141 0.165141 0.021308
v -0.000462 0.161607 0.025473
v -0.000999 0.163426 0.025294
v -0.012985 0.163426 0.025294
v -0.013522 0.161607 0.025473
v -0.002043 0.165038 0.025122
v -0.011940 0.165038 0.025122
v -0.003314 0.166361 0.024958
v -0.010669 0.166361 0.024958
v -0.005099 0.166234 0.024779
v -0.005428 0.165690 0.023300
v -0.008885 0.166234 0.024779
v -0.008556 0.165690 0.023300
v -0.005398 0.165569 0.021892
v -0.008586 0.165569 0.021892
v -0.004924 0.167490 0.024758
v -0.009059 0.167490 0.024758
v -0.006992 0.165996 0.023342
v -0.006992 0.166624 0.024730
v -0.006992 0.165870 0.021833
v -0.006992 0.168043 0.024599
v 0.000289 0.160146 0.024297
v 0.000308 0.161457 0.024337
v -0.014272 0.160146 0.024297
v 0.000308 0.161457 0.024337
v -0.000177 0.163558 0.024186
v -0.000999 0.163426 0.025294
v -0.000462 0.161607 0.025473
v -0.013807 0.163558 0.024186
v -0.014292 0.161457 0.024337
v -0.013522 0.161607 0.025473
v -0.012985 0.163426 0.025294
v -0.001194 0.165429 0.024024
v -0.002043 0.165038 0.025122
v -0.012789 0.165429 0.024024
v -0.011940 0.165038 0.025122
v -0.002602 0.166879 0.023902
v -0.003314 0.166361 0.024958
v -0.011381 0.166879 0.023902
v -0.010669 0.166361 0.024958
v 0.000297 0.159980 0.023280
v 0.000372 0.161196 0.023208
v -0.014281 0.159980 0.023280
v 0.000372 0.161196 0.023208
v -0.000095 0.163390 0.022979
v -0.013889 0.163390 0.022979
v -0.014356 0.161196 0.023208
v -0.001204 0.165440 0.022916
v -0.012779 0.165440 0.022916
v -0.002506 0.166786 0.022753
v -0.011478 0.166786 0.022753
v 0.000233 0.159958 0.022525
v 0.000223 0.161305 0.022355
v -0.014217 0.159958 0.022525
v 0.000223 0.161305 0.022355
v -0.000242 0.163277 0.022031
v -0.013742 0.163277 0.022031
v -0.014206 0.161305 0.022355
v -0.001309 0.165224 0.021816
v -0.012674 0.165224 0.021816
v -0.002733 0.166719 0.021776
v -0.011250 0.166719 0.021776
v -0.000298 0.159840 0.021645
v -0.000287 0.161177 0.021607
v -0.013685 0.159840 0.021645
v -0.000287 0.161177 0.021607
v -0.001154 0.162821 0.021257
v -0.012829 0.162821 0.021257
v -0.013697 0.161177 0.021607
v -0.002060 0.164636 0.021052
v -0.011923 0.164636 0.021052
v -0.003236 0.166065 0.020928
v -0.010747 0.166065 0.020928
v -0.005009 0.167002 0.020818
v -0.008975 0.167002 0.020818
v -0.006992 0.167494 0.020821
v -0.004924 0.167490 0.024758
v -0.004641 0.168013 0.023892
v -0.009059 0.167490 0.024758
v -0.009343 0.168013 0.023892
v -0.006992 0.168455 0.023816
v -0.006992 0.168043 0.024599
v -0.004475 0.167982 0.022844
v -0.009508 0.167982 0.022844
v -0.006992 0.168489 0.022849
v -0.004605 0.167800 0.021748
v -0.006992 0.168297 0.021840
v -0.009379 0.167800 0.021748
v -0.012048 0.161664 0.025068
v -0.013522 0.161607 0.025473
v -0.014292 0.161457 0.024337
v -0.014356 0.161196 0.023208
v -0.014206 0.161305 0.022355
v -0.013697 0.161177 0.021607
v -0.012208 0.161210 0.021717
v -0.011914 0.161429 0.023452
v -0.006992 0.141223 -0.029738
v -0.006992 0.150723 -0.028499
v -0.002085 0.150707 -0.028501
v -0.001895 0.141160 -0.029745
v -0.014397 0.141123 -0.029682
v -0.014120 0.150693 -0.028447
v -0.011899 0.150707 -0.028501
v -0.012089 0.141160 -0.029745
v 0.000413 0.141123 -0.029682
v 0.000137 0.150693 -0.028447
v 0.001871 0.150645 -0.027811
v 0.002202 0.141034 -0.028974
v -0.016186 0.141034 -0.028974
v -0.015854 0.150645 -0.027811
v 0.003003 0.150420 -0.026358
v 0.003323 0.140846 -0.027421
v -0.017307 0.140846 -0.027421
v -0.016987 0.150420 -0.026358
v 0.003283 0.150244 -0.024746
v 0.003563 0.140579 -0.025804
v -0.017546 0.140579 -0.025804
v -0.017267 0.150244 -0.024746
v 0.003052 0.140452 -0.023955
v 0.002881 0.150054 -0.023047
v -0.017035 0.140452 -0.023955
v -0.016865 0.150054 -0.023047
v 0.001888 0.140400 -0.022778
v 0.001943 0.149936 -0.021924
v -0.015872 0.140400 -0.022778
v -0.015927 0.149936 -0.021924
v 0.000269 0.140400 -0.022272
v 0.000342 0.149834 -0.021278
v -0.015927 0.149936 -0.021924
v -0.015872 0.140400 -0.022778
v -0.014253 0.140400 -0.022272
v -0.014326 0.149834 -0.021278
v -0.001459 0.140334 -0.022231
v -0.001403 0.149800 -0.021200
v -0.012524 0.140334 -0.022231
v -0.006992 0.140139 -0.022254
v -0.006992 0.149724 -0.021209
v -0.012580 0.149800 -0.021200
v -0.013893 0.159845 -0.027492
v -0.011741 0.159844 -0.027509
v -0.015753 0.159848 -0.027015
v -0.017148 0.159576 -0.025561
v -0.017552 0.159458 -0.023720
v -0.017156 0.159182 -0.021943
v -0.016201 0.158990 -0.020781
v -0.014438 0.158802 -0.020093
v -0.016201 0.158990 -0.020781
v -0.006992 0.158840 -0.020016
v -0.012666 0.158850 -0.020014
v 0.000454 0.158802 -0.020093
v -0.001317 0.158850 -0.020014
v 0.002217 0.158990 -0.020781
v 0.003172 0.159182 -0.021943
v 0.003569 0.159458 -0.023720
v 0.003164 0.159576 -0.025561
v 0.001769 0.159848 -0.027015
v -0.000091 0.159845 -0.027492
v -0.006992 0.159805 -0.027513
v -0.002242 0.159844 -0.027509
v -0.013893 0.159845 -0.027492
v -0.013817 0.159873 -0.025697
v -0.012067 0.159726 -0.025531
v -0.011741 0.159844 -0.027509
v -0.006992 0.159805 -0.027513
v -0.006992 0.159693 -0.025518
v -0.001917 0.159726 -0.025531
v -0.002242 0.159844 -0.027509
v -0.015753 0.159848 -0.027015
v -0.015002 0.159705 -0.025622
v -0.000166 0.159873 -0.025697
v 0.001018 0.159705 -0.025622
v 0.001769 0.159848 -0.027015
v -0.000091 0.159845 -0.027492
v -0.017148 0.159576 -0.025561
v -0.015785 0.159607 -0.024802
v 0.001801 0.159607 -0.024802
v 0.003164 0.159576 -0.025561
v -0.016005 0.159450 -0.023483
v -0.017552 0.159458 -0.023720
v 0.003569 0.159458 -0.023720
v 0.002021 0.159450 -0.023483
v -0.017156 0.159182 -0.021943
v -0.015914 0.159307 -0.022293
v 0.001931 0.159307 -0.022293
v 0.003172 0.159182 -0.021943
v -0.015227 0.159213 -0.021523
v -0.016201 0.158990 -0.020781
v 0.002217 0.158990 -0.020781
v 0.001244 0.159213 -0.021523
v -0.014438 0.158802 -0.020093
v -0.013751 0.159216 -0.021530
v -0.000233 0.159216 -0.021530
v 0.000454 0.158802 -0.020093
v -0.012666 0.158850 -0.020014
v -0.006992 0.158840 -0.020016
v -0.006992 0.159160 -0.021061
v -0.012227 0.159208 -0.021463
v -0.001317 0.158850 -0.020014
v -0.001756 0.159208 -0.021463
v -0.014444 0.159334 -0.022520
v 0.000460 0.159334 -0.022520
v -0.014515 0.159428 -0.023300
v 0.000531 0.159428 -0.023300
v -0.014490 0.159552 -0.024336
v 0.000506 0.159552 -0.024336
v -0.006992 0.159416 -0.023202
v -0.011849 0.159537 -0.023329
v -0.002134 0.159537 -0.023329
v -0.012023 0.160277 -0.025273
v -0.011909 0.160144 -0.023373
v -0.002344 0.162521 -0.023505
v -0.002287 0.162791 -0.024724
v -0.001935 0.161664 -0.025068
v -0.002070 0.161429 -0.023452
v -0.009920 0.165375 -0.024661
v -0.009769 0.165000 -0.023161
v -0.010846 0.163959 -0.023431
v -0.010853 0.164361 -0.024643
v -0.003138 0.163959 -0.023431
v -0.003131 0.164361 -0.024643
v -0.012315 0.159827 -0.021696
v -0.001775 0.161210 -0.021717
v -0.002187 0.162350 -0.021842
v -0.009843 0.165141 -0.021308
v -0.010903 0.164055 -0.021547
v -0.003080 0.164055 -0.021547
v 0.001053 0.140535 -0.025792
v 0.002202 0.141034 -0.028974
v 0.003323 0.140846 -0.027421
v 0.003563 0.140579 -0.025804
v -0.017546 0.140579 -0.025804
v -0.017307 0.140846 -0.027421
v -0.016186 0.141034 -0.028974
v -0.015037 0.140535 -0.025792
v 0.003052 0.140452 -0.023955
v 0.001888 0.140400 -0.022778
v -0.015872 0.140400 -0.022778
v -0.017035 0.140452 -0.023955
v 0.000048 0.140550 -0.025913
v 0.000413 0.141123 -0.029682
v -0.014397 0.141123 -0.029682
v -0.014031 0.140550 -0.025913
v 0.000269 0.140400 -0.022272
v -0.014253 0.140400 -0.022272
v -0.001566 0.140563 -0.026020
v -0.001459 0.140334 -0.022231
v -0.012524 0.140334 -0.022231
v -0.012418 0.140563 -0.026020
v -0.001895 0.141160 -0.029745
v -0.012089 0.141160 -0.029745
v -0.006992 0.140601 -0.026343
v -0.006992 0.141223 -0.029738
v -0.006992 0.140139 -0.022254
v -0.001669 0.159827 -0.021696
v -0.002075 0.160144 -0.023373
v -0.001961 0.160277 -0.025273
v -0.011640 0.162521 -0.023505
v -0.011797 0.162350 -0.021842
v -0.012208 0.161210 -0.021717
v -0.011914 0.161429 -0.023452
v -0.012048 0.161664 -0.025068
v -0.011697 0.162791 -0.024724
v -0.000462 0.161607 -0.025473
v -0.000261 0.160432 -0.025625
v -0.013722 0.160432 -0.025625
v -0.004214 0.165000 -0.023161
v -0.004064 0.165375 -0.024661
v -0.004141 0.165141 -0.021308
v -0.000999 0.163426 -0.025294
v -0.012985 0.163426 -0.025294
v -0.013522 0.161607 -0.025473
v -0.002043 0.165038 -0.025122
v -0.011940 0.165038 -0.025122
v -0.003314 0.166361 -0.024958
v -0.010669 0.166361 -0.024958
v -0.005428 0.165690 -0.023300
v -0.005099 0.166234 -0.024779
v -0.008885 0.166234 -0.024779
v -0.008556 0.165690 -0.023300
v -0.005398 0.165569 -0.021892
v -0.008586 0.165569 -0.021892
v -0.004924 0.167490 -0.024758
v -0.009059 0.167490 -0.024758
v -0.006992 0.165996 -0.023342
v -0.006992 0.166624 -0.024730
v -0.006992 0.165870 -0.021833
v -0.006992 0.168043 -0.024599
v 0.000308 0.161457 -0.024337
v 0.000289 0.160146 -0.024297
v -0.014272 0.160146 -0.024297
v -0.000177 0.163558 -0.024186
v -0.013807 0.163558 -0.024186
v -0.014292 0.161457 -0.024337
v -0.001194 0.165429 -0.024024
v -0.012789 0.165429 -0.024024
v -0.002602 0.166879 -0.023902
v -0.011381 0.166879 -0.023902
v 0.000372 0.161196 -0.023208
v 0.000297 0.159980 -0.023280
v -0.014281 0.159980 -0.023280
v -0.000095 0.163390 -0.022979
v -0.013889 0.163390 -0.022979
v -0.014356 0.161196 -0.023208
v -0.001204 0.165440 -0.022916
v -0.012779 0.165440 -0.022916
v -0.002506 0.166786 -0.022753
v -0.011478 0.166786 -0.022753
v 0.000223 0.161305 -0.022355
v 0.000233 0.159958 -0.022525
v -0.014217 0.159958 -0.022525
v -0.000242 0.163277 -0.022031
v -0.013742 0.163277 -0.022031
v -0.014206 0.161305 -0.022355
v -0.001309 0.165224 -0.021816
v -0.012674 0.165224 -0.021816
v -0.002733 0.166719 -0.021776
v -0.011250 0.166719 -0.021776
v -0.000287 0.161177 -0.021607
v -0.000298 0.159840 -0.021645
v -0.013685 0.159840 -0.021645
v -0.001154 0.162821 -0.021257
v -0.012829 0.162821 -0.021257
v -0.013697 0.161177 -0.021607
v -0.002060 0.164636 -0.021052
v -0.011923 0.164636 -0.021052
v -0.003236 0.166065 -0.020928
v -0.010747 0.166065 -0.020928
v -0.001775 0.161210 -0.021717
v -0.001669 0.159827 -0.021696
v -0.002187 0.162350 -0.021842
v -0.012208 0.161210 -0.021717
v -0.011797 0.162350 -0.021842
v -0.003080 0.164055 -0.021547
v -0.010903 0.164055 -0.021547
v -0.004141 0.165141 -0.021308
v -0.009843 0.165141 -0.021308
v -0.005009 0.167002 -0.020818
v -0.005398 0.165569 -0.021892
v -0.008586 0.165569 -0.021892
v -0.008975 0.167002 -0.020818
v -0.006992 0.167494 -0.020821
v -0.006992 0.165870 -0.021833
v -0.004641 0.168013 -0.023892
v -0.009343 0.168013 -0.023892
v -0.006992 0.168455 -0.023816
v -0.004475 0.167982 -0.022844
v -0.009508 0.167982 -0.022844
v -0.006992 0.168489 -0.022849
v -0.004605 0.167800 -0.021748
v -0.006992 0.168297 -0.021840
v -0.009379 0.167800 -0.021748
v -0.001961 0.160277 -0.025273
v -0.000261 0.160432 -0.025625
v 0.000289 0.160146 -0.024297
v 0.000297 0.159980 -0.023280
v 0.000233 0.159958 -0.022525
v -0.000298 0.159840 -0.021645
v -0.001669 0.159827 -0.021696
v -0.002075 0.160144 -0.023373
v -0.013722 0.160432 -0.025625
v -0.012023 0.160277 -0.025273
v -0.014272 0.160146 -0.024297
v -0.014281 0.159980 -0.023280
v -0.014217 0.159958 -0.022525
v -0.013685 0.159840 -0.021645
v -0.012315 0.159827 -0.021696
v -0.012315 0.159827 -0.021696
v -0.011909 0.160144 -0.023373
v -0.006992 0.169940 -0.022869
v -0.006558 0.169996 -0.022909
v -0.006558 0.170598 -0.021726
v -0.006992 0.170533 -0.021705
v -0.006992 0.169018 -0.023793
v -0.006558 0.169058 -0.023848
v -0.006992 0.167855 -0.024386
v -0.006558 0.167876 -0.024451
v -0.006992 0.166566 -0.024590
v -0.006558 0.166566 -0.024658
v -0.006992 0.165277 -0.024386
v -0.006558 0.165256 -0.024451
v -0.006992 0.164114 -0.023793
v -0.006558 0.164074 -0.023848
v -0.006992 0.163192 -0.022869
v -0.006558 0.163137 -0.022909
v -0.006992 0.162599 -0.021705
v -0.006558 0.162535 -0.021726
v -0.006992 0.162395 -0.020414
v -0.006558 0.162327 -0.020414
v -0.006558 0.170805 -0.020414
v -0.006992 0.170737 -0.020414
v -0.006166 0.170155 -0.023025
v -0.006166 0.170785 -0.021787
v -0.006166 0.169174 -0.024008
v -0.006166 0.167937 -0.024639
v -0.006166 0.166566 -0.024856
v -0.006166 0.165195 -0.024639
v -0.006166 0.163958 -0.024008
v -0.006166 0.162977 -0.023025
v -0.006166 0.162347 -0.021787
v -0.006166 0.162130 -0.020414
v -0.006166 0.171003 -0.020414
v -0.005856 0.170404 -0.023206
v -0.005856 0.171078 -0.021882
v -0.005856 0.169355 -0.024257
v -0.005856 0.168032 -0.024932
v -0.005856 0.166566 -0.025164
v -0.005856 0.165100 -0.024932
v -0.005856 0.163778 -0.024257
v -0.005856 0.162728 -0.023206
v -0.005856 0.162054 -0.021882
v -0.005856 0.161822 -0.020414
v -0.005856 0.171310 -0.020414
v -0.005656 0.170718 -0.023434
v -0.005656 0.171447 -0.022002
v -0.005656 0.169582 -0.024571
v -0.005656 0.168152 -0.025301
v -0.005656 0.166566 -0.025552
v -0.005656 0.164980 -0.025301
v -0.005656 0.163550 -0.024571
v -0.005656 0.162414 -0.023434
v -0.005656 0.161686 -0.022002
v -0.005656 0.161434 -0.020414
v -0.005656 0.171698 -0.020414
v -0.005588 0.171065 -0.023687
v -0.005588 0.171855 -0.022135
v -0.005588 0.169835 -0.024919
v -0.005588 0.168285 -0.025710
v -0.005588 0.166566 -0.025982
v -0.005588 0.164848 -0.025710
v -0.005588 0.163297 -0.024919
v -0.005588 0.162067 -0.023687
v -0.005588 0.161277 -0.022135
v -0.005588 0.161005 -0.020414
v -0.005588 0.172127 -0.020414
v -0.005656 0.171413 -0.023940
v -0.005656 0.172264 -0.022268
v -0.005656 0.170087 -0.025267
v -0.005656 0.168417 -0.026119
v -0.005656 0.166566 -0.026412
v -0.005656 0.164715 -0.026119
v -0.005656 0.163045 -0.025267
v -0.005656 0.161719 -0.023940
v -0.005656 0.160868 -0.022268
v -0.005656 0.160575 -0.020414
v -0.005656 0.172557 -0.020414
v -0.005856 0.171726 -0.024168
v -0.005856 0.172632 -0.022388
v -0.005856 0.170315 -0.025581
v -0.005856 0.168537 -0.026488
v -0.005856 0.166566 -0.026800
v -0.005856 0.164595 -0.026488
v -0.005856 0.162817 -0.025581
v -0.005856 0.161406 -0.024168
v -0.005856 0.160500 -0.022388
v -0.005856 0.160188 -0.020414
v -0.005856 0.172945 -0.020414
v -0.006166 0.171975 -0.024349
v -0.006166 0.172925 -0.022483
v -0.006166 0.170496 -0.025830
v -0.006166 0.168632 -0.026781
v -0.006166 0.166566 -0.027108
v -0.006166 0.164500 -0.026781
v -0.006166 0.162636 -0.025830
v -0.006166 0.161157 -0.024349
v -0.006166 0.160207 -0.022483
v -0.006166 0.159880 -0.020414
v -0.006166 0.173252 -0.020414
v -0.006558 0.172135 -0.024465
v -0.006558 0.173113 -0.022544
v -0.006558 0.170612 -0.025990
v -0.006558 0.168693 -0.026969
v -0.006558 0.166566 -0.027306
v -0.006558 0.164439 -0.026969
v -0.006558 0.162520 -0.025990
v -0.006558 0.160997 -0.024465
v -0.006558 0.160019 -0.022544
v -0.006558 0.159682 -0.020414
v -0.006558 0.173450 -0.020414
v -0.006992 0.172190 -0.024505
v -0.006992 0.173177 -0.022565
v -0.006992 0.170652 -0.026045
v -0.006992 0.168714 -0.027034
v -0.006992 0.166566 -0.027374
v -0.006992 0.164418 -0.027034
v -0.006992 0.162480 -0.026045
v -0.006992 0.160942 -0.024505
v -0.006992 0.159955 -0.022565
v -0.006992 0.159614 -0.020414
v -0.006992 0.173518 -0.020414
v -0.006992 0.172190 -0.024505
v -0.007426 0.172135 -0.024465
v -0.007426 0.173113 -0.022544
v -0.006992 0.173177 -0.022565
v -0.006992 0.170652 -0.026045
v -0.007426 0.170612 -0.025990
v -0.006992 0.168714 -0.027034
v -0.007426 0.168693 -0.026969
v -0.006992 0.166566 -0.027374
v -0.007426 0.166566 -0.027306
v -0.006992 0.164418 -0.027034
v -0.007426 0.164439 -0.026969
v -0.006992 0.162480 -0.026045
v -0.007426 0.162520 -0.025990
v -0.006992 0.160942 -0.024505
v -0.007426 0.160997 -0.024465
v -0.006992 0.159955 -0.022565
v -0.007426 0.160019 -0.022544
v -0.006992 0.159614 -0.020414
v -0.007426 0.159682 -0.020414
v -0.007426 0.173450 -0.020414
v -0.006992 0.173518 -0.020414
v -0.007817 0.171975 -0.024349
v -0.007817 0.172925 -0.022483
v -0.007817 0.170496 -0.025830
v -0.007817 0.168632 -0.026781
v -0.007817 0.166566 -0.027108
v -0.007817 0.164500 -0.026781
v -0.007817 0.162636 -0.025830
v -0.007817 0.161157 -0.024349
v -0.007817 0.160207 -0.022483
v -0.007817 0.159880 -0.020414
v -0.007817 0.173252 -0.020414
v -0.008128 0.171726 -0.024168
v -0.008128 0.172632 -0.022388
v -0.008128 0.170315 -0.025581
v -0.008128 0.168537 -0.026488
v -0.008128 0.166566 -0.026800
v -0.008128 0.164595 -0.026488
v -0.008128 0.162817 -0.025581
v -0.008128 0.161406 -0.024168
v -0.008128 0.160500 -0.022388
v -0.008128 0.160188 -0.020414
v -0.008128 0.172945 -0.020414
v -0.008327 0.171413 -0.023940
v -0.008327 0.172264 -0.022268
v -0.008327 0.170087 -0.025267
v -0.008327 0.168417 -0.026119
v -0.008327 0.166566 -0.026412
v -0.008327 0.164715 -0.026119
v -0.008327 0.163045 -0.025267
v -0.008327 0.161719 -0.023940
v -0.008327 0.160868 -0.022268
v -0.008327 0.160575 -0.020414
v -0.008327 0.172557 -0.020414
v -0.008396 0.171065 -0.023687
v -0.008396 0.171855 -0.022135
v -0.008396 0.169835 -0.024919
v -0.008396 0.168285 -0.025710
v -0.008396 0.166566 -0.025982
v -0.008396 0.164848 -0.025710
v -0.008396 0.163297 -0.024919
v -0.008396 0.162067 -0.023687
v -0.008396 0.161277 -0.022135
v -0.008396 0.161005 -0.020414
v -0.008396 0.172127 -0.020414
v -0.008327 0.170718 -0.023434
v -0.008327 0.171447 -0.022002
v -0.008327 0.169582 -0.024571
v -0.008327 0.168152 -0.025301
v -0.008327 0.166566 -0.025552
v -0.008327 0.164980 -0.025301
v -0.008327 0.163550 -0.024571
v -0.008327 0.162414 -0.023434
v -0.008327 0.161686 -0.022002
v -0.008327 0.161434 -0.020414
v -0.008327 0.171698 -0.020414
v -0.008128 0.170404 -0.023206
v -0.008128 0.171078 -0.021882
v -0.008128 0.169355 -0.024257
v -0.008128 0.168032 -0.024932
v -0.008128 0.166566 -0.025164
v -0.008128 0.165100 -0.024932
v -0.008128 0.163778 -0.024257
v -0.008128 0.162728 -0.023206
v -0.008128 0.162054 -0.021882
v -0.008128 0.161822 -0.020414
v -0.008128 0.171310 -0.020414
v -0.007817 0.170155 -0.023025
v -0.007817 0.170785 -0.021787
v -0.007817 0.169174 -0.024008
v -0.007817 0.167937 -0.024639
v -0.007817 0.166566 -0.024856
v -0.007817 0.165195 -0.024639
v -0.007817 0.163958 -0.024008
v -0.007817 0.162977 -0.023025
v -0.007817 0.162347 -0.021787
v -0.007817 0.162130 -0.020414
v -0.007817 0.171003 -0.020414
v -0.007426 0.169996 -0.022909
v -0.007426 0.170598 -0.021726
v -0.007426 0.169058 -0.023848
v -0.007426 0.167876 -0.024451
v -0.007426 0.166566 -0.024658
v -0.007426 0.165256 -0.024451
v -0.007426 0.164074 -0.023848
v -0.007426 0.163137 -0.022909
v -0.007426 0.162535 -0.021726
v -0.007426 0.162327 -0.020414
v -0.007426 0.170805 -0.020414
v -0.006938 0.160982 -0.020414
v -0.005588 0.161005 -0.020414
v -0.005656 0.161434 -0.020414
v -0.006166 0.171003 -0.020414
v -0.005856 0.171310 -0.020414
v -0.006938 0.172150 -0.020414
v -0.005656 0.160575 -0.020414
v -0.005588 0.172127 -0.020414
v -0.005656 0.172557 -0.020414
v -0.005856 0.161822 -0.020414
v -0.005656 0.171698 -0.020414
v -0.006992 0.162395 -0.020414
v -0.007426 0.162327 -0.020414
v -0.006166 0.162130 -0.020414
v -0.006558 0.159682 -0.020414
v -0.006166 0.159880 -0.020414
v -0.005856 0.172945 -0.020414
v -0.006558 0.170805 -0.020414
v -0.006558 0.162327 -0.020414
v -0.005856 0.160188 -0.020414
v -0.008327 0.172557 -0.020414
v -0.008396 0.172127 -0.020414
v -0.006166 0.173252 -0.020414
v -0.006992 0.170737 -0.020414
v -0.007426 0.173450 -0.020414
v -0.007817 0.173252 -0.020414
v -0.006992 0.159614 -0.020414
v -0.007817 0.162130 -0.020414
v -0.006558 0.173450 -0.020414
v -0.007426 0.170805 -0.020414
v -0.007426 0.159682 -0.020414
v -0.008128 0.161822 -0.020414
v -0.006992 0.173518 -0.020414
v -0.007817 0.171003 -0.020414
v -0.007817 0.159880 -0.020414
v -0.008128 0.160188 -0.020414
v -0.008128 0.171310 -0.020414
v -0.008327 0.161434 -0.020414
v -0.008327 0.160575 -0.020414
v -0.008128 0.172945 -0.020414
v -0.008327 0.171698 -0.020414
v -0.008396 0.161005 -0.020414
v -0.006992 0.169940 0.022865
v -0.006992 0.170533 0.021701
v -0.006558 0.170598 0.021722
v -0.006558 0.169995 0.022905
v -0.006992 0.169018 0.023789
v -0.006558 0.169058 0.023844
v -0.006992 0.167855 0.024382
v -0.006558 0.167876 0.024447
v -0.006992 0.166566 0.024586
v -0.006558 0.166566 0.024654
v -0.006992 0.165277 0.024382
v -0.006558 0.165256 0.024447
v -0.006992 0.164114 0.023789
v -0.006558 0.164074 0.023844
v -0.006992 0.163192 0.022865
v -0.006558 0.163137 0.022905
v -0.006992 0.162599 0.021701
v -0.006558 0.162534 0.021722
v -0.006992 0.162395 0.020410
v -0.006558 0.162327 0.020410
v -0.006992 0.170737 0.020410
v -0.006558 0.170805 0.020410
v -0.006166 0.170785 0.021783
v -0.006166 0.170155 0.023021
v -0.006166 0.169174 0.024004
v -0.006166 0.167937 0.024635
v -0.006166 0.166566 0.024852
v -0.006166 0.165195 0.024635
v -0.006166 0.163958 0.024004
v -0.006166 0.162977 0.023021
v -0.006166 0.162347 0.021783
v -0.006166 0.162130 0.020410
v -0.006166 0.171003 0.020410
v -0.005856 0.171078 0.021878
v -0.005856 0.170404 0.023202
v -0.005856 0.169355 0.024253
v -0.005856 0.168032 0.024928
v -0.005856 0.166566 0.025160
v -0.005856 0.165100 0.024928
v -0.005856 0.163778 0.024253
v -0.005856 0.162728 0.023202
v -0.005856 0.162054 0.021878
v -0.005856 0.161822 0.020410
v -0.005856 0.171310 0.020410
v -0.005656 0.171447 0.021998
v -0.005656 0.170718 0.023430
v -0.005656 0.169582 0.024567
v -0.005656 0.168152 0.025297
v -0.005656 0.166566 0.025548
v -0.005656 0.164980 0.025297
v -0.005656 0.163550 0.024567
v -0.005656 0.162414 0.023430
v -0.005656 0.161686 0.021998
v -0.005656 0.161434 0.020410
v -0.005656 0.171698 0.020410
v -0.005588 0.171855 0.022131
v -0.005588 0.171065 0.023683
v -0.005588 0.169835 0.024915
v -0.005588 0.168285 0.025706
v -0.005588 0.166566 0.025978
v -0.005588 0.164848 0.025706
v -0.005588 0.163297 0.024915
v -0.005588 0.162067 0.023683
v -0.005588 0.161277 0.022131
v -0.005588 0.161005 0.020410
v -0.005588 0.172127 0.020410
v -0.005656 0.172264 0.022264
v -0.005656 0.171413 0.023936
v -0.005656 0.170087 0.025263
v -0.005656 0.168417 0.026115
v -0.005656 0.166566 0.026408
v -0.005656 0.164715 0.026115
v -0.005656 0.163045 0.025263
v -0.005656 0.161719 0.023936
v -0.005656 0.160868 0.022264
v -0.005656 0.160575 0.020410
v -0.005656 0.172557 0.020410
v -0.005856 0.172632 0.022384
v -0.005856 0.171726 0.024164
v -0.005856 0.170315 0.025577
v -0.005856 0.168537 0.026484
v -0.005856 0.166566 0.026796
v -0.005856 0.164595 0.026484
v -0.005856 0.162817 0.025577
v -0.005856 0.161406 0.024164
v -0.005856 0.160500 0.022384
v -0.005856 0.160188 0.020410
v -0.005856 0.172945 0.020410
v -0.006166 0.172925 0.022479
v -0.006166 0.171975 0.024345
v -0.006166 0.170496 0.025826
v -0.006166 0.168632 0.026777
v -0.006166 0.166566 0.027104
v -0.006166 0.164500 0.026777
v -0.006166 0.162636 0.025826
v -0.006166 0.161157 0.024345
v -0.006166 0.160207 0.022479
v -0.006166 0.159880 0.020410
v -0.006166 0.173252 0.020410
v -0.006558 0.173113 0.022540
v -0.006558 0.172135 0.024461
v -0.006558 0.170612 0.025986
v -0.006558 0.168693 0.026965
v -0.006558 0.166566 0.027302
v -0.006558 0.164439 0.026965
v -0.006558 0.162520 0.025986
v -0.006558 0.160997 0.024461
v -0.006558 0.160019 0.022540
v -0.006558 0.159682 0.020410
v -0.006558 0.173450 0.020410
v -0.006992 0.173177 0.022561
v -0.006992 0.172190 0.024501
v -0.006992 0.170652 0.026041
v -0.006992 0.168714 0.027029
v -0.006992 0.166566 0.027370
v -0.006992 0.164418 0.027029
v -0.006992 0.162480 0.026041
v -0.006992 0.160942 0.024501
v -0.006992 0.159955 0.022561
v -0.006992 0.159614 0.020410
v -0.006992 0.173518 0.020410
v -0.006992 0.172190 0.024501
v -0.006992 0.173177 0.022561
v -0.007426 0.173113 0.022540
v -0.007426 0.172135 0.024461
v -0.006992 0.170652 0.026041
v -0.007426 0.170612 0.025986
v -0.006992 0.168714 0.027029
v -0.007426 0.168693 0.026965
v -0.006992 0.166566 0.027370
v -0.007426 0.166566 0.027302
v -0.006992 0.164418 0.027029
v -0.007426 0.164439 0.026965
v -0.006992 0.162480 0.026041
v -0.007426 0.162520 0.025986
v -0.006992 0.160942 0.024501
v -0.007426 0.160997 0.024461
v -0.006992 0.159955 0.022561
v -0.007426 0.160019 0.022540
v -0.006992 0.159614 0.020410
v -0.007426 0.159682 0.020410
v -0.006992 0.173518 0.020410
v -0.007426 0.173450 0.020410
v -0.007817 0.172925 0.022479
v -0.007817 0.171975 0.024345
v -0.007817 0.170496 0.025826
v -0.007817 0.168632 0.026777
v -0.007817 0.166566 0.027104
v -0.007817 0.164500 0.026777
v -0.007817 0.162636 0.025826
v -0.007817 0.161157 0.024345
v -0.007817 0.160207 0.022479
v -0.007817 0.159880 0.020410
v -0.007817 0.173252 0.020410
v -0.008128 0.172632 0.022384
v -0.008128 0.171726 0.024164
v -0.008128 0.170315 0.025577
v -0.008128 0.168537 0.026484
v -0.008128 0.166566 0.026796
v -0.008128 0.164595 0.026484
v -0.008128 0.162817 0.025577
v -0.008128 0.161406 0.024164
v -0.008128 0.160500 0.022384
v -0.008128 0.160188 0.020410
v -0.008128 0.172945 0.020410
v -0.008327 0.172264 0.022264
v -0.008327 0.171413 0.023936
v -0.008327 0.170087 0.025263
v -0.008327 0.168417 0.026115
v -0.008327 0.166566 0.026408
v -0.008327 0.164715 0.026115
v -0.008327 0.163045 0.025263
v -0.008327 0.161719 0.023936
v -0.008327 0.160868 0.022264
v -0.008327 0.160575 0.020410
v -0.008327 0.172557 0.020410
v -0.008396 0.171855 0.022131
v -0.008396 0.171065 0.023683
v -0.008396 0.169835 0.024915
v -0.008396 0.168285 0.025706
v -0.008396 0.166566 0.025978
v -0.008396 0.164848 0.025706
v -0.008396 0.163297 0.024915
v -0.008396 0.162067 0.023683
v -0.008396 0.161277 0.022131
v -0.008396 0.161005 0.020410
v -0.008396 0.172127 0.020410
v -0.008327 0.171447 0.021998
v -0.008327 0.170718 0.023430
v -0.008327 0.169582 0.024567
v -0.008327 0.168152 0.025297
v -0.008327 0.166566 0.025548
v -0.008327 0.164980 0.025297
v -0.008327 0.163550 0.024567
v -0.008327 0.162414 0.023430
v -0.008327 0.161686 0.021998
v -0.008327 0.161434 0.020410
v -0.008327 0.171698 0.020410
v -0.008128 0.171078 0.021878
v -0.008128 0.170404 0.023202
v -0.008128 0.169355 0.024253
v -0.008128 0.168032 0.024928
v -0.008128 0.166566 0.025160
v -0.008128 0.165100 0.024928
v -0.008128 0.163778 0.024253
v -0.008128 0.162728 0.023202
v -0.008128 0.162054 0.021878
v -0.008128 0.161822 0.020410
v -0.008128 0.171310 0.020410
v -0.007817 0.170785 0.021783
v -0.007817 0.170155 0.023021
v -0.007817 0.169174 0.024004
v -0.007817 0.167937 0.024635
v -0.007817 0.166566 0.024852
v -0.007817 0.165195 0.024635
v -0.007817 0.163958 0.024004
v -0.007817 0.162977 0.023021
v -0.007817 0.162347 0.021783
v -0.007817 0.162130 0.020410
v -0.007817 0.171003 0.020410
v -0.007426 0.170598 0.021722
v -0.007426 0.169995 0.022905
v -0.007426 0.169058 0.023844
v -0.007426 0.167876 0.024447
v -0.007426 0.166566 0.024654
v -0.007426 0.165256 0.024447
v -0.007426 0.164074 0.023844
v -0.007426 0.163137 0.022905
v -0.007426 0.162534 0.021722
v -0.007426 0.162327 0.020410
v -0.007426 0.170805 0.020410
v -0.006938 0.160982 0.020410
v -0.005656 0.161434 0.020410
v -0.005588 0.161005 0.020410
v -0.006166 0.171003 0.020410
v -0.006938 0.172150 0.020410
v -0.005856 0.171310 0.020410
v -0.005656 0.160575 0.020410
v -0.005588 0.172127 0.020410
v -0.005656 0.172557 0.020410
v -0.005856 0.161822 0.020410
v -0.005656 0.171698 0.020410
v -0.006992 0.162395 0.020410
v -0.007426 0.162327 0.020410
v -0.006166 0.162130 0.020410
v -0.006558 0.159682 0.020410
v -0.006166 0.159880 0.020410
v -0.005856 0.172945 0.020410
v -0.006558 0.170805 0.020410
v -0.006558 0.162327 0.020410
v -0.005856 0.160188 0.020410
v -0.008396 0.172127 0.020410
v -0.008327 0.172557 0.020410
v -0.006166 0.173252 0.020410
v -0.006992 0.170737 0.020410
v -0.007817 0.173252 0.020410
v -0.007426 0.173450 0.020410
v -0.006992 0.159614 0.020410
v -0.007817 0.162130 0.020410
v -0.006558 0.173450 0.020410
v -0.007426 0.170805 0.020410
v -0.007426 0.159682 0.020410
v -0.008128 0.161822 0.020410
v -0.006992 0.173518 0.020410
v -0.007817 0.171003 0.020410
v -0.007817 0.159880 0.020410
v -0.008128 0.160188 0.020410
v -0.008128 0.171310 0.020410
v -0.008327 0.161434 0.020410
v -0.008327 0.160575 0.020410
v -0.008128 0.172945 0.020410
v -0.008327 0.171698 0.020410
v -0.008396 0.161005 0.020410
vn -0.590491 0.501043 0.632674
vn 0.000000 0.620837 0.783940
vn 0.000000 1.000000 0.000000
vn -0.658988 0.752153 0.000000
vn 0.028922 0.613797 0.788934
vn 0.004202 0.999991 0.000000
vn -0.648897 -0.000000 0.760877
vn 0.000000 -0.000000 1.000000
vn 0.036783 -0.000000 0.999323
vn 0.303342 -0.803362 0.512439
vn 0.353259 -0.935526 -0.000000
vn 0.880021 -0.474935 -0.000000
vn 0.673715 -0.564610 0.476785
vn -1.000000 0.000000 0.000000
vn -0.573080 -0.603187 0.554747
vn 0.000000 -0.736043 0.676935
vn 0.000000 -0.000000 1.000000
vn -0.753805 -0.000000 0.657098
vn 0.026309 -0.728041 0.685029
vn 0.036783 -0.000000 0.999323
vn -0.033636 -0.888730 0.457196
vn -0.334323 -0.942459 -0.000000
vn 0.330458 -0.943821 -0.000000
vn 0.303438 -0.812366 0.497983
vn -0.726398 -0.687275 -0.000000
vn -1.000000 0.000000 0.000000
vn 0.000000 -1.000000 -0.000000
vn 0.000000 -1.000000 -0.000000
vn 0.098137 0.630360 0.770075
vn 0.078654 0.996902 0.000000
vn 0.073305 -0.000000 0.997310
vn 0.008301 -0.722438 0.691386
vn 0.076539 -0.002928 0.997062
vn -0.070655 -0.997501 -0.000000
vn 0.504028 0.432526 0.747581
vn 0.446323 0.410948 0.794932
vn 0.730496 0.397510 -0.555303
vn 0.875776 0.482717 0.000000
vn 0.999282 -0.037881 -0.000000
vn -0.077776 0.205980 0.975460
vn -0.084592 0.224031 0.970904
vn -0.682368 0.090956 0.725328
vn -0.668583 0.042673 0.742412
vn -0.091953 0.243524 0.965526
vn -0.068931 0.182555 0.980776
vn -0.998756 0.049864 0.000000
vn -0.828070 -0.032825 -0.559663
vn -0.851808 -0.523853 -0.000000
vn 0.604819 -0.010635 0.796292
vn 0.812342 0.180246 -0.554627
vn 0.721449 0.692468 0.000000
vn 0.082021 -0.217224 0.972670
vn -0.472001 -0.466563 0.748021
vn 0.090439 -0.239508 0.966673
vn -0.708133 -0.390217 -0.588454
vn -0.998332 -0.057739 -0.000000
vn 0.278328 0.597759 0.751809
vn 0.379905 0.925025 0.000000
vn 0.066100 -0.025984 0.997475
vn -0.160187 -0.677386 0.717975
vn 0.070941 -0.034448 0.996886
vn -0.333975 -0.942582 -0.000000
vn 0.463346 0.449940 0.763456
vn 0.674450 0.738320 0.000000
vn 0.053346 -0.043292 0.997637
vn -0.394799 -0.571574 0.719331
vn 0.055020 -0.056557 0.996882
vn -0.651177 -0.758926 -0.000000
vn 0.572251 0.294258 0.765468
vn 0.862029 0.506858 0.000000
vn 0.026942 -0.060806 0.997786
vn -0.586149 -0.357647 0.726992
vn 0.025969 -0.068778 0.997294
vn -0.916332 -0.400420 -0.000000
vn -0.590491 0.501043 -0.632674
vn 0.000000 0.620837 -0.783940
vn 0.028922 0.613797 -0.788934
vn -0.648897 0.000000 -0.760877
vn 0.000000 0.000000 -1.000000
vn 0.036783 0.000000 -0.999323
vn 0.303342 -0.803362 -0.512439
vn 0.673715 -0.564610 -0.476785
vn -0.573080 -0.603187 -0.554747
vn -0.753805 0.000000 -0.657098
vn 0.000000 0.000000 -1.000000
vn 0.000000 -0.736043 -0.676935
vn 0.036783 0.000000 -0.999323
vn 0.026309 -0.728041 -0.685029
vn -0.033636 -0.888730 -0.457196
vn 0.303438 -0.812366 -0.497983
vn 0.098137 0.630360 -0.770075
vn 0.073305 0.000000 -0.997310
vn 0.076539 -0.002927 -0.997062
vn 0.008301 -0.722438 -0.691386
vn 0.504028 0.432526 -0.747580
vn 0.730496 0.397510 0.555303
vn 0.446323 0.410948 -0.794932
vn -0.077776 0.205980 -0.975460
vn -0.084592 0.224031 -0.970904
vn -0.682368 0.090956 -0.725328
vn -0.068931 0.182555 -0.980776
vn -0.091953 0.243524 -0.965526
vn -0.668583 0.042673 -0.742412
vn -0.828070 -0.032825 0.559663
vn 0.812342 0.180246 0.554627
vn 0.604819 -0.010635 -0.796292
vn 0.082021 -0.217223 -0.972670
vn 0.090439 -0.239508 -0.966673
vn -0.472001 -0.466562 -0.748021
vn -0.708133 -0.390218 0.588454
vn 0.278328 0.597759 -0.751809
vn 0.066100 -0.025984 -0.997475
vn 0.070941 -0.034448 -0.996886
vn -0.160187 -0.677386 -0.717975
vn 0.463346 0.449940 -0.763456
vn 0.053346 -0.043292 -0.997637
vn 0.055020 -0.056557 -0.996882
vn -0.394799 -0.571574 -0.719331
vn 0.572251 0.294258 -0.765468
vn 0.026942 -0.060806 -0.997786
vn -0.586149 -0.357647 -0.726992
vn 0.025969 -0.068778 -0.997294
vn -0.577350 0.577350 0.577350
vn 0.000000 0.707107 0.707107
vn 0.000000 1.000000 0.000000
vn -0.707107 0.707107 0.000000
vn -0.707107 0.707107 0.000000
vn 0.000000 1.000000 0.000000
vn 0.000000 0.707107 -0.707107
vn -0.577350 0.577350 -0.577350
vn -0.707107 -0.000000 0.707107
vn 0.000000 -0.000000 1.000000
vn 0.000000 0.000000 -1.000000
vn -0.707107 0.000000 -0.707107
vn -1.000000 0.000000 0.000000
vn -1.000000 0.000000 0.000000
vn -0.577350 -0.577350 0.577350
vn 0.000000 -0.707107 0.707107
vn 0.000000 -0.707107 -0.707107
vn -0.577350 -0.577350 -0.577350
vn -0.707107 -0.707107 -0.000000
vn -0.707107 -0.707107 -0.000000
vn 0.000000 -1.000000 -0.000000
vn 0.000000 -1.000000 -0.000000
vn 0.577350 0.577350 0.577350
vn 0.707107 0.707107 0.000000
vn 0.707107 0.707107 0.000000
vn 0.577350 0.577350 -0.577350
vn 0.707107 -0.000000 0.707107
vn 0.707107 0.000000 -0.707107
vn 1.000000 0.000000 0.000000
vn 1.000000 0.000000 0.000000
vn 0.577350 -0.577350 0.577350
vn 0.577350 -0.577350 -0.577350
vn 0.707107 -0.707107 -0.000000
vn 0.707107 -0.707107 -0.000000
vn -0.577350 0.577350 -0.577350
vn -0.707107 0.707107 0.000000
vn 0.000000 1.000000 0.000000
vn 0.000000 0.707107 -0.707107
vn -0.707107 0.707107 0.000000
vn -0.577350 0.577350 0.577350
vn 0.000000 0.707107 0.707107
vn 0.000000 1.000000 0.000000
vn -0.707107 0.000000 -0.707107
vn 0.000000 0.000000 -1.000000
vn 0.000000 -0.000000 1.000000
vn -0.707107 -0.000000 0.707107
vn -1.000000 0.000000 0.000000
vn -1.000000 0.000000 0.000000
vn -0.577350 -0.577350 -0.577350
vn 0.000000 -0.707107 -0.707107
vn 0.000000 -0.707107 0.707107
vn -0.577350 -0.577350 0.577350
vn -0.707107 -0.707107 -0.000000
vn -0.707107 -0.707107 -0.000000
vn 0.000000 -1.000000 -0.000000
vn 0.000000 -1.000000 -0.000000
vn 0.577350 0.577350 -0.577350
vn 0.707107 0.707107 0.000000
vn 0.707107 0.707107 0.000000
vn 0.577350 0.577350 0.577350
vn 0.707107 0.000000 -0.707107
vn 0.707107 -0.000000 0.707107
vn 1.000000 0.000000 0.000000
vn 1.000000 0.000000 0.000000
vn 0.577350 -0.577350 -0.577350
vn 0.577350 -0.577350 0.577350
vn 0.707107 -0.707107 -0.000000
vn 0.707107 -0.707107 -0.000000
vn -0.803303 -0.595150 0.022383
vn -0.949192 -0.314476 0.011826
vn -0.812882 -0.254396 0.523933
vn -0.688146 -0.494875 0.530616
vn -0.579987 -0.814053 0.030553
vn -0.497208 -0.682940 0.535141
vn -0.303404 -0.952191 0.035749
vn -0.260300 -0.802037 0.537570
vn -0.153397 -0.987469 0.037075
vn -0.132051 -0.835366 0.533598
vn 0.303387 -0.952197 0.035747
vn 0.153394 -0.987470 0.037069
vn 0.132041 -0.835361 0.533607
vn 0.260316 -0.802026 0.537577
vn 0.579999 -0.814044 0.030554
vn 0.497226 -0.682962 0.535097
vn 0.803307 -0.595144 0.022381
vn 0.688118 -0.494884 0.530645
vn 0.949183 -0.314502 0.011824
vn 0.812849 -0.254380 0.523992
vn 1.000000 0.000000 0.000023
vn 0.857026 0.014868 0.515058
vn 0.949184 0.314500 -0.011801
vn 0.814896 0.284789 0.504816
vn 0.803305 0.595149 -0.022341
vn 0.691348 0.526898 0.494385
vn 0.579999 0.814044 -0.030558
vn 0.500438 0.716956 0.485321
vn 0.303383 0.952198 -0.035745
vn 0.262267 0.837582 0.479242
vn 0.000002 0.999295 -0.037548
vn 0.000002 0.878868 0.477065
vn -0.303404 0.952191 -0.035746
vn -0.262258 0.837587 0.479238
vn -0.579982 0.814056 -0.030559
vn -0.500427 0.716939 0.485357
vn -0.803305 0.595149 -0.022339
vn -0.691376 0.526894 0.494349
vn -0.949191 0.314479 -0.011803
vn -0.814930 0.284796 0.504757
vn -1.000000 -0.000003 0.000021
vn -0.857002 0.014875 0.515099
vn -0.521914 -0.148598 0.839955
vn -0.442837 -0.303670 0.843611
vn -0.320888 -0.425903 0.845954
vn -0.168365 -0.503907 0.847190
vn -0.085876 -0.528770 0.844410
vn 0.085866 -0.528776 0.844407
vn 0.168370 -0.503918 0.847182
vn 0.320878 -0.425891 0.845963
vn 0.442827 -0.303665 0.843618
vn 0.521929 -0.148610 0.839943
vn 0.549801 0.024207 0.834945
vn 0.523404 0.197448 0.828893
vn 0.445205 0.353716 0.822604
vn 0.323230 0.477418 0.817064
vn 0.169817 0.556601 0.813239
vn -0.000001 0.583826 0.811878
vn -0.169820 0.556594 0.813243
vn -0.323245 0.477427 0.817053
vn -0.445210 0.353727 0.822597
vn -0.523376 0.197447 0.828911
vn -0.549766 0.024192 0.834969
vn -0.211418 -0.041561 0.976512
vn -0.179810 -0.104574 0.978127
vn -0.130708 -0.154693 0.979278
vn -0.068760 -0.186942 0.979962
vn -0.035137 -0.197915 0.979589
vn 0.035144 -0.197920 0.979588
vn 0.068751 -0.186944 0.979962
vn 0.130704 -0.154681 0.979280
vn 0.179824 -0.104574 0.978125
vn 0.211446 -0.041574 0.976505
vn 0.222455 0.028307 0.974532
vn 0.211818 0.098318 0.972351
vn 0.180538 0.161714 0.970183
vn 0.131370 0.212201 0.968356
vn 0.069138 0.244726 0.967124
vn 0.000003 0.255984 0.966681
vn -0.069147 0.244721 0.967125
vn -0.131374 0.212211 0.968353
vn -0.180522 0.161714 0.970186
vn -0.211811 0.098306 0.972354
vn -0.222446 0.028313 0.974534
vn 0.090082 0.059043 0.994183
vn 0.076446 0.086003 0.993358
vn 0.055348 0.107164 0.992700
vn 0.028990 0.120580 0.992280
vn 0.014936 0.125191 0.992020
vn -0.014931 0.125195 0.992020
vn -0.028999 0.120584 0.992279
vn -0.055341 0.107161 0.992700
vn -0.076447 0.086008 0.993357
vn -0.090093 0.059040 0.994182
vn -0.094779 0.028988 0.995076
vn -0.089942 -0.000998 0.995947
vn -0.076181 -0.027808 0.996706
vn -0.055069 -0.048817 0.997288
vn -0.028853 -0.062145 0.997650
vn 0.000002 -0.066676 0.997775
vn 0.028849 -0.062145 0.997650
vn 0.055074 -0.048822 0.997288
vn 0.076180 -0.027802 0.996706
vn 0.089960 -0.001008 0.995945
vn 0.094776 0.028986 0.995077
vn 0.394648 0.157499 0.905233
vn 0.335375 0.275319 0.900957
vn 0.243337 0.368430 0.897244
vn 0.127801 0.427990 0.894702
vn 0.065389 0.447447 0.891917
vn -0.065396 0.447450 0.891915
vn -0.127783 0.427986 0.894706
vn -0.243341 0.368423 0.897246
vn -0.335406 0.275336 0.900940
vn -0.394611 0.157493 0.905250
vn -0.414749 0.026626 0.909546
vn -0.393749 -0.103961 0.913320
vn -0.334083 -0.221129 0.916237
vn -0.241994 -0.313406 0.918268
vn -0.126962 -0.372284 0.919394
vn -0.000001 -0.392492 0.919756
vn 0.126958 -0.372281 0.919396
vn 0.242000 -0.313402 0.918268
vn 0.334057 -0.221115 0.916250
vn 0.393755 -0.103961 0.913318
vn 0.414759 0.026622 0.909542
vn 0.527702 0.198114 0.826003
vn 0.449083 0.355364 0.819781
vn 0.326348 0.480171 0.814207
vn 0.171616 0.560372 0.810266
vn 0.087230 0.585673 0.805840
vn -0.087240 0.585665 0.805845
vn -0.171603 0.560362 0.810276
vn -0.326363 0.480166 0.814204
vn -0.449111 0.355385 0.819756
vn -0.527647 0.198114 0.826039
vn -0.554064 0.023972 0.832129
vn -0.526061 -0.149666 0.837174
vn -0.446713 -0.305760 0.840808
vn -0.323939 -0.429067 0.843187
vn -0.170114 -0.508020 0.844379
vn -0.000001 -0.535184 0.844735
vn 0.170110 -0.508027 0.844376
vn 0.323947 -0.429062 0.843187
vn 0.446675 -0.305731 0.840839
vn 0.526064 -0.149664 0.837172
vn 0.554057 0.023979 0.832133
vn 0.690447 0.527739 0.494747
vn 0.814226 0.285790 0.505332
vn 0.917099 0.311022 0.249389
vn 0.777161 0.582373 0.238458
vn 0.499512 0.717411 0.485601
vn 0.561870 0.794763 0.229464
vn 0.261650 0.837628 0.479499
vn 0.294205 0.929211 0.223628
vn 0.133006 0.870915 0.473092
vn 0.148652 0.964318 0.219073
vn -0.261673 0.837643 0.479460
vn -0.133011 0.870918 0.473086
vn -0.148646 0.964317 0.219081
vn -0.294208 0.929214 0.223615
vn -0.499510 0.717415 0.485598
vn -0.561867 0.794765 0.229464
vn -0.690443 0.527751 0.494740
vn -0.777155 0.582381 0.238457
vn -0.814228 0.285781 0.505334
vn -0.917101 0.311018 0.249388
vn -0.856655 0.015731 0.515650
vn -0.965350 0.007761 0.260845
vn -0.812665 -0.253854 0.524532
vn -0.916037 -0.295166 0.271574
vn -0.687885 -0.494577 0.531232
vn -0.775432 -0.565680 0.280555
vn -0.497021 -0.682785 0.535514
vn -0.560168 -0.777027 0.287126
vn -0.260143 -0.801833 0.537949
vn -0.293160 -0.910663 0.291120
vn 0.000000 -0.842495 0.538704
vn 0.000000 -0.956282 0.292447
vn 0.260130 -0.801818 0.537978
vn 0.293167 -0.910654 0.291139
vn 0.497004 -0.682795 0.535517
vn 0.560164 -0.777030 0.287124
vn 0.687898 -0.494555 0.531236
vn 0.775442 -0.565669 0.280552
vn 0.812665 -0.253858 0.524529
vn 0.916035 -0.295169 0.271577
vn 0.856651 0.015725 0.515656
vn 0.965350 0.007758 0.260844
vn 0.916027 0.295164 -0.271613
vn 0.775441 0.565667 -0.280557
vn 0.560170 0.777035 -0.287101
vn 0.293170 0.910668 -0.291093
vn 0.148061 0.945744 -0.289216
vn -0.148053 0.945744 -0.289222
vn -0.293169 0.910674 -0.291076
vn -0.560175 0.777032 -0.287100
vn -0.775433 0.565679 -0.280555
vn -0.916026 0.295165 -0.271612
vn -0.965351 -0.007762 -0.260841
vn -0.917108 -0.311023 -0.249353
vn -0.777150 -0.582373 -0.238497
vn -0.561864 -0.794775 -0.229437
vn -0.294204 -0.929221 -0.223588
vn 0.000002 -0.975155 -0.221523
vn 0.294202 -0.929218 -0.223604
vn 0.561873 -0.794769 -0.229436
vn 0.777150 -0.582373 -0.238495
vn 0.917110 -0.311019 -0.249352
vn 0.965350 -0.007760 -0.260844
vn 0.695657 0.210297 -0.686904
vn 0.589341 0.416334 -0.692347
vn 0.426277 0.577953 -0.695886
vn 0.223319 0.680525 -0.697864
vn 0.113459 0.711007 -0.693972
vn -0.113455 0.711010 -0.693969
vn -0.223332 0.680529 -0.697856
vn -0.426283 0.577950 -0.695885
vn -0.589350 0.416359 -0.692323
vn -0.695658 0.210295 -0.686904
vn -0.733208 -0.020058 -0.679708
vn -0.697399 -0.250954 -0.671310
vn -0.592124 -0.458396 -0.662768
vn -0.429033 -0.621681 -0.655319
vn -0.225023 -0.725618 -0.650263
vn -0.000001 -0.761216 -0.648499
vn 0.225011 -0.725607 -0.650281
vn 0.429033 -0.621678 -0.655323
vn 0.592111 -0.458383 -0.662789
vn 0.697396 -0.250950 -0.671314
vn 0.733213 -0.020058 -0.679704
vn 0.393800 0.103983 -0.913296
vn 0.334057 0.221122 -0.916248
vn 0.242014 0.313400 -0.918264
vn 0.126962 0.372266 -0.919401
vn 0.064903 0.391611 -0.917839
vn -0.064897 0.391608 -0.917841
vn -0.126959 0.372258 -0.919405
vn -0.242008 0.313403 -0.918265
vn -0.334077 0.221140 -0.916237
vn -0.393800 0.103971 -0.913297
vn -0.414754 -0.026634 -0.909544
vn -0.394564 -0.157472 -0.905274
vn -0.335400 -0.275335 -0.900943
vn -0.243344 -0.368433 -0.897240
vn -0.127782 -0.427999 -0.894700
vn -0.000004 -0.448406 -0.893830
vn 0.127791 -0.427994 -0.894701
vn 0.243341 -0.368441 -0.897238
vn 0.335379 -0.275315 -0.900956
vn 0.394572 -0.157487 -0.905268
vn 0.414756 -0.026632 -0.909543
vn 0.089915 0.000988 -0.995949
vn 0.076171 0.027815 -0.996707
vn 0.055079 0.048809 -0.997288
vn 0.028836 0.062095 -0.997654
vn 0.014836 0.066674 -0.997665
vn -0.014842 0.066669 -0.997665
vn -0.028834 0.062102 -0.997653
vn -0.055080 0.048806 -0.997288
vn -0.076171 0.027813 -0.996707
vn -0.089897 0.000994 -0.995951
vn -0.094828 -0.029009 -0.995071
vn -0.090093 -0.059040 -0.994182
vn -0.076447 -0.086008 -0.993357
vn -0.055338 -0.107156 -0.992701
vn -0.028997 -0.120576 -0.992280
vn 0.000005 -0.125221 -0.992129
vn 0.028990 -0.120578 -0.992280
vn 0.055344 -0.107160 -0.992700
vn 0.076446 -0.086002 -0.993358
vn 0.090099 -0.059053 -0.994181
vn 0.094821 -0.028993 -0.995072
vn -0.211856 -0.098327 -0.972342
vn -0.180495 -0.161678 -0.970197
vn -0.131374 -0.212211 -0.968353
vn -0.069158 -0.244786 -0.967108
vn -0.035342 -0.255839 -0.966073
vn 0.035332 -0.255835 -0.966075
vn 0.069164 -0.244784 -0.967108
vn 0.131367 -0.212203 -0.968356
vn 0.180497 -0.161691 -0.970194
vn 0.211885 -0.098319 -0.972336
vn 0.222447 -0.028319 -0.974533
vn 0.211444 0.041565 -0.976506
vn 0.179824 0.104574 -0.978125
vn 0.130696 0.154681 -0.979281
vn 0.068737 0.186904 -0.979971
vn 0.000005 0.197981 -0.980206
vn -0.068744 0.186907 -0.979969
vn -0.130707 0.154694 -0.979278
vn -0.179809 0.104574 -0.978127
vn -0.211427 0.041551 -0.976510
vn -0.222434 -0.028309 -0.974537
vn -0.523346 -0.197441 -0.828931
vn -0.445174 -0.353689 -0.822632
vn -0.323250 -0.477422 -0.817054
vn -0.169821 -0.556594 -0.813243
vn -0.086597 -0.581646 -0.808819
vn 0.086598 -0.581643 -0.808821
vn 0.169817 -0.556604 -0.813237
vn 0.323246 -0.477412 -0.817062
vn 0.445158 -0.353687 -0.822642
vn 0.523361 -0.197442 -0.828921
vn 0.549815 -0.024203 -0.834936
vn 0.521931 0.148608 -0.839943
vn 0.442801 0.303638 -0.843641
vn 0.320871 0.425902 -0.845960
vn 0.168354 0.503919 -0.847185
vn 0.000001 0.530690 -0.847566
vn -0.168351 0.503901 -0.847196
vn -0.320884 0.425902 -0.845955
vn -0.442806 0.303653 -0.843634
vn -0.521913 0.148592 -0.839957
vn -0.549776 -0.024200 -0.834962
vn -0.814914 -0.284792 -0.504786
vn -0.691381 -0.526896 -0.494341
vn -0.500434 -0.716931 -0.485361
vn -0.262256 -0.837588 -0.479237
vn -0.133026 -0.871044 -0.472849
vn 0.133024 -0.871047 -0.472844
vn 0.262270 -0.837582 -0.479241
vn 0.500443 -0.716951 -0.485324
vn 0.691361 -0.526894 -0.494370
vn 0.814880 -0.284792 -0.504840
vn 0.857007 -0.014877 -0.515091
vn 0.812848 0.254386 -0.523990
vn 0.688107 0.494868 -0.530674
vn 0.497229 0.682962 -0.535094
vn 0.260308 0.802056 -0.537537
vn -0.000001 0.842750 -0.538305
vn -0.260300 0.802064 -0.537528
vn -0.497216 0.682947 -0.535126
vn -0.688130 0.494868 -0.530643
vn -0.812885 0.254393 -0.523930
vn -0.856985 -0.014879 -0.515126
vn -0.803304 -0.595148 0.022377
vn -0.949189 -0.314483 0.011821
vn -0.812877 -0.254405 0.523937
vn -0.688143 -0.494894 0.530602
vn -0.580001 -0.814043 0.030555
vn -0.497208 -0.682951 0.535129
vn -0.303407 -0.952190 0.035751
vn -0.260303 -0.802036 0.537569
vn -0.153397 -0.987469 0.037068
vn -0.132049 -0.835366 0.533597
vn 0.303405 -0.952191 0.035749
vn 0.153389 -0.987471 0.037061
vn 0.132039 -0.835363 0.533605
vn 0.260308 -0.802040 0.537560
vn 0.580003 -0.814041 0.030556
vn 0.497221 -0.682947 0.535121
vn 0.803307 -0.595145 0.022376
vn 0.688119 -0.494882 0.530645
vn 0.949183 -0.314502 0.011825
vn 0.812850 -0.254381 0.523990
vn 1.000000 -0.000001 0.000023
vn 0.857026 0.014868 0.515058
vn 0.949184 0.314502 -0.011801
vn 0.814898 0.284789 0.504814
vn 0.803304 0.595150 -0.022340
vn 0.691349 0.526893 0.494389
vn 0.580004 0.814040 -0.030561
vn 0.500424 0.716946 0.485350
vn 0.303400 0.952192 -0.035747
vn 0.262261 0.837589 0.479232
vn -0.000000 0.999295 -0.037547
vn -0.000000 0.878869 0.477064
vn -0.303406 0.952190 -0.035749
vn -0.262262 0.837587 0.479235
vn -0.579997 0.814045 -0.030561
vn -0.500425 0.716946 0.485348
vn -0.803306 0.595147 -0.022334
vn -0.691375 0.526914 0.494329
vn -0.949189 0.314486 -0.011797
vn -0.814934 0.284799 0.504749
vn -1.000000 -0.000003 0.000021
vn -0.857029 0.014880 0.515053
vn -0.521916 -0.148593 0.839954
vn -0.442815 -0.303655 0.843628
vn -0.320878 -0.425885 0.845966
vn -0.168373 -0.503912 0.847185
vn -0.085875 -0.528767 0.844412
vn 0.085866 -0.528772 0.844409
vn 0.168368 -0.503923 0.847180
vn 0.320875 -0.425878 0.845971
vn 0.442811 -0.303650 0.843632
vn 0.521907 -0.148603 0.839958
vn 0.549777 0.024207 0.834961
vn 0.523381 0.197442 0.828909
vn 0.445193 0.353707 0.822614
vn 0.323233 0.477406 0.817070
vn 0.169821 0.556595 0.813242
vn -0.000003 0.583827 0.811878
vn -0.169823 0.556599 0.813239
vn -0.323237 0.477406 0.817068
vn -0.445185 0.353707 0.822619
vn -0.523368 0.197442 0.828917
vn -0.549784 0.024193 0.834957
vn -0.211417 -0.041558 0.976512
vn -0.179809 -0.104574 0.978127
vn -0.130708 -0.154694 0.979278
vn -0.068760 -0.186950 0.979960
vn -0.035138 -0.197915 0.979589
vn 0.035144 -0.197920 0.979588
vn 0.068751 -0.186946 0.979961
vn 0.130708 -0.154696 0.979278
vn 0.179815 -0.104565 0.978127
vn 0.211426 -0.041566 0.976510
vn 0.222437 0.028306 0.974536
vn 0.211798 0.098312 0.972356
vn 0.180526 0.161706 0.970186
vn 0.131376 0.212212 0.968352
vn 0.069138 0.244733 0.967122
vn 0.000002 0.255984 0.966681
vn -0.069145 0.244728 0.967123
vn -0.131373 0.212212 0.968353
vn -0.180522 0.161715 0.970186
vn -0.211811 0.098306 0.972354
vn -0.222426 0.028311 0.974539
vn 0.090095 0.059045 0.994181
vn 0.076446 0.086003 0.993358
vn 0.055348 0.107165 0.992699
vn 0.028994 0.120586 0.992279
vn 0.014935 0.125189 0.992021
vn -0.014931 0.125193 0.992020
vn -0.028999 0.120585 0.992279
vn -0.055341 0.107161 0.992700
vn -0.076446 0.086006 0.993357
vn -0.090106 0.059048 0.994180
vn -0.094759 0.028984 0.995078
vn -0.089958 -0.001000 0.995945
vn -0.076177 -0.027807 0.996706
vn -0.055069 -0.048817 0.997288
vn -0.028853 -0.062146 0.997650
vn 0.000002 -0.066676 0.997775
vn 0.028849 -0.062146 0.997650
vn 0.055074 -0.048822 0.997288
vn 0.076180 -0.027803 0.996706
vn 0.089959 -0.001008 0.995945
vn 0.094777 0.028988 0.995076
vn 0.394623 0.157496 0.905245
vn 0.335378 0.275320 0.900955
vn 0.243352 0.368444 0.897234
vn 0.127791 0.427984 0.894706
vn 0.065390 0.447446 0.891917
vn -0.065396 0.447449 0.891915
vn -0.127783 0.427986 0.894706
vn -0.243339 0.368427 0.897245
vn -0.335383 0.275317 0.900954
vn -0.394620 0.157500 0.905245
vn -0.414776 0.026628 0.909534
vn -0.393754 -0.103963 0.913318
vn -0.334057 -0.221118 0.916249
vn -0.241994 -0.313406 0.918267
vn -0.126962 -0.372284 0.919394
vn -0.000001 -0.392492 0.919756
vn 0.126960 -0.372282 0.919395
vn 0.242012 -0.313418 0.918259
vn 0.334057 -0.221116 0.916250
vn 0.393758 -0.103958 0.913317
vn 0.414793 0.026619 0.909526
vn 0.697411 0.250951 0.671298
vn 0.592134 0.458394 0.662761
vn 0.429009 0.621674 0.655342
vn 0.225033 0.725626 0.650251
vn 0.114430 0.756214 0.644240
vn -0.114437 0.756213 0.644241
vn -0.225026 0.725630 0.650249
vn -0.429031 0.621675 0.655326
vn -0.592160 0.458415 0.662724
vn -0.697403 0.250956 0.671305
vn -0.733187 0.020058 0.679731
vn -0.695655 -0.210293 0.686906
vn -0.589371 -0.416360 0.692305
vn -0.426269 -0.577957 0.695888
vn -0.223319 -0.680522 0.697867
vn -0.000003 -0.715666 0.698442
vn 0.223326 -0.680522 0.697865
vn 0.426257 -0.577955 0.695897
vn 0.589369 -0.416360 0.692307
vn 0.695653 -0.210289 0.686911
vn 0.733182 0.020064 0.679737
vn 0.917101 0.311017 0.249389
vn 0.777161 0.582372 0.238460
vn 0.561862 0.794759 0.229499
vn 0.294202 0.929216 0.223612
vn 0.148654 0.964318 0.219072
vn -0.148645 0.964317 0.219081
vn -0.294207 0.929214 0.223615
vn -0.561866 0.794764 0.229472
vn -0.777161 0.582393 0.238411
vn -0.917099 0.311026 0.249383
vn -0.965334 0.007759 0.260901
vn -0.916034 -0.295175 0.271576
vn -0.775442 -0.565687 0.280515
vn -0.560168 -0.777028 0.287122
vn -0.293154 -0.910653 0.291156
vn -0.000001 -0.956282 0.292445
vn 0.293158 -0.910651 0.291158
vn 0.560169 -0.777015 0.287155
vn 0.775443 -0.565685 0.280515
vn 0.916034 -0.295179 0.271572
vn 0.965334 0.007766 0.260903
vn 0.916027 0.295163 -0.271612
vn 0.775439 0.565670 -0.280556
vn 0.560164 0.777013 -0.287169
vn 0.293158 0.910678 -0.291073
vn 0.148065 0.945744 -0.289216
vn -0.148052 0.945744 -0.289223
vn -0.293168 0.910674 -0.291076
vn -0.560162 0.777026 -0.287140
vn -0.775446 0.565684 -0.280509
vn -0.916023 0.295172 -0.271615
vn -0.965335 -0.007760 -0.260897
vn -0.917107 -0.311030 -0.249351
vn -0.777154 -0.582386 -0.238450
vn -0.561864 -0.794775 -0.229438
vn -0.294204 -0.929221 -0.223590
vn 0.000004 -0.975155 -0.221523
vn 0.294198 -0.929223 -0.223591
vn 0.561869 -0.794763 -0.229467
vn 0.777158 -0.582381 -0.238449
vn 0.917108 -0.311024 -0.249354
vn 0.965334 -0.007768 -0.260903
vn 0.695659 0.210294 -0.686903
vn 0.589338 0.416338 -0.692346
vn 0.426249 0.577922 -0.695930
vn 0.223327 0.680529 -0.697857
vn 0.113461 0.711010 -0.693968
vn -0.113455 0.711012 -0.693967
vn -0.223333 0.680530 -0.697854
vn -0.426258 0.577928 -0.695919
vn -0.589372 0.416359 -0.692305
vn -0.695662 0.210295 -0.686899
vn -0.733185 -0.020056 -0.679734
vn -0.697396 -0.250953 -0.671313
vn -0.592141 -0.458401 -0.662750
vn -0.429030 -0.621684 -0.655318
vn -0.225023 -0.725618 -0.650264
vn -0.000001 -0.761216 -0.648499
vn 0.225026 -0.725617 -0.650264
vn 0.429013 -0.621676 -0.655337
vn 0.592139 -0.458396 -0.662755
vn 0.697404 -0.250950 -0.671306
vn 0.733187 -0.020062 -0.679731
vn 0.393762 0.103960 -0.913315
vn 0.334057 0.221122 -0.916248
vn 0.242025 0.313418 -0.918255
vn 0.126956 0.372262 -0.919404
vn 0.064904 0.391613 -0.917838
vn -0.064897 0.391609 -0.917840
vn -0.126960 0.372259 -0.919404
vn -0.242010 0.313405 -0.918264
vn -0.334050 0.221122 -0.916251
vn -0.393759 0.103963 -0.913316
vn -0.414781 -0.026635 -0.909532
vn -0.394579 -0.157475 -0.905267
vn -0.335412 -0.275350 -0.900933
vn -0.243342 -0.368435 -0.897241
vn -0.127782 -0.427999 -0.894700
vn -0.000004 -0.448406 -0.893830
vn 0.127791 -0.427994 -0.894701
vn 0.243356 -0.368460 -0.897226
vn 0.335418 -0.275341 -0.900934
vn 0.394572 -0.157487 -0.905268
vn 0.414787 -0.026622 -0.909529
vn 0.221833 0.045399 -0.974027
vn 0.188445 0.111778 -0.975702
vn 0.136674 0.164166 -0.976918
vn 0.071750 0.197663 -0.977641
vn 0.036835 0.209035 -0.977214
vn -0.036834 0.209035 -0.977214
vn -0.071752 0.197663 -0.977641
vn -0.136671 0.164166 -0.976919
vn -0.188454 0.111772 -0.975701
vn -0.221821 0.045423 -0.974029
vn -0.233585 -0.028359 -0.971923
vn -0.222142 -0.102194 -0.969644
vn -0.188914 -0.168823 -0.967373
vn -0.137075 -0.221390 -0.965503
vn -0.071996 -0.255067 -0.964239
vn 0.000004 -0.266684 -0.963784
vn 0.071992 -0.255071 -0.964239
vn 0.137060 -0.221390 -0.965505
vn 0.188935 -0.168799 -0.967373
vn 0.222137 -0.102220 -0.969642
vn 0.233615 -0.028332 -0.971916
vn -0.062802 -0.075342 -0.995178
vn -0.073716 -0.053316 -0.995853
vn -0.211802 -0.098300 -0.972356
vn -0.180486 -0.161682 -0.970198
vn -0.045688 -0.092852 -0.994631
vn -0.131373 -0.212212 -0.968353
vn -0.024058 -0.104204 -0.994265
vn -0.069156 -0.244791 -0.967106
vn -0.012290 -0.108039 -0.994071
vn -0.035343 -0.255839 -0.966073
vn 0.024070 -0.104200 -0.994265
vn 0.012278 -0.108050 -0.994070
vn 0.035332 -0.255835 -0.966075
vn 0.069163 -0.244784 -0.967108
vn 0.045682 -0.092860 -0.994631
vn 0.131374 -0.212214 -0.968352
vn 0.062805 -0.075338 -0.995178
vn 0.180485 -0.161684 -0.970198
vn 0.073713 -0.053316 -0.995853
vn 0.211806 -0.098302 -0.972355
vn 0.077448 -0.028997 -0.996575
vn 0.222419 -0.028305 -0.974540
vn 0.073661 -0.004707 -0.997272
vn 0.211382 0.041536 -0.976521
vn 0.062770 0.017310 -0.997878
vn 0.179859 0.104608 -0.978115
vn 0.045618 0.034734 -0.998355
vn 0.130711 0.154695 -0.979277
vn 0.024011 0.046052 -0.998650
vn 0.068736 0.186911 -0.979969
vn 0.000005 0.049894 -0.998755
vn 0.000005 0.197981 -0.980206
vn -0.024021 0.046048 -0.998650
vn -0.068743 0.186913 -0.979968
vn -0.045606 0.034741 -0.998355
vn -0.130705 0.154694 -0.979278
vn -0.062781 0.017295 -0.997877
vn -0.179861 0.104595 -0.978115
vn -0.073651 -0.004699 -0.997273
vn -0.211382 0.041548 -0.976520
vn -0.077443 -0.028996 -0.996575
vn -0.222413 -0.028307 -0.974541
vn -0.523339 -0.197436 -0.828936
vn -0.445150 -0.353669 -0.822654
vn -0.323242 -0.477402 -0.817069
vn -0.169825 -0.556601 -0.813237
vn -0.086600 -0.581646 -0.808819
vn 0.086600 -0.581644 -0.808821
vn 0.169815 -0.556606 -0.813236
vn 0.323245 -0.477400 -0.817069
vn 0.445147 -0.353679 -0.822651
vn 0.523339 -0.197436 -0.828937
vn 0.549795 -0.024192 -0.834949
vn 0.521895 0.148591 -0.839968
vn 0.442788 0.303617 -0.843656
vn 0.320870 0.425887 -0.845969
vn 0.168359 0.503913 -0.847188
vn -0.000000 0.530691 -0.847566
vn -0.168358 0.503904 -0.847193
vn -0.320873 0.425883 -0.845969
vn -0.442792 0.303630 -0.843649
vn -0.521899 0.148586 -0.839966
vn -0.549790 -0.024194 -0.834952
vn -0.814918 -0.284794 -0.504778
vn -0.691380 -0.526916 -0.494320
vn -0.500431 -0.716939 -0.485352
vn -0.262260 -0.837588 -0.479235
vn -0.133028 -0.871044 -0.472848
vn 0.133022 -0.871049 -0.472842
vn 0.262271 -0.837594 -0.479219
vn 0.500426 -0.716943 -0.485351
vn 0.691363 -0.526889 -0.494374
vn 0.814882 -0.284791 -0.504839
vn 0.857007 -0.014876 -0.515090
vn 0.812872 0.254401 -0.523945
vn 0.688112 0.494863 -0.530672
vn 0.497224 0.682947 -0.535117
vn 0.260296 0.802066 -0.537528
vn -0.000001 0.842750 -0.538305
vn -0.260307 0.802067 -0.537521
vn -0.497216 0.682957 -0.535113
vn -0.688126 0.494886 -0.530632
vn -0.812906 0.254404 -0.523892
vn -0.857015 -0.014876 -0.515077
vn -0.803346 -0.595062 -0.023170
vn -0.693439 -0.496484 -0.522154
vn -0.818782 -0.254055 -0.514832
vn -0.949203 -0.314428 -0.012219
vn -0.580048 -0.813965 -0.031702
vn -0.501221 -0.686222 -0.527140
vn -0.303442 -0.952129 -0.037070
vn -0.262449 -0.806431 -0.529896
vn -0.153412 -0.987415 -0.038418
vn -0.133106 -0.839976 -0.526045
vn 0.303440 -0.952129 -0.037071
vn 0.262452 -0.806438 -0.529884
vn 0.133099 -0.839979 -0.526042
vn 0.153401 -0.987417 -0.038419
vn 0.580058 -0.813958 -0.031708
vn 0.501227 -0.686219 -0.527139
vn 0.803346 -0.595061 -0.023173
vn 0.693416 -0.496461 -0.522206
vn 0.949195 -0.314450 -0.012221
vn 0.818754 -0.254037 -0.514885
vn 1.000000 -0.000001 -0.000004
vn 0.862783 0.017132 -0.505284
vn 0.949196 0.314446 0.012250
vn 0.819942 0.288667 -0.494335
vn 0.803343 0.595065 0.023171
vn 0.695285 0.531956 -0.483323
vn 0.580057 0.813958 0.031702
vn 0.503067 0.722756 -0.473865
vn 0.303444 0.952128 0.037076
vn 0.263573 0.843788 -0.467494
vn -0.000008 0.999244 0.038870
vn 0.000002 0.885192 -0.465226
vn -0.303443 0.952128 0.037077
vn -0.263578 0.843783 -0.467500
vn -0.580049 0.813964 0.031703
vn -0.503068 0.722758 -0.473860
vn -0.803346 0.595062 0.023167
vn -0.695307 0.531980 -0.483266
vn -0.949202 0.314429 0.012247
vn -0.819973 0.288678 -0.494276
vn -1.000000 -0.000003 -0.000002
vn -0.862785 0.017136 -0.505280
vn -0.451537 -0.306140 -0.838088
vn -0.531934 -0.147958 -0.833759
vn -0.327325 -0.430937 -0.840923
vn -0.171769 -0.510595 -0.842489
vn -0.087570 -0.535876 -0.839743
vn 0.171765 -0.510609 -0.842482
vn 0.087575 -0.535878 -0.839741
vn 0.327320 -0.430946 -0.840920
vn 0.451537 -0.306138 -0.838089
vn 0.531929 -0.147956 -0.833763
vn 0.560064 0.028133 -0.827972
vn 0.532823 0.204466 -0.821154
vn 0.452945 0.363297 -0.814160
vn 0.328713 0.488893 -0.808042
vn 0.172642 0.569227 -0.803850
vn -0.000006 0.596826 -0.802371
vn -0.172641 0.569236 -0.803845
vn -0.328714 0.488891 -0.808043
vn -0.452943 0.363293 -0.814163
vn -0.532820 0.204470 -0.821155
vn -0.560069 0.028131 -0.827968
vn -0.184641 -0.103347 -0.977357
vn -0.217000 -0.038608 -0.975408
vn -0.134243 -0.154834 -0.978777
vn -0.070629 -0.187976 -0.979631
vn -0.036077 -0.199225 -0.979289
vn 0.070615 -0.187963 -0.979634
vn 0.036088 -0.199227 -0.979289
vn 0.134241 -0.154826 -0.978779
vn 0.184645 -0.103347 -0.977356
vn 0.216999 -0.038613 -0.975408
vn 0.228195 0.033107 -0.973052
vn 0.217259 0.104875 -0.970464
vn 0.185072 0.169808 -0.967943
vn 0.134658 0.221528 -0.965812
vn 0.070868 0.254841 -0.964382
vn -0.000002 0.266318 -0.963885
vn -0.070866 0.254835 -0.964384
vn -0.134656 0.221528 -0.965812
vn -0.185071 0.169808 -0.967943
vn -0.217253 0.104878 -0.970465
vn -0.228185 0.033096 -0.973055
vn -0.064490 -0.013662 -0.997825
vn -0.075753 0.008924 -0.997087
vn -0.046902 -0.031647 -0.998398
vn -0.024738 -0.043349 -0.998754
vn -0.012616 -0.047319 -0.998800
vn 0.024722 -0.043362 -0.998754
vn 0.012627 -0.047309 -0.998800
vn 0.046923 -0.031654 -0.998397
vn 0.064490 -0.013661 -0.997825
vn 0.075753 0.008921 -0.997087
vn 0.079615 0.033927 -0.996248
vn 0.075829 0.058928 -0.995378
vn 0.064602 0.081551 -0.994573
vn 0.047009 0.099572 -0.993919
vn 0.024731 0.111171 -0.993494
vn 0.000007 0.115244 -0.993337
vn -0.024740 0.111172 -0.993493
vn -0.047004 0.099567 -0.993920
vn -0.064602 0.081552 -0.994573
vn -0.075835 0.058938 -0.995377
vn -0.079612 0.033916 -0.996249
vn 0.193885 0.177173 -0.964893
vn 0.342531 0.284825 -0.895292
vn 0.403159 0.164565 -0.900212
vn 0.228077 0.108882 -0.967536
vn 0.140750 0.231228 -0.962665
vn 0.248452 0.379784 -0.891087
vn 0.073951 0.265831 -0.961179
vn 0.130431 0.440431 -0.888262
vn 0.037961 0.277414 -0.960000
vn 0.066741 0.460246 -0.885279
vn -0.073933 0.265840 -0.961178
vn -0.130431 0.440427 -0.888263
vn -0.066736 0.460232 -0.885287
vn -0.037987 0.277429 -0.959995
vn -0.140743 0.231222 -0.962667
vn -0.248440 0.379775 -0.891094
vn -0.193880 0.177168 -0.964895
vn -0.342534 0.284829 -0.895289
vn -0.228083 0.108871 -0.967536
vn -0.403159 0.164562 -0.900212
vn -0.239882 0.033066 -0.970239
vn -0.423942 0.030910 -0.905162
vn -0.228045 -0.042736 -0.972712
vn -0.402671 -0.102606 -0.909576
vn -0.193738 -0.110955 -0.974759
vn -0.341745 -0.222494 -0.913075
vn -0.140480 -0.164788 -0.976274
vn -0.247647 -0.316976 -0.915531
vn -0.073727 -0.199173 -0.977187
vn -0.129925 -0.377237 -0.916958
vn -0.000013 -0.211099 -0.977465
vn 0.000000 -0.397931 -0.917415
vn 0.073746 -0.199164 -0.977187
vn 0.129928 -0.377239 -0.916957
vn 0.140486 -0.164795 -0.976272
vn 0.247657 -0.316987 -0.915525
vn 0.193733 -0.110966 -0.974759
vn 0.341747 -0.222489 -0.913076
vn 0.228034 -0.042739 -0.972715
vn 0.402680 -0.102611 -0.909571
vn 0.239899 0.033069 -0.970234
vn 0.423960 0.030907 -0.905153
vn 0.598411 0.465849 -0.651835
vn 0.705176 0.256376 -0.661058
vn 0.433385 0.630565 -0.643867
vn 0.227253 0.735332 -0.638469
vn 0.115528 0.766077 -0.632282
vn -0.227257 0.735333 -0.638467
vn -0.115520 0.766083 -0.632275
vn -0.433401 0.630566 -0.643856
vn -0.598439 0.465868 -0.651796
vn -0.705170 0.256384 -0.661061
vn -0.741763 0.022976 -0.670268
vn -0.704141 -0.210135 -0.678254
vn -0.596819 -0.418869 -0.684366
vn -0.431808 -0.582677 -0.688498
vn -0.226277 -0.686725 -0.690802
vn 0.000011 -0.722313 -0.691566
vn 0.226277 -0.686767 -0.690760
vn 0.431798 -0.582673 -0.688507
vn 0.596818 -0.418868 -0.684367
vn 0.704138 -0.210130 -0.678259
vn 0.741761 0.022980 -0.670271
vn 0.778030 0.583948 -0.231678
vn 0.918342 0.312393 -0.243021
vn 0.562400 0.796408 -0.222350
vn 0.294457 0.930883 -0.216220
vn 0.148765 0.965949 -0.211688
vn -0.294460 0.930882 -0.216221
vn -0.148757 0.965948 -0.211695
vn -0.562407 0.796413 -0.222316
vn -0.778032 0.583964 -0.231631
vn -0.918338 0.312406 -0.243019
vn -0.966881 0.008777 -0.255075
vn -0.917726 -0.294677 -0.266353
vn -0.777063 -0.565792 -0.275777
vn -0.561449 -0.777706 -0.282750
vn -0.293870 -0.911745 -0.286988
vn 0.000015 -0.957485 -0.288482
vn 0.293866 -0.911741 -0.287004
vn 0.561446 -0.777697 -0.282782
vn 0.777064 -0.565788 -0.275781
vn 0.917727 -0.294677 -0.266349
vn 0.966880 0.008782 -0.255079
vn 0.777059 0.565774 0.275826
vn 0.917729 0.294671 0.266351
vn 0.561440 0.777690 0.282815
vn 0.293865 0.911729 0.287042
vn 0.148433 0.946884 0.285270
vn -0.293868 0.911728 0.287043
vn -0.148425 0.946883 0.285277
vn -0.561446 0.777698 0.282779
vn -0.777062 0.565792 0.275778
vn -0.917726 0.294679 0.266352
vn -0.966880 -0.008776 0.255080
vn -0.918329 -0.312403 0.243058
vn -0.778028 -0.583969 0.231629
vn -0.562407 -0.796401 0.222359
vn -0.294461 -0.930879 0.216233
vn 0.000002 -0.976810 0.214106
vn 0.294471 -0.930893 0.216159
vn 0.562395 -0.796401 0.222389
vn 0.778038 -0.583954 0.231634
vn 0.918327 -0.312407 0.243059
vn 0.966880 -0.008778 0.255081
vn 0.596813 0.418871 0.684370
vn 0.704141 0.210139 0.678253
vn 0.431796 0.582678 0.688505
vn 0.226281 0.686716 0.690810
vn 0.114970 0.717562 0.686941
vn -0.226277 0.686716 0.690810
vn -0.114972 0.717562 0.686939
vn -0.431808 0.582683 0.688493
vn -0.596845 0.418886 0.684332
vn -0.704139 0.210140 0.678254
vn -0.741730 -0.022975 0.670305
vn -0.705147 -0.256382 0.661088
vn -0.598440 -0.465870 0.651794
vn -0.433423 -0.630586 0.643821
vn -0.227263 -0.735368 0.638424
vn -0.000005 -0.771221 0.636568
vn 0.227270 -0.735367 0.638423
vn 0.433409 -0.630583 0.643833
vn 0.598442 -0.465863 0.651797
vn 0.705149 -0.256382 0.661085
vn 0.741726 -0.022983 0.670310
vn 0.341749 0.222494 0.913074
vn 0.402674 0.102606 0.909574
vn 0.247664 0.317000 0.915518
vn 0.129948 0.377292 0.916932
vn 0.066454 0.397054 0.915386
vn -0.129959 0.377292 0.916930
vn -0.066442 0.397063 0.915383
vn -0.247642 0.316983 0.915530
vn -0.341748 0.222495 0.913074
vn -0.402680 0.102608 0.909572
vn -0.423941 -0.030903 0.905163
vn -0.403202 -0.164583 0.900189
vn -0.342576 -0.284849 0.895267
vn -0.248473 -0.379825 0.891064
vn -0.130422 -0.440414 0.888271
vn 0.000003 -0.461256 0.887267
vn 0.130410 -0.440417 0.888271
vn 0.248501 -0.379834 0.891052
vn 0.342576 -0.284850 0.895266
vn 0.403205 -0.164580 0.900188
vn 0.423954 -0.030908 0.905156
vn 0.078291 0.024486 0.996630
vn 0.092443 -0.003059 0.995713
vn 0.056633 0.046104 0.997330
vn 0.029670 0.059839 0.997767
vn 0.015271 0.064482 0.997802
vn -0.029679 0.059831 0.997767
vn -0.015259 0.064467 0.997803
vn -0.056630 0.046103 0.997330
vn -0.078285 0.024494 0.996630
vn -0.092441 -0.003065 0.995713
vn -0.097378 -0.033879 0.994671
vn -0.092517 -0.064715 0.993606
vn -0.078478 -0.092380 0.992626
vn -0.056785 -0.114069 0.991849
vn -0.029747 -0.127854 0.991347
vn -0.000002 -0.132550 0.991176
vn 0.029747 -0.127850 0.991347
vn 0.056781 -0.114067 0.991849
vn 0.078482 -0.092374 0.992627
vn 0.092512 -0.064723 0.993606
vn 0.097402 -0.033873 0.994668
vn -0.185071 -0.169808 0.967943
vn -0.217261 -0.104872 0.970464
vn -0.134650 -0.221538 0.965811
vn -0.070863 -0.254880 0.964373
vn -0.036218 -0.266137 0.963255
vn 0.070871 -0.254866 0.964376
vn 0.036201 -0.266140 0.963255
vn 0.134647 -0.221538 0.965811
vn 0.185074 -0.169809 0.967943
vn 0.217259 -0.104875 0.970464
vn 0.228250 -0.033092 0.973040
vn 0.217011 0.038618 0.975405
vn 0.184655 0.103355 0.977354
vn 0.134251 0.154850 0.978774
vn 0.070623 0.187955 0.979635
vn 0.000001 0.199360 0.979926
vn -0.070623 0.187954 0.979635
vn -0.134246 0.154837 0.978777
vn -0.184651 0.103355 0.977354
vn -0.217015 0.038619 0.975404
vn -0.228249 -0.033096 0.973040
vn -0.452943 -0.363293 0.814163
vn -0.532790 -0.204456 0.821178
vn -0.328714 -0.488891 0.808043
vn -0.172642 -0.569272 0.803819
vn -0.088020 -0.594538 0.799235
vn 0.172646 -0.569274 0.803816
vn 0.088007 -0.594533 0.799241
vn 0.328704 -0.488898 0.808042
vn 0.452946 -0.363292 0.814162
vn 0.532789 -0.204461 0.821177
vn 0.560068 -0.028121 0.827969
vn 0.531916 0.147959 0.833771
vn 0.451525 0.306127 0.838100
vn 0.327319 0.430920 0.840934
vn 0.171785 0.510643 0.842457
vn 0.000008 0.537954 0.842974
vn -0.171802 0.510639 0.842456
vn -0.327320 0.430931 0.840928
vn -0.451525 0.306130 0.838098
vn -0.531911 0.147962 0.833773
vn -0.560062 -0.028129 0.827973
vn -0.695309 -0.531976 0.483267
vn -0.819950 -0.288666 0.494322
vn -0.503070 -0.722760 0.473856
vn -0.263572 -0.843787 0.467496
vn -0.133668 -0.877232 0.461083
vn 0.263579 -0.843794 0.467481
vn 0.133663 -0.877234 0.461081
vn 0.503069 -0.722759 0.473857
vn 0.695289 -0.531949 0.483325
vn 0.819913 -0.288667 0.494382
vn 0.862781 -0.017133 0.505287
vn 0.818768 0.254048 0.514858
vn 0.693439 0.496481 0.522158
vn 0.501241 0.686237 0.527101
vn 0.262453 0.806430 0.529895
vn -0.000004 0.847517 0.530768
vn -0.262450 0.806429 0.529898
vn -0.501240 0.686238 0.527102
vn -0.693462 0.496499 0.522110
vn -0.818798 0.254064 0.514803
vn -0.862789 -0.017139 0.505274
vn -0.803344 -0.595064 -0.023176
vn -0.693443 -0.496466 -0.522167
vn -0.818787 -0.254046 -0.514829
vn -0.949205 -0.314421 -0.012224
vn -0.580033 -0.813976 -0.031705
vn -0.501222 -0.686212 -0.527152
vn -0.303440 -0.952129 -0.037068
vn -0.262446 -0.806431 -0.529897
vn -0.153412 -0.987415 -0.038425
vn -0.133107 -0.839975 -0.526046
vn 0.303423 -0.952135 -0.037069
vn 0.262460 -0.806425 -0.529900
vn 0.133101 -0.839977 -0.526044
vn 0.153406 -0.987416 -0.038427
vn 0.580053 -0.813962 -0.031705
vn 0.501232 -0.686233 -0.527116
vn 0.803345 -0.595063 -0.023174
vn 0.693418 -0.496464 -0.522201
vn 0.949196 -0.314448 -0.012223
vn 0.818754 -0.254038 -0.514886
vn 1.000000 -0.000001 -0.000004
vn 0.862783 0.017132 -0.505284
vn 0.949197 0.314444 0.012251
vn 0.819940 0.288668 -0.494338
vn 0.803344 0.595065 0.023171
vn 0.695284 0.531961 -0.483319
vn 0.580053 0.813961 0.031699
vn 0.503081 0.722765 -0.473835
vn 0.303426 0.952133 0.037074
vn 0.263582 0.843784 -0.467498
vn -0.000006 0.999244 0.038871
vn 0.000003 0.885192 -0.465227
vn -0.303439 0.952129 0.037074
vn -0.263574 0.843786 -0.467498
vn -0.580036 0.813974 0.031700
vn -0.503071 0.722750 -0.473869
vn -0.803344 0.595064 0.023172
vn -0.695309 0.531960 -0.483285
vn -0.949204 0.314422 0.012252
vn -0.819969 0.288675 -0.494284
vn -1.000000 -0.000003 -0.000002
vn -0.862758 0.017130 -0.505326
vn -0.451560 -0.306155 -0.838071
vn -0.531931 -0.147963 -0.833760
vn -0.327335 -0.430955 -0.840910
vn -0.171761 -0.510590 -0.842494
vn -0.087572 -0.535879 -0.839741
vn 0.171768 -0.510604 -0.842484
vn 0.087575 -0.535881 -0.839739
vn 0.327322 -0.430960 -0.840913
vn 0.451551 -0.306151 -0.838077
vn 0.531952 -0.147964 -0.833747
vn 0.560088 0.028132 -0.827955
vn 0.532845 0.204472 -0.821138
vn 0.452956 0.363305 -0.814150
vn 0.328709 0.488906 -0.808036
vn 0.172638 0.569234 -0.803847
vn -0.000004 0.596826 -0.802371
vn -0.172638 0.569230 -0.803849
vn -0.328721 0.488911 -0.808028
vn -0.452966 0.363313 -0.814141
vn -0.532827 0.204475 -0.821149
vn -0.560052 0.028131 -0.827980
vn -0.184642 -0.103348 -0.977357
vn -0.217001 -0.038611 -0.975407
vn -0.134244 -0.154833 -0.978777
vn -0.070629 -0.187968 -0.979632
vn -0.036076 -0.199225 -0.979290
vn 0.070615 -0.187961 -0.979635
vn 0.036087 -0.199228 -0.979289
vn 0.134237 -0.154812 -0.978782
vn 0.184653 -0.103355 -0.977354
vn 0.217019 -0.038621 -0.975403
vn 0.228214 0.033107 -0.973048
vn 0.217279 0.104882 -0.970458
vn 0.185085 0.169817 -0.967939
vn 0.134652 0.221518 -0.965815
vn 0.070868 0.254834 -0.964384
vn -0.000001 0.266318 -0.963885
vn -0.070867 0.254828 -0.964386
vn -0.134657 0.221528 -0.965812
vn -0.185071 0.169808 -0.967943
vn -0.217253 0.104878 -0.970465
vn -0.228206 0.033099 -0.973050
vn -0.064490 -0.013662 -0.997825
vn -0.075753 0.008924 -0.997087
vn -0.046903 -0.031648 -0.998398
vn -0.024738 -0.043352 -0.998754
vn -0.012616 -0.047319 -0.998800
vn 0.024722 -0.043363 -0.998753
vn 0.012627 -0.047309 -0.998800
vn 0.046923 -0.031654 -0.998397
vn 0.064485 -0.013655 -0.997825
vn 0.075752 0.008920 -0.997087
vn 0.079606 0.033928 -0.996249
vn 0.075828 0.058927 -0.995378
vn 0.064597 0.081546 -0.994574
vn 0.047009 0.099571 -0.993919
vn 0.024731 0.111171 -0.993494
vn 0.000007 0.115244 -0.993337
vn -0.024740 0.111175 -0.993493
vn -0.047005 0.099567 -0.993920
vn -0.064602 0.081553 -0.994573
vn -0.075835 0.058938 -0.995377
vn -0.079612 0.033916 -0.996249
vn 0.193885 0.177173 -0.964893
vn 0.342527 0.284824 -0.895294
vn 0.403184 0.164567 -0.900200
vn 0.228053 0.108879 -0.967542
vn 0.140751 0.231226 -0.962665
vn 0.248436 0.379770 -0.891097
vn 0.073944 0.265821 -0.961182
vn 0.130442 0.440439 -0.888256
vn 0.037963 0.277417 -0.959999
vn 0.066739 0.460246 -0.885279
vn -0.073933 0.265837 -0.961179
vn -0.130432 0.440430 -0.888262
vn -0.066736 0.460233 -0.885286
vn -0.037987 0.277431 -0.959994
vn -0.140742 0.231222 -0.962667
vn -0.248443 0.379774 -0.891094
vn -0.193877 0.177164 -0.964896
vn -0.342557 0.284848 -0.895275
vn -0.228063 0.108858 -0.967542
vn -0.403150 0.164555 -0.900218
vn -0.239906 0.033073 -0.970232
vn -0.423916 0.030908 -0.905174
vn -0.228019 -0.042733 -0.972718
vn -0.402666 -0.102604 -0.909578
vn -0.193740 -0.110952 -0.974759
vn -0.341770 -0.222503 -0.913064
vn -0.140480 -0.164787 -0.976274
vn -0.247647 -0.316976 -0.915531
vn -0.073727 -0.199173 -0.977187
vn -0.129925 -0.377237 -0.916958
vn -0.000013 -0.211099 -0.977465
vn 0.000000 -0.397931 -0.917415
vn 0.073746 -0.199164 -0.977187
vn 0.129925 -0.377238 -0.916957
vn 0.140486 -0.164795 -0.976272
vn 0.247645 -0.316971 -0.915534
vn 0.193733 -0.110966 -0.974758
vn 0.341746 -0.222487 -0.913077
vn 0.228035 -0.042739 -0.972714
vn 0.402677 -0.102615 -0.909572
vn 0.239898 0.033066 -0.970235
vn 0.423927 0.030909 -0.905169
vn 0.598413 0.465849 -0.651833
vn 0.705190 0.256386 -0.661040
vn 0.433404 0.630566 -0.643853
vn 0.227239 0.735331 -0.638475
vn 0.115526 0.766078 -0.632281
vn -0.227257 0.735335 -0.638464
vn -0.115520 0.766083 -0.632275
vn -0.433404 0.630563 -0.643857
vn -0.598423 0.465863 -0.651814
vn -0.705171 0.256389 -0.661058
vn -0.741761 0.022977 -0.670271
vn -0.704137 -0.210135 -0.678258
vn -0.596798 -0.418865 -0.684386
vn -0.431811 -0.582680 -0.688493
vn -0.226293 -0.686764 -0.690759
vn 0.000011 -0.722313 -0.691566
vn 0.226267 -0.686758 -0.690773
vn 0.431808 -0.582680 -0.688495
vn 0.596792 -0.418840 -0.684407
vn 0.704135 -0.210137 -0.678260
vn 0.741760 0.022980 -0.670272
vn 0.778030 0.583949 -0.231676
vn 0.918340 0.312397 -0.243021
vn 0.562407 0.796411 -0.222323
vn 0.294461 0.930879 -0.216235
vn 0.148763 0.965949 -0.211689
vn -0.294460 0.930882 -0.216221
vn -0.148758 0.965948 -0.211695
vn -0.562407 0.796413 -0.222315
vn -0.778027 0.583953 -0.231676
vn -0.918339 0.312401 -0.243021
vn -0.966886 0.008778 -0.255057
vn -0.917729 -0.294671 -0.266350
vn -0.777053 -0.565784 -0.275821
vn -0.561447 -0.777706 -0.282755
vn -0.293872 -0.911739 -0.287005
vn 0.000005 -0.957486 -0.288478
vn 0.293874 -0.911733 -0.287021
vn 0.561440 -0.777713 -0.282751
vn 0.777063 -0.565770 -0.275821
vn 0.917728 -0.294673 -0.266352
vn 0.966886 0.008778 -0.255058
vn 0.777061 0.565770 0.275826
vn 0.917728 0.294672 0.266351
vn 0.561441 0.777701 0.282782
vn 0.293873 0.911721 0.287059
vn 0.148429 0.946884 0.285270
vn -0.293868 0.911728 0.287043
vn -0.148425 0.946883 0.285277
vn -0.561448 0.777696 0.282781
vn -0.777052 0.565784 0.275822
vn -0.917729 0.294672 0.266350
vn -0.966895 -0.008780 0.255024
vn -0.918330 -0.312395 0.243062
vn -0.778023 -0.583958 0.231674
vn -0.562407 -0.796402 0.222358
vn -0.294458 -0.930897 0.216162
vn -0.000005 -0.976811 0.214103
vn 0.294475 -0.930888 0.216174
vn 0.562398 -0.796407 0.222359
vn 0.778030 -0.583948 0.231678
vn 0.918329 -0.312401 0.243057
vn 0.966895 -0.008771 0.255024
vn 0.596815 0.418866 0.684370
vn 0.704140 0.210141 0.678253
vn 0.431810 0.582680 0.688494
vn 0.226268 0.686712 0.690818
vn 0.114968 0.717559 0.686944
vn -0.226276 0.686715 0.690813
vn -0.114972 0.717560 0.686942
vn -0.431814 0.582681 0.688490
vn -0.596825 0.418883 0.684352
vn -0.704135 0.210140 0.678258
vn -0.741752 -0.022976 0.670280
vn -0.705149 -0.256383 0.661084
vn -0.598423 -0.465865 0.651813
vn -0.433426 -0.630583 0.643822
vn -0.227263 -0.735368 0.638424
vn -0.000005 -0.771221 0.636568
vn 0.227255 -0.735357 0.638440
vn 0.433429 -0.630584 0.643819
vn 0.598413 -0.465849 0.651834
vn 0.705142 -0.256382 0.661092
vn 0.741750 -0.022977 0.670283
vn 0.341749 0.222494 0.913074
vn 0.402671 0.102609 0.909576
vn 0.247653 0.316982 0.915528
vn 0.129954 0.377295 0.916930
vn 0.066453 0.397053 0.915387
vn -0.129958 0.377291 0.916931
vn -0.066442 0.397062 0.915384
vn -0.247642 0.316983 0.915530
vn -0.341775 0.222506 0.913061
vn -0.402675 0.102606 0.909574
vn -0.423914 -0.030902 0.905175
vn -0.403192 -0.164576 0.900195
vn -0.342598 -0.284866 0.895253
vn -0.248476 -0.379824 0.891063
vn -0.130422 -0.440415 0.888271
vn 0.000003 -0.461256 0.887267
vn 0.130410 -0.440417 0.888271
vn 0.248484 -0.379820 0.891062
vn 0.342577 -0.284847 0.895267
vn 0.403206 -0.164579 0.900188
vn 0.423920 -0.030913 0.905172
vn 0.078290 0.024486 0.996630
vn 0.092443 -0.003060 0.995713
vn 0.056632 0.046103 0.997330
vn 0.029668 0.059837 0.997767
vn 0.015271 0.064485 0.997802
vn -0.029680 0.059834 0.997767
vn -0.015259 0.064470 0.997803
vn -0.056630 0.046104 0.997330
vn -0.078290 0.024496 0.996630
vn -0.092424 -0.003068 0.995715
vn -0.097399 -0.033884 0.994668
vn -0.092504 -0.064707 0.993608
vn -0.078480 -0.092383 0.992626
vn -0.056785 -0.114069 0.991849
vn -0.029747 -0.127854 0.991347
vn -0.000002 -0.132550 0.991176
vn 0.029747 -0.127848 0.991348
vn 0.056781 -0.114067 0.991849
vn 0.078481 -0.092374 0.992627
vn 0.092514 -0.064724 0.993606
vn 0.097403 -0.033873 0.994668
vn -0.185072 -0.169808 0.967943
vn -0.217261 -0.104872 0.970464
vn -0.134651 -0.221538 0.965811
vn -0.070865 -0.254874 0.964374
vn -0.036217 -0.266137 0.963255
vn 0.070872 -0.254867 0.964376
vn 0.036200 -0.266139 0.963255
vn 0.134641 -0.221527 0.965815
vn 0.185085 -0.169816 0.967939
vn 0.217279 -0.104882 0.970458
vn 0.228268 -0.033093 0.973036
vn 0.217031 0.038626 0.975400
vn 0.184663 0.103363 0.977351
vn 0.134245 0.154834 0.978777
vn 0.070623 0.187948 0.979637
vn 0.000001 0.199360 0.979926
vn -0.070624 0.187948 0.979637
vn -0.134246 0.154836 0.978777
vn -0.184652 0.103356 0.977354
vn -0.217016 0.038622 0.975404
vn -0.228271 -0.033098 0.973035
vn -0.452966 -0.363313 0.814141
vn -0.532797 -0.204460 0.821172
vn -0.328718 -0.488905 0.808032
vn -0.172637 -0.569265 0.803824
vn -0.088018 -0.594539 0.799235
vn 0.172648 -0.569273 0.803817
vn 0.088006 -0.594532 0.799241
vn 0.328702 -0.488908 0.808037
vn 0.452957 -0.363299 0.814152
vn 0.532812 -0.204467 0.821160
vn 0.560092 -0.028121 0.827953
vn 0.531939 0.147966 0.833755
vn 0.451539 0.306142 0.838087
vn 0.327321 0.430937 0.840925
vn 0.171781 0.510649 0.842454
vn 0.000009 0.537954 0.842975
vn -0.171796 0.510636 0.842459
vn -0.327333 0.430951 0.840913
vn -0.451549 0.306147 0.838079
vn -0.531909 0.147967 0.833774
vn -0.560045 -0.028128 0.827985
vn -0.695310 -0.531957 0.483286
vn -0.819946 -0.288663 0.494330
vn -0.503073 -0.722750 0.473867
vn -0.263568 -0.843787 0.467499
vn -0.133666 -0.877231 0.461084
vn 0.263577 -0.843782 0.467503
vn 0.133665 -0.877232 0.461082
vn 0.503083 -0.722765 0.473833
vn 0.695291 -0.531954 0.483318
vn 0.819912 -0.288668 0.494383
vn 0.862781 -0.017133 0.505287
vn 0.818766 0.254048 0.514860
vn 0.693440 0.496482 0.522156
vn 0.501247 0.686253 0.527074
vn 0.262466 0.806424 0.529898
vn -0.000003 0.847517 0.530768
vn -0.262445 0.806430 0.529900
vn -0.501242 0.686230 0.527110
vn -0.693467 0.496483 0.522120
vn -0.818803 0.254056 0.514799
vn -0.862762 -0.017133 0.505320
vn -0.000000 0.129322 0.991603
vn 0.014597 0.129107 0.991523
vn 0.011698 0.117945 0.992951
vn -0.000000 0.118551 0.992948
vn -0.204968 0.128717 0.970268
vn -0.014597 0.129106 0.991523
vn -0.011698 0.117945 0.992951
vn -0.184301 0.114377 0.976192
vn 0.206590 0.131093 0.969606
vn 0.619058 0.117724 0.776472
vn 0.590059 0.099561 0.801198
vn 0.188412 0.117941 0.974982
vn -0.618773 0.112355 0.777493
vn -0.589727 0.092381 0.802302
vn 0.928843 0.074247 0.362958
vn 0.914552 0.051015 0.401238
vn -0.812822 0.091020 0.575358
vn -0.793317 0.070135 0.604755
vn 0.997851 0.021103 -0.062033
vn 0.999590 -0.002189 -0.028534
vn -0.985402 0.024262 0.168506
vn -0.999568 -0.001220 -0.029375
vn -0.997824 0.018876 -0.063173
vn -0.988834 0.044649 0.142174
vn 0.870909 -0.036872 -0.490060
vn 0.894918 -0.051641 -0.443232
vn -0.894912 -0.051645 -0.443244
vn -0.870908 -0.036874 -0.490061
vn 0.526869 -0.085796 -0.845605
vn 0.589821 -0.093353 -0.802120
vn -0.589818 -0.093354 -0.802122
vn -0.526873 -0.085795 -0.845603
vn 0.164022 -0.106212 -0.980722
vn 0.212854 -0.114133 -0.970395
vn -0.212854 -0.114133 -0.970395
vn -0.164023 -0.106212 -0.980722
vn 0.013296 -0.108426 -0.994016
vn 0.022503 -0.118720 -0.992673
vn -0.013258 -0.108383 -0.994021
vn -0.022498 -0.118754 -0.992669
vn -0.000007 -0.119013 -0.992893
vn -0.000035 -0.108397 -0.994108
vn -0.003879 0.107992 0.994144
vn -0.128565 0.107863 0.985818
vn -0.506831 0.089290 0.857408
vn -0.734835 0.063714 0.675247
vn -0.999484 -0.032075 0.001904
vn -0.977593 -0.005885 0.210420
vn -0.903469 -0.080632 -0.421001
vn -0.602518 -0.117342 -0.789432
vn -0.211851 -0.130035 -0.968612
vn 0.000023 -0.129804 -0.991540
vn -0.020184 -0.129993 -0.991309
vn 0.020161 -0.130019 -0.991307
vn 0.211851 -0.130035 -0.968612
vn 0.602521 -0.117341 -0.789430
vn 0.903477 -0.080628 -0.420985
vn 0.999484 -0.032075 0.001877
vn 0.883221 0.021659 0.468456
vn 0.506302 0.070850 0.859441
vn 0.135190 0.098933 0.985868
vn 0.003879 0.107992 0.994144
vn 0.000000 0.107905 0.994161
vn -0.000783 0.999878 0.015573
vn 0.020702 0.998757 -0.045337
vn 0.307596 0.924157 0.226536
vn -0.293215 0.900642 0.320732
vn -0.000000 0.998434 -0.055950
vn -0.020702 0.998757 -0.045337
vn -0.284363 0.933811 0.217105
vn 0.002857 0.996311 -0.085763
vn -0.083486 0.986599 -0.140190
vn -0.051827 0.994498 -0.091035
vn 0.278668 0.899256 0.337170
vn 0.021441 0.999672 -0.014036
vn 0.012988 0.995092 -0.098100
vn 0.075220 0.996405 -0.038985
vn -0.027342 0.995481 -0.090939
vn -0.054343 0.995438 -0.078419
vn 0.060376 0.993715 -0.094265
vn 0.053052 0.991954 -0.114950
vn -0.013699 0.991969 -0.125738
vn -0.026921 0.992886 -0.115983
vn 0.017311 0.994935 -0.099021
vn 0.012979 0.993875 -0.109747
vn -0.037551 0.988738 -0.144873
vn -0.040467 0.985123 -0.167019
vn 0.054940 0.982625 -0.177282
vn 0.026937 0.989515 -0.141899
vn -0.019723 0.978797 -0.203881
vn -0.037221 0.972843 -0.228456
vn 0.040204 0.970001 -0.239752
vn 0.016079 0.979450 -0.201044
vn -0.212669 0.799354 -0.561966
vn -0.012256 0.964263 -0.264662
vn 0.211994 0.799646 -0.561806
vn 0.011365 0.963724 -0.266657
vn -0.020844 0.972096 -0.233653
vn 0.177321 0.874556 -0.451341
vn -0.003657 0.976871 -0.213797
vn 0.000000 0.959039 -0.283275
vn 0.020844 0.972097 -0.233653
vn -0.172678 0.874031 -0.454150
vn -0.462876 0.845825 -0.265191
vn 0.462722 0.845968 -0.265004
vn -0.539802 0.832537 -0.124486
vn 0.539760 0.832581 -0.124372
vn -0.518992 0.854734 -0.008827
vn 0.513832 0.857323 -0.031218
vn 0.642564 0.752015 -0.146917
vn -0.001636 0.992791 -0.119848
vn -0.641591 0.754653 -0.137330
vn 0.995326 0.056726 -0.078158
vn 0.801328 0.140984 0.581376
vn -0.932298 -0.359760 0.037315
vn -0.963953 -0.266074 -0.000393
vn -0.709116 -0.083103 0.700177
vn -0.774119 -0.217736 0.594416
vn 0.442245 -0.529541 0.723882
vn 0.605942 -0.438222 0.663924
vn 0.805132 -0.588226 0.075846
vn 0.606814 -0.791458 0.073290
vn -0.611155 -0.415819 0.673486
vn -0.805129 -0.588230 0.075852
vn 0.629251 0.196922 -0.751841
vn -0.611309 -0.282996 -0.739063
vn -0.777272 -0.337319 -0.531097
vn 0.585103 -0.558995 -0.587519
vn 0.440015 -0.611617 -0.657504
vn -0.600832 -0.526798 -0.601236
vn 0.004754 -0.995385 0.095849
vn 0.017929 -0.994130 0.106695
vn 0.075187 -0.982030 0.173100
vn 0.016753 -0.988277 0.151752
vn -0.016782 -0.992961 0.117248
vn -0.005441 -0.995183 0.097887
vn -0.018689 -0.988791 0.148135
vn -0.025976 -0.988021 0.152116
vn -0.006561 -0.998847 0.047555
vn -0.034733 -0.996327 0.078270
vn 0.007710 -0.999079 0.042210
vn -0.006730 -0.998584 0.052774
vn 0.000215 -0.988269 0.152722
vn 0.001815 -0.994888 0.100965
vn 0.003384 -0.995161 0.098204
vn 0.002102 -0.988498 0.151221
vn 0.014170 -0.999007 0.042246
vn -0.007931 -0.998784 0.048651
vn -0.003945 -0.993964 0.109636
vn 0.019563 -0.997721 0.064569
vn -0.036106 -0.997475 0.061158
vn -0.008448 -0.993654 0.112159
vn -0.011946 -0.987475 0.157320
vn 0.005247 -0.987063 0.160246
vn 0.004921 -0.984437 0.175670
vn 0.007670 -0.990044 0.140547
vn 0.010989 -0.994679 0.102436
vn -0.625217 0.187598 -0.757569
vn -0.996850 0.042457 -0.066986
vn -0.999249 0.012961 -0.036516
vn -0.697451 -0.029837 -0.716011
vn -0.767641 0.092507 0.634168
vn -0.783719 0.133638 0.606568
vn 0.932296 -0.359766 0.037321
vn 0.963950 -0.266083 -0.000386
vn 0.541790 -0.103794 -0.834081
vn 0.729990 -0.369654 -0.574866
vn 0.672322 0.015981 0.740086
vn 0.749833 -0.234227 0.618780
vn 0.460907 0.198969 0.864856
vn 0.329590 0.111055 0.937570
vn -0.485774 0.214953 0.847242
vn -0.464980 -0.497879 0.732059
vn -0.599962 -0.792225 0.111467
vn -0.476998 -0.491991 -0.728297
vn -0.264266 0.016452 0.964310
vn -0.348443 -0.030599 0.936830
vn 0.371960 -0.076353 0.925103
vn 0.337999 0.072207 0.938373
vn -0.322668 -0.144977 0.935343
vn 0.298248 -0.153984 0.941986
vn -0.222434 -0.150997 0.963184
vn 0.163287 -0.112497 0.980144
vn -0.162757 -0.447100 0.879552
vn -0.320941 -0.914779 0.245309
vn 0.236355 -0.443902 0.864342
vn 0.325394 -0.923612 0.202630
vn -0.299861 -0.850992 -0.431156
vn 0.308243 -0.876110 -0.370699
vn -0.065560 -0.011243 0.997785
vn 0.060585 0.041294 0.997309
vn 0.005158 -0.966952 0.254908
vn 0.015625 -0.455936 0.889875
vn -0.012103 -0.878638 -0.477335
vn 0.010466 0.079407 0.996787
vn 0.960737 0.183202 0.208376
vn 0.933839 -0.025071 0.356814
vn -0.960737 0.183206 0.208374
vn 0.940312 0.228421 0.252264
vn 0.880085 0.368618 0.299284
vn 0.712347 0.368156 0.597514
vn 0.797396 0.246698 0.550727
vn -0.876173 0.365945 0.313697
vn -0.933099 0.251867 0.256690
vn -0.809506 0.288923 0.511101
vn -0.731553 0.379520 0.566387
vn 0.748501 0.582415 0.317079
vn 0.570274 0.523934 0.632678
vn -0.750154 0.574216 0.327939
vn -0.591671 0.517828 0.617883
vn 0.574273 0.756459 0.313018
vn 0.456419 0.643926 0.614037
vn -0.573924 0.759357 0.306574
vn -0.464894 0.633068 0.618949
vn 0.981153 0.180088 -0.070054
vn 0.996081 -0.053927 -0.070097
vn -0.981153 0.180088 -0.070051
vn 0.976286 0.205119 -0.069218
vn 0.937572 0.336815 -0.086686
vn -0.937405 0.338121 -0.083339
vn -0.976266 0.207472 -0.062133
vn 0.802744 0.588814 -0.094346
vn -0.804002 0.587235 -0.093466
vn 0.628903 0.769807 -0.108987
vn -0.625523 0.773591 -0.101385
vn 0.933239 0.144374 -0.328971
vn 0.925368 -0.057197 -0.374731
vn -0.933239 0.144379 -0.328968
vn 0.900699 0.204254 -0.383434
vn 0.827194 0.244616 -0.505878
vn -0.822431 0.277196 -0.496758
vn -0.926208 0.156047 -0.343202
vn 0.723539 0.476226 -0.499700
vn -0.714646 0.475880 -0.512658
vn 0.552355 0.699413 -0.453570
vn -0.558891 0.685654 -0.466391
vn 0.477474 0.118179 -0.870662
vn 0.464380 -0.044111 -0.884537
vn -0.477479 0.118175 -0.870660
vn 0.533826 0.103451 -0.839242
vn 0.185032 -0.053344 -0.981284
vn -0.135166 -0.083134 -0.987329
vn -0.455503 0.016885 -0.890074
vn 0.183754 0.027168 -0.982597
vn -0.208707 0.029326 -0.977538
vn 0.166689 0.184189 -0.968653
vn -0.239067 0.204898 -0.949138
vn 0.081473 0.125197 -0.988781
vn -0.035527 0.176795 -0.983606
vn -0.022208 0.254901 -0.966712
vn 0.294731 0.779411 0.552858
vn 0.321275 0.896203 0.305946
vn -0.293157 0.767536 0.570042
vn -0.328809 0.898735 0.290103
vn 0.004489 0.968004 0.250893
vn 0.020552 0.878346 0.477583
vn 0.363565 0.927571 -0.086212
vn -0.368024 0.926760 -0.075328
vn -0.002616 0.997021 -0.077091
vn 0.323298 0.834668 -0.445879
vn -0.006839 0.914288 -0.405008
vn -0.313325 0.834587 -0.453092
vn 0.779932 0.098375 0.618084
vn -0.346921 0.133369 0.928363
vn -0.933840 -0.025072 0.356810
vn -0.996081 -0.053926 -0.070101
vn -0.925370 -0.057191 -0.374725
vn -0.464386 -0.044108 -0.884534
vn 0.713391 -0.055299 -0.698581
vn 0.999019 -0.010404 -0.043052
vn -0.000000 0.129322 -0.991603
vn -0.000000 0.118551 -0.992948
vn 0.011698 0.117946 -0.992951
vn 0.014597 0.129107 -0.991523
vn -0.204968 0.128717 -0.970268
vn -0.184301 0.114377 -0.976192
vn -0.011698 0.117946 -0.992951
vn -0.014597 0.129107 -0.991523
vn 0.206590 0.131093 -0.969606
vn 0.188412 0.117941 -0.974982
vn 0.590059 0.099561 -0.801198
vn 0.619058 0.117724 -0.776472
vn -0.618773 0.112355 -0.777493
vn -0.589727 0.092381 -0.802302
vn 0.914552 0.051015 -0.401238
vn 0.928843 0.074247 -0.362958
vn -0.929159 0.069151 -0.363154
vn -0.916049 0.048602 -0.398111
vn 0.999590 -0.002189 0.028534
vn 0.997851 0.021103 0.062033
vn -0.997824 0.018876 0.063173
vn -0.999568 -0.001220 0.029375
vn 0.870909 -0.036872 0.490060
vn 0.894918 -0.051641 0.443232
vn -0.870908 -0.036874 0.490061
vn -0.894912 -0.051645 0.443244
vn 0.526869 -0.085796 0.845605
vn 0.589821 -0.093353 0.802120
vn -0.710893 -0.066832 0.700118
vn -0.766794 -0.074739 0.637528
vn 0.164022 -0.106212 0.980722
vn 0.212854 -0.114133 0.970395
vn -0.377957 -0.106494 0.919678
vn -0.306345 -0.100381 0.946613
vn -0.164023 -0.106212 0.980722
vn -0.212854 -0.114133 0.970395
vn 0.013296 -0.108426 0.994016
vn 0.022503 -0.118720 0.992673
vn -0.013258 -0.108383 0.994021
vn -0.000035 -0.108397 0.994108
vn -0.000007 -0.119013 0.992893
vn -0.022498 -0.118754 0.992669
vn -0.128565 0.107863 -0.985818
vn -0.003879 0.107993 -0.994144
vn -0.506831 0.089290 -0.857408
vn -0.886535 0.030354 -0.461666
vn -0.999484 -0.032075 -0.001904
vn -0.903469 -0.080632 0.421001
vn -0.776794 -0.101947 0.621448
vn -0.211851 -0.130035 0.968612
vn -0.372893 -0.126234 0.919247
vn 0.000023 -0.129804 0.991540
vn -0.020184 -0.129993 0.991309
vn 0.211851 -0.130035 0.968612
vn 0.020161 -0.130019 0.991307
vn 0.602521 -0.117341 0.789430
vn 0.903477 -0.080628 0.420985
vn 0.999484 -0.032075 -0.001877
vn 0.883221 0.021659 -0.468456
vn 0.506302 0.070851 -0.859441
vn 0.135190 0.098933 -0.985868
vn 0.000000 0.107905 -0.994161
vn 0.003879 0.107993 -0.994144
vn -0.000783 0.999878 -0.015573
vn -0.293215 0.900642 -0.320732
vn 0.307596 0.924157 -0.226536
vn 0.020702 0.998757 0.045337
vn -0.000000 0.998434 0.055950
vn 0.002857 0.996311 0.085763
vn -0.284363 0.933811 -0.217105
vn -0.020702 0.998757 0.045337
vn -0.051827 0.994498 0.091035
vn -0.083486 0.986599 0.140190
vn 0.278668 0.899256 -0.337169
vn 0.075220 0.996405 0.038985
vn 0.012988 0.995092 0.098100
vn 0.021441 0.999672 0.014036
vn -0.054343 0.995438 0.078419
vn -0.027342 0.995481 0.090939
vn 0.053052 0.991954 0.114950
vn 0.060376 0.993715 0.094265
vn -0.013699 0.991969 0.125738
vn -0.026921 0.992886 0.115983
vn 0.017311 0.994935 0.099021
vn 0.012979 0.993875 0.109747
vn -0.040467 0.985123 0.167019
vn -0.037551 0.988737 0.144873
vn 0.026937 0.989515 0.141899
vn 0.054940 0.982625 0.177282
vn -0.019723 0.978797 0.203881
vn -0.037221 0.972843 0.228456
vn 0.040204 0.970001 0.239752
vn 0.016079 0.979450 0.201044
vn -0.012256 0.964263 0.264662
vn -0.212669 0.799354 0.561966
vn 0.211994 0.799646 0.561806
vn 0.011365 0.963724 0.266657
vn -0.020844 0.972096 0.233654
vn 0.000000 0.959039 0.283275
vn -0.003657 0.976871 0.213797
vn 0.177321 0.874556 0.451341
vn 0.020844 0.972097 0.233653
vn -0.172678 0.874031 0.454151
vn -0.462876 0.845825 0.265191
vn 0.462722 0.845968 0.265004
vn -0.539802 0.832537 0.124486
vn 0.539760 0.832581 0.124372
vn -0.518992 0.854734 0.008827
vn 0.513832 0.857323 0.031218
vn -0.001636 0.992791 0.119848
vn 0.642564 0.752015 0.146917
vn -0.641591 0.754653 0.137330
vn 0.827244 0.182587 -0.531346
vn 0.993578 0.100380 0.052213
vn -0.932298 -0.359760 -0.037315
vn -0.774119 -0.217736 -0.594416
vn -0.739923 -0.001365 -0.672691
vn -0.991538 -0.128485 0.018560
vn 0.442245 -0.529541 -0.723882
vn 0.606814 -0.791458 -0.073290
vn 0.805132 -0.588226 -0.075846
vn 0.605942 -0.438222 -0.663924
vn -0.805129 -0.588230 -0.075852
vn -0.611155 -0.415819 -0.673486
vn 0.637654 0.348550 0.686957
vn -0.972377 -0.162789 0.167279
vn -0.922990 -0.378431 0.069859
vn 0.578573 -0.814118 0.049644
vn 0.785754 -0.615681 0.059389
vn -0.785752 -0.615684 0.059389
vn 0.004754 -0.995385 -0.095849
vn 0.016753 -0.988277 -0.151752
vn 0.075187 -0.982030 -0.173100
vn 0.017929 -0.994130 -0.106695
vn -0.016782 -0.992961 -0.117248
vn -0.025976 -0.988021 -0.152116
vn -0.018689 -0.988791 -0.148135
vn -0.005441 -0.995183 -0.097887
vn -0.034733 -0.996327 -0.078270
vn -0.006561 -0.998847 -0.047556
vn 0.007710 -0.999079 -0.042210
vn -0.006730 -0.998584 -0.052774
vn 0.001815 -0.994888 -0.100965
vn 0.000215 -0.988269 -0.152722
vn 0.002102 -0.988498 -0.151221
vn 0.003384 -0.995161 -0.098204
vn 0.014170 -0.999007 -0.042247
vn -0.007931 -0.998784 -0.048651
vn -0.003945 -0.993964 -0.109636
vn 0.019563 -0.997721 -0.064569
vn -0.036106 -0.997475 -0.061158
vn -0.008448 -0.993654 -0.112159
vn -0.011946 -0.987475 -0.157320
vn 0.005247 -0.987063 -0.160246
vn 0.007670 -0.990044 -0.140547
vn 0.004921 -0.984437 -0.175670
vn 0.010989 -0.994679 -0.102436
vn -0.972457 -0.071587 0.221817
vn -0.996674 -0.011921 0.080612
vn -0.755541 0.102519 -0.647030
vn 0.932296 -0.359766 -0.037321
vn 0.922990 -0.378430 0.069856
vn 0.972800 -0.183105 0.141887
vn 0.989879 -0.140234 0.021775
vn 0.726861 0.055658 -0.684526
vn 0.749833 -0.234227 -0.618780
vn 0.383892 0.147633 -0.911500
vn 0.510495 0.212301 -0.833261
vn -0.448662 0.232561 -0.862912
vn -0.599962 -0.792225 -0.111467
vn -0.464980 -0.497879 -0.732059
vn -0.558863 -0.824916 0.084765
vn 0.271541 0.226402 -0.935418
vn -0.276403 0.212912 -0.937160
vn -0.385189 0.190616 -0.902937
vn 0.177258 0.251266 -0.951549
vn -0.205313 0.242354 -0.948215
vn 0.159073 0.317393 -0.934857
vn -0.193974 0.325354 -0.925483
vn -0.320941 -0.914779 -0.245309
vn -0.162757 -0.447099 -0.879552
vn 0.236355 -0.443902 -0.864342
vn 0.325394 -0.923612 -0.202630
vn -0.318392 -0.947685 -0.022802
vn 0.245792 -0.966191 -0.077859
vn 0.148994 0.478746 -0.865219
vn -0.148197 0.490316 -0.858853
vn 0.005158 -0.966952 -0.254908
vn 0.015625 -0.455936 -0.889875
vn 0.000284 -0.996583 -0.082593
vn 0.018393 0.606853 -0.794602
vn 0.946074 0.105124 -0.306420
vn 0.973028 0.011103 -0.230421
vn -0.922941 0.339173 -0.182050
vn 0.880085 0.368618 -0.299284
vn -0.876173 0.365945 -0.313697
vn -0.943747 0.116954 -0.309296
vn 0.748501 0.582415 -0.317079
vn -0.750154 0.574216 -0.327939
vn 0.574273 0.756459 -0.313018
vn -0.573924 0.759358 -0.306574
vn 0.995647 0.061193 0.070296
vn 0.997646 -0.043958 0.052639
vn -0.922704 0.376503 0.082836
vn 0.937572 0.336815 0.086686
vn -0.937405 0.338121 0.083339
vn -0.995799 0.062246 0.067148
vn 0.802744 0.588814 0.094346
vn -0.804002 0.587235 0.093466
vn 0.628903 0.769807 0.108987
vn -0.625523 0.773591 0.101386
vn 0.920114 0.083320 0.382685
vn 0.950693 -0.020744 0.309439
vn -0.888969 0.307499 0.339381
vn 0.827194 0.244616 0.505878
vn -0.822431 0.277196 0.496758
vn -0.931214 0.057892 0.359846
vn 0.723539 0.476226 0.499700
vn -0.714646 0.475880 0.512658
vn 0.552355 0.699413 0.453570
vn -0.558891 0.685653 0.466391
vn 0.499009 0.025769 0.866214
vn 0.447794 -0.017973 0.893956
vn -0.495332 0.232931 0.836893
vn 0.185032 -0.053344 0.981284
vn -0.135166 -0.083134 0.987329
vn -0.460379 -0.015094 0.887594
vn 0.183754 0.027168 0.982597
vn -0.208707 0.029326 0.977538
vn 0.166689 0.184189 0.968653
vn -0.239067 0.204898 0.949138
vn -0.160099 -0.107693 0.981209
vn -0.036689 0.012533 0.999248
vn -0.411083 -0.202389 0.888847
vn 0.064723 0.044181 0.996925
vn 0.285328 -0.239707 0.927970
vn -0.258503 -0.293331 0.920398
vn 0.239293 -0.351627 0.905040
vn -0.279610 -0.118370 0.952789
vn 0.246538 -0.336114 0.908981
vn 0.081473 0.125197 0.988781
vn -0.189856 -0.485546 0.853346
vn 0.293431 -0.505461 0.811423
vn -0.035527 0.176795 0.983606
vn -0.022208 0.254901 0.966712
vn -0.019715 -0.542263 0.839978
vn 0.321275 0.896203 -0.305946
vn -0.328809 0.898735 -0.290103
vn 0.004489 0.968004 -0.250893
vn 0.363565 0.927571 0.086212
vn -0.368024 0.926760 0.075328
vn -0.002616 0.997021 0.077091
vn 0.323298 0.834668 0.445879
vn -0.006839 0.914288 0.405008
vn -0.313325 0.834587 0.453092
vn -0.806832 0.161294 -0.568337
vn 0.408948 0.184722 -0.893666
vn 0.922943 0.339165 -0.182052
vn 0.922703 0.376506 0.082841
vn 0.888970 0.307494 0.339380
vn 0.495325 0.232938 0.836895
vn -0.637642 0.348563 0.686962
vn -0.993581 0.100358 0.052208
vn -0.522488 0.196653 -0.829659
vn 0.767062 0.092813 -0.634824
vn -0.973028 0.011103 -0.230418
vn -0.997646 -0.043954 0.052640
vn -0.950695 -0.020739 0.309434
vn -0.447796 -0.017974 0.893955
vn 0.036689 0.012533 0.999248
vn 0.981000 -0.036743 0.190495
vn 0.994624 0.015515 0.102387
vn 0.000008 -0.809348 0.587329
vn 0.311095 -0.769175 0.558203
vn 0.311017 -0.903991 0.293376
vn 0.000003 -0.951168 0.308673
vn 0.000006 -0.588235 0.808690
vn 0.311212 -0.559013 0.768538
vn -0.000031 -0.309355 0.950947
vn 0.311449 -0.293923 0.903664
vn -0.000000 -0.000000 1.000000
vn 0.311372 -0.000012 0.950288
vn 0.000031 0.309355 0.950947
vn 0.311390 0.293959 0.903673
vn -0.000007 0.588234 0.808691
vn 0.311210 0.559000 0.768549
vn -0.000008 0.809351 0.587325
vn 0.311102 0.769173 0.558201
vn -0.000002 0.951168 0.308674
vn 0.311022 0.903988 0.293379
vn -0.000001 0.987717 0.156256
vn 0.307538 0.939848 0.148683
vn 0.307541 -0.939848 0.148675
vn 0.000001 -0.987718 0.156246
vn 0.591782 -0.652414 0.473444
vn 0.591684 -0.766804 0.248841
vn 0.591895 -0.474151 0.651799
vn 0.592055 -0.249317 0.766363
vn 0.592170 0.000008 0.805813
vn 0.592090 0.249308 0.766338
vn 0.591902 0.474142 0.651799
vn 0.591777 0.652418 0.473446
vn 0.591685 0.766804 0.248839
vn 0.586884 0.799725 0.126516
vn 0.586897 -0.799717 0.126511
vn 0.814001 -0.470116 0.341164
vn 0.813911 -0.552617 0.179342
vn 0.814119 -0.341577 0.469612
vn 0.814141 -0.179637 0.552182
vn 0.814180 0.000007 0.580613
vn 0.814133 0.179617 0.552201
vn 0.814124 0.341590 0.469594
vn 0.814006 0.470108 0.341163
vn 0.813914 0.552614 0.179335
vn 0.810448 0.578615 0.091533
vn 0.810448 -0.578615 0.091530
vn 0.954821 -0.240513 0.174556
vn 0.954794 -0.282747 0.091776
vn 0.954858 -0.174723 0.240245
vn 0.954862 -0.091892 0.282478
vn 0.954895 0.000007 0.296943
vn 0.954863 0.091879 0.282480
vn 0.954856 0.174734 0.240246
vn 0.954821 0.240513 0.174557
vn 0.954793 0.282750 0.091777
vn 0.953728 0.296978 0.046977
vn 0.953726 -0.296984 0.046978
vn 0.999876 0.012780 -0.009252
vn 0.999876 0.014995 -0.004858
vn 0.999875 0.009298 -0.012755
vn 0.999875 0.004905 -0.015035
vn 0.999875 -0.000003 -0.015793
vn 0.999875 -0.004899 -0.015036
vn 0.999875 -0.009303 -0.012756
vn 0.999876 -0.012779 -0.009253
vn 0.999876 -0.014994 -0.004855
vn 0.999872 -0.015774 -0.002497
vn 0.999872 0.015773 -0.002494
vn 0.945499 0.263552 -0.191236
vn 0.945477 0.309787 -0.100520
vn 0.945511 0.191534 -0.263292
vn 0.945555 0.100688 -0.309497
vn 0.945572 -0.000003 -0.325413
vn 0.945552 -0.100694 -0.309502
vn 0.945511 -0.191524 -0.263302
vn 0.945502 -0.263548 -0.191227
vn 0.945478 -0.309787 -0.100517
vn 0.944209 -0.325302 -0.051462
vn 0.944209 0.325301 -0.051456
vn 0.799024 0.486653 -0.353171
vn 0.798955 0.572017 -0.185653
vn 0.799155 0.353608 -0.486120
vn 0.799237 0.185925 -0.571535
vn 0.799230 0.000008 -0.601026
vn 0.799245 -0.185930 -0.571522
vn 0.799153 -0.353615 -0.486118
vn 0.799019 -0.486654 -0.353181
vn 0.798964 -0.572006 -0.185651
vn 0.795352 -0.598703 -0.094709
vn 0.795350 0.598705 -0.094708
vn 0.577044 0.661007 -0.479677
vn 0.576950 0.776894 -0.252119
vn 0.577228 0.480329 -0.660373
vn 0.577293 0.252577 -0.776491
vn 0.577277 0.000006 -0.816548
vn 0.577288 -0.252577 -0.776495
vn 0.577235 -0.480335 -0.660362
vn 0.577054 -0.660997 -0.479678
vn 0.576959 -0.776889 -0.252116
vn 0.572161 -0.810068 -0.128146
vn 0.572163 0.810067 -0.128146
vn 0.302164 0.771495 -0.559904
vn 0.302055 0.906727 -0.294294
vn 0.302161 0.560716 -0.770906
vn 0.302217 0.294857 -0.906490
vn 0.302315 -0.000008 -0.953208
vn 0.302214 -0.294848 -0.906494
vn 0.302163 -0.560706 -0.770913
vn 0.302164 -0.771501 -0.559896
vn 0.302053 -0.906728 -0.294293
vn 0.298621 -0.942650 -0.149119
vn 0.298620 0.942651 -0.149117
vn 0.155080 0.799516 -0.580279
vn 0.154970 0.939665 -0.304983
vn 0.154992 0.581101 -0.798936
vn 0.155043 0.305584 -0.939458
vn 0.155196 -0.000013 -0.987884
vn 0.155056 -0.305574 -0.939458
vn 0.154992 -0.581088 -0.798946
vn 0.155071 -0.799527 -0.580266
vn 0.154973 -0.939663 -0.304985
vn 0.153081 -0.976077 -0.154405
vn 0.153080 0.976077 -0.154404
vn -0.155071 0.799528 -0.580265
vn -0.302156 0.771504 -0.559896
vn -0.302045 0.906730 -0.294294
vn -0.154973 0.939663 -0.304985
vn -0.154983 0.581088 -0.798947
vn -0.302153 0.560710 -0.770914
vn -0.155054 0.305573 -0.939459
vn -0.302203 0.294849 -0.906497
vn -0.155196 0.000012 -0.987884
vn -0.302307 0.000008 -0.953210
vn -0.155045 -0.305584 -0.939457
vn -0.302212 -0.294857 -0.906492
vn -0.155001 -0.581100 -0.798935
vn -0.302155 -0.560716 -0.770909
vn -0.155079 -0.799516 -0.580279
vn -0.302156 -0.771497 -0.559906
vn -0.154970 -0.939665 -0.304983
vn -0.302047 -0.906730 -0.294295
vn -0.153080 -0.976077 -0.154404
vn -0.298612 -0.942653 -0.149117
vn -0.298613 0.942653 -0.149119
vn -0.153081 0.976076 -0.154405
vn -0.577046 0.661002 -0.479681
vn -0.576942 0.776899 -0.252121
vn -0.577228 0.480338 -0.660366
vn -0.577280 0.252579 -0.776500
vn -0.577270 -0.000006 -0.816554
vn -0.577286 -0.252577 -0.776496
vn -0.577220 -0.480332 -0.660378
vn -0.577037 -0.661011 -0.479680
vn -0.576951 -0.776893 -0.252119
vn -0.572156 -0.810072 -0.128147
vn -0.572143 0.810080 -0.128148
vn -0.799025 0.486647 -0.353177
vn -0.798964 0.572004 -0.185653
vn -0.799161 0.353609 -0.486109
vn -0.799255 0.185926 -0.571509
vn -0.799239 -0.000008 -0.601013
vn -0.799246 -0.185922 -0.571524
vn -0.799166 -0.353598 -0.486109
vn -0.799036 -0.486641 -0.353160
vn -0.798973 -0.571994 -0.185648
vn -0.795361 -0.598692 -0.094708
vn -0.795357 0.598696 -0.094706
vn -0.945501 0.263550 -0.191229
vn -0.945478 0.309786 -0.100517
vn -0.945512 0.191523 -0.263300
vn -0.945553 0.100693 -0.309500
vn -0.945572 0.000003 -0.325412
vn -0.945555 -0.100689 -0.309496
vn -0.945511 -0.191534 -0.263292
vn -0.945501 -0.263547 -0.191233
vn -0.945478 -0.309785 -0.100520
vn -0.944210 -0.325300 -0.051459
vn -0.944213 0.325291 -0.051457
vn -0.999875 0.012783 -0.009256
vn -0.999876 0.015000 -0.004857
vn -0.999875 0.009304 -0.012757
vn -0.999875 0.004900 -0.015040
vn -0.999875 0.000003 -0.015796
vn -0.999875 -0.004906 -0.015039
vn -0.999875 -0.009303 -0.012760
vn -0.999875 -0.012782 -0.009253
vn -0.999876 -0.014997 -0.004858
vn -0.999872 -0.015778 -0.002495
vn -0.999872 0.015777 -0.002497
vn -0.954819 -0.240518 0.174562
vn -0.954792 -0.282752 0.091777
vn -0.954854 -0.174738 0.240252
vn -0.954861 -0.091880 0.282485
vn -0.954893 -0.000007 0.296949
vn -0.954861 0.091894 0.282483
vn -0.954857 0.174725 0.240247
vn -0.954820 0.240516 0.174558
vn -0.954792 0.282754 0.091778
vn -0.953726 0.296986 0.046979
vn -0.953726 -0.296985 0.046979
vn -0.814015 -0.470098 0.341156
vn -0.813925 -0.552600 0.179331
vn -0.814134 -0.341582 0.469582
vn -0.814144 -0.179612 0.552187
vn -0.814191 -0.000007 0.580598
vn -0.814152 0.179633 0.552168
vn -0.814131 0.341567 0.469599
vn -0.814016 0.470100 0.341152
vn -0.813925 0.552599 0.179335
vn -0.810459 0.578601 0.091526
vn -0.810458 -0.578601 0.091531
vn -0.591769 -0.652422 0.473450
vn -0.591674 -0.766811 0.248842
vn -0.591897 -0.474144 0.651802
vn -0.592083 -0.249310 0.766343
vn -0.592163 -0.000008 0.805818
vn -0.592048 0.249318 0.766368
vn -0.591887 0.474155 0.651803
vn -0.591777 0.652419 0.473445
vn -0.591680 0.766806 0.248844
vn -0.586880 0.799729 0.126513
vn -0.586883 -0.799727 0.126512
vn -0.311099 -0.769174 0.558201
vn -0.311010 -0.903992 0.293379
vn -0.311201 -0.559000 0.768552
vn -0.311381 -0.293960 0.903676
vn -0.311363 0.000012 0.950291
vn -0.311441 0.293924 0.903667
vn -0.311203 0.559015 0.768540
vn -0.311080 0.769180 0.558203
vn -0.311010 0.903992 0.293381
vn -0.307528 0.939851 0.148683
vn -0.307536 -0.939850 0.148673
vn -0.000000 -0.000000 1.000000
vn -0.000000 -0.000000 1.000000
vn -0.000000 -0.000000 1.000000
vn 0.000000 -0.000000 1.000000
vn 0.000000 -0.000000 1.000000
vn -0.000000 -0.000000 1.000000
vn -0.000000 -0.000000 1.000000
vn -0.000000 -0.000000 1.000000
vn -0.000000 -0.000000 1.000000
vn -0.000000 -0.000000 1.000000
vn -0.000000 -0.000000 1.000000
vn -0.000000 -0.000000 1.000000
vn -0.000000 -0.000000 1.000000
vn -0.000000 -0.000000 1.000000
vn -0.000000 -0.000000 1.000000
vn 0.000000 -0.000000 1.000000
vn -0.000000 -0.000000 1.000000
vn 0.000000 -0.000000 1.000000
vn 0.000000 -0.000000 1.000000
vn -0.000000 -0.000000 1.000000
vn 0.000000 -0.000000 1.000000
vn 0.000000 -0.000000 1.000000
vn -0.000000 -0.000000 1.000000
vn -0.000000 -0.000000 1.000000
vn 0.000000 -0.000000 1.000000
vn -0.000000 -0.000000 1.000000
vn 0.000000 -0.000000 1.000000
vn 0.000000 -0.000000 1.000000
vn -0.000000 -0.000000 1.000000
vn -0.000000 -0.000000 1.000000
vn 0.000000 -0.000000 1.000000
vn 0.000000 -0.000000 1.000000
vn 0.000000 -0.000000 1.000000
vn 0.000000 -0.000000 1.000000
vn -0.000000 -0.000000 1.000000
vn 0.000000 -0.000000 1.000000
vn 0.000000 -0.000000 1.000000
vn 0.000000 -0.000000 1.000000
vn 0.000000 -0.000000 1.000000
vn 0.000000 -0.000000 1.000000
vn -0.000000 -0.000000 1.000000
vn 0.000000 -0.000000 1.000000
vn 0.000008 -0.809349 -0.587328
vn 0.000004 -0.951165 -0.308683
vn 0.311061 -0.903976 -0.293374
vn 0.311107 -0.769181 -0.558187
vn -0.000012 -0.588263 -0.808670
vn 0.311334 -0.558981 -0.768512
vn -0.000009 -0.309363 -0.950944
vn 0.311275 -0.294001 -0.903699
vn -0.000000 0.000000 -1.000000
vn 0.311364 0.000011 -0.950291
vn 0.000009 0.309364 -0.950944
vn 0.311268 0.293968 -0.903712
vn 0.000011 0.588263 -0.808670
vn 0.311318 0.559019 -0.768491
vn -0.000007 0.809351 -0.587325
vn 0.311109 0.769165 -0.558209
vn -0.000002 0.951164 -0.308684
vn 0.311072 0.903977 -0.293361
vn -0.000001 0.987713 -0.156276
vn 0.307538 0.939845 -0.148702
vn 0.000001 -0.987715 -0.156266
vn 0.307547 -0.939844 -0.148686
vn 0.591693 -0.766783 -0.248883
vn 0.591776 -0.652422 -0.473441
vn 0.591911 -0.474125 -0.651803
vn 0.592064 -0.249289 -0.766365
vn 0.592053 -0.000012 -0.805899
vn 0.592064 0.249310 -0.766359
vn 0.591914 0.474116 -0.651807
vn 0.591777 0.652423 -0.473439
vn 0.591686 0.766789 -0.248884
vn 0.586888 0.799721 -0.126522
vn 0.586893 -0.799719 -0.126517
vn 0.813889 -0.552649 -0.179344
vn 0.813998 -0.470116 -0.341172
vn 0.814064 -0.341636 -0.469664
vn 0.814134 -0.179628 -0.552196
vn 0.814179 0.000007 -0.580614
vn 0.814133 0.179617 -0.552201
vn 0.814070 0.341629 -0.469659
vn 0.814001 0.470120 -0.341159
vn 0.813894 0.552640 -0.179345
vn 0.810447 0.578616 -0.091539
vn 0.810448 -0.578614 -0.091540
vn 0.954796 -0.282739 -0.091774
vn 0.954821 -0.240513 -0.174556
vn 0.954858 -0.174723 -0.240245
vn 0.954862 -0.091892 -0.282478
vn 0.954895 0.000007 -0.296944
vn 0.954863 0.091879 -0.282480
vn 0.954856 0.174734 -0.240246
vn 0.954822 0.240511 -0.174558
vn 0.954796 0.282742 -0.091772
vn 0.953728 0.296976 -0.046982
vn 0.953727 -0.296982 -0.046981
vn 0.999875 0.015014 0.004864
vn 0.999876 0.012778 0.009253
vn 0.999875 0.009298 0.012755
vn 0.999875 0.004905 0.015035
vn 0.999875 -0.000003 0.015794
vn 0.999875 -0.004899 0.015036
vn 0.999875 -0.009303 0.012756
vn 0.999876 -0.012779 0.009251
vn 0.999875 -0.015011 0.004865
vn 0.999872 -0.015774 0.002496
vn 0.999872 0.015774 0.002496
vn 0.945475 0.309794 0.100522
vn 0.945499 0.263552 0.191238
vn 0.945511 0.191534 0.263292
vn 0.945555 0.100688 0.309496
vn 0.945572 -0.000003 0.325412
vn 0.945553 -0.100694 0.309501
vn 0.945511 -0.191524 0.263302
vn 0.945502 -0.263548 0.191227
vn 0.945476 -0.309793 0.100521
vn 0.944208 -0.325304 0.051466
vn 0.944209 0.325302 0.051461
vn 0.798983 0.571985 0.185630
vn 0.799073 0.486602 0.353130
vn 0.799154 0.353609 0.486121
vn 0.799236 0.185925 0.571536
vn 0.799229 0.000008 0.601027
vn 0.799244 -0.185930 0.571523
vn 0.799156 -0.353604 0.486121
vn 0.799071 -0.486606 0.353129
vn 0.798991 -0.571976 0.185626
vn 0.795351 -0.598703 0.094717
vn 0.795351 0.598704 0.094711
vn 0.576935 0.776894 0.252153
vn 0.577024 0.660997 0.479715
vn 0.577235 0.480313 0.660378
vn 0.577294 0.252577 0.776490
vn 0.577278 0.000006 0.816548
vn 0.577288 -0.252577 0.776494
vn 0.577230 -0.480328 0.660371
vn 0.577022 -0.660991 0.479725
vn 0.576947 -0.776886 0.252150
vn 0.572164 -0.810066 0.128149
vn 0.572160 0.810068 0.128151
vn 0.302008 0.906745 0.294287
vn 0.302070 0.771527 0.559911
vn 0.302153 0.560709 0.770914
vn 0.302217 0.294856 0.906490
vn 0.302315 -0.000008 0.953208
vn 0.302213 -0.294848 0.906494
vn 0.302163 -0.560706 0.770913
vn 0.302078 -0.771525 0.559909
vn 0.302005 -0.906746 0.294289
vn 0.298617 -0.942650 0.149126
vn 0.298619 0.942649 0.149129
vn 0.154972 0.939662 0.304990
vn 0.155080 0.799516 0.580279
vn 0.154988 0.581102 0.798936
vn 0.155037 0.305584 0.939458
vn 0.155190 -0.000013 0.987885
vn 0.155051 -0.305574 0.939459
vn 0.154987 -0.581089 0.798946
vn 0.155071 -0.799527 0.580266
vn 0.154975 -0.939661 0.304991
vn 0.153081 -0.976075 0.154417
vn 0.153080 0.976075 0.154416
vn -0.155071 0.799528 0.580265
vn -0.154974 0.939661 0.304991
vn -0.301997 0.906748 0.294290
vn -0.302070 0.771527 0.559910
vn -0.154978 0.581089 0.798948
vn -0.302153 0.560710 0.770914
vn -0.155048 0.305574 0.939460
vn -0.302202 0.294849 0.906498
vn -0.155190 0.000012 0.987885
vn -0.302307 0.000008 0.953211
vn -0.155040 -0.305585 0.939458
vn -0.302211 -0.294857 0.906492
vn -0.154996 -0.581101 0.798935
vn -0.302147 -0.560709 0.770917
vn -0.155080 -0.799516 0.580279
vn -0.302062 -0.771528 0.559913
vn -0.154972 -0.939662 0.304989
vn -0.302000 -0.906747 0.294288
vn -0.153079 -0.976075 0.154416
vn -0.298611 -0.942651 0.149129
vn -0.153081 0.976075 0.154417
vn -0.298609 0.942653 0.149127
vn -0.576930 0.776897 0.252155
vn -0.577015 0.660995 0.479728
vn -0.577223 0.480332 0.660375
vn -0.577280 0.252579 0.776499
vn -0.577270 -0.000006 0.816553
vn -0.577287 -0.252577 0.776495
vn -0.577227 -0.480316 0.660383
vn -0.577017 -0.661001 0.479717
vn -0.576937 -0.776893 0.252153
vn -0.572153 -0.810073 0.128152
vn -0.572145 0.810078 0.128152
vn -0.798992 0.571974 0.185628
vn -0.799078 0.486598 0.353124
vn -0.799164 0.353598 0.486112
vn -0.799255 0.185926 0.571510
vn -0.799239 -0.000008 0.601014
vn -0.799245 -0.185922 0.571525
vn -0.799165 -0.353599 0.486110
vn -0.799085 -0.486590 0.353120
vn -0.799001 -0.571962 0.185625
vn -0.795361 -0.598690 0.094711
vn -0.795356 0.598697 0.094714
vn -0.945476 0.309792 0.100520
vn -0.945501 0.263550 0.191229
vn -0.945512 0.191523 0.263300
vn -0.945553 0.100693 0.309499
vn -0.945573 0.000003 0.325411
vn -0.945555 -0.100688 0.309495
vn -0.945512 -0.191534 0.263292
vn -0.945501 -0.263548 0.191235
vn -0.945476 -0.309792 0.100522
vn -0.944209 -0.325301 0.051464
vn -0.944212 0.325293 0.051461
vn -0.999875 0.015017 0.004867
vn -0.999875 0.012783 0.009254
vn -0.999875 0.009304 0.012757
vn -0.999875 0.004900 0.015040
vn -0.999875 0.000003 0.015797
vn -0.999875 -0.004906 0.015039
vn -0.999875 -0.009302 0.012759
vn -0.999876 -0.012780 0.009254
vn -0.999875 -0.015015 0.004864
vn -0.999872 -0.015779 0.002497
vn -0.999872 0.015777 0.002496
vn -0.954795 -0.282745 -0.091773
vn -0.954819 -0.240516 -0.174563
vn -0.954854 -0.174738 -0.240252
vn -0.954861 -0.091880 -0.282485
vn -0.954893 -0.000007 -0.296949
vn -0.954861 0.091894 -0.282483
vn -0.954857 0.174725 -0.240247
vn -0.954820 0.240516 -0.174558
vn -0.954794 0.282746 -0.091776
vn -0.953726 0.296983 -0.046982
vn -0.953726 -0.296983 -0.046984
vn -0.813905 -0.552626 -0.179341
vn -0.814009 -0.470110 -0.341152
vn -0.814081 -0.341621 -0.469646
vn -0.814143 -0.179612 -0.552186
vn -0.814190 -0.000007 -0.580599
vn -0.814145 0.179624 -0.552181
vn -0.814076 0.341626 -0.469651
vn -0.814012 0.470100 -0.341160
vn -0.813902 0.552631 -0.179337
vn -0.810460 0.578599 -0.091536
vn -0.810457 -0.578603 -0.091537
vn -0.591674 -0.766796 -0.248887
vn -0.591769 -0.652427 -0.473443
vn -0.591908 -0.474118 -0.651810
vn -0.592057 -0.249311 -0.766363
vn -0.592046 0.000012 -0.805904
vn -0.592057 0.249291 -0.766369
vn -0.591903 0.474130 -0.651807
vn -0.591770 0.652427 -0.473442
vn -0.591689 0.766785 -0.248886
vn -0.586876 0.799731 -0.126519
vn -0.586887 -0.799723 -0.126518
vn -0.311059 -0.903981 -0.293362
vn -0.311106 -0.769165 -0.558209
vn -0.311308 -0.559020 -0.768494
vn -0.311259 -0.293969 -0.903715
vn -0.311355 -0.000011 -0.950294
vn -0.311267 0.294002 -0.903701
vn -0.311326 0.558983 -0.768514
vn -0.311092 0.769187 -0.558187
vn -0.311054 0.903977 -0.293378
vn -0.307534 0.939847 -0.148694
vn -0.307536 -0.939847 -0.148692
vn 0.000000 0.000000 -1.000000
vn -0.000000 0.000000 -1.000000
vn 0.000000 0.000000 -1.000000
vn -0.000000 0.000000 -1.000000
vn -0.000000 0.000000 -1.000000
vn -0.000000 0.000000 -1.000000
vn 0.000000 0.000000 -1.000000
vn -0.000000 0.000000 -1.000000
vn -0.000000 0.000000 -1.000000
vn -0.000000 0.000000 -1.000000
vn -0.000000 0.000000 -1.000000
vn -0.000000 0.000000 -1.000000
vn 0.000000 0.000000 -1.000000
vn -0.000000 0.000000 -1.000000
vn 0.000000 0.000000 -1.000000
vn -0.000000 0.000000 -1.000000
vn -0.000000 0.000000 -1.000000
vn 0.000000 0.000000 -1.000000
vn -0.000000 0.000000 -1.000000
vn 0.000000 0.000000 -1.000000
vn 0.000000 0.000000 -1.000000
vn 0.000000 0.000000 -1.000000
vn -0.000000 0.000000 -1.000000
vn -0.000000 0.000000 -1.000000
vn 0.000000 0.000000 -1.000000
vn -0.000000 0.000000 -1.000000
vn -0.000000 0.000000 -1.000000
vn 0.000000 0.000000 -1.000000
vn 0.000000 0.000000 -1.000000
vn -0.000000 0.000000 -1.000000
vn -0.000000 0.000000 -1.000000
vn 0.000000 0.000000 -1.000000
vn -0.000000 0.000000 -1.000000
vn 0.000000 0.000000 -1.000000
vn 0.000000 0.000000 -1.000000
vn -0.000000 0.000000 -1.000000
vn 0.000000 0.000000 -1.000000
vn -0.000000 0.000000 -1.000000
vn -0.000000 0.000000 -1.000000
vn 0.000000 0.000000 -1.000000
vn 0.000000 0.000000 -1.000000
vn -0.000000 0.000000 -1.000000
vt 0.022953 0.148791
vt 0.285604 0.143819
vt 0.285316 0.127518
vt 0.021478 0.132569
vt 0.546004 0.138860
vt 0.545394 0.122524
vt 0.022054 0.151152
vt 0.285640 0.146371
vt 0.546147 0.141404
vt 0.630063 0.134282
vt 0.632385 0.120845
vt 0.624497 0.120998
vt 0.627939 0.133288
vt 0.018890 0.132619
vt 0.033239 0.047821
vt 0.294348 0.042621
vt 0.294295 0.040064
vt 0.032184 0.045525
vt 0.555529 0.037914
vt 0.555492 0.035360
vt 0.632034 0.039444
vt 0.629995 0.052480
vt 0.634477 0.052397
vt 0.634203 0.038470
vt 0.030636 0.063468
vt 0.025732 0.063558
vt 0.294659 0.058634
vt 0.556008 0.053845
vt 0.560702 0.137347
vt 0.559464 0.122254
vt 0.561298 0.139823
vt 0.570133 0.038564
vt 0.569883 0.036031
vt 0.570586 0.053577
vt 0.598920 0.136814
vt 0.601723 0.138175
vt 0.601787 0.124146
vt 0.599754 0.121476
vt 0.604053 0.121393
vt 0.598545 0.139508
vt 0.601934 0.141313
vt 0.602684 0.038796
vt 0.605718 0.037762
vt 0.605478 0.034543
vt 0.602470 0.036095
vt 0.604059 0.052961
vt 0.606191 0.050990
vt 0.606431 0.052917
vt 0.625946 0.135016
vt 0.622549 0.123303
vt 0.621171 0.121062
vt 0.627620 0.137757
vt 0.629537 0.038251
vt 0.630933 0.035466
vt 0.627793 0.050597
vt 0.627344 0.052529
vt 0.570461 0.136094
vt 0.570226 0.122046
vt 0.570628 0.138582
vt 0.578007 0.038711
vt 0.578115 0.036216
vt 0.578605 0.053430
vt 0.576828 0.135794
vt 0.577229 0.121911
vt 0.576861 0.138055
vt 0.582923 0.038928
vt 0.582986 0.036593
vt 0.583566 0.053338
vt 0.583302 0.135586
vt 0.585127 0.121759
vt 0.582716 0.138058
vt 0.587118 0.039161
vt 0.587511 0.036645
vt 0.588113 0.053255
vt 0.022332 0.116303
vt 0.284978 0.111218
vt 0.545377 0.106177
vt 0.021343 0.113978
vt 0.284917 0.108667
vt 0.545421 0.103629
vt 0.629546 0.107508
vt 0.627462 0.108584
vt 0.033810 0.079009
vt 0.032840 0.081342
vt 0.294975 0.077204
vt 0.294934 0.074647
vt 0.556170 0.072336
vt 0.556113 0.069783
vt 0.632515 0.065432
vt 0.634719 0.066324
vt 0.560121 0.107124
vt 0.560621 0.104626
vt 0.570527 0.071137
vt 0.570684 0.068598
vt 0.598328 0.106183
vt 0.601682 0.118730
vt 0.601076 0.104714
vt 0.597849 0.103505
vt 0.601166 0.101570
vt 0.603209 0.067167
vt 0.603095 0.069873
vt 0.606158 0.071313
vt 0.606279 0.068088
vt 0.606262 0.054851
vt 0.622462 0.118770
vt 0.625403 0.106935
vt 0.626970 0.104131
vt 0.631563 0.069447
vt 0.630065 0.066716
vt 0.627864 0.054444
vt 0.569920 0.108001
vt 0.569991 0.105508
vt 0.578749 0.070650
vt 0.578548 0.068161
vt 0.576293 0.108055
vt 0.576239 0.105794
vt 0.583603 0.070095
vt 0.583454 0.067763
vt 0.582769 0.108012
vt 0.582088 0.105565
vt 0.587638 0.067376
vt 0.588124 0.069875
vt 0.023234 0.840130
vt 0.097108 0.832101
vt 0.096847 0.823335
vt 0.017254 0.834028
vt 0.649438 0.230351
vt 0.731493 0.232699
vt 0.731093 0.223562
vt 0.654378 0.224080
vt 0.018591 0.893277
vt 0.098946 0.891875
vt 0.728600 0.166579
vt 0.648561 0.168995
vt 0.639596 0.169260
vt 0.009590 0.893431
vt 0.023729 0.948636
vt 0.100715 0.949093
vt 0.725995 0.107053
vt 0.652517 0.115998
vt 0.646482 0.109994
vt 0.018693 0.954868
vt 0.101000 0.958269
vt 0.725612 0.098323
vt 0.171324 0.835576
vt 0.176917 0.829119
vt 0.813025 0.223195
vt 0.807558 0.217378
vt 0.179237 0.888320
vt 0.808544 0.161996
vt 0.817498 0.161480
vt 0.188231 0.887918
vt 0.177532 0.943885
vt 0.799978 0.109545
vt 0.805465 0.103038
vt 0.182944 0.949793
vt 0.164358 0.694017
vt 0.169743 0.687854
vt 0.093058 0.681974
vt 0.093276 0.690374
vt 0.820604 0.036787
vt 0.825686 0.042576
vt 0.899635 0.039135
vt 0.899549 0.030309
vt 0.171709 0.744585
vt 0.094770 0.747647
vt 0.900163 0.094171
vt 0.822911 0.095953
vt 0.814258 0.096156
vt 0.180327 0.744237
vt 0.169835 0.797810
vt 0.096214 0.802471
vt 0.900707 0.151666
vt 0.829441 0.146817
vt 0.823934 0.152911
vt 0.174995 0.803493
vt 0.096447 0.811262
vt 0.900786 0.160098
vt 0.022473 0.697731
vt 0.016776 0.691854
vt 0.978604 0.035273
vt 0.973635 0.041159
vt 0.017775 0.748624
vt 0.977433 0.094478
vt 0.986089 0.094517
vt 0.009151 0.748729
vt 0.022455 0.801689
vt 0.971871 0.145462
vt 0.977492 0.151451
vt 0.017603 0.807636
vt 0.300594 0.711499
vt 0.300945 0.726490
vt 0.304185 0.726391
vt 0.303857 0.711384
vt 0.300213 0.696616
vt 0.303450 0.696485
vt 0.299738 0.682132
vt 0.302869 0.681953
vt 0.299113 0.668651
vt 0.301657 0.668406
vt 0.305159 0.952911
vt 0.305006 0.966346
vt 0.307567 0.966596
vt 0.308302 0.952950
vt 0.305084 0.938411
vt 0.308325 0.938402
vt 0.304885 0.923516
vt 0.308136 0.923489
vt 0.304622 0.908513
vt 0.307863 0.908481
vt 0.304348 0.893491
vt 0.307559 0.893461
vt 0.304011 0.878440
vt 0.307217 0.878405
vt 0.303613 0.863325
vt 0.306786 0.863282
vt 0.303227 0.848123
vt 0.306363 0.848076
vt 0.302855 0.832840
vt 0.305958 0.832789
vt 0.302527 0.817501
vt 0.305642 0.817441
vt 0.302250 0.802165
vt 0.305353 0.802094
vt 0.302016 0.786879
vt 0.305154 0.786802
vt 0.301800 0.771674
vt 0.304974 0.771590
vt 0.301571 0.756559
vt 0.304777 0.756465
vt 0.301285 0.741509
vt 0.304496 0.741409
vt 0.307809 0.726281
vt 0.307434 0.711245
vt 0.307008 0.696275
vt 0.306308 0.681566
vt 0.304471 0.667630
vt 0.310413 0.967255
vt 0.311752 0.953216
vt 0.311888 0.938477
vt 0.311718 0.923489
vt 0.311489 0.908445
vt 0.311107 0.893414
vt 0.310758 0.878361
vt 0.310283 0.863236
vt 0.309812 0.848027
vt 0.309365 0.832735
vt 0.309028 0.817375
vt 0.308761 0.802014
vt 0.308604 0.786714
vt 0.308471 0.771496
vt 0.308318 0.756365
vt 0.308045 0.741312
vt 0.311782 0.726139
vt 0.311392 0.711056
vt 0.310936 0.695969
vt 0.310108 0.680965
vt 0.307662 0.666379
vt 0.313653 0.968378
vt 0.315571 0.953678
vt 0.315825 0.938632
vt 0.315681 0.923521
vt 0.315466 0.908426
vt 0.315125 0.893362
vt 0.314703 0.878290
vt 0.314175 0.863159
vt 0.313652 0.847949
vt 0.313156 0.832658
vt 0.312768 0.817303
vt 0.312553 0.801944
vt 0.312446 0.786641
vt 0.312366 0.771418
vt 0.312265 0.756276
vt 0.312063 0.741200
vt 0.315953 0.725976
vt 0.315537 0.710826
vt 0.315044 0.695590
vt 0.314097 0.680227
vt 0.311134 0.664835
vt 0.317184 0.969786
vt 0.319584 0.954267
vt 0.319944 0.938851
vt 0.319832 0.923587
vt 0.319642 0.908420
vt 0.319360 0.893297
vt 0.318860 0.878183
vt 0.318283 0.863041
vt 0.317712 0.847833
vt 0.317172 0.832553
vt 0.316714 0.817228
vt 0.316570 0.801895
vt 0.316510 0.786600
vt 0.316478 0.771372
vt 0.316423 0.756213
vt 0.316298 0.741091
vt 0.320018 0.725804
vt 0.319572 0.710578
vt 0.319042 0.695192
vt 0.318003 0.679472
vt 0.314674 0.663267
vt 0.320782 0.971219
vt 0.323518 0.954873
vt 0.323955 0.939092
vt 0.323874 0.923673
vt 0.323712 0.908425
vt 0.323493 0.893223
vt 0.322925 0.878048
vt 0.322314 0.862889
vt 0.321711 0.847685
vt 0.321140 0.832424
vt 0.320611 0.817154
vt 0.320541 0.801873
vt 0.320512 0.786594
vt 0.320514 0.771363
vt 0.320490 0.756180
vt 0.320433 0.740993
vt 0.323721 0.725638
vt 0.323252 0.710338
vt 0.322693 0.694818
vt 0.321598 0.678791
vt 0.318059 0.661912
vt 0.324216 0.972445
vt 0.327136 0.955415
vt 0.327618 0.939320
vt 0.327561 0.923764
vt 0.327419 0.908439
vt 0.327254 0.893147
vt 0.326639 0.877897
vt 0.326013 0.862718
vt 0.325395 0.847518
vt 0.324813 0.832281
vt 0.324227 0.817086
vt 0.324216 0.801878
vt 0.324200 0.786621
vt 0.324219 0.771387
vt 0.324252 0.756164
vt 0.324148 0.740898
vt 0.268091 0.711288
vt 0.268306 0.726740
vt 0.271603 0.726791
vt 0.271380 0.711424
vt 0.267980 0.695452
vt 0.271251 0.695682
vt 0.268428 0.678858
vt 0.271652 0.679217
vt 0.270255 0.661260
vt 0.273517 0.661428
vt 0.273986 0.957324
vt 0.276447 0.974839
vt 0.279701 0.974553
vt 0.277195 0.956846
vt 0.272924 0.940793
vt 0.276184 0.940439
vt 0.272426 0.925002
vt 0.275707 0.924737
vt 0.272029 0.909588
vt 0.275322 0.909400
vt 0.271683 0.894315
vt 0.274982 0.894212
vt 0.271520 0.879093
vt 0.274850 0.879065
vt 0.271453 0.863888
vt 0.274754 0.863907
vt 0.271368 0.848659
vt 0.274664 0.848684
vt 0.271262 0.833393
vt 0.274553 0.833391
vt 0.271135 0.818138
vt 0.274408 0.818070
vt 0.270655 0.802892
vt 0.273944 0.802759
vt 0.270154 0.787637
vt 0.273446 0.787477
vt 0.269628 0.772423
vt 0.272925 0.772270
vt 0.269082 0.757235
vt 0.272410 0.757127
vt 0.268630 0.742026
vt 0.271931 0.741991
vt 0.274722 0.726826
vt 0.274499 0.711528
vt 0.274358 0.695883
vt 0.274703 0.679576
vt 0.276593 0.661882
vt 0.282761 0.973973
vt 0.280229 0.956380
vt 0.279281 0.940120
vt 0.278819 0.924510
vt 0.278437 0.909237
vt 0.278093 0.894109
vt 0.277965 0.879015
vt 0.277864 0.863890
vt 0.277768 0.848675
vt 0.277650 0.833365
vt 0.277511 0.818008
vt 0.277041 0.802658
vt 0.276548 0.787360
vt 0.276033 0.772160
vt 0.275523 0.757049
vt 0.275046 0.741965
vt 0.278065 0.726841
vt 0.277822 0.711605
vt 0.277662 0.696069
vt 0.277935 0.679965
vt 0.279792 0.662700
vt 0.285927 0.973038
vt 0.283445 0.955871
vt 0.282575 0.939809
vt 0.282135 0.924301
vt 0.281780 0.909086
vt 0.281403 0.894006
vt 0.281272 0.878947
vt 0.281155 0.863843
vt 0.281042 0.848636
vt 0.280909 0.833320
vt 0.280752 0.817942
vt 0.280298 0.802570
vt 0.279822 0.787265
vt 0.279324 0.772072
vt 0.278831 0.756982
vt 0.278360 0.741932
vt 0.281857 0.726831
vt 0.281563 0.711666
vt 0.281368 0.696260
vt 0.281540 0.680433
vt 0.283267 0.663865
vt 0.289356 0.971744
vt 0.287030 0.955268
vt 0.286271 0.939478
vt 0.285868 0.924092
vt 0.285525 0.908934
vt 0.285178 0.893892
vt 0.284998 0.878863
vt 0.284849 0.863775
vt 0.284702 0.848574
vt 0.284538 0.833258
vt 0.284343 0.817869
vt 0.283928 0.802485
vt 0.283481 0.787179
vt 0.283017 0.771990
vt 0.282555 0.756911
vt 0.282094 0.741880
vt 0.285956 0.726813
vt 0.285648 0.711707
vt 0.285407 0.696446
vt 0.285451 0.680967
vt 0.286911 0.665260
vt 0.292944 0.970214
vt 0.290919 0.954589
vt 0.290299 0.939138
vt 0.289946 0.923890
vt 0.289626 0.908788
vt 0.289323 0.893777
vt 0.289075 0.878770
vt 0.288881 0.863689
vt 0.288686 0.848492
vt 0.288481 0.833181
vt 0.288231 0.817790
vt 0.287871 0.802402
vt 0.287467 0.787099
vt 0.287050 0.771912
vt 0.286631 0.756836
vt 0.286246 0.741828
vt 0.290150 0.726768
vt 0.289822 0.711714
vt 0.289530 0.696598
vt 0.289430 0.681489
vt 0.290475 0.666654
vt 0.296453 0.968685
vt 0.294877 0.953920
vt 0.294412 0.938830
vt 0.294114 0.923720
vt 0.293821 0.908666
vt 0.293566 0.893672
vt 0.293244 0.878675
vt 0.293000 0.863590
vt 0.292750 0.848396
vt 0.292495 0.833093
vt 0.292191 0.817711
vt 0.291886 0.802329
vt 0.291532 0.787031
vt 0.291169 0.771843
vt 0.290800 0.756762
vt 0.290495 0.741762
vt 0.294132 0.726693
vt 0.293785 0.711675
vt 0.293449 0.696680
vt 0.293208 0.681892
vt 0.293727 0.667788
vt 0.299659 0.967427
vt 0.298638 0.953380
vt 0.298324 0.938600
vt 0.298075 0.923604
vt 0.297805 0.908583
vt 0.297590 0.893589
vt 0.297201 0.878586
vt 0.296911 0.863489
vt 0.296608 0.848293
vt 0.296306 0.832999
vt 0.295961 0.817636
vt 0.295698 0.802269
vt 0.295392 0.786978
vt 0.295081 0.771786
vt 0.294758 0.756690
vt 0.294522 0.741683
vt 0.297708 0.726595
vt 0.297353 0.711597
vt 0.296987 0.696680
vt 0.296620 0.682106
vt 0.296568 0.668476
vt 0.302471 0.966626
vt 0.302042 0.953044
vt 0.301859 0.938467
vt 0.301643 0.923544
vt 0.301383 0.908538
vt 0.301138 0.893526
vt 0.300802 0.878498
vt 0.300429 0.863398
vt 0.300080 0.848199
vt 0.299739 0.832912
vt 0.299380 0.817569
vt 0.299133 0.802219
vt 0.298867 0.786933
vt 0.298600 0.771736
vt 0.298360 0.756632
vt 0.298073 0.741604
vt 0.354550 0.705853
vt 0.354487 0.720299
vt 0.357571 0.720283
vt 0.357647 0.705831
vt 0.354627 0.691506
vt 0.357708 0.691446
vt 0.354753 0.677530
vt 0.357810 0.677369
vt 0.355018 0.664530
vt 0.357707 0.664216
vt 0.354854 0.938264
vt 0.355078 0.951221
vt 0.357786 0.951610
vt 0.357918 0.938409
vt 0.354744 0.924285
vt 0.357825 0.924337
vt 0.354681 0.909939
vt 0.357763 0.909953
vt 0.354610 0.895492
vt 0.357692 0.895506
vt 0.354591 0.881023
vt 0.357659 0.881060
vt 0.354675 0.866526
vt 0.357743 0.866582
vt 0.354754 0.851970
vt 0.357800 0.852032
vt 0.354846 0.837341
vt 0.357864 0.837395
vt 0.354934 0.822645
vt 0.357925 0.822678
vt 0.354990 0.807901
vt 0.357992 0.807898
vt 0.354901 0.793160
vt 0.357893 0.793119
vt 0.354781 0.778462
vt 0.357800 0.778401
vt 0.354666 0.763831
vt 0.357711 0.763765
vt 0.354558 0.749273
vt 0.357626 0.749214
vt 0.354473 0.734771
vt 0.357543 0.734732
vt 0.361033 0.720276
vt 0.361051 0.705806
vt 0.361095 0.691345
vt 0.361157 0.677055
vt 0.360702 0.663431
vt 0.360786 0.952392
vt 0.361264 0.938735
vt 0.361211 0.924442
vt 0.361166 0.909980
vt 0.361153 0.895512
vt 0.361051 0.881085
vt 0.361138 0.866639
vt 0.361159 0.852101
vt 0.361183 0.837459
vt 0.361206 0.822716
vt 0.361258 0.807894
vt 0.361175 0.793073
vt 0.361120 0.778332
vt 0.361071 0.763690
vt 0.361019 0.749154
vt 0.360938 0.734705
vt 0.364838 0.720256
vt 0.364830 0.705766
vt 0.364840 0.691200
vt 0.364842 0.676605
vt 0.364103 0.662257
vt 0.364192 0.953564
vt 0.364948 0.939192
vt 0.364955 0.924591
vt 0.364946 0.910023
vt 0.364958 0.895531
vt 0.364904 0.881112
vt 0.364929 0.866684
vt 0.364902 0.852158
vt 0.364876 0.837512
vt 0.364854 0.822748
vt 0.364866 0.807890
vt 0.364823 0.793034
vt 0.364815 0.778271
vt 0.364815 0.763629
vt 0.364806 0.749106
vt 0.364794 0.734676
vt 0.368848 0.720233
vt 0.368805 0.705712
vt 0.368764 0.691030
vt 0.368690 0.676101
vt 0.367793 0.660900
vt 0.367888 0.954921
vt 0.368795 0.939699
vt 0.368877 0.924764
vt 0.368920 0.910078
vt 0.368969 0.895553
vt 0.368972 0.881129
vt 0.368931 0.866707
vt 0.368859 0.852190
vt 0.368783 0.837544
vt 0.368713 0.822765
vt 0.368674 0.807887
vt 0.368683 0.793010
vt 0.368723 0.778233
vt 0.368772 0.763591
vt 0.368804 0.749081
vt 0.368868 0.734659
vt 0.372771 0.720210
vt 0.372692 0.705655
vt 0.372594 0.690866
vt 0.372440 0.675646
vt 0.371525 0.659619
vt 0.371625 0.956202
vt 0.372544 0.940155
vt 0.372707 0.924930
vt 0.372806 0.910136
vt 0.372893 0.895575
vt 0.372952 0.881136
vt 0.372856 0.866710
vt 0.372746 0.852198
vt 0.372629 0.837552
vt 0.372520 0.822767
vt 0.372433 0.807884
vt 0.372491 0.793002
vt 0.372572 0.778220
vt 0.372662 0.763578
vt 0.372722 0.749076
vt 0.372855 0.734654
vt 0.376356 0.720190
vt 0.376250 0.705600
vt 0.376103 0.690727
vt 0.375872 0.675297
vt 0.375049 0.658622
vt 0.375154 0.957200
vt 0.375977 0.940501
vt 0.376215 0.925071
vt 0.376362 0.910192
vt 0.376480 0.895594
vt 0.376581 0.881134
vt 0.376449 0.866697
vt 0.376318 0.852185
vt 0.376173 0.837540
vt 0.376037 0.822758
vt 0.375918 0.807881
vt 0.376009 0.793006
vt 0.376117 0.778226
vt 0.376236 0.763585
vt 0.376356 0.749076
vt 0.376443 0.734644
vt 0.379542 0.720171
vt 0.379420 0.705543
vt 0.379237 0.690605
vt 0.378944 0.675051
vt 0.378272 0.657997
vt 0.378380 0.957826
vt 0.379048 0.940745
vt 0.379348 0.925193
vt 0.379531 0.910249
vt 0.379667 0.895614
vt 0.379765 0.881129
vt 0.379663 0.866673
vt 0.379500 0.852153
vt 0.379342 0.837510
vt 0.379191 0.822738
vt 0.379060 0.807879
vt 0.379164 0.793022
vt 0.379287 0.778252
vt 0.379419 0.763613
vt 0.379566 0.749098
vt 0.379631 0.734649
vt 0.382542 0.720141
vt 0.382414 0.705469
vt 0.382205 0.690479
vt 0.381864 0.674865
vt 0.381370 0.657743
vt 0.381481 0.958045
vt 0.381968 0.940945
vt 0.382316 0.925319
vt 0.382524 0.910323
vt 0.382669 0.895645
vt 0.382760 0.881118
vt 0.382663 0.866629
vt 0.382493 0.852093
vt 0.382327 0.837452
vt 0.382167 0.822700
vt 0.382046 0.807878
vt 0.382138 0.793056
vt 0.382272 0.778306
vt 0.382413 0.763669
vt 0.382563 0.749140
vt 0.382631 0.734661
vt 0.385751 0.720088
vt 0.385592 0.705361
vt 0.385357 0.690325
vt 0.384965 0.674696
vt 0.384652 0.657862
vt 0.384764 0.957925
vt 0.385070 0.941109
vt 0.385467 0.925472
vt 0.385700 0.910431
vt 0.385881 0.895701
vt 0.385939 0.881113
vt 0.385840 0.866567
vt 0.385656 0.852003
vt 0.385476 0.837365
vt 0.385303 0.822644
vt 0.385171 0.807877
vt 0.385275 0.793110
vt 0.385423 0.778390
vt 0.385577 0.763755
vt 0.385738 0.749200
vt 0.385814 0.734668
vt 0.389375 0.720004
vt 0.389154 0.705217
vt 0.388885 0.690144
vt 0.388444 0.674563
vt 0.388277 0.658276
vt 0.388390 0.957511
vt 0.388550 0.941239
vt 0.388995 0.925650
vt 0.389260 0.910573
vt 0.389457 0.895778
vt 0.389561 0.881107
vt 0.389407 0.866487
vt 0.389201 0.851885
vt 0.388999 0.837249
vt 0.388806 0.822568
vt 0.388637 0.807876
vt 0.388778 0.793184
vt 0.388946 0.778502
vt 0.389123 0.763868
vt 0.389302 0.749273
vt 0.389390 0.734663
vt 0.393265 0.719908
vt 0.393025 0.705038
vt 0.392723 0.689942
vt 0.392248 0.674460
vt 0.392134 0.658872
vt 0.392247 0.956913
vt 0.392354 0.941338
vt 0.392833 0.925850
vt 0.393130 0.910748
vt 0.393348 0.895884
vt 0.393529 0.881106
vt 0.393293 0.866387
vt 0.393064 0.851739
vt 0.392838 0.837104
vt 0.392623 0.822469
vt 0.392393 0.807875
vt 0.392595 0.793280
vt 0.392785 0.778645
vt 0.392987 0.764009
vt 0.393188 0.749364
vt 0.393361 0.734670
vt 0.340420 0.705721
vt 0.340274 0.720239
vt 0.344244 0.720310
vt 0.344363 0.705823
vt 0.340554 0.691226
vt 0.344470 0.691391
vt 0.340792 0.676706
vt 0.344677 0.677079
vt 0.342283 0.661861
vt 0.345987 0.662980
vt 0.340888 0.939042
vt 0.342331 0.953867
vt 0.346040 0.952761
vt 0.344774 0.938680
vt 0.340673 0.924541
vt 0.344589 0.924383
vt 0.340551 0.910062
vt 0.344494 0.909962
vt 0.340400 0.895556
vt 0.344370 0.895484
vt 0.340235 0.880972
vt 0.344289 0.880965
vt 0.340420 0.866364
vt 0.344391 0.866421
vt 0.340633 0.851787
vt 0.344578 0.851856
vt 0.340833 0.837175
vt 0.344751 0.837242
vt 0.341024 0.822526
vt 0.344920 0.822584
vt 0.341257 0.807927
vt 0.345058 0.807920
vt 0.340989 0.793327
vt 0.344885 0.793254
vt 0.340764 0.778673
vt 0.344682 0.778592
vt 0.340530 0.764049
vt 0.344475 0.763971
vt 0.340303 0.749455
vt 0.344274 0.749392
vt 0.340114 0.734833
vt 0.344169 0.734837
vt 0.348018 0.720335
vt 0.348108 0.705871
vt 0.348194 0.691494
vt 0.348368 0.677375
vt 0.349371 0.663903
vt 0.349426 0.951845
vt 0.348466 0.938394
vt 0.348313 0.924286
vt 0.348239 0.909917
vt 0.348144 0.895457
vt 0.348133 0.880974
vt 0.348167 0.866464
vt 0.348326 0.851902
vt 0.348470 0.837284
vt 0.348609 0.822615
vt 0.348678 0.807914
vt 0.348575 0.793210
vt 0.348402 0.778540
vt 0.348223 0.763917
vt 0.348050 0.749345
vt 0.348012 0.734825
vt 0.351411 0.720325
vt 0.351482 0.705872
vt 0.351559 0.691525
vt 0.351705 0.677527
vt 0.352340 0.664445
vt 0.352398 0.951307
vt 0.351804 0.938254
vt 0.351676 0.924260
vt 0.351613 0.909917
vt 0.351535 0.895467
vt 0.351524 0.880988
vt 0.351605 0.866490
vt 0.351700 0.851935
vt 0.351816 0.837312
vt 0.351928 0.822630
vt 0.351962 0.807910
vt 0.351893 0.793185
vt 0.351749 0.778503
vt 0.351597 0.763878
vt 0.351488 0.749314
vt 0.351405 0.734808
vt 0.421302 0.723054
vt 0.418304 0.723047
vt 0.418284 0.736754
vt 0.421303 0.736761
vt 0.421321 0.709448
vt 0.418324 0.709450
vt 0.421401 0.696200
vt 0.418424 0.696189
vt 0.421625 0.683872
vt 0.419012 0.683790
vt 0.422484 0.943532
vt 0.419511 0.943541
vt 0.420229 0.955988
vt 0.422848 0.955810
vt 0.422290 0.930267
vt 0.419291 0.930289
vt 0.422165 0.916659
vt 0.419154 0.916690
vt 0.422060 0.902956
vt 0.419059 0.902983
vt 0.421959 0.889231
vt 0.418970 0.889255
vt 0.421961 0.875477
vt 0.418972 0.875489
vt 0.422010 0.861669
vt 0.419043 0.861671
vt 0.422063 0.847789
vt 0.419120 0.847789
vt 0.422107 0.833843
vt 0.419187 0.833849
vt 0.422091 0.819852
vt 0.419170 0.819867
vt 0.421972 0.805867
vt 0.419053 0.805888
vt 0.421809 0.791922
vt 0.418866 0.791949
vt 0.421638 0.778041
vt 0.418669 0.778067
vt 0.421458 0.764229
vt 0.418465 0.764247
vt 0.421321 0.750482
vt 0.418336 0.750485
vt 0.415040 0.723026
vt 0.415004 0.736742
vt 0.415066 0.709404
vt 0.415192 0.696032
vt 0.416136 0.683265
vt 0.416280 0.943736
vt 0.417357 0.956531
vt 0.416033 0.930362
vt 0.415889 0.916735
vt 0.415741 0.903015
vt 0.415703 0.889270
vt 0.415710 0.875497
vt 0.415809 0.861673
vt 0.415915 0.847790
vt 0.416012 0.833854
vt 0.416028 0.819883
vt 0.415879 0.805913
vt 0.415661 0.791978
vt 0.415434 0.778096
vt 0.415197 0.764270
vt 0.415032 0.750490
vt 0.411458 0.722972
vt 0.411398 0.736709
vt 0.411501 0.709300
vt 0.411658 0.695743
vt 0.412896 0.682380
vt 0.412748 0.944062
vt 0.414124 0.957444
vt 0.412468 0.930496
vt 0.412308 0.916815
vt 0.412139 0.903074
vt 0.412039 0.889291
vt 0.412115 0.875485
vt 0.412248 0.861653
vt 0.412385 0.847769
vt 0.412513 0.833840
vt 0.412595 0.819901
vt 0.412380 0.805962
vt 0.412132 0.792034
vt 0.411873 0.778152
vt 0.411600 0.764319
vt 0.411372 0.750500
vt 0.407715 0.722882
vt 0.407629 0.736648
vt 0.407782 0.709148
vt 0.407967 0.695389
vt 0.409376 0.681316
vt 0.409061 0.944450
vt 0.410615 0.958542
vt 0.408750 0.930677
vt 0.408565 0.916933
vt 0.408371 0.903159
vt 0.408192 0.889309
vt 0.408347 0.875440
vt 0.408508 0.861597
vt 0.408671 0.847713
vt 0.408819 0.833795
vt 0.408993 0.819920
vt 0.408687 0.806045
vt 0.408418 0.792127
vt 0.408133 0.778247
vt 0.407833 0.764403
vt 0.407525 0.750515
vt 0.458184 0.722043
vt 0.454514 0.722239
vt 0.454765 0.736265
vt 0.458459 0.736130
vt 0.457836 0.707732
vt 0.454199 0.707948
vt 0.457319 0.693056
vt 0.453716 0.693173
vt 0.457153 0.678289
vt 0.453497 0.677741
vt 0.458443 0.946326
vt 0.454839 0.946241
vt 0.454758 0.961686
vt 0.458409 0.961105
vt 0.458824 0.931653
vt 0.455186 0.931471
vt 0.459047 0.917347
vt 0.455376 0.917184
vt 0.459202 0.903263
vt 0.455507 0.903159
vt 0.459369 0.889238
vt 0.455600 0.889239
vt 0.459086 0.875264
vt 0.455389 0.875365
vt 0.458828 0.861358
vt 0.455150 0.861504
vt 0.458569 0.847460
vt 0.454912 0.847607
vt 0.458317 0.833560
vt 0.454679 0.833666
vt 0.458053 0.819698
vt 0.454472 0.819712
vt 0.458194 0.805833
vt 0.454555 0.805757
vt 0.458319 0.791931
vt 0.454662 0.791814
vt 0.458455 0.778031
vt 0.454776 0.777915
vt 0.458595 0.764119
vt 0.454898 0.764053
vt 0.458727 0.750148
vt 0.454956 0.750182
vt 0.451120 0.722410
vt 0.451348 0.736379
vt 0.450840 0.708149
vt 0.450405 0.693320
vt 0.450047 0.677370
vt 0.451527 0.946123
vt 0.451312 0.962091
vt 0.451825 0.931301
vt 0.451980 0.917043
vt 0.452087 0.903073
vt 0.452134 0.889234
vt 0.451965 0.875434
vt 0.451744 0.861613
vt 0.451522 0.847720
vt 0.451305 0.833745
vt 0.451132 0.819725
vt 0.451180 0.805705
vt 0.451270 0.791730
vt 0.451367 0.777835
vt 0.451475 0.764015
vt 0.451488 0.750219
vt 0.448052 0.722553
vt 0.448265 0.736474
vt 0.447802 0.708329
vt 0.447417 0.693504
vt 0.446885 0.677279
vt 0.448538 0.945963
vt 0.448151 0.962212
vt 0.448785 0.931149
vt 0.448912 0.916927
vt 0.449003 0.903005
vt 0.449031 0.889226
vt 0.448878 0.875481
vt 0.448667 0.861690
vt 0.448455 0.847800
vt 0.448249 0.833803
vt 0.448086 0.819738
vt 0.448124 0.805673
vt 0.448203 0.791676
vt 0.448289 0.777785
vt 0.448365 0.763995
vt 0.448407 0.750251
vt 0.445131 0.722668
vt 0.445334 0.736550
vt 0.444906 0.708489
vt 0.444570 0.693725
vt 0.443862 0.677516
vt 0.445688 0.945783
vt 0.445127 0.961969
vt 0.445887 0.931015
vt 0.445991 0.916839
vt 0.446069 0.902955
vt 0.446108 0.889215
vt 0.445946 0.875506
vt 0.445745 0.861734
vt 0.445542 0.847848
vt 0.445347 0.833839
vt 0.445173 0.819751
vt 0.445220 0.805661
vt 0.445289 0.791653
vt 0.445366 0.777766
vt 0.445434 0.763997
vt 0.445482 0.750288
vt 0.442049 0.722762
vt 0.442217 0.736611
vt 0.441854 0.708641
vt 0.441578 0.693989
vt 0.440724 0.678147
vt 0.442692 0.945543
vt 0.441985 0.961369
vt 0.442834 0.930891
vt 0.442909 0.916771
vt 0.442971 0.902920
vt 0.443004 0.889206
vt 0.442856 0.875516
vt 0.442673 0.861755
vt 0.442486 0.847872
vt 0.442308 0.833861
vt 0.442146 0.819764
vt 0.442181 0.805666
vt 0.442233 0.791655
vt 0.442292 0.777772
vt 0.442344 0.764014
vt 0.442396 0.750322
vt 0.438629 0.722852
vt 0.438774 0.736668
vt 0.438478 0.708808
vt 0.438274 0.694351
vt 0.437334 0.679131
vt 0.439384 0.945209
vt 0.438588 0.960417
vt 0.439457 0.930755
vt 0.439489 0.916712
vt 0.439525 0.902894
vt 0.439531 0.889199
vt 0.439420 0.875519
vt 0.439267 0.861762
vt 0.439111 0.847882
vt 0.438961 0.833875
vt 0.438831 0.819779
vt 0.438835 0.805681
vt 0.438857 0.791674
vt 0.438885 0.777795
vt 0.438908 0.764041
vt 0.438921 0.750361
vt 0.434927 0.722935
vt 0.435037 0.736719
vt 0.434829 0.708990
vt 0.434703 0.694809
vt 0.433786 0.680377
vt 0.435807 0.944783
vt 0.435031 0.959205
vt 0.435806 0.930605
vt 0.435787 0.916661
vt 0.435787 0.902877
vt 0.435750 0.889195
vt 0.435693 0.875519
vt 0.435581 0.861758
vt 0.435467 0.847880
vt 0.435355 0.833882
vt 0.435272 0.819795
vt 0.435229 0.805707
vt 0.435212 0.791709
vt 0.435198 0.777833
vt 0.435181 0.764075
vt 0.435139 0.750400
vt 0.431157 0.723003
vt 0.431228 0.736756
vt 0.431110 0.709169
vt 0.431059 0.695306
vt 0.430300 0.681686
vt 0.432157 0.944320
vt 0.431535 0.957928
vt 0.432084 0.930460
vt 0.432017 0.916626
vt 0.431977 0.902874
vt 0.431890 0.889196
vt 0.431894 0.875513
vt 0.431826 0.861742
vt 0.431758 0.847864
vt 0.431690 0.833879
vt 0.431656 0.819811
vt 0.431565 0.805742
vt 0.431503 0.791758
vt 0.431441 0.777882
vt 0.431378 0.764116
vt 0.431281 0.750435
vt 0.427563 0.723043
vt 0.427599 0.736773
vt 0.427556 0.709313
vt 0.427566 0.695744
vt 0.427085 0.682814
vt 0.428658 0.943917
vt 0.428312 0.956828
vt 0.428528 0.930348
vt 0.428424 0.916617
vt 0.428349 0.902889
vt 0.428217 0.889204
vt 0.428277 0.875503
vt 0.428248 0.861715
vt 0.428224 0.847837
vt 0.428197 0.833868
vt 0.428202 0.819827
vt 0.428073 0.805786
vt 0.427969 0.791818
vt 0.427862 0.777941
vt 0.427756 0.764159
vt 0.427613 0.750461
vt 0.424298 0.723055
vt 0.424310 0.736770
vt 0.424312 0.709403
vt 0.424366 0.696047
vt 0.424229 0.683570
vt 0.425453 0.943649
vt 0.425452 0.956095
vt 0.425282 0.930286
vt 0.425160 0.916633
vt 0.425064 0.902920
vt 0.424949 0.889210
vt 0.424955 0.875483
vt 0.424999 0.861685
vt 0.425011 0.847807
vt 0.425016 0.833853
vt 0.425037 0.819843
vt 0.424894 0.805831
vt 0.424756 0.791877
vt 0.424613 0.777998
vt 0.424474 0.764199
vt 0.424304 0.750476
vt 0.214966 0.722402
vt 0.211858 0.722450
vt 0.212089 0.736663
vt 0.215219 0.736615
vt 0.214737 0.708293
vt 0.211629 0.708350
vt 0.214577 0.694555
vt 0.211490 0.694598
vt 0.214583 0.681768
vt 0.211871 0.681731
vt 0.220238 0.950993
vt 0.217154 0.951056
vt 0.218127 0.963949
vt 0.220839 0.963717
vt 0.219793 0.937241
vt 0.216683 0.937320
vt 0.219413 0.923133
vt 0.216291 0.923222
vt 0.219053 0.908927
vt 0.215942 0.909011
vt 0.218697 0.894698
vt 0.215597 0.894777
vt 0.218446 0.880436
vt 0.215347 0.880503
vt 0.218244 0.866118
vt 0.215167 0.866174
vt 0.218044 0.851725
vt 0.214992 0.851779
vt 0.217834 0.837263
vt 0.214806 0.837323
vt 0.217560 0.822757
vt 0.214532 0.822826
vt 0.217180 0.808258
vt 0.214155 0.808333
vt 0.216756 0.793801
vt 0.213704 0.793883
vt 0.216324 0.779411
vt 0.213246 0.779493
vt 0.215884 0.765094
vt 0.212780 0.765167
vt 0.215489 0.750841
vt 0.212395 0.750899
vt 0.208473 0.722488
vt 0.208687 0.736710
vt 0.208250 0.708363
vt 0.208136 0.694495
vt 0.208880 0.681240
vt 0.213808 0.951318
vt 0.215159 0.964565
vt 0.213306 0.937455
vt 0.212907 0.923328
vt 0.212502 0.909104
vt 0.212210 0.894853
vt 0.211965 0.880571
vt 0.211814 0.866236
vt 0.211669 0.851839
vt 0.211514 0.837387
vt 0.211274 0.822900
vt 0.210864 0.808418
vt 0.210382 0.793973
vt 0.209892 0.779582
vt 0.209393 0.765250
vt 0.208969 0.750965
vt 0.204758 0.722498
vt 0.204948 0.736742
vt 0.204552 0.708320
vt 0.204465 0.694260
vt 0.205504 0.680381
vt 0.210152 0.951721
vt 0.211824 0.965571
vt 0.209612 0.937659
vt 0.209195 0.923477
vt 0.208768 0.909231
vt 0.208411 0.894943
vt 0.208237 0.880625
vt 0.208121 0.866280
vt 0.208009 0.851882
vt 0.207886 0.837437
vt 0.207715 0.822982
vt 0.207237 0.808533
vt 0.206724 0.794095
vt 0.206200 0.779706
vt 0.205664 0.765367
vt 0.205173 0.751043
vt 0.200875 0.722472
vt 0.201038 0.736749
vt 0.200693 0.708231
vt 0.200632 0.693961
vt 0.201835 0.679342
vt 0.206335 0.952191
vt 0.208206 0.966774
vt 0.205761 0.937915
vt 0.205316 0.923668
vt 0.204862 0.909389
vt 0.204423 0.895031
vt 0.204330 0.880648
vt 0.204242 0.866291
vt 0.204156 0.851892
vt 0.204055 0.837457
vt 0.203980 0.823067
vt 0.203409 0.808686
vt 0.202875 0.794259
vt 0.202325 0.779873
vt 0.201759 0.765523
vt 0.201185 0.751129
vt 0.253191 0.720677
vt 0.249389 0.720947
vt 0.249907 0.735486
vt 0.253735 0.735279
vt 0.252567 0.705844
vt 0.248800 0.706134
vt 0.251762 0.690637
vt 0.248029 0.690824
vt 0.251319 0.675327
vt 0.247518 0.674827
vt 0.257574 0.953230
vt 0.253836 0.953208
vt 0.254035 0.969225
vt 0.257810 0.968554
vt 0.257700 0.938009
vt 0.253924 0.937887
vt 0.257668 0.923171
vt 0.253859 0.923069
vt 0.257571 0.908564
vt 0.253737 0.908524
vt 0.257487 0.894019
vt 0.253579 0.894089
vt 0.256937 0.879535
vt 0.253105 0.879707
vt 0.256414 0.865120
vt 0.252604 0.865339
vt 0.255891 0.850714
vt 0.252102 0.850934
vt 0.255375 0.836306
vt 0.251604 0.836482
vt 0.254846 0.821937
vt 0.251134 0.822017
vt 0.254738 0.807558
vt 0.250964 0.807546
vt 0.254613 0.793141
vt 0.250818 0.793086
vt 0.254499 0.778725
vt 0.250682 0.778673
vt 0.254389 0.764298
vt 0.250554 0.764298
vt 0.254269 0.749809
vt 0.250360 0.749913
vt 0.245873 0.721187
vt 0.246366 0.735667
vt 0.245321 0.706405
vt 0.244598 0.691037
vt 0.243934 0.674504
vt 0.250399 0.953146
vt 0.250469 0.969707
vt 0.250436 0.937772
vt 0.250336 0.922985
vt 0.250190 0.908498
vt 0.249984 0.894147
vt 0.249557 0.879842
vt 0.249073 0.865515
vt 0.248589 0.851113
vt 0.248107 0.836626
vt 0.247671 0.822092
vt 0.247463 0.807555
vt 0.247300 0.793061
vt 0.247146 0.778652
vt 0.247004 0.764321
vt 0.246765 0.750015
vt 0.242695 0.721391
vt 0.243171 0.735822
vt 0.242174 0.706647
vt 0.241503 0.691282
vt 0.240654 0.674469
vt 0.247297 0.953035
vt 0.247194 0.969891
vt 0.247281 0.937670
vt 0.247152 0.922922
vt 0.246990 0.908484
vt 0.246767 0.894196
vt 0.246357 0.879946
vt 0.245885 0.865651
vt 0.245410 0.851252
vt 0.244940 0.836743
vt 0.244513 0.822161
vt 0.244294 0.807577
vt 0.244119 0.793062
vt 0.243953 0.778656
vt 0.243779 0.764357
vt 0.243571 0.750105
vt 0.239668 0.721564
vt 0.240133 0.735954
vt 0.239174 0.706866
vt 0.238555 0.691563
vt 0.237524 0.674770
vt 0.244338 0.952901
vt 0.244054 0.969694
vt 0.244274 0.937585
vt 0.244121 0.922884
vt 0.243948 0.908486
vt 0.243736 0.894238
vt 0.243317 0.880026
vt 0.242856 0.865750
vt 0.242390 0.851355
vt 0.241931 0.836834
vt 0.241492 0.822229
vt 0.241283 0.807618
vt 0.241097 0.793092
vt 0.240922 0.778691
vt 0.240740 0.764413
vt 0.240538 0.750196
vt 0.236474 0.721718
vt 0.236902 0.736075
vt 0.236013 0.707080
vt 0.235458 0.691893
vt 0.234281 0.675482
vt 0.241228 0.952707
vt 0.240785 0.969130
vt 0.241106 0.937512
vt 0.240924 0.922870
vt 0.240735 0.908507
vt 0.240517 0.894286
vt 0.240113 0.880093
vt 0.239670 0.865828
vt 0.239222 0.851437
vt 0.238780 0.836912
vt 0.238354 0.822298
vt 0.238132 0.807679
vt 0.237928 0.793149
vt 0.237735 0.778754
vt 0.237536 0.764487
vt 0.237339 0.750289
vt 0.232929 0.721874
vt 0.233333 0.736198
vt 0.232515 0.707315
vt 0.232038 0.692328
vt 0.230785 0.676564
vt 0.237791 0.952421
vt 0.237245 0.968205
vt 0.237601 0.937432
vt 0.237377 0.922871
vt 0.237161 0.908543
vt 0.236916 0.894342
vt 0.236550 0.880160
vt 0.236139 0.865898
vt 0.235723 0.851509
vt 0.235310 0.836988
vt 0.234917 0.822373
vt 0.234662 0.807756
vt 0.234428 0.793232
vt 0.234203 0.778840
vt 0.233975 0.764578
vt 0.233737 0.750393
vt 0.229092 0.722029
vt 0.229460 0.736319
vt 0.228735 0.707571
vt 0.228344 0.692869
vt 0.227128 0.677921
vt 0.234075 0.952045
vt 0.233534 0.967014
vt 0.233813 0.937344
vt 0.233538 0.922886
vt 0.233285 0.908593
vt 0.232995 0.894407
vt 0.232686 0.880227
vt 0.232317 0.865961
vt 0.231944 0.851574
vt 0.231572 0.837061
vt 0.231227 0.822455
vt 0.230924 0.807848
vt 0.230650 0.793335
vt 0.230380 0.778946
vt 0.230110 0.764682
vt 0.229816 0.750503
vt 0.225184 0.722168
vt 0.225510 0.736428
vt 0.224882 0.707824
vt 0.224574 0.693450
vt 0.223537 0.679342
vt 0.230281 0.951632
vt 0.229886 0.965754
vt 0.229952 0.937262
vt 0.229628 0.922920
vt 0.229334 0.908660
vt 0.228993 0.894479
vt 0.228746 0.880291
vt 0.228423 0.866013
vt 0.228098 0.851625
vt 0.227771 0.837125
vt 0.227478 0.822539
vt 0.227125 0.807953
vt 0.226805 0.793453
vt 0.226485 0.779067
vt 0.226168 0.764793
vt 0.225816 0.750609
vt 0.221458 0.722275
vt 0.221748 0.736511
vt 0.221199 0.708038
vt 0.220961 0.693969
vt 0.220225 0.680571
vt 0.226646 0.951278
vt 0.226524 0.964673
vt 0.226262 0.937211
vt 0.225903 0.922976
vt 0.225573 0.908743
vt 0.225185 0.894555
vt 0.224995 0.880347
vt 0.224713 0.866051
vt 0.224433 0.851662
vt 0.224149 0.837178
vt 0.223896 0.822619
vt 0.223505 0.808062
vt 0.223142 0.793580
vt 0.222775 0.779194
vt 0.222413 0.764905
vt 0.222013 0.750704
vt 0.218073 0.722348
vt 0.218337 0.736569
vt 0.217837 0.708192
vt 0.217648 0.694342
vt 0.217277 0.681407
vt 0.223318 0.951059
vt 0.223545 0.963965
vt 0.222896 0.937207
vt 0.222518 0.923052
vt 0.222167 0.908835
vt 0.221796 0.894621
vt 0.221550 0.880387
vt 0.221344 0.866080
vt 0.221101 0.851690
vt 0.220851 0.837220
vt 0.220615 0.822693
vt 0.220210 0.808167
vt 0.219811 0.793700
vt 0.219407 0.779312
vt 0.219010 0.765006
vt 0.218583 0.750780
vt 0.872280 0.454569
vt 0.819526 0.453895
vt 0.820556 0.554450
vt 0.872218 0.554199
vt 0.949282 0.452857
vt 0.925254 0.453403
vt 0.923746 0.553785
vt 0.947048 0.553556
vt 0.795686 0.453440
vt 0.775825 0.453250
vt 0.777548 0.554930
vt 0.797097 0.554520
vt 0.969350 0.452698
vt 0.966401 0.553731
vt 0.755997 0.453186
vt 0.757900 0.554531
vt 0.989448 0.452818
vt 0.985799 0.553076
vt 0.738957 0.452489
vt 0.740463 0.554800
vt 0.464153 0.556665
vt 0.481390 0.556698
vt 0.479288 0.455224
vt 0.462087 0.456513
vt 0.719177 0.453695
vt 0.721860 0.555040
vt 0.499798 0.556678
vt 0.499305 0.455815
vt 0.702170 0.454926
vt 0.706304 0.555288
vt 0.515227 0.556707
vt 0.516482 0.456612
vt 0.684681 0.455909
vt 0.688003 0.555151
vt 0.533413 0.556302
vt 0.534090 0.457221
vt 0.666798 0.455635
vt 0.669552 0.554986
vt 0.552037 0.456598
vt 0.551784 0.555875
vt 0.610613 0.554749
vt 0.609415 0.454141
vt 0.922910 0.649553
vt 0.945302 0.649505
vt 0.965302 0.650021
vt 0.986463 0.648646
vt 0.479227 0.653536
vt 0.459607 0.652147
vt 0.498384 0.652947
vt 0.514117 0.652285
vt 0.533786 0.650882
vt 0.610943 0.650212
vt 0.552183 0.651180
vt 0.669541 0.650407
vt 0.687859 0.649908
vt 0.707392 0.651165
vt 0.722988 0.651764
vt 0.741930 0.652380
vt 0.761321 0.651099
vt 0.782272 0.651817
vt 0.802030 0.650728
vt 0.824282 0.650328
vt 0.873565 0.649507
vt 0.761144 0.431912
vt 0.781331 0.432394
vt 0.779752 0.416701
vt 0.761026 0.418043
vt 0.820735 0.432153
vt 0.860128 0.432626
vt 0.861801 0.416944
vt 0.820779 0.416143
vt 0.750014 0.416790
vt 0.744707 0.428083
vt 0.880515 0.418406
vt 0.880307 0.432271
vt 0.896763 0.428555
vt 0.891533 0.417227
vt 0.742525 0.409497
vt 0.732077 0.415704
vt 0.909474 0.416264
vt 0.899069 0.409984
vt 0.740388 0.397622
vt 0.728293 0.399569
vt 0.913367 0.400155
vt 0.901285 0.398124
vt 0.742018 0.387043
vt 0.732310 0.383836
vt 0.909455 0.384394
vt 0.899724 0.387534
vt 0.748640 0.380534
vt 0.741235 0.374061
vt 0.900593 0.374558
vt 0.893143 0.380981
vt 0.761999 0.380521
vt 0.757260 0.368752
vt 0.879783 0.380880
vt 0.884599 0.369142
vt 0.773841 0.368869
vt 0.778046 0.380760
vt 0.820894 0.378304
vt 0.820921 0.369598
vt 0.868012 0.369152
vt 0.863731 0.381017
vt 0.752837 0.388773
vt 0.888892 0.389191
vt 0.750815 0.395988
vt 0.890868 0.396419
vt 0.751041 0.405860
vt 0.890578 0.406288
vt 0.784711 0.397038
vt 0.820839 0.396372
vt 0.856963 0.397253
vt 0.781605 0.398061
vt 0.778146 0.413379
vt 0.881347 0.278062
vt 0.891159 0.279996
vt 0.891963 0.267606
vt 0.881153 0.267480
vt 0.790065 0.263300
vt 0.777027 0.264566
vt 0.775277 0.275481
vt 0.790247 0.276874
vt 0.864511 0.265775
vt 0.865911 0.276702
vt 0.776024 0.384448
vt 0.894348 0.293478
vt 0.883093 0.292264
vt 0.775770 0.291674
vt 0.790312 0.292895
vt 0.864938 0.292794
vt 0.699112 0.926692
vt 0.725628 0.925558
vt 0.722484 0.908332
vt 0.710040 0.892224
vt 0.502530 0.933495
vt 0.529060 0.932742
vt 0.515710 0.899138
vt 0.504442 0.916089
vt 0.709106 0.958247
vt 0.720945 0.945353
vt 0.521333 0.964927
vt 0.508608 0.952907
vt 0.690864 0.885366
vt 0.688441 0.925793
vt 0.539639 0.931087
vt 0.534350 0.890934
vt 0.692186 0.964219
vt 0.538635 0.969682
vt 0.671348 0.925264
vt 0.673928 0.965344
vt 0.556926 0.969507
vt 0.556651 0.929344
vt 0.666449 0.885521
vt 0.558714 0.889354
vt 0.612580 0.887399
vt 0.613878 0.923865
vt 0.615425 0.967350
vt 0.865730 0.384717
vt 0.860063 0.398294
vt 0.866671 0.399943
vt 0.868457 0.391020
vt 0.868822 0.408040
vt 0.863428 0.413632
vt 0.759809 0.276387
vt 0.749938 0.278020
vt 0.746337 0.291516
vt 0.757631 0.290593
vt 0.749536 0.265550
vt 0.760344 0.265777
vt 0.878724 0.415694
vt 0.875883 0.410532
vt 0.762835 0.415343
vt 0.851519 0.264151
vt 0.850896 0.277690
vt 0.850369 0.293676
vt 0.898637 0.256369
vt 0.882702 0.254015
vt 0.759250 0.252255
vt 0.743246 0.254083
vt 0.866982 0.254225
vt 0.774948 0.252938
vt 0.852436 0.253662
vt 0.789503 0.252779
vt 0.839090 0.261522
vt 0.836866 0.275702
vt 0.802577 0.261010
vt 0.804337 0.275253
vt 0.836995 0.288513
vt 0.803828 0.288044
vt 0.837636 0.250926
vt 0.804397 0.250449
vt 0.820619 0.274595
vt 0.820834 0.261139
vt 0.820417 0.288157
vt 0.821058 0.248444
vt 0.887011 0.406058
vt 0.880801 0.405078
vt 0.754610 0.405653
vt 0.905549 0.331341
vt 0.887431 0.332430
vt 0.886927 0.344425
vt 0.903769 0.343646
vt 0.752400 0.330854
vt 0.734308 0.329384
vt 0.735858 0.341741
vt 0.752685 0.342862
vt 0.870476 0.333180
vt 0.869826 0.345510
vt 0.769336 0.331945
vt 0.769760 0.344304
vt 0.855003 0.333584
vt 0.853711 0.345211
vt 0.784795 0.332735
vt 0.785876 0.344394
vt 0.887519 0.397148
vt 0.881743 0.398513
vt 0.754159 0.396740
vt 0.906014 0.320811
vt 0.887376 0.321960
vt 0.752662 0.320383
vt 0.734052 0.318812
vt 0.869265 0.323823
vt 0.770729 0.322587
vt 0.855164 0.323668
vt 0.784836 0.322808
vt 0.885507 0.390874
vt 0.879537 0.394073
vt 0.756211 0.390479
vt 0.903129 0.313315
vt 0.886013 0.313736
vt 0.754202 0.312202
vt 0.737089 0.311341
vt 0.868684 0.314249
vt 0.771510 0.312971
vt 0.853345 0.315227
vt 0.786840 0.314411
vt 0.878415 0.384710
vt 0.876503 0.389836
vt 0.763341 0.384360
vt 0.900897 0.305250
vt 0.884134 0.302975
vt 0.756294 0.301276
vt 0.739499 0.303257
vt 0.867224 0.303913
vt 0.773200 0.302815
vt 0.852336 0.304980
vt 0.788077 0.304181
vt 0.836311 0.304403
vt 0.804079 0.303865
vt 0.820170 0.305449
vt 0.837175 0.343220
vt 0.837561 0.334403
vt 0.802460 0.342823
vt 0.802227 0.334009
vt 0.819901 0.333968
vt 0.819831 0.341740
vt 0.838419 0.325240
vt 0.801552 0.324842
vt 0.819980 0.325606
vt 0.837612 0.315480
vt 0.820078 0.316679
vt 0.802580 0.315141
vt 0.772786 0.407754
vt 0.765709 0.410201
vt 0.760825 0.404714
vt 0.759926 0.398143
vt 0.762160 0.393718
vt 0.765220 0.389500
vt 0.773257 0.390735
vt 0.774987 0.399670
vt 0.649190 0.669994
vt 0.648381 0.763060
vt 0.696823 0.763566
vt 0.698456 0.669550
vt 0.577515 0.667696
vt 0.578080 0.762134
vt 0.599992 0.762466
vt 0.599859 0.668481
vt 0.720738 0.669207
vt 0.718799 0.763735
vt 0.737102 0.764203
vt 0.739308 0.669100
vt 0.558869 0.667255
vt 0.559859 0.762202
vt 0.755496 0.763917
vt 0.757852 0.669110
vt 0.540217 0.666979
vt 0.541575 0.761494
vt 0.771811 0.764244
vt 0.773797 0.668518
vt 0.524156 0.666197
vt 0.525380 0.761456
vt 0.792298 0.669717
vt 0.789216 0.764551
vt 0.505492 0.667218
vt 0.508119 0.761374
vt 0.808208 0.670930
vt 0.803766 0.764852
vt 0.489402 0.668367
vt 0.493726 0.761355
vt 0.824576 0.671910
vt 0.820879 0.764804
vt 0.982019 0.766937
vt 0.982379 0.673778
vt 0.965810 0.674095
vt 0.965108 0.766495
vt 0.841327 0.671716
vt 0.838124 0.764732
vt 0.948952 0.673294
vt 0.895147 0.670614
vt 0.893163 0.764714
vt 0.948000 0.766046
vt 0.580216 0.852099
vt 0.601073 0.852119
vt 0.561611 0.852659
vt 0.541937 0.851535
vt 0.523617 0.852218
vt 0.505760 0.851083
vt 0.491024 0.849976
vt 0.965414 0.854690
vt 0.983960 0.855833
vt 0.892862 0.854173
vt 0.948115 0.855040
vt 0.820763 0.853500
vt 0.837925 0.854059
vt 0.802468 0.854574
vt 0.787866 0.855054
vt 0.770136 0.855533
vt 0.751996 0.854233
vt 0.732397 0.854796
vt 0.713923 0.853671
vt 0.647119 0.852224
vt 0.693126 0.853180
vt 0.563759 0.371868
vt 0.564141 0.385314
vt 0.579112 0.386360
vt 0.580942 0.371321
vt 0.617318 0.370465
vt 0.617707 0.385637
vt 0.656289 0.384390
vt 0.653692 0.369463
vt 0.549280 0.375295
vt 0.554571 0.386074
vt 0.671187 0.382581
vt 0.680785 0.382853
vt 0.685519 0.371818
vt 0.670882 0.369134
vt 0.538021 0.386566
vt 0.548111 0.392529
vt 0.687565 0.388972
vt 0.697339 0.382503
vt 0.546277 0.403107
vt 0.534624 0.401184
vt 0.701475 0.396932
vt 0.689935 0.399444
vt 0.538016 0.415545
vt 0.547382 0.412642
vt 0.689317 0.409023
vt 0.698817 0.411447
vt 0.553153 0.418639
vt 0.545967 0.424723
vt 0.691343 0.421017
vt 0.683858 0.415306
vt 0.560377 0.429885
vt 0.564981 0.418544
vt 0.672041 0.415812
vt 0.677215 0.426905
vt 0.574909 0.429665
vt 0.618803 0.428632
vt 0.618593 0.420382
vt 0.578129 0.418241
vt 0.662692 0.427425
vt 0.658895 0.416179
vt 0.558194 0.410763
vt 0.678423 0.407696
vt 0.557101 0.404466
vt 0.679195 0.401352
vt 0.557218 0.396151
vt 0.678655 0.393053
vt 0.618169 0.403722
vt 0.582297 0.403614
vt 0.653988 0.401784
vt 0.576878 0.390071
vt 0.578045 0.402756
vt 0.690507 0.262044
vt 0.691732 0.272796
vt 0.703301 0.273324
vt 0.700164 0.259338
vt 0.600582 0.277232
vt 0.601461 0.264369
vt 0.586751 0.265379
vt 0.587533 0.275922
vt 0.675328 0.263941
vt 0.674836 0.274486
vt 0.575728 0.414231
vt 0.698368 0.244387
vt 0.688795 0.248040
vt 0.603732 0.248849
vt 0.590028 0.249686
vt 0.671637 0.248362
vt 0.944079 0.923133
vt 0.956488 0.954965
vt 0.967237 0.939018
vt 0.969150 0.922584
vt 0.758312 0.928725
vt 0.761178 0.945020
vt 0.772838 0.960314
vt 0.783373 0.927814
vt 0.963525 0.904205
vt 0.951576 0.892771
vt 0.774121 0.897940
vt 0.762857 0.910051
vt 0.934073 0.924633
vt 0.938826 0.962603
vt 0.790914 0.966911
vt 0.793449 0.928729
vt 0.935257 0.888173
vt 0.790145 0.892400
vt 0.917989 0.926176
vt 0.917973 0.888227
vt 0.807402 0.891448
vt 0.809595 0.929333
vt 0.915797 0.963947
vt 0.813982 0.966913
vt 0.863887 0.931005
vt 0.864891 0.965466
vt 0.862689 0.889909
vt 0.709558 0.241152
vt 0.710572 0.255781
vt 0.715171 0.271226
vt 0.571549 0.263934
vt 0.572893 0.249878
vt 0.563242 0.246494
vt 0.561834 0.261498
vt 0.559085 0.275600
vt 0.570621 0.274739
vt 0.709079 0.286252
vt 0.719293 0.286354
vt 0.566127 0.388334
vt 0.660576 0.263395
vt 0.661816 0.276211
vt 0.657904 0.247944
vt 0.693386 0.285985
vt 0.569351 0.288004
vt 0.553687 0.288724
vt 0.677621 0.285507
vt 0.585074 0.287054
vt 0.662812 0.286219
vt 0.599881 0.287286
vt 0.646996 0.265720
vt 0.649365 0.278730
vt 0.613089 0.279340
vt 0.615084 0.266253
vt 0.646565 0.254084
vt 0.615211 0.254618
vt 0.647601 0.288607
vt 0.615152 0.289155
vt 0.631050 0.266761
vt 0.631220 0.278939
vt 0.630882 0.254360
vt 0.631399 0.290527
vt 0.711648 0.298416
vt 0.722382 0.300086
vt 0.561480 0.396613
vt 0.694993 0.297614
vt 0.568100 0.299697
vt 0.551480 0.300991
vt 0.679196 0.297336
vt 0.583867 0.298964
vt 0.664745 0.297286
vt 0.598298 0.298432
vt 0.713031 0.308617
vt 0.722841 0.309951
vt 0.561301 0.403762
vt 0.695790 0.307836
vt 0.567628 0.309943
vt 0.550409 0.311257
vt 0.678698 0.306389
vt 0.584653 0.308036
vt 0.665357 0.306775
vt 0.598007 0.307950
vt 0.710889 0.315887
vt 0.721900 0.317071
vt 0.562355 0.408799
vt 0.695158 0.315889
vt 0.568531 0.317955
vt 0.552776 0.318484
vt 0.678714 0.315651
vt 0.584938 0.317350
vt 0.663949 0.314888
vt 0.599704 0.316017
vt 0.709792 0.323814
vt 0.720381 0.326532
vt 0.566461 0.414443
vt 0.694309 0.326403
vt 0.569673 0.328635
vt 0.554120 0.326407
vt 0.677870 0.325658
vt 0.586154 0.327157
vt 0.663285 0.324762
vt 0.600728 0.325869
vt 0.705201 0.335932
vt 0.716925 0.338147
vt 0.694137 0.336822
vt 0.559089 0.338428
vt 0.570239 0.339007
vt 0.676270 0.336423
vt 0.588162 0.337902
vt 0.661530 0.335759
vt 0.602900 0.336832
vt 0.647684 0.324972
vt 0.647979 0.339668
vt 0.616665 0.340322
vt 0.616307 0.325678
vt 0.631978 0.324056
vt 0.632342 0.340076
vt 0.648334 0.296881
vt 0.614684 0.297446
vt 0.631516 0.297670
vt 0.649406 0.305465
vt 0.613910 0.306054
vt 0.631645 0.305397
vt 0.648830 0.314623
vt 0.631793 0.313656
vt 0.614829 0.315158
vt 0.658710 0.387982
vt 0.669358 0.385699
vt 0.674422 0.393731
vt 0.674964 0.400862
vt 0.674168 0.405946
vt 0.670354 0.411792
vt 0.661089 0.412052
vt 0.658191 0.400710
vt 0.543486 0.289098
vt 0.547169 0.273816
vt 0.540805 0.302952
vt 0.540641 0.312856
vt 0.541798 0.319974
vt 0.543606 0.329418
vt 0.547413 0.340957
vt 0.551977 0.243550
vt 0.551342 0.258213
vt 0.176161 0.367121
vt 0.167601 0.366612
vt 0.169229 0.338292
vt 0.177061 0.339018
vt 0.175615 0.396766
vt 0.166852 0.396414
vt 0.175158 0.427159
vt 0.166309 0.426889
vt 0.174802 0.457860
vt 0.165941 0.457644
vt 0.174446 0.488561
vt 0.165600 0.488384
vt 0.173988 0.518953
vt 0.165220 0.518820
vt 0.173442 0.548598
vt 0.164886 0.548533
vt 0.172543 0.576701
vt 0.164694 0.576803
vt 0.171268 0.602313
vt 0.165370 0.602709
vt 0.172462 0.312451
vt 0.178336 0.313407
vt 0.159092 0.365713
vt 0.161455 0.336822
vt 0.158164 0.395879
vt 0.157526 0.426551
vt 0.157150 0.457447
vt 0.156826 0.488314
vt 0.156517 0.518909
vt 0.156393 0.548890
vt 0.156872 0.577676
vt 0.159415 0.604374
vt 0.166573 0.310241
vt 0.150672 0.364527
vt 0.153760 0.334790
vt 0.149599 0.395222
vt 0.148856 0.426171
vt 0.148479 0.457282
vt 0.148172 0.488343
vt 0.147925 0.519188
vt 0.148002 0.549589
vt 0.149104 0.579153
vt 0.153366 0.607071
vt 0.160620 0.307024
vt 0.142482 0.363167
vt 0.146134 0.332407
vt 0.141051 0.394410
vt 0.140310 0.425766
vt 0.139939 0.457150
vt 0.139650 0.488453
vt 0.139458 0.519607
vt 0.139720 0.550522
vt 0.141393 0.581024
vt 0.147174 0.610486
vt 0.154539 0.303118
vt 0.134387 0.361696
vt 0.138543 0.329853
vt 0.132604 0.393553
vt 0.131878 0.425358
vt 0.131513 0.457045
vt 0.131240 0.488619
vt 0.131095 0.520118
vt 0.131524 0.551594
vt 0.133712 0.583101
vt 0.140782 0.614301
vt 0.148265 0.298841
vt 0.126343 0.360173
vt 0.130941 0.327246
vt 0.124222 0.392672
vt 0.123521 0.424952
vt 0.123159 0.456958
vt 0.122898 0.488821
vt 0.122796 0.520683
vt 0.123374 0.552737
vt 0.126018 0.585250
vt 0.134129 0.618234
vt 0.141735 0.294470
vt 0.118200 0.358636
vt 0.123287 0.324659
vt 0.115959 0.391840
vt 0.115197 0.424551
vt 0.114834 0.456881
vt 0.114583 0.489042
vt 0.114518 0.521276
vt 0.115225 0.553907
vt 0.118266 0.587381
vt 0.127169 0.622050
vt 0.134903 0.290230
vt 0.110047 0.357103
vt 0.115551 0.322130
vt 0.107687 0.390999
vt 0.106876 0.424154
vt 0.106509 0.456813
vt 0.106267 0.489276
vt 0.106233 0.521882
vt 0.107051 0.555075
vt 0.110421 0.589447
vt 0.119879 0.625566
vt 0.127752 0.286291
vt 0.101874 0.355598
vt 0.107721 0.319684
vt 0.099404 0.390164
vt 0.098551 0.423766
vt 0.098181 0.456754
vt 0.097947 0.489518
vt 0.097940 0.522489
vt 0.098845 0.556224
vt 0.102473 0.591425
vt 0.112273 0.628648
vt 0.120305 0.282772
vt 0.093694 0.354148
vt 0.099805 0.317335
vt 0.091130 0.389359
vt 0.090245 0.423402
vt 0.089869 0.456714
vt 0.089642 0.489771
vt 0.089658 0.523093
vt 0.090630 0.557341
vt 0.094428 0.593319
vt 0.104400 0.631221
vt 0.112623 0.279728
vt 0.258974 0.358378
vt 0.250758 0.359495
vt 0.247130 0.324294
vt 0.255176 0.322401
vt 0.259947 0.392627
vt 0.251665 0.393231
vt 0.259962 0.425949
vt 0.251657 0.426201
vt 0.259734 0.459006
vt 0.251423 0.458966
vt 0.259359 0.492317
vt 0.251052 0.491954
vt 0.258474 0.526360
vt 0.250200 0.525556
vt 0.255910 0.561572
vt 0.247730 0.560122
vt 0.249799 0.598385
vt 0.241883 0.596035
vt 0.236980 0.635992
vt 0.229299 0.632948
vt 0.237331 0.287072
vt 0.245204 0.284498
vt 0.242554 0.360645
vt 0.239182 0.326273
vt 0.243371 0.393838
vt 0.243337 0.426443
vt 0.243094 0.458907
vt 0.242728 0.491566
vt 0.241917 0.524721
vt 0.239557 0.558617
vt 0.234053 0.593589
vt 0.221851 0.629428
vt 0.229725 0.290154
vt 0.234379 0.361813
vt 0.231338 0.328338
vt 0.235086 0.394443
vt 0.235021 0.426677
vt 0.234770 0.458838
vt 0.234406 0.491168
vt 0.233645 0.523880
vt 0.231404 0.557084
vt 0.226316 0.591060
vt 0.214700 0.625490
vt 0.222435 0.293670
vt 0.226230 0.362982
vt 0.223586 0.330470
vt 0.226808 0.395036
vt 0.226706 0.426899
vt 0.226445 0.458762
vt 0.226083 0.490768
vt 0.225382 0.523047
vt 0.223261 0.555546
vt 0.218662 0.588473
vt 0.207869 0.621249
vt 0.215475 0.297486
vt 0.218079 0.364125
vt 0.215892 0.332618
vt 0.218508 0.395601
vt 0.218364 0.427101
vt 0.218091 0.458675
vt 0.217727 0.490362
vt 0.217000 0.522166
vt 0.215216 0.554023
vt 0.211060 0.585866
vt 0.201338 0.616878
vt 0.208822 0.301418
vt 0.209884 0.365198
vt 0.208211 0.334696
vt 0.210146 0.396113
vt 0.209953 0.427267
vt 0.209664 0.458569
vt 0.209294 0.489953
vt 0.208552 0.521309
vt 0.207122 0.552552
vt 0.203470 0.583311
vt 0.195064 0.612601
vt 0.202430 0.305233
vt 0.201602 0.366131
vt 0.200499 0.336566
vt 0.201679 0.396532
vt 0.201432 0.427376
vt 0.201125 0.458437
vt 0.200748 0.489549
vt 0.200005 0.520497
vt 0.198932 0.551192
vt 0.195844 0.580930
vt 0.188984 0.608695
vt 0.196238 0.308648
vt 0.193211 0.366829
vt 0.192732 0.338043
vt 0.193087 0.396810
vt 0.192777 0.427405
vt 0.192454 0.458272
vt 0.192077 0.489168
vt 0.191440 0.519840
vt 0.190512 0.550007
vt 0.188149 0.578897
vt 0.183030 0.605479
vt 0.190189 0.311345
vt 0.184718 0.367187
vt 0.184910 0.338916
vt 0.184384 0.396899
vt 0.184004 0.427335
vt 0.183663 0.458075
vt 0.183294 0.488830
vt 0.182752 0.519306
vt 0.182003 0.549108
vt 0.180375 0.577427
vt 0.177142 0.603269
vt 0.184234 0.313010
vt 0.038553 0.287594
vt 0.011241 0.288796
vt 0.012100 0.280027
vt 0.048881 0.535088
vt 0.040023 0.534225
vt 0.046298 0.507053
vt 0.013161 0.297395
vt 0.025283 0.524770
vt 0.020844 0.517104
vt 0.015652 0.271947
vt 0.031891 0.530670
vt 0.037905 0.258961
vt 0.046759 0.259800
vt 0.021551 0.265347
vt 0.032485 0.314324
vt 0.024329 0.310815
vt 0.019010 0.508421
vt 0.057600 0.533174
vt 0.029219 0.260872
vt 0.017671 0.304982
vt 0.063013 0.482767
vt 0.069622 0.488667
vt 0.019961 0.499570
vt 0.065326 0.528670
vt 0.037303 0.480263
vt 0.046022 0.478349
vt 0.041339 0.315163
vt 0.054915 0.263309
vt 0.023602 0.491420
vt 0.071302 0.522017
vt 0.050025 0.313252
vt 0.061573 0.269142
vt 0.029578 0.484768
vt 0.074943 0.513867
vt 0.057693 0.308777
vt 0.063592 0.302177
vt 0.075894 0.505017
vt 0.066083 0.276729
vt 0.067144 0.294097
vt 0.054881 0.479212
vt 0.074060 0.496334
vt 0.068003 0.285328
vt 0.363730 0.371137
vt 0.364394 0.342834
vt 0.356502 0.342171
vt 0.355106 0.370698
vt 0.363434 0.400990
vt 0.354607 0.400711
vt 0.363235 0.431596
vt 0.354323 0.431401
vt 0.363140 0.462511
vt 0.354216 0.462369
vt 0.363045 0.493426
vt 0.354137 0.493325
vt 0.362846 0.524031
vt 0.354016 0.523972
vt 0.362550 0.553884
vt 0.353935 0.553892
vt 0.361886 0.582188
vt 0.353984 0.582358
vt 0.360822 0.607986
vt 0.354887 0.608436
vt 0.365458 0.317035
vt 0.359536 0.316123
vt 0.348662 0.340757
vt 0.346531 0.369866
vt 0.345855 0.400248
vt 0.345477 0.431135
vt 0.345363 0.462248
vt 0.345302 0.493329
vt 0.345253 0.524136
vt 0.345386 0.554325
vt 0.346116 0.583304
vt 0.348905 0.610164
vt 0.353587 0.313949
vt 0.340896 0.338777
vt 0.338043 0.368745
vt 0.337225 0.399660
vt 0.336743 0.430827
vt 0.336631 0.462156
vt 0.336589 0.493433
vt 0.336605 0.524491
vt 0.336943 0.555100
vt 0.338307 0.584857
vt 0.342838 0.612931
vt 0.347565 0.310761
vt 0.333198 0.336444
vt 0.329784 0.367445
vt 0.328612 0.398916
vt 0.328135 0.430493
vt 0.328032 0.462096
vt 0.328010 0.493616
vt 0.328083 0.524985
vt 0.328612 0.556110
vt 0.330559 0.586808
vt 0.336633 0.616423
vt 0.341409 0.306880
vt 0.325533 0.333936
vt 0.321622 0.366033
vt 0.320099 0.398125
vt 0.319641 0.430154
vt 0.319547 0.462062
vt 0.319542 0.493855
vt 0.319668 0.525572
vt 0.320370 0.557261
vt 0.322843 0.588965
vt 0.330229 0.620319
vt 0.335055 0.302628
vt 0.317856 0.331377
vt 0.313509 0.364570
vt 0.311652 0.397310
vt 0.311224 0.429818
vt 0.311135 0.462046
vt 0.311145 0.494130
vt 0.311316 0.526212
vt 0.312173 0.558482
vt 0.315115 0.591195
vt 0.323565 0.624335
vt 0.328443 0.298284
vt 0.310127 0.328838
vt 0.305297 0.363092
vt 0.303326 0.396543
vt 0.302840 0.429486
vt 0.302752 0.462041
vt 0.302775 0.494425
vt 0.302986 0.526881
vt 0.303979 0.559729
vt 0.307328 0.593407
vt 0.316590 0.628238
vt 0.321527 0.294073
vt 0.302316 0.326358
vt 0.297075 0.361618
vt 0.294990 0.395767
vt 0.294458 0.429156
vt 0.294369 0.462043
vt 0.294405 0.494732
vt 0.294650 0.527561
vt 0.295758 0.560975
vt 0.299447 0.595555
vt 0.309280 0.631840
vt 0.314294 0.290168
vt 0.294411 0.323963
vt 0.288832 0.360173
vt 0.286642 0.394998
vt 0.286073 0.428837
vt 0.285983 0.462056
vt 0.286029 0.495047
vt 0.286305 0.528244
vt 0.287506 0.562203
vt 0.291462 0.597615
vt 0.301648 0.635009
vt 0.306765 0.286689
vt 0.286421 0.321665
vt 0.280584 0.358783
vt 0.278305 0.394259
vt 0.277706 0.428543
vt 0.277614 0.462086
vt 0.277669 0.495373
vt 0.277971 0.528923
vt 0.279244 0.563399
vt 0.283378 0.599590
vt 0.293743 0.637668
vt 0.299005 0.283689
vt 0.447036 0.361623
vt 0.442903 0.325432
vt 0.434819 0.327407
vt 0.438774 0.362819
vt 0.448309 0.396099
vt 0.439975 0.396778
vt 0.448611 0.429650
vt 0.440251 0.429975
vt 0.448665 0.462936
vt 0.440296 0.462967
vt 0.448574 0.496479
vt 0.440207 0.496185
vt 0.447975 0.530763
vt 0.439637 0.530024
vt 0.445696 0.566239
vt 0.437447 0.564849
vt 0.439859 0.603357
vt 0.431868 0.601059
vt 0.427275 0.641333
vt 0.419514 0.638333
vt 0.432537 0.287355
vt 0.424632 0.290013
vt 0.426833 0.329467
vt 0.430522 0.364047
vt 0.431630 0.397461
vt 0.431875 0.430290
vt 0.431911 0.462979
vt 0.431822 0.495866
vt 0.431290 0.529255
vt 0.429205 0.563404
vt 0.423963 0.598664
vt 0.411986 0.634854
vt 0.417000 0.293182
vt 0.418953 0.331615
vt 0.422301 0.365292
vt 0.423294 0.398141
vt 0.423504 0.430596
vt 0.423528 0.462981
vt 0.423440 0.495536
vt 0.422954 0.528479
vt 0.420983 0.561931
vt 0.416152 0.596184
vt 0.404752 0.630949
vt 0.409690 0.296784
vt 0.411165 0.333827
vt 0.414107 0.366540
vt 0.414964 0.398809
vt 0.415134 0.430891
vt 0.415145 0.462975
vt 0.415056 0.495204
vt 0.414627 0.527712
vt 0.412771 0.560452
vt 0.408423 0.593644
vt 0.397837 0.626738
vt 0.402715 0.300687
vt 0.403437 0.336056
vt 0.405910 0.367761
vt 0.406612 0.399450
vt 0.406738 0.431166
vt 0.406733 0.462959
vt 0.406639 0.494868
vt 0.406180 0.526896
vt 0.404658 0.558988
vt 0.400747 0.591085
vt 0.391225 0.622393
vt 0.396051 0.304703
vt 0.395721 0.338214
vt 0.397667 0.368911
vt 0.398196 0.400036
vt 0.398270 0.431406
vt 0.398248 0.462926
vt 0.398145 0.494528
vt 0.397667 0.526106
vt 0.396495 0.557576
vt 0.393082 0.588578
vt 0.384870 0.618141
vt 0.389647 0.308599
vt 0.387973 0.340164
vt 0.389336 0.369922
vt 0.389675 0.400531
vt 0.389691 0.431589
vt 0.389649 0.462866
vt 0.389537 0.494194
vt 0.389054 0.525362
vt 0.388237 0.556277
vt 0.385384 0.586245
vt 0.378715 0.614261
vt 0.383442 0.312091
vt 0.380164 0.341718
vt 0.380893 0.370697
vt 0.381027 0.400886
vt 0.380977 0.431693
vt 0.380916 0.462774
vt 0.380803 0.493886
vt 0.380425 0.524774
vt 0.379749 0.555156
vt 0.377618 0.584264
vt 0.372693 0.611073
vt 0.377374 0.314858
vt 0.372296 0.342664
vt 0.372345 0.371130
vt 0.372264 0.401049
vt 0.372143 0.431697
vt 0.372064 0.462652
vt 0.371957 0.493621
vt 0.371672 0.524311
vt 0.371174 0.554324
vt 0.369778 0.582851
vt 0.366744 0.608898
vt 0.371393 0.316585
vt 0.046699 0.357322
vt 0.020329 0.349772
vt 0.019471 0.358514
vt 0.047023 0.465390
vt 0.044450 0.437435
vt 0.038189 0.464529
vt 0.021383 0.367086
vt 0.023492 0.455100
vt 0.019067 0.447455
vt 0.023872 0.341718
vt 0.030081 0.460984
vt 0.046059 0.328776
vt 0.054886 0.329615
vt 0.029754 0.335139
vt 0.040643 0.383967
vt 0.032514 0.380468
vt 0.017239 0.438796
vt 0.055717 0.463482
vt 0.037400 0.330679
vt 0.025877 0.374651
vt 0.067708 0.419103
vt 0.061118 0.413219
vt 0.018187 0.429972
vt 0.063421 0.458992
vt 0.044177 0.408813
vt 0.035482 0.410721
vt 0.049470 0.384806
vt 0.063015 0.333114
vt 0.021819 0.421845
vt 0.069381 0.452359
vt 0.058130 0.382903
vt 0.069652 0.338931
vt 0.027778 0.415212
vt 0.073012 0.444231
vt 0.065775 0.378444
vt 0.071657 0.371865
vt 0.073961 0.435407
vt 0.074147 0.346496
vt 0.075201 0.363810
vt 0.053010 0.409673
vt 0.072133 0.426748
vt 0.076058 0.355069
usemtl m0
f 4/4/4 1/1/1 2/2/2
f 2/2/2 3/3/3 4/4/4
f 3/3/3 2/2/2 5/5/5
f 5/5/5 6/6/6 3/3/3
f 1/1/1 7/7/7 8/8/8
f 8/8/8 2/2/2 1/1/1
f 2/2/2 8/8/8 9/9/9
f 9/9/9 5/5/5 2/2/2
f 13/13/13 10/10/10 11/11/11
f 11/11/11 12/12/12 13/13/13
f 4/4/4 14/14/14 7/7/7
f 7/7/7 1/1/1 4/4/4
f 18/18/18 15/15/15 16/16/16
f 16/16/16 17/17/17 18/18/18
f 17/17/17 16/16/16 19/19/19
f 19/19/19 20/20/20 17/17/17
f 24/24/24 21/21/21 22/22/22
f 22/22/22 23/23/23 24/24/24
f 26/26/26 25/25/25 15/15/15
f 15/15/15 18/18/18 26/26/26
f 15/15/15 25/25/25 27/27/27
f 27/27/27 16/16/16 15/15/15
f 16/16/16 27/27/27 28/28/28
f 28/28/28 19/19/19 16/16/16
f 6/6/6 5/5/5 29/29/29
f 29/29/29 30/30/30 6/6/6
f 5/5/5 9/9/9 31/31/31
f 31/31/31 29/29/29 5/5/5
f 20/20/20 19/19/19 32/32/32
f 32/32/32 33/33/33 20/20/20
f 19/19/19 28/28/28 34/34/34
f 34/34/34 32/32/32 19/19/19
f 38/38/38 35/35/35 36/36/36
f 36/36/36 37/37/37 38/38/38
f 38/38/38 37/37/37 39/39/39
f 35/35/35 40/40/40 41/41/41
f 41/41/41 36/36/36 35/35/35
f 45/45/45 42/42/42 43/43/43
f 43/43/43 44/44/44 45/45/45
f 42/42/42 46/46/46 47/47/47
f 47/47/47 43/43/43 42/42/42
f 48/48/48 47/47/47 46/46/46
f 37/37/37 36/36/36 49/49/49
f 49/49/49 50/50/50 37/37/37
f 39/39/39 37/37/37 50/50/50
f 50/50/50 51/51/51 39/39/39
f 36/36/36 41/41/41 52/52/52
f 52/52/52 49/49/49 36/36/36
f 44/44/44 43/43/43 53/53/53
f 53/53/53 54/54/54 44/44/44
f 43/43/43 47/47/47 55/55/55
f 55/55/55 53/53/53 43/43/43
f 47/47/47 48/48/48 56/56/56
f 56/56/56 55/55/55 47/47/47
f 50/50/50 49/49/49 13/13/13
f 13/13/13 12/12/12 50/50/50
f 50/50/50 12/12/12 51/51/51
f 49/49/49 52/52/52 10/10/10
f 10/10/10 13/13/13 49/49/49
f 54/54/54 53/53/53 21/21/21
f 21/21/21 24/24/24 54/54/54
f 53/53/53 55/55/55 22/22/22
f 22/22/22 21/21/21 53/53/53
f 56/56/56 22/22/22 55/55/55
f 30/30/30 29/29/29 57/57/57
f 57/57/57 58/58/58 30/30/30
f 29/29/29 31/31/31 59/59/59
f 59/59/59 57/57/57 29/29/29
f 33/33/33 32/32/32 60/60/60
f 60/60/60 61/61/61 33/33/33
f 32/32/32 34/34/34 62/62/62
f 62/62/62 60/60/60 32/32/32
f 58/58/58 57/57/57 63/63/63
f 63/63/63 64/64/64 58/58/58
f 57/57/57 59/59/59 65/65/65
f 65/65/65 63/63/63 57/57/57
f 61/61/61 60/60/60 66/66/66
f 66/66/66 67/67/67 61/61/61
f 60/60/60 62/62/62 68/68/68
f 68/68/68 66/66/66 60/60/60
f 70/70/70 69/69/69 35/35/35
f 35/35/35 38/38/38 70/70/70
f 69/69/69 71/71/71 40/40/40
f 40/40/40 35/35/35 69/69/69
f 73/73/73 72/72/72 42/42/42
f 42/42/42 45/45/45 73/73/73
f 72/72/72 74/74/74 46/46/46
f 46/46/46 42/42/42 72/72/72
f 64/64/64 63/63/63 69/69/69
f 69/69/69 70/70/70 64/64/64
f 63/63/63 65/65/65 71/71/71
f 71/71/71 69/69/69 63/63/63
f 67/67/67 66/66/66 72/72/72
f 72/72/72 73/73/73 67/67/67
f 66/66/66 68/68/68 74/74/74
f 74/74/74 72/72/72 66/66/66
f 76/76/76 75/75/75 4/4/4
f 4/4/4 3/3/3 76/76/76
f 77/77/77 76/76/76 3/3/3
f 3/3/3 6/6/6 77/77/77
f 79/79/79 78/78/78 75/75/75
f 75/75/75 76/76/76 79/79/79
f 80/80/80 79/79/79 76/76/76
f 76/76/76 77/77/77 80/80/80
f 11/11/11 81/81/81 82/82/82
f 82/82/82 12/12/12 11/11/11
f 78/78/78 14/14/14 4/4/4
f 4/4/4 75/75/75 78/78/78
f 86/86/86 83/83/83 84/84/84
f 84/84/84 85/85/85 86/86/86
f 88/88/88 86/86/86 85/85/85
f 85/85/85 87/87/87 88/88/88
f 22/22/22 89/89/89 90/90/90
f 90/90/90 23/23/23 22/22/22
f 83/83/83 25/25/25 26/26/26
f 26/26/26 84/84/84 83/83/83
f 27/27/27 25/25/25 83/83/83
f 83/83/83 86/86/86 27/27/27
f 28/28/28 27/27/27 86/86/86
f 86/86/86 88/88/88 28/28/28
f 91/91/91 77/77/77 6/6/6
f 6/6/6 30/30/30 91/91/91
f 92/92/92 80/80/80 77/77/77
f 77/77/77 91/91/91 92/92/92
f 94/94/94 88/88/88 87/87/87
f 87/87/87 93/93/93 94/94/94
f 34/34/34 28/28/28 88/88/88
f 88/88/88 94/94/94 34/34/34
f 97/97/97 95/95/95 38/38/38
f 38/38/38 96/96/96 97/97/97
f 38/38/38 39/39/39 96/96/96
f 99/99/99 98/98/98 95/95/95
f 95/95/95 97/97/97 99/99/99
f 103/103/103 100/100/100 101/101/101
f 101/101/101 102/102/102 103/103/103
f 104/104/104 46/46/46 100/100/100
f 100/100/100 103/103/103 104/104/104
f 46/46/46 104/104/104 48/48/48
f 106/106/106 97/97/97 96/96/96
f 96/96/96 105/105/105 106/106/106
f 105/105/105 96/96/96 39/39/39
f 39/39/39 51/51/51 105/105/105
f 107/107/107 99/99/99 97/97/97
f 97/97/97 106/106/106 107/107/107
f 109/109/109 103/103/103 102/102/102
f 102/102/102 108/108/108 109/109/109
f 110/110/110 104/104/104 103/103/103
f 103/103/103 109/109/109 110/110/110
f 56/56/56 48/48/48 104/104/104
f 104/104/104 110/110/110 56/56/56
f 82/82/82 106/106/106 105/105/105
f 105/105/105 12/12/12 82/82/82
f 105/105/105 51/51/51 12/12/12
f 81/81/81 107/107/107 106/106/106
f 106/106/106 82/82/82 81/81/81
f 89/89/89 109/109/109 108/108/108
f 108/108/108 90/90/90 89/89/89
f 22/22/22 110/110/110 109/109/109
f 109/109/109 89/89/89 22/22/22
f 56/56/56 110/110/110 22/22/22
f 111/111/111 91/91/91 30/30/30
f 30/30/30 58/58/58 111/111/111
f 112/112/112 92/92/92 91/91/91
f 91/91/91 111/111/111 112/112/112
f 114/114/114 94/94/94 93/93/93
f 93/93/93 113/113/113 114/114/114
f 62/62/62 34/34/34 94/94/94
f 94/94/94 114/114/114 62/62/62
f 115/115/115 111/111/111 58/58/58
f 58/58/58 64/64/64 115/115/115
f 116/116/116 112/112/112 111/111/111
f 111/111/111 115/115/115 116/116/116
f 118/118/118 114/114/114 113/113/113
f 113/113/113 117/117/117 118/118/118
f 68/68/68 62/62/62 114/114/114
f 114/114/114 118/118/118 68/68/68
f 95/95/95 119/119/119 70/70/70
f 70/70/70 38/38/38 95/95/95
f 98/98/98 120/120/120 119/119/119
f 119/119/119 95/95/95 98/98/98
f 100/100/100 121/121/121 122/122/122
f 122/122/122 101/101/101 100/100/100
f 46/46/46 74/74/74 121/121/121
f 121/121/121 100/100/100 46/46/46
f 119/119/119 115/115/115 64/64/64
f 64/64/64 70/70/70 119/119/119
f 120/120/120 116/116/116 115/115/115
f 115/115/115 119/119/119 120/120/120
f 121/121/121 118/118/118 117/117/117
f 117/117/117 122/122/122 121/121/121
f 74/74/74 68/68/68 118/118/118
f 118/118/118 121/121/121 74/74/74
f 126/126/126 123/123/123 124/124/124
f 124/124/124 125/125/125 126/126/126
f 130/130/130 127/127/127 128/128/128
f 128/128/128 129/129/129 130/130/130
f 123/123/123 131/131/131 132/132/132
f 132/132/132 124/124/124 123/123/123
f 129/129/129 133/133/133 134/134/134
f 134/134/134 130/130/130 129/129/129
f 130/130/130 134/134/134 135/135/135
f 135/135/135 127/127/127 130/130/130
f 126/126/126 136/136/136 131/131/131
f 131/131/131 123/123/123 126/126/126
f 131/131/131 137/137/137 138/138/138
f 138/138/138 132/132/132 131/131/131
f 133/133/133 139/139/139 140/140/140
f 140/140/140 134/134/134 133/133/133
f 134/134/134 140/140/140 141/141/141
f 141/141/141 135/135/135 134/134/134
f 136/136/136 142/142/142 137/137/137
f 137/137/137 131/131/131 136/136/136
f 137/137/137 142/142/142 143/143/143
f 143/143/143 138/138/138 137/137/137
f 141/141/141 140/140/140 139/139/139
f 139/139/139 144/144/144 141/141/141
f 124/124/124 145/145/145 146/146/146
f 146/146/146 125/125/125 124/124/124
f 128/128/128 147/147/147 148/148/148
f 148/148/148 129/129/129 128/128/128
f 132/132/132 149/149/149 145/145/145
f 145/145/145 124/124/124 132/132/132
f 150/150/150 133/133/133 129/129/129
f 129/129/129 148/148/148 150/150/150
f 151/151/151 150/150/150 148/148/148
f 148/148/148 147/147/147 151/151/151
f 149/149/149 152/152/152 146/146/146
f 146/146/146 145/145/145 149/149/149
f 138/138/138 153/153/153 149/149/149
f 149/149/149 132/132/132 138/138/138
f 154/154/154 139/139/139 133/133/133
f 133/133/133 150/150/150 154/154/154
f 155/155/155 154/154/154 150/150/150
f 150/150/150 151/151/151 155/155/155
f 153/153/153 156/156/156 152/152/152
f 152/152/152 149/149/149 153/153/153
f 143/143/143 156/156/156 153/153/153
f 153/153/153 138/138/138 143/143/143
f 139/139/139 154/154/154 155/155/155
f 155/155/155 144/144/144 139/139/139
f 160/160/160 157/157/157 158/158/158
f 158/158/158 159/159/159 160/160/160
f 164/164/164 161/161/161 162/162/162
f 162/162/162 163/163/163 164/164/164
f 166/166/166 165/165/165 157/157/157
f 157/157/157 160/160/160 166/166/166
f 168/168/168 167/167/167 163/163/163
f 163/163/163 162/162/162 168/168/168
f 169/169/169 168/168/168 162/162/162
f 162/162/162 161/161/161 169/169/169
f 165/165/165 170/170/170 158/158/158
f 158/158/158 157/157/157 165/165/165
f 172/172/172 171/171/171 165/165/165
f 165/165/165 166/166/166 172/172/172
f 174/174/174 173/173/173 167/167/167
f 167/167/167 168/168/168 174/174/174
f 175/175/175 174/174/174 168/168/168
f 168/168/168 169/169/169 175/175/175
f 171/171/171 176/176/176 170/170/170
f 170/170/170 165/165/165 171/171/171
f 177/177/177 176/176/176 171/171/171
f 171/171/171 172/172/172 177/177/177
f 173/173/173 174/174/174 175/175/175
f 175/175/175 178/178/178 173/173/173
f 180/180/180 179/179/179 160/160/160
f 160/160/160 159/159/159 180/180/180
f 182/182/182 181/181/181 164/164/164
f 164/164/164 163/163/163 182/182/182
f 179/179/179 183/183/183 166/166/166
f 166/166/166 160/160/160 179/179/179
f 163/163/163 167/167/167 184/184/184
f 184/184/184 182/182/182 163/163/163
f 182/182/182 184/184/184 185/185/185
f 185/185/185 181/181/181 182/182/182
f 180/180/180 186/186/186 183/183/183
f 183/183/183 179/179/179 180/180/180
f 183/183/183 187/187/187 172/172/172
f 172/172/172 166/166/166 183/183/183
f 167/167/167 173/173/173 188/188/188
f 188/188/188 184/184/184 167/167/167
f 184/184/184 188/188/188 189/189/189
f 189/189/189 185/185/185 184/184/184
f 186/186/186 190/190/190 187/187/187
f 187/187/187 183/183/183 186/186/186
f 187/187/187 190/190/190 177/177/177
f 177/177/177 172/172/172 187/187/187
f 189/189/189 188/188/188 173/173/173
f 173/173/173 178/178/178 189/189/189
f 194/194/194 191/191/191 192/192/192
f 192/192/192 193/193/193 194/194/194
f 196/196/196 195/195/195 191/191/191
f 191/191/191 194/194/194 196/196/196
f 198/198/198 197/197/197 195/195/195
f 195/195/195 196/196/196 198/198/198
f 200/200/200 199/199/199 197/197/197
f 197/197/197 198/198/198 200/200/200
f 204/204/204 201/201/201 202/202/202
f 202/202/202 203/203/203 204/204/204
f 206/206/206 205/205/205 201/201/201
f 201/201/201 204/204/204 206/206/206
f 208/208/208 207/207/207 205/205/205
f 205/205/205 206/206/206 208/208/208
f 210/210/210 209/209/209 207/207/207
f 207/207/207 208/208/208 210/210/210
f 212/212/212 211/211/211 209/209/209
f 209/209/209 210/210/210 212/212/212
f 214/214/214 213/213/213 211/211/211
f 211/211/211 212/212/212 214/214/214
f 216/216/216 215/215/215 213/213/213
f 213/213/213 214/214/214 216/216/216
f 218/218/218 217/217/217 215/215/215
f 215/215/215 216/216/216 218/218/218
f 220/220/220 219/219/219 217/217/217
f 217/217/217 218/218/218 220/220/220
f 222/222/222 221/221/221 219/219/219
f 219/219/219 220/220/220 222/222/222
f 224/224/224 223/223/223 221/221/221
f 221/221/221 222/222/222 224/224/224
f 226/226/226 225/225/225 223/223/223
f 223/223/223 224/224/224 226/226/226
f 228/228/228 227/227/227 225/225/225
f 225/225/225 226/226/226 228/228/228
f 230/230/230 229/229/229 227/227/227
f 227/227/227 228/228/228 230/230/230
f 232/232/232 231/231/231 229/229/229
f 229/229/229 230/230/230 232/232/232
f 193/193/193 192/192/192 231/231/231
f 231/231/231 232/232/232 193/193/193
f 234/234/234 194/194/194 193/193/193
f 193/193/193 233/233/233 234/234/234
f 235/235/235 196/196/196 194/194/194
f 194/194/194 234/234/234 235/235/235
f 236/236/236 198/198/198 196/196/196
f 196/196/196 235/235/235 236/236/236
f 237/237/237 200/200/200 198/198/198
f 198/198/198 236/236/236 237/237/237
f 239/239/239 204/204/204 203/203/203
f 203/203/203 238/238/238 239/239/239
f 240/240/240 206/206/206 204/204/204
f 204/204/204 239/239/239 240/240/240
f 241/241/241 208/208/208 206/206/206
f 206/206/206 240/240/240 241/241/241
f 242/242/242 210/210/210 208/208/208
f 208/208/208 241/241/241 242/242/242
f 243/243/243 212/212/212 210/210/210
f 210/210/210 242/242/242 243/243/243
f 244/244/244 214/214/214 212/212/212
f 212/212/212 243/243/243 244/244/244
f 245/245/245 216/216/216 214/214/214
f 214/214/214 244/244/244 245/245/245
f 246/246/246 218/218/218 216/216/216
f 216/216/216 245/245/245 246/246/246
f 247/247/247 220/220/220 218/218/218
f 218/218/218 246/246/246 247/247/247
f 248/248/248 222/222/222 220/220/220
f 220/220/220 247/247/247 248/248/248
f 249/249/249 224/224/224 222/222/222
f 222/222/222 248/248/248 249/249/249
f 250/250/250 226/226/226 224/224/224
f 224/224/224 249/249/249 250/250/250
f 251/251/251 228/228/228 226/226/226
f 226/226/226 250/250/250 251/251/251
f 252/252/252 230/230/230 228/228/228
f 228/228/228 251/251/251 252/252/252
f 253/253/253 232/232/232 230/230/230
f 230/230/230 252/252/252 253/253/253
f 233/233/233 193/193/193 232/232/232
f 232/232/232 253/253/253 233/233/233
f 255/255/255 234/234/234 233/233/233
f 233/233/233 254/254/254 255/255/255
f 256/256/256 235/235/235 234/234/234
f 234/234/234 255/255/255 256/256/256
f 257/257/257 236/236/236 235/235/235
f 235/235/235 256/256/256 257/257/257
f 258/258/258 237/237/237 236/236/236
f 236/236/236 257/257/257 258/258/258
f 260/260/260 239/239/239 238/238/238
f 238/238/238 259/259/259 260/260/260
f 261/261/261 240/240/240 239/239/239
f 239/239/239 260/260/260 261/261/261
f 262/262/262 241/241/241 240/240/240
f 240/240/240 261/261/261 262/262/262
f 263/263/263 242/242/242 241/241/241
f 241/241/241 262/262/262 263/263/263
f 264/264/264 243/243/243 242/242/242
f 242/242/242 263/263/263 264/264/264
f 265/265/265 244/244/244 243/243/243
f 243/243/243 264/264/264 265/265/265
f 266/266/266 245/245/245 244/244/244
f 244/244/244 265/265/265 266/266/266
f 267/267/267 246/246/246 245/245/245
f 245/245/245 266/266/266 267/267/267
f 268/268/268 247/247/247 246/246/246
f 246/246/246 267/267/267 268/268/268
f 269/269/269 248/248/248 247/247/247
f 247/247/247 268/268/268 269/269/269
f 270/270/270 249/249/249 248/248/248
f 248/248/248 269/269/269 270/270/270
f 271/271/271 250/250/250 249/249/249
f 249/249/249 270/270/270 271/271/271
f 272/272/272 251/251/251 250/250/250
f 250/250/250 271/271/271 272/272/272
f 273/273/273 252/252/252 251/251/251
f 251/251/251 272/272/272 273/273/273
f 274/274/274 253/253/253 252/252/252
f 252/252/252 273/273/273 274/274/274
f 254/254/254 233/233/233 253/253/253
f 253/253/253 274/274/274 254/254/254
f 276/276/276 255/255/255 254/254/254
f 254/254/254 275/275/275 276/276/276
f 277/277/277 256/256/256 255/255/255
f 255/255/255 276/276/276 277/277/277
f 278/278/278 257/257/257 256/256/256
f 256/256/256 277/277/277 278/278/278
f 279/279/279 258/258/258 257/257/257
f 257/257/257 278/278/278 279/279/279
f 281/281/281 260/260/260 259/259/259
f 259/259/259 280/280/280 281/281/281
f 282/282/282 261/261/261 260/260/260
f 260/260/260 281/281/281 282/282/282
f 283/283/283 262/262/262 261/261/261
f 261/261/261 282/282/282 283/283/283
f 284/284/284 263/263/263 262/262/262
f 262/262/262 283/283/283 284/284/284
f 285/285/285 264/264/264 263/263/263
f 263/263/263 284/284/284 285/285/285
f 286/286/286 265/265/265 264/264/264
f 264/264/264 285/285/285 286/286/286
f 287/287/287 266/266/266 265/265/265
f 265/265/265 286/286/286 287/287/287
f 288/288/288 267/267/267 266/266/266
f 266/266/266 287/287/287 288/288/288
f 289/289/289 268/268/268 267/267/267
f 267/267/267 288/288/288 289/289/289
f 290/290/290 269/269/269 268/268/268
f 268/268/268 289/289/289 290/290/290
f 291/291/291 270/270/270 269/269/269
f 269/269/269 290/290/290 291/291/291
f 292/292/292 271/271/271 270/270/270
f 270/270/270 291/291/291 292/292/292
f 293/293/293 272/272/272 271/271/271
f 271/271/271 292/292/292 293/293/293
f 294/294/294 273/273/273 272/272/272
f 272/272/272 293/293/293 294/294/294
f 295/295/295 274/274/274 273/273/273
f 273/273/273 294/294/294 295/295/295
f 275/275/275 254/254/254 274/274/274
f 274/274/274 295/295/295 275/275/275
f 297/297/297 276/276/276 275/275/275
f 275/275/275 296/296/296 297/297/297
f 298/298/298 277/277/277 276/276/276
f 276/276/276 297/297/297 298/298/298
f 299/299/299 278/278/278 277/277/277
f 277/277/277 298/298/298 299/299/299
f 300/300/300 279/279/279 278/278/278
f 278/278/278 299/299/299 300/300/300
f 302/302/302 281/281/281 280/280/280
f 280/280/280 301/301/301 302/302/302
f 303/303/303 282/282/282 281/281/281
f 281/281/281 302/302/302 303/303/303
f 304/304/304 283/283/283 282/282/282
f 282/282/282 303/303/303 304/304/304
f 305/305/305 284/284/284 283/283/283
f 283/283/283 304/304/304 305/305/305
f 306/306/306 285/285/285 284/284/284
f 284/284/284 305/305/305 306/306/306
f 307/307/307 286/286/286 285/285/285
f 285/285/285 306/306/306 307/307/307
f 308/308/308 287/287/287 286/286/286
f 286/286/286 307/307/307 308/308/308
f 309/309/309 288/288/288 287/287/287
f 287/287/287 308/308/308 309/309/309
f 310/310/310 289/289/289 288/288/288
f 288/288/288 309/309/309 310/310/310
f 311/311/311 290/290/290 289/289/289
f 289/289/289 310/310/310 311/311/311
f 312/312/312 291/291/291 290/290/290
f 290/290/290 311/311/311 312/312/312
f 313/313/313 292/292/292 291/291/291
f 291/291/291 312/312/312 313/313/313
f 314/314/314 293/293/293 292/292/292
f 292/292/292 313/313/313 314/314/314
f 315/315/315 294/294/294 293/293/293
f 293/293/293 314/314/314 315/315/315
f 316/316/316 295/295/295 294/294/294
f 294/294/294 315/315/315 316/316/316
f 296/296/296 275/275/275 295/295/295
f 295/295/295 316/316/316 296/296/296
f 318/318/318 297/297/297 296/296/296
f 296/296/296 317/317/317 318/318/318
f 319/319/319 298/298/298 297/297/297
f 297/297/297 318/318/318 319/319/319
f 320/320/320 299/299/299 298/298/298
f 298/298/298 319/319/319 320/320/320
f 321/321/321 300/300/300 299/299/299
f 299/299/299 320/320/320 321/321/321
f 323/323/323 302/302/302 301/301/301
f 301/301/301 322/322/322 323/323/323
f 324/324/324 303/303/303 302/302/302
f 302/302/302 323/323/323 324/324/324
f 325/325/325 304/304/304 303/303/303
f 303/303/303 324/324/324 325/325/325
f 326/326/326 305/305/305 304/304/304
f 304/304/304 325/325/325 326/326/326
f 327/327/327 306/306/306 305/305/305
f 305/305/305 326/326/326 327/327/327
f 328/328/328 307/307/307 306/306/306
f 306/306/306 327/327/327 328/328/328
f 329/329/329 308/308/308 307/307/307
f 307/307/307 328/328/328 329/329/329
f 330/330/330 309/309/309 308/308/308
f 308/308/308 329/329/329 330/330/330
f 331/331/331 310/310/310 309/309/309
f 309/309/309 330/330/330 331/331/331
f 332/332/332 311/311/311 310/310/310
f 310/310/310 331/331/331 332/332/332
f 333/333/333 312/312/312 311/311/311
f 311/311/311 332/332/332 333/333/333
f 334/334/334 313/313/313 312/312/312
f 312/312/312 333/333/333 334/334/334
f 335/335/335 314/314/314 313/313/313
f 313/313/313 334/334/334 335/335/335
f 336/336/336 315/315/315 314/314/314
f 314/314/314 335/335/335 336/336/336
f 337/337/337 316/316/316 315/315/315
f 315/315/315 336/336/336 337/337/337
f 317/317/317 296/296/296 316/316/316
f 316/316/316 337/337/337 317/317/317
f 341/341/341 338/338/338 339/339/339
f 339/339/339 340/340/340 341/341/341
f 343/343/343 342/342/342 338/338/338
f 338/338/338 341/341/341 343/343/343
f 345/345/345 344/344/344 342/342/342
f 342/342/342 343/343/343 345/345/345
f 347/347/347 346/346/346 344/344/344
f 344/344/344 345/345/345 347/347/347
f 351/351/351 348/348/348 349/349/349
f 349/349/349 350/350/350 351/351/351
f 353/353/353 352/352/352 348/348/348
f 348/348/348 351/351/351 353/353/353
f 355/355/355 354/354/354 352/352/352
f 352/352/352 353/353/353 355/355/355
f 357/357/357 356/356/356 354/354/354
f 354/354/354 355/355/355 357/357/357
f 359/359/359 358/358/358 356/356/356
f 356/356/356 357/357/357 359/359/359
f 361/361/361 360/360/360 358/358/358
f 358/358/358 359/359/359 361/361/361
f 363/363/363 362/362/362 360/360/360
f 360/360/360 361/361/361 363/363/363
f 365/365/365 364/364/364 362/362/362
f 362/362/362 363/363/363 365/365/365
f 367/367/367 366/366/366 364/364/364
f 364/364/364 365/365/365 367/367/367
f 369/369/369 368/368/368 366/366/366
f 366/366/366 367/367/367 369/369/369
f 371/371/371 370/370/370 368/368/368
f 368/368/368 369/369/369 371/371/371
f 373/373/373 372/372/372 370/370/370
f 370/370/370 371/371/371 373/373/373
f 375/375/375 374/374/374 372/372/372
f 372/372/372 373/373/373 375/375/375
f 377/377/377 376/376/376 374/374/374
f 374/374/374 375/375/375 377/377/377
f 379/379/379 378/378/378 376/376/376
f 376/376/376 377/377/377 379/379/379
f 340/340/340 339/339/339 378/378/378
f 378/378/378 379/379/379 340/340/340
f 381/381/381 341/341/341 340/340/340
f 340/340/340 380/380/380 381/381/381
f 382/382/382 343/343/343 341/341/341
f 341/341/341 381/381/381 382/382/382
f 383/383/383 345/345/345 343/343/343
f 343/343/343 382/382/382 383/383/383
f 384/384/384 347/347/347 345/345/345
f 345/345/345 383/383/383 384/384/384
f 386/386/386 351/351/351 350/350/350
f 350/350/350 385/385/385 386/386/386
f 387/387/387 353/353/353 351/351/351
f 351/351/351 386/386/386 387/387/387
f 388/388/388 355/355/355 353/353/353
f 353/353/353 387/387/387 388/388/388
f 389/389/389 357/357/357 355/355/355
f 355/355/355 388/388/388 389/389/389
f 390/390/390 359/359/359 357/357/357
f 357/357/357 389/389/389 390/390/390
f 391/391/391 361/361/361 359/359/359
f 359/359/359 390/390/390 391/391/391
f 392/392/392 363/363/363 361/361/361
f 361/361/361 391/391/391 392/392/392
f 393/393/393 365/365/365 363/363/363
f 363/363/363 392/392/392 393/393/393
f 394/394/394 367/367/367 365/365/365
f 365/365/365 393/393/393 394/394/394
f 395/395/395 369/369/369 367/367/367
f 367/367/367 394/394/394 395/395/395
f 396/396/396 371/371/371 369/369/369
f 369/369/369 395/395/395 396/396/396
f 397/397/397 373/373/373 371/371/371
f 371/371/371 396/396/396 397/397/397
f 398/398/398 375/375/375 373/373/373
f 373/373/373 397/397/397 398/398/398
f 399/399/399 377/377/377 375/375/375
f 375/375/375 398/398/398 399/399/399
f 400/400/400 379/379/379 377/377/377
f 377/377/377 399/399/399 400/400/400
f 380/380/380 340/340/340 379/379/379
f 379/379/379 400/400/400 380/380/380
f 402/402/402 381/381/381 380/380/380
f 380/380/380 401/401/401 402/402/402
f 403/403/403 382/382/382 381/381/381
f 381/381/381 402/402/402 403/403/403
f 404/404/404 383/383/383 382/382/382
f 382/382/382 403/403/403 404/404/404
f 405/405/405 384/384/384 383/383/383
f 383/383/383 404/404/404 405/405/405
f 407/407/407 386/386/386 385/385/385
f 385/385/385 406/406/406 407/407/407
f 408/408/408 387/387/387 386/386/386
f 386/386/386 407/407/407 408/408/408
f 409/409/409 388/388/388 387/387/387
f 387/387/387 408/408/408 409/409/409
f 410/410/410 389/389/389 388/388/388
f 388/388/388 409/409/409 410/410/410
f 411/411/411 390/390/390 389/389/389
f 389/389/389 410/410/410 411/411/411
f 412/412/412 391/391/391 390/390/390
f 390/390/390 411/411/411 412/412/412
f 413/413/413 392/392/392 391/391/391
f 391/391/391 412/412/412 413/413/413
f 414/414/414 393/393/393 392/392/392
f 392/392/392 413/413/413 414/414/414
f 415/415/415 394/394/394 393/393/393
f 393/393/393 414/414/414 415/415/415
f 416/416/416 395/395/395 394/394/394
f 394/394/394 415/415/415 416/416/416
f 417/417/417 396/396/396 395/395/395
f 395/395/395 416/416/416 417/417/417
f 418/418/418 397/397/397 396/396/396
f 396/396/396 417/417/417 418/418/418
f 419/419/419 398/398/398 397/397/397
f 397/397/397 418/418/418 419/419/419
f 420/420/420 399/399/399 398/398/398
f 398/398/398 419/419/419 420/420/420
f 421/421/421 400/400/400 399/399/399
f 399/399/399 420/420/420 421/421/421
f 401/401/401 380/380/380 400/400/400
f 400/400/400 421/421/421 401/401/401
f 423/423/423 402/402/402 401/401/401
f 401/401/401 422/422/422 423/423/423
f 424/424/424 403/403/403 402/402/402
f 402/402/402 423/423/423 424/424/424
f 425/425/425 404/404/404 403/403/403
f 403/403/403 424/424/424 425/425/425
f 426/426/426 405/405/405 404/404/404
f 404/404/404 425/425/425 426/426/426
f 428/428/428 407/407/407 406/406/406
f 406/406/406 427/427/427 428/428/428
f 429/429/429 408/408/408 407/407/407
f 407/407/407 428/428/428 429/429/429
f 430/430/430 409/409/409 408/408/408
f 408/408/408 429/429/429 430/430/430
f 431/431/431 410/410/410 409/409/409
f 409/409/409 430/430/430 431/431/431
f 432/432/432 411/411/411 410/410/410
f 410/410/410 431/431/431 432/432/432
f 433/433/433 412/412/412 411/411/411
f 411/411/411 432/432/432 433/433/433
f 434/434/434 413/413/413 412/412/412
f 412/412/412 433/433/433 434/434/434
f 435/435/435 414/414/414 413/413/413
f 413/413/413 434/434/434 435/435/435
f 436/436/436 415/415/415 414/414/414
f 414/414/414 435/435/435 436/436/436
f 437/437/437 416/416/416 415/415/415
f 415/415/415 436/436/436 437/437/437
f 438/438/438 417/417/417 416/416/416
f 416/416/416 437/437/437 438/438/438
f 439/439/439 418/418/418 417/417/417
f 417/417/417 438/438/438 439/439/439
f 440/440/440 419/419/419 418/418/418
f 418/418/418 439/439/439 440/440/440
f 441/441/441 420/420/420 419/419/419
f 419/419/419 440/440/440 441/441/441
f 442/442/442 421/421/421 420/420/420
f 420/420/420 441/441/441 442/442/442
f 422/422/422 401/401/401 421/421/421
f 421/421/421 442/442/442 422/422/422
f 444/444/444 423/423/423 422/422/422
f 422/422/422 443/443/443 444/444/444
f 445/445/445 424/424/424 423/423/423
f 423/423/423 444/444/444 445/445/445
f 446/446/446 425/425/425 424/424/424
f 424/424/424 445/445/445 446/446/446
f 447/447/447 426/426/426 425/425/425
f 425/425/425 446/446/446 447/447/447
f 449/449/449 428/428/428 427/427/427
f 427/427/427 448/448/448 449/449/449
f 450/450/450 429/429/429 428/428/428
f 428/428/428 449/449/449 450/450/450
f 451/451/451 430/430/430 429/429/429
f 429/429/429 450/450/450 451/451/451
f 452/452/452 431/431/431 430/430/430
f 430/430/430 451/451/451 452/452/452
f 453/453/453 432/432/432 431/431/431
f 431/431/431 452/452/452 453/453/453
f 454/454/454 433/433/433 432/432/432
f 432/432/432 453/453/453 454/454/454
f 455/455/455 434/434/434 433/433/433
f 433/433/433 454/454/454 455/455/455
f 456/456/456 435/435/435 434/434/434
f 434/434/434 455/455/455 456/456/456
f 457/457/457 436/436/436 435/435/435
f 435/435/435 456/456/456 457/457/457
f 458/458/458 437/437/437 436/436/436
f 436/436/436 457/457/457 458/458/458
f 459/459/459 438/438/438 437/437/437
f 437/437/437 458/458/458 459/459/459
f 460/460/460 439/439/439 438/438/438
f 438/438/438 459/459/459 460/460/460
f 461/461/461 440/440/440 439/439/439
f 439/439/439 460/460/460 461/461/461
f 462/462/462 441/441/441 440/440/440
f 440/440/440 461/461/461 462/462/462
f 463/463/463 442/442/442 441/441/441
f 441/441/441 462/462/462 463/463/463
f 443/443/443 422/422/422 442/442/442
f 442/442/442 463/463/463 443/443/443
f 465/465/465 444/444/444 443/443/443
f 443/443/443 464/464/464 465/465/465
f 466/466/466 445/445/445 444/444/444
f 444/444/444 465/465/465 466/466/466
f 467/467/467 446/446/446 445/445/445
f 445/445/445 466/466/466 467/467/467
f 468/468/468 447/447/447 446/446/446
f 446/446/446 467/467/467 468/468/468
f 470/470/470 449/449/449 448/448/448
f 448/448/448 469/469/469 470/470/470
f 471/471/471 450/450/450 449/449/449
f 449/449/449 470/470/470 471/471/471
f 472/472/472 451/451/451 450/450/450
f 450/450/450 471/471/471 472/472/472
f 473/473/473 452/452/452 451/451/451
f 451/451/451 472/472/472 473/473/473
f 474/474/474 453/453/453 452/452/452
f 452/452/452 473/473/473 474/474/474
f 475/475/475 454/454/454 453/453/453
f 453/453/453 474/474/474 475/475/475
f 476/476/476 455/455/455 454/454/454
f 454/454/454 475/475/475 476/476/476
f 477/477/477 456/456/456 455/455/455
f 455/455/455 476/476/476 477/477/477
f 478/478/478 457/457/457 456/456/456
f 456/456/456 477/477/477 478/478/478
f 479/479/479 458/458/458 457/457/457
f 457/457/457 478/478/478 479/479/479
f 480/480/480 459/459/459 458/458/458
f 458/458/458 479/479/479 480/480/480
f 481/481/481 460/460/460 459/459/459
f 459/459/459 480/480/480 481/481/481
f 482/482/482 461/461/461 460/460/460
f 460/460/460 481/481/481 482/482/482
f 483/483/483 462/462/462 461/461/461
f 461/461/461 482/482/482 483/483/483
f 484/484/484 463/463/463 462/462/462
f 462/462/462 483/483/483 484/484/484
f 464/464/464 443/443/443 463/463/463
f 463/463/463 484/484/484 464/464/464
f 486/486/486 465/465/465 464/464/464
f 464/464/464 485/485/485 486/486/486
f 487/487/487 466/466/466 465/465/465
f 465/465/465 486/486/486 487/487/487
f 488/488/488 467/467/467 466/466/466
f 466/466/466 487/487/487 488/488/488
f 489/489/489 468/468/468 467/467/467
f 467/467/467 488/488/488 489/489/489
f 491/491/491 470/470/470 469/469/469
f 469/469/469 490/490/490 491/491/491
f 492/492/492 471/471/471 470/470/470
f 470/470/470 491/491/491 492/492/492
f 493/493/493 472/472/472 471/471/471
f 471/471/471 492/492/492 493/493/493
f 494/494/494 473/473/473 472/472/472
f 472/472/472 493/493/493 494/494/494
f 495/495/495 474/474/474 473/473/473
f 473/473/473 494/494/494 495/495/495
f 496/496/496 475/475/475 474/474/474
f 474/474/474 495/495/495 496/496/496
f 497/497/497 476/476/476 475/475/475
f 475/475/475 496/496/496 497/497/497
f 498/498/498 477/477/477 476/476/476
f 476/476/476 497/497/497 498/498/498
f 499/499/499 478/478/478 477/477/477
f 477/477/477 498/498/498 499/499/499
f 500/500/500 479/479/479 478/478/478
f 478/478/478 499/499/499 500/500/500
f 501/501/501 480/480/480 479/479/479
f 479/479/479 500/500/500 501/501/501
f 502/502/502 481/481/481 480/480/480
f 480/480/480 501/501/501 502/502/502
f 503/503/503 482/482/482 481/481/481
f 481/481/481 502/502/502 503/503/503
f 504/504/504 483/483/483 482/482/482
f 482/482/482 503/503/503 504/504/504
f 505/505/505 484/484/484 483/483/483
f 483/483/483 504/504/504 505/505/505
f 485/485/485 464/464/464 484/484/484
f 484/484/484 505/505/505 485/485/485
f 507/507/507 486/486/486 485/485/485
f 485/485/485 506/506/506 507/507/507
f 508/508/508 487/487/487 486/486/486
f 486/486/486 507/507/507 508/508/508
f 509/509/509 488/488/488 487/487/487
f 487/487/487 508/508/508 509/509/509
f 510/510/510 489/489/489 488/488/488
f 488/488/488 509/509/509 510/510/510
f 512/512/512 491/491/491 490/490/490
f 490/490/490 511/511/511 512/512/512
f 513/513/513 492/492/492 491/491/491
f 491/491/491 512/512/512 513/513/513
f 514/514/514 493/493/493 492/492/492
f 492/492/492 513/513/513 514/514/514
f 515/515/515 494/494/494 493/493/493
f 493/493/493 514/514/514 515/515/515
f 516/516/516 495/495/495 494/494/494
f 494/494/494 515/515/515 516/516/516
f 517/517/517 496/496/496 495/495/495
f 495/495/495 516/516/516 517/517/517
f 518/518/518 497/497/497 496/496/496
f 496/496/496 517/517/517 518/518/518
f 519/519/519 498/498/498 497/497/497
f 497/497/497 518/518/518 519/519/519
f 520/520/520 499/499/499 498/498/498
f 498/498/498 519/519/519 520/520/520
f 521/521/521 500/500/500 499/499/499
f 499/499/499 520/520/520 521/521/521
f 522/522/522 501/501/501 500/500/500
f 500/500/500 521/521/521 522/522/522
f 523/523/523 502/502/502 501/501/501
f 501/501/501 522/522/522 523/523/523
f 524/524/524 503/503/503 502/502/502
f 502/502/502 523/523/523 524/524/524
f 525/525/525 504/504/504 503/503/503
f 503/503/503 524/524/524 525/525/525
f 526/526/526 505/505/505 504/504/504
f 504/504/504 525/525/525 526/526/526
f 506/506/506 485/485/485 505/505/505
f 505/505/505 526/526/526 506/506/506
f 191/191/191 507/507/507 506/506/506
f 506/506/506 192/192/192 191/191/191
f 195/195/195 508/508/508 507/507/507
f 507/507/507 191/191/191 195/195/195
f 197/197/197 509/509/509 508/508/508
f 508/508/508 195/195/195 197/197/197
f 199/199/199 510/510/510 509/509/509
f 509/509/509 197/197/197 199/199/199
f 201/201/201 512/512/512 511/511/511
f 511/511/511 202/202/202 201/201/201
f 205/205/205 513/513/513 512/512/512
f 512/512/512 201/201/201 205/205/205
f 207/207/207 514/514/514 513/513/513
f 513/513/513 205/205/205 207/207/207
f 209/209/209 515/515/515 514/514/514
f 514/514/514 207/207/207 209/209/209
f 211/211/211 516/516/516 515/515/515
f 515/515/515 209/209/209 211/211/211
f 213/213/213 517/517/517 516/516/516
f 516/516/516 211/211/211 213/213/213
f 215/215/215 518/518/518 517/517/517
f 517/517/517 213/213/213 215/215/215
f 217/217/217 519/519/519 518/518/518
f 518/518/518 215/215/215 217/217/217
f 219/219/219 520/520/520 519/519/519
f 519/519/519 217/217/217 219/219/219
f 221/221/221 521/521/521 520/520/520
f 520/520/520 219/219/219 221/221/221
f 223/223/223 522/522/522 521/521/521
f 521/521/521 221/221/221 223/223/223
f 225/225/225 523/523/523 522/522/522
f 522/522/522 223/223/223 225/225/225
f 227/227/227 524/524/524 523/523/523
f 523/523/523 225/225/225 227/227/227
f 229/229/229 525/525/525 524/524/524
f 524/524/524 227/227/227 229/229/229
f 231/231/231 526/526/526 525/525/525
f 525/525/525 229/229/229 231/231/231
f 192/192/192 506/506/506 526/526/526
f 526/526/526 231/231/231 192/192/192
f 530/530/530 527/527/527 528/528/528
f 528/528/528 529/529/529 530/530/530
f 532/532/532 531/531/531 527/527/527
f 527/527/527 530/530/530 532/532/532
f 534/534/534 533/533/533 531/531/531
f 531/531/531 532/532/532 534/534/534
f 536/536/536 535/535/535 533/533/533
f 533/533/533 534/534/534 536/536/536
f 540/540/540 537/537/537 538/538/538
f 538/538/538 539/539/539 540/540/540
f 542/542/542 541/541/541 537/537/537
f 537/537/537 540/540/540 542/542/542
f 544/544/544 543/543/543 541/541/541
f 541/541/541 542/542/542 544/544/544
f 546/546/546 545/545/545 543/543/543
f 543/543/543 544/544/544 546/546/546
f 548/548/548 547/547/547 545/545/545
f 545/545/545 546/546/546 548/548/548
f 550/550/550 549/549/549 547/547/547
f 547/547/547 548/548/548 550/550/550
f 552/552/552 551/551/551 549/549/549
f 549/549/549 550/550/550 552/552/552
f 554/554/554 553/553/553 551/551/551
f 551/551/551 552/552/552 554/554/554
f 556/556/556 555/555/555 553/553/553
f 553/553/553 554/554/554 556/556/556
f 558/558/558 557/557/557 555/555/555
f 555/555/555 556/556/556 558/558/558
f 560/560/560 559/559/559 557/557/557
f 557/557/557 558/558/558 560/560/560
f 562/562/562 561/561/561 559/559/559
f 559/559/559 560/560/560 562/562/562
f 564/564/564 563/563/563 561/561/561
f 561/561/561 562/562/562 564/564/564
f 566/566/566 565/565/565 563/563/563
f 563/563/563 564/564/564 566/566/566
f 568/568/568 567/567/567 565/565/565
f 565/565/565 566/566/566 568/568/568
f 529/529/529 528/528/528 567/567/567
f 567/567/567 568/568/568 529/529/529
f 570/570/570 530/530/530 529/529/529
f 529/529/529 569/569/569 570/570/570
f 571/571/571 532/532/532 530/530/530
f 530/530/530 570/570/570 571/571/571
f 572/572/572 534/534/534 532/532/532
f 532/532/532 571/571/571 572/572/572
f 573/573/573 536/536/536 534/534/534
f 534/534/534 572/572/572 573/573/573
f 575/575/575 540/540/540 539/539/539
f 539/539/539 574/574/574 575/575/575
f 576/576/576 542/542/542 540/540/540
f 540/540/540 575/575/575 576/576/576
f 577/577/577 544/544/544 542/542/542
f 542/542/542 576/576/576 577/577/577
f 578/578/578 546/546/546 544/544/544
f 544/544/544 577/577/577 578/578/578
f 579/579/579 548/548/548 546/546/546
f 546/546/546 578/578/578 579/579/579
f 580/580/580 550/550/550 548/548/548
f 548/548/548 579/579/579 580/580/580
f 581/581/581 552/552/552 550/550/550
f 550/550/550 580/580/580 581/581/581
f 582/582/582 554/554/554 552/552/552
f 552/552/552 581/581/581 582/582/582
f 583/583/583 556/556/556 554/554/554
f 554/554/554 582/582/582 583/583/583
f 584/584/584 558/558/558 556/556/556
f 556/556/556 583/583/583 584/584/584
f 585/585/585 560/560/560 558/558/558
f 558/558/558 584/584/584 585/585/585
f 586/586/586 562/562/562 560/560/560
f 560/560/560 585/585/585 586/586/586
f 587/587/587 564/564/564 562/562/562
f 562/562/562 586/586/586 587/587/587
f 588/588/588 566/566/566 564/564/564
f 564/564/564 587/587/587 588/588/588
f 589/589/589 568/568/568 566/566/566
f 566/566/566 588/588/588 589/589/589
f 569/569/569 529/529/529 568/568/568
f 568/568/568 589/589/589 569/569/569
f 591/591/591 570/570/570 569/569/569
f 569/569/569 590/590/590 591/591/591
f 592/592/592 571/571/571 570/570/570
f 570/570/570 591/591/591 592/592/592
f 593/593/593 572/572/572 571/571/571
f 571/571/571 592/592/592 593/593/593
f 594/594/594 573/573/573 572/572/572
f 572/572/572 593/593/593 594/594/594
f 596/596/596 575/575/575 574/574/574
f 574/574/574 595/595/595 596/596/596
f 597/597/597 576/576/576 575/575/575
f 575/575/575 596/596/596 597/597/597
f 598/598/598 577/577/577 576/576/576
f 576/576/576 597/597/597 598/598/598
f 599/599/599 578/578/578 577/577/577
f 577/577/577 598/598/598 599/599/599
f 600/600/600 579/579/579 578/578/578
f 578/578/578 599/599/599 600/600/600
f 601/601/601 580/580/580 579/579/579
f 579/579/579 600/600/600 601/601/601
f 602/602/602 581/581/581 580/580/580
f 580/580/580 601/601/601 602/602/602
f 603/603/603 582/582/582 581/581/581
f 581/581/581 602/602/602 603/603/603
f 604/604/604 583/583/583 582/582/582
f 582/582/582 603/603/603 604/604/604
f 605/605/605 584/584/584 583/583/583
f 583/583/583 604/604/604 605/605/605
f 606/606/606 585/585/585 584/584/584
f 584/584/584 605/605/605 606/606/606
f 607/607/607 586/586/586 585/585/585
f 585/585/585 606/606/606 607/607/607
f 608/608/608 587/587/587 586/586/586
f 586/586/586 607/607/607 608/608/608
f 609/609/609 588/588/588 587/587/587
f 587/587/587 608/608/608 609/609/609
f 610/610/610 589/589/589 588/588/588
f 588/588/588 609/609/609 610/610/610
f 590/590/590 569/569/569 589/589/589
f 589/589/589 610/610/610 590/590/590
f 612/612/612 591/591/591 590/590/590
f 590/590/590 611/611/611 612/612/612
f 613/613/613 592/592/592 591/591/591
f 591/591/591 612/612/612 613/613/613
f 614/614/614 593/593/593 592/592/592
f 592/592/592 613/613/613 614/614/614
f 615/615/615 594/594/594 593/593/593
f 593/593/593 614/614/614 615/615/615
f 617/617/617 596/596/596 595/595/595
f 595/595/595 616/616/616 617/617/617
f 618/618/618 597/597/597 596/596/596
f 596/596/596 617/617/617 618/618/618
f 619/619/619 598/598/598 597/597/597
f 597/597/597 618/618/618 619/619/619
f 620/620/620 599/599/599 598/598/598
f 598/598/598 619/619/619 620/620/620
f 621/621/621 600/600/600 599/599/599
f 599/599/599 620/620/620 621/621/621
f 622/622/622 601/601/601 600/600/600
f 600/600/600 621/621/621 622/622/622
f 623/623/623 602/602/602 601/601/601
f 601/601/601 622/622/622 623/623/623
f 624/624/624 603/603/603 602/602/602
f 602/602/602 623/623/623 624/624/624
f 625/625/625 604/604/604 603/603/603
f 603/603/603 624/624/624 625/625/625
f 626/626/626 605/605/605 604/604/604
f 604/604/604 625/625/625 626/626/626
f 627/627/627 606/606/606 605/605/605
f 605/605/605 626/626/626 627/627/627
f 628/628/628 607/607/607 606/606/606
f 606/606/606 627/627/627 628/628/628
f 629/629/629 608/608/608 607/607/607
f 607/607/607 628/628/628 629/629/629
f 630/630/630 609/609/609 608/608/608
f 608/608/608 629/629/629 630/630/630
f 631/631/631 610/610/610 609/609/609
f 609/609/609 630/630/630 631/631/631
f 611/611/611 590/590/590 610/610/610
f 610/610/610 631/631/631 611/611/611
f 633/633/633 612/612/612 611/611/611
f 611/611/611 632/632/632 633/633/633
f 634/634/634 613/613/613 612/612/612
f 612/612/612 633/633/633 634/634/634
f 635/635/635 614/614/614 613/613/613
f 613/613/613 634/634/634 635/635/635
f 636/636/636 615/615/615 614/614/614
f 614/614/614 635/635/635 636/636/636
f 638/638/638 617/617/617 616/616/616
f 616/616/616 637/637/637 638/638/638
f 639/639/639 618/618/618 617/617/617
f 617/617/617 638/638/638 639/639/639
f 640/640/640 619/619/619 618/618/618
f 618/618/618 639/639/639 640/640/640
f 641/641/641 620/620/620 619/619/619
f 619/619/619 640/640/640 641/641/641
f 642/642/642 621/621/621 620/620/620
f 620/620/620 641/641/641 642/642/642
f 643/643/643 622/622/622 621/621/621
f 621/621/621 642/642/642 643/643/643
f 644/644/644 623/623/623 622/622/622
f 622/622/622 643/643/643 644/644/644
f 645/645/645 624/624/624 623/623/623
f 623/623/623 644/644/644 645/645/645
f 646/646/646 625/625/625 624/624/624
f 624/624/624 645/645/645 646/646/646
f 647/647/647 626/626/626 625/625/625
f 625/625/625 646/646/646 647/647/647
f 648/648/648 627/627/627 626/626/626
f 626/626/626 647/647/647 648/648/648
f 649/649/649 628/628/628 627/627/627
f 627/627/627 648/648/648 649/649/649
f 650/650/650 629/629/629 628/628/628
f 628/628/628 649/649/649 650/650/650
f 651/651/651 630/630/630 629/629/629
f 629/629/629 650/650/650 651/651/651
f 652/652/652 631/631/631 630/630/630
f 630/630/630 651/651/651 652/652/652
f 632/632/632 611/611/611 631/631/631
f 631/631/631 652/652/652 632/632/632
f 654/654/654 633/633/633 632/632/632
f 632/632/632 653/653/653 654/654/654
f 655/655/655 634/634/634 633/633/633
f 633/633/633 654/654/654 655/655/655
f 656/656/656 635/635/635 634/634/634
f 634/634/634 655/655/655 656/656/656
f 657/657/657 636/636/636 635/635/635
f 635/635/635 656/656/656 657/657/657
f 659/659/659 638/638/638 637/637/637
f 637/637/637 658/658/658 659/659/659
f 660/660/660 639/639/639 638/638/638
f 638/638/638 659/659/659 660/660/660
f 661/661/661 640/640/640 639/639/639
f 639/639/639 660/660/660 661/661/661
f 662/662/662 641/641/641 640/640/640
f 640/640/640 661/661/661 662/662/662
f 663/663/663 642/642/642 641/641/641
f 641/641/641 662/662/662 663/663/663
f 664/664/664 643/643/643 642/642/642
f 642/642/642 663/663/663 664/664/664
f 665/665/665 644/644/644 643/643/643
f 643/643/643 664/664/664 665/665/665
f 666/666/666 645/645/645 644/644/644
f 644/644/644 665/665/665 666/666/666
f 667/667/667 646/646/646 645/645/645
f 645/645/645 666/666/666 667/667/667
f 668/668/668 647/647/647 646/646/646
f 646/646/646 667/667/667 668/668/668
f 669/669/669 648/648/648 647/647/647
f 647/647/647 668/668/668 669/669/669
f 670/670/670 649/649/649 648/648/648
f 648/648/648 669/669/669 670/670/670
f 671/671/671 650/650/650 649/649/649
f 649/649/649 670/670/670 671/671/671
f 672/672/672 651/651/651 650/650/650
f 650/650/650 671/671/671 672/672/672
f 673/673/673 652/652/652 651/651/651
f 651/651/651 672/672/672 673/673/673
f 653/653/653 632/632/632 652/652/652
f 652/652/652 673/673/673 653/653/653
f 675/675/675 654/654/654 653/653/653
f 653/653/653 674/674/674 675/675/675
f 676/676/676 655/655/655 654/654/654
f 654/654/654 675/675/675 676/676/676
f 677/677/677 656/656/656 655/655/655
f 655/655/655 676/676/676 677/677/677
f 678/678/678 657/657/657 656/656/656
f 656/656/656 677/677/677 678/678/678
f 680/680/680 659/659/659 658/658/658
f 658/658/658 679/679/679 680/680/680
f 681/681/681 660/660/660 659/659/659
f 659/659/659 680/680/680 681/681/681
f 682/682/682 661/661/661 660/660/660
f 660/660/660 681/681/681 682/682/682
f 683/683/683 662/662/662 661/661/661
f 661/661/661 682/682/682 683/683/683
f 684/684/684 663/663/663 662/662/662
f 662/662/662 683/683/683 684/684/684
f 685/685/685 664/664/664 663/663/663
f 663/663/663 684/684/684 685/685/685
f 686/686/686 665/665/665 664/664/664
f 664/664/664 685/685/685 686/686/686
f 687/687/687 666/666/666 665/665/665
f 665/665/665 686/686/686 687/687/687
f 688/688/688 667/667/667 666/666/666
f 666/666/666 687/687/687 688/688/688
f 689/689/689 668/668/668 667/667/667
f 667/667/667 688/688/688 689/689/689
f 690/690/690 669/669/669 668/668/668
f 668/668/668 689/689/689 690/690/690
f 691/691/691 670/670/670 669/669/669
f 669/669/669 690/690/690 691/691/691
f 692/692/692 671/671/671 670/670/670
f 670/670/670 691/691/691 692/692/692
f 693/693/693 672/672/672 671/671/671
f 671/671/671 692/692/692 693/693/693
f 694/694/694 673/673/673 672/672/672
f 672/672/672 693/693/693 694/694/694
f 674/674/674 653/653/653 673/673/673
f 673/673/673 694/694/694 674/674/674
f 696/696/696 675/675/675 674/674/674
f 674/674/674 695/695/695 696/696/696
f 697/697/697 676/676/676 675/675/675
f 675/675/675 696/696/696 697/697/697
f 698/698/698 677/677/677 676/676/676
f 676/676/676 697/697/697 698/698/698
f 699/699/699 678/678/678 677/677/677
f 677/677/677 698/698/698 699/699/699
f 701/701/701 680/680/680 679/679/679
f 679/679/679 700/700/700 701/701/701
f 702/702/702 681/681/681 680/680/680
f 680/680/680 701/701/701 702/702/702
f 703/703/703 682/682/682 681/681/681
f 681/681/681 702/702/702 703/703/703
f 704/704/704 683/683/683 682/682/682
f 682/682/682 703/703/703 704/704/704
f 705/705/705 684/684/684 683/683/683
f 683/683/683 704/704/704 705/705/705
f 706/706/706 685/685/685 684/684/684
f 684/684/684 705/705/705 706/706/706
f 707/707/707 686/686/686 685/685/685
f 685/685/685 706/706/706 707/707/707
f 708/708/708 687/687/687 686/686/686
f 686/686/686 707/707/707 708/708/708
f 709/709/709 688/688/688 687/687/687
f 687/687/687 708/708/708 709/709/709
f 710/710/710 689/689/689 688/688/688
f 688/688/688 709/709/709 710/710/710
f 711/711/711 690/690/690 689/689/689
f 689/689/689 710/710/710 711/711/711
f 712/712/712 691/691/691 690/690/690
f 690/690/690 711/711/711 712/712/712
f 713/713/713 692/692/692 691/691/691
f 691/691/691 712/712/712 713/713/713
f 714/714/714 693/693/693 692/692/692
f 692/692/692 713/713/713 714/714/714
f 715/715/715 694/694/694 693/693/693
f 693/693/693 714/714/714 715/715/715
f 695/695/695 674/674/674 694/694/694
f 694/694/694 715/715/715 695/695/695
f 717/717/717 696/696/696 695/695/695
f 695/695/695 716/716/716 717/717/717
f 718/718/718 697/697/697 696/696/696
f 696/696/696 717/717/717 718/718/718
f 719/719/719 698/698/698 697/697/697
f 697/697/697 718/718/718 719/719/719
f 720/720/720 699/699/699 698/698/698
f 698/698/698 719/719/719 720/720/720
f 722/722/722 701/701/701 700/700/700
f 700/700/700 721/721/721 722/722/722
f 723/723/723 702/702/702 701/701/701
f 701/701/701 722/722/722 723/723/723
f 724/724/724 703/703/703 702/702/702
f 702/702/702 723/723/723 724/724/724
f 725/725/725 704/704/704 703/703/703
f 703/703/703 724/724/724 725/725/725
f 726/726/726 705/705/705 704/704/704
f 704/704/704 725/725/725 726/726/726
f 727/727/727 706/706/706 705/705/705
f 705/705/705 726/726/726 727/727/727
f 728/728/728 707/707/707 706/706/706
f 706/706/706 727/727/727 728/728/728
f 729/729/729 708/708/708 707/707/707
f 707/707/707 728/728/728 729/729/729
f 730/730/730 709/709/709 708/708/708
f 708/708/708 729/729/729 730/730/730
f 731/731/731 710/710/710 709/709/709
f 709/709/709 730/730/730 731/731/731
f 732/732/732 711/711/711 710/710/710
f 710/710/710 731/731/731 732/732/732
f 733/733/733 712/712/712 711/711/711
f 711/711/711 732/732/732 733/733/733
f 734/734/734 713/713/713 712/712/712
f 712/712/712 733/733/733 734/734/734
f 735/735/735 714/714/714 713/713/713
f 713/713/713 734/734/734 735/735/735
f 736/736/736 715/715/715 714/714/714
f 714/714/714 735/735/735 736/736/736
f 716/716/716 695/695/695 715/715/715
f 715/715/715 736/736/736 716/716/716
f 738/738/738 717/717/717 716/716/716
f 716/716/716 737/737/737 738/738/738
f 739/739/739 718/718/718 717/717/717
f 717/717/717 738/738/738 739/739/739
f 740/740/740 719/719/719 718/718/718
f 718/718/718 739/739/739 740/740/740
f 741/741/741 720/720/720 719/719/719
f 719/719/719 740/740/740 741/741/741
f 743/743/743 722/722/722 721/721/721
f 721/721/721 742/742/742 743/743/743
f 744/744/744 723/723/723 722/722/722
f 722/722/722 743/743/743 744/744/744
f 745/745/745 724/724/724 723/723/723
f 723/723/723 744/744/744 745/745/745
f 746/746/746 725/725/725 724/724/724
f 724/724/724 745/745/745 746/746/746
f 747/747/747 726/726/726 725/725/725
f 725/725/725 746/746/746 747/747/747
f 748/748/748 727/727/727 726/726/726
f 726/726/726 747/747/747 748/748/748
f 749/749/749 728/728/728 727/727/727
f 727/727/727 748/748/748 749/749/749
f 750/750/750 729/729/729 728/728/728
f 728/728/728 749/749/749 750/750/750
f 751/751/751 730/730/730 729/729/729
f 729/729/729 750/750/750 751/751/751
f 752/752/752 731/731/731 730/730/730
f 730/730/730 751/751/751 752/752/752
f 753/753/753 732/732/732 731/731/731
f 731/731/731 752/752/752 753/753/753
f 754/754/754 733/733/733 732/732/732
f 732/732/732 753/753/753 754/754/754
f 755/755/755 734/734/734 733/733/733
f 733/733/733 754/754/754 755/755/755
f 756/756/756 735/735/735 734/734/734
f 734/734/734 755/755/755 756/756/756
f 757/757/757 736/736/736 735/735/735
f 735/735/735 756/756/756 757/757/757
f 737/737/737 716/716/716 736/736/736
f 736/736/736 757/757/757 737/737/737
f 759/759/759 738/738/738 737/737/737
f 737/737/737 758/758/758 759/759/759
f 760/760/760 739/739/739 738/738/738
f 738/738/738 759/759/759 760/760/760
f 761/761/761 740/740/740 739/739/739
f 739/739/739 760/760/760 761/761/761
f 762/762/762 741/741/741 740/740/740
f 740/740/740 761/761/761 762/762/762
f 764/764/764 743/743/743 742/742/742
f 742/742/742 763/763/763 764/764/764
f 765/765/765 744/744/744 743/743/743
f 743/743/743 764/764/764 765/765/765
f 766/766/766 745/745/745 744/744/744
f 744/744/744 765/765/765 766/766/766
f 767/767/767 746/746/746 745/745/745
f 745/745/745 766/766/766 767/767/767
f 768/768/768 747/747/747 746/746/746
f 746/746/746 767/767/767 768/768/768
f 769/769/769 748/748/748 747/747/747
f 747/747/747 768/768/768 769/769/769
f 770/770/770 749/749/749 748/748/748
f 748/748/748 769/769/769 770/770/770
f 771/771/771 750/750/750 749/749/749
f 749/749/749 770/770/770 771/771/771
f 772/772/772 751/751/751 750/750/750
f 750/750/750 771/771/771 772/772/772
f 773/773/773 752/752/752 751/751/751
f 751/751/751 772/772/772 773/773/773
f 774/774/774 753/753/753 752/752/752
f 752/752/752 773/773/773 774/774/774
f 775/775/775 754/754/754 753/753/753
f 753/753/753 774/774/774 775/775/775
f 776/776/776 755/755/755 754/754/754
f 754/754/754 775/775/775 776/776/776
f 777/777/777 756/756/756 755/755/755
f 755/755/755 776/776/776 777/777/777
f 778/778/778 757/757/757 756/756/756
f 756/756/756 777/777/777 778/778/778
f 758/758/758 737/737/737 757/757/757
f 757/757/757 778/778/778 758/758/758
f 782/782/782 779/779/779 780/780/780
f 780/780/780 781/781/781 782/782/782
f 784/784/784 783/783/783 779/779/779
f 779/779/779 782/782/782 784/784/784
f 786/786/786 785/785/785 783/783/783
f 783/783/783 784/784/784 786/786/786
f 788/788/788 787/787/787 785/785/785
f 785/785/785 786/786/786 788/788/788
f 792/792/792 789/789/789 790/790/790
f 790/790/790 791/791/791 792/792/792
f 794/794/794 793/793/793 789/789/789
f 789/789/789 792/792/792 794/794/794
f 796/796/796 795/795/795 793/793/793
f 793/793/793 794/794/794 796/796/796
f 798/798/798 797/797/797 795/795/795
f 795/795/795 796/796/796 798/798/798
f 800/800/800 799/799/799 797/797/797
f 797/797/797 798/798/798 800/800/800
f 802/802/802 801/801/801 799/799/799
f 799/799/799 800/800/800 802/802/802
f 804/804/804 803/803/803 801/801/801
f 801/801/801 802/802/802 804/804/804
f 806/806/806 805/805/805 803/803/803
f 803/803/803 804/804/804 806/806/806
f 808/808/808 807/807/807 805/805/805
f 805/805/805 806/806/806 808/808/808
f 810/810/810 809/809/809 807/807/807
f 807/807/807 808/808/808 810/810/810
f 812/812/812 811/811/811 809/809/809
f 809/809/809 810/810/810 812/812/812
f 814/814/814 813/813/813 811/811/811
f 811/811/811 812/812/812 814/814/814
f 816/816/816 815/815/815 813/813/813
f 813/813/813 814/814/814 816/816/816
f 818/818/818 817/817/817 815/815/815
f 815/815/815 816/816/816 818/818/818
f 820/820/820 819/819/819 817/817/817
f 817/817/817 818/818/818 820/820/820
f 781/781/781 780/780/780 819/819/819
f 819/819/819 820/820/820 781/781/781
f 822/822/822 782/782/782 781/781/781
f 781/781/781 821/821/821 822/822/822
f 823/823/823 784/784/784 782/782/782
f 782/782/782 822/822/822 823/823/823
f 824/824/824 786/786/786 784/784/784
f 784/784/784 823/823/823 824/824/824
f 825/825/825 788/788/788 786/786/786
f 786/786/786 824/824/824 825/825/825
f 827/827/827 792/792/792 791/791/791
f 791/791/791 826/826/826 827/827/827
f 828/828/828 794/794/794 792/792/792
f 792/792/792 827/827/827 828/828/828
f 829/829/829 796/796/796 794/794/794
f 794/794/794 828/828/828 829/829/829
f 830/830/830 798/798/798 796/796/796
f 796/796/796 829/829/829 830/830/830
f 831/831/831 800/800/800 798/798/798
f 798/798/798 830/830/830 831/831/831
f 832/832/832 802/802/802 800/800/800
f 800/800/800 831/831/831 832/832/832
f 833/833/833 804/804/804 802/802/802
f 802/802/802 832/832/832 833/833/833
f 834/834/834 806/806/806 804/804/804
f 804/804/804 833/833/833 834/834/834
f 835/835/835 808/808/808 806/806/806
f 806/806/806 834/834/834 835/835/835
f 836/836/836 810/810/810 808/808/808
f 808/808/808 835/835/835 836/836/836
f 837/837/837 812/812/812 810/810/810
f 810/810/810 836/836/836 837/837/837
f 838/838/838 814/814/814 812/812/812
f 812/812/812 837/837/837 838/838/838
f 839/839/839 816/816/816 814/814/814
f 814/814/814 838/838/838 839/839/839
f 840/840/840 818/818/818 816/816/816
f 816/816/816 839/839/839 840/840/840
f 841/841/841 820/820/820 818/818/818
f 818/818/818 840/840/840 841/841/841
f 821/821/821 781/781/781 820/820/820
f 820/820/820 841/841/841 821/821/821
f 843/843/843 822/822/822 821/821/821
f 821/821/821 842/842/842 843/843/843
f 844/844/844 823/823/823 822/822/822
f 822/822/822 843/843/843 844/844/844
f 845/845/845 824/824/824 823/823/823
f 823/823/823 844/844/844 845/845/845
f 846/846/846 825/825/825 824/824/824
f 824/824/824 845/845/845 846/846/846
f 848/848/848 827/827/827 826/826/826
f 826/826/826 847/847/847 848/848/848
f 849/849/849 828/828/828 827/827/827
f 827/827/827 848/848/848 849/849/849
f 850/850/850 829/829/829 828/828/828
f 828/828/828 849/849/849 850/850/850
f 851/851/851 830/830/830 829/829/829
f 829/829/829 850/850/850 851/851/851
f 852/852/852 831/831/831 830/830/830
f 830/830/830 851/851/851 852/852/852
f 853/853/853 832/832/832 831/831/831
f 831/831/831 852/852/852 853/853/853
f 854/854/854 833/833/833 832/832/832
f 832/832/832 853/853/853 854/854/854
f 855/855/855 834/834/834 833/833/833
f 833/833/833 854/854/854 855/855/855
f 856/856/856 835/835/835 834/834/834
f 834/834/834 855/855/855 856/856/856
f 857/857/857 836/836/836 835/835/835
f 835/835/835 856/856/856 857/857/857
f 858/858/858 837/837/837 836/836/836
f 836/836/836 857/857/857 858/858/858
f 859/859/859 838/838/838 837/837/837
f 837/837/837 858/858/858 859/859/859
f 860/860/860 839/839/839 838/838/838
f 838/838/838 859/859/859 860/860/860
f 861/861/861 840/840/840 839/839/839
f 839/839/839 860/860/860 861/861/861
f 862/862/862 841/841/841 840/840/840
f 840/840/840 861/861/861 862/862/862
f 842/842/842 821/821/821 841/841/841
f 841/841/841 862/862/862 842/842/842
f 527/527/527 843/843/843 842/842/842
f 842/842/842 528/528/528 527/527/527
f 531/531/531 844/844/844 843/843/843
f 843/843/843 527/527/527 531/531/531
f 533/533/533 845/845/845 844/844/844
f 844/844/844 531/531/531 533/533/533
f 535/535/535 846/846/846 845/845/845
f 845/845/845 533/533/533 535/535/535
f 537/537/537 848/848/848 847/847/847
f 847/847/847 538/538/538 537/537/537
f 541/541/541 849/849/849 848/848/848
f 848/848/848 537/537/537 541/541/541
f 543/543/543 850/850/850 849/849/849
f 849/849/849 541/541/541 543/543/543
f 545/545/545 851/851/851 850/850/850
f 850/850/850 543/543/543 545/545/545
f 547/547/547 852/852/852 851/851/851
f 851/851/851 545/545/545 547/547/547
f 549/549/549 853/853/853 852/852/852
f 852/852/852 547/547/547 549/549/549
f 551/551/551 854/854/854 853/853/853
f 853/853/853 549/549/549 551/551/551
f 553/553/553 855/855/855 854/854/854
f 854/854/854 551/551/551 553/553/553
f 555/555/555 856/856/856 855/855/855
f 855/855/855 553/553/553 555/555/555
f 557/557/557 857/857/857 856/856/856
f 856/856/856 555/555/555 557/557/557
f 559/559/559 858/858/858 857/857/857
f 857/857/857 557/557/557 559/559/559
f 561/561/561 859/859/859 858/858/858
f 858/858/858 559/559/559 561/561/561
f 563/563/563 860/860/860 859/859/859
f 859/859/859 561/561/561 563/563/563
f 565/565/565 861/861/861 860/860/860
f 860/860/860 563/563/563 565/565/565
f 567/567/567 862/862/862 861/861/861
f 861/861/861 565/565/565 567/567/567
f 528/528/528 842/842/842 862/862/862
f 862/862/862 567/567/567 528/528/528
f 866/866/866 863/863/863 864/864/864
f 864/864/864 865/865/865 866/866/866
f 863/863/863 867/867/867 868/868/868
f 868/868/868 864/864/864 863/863/863
f 867/867/867 869/869/869 870/870/870
f 870/870/870 868/868/868 867/867/867
f 869/869/869 871/871/871 872/872/872
f 872/872/872 870/870/870 869/869/869
f 876/876/876 873/873/873 874/874/874
f 874/874/874 875/875/875 876/876/876
f 873/873/873 877/877/877 878/878/878
f 878/878/878 874/874/874 873/873/873
f 877/877/877 879/879/879 880/880/880
f 880/880/880 878/878/878 877/877/877
f 879/879/879 881/881/881 882/882/882
f 882/882/882 880/880/880 879/879/879
f 881/881/881 883/883/883 884/884/884
f 884/884/884 882/882/882 881/881/881
f 883/883/883 885/885/885 886/886/886
f 886/886/886 884/884/884 883/883/883
f 885/885/885 887/887/887 888/888/888
f 888/888/888 886/886/886 885/885/885
f 887/887/887 889/889/889 890/890/890
f 890/890/890 888/888/888 887/887/887
f 889/889/889 891/891/891 892/892/892
f 892/892/892 890/890/890 889/889/889
f 891/891/891 893/893/893 894/894/894
f 894/894/894 892/892/892 891/891/891
f 893/893/893 895/895/895 896/896/896
f 896/896/896 894/894/894 893/893/893
f 895/895/895 897/897/897 898/898/898
f 898/898/898 896/896/896 895/895/895
f 897/897/897 899/899/899 900/900/900
f 900/900/900 898/898/898 897/897/897
f 899/899/899 901/901/901 902/902/902
f 902/902/902 900/900/900 899/899/899
f 901/901/901 903/903/903 904/904/904
f 904/904/904 902/902/902 901/901/901
f 903/903/903 866/866/866 865/865/865
f 865/865/865 904/904/904 903/903/903
f 865/865/865 864/864/864 905/905/905
f 905/905/905 906/906/906 865/865/865
f 864/864/864 868/868/868 907/907/907
f 907/907/907 905/905/905 864/864/864
f 868/868/868 870/870/870 908/908/908
f 908/908/908 907/907/907 868/868/868
f 870/870/870 872/872/872 909/909/909
f 909/909/909 908/908/908 870/870/870
f 875/875/875 874/874/874 910/910/910
f 910/910/910 911/911/911 875/875/875
f 874/874/874 878/878/878 912/912/912
f 912/912/912 910/910/910 874/874/874
f 878/878/878 880/880/880 913/913/913
f 913/913/913 912/912/912 878/878/878
f 880/880/880 882/882/882 914/914/914
f 914/914/914 913/913/913 880/880/880
f 882/882/882 884/884/884 915/915/915
f 915/915/915 914/914/914 882/882/882
f 884/884/884 886/886/886 916/916/916
f 916/916/916 915/915/915 884/884/884
f 886/886/886 888/888/888 917/917/917
f 917/917/917 916/916/916 886/886/886
f 888/888/888 890/890/890 918/918/918
f 918/918/918 917/917/917 888/888/888
f 890/890/890 892/892/892 919/919/919
f 919/919/919 918/918/918 890/890/890
f 892/892/892 894/894/894 920/920/920
f 920/920/920 919/919/919 892/892/892
f 894/894/894 896/896/896 921/921/921
f 921/921/921 920/920/920 894/894/894
f 896/896/896 898/898/898 922/922/922
f 922/922/922 921/921/921 896/896/896
f 898/898/898 900/900/900 923/923/923
f 923/923/923 922/922/922 898/898/898
f 900/900/900 902/902/902 924/924/924
f 924/924/924 923/923/923 900/900/900
f 902/902/902 904/904/904 925/925/925
f 925/925/925 924/924/924 902/902/902
f 904/904/904 865/865/865 906/906/906
f 906/906/906 925/925/925 904/904/904
f 906/906/906 905/905/905 926/926/926
f 926/926/926 927/927/927 906/906/906
f 905/905/905 907/907/907 928/928/928
f 928/928/928 926/926/926 905/905/905
f 907/907/907 908/908/908 929/929/929
f 929/929/929 928/928/928 907/907/907
f 908/908/908 909/909/909 930/930/930
f 930/930/930 929/929/929 908/908/908
f 911/911/911 910/910/910 931/931/931
f 931/931/931 932/932/932 911/911/911
f 910/910/910 912/912/912 933/933/933
f 933/933/933 931/931/931 910/910/910
f 912/912/912 913/913/913 934/934/934
f 934/934/934 933/933/933 912/912/912
f 913/913/913 914/914/914 935/935/935
f 935/935/935 934/934/934 913/913/913
f 914/914/914 915/915/915 936/936/936
f 936/936/936 935/935/935 914/914/914
f 915/915/915 916/916/916 937/937/937
f 937/937/937 936/936/936 915/915/915
f 916/916/916 917/917/917 938/938/938
f 938/938/938 937/937/937 916/916/916
f 917/917/917 918/918/918 939/939/939
f 939/939/939 938/938/938 917/917/917
f 918/918/918 919/919/919 940/940/940
f 940/940/940 939/939/939 918/918/918
f 919/919/919 920/920/920 941/941/941
f 941/941/941 940/940/940 919/919/919
f 920/920/920 921/921/921 942/942/942
f 942/942/942 941/941/941 920/920/920
f 921/921/921 922/922/922 943/943/943
f 943/943/943 942/942/942 921/921/921
f 922/922/922 923/923/923 944/944/944
f 944/944/944 943/943/943 922/922/922
f 923/923/923 924/924/924 945/945/945
f 945/945/945 944/944/944 923/923/923
f 924/924/924 925/925/925 946/946/946
f 946/946/946 945/945/945 924/924/924
f 925/925/925 906/906/906 927/927/927
f 927/927/927 946/946/946 925/925/925
f 927/927/927 926/926/926 947/947/947
f 947/947/947 948/948/948 927/927/927
f 926/926/926 928/928/928 949/949/949
f 949/949/949 947/947/947 926/926/926
f 928/928/928 929/929/929 950/950/950
f 950/950/950 949/949/949 928/928/928
f 929/929/929 930/930/930 951/951/951
f 951/951/951 950/950/950 929/929/929
f 932/932/932 931/931/931 952/952/952
f 952/952/952 953/953/953 932/932/932
f 931/931/931 933/933/933 954/954/954
f 954/954/954 952/952/952 931/931/931
f 933/933/933 934/934/934 955/955/955
f 955/955/955 954/954/954 933/933/933
f 934/934/934 935/935/935 956/956/956
f 956/956/956 955/955/955 934/934/934
f 935/935/935 936/936/936 957/957/957
f 957/957/957 956/956/956 935/935/935
f 936/936/936 937/937/937 958/958/958
f 958/958/958 957/957/957 936/936/936
f 937/937/937 938/938/938 959/959/959
f 959/959/959 958/958/958 937/937/937
f 938/938/938 939/939/939 960/960/960
f 960/960/960 959/959/959 938/938/938
f 939/939/939 940/940/940 961/961/961
f 961/961/961 960/960/960 939/939/939
f 940/940/940 941/941/941 962/962/962
f 962/962/962 961/961/961 940/940/940
f 941/941/941 942/942/942 963/963/963
f 963/963/963 962/962/962 941/941/941
f 942/942/942 943/943/943 964/964/964
f 964/964/964 963/963/963 942/942/942
f 943/943/943 944/944/944 965/965/965
f 965/965/965 964/964/964 943/943/943
f 944/944/944 945/945/945 966/966/966
f 966/966/966 965/965/965 944/944/944
f 945/945/945 946/946/946 967/967/967
f 967/967/967 966/966/966 945/945/945
f 946/946/946 927/927/927 948/948/948
f 948/948/948 967/967/967 946/946/946
f 971/971/971 968/968/968 969/969/969
f 969/969/969 970/970/970 971/971/971
f 968/968/968 972/972/972 973/973/973
f 973/973/973 969/969/969 968/968/968
f 972/972/972 974/974/974 975/975/975
f 975/975/975 973/973/973 972/972/972
f 974/974/974 976/976/976 977/977/977
f 977/977/977 975/975/975 974/974/974
f 981/981/981 978/978/978 979/979/979
f 979/979/979 980/980/980 981/981/981
f 978/978/978 982/982/982 983/983/983
f 983/983/983 979/979/979 978/978/978
f 982/982/982 984/984/984 985/985/985
f 985/985/985 983/983/983 982/982/982
f 984/984/984 986/986/986 987/987/987
f 987/987/987 985/985/985 984/984/984
f 986/986/986 988/988/988 989/989/989
f 989/989/989 987/987/987 986/986/986
f 988/988/988 990/990/990 991/991/991
f 991/991/991 989/989/989 988/988/988
f 990/990/990 992/992/992 993/993/993
f 993/993/993 991/991/991 990/990/990
f 992/992/992 994/994/994 995/995/995
f 995/995/995 993/993/993 992/992/992
f 994/994/994 996/996/996 997/997/997
f 997/997/997 995/995/995 994/994/994
f 996/996/996 998/998/998 999/999/999
f 999/999/999 997/997/997 996/996/996
f 998/998/998 1000/1000/1000 1001/1001/1001
f 1001/1001/1001 999/999/999 998/998/998
f 1000/1000/1000 1002/1002/1002 1003/1003/1003
f 1003/1003/1003 1001/1001/1001 1000/1000/1000
f 1002/1002/1002 1004/1004/1004 1005/1005/1005
f 1005/1005/1005 1003/1003/1003 1002/1002/1002
f 1004/1004/1004 1006/1006/1006 1007/1007/1007
f 1007/1007/1007 1005/1005/1005 1004/1004/1004
f 1006/1006/1006 1008/1008/1008 1009/1009/1009
f 1009/1009/1009 1007/1007/1007 1006/1006/1006
f 1008/1008/1008 971/971/971 970/970/970
f 970/970/970 1009/1009/1009 1008/1008/1008
f 970/970/970 969/969/969 1010/1010/1010
f 1010/1010/1010 1011/1011/1011 970/970/970
f 969/969/969 973/973/973 1012/1012/1012
f 1012/1012/1012 1010/1010/1010 969/969/969
f 973/973/973 975/975/975 1013/1013/1013
f 1013/1013/1013 1012/1012/1012 973/973/973
f 975/975/975 977/977/977 1014/1014/1014
f 1014/1014/1014 1013/1013/1013 975/975/975
f 980/980/980 979/979/979 1015/1015/1015
f 1015/1015/1015 1016/1016/1016 980/980/980
f 979/979/979 983/983/983 1017/1017/1017
f 1017/1017/1017 1015/1015/1015 979/979/979
f 983/983/983 985/985/985 1018/1018/1018
f 1018/1018/1018 1017/1017/1017 983/983/983
f 985/985/985 987/987/987 1019/1019/1019
f 1019/1019/1019 1018/1018/1018 985/985/985
f 987/987/987 989/989/989 1020/1020/1020
f 1020/1020/1020 1019/1019/1019 987/987/987
f 989/989/989 991/991/991 1021/1021/1021
f 1021/1021/1021 1020/1020/1020 989/989/989
f 991/991/991 993/993/993 1022/1022/1022
f 1022/1022/1022 1021/1021/1021 991/991/991
f 993/993/993 995/995/995 1023/1023/1023
f 1023/1023/1023 1022/1022/1022 993/993/993
f 995/995/995 997/997/997 1024/1024/1024
f 1024/1024/1024 1023/1023/1023 995/995/995
f 997/997/997 999/999/999 1025/1025/1025
f 1025/1025/1025 1024/1024/1024 997/997/997
f 999/999/999 1001/1001/1001 1026/1026/1026
f 1026/1026/1026 1025/1025/1025 999/999/999
f 1001/1001/1001 1003/1003/1003 1027/1027/1027
f 1027/1027/1027 1026/1026/1026 1001/1001/1001
f 1003/1003/1003 1005/1005/1005 1028/1028/1028
f 1028/1028/1028 1027/1027/1027 1003/1003/1003
f 1005/1005/1005 1007/1007/1007 1029/1029/1029
f 1029/1029/1029 1028/1028/1028 1005/1005/1005
f 1007/1007/1007 1009/1009/1009 1030/1030/1030
f 1030/1030/1030 1029/1029/1029 1007/1007/1007
f 1009/1009/1009 970/970/970 1011/1011/1011
f 1011/1011/1011 1030/1030/1030 1009/1009/1009
f 1011/1011/1011 1010/1010/1010 1031/1031/1031
f 1031/1031/1031 1032/1032/1032 1011/1011/1011
f 1010/1010/1010 1012/1012/1012 1033/1033/1033
f 1033/1033/1033 1031/1031/1031 1010/1010/1010
f 1012/1012/1012 1013/1013/1013 1034/1034/1034
f 1034/1034/1034 1033/1033/1033 1012/1012/1012
f 1013/1013/1013 1014/1014/1014 1035/1035/1035
f 1035/1035/1035 1034/1034/1034 1013/1013/1013
f 1016/1016/1016 1015/1015/1015 1036/1036/1036
f 1036/1036/1036 1037/1037/1037 1016/1016/1016
f 1015/1015/1015 1017/1017/1017 1038/1038/1038
f 1038/1038/1038 1036/1036/1036 1015/1015/1015
f 1017/1017/1017 1018/1018/1018 1039/1039/1039
f 1039/1039/1039 1038/1038/1038 1017/1017/1017
f 1018/1018/1018 1019/1019/1019 1040/1040/1040
f 1040/1040/1040 1039/1039/1039 1018/1018/1018
f 1019/1019/1019 1020/1020/1020 1041/1041/1041
f 1041/1041/1041 1040/1040/1040 1019/1019/1019
f 1020/1020/1020 1021/1021/1021 1042/1042/1042
f 1042/1042/1042 1041/1041/1041 1020/1020/1020
f 1021/1021/1021 1022/1022/1022 1043/1043/1043
f 1043/1043/1043 1042/1042/1042 1021/1021/1021
f 1022/1022/1022 1023/1023/1023 1044/1044/1044
f 1044/1044/1044 1043/1043/1043 1022/1022/1022
f 1023/1023/1023 1024/1024/1024 1045/1045/1045
f 1045/1045/1045 1044/1044/1044 1023/1023/1023
f 1024/1024/1024 1025/1025/1025 1046/1046/1046
f 1046/1046/1046 1045/1045/1045 1024/1024/1024
f 1025/1025/1025 1026/1026/1026 1047/1047/1047
f 1047/1047/1047 1046/1046/1046 1025/1025/1025
f 1026/1026/1026 1027/1027/1027 1048/1048/1048
f 1048/1048/1048 1047/1047/1047 1026/1026/1026
f 1027/1027/1027 1028/1028/1028 1049/1049/1049
f 1049/1049/1049 1048/1048/1048 1027/1027/1027
f 1028/1028/1028 1029/1029/1029 1050/1050/1050
f 1050/1050/1050 1049/1049/1049 1028/1028/1028
f 1029/1029/1029 1030/1030/1030 1051/1051/1051
f 1051/1051/1051 1050/1050/1050 1029/1029/1029
f 1030/1030/1030 1011/1011/1011 1032/1032/1032
f 1032/1032/1032 1051/1051/1051 1030/1030/1030
f 1032/1032/1032 1031/1031/1031 1052/1052/1052
f 1052/1052/1052 1053/1053/1053 1032/1032/1032
f 1031/1031/1031 1033/1033/1033 1054/1054/1054
f 1054/1054/1054 1052/1052/1052 1031/1031/1031
f 1033/1033/1033 1034/1034/1034 1055/1055/1055
f 1055/1055/1055 1054/1054/1054 1033/1033/1033
f 1034/1034/1034 1035/1035/1035 1056/1056/1056
f 1056/1056/1056 1055/1055/1055 1034/1034/1034
f 1037/1037/1037 1036/1036/1036 1057/1057/1057
f 1057/1057/1057 1058/1058/1058 1037/1037/1037
f 1036/1036/1036 1038/1038/1038 1059/1059/1059
f 1059/1059/1059 1057/1057/1057 1036/1036/1036
f 1038/1038/1038 1039/1039/1039 1060/1060/1060
f 1060/1060/1060 1059/1059/1059 1038/1038/1038
f 1039/1039/1039 1040/1040/1040 1061/1061/1061
f 1061/1061/1061 1060/1060/1060 1039/1039/1039
f 1040/1040/1040 1041/1041/1041 1062/1062/1062
f 1062/1062/1062 1061/1061/1061 1040/1040/1040
f 1041/1041/1041 1042/1042/1042 1063/1063/1063
f 1063/1063/1063 1062/1062/1062 1041/1041/1041
f 1042/1042/1042 1043/1043/1043 1064/1064/1064
f 1064/1064/1064 1063/1063/1063 1042/1042/1042
f 1043/1043/1043 1044/1044/1044 1065/1065/1065
f 1065/1065/1065 1064/1064/1064 1043/1043/1043
f 1044/1044/1044 1045/1045/1045 1066/1066/1066
f 1066/1066/1066 1065/1065/1065 1044/1044/1044
f 1045/1045/1045 1046/1046/1046 1067/1067/1067
f 1067/1067/1067 1066/1066/1066 1045/1045/1045
f 1046/1046/1046 1047/1047/1047 1068/1068/1068
f 1068/1068/1068 1067/1067/1067 1046/1046/1046
f 1047/1047/1047 1048/1048/1048 1069/1069/1069
f 1069/1069/1069 1068/1068/1068 1047/1047/1047
f 1048/1048/1048 1049/1049/1049 1070/1070/1070
f 1070/1070/1070 1069/1069/1069 1048/1048/1048
f 1049/1049/1049 1050/1050/1050 1071/1071/1071
f 1071/1071/1071 1070/1070/1070 1049/1049/1049
f 1050/1050/1050 1051/1051/1051 1072/1072/1072
f 1072/1072/1072 1071/1071/1071 1050/1050/1050
f 1051/1051/1051 1032/1032/1032 1053/1053/1053
f 1053/1053/1053 1072/1072/1072 1051/1051/1051
f 1053/1053/1053 1052/1052/1052 1073/1073/1073
f 1073/1073/1073 1074/1074/1074 1053/1053/1053
f 1052/1052/1052 1054/1054/1054 1075/1075/1075
f 1075/1075/1075 1073/1073/1073 1052/1052/1052
f 1054/1054/1054 1055/1055/1055 1076/1076/1076
f 1076/1076/1076 1075/1075/1075 1054/1054/1054
f 1055/1055/1055 1056/1056/1056 1077/1077/1077
f 1077/1077/1077 1076/1076/1076 1055/1055/1055
f 1058/1058/1058 1057/1057/1057 1078/1078/1078
f 1078/1078/1078 1079/1079/1079 1058/1058/1058
f 1057/1057/1057 1059/1059/1059 1080/1080/1080
f 1080/1080/1080 1078/1078/1078 1057/1057/1057
f 1059/1059/1059 1060/1060/1060 1081/1081/1081
f 1081/1081/1081 1080/1080/1080 1059/1059/1059
f 1060/1060/1060 1061/1061/1061 1082/1082/1082
f 1082/1082/1082 1081/1081/1081 1060/1060/1060
f 1061/1061/1061 1062/1062/1062 1083/1083/1083
f 1083/1083/1083 1082/1082/1082 1061/1061/1061
f 1062/1062/1062 1063/1063/1063 1084/1084/1084
f 1084/1084/1084 1083/1083/1083 1062/1062/1062
f 1063/1063/1063 1064/1064/1064 1085/1085/1085
f 1085/1085/1085 1084/1084/1084 1063/1063/1063
f 1064/1064/1064 1065/1065/1065 1086/1086/1086
f 1086/1086/1086 1085/1085/1085 1064/1064/1064
f 1065/1065/1065 1066/1066/1066 1087/1087/1087
f 1087/1087/1087 1086/1086/1086 1065/1065/1065
f 1066/1066/1066 1067/1067/1067 1088/1088/1088
f 1088/1088/1088 1087/1087/1087 1066/1066/1066
f 1067/1067/1067 1068/1068/1068 1089/1089/1089
f 1089/1089/1089 1088/1088/1088 1067/1067/1067
f 1068/1068/1068 1069/1069/1069 1090/1090/1090
f 1090/1090/1090 1089/1089/1089 1068/1068/1068
f 1069/1069/1069 1070/1070/1070 1091/1091/1091
f 1091/1091/1091 1090/1090/1090 1069/1069/1069
f 1070/1070/1070 1071/1071/1071 1092/1092/1092
f 1092/1092/1092 1091/1091/1091 1070/1070/1070
f 1071/1071/1071 1072/1072/1072 1093/1093/1093
f 1093/1093/1093 1092/1092/1092 1071/1071/1071
f 1072/1072/1072 1053/1053/1053 1074/1074/1074
f 1074/1074/1074 1093/1093/1093 1072/1072/1072
f 1074/1074/1074 1073/1073/1073 1094/1094/1094
f 1094/1094/1094 1095/1095/1095 1074/1074/1074
f 1073/1073/1073 1075/1075/1075 1096/1096/1096
f 1096/1096/1096 1094/1094/1094 1073/1073/1073
f 1075/1075/1075 1076/1076/1076 1097/1097/1097
f 1097/1097/1097 1096/1096/1096 1075/1075/1075
f 1076/1076/1076 1077/1077/1077 1098/1098/1098
f 1098/1098/1098 1097/1097/1097 1076/1076/1076
f 1079/1079/1079 1078/1078/1078 1099/1099/1099
f 1099/1099/1099 1100/1100/1100 1079/1079/1079
f 1078/1078/1078 1080/1080/1080 1101/1101/1101
f 1101/1101/1101 1099/1099/1099 1078/1078/1078
f 1080/1080/1080 1081/1081/1081 1102/1102/1102
f 1102/1102/1102 1101/1101/1101 1080/1080/1080
f 1081/1081/1081 1082/1082/1082 1103/1103/1103
f 1103/1103/1103 1102/1102/1102 1081/1081/1081
f 1082/1082/1082 1083/1083/1083 1104/1104/1104
f 1104/1104/1104 1103/1103/1103 1082/1082/1082
f 1083/1083/1083 1084/1084/1084 1105/1105/1105
f 1105/1105/1105 1104/1104/1104 1083/1083/1083
f 1084/1084/1084 1085/1085/1085 1106/1106/1106
f 1106/1106/1106 1105/1105/1105 1084/1084/1084
f 1085/1085/1085 1086/1086/1086 1107/1107/1107
f 1107/1107/1107 1106/1106/1106 1085/1085/1085
f 1086/1086/1086 1087/1087/1087 1108/1108/1108
f 1108/1108/1108 1107/1107/1107 1086/1086/1086
f 1087/1087/1087 1088/1088/1088 1109/1109/1109
f 1109/1109/1109 1108/1108/1108 1087/1087/1087
f 1088/1088/1088 1089/1089/1089 1110/1110/1110
f 1110/1110/1110 1109/1109/1109 1088/1088/1088
f 1089/1089/1089 1090/1090/1090 1111/1111/1111
f 1111/1111/1111 1110/1110/1110 1089/1089/1089
f 1090/1090/1090 1091/1091/1091 1112/1112/1112
f 1112/1112/1112 1111/1111/1111 1090/1090/1090
f 1091/1091/1091 1092/1092/1092 1113/1113/1113
f 1113/1113/1113 1112/1112/1112 1091/1091/1091
f 1092/1092/1092 1093/1093/1093 1114/1114/1114
f 1114/1114/1114 1113/1113/1113 1092/1092/1092
f 1093/1093/1093 1074/1074/1074 1095/1095/1095
f 1095/1095/1095 1114/1114/1114 1093/1093/1093
f 1095/1095/1095 1094/1094/1094 1115/1115/1115
f 1115/1115/1115 1116/1116/1116 1095/1095/1095
f 1094/1094/1094 1096/1096/1096 1117/1117/1117
f 1117/1117/1117 1115/1115/1115 1094/1094/1094
f 1096/1096/1096 1097/1097/1097 1118/1118/1118
f 1118/1118/1118 1117/1117/1117 1096/1096/1096
f 1097/1097/1097 1098/1098/1098 1119/1119/1119
f 1119/1119/1119 1118/1118/1118 1097/1097/1097
f 1100/1100/1100 1099/1099/1099 1120/1120/1120
f 1120/1120/1120 1121/1121/1121 1100/1100/1100
f 1099/1099/1099 1101/1101/1101 1122/1122/1122
f 1122/1122/1122 1120/1120/1120 1099/1099/1099
f 1101/1101/1101 1102/1102/1102 1123/1123/1123
f 1123/1123/1123 1122/1122/1122 1101/1101/1101
f 1102/1102/1102 1103/1103/1103 1124/1124/1124
f 1124/1124/1124 1123/1123/1123 1102/1102/1102
f 1103/1103/1103 1104/1104/1104 1125/1125/1125
f 1125/1125/1125 1124/1124/1124 1103/1103/1103
f 1104/1104/1104 1105/1105/1105 1126/1126/1126
f 1126/1126/1126 1125/1125/1125 1104/1104/1104
f 1105/1105/1105 1106/1106/1106 1127/1127/1127
f 1127/1127/1127 1126/1126/1126 1105/1105/1105
f 1106/1106/1106 1107/1107/1107 1128/1128/1128
f 1128/1128/1128 1127/1127/1127 1106/1106/1106
f 1107/1107/1107 1108/1108/1108 1129/1129/1129
f 1129/1129/1129 1128/1128/1128 1107/1107/1107
f 1108/1108/1108 1109/1109/1109 1130/1130/1130
f 1130/1130/1130 1129/1129/1129 1108/1108/1108
f 1109/1109/1109 1110/1110/1110 1131/1131/1131
f 1131/1131/1131 1130/1130/1130 1109/1109/1109
f 1110/1110/1110 1111/1111/1111 1132/1132/1132
f 1132/1132/1132 1131/1131/1131 1110/1110/1110
f 1111/1111/1111 1112/1112/1112 1133/1133/1133
f 1133/1133/1133 1132/1132/1132 1111/1111/1111
f 1112/1112/1112 1113/1113/1113 1134/1134/1134
f 1134/1134/1134 1133/1133/1133 1112/1112/1112
f 1113/1113/1113 1114/1114/1114 1135/1135/1135
f 1135/1135/1135 1134/1134/1134 1113/1113/1113
f 1114/1114/1114 1095/1095/1095 1116/1116/1116
f 1116/1116/1116 1135/1135/1135 1114/1114/1114
f 1116/1116/1116 1115/1115/1115 1136/1136/1136
f 1136/1136/1136 1137/1137/1137 1116/1116/1116
f 1115/1115/1115 1117/1117/1117 1138/1138/1138
f 1138/1138/1138 1136/1136/1136 1115/1115/1115
f 1117/1117/1117 1118/1118/1118 1139/1139/1139
f 1139/1139/1139 1138/1138/1138 1117/1117/1117
f 1118/1118/1118 1119/1119/1119 1140/1140/1140
f 1140/1140/1140 1139/1139/1139 1118/1118/1118
f 1121/1121/1121 1120/1120/1120 1141/1141/1141
f 1141/1141/1141 1142/1142/1142 1121/1121/1121
f 1120/1120/1120 1122/1122/1122 1143/1143/1143
f 1143/1143/1143 1141/1141/1141 1120/1120/1120
f 1122/1122/1122 1123/1123/1123 1144/1144/1144
f 1144/1144/1144 1143/1143/1143 1122/1122/1122
f 1123/1123/1123 1124/1124/1124 1145/1145/1145
f 1145/1145/1145 1144/1144/1144 1123/1123/1123
f 1124/1124/1124 1125/1125/1125 1146/1146/1146
f 1146/1146/1146 1145/1145/1145 1124/1124/1124
f 1125/1125/1125 1126/1126/1126 1147/1147/1147
f 1147/1147/1147 1146/1146/1146 1125/1125/1125
f 1126/1126/1126 1127/1127/1127 1148/1148/1148
f 1148/1148/1148 1147/1147/1147 1126/1126/1126
f 1127/1127/1127 1128/1128/1128 1149/1149/1149
f 1149/1149/1149 1148/1148/1148 1127/1127/1127
f 1128/1128/1128 1129/1129/1129 1150/1150/1150
f 1150/1150/1150 1149/1149/1149 1128/1128/1128
f 1129/1129/1129 1130/1130/1130 1151/1151/1151
f 1151/1151/1151 1150/1150/1150 1129/1129/1129
f 1130/1130/1130 1131/1131/1131 1152/1152/1152
f 1152/1152/1152 1151/1151/1151 1130/1130/1130
f 1131/1131/1131 1132/1132/1132 1153/1153/1153
f 1153/1153/1153 1152/1152/1152 1131/1131/1131
f 1132/1132/1132 1133/1133/1133 1154/1154/1154
f 1154/1154/1154 1153/1153/1153 1132/1132/1132
f 1133/1133/1133 1134/1134/1134 1155/1155/1155
f 1155/1155/1155 1154/1154/1154 1133/1133/1133
f 1134/1134/1134 1135/1135/1135 1156/1156/1156
f 1156/1156/1156 1155/1155/1155 1134/1134/1134
f 1135/1135/1135 1116/1116/1116 1137/1137/1137
f 1137/1137/1137 1156/1156/1156 1135/1135/1135
f 1137/1137/1137 1136/1136/1136 1157/1157/1157
f 1157/1157/1157 1158/1158/1158 1137/1137/1137
f 1136/1136/1136 1138/1138/1138 1159/1159/1159
f 1159/1159/1159 1157/1157/1157 1136/1136/1136
f 1138/1138/1138 1139/1139/1139 1160/1160/1160
f 1160/1160/1160 1159/1159/1159 1138/1138/1138
f 1139/1139/1139 1140/1140/1140 1161/1161/1161
f 1161/1161/1161 1160/1160/1160 1139/1139/1139
f 1142/1142/1142 1141/1141/1141 1162/1162/1162
f 1162/1162/1162 1163/1163/1163 1142/1142/1142
f 1141/1141/1141 1143/1143/1143 1164/1164/1164
f 1164/1164/1164 1162/1162/1162 1141/1141/1141
f 1143/1143/1143 1144/1144/1144 1165/1165/1165
f 1165/1165/1165 1164/1164/1164 1143/1143/1143
f 1144/1144/1144 1145/1145/1145 1166/1166/1166
f 1166/1166/1166 1165/1165/1165 1144/1144/1144
f 1145/1145/1145 1146/1146/1146 1167/1167/1167
f 1167/1167/1167 1166/1166/1166 1145/1145/1145
f 1146/1146/1146 1147/1147/1147 1168/1168/1168
f 1168/1168/1168 1167/1167/1167 1146/1146/1146
f 1147/1147/1147 1148/1148/1148 1169/1169/1169
f 1169/1169/1169 1168/1168/1168 1147/1147/1147
f 1148/1148/1148 1149/1149/1149 1170/1170/1170
f 1170/1170/1170 1169/1169/1169 1148/1148/1148
f 1149/1149/1149 1150/1150/1150 1171/1171/1171
f 1171/1171/1171 1170/1170/1170 1149/1149/1149
f 1150/1150/1150 1151/1151/1151 1172/1172/1172
f 1172/1172/1172 1171/1171/1171 1150/1150/1150
f 1151/1151/1151 1152/1152/1152 1173/1173/1173
f 1173/1173/1173 1172/1172/1172 1151/1151/1151
f 1152/1152/1152 1153/1153/1153 1174/1174/1174
f 1174/1174/1174 1173/1173/1173 1152/1152/1152
f 1153/1153/1153 1154/1154/1154 1175/1175/1175
f 1175/1175/1175 1174/1174/1174 1153/1153/1153
f 1154/1154/1154 1155/1155/1155 1176/1176/1176
f 1176/1176/1176 1175/1175/1175 1154/1154/1154
f 1155/1155/1155 1156/1156/1156 1177/1177/1177
f 1177/1177/1177 1176/1176/1176 1155/1155/1155
f 1156/1156/1156 1137/1137/1137 1158/1158/1158
f 1158/1158/1158 1177/1177/1177 1156/1156/1156
f 1158/1158/1158 1157/1157/1157 1178/1178/1178
f 1178/1178/1178 1179/1179/1179 1158/1158/1158
f 1157/1157/1157 1159/1159/1159 1180/1180/1180
f 1180/1180/1180 1178/1178/1178 1157/1157/1157
f 1159/1159/1159 1160/1160/1160 1181/1181/1181
f 1181/1181/1181 1180/1180/1180 1159/1159/1159
f 1160/1160/1160 1161/1161/1161 1182/1182/1182
f 1182/1182/1182 1181/1181/1181 1160/1160/1160
f 1163/1163/1163 1162/1162/1162 1183/1183/1183
f 1183/1183/1183 1184/1184/1184 1163/1163/1163
f 1162/1162/1162 1164/1164/1164 1185/1185/1185
f 1185/1185/1185 1183/1183/1183 1162/1162/1162
f 1164/1164/1164 1165/1165/1165 1186/1186/1186
f 1186/1186/1186 1185/1185/1185 1164/1164/1164
f 1165/1165/1165 1166/1166/1166 1187/1187/1187
f 1187/1187/1187 1186/1186/1186 1165/1165/1165
f 1166/1166/1166 1167/1167/1167 1188/1188/1188
f 1188/1188/1188 1187/1187/1187 1166/1166/1166
f 1167/1167/1167 1168/1168/1168 1189/1189/1189
f 1189/1189/1189 1188/1188/1188 1167/1167/1167
f 1168/1168/1168 1169/1169/1169 1190/1190/1190
f 1190/1190/1190 1189/1189/1189 1168/1168/1168
f 1169/1169/1169 1170/1170/1170 1191/1191/1191
f 1191/1191/1191 1190/1190/1190 1169/1169/1169
f 1170/1170/1170 1171/1171/1171 1192/1192/1192
f 1192/1192/1192 1191/1191/1191 1170/1170/1170
f 1171/1171/1171 1172/1172/1172 1193/1193/1193
f 1193/1193/1193 1192/1192/1192 1171/1171/1171
f 1172/1172/1172 1173/1173/1173 1194/1194/1194
f 1194/1194/1194 1193/1193/1193 1172/1172/1172
f 1173/1173/1173 1174/1174/1174 1195/1195/1195
f 1195/1195/1195 1194/1194/1194 1173/1173/1173
f 1174/1174/1174 1175/1175/1175 1196/1196/1196
f 1196/1196/1196 1195/1195/1195 1174/1174/1174
f 1175/1175/1175 1176/1176/1176 1197/1197/1197
f 1197/1197/1197 1196/1196/1196 1175/1175/1175
f 1176/1176/1176 1177/1177/1177 1198/1198/1198
f 1198/1198/1198 1197/1197/1197 1176/1176/1176
f 1177/1177/1177 1158/1158/1158 1179/1179/1179
f 1179/1179/1179 1198/1198/1198 1177/1177/1177
f 1179/1179/1179 1178/1178/1178 863/863/863
f 863/863/863 866/866/866 1179/1179/1179
f 1178/1178/1178 1180/1180/1180 867/867/867
f 867/867/867 863/863/863 1178/1178/1178
f 1180/1180/1180 1181/1181/1181 869/869/869
f 869/869/869 867/867/867 1180/1180/1180
f 1181/1181/1181 1182/1182/1182 871/871/871
f 871/871/871 869/869/869 1181/1181/1181
f 1184/1184/1184 1183/1183/1183 873/873/873
f 873/873/873 876/876/876 1184/1184/1184
f 1183/1183/1183 1185/1185/1185 877/877/877
f 877/877/877 873/873/873 1183/1183/1183
f 1185/1185/1185 1186/1186/1186 879/879/879
f 879/879/879 877/877/877 1185/1185/1185
f 1186/1186/1186 1187/1187/1187 881/881/881
f 881/881/881 879/879/879 1186/1186/1186
f 1187/1187/1187 1188/1188/1188 883/883/883
f 883/883/883 881/881/881 1187/1187/1187
f 1188/1188/1188 1189/1189/1189 885/885/885
f 885/885/885 883/883/883 1188/1188/1188
f 1189/1189/1189 1190/1190/1190 887/887/887
f 887/887/887 885/885/885 1189/1189/1189
f 1190/1190/1190 1191/1191/1191 889/889/889
f 889/889/889 887/887/887 1190/1190/1190
f 1191/1191/1191 1192/1192/1192 891/891/891
f 891/891/891 889/889/889 1191/1191/1191
f 1192/1192/1192 1193/1193/1193 893/893/893
f 893/893/893 891/891/891 1192/1192/1192
f 1193/1193/1193 1194/1194/1194 895/895/895
f 895/895/895 893/893/893 1193/1193/1193
f 1194/1194/1194 1195/1195/1195 897/897/897
f 897/897/897 895/895/895 1194/1194/1194
f 1195/1195/1195 1196/1196/1196 899/899/899
f 899/899/899 897/897/897 1195/1195/1195
f 1196/1196/1196 1197/1197/1197 901/901/901
f 901/901/901 899/899/899 1196/1196/1196
f 1197/1197/1197 1198/1198/1198 903/903/903
f 903/903/903 901/901/901 1197/1197/1197
f 1198/1198/1198 1179/1179/1179 866/866/866
f 866/866/866 903/903/903 1198/1198/1198
f 1202/1202/1202 1199/1199/1199 1200/1200/1200
f 1200/1200/1200 1201/1201/1201 1202/1202/1202
f 1199/1199/1199 1203/1203/1203 1204/1204/1204
f 1204/1204/1204 1200/1200/1200 1199/1199/1199
f 1203/1203/1203 1205/1205/1205 1206/1206/1206
f 1206/1206/1206 1204/1204/1204 1203/1203/1203
f 1205/1205/1205 1207/1207/1207 1208/1208/1208
f 1208/1208/1208 1206/1206/1206 1205/1205/1205
f 1212/1212/1212 1209/1209/1209 1210/1210/1210
f 1210/1210/1210 1211/1211/1211 1212/1212/1212
f 1209/1209/1209 1213/1213/1213 1214/1214/1214
f 1214/1214/1214 1210/1210/1210 1209/1209/1209
f 1213/1213/1213 1215/1215/1215 1216/1216/1216
f 1216/1216/1216 1214/1214/1214 1213/1213/1213
f 1215/1215/1215 1217/1217/1217 1218/1218/1218
f 1218/1218/1218 1216/1216/1216 1215/1215/1215
f 1217/1217/1217 1219/1219/1219 1220/1220/1220
f 1220/1220/1220 1218/1218/1218 1217/1217/1217
f 1219/1219/1219 1221/1221/1221 1222/1222/1222
f 1222/1222/1222 1220/1220/1220 1219/1219/1219
f 1221/1221/1221 1223/1223/1223 1224/1224/1224
f 1224/1224/1224 1222/1222/1222 1221/1221/1221
f 1223/1223/1223 1225/1225/1225 1226/1226/1226
f 1226/1226/1226 1224/1224/1224 1223/1223/1223
f 1225/1225/1225 1227/1227/1227 1228/1228/1228
f 1228/1228/1228 1226/1226/1226 1225/1225/1225
f 1227/1227/1227 1229/1229/1229 1230/1230/1230
f 1230/1230/1230 1228/1228/1228 1227/1227/1227
f 1229/1229/1229 1231/1231/1231 1232/1232/1232
f 1232/1232/1232 1230/1230/1230 1229/1229/1229
f 1231/1231/1231 1233/1233/1233 1234/1234/1234
f 1234/1234/1234 1232/1232/1232 1231/1231/1231
f 1233/1233/1233 1235/1235/1235 1236/1236/1236
f 1236/1236/1236 1234/1234/1234 1233/1233/1233
f 1235/1235/1235 1237/1237/1237 1238/1238/1238
f 1238/1238/1238 1236/1236/1236 1235/1235/1235
f 1237/1237/1237 1239/1239/1239 1240/1240/1240
f 1240/1240/1240 1238/1238/1238 1237/1237/1237
f 1239/1239/1239 1202/1202/1202 1201/1201/1201
f 1201/1201/1201 1240/1240/1240 1239/1239/1239
f 1201/1201/1201 1200/1200/1200 1241/1241/1241
f 1241/1241/1241 1242/1242/1242 1201/1201/1201
f 1200/1200/1200 1204/1204/1204 1243/1243/1243
f 1243/1243/1243 1241/1241/1241 1200/1200/1200
f 1204/1204/1204 1206/1206/1206 1244/1244/1244
f 1244/1244/1244 1243/1243/1243 1204/1204/1204
f 1206/1206/1206 1208/1208/1208 1245/1245/1245
f 1245/1245/1245 1244/1244/1244 1206/1206/1206
f 1211/1211/1211 1210/1210/1210 1246/1246/1246
f 1246/1246/1246 1247/1247/1247 1211/1211/1211
f 1210/1210/1210 1214/1214/1214 1248/1248/1248
f 1248/1248/1248 1246/1246/1246 1210/1210/1210
f 1214/1214/1214 1216/1216/1216 1249/1249/1249
f 1249/1249/1249 1248/1248/1248 1214/1214/1214
f 1216/1216/1216 1218/1218/1218 1250/1250/1250
f 1250/1250/1250 1249/1249/1249 1216/1216/1216
f 1218/1218/1218 1220/1220/1220 1251/1251/1251
f 1251/1251/1251 1250/1250/1250 1218/1218/1218
f 1220/1220/1220 1222/1222/1222 1252/1252/1252
f 1252/1252/1252 1251/1251/1251 1220/1220/1220
f 1222/1222/1222 1224/1224/1224 1253/1253/1253
f 1253/1253/1253 1252/1252/1252 1222/1222/1222
f 1224/1224/1224 1226/1226/1226 1254/1254/1254
f 1254/1254/1254 1253/1253/1253 1224/1224/1224
f 1226/1226/1226 1228/1228/1228 1255/1255/1255
f 1255/1255/1255 1254/1254/1254 1226/1226/1226
f 1228/1228/1228 1230/1230/1230 1256/1256/1256
f 1256/1256/1256 1255/1255/1255 1228/1228/1228
f 1230/1230/1230 1232/1232/1232 1257/1257/1257
f 1257/1257/1257 1256/1256/1256 1230/1230/1230
f 1232/1232/1232 1234/1234/1234 1258/1258/1258
f 1258/1258/1258 1257/1257/1257 1232/1232/1232
f 1234/1234/1234 1236/1236/1236 1259/1259/1259
f 1259/1259/1259 1258/1258/1258 1234/1234/1234
f 1236/1236/1236 1238/1238/1238 1260/1260/1260
f 1260/1260/1260 1259/1259/1259 1236/1236/1236
f 1238/1238/1238 1240/1240/1240 1261/1261/1261
f 1261/1261/1261 1260/1260/1260 1238/1238/1238
f 1240/1240/1240 1201/1201/1201 1242/1242/1242
f 1242/1242/1242 1261/1261/1261 1240/1240/1240
f 1242/1242/1242 1241/1241/1241 1262/1262/1262
f 1262/1262/1262 1263/1263/1263 1242/1242/1242
f 1241/1241/1241 1243/1243/1243 1264/1264/1264
f 1264/1264/1264 1262/1262/1262 1241/1241/1241
f 1243/1243/1243 1244/1244/1244 1265/1265/1265
f 1265/1265/1265 1264/1264/1264 1243/1243/1243
f 1244/1244/1244 1245/1245/1245 1266/1266/1266
f 1266/1266/1266 1265/1265/1265 1244/1244/1244
f 1247/1247/1247 1246/1246/1246 1267/1267/1267
f 1267/1267/1267 1268/1268/1268 1247/1247/1247
f 1246/1246/1246 1248/1248/1248 1269/1269/1269
f 1269/1269/1269 1267/1267/1267 1246/1246/1246
f 1248/1248/1248 1249/1249/1249 1270/1270/1270
f 1270/1270/1270 1269/1269/1269 1248/1248/1248
f 1249/1249/1249 1250/1250/1250 1271/1271/1271
f 1271/1271/1271 1270/1270/1270 1249/1249/1249
f 1250/1250/1250 1251/1251/1251 1272/1272/1272
f 1272/1272/1272 1271/1271/1271 1250/1250/1250
f 1251/1251/1251 1252/1252/1252 1273/1273/1273
f 1273/1273/1273 1272/1272/1272 1251/1251/1251
f 1252/1252/1252 1253/1253/1253 1274/1274/1274
f 1274/1274/1274 1273/1273/1273 1252/1252/1252
f 1253/1253/1253 1254/1254/1254 1275/1275/1275
f 1275/1275/1275 1274/1274/1274 1253/1253/1253
f 1254/1254/1254 1255/1255/1255 1276/1276/1276
f 1276/1276/1276 1275/1275/1275 1254/1254/1254
f 1255/1255/1255 1256/1256/1256 1277/1277/1277
f 1277/1277/1277 1276/1276/1276 1255/1255/1255
f 1256/1256/1256 1257/1257/1257 1278/1278/1278
f 1278/1278/1278 1277/1277/1277 1256/1256/1256
f 1257/1257/1257 1258/1258/1258 1279/1279/1279
f 1279/1279/1279 1278/1278/1278 1257/1257/1257
f 1258/1258/1258 1259/1259/1259 1280/1280/1280
f 1280/1280/1280 1279/1279/1279 1258/1258/1258
f 1259/1259/1259 1260/1260/1260 1281/1281/1281
f 1281/1281/1281 1280/1280/1280 1259/1259/1259
f 1260/1260/1260 1261/1261/1261 1282/1282/1282
f 1282/1282/1282 1281/1281/1281 1260/1260/1260
f 1261/1261/1261 1242/1242/1242 1263/1263/1263
f 1263/1263/1263 1282/1282/1282 1261/1261/1261
f 1263/1263/1263 1262/1262/1262 1283/1283/1283
f 1283/1283/1283 1284/1284/1284 1263/1263/1263
f 1262/1262/1262 1264/1264/1264 1285/1285/1285
f 1285/1285/1285 1283/1283/1283 1262/1262/1262
f 1264/1264/1264 1265/1265/1265 1286/1286/1286
f 1286/1286/1286 1285/1285/1285 1264/1264/1264
f 1265/1265/1265 1266/1266/1266 1287/1287/1287
f 1287/1287/1287 1286/1286/1286 1265/1265/1265
f 1268/1268/1268 1267/1267/1267 1288/1288/1288
f 1288/1288/1288 1289/1289/1289 1268/1268/1268
f 1267/1267/1267 1269/1269/1269 1290/1290/1290
f 1290/1290/1290 1288/1288/1288 1267/1267/1267
f 1269/1269/1269 1270/1270/1270 1291/1291/1291
f 1291/1291/1291 1290/1290/1290 1269/1269/1269
f 1270/1270/1270 1271/1271/1271 1292/1292/1292
f 1292/1292/1292 1291/1291/1291 1270/1270/1270
f 1271/1271/1271 1272/1272/1272 1293/1293/1293
f 1293/1293/1293 1292/1292/1292 1271/1271/1271
f 1272/1272/1272 1273/1273/1273 1294/1294/1294
f 1294/1294/1294 1293/1293/1293 1272/1272/1272
f 1273/1273/1273 1274/1274/1274 1295/1295/1295
f 1295/1295/1295 1294/1294/1294 1273/1273/1273
f 1274/1274/1274 1275/1275/1275 1296/1296/1296
f 1296/1296/1296 1295/1295/1295 1274/1274/1274
f 1275/1275/1275 1276/1276/1276 1297/1297/1297
f 1297/1297/1297 1296/1296/1296 1275/1275/1275
f 1276/1276/1276 1277/1277/1277 1298/1298/1298
f 1298/1298/1298 1297/1297/1297 1276/1276/1276
f 1277/1277/1277 1278/1278/1278 1299/1299/1299
f 1299/1299/1299 1298/1298/1298 1277/1277/1277
f 1278/1278/1278 1279/1279/1279 1300/1300/1300
f 1300/1300/1300 1299/1299/1299 1278/1278/1278
f 1279/1279/1279 1280/1280/1280 1301/1301/1301
f 1301/1301/1301 1300/1300/1300 1279/1279/1279
f 1280/1280/1280 1281/1281/1281 1302/1302/1302
f 1302/1302/1302 1301/1301/1301 1280/1280/1280
f 1281/1281/1281 1282/1282/1282 1303/1303/1303
f 1303/1303/1303 1302/1302/1302 1281/1281/1281
f 1282/1282/1282 1263/1263/1263 1284/1284/1284
f 1284/1284/1284 1303/1303/1303 1282/1282/1282
f 1307/1307/1307 1304/1304/1304 1305/1305/1305
f 1305/1305/1305 1306/1306/1306 1307/1307/1307
f 1304/1304/1304 1308/1308/1308 1309/1309/1309
f 1309/1309/1309 1305/1305/1305 1304/1304/1304
f 1308/1308/1308 1310/1310/1310 1311/1311/1311
f 1311/1311/1311 1309/1309/1309 1308/1308/1308
f 1310/1310/1310 1312/1312/1312 1313/1313/1313
f 1313/1313/1313 1311/1311/1311 1310/1310/1310
f 1317/1317/1317 1314/1314/1314 1315/1315/1315
f 1315/1315/1315 1316/1316/1316 1317/1317/1317
f 1314/1314/1314 1318/1318/1318 1319/1319/1319
f 1319/1319/1319 1315/1315/1315 1314/1314/1314
f 1318/1318/1318 1320/1320/1320 1321/1321/1321
f 1321/1321/1321 1319/1319/1319 1318/1318/1318
f 1320/1320/1320 1322/1322/1322 1323/1323/1323
f 1323/1323/1323 1321/1321/1321 1320/1320/1320
f 1322/1322/1322 1324/1324/1324 1325/1325/1325
f 1325/1325/1325 1323/1323/1323 1322/1322/1322
f 1324/1324/1324 1326/1326/1326 1327/1327/1327
f 1327/1327/1327 1325/1325/1325 1324/1324/1324
f 1326/1326/1326 1328/1328/1328 1329/1329/1329
f 1329/1329/1329 1327/1327/1327 1326/1326/1326
f 1328/1328/1328 1330/1330/1330 1331/1331/1331
f 1331/1331/1331 1329/1329/1329 1328/1328/1328
f 1330/1330/1330 1332/1332/1332 1333/1333/1333
f 1333/1333/1333 1331/1331/1331 1330/1330/1330
f 1332/1332/1332 1334/1334/1334 1335/1335/1335
f 1335/1335/1335 1333/1333/1333 1332/1332/1332
f 1334/1334/1334 1336/1336/1336 1337/1337/1337
f 1337/1337/1337 1335/1335/1335 1334/1334/1334
f 1336/1336/1336 1338/1338/1338 1339/1339/1339
f 1339/1339/1339 1337/1337/1337 1336/1336/1336
f 1338/1338/1338 1340/1340/1340 1341/1341/1341
f 1341/1341/1341 1339/1339/1339 1338/1338/1338
f 1340/1340/1340 1342/1342/1342 1343/1343/1343
f 1343/1343/1343 1341/1341/1341 1340/1340/1340
f 1342/1342/1342 1344/1344/1344 1345/1345/1345
f 1345/1345/1345 1343/1343/1343 1342/1342/1342
f 1344/1344/1344 1307/1307/1307 1306/1306/1306
f 1306/1306/1306 1345/1345/1345 1344/1344/1344
f 1306/1306/1306 1305/1305/1305 1346/1346/1346
f 1346/1346/1346 1347/1347/1347 1306/1306/1306
f 1305/1305/1305 1309/1309/1309 1348/1348/1348
f 1348/1348/1348 1346/1346/1346 1305/1305/1305
f 1309/1309/1309 1311/1311/1311 1349/1349/1349
f 1349/1349/1349 1348/1348/1348 1309/1309/1309
f 1311/1311/1311 1313/1313/1313 1350/1350/1350
f 1350/1350/1350 1349/1349/1349 1311/1311/1311
f 1316/1316/1316 1315/1315/1315 1351/1351/1351
f 1351/1351/1351 1352/1352/1352 1316/1316/1316
f 1315/1315/1315 1319/1319/1319 1353/1353/1353
f 1353/1353/1353 1351/1351/1351 1315/1315/1315
f 1319/1319/1319 1321/1321/1321 1354/1354/1354
f 1354/1354/1354 1353/1353/1353 1319/1319/1319
f 1321/1321/1321 1323/1323/1323 1355/1355/1355
f 1355/1355/1355 1354/1354/1354 1321/1321/1321
f 1323/1323/1323 1325/1325/1325 1356/1356/1356
f 1356/1356/1356 1355/1355/1355 1323/1323/1323
f 1325/1325/1325 1327/1327/1327 1357/1357/1357
f 1357/1357/1357 1356/1356/1356 1325/1325/1325
f 1327/1327/1327 1329/1329/1329 1358/1358/1358
f 1358/1358/1358 1357/1357/1357 1327/1327/1327
f 1329/1329/1329 1331/1331/1331 1359/1359/1359
f 1359/1359/1359 1358/1358/1358 1329/1329/1329
f 1331/1331/1331 1333/1333/1333 1360/1360/1360
f 1360/1360/1360 1359/1359/1359 1331/1331/1331
f 1333/1333/1333 1335/1335/1335 1361/1361/1361
f 1361/1361/1361 1360/1360/1360 1333/1333/1333
f 1335/1335/1335 1337/1337/1337 1362/1362/1362
f 1362/1362/1362 1361/1361/1361 1335/1335/1335
f 1337/1337/1337 1339/1339/1339 1363/1363/1363
f 1363/1363/1363 1362/1362/1362 1337/1337/1337
f 1339/1339/1339 1341/1341/1341 1364/1364/1364
f 1364/1364/1364 1363/1363/1363 1339/1339/1339
f 1341/1341/1341 1343/1343/1343 1365/1365/1365
f 1365/1365/1365 1364/1364/1364 1341/1341/1341
f 1343/1343/1343 1345/1345/1345 1366/1366/1366
f 1366/1366/1366 1365/1365/1365 1343/1343/1343
f 1345/1345/1345 1306/1306/1306 1347/1347/1347
f 1347/1347/1347 1366/1366/1366 1345/1345/1345
f 1347/1347/1347 1346/1346/1346 1367/1367/1367
f 1367/1367/1367 1368/1368/1368 1347/1347/1347
f 1346/1346/1346 1348/1348/1348 1369/1369/1369
f 1369/1369/1369 1367/1367/1367 1346/1346/1346
f 1348/1348/1348 1349/1349/1349 1370/1370/1370
f 1370/1370/1370 1369/1369/1369 1348/1348/1348
f 1349/1349/1349 1350/1350/1350 1371/1371/1371
f 1371/1371/1371 1370/1370/1370 1349/1349/1349
f 1352/1352/1352 1351/1351/1351 1372/1372/1372
f 1372/1372/1372 1373/1373/1373 1352/1352/1352
f 1351/1351/1351 1353/1353/1353 1374/1374/1374
f 1374/1374/1374 1372/1372/1372 1351/1351/1351
f 1353/1353/1353 1354/1354/1354 1375/1375/1375
f 1375/1375/1375 1374/1374/1374 1353/1353/1353
f 1354/1354/1354 1355/1355/1355 1376/1376/1376
f 1376/1376/1376 1375/1375/1375 1354/1354/1354
f 1355/1355/1355 1356/1356/1356 1377/1377/1377
f 1377/1377/1377 1376/1376/1376 1355/1355/1355
f 1356/1356/1356 1357/1357/1357 1378/1378/1378
f 1378/1378/1378 1377/1377/1377 1356/1356/1356
f 1357/1357/1357 1358/1358/1358 1379/1379/1379
f 1379/1379/1379 1378/1378/1378 1357/1357/1357
f 1358/1358/1358 1359/1359/1359 1380/1380/1380
f 1380/1380/1380 1379/1379/1379 1358/1358/1358
f 1359/1359/1359 1360/1360/1360 1381/1381/1381
f 1381/1381/1381 1380/1380/1380 1359/1359/1359
f 1360/1360/1360 1361/1361/1361 1382/1382/1382
f 1382/1382/1382 1381/1381/1381 1360/1360/1360
f 1361/1361/1361 1362/1362/1362 1383/1383/1383
f 1383/1383/1383 1382/1382/1382 1361/1361/1361
f 1362/1362/1362 1363/1363/1363 1384/1384/1384
f 1384/1384/1384 1383/1383/1383 1362/1362/1362
f 1363/1363/1363 1364/1364/1364 1385/1385/1385
f 1385/1385/1385 1384/1384/1384 1363/1363/1363
f 1364/1364/1364 1365/1365/1365 1386/1386/1386
f 1386/1386/1386 1385/1385/1385 1364/1364/1364
f 1365/1365/1365 1366/1366/1366 1387/1387/1387
f 1387/1387/1387 1386/1386/1386 1365/1365/1365
f 1366/1366/1366 1347/1347/1347 1368/1368/1368
f 1368/1368/1368 1387/1387/1387 1366/1366/1366
f 1368/1368/1368 1367/1367/1367 1388/1388/1388
f 1388/1388/1388 1389/1389/1389 1368/1368/1368
f 1367/1367/1367 1369/1369/1369 1390/1390/1390
f 1390/1390/1390 1388/1388/1388 1367/1367/1367
f 1369/1369/1369 1370/1370/1370 1391/1391/1391
f 1391/1391/1391 1390/1390/1390 1369/1369/1369
f 1370/1370/1370 1371/1371/1371 1392/1392/1392
f 1392/1392/1392 1391/1391/1391 1370/1370/1370
f 1373/1373/1373 1372/1372/1372 1393/1393/1393
f 1393/1393/1393 1394/1394/1394 1373/1373/1373
f 1372/1372/1372 1374/1374/1374 1395/1395/1395
f 1395/1395/1395 1393/1393/1393 1372/1372/1372
f 1374/1374/1374 1375/1375/1375 1396/1396/1396
f 1396/1396/1396 1395/1395/1395 1374/1374/1374
f 1375/1375/1375 1376/1376/1376 1397/1397/1397
f 1397/1397/1397 1396/1396/1396 1375/1375/1375
f 1376/1376/1376 1377/1377/1377 1398/1398/1398
f 1398/1398/1398 1397/1397/1397 1376/1376/1376
f 1377/1377/1377 1378/1378/1378 1399/1399/1399
f 1399/1399/1399 1398/1398/1398 1377/1377/1377
f 1378/1378/1378 1379/1379/1379 1400/1400/1400
f 1400/1400/1400 1399/1399/1399 1378/1378/1378
f 1379/1379/1379 1380/1380/1380 1401/1401/1401
f 1401/1401/1401 1400/1400/1400 1379/1379/1379
f 1380/1380/1380 1381/1381/1381 1402/1402/1402
f 1402/1402/1402 1401/1401/1401 1380/1380/1380
f 1381/1381/1381 1382/1382/1382 1403/1403/1403
f 1403/1403/1403 1402/1402/1402 1381/1381/1381
f 1382/1382/1382 1383/1383/1383 1404/1404/1404
f 1404/1404/1404 1403/1403/1403 1382/1382/1382
f 1383/1383/1383 1384/1384/1384 1405/1405/1405
f 1405/1405/1405 1404/1404/1404 1383/1383/1383
f 1384/1384/1384 1385/1385/1385 1406/1406/1406
f 1406/1406/1406 1405/1405/1405 1384/1384/1384
f 1385/1385/1385 1386/1386/1386 1407/1407/1407
f 1407/1407/1407 1406/1406/1406 1385/1385/1385
f 1386/1386/1386 1387/1387/1387 1408/1408/1408
f 1408/1408/1408 1407/1407/1407 1386/1386/1386
f 1387/1387/1387 1368/1368/1368 1389/1389/1389
f 1389/1389/1389 1408/1408/1408 1387/1387/1387
f 1389/1389/1389 1388/1388/1388 1409/1409/1409
f 1409/1409/1409 1410/1410/1410 1389/1389/1389
f 1388/1388/1388 1390/1390/1390 1411/1411/1411
f 1411/1411/1411 1409/1409/1409 1388/1388/1388
f 1390/1390/1390 1391/1391/1391 1412/1412/1412
f 1412/1412/1412 1411/1411/1411 1390/1390/1390
f 1391/1391/1391 1392/1392/1392 1413/1413/1413
f 1413/1413/1413 1412/1412/1412 1391/1391/1391
f 1394/1394/1394 1393/1393/1393 1414/1414/1414
f 1414/1414/1414 1415/1415/1415 1394/1394/1394
f 1393/1393/1393 1395/1395/1395 1416/1416/1416
f 1416/1416/1416 1414/1414/1414 1393/1393/1393
f 1395/1395/1395 1396/1396/1396 1417/1417/1417
f 1417/1417/1417 1416/1416/1416 1395/1395/1395
f 1396/1396/1396 1397/1397/1397 1418/1418/1418
f 1418/1418/1418 1417/1417/1417 1396/1396/1396
f 1397/1397/1397 1398/1398/1398 1419/1419/1419
f 1419/1419/1419 1418/1418/1418 1397/1397/1397
f 1398/1398/1398 1399/1399/1399 1420/1420/1420
f 1420/1420/1420 1419/1419/1419 1398/1398/1398
f 1399/1399/1399 1400/1400/1400 1421/1421/1421
f 1421/1421/1421 1420/1420/1420 1399/1399/1399
f 1400/1400/1400 1401/1401/1401 1422/1422/1422
f 1422/1422/1422 1421/1421/1421 1400/1400/1400
f 1401/1401/1401 1402/1402/1402 1423/1423/1423
f 1423/1423/1423 1422/1422/1422 1401/1401/1401
f 1402/1402/1402 1403/1403/1403 1424/1424/1424
f 1424/1424/1424 1423/1423/1423 1402/1402/1402
f 1403/1403/1403 1404/1404/1404 1425/1425/1425
f 1425/1425/1425 1424/1424/1424 1403/1403/1403
f 1404/1404/1404 1405/1405/1405 1426/1426/1426
f 1426/1426/1426 1425/1425/1425 1404/1404/1404
f 1405/1405/1405 1406/1406/1406 1427/1427/1427
f 1427/1427/1427 1426/1426/1426 1405/1405/1405
f 1406/1406/1406 1407/1407/1407 1428/1428/1428
f 1428/1428/1428 1427/1427/1427 1406/1406/1406
f 1407/1407/1407 1408/1408/1408 1429/1429/1429
f 1429/1429/1429 1428/1428/1428 1407/1407/1407
f 1408/1408/1408 1389/1389/1389 1410/1410/1410
f 1410/1410/1410 1429/1429/1429 1408/1408/1408
f 1410/1410/1410 1409/1409/1409 1430/1430/1430
f 1430/1430/1430 1431/1431/1431 1410/1410/1410
f 1409/1409/1409 1411/1411/1411 1432/1432/1432
f 1432/1432/1432 1430/1430/1430 1409/1409/1409
f 1411/1411/1411 1412/1412/1412 1433/1433/1433
f 1433/1433/1433 1432/1432/1432 1411/1411/1411
f 1412/1412/1412 1413/1413/1413 1434/1434/1434
f 1434/1434/1434 1433/1433/1433 1412/1412/1412
f 1415/1415/1415 1414/1414/1414 1435/1435/1435
f 1435/1435/1435 1436/1436/1436 1415/1415/1415
f 1414/1414/1414 1416/1416/1416 1437/1437/1437
f 1437/1437/1437 1435/1435/1435 1414/1414/1414
f 1416/1416/1416 1417/1417/1417 1438/1438/1438
f 1438/1438/1438 1437/1437/1437 1416/1416/1416
f 1417/1417/1417 1418/1418/1418 1439/1439/1439
f 1439/1439/1439 1438/1438/1438 1417/1417/1417
f 1418/1418/1418 1419/1419/1419 1440/1440/1440
f 1440/1440/1440 1439/1439/1439 1418/1418/1418
f 1419/1419/1419 1420/1420/1420 1441/1441/1441
f 1441/1441/1441 1440/1440/1440 1419/1419/1419
f 1420/1420/1420 1421/1421/1421 1442/1442/1442
f 1442/1442/1442 1441/1441/1441 1420/1420/1420
f 1421/1421/1421 1422/1422/1422 1443/1443/1443
f 1443/1443/1443 1442/1442/1442 1421/1421/1421
f 1422/1422/1422 1423/1423/1423 1444/1444/1444
f 1444/1444/1444 1443/1443/1443 1422/1422/1422
f 1423/1423/1423 1424/1424/1424 1445/1445/1445
f 1445/1445/1445 1444/1444/1444 1423/1423/1423
f 1424/1424/1424 1425/1425/1425 1446/1446/1446
f 1446/1446/1446 1445/1445/1445 1424/1424/1424
f 1425/1425/1425 1426/1426/1426 1447/1447/1447
f 1447/1447/1447 1446/1446/1446 1425/1425/1425
f 1426/1426/1426 1427/1427/1427 1448/1448/1448
f 1448/1448/1448 1447/1447/1447 1426/1426/1426
f 1427/1427/1427 1428/1428/1428 1449/1449/1449
f 1449/1449/1449 1448/1448/1448 1427/1427/1427
f 1428/1428/1428 1429/1429/1429 1450/1450/1450
f 1450/1450/1450 1449/1449/1449 1428/1428/1428
f 1429/1429/1429 1410/1410/1410 1431/1431/1431
f 1431/1431/1431 1450/1450/1450 1429/1429/1429
f 1431/1431/1431 1430/1430/1430 1451/1451/1451
f 1451/1451/1451 1452/1452/1452 1431/1431/1431
f 1430/1430/1430 1432/1432/1432 1453/1453/1453
f 1453/1453/1453 1451/1451/1451 1430/1430/1430
f 1432/1432/1432 1433/1433/1433 1454/1454/1454
f 1454/1454/1454 1453/1453/1453 1432/1432/1432
f 1433/1433/1433 1434/1434/1434 1455/1455/1455
f 1455/1455/1455 1454/1454/1454 1433/1433/1433
f 1436/1436/1436 1435/1435/1435 1456/1456/1456
f 1456/1456/1456 1457/1457/1457 1436/1436/1436
f 1435/1435/1435 1437/1437/1437 1458/1458/1458
f 1458/1458/1458 1456/1456/1456 1435/1435/1435
f 1437/1437/1437 1438/1438/1438 1459/1459/1459
f 1459/1459/1459 1458/1458/1458 1437/1437/1437
f 1438/1438/1438 1439/1439/1439 1460/1460/1460
f 1460/1460/1460 1459/1459/1459 1438/1438/1438
f 1439/1439/1439 1440/1440/1440 1461/1461/1461
f 1461/1461/1461 1460/1460/1460 1439/1439/1439
f 1440/1440/1440 1441/1441/1441 1462/1462/1462
f 1462/1462/1462 1461/1461/1461 1440/1440/1440
f 1441/1441/1441 1442/1442/1442 1463/1463/1463
f 1463/1463/1463 1462/1462/1462 1441/1441/1441
f 1442/1442/1442 1443/1443/1443 1464/1464/1464
f 1464/1464/1464 1463/1463/1463 1442/1442/1442
f 1443/1443/1443 1444/1444/1444 1465/1465/1465
f 1465/1465/1465 1464/1464/1464 1443/1443/1443
f 1444/1444/1444 1445/1445/1445 1466/1466/1466
f 1466/1466/1466 1465/1465/1465 1444/1444/1444
f 1445/1445/1445 1446/1446/1446 1467/1467/1467
f 1467/1467/1467 1466/1466/1466 1445/1445/1445
f 1446/1446/1446 1447/1447/1447 1468/1468/1468
f 1468/1468/1468 1467/1467/1467 1446/1446/1446
f 1447/1447/1447 1448/1448/1448 1469/1469/1469
f 1469/1469/1469 1468/1468/1468 1447/1447/1447
f 1448/1448/1448 1449/1449/1449 1470/1470/1470
f 1470/1470/1470 1469/1469/1469 1448/1448/1448
f 1449/1449/1449 1450/1450/1450 1471/1471/1471
f 1471/1471/1471 1470/1470/1470 1449/1449/1449
f 1450/1450/1450 1431/1431/1431 1452/1452/1452
f 1452/1452/1452 1471/1471/1471 1450/1450/1450
f 1452/1452/1452 1451/1451/1451 1472/1472/1472
f 1472/1472/1472 1473/1473/1473 1452/1452/1452
f 1451/1451/1451 1453/1453/1453 1474/1474/1474
f 1474/1474/1474 1472/1472/1472 1451/1451/1451
f 1453/1453/1453 1454/1454/1454 1475/1475/1475
f 1475/1475/1475 1474/1474/1474 1453/1453/1453
f 1454/1454/1454 1455/1455/1455 1476/1476/1476
f 1476/1476/1476 1475/1475/1475 1454/1454/1454
f 1457/1457/1457 1456/1456/1456 1477/1477/1477
f 1477/1477/1477 1478/1478/1478 1457/1457/1457
f 1456/1456/1456 1458/1458/1458 1479/1479/1479
f 1479/1479/1479 1477/1477/1477 1456/1456/1456
f 1458/1458/1458 1459/1459/1459 1480/1480/1480
f 1480/1480/1480 1479/1479/1479 1458/1458/1458
f 1459/1459/1459 1460/1460/1460 1481/1481/1481
f 1481/1481/1481 1480/1480/1480 1459/1459/1459
f 1460/1460/1460 1461/1461/1461 1482/1482/1482
f 1482/1482/1482 1481/1481/1481 1460/1460/1460
f 1461/1461/1461 1462/1462/1462 1483/1483/1483
f 1483/1483/1483 1482/1482/1482 1461/1461/1461
f 1462/1462/1462 1463/1463/1463 1484/1484/1484
f 1484/1484/1484 1483/1483/1483 1462/1462/1462
f 1463/1463/1463 1464/1464/1464 1485/1485/1485
f 1485/1485/1485 1484/1484/1484 1463/1463/1463
f 1464/1464/1464 1465/1465/1465 1486/1486/1486
f 1486/1486/1486 1485/1485/1485 1464/1464/1464
f 1465/1465/1465 1466/1466/1466 1487/1487/1487
f 1487/1487/1487 1486/1486/1486 1465/1465/1465
f 1466/1466/1466 1467/1467/1467 1488/1488/1488
f 1488/1488/1488 1487/1487/1487 1466/1466/1466
f 1467/1467/1467 1468/1468/1468 1489/1489/1489
f 1489/1489/1489 1488/1488/1488 1467/1467/1467
f 1468/1468/1468 1469/1469/1469 1490/1490/1490
f 1490/1490/1490 1489/1489/1489 1468/1468/1468
f 1469/1469/1469 1470/1470/1470 1491/1491/1491
f 1491/1491/1491 1490/1490/1490 1469/1469/1469
f 1470/1470/1470 1471/1471/1471 1492/1492/1492
f 1492/1492/1492 1491/1491/1491 1470/1470/1470
f 1471/1471/1471 1452/1452/1452 1473/1473/1473
f 1473/1473/1473 1492/1492/1492 1471/1471/1471
f 1473/1473/1473 1472/1472/1472 1493/1493/1493
f 1493/1493/1493 1494/1494/1494 1473/1473/1473
f 1472/1472/1472 1474/1474/1474 1495/1495/1495
f 1495/1495/1495 1493/1493/1493 1472/1472/1472
f 1474/1474/1474 1475/1475/1475 1496/1496/1496
f 1496/1496/1496 1495/1495/1495 1474/1474/1474
f 1475/1475/1475 1476/1476/1476 1497/1497/1497
f 1497/1497/1497 1496/1496/1496 1475/1475/1475
f 1478/1478/1478 1477/1477/1477 1498/1498/1498
f 1498/1498/1498 1499/1499/1499 1478/1478/1478
f 1477/1477/1477 1479/1479/1479 1500/1500/1500
f 1500/1500/1500 1498/1498/1498 1477/1477/1477
f 1479/1479/1479 1480/1480/1480 1501/1501/1501
f 1501/1501/1501 1500/1500/1500 1479/1479/1479
f 1480/1480/1480 1481/1481/1481 1502/1502/1502
f 1502/1502/1502 1501/1501/1501 1480/1480/1480
f 1481/1481/1481 1482/1482/1482 1503/1503/1503
f 1503/1503/1503 1502/1502/1502 1481/1481/1481
f 1482/1482/1482 1483/1483/1483 1504/1504/1504
f 1504/1504/1504 1503/1503/1503 1482/1482/1482
f 1483/1483/1483 1484/1484/1484 1505/1505/1505
f 1505/1505/1505 1504/1504/1504 1483/1483/1483
f 1484/1484/1484 1485/1485/1485 1506/1506/1506
f 1506/1506/1506 1505/1505/1505 1484/1484/1484
f 1485/1485/1485 1486/1486/1486 1507/1507/1507
f 1507/1507/1507 1506/1506/1506 1485/1485/1485
f 1486/1486/1486 1487/1487/1487 1508/1508/1508
f 1508/1508/1508 1507/1507/1507 1486/1486/1486
f 1487/1487/1487 1488/1488/1488 1509/1509/1509
f 1509/1509/1509 1508/1508/1508 1487/1487/1487
f 1488/1488/1488 1489/1489/1489 1510/1510/1510
f 1510/1510/1510 1509/1509/1509 1488/1488/1488
f 1489/1489/1489 1490/1490/1490 1511/1511/1511
f 1511/1511/1511 1510/1510/1510 1489/1489/1489
f 1490/1490/1490 1491/1491/1491 1512/1512/1512
f 1512/1512/1512 1511/1511/1511 1490/1490/1490
f 1491/1491/1491 1492/1492/1492 1513/1513/1513
f 1513/1513/1513 1512/1512/1512 1491/1491/1491
f 1492/1492/1492 1473/1473/1473 1494/1494/1494
f 1494/1494/1494 1513/1513/1513 1492/1492/1492
f 1494/1494/1494 1493/1493/1493 1514/1514/1514
f 1514/1514/1514 1515/1515/1515 1494/1494/1494
f 1493/1493/1493 1495/1495/1495 1516/1516/1516
f 1516/1516/1516 1514/1514/1514 1493/1493/1493
f 1495/1495/1495 1496/1496/1496 1517/1517/1517
f 1517/1517/1517 1516/1516/1516 1495/1495/1495
f 1496/1496/1496 1497/1497/1497 1518/1518/1518
f 1518/1518/1518 1517/1517/1517 1496/1496/1496
f 1499/1499/1499 1498/1498/1498 1519/1519/1519
f 1519/1519/1519 1520/1520/1520 1499/1499/1499
f 1498/1498/1498 1500/1500/1500 1521/1521/1521
f 1521/1521/1521 1519/1519/1519 1498/1498/1498
f 1500/1500/1500 1501/1501/1501 1522/1522/1522
f 1522/1522/1522 1521/1521/1521 1500/1500/1500
f 1501/1501/1501 1502/1502/1502 1523/1523/1523
f 1523/1523/1523 1522/1522/1522 1501/1501/1501
f 1502/1502/1502 1503/1503/1503 1524/1524/1524
f 1524/1524/1524 1523/1523/1523 1502/1502/1502
f 1503/1503/1503 1504/1504/1504 1525/1525/1525
f 1525/1525/1525 1524/1524/1524 1503/1503/1503
f 1504/1504/1504 1505/1505/1505 1526/1526/1526
f 1526/1526/1526 1525/1525/1525 1504/1504/1504
f 1505/1505/1505 1506/1506/1506 1527/1527/1527
f 1527/1527/1527 1526/1526/1526 1505/1505/1505
f 1506/1506/1506 1507/1507/1507 1528/1528/1528
f 1528/1528/1528 1527/1527/1527 1506/1506/1506
f 1507/1507/1507 1508/1508/1508 1529/1529/1529
f 1529/1529/1529 1528/1528/1528 1507/1507/1507
f 1508/1508/1508 1509/1509/1509 1530/1530/1530
f 1530/1530/1530 1529/1529/1529 1508/1508/1508
f 1509/1509/1509 1510/1510/1510 1531/1531/1531
f 1531/1531/1531 1530/1530/1530 1509/1509/1509
f 1510/1510/1510 1511/1511/1511 1532/1532/1532
f 1532/1532/1532 1531/1531/1531 1510/1510/1510
f 1511/1511/1511 1512/1512/1512 1533/1533/1533
f 1533/1533/1533 1532/1532/1532 1511/1511/1511
f 1512/1512/1512 1513/1513/1513 1534/1534/1534
f 1534/1534/1534 1533/1533/1533 1512/1512/1512
f 1513/1513/1513 1494/1494/1494 1515/1515/1515
f 1515/1515/1515 1534/1534/1534 1513/1513/1513
f 1515/1515/1515 1514/1514/1514 1199/1199/1199
f 1199/1199/1199 1202/1202/1202 1515/1515/1515
f 1514/1514/1514 1516/1516/1516 1203/1203/1203
f 1203/1203/1203 1199/1199/1199 1514/1514/1514
f 1516/1516/1516 1517/1517/1517 1205/1205/1205
f 1205/1205/1205 1203/1203/1203 1516/1516/1516
f 1517/1517/1517 1518/1518/1518 1207/1207/1207
f 1207/1207/1207 1205/1205/1205 1517/1517/1517
f 1520/1520/1520 1519/1519/1519 1209/1209/1209
f 1209/1209/1209 1212/1212/1212 1520/1520/1520
f 1519/1519/1519 1521/1521/1521 1213/1213/1213
f 1213/1213/1213 1209/1209/1209 1519/1519/1519
f 1521/1521/1521 1522/1522/1522 1215/1215/1215
f 1215/1215/1215 1213/1213/1213 1521/1521/1521
f 1522/1522/1522 1523/1523/1523 1217/1217/1217
f 1217/1217/1217 1215/1215/1215 1522/1522/1522
f 1523/1523/1523 1524/1524/1524 1219/1219/1219
f 1219/1219/1219 1217/1217/1217 1523/1523/1523
f 1524/1524/1524 1525/1525/1525 1221/1221/1221
f 1221/1221/1221 1219/1219/1219 1524/1524/1524
f 1525/1525/1525 1526/1526/1526 1223/1223/1223
f 1223/1223/1223 1221/1221/1221 1525/1525/1525
f 1526/1526/1526 1527/1527/1527 1225/1225/1225
f 1225/1225/1225 1223/1223/1223 1526/1526/1526
f 1527/1527/1527 1528/1528/1528 1227/1227/1227
f 1227/1227/1227 1225/1225/1225 1527/1527/1527
f 1528/1528/1528 1529/1529/1529 1229/1229/1229
f 1229/1229/1229 1227/1227/1227 1528/1528/1528
f 1529/1529/1529 1530/1530/1530 1231/1231/1231
f 1231/1231/1231 1229/1229/1229 1529/1529/1529
f 1530/1530/1530 1531/1531/1531 1233/1233/1233
f 1233/1233/1233 1231/1231/1231 1530/1530/1530
f 1531/1531/1531 1532/1532/1532 1235/1235/1235
f 1235/1235/1235 1233/1233/1233 1531/1531/1531
f 1532/1532/1532 1533/1533/1533 1237/1237/1237
f 1237/1237/1237 1235/1235/1235 1532/1532/1532
f 1533/1533/1533 1534/1534/1534 1239/1239/1239
f 1239/1239/1239 1237/1237/1237 1533/1533/1533
f 1534/1534/1534 1515/1515/1515 1202/1202/1202
f 1202/1202/1202 1239/1239/1239 1534/1534/1534
f 1538/1538/1538 1535/1535/1535 1536/1536/1536
f 1536/1536/1536 1537/1537/1537 1538/1538/1538
f 1542/1542/1542 1539/1539/1539 1540/1540/1540
f 1540/1540/1540 1541/1541/1541 1542/1542/1542
f 1546/1546/1546 1543/1543/1543 1544/1544/1544
f 1544/1544/1544 1545/1545/1545 1546/1546/1546
f 1548/1548/1548 1547/1547/1547 1539/1539/1539
f 1539/1539/1539 1542/1542/1542 1548/1548/1548
f 1545/1545/1545 1544/1544/1544 1549/1549/1549
f 1549/1549/1549 1550/1550/1550 1545/1545/1545
f 1552/1552/1552 1551/1551/1551 1547/1547/1547
f 1547/1547/1547 1548/1548/1548 1552/1552/1552
f 1550/1550/1550 1549/1549/1549 1553/1553/1553
f 1553/1553/1553 1554/1554/1554 1550/1550/1550
f 1558/1558/1558 1555/1555/1555 1556/1556/1556
f 1556/1556/1556 1557/1557/1557 1558/1558/1558
f 1553/1553/1553 1559/1559/1559 1560/1560/1560
f 1560/1560/1560 1554/1554/1554 1553/1553/1553
f 1557/1557/1557 1556/1556/1556 1561/1561/1561
f 1561/1561/1561 1562/1562/1562 1557/1557/1557
f 1559/1559/1559 1563/1563/1563 1564/1564/1564
f 1564/1564/1564 1560/1560/1560 1559/1559/1559
f 1562/1562/1562 1561/1561/1561 1565/1565/1565
f 1565/1565/1565 1566/1566/1566 1562/1562/1562
f 1563/1563/1563 1567/1567/1567 1568/1568/1568
f 1568/1568/1568 1564/1564/1564 1563/1563/1563
f 1566/1566/1566 1565/1565/1565 1569/1569/1569
f 1569/1569/1569 1570/1570/1570 1566/1566/1566
f 1567/1567/1567 1571/1571/1571 1572/1572/1572
f 1572/1572/1572 1568/1568/1568 1567/1567/1567
f 1576/1576/1576 1573/1573/1573 1574/1574/1574
f 1574/1574/1574 1575/1575/1575 1576/1576/1576
f 1578/1578/1578 1542/1542/1542 1541/1541/1541
f 1541/1541/1541 1577/1577/1577 1578/1578/1578
f 1579/1579/1579 1548/1548/1548 1542/1542/1542
f 1542/1542/1542 1578/1578/1578 1579/1579/1579
f 1580/1580/1580 1552/1552/1552 1548/1548/1548
f 1548/1548/1548 1579/1579/1579 1580/1580/1580
f 1582/1582/1582 1581/1581/1581 1556/1556/1556
f 1556/1556/1556 1555/1555/1555 1582/1582/1582
f 1581/1581/1581 1583/1583/1583 1561/1561/1561
f 1561/1561/1561 1556/1556/1556 1581/1581/1581
f 1583/1583/1583 1584/1584/1584 1565/1565/1565
f 1565/1565/1565 1561/1561/1561 1583/1583/1583
f 1584/1584/1584 1585/1585/1585 1569/1569/1569
f 1569/1569/1569 1565/1565/1565 1584/1584/1584
f 1587/1587/1587 1586/1586/1586 1575/1575/1575
f 1575/1575/1575 1574/1574/1574 1587/1587/1587
f 1589/1589/1589 1568/1568/1568 1572/1572/1572
f 1572/1572/1572 1588/1588/1588 1589/1589/1589
f 1590/1590/1590 1564/1564/1564 1568/1568/1568
f 1568/1568/1568 1589/1589/1589 1590/1590/1590
f 1591/1591/1591 1560/1560/1560 1564/1564/1564
f 1564/1564/1564 1590/1590/1590 1591/1591/1591
f 1592/1592/1592 1554/1554/1554 1560/1560/1560
f 1560/1560/1560 1591/1591/1591 1592/1592/1592
f 1593/1593/1593 1550/1550/1550 1554/1554/1554
f 1554/1554/1554 1592/1592/1592 1593/1593/1593
f 1594/1594/1594 1545/1545/1545 1550/1550/1550
f 1550/1550/1550 1593/1593/1593 1594/1594/1594
f 1595/1595/1595 1546/1546/1546 1545/1545/1545
f 1545/1545/1545 1594/1594/1594 1595/1595/1595
f 1597/1597/1597 1538/1538/1538 1537/1537/1537
f 1537/1537/1537 1596/1596/1596 1597/1597/1597
f 1601/1601/1601 1598/1598/1598 1599/1599/1599
f 1599/1599/1599 1600/1600/1600 1601/1601/1601
f 1605/1605/1605 1602/1602/1602 1603/1603/1603
f 1603/1603/1603 1604/1604/1604 1605/1605/1605
f 1607/1607/1607 1598/1598/1598 1601/1601/1601
f 1601/1601/1601 1606/1606/1606 1607/1607/1607
f 1611/1611/1611 1608/1608/1608 1609/1609/1609
f 1609/1609/1609 1610/1610/1610 1611/1611/1611
f 1613/1613/1613 1607/1607/1607 1606/1606/1606
f 1606/1606/1606 1612/1612/1612 1613/1613/1613
f 1615/1615/1615 1611/1611/1611 1610/1610/1610
f 1610/1610/1610 1614/1614/1614 1615/1615/1615
f 1612/1612/1612 1616/1616/1616 1617/1617/1617
f 1617/1617/1617 1613/1613/1613 1612/1612/1612
f 1614/1614/1614 1618/1618/1618 1619/1619/1619
f 1619/1619/1619 1615/1615/1615 1614/1614/1614
f 1621/1621/1621 1617/1617/1617 1616/1616/1616
f 1616/1616/1616 1620/1620/1620 1621/1621/1621
f 1623/1623/1623 1619/1619/1619 1618/1618/1618
f 1618/1618/1618 1622/1622/1622 1623/1623/1623
f 1620/1620/1620 1624/1624/1624 1625/1625/1625
f 1625/1625/1625 1621/1621/1621 1620/1620/1620
f 1622/1622/1622 1626/1626/1626 1627/1627/1627
f 1627/1627/1627 1623/1623/1623 1622/1622/1622
f 1625/1625/1625 1624/1624/1624 1628/1628/1628
f 1628/1628/1628 1629/1629/1629 1625/1625/1625
f 1631/1631/1631 1630/1630/1630 1627/1627/1627
f 1627/1627/1627 1626/1626/1626 1631/1631/1631
f 1635/1635/1635 1632/1632/1632 1633/1633/1633
f 1633/1633/1633 1634/1634/1634 1635/1635/1635
f 1631/1631/1631 1636/1636/1636 1637/1637/1637
f 1637/1637/1637 1630/1630/1630 1631/1631/1631
f 1624/1624/1624 1620/1620/1620 1638/1638/1638
f 1638/1638/1638 1628/1628/1628 1624/1624/1624
f 1630/1630/1630 1639/1639/1639 1623/1623/1623
f 1623/1623/1623 1627/1627/1627 1630/1630/1630
f 1620/1620/1620 1616/1616/1616 1640/1640/1640
f 1640/1640/1640 1638/1638/1638 1620/1620/1620
f 1639/1639/1639 1641/1641/1641 1619/1619/1619
f 1619/1619/1619 1623/1623/1623 1639/1639/1639
f 1616/1616/1616 1612/1612/1612 1642/1642/1642
f 1642/1642/1642 1640/1640/1640 1616/1616/1616
f 1641/1641/1641 1643/1643/1643 1615/1615/1615
f 1615/1615/1615 1619/1619/1619 1641/1641/1641
f 1642/1642/1642 1612/1612/1612 1606/1606/1606
f 1606/1606/1606 1601/1601/1601 1642/1642/1642
f 1608/1608/1608 1611/1611/1611 1615/1615/1615
f 1615/1615/1615 1643/1643/1643 1608/1608/1608
f 1570/1570/1570 1569/1569/1569 1574/1574/1574
f 1574/1574/1574 1573/1573/1573 1570/1570/1570
f 1585/1585/1585 1587/1587/1587 1574/1574/1574
f 1574/1574/1574 1569/1569/1569 1585/1585/1585
f 1629/1629/1629 1628/1628/1628 1633/1633/1633
f 1633/1633/1633 1632/1632/1632 1629/1629/1629
f 1571/1571/1571 1576/1576/1576 1575/1575/1575
f 1575/1575/1575 1572/1572/1572 1571/1571/1571
f 1586/1586/1586 1588/1588/1588 1572/1572/1572
f 1572/1572/1572 1575/1575/1575 1586/1586/1586
f 1635/1635/1635 1634/1634/1634 1637/1637/1637
f 1637/1637/1637 1636/1636/1636 1635/1635/1635
f 1645/1645/1645 1634/1634/1634 1633/1633/1633
f 1633/1633/1633 1644/1644/1644 1645/1645/1645
f 1646/1646/1646 1637/1637/1637 1634/1634/1634
f 1634/1634/1634 1645/1645/1645 1646/1646/1646
f 1538/1538/1538 1541/1541/1541 1540/1540/1540
f 1540/1540/1540 1535/1535/1535 1538/1538/1538
f 1597/1597/1597 1577/1577/1577 1541/1541/1541
f 1541/1541/1541 1538/1538/1538 1597/1597/1597
f 1605/1605/1605 1600/1600/1600 1599/1599/1599
f 1599/1599/1599 1602/1602/1602 1605/1605/1605
f 1546/1546/1546 1537/1537/1537 1536/1536/1536
f 1536/1536/1536 1543/1543/1543 1546/1546/1546
f 1595/1595/1595 1596/1596/1596 1537/1537/1537
f 1537/1537/1537 1546/1546/1546 1595/1595/1595
f 1608/1608/1608 1604/1604/1604 1603/1603/1603
f 1603/1603/1603 1609/1609/1609 1608/1608/1608
f 1605/1605/1605 1645/1645/1645 1644/1644/1644
f 1644/1644/1644 1600/1600/1600 1605/1605/1605
f 1604/1604/1604 1646/1646/1646 1645/1645/1645
f 1645/1645/1645 1605/1605/1605 1604/1604/1604
f 1600/1600/1600 1644/1644/1644 1647/1647/1647
f 1647/1647/1647 1648/1648/1648 1600/1600/1600
f 1652/1652/1652 1649/1649/1649 1650/1650/1650
f 1650/1650/1650 1651/1651/1651 1652/1652/1652
f 1656/1656/1656 1653/1653/1653 1654/1654/1654
f 1654/1654/1654 1655/1655/1655 1656/1656/1656
f 1649/1649/1649 1652/1652/1652 1657/1657/1657
f 1657/1657/1657 1658/1658/1658 1649/1649/1649
f 1633/1633/1633 1659/1659/1659 1647/1647/1647
f 1647/1647/1647 1644/1644/1644 1633/1633/1633
f 1661/1661/1661 1660/1660/1660 1650/1650/1650
f 1650/1650/1650 1649/1649/1649 1661/1661/1661
f 1656/1656/1656 1655/1655/1655 1662/1662/1662
f 1662/1662/1662 1663/1663/1663 1656/1656/1656
f 1649/1649/1649 1658/1658/1658 1664/1664/1664
f 1664/1664/1664 1661/1661/1661 1649/1649/1649
f 1668/1668/1668 1665/1665/1665 1666/1666/1666
f 1666/1666/1666 1667/1667/1667 1668/1668/1668
f 1672/1672/1672 1669/1669/1669 1670/1670/1670
f 1670/1670/1670 1671/1671/1671 1672/1672/1672
f 1666/1666/1666 1665/1665/1665 1673/1673/1673
f 1673/1673/1673 1674/1674/1674 1666/1666/1666
f 1676/1676/1676 1675/1675/1675 1670/1670/1670
f 1670/1670/1670 1669/1669/1669 1676/1676/1676
f 1678/1678/1678 1665/1665/1665 1668/1668/1668
f 1668/1668/1668 1677/1677/1677 1678/1678/1678
f 1680/1680/1680 1671/1671/1671 1670/1670/1670
f 1670/1670/1670 1679/1679/1679 1680/1680/1680
f 1681/1681/1681 1673/1673/1673 1665/1665/1665
f 1665/1665/1665 1678/1678/1678 1681/1681/1681
f 1679/1679/1679 1670/1670/1670 1675/1675/1675
f 1675/1675/1675 1682/1682/1682 1679/1679/1679
f 1678/1678/1678 1683/1683/1683 1684/1684/1684
f 1684/1684/1684 1681/1681/1681 1678/1678/1678
f 1682/1682/1682 1685/1685/1685 1686/1686/1686
f 1686/1686/1686 1679/1679/1679 1682/1682/1682
f 1677/1677/1677 1687/1687/1687 1683/1683/1683
f 1683/1683/1683 1678/1678/1678 1677/1677/1677
f 1679/1679/1679 1686/1686/1686 1688/1688/1688
f 1688/1688/1688 1680/1680/1680 1679/1679/1679
f 1683/1683/1683 1687/1687/1687 1689/1689/1689
f 1689/1689/1689 1690/1690/1690 1683/1683/1683
f 1690/1690/1690 1689/1689/1689 1688/1688/1688
f 1688/1688/1688 1686/1686/1686 1690/1690/1690
f 1690/1690/1690 1691/1691/1691 1684/1684/1684
f 1684/1684/1684 1683/1683/1683 1690/1690/1690
f 1686/1686/1686 1685/1685/1685 1691/1691/1691
f 1691/1691/1691 1690/1690/1690 1686/1686/1686
f 1695/1695/1695 1692/1692/1692 1693/1693/1693
f 1693/1693/1693 1694/1694/1694 1695/1695/1695
f 1697/1697/1697 1696/1696/1696 1694/1694/1694
f 1694/1694/1694 1693/1693/1693 1697/1697/1697
f 1701/1701/1701 1698/1698/1698 1699/1699/1699
f 1699/1699/1699 1700/1700/1700 1701/1701/1701
f 1703/1703/1703 1702/1702/1702 1699/1699/1699
f 1699/1699/1699 1698/1698/1698 1703/1703/1703
f 1696/1696/1696 1697/1697/1697 1704/1704/1704
f 1704/1704/1704 1705/1705/1705 1696/1696/1696
f 1706/1706/1706 1601/1601/1601 1600/1600/1600
f 1600/1600/1600 1648/1648/1648 1706/1706/1706
f 1708/1708/1708 1658/1658/1658 1657/1657/1657
f 1657/1657/1657 1707/1707/1707 1708/1708/1708
f 1708/1708/1708 1709/1709/1709 1664/1664/1664
f 1664/1664/1664 1658/1658/1658 1708/1708/1708
f 1698/1698/1698 1655/1655/1655 1654/1654/1654
f 1654/1654/1654 1703/1703/1703 1698/1698/1698
f 1698/1698/1698 1701/1701/1701 1662/1662/1662
f 1662/1662/1662 1655/1655/1655 1698/1698/1698
f 1651/1651/1651 1710/1710/1710 1711/1711/1711
f 1711/1711/1711 1652/1652/1652 1651/1651/1651
f 1703/1703/1703 1712/1712/1712 1713/1713/1713
f 1713/1713/1713 1702/1702/1702 1703/1703/1703
f 1657/1657/1657 1652/1652/1652 1711/1711/1711
f 1711/1711/1711 1714/1714/1714 1657/1657/1657
f 1715/1715/1715 1712/1712/1712 1703/1703/1703
f 1703/1703/1703 1654/1654/1654 1715/1715/1715
f 1657/1657/1657 1714/1714/1714 1716/1716/1716
f 1716/1716/1716 1707/1707/1707 1657/1657/1657
f 1653/1653/1653 1717/1717/1717 1715/1715/1715
f 1715/1715/1715 1654/1654/1654 1653/1653/1653
f 1708/1708/1708 1707/1707/1707 1718/1718/1718
f 1718/1718/1718 1719/1719/1719 1708/1708/1708
f 1721/1721/1721 1720/1720/1720 1653/1653/1653
f 1653/1653/1653 1656/1656/1656 1721/1721/1721
f 1708/1708/1708 1719/1719/1719 1722/1722/1722
f 1722/1722/1722 1709/1709/1709 1708/1708/1708
f 1663/1663/1663 1723/1723/1723 1721/1721/1721
f 1721/1721/1721 1656/1656/1656 1663/1663/1663
f 1707/1707/1707 1716/1716/1716 1724/1724/1724
f 1724/1724/1724 1718/1718/1718 1707/1707/1707
f 1720/1720/1720 1725/1725/1725 1717/1717/1717
f 1717/1717/1717 1653/1653/1653 1720/1720/1720
f 1727/1727/1727 1726/1726/1726 1719/1719/1719
f 1719/1719/1719 1718/1718/1718 1727/1727/1727
f 1720/1720/1720 1721/1721/1721 1726/1726/1726
f 1726/1726/1726 1727/1727/1727 1720/1720/1720
f 1726/1726/1726 1728/1728/1728 1722/1722/1722
f 1722/1722/1722 1719/1719/1719 1726/1726/1726
f 1721/1721/1721 1723/1723/1723 1728/1728/1728
f 1728/1728/1728 1726/1726/1726 1721/1721/1721
f 1718/1718/1718 1724/1724/1724 1729/1729/1729
f 1729/1729/1729 1727/1727/1727 1718/1718/1718
f 1727/1727/1727 1729/1729/1729 1725/1725/1725
f 1725/1725/1725 1720/1720/1720 1727/1727/1727
f 1705/1705/1705 1704/1704/1704 1730/1730/1730
f 1730/1730/1730 1731/1731/1731 1705/1705/1705
f 1601/1601/1601 1706/1706/1706 1732/1732/1732
f 1732/1732/1732 1642/1642/1642 1601/1601/1601
f 1736/1736/1736 1733/1733/1733 1734/1734/1734
f 1734/1734/1734 1735/1735/1735 1736/1736/1736
f 1740/1740/1740 1737/1737/1737 1738/1738/1738
f 1738/1738/1738 1739/1739/1739 1740/1740/1740
f 1735/1735/1735 1734/1734/1734 1741/1741/1741
f 1741/1741/1741 1742/1742/1742 1735/1735/1735
f 1744/1744/1744 1743/1743/1743 1737/1737/1737
f 1737/1737/1737 1740/1740/1740 1744/1744/1744
f 1742/1742/1742 1741/1741/1741 1745/1745/1745
f 1745/1745/1745 1746/1746/1746 1742/1742/1742
f 1748/1748/1748 1747/1747/1747 1743/1743/1743
f 1743/1743/1743 1744/1744/1744 1748/1748/1748
f 1750/1750/1750 1731/1731/1731 1730/1730/1730
f 1730/1730/1730 1749/1749/1749 1750/1750/1750
f 1640/1640/1640 1642/1642/1642 1732/1732/1732
f 1732/1732/1732 1751/1751/1751 1640/1640/1640
f 1733/1733/1733 1752/1752/1752 1753/1753/1753
f 1753/1753/1753 1734/1734/1734 1733/1733/1733
f 1737/1737/1737 1754/1754/1754 1755/1755/1755
f 1755/1755/1755 1738/1738/1738 1737/1737/1737
f 1734/1734/1734 1753/1753/1753 1756/1756/1756
f 1756/1756/1756 1741/1741/1741 1734/1734/1734
f 1743/1743/1743 1757/1757/1757 1754/1754/1754
f 1754/1754/1754 1737/1737/1737 1743/1743/1743
f 1741/1741/1741 1756/1756/1756 1758/1758/1758
f 1758/1758/1758 1745/1745/1745 1741/1741/1741
f 1747/1747/1747 1759/1759/1759 1757/1757/1757
f 1757/1757/1757 1743/1743/1743 1747/1747/1747
f 1761/1761/1761 1750/1750/1750 1749/1749/1749
f 1749/1749/1749 1760/1760/1760 1761/1761/1761
f 1638/1638/1638 1640/1640/1640 1751/1751/1751
f 1751/1751/1751 1762/1762/1762 1638/1638/1638
f 1752/1752/1752 1763/1763/1763 1764/1764/1764
f 1764/1764/1764 1753/1753/1753 1752/1752/1752
f 1754/1754/1754 1765/1765/1765 1766/1766/1766
f 1766/1766/1766 1755/1755/1755 1754/1754/1754
f 1767/1767/1767 1756/1756/1756 1753/1753/1753
f 1753/1753/1753 1764/1764/1764 1767/1767/1767
f 1765/1765/1765 1754/1754/1754 1757/1757/1757
f 1757/1757/1757 1768/1768/1768 1765/1765/1765
f 1756/1756/1756 1767/1767/1767 1769/1769/1769
f 1769/1769/1769 1758/1758/1758 1756/1756/1756
f 1759/1759/1759 1770/1770/1770 1768/1768/1768
f 1768/1768/1768 1757/1757/1757 1759/1759/1759
f 1772/1772/1772 1761/1761/1761 1760/1760/1760
f 1760/1760/1760 1771/1771/1771 1772/1772/1772
f 1628/1628/1628 1638/1638/1638 1762/1762/1762
f 1762/1762/1762 1773/1773/1773 1628/1628/1628
f 1763/1763/1763 1774/1774/1774 1775/1775/1775
f 1775/1775/1775 1764/1764/1764 1763/1763/1763
f 1765/1765/1765 1776/1776/1776 1777/1777/1777
f 1777/1777/1777 1766/1766/1766 1765/1765/1765
f 1778/1778/1778 1767/1767/1767 1764/1764/1764
f 1764/1764/1764 1775/1775/1775 1778/1778/1778
f 1776/1776/1776 1765/1765/1765 1768/1768/1768
f 1768/1768/1768 1779/1779/1779 1776/1776/1776
f 1767/1767/1767 1778/1778/1778 1780/1780/1780
f 1780/1780/1780 1769/1769/1769 1767/1767/1767
f 1770/1770/1770 1781/1781/1781 1779/1779/1779
f 1779/1779/1779 1768/1768/1768 1770/1770/1770
f 1695/1695/1695 1772/1772/1772 1771/1771/1771
f 1771/1771/1771 1692/1692/1692 1695/1695/1695
f 1633/1633/1633 1628/1628/1628 1773/1773/1773
f 1773/1773/1773 1659/1659/1659 1633/1633/1633
f 1660/1660/1660 1661/1661/1661 1775/1775/1775
f 1775/1775/1775 1774/1774/1774 1660/1660/1660
f 1777/1777/1777 1776/1776/1776 1701/1701/1701
f 1701/1701/1701 1700/1700/1700 1777/1777/1777
f 1775/1775/1775 1661/1661/1661 1664/1664/1664
f 1664/1664/1664 1778/1778/1778 1775/1775/1775
f 1779/1779/1779 1662/1662/1662 1701/1701/1701
f 1701/1701/1701 1776/1776/1776 1779/1779/1779
f 1780/1780/1780 1778/1778/1778 1664/1664/1664
f 1664/1664/1664 1709/1709/1709 1780/1780/1780
f 1663/1663/1663 1662/1662/1662 1779/1779/1779
f 1779/1779/1779 1781/1781/1781 1663/1663/1663
f 1722/1722/1722 1782/1782/1782 1780/1780/1780
f 1780/1780/1780 1709/1709/1709 1722/1722/1722
f 1663/1663/1663 1781/1781/1781 1783/1783/1783
f 1783/1783/1783 1723/1723/1723 1663/1663/1663
f 1782/1782/1782 1722/1722/1722 1728/1728/1728
f 1728/1728/1728 1784/1784/1784 1782/1782/1782
f 1784/1784/1784 1728/1728/1728 1723/1723/1723
f 1723/1723/1723 1783/1783/1783 1784/1784/1784
f 1786/1786/1786 1785/1785/1785 1746/1746/1746
f 1746/1746/1746 1745/1745/1745 1786/1786/1786
f 1747/1747/1747 1748/1748/1748 1787/1787/1787
f 1787/1787/1787 1788/1788/1788 1747/1747/1747
f 1785/1785/1785 1786/1786/1786 1789/1789/1789
f 1789/1789/1789 1790/1790/1790 1785/1785/1785
f 1790/1790/1790 1789/1789/1789 1788/1788/1788
f 1788/1788/1788 1787/1787/1787 1790/1790/1790
f 1745/1745/1745 1758/1758/1758 1791/1791/1791
f 1791/1791/1791 1786/1786/1786 1745/1745/1745
f 1788/1788/1788 1792/1792/1792 1759/1759/1759
f 1759/1759/1759 1747/1747/1747 1788/1788/1788
f 1793/1793/1793 1789/1789/1789 1786/1786/1786
f 1786/1786/1786 1791/1791/1791 1793/1793/1793
f 1792/1792/1792 1788/1788/1788 1789/1789/1789
f 1789/1789/1789 1793/1793/1793 1792/1792/1792
f 1791/1791/1791 1794/1794/1794 1795/1795/1795
f 1795/1795/1795 1793/1793/1793 1791/1791/1791
f 1793/1793/1793 1795/1795/1795 1796/1796/1796
f 1796/1796/1796 1792/1792/1792 1793/1793/1793
f 1794/1794/1794 1791/1791/1791 1758/1758/1758
f 1758/1758/1758 1769/1769/1769 1794/1794/1794
f 1770/1770/1770 1759/1759/1759 1792/1792/1792
f 1792/1792/1792 1796/1796/1796 1770/1770/1770
f 1769/1769/1769 1780/1780/1780 1782/1782/1782
f 1782/1782/1782 1794/1794/1794 1769/1769/1769
f 1796/1796/1796 1783/1783/1783 1781/1781/1781
f 1781/1781/1781 1770/1770/1770 1796/1796/1796
f 1784/1784/1784 1795/1795/1795 1794/1794/1794
f 1794/1794/1794 1782/1782/1782 1784/1784/1784
f 1783/1783/1783 1796/1796/1796 1795/1795/1795
f 1795/1795/1795 1784/1784/1784 1783/1783/1783
f 1697/1697/1697 1604/1604/1604 1608/1608/1608
f 1608/1608/1608 1704/1704/1704 1697/1697/1697
f 1608/1608/1608 1643/1643/1643 1730/1730/1730
f 1730/1730/1730 1704/1704/1704 1608/1608/1608
f 1641/1641/1641 1749/1749/1749 1730/1730/1730
f 1730/1730/1730 1643/1643/1643 1641/1641/1641
f 1639/1639/1639 1760/1760/1760 1749/1749/1749
f 1749/1749/1749 1641/1641/1641 1639/1639/1639
f 1630/1630/1630 1771/1771/1771 1760/1760/1760
f 1760/1760/1760 1639/1639/1639 1630/1630/1630
f 1637/1637/1637 1692/1692/1692 1771/1771/1771
f 1771/1771/1771 1630/1630/1630 1637/1637/1637
f 1637/1637/1637 1646/1646/1646 1693/1693/1693
f 1693/1693/1693 1692/1692/1692 1637/1637/1637
f 1604/1604/1604 1697/1697/1697 1693/1693/1693
f 1693/1693/1693 1646/1646/1646 1604/1604/1604
f 1798/1798/1798 1706/1706/1706 1648/1648/1648
f 1648/1648/1648 1797/1797/1797 1798/1798/1798
f 1798/1798/1798 1799/1799/1799 1732/1732/1732
f 1732/1732/1732 1706/1706/1706 1798/1798/1798
f 1800/1800/1800 1751/1751/1751 1732/1732/1732
f 1732/1732/1732 1799/1799/1799 1800/1800/1800
f 1801/1801/1801 1762/1762/1762 1751/1751/1751
f 1751/1751/1751 1800/1800/1800 1801/1801/1801
f 1802/1802/1802 1773/1773/1773 1762/1762/1762
f 1762/1762/1762 1801/1801/1801 1802/1802/1802
f 1803/1803/1803 1659/1659/1659 1773/1773/1773
f 1773/1773/1773 1802/1802/1802 1803/1803/1803
f 1659/1659/1659 1803/1803/1803 1804/1804/1804
f 1804/1804/1804 1647/1647/1647 1659/1659/1659
f 1797/1797/1797 1648/1648/1648 1647/1647/1647
f 1647/1647/1647 1804/1804/1804 1797/1797/1797
f 1808/1808/1808 1805/1805/1805 1806/1806/1806
f 1806/1806/1806 1807/1807/1807 1808/1808/1808
f 1812/1812/1812 1809/1809/1809 1810/1810/1810
f 1810/1810/1810 1811/1811/1811 1812/1812/1812
f 1816/1816/1816 1813/1813/1813 1814/1814/1814
f 1814/1814/1814 1815/1815/1815 1816/1816/1816
f 1809/1809/1809 1817/1817/1817 1818/1818/1818
f 1818/1818/1818 1810/1810/1810 1809/1809/1809
f 1820/1820/1820 1816/1816/1816 1815/1815/1815
f 1815/1815/1815 1819/1819/1819 1820/1820/1820
f 1817/1817/1817 1821/1821/1821 1822/1822/1822
f 1822/1822/1822 1818/1818/1818 1817/1817/1817
f 1824/1824/1824 1820/1820/1820 1819/1819/1819
f 1819/1819/1819 1823/1823/1823 1824/1824/1824
f 1826/1826/1826 1822/1822/1822 1821/1821/1821
f 1821/1821/1821 1825/1825/1825 1826/1826/1826
f 1828/1828/1828 1827/1827/1827 1824/1824/1824
f 1824/1824/1824 1823/1823/1823 1828/1828/1828
f 1830/1830/1830 1826/1826/1826 1825/1825/1825
f 1825/1825/1825 1829/1829/1829 1830/1830/1830
f 1832/1832/1832 1831/1831/1831 1827/1827/1827
f 1827/1827/1827 1828/1828/1828 1832/1832/1832
f 1834/1834/1834 1830/1830/1830 1829/1829/1829
f 1829/1829/1829 1833/1833/1833 1834/1834/1834
f 1836/1836/1836 1835/1835/1835 1831/1831/1831
f 1831/1831/1831 1832/1832/1832 1836/1836/1836
f 1840/1840/1840 1837/1837/1837 1838/1838/1838
f 1838/1838/1838 1839/1839/1839 1840/1840/1840
f 1842/1842/1842 1841/1841/1841 1835/1835/1835
f 1835/1835/1835 1836/1836/1836 1842/1842/1842
f 1846/1846/1846 1843/1843/1843 1844/1844/1844
f 1844/1844/1844 1845/1845/1845 1846/1846/1846
f 1811/1811/1811 1810/1810/1810 1847/1847/1847
f 1847/1847/1847 1848/1848/1848 1811/1811/1811
f 1810/1810/1810 1818/1818/1818 1849/1849/1849
f 1849/1849/1849 1847/1847/1847 1810/1810/1810
f 1818/1818/1818 1822/1822/1822 1850/1850/1850
f 1850/1850/1850 1849/1849/1849 1818/1818/1818
f 1826/1826/1826 1851/1851/1851 1850/1850/1850
f 1850/1850/1850 1822/1822/1822 1826/1826/1826
f 1830/1830/1830 1852/1852/1852 1851/1851/1851
f 1851/1851/1851 1826/1826/1826 1830/1830/1830
f 1834/1834/1834 1853/1853/1853 1852/1852/1852
f 1852/1852/1852 1830/1830/1830 1834/1834/1834
f 1840/1840/1840 1854/1854/1854 1855/1855/1855
f 1855/1855/1855 1837/1837/1837 1840/1840/1840
f 1845/1845/1845 1856/1856/1856 1857/1857/1857
f 1857/1857/1857 1846/1846/1846 1845/1845/1845
f 1842/1842/1842 1836/1836/1836 1858/1858/1858
f 1858/1858/1858 1859/1859/1859 1842/1842/1842
f 1836/1836/1836 1832/1832/1832 1860/1860/1860
f 1860/1860/1860 1858/1858/1858 1836/1836/1836
f 1832/1832/1832 1828/1828/1828 1861/1861/1861
f 1861/1861/1861 1860/1860/1860 1832/1832/1832
f 1828/1828/1828 1823/1823/1823 1862/1862/1862
f 1862/1862/1862 1861/1861/1861 1828/1828/1828
f 1823/1823/1823 1819/1819/1819 1863/1863/1863
f 1863/1863/1863 1862/1862/1862 1823/1823/1823
f 1819/1819/1819 1815/1815/1815 1864/1864/1864
f 1864/1864/1864 1863/1863/1863 1819/1819/1819
f 1815/1815/1815 1814/1814/1814 1865/1865/1865
f 1865/1865/1865 1864/1864/1864 1815/1815/1815
f 1807/1807/1807 1806/1806/1806 1866/1866/1866
f 1866/1866/1866 1867/1867/1867 1807/1807/1807
f 1871/1871/1871 1868/1868/1868 1869/1869/1869
f 1869/1869/1869 1870/1870/1870 1871/1871/1871
f 1875/1875/1875 1872/1872/1872 1873/1873/1873
f 1873/1873/1873 1874/1874/1874 1875/1875/1875
f 1869/1869/1869 1868/1868/1868 1876/1876/1876
f 1876/1876/1876 1877/1877/1877 1869/1869/1869
f 1881/1881/1881 1878/1878/1878 1879/1879/1879
f 1879/1879/1879 1880/1880/1880 1881/1881/1881
f 1877/1877/1877 1876/1876/1876 1882/1882/1882
f 1882/1882/1882 1883/1883/1883 1877/1877/1877
f 1880/1880/1880 1879/1879/1879 1884/1884/1884
f 1884/1884/1884 1885/1885/1885 1880/1880/1880
f 1887/1887/1887 1886/1886/1886 1883/1883/1883
f 1883/1883/1883 1882/1882/1882 1887/1887/1887
f 1889/1889/1889 1888/1888/1888 1885/1885/1885
f 1885/1885/1885 1884/1884/1884 1889/1889/1889
f 1886/1886/1886 1887/1887/1887 1890/1890/1890
f 1890/1890/1890 1891/1891/1891 1886/1886/1886
f 1888/1888/1888 1889/1889/1889 1892/1892/1892
f 1892/1892/1892 1893/1893/1893 1888/1888/1888
f 1895/1895/1895 1894/1894/1894 1891/1891/1891
f 1891/1891/1891 1890/1890/1890 1895/1895/1895
f 1897/1897/1897 1896/1896/1896 1893/1893/1893
f 1893/1893/1893 1892/1892/1892 1897/1897/1897
f 1899/1899/1899 1894/1894/1894 1895/1895/1895
f 1895/1895/1895 1898/1898/1898 1899/1899/1899
f 1897/1897/1897 1900/1900/1900 1901/1901/1901
f 1901/1901/1901 1896/1896/1896 1897/1897/1897
f 1905/1905/1905 1902/1902/1902 1903/1903/1903
f 1903/1903/1903 1904/1904/1904 1905/1905/1905
f 1907/1907/1907 1906/1906/1906 1901/1901/1901
f 1901/1901/1901 1900/1900/1900 1907/1907/1907
f 1908/1908/1908 1891/1891/1891 1894/1894/1894
f 1894/1894/1894 1899/1899/1899 1908/1908/1908
f 1892/1892/1892 1909/1909/1909 1900/1900/1900
f 1900/1900/1900 1897/1897/1897 1892/1892/1892
f 1910/1910/1910 1886/1886/1886 1891/1891/1891
f 1891/1891/1891 1908/1908/1908 1910/1910/1910
f 1889/1889/1889 1911/1911/1911 1909/1909/1909
f 1909/1909/1909 1892/1892/1892 1889/1889/1889
f 1912/1912/1912 1883/1883/1883 1886/1886/1886
f 1886/1886/1886 1910/1910/1910 1912/1912/1912
f 1884/1884/1884 1913/1913/1913 1911/1911/1911
f 1911/1911/1911 1889/1889/1889 1884/1884/1884
f 1877/1877/1877 1883/1883/1883 1912/1912/1912
f 1912/1912/1912 1869/1869/1869 1877/1877/1877
f 1884/1884/1884 1879/1879/1879 1878/1878/1878
f 1878/1878/1878 1913/1913/1913 1884/1884/1884
f 1846/1846/1846 1840/1840/1840 1839/1839/1839
f 1839/1839/1839 1843/1843/1843 1846/1846/1846
f 1846/1846/1846 1857/1857/1857 1854/1854/1854
f 1854/1854/1854 1840/1840/1840 1846/1846/1846
f 1905/1905/1905 1899/1899/1899 1898/1898/1898
f 1898/1898/1898 1902/1902/1902 1905/1905/1905
f 1845/1845/1845 1844/1844/1844 1841/1841/1841
f 1841/1841/1841 1842/1842/1842 1845/1845/1845
f 1842/1842/1842 1859/1859/1859 1856/1856/1856
f 1856/1856/1856 1845/1845/1845 1842/1842/1842
f 1907/1907/1907 1904/1904/1904 1903/1903/1903
f 1903/1903/1903 1906/1906/1906 1907/1907/1907
f 1905/1905/1905 1904/1904/1904 1914/1914/1914
f 1914/1914/1914 1915/1915/1915 1905/1905/1905
f 1904/1904/1904 1907/1907/1907 1916/1916/1916
f 1916/1916/1916 1914/1914/1914 1904/1904/1904
f 1812/1812/1812 1811/1811/1811 1806/1806/1806
f 1806/1806/1806 1805/1805/1805 1812/1812/1812
f 1811/1811/1811 1848/1848/1848 1866/1866/1866
f 1866/1866/1866 1806/1806/1806 1811/1811/1811
f 1871/1871/1871 1870/1870/1870 1873/1873/1873
f 1873/1873/1873 1872/1872/1872 1871/1871/1871
f 1808/1808/1808 1807/1807/1807 1814/1814/1814
f 1814/1814/1814 1813/1813/1813 1808/1808/1808
f 1807/1807/1807 1867/1867/1867 1865/1865/1865
f 1865/1865/1865 1814/1814/1814 1807/1807/1807
f 1875/1875/1875 1874/1874/1874 1878/1878/1878
f 1878/1878/1878 1881/1881/1881 1875/1875/1875
f 1915/1915/1915 1914/1914/1914 1873/1873/1873
f 1873/1873/1873 1870/1870/1870 1915/1915/1915
f 1914/1914/1914 1916/1916/1916 1874/1874/1874
f 1874/1874/1874 1873/1873/1873 1914/1914/1914
f 1918/1918/1918 1915/1915/1915 1870/1870/1870
f 1870/1870/1870 1917/1917/1917 1918/1918/1918
f 1922/1922/1922 1919/1919/1919 1920/1920/1920
f 1920/1920/1920 1921/1921/1921 1922/1922/1922
f 1926/1926/1926 1923/1923/1923 1924/1924/1924
f 1924/1924/1924 1925/1925/1925 1926/1926/1926
f 1928/1928/1928 1920/1920/1920 1919/1919/1919
f 1919/1919/1919 1927/1927/1927 1928/1928/1928
f 1918/1918/1918 1929/1929/1929 1905/1905/1905
f 1905/1905/1905 1915/1915/1915 1918/1918/1918
f 1922/1922/1922 1930/1930/1930 1931/1931/1931
f 1931/1931/1931 1919/1919/1919 1922/1922/1922
f 1933/1933/1933 1925/1925/1925 1924/1924/1924
f 1924/1924/1924 1932/1932/1932 1933/1933/1933
f 1934/1934/1934 1927/1927/1927 1919/1919/1919
f 1919/1919/1919 1931/1931/1931 1934/1934/1934
f 1938/1938/1938 1935/1935/1935 1936/1936/1936
f 1936/1936/1936 1937/1937/1937 1938/1938/1938
f 1942/1942/1942 1939/1939/1939 1940/1940/1940
f 1940/1940/1940 1941/1941/1941 1942/1942/1942
f 1944/1944/1944 1935/1935/1935 1938/1938/1938
f 1938/1938/1938 1943/1943/1943 1944/1944/1944
f 1942/1942/1942 1945/1945/1945 1946/1946/1946
f 1946/1946/1946 1939/1939/1939 1942/1942/1942
f 1936/1936/1936 1935/1935/1935 1947/1947/1947
f 1947/1947/1947 1948/1948/1948 1936/1936/1936
f 1942/1942/1942 1941/1941/1941 1949/1949/1949
f 1949/1949/1949 1950/1950/1950 1942/1942/1942
f 1935/1935/1935 1944/1944/1944 1951/1951/1951
f 1951/1951/1951 1947/1947/1947 1935/1935/1935
f 1945/1945/1945 1942/1942/1942 1950/1950/1950
f 1950/1950/1950 1952/1952/1952 1945/1945/1945
f 1954/1954/1954 1953/1953/1953 1947/1947/1947
f 1947/1947/1947 1951/1951/1951 1954/1954/1954
f 1956/1956/1956 1955/1955/1955 1952/1952/1952
f 1952/1952/1952 1950/1950/1950 1956/1956/1956
f 1953/1953/1953 1957/1957/1957 1948/1948/1948
f 1948/1948/1948 1947/1947/1947 1953/1953/1953
f 1958/1958/1958 1956/1956/1956 1950/1950/1950
f 1950/1950/1950 1949/1949/1949 1958/1958/1958
f 1960/1960/1960 1957/1957/1957 1953/1953/1953
f 1953/1953/1953 1959/1959/1959 1960/1960/1960
f 1958/1958/1958 1960/1960/1960 1959/1959/1959
f 1959/1959/1959 1956/1956/1956 1958/1958/1958
f 1954/1954/1954 1961/1961/1961 1959/1959/1959
f 1959/1959/1959 1953/1953/1953 1954/1954/1954
f 1961/1961/1961 1955/1955/1955 1956/1956/1956
f 1956/1956/1956 1959/1959/1959 1961/1961/1961
f 1963/1963/1963 1962/1962/1962 1930/1930/1930
f 1930/1930/1930 1922/1922/1922 1963/1963/1963
f 1922/1922/1922 1921/1921/1921 1964/1964/1964
f 1964/1964/1964 1963/1963/1963 1922/1922/1922
f 1968/1968/1968 1965/1965/1965 1966/1966/1966
f 1966/1966/1966 1967/1967/1967 1968/1968/1968
f 1968/1968/1968 1969/1969/1969 1970/1970/1970
f 1970/1970/1970 1965/1965/1965 1968/1968/1968
f 1972/1972/1972 1964/1964/1964 1921/1921/1921
f 1921/1921/1921 1971/1971/1971 1972/1972/1972
f 1870/1870/1870 1869/1869/1869 1973/1973/1973
f 1973/1973/1973 1917/1917/1917 1870/1870/1870
f 1928/1928/1928 1927/1927/1927 1974/1974/1974
f 1974/1974/1974 1975/1975/1975 1928/1928/1928
f 1934/1934/1934 1976/1976/1976 1974/1974/1974
f 1974/1974/1974 1927/1927/1927 1934/1934/1934
f 1926/1926/1926 1925/1925/1925 1965/1965/1965
f 1965/1965/1965 1970/1970/1970 1926/1926/1926
f 1933/1933/1933 1966/1966/1966 1965/1965/1965
f 1965/1965/1965 1925/1925/1925 1933/1933/1933
f 1977/1977/1977 1971/1971/1971 1921/1921/1921
f 1921/1921/1921 1920/1920/1920 1977/1977/1977
f 1979/1979/1979 1978/1978/1978 1970/1970/1970
f 1970/1970/1970 1969/1969/1969 1979/1979/1979
f 1977/1977/1977 1920/1920/1920 1928/1928/1928
f 1928/1928/1928 1980/1980/1980 1977/1977/1977
f 1970/1970/1970 1978/1978/1978 1981/1981/1981
f 1981/1981/1981 1926/1926/1926 1970/1970/1970
f 1982/1982/1982 1980/1980/1980 1928/1928/1928
f 1928/1928/1928 1975/1975/1975 1982/1982/1982
f 1981/1981/1981 1983/1983/1983 1923/1923/1923
f 1923/1923/1923 1926/1926/1926 1981/1981/1981
f 1985/1985/1985 1975/1975/1975 1974/1974/1974
f 1974/1974/1974 1984/1984/1984 1985/1985/1985
f 1923/1923/1923 1986/1986/1986 1987/1987/1987
f 1987/1987/1987 1924/1924/1924 1923/1923/1923
f 1988/1988/1988 1984/1984/1984 1974/1974/1974
f 1974/1974/1974 1976/1976/1976 1988/1988/1988
f 1987/1987/1987 1989/1989/1989 1932/1932/1932
f 1932/1932/1932 1924/1924/1924 1987/1987/1987
f 1990/1990/1990 1982/1982/1982 1975/1975/1975
f 1975/1975/1975 1985/1985/1985 1990/1990/1990
f 1983/1983/1983 1991/1991/1991 1986/1986/1986
f 1986/1986/1986 1923/1923/1923 1983/1983/1983
f 1984/1984/1984 1992/1992/1992 1993/1993/1993
f 1993/1993/1993 1985/1985/1985 1984/1984/1984
f 1992/1992/1992 1987/1987/1987 1986/1986/1986
f 1986/1986/1986 1993/1993/1993 1992/1992/1992
f 1988/1988/1988 1994/1994/1994 1992/1992/1992
f 1992/1992/1992 1984/1984/1984 1988/1988/1988
f 1994/1994/1994 1989/1989/1989 1987/1987/1987
f 1987/1987/1987 1992/1992/1992 1994/1994/1994
f 1995/1995/1995 1990/1990/1990 1985/1985/1985
f 1985/1985/1985 1993/1993/1993 1995/1995/1995
f 1991/1991/1991 1995/1995/1995 1993/1993/1993
f 1993/1993/1993 1986/1986/1986 1991/1991/1991
f 1997/1997/1997 1972/1972/1972 1971/1971/1971
f 1971/1971/1971 1996/1996/1996 1997/1997/1997
f 1998/1998/1998 1973/1973/1973 1869/1869/1869
f 1869/1869/1869 1912/1912/1912 1998/1998/1998
f 1999/1999/1999 1996/1996/1996 1971/1971/1971
f 1971/1971/1971 1977/1977/1977 1999/1999/1999
f 2001/2001/2001 2000/2000/2000 1978/1978/1978
f 1978/1978/1978 1979/1979/1979 2001/2001/2001
f 2002/2002/2002 1999/1999/1999 1977/1977/1977
f 1977/1977/1977 1980/1980/1980 2002/2002/2002
f 2000/2000/2000 2003/2003/2003 1981/1981/1981
f 1981/1981/1981 1978/1978/1978 2000/2000/2000
f 2004/2004/2004 2002/2002/2002 1980/1980/1980
f 1980/1980/1980 1982/1982/1982 2004/2004/2004
f 2003/2003/2003 2005/2005/2005 1983/1983/1983
f 1983/1983/1983 1981/1981/1981 2003/2003/2003
f 1997/1997/1997 1996/1996/1996 2006/2006/2006
f 2006/2006/2006 2007/2007/2007 1997/1997/1997
f 1998/1998/1998 1912/1912/1912 1910/1910/1910
f 1910/1910/1910 2008/2008/2008 1998/1998/1998
f 2009/2009/2009 2006/2006/2006 1996/1996/1996
f 1996/1996/1996 1999/1999/1999 2009/2009/2009
f 2011/2011/2011 2010/2010/2010 2000/2000/2000
f 2000/2000/2000 2001/2001/2001 2011/2011/2011
f 2012/2012/2012 2009/2009/2009 1999/1999/1999
f 1999/1999/1999 2002/2002/2002 2012/2012/2012
f 2010/2010/2010 2013/2013/2013 2003/2003/2003
f 2003/2003/2003 2000/2000/2000 2010/2010/2010
f 2014/2014/2014 2012/2012/2012 2002/2002/2002
f 2002/2002/2002 2004/2004/2004 2014/2014/2014
f 2013/2013/2013 2015/2015/2015 2005/2005/2005
f 2005/2005/2005 2003/2003/2003 2013/2013/2013
f 2007/2007/2007 2006/2006/2006 2016/2016/2016
f 2016/2016/2016 2017/2017/2017 2007/2007/2007
f 2008/2008/2008 1910/1910/1910 1908/1908/1908
f 1908/1908/1908 2018/2018/2018 2008/2008/2008
f 2019/2019/2019 2016/2016/2016 2006/2006/2006
f 2006/2006/2006 2009/2009/2009 2019/2019/2019
f 2021/2021/2021 2020/2020/2020 2010/2010/2010
f 2010/2010/2010 2011/2011/2011 2021/2021/2021
f 2009/2009/2009 2012/2012/2012 2022/2022/2022
f 2022/2022/2022 2019/2019/2019 2009/2009/2009
f 2013/2013/2013 2010/2010/2010 2020/2020/2020
f 2020/2020/2020 2023/2023/2023 2013/2013/2013
f 2024/2024/2024 2022/2022/2022 2012/2012/2012
f 2012/2012/2012 2014/2014/2014 2024/2024/2024
f 2023/2023/2023 2025/2025/2025 2015/2015/2015
f 2015/2015/2015 2013/2013/2013 2023/2023/2023
f 2017/2017/2017 2016/2016/2016 2026/2026/2026
f 2026/2026/2026 2027/2027/2027 2017/2017/2017
f 2018/2018/2018 1908/1908/1908 1899/1899/1899
f 1899/1899/1899 2028/2028/2028 2018/2018/2018
f 2029/2029/2029 2026/2026/2026 2016/2016/2016
f 2016/2016/2016 2019/2019/2019 2029/2029/2029
f 2031/2031/2031 2030/2030/2030 2020/2020/2020
f 2020/2020/2020 2021/2021/2021 2031/2031/2031
f 2019/2019/2019 2022/2022/2022 2032/2032/2032
f 2032/2032/2032 2029/2029/2029 2019/2019/2019
f 2023/2023/2023 2020/2020/2020 2030/2030/2030
f 2030/2030/2030 2033/2033/2033 2023/2023/2023
f 2034/2034/2034 2032/2032/2032 2022/2022/2022
f 2022/2022/2022 2024/2024/2024 2034/2034/2034
f 2033/2033/2033 2035/2035/2035 2025/2025/2025
f 2025/2025/2025 2023/2023/2023 2033/2033/2033
f 2027/2027/2027 2026/2026/2026 2036/2036/2036
f 2036/2036/2036 2037/2037/2037 2027/2027/2027
f 2028/2028/2028 1899/1899/1899 1905/1905/1905
f 1905/1905/1905 1929/1929/1929 2028/2028/2028
f 2029/2029/2029 2038/2038/2038 2036/2036/2036
f 2036/2036/2036 2026/2026/2026 2029/2029/2029
f 2040/2040/2040 2030/2030/2030 2031/2031/2031
f 2031/2031/2031 2039/2039/2039 2040/2040/2040
f 2041/2041/2041 2038/2038/2038 2029/2029/2029
f 2029/2029/2029 2032/2032/2032 2041/2041/2041
f 2040/2040/2040 2042/2042/2042 2033/2033/2033
f 2033/2033/2033 2030/2030/2030 2040/2040/2040
f 2041/2041/2041 2032/2032/2032 2034/2034/2034
f 2034/2034/2034 2043/2043/2043 2041/2041/2041
f 2033/2033/2033 2042/2042/2042 2044/2044/2044
f 2044/2044/2044 2035/2035/2035 2033/2033/2033
f 2034/2034/2034 2045/2045/2045 2046/2046/2046
f 2046/2046/2046 2043/2043/2043 2034/2034/2034
f 2048/2048/2048 2035/2035/2035 2044/2044/2044
f 2044/2044/2044 2047/2047/2047 2048/2048/2048
f 2050/2050/2050 2046/2046/2046 2045/2045/2045
f 2045/2045/2045 2049/2049/2049 2050/2050/2050
f 2047/2047/2047 2050/2050/2050 2049/2049/2049
f 2049/2049/2049 2048/2048/2048 2047/2047/2047
f 1982/1982/1982 1990/1990/1990 2051/2051/2051
f 2051/2051/2051 2004/2004/2004 1982/1982/1982
f 1991/1991/1991 1983/1983/1983 2005/2005/2005
f 2005/2005/2005 2052/2052/2052 1991/1991/1991
f 2053/2053/2053 2051/2051/2051 1990/1990/1990
f 1990/1990/1990 1995/1995/1995 2053/2053/2053
f 2052/2052/2052 2053/2053/2053 1995/1995/1995
f 1995/1995/1995 1991/1991/1991 2052/2052/2052
f 2054/2054/2054 2014/2014/2014 2004/2004/2004
f 2004/2004/2004 2051/2051/2051 2054/2054/2054
f 2015/2015/2015 2055/2055/2055 2052/2052/2052
f 2052/2052/2052 2005/2005/2005 2015/2015/2015
f 2051/2051/2051 2053/2053/2053 2056/2056/2056
f 2056/2056/2056 2054/2054/2054 2051/2051/2051
f 2053/2053/2053 2052/2052/2052 2055/2055/2055
f 2055/2055/2055 2056/2056/2056 2053/2053/2053
f 2058/2058/2058 2057/2057/2057 2054/2054/2054
f 2054/2054/2054 2056/2056/2056 2058/2058/2058
f 2059/2059/2059 2058/2058/2058 2056/2056/2056
f 2056/2056/2056 2055/2055/2055 2059/2059/2059
f 2014/2014/2014 2054/2054/2054 2057/2057/2057
f 2057/2057/2057 2024/2024/2024 2014/2014/2014
f 2055/2055/2055 2015/2015/2015 2025/2025/2025
f 2025/2025/2025 2059/2059/2059 2055/2055/2055
f 2045/2045/2045 2034/2034/2034 2024/2024/2024
f 2024/2024/2024 2057/2057/2057 2045/2045/2045
f 2035/2035/2035 2048/2048/2048 2059/2059/2059
f 2059/2059/2059 2025/2025/2025 2035/2035/2035
f 2057/2057/2057 2058/2058/2058 2049/2049/2049
f 2049/2049/2049 2045/2045/2045 2057/2057/2057
f 2058/2058/2058 2059/2059/2059 2048/2048/2048
f 2048/2048/2048 2049/2049/2049 2058/2058/2058
f 1878/1878/1878 1874/1874/1874 2060/2060/2060
f 2060/2060/2060 2061/2061/2061 1878/1878/1878
f 2062/2062/2062 1913/1913/1913 1878/1878/1878
f 1878/1878/1878 2061/2061/2061 2062/2062/2062
f 2062/2062/2062 2063/2063/2063 1911/1911/1911
f 1911/1911/1911 1913/1913/1913 2062/2062/2062
f 2063/2063/2063 2064/2064/2064 1909/1909/1909
f 1909/1909/1909 1911/1911/1911 2063/2063/2063
f 2064/2064/2064 2065/2065/2065 1900/1900/1900
f 1900/1900/1900 1909/1909/1909 2064/2064/2064
f 2065/2065/2065 2066/2066/2066 1907/1907/1907
f 1907/1907/1907 1900/1900/1900 2065/2065/2065
f 2067/2067/2067 1916/1916/1916 1907/1907/1907
f 1907/1907/1907 2066/2066/2066 2067/2067/2067
f 2067/2067/2067 2060/2060/2060 1874/1874/1874
f 1874/1874/1874 1916/1916/1916 2067/2067/2067
f 2069/2069/2069 2068/2068/2068 1979/1979/1979
f 1979/1979/1979 1969/1969/1969 2069/2069/2069
f 2070/2070/2070 2001/2001/2001 1979/1979/1979
f 1979/1979/1979 2068/2068/2068 2070/2070/2070
f 2070/2070/2070 2071/2071/2071 2011/2011/2011
f 2011/2011/2011 2001/2001/2001 2070/2070/2070
f 2071/2071/2071 2072/2072/2072 2021/2021/2021
f 2021/2021/2021 2011/2011/2011 2071/2071/2071
f 2072/2072/2072 2073/2073/2073 2031/2031/2031
f 2031/2031/2031 2021/2021/2021 2072/2072/2072
f 2073/2073/2073 2074/2074/2074 2039/2039/2039
f 2039/2039/2039 2031/2031/2031 2073/2073/2073
f 1968/1968/1968 1967/1967/1967 2075/2075/2075
f 2075/2075/2075 2076/2076/2076 1968/1968/1968
f 2076/2076/2076 2069/2069/2069 1969/1969/1969
f 1969/1969/1969 1968/1968/1968 2076/2076/2076
f 2080/2080/2080 2077/2077/2077 2078/2078/2078
f 2078/2078/2078 2079/2079/2079 2080/2080/2080
f 2077/2077/2077 2081/2081/2081 2082/2082/2082
f 2082/2082/2082 2078/2078/2078 2077/2077/2077
f 2081/2081/2081 2083/2083/2083 2084/2084/2084
f 2084/2084/2084 2082/2082/2082 2081/2081/2081
f 2083/2083/2083 2085/2085/2085 2086/2086/2086
f 2086/2086/2086 2084/2084/2084 2083/2083/2083
f 2085/2085/2085 2087/2087/2087 2088/2088/2088
f 2088/2088/2088 2086/2086/2086 2085/2085/2085
f 2087/2087/2087 2089/2089/2089 2090/2090/2090
f 2090/2090/2090 2088/2088/2088 2087/2087/2087
f 2089/2089/2089 2091/2091/2091 2092/2092/2092
f 2092/2092/2092 2090/2090/2090 2089/2089/2089
f 2091/2091/2091 2093/2093/2093 2094/2094/2094
f 2094/2094/2094 2092/2092/2092 2091/2091/2091
f 2093/2093/2093 2095/2095/2095 2096/2096/2096
f 2096/2096/2096 2094/2094/2094 2093/2093/2093
f 2098/2098/2098 2080/2080/2080 2079/2079/2079
f 2079/2079/2079 2097/2097/2097 2098/2098/2098
f 2079/2079/2079 2078/2078/2078 2099/2099/2099
f 2099/2099/2099 2100/2100/2100 2079/2079/2079
f 2078/2078/2078 2082/2082/2082 2101/2101/2101
f 2101/2101/2101 2099/2099/2099 2078/2078/2078
f 2082/2082/2082 2084/2084/2084 2102/2102/2102
f 2102/2102/2102 2101/2101/2101 2082/2082/2082
f 2084/2084/2084 2086/2086/2086 2103/2103/2103
f 2103/2103/2103 2102/2102/2102 2084/2084/2084
f 2086/2086/2086 2088/2088/2088 2104/2104/2104
f 2104/2104/2104 2103/2103/2103 2086/2086/2086
f 2088/2088/2088 2090/2090/2090 2105/2105/2105
f 2105/2105/2105 2104/2104/2104 2088/2088/2088
f 2090/2090/2090 2092/2092/2092 2106/2106/2106
f 2106/2106/2106 2105/2105/2105 2090/2090/2090
f 2092/2092/2092 2094/2094/2094 2107/2107/2107
f 2107/2107/2107 2106/2106/2106 2092/2092/2092
f 2094/2094/2094 2096/2096/2096 2108/2108/2108
f 2108/2108/2108 2107/2107/2107 2094/2094/2094
f 2097/2097/2097 2079/2079/2079 2100/2100/2100
f 2100/2100/2100 2109/2109/2109 2097/2097/2097
f 2100/2100/2100 2099/2099/2099 2110/2110/2110
f 2110/2110/2110 2111/2111/2111 2100/2100/2100
f 2099/2099/2099 2101/2101/2101 2112/2112/2112
f 2112/2112/2112 2110/2110/2110 2099/2099/2099
f 2101/2101/2101 2102/2102/2102 2113/2113/2113
f 2113/2113/2113 2112/2112/2112 2101/2101/2101
f 2102/2102/2102 2103/2103/2103 2114/2114/2114
f 2114/2114/2114 2113/2113/2113 2102/2102/2102
f 2103/2103/2103 2104/2104/2104 2115/2115/2115
f 2115/2115/2115 2114/2114/2114 2103/2103/2103
f 2104/2104/2104 2105/2105/2105 2116/2116/2116
f 2116/2116/2116 2115/2115/2115 2104/2104/2104
f 2105/2105/2105 2106/2106/2106 2117/2117/2117
f 2117/2117/2117 2116/2116/2116 2105/2105/2105
f 2106/2106/2106 2107/2107/2107 2118/2118/2118
f 2118/2118/2118 2117/2117/2117 2106/2106/2106
f 2107/2107/2107 2108/2108/2108 2119/2119/2119
f 2119/2119/2119 2118/2118/2118 2107/2107/2107
f 2109/2109/2109 2100/2100/2100 2111/2111/2111
f 2111/2111/2111 2120/2120/2120 2109/2109/2109
f 2111/2111/2111 2110/2110/2110 2121/2121/2121
f 2121/2121/2121 2122/2122/2122 2111/2111/2111
f 2110/2110/2110 2112/2112/2112 2123/2123/2123
f 2123/2123/2123 2121/2121/2121 2110/2110/2110
f 2112/2112/2112 2113/2113/2113 2124/2124/2124
f 2124/2124/2124 2123/2123/2123 2112/2112/2112
f 2113/2113/2113 2114/2114/2114 2125/2125/2125
f 2125/2125/2125 2124/2124/2124 2113/2113/2113
f 2114/2114/2114 2115/2115/2115 2126/2126/2126
f 2126/2126/2126 2125/2125/2125 2114/2114/2114
f 2115/2115/2115 2116/2116/2116 2127/2127/2127
f 2127/2127/2127 2126/2126/2126 2115/2115/2115
f 2116/2116/2116 2117/2117/2117 2128/2128/2128
f 2128/2128/2128 2127/2127/2127 2116/2116/2116
f 2117/2117/2117 2118/2118/2118 2129/2129/2129
f 2129/2129/2129 2128/2128/2128 2117/2117/2117
f 2118/2118/2118 2119/2119/2119 2130/2130/2130
f 2130/2130/2130 2129/2129/2129 2118/2118/2118
f 2120/2120/2120 2111/2111/2111 2122/2122/2122
f 2122/2122/2122 2131/2131/2131 2120/2120/2120
f 2122/2122/2122 2121/2121/2121 2132/2132/2132
f 2132/2132/2132 2133/2133/2133 2122/2122/2122
f 2121/2121/2121 2123/2123/2123 2134/2134/2134
f 2134/2134/2134 2132/2132/2132 2121/2121/2121
f 2123/2123/2123 2124/2124/2124 2135/2135/2135
f 2135/2135/2135 2134/2134/2134 2123/2123/2123
f 2124/2124/2124 2125/2125/2125 2136/2136/2136
f 2136/2136/2136 2135/2135/2135 2124/2124/2124
f 2125/2125/2125 2126/2126/2126 2137/2137/2137
f 2137/2137/2137 2136/2136/2136 2125/2125/2125
f 2126/2126/2126 2127/2127/2127 2138/2138/2138
f 2138/2138/2138 2137/2137/2137 2126/2126/2126
f 2127/2127/2127 2128/2128/2128 2139/2139/2139
f 2139/2139/2139 2138/2138/2138 2127/2127/2127
f 2128/2128/2128 2129/2129/2129 2140/2140/2140
f 2140/2140/2140 2139/2139/2139 2128/2128/2128
f 2129/2129/2129 2130/2130/2130 2141/2141/2141
f 2141/2141/2141 2140/2140/2140 2129/2129/2129
f 2131/2131/2131 2122/2122/2122 2133/2133/2133
f 2133/2133/2133 2142/2142/2142 2131/2131/2131
f 2133/2133/2133 2132/2132/2132 2143/2143/2143
f 2143/2143/2143 2144/2144/2144 2133/2133/2133
f 2132/2132/2132 2134/2134/2134 2145/2145/2145
f 2145/2145/2145 2143/2143/2143 2132/2132/2132
f 2134/2134/2134 2135/2135/2135 2146/2146/2146
f 2146/2146/2146 2145/2145/2145 2134/2134/2134
f 2135/2135/2135 2136/2136/2136 2147/2147/2147
f 2147/2147/2147 2146/2146/2146 2135/2135/2135
f 2136/2136/2136 2137/2137/2137 2148/2148/2148
f 2148/2148/2148 2147/2147/2147 2136/2136/2136
f 2137/2137/2137 2138/2138/2138 2149/2149/2149
f 2149/2149/2149 2148/2148/2148 2137/2137/2137
f 2138/2138/2138 2139/2139/2139 2150/2150/2150
f 2150/2150/2150 2149/2149/2149 2138/2138/2138
f 2139/2139/2139 2140/2140/2140 2151/2151/2151
f 2151/2151/2151 2150/2150/2150 2139/2139/2139
f 2140/2140/2140 2141/2141/2141 2152/2152/2152
f 2152/2152/2152 2151/2151/2151 2140/2140/2140
f 2142/2142/2142 2133/2133/2133 2144/2144/2144
f 2144/2144/2144 2153/2153/2153 2142/2142/2142
f 2144/2144/2144 2143/2143/2143 2154/2154/2154
f 2154/2154/2154 2155/2155/2155 2144/2144/2144
f 2143/2143/2143 2145/2145/2145 2156/2156/2156
f 2156/2156/2156 2154/2154/2154 2143/2143/2143
f 2145/2145/2145 2146/2146/2146 2157/2157/2157
f 2157/2157/2157 2156/2156/2156 2145/2145/2145
f 2146/2146/2146 2147/2147/2147 2158/2158/2158
f 2158/2158/2158 2157/2157/2157 2146/2146/2146
f 2147/2147/2147 2148/2148/2148 2159/2159/2159
f 2159/2159/2159 2158/2158/2158 2147/2147/2147
f 2148/2148/2148 2149/2149/2149 2160/2160/2160
f 2160/2160/2160 2159/2159/2159 2148/2148/2148
f 2149/2149/2149 2150/2150/2150 2161/2161/2161
f 2161/2161/2161 2160/2160/2160 2149/2149/2149
f 2150/2150/2150 2151/2151/2151 2162/2162/2162
f 2162/2162/2162 2161/2161/2161 2150/2150/2150
f 2151/2151/2151 2152/2152/2152 2163/2163/2163
f 2163/2163/2163 2162/2162/2162 2151/2151/2151
f 2153/2153/2153 2144/2144/2144 2155/2155/2155
f 2155/2155/2155 2164/2164/2164 2153/2153/2153
f 2155/2155/2155 2154/2154/2154 2165/2165/2165
f 2165/2165/2165 2166/2166/2166 2155/2155/2155
f 2154/2154/2154 2156/2156/2156 2167/2167/2167
f 2167/2167/2167 2165/2165/2165 2154/2154/2154
f 2156/2156/2156 2157/2157/2157 2168/2168/2168
f 2168/2168/2168 2167/2167/2167 2156/2156/2156
f 2157/2157/2157 2158/2158/2158 2169/2169/2169
f 2169/2169/2169 2168/2168/2168 2157/2157/2157
f 2158/2158/2158 2159/2159/2159 2170/2170/2170
f 2170/2170/2170 2169/2169/2169 2158/2158/2158
f 2159/2159/2159 2160/2160/2160 2171/2171/2171
f 2171/2171/2171 2170/2170/2170 2159/2159/2159
f 2160/2160/2160 2161/2161/2161 2172/2172/2172
f 2172/2172/2172 2171/2171/2171 2160/2160/2160
f 2161/2161/2161 2162/2162/2162 2173/2173/2173
f 2173/2173/2173 2172/2172/2172 2161/2161/2161
f 2162/2162/2162 2163/2163/2163 2174/2174/2174
f 2174/2174/2174 2173/2173/2173 2162/2162/2162
f 2164/2164/2164 2155/2155/2155 2166/2166/2166
f 2166/2166/2166 2175/2175/2175 2164/2164/2164
f 2166/2166/2166 2165/2165/2165 2176/2176/2176
f 2176/2176/2176 2177/2177/2177 2166/2166/2166
f 2165/2165/2165 2167/2167/2167 2178/2178/2178
f 2178/2178/2178 2176/2176/2176 2165/2165/2165
f 2167/2167/2167 2168/2168/2168 2179/2179/2179
f 2179/2179/2179 2178/2178/2178 2167/2167/2167
f 2168/2168/2168 2169/2169/2169 2180/2180/2180
f 2180/2180/2180 2179/2179/2179 2168/2168/2168
f 2169/2169/2169 2170/2170/2170 2181/2181/2181
f 2181/2181/2181 2180/2180/2180 2169/2169/2169
f 2170/2170/2170 2171/2171/2171 2182/2182/2182
f 2182/2182/2182 2181/2181/2181 2170/2170/2170
f 2171/2171/2171 2172/2172/2172 2183/2183/2183
f 2183/2183/2183 2182/2182/2182 2171/2171/2171
f 2172/2172/2172 2173/2173/2173 2184/2184/2184
f 2184/2184/2184 2183/2183/2183 2172/2172/2172
f 2173/2173/2173 2174/2174/2174 2185/2185/2185
f 2185/2185/2185 2184/2184/2184 2173/2173/2173
f 2175/2175/2175 2166/2166/2166 2177/2177/2177
f 2177/2177/2177 2186/2186/2186 2175/2175/2175
f 2177/2177/2177 2176/2176/2176 2187/2187/2187
f 2187/2187/2187 2188/2188/2188 2177/2177/2177
f 2176/2176/2176 2178/2178/2178 2189/2189/2189
f 2189/2189/2189 2187/2187/2187 2176/2176/2176
f 2178/2178/2178 2179/2179/2179 2190/2190/2190
f 2190/2190/2190 2189/2189/2189 2178/2178/2178
f 2179/2179/2179 2180/2180/2180 2191/2191/2191
f 2191/2191/2191 2190/2190/2190 2179/2179/2179
f 2180/2180/2180 2181/2181/2181 2192/2192/2192
f 2192/2192/2192 2191/2191/2191 2180/2180/2180
f 2181/2181/2181 2182/2182/2182 2193/2193/2193
f 2193/2193/2193 2192/2192/2192 2181/2181/2181
f 2182/2182/2182 2183/2183/2183 2194/2194/2194
f 2194/2194/2194 2193/2193/2193 2182/2182/2182
f 2183/2183/2183 2184/2184/2184 2195/2195/2195
f 2195/2195/2195 2194/2194/2194 2183/2183/2183
f 2184/2184/2184 2185/2185/2185 2196/2196/2196
f 2196/2196/2196 2195/2195/2195 2184/2184/2184
f 2186/2186/2186 2177/2177/2177 2188/2188/2188
f 2188/2188/2188 2197/2197/2197 2186/2186/2186
f 2201/2201/2201 2198/2198/2198 2199/2199/2199
f 2199/2199/2199 2200/2200/2200 2201/2201/2201
f 2198/2198/2198 2202/2202/2202 2203/2203/2203
f 2203/2203/2203 2199/2199/2199 2198/2198/2198
f 2202/2202/2202 2204/2204/2204 2205/2205/2205
f 2205/2205/2205 2203/2203/2203 2202/2202/2202
f 2204/2204/2204 2206/2206/2206 2207/2207/2207
f 2207/2207/2207 2205/2205/2205 2204/2204/2204
f 2206/2206/2206 2208/2208/2208 2209/2209/2209
f 2209/2209/2209 2207/2207/2207 2206/2206/2206
f 2208/2208/2208 2210/2210/2210 2211/2211/2211
f 2211/2211/2211 2209/2209/2209 2208/2208/2208
f 2210/2210/2210 2212/2212/2212 2213/2213/2213
f 2213/2213/2213 2211/2211/2211 2210/2210/2210
f 2212/2212/2212 2214/2214/2214 2215/2215/2215
f 2215/2215/2215 2213/2213/2213 2212/2212/2212
f 2214/2214/2214 2216/2216/2216 2217/2217/2217
f 2217/2217/2217 2215/2215/2215 2214/2214/2214
f 2219/2219/2219 2201/2201/2201 2200/2200/2200
f 2200/2200/2200 2218/2218/2218 2219/2219/2219
f 2200/2200/2200 2199/2199/2199 2220/2220/2220
f 2220/2220/2220 2221/2221/2221 2200/2200/2200
f 2199/2199/2199 2203/2203/2203 2222/2222/2222
f 2222/2222/2222 2220/2220/2220 2199/2199/2199
f 2203/2203/2203 2205/2205/2205 2223/2223/2223
f 2223/2223/2223 2222/2222/2222 2203/2203/2203
f 2205/2205/2205 2207/2207/2207 2224/2224/2224
f 2224/2224/2224 2223/2223/2223 2205/2205/2205
f 2207/2207/2207 2209/2209/2209 2225/2225/2225
f 2225/2225/2225 2224/2224/2224 2207/2207/2207
f 2209/2209/2209 2211/2211/2211 2226/2226/2226
f 2226/2226/2226 2225/2225/2225 2209/2209/2209
f 2211/2211/2211 2213/2213/2213 2227/2227/2227
f 2227/2227/2227 2226/2226/2226 2211/2211/2211
f 2213/2213/2213 2215/2215/2215 2228/2228/2228
f 2228/2228/2228 2227/2227/2227 2213/2213/2213
f 2215/2215/2215 2217/2217/2217 2229/2229/2229
f 2229/2229/2229 2228/2228/2228 2215/2215/2215
f 2218/2218/2218 2200/2200/2200 2221/2221/2221
f 2221/2221/2221 2230/2230/2230 2218/2218/2218
f 2221/2221/2221 2220/2220/2220 2231/2231/2231
f 2231/2231/2231 2232/2232/2232 2221/2221/2221
f 2220/2220/2220 2222/2222/2222 2233/2233/2233
f 2233/2233/2233 2231/2231/2231 2220/2220/2220
f 2222/2222/2222 2223/2223/2223 2234/2234/2234
f 2234/2234/2234 2233/2233/2233 2222/2222/2222
f 2223/2223/2223 2224/2224/2224 2235/2235/2235
f 2235/2235/2235 2234/2234/2234 2223/2223/2223
f 2224/2224/2224 2225/2225/2225 2236/2236/2236
f 2236/2236/2236 2235/2235/2235 2224/2224/2224
f 2225/2225/2225 2226/2226/2226 2237/2237/2237
f 2237/2237/2237 2236/2236/2236 2225/2225/2225
f 2226/2226/2226 2227/2227/2227 2238/2238/2238
f 2238/2238/2238 2237/2237/2237 2226/2226/2226
f 2227/2227/2227 2228/2228/2228 2239/2239/2239
f 2239/2239/2239 2238/2238/2238 2227/2227/2227
f 2228/2228/2228 2229/2229/2229 2240/2240/2240
f 2240/2240/2240 2239/2239/2239 2228/2228/2228
f 2230/2230/2230 2221/2221/2221 2232/2232/2232
f 2232/2232/2232 2241/2241/2241 2230/2230/2230
f 2232/2232/2232 2231/2231/2231 2242/2242/2242
f 2242/2242/2242 2243/2243/2243 2232/2232/2232
f 2231/2231/2231 2233/2233/2233 2244/2244/2244
f 2244/2244/2244 2242/2242/2242 2231/2231/2231
f 2233/2233/2233 2234/2234/2234 2245/2245/2245
f 2245/2245/2245 2244/2244/2244 2233/2233/2233
f 2234/2234/2234 2235/2235/2235 2246/2246/2246
f 2246/2246/2246 2245/2245/2245 2234/2234/2234
f 2235/2235/2235 2236/2236/2236 2247/2247/2247
f 2247/2247/2247 2246/2246/2246 2235/2235/2235
f 2236/2236/2236 2237/2237/2237 2248/2248/2248
f 2248/2248/2248 2247/2247/2247 2236/2236/2236
f 2237/2237/2237 2238/2238/2238 2249/2249/2249
f 2249/2249/2249 2248/2248/2248 2237/2237/2237
f 2238/2238/2238 2239/2239/2239 2250/2250/2250
f 2250/2250/2250 2249/2249/2249 2238/2238/2238
f 2239/2239/2239 2240/2240/2240 2251/2251/2251
f 2251/2251/2251 2250/2250/2250 2239/2239/2239
f 2241/2241/2241 2232/2232/2232 2243/2243/2243
f 2243/2243/2243 2252/2252/2252 2241/2241/2241
f 2243/2243/2243 2242/2242/2242 2253/2253/2253
f 2253/2253/2253 2254/2254/2254 2243/2243/2243
f 2242/2242/2242 2244/2244/2244 2255/2255/2255
f 2255/2255/2255 2253/2253/2253 2242/2242/2242
f 2244/2244/2244 2245/2245/2245 2256/2256/2256
f 2256/2256/2256 2255/2255/2255 2244/2244/2244
f 2245/2245/2245 2246/2246/2246 2257/2257/2257
f 2257/2257/2257 2256/2256/2256 2245/2245/2245
f 2246/2246/2246 2247/2247/2247 2258/2258/2258
f 2258/2258/2258 2257/2257/2257 2246/2246/2246
f 2247/2247/2247 2248/2248/2248 2259/2259/2259
f 2259/2259/2259 2258/2258/2258 2247/2247/2247
f 2248/2248/2248 2249/2249/2249 2260/2260/2260
f 2260/2260/2260 2259/2259/2259 2248/2248/2248
f 2249/2249/2249 2250/2250/2250 2261/2261/2261
f 2261/2261/2261 2260/2260/2260 2249/2249/2249
f 2250/2250/2250 2251/2251/2251 2262/2262/2262
f 2262/2262/2262 2261/2261/2261 2250/2250/2250
f 2252/2252/2252 2243/2243/2243 2254/2254/2254
f 2254/2254/2254 2263/2263/2263 2252/2252/2252
f 2254/2254/2254 2253/2253/2253 2264/2264/2264
f 2264/2264/2264 2265/2265/2265 2254/2254/2254
f 2253/2253/2253 2255/2255/2255 2266/2266/2266
f 2266/2266/2266 2264/2264/2264 2253/2253/2253
f 2255/2255/2255 2256/2256/2256 2267/2267/2267
f 2267/2267/2267 2266/2266/2266 2255/2255/2255
f 2256/2256/2256 2257/2257/2257 2268/2268/2268
f 2268/2268/2268 2267/2267/2267 2256/2256/2256
f 2257/2257/2257 2258/2258/2258 2269/2269/2269
f 2269/2269/2269 2268/2268/2268 2257/2257/2257
f 2258/2258/2258 2259/2259/2259 2270/2270/2270
f 2270/2270/2270 2269/2269/2269 2258/2258/2258
f 2259/2259/2259 2260/2260/2260 2271/2271/2271
f 2271/2271/2271 2270/2270/2270 2259/2259/2259
f 2260/2260/2260 2261/2261/2261 2272/2272/2272
f 2272/2272/2272 2271/2271/2271 2260/2260/2260
f 2261/2261/2261 2262/2262/2262 2273/2273/2273
f 2273/2273/2273 2272/2272/2272 2261/2261/2261
f 2263/2263/2263 2254/2254/2254 2265/2265/2265
f 2265/2265/2265 2274/2274/2274 2263/2263/2263
f 2265/2265/2265 2264/2264/2264 2275/2275/2275
f 2275/2275/2275 2276/2276/2276 2265/2265/2265
f 2264/2264/2264 2266/2266/2266 2277/2277/2277
f 2277/2277/2277 2275/2275/2275 2264/2264/2264
f 2266/2266/2266 2267/2267/2267 2278/2278/2278
f 2278/2278/2278 2277/2277/2277 2266/2266/2266
f 2267/2267/2267 2268/2268/2268 2279/2279/2279
f 2279/2279/2279 2278/2278/2278 2267/2267/2267
f 2268/2268/2268 2269/2269/2269 2280/2280/2280
f 2280/2280/2280 2279/2279/2279 2268/2268/2268
f 2269/2269/2269 2270/2270/2270 2281/2281/2281
f 2281/2281/2281 2280/2280/2280 2269/2269/2269
f 2270/2270/2270 2271/2271/2271 2282/2282/2282
f 2282/2282/2282 2281/2281/2281 2270/2270/2270
f 2271/2271/2271 2272/2272/2272 2283/2283/2283
f 2283/2283/2283 2282/2282/2282 2271/2271/2271
f 2272/2272/2272 2273/2273/2273 2284/2284/2284
f 2284/2284/2284 2283/2283/2283 2272/2272/2272
f 2274/2274/2274 2265/2265/2265 2276/2276/2276
f 2276/2276/2276 2285/2285/2285 2274/2274/2274
f 2276/2276/2276 2275/2275/2275 2286/2286/2286
f 2286/2286/2286 2287/2287/2287 2276/2276/2276
f 2275/2275/2275 2277/2277/2277 2288/2288/2288
f 2288/2288/2288 2286/2286/2286 2275/2275/2275
f 2277/2277/2277 2278/2278/2278 2289/2289/2289
f 2289/2289/2289 2288/2288/2288 2277/2277/2277
f 2278/2278/2278 2279/2279/2279 2290/2290/2290
f 2290/2290/2290 2289/2289/2289 2278/2278/2278
f 2279/2279/2279 2280/2280/2280 2291/2291/2291
f 2291/2291/2291 2290/2290/2290 2279/2279/2279
f 2280/2280/2280 2281/2281/2281 2292/2292/2292
f 2292/2292/2292 2291/2291/2291 2280/2280/2280
f 2281/2281/2281 2282/2282/2282 2293/2293/2293
f 2293/2293/2293 2292/2292/2292 2281/2281/2281
f 2282/2282/2282 2283/2283/2283 2294/2294/2294
f 2294/2294/2294 2293/2293/2293 2282/2282/2282
f 2283/2283/2283 2284/2284/2284 2295/2295/2295
f 2295/2295/2295 2294/2294/2294 2283/2283/2283
f 2285/2285/2285 2276/2276/2276 2287/2287/2287
f 2287/2287/2287 2296/2296/2296 2285/2285/2285
f 2287/2287/2287 2286/2286/2286 2297/2297/2297
f 2297/2297/2297 2298/2298/2298 2287/2287/2287
f 2286/2286/2286 2288/2288/2288 2299/2299/2299
f 2299/2299/2299 2297/2297/2297 2286/2286/2286
f 2288/2288/2288 2289/2289/2289 2300/2300/2300
f 2300/2300/2300 2299/2299/2299 2288/2288/2288
f 2289/2289/2289 2290/2290/2290 2301/2301/2301
f 2301/2301/2301 2300/2300/2300 2289/2289/2289
f 2290/2290/2290 2291/2291/2291 2302/2302/2302
f 2302/2302/2302 2301/2301/2301 2290/2290/2290
f 2291/2291/2291 2292/2292/2292 2303/2303/2303
f 2303/2303/2303 2302/2302/2302 2291/2291/2291
f 2292/2292/2292 2293/2293/2293 2304/2304/2304
f 2304/2304/2304 2303/2303/2303 2292/2292/2292
f 2293/2293/2293 2294/2294/2294 2305/2305/2305
f 2305/2305/2305 2304/2304/2304 2293/2293/2293
f 2294/2294/2294 2295/2295/2295 2306/2306/2306
f 2306/2306/2306 2305/2305/2305 2294/2294/2294
f 2296/2296/2296 2287/2287/2287 2298/2298/2298
f 2298/2298/2298 2307/2307/2307 2296/2296/2296
f 2298/2298/2298 2297/2297/2297 2077/2077/2077
f 2077/2077/2077 2080/2080/2080 2298/2298/2298
f 2297/2297/2297 2299/2299/2299 2081/2081/2081
f 2081/2081/2081 2077/2077/2077 2297/2297/2297
f 2299/2299/2299 2300/2300/2300 2083/2083/2083
f 2083/2083/2083 2081/2081/2081 2299/2299/2299
f 2300/2300/2300 2301/2301/2301 2085/2085/2085
f 2085/2085/2085 2083/2083/2083 2300/2300/2300
f 2301/2301/2301 2302/2302/2302 2087/2087/2087
f 2087/2087/2087 2085/2085/2085 2301/2301/2301
f 2302/2302/2302 2303/2303/2303 2089/2089/2089
f 2089/2089/2089 2087/2087/2087 2302/2302/2302
f 2303/2303/2303 2304/2304/2304 2091/2091/2091
f 2091/2091/2091 2089/2089/2089 2303/2303/2303
f 2304/2304/2304 2305/2305/2305 2093/2093/2093
f 2093/2093/2093 2091/2091/2091 2304/2304/2304
f 2305/2305/2305 2306/2306/2306 2095/2095/2095
f 2095/2095/2095 2093/2093/2093 2305/2305/2305
f 2307/2307/2307 2298/2298/2298 2080/2080/2080
f 2080/2080/2080 2098/2098/2098 2307/2307/2307
f 2308/2308/2308 2309/2309/2309 2310/2310/2310
f 2311/2311/2311 2312/2312/2312 2313/2313/2313
f 2314/2314/2314 2309/2309/2309 2308/2308/2308
f 2315/2315/2315 2316/2316/2316 2313/2313/2313
f 2308/2308/2308 2310/2310/2310 2317/2317/2317
f 2318/2318/2318 2315/2315/2315 2313/2313/2313
f 2319/2319/2319 2320/2320/2320 2308/2308/2308
f 2312/2312/2312 2318/2318/2318 2313/2313/2313
f 2308/2308/2308 2317/2317/2317 2321/2321/2321
f 2322/2322/2322 2323/2323/2323 2308/2308/2308
f 2313/2313/2313 2316/2316/2316 2324/2324/2324
f 2325/2325/2325 2311/2311/2311 2313/2313/2313
f 2326/2326/2326 2319/2319/2319 2308/2308/2308
f 2327/2327/2327 2314/2314/2314 2308/2308/2308
f 2313/2313/2313 2328/2328/2328 2329/2329/2329
f 2313/2313/2313 2324/2324/2324 2330/2330/2330
f 2326/2326/2326 2308/2308/2308 2321/2321/2321
f 2323/2323/2323 2327/2327/2327 2308/2308/2308
f 2325/2325/2325 2313/2313/2313 2331/2331/2331
f 2313/2313/2313 2332/2332/2332 2333/2333/2333
f 2334/2334/2334 2322/2322/2322 2308/2308/2308
f 2320/2320/2320 2335/2335/2335 2308/2308/2308
f 2313/2313/2313 2330/2330/2330 2336/2336/2336
f 2313/2313/2313 2337/2337/2337 2331/2331/2331
f 2338/2338/2338 2334/2334/2334 2308/2308/2308
f 2335/2335/2335 2339/2339/2339 2308/2308/2308
f 2313/2313/2313 2336/2336/2336 2340/2340/2340
f 2313/2313/2313 2341/2341/2341 2337/2337/2337
f 2342/2342/2342 2338/2338/2338 2308/2308/2308
f 2343/2343/2343 2342/2342/2342 2308/2308/2308
f 2313/2313/2313 2340/2340/2340 2332/2332/2332
f 2313/2313/2313 2344/2344/2344 2341/2341/2341
f 2339/2339/2339 2345/2345/2345 2308/2308/2308
f 2346/2346/2346 2343/2343/2343 2308/2308/2308
f 2313/2313/2313 2333/2333/2333 2347/2347/2347
f 2313/2313/2313 2348/2348/2348 2344/2344/2344
f 2345/2345/2345 2349/2349/2349 2308/2308/2308
f 2349/2349/2349 2346/2346/2346 2308/2308/2308
f 2313/2313/2313 2347/2347/2347 2328/2328/2328
f 2313/2313/2313 2329/2329/2329 2348/2348/2348
f 2353/2353/2353 2350/2350/2350 2351/2351/2351
f 2351/2351/2351 2352/2352/2352 2353/2353/2353
f 2355/2355/2355 2354/2354/2354 2350/2350/2350
f 2350/2350/2350 2353/2353/2353 2355/2355/2355
f 2357/2357/2357 2356/2356/2356 2354/2354/2354
f 2354/2354/2354 2355/2355/2355 2357/2357/2357
f 2359/2359/2359 2358/2358/2358 2356/2356/2356
f 2356/2356/2356 2357/2357/2357 2359/2359/2359
f 2361/2361/2361 2360/2360/2360 2358/2358/2358
f 2358/2358/2358 2359/2359/2359 2361/2361/2361
f 2363/2363/2363 2362/2362/2362 2360/2360/2360
f 2360/2360/2360 2361/2361/2361 2363/2363/2363
f 2365/2365/2365 2364/2364/2364 2362/2362/2362
f 2362/2362/2362 2363/2363/2363 2365/2365/2365
f 2367/2367/2367 2366/2366/2366 2364/2364/2364
f 2364/2364/2364 2365/2365/2365 2367/2367/2367
f 2369/2369/2369 2368/2368/2368 2366/2366/2366
f 2366/2366/2366 2367/2367/2367 2369/2369/2369
f 2352/2352/2352 2351/2351/2351 2370/2370/2370
f 2370/2370/2370 2371/2371/2371 2352/2352/2352
f 2373/2373/2373 2353/2353/2353 2352/2352/2352
f 2352/2352/2352 2372/2372/2372 2373/2373/2373
f 2374/2374/2374 2355/2355/2355 2353/2353/2353
f 2353/2353/2353 2373/2373/2373 2374/2374/2374
f 2375/2375/2375 2357/2357/2357 2355/2355/2355
f 2355/2355/2355 2374/2374/2374 2375/2375/2375
f 2376/2376/2376 2359/2359/2359 2357/2357/2357
f 2357/2357/2357 2375/2375/2375 2376/2376/2376
f 2377/2377/2377 2361/2361/2361 2359/2359/2359
f 2359/2359/2359 2376/2376/2376 2377/2377/2377
f 2378/2378/2378 2363/2363/2363 2361/2361/2361
f 2361/2361/2361 2377/2377/2377 2378/2378/2378
f 2379/2379/2379 2365/2365/2365 2363/2363/2363
f 2363/2363/2363 2378/2378/2378 2379/2379/2379
f 2380/2380/2380 2367/2367/2367 2365/2365/2365
f 2365/2365/2365 2379/2379/2379 2380/2380/2380
f 2381/2381/2381 2369/2369/2369 2367/2367/2367
f 2367/2367/2367 2380/2380/2380 2381/2381/2381
f 2372/2372/2372 2352/2352/2352 2371/2371/2371
f 2371/2371/2371 2382/2382/2382 2372/2372/2372
f 2384/2384/2384 2373/2373/2373 2372/2372/2372
f 2372/2372/2372 2383/2383/2383 2384/2384/2384
f 2385/2385/2385 2374/2374/2374 2373/2373/2373
f 2373/2373/2373 2384/2384/2384 2385/2385/2385
f 2386/2386/2386 2375/2375/2375 2374/2374/2374
f 2374/2374/2374 2385/2385/2385 2386/2386/2386
f 2387/2387/2387 2376/2376/2376 2375/2375/2375
f 2375/2375/2375 2386/2386/2386 2387/2387/2387
f 2388/2388/2388 2377/2377/2377 2376/2376/2376
f 2376/2376/2376 2387/2387/2387 2388/2388/2388
f 2389/2389/2389 2378/2378/2378 2377/2377/2377
f 2377/2377/2377 2388/2388/2388 2389/2389/2389
f 2390/2390/2390 2379/2379/2379 2378/2378/2378
f 2378/2378/2378 2389/2389/2389 2390/2390/2390
f 2391/2391/2391 2380/2380/2380 2379/2379/2379
f 2379/2379/2379 2390/2390/2390 2391/2391/2391
f 2392/2392/2392 2381/2381/2381 2380/2380/2380
f 2380/2380/2380 2391/2391/2391 2392/2392/2392
f 2383/2383/2383 2372/2372/2372 2382/2382/2382
f 2382/2382/2382 2393/2393/2393 2383/2383/2383
f 2395/2395/2395 2384/2384/2384 2383/2383/2383
f 2383/2383/2383 2394/2394/2394 2395/2395/2395
f 2396/2396/2396 2385/2385/2385 2384/2384/2384
f 2384/2384/2384 2395/2395/2395 2396/2396/2396
f 2397/2397/2397 2386/2386/2386 2385/2385/2385
f 2385/2385/2385 2396/2396/2396 2397/2397/2397
f 2398/2398/2398 2387/2387/2387 2386/2386/2386
f 2386/2386/2386 2397/2397/2397 2398/2398/2398
f 2399/2399/2399 2388/2388/2388 2387/2387/2387
f 2387/2387/2387 2398/2398/2398 2399/2399/2399
f 2400/2400/2400 2389/2389/2389 2388/2388/2388
f 2388/2388/2388 2399/2399/2399 2400/2400/2400
f 2401/2401/2401 2390/2390/2390 2389/2389/2389
f 2389/2389/2389 2400/2400/2400 2401/2401/2401
f 2402/2402/2402 2391/2391/2391 2390/2390/2390
f 2390/2390/2390 2401/2401/2401 2402/2402/2402
f 2403/2403/2403 2392/2392/2392 2391/2391/2391
f 2391/2391/2391 2402/2402/2402 2403/2403/2403
f 2394/2394/2394 2383/2383/2383 2393/2393/2393
f 2393/2393/2393 2404/2404/2404 2394/2394/2394
f 2406/2406/2406 2395/2395/2395 2394/2394/2394
f 2394/2394/2394 2405/2405/2405 2406/2406/2406
f 2407/2407/2407 2396/2396/2396 2395/2395/2395
f 2395/2395/2395 2406/2406/2406 2407/2407/2407
f 2408/2408/2408 2397/2397/2397 2396/2396/2396
f 2396/2396/2396 2407/2407/2407 2408/2408/2408
f 2409/2409/2409 2398/2398/2398 2397/2397/2397
f 2397/2397/2397 2408/2408/2408 2409/2409/2409
f 2410/2410/2410 2399/2399/2399 2398/2398/2398
f 2398/2398/2398 2409/2409/2409 2410/2410/2410
f 2411/2411/2411 2400/2400/2400 2399/2399/2399
f 2399/2399/2399 2410/2410/2410 2411/2411/2411
f 2412/2412/2412 2401/2401/2401 2400/2400/2400
f 2400/2400/2400 2411/2411/2411 2412/2412/2412
f 2413/2413/2413 2402/2402/2402 2401/2401/2401
f 2401/2401/2401 2412/2412/2412 2413/2413/2413
f 2414/2414/2414 2403/2403/2403 2402/2402/2402
f 2402/2402/2402 2413/2413/2413 2414/2414/2414
f 2405/2405/2405 2394/2394/2394 2404/2404/2404
f 2404/2404/2404 2415/2415/2415 2405/2405/2405
f 2417/2417/2417 2406/2406/2406 2405/2405/2405
f 2405/2405/2405 2416/2416/2416 2417/2417/2417
f 2418/2418/2418 2407/2407/2407 2406/2406/2406
f 2406/2406/2406 2417/2417/2417 2418/2418/2418
f 2419/2419/2419 2408/2408/2408 2407/2407/2407
f 2407/2407/2407 2418/2418/2418 2419/2419/2419
f 2420/2420/2420 2409/2409/2409 2408/2408/2408
f 2408/2408/2408 2419/2419/2419 2420/2420/2420
f 2421/2421/2421 2410/2410/2410 2409/2409/2409
f 2409/2409/2409 2420/2420/2420 2421/2421/2421
f 2422/2422/2422 2411/2411/2411 2410/2410/2410
f 2410/2410/2410 2421/2421/2421 2422/2422/2422
f 2423/2423/2423 2412/2412/2412 2411/2411/2411
f 2411/2411/2411 2422/2422/2422 2423/2423/2423
f 2424/2424/2424 2413/2413/2413 2412/2412/2412
f 2412/2412/2412 2423/2423/2423 2424/2424/2424
f 2425/2425/2425 2414/2414/2414 2413/2413/2413
f 2413/2413/2413 2424/2424/2424 2425/2425/2425
f 2416/2416/2416 2405/2405/2405 2415/2415/2415
f 2415/2415/2415 2426/2426/2426 2416/2416/2416
f 2428/2428/2428 2417/2417/2417 2416/2416/2416
f 2416/2416/2416 2427/2427/2427 2428/2428/2428
f 2429/2429/2429 2418/2418/2418 2417/2417/2417
f 2417/2417/2417 2428/2428/2428 2429/2429/2429
f 2430/2430/2430 2419/2419/2419 2418/2418/2418
f 2418/2418/2418 2429/2429/2429 2430/2430/2430
f 2431/2431/2431 2420/2420/2420 2419/2419/2419
f 2419/2419/2419 2430/2430/2430 2431/2431/2431
f 2432/2432/2432 2421/2421/2421 2420/2420/2420
f 2420/2420/2420 2431/2431/2431 2432/2432/2432
f 2433/2433/2433 2422/2422/2422 2421/2421/2421
f 2421/2421/2421 2432/2432/2432 2433/2433/2433
f 2434/2434/2434 2423/2423/2423 2422/2422/2422
f 2422/2422/2422 2433/2433/2433 2434/2434/2434
f 2435/2435/2435 2424/2424/2424 2423/2423/2423
f 2423/2423/2423 2434/2434/2434 2435/2435/2435
f 2436/2436/2436 2425/2425/2425 2424/2424/2424
f 2424/2424/2424 2435/2435/2435 2436/2436/2436
f 2427/2427/2427 2416/2416/2416 2426/2426/2426
f 2426/2426/2426 2437/2437/2437 2427/2427/2427
f 2439/2439/2439 2428/2428/2428 2427/2427/2427
f 2427/2427/2427 2438/2438/2438 2439/2439/2439
f 2440/2440/2440 2429/2429/2429 2428/2428/2428
f 2428/2428/2428 2439/2439/2439 2440/2440/2440
f 2441/2441/2441 2430/2430/2430 2429/2429/2429
f 2429/2429/2429 2440/2440/2440 2441/2441/2441
f 2442/2442/2442 2431/2431/2431 2430/2430/2430
f 2430/2430/2430 2441/2441/2441 2442/2442/2442
f 2443/2443/2443 2432/2432/2432 2431/2431/2431
f 2431/2431/2431 2442/2442/2442 2443/2443/2443
f 2444/2444/2444 2433/2433/2433 2432/2432/2432
f 2432/2432/2432 2443/2443/2443 2444/2444/2444
f 2445/2445/2445 2434/2434/2434 2433/2433/2433
f 2433/2433/2433 2444/2444/2444 2445/2445/2445
f 2446/2446/2446 2435/2435/2435 2434/2434/2434
f 2434/2434/2434 2445/2445/2445 2446/2446/2446
f 2447/2447/2447 2436/2436/2436 2435/2435/2435
f 2435/2435/2435 2446/2446/2446 2447/2447/2447
f 2438/2438/2438 2427/2427/2427 2437/2437/2437
f 2437/2437/2437 2448/2448/2448 2438/2438/2438
f 2450/2450/2450 2439/2439/2439 2438/2438/2438
f 2438/2438/2438 2449/2449/2449 2450/2450/2450
f 2451/2451/2451 2440/2440/2440 2439/2439/2439
f 2439/2439/2439 2450/2450/2450 2451/2451/2451
f 2452/2452/2452 2441/2441/2441 2440/2440/2440
f 2440/2440/2440 2451/2451/2451 2452/2452/2452
f 2453/2453/2453 2442/2442/2442 2441/2441/2441
f 2441/2441/2441 2452/2452/2452 2453/2453/2453
f 2454/2454/2454 2443/2443/2443 2442/2442/2442
f 2442/2442/2442 2453/2453/2453 2454/2454/2454
f 2455/2455/2455 2444/2444/2444 2443/2443/2443
f 2443/2443/2443 2454/2454/2454 2455/2455/2455
f 2456/2456/2456 2445/2445/2445 2444/2444/2444
f 2444/2444/2444 2455/2455/2455 2456/2456/2456
f 2457/2457/2457 2446/2446/2446 2445/2445/2445
f 2445/2445/2445 2456/2456/2456 2457/2457/2457
f 2458/2458/2458 2447/2447/2447 2446/2446/2446
f 2446/2446/2446 2457/2457/2457 2458/2458/2458
f 2449/2449/2449 2438/2438/2438 2448/2448/2448
f 2448/2448/2448 2459/2459/2459 2449/2449/2449
f 2461/2461/2461 2450/2450/2450 2449/2449/2449
f 2449/2449/2449 2460/2460/2460 2461/2461/2461
f 2462/2462/2462 2451/2451/2451 2450/2450/2450
f 2450/2450/2450 2461/2461/2461 2462/2462/2462
f 2463/2463/2463 2452/2452/2452 2451/2451/2451
f 2451/2451/2451 2462/2462/2462 2463/2463/2463
f 2464/2464/2464 2453/2453/2453 2452/2452/2452
f 2452/2452/2452 2463/2463/2463 2464/2464/2464
f 2465/2465/2465 2454/2454/2454 2453/2453/2453
f 2453/2453/2453 2464/2464/2464 2465/2465/2465
f 2466/2466/2466 2455/2455/2455 2454/2454/2454
f 2454/2454/2454 2465/2465/2465 2466/2466/2466
f 2467/2467/2467 2456/2456/2456 2455/2455/2455
f 2455/2455/2455 2466/2466/2466 2467/2467/2467
f 2468/2468/2468 2457/2457/2457 2456/2456/2456
f 2456/2456/2456 2467/2467/2467 2468/2468/2468
f 2469/2469/2469 2458/2458/2458 2457/2457/2457
f 2457/2457/2457 2468/2468/2468 2469/2469/2469
f 2460/2460/2460 2449/2449/2449 2459/2459/2459
f 2459/2459/2459 2470/2470/2470 2460/2460/2460
f 2474/2474/2474 2471/2471/2471 2472/2472/2472
f 2472/2472/2472 2473/2473/2473 2474/2474/2474
f 2476/2476/2476 2475/2475/2475 2471/2471/2471
f 2471/2471/2471 2474/2474/2474 2476/2476/2476
f 2478/2478/2478 2477/2477/2477 2475/2475/2475
f 2475/2475/2475 2476/2476/2476 2478/2478/2478
f 2480/2480/2480 2479/2479/2479 2477/2477/2477
f 2477/2477/2477 2478/2478/2478 2480/2480/2480
f 2482/2482/2482 2481/2481/2481 2479/2479/2479
f 2479/2479/2479 2480/2480/2480 2482/2482/2482
f 2484/2484/2484 2483/2483/2483 2481/2481/2481
f 2481/2481/2481 2482/2482/2482 2484/2484/2484
f 2486/2486/2486 2485/2485/2485 2483/2483/2483
f 2483/2483/2483 2484/2484/2484 2486/2486/2486
f 2488/2488/2488 2487/2487/2487 2485/2485/2485
f 2485/2485/2485 2486/2486/2486 2488/2488/2488
f 2490/2490/2490 2489/2489/2489 2487/2487/2487
f 2487/2487/2487 2488/2488/2488 2490/2490/2490
f 2473/2473/2473 2472/2472/2472 2491/2491/2491
f 2491/2491/2491 2492/2492/2492 2473/2473/2473
f 2494/2494/2494 2474/2474/2474 2473/2473/2473
f 2473/2473/2473 2493/2493/2493 2494/2494/2494
f 2495/2495/2495 2476/2476/2476 2474/2474/2474
f 2474/2474/2474 2494/2494/2494 2495/2495/2495
f 2496/2496/2496 2478/2478/2478 2476/2476/2476
f 2476/2476/2476 2495/2495/2495 2496/2496/2496
f 2497/2497/2497 2480/2480/2480 2478/2478/2478
f 2478/2478/2478 2496/2496/2496 2497/2497/2497
f 2498/2498/2498 2482/2482/2482 2480/2480/2480
f 2480/2480/2480 2497/2497/2497 2498/2498/2498
f 2499/2499/2499 2484/2484/2484 2482/2482/2482
f 2482/2482/2482 2498/2498/2498 2499/2499/2499
f 2500/2500/2500 2486/2486/2486 2484/2484/2484
f 2484/2484/2484 2499/2499/2499 2500/2500/2500
f 2501/2501/2501 2488/2488/2488 2486/2486/2486
f 2486/2486/2486 2500/2500/2500 2501/2501/2501
f 2502/2502/2502 2490/2490/2490 2488/2488/2488
f 2488/2488/2488 2501/2501/2501 2502/2502/2502
f 2493/2493/2493 2473/2473/2473 2492/2492/2492
f 2492/2492/2492 2503/2503/2503 2493/2493/2493
f 2505/2505/2505 2494/2494/2494 2493/2493/2493
f 2493/2493/2493 2504/2504/2504 2505/2505/2505
f 2506/2506/2506 2495/2495/2495 2494/2494/2494
f 2494/2494/2494 2505/2505/2505 2506/2506/2506
f 2507/2507/2507 2496/2496/2496 2495/2495/2495
f 2495/2495/2495 2506/2506/2506 2507/2507/2507
f 2508/2508/2508 2497/2497/2497 2496/2496/2496
f 2496/2496/2496 2507/2507/2507 2508/2508/2508
f 2509/2509/2509 2498/2498/2498 2497/2497/2497
f 2497/2497/2497 2508/2508/2508 2509/2509/2509
f 2510/2510/2510 2499/2499/2499 2498/2498/2498
f 2498/2498/2498 2509/2509/2509 2510/2510/2510
f 2511/2511/2511 2500/2500/2500 2499/2499/2499
f 2499/2499/2499 2510/2510/2510 2511/2511/2511
f 2512/2512/2512 2501/2501/2501 2500/2500/2500
f 2500/2500/2500 2511/2511/2511 2512/2512/2512
f 2513/2513/2513 2502/2502/2502 2501/2501/2501
f 2501/2501/2501 2512/2512/2512 2513/2513/2513
f 2504/2504/2504 2493/2493/2493 2503/2503/2503
f 2503/2503/2503 2514/2514/2514 2504/2504/2504
f 2516/2516/2516 2505/2505/2505 2504/2504/2504
f 2504/2504/2504 2515/2515/2515 2516/2516/2516
f 2517/2517/2517 2506/2506/2506 2505/2505/2505
f 2505/2505/2505 2516/2516/2516 2517/2517/2517
f 2518/2518/2518 2507/2507/2507 2506/2506/2506
f 2506/2506/2506 2517/2517/2517 2518/2518/2518
f 2519/2519/2519 2508/2508/2508 2507/2507/2507
f 2507/2507/2507 2518/2518/2518 2519/2519/2519
f 2520/2520/2520 2509/2509/2509 2508/2508/2508
f 2508/2508/2508 2519/2519/2519 2520/2520/2520
f 2521/2521/2521 2510/2510/2510 2509/2509/2509
f 2509/2509/2509 2520/2520/2520 2521/2521/2521
f 2522/2522/2522 2511/2511/2511 2510/2510/2510
f 2510/2510/2510 2521/2521/2521 2522/2522/2522
f 2523/2523/2523 2512/2512/2512 2511/2511/2511
f 2511/2511/2511 2522/2522/2522 2523/2523/2523
f 2524/2524/2524 2513/2513/2513 2512/2512/2512
f 2512/2512/2512 2523/2523/2523 2524/2524/2524
f 2515/2515/2515 2504/2504/2504 2514/2514/2514
f 2514/2514/2514 2525/2525/2525 2515/2515/2515
f 2527/2527/2527 2516/2516/2516 2515/2515/2515
f 2515/2515/2515 2526/2526/2526 2527/2527/2527
f 2528/2528/2528 2517/2517/2517 2516/2516/2516
f 2516/2516/2516 2527/2527/2527 2528/2528/2528
f 2529/2529/2529 2518/2518/2518 2517/2517/2517
f 2517/2517/2517 2528/2528/2528 2529/2529/2529
f 2530/2530/2530 2519/2519/2519 2518/2518/2518
f 2518/2518/2518 2529/2529/2529 2530/2530/2530
f 2531/2531/2531 2520/2520/2520 2519/2519/2519
f 2519/2519/2519 2530/2530/2530 2531/2531/2531
f 2532/2532/2532 2521/2521/2521 2520/2520/2520
f 2520/2520/2520 2531/2531/2531 2532/2532/2532
f 2533/2533/2533 2522/2522/2522 2521/2521/2521
f 2521/2521/2521 2532/2532/2532 2533/2533/2533
f 2534/2534/2534 2523/2523/2523 2522/2522/2522
f 2522/2522/2522 2533/2533/2533 2534/2534/2534
f 2535/2535/2535 2524/2524/2524 2523/2523/2523
f 2523/2523/2523 2534/2534/2534 2535/2535/2535
f 2526/2526/2526 2515/2515/2515 2525/2525/2525
f 2525/2525/2525 2536/2536/2536 2526/2526/2526
f 2538/2538/2538 2527/2527/2527 2526/2526/2526
f 2526/2526/2526 2537/2537/2537 2538/2538/2538
f 2539/2539/2539 2528/2528/2528 2527/2527/2527
f 2527/2527/2527 2538/2538/2538 2539/2539/2539
f 2540/2540/2540 2529/2529/2529 2528/2528/2528
f 2528/2528/2528 2539/2539/2539 2540/2540/2540
f 2541/2541/2541 2530/2530/2530 2529/2529/2529
f 2529/2529/2529 2540/2540/2540 2541/2541/2541
f 2542/2542/2542 2531/2531/2531 2530/2530/2530
f 2530/2530/2530 2541/2541/2541 2542/2542/2542
f 2543/2543/2543 2532/2532/2532 2531/2531/2531
f 2531/2531/2531 2542/2542/2542 2543/2543/2543
f 2544/2544/2544 2533/2533/2533 2532/2532/2532
f 2532/2532/2532 2543/2543/2543 2544/2544/2544
f 2545/2545/2545 2534/2534/2534 2533/2533/2533
f 2533/2533/2533 2544/2544/2544 2545/2545/2545
f 2546/2546/2546 2535/2535/2535 2534/2534/2534
f 2534/2534/2534 2545/2545/2545 2546/2546/2546
f 2537/2537/2537 2526/2526/2526 2536/2536/2536
f 2536/2536/2536 2547/2547/2547 2537/2537/2537
f 2549/2549/2549 2538/2538/2538 2537/2537/2537
f 2537/2537/2537 2548/2548/2548 2549/2549/2549
f 2550/2550/2550 2539/2539/2539 2538/2538/2538
f 2538/2538/2538 2549/2549/2549 2550/2550/2550
f 2551/2551/2551 2540/2540/2540 2539/2539/2539
f 2539/2539/2539 2550/2550/2550 2551/2551/2551
f 2552/2552/2552 2541/2541/2541 2540/2540/2540
f 2540/2540/2540 2551/2551/2551 2552/2552/2552
f 2553/2553/2553 2542/2542/2542 2541/2541/2541
f 2541/2541/2541 2552/2552/2552 2553/2553/2553
f 2554/2554/2554 2543/2543/2543 2542/2542/2542
f 2542/2542/2542 2553/2553/2553 2554/2554/2554
f 2555/2555/2555 2544/2544/2544 2543/2543/2543
f 2543/2543/2543 2554/2554/2554 2555/2555/2555
f 2556/2556/2556 2545/2545/2545 2544/2544/2544
f 2544/2544/2544 2555/2555/2555 2556/2556/2556
f 2557/2557/2557 2546/2546/2546 2545/2545/2545
f 2545/2545/2545 2556/2556/2556 2557/2557/2557
f 2548/2548/2548 2537/2537/2537 2547/2547/2547
f 2547/2547/2547 2558/2558/2558 2548/2548/2548
f 2560/2560/2560 2549/2549/2549 2548/2548/2548
f 2548/2548/2548 2559/2559/2559 2560/2560/2560
f 2561/2561/2561 2550/2550/2550 2549/2549/2549
f 2549/2549/2549 2560/2560/2560 2561/2561/2561
f 2562/2562/2562 2551/2551/2551 2550/2550/2550
f 2550/2550/2550 2561/2561/2561 2562/2562/2562
f 2563/2563/2563 2552/2552/2552 2551/2551/2551
f 2551/2551/2551 2562/2562/2562 2563/2563/2563
f 2564/2564/2564 2553/2553/2553 2552/2552/2552
f 2552/2552/2552 2563/2563/2563 2564/2564/2564
f 2565/2565/2565 2554/2554/2554 2553/2553/2553
f 2553/2553/2553 2564/2564/2564 2565/2565/2565
f 2566/2566/2566 2555/2555/2555 2554/2554/2554
f 2554/2554/2554 2565/2565/2565 2566/2566/2566
f 2567/2567/2567 2556/2556/2556 2555/2555/2555
f 2555/2555/2555 2566/2566/2566 2567/2567/2567
f 2568/2568/2568 2557/2557/2557 2556/2556/2556
f 2556/2556/2556 2567/2567/2567 2568/2568/2568
f 2559/2559/2559 2548/2548/2548 2558/2558/2558
f 2558/2558/2558 2569/2569/2569 2559/2559/2559
f 2571/2571/2571 2560/2560/2560 2559/2559/2559
f 2559/2559/2559 2570/2570/2570 2571/2571/2571
f 2572/2572/2572 2561/2561/2561 2560/2560/2560
f 2560/2560/2560 2571/2571/2571 2572/2572/2572
f 2573/2573/2573 2562/2562/2562 2561/2561/2561
f 2561/2561/2561 2572/2572/2572 2573/2573/2573
f 2574/2574/2574 2563/2563/2563 2562/2562/2562
f 2562/2562/2562 2573/2573/2573 2574/2574/2574
f 2575/2575/2575 2564/2564/2564 2563/2563/2563
f 2563/2563/2563 2574/2574/2574 2575/2575/2575
f 2576/2576/2576 2565/2565/2565 2564/2564/2564
f 2564/2564/2564 2575/2575/2575 2576/2576/2576
f 2577/2577/2577 2566/2566/2566 2565/2565/2565
f 2565/2565/2565 2576/2576/2576 2577/2577/2577
f 2578/2578/2578 2567/2567/2567 2566/2566/2566
f 2566/2566/2566 2577/2577/2577 2578/2578/2578
f 2579/2579/2579 2568/2568/2568 2567/2567/2567
f 2567/2567/2567 2578/2578/2578 2579/2579/2579
f 2570/2570/2570 2559/2559/2559 2569/2569/2569
f 2569/2569/2569 2580/2580/2580 2570/2570/2570
f 2350/2350/2350 2571/2571/2571 2570/2570/2570
f 2570/2570/2570 2351/2351/2351 2350/2350/2350
f 2354/2354/2354 2572/2572/2572 2571/2571/2571
f 2571/2571/2571 2350/2350/2350 2354/2354/2354
f 2356/2356/2356 2573/2573/2573 2572/2572/2572
f 2572/2572/2572 2354/2354/2354 2356/2356/2356
f 2358/2358/2358 2574/2574/2574 2573/2573/2573
f 2573/2573/2573 2356/2356/2356 2358/2358/2358
f 2360/2360/2360 2575/2575/2575 2574/2574/2574
f 2574/2574/2574 2358/2358/2358 2360/2360/2360
f 2362/2362/2362 2576/2576/2576 2575/2575/2575
f 2575/2575/2575 2360/2360/2360 2362/2362/2362
f 2364/2364/2364 2577/2577/2577 2576/2576/2576
f 2576/2576/2576 2362/2362/2362 2364/2364/2364
f 2366/2366/2366 2578/2578/2578 2577/2577/2577
f 2577/2577/2577 2364/2364/2364 2366/2366/2366
f 2368/2368/2368 2579/2579/2579 2578/2578/2578
f 2578/2578/2578 2366/2366/2366 2368/2368/2368
f 2351/2351/2351 2570/2570/2570 2580/2580/2580
f 2580/2580/2580 2370/2370/2370 2351/2351/2351
f 2581/2581/2581 2582/2582/2582 2583/2583/2583
f 2584/2584/2584 2585/2585/2585 2586/2586/2586
f 2587/2587/2587 2581/2581/2581 2583/2583/2583
f 2588/2588/2588 2585/2585/2585 2589/2589/2589
f 2581/2581/2581 2590/2590/2590 2582/2582/2582
f 2591/2591/2591 2585/2585/2585 2588/2588/2588
f 2592/2592/2592 2581/2581/2581 2593/2593/2593
f 2586/2586/2586 2585/2585/2585 2591/2591/2591
f 2581/2581/2581 2594/2594/2594 2590/2590/2590
f 2595/2595/2595 2581/2581/2581 2596/2596/2596
f 2585/2585/2585 2597/2597/2597 2589/2589/2589
f 2598/2598/2598 2585/2585/2585 2584/2584/2584
f 2599/2599/2599 2581/2581/2581 2592/2592/2592
f 2600/2600/2600 2581/2581/2581 2587/2587/2587
f 2585/2585/2585 2601/2601/2601 2602/2602/2602
f 2585/2585/2585 2603/2603/2603 2597/2597/2597
f 2599/2599/2599 2594/2594/2594 2581/2581/2581
f 2596/2596/2596 2581/2581/2581 2600/2600/2600
f 2598/2598/2598 2604/2604/2604 2585/2585/2585
f 2585/2585/2585 2605/2605/2605 2606/2606/2606
f 2607/2607/2607 2581/2581/2581 2595/2595/2595
f 2593/2593/2593 2581/2581/2581 2608/2608/2608
f 2585/2585/2585 2609/2609/2609 2603/2603/2603
f 2585/2585/2585 2604/2604/2604 2610/2610/2610
f 2611/2611/2611 2581/2581/2581 2607/2607/2607
f 2608/2608/2608 2581/2581/2581 2612/2612/2612
f 2585/2585/2585 2613/2613/2613 2609/2609/2609
f 2585/2585/2585 2610/2610/2610 2614/2614/2614
f 2615/2615/2615 2581/2581/2581 2611/2611/2611
f 2616/2616/2616 2581/2581/2581 2615/2615/2615
f 2585/2585/2585 2606/2606/2606 2613/2613/2613
f 2585/2585/2585 2614/2614/2614 2617/2617/2617
f 2612/2612/2612 2581/2581/2581 2618/2618/2618
f 2619/2619/2619 2581/2581/2581 2616/2616/2616
f 2585/2585/2585 2620/2620/2620 2605/2605/2605
f 2585/2585/2585 2617/2617/2617 2621/2621/2621
f 2618/2618/2618 2581/2581/2581 2622/2622/2622
f 2622/2622/2622 2581/2581/2581 2619/2619/2619
f 2585/2585/2585 2602/2602/2602 2620/2620/2620
f 2585/2585/2585 2621/2621/2621 2601/2601/2601
o part1
v 0.019547 0.195118 -0.016840
v 0.021241 0.189643 -0.017152
v -0.006992 0.189348 -0.016956
v -0.006992 0.194437 -0.016747
v -0.035225 0.189643 -0.017152
v -0.033531 0.195118 -0.016840
v -0.006992 0.173715 -0.016279
v 0.022387 0.174539 -0.017059
v -0.036371 0.174539 -0.017059
v -0.006992 0.154376 -0.019984
v 0.023898 0.155349 -0.019311
v -0.037881 0.155349 -0.019311
v -0.006992 0.133849 -0.022139
v 0.024027 0.133660 -0.022602
v -0.038011 0.133660 -0.022602
v -0.006992 0.112431 -0.025905
v 0.023688 0.113799 -0.025471
v -0.037672 0.113799 -0.025471
v -0.006992 0.091517 -0.027867
v 0.024512 0.092688 -0.027635
v -0.038495 0.092688 -0.027635
v 0.024422 0.065559 -0.026419
v -0.006992 0.065233 -0.026601
v -0.038405 0.065559 -0.026419
v -0.006992 0.037629 -0.023813
v 0.023650 0.037945 -0.023696
v -0.037634 0.037945 -0.023696
v -0.006992 0.018019 -0.022142
v 0.024661 0.017996 -0.021852
v -0.038645 0.017996 -0.021852
v -0.006992 0.009528 -0.021495
v 0.026511 0.010726 -0.021735
v -0.040494 0.010726 -0.021735
v 0.072356 0.197216 -0.016714
v 0.074123 0.192136 -0.017052
v -0.088107 0.192136 -0.017052
v -0.086339 0.197216 -0.016714
v 0.074139 0.175142 -0.017024
v -0.088123 0.175142 -0.017024
v 0.073238 0.159314 -0.017324
v -0.087222 0.159314 -0.017324
v 0.074747 0.135359 -0.022215
v -0.088730 0.135359 -0.022215
v 0.077247 0.115663 -0.024638
v -0.091231 0.115663 -0.024638
v 0.081760 0.095235 -0.026046
v -0.095744 0.095235 -0.026046
v 0.087354 0.068204 -0.024889
v -0.101338 0.068204 -0.024889
v 0.088132 0.043050 -0.022862
v -0.102116 0.043050 -0.022862
v 0.086458 0.022243 -0.021413
v -0.100442 0.022243 -0.021413
v 0.085223 0.012069 -0.021189
v -0.099207 0.012069 -0.021189
v 0.105871 0.197538 -0.016740
v 0.103931 0.188852 -0.017120
v -0.117915 0.188852 -0.017120
v -0.119855 0.197538 -0.016740
v 0.100315 0.177028 -0.017182
v -0.114299 0.177028 -0.017182
v 0.112277 0.190349 -0.017109
v 0.114670 0.198570 -0.016652
v -0.126261 0.190349 -0.017109
v -0.128653 0.198570 -0.016652
v 0.100618 0.162187 -0.017628
v -0.114601 0.162187 -0.017628
v 0.102304 0.153498 -0.018262
v -0.116288 0.153498 -0.018262
v 0.096277 0.121926 -0.024331
v -0.110261 0.121926 -0.024331
v 0.101004 0.096149 -0.026551
v -0.114988 0.096149 -0.026551
v 0.106495 0.070484 -0.025798
v -0.120479 0.070484 -0.025798
v 0.109872 0.045930 -0.023800
v -0.123856 0.045930 -0.023800
v 0.113450 0.024639 -0.022308
v -0.127433 0.024639 -0.022308
v 0.112572 0.012322 -0.021732
v -0.126556 0.012322 -0.021732
v 0.119295 0.153764 -0.018807
v 0.125269 0.131894 -0.022474
v 0.121786 0.125962 -0.023680
v 0.113767 0.150877 -0.019220
v -0.125185 0.124137 -0.024448
v -0.121030 0.151315 -0.019045
v 0.111201 0.124137 -0.024448
v 0.107046 0.151315 -0.019045
v -0.133279 0.153764 -0.018807
v -0.127751 0.150877 -0.019220
v -0.135770 0.125962 -0.023680
v -0.139253 0.131894 -0.022474
v 0.122102 0.195337 -0.016840
v 0.128069 0.191757 -0.016683
v 0.121698 0.183753 -0.017211
v 0.119693 0.186824 -0.017134
v -0.130090 0.188595 -0.017778
v -0.132691 0.196912 -0.016771
v 0.137060 0.119931 -0.023653
v 0.132071 0.146569 -0.019746
v 0.135636 0.140984 -0.020083
v -0.149619 0.140984 -0.020083
v -0.146054 0.146569 -0.019746
v -0.151044 0.119931 -0.023653
v 0.121214 0.161408 -0.017806
v -0.135198 0.161408 -0.017806
v 0.135546 0.166059 -0.017309
v 0.138637 0.161789 -0.016021
v -0.152620 0.161789 -0.016021
v -0.149530 0.166059 -0.017309
v -0.135681 0.183753 -0.017211
v 0.136884 0.179188 -0.016691
v 0.141927 0.176872 -0.014764
v -0.155911 0.176872 -0.014764
v -0.150867 0.179188 -0.016691
v 0.133728 0.187715 -0.016674
v 0.135613 0.190192 -0.015495
v -0.149597 0.190192 -0.015495
v -0.147712 0.187715 -0.016674
v 0.119730 0.097850 -0.026549
v 0.139192 0.099098 -0.024656
v 0.141126 0.072394 -0.024597
v 0.124058 0.071837 -0.026023
v -0.138042 0.071837 -0.026023
v -0.133714 0.097850 -0.026549
v 0.144812 0.047146 -0.022362
v 0.128631 0.046544 -0.024361
v -0.142615 0.046544 -0.024361
v -0.153176 0.099098 -0.024656
v 0.148581 0.023927 -0.020514
v 0.131219 0.024221 -0.022547
v -0.145203 0.024221 -0.022547
v 0.149540 0.012117 -0.020336
v 0.131245 0.012018 -0.022222
v -0.145229 0.012018 -0.022222
v -0.138301 0.001095 -0.016135
v -0.123617 0.000711 -0.015511
v -0.096174 0.000690 -0.015233
v -0.042518 0.000775 -0.015587
v -0.006992 0.000336 -0.015215
v 0.028535 0.000775 -0.015587
v 0.082190 0.000690 -0.015233
v 0.109633 0.000711 -0.015511
v 0.138747 0.000534 -0.015740
v 0.124318 0.001095 -0.016135
v -0.155109 0.072394 -0.024597
v -0.158796 0.047146 -0.022362
v -0.162564 0.023927 -0.020514
v -0.163524 0.012117 -0.020336
v -0.152731 0.000534 -0.015740
v 0.109343 0.158325 -0.018220
v 0.114260 0.159282 -0.018013
v 0.114026 0.155294 -0.018586
v 0.108329 0.155231 -0.018584
v -0.128010 0.155294 -0.018586
v -0.122313 0.155231 -0.018584
v 0.104926 0.160329 -0.018986
v -0.118909 0.160329 -0.018986
v 0.117700 0.160692 -0.018798
v -0.131684 0.160692 -0.018798
v 0.118709 0.181786 -0.018230
v -0.132693 0.181786 -0.018230
v -0.129758 0.179755 -0.017098
v -0.128243 0.159282 -0.018013
v 0.103509 0.176762 -0.018278
v -0.120829 0.176465 -0.017355
v -0.117492 0.176762 -0.018278
v -0.123326 0.158325 -0.018220
v 0.106225 0.186192 -0.018433
v -0.122636 0.183402 -0.017993
v -0.120209 0.186192 -0.018433
v 0.112074 0.187456 -0.018405
v -0.125867 0.184386 -0.018173
v -0.126058 0.187456 -0.018405
v 0.117469 0.184085 -0.018310
v -0.127391 0.183213 -0.017659
v -0.128806 0.185885 -0.018368
v 0.109095 0.182796 -0.013192
v 0.110561 0.182733 -0.009375
v 0.109612 0.175260 -0.010083
v 0.108501 0.175783 -0.013288
v -0.122485 0.175783 -0.013288
v -0.123078 0.182796 -0.013192
v 0.109974 0.150596 -0.009761
v 0.109279 0.156980 -0.014354
v -0.123263 0.156980 -0.014354
v 0.114879 0.178975 -0.008986
v 0.115288 0.178837 -0.013260
v 0.113710 0.156970 -0.011896
v 0.113659 0.154855 -0.008361
v -0.127694 0.156970 -0.011896
v -0.129272 0.178837 -0.013260
v 0.115353 0.181572 -0.009481
v 0.115381 0.180902 -0.013341
v -0.127007 0.185044 -0.013418
v -0.129500 0.183339 -0.013437
v 0.112741 0.186264 -0.010049
v 0.113023 0.185044 -0.013418
v 0.109279 0.156980 -0.014354
v 0.106845 0.176465 -0.017355
v 0.108501 0.175783 -0.013288
v 0.113710 0.156970 -0.011896
v 0.115288 0.178837 -0.013260
v 0.115775 0.179755 -0.017098
v 0.115093 0.181488 -0.016966
v 0.115381 0.180902 -0.013341
v 0.109095 0.182796 -0.013192
v 0.108652 0.183402 -0.017993
v 0.111883 0.184386 -0.018173
v 0.113023 0.185044 -0.013418
v -0.123596 0.175260 -0.010083
v -0.122485 0.175783 -0.013288
v -0.123263 0.156980 -0.014354
v -0.123958 0.150596 -0.009761
v -0.127694 0.156970 -0.011896
v -0.127643 0.154855 -0.008361
v -0.129272 0.178837 -0.013260
v -0.128863 0.178975 -0.008986
v -0.126724 0.186264 -0.010049
v -0.129812 0.184643 -0.010043
v -0.129500 0.183339 -0.013437
v -0.127007 0.185044 -0.013418
v -0.123078 0.182796 -0.013192
v -0.124544 0.182733 -0.009375
v 0.116106 0.188595 -0.017778
v 0.118707 0.196912 -0.016771
v 0.114823 0.185885 -0.018368
v 0.113408 0.183213 -0.017659
v 0.115516 0.183339 -0.013437
v 0.115828 0.184643 -0.010043
v 0.115516 0.183339 -0.013437
v -0.133676 0.186824 -0.017134
v -0.136085 0.195337 -0.016840
v -0.129077 0.181488 -0.016966
v -0.131453 0.184085 -0.018310
v -0.129365 0.180902 -0.013341
v -0.129337 0.181572 -0.009481
v -0.129365 0.180902 -0.013341
v -0.157501 0.175359 -0.009639
v -0.155911 0.176872 -0.014764
v -0.152620 0.161789 -0.016021
v -0.155189 0.160090 -0.010346
v 0.141206 0.160090 -0.010346
v 0.138637 0.161789 -0.016021
v 0.141927 0.176872 -0.014764
v 0.143517 0.175359 -0.009639
v -0.154194 0.157578 -0.004365
v -0.157250 0.173180 -0.004543
v 0.143266 0.173180 -0.004543
v 0.140210 0.157578 -0.004365
v -0.156935 0.172087 0.000000
v -0.154098 0.157394 0.000000
v 0.140115 0.157394 0.000000
v 0.142951 0.172087 0.000000
v -0.149619 0.140984 -0.020083
v -0.152689 0.140408 -0.014286
v 0.138705 0.140408 -0.014286
v 0.135636 0.140984 -0.020083
v -0.152788 0.139066 -0.005930
v 0.138805 0.139066 -0.005930
v -0.152249 0.138187 0.000000
v 0.138265 0.138187 0.000000
v -0.151044 0.119931 -0.023653
v -0.153987 0.118305 -0.016522
v 0.140003 0.118305 -0.016522
v 0.137060 0.119931 -0.023653
v -0.153663 0.117335 -0.006288
v 0.139679 0.117335 -0.006288
v -0.153206 0.117434 0.000000
v 0.139222 0.117434 0.000000
v -0.153176 0.099098 -0.024656
v -0.155342 0.097871 -0.016090
v 0.141359 0.097871 -0.016090
v 0.139192 0.099098 -0.024656
v -0.154712 0.095933 -0.006660
v 0.140729 0.095933 -0.006660
v -0.154321 0.095514 -0.000000
v 0.140338 0.095514 -0.000000
v -0.155109 0.072394 -0.024597
v -0.158068 0.072938 -0.015221
v 0.144084 0.072938 -0.015221
v 0.141126 0.072394 -0.024597
v -0.156963 0.071628 -0.006481
v 0.142980 0.071628 -0.006481
v -0.156856 0.072140 -0.000000
v 0.142872 0.072140 -0.000000
v -0.158796 0.047146 -0.022362
v -0.160798 0.047363 -0.015066
v 0.146814 0.047363 -0.015066
v 0.144812 0.047146 -0.022362
v -0.160075 0.046052 -0.006679
v 0.146091 0.046052 -0.006679
v -0.160196 0.046289 0.000000
v 0.146213 0.046289 0.000000
v -0.162564 0.023927 -0.020514
v -0.164144 0.023605 -0.013536
v 0.150160 0.023605 -0.013536
v 0.148581 0.023927 -0.020514
v -0.163741 0.022693 -0.006366
v 0.149758 0.022693 -0.006366
v -0.163950 0.023568 0.000000
v 0.149966 0.023568 0.000000
v -0.163524 0.012117 -0.020336
v -0.164835 0.011674 -0.013798
v 0.150852 0.011674 -0.013798
v 0.149540 0.012117 -0.020336
v -0.164163 0.011494 -0.006656
v 0.150180 0.011494 -0.006656
v -0.164395 0.011374 0.000000
v 0.150411 0.011374 0.000000
v -0.152731 0.000534 -0.015740
v -0.157092 0.001525 -0.011977
v 0.143108 0.001525 -0.011977
v 0.138747 0.000534 -0.015740
v -0.156937 0.001996 -0.006422
v 0.142954 0.001996 -0.006422
v -0.157451 0.002162 0.000000
v 0.143467 0.002162 0.000000
v -0.151101 0.189696 -0.010588
v -0.149597 0.190192 -0.015495
v -0.155911 0.176872 -0.014764
v -0.157501 0.175359 -0.009639
v 0.143517 0.175359 -0.009639
v 0.141927 0.176872 -0.014764
v 0.135613 0.190192 -0.015495
v 0.137118 0.189696 -0.010588
v -0.143715 0.195620 -0.016239
v -0.145400 0.195408 -0.009670
v 0.123227 0.199242 -0.016293
v 0.124595 0.199122 -0.009235
v 0.131417 0.195408 -0.009670
v 0.129732 0.195620 -0.016239
v -0.133773 0.200371 -0.016349
v -0.137211 0.199242 -0.016293
v -0.138578 0.199122 -0.009235
v -0.134837 0.200406 -0.008810
v -0.129547 0.201759 -0.015494
v -0.131065 0.201541 -0.009052
v 0.117081 0.201541 -0.009052
v 0.120853 0.200406 -0.008810
v 0.119789 0.200371 -0.016349
v 0.115563 0.201759 -0.015494
v 0.123227 0.199242 -0.016293
v 0.129732 0.195620 -0.016239
v 0.115563 0.201759 -0.015494
v 0.119789 0.200371 -0.016349
v 0.106542 0.200953 -0.016475
v 0.071621 0.199319 -0.016459
v 0.018845 0.197345 -0.016213
v -0.006992 0.196522 -0.016351
v -0.032829 0.197345 -0.016213
v -0.085605 0.199319 -0.016459
v -0.120526 0.200953 -0.016475
v -0.129547 0.201759 -0.015494
v -0.133773 0.200371 -0.016349
v -0.137211 0.199242 -0.016293
v -0.143715 0.195620 -0.016239
v -0.142052 0.191757 -0.016683
v -0.120869 0.201726 -0.009794
v -0.120526 0.200953 -0.016475
v 0.106542 0.200953 -0.016475
v 0.106885 0.201726 -0.009794
v -0.086281 0.200263 -0.009781
v -0.085605 0.199319 -0.016459
v 0.071621 0.199319 -0.016459
v 0.072297 0.200263 -0.009781
v -0.032950 0.198083 -0.009252
v -0.032829 0.197345 -0.016213
v 0.018845 0.197345 -0.016213
v 0.018966 0.198083 -0.009252
v -0.006992 0.197413 -0.009843
v -0.006992 0.196522 -0.016351
v -0.148188 0.184596 -0.007992
v -0.151101 0.189696 -0.010588
v -0.157501 0.175359 -0.009639
v -0.153206 0.179087 -0.006064
v 0.139222 0.179087 -0.006064
v 0.143517 0.175359 -0.009639
v 0.137118 0.189696 -0.010588
v 0.134204 0.184596 -0.007992
v -0.153023 0.176546 -0.003308
v -0.157250 0.173180 -0.004543
v 0.143266 0.173180 -0.004543
v 0.139039 0.176546 -0.003308
v -0.152140 0.175424 0.000000
v -0.156935 0.172087 0.000000
v 0.142951 0.172087 0.000000
v 0.138156 0.175424 0.000000
v -0.145400 0.195408 -0.009670
v -0.143243 0.187799 -0.008259
v 0.124595 0.199122 -0.009235
v 0.124019 0.189651 -0.008260
v 0.129259 0.187799 -0.008259
v 0.131417 0.195408 -0.009670
v -0.134837 0.200406 -0.008810
v -0.138578 0.199122 -0.009235
v -0.138003 0.189651 -0.008260
v -0.134992 0.189720 -0.008260
v -0.145214 0.178192 -0.005147
v -0.142892 0.180952 -0.007474
v 0.128908 0.180952 -0.007474
v 0.131230 0.178192 -0.005147
v -0.144786 0.176255 -0.003052
v 0.130802 0.176255 -0.003052
v -0.140481 0.174727 0.000000
v 0.126498 0.174727 0.000000
v -0.130082 0.187074 -0.008260
v -0.139276 0.184941 -0.008259
v -0.130681 0.181730 -0.008260
v 0.116658 0.177304 -0.007315
v 0.125293 0.184941 -0.008259
v 0.116698 0.181730 -0.008260
v -0.131394 0.174751 -0.004511
v -0.130641 0.177304 -0.007315
v 0.117410 0.174751 -0.004511
v -0.131776 0.173727 -0.002096
v 0.117792 0.173727 -0.002096
v -0.131386 0.173189 0.000000
v 0.117402 0.173189 0.000000
v -0.131065 0.201541 -0.009052
v 0.116098 0.187074 -0.008260
v 0.121009 0.189720 -0.008260
v 0.120853 0.200406 -0.008810
v 0.117081 0.201541 -0.009052
v -0.127413 0.188296 -0.008250
v -0.120869 0.201726 -0.009794
v 0.106885 0.201726 -0.009794
v 0.113429 0.188296 -0.008250
v -0.119438 0.190994 -0.008259
v -0.122546 0.185188 -0.008259
v 0.108562 0.185188 -0.008259
v 0.105455 0.190994 -0.008259
v -0.127033 0.156416 -0.002574
v 0.113049 0.156416 -0.002574
v -0.126749 0.157198 -0.000000
v 0.112765 0.157198 -0.000000
v -0.119086 0.174538 -0.008259
v 0.105102 0.174538 -0.008259
v -0.113836 0.172641 -0.008259
v 0.099852 0.172641 -0.008259
v -0.116843 0.143473 -0.009668
v 0.102860 0.143473 -0.009668
v -0.127877 0.137542 -0.007919
v 0.113894 0.137542 -0.007919
v -0.128220 0.139004 -0.003412
v 0.114236 0.139004 -0.003412
v -0.127916 0.139524 -0.000000
v 0.113933 0.139524 -0.000000
v -0.127085 0.124167 -0.003256
v -0.126379 0.123887 -0.006818
v 0.112395 0.123887 -0.006818
v 0.113102 0.124167 -0.003256
v -0.127317 0.124316 0.000000
v 0.113333 0.124316 0.000000
v -0.121675 0.121354 -0.008136
v 0.107691 0.121354 -0.008136
v -0.125027 0.114395 -0.003050
v -0.124954 0.114123 -0.006769
v -0.125078 0.118737 -0.006318
v -0.125126 0.119069 -0.003099
v 0.111095 0.118737 -0.006318
v 0.111142 0.119069 -0.003099
v -0.124320 0.098544 -0.003093
v -0.124335 0.098626 -0.006454
v 0.110351 0.098626 -0.006454
v 0.110336 0.098544 -0.003093
v 0.111043 0.114395 -0.003050
v 0.110970 0.114123 -0.006769
v -0.120648 0.113196 -0.007177
v -0.121017 0.117058 -0.007245
v 0.107033 0.117058 -0.007245
v -0.121489 0.096750 -0.006610
v 0.106665 0.113196 -0.007177
v 0.107505 0.096750 -0.006610
v -0.125046 0.114711 0.000000
v -0.125144 0.119349 0.000000
v 0.111160 0.119349 0.000000
v -0.124342 0.098559 -0.000000
v 0.111062 0.114711 0.000000
v 0.110358 0.098559 -0.000000
v -0.121457 0.096670 -0.003739
v 0.107473 0.096670 -0.003739
v -0.121764 0.096871 -0.000000
v 0.107781 0.096871 -0.000000
v -0.110829 0.089770 -0.003667
v -0.110985 0.091291 -0.006850
v 0.097002 0.091291 -0.006850
v 0.096846 0.089770 -0.003667
v -0.111059 0.089875 -0.000000
v 0.097076 0.089875 -0.000000
v -0.105351 0.112853 -0.007304
v 0.091368 0.112853 -0.007304
v -0.108834 0.113253 -0.012542
v 0.097882 0.119657 -0.012654
v 0.094850 0.113253 -0.012542
v -0.111438 0.139072 -0.010809
v -0.111865 0.119657 -0.012654
v 0.097454 0.139072 -0.010809
v -0.092953 0.141227 -0.011360
v -0.098448 0.120900 -0.015042
v 0.084464 0.120900 -0.015042
v 0.078969 0.141227 -0.011360
v -0.090865 0.110991 -0.007275
v -0.094223 0.113102 -0.014366
v 0.080239 0.113102 -0.014366
v -0.094912 0.090698 -0.006840
v 0.080928 0.090698 -0.006840
v 0.076882 0.110991 -0.007275
v -0.097407 0.088787 -0.003508
v 0.083423 0.088787 -0.003508
v -0.098310 0.088819 -0.000000
v 0.084327 0.088819 -0.000000
v -0.031759 0.110188 -0.007301
v -0.006992 0.109411 -0.007861
v -0.006992 0.111150 -0.015042
v -0.032754 0.111970 -0.014513
v 0.017775 0.110188 -0.007301
v 0.018770 0.111970 -0.014513
v -0.045245 0.094225 -0.006991
v -0.006992 0.096544 -0.007030
v 0.031261 0.094225 -0.006991
v -0.006992 0.128565 -0.013511
v -0.034007 0.126292 -0.013884
v 0.020023 0.126292 -0.013884
v -0.006992 0.143061 -0.011199
v -0.032384 0.142521 -0.011263
v 0.018400 0.142521 -0.011263
v -0.085774 0.189996 -0.008269
v -0.086281 0.200263 -0.009781
v 0.072297 0.200263 -0.009781
v 0.071790 0.189996 -0.008269
v -0.084114 0.171413 -0.008335
v 0.070131 0.171413 -0.008335
v -0.029773 0.170817 -0.008287
v -0.006992 0.170568 -0.008282
v -0.006992 0.183490 -0.008266
v -0.030263 0.185412 -0.008273
v 0.015789 0.170817 -0.008287
v 0.016279 0.185412 -0.008273
v -0.032950 0.198083 -0.009252
v 0.018966 0.198083 -0.009252
v -0.006992 0.197413 -0.009843
v -0.052972 0.087195 -0.003881
v 0.038988 0.087195 -0.003881
v -0.053206 0.087203 -0.000000
v 0.039222 0.087203 -0.000000
v -0.006992 0.085586 -0.000000
v -0.006992 0.085601 -0.004948
v -0.157451 0.002162 0.000000
v -0.156937 0.001996 -0.006422
v -0.145062 0.000225 -0.006073
v -0.145079 0.000265 -0.000000
v 0.131095 0.000265 -0.000000
v 0.131078 0.000225 -0.006073
v 0.142954 0.001996 -0.006422
v 0.143467 0.002162 0.000000
v -0.157092 0.001525 -0.011977
v -0.152731 0.000534 -0.015740
v 0.138747 0.000534 -0.015740
v 0.143108 0.001525 -0.011977
v -0.138301 0.001095 -0.016135
v -0.134527 0.000099 -0.006889
v 0.120543 0.000099 -0.006889
v 0.124318 0.001095 -0.016135
v -0.133185 0.000276 -0.000000
v 0.119201 0.000276 -0.000000
v -0.123617 0.000711 -0.015511
v -0.120821 0.000246 -0.006287
v 0.106837 0.000246 -0.006287
v 0.109633 0.000711 -0.015511
v -0.121986 0.000272 -0.000000
v 0.108002 0.000272 -0.000000
v -0.096174 0.000690 -0.015233
v -0.096731 0.000098 -0.006826
v 0.082747 0.000098 -0.006826
v 0.082190 0.000690 -0.015233
v -0.097308 0.000274 0.000000
v 0.083324 0.000275 0.000000
v -0.042518 0.000775 -0.015587
v -0.043922 0.000044 -0.006951
v 0.029938 0.000044 -0.006951
v 0.028535 0.000775 -0.015587
v -0.006992 0.000336 -0.015215
v -0.006992 0.000000 -0.007243
v -0.044878 0.000307 -0.000000
v 0.030895 0.000307 -0.000000
v -0.006992 0.000133 -0.000000
v 0.019547 0.195118 0.016840
v -0.006992 0.194437 0.016747
v -0.006992 0.189348 0.016956
v 0.021241 0.189643 0.017152
v -0.033531 0.195118 0.016840
v -0.035225 0.189643 0.017152
v -0.006992 0.173715 0.016279
v 0.022387 0.174539 0.017059
v -0.036371 0.174539 0.017059
v -0.006992 0.154376 0.019984
v 0.023898 0.155349 0.019311
v -0.037881 0.155349 0.019311
v -0.006992 0.133849 0.022139
v 0.024027 0.133660 0.022602
v -0.038011 0.133660 0.022602
v -0.006992 0.112431 0.025905
v 0.023688 0.113799 0.025471
v -0.037672 0.113799 0.025471
v -0.006992 0.091517 0.027867
v 0.024512 0.092688 0.027635
v -0.038495 0.092688 0.027635
v -0.006992 0.065233 0.026601
v 0.024422 0.065559 0.026419
v -0.038405 0.065559 0.026419
v -0.006992 0.037629 0.023813
v 0.023650 0.037945 0.023696
v -0.037634 0.037945 0.023696
v -0.006992 0.018019 0.022142
v 0.024661 0.017996 0.021852
v -0.038645 0.017996 0.021852
v -0.006992 0.009528 0.021495
v 0.026511 0.010726 0.021735
v -0.040494 0.010726 0.021735
v 0.072356 0.197216 0.016714
v 0.074123 0.192136 0.017052
v -0.086339 0.197216 0.016714
v -0.088107 0.192136 0.017052
v 0.074139 0.175142 0.017024
v -0.088123 0.175142 0.017024
v 0.073238 0.159314 0.017324
v -0.087222 0.159314 0.017324
v 0.074747 0.135359 0.022215
v -0.088730 0.135359 0.022215
v 0.077247 0.115663 0.024638
v -0.091231 0.115663 0.024638
v 0.081760 0.095235 0.026046
v -0.095744 0.095235 0.026046
v 0.087354 0.068204 0.024889
v -0.101338 0.068204 0.024889
v 0.088132 0.043050 0.022862
v -0.102116 0.043050 0.022862
v 0.086458 0.022243 0.021413
v -0.100442 0.022243 0.021413
v 0.085223 0.012069 0.021189
v -0.099207 0.012069 0.021189
v 0.104127 0.188630 0.017110
v 0.105871 0.197538 0.016740
v -0.118110 0.188630 0.017110
v -0.119855 0.197538 0.016740
v 0.100315 0.177028 0.017182
v -0.114299 0.177028 0.017182
v 0.110484 0.190226 0.017038
v 0.114670 0.198570 0.016652
v -0.128653 0.198570 0.016652
v -0.124467 0.190226 0.017038
v 0.100618 0.162187 0.017628
v -0.114601 0.162187 0.017628
v 0.101922 0.152987 0.018274
v -0.115905 0.152987 0.018274
v 0.096277 0.121926 0.024331
v -0.110261 0.121926 0.024331
v 0.101004 0.096149 0.026551
v -0.114988 0.096149 0.026551
v 0.106495 0.070484 0.025797
v -0.120479 0.070484 0.025797
v 0.109872 0.045930 0.023800
v -0.123856 0.045930 0.023800
v 0.113450 0.024639 0.022308
v -0.127433 0.024639 0.022308
v 0.112572 0.012322 0.021732
v -0.126556 0.012322 0.021732
v 0.125269 0.131894 0.022474
v 0.119295 0.153764 0.018807
v 0.113767 0.150877 0.019220
v 0.121786 0.125962 0.023680
v -0.121022 0.151068 0.018938
v -0.125185 0.124137 0.024448
v 0.107039 0.151068 0.018938
v 0.111201 0.124137 0.024448
v -0.135770 0.125962 0.023680
v -0.127751 0.150877 0.019220
v -0.133279 0.153764 0.018807
v -0.139253 0.131894 0.022474
v 0.122102 0.195337 0.016840
v 0.119776 0.187109 0.017030
v 0.121856 0.183410 0.017196
v 0.128069 0.191757 0.016683
v -0.132691 0.196912 0.016771
v -0.130618 0.189498 0.017031
v 0.137060 0.119931 0.023653
v 0.135636 0.140984 0.020083
v 0.132071 0.146569 0.019746
v -0.149619 0.140984 0.020083
v -0.151044 0.119931 0.023653
v -0.146054 0.146569 0.019746
v 0.121214 0.161408 0.017806
v -0.135198 0.161408 0.017806
v 0.135546 0.166059 0.017309
v 0.138637 0.161789 0.016021
v -0.149530 0.166059 0.017309
v -0.152620 0.161789 0.016021
v -0.135840 0.183410 0.017196
v 0.141927 0.176872 0.014764
v 0.136884 0.179188 0.016691
v -0.155911 0.176872 0.014764
v -0.150867 0.179188 0.016691
v 0.133728 0.187715 0.016674
v 0.135613 0.190192 0.015495
v -0.147712 0.187715 0.016674
v -0.149597 0.190192 0.015495
v 0.119730 0.097850 0.026549
v 0.124058 0.071837 0.026023
v 0.141126 0.072394 0.024597
v 0.139192 0.099098 0.024656
v -0.133714 0.097850 0.026549
v -0.138042 0.071837 0.026023
v 0.128631 0.046544 0.024361
v 0.144812 0.047146 0.022362
v -0.142615 0.046544 0.024361
v -0.153176 0.099098 0.024656
v 0.148581 0.023927 0.020514
v 0.131219 0.024221 0.022547
v -0.145203 0.024221 0.022547
v 0.131245 0.012018 0.022222
v 0.149540 0.012117 0.020336
v -0.145229 0.012018 0.022222
v -0.138301 0.001095 0.016135
v -0.123617 0.000711 0.015511
v -0.096174 0.000690 0.015233
v -0.042518 0.000775 0.015587
v -0.006992 0.000336 0.015215
v 0.028535 0.000775 0.015587
v 0.082190 0.000690 0.015233
v 0.109633 0.000711 0.015511
v 0.124318 0.001095 0.016135
v 0.138747 0.000534 0.015740
v -0.155109 0.072394 0.024597
v -0.158796 0.047146 0.022362
v -0.162564 0.023927 0.020514
v -0.163524 0.012117 0.020336
v -0.152731 0.000534 0.015740
v 0.108644 0.158831 0.018280
v 0.108220 0.155083 0.019524
v 0.113877 0.155501 0.019368
v 0.114260 0.159282 0.018013
v -0.127832 0.153549 0.019565
v -0.121450 0.152650 0.019519
v -0.122203 0.155083 0.019524
v -0.127861 0.155501 0.019368
v 0.104533 0.160454 0.017893
v -0.117045 0.161549 0.018736
v -0.118516 0.160454 0.017893
v 0.118046 0.161408 0.018729
v -0.133382 0.161418 0.018636
v -0.132030 0.161408 0.018729
v 0.118383 0.179980 0.018116
v 0.115775 0.179755 0.017098
v -0.133912 0.181411 0.018208
v -0.132367 0.179980 0.018116
v 0.106845 0.176465 0.017355
v 0.105715 0.176563 0.017325
v -0.119699 0.176563 0.017325
v -0.117371 0.176762 0.018289
v 0.108652 0.183402 0.017993
v 0.106507 0.186117 0.018447
v -0.120491 0.186117 0.018447
v -0.119465 0.187216 0.018253
v 0.112072 0.187312 0.018414
v 0.111883 0.184386 0.018173
v -0.126056 0.187312 0.018414
v -0.125408 0.188674 0.018242
v 0.117399 0.183654 0.018301
v 0.115093 0.181488 0.016966
v -0.128986 0.186237 0.018349
v -0.129720 0.187703 0.018197
v 0.109095 0.182796 0.013192
v 0.108501 0.175783 0.013288
v 0.109612 0.175260 0.010083
v 0.110561 0.182733 0.009375
v -0.120829 0.176465 0.017355
v -0.122636 0.183402 0.017993
v -0.123078 0.182796 0.013192
v -0.122485 0.175783 0.013288
v 0.109974 0.150596 0.009761
v 0.109279 0.156980 0.014354
v -0.123263 0.156980 0.014354
v -0.122627 0.158831 0.018280
v 0.114879 0.178975 0.008986
v 0.113659 0.154855 0.008361
v 0.113710 0.156970 0.011896
v 0.115288 0.178837 0.013260
v -0.127694 0.156970 0.011896
v -0.129272 0.178837 0.013260
v -0.129758 0.179755 0.017098
v -0.128243 0.159282 0.018013
v 0.115381 0.180902 0.013341
v 0.115353 0.181572 0.009481
v -0.127391 0.183213 0.017659
v -0.129500 0.183339 0.013437
v -0.127007 0.185044 0.013418
v -0.125867 0.184386 0.018173
v 0.112741 0.186264 0.010049
v 0.113023 0.185044 0.013418
v 0.109279 0.156980 0.014354
v 0.108501 0.175783 0.013288
v 0.113710 0.156970 0.011896
v 0.115288 0.178837 0.013260
v 0.115381 0.180902 0.013341
v 0.109095 0.182796 0.013192
v 0.113023 0.185044 0.013418
v -0.123596 0.175260 0.010083
v -0.123958 0.150596 0.009761
v -0.123263 0.156980 0.014354
v -0.122485 0.175783 0.013288
v -0.127694 0.156970 0.011896
v -0.127643 0.154855 0.008361
v -0.128863 0.178975 0.008986
v -0.129272 0.178837 0.013260
v -0.126724 0.186264 0.010049
v -0.127007 0.185044 0.013418
v -0.129500 0.183339 0.013437
v -0.129812 0.184643 0.010043
v -0.123078 0.182796 0.013192
v -0.124544 0.182733 0.009375
v 0.116634 0.189498 0.017031
v 0.118707 0.196912 0.016771
v 0.115003 0.186237 0.018349
v 0.113408 0.183213 0.017659
v 0.115516 0.183339 0.013437
v 0.115828 0.184643 0.010043
v 0.115516 0.183339 0.013437
v -0.136085 0.195337 0.016840
v -0.133760 0.187109 0.017030
v -0.131383 0.183654 0.018301
v -0.132449 0.185132 0.018159
v -0.129077 0.181488 0.016966
v -0.129365 0.180902 0.013341
v -0.129365 0.180902 0.013341
v -0.129337 0.181572 0.009481
v -0.157501 0.175359 0.009639
v -0.155189 0.160090 0.010346
v -0.152620 0.161789 0.016021
v -0.155911 0.176872 0.014764
v 0.141206 0.160090 0.010346
v 0.143517 0.175359 0.009639
v 0.141927 0.176872 0.014764
v 0.138637 0.161789 0.016021
v -0.157250 0.173180 0.004543
v -0.154194 0.157578 0.004365
v 0.140210 0.157578 0.004365
v 0.143266 0.173180 0.004543
v -0.152689 0.140408 0.014286
v -0.149619 0.140984 0.020083
v 0.138705 0.140408 0.014286
v 0.135636 0.140984 0.020083
v -0.152788 0.139066 0.005930
v 0.138805 0.139066 0.005930
v -0.151044 0.119931 0.023653
v -0.153987 0.118305 0.016522
v 0.137060 0.119931 0.023653
v 0.140003 0.118305 0.016522
v -0.153663 0.117335 0.006288
v 0.139679 0.117335 0.006288
v -0.155342 0.097871 0.016090
v -0.153176 0.099098 0.024656
v 0.139192 0.099098 0.024656
v 0.141359 0.097871 0.016090
v -0.154712 0.095933 0.006660
v 0.140729 0.095933 0.006660
v -0.155109 0.072394 0.024597
v -0.158068 0.072938 0.015221
v 0.141126 0.072394 0.024597
v 0.144084 0.072938 0.015221
v -0.156963 0.071628 0.006481
v 0.142980 0.071628 0.006481
v -0.158796 0.047146 0.022362
v -0.160798 0.047363 0.015066
v 0.144812 0.047146 0.022362
v 0.146814 0.047363 0.015066
v -0.160075 0.046052 0.006679
v 0.146091 0.046052 0.006679
v -0.164144 0.023605 0.013536
v -0.162564 0.023927 0.020514
v 0.150160 0.023605 0.013536
v 0.148581 0.023927 0.020514
v -0.163741 0.022693 0.006366
v 0.149758 0.022693 0.006366
v -0.163524 0.012117 0.020336
v -0.164835 0.011674 0.013798
v 0.149540 0.012117 0.020336
v 0.150852 0.011674 0.013798
v -0.164163 0.011494 0.006656
v 0.150180 0.011494 0.006656
v -0.157092 0.001525 0.011977
v -0.152731 0.000534 0.015740
v 0.143108 0.001525 0.011977
v 0.138747 0.000534 0.015740
v -0.156937 0.001996 0.006422
v 0.142954 0.001996 0.006422
v -0.151101 0.189696 0.010588
v -0.157501 0.175359 0.009639
v -0.155911 0.176872 0.014764
v -0.149597 0.190192 0.015495
v 0.143517 0.175359 0.009639
v 0.137118 0.189696 0.010588
v 0.135613 0.190192 0.015495
v 0.141927 0.176872 0.014764
v -0.143715 0.195620 0.016239
v -0.145400 0.195408 0.009670
v 0.123227 0.199242 0.016293
v 0.129732 0.195620 0.016239
v 0.131417 0.195408 0.009670
v 0.124595 0.199122 0.009235
v -0.133773 0.200371 0.016349
v -0.134837 0.200406 0.008810
v -0.138578 0.199122 0.009235
v -0.137211 0.199242 0.016293
v -0.129547 0.201759 0.015494
v -0.131065 0.201541 0.009052
v 0.117081 0.201541 0.009052
v 0.115563 0.201759 0.015494
v 0.119789 0.200371 0.016349
v 0.120853 0.200406 0.008810
v 0.123227 0.199242 0.016293
v 0.129732 0.195620 0.016239
v 0.119789 0.200371 0.016349
v 0.115563 0.201759 0.015494
v 0.106542 0.200953 0.016475
v 0.071621 0.199319 0.016459
v 0.018845 0.197345 0.016213
v -0.006992 0.196522 0.016351
v -0.032829 0.197345 0.016213
v -0.085605 0.199319 0.016459
v -0.120526 0.200953 0.016475
v -0.129547 0.201759 0.015494
v -0.133773 0.200371 0.016349
v -0.137211 0.199242 0.016293
v -0.142052 0.191757 0.016683
v -0.143715 0.195620 0.016239
v -0.120869 0.201726 0.009794
v -0.120526 0.200953 0.016475
v 0.106885 0.201726 0.009794
v 0.106542 0.200953 0.016475
v -0.086281 0.200263 0.009781
v -0.085605 0.199319 0.016459
v 0.072297 0.200263 0.009781
v 0.071621 0.199319 0.016459
v -0.032829 0.197345 0.016213
v -0.032950 0.198083 0.009252
v 0.018845 0.197345 0.016213
v 0.018966 0.198083 0.009252
v -0.006992 0.197413 0.009843
v -0.006992 0.196522 0.016351
v -0.148188 0.184596 0.007992
v -0.153206 0.179087 0.006064
v -0.157501 0.175359 0.009639
v -0.151101 0.189696 0.010588
v 0.139222 0.179087 0.006064
v 0.134204 0.184596 0.007992
v 0.137118 0.189696 0.010588
v 0.143517 0.175359 0.009639
v -0.153023 0.176546 0.003308
v -0.157250 0.173180 0.004543
v 0.143266 0.173180 0.004543
v 0.139039 0.176546 0.003308
v -0.152140 0.175424 0.000000
v -0.156935 0.172087 0.000000
v 0.142951 0.172087 0.000000
v 0.138156 0.175424 0.000000
v -0.145400 0.195408 0.009670
v -0.143243 0.187799 0.008259
v 0.124595 0.199122 0.009235
v 0.131417 0.195408 0.009670
v 0.129259 0.187799 0.008259
v 0.124019 0.189651 0.008260
v -0.134837 0.200406 0.008810
v -0.134992 0.189720 0.008260
v -0.138003 0.189651 0.008260
v -0.138578 0.199122 0.009235
v -0.145214 0.178192 0.005147
v -0.142892 0.180952 0.007474
v 0.131230 0.178192 0.005147
v 0.128908 0.180952 0.007474
v -0.144786 0.176255 0.003052
v 0.130802 0.176255 0.003052
v -0.140481 0.174727 0.000000
v 0.126498 0.174727 0.000000
v -0.130082 0.187074 0.008260
v -0.130681 0.181730 0.008260
v -0.139276 0.184941 0.008259
v 0.116658 0.177304 0.007315
v 0.116698 0.181730 0.008260
v 0.125293 0.184941 0.008259
v -0.131394 0.174751 0.004511
v -0.130641 0.177304 0.007315
v 0.117410 0.174751 0.004511
v -0.131776 0.173727 0.002096
v 0.117792 0.173727 0.002096
v -0.131386 0.173189 0.000000
v 0.117402 0.173189 0.000000
v -0.131065 0.201541 0.009052
v 0.116098 0.187074 0.008260
v 0.117081 0.201541 0.009052
v 0.120853 0.200406 0.008810
v 0.121009 0.189720 0.008260
v -0.120869 0.201726 0.009794
v -0.127413 0.188296 0.008250
v 0.113429 0.188296 0.008250
v 0.106885 0.201726 0.009794
v -0.119438 0.190994 0.008259
v -0.122546 0.185188 0.008259
v 0.108562 0.185188 0.008259
v 0.105455 0.190994 0.008259
v -0.127033 0.156416 0.002574
v 0.113049 0.156416 0.002574
v -0.126749 0.157198 -0.000000
v 0.112765 0.157198 -0.000000
v -0.119086 0.174538 0.008259
v 0.105102 0.174538 0.008259
v -0.113836 0.172641 0.008260
v 0.099852 0.172641 0.008260
v -0.116843 0.143473 0.009668
v 0.102860 0.143473 0.009668
v -0.127877 0.137542 0.007919
v 0.113894 0.137542 0.007919
v -0.128220 0.139004 0.003412
v 0.114236 0.139004 0.003412
v -0.127916 0.139524 -0.000000
v 0.113933 0.139524 -0.000000
v -0.126379 0.123887 0.006818
v -0.127085 0.124167 0.003256
v 0.112395 0.123887 0.006818
v 0.113102 0.124167 0.003256
v -0.127317 0.124316 0.000000
v 0.113333 0.124316 0.000000
v -0.121675 0.121354 0.008136
v 0.107691 0.121354 0.008136
v -0.125027 0.114395 0.003050
v -0.125126 0.119069 0.003099
v -0.125078 0.118737 0.006318
v -0.124954 0.114123 0.006769
v 0.111142 0.119069 0.003099
v 0.111095 0.118737 0.006318
v -0.124335 0.098626 0.006454
v -0.124320 0.098544 0.003093
v 0.110351 0.098626 0.006454
v 0.110970 0.114123 0.006769
v 0.111043 0.114395 0.003050
v 0.110336 0.098544 0.003093
v -0.121017 0.117058 0.007245
v -0.120648 0.113196 0.007177
v 0.107033 0.117058 0.007245
v -0.121489 0.096750 0.006610
v 0.107505 0.096750 0.006610
v 0.106665 0.113196 0.007177
v -0.125046 0.114711 0.000000
v -0.125144 0.119349 0.000000
v 0.111160 0.119349 0.000000
v -0.124342 0.098559 -0.000000
v 0.111062 0.114711 0.000000
v 0.110358 0.098559 -0.000000
v -0.121457 0.096670 0.003739
v 0.107473 0.096670 0.003739
v -0.121764 0.096871 -0.000000
v 0.107781 0.096871 -0.000000
v -0.110985 0.091291 0.006850
v -0.110829 0.089770 0.003667
v 0.097002 0.091291 0.006850
v 0.096846 0.089770 0.003667
v -0.111059 0.089875 -0.000000
v 0.097076 0.089875 -0.000000
v -0.105351 0.112853 0.007304
v 0.091368 0.112853 0.007304
v -0.108834 0.113253 0.012542
v 0.097882 0.119657 0.012654
v 0.094850 0.113253 0.012542
v -0.111438 0.139072 0.010809
v -0.111865 0.119657 0.012654
v 0.097454 0.139072 0.010809
v -0.092953 0.141227 0.011360
v -0.098448 0.120900 0.015042
v 0.084464 0.120900 0.015042
v 0.078969 0.141227 0.011360
v -0.094223 0.113102 0.014366
v -0.090865 0.110991 0.007275
v 0.080239 0.113102 0.014366
v -0.094912 0.090698 0.006840
v 0.080928 0.090698 0.006840
v 0.076882 0.110991 0.007275
v -0.097407 0.088787 0.003508
v 0.083423 0.088787 0.003508
v -0.098310 0.088819 -0.000000
v 0.084327 0.088819 -0.000000
v -0.031759 0.110188 0.007301
v -0.032754 0.111970 0.014513
v -0.006992 0.111150 0.015042
v -0.006992 0.109411 0.007861
v 0.017775 0.110188 0.007301
v 0.018770 0.111970 0.014513
v -0.045245 0.094225 0.006991
v -0.006992 0.096544 0.007030
v 0.031261 0.094225 0.006991
v -0.034007 0.126292 0.013884
v -0.006992 0.128565 0.013511
v 0.020023 0.126292 0.013884
v -0.006992 0.143061 0.011199
v -0.032384 0.142521 0.011263
v 0.018400 0.142521 0.011263
v -0.085774 0.189996 0.008269
v -0.086281 0.200263 0.009781
v 0.071790 0.189996 0.008269
v 0.072297 0.200263 0.009781
v -0.084114 0.171413 0.008335
v 0.070131 0.171413 0.008335
v -0.029773 0.170817 0.008287
v -0.030263 0.185412 0.008273
v -0.006992 0.183490 0.008266
v -0.006992 0.170568 0.008282
v 0.015789 0.170817 0.008287
v 0.016279 0.185412 0.008273
v -0.032950 0.198083 0.009252
v 0.018966 0.198083 0.009252
v -0.006992 0.197413 0.009843
v -0.052972 0.087195 0.003881
v 0.038988 0.087195 0.003881
v -0.053206 0.087203 -0.000000
v 0.039222 0.087203 -0.000000
v -0.006992 0.085601 0.004948
v -0.006992 0.085586 -0.000000
v -0.145062 0.000225 0.006073
v -0.156937 0.001996 0.006422
v 0.142954 0.001996 0.006422
v 0.131078 0.000225 0.006073
v -0.152731 0.000534 0.015740
v -0.157092 0.001525 0.011977
v 0.138747 0.000534 0.015740
v 0.143108 0.001525 0.011977
v -0.134527 0.000099 0.006889
v -0.138301 0.001095 0.016135
v 0.120543 0.000099 0.006889
v 0.124318 0.001095 0.016135
v -0.120821 0.000246 0.006287
v -0.123617 0.000711 0.015511
v 0.109633 0.000711 0.015511
v 0.106837 0.000246 0.006287
v -0.096174 0.000690 0.015233
v -0.096731 0.000098 0.006826
v 0.082190 0.000690 0.015233
v 0.082747 0.000098 0.006826
v -0.043922 0.000044 0.006951
v -0.042518 0.000775 0.015587
v 0.029938 0.000044 0.006951
v 0.028535 0.000775 0.015587
v -0.006992 0.000000 0.007243
v -0.006992 0.000336 0.015215
v 0.103387 0.176762 0.018289
v 0.105481 0.187216 0.018253
v 0.103061 0.161549 0.018736
v 0.107466 0.152650 0.019519
v 0.113848 0.153549 0.019565
v 0.119399 0.161418 0.018636
v 0.119928 0.181411 0.018208
v 0.118466 0.185132 0.018159
v 0.115737 0.187703 0.018197
v 0.111425 0.188674 0.018242
v -0.097005 0.239916 0.022787
v -0.096507 0.183218 0.022655
v -0.086908 0.178583 0.023408
v -0.086379 0.236345 0.024894
v 0.071687 0.177961 0.023540
v 0.082523 0.183218 0.022655
v 0.083022 0.239916 0.022787
v 0.072395 0.236345 0.024894
v -0.074632 0.182673 0.022885
v -0.074647 0.239341 0.023504
v 0.060648 0.182673 0.022885
v 0.060663 0.239341 0.023504
v -0.097117 0.240213 0.019201
v -0.096836 0.183277 0.018292
v 0.079161 0.183240 0.017400
v 0.083134 0.240213 0.019201
v -0.085907 0.258360 0.025783
v -0.075151 0.256413 0.023908
v 0.071923 0.258360 0.025783
v 0.061167 0.256413 0.023908
v -0.096622 0.258819 0.022781
v 0.082638 0.258819 0.022781
v -0.096554 0.258036 0.018537
v 0.082570 0.258036 0.018537
v -0.073621 0.183413 0.018924
v -0.074169 0.238995 0.019689
v 0.060185 0.238995 0.019689
v 0.063084 0.183316 0.017444
v -0.073744 0.255762 0.019830
v 0.059760 0.255762 0.019830
v -0.092166 0.279228 0.017546
v -0.091855 0.279522 0.022016
v 0.078182 0.279228 0.017546
v 0.077871 0.279522 0.022016
v -0.082252 0.277279 0.025254
v 0.068268 0.277279 0.025254
v -0.070964 0.275229 0.023353
v 0.056980 0.275229 0.023353
v -0.068819 0.273867 0.019925
v 0.054836 0.273867 0.019925
v -0.083571 0.297673 0.017263
v -0.082804 0.297624 0.021230
v 0.069588 0.297673 0.017263
v 0.068820 0.297624 0.021230
v -0.075133 0.293112 0.024354
v 0.061150 0.293112 0.024354
v -0.064312 0.289320 0.022930
v 0.050328 0.289320 0.022930
v -0.061129 0.288062 0.019945
v 0.047146 0.288062 0.019945
v -0.071622 0.312820 0.016649
v -0.070219 0.312946 0.020631
v 0.057638 0.312820 0.016649
v 0.056235 0.312946 0.020631
v -0.063592 0.306641 0.023693
v 0.049608 0.306641 0.023693
v -0.056296 0.300631 0.022701
v 0.042312 0.300631 0.022701
v -0.052550 0.297797 0.019060
v 0.038566 0.297797 0.019060
v -0.055752 0.326024 0.016845
v -0.054174 0.325030 0.020420
v 0.041769 0.326024 0.016845
v 0.040190 0.325030 0.020420
v -0.049992 0.318056 0.023057
v 0.036008 0.318056 0.023057
v -0.046138 0.309262 0.022329
v 0.032154 0.309262 0.022329
v -0.042937 0.305466 0.018954
v 0.028953 0.305466 0.018954
v -0.025799 0.318025 0.021719
v -0.024070 0.314180 0.019225
v 0.011816 0.318025 0.021719
v 0.010087 0.314180 0.019225
v -0.006992 0.316573 0.019980
v -0.006992 0.320605 0.021676
v -0.029012 0.325363 0.022808
v 0.015028 0.325363 0.022808
v -0.006992 0.329488 0.022543
v -0.033486 0.333307 0.020581
v 0.019502 0.333307 0.020581
v -0.006992 0.337284 0.020346
v -0.036085 0.335554 0.016128
v 0.022101 0.335554 0.016128
v -0.006992 0.340000 0.015400
v -0.084576 0.256001 0.015929
v -0.084890 0.237516 0.017448
v 0.070906 0.237516 0.017448
v 0.070592 0.256001 0.015929
v -0.078345 0.255775 0.016742
v -0.078844 0.238263 0.017600
v 0.064860 0.238263 0.017600
v 0.064362 0.255775 0.016742
v -0.082670 0.274729 0.014289
v 0.068686 0.274729 0.014289
v -0.074521 0.273958 0.015446
v 0.060538 0.273958 0.015446
v -0.075475 0.291032 0.013479
v 0.061491 0.291032 0.013479
v -0.066951 0.288829 0.014661
v 0.052968 0.288829 0.014661
v -0.064921 0.306712 0.012863
v 0.050937 0.306712 0.012863
v -0.057510 0.301110 0.013859
v 0.043526 0.301110 0.013859
v -0.050756 0.316520 0.012147
v 0.036772 0.316520 0.012147
v -0.046146 0.309296 0.013637
v 0.032162 0.309296 0.013637
v 0.017631 0.324852 0.011634
v -0.031615 0.324852 0.011634
v -0.006992 0.328966 0.011450
v 0.013195 0.317654 0.013333
v -0.027179 0.317654 0.013333
v -0.006992 0.320429 0.013149
v 0.060185 0.238995 0.019689
v 0.059760 0.255762 0.019830
v 0.054836 0.273867 0.019925
v 0.047146 0.288062 0.019945
v 0.038566 0.297797 0.019060
v 0.028953 0.305466 0.018954
v 0.010087 0.314180 0.019225
v -0.006992 0.316573 0.019980
v -0.024070 0.314180 0.019225
v -0.042937 0.305466 0.018954
v -0.052550 0.297797 0.019060
v -0.061129 0.288062 0.019945
v -0.068819 0.273867 0.019925
v -0.073744 0.255762 0.019830
v -0.074169 0.238995 0.019689
v 0.072332 0.200080 0.017615
v -0.086315 0.200080 0.017615
v 0.066545 0.203034 0.017610
v -0.080528 0.203034 0.017610
v 0.063084 0.183316 0.017444
v -0.073621 0.183413 0.018924
v 0.083084 0.173997 0.024898
v 0.072242 0.170254 0.026699
v 0.072983 0.161414 0.027728
v 0.083246 0.161980 0.027149
v 0.059557 0.173253 0.024698
v 0.058883 0.160938 0.026222
v 0.072422 0.152651 0.026117
v 0.083679 0.152538 0.026043
v 0.059067 0.153338 0.026153
v 0.084112 0.162099 0.020506
v 0.083713 0.174253 0.019996
v 0.084821 0.153089 0.021297
v 0.058938 0.174318 0.019552
v 0.058160 0.162599 0.020453
v 0.057834 0.154792 0.021205
v 0.071789 0.129155 0.028401
v 0.085373 0.128506 0.028470
v 0.058449 0.129579 0.028355
v 0.084876 0.102839 0.031218
v 0.071659 0.102712 0.031231
v 0.058302 0.102426 0.031262
v 0.057802 0.129470 0.025175
v 0.057850 0.101635 0.027230
v 0.084893 0.130085 0.023590
v 0.085093 0.102920 0.026819
v 0.071404 0.101560 0.026533
v 0.071275 0.127946 0.022563
v 0.057850 0.101635 0.027230
v 0.057802 0.129470 0.025175
v 0.073352 0.151620 0.020030
v 0.057834 0.154792 0.021205
v 0.058160 0.162599 0.020453
v 0.072577 0.162951 0.019106
v 0.069146 0.185477 0.017469
v 0.072477 0.183820 0.017458
v 0.058938 0.174318 0.019552
v -0.086684 0.169926 0.026760
v -0.097416 0.172697 0.024827
v -0.097935 0.160069 0.026862
v -0.086365 0.160460 0.027762
v -0.074197 0.161987 0.027272
v -0.074096 0.173322 0.025340
v -0.085874 0.153376 0.026447
v -0.074026 0.153660 0.026426
v -0.098468 0.152924 0.026102
v -0.072563 0.127184 0.028612
v -0.085367 0.128122 0.028511
v -0.099150 0.128261 0.028497
v -0.085115 0.102612 0.031242
v -0.099042 0.102492 0.031255
v -0.072161 0.102432 0.031261
v -0.098445 0.128035 0.023384
v -0.098533 0.101871 0.026289
v -0.098341 0.152369 0.020826
v -0.098154 0.159058 0.020682
v -0.097462 0.172204 0.019364
v -0.072109 0.161948 0.021381
v -0.072844 0.173600 0.019994
v -0.071801 0.153569 0.020938
v -0.071786 0.127818 0.024024
v -0.071786 0.101842 0.027034
v -0.085326 0.101629 0.027172
v -0.085289 0.129008 0.022447
v -0.071786 0.127818 0.024024
v -0.071786 0.101842 0.027034
v -0.084818 0.152327 0.020025
v -0.071801 0.153569 0.020938
v -0.085033 0.161125 0.019347
v -0.072109 0.161948 0.021381
v -0.084871 0.173060 0.017639
v -0.072844 0.173600 0.019994
v -0.077068 0.183316 0.017444
v -0.086382 0.192552 0.017547
v -0.093145 0.183240 0.017400
v 0.071935 0.174617 0.025737
v 0.060014 0.178364 0.023876
v 0.059422 0.179193 0.019291
v 0.059422 0.179193 0.019291
v 0.067749 0.194905 0.017550
v 0.072399 0.192552 0.017547
v 0.083534 0.179317 0.019788
v 0.082794 0.178953 0.023707
v -0.097518 0.179317 0.019788
v -0.096778 0.178953 0.023707
v -0.073406 0.179193 0.019291
v -0.073998 0.178364 0.023876
v -0.073406 0.179193 0.019291
v -0.085919 0.174617 0.025737
v -0.097005 0.239916 -0.022787
v -0.086379 0.236345 -0.024894
v -0.086908 0.180410 -0.023220
v -0.096507 0.183218 -0.022655
v 0.071687 0.179788 -0.023291
v 0.072395 0.236345 -0.024894
v 0.083022 0.239916 -0.022787
v 0.082523 0.183218 -0.022655
v -0.074647 0.239341 -0.023504
v -0.074632 0.182673 -0.022885
v 0.060648 0.182673 -0.022885
v 0.060663 0.239341 -0.023504
v -0.097117 0.240213 -0.019201
v -0.096836 0.183277 -0.018292
v 0.078462 0.183239 -0.017403
v 0.083134 0.240213 -0.019201
v -0.085907 0.258360 -0.025783
v -0.075151 0.256413 -0.023908
v 0.061167 0.256413 -0.023908
v 0.071923 0.258360 -0.025783
v -0.096622 0.258819 -0.022781
v 0.082638 0.258819 -0.022781
v -0.096554 0.258036 -0.018537
v 0.082570 0.258036 -0.018537
v -0.073621 0.183413 -0.018924
v -0.074632 0.182673 -0.022885
v -0.074647 0.239341 -0.023504
v -0.074169 0.238995 -0.019689
v 0.060185 0.238995 -0.019689
v 0.060663 0.239341 -0.023504
v 0.060648 0.182673 -0.022885
v 0.063727 0.183309 -0.017430
v -0.075151 0.256413 -0.023908
v -0.073744 0.255762 -0.019830
v 0.059760 0.255762 -0.019830
v 0.061167 0.256413 -0.023908
v -0.092166 0.279228 -0.017546
v -0.091855 0.279522 -0.022016
v 0.077871 0.279522 -0.022016
v 0.078182 0.279228 -0.017546
v -0.082252 0.277279 -0.025254
v 0.068268 0.277279 -0.025254
v -0.070964 0.275229 -0.023353
v 0.056980 0.275229 -0.023353
v -0.070964 0.275229 -0.023353
v -0.068819 0.273867 -0.019925
v 0.054836 0.273867 -0.019925
v 0.056980 0.275229 -0.023353
v -0.083571 0.297673 -0.017263
v -0.082804 0.297624 -0.021230
v 0.068820 0.297624 -0.021230
v 0.069588 0.297673 -0.017263
v -0.075133 0.293112 -0.024354
v 0.061150 0.293112 -0.024354
v -0.064312 0.289320 -0.022930
v 0.050328 0.289320 -0.022930
v -0.064312 0.289320 -0.022930
v -0.061129 0.288062 -0.019945
v 0.047146 0.288062 -0.019945
v 0.050328 0.289320 -0.022930
v -0.071622 0.312820 -0.016649
v -0.070219 0.312946 -0.020631
v 0.056235 0.312946 -0.020631
v 0.057638 0.312820 -0.016649
v -0.063592 0.306641 -0.023693
v 0.049608 0.306641 -0.023693
v -0.056296 0.300631 -0.022701
v 0.042312 0.300631 -0.022701
v -0.056296 0.300631 -0.022701
v -0.052550 0.297797 -0.019060
v 0.038566 0.297797 -0.019060
v 0.042312 0.300631 -0.022701
v -0.055752 0.326024 -0.016845
v -0.054174 0.325030 -0.020420
v 0.040190 0.325030 -0.020420
v 0.041769 0.326024 -0.016845
v -0.049992 0.318056 -0.023057
v 0.036008 0.318056 -0.023057
v -0.046138 0.309262 -0.022329
v 0.032154 0.309262 -0.022329
v -0.046138 0.309262 -0.022329
v -0.042937 0.305466 -0.018954
v 0.028953 0.305466 -0.018954
v 0.032154 0.309262 -0.022329
v -0.025799 0.318025 -0.021719
v -0.024070 0.314180 -0.019225
v 0.010087 0.314180 -0.019225
v 0.011816 0.318025 -0.021719
v -0.006992 0.320605 -0.021676
v -0.006992 0.316573 -0.019980
v -0.029012 0.325363 -0.022808
v -0.025799 0.318025 -0.021719
v 0.011816 0.318025 -0.021719
v 0.015028 0.325363 -0.022808
v -0.006992 0.329488 -0.022543
v -0.006992 0.320605 -0.021676
v -0.033486 0.333307 -0.020581
v 0.019502 0.333307 -0.020581
v -0.006992 0.337284 -0.020346
v -0.036085 0.335554 -0.016128
v 0.022101 0.335554 -0.016128
v -0.006992 0.340000 -0.015400
v -0.084576 0.256001 -0.015929
v -0.084890 0.237516 -0.017448
v 0.070906 0.237516 -0.017448
v 0.070592 0.256001 -0.015929
v -0.078844 0.238263 -0.017600
v -0.078345 0.255775 -0.016742
v 0.064362 0.255775 -0.016742
v 0.064860 0.238263 -0.017600
v -0.082670 0.274729 -0.014288
v 0.068686 0.274729 -0.014288
v -0.074521 0.273958 -0.015446
v 0.060538 0.273958 -0.015446
v -0.075475 0.291032 -0.013479
v 0.061491 0.291032 -0.013479
v -0.066951 0.288829 -0.014661
v 0.052968 0.288829 -0.014661
v -0.064921 0.306712 -0.012863
v 0.050937 0.306712 -0.012863
v -0.057510 0.301110 -0.013859
v 0.043526 0.301110 -0.013859
v -0.050756 0.316520 -0.012147
v 0.036772 0.316520 -0.012147
v -0.046146 0.309296 -0.013637
v 0.032162 0.309296 -0.013637
v 0.017631 0.324852 -0.011634
v -0.031615 0.324852 -0.011634
v -0.006992 0.328966 -0.011450
v 0.013195 0.317654 -0.013333
v -0.027179 0.317654 -0.013333
v -0.006992 0.320429 -0.013149
v 0.072332 0.200080 -0.017615
v -0.086315 0.200080 -0.017615
v 0.066545 0.203034 -0.017610
v -0.080528 0.203034 -0.017610
v 0.083084 0.173997 -0.024898
v 0.083246 0.161980 -0.027149
v 0.072983 0.161414 -0.027728
v 0.072242 0.170254 -0.026699
v 0.058883 0.160938 -0.026222
v 0.059557 0.173253 -0.024698
v 0.072422 0.152651 -0.026117
v 0.083679 0.152538 -0.026043
v 0.059067 0.153338 -0.026153
v 0.084112 0.162099 -0.020506
v 0.083713 0.174253 -0.019996
v 0.084821 0.153089 -0.021297
v 0.059557 0.173253 -0.024698
v 0.058883 0.160938 -0.026222
v 0.058160 0.162599 -0.020453
v 0.058938 0.174318 -0.019552
v 0.059067 0.153338 -0.026153
v 0.057834 0.154792 -0.021205
v 0.085373 0.128506 -0.028470
v 0.071789 0.129155 -0.028401
v 0.058449 0.129579 -0.028355
v 0.084876 0.102839 -0.031218
v 0.071659 0.102712 -0.031231
v 0.058302 0.102426 -0.031262
v 0.058449 0.129579 -0.028355
v 0.057802 0.129470 -0.025175
v 0.058302 0.102426 -0.031262
v 0.058873 0.101837 -0.026155
v 0.084893 0.130085 -0.023590
v 0.085130 0.102702 -0.026923
v 0.070922 0.101512 -0.026083
v 0.071275 0.127946 -0.022563
v 0.073352 0.151620 -0.020030
v 0.072577 0.162951 -0.019106
v 0.072477 0.183820 -0.017458
v 0.069146 0.185477 -0.017469
v -0.086684 0.169926 -0.026760
v -0.086365 0.160460 -0.027762
v -0.097935 0.160069 -0.026862
v -0.097416 0.172697 -0.024827
v -0.074197 0.161987 -0.027272
v -0.074096 0.173322 -0.025340
v -0.085907 0.152737 -0.026158
v -0.074026 0.153660 -0.026426
v -0.098468 0.152924 -0.026102
v -0.072563 0.127184 -0.028612
v -0.085416 0.127922 -0.028533
v -0.099150 0.128261 -0.028497
v -0.085115 0.102612 -0.031242
v -0.099042 0.102492 -0.031255
v -0.072161 0.102432 -0.031261
v -0.098445 0.128035 -0.023384
v -0.098533 0.101871 -0.026289
v -0.098341 0.152369 -0.020826
v -0.098154 0.159058 -0.020682
v -0.097462 0.172204 -0.019364
v -0.072109 0.161948 -0.021381
v -0.074197 0.161987 -0.027272
v -0.074096 0.173322 -0.025340
v -0.072844 0.173600 -0.019994
v -0.071801 0.153569 -0.020938
v -0.074026 0.153660 -0.026426
v -0.071786 0.127818 -0.024024
v -0.072563 0.127184 -0.028612
v -0.071786 0.101842 -0.027034
v -0.072161 0.102432 -0.031261
v -0.085197 0.101606 -0.026958
v -0.085289 0.129008 -0.022447
v -0.084818 0.152327 -0.020025
v -0.085033 0.161125 -0.019347
v -0.084871 0.173060 -0.017639
v -0.081895 0.193815 -0.017542
v -0.077711 0.183309 -0.017430
v -0.092446 0.183239 -0.017403
v 0.059942 0.177778 -0.023991
v 0.071973 0.174943 -0.025637
v 0.059376 0.178629 -0.019328
v 0.059942 0.177778 -0.023991
v 0.067911 0.193815 -0.017542
v 0.067911 0.193815 -0.017542
v 0.083548 0.178731 -0.019817
v 0.082847 0.178387 -0.023868
v -0.096831 0.178387 -0.023868
v -0.097531 0.178731 -0.019817
v -0.073359 0.178629 -0.019328
v -0.073926 0.177778 -0.023991
v -0.073926 0.177778 -0.023991
v -0.085956 0.174943 -0.025637
v -0.084777 0.183229 0.017456
v -0.084777 0.183229 -0.017456
v -0.098533 0.101871 0.026289
v -0.085326 0.101629 0.027172
v -0.085115 0.102612 0.031242
v -0.099042 0.102492 0.031255
v -0.085326 0.101629 0.027172
v -0.071786 0.101842 0.027034
v -0.072161 0.102432 0.031261
v -0.085115 0.102612 0.031242
v 0.057850 0.101635 0.027230
v 0.071404 0.101560 0.026533
v 0.071659 0.102712 0.031231
v 0.058302 0.102426 0.031262
v 0.071404 0.101560 0.026533
v 0.085093 0.102920 0.026819
v 0.084876 0.102839 0.031218
v 0.071659 0.102712 0.031231
v 0.085130 0.102702 -0.026923
v 0.070922 0.101512 -0.026083
v 0.071659 0.102712 -0.031231
v 0.084876 0.102839 -0.031218
v 0.070922 0.101512 -0.026083
v 0.058873 0.101837 -0.026155
v 0.058302 0.102426 -0.031262
v 0.071659 0.102712 -0.031231
v -0.085115 0.102612 -0.031242
v -0.072161 0.102432 -0.031261
v -0.071786 0.101842 -0.027034
v -0.085197 0.101606 -0.026958
v -0.085197 0.101606 -0.026958
v -0.098533 0.101871 -0.026289
v -0.099042 0.102492 -0.031255
v -0.085115 0.102612 -0.031242
v -0.006992 0.154417 -0.020483
v -0.006992 0.176650 -0.019874
v 0.030405 0.178218 -0.020483
v 0.033080 0.156391 -0.020483
v -0.047063 0.156391 -0.020483
v -0.044389 0.178218 -0.020483
v 0.076214 0.181620 -0.020479
v 0.078223 0.159616 -0.020483
v -0.092206 0.159616 -0.020483
v -0.090198 0.181620 -0.020479
v 0.111577 0.181720 -0.019449
v 0.111326 0.160205 -0.019677
v -0.125310 0.160205 -0.019677
v -0.125561 0.181720 -0.019449
v 0.113332 0.160100 -0.016565
v 0.111326 0.160205 -0.019677
v 0.111577 0.181720 -0.019449
v 0.113259 0.181918 -0.016780
v -0.127243 0.181918 -0.016780
v -0.127316 0.160100 -0.016565
v 0.113606 0.159921 -0.012653
v 0.113616 0.181944 -0.013026
v -0.127600 0.181944 -0.013026
v -0.127590 0.159921 -0.012653
v 0.111606 0.160070 -0.008575
v 0.112471 0.181980 -0.009777
v -0.126454 0.181980 -0.009777
v -0.125590 0.160070 -0.008575
v 0.109875 0.160065 -0.006894
v 0.110834 0.182101 -0.007666
v -0.124817 0.182101 -0.007666
v -0.123859 0.160065 -0.006894
v 0.106840 0.160270 -0.005848
v 0.107406 0.181932 -0.005928
v -0.121390 0.181932 -0.005928
v -0.120824 0.160270 -0.005848
v 0.079690 0.158606 -0.005711
v 0.075648 0.180083 -0.005711
v -0.089632 0.180083 -0.005711
v -0.093673 0.158606 -0.005711
v 0.041228 0.157180 -0.005711
v 0.038693 0.178748 -0.005711
v -0.052677 0.178748 -0.005711
v -0.055211 0.157180 -0.005711
v -0.006992 0.156777 -0.005711
v -0.006992 0.177513 -0.005711
v -0.044389 0.178218 -0.020483
v -0.044389 0.178218 -0.018214
v -0.006992 0.176650 -0.018214
v -0.006992 0.176650 -0.019874
v 0.030405 0.178218 -0.018214
v 0.030405 0.178218 -0.020483
v 0.076216 0.181557 -0.018214
v 0.076214 0.181620 -0.020479
v -0.090198 0.181620 -0.020479
v -0.090200 0.181557 -0.018214
v 0.108661 0.182075 -0.018223
v 0.111577 0.181720 -0.019449
v -0.125561 0.181720 -0.019449
v -0.122645 0.182075 -0.018223
v 0.109803 0.182075 -0.014868
v 0.113259 0.181918 -0.016780
v -0.127243 0.181918 -0.016780
v -0.123787 0.182075 -0.014868
v 0.109949 0.182075 -0.012662
v 0.113616 0.181944 -0.013026
v -0.127600 0.181944 -0.013026
v -0.123933 0.182075 -0.012662
v 0.109133 0.182075 -0.010588
v 0.112471 0.181980 -0.009777
v -0.126454 0.181980 -0.009777
v -0.123116 0.182075 -0.010588
v 0.108138 0.182070 -0.008321
v 0.110834 0.182101 -0.007666
v -0.124817 0.182101 -0.007666
v -0.122121 0.182070 -0.008321
v 0.106952 0.182075 -0.007480
v 0.107406 0.181932 -0.005928
v -0.121390 0.181932 -0.005928
v -0.120936 0.182075 -0.007480
v 0.107406 0.181932 -0.005928
v 0.106952 0.182075 -0.007480
v 0.075648 0.180083 -0.007159
v 0.075648 0.180083 -0.005711
v -0.089632 0.180083 -0.005711
v -0.089632 0.180083 -0.007159
v 0.038693 0.178748 -0.007159
v 0.038693 0.178748 -0.005711
v -0.052677 0.178748 -0.005711
v -0.052677 0.178748 -0.007159
v -0.006992 0.177513 -0.007159
v -0.006992 0.177513 -0.005711
v -0.121864 0.159894 -0.008768
v -0.123009 0.159999 -0.010644
v 0.109025 0.159999 -0.010644
v 0.107880 0.159894 -0.008768
v -0.120601 0.160292 -0.007159
v 0.106617 0.160292 -0.007159
v -0.123751 0.160057 -0.012680
v -0.123552 0.159900 -0.015227
v 0.109568 0.159900 -0.015227
v 0.109768 0.160057 -0.012680
v -0.122671 0.160027 -0.017781
v 0.108688 0.160027 -0.017781
v -0.092384 0.159539 -0.018214
v 0.078400 0.159539 -0.018214
v -0.045143 0.156494 -0.018214
v 0.031160 0.156494 -0.018214
v -0.006992 0.154842 -0.018214
v -0.045960 0.156071 -0.019122
v -0.047063 0.156391 -0.020483
v -0.006992 0.154417 -0.020483
v -0.006992 0.154276 -0.019101
v 0.033080 0.156391 -0.020483
v 0.031976 0.156071 -0.019122
v -0.092322 0.159306 -0.019156
v -0.092206 0.159616 -0.020483
v 0.078223 0.159616 -0.020483
v 0.078338 0.159306 -0.019156
v -0.123773 0.159701 -0.018587
v -0.125310 0.160205 -0.019677
v 0.111326 0.160205 -0.019677
v 0.109790 0.159701 -0.018587
v -0.125116 0.159701 -0.015788
v -0.127316 0.160100 -0.016565
v 0.113332 0.160100 -0.016565
v 0.111132 0.159701 -0.015788
v -0.125340 0.159701 -0.012668
v -0.127590 0.159921 -0.012653
v 0.113606 0.159921 -0.012653
v 0.111357 0.159701 -0.012668
v -0.124083 0.159704 -0.009785
v -0.125590 0.160070 -0.008575
v 0.111606 0.160070 -0.008575
v 0.110100 0.159704 -0.009785
v -0.122685 0.159700 -0.007978
v -0.123859 0.160065 -0.006894
v 0.109875 0.160065 -0.006894
v 0.108701 0.159700 -0.007978
v -0.120687 0.159636 -0.006579
v -0.120824 0.160270 -0.005848
v 0.106840 0.160270 -0.005848
v 0.106703 0.159636 -0.006579
v -0.093673 0.158606 -0.005711
v -0.093856 0.158330 -0.006534
v 0.106703 0.159636 -0.006579
v 0.106840 0.160270 -0.005848
v 0.079690 0.158606 -0.005711
v 0.079872 0.158330 -0.006534
v -0.093962 0.158561 -0.007159
v 0.106617 0.160292 -0.007159
v 0.079978 0.158561 -0.007159
v -0.055456 0.156627 -0.006451
v -0.055211 0.157180 -0.005711
v 0.041228 0.157180 -0.005711
v 0.041472 0.156627 -0.006451
v -0.055615 0.156683 -0.007152
v 0.041631 0.156683 -0.007152
v -0.006992 0.155605 -0.006120
v -0.006992 0.156777 -0.005711
v -0.006992 0.155605 -0.006931
v -0.006992 0.154417 0.020483
v 0.033080 0.156391 0.020483
v 0.030405 0.178218 0.020483
v -0.006992 0.176650 0.019874
v -0.044389 0.178218 0.020483
v -0.047063 0.156391 0.020483
v 0.076214 0.181620 0.020479
v 0.078223 0.159616 0.020483
v -0.092206 0.159616 0.020483
v -0.090198 0.181620 0.020479
v 0.111326 0.160205 0.019677
v 0.111577 0.181720 0.019449
v -0.125310 0.160205 0.019677
v -0.125561 0.181720 0.019449
v 0.113332 0.160100 0.016565
v 0.113259 0.181918 0.016780
v 0.111577 0.181720 0.019449
v 0.111326 0.160205 0.019677
v -0.127243 0.181918 0.016780
v -0.127316 0.160100 0.016565
v 0.113606 0.159921 0.012653
v 0.113616 0.181944 0.013026
v -0.127600 0.181944 0.013026
v -0.127590 0.159921 0.012653
v 0.111606 0.160070 0.008575
v 0.112471 0.181980 0.009777
v -0.126454 0.181980 0.009777
v -0.125590 0.160070 0.008575
v 0.109875 0.160065 0.006894
v 0.110834 0.182101 0.007666
v -0.124817 0.182101 0.007666
v -0.123859 0.160065 0.006894
v 0.106840 0.160270 0.005848
v 0.107406 0.181932 0.005928
v -0.121390 0.181932 0.005928
v -0.120824 0.160270 0.005848
v 0.079690 0.158606 0.005711
v 0.075648 0.180083 0.005711
v -0.089632 0.180083 0.005711
v -0.093673 0.158606 0.005711
v 0.041228 0.157180 0.005711
v 0.038693 0.178748 0.005711
v -0.052677 0.178748 0.005711
v -0.055211 0.157180 0.005711
v -0.006992 0.156777 0.005711
v -0.006992 0.177513 0.005711
v -0.044389 0.178218 0.020483
v -0.006992 0.176650 0.019874
v -0.006992 0.176650 0.018214
v -0.044389 0.178218 0.018214
v 0.030405 0.178218 0.020483
v 0.030405 0.178218 0.018214
v 0.076214 0.181620 0.020479
v 0.076216 0.181557 0.018214
v -0.090198 0.181620 0.020479
v -0.090200 0.181557 0.018214
v 0.111577 0.181720 0.019449
v 0.108661 0.182075 0.018223
v -0.125561 0.181720 0.019449
v -0.122645 0.182075 0.018223
v 0.113259 0.181918 0.016780
v 0.109803 0.182075 0.014868
v -0.127243 0.181918 0.016780
v -0.125561 0.181720 0.019449
v -0.122645 0.182075 0.018223
v -0.123787 0.182075 0.014868
v 0.113616 0.181944 0.013026
v 0.109949 0.182075 0.012662
v -0.127600 0.181944 0.013026
v -0.123933 0.182075 0.012662
v 0.112471 0.181980 0.009777
v 0.109133 0.182075 0.010588
v -0.126454 0.181980 0.009777
v -0.123116 0.182075 0.010588
v 0.110834 0.182101 0.007666
v 0.108138 0.182070 0.008321
v -0.124817 0.182101 0.007666
v -0.122121 0.182070 0.008321
v 0.107406 0.181932 0.005928
v 0.106952 0.182075 0.007480
v -0.121390 0.181932 0.005928
v -0.120936 0.182075 0.007480
v 0.075648 0.180083 0.005711
v 0.075648 0.180083 0.007159
v -0.089632 0.180083 0.005711
v -0.089632 0.180083 0.007159
v 0.038693 0.178748 0.005711
v 0.038693 0.178748 0.007160
v -0.052677 0.178748 0.005711
v -0.052677 0.178748 0.007160
v -0.006992 0.177513 0.005711
v -0.006992 0.177513 0.007160
v -0.123009 0.159999 0.010644
v -0.121864 0.159894 0.008768
v 0.109025 0.159999 0.010644
v 0.107880 0.159894 0.008768
v -0.120601 0.160292 0.007160
v 0.106617 0.160292 0.007160
v -0.123751 0.160057 0.012680
v -0.123552 0.159900 0.015227
v 0.109768 0.160057 0.012680
v 0.109568 0.159900 0.015227
v -0.122671 0.160027 0.017781
v 0.108688 0.160027 0.017781
v -0.092384 0.159539 0.018214
v -0.122671 0.160027 0.017781
v 0.078400 0.159539 0.018214
v -0.045143 0.156494 0.018214
v 0.031160 0.156494 0.018214
v -0.006992 0.154842 0.018214
v -0.045960 0.156071 0.019122
v -0.006992 0.154276 0.019101
v -0.006992 0.154417 0.020483
v -0.047063 0.156391 0.020483
v 0.031976 0.156071 0.019122
v 0.033080 0.156391 0.020483
v -0.092322 0.159306 0.019156
v -0.092206 0.159616 0.020483
v 0.078338 0.159306 0.019156
v 0.078223 0.159616 0.020483
v -0.123773 0.159701 0.018587
v -0.125310 0.160205 0.019677
v 0.109790 0.159701 0.018587
v 0.111326 0.160205 0.019677
v -0.125116 0.159701 0.015788
v -0.123773 0.159701 0.018587
v -0.125310 0.160205 0.019677
v -0.127316 0.160100 0.016565
v 0.111132 0.159701 0.015788
v 0.113332 0.160100 0.016565
v -0.125340 0.159701 0.012668
v -0.127590 0.159921 0.012653
v 0.111357 0.159701 0.012668
v 0.113606 0.159921 0.012653
v -0.124083 0.159704 0.009785
v -0.125590 0.160070 0.008575
v 0.110100 0.159704 0.009785
v 0.111606 0.160070 0.008575
v -0.122685 0.159700 0.007978
v -0.123859 0.160065 0.006894
v 0.108701 0.159700 0.007978
v 0.109875 0.160065 0.006894
v -0.120687 0.159636 0.006579
v -0.120824 0.160270 0.005848
v 0.106703 0.159636 0.006579
v 0.106840 0.160270 0.005848
v -0.093673 0.158606 0.005711
v -0.093856 0.158330 0.006534
v 0.079872 0.158330 0.006534
v 0.079690 0.158606 0.005711
v -0.093962 0.158561 0.007159
v 0.079978 0.158561 0.007159
v -0.055211 0.157180 0.005711
v -0.055456 0.156627 0.006451
v 0.041228 0.157180 0.005711
v 0.041472 0.156627 0.006451
v -0.055615 0.156683 0.007152
v 0.041631 0.156683 0.007152
v -0.006992 0.156777 0.005711
v -0.006992 0.155605 0.006120
v -0.006992 0.155605 0.006931
vn -0.006199 0.162731 -0.986651
vn -0.002843 0.024318 -0.999700
vn -0.003943 0.001847 -0.999991
vn -0.000635 0.115875 -0.993264
vn 0.006250 0.021385 -0.999752
vn 0.008391 0.160519 -0.986997
vn 0.004764 0.070830 -0.997477
vn -0.004732 0.047173 -0.998876
vn 0.006003 0.061727 -0.998075
vn 0.001739 0.143654 -0.989626
vn 0.010835 0.144243 -0.989483
vn -0.012891 0.125078 -0.992063
vn -0.001916 0.140415 -0.990091
vn 0.000726 0.141063 -0.990000
vn -0.001961 0.153004 -0.988224
vn 0.001912 0.130372 -0.991463
vn 0.008489 0.124198 -0.992221
vn -0.007583 0.120709 -0.992659
vn -0.001293 0.022233 -0.999752
vn 0.016760 0.028462 -0.999454
vn -0.014099 0.026596 -0.999547
vn 0.015804 -0.071146 -0.997341
vn -0.000650 -0.073854 -0.997269
vn -0.017333 -0.071726 -0.997274
vn 0.000449 -0.093016 -0.995665
vn 0.011219 -0.094157 -0.995494
vn -0.014346 -0.093128 -0.995551
vn -0.002217 -0.078976 -0.996874
vn 0.009591 -0.051509 -0.998626
vn -0.007310 -0.054395 -0.998493
vn -0.006286 -0.332598 -0.943048
vn 0.009542 -0.277758 -0.960604
vn -0.005830 -0.281139 -0.959649
vn -0.001721 0.093259 -0.995640
vn 0.000997 0.034907 -0.999390
vn 0.000860 0.032572 -0.999469
vn 0.002841 0.091909 -0.995763
vn -0.004005 0.009716 -0.999945
vn -0.004347 0.014779 -0.999881
vn 0.005597 0.110724 -0.993835
vn -0.002219 0.107060 -0.994250
vn 0.025211 0.153709 -0.987794
vn -0.001679 0.162884 -0.986644
vn 0.001031 0.105859 -0.994381
vn -0.001967 0.095579 -0.995420
vn -0.003611 0.015568 -0.999872
vn -0.001837 0.015756 -0.999874
vn -0.006854 -0.064200 -0.997914
vn 0.008082 -0.062070 -0.998039
vn -0.005142 -0.076809 -0.997033
vn 0.009677 -0.075868 -0.997071
vn -0.005583 -0.047877 -0.998838
vn 0.010308 -0.045084 -0.998930
vn -0.001025 -0.249595 -0.968350
vn 0.006231 -0.251631 -0.967803
vn 0.000322 0.060258 -0.998183
vn -0.076621 0.107817 -0.991214
vn 0.078257 0.110445 -0.990797
vn -0.001720 0.060099 -0.998191
vn -0.147384 0.034228 -0.988487
vn 0.154414 0.032869 -0.987459
vn -0.036105 0.219556 -0.974932
vn 0.044248 0.193700 -0.980062
vn 0.023845 0.202853 -0.978919
vn -0.044247 0.193699 -0.980063
vn -0.147318 0.034709 -0.988480
vn 0.136645 0.051530 -0.989279
vn -0.057290 0.102464 -0.993086
vn 0.027936 0.097782 -0.994816
vn -0.029659 0.142151 -0.989400
vn 0.016414 0.126652 -0.991811
vn -0.014135 0.023825 -0.999616
vn 0.017796 0.020443 -0.999633
vn -0.024077 -0.058694 -0.997986
vn 0.022015 -0.056516 -0.998159
vn -0.029188 -0.080717 -0.996310
vn 0.026930 -0.076459 -0.996709
vn -0.023679 -0.057115 -0.998087
vn 0.020802 -0.060338 -0.997961
vn -0.024912 -0.260506 -0.965151
vn 0.021118 -0.259177 -0.965599
vn -0.018827 0.117248 -0.992924
vn 0.052990 0.156643 -0.986233
vn 0.076569 0.137618 -0.987521
vn -0.006522 0.164334 -0.986383
vn -0.012028 0.138847 -0.990241
vn 0.046830 0.166843 -0.984871
vn 0.004938 0.137732 -0.990457
vn -0.053141 0.165683 -0.984746
vn -0.040117 0.104360 -0.993730
vn 0.015715 0.142762 -0.989632
vn -0.045761 0.134493 -0.989857
vn -0.042759 0.168534 -0.984768
vn 0.058619 0.083666 -0.994768
vn 0.083806 0.065372 -0.994335
vn 0.132732 0.068175 -0.988805
vn 0.147437 0.088026 -0.985147
vn -0.049778 0.144445 -0.988260
vn 0.003027 0.132202 -0.991218
vn -0.027297 0.071397 -0.997074
vn 0.108654 0.142386 -0.983830
vn 0.114401 0.149515 -0.982119
vn -0.183196 0.162006 -0.969636
vn -0.052968 0.138337 -0.988968
vn -0.040648 0.089613 -0.995147
vn 0.068976 0.050776 -0.996325
vn -0.129135 0.063617 -0.989584
vn 0.253489 0.046703 -0.966210
vn 0.393521 0.035616 -0.918626
vn -0.462341 0.070632 -0.883885
vn -0.217968 0.046938 -0.974826
vn -0.122292 0.066720 -0.990249
vn 0.246411 0.070305 -0.966612
vn 0.378351 0.046657 -0.924486
vn -0.372862 0.044445 -0.926822
vn -0.270570 0.074071 -0.959847
vn 0.199650 0.134672 -0.970569
vn 0.277112 0.182871 -0.943275
vn -0.277065 0.179355 -0.943963
vn -0.205263 0.137341 -0.969023
vn 0.044831 0.038782 -0.998242
vn 0.079614 0.042759 -0.995908
vn 0.084433 -0.037800 -0.995712
vn 0.043343 -0.038396 -0.998322
vn -0.040053 -0.040036 -0.998395
vn -0.046523 0.040167 -0.998109
vn 0.115552 -0.059723 -0.991504
vn 0.052080 -0.067225 -0.996378
vn -0.050519 -0.063083 -0.996729
vn -0.077941 0.041226 -0.996105
vn 0.110943 -0.034918 -0.993213
vn 0.052692 -0.048032 -0.997455
vn -0.050778 -0.052267 -0.997341
vn 0.086340 -0.180971 -0.979691
vn 0.048969 -0.275673 -0.960003
vn -0.047533 -0.273737 -0.960629
vn -0.002881 -0.471539 -0.881841
vn 0.016988 -0.470072 -0.882464
vn 0.002137 -0.464397 -0.885625
vn -0.008869 -0.520085 -0.854068
vn -0.006169 -0.559998 -0.828471
vn 0.006918 -0.528279 -0.849043
vn 0.006259 -0.469050 -0.883149
vn -0.017588 -0.467403 -0.883869
vn 0.010667 -0.377363 -0.926004
vn 0.000501 -0.468447 -0.883492
vn -0.084433 -0.037800 -0.995712
vn -0.117592 -0.057014 -0.991424
vn -0.112648 -0.036512 -0.992964
vn -0.086340 -0.180971 -0.979691
vn -0.010667 -0.377363 -0.926004
vn 0.412735 0.387889 -0.824131
vn -0.559994 0.383757 -0.734260
vn -0.037281 0.111729 -0.993039
vn 0.009743 0.071957 -0.997360
vn 0.139054 0.146393 -0.979404
vn -0.004353 0.074088 -0.997242
vn -0.044896 0.021802 -0.998754
vn 0.048933 0.015928 -0.998675
vn 0.007341 0.053168 -0.998559
vn -0.015417 0.052961 -0.998478
vn 0.029310 -0.007146 -0.999545
vn -0.048181 0.008260 -0.998804
vn 0.779898 -0.058115 -0.623202
vn 0.560169 0.379160 -0.736511
vn -0.076338 0.019586 -0.996890
vn -0.634839 -0.062723 -0.770095
vn 0.064319 0.026050 -0.997589
vn -0.409850 0.427420 -0.805813
vn -0.141322 0.139990 -0.980016
vn -0.382721 -0.409117 -0.828341
vn 0.135638 0.133784 -0.981684
vn -0.011354 0.191442 -0.981438
vn -0.078990 -0.644219 -0.760751
vn -0.061574 0.203697 -0.977096
vn 0.051424 0.004753 -0.998666
vn 0.502938 -0.664812 -0.552339
vn 0.000306 -0.010398 -0.999946
vn 0.816751 -0.479079 -0.321559
vn 0.736261 -0.410123 0.538255
vn 0.911804 -0.052352 0.407275
vn 0.942519 -0.017823 -0.333678
vn -0.940076 -0.061190 -0.335429
vn -0.845441 -0.514594 -0.142904
vn -0.140348 0.083016 0.986616
vn 0.905240 0.381106 0.187881
vn -0.389025 0.877629 0.280047
vn -0.890970 0.159908 0.424972
vn -0.994809 0.045561 -0.090990
vn -0.791670 0.529249 0.305211
vn -0.934527 0.214735 0.283811
vn 0.744722 0.643658 0.176332
vn 0.992380 0.061692 -0.106657
vn -0.926044 0.134961 0.352459
vn -0.995148 0.093192 -0.031553
vn 0.136320 -0.983535 0.118641
vn 0.845146 -0.341508 0.411218
vn 0.403691 -0.759630 0.509897
vn 0.066700 -0.979970 0.187642
vn 0.404829 0.859147 0.313018
vn 0.660380 -0.032617 -0.750223
vn 0.937688 0.037329 -0.345468
vn -0.742774 0.646648 0.173590
vn -0.992119 0.054704 -0.112725
vn -0.770526 -0.054519 -0.635073
vn -0.760425 -0.431163 -0.485647
vn -0.999861 -0.014699 -0.007805
vn 0.800194 -0.563980 -0.204003
vn 0.424926 -0.406955 -0.808595
vn -0.051289 -0.652628 -0.755940
vn -0.149921 -0.977704 0.147034
vn -0.910521 -0.091861 0.403129
vn -0.947418 -0.033366 -0.318254
vn -0.879339 0.403422 0.253009
vn 0.173675 0.106844 0.978990
vn 0.801500 0.521174 0.293216
vn 0.931986 0.231700 0.278779
vn 0.993879 0.053168 -0.096834
vn 0.889069 0.164399 0.427235
vn -0.211299 -0.717091 0.664179
vn 0.917384 -0.290219 0.272359
vn 0.929335 -0.324601 0.175986
vn -0.102005 -0.968205 0.228416
vn -0.816143 -0.482870 -0.317405
vn -0.762246 -0.337481 0.552347
vn 0.088757 0.137496 -0.986518
vn -0.003027 0.132202 -0.991218
vn 0.062485 -0.001162 -0.998045
vn -0.478373 -0.730509 -0.487356
vn -0.844756 -0.468277 0.259046
vn -0.910310 -0.300188 0.284997
vn -0.907582 -0.370647 0.197269
vn -0.158597 0.082837 -0.983862
vn -0.058619 0.083667 -0.994768
vn 0.663460 -0.467722 -0.584001
vn -0.053667 -0.010804 -0.998500
vn 0.987655 -0.118149 0.102851
vn 0.923139 0.126899 0.362921
vn 0.996192 0.072182 -0.048909
vn -0.968906 -0.151339 -0.195749
vn -0.923514 -0.134276 -0.359294
vn -0.893272 -0.096367 -0.439065
vn -0.980902 -0.113009 -0.158303
vn 0.976614 -0.128490 -0.172382
vn 0.902821 -0.089325 -0.420637
vn 0.924942 -0.173586 -0.338156
vn 0.961726 -0.157823 -0.223999
vn -0.989610 -0.129654 0.062148
vn -0.981401 -0.191574 -0.012292
vn 0.985099 -0.171557 0.012206
vn 0.988647 -0.143044 0.045998
vn -0.981865 -0.189583 -0.000000
vn -0.989790 -0.142533 -0.000000
vn 0.990998 -0.133879 -0.000000
vn 0.981475 -0.191592 -0.000000
vn -0.890417 0.038313 -0.453530
vn -0.967405 -0.003059 -0.253217
vn 0.969875 0.019982 -0.242783
vn 0.887008 0.060942 -0.457714
vn -0.998819 -0.027280 0.040213
vn 0.999169 -0.018362 0.036385
vn -0.999914 -0.013099 0.000000
vn 0.999766 -0.021631 -0.000000
vn -0.933632 0.098689 -0.344373
vn -0.981682 0.070276 -0.177094
vn 0.983045 0.077773 -0.166055
vn 0.923481 0.105137 -0.368956
vn -0.997564 0.047261 0.051309
vn 0.997126 0.048657 0.058067
vn -0.998994 0.044849 0.000465
vn 0.998857 0.047803 -0.000467
vn -0.965936 0.101060 -0.238233
vn -0.992672 0.090232 -0.080372
vn 0.993541 0.073832 -0.086173
vn 0.965412 0.070553 -0.251002
vn -0.994702 0.077209 0.067874
vn 0.994168 0.075934 0.076573
vn -0.996809 0.079828 0.000413
vn 0.997313 0.073257 -0.000415
vn -0.949900 0.085056 -0.300758
vn -0.991495 0.102943 -0.079632
vn 0.991077 0.103445 -0.084060
vn 0.949631 0.099409 -0.297186
vn -0.991195 0.112274 0.070195
vn 0.991474 0.107451 0.073714
vn -0.993858 0.110664 0.000000
vn 0.993422 0.114515 0.000000
vn -0.957911 0.118877 -0.261293
vn -0.988363 0.123079 -0.089385
vn 0.988858 0.125088 -0.080708
vn 0.955476 0.117550 -0.270642
vn -0.989475 0.138301 0.042570
vn 0.989552 0.138098 0.041410
vn -0.989848 0.142132 0.000000
vn 0.989883 0.141884 0.000000
vn -0.971725 0.105896 -0.211038
vn -0.992692 0.098221 -0.070102
vn 0.992451 0.103628 -0.065589
vn 0.970042 0.102105 -0.220438
vn -0.995940 0.089161 0.012389
vn 0.995187 0.096827 0.015091
vn -0.994853 0.101329 0.000000
vn 0.994378 0.105886 0.000000
vn -0.931255 -0.270978 -0.243588
vn -0.954466 -0.290186 -0.069187
vn 0.942571 -0.321443 -0.090741
vn 0.925963 -0.312211 -0.212407
vn -0.952973 -0.302475 0.018767
vn 0.951819 -0.305773 0.023301
vn -0.953717 -0.300706 0.000000
vn 0.952967 -0.303074 0.000000
vn -0.552877 -0.696578 -0.457281
vn -0.715406 -0.669520 -0.199844
vn 0.731680 -0.614305 -0.295421
vn 0.646831 -0.627247 -0.433786
vn -0.797529 -0.603165 0.011830
vn 0.797001 -0.603775 0.015636
vn -0.796339 -0.604850 0.000000
vn 0.798576 -0.601894 0.000000
vn -0.821048 0.535552 -0.197647
vn -0.784272 0.594549 -0.177282
vn -0.895950 0.416194 -0.155098
vn -0.895909 0.408264 -0.175124
vn 0.904707 0.392919 -0.164684
vn 0.901381 0.395480 -0.176375
vn 0.778904 0.600127 -0.182088
vn 0.816457 0.546332 -0.186870
vn -0.566553 0.816076 -0.114188
vn -0.592508 0.796055 -0.123413
vn 0.390246 0.918755 -0.059973
vn 0.404899 0.911812 -0.068228
vn 0.592516 0.796051 -0.123402
vn 0.566559 0.816072 -0.114181
vn -0.305921 0.950998 -0.044890
vn -0.391404 0.918140 -0.061824
vn -0.405970 0.911413 -0.067197
vn -0.305038 0.951226 -0.046054
vn -0.084760 0.996306 0.013806
vn -0.160359 0.986490 -0.033502
vn 0.180873 0.983463 -0.009279
vn 0.308162 0.950257 -0.045259
vn 0.308720 0.950009 -0.046638
vn 0.124968 0.991658 -0.031566
vn 0.064417 0.120370 -0.990637
vn 0.113012 0.071922 -0.990987
vn 0.028557 0.282494 -0.958844
vn -0.051001 0.141721 -0.988592
vn 0.007865 0.108174 -0.994101
vn -0.006195 0.117221 -0.993087
vn -0.009243 0.264344 -0.964384
vn -0.000000 0.186733 -0.982411
vn 0.011774 0.265480 -0.964044
vn 0.004039 0.121417 -0.992593
vn -0.008866 0.108762 -0.994028
vn -0.028559 0.282494 -0.958844
vn 0.050998 0.141720 -0.988592
vn -0.064418 0.120370 -0.990637
vn -0.113013 0.071926 -0.990987
vn -0.083807 0.065374 -0.994335
vn 0.007693 0.993224 -0.115961
vn 0.032878 0.995767 -0.085826
vn -0.058290 0.991848 -0.113317
vn -0.041526 0.995664 -0.083242
vn 0.040108 0.990099 -0.134522
vn 0.039940 0.990113 -0.134464
vn -0.043759 0.990001 -0.134100
vn -0.043963 0.990007 -0.133992
vn 0.035784 0.993591 -0.107222
vn 0.036142 0.993705 -0.106043
vn -0.030974 0.993740 -0.107334
vn -0.030770 0.993871 -0.106175
vn -0.003538 0.991096 -0.133100
vn -0.003439 0.991102 -0.133064
vn -0.047106 0.305170 0.951132
vn -0.284138 0.294088 0.912567
vn -0.766272 0.516857 0.381688
vn -0.448134 0.566085 0.691899
vn 0.530538 0.667765 0.522130
vn 0.677573 0.578922 0.453590
vn 0.286071 0.223293 0.931828
vn 0.189673 0.334599 0.923075
vn -0.343063 0.787402 0.512158
vn -0.685776 0.659970 0.306839
vn 0.619009 0.721775 0.309626
vn 0.395314 0.770837 0.499537
vn -0.233344 0.896183 0.377369
vn -0.604195 0.743290 0.287174
vn 0.555795 0.798697 0.230598
vn 0.263039 0.904757 0.334999
vn -0.185724 0.127961 0.974234
vn -0.079361 0.108382 0.990937
vn 0.132466 0.093516 0.986766
vn 0.033096 0.055000 0.997938
vn 0.073541 0.143266 0.986948
vn 0.158188 0.114389 0.980761
vn -0.025848 0.055255 0.998138
vn -0.105419 0.086050 0.990698
vn -0.011017 0.055780 0.998382
vn 0.000701 0.039966 0.999201
vn 0.057041 0.686494 0.724894
vn 0.073449 0.367249 0.927218
vn -0.120820 0.376386 0.918551
vn -0.075591 0.629488 0.773324
vn 0.082807 0.853388 0.514657
vn -0.051675 0.836211 0.545968
vn 0.145030 0.952097 0.269217
vn -0.136046 0.951287 0.276666
vn 0.180494 -0.143296 0.973082
vn 0.022802 0.071472 0.997182
vn 0.372425 0.086246 0.924046
vn -0.513999 0.292185 0.806494
vn -0.036684 0.072668 0.996681
vn -0.372388 0.086252 0.924060
vn 0.678171 0.532581 0.506400
vn 0.501885 0.290160 0.814812
vn -0.688163 0.539752 0.484871
vn 0.667851 0.710810 0.220736
vn -0.649908 0.716074 0.254670
vn 0.743357 0.668281 0.028646
vn -0.740890 0.670597 0.037173
vn 0.052579 0.067593 0.996327
vn -0.195482 -0.136018 0.971229
vn -0.010629 0.031435 0.999449
vn 0.015263 0.064029 0.997831
vn -0.058323 0.056106 0.996720
vn 0.019331 -0.197261 0.980160
vn 0.018340 0.111692 0.993574
vn -0.014117 0.115099 0.993254
vn 0.062041 -0.137781 0.988518
vn -0.082073 0.084569 0.993032
vn -0.170740 -0.066023 0.983102
vn 0.103084 -0.088311 0.990745
vn 0.010815 0.077201 0.996957
vn 0.985577 0.109702 -0.128851
vn -0.988906 0.085460 -0.121495
vn 0.979320 0.137047 -0.148829
vn -0.980747 0.131232 -0.144613
vn -0.181250 -0.057687 0.981744
vn 0.168218 -0.029774 0.985300
vn -0.005712 -0.045828 0.998933
vn -0.000164 -0.032586 0.999469
vn 0.141441 0.003378 0.989941
vn -0.126880 0.006497 0.991897
vn 0.752834 0.065992 0.654894
vn -0.731555 0.085615 0.676386
vn 0.999986 0.005186 -0.000595
vn -0.999904 0.007045 -0.011968
vn 0.997018 -0.004497 -0.077044
vn -0.996110 -0.017474 -0.086364
vn 0.970421 0.217792 0.104161
vn 0.766203 0.197323 0.611553
vn -0.741906 0.179162 0.646124
vn -0.966759 0.234777 0.101281
vn 0.974425 0.216725 0.059391
vn -0.971359 0.233066 0.046273
vn 0.359359 0.134502 0.923456
vn -0.356748 0.107316 0.928016
vn 0.999439 0.032168 0.009369
vn 0.719708 -0.008122 0.694229
vn 0.790043 0.157658 0.592432
vn 0.984508 0.174955 0.011637
vn -0.790045 0.157661 0.592429
vn -0.984506 0.174964 0.011668
vn 0.867153 0.498015 0.005239
vn 0.706910 0.388662 0.590948
vn -0.709441 0.389715 0.587210
vn -0.867495 0.497406 0.006313
vn -0.999410 0.032796 0.010175
vn -0.720590 -0.008066 0.693314
vn 0.174245 0.089314 0.980644
vn 0.349546 0.140040 0.926394
vn -0.289411 0.195602 0.937007
vn 0.385744 0.616335 0.686537
vn -0.061861 0.013976 0.997987
vn -0.398285 0.592294 0.700398
vn 0.999482 0.032017 0.003230
vn 0.977677 0.210112 0.000782
vn -0.977675 0.210123 0.000826
vn 0.870196 0.492689 0.003916
vn -0.999496 0.031608 0.003012
vn -0.869979 0.493076 0.003561
vn 0.529342 0.848054 0.024509
vn -0.547427 0.836798 0.009625
vn 0.546434 0.837502 0.000782
vn -0.547398 0.836872 -0.000027
vn 0.288705 0.935796 0.202323
vn 0.200208 0.580576 0.789207
vn -0.179676 0.569965 0.801784
vn -0.283668 0.939957 0.189774
vn 0.331380 0.943492 -0.003318
vn -0.333615 0.942683 -0.007066
vn 0.029545 0.692760 0.720562
vn -0.081910 0.679327 0.729250
vn 0.180107 0.695087 0.695999
vn -0.303442 0.038228 0.952083
vn -0.261928 0.736162 0.624067
vn 0.102009 -0.099886 0.989756
vn 0.311272 0.069874 0.947749
vn -0.132379 -0.060408 0.989357
vn 0.015478 -0.135098 0.990711
vn 0.082866 -0.010915 0.996501
vn -0.105019 -0.036327 0.993807
vn -0.032885 -0.136211 0.990134
vn 0.034523 0.602124 0.797656
vn 0.064571 0.642811 0.763298
vn -0.064571 0.642811 0.763299
vn -0.014990 0.532782 0.846120
vn -0.018152 0.500372 0.865620
vn -0.034446 0.602085 0.797688
vn 0.039692 0.960220 0.276410
vn -0.044788 0.963690 0.263242
vn 0.062914 0.997994 0.007014
vn -0.058213 0.998301 0.002596
vn 0.018564 0.627832 0.778127
vn -0.000000 0.640573 0.767897
vn -0.000000 0.593424 0.804890
vn 0.022527 0.599816 0.799821
vn -0.018564 0.627832 0.778127
vn -0.022527 0.599816 0.799821
vn -0.007562 0.229109 0.973371
vn 0.008229 0.121707 0.992532
vn -0.008834 0.196496 0.980465
vn 0.000227 -0.124681 0.992197
vn 0.002434 -0.104225 0.994551
vn -0.001079 -0.102952 0.994686
vn 0.000197 -0.131064 0.991374
vn 0.000566 -0.131930 0.991259
vn 0.000354 -0.132933 0.991125
vn 0.000841 0.070358 0.997521
vn 0.000719 0.145324 0.989384
vn -0.007467 0.141173 0.989957
vn -0.004619 0.072552 0.997354
vn -0.000445 -0.051733 0.998661
vn -0.002302 -0.048897 0.998801
vn -0.000531 -0.052580 0.998617
vn -0.000000 -0.053736 0.998555
vn -0.002597 0.050382 0.998727
vn 0.007007 0.042424 0.999075
vn 0.000531 -0.052580 0.998617
vn -0.000703 0.039984 0.999200
vn 0.013644 0.084119 0.996362
vn -0.001685 0.082002 0.996631
vn -0.005777 0.107744 0.994162
vn 0.029480 0.830917 0.555615
vn -0.015037 0.846580 0.532049
vn 0.035261 0.999378 0.000078
vn -0.035403 0.999373 -0.000014
vn 0.000118 0.999996 0.002841
vn 0.010939 0.774418 0.632580
vn -0.151549 -0.988450 -0.000000
vn -0.149884 -0.987480 0.049182
vn -0.063877 -0.997908 0.009976
vn -0.074351 -0.997232 -0.000000
vn 0.079600 -0.996827 -0.000000
vn 0.057611 -0.998282 -0.010675
vn 0.148743 -0.987582 0.050575
vn 0.148988 -0.988839 -0.000000
vn -0.148350 -0.985048 0.087592
vn -0.088957 -0.995674 0.026840
vn 0.079338 -0.996362 0.031124
vn 0.149228 -0.984952 0.087186
vn 0.021853 -0.993946 -0.107671
vn 0.006034 -0.999153 -0.040713
vn 0.005628 -0.999339 -0.035929
vn 0.002855 -0.996188 -0.087190
vn -0.000820 -0.999998 0.002013
vn -0.002275 -0.999995 -0.002019
vn -0.016797 -0.998743 -0.047233
vn -0.001744 -0.999702 -0.024355
vn -0.001137 -0.999732 -0.023107
vn 0.000089 -0.998034 -0.062672
vn 0.002010 -0.999996 0.002120
vn 0.000196 -0.999998 -0.002126
vn -0.000527 -0.997471 -0.071068
vn -0.001848 -0.999772 -0.021259
vn 0.002299 -0.999711 -0.023913
vn 0.002278 -0.997670 -0.068191
vn -0.002171 -0.999998 -0.000000
vn 0.000333 -1.000000 -0.000000
vn -0.001277 -0.996680 -0.081404
vn -0.001553 -0.999720 -0.023632
vn 0.002689 -0.999745 -0.022431
vn 0.006716 -0.996383 -0.084706
vn -0.004469 -0.998964 -0.045286
vn -0.001451 -0.999913 -0.013100
vn -0.002543 -0.999997 0.000000
vn 0.000296 -1.000000 0.000000
vn 0.001565 -0.999999 0.000000
vn -0.006199 0.162731 0.986651
vn -0.000635 0.115875 0.993264
vn -0.003943 0.001846 0.999991
vn -0.002843 0.024318 0.999700
vn 0.008391 0.160519 0.986997
vn 0.006250 0.021385 0.999752
vn 0.004764 0.070830 0.997477
vn -0.004732 0.047173 0.998876
vn 0.006003 0.061727 0.998075
vn 0.001739 0.143654 0.989626
vn 0.010835 0.144243 0.989483
vn -0.012891 0.125078 0.992063
vn -0.001916 0.140414 0.990091
vn 0.000726 0.141063 0.990000
vn -0.001961 0.153004 0.988224
vn 0.001912 0.130372 0.991463
vn 0.008489 0.124198 0.992221
vn -0.007583 0.120709 0.992659
vn -0.001293 0.022233 0.999752
vn 0.016760 0.028462 0.999454
vn -0.014099 0.026596 0.999547
vn -0.000650 -0.073854 0.997269
vn 0.015804 -0.071146 0.997341
vn -0.017333 -0.071726 0.997274
vn 0.000449 -0.093016 0.995664
vn 0.011219 -0.094157 0.995494
vn -0.014346 -0.093128 0.995551
vn -0.002217 -0.078976 0.996874
vn 0.009591 -0.051509 0.998626
vn -0.007310 -0.054395 0.998493
vn -0.006286 -0.332598 0.943048
vn 0.009542 -0.277758 0.960604
vn -0.005830 -0.281139 0.959649
vn -0.001598 0.093189 0.995647
vn 0.001297 0.035116 0.999382
vn 0.002841 0.091909 0.995763
vn 0.000764 0.032521 0.999471
vn -0.004005 0.009716 0.999945
vn -0.004407 0.014828 0.999880
vn 0.006205 0.110267 0.993883
vn -0.002219 0.107059 0.994250
vn 0.026540 0.153914 0.987728
vn -0.002274 0.163028 0.986619
vn 0.001219 0.106158 0.994349
vn -0.001967 0.095579 0.995420
vn -0.003611 0.015568 0.999872
vn -0.001837 0.015756 0.999874
vn -0.006854 -0.064200 0.997914
vn 0.008082 -0.062071 0.998039
vn -0.005142 -0.076809 0.997033
vn 0.009677 -0.075868 0.997071
vn -0.005583 -0.047877 0.998838
vn 0.010308 -0.045084 0.998930
vn -0.001025 -0.249595 0.968350
vn 0.006231 -0.251631 0.967803
vn -0.120478 0.154630 0.980599
vn 0.000373 0.059172 0.998248
vn 0.119134 0.142049 0.982664
vn -0.001853 0.059072 0.998252
vn -0.160753 0.032099 0.986473
vn 0.157742 0.041686 0.986600
vn -0.026853 0.299813 0.953620
vn 0.044201 0.191044 0.980586
vn -0.044201 0.191044 0.980586
vn 0.026853 0.299813 0.953620
vn -0.191069 0.018136 0.981409
vn 0.195995 0.049980 0.979330
vn -0.048010 0.120858 0.991508
vn 0.063851 0.076483 0.995024
vn -0.031310 0.144436 0.989019
vn 0.014563 0.126989 0.991797
vn -0.013804 0.021349 0.999677
vn 0.018127 0.022919 0.999573
vn -0.020662 -0.058723 0.998060
vn 0.025430 -0.056487 0.998079
vn -0.028428 -0.077013 0.996625
vn 0.027690 -0.080163 0.996397
vn -0.023232 -0.060933 0.997871
vn 0.021249 -0.056520 0.998175
vn -0.023871 -0.258016 0.965846
vn 0.022159 -0.261666 0.964904
vn 0.060039 0.154453 0.986174
vn -0.028163 0.145334 0.988982
vn 0.026317 0.062088 0.997724
vn 0.076507 0.136356 0.987701
vn 0.087396 -0.034507 0.995576
vn -0.010584 0.139669 0.990142
vn -0.120537 0.018556 0.992535
vn 0.005469 0.140374 0.990083
vn -0.044769 0.135302 0.989792
vn -0.020346 0.047501 0.998664
vn -0.038484 0.102454 0.993993
vn -0.042759 0.168533 0.984768
vn 0.039150 0.068793 0.996862
vn 0.161740 0.156379 0.974364
vn 0.178665 0.083272 0.980380
vn 0.081412 0.063902 0.994630
vn 0.003036 0.104726 0.994496
vn -0.098140 0.221716 0.970160
vn -0.027297 0.071397 0.997074
vn 0.114401 0.149515 0.982119
vn 0.108620 0.142509 0.983816
vn -0.183196 0.162006 0.969636
vn -0.040648 0.089613 0.995147
vn -0.052968 0.138337 0.988968
vn 0.120796 0.019347 0.992489
vn -0.202205 0.055072 0.977794
vn 0.252628 0.046821 0.966430
vn 0.393521 0.035616 0.918626
vn -0.217758 0.047114 0.974865
vn -0.462341 0.070632 0.883885
vn -0.178543 0.079220 0.980738
vn 0.378351 0.046657 0.924486
vn 0.245834 0.070218 0.966765
vn -0.372862 0.044445 0.926822
vn -0.270570 0.074071 0.959847
vn 0.199129 0.134396 0.970714
vn 0.277112 0.182871 0.943275
vn -0.204688 0.137067 0.969183
vn -0.277065 0.179355 0.943963
vn 0.044634 0.036402 0.998340
vn 0.040053 -0.040036 0.998395
vn 0.084433 -0.037800 0.995712
vn 0.079614 0.042759 0.995908
vn -0.046719 0.042547 0.998002
vn -0.043343 -0.038396 0.998322
vn 0.051506 -0.064004 0.996620
vn 0.115552 -0.059723 0.991504
vn -0.051093 -0.066304 0.996491
vn -0.077941 0.041225 0.996105
vn 0.110943 -0.034918 0.993213
vn 0.051842 -0.050963 0.997354
vn -0.051628 -0.049336 0.997447
vn 0.047533 -0.273738 0.960629
vn 0.086340 -0.180971 0.979691
vn -0.048969 -0.275674 0.960003
vn -0.000501 -0.468447 0.883491
vn 0.015624 -0.469162 0.882974
vn 0.002137 -0.464397 0.885624
vn -0.008869 -0.520085 0.854068
vn -0.006169 -0.559998 0.828471
vn 0.006918 -0.528279 0.849043
vn 0.006259 -0.469050 0.883149
vn -0.018952 -0.468314 0.883359
vn 0.002881 -0.471539 0.881841
vn 0.010667 -0.377363 0.926004
vn -0.084433 -0.037800 0.995712
vn -0.117592 -0.057014 0.991424
vn -0.112648 -0.036512 0.992964
vn -0.086340 -0.180971 0.979691
vn -0.010667 -0.377363 0.926004
vn 0.345895 0.485627 0.802822
vn -0.100086 0.145808 0.984237
vn -0.016121 0.188899 0.981864
vn -0.558658 0.499704 0.661964
vn -0.139134 -0.045692 0.989219
vn 0.108863 -0.150048 0.982667
vn 0.005155 0.130918 0.991380
vn 0.029862 0.183880 0.982495
vn 0.333877 0.210002 0.918926
vn -0.015663 0.072690 0.997232
vn -0.397366 0.332907 0.855145
vn -0.059136 0.066558 0.996029
vn -0.248713 0.023518 0.968292
vn 0.066333 0.080886 0.994514
vn -0.197179 -0.005146 0.980354
vn -0.778530 -0.077850 0.622760
vn -0.232492 0.025670 0.972259
vn 0.197545 -0.023506 0.980012
vn 0.532145 -0.030731 0.846095
vn 0.183850 -0.044325 0.981954
vn -0.165504 -0.034364 0.985610
vn -0.000926 0.025707 0.999669
vn 0.381195 -0.447156 0.809162
vn -0.035290 0.018641 0.999203
vn 0.105101 -0.021805 0.994222
vn 0.276962 0.245037 0.929112
vn 0.038602 0.035351 0.998629
vn 0.067079 -0.639875 0.765546
vn -0.025912 0.023109 0.999397
vn -0.001830 0.404906 0.914357
vn -0.070579 -0.085296 0.993853
vn -0.792802 -0.384592 0.472815
vn 0.000406 -0.061864 0.998084
vn -0.154476 0.292389 0.943740
vn 0.816751 -0.479080 0.321559
vn 0.942519 -0.017823 0.333678
vn 0.911804 -0.052352 -0.407275
vn 0.736261 -0.410123 -0.538256
vn -0.510023 -0.085945 0.855856
vn -0.388295 -0.411185 0.824715
vn -0.845441 -0.514596 0.142904
vn -0.940076 -0.061190 0.335429
vn -0.140348 0.083016 -0.986616
vn 0.905240 0.381107 -0.187880
vn -0.363987 0.890836 -0.271891
vn -0.349953 0.507146 0.787614
vn -0.890970 0.159909 -0.424973
vn -0.934527 0.214736 -0.283810
vn -0.791670 0.529251 -0.305210
vn -0.994809 0.045561 0.090990
vn 0.744722 0.643658 -0.176334
vn 0.992380 0.061692 0.106657
vn 0.773614 -0.083995 0.628065
vn 0.556168 0.499948 0.663875
vn -0.995148 0.093192 0.031553
vn -0.926044 0.134962 -0.352459
vn 0.491345 -0.664860 0.562620
vn 0.845147 -0.341507 -0.411218
vn 0.136321 -0.983535 -0.118638
vn -0.077271 -0.647678 0.757986
vn 0.403690 -0.759629 -0.509900
vn 0.066698 -0.979970 -0.187642
vn 0.373908 0.881592 -0.288077
vn 0.933721 0.022629 0.357284
vn -0.742774 0.646648 -0.173591
vn -0.992119 0.054704 0.112725
vn -0.999861 -0.014699 0.007805
vn 0.800193 -0.563981 0.204003
vn -0.149922 -0.977704 -0.147032
vn -0.910521 -0.091861 -0.403129
vn 0.173675 0.106844 -0.978990
vn -0.879339 0.403423 -0.253008
vn -0.947418 -0.033365 0.318254
vn 0.801499 0.521176 -0.293215
vn 0.931986 0.231700 -0.278778
vn 0.889068 0.164400 -0.427236
vn 0.993879 0.053167 0.096835
vn -0.211298 -0.717089 -0.664181
vn -0.102004 -0.968205 -0.228416
vn 0.929335 -0.324601 -0.175986
vn 0.917384 -0.290218 -0.272359
vn -0.816143 -0.482871 0.317405
vn -0.762246 -0.337482 -0.552347
vn 0.098141 0.221722 0.970159
vn -0.003036 0.104726 0.994496
vn -0.000436 -0.055968 0.998432
vn -0.430202 -0.720082 0.544434
vn -0.844757 -0.468276 -0.259044
vn -0.910310 -0.300187 -0.284997
vn -0.907582 -0.370647 -0.197269
vn -0.039151 0.068793 0.996862
vn -0.161737 0.156379 0.974365
vn 0.104420 -0.076119 0.991616
vn -0.229198 0.167505 0.958859
vn 0.670647 -0.463539 0.579106
vn 0.987655 -0.118149 -0.102851
vn 0.996192 0.072182 0.048909
vn 0.923138 0.126899 -0.362922
vn -0.968906 -0.151339 0.195749
vn -0.980902 -0.113009 0.158303
vn -0.893272 -0.096367 0.439065
vn -0.923514 -0.134276 0.359294
vn 0.976614 -0.128490 0.172382
vn 0.961726 -0.157823 0.223999
vn 0.924942 -0.173586 0.338156
vn 0.902821 -0.089325 0.420637
vn -0.981401 -0.191574 0.012292
vn -0.989610 -0.129654 -0.062148
vn 0.988647 -0.143044 -0.045998
vn 0.985099 -0.171557 -0.012206
vn -0.967405 -0.003059 0.253217
vn -0.890417 0.038313 0.453530
vn 0.969875 0.019982 0.242783
vn 0.887008 0.060942 0.457714
vn -0.998819 -0.027280 -0.040213
vn 0.999169 -0.018362 -0.036385
vn -0.927116 0.117964 0.355726
vn -0.982161 0.086876 0.166773
vn 0.929929 0.085850 0.357578
vn 0.982428 0.061155 0.176336
vn -0.997228 0.050099 -0.055006
vn 0.997469 0.045821 -0.054367
vn -0.993902 0.077344 0.078594
vn -0.962973 0.079986 0.257458
vn 0.968441 0.091636 0.231786
vn 0.992341 0.086727 0.087965
vn -0.994710 0.074693 -0.070518
vn 0.994173 0.078448 -0.073926
vn -0.949900 0.085056 0.300758
vn -0.991495 0.102943 0.079632
vn 0.949631 0.099409 0.297186
vn 0.991077 0.103445 0.084060
vn -0.991195 0.112274 -0.070195
vn 0.991474 0.107451 -0.073714
vn -0.957911 0.118877 0.261293
vn -0.988363 0.123079 0.089385
vn 0.955476 0.117550 0.270642
vn 0.988858 0.125088 0.080708
vn -0.989475 0.138301 -0.042570
vn 0.989552 0.138098 -0.041410
vn -0.992692 0.098221 0.070102
vn -0.971725 0.105896 0.211038
vn 0.992451 0.103628 0.065589
vn 0.970042 0.102105 0.220438
vn -0.995940 0.089161 -0.012389
vn 0.995187 0.096827 -0.015091
vn -0.931255 -0.270978 0.243588
vn -0.954466 -0.290186 0.069187
vn 0.925963 -0.312211 0.212407
vn 0.942571 -0.321443 0.090741
vn -0.952973 -0.302475 -0.018767
vn 0.951819 -0.305773 -0.023301
vn -0.715406 -0.669520 0.199844
vn -0.552877 -0.696578 0.457281
vn 0.731680 -0.614305 0.295421
vn 0.646831 -0.627247 0.433786
vn -0.797529 -0.603165 -0.011830
vn 0.797001 -0.603775 -0.015636
vn -0.821048 0.535552 0.197647
vn -0.895909 0.408264 0.175124
vn -0.895950 0.416194 0.155098
vn -0.784272 0.594549 0.177282
vn 0.904707 0.392919 0.164684
vn 0.816457 0.546332 0.186870
vn 0.778904 0.600127 0.182088
vn 0.901381 0.395480 0.176375
vn -0.566553 0.816076 0.114188
vn -0.592508 0.796055 0.123413
vn 0.390246 0.918755 0.059973
vn 0.566559 0.816072 0.114181
vn 0.592516 0.796051 0.123402
vn 0.404899 0.911812 0.068229
vn -0.305921 0.950998 0.044890
vn -0.305038 0.951226 0.046054
vn -0.405970 0.911413 0.067197
vn -0.391404 0.918140 0.061824
vn -0.084760 0.996306 -0.013806
vn -0.160359 0.986490 0.033502
vn 0.180873 0.983463 0.009279
vn 0.124968 0.991658 0.031566
vn 0.308720 0.950009 0.046638
vn 0.308162 0.950257 0.045259
vn 0.064417 0.120370 0.990637
vn 0.113012 0.071922 0.990987
vn -0.051001 0.141721 0.988592
vn 0.028557 0.282493 0.958844
vn 0.007865 0.108174 0.994101
vn -0.006195 0.117221 0.993087
vn -0.009243 0.264344 0.964384
vn -0.000000 0.186732 0.982411
vn 0.011774 0.265480 0.964044
vn 0.004039 0.121417 0.992593
vn -0.008866 0.108762 0.994028
vn -0.028559 0.282494 0.958844
vn 0.050998 0.141720 0.988592
vn -0.064418 0.120370 0.990637
vn -0.081413 0.063904 0.994630
vn -0.113013 0.071926 0.990987
vn 0.007693 0.993224 0.115961
vn 0.032878 0.995767 0.085826
vn -0.041526 0.995664 0.083242
vn -0.058290 0.991848 0.113317
vn 0.040108 0.990099 0.134522
vn 0.039940 0.990113 0.134464
vn -0.043963 0.990007 0.133992
vn -0.043759 0.990001 0.134100
vn 0.036142 0.993705 0.106043
vn 0.035784 0.993591 0.107222
vn -0.030974 0.993740 0.107334
vn -0.030770 0.993871 0.106175
vn -0.003538 0.991096 0.133100
vn -0.003439 0.991101 0.133064
vn -0.047106 0.305170 -0.951132
vn -0.448133 0.566084 -0.691900
vn -0.766272 0.516857 -0.381688
vn -0.284138 0.294088 -0.912567
vn 0.530538 0.667765 -0.522130
vn 0.189673 0.334599 -0.923075
vn 0.286070 0.223293 -0.931828
vn 0.677572 0.578922 -0.453591
vn -0.343062 0.787402 -0.512158
vn -0.685775 0.659971 -0.306840
vn 0.619008 0.721776 -0.309626
vn 0.395314 0.770837 -0.499536
vn -0.233344 0.896185 -0.377364
vn -0.604194 0.743291 -0.287173
vn 0.555795 0.798697 -0.230598
vn 0.263038 0.904759 -0.334996
vn -0.185724 0.127961 -0.974234
vn -0.079361 0.108382 -0.990937
vn 0.132466 0.093516 -0.986766
vn 0.158188 0.114389 -0.980761
vn 0.073541 0.143266 -0.986948
vn 0.033096 0.055001 -0.997938
vn -0.025848 0.055255 -0.998138
vn 0.000701 0.039966 -0.999201
vn -0.011017 0.055781 -0.998382
vn -0.105419 0.086050 -0.990698
vn 0.057042 0.686493 -0.724896
vn 0.073449 0.367248 -0.927218
vn -0.075590 0.629488 -0.773324
vn -0.120820 0.376385 -0.918552
vn 0.082807 0.853389 -0.514655
vn -0.051675 0.836212 -0.545965
vn 0.145029 0.952098 -0.269213
vn -0.136046 0.951289 -0.276660
vn 0.180493 -0.143296 -0.973082
vn 0.372425 0.086246 -0.924046
vn 0.022802 0.071472 -0.997182
vn -0.514000 0.292186 -0.806493
vn -0.372389 0.086252 -0.924060
vn -0.036684 0.072668 -0.996681
vn 0.678171 0.532583 -0.506399
vn 0.501886 0.290160 -0.814812
vn -0.688163 0.539753 -0.484870
vn 0.667851 0.710810 -0.220736
vn -0.649908 0.716075 -0.254670
vn 0.743357 0.668281 -0.028646
vn -0.740890 0.670597 -0.037172
vn 0.052579 0.067593 -0.996327
vn -0.195481 -0.136017 -0.971229
vn -0.058323 0.056106 -0.996720
vn 0.015263 0.064029 -0.997831
vn -0.010629 0.031435 -0.999449
vn 0.018340 0.111692 -0.993574
vn 0.019331 -0.197260 -0.980161
vn 0.062041 -0.137779 -0.988518
vn -0.014117 0.115100 -0.993254
vn -0.082073 0.084569 -0.993032
vn -0.170740 -0.066023 -0.983102
vn 0.103084 -0.088311 -0.990745
vn 0.010815 0.077201 -0.996957
vn 0.985577 0.109703 0.128851
vn -0.988906 0.085461 0.121494
vn 0.979320 0.137047 0.148828
vn -0.980748 0.131232 0.144612
vn -0.181250 -0.057687 -0.981744
vn 0.168218 -0.029774 -0.985300
vn -0.005712 -0.045828 -0.998933
vn -0.000164 -0.032586 -0.999469
vn 0.141441 0.003379 -0.989941
vn -0.126880 0.006497 -0.991897
vn 0.752833 0.065991 -0.654895
vn -0.731554 0.085615 -0.676386
vn 0.999986 0.005189 0.000596
vn -0.999904 0.007046 0.011967
vn 0.997018 -0.004499 0.077043
vn -0.996110 -0.017475 0.086363
vn 0.766203 0.197324 -0.611553
vn 0.970421 0.217792 -0.104161
vn -0.741906 0.179162 -0.646124
vn -0.966759 0.234777 -0.101281
vn 0.974425 0.216725 -0.059391
vn -0.971359 0.233066 -0.046273
vn 0.359359 0.134502 -0.923456
vn -0.356748 0.107316 -0.928016
vn 0.999439 0.032168 -0.009369
vn 0.984508 0.174955 -0.011637
vn 0.790043 0.157658 -0.592432
vn 0.719708 -0.008122 -0.694229
vn -0.984506 0.174964 -0.011668
vn -0.790045 0.157661 -0.592429
vn 0.706909 0.388649 -0.590958
vn 0.867141 0.498036 -0.005238
vn -0.709438 0.389711 -0.587217
vn -0.720590 -0.008066 -0.693314
vn -0.999410 0.032795 -0.010175
vn -0.867478 0.497436 -0.006308
vn 0.349546 0.140040 -0.926394
vn 0.174245 0.089314 -0.980644
vn -0.289411 0.195602 -0.937007
vn 0.385736 0.616335 -0.686541
vn -0.398285 0.592294 -0.700398
vn -0.061861 0.013976 -0.997987
vn 0.999482 0.032017 -0.003230
vn 0.977677 0.210112 -0.000782
vn -0.977675 0.210123 -0.000826
vn 0.870203 0.492677 -0.003889
vn -0.999496 0.031608 -0.003012
vn -0.869980 0.493074 -0.003548
vn 0.529325 0.848065 -0.024509
vn -0.547419 0.836804 -0.009626
vn 0.546424 0.837509 -0.000769
vn -0.547398 0.836872 0.000027
vn 0.200208 0.580576 -0.789207
vn 0.288705 0.935796 -0.202323
vn -0.179676 0.569965 -0.801784
vn -0.283668 0.939957 -0.189774
vn 0.331380 0.943492 0.003318
vn -0.333615 0.942683 0.007066
vn 0.029545 0.692760 -0.720562
vn -0.081910 0.679327 -0.729250
vn 0.180107 0.695087 -0.695999
vn -0.303442 0.038228 -0.952083
vn -0.261928 0.736162 -0.624067
vn 0.102009 -0.099886 -0.989756
vn 0.311272 0.069874 -0.947749
vn -0.132379 -0.060408 -0.989357
vn 0.015478 -0.135098 -0.990711
vn 0.082866 -0.010915 -0.996501
vn -0.105019 -0.036327 -0.993807
vn -0.032885 -0.136211 -0.990134
vn 0.064571 0.642811 -0.763298
vn 0.034523 0.602124 -0.797656
vn -0.064571 0.642811 -0.763299
vn -0.014990 0.532782 -0.846120
vn -0.018152 0.500372 -0.865620
vn -0.034446 0.602085 -0.797688
vn 0.039692 0.960220 -0.276410
vn -0.044788 0.963690 -0.263242
vn 0.062914 0.997994 -0.007014
vn -0.058213 0.998301 -0.002596
vn 0.018564 0.627832 -0.778127
vn 0.022527 0.599816 -0.799821
vn -0.000000 0.593424 -0.804890
vn -0.000000 0.640573 -0.767897
vn -0.018564 0.627832 -0.778127
vn -0.022527 0.599816 -0.799821
vn -0.007562 0.229109 -0.973371
vn 0.008229 0.121707 -0.992532
vn -0.008834 0.196496 -0.980465
vn 0.002434 -0.104225 -0.994551
vn 0.000227 -0.124681 -0.992197
vn -0.001079 -0.102952 -0.994686
vn 0.000197 -0.131064 -0.991374
vn 0.000566 -0.131930 -0.991259
vn 0.000354 -0.132933 -0.991125
vn 0.000841 0.070359 -0.997521
vn 0.000719 0.145324 -0.989384
vn -0.004619 0.072552 -0.997354
vn -0.007467 0.141173 -0.989957
vn -0.000445 -0.051733 -0.998661
vn -0.002302 -0.048897 -0.998801
vn -0.000531 -0.052580 -0.998617
vn 0.007007 0.042424 -0.999075
vn -0.002597 0.050382 -0.998727
vn -0.000000 -0.053736 -0.998555
vn 0.000531 -0.052580 -0.998617
vn -0.000703 0.039984 -0.999200
vn 0.013644 0.084119 -0.996362
vn -0.001685 0.082002 -0.996631
vn -0.005777 0.107744 -0.994162
vn 0.029480 0.830917 -0.555615
vn -0.015037 0.846580 -0.532049
vn 0.035261 0.999378 -0.000078
vn -0.035403 0.999373 0.000014
vn 0.010939 0.774418 -0.632580
vn 0.000118 0.999996 -0.002841
vn -0.063877 -0.997908 -0.009976
vn -0.149884 -0.987480 -0.049182
vn 0.148743 -0.987582 -0.050575
vn 0.057611 -0.998282 0.010675
vn -0.088957 -0.995674 -0.026840
vn -0.148350 -0.985048 -0.087592
vn 0.079338 -0.996362 -0.031124
vn 0.149228 -0.984952 -0.087186
vn -0.000611 -0.999554 0.029863
vn 0.014035 -0.993515 0.112832
vn -0.001011 -0.998904 0.046785
vn -0.004963 -0.996617 0.082036
vn 0.000970 -0.999797 0.020124
vn -0.002182 -0.997951 0.063939
vn 0.014704 -0.998835 0.045966
vn 0.001573 -0.999625 0.027341
vn -0.000527 -0.997471 0.071068
vn -0.001848 -0.999772 0.021259
vn 0.002278 -0.997670 0.068191
vn 0.002299 -0.999711 0.023913
vn -0.001553 -0.999720 0.023632
vn -0.001277 -0.996680 0.081404
vn 0.002689 -0.999745 0.022431
vn 0.006716 -0.996383 0.084706
vn -0.001451 -0.999913 0.013100
vn -0.004469 -0.998964 0.045286
vn -0.009635 -0.000088 0.999954
vn -0.250478 0.277237 0.927578
vn -0.012632 -0.007067 0.999895
vn -0.226970 -0.143984 0.963200
vn 0.148883 -0.051761 0.987499
vn 0.275560 -0.040306 0.960439
vn 0.216032 0.032624 0.975841
vn 0.226382 0.159367 0.960913
vn 0.150976 0.289592 0.945168
vn 0.003055 0.401360 0.915915
vn -0.770440 -0.005602 0.637488
vn -0.715671 0.074856 0.694414
vn 0.004405 0.284590 0.958639
vn -0.032940 -0.022951 0.999194
vn -0.044293 0.330283 0.942842
vn 0.833660 0.247658 0.493636
vn 0.771898 -0.003501 0.635737
vn 0.034128 -0.021431 0.999188
vn 0.631641 0.104205 0.768226
vn 0.702683 -0.020442 0.711209
vn -0.767637 0.251874 0.589315
vn -0.715051 -0.019438 0.698802
vn -0.773257 -0.004818 -0.634074
vn -0.759625 -0.058235 -0.647749
vn 0.557126 -0.695114 0.454343
vn 0.782134 -0.008277 -0.623055
vn -0.057910 0.007979 0.998290
vn 0.597224 -0.078425 0.798231
vn 0.057910 0.007979 0.998290
vn -0.611021 -0.076186 0.787940
vn -0.811721 0.115854 0.572440
vn 0.811115 0.106201 0.575163
vn -0.777418 0.058719 -0.626238
vn 0.787602 0.047279 -0.614368
vn 0.966816 0.034487 0.253135
vn 0.991640 -0.012688 0.128407
vn -0.989614 -0.022081 0.142043
vn -0.906752 0.211639 -0.364706
vn 0.939200 -0.109009 0.325607
vn -0.928569 -0.107132 0.355363
vn -0.793067 0.240368 -0.559703
vn -0.761138 0.291397 0.579444
vn 0.795363 0.244720 -0.554537
vn 0.757712 0.287931 0.585635
vn -0.080351 0.069256 0.994358
vn 0.080350 0.069255 0.994358
vn 0.472701 -0.154084 0.867647
vn -0.488920 -0.157666 0.857962
vn 0.773996 -0.273931 0.570870
vn -0.752826 -0.269529 0.600506
vn -0.754212 0.448237 -0.479841
vn -0.645967 0.440680 0.623320
vn 0.752047 0.452428 -0.479305
vn 0.640463 0.440596 0.629033
vn -0.087242 0.109087 0.990196
vn 0.087245 0.109089 0.990196
vn 0.350977 -0.181152 0.918694
vn -0.358760 -0.194578 0.912924
vn 0.575958 -0.352504 0.737573
vn -0.556643 -0.347531 0.754567
vn -0.648028 0.618136 -0.444935
vn -0.514524 0.565162 0.644870
vn 0.648506 0.615658 -0.447666
vn 0.515924 0.550952 0.655953
vn -0.063325 0.110220 0.991888
vn 0.064236 0.111961 0.991634
vn 0.272050 -0.220169 0.936758
vn -0.277907 -0.227020 0.933397
vn 0.450028 -0.427300 0.784149
vn -0.444279 -0.412437 0.795306
vn -0.514894 0.795083 -0.320511
vn -0.332217 0.601447 0.726563
vn 0.501261 0.796887 -0.337206
vn 0.335720 0.588692 0.735346
vn -0.044402 0.130747 0.990421
vn 0.055394 0.124883 0.990624
vn 0.186226 -0.247924 0.950712
vn -0.187518 -0.260754 0.947019
vn 0.304663 -0.486116 0.819068
vn -0.295753 -0.477386 0.827425
vn 0.086346 -0.294632 0.951702
vn 0.125877 -0.505298 0.853715
vn -0.099460 -0.299492 0.948901
vn -0.130493 -0.487112 0.863535
vn 0.019565 -0.398609 0.916912
vn 0.010652 -0.241100 0.970442
vn -0.012575 0.070871 0.997406
vn -0.000620 0.075888 0.997116
vn 0.003861 0.107186 0.994231
vn -0.155317 0.586698 0.794771
vn 0.140957 0.593812 0.792160
vn 0.002616 0.643376 0.765546
vn -0.307864 0.908014 -0.284132
vn 0.294996 0.908428 -0.296203
vn 0.004430 0.940463 -0.339868
vn -0.066165 -0.063560 -0.995782
vn -0.064606 -0.030033 -0.997459
vn 0.050670 -0.026392 -0.998367
vn 0.045845 -0.073286 -0.996257
vn 0.331918 -0.086069 -0.939374
vn 0.225865 -0.030418 -0.973684
vn -0.232763 -0.023981 -0.972238
vn -0.337494 -0.097848 -0.936228
vn -0.121841 -0.033329 -0.991990
vn 0.102726 -0.029736 -0.994265
vn 0.354140 -0.170912 -0.919442
vn -0.360009 -0.178144 -0.915783
vn -0.123607 0.025283 -0.992009
vn 0.117927 0.024073 -0.992730
vn 0.348072 -0.255222 -0.902058
vn -0.344325 -0.272384 -0.898469
vn -0.144223 0.092405 -0.985221
vn 0.133462 0.096131 -0.986381
vn 0.245749 -0.316787 -0.916108
vn -0.259530 -0.293425 -0.920079
vn -0.095949 0.103559 -0.989985
vn 0.090186 0.102519 -0.990634
vn 0.220670 -0.400665 -0.889254
vn -0.218930 -0.406739 -0.886923
vn 0.047443 0.096706 -0.994182
vn -0.042057 0.094805 -0.994607
vn 0.001714 0.102042 -0.994779
vn -0.141230 -0.507113 -0.850230
vn 0.145168 -0.496279 -0.855940
vn 0.003088 -0.557992 -0.829841
vn -0.399103 -0.008196 -0.916870
vn -0.542291 -0.099901 -0.834230
vn -0.589778 -0.257925 -0.765269
vn -0.561647 -0.454509 -0.691357
vn -0.459723 -0.500475 -0.733607
vn -0.365824 -0.626998 -0.687783
vn -0.213287 -0.782872 -0.584482
vn 0.011352 -0.866511 -0.499028
vn 0.210920 -0.795588 -0.567936
vn 0.372961 -0.639376 -0.672383
vn 0.434480 -0.525647 -0.731384
vn 0.564657 -0.417985 -0.711654
vn 0.598083 -0.262907 -0.757084
vn 0.561482 -0.095418 -0.821969
vn 0.425895 -0.018507 -0.904583
vn -0.018597 -0.005737 -0.999811
vn -0.027346 -0.003196 -0.999621
vn -0.070136 0.011737 -0.997468
vn 0.079884 -0.018082 -0.996640
vn 0.570509 -0.106980 0.814294
vn 0.317332 0.046058 -0.947195
vn 0.688821 0.174554 0.703603
vn -0.018834 0.162129 0.986590
vn -0.031843 -0.022955 0.999229
vn 0.652577 0.037080 0.756815
vn -0.694045 0.145960 0.704980
vn -0.669237 0.044642 0.741707
vn -0.012832 -0.026777 0.999559
vn 0.648717 0.042519 0.759841
vn -0.616722 0.034405 0.786429
vn 0.785607 -0.011106 -0.618626
vn 0.805409 -0.000634 -0.592719
vn 0.823177 0.002703 -0.567778
vn -0.986083 0.091513 0.138802
vn -0.987304 0.068245 0.143433
vn -0.975850 0.019515 0.217569
vn 0.000401 0.102226 0.994761
vn 0.746943 0.063501 0.661848
vn -0.637438 0.082999 0.766018
vn 0.659546 0.083137 0.747052
vn 0.000002 0.106425 0.994321
vn -0.690740 0.080644 0.718592
vn -0.978997 0.028960 0.201805
vn -0.993173 0.016635 0.115460
vn 0.705093 -0.082047 -0.704353
vn 0.752089 -0.087429 -0.653237
vn -0.032484 -0.121377 -0.992075
vn -0.055508 -0.131796 -0.989722
vn -0.051608 -0.073606 -0.995951
vn -0.182713 -0.138833 -0.973315
vn 0.015296 -0.092063 -0.995636
vn -0.109929 -0.101701 -0.988723
vn -0.090755 -0.081639 -0.992521
vn 0.014747 -0.074667 -0.997099
vn -0.085602 -0.027789 -0.995942
vn 0.084112 -0.032606 -0.995923
vn -0.112078 -0.070400 -0.991202
vn -0.035352 0.148034 0.988350
vn -0.736498 0.136722 0.662478
vn -0.690280 0.035971 0.722647
vn -0.027729 -0.021202 0.999391
vn 0.570941 0.046630 0.819666
vn 0.629347 0.159120 0.760659
vn -0.016957 -0.042617 0.998948
vn 0.581656 0.012259 0.813342
vn -0.756344 0.033399 0.653321
vn 0.644110 0.082617 0.760459
vn -0.000424 0.093840 0.995587
vn -0.758747 0.072913 0.647292
vn 0.000001 0.106426 0.994321
vn -0.747262 0.067631 0.661079
vn 0.685404 0.079146 0.723849
vn -0.675574 -0.084634 -0.732418
vn -0.636175 -0.087242 -0.766597
vn -0.721181 -0.030919 -0.692056
vn -0.759139 -0.008798 -0.650870
vn -0.734065 -0.018726 -0.678821
vn 0.938653 0.047987 0.341509
vn 0.972083 0.068038 0.224556
vn 0.930470 0.044578 0.363647
vn 0.985748 0.025351 0.166306
vn 0.996160 0.010076 0.086966
vn 0.010339 -0.149244 -0.988746
vn 0.014372 -0.126565 -0.991854
vn 0.101776 -0.112078 -0.988474
vn 0.025111 -0.154265 -0.987710
vn 0.024641 -0.081466 -0.996371
vn 0.072560 -0.027789 -0.996977
vn 0.034514 -0.099515 -0.994437
vn 0.140719 -0.058386 -0.988326
vn 0.021146 -0.080675 -0.996516
vn 0.195544 -0.103310 -0.975238
vn 0.201263 -0.020867 -0.979315
vn 0.054293 0.019695 -0.998331
vn -0.101028 -0.208770 -0.972733
vn -0.017835 0.333468 0.942593
vn -0.647159 0.241686 0.723030
vn -0.955867 0.293745 0.005663
vn -0.051892 -0.065085 -0.996530
vn -0.084315 -0.004978 -0.996427
vn 0.107324 0.010172 -0.994172
vn 0.818834 0.140141 -0.556661
vn 0.668019 0.203333 0.715825
vn -0.869157 0.055156 -0.491451
vn -0.626541 0.258097 0.735413
vn 0.200327 -0.122758 -0.972008
vn 0.657102 0.252046 0.710415
vn 0.975341 0.122988 0.183258
vn -0.006299 0.335487 0.942024
vn -0.770440 -0.005602 -0.637488
vn -0.031975 -0.024315 -0.999193
vn -0.021288 0.212211 -0.976992
vn -0.700664 0.107016 -0.705420
vn -0.025689 0.237363 -0.971081
vn 0.032970 -0.023055 -0.999190
vn 0.771898 -0.003501 -0.635737
vn 0.932876 0.032671 -0.358713
vn 0.117500 -0.023227 -0.992801
vn 0.035494 0.126089 -0.991384
vn -0.012851 0.090930 -0.995774
vn -0.118383 -0.021789 -0.992729
vn -0.773257 -0.004818 0.634074
vn -0.746013 -0.044937 0.664414
vn -0.012500 -0.734126 0.678898
vn 0.782002 -0.008966 0.623211
vn -0.057910 0.007979 -0.998290
vn 0.160350 -0.023158 -0.986789
vn -0.160350 -0.023158 -0.986789
vn 0.057910 0.007979 -0.998290
vn -0.811721 0.115854 -0.572440
vn 0.811115 0.106201 -0.575163
vn -0.777418 0.058719 0.626238
vn 0.787602 0.047279 0.614368
vn 0.859810 0.047279 0.508421
vn 0.957428 0.117619 -0.263623
vn 0.989824 -0.010770 -0.141890
vn 0.875905 -0.019309 0.482097
vn -0.877728 -0.023153 0.478600
vn -0.994365 -0.015544 -0.104868
vn -0.920566 0.247039 0.302538
vn -0.707985 0.230422 -0.667580
vn 0.925978 -0.119203 -0.358267
vn 0.936754 -0.128079 0.325712
vn -0.937810 -0.132559 0.320842
vn -0.938431 -0.113423 -0.326318
vn -0.793067 0.240368 0.559703
vn -0.761138 0.291397 -0.579444
vn 0.757712 0.287931 -0.585635
vn 0.795363 0.244720 0.554537
vn -0.080351 0.069256 -0.994358
vn 0.080350 0.069255 -0.994358
vn 0.162066 -0.027183 -0.986405
vn -0.162066 -0.027183 -0.986405
vn 0.749697 -0.273160 -0.602775
vn 0.923057 -0.361427 0.131665
vn -0.924142 -0.363246 0.118378
vn -0.772587 -0.277171 -0.571214
vn -0.754212 0.448237 0.479841
vn -0.645967 0.440680 -0.623319
vn 0.640463 0.440596 -0.629033
vn 0.752047 0.452428 0.479305
vn -0.087242 0.109087 -0.990196
vn 0.087245 0.109089 -0.990196
vn 0.123564 -0.040375 -0.991515
vn -0.123563 -0.040373 -0.991515
vn 0.570118 -0.320026 -0.756670
vn 0.828518 -0.558789 -0.036216
vn -0.811529 -0.580626 -0.065531
vn -0.581840 -0.344847 -0.736575
vn -0.648028 0.618136 0.444935
vn -0.514524 0.565162 -0.644870
vn 0.515924 0.550952 -0.655953
vn 0.648506 0.615658 0.447666
vn -0.063325 0.110220 -0.991888
vn 0.064236 0.111962 -0.991634
vn 0.096017 -0.048920 -0.994177
vn -0.095705 -0.052564 -0.994021
vn 0.454274 -0.400987 -0.795515
vn 0.679536 -0.733145 -0.027003
vn -0.702892 -0.710419 -0.035326
vn -0.465266 -0.409703 -0.784647
vn -0.514894 0.795083 0.320511
vn -0.332217 0.601447 -0.726563
vn 0.335720 0.588693 -0.735346
vn 0.501261 0.796887 0.337206
vn -0.044402 0.130747 -0.990421
vn 0.055394 0.124883 -0.990624
vn 0.067326 -0.053063 -0.996319
vn -0.066675 -0.062271 -0.995830
vn 0.314710 -0.462558 -0.828853
vn 0.512551 -0.851280 -0.112315
vn -0.510848 -0.852747 -0.108890
vn -0.317476 -0.477689 -0.819159
vn 0.140908 -0.482661 -0.864397
vn 0.244675 -0.945274 -0.215850
vn -0.255149 -0.942618 -0.215337
vn -0.148980 -0.496925 -0.854910
vn 0.015457 -0.399869 -0.916442
vn 0.023416 -0.934781 -0.354452
vn -0.012575 0.070871 -0.997406
vn 0.036586 -0.123258 -0.991700
vn -0.053103 -0.118539 -0.991528
vn -0.000620 0.075888 -0.997116
vn 0.003861 0.107186 -0.994231
vn 0.006348 -0.101308 -0.994835
vn -0.155317 0.586698 -0.794771
vn 0.140957 0.593812 -0.792160
vn 0.002616 0.643376 -0.765546
vn -0.307864 0.908014 0.284132
vn 0.294996 0.908428 0.296203
vn 0.004430 0.940463 0.339868
vn -0.066165 -0.063560 0.995782
vn -0.064606 -0.030033 0.997459
vn 0.051055 -0.026806 0.998336
vn 0.045845 -0.073286 0.996257
vn 0.225865 -0.030418 0.973684
vn 0.331918 -0.086069 0.939374
vn -0.337494 -0.097848 0.936228
vn -0.232763 -0.023981 0.972238
vn -0.121841 -0.033329 0.991990
vn 0.102726 -0.029736 0.994265
vn 0.354140 -0.170913 0.919442
vn -0.360009 -0.178144 0.915783
vn -0.123607 0.025283 0.992009
vn 0.117927 0.024073 0.992730
vn 0.348072 -0.255222 0.902057
vn -0.344325 -0.272384 0.898469
vn -0.144223 0.092405 0.985221
vn 0.133462 0.096131 0.986381
vn 0.245749 -0.316787 0.916108
vn -0.259530 -0.293425 0.920079
vn -0.095949 0.103559 0.989985
vn 0.090186 0.102519 0.990634
vn 0.220670 -0.400665 0.889254
vn -0.218930 -0.406739 0.886923
vn 0.047443 0.096706 0.994182
vn -0.042057 0.094805 0.994607
vn 0.001714 0.102042 0.994779
vn -0.141230 -0.507113 0.850230
vn 0.145168 -0.496279 0.855940
vn 0.003088 -0.557992 0.829841
vn -0.023090 0.000657 0.999733
vn -0.047159 0.011608 0.998820
vn -0.075924 0.011238 0.997050
vn 0.084124 -0.004900 0.996443
vn 0.688056 0.172651 -0.704819
vn 0.652577 0.037080 -0.756815
vn -0.031843 -0.022954 -0.999229
vn -0.020871 0.166882 -0.985756
vn -0.071957 0.025960 -0.997070
vn -0.106297 0.149463 -0.983037
vn -0.012832 -0.026777 -0.999559
vn 0.648717 0.042519 -0.759841
vn 0.004768 0.040001 -0.999188
vn 0.785607 -0.011106 0.618626
vn 0.802589 0.006213 0.596500
vn 0.823177 0.002702 0.567778
vn -0.987100 0.084439 -0.136028
vn -0.985700 0.044302 -0.162580
vn -0.785566 -0.009758 0.618701
vn -0.790167 0.015831 0.612687
vn -0.969853 0.014312 -0.243271
vn -0.810251 -0.062081 0.582786
vn 0.746943 0.063501 -0.661848
vn 0.000401 0.102226 -0.994761
vn 0.001130 0.100766 -0.994910
vn 0.668722 0.083296 -0.738832
vn 0.000002 0.106425 -0.994321
vn 0.000006 0.106424 -0.994321
vn -0.983400 0.006385 -0.181340
vn -0.843884 -0.083684 0.529959
vn -0.993869 -0.006444 0.110379
vn -0.645997 -0.030645 0.762724
vn 0.704852 -0.082825 0.704503
vn 0.758007 -0.078520 0.647503
vn 0.000636 -0.097078 0.995277
vn -0.051557 -0.125741 0.990723
vn 0.015296 -0.092063 0.995636
vn 0.014747 -0.074668 0.997099
vn 0.161843 0.037485 0.986104
vn -0.086077 -0.028094 0.995892
vn -0.037847 0.153713 -0.987390
vn -0.029393 -0.029841 -0.999122
vn -0.688434 0.032203 -0.724584
vn -0.733495 0.138882 -0.665355
vn 0.034616 0.044413 -0.998413
vn 0.054938 0.219387 -0.974090
vn -0.021169 -0.042378 -0.998877
vn 0.005704 -0.026511 -0.999632
vn -0.748990 0.030787 -0.661866
vn -0.000657 0.095041 -0.995473
vn -0.002403 0.098229 -0.995161
vn -0.757396 0.076630 -0.648443
vn 0.000001 0.106427 -0.994321
vn -0.747262 0.067631 -0.661079
vn -0.000006 0.106430 -0.994320
vn -0.676486 -0.082643 0.731804
vn -0.642796 -0.086579 0.761129
vn -0.721181 -0.030919 0.692056
vn -0.759139 -0.008798 0.650870
vn -0.738651 -0.040383 0.672877
vn 0.877763 -0.005495 0.479063
vn 0.947093 0.031751 -0.319386
vn 0.972838 0.031186 -0.229378
vn 0.843578 -0.027835 0.536285
vn 0.828526 0.012750 0.559806
vn 0.929599 0.041369 -0.366243
vn 0.796577 -0.063410 0.601202
vn 0.982173 0.032815 -0.185090
vn 0.740495 -0.102146 0.664254
vn 0.995283 0.012714 -0.096174
vn 0.012283 -0.144338 0.989452
vn 0.015322 -0.124251 0.992132
vn 0.024641 -0.081466 0.996371
vn 0.034514 -0.099516 0.994437
vn 0.012308 -0.093937 0.995502
vn 0.070984 0.007728 0.997448
vn 0.199331 -0.003898 0.979924
vn -0.114107 -0.059141 0.991707
vn -0.038371 0.224609 -0.973693
vn -0.017118 0.295136 -0.955302
vn -0.782793 0.181955 0.595086
vn -0.980672 0.132704 -0.143778
vn -0.139324 -0.013618 0.990153
vn 0.011579 -0.006387 0.999913
vn 0.776101 0.363203 0.515510
vn 0.697030 0.315508 -0.643897
vn -0.634034 0.232886 -0.737404
vn -0.904765 0.059908 0.421677
vn 0.821598 -0.027718 0.569393
vn 0.977039 0.093005 -0.191689
vn 0.071878 0.254927 -0.964285
vn -0.021641 0.285280 -0.958200
vn 0.000395 -0.051196 -0.998689
vn -0.017104 -0.023649 0.999574
vn -0.026334 -0.992266 0.121301
vn 0.001177 -0.977567 0.210620
vn 0.008607 -0.972096 0.234426
vn -0.019320 -0.989353 0.144248
vn 0.017683 -0.972087 0.233953
vn -0.007485 -0.987560 0.157062
vn -0.013996 -0.990476 0.136971
vn 0.011638 -0.976414 0.215595
vn 0.004467 -0.981386 0.191994
vn 0.018162 -0.973380 0.228474
vn 0.021389 -0.971267 0.237028
vn 0.008027 -0.979454 0.201506
vn 0.091288 -0.968299 0.232514
vn 0.028027 -0.998867 0.038462
vn 0.009524 -0.999794 -0.017922
vn 0.075889 -0.979787 0.185088
vn 0.081271 -0.996026 -0.036430
vn 0.025024 -0.982282 -0.185729
vn 0.009526 -0.974141 -0.225742
vn 0.065650 -0.994746 -0.078549
vn -0.024888 -0.972789 -0.230351
vn 0.010773 -0.989601 -0.143435
vn 0.021577 -0.992921 -0.116799
vn -0.012507 -0.979644 -0.200352
vn -0.013895 -0.973348 -0.228914
vn 0.010653 -0.987500 -0.157258
vn 0.016634 -0.990064 -0.139631
vn -0.007657 -0.977497 -0.210811
vn -0.030864 -0.972905 -0.229134
vn 0.001103 -0.989432 -0.144993
vn 0.008678 -0.992135 -0.124872
vn -0.021803 -0.978434 -0.205408
vn 0.005074 0.022717 -0.999729
vn 0.005687 0.022730 -0.999725
vn -0.008412 -0.001004 -0.999964
vn -0.005315 0.003917 -0.999978
vn -0.000032 0.000032 -1.000000
vn 0.002838 0.004533 -0.999986
vn 0.012631 0.002671 -0.999917
vn 0.012533 0.001311 -0.999921
vn -0.014089 0.002881 -0.999897
vn -0.014058 0.001448 -0.999900
vn 0.029070 0.010235 -0.999525
vn 0.027386 0.007472 -0.999597
vn -0.486749 0.003550 -0.873535
vn -0.507492 0.002610 -0.861653
vn 0.950793 -0.001928 -0.309820
vn 0.840959 -0.002697 -0.541092
vn 0.846179 -0.004257 -0.532881
vn 0.947590 -0.000807 -0.319489
vn -0.948218 -0.002045 -0.317615
vn -0.951386 -0.000570 -0.308000
vn 0.981760 -0.005891 0.190033
vn 0.992516 0.003635 0.122060
vn -0.991697 -0.009024 0.128277
vn -0.980935 0.004768 0.194278
vn 0.808899 -0.007940 0.587894
vn 0.876204 0.002810 0.481932
vn -0.877222 -0.015367 0.479839
vn -0.809220 0.008407 0.587446
vn 0.527388 -0.004246 0.849614
vn 0.638769 0.006729 0.769369
vn -0.637705 -0.009738 0.770219
vn -0.526053 0.014824 0.850322
vn 0.165618 -0.001183 0.986189
vn 0.240395 0.007164 0.970649
vn -0.246613 -0.003326 0.969108
vn -0.172848 0.009803 0.984900
vn 0.002714 0.000505 0.999996
vn 0.002601 0.000935 0.999996
vn -0.003091 0.000576 0.999995
vn -0.003288 0.001161 0.999994
vn 0.000000 0.000001 1.000000
vn -0.000001 -0.000001 1.000000
vn 0.000002 0.000000 1.000000
vn 0.000002 -0.000001 1.000000
vn -0.000000 0.000000 1.000000
vn -0.000000 0.000000 1.000000
vn 0.057397 0.998351 0.000440
vn 0.040313 0.702446 0.710594
vn -0.000000 0.697424 0.716659
vn -0.000000 1.000000 0.000000
vn -0.040772 0.702262 0.710750
vn -0.058065 0.998313 0.000000
vn -0.026924 0.704349 0.709343
vn -0.038507 0.998881 0.027467
vn 0.045012 0.998699 0.023964
vn 0.034462 0.704103 0.709261
vn -0.310980 0.919489 0.240480
vn 0.053864 0.987444 -0.148502
vn -0.041684 0.994040 -0.100736
vn 0.274688 0.921104 0.275888
vn -0.644560 0.753968 0.126787
vn 0.047510 0.998068 -0.040027
vn -0.018176 0.998750 -0.046568
vn 0.640822 0.758931 0.115633
vn -0.625292 0.774115 -0.098773
vn 0.037111 0.999304 -0.003905
vn -0.033363 0.999435 -0.004110
vn 0.622310 0.776744 -0.096946
vn -0.635837 0.720956 -0.275561
vn 0.033553 0.999395 -0.009150
vn -0.022482 0.999703 -0.009423
vn 0.635969 0.724702 -0.265235
vn -0.500879 0.781117 -0.372795
vn 0.006340 0.999980 -0.000418
vn -0.000561 0.999610 -0.027920
vn 0.483010 0.773291 -0.410759
vn -0.344097 0.801408 -0.489227
vn 0.010322 0.998093 0.060861
vn 0.031106 0.994617 0.098836
vn 0.231861 0.813297 -0.533656
vn -0.057059 0.992504 0.108071
vn -0.053526 0.810336 -0.583515
vn -0.036522 0.703190 -0.710064
vn -0.049678 0.998764 0.001717
vn 0.047089 0.998891 0.000000
vn 0.036636 0.704538 -0.708720
vn -0.022315 0.705629 -0.708230
vn -0.031552 0.999502 0.000000
vn 0.031552 0.999502 0.000000
vn 0.023524 0.705008 -0.708809
vn -0.001228 0.697627 -0.716460
vn -0.000000 1.000000 0.000000
vn 0.602792 -0.651395 -0.460788
vn 0.683076 -0.643614 -0.345207
vn -0.682674 -0.641686 -0.349564
vn -0.638824 -0.669618 -0.378834
vn 0.461202 -0.347279 -0.816511
vn -0.650560 -0.431822 -0.624741
vn 0.747633 -0.657768 -0.091575
vn 0.708081 -0.692701 0.137063
vn -0.698085 -0.695416 0.170512
vn -0.741936 -0.661314 -0.110428
vn 0.342635 -0.737531 0.581936
vn -0.371154 -0.733060 0.569972
vn -0.016575 -0.612237 0.790501
vn 0.022568 -0.610234 0.791900
vn -0.026763 -0.524541 0.850965
vn 0.026982 -0.523328 0.851704
vn -0.000761 -0.491006 0.871156
vn -0.056824 -0.987814 0.144894
vn -0.063099 -0.981964 -0.178228
vn -0.001572 -0.994713 -0.102685
vn -0.001499 -0.973633 0.228116
vn 0.062703 -0.981654 -0.180066
vn 0.056313 -0.987956 0.144123
vn -0.041514 -0.999136 0.001808
vn -0.046480 -0.971960 -0.230506
vn 0.044434 -0.971472 -0.232954
vn 0.042629 -0.999087 0.002903
vn -0.012779 -0.990867 -0.134233
vn -0.146635 -0.961053 -0.234255
vn 0.144529 -0.968455 -0.202995
vn 0.032468 -0.989984 -0.137395
vn -0.019957 -0.999531 -0.023235
vn -0.165178 -0.982873 -0.081709
vn 0.139268 -0.987350 -0.075797
vn 0.040317 -0.999099 -0.013282
vn 0.022819 -0.999556 0.019161
vn -0.111517 -0.993550 0.020528
vn 0.106497 -0.994313 -0.000154
vn -0.028898 -0.999517 -0.011443
vn -0.004471 -0.999985 0.003120
vn -0.138227 -0.984552 0.107476
vn 0.150968 -0.981149 0.120646
vn -0.001908 -0.999994 0.003059
vn -0.029043 -0.997086 0.070545
vn -0.107709 -0.974534 0.196676
vn 0.157148 -0.963673 0.215960
vn -0.020294 -0.999377 0.028881
vn -0.036060 -0.992514 0.116682
vn -0.163931 -0.810217 0.562739
vn 0.165221 -0.760650 0.627785
vn -0.095200 -0.992852 0.071981
vn -0.045733 -0.943923 0.326984
vn -0.052176 -0.998622 -0.005681
vn 0.056287 -0.998411 0.002530
vn 0.038617 -0.764312 0.643689
vn 0.049879 -0.942652 0.330029
vn 0.051719 -0.998655 -0.003625
vn -0.029948 -0.578078 -0.815432
vn 0.019526 -0.353155 -0.935361
vn 0.027847 -0.573559 -0.818691
vn -0.030270 -0.958336 0.284035
vn -0.019303 -0.799286 0.600640
vn 0.024435 -0.794277 0.607064
vn 0.030598 -0.958989 0.281787
vn -0.023716 -0.683985 -0.729110
vn 0.023187 -0.683568 -0.729518
vn -0.003507 -0.817753 0.575558
vn -0.005293 -0.333226 0.942832
vn -0.001505 -0.716288 -0.697803
vn 0.005074 0.022717 0.999729
vn -0.005315 0.003917 0.999978
vn -0.008412 -0.001004 0.999964
vn 0.005687 0.022730 0.999725
vn 0.002838 0.004533 0.999986
vn -0.000032 0.000032 1.000000
vn 0.012631 0.002671 0.999917
vn 0.012533 0.001310 0.999921
vn -0.014089 0.002881 0.999897
vn -0.014058 0.001448 0.999900
vn 0.027386 0.007472 0.999597
vn 0.029070 0.010235 0.999525
vn -0.486749 0.003550 0.873535
vn -0.507492 0.002610 0.861653
vn 0.950793 -0.001928 0.309820
vn 0.947590 -0.000807 0.319489
vn 0.846179 -0.004257 0.532881
vn 0.840959 -0.002697 0.541092
vn -0.948218 -0.002045 0.317615
vn -0.951386 -0.000570 0.308000
vn 0.981760 -0.005891 -0.190033
vn 0.992516 0.003635 -0.122060
vn -0.991697 -0.009024 -0.128277
vn -0.980935 0.004768 -0.194278
vn 0.808899 -0.007940 -0.587894
vn 0.876204 0.002810 -0.481932
vn -0.877222 -0.015367 -0.479839
vn -0.809220 0.008407 -0.587446
vn 0.527388 -0.004246 -0.849614
vn 0.638769 0.006730 -0.769369
vn -0.637705 -0.009738 -0.770219
vn -0.526053 0.014824 -0.850322
vn 0.165618 -0.001183 -0.986189
vn 0.240395 0.007165 -0.970649
vn -0.246613 -0.003326 -0.969108
vn -0.172848 0.009803 -0.984900
vn 0.002714 0.000505 -0.999996
vn 0.002601 0.000935 -0.999996
vn -0.003091 0.000576 -0.999995
vn -0.003288 0.001161 -0.999994
vn 0.000000 0.000001 -1.000000
vn -0.000001 -0.000001 -1.000000
vn 0.000002 0.000000 -1.000000
vn 0.000002 -0.000001 -1.000000
vn -0.000000 0.000000 -1.000000
vn -0.000000 0.000000 -1.000000
vn 0.057397 0.998351 -0.000440
vn -0.000000 1.000000 0.000000
vn -0.000000 0.697424 -0.716659
vn 0.040313 0.702446 -0.710594
vn -0.058065 0.998313 0.000000
vn -0.040772 0.702262 -0.710750
vn -0.038507 0.998881 -0.027467
vn -0.026924 0.704349 -0.709343
vn 0.045012 0.998699 -0.023963
vn 0.034462 0.704104 -0.709261
vn 0.053864 0.987444 0.148502
vn -0.310980 0.919489 -0.240480
vn -0.005070 0.963612 0.267256
vn -0.004390 0.952902 -0.303246
vn 0.047510 0.998068 0.040027
vn -0.644560 0.753968 -0.126787
vn -0.018176 0.998750 0.046568
vn -0.050842 0.997039 0.057688
vn 0.606687 0.767631 -0.206573
vn 0.640822 0.758931 -0.115633
vn 0.037111 0.999304 0.003905
vn -0.625292 0.774115 0.098773
vn -0.033363 0.999435 0.004110
vn 0.622310 0.776744 0.096946
vn 0.033553 0.999395 0.009150
vn -0.635837 0.720956 0.275561
vn -0.022482 0.999703 0.009423
vn 0.635969 0.724702 0.265235
vn 0.006340 0.999980 0.000418
vn -0.500879 0.781117 0.372795
vn -0.000561 0.999610 0.027920
vn 0.483010 0.773291 0.410759
vn -0.022348 0.996231 -0.083808
vn -0.205421 0.815310 0.541361
vn 0.031106 0.994617 -0.098836
vn 0.231861 0.813297 0.533656
vn -0.049678 0.998764 -0.001717
vn -0.036522 0.703190 0.710064
vn 0.047089 0.998891 0.000000
vn 0.036636 0.704537 0.708720
vn -0.031552 0.999502 0.000000
vn -0.022315 0.705629 0.708230
vn 0.031552 0.999502 0.000000
vn 0.023524 0.705008 0.708809
vn -0.000000 1.000000 0.000000
vn -0.001228 0.697627 0.716460
vn 0.683076 -0.643614 0.345207
vn 0.602792 -0.651395 0.460788
vn -0.682674 -0.641686 0.349564
vn -0.638824 -0.669618 0.378834
vn 0.461202 -0.347279 0.816511
vn -0.353323 -0.424263 0.833765
vn 0.747633 -0.657768 0.091575
vn 0.708081 -0.692701 -0.137063
vn -0.741936 -0.661314 0.110428
vn -0.698085 -0.695416 -0.170512
vn 0.701887 -0.668638 -0.245514
vn -0.371154 -0.733060 -0.569972
vn -0.016575 -0.612237 -0.790501
vn -0.004223 -0.663192 -0.748437
vn 0.022568 -0.610234 -0.791900
vn -0.026763 -0.524541 -0.850965
vn 0.026982 -0.523327 -0.851704
vn -0.000761 -0.491006 -0.871156
vn -0.056824 -0.987814 -0.144894
vn -0.001499 -0.973633 -0.228116
vn -0.001572 -0.994713 0.102685
vn -0.063099 -0.981964 0.178228
vn 0.056313 -0.987956 -0.144123
vn 0.062703 -0.981654 0.180065
vn -0.041514 -0.999136 -0.001808
vn -0.046480 -0.971960 0.230506
vn 0.042629 -0.999087 -0.002903
vn 0.044434 -0.971472 0.232954
vn -0.017591 -0.970445 0.240679
vn -0.018988 -0.921464 0.387998
vn 0.032468 -0.989984 0.137395
vn 0.144529 -0.968455 0.202995
vn -0.019957 -0.999531 0.023235
vn -0.007906 -0.999573 0.028144
vn -0.201633 -0.965883 0.162526
vn -0.165178 -0.982873 0.081709
vn 0.040317 -0.999099 0.013282
vn 0.139268 -0.987350 0.075797
vn 0.022819 -0.999556 -0.019161
vn -0.111517 -0.993550 -0.020528
vn -0.028898 -0.999517 0.011443
vn 0.106497 -0.994313 0.000154
vn -0.004471 -0.999985 -0.003120
vn -0.138227 -0.984552 -0.107476
vn -0.001908 -0.999994 -0.003059
vn 0.150968 -0.981149 -0.120647
vn -0.029043 -0.997086 -0.070545
vn -0.107709 -0.974534 -0.196676
vn -0.020294 -0.999377 -0.028881
vn 0.157148 -0.963673 -0.215960
vn -0.036060 -0.992514 -0.116682
vn -0.163931 -0.810217 -0.562739
vn -0.020450 -0.999076 -0.037810
vn 0.102661 -0.764023 -0.636969
vn -0.045733 -0.943923 -0.326984
vn -0.052176 -0.998622 0.005681
vn 0.051719 -0.998655 0.003625
vn 0.049879 -0.942652 -0.330029
vn -0.029948 -0.578078 0.815432
vn 0.027847 -0.573559 0.818691
vn -0.019303 -0.799286 -0.600640
vn -0.030270 -0.958336 -0.284035
vn 0.024435 -0.794277 -0.607065
vn 0.030598 -0.958989 -0.281787
vn -0.023716 -0.683985 0.729110
vn 0.023187 -0.683568 0.729518
vn -0.005293 -0.333226 -0.942832
vn -0.003507 -0.817753 -0.575558
vn -0.001505 -0.716288 0.697803
vt 0.705654 0.357992
vt 0.703307 0.365641
vt 0.742631 0.365952
vt 0.742652 0.358857
vt 0.781889 0.365589
vt 0.779569 0.357948
vt 0.742608 0.387743
vt 0.701769 0.386748
vt 0.783418 0.386682
vt 0.742634 0.415192
vt 0.699671 0.413777
vt 0.785603 0.413675
vt 0.742710 0.443961
vt 0.699518 0.444403
vt 0.785916 0.444261
vt 0.742808 0.474248
vt 0.700057 0.472382
vt 0.785560 0.472214
vt 0.742914 0.503491
vt 0.699020 0.501950
vt 0.786814 0.501745
vt 0.699265 0.539778
vt 0.743056 0.540115
vt 0.786859 0.539538
vt 0.743211 0.578738
vt 0.700475 0.578435
vt 0.785952 0.578169
vt 0.743324 0.606144
vt 0.699178 0.606344
vt 0.787478 0.606055
vt 0.743375 0.618003
vt 0.696650 0.616479
vt 0.790091 0.616171
vt 0.632047 0.355061
vt 0.629653 0.362163
vt 0.855242 0.361796
vt 0.852852 0.354706
vt 0.629941 0.386016
vt 0.855094 0.385619
vt 0.631052 0.408239
vt 0.854102 0.407808
vt 0.628771 0.442335
vt 0.856651 0.441845
vt 0.625326 0.470009
vt 0.860343 0.469429
vt 0.619172 0.498614
vt 0.866742 0.497930
vt 0.611559 0.536422
vt 0.874656 0.535616
vt 0.610597 0.571646
vt 0.875868 0.570793
vt 0.613008 0.600745
vt 0.873661 0.599885
vt 0.614760 0.614939
vt 0.872011 0.614085
vt 0.584566 0.354931
vt 0.587473 0.366355
vt 0.897342 0.365573
vt 0.899909 0.354106
vt 0.594586 0.383353
vt 0.890580 0.382761
vt 0.574999 0.364637
vt 0.571792 0.353543
vt 0.909713 0.363653
vt 0.912582 0.352572
vt 0.593515 0.404505
vt 0.891788 0.403810
vt 0.589223 0.417838
vt 0.896203 0.417089
vt 0.598657 0.461320
vt 0.887001 0.460546
vt 0.592332 0.497459
vt 0.893633 0.496554
vt 0.584857 0.533278
vt 0.901372 0.532266
vt 0.580294 0.567609
vt 0.906170 0.566539
vt 0.575404 0.597343
vt 0.911260 0.596228
vt 0.576619 0.614546
vt 0.910159 0.613436
vt 0.567311 0.417595
vt 0.557833 0.447677
vt 0.562902 0.455974
vt 0.573636 0.420354
vt 0.907943 0.457411
vt 0.902016 0.418768
vt 0.577747 0.458399
vt 0.583446 0.419585
vt 0.918196 0.416568
vt 0.911876 0.419414
vt 0.922815 0.454798
vt 0.927817 0.446425
vt 0.560995 0.358088
vt 0.552292 0.363077
vt 0.560234 0.373997
vt 0.564544 0.371044
vt 0.915033 0.366474
vt 0.918403 0.354847
vt 0.541697 0.464669
vt 0.547470 0.427197
vt 0.542860 0.435143
vt 0.942704 0.433565
vt 0.937976 0.425718
vt 0.944100 0.463214
vt 0.561402 0.405996
vt 0.923932 0.404856
vt 0.541363 0.399592
vt 0.536727 0.405577
vt 0.948372 0.403693
vt 0.943597 0.397874
vt 0.924392 0.372885
vt 0.539659 0.380862
vt 0.532018 0.383998
vt 0.952544 0.381972
vt 0.944847 0.379133
vt 0.544255 0.368823
vt 0.541375 0.365178
vt 0.942794 0.363578
vt 0.940015 0.367301
vt 0.566246 0.495261
vt 0.539019 0.493680
vt 0.536526 0.530884
vt 0.560387 0.531487
vt 0.925856 0.530275
vt 0.919756 0.494110
vt 0.531401 0.566202
vt 0.554136 0.566768
vt 0.932333 0.565510
vt 0.947003 0.492253
vt 0.526265 0.598711
vt 0.550630 0.597913
vt 0.936040 0.596630
vt 0.525204 0.615262
vt 0.550714 0.614816
vt 0.936067 0.613533
vt 0.926607 0.630948
vt 0.906103 0.631785
vt 0.867893 0.632016
vt 0.793054 0.632434
vt 0.743444 0.633515
vt 0.693826 0.632764
vt 0.619010 0.632846
vt 0.580798 0.632870
vt 0.540031 0.632951
vt 0.560287 0.632169
vt 0.949719 0.529492
vt 0.955066 0.564792
vt 0.960410 0.597270
vt 0.961578 0.613815
vt 0.946867 0.631598
vt 0.581010 0.409606
vt 0.571122 0.408731
vt 0.572315 0.414246
vt 0.582085 0.414010
vt 0.913292 0.413360
vt 0.903393 0.413185
vt 0.587268 0.407053
vt 0.898129 0.406290
vt 0.566258 0.407362
vt 0.919255 0.406374
vt 0.564337 0.377320
vt 0.920442 0.376208
vt 0.916485 0.379537
vt 0.914570 0.407894
vt 0.590865 0.383997
vt 0.898346 0.384009
vt 0.894460 0.383385
vt 0.904481 0.408774
vt 0.584721 0.370535
vt 0.903115 0.373804
vt 0.900226 0.369685
vt 0.575666 0.368863
vt 0.908718 0.372045
vt 0.909216 0.367845
vt 0.567264 0.374436
vt 0.911948 0.373584
vt 0.913492 0.370026
vt 0.474875 0.319818
vt 0.471514 0.316690
vt 0.468533 0.327630
vt 0.473341 0.327681
vt 0.903464 0.385599
vt 0.905220 0.378076
vt 0.471625 0.362571
vt 0.474375 0.350952
vt 0.906134 0.405569
vt 0.488618 0.323096
vt 0.482727 0.323611
vt 0.479241 0.352674
vt 0.481234 0.357953
vt 0.910723 0.403880
vt 0.912159 0.382033
vt 0.486916 0.319207
vt 0.482529 0.321231
vt 0.909301 0.376407
vt 0.911645 0.377962
vt 0.477548 0.312779
vt 0.478535 0.316549
vt 0.579163 0.406523
vt 0.587138 0.384642
vt 0.582114 0.386255
vt 0.575241 0.404406
vt 0.572701 0.383320
vt 0.568447 0.380649
vt 0.569989 0.377833
vt 0.572837 0.381163
vt 0.579848 0.379168
vt 0.581963 0.374723
vt 0.576334 0.373097
vt 0.575783 0.377720
vt 0.133049 0.334439
vt 0.128197 0.334605
vt 0.128179 0.357917
vt 0.131284 0.369504
vt 0.123263 0.359682
vt 0.121480 0.365109
vt 0.118708 0.330855
vt 0.112833 0.330423
vt 0.123712 0.319854
vt 0.117664 0.321869
vt 0.119660 0.325375
vt 0.122822 0.323677
vt 0.126470 0.326924
vt 0.129786 0.323637
vt 0.569674 0.367509
vt 0.565935 0.355885
vt 0.571393 0.371063
vt 0.573115 0.374623
vt 0.573308 0.378761
vt 0.483672 0.314717
vt 0.481746 0.318308
vt 0.920131 0.369977
vt 0.923310 0.356985
vt 0.914974 0.376776
vt 0.917554 0.373374
vt 0.912244 0.380113
vt 0.114509 0.326444
vt 0.119069 0.328292
vt 0.316348 0.685971
vt 0.307986 0.684036
vt 0.305763 0.707714
vt 0.315467 0.709809
vt 0.455627 0.715792
vt 0.464973 0.713609
vt 0.462437 0.690756
vt 0.454385 0.692764
vt 0.324770 0.713774
vt 0.324184 0.689287
vt 0.446865 0.696097
vt 0.446698 0.719777
vt 0.331165 0.690938
vt 0.331503 0.713984
vt 0.440194 0.720089
vt 0.440144 0.697807
vt 0.299552 0.739791
vt 0.309715 0.740540
vt 0.461689 0.745405
vt 0.471501 0.744514
vt 0.322699 0.742398
vt 0.449168 0.747412
vt 0.331937 0.743631
vt 0.440258 0.748755
vt 0.295112 0.772207
vt 0.306944 0.774792
vt 0.464926 0.778469
vt 0.476321 0.775777
vt 0.322709 0.775984
vt 0.449707 0.779878
vt 0.332407 0.775649
vt 0.440327 0.779712
vt 0.294406 0.804389
vt 0.308003 0.806350
vt 0.464419 0.808992
vt 0.477530 0.806873
vt 0.322618 0.809020
vt 0.450334 0.811811
vt 0.332902 0.809462
vt 0.440400 0.812406
vt 0.294698 0.845592
vt 0.309847 0.844995
vt 0.463267 0.846377
vt 0.477921 0.846707
vt 0.323463 0.846608
vt 0.450131 0.848159
vt 0.333433 0.845655
vt 0.440479 0.847400
vt 0.299004 0.884834
vt 0.310665 0.884641
vt 0.463123 0.884713
vt 0.474399 0.884710
vt 0.323712 0.886263
vt 0.450538 0.886495
vt 0.334021 0.885773
vt 0.440566 0.886190
vt 0.302642 0.921120
vt 0.313646 0.921518
vt 0.460845 0.920410
vt 0.471475 0.919845
vt 0.324763 0.922646
vt 0.450117 0.921682
vt 0.334540 0.921188
vt 0.440642 0.920431
vt 0.303502 0.939682
vt 0.313767 0.939613
vt 0.461023 0.937903
vt 0.470947 0.937802
vt 0.324642 0.940055
vt 0.450518 0.938509
vt 0.334815 0.939973
vt 0.440683 0.938595
vt 0.309390 0.964666
vt 0.316448 0.959077
vt 0.458750 0.956761
vt 0.465664 0.962048
vt 0.325099 0.958540
vt 0.450378 0.956384
vt 0.335076 0.957774
vt 0.440721 0.955806
vt 0.585499 0.226490
vt 0.587172 0.216478
vt 0.570998 0.214904
vt 0.568257 0.225008
vt 0.926924 0.220233
vt 0.923959 0.210204
vt 0.907824 0.212209
vt 0.909720 0.222174
vt 0.595964 0.215474
vt 0.594326 0.228941
vt 0.890849 0.211561
vt 0.892447 0.225974
vt 0.900950 0.224858
vt 0.899013 0.211439
vt 0.608094 0.215183
vt 0.604128 0.215379
vt 0.602851 0.229829
vt 0.607199 0.230612
vt 0.612994 0.216827
vt 0.611511 0.230022
vt 0.883794 0.226397
vt 0.888117 0.226872
vt 0.886880 0.211472
vt 0.882017 0.213246
vt 0.559449 0.352598
vt 0.550018 0.357660
vt 0.570503 0.348820
vt 0.564421 0.351035
vt 0.583546 0.350169
vt 0.633050 0.352106
vt 0.706632 0.354769
vt 0.742662 0.355901
vt 0.778604 0.354728
vt 0.851856 0.351757
vt 0.900911 0.349332
vt 0.913848 0.347838
vt 0.919875 0.349989
vt 0.924791 0.351479
vt 0.934138 0.356340
vt 0.931962 0.361801
vt 0.622671 0.228243
vt 0.622890 0.214509
vt 0.872073 0.211191
vt 0.872597 0.224916
vt 0.660628 0.227385
vt 0.661220 0.213608
vt 0.833735 0.211311
vt 0.834633 0.225068
vt 0.719165 0.227114
vt 0.719132 0.212822
vt 0.775822 0.212067
vt 0.776108 0.226356
vt 0.747620 0.225348
vt 0.747471 0.211939
vt 0.090476 0.312801
vt 0.089641 0.303933
vt 0.071214 0.314457
vt 0.080335 0.317268
vt 0.520919 0.309491
vt 0.530007 0.306553
vt 0.511418 0.296311
vt 0.510707 0.305178
vt 0.078586 0.322492
vt 0.070755 0.321637
vt 0.530562 0.313722
vt 0.522744 0.314683
vt 0.078177 0.327634
vt 0.070300 0.327912
vt 0.531104 0.319988
vt 0.523227 0.319816
vt 0.099403 0.299659
vt 0.098925 0.311076
vt 0.491434 0.289879
vt 0.494024 0.303421
vt 0.502218 0.303587
vt 0.501572 0.292193
vt 0.114752 0.296471
vt 0.109453 0.297183
vt 0.107096 0.310774
vt 0.111483 0.311806
vt 0.090473 0.323798
vt 0.095771 0.320544
vt 0.505531 0.312979
vt 0.510886 0.316146
vt 0.089260 0.327821
vt 0.512172 0.320140
vt 0.092046 0.335104
vt 0.509537 0.327435
vt 0.117668 0.317439
vt 0.102899 0.316787
vt 0.112556 0.325395
vt 0.491671 0.325327
vt 0.498332 0.309351
vt 0.488835 0.318117
vt 0.106677 0.337439
vt 0.109865 0.332713
vt 0.495001 0.329965
vt 0.103879 0.340225
vt 0.497874 0.332683
vt 0.101696 0.342670
vt 0.500123 0.335073
vt 0.120088 0.295787
vt 0.483558 0.310273
vt 0.489646 0.304529
vt 0.486081 0.289260
vt 0.480682 0.288672
vt 0.122550 0.315915
vt 0.133761 0.295965
vt 0.466828 0.289164
vt 0.478618 0.308833
vt 0.135601 0.311170
vt 0.131829 0.319658
vt 0.469379 0.312788
vt 0.465371 0.304425
vt 0.112964 0.365779
vt 0.489746 0.358337
vt 0.109135 0.365920
vt 0.493570 0.358355
vt 0.139156 0.334740
vt 0.462458 0.328125
vt 0.146356 0.336748
vt 0.455346 0.330374
vt 0.142773 0.379226
vt 0.460543 0.372686
vt 0.128489 0.390242
vt 0.475224 0.383144
vt 0.121719 0.390129
vt 0.481978 0.382788
vt 0.116843 0.390938
vt 0.486882 0.383406
vt 0.127187 0.411521
vt 0.132224 0.410356
vt 0.472343 0.403323
vt 0.477421 0.404279
vt 0.122724 0.412856
vt 0.481938 0.405422
vt 0.139427 0.413019
vt 0.465263 0.406267
vt 0.131031 0.426182
vt 0.136244 0.425019
vt 0.134310 0.418204
vt 0.129577 0.419359
vt 0.470599 0.411224
vt 0.475377 0.412176
vt 0.136433 0.448520
vt 0.140002 0.446069
vt 0.466143 0.439243
vt 0.469817 0.441535
vt 0.474226 0.419030
vt 0.468968 0.418092
vt 0.142821 0.425163
vt 0.140938 0.419554
vt 0.464041 0.412841
vt 0.143400 0.448378
vt 0.462405 0.418510
vt 0.462850 0.441693
vt 0.126820 0.427157
vt 0.125231 0.420547
vt 0.479771 0.413174
vt 0.132813 0.450733
vt 0.478477 0.419818
vt 0.473532 0.443584
vt 0.140739 0.451629
vt 0.465653 0.444823
vt 0.136753 0.455163
vt 0.469794 0.448176
vt 0.156194 0.461357
vt 0.157088 0.456596
vt 0.449541 0.450479
vt 0.450646 0.455194
vt 0.153970 0.466058
vt 0.453078 0.459792
vt 0.164644 0.427156
vt 0.440704 0.421402
vt 0.160348 0.419855
vt 0.449855 0.405979
vt 0.444677 0.413934
vt 0.151318 0.384773
vt 0.154831 0.412110
vt 0.452242 0.378550
vt 0.178393 0.379050
vt 0.173457 0.408184
vt 0.431105 0.402802
vt 0.424998 0.373887
vt 0.184673 0.429433
vt 0.180082 0.418922
vt 0.424945 0.413806
vt 0.179217 0.458549
vt 0.427526 0.453359
vt 0.420813 0.424499
vt 0.175391 0.464038
vt 0.431587 0.458683
vt 0.173662 0.469015
vt 0.433532 0.463581
vt 0.267735 0.428736
vt 0.302816 0.428617
vt 0.302591 0.418031
vt 0.266301 0.418021
vt 0.337861 0.427254
vt 0.338839 0.416485
vt 0.249246 0.452241
vt 0.303214 0.447137
vt 0.357335 0.449970
vt 0.302064 0.392960
vt 0.263860 0.397375
vt 0.340409 0.395747
vt 0.301631 0.371992
vt 0.265317 0.373771
vt 0.337983 0.372215
vt 0.185178 0.309323
vt 0.183776 0.294632
vt 0.416396 0.289666
vt 0.415551 0.304411
vt 0.188962 0.335545
vt 0.412739 0.330797
vt 0.267756 0.333044
vt 0.300817 0.332533
vt 0.300433 0.314025
vt 0.266351 0.312212
vt 0.333875 0.331614
vt 0.334423 0.310730
vt 0.261778 0.294210
vt 0.338243 0.292546
vt 0.300007 0.293956
vt 0.238453 0.463598
vt 0.368608 0.460867
vt 0.238015 0.469163
vt 0.369289 0.466408
vt 0.303715 0.470161
vt 0.303560 0.463083
vt 0.590802 0.295523
vt 0.591551 0.302647
vt 0.604901 0.301975
vt 0.604728 0.295213
vt 0.911915 0.288376
vt 0.912043 0.295139
vt 0.925410 0.295217
vt 0.925841 0.288066
vt 0.591584 0.308848
vt 0.596628 0.312942
vt 0.920796 0.305727
vt 0.925653 0.301413
vt 0.612682 0.313041
vt 0.616644 0.302611
vt 0.900340 0.296297
vt 0.904763 0.306541
vt 0.617965 0.294918
vt 0.898678 0.288671
vt 0.628996 0.311946
vt 0.631875 0.301605
vt 0.885079 0.295970
vt 0.888416 0.306173
vt 0.630423 0.294641
vt 0.886220 0.288948
vt 0.659508 0.310970
vt 0.658683 0.301609
vt 0.858298 0.297167
vt 0.857890 0.306554
vt 0.657871 0.294030
vt 0.858772 0.289559
vt 0.719194 0.310049
vt 0.717420 0.300445
vt 0.799568 0.298617
vt 0.798222 0.308290
vt 0.758699 0.308727
vt 0.758501 0.299852
vt 0.716183 0.292732
vt 0.800460 0.290857
vt 0.758322 0.291794
vt 0.784113 0.657658
vt 0.745900 0.659766
vt 0.746108 0.667090
vt 0.786729 0.665475
vt 0.707542 0.660130
vt 0.705377 0.668105
vt 0.746792 0.689589
vt 0.788956 0.687200
vt 0.704511 0.689938
vt 0.747728 0.717928
vt 0.792080 0.714996
vt 0.703280 0.717916
vt 0.748777 0.747636
vt 0.793404 0.746559
vt 0.704190 0.749543
vt 0.749905 0.778905
vt 0.793961 0.775425
vt 0.705720 0.778409
vt 0.751007 0.809095
vt 0.796237 0.805871
vt 0.705677 0.808972
vt 0.752391 0.846902
vt 0.797539 0.844883
vt 0.707233 0.848015
vt 0.753842 0.886772
vt 0.797877 0.884793
vt 0.709796 0.887881
vt 0.754864 0.915056
vt 0.800355 0.913531
vt 0.709398 0.916736
vt 0.755304 0.927294
vt 0.803374 0.923888
vt 0.707132 0.927284
vt 0.859742 0.652052
vt 0.862423 0.659295
vt 0.631214 0.659691
vt 0.628990 0.667107
vt 0.862997 0.683883
vt 0.630173 0.691721
vt 0.862660 0.706810
vt 0.632155 0.714621
vt 0.866368 0.741851
vt 0.631067 0.749899
vt 0.871065 0.770202
vt 0.628527 0.778599
vt 0.878591 0.799416
vt 0.623211 0.808350
vt 0.887976 0.838063
vt 0.616698 0.847646
vt 0.890362 0.874330
vt 0.616941 0.884025
vt 0.889017 0.904427
vt 0.620441 0.913965
vt 0.887768 0.919136
vt 0.622737 0.928551
vt 0.906049 0.661936
vt 0.908323 0.649982
vt 0.585177 0.672984
vt 0.581964 0.661380
vt 0.899590 0.679881
vt 0.593225 0.690245
vt 0.918764 0.659577
vt 0.921361 0.648012
vt 0.568652 0.660496
vt 0.572195 0.671732
vt 0.901485 0.701563
vt 0.592967 0.712120
vt 0.904440 0.714611
vt 0.591027 0.725374
vt 0.898299 0.760210
vt 0.600703 0.770633
vt 0.906300 0.797159
vt 0.595490 0.808160
vt 0.915436 0.833769
vt 0.589054 0.845389
vt 0.921487 0.868989
vt 0.585558 0.880969
vt 0.927686 0.899470
vt 0.581563 0.911822
vt 0.927096 0.917265
vt 0.583423 0.929527
vt 0.939985 0.744382
vt 0.931288 0.712875
vt 0.922710 0.717046
vt 0.935086 0.753173
vt 0.583170 0.728091
vt 0.579032 0.768432
vt 0.912511 0.716682
vt 0.919818 0.756327
vt 0.563633 0.766528
vt 0.573079 0.729287
vt 0.564239 0.725849
vt 0.558095 0.758184
vt 0.932570 0.652240
vt 0.929711 0.665786
vt 0.934198 0.668657
vt 0.941648 0.656947
vt 0.562687 0.663180
vt 0.566814 0.674933
vt 0.957324 0.761197
vt 0.954944 0.730660
vt 0.949819 0.722710
vt 0.542183 0.745907
vt 0.542070 0.776334
vt 0.546628 0.737527
vt 0.934704 0.701658
vt 0.559888 0.715002
vt 0.954757 0.693815
vt 0.959865 0.699674
vt 0.539220 0.709375
vt 0.534690 0.715753
vt 0.557342 0.682058
vt 0.963506 0.677136
vt 0.955475 0.674441
vt 0.528911 0.693750
vt 0.536657 0.690162
vt 0.950126 0.662378
vt 0.952882 0.658451
vt 0.540865 0.677548
vt 0.537723 0.673933
vt 0.933184 0.793825
vt 0.940639 0.830951
vt 0.965243 0.829398
vt 0.961247 0.791063
vt 0.568507 0.806890
vt 0.563753 0.844458
vt 0.948452 0.867108
vt 0.971891 0.865655
vt 0.558549 0.881069
vt 0.540360 0.806317
vt 0.978439 0.899005
vt 0.953268 0.899109
vt 0.556034 0.913319
vt 0.953830 0.916552
vt 0.980167 0.916043
vt 0.556723 0.930753
vt 0.567215 0.948307
vt 0.588379 0.948282
vt 0.627732 0.946880
vt 0.704767 0.944188
vt 0.755877 0.943301
vt 0.806945 0.940580
vt 0.884089 0.937773
vt 0.923492 0.936331
vt 0.944619 0.934823
vt 0.965545 0.934859
vt 0.539109 0.844738
vt 0.535069 0.881326
vt 0.530924 0.915034
vt 0.530422 0.932146
vt 0.546354 0.949854
vt 0.914773 0.706337
vt 0.913434 0.712462
vt 0.923939 0.711069
vt 0.925162 0.705120
vt 0.572168 0.726000
vt 0.582718 0.726629
vt 0.581876 0.723902
vt 0.571417 0.723295
vt 0.907447 0.703705
vt 0.589529 0.713631
vt 0.587148 0.714678
vt 0.930881 0.703045
vt 0.562226 0.715554
vt 0.563844 0.715936
vt 0.929590 0.672810
vt 0.926269 0.675802
vt 0.560259 0.684262
vt 0.562280 0.685789
vt 0.907679 0.680971
vt 0.906279 0.680783
vt 0.586678 0.691535
vt 0.589357 0.691007
vt 0.912290 0.670295
vt 0.909137 0.666072
vt 0.582395 0.677337
vt 0.583533 0.675556
vt 0.918391 0.663973
vt 0.918023 0.668307
vt 0.572936 0.676067
vt 0.572633 0.674293
vt 0.927335 0.669156
vt 0.924625 0.672999
vt 0.568303 0.677886
vt 0.567694 0.676678
vt 0.121351 0.522182
vt 0.123172 0.529846
vt 0.128025 0.529622
vt 0.124628 0.518853
vt 0.585309 0.691804
vt 0.579554 0.681780
vt 0.577552 0.686456
vt 0.580185 0.693676
vt 0.126682 0.564728
vt 0.123436 0.553171
vt 0.577965 0.714716
vt 0.579998 0.717820
vt 0.107748 0.525847
vt 0.116820 0.560446
vt 0.118539 0.554996
vt 0.113632 0.526209
vt 0.573829 0.712695
vt 0.570345 0.691048
vt 0.565839 0.688477
vt 0.569762 0.717332
vt 0.113961 0.523640
vt 0.109376 0.521846
vt 0.570406 0.682055
vt 0.570780 0.686317
vt 0.573292 0.685136
vt 0.573667 0.680340
vt 0.118505 0.515141
vt 0.117661 0.518977
vt 0.916382 0.702978
vt 0.913012 0.682455
vt 0.921068 0.701095
vt 0.921879 0.678510
vt 0.921908 0.676526
vt 0.914594 0.674638
vt 0.918757 0.672792
vt 0.463580 0.518631
vt 0.467129 0.553552
vt 0.469729 0.541889
vt 0.468392 0.518619
vt 0.474620 0.543548
vt 0.476683 0.548804
vt 0.483617 0.513830
vt 0.477729 0.514423
vt 0.472407 0.503653
vt 0.473442 0.507412
vt 0.476679 0.509130
vt 0.478559 0.505512
vt 0.469823 0.510732
vt 0.466420 0.507646
vt 0.924342 0.662325
vt 0.927439 0.650183
vt 0.923124 0.665423
vt 0.921403 0.669798
vt 0.921224 0.674325
vt 0.112477 0.517230
vt 0.114517 0.520713
vt 0.557678 0.665690
vt 0.561666 0.678813
vt 0.564304 0.681940
vt 0.563225 0.680660
vt 0.567313 0.685505
vt 0.570396 0.688816
vt 0.477501 0.512044
vt 0.481864 0.509961
vt 0.345830 0.685539
vt 0.347410 0.709341
vt 0.357048 0.706963
vt 0.354132 0.683359
vt 0.424741 0.715861
vt 0.425879 0.692828
vt 0.417819 0.690856
vt 0.415386 0.713720
vt 0.338095 0.689083
vt 0.338226 0.713577
vt 0.433688 0.719806
vt 0.433414 0.696128
vt 0.354060 0.739890
vt 0.364197 0.738843
vt 0.418812 0.745501
vt 0.408996 0.744654
vt 0.341136 0.742127
vt 0.431342 0.747452
vt 0.369585 0.771116
vt 0.357833 0.774046
vt 0.404315 0.775938
vt 0.415723 0.778579
vt 0.342110 0.775700
vt 0.430948 0.779920
vt 0.357700 0.805622
vt 0.371234 0.803263
vt 0.403246 0.807040
vt 0.416367 0.809099
vt 0.343169 0.808719
vt 0.430464 0.811856
vt 0.372149 0.844457
vt 0.356989 0.844304
vt 0.403034 0.846875
vt 0.417686 0.846479
vt 0.343426 0.846316
vt 0.430830 0.848202
vt 0.368995 0.883808
vt 0.357333 0.883956
vt 0.406726 0.884861
vt 0.418001 0.884814
vt 0.344339 0.885960
vt 0.430594 0.886539
vt 0.355435 0.920906
vt 0.366423 0.920185
vt 0.420440 0.920501
vt 0.409807 0.919983
vt 0.344356 0.922359
vt 0.431173 0.921724
vt 0.366107 0.938764
vt 0.355844 0.938997
vt 0.410415 0.937937
vt 0.420340 0.937994
vt 0.344987 0.939757
vt 0.430847 0.938552
vt 0.353735 0.958530
vt 0.360954 0.963910
vt 0.422698 0.956842
vt 0.415807 0.962160
vt 0.345071 0.958247
vt 0.431067 0.956427
vt 0.595113 0.251315
vt 0.577988 0.254011
vt 0.580379 0.266378
vt 0.596449 0.263622
vt 0.933076 0.242000
vt 0.916098 0.240458
vt 0.913901 0.252884
vt 0.929817 0.254559
vt 0.605124 0.264425
vt 0.603935 0.247842
vt 0.897068 0.254534
vt 0.905149 0.254277
vt 0.907498 0.237574
vt 0.899113 0.236618
vt 0.617129 0.264178
vt 0.616739 0.245131
vt 0.612407 0.246316
vt 0.613208 0.264135
vt 0.622036 0.261899
vt 0.620990 0.245644
vt 0.890556 0.236527
vt 0.888375 0.252891
vt 0.893134 0.254843
vt 0.894853 0.235724
vt 0.933932 0.646513
vt 0.943727 0.651246
vt 0.928813 0.645124
vt 0.922526 0.643088
vt 0.909214 0.645024
vt 0.858624 0.649038
vt 0.783019 0.654365
vt 0.745816 0.656715
vt 0.708444 0.656770
vt 0.632148 0.656605
vt 0.580714 0.656507
vt 0.567098 0.655682
vt 0.560888 0.658251
vt 0.555809 0.660107
vt 0.548908 0.671248
vt 0.546297 0.665780
vt 0.631986 0.247289
vt 0.631762 0.264273
vt 0.879419 0.238920
vt 0.878460 0.255929
vt 0.669554 0.246455
vt 0.669698 0.263474
vt 0.841821 0.240628
vt 0.840491 0.257697
vt 0.727032 0.261553
vt 0.727522 0.243865
vt 0.783156 0.259655
vt 0.783897 0.241958
vt 0.755649 0.244629
vt 0.755072 0.261230
vt 0.505486 0.495611
vt 0.515761 0.499793
vt 0.524816 0.496733
vt 0.506081 0.486730
vt 0.075067 0.513085
vt 0.085160 0.508490
vt 0.084215 0.499626
vt 0.065906 0.510384
vt 0.517656 0.504964
vt 0.525466 0.503900
vt 0.065535 0.517574
vt 0.073381 0.518333
vt 0.518206 0.510094
vt 0.526091 0.510162
vt 0.065157 0.523859
vt 0.073036 0.523483
vt 0.496176 0.482739
vt 0.496971 0.494131
vt 0.103958 0.492629
vt 0.093932 0.495230
vt 0.093593 0.506660
vt 0.101766 0.506258
vt 0.480639 0.480007
vt 0.484405 0.495238
vt 0.488770 0.494073
vt 0.486003 0.480556
vt 0.505809 0.506584
vt 0.500409 0.503485
vt 0.085292 0.519493
vt 0.090553 0.516172
vt 0.507148 0.510562
vt 0.084128 0.523533
vt 0.504607 0.517897
vt 0.087004 0.530786
vt 0.478387 0.501066
vt 0.483769 0.508846
vt 0.493158 0.499949
vt 0.104805 0.528175
vt 0.107409 0.520821
vt 0.097640 0.512326
vt 0.490095 0.520619
vt 0.486701 0.516022
vt 0.101673 0.532942
vt 0.493005 0.523300
vt 0.098907 0.535763
vt 0.495287 0.525661
vt 0.096753 0.538237
vt 0.475230 0.479490
vt 0.112427 0.512798
vt 0.114584 0.491103
vt 0.109252 0.491853
vt 0.106168 0.507236
vt 0.461376 0.480163
vt 0.473426 0.499690
vt 0.117294 0.511213
vt 0.128269 0.491116
vt 0.460115 0.495453
vt 0.464234 0.503769
vt 0.126624 0.514847
vt 0.130295 0.506308
vt 0.485207 0.549074
vt 0.108307 0.561217
vt 0.489034 0.549042
vt 0.104477 0.561404
vt 0.457508 0.519207
vt 0.134139 0.529850
vt 0.450421 0.521550
vt 0.141367 0.531774
vt 0.456171 0.563819
vt 0.138294 0.574321
vt 0.470999 0.574088
vt 0.124130 0.585508
vt 0.477753 0.573641
vt 0.117355 0.585473
vt 0.482668 0.574193
vt 0.112484 0.586337
vt 0.468380 0.594316
vt 0.473475 0.595204
vt 0.128103 0.605589
vt 0.123076 0.606811
vt 0.478010 0.596286
vt 0.118625 0.608197
vt 0.461333 0.597358
vt 0.135343 0.608171
vt 0.470473 0.610006
vt 0.471533 0.603133
vt 0.466739 0.602245
vt 0.465198 0.609140
vt 0.125559 0.614626
vt 0.130282 0.613418
vt 0.462651 0.630344
vt 0.466358 0.632587
vt 0.136301 0.641236
vt 0.132295 0.620214
vt 0.127092 0.621437
vt 0.132758 0.643730
vt 0.460197 0.603953
vt 0.458636 0.609647
vt 0.136930 0.614693
vt 0.459388 0.632841
vt 0.139729 0.643508
vt 0.138880 0.620284
vt 0.474737 0.610737
vt 0.475943 0.604071
vt 0.121223 0.615863
vt 0.470104 0.634587
vt 0.122888 0.622459
vt 0.129161 0.645985
vt 0.462235 0.635935
vt 0.137104 0.646792
vt 0.466424 0.639234
vt 0.133156 0.650374
vt 0.446182 0.641809
vt 0.447349 0.646512
vt 0.153527 0.651572
vt 0.152688 0.656346
vt 0.449843 0.651082
vt 0.150518 0.661077
vt 0.436957 0.612829
vt 0.160743 0.622025
vt 0.440835 0.605304
vt 0.150747 0.607083
vt 0.156359 0.614769
vt 0.447942 0.569798
vt 0.445911 0.597275
vt 0.146910 0.579771
vt 0.420621 0.565488
vt 0.427107 0.594344
vt 0.169339 0.602937
vt 0.173932 0.573723
vt 0.421086 0.605435
vt 0.417090 0.616188
vt 0.176096 0.613602
vt 0.424183 0.644979
vt 0.175700 0.653265
vt 0.180816 0.624065
vt 0.428317 0.650253
vt 0.171936 0.658803
vt 0.430327 0.655130
vt 0.170265 0.663804
vt 0.334105 0.620007
vt 0.334948 0.609219
vt 0.298690 0.611219
vt 0.299047 0.621810
vt 0.263937 0.622362
vt 0.262370 0.611658
vt 0.353883 0.642490
vt 0.299675 0.640338
vt 0.245718 0.646107
vt 0.336258 0.588447
vt 0.297850 0.586139
vt 0.259674 0.591028
vt 0.297156 0.565162
vt 0.333532 0.564929
vt 0.260843 0.567390
vt 0.410274 0.496087
vt 0.410930 0.481321
vt 0.179876 0.503867
vt 0.178294 0.489184
vt 0.407800 0.522528
vt 0.183980 0.530062
vt 0.328911 0.524352
vt 0.329195 0.503448
vt 0.295235 0.507170
vt 0.295850 0.525686
vt 0.262781 0.526605
vt 0.261119 0.505777
vt 0.332786 0.485203
vt 0.256324 0.487818
vt 0.294559 0.487094
vt 0.365306 0.653250
vt 0.235052 0.657604
vt 0.366058 0.658786
vt 0.234682 0.663177
vt 0.300219 0.656290
vt 0.300462 0.663370
vt 0.604600 0.288450
vt 0.591234 0.288372
vt 0.925092 0.280942
vt 0.911742 0.281614
vt 0.595847 0.277862
vt 0.590990 0.282176
vt 0.920015 0.270647
vt 0.925059 0.274741
vt 0.616303 0.287292
vt 0.611880 0.277048
vt 0.899999 0.280978
vt 0.903962 0.270547
vt 0.631564 0.287619
vt 0.628227 0.277416
vt 0.887647 0.271642
vt 0.884768 0.281983
vt 0.658753 0.277034
vt 0.658345 0.286422
vt 0.857135 0.272619
vt 0.857960 0.281980
vt 0.717075 0.284972
vt 0.718421 0.275298
vt 0.799223 0.283144
vt 0.797449 0.273539
vt 0.758143 0.283737
vt 0.757945 0.274862
vt 0.903542 0.680414
vt 0.907874 0.664380
vt 0.905007 0.702828
vt 0.912833 0.715209
vt 0.923385 0.713768
vt 0.932446 0.702478
vt 0.931476 0.671110
vt 0.928307 0.667777
vt 0.923622 0.664156
vt 0.918543 0.662174
vt 0.513593 0.066246
vt 0.582011 0.059428
vt 0.586025 0.046728
vt 0.516059 0.052513
vt 0.120106 0.058853
vt 0.125522 0.073239
vt 0.193865 0.075794
vt 0.190594 0.062215
vt 0.579694 0.031852
vt 0.510256 0.038464
vt 0.125863 0.044939
vt 0.195489 0.047838
vt 0.513622 0.070741
vt 0.582135 0.064965
vt 0.126714 0.081151
vt 0.194159 0.080328
vt 0.489822 0.055023
vt 0.488488 0.041760
vt 0.216903 0.062968
vt 0.217448 0.049686
vt 0.492325 0.068229
vt 0.215246 0.076272
vt 0.493510 0.073204
vt 0.214388 0.081296
vt 0.577990 0.026992
vt 0.510063 0.033784
vt 0.195454 0.043148
vt 0.127638 0.037739
vt 0.488156 0.036499
vt 0.217476 0.044423
vt 0.470133 0.075283
vt 0.469467 0.069985
vt 0.237836 0.081942
vt 0.238176 0.076621
vt 0.467085 0.057940
vt 0.239824 0.064479
vt 0.462895 0.044636
vt 0.243227 0.050972
vt 0.462711 0.039459
vt 0.243111 0.045797
vt 0.448809 0.076646
vt 0.448184 0.071801
vt 0.259197 0.082067
vt 0.259535 0.077197
vt 0.446973 0.060538
vt 0.260080 0.065893
vt 0.442082 0.047466
vt 0.264205 0.052568
vt 0.440241 0.042210
vt 0.265743 0.047216
vt 0.428771 0.078225
vt 0.427415 0.073290
vt 0.279291 0.082495
vt 0.280359 0.077492
vt 0.426324 0.061644
vt 0.280772 0.065807
vt 0.423941 0.050622
vt 0.282515 0.054670
vt 0.421992 0.043580
vt 0.284058 0.047529
vt 0.407455 0.078936
vt 0.406399 0.074204
vt 0.300612 0.081987
vt 0.301394 0.077203
vt 0.405932 0.064009
vt 0.301274 0.067000
vt 0.406601 0.052262
vt 0.299930 0.055312
vt 0.404752 0.045236
vt 0.301373 0.048192
vt 0.377772 0.053948
vt 0.376517 0.048173
vt 0.328815 0.055347
vt 0.329737 0.049510
vt 0.353166 0.050174
vt 0.353316 0.055411
vt 0.379661 0.063465
vt 0.327474 0.064956
vt 0.353618 0.065971
vt 0.382534 0.074299
vt 0.325227 0.075936
vt 0.353892 0.075533
vt 0.384717 0.080604
vt 0.323408 0.082355
vt 0.354088 0.082364
vt 0.494975 0.087866
vt 0.517462 0.085775
vt 0.191285 0.095211
vt 0.213853 0.095948
vt 0.494668 0.095544
vt 0.516825 0.093312
vt 0.192394 0.102488
vt 0.214615 0.103551
vt 0.472222 0.088037
vt 0.236527 0.094786
vt 0.470502 0.097860
vt 0.238816 0.104484
vt 0.451118 0.089771
vt 0.257666 0.095299
vt 0.448555 0.100270
vt 0.260831 0.105632
vt 0.428935 0.090132
vt 0.279816 0.094390
vt 0.428147 0.101430
vt 0.281253 0.105624
vt 0.409107 0.093277
vt 0.299787 0.096398
vt 0.409656 0.103699
vt 0.299835 0.106834
vt 0.324827 0.097133
vt 0.384146 0.095439
vt 0.354479 0.096026
vt 0.327741 0.107020
vt 0.381800 0.105477
vt 0.354770 0.106253
vt 0.193386 0.108566
vt 0.215301 0.110300
vt 0.240962 0.113147
vt 0.263956 0.114896
vt 0.282737 0.115181
vt 0.300789 0.115614
vt 0.330633 0.115718
vt 0.355037 0.115664
vt 0.379407 0.114326
vt 0.409202 0.112518
vt 0.427208 0.111056
vt 0.445960 0.109697
vt 0.468855 0.106632
vt 0.494380 0.102335
vt 0.516242 0.099636
vt 0.145784 0.091925
vt 0.562668 0.079919
vt 0.149303 0.099782
vt 0.559563 0.087424
vt 0.125142 0.104507
vt 0.583931 0.093955
vt 0.113407 0.071905
vt 0.109730 0.058510
vt 0.098629 0.058418
vt 0.098797 0.070023
vt 0.113803 0.043602
vt 0.098656 0.041912
vt 0.087775 0.057091
vt 0.087190 0.070699
vt 0.089328 0.041001
vt 0.099058 0.077551
vt 0.113914 0.077680
vt 0.088069 0.076527
vt 0.116028 0.037837
vt 0.101541 0.035427
vt 0.091791 0.035078
vt 0.058994 0.054826
vt 0.057648 0.070974
vt 0.059943 0.038762
vt 0.026416 0.070382
vt 0.026455 0.054240
vt 0.026395 0.037972
vt 0.060318 0.034843
vt 0.026055 0.032949
vt 0.060115 0.076584
vt 0.026958 0.075731
vt 0.025037 0.092377
vt 0.057437 0.093000
vt 0.024746 0.108925
vt 0.058743 0.109671
vt 0.086290 0.090258
vt 0.089746 0.108900
vt 0.099073 0.108095
vt 0.100133 0.090845
vt 0.127524 0.094787
vt 0.125638 0.090910
vt 0.112714 0.106089
vt 0.597287 0.044726
vt 0.595507 0.057929
vt 0.610790 0.055988
vt 0.608805 0.042661
vt 0.605199 0.028808
vt 0.591456 0.030336
vt 0.617398 0.040969
vt 0.615251 0.026561
vt 0.619400 0.056172
vt 0.647595 0.021624
vt 0.647932 0.037193
vt 0.649370 0.053878
vt 0.679042 0.034138
vt 0.680730 0.051076
vt 0.677801 0.018386
vt 0.649525 0.060140
vt 0.681383 0.057202
vt 0.620094 0.062576
vt 0.612056 0.063202
vt 0.595979 0.064359
vt 0.603819 0.021471
vt 0.589362 0.024124
vt 0.614010 0.019406
vt 0.645627 0.016267
vt 0.677411 0.013177
vt 0.683192 0.073308
vt 0.649472 0.076221
vt 0.652440 0.092574
vt 0.684297 0.089785
vt 0.620987 0.078834
vt 0.620630 0.094706
vt 0.610172 0.079083
vt 0.610314 0.094984
vt 0.595426 0.079621
vt 0.595956 0.094544
vt 0.583673 0.089455
vt 0.571760 0.079008
vt 0.582507 0.069767
vt 0.115225 0.058684
vt 0.120193 0.044429
vt 0.121810 0.039336
vt 0.118377 0.105293
vt 0.139019 0.097925
vt 0.136442 0.091160
vt 0.120021 0.077844
vt 0.119732 0.072694
vt 0.587164 0.063639
vt 0.587630 0.058695
vt 0.589097 0.094061
vt 0.585123 0.030825
vt 0.582657 0.025885
vt 0.591381 0.044694
vt 0.186143 0.157326
vt 0.181671 0.145172
vt 0.119712 0.147400
vt 0.123136 0.158615
vt 0.546794 0.134046
vt 0.484128 0.135741
vt 0.480317 0.148055
vt 0.543026 0.147078
vt 0.184635 0.131723
vt 0.121585 0.133380
vt 0.543694 0.121483
vt 0.480434 0.122459
vt 0.186659 0.161414
vt 0.123530 0.163739
vt 0.542570 0.155033
vt 0.480078 0.152142
vt 0.205653 0.143565
vt 0.204212 0.131321
vt 0.460745 0.123177
vt 0.460035 0.135471
vt 0.205680 0.155951
vt 0.460764 0.147811
vt 0.205312 0.160666
vt 0.461432 0.152479
vt 0.124073 0.190917
vt 0.123119 0.195570
vt 0.188105 0.192221
vt 0.187515 0.187931
vt 0.480984 0.177915
vt 0.480671 0.182223
vt 0.544758 0.181608
vt 0.543223 0.174738
vt 0.208833 0.192222
vt 0.208166 0.187393
vt 0.460386 0.179198
vt 0.460074 0.184063
vt 0.226767 0.158688
vt 0.226581 0.153726
vt 0.439781 0.146932
vt 0.439913 0.151893
vt 0.226616 0.142331
vt 0.439025 0.135568
vt 0.227727 0.129533
vt 0.437116 0.122870
vt 0.232874 0.191835
vt 0.232175 0.187086
vt 0.436395 0.180563
vt 0.436014 0.185348
vt 0.246153 0.156371
vt 0.246048 0.151838
vt 0.420244 0.146306
vt 0.420432 0.150837
vt 0.245416 0.141380
vt 0.420208 0.135828
vt 0.247450 0.128784
vt 0.417384 0.123388
vt 0.252342 0.191112
vt 0.253109 0.186064
vt 0.415418 0.180914
vt 0.416511 0.185902
vt 0.264484 0.154880
vt 0.265123 0.150153
vt 0.401111 0.145848
vt 0.402050 0.150525
vt 0.264721 0.139309
vt 0.400822 0.134999
vt 0.265202 0.129082
vt 0.399695 0.124822
vt 0.268942 0.191249
vt 0.269791 0.184643
vt 0.398666 0.180567
vt 0.399935 0.187105
vt 0.283958 0.153074
vt 0.284517 0.148629
vt 0.381666 0.145560
vt 0.382506 0.149960
vt 0.284102 0.139274
vt 0.381486 0.136196
vt 0.282292 0.128507
vt 0.382612 0.125335
vt 0.284544 0.190701
vt 0.285656 0.184064
vt 0.382787 0.180997
vt 0.384317 0.187550
vt 0.311294 0.189192
vt 0.312079 0.183769
vt 0.356388 0.182372
vt 0.357514 0.187734
vt 0.334405 0.188545
vt 0.334254 0.183738
vt 0.308563 0.136849
vt 0.309482 0.127939
vt 0.355451 0.126489
vt 0.356928 0.135323
vt 0.332790 0.137436
vt 0.332485 0.127765
vt 0.306707 0.147023
vt 0.359423 0.145361
vt 0.333069 0.146298
vt 0.304992 0.152951
vt 0.361509 0.151169
vt 0.333269 0.152640
vt 0.205869 0.174279
vt 0.184854 0.175465
vt 0.482784 0.165742
vt 0.461751 0.166024
vt 0.186370 0.182222
vt 0.207126 0.181242
vt 0.460977 0.173016
vt 0.481715 0.172362
vt 0.226544 0.170741
vt 0.440919 0.163893
vt 0.229470 0.179415
vt 0.438579 0.172733
vt 0.245713 0.168774
vt 0.421674 0.163184
vt 0.249492 0.177934
vt 0.418500 0.172568
vt 0.265715 0.165858
vt 0.401526 0.161560
vt 0.267854 0.176046
vt 0.400048 0.171863
vt 0.283939 0.166393
vt 0.383373 0.163253
vt 0.284522 0.176004
vt 0.383406 0.172881
vt 0.360552 0.164837
vt 0.306814 0.166532
vt 0.333675 0.165448
vt 0.358409 0.174150
vt 0.309542 0.175691
vt 0.333978 0.175004
vt 0.524672 0.163491
vt 0.142650 0.175424
vt 0.521516 0.170627
vt 0.146146 0.181972
vt 0.554449 0.145027
vt 0.567832 0.143174
vt 0.568502 0.132115
vt 0.558330 0.132400
vt 0.569269 0.116088
vt 0.554442 0.118709
vt 0.578578 0.130401
vt 0.578315 0.143206
vt 0.578809 0.115669
vt 0.567385 0.150362
vt 0.554006 0.150393
vt 0.577221 0.148744
vt 0.556907 0.183900
vt 0.571318 0.185321
vt 0.568172 0.179037
vt 0.555132 0.177932
vt 0.579526 0.184480
vt 0.576727 0.179037
vt 0.604900 0.145122
vt 0.605507 0.130268
vt 0.607756 0.115549
vt 0.633377 0.146859
vt 0.635045 0.133676
vt 0.638295 0.119723
vt 0.605560 0.183946
vt 0.604775 0.180368
vt 0.636081 0.182994
vt 0.635158 0.177433
vt 0.602187 0.150108
vt 0.632502 0.150953
vt 0.634740 0.164947
vt 0.604834 0.165155
vt 0.578705 0.161800
vt 0.566430 0.163191
vt 0.543609 0.163102
vt 0.541855 0.166744
vt 0.107127 0.145356
vt 0.096123 0.144187
vt 0.096645 0.156886
vt 0.110663 0.157859
vt 0.097026 0.130808
vt 0.110883 0.131799
vt 0.087144 0.144300
vt 0.086518 0.130687
vt 0.088919 0.158417
vt 0.054035 0.131654
vt 0.058690 0.145351
vt 0.061583 0.160416
vt 0.030538 0.151727
vt 0.033659 0.164821
vt 0.025508 0.139092
vt 0.062575 0.166065
vt 0.034127 0.169603
vt 0.089230 0.164338
vt 0.096633 0.163828
vt 0.111094 0.163996
vt 0.099829 0.193542
vt 0.098940 0.200580
vt 0.111593 0.198801
vt 0.112910 0.192626
vt 0.090817 0.193552
vt 0.090170 0.200103
vt 0.062533 0.196148
vt 0.060762 0.201253
vt 0.033312 0.195538
vt 0.032469 0.200084
vt 0.035081 0.182321
vt 0.064390 0.180736
vt 0.089998 0.179214
vt 0.099677 0.178673
vt 0.112815 0.178602
vt 0.135689 0.180759
vt 0.123984 0.186014
vt 0.123661 0.168981
vt 0.549189 0.119951
vt 0.552856 0.133057
vt 0.550319 0.176891
vt 0.551287 0.182702
vt 0.532282 0.168662
vt 0.532283 0.168662
vt 0.549087 0.150528
vt 0.549235 0.146011
vt 0.117243 0.158280
vt 0.118240 0.163000
vt 0.118612 0.191782
vt 0.117125 0.197311
vt 0.116124 0.132189
vt 0.112955 0.145441
vt 0.583154 0.080142
vt 0.123891 0.177919
vt 0.853636 0.140145
vt 0.855527 0.094715
vt 0.841297 0.092528
vt 0.836361 0.140107
vt 0.855527 0.094715
vt 0.860629 0.048484
vt 0.845914 0.048273
vt 0.841297 0.092528
vt 0.824123 0.048818
vt 0.818330 0.096506
vt 0.835346 0.098602
vt 0.838519 0.051424
vt 0.818330 0.096506
vt 0.817037 0.145188
vt 0.832627 0.145305
vt 0.835346 0.098602
vt 0.810163 0.151391
vt 0.814258 0.083791
vt 0.789248 0.087671
vt 0.789780 0.150344
vt 0.814258 0.083791
vt 0.812852 0.026653
vt 0.788435 0.024327
vt 0.789248 0.087671
vt 0.751079 0.086188
vt 0.751027 0.148833
vt 0.771662 0.150702
vt 0.772356 0.085848
vt 0.772356 0.085848
vt 0.775377 0.021337
vt 0.751184 0.018842
vt 0.751079 0.086188
vt 0.069139 0.830210
vt 0.068933 0.818521
vt 0.049262 0.818052
vt 0.048061 0.829549
vt 0.090180 0.828807
vt 0.088575 0.817360
vt 0.025155 0.816694
vt 0.024306 0.828277
vt 0.113875 0.826701
vt 0.112619 0.815155
vt 0.006562 0.816972
vt 0.006898 0.828277
vt 0.131272 0.826089
vt 0.131211 0.814779
vt 0.267664 0.823269
vt 0.269609 0.823171
vt 0.269193 0.811869
vt 0.267533 0.811801
vt 0.132867 0.814641
vt 0.133220 0.826104
vt 0.265605 0.823407
vt 0.265551 0.811829
vt 0.134848 0.814586
vt 0.135282 0.826155
vt 0.263217 0.823379
vt 0.263740 0.811848
vt 0.136658 0.814528
vt 0.137667 0.826027
vt 0.261949 0.823410
vt 0.262335 0.811816
vt 0.138061 0.814437
vt 0.138935 0.826004
vt 0.260260 0.823337
vt 0.260317 0.811948
vt 0.140082 0.814483
vt 0.140620 0.825861
vt 0.246010 0.824513
vt 0.243648 0.813271
vt 0.156792 0.815103
vt 0.154906 0.826434
vt 0.225814 0.825689
vt 0.224243 0.814382
vt 0.176227 0.815395
vt 0.175134 0.826757
vt 0.200478 0.826434
vt 0.200249 0.815538
vt 0.103241 0.847824
vt 0.103218 0.846670
vt 0.084057 0.847163
vt 0.084095 0.848008
vt 0.064929 0.848411
vt 0.065011 0.849564
vt 0.041923 0.850640
vt 0.042103 0.851768
vt 0.126231 0.847961
vt 0.126314 0.846820
vt 0.025464 0.852572
vt 0.024267 0.853445
vt 0.144056 0.848107
vt 0.142801 0.847339
vt 0.023690 0.852179
vt 0.023539 0.853689
vt 0.144757 0.848310
vt 0.144503 0.846830
vt 0.022534 0.852144
vt 0.022431 0.853806
vt 0.145809 0.848369
vt 0.145625 0.846733
vt 0.021394 0.852101
vt 0.021319 0.853671
vt 0.146824 0.848194
vt 0.146735 0.846653
vt 0.020124 0.852158
vt 0.020348 0.853420
vt 0.147697 0.847943
vt 0.147972 0.846719
vt 0.019379 0.852102
vt 0.018948 0.852690
vt 0.148767 0.847491
vt 0.148686 0.846727
vt 0.265330 0.844478
vt 0.265103 0.843683
vt 0.249098 0.843812
vt 0.249106 0.844550
vt 0.164653 0.846432
vt 0.164589 0.845701
vt 0.230171 0.844217
vt 0.230183 0.844955
vt 0.183403 0.846003
vt 0.183384 0.845265
vt 0.206758 0.844475
vt 0.206773 0.845212
vt 0.147716 0.835483
vt 0.146505 0.835516
vt 0.021028 0.841419
vt 0.019897 0.841621
vt 0.148842 0.835540
vt 0.018876 0.841953
vt 0.145297 0.835496
vt 0.143863 0.835388
vt 0.023541 0.840917
vt 0.022173 0.841208
vt 0.142321 0.835137
vt 0.025012 0.840491
vt 0.127324 0.835829
vt 0.039957 0.839785
vt 0.102885 0.835683
vt 0.064265 0.837437
vt 0.083550 0.836029
vt 0.103284 0.835163
vt 0.103848 0.834457
vt 0.083494 0.834786
vt 0.083526 0.835493
vt 0.063195 0.836303
vt 0.063821 0.836955
vt 0.127242 0.835343
vt 0.127121 0.834657
vt 0.040051 0.838600
vt 0.039995 0.839293
vt 0.142724 0.834619
vt 0.143173 0.833982
vt 0.024048 0.839419
vt 0.024560 0.840014
vt 0.143990 0.834704
vt 0.144230 0.833548
vt 0.022948 0.839121
vt 0.023323 0.840245
vt 0.145373 0.834731
vt 0.145505 0.833666
vt 0.021674 0.839411
vt 0.021964 0.840452
vt 0.146752 0.834891
vt 0.147079 0.833979
vt 0.020099 0.840006
vt 0.020630 0.840836
vt 0.147835 0.834960
vt 0.147945 0.834188
vt 0.019217 0.840445
vt 0.019580 0.841147
vt 0.148923 0.835100
vt 0.148976 0.834631
vt 0.018158 0.841429
vt 0.018534 0.841724
vt 0.162419 0.834175
vt 0.162322 0.834621
vt 0.264171 0.832178
vt 0.264248 0.831686
vt 0.250419 0.831935
vt 0.250512 0.832377
vt 0.162255 0.834960
vt 0.264152 0.832626
vt 0.250577 0.832715
vt 0.181963 0.833676
vt 0.182065 0.833200
vt 0.230912 0.832093
vt 0.231036 0.832564
vt 0.181891 0.834036
vt 0.231124 0.832920
vt 0.206509 0.832934
vt 0.206494 0.832302
vt 0.206519 0.833347
vt 0.223197 0.869998
vt 0.245763 0.868237
vt 0.243902 0.855971
vt 0.222835 0.857455
vt 0.201716 0.857190
vt 0.200567 0.869543
vt 0.269681 0.853313
vt 0.271169 0.865690
vt 0.175056 0.868465
vt 0.175827 0.856023
vt 0.289834 0.864822
vt 0.289631 0.852684
vt 0.156373 0.868677
vt 0.155874 0.856547
vt 0.009995 0.872452
vt 0.009564 0.860150
vt 0.007787 0.860307
vt 0.007905 0.872445
vt 0.154092 0.856481
vt 0.154286 0.868790
vt 0.012209 0.872498
vt 0.011690 0.860082
vt 0.151965 0.856522
vt 0.152077 0.868948
vt 0.014769 0.872349
vt 0.013633 0.860012
vt 0.150021 0.856550
vt 0.149513 0.868929
vt 0.016130 0.872319
vt 0.015138 0.859908
vt 0.148513 0.856522
vt 0.148152 0.868968
vt 0.017937 0.872157
vt 0.017308 0.859948
vt 0.146348 0.856673
vt 0.146339 0.868898
vt 0.033274 0.872707
vt 0.035246 0.860537
vt 0.128463 0.858170
vt 0.131050 0.870225
vt 0.054987 0.872961
vt 0.056107 0.860760
vt 0.107640 0.859452
vt 0.109378 0.871580
vt 0.082188 0.872498
vt 0.081891 0.860802
vt 0.233217 0.876756
vt 0.213859 0.878124
vt 0.213890 0.878979
vt 0.233288 0.877923
vt 0.194481 0.878091
vt 0.194491 0.879261
vt 0.171219 0.877695
vt 0.171125 0.878847
vt 0.256771 0.874994
vt 0.256840 0.876158
vt 0.153191 0.877349
vt 0.154452 0.878140
vt 0.274893 0.874664
vt 0.273434 0.875392
vt 0.152485 0.877138
vt 0.152725 0.878637
vt 0.025412 0.878360
vt 0.024031 0.879004
vt 0.024619 0.880446
vt 0.026452 0.880194
vt 0.151422 0.877065
vt 0.151588 0.878722
vt 0.027082 0.878195
vt 0.027590 0.880083
vt 0.150393 0.877230
vt 0.150465 0.878790
vt 0.028494 0.878375
vt 0.028751 0.880065
vt 0.149508 0.877473
vt 0.149214 0.878708
vt 0.029562 0.878650
vt 0.030033 0.879944
vt 0.148418 0.877917
vt 0.148492 0.878691
vt 0.030821 0.879148
vt 0.030778 0.879930
vt 0.132334 0.878814
vt 0.132391 0.879554
vt 0.047044 0.879784
vt 0.047008 0.880525
vt 0.113362 0.879041
vt 0.113373 0.879786
vt 0.066037 0.879582
vt 0.066043 0.880329
vt 0.089704 0.879584
vt 0.089713 0.880331
vt 0.029271 0.891607
vt 0.030449 0.891620
vt 0.150572 0.890056
vt 0.149347 0.890077
vt 0.031544 0.891500
vt 0.148209 0.890007
vt 0.028109 0.891599
vt 0.026757 0.891545
vt 0.151794 0.890090
vt 0.153243 0.890216
vt 0.025377 0.891342
vt 0.154801 0.890489
vt 0.258138 0.887504
vt 0.273812 0.886713
vt 0.169983 0.889955
vt 0.233754 0.889092
vt 0.194702 0.890379
vt 0.214256 0.890245
vt 0.234190 0.889592
vt 0.214273 0.890787
vt 0.214295 0.891503
vt 0.234806 0.890267
vt 0.194292 0.890901
vt 0.193713 0.891608
vt 0.258127 0.888005
vt 0.258111 0.888710
vt 0.170060 0.890447
vt 0.170174 0.891142
vt 0.274399 0.887142
vt 0.275222 0.887726
vt 0.154387 0.891008
vt 0.153924 0.891648
vt 0.026434 0.892363
vt 0.024972 0.891871
vt 0.024436 0.892684
vt 0.026000 0.893519
vt 0.153107 0.890906
vt 0.152848 0.892073
vt 0.027952 0.892483
vt 0.027773 0.893640
vt 0.151709 0.890862
vt 0.151562 0.891937
vt 0.029440 0.892303
vt 0.029684 0.893272
vt 0.150316 0.890685
vt 0.149976 0.891604
vt 0.030542 0.892176
vt 0.030628 0.892990
vt 0.149222 0.890604
vt 0.149103 0.891384
vt 0.031634 0.891947
vt 0.031696 0.892423
vt 0.148122 0.890451
vt 0.148064 0.890925
vt 0.045257 0.892305
vt 0.045147 0.891857
vt 0.134563 0.890788
vt 0.134460 0.891239
vt 0.045069 0.891516
vt 0.134634 0.890445
vt 0.065131 0.892580
vt 0.065011 0.892102
vt 0.114573 0.892009
vt 0.114682 0.891528
vt 0.064927 0.891740
vt 0.114759 0.891164
vt 0.089854 0.892652
vt 0.089847 0.892013
vt 0.089842 0.891595
usemtl m1
f 2626/2626/2626 2623/2623/2623 2624/2624/2624
f 2624/2624/2624 2625/2625/2625 2626/2626/2626
f 2628/2628/2628 2626/2626/2626 2625/2625/2625
f 2625/2625/2625 2627/2627/2627 2628/2628/2628
f 2630/2630/2630 2629/2629/2629 2625/2625/2625
f 2625/2625/2625 2624/2624/2624 2630/2630/2630
f 2629/2629/2629 2631/2631/2631 2627/2627/2627
f 2627/2627/2627 2625/2625/2625 2629/2629/2629
f 2633/2633/2633 2632/2632/2632 2629/2629/2629
f 2629/2629/2629 2630/2630/2630 2633/2633/2633
f 2632/2632/2632 2634/2634/2634 2631/2631/2631
f 2631/2631/2631 2629/2629/2629 2632/2632/2632
f 2636/2636/2636 2635/2635/2635 2632/2632/2632
f 2632/2632/2632 2633/2633/2633 2636/2636/2636
f 2635/2635/2635 2637/2637/2637 2634/2634/2634
f 2634/2634/2634 2632/2632/2632 2635/2635/2635
f 2639/2639/2639 2638/2638/2638 2635/2635/2635
f 2635/2635/2635 2636/2636/2636 2639/2639/2639
f 2638/2638/2638 2640/2640/2640 2637/2637/2637
f 2637/2637/2637 2635/2635/2635 2638/2638/2638
f 2642/2642/2642 2641/2641/2641 2638/2638/2638
f 2638/2638/2638 2639/2639/2639 2642/2642/2642
f 2641/2641/2641 2643/2643/2643 2640/2640/2640
f 2640/2640/2640 2638/2638/2638 2641/2641/2641
f 2641/2641/2641 2642/2642/2642 2644/2644/2644
f 2644/2644/2644 2645/2645/2645 2641/2641/2641
f 2643/2643/2643 2641/2641/2641 2645/2645/2645
f 2645/2645/2645 2646/2646/2646 2643/2643/2643
f 2648/2648/2648 2647/2647/2647 2645/2645/2645
f 2645/2645/2645 2644/2644/2644 2648/2648/2648
f 2647/2647/2647 2649/2649/2649 2646/2646/2646
f 2646/2646/2646 2645/2645/2645 2647/2647/2647
f 2651/2651/2651 2650/2650/2650 2647/2647/2647
f 2647/2647/2647 2648/2648/2648 2651/2651/2651
f 2650/2650/2650 2652/2652/2652 2649/2649/2649
f 2649/2649/2649 2647/2647/2647 2650/2650/2650
f 2654/2654/2654 2653/2653/2653 2650/2650/2650
f 2650/2650/2650 2651/2651/2651 2654/2654/2654
f 2653/2653/2653 2655/2655/2655 2652/2652/2652
f 2652/2652/2652 2650/2650/2650 2653/2653/2653
f 2623/2623/2623 2656/2656/2656 2657/2657/2657
f 2657/2657/2657 2624/2624/2624 2623/2623/2623
f 2659/2659/2659 2628/2628/2628 2627/2627/2627
f 2627/2627/2627 2658/2658/2658 2659/2659/2659
f 2660/2660/2660 2630/2630/2630 2624/2624/2624
f 2624/2624/2624 2657/2657/2657 2660/2660/2660
f 2631/2631/2631 2661/2661/2661 2658/2658/2658
f 2658/2658/2658 2627/2627/2627 2631/2631/2631
f 2662/2662/2662 2633/2633/2633 2630/2630/2630
f 2630/2630/2630 2660/2660/2660 2662/2662/2662
f 2634/2634/2634 2663/2663/2663 2661/2661/2661
f 2661/2661/2661 2631/2631/2631 2634/2634/2634
f 2664/2664/2664 2636/2636/2636 2633/2633/2633
f 2633/2633/2633 2662/2662/2662 2664/2664/2664
f 2637/2637/2637 2665/2665/2665 2663/2663/2663
f 2663/2663/2663 2634/2634/2634 2637/2637/2637
f 2666/2666/2666 2639/2639/2639 2636/2636/2636
f 2636/2636/2636 2664/2664/2664 2666/2666/2666
f 2640/2640/2640 2667/2667/2667 2665/2665/2665
f 2665/2665/2665 2637/2637/2637 2640/2640/2640
f 2668/2668/2668 2642/2642/2642 2639/2639/2639
f 2639/2639/2639 2666/2666/2666 2668/2668/2668
f 2643/2643/2643 2669/2669/2669 2667/2667/2667
f 2667/2667/2667 2640/2640/2640 2643/2643/2643
f 2670/2670/2670 2644/2644/2644 2642/2642/2642
f 2642/2642/2642 2668/2668/2668 2670/2670/2670
f 2646/2646/2646 2671/2671/2671 2669/2669/2669
f 2669/2669/2669 2643/2643/2643 2646/2646/2646
f 2672/2672/2672 2648/2648/2648 2644/2644/2644
f 2644/2644/2644 2670/2670/2670 2672/2672/2672
f 2649/2649/2649 2673/2673/2673 2671/2671/2671
f 2671/2671/2671 2646/2646/2646 2649/2649/2649
f 2674/2674/2674 2651/2651/2651 2648/2648/2648
f 2648/2648/2648 2672/2672/2672 2674/2674/2674
f 2652/2652/2652 2675/2675/2675 2673/2673/2673
f 2673/2673/2673 2649/2649/2649 2652/2652/2652
f 2676/2676/2676 2654/2654/2654 2651/2651/2651
f 2651/2651/2651 2674/2674/2674 2676/2676/2676
f 2655/2655/2655 2677/2677/2677 2675/2675/2675
f 2675/2675/2675 2652/2652/2652 2655/2655/2655
f 2679/2679/2679 2657/2657/2657 2656/2656/2656
f 2656/2656/2656 2678/2678/2678 2679/2679/2679
f 2658/2658/2658 2680/2680/2680 2681/2681/2681
f 2681/2681/2681 2659/2659/2659 2658/2658/2658
f 2682/2682/2682 2660/2660/2660 2657/2657/2657
f 2657/2657/2657 2679/2679/2679 2682/2682/2682
f 2661/2661/2661 2683/2683/2683 2680/2680/2680
f 2680/2680/2680 2658/2658/2658 2661/2661/2661
f 2685/2685/2685 2684/2684/2684 2679/2679/2679
f 2679/2679/2679 2678/2678/2678 2685/2685/2685
f 2687/2687/2687 2681/2681/2681 2680/2680/2680
f 2680/2680/2680 2686/2686/2686 2687/2687/2687
f 2688/2688/2688 2662/2662/2662 2660/2660/2660
f 2660/2660/2660 2682/2682/2682 2688/2688/2688
f 2663/2663/2663 2689/2689/2689 2683/2683/2683
f 2683/2683/2683 2661/2661/2661 2663/2663/2663
f 2690/2690/2690 2664/2664/2664 2662/2662/2662
f 2662/2662/2662 2688/2688/2688 2690/2690/2690
f 2665/2665/2665 2691/2691/2691 2689/2689/2689
f 2689/2689/2689 2663/2663/2663 2665/2665/2665
f 2690/2690/2690 2692/2692/2692 2666/2666/2666
f 2666/2666/2666 2664/2664/2664 2690/2690/2690
f 2693/2693/2693 2691/2691/2691 2665/2665/2665
f 2665/2665/2665 2667/2667/2667 2693/2693/2693
f 2694/2694/2694 2668/2668/2668 2666/2666/2666
f 2666/2666/2666 2692/2692/2692 2694/2694/2694
f 2669/2669/2669 2695/2695/2695 2693/2693/2693
f 2693/2693/2693 2667/2667/2667 2669/2669/2669
f 2696/2696/2696 2670/2670/2670 2668/2668/2668
f 2668/2668/2668 2694/2694/2694 2696/2696/2696
f 2671/2671/2671 2697/2697/2697 2695/2695/2695
f 2695/2695/2695 2669/2669/2669 2671/2671/2671
f 2698/2698/2698 2672/2672/2672 2670/2670/2670
f 2670/2670/2670 2696/2696/2696 2698/2698/2698
f 2673/2673/2673 2699/2699/2699 2697/2697/2697
f 2697/2697/2697 2671/2671/2671 2673/2673/2673
f 2700/2700/2700 2674/2674/2674 2672/2672/2672
f 2672/2672/2672 2698/2698/2698 2700/2700/2700
f 2675/2675/2675 2701/2701/2701 2699/2699/2699
f 2699/2699/2699 2673/2673/2673 2675/2675/2675
f 2702/2702/2702 2676/2676/2676 2674/2674/2674
f 2674/2674/2674 2700/2700/2700 2702/2702/2702
f 2677/2677/2677 2703/2703/2703 2701/2701/2701
f 2701/2701/2701 2675/2675/2675 2677/2677/2677
f 2707/2707/2707 2704/2704/2704 2705/2705/2705
f 2705/2705/2705 2706/2706/2706 2707/2707/2707
f 2693/2693/2693 2708/2708/2708 2709/2709/2709
f 2709/2709/2709 2691/2691/2691 2693/2693/2693
f 2707/2707/2707 2706/2706/2706 2710/2710/2710
f 2710/2710/2710 2711/2711/2711 2707/2707/2707
f 2715/2715/2715 2712/2712/2712 2713/2713/2713
f 2713/2713/2713 2714/2714/2714 2715/2715/2715
f 2719/2719/2719 2716/2716/2716 2717/2717/2717
f 2717/2717/2717 2718/2718/2718 2719/2719/2719
f 2721/2721/2721 2687/2687/2687 2686/2686/2686
f 2686/2686/2686 2720/2720/2720 2721/2721/2721
f 2724/2724/2724 2722/2722/2722 2705/2705/2705
f 2705/2705/2705 2723/2723/2723 2724/2724/2724
f 2727/2727/2727 2725/2725/2725 2726/2726/2726
f 2726/2726/2726 2715/2715/2715 2727/2727/2727
f 2728/2728/2728 2723/2723/2723 2705/2705/2705
f 2705/2705/2705 2704/2704/2704 2728/2728/2728
f 2726/2726/2726 2729/2729/2729 2712/2712/2712
f 2712/2712/2712 2715/2715/2715 2726/2726/2726
f 2723/2723/2723 2730/2730/2730 2731/2731/2731
f 2731/2731/2731 2724/2724/2724 2723/2723/2723
f 2733/2733/2733 2726/2726/2726 2725/2725/2725
f 2725/2725/2725 2732/2732/2732 2733/2733/2733
f 2718/2718/2718 2730/2730/2730 2723/2723/2723
f 2723/2723/2723 2728/2728/2728 2718/2718/2718
f 2733/2733/2733 2734/2734/2734 2729/2729/2729
f 2729/2729/2729 2726/2726/2726 2733/2733/2733
f 2736/2736/2736 2731/2731/2731 2730/2730/2730
f 2730/2730/2730 2735/2735/2735 2736/2736/2736
f 2732/2732/2732 2737/2737/2737 2738/2738/2738
f 2738/2738/2738 2733/2733/2733 2732/2732/2732
f 2735/2735/2735 2739/2739/2739 2740/2740/2740
f 2740/2740/2740 2736/2736/2736 2735/2735/2735
f 2742/2742/2742 2738/2738/2738 2737/2737/2737
f 2737/2737/2737 2741/2741/2741 2742/2742/2742
f 2735/2735/2735 2730/2730/2730 2718/2718/2718
f 2718/2718/2718 2739/2739/2739 2735/2735/2735
f 2733/2733/2733 2738/2738/2738 2742/2742/2742
f 2742/2742/2742 2734/2734/2734 2733/2733/2733
f 2746/2746/2746 2743/2743/2743 2744/2744/2744
f 2744/2744/2744 2745/2745/2745 2746/2746/2746
f 2697/2697/2697 2747/2747/2747 2748/2748/2748
f 2748/2748/2748 2695/2695/2695 2697/2697/2697
f 2746/2746/2746 2745/2745/2745 2749/2749/2749
f 2749/2749/2749 2750/2750/2750 2746/2746/2746
f 2699/2699/2699 2751/2751/2751 2747/2747/2747
f 2747/2747/2747 2697/2697/2697 2699/2699/2699
f 2743/2743/2743 2710/2710/2710 2706/2706/2706
f 2706/2706/2706 2744/2744/2744 2743/2743/2743
f 2695/2695/2695 2748/2748/2748 2708/2708/2708
f 2708/2708/2708 2693/2693/2693 2695/2695/2695
f 2744/2744/2744 2706/2706/2706 2705/2705/2705
f 2705/2705/2705 2722/2722/2722 2744/2744/2744
f 2727/2727/2727 2715/2715/2715 2714/2714/2714
f 2714/2714/2714 2752/2752/2752 2727/2727/2727
f 2749/2749/2749 2753/2753/2753 2754/2754/2754
f 2754/2754/2754 2750/2750/2750 2749/2749/2749
f 2701/2701/2701 2755/2755/2755 2751/2751/2751
f 2751/2751/2751 2699/2699/2699 2701/2701/2701
f 2757/2757/2757 2754/2754/2754 2753/2753/2753
f 2753/2753/2753 2756/2756/2756 2757/2757/2757
f 2703/2703/2703 2758/2758/2758 2755/2755/2755
f 2755/2755/2755 2701/2701/2701 2703/2703/2703
f 2760/2760/2760 2759/2759/2759 2758/2758/2758
f 2758/2758/2758 2703/2703/2703 2760/2760/2760
f 2761/2761/2761 2760/2760/2760 2703/2703/2703
f 2703/2703/2703 2677/2677/2677 2761/2761/2761
f 2762/2762/2762 2761/2761/2761 2677/2677/2677
f 2677/2677/2677 2655/2655/2655 2762/2762/2762
f 2763/2763/2763 2762/2762/2762 2655/2655/2655
f 2655/2655/2655 2653/2653/2653 2763/2763/2763
f 2764/2764/2764 2763/2763/2763 2653/2653/2653
f 2653/2653/2653 2654/2654/2654 2764/2764/2764
f 2765/2765/2765 2764/2764/2764 2654/2654/2654
f 2654/2654/2654 2676/2676/2676 2765/2765/2765
f 2766/2766/2766 2765/2765/2765 2676/2676/2676
f 2676/2676/2676 2702/2702/2702 2766/2766/2766
f 2768/2768/2768 2757/2757/2757 2756/2756/2756
f 2756/2756/2756 2767/2767/2767 2768/2768/2768
f 2710/2710/2710 2692/2692/2692 2690/2690/2690
f 2690/2690/2690 2711/2711/2711 2710/2710/2710
f 2743/2743/2743 2694/2694/2694 2692/2692/2692
f 2692/2692/2692 2710/2710/2710 2743/2743/2743
f 2746/2746/2746 2696/2696/2696 2694/2694/2694
f 2694/2694/2694 2743/2743/2743 2746/2746/2746
f 2750/2750/2750 2698/2698/2698 2696/2696/2696
f 2696/2696/2696 2746/2746/2746 2750/2750/2750
f 2754/2754/2754 2700/2700/2700 2698/2698/2698
f 2698/2698/2698 2750/2750/2750 2754/2754/2754
f 2757/2757/2757 2702/2702/2702 2700/2700/2700
f 2700/2700/2700 2754/2754/2754 2757/2757/2757
f 2768/2768/2768 2766/2766/2766 2702/2702/2702
f 2702/2702/2702 2757/2757/2757 2768/2768/2768
f 2714/2714/2714 2713/2713/2713 2709/2709/2709
f 2709/2709/2709 2708/2708/2708 2714/2714/2714
f 2708/2708/2708 2748/2748/2748 2752/2752/2752
f 2752/2752/2752 2714/2714/2714 2708/2708/2708
f 2747/2747/2747 2769/2769/2769 2752/2752/2752
f 2752/2752/2752 2748/2748/2748 2747/2747/2747
f 2747/2747/2747 2751/2751/2751 2770/2770/2770
f 2770/2770/2770 2769/2769/2769 2747/2747/2747
f 2771/2771/2771 2770/2770/2770 2751/2751/2751
f 2751/2751/2751 2755/2755/2755 2771/2771/2771
f 2758/2758/2758 2772/2772/2772 2771/2771/2771
f 2771/2771/2771 2755/2755/2755 2758/2758/2758
f 2759/2759/2759 2773/2773/2773 2772/2772/2772
f 2772/2772/2772 2758/2758/2758 2759/2759/2759
f 2777/2777/2777 2774/2774/2774 2775/2775/2775
f 2775/2775/2775 2776/2776/2776 2777/2777/2777
f 2779/2779/2779 2709/2709/2709 2713/2713/2713
f 2713/2713/2713 2778/2778/2778 2779/2779/2779
f 2780/2780/2780 2690/2690/2690 2688/2688/2688
f 2779/2779/2779 2781/2781/2781 2691/2691/2691
f 2691/2691/2691 2709/2709/2709 2779/2779/2779
f 2704/2704/2704 2782/2782/2782 2728/2728/2728
f 2713/2713/2713 2712/2712/2712 2783/2783/2783
f 2783/2783/2783 2778/2778/2778 2713/2713/2713
f 2718/2718/2718 2728/2728/2728 2782/2782/2782
f 2782/2782/2782 2784/2784/2784 2718/2718/2718
f 2787/2787/2787 2783/2783/2783 2785/2785/2785
f 2785/2785/2785 2786/2786/2786 2787/2787/2787
f 2682/2682/2682 2788/2788/2788 2780/2780/2780
f 2780/2780/2780 2688/2688/2688 2682/2682/2682
f 2791/2791/2791 2789/2789/2789 2790/2790/2790
f 2790/2790/2790 2781/2781/2781 2791/2791/2791
f 2679/2679/2679 2792/2792/2792 2788/2788/2788
f 2788/2788/2788 2682/2682/2682 2679/2679/2679
f 2789/2789/2789 2793/2793/2793 2794/2794/2794
f 2794/2794/2794 2790/2790/2790 2789/2789/2789
f 2792/2792/2792 2679/2679/2679 2684/2684/2684
f 2684/2684/2684 2795/2795/2795 2792/2792/2792
f 2794/2794/2794 2793/2793/2793 2796/2796/2796
f 2796/2796/2796 2797/2797/2797 2794/2794/2794
f 2798/2798/2798 2719/2719/2719 2718/2718/2718
f 2718/2718/2718 2784/2784/2784 2798/2798/2798
f 2797/2797/2797 2796/2796/2796 2799/2799/2799
f 2799/2799/2799 2800/2800/2800 2797/2797/2797
f 2804/2804/2804 2801/2801/2801 2802/2802/2802
f 2802/2802/2802 2803/2803/2803 2804/2804/2804
f 2793/2793/2793 2789/2789/2789 2805/2805/2805
f 2805/2805/2805 2806/2806/2806 2793/2793/2793
f 2803/2803/2803 2807/2807/2807 2808/2808/2808
f 2808/2808/2808 2804/2804/2804 2803/2803/2803
f 2809/2809/2809 2805/2805/2805 2789/2789/2789
f 2789/2789/2789 2791/2791/2791 2809/2809/2809
f 2813/2813/2813 2810/2810/2810 2811/2811/2811
f 2811/2811/2811 2812/2812/2812 2813/2813/2813
f 2815/2815/2815 2814/2814/2814 2787/2787/2787
f 2787/2787/2787 2786/2786/2786 2815/2815/2815
f 2808/2808/2808 2807/2807/2807 2813/2813/2813
f 2813/2813/2813 2812/2812/2812 2808/2808/2808
f 2809/2809/2809 2791/2791/2791 2787/2787/2787
f 2787/2787/2787 2814/2814/2814 2809/2809/2809
f 2817/2817/2817 2811/2811/2811 2810/2810/2810
f 2810/2810/2810 2816/2816/2816 2817/2817/2817
f 2819/2819/2819 2799/2799/2799 2796/2796/2796
f 2796/2796/2796 2818/2818/2818 2819/2819/2819
f 2821/2821/2821 2820/2820/2820 2802/2802/2802
f 2802/2802/2802 2801/2801/2801 2821/2821/2821
f 2818/2818/2818 2796/2796/2796 2793/2793/2793
f 2793/2793/2793 2806/2806/2806 2818/2818/2818
f 2824/2824/2824 2822/2822/2822 2774/2774/2774
f 2774/2774/2774 2823/2823/2823 2824/2824/2824
f 2822/2822/2822 2825/2825/2825 2775/2775/2775
f 2775/2775/2775 2774/2774/2774 2822/2822/2822
f 2825/2825/2825 2826/2826/2826 2827/2827/2827
f 2827/2827/2827 2775/2775/2775 2825/2825/2825
f 2829/2829/2829 2828/2828/2828 2827/2827/2827
f 2827/2827/2827 2826/2826/2826 2829/2829/2829
f 2833/2833/2833 2830/2830/2830 2831/2831/2831
f 2831/2831/2831 2832/2832/2832 2833/2833/2833
f 2823/2823/2823 2831/2831/2831 2830/2830/2830
f 2830/2830/2830 2824/2824/2824 2823/2823/2823
f 2837/2837/2837 2834/2834/2834 2835/2835/2835
f 2835/2835/2835 2836/2836/2836 2837/2837/2837
f 2836/2836/2836 2838/2838/2838 2839/2839/2839
f 2839/2839/2839 2837/2837/2837 2836/2836/2836
f 2841/2841/2841 2839/2839/2839 2838/2838/2838
f 2838/2838/2838 2840/2840/2840 2841/2841/2841
f 2845/2845/2845 2842/2842/2842 2843/2843/2843
f 2843/2843/2843 2844/2844/2844 2845/2845/2845
f 2845/2845/2845 2846/2846/2846 2847/2847/2847
f 2847/2847/2847 2842/2842/2842 2845/2845/2845
f 2846/2846/2846 2835/2835/2835 2834/2834/2834
f 2834/2834/2834 2847/2847/2847 2846/2846/2846
f 2849/2849/2849 2848/2848/2848 2684/2684/2684
f 2684/2684/2684 2685/2685/2685 2849/2849/2849
f 2795/2795/2795 2684/2684/2684 2848/2848/2848
f 2848/2848/2848 2850/2850/2850 2795/2795/2795
f 2833/2833/2833 2832/2832/2832 2851/2851/2851
f 2851/2851/2851 2852/2852/2852 2833/2833/2833
f 2854/2854/2854 2853/2853/2853 2820/2820/2820
f 2820/2820/2820 2821/2821/2821 2854/2854/2854
f 2856/2856/2856 2721/2721/2721 2720/2720/2720
f 2720/2720/2720 2855/2855/2855 2856/2856/2856
f 2800/2800/2800 2799/2799/2799 2857/2857/2857
f 2857/2857/2857 2858/2858/2858 2800/2800/2800
f 2859/2859/2859 2857/2857/2857 2799/2799/2799
f 2799/2799/2799 2819/2819/2819 2859/2859/2859
f 2844/2844/2844 2843/2843/2843 2860/2860/2860
f 2860/2860/2860 2861/2861/2861 2844/2844/2844
f 2865/2865/2865 2862/2862/2862 2863/2863/2863
f 2863/2863/2863 2864/2864/2864 2865/2865/2865
f 2869/2869/2869 2866/2866/2866 2867/2867/2867
f 2867/2867/2867 2868/2868/2868 2869/2869/2869
f 2862/2862/2862 2865/2865/2865 2870/2870/2870
f 2870/2870/2870 2871/2871/2871 2862/2862/2862
f 2866/2866/2866 2869/2869/2869 2872/2872/2872
f 2872/2872/2872 2873/2873/2873 2866/2866/2866
f 2875/2875/2875 2874/2874/2874 2871/2871/2871
f 2871/2871/2871 2870/2870/2870 2875/2875/2875
f 2877/2877/2877 2876/2876/2876 2873/2873/2873
f 2873/2873/2873 2872/2872/2872 2877/2877/2877
f 2879/2879/2879 2865/2865/2865 2864/2864/2864
f 2864/2864/2864 2878/2878/2878 2879/2879/2879
f 2866/2866/2866 2880/2880/2880 2881/2881/2881
f 2881/2881/2881 2867/2867/2867 2866/2866/2866
f 2882/2882/2882 2870/2870/2870 2865/2865/2865
f 2865/2865/2865 2879/2879/2879 2882/2882/2882
f 2873/2873/2873 2883/2883/2883 2880/2880/2880
f 2880/2880/2880 2866/2866/2866 2873/2873/2873
f 2884/2884/2884 2875/2875/2875 2870/2870/2870
f 2870/2870/2870 2882/2882/2882 2884/2884/2884
f 2876/2876/2876 2885/2885/2885 2883/2883/2883
f 2883/2883/2883 2873/2873/2873 2876/2876/2876
f 2878/2878/2878 2886/2886/2886 2887/2887/2887
f 2887/2887/2887 2879/2879/2879 2878/2878/2878
f 2889/2889/2889 2881/2881/2881 2880/2880/2880
f 2880/2880/2880 2888/2888/2888 2889/2889/2889
f 2890/2890/2890 2882/2882/2882 2879/2879/2879
f 2879/2879/2879 2887/2887/2887 2890/2890/2890
f 2883/2883/2883 2891/2891/2891 2888/2888/2888
f 2888/2888/2888 2880/2880/2880 2883/2883/2883
f 2892/2892/2892 2884/2884/2884 2882/2882/2882
f 2882/2882/2882 2890/2890/2890 2892/2892/2892
f 2885/2885/2885 2893/2893/2893 2891/2891/2891
f 2891/2891/2891 2883/2883/2883 2885/2885/2885
f 2886/2886/2886 2894/2894/2894 2895/2895/2895
f 2895/2895/2895 2887/2887/2887 2886/2886/2886
f 2897/2897/2897 2889/2889/2889 2888/2888/2888
f 2888/2888/2888 2896/2896/2896 2897/2897/2897
f 2887/2887/2887 2895/2895/2895 2898/2898/2898
f 2898/2898/2898 2890/2890/2890 2887/2887/2887
f 2896/2896/2896 2888/2888/2888 2891/2891/2891
f 2891/2891/2891 2899/2899/2899 2896/2896/2896
f 2890/2890/2890 2898/2898/2898 2900/2900/2900
f 2900/2900/2900 2892/2892/2892 2890/2890/2890
f 2899/2899/2899 2891/2891/2891 2893/2893/2893
f 2893/2893/2893 2901/2901/2901 2899/2899/2899
f 2894/2894/2894 2902/2902/2902 2903/2903/2903
f 2903/2903/2903 2895/2895/2895 2894/2894/2894
f 2905/2905/2905 2897/2897/2897 2896/2896/2896
f 2896/2896/2896 2904/2904/2904 2905/2905/2905
f 2895/2895/2895 2903/2903/2903 2906/2906/2906
f 2906/2906/2906 2898/2898/2898 2895/2895/2895
f 2904/2904/2904 2896/2896/2896 2899/2899/2899
f 2899/2899/2899 2907/2907/2907 2904/2904/2904
f 2908/2908/2908 2900/2900/2900 2898/2898/2898
f 2898/2898/2898 2906/2906/2906 2908/2908/2908
f 2901/2901/2901 2909/2909/2909 2907/2907/2907
f 2907/2907/2907 2899/2899/2899 2901/2901/2901
f 2902/2902/2902 2910/2910/2910 2911/2911/2911
f 2911/2911/2911 2903/2903/2903 2902/2902/2902
f 2913/2913/2913 2905/2905/2905 2904/2904/2904
f 2904/2904/2904 2912/2912/2912 2913/2913/2913
f 2903/2903/2903 2911/2911/2911 2914/2914/2914
f 2914/2914/2914 2906/2906/2906 2903/2903/2903
f 2912/2912/2912 2904/2904/2904 2907/2907/2907
f 2907/2907/2907 2915/2915/2915 2912/2912/2912
f 2916/2916/2916 2908/2908/2908 2906/2906/2906
f 2906/2906/2906 2914/2914/2914 2916/2916/2916
f 2909/2909/2909 2917/2917/2917 2915/2915/2915
f 2915/2915/2915 2907/2907/2907 2909/2909/2909
f 2919/2919/2919 2911/2911/2911 2910/2910/2910
f 2910/2910/2910 2918/2918/2918 2919/2919/2919
f 2912/2912/2912 2920/2920/2920 2921/2921/2921
f 2921/2921/2921 2913/2913/2913 2912/2912/2912
f 2911/2911/2911 2919/2919/2919 2922/2922/2922
f 2922/2922/2922 2914/2914/2914 2911/2911/2911
f 2920/2920/2920 2912/2912/2912 2915/2915/2915
f 2915/2915/2915 2923/2923/2923 2920/2920/2920
f 2924/2924/2924 2916/2916/2916 2914/2914/2914
f 2914/2914/2914 2922/2922/2922 2924/2924/2924
f 2917/2917/2917 2925/2925/2925 2923/2923/2923
f 2923/2923/2923 2915/2915/2915 2917/2917/2917
f 2918/2918/2918 2926/2926/2926 2927/2927/2927
f 2927/2927/2927 2919/2919/2919 2918/2918/2918
f 2929/2929/2929 2921/2921/2921 2920/2920/2920
f 2920/2920/2920 2928/2928/2928 2929/2929/2929
f 2930/2930/2930 2922/2922/2922 2919/2919/2919
f 2919/2919/2919 2927/2927/2927 2930/2930/2930
f 2923/2923/2923 2931/2931/2931 2928/2928/2928
f 2928/2928/2928 2920/2920/2920 2923/2923/2923
f 2932/2932/2932 2924/2924/2924 2922/2922/2922
f 2922/2922/2922 2930/2930/2930 2932/2932/2932
f 2925/2925/2925 2933/2933/2933 2931/2931/2931
f 2931/2931/2931 2923/2923/2923 2925/2925/2925
f 2935/2935/2935 2927/2927/2927 2926/2926/2926
f 2926/2926/2926 2934/2934/2934 2935/2935/2935
f 2928/2928/2928 2936/2936/2936 2937/2937/2937
f 2937/2937/2937 2929/2929/2929 2928/2928/2928
f 2938/2938/2938 2930/2930/2930 2927/2927/2927
f 2927/2927/2927 2935/2935/2935 2938/2938/2938
f 2931/2931/2931 2939/2939/2939 2936/2936/2936
f 2936/2936/2936 2928/2928/2928 2931/2931/2931
f 2930/2930/2930 2938/2938/2938 2940/2940/2940
f 2940/2940/2940 2932/2932/2932 2930/2930/2930
f 2939/2939/2939 2931/2931/2931 2933/2933/2933
f 2933/2933/2933 2941/2941/2941 2939/2939/2939
f 2945/2945/2945 2942/2942/2942 2943/2943/2943
f 2943/2943/2943 2944/2944/2944 2945/2945/2945
f 2949/2949/2949 2946/2946/2946 2947/2947/2947
f 2947/2947/2947 2948/2948/2948 2949/2949/2949
f 2951/2951/2951 2950/2950/2950 2943/2943/2943
f 2943/2943/2943 2942/2942/2942 2951/2951/2951
f 2955/2955/2955 2952/2952/2952 2953/2953/2953
f 2953/2953/2953 2954/2954/2954 2955/2955/2955
f 2959/2959/2959 2956/2956/2956 2957/2957/2957
f 2957/2957/2957 2958/2958/2958 2959/2959/2959
f 2961/2961/2961 2960/2960/2960 2956/2956/2956
f 2956/2956/2956 2959/2959/2959 2961/2961/2961
f 2965/2965/2965 2962/2962/2962 2963/2963/2963
f 2963/2963/2963 2964/2964/2964 2965/2965/2965
f 2716/2716/2716 2966/2966/2966 2967/2967/2967
f 2967/2967/2967 2717/2717/2717 2716/2716/2716
f 2849/2849/2849 2685/2685/2685 2968/2968/2968
f 2968/2968/2968 2969/2969/2969 2849/2849/2849
f 2685/2685/2685 2678/2678/2678 2970/2970/2970
f 2970/2970/2970 2968/2968/2968 2685/2685/2685
f 2678/2678/2678 2656/2656/2656 2971/2971/2971
f 2971/2971/2971 2970/2970/2970 2678/2678/2678
f 2972/2972/2972 2971/2971/2971 2656/2656/2656
f 2656/2656/2656 2623/2623/2623 2972/2972/2972
f 2626/2626/2626 2973/2973/2973 2972/2972/2972
f 2972/2972/2972 2623/2623/2623 2626/2626/2626
f 2974/2974/2974 2973/2973/2973 2626/2626/2626
f 2626/2626/2626 2628/2628/2628 2974/2974/2974
f 2975/2975/2975 2974/2974/2974 2628/2628/2628
f 2628/2628/2628 2659/2659/2659 2975/2975/2975
f 2659/2659/2659 2681/2681/2681 2976/2976/2976
f 2976/2976/2976 2975/2975/2975 2659/2659/2659
f 2687/2687/2687 2977/2977/2977 2976/2976/2976
f 2976/2976/2976 2681/2681/2681 2687/2687/2687
f 2721/2721/2721 2978/2978/2978 2977/2977/2977
f 2977/2977/2977 2687/2687/2687 2721/2721/2721
f 2856/2856/2856 2979/2979/2979 2978/2978/2978
f 2978/2978/2978 2721/2721/2721 2856/2856/2856
f 2981/2981/2981 2742/2742/2742 2741/2741/2741
f 2741/2741/2741 2980/2980/2980 2981/2981/2981
f 2961/2961/2961 2982/2982/2982 2983/2983/2983
f 2983/2983/2983 2960/2960/2960 2961/2961/2961
f 2985/2985/2985 2962/2962/2962 2965/2965/2965
f 2965/2965/2965 2984/2984/2984 2985/2985/2985
f 2982/2982/2982 2986/2986/2986 2987/2987/2987
f 2987/2987/2987 2983/2983/2983 2982/2982/2982
f 2989/2989/2989 2985/2985/2985 2984/2984/2984
f 2984/2984/2984 2988/2988/2988 2989/2989/2989
f 2991/2991/2991 2987/2987/2987 2986/2986/2986
f 2986/2986/2986 2990/2990/2990 2991/2991/2991
f 2988/2988/2988 2992/2992/2992 2993/2993/2993
f 2993/2993/2993 2989/2989/2989 2988/2988/2988
f 2990/2990/2990 2994/2994/2994 2995/2995/2995
f 2995/2995/2995 2991/2991/2991 2990/2990/2990
f 2994/2994/2994 2993/2993/2993 2992/2992/2992
f 2992/2992/2992 2995/2995/2995 2994/2994/2994
f 2999/2999/2999 2996/2996/2996 2997/2997/2997
f 2997/2997/2997 2998/2998/2998 2999/2999/2999
f 3003/3003/3003 3000/3000/3000 3001/3001/3001
f 3001/3001/3001 3002/3002/3002 3003/3003/3003
f 3005/3005/3005 3004/3004/3004 2999/2999/2999
f 2999/2999/2999 2998/2998/2998 3005/3005/3005
f 3007/3007/3007 3006/3006/3006 3001/3001/3001
f 3001/3001/3001 3000/3000/3000 3007/3007/3007
f 3009/3009/3009 3008/3008/3008 3004/3004/3004
f 3004/3004/3004 3005/3005/3005 3009/3009/3009
f 3011/3011/3011 3010/3010/3010 3006/3006/3006
f 3006/3006/3006 3007/3007/3007 3011/3011/3011
f 3013/3013/3013 3012/3012/3012 2997/2997/2997
f 2997/2997/2997 2996/2996/2996 3013/3013/3013
f 3017/3017/3017 3014/3014/3014 3015/3015/3015
f 3015/3015/3015 3016/3016/3016 3017/3017/3017
f 3021/3021/3021 3018/3018/3018 3019/3019/3019
f 3019/3019/3019 3020/3020/3020 3021/3021/3021
f 2999/2999/2999 3022/3022/3022 3023/3023/3023
f 3023/3023/3023 2996/2996/2996 2999/2999/2999
f 3025/3025/3025 3000/3000/3000 3003/3003/3003
f 3003/3003/3003 3024/3024/3024 3025/3025/3025
f 3022/3022/3022 2999/2999/2999 3004/3004/3004
f 3004/3004/3004 3026/3026/3026 3022/3022/3022
f 3000/3000/3000 3025/3025/3025 3027/3027/3027
f 3027/3027/3027 3007/3007/3007 3000/3000/3000
f 3008/3008/3008 3028/3028/3028 3026/3026/3026
f 3026/3026/3026 3004/3004/3004 3008/3008/3008
f 3029/3029/3029 3011/3011/3011 3007/3007/3007
f 3007/3007/3007 3027/3027/3027 3029/3029/3029
f 3032/3032/3032 3030/3030/3030 3021/3021/3021
f 3021/3021/3021 3031/3031/3031 3032/3032/3032
f 3035/3035/3035 3033/3033/3033 3024/3024/3024
f 3024/3024/3024 3034/3034/3034 3035/3035/3035
f 3022/3022/3022 3036/3036/3036 3037/3037/3037
f 3037/3037/3037 3023/3023/3023 3022/3022/3022
f 3038/3038/3038 3025/3025/3025 3024/3024/3024
f 3024/3024/3024 3033/3033/3033 3038/3038/3038
f 3026/3026/3026 3039/3039/3039 3036/3036/3036
f 3036/3036/3036 3022/3022/3022 3026/3026/3026
f 3040/3040/3040 3027/3027/3027 3025/3025/3025
f 3025/3025/3025 3038/3038/3038 3040/3040/3040
f 3039/3039/3039 3026/3026/3026 3028/3028/3028
f 3028/3028/3028 3041/3041/3041 3039/3039/3039
f 3027/3027/3027 3040/3040/3040 3042/3042/3042
f 3042/3042/3042 3029/3029/3029 3027/3027/3027
f 3030/3030/3030 3043/3043/3043 3018/3018/3018
f 3018/3018/3018 3021/3021/3021 3030/3030/3030
f 3047/3047/3047 3044/3044/3044 3045/3045/3045
f 3045/3045/3045 3046/3046/3046 3047/3047/3047
f 3043/3043/3043 3030/3030/3030 3048/3048/3048
f 3048/3048/3048 3049/3049/3049 3043/3043/3043
f 3044/3044/3044 3047/3047/3047 3050/3050/3050
f 3050/3050/3050 3051/3051/3051 3044/3044/3044
f 3053/3053/3053 3052/3052/3052 3049/3049/3049
f 3049/3049/3049 3048/3048/3048 3053/3053/3053
f 3055/3055/3055 3054/3054/3054 3051/3051/3051
f 3051/3051/3051 3050/3050/3050 3055/3055/3055
f 2842/2842/2842 2847/2847/2847 3053/3053/3053
f 3053/3053/3053 3048/3048/3048 2842/2842/2842
f 2802/2802/2802 2820/2820/2820 3051/3051/3051
f 3051/3051/3051 3054/3054/3054 2802/2802/2802
f 2843/2843/2843 2842/2842/2842 3048/3048/3048
f 3048/3048/3048 3030/3030/3030 2843/2843/2843
f 2820/2820/2820 2853/2853/2853 3044/3044/3044
f 3044/3044/3044 3051/3051/3051 2820/2820/2820
f 2860/2860/2860 2843/2843/2843 3030/3030/3030
f 3030/3030/3030 3032/3032/3032 2860/2860/2860
f 2816/2816/2816 2810/2810/2810 3033/3033/3033
f 3033/3033/3033 3035/3035/3035 2816/2816/2816
f 2839/2839/2839 2841/2841/2841 3037/3037/3037
f 2839/2839/2839 3037/3037/3037 3036/3036/3036
f 2813/2813/2813 3038/3038/3038 3033/3033/3033
f 3033/3033/3033 2810/2810/2810 2813/2813/2813
f 3039/3039/3039 3056/3056/3056 2839/2839/2839
f 2839/2839/2839 3036/3036/3036 3039/3039/3039
f 3057/3057/3057 3040/3040/3040 3038/3038/3038
f 3038/3038/3038 2813/2813/2813 3057/3057/3057
f 3041/3041/3041 3058/3058/3058 3056/3056/3056
f 3056/3056/3056 3039/3039/3039 3041/3041/3041
f 3059/3059/3059 3042/3042/3042 3040/3040/3040
f 3040/3040/3040 3057/3057/3057 3059/3059/3059
f 2950/2950/2950 2951/2951/2951 2958/2958/2958
f 2958/2958/2958 2957/2957/2957 2950/2950/2950
f 3013/3013/3013 3020/3020/3020 3019/3019/3019
f 3019/3019/3019 3012/3012/3012 3013/3013/3013
f 2717/2717/2717 2967/2967/2967 2740/2740/2740
f 2740/2740/2740 2739/2739/2739 2717/2717/2717
f 2954/2954/2954 2949/2949/2949 2948/2948/2948
f 2948/2948/2948 2955/2955/2955 2954/2954/2954
f 3016/3016/3016 3003/3003/3003 3002/3002/3002
f 3002/3002/3002 3017/3017/3017 3016/3016/3016
f 2856/2856/2856 2981/2981/2981 2980/2980/2980
f 2980/2980/2980 2979/2979/2979 2856/2856/2856
f 2734/2734/2734 2742/2742/2742 2981/2981/2981
f 2858/2858/2858 2857/2857/2857 2786/2786/2786
f 2786/2786/2786 2785/2785/2785 2858/2858/2858
f 2859/2859/2859 2815/2815/2815 2786/2786/2786
f 2786/2786/2786 2857/2857/2857 2859/2859/2859
f 2861/2861/2861 2860/2860/2860 2841/2841/2841
f 2841/2841/2841 2840/2840/2840 2861/2861/2861
f 2860/2860/2860 3032/3032/3032 3037/3037/3037
f 3037/3037/3037 2841/2841/2841 2860/2860/2860
f 3032/3032/3032 3031/3031/3031 3023/3023/3023
f 3023/3023/3023 3037/3037/3037 3032/3032/3032
f 3046/3046/3046 3045/3045/3045 3015/3015/3015
f 3015/3015/3015 3014/3014/3014 3046/3046/3046
f 2964/2964/2964 2963/2963/2963 2953/2953/2953
f 2953/2953/2953 2952/2952/2952 2964/2964/2964
f 2716/2716/2716 2849/2849/2849 2969/2969/2969
f 2969/2969/2969 2966/2966/2966 2716/2716/2716
f 2716/2716/2716 2719/2719/2719 2848/2848/2848
f 2848/2848/2848 2849/2849/2849 2716/2716/2716
f 2850/2850/2850 2848/2848/2848 2719/2719/2719
f 2719/2719/2719 2798/2798/2798 2850/2850/2850
f 2852/2852/2852 2851/2851/2851 2828/2828/2828
f 2828/2828/2828 2829/2829/2829 2852/2852/2852
f 2817/2817/2817 2816/2816/2816 2853/2853/2853
f 2853/2853/2853 2854/2854/2854 2817/2817/2817
f 2816/2816/2816 3035/3035/3035 3044/3044/3044
f 3044/3044/3044 2853/2853/2853 2816/2816/2816
f 3035/3035/3035 3034/3034/3034 3045/3045/3045
f 3045/3045/3045 3044/3044/3044 3035/3035/3035
f 2996/2996/2996 3023/3023/3023 3031/3031/3031
f 3031/3031/3031 3013/3013/3013 2996/2996/2996
f 3024/3024/3024 3003/3003/3003 3016/3016/3016
f 3016/3016/3016 3034/3034/3034 3024/3024/3024
f 3031/3031/3031 3021/3021/3021 3020/3020/3020
f 3020/3020/3020 3013/3013/3013 3031/3031/3031
f 3045/3045/3045 3034/3034/3034 3016/3016/3016
f 3016/3016/3016 3015/3015/3015 3045/3045/3045
f 2855/2855/2855 2734/2734/2734 2981/2981/2981
f 2981/2981/2981 2856/2856/2856 2855/2855/2855
f 2717/2717/2717 2739/2739/2739 2718/2718/2718
f 3060/3060/3060 3053/3053/3053 2847/2847/2847
f 2847/2847/2847 2834/2834/2834 3060/3060/3060
f 3054/3054/3054 3061/3061/3061 2803/2803/2803
f 2803/2803/2803 2802/2802/2802 3054/3054/3054
f 3062/3062/3062 3052/3052/3052 3053/3053/3053
f 3053/3053/3053 3060/3060/3060 3062/3062/3062
f 3055/3055/3055 3063/3063/3063 3061/3061/3061
f 3061/3061/3061 3054/3054/3054 3055/3055/3055
f 3064/3064/3064 3060/3060/3060 2834/2834/2834
f 2834/2834/2834 2837/2837/2837 3064/3064/3064
f 3061/3061/3061 3065/3065/3065 2807/2807/2807
f 2807/2807/2807 2803/2803/2803 3061/3061/3061
f 2837/2837/2837 2839/2839/2839 3066/3066/3066
f 2837/2837/2837 3066/3066/3066 3064/3064/3064
f 2807/2807/2807 3065/3065/3065 3067/3067/3067
f 3067/3067/3067 2813/2813/2813 2807/2807/2807
f 3056/3056/3056 3068/3068/3068 3066/3066/3066
f 3066/3066/3066 2839/2839/2839 3056/3056/3056
f 3069/3069/3069 3057/3057/3057 2813/2813/2813
f 2813/2813/2813 3067/3067/3067 3069/3069/3069
f 3058/3058/3058 3070/3070/3070 3068/3068/3068
f 3068/3068/3068 3056/3056/3056 3058/3058/3058
f 3071/3071/3071 3059/3059/3059 3057/3057/3057
f 3057/3057/3057 3069/3069/3069 3071/3071/3071
f 3073/3073/3073 3066/3066/3066 3068/3068/3068
f 3068/3068/3068 3072/3072/3072 3073/3073/3073
f 3067/3067/3067 3074/3074/3074 3075/3075/3075
f 3075/3075/3075 3069/3069/3069 3067/3067/3067
f 3070/3070/3070 3076/3076/3076 3072/3072/3072
f 3072/3072/3072 3068/3068/3068 3070/3070/3070
f 3077/3077/3077 3071/3071/3071 3069/3069/3069
f 3069/3069/3069 3075/3075/3075 3077/3077/3077
f 3066/3066/3066 3073/3073/3073 3078/3078/3078
f 3078/3078/3078 3064/3064/3064 3066/3066/3066
f 3074/3074/3074 3067/3067/3067 3065/3065/3065
f 3065/3065/3065 3079/3079/3079 3074/3074/3074
f 3083/3083/3083 3080/3080/3080 3081/3081/3081
f 3081/3081/3081 3082/3082/3082 3083/3083/3083
f 3085/3085/3085 3075/3075/3075 3074/3074/3074
f 3074/3074/3074 3084/3084/3084 3085/3085/3085
f 3087/3087/3087 3081/3081/3081 3080/3080/3080
f 3080/3080/3080 3086/3086/3086 3087/3087/3087
f 3091/3091/3091 3088/3088/3088 3089/3089/3089
f 3089/3089/3089 3090/3090/3090 3091/3091/3091
f 3082/3082/3082 3081/3081/3081 3092/3092/3092
f 3092/3092/3092 3093/3093/3093 3082/3082/3082
f 3084/3084/3084 3074/3074/3074 3079/3079/3079
f 3079/3079/3079 3094/3094/3094 3084/3084/3084
f 3081/3081/3081 3087/3087/3087 3095/3095/3095
f 3095/3095/3095 3092/3092/3092 3081/3081/3081
f 3088/3088/3088 3091/3091/3091 3096/3096/3096
f 3096/3096/3096 3097/3097/3097 3088/3088/3088
f 3099/3099/3099 3098/3098/3098 3080/3080/3080
f 3080/3080/3080 3083/3083/3083 3099/3099/3099
f 3100/3100/3100 3077/3077/3077 3075/3075/3075
f 3075/3075/3075 3085/3085/3085 3100/3100/3100
f 3098/3098/3098 3101/3101/3101 3086/3086/3086
f 3086/3086/3086 3080/3080/3080 3098/3098/3098
f 3103/3103/3103 3102/3102/3102 3090/3090/3090
f 3090/3090/3090 3089/3089/3089 3103/3103/3103
f 3086/3086/3086 3104/3104/3104 3095/3095/3095
f 3095/3095/3095 3087/3087/3087 3086/3086/3086
f 3105/3105/3105 3089/3089/3089 3088/3088/3088
f 3088/3088/3088 3097/3097/3097 3105/3105/3105
f 3106/3106/3106 3104/3104/3104 3086/3086/3086
f 3086/3086/3086 3101/3101/3101 3106/3106/3106
f 3105/3105/3105 3107/3107/3107 3103/3103/3103
f 3103/3103/3103 3089/3089/3089 3105/3105/3105
f 3109/3109/3109 3095/3095/3095 3104/3104/3104
f 3104/3104/3104 3108/3108/3108 3109/3109/3109
f 3097/3097/3097 3110/3110/3110 3111/3111/3111
f 3111/3111/3111 3105/3105/3105 3097/3097/3097
f 3108/3108/3108 3104/3104/3104 3106/3106/3106
f 3106/3106/3106 3112/3112/3112 3108/3108/3108
f 3105/3105/3105 3111/3111/3111 3113/3113/3113
f 3113/3113/3113 3107/3107/3107 3105/3105/3105
f 3109/3109/3109 3114/3114/3114 3092/3092/3092
f 3092/3092/3092 3095/3095/3095 3109/3109/3109
f 3115/3115/3115 3110/3110/3110 3097/3097/3097
f 3097/3097/3097 3096/3096/3096 3115/3115/3115
f 3116/3116/3116 3093/3093/3093 3092/3092/3092
f 3092/3092/3092 3114/3114/3114 3116/3116/3116
f 3079/3079/3079 3117/3117/3117 3118/3118/3118
f 3118/3118/3118 3094/3094/3094 3079/3079/3079
f 3120/3120/3120 3119/3119/3119 3064/3064/3064
f 3064/3064/3064 3078/3078/3078 3120/3120/3120
f 3121/3121/3121 3117/3117/3117 3079/3079/3079
f 3079/3079/3079 3065/3065/3065 3121/3121/3121
f 3123/3123/3123 3122/3122/3122 3119/3119/3119
f 3119/3119/3119 3120/3120/3120 3123/3123/3123
f 3125/3125/3125 3124/3124/3124 3117/3117/3117
f 3117/3117/3117 3121/3121/3121 3125/3125/3125
f 3127/3127/3127 3116/3116/3116 3114/3114/3114
f 3114/3114/3114 3126/3126/3126 3127/3127/3127
f 3128/3128/3128 3118/3118/3118 3117/3117/3117
f 3117/3117/3117 3124/3124/3124 3128/3128/3128
f 3129/3129/3129 3126/3126/3126 3114/3114/3114
f 3114/3114/3114 3109/3109/3109 3129/3129/3129
f 3131/3131/3131 3130/3130/3130 3110/3110/3110
f 3110/3110/3110 3115/3115/3115 3131/3131/3131
f 3108/3108/3108 3132/3132/3132 3129/3129/3129
f 3129/3129/3129 3109/3109/3109 3108/3108/3108
f 3133/3133/3133 3111/3111/3111 3110/3110/3110
f 3110/3110/3110 3130/3130/3130 3133/3133/3133
f 3112/3112/3112 3134/3134/3134 3132/3132/3132
f 3132/3132/3132 3108/3108/3108 3112/3112/3112
f 3135/3135/3135 3113/3113/3113 3111/3111/3111
f 3111/3111/3111 3133/3133/3133 3135/3135/3135
f 3099/3099/3099 3083/3083/3083 3072/3072/3072
f 3072/3072/3072 3076/3076/3076 3099/3099/3099
f 3083/3083/3083 3082/3082/3082 3073/3073/3073
f 3073/3073/3073 3072/3072/3072 3083/3083/3083
f 3082/3082/3082 3093/3093/3093 3078/3078/3078
f 3078/3078/3078 3073/3073/3073 3082/3082/3082
f 3120/3120/3120 3078/3078/3078 3093/3093/3093
f 3093/3093/3093 3116/3116/3116 3120/3120/3120
f 3127/3127/3127 3123/3123/3123 3120/3120/3120
f 3120/3120/3120 3116/3116/3116 3127/3127/3127
f 3100/3100/3100 3085/3085/3085 3090/3090/3090
f 3090/3090/3090 3102/3102/3102 3100/3100/3100
f 3085/3085/3085 3084/3084/3084 3091/3091/3091
f 3091/3091/3091 3090/3090/3090 3085/3085/3085
f 3084/3084/3084 3094/3094/3094 3096/3096/3096
f 3096/3096/3096 3091/3091/3091 3084/3084/3084
f 3094/3094/3094 3118/3118/3118 3115/3115/3115
f 3115/3115/3115 3096/3096/3096 3094/3094/3094
f 3128/3128/3128 3131/3131/3131 3115/3115/3115
f 3115/3115/3115 3118/3118/3118 3128/3128/3128
f 3139/3139/3139 3136/3136/3136 3137/3137/3137
f 3137/3137/3137 3138/3138/3138 3139/3139/3139
f 3141/3141/3141 3140/3140/3140 3131/3131/3131
f 3131/3131/3131 3128/3128/3128 3141/3141/3141
f 3136/3136/3136 3142/3142/3142 3143/3143/3143
f 3143/3143/3143 3137/3137/3137 3136/3136/3136
f 3140/3140/3140 3144/3144/3144 3130/3130/3130
f 3130/3130/3130 3131/3131/3131 3140/3140/3140
f 3146/3146/3146 3139/3139/3139 3138/3138/3138
f 3138/3138/3138 3145/3145/3145 3146/3146/3146
f 3147/3147/3147 3141/3141/3141 3128/3128/3128
f 3128/3128/3128 3124/3124/3124 3147/3147/3147
f 3145/3145/3145 3148/3148/3148 3149/3149/3149
f 3149/3149/3149 3146/3146/3146 3145/3145/3145
f 3150/3150/3150 3147/3147/3147 3124/3124/3124
f 3124/3124/3124 3125/3125/3125 3150/3150/3150
f 3119/3119/3119 3062/3062/3062 3060/3060/3060
f 3060/3060/3060 3064/3064/3064 3119/3119/3119
f 3063/3063/3063 3121/3121/3121 3065/3065/3065
f 3065/3065/3065 3061/3061/3061 3063/3063/3063
f 3052/3052/3052 3151/3151/3151 3152/3152/3152
f 3152/3152/3152 3049/3049/3049 3052/3052/3052
f 3154/3154/3154 3055/3055/3055 3050/3050/3050
f 3050/3050/3050 3153/3153/3153 3154/3154/3154
f 3062/3062/3062 3155/3155/3155 3151/3151/3151
f 3151/3151/3151 3052/3052/3052 3062/3062/3062
f 3156/3156/3156 3063/3063/3063 3055/3055/3055
f 3055/3055/3055 3154/3154/3154 3156/3156/3156
f 3062/3062/3062 3119/3119/3119 3122/3122/3122
f 3122/3122/3122 3155/3155/3155 3062/3062/3062
f 3121/3121/3121 3063/3063/3063 3156/3156/3156
f 3156/3156/3156 3125/3125/3125 3121/3121/3121
f 3160/3160/3160 3157/3157/3157 3158/3158/3158
f 3158/3158/3158 3159/3159/3159 3160/3160/3160
f 3162/3162/3162 3161/3161/3161 3156/3156/3156
f 3156/3156/3156 3154/3154/3154 3162/3162/3162
f 3157/3157/3157 3149/3149/3149 3148/3148/3148
f 3148/3148/3148 3158/3158/3158 3157/3157/3157
f 3161/3161/3161 3150/3150/3150 3125/3125/3125
f 3125/3125/3125 3156/3156/3156 3161/3161/3161
f 3136/3136/3136 3126/3126/3126 3129/3129/3129
f 3129/3129/3129 3142/3142/3142 3136/3136/3136
f 3139/3139/3139 3127/3127/3127 3126/3126/3126
f 3126/3126/3126 3136/3136/3136 3139/3139/3139
f 3146/3146/3146 3123/3123/3123 3127/3127/3127
f 3127/3127/3127 3139/3139/3139 3146/3146/3146
f 3146/3146/3146 3149/3149/3149 3122/3122/3122
f 3122/3122/3122 3123/3123/3123 3146/3146/3146
f 3157/3157/3157 3155/3155/3155 3122/3122/3122
f 3122/3122/3122 3149/3149/3149 3157/3157/3157
f 3160/3160/3160 3151/3151/3151 3155/3155/3155
f 3155/3155/3155 3157/3157/3157 3160/3160/3160
f 3140/3140/3140 3137/3137/3137 3143/3143/3143
f 3143/3143/3143 3144/3144/3144 3140/3140/3140
f 3141/3141/3141 3138/3138/3138 3137/3137/3137
f 3137/3137/3137 3140/3140/3140 3141/3141/3141
f 3147/3147/3147 3145/3145/3145 3138/3138/3138
f 3138/3138/3138 3141/3141/3141 3147/3147/3147
f 3148/3148/3148 3145/3145/3145 3147/3147/3147
f 3147/3147/3147 3150/3150/3150 3148/3148/3148
f 3161/3161/3161 3158/3158/3158 3148/3148/3148
f 3148/3148/3148 3150/3150/3150 3161/3161/3161
f 3162/3162/3162 3159/3159/3159 3158/3158/3158
f 3158/3158/3158 3161/3161/3161 3162/3162/3162
f 3163/3163/3163 3152/3152/3152 3151/3151/3151
f 3151/3151/3151 3160/3160/3160 3163/3163/3163
f 3153/3153/3153 3164/3164/3164 3162/3162/3162
f 3162/3162/3162 3154/3154/3154 3153/3153/3153
f 3160/3160/3160 3159/3159/3159 3165/3165/3165
f 3165/3165/3165 3163/3163/3163 3160/3160/3160
f 3159/3159/3159 3162/3162/3162 3164/3164/3164
f 3164/3164/3164 3165/3165/3165 3159/3159/3159
f 3132/3132/3132 3166/3166/3166 3142/3142/3142
f 3142/3142/3142 3129/3129/3129 3132/3132/3132
f 3167/3167/3167 3133/3133/3133 3130/3130/3130
f 3130/3130/3130 3144/3144/3144 3167/3167/3167
f 3134/3134/3134 3168/3168/3168 3166/3166/3166
f 3166/3166/3166 3132/3132/3132 3134/3134/3134
f 3169/3169/3169 3135/3135/3135 3133/3133/3133
f 3133/3133/3133 3167/3167/3167 3169/3169/3169
f 3171/3171/3171 3166/3166/3166 3168/3168/3168
f 3168/3168/3168 3170/3170/3170 3171/3171/3171
f 3167/3167/3167 3171/3171/3171 3170/3170/3170
f 3170/3170/3170 3169/3169/3169 3167/3167/3167
f 3143/3143/3143 3142/3142/3142 3166/3166/3166
f 3166/3166/3166 3171/3171/3171 3143/3143/3143
f 3144/3144/3144 3143/3143/3143 3171/3171/3171
f 3171/3171/3171 3167/3167/3167 3144/3144/3144
f 3175/3175/3175 3172/3172/3172 3173/3173/3173
f 3173/3173/3173 3174/3174/3174 3175/3175/3175
f 3179/3179/3179 3176/3176/3176 3177/3177/3177
f 3177/3177/3177 3178/3178/3178 3179/3179/3179
f 3181/3181/3181 3174/3174/3174 3173/3173/3173
f 3173/3173/3173 3180/3180/3180 3181/3181/3181
f 3177/3177/3177 3182/3182/3182 3183/3183/3183
f 3183/3183/3183 3178/3178/3178 3177/3177/3177
f 3185/3185/3185 3174/3174/3174 3181/3181/3181
f 3181/3181/3181 3184/3184/3184 3185/3185/3185
f 3177/3177/3177 3186/3186/3186 3187/3187/3187
f 3187/3187/3187 3182/3182/3182 3177/3177/3177
f 3188/3188/3188 3175/3175/3175 3174/3174/3174
f 3174/3174/3174 3185/3185/3185 3188/3188/3188
f 3176/3176/3176 3189/3189/3189 3186/3186/3186
f 3186/3186/3186 3177/3177/3177 3176/3176/3176
f 3191/3191/3191 3185/3185/3185 3184/3184/3184
f 3184/3184/3184 3190/3190/3190 3191/3191/3191
f 3186/3186/3186 3192/3192/3192 3193/3193/3193
f 3193/3193/3193 3187/3187/3187 3186/3186/3186
f 3194/3194/3194 3188/3188/3188 3185/3185/3185
f 3185/3185/3185 3191/3191/3191 3194/3194/3194
f 3189/3189/3189 3195/3195/3195 3192/3192/3192
f 3192/3192/3192 3186/3186/3186 3189/3189/3189
f 3190/3190/3190 3196/3196/3196 3197/3197/3197
f 3197/3197/3197 3191/3191/3191 3190/3190/3190
f 3199/3199/3199 3193/3193/3193 3192/3192/3192
f 3192/3192/3192 3198/3198/3198 3199/3199/3199
f 3200/3200/3200 3194/3194/3194 3191/3191/3191
f 3191/3191/3191 3197/3197/3197 3200/3200/3200
f 3195/3195/3195 3201/3201/3201 3198/3198/3198
f 3198/3198/3198 3192/3192/3192 3195/3195/3195
f 3203/3203/3203 3197/3197/3197 3196/3196/3196
f 3196/3196/3196 3202/3202/3202 3203/3203/3203
f 3198/3198/3198 3204/3204/3204 3205/3205/3205
f 3205/3205/3205 3199/3199/3199 3198/3198/3198
f 3207/3207/3207 3203/3203/3203 3202/3202/3202
f 3202/3202/3202 3206/3206/3206 3207/3207/3207
f 3204/3204/3204 3207/3207/3207 3206/3206/3206
f 3206/3206/3206 3205/3205/3205 3204/3204/3204
f 3208/3208/3208 3200/3200/3200 3197/3197/3197
f 3197/3197/3197 3203/3203/3203 3208/3208/3208
f 3201/3201/3201 3209/3209/3209 3204/3204/3204
f 3204/3204/3204 3198/3198/3198 3201/3201/3201
f 3210/3210/3210 3208/3208/3208 3203/3203/3203
f 3203/3203/3203 3207/3207/3207 3210/3210/3210
f 3209/3209/3209 3210/3210/3210 3207/3207/3207
f 3207/3207/3207 3204/3204/3204 3209/3209/3209
f 3214/3214/3214 3211/3211/3211 3212/3212/3212
f 3212/3212/3212 3213/3213/3213 3214/3214/3214
f 3213/3213/3213 3212/3212/3212 3215/3215/3215
f 3215/3215/3215 3216/3216/3216 3213/3213/3213
f 3213/3213/3213 3217/3217/3217 3218/3218/3218
f 3218/3218/3218 3214/3214/3214 3213/3213/3213
f 3216/3216/3216 3219/3219/3219 3217/3217/3217
f 3217/3217/3217 3213/3213/3213 3216/3216/3216
f 3217/3217/3217 3220/3220/3220 3221/3221/3221
f 3221/3221/3221 3218/3218/3218 3217/3217/3217
f 3219/3219/3219 3222/3222/3222 3220/3220/3220
f 3220/3220/3220 3217/3217/3217 3219/3219/3219
f 3220/3220/3220 3223/3223/3223 3224/3224/3224
f 3224/3224/3224 3221/3221/3221 3220/3220/3220
f 3222/3222/3222 3225/3225/3225 3223/3223/3223
f 3223/3223/3223 3220/3220/3220 3222/3222/3222
f 3223/3223/3223 3226/3226/3226 3227/3227/3227
f 3227/3227/3227 3224/3224/3224 3223/3223/3223
f 3225/3225/3225 3228/3228/3228 3226/3226/3226
f 3226/3226/3226 3223/3223/3223 3225/3225/3225
f 3226/3226/3226 3229/3229/3229 3230/3230/3230
f 3230/3230/3230 3227/3227/3227 3226/3226/3226
f 3228/3228/3228 3231/3231/3231 3229/3229/3229
f 3229/3229/3229 3226/3226/3226 3228/3228/3228
f 3233/3233/3233 3230/3230/3230 3229/3229/3229
f 3229/3229/3229 3232/3232/3232 3233/3233/3233
f 3232/3232/3232 3229/3229/3229 3231/3231/3231
f 3231/3231/3231 3234/3234/3234 3232/3232/3232
f 3232/3232/3232 3235/3235/3235 3236/3236/3236
f 3236/3236/3236 3233/3233/3233 3232/3232/3232
f 3234/3234/3234 3237/3237/3237 3235/3235/3235
f 3235/3235/3235 3232/3232/3232 3234/3234/3234
f 3235/3235/3235 3238/3238/3238 3239/3239/3239
f 3239/3239/3239 3236/3236/3236 3235/3235/3235
f 3237/3237/3237 3240/3240/3240 3238/3238/3238
f 3238/3238/3238 3235/3235/3235 3237/3237/3237
f 3238/3238/3238 3241/3241/3241 3242/3242/3242
f 3242/3242/3242 3239/3239/3239 3238/3238/3238
f 3240/3240/3240 3243/3243/3243 3241/3241/3241
f 3241/3241/3241 3238/3238/3238 3240/3240/3240
f 3245/3245/3245 3244/3244/3244 3211/3211/3211
f 3211/3211/3211 3214/3214/3214 3245/3245/3245
f 3216/3216/3216 3215/3215/3215 3246/3246/3246
f 3246/3246/3246 3247/3247/3247 3216/3216/3216
f 3214/3214/3214 3218/3218/3218 3248/3248/3248
f 3248/3248/3248 3245/3245/3245 3214/3214/3214
f 3247/3247/3247 3249/3249/3249 3219/3219/3219
f 3219/3219/3219 3216/3216/3216 3247/3247/3247
f 3218/3218/3218 3221/3221/3221 3250/3250/3250
f 3250/3250/3250 3248/3248/3248 3218/3218/3218
f 3249/3249/3249 3251/3251/3251 3222/3222/3222
f 3222/3222/3222 3219/3219/3219 3249/3249/3249
f 3221/3221/3221 3224/3224/3224 3252/3252/3252
f 3252/3252/3252 3250/3250/3250 3221/3221/3221
f 3251/3251/3251 3253/3253/3253 3225/3225/3225
f 3225/3225/3225 3222/3222/3222 3251/3251/3251
f 3224/3224/3224 3227/3227/3227 3254/3254/3254
f 3254/3254/3254 3252/3252/3252 3224/3224/3224
f 3253/3253/3253 3255/3255/3255 3228/3228/3228
f 3228/3228/3228 3225/3225/3225 3253/3253/3253
f 3227/3227/3227 3230/3230/3230 3256/3256/3256
f 3256/3256/3256 3254/3254/3254 3227/3227/3227
f 3255/3255/3255 3257/3257/3257 3231/3231/3231
f 3231/3231/3231 3228/3228/3228 3255/3255/3255
f 3230/3230/3230 3233/3233/3233 3258/3258/3258
f 3258/3258/3258 3256/3256/3256 3230/3230/3230
f 3257/3257/3257 3259/3259/3259 3234/3234/3234
f 3234/3234/3234 3231/3231/3231 3257/3257/3257
f 3233/3233/3233 3236/3236/3236 3260/3260/3260
f 3260/3260/3260 3258/3258/3258 3233/3233/3233
f 3259/3259/3259 3261/3261/3261 3237/3237/3237
f 3237/3237/3237 3234/3234/3234 3259/3259/3259
f 3236/3236/3236 3239/3239/3239 3262/3262/3262
f 3262/3262/3262 3260/3260/3260 3236/3236/3236
f 3261/3261/3261 3263/3263/3263 3240/3240/3240
f 3240/3240/3240 3237/3237/3237 3261/3261/3261
f 3239/3239/3239 3242/3242/3242 3264/3264/3264
f 3264/3264/3264 3262/3262/3262 3239/3239/3239
f 3263/3263/3263 3265/3265/3265 3243/3243/3243
f 3243/3243/3243 3240/3240/3240 3263/3263/3263
f 3244/3244/3244 3245/3245/3245 3266/3266/3266
f 3266/3266/3266 3267/3267/3267 3244/3244/3244
f 3269/3269/3269 3268/3268/3268 3247/3247/3247
f 3247/3247/3247 3246/3246/3246 3269/3269/3269
f 3245/3245/3245 3248/3248/3248 3270/3270/3270
f 3270/3270/3270 3266/3266/3266 3245/3245/3245
f 3268/3268/3268 3271/3271/3271 3249/3249/3249
f 3249/3249/3249 3247/3247/3247 3268/3268/3268
f 3266/3266/3266 3272/3272/3272 3273/3273/3273
f 3273/3273/3273 3267/3267/3267 3266/3266/3266
f 3268/3268/3268 3269/3269/3269 3274/3274/3274
f 3274/3274/3274 3275/3275/3275 3268/3268/3268
f 3248/3248/3248 3250/3250/3250 3276/3276/3276
f 3276/3276/3276 3270/3270/3270 3248/3248/3248
f 3271/3271/3271 3277/3277/3277 3251/3251/3251
f 3251/3251/3251 3249/3249/3249 3271/3271/3271
f 3250/3250/3250 3252/3252/3252 3278/3278/3278
f 3278/3278/3278 3276/3276/3276 3250/3250/3250
f 3277/3277/3277 3279/3279/3279 3253/3253/3253
f 3253/3253/3253 3251/3251/3251 3277/3277/3277
f 3254/3254/3254 3280/3280/3280 3278/3278/3278
f 3278/3278/3278 3252/3252/3252 3254/3254/3254
f 3253/3253/3253 3279/3279/3279 3281/3281/3281
f 3281/3281/3281 3255/3255/3255 3253/3253/3253
f 3254/3254/3254 3256/3256/3256 3282/3282/3282
f 3282/3282/3282 3280/3280/3280 3254/3254/3254
f 3281/3281/3281 3283/3283/3283 3257/3257/3257
f 3257/3257/3257 3255/3255/3255 3281/3281/3281
f 3256/3256/3256 3258/3258/3258 3284/3284/3284
f 3284/3284/3284 3282/3282/3282 3256/3256/3256
f 3283/3283/3283 3285/3285/3285 3259/3259/3259
f 3259/3259/3259 3257/3257/3257 3283/3283/3283
f 3258/3258/3258 3260/3260/3260 3286/3286/3286
f 3286/3286/3286 3284/3284/3284 3258/3258/3258
f 3285/3285/3285 3287/3287/3287 3261/3261/3261
f 3261/3261/3261 3259/3259/3259 3285/3285/3285
f 3260/3260/3260 3262/3262/3262 3288/3288/3288
f 3288/3288/3288 3286/3286/3286 3260/3260/3260
f 3287/3287/3287 3289/3289/3289 3263/3263/3263
f 3263/3263/3263 3261/3261/3261 3287/3287/3287
f 3262/3262/3262 3264/3264/3264 3290/3290/3290
f 3290/3290/3290 3288/3288/3288 3262/3262/3262
f 3289/3289/3289 3291/3291/3291 3265/3265/3265
f 3265/3265/3265 3263/3263/3263 3289/3289/3289
f 3295/3295/3295 3292/3292/3292 3293/3293/3293
f 3293/3293/3293 3294/3294/3294 3295/3295/3295
f 3281/3281/3281 3279/3279/3279 3296/3296/3296
f 3296/3296/3296 3297/3297/3297 3281/3281/3281
f 3299/3299/3299 3295/3295/3295 3294/3294/3294
f 3294/3294/3294 3298/3298/3298 3299/3299/3299
f 3303/3303/3303 3300/3300/3300 3301/3301/3301
f 3301/3301/3301 3302/3302/3302 3303/3303/3303
f 3307/3307/3307 3304/3304/3304 3305/3305/3305
f 3305/3305/3305 3306/3306/3306 3307/3307/3307
f 3275/3275/3275 3274/3274/3274 3308/3308/3308
f 3308/3308/3308 3309/3309/3309 3275/3275/3275
f 3292/3292/3292 3310/3310/3310 3311/3311/3311
f 3311/3311/3311 3312/3312/3312 3292/3292/3292
f 3315/3315/3315 3313/3313/3313 3314/3314/3314
f 3314/3314/3314 3303/3303/3303 3315/3315/3315
f 3292/3292/3292 3312/3312/3312 3316/3316/3316
f 3316/3316/3316 3293/3293/3293 3292/3292/3292
f 3302/3302/3302 3317/3317/3317 3315/3315/3315
f 3315/3315/3315 3303/3303/3303 3302/3302/3302
f 3319/3319/3319 3318/3318/3318 3312/3312/3312
f 3312/3312/3312 3311/3311/3311 3319/3319/3319
f 3313/3313/3313 3315/3315/3315 3320/3320/3320
f 3320/3320/3320 3321/3321/3321 3313/3313/3313
f 3312/3312/3312 3318/3318/3318 3306/3306/3306
f 3306/3306/3306 3316/3316/3316 3312/3312/3312
f 3317/3317/3317 3322/3322/3322 3320/3320/3320
f 3320/3320/3320 3315/3315/3315 3317/3317/3317
f 3318/3318/3318 3319/3319/3319 3323/3323/3323
f 3323/3323/3323 3324/3324/3324 3318/3318/3318
f 3326/3326/3326 3325/3325/3325 3321/3321/3321
f 3321/3321/3321 3320/3320/3320 3326/3326/3326
f 3328/3328/3328 3327/3327/3327 3324/3324/3324
f 3324/3324/3324 3323/3323/3323 3328/3328/3328
f 3325/3325/3325 3326/3326/3326 3329/3329/3329
f 3329/3329/3329 3330/3330/3330 3325/3325/3325
f 3306/3306/3306 3318/3318/3318 3324/3324/3324
f 3324/3324/3324 3327/3327/3327 3306/3306/3306
f 3329/3329/3329 3326/3326/3326 3320/3320/3320
f 3320/3320/3320 3322/3322/3322 3329/3329/3329
f 3334/3334/3334 3331/3331/3331 3332/3332/3332
f 3332/3332/3332 3333/3333/3333 3334/3334/3334
f 3283/3283/3283 3335/3335/3335 3336/3336/3336
f 3336/3336/3336 3285/3285/3285 3283/3283/3283
f 3338/3338/3338 3333/3333/3333 3332/3332/3332
f 3332/3332/3332 3337/3337/3337 3338/3338/3338
f 3285/3285/3285 3336/3336/3336 3339/3339/3339
f 3339/3339/3339 3287/3287/3287 3285/3285/3285
f 3295/3295/3295 3299/3299/3299 3331/3331/3331
f 3331/3331/3331 3334/3334/3334 3295/3295/3295
f 3281/3281/3281 3297/3297/3297 3335/3335/3335
f 3335/3335/3335 3283/3283/3283 3281/3281/3281
f 3334/3334/3334 3310/3310/3310 3292/3292/3292
f 3292/3292/3292 3295/3295/3295 3334/3334/3334
f 3314/3314/3314 3340/3340/3340 3300/3300/3300
f 3300/3300/3300 3303/3303/3303 3314/3314/3314
f 3342/3342/3342 3341/3341/3341 3338/3338/3338
f 3338/3338/3338 3337/3337/3337 3342/3342/3342
f 3287/3287/3287 3339/3339/3339 3343/3343/3343
f 3343/3343/3343 3289/3289/3289 3287/3287/3287
f 3341/3341/3341 3342/3342/3342 3344/3344/3344
f 3344/3344/3344 3345/3345/3345 3341/3341/3341
f 3289/3289/3289 3343/3343/3343 3346/3346/3346
f 3346/3346/3346 3291/3291/3291 3289/3289/3289
f 3291/3291/3291 3346/3346/3346 3347/3347/3347
f 3347/3347/3347 3348/3348/3348 3291/3291/3291
f 3291/3291/3291 3348/3348/3348 3349/3349/3349
f 3349/3349/3349 3265/3265/3265 3291/3291/3291
f 3265/3265/3265 3349/3349/3349 3350/3350/3350
f 3350/3350/3350 3243/3243/3243 3265/3265/3265
f 3243/3243/3243 3350/3350/3350 3351/3351/3351
f 3351/3351/3351 3241/3241/3241 3243/3243/3243
f 3241/3241/3241 3351/3351/3351 3352/3352/3352
f 3352/3352/3352 3242/3242/3242 3241/3241/3241
f 3242/3242/3242 3352/3352/3352 3353/3353/3353
f 3353/3353/3353 3264/3264/3264 3242/3242/3242
f 3264/3264/3264 3353/3353/3353 3354/3354/3354
f 3354/3354/3354 3290/3290/3290 3264/3264/3264
f 3345/3345/3345 3344/3344/3344 3355/3355/3355
f 3355/3355/3355 3356/3356/3356 3345/3345/3345
f 3299/3299/3299 3298/3298/3298 3278/3278/3278
f 3278/3278/3278 3280/3280/3280 3299/3299/3299
f 3299/3299/3299 3280/3280/3280 3282/3282/3282
f 3282/3282/3282 3331/3331/3331 3299/3299/3299
f 3331/3331/3331 3282/3282/3282 3284/3284/3284
f 3284/3284/3284 3332/3332/3332 3331/3331/3331
f 3332/3332/3332 3284/3284/3284 3286/3286/3286
f 3286/3286/3286 3337/3337/3337 3332/3332/3332
f 3337/3337/3337 3286/3286/3286 3288/3288/3288
f 3288/3288/3288 3342/3342/3342 3337/3337/3337
f 3342/3342/3342 3288/3288/3288 3290/3290/3290
f 3290/3290/3290 3344/3344/3344 3342/3342/3342
f 3344/3344/3344 3290/3290/3290 3354/3354/3354
f 3354/3354/3354 3355/3355/3355 3344/3344/3344
f 3296/3296/3296 3301/3301/3301 3300/3300/3300
f 3300/3300/3300 3297/3297/3297 3296/3296/3296
f 3340/3340/3340 3335/3335/3335 3297/3297/3297
f 3297/3297/3297 3300/3300/3300 3340/3340/3340
f 3340/3340/3340 3357/3357/3357 3336/3336/3336
f 3336/3336/3336 3335/3335/3335 3340/3340/3340
f 3358/3358/3358 3339/3339/3339 3336/3336/3336
f 3336/3336/3336 3357/3357/3357 3358/3358/3358
f 3339/3339/3339 3358/3358/3358 3359/3359/3359
f 3359/3359/3359 3343/3343/3343 3339/3339/3339
f 3359/3359/3359 3360/3360/3360 3346/3346/3346
f 3346/3346/3346 3343/3343/3343 3359/3359/3359
f 3360/3360/3360 3361/3361/3361 3347/3347/3347
f 3347/3347/3347 3346/3346/3346 3360/3360/3360
f 3365/3365/3365 3362/3362/3362 3363/3363/3363
f 3363/3363/3363 3364/3364/3364 3365/3365/3365
f 3369/3369/3369 3366/3366/3366 3367/3367/3367
f 3367/3367/3367 3368/3368/3368 3369/3369/3369
f 3362/3362/3362 3370/3370/3370 3363/3363/3363
f 3368/3368/3368 3367/3367/3367 3371/3371/3371
f 3371/3371/3371 3372/3372/3372 3368/3368/3368
f 3364/3364/3364 3373/3373/3373 3365/3365/3365
f 3375/3375/3375 3374/3374/3374 3366/3366/3366
f 3366/3366/3366 3369/3369/3369 3375/3375/3375
f 3365/3365/3365 3373/3373/3373 3376/3376/3376
f 3376/3376/3376 3377/3377/3377 3365/3365/3365
f 3379/3379/3379 3378/3378/3378 3374/3374/3374
f 3374/3374/3374 3375/3375/3375 3379/3379/3379
f 3370/3370/3370 3362/3362/3362 3380/3380/3380
f 3380/3380/3380 3381/3381/3381 3370/3370/3370
f 3383/3383/3383 3382/3382/3382 3372/3372/3372
f 3372/3372/3372 3371/3371/3371 3383/3383/3383
f 3381/3381/3381 3380/3380/3380 3384/3384/3384
f 3384/3384/3384 3385/3385/3385 3381/3381/3381
f 3387/3387/3387 3386/3386/3386 3382/3382/3382
f 3382/3382/3382 3383/3383/3383 3387/3387/3387
f 3389/3389/3389 3388/3388/3388 3385/3385/3385
f 3385/3385/3385 3384/3384/3384 3389/3389/3389
f 3391/3391/3391 3390/3390/3390 3386/3386/3386
f 3386/3386/3386 3387/3387/3387 3391/3391/3391
f 3377/3377/3377 3376/3376/3376 3392/3392/3392
f 3392/3392/3392 3393/3393/3393 3377/3377/3377
f 3395/3395/3395 3394/3394/3394 3390/3390/3390
f 3390/3390/3390 3391/3391/3391 3395/3395/3395
f 3399/3399/3399 3396/3396/3396 3397/3397/3397
f 3397/3397/3397 3398/3398/3398 3399/3399/3399
f 3403/3403/3403 3400/3400/3400 3401/3401/3401
f 3401/3401/3401 3402/3402/3402 3403/3403/3403
f 3405/3405/3405 3404/3404/3404 3398/3398/3398
f 3398/3398/3398 3397/3397/3397 3405/3405/3405
f 3400/3400/3400 3403/3403/3403 3406/3406/3406
f 3406/3406/3406 3407/3407/3407 3400/3400/3400
f 3411/3411/3411 3408/3408/3408 3409/3409/3409
f 3409/3409/3409 3410/3410/3410 3411/3411/3411
f 3415/3415/3415 3412/3412/3412 3413/3413/3413
f 3413/3413/3413 3414/3414/3414 3415/3415/3415
f 3409/3409/3409 3404/3404/3404 3405/3405/3405
f 3405/3405/3405 3410/3410/3410 3409/3409/3409
f 3415/3415/3415 3407/3407/3407 3406/3406/3406
f 3406/3406/3406 3412/3412/3412 3415/3415/3415
f 3408/3408/3408 3411/3411/3411 3416/3416/3416
f 3416/3416/3416 3417/3417/3417 3408/3408/3408
f 3421/3421/3421 3418/3418/3418 3419/3419/3419
f 3419/3419/3419 3420/3420/3420 3421/3421/3421
f 3399/3399/3399 3422/3422/3422 3423/3423/3423
f 3423/3423/3423 3396/3396/3396 3399/3399/3399
f 3401/3401/3401 3421/3421/3421 3420/3420/3420
f 3420/3420/3420 3402/3402/3402 3401/3401/3401
f 3362/3362/3362 3424/3424/3424 3425/3425/3425
f 3425/3425/3425 3380/3380/3380 3362/3362/3362
f 3365/3365/3365 3426/3426/3426 3424/3424/3424
f 3424/3424/3424 3362/3362/3362 3365/3365/3365
f 3377/3377/3377 3427/3427/3427 3426/3426/3426
f 3426/3426/3426 3365/3365/3365 3377/3377/3377
f 3377/3377/3377 3393/3393/3393 3428/3428/3428
f 3428/3428/3428 3427/3427/3427 3377/3377/3377
f 3384/3384/3384 3429/3429/3429 3430/3430/3430
f 3430/3430/3430 3389/3389/3389 3384/3384/3384
f 3429/3429/3429 3384/3384/3384 3380/3380/3380
f 3380/3380/3380 3425/3425/3425 3429/3429/3429
f 3434/3434/3434 3431/3431/3431 3432/3432/3432
f 3432/3432/3432 3433/3433/3433 3434/3434/3434
f 3436/3436/3436 3435/3435/3435 3433/3433/3433
f 3433/3433/3433 3432/3432/3432 3436/3436/3436
f 3435/3435/3435 3436/3436/3436 3437/3437/3437
f 3437/3437/3437 3438/3438/3438 3435/3435/3435
f 3442/3442/3442 3439/3439/3439 3440/3440/3440
f 3440/3440/3440 3441/3441/3441 3442/3442/3442
f 3444/3444/3444 3443/3443/3443 3440/3440/3440
f 3440/3440/3440 3439/3439/3439 3444/3444/3444
f 3431/3431/3431 3434/3434/3434 3443/3443/3443
f 3443/3443/3443 3444/3444/3444 3431/3431/3431
f 3272/3272/3272 3445/3445/3445 3446/3446/3446
f 3446/3446/3446 3273/3273/3273 3272/3272/3272
f 3448/3448/3448 3447/3447/3447 3388/3388/3388
f 3388/3388/3388 3389/3389/3389 3448/3448/3448
f 3448/3448/3448 3389/3389/3389 3430/3430/3430
f 3430/3430/3430 3449/3449/3449 3448/3448/3448
f 3422/3422/3422 3450/3450/3450 3451/3451/3451
f 3451/3451/3451 3423/3423/3423 3422/3422/3422
f 3309/3309/3309 3308/3308/3308 3452/3452/3452
f 3452/3452/3452 3453/3453/3453 3309/3309/3309
f 3455/3455/3455 3454/3454/3454 3394/3394/3394
f 3394/3394/3394 3395/3395/3395 3455/3455/3455
f 3418/3418/3418 3456/3456/3456 3457/3457/3457
f 3457/3457/3457 3419/3419/3419 3418/3418/3418
f 3459/3459/3459 3442/3442/3442 3441/3441/3441
f 3441/3441/3441 3458/3458/3458 3459/3459/3459
f 3463/3463/3463 3460/3460/3460 3461/3461/3461
f 3461/3461/3461 3462/3462/3462 3463/3463/3463
f 3467/3467/3467 3464/3464/3464 3465/3465/3465
f 3465/3465/3465 3466/3466/3466 3467/3467/3467
f 3469/3469/3469 3461/3461/3461 3460/3460/3460
f 3460/3460/3460 3468/3468/3468 3469/3469/3469
f 3471/3471/3471 3465/3465/3465 3464/3464/3464
f 3464/3464/3464 3470/3470/3470 3471/3471/3471
f 3468/3468/3468 2874/2874/2874 2875/2875/2875
f 2875/2875/2875 3469/3469/3469 3468/3468/3468
f 3470/3470/3470 2876/2876/2876 2877/2877/2877
f 2877/2877/2877 3471/3471/3471 3470/3470/3470
f 3462/3462/3462 3461/3461/3461 3472/3472/3472
f 3472/3472/3472 3473/3473/3473 3462/3462/3462
f 3475/3475/3475 3474/3474/3474 3464/3464/3464
f 3464/3464/3464 3467/3467/3467 3475/3475/3475
f 3461/3461/3461 3469/3469/3469 3476/3476/3476
f 3476/3476/3476 3472/3472/3472 3461/3461/3461
f 3474/3474/3474 3477/3477/3477 3470/3470/3470
f 3470/3470/3470 3464/3464/3464 3474/3474/3474
f 3469/3469/3469 2875/2875/2875 2884/2884/2884
f 2884/2884/2884 3476/3476/3476 3469/3469/3469
f 3477/3477/3477 2885/2885/2885 2876/2876/2876
f 2876/2876/2876 3470/3470/3470 3477/3477/3477
f 3479/3479/3479 3478/3478/3478 3473/3473/3473
f 3473/3473/3473 3472/3472/3472 3479/3479/3479
f 3474/3474/3474 3475/3475/3475 3480/3480/3480
f 3480/3480/3480 3481/3481/3481 3474/3474/3474
f 3472/3472/3472 3476/3476/3476 3482/3482/3482
f 3482/3482/3482 3479/3479/3479 3472/3472/3472
f 3481/3481/3481 3483/3483/3483 3477/3477/3477
f 3477/3477/3477 3474/3474/3474 3481/3481/3481
f 3476/3476/3476 2884/2884/2884 2892/2892/2892
f 2892/2892/2892 3482/3482/3482 3476/3476/3476
f 3483/3483/3483 2893/2893/2893 2885/2885/2885
f 2885/2885/2885 3477/3477/3477 3483/3483/3483
f 3479/3479/3479 3484/3484/3484 3485/3485/3485
f 3485/3485/3485 3478/3478/3478 3479/3479/3479
f 3487/3487/3487 3481/3481/3481 3480/3480/3480
f 3480/3480/3480 3486/3486/3486 3487/3487/3487
f 3482/3482/3482 3488/3488/3488 3484/3484/3484
f 3484/3484/3484 3479/3479/3479 3482/3482/3482
f 3489/3489/3489 3483/3483/3483 3481/3481/3481
f 3481/3481/3481 3487/3487/3487 3489/3489/3489
f 2892/2892/2892 2900/2900/2900 3488/3488/3488
f 3488/3488/3488 3482/3482/3482 2892/2892/2892
f 2901/2901/2901 2893/2893/2893 3483/3483/3483
f 3483/3483/3483 3489/3489/3489 2901/2901/2901
f 3491/3491/3491 3490/3490/3490 3485/3485/3485
f 3485/3485/3485 3484/3484/3484 3491/3491/3491
f 3487/3487/3487 3486/3486/3486 3492/3492/3492
f 3492/3492/3492 3493/3493/3493 3487/3487/3487
f 3494/3494/3494 3491/3491/3491 3484/3484/3484
f 3484/3484/3484 3488/3488/3488 3494/3494/3494
f 3489/3489/3489 3487/3487/3487 3493/3493/3493
f 3493/3493/3493 3495/3495/3495 3489/3489/3489
f 3488/3488/3488 2900/2900/2900 2908/2908/2908
f 2908/2908/2908 3494/3494/3494 3488/3488/3488
f 3495/3495/3495 2909/2909/2909 2901/2901/2901
f 2901/2901/2901 3489/3489/3489 3495/3495/3495
f 3497/3497/3497 3496/3496/3496 3490/3490/3490
f 3490/3490/3490 3491/3491/3491 3497/3497/3497
f 3493/3493/3493 3492/3492/3492 3498/3498/3498
f 3498/3498/3498 3499/3499/3499 3493/3493/3493
f 3500/3500/3500 3497/3497/3497 3491/3491/3491
f 3491/3491/3491 3494/3494/3494 3500/3500/3500
f 3495/3495/3495 3493/3493/3493 3499/3499/3499
f 3499/3499/3499 3501/3501/3501 3495/3495/3495
f 3494/3494/3494 2908/2908/2908 2916/2916/2916
f 2916/2916/2916 3500/3500/3500 3494/3494/3494
f 3501/3501/3501 2917/2917/2917 2909/2909/2909
f 2909/2909/2909 3495/3495/3495 3501/3501/3501
f 3496/3496/3496 3497/3497/3497 3502/3502/3502
f 3502/3502/3502 3503/3503/3503 3496/3496/3496
f 3505/3505/3505 3504/3504/3504 3499/3499/3499
f 3499/3499/3499 3498/3498/3498 3505/3505/3505
f 3506/3506/3506 3502/3502/3502 3497/3497/3497
f 3497/3497/3497 3500/3500/3500 3506/3506/3506
f 3501/3501/3501 3499/3499/3499 3504/3504/3504
f 3504/3504/3504 3507/3507/3507 3501/3501/3501
f 3500/3500/3500 2916/2916/2916 2924/2924/2924
f 2924/2924/2924 3506/3506/3506 3500/3500/3500
f 3507/3507/3507 2925/2925/2925 2917/2917/2917
f 2917/2917/2917 3501/3501/3501 3507/3507/3507
f 3509/3509/3509 3508/3508/3508 3503/3503/3503
f 3503/3503/3503 3502/3502/3502 3509/3509/3509
f 3504/3504/3504 3505/3505/3505 3510/3510/3510
f 3510/3510/3510 3511/3511/3511 3504/3504/3504
f 3502/3502/3502 3506/3506/3506 3512/3512/3512
f 3512/3512/3512 3509/3509/3509 3502/3502/3502
f 3511/3511/3511 3513/3513/3513 3507/3507/3507
f 3507/3507/3507 3504/3504/3504 3511/3511/3511
f 3506/3506/3506 2924/2924/2924 2932/2932/2932
f 2932/2932/2932 3512/3512/3512 3506/3506/3506
f 3513/3513/3513 2933/2933/2933 2925/2925/2925
f 2925/2925/2925 3507/3507/3507 3513/3513/3513
f 3508/3508/3508 3509/3509/3509 3514/3514/3514
f 3514/3514/3514 3515/3515/3515 3508/3508/3508
f 3517/3517/3517 3516/3516/3516 3511/3511/3511
f 3511/3511/3511 3510/3510/3510 3517/3517/3517
f 3509/3509/3509 3512/3512/3512 3518/3518/3518
f 3518/3518/3518 3514/3514/3514 3509/3509/3509
f 3516/3516/3516 3519/3519/3519 3513/3513/3513
f 3513/3513/3513 3511/3511/3511 3516/3516/3516
f 2940/2940/2940 3518/3518/3518 3512/3512/3512
f 3512/3512/3512 2932/2932/2932 2940/2940/2940
f 2933/2933/2933 3513/3513/3513 3519/3519/3519
f 3519/3519/3519 2941/2941/2941 2933/2933/2933
f 3523/3523/3523 3520/3520/3520 3521/3521/3521
f 3521/3521/3521 3522/3522/3522 3523/3523/3523
f 3527/3527/3527 3524/3524/3524 3525/3525/3525
f 3525/3525/3525 3526/3526/3526 3527/3527/3527
f 3523/3523/3523 3528/3528/3528 3529/3529/3529
f 3529/3529/3529 3520/3520/3520 3523/3523/3523
f 3533/3533/3533 3530/3530/3530 3531/3531/3531
f 3531/3531/3531 3532/3532/3532 3533/3533/3533
f 3537/3537/3537 3534/3534/3534 3535/3535/3535
f 3535/3535/3535 3536/3536/3536 3537/3537/3537
f 3534/3534/3534 3538/3538/3538 3539/3539/3539
f 3539/3539/3539 3535/3535/3535 3534/3534/3534
f 3543/3543/3543 3540/3540/3540 3541/3541/3541
f 3541/3541/3541 3542/3542/3542 3543/3543/3543
f 3545/3545/3545 3544/3544/3544 3304/3304/3304
f 3304/3304/3304 3307/3307/3307 3545/3545/3545
f 3547/3547/3547 3273/3273/3273 3446/3446/3446
f 3446/3446/3446 3546/3546/3546 3547/3547/3547
f 3548/3548/3548 3267/3267/3267 3273/3273/3273
f 3273/3273/3273 3547/3547/3547 3548/3548/3548
f 3549/3549/3549 3244/3244/3244 3267/3267/3267
f 3267/3267/3267 3548/3548/3548 3549/3549/3549
f 3244/3244/3244 3549/3549/3549 3550/3550/3550
f 3550/3550/3550 3211/3211/3211 3244/3244/3244
f 3550/3550/3550 3551/3551/3551 3212/3212/3212
f 3212/3212/3212 3211/3211/3211 3550/3550/3550
f 3212/3212/3212 3551/3551/3551 3552/3552/3552
f 3552/3552/3552 3215/3215/3215 3212/3212/3212
f 3215/3215/3215 3552/3552/3552 3553/3553/3553
f 3553/3553/3553 3246/3246/3246 3215/3215/3215
f 3554/3554/3554 3269/3269/3269 3246/3246/3246
f 3246/3246/3246 3553/3553/3553 3554/3554/3554
f 3554/3554/3554 3555/3555/3555 3274/3274/3274
f 3274/3274/3274 3269/3269/3269 3554/3554/3554
f 3555/3555/3555 3556/3556/3556 3308/3308/3308
f 3308/3308/3308 3274/3274/3274 3555/3555/3555
f 3556/3556/3556 3557/3557/3557 3452/3452/3452
f 3452/3452/3452 3308/3308/3308 3556/3556/3556
f 3330/3330/3330 3329/3329/3329 3558/3558/3558
f 3558/3558/3558 3559/3559/3559 3330/3330/3330
f 3561/3561/3561 3560/3560/3560 3539/3539/3539
f 3539/3539/3539 3538/3538/3538 3561/3561/3561
f 3541/3541/3541 3540/3540/3540 3562/3562/3562
f 3562/3562/3562 3563/3563/3563 3541/3541/3541
f 3565/3565/3565 3564/3564/3564 3560/3560/3560
f 3560/3560/3560 3561/3561/3561 3565/3565/3565
f 3563/3563/3563 3562/3562/3562 3566/3566/3566
f 3566/3566/3566 3567/3567/3567 3563/3563/3563
f 3564/3564/3564 3565/3565/3565 3568/3568/3568
f 3568/3568/3568 3569/3569/3569 3564/3564/3564
f 3571/3571/3571 3570/3570/3570 3567/3567/3567
f 3567/3567/3567 3566/3566/3566 3571/3571/3571
f 3573/3573/3573 3572/3572/3572 3569/3569/3569
f 3569/3569/3569 3568/3568/3568 3573/3573/3573
f 3570/3570/3570 3571/3571/3571 3572/3572/3572
f 3572/3572/3572 3573/3573/3573 3570/3570/3570
f 3577/3577/3577 3574/3574/3574 3575/3575/3575
f 3575/3575/3575 3576/3576/3576 3577/3577/3577
f 3581/3581/3581 3578/3578/3578 3579/3579/3579
f 3579/3579/3579 3580/3580/3580 3581/3581/3581
f 3575/3575/3575 3582/3582/3582 3583/3583/3583
f 3583/3583/3583 3576/3576/3576 3575/3575/3575
f 3581/3581/3581 3584/3584/3584 3585/3585/3585
f 3585/3585/3585 3578/3578/3578 3581/3581/3581
f 3582/3582/3582 3586/3586/3586 3587/3587/3587
f 3587/3587/3587 3583/3583/3583 3582/3582/3582
f 3584/3584/3584 3588/3588/3588 3589/3589/3589
f 3589/3589/3589 3585/3585/3585 3584/3584/3584
f 3577/3577/3577 3590/3590/3590 3591/3591/3591
f 3591/3591/3591 3574/3574/3574 3577/3577/3577
f 3595/3595/3595 3592/3592/3592 3593/3593/3593
f 3593/3593/3593 3594/3594/3594 3595/3595/3595
f 3599/3599/3599 3596/3596/3596 3597/3597/3597
f 3597/3597/3597 3598/3598/3598 3599/3599/3599
f 3601/3601/3601 3600/3600/3600 3575/3575/3575
f 3575/3575/3575 3574/3574/3574 3601/3601/3601
f 3579/3579/3579 3578/3578/3578 3602/3602/3602
f 3602/3602/3602 3603/3603/3603 3579/3579/3579
f 3582/3582/3582 3575/3575/3575 3600/3600/3600
f 3600/3600/3600 3604/3604/3604 3582/3582/3582
f 3605/3605/3605 3602/3602/3602 3578/3578/3578
f 3578/3578/3578 3585/3585/3585 3605/3605/3605
f 3604/3604/3604 3606/3606/3606 3586/3586/3586
f 3586/3586/3586 3582/3582/3582 3604/3604/3604
f 3585/3585/3585 3589/3589/3589 3607/3607/3607
f 3607/3607/3607 3605/3605/3605 3585/3585/3585
f 3597/3597/3597 3608/3608/3608 3609/3609/3609
f 3609/3609/3609 3610/3610/3610 3597/3597/3597
f 3603/3603/3603 3611/3611/3611 3612/3612/3612
f 3612/3612/3612 3613/3613/3613 3603/3603/3603
f 3615/3615/3615 3614/3614/3614 3600/3600/3600
f 3600/3600/3600 3601/3601/3601 3615/3615/3615
f 3603/3603/3603 3602/3602/3602 3616/3616/3616
f 3616/3616/3616 3611/3611/3611 3603/3603/3603
f 3614/3614/3614 3617/3617/3617 3604/3604/3604
f 3604/3604/3604 3600/3600/3600 3614/3614/3614
f 3602/3602/3602 3605/3605/3605 3618/3618/3618
f 3618/3618/3618 3616/3616/3616 3602/3602/3602
f 3606/3606/3606 3604/3604/3604 3617/3617/3617
f 3617/3617/3617 3619/3619/3619 3606/3606/3606
f 3620/3620/3620 3618/3618/3618 3605/3605/3605
f 3605/3605/3605 3607/3607/3607 3620/3620/3620
f 3596/3596/3596 3621/3621/3621 3608/3608/3608
f 3608/3608/3608 3597/3597/3597 3596/3596/3596
f 3625/3625/3625 3622/3622/3622 3623/3623/3623
f 3623/3623/3623 3624/3624/3624 3625/3625/3625
f 3627/3627/3627 3608/3608/3608 3621/3621/3621
f 3621/3621/3621 3626/3626/3626 3627/3627/3627
f 3629/3629/3629 3623/3623/3623 3622/3622/3622
f 3622/3622/3622 3628/3628/3628 3629/3629/3629
f 3626/3626/3626 3630/3630/3630 3631/3631/3631
f 3631/3631/3631 3627/3627/3627 3626/3626/3626
f 3628/3628/3628 3632/3632/3632 3633/3633/3633
f 3633/3633/3633 3629/3629/3629 3628/3628/3628
f 3631/3631/3631 3444/3444/3444 3439/3439/3439
f 3439/3439/3439 3627/3627/3627 3631/3631/3631
f 3628/3628/3628 3422/3422/3422 3399/3399/3399
f 3399/3399/3399 3632/3632/3632 3628/3628/3628
f 3627/3627/3627 3439/3439/3439 3442/3442/3442
f 3442/3442/3442 3608/3608/3608 3627/3627/3627
f 3622/3622/3622 3450/3450/3450 3422/3422/3422
f 3422/3422/3422 3628/3628/3628 3622/3622/3622
f 3608/3608/3608 3442/3442/3442 3459/3459/3459
f 3459/3459/3459 3609/3609/3609 3608/3608/3608
f 3611/3611/3611 3408/3408/3408 3417/3417/3417
f 3417/3417/3417 3612/3612/3612 3611/3611/3611
f 3436/3436/3436 3614/3614/3614 3615/3615/3615
f 3436/3436/3436 3615/3615/3615 3437/3437/3437
f 3611/3611/3611 3616/3616/3616 3409/3409/3409
f 3409/3409/3409 3408/3408/3408 3611/3611/3611
f 3436/3436/3436 3634/3634/3634 3617/3617/3617
f 3617/3617/3617 3614/3614/3614 3436/3436/3436
f 3616/3616/3616 3618/3618/3618 3635/3635/3635
f 3635/3635/3635 3409/3409/3409 3616/3616/3616
f 3634/3634/3634 3636/3636/3636 3619/3619/3619
f 3619/3619/3619 3617/3617/3617 3634/3634/3634
f 3618/3618/3618 3620/3620/3620 3637/3637/3637
f 3637/3637/3637 3635/3635/3635 3618/3618/3618
f 3536/3536/3536 3529/3529/3529 3528/3528/3528
f 3528/3528/3528 3537/3537/3537 3536/3536/3536
f 3599/3599/3599 3598/3598/3598 3591/3591/3591
f 3591/3591/3591 3590/3590/3590 3599/3599/3599
f 3328/3328/3328 3545/3545/3545 3307/3307/3307
f 3307/3307/3307 3327/3327/3327 3328/3328/3328
f 3526/3526/3526 3525/3525/3525 3532/3532/3532
f 3532/3532/3532 3531/3531/3531 3526/3526/3526
f 3580/3580/3580 3579/3579/3579 3594/3594/3594
f 3594/3594/3594 3593/3593/3593 3580/3580/3580
f 3559/3559/3559 3558/3558/3558 3452/3452/3452
f 3452/3452/3452 3557/3557/3557 3559/3559/3559
f 3322/3322/3322 3558/3558/3558 3329/3329/3329
f 3378/3378/3378 3379/3379/3379 3454/3454/3454
f 3454/3454/3454 3455/3455/3455 3378/3378/3378
f 3414/3414/3414 3413/3413/3413 3457/3457/3457
f 3457/3457/3457 3456/3456/3456 3414/3414/3414
f 3437/3437/3437 3459/3459/3459 3458/3458/3458
f 3458/3458/3458 3438/3438/3438 3437/3437/3437
f 3615/3615/3615 3609/3609/3609 3459/3459/3459
f 3459/3459/3459 3437/3437/3437 3615/3615/3615
f 3601/3601/3601 3610/3610/3610 3609/3609/3609
f 3609/3609/3609 3615/3615/3615 3601/3601/3601
f 3595/3595/3595 3625/3625/3625 3624/3624/3624
f 3624/3624/3624 3592/3592/3592 3595/3595/3595
f 3533/3533/3533 3543/3543/3543 3542/3542/3542
f 3542/3542/3542 3530/3530/3530 3533/3533/3533
f 3546/3546/3546 3446/3446/3446 3304/3304/3304
f 3304/3304/3304 3544/3544/3544 3546/3546/3546
f 3445/3445/3445 3305/3305/3305 3304/3304/3304
f 3304/3304/3304 3446/3446/3446 3445/3445/3445
f 3393/3393/3393 3392/3392/3392 3447/3447/3447
f 3447/3447/3447 3448/3448/3448 3393/3393/3393
f 3393/3393/3393 3448/3448/3448 3449/3449/3449
f 3449/3449/3449 3428/3428/3428 3393/3393/3393
f 3450/3450/3450 3417/3417/3417 3416/3416/3416
f 3416/3416/3416 3451/3451/3451 3450/3450/3450
f 3622/3622/3622 3612/3612/3612 3417/3417/3417
f 3417/3417/3417 3450/3450/3450 3622/3622/3622
f 3625/3625/3625 3613/3613/3613 3612/3612/3612
f 3612/3612/3612 3622/3622/3622 3625/3625/3625
f 3610/3610/3610 3601/3601/3601 3574/3574/3574
f 3574/3574/3574 3591/3591/3591 3610/3610/3610
f 3594/3594/3594 3579/3579/3579 3603/3603/3603
f 3603/3603/3603 3613/3613/3613 3594/3594/3594
f 3598/3598/3598 3597/3597/3597 3610/3610/3610
f 3610/3610/3610 3591/3591/3591 3598/3598/3598
f 3594/3594/3594 3613/3613/3613 3625/3625/3625
f 3625/3625/3625 3595/3595/3595 3594/3594/3594
f 3558/3558/3558 3322/3322/3322 3453/3453/3453
f 3453/3453/3453 3452/3452/3452 3558/3558/3558
f 3307/3307/3307 3306/3306/3306 3327/3327/3327
f 3444/3444/3444 3631/3631/3631 3638/3638/3638
f 3638/3638/3638 3431/3431/3431 3444/3444/3444
f 3398/3398/3398 3639/3639/3639 3632/3632/3632
f 3632/3632/3632 3399/3399/3399 3398/3398/3398
f 3631/3631/3631 3630/3630/3630 3640/3640/3640
f 3640/3640/3640 3638/3638/3638 3631/3631/3631
f 3639/3639/3639 3641/3641/3641 3633/3633/3633
f 3633/3633/3633 3632/3632/3632 3639/3639/3639
f 3431/3431/3431 3638/3638/3638 3642/3642/3642
f 3642/3642/3642 3432/3432/3432 3431/3431/3431
f 3404/3404/3404 3643/3643/3643 3639/3639/3639
f 3639/3639/3639 3398/3398/3398 3404/3404/3404
f 3432/3432/3432 3642/3642/3642 3644/3644/3644
f 3432/3432/3432 3644/3644/3644 3436/3436/3436
f 3645/3645/3645 3643/3643/3643 3404/3404/3404
f 3404/3404/3404 3409/3409/3409 3645/3645/3645
f 3644/3644/3644 3646/3646/3646 3634/3634/3634
f 3634/3634/3634 3436/3436/3436 3644/3644/3644
f 3409/3409/3409 3635/3635/3635 3647/3647/3647
f 3647/3647/3647 3645/3645/3645 3409/3409/3409
f 3646/3646/3646 3648/3648/3648 3636/3636/3636
f 3636/3636/3636 3634/3634/3634 3646/3646/3646
f 3635/3635/3635 3637/3637/3637 3649/3649/3649
f 3649/3649/3649 3647/3647/3647 3635/3635/3635
f 3646/3646/3646 3644/3644/3644 3650/3650/3650
f 3650/3650/3650 3651/3651/3651 3646/3646/3646
f 3653/3653/3653 3652/3652/3652 3645/3645/3645
f 3645/3645/3645 3647/3647/3647 3653/3653/3653
f 3651/3651/3651 3654/3654/3654 3648/3648/3648
f 3648/3648/3648 3646/3646/3646 3651/3651/3651
f 3647/3647/3647 3649/3649/3649 3655/3655/3655
f 3655/3655/3655 3653/3653/3653 3647/3647/3647
f 3656/3656/3656 3650/3650/3650 3644/3644/3644
f 3644/3644/3644 3642/3642/3642 3656/3656/3656
f 3643/3643/3643 3645/3645/3645 3652/3652/3652
f 3652/3652/3652 3657/3657/3657 3643/3643/3643
f 3661/3661/3661 3658/3658/3658 3659/3659/3659
f 3659/3659/3659 3660/3660/3660 3661/3661/3661
f 3652/3652/3652 3653/3653/3653 3662/3662/3662
f 3662/3662/3662 3663/3663/3663 3652/3652/3652
f 3658/3658/3658 3661/3661/3661 3664/3664/3664
f 3664/3664/3664 3665/3665/3665 3658/3658/3658
f 3669/3669/3669 3666/3666/3666 3667/3667/3667
f 3667/3667/3667 3668/3668/3668 3669/3669/3669
f 3671/3671/3671 3661/3661/3661 3660/3660/3660
f 3660/3660/3660 3670/3670/3670 3671/3671/3671
f 3657/3657/3657 3652/3652/3652 3663/3663/3663
f 3663/3663/3663 3672/3672/3672 3657/3657/3657
f 3673/3673/3673 3664/3664/3664 3661/3661/3661
f 3661/3661/3661 3671/3671/3671 3673/3673/3673
f 3675/3675/3675 3667/3667/3667 3666/3666/3666
f 3666/3666/3666 3674/3674/3674 3675/3675/3675
f 3658/3658/3658 3676/3676/3676 3677/3677/3677
f 3677/3677/3677 3659/3659/3659 3658/3658/3658
f 3653/3653/3653 3655/3655/3655 3678/3678/3678
f 3678/3678/3678 3662/3662/3662 3653/3653/3653
f 3665/3665/3665 3679/3679/3679 3676/3676/3676
f 3676/3676/3676 3658/3658/3658 3665/3665/3665
f 3668/3668/3668 3680/3680/3680 3681/3681/3681
f 3681/3681/3681 3669/3669/3669 3668/3668/3668
f 3673/3673/3673 3682/3682/3682 3665/3665/3665
f 3665/3665/3665 3664/3664/3664 3673/3673/3673
f 3666/3666/3666 3669/3669/3669 3683/3683/3683
f 3683/3683/3683 3674/3674/3674 3666/3666/3666
f 3665/3665/3665 3682/3682/3682 3684/3684/3684
f 3684/3684/3684 3679/3679/3679 3665/3665/3665
f 3681/3681/3681 3685/3685/3685 3683/3683/3683
f 3683/3683/3683 3669/3669/3669 3681/3681/3681
f 3682/3682/3682 3673/3673/3673 3686/3686/3686
f 3686/3686/3686 3687/3687/3687 3682/3682/3682
f 3689/3689/3689 3688/3688/3688 3674/3674/3674
f 3674/3674/3674 3683/3683/3683 3689/3689/3689
f 3684/3684/3684 3682/3682/3682 3687/3687/3687
f 3687/3687/3687 3690/3690/3690 3684/3684/3684
f 3691/3691/3691 3689/3689/3689 3683/3683/3683
f 3683/3683/3683 3685/3685/3685 3691/3691/3691
f 3671/3671/3671 3692/3692/3692 3686/3686/3686
f 3686/3686/3686 3673/3673/3673 3671/3671/3671
f 3674/3674/3674 3688/3688/3688 3693/3693/3693
f 3693/3693/3693 3675/3675/3675 3674/3674/3674
f 3671/3671/3671 3670/3670/3670 3694/3694/3694
f 3694/3694/3694 3692/3692/3692 3671/3671/3671
f 3696/3696/3696 3695/3695/3695 3657/3657/3657
f 3657/3657/3657 3672/3672/3672 3696/3696/3696
f 3642/3642/3642 3697/3697/3697 3698/3698/3698
f 3698/3698/3698 3656/3656/3656 3642/3642/3642
f 3657/3657/3657 3695/3695/3695 3699/3699/3699
f 3699/3699/3699 3643/3643/3643 3657/3657/3657
f 3697/3697/3697 3700/3700/3700 3701/3701/3701
f 3701/3701/3701 3698/3698/3698 3697/3697/3697
f 3695/3695/3695 3702/3702/3702 3703/3703/3703
f 3703/3703/3703 3699/3699/3699 3695/3695/3695
f 3692/3692/3692 3694/3694/3694 3704/3704/3704
f 3704/3704/3704 3705/3705/3705 3692/3692/3692
f 3695/3695/3695 3696/3696/3696 3706/3706/3706
f 3706/3706/3706 3702/3702/3702 3695/3695/3695
f 3692/3692/3692 3705/3705/3705 3707/3707/3707
f 3707/3707/3707 3686/3686/3686 3692/3692/3692
f 3688/3688/3688 3708/3708/3708 3709/3709/3709
f 3709/3709/3709 3693/3693/3693 3688/3688/3688
f 3707/3707/3707 3710/3710/3710 3687/3687/3687
f 3687/3687/3687 3686/3686/3686 3707/3707/3707
f 3688/3688/3688 3689/3689/3689 3711/3711/3711
f 3711/3711/3711 3708/3708/3708 3688/3688/3688
f 3710/3710/3710 3712/3712/3712 3690/3690/3690
f 3690/3690/3690 3687/3687/3687 3710/3710/3710
f 3689/3689/3689 3691/3691/3691 3713/3713/3713
f 3713/3713/3713 3711/3711/3711 3689/3689/3689
f 3651/3651/3651 3659/3659/3659 3677/3677/3677
f 3677/3677/3677 3654/3654/3654 3651/3651/3651
f 3650/3650/3650 3660/3660/3660 3659/3659/3659
f 3659/3659/3659 3651/3651/3651 3650/3650/3650
f 3656/3656/3656 3670/3670/3670 3660/3660/3660
f 3660/3660/3660 3650/3650/3650 3656/3656/3656
f 3670/3670/3670 3656/3656/3656 3698/3698/3698
f 3698/3698/3698 3694/3694/3694 3670/3670/3670
f 3698/3698/3698 3701/3701/3701 3704/3704/3704
f 3704/3704/3704 3694/3694/3694 3698/3698/3698
f 3668/3668/3668 3662/3662/3662 3678/3678/3678
f 3678/3678/3678 3680/3680/3680 3668/3668/3668
f 3667/3667/3667 3663/3663/3663 3662/3662/3662
f 3662/3662/3662 3668/3668/3668 3667/3667/3667
f 3675/3675/3675 3672/3672/3672 3663/3663/3663
f 3663/3663/3663 3667/3667/3667 3675/3675/3675
f 3693/3693/3693 3696/3696/3696 3672/3672/3672
f 3672/3672/3672 3675/3675/3675 3693/3693/3693
f 3693/3693/3693 3709/3709/3709 3706/3706/3706
f 3706/3706/3706 3696/3696/3696 3693/3693/3693
f 3717/3717/3717 3714/3714/3714 3715/3715/3715
f 3715/3715/3715 3716/3716/3716 3717/3717/3717
f 3709/3709/3709 3718/3718/3718 3719/3719/3719
f 3719/3719/3719 3706/3706/3706 3709/3709/3709
f 3721/3721/3721 3720/3720/3720 3714/3714/3714
f 3714/3714/3714 3717/3717/3717 3721/3721/3721
f 3708/3708/3708 3722/3722/3722 3718/3718/3718
f 3718/3718/3718 3709/3709/3709 3708/3708/3708
f 3716/3716/3716 3715/3715/3715 3723/3723/3723
f 3723/3723/3723 3724/3724/3724 3716/3716/3716
f 3706/3706/3706 3719/3719/3719 3725/3725/3725
f 3725/3725/3725 3702/3702/3702 3706/3706/3706
f 3727/3727/3727 3726/3726/3726 3724/3724/3724
f 3724/3724/3724 3723/3723/3723 3727/3727/3727
f 3702/3702/3702 3725/3725/3725 3728/3728/3728
f 3728/3728/3728 3703/3703/3703 3702/3702/3702
f 3638/3638/3638 3640/3640/3640 3697/3697/3697
f 3697/3697/3697 3642/3642/3642 3638/3638/3638
f 3643/3643/3643 3699/3699/3699 3641/3641/3641
f 3641/3641/3641 3639/3639/3639 3643/3643/3643
f 3730/3730/3730 3729/3729/3729 3630/3630/3630
f 3630/3630/3630 3626/3626/3626 3730/3730/3730
f 3629/3629/3629 3633/3633/3633 3731/3731/3731
f 3731/3731/3731 3732/3732/3732 3629/3629/3629
f 3729/3729/3729 3733/3733/3733 3640/3640/3640
f 3640/3640/3640 3630/3630/3630 3729/3729/3729
f 3633/3633/3633 3641/3641/3641 3734/3734/3734
f 3734/3734/3734 3731/3731/3731 3633/3633/3633
f 3700/3700/3700 3697/3697/3697 3640/3640/3640
f 3640/3640/3640 3733/3733/3733 3700/3700/3700
f 3734/3734/3734 3641/3641/3641 3699/3699/3699
f 3699/3699/3699 3703/3703/3703 3734/3734/3734
f 3738/3738/3738 3735/3735/3735 3736/3736/3736
f 3736/3736/3736 3737/3737/3737 3738/3738/3738
f 3734/3734/3734 3739/3739/3739 3740/3740/3740
f 3740/3740/3740 3731/3731/3731 3734/3734/3734
f 3726/3726/3726 3727/3727/3727 3735/3735/3735
f 3735/3735/3735 3738/3738/3738 3726/3726/3726
f 3703/3703/3703 3728/3728/3728 3739/3739/3739
f 3739/3739/3739 3734/3734/3734 3703/3703/3703
f 3707/3707/3707 3705/3705/3705 3714/3714/3714
f 3714/3714/3714 3720/3720/3720 3707/3707/3707
f 3705/3705/3705 3704/3704/3704 3715/3715/3715
f 3715/3715/3715 3714/3714/3714 3705/3705/3705
f 3704/3704/3704 3701/3701/3701 3723/3723/3723
f 3723/3723/3723 3715/3715/3715 3704/3704/3704
f 3700/3700/3700 3727/3727/3727 3723/3723/3723
f 3723/3723/3723 3701/3701/3701 3700/3700/3700
f 3700/3700/3700 3733/3733/3733 3735/3735/3735
f 3735/3735/3735 3727/3727/3727 3700/3700/3700
f 3733/3733/3733 3729/3729/3729 3736/3736/3736
f 3736/3736/3736 3735/3735/3735 3733/3733/3733
f 3721/3721/3721 3717/3717/3717 3718/3718/3718
f 3718/3718/3718 3722/3722/3722 3721/3721/3721
f 3717/3717/3717 3716/3716/3716 3719/3719/3719
f 3719/3719/3719 3718/3718/3718 3717/3717/3717
f 3716/3716/3716 3724/3724/3724 3725/3725/3725
f 3725/3725/3725 3719/3719/3719 3716/3716/3716
f 3725/3725/3725 3724/3724/3724 3726/3726/3726
f 3726/3726/3726 3728/3728/3728 3725/3725/3725
f 3726/3726/3726 3738/3738/3738 3739/3739/3739
f 3739/3739/3739 3728/3728/3728 3726/3726/3726
f 3738/3738/3738 3737/3737/3737 3740/3740/3740
f 3740/3740/3740 3739/3739/3739 3738/3738/3738
f 3729/3729/3729 3730/3730/3730 3741/3741/3741
f 3741/3741/3741 3736/3736/3736 3729/3729/3729
f 3740/3740/3740 3742/3742/3742 3732/3732/3732
f 3732/3732/3732 3731/3731/3731 3740/3740/3740
f 3743/3743/3743 3737/3737/3737 3736/3736/3736
f 3736/3736/3736 3741/3741/3741 3743/3743/3743
f 3742/3742/3742 3740/3740/3740 3737/3737/3737
f 3737/3737/3737 3743/3743/3743 3742/3742/3742
f 3720/3720/3720 3744/3744/3744 3710/3710/3710
f 3710/3710/3710 3707/3707/3707 3720/3720/3720
f 3708/3708/3708 3711/3711/3711 3745/3745/3745
f 3745/3745/3745 3722/3722/3722 3708/3708/3708
f 3744/3744/3744 3746/3746/3746 3712/3712/3712
f 3712/3712/3712 3710/3710/3710 3744/3744/3744
f 3711/3711/3711 3713/3713/3713 3747/3747/3747
f 3747/3747/3747 3745/3745/3745 3711/3711/3711
f 3746/3746/3746 3744/3744/3744 3748/3748/3748
f 3748/3748/3748 3749/3749/3749 3746/3746/3746
f 3749/3749/3749 3748/3748/3748 3745/3745/3745
f 3745/3745/3745 3747/3747/3747 3749/3749/3749
f 3744/3744/3744 3720/3720/3720 3721/3721/3721
f 3721/3721/3721 3748/3748/3748 3744/3744/3744
f 3748/3748/3748 3721/3721/3721 3722/3722/3722
f 3722/3722/3722 3745/3745/3745 3748/3748/3748
f 3751/3751/3751 3172/3172/3172 3175/3175/3175
f 3175/3175/3175 3750/3750/3750 3751/3751/3751
f 3753/3753/3753 3176/3176/3176 3179/3179/3179
f 3179/3179/3179 3752/3752/3752 3753/3753/3753
f 3751/3751/3751 3750/3750/3750 3754/3754/3754
f 3754/3754/3754 3755/3755/3755 3751/3751/3751
f 3757/3757/3757 3756/3756/3756 3753/3753/3753
f 3753/3753/3753 3752/3752/3752 3757/3757/3757
f 3754/3754/3754 3750/3750/3750 3758/3758/3758
f 3758/3758/3758 3759/3759/3759 3754/3754/3754
f 3761/3761/3761 3760/3760/3760 3753/3753/3753
f 3753/3753/3753 3756/3756/3756 3761/3761/3761
f 3750/3750/3750 3175/3175/3175 3188/3188/3188
f 3188/3188/3188 3758/3758/3758 3750/3750/3750
f 3760/3760/3760 3189/3189/3189 3176/3176/3176
f 3176/3176/3176 3753/3753/3753 3760/3760/3760
f 3763/3763/3763 3759/3759/3759 3758/3758/3758
f 3758/3758/3758 3762/3762/3762 3763/3763/3763
f 3761/3761/3761 3764/3764/3764 3765/3765/3765
f 3765/3765/3765 3760/3760/3760 3761/3761/3761
f 3762/3762/3762 3758/3758/3758 3188/3188/3188
f 3188/3188/3188 3194/3194/3194 3762/3762/3762
f 3760/3760/3760 3765/3765/3765 3195/3195/3195
f 3195/3195/3195 3189/3189/3189 3760/3760/3760
f 3767/3767/3767 3766/3766/3766 3763/3763/3763
f 3763/3763/3763 3762/3762/3762 3767/3767/3767
f 3765/3765/3765 3764/3764/3764 3768/3768/3768
f 3768/3768/3768 3769/3769/3769 3765/3765/3765
f 3762/3762/3762 3194/3194/3194 3200/3200/3200
f 3200/3200/3200 3767/3767/3767 3762/3762/3762
f 3769/3769/3769 3201/3201/3201 3195/3195/3195
f 3195/3195/3195 3765/3765/3765 3769/3769/3769
f 3766/3766/3766 3767/3767/3767 3770/3770/3770
f 3770/3770/3770 3771/3771/3771 3766/3766/3766
f 3773/3773/3773 3772/3772/3772 3769/3769/3769
f 3769/3769/3769 3768/3768/3768 3773/3773/3773
f 3771/3771/3771 3770/3770/3770 3774/3774/3774
f 3774/3774/3774 3775/3775/3775 3771/3771/3771
f 3775/3775/3775 3774/3774/3774 3772/3772/3772
f 3772/3772/3772 3773/3773/3773 3775/3775/3775
f 3767/3767/3767 3200/3200/3200 3208/3208/3208
f 3208/3208/3208 3770/3770/3770 3767/3767/3767
f 3772/3772/3772 3209/3209/3209 3201/3201/3201
f 3201/3201/3201 3769/3769/3769 3772/3772/3772
f 3770/3770/3770 3208/3208/3208 3210/3210/3210
f 3210/3210/3210 3774/3774/3774 3770/3770/3770
f 3774/3774/3774 3210/3210/3210 3209/3209/3209
f 3209/3209/3209 3772/3772/3772 3774/3774/3774
f 3386/3386/3386 3401/3401/3401 3400/3400/3400
f 3400/3400/3400 3382/3382/3382 3386/3386/3386
f 3382/3382/3382 3400/3400/3400 3407/3407/3407
f 3407/3407/3407 3372/3372/3372 3382/3382/3382
f 3368/3368/3368 3372/3372/3372 3407/3407/3407
f 3415/3415/3415 3369/3369/3369 3368/3368/3368
f 3368/3368/3368 3407/3407/3407 3415/3415/3415
f 3375/3375/3375 3369/3369/3369 3415/3415/3415
f 3414/3414/3414 3379/3379/3379 3375/3375/3375
f 3375/3375/3375 3415/3415/3415 3414/3414/3414
f 3414/3414/3414 3456/3456/3456 3454/3454/3454
f 3454/3454/3454 3379/3379/3379 3414/3414/3414
f 3456/3456/3456 3418/3418/3418 3394/3394/3394
f 3394/3394/3394 3454/3454/3454 3456/3456/3456
f 3418/3418/3418 3421/3421/3421 3390/3390/3390
f 3390/3390/3390 3394/3394/3394 3418/3418/3418
f 3421/3421/3421 3401/3401/3401 3386/3386/3386
f 3386/3386/3386 3390/3390/3390 3421/3421/3421
f 3270/3270/3270 3776/3776/3776 3777/3777/3777
f 3777/3777/3777 3266/3266/3266 3270/3270/3270
f 3276/3276/3276 3778/3778/3778 3776/3776/3776
f 3776/3776/3776 3270/3270/3270 3276/3276/3276
f 3298/3298/3298 3779/3779/3779 3778/3778/3778
f 3298/3298/3298 3778/3778/3778 3276/3276/3276
f 3276/3276/3276 3278/3278/3278 3298/3298/3298
f 3294/3294/3294 3780/3780/3780 3779/3779/3779
f 3779/3779/3779 3298/3298/3298 3294/3294/3294
f 3294/3294/3294 3293/3293/3293 3316/3316/3316
f 3294/3294/3294 3316/3316/3316 3781/3781/3781
f 3781/3781/3781 3780/3780/3780 3294/3294/3294
f 3781/3781/3781 3316/3316/3316 3306/3306/3306
f 3306/3306/3306 3782/3782/3782 3781/3781/3781
f 3306/3306/3306 3305/3305/3305 3783/3783/3783
f 3783/3783/3783 3782/3782/3782 3306/3306/3306
f 3305/3305/3305 3445/3445/3445 3784/3784/3784
f 3784/3784/3784 3783/3783/3783 3305/3305/3305
f 3445/3445/3445 3272/3272/3272 3785/3785/3785
f 3785/3785/3785 3784/3784/3784 3445/3445/3445
f 3272/3272/3272 3266/3266/3266 3777/3777/3777
f 3777/3777/3777 3785/3785/3785 3272/3272/3272
f 3271/3271/3271 3383/3383/3383 3371/3371/3371
f 3371/3371/3371 3277/3277/3277 3271/3271/3271
f 3268/3268/3268 3387/3387/3387 3383/3383/3383
f 3383/3383/3383 3271/3271/3271 3268/3268/3268
f 3275/3275/3275 3391/3391/3391 3387/3387/3387
f 3387/3387/3387 3268/3268/3268 3275/3275/3275
f 3309/3309/3309 3395/3395/3395 3391/3391/3391
f 3391/3391/3391 3275/3275/3275 3309/3309/3309
f 3453/3453/3453 3455/3455/3455 3395/3395/3395
f 3395/3395/3395 3309/3309/3309 3453/3453/3453
f 3322/3322/3322 3378/3378/3378 3455/3455/3455
f 3455/3455/3455 3453/3453/3453 3322/3322/3322
f 3378/3378/3378 3322/3322/3322 3317/3317/3317
f 3317/3317/3317 3374/3374/3374 3378/3378/3378
f 3778/3778/3778 3370/3370/3370 3381/3381/3381
f 3381/3381/3381 3776/3776/3776 3778/3778/3778
f 3776/3776/3776 3381/3381/3381 3385/3385/3385
f 3385/3385/3385 3777/3777/3777 3776/3776/3776
f 3388/3388/3388 3785/3785/3785 3777/3777/3777
f 3777/3777/3777 3385/3385/3385 3388/3388/3388
f 3447/3447/3447 3784/3784/3784 3785/3785/3785
f 3785/3785/3785 3388/3388/3388 3447/3447/3447
f 3392/3392/3392 3783/3783/3783 3784/3784/3784
f 3784/3784/3784 3447/3447/3447 3392/3392/3392
f 3376/3376/3376 3782/3782/3782 3783/3783/3783
f 3783/3783/3783 3392/3392/3392 3376/3376/3376
f 3373/3373/3373 3781/3781/3781 3782/3782/3782
f 3782/3782/3782 3376/3376/3376 3373/3373/3373
f 3374/3374/3374 3317/3317/3317 3302/3302/3302
f 3374/3374/3374 3302/3302/3302 3301/3301/3301
f 3301/3301/3301 3366/3366/3366 3374/3374/3374
f 3301/3301/3301 3296/3296/3296 3367/3367/3367
f 3367/3367/3367 3366/3366/3366 3301/3301/3301
f 3279/3279/3279 3277/3277/3277 3371/3371/3371
f 3279/3279/3279 3371/3371/3371 3367/3367/3367
f 3367/3367/3367 3296/3296/3296 3279/3279/3279
f 3364/3364/3364 3780/3780/3780 3781/3781/3781
f 3781/3781/3781 3373/3373/3373 3364/3364/3364
f 3780/3780/3780 3364/3364/3364 3363/3363/3363
f 3363/3363/3363 3779/3779/3779 3780/3780/3780
f 3779/3779/3779 3363/3363/3363 3370/3370/3370
f 3370/3370/3370 3778/3778/3778 3779/3779/3779
f 2729/2729/2729 2783/2783/2783 2712/2712/2712
f 2729/2729/2729 2734/2734/2734 2785/2785/2785
f 2785/2785/2785 2783/2783/2783 2729/2729/2729
f 2855/2855/2855 2858/2858/2858 2785/2785/2785
f 2785/2785/2785 2734/2734/2734 2855/2855/2855
f 2720/2720/2720 2800/2800/2800 2858/2858/2858
f 2858/2858/2858 2855/2855/2855 2720/2720/2720
f 2686/2686/2686 2797/2797/2797 2800/2800/2800
f 2800/2800/2800 2720/2720/2720 2686/2686/2686
f 2680/2680/2680 2794/2794/2794 2797/2797/2797
f 2797/2797/2797 2686/2686/2686 2680/2680/2680
f 2683/2683/2683 2790/2790/2790 2794/2794/2794
f 2794/2794/2794 2680/2680/2680 2683/2683/2683
f 2689/2689/2689 2781/2781/2781 2790/2790/2790
f 2790/2790/2790 2683/2683/2683 2689/2689/2689
f 2689/2689/2689 2691/2691/2691 2781/2781/2781
f 2782/2782/2782 2776/2776/2776 2775/2775/2775
f 2827/2827/2827 2784/2784/2784 2782/2782/2782
f 2782/2782/2782 2775/2775/2775 2827/2827/2827
f 2828/2828/2828 2798/2798/2798 2784/2784/2784
f 2784/2784/2784 2827/2827/2827 2828/2828/2828
f 2851/2851/2851 2850/2850/2850 2798/2798/2798
f 2798/2798/2798 2828/2828/2828 2851/2851/2851
f 2832/2832/2832 2795/2795/2795 2850/2850/2850
f 2850/2850/2850 2851/2851/2851 2832/2832/2832
f 2831/2831/2831 2792/2792/2792 2795/2795/2795
f 2795/2795/2795 2832/2832/2832 2831/2831/2831
f 2831/2831/2831 2823/2823/2823 2788/2788/2788
f 2788/2788/2788 2792/2792/2792 2831/2831/2831
f 2823/2823/2823 2774/2774/2774 2780/2780/2780
f 2780/2780/2780 2788/2788/2788 2823/2823/2823
f 2774/2774/2774 2777/2777/2777 2780/2780/2780
f 2778/2778/2778 2783/2783/2783 2787/2787/2787
f 2791/2791/2791 2779/2779/2779 2778/2778/2778
f 2778/2778/2778 2787/2787/2787 2791/2791/2791
f 2781/2781/2781 2779/2779/2779 2791/2791/2791
f 2776/2776/2776 2782/2782/2782 2704/2704/2704
f 2704/2704/2704 2707/2707/2707 2776/2776/2776
f 2711/2711/2711 2777/2777/2777 2776/2776/2776
f 2776/2776/2776 2707/2707/2707 2711/2711/2711
f 2690/2690/2690 2780/2780/2780 2777/2777/2777
f 2777/2777/2777 2711/2711/2711 2690/2690/2690
f 3789/3789/3789 3786/3786/3786 3787/3787/3787
f 3787/3787/3787 3788/3788/3788 3789/3789/3789
f 3793/3793/3793 3790/3790/3790 3791/3791/3791
f 3791/3791/3791 3792/3792/3792 3793/3793/3793
f 3795/3795/3795 3789/3789/3789 3788/3788/3788
f 3788/3788/3788 3794/3794/3794 3795/3795/3795
f 3797/3797/3797 3796/3796/3796 3790/3790/3790
f 3790/3790/3790 3793/3793/3793 3797/3797/3797
f 3786/3786/3786 3798/3798/3798 3799/3799/3799
f 3799/3799/3799 3787/3787/3787 3786/3786/3786
f 3791/3791/3791 3800/3800/3800 3801/3801/3801
f 3801/3801/3801 3792/3792/3792 3791/3791/3791
f 3803/3803/3803 3802/3802/3802 3789/3789/3789
f 3789/3789/3789 3795/3795/3795 3803/3803/3803
f 3805/3805/3805 3797/3797/3797 3793/3793/3793
f 3793/3793/3793 3804/3804/3804 3805/3805/3805
f 3802/3802/3802 3806/3806/3806 3786/3786/3786
f 3786/3786/3786 3789/3789/3789 3802/3802/3802
f 3804/3804/3804 3793/3793/3793 3792/3792/3792
f 3792/3792/3792 3807/3807/3807 3804/3804/3804
f 3806/3806/3806 3808/3808/3808 3798/3798/3798
f 3798/3798/3798 3786/3786/3786 3806/3806/3806
f 3792/3792/3792 3801/3801/3801 3809/3809/3809
f 3809/3809/3809 3807/3807/3807 3792/3792/3792
f 3794/3794/3794 3810/3810/3810 3811/3811/3811
f 3811/3811/3811 3795/3795/3795 3794/3794/3794
f 3797/3797/3797 3812/3812/3812 3813/3813/3813
f 3813/3813/3813 3796/3796/3796 3797/3797/3797
f 3795/3795/3795 3811/3811/3811 3814/3814/3814
f 3814/3814/3814 3803/3803/3803 3795/3795/3795
f 3805/3805/3805 3815/3815/3815 3812/3812/3812
f 3812/3812/3812 3797/3797/3797 3805/3805/3805
f 3817/3817/3817 3816/3816/3816 3808/3808/3808
f 3808/3808/3808 3806/3806/3806 3817/3817/3817
f 3807/3807/3807 3809/3809/3809 3818/3818/3818
f 3818/3818/3818 3819/3819/3819 3807/3807/3807
f 3820/3820/3820 3817/3817/3817 3806/3806/3806
f 3806/3806/3806 3802/3802/3802 3820/3820/3820
f 3821/3821/3821 3804/3804/3804 3807/3807/3807
f 3807/3807/3807 3819/3819/3819 3821/3821/3821
f 3822/3822/3822 3820/3820/3820 3802/3802/3802
f 3802/3802/3802 3803/3803/3803 3822/3822/3822
f 3823/3823/3823 3805/3805/3805 3804/3804/3804
f 3804/3804/3804 3821/3821/3821 3823/3823/3823
f 3803/3803/3803 3814/3814/3814 3824/3824/3824
f 3824/3824/3824 3822/3822/3822 3803/3803/3803
f 3823/3823/3823 3825/3825/3825 3815/3815/3815
f 3815/3815/3815 3805/3805/3805 3823/3823/3823
f 3827/3827/3827 3826/3826/3826 3816/3816/3816
f 3816/3816/3816 3817/3817/3817 3827/3827/3827
f 3819/3819/3819 3818/3818/3818 3828/3828/3828
f 3828/3828/3828 3829/3829/3829 3819/3819/3819
f 3830/3830/3830 3827/3827/3827 3817/3817/3817
f 3817/3817/3817 3820/3820/3820 3830/3830/3830
f 3831/3831/3831 3821/3821/3821 3819/3819/3819
f 3819/3819/3819 3829/3829/3829 3831/3831/3831
f 3832/3832/3832 3830/3830/3830 3820/3820/3820
f 3820/3820/3820 3822/3822/3822 3832/3832/3832
f 3833/3833/3833 3823/3823/3823 3821/3821/3821
f 3821/3821/3821 3831/3831/3831 3833/3833/3833
f 3822/3822/3822 3824/3824/3824 3834/3834/3834
f 3834/3834/3834 3832/3832/3832 3822/3822/3822
f 3833/3833/3833 3835/3835/3835 3825/3825/3825
f 3825/3825/3825 3823/3823/3823 3833/3833/3833
f 3837/3837/3837 3836/3836/3836 3826/3826/3826
f 3826/3826/3826 3827/3827/3827 3837/3837/3837
f 3829/3829/3829 3828/3828/3828 3838/3838/3838
f 3838/3838/3838 3839/3839/3839 3829/3829/3829
f 3840/3840/3840 3837/3837/3837 3827/3827/3827
f 3827/3827/3827 3830/3830/3830 3840/3840/3840
f 3841/3841/3841 3831/3831/3831 3829/3829/3829
f 3829/3829/3829 3839/3839/3839 3841/3841/3841
f 3842/3842/3842 3840/3840/3840 3830/3830/3830
f 3830/3830/3830 3832/3832/3832 3842/3842/3842
f 3843/3843/3843 3833/3833/3833 3831/3831/3831
f 3831/3831/3831 3841/3841/3841 3843/3843/3843
f 3832/3832/3832 3834/3834/3834 3844/3844/3844
f 3844/3844/3844 3842/3842/3842 3832/3832/3832
f 3843/3843/3843 3845/3845/3845 3835/3835/3835
f 3835/3835/3835 3833/3833/3833 3843/3843/3843
f 3847/3847/3847 3846/3846/3846 3836/3836/3836
f 3836/3836/3836 3837/3837/3837 3847/3847/3847
f 3839/3839/3839 3838/3838/3838 3848/3848/3848
f 3848/3848/3848 3849/3849/3849 3839/3839/3839
f 3840/3840/3840 3850/3850/3850 3847/3847/3847
f 3847/3847/3847 3837/3837/3837 3840/3840/3840
f 3851/3851/3851 3841/3841/3841 3839/3839/3839
f 3839/3839/3839 3849/3849/3849 3851/3851/3851
f 3842/3842/3842 3852/3852/3852 3850/3850/3850
f 3850/3850/3850 3840/3840/3840 3842/3842/3842
f 3853/3853/3853 3843/3843/3843 3841/3841/3841
f 3841/3841/3841 3851/3851/3851 3853/3853/3853
f 3842/3842/3842 3844/3844/3844 3854/3854/3854
f 3854/3854/3854 3852/3852/3852 3842/3842/3842
f 3853/3853/3853 3855/3855/3855 3845/3845/3845
f 3845/3845/3845 3843/3843/3843 3853/3853/3853
f 3857/3857/3857 3856/3856/3856 3852/3852/3852
f 3852/3852/3852 3854/3854/3854 3857/3857/3857
f 3855/3855/3855 3853/3853/3853 3858/3858/3858
f 3858/3858/3858 3859/3859/3859 3855/3855/3855
f 3856/3856/3856 3857/3857/3857 3860/3860/3860
f 3860/3860/3860 3861/3861/3861 3856/3856/3856
f 3861/3861/3861 3860/3860/3860 3859/3859/3859
f 3859/3859/3859 3858/3858/3858 3861/3861/3861
f 3856/3856/3856 3862/3862/3862 3850/3850/3850
f 3850/3850/3850 3852/3852/3852 3856/3856/3856
f 3853/3853/3853 3851/3851/3851 3863/3863/3863
f 3863/3863/3863 3858/3858/3858 3853/3853/3853
f 3861/3861/3861 3864/3864/3864 3862/3862/3862
f 3862/3862/3862 3856/3856/3856 3861/3861/3861
f 3858/3858/3858 3863/3863/3863 3864/3864/3864
f 3864/3864/3864 3861/3861/3861 3858/3858/3858
f 3862/3862/3862 3865/3865/3865 3847/3847/3847
f 3847/3847/3847 3850/3850/3850 3862/3862/3862
f 3851/3851/3851 3849/3849/3849 3866/3866/3866
f 3866/3866/3866 3863/3863/3863 3851/3851/3851
f 3864/3864/3864 3867/3867/3867 3865/3865/3865
f 3865/3865/3865 3862/3862/3862 3864/3864/3864
f 3863/3863/3863 3866/3866/3866 3867/3867/3867
f 3867/3867/3867 3864/3864/3864 3863/3863/3863
f 3865/3865/3865 3868/3868/3868 3846/3846/3846
f 3846/3846/3846 3847/3847/3847 3865/3865/3865
f 3849/3849/3849 3848/3848/3848 3869/3869/3869
f 3869/3869/3869 3866/3866/3866 3849/3849/3849
f 3867/3867/3867 3870/3870/3870 3868/3868/3868
f 3868/3868/3868 3865/3865/3865 3867/3867/3867
f 3866/3866/3866 3869/3869/3869 3870/3870/3870
f 3870/3870/3870 3867/3867/3867 3866/3866/3866
f 3808/3808/3808 3871/3871/3871 3872/3872/3872
f 3872/3872/3872 3798/3798/3798 3808/3808/3808
f 3801/3801/3801 3873/3873/3873 3874/3874/3874
f 3874/3874/3874 3809/3809/3809 3801/3801/3801
f 3876/3876/3876 3872/3872/3872 3871/3871/3871
f 3871/3871/3871 3875/3875/3875 3876/3876/3876
f 3878/3878/3878 3874/3874/3874 3873/3873/3873
f 3873/3873/3873 3877/3877/3877 3878/3878/3878
f 3816/3816/3816 3879/3879/3879 3871/3871/3871
f 3871/3871/3871 3808/3808/3808 3816/3816/3816
f 3809/3809/3809 3874/3874/3874 3880/3880/3880
f 3880/3880/3880 3818/3818/3818 3809/3809/3809
f 3875/3875/3875 3871/3871/3871 3879/3879/3879
f 3879/3879/3879 3881/3881/3881 3875/3875/3875
f 3882/3882/3882 3880/3880/3880 3874/3874/3874
f 3874/3874/3874 3878/3878/3878 3882/3882/3882
f 3826/3826/3826 3883/3883/3883 3879/3879/3879
f 3879/3879/3879 3816/3816/3816 3826/3826/3826
f 3818/3818/3818 3880/3880/3880 3884/3884/3884
f 3884/3884/3884 3828/3828/3828 3818/3818/3818
f 3881/3881/3881 3879/3879/3879 3883/3883/3883
f 3883/3883/3883 3885/3885/3885 3881/3881/3881
f 3886/3886/3886 3884/3884/3884 3880/3880/3880
f 3880/3880/3880 3882/3882/3882 3886/3886/3886
f 3836/3836/3836 3887/3887/3887 3883/3883/3883
f 3883/3883/3883 3826/3826/3826 3836/3836/3836
f 3828/3828/3828 3884/3884/3884 3888/3888/3888
f 3888/3888/3888 3838/3838/3838 3828/3828/3828
f 3887/3887/3887 3889/3889/3889 3885/3885/3885
f 3885/3885/3885 3883/3883/3883 3887/3887/3887
f 3884/3884/3884 3886/3886/3886 3890/3890/3890
f 3890/3890/3890 3888/3888/3888 3884/3884/3884
f 3846/3846/3846 3891/3891/3891 3887/3887/3887
f 3887/3887/3887 3836/3836/3836 3846/3846/3846
f 3838/3838/3838 3888/3888/3888 3892/3892/3892
f 3892/3892/3892 3848/3848/3848 3838/3838/3838
f 3891/3891/3891 3893/3893/3893 3889/3889/3889
f 3889/3889/3889 3887/3887/3887 3891/3891/3891
f 3888/3888/3888 3890/3890/3890 3894/3894/3894
f 3894/3894/3894 3892/3892/3892 3888/3888/3888
f 3848/3848/3848 3892/3892/3892 3895/3895/3895
f 3895/3895/3895 3869/3869/3869 3848/3848/3848
f 3868/3868/3868 3896/3896/3896 3891/3891/3891
f 3891/3891/3891 3846/3846/3846 3868/3868/3868
f 3869/3869/3869 3895/3895/3895 3897/3897/3897
f 3897/3897/3897 3870/3870/3870 3869/3869/3869
f 3870/3870/3870 3897/3897/3897 3896/3896/3896
f 3896/3896/3896 3868/3868/3868 3870/3870/3870
f 3898/3898/3898 3895/3895/3895 3892/3892/3892
f 3892/3892/3892 3894/3894/3894 3898/3898/3898
f 3893/3893/3893 3891/3891/3891 3896/3896/3896
f 3896/3896/3896 3899/3899/3899 3893/3893/3893
f 3895/3895/3895 3898/3898/3898 3900/3900/3900
f 3900/3900/3900 3897/3897/3897 3895/3895/3895
f 3897/3897/3897 3900/3900/3900 3899/3899/3899
f 3899/3899/3899 3896/3896/3896 3897/3897/3897
f 3902/3902/3902 3878/3878/3878 3877/3877/3877
f 3877/3877/3877 3901/3901/3901 3902/3902/3902
f 3903/3903/3903 3882/3882/3882 3878/3878/3878
f 3878/3878/3878 3902/3902/3902 3903/3903/3903
f 3904/3904/3904 3886/3886/3886 3882/3882/3882
f 3882/3882/3882 3903/3903/3903 3904/3904/3904
f 3886/3886/3886 3904/3904/3904 3905/3905/3905
f 3905/3905/3905 3890/3890/3890 3886/3886/3886
f 3890/3890/3890 3905/3905/3905 3906/3906/3906
f 3906/3906/3906 3894/3894/3894 3890/3890/3890
f 3907/3907/3907 3898/3898/3898 3894/3894/3894
f 3894/3894/3894 3906/3906/3906 3907/3907/3907
f 3898/3898/3898 3907/3907/3907 3908/3908/3908
f 3908/3908/3908 3900/3900/3900 3898/3898/3898
f 3900/3900/3900 3908/3908/3908 3909/3909/3909
f 3909/3909/3909 3899/3899/3899 3900/3900/3900
f 3910/3910/3910 3893/3893/3893 3899/3899/3899
f 3899/3899/3899 3909/3909/3909 3910/3910/3910
f 3893/3893/3893 3910/3910/3910 3911/3911/3911
f 3911/3911/3911 3889/3889/3889 3893/3893/3893
f 3889/3889/3889 3911/3911/3911 3912/3912/3912
f 3912/3912/3912 3885/3885/3885 3889/3889/3889
f 3913/3913/3913 3881/3881/3881 3885/3885/3885
f 3885/3885/3885 3912/3912/3912 3913/3913/3913
f 3914/3914/3914 3875/3875/3875 3881/3881/3881
f 3881/3881/3881 3913/3913/3913 3914/3914/3914
f 3915/3915/3915 3876/3876/3876 3875/3875/3875
f 3875/3875/3875 3914/3914/3914 3915/3915/3915
f 3800/3800/3800 3916/3916/3916 3873/3873/3873
f 3873/3873/3873 3801/3801/3801 3800/3800/3800
f 3798/3798/3798 3872/3872/3872 3917/3917/3917
f 3917/3917/3917 3799/3799/3799 3798/3798/3798
f 3916/3916/3916 3918/3918/3918 3877/3877/3877
f 3877/3877/3877 3873/3873/3873 3916/3916/3916
f 3872/3872/3872 3876/3876/3876 3919/3919/3919
f 3919/3919/3919 3917/3917/3917 3872/3872/3872
f 3901/3901/3901 3877/3877/3877 3918/3918/3918
f 3918/3918/3918 3920/3920/3920 3901/3901/3901
f 3921/3921/3921 3919/3919/3919 3876/3876/3876
f 3876/3876/3876 3915/3915/3915 3921/3921/3921
f 3925/3925/3925 3922/3922/3922 3923/3923/3923
f 3923/3923/3923 3924/3924/3924 3925/3925/3925
f 3924/3924/3924 3923/3923/3923 3926/3926/3926
f 3926/3926/3926 3927/3927/3927 3924/3924/3924
f 3924/3924/3924 3928/3928/3928 3929/3929/3929
f 3929/3929/3929 3925/3925/3925 3924/3924/3924
f 3927/3927/3927 3930/3930/3930 3928/3928/3928
f 3928/3928/3928 3924/3924/3924 3927/3927/3927
f 3925/3925/3925 3931/3931/3931 3932/3932/3932
f 3932/3932/3932 3922/3922/3922 3925/3925/3925
f 3931/3931/3931 3925/3925/3925 3929/3929/3929
f 3929/3929/3929 3933/3933/3933 3931/3931/3931
f 3927/3927/3927 3926/3926/3926 3934/3934/3934
f 3934/3934/3934 3935/3935/3935 3927/3927/3927
f 3927/3927/3927 3935/3935/3935 3936/3936/3936
f 3936/3936/3936 3930/3930/3930 3927/3927/3927
f 3929/3929/3929 3928/3928/3928 3937/3937/3937
f 3937/3937/3937 3938/3938/3938 3929/3929/3929
f 3928/3928/3928 3930/3930/3930 3939/3939/3939
f 3939/3939/3939 3937/3937/3937 3928/3928/3928
f 3941/3941/3941 3940/3940/3940 3938/3938/3938
f 3938/3938/3938 3937/3937/3937 3941/3941/3941
f 3942/3942/3942 3941/3941/3941 3937/3937/3937
f 3937/3937/3937 3939/3939/3939 3942/3942/3942
f 3930/3930/3930 3936/3936/3936 3943/3943/3943
f 3943/3943/3943 3939/3939/3939 3930/3930/3930
f 3939/3939/3939 3943/3943/3943 3944/3944/3944
f 3944/3944/3944 3942/3942/3942 3939/3939/3939
f 3933/3933/3933 3929/3929/3929 3938/3938/3938
f 3938/3938/3938 3945/3945/3945 3933/3933/3933
f 3940/3940/3940 3946/3946/3946 3945/3945/3945
f 3945/3945/3945 3938/3938/3938 3940/3940/3940
f 3946/3946/3946 3947/3947/3947 3948/3948/3948
f 3948/3948/3948 3945/3945/3945 3946/3946/3946
f 3947/3947/3947 3949/3949/3949 3950/3950/3950
f 3950/3950/3950 3948/3948/3948 3947/3947/3947
f 3945/3945/3945 3948/3948/3948 3951/3951/3951
f 3951/3951/3951 3933/3933/3933 3945/3945/3945
f 3948/3948/3948 3950/3950/3950 3952/3952/3952
f 3952/3952/3952 3951/3951/3951 3948/3948/3948
f 3952/3952/3952 3953/3953/3953 3954/3954/3954
f 3954/3954/3954 3951/3951/3951 3952/3952/3952
f 3931/3931/3931 3933/3933/3933 3951/3951/3951
f 3951/3951/3951 3954/3954/3954 3931/3931/3931
f 3954/3954/3954 3955/3955/3955 3956/3956/3956
f 3954/3954/3954 3956/3956/3956 3932/3932/3932
f 3932/3932/3932 3931/3931/3931 3954/3954/3954
f 3954/3954/3954 3953/3953/3953 3957/3957/3957
f 3957/3957/3957 3955/3955/3955 3954/3954/3954
f 3961/3961/3961 3958/3958/3958 3959/3959/3959
f 3959/3959/3959 3960/3960/3960 3961/3961/3961
f 3961/3961/3961 3962/3962/3962 3963/3963/3963
f 3963/3963/3963 3958/3958/3958 3961/3961/3961
f 3961/3961/3961 3964/3964/3964 3965/3965/3965
f 3965/3965/3965 3962/3962/3962 3961/3961/3961
f 3960/3960/3960 3966/3966/3966 3964/3964/3964
f 3964/3964/3964 3961/3961/3961 3960/3960/3960
f 3968/3968/3968 3967/3967/3967 3965/3965/3965
f 3965/3965/3965 3964/3964/3964 3968/3968/3968
f 3964/3964/3964 3966/3966/3966 3969/3969/3969
f 3969/3969/3969 3968/3968/3968 3964/3964/3964
f 3971/3971/3971 3970/3970/3970 3968/3968/3968
f 3968/3968/3968 3969/3969/3969 3971/3971/3971
f 3970/3970/3970 3972/3972/3972 3967/3967/3967
f 3967/3967/3967 3968/3968/3968 3970/3970/3970
f 3969/3969/3969 3973/3973/3973 3974/3974/3974
f 3974/3974/3974 3971/3971/3971 3969/3969/3969
f 3973/3973/3973 3969/3969/3969 3966/3966/3966
f 3966/3966/3966 3975/3975/3975 3973/3973/3973
f 3960/3960/3960 3976/3976/3976 3975/3975/3975
f 3975/3975/3975 3966/3966/3966 3960/3960/3960
f 3976/3976/3976 3960/3960/3960 3959/3959/3959
f 3959/3959/3959 3977/3977/3977 3976/3976/3976
f 3962/3962/3962 3978/3978/3978 3979/3979/3979
f 3979/3979/3979 3963/3963/3963 3962/3962/3962
f 3965/3965/3965 3980/3980/3980 3978/3978/3978
f 3978/3978/3978 3962/3962/3962 3965/3965/3965
f 3967/3967/3967 3981/3981/3981 3980/3980/3980
f 3980/3980/3980 3965/3965/3965 3967/3967/3967
f 3972/3972/3972 3982/3982/3982 3981/3981/3981
f 3981/3981/3981 3967/3967/3967 3972/3972/3972
f 3986/3986/3986 3983/3983/3983 3984/3984/3984
f 3984/3984/3984 3985/3985/3985 3986/3986/3986
f 3973/3973/3973 3984/3984/3984 3983/3983/3983
f 3983/3983/3983 3974/3974/3974 3973/3973/3973
f 3975/3975/3975 3987/3987/3987 3984/3984/3984
f 3984/3984/3984 3973/3973/3973 3975/3975/3975
f 3985/3985/3985 3984/3984/3984 3987/3987/3987
f 3987/3987/3987 3988/3988/3988 3985/3985/3985
f 3987/3987/3987 3989/3989/3989 3990/3990/3990
f 3990/3990/3990 3988/3988/3988 3987/3987/3987
f 3989/3989/3989 3987/3987/3987 3975/3975/3975
f 3975/3975/3975 3976/3976/3976 3989/3989/3989
f 3989/3989/3989 3976/3976/3976 3977/3977/3977
f 3977/3977/3977 3991/3991/3991 3989/3989/3989
f 3990/3990/3990 3989/3989/3989 3991/3991/3991
f 3991/3991/3991 3992/3992/3992 3990/3990/3990
f 3921/3921/3921 3993/3993/3993 3994/3994/3994
f 3921/3921/3921 3994/3994/3994 3917/3917/3917
f 3917/3917/3917 3919/3919/3919 3921/3921/3921
f 3995/3995/3995 3799/3799/3799 3917/3917/3917
f 3917/3917/3917 3994/3994/3994 3995/3995/3995
f 3923/3923/3923 3996/3996/3996 3997/3997/3997
f 3997/3997/3997 3926/3926/3926 3923/3923/3923
f 3926/3926/3926 3997/3997/3997 3998/3998/3998
f 3998/3998/3998 3934/3934/3934 3926/3926/3926
f 4000/4000/4000 3955/3955/3955 3957/3957/3957
f 3957/3957/3957 3999/3999/3999 4000/4000/4000
f 4001/4001/4001 3956/3956/3956 3955/3955/3955
f 3955/3955/3955 4000/4000/4000 4001/4001/4001
f 3956/3956/3956 4001/4001/4001 4002/4002/4002
f 4002/4002/4002 3932/3932/3932 3956/3956/3956
f 4003/4003/4003 3922/3922/3922 3932/3932/3932
f 3932/3932/3932 4002/4002/4002 4003/4003/4003
f 3922/3922/3922 4003/4003/4003 3996/3996/3996
f 3996/3996/3996 3923/3923/3923 3922/3922/3922
f 3799/3799/3799 4004/4004/4004 4005/4005/4005
f 4005/4005/4005 3787/3787/3787 3799/3799/3799
f 3995/3995/3995 4004/4004/4004 3799/3799/3799
f 4006/4006/4006 3993/3993/3993 3921/3921/3921
f 3794/3794/3794 4007/4007/4007 4008/4008/4008
f 4008/4008/4008 3810/3810/3810 3794/3794/3794
f 3788/3788/3788 4009/4009/4009 4007/4007/4007
f 4007/4007/4007 3794/3794/3794 3788/3788/3788
f 3788/3788/3788 3787/3787/3787 4005/4005/4005
f 4005/4005/4005 4009/4009/4009 3788/3788/3788
f 4013/4013/4013 4010/4010/4010 4011/4011/4011
f 4011/4011/4011 4012/4012/4012 4013/4013/4013
f 4017/4017/4017 4014/4014/4014 4015/4015/4015
f 4015/4015/4015 4016/4016/4016 4017/4017/4017
f 4012/4012/4012 4011/4011/4011 4018/4018/4018
f 4018/4018/4018 4019/4019/4019 4012/4012/4012
f 4014/4014/4014 4020/4020/4020 4021/4021/4021
f 4021/4021/4021 4015/4015/4015 4014/4014/4014
f 4023/4023/4023 4022/4022/4022 4010/4010/4010
f 4010/4010/4010 4013/4013/4013 4023/4023/4023
f 4025/4025/4025 4024/4024/4024 4017/4017/4017
f 4017/4017/4017 4016/4016/4016 4025/4025/4025
f 4011/4011/4011 4026/4026/4026 4027/4027/4027
f 4027/4027/4027 4018/4018/4018 4011/4011/4011
f 4015/4015/4015 4021/4021/4021 4028/4028/4028
f 4028/4028/4028 4029/4029/4029 4015/4015/4015
f 4010/4010/4010 4030/4030/4030 4026/4026/4026
f 4026/4026/4026 4011/4011/4011 4010/4010/4010
f 4016/4016/4016 4015/4015/4015 4029/4029/4029
f 4029/4029/4029 4031/4031/4031 4016/4016/4016
f 4022/4022/4022 4032/4032/4032 4030/4030/4030
f 4030/4030/4030 4010/4010/4010 4022/4022/4022
f 4033/4033/4033 4025/4025/4025 4016/4016/4016
f 4016/4016/4016 4031/4031/4031 4033/4033/4033
f 4037/4037/4037 4034/4034/4034 4035/4035/4035
f 4035/4035/4035 4036/4036/4036 4037/4037/4037
f 4041/4041/4041 4038/4038/4038 4039/4039/4039
f 4039/4039/4039 4040/4040/4040 4041/4041/4041
f 4043/4043/4043 4037/4037/4037 4036/4036/4036
f 4036/4036/4036 4042/4042/4042 4043/4043/4043
f 4038/4038/4038 4044/4044/4044 4045/4045/4045
f 4045/4045/4045 4039/4039/4039 4038/4038/4038
f 4032/4032/4032 4046/4046/4046 4047/4047/4047
f 4047/4047/4047 4030/4030/4030 4032/4032/4032
f 4049/4049/4049 4033/4033/4033 4031/4031/4031
f 4031/4031/4031 4048/4048/4048 4049/4049/4049
f 4030/4030/4030 4047/4047/4047 4050/4050/4050
f 4050/4050/4050 4026/4026/4026 4030/4030/4030
f 4031/4031/4031 4029/4029/4029 4051/4051/4051
f 4051/4051/4051 4048/4048/4048 4031/4031/4031
f 4026/4026/4026 4050/4050/4050 4052/4052/4052
f 4052/4052/4052 4027/4027/4027 4026/4026/4026
f 4029/4029/4029 4028/4028/4028 4053/4053/4053
f 4053/4053/4053 4051/4051/4051 4029/4029/4029
f 4055/4055/4055 4043/4043/4043 4042/4042/4042
f 4042/4042/4042 4054/4054/4054 4055/4055/4055
f 4044/4044/4044 4056/4056/4056 4057/4057/4057
f 4057/4057/4057 4045/4045/4045 4044/4044/4044
f 4046/4046/4046 4058/4058/4058 4059/4059/4059
f 4059/4059/4059 4047/4047/4047 4046/4046/4046
f 4061/4061/4061 4049/4049/4049 4048/4048/4048
f 4048/4048/4048 4060/4060/4060 4061/4061/4061
f 4047/4047/4047 4059/4059/4059 4062/4062/4062
f 4062/4062/4062 4050/4050/4050 4047/4047/4047
f 4048/4048/4048 4051/4051/4051 4063/4063/4063
f 4063/4063/4063 4060/4060/4060 4048/4048/4048
f 4050/4050/4050 4062/4062/4062 4064/4064/4064
f 4064/4064/4064 4052/4052/4052 4050/4050/4050
f 4051/4051/4051 4053/4053/4053 4065/4065/4065
f 4065/4065/4065 4063/4063/4063 4051/4051/4051
f 4067/4067/4067 4055/4055/4055 4054/4054/4054
f 4054/4054/4054 4066/4066/4066 4067/4067/4067
f 4056/4056/4056 4068/4068/4068 4069/4069/4069
f 4069/4069/4069 4057/4057/4057 4056/4056/4056
f 4058/4058/4058 4070/4070/4070 4071/4071/4071
f 4071/4071/4071 4059/4059/4059 4058/4058/4058
f 4073/4073/4073 4061/4061/4061 4060/4060/4060
f 4060/4060/4060 4072/4072/4072 4073/4073/4073
f 4059/4059/4059 4071/4071/4071 4074/4074/4074
f 4074/4074/4074 4062/4062/4062 4059/4059/4059
f 4060/4060/4060 4063/4063/4063 4075/4075/4075
f 4075/4075/4075 4072/4072/4072 4060/4060/4060
f 4062/4062/4062 4074/4074/4074 4076/4076/4076
f 4076/4076/4076 4064/4064/4064 4062/4062/4062
f 4063/4063/4063 4065/4065/4065 4077/4077/4077
f 4077/4077/4077 4075/4075/4075 4063/4063/4063
f 4079/4079/4079 4067/4067/4067 4066/4066/4066
f 4066/4066/4066 4078/4078/4078 4079/4079/4079
f 4068/4068/4068 4080/4080/4080 4081/4081/4081
f 4081/4081/4081 4069/4069/4069 4068/4068/4068
f 4070/4070/4070 4082/4082/4082 4083/4083/4083
f 4083/4083/4083 4071/4071/4071 4070/4070/4070
f 4085/4085/4085 4073/4073/4073 4072/4072/4072
f 4072/4072/4072 4084/4084/4084 4085/4085/4085
f 4083/4083/4083 4086/4086/4086 4074/4074/4074
f 4074/4074/4074 4071/4071/4071 4083/4083/4083
f 4072/4072/4072 4075/4075/4075 4087/4087/4087
f 4087/4087/4087 4084/4084/4084 4072/4072/4072
f 4086/4086/4086 4088/4088/4088 4076/4076/4076
f 4076/4076/4076 4074/4074/4074 4086/4086/4086
f 4075/4075/4075 4077/4077/4077 4089/4089/4089
f 4089/4089/4089 4087/4087/4087 4075/4075/4075
f 4091/4091/4091 4079/4079/4079 4078/4078/4078
f 4078/4078/4078 4090/4090/4090 4091/4091/4091
f 4080/4080/4080 4092/4092/4092 4093/4093/4093
f 4093/4093/4093 4081/4081/4081 4080/4080/4080
f 4090/4090/4090 4094/4094/4094 4095/4095/4095
f 4095/4095/4095 4091/4091/4091 4090/4090/4090
f 4097/4097/4097 4093/4093/4093 4092/4092/4092
f 4092/4092/4092 4096/4096/4096 4097/4097/4097
f 4099/4099/4099 4095/4095/4095 4094/4094/4094
f 4094/4094/4094 4098/4098/4098 4099/4099/4099
f 4096/4096/4096 4099/4099/4099 4098/4098/4098
f 4098/4098/4098 4097/4097/4097 4096/4096/4096
f 4086/4086/4086 4100/4100/4100 4101/4101/4101
f 4101/4101/4101 4088/4088/4088 4086/4086/4086
f 4103/4103/4103 4087/4087/4087 4089/4089/4089
f 4089/4089/4089 4102/4102/4102 4103/4103/4103
f 4100/4100/4100 4104/4104/4104 4105/4105/4105
f 4105/4105/4105 4101/4101/4101 4100/4100/4100
f 4104/4104/4104 4103/4103/4103 4102/4102/4102
f 4102/4102/4102 4105/4105/4105 4104/4104/4104
f 4083/4083/4083 4106/4106/4106 4100/4100/4100
f 4100/4100/4100 4086/4086/4086 4083/4083/4083
f 4107/4107/4107 4084/4084/4084 4087/4087/4087
f 4087/4087/4087 4103/4103/4103 4107/4107/4107
f 4106/4106/4106 4108/4108/4108 4104/4104/4104
f 4104/4104/4104 4100/4100/4100 4106/4106/4106
f 4108/4108/4108 4107/4107/4107 4103/4103/4103
f 4103/4103/4103 4104/4104/4104 4108/4108/4108
f 4082/4082/4082 4109/4109/4109 4106/4106/4106
f 4106/4106/4106 4083/4083/4083 4082/4082/4082
f 4110/4110/4110 4085/4085/4085 4084/4084/4084
f 4084/4084/4084 4107/4107/4107 4110/4110/4110
f 4109/4109/4109 4111/4111/4111 4108/4108/4108
f 4108/4108/4108 4106/4106/4106 4109/4109/4109
f 4111/4111/4111 4110/4110/4110 4107/4107/4107
f 4107/4107/4107 4108/4108/4108 4111/4111/4111
f 4113/4113/4113 4112/4112/4112 4032/4032/4032
f 4032/4032/4032 4022/4022/4022 4113/4113/4113
f 4115/4115/4115 4114/4114/4114 4025/4025/4025
f 4025/4025/4025 4033/4033/4033 4115/4115/4115
f 4112/4112/4112 4113/4113/4113 4116/4116/4116
f 4116/4116/4116 4117/4117/4117 4112/4112/4112
f 4114/4114/4114 4115/4115/4115 4118/4118/4118
f 4118/4118/4118 4119/4119/4119 4114/4114/4114
f 4112/4112/4112 4120/4120/4120 4046/4046/4046
f 4046/4046/4046 4032/4032/4032 4112/4112/4112
f 4121/4121/4121 4115/4115/4115 4033/4033/4033
f 4033/4033/4033 4049/4049/4049 4121/4121/4121
f 4120/4120/4120 4112/4112/4112 4117/4117/4117
f 4117/4117/4117 4122/4122/4122 4120/4120/4120
f 4115/4115/4115 4121/4121/4121 4123/4123/4123
f 4123/4123/4123 4118/4118/4118 4115/4115/4115
f 4120/4120/4120 4124/4124/4124 4058/4058/4058
f 4058/4058/4058 4046/4046/4046 4120/4120/4120
f 4125/4125/4125 4121/4121/4121 4049/4049/4049
f 4049/4049/4049 4061/4061/4061 4125/4125/4125
f 4124/4124/4124 4120/4120/4120 4122/4122/4122
f 4122/4122/4122 4126/4126/4126 4124/4124/4124
f 4121/4121/4121 4125/4125/4125 4127/4127/4127
f 4127/4127/4127 4123/4123/4123 4121/4121/4121
f 4124/4124/4124 4128/4128/4128 4070/4070/4070
f 4070/4070/4070 4058/4058/4058 4124/4124/4124
f 4129/4129/4129 4125/4125/4125 4061/4061/4061
f 4061/4061/4061 4073/4073/4073 4129/4129/4129
f 4126/4126/4126 4130/4130/4130 4128/4128/4128
f 4128/4128/4128 4124/4124/4124 4126/4126/4126
f 4131/4131/4131 4127/4127/4127 4125/4125/4125
f 4125/4125/4125 4129/4129/4129 4131/4131/4131
f 4128/4128/4128 4132/4132/4132 4082/4082/4082
f 4082/4082/4082 4070/4070/4070 4128/4128/4128
f 4133/4133/4133 4129/4129/4129 4073/4073/4073
f 4073/4073/4073 4085/4085/4085 4133/4133/4133
f 4130/4130/4130 4134/4134/4134 4132/4132/4132
f 4132/4132/4132 4128/4128/4128 4130/4130/4130
f 4135/4135/4135 4131/4131/4131 4129/4129/4129
f 4129/4129/4129 4133/4133/4133 4135/4135/4135
f 4136/4136/4136 4133/4133/4133 4085/4085/4085
f 4085/4085/4085 4110/4110/4110 4136/4136/4136
f 4132/4132/4132 4137/4137/4137 4109/4109/4109
f 4109/4109/4109 4082/4082/4082 4132/4132/4132
f 4138/4138/4138 4136/4136/4136 4110/4110/4110
f 4110/4110/4110 4111/4111/4111 4138/4138/4138
f 4137/4137/4137 4138/4138/4138 4111/4111/4111
f 4111/4111/4111 4109/4109/4109 4137/4137/4137
f 4133/4133/4133 4136/4136/4136 4139/4139/4139
f 4139/4139/4139 4135/4135/4135 4133/4133/4133
f 4137/4137/4137 4132/4132/4132 4134/4134/4134
f 4134/4134/4134 4140/4140/4140 4137/4137/4137
f 4141/4141/4141 4139/4139/4139 4136/4136/4136
f 4136/4136/4136 4138/4138/4138 4141/4141/4141
f 4140/4140/4140 4141/4141/4141 4138/4138/4138
f 4138/4138/4138 4137/4137/4137 4140/4140/4140
f 4119/4119/4119 4118/4118/4118 4044/4044/4044
f 4044/4044/4044 4038/4038/4038 4119/4119/4119
f 4118/4118/4118 4123/4123/4123 4056/4056/4056
f 4056/4056/4056 4044/4044/4044 4118/4118/4118
f 4123/4123/4123 4127/4127/4127 4068/4068/4068
f 4068/4068/4068 4056/4056/4056 4123/4123/4123
f 4080/4080/4080 4068/4068/4068 4127/4127/4127
f 4127/4127/4127 4131/4131/4131 4080/4080/4080
f 4092/4092/4092 4080/4080/4080 4131/4131/4131
f 4131/4131/4131 4135/4135/4135 4092/4092/4092
f 4135/4135/4135 4139/4139/4139 4096/4096/4096
f 4096/4096/4096 4092/4092/4092 4135/4135/4135
f 4099/4099/4099 4096/4096/4096 4139/4139/4139
f 4139/4139/4139 4141/4141/4141 4099/4099/4099
f 4095/4095/4095 4099/4099/4099 4141/4141/4141
f 4141/4141/4141 4140/4140/4140 4095/4095/4095
f 4140/4140/4140 4134/4134/4134 4091/4091/4091
f 4091/4091/4091 4095/4095/4095 4140/4140/4140
f 4079/4079/4079 4091/4091/4091 4134/4134/4134
f 4134/4134/4134 4130/4130/4130 4079/4079/4079
f 4067/4067/4067 4079/4079/4079 4130/4130/4130
f 4130/4130/4130 4126/4126/4126 4067/4067/4067
f 4126/4126/4126 4122/4122/4122 4055/4055/4055
f 4055/4055/4055 4067/4067/4067 4126/4126/4126
f 4122/4122/4122 4117/4117/4117 4043/4043/4043
f 4043/4043/4043 4055/4055/4055 4122/4122/4122
f 4117/4117/4117 4116/4116/4116 4037/4037/4037
f 4037/4037/4037 4043/4043/4043 4117/4117/4117
f 4114/4114/4114 4142/4142/4142 4024/4024/4024
f 4024/4024/4024 4025/4025/4025 4114/4114/4114
f 4143/4143/4143 4113/4113/4113 4022/4022/4022
f 4022/4022/4022 4023/4023/4023 4143/4143/4143
f 4119/4119/4119 4144/4144/4144 4142/4142/4142
f 4142/4142/4142 4114/4114/4114 4119/4119/4119
f 4145/4145/4145 4116/4116/4116 4113/4113/4113
f 4113/4113/4113 4143/4143/4143 4145/4145/4145
f 4144/4144/4144 4119/4119/4119 4038/4038/4038
f 4038/4038/4038 4041/4041/4041 4144/4144/4144
f 4116/4116/4116 4145/4145/4145 4034/4034/4034
f 4034/4034/4034 4037/4037/4037 4116/4116/4116
f 4149/4149/4149 4146/4146/4146 4147/4147/4147
f 4147/4147/4147 4148/4148/4148 4149/4149/4149
f 4151/4151/4151 4149/4149/4149 4148/4148/4148
f 4148/4148/4148 4150/4150/4150 4151/4151/4151
f 4153/4153/4153 4152/4152/4152 4148/4148/4148
f 4148/4148/4148 4147/4147/4147 4153/4153/4153
f 4152/4152/4152 4154/4154/4154 4150/4150/4150
f 4150/4150/4150 4148/4148/4148 4152/4152/4152
f 4156/4156/4156 4155/4155/4155 4147/4147/4147
f 4147/4147/4147 4146/4146/4146 4156/4156/4156
f 4153/4153/4153 4147/4147/4147 4155/4155/4155
f 4155/4155/4155 4157/4157/4157 4153/4153/4153
f 4161/4161/4161 4158/4158/4158 4159/4159/4159
f 4159/4159/4159 4160/4160/4160 4161/4161/4161
f 4163/4163/4163 4160/4160/4160 4159/4159/4159
f 4159/4159/4159 4162/4162/4162 4163/4163/4163
f 4165/4165/4165 4152/4152/4152 4153/4153/4153
f 4153/4153/4153 4164/4164/4164 4165/4165/4165
f 4166/4166/4166 4154/4154/4154 4152/4152/4152
f 4152/4152/4152 4165/4165/4165 4166/4166/4166
f 4164/4164/4164 4167/4167/4167 4168/4168/4168
f 4168/4168/4168 4165/4165/4165 4164/4164/4164
f 4165/4165/4165 4168/4168/4168 4169/4169/4169
f 4169/4169/4169 4166/4166/4166 4165/4165/4165
f 4171/4171/4171 4163/4163/4163 4162/4162/4162
f 4162/4162/4162 4170/4170/4170 4171/4171/4171
f 4173/4173/4173 4171/4171/4171 4170/4170/4170
f 4170/4170/4170 4172/4172/4172 4173/4173/4173
f 4164/4164/4164 4153/4153/4153 4157/4157/4157
f 4157/4157/4157 4174/4174/4174 4164/4164/4164
f 4174/4174/4174 4175/4175/4175 4167/4167/4167
f 4167/4167/4167 4164/4164/4164 4174/4174/4174
f 4177/4177/4177 4176/4176/4176 4175/4175/4175
f 4175/4175/4175 4174/4174/4174 4177/4177/4177
f 4171/4171/4171 4173/4173/4173 4176/4176/4176
f 4176/4176/4176 4177/4177/4177 4171/4171/4171
f 4178/4178/4178 4177/4177/4177 4174/4174/4174
f 4174/4174/4174 4157/4157/4157 4178/4178/4178
f 4163/4163/4163 4171/4171/4171 4177/4177/4177
f 4177/4177/4177 4178/4178/4178 4163/4163/4163
f 4179/4179/4179 4160/4160/4160 4163/4163/4163
f 4163/4163/4163 4178/4178/4178 4179/4179/4179
f 4178/4178/4178 4157/4157/4157 4155/4155/4155
f 4155/4155/4155 4179/4179/4179 4178/4178/4178
f 4179/4179/4179 4180/4180/4180 4181/4181/4181
f 4156/4156/4156 4180/4180/4180 4179/4179/4179
f 4179/4179/4179 4155/4155/4155 4156/4156/4156
f 4161/4161/4161 4160/4160/4160 4179/4179/4179
f 4179/4179/4179 4181/4181/4181 4161/4161/4161
f 4185/4185/4185 4182/4182/4182 4183/4183/4183
f 4183/4183/4183 4184/4184/4184 4185/4185/4185
f 4187/4187/4187 4186/4186/4186 4183/4183/4183
f 4183/4183/4183 4182/4182/4182 4187/4187/4187
f 4189/4189/4189 4188/4188/4188 4183/4183/4183
f 4183/4183/4183 4186/4186/4186 4189/4189/4189
f 4188/4188/4188 4190/4190/4190 4184/4184/4184
f 4184/4184/4184 4183/4183/4183 4188/4188/4188
f 4189/4189/4189 4191/4191/4191 4192/4192/4192
f 4192/4192/4192 4188/4188/4188 4189/4189/4189
f 4193/4193/4193 4190/4190/4190 4188/4188/4188
f 4188/4188/4188 4192/4192/4192 4193/4193/4193
f 4192/4192/4192 4194/4194/4194 4195/4195/4195
f 4195/4195/4195 4193/4193/4193 4192/4192/4192
f 4191/4191/4191 4196/4196/4196 4194/4194/4194
f 4194/4194/4194 4192/4192/4192 4191/4191/4191
f 4198/4198/4198 4197/4197/4197 4193/4193/4193
f 4193/4193/4193 4195/4195/4195 4198/4198/4198
f 4190/4190/4190 4193/4193/4193 4197/4197/4197
f 4197/4197/4197 4199/4199/4199 4190/4190/4190
f 4199/4199/4199 4200/4200/4200 4184/4184/4184
f 4184/4184/4184 4190/4190/4190 4199/4199/4199
f 4185/4185/4185 4184/4184/4184 4200/4200/4200
f 4200/4200/4200 4201/4201/4201 4185/4185/4185
f 4205/4205/4205 4202/4202/4202 4203/4203/4203
f 4203/4203/4203 4204/4204/4204 4205/4205/4205
f 4202/4202/4202 4206/4206/4206 4207/4207/4207
f 4207/4207/4207 4203/4203/4203 4202/4202/4202
f 4206/4206/4206 4208/4208/4208 4209/4209/4209
f 4209/4209/4209 4207/4207/4207 4206/4206/4206
f 4208/4208/4208 4210/4210/4210 4211/4211/4211
f 4211/4211/4211 4209/4209/4209 4208/4208/4208
f 4213/4213/4213 4212/4212/4212 4210/4210/4210
f 4210/4210/4210 4208/4208/4208 4213/4213/4213
f 4212/4212/4212 4213/4213/4213 4197/4197/4197
f 4197/4197/4197 4198/4198/4198 4212/4212/4212
f 4213/4213/4213 4214/4214/4214 4199/4199/4199
f 4199/4199/4199 4197/4197/4197 4213/4213/4213
f 4214/4214/4214 4213/4213/4213 4208/4208/4208
f 4208/4208/4208 4206/4206/4206 4214/4214/4214
f 4202/4202/4202 4215/4215/4215 4214/4214/4214
f 4214/4214/4214 4206/4206/4206 4202/4202/4202
f 4199/4199/4199 4214/4214/4214 4215/4215/4215
f 4215/4215/4215 4200/4200/4200 4199/4199/4199
f 4201/4201/4201 4200/4200/4200 4215/4215/4215
f 4215/4215/4215 4216/4216/4216 4201/4201/4201
f 4216/4216/4216 4215/4215/4215 4202/4202/4202
f 4202/4202/4202 4205/4205/4205 4216/4216/4216
f 4217/4217/4217 4218/4218/4218 4034/4034/4034
f 4217/4217/4217 4034/4034/4034 4145/4145/4145
f 4217/4217/4217 4145/4145/4145 4143/4143/4143
f 4143/4143/4143 4023/4023/4023 4219/4219/4219
f 4219/4219/4219 4217/4217/4217 4143/4143/4143
f 4151/4151/4151 4220/4220/4220 4221/4221/4221
f 4221/4221/4221 4149/4149/4149 4151/4151/4151
f 4161/4161/4161 4222/4222/4222 4223/4223/4223
f 4223/4223/4223 4158/4158/4158 4161/4161/4161
f 4161/4161/4161 4181/4181/4181 4224/4224/4224
f 4224/4224/4224 4222/4222/4222 4161/4161/4161
f 4180/4180/4180 4225/4225/4225 4181/4181/4181
f 4156/4156/4156 4226/4226/4226 4225/4225/4225
f 4225/4225/4225 4180/4180/4180 4156/4156/4156
f 4156/4156/4156 4146/4146/4146 4227/4227/4227
f 4227/4227/4227 4226/4226/4226 4156/4156/4156
f 4149/4149/4149 4221/4221/4221 4227/4227/4227
f 4227/4227/4227 4146/4146/4146 4149/4149/4149
f 4013/4013/4013 4228/4228/4228 4229/4229/4229
f 4229/4229/4229 4023/4023/4023 4013/4013/4013
f 4229/4229/4229 4219/4219/4219 4023/4023/4023
f 4218/4218/4218 4230/4230/4230 4034/4034/4034
f 4034/4034/4034 4230/4230/4230 4231/4231/4231
f 4231/4231/4231 4035/4035/4035 4034/4034/4034
f 4019/4019/4019 4232/4232/4232 4233/4233/4233
f 4233/4233/4233 4012/4012/4012 4019/4019/4019
f 4228/4228/4228 4013/4013/4013 4012/4012/4012
f 4012/4012/4012 4233/4233/4233 4228/4228/4228
f 3790/3790/3790 3796/3796/3796 3997/3997/3997
f 3997/3997/3997 3996/3996/3996 3790/3790/3790
f 3796/3796/3796 3813/3813/3813 3998/3998/3998
f 3998/3998/3998 3997/3997/3997 3796/3796/3796
f 3918/3918/3918 4000/4000/4000 3999/3999/3999
f 3999/3999/3999 3920/3920/3920 3918/3918/3918
f 3916/3916/3916 4001/4001/4001 4000/4000/4000
f 4000/4000/4000 3918/3918/3918 3916/3916/3916
f 4002/4002/4002 4001/4001/4001 3916/3916/3916
f 3800/3800/3800 4002/4002/4002 3916/3916/3916
f 3791/3791/3791 4003/4003/4003 4002/4002/4002
f 4002/4002/4002 3800/3800/3800 3791/3791/3791
f 3791/3791/3791 3790/3790/3790 3996/3996/3996
f 3996/3996/3996 4003/4003/4003 3791/3791/3791
f 4009/4009/4009 3958/3958/3958 3963/3963/3963
f 3963/3963/3963 4007/4007/4007 4009/4009/4009
f 4007/4007/4007 3963/3963/3963 3979/3979/3979
f 3979/3979/3979 4008/4008/4008 4007/4007/4007
f 4006/4006/4006 3992/3992/3992 3991/3991/3991
f 4006/4006/4006 3991/3991/3991 4234/4234/4234
f 4234/4234/4234 3993/3993/3993 4006/4006/4006
f 4234/4234/4234 3994/3994/3994 3993/3993/3993
f 3995/3995/3995 3994/3994/3994 4234/4234/4234
f 4234/4234/4234 3991/3991/3991 3977/3977/3977
f 4234/4234/4234 3977/3977/3977 4004/4004/4004
f 4004/4004/4004 3995/3995/3995 4234/4234/4234
f 4004/4004/4004 3977/3977/3977 3959/3959/3959
f 3959/3959/3959 4005/4005/4005 4004/4004/4004
f 3958/3958/3958 4009/4009/4009 4005/4005/4005
f 4005/4005/4005 3959/3959/3959 3958/3958/3958
f 4221/4221/4221 4014/4014/4014 4017/4017/4017
f 4017/4017/4017 4227/4227/4227 4221/4221/4221
f 4024/4024/4024 4226/4226/4226 4227/4227/4227
f 4227/4227/4227 4017/4017/4017 4024/4024/4024
f 4024/4024/4024 4142/4142/4142 4225/4225/4225
f 4024/4024/4024 4225/4225/4225 4226/4226/4226
f 4224/4224/4224 4142/4142/4142 4144/4144/4144
f 4222/4222/4222 4224/4224/4224 4144/4144/4144
f 4222/4222/4222 4144/4144/4144 4041/4041/4041
f 4222/4222/4222 4041/4041/4041 4040/4040/4040
f 4040/4040/4040 4223/4223/4223 4222/4222/4222
f 4220/4220/4220 4020/4020/4020 4014/4014/4014
f 4014/4014/4014 4221/4221/4221 4220/4220/4220
f 4185/4185/4185 4228/4228/4228 4233/4233/4233
f 4233/4233/4233 4182/4182/4182 4185/4185/4185
f 4185/4185/4185 4201/4201/4201 4229/4229/4229
f 4229/4229/4229 4228/4228/4228 4185/4185/4185
f 4201/4201/4201 4216/4216/4216 4235/4235/4235
f 4201/4201/4201 4235/4235/4235 4219/4219/4219
f 4219/4219/4219 4229/4229/4229 4201/4201/4201
f 4217/4217/4217 4219/4219/4219 4235/4235/4235
f 4235/4235/4235 4218/4218/4218 4217/4217/4217
f 4216/4216/4216 4205/4205/4205 4230/4230/4230
f 4216/4216/4216 4230/4230/4230 4218/4218/4218
f 4218/4218/4218 4235/4235/4235 4216/4216/4216
f 4205/4205/4205 4204/4204/4204 4231/4231/4231
f 4231/4231/4231 4230/4230/4230 4205/4205/4205
f 4187/4187/4187 4182/4182/4182 4233/4233/4233
f 4233/4233/4233 4232/4232/4232 4187/4187/4187
f 4239/4239/4239 4236/4236/4236 4237/4237/4237
f 4237/4237/4237 4238/4238/4238 4239/4239/4239
f 4243/4243/4243 4240/4240/4240 4241/4241/4241
f 4241/4241/4241 4242/4242/4242 4243/4243/4243
f 4247/4247/4247 4244/4244/4244 4245/4245/4245
f 4245/4245/4245 4246/4246/4246 4247/4247/4247
f 4251/4251/4251 4248/4248/4248 4249/4249/4249
f 4249/4249/4249 4250/4250/4250 4251/4251/4251
f 4255/4255/4255 4252/4252/4252 4253/4253/4253
f 4253/4253/4253 4254/4254/4254 4255/4255/4255
f 4259/4259/4259 4256/4256/4256 4257/4257/4257
f 4257/4257/4257 4258/4258/4258 4259/4259/4259
f 4263/4263/4263 4260/4260/4260 4261/4261/4261
f 4261/4261/4261 4262/4262/4262 4263/4263/4263
f 4267/4267/4267 4264/4264/4264 4265/4265/4265
f 4265/4265/4265 4266/4266/4266 4267/4267/4267
f 4271/4271/4271 4268/4268/4268 4269/4269/4269
f 4269/4269/4269 4270/4270/4270 4271/4271/4271
f 4273/4273/4273 4269/4269/4269 4268/4268/4268
f 4268/4268/4268 4272/4272/4272 4273/4273/4273
f 4270/4270/4270 4274/4274/4274 4275/4275/4275
f 4275/4275/4275 4271/4271/4271 4270/4270/4270
f 4272/4272/4272 4276/4276/4276 4277/4277/4277
f 4277/4277/4277 4273/4273/4273 4272/4272/4272
f 4279/4279/4279 4275/4275/4275 4274/4274/4274
f 4274/4274/4274 4278/4278/4278 4279/4279/4279
f 4276/4276/4276 4280/4280/4280 4281/4281/4281
f 4281/4281/4281 4277/4277/4277 4276/4276/4276
f 4285/4285/4285 4282/4282/4282 4283/4283/4283
f 4283/4283/4283 4284/4284/4284 4285/4285/4285
f 4287/4287/4287 4286/4286/4286 4281/4281/4281
f 4281/4281/4281 4280/4280/4280 4287/4287/4287
f 4289/4289/4289 4288/4288/4288 4282/4282/4282
f 4282/4282/4282 4285/4285/4285 4289/4289/4289
f 4291/4291/4291 4290/4290/4290 4286/4286/4286
f 4286/4286/4286 4287/4287/4287 4291/4291/4291
f 4293/4293/4293 4292/4292/4292 4288/4288/4288
f 4288/4288/4288 4289/4289/4289 4293/4293/4293
f 4295/4295/4295 4294/4294/4294 4290/4290/4290
f 4290/4290/4290 4291/4291/4291 4295/4295/4295
f 4297/4297/4297 4296/4296/4296 4292/4292/4292
f 4292/4292/4292 4293/4293/4293 4297/4297/4297
f 4299/4299/4299 4298/4298/4298 4294/4294/4294
f 4294/4294/4294 4295/4295/4295 4299/4299/4299
f 4301/4301/4301 4300/4300/4300 4296/4296/4296
f 4296/4296/4296 4297/4297/4297 4301/4301/4301
f 4303/4303/4303 4302/4302/4302 4298/4298/4298
f 4298/4298/4298 4299/4299/4299 4303/4303/4303
f 4305/4305/4305 4304/4304/4304 4300/4300/4300
f 4300/4300/4300 4301/4301/4301 4305/4305/4305
f 4307/4307/4307 4306/4306/4306 4302/4302/4302
f 4302/4302/4302 4303/4303/4303 4307/4307/4307
f 4309/4309/4309 4308/4308/4308 4304/4304/4304
f 4304/4304/4304 4305/4305/4305 4309/4309/4309
f 4311/4311/4311 4310/4310/4310 4306/4306/4306
f 4306/4306/4306 4307/4307/4307 4311/4311/4311
f 4313/4313/4313 4312/4312/4312 4308/4308/4308
f 4308/4308/4308 4309/4309/4309 4313/4313/4313
f 4312/4312/4312 4313/4313/4313 4310/4310/4310
f 4310/4310/4310 4311/4311/4311 4312/4312/4312
f 4317/4317/4317 4314/4314/4314 4315/4315/4315
f 4315/4315/4315 4316/4316/4316 4317/4317/4317
f 4319/4319/4319 4317/4317/4317 4316/4316/4316
f 4316/4316/4316 4318/4318/4318 4319/4319/4319
f 4321/4321/4321 4319/4319/4319 4318/4318/4318
f 4318/4318/4318 4320/4320/4320 4321/4321/4321
f 4314/4314/4314 4322/4322/4322 4323/4323/4323
f 4323/4323/4323 4315/4315/4315 4314/4314/4314
f 4325/4325/4325 4321/4321/4321 4320/4320/4320
f 4320/4320/4320 4324/4324/4324 4325/4325/4325
f 4322/4322/4322 4326/4326/4326 4327/4327/4327
f 4327/4327/4327 4323/4323/4323 4322/4322/4322
f 4329/4329/4329 4325/4325/4325 4324/4324/4324
f 4324/4324/4324 4328/4328/4328 4329/4329/4329
f 4326/4326/4326 4330/4330/4330 4331/4331/4331
f 4331/4331/4331 4327/4327/4327 4326/4326/4326
f 4333/4333/4333 4329/4329/4329 4328/4328/4328
f 4328/4328/4328 4332/4332/4332 4333/4333/4333
f 4330/4330/4330 4334/4334/4334 4335/4335/4335
f 4335/4335/4335 4331/4331/4331 4330/4330/4330
f 4337/4337/4337 4333/4333/4333 4332/4332/4332
f 4332/4332/4332 4336/4336/4336 4337/4337/4337
f 4334/4334/4334 4338/4338/4338 4339/4339/4339
f 4339/4339/4339 4335/4335/4335 4334/4334/4334
f 4341/4341/4341 4337/4337/4337 4336/4336/4336
f 4336/4336/4336 4340/4340/4340 4341/4341/4341
f 4338/4338/4338 4342/4342/4342 4343/4343/4343
f 4343/4343/4343 4339/4339/4339 4338/4338/4338
f 4345/4345/4345 4341/4341/4341 4340/4340/4340
f 4340/4340/4340 4344/4344/4344 4345/4345/4345
f 4342/4342/4342 4346/4346/4346 4347/4347/4347
f 4347/4347/4347 4343/4343/4343 4342/4342/4342
f 4351/4351/4351 4348/4348/4348 4349/4349/4349
f 4349/4349/4349 4350/4350/4350 4351/4351/4351
f 4346/4346/4346 4352/4352/4352 4353/4353/4353
f 4353/4353/4353 4347/4347/4347 4346/4346/4346
f 4355/4355/4355 4351/4351/4351 4350/4350/4350
f 4350/4350/4350 4354/4354/4354 4355/4355/4355
f 4352/4352/4352 4356/4356/4356 4357/4357/4357
f 4357/4357/4357 4353/4353/4353 4352/4352/4352
f 4359/4359/4359 4355/4355/4355 4354/4354/4354
f 4354/4354/4354 4358/4358/4358 4359/4359/4359
f 4356/4356/4356 4359/4359/4359 4358/4358/4358
f 4358/4358/4358 4357/4357/4357 4356/4356/4356
f 4361/4361/4361 4339/4339/4339 4343/4343/4343
f 4343/4343/4343 4360/4360/4360 4361/4361/4361
f 4336/4336/4336 4362/4362/4362 4363/4363/4363
f 4363/4363/4363 4340/4340/4340 4336/4336/4336
f 4347/4347/4347 4364/4364/4364 4360/4360/4360
f 4360/4360/4360 4343/4343/4343 4347/4347/4347
f 4365/4365/4365 4344/4344/4344 4340/4340/4340
f 4340/4340/4340 4363/4363/4363 4365/4365/4365
f 4335/4335/4335 4366/4366/4366 4367/4367/4367
f 4367/4367/4367 4331/4331/4331 4335/4335/4335
f 4369/4369/4369 4332/4332/4332 4328/4328/4328
f 4328/4328/4328 4368/4368/4368 4369/4369/4369
f 4339/4339/4339 4361/4361/4361 4366/4366/4366
f 4366/4366/4366 4335/4335/4335 4339/4339/4339
f 4362/4362/4362 4336/4336/4336 4332/4332/4332
f 4332/4332/4332 4369/4369/4369 4362/4362/4362
f 4331/4331/4331 4367/4367/4367 4370/4370/4370
f 4370/4370/4370 4327/4327/4327 4331/4331/4331
f 4368/4368/4368 4328/4328/4328 4324/4324/4324
f 4324/4324/4324 4371/4371/4371 4368/4368/4368
f 4370/4370/4370 4372/4372/4372 4323/4323/4323
f 4323/4323/4323 4327/4327/4327 4370/4370/4370
f 4373/4373/4373 4371/4371/4371 4324/4324/4324
f 4324/4324/4324 4320/4320/4320 4373/4373/4373
f 4372/4372/4372 4374/4374/4374 4315/4315/4315
f 4315/4315/4315 4323/4323/4323 4372/4372/4372
f 4375/4375/4375 4373/4373/4373 4320/4320/4320
f 4320/4320/4320 4318/4318/4318 4375/4375/4375
f 4374/4374/4374 4376/4376/4376 4316/4316/4316
f 4316/4316/4316 4315/4315/4315 4374/4374/4374
f 4376/4376/4376 4375/4375/4375 4318/4318/4318
f 4318/4318/4318 4316/4316/4316 4376/4376/4376
f 4380/4380/4380 4377/4377/4377 4378/4378/4378
f 4378/4378/4378 4379/4379/4379 4380/4380/4380
f 4382/4382/4382 4380/4380/4380 4379/4379/4379
f 4379/4379/4379 4381/4381/4381 4382/4382/4382
f 4377/4377/4377 4383/4383/4383 4384/4384/4384
f 4384/4384/4384 4378/4378/4378 4377/4377/4377
f 4386/4386/4386 4382/4382/4382 4381/4381/4381
f 4381/4381/4381 4385/4385/4385 4386/4386/4386
f 4383/4383/4383 4387/4387/4387 4388/4388/4388
f 4388/4388/4388 4384/4384/4384 4383/4383/4383
f 4390/4390/4390 4386/4386/4386 4385/4385/4385
f 4385/4385/4385 4389/4389/4389 4390/4390/4390
f 4387/4387/4387 4391/4391/4391 4392/4392/4392
f 4392/4392/4392 4388/4388/4388 4387/4387/4387
f 4394/4394/4394 4390/4390/4390 4389/4389/4389
f 4389/4389/4389 4393/4393/4393 4394/4394/4394
f 4391/4391/4391 4395/4395/4395 4396/4396/4396
f 4396/4396/4396 4392/4392/4392 4391/4391/4391
f 4398/4398/4398 4394/4394/4394 4393/4393/4393
f 4393/4393/4393 4397/4397/4397 4398/4398/4398
f 4395/4395/4395 4399/4399/4399 4400/4400/4400
f 4400/4400/4400 4396/4396/4396 4395/4395/4395
f 4402/4402/4402 4398/4398/4398 4397/4397/4397
f 4397/4397/4397 4401/4401/4401 4402/4402/4402
f 4399/4399/4399 4403/4403/4403 4404/4404/4404
f 4404/4404/4404 4400/4400/4400 4399/4399/4399
f 4406/4406/4406 4402/4402/4402 4401/4401/4401
f 4401/4401/4401 4405/4405/4405 4406/4406/4406
f 4403/4403/4403 4407/4407/4407 4408/4408/4408
f 4408/4408/4408 4404/4404/4404 4403/4403/4403
f 4410/4410/4410 4406/4406/4406 4405/4405/4405
f 4405/4405/4405 4409/4409/4409 4410/4410/4410
f 4412/4412/4412 4411/4411/4411 4408/4408/4408
f 4408/4408/4408 4407/4407/4407 4412/4412/4412
f 4416/4416/4416 4413/4413/4413 4414/4414/4414
f 4414/4414/4414 4415/4415/4415 4416/4416/4416
f 4347/4347/4347 4353/4353/4353 4417/4417/4417
f 4417/4417/4417 4364/4364/4364 4347/4347/4347
f 4350/4350/4350 4349/4349/4349 4418/4418/4418
f 4418/4418/4418 4419/4419/4419 4350/4350/4350
f 4421/4421/4421 4411/4411/4411 4412/4412/4412
f 4412/4412/4412 4420/4420/4420 4421/4421/4421
f 4415/4415/4415 4422/4422/4422 4423/4423/4423
f 4423/4423/4423 4416/4416/4416 4415/4415/4415
f 4424/4424/4424 4417/4417/4417 4353/4353/4353
f 4353/4353/4353 4357/4357/4357 4424/4424/4424
f 4419/4419/4419 4425/4425/4425 4354/4354/4354
f 4354/4354/4354 4350/4350/4350 4419/4419/4419
f 4427/4427/4427 4421/4421/4421 4420/4420/4420
f 4420/4420/4420 4426/4426/4426 4427/4427/4427
f 4422/4422/4422 4427/4427/4427 4426/4426/4426
f 4426/4426/4426 4423/4423/4423 4422/4422/4422
f 4428/4428/4428 4424/4424/4424 4357/4357/4357
f 4357/4357/4357 4358/4358/4358 4428/4428/4428
f 4425/4425/4425 4428/4428/4428 4358/4358/4358
f 4358/4358/4358 4354/4354/4354 4425/4425/4425
f 4376/4376/4376 4374/4374/4374 4377/4377/4377
f 4377/4377/4377 4380/4380/4380 4376/4376/4376
f 4375/4375/4375 4376/4376/4376 4380/4380/4380
f 4380/4380/4380 4382/4382/4382 4375/4375/4375
f 4373/4373/4373 4375/4375/4375 4382/4382/4382
f 4382/4382/4382 4386/4386/4386 4373/4373/4373
f 4371/4371/4371 4373/4373/4373 4386/4386/4386
f 4386/4386/4386 4390/4390/4390 4371/4371/4371
f 4368/4368/4368 4371/4371/4371 4390/4390/4390
f 4390/4390/4390 4394/4394/4394 4368/4368/4368
f 4369/4369/4369 4368/4368/4368 4394/4394/4394
f 4394/4394/4394 4398/4398/4398 4369/4369/4369
f 4362/4362/4362 4369/4369/4369 4398/4398/4398
f 4398/4398/4398 4402/4402/4402 4362/4362/4362
f 4363/4363/4363 4362/4362/4362 4402/4402/4402
f 4402/4402/4402 4406/4406/4406 4363/4363/4363
f 4365/4365/4365 4363/4363/4363 4406/4406/4406
f 4406/4406/4406 4410/4410/4410 4365/4365/4365
f 4419/4419/4419 4418/4418/4418 4413/4413/4413
f 4413/4413/4413 4416/4416/4416 4419/4419/4419
f 4416/4416/4416 4423/4423/4423 4425/4425/4425
f 4425/4425/4425 4419/4419/4419 4416/4416/4416
f 4423/4423/4423 4426/4426/4426 4428/4428/4428
f 4428/4428/4428 4425/4425/4425 4423/4423/4423
f 4426/4426/4426 4420/4420/4420 4424/4424/4424
f 4424/4424/4424 4428/4428/4428 4426/4426/4426
f 4420/4420/4420 4412/4412/4412 4417/4417/4417
f 4417/4417/4417 4424/4424/4424 4420/4420/4420
f 4412/4412/4412 4407/4407/4407 4364/4364/4364
f 4364/4364/4364 4417/4417/4417 4412/4412/4412
f 4360/4360/4360 4364/4364/4364 4407/4407/4407
f 4407/4407/4407 4403/4403/4403 4360/4360/4360
f 4361/4361/4361 4360/4360/4360 4403/4403/4403
f 4403/4403/4403 4399/4399/4399 4361/4361/4361
f 4366/4366/4366 4361/4361/4361 4399/4399/4399
f 4399/4399/4399 4395/4395/4395 4366/4366/4366
f 4367/4367/4367 4366/4366/4366 4395/4395/4395
f 4395/4395/4395 4391/4391/4391 4367/4367/4367
f 4370/4370/4370 4367/4367/4367 4391/4391/4391
f 4391/4391/4391 4387/4387/4387 4370/4370/4370
f 4372/4372/4372 4370/4370/4370 4387/4387/4387
f 4387/4387/4387 4383/4383/4383 4372/4372/4372
f 4374/4374/4374 4372/4372/4372 4383/4383/4383
f 4383/4383/4383 4377/4377/4377 4374/4374/4374
f 4432/4432/4432 4429/4429/4429 4430/4430/4430
f 4430/4430/4430 4431/4431/4431 4432/4432/4432
f 4429/4429/4429 4432/4432/4432 4433/4433/4433
f 4433/4433/4433 4434/4434/4434 4429/4429/4429
f 4436/4436/4436 4435/4435/4435 4431/4431/4431
f 4431/4431/4431 4430/4430/4430 4436/4436/4436
f 4438/4438/4438 4437/4437/4437 4434/4434/4434
f 4434/4434/4434 4433/4433/4433 4438/4438/4438
f 4435/4435/4435 4436/4436/4436 4439/4439/4439
f 4439/4439/4439 4440/4440/4440 4435/4435/4435
f 4442/4442/4442 4441/4441/4441 4437/4437/4437
f 4437/4437/4437 4438/4438/4438 4442/4442/4442
f 4446/4446/4446 4443/4443/4443 4444/4444/4444
f 4444/4444/4444 4445/4445/4445 4446/4446/4446
f 4442/4442/4442 4447/4447/4447 4448/4448/4448
f 4448/4448/4448 4441/4441/4441 4442/4442/4442
f 4443/4443/4443 4449/4449/4449 4450/4450/4450
f 4450/4450/4450 4444/4444/4444 4443/4443/4443
f 4447/4447/4447 4451/4451/4451 4452/4452/4452
f 4452/4452/4452 4448/4448/4448 4447/4447/4447
f 4449/4449/4449 4453/4453/4453 4454/4454/4454
f 4454/4454/4454 4450/4450/4450 4449/4449/4449
f 4451/4451/4451 4455/4455/4455 4456/4456/4456
f 4456/4456/4456 4452/4452/4452 4451/4451/4451
f 4453/4453/4453 4457/4457/4457 4458/4458/4458
f 4458/4458/4458 4454/4454/4454 4453/4453/4453
f 4455/4455/4455 4459/4459/4459 4460/4460/4460
f 4460/4460/4460 4456/4456/4456 4455/4455/4455
f 4457/4457/4457 4461/4461/4461 4462/4462/4462
f 4462/4462/4462 4458/4458/4458 4457/4457/4457
f 4459/4459/4459 4463/4463/4463 4464/4464/4464
f 4464/4464/4464 4460/4460/4460 4459/4459/4459
f 4461/4461/4461 4465/4465/4465 4466/4466/4466
f 4466/4466/4466 4462/4462/4462 4461/4461/4461
f 4463/4463/4463 4467/4467/4467 4468/4468/4468
f 4468/4468/4468 4464/4464/4464 4463/4463/4463
f 4465/4465/4465 4469/4469/4469 4470/4470/4470
f 4470/4470/4470 4466/4466/4466 4465/4465/4465
f 4467/4467/4467 4471/4471/4471 4472/4472/4472
f 4472/4472/4472 4468/4468/4468 4467/4467/4467
f 4469/4469/4469 4473/4473/4473 4474/4474/4474
f 4474/4474/4474 4470/4470/4470 4469/4469/4469
f 4471/4471/4471 4474/4474/4474 4473/4473/4473
f 4473/4473/4473 4472/4472/4472 4471/4471/4471
f 4478/4478/4478 4475/4475/4475 4476/4476/4476
f 4476/4476/4476 4477/4477/4477 4478/4478/4478
f 4477/4477/4477 4476/4476/4476 4479/4479/4479
f 4479/4479/4479 4480/4480/4480 4477/4477/4477
f 4480/4480/4480 4479/4479/4479 4481/4481/4481
f 4481/4481/4481 4482/4482/4482 4480/4480/4480
f 4484/4484/4484 4483/4483/4483 4475/4475/4475
f 4475/4475/4475 4478/4478/4478 4484/4484/4484
f 4482/4482/4482 4481/4481/4481 4485/4485/4485
f 4485/4485/4485 4486/4486/4486 4482/4482/4482
f 4488/4488/4488 4487/4487/4487 4483/4483/4483
f 4483/4483/4483 4484/4484/4484 4488/4488/4488
f 4486/4486/4486 4485/4485/4485 4489/4489/4489
f 4489/4489/4489 4490/4490/4490 4486/4486/4486
f 4494/4494/4494 4491/4491/4491 4492/4492/4492
f 4492/4492/4492 4493/4493/4493 4494/4494/4494
f 4490/4490/4490 4489/4489/4489 4495/4495/4495
f 4495/4495/4495 4496/4496/4496 4490/4490/4490
f 4498/4498/4498 4497/4497/4497 4491/4491/4491
f 4491/4491/4491 4494/4494/4494 4498/4498/4498
f 4496/4496/4496 4495/4495/4495 4499/4499/4499
f 4499/4499/4499 4500/4500/4500 4496/4496/4496
f 4502/4502/4502 4501/4501/4501 4497/4497/4497
f 4497/4497/4497 4498/4498/4498 4502/4502/4502
f 4500/4500/4500 4499/4499/4499 4503/4503/4503
f 4503/4503/4503 4504/4504/4504 4500/4500/4500
f 4506/4506/4506 4505/4505/4505 4501/4501/4501
f 4501/4501/4501 4502/4502/4502 4506/4506/4506
f 4504/4504/4504 4503/4503/4503 4507/4507/4507
f 4507/4507/4507 4508/4508/4508 4504/4504/4504
f 4510/4510/4510 4509/4509/4509 4505/4505/4505
f 4505/4505/4505 4506/4506/4506 4510/4510/4510
f 4508/4508/4508 4507/4507/4507 4511/4511/4511
f 4511/4511/4511 4512/4512/4512 4508/4508/4508
f 4514/4514/4514 4513/4513/4513 4509/4509/4509
f 4509/4509/4509 4510/4510/4510 4514/4514/4514
f 4512/4512/4512 4511/4511/4511 4515/4515/4515
f 4515/4515/4515 4516/4516/4516 4512/4512/4512
f 4518/4518/4518 4517/4517/4517 4513/4513/4513
f 4513/4513/4513 4514/4514/4514 4518/4518/4518
f 4516/4516/4516 4515/4515/4515 4519/4519/4519
f 4519/4519/4519 4520/4520/4520 4516/4516/4516
f 4520/4520/4520 4519/4519/4519 4517/4517/4517
f 4517/4517/4517 4518/4518/4518 4520/4520/4520
f 4506/4506/4506 4502/4502/4502 4521/4521/4521
f 4521/4521/4521 4522/4522/4522 4506/4506/4506
f 4524/4524/4524 4523/4523/4523 4500/4500/4500
f 4500/4500/4500 4504/4504/4504 4524/4524/4524
f 4522/4522/4522 4525/4525/4525 4510/4510/4510
f 4510/4510/4510 4506/4506/4506 4522/4522/4522
f 4504/4504/4504 4508/4508/4508 4526/4526/4526
f 4526/4526/4526 4524/4524/4524 4504/4504/4504
f 4528/4528/4528 4527/4527/4527 4498/4498/4498
f 4498/4498/4498 4494/4494/4494 4528/4528/4528
f 4490/4490/4490 4496/4496/4496 4529/4529/4529
f 4529/4529/4529 4530/4530/4530 4490/4490/4490
f 4527/4527/4527 4521/4521/4521 4502/4502/4502
f 4502/4502/4502 4498/4498/4498 4527/4527/4527
f 4496/4496/4496 4500/4500/4500 4523/4523/4523
f 4523/4523/4523 4529/4529/4529 4496/4496/4496
f 4531/4531/4531 4528/4528/4528 4494/4494/4494
f 4494/4494/4494 4493/4493/4493 4531/4531/4531
f 4486/4486/4486 4490/4490/4490 4530/4530/4530
f 4530/4530/4530 4532/4532/4532 4486/4486/4486
f 4484/4484/4484 4533/4533/4533 4534/4534/4534
f 4534/4534/4534 4488/4488/4488 4484/4484/4484
f 4486/4486/4486 4532/4532/4532 4535/4535/4535
f 4535/4535/4535 4482/4482/4482 4486/4486/4486
f 4478/4478/4478 4536/4536/4536 4533/4533/4533
f 4533/4533/4533 4484/4484/4484 4478/4478/4478
f 4482/4482/4482 4535/4535/4535 4537/4537/4537
f 4537/4537/4537 4480/4480/4480 4482/4482/4482
f 4477/4477/4477 4538/4538/4538 4536/4536/4536
f 4536/4536/4536 4478/4478/4478 4477/4477/4477
f 4480/4480/4480 4537/4537/4537 4538/4538/4538
f 4538/4538/4538 4477/4477/4477 4480/4480/4480
f 4542/4542/4542 4539/4539/4539 4540/4540/4540
f 4540/4540/4540 4541/4541/4541 4542/4542/4542
f 4541/4541/4541 4540/4540/4540 4543/4543/4543
f 4543/4543/4543 4544/4544/4544 4541/4541/4541
f 4546/4546/4546 4545/4545/4545 4539/4539/4539
f 4539/4539/4539 4542/4542/4542 4546/4546/4546
f 4544/4544/4544 4543/4543/4543 4547/4547/4547
f 4547/4547/4547 4548/4548/4548 4544/4544/4544
f 4550/4550/4550 4549/4549/4549 4545/4545/4545
f 4545/4545/4545 4546/4546/4546 4550/4550/4550
f 4548/4548/4548 4547/4547/4547 4551/4551/4551
f 4551/4551/4551 4552/4552/4552 4548/4548/4548
f 4556/4556/4556 4553/4553/4553 4554/4554/4554
f 4554/4554/4554 4555/4555/4555 4556/4556/4556
f 4552/4552/4552 4551/4551/4551 4557/4557/4557
f 4557/4557/4557 4558/4558/4558 4552/4552/4552
f 4560/4560/4560 4559/4559/4559 4553/4553/4553
f 4553/4553/4553 4556/4556/4556 4560/4560/4560
f 4558/4558/4558 4557/4557/4557 4561/4561/4561
f 4561/4561/4561 4562/4562/4562 4558/4558/4558
f 4564/4564/4564 4563/4563/4563 4559/4559/4559
f 4559/4559/4559 4560/4560/4560 4564/4564/4564
f 4562/4562/4562 4561/4561/4561 4565/4565/4565
f 4565/4565/4565 4566/4566/4566 4562/4562/4562
f 4568/4568/4568 4567/4567/4567 4563/4563/4563
f 4563/4563/4563 4564/4564/4564 4568/4568/4568
f 4566/4566/4566 4565/4565/4565 4569/4569/4569
f 4569/4569/4569 4570/4570/4570 4566/4566/4566
f 4572/4572/4572 4571/4571/4571 4567/4567/4567
f 4567/4567/4567 4568/4568/4568 4572/4572/4572
f 4570/4570/4570 4569/4569/4569 4573/4573/4573
f 4573/4573/4573 4574/4574/4574 4570/4570/4570
f 4572/4572/4572 4575/4575/4575 4576/4576/4576
f 4576/4576/4576 4571/4571/4571 4572/4572/4572
f 4574/4574/4574 4573/4573/4573 4577/4577/4577
f 4577/4577/4577 4578/4578/4578 4574/4574/4574
f 4579/4579/4579 4514/4514/4514 4510/4510/4510
f 4510/4510/4510 4525/4525/4525 4579/4579/4579
f 4526/4526/4526 4508/4508/4508 4512/4512/4512
f 4512/4512/4512 4580/4580/4580 4526/4526/4526
f 4576/4576/4576 4575/4575/4575 4581/4581/4581
f 4581/4581/4581 4582/4582/4582 4576/4576/4576
f 4584/4584/4584 4583/4583/4583 4578/4578/4578
f 4578/4578/4578 4577/4577/4577 4584/4584/4584
f 4514/4514/4514 4579/4579/4579 4585/4585/4585
f 4585/4585/4585 4518/4518/4518 4514/4514/4514
f 4516/4516/4516 4586/4586/4586 4580/4580/4580
f 4580/4580/4580 4512/4512/4512 4516/4516/4516
f 4582/4582/4582 4581/4581/4581 4587/4587/4587
f 4587/4587/4587 4588/4588/4588 4582/4582/4582
f 4588/4588/4588 4587/4587/4587 4583/4583/4583
f 4583/4583/4583 4584/4584/4584 4588/4588/4588
f 4518/4518/4518 4585/4585/4585 4589/4589/4589
f 4589/4589/4589 4520/4520/4520 4518/4518/4518
f 4520/4520/4520 4589/4589/4589 4586/4586/4586
f 4586/4586/4586 4516/4516/4516 4520/4520/4520
f 4539/4539/4539 4536/4536/4536 4538/4538/4538
f 4538/4538/4538 4540/4540/4540 4539/4539/4539
f 4540/4540/4540 4538/4538/4538 4537/4537/4537
f 4537/4537/4537 4543/4543/4543 4540/4540/4540
f 4543/4543/4543 4537/4537/4537 4535/4535/4535
f 4535/4535/4535 4547/4547/4547 4543/4543/4543
f 4547/4547/4547 4535/4535/4535 4532/4532/4532
f 4532/4532/4532 4551/4551/4551 4547/4547/4547
f 4551/4551/4551 4532/4532/4532 4530/4530/4530
f 4530/4530/4530 4557/4557/4557 4551/4551/4551
f 4557/4557/4557 4530/4530/4530 4529/4529/4529
f 4529/4529/4529 4561/4561/4561 4557/4557/4557
f 4561/4561/4561 4529/4529/4529 4523/4523/4523
f 4523/4523/4523 4565/4565/4565 4561/4561/4561
f 4565/4565/4565 4523/4523/4523 4524/4524/4524
f 4524/4524/4524 4569/4569/4569 4565/4565/4565
f 4569/4569/4569 4524/4524/4524 4526/4526/4526
f 4526/4526/4526 4573/4573/4573 4569/4569/4569
f 4573/4573/4573 4526/4526/4526 4580/4580/4580
f 4580/4580/4580 4577/4577/4577 4573/4573/4573
f 4586/4586/4586 4584/4584/4584 4577/4577/4577
f 4577/4577/4577 4580/4580/4580 4586/4586/4586
f 4589/4589/4589 4588/4588/4588 4584/4584/4584
f 4584/4584/4584 4586/4586/4586 4589/4589/4589
f 4585/4585/4585 4582/4582/4582 4588/4588/4588
f 4588/4588/4588 4589/4589/4589 4585/4585/4585
f 4579/4579/4579 4576/4576/4576 4582/4582/4582
f 4582/4582/4582 4585/4585/4585 4579/4579/4579
f 4525/4525/4525 4571/4571/4571 4576/4576/4576
f 4576/4576/4576 4579/4579/4579 4525/4525/4525
f 4571/4571/4571 4525/4525/4525 4522/4522/4522
f 4522/4522/4522 4567/4567/4567 4571/4571/4571
f 4567/4567/4567 4522/4522/4522 4521/4521/4521
f 4521/4521/4521 4563/4563/4563 4567/4567/4567
f 4563/4563/4563 4521/4521/4521 4527/4527/4527
f 4527/4527/4527 4559/4559/4559 4563/4563/4563
f 4559/4559/4559 4527/4527/4527 4528/4528/4528
f 4528/4528/4528 4553/4553/4553 4559/4559/4559
f 4553/4553/4553 4528/4528/4528 4531/4531/4531
f 4531/4531/4531 4554/4554/4554 4553/4553/4553
f 4549/4549/4549 4534/4534/4534 4533/4533/4533
f 4533/4533/4533 4545/4545/4545 4549/4549/4549
f 4545/4545/4545 4533/4533/4533 4536/4536/4536
f 4536/4536/4536 4539/4539/4539 4545/4545/4545
