# Blender 5.2.2 LTS
# www.blender.org
mtllib SmokeDetector.mtl
o Apollo_Smoke_Detector_Body_0
v 0.001947 -0.018598 0.049928
v 0.005187 -0.025903 0.048845
v 0.006077 -0.030096 0.046888
v 0.010507 -0.026616 0.047670
v 0.010221 -0.020117 0.048850
v 0.015918 -0.027274 0.045891
v 0.018240 -0.018713 0.046533
v 0.016548 -0.023658 0.046618
v 0.009702 -0.029940 0.046368
v 0.023123 -0.025133 0.043390
v 0.024231 -0.019841 0.043624
v 0.028033 -0.020409 0.041234
v 0.026438 -0.028668 0.040152
v 0.032409 -0.020596 0.037893
v 0.029289 -0.026177 0.039290
v 0.032990 -0.028218 0.035371
v 0.035252 -0.023976 0.034694
v 0.036903 -0.017273 0.033745
v 0.038150 -0.025392 0.031055
v 0.037280 -0.028538 0.030528
v 0.040909 -0.020737 0.028518
v 0.040885 -0.027269 0.026344
v 0.043261 -0.026343 0.022795
v 0.043815 -0.019847 0.023857
v 0.045724 -0.023650 0.018798
v 0.046273 -0.026833 0.015202
v 0.046377 -0.017462 0.018713
v 0.047821 -0.023176 0.013039
v 0.048871 -0.018713 0.010401
v 0.049019 -0.023321 0.007196
v 0.047570 -0.028112 0.008821
v 0.049829 -0.020425 0.002510
v 0.049060 -0.025422 0.003295
v 0.047901 -0.029017 0.002819
v 0.048273 -0.028294 -0.002218
v 0.049669 -0.022567 -0.002426
v 0.048520 -0.026424 -0.006395
v 0.049397 -0.019582 -0.007306
v 0.047922 -0.023985 -0.012085
v 0.047222 -0.027195 -0.011756
v 0.047783 -0.019485 -0.014570
v 0.045105 -0.027944 -0.017187
v 0.045284 -0.024519 -0.019558
v 0.045453 -0.018391 -0.020788
v 0.045164 -0.029702 -0.014233
v 0.041985 -0.028729 -0.023371
v 0.042687 -0.023337 -0.025171
v 0.041487 -0.018815 -0.027914
v 0.038872 -0.028004 -0.028952
v 0.039751 -0.029127 -0.026692
v 0.038091 -0.024942 -0.031351
v 0.036672 -0.019642 -0.033941
v 0.034313 -0.028491 -0.033926
v 0.032786 -0.025074 -0.036790
v 0.031374 -0.019065 -0.038903
v 0.030307 -0.027719 -0.037971
v 0.027681 -0.023755 -0.041065
v 0.026367 -0.019491 -0.042449
v 0.023852 -0.027870 -0.042184
v 0.022268 -0.018480 -0.044757
v 0.019804 -0.023018 -0.045473
v 0.015077 -0.029756 -0.044862
v 0.016553 -0.026498 -0.045974
v 0.016144 -0.016778 -0.047396
v 0.011510 -0.023273 -0.048260
v 0.010729 -0.028371 -0.047057
v 0.007314 -0.018357 -0.049512
v 0.003811 -0.027327 -0.048600
v 0.003095 -0.029268 -0.047797
v -0.000507 -0.018443 -0.050000
v 0.004287 -0.023911 -0.049332
v -0.003478 -0.027866 -0.048401
v -0.002307 -0.023716 -0.049464
v -0.008468 -0.027272 -0.047966
v -0.006279 -0.019643 -0.049567
v -0.009229 -0.024331 -0.048587
v -0.012923 -0.017698 -0.048397
v -0.009830 -0.029575 -0.046607
v -0.015889 -0.027192 -0.046010
v -0.017425 -0.023611 -0.046352
v -0.019799 -0.029643 -0.043141
v -0.021525 -0.020525 -0.045023
v -0.024926 -0.026990 -0.041943
v -0.025846 -0.017390 -0.042841
v -0.031637 -0.018423 -0.038719
v -0.032286 -0.027730 -0.036339
v -0.028551 -0.023986 -0.040465
v -0.027363 -0.029860 -0.038778
v -0.033520 -0.024352 -0.036377
v -0.035402 -0.019263 -0.035287
v -0.038479 -0.023262 -0.031280
v -0.039807 -0.018254 -0.030317
v -0.038667 -0.027165 -0.029798
v -0.043741 -0.026263 -0.022016
v -0.039888 -0.029440 -0.026205
v -0.042311 -0.023172 -0.025908
v -0.043975 -0.018083 -0.023815
v -0.046673 -0.019676 -0.017888
v -0.047621 -0.024247 -0.013369
v -0.045953 -0.028521 -0.014247
v -0.047547 -0.028868 -0.007279
v -0.049095 -0.024628 -0.005508
v -0.049010 -0.017918 -0.009944
v -0.049771 -0.019183 -0.004242
v -0.048374 -0.027859 -0.003691
v -0.049471 -0.024009 0.002521
v -0.048441 -0.028047 0.001732
v -0.049970 -0.018618 0.001574
v -0.049188 -0.019413 0.008813
v -0.047681 -0.028542 0.007254
v -0.048028 -0.025273 0.010930
v -0.045299 -0.028403 0.016333
v -0.045824 -0.022663 0.019041
v -0.046174 -0.026400 0.015978
v -0.047063 -0.018151 0.016914
v -0.044141 -0.018724 0.023412
v -0.042681 -0.025984 0.024164
v -0.040847 -0.022827 0.028186
v -0.040736 -0.028784 0.025413
v -0.039494 -0.018300 0.030694
v -0.037982 -0.027334 0.030475
v -0.036054 -0.029006 0.031667
v -0.036720 -0.024579 0.032988
v -0.035142 -0.019974 0.035425
v -0.031497 -0.021001 0.038681
v -0.028935 -0.029342 0.038074
v -0.031519 -0.026840 0.037334
v -0.025728 -0.026348 0.041576
v -0.026463 -0.021540 0.042196
v -0.020957 -0.026054 0.044226
v -0.021659 -0.017483 0.045033
v -0.017265 -0.020965 0.046749
v -0.011757 -0.025056 0.047844
v -0.015405 -0.027257 0.046072
v -0.011659 -0.017378 0.048615
v -0.006205 -0.020570 0.049489
v -0.008212 -0.028666 0.047424
v -0.004243 -0.026139 0.048861
v -0.000980 -0.023641 0.049508
v -0.001668 -0.028966 0.047966
v 0.012486 -0.009606 0.048282
v 0.045478 -0.009852 -0.020749
v -0.032678 -0.009830 -0.037798
v 0.048145 -0.009829 0.013198
v 0.049506 -0.009857 0.006603
v 0.013440 -0.009866 -0.048164
v 0.004501 -0.009816 -0.049856
v -0.049711 -0.009839 0.004513
v -0.049922 -0.009876 -0.001068
v -0.048703 -0.009241 0.010817
v 0.022583 -0.009180 0.044474
v 0.037511 -0.009636 -0.032932
v -0.038398 -0.009637 -0.031945
v -0.021498 -0.009266 0.045022
v 0.032493 -0.009757 -0.037960
v -0.041944 -0.009439 -0.027052
v -0.045679 -0.009846 -0.020364
v -0.013470 -0.009825 0.048079
v -0.043667 -0.009854 0.024303
v 0.041932 -0.009840 0.027191
v 0.036575 -0.009769 0.033993
v 0.021431 -0.009822 -0.045127
v 0.006252 -0.009659 0.049466
v 0.000811 -0.009758 0.049900
v -0.048412 -0.009166 -0.012210
v -0.004655 -0.009284 0.049679
v 0.047686 -0.009777 -0.014707
v 0.049131 -0.009318 -0.008814
v -0.020250 -0.009821 -0.045679
v -0.038259 -0.009895 0.032276
v 0.006850 -0.033023 0.038383
v 0.008790 -0.032869 0.041036
v 0.003100 -0.031972 0.044878
v -0.000700 -0.030800 0.046641
v 0.009009 -0.034162 0.036095
v 0.008765 -0.033434 0.037809
v 0.011808 -0.033918 0.037221
v 0.012762 -0.032608 0.041226
v 0.011195 -0.031538 0.044145
v 0.007030 -0.033093 0.035395
v 0.016625 -0.034544 0.033547
v 0.018076 -0.034529 0.032311
v 0.020023 -0.033571 0.032148
v 0.020051 -0.033078 0.030002
v 0.019897 -0.033562 0.034042
v 0.021370 -0.032946 0.030452
v 0.022899 -0.032907 0.034552
v 0.021340 -0.032083 0.039019
v 0.028988 -0.032512 0.032705
v 0.029016 -0.031291 0.035785
v 0.031316 -0.029802 0.035755
v 0.030038 -0.033037 0.020058
v 0.034174 -0.031948 0.029255
v 0.036083 -0.030660 0.029745
v 0.040073 -0.029526 0.025708
v 0.030978 -0.034189 0.019210
v 0.032686 -0.033011 0.021646
v 0.033762 -0.033945 0.018996
v 0.031930 -0.035072 0.017337
v 0.035126 -0.033056 0.021543
v 0.038641 -0.032261 0.021155
v 0.041797 -0.032450 0.012397
v 0.036610 -0.034166 0.010639
v 0.036844 -0.033742 0.008890
v 0.036213 -0.033147 0.007221
v 0.039548 -0.033044 0.008414
v 0.043504 -0.032534 0.001485
v 0.045378 -0.031730 0.002564
v 0.044362 -0.031292 0.011549
v 0.035150 -0.033406 0.007130
v 0.046310 -0.030610 0.007045
v 0.046879 -0.030477 -0.001331
v 0.039801 -0.032958 -0.007149
v 0.045277 -0.031733 -0.004020
v 0.045187 -0.031027 -0.010186
v 0.047050 -0.029654 -0.007042
v 0.036004 -0.033095 -0.007151
v 0.037091 -0.034014 -0.010479
v 0.035300 -0.034734 -0.009399
v 0.039075 -0.033246 -0.009357
v 0.041790 -0.032456 -0.012403
v 0.035555 -0.033943 -0.007994
v 0.034445 -0.034113 -0.017386
v 0.032176 -0.034361 -0.018709
v 0.030623 -0.033096 -0.020514
v 0.033555 -0.033612 -0.019847
v 0.032464 -0.033172 -0.021290
v 0.036939 -0.032632 -0.022196
v 0.035204 -0.031455 -0.029556
v 0.039296 -0.031570 -0.022829
v 0.030840 -0.032719 -0.029680
v 0.029478 -0.032013 -0.033887
v 0.034091 -0.029870 -0.033068
v 0.020076 -0.033016 -0.030086
v 0.021228 -0.033105 -0.031695
v 0.022565 -0.032812 -0.035568
v 0.027646 -0.031014 -0.037274
v 0.027335 -0.029419 -0.039131
v 0.018951 -0.034385 -0.031043
v 0.019300 -0.033838 -0.033990
v 0.017419 -0.034778 -0.032583
v 0.021681 -0.032192 -0.038632
v 0.010417 -0.035104 -0.034836
v 0.008550 -0.034221 -0.035675
v 0.007270 -0.033163 -0.036354
v 0.010283 -0.034020 -0.037131
v 0.006915 -0.033025 -0.038220
v 0.009984 -0.033091 -0.039889
v 0.012035 -0.031965 -0.043203
v 0.010082 -0.030427 -0.045818
v 0.007074 -0.033370 -0.035159
v -0.003959 -0.032599 -0.043128
v 0.002689 -0.032384 -0.043925
v 0.004931 -0.031115 -0.046021
v -0.001416 -0.031648 -0.045559
v -0.002308 -0.030194 -0.047192
v -0.008267 -0.033170 -0.038285
v -0.009907 -0.032990 -0.040220
v -0.006779 -0.031288 -0.045548
v -0.008928 -0.034084 -0.036232
v -0.009502 -0.034810 -0.035257
v -0.012055 -0.031901 -0.043378
v -0.019342 -0.034049 -0.031470
v -0.020084 -0.033065 -0.030065
v -0.018659 -0.033942 -0.034138
v -0.021764 -0.033079 -0.033900
v -0.021912 -0.032362 -0.038075
v -0.027995 -0.031280 -0.036669
v -0.029178 -0.032656 -0.032054
v -0.032199 -0.030069 -0.034740
v -0.035557 -0.029523 -0.031799
v -0.030038 -0.033095 -0.020088
v -0.032348 -0.033085 -0.021808
v -0.034973 -0.031635 -0.029465
v -0.038680 -0.031012 -0.025515
v -0.032057 -0.033859 -0.019594
v -0.034629 -0.033270 -0.020658
v -0.033100 -0.034448 -0.017908
v -0.038884 -0.032061 -0.021887
v -0.036341 -0.034273 -0.010945
v -0.035270 -0.034760 -0.009262
v -0.037105 -0.033650 -0.008961
v -0.035217 -0.033493 -0.007174
v -0.039791 -0.032989 -0.007980
v -0.041733 -0.032619 -0.011321
v -0.045277 -0.031454 -0.007146
v -0.044873 -0.030910 -0.011709
v -0.036339 -0.033093 -0.007186
v -0.042914 -0.032701 -0.001634
v -0.045167 -0.031938 0.001075
v -0.047089 -0.030312 -0.001907
v -0.037251 -0.033157 0.007346
v -0.040168 -0.033005 0.009686
v -0.045625 -0.031388 0.005475
v -0.044956 -0.030347 0.013268
v -0.046765 -0.030180 0.006270
v -0.035538 -0.032987 0.007050
v -0.036091 -0.034114 0.008838
v -0.034991 -0.035025 0.010307
v -0.036823 -0.034091 0.011654
v -0.043003 -0.032007 0.012405
v -0.032168 -0.033555 0.020145
v -0.030717 -0.033126 0.020439
v -0.034025 -0.034064 0.018249
v -0.034486 -0.032964 0.022593
v -0.038978 -0.032148 0.021192
v -0.034061 -0.032040 0.029192
v -0.029294 -0.032566 0.032126
v -0.037273 -0.030769 0.028154
v -0.032238 -0.030967 0.033454
v -0.020096 -0.033028 0.030034
v -0.021750 -0.033089 0.032936
v -0.027842 -0.031191 0.036867
v -0.019544 -0.033870 0.032082
v -0.020467 -0.033275 0.034698
v -0.017998 -0.034402 0.033075
v -0.022281 -0.031927 0.039002
v -0.018376 -0.034833 0.031215
v -0.023751 -0.029425 0.041259
v -0.012143 -0.034427 0.035746
v -0.009245 -0.033920 0.036718
v -0.007489 -0.033337 0.035895
v -0.009428 -0.032858 0.040859
v -0.011662 -0.031825 0.043512
v -0.006731 -0.033001 0.038685
v -0.003570 -0.032298 0.044033
v 0.005551 -0.033395 0.031821
v 0.002329 -0.034544 0.031603
v -0.001921 -0.033712 0.032672
v 0.003187 -0.033469 0.033044
v 0.006571 -0.032994 0.033069
v 0.002947 -0.033024 0.035125
v 0.006259 -0.033004 0.031448
v 0.017878 -0.032984 0.026754
v 0.019084 -0.033427 0.026301
v 0.024414 -0.033578 0.022139
v 0.021357 -0.033485 0.025225
v 0.024576 -0.034498 0.019933
v 0.026113 -0.033804 0.017806
v 0.026145 -0.033400 0.020139
v 0.027288 -0.033028 0.022471
v 0.026684 -0.033009 0.017798
v 0.031728 -0.034296 0.003372
v 0.032305 -0.033949 -0.002369
v 0.032768 -0.033616 0.002459
v 0.032699 -0.033200 0.005330
v 0.031549 -0.032988 0.006258
v 0.033653 -0.033279 -0.003552
v 0.034991 -0.033054 0.002063
v 0.031888 -0.033581 -0.005213
v 0.031479 -0.033047 -0.006306
v 0.035503 -0.032921 -0.007085
v 0.026855 -0.032983 -0.017976
v 0.025674 -0.034164 -0.018766
v 0.023004 -0.034641 -0.021808
v 0.025802 -0.033639 -0.020008
v 0.024966 -0.033477 -0.021917
v 0.027321 -0.033126 -0.019162
v 0.017812 -0.032982 -0.026712
v 0.020895 -0.033790 -0.025031
v 0.018805 -0.033363 -0.026578
v 0.018678 -0.032987 -0.028000
v 0.021122 -0.033162 -0.026797
v 0.001318 -0.034343 -0.031955
v 0.004098 -0.033834 -0.032057
v 0.005405 -0.033204 -0.032696
v 0.006266 -0.032987 -0.031583
v -0.001536 -0.033546 -0.033098
v 0.001298 -0.033133 -0.034818
v -0.004193 -0.034353 -0.031494
v -0.006268 -0.032983 -0.031488
v -0.005180 -0.033212 -0.032869
v -0.020798 -0.034700 -0.023744
v -0.024113 -0.034612 -0.020598
v -0.018863 -0.033991 -0.025653
v -0.025089 -0.033731 -0.021072
v -0.021617 -0.033485 -0.025305
v -0.019937 -0.033195 -0.027042
v -0.020545 -0.033002 -0.028728
v -0.017628 -0.032978 -0.026391
v -0.026395 -0.033464 -0.018317
v -0.026965 -0.033075 -0.021532
v -0.026758 -0.032979 -0.017894
v -0.032268 -0.033379 -0.005059
v -0.031456 -0.034848 -0.002291
v -0.032691 -0.033689 -0.002374
v -0.034805 -0.033071 -0.001460
v -0.031788 -0.034228 0.003337
v -0.032651 -0.033354 0.004691
v -0.031527 -0.033044 0.006273
v -0.026541 -0.033306 0.018119
v -0.025055 -0.034188 0.019808
v -0.022736 -0.034565 0.022007
v -0.026488 -0.033286 0.020646
v -0.028328 -0.032982 0.018895
v -0.027164 -0.033058 0.021874
v -0.021421 -0.033227 0.026253
v -0.026263 -0.033001 0.017499
v -0.017836 -0.033314 0.026441
v -0.019936 -0.033844 0.025554
v -0.017831 -0.033009 0.026661
v -0.006295 -0.032985 0.031543
v -0.005481 -0.033420 0.031866
v -0.003435 -0.034288 0.031652
v -0.006730 -0.032985 0.033740
v 0.005622 -0.042096 0.028304
v 0.001894 -0.037578 0.030029
v 0.004776 -0.034790 0.030920
v 0.005711 -0.035681 0.030120
v 0.005910 -0.033669 0.031114
v 0.018385 -0.035416 0.024873
v 0.017127 -0.035934 0.025233
v 0.021312 -0.034865 0.023194
v 0.015969 -0.044224 0.023446
v 0.024917 -0.037211 0.017021
v 0.021157 -0.037330 0.021436
v 0.027805 -0.044408 0.005321
v 0.028018 -0.044457 0.000098
v 0.029653 -0.038845 0.001218
v 0.030116 -0.035847 0.005650
v 0.030897 -0.035124 0.004235
v 0.027809 -0.044642 0.005510
v 0.027814 -0.044615 -0.005566
v 0.029642 -0.037244 -0.005714
v 0.030809 -0.035740 -0.001874
v 0.031036 -0.034598 -0.004864
v 0.031045 -0.033846 -0.005862
v 0.023424 -0.044419 -0.015893
v 0.024748 -0.038049 -0.016875
v 0.020834 -0.036851 -0.022053
v 0.025874 -0.034256 -0.017628
v 0.024001 -0.035698 -0.019513
v 0.023573 -0.044642 -0.015784
v 0.016811 -0.037762 -0.024849
v 0.017818 -0.035120 -0.025451
v 0.019705 -0.034637 -0.024652
v 0.005334 -0.044424 -0.027871
v 0.000055 -0.045524 -0.027637
v 0.000843 -0.037063 -0.030235
v 0.005605 -0.037279 -0.029681
v 0.005614 -0.035646 -0.030288
v 0.004424 -0.034886 -0.031050
v -0.003241 -0.037646 -0.029859
v -0.005759 -0.035911 -0.030054
v -0.016976 -0.037408 -0.024937
v -0.020978 -0.037954 -0.021392
v -0.015930 -0.044448 -0.023482
v -0.017964 -0.033288 -0.026533
v -0.024482 -0.040003 -0.016374
v -0.023488 -0.036101 -0.019830
v -0.027760 -0.044469 -0.005478
v -0.029987 -0.037777 0.000090
v -0.029862 -0.036675 -0.005616
v -0.030899 -0.034177 -0.005845
v -0.031573 -0.032980 -0.006302
v -0.029578 -0.037628 0.005564
v -0.030396 -0.036179 0.003962
v -0.030940 -0.034185 0.005681
v -0.023146 -0.037201 0.019347
v -0.025491 -0.035293 0.017246
v -0.023468 -0.044439 0.015881
v -0.016599 -0.039049 0.024587
v -0.019513 -0.038111 0.022629
v -0.017462 -0.034988 0.025572
v -0.019901 -0.034843 0.024278
v -0.005367 -0.044412 0.027779
v -0.005497 -0.037368 0.029640
v -0.003850 -0.035815 0.030623
v -0.005548 -0.044642 0.027798
v -0.005917 -0.034327 0.030561
v 0.001868 -0.046531 0.026661
v 0.007882 -0.046927 0.024787
v -0.000400 -0.045659 0.027484
v 0.005519 -0.044654 0.027786
v 0.006639 -0.045961 0.026499
v 0.010865 -0.045897 0.025116
v 0.015636 -0.044467 0.023789
v 0.015735 -0.044514 0.023566
v 0.015625 -0.044442 0.023749
v 0.015634 -0.044292 0.023830
v 0.018267 -0.046762 0.018962
v 0.019171 -0.045756 0.019696
v 0.014907 -0.046389 0.022376
v 0.015890 -0.044438 0.023433
v 0.022841 -0.046221 0.014649
v 0.023529 -0.044507 0.015787
v 0.023574 -0.044643 0.015736
v 0.026029 -0.045957 0.008480
v 0.023844 -0.044335 0.015647
v 0.023582 -0.044519 0.015738
v 0.023745 -0.044434 0.015609
v 0.026823 -0.046019 0.004859
v 0.027848 -0.044437 0.005725
v 0.027815 -0.044518 0.005515
v 0.027855 -0.044442 0.005728
v 0.027810 -0.044643 0.005510
v 0.027964 -0.044341 0.005784
v 0.025537 -0.047191 -0.000383
v 0.027343 -0.045896 0.000025
v 0.027753 -0.044409 0.005323
v 0.026508 -0.046242 -0.005793
v 0.024860 -0.046427 -0.010380
v 0.021264 -0.046703 -0.015853
v 0.023126 -0.045865 -0.014771
v 0.023753 -0.044437 -0.015660
v 0.023841 -0.044308 -0.015687
v 0.023563 -0.044505 -0.015779
v 0.023546 -0.044494 -0.015631
v 0.023574 -0.044643 -0.015785
v 0.015464 -0.046805 -0.021237
v 0.018996 -0.046080 -0.019492
v 0.013313 -0.045855 -0.024046
v 0.015715 -0.044681 -0.023590
v 0.019779 -0.044494 -0.019853
v 0.009663 -0.046328 -0.025262
v 0.004687 -0.046040 -0.026921
v 0.005741 -0.044457 -0.027903
v 0.005526 -0.044518 -0.027853
v 0.005835 -0.044402 -0.028035
v 0.005521 -0.044643 -0.027847
v -0.001186 -0.046799 -0.026267
v 0.005333 -0.044409 -0.027791
v -0.003850 -0.046174 -0.026871
v -0.008373 -0.046330 -0.025729
v -0.005540 -0.044680 -0.027819
v -0.012534 -0.046302 -0.024011
v -0.015283 -0.046286 -0.022309
v -0.015649 -0.044437 -0.023791
v -0.015664 -0.044304 -0.023872
v -0.016425 -0.047219 -0.019401
v -0.015652 -0.044442 -0.023797
v -0.015768 -0.044518 -0.023616
v -0.019563 -0.045906 -0.019209
v -0.015855 -0.044593 -0.023420
v -0.015925 -0.044442 -0.023484
v -0.022440 -0.046144 -0.015334
v -0.023548 -0.044766 -0.015702
v -0.026499 -0.046288 -0.005637
v -0.027930 -0.044426 -0.005778
v -0.027843 -0.044519 -0.005563
v -0.028024 -0.044403 -0.005873
v -0.027836 -0.044643 -0.005559
v -0.027378 -0.045874 -0.000479
v -0.028190 -0.043997 -0.000064
v -0.026260 -0.046800 0.001087
v -0.027778 -0.044408 -0.005372
v -0.026868 -0.046114 0.004394
v -0.025772 -0.046015 0.009194
v -0.027979 -0.044339 0.005789
v -0.023749 -0.044590 0.015636
v -0.023599 -0.044514 0.015726
v -0.023786 -0.044442 0.015614
v -0.020866 -0.046555 0.016664
v -0.018592 -0.046005 0.019991
v -0.019928 -0.043886 0.019948
v -0.023282 -0.044655 0.015884
v -0.023473 -0.044442 0.015887
v -0.015730 -0.044769 0.023500
v -0.013745 -0.046781 0.022435
v -0.009474 -0.045875 0.025724
v -0.005590 -0.044537 0.027826
v -0.005765 -0.044442 0.027844
v -0.005548 -0.044643 0.027799
v -0.005824 -0.044320 0.027946
v -0.004992 -0.046410 0.026418
v -0.005350 -0.044441 0.027815
v 0.007201 -0.048338 0.019410
v 0.014811 -0.047590 0.019185
v 0.009117 -0.048335 0.018594
v 0.011015 -0.048336 0.017530
v 0.020973 -0.047462 0.012825
v 0.018491 -0.048343 0.009329
v 0.023118 -0.047716 0.005114
v 0.025075 -0.046817 0.007588
v 0.019300 -0.048336 0.007512
v 0.019964 -0.048343 0.005533
v 0.021597 -0.047626 -0.010575
v 0.019239 -0.048336 -0.007725
v 0.018343 -0.048336 -0.009656
v 0.017586 -0.048338 -0.010973
v 0.011062 -0.047459 -0.021991
v 0.011208 -0.048344 -0.017462
v 0.009551 -0.048337 -0.018416
v 0.003794 -0.047211 -0.025168
v 0.007926 -0.048336 -0.019174
v -0.004105 -0.048369 -0.020474
v -0.008543 -0.047504 -0.023038
v -0.009890 -0.048337 -0.018250
v -0.011261 -0.048340 -0.017436
v -0.020572 -0.047315 -0.014548
v -0.024528 -0.046397 -0.011268
v -0.017433 -0.048334 -0.011275
v -0.018482 -0.048337 -0.009438
v -0.019165 -0.048338 -0.007956
v -0.024026 -0.047485 -0.005291
v -0.019742 -0.048337 -0.006393
v -0.024521 -0.047282 0.006188
v -0.019793 -0.048337 0.006168
v -0.022747 -0.047035 0.012378
v -0.019156 -0.048343 0.007951
v -0.007380 -0.047264 0.024276
v -0.011449 -0.048334 0.017279
v -0.009440 -0.048336 0.018439
v -0.008101 -0.048337 0.019059
v -0.006221 -0.048345 0.019765
v 0.003771 -0.047682 0.023515
v -0.000137 -0.048336 0.020709
v 0.012935 -0.048340 0.016177
v 0.014749 -0.048338 0.014534
v 0.020421 -0.048338 0.003474
v 0.020708 -0.048338 -0.000535
v 0.016414 -0.047607 -0.017523
v 0.014992 -0.048337 -0.014326
v 0.013860 -0.048337 -0.015425
v 0.012687 -0.048337 -0.016406
v -0.000006 -0.048342 -0.020873
v 0.004377 -0.048335 -0.020288
v 0.002367 -0.048339 -0.020625
v -0.012513 -0.048337 -0.016559
v -0.013798 -0.048337 -0.015508
v -0.015119 -0.048339 -0.014223
v -0.016215 -0.048337 -0.012953
v -0.015863 -0.047653 0.017853
v -0.016980 -0.048338 0.011894
v -0.015908 -0.048337 0.013278
v -0.014679 -0.048337 0.014634
v -0.013276 -0.048337 0.015907
v -0.019528 -0.034117 0.029555
v -0.017862 -0.036133 0.029479
v -0.015826 -0.038964 0.028056
v -0.016274 -0.035873 0.031243
v -0.008679 -0.039877 0.030275
v -0.010238 -0.035401 0.034411
v -0.009620 -0.036703 0.032908
v -0.008553 -0.034481 0.035248
v -0.008018 -0.035909 0.033599
v -0.007136 -0.033382 0.035154
v 0.008411 -0.034825 0.034781
v 0.007782 -0.036066 0.033479
v 0.010220 -0.035299 0.034498
v 0.009350 -0.037198 0.032461
v 0.008623 -0.040141 0.030099
v 0.016425 -0.036605 0.030132
v 0.014413 -0.041302 0.026847
v 0.019068 -0.034371 0.030827
v 0.018260 -0.035647 0.029579
v 0.029890 -0.033366 0.019910
v 0.029609 -0.035897 0.017967
v 0.027148 -0.040724 0.014730
v 0.029833 -0.037251 0.015684
v 0.032504 -0.036919 0.010186
v 0.031400 -0.038719 0.008101
v 0.034611 -0.035253 0.010358
v 0.035037 -0.034644 0.008554
v 0.034583 -0.034432 -0.007420
v 0.033799 -0.035811 -0.008356
v 0.030778 -0.039618 -0.007947
v 0.032624 -0.036802 -0.010152
v 0.034642 -0.035043 -0.011654
v 0.028511 -0.038482 -0.015741
v 0.031222 -0.035645 -0.016997
v 0.030983 -0.034463 -0.018943
v 0.029439 -0.035834 -0.018234
v 0.030084 -0.032998 -0.020137
v 0.019359 -0.034378 -0.029488
v 0.017912 -0.036028 -0.029592
v 0.016014 -0.036660 -0.030341
v 0.014593 -0.040710 -0.027250
v 0.009107 -0.036567 -0.033196
v 0.007677 -0.038324 -0.031910
v 0.007307 -0.034520 -0.034478
v 0.005741 -0.044319 -0.027903
v -0.007001 -0.033458 -0.035244
v -0.008511 -0.036249 -0.033440
v -0.008344 -0.040712 -0.029827
v -0.010471 -0.036888 -0.032427
v -0.011591 -0.034596 -0.035538
v -0.017325 -0.035086 -0.032029
v -0.015261 -0.040233 -0.027322
v -0.015835 -0.037150 -0.029929
v -0.018405 -0.035277 -0.030165
v -0.029670 -0.034283 -0.019372
v -0.030489 -0.035393 -0.018052
v -0.028338 -0.037454 -0.017706
v -0.028431 -0.038763 -0.015463
v -0.031505 -0.035767 -0.016239
v -0.033174 -0.036151 -0.011039
v -0.031008 -0.038731 -0.009307
v -0.032718 -0.037216 -0.007639
v -0.033802 -0.035914 -0.008681
v -0.034365 -0.035077 0.008025
v -0.032400 -0.037185 0.009528
v -0.030385 -0.036153 0.017033
v -0.032203 -0.034977 0.017375
v -0.028691 -0.037053 0.017690
v -0.030689 -0.034532 0.018833
v -0.029901 -0.033404 0.019757
v -0.023884 -0.044318 0.015641
v -0.028118 -0.044222 0.005692
v -0.027826 -0.044650 0.005506
v -0.034644 -0.032993 0.006858
v -0.034473 -0.033083 0.006730
v -0.005652 -0.044467 0.027818
v -0.007051 -0.033286 0.035142
v -0.006739 -0.034953 0.033646
v -0.007070 -0.033366 0.035208
v -0.007054 -0.032998 0.035466
v -0.007093 -0.033366 0.035126
v -0.019954 -0.033383 -0.029917
v -0.018039 -0.036964 -0.028535
v -0.019935 -0.033019 -0.030156
v -0.019284 -0.034498 -0.028883
v -0.017548 -0.039193 -0.026267
v -0.019949 -0.033362 -0.029914
v -0.019874 -0.033369 -0.029900
v 0.035225 -0.033386 -0.007060
v 0.035226 -0.033364 -0.007066
v 0.035434 -0.033047 -0.007114
v 0.034242 -0.034220 -0.006722
v 0.032382 -0.036767 -0.006545
v 0.035197 -0.033360 -0.007086
v 0.035234 -0.033388 -0.007068
v 0.029865 -0.033383 -0.019972
v 0.030016 -0.033094 -0.020078
v 0.029309 -0.033844 -0.019676
v 0.026562 -0.038553 -0.017698
v 0.028408 -0.035144 -0.019033
v 0.029876 -0.033362 -0.019960
v 0.029891 -0.033382 -0.019912
v 0.007065 -0.033367 0.035201
v 0.007028 -0.033364 0.035215
v 0.006937 -0.033345 0.035156
v 0.006600 -0.034431 0.034045
v 0.006018 -0.040265 0.030300
v 0.006438 -0.036842 0.032367
v 0.007034 -0.033369 0.035214
v 0.007030 -0.033388 0.035223
v -0.029911 -0.033364 -0.019963
v -0.029848 -0.033347 -0.019961
v -0.026042 -0.039566 -0.017466
v -0.028742 -0.034682 -0.019225
v -0.027978 -0.036013 -0.018624
v -0.029920 -0.033364 -0.019900
v -0.029914 -0.033369 -0.019958
v -0.029918 -0.033388 -0.019967
v 0.019930 -0.033388 0.029867
v 0.019925 -0.033362 0.029856
v 0.020074 -0.033057 0.030031
v 0.019757 -0.033576 0.029537
v 0.019113 -0.034780 0.028551
v 0.017553 -0.039314 0.026123
v 0.019918 -0.033360 0.029865
v -0.035210 -0.033359 -0.007090
v -0.035035 -0.033414 -0.007050
v -0.032917 -0.035872 -0.006454
v -0.035254 -0.033370 -0.007092
v -0.035485 -0.032992 -0.007080
v -0.035151 -0.033369 -0.007102
v 0.019925 -0.033364 -0.029922
v 0.019930 -0.033384 -0.029915
v 0.019976 -0.033128 -0.030020
v 0.019372 -0.034311 -0.028981
v 0.019887 -0.033360 -0.029913
v 0.019929 -0.033388 -0.029929
v 0.020082 -0.033026 -0.030097
v 0.018494 -0.036157 -0.027883
v 0.017378 -0.039660 -0.026018
v 0.007052 -0.033359 -0.035220
v 0.006951 -0.033342 -0.035204
v 0.006662 -0.034561 -0.033991
v 0.006234 -0.038443 -0.031423
v 0.007046 -0.032993 -0.035517
v 0.029884 -0.033364 0.019914
v 0.030047 -0.033062 0.020053
v 0.029075 -0.034122 0.019438
v 0.028316 -0.035333 0.018886
v 0.029887 -0.033369 0.019910
v 0.029891 -0.033388 0.019919
v 0.026861 -0.037798 0.018031
v 0.035181 -0.033356 0.006988
v 0.034168 -0.034162 0.006825
v 0.031606 -0.038070 0.006193
v 0.035472 -0.032994 0.007031
v 0.035137 -0.033366 0.007055
v -0.029973 -0.033123 0.020001
v -0.028614 -0.034910 0.018994
v -0.026019 -0.039720 0.017295
v -0.029905 -0.033362 0.019912
v -0.030087 -0.032994 0.020074
v -0.029875 -0.033366 0.019825
v -0.019952 -0.033364 0.029873
v -0.019997 -0.033128 0.029979
v -0.019957 -0.033389 0.029867
v -0.017487 -0.039460 0.026062
v -0.019897 -0.033374 0.029916
v -0.019947 -0.033369 0.029876
v -0.019956 -0.033388 0.029880
v -0.020109 -0.033026 0.030049
v -0.019440 -0.034269 0.028951
v -0.018645 -0.036155 0.027768
v -0.007055 -0.033364 -0.035264
v -0.007072 -0.033057 -0.035478
v -0.006045 -0.040263 -0.030350
v -0.006954 -0.033762 -0.034695
v -0.007065 -0.033027 -0.035480
v -0.007155 -0.033376 -0.035240
v -0.007057 -0.033388 -0.035272
v -0.006483 -0.035610 -0.033166
v -0.017847 -0.032974 0.026618
v -0.017311 -0.033143 0.025896
v -0.017463 -0.033016 0.026111
v 0.025972 -0.033077 -0.017369
v 0.026181 -0.033008 -0.017484
v -0.006198 -0.033021 0.030774
v -0.006065 -0.033415 0.030366
v 0.006221 -0.033051 0.030699
v 0.006217 -0.032974 0.031424
v -0.025579 -0.035096 -0.017501
v -0.024907 -0.037388 -0.017007
v -0.025830 -0.033167 -0.017380
v -0.025660 -0.033852 -0.017152
v -0.026148 -0.033010 -0.017501
v 0.017324 -0.033142 0.025874
v 0.017346 -0.033034 0.026111
v -0.030855 -0.033014 -0.006164
v -0.030392 -0.033253 -0.006074
v 0.017458 -0.033006 -0.026243
v 0.017361 -0.033120 -0.025918
v 0.005520 -0.044638 -0.027843
v 0.006182 -0.033030 -0.030812
v 0.023571 -0.044640 0.015734
v 0.025868 -0.033209 0.017224
v 0.026098 -0.033023 0.017405
v 0.026627 -0.032973 0.017809
v -0.030956 -0.032998 0.006155
v -0.030618 -0.033111 0.006145
v -0.031459 -0.032973 0.006203
v 0.030964 -0.032996 0.006170
v 0.030679 -0.033062 0.006006
v -0.026059 -0.033116 0.017176
v -0.006261 -0.033083 -0.030676
v -0.017418 -0.033057 -0.026052
v 0.030808 -0.033020 -0.006227
v 0.030597 -0.033116 -0.006088
v 0.031434 -0.032974 -0.006255
v 0.019723 -0.048330 -0.001724
v 0.019728 -0.048311 0.001632
v 0.019499 -0.048338 0.003368
v -0.020250 -0.048336 -0.004528
v -0.020237 -0.048336 0.004541
v -0.018133 -0.048336 0.010052
v 0.005307 -0.048335 0.020017
v 0.003357 -0.048337 0.020429
v -0.020526 -0.048338 -0.002993
v -0.020689 -0.048337 -0.001544
v -0.020742 -0.048351 0.000778
v -0.020532 -0.048338 0.002914
v 0.001702 -0.048337 0.020633
v 0.019896 -0.048337 -0.005795
v 0.020309 -0.048339 -0.004114
v -0.001974 -0.048339 0.020612
v -0.003806 -0.048336 0.020359
v 0.016435 -0.048333 0.012609
v 0.020677 -0.048335 0.001327
v 0.020597 -0.048336 -0.002271
v 0.006246 -0.048338 -0.019786
v 0.016418 -0.048342 -0.012682
v -0.006444 -0.048335 -0.019742
v -0.008326 -0.048337 -0.019015
v 0.014639 -0.048338 -0.013352
v 0.016748 -0.048339 -0.010587
v 0.009525 -0.048338 -0.017379
v 0.008210 -0.048336 -0.018045
v 0.011237 -0.048344 -0.016339
v 0.019790 -0.048337 -0.000094
v 0.006154 -0.048320 -0.018855
v 0.004231 -0.048338 -0.019370
v 0.015691 -0.048338 -0.012093
v -0.007138 -0.048342 -0.018513
v -0.004992 -0.048336 -0.019197
v -0.002847 -0.048338 -0.019633
v 0.013255 -0.048338 -0.014738
v -0.010944 -0.048327 -0.016554
v -0.009069 -0.048335 -0.017641
v 0.000724 -0.048339 -0.019821
v 0.002597 -0.048339 -0.019658
v -0.016841 -0.048338 -0.010476
v -0.017793 -0.048338 -0.008757
v -0.001035 -0.048338 -0.019803
v -0.018597 -0.048333 -0.006886
v -0.019230 -0.048334 -0.004845
v -0.013725 -0.048337 -0.014316
v -0.012631 -0.048338 -0.015289
v -0.018792 -0.048346 0.006288
v -0.019253 -0.048337 0.004674
v -0.018052 -0.048338 0.008160
v -0.015965 -0.048338 -0.011761
v -0.014910 -0.048334 -0.013083
v -0.017080 -0.048337 0.010042
v 0.005725 -0.048340 0.018940
v 0.003390 -0.048344 0.019494
v 0.007559 -0.048339 0.018277
v -0.019756 -0.048336 -0.001637
v -0.019563 -0.048337 -0.003190
v -0.019820 -0.048333 0.000579
v -0.010073 -0.048336 0.017043
v -0.008016 -0.048339 0.018100
v 0.009319 -0.048345 0.017454
v -0.019594 -0.048343 0.002988
v -0.006293 -0.048338 0.018759
v -0.004638 -0.048338 0.019239
v 0.017423 -0.048340 0.009379
v 0.016611 -0.048337 0.010736
v 0.018428 -0.048330 0.007227
v -0.015099 -0.048341 0.012810
v -0.016000 -0.048338 0.011666
v -0.013742 -0.048353 0.014263
v 0.001379 -0.048338 0.019735
v 0.019157 -0.048342 0.004971
v -0.011925 -0.048336 0.015807
v 0.013633 -0.048338 0.014328
v 0.012303 -0.048338 0.015493
v 0.010954 -0.048338 0.016465
v 0.018693 -0.048338 -0.006550
v 0.019381 -0.048357 -0.004103
v -0.000795 -0.048345 0.019776
v -0.002857 -0.048338 0.019576
v 0.015762 -0.048337 0.011957
v 0.014608 -0.048337 0.013337
v 0.017832 -0.048337 -0.008628
v 0.041700 -0.009282 -0.027408
v -0.045942 -0.008965 -0.019898
v -0.038801 -0.009775 0.031331
v -0.034481 -0.009280 -0.036050
v -0.047046 -0.009522 0.016581
v -0.031943 -0.008975 -0.038498
v -0.022774 -0.009238 -0.044416
v -0.016440 -0.008925 -0.047303
v -0.008470 -0.009285 -0.049183
v -0.014868 -0.009294 -0.047580
v -0.002464 -0.009803 -0.049878
v -0.046018 -0.009350 -0.019160
v 0.019600 -0.009194 -0.045946
v -0.027382 -0.009306 -0.041735
v 0.028986 -0.009164 -0.040626
v -0.011316 -0.009829 -0.048695
v 0.044417 -0.008905 -0.022997
v 0.009426 -0.009405 -0.048957
v 0.025687 -0.009344 -0.042820
v -0.045062 -0.008910 0.021677
v -0.043048 -0.009316 0.025143
v -0.036079 -0.009213 0.034409
v 0.015546 -0.008920 -0.047561
v -0.032471 -0.008974 0.038045
v 0.004144 -0.009238 -0.049701
v -0.016632 -0.008888 0.047159
v 0.033953 -0.009313 0.036440
v -0.011757 -0.009228 0.048484
v 0.043851 -0.008945 0.024010
v 0.047093 -0.009168 0.016515
v 0.049044 -0.009119 0.009261
v 0.049784 -0.009227 0.003104
v -0.049594 -0.009791 -0.005779
v -0.037908 -0.000649 0.032597
v 0.011750 -0.000450 -0.048598
v 0.049970 -0.000658 -0.001930
v 0.028169 -0.009226 0.041201
v -0.030077 -0.009300 0.039698
v 0.040726 -0.009418 0.028653
v 0.046003 -0.009818 0.019378
v 0.044317 -0.009407 0.022666
v 0.049883 -0.009785 -0.001543
v 0.045620 -0.009363 -0.019932
v 0.017278 -0.009414 0.046790
v -0.032245 -0.009824 0.038125
v -0.026539 -0.009194 0.042258
v -0.049598 -0.009023 0.006027
v -0.049825 -0.009284 0.001760
v 0.030613 -0.009838 0.039378
v -0.048976 -0.000468 -0.009747
v -0.049899 -0.000697 -0.003571
v -0.049898 -0.000414 0.001399
v 0.012847 -0.000558 0.048230
v 0.003330 -0.000638 -0.049895
v 0.026233 -0.000450 0.042426
v -0.020052 -0.000567 0.045762
v -0.002859 -0.000663 -0.049957
v 0.030648 -0.000597 0.039468
v -0.009750 -0.000464 -0.048984
v -0.016116 -0.000726 -0.047358
v 0.041880 -0.000578 0.027168
v 0.037440 -0.000634 0.033127
v -0.021904 -0.000657 -0.044963
v -0.027746 -0.000459 -0.041534
v 0.048799 -0.000645 0.010796
v 0.044756 -0.000744 0.022275
v -0.039322 -0.000630 -0.030906
v 0.049672 -0.000583 0.005047
v -0.042730 -0.000553 -0.025897
v -0.046655 -0.000625 -0.018226
v 0.046277 -0.000711 -0.019026
v 0.042119 -0.000491 -0.026840
v -0.048786 -0.000606 0.011227
v 0.038583 -0.000772 -0.031789
v 0.035120 -0.000473 -0.035477
v 0.030109 -0.000697 -0.039962
v -0.045920 -0.000408 0.019554
v 0.023645 -0.000635 -0.044040
v 0.008286 -0.000391 0.049163
v 0.045471 -0.000299 -0.019988
v -0.048559 -0.000195 0.009161
v 0.029915 -0.000105 -0.039212
v -0.042553 -0.000668 0.026247
v -0.041151 -0.000119 0.027133
v 0.018897 -0.000455 -0.046204
v -0.000710 -0.000164 0.049334
v -0.032037 -0.000705 0.038417
v -0.035338 -0.000227 0.034603
v 0.012483 0.000000 -0.046383
v 0.019161 -0.000630 0.046170
v -0.026726 -0.000429 0.042121
v -0.019106 -0.000079 0.045193
v -0.002948 -0.000143 -0.049206
v 0.019945 -0.000110 0.044984
v 0.035136 -0.000203 0.034601
v -0.015220 -0.000904 0.047633
v -0.009901 -0.000441 0.048899
v -0.018920 -0.000160 -0.045655
v 0.040963 -0.000170 0.027389
v -0.000272 -0.000628 0.050000
v 0.046546 -0.000450 0.017954
v -0.031358 -0.000617 -0.038925
v -0.035546 -0.000423 -0.035067
v 0.048107 -0.000115 0.010634
v -0.040503 -0.000100 -0.027621
v 0.049137 -0.000096 -0.003393
v -0.045975 -0.000113 -0.017665
v 0.048920 -0.000517 -0.010113
v 0.038646 -0.033130 0.002458
v 0.038615 -0.033075 -0.002817
v 0.034896 -0.033144 0.000034
v 0.035748 -0.033085 0.001958
v 0.037454 -0.033153 0.002756
v 0.039875 -0.033000 0.002043
v 0.039964 -0.033069 0.001416
v 0.040415 -0.032980 -0.000572
v 0.040153 -0.032990 -0.001824
v 0.035704 -0.033009 -0.002027
v 0.035773 -0.033061 0.001551
v 0.036570 -0.033075 0.002211
v 0.037583 -0.033147 0.002490
v 0.039605 -0.033068 0.001858
v 0.040310 -0.033065 0.000667
v 0.039764 -0.033138 -0.001763
v 0.039081 -0.033073 -0.002272
v 0.038443 -0.033129 -0.002497
v 0.036983 -0.033096 -0.002498
v 0.036337 -0.033100 -0.002083
v 0.035797 -0.033095 -0.001607
v 0.035435 -0.033059 -0.001018
v 0.035234 -0.033053 -0.000179
v 0.035272 -0.033032 0.000521
v 0.036215 -0.033064 0.001984
v 0.037718 -0.032794 0.002926
v 0.035295 -0.032809 0.001402
v 0.037307 -0.032807 -0.002876
v 0.034947 -0.032798 -0.000605
v 0.023087 -0.028645 0.042136
v -0.041272 -0.030308 0.022290
v -0.007793 -0.030744 0.046028
v 0.015898 -0.044442 0.023436
v 0.017673 -0.048337 0.010783
v -0.006548 -0.036682 0.032412
v -0.018636 -0.035994 -0.027969
v 0.035225 -0.033369 -0.007072
v 0.020080 -0.033029 0.030047
v 0.019920 -0.033369 -0.029925
v -0.007061 -0.033369 -0.035262
v -0.005560 -0.048338 -0.020028
v -0.005471 -0.048338 -0.020056
v 0.015920 -0.029707 0.044521
v 0.024036 -0.030634 0.039962
v 0.039312 -0.031114 0.024149
v 0.044420 -0.029591 0.016593
v 0.040236 -0.030632 -0.023589
v 0.021730 -0.030551 -0.041290
v -0.021052 -0.030985 -0.041074
v -0.043221 -0.029585 -0.019607
v -0.016832 -0.029593 0.044318
v 0.000023 -0.048338 -0.020872
v -0.004116 -0.048338 -0.020464
v 0.004398 -0.048338 0.019293
v 0.002247 -0.048338 0.020582
v 0.011541 -0.048338 0.017203
v 0.007119 -0.048338 0.019454
v 0.008162 -0.048338 0.018022
v 0.009378 -0.048338 0.018458
v 0.010588 -0.048338 0.016728
v 0.016371 -0.048338 0.011125
v 0.015376 -0.048338 0.013890
v 0.018804 -0.048337 0.008717
v 0.017857 -0.048338 0.008551
v 0.017268 -0.048338 0.011442
v 0.018786 -0.048338 0.006219
v 0.019431 -0.048338 0.003825
v 0.020625 -0.048338 -0.001950
v 0.019988 -0.048338 0.005488
v 0.018792 -0.048338 -0.006294
v 0.016889 -0.048337 -0.012043
v 0.019913 -0.048338 -0.005786
v 0.016826 -0.048338 -0.010457
v 0.017808 -0.048338 -0.008672
v 0.018950 -0.048338 -0.008416
v 0.018060 -0.048338 -0.010175
v 0.013595 -0.048339 -0.015679
v 0.010232 -0.048338 -0.016990
v 0.008431 -0.048338 -0.018965
v 0.011062 -0.048338 -0.017566
v 0.005000 -0.048338 -0.019188
v 0.007444 -0.048338 -0.018392
v 0.005735 -0.048338 -0.019955
v -0.006686 -0.048338 -0.018678
v -0.004334 -0.048338 -0.019365
v -0.008308 -0.048338 -0.019029
v -0.006312 -0.048338 -0.019785
v -0.014254 -0.048338 -0.015094
v -0.010299 -0.048338 -0.016961
v -0.010804 -0.048338 -0.017741
v -0.018127 -0.048338 -0.008065
v -0.016761 -0.048338 -0.010622
v -0.019044 -0.048338 -0.005541
v -0.020546 -0.048338 -0.003014
v -0.019847 -0.048337 -0.006089
v -0.019487 -0.048338 -0.003642
v -0.018758 -0.048337 -0.008913
v -0.018823 -0.048338 0.006206
v -0.019981 -0.048338 0.005570
v -0.018985 -0.048337 0.008376
v -0.017168 -0.048338 0.009898
v -0.017441 -0.048338 0.011224
v -0.018126 -0.048338 0.007987
v -0.013793 -0.048336 0.015482
v -0.009926 -0.048338 0.017125
v -0.005559 -0.048338 0.019958
v -0.008014 -0.048338 0.018105
v -0.009854 -0.048338 0.018235
v -0.011853 -0.048338 0.016993
v -0.007651 -0.048338 0.019249
v -0.005232 -0.048338 0.019099
v 0.001654 -0.048338 0.019726
v 0.000036 -0.048338 0.020715
v 0.004334 -0.048338 0.020254
v 0.012682 -0.048338 0.015180
v 0.013457 -0.048338 0.015734
v 0.014482 -0.048338 0.013497
v 0.019786 -0.048338 0.000845
v 0.020569 -0.048338 0.002512
v 0.020423 -0.048338 -0.003497
v 0.019746 -0.048338 -0.001387
v 0.020722 -0.048338 -0.000025
v 0.014407 -0.048338 -0.013612
v 0.015714 -0.048338 -0.012067
v 0.015442 -0.048337 -0.013847
v 0.012530 -0.048338 -0.015366
v 0.002494 -0.048338 -0.019690
v 0.003001 -0.048338 -0.020544
v -0.002165 -0.048338 -0.019714
v -0.012830 -0.048338 -0.015153
v -0.012752 -0.048338 -0.016378
v -0.015071 -0.048338 -0.012908
v -0.015723 -0.048338 -0.013553
v -0.017207 -0.048342 -0.011627
v -0.019810 -0.048338 -0.001165
v -0.019733 -0.048338 0.001921
v -0.019404 -0.048338 0.004036
v -0.020755 -0.048337 0.000303
v -0.020513 -0.048338 0.003108
v -0.015777 -0.048336 0.013449
v -0.015989 -0.048338 0.011683
v -0.013440 -0.048338 0.014537
v -0.011789 -0.048338 0.015915
v -0.000835 -0.048338 0.019768
v -0.002792 -0.048338 0.019588
v -0.002817 -0.048338 0.020527
v 0.006338 -0.048338 0.018737
v 0.019501 -0.048338 -0.003464
v -0.008480 -0.048338 -0.017930
v -0.000211 -0.048338 -0.019834
v -0.014785 -0.048338 0.013177
v 0.039779 -0.034646 -0.001682
v 0.038571 -0.035404 -0.002201
v 0.039558 -0.035426 -0.001461
v 0.039488 -0.033070 -0.002012
v 0.035909 -0.033070 0.001762
v 0.035549 -0.035211 0.000753
v 0.035861 -0.034850 0.001492
v 0.038289 -0.033069 -0.002639
v 0.037453 -0.033072 0.002592
v 0.038642 -0.034985 0.002340
v 0.037767 -0.035042 0.002393
v 0.039173 -0.033069 0.002190
v 0.036841 -0.035247 0.002158
v 0.037316 -0.033070 -0.002552
v 0.037201 -0.034894 -0.002441
v 0.040029 -0.033070 0.001349
v 0.039604 -0.034609 0.001775
v 0.039725 -0.035564 0.001066
v 0.036189 -0.033070 -0.002045
v 0.035762 -0.034621 -0.001530
v 0.040204 -0.034995 0.000675
v 0.035928 -0.035461 -0.001190
v 0.040424 -0.033070 0.000150
v 0.040243 -0.033070 -0.000975
v 0.035462 -0.033070 -0.001052
v 0.035426 -0.035176 -0.000262
v 0.035247 -0.033070 0.000261
v 0.040236 -0.035163 -0.000372
v 0.038926 -0.035933 0.000969
v 0.038382 -0.035617 0.001986
v 0.039417 -0.035832 -0.000841
v 0.037944 -0.035902 -0.001567
v 0.036825 -0.035501 -0.002010
v 0.036595 -0.035851 -0.001126
v 0.036212 -0.035889 0.000057
v 0.036249 -0.035594 0.001370
v 0.037293 -0.035859 0.001574
vn 0.8504 -0.2954 0.4355
vn 0.9108 -0.1685 0.3769
vn 0.8770 -0.0730 0.4749
vn -0.1551 -0.8555 -0.4940
vn -0.0881 -0.8947 -0.4379
vn -0.2360 -0.9415 -0.2407
vn -0.0311 -0.9296 0.3671
vn -0.1272 -0.7221 0.6800
vn -0.1531 -0.8596 0.4875
vn 0.4515 -0.2208 0.8645
vn 0.5609 -0.0800 0.8240
vn 0.4776 -0.0696 0.8758
vn 0.1450 -0.9439 -0.2968
vn 0.0693 -0.9710 -0.2288
vn 0.0563 -0.9204 -0.3870
vn -0.5560 -0.5753 -0.5999
vn 0.1668 -0.2467 -0.9546
vn -0.4376 -0.5728 -0.6931
vn 0.3109 -0.8528 -0.4195
vn 0.5240 -0.6771 -0.5167
vn 0.4275 -0.8406 -0.3325
vn -0.2060 -0.7627 -0.6130
vn -0.3042 -0.5999 -0.7400
vn -0.1351 -0.4996 -0.8557
vn -0.6403 0.5260 0.5597
vn -0.7928 -0.0417 0.6081
vn -0.7054 -0.0633 0.7060
vn -0.8809 -0.0349 -0.4720
vn 0.1122 -0.5985 -0.7932
vn 0.0438 -0.5624 -0.8257
vn -0.4220 -0.8748 0.2381
vn -0.6563 -0.7142 0.2433
vn -0.3720 -0.9234 0.0940
vn 0.7133 -0.5749 -0.4009
vn 0.6954 -0.6313 -0.3432
vn 0.5801 -0.7806 -0.2326
vn 0.2088 -0.4082 -0.8887
vn 0.0830 -0.3124 -0.9463
vn 0.2352 -0.1569 -0.9592
vn -0.1029 -0.0027 0.9947
vn -0.0232 0.4507 0.8924
vn -0.1430 0.6217 0.7701
vn 0.5580 -0.6959 0.4521
vn 0.3439 -0.8933 0.2894
vn 0.5432 -0.7830 0.3030
vn 0.5843 -0.5565 0.5907
vn 0.3464 -0.7864 0.5114
vn 0.3594 -0.8606 0.3609
vn -0.3605 -0.7911 0.4942
vn -0.5057 -0.5132 0.6935
vn -0.4632 -0.7357 0.4941
vn 0.5429 -0.1758 -0.8212
vn 0.5784 -0.3668 -0.7286
vn 0.4354 -0.3846 -0.8140
vn -0.1289 -0.9915 -0.0186
vn -0.2212 -0.9564 0.1907
vn -0.2117 -0.9031 -0.3736
vn -0.1272 -0.3255 -0.9370
vn -0.4554 -0.2878 -0.8425
vn 0.0638 -0.5218 -0.8507
vn 0.1327 -0.9891 0.0640
vn 0.1234 -0.9285 0.3503
vn 0.3732 -0.8410 0.3917
vn 0.8325 -0.0055 -0.5540
vn 0.9209 0.1275 -0.3684
vn 0.8829 0.2119 -0.4191
vn 0.9079 -0.3520 0.2277
vn 0.2931 -0.3469 0.8909
vn 0.1829 -0.2181 0.9586
vn -0.1125 -0.9446 -0.3082
vn -0.0097 -0.9644 -0.2641
vn -0.2675 -0.0373 -0.9628
vn -0.2284 0.1708 -0.9585
vn -0.1256 -0.0563 -0.9905
vn -0.4028 -0.5614 -0.7229
vn -0.3896 -0.5547 -0.7352
vn -0.2900 -0.7642 -0.5761
vn 0.3196 -0.0297 -0.9471
vn 0.4419 -0.0462 -0.8959
vn 0.3967 -0.1549 -0.9048
vn 0.6472 -0.0761 0.7585
vn 0.7385 -0.0265 0.6737
vn 0.7316 0.0013 0.6818
vn -0.2792 -0.2199 -0.9347
vn -0.4728 -0.1272 -0.8720
vn -0.3209 -0.3353 -0.8858
vn 0.8414 -0.3188 -0.4364
vn 0.7339 0.4879 0.4725
vn 0.8004 0.0568 0.5967
vn 0.8428 -0.2544 0.4743
vn 0.2098 -0.8899 0.4051
vn 0.1558 -0.8308 0.5343
vn 0.1113 -0.9296 0.3514
vn -0.1939 -0.1788 -0.9646
vn -0.3509 -0.1657 -0.9216
vn 0.7806 -0.2684 -0.5644
vn 0.9626 -0.0439 -0.2672
vn 0.9936 0.1036 -0.0444
vn 0.1318 0.0029 0.9913
vn 0.1212 0.6419 0.7572
vn -0.9094 -0.2671 0.3190
vn -0.9136 -0.1456 0.3797
vn -0.9476 -0.2257 0.2261
vn 0.4717 -0.5265 -0.7073
vn -0.6415 -0.7553 -0.1341
vn -0.3231 -0.9437 -0.0711
vn -0.4858 -0.8740 0.0139
vn -0.1825 -0.9795 -0.0852
vn -0.1971 -0.9191 -0.3412
vn -0.8479 -0.2626 0.4606
vn 0.0523 -0.9718 -0.2300
vn 0.0323 -0.9724 -0.2311
vn -0.5774 -0.7770 -0.2508
vn -0.6949 -0.5183 -0.4985
vn -0.5369 -0.7522 -0.3820
vn -0.1414 -0.9720 -0.1877
vn -0.1557 -0.9724 -0.1740
vn -0.2607 -0.9175 -0.3004
vn 0.9509 -0.3087 0.0195
vn 0.9357 -0.3528 0.0069
vn 0.8612 -0.4874 -0.1443
vn -0.0882 -0.9764 -0.1973
vn -0.1122 -0.9732 -0.2007
vn 0.7559 -0.1999 -0.6234
vn 0.6526 -0.3894 -0.6499
vn 0.6584 -0.1962 -0.7266
vn 0.0562 -0.5299 -0.8462
vn -0.0723 -0.3627 -0.9291
vn 0.0176 -0.0031 0.9998
vn 0.2014 -0.9008 -0.3847
vn 0.3794 -0.7585 -0.5299
vn 0.2985 -0.8900 -0.3446
vn -0.2032 -0.5675 -0.7979
vn -0.3250 -0.5764 -0.7498
vn -0.3103 -0.3526 -0.8828
vn -0.6715 -0.1791 -0.7190
vn -0.6251 -0.0400 -0.7795
vn -0.5619 -0.1734 -0.8089
vn 0.3156 -0.9026 -0.2928
vn 0.1282 -0.9432 -0.3065
vn 0.1867 -0.9811 -0.0507
vn 0.6299 0.1089 0.7690
vn -0.0991 -0.9150 0.3910
vn -0.2371 -0.8621 0.4479
vn -0.3019 -0.9080 0.2904
vn 0.4833 -0.4488 0.7517
vn 0.5307 -0.5831 0.6151
vn 0.6380 -0.3772 0.6714
vn -0.1557 -0.0843 -0.9842
vn -0.0550 0.0009 -0.9985
vn -0.9780 -0.0391 -0.2047
vn -0.9754 -0.1871 -0.1164
vn -0.9949 -0.0551 -0.0842
vn 0.3453 -0.0006 0.9385
vn 0.3635 -0.0495 0.9303
vn 0.4561 0.0003 0.8899
vn -0.2133 -0.9696 0.1198
vn -0.2206 -0.9705 0.0973
vn -0.3587 0.5056 0.7847
vn -0.4312 -0.0043 0.9022
vn -0.3074 -0.3806 0.8721
vn 0.0722 -0.8412 -0.5358
vn 0.3051 -0.8728 -0.3810
vn 0.3477 -0.7306 -0.5877
vn -0.7977 -0.0375 -0.6019
vn -0.8467 -0.1511 -0.5102
vn -0.8779 -0.0422 -0.4771
vn -0.8493 0.0069 -0.5279
vn -0.8755 -0.2743 -0.3979
vn -0.7228 0.5446 -0.4255
vn 0.4353 0.0779 -0.8969
vn 0.5190 -0.0021 -0.8548
vn 0.3316 -0.3066 -0.8922
vn -0.9434 -0.1948 -0.2683
vn -0.8663 -0.4749 -0.1553
vn -0.3230 -0.9460 0.0261
vn -0.5836 -0.8114 -0.0309
vn -0.8955 -0.4181 0.1527
vn -0.9837 -0.1721 0.0528
vn -0.9180 -0.3951 0.0339
vn 0.5350 -0.8439 0.0398
vn 0.5831 -0.7942 0.1710
vn 0.3637 -0.9252 0.1084
vn -0.8315 -0.4569 0.3161
vn 0.0256 -0.4024 -0.9151
vn -0.0542 -0.3472 -0.9362
vn 0.0043 -0.5315 -0.8470
vn -0.6187 -0.2925 0.7291
vn -0.5228 -0.1034 0.8462
vn -0.6244 -0.0911 0.7758
vn -0.5009 -0.2790 0.8193
vn -0.0375 -0.6281 -0.7772
vn 0.0807 -0.7722 -0.6302
vn -0.0152 -0.8452 -0.5343
vn -0.5206 -0.7929 -0.3166
vn -0.3041 -0.9075 -0.2898
vn -0.3842 -0.7296 -0.5657
vn 0.6265 -0.5070 -0.5920
vn 0.6253 -0.6668 -0.4054
vn -0.4228 0.6460 -0.6356
vn -0.5438 -0.0005 -0.8392
vn -0.5902 -0.3680 -0.7185
vn 0.0005 -0.2712 -0.9625
vn -0.1298 -0.2388 -0.9623
vn 0.3958 -0.3359 0.8547
vn 0.4266 -0.5711 0.7014
vn -0.2569 -0.7178 0.6472
vn 0.0686 0.5440 -0.8363
vn -0.0498 0.4479 -0.8927
vn -0.7264 -0.5188 -0.4507
vn -0.8625 -0.2820 -0.4202
vn -0.7529 -0.3198 -0.5751
vn 0.5190 -0.8533 -0.0505
vn 0.7385 -0.6743 -0.0046
vn 0.1498 -0.0433 -0.9878
vn 0.0885 -0.1599 -0.9832
vn 0.0958 0.1558 -0.9831
vn 0.1839 -0.0285 -0.9825
vn 0.2575 0.2810 -0.9245
vn -0.6364 0.1923 0.7470
vn -0.3281 -0.7878 0.5212
vn -0.5345 -0.8011 0.2694
vn 0.8519 -0.1681 -0.4961
vn 0.9072 -0.0442 -0.4184
vn 0.8991 -0.2062 -0.3862
vn 0.9288 -0.3445 -0.1368
vn 0.6691 -0.3674 -0.6460
vn 0.7146 -0.2835 -0.6395
vn 0.5782 -0.1583 -0.8004
vn -0.0931 -0.2498 -0.9638
vn 0.9397 -0.2847 -0.1893
vn -0.5502 0.0519 -0.8334
vn 0.2018 -0.9533 0.2248
vn 0.3667 -0.7964 0.4810
vn -0.1903 -0.7658 -0.6143
vn 0.5399 -0.0160 -0.8416
vn 0.0274 -0.9487 -0.3150
vn 0.1471 -0.8770 -0.4574
vn -0.7631 -0.6457 -0.0274
vn -0.4827 -0.8756 0.0173
vn -0.5698 -0.8182 0.0767
vn -0.7112 -0.3769 0.5934
vn -0.5455 -0.6313 0.5512
vn -0.6080 -0.7236 0.3265
vn 0.0428 -0.3621 0.9311
vn 0.0859 -0.6613 0.7451
vn -0.1424 -0.4832 0.8638
vn 0.6530 0.4981 0.5705
vn -0.3038 -0.8417 0.4464
vn -0.1983 -0.9604 0.1956
vn -0.1996 -0.9582 0.2049
vn 0.0384 -0.9422 0.3327
vn -0.0011 -0.9732 0.2299
vn -0.4660 -0.8765 -0.1209
vn 0.2104 -0.9716 -0.1087
vn 0.0110 -0.9919 -0.1266
vn -0.0062 -0.9672 0.2538
vn 0.3440 -0.7222 0.6000
vn 0.0985 -0.9948 -0.0271
vn 0.4751 -0.8799 0.0083
vn 0.4013 -0.9098 -0.1058
vn -0.3837 0.1743 -0.9069
vn 0.0623 -0.7714 0.6333
vn -0.0151 -0.9818 0.1893
vn -0.0427 -0.9468 0.3190
vn 0.3993 -0.8420 0.3627
vn 0.2110 -0.9412 0.2638
vn -0.9313 -0.0738 -0.3567
vn -0.9996 -0.0025 0.0285
vn -0.9791 0.2004 -0.0350
vn -0.9790 0.1748 0.1051
vn -0.2026 -0.9527 0.2265
vn -0.4684 -0.7969 0.3815
vn -0.9688 -0.0002 -0.2477
vn -0.9325 -0.1210 -0.3402
vn -0.4512 -0.8816 0.1390
vn -0.3447 -0.9371 0.0552
vn -0.2535 -0.9386 0.2341
vn 0.8749 -0.4814 0.0532
vn 0.7104 -0.6941 0.1163
vn -0.0424 -0.8711 -0.4893
vn 0.0514 -0.9904 -0.1281
vn 0.0165 -0.9520 -0.3055
vn -0.4929 -0.8631 -0.1103
vn -0.0598 -0.9377 -0.3423
vn -0.3610 -0.7598 -0.5407
vn 0.2663 -0.9639 0.0085
vn 0.9159 -0.3993 -0.0404
vn 0.5263 -0.7178 0.4558
vn 0.2284 -0.9695 0.0886
vn -0.0093 -0.9448 0.3277
vn 0.4671 -0.8510 -0.2398
vn 0.6255 -0.7630 -0.1633
vn 0.3787 -0.9183 -0.1158
vn -0.0262 -0.9826 0.1838
vn 0.2213 0.5409 0.8115
vn 0.2441 -0.0009 0.9698
vn 0.1403 -0.9396 -0.3123
vn 0.3119 -0.9280 -0.2038
vn 0.1949 -0.8658 -0.4609
vn 0.0152 -0.9784 -0.2062
vn 0.2617 -0.9480 -0.1810
vn 0.4594 -0.8088 -0.3672
vn -0.3206 -0.6193 0.7167
vn -0.4830 -0.5423 0.6875
vn -0.2581 -0.7033 0.6624
vn 0.7341 -0.0602 -0.6763
vn 0.8290 -0.0456 -0.5574
vn 0.1685 -0.9710 -0.1694
vn 0.1680 -0.9733 -0.1566
vn 0.5613 -0.6079 -0.5616
vn 0.6286 -0.7626 -0.1529
vn 0.2187 -0.9755 0.0227
vn -0.1159 -0.9694 -0.2163
vn 0.2543 -0.9480 -0.1916
vn 0.5630 0.0013 0.8265
vn 0.4129 0.6179 0.6691
vn -0.9430 -0.0015 0.3328
vn -0.9749 -0.0097 0.2226
vn -0.9426 -0.0395 0.3317
vn 0.3153 -0.6960 -0.6451
vn 0.2772 -0.6073 -0.7446
vn -0.0948 -0.9925 -0.0775
vn -0.0271 -0.9630 -0.2680
vn -0.1208 -0.6304 0.7668
vn -0.3691 -0.8548 0.3647
vn -0.1092 -0.9588 -0.2624
vn -0.1796 -0.9574 -0.2263
vn 0.1850 -0.7142 -0.6751
vn 0.0629 -0.6576 -0.7507
vn 0.8369 0.5418 0.0778
vn 0.9946 -0.0842 0.0600
vn 0.8899 0.4555 -0.0246
vn 0.6055 -0.6352 -0.4794
vn 0.5877 -0.7501 -0.3031
vn 0.1679 -0.6822 -0.7117
vn 0.3040 -0.8861 -0.3498
vn 0.1704 -0.9704 -0.1711
vn 0.3595 -0.1976 -0.9120
vn -0.3637 -0.8434 -0.3956
vn 0.1788 -0.7058 0.6855
vn 0.1319 -0.5163 0.8462
vn 0.0346 -0.8054 0.5917
vn -0.1882 -0.9610 -0.2028
vn -0.3527 -0.8058 -0.4758
vn 0.2477 -0.5225 0.8159
vn -0.4252 -0.8387 -0.3402
vn -0.6335 -0.5406 -0.5535
vn -0.1424 -0.9584 -0.2474
vn -0.2771 -0.6756 -0.6832
vn -0.5339 -0.5655 0.6286
vn -0.1083 -0.9622 0.2500
vn -0.2987 -0.9194 0.2561
vn -0.4055 -0.9140 -0.0137
vn -0.5597 -0.7992 0.2191
vn -0.1346 -0.9901 0.0389
vn -0.3519 -0.9319 -0.0878
vn -0.5723 -0.8142 -0.0977
vn -0.6374 -0.7462 -0.1923
vn -0.2262 -0.9739 -0.0168
vn 0.5195 0.5492 0.6546
vn 0.6674 -0.0530 0.7428
vn -0.7654 0.0010 -0.6436
vn -0.7069 -0.0657 -0.7042
vn -0.6330 0.1872 -0.7512
vn -0.7658 -0.6340 0.1077
vn 0.4592 -0.8000 -0.3862
vn -0.4124 -0.8601 -0.3001
vn -0.0850 -0.9785 -0.1879
vn 0.0135 -0.9643 -0.2646
vn 0.0320 -0.9036 0.4271
vn -0.3707 -0.8591 0.3529
vn -0.3309 -0.9031 0.2736
vn -0.3981 -0.8929 0.2105
vn -0.1319 -0.9782 0.1604
vn -0.5699 -0.7153 0.4044
vn -0.6643 -0.6718 0.3277
vn 0.1375 -0.9315 0.3368
vn 0.3465 -0.9369 0.0466
vn 0.8521 -0.5196 -0.0621
vn -0.6547 -0.4828 0.5816
vn -0.7567 -0.4665 0.4581
vn -0.2580 -0.9561 0.1391
vn -0.4497 -0.8909 0.0646
vn 0.9852 -0.0017 -0.1717
vn 0.9994 -0.0069 -0.0336
vn -0.3945 -0.8989 -0.1909
vn -0.7550 -0.6104 0.2396
vn -0.1441 -0.9894 -0.0162
vn 0.7944 -0.4471 -0.4112
vn 0.0290 -0.9979 0.0577
vn 0.5370 -0.8031 0.2581
vn -0.9305 -0.3616 -0.0592
vn 0.0193 -0.9953 0.0947
vn 0.4997 -0.6385 0.5854
vn 0.3276 -0.9028 0.2785
vn 0.2017 -0.9292 0.3097
vn 0.6302 -0.6500 0.4248
vn 0.5244 -0.8505 0.0399
vn 0.4526 -0.8873 0.0883
vn 0.8774 -0.4644 -0.1200
vn 0.0827 -0.9957 0.0425
vn -0.0133 -0.7268 0.6867
vn 0.6864 -0.7116 0.1498
vn 0.4264 -0.9026 0.0592
vn 0.1382 -0.9692 0.2039
vn 0.1026 -0.9946 0.0147
vn 0.1013 -0.8366 0.5384
vn -0.3551 -0.9045 -0.2363
vn 0.0246 -0.9162 -0.3999
vn 0.2702 -0.7513 0.6021
vn 0.2389 -0.9680 -0.0766
vn 0.5845 -0.8085 -0.0681
vn 0.3852 -0.8516 -0.3555
vn 0.5881 -0.6806 -0.4369
vn 0.8149 -0.5185 -0.2589
vn -0.0993 -0.7995 -0.5924
vn -0.2006 -0.0824 0.9762
vn -0.2932 0.1361 0.9463
vn 0.1446 -0.9826 0.1162
vn 0.5441 -0.8029 0.2435
vn 0.4057 -0.6437 -0.6490
vn 0.3039 -0.9207 -0.2449
vn 0.5402 -0.6645 -0.5163
vn -0.6773 0.5103 -0.5300
vn -0.0890 -0.9857 -0.1431
vn 0.0590 -0.9874 -0.1468
vn -0.1125 -0.9230 -0.3679
vn -0.4977 -0.8612 -0.1028
vn -0.7902 -0.6063 -0.0892
vn 0.4909 -0.8403 -0.2298
vn 0.2199 -0.7874 -0.5758
vn 0.0609 -0.8711 0.4872
vn 0.2055 -0.5637 -0.8000
vn 0.0614 -0.6405 -0.7655
vn 0.5983 -0.7521 -0.2765
vn -0.6158 -0.7177 -0.3250
vn -0.1946 -0.9626 -0.1884
vn -0.2167 -0.6525 -0.7261
vn -0.0652 -0.8908 -0.4498
vn 0.3292 -0.9282 -0.1735
vn -0.4795 -0.6485 -0.5912
vn -0.4092 -0.8767 -0.2529
vn -0.2452 -0.9145 -0.3218
vn 0.5590 -0.7123 -0.4244
vn -0.0290 -0.9739 -0.2251
vn -0.0094 -0.9995 -0.0298
vn 0.5400 -0.5120 -0.6680
vn -0.7533 -0.6411 -0.1470
vn -0.6056 -0.6516 -0.4567
vn -0.1213 -0.9912 -0.0527
vn -0.6583 -0.7022 0.2713
vn -0.3508 -0.5969 -0.7216
vn -0.6900 -0.7056 0.1610
vn -0.3501 -0.8882 0.2977
vn -0.5862 -0.7811 -0.2150
vn -0.2947 -0.9493 0.1098
vn -0.1272 -0.9911 -0.0382
vn -0.2635 -0.7823 0.5644
vn -0.1145 -0.9723 0.2040
vn -0.0817 -0.9958 0.0419
vn -0.0683 -0.5182 0.8525
vn -0.9172 -0.3111 -0.2489
vn -0.3518 -0.4982 -0.7925
vn -0.6597 -0.4558 -0.5975
vn -0.0088 -0.8483 0.5294
vn -0.0661 -0.3693 0.9270
vn -0.6190 -0.3379 0.7090
vn -0.0598 -0.8934 0.4452
vn -0.6841 -0.7122 0.1573
vn -0.0978 -0.9930 0.0665
vn 0.4063 -0.4583 0.7905
vn 0.5730 -0.2582 0.7778
vn 0.7056 -0.5224 -0.4788
vn 0.7448 -0.3804 -0.5483
vn -0.5770 -0.4719 -0.6666
vn -0.8398 -0.3021 -0.4510
vn 0.5556 -0.7540 0.3504
vn 0.5856 -0.4098 0.6993
vn -0.2007 -0.9537 0.2242
vn 0.6179 -0.7733 -0.1420
vn 0.7669 -0.6418 0.0074
vn 0.4196 -0.9076 -0.0091
vn 0.6042 -0.4475 -0.6593
vn 0.1392 -0.6872 0.7130
vn 0.3921 -0.7263 0.5645
vn 0.0456 -0.8291 0.5572
vn -0.2251 -0.4287 0.8750
vn -0.7620 -0.5178 0.3889
vn 0.3274 -0.1751 0.9285
vn 0.1314 -0.9830 0.1285
vn 0.2745 -0.9534 0.1256
vn -0.6204 -0.3028 -0.7234
vn -0.2368 -0.6807 -0.6933
vn -0.6956 -0.4438 -0.5650
vn -0.1769 -0.9741 -0.1411
vn -0.3051 -0.9260 -0.2222
vn -0.1697 -0.9721 -0.1622
vn -0.5606 -0.7533 -0.3439
vn -0.7322 -0.5998 -0.3226
vn 0.1530 -0.9790 0.1346
vn 0.1775 -0.9615 0.2099
vn 0.3096 -0.4593 0.8326
vn 0.9545 -0.0609 -0.2918
vn 0.9540 -0.1708 -0.2465
vn 0.2193 0.0504 0.9744
vn -0.0937 -0.7778 0.6215
vn -0.0194 -0.5331 0.8458
vn -0.9463 -0.2918 0.1392
vn -0.6849 -0.4484 0.5743
vn -0.8856 -0.4492 0.1180
vn 0.3848 -0.0763 -0.9198
vn 0.4060 0.5276 -0.7462
vn 0.8536 0.3890 -0.3465
vn 0.6460 0.6410 -0.4145
vn 0.4391 0.8724 -0.2148
vn 0.1298 0.9512 0.2799
vn 0.2487 0.9527 0.1745
vn 0.3169 0.9458 0.0704
vn -0.0942 0.9647 0.2461
vn 0.0323 0.9929 -0.1145
vn -0.2714 -0.2845 0.9194
vn -0.8276 -0.3908 0.4030
vn -0.8736 0.1663 0.4573
vn -0.7627 0.3155 0.5646
vn -0.8429 0.0295 0.5373
vn 0.6250 -0.4840 0.6125
vn 0.6842 -0.5815 0.4402
vn 0.7316 -0.3587 0.5797
vn -0.6778 -0.7273 0.1082
vn -0.6984 -0.7054 0.1206
vn 0.6895 -0.7183 0.0929
vn 0.7256 -0.6837 0.0784
vn 0.6733 -0.6972 0.2461
vn -0.6510 0.0523 -0.7573
vn -0.6360 0.0515 -0.7700
vn -0.6489 0.0522 -0.7590
vn 0.2648 0.9622 0.0631
vn 0.2012 0.9248 -0.3228
vn -0.1354 -0.2181 -0.9665
vn -0.7665 0.4389 0.4689
vn 0.8457 -0.5292 -0.0685
vn 0.3675 -0.7210 0.5874
vn 0.4476 -0.8832 0.1401
vn -0.7213 -0.1229 0.6817
vn -0.6708 0.4780 0.5670
vn -0.9678 0.0352 0.2494
vn -0.9448 0.0313 0.3261
vn -0.9687 0.0354 0.2457
vn 0.7532 -0.0015 -0.6578
vn 0.6647 -0.5828 -0.4675
vn -0.0759 -0.7229 0.6867
vn -0.3909 -0.6953 0.6032
vn 0.4875 -0.5816 0.6513
vn 0.7115 -0.5535 0.4329
vn 0.6957 -0.4328 0.5733
vn -0.8560 -0.4397 0.2718
vn -0.0180 -0.8709 -0.4911
vn 0.1055 -0.7110 -0.6953
vn 0.5259 -0.0586 -0.8485
vn 0.6515 -0.0062 -0.7587
vn 0.4122 0.0239 0.9108
vn 0.3219 0.0289 0.9463
vn 0.4239 0.0232 0.9054
vn -0.0924 -0.4824 -0.8711
vn 0.8549 -0.3973 -0.3337
vn 0.9076 -0.3440 -0.2407
vn -0.0883 -0.7408 -0.6658
vn -0.6939 -0.3870 -0.6073
vn -0.4062 -0.2732 0.8720
vn -0.3497 -0.0972 0.9318
vn -0.0314 -0.8894 -0.4560
vn -0.8256 -0.5638 -0.0216
vn -0.7583 -0.6366 -0.1401
vn -0.7915 -0.6107 -0.0221
vn 0.9070 0.0351 -0.4197
vn 0.9381 0.0395 -0.3440
vn 0.9023 0.0345 -0.4296
vn -0.2783 -0.5975 0.7520
vn -0.1185 -0.7148 0.6893
vn -0.0070 -0.9717 0.2362
vn 0.0140 -0.9771 0.2121
vn 0.0404 -0.9574 0.2859
vn -0.7028 -0.5025 0.5036
vn -0.5878 -0.3949 0.7061
vn -0.5692 -0.5708 0.5918
vn -0.5143 -0.6654 0.5411
vn -0.0821 -0.0895 0.9926
vn -0.5990 -0.0587 0.7986
vn 0.2041 -0.9559 -0.2113
vn -0.2749 -0.8475 0.4541
vn -0.8828 0.2279 -0.4108
vn 0.2689 -0.5946 0.7577
vn -0.0562 -0.5759 0.8156
vn -0.5664 -0.6428 0.5157
vn -0.0283 -0.6064 0.7947
vn -0.5188 -0.6803 0.5177
vn -0.4682 -0.3226 -0.8226
vn 0.2298 -0.7659 -0.6005
vn -0.0860 0.2182 -0.9721
vn -0.2792 0.1363 -0.9505
vn -0.1854 0.1775 -0.9665
vn 0.1775 -0.5880 0.7892
vn 0.1032 -0.6089 0.7865
vn 0.6285 -0.6153 0.4758
vn 0.6817 -0.7166 0.1473
vn 0.4120 -0.8602 0.3005
vn 0.1811 -0.9513 0.2493
vn 0.1308 -0.9780 0.1623
vn 0.1692 -0.9734 0.1543
vn -0.9043 -0.4127 0.1093
vn 0.7355 -0.5938 0.3263
vn 0.4881 -0.6534 0.5787
vn 0.7278 -0.6856 0.0168
vn -0.9357 -0.3525 0.0126
vn -0.9452 -0.3264 -0.0052
vn -0.8499 -0.4485 -0.2768
vn -0.9540 -0.1500 0.2596
vn -0.4378 -0.0025 0.8991
vn -0.7594 -0.2673 -0.5931
vn 0.9874 -0.0573 -0.1478
vn -0.9986 -0.0414 0.0332
vn -0.3705 -0.6340 0.6788
vn -0.1859 -0.7222 0.6662
vn 0.9283 -0.0326 0.3703
vn 0.9035 0.1469 0.4027
vn 0.2860 -0.7007 0.6536
vn 0.1480 -0.8916 0.4279
vn 0.2165 -0.9024 0.3726
vn 0.7467 -0.5951 0.2972
vn -0.8208 0.4947 -0.2855
vn -0.7165 -0.1008 -0.6903
vn -0.7822 -0.6177 0.0815
vn -0.7066 -0.5884 0.3929
vn -0.0453 -0.8209 0.5692
vn 0.9901 0.1356 -0.0367
vn 0.9698 -0.0370 0.2412
vn 0.2352 -0.5060 0.8299
vn 0.0820 -0.6302 0.7721
vn 0.3421 -0.7601 0.5525
vn 0.3635 -0.6647 0.6527
vn 0.3604 -0.9325 0.0237
vn -0.0549 -0.6190 0.7835
vn -0.3112 -0.6796 0.6643
vn -0.2660 -0.6358 0.7246
vn 0.5080 -0.5267 -0.6815
vn -0.5576 -0.6221 -0.5496
vn -0.6549 -0.3539 -0.6677
vn 0.4648 -0.5616 0.6845
vn 0.6250 -0.6972 0.3511
vn 0.7753 -0.6036 0.1859
vn 0.4795 -0.5642 0.6722
vn 0.6590 -0.7253 0.1989
vn 0.7662 -0.5917 0.2509
vn 0.8494 -0.4776 -0.2248
vn 0.7719 -0.5940 -0.2268
vn 0.7309 -0.6667 0.1457
vn 0.5604 -0.8100 0.1729
vn 0.6644 -0.7234 -0.1877
vn 0.4961 -0.8569 -0.1402
vn 0.4818 -0.6309 -0.6082
vn 0.7005 -0.5672 -0.4330
vn 0.3484 -0.5367 -0.7685
vn 0.5742 -0.6482 -0.5001
vn 0.0793 -0.7051 -0.7046
vn 0.8071 -0.0238 -0.5900
vn -0.2028 -0.7229 -0.6605
vn -0.0075 -0.6596 -0.7516
vn 0.1033 -0.2596 0.9602
vn -0.0874 -0.2589 0.9619
vn -0.0234 -0.4626 0.8863
vn 0.1408 -0.7870 -0.6006
vn -0.6392 -0.6723 -0.3734
vn -0.2665 -0.5697 -0.7774
vn -0.6932 -0.6312 -0.3480
vn -0.8818 -0.3544 0.3111
vn -0.7342 -0.6316 -0.2491
vn -0.7323 -0.6791 0.0515
vn -0.7949 -0.6046 -0.0512
vn -0.4994 -0.3898 0.7737
vn -0.7417 -0.6457 -0.1814
vn -0.7116 -0.6660 0.2238
vn 0.2035 -0.0737 0.9763
vn 0.3330 -0.1679 0.9279
vn -0.7045 -0.6776 0.2109
vn -0.6229 -0.6229 0.4733
vn -0.5027 -0.7765 0.3799
vn -0.8150 -0.5740 0.0791
vn -0.2530 -0.9674 0.0081
vn -0.2303 -0.9726 0.0330
vn 0.6291 -0.0486 -0.7758
vn 0.9507 0.0588 0.3045
vn 0.6650 -0.3537 0.6578
vn 0.3798 -0.1286 0.9161
vn 0.4620 -0.1894 0.8664
vn 0.2452 -0.1820 -0.9522
vn 0.1340 -0.1138 -0.9844
vn -0.9605 0.2558 0.1096
vn -0.4117 -0.1218 -0.9032
vn 0.7972 -0.3237 0.5097
vn 0.9823 -0.0931 0.1627
vn 0.2680 -0.9627 0.0376
vn 0.2691 -0.1912 -0.9440
vn -0.9146 -0.2716 0.2996
vn -0.8108 -0.0918 0.5781
vn 0.9313 -0.3198 -0.1744
vn 0.9035 -0.2373 -0.3570
vn 0.6119 -0.6668 -0.4254
vn -0.0839 0.5341 -0.8413
vn -0.0890 0.5763 -0.8124
vn 0.1668 0.5310 -0.8308
vn -0.5437 -0.3159 0.7775
vn -0.4928 -0.1732 -0.8527
vn -0.5895 -0.1065 -0.8007
vn -0.2853 -0.5801 -0.7629
vn 0.4133 -0.6161 -0.6705
vn -0.2436 -0.5329 -0.8104
vn -0.2195 -0.2480 0.9436
vn -0.4497 -0.0991 0.8876
vn 0.8718 -0.1965 -0.4486
vn 0.8005 -0.1001 -0.5909
vn -0.1228 -0.2895 0.9493
vn 0.8354 -0.5110 -0.2026
vn 0.7611 -0.6370 0.1223
vn 0.4818 -0.2224 -0.8476
vn -0.9352 -0.3538 0.0110
vn -0.5541 -0.5371 0.6360
vn 0.5986 -0.1060 0.7940
vn 0.5987 -0.1051 0.7941
vn -0.1592 -0.5322 -0.8315
vn -0.9831 -0.1065 -0.1491
vn 0.6277 -0.4015 -0.6670
vn 0.7703 -0.1693 0.6147
vn 0.7340 -0.1563 0.6609
vn -0.2118 -0.9747 -0.0707
vn -0.2223 -0.9702 -0.0968
vn -0.0509 -0.1381 0.9891
vn -0.0606 -0.2830 0.9572
vn -0.9744 -0.1898 -0.1203
vn -0.9774 -0.1954 -0.0809
vn 0.7413 -0.4864 0.4625
vn 0.9053 -0.4219 0.0499
vn 0.2876 -0.9418 0.1741
vn -0.9041 -0.3950 -0.1630
vn -0.5129 -0.1083 0.8516
vn 0.6563 -0.2771 0.7018
vn 0.6787 -0.2498 0.6906
vn -0.8994 -0.0749 0.4306
vn 0.2851 -0.6212 0.7299
vn -0.9982 0.0296 0.0515
vn 0.3507 -0.2331 0.9070
vn 0.1001 -0.2212 -0.9701
vn 0.0970 -0.1171 -0.9884
vn -0.3317 -0.7523 -0.5692
vn 0.3635 -0.4063 -0.8383
vn -0.6469 -0.3613 -0.6715
vn 0.6625 -0.2678 -0.6995
vn -0.9611 0.0513 -0.2715
vn -0.9658 0.0698 -0.2499
vn 0.7516 -0.2314 -0.6177
vn 0.9771 -0.2122 0.0145
vn 0.4128 -0.3870 -0.8245
vn -0.6158 -0.3562 -0.7028
vn 0.6936 -0.2656 -0.6696
vn 0.5879 -0.3606 -0.7241
vn -0.2747 -0.0927 0.9570
vn 0.8381 -0.3368 0.4292
vn -0.8747 -0.2550 -0.4123
vn -0.6864 -0.2532 0.6818
vn -0.7737 -0.3616 -0.5202
vn 0.8204 -0.0727 -0.5672
vn -0.6796 -0.2439 -0.6919
vn 0.0396 -0.8898 0.4546
vn 0.8437 -0.5025 0.1887
vn 0.8270 -0.2966 0.4776
vn 0.6453 -0.3808 0.6623
vn 0.9764 -0.1541 0.1511
vn 0.9966 -0.0627 0.0530
vn 0.9769 -0.0412 0.2098
vn 0.8157 0.2636 0.5149
vn 0.8883 -0.1496 0.4342
vn 0.0413 -0.0425 0.9982
vn 0.9606 0.0943 0.2615
vn 0.9428 -0.0517 0.3293
vn 0.9598 -0.2307 0.1599
vn -0.2855 -0.7749 -0.5638
vn -0.9933 0.0043 -0.1157
vn 0.8846 -0.4049 -0.2314
vn 0.7867 0.0503 0.6152
vn -0.2810 0.3413 0.8969
vn 0.8984 -0.3966 0.1884
vn 0.5648 -0.1647 -0.8086
vn 0.0700 0.1338 -0.9885
vn -0.1199 -0.9190 0.3757
vn -0.1243 -0.9701 0.2083
vn 0.7254 0.4172 -0.5475
vn 0.6985 -0.4767 -0.5337
vn 0.9006 -0.4343 -0.0159
vn -0.8632 -0.2866 0.4155
vn 0.5401 0.4162 -0.7315
vn 0.9537 -0.2694 -0.1337
vn 0.9905 -0.1279 -0.0504
vn -0.4534 -0.1469 0.8791
vn 0.5874 -0.1639 0.7926
vn -0.8448 0.5021 0.1849
vn -0.3373 0.9400 0.0507
vn -0.7564 0.6536 0.0265
vn 0.5751 0.6211 -0.5324
vn 0.2144 0.9354 -0.2813
vn -0.2938 0.9335 0.2055
vn -0.7138 0.6350 0.2955
vn 0.7505 -0.6057 -0.2645
vn 0.8190 -0.5590 -0.1296
vn 0.3710 -0.9095 0.1876
vn 0.8961 -0.3252 0.3022
vn 0.9518 -0.1528 0.2658
vn -0.0180 0.9481 -0.3175
vn 0.1764 0.6124 -0.7706
vn -0.4154 -0.8842 -0.2133
vn -0.4156 0.6293 0.6567
vn 0.3319 0.4706 0.8175
vn -0.5903 -0.0856 0.8026
vn -0.6208 -0.3947 0.6773
vn -0.3283 0.4500 -0.8305
vn -0.1505 0.9162 -0.3713
vn -0.1589 0.6019 -0.7826
vn 0.2707 -0.9607 0.0613
vn 0.2321 -0.9727 -0.0044
vn 0.2478 0.9338 0.2582
vn -0.0125 0.9454 0.3258
vn 0.7965 0.4526 0.4008
vn 0.7349 0.6174 0.2806
vn 0.8696 0.4527 0.1972
vn -0.2064 0.9675 -0.1460
vn -0.5331 0.6539 -0.5368
vn 0.3410 0.9396 -0.0302
vn -0.8180 0.4764 -0.3223
vn -0.2669 0.9586 -0.0996
vn 0.7904 0.5877 -0.1729
vn -0.1653 -0.9573 -0.2371
vn 0.0894 0.9929 0.0786
vn 0.3073 -0.9479 0.0839
vn 0.1647 0.9830 0.0813
vn -0.0157 0.9999 0.0027
vn 0.8906 -0.4162 0.1835
vn 0.1324 0.9905 -0.0368
vn 0.1463 -0.9877 -0.0544
vn -0.0135 -0.9994 -0.0308
vn -0.1775 -0.7529 0.6337
vn 0.0892 -0.9590 -0.2691
vn -0.5306 0.4717 0.7042
vn -0.7891 0.4720 0.3932
vn -0.0196 0.0293 0.9994
vn -0.2483 -0.6972 -0.6724
vn 0.3647 -0.1750 -0.9145
vn 0.2130 -0.2896 0.9331
vn 0.3154 -0.3522 0.8812
vn 0.8053 -0.3081 0.5064
vn 0.7595 -0.2139 0.6143
vn -0.5525 0.4834 -0.6790
vn -0.4512 -0.5612 -0.6939
vn -0.5356 -0.6234 -0.5697
vn -0.7649 -0.1463 -0.6273
vn -0.7107 -0.0512 -0.7016
vn -0.1338 -0.9771 0.1655
vn -0.2957 -0.6018 0.7419
vn -0.3888 -0.5612 0.7306
vn 0.8167 -0.0902 0.5699
vn -0.7236 -0.1893 0.6638
vn -0.2377 -0.2121 0.9479
vn -0.1242 -0.0741 0.9895
vn -0.1704 -0.4444 0.8795
vn 0.1519 -0.9701 0.1895
vn 0.3738 -0.9275 -0.0047
vn 0.6320 -0.7002 -0.3321
vn -0.0255 -0.9631 -0.2681
vn -0.5396 -0.8418 0.0110
vn -0.2587 -0.9658 -0.0154
vn 0.2672 -0.9251 0.2699
vn 0.2496 -0.8992 0.3594
vn 0.6205 -0.7613 0.1880
vn 0.3013 -0.8556 -0.4210
vn 0.2312 -0.9709 -0.0621
vn 0.2739 -0.9534 -0.1266
vn 0.2469 -0.9677 -0.0516
vn -0.1730 -0.7480 -0.6407
vn -0.7454 -0.3249 0.5821
vn -0.4847 -0.5821 0.6529
vn 0.3427 -0.6963 -0.6307
vn -0.9814 -0.0586 0.1827
vn 0.7002 -0.6775 -0.2252
vn -0.0779 -0.3447 -0.9355
vn 0.5538 -0.5393 0.6344
vn -0.5327 -0.0009 0.8463
vn 0.6678 -0.2509 0.7008
vn 0.3220 -0.5927 -0.7383
vn -0.6682 0.0533 -0.7420
vn -0.9850 0.0389 0.1684
vn -0.3851 -0.7575 -0.5270
vn 0.5020 0.0184 0.8647
vn 0.7371 -0.5159 -0.4365
vn 0.8681 0.0303 -0.4955
vn 0.0475 0.2684 -0.9621
vn -0.2327 -0.0280 0.9721
vn -0.3072 -0.3434 0.8875
vn -0.2171 -0.9738 0.0679
vn 0.1865 -0.9719 -0.1433
vn -0.8187 -0.1380 0.5574
vn -0.8807 -0.0494 0.4712
vn 0.3424 -0.5871 0.7336
vn 0.7031 -0.5999 0.3819
vn 0.1798 -0.9729 0.1451
vn 0.1857 -0.9755 0.1180
vn -0.3619 -0.6986 -0.6172
vn -0.6023 -0.6019 -0.5244
vn -0.6085 -0.7747 -0.1717
vn -0.8161 -0.5016 -0.2870
vn 0.0638 -0.6808 0.7297
vn -0.9513 -0.1491 0.2697
vn 0.1894 0.5315 0.8256
vn 0.4533 -0.2322 -0.8606
vn 0.7004 -0.0444 -0.7124
vn 0.5120 -0.2724 -0.8146
vn 0.2663 0.7990 0.5391
vn 0.8068 -0.5574 -0.1961
vn 0.8777 -0.4759 0.0557
vn -0.1307 -0.9840 -0.1210
vn -0.3430 -0.6849 0.6429
vn -0.7884 -0.2631 0.5561
vn 0.8302 -0.2067 0.5177
vn 0.7646 -0.4884 0.4206
vn 0.8858 -0.0990 -0.4533
vn -0.5396 -0.1509 0.8283
vn -0.0784 0.7012 -0.7087
vn -0.0915 -0.0226 -0.9955
vn -0.1790 -0.3006 -0.9368
vn 0.2981 -0.4916 -0.8182
vn 0.9276 -0.3735 0.0002
vn 0.0451 0.3719 0.9272
vn 0.2853 0.2161 0.9338
vn 0.1140 -0.6801 -0.7242
vn 0.7268 -0.6662 -0.1671
vn 0.7019 -0.6091 0.3692
vn 0.3515 -0.1672 0.9212
vn -0.6795 -0.6349 0.3677
vn -0.9011 -0.3146 -0.2985
vn -0.3310 -0.5197 0.7876
vn -0.1683 -0.4485 0.8778
vn -0.8982 -0.0900 -0.4303
vn -0.9338 -0.1786 -0.3100
vn -0.1499 -0.2333 -0.9608
vn 0.9828 0.1838 0.0172
vn -0.6358 -0.2511 0.7299
vn 0.7065 -0.1742 0.6860
vn 0.3276 -0.2072 -0.9218
vn 0.4902 -0.0342 0.8710
vn 0.6776 -0.2360 -0.6966
vn 0.3381 -0.2332 0.9118
vn 0.2424 -0.0329 0.9696
vn -0.8669 -0.2647 -0.4224
vn 0.6970 -0.1300 -0.7052
vn 0.4596 -0.2494 0.8524
vn -0.9587 -0.2404 0.1519
vn 0.0695 -0.3695 0.9266
vn -0.4969 -0.0102 0.8677
vn 0.8158 -0.1217 0.5653
vn 0.9310 -0.2182 -0.2925
vn -0.2610 -0.3390 -0.9039
vn -0.9795 -0.1891 -0.0692
vn -0.0100 -0.4066 -0.9135
vn 0.9215 -0.3716 0.1127
vn 0.9555 0.0018 -0.2950
vn 0.0668 0.1164 -0.9910
vn -0.6702 -0.3356 0.6619
vn 0.9507 0.2728 0.1475
vn -0.8861 0.4585 -0.0678
vn -0.7599 0.6329 -0.1486
vn -0.1690 -0.3327 -0.9278
vn 0.2933 0.6318 -0.7175
vn -0.5597 0.4850 0.6719
vn -0.3083 0.8973 0.3159
vn -0.3729 0.4671 -0.8017
vn -0.0059 -0.0423 -0.9991
vn 0.3454 -0.9363 -0.0644
vn 0.1289 -0.9836 -0.1259
vn 0.0371 -0.9883 -0.1482
vn 0.0628 -0.9955 -0.0704
vn 0.1415 0.9896 0.0264
vn 0.0753 0.9948 -0.0689
vn -0.9480 -0.2468 0.2008
vn -0.9485 -0.2525 0.1912
vn -0.9491 -0.2977 0.1032
vn 0.7031 -0.1684 0.6909
vn -0.3339 0.3056 0.8917
vn -0.0433 -0.1655 -0.9853
vn 0.0015 -1.0000 -0.0005
vn -0.0001 -1.0000 -0.0000
vn -0.0051 -1.0000 0.0012
vn -0.0096 -0.1572 0.9875
vn 0.6342 0.7716 0.0489
vn -0.2316 -0.9727 -0.0147
vn 0.9705 -0.2325 0.0644
vn 0.2807 -0.3830 -0.8801
vn -0.5186 -0.0287 -0.8546
vn 0.5482 -0.8357 0.0310
vn 0.9117 -0.1531 -0.3813
vn -0.0352 -0.9638 -0.2642
vn -0.2123 -0.0241 0.9769
vn -0.4930 -0.2209 0.8415
vn -0.1305 -0.9705 -0.2025
vn -0.2887 -0.9408 0.1777
vn -0.1221 -0.9676 0.2211
vn -0.0943 -0.9725 0.2131
vn -0.0675 -0.9740 0.2161
vn -0.4280 -0.0890 -0.8994
vn -0.9249 -0.1346 -0.3556
vn -0.9091 -0.1553 -0.3864
vn 0.2066 -0.9734 0.0987
vn 0.0842 -0.9741 -0.2097
vn 0.1570 -0.9792 0.1288
vn -0.0737 -0.9954 0.0606
vn -0.9410 -0.3380 0.0175
vn -0.6347 0.1836 0.7506
vn -0.1903 -0.9743 -0.1208
vn -0.0396 -0.9724 0.2299
vn -0.4318 -0.0307 0.9014
vn 0.0251 0.9972 -0.0699
vn 0.0569 0.9970 0.0528
vn 0.1588 0.9872 0.0139
vn 0.0698 0.9946 -0.0768
vn 0.2317 -0.9727 0.0095
vn 0.2067 -0.9779 0.0307
vn -0.7910 0.3844 -0.4760
vn 0.2011 -0.9765 -0.0769
vn -0.5639 -0.0177 -0.8256
vn 0.1371 -0.9742 -0.1790
vn 0.1266 -0.9732 -0.1920
vn 0.1850 -0.9756 -0.1186
vn 0.1860 -0.9778 -0.0969
vn 0.1108 -0.9763 0.1859
vn 0.1030 -0.9684 0.2273
vn -0.2810 0.0731 -0.9569
vn -0.2103 -0.9765 -0.0480
vn 0.8860 0.4157 -0.2055
vn 0.8856 0.4163 -0.2057
vn -0.8657 0.4131 0.2828
vn 0.2134 -0.9730 0.0882
vn 0.1008 -0.9752 -0.1970
vn -0.2208 -0.9741 0.0493
vn -0.2042 -0.9685 0.1424
vn 0.1615 -0.9752 -0.1511
vn 0.1456 -0.9759 -0.1628
vn -0.0760 -0.9773 -0.1979
vn -0.8425 -0.0171 -0.5384
vn 0.0597 -0.9762 0.2086
vn 0.0956 -0.9675 0.2340
vn -0.1548 -0.9764 0.1506
vn -0.0213 -0.9683 0.2491
vn -0.2148 -0.9709 -0.1062
vn 0.0345 -0.9786 0.2030
vn 0.2538 -0.8562 -0.4501
vn -0.1415 0.7133 -0.6864
vn -0.9566 0.2189 -0.1923
vn 0.2361 -0.9713 -0.0285
vn -0.2181 -0.9755 -0.0296
vn 0.2023 -0.9775 0.0604
vn -0.1833 -0.9720 0.1472
vn 0.6840 0.1144 0.7205
vn -0.2407 -0.9706 0.0058
vn 0.1494 -0.9888 0.0053
vn 0.0210 -0.9997 0.0146
vn -0.0012 -1.0000 -0.0010
vn -0.0331 -0.9992 -0.0201
vn -0.0006 -1.0000 -0.0007
vn 0.0001 -1.0000 -0.0005
vn 0.0278 -0.9989 0.0385
vn -0.0071 -0.9999 -0.0144
vn 0.0149 -0.9991 0.0395
vn 0.0004 -1.0000 -0.0008
vn -0.0207 -0.9997 0.0122
vn -0.0032 -1.0000 0.0023
vn -0.0028 -1.0000 0.0002
vn 0.0911 -0.9953 -0.0315
vn -0.0235 -0.9997 0.0081
vn -0.0169 -0.9998 -0.0052
vn -0.0280 -0.9996 -0.0092
vn 0.0008 -1.0000 0.0006
vn 0.0169 -0.9997 0.0147
vn -0.0186 -0.9997 -0.0177
vn 0.0144 -0.9998 0.0164
vn -0.0011 -0.9999 -0.0120
vn -0.0010 -1.0000 -0.0079
vn -0.0021 -1.0000 0.0017
vn -0.0070 -1.0000 0.0047
vn -0.0024 -1.0000 0.0015
vn -0.0004 -1.0000 0.0015
vn -0.0114 -0.9999 -0.0023
vn -0.0690 -0.9975 -0.0172
vn 0.0008 -1.0000 -0.0004
vn -0.0024 -1.0000 -0.0027
vn 0.0002 -1.0000 -0.0008
vn -0.0019 -1.0000 0.0011
vn -0.0008 -1.0000 0.0008
vn 0.0022 -0.9984 -0.0572
vn 0.0001 -1.0000 -0.0012
vn -0.0007 -1.0000 0.0040
vn 0.0084 -0.9998 -0.0195
vn -0.0022 -1.0000 0.0037
vn -0.0149 -0.9995 0.0279
vn -0.0370 -0.9990 0.0262
vn 0.0028 -1.0000 0.0011
vn -0.0008 -1.0000 -0.0009
vn 0.0004 -1.0000 0.0010
vn 0.0033 -1.0000 0.0015
vn 0.0020 -0.9999 0.0110
vn 0.0023 -0.9999 0.0121
vn 0.0009 -1.0000 -0.0046
vn 0.0014 -1.0000 -0.0033
vn -0.0298 -0.9980 0.0561
vn -0.0003 -1.0000 -0.0002
vn 0.0319 -0.9959 -0.0846
vn 0.0003 -1.0000 -0.0012
vn 0.0251 -0.9997 -0.0063
vn -0.0000 -1.0000 0.0011
vn -0.0077 -0.9994 -0.0336
vn -0.0008 -1.0000 0.0014
vn -0.0274 -0.9989 0.0386
vn 0.0571 -0.9981 -0.0240
vn -0.0784 -0.9967 0.0223
vn 0.0461 0.3275 -0.9437
vn -0.3117 0.2141 -0.9258
vn 0.0049 0.3966 -0.9180
vn -0.0000 -1.0000 -0.0000
vn -0.0000 -1.0000 -0.0001
vn -0.0000 -1.0000 0.0001
vn 0.0001 -1.0000 0.0001
vn -0.0001 -1.0000 -0.0001
vn 0.0002 -1.0000 0.0001
vn -0.0003 -1.0000 0.0001
vn 0.0003 -1.0000 -0.0002
vn -0.0004 -1.0000 0.0001
vn 0.0007 -1.0000 -0.0003
vn -0.0005 -1.0000 0.0006
vn -0.0012 -1.0000 0.0023
vn -0.0000 -1.0000 -0.0002
vn -0.0002 -1.0000 -0.0004
vn 0.0001 -1.0000 0.0002
vn 0.0001 -1.0000 -0.0000
vn 0.0003 -1.0000 -0.0000
vn 0.0002 -1.0000 -0.0000
vn -0.0002 -1.0000 -0.0002
vn -0.0002 -1.0000 0.0001
vn -0.0001 -1.0000 0.0001
vn -0.0009 -1.0000 0.0013
vn -0.0007 -1.0000 0.0009
vn 0.0004 -1.0000 -0.0011
vn 0.0024 -1.0000 -0.0038
vn 0.0008 -1.0000 -0.0000
vn -0.0008 -1.0000 -0.0001
vn -0.0002 -1.0000 0.0005
vn -0.0006 -1.0000 0.0008
vn 0.0092 -0.9999 0.0067
vn -0.0078 -0.9999 -0.0077
vn 0.0004 -1.0000 -0.0000
vn -0.0019 -1.0000 -0.0000
vn -0.0008 -1.0000 0.0009
vn -0.0002 -1.0000 -0.0001
vn 0.0023 -1.0000 0.0004
vn -0.0011 -1.0000 0.0005
vn 0.0006 -1.0000 -0.0013
vn -0.0003 -1.0000 0.0007
vn -0.0003 -1.0000 -0.0001
vn 0.0002 -1.0000 0.0003
vn -0.0007 -1.0000 -0.0002
vn 0.0027 -1.0000 -0.0021
vn -0.0022 -1.0000 0.0022
vn 0.7309 -0.1856 -0.6568
vn 0.6077 -0.5946 -0.5265
vn 0.2652 -0.5397 -0.7990
vn 0.2053 -0.1058 -0.9730
vn 0.3303 -0.3133 0.8904
vn 0.6944 -0.2031 0.6903
vn 0.4853 -0.0098 0.8743
vn -0.1462 -0.0454 0.9882
vn -0.0501 -0.3449 0.9373
vn -0.7638 -0.2139 0.6090
vn -0.8566 -0.4367 0.2748
vn -0.5167 -0.7310 0.4458
vn -0.3642 -0.4406 0.8205
vn -0.2254 -0.2701 -0.9361
vn -0.7311 -0.0534 0.6802
vn -0.3505 -0.6264 -0.6962
vn -0.9019 -0.4215 -0.0947
vn -0.9909 -0.0531 0.1237
vn 0.8531 -0.0301 0.5209
vn 0.6318 -0.6782 0.3753
vn 0.9149 -0.2998 0.2702
vn 0.1831 -0.7483 0.6376
vn -0.2452 -0.0434 -0.9685
vn -0.6149 -0.0372 -0.7878
vn 0.9963 -0.0477 0.0712
vn 0.8908 -0.4344 -0.1330
vn -0.7856 -0.1870 -0.5898
vn -0.6749 -0.6182 -0.4028
vn 0.9303 -0.0379 -0.3648
vn 0.6224 -0.0488 -0.7812
vn -0.2712 -0.9318 -0.2414
vn 0.4118 -0.8919 -0.1871
vn 0.2113 -0.9590 0.1888
vn 0.0279 -0.9389 -0.3432
vn -0.3871 -0.9218 0.0215
vn -0.1210 -0.9143 0.3865
vn -0.9298 -0.0279 -0.3671
vt 0.722669 0.480612
vt 0.684547 0.506652
vt 0.739846 0.542039
vt 0.371986 0.928827
vt 0.383320 0.855925
vt 0.314902 0.840648
vt 0.465520 0.060012
vt 0.420071 0.043936
vt 0.382927 0.068619
vt 0.731425 0.491582
vt 0.781743 0.536458
vt 0.741531 0.544597
vt 0.608428 0.716535
vt 0.563114 0.698059
vt 0.539285 0.748715
vt 0.330525 0.370096
vt 0.301096 0.406965
vt 0.301906 0.407466
vt 0.654620 0.711773
vt 0.687859 0.697144
vt 0.711649 0.657168
vt 0.415672 0.285548
vt 0.414797 0.333518
vt 0.444918 0.294680
vt 0.668287 0.641143
vt 0.804721 0.560720
vt 0.685654 0.541628
vt 0.558053 0.297035
vt 0.582349 0.360163
vt 0.558057 0.296393
vt 0.275350 0.376025
vt 0.247679 0.403319
vt 0.256739 0.438452
vt 0.342757 0.297564
vt 0.626403 0.537112
vt 0.387951 0.284021
vt 0.607403 0.459657
vt 0.539331 0.469030
vt 0.615887 0.510064
vt 0.454149 0.649488
vt 0.497702 0.733237
vt 0.400497 0.733736
vt 0.859646 0.201645
vt 0.842858 0.207842
vt 0.893064 0.259723
vt 0.691130 0.307290
vt 0.646721 0.273747
vt 0.682634 0.311621
vt 0.223029 0.132747
vt 0.210848 0.430501
vt 0.177871 0.166925
vt 0.777126 0.504092
vt 0.803993 0.466257
vt 0.737158 0.465650
vt 0.154980 0.515451
vt 0.174297 0.457283
vt 0.148101 0.430223
vt 0.794136 0.402340
vt 0.800837 0.409898
vt 0.799226 0.407088
vt 0.564908 0.171223
vt 0.533874 0.170882
vt 0.555419 0.181011
vt 0.257366 0.656038
vt 0.300986 0.646785
vt 0.323700 0.642968
vt 0.807276 0.410226
vt 0.556268 0.383842
vt 0.544109 0.325782
vt 0.414472 0.729214
vt 0.499986 0.708891
vt 0.373353 0.558244
vt 0.385468 0.639493
vt 0.440364 0.543738
vt 0.344120 0.296395
vt 0.343787 0.297558
vt 0.371413 0.285630
vt 0.660465 0.566158
vt 0.718049 0.558402
vt 0.696738 0.509465
vt 0.826110 0.534096
vt 0.835540 0.564680
vt 0.837075 0.639915
vt 0.352139 0.647466
vt 0.272755 0.650353
vt 0.335379 0.654039
vt 0.270400 0.654029
vt 0.771765 0.733953
vt 0.784841 0.649817
vt 0.739848 0.653436
vt 0.713764 0.112174
vt 0.611595 0.060882
vt 0.632028 0.088918
vt 0.408136 0.499523
vt 0.326793 0.503739
vt 0.167523 0.384222
vt 0.196173 0.338191
vt 0.152468 0.403053
vt 0.565642 0.644969
vt 0.581256 0.733936
vt 0.659304 0.478177
vt 0.690353 0.513130
vt 0.607666 0.491989
vt 0.773790 0.448060
vt 0.238257 0.557001
vt 0.264827 0.553570
vt 0.240502 0.489852
vt 0.280680 0.835504
vt 0.289673 0.881209
vt 0.740281 0.482458
vt 0.544404 0.702981
vt 0.524404 0.706546
vt 0.384348 0.285217
vt 0.342019 0.294835
vt 0.348091 0.285187
vt 0.375563 0.665822
vt 0.362752 0.655270
vt 0.341633 0.693625
vt 0.510750 0.354749
vt 0.497696 0.297629
vt 0.444039 0.294548
vt 0.417446 0.690333
vt 0.401809 0.682696
vt 0.187588 0.492228
vt 0.165782 0.456428
vt 0.153363 0.486421
vt 0.530940 0.448791
vt 0.468427 0.461557
vt 0.496811 0.644090
vt 0.713182 0.889634
vt 0.774179 0.872843
vt 0.794912 0.838704
vt 0.401848 0.446323
vt 0.303730 0.447367
vt 0.343934 0.469792
vt 0.171735 0.497370
vt 0.184604 0.557319
vt 0.219226 0.501164
vt 0.869294 0.411751
vt 0.863391 0.426743
vt 0.892284 0.416389
vt 0.808227 0.640747
vt 0.379996 0.142201
vt 0.283327 0.108349
vt 0.321401 0.170772
vt 0.764771 0.455320
vt 0.810080 0.443491
vt 0.824067 0.460644
vt 0.416424 0.648861
vt 0.479961 0.642732
vt 0.363901 0.643118
vt 0.402126 0.562742
vt 0.445004 0.496370
vt 0.457872 0.548332
vt 0.685324 0.640026
vt 0.681955 0.553381
vt 0.721474 0.640025
vt 0.319461 0.399812
vt 0.309311 0.420840
vt 0.300437 0.733817
vt 0.282307 0.652712
vt 0.334659 0.652848
vt 0.604047 0.849431
vt 0.674273 0.825414
vt 0.661851 0.803421
vt 0.196029 0.560326
vt 0.239833 0.510808
vt 0.259774 0.559262
vt 0.240856 0.646731
vt 0.300562 0.653570
vt 0.238662 0.733413
vt 0.716343 0.641005
vt 0.774573 0.640521
vt 0.666909 0.476960
vt 0.365771 0.499081
vt 0.426392 0.452812
vt 0.301363 0.798723
vt 0.306904 0.814464
vt 0.571271 0.457920
vt 0.524004 0.501980
vt 0.517307 0.460405
vt 0.951264 0.475144
vt 0.943997 0.385587
vt 0.916552 0.375105
vt 0.661898 0.455618
vt 0.508941 0.370412
vt 0.553917 0.296508
vt 0.503082 0.317816
vt 0.185622 0.474656
vt 0.242209 0.529723
vt 0.181968 0.533028
vt 0.243888 0.477573
vt 0.489748 0.966667
vt 0.549793 0.959118
vt 0.486572 0.955693
vt 0.184875 0.661885
vt 0.170148 0.678923
vt 0.196807 0.659145
vt 0.341565 0.294326
vt 0.410051 0.352679
vt 0.316244 0.284020
vt 0.227717 0.733541
vt 0.228975 0.645622
vt 0.181859 0.651914
vt 0.555010 0.367730
vt 0.555885 0.294422
vt 0.673965 0.382176
vt 0.687543 0.385231
vt 0.678920 0.410471
vt 0.534687 0.733641
vt 0.472165 0.733367
vt 0.238195 0.448653
vt 0.281157 0.477804
vt 0.203225 0.469862
vt 0.950730 0.545580
vt 0.966358 0.510574
vt 0.571970 0.555264
vt 0.545169 0.502720
vt 0.532618 0.643300
vt 0.595348 0.650708
vt 0.613170 0.642868
vt 0.263334 0.562525
vt 0.178704 0.640994
vt 0.338145 0.187229
vt 0.317552 0.188996
vt 0.248853 0.508245
vt 0.294930 0.556402
vt 0.302404 0.497883
vt 0.552853 0.296619
vt 0.401548 0.296420
vt 0.327092 0.366177
vt 0.335604 0.301311
vt 0.808941 0.410605
vt 0.459104 0.363326
vt 0.806609 0.409568
vt 0.794447 0.171493
vt 0.790158 0.143055
vt 0.275173 0.407135
vt 0.213114 0.393953
vt 0.265117 0.293469
vt 0.529865 0.936943
vt 0.622609 0.931136
vt 0.035259 0.509665
vt 0.052750 0.489380
vt 0.046031 0.446091
vt 0.693142 0.369255
vt 0.714063 0.386009
vt 0.694749 0.395496
vt 0.520909 0.362061
vt 0.518969 0.392528
vt 0.462164 0.385653
vt 0.827822 0.733504
vt 0.831258 0.481516
vt 0.590422 0.139757
vt 0.589216 0.123271
vt 0.570708 0.148111
vt 0.616929 0.127941
vt 0.587959 0.095332
vt 0.570230 0.851787
vt 0.554949 0.826984
vt 0.514004 0.846154
vt 0.407967 0.095502
vt 0.740240 0.100822
vt 0.711189 0.195983
vt 0.701399 0.179848
vt 0.699928 0.201724
vt 0.297704 0.639451
vt 0.810896 0.308442
vt 0.826751 0.283737
vt 0.798832 0.301202
vt 0.819315 0.326942
vt 0.837722 0.311016
vt 0.321412 0.547470
vt 0.517563 0.648582
vt 0.482982 0.642771
vt 0.541372 0.643239
vt 0.341407 0.323495
vt 0.291827 0.333245
vt 0.375419 0.650669
vt 0.308002 0.647450
vt 0.072506 0.372372
vt 0.132294 0.383682
vt 0.159620 0.318300
vt 0.491022 0.436753
vt 0.527157 0.452098
vt 0.571605 0.438583
vt 0.179719 0.696174
vt 0.177223 0.718165
vt 0.202327 0.699734
vt 0.573967 0.864052
vt 0.603654 0.870877
vt 0.584246 0.857164
vt 0.931526 0.485311
vt 0.476279 0.459732
vt 0.857092 0.580418
vt 0.889900 0.591967
vt 0.861698 0.573272
vt 0.893261 0.725913
vt 0.866343 0.580957
vt 0.917185 0.626103
vt 0.852734 0.570634
vt 0.628794 0.733269
vt 0.629338 0.643128
vt 0.679554 0.646918
vt 0.836022 0.698794
vt 0.845135 0.673666
vt 0.821918 0.687286
vt 0.825885 0.714217
vt 0.863125 0.715894
vt 0.850216 0.794079
vt 0.343069 0.349070
vt 0.343353 0.294230
vt 0.404029 0.284202
vt 0.163458 0.544463
vt 0.221646 0.554287
vt 0.729370 0.854614
vt 0.809104 0.796510
vt 0.815623 0.444279
vt 0.835876 0.455229
vt 0.690522 0.811682
vt 0.711751 0.817911
vt 0.700085 0.799322
vt 0.693465 0.840014
vt 0.725851 0.649780
vt 0.784367 0.649065
vt 0.757847 0.734471
vt 0.665469 0.640954
vt 0.608558 0.640140
vt 0.667289 0.558414
vt 0.721818 0.441852
vt 0.655807 0.448075
vt 0.570946 0.881320
vt 0.596735 0.896912
vt 0.467057 0.395942
vt 0.448512 0.401822
vt 0.798617 0.699713
vt 0.807274 0.704499
vt 0.810190 0.689389
vt 0.575496 0.855329
vt 0.548534 0.733883
vt 0.530819 0.651545
vt 0.480120 0.733322
vt 0.855330 0.424795
vt 0.826242 0.412311
vt 0.602860 0.955222
vt 0.600633 0.438478
vt 0.477774 0.439619
vt 0.411544 0.862490
vt 0.419555 0.882715
vt 0.425855 0.856680
vt 0.327766 0.820427
vt 0.567138 0.264711
vt 0.555914 0.294265
vt 0.529322 0.281602
vt 0.201906 0.819786
vt 0.220358 0.865556
vt 0.518996 0.180739
vt 0.538483 0.184386
vt 0.150966 0.794073
vt 0.127622 0.788514
vt 0.148760 0.816340
vt 0.153613 0.708267
vt 0.196562 0.698959
vt 0.145294 0.577026
vt 0.135188 0.573514
vt 0.129160 0.588961
vt 0.135193 0.611476
vt 0.148464 0.592832
vt 0.104359 0.580098
vt 0.091516 0.615033
vt 0.048010 0.572499
vt 0.051770 0.616759
vt 0.070793 0.514977
vt 0.805770 0.733077
vt 0.838402 0.648220
vt 0.178773 0.645245
vt 0.166125 0.647502
vt 0.156814 0.643246
vt 0.530913 0.438506
vt 0.811414 0.668839
vt 0.139918 0.412173
vt 0.122967 0.422269
vt 0.405746 0.900353
vt 0.178365 0.299579
vt 0.178588 0.326337
vt 0.159281 0.208471
vt 0.110077 0.289913
vt 0.156480 0.277041
vt 0.128084 0.221621
vt 0.095379 0.269392
vt 0.193354 0.296651
vt 0.869034 0.604890
vt 0.479729 0.382383
vt 0.782001 0.440641
vt 0.814288 0.449968
vt 0.753672 0.453501
vt 0.295059 0.152011
vt 0.304721 0.179368
vt 0.408848 0.649428
vt 0.465707 0.643858
vt 0.301161 0.202102
vt 0.301570 0.195582
vt 0.283698 0.172615
vt 0.275183 0.461140
vt 0.433787 0.111812
vt 0.425317 0.139999
vt 0.463793 0.463947
vt 0.529288 0.149610
vt 0.715276 0.268127
vt 0.745241 0.278900
vt 0.716128 0.249617
vt 0.748341 0.300551
vt 0.767330 0.322237
vt 0.762322 0.298749
vt 0.763122 0.312776
vt 0.772538 0.277161
vt 0.497335 0.036314
vt 0.818450 0.463265
vt 0.828900 0.476617
vt 0.827347 0.446988
vt 0.850768 0.475849
vt 0.149139 0.570247
vt 0.177778 0.550163
vt 0.852688 0.430476
vt 0.815948 0.415517
vt 0.835367 0.535627
vt 0.482824 0.396516
vt 0.533635 0.397375
vt 0.817543 0.563437
vt 0.820120 0.552880
vt 0.813949 0.554177
vt 0.435051 0.434423
vt 0.382988 0.650851
vt 0.363028 0.582889
vt 0.773991 0.692530
vt 0.767488 0.679397
vt 0.700964 0.747135
vt 0.750268 0.723717
vt 0.731074 0.718183
vt 0.193360 0.732868
vt 0.688021 0.778938
vt 0.711537 0.765204
vt 0.688735 0.766060
vt 0.173609 0.523697
vt 0.182426 0.521056
vt 0.758217 0.700717
vt 0.541979 0.821290
vt 0.680343 0.232359
vt 0.695124 0.237457
vt 0.544101 0.393261
vt 0.517089 0.395832
vt 0.545961 0.399472
vt 0.257097 0.488898
vt 0.437527 0.817493
vt 0.452411 0.830040
vt 0.456290 0.817109
vt 0.486136 0.831305
vt 0.510839 0.821836
vt 0.430553 0.852469
vt 0.290300 0.738610
vt 0.250586 0.710124
vt 0.285209 0.751294
vt 0.318117 0.765771
vt 0.301340 0.769326
vt 0.297971 0.779243
vt 0.321833 0.767952
vt 0.239254 0.690981
vt 0.259339 0.707215
vt 0.232700 0.716796
vt 0.233572 0.679042
vt 0.351419 0.338470
vt 0.431310 0.418493
vt 0.183640 0.437550
vt 0.234985 0.317345
vt 0.252780 0.299880
vt 0.236642 0.294611
vt 0.217713 0.308404
vt 0.301251 0.245538
vt 0.288862 0.235618
vt 0.233890 0.280837
vt 0.320394 0.235892
vt 0.264669 0.297816
vt 0.264852 0.296395
vt 0.269239 0.295165
vt 0.322235 0.233655
vt 0.321996 0.406088
vt 0.311497 0.400639
vt 0.323972 0.389739
vt 0.709288 0.361397
vt 0.464354 0.181064
vt 0.482465 0.171997
vt 0.448913 0.179875
vt 0.748028 0.370735
vt 0.436266 0.165142
vt 0.724689 0.459036
vt 0.792956 0.480443
vt 0.707200 0.390440
vt 0.689750 0.399991
vt 0.233834 0.450357
vt 0.210962 0.464582
vt 0.476613 0.392549
vt 0.444486 0.395926
vt 0.445179 0.375326
vt 0.648322 0.285237
vt 0.658868 0.298447
vt 0.681802 0.286424
vt 0.208647 0.179164
vt 0.690423 0.489952
vt 0.594178 0.360406
vt 0.754672 0.504230
vt 0.440812 0.402254
vt 0.453614 0.394873
vt 0.598145 0.174434
vt 0.663603 0.208032
vt 0.604688 0.156083
vt 0.201539 0.406957
vt 0.264270 0.295038
vt 0.200700 0.409398
vt 0.460778 0.397474
vt 0.723942 0.156960
vt 0.698923 0.159969
vt 0.327723 0.370144
vt 0.311909 0.397515
vt 0.326362 0.403528
vt 0.313485 0.401523
vt 0.296009 0.392873
vt 0.301666 0.381872
vt 0.338549 0.629766
vt 0.299915 0.643435
vt 0.349545 0.642426
vt 0.244644 0.439691
vt 0.303427 0.448070
vt 0.396244 0.595049
vt 0.423371 0.593412
vt 0.317040 0.548452
vt 0.355627 0.548189
vt 0.378647 0.502771
vt 0.447166 0.296395
vt 0.446518 0.283052
vt 0.495592 0.285719
vt 0.552592 0.364807
vt 0.557153 0.397650
vt 0.538124 0.379915
vt 0.553421 0.402833
vt 0.695510 0.650358
vt 0.736947 0.734158
vt 0.751686 0.648446
vt 0.311113 0.733130
vt 0.230482 0.733710
vt 0.296514 0.735673
vt 0.699410 0.051795
vt 0.910461 0.228682
vt 0.978877 0.395030
vt 0.307671 0.049973
vt 0.623994 0.957795
vt 0.451799 0.370525
vt 0.442285 0.396324
vt 0.443178 0.404386
vt 0.742378 0.637349
vt 0.748964 0.645571
vt 0.751480 0.650984
vt 0.646590 0.284556
vt 0.663297 0.296835
vt 0.655388 0.295345
vt 0.737268 0.296395
vt 0.735493 0.295667
vt 0.738367 0.297643
vt 0.445653 0.332776
vt 0.594615 0.284512
vt 0.557506 0.297428
vt 0.556434 0.283651
vt 0.557020 0.296398
vt 0.590405 0.286508
vt 0.727556 0.352752
vt 0.736531 0.295628
vt 0.738279 0.296361
vt 0.736451 0.294392
vt 0.927409 0.590860
vt 0.940690 0.892957
vt 0.690899 0.980882
vt 0.761991 0.733943
vt 0.554892 0.295628
vt 0.779268 0.296395
vt 0.778817 0.294392
vt 0.780258 0.297643
vt 0.766967 0.454726
vt 0.749664 0.424788
vt 0.761976 0.653001
vt 0.824930 0.732364
vt 0.778886 0.295628
vt 0.778993 0.296411
vt 0.468233 0.304971
vt 0.532866 0.311284
vt 0.171945 0.640572
vt 0.458405 0.384836
vt 0.343076 0.296397
vt 0.737028 0.295843
vt 0.736451 0.294392
vt 0.739407 0.297643
vt 0.810426 0.442261
vt 0.756134 0.446060
vt 0.803552 0.455611
vt 0.739249 0.296423
vt 0.341844 0.295628
vt 0.339687 0.297914
vt 0.341861 0.294392
vt 0.488806 0.760567
vt 0.548493 0.766214
vt 0.759876 0.547331
vt 0.793788 0.639847
vt 0.221144 0.295628
vt 0.221037 0.296411
vt 0.221213 0.294392
vt 0.549697 0.283230
vt 0.555933 0.295626
vt 0.328009 0.460791
vt 0.383503 0.469698
vt 0.462907 0.282391
vt 0.445088 0.294299
vt 0.261721 0.296395
vt 0.263499 0.295636
vt 0.260623 0.297643
vt 0.289611 0.481856
vt 0.328978 0.534913
vt 0.263499 0.295628
vt 0.439184 0.283714
vt 0.445529 0.295743
vt 0.441862 0.296743
vt 0.495115 0.284889
vt 0.222184 0.295628
vt 0.222077 0.296412
vt 0.222253 0.294392
vt 0.412306 0.342311
vt 0.407382 0.372272
vt 0.499301 0.293323
vt 0.517689 0.293985
vt 0.537471 0.266246
vt 0.266623 0.357260
vt 0.658383 0.283998
vt 0.658983 0.294240
vt 0.651460 0.296663
vt 0.262762 0.296395
vt 0.264540 0.295620
vt 0.261663 0.297643
vt 0.469792 0.285128
vt 0.265892 0.296395
vt 0.264539 0.295628
vt 0.266794 0.295252
vt 0.663410 0.673816
vt 0.408911 0.246033
vt 0.358479 0.267327
vt 0.363813 0.276515
vt 0.304348 0.643081
vt 0.593551 0.369273
vt 0.587994 0.338731
vt 0.659053 0.296079
vt 0.298464 0.641167
vt 0.232698 0.639665
vt 0.442431 0.297647
vt 0.429523 0.369781
vt 0.444845 0.232350
vt 0.778228 0.296395
vt 0.777777 0.294392
vt 0.779218 0.297643
vt 0.520963 0.236269
vt 0.482729 0.230698
vt 0.449086 0.235135
vt 0.252592 0.470839
vt 0.590205 0.751887
vt 0.777846 0.295628
vt 0.778004 0.296539
vt 0.618880 0.049672
vt 0.568510 0.237359
vt 0.704087 0.242876
vt 0.691164 0.192056
vt 0.682673 0.177719
vt 0.647833 0.310999
vt 0.629855 0.338692
vt 0.648059 0.355026
vt 0.607894 0.649620
vt 0.559464 0.653269
vt 0.648874 0.330865
vt 0.679046 0.372987
vt 0.656293 0.297466
vt 0.497909 0.361615
vt 0.499406 0.300517
vt 0.360361 0.455238
vt 0.386279 0.439542
vt 0.329211 0.393876
vt 0.261375 0.406971
vt 0.333440 0.347679
vt 0.422508 0.544589
vt 0.543318 0.640823
vt 0.494056 0.640930
vt 0.515041 0.557980
vt 0.196305 0.302166
vt 0.193931 0.328938
vt 0.683441 0.563073
vt 0.701293 0.640309
vt 0.613677 0.256717
vt 0.579632 0.253434
vt 0.665949 0.164429
vt 0.934950 0.330307
vt 0.281803 0.500000
vt 0.370014 0.354787
vt 0.252658 0.194150
vt 0.795397 0.393188
vt 0.808466 0.400416
vt 0.798584 0.406741
vt 0.331648 0.209916
vt 0.464865 0.258809
vt 0.356775 0.203535
vt 0.394397 0.178638
vt 0.403466 0.175706
vt 0.398027 0.155901
vt 0.824474 0.373753
vt 0.836427 0.391220
vt 0.795205 0.325688
vt 0.418750 0.362908
vt 0.415393 0.148100
vt 0.419726 0.395290
vt 0.429248 0.407385
vt 0.854135 0.405983
vt 0.850610 0.406157
vt 0.854370 0.410823
vt 0.578173 0.381142
vt 0.582669 0.390765
vt 0.571432 0.407143
vt 0.658305 0.295110
vt 0.566624 0.296990
vt 0.686333 0.283734
vt 0.316472 0.287265
vt 0.298585 0.359285
vt 0.805195 0.397074
vt 0.761159 0.344076
vt 0.798164 0.406779
vt 0.656801 0.358152
vt 0.797567 0.354274
vt 0.588333 0.355873
vt 0.796065 0.398119
vt 0.806706 0.397149
vt 0.799224 0.411014
vt 0.594936 0.371907
vt 0.627058 0.386520
vt 0.850053 0.400946
vt 0.855110 0.405596
vt 0.852584 0.407190
vt 0.417932 0.347889
vt 0.415475 0.383269
vt 0.424947 0.398013
vt 0.842682 0.585892
vt 0.852979 0.594407
vt 0.850682 0.581001
vt 0.814253 0.597109
vt 0.847103 0.617399
vt 0.855323 0.410837
vt 0.776312 0.459626
vt 0.806427 0.395432
vt 0.799143 0.389465
vt 0.203863 0.392895
vt 0.192406 0.401709
vt 0.200822 0.406817
vt 0.560625 0.698289
vt 0.200624 0.410848
vt 0.592252 0.472629
vt 0.419274 0.848272
vt 0.402807 0.466769
vt 0.415465 0.378132
vt 0.551948 0.482832
vt 0.457613 0.481692
vt 0.484995 0.450778
vt 0.393598 0.805674
vt 0.405581 0.852730
vt 0.585627 0.152323
vt 0.323787 0.801904
vt 0.190498 0.400460
vt 0.200643 0.390179
vt 0.200602 0.410806
vt 0.201243 0.396060
vt 0.191564 0.400416
vt 0.201732 0.406794
vt 0.272560 0.506229
vt 0.673341 0.387747
vt 0.185742 0.607032
vt 0.417881 0.393833
vt 0.286573 0.493216
vt 0.422918 0.398653
vt 0.420050 0.369902
vt 0.147148 0.404383
vt 0.149025 0.407144
vt 0.145818 0.410839
vt 0.151295 0.416985
vt 0.055345 0.365198
vt 0.602035 0.537544
vt 0.665657 0.502076
vt 0.593457 0.368269
vt 0.675505 0.367141
vt 0.659097 0.360409
vt 0.557187 0.299461
vt 0.293574 0.492499
vt 0.295382 0.471124
vt 0.813500 0.549875
vt 0.829101 0.494717
vt 0.197773 0.337803
vt 0.299432 0.381853
vt 0.444860 0.296514
vt 0.432847 0.384377
vt 0.430149 0.406978
vt 0.851512 0.407819
vt 0.855177 0.410321
vt 0.843366 0.398316
vt 0.780266 0.296836
vt 0.852982 0.407152
vt 0.853004 0.406998
vt 0.322305 0.371626
vt 0.300859 0.407444
vt 0.799509 0.407027
vt 0.736672 0.294861
vt 0.766300 0.355044
vt 0.854297 0.410741
vt 0.851942 0.407152
vt 0.851522 0.407190
vt 0.851963 0.406998
vt 0.300477 0.407214
vt 0.305689 0.397742
vt 0.300121 0.407125
vt 0.239907 0.345129
vt 0.298522 0.410837
vt 0.300118 0.407152
vt 0.300046 0.406998
vt 0.790591 0.390860
vt 0.800113 0.410286
vt 0.798470 0.407028
vt 0.428188 0.406779
vt 0.428687 0.407161
vt 0.429112 0.406951
vt 0.701509 0.410837
vt 0.699911 0.407152
vt 0.699602 0.407212
vt 0.699984 0.406998
vt 0.571868 0.406756
vt 0.576082 0.395195
vt 0.571343 0.407161
vt 0.570992 0.402602
vt 0.736890 0.295209
vt 0.801107 0.410246
vt 0.791783 0.399421
vt 0.700465 0.410837
vt 0.698871 0.407152
vt 0.693179 0.394732
vt 0.698944 0.406998
vt 0.770114 0.362600
vt 0.570760 0.407333
vt 0.554881 0.383278
vt 0.779663 0.295890
vt 0.816982 0.359927
vt 0.656232 0.297591
vt 0.698693 0.407211
vt 0.201591 0.406947
vt 0.781694 0.373052
vt 0.799226 0.409569
vt 0.735760 0.294776
vt 0.299562 0.410837
vt 0.301159 0.407152
vt 0.301467 0.407212
vt 0.301086 0.406998
vt 0.144703 0.410837
vt 0.147047 0.407152
vt 0.147167 0.407002
vt 0.147026 0.406998
vt 0.696990 0.394791
vt 0.713930 0.389634
vt 0.661368 0.371774
vt 0.326415 0.401623
vt 0.325545 0.405099
vt 0.303344 0.564164
vt 0.309076 0.579799
vt 0.194198 0.409662
vt 0.191476 0.410934
vt 0.203890 0.374150
vt 0.806999 0.398207
vt 0.807929 0.410492
vt 0.803557 0.406645
vt 0.809760 0.403421
vt 0.813986 0.411014
vt 0.708675 0.371922
vt 0.238120 0.407234
vt 0.239042 0.410587
vt 0.234639 0.410960
vt 0.662923 0.304296
vt 0.658187 0.295667
vt 0.677499 0.407061
vt 0.670354 0.065362
vt 0.673903 0.402155
vt 0.673006 0.402143
vt 0.191432 0.400902
vt 0.192019 0.410585
vt 0.197840 0.389085
vt 0.441642 0.362766
vt 0.679170 0.405724
vt 0.683261 0.389204
vt 0.462130 0.406815
vt 0.672305 0.365238
vt 0.239829 0.409715
vt 0.671396 0.395028
vt 0.258520 0.490469
vt 0.191267 0.410468
vt 0.194131 0.394410
vt 0.298140 0.378838
vt 0.179539 0.465786
vt 0.272609 0.278480
vt 0.227035 0.640508
vt 0.763700 0.407047
vt 0.761640 0.410460
vt 0.766459 0.411014
vt 0.552261 0.384696
vt 0.816003 0.416020
vt 0.810489 0.410816
vt 0.688780 0.380183
vt 0.670418 0.397894
vt 0.657151 0.295654
vt 0.238038 0.407214
vt 0.238132 0.410801
vt 0.239673 0.406285
vt 0.327385 0.402988
vt 0.342884 0.295636
vt 0.378024 0.741385
vt 0.420271 0.758603
vt 0.531402 0.052309
vt 0.540214 0.391521
vt 0.344180 0.294755
vt 0.670693 0.372718
vt 0.695873 0.394013
vt 0.703348 0.367811
vt 0.626206 0.640717
vt 0.571525 0.509141
vt 0.522188 0.539097
vt 0.601012 0.558882
vt 0.811406 0.643397
vt 0.843718 0.390110
vt 0.725983 0.646834
vt 0.518283 0.557361
vt 0.567768 0.639379
vt 0.671869 0.643499
vt 0.613011 0.643301
vt 0.663711 0.652004
vt 0.593605 0.653377
vt 0.290987 0.910803
vt 0.457575 0.644504
vt 0.239331 0.344181
vt 0.263247 0.295024
vt 0.221032 0.379023
vt 0.348914 0.731381
vt 0.587833 0.460867
vt 0.668999 0.446874
vt 0.813087 0.644368
vt 0.789379 0.651426
vt 0.542809 0.650552
vt 0.428561 0.260354
vt 0.386342 0.327717
vt 0.182332 0.732128
vt 0.305423 0.383014
vt 0.322647 0.397868
vt 0.715566 0.653920
vt 0.666106 0.651460
vt 0.801310 0.733165
vt 0.436481 0.477545
vt 0.472346 0.516089
vt 0.851356 0.646063
vt 0.179346 0.152581
vt 0.265870 0.297705
vt 0.761424 0.410677
vt 0.292641 0.388253
vt 0.323581 0.390557
vt 0.012081 0.406328
vt 0.016569 0.406533
vt 0.004226 0.499065
vt 0.850918 0.852955
vt 0.925406 0.759521
vt 0.893292 0.807673
vt 0.778351 0.913712
vt 0.797266 0.889785
vt 0.078681 0.235844
vt 0.088244 0.229294
vt 0.042663 0.309033
vt 0.701730 0.530814
vt 0.357818 0.445385
vt 0.429550 0.447206
vt 0.890211 0.291628
vt 0.733847 0.940185
vt 0.118281 0.181569
vt 0.653860 0.474024
vt 0.628726 0.510843
vt 0.524453 0.997596
vt 0.472619 0.988847
vt 0.637131 0.978772
vt 0.108285 0.711060
vt 0.310495 0.040712
vt 0.232847 0.083122
vt 0.691736 0.733510
vt 0.457199 0.767608
vt 0.200312 0.648016
vt 0.170312 0.127051
vt 0.145686 0.150674
vt 0.332961 0.969615
vt 0.311561 0.956225
vt 0.403672 0.987548
vt 0.729594 0.449475
vt 0.707722 0.505615
vt 0.871944 0.169069
vt 0.852010 0.155022
vt 0.497791 0.003101
vt 0.496093 0.006441
vt 0.405920 0.012917
vt 0.948997 0.283277
vt 0.962182 0.317569
vt 0.923350 0.237303
vt 0.983018 0.378603
vt 0.100935 0.797463
vt 0.092909 0.776269
vt 0.140780 0.843711
vt 0.995172 0.451498
vt 0.987775 0.532581
vt 0.737003 0.400601
vt 0.042988 0.696058
vt 0.041568 0.678170
vt 0.077668 0.762084
vt 0.698601 0.693577
vt 0.318121 0.733498
vt 0.970552 0.665565
vt 0.957346 0.698750
vt 0.986028 0.608513
vt 0.025886 0.761871
vt 0.065601 0.896630
vt 0.123301 0.922585
vt 0.081800 0.880790
vt 0.037323 0.762628
vt 0.455660 0.692690
vt 0.456775 0.794126
vt 0.427216 0.630556
vt 0.041875 0.705631
vt 0.080950 0.620295
vt 0.229970 0.537648
vt 0.219035 0.526774
vt 0.145169 0.563997
vt 0.138374 0.221463
vt 0.168595 0.500000
vt 0.953489 0.221444
vt 0.983162 0.500000
vt 0.995997 0.154213
vt 0.442287 0.184190
vt 0.471549 0.500000
vt 0.543008 0.285997
vt 0.560032 0.440571
vt 0.603354 0.474559
vt 0.660847 0.469163
vt 0.763356 0.467862
vt 0.809012 0.489928
vt 0.682393 0.547800
vt 0.849650 0.502289
vt 0.157338 0.733799
vt 0.188127 0.733159
vt 0.254756 0.604219
vt 0.274734 0.651568
vt 0.226885 0.445097
vt 0.183969 0.446552
vt 0.183119 0.446343
vt 0.187574 0.508891
vt 0.157110 0.546680
vt 0.367951 0.341241
vt 0.441140 0.405394
vt 0.336079 0.065452
vt 0.270663 0.092447
vt 0.785479 0.536127
vt 0.575984 0.538437
vt 0.153988 0.497171
vt 0.384471 0.491903
vt 0.431438 0.541306
vt 0.418189 0.455620
vt 0.744401 0.640463
vt 0.822104 0.640277
vt 0.188365 0.450381
vt 0.165714 0.450782
vt 0.168330 0.442766
vt 0.810192 0.146056
vt 0.890295 0.236446
vt 0.850680 0.283412
vt 0.958311 0.401711
vt 0.866934 0.394248
vt 0.961488 0.451886
vt 0.456426 0.434161
vt 0.880031 0.780401
vt 0.902992 0.735490
vt 0.861034 0.803996
vt 0.197386 0.443794
vt 0.546983 0.435213
vt 0.464014 0.934956
vt 0.431299 0.955865
vt 0.179761 0.843640
vt 0.221871 0.879080
vt 0.508042 0.640269
vt 0.114900 0.756354
vt 0.814746 0.114535
vt 0.769120 0.083762
vt 0.403415 0.958335
vt 0.480367 0.438637
vt 0.542564 0.434161
vt 0.150619 0.396769
vt 0.102294 0.406811
vt 0.201896 0.300955
vt 0.407795 0.134404
vt 0.563534 0.183527
vt 0.556426 0.403919
vt 0.824085 0.523862
vt 0.678910 0.767324
vt 0.709621 0.750391
vt 0.699568 0.558194
vt 0.713679 0.605925
vt 0.703681 0.541389
vt 0.557229 0.403795
vt 0.309735 0.760731
vt 0.185533 0.454977
vt 0.187044 0.555298
vt 0.184880 0.456658
vt 0.804255 0.470204
vt 0.233414 0.322021
vt 0.301076 0.253208
vt 0.631586 0.737144
vt 0.559255 0.401627
vt 0.547693 0.392649
vt 0.587436 0.548296
vt 0.577793 0.380961
vt 0.371648 0.640511
vt 0.434186 0.478052
vt 0.321156 0.410869
vt 0.719814 0.386861
vt 0.467450 0.364205
vt 0.318223 0.404448
vt 0.678035 0.404543
vt 0.629102 0.258460
vt 0.240112 0.640507
vt 0.659682 0.296395
vt 0.660225 0.297643
vt 0.633474 0.284134
vt 0.648047 0.333736
vt 0.658482 0.296028
vt 0.657146 0.295628
vt 0.657129 0.294392
vt 0.422352 0.434773
vt 0.748117 0.594625
vt 0.677806 0.598737
vt 0.346675 0.606510
vt 0.342694 0.294174
vt 0.219907 0.297472
vt 0.344120 0.738279
vt 0.343269 0.735945
vt 0.342884 0.736501
vt 0.312437 0.695148
vt 0.404003 0.352613
vt 0.221799 0.558035
vt 0.222603 0.555829
vt 0.222184 0.555903
vt 0.220951 0.297467
vt 0.230779 0.512202
vt 0.339476 0.406435
vt 0.262762 0.344090
vt 0.264895 0.343103
vt 0.264539 0.342854
vt 0.611652 0.733239
vt 0.383789 0.570084
vt 0.306017 0.396175
vt 0.346591 0.468337
vt 0.302743 0.438590
vt 0.664617 0.626906
vt 0.156034 0.174674
vt 0.311840 0.195516
vt 0.804962 0.392659
vt 0.413521 0.159647
vt 0.849401 0.399824
vt 0.848942 0.401150
vt 0.588511 0.381646
vt 0.850687 0.401965
vt 0.780870 0.512017
vt 0.733495 0.555726
vt 0.648306 0.327456
vt 0.798528 0.410700
vt 0.655910 0.296395
vt 0.798368 0.678825
vt 0.799550 0.410671
vt 0.194028 0.392659
vt 0.653968 0.598887
vt 0.664785 0.374356
vt 0.677380 0.392450
vt 0.582381 0.845553
vt 0.147954 0.407132
vt 0.149588 0.399824
vt 0.150048 0.401150
vt 0.409902 0.839054
vt 0.341707 0.800647
vt 0.326495 0.790630
vt 0.343358 0.360071
vt 0.200806 0.406974
vt 0.195546 0.689200
vt 0.301834 0.366625
vt 0.168784 0.610492
vt 0.220770 0.559034
vt 0.390479 0.400773
vt 0.554806 0.294731
vt 0.570971 0.407930
vt 0.607798 0.733384
vt 0.851055 0.407174
vt 0.851861 0.407146
vt 0.850563 0.406880
vt 0.218922 0.382582
vt 0.263098 0.295339
vt 0.202502 0.402999
vt 0.198844 0.410336
vt 0.301189 0.407150
vt 0.301079 0.406952
vt 0.299576 0.410842
vt 0.302075 0.407132
vt 0.428664 0.407141
vt 0.429146 0.405694
vt 0.429112 0.406966
vt 0.825133 0.365710
vt 0.847926 0.399483
vt 0.300149 0.407150
vt 0.300039 0.406952
vt 0.298417 0.410825
vt 0.301035 0.407131
vt 0.570884 0.405691
vt 0.570920 0.406972
vt 0.805878 0.338058
vt 0.846769 0.399308
vt 0.840510 0.396112
vt 0.791870 0.316267
vt 0.211747 0.380455
vt 0.699847 0.407150
vt 0.696480 0.402905
vt 0.699900 0.407149
vt 0.736113 0.295530
vt 0.761482 0.347673
vt 0.786011 0.392532
vt 0.699991 0.406952
vt 0.701431 0.410855
vt 0.148496 0.407233
vt 0.151013 0.403458
vt 0.148185 0.407113
vt 0.148111 0.407094
vt 0.699910 0.407125
vt 0.694777 0.394766
vt 0.523627 0.406971
vt 0.213447 0.380076
vt 0.199658 0.409462
vt 0.147456 0.407234
vt 0.149973 0.403458
vt 0.147151 0.407210
vt 0.144644 0.410826
vt 0.147097 0.407117
vt 0.557502 0.297542
vt 0.855361 0.410828
vt 0.852095 0.407174
vt 0.852944 0.407108
vt 0.851821 0.406121
vt 0.694118 0.399449
vt 0.692327 0.395710
vt 0.240641 0.343592
vt 0.700457 0.410835
vt 0.698031 0.407174
vt 0.698828 0.407128
vt 0.697320 0.406779
vt 0.301160 0.407125
vt 0.295095 0.406951
vt 0.760643 0.346205
vt 0.789791 0.397953
vt 0.429603 0.407107
vt 0.430186 0.405693
vt 0.430351 0.406116
vt 0.156560 0.393143
vt 0.144900 0.410279
vt 0.216313 0.302822
vt 0.629551 0.406457
vt 0.331674 0.352649
vt 0.328497 0.401615
vt 0.758599 0.404048
vt 0.759294 0.409792
vt 0.760822 0.410562
vt 0.341859 0.294398
vt 0.326706 0.402898
vt 0.321759 0.411014
vt 0.445181 0.294394
vt 0.447331 0.297607
vt 0.475596 0.376762
vt 0.442250 0.367728
vt 0.745199 0.369040
vt 0.801466 0.390898
vt 0.603189 0.448176
vt 0.325457 0.368384
vt 0.441645 0.376914
vt 0.671427 0.401350
vt 0.672436 0.402881
vt 0.657132 0.294406
vt 0.725806 0.403278
vt 0.759640 0.404049
vt 0.554840 0.294396
vt 0.557993 0.368991
vt 0.191888 0.399837
vt 0.186069 0.411014
vt 0.807559 0.410036
vt 0.557870 0.373019
vt 0.558093 0.367877
vt 0.554849 0.294393
vt 0.367509 0.381173
vt 0.442492 0.363288
vt 0.811536 0.403637
vt 0.804932 0.390786
vt 0.441184 0.365784
vt 0.815027 0.411014
vt 0.939039 0.659896
vt 0.516629 0.734358
vt 0.120798 0.176895
vt 0.114431 0.185759
vt 0.072999 0.241974
vt 0.209574 0.397588
vt 0.351393 0.646279
vt 0.539563 0.405093
vt 0.662290 0.447275
vt 0.843330 0.398492
vt 0.299296 0.643513
vt 0.698143 0.643215
vt 0.663788 0.301979
vt 0.633290 0.303850
vt 0.628127 0.612842
vt 1.010087 0.427139
vt 0.512092 0.643664
vt 0.626401 0.640081
vt 0.236249 0.619948
vt 0.636737 0.640449
vt 0.193674 0.653877
vt 0.006517 0.558611
vt 0.014612 0.602206
vt 0.464633 0.733403
vt 0.416809 0.469898
vt 0.688316 0.959802
vt 0.574540 0.009562
vt 0.174719 0.124883
vt 0.147451 0.155307
vt 0.649245 0.025838
vt 0.703810 0.045940
vt 0.494363 0.998359
vt 0.292632 0.952941
vt 0.230338 0.916328
vt 0.178022 0.879827
vt 0.998130 0.514795
vt 0.076319 0.693493
vt 0.461679 0.640798
vt 0.493492 0.557811
vt 0.408862 0.892792
vt 0.458959 0.862700
vt 0.353687 0.936158
vt 0.315295 0.971341
vt 0.301512 0.956495
vt 0.087464 0.584191
vt 0.296588 0.639786
vt 0.053252 0.831697
vt 0.116238 0.583696
vt 0.874015 0.312449
vt 0.210814 0.395766
vt 0.308581 0.387928
vt 0.311629 0.383969
vt 0.551864 0.401378
vt 0.837328 0.504655
vt 0.338724 0.938506
vt 0.825010 0.372959
vt 0.666563 0.937024
vt 0.479100 0.503710
vt 0.716580 0.912101
vt 0.302723 0.494481
vt 0.507904 0.698332
vt 0.697775 0.517491
vt 0.286143 0.439682
vt 0.292603 0.640796
vt 0.735632 0.440067
vt 0.725968 0.439684
vt 0.492467 0.506422
vt 0.476945 0.450066
vt 0.245291 0.440053
vt 0.237672 0.110138
vt 0.303662 0.364985
vt 0.765486 0.640820
vt 0.487454 0.396700
vt 0.293885 0.515692
vt 0.532804 0.487590
vt 0.299727 0.390503
vt 0.656048 0.652655
vt 0.617593 0.733083
vt 0.693323 0.734467
vt 0.760469 0.439692
vt 0.243897 0.565448
vt 0.845861 0.396932
vt 0.795279 0.405040
vt 0.489870 0.436230
vt 0.460243 0.704929
vt 0.306282 0.304637
vt 0.150078 0.406628
vt 0.216627 0.307934
vt 0.170556 0.381371
vt 0.574129 0.355918
vt 0.559507 0.326922
vt 0.388086 0.674583
vt 0.145974 0.636415
vt 0.264222 0.447991
vt 0.444532 0.640769
vt 0.364635 0.640980
vt 0.842614 0.471111
vt 0.608113 0.367194
vt 0.162654 0.734537
vt 0.558138 0.753649
vt 0.678600 0.401358
vt 0.549112 0.641183
vt 0.579041 0.391703
vt 0.897926 0.572169
vt 0.406312 0.315957
vt 0.419670 0.309681
vt 0.438542 0.302875
vt 0.284389 0.537724
vt 0.186159 0.421940
vt 0.771867 0.640164
vt 0.841894 0.734292
vt 0.430459 0.148171
vt 0.458393 0.361004
vt 0.418673 0.437442
vt 0.340060 0.302345
vt 0.159547 0.394965
vt 0.219872 0.296723
vt 0.185372 0.356352
vt 0.799866 0.342452
vt 0.685452 0.407036
vt 0.722306 0.731897
vt 0.851165 0.734274
vt 0.828548 0.496600
vt 0.403670 0.368379
vt 0.487481 0.447555
vt 0.178167 0.640307
vt 0.606683 0.284993
vt 0.656881 0.296366
vt 0.579893 0.691915
vt 0.753956 0.692527
vt 0.447929 0.402071
vt 0.281776 0.386178
vt 0.732696 0.298018
vt 0.386393 0.373210
vt 0.670724 0.733405
vt 0.632612 0.439504
vt 0.340026 0.732822
vt 0.402303 0.734321
vt 0.155006 0.652430
vt 0.439109 0.639866
vt 0.569616 0.116380
vt 0.157634 0.391228
vt 0.237016 0.348888
vt 0.220073 0.380777
vt 0.598541 0.286481
vt 0.400246 0.734642
vt 0.556164 0.294595
vt 0.321133 0.408763
vt 0.725475 0.384342
vt 0.326521 0.612893
vt 0.224282 0.640647
vt 0.717657 0.442775
vt 0.462634 0.296815
vt 0.170436 0.641450
vt 0.284682 0.566566
vt 0.181881 0.733328
vt 0.355490 0.640190
vt 0.239118 0.733689
vt 0.805148 0.978393
vt 0.607049 0.940695
vt 0.544953 0.871471
vt 0.769874 0.524166
vt 0.974807 0.670873
vt 0.707273 0.486999
vt 0.704768 0.465545
vt 0.399289 0.733444
vt 0.685365 0.734476
vt 0.783049 0.375208
vt 0.766249 0.345653
vt 0.564536 0.640543
vt 0.332091 0.446987
vt 0.412599 0.640532
vt 0.315867 0.302682
vt 0.823557 0.372367
vt 0.802800 0.338171
vt 0.692888 0.577443
vt 0.812063 0.391888
vt 0.825748 0.396623
vt 0.339780 0.287880
vt 0.658942 0.805451
vt 0.609152 0.812033
vt 0.595103 0.832516
vt 0.785013 0.389281
vt 0.627510 0.664288
vt 0.612648 0.674731
vt 0.676514 0.609976
vt 0.684027 0.596787
vt 0.175425 0.399007
vt 0.610765 0.325056
vt 0.591751 0.314502
vt 0.155810 0.409716
vt 0.222255 0.294389
vt 0.145717 0.411013
vt 0.298277 0.545517
vt 0.221180 0.380658
vt 0.783840 0.387471
vt 0.786151 0.875643
vt 0.836535 0.809449
vt 0.693565 0.425180
vt 0.596145 0.684350
vt 0.918367 0.712520
vt 0.175852 0.950599
vt 0.298419 0.454882
vt 0.330992 0.381411
vt 0.650552 0.643480
vt 0.639242 0.654484
vt 0.436257 0.697596
vt 0.488896 0.640267
vt 0.314544 0.404739
vt 0.282558 0.733644
vt 0.777974 0.379100
vt 0.553687 0.300273
vt 0.572654 0.306238
vt 0.354007 0.354053
vt 0.480931 0.294197
vt 0.315919 0.594612
vt 0.210276 0.652627
vt 0.534232 0.296044
vt 0.029684 0.183793
vt 0.040562 0.500000
vt 0.454049 0.400249
vt 0.154159 0.410817
vt 0.799581 0.407050
vt 0.156048 0.648057
vt 0.657229 0.297662
vt 0.706517 0.522957
vt 0.295410 0.530189
vt 0.700151 0.444974
vt 0.192562 0.409611
vt 0.184994 0.411022
vt 0.341593 0.367491
vt 0.286073 0.391700
vt 0.441991 0.404841
vt 0.560413 0.407322
vt 0.214667 0.391519
vt 0.698554 0.501202
vt 0.697787 0.483952
vt 0.666780 0.392909
vt 0.658190 0.380771
vt 0.674776 0.406542
vt 0.646692 0.366946
vt 0.623601 0.345454
vt 0.610198 0.335630
vt 0.593764 0.325905
vt 0.576238 0.317549
vt 0.557858 0.311060
vt 0.340694 0.383622
vt 0.330053 0.399953
vt 0.320257 0.418706
vt 0.312887 0.437431
vt 0.308176 0.453526
vt 0.308538 0.548668
vt 0.314830 0.569071
vt 0.322842 0.587786
vt 0.374381 0.653123
vt 0.351672 0.631004
vt 0.363452 0.643388
vt 0.490319 0.698249
vt 0.472227 0.696392
vt 0.657529 0.621148
vt 0.667996 0.606034
vt 0.678842 0.586474
vt 0.646999 0.633728
vt 0.695627 0.466589
vt 0.692102 0.450584
vt 0.684717 0.428085
vt 0.636976 0.357003
vt 0.534540 0.305503
vt 0.514453 0.303014
vt 0.363408 0.357795
vt 0.492728 0.302741
vt 0.472104 0.304545
vt 0.437749 0.312711
vt 0.420583 0.319430
vt 0.400017 0.329971
vt 0.381521 0.342333
vt 0.349729 0.372207
vt 0.305065 0.532154
vt 0.341037 0.617860
vt 0.391383 0.665568
vt 0.332373 0.604958
vt 0.410023 0.676583
vt 0.429365 0.685185
vt 0.526629 0.696766
vt 0.542969 0.693898
vt 0.582723 0.680618
vt 0.595916 0.674052
vt 0.562141 0.688600
vt 0.454327 0.308010
vt 0.304874 0.470402
vt 0.303206 0.516620
vt 0.450780 0.692117
vt 0.633094 0.647509
vt 0.612874 0.663418
vt 0.687428 0.565699
vt 0.694172 0.541227
vt 0.305225 0.667660
vt 0.260801 0.651571
vt 0.280361 0.660349
vt 0.284090 0.656932
vt 0.300626 0.670012
vt 0.289095 0.663676
vt 0.294858 0.661706
vt 0.339855 0.708270
vt 0.323479 0.683554
vt 0.335353 0.709051
vt 0.332638 0.695168
vt 0.339812 0.720167
vt 0.330811 0.807449
vt 0.340700 0.790126
vt 0.345126 0.777503
vt 0.339775 0.779937
vt 0.335183 0.791324
vt 0.330561 0.799922
vt 0.285610 0.837711
vt 0.314993 0.824750
vt 0.298950 0.831039
vt 0.290376 0.840580
vt 0.250070 0.849486
vt 0.277436 0.845147
vt 0.264226 0.848085
vt 0.218089 0.839181
vt 0.230522 0.847561
vt 0.229351 0.842463
vt 0.209520 0.835634
vt 0.200821 0.830960
vt 0.181864 0.822089
vt 0.156730 0.767334
vt 0.151992 0.764279
vt 0.159128 0.776337
vt 0.155315 0.778957
vt 0.157197 0.730572
vt 0.160167 0.720237
vt 0.154633 0.723290
vt 0.159422 0.709899
vt 0.163247 0.711640
vt 0.168066 0.702598
vt 0.166714 0.696237
vt 0.223520 0.654563
vt 0.202623 0.668053
vt 0.211753 0.663317
vt 0.184186 0.675957
vt 0.203023 0.662839
vt 0.193323 0.668521
vt 0.271085 0.657639
vt 0.257957 0.655722
vt 0.349223 0.750004
vt 0.348299 0.737878
vt 0.348587 0.759199
vt 0.345484 0.723693
vt 0.343326 0.766458
vt 0.347832 0.766635
vt 0.344422 0.756502
vt 0.325162 0.807541
vt 0.318959 0.814988
vt 0.309881 0.823241
vt 0.189140 0.828142
vt 0.198443 0.834636
vt 0.169966 0.800654
vt 0.178105 0.811522
vt 0.188841 0.822187
vt 0.167822 0.805454
vt 0.174955 0.814635
vt 0.160480 0.792444
vt 0.155853 0.740713
vt 0.152000 0.735015
vt 0.150892 0.748440
vt 0.173571 0.694003
vt 0.185754 0.680341
vt 0.179405 0.686894
vt 0.225092 0.658699
vt 0.236705 0.656247
vt 0.250237 0.650823
vt 0.246081 0.655331
vt 0.270788 0.653018
vt 0.328315 0.696708
vt 0.342898 0.731611
vt 0.336345 0.798503
vt 0.302904 0.833781
vt 0.273951 0.841596
vt 0.261980 0.843877
vt 0.210330 0.840917
vt 0.220282 0.844455
vt 0.163428 0.788422
vt 0.193732 0.673817
vt 0.213429 0.657735
vt 0.319231 0.685417
vt 0.310640 0.677381
vt 0.314354 0.674725
vt 0.344607 0.745856
vt 0.323864 0.816074
vt 0.249061 0.844805
vt 0.239718 0.844049
vt 0.155525 0.755439
vt 0.174722 0.685650
vt 0.236597 0.651832
vt 0.406554 0.878254
vt 0.388603 0.865683
vt 0.304162 0.922815
vt 0.294002 0.957150
vt 0.320535 0.566474
vt 0.395756 0.605201
vt 0.359495 0.569503
vt 0.212437 0.545050
vt 0.244534 0.551854
vt 0.089417 0.629038
vt 0.070084 0.691132
vt 0.120357 0.638796
vt 0.173947 0.578106
vt 0.203020 0.942830
vt 0.098357 0.604855
vt 0.170924 0.904734
vt 0.061026 0.772201
vt 0.040853 0.722936
vt 0.430489 0.638507
vt 0.399323 0.664466
vt 0.440638 0.699540
vt 0.293019 0.586853
vt 0.208506 0.958508
vt 0.118066 0.914179
vt 0.461332 0.737004
vt 0.438589 0.781659
vt 0.086649 0.870330
vt 0.097927 0.843084
vt 0.447209 0.827454
vt 0.385152 0.912411
vt 0.151851 0.839238
vt 0.374200 0.811658
vt 0.336791 0.671017
vt 0.258828 0.876631
vt 0.122565 0.743854
vt 0.208673 0.622865
vt 0.055141 0.834829
s 1
usemtl m0
f 23/1/1 25/2/2 24/3/3
f 262/4/4 677/5/5 265/6/6
f 326/7/7 1070/8/8 324/9/9
f 10/10/10 12/11/11 11/12/12
f 581/13/13 866/14/14 584/15/15
f 710/16/16 709/17/17 715/18/18
f 510/19/19 511/20/20 503/21/21
f 524/22/22 675/23/23 525/24/24
f 170/25/25 120/26/26 124/27/27
f 672/28/28 670/29/29 517/30/30
f 599/31/31 548/32/32 597/33/33
f 506/34/34 660/35/35 502/36/36
f 66/37/37 68/38/38 65/39/39
f 166/40/40 1030/41/41 1027/42/42
f 194/43/43 193/44/44 1083/45/45
f 482/46/46 483/47/47 481/48/48
f 313/49/49 126/50/50 310/51/51
f 57/52/52 56/53/53 59/54/54
f 387/55/55 389/56/56 297/57/57
f 725/58/58 724/59/59 729/60/60
f 331/61/61 330/62/62 327/63/63
f 931/64/64 973/65/65 142/66/66
f 816/67/67 409/68/68 406/69/69
f 587/70/70 584/15/15 616/71/71
f 77/72/72 946/73/73 75/74/74
f 528/75/75 529/76/76 526/77/77
f 64/78/78 60/79/79 61/80/80
f 14/81/81 18/82/82 161/83/83
f 940/84/84 937/85/85 938/86/86
f 947/87/87 973/65/65 931/64/64
f 991/88/88 969/89/89 959/90/90
f 188/91/91 179/92/92 178/93/93
f 76/94/94 80/95/95 77/72/72
f 808/96/96 803/97/97 804/98/98
f 1030/41/41 163/99/99 1009/100/100
f 114/101/101 113/102/102 111/103/103
f 238/104/104 59/54/54 56/53/53
f 538/105/105 595/106/106 545/107/107
f 266/108/108 267/109/109 265/6/6
f 117/110/110 113/102/102 114/101/101
f 617/111/111 618/112/112 584/15/15
f 591/113/113 537/114/114 536/115/115
f 619/116/116 620/117/117 530/118/118
f 419/119/119 418/120/120 423/121/121
f 869/122/122 588/123/123 587/70/70
f 51/124/124 53/125/125 54/126/126
f 69/127/127 72/128/128 68/38/38
f 164/129/129 163/99/99 1030/41/41
f 242/130/130 237/131/131 232/132/132
f 78/133/133 81/134/134 79/135/135
f 89/136/136 85/137/137 87/138/138
f 204/139/139 205/140/140 206/141/141
f 161/83/83 979/142/142 14/81/81
f 320/143/143 317/144/144 316/145/145
f 13/146/146 191/147/147 16/148/148
f 939/149/149 941/150/150 946/151/73
f 103/152/151 102/153/152 104/154/153
f 974/155/154 7/156/155 151/157/156
f 851/158/157 599/31/31 600/159/158
f 986/160/159 154/161/160 956/162/161
f 243/163/162 241/164/163 667/165/164
f 92/166/165 96/167/166 97/168/167
f 156/169/168 932/170/169 999/171/170
f 60/79/79 162/172/171 949/173/172
f 63/174/173 61/80/80 59/54/54
f 99/175/174 101/176/175 102/153/152
f 264/177/176 266/108/108 263/178/177
f 110/179/178 106/180/179 107/181/180
f 208/182/181 209/183/182 202/184/183
f 114/101/101 112/185/184 117/110/110
f 439/186/185 437/187/186 438/188/187
f 127/189/188 129/190/189 125/191/190
f 126/50/50 128/192/191 127/189/188
f 256/193/192 254/194/193 255/195/194
f 686/196/195 278/197/196 683/198/197
f 507/199/198 504/200/199 511/201/20
f 994/202/200 944/203/201 936/204/202
f 437/187/186 440/205/203 829/206/204
f 412/207/205 411/208/206 334/209/207
f 984/210/208 941/150/150 987/211/209
f 95/212/210 94/213/211 93/214/212
f 214/215/213 212/216/214 208/182/181
f 67/217/215 65/39/39 71/218/216
f 147/219/217 948/220/218 146/221/219
f 124/222/27 125/191/190 975/223/220
f 631/224/221 316/145/145 318/225/222
f 47/226/223 44/227/224 43/228/225
f 419/119/119 417/229/226 418/120/120
f 514/230/227 429/231/228 428/232/229
f 843/233/230 424/234/231 844/235/232
f 189/236/233 190/237/234 188/91/91
f 739/238/235 741/239/236 537/240/114
f 253/241/237 254/194/193 249/242/238
f 291/243/239 290/244/240 294/245/241
f 459/246/242 393/247/243 392/248/244
f 407/249/245 328/250/246 468/251/247
f 969/89/89 992/252/248 161/253/83
f 175/254/249 176/255/250 180/256/251
f 176/255/250 177/257/252 172/258/253
f 172/258/253 177/257/252 178/93/93
f 772/259/254 366/260/255 369/261/256
f 172/258/253 326/7/7 323/262/257
f 190/237/234 1082/263/258 188/91/91
f 186/264/259 183/265/260 184/266/261
f 946/73/73 77/72/72 169/267/262
f 196/268/263 197/269/264 192/270/265
f 196/268/263 199/271/266 198/272/267
f 96/167/166 94/213/211 98/273/268
f 978/274/269 149/275/270 148/276/271
f 623/277/272 553/278/273 599/31/31
f 165/279/274 932/170/169 942/280/275
f 301/281/276 300/282/277 304/283/278
f 212/284/214 34/285/279 211/286/280
f 276/287/281 273/288/282 272/289/283
f 245/290/284 246/291/285 244/292/286
f 207/293/287 208/182/181 202/184/183
f 212/284/214 35/294/288 34/285/279
f 222/295/289 220/296/290 217/297/291
f 230/298/292 215/299/293 221/300/294
f 222/295/289 217/297/291 352/301/295
f 983/302/296 141/303/297 974/304/154
f 226/305/298 223/306/299 224/307/300
f 224/307/300 227/308/301 226/305/298
f 227/308/301 228/309/302 226/305/298
f 229/310/303 230/298/292 228/309/302
f 630/311/304 558/312/305 560/313/306
f 52/314/307 48/315/308 51/124/124
f 236/316/309 232/132/132 231/317/310
f 233/318/311 56/53/53 53/319/125
f 239/320/312 235/321/313 234/322/314
f 239/320/312 241/164/163 240/323/315
f 151/324/156 967/325/316 985/326/317
f 935/327/318 150/328/319 115/329/320
f 1086/330/321 62/331/322 59/54/54
f 244/292/286 246/291/285 243/163/162
f 246/291/285 247/332/323 248/333/324
f 468/251/247 404/334/325 403/335/326
f 664/336/327 225/337/328 662/338/329
f 251/339/330 245/290/284 244/292/286
f 998/340/331 962/341/332 966/342/333
f 210/343/334 205/140/140 654/344/335
f 254/194/193 250/345/336 249/242/238
f 69/127/127 66/37/37 250/346/336
f 256/347/192 78/133/133 72/128/128
f 260/348/337 257/349/338 806/350/339
f 263/178/177 265/6/6 678/351/340
f 475/352/341 474/353/342 471/354/343
f 269/355/344 267/109/109 266/108/108
f 269/355/344 268/356/345 267/109/109
f 327/63/63 328/357/246 408/358/346
f 274/359/347 95/360/210 271/361/348
f 278/197/196 277/362/349 276/287/281
f 276/287/281 272/289/283 743/363/350
f 283/364/351 288/365/352 282/366/353
f 282/366/353 280/367/354 281/368/355
f 284/369/356 285/370/357 282/366/353
f 286/371/358 287/372/359 285/370/357
f 283/364/351 282/366/353 281/368/355
f 241/164/163 246/291/285 240/323/315
f 288/365/352 284/369/356 282/366/353
f 289/373/360 286/371/358 285/370/357
f 988/374/361 957/375/362 992/252/248
f 153/376/363 934/377/364 143/378/365
f 296/379/366 110/179/178 107/181/180
f 224/307/300 223/306/299 661/380/367
f 298/381/368 292/382/369 297/57/57
f 258/383/370 677/5/5 262/4/4
f 302/384/371 304/283/278 694/385/372
f 307/386/373 306/387/374 305/388/375
f 309/389/376 1069/390/377 306/387/374
f 303/391/378 305/388/375 302/384/371
f 220/296/290 218/392/379 221/300/294
f 425/393/380 419/119/119 424/234/231
f 309/394/376 122/395/381 119/396/382
f 316/145/145 315/397/383 314/398/384
f 168/399/385 966/342/333 972/400/386
f 311/401/387 795/402/388 312/403/389
f 43/228/225 46/404/390 47/226/223
f 325/405/391 323/262/257 322/406/392
f 327/63/63 330/62/62 328/357/246
f 101/176/175 105/407/393 102/153/152
f 330/62/62 331/61/61 332/408/394
f 413/409/395 336/410/396 337/411/397
f 338/412/398 336/410/396 413/409/395
f 342/413/399 340/414/400 339/415/401
f 337/411/397 341/416/402 186/264/259
f 340/414/400 342/413/399 341/416/402
f 174/417/403 1070/8/8 326/7/7
f 343/418/404 345/419/405 346/420/406
f 345/419/405 349/421/407 346/420/406
f 757/422/408 384/423/409 387/55/55
f 346/420/406 783/424/410 347/425/411
f 348/426/412 352/301/295 349/421/407
f 425/393/380 344/427/413 343/428/404
f 351/429/414 350/430/415 426/431/416
f 259/432/417 78/133/133 256/347/192
f 958/433/418 158/434/419 166/40/40
f 358/435/420 664/336/327 353/436/421
f 436/437/422 357/438/423 355/439/424
f 153/376/363 156/169/168 997/440/425
f 362/441/426 363/442/427 361/443/428
f 386/444/429 384/423/409 385/445/430
f 357/438/423 363/442/427 664/336/327
f 356/446/431 358/435/420 353/436/421
f 365/447/432 369/261/256 366/260/255
f 186/264/259 334/448/207 335/449/433
f 442/450/434 364/451/435 365/452/432
f 366/260/255 772/259/254 367/453/436
f 371/454/437 372/455/438 370/456/439
f 370/456/439 368/457/440 364/458/435
f 371/454/437 805/459/441 372/455/438
f 373/460/442 376/461/443 377/462/444
f 448/463/445 378/464/446 379/465/447
f 379/465/447 264/177/176 380/466/448
f 381/467/449 376/461/443 374/468/450
f 381/467/449 382/469/451 376/461/443
f 377/462/444 382/469/451 379/465/447
f 383/470/452 272/289/283 382/469/451
f 386/444/429 387/55/55 384/423/409
f 529/76/76 679/471/453 526/77/77
f 389/56/56 387/55/55 388/472/454
f 390/473/455 297/57/57 389/56/56
f 391/474/456 392/475/244 394/476/457
f 391/474/456 394/476/457 395/477/458
f 400/478/459 397/479/460 396/480/461
f 228/309/302 230/298/292 221/300/294
f 400/478/459 396/480/461 394/476/457
f 399/481/462 397/479/460 400/478/459
f 447/482/463 535/483/464 534/484/465
f 401/485/466 397/479/460 399/481/462
f 399/486/462 400/487/459 464/488/467
f 463/489/468 393/247/243 459/246/242
f 404/490/325 329/491/469 403/492/326
f 402/493/470 403/492/326 405/494/471
f 1068/495/472 15/496/473 10/10/10
f 411/208/206 413/497/395 335/498/433
f 50/499/474 49/500/475 46/404/390
f 385/501/430 454/502/476 453/503/477
f 485/504/478 486/505/479 482/506/46
f 308/507/480 317/144/144 313/49/49
f 501/508/481 499/509/482 498/510/483
f 427/511/484 426/512/416 424/234/231
f 246/291/285 245/290/284 247/332/323
f 641/513/485 643/514/486 640/515/487
f 788/516/488 698/517/489 785/518/490
f 370/519/439 364/451/435 439/186/185
f 186/264/259 187/520/491 185/521/492
f 445/522/493 375/523/494 380/524/448
f 381/525/449 374/526/450 450/527/495
f 622/528/496 590/529/497 621/530/498
f 275/531/499 1088/532/500 95/212/210
f 1052/533/501 1044/534/502 1039/535/503
f 41/536/504 39/537/505 43/228/225
f 566/538/506 565/539/507 473/540/508
f 456/541/509 458/542/510 457/543/511
f 458/542/510 390/544/455 457/543/511
f 943/545/512 1008/546/513 949/547/172
f 1001/548/514 1002/549/515 1010/550/516
f 1024/551/517 1029/552/518 1034/553/519
f 1022/554/520 1034/553/519 1019/555/521
f 467/556/522 468/251/247 470/557/523
f 468/251/247 403/335/326 402/558/470
f 471/354/343 474/353/342 473/540/508
f 315/397/383 317/144/144 308/507/480
f 159/559/524 933/560/525 951/561/526
f 483/562/47 484/563/527 478/564/528
f 479/565/529 478/566/529 480/567/529
f 547/568/530 548/569/32 549/570/531
f 492/571/532 493/572/533 488/573/534
f 481/48/48 485/574/478 482/46/46
f 490/575/535 491/576/536 487/577/537
f 1044/578/538 1047/579/539 1066/580/540
f 1013/581/541 951/561/526 933/560/525
f 492/571/532 494/582/542 493/572/533
f 495/583/543 496/584/543 497/585/543
f 498/510/483 492/586/532 574/587/544
f 952/588/545 964/589/546 933/560/525
f 494/590/547 500/591/548 496/584/549
f 492/571/532 417/229/226 494/582/542
f 501/592/481 423/121/121 499/593/482
f 407/249/245 474/353/342 406/69/69
f 152/594/550 48/315/308 52/314/307
f 504/595/199 507/199/198 505/596/551
f 508/597/552 509/598/553 506/599/554
f 194/600/43 195/601/555 20/602/556
f 511/201/20 428/603/229 507/199/198
f 508/604/552 428/605/557 509/606/553
f 521/607/558 516/608/559 584/15/15
f 521/607/558 438/188/187 516/608/559
f 58/609/560 949/173/172 155/610/561
f 518/611/562 522/612/563 520/613/564
f 516/614/559 437/187/186 518/615/565
f 42/616/566 43/228/225 40/617/567
f 523/618/568 525/619/24 438/188/187
f 531/620/569 532/621/569 529/622/569
f 130/623/570 132/624/571 129/190/189
f 535/483/464 532/625/572 534/484/465
f 307/386/373 309/389/376 306/387/374
f 538/626/105 451/627/573 539/628/574
f 992/252/248 957/375/362 161/253/83
f 543/629/575 451/627/573 538/626/105
f 540/630/576 546/631/577 542/632/578
f 632/633/579 634/634/580 630/311/304
f 607/635/581 858/636/582 606/637/583
f 599/31/31 553/278/273 550/638/584
f 553/639/273 556/640/585 550/641/584
f 552/642/586 551/643/586 698/644/586
f 554/645/587 556/640/585 553/639/273
f 557/646/588 551/647/589 556/648/585
f 510/19/19 612/649/590 581/13/13
f 560/650/306 558/651/305 559/652/591
f 165/279/274 942/280/275 157/653/592
f 641/654/485 642/655/593 643/656/486
f 157/657/592 156/658/168 97/168/167
f 560/313/306 565/539/507 564/659/594
f 558/312/305 630/311/304 629/660/595
f 565/539/507 566/538/506 561/661/596
f 562/662/597 563/663/597 564/664/597
f 471/665/343 473/666/508 565/667/507
f 83/668/598 80/95/95 79/135/135
f 584/15/15 515/669/599 581/13/13
f 561/670/600 466/671/601 563/663/602
f 179/92/92 9/672/603 3/673/604
f 646/674/605 645/675/606 182/676/607
f 931/64/64 1002/549/515 947/87/87
f 568/677/608 608/678/609 609/679/610
f 150/680/319 977/681/611 978/274/269
f 206/141/141 207/293/287 202/184/183
f 649/682/612 648/683/613 489/684/614
f 452/685/615 544/686/616 456/541/509
f 100/687/617 1088/532/500 287/688/359
f 821/689/618 820/690/619 449/691/620
f 38/692/621 39/537/505 41/536/504
f 630/311/304 560/313/306 632/633/579
f 148/693/271 149/694/270 108/695/622
f 697/696/623 303/391/378 696/697/624
f 27/698/625 970/699/626 24/3/3
f 476/700/627 472/701/628 483/47/47
f 178/93/93 177/257/252 181/702/629
f 209/183/182 1084/703/630 1083/45/45
f 1067/704/631 1048/705/632 1041/706/633
f 628/707/634 314/708/384 795/709/388
f 630/710/304 631/224/221 629/711/595
f 630/712/304 634/713/580 631/224/221
f 631/224/221 634/714/580 633/715/635
f 1073/716/636 705/717/637 703/718/638
f 633/715/635 636/719/639 635/720/640
f 988/374/361 967/325/316 957/375/362
f 635/721/640 636/719/639 637/722/641
f 322/723/392 637/724/641 707/725/642
f 639/726/643 638/727/644 730/728/645
f 513/729/646 514/730/227 511/731/20
f 533/732/647 446/733/648 534/484/465
f 645/734/606 646/735/605 752/736/649
f 649/682/612 650/737/650 648/683/613
f 648/738/613 199/271/266 196/268/263
f 61/80/80 65/39/39 64/78/78
f 649/682/612 652/739/651 650/737/650
f 647/740/652 196/741/263 192/742/265
f 526/77/77 679/471/453 524/22/22
f 992/252/248 969/89/89 991/88/88
f 651/743/653 652/739/651 654/744/335
f 655/745/654 222/746/289 721/747/655
f 657/748/656 656/749/657 655/750/654
f 656/751/657 219/752/658 655/753/654
f 426/512/416 425/393/380 424/234/231
f 658/754/659 659/755/660 219/752/658
f 502/36/36 657/748/656 501/508/481
f 721/747/655 222/746/289 352/756/295
f 661/380/367 663/757/661 662/338/329
f 662/758/329 663/759/661 729/60/60
f 665/760/662 239/761/312 763/762/663
f 666/763/664 241/164/163 239/320/312
f 763/762/663 239/761/312 234/764/314
f 243/163/162 669/765/665 244/292/286
f 673/766/666 260/348/337 806/350/339
f 675/23/23 676/767/667 674/768/668
f 2/769/669 138/770/670 140/771/671
f 676/772/667 677/5/5 261/773/672
f 175/254/249 180/256/251 638/774/644
f 177/257/252 176/255/250 175/254/249
f 678/351/340 681/775/673 263/178/177
f 263/776/177 681/777/673 264/778/176
f 682/779/674 276/780/281 743/781/350
f 685/782/675 686/196/195 683/198/197
f 459/246/242 392/248/244 460/783/676
f 686/196/195 685/782/675 688/784/677
f 256/347/192 72/128/128 69/127/127
f 281/785/355 690/786/678 283/787/351
f 690/786/678 689/788/679 283/787/351
f 283/789/351 758/790/680 757/791/408
f 691/792/681 298/381/368 297/57/57
f 295/793/682 296/379/366 294/245/241
f 5/794/683 8/795/684 7/156/155
f 692/796/685 695/797/686 693/798/687
f 699/799/688 695/797/686 692/796/685
f 856/800/689 857/801/690 597/33/33
f 55/802/691 54/803/126 57/52/52
f 368/457/440 365/447/432 364/458/435
f 693/804/687 695/805/686 696/697/624
f 703/806/638 704/807/692 706/808/693
f 703/718/638 705/717/637 704/809/692
f 657/748/656 655/750/654 423/121/121
f 718/810/694 719/811/695 423/812/121
f 352/756/295 1075/813/696 721/747/655
f 1075/813/696 352/756/295 722/814/697
f 663/815/661 506/34/34 729/816/60
f 729/60/60 724/59/59 723/817/698
f 729/60/60 506/818/34 726/819/699
f 180/820/251 736/821/700 730/822/645
f 736/821/700 180/820/251 737/823/701
f 743/824/350 739/238/235 682/825/674
f 743/824/350 738/826/702 739/238/235
f 537/240/114 741/239/236 740/827/703
f 272/828/283 744/829/704 743/824/350
f 744/829/704 272/828/283 745/830/705
f 747/831/706 748/832/707 746/833/708
f 758/834/709 283/787/710 753/835/711
f 283/787/351 689/788/679 756/836/712
f 234/837/314 1077/838/713 763/839/663
f 1077/838/713 234/837/314 764/840/714
f 251/841/330 671/842/715 768/843/716
f 671/842/715 670/29/29 769/844/717
f 756/836/712 689/788/679 539/628/574
f 489/845/614 774/846/718 775/847/719
f 192/848/265 777/849/720 647/850/652
f 777/849/720 192/848/265 778/851/721
f 779/852/722 489/845/614 775/847/719
f 652/739/651 210/853/334 654/344/335
f 104/154/153 106/180/179 108/695/622
f 780/854/723 497/855/724 782/856/725
f 695/797/686 698/857/489 788/858/488
f 696/697/624 695/805/686 697/859/623
f 628/860/634 792/861/726 558/862/305
f 311/863/387 796/864/727 795/865/388
f 796/864/728 311/863/728 797/866/729
f 805/867/441 1078/868/730 806/869/339
f 1078/868/731 805/867/731 807/870/731
f 436/871/422 355/872/424 430/873/732
f 464/488/467 811/874/733 809/875/734
f 596/876/735 595/106/106 594/877/736
f 836/878/737 835/879/738 456/880/509
f 470/881/523 814/882/739 815/883/740
f 280/367/354 282/366/353 285/370/357
f 410/884/741 816/67/67 817/885/742
f 571/886/743 485/574/478 481/48/48
f 818/887/744 822/888/745 383/889/452
f 414/890/746 412/207/205 478/891/747
f 334/209/207 824/892/748 412/207/205
f 1082/263/258 1081/893/749 179/92/92
f 824/894/748 823/895/750 412/207/205
f 412/207/205 823/895/751 478/891/747
f 454/896/476 825/897/752 453/898/477
f 453/503/477 826/899/753 451/627/573
f 359/900/754 435/901/755 827/902/756
f 435/901/755 434/903/757 827/902/756
f 434/903/758 828/904/759 827/902/758
f 434/903/757 513/729/646 828/905/760
f 345/419/405 348/426/412 349/421/407
f 367/906/436 830/907/761 441/908/762
f 441/908/762 830/907/761 440/909/203
f 89/136/136 86/910/763 93/214/212
f 392/475/244 393/911/243 394/476/457
f 48/315/308 152/594/550 931/912/64
f 339/913/401 833/914/764 834/915/765
f 439/186/185 442/450/434 441/916/762
f 347/917/411 838/918/766 420/919/767
f 460/783/676 840/920/768 551/921/769
f 391/922/456 398/923/770 460/924/676
f 842/925/771 532/926/772 445/522/493
f 156/169/168 942/280/275 932/170/169
f 936/204/202 944/203/201 934/377/364
f 940/84/84 938/86/86 939/149/149
f 124/222/27 975/223/220 170/25/25
f 526/927/77 524/928/22 587/70/70
f 173/929/773 3/673/604 174/417/403
f 193/44/44 190/237/234 189/236/233
f 51/124/124 49/500/475 53/125/125
f 419/119/119 425/393/380 421/930/774
f 292/382/369 288/365/352 387/55/55
f 537/931/114 449/691/620 446/733/648
f 290/244/240 291/243/239 286/371/358
f 568/677/608 609/679/610 571/886/743
f 415/932/775 338/933/398 416/934/776
f 448/463/445 379/465/447 380/466/448
f 162/172/171 64/78/78 146/935/219
f 30/936/777 32/937/778 29/938/779
f 957/375/362 967/325/316 979/939/142
f 835/879/738 458/542/510 456/541/509
f 160/940/780 969/89/89 161/253/83
f 971/941/781 969/89/89 160/940/780
f 944/203/201 143/378/365 934/377/364
f 1/942/782 5/794/683 163/943/99
f 970/944/626 144/945/783 960/946/784
f 144/945/783 961/947/785 960/946/784
f 144/945/783 962/341/332 961/947/785
f 268/356/345 1087/948/786 267/109/109
f 149/275/270 978/274/269 963/949/787
f 767/950/788 513/951/646 766/952/789
f 958/433/418 1026/953/790 956/162/161
f 31/954/791 1084/955/630 211/286/280
f 155/956/561 949/547/172 945/957/792
f 315/397/383 316/145/145 317/144/144
f 146/221/219 948/220/218 943/545/512
f 147/219/217 941/150/150 955/958/793
f 601/959/794 623/277/272 602/960/795
f 955/958/793 948/220/218 147/219/217
f 931/64/64 1004/961/796 1002/549/515
f 79/135/135 80/95/95 76/94/94
f 429/231/228 432/962/797 431/963/798
f 950/964/799 935/965/318 951/561/526
f 316/145/145 631/224/221 320/143/143
f 949/547/172 1006/966/800 945/957/792
f 35/294/288 37/967/801 36/968/802
f 959/90/90 971/941/781 960/946/784
f 952/969/545 933/560/525 975/970/220
f 461/971/803 557/646/588 556/648/585
f 431/963/798 813/972/804 429/231/228
f 446/733/648 373/973/442 375/523/494
f 59/54/54 61/80/80 57/52/52
f 381/525/449 450/527/495 818/974/744
f 1003/975/805 1011/976/806 982/977/807
f 311/401/387 312/403/389 396/480/461
f 1005/978/808 1002/979/515 1004/980/796
f 155/956/561 945/957/792 1006/966/800
f 1006/981/800 1012/982/809 1005/978/808
f 1013/983/541 1014/984/810 1007/985/811
f 215/986/293 45/987/812 216/988/813
f 209/183/182 1083/45/45 201/989/814
f 1008/990/513 1012/982/809 1006/981/800
f 964/991/546 1014/984/810 1013/983/541
f 26/992/815 28/993/816 25/2/2
f 984/994/208 1023/995/817 965/996/818
f 277/362/349 278/197/196 279/997/819
f 111/103/103 106/180/179 110/179/178
f 986/998/159 1022/554/520 1021/999/820
f 1020/1000/821 974/304/154 151/324/156
f 191/147/147 20/602/556 16/148/148
f 521/607/558 524/928/22 523/1001/568
f 968/1002/822 954/1003/823 952/1004/545
f 990/1005/824 1028/1006/825 989/1007/826
f 703/806/638 706/808/693 637/722/641
f 573/1008/827 611/1009/828 498/510/483
f 992/1010/248 1029/552/518 1025/1011/829
f 482/506/46 486/505/479 416/934/776
f 1030/1012/41 1016/1013/830 1027/1014/42
f 423/121/121 501/508/481 657/748/656
f 996/1015/831 1031/1016/832 991/1017/88
f 308/507/480 313/49/49 310/51/51
f 341/416/402 336/410/396 340/414/400
f 995/1018/833 1034/553/519 1031/1016/832
f 997/1019/425 1035/1020/834 1033/1021/835
f 1069/390/377 295/793/682 301/281/276
f 998/1022/331 1034/553/519 995/1018/833
f 998/1022/331 1036/1023/836 1034/553/519
f 574/587/544 573/1008/827 498/510/483
f 488/1024/534 485/574/478 574/587/544
f 1000/1025/837 1037/1026/838 999/1027/170
f 146/221/219 943/545/512 162/1028/171
f 932/170/169 1000/1029/837 999/171/170
f 1001/1030/514 1010/1031/516 1038/1032/839
f 1041/1033/633 1048/1034/632 1058/1035/840
f 1059/1036/841 1061/1037/842 1041/1033/633
f 1053/1038/843 1046/1039/844 1045/1040/845
f 1062/1041/846 1049/1042/846 1061/1037/846
f 1049/1042/847 1041/1033/633 1061/1037/842
f 1051/1043/848 1043/1044/849 1050/1045/850
f 1042/1046/851 1065/1047/852 1041/706/633
f 1039/1048/503 1064/1049/853 1043/1050/849
f 1057/1051/854 1066/1052/540 1040/1053/855
f 1086/330/321 59/54/54 238/104/104
f 140/771/671 3/1054/604 2/769/669
f 4/1055/856 6/1056/857 8/795/684
f 10/10/10 6/1056/857 1068/495/472
f 20/602/556 22/1057/858 19/1058/859
f 195/601/555 1084/955/630 23/1/1
f 278/197/196 686/196/195 280/367/354
f 216/988/813 45/987/812 40/617/567
f 43/228/225 42/616/566 46/404/390
f 47/226/223 46/404/390 49/500/475
f 42/616/566 45/987/812 46/404/390
f 52/1059/307 51/1060/124 54/803/126
f 53/319/125 56/53/53 54/803/126
f 1033/1061/835 1032/1062/860 936/204/202
f 591/1063/113 536/1064/115 590/529/497
f 28/993/816 30/936/777 29/938/779
f 83/668/598 81/134/134 88/1065/861
f 86/910/763 270/1066/862 271/1067/348
f 86/910/763 271/1067/348 93/214/212
f 89/136/136 93/214/212 91/1068/863
f 90/1069/864 89/136/136 91/1068/863
f 601/959/794 559/652/591 623/277/272
f 271/1067/348 95/212/210 93/214/212
f 93/214/212 94/213/211 96/167/166
f 627/1070/865 602/960/795 623/277/272
f 94/213/211 1088/532/500 100/687/617
f 427/511/484 351/1071/414 426/512/416
f 7/156/155 8/795/684 11/12/12
f 1089/1072/866 319/1073/867 317/144/144
f 306/387/374 304/283/278 305/388/375
f 21/1074/868 22/1057/858 23/1/1
f 124/1075/27 123/1076/869 125/191/190
f 133/1077/870 138/770/670 136/1078/871
f 138/770/670 137/1079/872 140/771/671
f 159/1080/524 120/26/26 170/1081/25
f 173/929/773 179/92/92 3/673/604
f 175/254/249 640/515/487 177/257/252
f 126/1082/50 122/1083/381 310/1084/51
f 645/675/606 183/265/260 182/676/607
f 645/675/606 184/266/261 183/265/260
f 190/237/234 191/1085/147 1082/263/258
f 190/237/234 193/44/44 194/43/43
f 194/43/43 1083/45/45 195/1086/555
f 314/398/384 312/403/389 795/402/388
f 197/269/264 198/272/267 200/1087/873
f 193/44/44 201/989/814 1083/45/45
f 209/183/182 211/1088/280 1084/703/630
f 654/344/335 204/139/139 203/1089/874
f 654/344/335 205/140/140 204/139/139
f 210/343/334 783/424/410 205/140/140
f 208/182/181 211/1090/280 209/183/182
f 212/284/214 214/1091/213 216/988/813
f 222/295/289 219/752/658 218/392/379
f 219/752/658 659/755/660 218/392/379
f 214/215/213 221/300/294 215/299/293
f 662/338/329 225/337/328 224/307/300
f 229/310/303 50/1092/474 1085/1093/875
f 229/310/303 233/1094/311 50/1092/474
f 233/1095/311 53/125/125 49/500/475
f 235/321/313 227/308/301 225/337/328
f 229/310/303 232/132/132 237/131/131
f 235/321/313 240/323/315 236/316/309
f 251/339/330 772/259/254 245/290/284
f 772/259/254 247/332/323 245/290/284
f 254/1096/193 256/347/192 69/127/127
f 253/241/237 252/1097/876 255/195/194
f 255/195/194 259/1098/417 256/193/192
f 252/1097/876 262/4/4 259/1098/417
f 806/350/339 257/349/338 805/459/441
f 260/348/337 261/773/672 677/5/5
f 262/4/4 252/1097/876 258/383/370
f 263/178/177 266/108/108 265/6/6
f 268/356/345 270/1099/862 88/1100/861
f 163/943/99 164/1101/129 1/942/782
f 274/359/347 275/1102/499 95/360/210
f 273/288/282 276/287/281 277/362/349
f 988/1103/361 1025/1011/829 985/1104/317
f 262/4/4 78/1105/133 259/1098/417
f 283/364/351 757/422/408 288/365/352
f 291/1106/239 294/1107/241 296/379/366
f 298/381/368 299/1108/877 300/282/277
f 292/382/369 298/381/368 293/1109/878
f 290/244/240 301/281/276 294/245/241
f 696/697/624 302/384/371 694/385/372
f 696/697/624 303/391/378 302/384/371
f 697/696/623 789/1110/879 303/391/378
f 172/258/253 178/93/93 173/929/773
f 1030/41/41 166/40/40 164/129/129
f 635/720/640 322/406/392 321/1111/880
f 326/7/7 173/929/773 174/417/403
f 320/143/143 633/715/635 321/1111/880
f 328/357/246 330/62/62 329/491/469
f 333/1112/881 331/61/61 327/63/63
f 335/449/433 413/409/395 337/411/397
f 339/415/401 340/414/400 338/412/398
f 338/412/398 340/414/400 336/410/396
f 293/1109/878 300/282/277 301/281/276
f 347/1113/411 421/930/774 343/428/404
f 350/430/415 348/426/412 344/1114/413
f 425/393/380 426/512/416 344/427/413
f 358/435/420 356/446/431 357/438/423
f 359/1115/754 361/443/428 436/437/422
f 436/437/422 360/1116/882 357/438/423
f 361/443/428 363/442/427 360/1116/882
f 359/1115/754 362/441/426 361/443/428
f 859/1117/883 577/1118/884 860/1119/885
f 365/447/432 368/457/440 369/261/256
f 367/1120/436 442/450/434 365/452/432
f 370/456/439 372/455/438 368/457/440
f 373/460/442 374/468/450 376/461/443
f 448/463/445 375/1121/494 378/464/446
f 375/1121/494 377/462/444 378/464/446
f 376/461/443 382/469/451 377/462/444
f 455/1122/886 454/1123/476 384/423/409
f 388/1124/454 390/473/455 389/56/56
f 117/110/110 119/396/382 121/1125/887
f 398/1126/770 391/474/456 395/477/458
f 465/1127/888 400/478/459 393/911/243
f 512/1128/889 511/20/20 510/19/19
f 397/479/460 401/485/466 311/401/387
f 81/134/134 83/668/598 79/135/135
f 409/68/68 410/1129/741 408/1130/346
f 416/934/776 338/933/398 413/497/395
f 232/132/132 229/310/303 231/317/310
f 148/693/271 108/695/622 109/1131/890
f 420/1132/767 421/930/774 347/1113/411
f 421/930/774 425/393/380 343/428/404
f 98/273/268 165/1133/274 157/657/592
f 431/963/798 354/1134/891 353/1135/421
f 430/873/732 355/872/424 432/1136/797
f 441/916/762 442/450/434 367/1120/436
f 442/450/434 439/186/185 364/451/435
f 247/332/323 372/455/438 805/459/441
f 443/1137/892 370/519/439 439/186/185
f 380/524/448 375/523/494 448/1138/445
f 373/973/442 450/527/495 374/526/450
f 457/543/511 390/544/455 388/472/454
f 457/543/511 388/472/454 385/501/430
f 391/1139/456 460/783/676 392/248/244
f 156/169/168 999/171/170 997/440/425
f 472/701/628 476/700/627 475/352/341
f 476/700/627 483/47/47 477/1140/893
f 87/138/138 86/910/763 89/136/136
f 976/1141/894 975/223/220 125/191/190
f 478/891/747 1071/1142/895 414/1143/746
f 512/1144/889 668/1145/896 513/729/646
f 486/1146/897 490/1147/535 487/1148/537
f 329/491/469 330/62/62 332/408/394
f 574/587/544 492/586/532 488/1024/534
f 495/583/898 494/590/547 496/584/549
f 498/510/483 499/509/482 492/586/532
f 492/571/532 499/593/482 417/229/226
f 499/593/482 418/120/120 417/229/226
f 423/121/121 418/120/120 499/593/482
f 516/614/559 518/615/565 517/30/30
f 291/1106/239 101/176/175 286/1149/358
f 502/1150/36 503/21/21 504/595/199
f 503/21/21 511/20/20 504/1151/199
f 511/731/20 512/1144/889 513/729/646
f 515/669/599 512/1128/889 510/19/19
f 527/1152/899 533/732/647 534/1153/465
f 519/1154/900 518/611/562 520/613/564
f 521/607/558 523/1001/568 438/188/187
f 516/614/559 438/188/187 437/187/186
f 528/1155/75 534/1156/465 532/1157/572
f 590/529/497 536/1064/115 533/1158/647
f 533/732/647 536/115/115 537/114/114
f 538/626/105 688/1159/677 591/113/113
f 539/1160/574 451/1161/573 540/1162/901
f 541/1163/902 540/630/576 542/632/578
f 543/629/575 544/686/616 451/627/573
f 543/1164/575 545/107/107 547/1165/530
f 597/33/33 547/568/530 545/107/107
f 597/33/33 548/32/32 547/568/530
f 550/1166/584 556/1167/585 551/1168/589
f 63/174/173 62/331/322 66/37/37
f 601/959/794 565/667/507 560/650/306
f 562/662/903 561/670/600 563/663/602
f 1003/1169/805 977/681/611 150/680/319
f 439/186/185 441/916/762 440/205/203
f 568/677/608 481/48/48 483/47/47
f 158/434/419 132/624/571 135/1170/904
f 558/312/305 629/660/595 628/1171/634
f 134/1172/905 133/1077/870 132/624/571
f 623/277/272 559/652/591 553/278/273
f 595/106/106 538/105/105 591/1063/113
f 597/33/33 598/1173/906 600/159/158
f 233/318/311 238/104/104 56/53/53
f 173/929/773 178/93/93 179/92/92
f 577/1118/884 867/1174/907 612/649/590
f 483/47/47 472/701/628 568/677/608
f 452/685/615 385/501/430 453/503/477
f 122/1175/381 309/389/376 310/51/51
f 628/1176/634 318/225/222 314/398/384
f 628/707/634 629/711/595 318/1177/222
f 629/711/595 631/224/221 318/225/222
f 633/715/635 634/714/580 636/1178/639
f 322/723/392 635/1179/640 637/1180/641
f 639/726/643 640/1181/487 638/727/644
f 639/726/643 641/654/485 640/1181/487
f 730/822/645 638/1182/644 180/820/251
f 118/1183/908 116/1184/909 117/110/110
f 643/656/486 642/655/593 644/1185/910
f 643/514/486 644/1185/910 646/735/605
f 184/1186/261 645/734/606 752/736/649
f 647/740/652 648/738/613 196/741/263
f 491/1187/911 485/504/478 649/682/612
f 655/753/654 219/752/658 222/295/289
f 656/751/657 658/754/659 219/752/658
f 661/380/367 660/35/35 663/1188/661
f 664/1189/327 662/758/329 729/60/60
f 665/760/662 666/763/664 239/1190/312
f 666/763/664 667/165/164 241/164/163
f 668/1145/896 670/29/29 667/1191/164
f 863/1192/912 1072/1193/913 571/886/743
f 244/292/286 669/765/665 671/1194/715
f 251/1195/330 244/1196/286 671/1197/715
f 673/766/666 261/773/672 260/348/337
f 673/766/666 674/1198/668 261/773/672
f 674/1198/668 676/772/667 261/773/672
f 1068/495/472 13/146/146 15/496/473
f 681/775/673 680/1199/914 710/1200/16
f 680/1201/914 679/471/453 710/16/16
f 264/778/176 681/777/673 715/1202/18
f 682/1203/674 683/198/197 276/287/281
f 684/1204/915 685/782/675 683/198/197
f 281/368/355 687/1205/916 690/786/678
f 687/1205/916 688/1206/677 690/786/678
f 690/1207/678 688/1159/677 689/788/679
f 1026/953/790 1027/42/42 986/160/159
f 700/1208/917 699/799/688 297/1209/57
f 961/947/785 995/1210/833 960/946/784
f 636/719/639 703/806/638 637/722/641
f 707/725/642 708/1211/918 706/1212/919
f 707/725/642 637/1213/641 708/1211/918
f 715/1202/18 681/777/673 710/1214/16
f 710/16/16 529/1215/76 709/1216/17
f 709/1216/920 529/1215/920 711/1217/920
f 714/1218/921 709/1219/922 264/1220/176
f 264/1220/176 715/1221/18 714/1218/921
f 721/1222/655 717/1223/923 716/1224/924
f 423/1225/121 716/1226/924 718/810/694
f 729/60/60 726/819/699 725/58/58
f 728/1227/925 723/1228/926 664/1229/327
f 664/1229/327 729/1230/60 728/1227/925
f 730/728/645 731/1231/927 732/1232/928
f 730/1233/645 732/1234/928 733/1235/929
f 730/1233/645 733/1235/929 474/1236/342
f 683/198/197 682/779/674 684/1237/915
f 752/1238/649 646/1239/605 747/1240/706
f 480/1241/930 751/1242/931 750/1243/932
f 752/1238/649 746/1244/933 184/1245/261
f 753/1246/711 283/1247/710 756/1248/934
f 757/791/935 758/790/935 756/1249/935
f 763/839/663 759/1250/936 665/1251/662
f 665/1251/662 759/1250/936 760/1252/937
f 513/951/646 665/1253/662 761/1254/938
f 665/1253/939 760/1252/940 761/1254/939
f 761/1254/938 766/952/789 513/951/646
f 768/1255/716 671/1256/715 769/1257/717
f 772/1258/254 251/1195/330 769/1259/941
f 652/739/651 497/1260/724 210/853/334
f 783/1261/410 784/1262/942 780/1263/943
f 783/1261/410 210/1264/334 784/1262/942
f 697/1265/623 695/1266/686 788/858/488
f 698/517/489 787/1267/944 785/518/490
f 789/1268/879 790/1269/945 788/1270/946
f 789/1268/879 697/1271/623 790/1269/945
f 795/865/388 791/1272/947 628/1171/634
f 628/1171/634 791/1272/947 793/1273/948
f 794/1274/949 792/861/726 799/1275/950
f 806/1276/339 801/1277/951 673/1278/666
f 673/1279/666 802/1280/952 804/98/98
f 673/1279/666 804/98/98 525/1281/24
f 804/98/98 803/97/97 525/1281/24
f 399/486/462 464/488/467 809/1282/734
f 464/488/467 462/1283/953 810/1284/954
f 462/1283/953 558/312/305 810/1284/954
f 464/1285/467 810/1286/954 811/1287/733
f 433/1288/955 428/232/229 429/231/228
f 429/231/228 813/972/804 812/1289/956
f 429/231/228 812/1289/957 433/1288/955
f 353/1135/421 813/1290/804 431/963/798
f 469/1291/958 466/1292/959 467/556/522
f 467/556/522 470/1293/523 815/1294/740
f 402/1295/470 814/882/739 470/881/523
f 410/884/741 409/1296/68 816/67/67
f 2/769/669 3/1054/604 9/1297/603
f 819/1298/960 449/691/620 820/690/619
f 819/1298/960 820/690/619 822/888/745
f 453/503/477 825/1299/752 826/899/753
f 440/205/203 830/907/761 829/206/204
f 415/932/775 832/1300/961 833/1301/764
f 486/505/479 831/1302/962 415/932/775
f 339/1303/401 415/1304/775 833/914/764
f 456/541/509 700/1305/963 836/1306/737
f 458/1307/510 835/879/738 837/1308/964
f 420/919/767 838/918/766 839/1309/965
f 420/1132/767 839/1310/966 417/229/226
f 417/229/226 839/1311/966 422/1312/967
f 444/1313/968 525/619/24 841/1314/969
f 427/1315/484 424/1316/231 843/233/230
f 844/1317/232 424/234/231 423/121/121
f 427/1315/484 843/233/230 845/1318/970
f 1085/1093/875 45/1319/812 215/299/293
f 1003/1169/805 982/1320/807 977/681/611
f 170/1321/25 975/970/220 933/1322/525
f 159/1323/524 170/1321/25 933/1322/525
f 766/952/789 761/1254/938 762/1324/971
f 947/87/87 167/1325/972 973/65/65
f 840/1326/768 460/783/676 398/923/770
f 274/359/347 271/361/348 270/1099/862
f 6/1056/857 1081/1327/749 1068/495/472
f 782/856/725 781/1328/973 780/854/723
f 248/333/324 253/241/237 249/242/238
f 1013/581/541 950/964/799 951/561/526
f 229/310/303 228/309/302 231/317/310
f 789/1110/879 395/477/458 396/480/461
f 106/180/179 109/1131/890 108/695/622
f 648/683/613 647/850/652 489/684/614
f 979/939/142 161/253/83 957/375/362
f 158/434/419 958/433/418 154/161/160
f 169/1329/262 937/85/85 940/84/84
f 169/1329/262 944/203/201 937/85/85
f 970/1330/626 971/941/781 160/940/780
f 971/941/781 970/944/626 960/946/784
f 459/246/242 461/1331/803 555/1332/974
f 344/1114/413 345/419/405 343/418/404
f 144/945/783 145/1333/975 962/341/332
f 145/1334/975 972/1335/386 962/341/332
f 974/155/154 141/1336/297 7/156/155
f 142/66/66 973/65/65 167/1325/972
f 148/276/271 150/680/319 978/274/269
f 159/559/524 951/561/526 935/965/318
f 162/1028/171 943/545/512 949/547/172
f 975/970/220 976/1337/894 968/1002/822
f 122/1083/381 126/50/50 127/189/188
f 29/938/779 144/1338/783 27/698/625
f 976/1337/894 954/1339/823 968/1002/822
f 958/433/418 956/162/161 154/161/160
f 959/90/90 969/89/89 971/941/781
f 981/1340/976 982/977/807 980/1341/977
f 981/1342/976 978/274/269 982/1320/807
f 79/135/135 76/94/94 74/1343/978
f 1002/979/515 1005/978/808 1012/982/809
f 1010/1031/516 1002/979/515 1012/982/809
f 1003/975/805 1007/985/811 1011/976/806
f 965/996/818 1023/995/817 1019/555/521
f 27/698/625 25/2/2 28/993/816
f 1008/990/513 1015/1344/979 1012/982/809
f 1012/982/809 1015/1344/979 1019/555/521
f 1030/1012/41 1009/1345/100 1016/1013/830
f 964/991/546 1017/1346/980 1018/1347/981
f 964/991/546 1018/1347/981 1014/984/810
f 983/1348/296 1020/1349/821 1024/551/517
f 983/1348/296 1024/551/517 1009/1345/100
f 1017/1346/980 1021/999/820 1018/1347/981
f 984/994/208 987/1350/209 1023/995/817
f 1020/1349/821 985/1104/317 1024/551/517
f 987/1350/209 989/1007/826 1023/995/817
f 988/1103/361 992/1010/248 1025/1011/829
f 986/998/159 1027/1014/42 1022/554/520
f 990/1005/824 993/1351/982 1028/1006/825
f 992/1010/248 991/1017/88 1029/552/518
f 993/1351/982 994/1352/200 1028/1006/825
f 991/1017/88 1031/1016/832 1029/552/518
f 1032/1353/860 1033/1021/835 994/1352/200
f 997/1019/425 999/1027/170 1035/1020/834
f 998/1022/331 966/1354/333 1036/1023/836
f 966/1354/333 1038/1032/839 1036/1023/836
f 287/372/359 1088/1355/500 279/997/819
f 75/74/74 941/1356/150 70/1357/983
f 1000/1025/837 980/1341/977 1037/1026/838
f 1046/1039/984 1054/1358/984 1047/1359/984
f 1055/1360/985 1040/1361/855 1047/1359/539
f 1056/1362/986 1040/1361/855 1055/1360/985
f 1059/1036/841 1041/1033/633 1058/1035/840
f 1049/1042/847 1042/1363/987 1041/1033/633
f 1049/1042/847 1050/1045/850 1042/1363/987
f 1050/1045/850 1043/1044/849 1042/1363/987
f 1051/1043/848 1039/535/503 1043/1044/849
f 154/1364/160 132/624/571 158/434/419
f 1060/1365/988 1061/1037/988 1059/1036/988
f 1063/1366/989 1050/1045/850 1049/1042/847
f 1041/706/633 1065/1047/852 1067/704/631
f 1039/1048/503 1044/1367/502 1064/1049/853
f 1057/1051/854 1048/705/632 1066/1052/540
f 58/609/560 61/80/80 60/79/79
f 712/1368/990 711/1217/991 529/1215/992
f 323/262/257 326/7/7 324/9/9
f 207/293/287 214/215/213 208/182/181
f 739/1369/235 684/1204/915 682/1370/674
f 410/1129/741 327/1371/63 408/1130/346
f 815/1294/740 469/1291/958 467/556/522
f 14/81/81 15/496/473 17/1372/993
f 17/1372/993 16/148/148 19/1058/859
f 1087/948/786 81/1373/134 262/4/4
f 9/1297/603 6/1056/857 4/1055/856
f 719/811/695 720/1374/994 423/812/121
f 250/345/336 62/1375/322 249/242/238
f 73/1376/995 68/38/38 72/128/128
f 249/242/238 1086/1377/321 242/130/130
f 274/359/347 279/997/819 275/1102/499
f 355/439/424 357/438/423 356/446/431
f 200/1087/873 201/989/814 193/44/44
f 195/601/555 23/1/1 22/1057/858
f 412/207/205 414/890/746 416/934/776
f 905/1378/996 885/1379/997 846/1380/998
f 88/1065/861 81/134/134 1087/1381/786
f 44/227/224 48/315/308 142/1382/66
f 258/383/370 260/348/337 677/5/5
f 225/337/328 227/308/301 224/307/300
f 1068/495/472 1081/1327/749 1082/1383/258
f 221/300/294 218/392/379 223/306/299
f 1084/955/630 195/601/555 1083/1384/45
f 208/182/181 212/216/214 211/1090/280
f 138/770/670 139/1385/999 136/1078/871
f 214/1091/213 215/1386/293 216/988/813
f 293/1109/878 298/381/368 300/282/277
f 101/176/175 100/687/617 287/688/359
f 1085/1387/875 50/499/474 46/404/390
f 460/783/676 461/1331/803 459/246/242
f 319/1073/867 126/1388/50 313/49/49
f 319/1073/867 313/49/49 317/144/144
f 1035/1020/834 1019/555/521 1028/1006/825
f 19/1058/859 21/1074/868 17/1372/993
f 530/118/118 526/927/77 587/70/70
f 436/871/422 430/873/732 435/901/755
f 408/1130/346 407/249/245 409/68/68
f 463/1389/468 462/1283/953 464/488/467
f 11/12/12 12/11/11 967/1390/316
f 716/1224/924 655/750/654 721/1222/655
f 325/405/391 172/258/253 323/262/257
f 549/570/531 700/1305/1000 544/686/616
f 17/1372/993 15/496/473 16/148/148
f 404/334/325 328/250/246 329/1391/469
f 597/33/33 595/106/106 856/800/689
f 595/106/106 855/1392/1001 856/800/689
f 267/109/109 262/4/4 265/6/6
f 2/769/669 1/942/782 139/1385/999
f 504/595/199 505/596/551 506/34/34
f 939/149/149 946/151/73 940/84/84
f 33/1393/1002 30/936/777 31/954/791
f 159/1080/524 116/1184/909 120/26/26
f 687/1205/916 280/367/354 686/196/195
f 866/14/14 617/111/111 584/15/15
f 464/488/467 400/487/459 465/1394/888
f 953/1395/1003 948/220/218 965/1396/818
f 182/676/607 183/265/260 185/521/492
f 227/308/301 235/321/313 231/317/310
f 388/472/454 386/444/429 385/445/430
f 571/886/743 574/587/544 485/574/478
f 502/36/36 504/595/199 506/34/34
f 935/965/318 1007/1397/811 1003/1169/805
f 237/1398/131 1086/330/321 238/104/104
f 85/137/137 84/1399/1004 87/138/138
f 1027/42/42 958/433/418 166/40/40
f 203/1089/874 653/1400/1005 654/344/335
f 480/1241/930 749/1401/1006 747/831/706
f 174/1402/403 3/1054/604 140/771/671
f 510/19/19 503/21/21 612/649/590
f 70/1357/983 71/218/216 73/1376/995
f 415/932/775 831/1302/962 832/1300/961
f 109/1131/890 106/180/179 111/103/103
f 1035/1020/834 1028/1006/825 1033/1021/835
f 586/1403/1007 587/70/70 616/71/71
f 558/312/305 462/1283/953 463/1389/468
f 463/1389/468 555/1404/974 558/312/305
f 119/396/382 122/395/381 121/1125/887
f 941/1356/150 75/74/74 946/73/73
f 527/1152/899 528/75/75 526/77/77
f 1038/1032/839 1010/1031/516 1036/1023/836
f 246/291/285 249/242/238 240/323/315
f 249/242/238 242/130/130 240/323/315
f 679/471/453 529/76/76 710/16/16
f 642/655/593 641/654/485 639/726/643
f 220/296/290 221/300/294 207/293/287
f 754/1405/1008 539/1406/574 755/1407/1009
f 472/701/628 471/665/343 606/637/583
f 27/698/625 28/993/816 29/938/779
f 210/1408/334 497/855/724 780/1409/723
f 685/782/675 591/113/113 688/1159/677
f 156/658/168 92/166/165 97/168/167
f 1026/953/790 986/160/159 956/162/161
f 616/71/71 584/15/15 618/112/112
f 142/1382/66 41/536/504 44/227/224
f 424/234/231 419/119/119 423/121/121
f 102/153/152 105/407/393 107/181/180
f 117/110/110 121/1125/887 118/1183/908
f 589/1410/1010 587/70/70 588/123/123
f 118/1183/908 120/26/26 116/1184/909
f 94/213/211 100/687/617 99/175/174
f 52/1059/307 155/1411/561 152/594/550
f 164/1101/129 136/1078/871 1/942/782
f 670/29/29 671/842/715 669/765/665
f 126/50/50 319/1412/867 128/192/191
f 22/1057/858 21/1074/868 19/1058/859
f 480/1241/930 750/1243/932 749/1401/1006
f 166/1413/40 158/1414/419 135/1170/904
f 324/9/9 317/144/144 320/143/143
f 64/78/78 65/39/39 67/217/215
f 127/1415/188 121/1125/887 122/395/381
f 380/524/448 842/925/771 445/522/493
f 668/1145/896 667/1191/164 666/1416/664
f 606/637/583 471/665/343 601/959/794
f 599/31/31 597/33/33 600/159/158
f 141/1336/297 163/943/99 5/794/683
f 436/437/422 361/443/428 360/1116/882
f 1005/1417/808 1004/961/796 152/1418/550
f 1014/984/810 1035/1020/834 1037/1026/838
f 1037/1026/838 1011/976/806 1014/984/810
f 949/173/172 58/609/560 60/79/79
f 415/932/775 339/1419/401 338/933/398
f 8/795/684 5/794/683 4/1055/856
f 134/1172/905 137/1079/872 133/1077/870
f 147/1420/217 67/217/215 70/1357/983
f 34/285/279 31/954/791 211/286/280
f 70/1357/983 73/1376/995 75/74/74
f 312/403/389 314/398/384 315/397/383
f 446/733/648 449/691/620 450/527/495
f 699/799/688 691/1421/681 297/1209/57
f 255/195/194 254/194/193 253/241/237
f 439/186/185 440/205/203 437/187/186
f 213/1422/1011 206/141/141 217/297/291
f 601/959/794 603/1423/1012 604/1424/1013
f 604/1424/1013 605/1425/1014 601/959/794
f 451/627/573 544/686/616 452/685/615
f 230/298/292 229/310/303 1085/1093/875
f 82/1426/1015 169/267/262 77/72/72
f 455/1427/886 825/897/752 454/896/476
f 530/118/118 620/117/117 621/530/498
f 695/797/686 548/569/32 698/857/489
f 548/569/32 550/641/584 698/857/489
f 160/1428/780 18/82/82 21/1074/868
f 286/1149/358 101/176/175 287/688/359
f 40/617/567 45/987/812 42/616/566
f 678/351/340 680/1199/914 681/775/673
f 443/1137/892 444/1313/968 370/519/439
f 248/333/324 249/242/238 246/291/285
f 694/385/372 304/283/278 299/1108/877
f 228/309/302 221/300/294 223/306/299
f 102/153/152 106/180/179 104/154/153
f 15/496/473 14/81/81 12/11/11
f 1006/966/800 1005/1429/808 155/956/561
f 75/74/74 73/1376/995 76/94/94
f 246/291/285 241/164/163 243/163/162
f 485/504/478 491/1187/911 486/505/479
f 466/1292/959 566/538/506 473/540/508
f 36/968/802 33/1393/1002 35/294/288
f 18/82/82 160/1428/780 161/83/83
f 707/1430/642 325/405/391 322/406/392
f 344/1114/413 348/426/412 345/419/405
f 334/209/207 411/208/206 335/498/433
f 189/236/233 188/91/91 187/520/491
f 430/1431/732 429/231/228 514/230/227
f 1070/1432/8 140/771/671 137/1079/872
f 983/302/296 974/304/154 1020/1000/821
f 962/341/332 998/340/331 961/947/785
f 445/522/493 447/1433/463 534/484/465
f 468/251/247 328/250/246 404/334/325
f 102/153/152 103/152/151 99/175/174
f 770/1434/1016 672/1435/28 771/1436/1017
f 40/617/567 43/228/225 39/537/505
f 631/224/221 633/715/635 320/143/143
f 1027/42/42 1026/953/790 958/433/418
f 191/147/147 13/146/146 1082/1383/258
f 648/738/613 650/1437/650 199/271/266
f 572/1438/1018 573/1008/827 571/886/743
f 571/886/743 1072/1193/913 572/1438/1018
f 818/974/744 450/527/495 819/1298/960
f 996/1439/831 959/90/90 960/946/784
f 952/588/545 954/1339/823 964/589/546
f 954/1339/823 1017/1440/980 964/589/546
f 123/1441/869 121/1125/887 127/1415/188
f 658/1442/659 657/748/656 660/1443/35
f 543/1164/575 538/105/105 545/107/107
f 92/166/165 156/658/168 153/1444/363
f 548/569/32 695/797/686 699/799/688
f 461/1331/803 460/783/676 551/921/769
f 640/515/487 181/702/629 177/257/252
f 435/901/755 430/873/732 434/903/757
f 93/214/212 96/167/166 91/1068/863
f 446/733/648 533/732/647 537/931/114
f 642/655/593 476/1445/627 644/1185/910
f 306/387/374 301/281/276 304/283/278
f 257/349/338 258/383/370 252/1097/876
f 133/1077/870 135/1170/904 132/624/571
f 1010/1031/516 1012/982/809 1036/1023/836
f 1012/982/809 1019/555/521 1036/1023/836
f 116/1184/909 159/1080/524 115/329/320
f 935/327/318 115/329/320 159/1080/524
f 105/407/393 291/1106/239 107/181/180
f 247/332/323 257/349/338 252/1097/876
f 266/108/108 272/289/283 269/355/344
f 272/289/283 273/288/282 269/355/344
f 236/316/309 242/130/130 232/132/132
f 644/1185/910 476/1445/627 477/1446/893
f 585/1447/1019 866/14/14 581/13/13
f 354/1448/891 355/439/424 356/446/431
f 426/512/416 350/1449/415 344/427/413
f 749/1401/1006 748/832/707 747/831/706
f 465/1394/888 393/1450/243 463/1389/468
f 590/529/497 595/106/106 591/1063/113
f 314/398/384 318/225/222 316/145/145
f 182/676/607 185/521/492 181/702/629
f 97/168/167 96/167/166 98/273/268
f 277/362/349 279/997/819 274/359/347
f 414/1451/746 484/563/527 482/506/46
f 174/1402/403 140/771/671 1070/1432/8
f 595/106/106 597/33/33 545/107/107
f 513/729/646 434/903/757 430/1452/732
f 514/730/227 513/729/646 430/1452/732
f 293/1109/878 301/281/276 290/244/240
f 1013/581/541 1007/1397/811 950/964/799
f 1031/1453/832 996/1439/831 960/946/784
f 1044/534/502 1052/533/501 1045/1040/1020
f 1045/1040/845 1046/1039/844 1044/534/538
f 659/755/660 223/306/299 218/392/379
f 173/929/773 326/7/7 172/258/253
f 252/1097/876 259/1098/417 255/195/194
f 357/438/423 664/336/327 358/435/420
f 308/507/480 307/386/373 305/388/375
f 11/12/12 151/157/156 7/156/155
f 537/114/114 685/782/675 684/1204/915
f 548/569/32 699/799/688 549/570/531
f 296/379/366 295/1454/682 110/179/178
f 435/901/755 359/900/754 436/871/422
f 990/1455/824 989/1456/826 938/86/86
f 299/1108/877 304/283/278 300/282/277
f 998/340/331 995/1210/833 961/947/785
f 372/455/438 247/332/323 369/261/256
f 934/1457/364 153/376/363 1033/1061/835
f 98/273/268 94/213/211 99/175/174
f 212/284/214 216/988/813 35/294/288
f 963/1458/787 103/152/151 104/154/153
f 180/256/251 176/255/250 171/1459/1021
f 184/266/261 334/448/207 186/264/259
f 770/1434/1016 769/1460/717 672/1435/28
f 337/411/397 336/410/396 341/416/402
f 524/22/22 525/24/24 523/618/568
f 712/1368/990 529/1215/992 713/1461/1022
f 713/1461/1022 1074/1462/1023 712/1368/990
f 213/1422/1011 220/296/290 207/293/287
f 658/1442/659 656/749/657 657/748/656
f 679/471/453 676/767/667 675/23/23
f 381/467/449 383/470/452 382/469/451
f 367/453/436 365/447/432 366/260/255
f 502/36/36 660/35/35 657/748/656
f 577/1118/884 503/21/21 502/1150/36
f 655/750/654 716/1224/924 423/121/121
f 129/190/189 127/189/188 128/192/191
f 658/754/659 661/380/367 659/755/660
f 375/1121/494 373/460/442 377/462/444
f 396/480/461 303/391/378 789/1110/879
f 560/313/306 564/659/594 632/633/579
f 63/174/173 66/37/37 65/39/39
f 947/87/87 1002/549/515 1001/548/514
f 1031/1453/832 960/946/784 995/1210/833
f 231/317/310 228/309/302 227/308/301
f 931/64/64 152/1418/550 1004/961/796
f 517/30/30 670/29/29 515/1463/599
f 515/1463/599 516/614/559 517/30/30
f 457/543/511 385/501/430 452/685/615
f 1001/548/514 1038/1464/839 167/1325/972
f 1038/1464/839 168/399/385 167/1325/972
f 475/352/341 642/655/593 474/1465/342
f 818/974/744 383/1466/452 381/525/449
f 653/1400/1005 651/1467/653 654/344/335
f 27/698/625 144/1338/783 970/699/626
f 539/628/574 689/788/679 688/1159/677
f 676/772/667 680/1199/914 678/351/340
f 388/472/454 387/55/55 386/444/429
f 622/528/496 592/1468/1024 590/529/497
f 590/529/497 530/118/118 621/530/498
f 38/692/621 36/968/802 37/967/801
f 186/264/259 185/521/492 183/265/260
f 488/573/534 493/572/533 497/1260/724
f 276/287/281 683/198/197 278/197/196
f 84/1399/1004 944/1469/201 169/267/262
f 112/185/184 1069/1470/377 119/396/382
f 1024/551/517 1034/553/519 1022/554/520
f 1034/553/519 1036/1023/836 1019/555/521
f 1019/555/521 1035/1020/834 1014/984/810
f 1014/984/810 1022/554/520 1019/555/521
f 601/959/794 605/1425/1014 862/1471/1025
f 153/1444/363 143/1472/365 90/1069/864
f 131/1473/1026 154/1364/160 976/1141/894
f 260/348/337 258/383/370 257/349/338
f 475/352/341 471/665/343 472/701/628
f 954/1339/823 976/1337/894 1017/1474/980
f 41/536/504 142/1382/66 167/1475/972
f 986/160/159 1021/1476/820 154/161/160
f 429/231/228 430/1452/732 432/962/797
f 70/1357/983 941/1356/150 147/1420/217
f 87/138/138 83/668/598 86/910/763
f 306/387/374 1069/390/377 301/281/276
f 688/1159/677 538/626/105 539/628/574
f 1040/1477/855 1066/580/540 1047/579/539
f 1066/580/540 1048/1478/632 1067/1479/631
f 1067/1479/631 1065/1047/852 1064/1480/853
f 1065/1047/852 1042/1046/851 1064/1480/853
f 1044/578/538 1046/1481/844 1047/579/539
f 1066/580/1027 1067/1479/631 1064/1480/853
f 1064/1480/1028 1044/578/1029 1066/580/1030
f 57/52/52 61/80/80 58/609/560
f 864/1482/1031 573/1008/827 610/1483/1032
f 963/949/787 980/1484/977 165/279/274
f 463/489/468 459/246/242 555/1332/974
f 247/332/323 805/459/441 257/349/338
f 199/271/266 653/1400/1005 198/272/267
f 965/1396/818 1015/1485/979 953/1395/1003
f 165/279/274 980/1484/977 1000/1029/837
f 407/249/245 473/540/508 474/353/342
f 568/677/608 472/701/628 606/637/583
f 1015/1485/979 1008/546/513 943/545/512
f 646/1486/605 480/1487/930 747/831/706
f 155/610/561 55/802/691 58/609/560
f 530/118/118 527/1152/899 526/927/77
f 145/1488/975 144/1338/783 29/938/779
f 679/471/453 675/23/23 524/22/22
f 515/1463/599 670/29/29 668/1145/896
f 324/9/9 1089/1072/866 317/144/144
f 547/568/530 549/570/531 543/629/575
f 989/1456/826 987/211/209 939/149/149
f 548/32/32 599/31/31 550/638/584
f 555/1332/974 461/1331/803 556/640/585
f 431/963/798 432/962/797 354/1134/891
f 1089/1489/866 137/1079/872 134/1172/905
f 38/692/621 41/536/504 168/1490/385
f 564/659/594 565/539/507 561/661/596
f 642/655/593 639/726/643 474/1465/342
f 1022/554/520 1027/1014/42 1016/1013/830
f 384/423/409 757/422/408 455/1122/886
f 489/684/614 491/1187/911 649/682/612
f 544/686/616 700/1305/1000 456/541/509
f 341/416/402 342/413/399 192/270/265
f 192/270/265 197/269/264 186/264/259
f 197/269/264 187/520/491 186/264/259
f 186/264/259 341/416/402 192/270/265
f 197/269/264 196/268/263 198/272/267
f 47/226/223 49/500/475 51/124/124
f 110/179/178 295/1454/682 112/185/184
f 407/249/245 467/556/522 466/1292/959
f 473/540/508 407/249/245 466/1292/959
f 188/91/91 1082/263/258 179/92/92
f 289/373/360 285/370/357 284/369/356
f 145/1488/975 29/938/779 32/937/778
f 553/278/273 559/652/591 554/1491/587
f 155/610/561 52/1059/307 55/802/691
f 347/425/411 343/418/404 346/420/406
f 735/1492/1033 734/1493/1033 733/1235/1033
f 1011/976/806 1007/985/811 1014/984/810
f 1034/553/519 1029/552/518 1031/1016/832
f 577/1118/884 859/1117/883 578/1494/1034
f 188/91/91 178/93/93 181/702/629
f 305/388/375 312/403/389 308/507/480
f 559/652/591 558/651/305 554/1491/587
f 321/1111/880 323/262/257 320/143/143
f 197/269/264 200/1087/873 189/236/233
f 955/958/793 941/150/150 984/210/208
f 349/421/407 783/424/410 346/420/406
f 8/795/684 6/1056/857 10/10/10
f 691/792/681 299/1108/877 298/381/368
f 445/522/493 534/484/465 446/733/648
f 167/1325/972 947/87/87 1001/548/514
f 650/1437/650 652/1495/651 651/1496/653
f 483/562/47 478/564/528 477/1446/893
f 558/312/305 555/1404/974 554/1497/587
f 691/1421/681 699/799/688 692/796/685
f 962/341/332 972/400/386 966/342/333
f 660/35/35 661/380/367 658/754/659
f 1021/1476/820 1017/1474/980 976/1337/894
f 360/1116/882 363/442/427 357/438/423
f 280/367/354 687/1205/916 281/368/355
f 1022/554/520 1014/984/810 1018/1347/981
f 667/1498/164 670/1499/29 669/1500/665
f 676/772/667 678/351/340 677/5/5
f 85/137/137 143/1472/365 944/1469/201
f 725/58/58 726/819/699 727/1501/1035
f 35/294/288 216/988/813 37/967/801
f 965/1396/818 948/220/218 984/210/208
f 445/522/493 446/733/648 375/523/494
f 688/784/677 687/1205/916 686/196/195
f 312/403/389 315/397/383 308/507/480
f 612/649/590 615/1502/1036 582/1503/1037
f 581/13/13 612/649/590 582/1503/1037
f 577/1118/884 580/1504/1038 867/1174/907
f 577/1118/884 579/1505/1039 580/1504/1038
f 5/794/683 2/769/669 4/1055/856
f 692/1506/685 299/1108/877 691/792/681
f 78/133/133 79/135/135 74/1343/978
f 570/1507/1040 568/677/608 569/1508/1041
f 702/1509/1042 700/1510/917 297/1511/57
f 595/106/106 596/876/735 849/1512/1043
f 730/728/645 474/1465/342 639/726/643
f 111/103/103 113/102/102 115/329/320
f 976/1141/894 125/191/190 129/190/189
f 742/1513/1044 740/827/1045 741/239/1044
f 539/1406/574 754/1405/1008 756/836/712
f 20/602/556 195/601/555 22/1057/858
f 151/324/156 985/326/317 1020/1000/821
f 779/852/1046 775/847/1046 776/1514/1046
f 291/1106/239 296/379/366 107/181/180
f 643/514/486 646/674/605 182/676/607
f 411/208/206 416/934/776 413/497/395
f 595/106/106 590/529/497 594/877/736
f 194/600/43 20/602/556 191/147/147
f 488/573/534 652/739/651 649/682/612
f 57/52/52 58/609/560 55/802/691
f 406/69/69 409/68/68 407/249/245
f 237/131/131 238/1515/104 233/1516/311
f 464/488/467 465/1394/888 463/1389/468
f 165/1133/274 98/273/268 103/152/151
f 235/321/313 239/320/312 240/323/315
f 979/142/142 12/11/11 14/81/81
f 933/560/525 964/589/546 1013/581/541
f 996/1439/831 991/88/88 959/90/90
f 47/226/223 48/315/308 44/227/224
f 512/1144/889 515/1463/599 668/1145/896
f 310/51/51 309/389/376 307/386/373
f 568/677/608 570/1507/1040 608/678/609
f 943/545/512 948/220/218 953/1395/1003
f 532/926/772 447/1433/463 445/522/493
f 109/1131/890 150/328/319 148/693/271
f 34/285/279 35/294/288 33/1393/1002
f 150/680/319 935/965/318 1003/1169/805
f 32/937/778 33/1393/1002 36/968/802
f 573/1008/827 572/1438/1018 575/1517/1047
f 581/13/13 515/669/599 510/19/19
f 72/128/128 76/94/94 73/1376/995
f 989/1007/826 1028/1006/825 1023/995/817
f 363/442/427 362/441/426 235/321/313
f 362/441/426 234/322/314 235/321/313
f 235/321/313 225/337/328 664/336/327
f 664/336/327 363/442/427 235/321/313
f 134/1172/905 130/623/570 1089/1489/866
f 757/422/408 387/55/55 288/365/352
f 387/55/55 297/57/57 292/382/369
f 583/1518/1048 585/1447/1019 581/13/13
f 581/13/13 582/1503/1037 583/1518/1048
f 941/150/150 939/149/149 987/211/209
f 457/543/511 452/685/615 456/541/509
f 676/767/667 679/471/453 680/1201/914
f 609/679/610 863/1192/912 571/886/743
f 525/24/24 675/23/23 674/768/668
f 982/977/807 1011/976/806 1037/1026/838
f 419/119/119 420/1132/767 417/229/226
f 254/1096/193 69/127/127 250/346/336
f 220/296/290 222/295/289 218/392/379
f 984/210/208 948/220/218 955/958/793
f 46/1519/390 45/1319/812 1085/1093/875
f 1057/1520/854 1040/1361/855 1056/1362/986
f 850/1521/1049 598/1173/906 597/33/33
f 597/33/33 857/801/690 850/1521/1049
f 940/84/84 946/151/73 169/1329/262
f 38/692/621 37/967/801 39/537/505
f 661/380/367 223/306/299 659/755/660
f 325/405/391 171/1459/1021 172/258/253
f 249/242/238 62/1375/322 1086/1377/321
f 938/86/86 989/1456/826 939/149/149
f 217/297/291 206/141/141 349/421/407
f 217/297/291 349/421/407 352/301/295
f 349/421/407 206/141/141 205/140/140
f 205/140/140 783/424/410 349/421/407
f 26/992/815 31/954/791 28/993/816
f 319/1412/867 130/623/570 128/192/191
f 143/1472/365 85/137/137 90/1069/864
f 393/911/243 400/478/459 394/476/457
f 1082/1383/258 13/146/146 1068/495/472
f 602/960/795 603/1423/1012 601/959/794
f 601/959/794 471/665/343 565/667/507
f 623/277/272 599/31/31 624/1522/1050
f 599/31/31 851/158/157 624/1522/1050
f 524/928/22 521/607/558 587/70/70
f 1021/1476/820 976/1337/894 154/161/160
f 129/190/189 132/624/571 131/1473/1026
f 949/547/172 1008/546/513 1006/966/800
f 502/1150/36 501/508/481 498/510/483
f 568/677/608 571/886/743 481/48/48
f 1024/551/517 1025/1011/829 1029/552/518
f 559/652/591 601/959/794 560/650/306
f 1015/1485/979 943/545/512 953/1395/1003
f 982/977/807 1037/1026/838 980/1341/977
f 407/249/245 468/251/247 467/556/522
f 638/774/644 640/515/487 175/254/249
f 549/570/531 544/686/616 543/629/575
f 613/1523/1051 614/1524/1052 612/649/590
f 869/122/122 587/70/70 868/1525/1053
f 586/1403/1007 868/1525/1053 587/70/70
f 307/386/373 308/507/480 310/51/51
f 86/910/763 88/1065/861 270/1066/862
f 274/359/347 270/1099/862 268/356/345
f 972/1526/386 145/1488/975 32/937/778
f 303/391/378 396/480/461 305/388/375
f 305/388/375 396/480/461 312/403/389
f 14/81/81 17/1372/993 18/82/82
f 85/137/137 944/1469/201 84/1399/1004
f 1070/1432/8 137/1079/872 1089/1489/866
f 77/72/72 80/95/95 82/1426/1015
f 685/782/675 537/114/114 591/113/113
f 83/668/598 88/1065/861 86/910/763
f 354/1134/891 356/446/431 353/1527/421
f 99/175/174 103/152/151 98/273/268
f 54/803/126 56/53/53 57/52/52
f 993/1528/982 990/1455/824 938/86/86
f 612/649/590 503/21/21 577/1118/884
f 117/110/110 116/1184/909 113/102/102
f 978/274/269 977/681/611 982/1320/807
f 168/1490/385 972/1526/386 38/692/621
f 794/1274/949 799/1275/950 800/1529/1054
f 932/170/169 165/279/274 1000/1029/837
f 91/1068/863 92/166/165 90/1069/864
f 92/166/165 91/1068/863 96/167/166
f 1025/1011/829 1024/551/517 985/1104/317
f 967/325/316 988/374/361 985/326/317
f 2/769/669 139/1385/999 138/770/670
f 288/365/352 292/382/369 289/373/360
f 573/1008/827 864/1482/1031 611/1009/828
f 486/505/479 415/932/775 416/934/776
f 678/351/340 265/6/6 677/5/5
f 87/138/138 84/1399/1004 82/1426/1015
f 368/457/440 372/455/438 369/261/256
f 285/370/357 287/372/359 279/997/819
f 15/496/473 13/146/146 16/148/148
f 395/477/458 394/476/457 396/480/461
f 136/1078/871 166/1413/40 135/1170/904
f 321/1111/880 633/715/635 635/720/640
f 1019/555/521 1015/1344/979 965/996/818
f 12/11/11 979/142/142 967/1390/316
f 67/217/215 146/935/219 64/78/78
f 235/321/313 236/316/309 231/317/310
f 87/138/138 82/1426/1015 83/668/598
f 934/1457/364 1033/1061/835 936/204/202
f 438/188/187 525/619/24 443/1137/892
f 169/267/262 82/1426/1015 84/1399/1004
f 65/39/39 68/38/38 71/218/216
f 852/1530/1055 567/1531/1056 606/637/583
f 626/1532/1057 627/1070/865 623/277/272
f 31/954/791 34/285/279 33/1393/1002
f 331/61/61 180/256/251 332/408/394
f 707/1430/642 405/494/471 332/408/394
f 564/659/594 636/719/639 632/633/579
f 408/1130/346 328/250/246 407/249/245
f 95/212/210 1088/532/500 94/213/211
f 994/202/200 993/1528/982 937/85/85
f 944/203/201 994/202/200 937/85/85
f 348/426/412 351/429/414 352/301/295
f 203/1089/874 202/184/183 198/272/267
f 202/184/183 201/989/814 198/272/267
f 146/935/219 67/217/215 147/1420/217
f 131/1473/1026 976/1141/894 129/190/189
f 379/465/447 382/469/451 272/289/283
f 266/108/108 264/177/176 379/465/447
f 272/289/283 266/108/108 379/465/447
f 497/1260/724 652/739/651 488/573/534
f 515/669/599 584/15/15 516/608/559
f 188/91/91 181/702/629 185/521/492
f 488/573/534 649/682/612 485/504/478
f 302/384/371 305/388/375 304/283/278
f 819/1298/960 450/527/495 449/691/620
f 200/1087/873 193/44/44 189/236/233
f 206/141/141 213/1422/1011 207/293/287
f 221/300/294 214/215/213 207/293/287
f 794/1274/949 558/862/305 792/861/726
f 216/988/813 40/617/567 37/967/801
f 483/562/47 482/46/46 484/563/527
f 24/3/3 970/699/626 160/1428/780
f 277/362/349 274/359/347 269/355/344
f 117/110/110 112/185/184 119/396/382
f 292/382/369 293/1109/878 289/373/360
f 118/1183/908 123/1441/869 120/26/26
f 293/1109/878 290/244/240 289/373/360
f 997/440/425 1033/1061/835 153/376/363
f 668/1145/896 666/1416/664 513/729/646
f 108/695/622 149/694/270 104/154/153
f 149/694/270 963/1458/787 104/154/153
f 606/637/583 601/959/794 861/1533/1058
f 601/959/794 862/1471/1025 861/1533/1058
f 607/635/581 606/637/583 861/1533/1058
f 320/143/143 323/262/257 324/9/9
f 130/623/570 134/1172/905 132/624/571
f 62/331/322 63/174/173 59/54/54
f 115/329/320 113/102/102 116/1184/909
f 157/657/592 97/168/167 98/273/268
f 52/1059/307 54/803/126 55/802/691
f 23/1/1 1084/955/630 26/992/815
f 502/1150/36 498/510/483 577/1118/884
f 577/1118/884 498/510/483 860/1119/885
f 593/1534/1059 594/877/736 590/529/497
f 1021/999/820 1022/554/520 1018/1347/981
f 1016/1013/830 1009/1345/100 1024/551/517
f 152/1418/550 155/1535/561 1005/1417/808
f 568/677/608 606/637/583 567/1531/1056
f 568/677/608 567/1531/1056 569/1508/1041
f 247/332/323 772/259/254 369/261/256
f 154/1364/160 131/1473/1026 132/624/571
f 72/128/128 78/133/133 74/1343/978
f 530/118/118 587/70/70 589/1410/1010
f 619/116/116 530/118/118 589/1410/1010
f 606/637/583 858/636/582 853/1536/1060
f 852/1530/1055 606/637/583 853/1536/1060
f 525/619/24 444/1313/968 443/1137/892
f 1032/1062/860 994/202/200 936/204/202
f 577/1118/884 578/1494/1034 579/1505/1039
f 332/408/394 405/494/471 329/491/469
f 428/603/229 511/201/20 514/730/227
f 650/1437/650 651/1496/653 653/1400/1005
f 199/271/266 650/1437/650 653/1400/1005
f 528/75/75 527/1152/899 534/1153/465
f 185/521/492 187/520/491 188/91/91
f 634/634/580 632/633/579 636/719/639
f 85/137/137 89/136/136 90/1069/864
f 1042/1046/851 1043/1537/849 1064/1538/853
f 337/411/397 186/264/259 335/449/433
f 15/496/473 12/11/11 10/10/10
f 1038/1464/839 966/342/333 168/399/385
f 253/241/237 248/333/324 247/332/323
f 247/332/323 252/1097/876 253/241/237
f 1055/1360/985 1047/1359/539 1054/1358/1061
f 351/429/414 348/426/412 350/430/415
f 294/245/241 301/281/276 295/793/682
f 118/1183/908 121/1125/887 123/1441/869
f 26/992/815 1084/955/630 31/954/791
f 613/1523/1051 612/649/590 867/1174/907
f 937/85/85 993/1528/982 938/86/86
f 181/702/629 643/514/486 182/676/607
f 172/258/253 171/1459/1021 176/255/250
f 454/502/476 385/501/430 384/1539/409
f 217/297/291 220/296/290 213/1422/1011
f 267/109/109 1087/948/786 262/4/4
f 262/4/4 81/1373/134 78/1105/133
f 10/10/10 11/12/12 8/795/684
f 135/1170/904 133/1077/870 136/1078/871
f 319/1412/867 1089/1489/866 130/623/570
f 403/492/326 329/491/469 405/494/471
f 297/1511/57 701/1540/1062 702/1509/1042
f 103/152/151 963/1458/787 165/1133/274
f 125/191/190 123/1076/869 127/189/188
f 734/1493/1063 474/1236/342 733/1235/929
f 309/394/376 119/396/382 1069/1470/377
f 187/520/491 197/269/264 189/236/233
f 112/185/184 114/101/101 111/103/103
f 774/846/718 489/845/614 647/1541/652
f 40/617/567 39/537/505 37/967/801
f 692/1506/685 693/804/687 694/385/372
f 299/1108/877 692/1506/685 694/385/372
f 564/659/594 703/806/638 636/719/639
f 975/970/220 968/1002/822 952/1542/545
f 68/38/38 73/1376/995 71/218/216
f 9/1297/603 4/1055/856 2/769/669
f 92/166/165 153/1444/363 90/1069/864
f 452/685/615 453/503/477 451/627/573
f 644/1185/910 477/1446/893 480/1543/930
f 646/735/605 644/1185/910 480/1543/930
f 615/1502/1036 612/649/590 614/1524/1052
f 233/1095/311 49/500/475 50/499/474
f 324/9/9 1070/8/8 1089/1072/866
f 209/183/182 201/989/814 202/184/183
f 593/1534/1059 590/529/497 592/1468/1024
f 860/1119/885 498/510/483 865/1544/1064
f 498/510/483 611/1009/828 865/1544/1064
f 9/1297/603 1081/1327/749 6/1056/857
f 139/1385/999 1/942/782 136/1078/871
f 164/1101/129 166/1413/40 136/1078/871
f 999/1027/170 1037/1026/838 1035/1020/834
f 533/1158/647 530/118/118 590/529/497
f 1024/551/517 1022/554/520 1016/1013/830
f 33/1393/1002 32/937/778 30/936/777
f 75/74/74 76/94/94 77/72/72
f 141/1336/297 5/794/683 7/156/155
f 21/1074/868 18/82/82 17/1372/993
f 530/118/118 533/1158/647 527/1152/899
f 983/302/296 1009/100/100 141/303/297
f 1009/100/100 163/99/99 141/303/297
f 373/973/442 446/733/648 450/527/495
f 1058/1035/840 1048/1034/632 1057/1520/854
f 972/1526/386 32/937/778 36/968/802
f 981/1342/976 963/949/787 978/274/269
f 179/92/92 1081/893/749 9/672/603
f 203/1089/874 198/272/267 653/1400/1005
f 379/465/447 378/464/446 377/462/444
f 694/385/372 693/804/687 696/697/624
f 587/70/70 521/607/558 584/15/15
f 769/844/717 670/29/29 672/28/28
f 640/515/487 643/514/486 181/702/629
f 994/1352/200 1033/1021/835 1028/1006/825
f 855/1392/1001 595/106/106 854/1545/1065
f 595/106/106 849/1512/1043 854/1545/1065
f 133/1077/870 137/1079/872 138/770/670
f 106/180/179 102/153/152 107/181/180
f 573/1008/827 575/1517/1047 576/1546/1066
f 576/1546/1066 610/1483/1032 573/1008/827
f 665/1251/662 513/729/646 666/1416/664
f 819/1298/960 822/888/745 818/974/744
f 24/3/3 21/1074/868 23/1/1
f 268/356/345 88/1100/861 1087/948/786
f 555/1332/974 556/640/585 554/645/587
f 47/226/223 51/124/124 48/315/308
f 83/668/598 82/1426/1015 80/95/95
f 444/1313/968 841/1547/969 371/1548/437
f 100/687/617 101/176/175 99/175/174
f 273/288/282 277/362/349 269/355/344
f 673/1278/666 525/24/24 674/768/668
f 224/307/300 661/380/367 662/338/329
f 322/406/392 323/262/257 321/1111/880
f 396/480/461 397/479/460 311/401/387
f 739/1369/235 537/114/114 684/1204/915
f 72/128/128 74/1343/978 76/94/94
f 109/1131/890 111/103/103 115/329/320
f 101/176/175 291/1106/239 105/407/393
f 156/169/168 157/653/592 942/280/275
f 229/310/303 237/131/131 233/1516/311
f 230/298/292 1085/1093/875 215/299/293
f 237/131/131 242/130/130 1086/1377/321
f 269/355/344 274/359/347 268/356/345
f 623/277/272 624/1522/1050 625/1549/1067
f 625/1549/1067 626/1532/1057 623/277/272
f 432/962/797 355/1550/424 354/1134/891
f 63/174/173 65/39/39 61/80/80
f 110/179/178 112/185/184 111/103/103
f 115/329/320 150/328/319 109/1131/890
f 444/1313/968 371/1551/437 370/519/439
f 124/27/27 120/26/26 123/1441/869
f 410/1129/741 333/1552/881 327/1371/63
f 290/244/240 286/371/358 289/373/360
f 190/237/234 194/43/43 191/1085/147
f 198/272/267 201/989/814 200/1087/873
f 11/12/12 967/1390/316 151/157/156
f 162/172/171 60/79/79 64/78/78
f 787/1267/944 786/1553/1068 785/518/490
f 240/323/315 242/130/130 236/316/309
f 275/1102/499 279/997/819 1088/1355/500
f 206/141/141 202/184/183 203/1089/874
f 226/305/298 228/309/302 223/306/299
f 414/890/746 482/506/46 416/934/776
f 38/692/621 972/1526/386 36/968/802
f 846/1380/998 875/1554/1069 847/1555/1070
f 913/1556/1071 928/1557/1072 912/1558/1073
f 929/1559/1074 922/1560/1075 846/1380/998
f 923/1561/1076 908/1562/1077 922/1560/1075
f 908/1562/1077 902/1563/1078 900/1564/1079
f 916/1565/1080 899/1566/1081 896/1567/1082
f 896/1567/1082 894/1568/1083 895/1569/1084
f 891/1570/1085 890/1571/1086 888/1572/1087
f 893/1573/1088 898/1574/1089 892/1575/1090
f 889/1576/1091 885/1379/997 881/1577/1092
f 878/1578/1093 871/1579/1094 930/1580/1095
f 870/1581/1096 878/1578/1093 930/1580/1095
f 847/1555/1070 848/1582/1097 846/1380/998
f 919/1583/1098 914/1584/1099 848/1582/1097
f 914/1584/1099 928/1557/1072 846/1380/998
f 929/1559/1074 921/1585/1100 922/1560/1075
f 901/1586/1101 918/1587/1102 905/1378/996
f 905/1378/996 918/1587/1102 917/1588/1103
f 926/1589/1104 927/1590/1105 918/1587/1102
f 910/1591/1106 907/1592/1107 906/1593/1108
f 906/1593/1108 920/1594/1109 910/1591/1106
f 917/1588/1103 915/1595/1110 916/1565/1080
f 904/1596/1111 891/1570/1085 888/1572/1087
f 897/1597/1112 898/1574/1089 893/1573/1088
f 893/1573/1088 883/1598/1113 887/1599/1114
f 884/1600/1115 879/1601/1116 885/1379/997
f 883/1598/1113 884/1600/1115 885/1379/997
f 885/1379/997 886/1602/1117 877/1603/1118
f 873/1604/1119 872/1605/1120 876/1606/1121
f 912/1558/1073 928/1557/1072 914/1584/1099
f 922/1560/1075 908/1562/1077 900/1564/1079
f 900/1564/1079 901/1586/1101 905/1378/996
f 927/1590/1105 911/1607/1122 910/1591/1106
f 920/1594/1109 917/1588/1103 910/1591/1106
f 895/1569/1084 909/1608/1123 896/1567/1082
f 909/1608/1123 905/1378/996 896/1567/1082
f 905/1378/996 903/1609/1124 904/1596/1111
f 888/1572/1087 887/1599/1114 905/1378/996
f 887/1599/1114 897/1597/1112 893/1573/1088
f 879/1601/1116 880/1610/1125 881/1577/1092
f 881/1577/1092 885/1379/997 879/1601/1116
f 877/1603/1118 876/1606/1121 872/1605/1120
f 882/1611/1126 872/1605/1120 874/1612/1127
f 882/1611/1126 870/1581/1096 930/1580/1095
f 882/1611/1126 930/1580/1095 846/1380/998
f 924/1613/1128 925/1614/1129 930/1580/1095
f 846/1380/998 848/1582/1097 914/1584/1099
f 846/1380/998 928/1557/1072 929/1559/1074
f 922/1560/1075 900/1564/1079 905/1378/996
f 927/1590/1105 910/1591/1106 918/1587/1102
f 917/1588/1103 916/1565/1080 896/1567/1082
f 905/1378/996 904/1596/1111 888/1572/1087
f 905/1378/996 887/1599/1114 883/1598/1113
f 885/1379/997 877/1603/1118 872/1605/1120
f 872/1605/1120 882/1611/1126 885/1379/997
f 846/1380/998 930/1580/1095 925/1614/1129
f 846/1380/998 922/1560/1075 905/1378/996
f 910/1591/1106 917/1588/1103 918/1587/1102
f 917/1588/1103 896/1567/1082 905/1378/996
f 883/1598/1113 885/1379/997 905/1378/996
f 885/1379/997 882/1611/1126 846/1380/998
f 48/315/308 931/912/64 142/1382/66
f 278/197/196 280/367/354 285/370/357
f 285/370/357 279/997/819 278/197/196
f 1069/1470/377 112/185/184 295/1454/682
f 129/190/189 128/192/191 130/623/570
f 250/346/336 66/37/37 62/331/322
f 935/965/318 950/964/799 1007/1397/811
f 419/119/119 421/930/774 420/1132/767
f 160/1428/780 21/1074/868 24/3/3
f 667/165/164 669/1500/665 243/163/162
f 66/37/37 69/127/127 68/38/38
f 289/373/360 284/369/356 288/365/352
f 332/408/394 180/256/251 171/1459/1021
f 707/1430/642 332/408/394 325/405/391
f 171/1459/1021 325/405/391 332/408/394
f 475/352/341 476/1445/627 642/655/593
f 28/993/816 31/954/791 30/936/777
f 1023/995/817 1028/1006/825 1019/555/521
f 20/602/556 19/1058/859 16/148/148
f 67/217/215 71/218/216 70/1357/983
f 41/536/504 167/1475/972 168/1490/385
f 416/934/776 411/208/206 412/207/205
f 660/35/35 506/34/34 663/815/661
f 41/536/504 43/228/225 44/227/224
f 1/942/782 2/769/669 5/794/683
f 25/2/2 27/698/625 24/3/3
f 443/1137/892 439/186/185 438/188/187
f 573/1008/827 574/587/544 571/886/743
f 470/557/523 468/251/247 402/558/470
f 963/949/787 981/1342/976 980/1484/977
f 204/139/139 206/141/141 203/1089/874
f 23/1/1 26/992/815 25/2/2
f 628/860/1130 793/1273/1131 792/861/1132
usemtl m1
f 1094/1615/1133 1093/1616/1133 1185/1617/1133
f 1094/1615/1133 1095/1618/1133 1093/1616/1133
f 1098/1619/1133 1094/1615/1133 1096/1620/1134
f 1094/1615/1133 1097/1621/1135 1095/1618/1133
f 1101/1622/1136 1100/1623/1137 1102/1624/1138
f 1100/1623/1137 1101/1622/1136 1103/1625/1137
f 1102/1624/1138 1104/1626/1139 1101/1622/1136
f 1109/1627/1140 1113/1628/1137 1110/1629/1139
f 1108/1630/1141 1112/1631/1142 1109/1627/1140
f 1111/1632/1140 1109/1627/1140 1112/1631/1142
f 1120/1633/1133 1115/1634/1143 1116/1635/1144
f 1117/1636/1145 1115/1634/1143 1120/1633/1133
f 1120/1633/1133 1090/1637/1133 1117/1636/1145
f 1090/1637/1133 1121/1638/1133 1117/1636/1145
f 1166/1639/1133 1121/1638/1133 1090/1637/1133
f 1122/1640/1133 1091/1641/1133 1123/1642/1133
f 1187/1643/1146 1127/1644/1147 1091/1641/1133
f 1127/1644/1147 1126/1645/1148 1091/1641/1133
f 1134/1646/1149 1132/1647/1150 1131/1648/1151
f 1132/1647/1150 1133/1649/1120 1131/1648/1151
f 1175/1650/1133 1136/1651/1135 1137/1652/1148
f 1136/1651/1135 1138/1653/1152 1137/1652/1148
f 1141/1654/1139 1139/1655/997 1138/1653/1152
f 1139/1655/997 1140/1656/1153 1138/1653/1152
f 1144/1657/1133 1143/1658/1154 1145/1659/1133
f 1144/1657/1133 1142/1660/1155 1143/1658/1154
f 1142/1660/1155 1146/1661/1156 1147/1662/1157
f 1092/1663/1133 1093/1616/1133 1150/1664/1133
f 1160/1665/1148 1157/1666/1158 1106/1667/1133
f 1106/1667/1133 1157/1666/1158 1107/1668/1159
f 1186/1669/1153 1158/1670/1135 1159/1671/1133
f 1158/1670/1135 1106/1667/1133 1159/1671/1133
f 1111/1632/1140 1162/1672/1140 1109/1627/1140
f 1109/1627/1140 1162/1672/1140 1161/1673/1160
f 1116/1635/1144 1115/1634/1143 1164/1674/1161
f 1161/1673/1160 1164/1674/1161 1115/1634/1143
f 1126/1645/1148 1169/1675/1134 1128/1676/1133
f 1130/1677/1120 1126/1645/1148 1170/1678/1133
f 1170/1678/1133 1126/1645/1148 1168/1679/1133
f 1126/1645/1148 1172/1680/1162 1171/1681/1163
f 1135/1682/1135 1172/1680/1162 1126/1645/1148
f 1135/1682/1135 1126/1645/1148 1130/1677/1120
f 1137/1652/1148 1132/1647/1150 1174/1683/1149
f 1132/1647/1150 1177/1684/1164 1176/1685/1165
f 1179/1686/1133 1140/1656/1153 1139/1655/997
f 1142/1660/1155 1140/1656/1153 1180/1687/1166
f 1189/1688/1133 1180/1687/1166 1140/1656/1153
f 1149/1689/1133 1183/1690/1133 1144/1657/1133
f 1093/1616/1133 1151/1691/1133 1182/1692/1133
f 1185/1617/1133 1096/1620/1134 1094/1615/1133
f 1092/1663/1133 1185/1617/1133 1093/1616/1133
f 1152/1693/1133 1093/1616/1133 1095/1618/1133
f 1099/1694/1167 1102/1624/1138 1100/1623/1137
f 1105/1695/1168 1101/1622/1136 1104/1626/1139
f 1105/1695/1168 1106/1667/1133 1101/1622/1136
f 1106/1667/1133 1107/1668/1159 1101/1622/1136
f 1186/1669/1153 1108/1630/1141 1110/1629/1139
f 1108/1630/1141 1109/1627/1140 1110/1629/1139
f 1113/1628/1137 1109/1627/1140 1114/1696/1169
f 1118/1697/1170 1115/1634/1143 1117/1636/1145
f 1120/1633/1133 1119/1698/1171 1090/1637/1133
f 1165/1699/1133 1090/1637/1133 1119/1698/1171
f 1091/1641/1133 1124/1700/1133 1125/1701/1133
f 1124/1700/1133 1091/1641/1133 1128/1676/1133
f 1091/1641/1133 1126/1645/1148 1128/1676/1133
f 1187/1643/1146 1091/1641/1133 1122/1640/1133
f 1129/1702/1172 1135/1682/1135 1130/1677/1120
f 1129/1702/1172 1133/1649/1120 1135/1682/1135
f 1129/1702/1172 1131/1648/1151 1133/1649/1120
f 1136/1651/1135 1141/1654/1139 1138/1653/1152
f 1181/1703/1154 1143/1658/1154 1142/1660/1155
f 1144/1657/1133 1148/1704/1135 1146/1661/1156
f 1144/1657/1133 1146/1661/1156 1142/1660/1155
f 1145/1659/1133 1149/1689/1133 1144/1657/1133
f 1182/1692/1133 1150/1664/1133 1093/1616/1133
f 1155/1705/1137 1094/1615/1133 1153/1706/1133
f 1098/1619/1133 1153/1706/1133 1094/1615/1133
f 1155/1705/1137 1100/1623/1137 1094/1615/1133
f 1094/1615/1133 1100/1623/1137 1154/1707/1173
f 1099/1694/1167 1100/1623/1137 1155/1705/1137
f 1105/1695/1168 1156/1708/1174 1106/1667/1133
f 1156/1708/1174 1159/1671/1133 1106/1667/1133
f 1186/1669/1153 1110/1629/1139 1158/1670/1135
f 1161/1673/1160 1115/1634/1143 1109/1627/1140
f 1115/1634/1143 1163/1709/1175 1109/1627/1140
f 1165/1699/1133 1188/1710/1133 1090/1637/1133
f 1167/1711/1133 1123/1642/1133 1090/1637/1133
f 1188/1710/1133 1167/1711/1133 1090/1637/1133
f 1123/1642/1133 1091/1641/1133 1090/1637/1133
f 1168/1679/1133 1126/1645/1148 1127/1644/1147
f 1134/1646/1149 1173/1712/1164 1132/1647/1150
f 1175/1650/1133 1137/1652/1148 1174/1683/1149
f 1173/1712/1164 1174/1683/1149 1132/1647/1150
f 1137/1652/1148 1177/1684/1164 1132/1647/1150
f 1179/1686/1133 1189/1688/1133 1140/1656/1153
f 1140/1656/1153 1142/1660/1155 1178/1713/1176
f 1181/1703/1154 1142/1660/1155 1180/1687/1166
f 1183/1690/1133 1182/1692/1133 1144/1657/1133
f 1182/1692/1133 1151/1691/1133 1144/1657/1133
f 1144/1657/1133 1151/1691/1133 1184/1714/1133
usemtl m2
f 1190/1715/1177 1192/1716/1178 1191/1717/1179
f 1191/1717/1179 1197/1718/1180 1190/1715/1177
f 1199/1719/1181 1206/1720/1182 1201/1721/1183
f 1198/1722/1184 1200/1723/1185 1199/1719/1181
f 1196/1724/1186 1195/1725/1187 1225/1726/1188
f 1196/1724/1186 1225/1726/1188 1202/1727/1189
f 1197/1718/1180 1191/1717/1179 1204/1728/1190
f 1194/1729/1191 1195/1725/1187 1196/1724/1186
f 1204/1728/1190 1191/1717/1179 1222/1730/1192
f 1198/1722/1184 1202/1727/1189 1200/1723/1185
f 1215/1731/1193 1195/1725/1187 1216/1732/1194
f 1201/1721/1183 1206/1720/1182 1205/1733/1195
f 1206/1720/1182 1207/1734/1196 1210/1735/1197
f 1202/1727/1189 1219/1736/1198 1200/1723/1185
f 1203/1737/1199 1204/1728/1190 1208/1738/1200
f 1199/1719/1181 1201/1721/1183 1198/1722/1184
f 1205/1733/1195 1210/1735/1197 1212/1739/1201
f 1212/1739/1201 1210/1735/1197 1217/1740/1202
f 1209/1741/1203 1211/1742/1204 1215/1731/1193
f 1190/1715/1177 1217/1740/1202 1192/1716/1178
f 1213/1743/1205 1190/1715/1177 1193/1744/1206
f 1223/1745/1207 1211/1742/1204 1222/1730/1192
f 1217/1740/1202 1190/1715/1177 1213/1743/1205
f 1220/1746/1208 1217/1740/1202 1207/1734/1196
f 1192/1716/1178 1217/1740/1202 1220/1746/1208
f 1191/1717/1179 1192/1716/1178 1220/1746/1208
f 1211/1742/1204 1209/1741/1203 1222/1730/1192
f 1218/1747/1209 1221/1748/1210 1220/1746/1208
f 1224/1749/1211 1215/1731/1193 1211/1742/1204
f 1226/1750/1212 1202/1727/1189 1225/1726/1188
f 1223/1745/1207 1221/1748/1210 1224/1749/1211
f 1193/1744/1206 1190/1715/1177 1197/1718/1180
f 1199/1719/1181 1200/1723/1185 1219/1736/1198
f 1194/1729/1191 1196/1724/1186 1202/1727/1189
f 1213/1743/1205 1212/1739/1201 1217/1740/1202
f 1198/1722/1184 1194/1729/1191 1202/1727/1189
f 1206/1720/1182 1199/1719/1181 1207/1734/1196
f 1209/1741/1203 1204/1728/1190 1222/1730/1192
f 1218/1747/1209 1220/1746/1208 1207/1734/1196
f 1207/1734/1196 1217/1740/1202 1210/1735/1197
f 1209/1741/1203 1215/1731/1193 1214/1751/1213
f 1220/1746/1208 1221/1748/1210 1191/1717/1179
f 1221/1748/1210 1222/1730/1192 1191/1717/1179
f 1223/1745/1207 1224/1749/1211 1211/1742/1204
f 1224/1749/1211 1195/1725/1187 1215/1731/1193
f 1224/1749/1211 1225/1726/1188 1195/1725/1187
f 1214/1751/1213 1215/1731/1193 1216/1732/1194
f 1226/1750/1212 1219/1736/1198 1202/1727/1189
f 1225/1726/1188 1224/1749/1211 1226/1750/1212
f 1218/1747/1209 1226/1750/1212 1224/1749/1211
f 1216/1732/1194 1195/1725/1187 1194/1729/1191
f 1218/1747/1209 1207/1734/1196 1219/1736/1198
f 1226/1750/1212 1218/1747/1209 1219/1736/1198
f 1214/1751/1213 1208/1738/1200 1209/1741/1203
f 1204/1728/1190 1209/1741/1203 1208/1738/1200
f 1221/1748/1210 1218/1747/1209 1224/1749/1211
f 1222/1730/1192 1221/1748/1210 1223/1745/1207
f 1205/1733/1195 1206/1720/1182 1210/1735/1197
f 1197/1718/1180 1204/1728/1190 1203/1737/1199
f 1199/1719/1181 1219/1736/1198 1207/1734/1196
l 647 773
l 759 1077
l 1079 1080
l 731 736
l 791 796
l 765 760
l 746 1076
l 773 777
l 801 1078
l 798 793
l 717 1075
l 738 744
