# Blender 5.2.2 LTS
# www.blender.org
mtllib AshBin.mtl
o pCylinder4_lambert1_0
v 0.117796 0.956066 -0.099786
v 0.139378 0.966444 -0.052785
v 0.146815 0.970020 -0.000684
v 0.084180 0.939901 -0.137086
v 0.041822 0.919533 -0.161035
v -0.005133 0.896954 -0.169287
v -0.052087 0.874376 -0.161035
v -0.094445 0.854007 -0.137086
v -0.128061 0.837843 -0.099786
v -0.149644 0.827465 -0.052785
v -0.157081 0.823888 -0.000684
v -0.149644 0.827465 0.051417
v -0.128061 0.837843 0.098418
v -0.094445 0.854007 0.135718
v -0.052087 0.874376 0.159666
v -0.005133 0.896954 0.167918
v 0.041822 0.919533 0.159666
v 0.084180 0.939902 0.135718
v 0.117796 0.956066 0.098418
v 0.139378 0.966444 0.051417
v 0.125030 0.996283 -0.052785
v 0.103447 0.985905 -0.099786
v 0.027473 0.949372 0.159666
v 0.069832 0.969740 -0.137086
v 0.027473 0.949372 -0.161035
v -0.019481 0.926793 -0.169287
v -0.066436 0.904215 -0.161035
v -0.108794 0.883846 -0.137086
v -0.142410 0.867682 -0.099786
v -0.163992 0.857304 -0.052785
v -0.171429 0.853728 -0.000684
v -0.163992 0.857304 0.051417
v -0.142410 0.867682 0.098418
v -0.108794 0.883846 0.135718
v -0.066436 0.904215 0.159666
v -0.019481 0.926793 0.167918
v 0.069831 0.969741 0.135718
v 0.103447 0.985905 0.098418
v 0.125030 0.996283 0.051417
v 0.132467 0.999859 -0.000684
v 0.140781 0.970792 -0.053808
v 0.118775 0.960210 -0.101732
v 0.107296 0.984082 -0.101732
v 0.129302 0.994664 -0.053808
v 0.084499 0.943728 -0.139765
v 0.073020 0.967600 -0.139765
v 0.041309 0.922960 -0.164183
v 0.029830 0.946832 -0.164183
v -0.006567 0.899938 -0.172597
v -0.018047 0.923810 -0.172597
v -0.054444 0.876916 -0.164183
v -0.065923 0.900788 -0.164183
v -0.097634 0.856148 -0.139765
v -0.109113 0.880019 -0.139765
v -0.131910 0.839666 -0.101732
v -0.143389 0.863538 -0.101732
v -0.153916 0.829084 -0.053808
v -0.165395 0.852956 -0.053808
v -0.161499 0.825437 -0.000684
v -0.172978 0.849309 -0.000684
v -0.153916 0.829084 0.052440
v -0.165395 0.852956 0.052440
v -0.131910 0.839666 0.100364
v -0.143389 0.863538 0.100364
v -0.097634 0.856148 0.138397
v -0.109113 0.880020 0.138397
v -0.054444 0.876916 0.162815
v -0.065923 0.900788 0.162815
v -0.006567 0.899938 0.171229
v -0.018047 0.923810 0.171229
v 0.041309 0.922960 0.162815
v 0.029830 0.946832 0.162815
v 0.084499 0.943728 0.138397
v 0.073020 0.967600 0.138397
v 0.118775 0.960210 0.100364
v 0.107296 0.984082 0.100364
v 0.140781 0.970792 0.052440
v 0.129302 0.994664 0.052440
v 0.148364 0.974439 -0.000684
v 0.136885 0.998311 -0.000684
v 0.140965 0.968283 -0.053508
v 0.119082 0.957761 -0.101162
v 0.140965 0.968283 -0.053508
v 0.119082 0.957761 -0.101162
v 0.140965 0.968283 -0.053508
v 0.148505 0.971909 -0.000684
v 0.140965 0.968283 -0.053508
v 0.148505 0.971909 -0.000684
v 0.119082 0.957761 -0.101162
v 0.085000 0.941372 -0.138980
v 0.119082 0.957761 -0.101162
v 0.085000 0.941372 -0.138980
v 0.085000 0.941372 -0.138980
v 0.042053 0.920720 -0.163261
v 0.085000 0.941372 -0.138980
v 0.042053 0.920720 -0.163261
v 0.042053 0.920720 -0.163261
v -0.005553 0.897828 -0.171627
v 0.042053 0.920720 -0.163261
v -0.005553 0.897828 -0.171627
v -0.005553 0.897828 -0.171627
v -0.053159 0.874936 -0.163261
v -0.005553 0.897828 -0.171627
v -0.053159 0.874936 -0.163261
v -0.053159 0.874936 -0.163261
v -0.096106 0.854285 -0.138980
v -0.053159 0.874936 -0.163261
v -0.096106 0.854285 -0.138980
v -0.096106 0.854285 -0.138980
v -0.130188 0.837896 -0.101162
v -0.096106 0.854285 -0.138980
v -0.130188 0.837896 -0.101162
v -0.130188 0.837896 -0.101162
v -0.152070 0.827374 -0.053508
v -0.130188 0.837896 -0.101162
v -0.152070 0.827374 -0.053508
v -0.152070 0.827374 -0.053508
v -0.159610 0.823748 -0.000684
v -0.152070 0.827374 -0.053508
v -0.159610 0.823748 -0.000684
v -0.159610 0.823748 -0.000684
v -0.152070 0.827374 0.052140
v -0.159610 0.823748 -0.000684
v -0.152070 0.827374 0.052140
v -0.152070 0.827374 0.052140
v -0.130188 0.837896 0.099794
v -0.152070 0.827374 0.052140
v -0.130188 0.837896 0.099794
v -0.130188 0.837896 0.099794
v -0.096106 0.854285 0.137612
v -0.130188 0.837896 0.099794
v -0.096106 0.854285 0.137612
v -0.096106 0.854285 0.137612
v -0.053159 0.874936 0.161893
v -0.096106 0.854285 0.137612
v -0.053159 0.874936 0.161893
v -0.053159 0.874936 0.161893
v -0.005553 0.897828 0.170259
v -0.053159 0.874936 0.161893
v -0.005553 0.897828 0.170259
v -0.005553 0.897828 0.170259
v 0.042053 0.920720 0.161893
v -0.005553 0.897828 0.170259
v 0.042053 0.920720 0.161893
v 0.042053 0.920720 0.161893
v 0.085000 0.941372 0.137612
v 0.042053 0.920720 0.161893
v 0.085000 0.941372 0.137612
v 0.085000 0.941372 0.137612
v 0.119082 0.957760 0.099794
v 0.085000 0.941372 0.137612
v 0.119082 0.957760 0.099794
v 0.119082 0.957760 0.099794
v 0.140964 0.968283 0.052140
v 0.119082 0.957760 0.099794
v 0.140964 0.968283 0.052140
v 0.140964 0.968283 0.052140
v 0.148505 0.971909 -0.000684
v 0.140964 0.968283 0.052140
v 0.148505 0.971909 -0.000684
v 0.127457 0.996374 -0.053508
v 0.134997 1.000000 -0.000684
v 0.127457 0.996374 -0.053508
v 0.134997 1.000000 -0.000684
v 0.127457 0.996374 -0.053508
v 0.105574 0.985852 -0.101162
v 0.127457 0.996374 -0.053508
v 0.105574 0.985852 -0.101162
v 0.105574 0.985852 -0.101162
v 0.071492 0.969463 -0.138980
v 0.105574 0.985852 -0.101162
v 0.071492 0.969463 -0.138980
v 0.071492 0.969463 -0.138980
v 0.028545 0.948812 -0.163261
v 0.071492 0.969463 -0.138980
v 0.028545 0.948812 -0.163261
v 0.028545 0.948812 -0.163261
v -0.019061 0.925919 -0.171627
v 0.028545 0.948812 -0.163261
v -0.019061 0.925919 -0.171627
v -0.019061 0.925919 -0.171627
v -0.066667 0.903027 -0.163261
v -0.019061 0.925919 -0.171627
v -0.066667 0.903027 -0.163261
v -0.066667 0.903027 -0.163261
v -0.109614 0.882376 -0.138980
v -0.066667 0.903027 -0.163261
v -0.109614 0.882376 -0.138980
v -0.109614 0.882376 -0.138980
v -0.143696 0.865987 -0.101162
v -0.109614 0.882376 -0.138980
v -0.143696 0.865987 -0.101162
v -0.143696 0.865987 -0.101162
v -0.165578 0.855465 -0.053508
v -0.143696 0.865987 -0.101162
v -0.165578 0.855465 -0.053508
v -0.165578 0.855465 -0.053508
v -0.173118 0.851839 -0.000684
v -0.165578 0.855465 -0.053508
v -0.173118 0.851839 -0.000684
v -0.173118 0.851839 -0.000684
v -0.165578 0.855465 0.052140
v -0.173118 0.851839 -0.000684
v -0.165578 0.855465 0.052140
v -0.165578 0.855465 0.052140
v -0.143696 0.865987 0.099794
v -0.165578 0.855465 0.052140
v -0.143696 0.865987 0.099794
v -0.143696 0.865987 0.099794
v -0.109614 0.882376 0.137612
v -0.143696 0.865987 0.099794
v -0.109614 0.882376 0.137612
v -0.109614 0.882376 0.137612
v -0.066667 0.903027 0.161893
v -0.109614 0.882376 0.137612
v -0.066667 0.903027 0.161893
v -0.066667 0.903027 0.161893
v -0.019061 0.925919 0.170259
v -0.066667 0.903027 0.161893
v -0.019061 0.925919 0.170259
v -0.019061 0.925919 0.170259
v 0.028545 0.948811 0.161893
v -0.019061 0.925919 0.170259
v 0.028545 0.948811 0.161893
v 0.028545 0.948811 0.161893
v 0.071492 0.969463 0.137612
v 0.028545 0.948811 0.161893
v 0.071492 0.969463 0.137612
v 0.071492 0.969463 0.137612
v 0.105574 0.985852 0.099794
v 0.071492 0.969463 0.137612
v 0.105574 0.985852 0.099794
v 0.105574 0.985852 0.099794
v 0.127456 0.996374 0.052140
v 0.105574 0.985852 0.099794
v 0.127456 0.996374 0.052140
v 0.127456 0.996374 0.052140
v 0.134997 1.000000 -0.000684
v 0.127456 0.996374 0.052140
v 0.134997 1.000000 -0.000684
v -0.178597 0.825665 0.021612
v -0.178691 0.825519 0.021438
v -0.178640 0.825538 0.021581
v -0.178691 0.825519 0.021692
v -0.185576 0.830819 0.021630
v -0.185705 0.830885 0.021607
v -0.178675 0.825582 0.015580
v -0.178600 0.825488 0.015637
v -0.185536 0.830936 0.015632
v -0.185651 0.830806 0.015806
v -0.185647 0.830860 0.015663
v -0.185651 0.830805 0.015555
v -0.181125 0.826655 0.018623
v -0.180709 0.827053 0.018622
v -0.181642 0.826407 0.018622
v -0.182209 0.826329 0.018622
v -0.182775 0.826432 0.018622
v -0.183281 0.826701 0.018622
v -0.183677 0.827117 0.018622
v -0.183928 0.827629 0.018621
v -0.184006 0.828203 0.018622
v -0.183903 0.828765 0.018622
v -0.183633 0.829270 0.018622
v -0.183218 0.829668 0.018622
v -0.182700 0.829920 0.018621
v -0.182132 0.829998 0.018623
v -0.181570 0.829894 0.018622
v -0.181061 0.829625 0.018622
v -0.180665 0.829208 0.018623
v -0.180414 0.828691 0.018622
v -0.180337 0.828122 0.018622
v -0.180438 0.827558 0.018622
v -0.180177 0.825290 0.021761
v -0.181162 0.824816 0.021761
v -0.182246 0.824667 0.021761
v -0.183322 0.824862 0.021761
v -0.184286 0.825378 0.021761
v -0.185042 0.826168 0.021761
v -0.185519 0.827152 0.021761
v -0.185667 0.828238 0.021761
v -0.185473 0.829313 0.021761
v -0.183432 0.832344 0.021837
v -0.184663 0.831750 0.021838
v -0.182078 0.832529 0.021837
v -0.180734 0.832287 0.021838
v -0.179529 0.831641 0.021797
v -0.178583 0.830654 0.021816
v -0.177990 0.829423 0.021838
v -0.177805 0.828070 0.021837
v -0.178047 0.826724 0.021815
v -0.179229 0.823926 0.018622
v -0.180682 0.823223 0.018621
v -0.182281 0.823004 0.018623
v -0.183871 0.823294 0.018623
v -0.185291 0.824054 0.018621
v -0.186407 0.825217 0.018622
v -0.187110 0.826674 0.018623
v -0.187328 0.828273 0.018621
v -0.187043 0.829859 0.018622
v -0.180177 0.825291 0.015483
v -0.181162 0.824815 0.015483
v -0.182246 0.824667 0.015483
v -0.183321 0.824862 0.015483
v -0.184286 0.825378 0.015483
v -0.185042 0.826168 0.015483
v -0.185519 0.827152 0.015483
v -0.185667 0.828238 0.015483
v -0.185473 0.829313 0.015483
v -0.183432 0.832344 0.015407
v -0.184663 0.831749 0.015406
v -0.182078 0.832529 0.015407
v -0.180735 0.832287 0.015406
v -0.179530 0.831640 0.015407
v -0.178584 0.830654 0.015406
v -0.177990 0.829423 0.015406
v -0.177805 0.828070 0.015407
v -0.178047 0.826724 0.015429
v -0.184287 0.832070 0.021612
v -0.181354 0.836282 0.021612
v -0.184664 0.831752 0.015632
v -0.183433 0.832347 0.015632
v -0.180778 0.835842 0.015632
v -0.181275 0.836213 0.015632
v -0.182078 0.832532 0.021612
v -0.180006 0.835260 0.021612
v -0.183188 0.832516 0.015632
v -0.180778 0.835842 0.015632
v -0.180733 0.832289 0.021612
v -0.182078 0.832532 0.021612
v -0.180006 0.835260 0.021612
v -0.179035 0.834524 0.021612
v -0.180733 0.832289 0.015632
v -0.179035 0.834524 0.015632
v -0.180733 0.832289 0.021612
v -0.179035 0.834524 0.021612
v -0.177959 0.833708 0.021612
v -0.180733 0.832289 0.015632
v -0.179528 0.831643 0.015632
v -0.177959 0.833708 0.015632
v -0.179035 0.834524 0.015632
v -0.178582 0.830655 0.021612
v -0.179528 0.831643 0.021612
v -0.177959 0.833708 0.021612
v -0.176884 0.832891 0.021612
v -0.179528 0.831643 0.015632
v -0.178582 0.830655 0.015632
v -0.176884 0.832891 0.015632
v -0.177959 0.833708 0.015632
v -0.177987 0.829424 0.021612
v -0.176884 0.832891 0.021612
v -0.175915 0.832152 0.021612
v -0.178582 0.830655 0.015632
v -0.177987 0.829424 0.015632
v -0.175915 0.832152 0.015632
v -0.176884 0.832891 0.015632
v -0.177819 0.827378 0.021612
v -0.174488 0.831052 0.021612
v -0.177987 0.829424 0.015632
v -0.177819 0.827378 0.015632
v -0.174564 0.831125 0.015632
v -0.175915 0.832152 0.015632
v -0.175617 0.841551 0.021612
v -0.181449 0.836339 0.021612
v -0.181449 0.836339 0.015632
v -0.175645 0.841617 0.015632
v -0.175645 0.841617 0.021612
v -0.181363 0.836275 0.015632
v -0.175585 0.841572 0.015632
v -0.175159 0.840938 0.021612
v -0.181275 0.836213 0.015632
v -0.180778 0.835842 0.015632
v -0.175159 0.840938 0.015632
v -0.175518 0.841445 0.015632
v -0.174602 0.840148 0.021612
v -0.180778 0.835842 0.015632
v -0.180006 0.835260 0.015632
v -0.174602 0.840148 0.015632
v -0.175159 0.840938 0.015632
v -0.173903 0.839150 0.021612
v -0.180006 0.835260 0.015632
v -0.179035 0.834524 0.015632
v -0.173903 0.839150 0.015632
v -0.174602 0.840148 0.015632
v -0.177959 0.833708 0.021612
v -0.179035 0.834524 0.021612
v -0.173903 0.839150 0.021612
v -0.173129 0.838043 0.021612
v -0.179035 0.834524 0.015632
v -0.177959 0.833708 0.015632
v -0.173129 0.838043 0.015632
v -0.173903 0.839150 0.015632
v -0.173129 0.838043 0.021612
v -0.172356 0.836936 0.021612
v -0.177959 0.833708 0.015632
v -0.176884 0.832891 0.015632
v -0.172356 0.836936 0.015632
v -0.173129 0.838043 0.015632
v -0.175915 0.832152 0.021612
v -0.176884 0.832891 0.021612
v -0.172356 0.836936 0.021612
v -0.171661 0.835935 0.021612
v -0.171110 0.835141 0.015632
v -0.172356 0.836936 0.015632
v -0.171661 0.835935 0.021612
v -0.171110 0.835141 0.021612
v -0.170641 0.834451 0.021612
v -0.170711 0.834532 0.015632
v -0.174572 0.831118 0.015632
v -0.170700 0.834540 0.015632
v -0.174488 0.831052 0.015632
v -0.174488 0.831052 0.021612
v -0.170640 0.834451 0.021612
v -0.170640 0.834451 0.015632
v -0.167458 0.845550 0.021612
v -0.175645 0.841617 0.021612
v -0.175645 0.841617 0.015632
v -0.167502 0.845610 0.015632
v -0.167502 0.845610 0.021612
v -0.167502 0.845610 0.015632
v -0.175159 0.840938 0.021612
v -0.175518 0.841445 0.021612
v -0.167440 0.845405 0.021612
v -0.167269 0.844808 0.021612
v -0.175159 0.840938 0.015632
v -0.167269 0.844808 0.015632
v -0.167269 0.844808 0.021612
v -0.167006 0.843878 0.021612
v -0.175159 0.840938 0.015632
v -0.174602 0.840148 0.015632
v -0.167006 0.843878 0.015632
v -0.167269 0.844808 0.015632
v -0.173903 0.839150 0.021612
v -0.174602 0.840148 0.021612
v -0.167006 0.843878 0.021612
v -0.166677 0.842705 0.021612
v -0.174602 0.840148 0.015632
v -0.173903 0.839150 0.015632
v -0.166677 0.842705 0.015632
v -0.167006 0.843878 0.015632
v -0.166677 0.842705 0.021612
v -0.166314 0.841404 0.021612
v -0.173903 0.839150 0.015632
v -0.173129 0.838043 0.015632
v -0.166314 0.841404 0.015632
v -0.166677 0.842705 0.015632
v -0.165952 0.840103 0.021612
v -0.173129 0.838043 0.015632
v -0.165952 0.840103 0.015632
v -0.166314 0.841404 0.015632
v -0.171661 0.835935 0.021612
v -0.172356 0.836936 0.021612
v -0.165952 0.840103 0.021612
v -0.165627 0.838929 0.021612
v -0.172356 0.836936 0.015632
v -0.171661 0.835935 0.015632
v -0.165627 0.838929 0.015632
v -0.165952 0.840103 0.015632
v -0.171110 0.835141 0.021612
v -0.171661 0.835935 0.021612
v -0.165627 0.838929 0.021612
v -0.165372 0.837996 0.021612
v -0.171661 0.835935 0.015632
v -0.171110 0.835141 0.015632
v -0.165372 0.837996 0.015632
v -0.165627 0.838929 0.015632
v -0.165371 0.837997 0.021612
v -0.165157 0.837190 0.021612
v -0.165157 0.837190 0.015632
v -0.165371 0.837997 0.015632
v -0.170640 0.834451 0.015632
v -0.170640 0.834451 0.021612
v -0.165157 0.837190 0.021612
v -0.165157 0.837190 0.015632
v -0.156834 0.846786 0.021612
v -0.167502 0.845610 0.021612
v -0.167502 0.845610 0.015632
v -0.156835 0.846786 0.015632
v -0.156835 0.846786 0.021612
v -0.156834 0.846786 0.015632
v -0.156868 0.845952 0.021612
v -0.156868 0.845952 0.015632
v -0.167006 0.843878 0.021612
v -0.167269 0.844808 0.021612
v -0.156868 0.845952 0.021612
v -0.156913 0.844986 0.021612
v -0.167269 0.844808 0.015632
v -0.167006 0.843878 0.015632
v -0.156913 0.844986 0.015632
v -0.156868 0.845952 0.015632
v -0.166677 0.842705 0.021612
v -0.167006 0.843878 0.021612
v -0.156913 0.844986 0.021612
v -0.156973 0.843769 0.021612
v -0.167006 0.843878 0.015632
v -0.166677 0.842705 0.015632
v -0.156973 0.843769 0.015632
v -0.156913 0.844986 0.015632
v -0.156973 0.843769 0.021612
v -0.157041 0.842421 0.021612
v -0.166677 0.842705 0.015632
v -0.156971 0.843770 0.015632
v -0.165952 0.840103 0.021612
v -0.166314 0.841404 0.021612
v -0.157041 0.842421 0.021612
v -0.157110 0.841072 0.021612
v -0.157107 0.841072 0.021612
v -0.157275 0.838058 0.015632
v -0.157278 0.838057 0.021612
v -0.165157 0.837190 0.015632
v -0.165157 0.837190 0.021612
v -0.157279 0.838057 0.021612
v -0.157279 0.838057 0.015632
v -0.180042 0.826545 0.015683
v -0.179647 0.827282 0.015683
v -0.180042 0.826545 0.015683
v -0.179647 0.827282 0.015683
v -0.180042 0.826545 0.015683
v -0.180646 0.825967 0.015683
v -0.180042 0.826545 0.015683
v -0.180646 0.825967 0.015683
v -0.180646 0.825967 0.015683
v -0.181399 0.825603 0.015683
v -0.180646 0.825967 0.015683
v -0.181399 0.825603 0.015683
v -0.181399 0.825603 0.015683
v -0.182228 0.825490 0.015683
v -0.181399 0.825603 0.015683
v -0.182228 0.825490 0.015683
v -0.182228 0.825490 0.015683
v -0.183051 0.825638 0.015683
v -0.182228 0.825490 0.015683
v -0.183051 0.825638 0.015683
v -0.183051 0.825638 0.015683
v -0.183788 0.826034 0.015683
v -0.183051 0.825638 0.015683
v -0.183788 0.826034 0.015683
v -0.183788 0.826034 0.015683
v -0.184367 0.826637 0.015683
v -0.183788 0.826034 0.015683
v -0.184367 0.826637 0.015683
v -0.184367 0.826637 0.015683
v -0.184731 0.827391 0.015683
v -0.184367 0.826637 0.015683
v -0.184731 0.827391 0.015683
v -0.184731 0.827391 0.015683
v -0.184844 0.828219 0.015683
v -0.184731 0.827391 0.015683
v -0.184844 0.828219 0.015683
v -0.184844 0.828219 0.015683
v -0.184696 0.829042 0.015683
v -0.184844 0.828219 0.015683
v -0.184696 0.829042 0.015683
v -0.184696 0.829042 0.015683
v -0.184300 0.829780 0.015683
v -0.184696 0.829042 0.015683
v -0.184300 0.829780 0.015683
v -0.184300 0.829780 0.015683
v -0.183696 0.830358 0.015683
v -0.184300 0.829780 0.015683
v -0.183696 0.830358 0.015683
v -0.183696 0.830358 0.015683
v -0.182943 0.830722 0.015683
v -0.183696 0.830358 0.015683
v -0.182943 0.830722 0.015683
v -0.182943 0.830722 0.015683
v -0.182114 0.830835 0.015683
v -0.182943 0.830722 0.015683
v -0.182114 0.830835 0.015683
v -0.182114 0.830835 0.015683
v -0.181291 0.830687 0.015683
v -0.182114 0.830835 0.015683
v -0.181291 0.830687 0.015683
v -0.181291 0.830687 0.015683
v -0.180554 0.830291 0.015683
v -0.181291 0.830687 0.015683
v -0.180554 0.830291 0.015683
v -0.180554 0.830291 0.015683
v -0.179975 0.829687 0.015683
v -0.180554 0.830291 0.015683
v -0.179975 0.829687 0.015683
v -0.179975 0.829687 0.015683
v -0.179612 0.828934 0.015683
v -0.179975 0.829687 0.015683
v -0.179612 0.828934 0.015683
v -0.179612 0.828934 0.015683
v -0.179498 0.828106 0.015683
v -0.179612 0.828934 0.015683
v -0.179498 0.828106 0.015683
v -0.179498 0.828106 0.015683
v -0.179647 0.827282 0.015683
v -0.179498 0.828106 0.015683
v -0.179647 0.827282 0.015683
v -0.180042 0.826545 0.021561
v -0.180646 0.825967 0.021561
v -0.180042 0.826545 0.021561
v -0.180646 0.825967 0.021561
v -0.180042 0.826545 0.021561
v -0.179647 0.827282 0.021561
v -0.180042 0.826545 0.021561
v -0.179647 0.827282 0.021561
v -0.180646 0.825967 0.021561
v -0.181399 0.825603 0.021561
v -0.180646 0.825967 0.021561
v -0.181399 0.825603 0.021561
v -0.181399 0.825603 0.021561
v -0.182228 0.825490 0.021561
v -0.181399 0.825603 0.021561
v -0.182228 0.825490 0.021561
v -0.182228 0.825490 0.021561
v -0.183051 0.825638 0.021561
v -0.182228 0.825490 0.021561
v -0.183051 0.825638 0.021561
v -0.183051 0.825638 0.021561
v -0.183788 0.826034 0.021561
v -0.183051 0.825638 0.021561
v -0.183788 0.826034 0.021561
v -0.183788 0.826034 0.021561
v -0.184367 0.826637 0.021561
v -0.183788 0.826034 0.021561
v -0.184367 0.826637 0.021561
v -0.184367 0.826637 0.021561
v -0.184731 0.827391 0.021561
v -0.184367 0.826637 0.021561
v -0.184731 0.827391 0.021561
v -0.184731 0.827391 0.021561
v -0.184844 0.828219 0.021561
v -0.184731 0.827391 0.021561
v -0.184844 0.828219 0.021561
v -0.184844 0.828219 0.021561
v -0.184696 0.829042 0.021561
v -0.184844 0.828219 0.021561
v -0.184696 0.829042 0.021561
v -0.184696 0.829042 0.021561
v -0.184300 0.829780 0.021561
v -0.184696 0.829042 0.021561
v -0.184300 0.829780 0.021561
v -0.184300 0.829780 0.021561
v -0.183696 0.830358 0.021561
v -0.184300 0.829780 0.021561
v -0.183696 0.830358 0.021561
v -0.183696 0.830358 0.021561
v -0.182943 0.830722 0.021561
v -0.183696 0.830358 0.021561
v -0.182943 0.830722 0.021561
v -0.182943 0.830722 0.021561
v -0.182114 0.830835 0.021561
v -0.182943 0.830722 0.021561
v -0.182114 0.830835 0.021561
v -0.182114 0.830835 0.021561
v -0.181291 0.830687 0.021561
v -0.182114 0.830835 0.021561
v -0.181291 0.830687 0.021561
v -0.181291 0.830687 0.021561
v -0.180554 0.830291 0.021561
v -0.181291 0.830687 0.021561
v -0.180554 0.830291 0.021561
v -0.180554 0.830291 0.021561
v -0.179975 0.829687 0.021561
v -0.180554 0.830291 0.021561
v -0.179975 0.829687 0.021561
v -0.179975 0.829687 0.021561
v -0.179612 0.828934 0.021561
v -0.179975 0.829687 0.021561
v -0.179612 0.828934 0.021561
v -0.179612 0.828934 0.021561
v -0.179498 0.828106 0.021561
v -0.179612 0.828934 0.021561
v -0.179498 0.828106 0.021561
v -0.179498 0.828106 0.021561
v -0.179647 0.827282 0.021561
v -0.179498 0.828106 0.021561
v -0.179647 0.827282 0.021561
v -0.179707 0.824615 0.021561
v -0.179707 0.824615 0.021561
v -0.179707 0.824615 0.021561
v -0.180924 0.824027 0.021561
v -0.179707 0.824615 0.021561
v -0.180924 0.824027 0.021561
v -0.180924 0.824027 0.021561
v -0.182263 0.823844 0.021561
v -0.180924 0.824027 0.021561
v -0.182263 0.823844 0.021561
v -0.182263 0.823844 0.021561
v -0.183593 0.824084 0.021561
v -0.182263 0.823844 0.021561
v -0.183593 0.824084 0.021561
v -0.183593 0.824084 0.021561
v -0.184784 0.824723 0.021561
v -0.183593 0.824084 0.021561
v -0.184784 0.824723 0.021561
v -0.184784 0.824723 0.021561
v -0.185719 0.825699 0.021561
v -0.184784 0.824723 0.021561
v -0.185719 0.825699 0.021561
v -0.185719 0.825699 0.021561
v -0.186306 0.826915 0.021561
v -0.185719 0.825699 0.021561
v -0.186306 0.826915 0.021561
v -0.186306 0.826915 0.021561
v -0.186489 0.828254 0.021561
v -0.186306 0.826915 0.021561
v -0.186489 0.828254 0.021561
v -0.186489 0.828254 0.021561
v -0.186250 0.829584 0.021561
v -0.186489 0.828254 0.021561
v -0.186250 0.829584 0.021561
v -0.186250 0.829584 0.021561
v -0.186250 0.829584 0.021561
v -0.179707 0.824615 0.015683
v -0.179707 0.824615 0.015683
v -0.179707 0.824615 0.015683
v -0.180924 0.824027 0.015683
v -0.179707 0.824615 0.015683
v -0.180924 0.824027 0.015683
v -0.180924 0.824027 0.015683
v -0.182263 0.823844 0.015683
v -0.180924 0.824027 0.015683
v -0.182263 0.823844 0.015683
v -0.182263 0.823844 0.015683
v -0.183593 0.824084 0.015683
v -0.182263 0.823844 0.015683
v -0.183593 0.824084 0.015683
v -0.183593 0.824084 0.015683
v -0.184784 0.824723 0.015683
v -0.183593 0.824084 0.015683
v -0.184784 0.824723 0.015683
v -0.184784 0.824723 0.015683
v -0.185719 0.825699 0.015683
v -0.184784 0.824723 0.015683
v -0.185719 0.825699 0.015683
v -0.185719 0.825699 0.015683
v -0.186306 0.826915 0.015683
v -0.185719 0.825699 0.015683
v -0.186306 0.826915 0.015683
v -0.186306 0.826915 0.015683
v -0.186489 0.828254 0.015683
v -0.186306 0.826915 0.015683
v -0.186489 0.828254 0.015683
v -0.186489 0.828254 0.015683
v -0.186250 0.829584 0.015683
v -0.186489 0.828254 0.015683
v -0.186250 0.829584 0.015683
v -0.186250 0.829584 0.015683
v -0.186250 0.829584 0.015683
v -0.181362 0.836276 0.021612
v -0.178597 0.825665 0.021612
v -0.185616 0.830852 0.021554
v -0.185616 0.830852 0.015690
v -0.181449 0.836339 0.015632
v -0.181449 0.836339 0.021612
v -0.178656 0.825565 0.015690
v -0.178656 0.825565 0.021554
v -0.174488 0.831052 0.021612
v -0.174488 0.831052 0.015632
v -0.185491 0.830905 0.015632
v -0.178597 0.825665 -0.016387
v -0.178691 0.825519 -0.016561
v -0.178640 0.825538 -0.016418
v -0.178649 0.825595 -0.016343
v -0.185593 0.830792 -0.016296
v -0.185336 0.829266 -0.016317
v -0.185532 0.830946 -0.016411
v -0.185705 0.830885 -0.016392
v -0.178675 0.825582 -0.022419
v -0.178600 0.825488 -0.022362
v -0.185536 0.830936 -0.022367
v -0.185651 0.830806 -0.022192
v -0.185647 0.830860 -0.022336
v -0.185651 0.830805 -0.022444
v -0.181125 0.826655 -0.019376
v -0.180709 0.827053 -0.019377
v -0.181642 0.826407 -0.019377
v -0.182209 0.826329 -0.019377
v -0.182775 0.826432 -0.019377
v -0.183281 0.826701 -0.019377
v -0.183677 0.827117 -0.019377
v -0.183928 0.827629 -0.019377
v -0.184006 0.828203 -0.019376
v -0.183903 0.828765 -0.019377
v -0.183633 0.829270 -0.019377
v -0.183218 0.829668 -0.019377
v -0.182700 0.829920 -0.019377
v -0.182132 0.829998 -0.019376
v -0.181570 0.829894 -0.019377
v -0.181061 0.829625 -0.019377
v -0.180665 0.829208 -0.019376
v -0.180414 0.828691 -0.019377
v -0.180337 0.828122 -0.019377
v -0.180438 0.827558 -0.019377
v -0.180177 0.825290 -0.016237
v -0.181162 0.824816 -0.016237
v -0.182246 0.824667 -0.016238
v -0.183322 0.824862 -0.016237
v -0.184286 0.825378 -0.016237
v -0.185042 0.826168 -0.016237
v -0.185519 0.827152 -0.016237
v -0.185667 0.828238 -0.016238
v -0.182979 0.830840 -0.016386
v -0.183767 0.830460 -0.016386
v -0.182112 0.830959 -0.016386
v -0.181449 0.836339 -0.016386
v -0.181250 0.830804 -0.016386
v -0.180479 0.830390 -0.016386
v -0.179874 0.829758 -0.016386
v -0.174488 0.831052 -0.016386
v -0.179493 0.828970 -0.016386
v -0.179375 0.828103 -0.016386
v -0.179530 0.827242 -0.016386
v -0.179229 0.823926 -0.019377
v -0.180682 0.823223 -0.019378
v -0.182281 0.823004 -0.019376
v -0.183871 0.823294 -0.019376
v -0.185291 0.824054 -0.019378
v -0.186407 0.825217 -0.019376
v -0.187110 0.826674 -0.019376
v -0.187328 0.828273 -0.019377
v -0.187043 0.829859 -0.019377
v -0.180177 0.825291 -0.022516
v -0.181162 0.824815 -0.022516
v -0.182246 0.824667 -0.022516
v -0.183321 0.824862 -0.022516
v -0.184286 0.825378 -0.022516
v -0.185042 0.826168 -0.022516
v -0.185519 0.827152 -0.022516
v -0.185667 0.828238 -0.022516
v -0.185473 0.829313 -0.022516
v -0.183432 0.832344 -0.022592
v -0.184663 0.831749 -0.022592
v -0.182078 0.832529 -0.022592
v -0.180735 0.832287 -0.022592
v -0.179530 0.831640 -0.022592
v -0.178584 0.830654 -0.022592
v -0.177990 0.829423 -0.022592
v -0.177805 0.828070 -0.022592
v -0.178047 0.826724 -0.022570
v -0.184664 0.831752 -0.022367
v -0.183433 0.832347 -0.022367
v -0.180778 0.835842 -0.022367
v -0.181275 0.836213 -0.022367
v -0.183188 0.832516 -0.022367
v -0.180778 0.835842 -0.022367
v -0.180733 0.832289 -0.022367
v -0.179035 0.834524 -0.022367
v -0.180733 0.832289 -0.022367
v -0.179528 0.831643 -0.022367
v -0.177959 0.833708 -0.022367
v -0.179035 0.834524 -0.022367
v -0.179528 0.831643 -0.022367
v -0.178582 0.830655 -0.022367
v -0.176884 0.832891 -0.022367
v -0.177959 0.833708 -0.022367
v -0.178582 0.830655 -0.022367
v -0.177987 0.829424 -0.022367
v -0.175915 0.832152 -0.022367
v -0.176884 0.832891 -0.022367
v -0.177987 0.829424 -0.022367
v -0.177819 0.827378 -0.022367
v -0.174564 0.831125 -0.022367
v -0.175915 0.832152 -0.022367
v -0.175644 0.841617 -0.016386
v -0.181449 0.836339 -0.016386
v -0.181449 0.836339 -0.022367
v -0.175645 0.841617 -0.022367
v -0.175645 0.841617 -0.016386
v -0.181363 0.836275 -0.022367
v -0.175585 0.841572 -0.022367
v -0.181275 0.836213 -0.022367
v -0.180778 0.835842 -0.022367
v -0.175159 0.840938 -0.022367
v -0.175518 0.841445 -0.022367
v -0.180778 0.835842 -0.022367
v -0.180006 0.835260 -0.022367
v -0.174602 0.840148 -0.022367
v -0.175159 0.840938 -0.022367
v -0.180006 0.835260 -0.022367
v -0.179035 0.834524 -0.022367
v -0.173903 0.839150 -0.022367
v -0.174602 0.840148 -0.022367
v -0.179035 0.834524 -0.022367
v -0.177959 0.833708 -0.022367
v -0.173129 0.838043 -0.022367
v -0.173903 0.839150 -0.022367
v -0.170641 0.834451 -0.016386
v -0.177959 0.833708 -0.022367
v -0.176884 0.832891 -0.022367
v -0.172356 0.836936 -0.022367
v -0.173129 0.838043 -0.022367
v -0.171110 0.835141 -0.022367
v -0.172356 0.836936 -0.022367
v -0.170711 0.834532 -0.022367
v -0.174572 0.831118 -0.022367
v -0.170700 0.834540 -0.022367
v -0.174488 0.831052 -0.022367
v -0.174488 0.831052 -0.016386
v -0.170640 0.834451 -0.016386
v -0.170640 0.834451 -0.022367
v -0.167502 0.845610 -0.016386
v -0.175645 0.841617 -0.016386
v -0.175645 0.841617 -0.022367
v -0.167502 0.845610 -0.022367
v -0.167502 0.845610 -0.016386
v -0.167502 0.845610 -0.022367
v -0.175159 0.840938 -0.022367
v -0.167269 0.844808 -0.022367
v -0.175159 0.840938 -0.022367
v -0.174602 0.840148 -0.022367
v -0.167006 0.843878 -0.022367
v -0.167269 0.844808 -0.022367
v -0.174602 0.840148 -0.022367
v -0.173903 0.839150 -0.022367
v -0.166677 0.842705 -0.022367
v -0.167006 0.843878 -0.022367
v -0.165157 0.837190 -0.016386
v -0.173903 0.839150 -0.022367
v -0.173129 0.838043 -0.022367
v -0.166314 0.841404 -0.022367
v -0.166677 0.842705 -0.022367
v -0.173129 0.838043 -0.022367
v -0.165952 0.840103 -0.022367
v -0.166314 0.841404 -0.022367
v -0.172356 0.836936 -0.022367
v -0.171661 0.835935 -0.022367
v -0.165627 0.838929 -0.022367
v -0.165952 0.840103 -0.022367
v -0.171661 0.835935 -0.022367
v -0.171110 0.835141 -0.022367
v -0.165372 0.837996 -0.022367
v -0.165627 0.838929 -0.022367
v -0.165157 0.837190 -0.022367
v -0.165371 0.837997 -0.022367
v -0.170640 0.834451 -0.022367
v -0.170640 0.834451 -0.016386
v -0.165157 0.837190 -0.016386
v -0.165157 0.837190 -0.022367
v -0.156831 0.846786 -0.016386
v -0.167502 0.845610 -0.016386
v -0.167502 0.845610 -0.022367
v -0.156835 0.846786 -0.022367
v -0.156835 0.846786 -0.016386
v -0.156834 0.846786 -0.022367
v -0.156868 0.845952 -0.022367
v -0.167269 0.844808 -0.022367
v -0.167006 0.843878 -0.022367
v -0.156913 0.844986 -0.022367
v -0.156868 0.845952 -0.022367
v -0.157269 0.838059 -0.016386
v -0.167006 0.843878 -0.022367
v -0.166677 0.842705 -0.022367
v -0.156973 0.843769 -0.022367
v -0.156913 0.844986 -0.022367
v -0.166677 0.842705 -0.022367
v -0.156971 0.843770 -0.022367
v -0.157275 0.838058 -0.022367
v -0.165157 0.837190 -0.022367
v -0.165157 0.837190 -0.016386
v -0.157279 0.838057 -0.016386
v -0.157279 0.838057 -0.022367
v -0.180042 0.826545 -0.022316
v -0.179647 0.827282 -0.022316
v -0.180042 0.826545 -0.022316
v -0.179647 0.827282 -0.022316
v -0.180042 0.826545 -0.022316
v -0.180646 0.825967 -0.022316
v -0.180042 0.826545 -0.022316
v -0.180646 0.825967 -0.022316
v -0.180646 0.825967 -0.022316
v -0.181399 0.825603 -0.022316
v -0.180646 0.825967 -0.022316
v -0.181399 0.825603 -0.022316
v -0.181399 0.825603 -0.022316
v -0.182228 0.825490 -0.022316
v -0.181399 0.825603 -0.022316
v -0.182228 0.825490 -0.022316
v -0.182228 0.825490 -0.022316
v -0.183051 0.825638 -0.022316
v -0.182228 0.825490 -0.022316
v -0.183051 0.825638 -0.022316
v -0.183051 0.825638 -0.022316
v -0.183788 0.826034 -0.022316
v -0.183051 0.825638 -0.022316
v -0.183788 0.826034 -0.022316
v -0.183788 0.826034 -0.022316
v -0.184367 0.826637 -0.022316
v -0.183788 0.826034 -0.022316
v -0.184367 0.826637 -0.022316
v -0.184367 0.826637 -0.022316
v -0.184731 0.827391 -0.022316
v -0.184367 0.826637 -0.022316
v -0.184731 0.827391 -0.022316
v -0.184731 0.827391 -0.022316
v -0.184844 0.828219 -0.022316
v -0.184731 0.827391 -0.022316
v -0.184844 0.828219 -0.022316
v -0.184844 0.828219 -0.022316
v -0.184696 0.829042 -0.022316
v -0.184844 0.828219 -0.022316
v -0.184696 0.829042 -0.022316
v -0.184696 0.829042 -0.022316
v -0.184300 0.829780 -0.022316
v -0.184696 0.829042 -0.022316
v -0.184300 0.829780 -0.022316
v -0.184300 0.829780 -0.022316
v -0.183696 0.830358 -0.022316
v -0.184300 0.829780 -0.022316
v -0.183696 0.830358 -0.022316
v -0.183696 0.830358 -0.022316
v -0.182943 0.830722 -0.022316
v -0.183696 0.830358 -0.022316
v -0.182943 0.830722 -0.022316
v -0.182943 0.830722 -0.022316
v -0.182114 0.830835 -0.022316
v -0.182943 0.830722 -0.022316
v -0.182114 0.830835 -0.022316
v -0.182114 0.830835 -0.022316
v -0.181291 0.830687 -0.022316
v -0.182114 0.830835 -0.022316
v -0.181291 0.830687 -0.022316
v -0.181291 0.830687 -0.022316
v -0.180554 0.830291 -0.022316
v -0.181291 0.830687 -0.022316
v -0.180554 0.830291 -0.022316
v -0.180554 0.830291 -0.022316
v -0.179975 0.829687 -0.022316
v -0.180554 0.830291 -0.022316
v -0.179975 0.829687 -0.022316
v -0.179975 0.829687 -0.022316
v -0.179612 0.828934 -0.022316
v -0.179975 0.829687 -0.022316
v -0.179612 0.828934 -0.022316
v -0.179612 0.828934 -0.022316
v -0.179498 0.828106 -0.022316
v -0.179612 0.828934 -0.022316
v -0.179498 0.828106 -0.022316
v -0.179498 0.828106 -0.022316
v -0.179647 0.827282 -0.022316
v -0.179498 0.828106 -0.022316
v -0.179647 0.827282 -0.022316
v -0.180042 0.826545 -0.016438
v -0.180646 0.825967 -0.016438
v -0.180042 0.826545 -0.016438
v -0.180646 0.825967 -0.016438
v -0.180042 0.826545 -0.016438
v -0.179647 0.827282 -0.016438
v -0.180042 0.826545 -0.016438
v -0.179647 0.827282 -0.016438
v -0.180646 0.825967 -0.016438
v -0.181399 0.825603 -0.016438
v -0.180646 0.825967 -0.016438
v -0.181399 0.825603 -0.016438
v -0.181399 0.825603 -0.016438
v -0.182228 0.825490 -0.016438
v -0.181399 0.825603 -0.016438
v -0.182228 0.825490 -0.016438
v -0.182228 0.825490 -0.016438
v -0.183051 0.825638 -0.016438
v -0.182228 0.825490 -0.016438
v -0.183051 0.825638 -0.016438
v -0.183051 0.825638 -0.016438
v -0.183788 0.826034 -0.016438
v -0.183051 0.825638 -0.016438
v -0.183788 0.826034 -0.016438
v -0.183788 0.826034 -0.016438
v -0.184367 0.826637 -0.016438
v -0.183788 0.826034 -0.016438
v -0.184367 0.826637 -0.016438
v -0.184367 0.826637 -0.016438
v -0.184731 0.827391 -0.016438
v -0.184367 0.826637 -0.016438
v -0.184731 0.827391 -0.016438
v -0.184731 0.827391 -0.016438
v -0.184844 0.828219 -0.016438
v -0.184731 0.827391 -0.016438
v -0.184844 0.828219 -0.016438
v -0.184844 0.828219 -0.016438
v -0.184696 0.829042 -0.016438
v -0.184844 0.828219 -0.016438
v -0.184696 0.829042 -0.016438
v -0.184696 0.829042 -0.016438
v -0.184300 0.829780 -0.016438
v -0.184696 0.829042 -0.016438
v -0.184300 0.829780 -0.016438
v -0.184300 0.829780 -0.016438
v -0.183696 0.830358 -0.016438
v -0.184300 0.829780 -0.016438
v -0.183696 0.830358 -0.016438
v -0.183696 0.830358 -0.016438
v -0.182943 0.830722 -0.016438
v -0.183696 0.830358 -0.016438
v -0.182943 0.830722 -0.016438
v -0.182943 0.830722 -0.016438
v -0.182114 0.830835 -0.016438
v -0.182943 0.830722 -0.016438
v -0.182114 0.830835 -0.016438
v -0.182114 0.830835 -0.016438
v -0.181291 0.830687 -0.016438
v -0.182114 0.830835 -0.016438
v -0.181291 0.830687 -0.016438
v -0.181291 0.830687 -0.016438
v -0.180554 0.830291 -0.016438
v -0.181291 0.830687 -0.016438
v -0.180554 0.830291 -0.016438
v -0.180554 0.830291 -0.016438
v -0.179975 0.829687 -0.016438
v -0.180554 0.830291 -0.016438
v -0.179975 0.829687 -0.016438
v -0.179975 0.829687 -0.016438
v -0.179612 0.828934 -0.016438
v -0.179975 0.829687 -0.016438
v -0.179612 0.828934 -0.016438
v -0.179612 0.828934 -0.016438
v -0.179498 0.828106 -0.016438
v -0.179612 0.828934 -0.016438
v -0.179498 0.828106 -0.016438
v -0.179498 0.828106 -0.016438
v -0.179647 0.827282 -0.016438
v -0.179498 0.828106 -0.016438
v -0.179647 0.827282 -0.016438
v -0.179707 0.824615 -0.016438
v -0.179707 0.824615 -0.016438
v -0.179707 0.824615 -0.016438
v -0.180924 0.824027 -0.016438
v -0.179707 0.824615 -0.016438
v -0.180924 0.824027 -0.016438
v -0.180924 0.824027 -0.016438
v -0.182263 0.823844 -0.016438
v -0.180924 0.824027 -0.016438
v -0.182263 0.823844 -0.016438
v -0.182263 0.823844 -0.016438
v -0.183593 0.824084 -0.016438
v -0.182263 0.823844 -0.016438
v -0.183593 0.824084 -0.016438
v -0.183593 0.824084 -0.016438
v -0.184784 0.824723 -0.016438
v -0.183593 0.824084 -0.016438
v -0.184784 0.824723 -0.016438
v -0.184784 0.824723 -0.016438
v -0.185719 0.825699 -0.016438
v -0.184784 0.824723 -0.016438
v -0.185719 0.825699 -0.016438
v -0.185719 0.825699 -0.016438
v -0.186306 0.826915 -0.016438
v -0.185719 0.825699 -0.016438
v -0.186306 0.826915 -0.016438
v -0.186306 0.826915 -0.016438
v -0.186489 0.828254 -0.016438
v -0.186306 0.826915 -0.016438
v -0.186489 0.828254 -0.016438
v -0.186489 0.828254 -0.016438
v -0.186250 0.829584 -0.016438
v -0.186489 0.828254 -0.016438
v -0.186250 0.829584 -0.016438
v -0.186250 0.829584 -0.016438
v -0.186250 0.829584 -0.016438
v -0.179707 0.824615 -0.022316
v -0.179707 0.824615 -0.022316
v -0.179707 0.824615 -0.022316
v -0.180924 0.824027 -0.022316
v -0.179707 0.824615 -0.022316
v -0.180924 0.824027 -0.022316
v -0.180924 0.824027 -0.022316
v -0.182263 0.823844 -0.022316
v -0.180924 0.824027 -0.022316
v -0.182263 0.823844 -0.022316
v -0.182263 0.823844 -0.022316
v -0.183593 0.824084 -0.022316
v -0.182263 0.823844 -0.022316
v -0.183593 0.824084 -0.022316
v -0.183593 0.824084 -0.022316
v -0.184784 0.824723 -0.022316
v -0.183593 0.824084 -0.022316
v -0.184784 0.824723 -0.022316
v -0.184784 0.824723 -0.022316
v -0.185719 0.825699 -0.022316
v -0.184784 0.824723 -0.022316
v -0.185719 0.825699 -0.022316
v -0.185719 0.825699 -0.022316
v -0.186306 0.826915 -0.022316
v -0.185719 0.825699 -0.022316
v -0.186306 0.826915 -0.022316
v -0.186306 0.826915 -0.022316
v -0.186489 0.828254 -0.022316
v -0.186306 0.826915 -0.022316
v -0.186489 0.828254 -0.022316
v -0.186489 0.828254 -0.022316
v -0.186250 0.829584 -0.022316
v -0.186489 0.828254 -0.022316
v -0.186250 0.829584 -0.022316
v -0.186250 0.829584 -0.022316
v -0.186250 0.829584 -0.022316
v -0.185616 0.830852 -0.016445
v -0.185616 0.830852 -0.022309
v -0.181449 0.836339 -0.022367
v -0.181449 0.836339 -0.016386
v -0.178656 0.825565 -0.022309
v -0.178656 0.825565 -0.016445
v -0.174488 0.831052 -0.016386
v -0.174488 0.831052 -0.022367
v -0.185491 0.830905 -0.022367
v -0.177851 0.828715 -0.022316
v -0.177866 0.828888 -0.022490
v -0.177829 0.828847 -0.022347
v -0.177866 0.828886 -0.022236
v -0.186429 0.827417 -0.022298
v -0.186574 0.827419 -0.022321
v -0.177908 0.828823 -0.028314
v -0.177771 0.828872 -0.028291
v -0.186448 0.827295 -0.028296
v -0.186490 0.827464 -0.028121
v -0.186511 0.827414 -0.028265
v -0.186488 0.827463 -0.028373
v -0.180548 0.829019 -0.025306
v -0.180367 0.828468 -0.025306
v -0.180890 0.829483 -0.025306
v -0.181355 0.829814 -0.025306
v -0.181902 0.829989 -0.025306
v -0.182477 0.829987 -0.025305
v -0.183022 0.829801 -0.025306
v -0.183482 0.829467 -0.025307
v -0.183818 0.828998 -0.025306
v -0.183991 0.828452 -0.025306
v -0.183988 0.827877 -0.025306
v -0.183807 0.827332 -0.025306
v -0.183466 0.826869 -0.025306
v -0.183000 0.826536 -0.025305
v -0.182454 0.826365 -0.025306
v -0.181879 0.826363 -0.025306
v -0.181334 0.826548 -0.025305
v -0.180872 0.826888 -0.025306
v -0.180538 0.827355 -0.025306
v -0.180364 0.827901 -0.025306
v -0.179073 0.829783 -0.022166
v -0.179722 0.830664 -0.022166
v -0.180611 0.831301 -0.022167
v -0.181653 0.831632 -0.022166
v -0.182747 0.831626 -0.022167
v -0.183785 0.831280 -0.022166
v -0.184666 0.830633 -0.022166
v -0.185303 0.829743 -0.022167
v -0.185634 0.828701 -0.022166
v -0.185246 0.825068 -0.022090
v -0.186055 0.826166 -0.022090
v -0.184135 0.824271 -0.022090
v -0.182833 0.823858 -0.022090
v -0.181467 0.823867 -0.022090
v -0.180168 0.824298 -0.022090
v -0.179070 0.825107 -0.022090
v -0.178274 0.826218 -0.022090
v -0.177860 0.827519 -0.022112
v -0.177597 0.830546 -0.025306
v -0.178554 0.831847 -0.025305
v -0.179865 0.832785 -0.025306
v -0.181404 0.833275 -0.025307
v -0.183018 0.833265 -0.025306
v -0.184549 0.832757 -0.025306
v -0.185848 0.831800 -0.025305
v -0.186789 0.830485 -0.025306
v -0.187277 0.828951 -0.025306
v -0.179073 0.829783 -0.028445
v -0.179721 0.830664 -0.028445
v -0.180611 0.831301 -0.028445
v -0.181653 0.831631 -0.028445
v -0.182747 0.831626 -0.028445
v -0.183785 0.831279 -0.028445
v -0.184666 0.830633 -0.028445
v -0.185303 0.829743 -0.028445
v -0.185634 0.828701 -0.028445
v -0.185246 0.825068 -0.028521
v -0.186055 0.826166 -0.028521
v -0.184135 0.824271 -0.028521
v -0.182834 0.823858 -0.028522
v -0.181467 0.823867 -0.028521
v -0.180169 0.824298 -0.028522
v -0.179070 0.825107 -0.028521
v -0.178274 0.826218 -0.028521
v -0.177860 0.827519 -0.028499
v -0.185248 0.825066 -0.022315
v -0.186059 0.826166 -0.022315
v -0.185146 0.820639 -0.022315
v -0.184533 0.820735 -0.022315
v -0.186059 0.826166 -0.028296
v -0.185248 0.825066 -0.028296
v -0.184533 0.820735 -0.028296
v -0.185146 0.820639 -0.028296
v -0.184136 0.824269 -0.022315
v -0.185248 0.825066 -0.022315
v -0.184533 0.820735 -0.022315
v -0.183579 0.820889 -0.022315
v -0.185248 0.825066 -0.028296
v -0.184136 0.824269 -0.028296
v -0.183579 0.820889 -0.028296
v -0.184533 0.820735 -0.028296
v -0.182833 0.823855 -0.022315
v -0.184136 0.824269 -0.022315
v -0.183579 0.820889 -0.022315
v -0.182376 0.821085 -0.022315
v -0.184136 0.824269 -0.028296
v -0.182833 0.823855 -0.028296
v -0.182376 0.821085 -0.028296
v -0.183579 0.820889 -0.028296
v -0.181466 0.823864 -0.022315
v -0.182833 0.823855 -0.022315
v -0.182376 0.821085 -0.022315
v -0.181044 0.821305 -0.022315
v -0.182833 0.823855 -0.028296
v -0.181466 0.823864 -0.028296
v -0.181044 0.821305 -0.028296
v -0.182376 0.821085 -0.028296
v -0.180168 0.824295 -0.022315
v -0.181466 0.823864 -0.022315
v -0.181044 0.821305 -0.022315
v -0.179711 0.821525 -0.022315
v -0.181466 0.823864 -0.028296
v -0.180168 0.824295 -0.028296
v -0.179711 0.821525 -0.028296
v -0.181044 0.821305 -0.028296
v -0.179067 0.825106 -0.022315
v -0.180168 0.824295 -0.022315
v -0.179711 0.821525 -0.022315
v -0.178509 0.821726 -0.022315
v -0.180168 0.824295 -0.028296
v -0.179067 0.825106 -0.028296
v -0.178509 0.821726 -0.028296
v -0.179711 0.821525 -0.028296
v -0.178271 0.826217 -0.022315
v -0.179067 0.825106 -0.022315
v -0.178509 0.821726 -0.022315
v -0.177556 0.821887 -0.022315
v -0.179067 0.825106 -0.028296
v -0.178271 0.826217 -0.028296
v -0.177556 0.821887 -0.028296
v -0.178509 0.821726 -0.028296
v -0.177857 0.827520 -0.022315
v -0.178271 0.826217 -0.022315
v -0.177556 0.821887 -0.022315
v -0.176944 0.821993 -0.022315
v -0.178271 0.826217 -0.028296
v -0.177857 0.827520 -0.028296
v -0.176944 0.821993 -0.028296
v -0.177556 0.821887 -0.028296
v -0.185252 0.820624 -0.022315
v -0.182618 0.813243 -0.022315
v -0.185358 0.820609 -0.022315
v -0.185358 0.820609 -0.028296
v -0.182692 0.813230 -0.028296
v -0.182692 0.813230 -0.022315
v -0.185358 0.820608 -0.028296
v -0.182627 0.813261 -0.028296
v -0.184533 0.820735 -0.022315
v -0.185146 0.820639 -0.022315
v -0.182499 0.813324 -0.022315
v -0.181945 0.813604 -0.022315
v -0.182375 0.821083 -0.028296
v -0.184533 0.820735 -0.022315
v -0.181945 0.813604 -0.022315
v -0.181084 0.814043 -0.022315
v -0.182376 0.821085 -0.022315
v -0.179999 0.814598 -0.022315
v -0.179999 0.814598 -0.028296
v -0.181044 0.821305 -0.022315
v -0.182376 0.821085 -0.022315
v -0.179999 0.814598 -0.022315
v -0.178798 0.815215 -0.022315
v -0.182376 0.821085 -0.028296
v -0.181044 0.821305 -0.028296
v -0.178798 0.815215 -0.028296
v -0.179999 0.814598 -0.028296
v -0.181043 0.821302 -0.022315
v -0.178798 0.815215 -0.022315
v -0.177598 0.815834 -0.022315
v -0.181043 0.821302 -0.028296
v -0.176515 0.816394 -0.028296
v -0.178798 0.815215 -0.028296
v -0.175657 0.816839 -0.022315
v -0.176944 0.821992 -0.022315
v -0.176733 0.822030 -0.028296
v -0.175657 0.816839 -0.028296
v -0.175020 0.817190 -0.022315
v -0.174920 0.817230 -0.028296
v -0.176839 0.822012 -0.022315
v -0.175013 0.817178 -0.022315
v -0.176734 0.822032 -0.028296
v -0.176734 0.822032 -0.022315
v -0.174920 0.817230 -0.022315
v -0.174920 0.817230 -0.028296
v -0.177357 0.805897 -0.022315
v -0.182692 0.813230 -0.022315
v -0.182692 0.813230 -0.028296
v -0.177357 0.805897 -0.028296
v -0.177357 0.805897 -0.022315
v -0.177290 0.805929 -0.028296
v -0.176777 0.806497 -0.022315
v -0.182499 0.813324 -0.028296
v -0.181945 0.813604 -0.028296
v -0.176777 0.806497 -0.028296
v -0.177207 0.806048 -0.028296
v -0.181084 0.814043 -0.022315
v -0.181945 0.813604 -0.022315
v -0.176777 0.806497 -0.022315
v -0.176110 0.807196 -0.022315
v -0.181945 0.813604 -0.028296
v -0.181084 0.814043 -0.028296
v -0.176110 0.807196 -0.028296
v -0.176777 0.806497 -0.028296
v -0.176110 0.807196 -0.022315
v -0.175271 0.808080 -0.022315
v -0.181084 0.814043 -0.028296
v -0.179999 0.814598 -0.028296
v -0.175271 0.808080 -0.028296
v -0.176110 0.807196 -0.028296
v -0.179999 0.814598 -0.028296
v -0.178798 0.815215 -0.028296
v -0.174342 0.809060 -0.028296
v -0.175271 0.808080 -0.028296
v -0.173414 0.810042 -0.022315
v -0.173414 0.810042 -0.028296
v -0.174342 0.809060 -0.028296
v -0.176515 0.816394 -0.022315
v -0.177598 0.815834 -0.022315
v -0.173414 0.810042 -0.022315
v -0.172579 0.810928 -0.022315
v -0.172579 0.810928 -0.028296
v -0.175657 0.816839 -0.022315
v -0.176515 0.816394 -0.022315
v -0.172579 0.810928 -0.022315
v -0.171917 0.811633 -0.022315
v -0.176515 0.816394 -0.028296
v -0.175657 0.816839 -0.028296
v -0.171917 0.811633 -0.028296
v -0.172579 0.810928 -0.028296
v -0.171917 0.811633 -0.022315
v -0.171351 0.812246 -0.022315
v -0.171351 0.812246 -0.028296
v -0.171917 0.811633 -0.028296
v -0.174920 0.817230 -0.028296
v -0.174920 0.817230 -0.022315
v -0.171351 0.812246 -0.022315
v -0.171351 0.812246 -0.028296
v -0.168474 0.799873 -0.022315
v -0.177357 0.805897 -0.022315
v -0.177357 0.805897 -0.028296
v -0.168475 0.799874 -0.028296
v -0.168475 0.799874 -0.022315
v -0.168474 0.799873 -0.028296
v -0.168114 0.800627 -0.022315
v -0.176777 0.806497 -0.028296
v -0.168114 0.800627 -0.028296
v -0.176110 0.807196 -0.022315
v -0.176777 0.806497 -0.022315
v -0.168114 0.800627 -0.022315
v -0.167703 0.801502 -0.022315
v -0.176777 0.806497 -0.028296
v -0.176110 0.807196 -0.028296
v -0.167703 0.801502 -0.028296
v -0.168114 0.800627 -0.028296
v -0.175271 0.808080 -0.022315
v -0.176110 0.807196 -0.022315
v -0.167703 0.801502 -0.022315
v -0.167188 0.802606 -0.022315
v -0.176110 0.807196 -0.028296
v -0.175271 0.808080 -0.028296
v -0.167188 0.802606 -0.028296
v -0.167703 0.801502 -0.028296
v -0.167188 0.802606 -0.022315
v -0.165536 0.806160 -0.022315
v -0.175271 0.808080 -0.028296
v -0.166617 0.803830 -0.028296
v -0.167188 0.802606 -0.028296
v -0.174342 0.809060 -0.028296
v -0.173414 0.810042 -0.028296
v -0.166049 0.805055 -0.028296
v -0.166617 0.803830 -0.028296
v -0.172579 0.810928 -0.022315
v -0.166046 0.805053 -0.028296
v -0.171917 0.811633 -0.022315
v -0.172579 0.810928 -0.022315
v -0.165537 0.806161 -0.022315
v -0.165133 0.807039 -0.022315
v -0.165133 0.807039 -0.022315
v -0.164789 0.807799 -0.022315
v -0.164789 0.807799 -0.028296
v -0.171351 0.812246 -0.028296
v -0.171351 0.812246 -0.022315
v -0.164790 0.807800 -0.022315
v -0.164790 0.807800 -0.028296
v -0.179540 0.828611 -0.028245
v -0.179534 0.827775 -0.028245
v -0.179540 0.828611 -0.028245
v -0.179534 0.827775 -0.028245
v -0.179540 0.828611 -0.028245
v -0.179804 0.829405 -0.028245
v -0.179540 0.828611 -0.028245
v -0.179804 0.829405 -0.028245
v -0.179804 0.829405 -0.028245
v -0.180300 0.830079 -0.028245
v -0.179804 0.829405 -0.028245
v -0.180300 0.830079 -0.028245
v -0.180300 0.830079 -0.028245
v -0.180979 0.830566 -0.028245
v -0.180300 0.830079 -0.028245
v -0.180979 0.830566 -0.028245
v -0.180979 0.830566 -0.028245
v -0.181777 0.830819 -0.028245
v -0.180979 0.830566 -0.028245
v -0.181777 0.830819 -0.028245
v -0.181777 0.830819 -0.028245
v -0.182613 0.830813 -0.028245
v -0.181777 0.830819 -0.028245
v -0.182613 0.830813 -0.028245
v -0.182613 0.830813 -0.028245
v -0.183407 0.830550 -0.028245
v -0.182613 0.830813 -0.028245
v -0.183407 0.830550 -0.028245
v -0.183407 0.830550 -0.028245
v -0.184080 0.830054 -0.028245
v -0.183407 0.830550 -0.028245
v -0.184080 0.830054 -0.028245
v -0.184080 0.830054 -0.028245
v -0.184567 0.829374 -0.028245
v -0.184080 0.830054 -0.028245
v -0.184567 0.829374 -0.028245
v -0.184567 0.829374 -0.028245
v -0.184821 0.828577 -0.028245
v -0.184567 0.829374 -0.028245
v -0.184821 0.828577 -0.028245
v -0.184821 0.828577 -0.028245
v -0.184815 0.827741 -0.028245
v -0.184821 0.828577 -0.028245
v -0.184815 0.827741 -0.028245
v -0.184815 0.827741 -0.028245
v -0.184552 0.826947 -0.028245
v -0.184815 0.827741 -0.028245
v -0.184552 0.826947 -0.028245
v -0.184552 0.826947 -0.028245
v -0.184056 0.826273 -0.028245
v -0.184552 0.826947 -0.028245
v -0.184056 0.826273 -0.028245
v -0.184056 0.826273 -0.028245
v -0.183376 0.825786 -0.028245
v -0.184056 0.826273 -0.028245
v -0.183376 0.825786 -0.028245
v -0.183376 0.825786 -0.028245
v -0.182579 0.825532 -0.028245
v -0.183376 0.825786 -0.028245
v -0.182579 0.825532 -0.028245
v -0.182579 0.825532 -0.028245
v -0.181742 0.825538 -0.028245
v -0.182579 0.825532 -0.028245
v -0.181742 0.825538 -0.028245
v -0.181742 0.825538 -0.028245
v -0.180948 0.825802 -0.028245
v -0.181742 0.825538 -0.028245
v -0.180948 0.825802 -0.028245
v -0.180948 0.825802 -0.028245
v -0.180275 0.826298 -0.028245
v -0.180948 0.825802 -0.028245
v -0.180275 0.826298 -0.028245
v -0.180275 0.826298 -0.028245
v -0.179788 0.826977 -0.028245
v -0.180275 0.826298 -0.028245
v -0.179788 0.826977 -0.028245
v -0.179788 0.826977 -0.028245
v -0.179534 0.827775 -0.028245
v -0.179788 0.826977 -0.028245
v -0.179534 0.827775 -0.028245
v -0.179540 0.828611 -0.022367
v -0.179804 0.829405 -0.022367
v -0.179540 0.828611 -0.022367
v -0.179804 0.829405 -0.022367
v -0.179540 0.828611 -0.022367
v -0.179534 0.827775 -0.022367
v -0.179540 0.828611 -0.022367
v -0.179534 0.827775 -0.022367
v -0.179804 0.829405 -0.022367
v -0.180300 0.830079 -0.022367
v -0.179804 0.829405 -0.022367
v -0.180300 0.830079 -0.022367
v -0.180300 0.830079 -0.022367
v -0.180979 0.830566 -0.022367
v -0.180300 0.830079 -0.022367
v -0.180979 0.830566 -0.022367
v -0.180979 0.830566 -0.022367
v -0.181777 0.830819 -0.022367
v -0.180979 0.830566 -0.022367
v -0.181777 0.830819 -0.022367
v -0.181777 0.830819 -0.022367
v -0.182613 0.830813 -0.022367
v -0.181777 0.830819 -0.022367
v -0.182613 0.830813 -0.022367
v -0.182613 0.830813 -0.022367
v -0.183407 0.830550 -0.022367
v -0.182613 0.830813 -0.022367
v -0.183407 0.830550 -0.022367
v -0.183407 0.830550 -0.022367
v -0.184080 0.830054 -0.022367
v -0.183407 0.830550 -0.022367
v -0.184080 0.830054 -0.022367
v -0.184080 0.830054 -0.022367
v -0.184567 0.829374 -0.022367
v -0.184080 0.830054 -0.022367
v -0.184567 0.829374 -0.022367
v -0.184567 0.829374 -0.022367
v -0.184821 0.828577 -0.022367
v -0.184567 0.829374 -0.022367
v -0.184821 0.828577 -0.022367
v -0.184821 0.828577 -0.022367
v -0.184815 0.827741 -0.022367
v -0.184821 0.828577 -0.022367
v -0.184815 0.827741 -0.022367
v -0.184815 0.827741 -0.022367
v -0.184552 0.826947 -0.022367
v -0.184815 0.827741 -0.022367
v -0.184552 0.826947 -0.022367
v -0.184552 0.826947 -0.022367
v -0.184056 0.826273 -0.022367
v -0.184552 0.826947 -0.022367
v -0.184056 0.826273 -0.022367
v -0.184056 0.826273 -0.022367
v -0.183376 0.825786 -0.022367
v -0.184056 0.826273 -0.022367
v -0.183376 0.825786 -0.022367
v -0.183376 0.825786 -0.022367
v -0.182579 0.825532 -0.022367
v -0.183376 0.825786 -0.022367
v -0.182579 0.825532 -0.022367
v -0.182579 0.825532 -0.022367
v -0.181742 0.825538 -0.022367
v -0.182579 0.825532 -0.022367
v -0.181742 0.825538 -0.022367
v -0.181742 0.825538 -0.022367
v -0.180948 0.825802 -0.022367
v -0.181742 0.825538 -0.022367
v -0.180948 0.825802 -0.022367
v -0.180948 0.825802 -0.022367
v -0.180275 0.826298 -0.022367
v -0.180948 0.825802 -0.022367
v -0.180275 0.826298 -0.022367
v -0.180275 0.826298 -0.022367
v -0.179788 0.826977 -0.022367
v -0.180275 0.826298 -0.022367
v -0.179788 0.826977 -0.022367
v -0.179788 0.826977 -0.022367
v -0.179534 0.827775 -0.022367
v -0.179788 0.826977 -0.022367
v -0.179534 0.827775 -0.022367
v -0.178342 0.830162 -0.022367
v -0.178342 0.830162 -0.022367
v -0.178342 0.830162 -0.022367
v -0.179143 0.831250 -0.022367
v -0.178342 0.830162 -0.022367
v -0.179143 0.831250 -0.022367
v -0.179143 0.831250 -0.022367
v -0.180242 0.832037 -0.022367
v -0.179143 0.831250 -0.022367
v -0.180242 0.832037 -0.022367
v -0.180242 0.832037 -0.022367
v -0.181530 0.832446 -0.022367
v -0.180242 0.832037 -0.022367
v -0.181530 0.832446 -0.022367
v -0.181530 0.832446 -0.022367
v -0.182881 0.832437 -0.022367
v -0.181530 0.832446 -0.022367
v -0.182881 0.832437 -0.022367
v -0.182881 0.832437 -0.022367
v -0.184163 0.832011 -0.022367
v -0.182881 0.832437 -0.022367
v -0.184163 0.832011 -0.022367
v -0.184163 0.832011 -0.022367
v -0.185252 0.831210 -0.022367
v -0.184163 0.832011 -0.022367
v -0.185252 0.831210 -0.022367
v -0.185252 0.831210 -0.022367
v -0.186039 0.830112 -0.022367
v -0.185252 0.831210 -0.022367
v -0.186039 0.830112 -0.022367
v -0.186039 0.830112 -0.022367
v -0.186448 0.828824 -0.022367
v -0.186039 0.830112 -0.022367
v -0.186448 0.828824 -0.022367
v -0.186448 0.828824 -0.022367
v -0.186448 0.828824 -0.022367
v -0.178342 0.830162 -0.028245
v -0.178342 0.830162 -0.028245
v -0.178342 0.830162 -0.028245
v -0.179143 0.831250 -0.028245
v -0.178342 0.830162 -0.028245
v -0.179143 0.831250 -0.028245
v -0.179143 0.831250 -0.028245
v -0.180242 0.832037 -0.028245
v -0.179143 0.831250 -0.028245
v -0.180242 0.832037 -0.028245
v -0.180242 0.832037 -0.028245
v -0.181530 0.832446 -0.028245
v -0.180242 0.832037 -0.028245
v -0.181530 0.832446 -0.028245
v -0.181530 0.832446 -0.028245
v -0.182881 0.832437 -0.028245
v -0.181530 0.832446 -0.028245
v -0.182881 0.832437 -0.028245
v -0.182881 0.832437 -0.028245
v -0.184163 0.832011 -0.028245
v -0.182881 0.832437 -0.028245
v -0.184163 0.832011 -0.028245
v -0.184163 0.832011 -0.028245
v -0.185252 0.831210 -0.028245
v -0.184163 0.832011 -0.028245
v -0.185252 0.831210 -0.028245
v -0.185252 0.831210 -0.028245
v -0.186039 0.830112 -0.028245
v -0.185252 0.831210 -0.028245
v -0.186039 0.830112 -0.028245
v -0.186039 0.830112 -0.028245
v -0.186448 0.828824 -0.028245
v -0.186039 0.830112 -0.028245
v -0.186448 0.828824 -0.028245
v -0.186448 0.828824 -0.028245
v -0.186448 0.828824 -0.028245
v -0.185252 0.820624 -0.022315
v -0.176839 0.822012 -0.028296
v -0.177904 0.828703 -0.022315
v -0.176839 0.822012 -0.022315
v -0.186480 0.827407 -0.022374
v -0.186480 0.827407 -0.028238
v -0.185358 0.820609 -0.028296
v -0.185358 0.820609 -0.022315
v -0.177856 0.828830 -0.028238
v -0.177856 0.828830 -0.022374
v -0.176734 0.822032 -0.022315
v -0.176734 0.822032 -0.028296
v -0.186394 0.827302 -0.028296
v -0.185252 0.820624 -0.028296
v -0.177851 0.828715 0.027691
v -0.177866 0.828888 0.027517
v -0.177829 0.828847 0.027660
v -0.177864 0.828800 0.027735
v -0.186432 0.827448 0.027781
v -0.185491 0.828679 0.027761
v -0.186449 0.827284 0.027667
v -0.186574 0.827419 0.027686
v -0.177908 0.828823 0.021693
v -0.177771 0.828872 0.021716
v -0.186448 0.827295 0.021711
v -0.186490 0.827464 0.021885
v -0.186511 0.827414 0.021742
v -0.186488 0.827463 0.021634
v -0.180548 0.829019 0.024701
v -0.180367 0.828468 0.024701
v -0.180890 0.829483 0.024701
v -0.181355 0.829814 0.024701
v -0.181902 0.829989 0.024700
v -0.182477 0.829987 0.024702
v -0.183022 0.829801 0.024701
v -0.183482 0.829467 0.024700
v -0.183818 0.828998 0.024701
v -0.183991 0.828452 0.024701
v -0.183988 0.827877 0.024701
v -0.183807 0.827332 0.024701
v -0.183466 0.826869 0.024701
v -0.183000 0.826536 0.024702
v -0.182454 0.826365 0.024700
v -0.181879 0.826363 0.024700
v -0.181334 0.826548 0.024702
v -0.180872 0.826888 0.024701
v -0.180538 0.827355 0.024701
v -0.180364 0.827901 0.024701
v -0.179073 0.829783 0.027840
v -0.179722 0.830664 0.027840
v -0.180611 0.831301 0.027840
v -0.181653 0.831632 0.027840
v -0.182747 0.831626 0.027840
v -0.183785 0.831280 0.027840
v -0.184666 0.830633 0.027840
v -0.185303 0.829743 0.027840
v -0.184142 0.826185 0.027691
v -0.184661 0.826890 0.027691
v -0.183431 0.825675 0.027691
v -0.185358 0.820609 0.027691
v -0.182597 0.825411 0.027691
v -0.181722 0.825416 0.027691
v -0.180892 0.825692 0.027691
v -0.176734 0.822032 0.027691
v -0.180187 0.826211 0.027691
v -0.179677 0.826922 0.027691
v -0.179412 0.827756 0.027691
v -0.177597 0.830546 0.024701
v -0.178554 0.831847 0.024701
v -0.179865 0.832785 0.024701
v -0.181404 0.833275 0.024700
v -0.183018 0.833265 0.024701
v -0.184549 0.832757 0.024701
v -0.185848 0.831800 0.024702
v -0.186789 0.830485 0.024701
v -0.187277 0.828951 0.024701
v -0.179073 0.829783 0.021562
v -0.179721 0.830664 0.021562
v -0.180611 0.831301 0.021562
v -0.181653 0.831631 0.021562
v -0.182747 0.831626 0.021562
v -0.183785 0.831279 0.021562
v -0.184666 0.830633 0.021562
v -0.185303 0.829743 0.021562
v -0.185634 0.828701 0.021562
v -0.185246 0.825068 0.021485
v -0.186055 0.826166 0.021486
v -0.184135 0.824271 0.021485
v -0.182834 0.823858 0.021485
v -0.181467 0.823867 0.021485
v -0.180169 0.824298 0.021485
v -0.179070 0.825107 0.021485
v -0.178274 0.826218 0.021486
v -0.177860 0.827519 0.021508
v -0.186059 0.826166 0.021711
v -0.185248 0.825066 0.021711
v -0.184533 0.820735 0.021711
v -0.185146 0.820639 0.021711
v -0.185248 0.825066 0.021711
v -0.184136 0.824269 0.021711
v -0.183579 0.820889 0.021711
v -0.184533 0.820735 0.021711
v -0.184136 0.824269 0.021711
v -0.182833 0.823855 0.021711
v -0.182376 0.821085 0.021711
v -0.183579 0.820889 0.021711
v -0.182833 0.823855 0.021711
v -0.181466 0.823864 0.021711
v -0.181044 0.821305 0.021711
v -0.182376 0.821085 0.021711
v -0.181466 0.823864 0.021711
v -0.180168 0.824295 0.021711
v -0.179711 0.821525 0.021711
v -0.181044 0.821305 0.021711
v -0.180168 0.824295 0.021711
v -0.179067 0.825106 0.021711
v -0.178509 0.821726 0.021711
v -0.179711 0.821525 0.021711
v -0.179067 0.825106 0.021711
v -0.178271 0.826217 0.021711
v -0.177556 0.821887 0.021711
v -0.178509 0.821726 0.021711
v -0.178271 0.826217 0.021711
v -0.177857 0.827520 0.021711
v -0.176944 0.821993 0.021711
v -0.177556 0.821887 0.021711
v -0.182692 0.813230 0.027691
v -0.185358 0.820609 0.027691
v -0.185358 0.820609 0.021711
v -0.182692 0.813230 0.021711
v -0.182692 0.813230 0.027691
v -0.185358 0.820608 0.021711
v -0.182627 0.813261 0.021711
v -0.182375 0.821083 0.021711
v -0.179999 0.814598 0.021711
v -0.182376 0.821085 0.021711
v -0.181044 0.821305 0.021711
v -0.178798 0.815215 0.021711
v -0.179999 0.814598 0.021711
v -0.174920 0.817230 0.027691
v -0.181043 0.821302 0.021711
v -0.176515 0.816394 0.021711
v -0.178798 0.815215 0.021711
v -0.176733 0.822030 0.021711
v -0.175657 0.816839 0.021711
v -0.174920 0.817230 0.021711
v -0.176734 0.822032 0.021711
v -0.176734 0.822032 0.027691
v -0.174920 0.817230 0.027691
v -0.174920 0.817230 0.021711
v -0.177357 0.805897 0.027691
v -0.182692 0.813230 0.027691
v -0.182692 0.813230 0.021711
v -0.177357 0.805897 0.021711
v -0.177357 0.805897 0.027691
v -0.177290 0.805929 0.021711
v -0.182499 0.813324 0.021711
v -0.181945 0.813604 0.021711
v -0.176777 0.806497 0.021711
v -0.177207 0.806048 0.021711
v -0.181945 0.813604 0.021711
v -0.181084 0.814043 0.021711
v -0.176110 0.807196 0.021711
v -0.176777 0.806497 0.021711
v -0.181084 0.814043 0.021711
v -0.179999 0.814598 0.021711
v -0.175271 0.808080 0.021711
v -0.176110 0.807196 0.021711
v -0.171351 0.812246 0.027691
v -0.179999 0.814598 0.021711
v -0.178798 0.815215 0.021711
v -0.174342 0.809060 0.021711
v -0.175271 0.808080 0.021711
v -0.173414 0.810042 0.021711
v -0.174342 0.809060 0.021711
v -0.172579 0.810928 0.021711
v -0.176515 0.816394 0.021711
v -0.175657 0.816839 0.021711
v -0.171917 0.811633 0.021711
v -0.172579 0.810928 0.021711
v -0.171351 0.812246 0.021711
v -0.171917 0.811633 0.021711
v -0.174920 0.817230 0.021711
v -0.174920 0.817230 0.027691
v -0.171351 0.812246 0.027691
v -0.171351 0.812246 0.021711
v -0.168471 0.799872 0.027691
v -0.177357 0.805897 0.027691
v -0.177357 0.805897 0.021711
v -0.168475 0.799874 0.021711
v -0.168475 0.799874 0.027691
v -0.168474 0.799873 0.021711
v -0.176777 0.806497 0.021711
v -0.168114 0.800627 0.021711
v -0.176777 0.806497 0.021711
v -0.176110 0.807196 0.021711
v -0.167703 0.801502 0.021711
v -0.168114 0.800627 0.021711
v -0.164782 0.807793 0.027691
v -0.176110 0.807196 0.021711
v -0.175271 0.808080 0.021711
v -0.167188 0.802606 0.021711
v -0.167703 0.801502 0.021711
v -0.175271 0.808080 0.021711
v -0.166617 0.803830 0.021711
v -0.167188 0.802606 0.021711
v -0.174342 0.809060 0.021711
v -0.173414 0.810042 0.021711
v -0.166049 0.805055 0.021711
v -0.166617 0.803830 0.021711
v -0.166046 0.805053 0.021711
v -0.164789 0.807799 0.021711
v -0.171351 0.812246 0.021711
v -0.171351 0.812246 0.027691
v -0.164790 0.807800 0.027691
v -0.164790 0.807800 0.021711
v -0.179540 0.828611 0.021762
v -0.179534 0.827775 0.021762
v -0.179540 0.828611 0.021762
v -0.179534 0.827775 0.021762
v -0.179540 0.828611 0.021762
v -0.179804 0.829405 0.021762
v -0.179540 0.828611 0.021762
v -0.179804 0.829405 0.021762
v -0.179804 0.829405 0.021762
v -0.180300 0.830079 0.021762
v -0.179804 0.829405 0.021762
v -0.180300 0.830079 0.021762
v -0.180300 0.830079 0.021762
v -0.180979 0.830566 0.021762
v -0.180300 0.830079 0.021762
v -0.180979 0.830566 0.021762
v -0.180979 0.830566 0.021762
v -0.181777 0.830819 0.021762
v -0.180979 0.830566 0.021762
v -0.181777 0.830819 0.021762
v -0.181777 0.830819 0.021762
v -0.182613 0.830813 0.021762
v -0.181777 0.830819 0.021762
v -0.182613 0.830813 0.021762
v -0.182613 0.830813 0.021762
v -0.183407 0.830550 0.021762
v -0.182613 0.830813 0.021762
v -0.183407 0.830550 0.021762
v -0.183407 0.830550 0.021762
v -0.184080 0.830054 0.021762
v -0.183407 0.830550 0.021762
v -0.184080 0.830054 0.021762
v -0.184080 0.830054 0.021762
v -0.184567 0.829374 0.021762
v -0.184080 0.830054 0.021762
v -0.184567 0.829374 0.021762
v -0.184567 0.829374 0.021762
v -0.184821 0.828577 0.021762
v -0.184567 0.829374 0.021762
v -0.184821 0.828577 0.021762
v -0.184821 0.828577 0.021762
v -0.184815 0.827741 0.021762
v -0.184821 0.828577 0.021762
v -0.184815 0.827741 0.021762
v -0.184815 0.827741 0.021762
v -0.184552 0.826947 0.021762
v -0.184815 0.827741 0.021762
v -0.184552 0.826947 0.021762
v -0.184552 0.826947 0.021762
v -0.184056 0.826273 0.021762
v -0.184552 0.826947 0.021762
v -0.184056 0.826273 0.021762
v -0.184056 0.826273 0.021762
v -0.183376 0.825786 0.021762
v -0.184056 0.826273 0.021762
v -0.183376 0.825786 0.021762
v -0.183376 0.825786 0.021762
v -0.182579 0.825532 0.021762
v -0.183376 0.825786 0.021762
v -0.182579 0.825532 0.021762
v -0.182579 0.825532 0.021762
v -0.181742 0.825538 0.021762
v -0.182579 0.825532 0.021762
v -0.181742 0.825538 0.021762
v -0.181742 0.825538 0.021762
v -0.180948 0.825802 0.021762
v -0.181742 0.825538 0.021762
v -0.180948 0.825802 0.021762
v -0.180948 0.825802 0.021762
v -0.180275 0.826298 0.021762
v -0.180948 0.825802 0.021762
v -0.180275 0.826298 0.021762
v -0.180275 0.826298 0.021762
v -0.179788 0.826977 0.021762
v -0.180275 0.826298 0.021762
v -0.179788 0.826977 0.021762
v -0.179788 0.826977 0.021762
v -0.179534 0.827775 0.021762
v -0.179788 0.826977 0.021762
v -0.179534 0.827775 0.021762
v -0.179540 0.828611 0.027640
v -0.179804 0.829405 0.027640
v -0.179540 0.828611 0.027640
v -0.179804 0.829405 0.027640
v -0.179540 0.828611 0.027640
v -0.179534 0.827775 0.027640
v -0.179540 0.828611 0.027640
v -0.179534 0.827775 0.027640
v -0.179804 0.829405 0.027640
v -0.180300 0.830079 0.027640
v -0.179804 0.829405 0.027640
v -0.180300 0.830079 0.027640
v -0.180300 0.830079 0.027640
v -0.180979 0.830566 0.027640
v -0.180300 0.830079 0.027640
v -0.180979 0.830566 0.027640
v -0.180979 0.830566 0.027640
v -0.181777 0.830819 0.027640
v -0.180979 0.830566 0.027640
v -0.181777 0.830819 0.027640
v -0.181777 0.830819 0.027640
v -0.182613 0.830813 0.027640
v -0.181777 0.830819 0.027640
v -0.182613 0.830813 0.027640
v -0.182613 0.830813 0.027640
v -0.183407 0.830550 0.027640
v -0.182613 0.830813 0.027640
v -0.183407 0.830550 0.027640
v -0.183407 0.830550 0.027640
v -0.184080 0.830054 0.027640
v -0.183407 0.830550 0.027640
v -0.184080 0.830054 0.027640
v -0.184080 0.830054 0.027640
v -0.184567 0.829374 0.027640
v -0.184080 0.830054 0.027640
v -0.184567 0.829374 0.027640
v -0.184567 0.829374 0.027640
v -0.184821 0.828577 0.027640
v -0.184567 0.829374 0.027640
v -0.184821 0.828577 0.027640
v -0.184821 0.828577 0.027640
v -0.184815 0.827741 0.027640
v -0.184821 0.828577 0.027640
v -0.184815 0.827741 0.027640
v -0.184815 0.827741 0.027640
v -0.184552 0.826947 0.027640
v -0.184815 0.827741 0.027640
v -0.184552 0.826947 0.027640
v -0.184552 0.826947 0.027640
v -0.184056 0.826273 0.027640
v -0.184552 0.826947 0.027640
v -0.184056 0.826273 0.027640
v -0.184056 0.826273 0.027640
v -0.183376 0.825786 0.027640
v -0.184056 0.826273 0.027640
v -0.183376 0.825786 0.027640
v -0.183376 0.825786 0.027640
v -0.182579 0.825532 0.027640
v -0.183376 0.825786 0.027640
v -0.182579 0.825532 0.027640
v -0.182579 0.825532 0.027640
v -0.181742 0.825538 0.027640
v -0.182579 0.825532 0.027640
v -0.181742 0.825538 0.027640
v -0.181742 0.825538 0.027640
v -0.180948 0.825802 0.027640
v -0.181742 0.825538 0.027640
v -0.180948 0.825802 0.027640
v -0.180948 0.825802 0.027640
v -0.180275 0.826298 0.027640
v -0.180948 0.825802 0.027640
v -0.180275 0.826298 0.027640
v -0.180275 0.826298 0.027640
v -0.179788 0.826977 0.027640
v -0.180275 0.826298 0.027640
v -0.179788 0.826977 0.027640
v -0.179788 0.826977 0.027640
v -0.179534 0.827775 0.027640
v -0.179788 0.826977 0.027640
v -0.179534 0.827775 0.027640
v -0.178342 0.830162 0.027640
v -0.178342 0.830162 0.027640
v -0.178342 0.830162 0.027640
v -0.179143 0.831250 0.027640
v -0.178342 0.830162 0.027640
v -0.179143 0.831250 0.027640
v -0.179143 0.831250 0.027640
v -0.180242 0.832037 0.027640
v -0.179143 0.831250 0.027640
v -0.180242 0.832037 0.027640
v -0.180242 0.832037 0.027640
v -0.181530 0.832446 0.027640
v -0.180242 0.832037 0.027640
v -0.181530 0.832446 0.027640
v -0.181530 0.832446 0.027640
v -0.182881 0.832437 0.027640
v -0.181530 0.832446 0.027640
v -0.182881 0.832437 0.027640
v -0.182881 0.832437 0.027640
v -0.184163 0.832011 0.027640
v -0.182881 0.832437 0.027640
v -0.184163 0.832011 0.027640
v -0.184163 0.832011 0.027640
v -0.185252 0.831210 0.027640
v -0.184163 0.832011 0.027640
v -0.185252 0.831210 0.027640
v -0.185252 0.831210 0.027640
v -0.186039 0.830112 0.027640
v -0.185252 0.831210 0.027640
v -0.186039 0.830112 0.027640
v -0.186039 0.830112 0.027640
v -0.186448 0.828824 0.027640
v -0.186039 0.830112 0.027640
v -0.186448 0.828824 0.027640
v -0.186448 0.828824 0.027640
v -0.186448 0.828824 0.027640
v -0.178342 0.830162 0.021762
v -0.178342 0.830162 0.021762
v -0.178342 0.830162 0.021762
v -0.179143 0.831250 0.021762
v -0.178342 0.830162 0.021762
v -0.179143 0.831250 0.021762
v -0.179143 0.831250 0.021762
v -0.180242 0.832037 0.021762
v -0.179143 0.831250 0.021762
v -0.180242 0.832037 0.021762
v -0.180242 0.832037 0.021762
v -0.181530 0.832446 0.021762
v -0.180242 0.832037 0.021762
v -0.181530 0.832446 0.021762
v -0.181530 0.832446 0.021762
v -0.182881 0.832437 0.021762
v -0.181530 0.832446 0.021762
v -0.182881 0.832437 0.021762
v -0.182881 0.832437 0.021762
v -0.184163 0.832011 0.021762
v -0.182881 0.832437 0.021762
v -0.184163 0.832011 0.021762
v -0.184163 0.832011 0.021762
v -0.185252 0.831210 0.021762
v -0.184163 0.832011 0.021762
v -0.185252 0.831210 0.021762
v -0.185252 0.831210 0.021762
v -0.186039 0.830112 0.021762
v -0.185252 0.831210 0.021762
v -0.186039 0.830112 0.021762
v -0.186039 0.830112 0.021762
v -0.186448 0.828824 0.021762
v -0.186039 0.830112 0.021762
v -0.186448 0.828824 0.021762
v -0.186448 0.828824 0.021762
v -0.186448 0.828824 0.021762
v -0.176839 0.822012 0.021711
v -0.186480 0.827407 0.027633
v -0.186480 0.827407 0.021769
v -0.185358 0.820609 0.021711
v -0.185358 0.820609 0.027691
v -0.177856 0.828830 0.021769
v -0.177856 0.828830 0.027633
v -0.176734 0.822032 0.027691
v -0.176734 0.822032 0.021711
v -0.186394 0.827302 0.021711
v -0.185252 0.820624 0.021711
v -0.178613 0.830733 -0.030421
v -0.177993 0.829516 -0.030421
v -0.180732 0.832513 -0.030399
v -0.179578 0.831699 -0.030421
v -0.182144 0.832533 -0.030421
v -0.183493 0.832319 -0.030421
v -0.184710 0.831699 -0.030421
v -0.185676 0.830733 -0.030421
v -0.186296 0.829516 -0.030421
v -0.182318 0.828140 -0.031486
v -0.182279 0.828034 -0.031483
v -0.183493 0.824016 -0.030421
v -0.182116 0.827994 -0.031486
v -0.179578 0.824636 -0.030421
v -0.178613 0.825601 -0.030421
v -0.177993 0.826818 -0.030421
v -0.177779 0.828167 -0.030421
v -0.177993 0.829516 0.029970
v -0.178613 0.830733 0.029970
v -0.183556 0.832513 0.029949
v -0.179578 0.831699 0.029970
v -0.180795 0.832319 0.029970
v -0.182144 0.832533 0.029970
v -0.184710 0.831699 0.029970
v -0.185676 0.830733 0.029970
v -0.186296 0.829516 0.029970
v -0.186510 0.828167 0.029970
v -0.186296 0.826818 0.029970
v -0.185676 0.825601 0.029970
v -0.184710 0.824636 0.029970
v -0.182172 0.827989 0.031034
v -0.180795 0.824015 0.029970
v -0.182018 0.828045 0.031035
v -0.181975 0.828140 0.031036
v -0.179696 0.828963 -0.028443
v -0.180062 0.829681 -0.028443
v -0.180062 0.829681 0.027992
v -0.179696 0.828963 0.027992
v -0.180631 0.830250 -0.028443
v -0.180631 0.830250 0.027992
v -0.181349 0.830616 -0.028443
v -0.181349 0.830616 0.027992
v -0.182144 0.830742 -0.028443
v -0.182144 0.830742 0.027992
v -0.182940 0.830616 -0.028443
v -0.182940 0.830616 0.027992
v -0.183658 0.830250 -0.028443
v -0.183658 0.830250 0.027992
v -0.184227 0.829681 -0.028443
v -0.184227 0.829681 0.027992
v -0.184593 0.828963 -0.028443
v -0.184593 0.828963 0.027992
v -0.184719 0.828167 -0.028443
v -0.184719 0.828167 0.027992
v -0.184593 0.827372 -0.028443
v -0.184593 0.827372 0.027992
v -0.184227 0.826654 -0.028443
v -0.184227 0.826654 0.027992
v -0.183658 0.826085 -0.028443
v -0.183658 0.826085 0.027992
v -0.182940 0.825719 -0.028443
v -0.182940 0.825719 0.027992
v -0.182144 0.825593 -0.028443
v -0.182144 0.825593 0.027992
v -0.181349 0.825719 -0.028443
v -0.181349 0.825719 0.027992
v -0.180631 0.826085 -0.028443
v -0.180631 0.826085 0.027992
v -0.180062 0.826654 -0.028443
v -0.180062 0.826654 0.027992
v -0.179696 0.827372 -0.028443
v -0.179696 0.827372 0.027992
v -0.179570 0.828167 -0.028443
v -0.179570 0.828167 0.027992
v -0.180010 0.829720 -0.028651
v -0.179630 0.828983 -0.028641
v -0.177810 0.829577 -0.028751
v -0.178460 0.830843 -0.028761
v -0.180594 0.830303 -0.028651
v -0.180005 0.829721 -0.028641
v -0.178457 0.830847 -0.028750
v -0.179467 0.831851 -0.028761
v -0.181330 0.830678 -0.028651
v -0.180590 0.830306 -0.028641
v -0.179466 0.831856 -0.028750
v -0.180736 0.832498 -0.028761
v -0.182145 0.830807 -0.028651
v -0.181327 0.830681 -0.028641
v -0.180737 0.832503 -0.028750
v -0.182144 0.832721 -0.028761
v -0.182961 0.830677 -0.028651
v -0.182144 0.830811 -0.028641
v -0.182145 0.832725 -0.028750
v -0.183551 0.832499 -0.028761
v -0.183697 0.830302 -0.028651
v -0.182961 0.830682 -0.028641
v -0.183554 0.832502 -0.028750
v -0.184820 0.831852 -0.028761
v -0.184280 0.829718 -0.028651
v -0.183698 0.830307 -0.028641
v -0.184824 0.831854 -0.028750
v -0.185828 0.830845 -0.028761
v -0.184655 0.828982 -0.028651
v -0.184283 0.829722 -0.028641
v -0.185832 0.830846 -0.028750
v -0.186475 0.829575 -0.028761
v -0.184784 0.828166 -0.028651
v -0.184658 0.828985 -0.028641
v -0.186480 0.829575 -0.028750
v -0.186698 0.828168 -0.028761
v -0.184654 0.827350 -0.028652
v -0.184788 0.828168 -0.028641
v -0.186702 0.828166 -0.028750
v -0.186476 0.826761 -0.028761
v -0.184279 0.826615 -0.028652
v -0.184659 0.827351 -0.028641
v -0.186479 0.826758 -0.028750
v -0.185829 0.825491 -0.028761
v -0.183695 0.826031 -0.028651
v -0.184283 0.826614 -0.028641
v -0.185831 0.825487 -0.028750
v -0.184822 0.824483 -0.028761
v -0.182959 0.825657 -0.028651
v -0.183699 0.826029 -0.028641
v -0.184823 0.824479 -0.028750
v -0.183552 0.823836 -0.028761
v -0.182143 0.825528 -0.028651
v -0.182962 0.825653 -0.028641
v -0.183552 0.823832 -0.028750
v -0.182145 0.823613 -0.028761
v -0.181328 0.825657 -0.028651
v -0.182145 0.825523 -0.028641
v -0.182143 0.823609 -0.028750
v -0.180738 0.823836 -0.028761
v -0.180592 0.826032 -0.028651
v -0.181328 0.825653 -0.028641
v -0.180735 0.823832 -0.028750
v -0.179468 0.824483 -0.028761
v -0.180008 0.826617 -0.028651
v -0.180591 0.826028 -0.028641
v -0.179464 0.824480 -0.028750
v -0.178461 0.825490 -0.028761
v -0.179634 0.827353 -0.028651
v -0.180006 0.826613 -0.028641
v -0.178456 0.825489 -0.028750
v -0.177813 0.826759 -0.028761
v -0.179505 0.828169 -0.028651
v -0.179630 0.827350 -0.028641
v -0.177809 0.826760 -0.028750
v -0.177590 0.828167 -0.028761
v -0.179634 0.828984 -0.028652
v -0.179501 0.828167 -0.028641
v -0.177586 0.828169 -0.028750
v -0.177813 0.829574 -0.028760
v -0.179634 0.828982 0.028201
v -0.180006 0.829722 0.028190
v -0.178456 0.830846 0.028300
v -0.177813 0.829575 0.028310
v -0.180008 0.829718 0.028201
v -0.180591 0.830306 0.028190
v -0.179464 0.831854 0.028300
v -0.178460 0.830845 0.028310
v -0.180592 0.830302 0.028201
v -0.181328 0.830682 0.028190
v -0.180735 0.832502 0.028300
v -0.179468 0.831852 0.028310
v -0.181328 0.830677 0.028201
v -0.182145 0.830811 0.028190
v -0.182143 0.832725 0.028300
v -0.180738 0.832498 0.028310
v -0.182143 0.830807 0.028201
v -0.182962 0.830681 0.028190
v -0.183552 0.832503 0.028300
v -0.182145 0.832721 0.028310
v -0.182959 0.830678 0.028201
v -0.183699 0.830306 0.028190
v -0.184823 0.831855 0.028300
v -0.183552 0.832498 0.028310
v -0.183695 0.830303 0.028201
v -0.184283 0.829721 0.028190
v -0.185831 0.830847 0.028300
v -0.184822 0.831851 0.028310
v -0.184279 0.829720 0.028201
v -0.184659 0.828983 0.028190
v -0.186479 0.829577 0.028300
v -0.185829 0.830843 0.028310
v -0.184654 0.828984 0.028201
v -0.184788 0.828167 0.028190
v -0.186702 0.828169 0.028300
v -0.186476 0.829574 0.028310
v -0.184784 0.828169 0.028201
v -0.184658 0.827349 0.028190
v -0.186480 0.826760 0.028300
v -0.186698 0.828167 0.028310
v -0.184655 0.827353 0.028201
v -0.184282 0.826613 0.028191
v -0.185833 0.825489 0.028300
v -0.186475 0.826759 0.028310
v -0.184280 0.826617 0.028201
v -0.183698 0.826028 0.028190
v -0.184824 0.824480 0.028300
v -0.185828 0.825490 0.028310
v -0.183697 0.826032 0.028201
v -0.182961 0.825653 0.028190
v -0.183554 0.823832 0.028300
v -0.184820 0.824483 0.028310
v -0.182961 0.825657 0.028201
v -0.182144 0.825523 0.028190
v -0.182145 0.823609 0.028300
v -0.183551 0.823836 0.028310
v -0.182145 0.825528 0.028201
v -0.181327 0.825653 0.028190
v -0.180737 0.823832 0.028300
v -0.182144 0.823613 0.028310
v -0.181330 0.825657 0.028201
v -0.180590 0.826029 0.028190
v -0.179466 0.824479 0.028300
v -0.180736 0.823836 0.028310
v -0.180594 0.826031 0.028201
v -0.180005 0.826614 0.028190
v -0.178457 0.825487 0.028300
v -0.179467 0.824483 0.028310
v -0.180010 0.826615 0.028201
v -0.179630 0.827351 0.028190
v -0.177810 0.826758 0.028300
v -0.178460 0.825491 0.028310
v -0.179634 0.827350 0.028201
v -0.179501 0.828168 0.028190
v -0.177586 0.828166 0.028300
v -0.177813 0.826761 0.028310
v -0.179505 0.828166 0.028201
v -0.179630 0.828985 0.028191
v -0.177809 0.829575 0.028299
v -0.177590 0.828168 0.028310
v -0.178443 0.830856 -0.028766
v -0.177802 0.829577 -0.028770
v -0.177793 0.829581 -0.030355
v -0.178452 0.830851 -0.030351
v -0.179455 0.831868 -0.028766
v -0.178450 0.830849 -0.028770
v -0.178443 0.830857 -0.030355
v -0.179462 0.831861 -0.030351
v -0.180730 0.832519 -0.028766
v -0.179460 0.831859 -0.028770
v -0.179455 0.831869 -0.030355
v -0.180735 0.832509 -0.030351
v -0.182144 0.832742 -0.028766
v -0.180732 0.832508 -0.028770
v -0.180731 0.832519 -0.030355
v -0.182146 0.832732 -0.030351
v -0.183558 0.832519 -0.028766
v -0.182143 0.832732 -0.028770
v -0.182145 0.832742 -0.030355
v -0.183556 0.832508 -0.030351
v -0.184833 0.831869 -0.028766
v -0.183554 0.832509 -0.028770
v -0.183559 0.832519 -0.030355
v -0.184828 0.831859 -0.030351
v -0.185846 0.830857 -0.028766
v -0.184826 0.831861 -0.028770
v -0.184834 0.831868 -0.030355
v -0.185838 0.830849 -0.030351
v -0.186495 0.829581 -0.028766
v -0.185837 0.830851 -0.028770
v -0.185846 0.830856 -0.030355
v -0.186486 0.829577 -0.030351
v -0.186720 0.828168 -0.028766
v -0.186485 0.829579 -0.028770
v -0.186496 0.829581 -0.030355
v -0.186709 0.828166 -0.030351
v -0.186496 0.826754 -0.028766
v -0.186709 0.828169 -0.028770
v -0.186720 0.828167 -0.030355
v -0.186485 0.826755 -0.030351
v -0.185846 0.825478 -0.028766
v -0.186486 0.826758 -0.028770
v -0.186495 0.826753 -0.030355
v -0.185837 0.825483 -0.030351
v -0.184834 0.824466 -0.028766
v -0.185838 0.825485 -0.028770
v -0.185845 0.825478 -0.030355
v -0.184826 0.824474 -0.030351
v -0.183558 0.823816 -0.028766
v -0.184828 0.824475 -0.028770
v -0.184833 0.824466 -0.030355
v -0.183554 0.823825 -0.030351
v -0.182145 0.823592 -0.028766
v -0.183556 0.823826 -0.028770
v -0.183558 0.823816 -0.030355
v -0.182143 0.823602 -0.030351
v -0.180731 0.823816 -0.028766
v -0.182146 0.823602 -0.028770
v -0.182144 0.823592 -0.030355
v -0.180732 0.823826 -0.030351
v -0.179455 0.824466 -0.028766
v -0.180735 0.823825 -0.028770
v -0.180730 0.823816 -0.030355
v -0.179460 0.824475 -0.030351
v -0.178443 0.825478 -0.028766
v -0.179462 0.824474 -0.028770
v -0.179455 0.824466 -0.030355
v -0.178451 0.825485 -0.030351
v -0.177793 0.826753 -0.028766
v -0.178452 0.825483 -0.028770
v -0.178443 0.825478 -0.030355
v -0.177803 0.826758 -0.030351
v -0.177569 0.828167 -0.028766
v -0.177803 0.826755 -0.028770
v -0.177793 0.826754 -0.030355
v -0.177579 0.828169 -0.030351
v -0.177793 0.829581 -0.028766
v -0.177579 0.828166 -0.028770
v -0.177569 0.828168 -0.030355
v -0.177803 0.829579 -0.030351
v -0.177793 0.829581 0.028316
v -0.178452 0.830851 0.028320
v -0.178443 0.830856 0.029905
v -0.177802 0.829577 0.029901
v -0.178443 0.830857 0.028315
v -0.179462 0.831861 0.028320
v -0.179455 0.831868 0.029905
v -0.178450 0.830849 0.029901
v -0.179455 0.831869 0.028316
v -0.180735 0.832509 0.028320
v -0.180730 0.832519 0.029905
v -0.179460 0.831859 0.029901
v -0.180731 0.832519 0.028315
v -0.182146 0.832732 0.028320
v -0.182144 0.832742 0.029905
v -0.180732 0.832508 0.029901
v -0.182145 0.832742 0.028315
v -0.183556 0.832508 0.028320
v -0.183558 0.832519 0.029905
v -0.182143 0.832732 0.029901
v -0.183559 0.832519 0.028315
v -0.184828 0.831859 0.028320
v -0.184833 0.831869 0.029905
v -0.183554 0.832509 0.029901
v -0.184834 0.831868 0.028315
v -0.185838 0.830849 0.028320
v -0.185846 0.830857 0.029905
v -0.184826 0.831861 0.029901
v -0.185846 0.830856 0.028315
v -0.186486 0.829577 0.028320
v -0.186495 0.829581 0.029905
v -0.185837 0.830851 0.029901
v -0.186496 0.829581 0.028315
v -0.186709 0.828166 0.028320
v -0.186720 0.828168 0.029905
v -0.186485 0.829579 0.029901
v -0.186720 0.828167 0.028315
v -0.186485 0.826755 0.028320
v -0.186496 0.826754 0.029905
v -0.186709 0.828169 0.029901
v -0.186495 0.826753 0.028315
v -0.185837 0.825483 0.028320
v -0.185846 0.825478 0.029905
v -0.186486 0.826758 0.029901
v -0.185846 0.825478 0.028315
v -0.184826 0.824473 0.028320
v -0.184834 0.824466 0.029905
v -0.185838 0.825485 0.029901
v -0.184833 0.824466 0.028315
v -0.183554 0.823825 0.028320
v -0.183558 0.823816 0.029905
v -0.184828 0.824475 0.029901
v -0.183558 0.823816 0.028316
v -0.182143 0.823602 0.028320
v -0.182145 0.823592 0.029905
v -0.183556 0.823826 0.029901
v -0.182144 0.823592 0.028316
v -0.180732 0.823826 0.028320
v -0.180731 0.823816 0.029905
v -0.182146 0.823602 0.029901
v -0.180730 0.823816 0.028316
v -0.179460 0.824475 0.028320
v -0.179455 0.824466 0.029905
v -0.180735 0.823825 0.029901
v -0.179455 0.824466 0.028315
v -0.178451 0.825485 0.028320
v -0.178443 0.825478 0.029905
v -0.179462 0.824473 0.029901
v -0.178443 0.825478 0.028315
v -0.177803 0.826758 0.028320
v -0.177793 0.826753 0.029905
v -0.178452 0.825483 0.029901
v -0.177793 0.826754 0.028315
v -0.177579 0.828169 0.028320
v -0.177569 0.828167 0.029905
v -0.177803 0.826755 0.029901
v -0.177569 0.828168 0.028315
v -0.177803 0.829579 0.028320
v -0.177793 0.829581 0.029905
v -0.177579 0.828166 0.029901
v -0.179624 0.828986 -0.028625
v -0.180000 0.829725 -0.028625
v -0.179624 0.828986 -0.028625
v -0.179494 0.828167 -0.028625
v -0.180000 0.829725 -0.028625
v -0.180587 0.830311 -0.028625
v -0.180587 0.830311 -0.028625
v -0.181325 0.830688 -0.028625
v -0.181325 0.830688 -0.028625
v -0.182144 0.830817 -0.028625
v -0.182144 0.830817 -0.028625
v -0.182963 0.830688 -0.028625
v -0.182963 0.830688 -0.028625
v -0.183702 0.830311 -0.028625
v -0.183702 0.830311 -0.028625
v -0.184288 0.829725 -0.028625
v -0.184288 0.829725 -0.028625
v -0.184665 0.828986 -0.028625
v -0.184665 0.828986 -0.028625
v -0.184794 0.828167 -0.028625
v -0.184794 0.828167 -0.028625
v -0.184665 0.827348 -0.028625
v -0.184665 0.827348 -0.028625
v -0.184288 0.826610 -0.028625
v -0.184288 0.826610 -0.028625
v -0.183702 0.826023 -0.028625
v -0.183702 0.826023 -0.028625
v -0.182963 0.825647 -0.028625
v -0.182963 0.825647 -0.028625
v -0.182144 0.825517 -0.028625
v -0.182144 0.825517 -0.028625
v -0.181325 0.825647 -0.028625
v -0.181325 0.825647 -0.028625
v -0.180587 0.826023 -0.028625
v -0.180587 0.826023 -0.028625
v -0.180000 0.826610 -0.028625
v -0.180000 0.826610 -0.028625
v -0.179624 0.827348 -0.028625
v -0.179624 0.827348 -0.028625
v -0.179494 0.828167 -0.028625
v -0.179624 0.828986 0.028175
v -0.179494 0.828167 0.028175
v -0.179624 0.828986 0.028175
v -0.180000 0.829725 0.028175
v -0.180000 0.829725 0.028175
v -0.180587 0.830311 0.028175
v -0.180587 0.830311 0.028175
v -0.181325 0.830688 0.028175
v -0.181325 0.830688 0.028175
v -0.182144 0.830817 0.028175
v -0.182144 0.830817 0.028175
v -0.182963 0.830688 0.028175
v -0.182963 0.830688 0.028175
v -0.183702 0.830311 0.028175
v -0.183702 0.830311 0.028175
v -0.184288 0.829725 0.028175
v -0.184288 0.829725 0.028175
v -0.184665 0.828986 0.028175
v -0.184665 0.828986 0.028175
v -0.184794 0.828167 0.028175
v -0.184794 0.828167 0.028175
v -0.184665 0.827348 0.028175
v -0.184665 0.827348 0.028175
v -0.184288 0.826610 0.028175
v -0.184288 0.826610 0.028175
v -0.183702 0.826023 0.028175
v -0.183702 0.826023 0.028175
v -0.182963 0.825647 0.028175
v -0.182963 0.825647 0.028175
v -0.182144 0.825517 0.028175
v -0.182144 0.825517 0.028175
v -0.181325 0.825647 0.028175
v -0.181325 0.825647 0.028175
v -0.180587 0.826023 0.028175
v -0.180587 0.826023 0.028175
v -0.180000 0.826610 0.028175
v -0.180000 0.826610 0.028175
v -0.179624 0.827348 0.028175
v -0.179624 0.827348 0.028175
v -0.179494 0.828167 0.028175
v -0.177819 0.829573 -0.030345
v -0.177597 0.828167 -0.030345
v -0.177819 0.829573 -0.030345
v -0.178465 0.830840 -0.030345
v -0.178465 0.830840 -0.030345
v -0.179471 0.831846 -0.030345
v -0.179471 0.831846 -0.030345
v -0.182144 0.832715 -0.030345
v -0.182144 0.832715 -0.030345
v -0.183550 0.832492 -0.030345
v -0.183550 0.832492 -0.030345
v -0.184817 0.831846 -0.030345
v -0.184817 0.831846 -0.030345
v -0.185823 0.830840 -0.030345
v -0.185823 0.830840 -0.030345
v -0.186469 0.829573 -0.030345
v -0.186469 0.829573 -0.030345
v -0.186692 0.828167 -0.030345
v -0.186692 0.828167 -0.030345
v -0.186469 0.826762 -0.030345
v -0.186469 0.826762 -0.030345
v -0.185823 0.825494 -0.030345
v -0.185823 0.825494 -0.030345
v -0.184817 0.824488 -0.030345
v -0.184817 0.824488 -0.030345
v -0.183550 0.823842 -0.030345
v -0.183550 0.823842 -0.030345
v -0.182144 0.823619 -0.030345
v -0.182144 0.823619 -0.030345
v -0.180739 0.823842 -0.030345
v -0.180739 0.823842 -0.030345
v -0.179471 0.824488 -0.030345
v -0.179471 0.824488 -0.030345
v -0.178465 0.825494 -0.030345
v -0.178465 0.825494 -0.030345
v -0.177819 0.826762 -0.030345
v -0.177819 0.826762 -0.030345
v -0.177597 0.828167 -0.030345
v -0.177819 0.829573 0.029894
v -0.177597 0.828167 0.029894
v -0.177819 0.829573 0.029894
v -0.178465 0.830840 0.029894
v -0.178465 0.830840 0.029894
v -0.179471 0.831846 0.029894
v -0.179471 0.831846 0.029894
v -0.180739 0.832492 0.029894
v -0.180739 0.832492 0.029894
v -0.182144 0.832715 0.029894
v -0.182144 0.832715 0.029894
v -0.184817 0.831846 0.029894
v -0.184817 0.831846 0.029894
v -0.185823 0.830840 0.029894
v -0.185823 0.830840 0.029894
v -0.186469 0.829573 0.029894
v -0.186469 0.829573 0.029894
v -0.186692 0.828167 0.029894
v -0.186692 0.828167 0.029894
v -0.186469 0.826762 0.029894
v -0.186469 0.826762 0.029894
v -0.185823 0.825494 0.029894
v -0.185823 0.825494 0.029894
v -0.184817 0.824488 0.029894
v -0.184817 0.824488 0.029894
v -0.183550 0.823842 0.029894
v -0.183550 0.823842 0.029894
v -0.182144 0.823619 0.029894
v -0.182144 0.823619 0.029894
v -0.180739 0.823842 0.029894
v -0.180739 0.823842 0.029894
v -0.179471 0.824488 0.029894
v -0.179471 0.824488 0.029894
v -0.178465 0.825494 0.029894
v -0.178465 0.825494 0.029894
v -0.177819 0.826762 0.029894
v -0.177819 0.826762 0.029894
v -0.177597 0.828167 0.029894
v 0.145238 0.052111 -0.045538
v 0.124621 0.052111 -0.086001
v 0.124621 0.555360 -0.086001
v 0.145238 0.555360 -0.045538
v 0.092509 0.052111 -0.118113
v 0.092509 0.555360 -0.118113
v 0.052046 0.052111 -0.138730
v 0.052046 0.555360 -0.138730
v 0.007192 0.052111 -0.145834
v 0.007192 0.555360 -0.145834
v -0.037662 0.052111 -0.138730
v -0.037662 0.555360 -0.138730
v -0.078125 0.052111 -0.118113
v -0.078125 0.555360 -0.118113
v -0.110237 0.052111 -0.086001
v -0.110237 0.555360 -0.086001
v -0.130854 0.052111 -0.045538
v -0.130854 0.555360 -0.045538
v -0.137958 0.052111 -0.000684
v -0.137958 0.555360 -0.000684
v -0.130854 0.052111 0.044170
v -0.130854 0.555360 0.044170
v -0.110237 0.052111 0.084633
v -0.110237 0.555360 0.084633
v -0.078125 0.052111 0.116745
v -0.078125 0.555360 0.116745
v -0.037662 0.052111 0.137362
v -0.037662 0.555360 0.137362
v 0.007192 0.052111 0.144466
v 0.007192 0.555360 0.144466
v 0.052046 0.052111 0.137362
v 0.052046 0.555360 0.137362
v 0.092509 0.052111 0.116745
v 0.092509 0.555360 0.116745
v 0.124621 0.052111 0.084633
v 0.124621 0.555360 0.084633
v 0.145238 0.052111 0.044170
v 0.145238 0.555360 0.044170
v 0.152342 0.052111 -0.000684
v 0.152342 0.555360 -0.000684
v 0.156717 0.052111 -0.049268
v 0.156717 0.555360 -0.049268
v 0.134386 0.555360 -0.093096
v 0.134386 0.052111 -0.093096
v 0.099604 0.555360 -0.127878
v 0.099604 0.052111 -0.127878
v 0.055776 0.555360 -0.150210
v 0.055776 0.052111 -0.150210
v 0.007192 0.555360 -0.157905
v 0.007192 0.052111 -0.157905
v -0.041392 0.555360 -0.150210
v -0.041392 0.052111 -0.150210
v -0.085220 0.555360 -0.127878
v -0.085220 0.052111 -0.127878
v -0.120002 0.555360 -0.093096
v -0.120002 0.052111 -0.093096
v -0.142334 0.555360 -0.049268
v -0.142334 0.052111 -0.049268
v -0.150029 0.555360 -0.000684
v -0.150029 0.052111 -0.000684
v -0.142334 0.555360 0.047900
v -0.142334 0.052111 0.047900
v -0.120002 0.555360 0.091728
v -0.120002 0.052111 0.091728
v -0.085220 0.555360 0.126510
v -0.085220 0.052111 0.126510
v -0.041392 0.555360 0.148842
v -0.041392 0.052111 0.148842
v 0.007192 0.555360 0.156537
v 0.007192 0.052111 0.156537
v 0.055776 0.555360 0.148842
v 0.055776 0.052111 0.148842
v 0.099604 0.555360 0.126510
v 0.099604 0.052111 0.126510
v 0.134386 0.555360 0.091728
v 0.134386 0.052111 0.091728
v 0.156717 0.555360 0.047900
v 0.156717 0.052111 0.047900
v 0.164412 0.555360 -0.000684
v 0.164412 0.052111 -0.000684
v 0.129503 0.559020 -0.089548
v 0.150978 0.559020 -0.047403
v 0.096056 0.559020 -0.122995
v 0.053911 0.559020 -0.144470
v 0.007192 0.559020 -0.151869
v -0.039527 0.559020 -0.144470
v -0.081673 0.559020 -0.122996
v -0.115120 0.559020 -0.089549
v -0.136594 0.559020 -0.047403
v -0.143993 0.559020 -0.000684
v -0.136594 0.559020 0.046035
v -0.115120 0.559020 0.088180
v -0.081673 0.559020 0.121627
v -0.039527 0.559020 0.143102
v 0.007192 0.559020 0.150501
v 0.053910 0.559020 0.143102
v 0.096056 0.559020 0.121628
v 0.129503 0.559020 0.088181
v 0.150977 0.559020 0.046035
v 0.158377 0.559020 -0.000684
v 0.155877 0.557494 -0.048995
v 0.133671 0.557494 -0.092577
v 0.155877 0.557494 -0.048995
v 0.133671 0.557494 -0.092577
v 0.155877 0.557494 -0.048995
v 0.163529 0.557494 -0.000684
v 0.155877 0.557494 -0.048995
v 0.163529 0.557494 -0.000684
v 0.133671 0.557494 -0.092577
v 0.099084 0.557494 -0.127163
v 0.133671 0.557494 -0.092577
v 0.099084 0.557494 -0.127163
v 0.099084 0.557494 -0.127163
v 0.055503 0.557494 -0.149369
v 0.099084 0.557494 -0.127163
v 0.055503 0.557494 -0.149369
v 0.055503 0.557494 -0.149369
v 0.007192 0.557494 -0.157021
v 0.055503 0.557494 -0.149369
v 0.007192 0.557494 -0.157021
v 0.007192 0.557494 -0.157021
v -0.041119 0.557494 -0.149369
v 0.007192 0.557494 -0.157021
v -0.041119 0.557494 -0.149369
v -0.041119 0.557494 -0.149369
v -0.084701 0.557494 -0.127163
v -0.041119 0.557494 -0.149369
v -0.084701 0.557494 -0.127163
v -0.084701 0.557494 -0.127163
v -0.119287 0.557494 -0.092577
v -0.084701 0.557494 -0.127163
v -0.119287 0.557494 -0.092577
v -0.119287 0.557494 -0.092577
v -0.141493 0.557494 -0.048995
v -0.119287 0.557494 -0.092577
v -0.141493 0.557494 -0.048995
v -0.141493 0.557494 -0.048995
v -0.149145 0.557494 -0.000684
v -0.141493 0.557494 -0.048995
v -0.149145 0.557494 -0.000684
v -0.149145 0.557494 -0.000684
v -0.141493 0.557494 0.047627
v -0.149145 0.557494 -0.000684
v -0.141493 0.557494 0.047627
v -0.141493 0.557494 0.047627
v -0.119287 0.557494 0.091208
v -0.141493 0.557494 0.047627
v -0.119287 0.557494 0.091208
v -0.119287 0.557494 0.091208
v -0.084701 0.557494 0.125795
v -0.119287 0.557494 0.091208
v -0.084701 0.557494 0.125795
v -0.084701 0.557494 0.125795
v -0.041119 0.557494 0.148001
v -0.084701 0.557494 0.125795
v -0.041119 0.557494 0.148001
v -0.041119 0.557494 0.148001
v 0.007192 0.557494 0.155653
v -0.041119 0.557494 0.148001
v 0.007192 0.557494 0.155653
v 0.007192 0.557494 0.155653
v 0.055503 0.557494 0.148001
v 0.007192 0.557494 0.155653
v 0.055503 0.557494 0.148001
v 0.055503 0.557494 0.148001
v 0.099084 0.557494 0.125795
v 0.055503 0.557494 0.148001
v 0.099084 0.557494 0.125795
v 0.099084 0.557494 0.125795
v 0.133671 0.557494 0.091208
v 0.099084 0.557494 0.125795
v 0.133671 0.557494 0.091208
v 0.133671 0.557494 0.091208
v 0.155877 0.557494 0.047627
v 0.133671 0.557494 0.091208
v 0.155877 0.557494 0.047627
v 0.155877 0.557494 0.047627
v 0.163529 0.557494 -0.000684
v 0.155877 0.557494 0.047627
v 0.163529 0.557494 -0.000684
v 0.125336 0.557494 -0.086521
v 0.093028 0.557494 -0.118828
v 0.125336 0.557494 -0.086521
v 0.093028 0.557494 -0.118828
v 0.125336 0.557494 -0.086521
v 0.146078 0.557494 -0.045811
v 0.125336 0.557494 -0.086521
v 0.146078 0.557494 -0.045811
v 0.146078 0.557494 -0.045811
v 0.153226 0.557494 -0.000684
v 0.146078 0.557494 -0.045811
v 0.153226 0.557494 -0.000684
v 0.093028 0.557494 -0.118828
v 0.052319 0.557494 -0.139570
v 0.093028 0.557494 -0.118828
v 0.052319 0.557494 -0.139570
v 0.052319 0.557494 -0.139570
v 0.007192 0.557494 -0.146718
v 0.052319 0.557494 -0.139570
v 0.007192 0.557494 -0.146718
v 0.007192 0.557494 -0.146718
v -0.037935 0.557494 -0.139570
v 0.007192 0.557494 -0.146718
v -0.037935 0.557494 -0.139570
v -0.037935 0.557494 -0.139570
v -0.078645 0.557494 -0.118828
v -0.037935 0.557494 -0.139570
v -0.078645 0.557494 -0.118828
v -0.078645 0.557494 -0.118828
v -0.110952 0.557494 -0.086521
v -0.078645 0.557494 -0.118828
v -0.110952 0.557494 -0.086521
v -0.110952 0.557494 -0.086521
v -0.131695 0.557494 -0.045811
v -0.110952 0.557494 -0.086521
v -0.131695 0.557494 -0.045811
v -0.131695 0.557494 -0.045811
v -0.138842 0.557494 -0.000684
v -0.131695 0.557494 -0.045811
v -0.138842 0.557494 -0.000684
v -0.138842 0.557494 -0.000684
v -0.131695 0.557494 0.044443
v -0.138842 0.557494 -0.000684
v -0.131695 0.557494 0.044443
v -0.131695 0.557494 0.044443
v -0.110952 0.557494 0.085152
v -0.131695 0.557494 0.044443
v -0.110952 0.557494 0.085152
v -0.110952 0.557494 0.085152
v -0.078645 0.557494 0.117460
v -0.110952 0.557494 0.085152
v -0.078645 0.557494 0.117460
v -0.078645 0.557494 0.117460
v -0.037935 0.557494 0.138202
v -0.078645 0.557494 0.117460
v -0.037935 0.557494 0.138202
v -0.037935 0.557494 0.138202
v 0.007192 0.557494 0.145350
v -0.037935 0.557494 0.138202
v 0.007192 0.557494 0.145350
v 0.007192 0.557494 0.145350
v 0.052319 0.557494 0.138202
v 0.007192 0.557494 0.145350
v 0.052319 0.557494 0.138202
v 0.052319 0.557494 0.138202
v 0.093028 0.557494 0.117460
v 0.052319 0.557494 0.138202
v 0.093028 0.557494 0.117460
v 0.093028 0.557494 0.117460
v 0.125336 0.557494 0.085152
v 0.093028 0.557494 0.117460
v 0.125336 0.557494 0.085152
v 0.125336 0.557494 0.085152
v 0.146078 0.557494 0.044443
v 0.125336 0.557494 0.085152
v 0.146078 0.557494 0.044443
v 0.146078 0.557494 0.044443
v 0.153226 0.557494 -0.000684
v 0.146078 0.557494 0.044443
v 0.153226 0.557494 -0.000684
v 0.154567 0.053482 0.101227
v 0.152013 0.813783 0.100537
v 0.137484 0.053404 0.093307
v 0.147768 0.050802 0.106050
v 0.136845 0.053404 0.094187
v 0.131927 0.049927 0.094187
v 0.147674 0.050725 0.109903
v 0.114128 0.050635 0.139768
v 0.102063 0.049927 0.124051
v 0.137484 0.810995 0.093307
v 0.136845 0.810995 0.094187
v 0.115861 0.053482 0.141781
v 0.102063 0.576735 0.128969
v 0.102063 0.053404 0.128969
v 0.101182 0.576735 0.129608
v 0.108992 0.576761 0.146695
v 0.107905 0.050802 0.144266
v 0.101182 0.053404 0.129608
v 0.096505 0.049927 0.128089
v 0.106625 0.050725 0.147902
v 0.065492 0.050635 0.165938
v 0.058874 0.049927 0.147263
v 0.099604 0.583689 0.126510
v 0.113539 0.650698 0.140445
v 0.099604 0.720110 0.126510
v 0.066519 0.053482 0.168389
v 0.065387 0.579294 0.166031
v 0.057354 0.576735 0.151940
v 0.057354 0.053404 0.151940
v 0.056320 0.576735 0.152276
v 0.058467 0.576761 0.170940
v 0.058184 0.050802 0.168294
v 0.056320 0.053404 0.152276
v 0.052341 0.049927 0.149386
v 0.055843 0.050725 0.171356
v 0.011149 0.050635 0.175799
v 0.010626 0.049927 0.155993
v 0.058874 0.580212 0.147263
v 0.068955 0.579414 0.167096
v 0.107724 0.579504 0.144420
v 0.096505 0.580212 0.128089
v 0.011369 0.053482 0.178447
v 0.011021 0.579294 0.175855
v 0.007736 0.576735 0.159971
v 0.007736 0.053404 0.159971
v 0.006648 0.576735 0.159971
v 0.002922 0.576761 0.178385
v 0.003471 0.050802 0.175781
v 0.006648 0.053404 0.159971
v 0.003757 0.049927 0.155993
v 0.000299 0.050725 0.177970
v -0.043581 0.050635 0.168384
v -0.037957 0.049927 0.149386
v 0.010626 0.580212 0.155993
v 0.014085 0.579413 0.177970
v 0.057964 0.579504 0.168384
v 0.052341 0.580212 0.149386
v -0.044190 0.053482 0.170970
v -0.043720 0.579294 0.168397
v -0.041936 0.576735 0.152276
v -0.041936 0.053404 0.152276
v -0.042971 0.576735 0.151940
v -0.052204 0.576761 0.168302
v -0.050878 0.050802 0.165994
v -0.042971 0.053404 0.151940
v -0.044490 0.049927 0.147263
v -0.054571 0.050725 0.167096
v -0.093341 0.050635 0.144420
v -0.082122 0.049927 0.128089
v -0.037957 0.580212 0.149386
v -0.041459 0.579413 0.171356
v 0.003234 0.579504 0.175799
v 0.003757 0.580212 0.155993
v -0.094719 0.053482 0.146691
v -0.093477 0.579294 0.144389
v -0.086799 0.576735 0.129608
v -0.086799 0.053404 0.129608
v -0.087679 0.576735 0.128969
v -0.099542 0.050802 0.139892
v -0.087679 0.053404 0.128969
v -0.087679 0.049927 0.124051
v -0.103395 0.050725 0.139798
v -0.133260 0.050635 0.106252
v -0.117543 0.049927 0.094187
v -0.082122 0.580212 0.128089
v -0.092241 0.579413 0.147902
v -0.051108 0.579504 0.165938
v -0.044490 0.580212 0.147263
v -0.135273 0.053482 0.107986
v -0.133827 0.813783 0.105770
v -0.122461 0.053404 0.094187
v -0.137758 0.050802 0.100029
v -0.123101 0.053404 0.093307
v -0.121581 0.049927 0.088630
v -0.141394 0.050725 0.098749
v -0.159431 0.050635 0.057616
v -0.140755 0.049927 0.050998
v -0.122461 0.810995 0.094187
v -0.123101 0.810995 0.093307
v -0.161881 0.053482 0.058643
v -0.159821 0.813783 0.056983
v -0.145432 0.053404 0.049478
v -0.161786 0.050802 0.050308
v -0.145768 0.053404 0.048444
v -0.142878 0.049927 0.044465
v -0.164848 0.050725 0.047967
v -0.169291 0.050635 0.003273
v -0.149485 0.049927 0.002750
v -0.145432 0.810995 0.049478
v -0.145768 0.810995 0.048444
v -0.171939 0.053482 0.003493
v -0.169467 0.813783 0.002550
v -0.153463 0.053404 -0.000140
v -0.169273 0.050802 -0.004405
v -0.153463 0.053404 -0.001228
v -0.149485 0.049927 -0.004119
v -0.171462 0.050725 -0.007577
v -0.161876 0.050635 -0.051456
v -0.142878 0.049927 -0.045833
v -0.153463 0.810995 -0.000140
v -0.153463 0.810995 -0.001228
v -0.164463 0.053482 -0.052066
v -0.161820 0.813783 -0.052199
v -0.145768 0.053404 -0.049812
v -0.159487 0.050802 -0.058754
v -0.145432 0.053404 -0.050847
v -0.140755 0.049927 -0.052366
v -0.160588 0.050725 -0.062447
v -0.137912 0.050635 -0.101216
v -0.121581 0.049927 -0.089998
v -0.145768 0.810995 -0.049812
v -0.145432 0.810995 -0.050847
v -0.140183 0.053482 -0.102595
v -0.137629 0.813783 -0.101905
v -0.123101 0.053404 -0.094675
v -0.133384 0.050802 -0.107418
v -0.122461 0.053404 -0.095555
v -0.117543 0.049927 -0.095555
v -0.133290 0.050725 -0.111271
v -0.099744 0.050635 -0.141136
v -0.087679 0.049927 -0.125419
v -0.123101 0.810995 -0.094675
v -0.122461 0.810995 -0.095555
v -0.101478 0.053482 -0.143149
v -0.087679 0.576735 -0.130337
v -0.087679 0.053404 -0.130337
v -0.086799 0.576735 -0.130977
v -0.094608 0.576761 -0.148064
v -0.093522 0.050802 -0.145634
v -0.086799 0.053404 -0.130977
v -0.082122 0.049927 -0.129457
v -0.092241 0.050725 -0.149270
v -0.051108 0.050635 -0.167306
v -0.044490 0.049927 -0.148631
v -0.085220 0.583689 -0.127878
v -0.099155 0.651870 -0.141813
v -0.085220 0.720110 -0.127878
v -0.052135 0.053482 -0.169757
v -0.051003 0.579294 -0.167399
v -0.042971 0.576735 -0.153308
v -0.042971 0.053404 -0.153308
v -0.041936 0.576735 -0.153644
v -0.044083 0.576761 -0.172308
v -0.043800 0.050802 -0.169662
v -0.041936 0.053404 -0.153644
v -0.037957 0.049927 -0.150754
v -0.041459 0.050725 -0.172724
v 0.003234 0.050635 -0.177167
v 0.003757 0.049927 -0.157361
v -0.044490 0.580212 -0.148631
v -0.054571 0.579414 -0.168464
v -0.093341 0.579504 -0.145788
v -0.082122 0.580212 -0.129457
v 0.003015 0.053482 -0.179815
v 0.003363 0.579294 -0.177223
v 0.006648 0.576735 -0.161339
v 0.006648 0.053404 -0.161339
v 0.007736 0.576735 -0.161339
v 0.011461 0.576761 -0.179753
v 0.010913 0.050802 -0.177149
v 0.007736 0.053404 -0.161339
v 0.010626 0.049927 -0.157361
v 0.014085 0.050725 -0.179338
v 0.057964 0.050635 -0.169752
v 0.052341 0.049927 -0.150754
v 0.003757 0.580212 -0.157361
v 0.000298 0.579413 -0.179338
v -0.043581 0.579504 -0.169752
v -0.037957 0.580212 -0.150754
v 0.058574 0.053482 -0.172338
v 0.058104 0.579294 -0.169766
v 0.056320 0.576735 -0.153644
v 0.056320 0.053404 -0.153644
v 0.057354 0.576735 -0.153308
v 0.066588 0.576761 -0.169670
v 0.065261 0.050802 -0.167363
v 0.057354 0.053404 -0.153308
v 0.058874 0.049927 -0.148631
v 0.068955 0.050725 -0.168464
v 0.107724 0.050635 -0.145788
v 0.096505 0.049927 -0.129457
v 0.052341 0.580212 -0.150754
v 0.055843 0.579413 -0.172724
v 0.011149 0.579504 -0.177167
v 0.010626 0.580212 -0.157361
v 0.109103 0.053482 -0.148059
v 0.107861 0.579294 -0.145757
v 0.101182 0.576735 -0.130977
v 0.101182 0.053404 -0.130977
v 0.102063 0.576735 -0.130337
v 0.113926 0.050802 -0.141260
v 0.102063 0.053404 -0.130337
v 0.102063 0.049927 -0.125419
v 0.117779 0.050725 -0.141166
v 0.147643 0.050635 -0.107620
v 0.131927 0.049927 -0.095555
v 0.096505 0.580212 -0.129457
v 0.106625 0.579413 -0.149270
v 0.065492 0.579504 -0.167306
v 0.058874 0.580212 -0.148631
v 0.149657 0.053482 -0.109354
v 0.148211 0.813783 -0.107138
v 0.136845 0.053404 -0.095555
v 0.152142 0.050802 -0.101397
v 0.137484 0.053404 -0.094675
v 0.135965 0.049927 -0.089998
v 0.155778 0.050725 -0.100117
v 0.173814 0.050635 -0.058984
v 0.155139 0.049927 -0.052366
v 0.136845 0.810995 -0.095555
v 0.137484 0.810995 -0.094675
v 0.176265 0.053482 -0.060011
v 0.174205 0.813783 -0.058351
v 0.159816 0.053404 -0.050847
v 0.176170 0.050802 -0.051676
v 0.160152 0.053404 -0.049812
v 0.157261 0.049927 -0.045833
v 0.179232 0.050725 -0.049335
v 0.183675 0.050635 -0.004642
v 0.163868 0.049927 -0.004119
v 0.159816 0.810995 -0.050847
v 0.160152 0.810995 -0.049812
v 0.186323 0.053482 -0.004861
v 0.183851 0.813783 -0.003918
v 0.167847 0.053404 -0.001228
v 0.183657 0.050802 0.003037
v 0.167847 0.053404 -0.000140
v 0.163868 0.049927 0.002750
v 0.185845 0.050725 0.006209
v 0.176260 0.050635 0.050088
v 0.157261 0.049927 0.044465
v 0.167847 0.810995 -0.001228
v 0.167847 0.810995 -0.000140
v 0.178846 0.053482 0.050698
v 0.176204 0.813783 0.050830
v 0.160152 0.053404 0.048444
v 0.173870 0.050802 0.057385
v 0.159816 0.053404 0.049478
v 0.155139 0.049927 0.050998
v 0.174971 0.050725 0.061079
v 0.152296 0.050635 0.099848
v 0.135965 0.049927 0.088630
v 0.160152 0.810995 0.048444
v 0.159816 0.810995 0.049478
v 0.154826 0.053482 -0.102511
v 0.175096 0.050864 -0.062508
v 0.152204 0.813721 -0.101964
v 0.131927 0.814472 -0.095555
v 0.147674 0.813674 -0.111271
v 0.114128 0.813764 -0.141136
v 0.102063 0.814472 -0.125419
v 0.155139 0.814472 -0.052366
v 0.174972 0.813674 -0.062447
v 0.152296 0.813764 -0.101216
v 0.135965 0.814472 -0.089998
v 0.175796 0.810995 -0.062892
v 0.156622 0.810995 -0.100523
v 0.176404 0.813721 -0.052195
v 0.116134 0.053482 -0.143149
v 0.147773 0.050864 -0.111367
v 0.115736 0.813252 -0.142528
v 0.102063 0.727064 -0.130337
v 0.102063 0.810995 -0.130337
v 0.101182 0.727064 -0.130977
v 0.108992 0.727038 -0.148064
v 0.107905 0.813597 -0.145635
v 0.101182 0.810995 -0.130977
v 0.096505 0.814472 -0.129457
v 0.106625 0.813674 -0.149270
v 0.065492 0.813764 -0.167306
v 0.058874 0.814472 -0.148631
v 0.148321 0.810995 -0.111949
v 0.118457 0.810995 -0.141813
v 0.099604 0.720110 -0.127878
v 0.113539 0.649923 -0.141813
v 0.099604 0.583689 -0.127878
v 0.066778 0.053482 -0.169841
v 0.069016 0.579275 -0.168588
v 0.109019 0.576657 -0.148318
v 0.106690 0.050864 -0.149392
v 0.066519 0.810917 -0.169757
v 0.065387 0.724505 -0.167399
v 0.057354 0.727064 -0.153308
v 0.057354 0.810995 -0.153308
v 0.056320 0.727064 -0.153644
v 0.058467 0.727038 -0.172308
v 0.058184 0.813597 -0.169662
v 0.056320 0.810995 -0.153644
v 0.052341 0.814472 -0.150754
v 0.055843 0.813674 -0.172724
v 0.011149 0.813764 -0.177167
v 0.010626 0.814472 -0.157361
v 0.109019 0.810917 -0.148318
v 0.106690 0.724524 -0.149392
v 0.066778 0.727142 -0.169841
v 0.069016 0.813535 -0.168588
v 0.011589 0.053482 -0.179975
v 0.014105 0.579275 -0.179475
v 0.058414 0.576657 -0.172559
v 0.055867 0.050864 -0.172860
v 0.011369 0.810917 -0.179815
v 0.011021 0.724505 -0.177223
v 0.007736 0.727064 -0.161339
v 0.007736 0.810995 -0.161339
v 0.006648 0.727064 -0.161339
v 0.002922 0.727038 -0.179753
v 0.003471 0.813597 -0.177149
v 0.006648 0.810995 -0.161339
v 0.003757 0.814472 -0.157361
v 0.000299 0.813674 -0.179338
v -0.043581 0.813764 -0.169752
v -0.037957 0.814472 -0.150754
v 0.058414 0.810917 -0.172559
v 0.055866 0.724524 -0.172860
v 0.011589 0.727142 -0.179975
v 0.014105 0.813535 -0.179475
v -0.044030 0.053482 -0.172559
v -0.041483 0.579275 -0.172860
v 0.002794 0.576657 -0.179975
v 0.000279 0.050864 -0.179475
v -0.044190 0.810917 -0.172338
v -0.043720 0.724505 -0.169765
v -0.041936 0.727064 -0.153644
v -0.041936 0.810995 -0.153644
v -0.042971 0.727064 -0.153308
v -0.052204 0.727038 -0.169670
v -0.050878 0.813597 -0.167363
v -0.042971 0.810995 -0.153308
v -0.044490 0.814472 -0.148631
v -0.054571 0.813674 -0.168464
v -0.093341 0.813764 -0.145788
v -0.082122 0.814472 -0.129457
v 0.002794 0.810917 -0.179975
v 0.000279 0.724524 -0.179475
v -0.044030 0.727142 -0.172559
v -0.041483 0.813535 -0.172860
v -0.094635 0.053482 -0.148318
v -0.092306 0.579275 -0.149392
v -0.052394 0.576657 -0.169841
v -0.054632 0.050864 -0.168588
v -0.094719 0.810917 -0.148059
v -0.093477 0.724505 -0.145757
v -0.086799 0.727064 -0.130977
v -0.086799 0.810995 -0.130977
v -0.087679 0.727064 -0.130337
v -0.101423 0.813200 -0.142402
v -0.087679 0.810995 -0.130337
v -0.087679 0.814472 -0.125419
v -0.103395 0.813674 -0.141166
v -0.133260 0.813764 -0.107620
v -0.117543 0.814472 -0.095555
v -0.052394 0.810917 -0.169841
v -0.054632 0.724524 -0.168588
v -0.094635 0.727142 -0.148318
v -0.092306 0.813535 -0.149392
v -0.135273 0.053482 -0.109626
v -0.103491 0.050864 -0.141265
v -0.133942 0.813721 -0.107302
v -0.121581 0.814472 -0.089998
v -0.141394 0.813674 -0.100117
v -0.159431 0.813764 -0.058984
v -0.140755 0.814472 -0.052366
v -0.104073 0.810995 -0.141813
v -0.133937 0.810995 -0.111949
v -0.161965 0.053482 -0.060270
v -0.141516 0.050864 -0.100182
v -0.159981 0.813721 -0.058471
v -0.142878 0.814472 -0.045833
v -0.164848 0.813674 -0.049335
v -0.169291 0.813764 -0.004642
v -0.149485 0.814472 -0.004119
v -0.142239 0.810995 -0.100523
v -0.161413 0.810995 -0.062892
v -0.172099 0.053482 -0.005082
v -0.164984 0.050864 -0.049359
v -0.169656 0.813721 -0.003983
v -0.149485 0.814472 0.002750
v -0.171462 0.813674 0.006209
v -0.161876 0.813764 0.050088
v -0.142878 0.814472 0.044465
v -0.165777 0.810995 -0.049460
v -0.172384 0.810995 -0.007745
v -0.164683 0.053482 0.050538
v -0.171599 0.050864 0.006229
v -0.162020 0.813721 0.050827
v -0.140755 0.814472 0.050998
v -0.160588 0.813674 0.061079
v -0.137912 0.813764 0.099848
v -0.121581 0.814472 0.088630
v -0.172384 0.810995 0.006377
v -0.165777 0.810995 0.048092
v -0.140442 0.053482 0.101143
v -0.160712 0.050864 0.061140
v -0.137821 0.813721 0.100595
v -0.117543 0.814472 0.094187
v -0.133290 0.813674 0.109903
v -0.099744 0.813764 0.139768
v -0.087679 0.814472 0.124051
v -0.161413 0.810995 0.061524
v -0.142239 0.810995 0.099155
v -0.101750 0.053482 0.141781
v -0.133390 0.050864 0.109999
v -0.101352 0.813252 0.141160
v -0.087679 0.727064 0.128969
v -0.087679 0.810995 0.128969
v -0.086799 0.727064 0.129608
v -0.094608 0.727038 0.146695
v -0.093522 0.813597 0.144266
v -0.086799 0.810995 0.129608
v -0.082122 0.814472 0.128089
v -0.092241 0.813674 0.147902
v -0.051108 0.813764 0.165938
v -0.044490 0.814472 0.147263
v -0.133937 0.810995 0.110581
v -0.104073 0.810995 0.140445
v -0.085220 0.720110 0.126510
v -0.099155 0.652241 0.140445
v -0.085220 0.583689 0.126510
v -0.052394 0.053482 0.168473
v -0.054632 0.579275 0.167220
v -0.094635 0.576657 0.146950
v -0.092306 0.050864 0.148024
v -0.052135 0.810917 0.168389
v -0.051003 0.724505 0.166031
v -0.042971 0.727064 0.151940
v -0.042971 0.810995 0.151940
v -0.041936 0.727064 0.152276
v -0.044083 0.727038 0.170940
v -0.043800 0.813597 0.168294
v -0.041936 0.810995 0.152276
v -0.037957 0.814472 0.149386
v -0.041459 0.813674 0.171356
v 0.003234 0.813764 0.175799
v 0.003757 0.814472 0.155993
v -0.094635 0.810917 0.146950
v -0.092306 0.724524 0.148024
v -0.052394 0.727142 0.168473
v -0.054632 0.813535 0.167220
v 0.002794 0.053482 0.178607
v 0.000279 0.579275 0.178107
v -0.044030 0.576657 0.171191
v -0.041483 0.050864 0.171492
v 0.003015 0.810917 0.178447
v 0.003363 0.724505 0.175854
v 0.006648 0.727064 0.159971
v 0.006648 0.810995 0.159971
v 0.007736 0.727064 0.159971
v 0.011461 0.727038 0.178385
v 0.010913 0.813597 0.175781
v 0.007736 0.810995 0.159971
v 0.010626 0.814472 0.155993
v 0.014085 0.813674 0.177970
v 0.057964 0.813764 0.168384
v 0.052341 0.814472 0.149386
v -0.044030 0.810917 0.171191
v -0.041483 0.724524 0.171492
v 0.002794 0.727142 0.178607
v 0.000279 0.813535 0.178107
v 0.058414 0.053482 0.171191
v 0.055867 0.579275 0.171492
v 0.011589 0.576657 0.178607
v 0.014105 0.050864 0.178107
v 0.058574 0.810917 0.170970
v 0.058104 0.724505 0.168397
v 0.056320 0.727064 0.152276
v 0.056320 0.810995 0.152276
v 0.057354 0.727064 0.151940
v 0.066588 0.727038 0.168302
v 0.065261 0.813597 0.165995
v 0.057354 0.810995 0.151940
v 0.058874 0.814472 0.147263
v 0.068955 0.813674 0.167096
v 0.107724 0.813764 0.144420
v 0.096505 0.814472 0.128089
v 0.011589 0.810917 0.178607
v 0.014105 0.724524 0.178107
v 0.058414 0.727142 0.171191
v 0.055867 0.813535 0.171492
v 0.109019 0.053482 0.146950
v 0.106690 0.579275 0.148024
v 0.066778 0.576657 0.168473
v 0.069016 0.050864 0.167220
v 0.109103 0.810917 0.146691
v 0.107861 0.724505 0.144389
v 0.101182 0.727064 0.129608
v 0.101182 0.810995 0.129608
v 0.102063 0.727064 0.128969
v 0.115806 0.813200 0.141034
v 0.102063 0.810995 0.128969
v 0.102063 0.814472 0.124051
v 0.117779 0.813674 0.139798
v 0.147643 0.813764 0.106252
v 0.131927 0.814472 0.094187
v 0.066778 0.810917 0.168473
v 0.069016 0.724524 0.167220
v 0.109019 0.727142 0.146950
v 0.106690 0.813535 0.148024
v 0.149656 0.053482 0.108258
v 0.117875 0.050864 0.139897
v 0.148326 0.813721 0.105934
v 0.135965 0.814472 0.088630
v 0.155777 0.813674 0.098749
v 0.173814 0.813764 0.057616
v 0.155139 0.814472 0.050998
v 0.118457 0.810995 0.140445
v 0.148321 0.810995 0.110581
v 0.176349 0.053482 0.058902
v 0.175796 0.810995 0.061524
v 0.155900 0.050864 0.098814
v 0.156622 0.810995 0.099155
v 0.174365 0.813721 0.057103
v 0.157261 0.814472 0.044465
v 0.179232 0.813674 0.047967
v 0.183675 0.813764 0.003274
v 0.163868 0.814472 0.002750
v 0.186483 0.053482 0.003713
v 0.179368 0.050864 0.047991
v 0.184040 0.813721 0.002615
v 0.163868 0.814472 -0.004119
v 0.185846 0.813674 -0.007577
v 0.176260 0.813764 -0.051456
v 0.157261 0.814472 -0.045833
v 0.180161 0.810995 0.048092
v 0.186768 0.810995 0.006377
v 0.179067 0.053482 -0.051906
v 0.185982 0.050864 -0.007597
v 0.186768 0.810995 -0.007745
v 0.180161 0.810995 -0.049460
v 0.096505 0.723587 0.128089
v 0.106625 0.724386 0.147902
v 0.065492 0.724295 0.165938
v 0.058874 0.723587 0.147263
v 0.052341 0.723587 0.149386
v 0.055843 0.724386 0.171356
v 0.011149 0.724295 0.175799
v 0.010626 0.723587 0.155993
v 0.003757 0.723587 0.155993
v 0.000298 0.724386 0.177970
v -0.043581 0.724295 0.168384
v -0.037957 0.723587 0.149386
v -0.044490 0.723587 0.147263
v -0.054571 0.724386 0.167096
v -0.093340 0.724295 0.144420
v -0.082122 0.723587 0.128089
v -0.082122 0.723587 -0.129457
v -0.092241 0.724386 -0.149270
v -0.051108 0.724295 -0.167306
v -0.044490 0.723587 -0.148631
v -0.037957 0.723587 -0.150754
v -0.041459 0.724386 -0.172724
v 0.003234 0.724295 -0.177167
v 0.003757 0.723587 -0.157361
v 0.010626 0.723587 -0.157361
v 0.014085 0.724386 -0.179338
v 0.057964 0.724295 -0.169752
v 0.052341 0.723587 -0.150754
v 0.058874 0.723587 -0.148631
v 0.068955 0.724386 -0.168464
v 0.107724 0.724295 -0.145788
v 0.096505 0.723587 -0.129457
v 0.135800 0.051152 0.091650
v 0.154313 0.051251 0.100342
v 0.135800 0.051152 0.091650
v 0.136845 0.053404 0.094187
v 0.136789 0.053404 0.093474
v 0.136789 0.810995 0.093474
v 0.136845 0.810995 0.094187
v 0.136789 0.053404 0.093474
v 0.137484 0.053404 0.093307
v 0.134749 0.051152 0.093097
v 0.148663 0.051483 0.108046
v 0.134749 0.051152 0.093097
v 0.136789 0.810995 0.093474
v 0.137484 0.810995 0.093307
v 0.100973 0.051152 0.126873
v 0.115894 0.051251 0.140860
v 0.100973 0.051152 0.126873
v 0.101182 0.053404 0.129608
v 0.101349 0.053404 0.128913
v 0.101349 0.576735 0.128913
v 0.101182 0.576735 0.129608
v 0.101349 0.053404 0.128913
v 0.102063 0.053404 0.128969
v 0.102063 0.576735 0.128969
v 0.101349 0.576735 0.128913
v 0.099526 0.051152 0.127925
v 0.108139 0.051483 0.146441
v 0.099526 0.051152 0.127925
v 0.099526 0.578987 0.127925
v 0.108218 0.578888 0.146438
v 0.099526 0.578987 0.127925
v 0.100343 0.579866 0.127250
v 0.056966 0.051152 0.149610
v 0.066834 0.051251 0.167523
v 0.056966 0.051152 0.149610
v 0.056320 0.053404 0.152276
v 0.056693 0.053404 0.151666
v 0.056693 0.576735 0.151666
v 0.056320 0.576735 0.152276
v 0.056693 0.053404 0.151666
v 0.057354 0.053404 0.151940
v 0.057354 0.576735 0.151940
v 0.056693 0.576735 0.151666
v 0.055265 0.051152 0.150163
v 0.057734 0.051483 0.170435
v 0.055265 0.051152 0.150163
v 0.055265 0.578987 0.150163
v 0.057810 0.578888 0.170456
v 0.055265 0.578987 0.150163
v 0.056966 0.578987 0.149610
v 0.066883 0.578656 0.167462
v 0.056966 0.578987 0.149610
v 0.008086 0.051152 0.157635
v 0.011936 0.051251 0.177721
v 0.008086 0.051152 0.157635
v 0.006648 0.053404 0.159971
v 0.007192 0.053404 0.159506
v 0.007192 0.576735 0.159506
v 0.006648 0.576735 0.159971
v 0.007192 0.053404 0.159506
v 0.007736 0.053404 0.159971
v 0.007736 0.576735 0.159971
v 0.007192 0.576735 0.159506
v 0.006297 0.051152 0.157635
v 0.002382 0.051483 0.177678
v 0.006297 0.051152 0.157635
v 0.006297 0.578987 0.157635
v 0.002447 0.578888 0.177721
v 0.006297 0.578987 0.157635
v 0.008086 0.578987 0.157635
v 0.012001 0.578656 0.177678
v 0.008086 0.578987 0.157635
v -0.040881 0.051152 0.150163
v -0.043426 0.051251 0.170456
v -0.040881 0.051152 0.150163
v -0.042971 0.053404 0.151940
v -0.042310 0.053404 0.151666
v -0.042310 0.576735 0.151666
v -0.042971 0.576735 0.151940
v -0.042310 0.053404 0.151666
v -0.041936 0.053404 0.152276
v -0.041936 0.576735 0.152276
v -0.042310 0.576735 0.151666
v -0.042582 0.051152 0.149610
v -0.052499 0.051483 0.167462
v -0.042582 0.051152 0.149610
v -0.042582 0.578987 0.149610
v -0.052451 0.578888 0.167523
v -0.042582 0.578987 0.149610
v -0.040881 0.578987 0.150163
v -0.043351 0.578656 0.170435
v -0.040881 0.578987 0.150163
v -0.085142 0.051152 0.127925
v -0.093834 0.051251 0.146438
v -0.085142 0.051152 0.127925
v -0.087679 0.053404 0.128969
v -0.086966 0.053404 0.128913
v -0.086966 0.576735 0.128913
v -0.087679 0.576735 0.128969
v -0.086966 0.053404 0.128913
v -0.086799 0.053404 0.129608
v -0.086799 0.576735 0.129608
v -0.086966 0.576735 0.128913
v -0.086589 0.051152 0.126873
v -0.101538 0.051483 0.140787
v -0.086589 0.051152 0.126873
v -0.085960 0.579866 0.127250
v -0.085142 0.578987 0.127925
v -0.093756 0.578656 0.146441
v -0.085142 0.578987 0.127925
v -0.120365 0.051152 0.093097
v -0.134352 0.051251 0.108018
v -0.120365 0.051152 0.093097
v -0.123101 0.053404 0.093307
v -0.122405 0.053404 0.093474
v -0.122405 0.810995 0.093474
v -0.122405 0.053404 0.093474
v -0.122461 0.053404 0.094187
v -0.121417 0.051152 0.091650
v -0.139933 0.051483 0.100263
v -0.121417 0.051152 0.091650
v -0.123101 0.810995 0.093307
v -0.122405 0.810995 0.093474
v -0.122461 0.810995 0.094187
v -0.143102 0.051152 0.049090
v -0.161016 0.051251 0.058958
v -0.143102 0.051152 0.049090
v -0.145768 0.053404 0.048444
v -0.145158 0.053404 0.048818
v -0.145158 0.810995 0.048818
v -0.145158 0.053404 0.048818
v -0.145432 0.053404 0.049478
v -0.145432 0.810995 0.049478
v -0.145158 0.810995 0.048818
v -0.143655 0.051152 0.047389
v -0.163927 0.051483 0.049859
v -0.143655 0.051152 0.047389
v -0.145768 0.810995 0.048444
v -0.151127 0.051152 0.000210
v -0.171214 0.051251 0.004060
v -0.151127 0.051152 0.000210
v -0.153463 0.053404 -0.001228
v -0.152999 0.053404 -0.000684
v -0.152999 0.053404 -0.000684
v -0.153463 0.053404 -0.000140
v -0.153463 0.810995 -0.000140
v -0.151127 0.051152 -0.001578
v -0.171170 0.051483 -0.005494
v -0.151127 0.051152 -0.001578
v -0.153463 0.810995 -0.001228
v -0.152999 0.810995 -0.000684
v -0.152999 0.810995 -0.000684
v -0.143655 0.051152 -0.048757
v -0.163948 0.051251 -0.051302
v -0.143655 0.051152 -0.048757
v -0.145432 0.053404 -0.050847
v -0.145158 0.053404 -0.050186
v -0.145158 0.810995 -0.050186
v -0.145158 0.053404 -0.050186
v -0.145768 0.053404 -0.049812
v -0.145768 0.810995 -0.049812
v -0.145158 0.810995 -0.050186
v -0.143102 0.051152 -0.050458
v -0.160954 0.051483 -0.060375
v -0.143102 0.051152 -0.050458
v -0.145432 0.810995 -0.050847
v -0.121417 0.051152 -0.093018
v -0.139930 0.051251 -0.101710
v -0.121417 0.051152 -0.093018
v -0.122461 0.053404 -0.095555
v -0.122405 0.053404 -0.094842
v -0.122405 0.810995 -0.094842
v -0.122405 0.053404 -0.094842
v -0.123101 0.053404 -0.094675
v -0.122405 0.810995 -0.094842
v -0.120365 0.051152 -0.094465
v -0.134279 0.051483 -0.109414
v -0.120365 0.051152 -0.094465
v -0.122461 0.810995 -0.095555
v -0.123101 0.810995 -0.094675
v -0.086590 0.051152 -0.128241
v -0.101511 0.051251 -0.142228
v -0.086590 0.051152 -0.128241
v -0.086799 0.053404 -0.130977
v -0.086966 0.053404 -0.130281
v -0.086966 0.576735 -0.130281
v -0.086799 0.576735 -0.130977
v -0.086966 0.053404 -0.130281
v -0.087679 0.053404 -0.130337
v -0.087679 0.576735 -0.130337
v -0.086966 0.576735 -0.130281
v -0.085142 0.051152 -0.129293
v -0.093756 0.051483 -0.147809
v -0.085142 0.051152 -0.129293
v -0.085142 0.578987 -0.129293
v -0.093834 0.578888 -0.147806
v -0.085142 0.578987 -0.129293
v -0.085960 0.579866 -0.128618
v -0.042582 0.051152 -0.150978
v -0.052451 0.051251 -0.168892
v -0.042582 0.051152 -0.150978
v -0.041936 0.053404 -0.153644
v -0.042310 0.053404 -0.153034
v -0.042310 0.576735 -0.153034
v -0.041936 0.576735 -0.153644
v -0.042310 0.053404 -0.153034
v -0.042971 0.053404 -0.153308
v -0.042971 0.576735 -0.153308
v -0.042310 0.576735 -0.153034
v -0.040881 0.051152 -0.151531
v -0.043351 0.051483 -0.171803
v -0.040881 0.051152 -0.151531
v -0.040881 0.578987 -0.151531
v -0.043426 0.578888 -0.171824
v -0.040881 0.578987 -0.151531
v -0.042582 0.578987 -0.150978
v -0.052499 0.578656 -0.168830
v -0.042582 0.578987 -0.150978
v 0.006297 0.051152 -0.159003
v 0.002447 0.051251 -0.179090
v 0.006297 0.051152 -0.159003
v 0.007736 0.053404 -0.161339
v 0.007192 0.053404 -0.160875
v 0.007192 0.576735 -0.160875
v 0.007736 0.576735 -0.161339
v 0.007192 0.053404 -0.160875
v 0.006648 0.053404 -0.161339
v 0.006648 0.576735 -0.161339
v 0.007192 0.576735 -0.160875
v 0.008086 0.051152 -0.159003
v 0.012001 0.051483 -0.179046
v 0.008086 0.051152 -0.159003
v 0.008086 0.578987 -0.159003
v 0.011936 0.578888 -0.179090
v 0.008086 0.578987 -0.159003
v 0.006297 0.578987 -0.159003
v 0.002382 0.578656 -0.179046
v 0.006297 0.578987 -0.159003
v 0.055265 0.051152 -0.151531
v 0.057810 0.051251 -0.171824
v 0.055265 0.051152 -0.151531
v 0.057354 0.053404 -0.153308
v 0.056693 0.053404 -0.153034
v 0.056693 0.576735 -0.153034
v 0.057354 0.576735 -0.153308
v 0.056693 0.053404 -0.153034
v 0.056320 0.053404 -0.153644
v 0.056320 0.576735 -0.153644
v 0.056693 0.576735 -0.153034
v 0.056966 0.051152 -0.150978
v 0.066883 0.051483 -0.168830
v 0.056966 0.051152 -0.150978
v 0.056966 0.578987 -0.150978
v 0.066834 0.578888 -0.168892
v 0.056966 0.578987 -0.150978
v 0.055265 0.578987 -0.151531
v 0.057734 0.578656 -0.171803
v 0.055265 0.578987 -0.151531
v 0.099526 0.051152 -0.129293
v 0.108218 0.051251 -0.147806
v 0.099526 0.051152 -0.129293
v 0.102063 0.053404 -0.130337
v 0.101349 0.053404 -0.130281
v 0.101349 0.576735 -0.130281
v 0.102063 0.576735 -0.130337
v 0.101349 0.053404 -0.130281
v 0.101182 0.053404 -0.130977
v 0.101182 0.576735 -0.130977
v 0.101349 0.576735 -0.130281
v 0.100973 0.051152 -0.128241
v 0.115921 0.051483 -0.142155
v 0.100973 0.051152 -0.128241
v 0.100343 0.579866 -0.128618
v 0.099526 0.578987 -0.129293
v 0.108139 0.578656 -0.147809
v 0.099526 0.578987 -0.129293
v 0.134749 0.051152 -0.094465
v 0.148736 0.051251 -0.109386
v 0.134749 0.051152 -0.094465
v 0.137484 0.053404 -0.094675
v 0.136789 0.053404 -0.094842
v 0.136789 0.053404 -0.094842
v 0.136845 0.053404 -0.095555
v 0.135801 0.051152 -0.093018
v 0.154317 0.051483 -0.101632
v 0.135801 0.051152 -0.093018
v 0.137484 0.810995 -0.094675
v 0.136789 0.810995 -0.094842
v 0.136789 0.810995 -0.094842
v 0.136845 0.810995 -0.095555
v 0.157486 0.051152 -0.050458
v 0.175399 0.051251 -0.060327
v 0.157486 0.051152 -0.050458
v 0.160152 0.053404 -0.049812
v 0.159542 0.053404 -0.050186
v 0.159542 0.053404 -0.050186
v 0.159816 0.053404 -0.050847
v 0.159816 0.810995 -0.050847
v 0.159542 0.810995 -0.050186
v 0.158039 0.051152 -0.048757
v 0.178310 0.051483 -0.051227
v 0.158039 0.051152 -0.048757
v 0.160152 0.810995 -0.049812
v 0.159542 0.810995 -0.050186
v 0.165511 0.051152 -0.001578
v 0.185597 0.051251 -0.005428
v 0.165511 0.051152 -0.001578
v 0.167847 0.053404 -0.000140
v 0.167382 0.053404 -0.000684
v 0.167847 0.810995 -0.000140
v 0.167382 0.053404 -0.000684
v 0.167847 0.053404 -0.001228
v 0.167847 0.810995 -0.001228
v 0.165511 0.051152 0.000210
v 0.185554 0.051483 0.004126
v 0.165511 0.051152 0.000210
v 0.167382 0.810995 -0.000684
v 0.167382 0.810995 -0.000684
v 0.158039 0.051152 0.047389
v 0.178331 0.051251 0.049934
v 0.158039 0.051152 0.047389
v 0.159816 0.053404 0.049478
v 0.159542 0.053404 0.048818
v 0.159542 0.810995 0.048818
v 0.159542 0.053404 0.048818
v 0.160152 0.053404 0.048444
v 0.157486 0.051152 0.049090
v 0.175338 0.051483 0.059007
v 0.157486 0.051152 0.049090
v 0.159816 0.810995 0.049478
v 0.159542 0.810995 0.048818
v 0.160152 0.810995 0.048444
v 0.176005 0.810995 -0.060239
v 0.175336 0.051487 -0.060352
v 0.154366 0.051343 -0.101520
v 0.175396 0.051491 -0.060547
v 0.154487 0.051482 -0.101590
v 0.154599 0.810995 -0.102252
v 0.135801 0.813247 -0.093018
v 0.135801 0.813247 -0.093018
v 0.134749 0.813247 -0.094465
v 0.148663 0.812917 -0.109414
v 0.134749 0.813247 -0.094465
v 0.154266 0.813009 -0.101426
v 0.175276 0.813056 -0.060481
v 0.154490 0.812909 -0.101578
v 0.154599 0.810995 -0.102252
v 0.158039 0.813247 -0.048757
v 0.158039 0.813247 -0.048757
v 0.157486 0.813247 -0.050458
v 0.175338 0.812917 -0.060375
v 0.157486 0.813247 -0.050458
v 0.176005 0.810995 -0.060239
v 0.148668 0.051487 -0.109391
v 0.116003 0.051343 -0.142064
v 0.148665 0.051491 -0.109595
v 0.115998 0.810995 -0.142832
v 0.116096 0.051482 -0.142168
v 0.115998 0.810995 -0.142832
v 0.100973 0.813247 -0.128241
v 0.100973 0.813247 -0.128241
v 0.101182 0.810995 -0.130977
v 0.101349 0.810995 -0.130281
v 0.101349 0.727064 -0.130281
v 0.101182 0.727064 -0.130977
v 0.101349 0.810995 -0.130281
v 0.102063 0.810995 -0.130337
v 0.102063 0.727064 -0.130337
v 0.101349 0.727064 -0.130281
v 0.099526 0.813247 -0.129293
v 0.108139 0.812917 -0.147809
v 0.099526 0.813247 -0.129293
v 0.115937 0.813009 -0.141944
v 0.148572 0.813056 -0.109495
v 0.116102 0.812909 -0.142157
v 0.149340 0.810995 -0.109490
v 0.149340 0.810995 -0.109490
v 0.108098 0.578656 -0.147980
v 0.108151 0.051487 -0.147789
v 0.066989 0.051343 -0.168769
v 0.108086 0.051491 -0.147982
v 0.066860 0.578652 -0.168828
v 0.067045 0.051482 -0.168897
v 0.056966 0.813247 -0.150978
v 0.066834 0.813149 -0.168892
v 0.056966 0.813247 -0.150978
v 0.056320 0.810995 -0.153644
v 0.056693 0.810995 -0.153034
v 0.056693 0.727064 -0.153034
v 0.056320 0.727064 -0.153644
v 0.056693 0.810995 -0.153034
v 0.057354 0.810995 -0.153308
v 0.057354 0.727064 -0.153308
v 0.056693 0.727064 -0.153034
v 0.055265 0.813247 -0.151531
v 0.057735 0.812917 -0.171803
v 0.055265 0.813247 -0.151531
v 0.067045 0.725143 -0.168897
v 0.066860 0.812912 -0.168828
v 0.108028 0.813056 -0.147858
v 0.067054 0.812909 -0.168888
v 0.108028 0.578796 -0.147858
v 0.067054 0.578648 -0.168888
v 0.108151 0.725148 -0.147789
v 0.108098 0.812917 -0.147980
v 0.057642 0.578656 -0.171952
v 0.057752 0.051487 -0.171787
v 0.012121 0.051343 -0.179020
v 0.057630 0.051491 -0.171951
v 0.011980 0.578652 -0.179037
v 0.012135 0.051482 -0.179160
v 0.008086 0.813247 -0.159003
v 0.011936 0.813149 -0.179089
v 0.008086 0.813247 -0.159003
v 0.006648 0.810995 -0.161339
v 0.007192 0.810995 -0.160875
v 0.007192 0.727064 -0.160875
v 0.006648 0.727064 -0.161339
v 0.007192 0.810995 -0.160875
v 0.007736 0.810995 -0.161339
v 0.007736 0.727064 -0.161339
v 0.007192 0.727064 -0.160875
v 0.006297 0.813247 -0.159003
v 0.002382 0.812917 -0.179046
v 0.006297 0.813247 -0.159003
v 0.012135 0.725143 -0.179160
v 0.011980 0.812912 -0.179037
v 0.057613 0.813056 -0.171815
v 0.012146 0.812909 -0.179154
v 0.057613 0.578796 -0.171815
v 0.012147 0.578648 -0.179154
v 0.057752 0.725148 -0.171787
v 0.057642 0.812917 -0.171952
v 0.002248 0.578656 -0.179160
v 0.002404 0.051487 -0.179037
v -0.043229 0.051343 -0.171815
v 0.002237 0.051491 -0.179154
v -0.043368 0.578652 -0.171787
v -0.043259 0.051482 -0.171952
v -0.040881 0.813247 -0.151531
v -0.043426 0.813149 -0.171824
v -0.040881 0.813247 -0.151531
v -0.042971 0.810995 -0.153308
v -0.042310 0.810995 -0.153034
v -0.042310 0.727064 -0.153034
v -0.042971 0.727064 -0.153308
v -0.042310 0.810995 -0.153034
v -0.041936 0.810995 -0.153644
v -0.041936 0.727064 -0.153644
v -0.042310 0.727064 -0.153034
v -0.042582 0.813247 -0.150978
v -0.052499 0.812917 -0.168830
v -0.042582 0.813247 -0.150978
v -0.043259 0.725143 -0.171952
v -0.043368 0.812912 -0.171787
v 0.002263 0.813056 -0.179020
v -0.043246 0.812909 -0.171951
v 0.002263 0.578796 -0.179020
v -0.043246 0.578648 -0.171950
v 0.002404 0.725148 -0.179037
v 0.002249 0.812917 -0.179160
v -0.052662 0.578656 -0.168897
v -0.052476 0.051487 -0.168828
v -0.093644 0.051343 -0.147858
v -0.052671 0.051491 -0.168888
v -0.093767 0.578652 -0.147789
v -0.093714 0.051482 -0.147980
v -0.085142 0.813247 -0.129293
v -0.093834 0.813149 -0.147806
v -0.085142 0.813247 -0.129293
v -0.087679 0.810995 -0.130337
v -0.086966 0.810995 -0.130281
v -0.086966 0.727064 -0.130281
v -0.087679 0.727064 -0.130337
v -0.086966 0.810995 -0.130281
v -0.086799 0.810995 -0.130977
v -0.086799 0.727064 -0.130977
v -0.086966 0.727064 -0.130281
v -0.086590 0.813247 -0.128241
v -0.101538 0.812917 -0.142155
v -0.086590 0.813247 -0.128241
v -0.093714 0.725143 -0.147980
v -0.093767 0.812912 -0.147789
v -0.052605 0.813056 -0.168769
v -0.093702 0.812909 -0.147982
v -0.052605 0.578796 -0.168769
v -0.093702 0.578648 -0.147982
v -0.052476 0.725148 -0.168828
v -0.052662 0.812917 -0.168897
v -0.101614 0.810995 -0.142832
v -0.101515 0.051487 -0.142160
v -0.101614 0.810995 -0.142832
v -0.134188 0.051343 -0.109495
v -0.101719 0.051491 -0.142157
v -0.134292 0.051482 -0.109589
v -0.134956 0.810995 -0.109490
v -0.120365 0.813247 -0.094465
v -0.120365 0.813247 -0.094465
v -0.121417 0.813247 -0.093018
v -0.139933 0.812917 -0.101632
v -0.121417 0.813247 -0.093018
v -0.134068 0.813009 -0.109429
v -0.101619 0.813056 -0.142064
v -0.134282 0.812909 -0.109595
v -0.134956 0.810995 -0.109490
v -0.140215 0.810995 -0.102252
v -0.139913 0.051487 -0.101643
v -0.160893 0.051343 -0.060481
v -0.140106 0.051491 -0.101578
v -0.161622 0.810995 -0.060239
v -0.161021 0.051482 -0.060537
v -0.143102 0.813247 -0.050458
v -0.143102 0.813247 -0.050458
v -0.143655 0.813247 -0.048757
v -0.163927 0.812917 -0.051227
v -0.143655 0.813247 -0.048757
v -0.160758 0.813009 -0.060455
v -0.139982 0.813056 -0.101520
v -0.161013 0.812909 -0.060547
v -0.161622 0.810995 -0.060239
v -0.140215 0.810995 -0.102252
v -0.164386 0.810995 -0.051729
v -0.163911 0.051487 -0.051244
v -0.164386 0.810995 -0.051729
v -0.171144 0.051343 -0.005613
v -0.164075 0.051491 -0.051122
v -0.171284 0.051482 -0.005627
v -0.151127 0.813247 -0.001578
v -0.151127 0.813247 -0.001578
v -0.151127 0.813247 0.000210
v -0.171170 0.812917 0.004126
v -0.151127 0.813247 0.000210
v -0.171008 0.813009 -0.005631
v -0.163939 0.813056 -0.051105
v -0.171279 0.812909 -0.005639
v -0.171763 0.810995 -0.005158
v -0.171763 0.810995 -0.005158
v -0.171161 0.051487 0.004104
v -0.171763 0.810995 0.003789
v -0.163939 0.051343 0.049737
v -0.171278 0.051491 0.004271
v -0.164386 0.810995 0.050361
v -0.164076 0.051482 0.049767
v -0.164386 0.810995 0.050361
v -0.143655 0.813247 0.047389
v -0.143655 0.813247 0.047389
v -0.143102 0.813247 0.049090
v -0.160954 0.812917 0.059007
v -0.143102 0.813247 0.049090
v -0.163815 0.813009 0.049678
v -0.171144 0.813056 0.004245
v -0.164075 0.812909 0.049754
v -0.171763 0.810995 0.003789
v -0.160952 0.051487 0.058984
v -0.139982 0.051343 0.100152
v -0.161012 0.051491 0.059178
v -0.140215 0.810995 0.100884
v -0.140104 0.051482 0.100222
v -0.140215 0.810995 0.100884
v -0.121417 0.813247 0.091650
v -0.121417 0.813247 0.091650
v -0.120365 0.813247 0.093097
v -0.134279 0.812917 0.108046
v -0.120365 0.813247 0.093097
v -0.139883 0.813009 0.100057
v -0.160893 0.813056 0.059113
v -0.140106 0.812909 0.100210
v -0.161622 0.810995 0.058870
v -0.161622 0.810995 0.058870
v -0.134284 0.051487 0.108023
v -0.101619 0.051343 0.140696
v -0.134281 0.051491 0.108227
v -0.101614 0.810995 0.141464
v -0.101713 0.051482 0.140800
v -0.101614 0.810995 0.141464
v -0.086589 0.813247 0.126873
v -0.086589 0.813247 0.126873
v -0.086799 0.810995 0.129608
v -0.086966 0.810995 0.128913
v -0.086966 0.727064 0.128913
v -0.086799 0.727064 0.129608
v -0.086966 0.810995 0.128913
v -0.087679 0.810995 0.128969
v -0.087679 0.727064 0.128969
v -0.086966 0.727064 0.128913
v -0.085142 0.813247 0.127925
v -0.093756 0.812917 0.146441
v -0.085142 0.813247 0.127925
v -0.101554 0.813009 0.140575
v -0.134188 0.813056 0.108127
v -0.101719 0.812909 0.140789
v -0.134956 0.810995 0.108122
v -0.134956 0.810995 0.108122
v -0.093714 0.578656 0.146611
v -0.093768 0.051487 0.146421
v -0.052605 0.051343 0.167401
v -0.093702 0.051491 0.146614
v -0.052476 0.578652 0.167460
v -0.052662 0.051482 0.167529
v -0.042582 0.813247 0.149610
v -0.052451 0.813149 0.167523
v -0.042582 0.813247 0.149610
v -0.041936 0.810995 0.152276
v -0.042310 0.810995 0.151666
v -0.042310 0.727064 0.151666
v -0.041936 0.727064 0.152276
v -0.042310 0.810995 0.151666
v -0.042971 0.810995 0.151940
v -0.042971 0.727064 0.151940
v -0.042310 0.727064 0.151666
v -0.040881 0.813247 0.150163
v -0.043351 0.812917 0.170435
v -0.040881 0.813247 0.150163
v -0.052662 0.725143 0.167529
v -0.052476 0.812912 0.167460
v -0.093644 0.813056 0.146490
v -0.052671 0.812909 0.167520
v -0.093644 0.578796 0.146490
v -0.052671 0.578648 0.167520
v -0.093768 0.725148 0.146421
v -0.093714 0.812917 0.146611
v -0.043259 0.578656 0.170584
v -0.043368 0.051487 0.170419
v 0.002263 0.051343 0.177652
v -0.043246 0.051491 0.170582
v 0.002404 0.578652 0.177668
v 0.002249 0.051482 0.177792
v 0.006297 0.813247 0.157635
v 0.002447 0.813149 0.177721
v 0.006297 0.813247 0.157635
v 0.007736 0.810995 0.159971
v 0.007192 0.810995 0.159506
v 0.007192 0.727064 0.159506
v 0.007736 0.727064 0.159971
v 0.007192 0.810995 0.159506
v 0.006648 0.810995 0.159971
v 0.006648 0.727064 0.159971
v 0.007192 0.727064 0.159506
v 0.008086 0.813247 0.157635
v 0.012001 0.812917 0.177678
v 0.008086 0.813247 0.157635
v 0.002248 0.725143 0.177792
v 0.002404 0.812912 0.177669
v -0.043229 0.813056 0.170447
v 0.002237 0.812909 0.177786
v -0.043229 0.578796 0.170447
v 0.002237 0.578648 0.177786
v -0.043368 0.725148 0.170419
v -0.043259 0.812917 0.170584
v 0.012135 0.578656 0.177792
v 0.011980 0.051487 0.177668
v 0.057613 0.051343 0.170447
v 0.012146 0.051491 0.177786
v 0.057752 0.578652 0.170419
v 0.057642 0.051482 0.170584
v 0.055264 0.813247 0.150163
v 0.057810 0.813149 0.170456
v 0.055264 0.813247 0.150163
v 0.057354 0.810995 0.151940
v 0.056693 0.810995 0.151666
v 0.056693 0.727064 0.151666
v 0.057354 0.727064 0.151940
v 0.056693 0.810995 0.151666
v 0.056320 0.810995 0.152276
v 0.056320 0.727064 0.152276
v 0.056693 0.727064 0.151666
v 0.056966 0.813247 0.149610
v 0.066883 0.812917 0.167462
v 0.056966 0.813247 0.149610
v 0.057642 0.725143 0.170584
v 0.057752 0.812912 0.170419
v 0.012121 0.813056 0.177652
v 0.057630 0.812909 0.170582
v 0.012121 0.578796 0.177652
v 0.057630 0.578648 0.170582
v 0.011980 0.725148 0.177668
v 0.012135 0.812917 0.177792
v 0.067045 0.578656 0.167529
v 0.066860 0.051487 0.167460
v 0.108028 0.051343 0.146490
v 0.067054 0.051491 0.167520
v 0.108151 0.578652 0.146421
v 0.108098 0.051482 0.146611
v 0.099526 0.813247 0.127925
v 0.108217 0.813149 0.146438
v 0.099526 0.813247 0.127925
v 0.102063 0.810995 0.128969
v 0.101349 0.810995 0.128913
v 0.101349 0.727064 0.128913
v 0.102063 0.727064 0.128969
v 0.101349 0.810995 0.128913
v 0.101182 0.810995 0.129608
v 0.101182 0.727064 0.129608
v 0.101349 0.727064 0.128913
v 0.100973 0.813247 0.126873
v 0.115921 0.812917 0.140787
v 0.100973 0.813247 0.126873
v 0.108098 0.725143 0.146611
v 0.108151 0.812912 0.146421
v 0.066988 0.813056 0.167401
v 0.108086 0.812909 0.146614
v 0.066988 0.578796 0.167401
v 0.108085 0.578648 0.146614
v 0.066860 0.725148 0.167460
v 0.067045 0.812917 0.167529
v 0.115998 0.810995 0.141464
v 0.115898 0.051487 0.140792
v 0.115998 0.810995 0.141464
v 0.148572 0.051343 0.108127
v 0.116102 0.051491 0.140789
v 0.148676 0.051482 0.108221
v 0.149340 0.810995 0.108122
v 0.134749 0.813247 0.093097
v 0.134749 0.813247 0.093097
v 0.135800 0.813247 0.091650
v 0.154317 0.812917 0.100264
v 0.135800 0.813247 0.091650
v 0.148451 0.813009 0.108061
v 0.116003 0.813056 0.140696
v 0.148665 0.812909 0.108227
v 0.149340 0.810995 0.108122
v 0.175276 0.051343 0.059113
v 0.154490 0.051491 0.100210
v 0.154598 0.810995 0.100884
v 0.154296 0.051487 0.100275
v 0.175396 0.812909 0.059178
v 0.154366 0.813056 0.100152
v 0.175142 0.813009 0.059087
v 0.154598 0.810995 0.100884
v 0.175405 0.051482 0.059169
v 0.176005 0.810995 0.058870
v 0.157486 0.813247 0.049090
v 0.157486 0.813247 0.049090
v 0.158039 0.813247 0.047389
v 0.178310 0.812917 0.049859
v 0.158039 0.813247 0.047389
v 0.176005 0.810995 0.058870
v 0.178770 0.810995 0.050361
v 0.178295 0.051487 0.049876
v 0.178770 0.810995 0.050361
v 0.185528 0.051343 0.004245
v 0.178458 0.051491 0.049754
v 0.186146 0.810995 0.003789
v 0.185667 0.051482 0.004259
v 0.186146 0.810995 0.003789
v 0.165511 0.813247 0.000210
v 0.165511 0.813247 0.000210
v 0.165511 0.813247 -0.001578
v 0.185554 0.812917 -0.005494
v 0.165511 0.813247 -0.001578
v 0.185392 0.813009 0.004263
v 0.178323 0.813056 0.049737
v 0.185662 0.812909 0.004271
v 0.186146 0.810995 -0.005158
v 0.185544 0.051487 -0.005472
v 0.178323 0.051343 -0.051105
v 0.185662 0.051491 -0.005639
v 0.178770 0.810995 -0.051729
v 0.178460 0.051482 -0.051135
v 0.178199 0.813009 -0.051046
v 0.185528 0.813056 -0.005613
v 0.178458 0.812909 -0.051122
v 0.178770 0.810995 -0.051729
v 0.186146 0.810995 -0.005158
v 0.099526 0.724812 0.127925
v 0.108139 0.725143 0.146441
v 0.099526 0.724812 0.127925
v 0.067054 0.725151 0.167520
v 0.108028 0.725004 0.146490
v 0.056966 0.724812 0.149610
v 0.066834 0.724911 0.167523
v 0.056966 0.724812 0.149610
v 0.055264 0.724812 0.150163
v 0.057734 0.725143 0.170435
v 0.055264 0.724812 0.150163
v 0.012147 0.725151 0.177786
v 0.057613 0.725004 0.170447
v 0.008086 0.724812 0.157635
v 0.011936 0.724911 0.177721
v 0.008086 0.724812 0.157635
v 0.006297 0.724812 0.157635
v 0.002382 0.725143 0.177678
v 0.006297 0.724812 0.157635
v -0.043246 0.725151 0.170582
v 0.002263 0.725004 0.177652
v -0.040881 0.724812 0.150163
v -0.043426 0.724911 0.170456
v -0.040881 0.724812 0.150163
v -0.042582 0.724812 0.149610
v -0.052499 0.725143 0.167462
v -0.042582 0.724812 0.149610
v -0.093702 0.725151 0.146614
v -0.052605 0.725004 0.167401
v -0.085142 0.724812 0.127925
v -0.093834 0.724911 0.146438
v -0.085142 0.724812 0.127925
v -0.085960 0.723933 0.127250
v -0.085960 0.723933 -0.128618
v -0.085142 0.724812 -0.129293
v -0.093756 0.725143 -0.147809
v -0.085142 0.724812 -0.129293
v -0.052671 0.725151 -0.168888
v -0.093644 0.725004 -0.147858
v -0.042582 0.724812 -0.150978
v -0.052451 0.724911 -0.168892
v -0.042582 0.724812 -0.150978
v -0.040881 0.724812 -0.151531
v -0.043351 0.725143 -0.171803
v -0.040881 0.724812 -0.151531
v 0.002237 0.725151 -0.179154
v -0.043229 0.725004 -0.171815
v 0.006297 0.724812 -0.159003
v 0.002447 0.724911 -0.179090
v 0.006297 0.724812 -0.159003
v 0.008086 0.724812 -0.159003
v 0.012001 0.725143 -0.179046
v 0.008086 0.724812 -0.159003
v 0.057630 0.725151 -0.171950
v 0.012121 0.725004 -0.179020
v 0.055265 0.724812 -0.151531
v 0.057810 0.724911 -0.171824
v 0.055265 0.724812 -0.151531
v 0.056966 0.724812 -0.150978
v 0.066883 0.725143 -0.168830
v 0.056966 0.724812 -0.150978
v 0.108085 0.725151 -0.147982
v 0.066988 0.725004 -0.168769
v 0.099526 0.724812 -0.129293
v 0.108218 0.724911 -0.147806
v 0.099526 0.724812 -0.129293
v 0.100343 0.723933 -0.128618
v 0.100343 0.723933 0.127250
v 0.134749 0.051152 0.093097
v 0.135965 0.049927 0.088630
v 0.135850 0.051102 0.091779
v 0.137605 0.052724 0.094067
v 0.099526 0.051152 0.127925
v 0.102063 0.049927 0.124051
v 0.100981 0.051102 0.127011
v 0.101943 0.052724 0.129729
v 0.100334 0.579914 0.127347
v 0.096505 0.580212 0.128089
v 0.099526 0.578987 0.127925
v 0.101820 0.577233 0.129783
v 0.055265 0.051152 0.150163
v 0.058874 0.049927 0.147263
v 0.056930 0.051102 0.149744
v 0.057005 0.052724 0.152626
v 0.056966 0.578987 0.149610
v 0.052341 0.580212 0.149386
v 0.055372 0.579037 0.150250
v 0.057005 0.577415 0.152626
v 0.006297 0.051152 0.157635
v 0.010626 0.049927 0.155993
v 0.008011 0.051102 0.157752
v 0.007192 0.052724 0.160516
v 0.008086 0.578987 0.157635
v 0.003757 0.580212 0.155993
v 0.006372 0.579037 0.157752
v 0.007192 0.577415 0.160516
v -0.042582 0.051152 0.149610
v -0.037957 0.049927 0.149386
v -0.040988 0.051102 0.150250
v -0.042622 0.052724 0.152626
v -0.040881 0.578987 0.150163
v -0.044490 0.580212 0.147263
v -0.042547 0.579037 0.149744
v -0.042622 0.577415 0.152626
v -0.086589 0.051152 0.126873
v -0.082122 0.049927 0.128089
v -0.085271 0.051102 0.127975
v -0.087559 0.052724 0.129729
v -0.085142 0.578987 0.127925
v -0.085220 0.583689 0.126510
v -0.086085 0.579662 0.127454
v -0.087437 0.577233 0.129783
v -0.121417 0.051152 0.091650
v -0.117543 0.049927 0.094187
v -0.120504 0.051102 0.093105
v -0.123222 0.052724 0.094067
v -0.143655 0.051152 0.047389
v -0.140755 0.049927 0.050998
v -0.143236 0.051102 0.049054
v -0.146118 0.052724 0.049129
v -0.151127 0.051152 -0.001578
v -0.149485 0.049927 0.002750
v -0.151244 0.051102 0.000135
v -0.154008 0.052724 -0.000684
v -0.143102 0.051152 -0.050458
v -0.142878 0.049927 -0.045833
v -0.143743 0.051102 -0.048864
v -0.146118 0.052724 -0.050498
v -0.120365 0.051152 -0.094465
v -0.121581 0.049927 -0.089998
v -0.121467 0.051102 -0.093147
v -0.123222 0.052724 -0.095435
v -0.085142 0.051152 -0.129293
v -0.087679 0.049927 -0.125419
v -0.086597 0.051102 -0.128380
v -0.087559 0.052724 -0.131097
v -0.085950 0.579914 -0.128715
v -0.082122 0.580212 -0.129457
v -0.085142 0.578987 -0.129293
v -0.087437 0.577233 -0.131151
v -0.040881 0.051152 -0.151531
v -0.044490 0.049927 -0.148631
v -0.042547 0.051102 -0.151112
v -0.042622 0.052724 -0.153994
v -0.042582 0.578987 -0.150978
v -0.037957 0.580212 -0.150754
v -0.040988 0.579037 -0.151619
v -0.042622 0.577415 -0.153994
v 0.008086 0.051152 -0.159003
v 0.003757 0.049927 -0.157361
v 0.006372 0.051102 -0.159120
v 0.007192 0.052724 -0.161884
v 0.006297 0.578987 -0.159003
v 0.010626 0.580212 -0.157361
v 0.008011 0.579037 -0.159120
v 0.007192 0.577415 -0.161884
v 0.056966 0.051152 -0.150978
v 0.052341 0.049927 -0.150754
v 0.055372 0.051102 -0.151618
v 0.057005 0.052724 -0.153994
v 0.055265 0.578987 -0.151531
v 0.058874 0.580212 -0.148631
v 0.056930 0.579037 -0.151112
v 0.057005 0.577415 -0.153994
v 0.100973 0.051152 -0.128241
v 0.096505 0.049927 -0.129457
v 0.099655 0.051102 -0.129343
v 0.101943 0.052724 -0.131098
v 0.099526 0.578987 -0.129293
v 0.099604 0.583689 -0.127878
v 0.100469 0.579662 -0.128822
v 0.101821 0.577233 -0.131151
v 0.135801 0.051152 -0.093018
v 0.131927 0.049927 -0.095555
v 0.134887 0.051102 -0.094473
v 0.137605 0.052724 -0.095435
v 0.158039 0.051152 -0.048757
v 0.155139 0.049927 -0.052366
v 0.157620 0.051102 -0.050423
v 0.160502 0.052724 -0.050498
v 0.165511 0.051152 0.000210
v 0.163868 0.049927 -0.004119
v 0.165627 0.051102 -0.001503
v 0.168392 0.052724 -0.000684
v 0.157486 0.051152 0.049090
v 0.157261 0.049927 0.044465
v 0.158126 0.051102 0.047496
v 0.160502 0.052724 0.049129
v 0.134749 0.813247 -0.094465
v 0.135965 0.814472 -0.089998
v 0.135851 0.813298 -0.093147
v 0.137605 0.811675 -0.095435
v 0.154390 0.812977 -0.101601
v 0.157486 0.813247 -0.050458
v 0.157261 0.814472 -0.045833
v 0.158126 0.813298 -0.048864
v 0.160502 0.811675 -0.050498
v 0.175357 0.812977 -0.060452
v 0.099526 0.813247 -0.129293
v 0.102063 0.814472 -0.125419
v 0.100981 0.813298 -0.128380
v 0.101943 0.811675 -0.131098
v 0.148657 0.812977 -0.109493
v 0.055265 0.813247 -0.151531
v 0.058874 0.814472 -0.148631
v 0.056930 0.813298 -0.151112
v 0.057005 0.811675 -0.153994
v 0.006297 0.813247 -0.159003
v 0.010626 0.814472 -0.157361
v 0.008011 0.813298 -0.159120
v 0.007192 0.811675 -0.161884
v -0.042582 0.813247 -0.150978
v -0.037957 0.814472 -0.150754
v -0.040988 0.813298 -0.151619
v -0.042622 0.811675 -0.153994
v -0.086590 0.813247 -0.128241
v -0.082122 0.814472 -0.129457
v -0.085272 0.813298 -0.129343
v -0.087559 0.811675 -0.131097
v -0.121417 0.813247 -0.093018
v -0.117543 0.814472 -0.095555
v -0.120504 0.813298 -0.094473
v -0.123222 0.811675 -0.095435
v -0.134273 0.812977 -0.109493
v -0.143655 0.813247 -0.048757
v -0.140755 0.814472 -0.052366
v -0.143236 0.813298 -0.050423
v -0.146118 0.811675 -0.050498
v -0.160973 0.812977 -0.060452
v -0.140007 0.812977 -0.101601
v -0.151127 0.813247 0.000210
v -0.149485 0.814472 -0.004119
v -0.151244 0.813298 -0.001503
v -0.154008 0.811675 -0.000684
v -0.171212 0.812977 -0.005561
v -0.163987 0.812977 -0.051175
v -0.143102 0.813247 0.049090
v -0.142878 0.814472 0.044465
v -0.143743 0.813298 0.047496
v -0.146118 0.811675 0.049129
v -0.163987 0.812977 0.049807
v -0.171212 0.812977 0.004193
v -0.120365 0.813247 0.093097
v -0.121581 0.814472 0.088630
v -0.121467 0.813298 0.091779
v -0.123222 0.811675 0.094067
v -0.140007 0.812977 0.100233
v -0.160973 0.812977 0.059084
v -0.085142 0.813247 0.127925
v -0.087679 0.814472 0.124051
v -0.086597 0.813298 0.127012
v -0.087559 0.811675 0.129729
v -0.134273 0.812977 0.108125
v -0.040881 0.813247 0.150163
v -0.044490 0.814472 0.147263
v -0.042547 0.813298 0.149744
v -0.042622 0.811675 0.152626
v 0.008086 0.813247 0.157635
v 0.003757 0.814472 0.155993
v 0.006373 0.813298 0.157752
v 0.007192 0.811675 0.160516
v 0.056966 0.813247 0.149610
v 0.052341 0.814472 0.149386
v 0.055372 0.813298 0.150250
v 0.057005 0.811675 0.152626
v 0.100973 0.813247 0.126873
v 0.096505 0.814472 0.128089
v 0.099655 0.813298 0.127975
v 0.101943 0.811675 0.129729
v 0.135800 0.813247 0.091650
v 0.131927 0.814472 0.094187
v 0.134887 0.813298 0.093105
v 0.137605 0.811675 0.094067
v 0.148657 0.812977 0.108125
v 0.154390 0.812977 0.100233
v 0.158039 0.813247 0.047389
v 0.155139 0.814472 0.050998
v 0.157620 0.813298 0.049054
v 0.160502 0.811675 0.049129
v 0.175357 0.812977 0.059084
v 0.165511 0.813247 -0.001578
v 0.163868 0.814472 0.002750
v 0.165627 0.813298 0.000135
v 0.168392 0.811675 -0.000684
v 0.185596 0.812977 0.004193
v 0.178371 0.812977 0.049807
v 0.178371 0.812977 -0.051175
v 0.185596 0.812977 -0.005561
v 0.055264 0.724812 0.150163
v 0.058874 0.723587 0.147263
v 0.056930 0.724762 0.149744
v 0.057005 0.726385 0.152626
v 0.006297 0.724812 0.157635
v 0.010626 0.723587 0.155993
v 0.008011 0.724762 0.157752
v 0.007192 0.726385 0.160516
v -0.042582 0.724812 0.149610
v -0.037957 0.723587 0.149386
v -0.040988 0.724762 0.150250
v -0.042622 0.726385 0.152626
v -0.085950 0.723885 0.127347
v -0.082122 0.723587 0.128089
v -0.085142 0.724812 0.127925
v -0.087437 0.726566 0.129783
v -0.085142 0.724812 -0.129293
v -0.085220 0.720110 -0.127878
v -0.086085 0.724137 -0.128822
v -0.087437 0.726566 -0.131151
v -0.040881 0.724812 -0.151531
v -0.044490 0.723587 -0.148631
v -0.042547 0.724762 -0.151112
v -0.042622 0.726385 -0.153994
v 0.008086 0.724812 -0.159003
v 0.003757 0.723587 -0.157361
v 0.006372 0.724762 -0.159120
v 0.007192 0.726385 -0.161884
v 0.056966 0.724812 -0.150978
v 0.052341 0.723587 -0.150754
v 0.055372 0.724762 -0.151618
v 0.057005 0.726385 -0.153994
v 0.100334 0.723885 -0.128715
v 0.096505 0.723587 -0.129457
v 0.099526 0.724812 -0.129293
v 0.101821 0.726566 -0.131151
v 0.099526 0.724812 0.127925
v 0.099604 0.720110 0.126510
v 0.100469 0.724137 0.127454
v 0.101820 0.726566 0.129783
v 0.135965 0.049927 0.088630
v 0.135800 0.051152 0.091650
v 0.137484 0.053404 0.093307
v 0.137116 0.053150 0.094146
v 0.134749 0.051152 0.093097
v 0.131927 0.049927 0.094187
v 0.102063 0.049927 0.124051
v 0.100973 0.051152 0.126873
v 0.102063 0.053404 0.128969
v 0.101453 0.053150 0.129654
v 0.099526 0.051152 0.127925
v 0.096505 0.049927 0.128089
v 0.096505 0.580212 0.128089
v 0.100967 0.578951 0.128648
v 0.101453 0.576989 0.129654
v 0.102063 0.576735 0.128969
v 0.099604 0.583689 0.126510
v 0.058874 0.049927 0.147263
v 0.056966 0.051152 0.149610
v 0.057354 0.053404 0.151940
v 0.056563 0.053150 0.152403
v 0.055265 0.051152 0.150163
v 0.052341 0.049927 0.149386
v 0.052341 0.580212 0.149386
v 0.055265 0.578987 0.150163
v 0.056563 0.576989 0.152403
v 0.057354 0.576735 0.151940
v 0.056966 0.578987 0.149610
v 0.058874 0.580212 0.147263
v 0.010626 0.049927 0.155993
v 0.008086 0.051152 0.157635
v 0.007736 0.053404 0.159971
v 0.006840 0.053150 0.160167
v 0.006297 0.051152 0.157635
v 0.003757 0.049927 0.155993
v 0.003757 0.580212 0.155993
v 0.006297 0.578987 0.157635
v 0.006648 0.576735 0.159971
v 0.007544 0.576989 0.160167
v 0.008086 0.578987 0.157635
v 0.010626 0.580212 0.155993
v -0.037957 0.049927 0.149386
v -0.040881 0.051152 0.150163
v -0.042179 0.053150 0.152403
v -0.042971 0.053404 0.151940
v -0.042582 0.051152 0.149610
v -0.044490 0.049927 0.147263
v -0.044490 0.580212 0.147263
v -0.042582 0.578987 0.149610
v -0.042971 0.576735 0.151940
v -0.042179 0.576989 0.152403
v -0.040881 0.578987 0.150163
v -0.037957 0.580212 0.149386
v -0.082122 0.049927 0.128089
v -0.085142 0.051152 0.127925
v -0.087069 0.053150 0.129654
v -0.087679 0.053404 0.128969
v -0.086589 0.051152 0.126873
v -0.087679 0.049927 0.124051
v -0.085220 0.583689 0.126510
v -0.086584 0.578951 0.128648
v -0.087679 0.576735 0.128969
v -0.087069 0.576989 0.129654
v -0.082122 0.580212 0.128089
v -0.117543 0.049927 0.094187
v -0.120365 0.051152 0.093097
v -0.122732 0.053150 0.094146
v -0.123101 0.053404 0.093307
v -0.121417 0.051152 0.091650
v -0.121581 0.049927 0.088630
v -0.140755 0.049927 0.050998
v -0.143102 0.051152 0.049090
v -0.145677 0.053150 0.049356
v -0.145768 0.053404 0.048444
v -0.143655 0.051152 0.047389
v -0.142878 0.049927 0.044465
v -0.149485 0.049927 0.002750
v -0.151127 0.051152 0.000210
v -0.153659 0.053150 -0.000332
v -0.153463 0.053404 -0.001228
v -0.151127 0.051152 -0.001578
v -0.149485 0.049927 -0.004119
v -0.142878 0.049927 -0.045833
v -0.143655 0.051152 -0.048757
v -0.146132 0.052715 -0.050502
v -0.143102 0.051152 -0.050458
v -0.140755 0.049927 -0.052366
v -0.121581 0.049927 -0.089998
v -0.121417 0.051152 -0.093018
v -0.123101 0.053404 -0.094675
v -0.122732 0.053150 -0.095514
v -0.120365 0.051152 -0.094465
v -0.117543 0.049927 -0.095555
v -0.087679 0.049927 -0.125419
v -0.086590 0.051152 -0.128241
v -0.087568 0.052715 -0.131109
v -0.085142 0.051152 -0.129293
v -0.082122 0.049927 -0.129457
v -0.082122 0.580212 -0.129457
v -0.085142 0.578987 -0.129293
v -0.087143 0.577062 -0.131019
v -0.087565 0.577071 -0.130952
v -0.085220 0.583689 -0.127878
v -0.044490 0.049927 -0.148631
v -0.042582 0.051152 -0.150978
v -0.042626 0.052715 -0.154008
v -0.040881 0.051152 -0.151531
v -0.037957 0.049927 -0.150754
v -0.037957 0.580212 -0.150754
v -0.040881 0.578987 -0.151531
v -0.042626 0.577424 -0.154008
v -0.042582 0.578987 -0.150978
v -0.044490 0.580212 -0.148631
v 0.003757 0.049927 -0.157361
v 0.006297 0.051152 -0.159003
v 0.007192 0.052715 -0.161899
v 0.008086 0.051152 -0.159003
v 0.010626 0.049927 -0.157361
v 0.010626 0.580212 -0.157361
v 0.008086 0.578987 -0.159003
v 0.007192 0.577424 -0.161899
v 0.006297 0.578987 -0.159003
v 0.003757 0.580212 -0.157361
v 0.052341 0.049927 -0.150754
v 0.055265 0.051152 -0.151531
v 0.057010 0.052715 -0.154008
v 0.056966 0.051152 -0.150978
v 0.058874 0.049927 -0.148631
v 0.058874 0.580212 -0.148631
v 0.056966 0.578987 -0.150978
v 0.057010 0.577424 -0.154008
v 0.055265 0.578987 -0.151531
v 0.052341 0.580212 -0.150754
v 0.096505 0.049927 -0.129457
v 0.099526 0.051152 -0.129293
v 0.101951 0.052715 -0.131109
v 0.100973 0.051152 -0.128241
v 0.102063 0.049927 -0.125419
v 0.099604 0.583689 -0.127878
v 0.101948 0.577071 -0.130952
v 0.101526 0.577062 -0.131019
v 0.099526 0.578987 -0.129293
v 0.096505 0.580212 -0.129457
v 0.131927 0.049927 -0.095555
v 0.134749 0.051152 -0.094465
v 0.137116 0.053150 -0.095515
v 0.137484 0.053404 -0.094675
v 0.135801 0.051152 -0.093018
v 0.135965 0.049927 -0.089998
v 0.155139 0.049927 -0.052366
v 0.157486 0.051152 -0.050458
v 0.160516 0.052715 -0.050502
v 0.158039 0.051152 -0.048757
v 0.157261 0.049927 -0.045833
v 0.163868 0.049927 -0.004119
v 0.165511 0.051152 -0.001578
v 0.167847 0.053404 -0.001228
v 0.168042 0.053150 -0.000332
v 0.165511 0.051152 0.000210
v 0.163868 0.049927 0.002750
v 0.157261 0.049927 0.044465
v 0.158039 0.051152 0.047389
v 0.160152 0.053404 0.048444
v 0.160061 0.053150 0.049356
v 0.157486 0.051152 0.049090
v 0.155139 0.049927 0.050998
v 0.135965 0.814472 -0.089998
v 0.135801 0.813247 -0.093018
v 0.137484 0.810995 -0.094675
v 0.137116 0.811250 -0.095515
v 0.134749 0.813247 -0.094465
v 0.131927 0.814472 -0.095555
v 0.157261 0.814472 -0.045833
v 0.158039 0.813247 -0.048757
v 0.160516 0.811684 -0.050502
v 0.157486 0.813247 -0.050458
v 0.155139 0.814472 -0.052366
v 0.102063 0.814472 -0.125419
v 0.100973 0.813247 -0.128241
v 0.101951 0.811684 -0.131109
v 0.099526 0.813247 -0.129293
v 0.096505 0.814472 -0.129457
v 0.058874 0.814472 -0.148631
v 0.056966 0.813247 -0.150978
v 0.057010 0.811684 -0.154008
v 0.055265 0.813247 -0.151531
v 0.052341 0.814472 -0.150754
v 0.010626 0.814472 -0.157361
v 0.008086 0.813247 -0.159003
v 0.007192 0.811684 -0.161899
v 0.006297 0.813247 -0.159003
v 0.003757 0.814472 -0.157361
v -0.037957 0.814472 -0.150754
v -0.040881 0.813247 -0.151531
v -0.042626 0.811684 -0.154008
v -0.042582 0.813247 -0.150978
v -0.044490 0.814472 -0.148631
v -0.082122 0.814472 -0.129457
v -0.085142 0.813247 -0.129293
v -0.087568 0.811684 -0.131109
v -0.086590 0.813247 -0.128241
v -0.087679 0.814472 -0.125419
v -0.117543 0.814472 -0.095555
v -0.120365 0.813247 -0.094465
v -0.122732 0.811250 -0.095514
v -0.123101 0.810995 -0.094675
v -0.121417 0.813247 -0.093018
v -0.121581 0.814472 -0.089998
v -0.140755 0.814472 -0.052366
v -0.143102 0.813247 -0.050458
v -0.146132 0.811684 -0.050502
v -0.143655 0.813247 -0.048757
v -0.142878 0.814472 -0.045833
v -0.149485 0.814472 -0.004119
v -0.151127 0.813247 -0.001578
v -0.153463 0.810995 -0.001228
v -0.153659 0.811250 -0.000332
v -0.151127 0.813247 0.000210
v -0.149485 0.814472 0.002750
v -0.142878 0.814472 0.044465
v -0.143655 0.813247 0.047389
v -0.145768 0.810995 0.048444
v -0.145677 0.811250 0.049356
v -0.143102 0.813247 0.049090
v -0.140755 0.814472 0.050998
v -0.121581 0.814472 0.088630
v -0.121417 0.813247 0.091650
v -0.123101 0.810995 0.093307
v -0.122732 0.811250 0.094146
v -0.120365 0.813247 0.093097
v -0.117543 0.814472 0.094187
v -0.087679 0.814472 0.124051
v -0.086589 0.813247 0.126873
v -0.087679 0.810995 0.128969
v -0.087069 0.811250 0.129654
v -0.085142 0.813247 0.127925
v -0.082122 0.814472 0.128089
v -0.044490 0.814472 0.147263
v -0.042582 0.813247 0.149610
v -0.042971 0.810995 0.151940
v -0.042179 0.811250 0.152403
v -0.040881 0.813247 0.150163
v -0.037957 0.814472 0.149386
v 0.003757 0.814472 0.155993
v 0.006297 0.813247 0.157635
v 0.006648 0.810995 0.159971
v 0.007544 0.811250 0.160167
v 0.008086 0.813247 0.157635
v 0.010626 0.814472 0.155993
v 0.052341 0.814472 0.149386
v 0.055264 0.813247 0.150163
v 0.056563 0.811250 0.152403
v 0.057354 0.810995 0.151940
v 0.056966 0.813247 0.149610
v 0.058874 0.814472 0.147263
v 0.096505 0.814472 0.128089
v 0.099526 0.813247 0.127925
v 0.101453 0.811250 0.129654
v 0.102063 0.810995 0.128969
v 0.100973 0.813247 0.126873
v 0.102063 0.814472 0.124051
v 0.131927 0.814472 0.094187
v 0.134749 0.813247 0.093097
v 0.137116 0.811250 0.094146
v 0.137484 0.810995 0.093307
v 0.135800 0.813247 0.091650
v 0.135965 0.814472 0.088630
v 0.155139 0.814472 0.050998
v 0.157486 0.813247 0.049090
v 0.160061 0.811250 0.049356
v 0.160152 0.810995 0.048444
v 0.158039 0.813247 0.047389
v 0.157261 0.814472 0.044465
v 0.163868 0.814472 0.002750
v 0.165511 0.813247 0.000210
v 0.168042 0.811250 -0.000332
v 0.167847 0.810995 -0.001228
v 0.165511 0.813247 -0.001578
v 0.163868 0.814472 -0.004119
v 0.058874 0.723587 0.147263
v 0.056966 0.724812 0.149610
v 0.057354 0.727064 0.151940
v 0.056563 0.726810 0.152403
v 0.055264 0.724812 0.150163
v 0.052341 0.723587 0.149386
v 0.010626 0.723587 0.155993
v 0.008086 0.724812 0.157635
v 0.007736 0.727064 0.159971
v 0.006840 0.726810 0.160167
v 0.006297 0.724812 0.157635
v 0.003757 0.723587 0.155993
v -0.037957 0.723587 0.149386
v -0.040881 0.724812 0.150163
v -0.042179 0.726810 0.152403
v -0.042971 0.727064 0.151940
v -0.042582 0.724812 0.149610
v -0.044490 0.723587 0.147263
v -0.082122 0.723587 0.128089
v -0.085142 0.724812 0.127925
v -0.087069 0.726810 0.129654
v -0.087679 0.727064 0.128969
v -0.085960 0.723933 0.127250
v -0.085220 0.720110 0.126510
v -0.085220 0.720110 -0.127878
v -0.087565 0.726728 -0.130952
v -0.087143 0.726737 -0.131019
v -0.085142 0.724812 -0.129293
v -0.082122 0.723587 -0.129457
v -0.044490 0.723587 -0.148631
v -0.042582 0.724812 -0.150978
v -0.042626 0.726375 -0.154008
v -0.040881 0.724812 -0.151531
v -0.037957 0.723587 -0.150754
v 0.003757 0.723587 -0.157361
v 0.006297 0.724812 -0.159003
v 0.007192 0.726375 -0.161899
v 0.008086 0.724812 -0.159003
v 0.010626 0.723587 -0.157361
v 0.052341 0.723587 -0.150754
v 0.055265 0.724812 -0.151531
v 0.057010 0.726375 -0.154008
v 0.056966 0.724812 -0.150978
v 0.058874 0.723587 -0.148631
v 0.096505 0.723587 -0.129457
v 0.099526 0.724812 -0.129293
v 0.101526 0.726737 -0.131019
v 0.101948 0.726728 -0.130952
v 0.099604 0.720110 -0.127878
v 0.099604 0.720110 0.126510
v 0.100343 0.723933 0.127250
v 0.102063 0.727064 0.128969
v 0.101453 0.726810 0.129654
v 0.099526 0.724812 0.127925
v 0.096505 0.723587 0.128089
v 0.130420 0.000000 -0.090215
v 0.152055 0.000000 -0.047753
v 0.156073 0.000324 0.047719
v 0.096722 0.000000 -0.123912
v 0.054261 0.000000 -0.145548
v 0.007192 0.000000 -0.153003
v -0.039877 0.000000 -0.145548
v -0.082339 0.000000 -0.123912
v -0.116036 0.000000 -0.090215
v -0.137672 0.000000 -0.047753
v -0.145127 0.000000 -0.000684
v -0.137672 0.000000 0.046385
v -0.116036 0.000000 0.088846
v -0.082339 0.000000 0.122544
v -0.039877 0.000000 0.144179
v 0.007192 0.000000 0.151634
v 0.054261 0.000000 0.144179
v 0.096722 0.000000 0.122544
v 0.130420 0.000000 0.088846
v 0.159510 0.000000 -0.000684
v 0.157095 0.005299 -0.049390
v 0.134707 0.005299 -0.093329
v 0.134707 0.052994 -0.093329
v 0.157095 0.052994 -0.049390
v 0.099837 0.005299 -0.128199
v 0.099837 0.052994 -0.128199
v 0.055898 0.005299 -0.150587
v 0.055898 0.052994 -0.150587
v 0.007192 0.005299 -0.158301
v 0.007192 0.052994 -0.158301
v -0.041515 0.005299 -0.150587
v -0.041515 0.052994 -0.150587
v -0.085453 0.005299 -0.128199
v -0.085453 0.052994 -0.128199
v -0.120323 0.005299 -0.093329
v -0.120323 0.052994 -0.093329
v -0.142711 0.005299 -0.049390
v -0.142711 0.052994 -0.049390
v -0.150425 0.005299 -0.000684
v -0.150425 0.052994 -0.000684
v -0.142711 0.005299 0.048022
v -0.142711 0.052994 0.048022
v -0.120323 0.005299 0.091961
v -0.120323 0.052994 0.091961
v -0.085453 0.005299 0.126831
v -0.085453 0.052994 0.126831
v -0.041515 0.005299 0.149219
v -0.041515 0.052994 0.149219
v 0.007192 0.005299 0.156933
v 0.007192 0.052994 0.156933
v 0.055898 0.005299 0.149219
v 0.055898 0.052994 0.149219
v 0.099837 0.005299 0.126831
v 0.099837 0.052994 0.126831
v 0.134707 0.005299 0.091961
v 0.134707 0.052994 0.091961
v 0.157095 0.005299 0.048022
v 0.157095 0.052994 0.048022
v 0.164809 0.005299 -0.000684
v 0.164809 0.052994 -0.000684
v 0.155619 0.001552 -0.048911
v 0.133451 0.001552 -0.092417
v 0.155619 0.001552 -0.048911
v 0.133451 0.001552 -0.092417
v 0.155619 0.001552 -0.048911
v 0.163257 0.001552 -0.000684
v 0.155619 0.001552 -0.048911
v 0.163257 0.001552 -0.000684
v 0.133451 0.001552 -0.092417
v 0.098925 0.001552 -0.126944
v 0.133451 0.001552 -0.092417
v 0.098925 0.001552 -0.126944
v 0.098925 0.001552 -0.126944
v 0.055419 0.001552 -0.149111
v 0.098925 0.001552 -0.126944
v 0.055419 0.001552 -0.149111
v 0.055419 0.001552 -0.149111
v 0.007192 0.001552 -0.156749
v 0.055419 0.001552 -0.149111
v 0.007192 0.001552 -0.156749
v 0.007192 0.001552 -0.156749
v -0.041035 0.001552 -0.149111
v 0.007192 0.001552 -0.156749
v -0.041035 0.001552 -0.149111
v -0.041035 0.001552 -0.149111
v -0.084541 0.001552 -0.126944
v -0.041035 0.001552 -0.149111
v -0.084541 0.001552 -0.126944
v -0.084541 0.001552 -0.126944
v -0.119068 0.001552 -0.092417
v -0.084541 0.001552 -0.126944
v -0.119068 0.001552 -0.092417
v -0.119068 0.001552 -0.092417
v -0.141235 0.001552 -0.048911
v -0.119068 0.001552 -0.092417
v -0.141235 0.001552 -0.048911
v -0.141235 0.001552 -0.048911
v -0.148873 0.001552 -0.000684
v -0.141235 0.001552 -0.048911
v -0.148873 0.001552 -0.000684
v -0.148873 0.001552 -0.000684
v -0.141235 0.001552 0.047543
v -0.148873 0.001552 -0.000684
v -0.141235 0.001552 0.047543
v -0.141235 0.001552 0.047543
v -0.119068 0.001552 0.091049
v -0.141235 0.001552 0.047543
v -0.119068 0.001552 0.091049
v -0.119068 0.001552 0.091049
v -0.084541 0.001552 0.125575
v -0.119068 0.001552 0.091049
v -0.084541 0.001552 0.125575
v -0.084541 0.001552 0.125575
v -0.041035 0.001552 0.147743
v -0.084541 0.001552 0.125575
v -0.041035 0.001552 0.147743
v -0.041035 0.001552 0.147743
v 0.007192 0.001552 0.155381
v -0.041035 0.001552 0.147743
v 0.007192 0.001552 0.155381
v 0.007192 0.001552 0.155381
v 0.055419 0.001552 0.147743
v 0.007192 0.001552 0.155381
v 0.055419 0.001552 0.147743
v 0.055419 0.001552 0.147743
v 0.098925 0.001552 0.125575
v 0.055419 0.001552 0.147743
v 0.098925 0.001552 0.125575
v 0.098925 0.001552 0.125575
v 0.133451 0.001552 0.091049
v 0.098925 0.001552 0.125575
v 0.133451 0.001552 0.091049
v 0.133451 0.001552 0.091049
v 0.155619 0.001552 0.047543
v 0.133451 0.001552 0.091049
v 0.155619 0.001552 0.047543
v 0.163257 0.001552 -0.000684
v 0.155619 0.001552 0.047543
v 0.163257 0.001552 -0.000684
v 0.153159 0.100974 -0.048112
v 0.131359 0.100974 -0.090897
v 0.131340 0.814100 -0.090878
v 0.153133 0.814100 -0.048115
v 0.097405 0.100974 -0.124851
v 0.097405 0.579542 -0.124851
v 0.054619 0.100974 -0.146651
v 0.054619 0.579542 -0.146651
v 0.007192 0.100974 -0.154163
v 0.007192 0.579542 -0.154163
v -0.040236 0.100974 -0.146651
v -0.040236 0.579542 -0.146651
v -0.083021 0.100974 -0.124851
v -0.083021 0.579542 -0.124851
v -0.116975 0.100974 -0.090897
v -0.116960 0.814100 -0.090879
v -0.138775 0.100974 -0.048112
v -0.138756 0.814100 -0.048093
v -0.146287 0.100974 -0.000684
v -0.146263 0.814100 -0.000673
v -0.138775 0.100974 0.046744
v -0.138749 0.814100 0.046747
v -0.116975 0.100974 0.089529
v -0.116956 0.814100 0.089510
v -0.083021 0.100974 0.123483
v -0.083021 0.579542 0.123483
v -0.040236 0.100974 0.145283
v -0.040236 0.579542 0.145283
v 0.007192 0.100974 0.152795
v 0.007192 0.579542 0.152795
v 0.054619 0.100974 0.145283
v 0.054619 0.579542 0.145283
v 0.097405 0.100974 0.123483
v 0.097405 0.579542 0.123483
v 0.131359 0.100974 0.089529
v 0.131343 0.814100 0.089511
v 0.153159 0.100974 0.046744
v 0.153140 0.814100 0.046725
v 0.160671 0.100974 -0.000684
v 0.160647 0.814100 -0.000696
v 0.007192 0.724743 0.152795
v 0.054619 0.724743 0.145283
v 0.054619 0.814100 0.145283
v 0.007192 0.814100 0.152795
v -0.040236 0.724743 0.145283
v -0.040236 0.814100 0.145283
v -0.083021 0.724743 0.123483
v -0.083021 0.814100 0.123483
v -0.083021 0.724743 -0.124851
v -0.083021 0.814100 -0.124851
v -0.040236 0.724743 -0.146651
v -0.040236 0.814100 -0.146651
v 0.007192 0.724743 -0.154163
v 0.007192 0.814100 -0.154163
v 0.054619 0.724743 -0.146651
v 0.054619 0.814100 -0.146651
v 0.097405 0.724743 -0.124851
v 0.097405 0.814100 -0.124851
v 0.097405 0.724743 0.123483
v 0.097405 0.814100 0.123483
v 0.155785 0.100974 -0.048965
v 0.155785 0.814100 -0.048965
v 0.133593 0.814100 -0.092520
v 0.133593 0.100974 -0.092520
v 0.099027 0.579542 -0.127085
v 0.099027 0.100974 -0.127085
v 0.055473 0.579542 -0.149277
v 0.055473 0.100974 -0.149277
v 0.007192 0.579542 -0.156924
v 0.007192 0.100974 -0.156924
v -0.041089 0.579542 -0.149277
v -0.041089 0.100974 -0.149277
v -0.084644 0.579542 -0.127085
v -0.084644 0.100974 -0.127085
v -0.119209 0.814100 -0.092520
v -0.119209 0.100974 -0.092520
v -0.141401 0.814100 -0.048965
v -0.141401 0.100974 -0.048965
v -0.149048 0.814100 -0.000684
v -0.149048 0.100974 -0.000684
v -0.141401 0.814100 0.047597
v -0.141401 0.100974 0.047597
v -0.119209 0.814100 0.091152
v -0.119209 0.100974 0.091152
v -0.084644 0.579542 0.125717
v -0.084644 0.100974 0.125717
v -0.041089 0.579542 0.147909
v -0.041089 0.100974 0.147909
v 0.007192 0.579542 0.155556
v 0.007192 0.100974 0.155556
v 0.055473 0.579542 0.147909
v 0.055473 0.100974 0.147909
v 0.099027 0.579542 0.125717
v 0.099027 0.100974 0.125717
v 0.133593 0.814100 0.091152
v 0.133593 0.100974 0.091152
v 0.155785 0.814100 0.047597
v 0.155785 0.100974 0.047597
v 0.163432 0.814100 -0.000684
v 0.163432 0.100974 -0.000684
v 0.007192 0.724743 0.155556
v 0.007192 0.814100 0.155556
v 0.055473 0.814100 0.147909
v 0.055473 0.724743 0.147909
v -0.041089 0.724743 0.147909
v -0.041089 0.814100 0.147909
v -0.084644 0.724743 0.125717
v -0.084644 0.814100 0.125717
v -0.084644 0.724743 -0.127085
v -0.084644 0.814100 -0.127085
v -0.041089 0.724743 -0.149277
v -0.041089 0.814100 -0.149277
v 0.007192 0.724743 -0.156924
v 0.007192 0.814100 -0.156924
v 0.055473 0.724743 -0.149277
v 0.055473 0.814100 -0.149277
v 0.099027 0.724743 -0.127085
v 0.099027 0.814100 -0.127085
v 0.099027 0.724743 0.125717
v 0.099027 0.814100 0.125717
v 0.155785 0.100974 -0.048965
v 0.133593 0.100974 -0.092520
v 0.131359 0.100974 -0.090897
v 0.153159 0.100974 -0.048112
v 0.099027 0.100974 -0.127085
v 0.097405 0.100974 -0.124851
v 0.055473 0.100974 -0.149277
v 0.054619 0.100974 -0.146651
v 0.055473 0.579542 -0.149277
v 0.099027 0.579542 -0.127085
v 0.097405 0.579542 -0.124851
v 0.054619 0.579542 -0.146651
v 0.007192 0.100974 -0.156924
v 0.007192 0.100974 -0.154163
v 0.007192 0.579542 -0.156924
v 0.007192 0.579542 -0.154163
v -0.041089 0.100974 -0.149277
v -0.040236 0.100974 -0.146651
v -0.041089 0.579542 -0.149277
v -0.040236 0.579542 -0.146651
v -0.084644 0.100974 -0.127085
v -0.083021 0.100974 -0.124851
v -0.084644 0.579542 -0.127085
v -0.083021 0.579542 -0.124851
v -0.119209 0.100974 -0.092520
v -0.116975 0.100974 -0.090897
v -0.141401 0.100974 -0.048965
v -0.138775 0.100974 -0.048112
v -0.149048 0.100974 -0.000684
v -0.146287 0.100974 -0.000684
v -0.141401 0.100974 0.047597
v -0.138775 0.100974 0.046744
v -0.119209 0.100974 0.091152
v -0.116975 0.100974 0.089529
v -0.084644 0.100974 0.125717
v -0.083021 0.100974 0.123483
v -0.041089 0.100974 0.147909
v -0.040236 0.100974 0.145283
v -0.041089 0.579542 0.147909
v -0.084644 0.579542 0.125717
v -0.083021 0.579542 0.123483
v -0.040236 0.579542 0.145283
v 0.007192 0.100974 0.155556
v 0.007192 0.100974 0.152795
v 0.007192 0.579542 0.155556
v 0.007192 0.579542 0.152795
v 0.055473 0.100974 0.147909
v 0.054619 0.100974 0.145283
v 0.055473 0.579542 0.147909
v 0.054619 0.579542 0.145283
v 0.099027 0.100974 0.125717
v 0.097405 0.100974 0.123483
v 0.099027 0.579542 0.125717
v 0.097405 0.579542 0.123483
v 0.133593 0.100974 0.091152
v 0.131359 0.100974 0.089529
v 0.155785 0.100974 0.047597
v 0.153159 0.100974 0.046744
v 0.163432 0.100974 -0.000684
v 0.160671 0.100974 -0.000684
v 0.007192 0.724743 0.155556
v 0.055473 0.724743 0.147909
v 0.054619 0.724743 0.145283
v 0.007192 0.724743 0.152795
v 0.055473 0.814100 0.147909
v 0.007192 0.814100 0.155556
v 0.007192 0.814100 0.152795
v 0.054619 0.814100 0.145283
v -0.041089 0.724743 0.147909
v -0.040236 0.724743 0.145283
v -0.041089 0.814100 0.147909
v -0.040236 0.814100 0.145283
v -0.084644 0.724743 0.125717
v -0.083021 0.724743 0.123483
v -0.084644 0.814100 0.125717
v -0.083021 0.814100 0.123483
v -0.119209 0.814100 0.091152
v -0.116975 0.814100 0.089529
v -0.141401 0.814100 0.047597
v -0.138775 0.814100 0.046744
v -0.149048 0.814100 -0.000684
v -0.146287 0.814100 -0.000684
v -0.141401 0.814100 -0.048965
v -0.138775 0.814100 -0.048112
v -0.119209 0.814100 -0.092520
v -0.116975 0.814100 -0.090897
v -0.084644 0.814100 -0.127085
v -0.083021 0.814100 -0.124851
v -0.041089 0.724743 -0.149277
v -0.084644 0.724743 -0.127085
v -0.083021 0.724743 -0.124851
v -0.040236 0.724743 -0.146651
v -0.041089 0.814100 -0.149277
v -0.040236 0.814100 -0.146651
v 0.007192 0.724743 -0.156924
v 0.007192 0.724743 -0.154163
v 0.007192 0.814100 -0.156924
v 0.007192 0.814100 -0.154163
v 0.055473 0.724743 -0.149277
v 0.054619 0.724743 -0.146651
v 0.055473 0.814100 -0.149277
v 0.054619 0.814100 -0.146651
v 0.099027 0.724743 -0.127085
v 0.097405 0.724743 -0.124851
v 0.099027 0.814100 -0.127085
v 0.097405 0.814100 -0.124851
v 0.133593 0.814100 -0.092520
v 0.131359 0.814100 -0.090897
v 0.155785 0.814100 -0.048965
v 0.153159 0.814100 -0.048112
v 0.163432 0.814100 -0.000684
v 0.160671 0.814100 -0.000684
v 0.155785 0.814100 0.047597
v 0.153159 0.814100 0.046744
v 0.133593 0.814100 0.091152
v 0.131359 0.814100 0.089529
v 0.099027 0.814100 0.125717
v 0.097405 0.814100 0.123483
v 0.099027 0.724743 0.125717
v 0.097405 0.724743 0.123483
v -0.084644 0.579542 0.125717
v -0.084644 0.724743 0.125717
v -0.083021 0.724743 0.123483
v -0.083021 0.579542 0.123483
v -0.084644 0.724743 -0.127085
v -0.084644 0.579542 -0.127085
v -0.083021 0.579542 -0.124851
v -0.083021 0.724743 -0.124851
v 0.099027 0.579542 -0.127085
v 0.099027 0.724743 -0.127085
v 0.097405 0.724743 -0.124851
v 0.097405 0.579542 -0.124851
v 0.099027 0.724743 0.125717
v 0.099027 0.579542 0.125717
v 0.097405 0.579542 0.123483
v 0.097405 0.724743 0.123483
v -0.073944 0.327552 0.158553
v -0.048723 0.327552 0.171404
v -0.048723 0.454494 0.171404
v -0.073944 0.454494 0.158553
v 0.007192 0.327552 0.180260
v 0.007192 0.454494 0.180260
v 0.063107 0.327552 0.171404
v 0.063107 0.454494 0.171404
v 0.088327 0.327552 0.158553
v 0.088327 0.454494 0.158553
vn 0.2166 -0.9628 0.1612
vn 0.1803 -0.9799 0.0851
vn 0.6659 -0.7454 0.0315
vn 0.2704 -0.9365 0.2231
vn 0.3390 -0.9031 0.2636
vn 0.4164 -0.8655 0.2785
vn 0.4939 -0.8279 0.2658
vn 0.5645 -0.7937 0.2268
vn 0.6207 -0.7664 0.1652
vn 0.6570 -0.7489 0.0872
vn 0.6696 -0.7428 -0.0002
vn 0.6570 -0.7488 -0.0869
vn 0.6208 -0.7664 -0.1651
vn 0.5645 -0.7936 -0.2268
vn 0.4941 -0.8278 -0.2658
vn 0.4163 -0.8655 -0.2785
vn 0.3392 -0.9030 -0.2637
vn 0.2704 -0.9365 -0.2232
vn 0.2167 -0.9628 -0.1613
vn 0.1803 -0.9799 -0.0852
vn -0.6549 0.7508 0.0861
vn -0.6198 0.7673 0.1643
vn -0.3120 0.9156 0.2539
vn -0.5645 0.7937 0.2268
vn -0.4941 0.8273 0.2672
vn -0.4158 0.8648 0.2813
vn -0.3374 0.9025 0.2677
vn -0.2667 0.9365 0.2275
vn -0.2110 0.9634 0.1651
vn -0.1757 0.9806 0.0866
vn -0.1642 0.9864 -0.0002
vn -0.1776 0.9803 -0.0861
vn -0.2143 0.9631 -0.1630
vn -0.2705 0.9365 -0.2232
vn -0.3404 0.9034 -0.2609
vn -0.4166 0.8663 -0.2756
vn -0.5626 0.7961 -0.2230
vn -0.6168 0.7704 -0.1612
vn -0.6529 0.7526 -0.0855
vn -0.6662 0.7458 -0.0000
vn 0.9195 0.2490 -0.3043
vn 0.7934 0.1883 -0.5788
vn 0.6425 0.5021 -0.5788
vn 0.7686 0.5627 -0.3043
vn 0.5971 0.0939 -0.7967
vn 0.4462 0.4077 -0.7967
vn 0.3497 -0.0250 -0.9365
vn 0.1988 0.2888 -0.9365
vn 0.0754 -0.1569 -0.9847
vn -0.0755 0.1569 -0.9847
vn -0.1988 -0.2888 -0.9365
vn -0.3497 0.0250 -0.9365
vn -0.4462 -0.4077 -0.7967
vn -0.5971 -0.0940 -0.7967
vn -0.6425 -0.5022 -0.5788
vn -0.7934 -0.1883 -0.5788
vn -0.7686 -0.5627 -0.3043
vn -0.9195 -0.2489 -0.3043
vn -0.8120 -0.5837 -0.0000
vn -0.9629 -0.2698 -0.0000
vn -0.7686 -0.5627 0.3043
vn -0.9195 -0.2489 0.3043
vn -0.6425 -0.5022 0.5788
vn -0.7934 -0.1883 0.5788
vn -0.4462 -0.4077 0.7967
vn -0.5971 -0.0939 0.7967
vn -0.1988 -0.2887 0.9365
vn -0.3497 0.0250 0.9365
vn 0.0754 -0.1569 0.9847
vn -0.0755 0.1569 0.9847
vn 0.3497 -0.0250 0.9365
vn 0.1988 0.2888 0.9365
vn 0.5971 0.0940 0.7967
vn 0.4462 0.4077 0.7967
vn 0.7934 0.1883 0.5788
vn 0.6425 0.5021 0.5788
vn 0.9195 0.2490 0.3043
vn 0.7686 0.5627 0.3043
vn 0.9629 0.2698 -0.0000
vn 0.8120 0.5837 -0.0000
vn 0.9073 0.0161 -0.4202
vn 0.7102 -0.6818 -0.1756
vn 0.7439 -0.6656 -0.0605
vn 0.9879 0.0549 -0.1448
vn 0.7539 -0.0576 -0.6544
vn 0.7539 -0.0576 -0.6545
vn 0.6461 -0.7126 -0.2735
vn 0.5428 -0.1592 -0.8247
vn 0.5579 -0.7550 -0.3446
vn 0.2946 -0.2785 -0.9141
vn 0.2946 -0.2785 -0.9142
vn 0.4542 -0.8049 -0.3820
vn 0.4542 -0.8049 -0.3819
vn 0.0336 -0.4040 -0.9142
vn 0.0336 -0.4040 -0.9141
vn 0.3451 -0.8573 -0.3819
vn 0.3451 -0.8573 -0.3820
vn -0.2146 -0.5233 -0.8247
vn 0.2414 -0.9072 -0.3446
vn -0.4258 -0.6248 -0.6544
vn -0.4257 -0.6249 -0.6545
vn 0.1532 -0.9496 -0.2734
vn 0.1532 -0.9496 -0.2735
vn -0.5791 -0.6986 -0.4202
vn 0.0891 -0.9804 -0.1756
vn -0.6598 -0.7374 -0.1448
vn -0.6597 -0.7374 -0.1448
vn 0.0554 -0.9966 -0.0605
vn 0.0555 -0.9966 -0.0605
vn -0.6598 -0.7374 0.1448
vn 0.0555 -0.9966 0.0605
vn -0.5792 -0.6986 0.4202
vn -0.5791 -0.6986 0.4202
vn 0.0891 -0.9804 0.1756
vn 0.0892 -0.9804 0.1756
vn -0.4257 -0.6249 0.6545
vn -0.4258 -0.6248 0.6544
vn 0.1532 -0.9496 0.2735
vn 0.1533 -0.9496 0.2734
vn -0.2146 -0.5233 0.8247
vn -0.2146 -0.5234 0.8247
vn 0.2414 -0.9072 0.3446
vn 0.0336 -0.4040 0.9141
vn 0.0336 -0.4040 0.9142
vn 0.3451 -0.8573 0.3820
vn 0.3451 -0.8573 0.3819
vn 0.2946 -0.2785 0.9142
vn 0.2946 -0.2785 0.9141
vn 0.4542 -0.8049 0.3819
vn 0.5428 -0.1592 0.8247
vn 0.5579 -0.7550 0.3446
vn 0.7539 -0.0577 0.6545
vn 0.7539 -0.0576 0.6544
vn 0.6461 -0.7126 0.2735
vn 0.6461 -0.7126 0.2734
vn 0.9073 0.0161 0.4202
vn 0.7102 -0.6818 0.1756
vn 0.9879 0.0549 0.1448
vn 0.7439 -0.6655 0.0605
vn 0.7439 -0.6656 0.0605
vn 0.6598 0.7374 -0.1448
vn 0.6597 0.7375 -0.1448
vn -0.0553 0.9966 -0.0605
vn -0.0554 0.9966 -0.0605
vn -0.0891 0.9804 -0.1756
vn 0.5791 0.6986 -0.4202
vn 0.5791 0.6987 -0.4202
vn -0.1531 0.9496 -0.2735
vn -0.1532 0.9496 -0.2735
vn 0.4257 0.6249 -0.6545
vn -0.2414 0.9072 -0.3446
vn 0.2146 0.5233 -0.8247
vn 0.2146 0.5234 -0.8247
vn -0.3451 0.8573 -0.3820
vn -0.0336 0.4040 -0.9141
vn -0.4542 0.8049 -0.3820
vn -0.2946 0.2785 -0.9141
vn -0.5579 0.7550 -0.3446
vn -0.5428 0.1592 -0.8247
vn -0.5428 0.1592 -0.8246
vn -0.6461 0.7126 -0.2735
vn -0.6461 0.7125 -0.2735
vn -0.7539 0.0576 -0.6544
vn -0.7102 0.6817 -0.1756
vn -0.9073 -0.0161 -0.4202
vn -0.7439 0.6655 -0.0605
vn -0.9879 -0.0549 -0.1448
vn -0.7439 0.6655 0.0605
vn -0.9879 -0.0549 0.1448
vn -0.7102 0.6817 0.1756
vn -0.7102 0.6818 0.1756
vn -0.9073 -0.0161 0.4202
vn -0.6461 0.7125 0.2735
vn -0.6461 0.7126 0.2735
vn -0.7539 0.0576 0.6544
vn -0.7539 0.0577 0.6545
vn -0.5579 0.7550 0.3446
vn -0.5428 0.1592 0.8246
vn -0.5428 0.1592 0.8247
vn -0.4542 0.8049 0.3820
vn -0.4542 0.8048 0.3820
vn -0.2946 0.2785 0.9141
vn -0.3451 0.8573 0.3820
vn -0.3451 0.8573 0.3821
vn -0.0336 0.4040 0.9141
vn -0.2414 0.9072 0.3447
vn -0.2414 0.9072 0.3446
vn 0.2146 0.5234 0.8246
vn 0.2146 0.5234 0.8247
vn -0.1531 0.9496 0.2735
vn -0.1532 0.9496 0.2735
vn 0.4257 0.6249 0.6544
vn 0.4257 0.6249 0.6545
vn -0.0891 0.9804 0.1756
vn -0.0890 0.9804 0.1756
vn 0.5791 0.6986 0.4202
vn 0.5791 0.6987 0.4202
vn -0.0553 0.9966 0.0605
vn -0.0554 0.9966 0.0605
vn 0.6597 0.7374 0.1448
vn 0.9616 -0.2743 0.0066
vn 0.4922 -0.8181 -0.2973
vn 0.6306 -0.7512 0.1947
vn -0.9200 0.2552 0.2973
vn -0.8924 0.4066 -0.1958
vn -0.5218 0.8530 -0.0066
vn -0.0000 -0.0000 -1.0000
vn -0.0000 -0.0000 1.0000
vn -0.1080 0.0820 0.9908
vn 0.0429 0.0566 0.9975
vn 0.2012 -0.0640 0.9775
vn -0.6728 0.7398 -0.0000
vn 0.6620 -0.7495 -0.0000
vn -0.4403 0.8979 -0.0000
vn 0.4469 -0.8946 -0.0000
vn -0.1096 0.9940 -0.0000
vn 0.1094 -0.9940 -0.0000
vn -0.7233 0.6906 0.0001
vn -0.8484 0.4548 -0.2709
vn -0.8482 0.4551 -0.2709
vn -0.9755 0.2202 -0.0002
vn -0.1276 0.0149 -0.9917
vn -0.2291 -0.0640 -0.9713
vn -0.1450 0.0446 -0.9884
vn -0.1323 0.0710 -0.9887
vn -0.0820 -0.0239 -0.9963
vn -0.0214 0.1557 -0.9876
vn -0.0435 0.0454 -0.9980
vn 0.1467 0.1756 -0.9735
vn -0.6659 0.6950 -0.2712
vn -0.4727 0.8812 0.0004
vn -0.8586 0.5127 0.0001
vn -0.6660 0.6949 -0.2712
vn -0.0925 -0.0929 -0.9914
vn -0.1040 0.2155 -0.9710
vn -0.1041 0.2153 -0.9710
vn 0.1321 0.0155 -0.9911
vn -0.4180 0.8669 -0.2716
vn -0.1754 0.9845 0.0003
vn -0.6571 0.7538 0.0005
vn -0.4187 0.8665 -0.2718
vn -0.1167 -0.0596 -0.9914
vn -0.0328 0.2369 -0.9710
vn -0.0327 0.2370 -0.9710
vn 0.1303 -0.0263 -0.9911
vn -0.1303 0.9536 -0.2715
vn 0.1333 0.9911 -0.0002
vn -0.3962 0.9181 -0.0001
vn -0.1302 0.9536 -0.2715
vn -0.1293 -0.0208 -0.9914
vn 0.0429 0.2354 -0.9710
vn 0.0423 0.2352 -0.9710
vn 0.1161 -0.0649 -0.9911
vn 0.1708 0.9471 -0.2718
vn 0.4345 0.9007 -0.0000
vn -0.0913 0.9958 0.0002
vn 0.1706 0.9471 -0.2718
vn -0.1294 0.0205 -0.9914
vn 0.1127 0.2111 -0.9710
vn 0.1133 0.2110 -0.9709
vn 0.0899 -0.0978 -0.9911
vn 0.4546 0.8484 -0.2713
vn 0.6884 0.7253 -0.0003
vn 0.2172 0.9761 -0.0006
vn 0.4551 0.8482 -0.2711
vn -0.1168 0.0593 -0.9914
vn 0.1728 0.1655 -0.9710
vn 0.1726 0.1655 -0.9710
vn 0.0556 -0.1208 -0.9911
vn 0.6958 0.6649 -0.2716
vn 0.8826 0.4701 0.0004
vn 0.5145 0.8575 0.0005
vn 0.6953 0.6653 -0.2718
vn -0.0925 0.0925 -0.9914
vn 0.2152 0.1041 -0.9710
vn 0.2154 0.1040 -0.9710
vn 0.0151 -0.1322 -0.9911
vn 0.8661 0.4199 -0.2710
vn 0.9828 0.1847 -0.0008
vn 0.7475 0.6642 -0.0006
vn 0.8664 0.4195 -0.2708
vn -0.0599 0.1167 -0.9914
vn 0.2368 0.0323 -0.9710
vn 0.2367 0.0324 -0.9710
vn -0.0261 -0.1302 -0.9911
vn 0.9537 0.1299 -0.2712
vn 0.9907 -0.1358 0.0005
vn 0.9195 0.3930 -0.0001
vn 0.9537 0.1301 -0.2712
vn -0.0207 0.1291 -0.9914
vn 0.2352 -0.0424 -0.9710
vn -0.0655 -0.1160 -0.9911
vn 0.9472 -0.1709 -0.2714
vn 0.9004 -0.4351 -0.0000
vn 0.9959 0.0903 0.0003
vn 0.9471 -0.1711 -0.2714
vn 0.0614 0.1263 -0.9901
vn 0.1715 -0.0085 -0.9852
vn 0.2106 -0.1130 -0.9710
vn -0.0095 -0.0717 -0.9974
vn 0.8483 -0.4547 -0.2714
vn 0.7238 -0.6900 -0.0002
vn 0.9757 -0.2189 -0.0001
vn 0.8481 -0.4552 -0.2713
vn 0.1417 -0.1348 -0.9807
vn 0.0404 -0.1083 -0.9933
vn 0.0529 -0.0551 -0.9971
vn 0.0120 -0.2880 -0.9575
vn 0.6659 -0.6949 -0.2715
vn 0.4738 -0.8806 -0.0000
vn 0.8597 -0.5109 -0.0000
vn 0.1788 -0.1735 -0.9685
vn 0.0709 -0.1467 -0.9866
vn 0.0709 -0.1468 -0.9866
vn 0.0249 -0.2480 -0.9684
vn 0.4188 -0.8667 -0.2712
vn 0.1818 -0.9833 -0.0005
vn 0.6620 -0.7495 -0.0004
vn 0.4187 -0.8667 -0.2711
vn 0.1165 -0.2204 -0.9684
vn 0.0221 -0.1614 -0.9866
vn 0.0220 -0.1614 -0.9866
vn -0.0531 -0.2435 -0.9684
vn 0.1304 -0.9537 -0.2709
vn -0.1337 -0.9910 0.0004
vn 0.3950 -0.9187 -0.0003
vn 0.0425 -0.2457 -0.9684
vn -0.0290 -0.1603 -0.9866
vn -0.0289 -0.1603 -0.9866
vn -0.1261 -0.2154 -0.9684
vn -0.1720 -0.9470 -0.2714
vn -0.4377 -0.8991 0.0002
vn 0.0877 -0.9961 0.0008
vn -0.1717 -0.9470 -0.2716
vn -0.0351 -0.2470 -0.9684
vn -0.0770 -0.1437 -0.9866
vn -0.0771 -0.1437 -0.9866
vn -0.1860 -0.1660 -0.9684
vn -0.4537 -0.8490 -0.2710
vn -0.6860 -0.7276 -0.0008
vn -0.2136 -0.9769 -0.0009
vn -0.4542 -0.8488 -0.2707
vn -0.1100 -0.2238 -0.9684
vn -0.1177 -0.1127 -0.9866
vn -0.1179 -0.1126 -0.9866
vn -0.2286 -0.1002 -0.9684
vn -0.6957 -0.6652 -0.2713
vn -0.8828 -0.4697 0.0008
vn -0.5155 -0.8569 0.0003
vn -0.6953 -0.6655 -0.2714
vn -0.1737 -0.1791 -0.9684
vn -0.1468 -0.0709 -0.9866
vn -0.2482 -0.0249 -0.9684
vn -0.8667 -0.4185 -0.2714
vn -0.9838 -0.1792 -0.0003
vn -0.7513 -0.6600 0.0001
vn -0.2205 -0.1167 -0.9684
vn -0.1615 -0.0221 -0.9866
vn -0.2436 0.0530 -0.9684
vn -0.9536 -0.1303 -0.2713
vn -0.9909 0.1344 -0.0000
vn -0.9188 -0.3947 -0.0000
vn -0.2407 -0.0550 -0.9690
vn -0.1573 0.0214 -0.9873
vn -0.1603 0.0289 -0.9866
vn -0.2081 0.1082 -0.9721
vn -0.9473 0.1707 -0.2710
vn -0.9015 0.4328 -0.0002
vn -0.9957 -0.0927 -0.0002
vn -0.9473 0.1708 -0.2710
vn -0.6658 0.6951 0.2710
vn -0.6660 0.6950 0.2710
vn -0.0552 0.1631 0.9851
vn 0.1039 0.0928 0.9903
vn -0.0681 -0.0287 0.9973
vn -0.1654 0.1726 0.9710
vn -0.1565 0.1088 0.9817
vn -0.1085 0.0149 0.9940
vn -0.0686 0.0368 0.9970
vn -0.2640 -0.0551 0.9629
vn -0.8482 0.4551 0.2709
vn -0.4181 0.8669 0.2714
vn -0.4185 0.8668 0.2713
vn -0.1040 0.2155 0.9710
vn 0.1301 0.0150 0.9914
vn -0.0941 -0.0941 0.9911
vn -0.1041 0.2155 0.9709
vn -0.1303 0.9535 0.2717
vn -0.1302 0.9535 0.2718
vn -0.0325 0.2370 0.9710
vn 0.1282 -0.0262 0.9914
vn -0.1187 -0.0601 0.9911
vn -0.0323 0.2369 0.9710
vn 0.1704 0.9472 0.2716
vn 0.1706 0.9472 0.2716
vn 0.0429 0.2354 0.9710
vn 0.1141 -0.0642 0.9914
vn -0.1312 -0.0207 0.9911
vn 0.0424 0.2357 0.9709
vn 0.4545 0.8483 0.2715
vn 0.4548 0.8481 0.2717
vn 0.1130 0.2109 0.9709
vn 0.0884 -0.0966 0.9914
vn -0.1313 0.0213 0.9911
vn 0.1131 0.2107 0.9710
vn 0.6957 0.6651 0.2714
vn 0.6956 0.6653 0.2712
vn 0.1727 0.1655 0.9710
vn 0.0544 -0.1191 0.9914
vn -0.1184 0.0605 0.9911
vn 0.1728 0.1656 0.9709
vn 0.8660 0.4199 0.2714
vn 0.8662 0.4194 0.2716
vn 0.2153 0.1041 0.9710
vn 0.0146 -0.1303 0.9914
vn -0.0938 0.0943 0.9911
vn 0.2152 0.1039 0.9710
vn 0.9537 0.1302 0.2710
vn 0.9538 0.1301 0.2709
vn 0.2368 0.0324 0.9710
vn -0.0261 -0.1281 0.9914
vn -0.0604 0.1187 0.9911
vn 0.9472 -0.1709 0.2713
vn 0.9472 -0.1708 0.2712
vn 0.2351 -0.0424 0.9710
vn -0.0648 -0.1141 0.9914
vn -0.0208 0.1312 0.9911
vn 0.2352 -0.0424 0.9710
vn 0.8482 -0.4549 0.2715
vn 0.8481 -0.4550 0.2715
vn 0.1497 0.0358 0.9881
vn -0.0013 -0.0649 0.9979
vn 0.1350 0.2105 0.9682
vn 0.0376 -0.0202 0.9991
vn 0.6660 -0.6948 0.2715
vn 0.0370 -0.1322 0.9905
vn -0.0233 -0.2539 0.9670
vn 0.0414 -0.1447 0.9886
vn 0.1128 -0.1177 0.9866
vn 0.4188 -0.8665 0.2715
vn 0.4187 -0.8665 0.2716
vn 0.0709 -0.1467 0.9866
vn 0.0249 -0.2481 0.9684
vn 0.1790 -0.1736 0.9684
vn 0.0708 -0.1467 0.9866
vn 0.1302 -0.9538 0.2709
vn 0.1303 -0.9538 0.2709
vn 0.0221 -0.1614 0.9866
vn -0.0531 -0.2435 0.9684
vn 0.1165 -0.2204 0.9684
vn 0.0220 -0.1614 0.9866
vn -0.1718 -0.9471 0.2712
vn -0.1717 -0.9471 0.2710
vn -0.0290 -0.1604 0.9866
vn -0.1260 -0.2154 0.9684
vn 0.0425 -0.2455 0.9685
vn -0.0289 -0.1605 0.9866
vn -0.4537 -0.8488 0.2714
vn -0.4542 -0.8485 0.2717
vn -0.0586 -0.1361 0.9890
vn -0.1632 -0.1668 0.9724
vn -0.0076 -0.2565 0.9665
vn -0.0661 -0.1230 0.9902
vn -0.6958 -0.6652 0.2709
vn -0.6954 -0.6657 0.2707
vn -0.1098 -0.0974 0.9892
vn -0.2217 -0.0808 0.9718
vn -0.1039 -0.1999 0.9743
vn -0.1087 -0.1037 0.9887
vn -0.8664 -0.4191 0.2715
vn -0.8665 -0.4189 0.2716
vn -0.1458 -0.0629 0.9873
vn -0.2468 -0.0116 0.9690
vn -0.1716 -0.1605 0.9720
vn -0.1468 -0.0709 0.9866
vn -0.9536 -0.1303 0.2713
vn -0.1615 -0.0221 0.9866
vn -0.2436 0.0530 0.9684
vn -0.2205 -0.1167 0.9684
vn -0.1614 -0.0220 0.9866
vn -0.9473 0.1707 0.2712
vn -0.9472 0.1708 0.2712
vn -0.1533 0.0207 0.9880
vn -0.2116 0.1134 0.9708
vn -0.2459 -0.0587 0.9675
vn -0.1478 0.0266 0.9887
vn 0.0809 -0.2311 0.9696
vn 0.6261 -0.7304 0.2730
vn 0.1039 -0.2154 0.9710
vn 0.1040 -0.2154 0.9710
vn 0.4190 -0.8665 0.2714
vn 0.6351 -0.7725 -0.0003
vn 0.2118 -0.9773 -0.0001
vn 0.4184 -0.8667 0.2716
vn 0.0324 -0.2369 0.9710
vn 0.1306 -0.9534 0.2718
vn 0.3649 -0.9310 0.0002
vn -0.1011 -0.9949 -0.0003
vn 0.1304 -0.9534 0.2719
vn -0.0425 -0.2352 0.9710
vn -0.0424 -0.2353 0.9710
vn 0.0569 -0.9984 0.0003
vn -0.4055 -0.9141 0.0004
vn -0.1711 -0.9473 0.2709
vn -0.1130 -0.2106 0.9710
vn -0.1130 -0.2105 0.9710
vn -0.4549 -0.8482 0.2713
vn -0.2518 -0.9678 -0.0004
vn -0.6659 -0.7460 -0.0000
vn -0.4551 -0.8481 0.2714
vn -0.1726 -0.1654 0.9710
vn -0.6945 -0.6663 0.2717
vn -0.5387 -0.8425 -0.0000
vn -0.8640 -0.5034 -0.0004
vn -0.6946 -0.6660 0.2718
vn -0.2153 -0.1041 0.9710
vn -0.2152 -0.1040 0.9710
vn -0.8669 -0.4182 0.2713
vn -0.7733 -0.6340 0.0002
vn -0.9775 -0.2107 0.0001
vn -0.8668 -0.4183 0.2713
vn -0.2369 -0.0322 0.9710
vn -0.2370 -0.0324 0.9710
vn -0.9537 -0.1301 0.2712
vn -0.9314 -0.3641 -0.0001
vn -0.9948 0.1014 0.0002
vn -0.9537 -0.1303 0.2712
vn -0.2354 0.0423 0.9710
vn -0.2353 0.0424 0.9710
vn -0.9473 0.1702 0.2715
vn -0.9982 -0.0596 -0.0001
vn -0.9152 0.4031 -0.0002
vn -0.2263 0.0691 0.9716
vn -0.8905 0.3631 0.2743
vn 0.5886 -0.7606 -0.2741
vn 0.1044 -0.2152 -0.9710
vn 0.4192 -0.8664 -0.2714
vn 0.4190 -0.8665 -0.2713
vn 0.1040 -0.2154 -0.9710
vn 0.1040 -0.2153 -0.9710
vn 0.1304 -0.9535 -0.2717
vn 0.1305 -0.9535 -0.2717
vn 0.0324 -0.2369 -0.9710
vn -0.1717 -0.9470 -0.2715
vn -0.1711 -0.9471 -0.2717
vn -0.0425 -0.2353 -0.9710
vn -0.0424 -0.2352 -0.9710
vn -0.4548 -0.8483 -0.2712
vn -0.4552 -0.8482 -0.2710
vn -0.1130 -0.2106 -0.9710
vn -0.1131 -0.2107 -0.9710
vn -0.6948 -0.6659 -0.2716
vn -0.6946 -0.6662 -0.2717
vn -0.1726 -0.1653 -0.9710
vn -0.1725 -0.1653 -0.9710
vn -0.8667 -0.4186 -0.2714
vn -0.8667 -0.4185 -0.2715
vn -0.2152 -0.1042 -0.9710
vn -0.2155 -0.1041 -0.9709
vn -0.2370 -0.0322 -0.9710
vn -0.2367 -0.0323 -0.9710
vn -0.9473 0.1703 -0.2714
vn -0.9472 0.1708 -0.2713
vn -0.2354 0.0423 -0.9710
vn -0.2355 0.0425 -0.9709
vn -0.8711 0.4080 -0.2732
vn -0.2437 0.0180 -0.9697
vn -0.0737 0.0641 -0.9952
vn -0.7963 0.6049 -0.0000
vn 0.7963 -0.6049 -0.0000
vn 0.7963 -0.6048 -0.0000
vn 0.0691 -0.3767 0.9238
vn 0.0813 -0.1180 0.9897
vn 0.0466 -0.0878 0.9951
vn -0.0012 -0.0575 0.9983
vn 0.0779 -0.2501 0.9651
vn -0.0191 -0.0544 0.9983
vn -0.2282 -0.1816 0.9565
vn -0.0473 -0.0328 0.9983
vn -0.1766 -0.2250 0.9582
vn -0.0550 -0.0166 0.9983
vn -0.2452 0.0864 0.9656
vn -0.1668 -0.1017 0.9807
vn -0.1113 0.0679 0.9915
vn -0.3508 0.0288 0.9360
vn 0.6307 -0.7512 0.1947
vn -0.8924 0.4065 -0.1958
vn 0.0346 -0.0096 0.9994
vn -0.0089 0.0147 0.9999
vn -0.7233 0.6905 0.0001
vn -0.8482 0.4552 -0.2709
vn -0.9755 0.2201 -0.0002
vn -0.6658 0.6951 -0.2712
vn -0.8586 0.5126 0.0001
vn -0.1040 0.2153 -0.9710
vn -0.4183 0.8667 -0.2717
vn -0.4182 0.8667 -0.2718
vn -0.0325 0.2370 -0.9710
vn -0.0328 0.2370 -0.9710
vn -0.1305 0.9535 -0.2715
vn 0.1331 0.9911 -0.0002
vn -0.3964 0.9181 -0.0001
vn 0.0426 0.2354 -0.9710
vn 0.0424 0.2353 -0.9710
vn 0.4347 0.9006 -0.0000
vn -0.0911 0.9958 0.0002
vn 0.1702 0.9472 -0.2719
vn 0.1130 0.2109 -0.9710
vn 0.1132 0.2110 -0.9709
vn 0.4546 0.8484 -0.2712
vn 0.6884 0.7254 -0.0003
vn 0.2171 0.9762 -0.0006
vn 0.4554 0.8480 -0.2711
vn 0.1727 0.1654 -0.9710
vn 0.1726 0.1654 -0.9710
vn 0.6958 0.6650 -0.2715
vn 0.8826 0.4702 0.0005
vn 0.5145 0.8575 0.0006
vn 0.6956 0.6651 -0.2718
vn 0.8661 0.4201 -0.2710
vn 0.7475 0.6642 -0.0007
vn 0.8664 0.4196 -0.2708
vn -0.0600 0.1167 -0.9914
vn 0.2367 0.0323 -0.9710
vn 0.2366 0.0324 -0.9711
vn 0.9537 0.1302 -0.2712
vn 0.9196 0.3930 -0.0001
vn 0.9536 0.1304 -0.2712
vn 0.2351 -0.0424 -0.9710
vn -0.0654 -0.1160 -0.9911
vn 0.9472 -0.1707 -0.2715
vn 0.0614 0.1262 -0.9901
vn 0.9757 -0.2189 -0.0002
vn 0.8483 -0.4548 -0.2713
vn 0.0528 -0.0551 -0.9971
vn 0.0121 -0.2880 -0.9576
vn 0.4737 -0.8807 -0.0000
vn 0.8596 -0.5109 -0.0000
vn 0.4193 -0.8664 -0.2712
vn 0.1817 -0.9834 -0.0004
vn 0.6619 -0.7496 -0.0003
vn 0.4191 -0.8665 -0.2711
vn 0.1303 -0.9537 -0.2709
vn -0.1337 -0.9910 0.0003
vn 0.1302 -0.9538 -0.2709
vn 0.0426 -0.2457 -0.9684
vn -0.0293 -0.1603 -0.9866
vn -0.1260 -0.2154 -0.9684
vn -0.4537 -0.8489 -0.2710
vn -0.6858 -0.7278 -0.0008
vn -0.2134 -0.9770 -0.0009
vn -0.4544 -0.8487 -0.2707
vn -0.1176 -0.1127 -0.9866
vn -0.6956 -0.6652 -0.2713
vn -0.8828 -0.4698 0.0009
vn -0.6952 -0.6655 -0.2715
vn -0.8666 -0.4186 -0.2715
vn -0.9838 -0.1792 -0.0002
vn -0.7513 -0.6600 0.0002
vn -0.8667 -0.4186 -0.2715
vn -0.2205 -0.1166 -0.9684
vn -0.1614 -0.0221 -0.9866
vn -0.9188 -0.3947 0.0001
vn -0.1572 0.0214 -0.9873
vn -0.2080 0.1082 -0.9721
vn -0.9473 0.1707 -0.2711
vn -0.9015 0.4327 -0.0002
vn -0.9957 -0.0928 -0.0002
vn -0.6657 0.6952 0.2711
vn -0.6659 0.6951 0.2710
vn -0.0436 0.1619 0.9858
vn 0.1215 0.0942 0.9881
vn -0.0464 -0.0218 0.9987
vn -0.2292 -0.0812 0.9700
vn -0.0496 0.0266 0.9984
vn -0.8482 0.4552 0.2709
vn -0.4185 0.8667 0.2713
vn -0.4184 0.8668 0.2713
vn 0.1300 0.0150 0.9914
vn -0.1042 0.2155 0.9709
vn -0.1301 0.9535 0.2718
vn -0.0328 0.2369 0.9710
vn 0.1707 0.9471 0.2716
vn 0.1702 0.9472 0.2716
vn 0.0426 0.2354 0.9710
vn -0.1312 -0.0208 0.9911
vn 0.0430 0.2354 0.9710
vn 0.4544 0.8484 0.2715
vn 0.6955 0.6654 0.2712
vn 0.1728 0.1655 0.9710
vn -0.1183 0.0605 0.9911
vn 0.1730 0.1652 0.9710
vn 0.8660 0.4200 0.2713
vn 0.2152 0.1041 0.9710
vn 0.9471 -0.1712 0.2713
vn 0.9473 -0.1707 0.2712
vn 0.2139 -0.0121 0.9768
vn 0.0145 -0.0678 0.9976
vn -0.0075 0.1672 0.9859
vn 0.1745 -0.0314 0.9842
vn 0.1275 -0.0146 0.9917
vn 0.1803 -0.1104 0.9774
vn 0.2730 0.0906 0.9577
vn 0.0766 -0.0411 0.9962
vn 0.6659 -0.6949 0.2715
vn 0.0523 -0.1157 0.9919
vn 0.2676 -0.2793 0.9222
vn 0.4194 -0.8663 0.2714
vn 0.4189 -0.8665 0.2715
vn 0.1683 -0.3484 0.9221
vn 0.1681 -0.3480 0.9223
vn 0.1303 -0.9537 0.2709
vn 0.1304 -0.9537 0.2709
vn 0.0523 -0.3830 0.9223
vn 0.0523 -0.3830 0.9222
vn -0.1719 -0.9470 0.2712
vn -0.0686 -0.3805 0.9222
vn -0.0686 -0.3809 0.9221
vn -0.4543 -0.8484 0.2717
vn -0.1830 -0.3410 0.9221
vn -0.1828 -0.3405 0.9223
vn -0.6954 -0.6657 0.2706
vn -0.2791 -0.2675 0.9222
vn -0.2794 -0.2679 0.9220
vn -0.8666 -0.4187 0.2716
vn -0.8666 -0.4186 0.2716
vn -0.3485 -0.1683 0.9221
vn -0.3833 -0.0524 0.9221
vn -0.3831 -0.0524 0.9222
vn -0.3806 0.0686 0.9222
vn -0.3804 0.0686 0.9223
vn 0.1093 -0.2118 0.9712
vn 0.4187 -0.8666 0.2715
vn 0.6350 -0.7725 -0.0003
vn 0.3650 -0.9310 0.0002
vn -0.1010 -0.9949 -0.0003
vn -0.1714 -0.9471 0.2712
vn 0.0569 -0.9984 0.0002
vn -0.1715 -0.9472 0.2710
vn -0.6659 -0.7460 0.0001
vn -0.1726 -0.1653 0.9710
vn -0.6947 -0.6660 0.2717
vn -0.8640 -0.5034 -0.0003
vn -0.6949 -0.6658 0.2718
vn -0.8667 -0.4186 0.2714
vn -0.7734 -0.6340 0.0002
vn -0.2369 -0.0323 0.9710
vn -0.2371 -0.0319 0.9710
vn -0.9537 -0.1303 0.2711
vn -0.1539 0.0797 0.9849
vn -0.9472 0.1705 0.2715
vn -0.9982 -0.0596 -0.0000
vn -0.9472 0.1704 0.2715
vn -0.1894 0.1341 0.9727
vn -0.1669 -0.0658 0.9838
vn -0.1164 0.0418 0.9923
vn 0.4191 -0.8664 -0.2714
vn 0.4186 -0.8667 -0.2712
vn -0.1719 -0.9470 -0.2714
vn -0.1707 -0.9471 -0.2717
vn -0.4551 -0.8482 -0.2710
vn -0.6946 -0.6662 -0.2716
vn -0.8666 -0.4188 -0.2715
vn -0.2154 -0.1041 -0.9710
vn -0.9473 0.1702 -0.2714
vn -0.2353 0.0423 -0.9710
vn -0.2355 0.0425 -0.9710
vn -0.2438 0.0177 -0.9697
vn 0.9784 -0.2068 0.0066
vn 0.9766 0.2135 0.0279
vn 0.9876 0.1289 0.0899
vn -0.9766 -0.1953 -0.0898
vn -0.8600 -0.5102 -0.0067
vn -0.9933 -0.1123 -0.0281
vn -0.9405 -0.3399 -0.0000
vn 0.9355 0.3535 -0.0000
vn 0.9355 0.3534 -0.0000
vn -0.8087 -0.5882 -0.0000
vn 0.8130 0.5823 -0.0000
vn 0.8130 0.5822 -0.0000
vn -0.5612 -0.8277 -0.0000
vn 0.5610 0.8278 -0.0000
vn -0.9623 -0.2721 -0.0001
vn -0.9625 -0.0063 -0.2711
vn -0.9625 -0.0061 -0.2712
vn -0.9650 0.2621 -0.0002
vn -0.1129 0.0572 -0.9920
vn -0.1317 0.0526 -0.9899
vn -0.1627 0.1799 -0.9701
vn -0.1502 -0.0010 -0.9887
vn -0.0718 0.0058 -0.9974
vn -0.0404 -0.0134 -0.9991
vn -0.0769 -0.1335 -0.9881
vn 0.0602 -0.2430 -0.9682
vn -0.9135 -0.3031 -0.2714
vn -0.9988 -0.0480 -0.0001
vn -0.8316 -0.5553 -0.0003
vn -0.9134 -0.3034 -0.2713
vn -0.0385 0.1253 -0.9914
vn -0.1927 -0.1419 -0.9710
vn -0.1926 -0.1418 -0.9710
vn 0.1096 -0.0753 -0.9911
vn -0.7750 -0.5708 -0.2713
vn -0.9343 -0.3564 -0.0002
vn -0.6176 -0.7865 0.0002
vn -0.7749 -0.5709 -0.2713
vn -0.0753 0.1074 -0.9914
vn -0.1393 -0.1944 -0.9710
vn 0.1273 -0.0378 -0.9911
vn -0.5605 -0.7823 -0.2718
vn -0.7769 -0.6296 0.0003
vn -0.3414 -0.9399 0.0003
vn -0.5608 -0.7822 -0.2712
vn -0.1046 0.0785 -0.9914
vn -0.0724 -0.2279 -0.9710
vn -0.0723 -0.2281 -0.9709
vn 0.1330 0.0031 -0.9911
vn -0.2915 -0.9174 -0.2709
vn -0.5477 -0.8367 0.0001
vn -0.0382 -0.9993 -0.0004
vn -0.2916 -0.9170 -0.2721
vn -0.1240 0.0420 -0.9914
vn 0.0016 -0.2392 -0.9710
vn 0.0014 -0.2392 -0.9710
vn 0.1252 0.0446 -0.9911
vn 0.0061 -0.9625 -0.2711
vn -0.2634 -0.9647 -0.0007
vn 0.2707 -0.9627 0.0001
vn 0.0065 -0.9625 -0.2713
vn -0.1309 0.0023 -0.9914
vn 0.0753 -0.2268 -0.9710
vn 0.0754 -0.2267 -0.9710
vn 0.1057 0.0806 -0.9911
vn 0.3037 -0.9127 -0.2732
vn 0.0581 -0.9983 0.0011
vn 0.5643 -0.8256 0.0007
vn 0.3031 -0.9135 -0.2713
vn -0.1249 -0.0388 -0.9914
vn 0.1419 -0.1926 -0.9710
vn 0.1417 -0.1927 -0.9710
vn 0.0751 0.1099 -0.9911
vn 0.5708 -0.7754 -0.2701
vn 0.3490 -0.9371 -0.0006
vn 0.7819 -0.6234 -0.0011
vn 0.5708 -0.7746 -0.2724
vn -0.1075 -0.0751 -0.9914
vn 0.1942 -0.1392 -0.9710
vn 0.1943 -0.1392 -0.9710
vn 0.0377 0.1275 -0.9911
vn 0.7823 -0.5607 -0.2713
vn 0.6287 -0.7776 -0.0002
vn 0.9392 -0.3434 0.0004
vn 0.7823 -0.5608 -0.2713
vn -0.0786 -0.1046 -0.9914
vn 0.2278 -0.0724 -0.9710
vn -0.0035 0.1330 -0.9911
vn 0.9173 -0.2914 -0.2713
vn 0.8376 -0.5463 0.0001
vn 0.9993 -0.0373 -0.0001
vn -0.0047 -0.1404 -0.9901
vn 0.2391 0.0015 -0.9710
vn 0.1556 -0.0727 -0.9851
vn 0.0497 0.0463 -0.9977
vn 0.9625 0.0061 -0.2713
vn 0.9652 -0.2615 -0.0001
vn 0.9622 0.2725 -0.0001
vn 0.9625 0.0062 -0.2713
vn 0.1881 0.0530 -0.9807
vn 0.0724 0.0240 -0.9971
vn 0.0862 0.0769 -0.9933
vn 0.1449 0.2489 -0.9576
vn 0.9135 0.3033 -0.2712
vn 0.9987 0.0500 -0.0000
vn 0.8307 0.5568 -0.0001
vn 0.9134 0.3034 -0.2712
vn 0.2390 0.0701 -0.9685
vn 0.1312 0.0966 -0.9866
vn 0.1378 0.2079 -0.9684
vn 0.7752 0.5708 -0.2707
vn 0.9345 0.3559 -0.0002
vn 0.6184 0.7859 -0.0001
vn 0.7751 0.5708 -0.2711
vn 0.2060 0.1405 -0.9684
vn 0.0949 0.1325 -0.9866
vn 0.0669 0.2402 -0.9684
vn 0.5606 0.7824 -0.2712
vn 0.7772 0.6292 -0.0001
vn 0.3428 0.9394 0.0005
vn 0.5607 0.7823 -0.2712
vn 0.1523 0.1975 -0.9684
vn 0.0494 0.1558 -0.9866
vn 0.0492 0.1551 -0.9867
vn -0.0110 0.2497 -0.9683
vn 0.2911 0.9169 -0.2730
vn 0.5427 0.8399 0.0009
vn 0.0322 0.9995 -0.0000
vn 0.2917 0.9172 -0.2713
vn 0.0845 0.2350 -0.9683
vn -0.0011 0.1630 -0.9866
vn -0.0010 0.1636 -0.9865
vn -0.0867 0.2337 -0.9684
vn -0.0057 0.9631 -0.2692
vn 0.2704 0.9628 -0.0010
vn -0.2636 0.9646 -0.0011
vn -0.0063 0.9621 -0.2728
vn 0.0073 0.2493 -0.9684
vn -0.0513 0.1547 -0.9866
vn -0.0514 0.1547 -0.9866
vn -0.1555 0.1954 -0.9683
vn -0.3034 0.9131 -0.2724
vn -0.0558 0.9984 0.0001
vn -0.5610 0.8278 0.0009
vn -0.3033 0.9137 -0.2704
vn -0.0699 0.2396 -0.9683
vn -0.0967 0.1313 -0.9866
vn -0.0966 0.1313 -0.9866
vn -0.2077 0.1380 -0.9684
vn -0.5709 0.7750 -0.2711
vn -0.3559 0.9345 0.0002
vn -0.7862 0.6180 -0.0002
vn -0.5707 0.7749 -0.2719
vn -0.1404 0.2061 -0.9684
vn -0.1324 0.0949 -0.9866
vn -0.2402 0.0669 -0.9684
vn -0.7823 0.5606 -0.2715
vn -0.6284 0.7779 0.0001
vn -0.9391 0.3436 0.0001
vn -0.7822 0.5607 -0.2715
vn -0.1872 0.1611 -0.9690
vn -0.1553 0.0494 -0.9866
vn -0.1491 0.0545 -0.9873
vn -0.2346 0.0016 -0.9721
vn -0.9173 0.2915 -0.2714
vn -0.8375 0.5464 -0.0000
vn -0.9993 0.0374 -0.0001
vn -0.9172 0.2915 -0.2714
vn -0.9135 -0.3033 0.2712
vn -0.9134 -0.3031 0.2716
vn -0.1250 -0.1185 0.9851
vn -0.0631 0.0289 0.9976
vn 0.0486 -0.1307 0.9902
vn -0.2270 -0.0754 0.9710
vn -0.1892 -0.0230 0.9817
vn -0.0777 -0.0005 0.9970
vn -0.1029 0.0376 0.9940
vn -0.2077 0.1722 0.9629
vn -0.9624 -0.0061 0.2716
vn -0.9625 -0.0063 0.2713
vn -0.7749 -0.5708 0.2716
vn -0.7749 -0.5708 0.2713
vn -0.1926 -0.1419 0.9710
vn -0.0395 0.1271 0.9911
vn 0.1080 -0.0739 0.9914
vn -0.5607 -0.7822 0.2716
vn -0.5606 -0.7825 0.2712
vn -0.1393 -0.1944 0.9710
vn -0.0769 0.1086 0.9911
vn 0.1255 -0.0369 0.9914
vn -0.1393 -0.1943 0.9710
vn -0.2913 -0.9174 0.2713
vn -0.2914 -0.9171 0.2720
vn -0.0723 -0.2281 0.9709
vn -0.1063 0.0795 0.9912
vn 0.1311 0.0035 0.9914
vn -0.0723 -0.2278 0.9710
vn 0.0066 -0.9625 0.2712
vn 0.0064 -0.9623 0.2719
vn 0.0014 -0.2390 0.9710
vn -0.1262 0.0424 0.9911
vn 0.1232 0.0442 0.9914
vn 0.0016 -0.2395 0.9709
vn 0.3030 -0.9133 0.2722
vn 0.3038 -0.9136 0.2702
vn 0.0756 -0.2273 0.9709
vn -0.1329 0.0020 0.9911
vn 0.1038 0.0797 0.9914
vn 0.0754 -0.2274 0.9709
vn 0.5710 -0.7750 0.2709
vn 0.5701 -0.7748 0.2732
vn 0.1416 -0.1925 0.9710
vn -0.1268 -0.0398 0.9911
vn 0.0737 0.1085 0.9914
vn 0.1419 -0.1926 0.9710
vn 0.7824 -0.5608 0.2710
vn 0.7825 -0.5606 0.2710
vn 0.1943 -0.1392 0.9710
vn -0.1089 -0.0767 0.9911
vn 0.0368 0.1255 0.9914
vn 0.1943 -0.1393 0.9710
vn 0.9173 -0.2915 0.2714
vn 0.9173 -0.2915 0.2713
vn 0.2278 -0.0724 0.9710
vn -0.0795 -0.1065 0.9911
vn -0.0038 0.1310 0.9914
vn 0.9624 0.0062 0.2714
vn 0.9624 0.0061 0.2714
vn 0.1156 -0.1017 0.9881
vn 0.0210 -0.2494 0.9682
vn 0.0657 0.0282 0.9974
vn 0.0425 0.0003 0.9991
vn 0.9134 0.3034 0.2713
vn 0.9135 0.3033 0.2713
vn 0.0942 0.0996 0.9906
vn 0.1040 0.1085 0.9886
vn 0.0978 0.2352 0.9670
vn 0.1546 0.0513 0.9866
vn 0.7750 0.5708 0.2712
vn 0.1311 0.0967 0.9866
vn 0.2391 0.0701 0.9685
vn 0.1377 0.2079 0.9684
vn 0.1312 0.0966 0.9866
vn 0.5607 0.7823 0.2713
vn 0.5605 0.7825 0.2711
vn 0.0949 0.1325 0.9866
vn 0.2060 0.1405 0.9684
vn 0.0669 0.2402 0.9684
vn 0.2915 0.9170 0.2723
vn 0.2914 0.9175 0.2707
vn 0.0493 0.1555 0.9866
vn 0.1521 0.1975 0.9684
vn -0.0110 0.2495 0.9683
vn 0.0493 0.1552 0.9867
vn -0.0065 0.9628 0.2702
vn -0.0058 0.9618 0.2738
vn -0.0010 0.1628 0.9867
vn 0.0846 0.2352 0.9683
vn -0.0869 0.2338 0.9684
vn -0.0011 0.1634 0.9866
vn -0.3033 0.9133 0.2719
vn -0.3038 0.9137 0.2699
vn -0.0515 0.1551 0.9866
vn 0.0072 0.2492 0.9684
vn -0.1554 0.1954 0.9683
vn -0.0514 0.1549 0.9866
vn -0.5708 0.7749 0.2716
vn -0.5707 0.7748 0.2720
vn -0.0966 0.1313 0.9866
vn -0.0699 0.2397 0.9683
vn -0.2079 0.1380 0.9684
vn -0.0968 0.1315 0.9866
vn -0.7822 0.5608 0.2714
vn -0.7823 0.5607 0.2714
vn -0.1324 0.0949 0.9866
vn -0.1405 0.2061 0.9684
vn -0.2402 0.0669 0.9684
vn -0.9172 0.2914 0.2717
vn -0.9173 0.2915 0.2714
vn -0.1452 0.0533 0.9880
vn -0.1900 0.1668 0.9675
vn -0.2401 -0.0014 0.9707
vn -0.1431 0.0455 0.9887
vn 0.1795 0.1664 0.9696
vn 0.8949 0.3531 0.2730
vn 0.1926 0.1419 0.9710
vn 0.1924 0.1418 0.9710
vn 0.7749 0.5707 0.2718
vn 0.6436 0.7654 -0.0001
vn 0.9222 0.3867 0.0001
vn 0.7750 0.5709 0.2711
vn 0.1392 0.1942 0.9710
vn 0.1391 0.1942 0.9710
vn 0.5607 0.7826 0.2704
vn 0.3743 0.9273 0.0002
vn 0.7565 0.6540 0.0001
vn 0.5607 0.7822 0.2718
vn 0.0724 0.2279 0.9710
vn 0.0724 0.2277 0.9710
vn 0.2916 0.9173 0.2710
vn 0.0716 0.9974 -0.0001
vn 0.5188 0.8549 -0.0003
vn 0.2915 0.9175 0.2706
vn -0.0016 0.2389 0.9710
vn -0.0015 0.2390 0.9710
vn -0.0063 0.9625 0.2712
vn -0.2412 0.9705 -0.0001
vn 0.2284 0.9736 -0.0000
vn -0.0754 0.2269 0.9710
vn -0.0754 0.2268 0.9710
vn -0.3032 0.9134 0.2714
vn -0.5288 0.8488 -0.0001
vn -0.0828 0.9966 -0.0001
vn -0.3034 0.9134 0.2715
vn -0.1417 0.1924 0.9710
vn -0.1417 0.1927 0.9710
vn -0.5706 0.7750 0.2715
vn -0.7657 0.6432 -0.0001
vn -0.3871 0.9220 0.0001
vn -0.5707 0.7750 0.2715
vn -0.1945 0.1394 0.9710
vn -0.1944 0.1392 0.9710
vn -0.7825 0.5605 0.2711
vn -0.9272 0.3745 0.0002
vn -0.6538 0.7567 0.0001
vn -0.7823 0.5607 0.2713
vn -0.2278 0.0724 0.9710
vn -0.2279 0.0725 0.9710
vn -0.9172 0.2916 0.2714
vn -0.9975 0.0709 -0.0000
vn -0.8550 0.5187 -0.0001
vn -0.9173 0.2914 0.2714
vn -0.2323 0.0444 0.9716
vn -0.9570 0.0949 0.2741
vn 0.8756 0.3975 -0.2744
vn 0.2058 0.1168 -0.9716
vn 0.7750 0.5709 -0.2712
vn 0.7751 0.5709 -0.2707
vn 0.1926 0.1419 -0.9710
vn 0.1926 0.1418 -0.9710
vn 0.5608 0.7825 -0.2705
vn 0.5605 0.7823 -0.2719
vn 0.1391 0.1943 -0.9710
vn 0.1391 0.1941 -0.9711
vn 0.2913 0.9175 -0.2707
vn 0.2917 0.9175 -0.2705
vn 0.0723 0.2276 -0.9711
vn 0.0723 0.2277 -0.9711
vn -0.0063 0.9626 -0.2708
vn -0.0063 0.9624 -0.2717
vn -0.0014 0.2389 -0.9710
vn -0.0015 0.2391 -0.9710
vn -0.3034 0.9133 -0.2717
vn -0.3033 0.9136 -0.2709
vn -0.0755 0.2268 -0.9710
vn -0.0753 0.2267 -0.9711
vn -0.5706 0.7750 -0.2715
vn -0.5707 0.7750 -0.2715
vn -0.1415 0.1926 -0.9710
vn -0.1419 0.1927 -0.9709
vn -0.7825 0.5607 -0.2708
vn -0.7824 0.5605 -0.2715
vn -0.1945 0.1392 -0.9710
vn -0.1943 0.1392 -0.9710
vn -0.9173 0.2915 -0.2713
vn -0.9173 0.2916 -0.2710
vn -0.2279 0.0725 -0.9710
vn -0.2279 0.0724 -0.9710
vn -0.9608 0.0466 -0.2731
vn -0.2237 0.0979 -0.9697
vn -0.9867 -0.1628 -0.0000
vn -0.9867 -0.1629 -0.0000
vn 0.9867 0.1628 -0.0000
vn 0.2371 0.3009 0.9237
vn 0.0821 0.0558 0.9951
vn 0.1241 0.0477 0.9911
vn 0.0258 0.0513 0.9983
vn 0.1526 0.1217 0.9808
vn 0.0086 0.0570 0.9983
vn -0.1170 0.2674 0.9565
vn -0.0265 0.0512 0.9983
vn -0.0151 0.2278 0.9736
vn -0.0408 0.0403 0.9984
vn -0.2572 0.0382 0.9656
vn -0.1001 0.1677 0.9807
vn -0.2736 0.1487 0.9503
vn -0.1379 0.0073 0.9904
vn 0.9784 -0.2068 0.0067
vn 0.9765 0.2135 0.0279
vn 0.9876 0.1288 0.0899
vn 0.0351 -0.0077 0.9994
vn -0.0148 -0.0089 0.9999
vn -0.9650 0.2621 -0.0001
vn -0.1628 0.1799 -0.9701
vn -0.1503 -0.0010 -0.9886
vn 0.0601 -0.2430 -0.9682
vn -0.9135 -0.3032 -0.2714
vn -0.9133 -0.3034 -0.2717
vn -0.1926 -0.1419 -0.9710
vn -0.9344 -0.3563 -0.0002
vn -0.6177 -0.7864 0.0002
vn -0.5604 -0.7823 -0.2719
vn -0.3415 -0.9399 0.0002
vn -0.5607 -0.7823 -0.2712
vn -0.2917 -0.9173 -0.2711
vn -0.5477 -0.8367 0.0002
vn -0.2917 -0.9170 -0.2722
vn -0.1240 0.0421 -0.9914
vn 0.0015 -0.2392 -0.9710
vn 0.0014 -0.2396 -0.9709
vn 0.0062 -0.9627 -0.2706
vn -0.2635 -0.9647 -0.0007
vn 0.0065 -0.9624 -0.2715
vn 0.0755 -0.2267 -0.9710
vn 0.1058 0.0806 -0.9911
vn 0.3037 -0.9127 -0.2733
vn 0.3031 -0.9135 -0.2712
vn -0.1248 -0.0388 -0.9914
vn 0.1421 -0.1928 -0.9709
vn 0.1416 -0.1927 -0.9710
vn 0.5707 -0.7755 -0.2701
vn 0.5707 -0.7747 -0.2723
vn -0.1075 -0.0752 -0.9914
vn 0.7824 -0.5606 -0.2712
vn 0.7825 -0.5607 -0.2708
vn 0.2279 -0.0724 -0.9710
vn 0.9993 -0.0374 -0.0001
vn 0.9624 0.0062 -0.2716
vn 0.7752 0.5706 -0.2711
vn 0.9345 0.3559 -0.0001
vn 0.7751 0.5707 -0.2711
vn 0.7773 0.6291 -0.0001
vn 0.3430 0.9393 0.0005
vn 0.5607 0.7824 -0.2712
vn 0.0494 0.1553 -0.9866
vn 0.0493 0.1554 -0.9866
vn 0.2909 0.9170 -0.2729
vn 0.5427 0.8399 0.0010
vn 0.2915 0.9173 -0.2714
vn 0.0845 0.2351 -0.9683
vn -0.0010 0.1627 -0.9867
vn -0.0010 0.1635 -0.9865
vn -0.0058 0.9631 -0.2692
vn 0.2704 0.9627 -0.0010
vn -0.0065 0.9621 -0.2727
vn -0.3035 0.9130 -0.2724
vn -0.0556 0.9985 0.0001
vn -0.5609 0.8279 0.0009
vn -0.3035 0.9136 -0.2704
vn -0.0699 0.2397 -0.9683
vn -0.0965 0.1311 -0.9867
vn -0.0967 0.1314 -0.9866
vn -0.2078 0.1380 -0.9684
vn -0.5709 0.7749 -0.2714
vn -0.3558 0.9345 0.0002
vn -0.7862 0.6180 -0.0003
vn -0.5708 0.7748 -0.2717
vn -0.1405 0.2061 -0.9684
vn -0.1325 0.0949 -0.9866
vn -0.1324 0.0950 -0.9866
vn -0.6284 0.7779 -0.0000
vn -0.9391 0.3437 0.0001
vn -0.9174 0.2915 -0.2711
vn -0.1144 -0.1228 0.9858
vn -0.0479 0.0142 0.9988
vn 0.0633 -0.1400 0.9881
vn -0.2271 -0.0754 0.9710
vn -0.0564 -0.0004 0.9984
vn -0.1649 0.1789 0.9699
vn -0.7750 -0.5708 0.2713
vn -0.5606 -0.7823 0.2716
vn -0.5605 -0.7826 0.2709
vn -0.1394 -0.1944 0.9710
vn -0.2914 -0.9173 0.2713
vn -0.2914 -0.9171 0.2722
vn -0.0723 -0.2281 0.9710
vn -0.0725 -0.2282 0.9709
vn 0.0064 -0.9623 0.2718
vn 0.0013 -0.2393 0.9710
vn -0.1261 0.0424 0.9911
vn 0.0015 -0.2393 0.9709
vn 0.3031 -0.9133 0.2722
vn 0.3039 -0.9136 0.2702
vn 0.0757 -0.2275 0.9708
vn -0.1328 0.0020 0.9911
vn 0.1039 0.0797 0.9914
vn 0.0754 -0.2269 0.9710
vn 0.5700 -0.7748 0.2733
vn -0.1269 -0.0398 0.9911
vn 0.7823 -0.5608 0.2710
vn 0.7824 -0.5607 0.2711
vn 0.1948 -0.0894 0.9768
vn -0.0846 -0.1445 0.9859
vn 0.0444 0.0532 0.9976
vn 0.1689 -0.0537 0.9842
vn 0.9625 0.0061 0.2714
vn 0.1196 -0.0465 0.9917
vn 0.1990 -0.2074 0.9578
vn 0.2109 0.0135 0.9774
vn 0.0870 0.0006 0.9962
vn 0.1003 0.0778 0.9919
vn 0.3669 0.1219 0.9223
vn 0.3112 0.2292 0.9223
vn 0.3115 0.2294 0.9221
vn 0.5607 0.7824 0.2710
vn 0.2253 0.3145 0.9221
vn 0.2253 0.3143 0.9222
vn 0.2914 0.9170 0.2724
vn 0.1172 0.3690 0.9220
vn 0.1174 0.3693 0.9219
vn -0.0026 0.3870 0.9221
vn -0.0026 0.3868 0.9221
vn -0.3038 0.9138 0.2697
vn -0.1219 0.3672 0.9221
vn -0.1220 0.3673 0.9221
vn -0.5709 0.7748 0.2716
vn -0.5708 0.7749 0.2715
vn -0.2296 0.3117 0.9220
vn -0.2294 0.3114 0.9222
vn -0.7823 0.5606 0.2714
vn -0.3143 0.2253 0.9222
vn -0.3686 0.1171 0.9222
vn 0.1955 0.1363 0.9712
vn 0.6436 0.7653 -0.0001
vn 0.7750 0.5709 0.2709
vn 0.5608 0.7826 0.2703
vn 0.7564 0.6541 0.0001
vn 0.0723 0.2276 0.9711
vn 0.2916 0.9172 0.2715
vn -0.0062 0.9625 0.2712
vn -0.0753 0.2269 0.9710
vn -0.3032 0.9133 0.2717
vn -0.5288 0.8487 -0.0001
vn -0.7656 0.6433 -0.0000
vn -0.1733 0.0015 0.9849
vn -0.9173 0.2915 0.2715
vn -0.2301 -0.0300 0.9727
vn -0.1225 0.0174 0.9923
vn -0.0582 0.1178 0.9913
vn 0.8757 0.3975 -0.2740
vn 0.7749 0.5708 -0.2716
vn 0.7750 0.5709 -0.2709
vn 0.5609 0.7825 -0.2705
vn 0.5605 0.7822 -0.2720
vn 0.1392 0.1944 -0.9710
vn 0.1392 0.1941 -0.9711
vn 0.2914 0.9175 -0.2707
vn 0.2917 0.9174 -0.2709
vn 0.0723 0.2277 -0.9710
vn -0.0064 0.9626 -0.2710
vn -0.0063 0.9625 -0.2713
vn -0.0016 0.2391 -0.9710
vn -0.3034 0.9134 -0.2713
vn -0.3032 0.9135 -0.2713
vn -0.0753 0.2266 -0.9711
vn -0.1417 0.1925 -0.9710
vn -0.7823 0.5607 -0.2713
vn -0.7825 0.5605 -0.2712
vn -0.1945 0.1393 -0.9710
vn -0.1943 0.1393 -0.9710
vn -0.9173 0.2916 -0.2713
vn -0.2283 0.0726 -0.9709
vn -0.2238 0.0979 -0.9697
vn 0.1504 0.1108 -0.9824
vn 0.1819 0.0596 -0.9815
vn 0.0517 0.1199 -0.9914
vn 0.0902 0.1152 -0.9892
vn -0.0565 0.1778 -0.9824
vn -0.0053 0.1463 -0.9892
vn -0.1122 0.1553 -0.9815
vn -0.1563 0.1138 -0.9811
vn -0.3848 -0.5164 -0.7650
vn 0.0506 0.0945 -0.9942
vn 0.6047 -0.2439 -0.7582
vn 0.5182 -0.4132 -0.7489
vn -0.4805 0.2770 -0.8321
vn 0.1753 -0.2004 -0.9639
vn 0.1573 -0.1142 -0.9809
vn 0.1846 -0.0598 -0.9810
vn 0.1932 0.0003 -0.9812
vn 0.3855 -0.5169 0.7643
vn 0.1563 0.1139 0.9811
vn -0.0517 0.1199 0.9914
vn 0.1122 0.1553 0.9815
vn 0.0565 0.1778 0.9824
vn 0.0053 0.1463 0.9892
vn -0.0902 0.1152 0.9892
vn -0.1503 0.1107 0.9824
vn -0.1819 0.0596 0.9815
vn -0.1932 0.0003 0.9812
vn -0.1846 -0.0598 0.9810
vn -0.1574 -0.1142 0.9809
vn -0.1753 -0.2005 0.9639
vn 0.4802 0.2765 0.8324
vn -0.5162 -0.4130 0.7503
vn -0.6076 -0.2379 0.7578
vn -0.0238 0.0993 0.9948
vn 0.7468 0.2425 -0.6192
vn 0.6355 0.4613 -0.6191
vn 0.6355 0.4612 0.6192
vn 0.7468 0.2428 0.6192
vn 0.4618 0.6352 -0.6191
vn 0.4618 0.6349 0.6194
vn 0.2427 0.7469 -0.6191
vn 0.2427 0.7470 0.6189
vn 0.0001 0.7850 -0.6195
vn -0.0001 0.7851 0.6193
vn -0.2426 0.7469 -0.6191
vn -0.2426 0.7470 0.6190
vn -0.4616 0.6353 -0.6191
vn -0.4618 0.6349 0.6194
vn -0.6354 0.4614 -0.6192
vn -0.6355 0.4612 0.6192
vn -0.7469 0.2425 -0.6191
vn -0.7469 0.2427 0.6191
vn -0.7853 -0.0000 -0.6191
vn -0.7853 -0.0000 0.6191
vn -0.7470 -0.2421 -0.6192
vn -0.7469 -0.2426 0.6191
vn -0.6354 -0.4616 -0.6191
vn -0.6353 -0.4616 0.6191
vn -0.4610 -0.6359 -0.6189
vn -0.4612 -0.6356 0.6191
vn -0.2429 -0.7467 -0.6192
vn -0.2429 -0.7466 0.6193
vn -0.0000 -0.7851 -0.6193
vn -0.0000 -0.7853 0.6192
vn 0.2429 -0.7468 -0.6191
vn 0.2430 -0.7466 0.6193
vn 0.4612 -0.6358 -0.6188
vn 0.4613 -0.6356 0.6191
vn 0.6353 -0.4616 -0.6191
vn 0.6354 -0.4616 0.6191
vn 0.7469 -0.2421 -0.6193
vn 0.7469 -0.2426 0.6192
vn 0.7852 -0.0000 -0.6192
vn 0.7852 -0.0000 0.6192
vn 0.0509 0.0221 0.9985
vn 0.0382 0.0499 0.9980
vn 0.0346 0.0260 0.9991
vn 0.0333 0.0266 0.9991
vn 0.0415 0.0365 0.9985
vn 0.0208 0.0587 0.9981
vn 0.0247 0.0354 0.9991
vn 0.0232 0.0357 0.9991
vn 0.0282 0.0475 0.9985
vn 0.0017 0.0623 0.9981
vn 0.0126 0.0412 0.9991
vn 0.0111 0.0411 0.9991
vn 0.0122 0.0540 0.9985
vn -0.0177 0.0599 0.9980
vn -0.0008 0.0432 0.9991
vn -0.0021 0.0425 0.9991
vn -0.0051 0.0551 0.9985
vn -0.0354 0.0514 0.9981
vn -0.0141 0.0408 0.9991
vn -0.0151 0.0398 0.9991
vn -0.0219 0.0508 0.9985
vn -0.0496 0.0380 0.9980
vn -0.0260 0.0344 0.9991
vn -0.0266 0.0331 0.9991
vn -0.0365 0.0415 0.9985
vn -0.0590 0.0208 0.9980
vn -0.0353 0.0247 0.9991
vn -0.0355 0.0233 0.9991
vn -0.0477 0.0283 0.9985
vn -0.0624 0.0018 0.9981
vn -0.0415 0.0126 0.9991
vn -0.0414 0.0112 0.9991
vn -0.0538 0.0122 0.9985
vn -0.0595 -0.0175 0.9981
vn -0.0431 -0.0008 0.9991
vn -0.0425 -0.0023 0.9991
vn -0.0550 -0.0053 0.9985
vn -0.0514 -0.0356 0.9980
vn -0.0407 -0.0142 0.9991
vn -0.0397 -0.0151 0.9991
vn -0.0507 -0.0222 0.9985
vn -0.0379 -0.0501 0.9980
vn -0.0343 -0.0260 0.9991
vn -0.0330 -0.0265 0.9991
vn -0.0415 -0.0367 0.9985
vn -0.0208 -0.0592 0.9980
vn -0.0248 -0.0354 0.9991
vn -0.0234 -0.0355 0.9991
vn -0.0283 -0.0476 0.9985
vn -0.0017 -0.0624 0.9980
vn -0.0127 -0.0413 0.9991
vn -0.0112 -0.0411 0.9991
vn -0.0122 -0.0539 0.9985
vn 0.0177 -0.0598 0.9981
vn 0.0008 -0.0431 0.9991
vn 0.0021 -0.0425 0.9991
vn 0.0051 -0.0551 0.9985
vn 0.0354 -0.0514 0.9980
vn 0.0141 -0.0408 0.9991
vn 0.0151 -0.0398 0.9991
vn 0.0219 -0.0508 0.9985
vn 0.0495 -0.0380 0.9981
vn 0.0261 -0.0344 0.9991
vn 0.0268 -0.0332 0.9991
vn 0.0365 -0.0416 0.9985
vn 0.0586 -0.0210 0.9981
vn 0.0355 -0.0248 0.9991
vn 0.0359 -0.0233 0.9991
vn 0.0473 -0.0284 0.9985
vn 0.0618 -0.0020 0.9981
vn 0.0412 -0.0127 0.9991
vn 0.0411 -0.0111 0.9991
vn 0.0538 -0.0123 0.9985
vn 0.0596 0.0175 0.9981
vn 0.0431 0.0007 0.9991
vn 0.0425 0.0020 0.9991
vn 0.0550 0.0052 0.9985
vn 0.0514 0.0356 0.9980
vn 0.0407 0.0140 0.9991
vn 0.0396 0.0149 0.9991
vn 0.0477 0.0283 -0.9985
vn 0.0624 0.0017 -0.9981
vn 0.0415 0.0126 -0.9991
vn 0.0414 0.0111 -0.9991
vn 0.0365 0.0415 -0.9985
vn 0.0589 0.0208 -0.9980
vn 0.0353 0.0247 -0.9991
vn 0.0355 0.0233 -0.9991
vn 0.0219 0.0508 -0.9985
vn 0.0495 0.0380 -0.9981
vn 0.0260 0.0344 -0.9991
vn 0.0266 0.0331 -0.9991
vn 0.0051 0.0551 -0.9985
vn 0.0354 0.0514 -0.9981
vn 0.0141 0.0408 -0.9991
vn 0.0151 0.0398 -0.9991
vn -0.0122 0.0540 -0.9985
vn 0.0177 0.0598 -0.9981
vn 0.0008 0.0431 -0.9991
vn 0.0021 0.0425 -0.9991
vn -0.0282 0.0476 -0.9985
vn -0.0016 0.0624 -0.9981
vn -0.0126 0.0413 -0.9991
vn -0.0111 0.0411 -0.9991
vn -0.0415 0.0365 -0.9985
vn -0.0208 0.0587 -0.9981
vn -0.0247 0.0354 -0.9991
vn -0.0232 0.0357 -0.9991
vn -0.0510 0.0221 -0.9985
vn -0.0381 0.0499 -0.9980
vn -0.0346 0.0260 -0.9991
vn -0.0333 0.0266 -0.9991
vn -0.0550 0.0052 -0.9985
vn -0.0514 0.0356 -0.9980
vn -0.0407 0.0140 -0.9991
vn -0.0396 0.0149 -0.9991
vn -0.0539 -0.0122 -0.9985
vn -0.0598 0.0177 -0.9981
vn -0.0431 0.0007 -0.9991
vn -0.0425 0.0020 -0.9991
vn -0.0473 -0.0283 -0.9985
vn -0.0620 -0.0018 -0.9981
vn -0.0412 -0.0126 -0.9991
vn -0.0410 -0.0111 -0.9991
vn -0.0365 -0.0416 -0.9985
vn -0.0586 -0.0209 -0.9981
vn -0.0355 -0.0248 -0.9991
vn -0.0359 -0.0233 -0.9991
vn -0.0219 -0.0508 -0.9985
vn -0.0495 -0.0380 -0.9981
vn -0.0261 -0.0345 -0.9991
vn -0.0268 -0.0332 -0.9991
vn -0.0051 -0.0551 -0.9985
vn -0.0354 -0.0514 -0.9980
vn -0.0141 -0.0408 -0.9991
vn -0.0151 -0.0398 -0.9991
vn 0.0122 -0.0539 -0.9985
vn -0.0177 -0.0598 -0.9981
vn -0.0008 -0.0431 -0.9991
vn -0.0021 -0.0425 -0.9991
vn 0.0283 -0.0476 -0.9985
vn 0.0017 -0.0624 -0.9980
vn 0.0127 -0.0413 -0.9991
vn 0.0112 -0.0410 -0.9991
vn 0.0415 -0.0367 -0.9985
vn 0.0208 -0.0593 -0.9980
vn 0.0248 -0.0354 -0.9991
vn 0.0234 -0.0355 -0.9991
vn 0.0506 -0.0220 -0.9985
vn 0.0379 -0.0498 -0.9980
vn 0.0343 -0.0260 -0.9991
vn 0.0330 -0.0265 -0.9991
vn 0.0551 -0.0052 -0.9985
vn 0.0514 -0.0354 -0.9980
vn 0.0408 -0.0141 -0.9991
vn 0.0398 -0.0152 -0.9991
vn 0.0538 0.0122 -0.9985
vn 0.0595 -0.0175 -0.9981
vn 0.0431 -0.0009 -0.9991
vn 0.0425 -0.0023 -0.9991
vn 0.8850 0.4504 -0.1182
vn 0.8896 0.4451 -0.1021
vn 0.8845 0.4513 0.1181
vn 0.8830 0.4582 0.1021
vn 0.7024 0.7018 -0.1182
vn 0.7085 0.6983 -0.1023
vn 0.7018 0.7025 0.1183
vn 0.6982 0.7086 0.1022
vn 0.4513 0.8845 -0.1182
vn 0.4582 0.8830 -0.1020
vn 0.4505 0.8850 0.1178
vn 0.4452 0.8896 0.1020
vn 0.1557 0.9808 -0.1178
vn 0.1628 0.9814 -0.1020
vn 0.1547 0.9809 0.1181
vn 0.1482 0.9837 0.1018
vn -0.1547 0.9809 -0.1181
vn -0.1482 0.9837 -0.1018
vn -0.1556 0.9808 0.1178
vn -0.1627 0.9814 0.1020
vn -0.4506 0.8849 -0.1178
vn -0.4452 0.8896 -0.1020
vn -0.4514 0.8845 0.1182
vn -0.4583 0.8829 0.1019
vn -0.7018 0.7025 -0.1183
vn -0.6982 0.7086 -0.1022
vn -0.7024 0.7019 0.1183
vn -0.7085 0.6983 0.1023
vn -0.8845 0.4513 -0.1182
vn -0.8829 0.4582 -0.1023
vn -0.8849 0.4504 0.1184
vn -0.8896 0.4451 0.1022
vn -0.9807 0.1559 -0.1182
vn -0.9813 0.1630 -0.1021
vn -0.9808 0.1549 0.1181
vn -0.9836 0.1484 0.1021
vn -0.9809 -0.1549 -0.1180
vn -0.9836 -0.1484 -0.1021
vn -0.9807 -0.1558 0.1181
vn -0.9814 -0.1629 0.1020
vn -0.8850 -0.4504 -0.1182
vn -0.8897 -0.4451 -0.1021
vn -0.8845 -0.4512 0.1182
vn -0.8830 -0.4581 0.1021
vn -0.7025 -0.7018 -0.1182
vn -0.7086 -0.6982 -0.1020
vn -0.7018 -0.7025 0.1181
vn -0.6982 -0.7086 0.1021
vn -0.4512 -0.8845 -0.1182
vn -0.4581 -0.8830 -0.1024
vn -0.4504 -0.8849 0.1186
vn -0.4451 -0.8896 0.1022
vn -0.1558 -0.9806 -0.1190
vn -0.1629 -0.9813 -0.1029
vn -0.1549 -0.9808 0.1189
vn -0.1484 -0.9836 0.1028
vn 0.1549 -0.9807 -0.1189
vn 0.1485 -0.9836 -0.1028
vn 0.1559 -0.9806 0.1189
vn 0.1628 -0.9813 0.1028
vn 0.4504 -0.8849 -0.1186
vn 0.4452 -0.8896 -0.1023
vn 0.4513 -0.8845 0.1182
vn 0.4581 -0.8830 0.1024
vn 0.7018 -0.7025 -0.1181
vn 0.6981 -0.7087 -0.1021
vn 0.7025 -0.7019 0.1181
vn 0.7086 -0.6982 0.1021
vn 0.8846 -0.4512 -0.1181
vn 0.8830 -0.4581 -0.1021
vn 0.8850 -0.4503 0.1182
vn 0.8897 -0.4451 0.1021
vn 0.9807 -0.1558 -0.1183
vn 0.9813 -0.1629 -0.1022
vn 0.9808 -0.1549 0.1182
vn 0.9836 -0.1484 0.1022
vn 0.9808 0.1549 -0.1181
vn 0.9837 0.1484 -0.1020
vn 0.9807 0.1558 0.1181
vn 0.9813 0.1629 0.1021
vn 0.7017 0.7025 0.1184
vn 0.6982 0.7086 0.1023
vn 0.7024 0.7019 -0.1183
vn 0.4505 0.8849 0.1178
vn 0.4451 0.8896 0.1020
vn 0.4514 0.8845 -0.1182
vn 0.4583 0.8829 -0.1020
vn 0.1556 0.9808 -0.1178
vn 0.1627 0.9814 -0.1020
vn -0.4505 0.8850 -0.1178
vn -0.4451 0.8896 -0.1020
vn -0.7025 0.7018 0.1183
vn -0.8850 0.4504 0.1184
vn -0.8845 0.4512 -0.1182
vn -0.8830 0.4581 -0.1023
vn -0.9808 0.1550 0.1181
vn -0.9807 -0.1558 0.1182
vn -0.8846 -0.4512 0.1182
vn -0.8850 -0.4504 -0.1181
vn -0.7085 -0.6983 -0.1021
vn -0.4452 -0.8896 0.1023
vn -0.4512 -0.8846 -0.1182
vn -0.4580 -0.8830 -0.1024
vn -0.1628 -0.9813 -0.1029
vn 0.1558 -0.9806 0.1190
vn 0.1629 -0.9813 0.1028
vn 0.1549 -0.9808 -0.1189
vn 0.1484 -0.9836 -0.1028
vn 0.4512 -0.8845 0.1182
vn 0.4582 -0.8829 0.1024
vn 0.4451 -0.8896 -0.1023
vn 0.7085 -0.6983 0.1021
vn 0.6982 -0.7086 -0.1021
vn 0.8850 -0.4504 0.1182
vn 0.8897 -0.4450 0.1021
vn 0.9807 0.1559 0.1181
vn 0.8248 0.4202 0.3783
vn 0.8247 0.4201 0.3786
vn 0.9142 0.1448 0.3785
vn 0.9142 0.1449 0.3786
vn 0.6544 0.6545 0.3787
vn 0.6545 0.6545 0.3784
vn 0.4202 0.8248 0.3784
vn 0.4199 0.8247 0.3788
vn 0.1446 0.9141 0.3788
vn 0.1452 0.9145 0.3777
vn -0.1449 0.9146 0.3775
vn -0.1450 0.9143 0.3783
vn -0.4202 0.8248 0.3784
vn -0.4200 0.8247 0.3787
vn -0.6545 0.6546 0.3784
vn -0.6545 0.6545 0.3784
vn -0.8248 0.4200 0.3785
vn -0.8247 0.4201 0.3786
vn -0.9141 0.1449 0.3787
vn -0.9141 0.1448 0.3787
vn -0.9142 -0.1448 0.3786
vn -0.9142 -0.1447 0.3787
vn -0.8247 -0.4203 0.3784
vn -0.8246 -0.4204 0.3786
vn -0.6547 -0.6542 0.3787
vn -0.6543 -0.6542 0.3793
vn -0.4199 -0.8245 0.3793
vn -0.4206 -0.8246 0.3783
vn -0.1448 -0.9143 0.3784
vn -0.1449 -0.9143 0.3782
vn 0.1450 -0.9143 0.3783
vn 0.1448 -0.9144 0.3781
vn 0.4202 -0.8247 0.3786
vn 0.4203 -0.8243 0.3792
vn 0.6543 -0.6540 0.3796
vn 0.6544 -0.6541 0.3793
vn 0.8245 -0.4203 0.3788
vn 0.8247 -0.4204 0.3782
vn 0.9142 -0.1448 0.3784
vn 0.9141 -0.1448 0.3787
vn 0.9142 0.1449 -0.3785
vn 0.9141 0.1449 -0.3786
vn 0.8248 0.4202 -0.3784
vn 0.8248 0.4201 -0.3785
vn 0.6546 0.6545 -0.3783
vn 0.6548 0.6545 -0.3780
vn 0.4200 0.8250 -0.3781
vn 0.4200 0.8246 -0.3791
vn 0.1451 0.9142 -0.3784
vn 0.1447 0.9144 -0.3781
vn -0.1450 0.9143 -0.3783
vn -0.1448 0.9140 -0.3790
vn -0.4198 0.8248 -0.3789
vn -0.4203 0.8250 -0.3778
vn -0.6548 0.6546 -0.3778
vn -0.6546 0.6545 -0.3784
vn -0.8247 0.4201 -0.3786
vn -0.8247 0.4201 -0.3787
vn -0.9141 0.1449 -0.3787
vn -0.9142 0.1449 -0.3786
vn -0.9141 -0.1448 -0.3788
vn -0.9141 -0.1448 -0.3787
vn -0.8246 -0.4203 -0.3786
vn -0.8246 -0.4203 -0.3787
vn -0.6546 -0.6543 -0.3787
vn -0.6545 -0.6541 -0.3793
vn -0.4204 -0.8245 -0.3787
vn -0.4202 -0.8250 -0.3779
vn -0.1448 -0.9143 -0.3782
vn -0.1450 -0.9142 -0.3785
vn 0.1448 -0.9142 -0.3784
vn 0.1450 -0.9145 -0.3778
vn 0.4204 -0.8246 -0.3785
vn 0.4200 -0.8246 -0.3790
vn 0.6545 -0.6542 -0.3789
vn 0.6545 -0.6541 -0.3792
vn 0.8247 -0.4204 -0.3784
vn 0.8248 -0.4203 -0.3783
vn 0.9141 -0.1448 -0.3787
vn 0.9142 -0.1448 -0.3786
vn 0.3819 0.0605 -0.9222
vn 0.3820 0.0605 -0.9222
vn 0.3445 0.1755 -0.9222
vn 0.3448 0.1758 -0.9221
vn 0.2737 0.2737 -0.9220
vn 0.2735 0.2735 -0.9222
vn 0.2094 0.3210 -0.9237
vn 0.0193 0.3830 -0.9235
vn -0.0606 0.3823 -0.9221
vn -0.0605 0.3820 -0.9222
vn -0.1755 0.3445 -0.9222
vn -0.1756 0.3447 -0.9221
vn -0.2736 0.2736 -0.9221
vn -0.3447 0.1756 -0.9221
vn -0.3444 0.1755 -0.9223
vn -0.2811 -0.0515 -0.9583
vn -0.2520 0.0399 -0.9669
vn -0.2524 -0.0400 -0.9668
vn -0.2685 -0.0425 -0.9623
vn -0.2273 -0.1158 -0.9669
vn -0.1807 -0.1807 -0.9668
vn -0.1923 -0.1923 -0.9623
vn -0.1365 -0.2285 -0.9639
vn -0.1756 -0.3444 -0.9223
vn 0.0514 -0.2811 -0.9583
vn -0.0399 -0.2519 -0.9669
vn 0.0400 -0.2524 -0.9668
vn 0.0425 -0.2685 -0.9623
vn 0.1047 -0.2447 -0.9639
vn 0.1754 -0.3442 -0.9223
vn 0.2732 -0.2733 -0.9223
vn 0.2734 -0.2734 -0.9222
vn 0.3446 -0.1756 -0.9222
vn 0.3819 -0.0605 -0.9222
vn 0.3820 -0.0605 -0.9222
vn 0.2812 -0.0515 0.9583
vn 0.2519 0.0399 0.9669
vn 0.3444 0.1755 0.9223
vn 0.3448 0.1756 0.9221
vn 0.2737 0.2737 0.9220
vn 0.2735 0.2735 0.9222
vn 0.1757 0.3447 0.9221
vn 0.1756 0.3446 0.9222
vn 0.0604 0.3819 0.9222
vn 0.0606 0.3824 0.9220
vn -0.0193 0.3831 0.9235
vn -0.2094 0.3210 0.9236
vn -0.2735 0.2735 0.9221
vn -0.2736 0.2736 0.9221
vn -0.3447 0.1757 0.9221
vn -0.3444 0.1755 0.9223
vn -0.3819 0.0605 0.9222
vn -0.3820 -0.0605 0.9222
vn -0.3821 -0.0605 0.9222
vn -0.3446 -0.1756 0.9222
vn -0.3447 -0.1756 0.9222
vn -0.2735 -0.2736 0.9221
vn -0.2733 -0.2734 0.9223
vn -0.1755 -0.3443 0.9223
vn -0.1047 -0.2447 0.9639
vn -0.0426 -0.2686 0.9623
vn -0.0400 -0.2525 0.9668
vn 0.0399 -0.2520 0.9669
vn -0.0514 -0.2811 0.9583
vn 0.1756 -0.3446 0.9222
vn 0.1365 -0.2284 0.9640
vn 0.1922 -0.1922 0.9624
vn 0.1806 -0.1806 0.9668
vn 0.2272 -0.1158 0.9669
vn 0.2685 -0.0425 0.9623
vn 0.2524 -0.0400 0.9668
vn 0.9511 -0.0000 -0.3090
vn 0.8090 -0.0000 -0.5878
vn 0.7987 0.1595 -0.5803
vn 0.9389 0.1595 -0.3051
vn 0.5878 -0.0000 -0.8090
vn 0.5803 0.1595 -0.7987
vn 0.3090 -0.0000 -0.9511
vn 0.3051 0.1595 -0.9389
vn -0.0000 0.1595 -0.9872
vn -0.3090 -0.0000 -0.9511
vn -0.3051 0.1595 -0.9389
vn -0.5878 -0.0000 -0.8090
vn -0.5803 0.1595 -0.7987
vn -0.8090 -0.0000 -0.5878
vn -0.7987 0.1595 -0.5803
vn -0.9511 -0.0000 -0.3090
vn -0.9389 0.1595 -0.3051
vn -1.0000 -0.0000 -0.0000
vn -0.9872 0.1595 -0.0000
vn -0.9511 -0.0000 0.3090
vn -0.9389 0.1595 0.3051
vn -0.8090 -0.0000 0.5878
vn -0.7987 0.1595 0.5803
vn -0.5878 -0.0000 0.8090
vn -0.5803 0.1595 0.7987
vn -0.3090 -0.0000 0.9511
vn -0.3051 0.1595 0.9389
vn -0.0000 0.1595 0.9872
vn 0.3090 -0.0000 0.9511
vn 0.3051 0.1595 0.9389
vn 0.5878 -0.0000 0.8090
vn 0.5803 0.1595 0.7987
vn 0.8090 -0.0000 0.5878
vn 0.7987 0.1595 0.5803
vn 0.9511 -0.0000 0.3090
vn 0.9389 0.1595 0.3051
vn 1.0000 -0.0000 -0.0000
vn 0.9872 0.1595 -0.0000
vn -0.9408 0.1465 0.3057
vn -0.8003 0.1465 0.5814
vn -0.5814 0.1465 0.8003
vn -0.3057 0.1465 0.9408
vn -0.0000 0.1465 0.9892
vn 0.3057 0.1465 0.9408
vn 0.5814 0.1465 0.8003
vn 0.8003 0.1465 0.5814
vn 0.9408 0.1465 0.3057
vn 0.9892 0.1465 -0.0000
vn 0.9408 0.1465 -0.3057
vn 0.8003 0.1466 -0.5814
vn 0.5814 0.1466 -0.8003
vn 0.3057 0.1465 -0.9408
vn -0.0000 0.1466 -0.9892
vn -0.3057 0.1465 -0.9408
vn -0.5814 0.1465 -0.8003
vn -0.8003 0.1465 -0.5814
vn -0.9408 0.1465 -0.3057
vn -0.9892 0.1465 -0.0000
vn -0.8247 -0.3786 0.4202
vn -0.8247 -0.3787 0.4202
vn -0.2561 -0.9578 0.1305
vn -0.0693 -0.9972 0.0272
vn 0.0124 -0.9998 -0.0145
vn 0.0163 -0.9998 -0.0099
vn -0.2838 -0.9578 0.0450
vn -0.2839 -0.9578 0.0450
vn -0.0743 -0.9972 0.0044
vn -0.9142 -0.3786 0.1448
vn -0.9141 -0.3786 0.1448
vn -0.6544 -0.3787 0.6545
vn -0.6545 -0.3786 0.6545
vn -0.2032 -0.9578 0.2032
vn -0.0575 -0.9972 0.0472
vn 0.0073 -0.9998 -0.0176
vn -0.4202 -0.3786 0.8247
vn -0.1305 -0.9578 0.2561
vn -0.0401 -0.9972 0.0627
vn 0.0015 -0.9998 -0.0190
vn -0.1448 -0.3786 0.9141
vn -0.1448 -0.3786 0.9142
vn -0.0450 -0.9578 0.2838
vn -0.0187 -0.9972 0.0720
vn -0.0044 -0.9998 -0.0185
vn 0.1448 -0.3786 0.9141
vn 0.0450 -0.9578 0.2838
vn 0.0044 -0.9972 0.0743
vn -0.0099 -0.9998 -0.0163
vn 0.0450 -0.9578 0.2839
vn 0.4202 -0.3787 0.8247
vn 0.4202 -0.3786 0.8247
vn 0.1305 -0.9578 0.2561
vn 0.0272 -0.9972 0.0693
vn -0.0145 -0.9998 -0.0124
vn 0.6545 -0.3786 0.6545
vn 0.2032 -0.9578 0.2032
vn 0.0473 -0.9972 0.0575
vn -0.0176 -0.9998 -0.0073
vn 0.8247 -0.3786 0.4202
vn 0.2561 -0.9578 0.1305
vn 0.0627 -0.9972 0.0401
vn -0.0190 -0.9998 -0.0015
vn 0.9141 -0.3786 0.1448
vn 0.2839 -0.9578 0.0450
vn 0.0720 -0.9972 0.0187
vn -0.0185 -0.9998 0.0044
vn 0.2838 -0.9578 0.0450
vn 0.9141 -0.3786 -0.1448
vn 0.2839 -0.9578 -0.0450
vn 0.0743 -0.9972 -0.0044
vn -0.0163 -0.9998 0.0099
vn 0.2838 -0.9578 -0.0450
vn 0.8247 -0.3786 -0.4202
vn 0.8247 -0.3787 -0.4202
vn 0.2561 -0.9578 -0.1305
vn 0.0693 -0.9972 -0.0272
vn -0.0124 -0.9998 0.0145
vn 0.6544 -0.3787 -0.6545
vn 0.6545 -0.3786 -0.6544
vn 0.2032 -0.9578 -0.2032
vn 0.0575 -0.9972 -0.0472
vn -0.0073 -0.9998 0.0176
vn 0.4202 -0.3787 -0.8247
vn 0.4202 -0.3786 -0.8247
vn 0.1305 -0.9578 -0.2561
vn 0.0401 -0.9972 -0.0627
vn -0.0015 -0.9998 0.0190
vn 0.1448 -0.3786 -0.9141
vn 0.0450 -0.9578 -0.2838
vn 0.0187 -0.9972 -0.0720
vn 0.0044 -0.9998 0.0185
vn 0.0450 -0.9578 -0.2839
vn -0.1448 -0.3787 -0.9141
vn -0.1448 -0.3786 -0.9141
vn -0.0450 -0.9578 -0.2839
vn -0.0044 -0.9972 -0.0743
vn 0.0099 -0.9998 0.0163
vn -0.4202 -0.3786 -0.8247
vn -0.4202 -0.3787 -0.8247
vn -0.1305 -0.9578 -0.2561
vn -0.0272 -0.9972 -0.0693
vn 0.0145 -0.9998 0.0124
vn -0.6545 -0.3786 -0.6545
vn -0.2032 -0.9578 -0.2032
vn -0.0472 -0.9972 -0.0575
vn 0.0176 -0.9998 0.0073
vn -0.8247 -0.3787 -0.4202
vn -0.8247 -0.3786 -0.4202
vn -0.2561 -0.9578 -0.1305
vn -0.0627 -0.9972 -0.0401
vn 0.0190 -0.9998 0.0015
vn -0.9141 -0.3786 -0.1448
vn -0.2839 -0.9578 -0.0450
vn -0.0720 -0.9972 -0.0187
vn 0.0185 -0.9998 -0.0044
vn -0.2838 -0.9578 -0.0450
vn 0.6545 -0.3786 -0.6545
vn 0.9142 -0.3786 -0.1448
vn -0.0450 -0.9578 -0.2838
vn -0.1448 -0.3786 -0.9142
vn -0.2560 -0.9578 0.1305
vn -0.6544 -0.3786 0.6545
vn 0.1448 -0.3786 0.9142
vn 0.6544 -0.3786 0.6545
vn -0.4587 0.2322 0.8577
vn -0.4350 0.0553 0.8987
vn -0.4684 0.0180 0.8833
vn -0.4156 0.2533 0.8736
vn 0.5822 0.1521 -0.7987
vn 0.8388 -0.0522 -0.5419
vn 0.9649 0.1287 -0.2291
vn 0.6913 0.2656 -0.6720
vn 0.1023 -0.9933 -0.0534
vn 0.0692 -0.9963 -0.0512
vn 0.1871 -0.9654 0.1818
vn -0.0606 -0.9949 0.0811
vn -0.7013 0.2322 0.6740
vn -0.4531 -0.0395 0.8906
vn -0.7040 -0.0009 0.7102
vn -0.6652 0.2533 0.7024
vn 0.8767 -0.2446 -0.4143
vn 0.8572 -0.2441 -0.4534
vn 0.9885 0.1283 0.0802
vn 0.8651 0.2656 -0.4255
vn 0.1138 -0.9933 -0.0192
vn 0.0816 -0.9963 -0.0273
vn 0.1218 -0.9654 0.2308
vn -0.0827 -0.9949 0.0584
vn -0.7071 -0.0000 0.7071
vn -0.8752 0.2323 0.4244
vn -0.9252 -0.2025 0.3209
vn -0.8535 -0.2518 0.4563
vn -0.8497 0.2533 0.4625
vn 0.9618 -0.2446 -0.1231
vn 0.9554 -0.2441 -0.1663
vn 0.9153 0.1283 0.3817
vn 0.9542 0.2656 -0.1373
vn 0.1142 -0.9933 0.0169
vn 0.0860 -0.9963 -0.0007
vn 0.0445 -0.9654 0.2571
vn -0.0967 -0.9949 0.0300
vn -0.0824 0.9933 0.0808
vn -0.0701 0.9963 0.0500
vn 0.1151 0.9653 0.2342
vn 0.0959 0.9949 -0.0326
vn -0.9635 0.2323 0.1332
vn -0.9791 -0.2025 0.0193
vn -0.9527 -0.2518 0.1703
vn -0.9510 0.2533 0.1773
vn 0.9527 -0.2446 0.1801
vn 0.9600 -0.2441 0.1371
vn 0.7526 0.1283 0.6459
vn 0.9500 0.2656 0.1643
vn 0.1034 -0.9933 0.0514
vn 0.0821 -0.9963 0.0259
vn -0.0371 -0.9654 0.2583
vn -0.1013 -0.9949 -0.0014
vn -0.1034 0.9933 0.0514
vn -0.0821 0.9963 0.0259
vn 0.0371 0.9653 0.2583
vn 0.1013 0.9949 -0.0014
vn -0.9575 0.2323 -0.1710
vn -0.9371 -0.2025 -0.2842
vn -0.9587 -0.2517 -0.1325
vn -0.9592 0.2533 -0.1253
vn 0.8505 -0.2446 0.4657
vn 0.8707 -0.2441 0.4270
vn 0.5161 0.1283 0.8469
vn 0.8527 0.2656 0.4498
vn 0.0824 -0.9933 0.0808
vn 0.0700 -0.9963 0.0500
vn -0.1151 -0.9654 0.2342
vn -0.0959 -0.9949 -0.0326
vn -0.1142 0.9933 0.0169
vn -0.0861 0.9963 -0.0007
vn -0.0445 0.9653 0.2572
vn 0.0967 0.9949 0.0300
vn -0.8578 0.2323 -0.4585
vn -0.8035 -0.2025 -0.5598
vn -0.8708 -0.2517 -0.4222
vn -0.8736 0.2533 -0.4156
vn 0.7041 -0.0008 0.7101
vn 0.6451 -0.0093 0.7641
vn 0.2291 0.1286 0.9649
vn 0.6720 0.2656 0.6913
vn 0.0534 -0.9933 0.1023
vn 0.0512 -0.9963 0.0692
vn -0.1818 -0.9654 0.1871
vn -0.0811 -0.9949 -0.0606
vn -0.1138 0.9933 -0.0192
vn -0.0816 0.9963 -0.0273
vn -0.1218 0.9653 0.2308
vn 0.0827 0.9949 0.0584
vn -0.6740 0.2322 -0.7013
vn -0.7203 0.0553 -0.6915
vn -0.6954 0.0180 -0.7184
vn -0.7024 0.2533 -0.6652
vn 0.5797 0.1521 0.8005
vn 0.2562 -0.0522 0.9652
vn -0.0803 0.1287 0.9884
vn 0.4255 0.2656 0.8651
vn 0.0192 -0.9933 0.1138
vn 0.0273 -0.9963 0.0816
vn -0.2308 -0.9654 0.1218
vn -0.0584 -0.9949 -0.0827
vn -0.4243 0.2322 -0.8752
vn -0.4714 0.0553 -0.8802
vn -0.4393 0.0180 -0.8981
vn -0.4625 0.2533 -0.8497
vn 0.3039 0.1521 0.9405
vn -0.0546 -0.0522 0.9971
vn -0.3818 0.1287 0.9152
vn 0.1373 0.2656 0.9542
vn -0.0169 -0.9933 0.1142
vn 0.0007 -0.9963 0.0860
vn -0.2571 -0.9654 0.0445
vn -0.0300 -0.9949 -0.0967
vn -0.1331 0.2322 -0.9635
vn -0.1763 0.0553 -0.9828
vn -0.1403 0.0180 -0.9899
vn -0.1773 0.2533 -0.9510
vn -0.0016 0.1521 0.9884
vn -0.3601 -0.0522 0.9315
vn -0.6460 0.1287 0.7524
vn -0.1643 0.2656 0.9500
vn -0.0514 -0.9933 0.1034
vn -0.0259 -0.9963 0.0821
vn -0.2583 -0.9654 -0.0371
vn 0.0014 -0.9949 -0.1013
vn 0.1712 0.2322 -0.9575
vn 0.1360 0.0553 -0.9892
vn 0.1725 0.0180 -0.9848
vn 0.1253 0.2533 -0.9592
vn -0.3069 0.1521 0.9395
vn -0.6303 -0.0522 0.7746
vn -0.8469 0.1287 0.5160
vn -0.4498 0.2656 0.8527
vn -0.0808 -0.9933 0.0824
vn -0.0500 -0.9963 0.0700
vn -0.2342 -0.9654 -0.1151
vn 0.0326 -0.9949 -0.0959
vn 0.4587 0.2322 -0.8577
vn 0.4350 0.0553 -0.8987
vn 0.4684 0.0180 -0.8833
vn 0.4156 0.2533 -0.8736
vn -0.5822 0.1521 0.7987
vn -0.8388 -0.0522 0.5419
vn -0.9649 0.1287 0.2290
vn -0.6913 0.2656 0.6720
vn -0.1023 -0.9933 0.0534
vn -0.0692 -0.9963 0.0512
vn -0.1871 -0.9654 -0.1818
vn 0.0606 -0.9949 -0.0811
vn 0.7013 0.2322 -0.6740
vn 0.4529 -0.0391 -0.8907
vn 0.7040 -0.0009 -0.7102
vn 0.6652 0.2533 -0.7024
vn -0.8767 -0.2446 0.4143
vn -0.8572 -0.2441 0.4534
vn -0.9885 0.1283 -0.0802
vn -0.8651 0.2656 0.4255
vn -0.1138 -0.9933 0.0192
vn -0.0816 -0.9963 0.0273
vn -0.1218 -0.9654 -0.2308
vn 0.0827 -0.9949 -0.0584
vn 0.7071 -0.0000 -0.7071
vn 0.8752 0.2323 -0.4244
vn 0.9252 -0.2025 -0.3209
vn 0.8534 -0.2518 -0.4563
vn 0.8497 0.2533 -0.4625
vn -0.9618 -0.2446 0.1231
vn -0.9554 -0.2441 0.1663
vn -0.9153 0.1283 -0.3817
vn -0.9542 0.2656 0.1373
vn -0.1142 -0.9933 -0.0169
vn -0.0860 -0.9963 0.0007
vn -0.0445 -0.9654 -0.2571
vn 0.0967 -0.9949 -0.0300
vn 0.0824 0.9933 -0.0808
vn 0.0701 0.9963 -0.0500
vn -0.1151 0.9653 -0.2342
vn -0.0959 0.9949 0.0326
vn 0.9635 0.2323 -0.1332
vn 0.9791 -0.2025 -0.0193
vn 0.9527 -0.2518 -0.1703
vn 0.9510 0.2533 -0.1773
vn -0.9528 -0.2446 -0.1801
vn -0.9600 -0.2441 -0.1371
vn -0.7526 0.1283 -0.6459
vn -0.9500 0.2656 -0.1643
vn -0.1034 -0.9933 -0.0514
vn -0.0821 -0.9963 -0.0259
vn 0.0371 -0.9654 -0.2583
vn 0.1013 -0.9949 0.0014
vn 0.1034 0.9933 -0.0514
vn 0.0821 0.9963 -0.0259
vn -0.0371 0.9653 -0.2583
vn -0.1013 0.9949 0.0014
vn 0.9575 0.2323 0.1710
vn 0.9371 -0.2025 0.2842
vn 0.9587 -0.2518 0.1324
vn 0.9592 0.2533 0.1253
vn -0.8505 -0.2446 -0.4657
vn -0.8707 -0.2441 -0.4270
vn -0.5161 0.1283 -0.8468
vn -0.8527 0.2656 -0.4498
vn -0.0824 -0.9933 -0.0808
vn -0.0700 -0.9963 -0.0500
vn 0.1151 -0.9654 -0.2342
vn 0.0959 -0.9949 0.0326
vn 0.1142 0.9933 -0.0169
vn 0.0861 0.9963 0.0007
vn 0.0445 0.9653 -0.2572
vn -0.0967 0.9949 -0.0300
vn 0.8578 0.2323 0.4585
vn 0.8035 -0.2025 0.5599
vn 0.8708 -0.2518 0.4222
vn 0.8736 0.2533 0.4156
vn -0.7042 -0.0008 -0.7100
vn -0.6448 -0.0093 -0.7643
vn -0.2291 0.1285 -0.9649
vn -0.6720 0.2656 -0.6913
vn -0.0534 -0.9933 -0.1023
vn -0.0512 -0.9963 -0.0692
vn 0.1818 -0.9654 -0.1871
vn 0.0811 -0.9949 0.0606
vn 0.1138 0.9933 0.0192
vn 0.0816 0.9963 0.0273
vn 0.1218 0.9653 -0.2308
vn -0.0827 0.9949 -0.0584
vn 0.6740 0.2322 0.7013
vn 0.7203 0.0553 0.6915
vn 0.6954 0.0180 0.7184
vn 0.7024 0.2533 0.6652
vn -0.5797 0.1521 -0.8005
vn -0.2562 -0.0522 -0.9652
vn 0.0803 0.1287 -0.9884
vn -0.4255 0.2656 -0.8651
vn -0.0192 -0.9933 -0.1138
vn -0.0273 -0.9963 -0.0816
vn 0.2308 -0.9654 -0.1218
vn 0.0584 -0.9949 0.0827
vn 0.4243 0.2322 0.8752
vn 0.4714 0.0553 0.8802
vn 0.4393 0.0180 0.8981
vn 0.4625 0.2533 0.8497
vn -0.3039 0.1521 -0.9405
vn 0.0546 -0.0522 -0.9971
vn 0.3818 0.1287 -0.9152
vn -0.1373 0.2656 -0.9542
vn 0.0169 -0.9933 -0.1142
vn -0.0008 -0.9963 -0.0860
vn 0.2571 -0.9654 -0.0445
vn 0.0300 -0.9949 0.0967
vn 0.1331 0.2322 0.9635
vn 0.1763 0.0553 0.9828
vn 0.1403 0.0180 0.9899
vn 0.1773 0.2533 0.9510
vn 0.0016 0.1521 -0.9884
vn 0.3601 -0.0522 -0.9315
vn 0.6460 0.1287 -0.7524
vn 0.1643 0.2656 -0.9500
vn 0.0514 -0.9933 -0.1034
vn 0.0259 -0.9963 -0.0821
vn 0.2583 -0.9654 0.0371
vn -0.0014 -0.9949 0.1013
vn -0.1712 0.2322 0.9575
vn -0.1360 0.0553 0.9892
vn -0.1725 0.0180 0.9848
vn -0.1253 0.2533 0.9592
vn 0.3069 0.1521 -0.9395
vn 0.6303 -0.0522 -0.7746
vn 0.8469 0.1287 -0.5160
vn 0.4498 0.2656 -0.8527
vn 0.0808 -0.9933 -0.0824
vn 0.0500 -0.9963 -0.0701
vn 0.2342 -0.9654 0.1151
vn -0.0326 -0.9949 0.0959
vn 0.8964 0.2154 -0.3875
vn 0.9200 0.0992 -0.3793
vn 0.8452 0.1549 -0.5114
vn 0.7787 0.2054 -0.5928
vn 0.1023 0.9933 0.0534
vn 0.0692 0.9963 0.0512
vn 0.1871 0.9654 -0.1818
vn -0.0606 0.9949 -0.0811
vn 0.0808 0.9933 0.0824
vn 0.0500 0.9963 0.0700
vn 0.2342 0.9654 -0.1151
vn -0.0326 0.9949 -0.0959
vn 0.7328 0.2154 -0.6455
vn 0.7577 0.0992 -0.6450
vn 0.6459 0.1549 -0.7476
vn 0.5574 0.2054 -0.8044
vn -0.7127 -0.2366 -0.6603
vn -0.6901 0.0043 -0.7237
vn -0.6686 -0.2356 -0.7053
vn 0.8845 0.2077 0.4177
vn 0.8623 0.2234 0.4545
vn 0.8032 -0.0185 0.5954
vn 0.8742 -0.2258 0.4299
vn 0.1218 0.9654 -0.2307
vn -0.7071 -0.0000 -0.7071
vn 0.4976 0.2159 -0.8401
vn 0.5931 -0.2054 -0.7785
vn 0.4254 -0.2213 -0.8775
vn 0.2811 0.2054 -0.9374
vn -0.8788 -0.2110 -0.4279
vn -0.9238 0.1832 -0.3361
vn -0.8614 0.2153 -0.4600
vn -0.8580 -0.2127 -0.4675
vn 0.9703 0.2076 0.1239
vn 0.9605 0.2234 0.1658
vn 0.9479 -0.0185 0.3180
vn 0.9642 -0.2258 0.1387
vn 0.0860 0.9963 0.0008
vn 0.0445 0.9654 -0.2571
vn 0.3904 -0.1939 -0.9000
vn 0.2981 0.1851 -0.9364
vn 0.5600 -0.4553 -0.6922
vn 0.5824 -0.1851 -0.7916
vn 0.2136 0.2159 -0.9528
vn 0.3235 -0.2054 -0.9237
vn 0.1334 -0.2213 -0.9660
vn -0.0223 0.2054 -0.9784
vn -0.9681 -0.2110 -0.1354
vn -0.9825 0.1832 -0.0342
vn -0.9614 0.2153 -0.1713
vn -0.9605 -0.2128 -0.1794
vn 0.9611 0.2077 -0.1820
vn 0.9647 0.2234 -0.1391
vn 0.9998 -0.0185 0.0095
vn 0.9599 -0.2259 -0.1660
vn -0.0371 0.9654 -0.2582
vn 0.0932 -0.1938 -0.9766
vn -0.0059 0.1851 -0.9827
vn 0.3187 -0.4553 -0.8314
vn 0.3092 -0.1851 -0.9328
vn -0.0913 0.2159 -0.9721
vn 0.0223 -0.2054 -0.9784
vn -0.1717 -0.2213 -0.9600
vn -0.3236 0.2054 -0.9237
vn -0.9625 -0.2110 0.1703
vn -0.9450 0.1832 0.2711
vn -0.9673 0.2153 0.1342
vn -0.9689 -0.2128 0.1261
vn 0.8578 0.2077 -0.4701
vn 0.8745 0.2235 -0.4304
vn 0.9538 -0.0185 -0.2999
vn 0.8616 -0.2258 -0.4545
vn -0.1151 0.9654 -0.2341
vn -0.2132 -0.1939 -0.9576
vn -0.3092 0.1851 -0.9328
vn 0.0462 -0.4552 -0.8892
vn 0.0059 -0.1851 -0.9827
vn -0.3872 0.2159 -0.8964
vn -0.2812 -0.2054 -0.9374
vn -0.4599 -0.2213 -0.8599
vn -0.5931 0.2054 -0.7785
vn -0.8628 -0.2110 0.4594
vn -0.8149 0.1832 0.5499
vn -0.8785 0.2153 0.4266
vn -0.8825 -0.2127 0.4194
vn 0.6880 0.0050 -0.7257
vn 0.8939 0.0066 -0.4482
vn 0.6616 -0.2088 -0.7202
vn 0.0534 0.9933 -0.1023
vn 0.0512 0.9963 -0.0692
vn -0.1818 0.9654 -0.1871
vn -0.0811 0.9949 0.0606
vn -0.4987 -0.1938 -0.8448
vn -0.5824 0.1851 -0.7916
vn -0.2309 -0.4553 -0.8599
vn -0.2981 -0.1851 -0.9364
vn -0.6455 0.2154 -0.7328
vn -0.6450 0.0992 -0.7577
vn -0.7476 0.1549 -0.6458
vn -0.8044 0.2054 -0.5574
vn 0.0192 0.9933 -0.1138
vn 0.0273 0.9963 -0.0816
vn -0.2308 0.9654 -0.1218
vn -0.0584 0.9949 0.0827
vn -0.8403 0.2154 -0.4974
vn -0.8476 0.0992 -0.5214
vn -0.9106 0.1549 -0.3832
vn -0.9373 0.2054 -0.2816
vn -0.0169 0.9933 -0.1142
vn 0.0008 0.9963 -0.0860
vn -0.2571 0.9654 -0.0445
vn -0.0300 0.9949 0.0967
vn -0.9529 0.2154 -0.2134
vn -0.9672 0.0992 -0.2339
vn -0.9844 0.1549 -0.0831
vn -0.9784 0.2054 0.0218
vn -0.0514 0.9933 -0.1034
vn -0.0259 0.9963 -0.0821
vn -0.2582 0.9654 0.0371
vn 0.0014 0.9949 0.1013
vn -0.9722 0.2154 0.0915
vn -0.9921 0.0992 0.0764
vn -0.9619 0.1549 0.2252
vn -0.9238 0.2054 0.3231
vn -0.0808 0.9933 -0.0824
vn -0.0500 0.9963 -0.0701
vn -0.2342 0.9654 0.1151
vn 0.0326 0.9949 0.0959
vn -0.8964 0.2154 0.3875
vn -0.9200 0.0992 0.3793
vn -0.8452 0.1549 0.5114
vn -0.7787 0.2054 0.5928
vn -0.1023 0.9933 -0.0534
vn -0.0692 0.9963 -0.0512
vn -0.1871 0.9654 0.1818
vn 0.0606 0.9949 0.0811
vn -0.7328 0.2154 0.6455
vn -0.7577 0.0992 0.6450
vn -0.6458 0.1549 0.7476
vn -0.5574 0.2054 0.8044
vn 0.7127 -0.2366 0.6603
vn 0.6904 0.0044 0.7235
vn 0.6686 -0.2356 0.7053
vn -0.8845 0.2077 -0.4177
vn -0.8623 0.2235 -0.4545
vn -0.8032 -0.0185 -0.5954
vn -0.8742 -0.2258 -0.4299
vn -0.1218 0.9654 0.2307
vn 0.7071 -0.0000 0.7071
vn -0.4976 0.2159 0.8401
vn -0.5931 -0.2054 0.7785
vn -0.4254 -0.2213 0.8775
vn -0.2811 0.2054 0.9374
vn 0.8788 -0.2110 0.4280
vn 0.9238 0.1832 0.3361
vn 0.8614 0.2153 0.4600
vn 0.8580 -0.2127 0.4675
vn -0.9703 0.2077 -0.1239
vn -0.9605 0.2235 -0.1658
vn -0.9479 -0.0185 -0.3180
vn -0.9642 -0.2258 -0.1387
vn -0.0445 0.9654 0.2571
vn -0.3904 -0.1938 0.9000
vn -0.2981 0.1851 0.9364
vn -0.5600 -0.4552 0.6922
vn -0.5824 -0.1851 0.7916
vn -0.2136 0.2159 0.9528
vn -0.3235 -0.2054 0.9237
vn -0.1334 -0.2213 0.9660
vn 0.0223 0.2054 0.9784
vn 0.9681 -0.2110 0.1354
vn 0.9825 0.1832 0.0342
vn 0.9614 0.2153 0.1713
vn 0.9605 -0.2128 0.1794
vn -0.9611 0.2077 0.1820
vn -0.9647 0.2234 0.1391
vn -0.9998 -0.0185 -0.0095
vn -0.9599 -0.2259 0.1660
vn 0.0371 0.9654 0.2582
vn -0.0932 -0.1938 0.9766
vn 0.0059 0.1851 0.9827
vn -0.3187 -0.4553 0.8314
vn -0.3092 -0.1851 0.9328
vn 0.0913 0.2159 0.9721
vn -0.0223 -0.2054 0.9784
vn 0.1717 -0.2213 0.9600
vn 0.3235 0.2054 0.9237
vn 0.9625 -0.2110 -0.1703
vn 0.9450 0.1832 -0.2711
vn 0.9673 0.2153 -0.1342
vn 0.9689 -0.2127 -0.1261
vn -0.8578 0.2076 0.4701
vn -0.8745 0.2235 0.4304
vn -0.9538 -0.0185 0.2999
vn -0.8616 -0.2258 0.4545
vn 0.1151 0.9654 0.2341
vn 0.2132 -0.1938 0.9576
vn 0.3092 0.1851 0.9328
vn -0.0462 -0.4553 0.8892
vn -0.0059 -0.1851 0.9827
vn 0.3872 0.2159 0.8964
vn 0.2812 -0.2054 0.9374
vn 0.4599 -0.2213 0.8599
vn 0.5931 0.2054 0.7785
vn 0.8628 -0.2110 -0.4594
vn 0.8149 0.1832 -0.5498
vn 0.8785 0.2153 -0.4265
vn 0.8825 -0.2127 -0.4194
vn -0.6879 0.0049 0.7258
vn -0.8939 0.0066 0.4482
vn -0.6616 -0.2089 0.7202
vn -0.0534 0.9933 0.1023
vn -0.0512 0.9963 0.0692
vn 0.1818 0.9654 0.1871
vn 0.0811 0.9949 -0.0606
vn 0.4987 -0.1938 0.8448
vn 0.5824 0.1851 0.7916
vn 0.2309 -0.4552 0.8599
vn 0.2981 -0.1851 0.9364
vn 0.6455 0.2154 0.7328
vn 0.6450 0.0992 0.7577
vn 0.7476 0.1549 0.6458
vn 0.8044 0.2054 0.5574
vn -0.0192 0.9933 0.1138
vn -0.0273 0.9963 0.0816
vn 0.2307 0.9654 0.1218
vn 0.0584 0.9949 -0.0827
vn 0.8403 0.2154 0.4974
vn 0.8055 0.1908 0.5610
vn 0.9108 0.1547 0.3828
vn 0.9373 0.2054 0.2816
vn 0.0169 0.9933 0.1142
vn -0.0008 0.9963 0.0860
vn 0.2571 0.9654 0.0445
vn 0.0300 0.9949 -0.0967
vn 0.9529 0.2154 0.2134
vn 0.9672 0.0992 0.2339
vn 0.9844 0.1549 0.0831
vn 0.9784 0.2054 -0.0218
vn 0.0513 0.9933 0.1034
vn 0.0259 0.9963 0.0821
vn 0.2582 0.9654 -0.0371
vn -0.0014 0.9949 -0.1013
vn 0.9722 0.2154 -0.0915
vn 0.9921 0.0992 -0.0764
vn 0.9619 0.1549 -0.2252
vn 0.9238 0.2054 -0.3231
vn 0.1218 -0.9653 0.2308
vn 0.0861 -0.9963 -0.0007
vn 0.0445 -0.9653 0.2572
vn -0.0371 -0.9653 0.2583
vn 0.0701 -0.9963 0.0500
vn -0.1151 -0.9653 0.2342
vn -0.1218 -0.9653 -0.2308
vn -0.0861 -0.9963 0.0007
vn -0.0445 -0.9653 -0.2572
vn 0.0371 -0.9653 -0.2583
vn -0.0701 -0.9963 -0.0500
vn 0.1151 -0.9653 -0.2342
vn -0.3885 -0.3857 0.8368
vn -0.4907 -0.2805 0.8250
vn -0.2054 -0.9121 0.3548
vn 0.9969 -0.0000 -0.0784
vn 0.9969 -0.0000 -0.0785
vn 0.2334 -0.0000 0.9724
vn 0.2964 -0.9206 -0.2544
vn 0.2547 -0.9269 -0.2758
vn 0.6633 -0.3482 -0.6624
vn -0.6281 -0.3857 0.6758
vn -0.7216 -0.2805 0.6329
vn -0.3049 -0.9121 0.2740
vn 0.9724 -0.0000 0.2335
vn 0.9724 -0.0000 0.2334
vn -0.0785 -0.0000 0.9969
vn 0.3605 -0.9206 -0.1503
vn 0.3274 -0.9269 -0.1836
vn 0.8355 -0.3482 -0.4250
vn 0.8368 0.3857 -0.3885
vn 0.8332 0.2544 -0.4909
vn 0.3548 0.9121 -0.2054
vn -0.8062 -0.3857 0.4486
vn -0.8819 -0.2805 0.3790
vn -0.3747 -0.9121 0.1663
vn 0.8526 -0.0000 0.5225
vn -0.3827 -0.0000 0.9239
vn 0.3893 -0.9206 -0.0316
vn 0.3681 -0.9269 -0.0734
vn 0.9260 -0.3482 -0.1460
vn 0.9159 0.3857 -0.1109
vn 0.9441 0.2545 -0.2094
vn 0.4009 0.9121 -0.0857
vn -0.3335 0.9206 0.2033
vn -0.3410 0.9269 0.1570
vn -0.8308 0.3532 0.4302
vn -0.9054 -0.3857 0.1775
vn -0.9558 -0.2805 0.0879
vn -0.4077 -0.9121 0.0424
vn 0.6494 -0.0000 0.7604
vn 0.6495 -0.0000 0.7604
vn -0.6495 -0.0000 0.7604
vn 0.3800 -0.9206 0.0903
vn 0.3728 -0.9269 0.0439
vn 0.9258 -0.3482 0.1473
vn 0.9054 0.3857 0.1775
vn 0.9626 0.2545 0.0926
vn 0.4077 0.9121 0.0424
vn -0.3800 0.9206 0.0903
vn -0.3728 0.9269 0.0440
vn -0.9230 0.3532 0.1525
vn -0.9159 -0.3857 -0.1109
vn -0.9362 -0.2805 -0.2117
vn -0.4009 -0.9121 -0.0857
vn 0.3827 -0.0000 0.9239
vn -0.8526 -0.0000 0.5225
vn 0.3335 -0.9206 0.2033
vn 0.3410 -0.9269 0.1570
vn 0.8350 -0.3482 0.4261
vn 0.8062 0.3857 0.4486
vn 0.8869 0.2545 0.3855
vn 0.3747 0.9121 0.1663
vn -0.3893 0.9206 -0.0316
vn -0.3682 0.9268 -0.0734
vn -0.9250 0.3532 -0.1402
vn -0.8368 -0.3857 -0.3885
vn -0.8250 -0.2805 -0.4907
vn -0.3548 -0.9121 -0.2054
vn 0.0785 -0.0000 0.9969
vn -0.9724 -0.0000 0.2334
vn 0.2543 -0.9206 0.2964
vn 0.2758 -0.9269 0.2547
vn 0.6624 -0.3482 0.6633
vn -0.3605 0.9206 -0.1503
vn -0.3275 0.9269 -0.1836
vn -0.8364 0.3532 -0.4192
vn -0.6758 -0.3857 -0.6281
vn -0.6329 -0.2805 -0.7216
vn -0.2740 -0.9121 -0.3050
vn -0.2334 -0.0000 0.9724
vn -0.9969 -0.0000 -0.0785
vn 0.1503 -0.9206 0.3605
vn 0.1836 -0.9269 0.3274
vn 0.4250 -0.3482 0.8355
vn -0.4486 -0.3857 -0.8062
vn -0.3790 -0.2805 -0.8819
vn -0.1663 -0.9121 -0.3747
vn -0.5225 -0.0000 0.8526
vn -0.9239 -0.0000 -0.3827
vn 0.0315 -0.9206 0.3893
vn 0.0734 -0.9269 0.3681
vn 0.1460 -0.3482 0.9260
vn -0.1775 -0.3857 -0.9054
vn -0.0879 -0.2805 -0.9558
vn -0.0424 -0.9121 -0.4077
vn -0.7604 -0.0000 0.6494
vn -0.7604 -0.0000 0.6495
vn -0.7604 -0.0000 -0.6495
vn -0.7604 -0.0000 -0.6494
vn -0.0903 -0.9206 0.3800
vn -0.0439 -0.9269 0.3728
vn -0.1473 -0.3482 0.9258
vn 0.1109 -0.3857 -0.9159
vn 0.2117 -0.2805 -0.9362
vn 0.0857 -0.9121 -0.4009
vn -0.9239 -0.0000 0.3827
vn -0.5225 -0.0000 -0.8526
vn -0.2033 -0.9206 0.3335
vn -0.1570 -0.9269 0.3410
vn -0.4261 -0.3482 0.8349
vn 0.3886 -0.3857 -0.8368
vn 0.4907 -0.2805 -0.8250
vn 0.2054 -0.9121 -0.3548
vn -0.9969 -0.0000 0.0785
vn -0.2334 -0.0000 -0.9724
vn -0.2964 -0.9206 0.2544
vn -0.2547 -0.9269 0.2758
vn -0.6633 -0.3482 0.6624
vn 0.6281 -0.3857 -0.6758
vn 0.7216 -0.2805 -0.6329
vn 0.3049 -0.9121 -0.2740
vn -0.9724 -0.0000 -0.2335
vn -0.9724 -0.0000 -0.2334
vn 0.0785 -0.0000 -0.9969
vn -0.3605 -0.9206 0.1503
vn -0.3274 -0.9269 0.1836
vn -0.8355 -0.3482 0.4250
vn -0.8368 0.3858 0.3886
vn -0.8332 0.2545 0.4909
vn -0.3548 0.9121 0.2054
vn 0.8062 -0.3857 -0.4486
vn 0.8819 -0.2805 -0.3790
vn 0.3747 -0.9121 -0.1663
vn -0.8526 -0.0000 -0.5225
vn 0.3827 -0.0000 -0.9239
vn -0.3893 -0.9206 0.0316
vn -0.3681 -0.9269 0.0734
vn -0.9260 -0.3482 0.1460
vn -0.9159 0.3858 0.1109
vn -0.9441 0.2545 0.2094
vn -0.4009 0.9121 0.0857
vn 0.3335 0.9206 -0.2033
vn 0.3410 0.9269 -0.1570
vn 0.8307 0.3532 -0.4303
vn 0.9054 -0.3857 -0.1775
vn 0.9558 -0.2805 -0.0879
vn 0.4077 -0.9121 -0.0424
vn -0.6494 -0.0000 -0.7604
vn 0.6494 -0.0000 -0.7604
vn -0.3800 -0.9206 -0.0903
vn -0.3728 -0.9269 -0.0439
vn -0.9258 -0.3482 -0.1473
vn -0.9054 0.3858 -0.1775
vn -0.9626 0.2545 -0.0926
vn -0.4077 0.9121 -0.0424
vn 0.3800 0.9206 -0.0903
vn 0.3728 0.9269 -0.0440
vn 0.9230 0.3532 -0.1525
vn 0.9159 -0.3857 0.1109
vn 0.9362 -0.2805 0.2117
vn 0.4009 -0.9121 0.0857
vn -0.3827 -0.0000 -0.9239
vn 0.8526 -0.0000 -0.5225
vn -0.3335 -0.9206 -0.2033
vn -0.3410 -0.9269 -0.1570
vn -0.8350 -0.3482 -0.4261
vn -0.8062 0.3857 -0.4486
vn -0.8869 0.2545 -0.3855
vn -0.3747 0.9121 -0.1663
vn 0.3893 0.9206 0.0316
vn 0.3682 0.9269 0.0734
vn 0.9250 0.3532 0.1402
vn 0.8368 -0.3857 0.3885
vn 0.8250 -0.2805 0.4907
vn 0.3548 -0.9121 0.2054
vn -0.0785 -0.0000 -0.9969
vn 0.9724 -0.0000 -0.2335
vn 0.9724 -0.0000 -0.2334
vn -0.2543 -0.9206 -0.2964
vn -0.2758 -0.9269 -0.2547
vn -0.6624 -0.3482 -0.6633
vn 0.3605 0.9206 0.1503
vn 0.3275 0.9269 0.1836
vn 0.8364 0.3532 0.4192
vn 0.6758 -0.3857 0.6281
vn 0.6329 -0.2805 0.7216
vn 0.2740 -0.9121 0.3049
vn 0.2334 -0.0000 -0.9724
vn 0.9969 -0.0000 0.0785
vn -0.1503 -0.9206 -0.3605
vn -0.1836 -0.9269 -0.3274
vn -0.4250 -0.3482 -0.8355
vn 0.4486 -0.3857 0.8062
vn 0.3790 -0.2805 0.8819
vn 0.1663 -0.9121 0.3747
vn 0.5225 -0.0000 -0.8526
vn 0.9239 -0.0000 0.3827
vn -0.0316 -0.9206 -0.3893
vn -0.0734 -0.9269 -0.3681
vn -0.1460 -0.3482 -0.9260
vn 0.1775 -0.3857 0.9054
vn 0.0879 -0.2805 0.9558
vn 0.0424 -0.9121 0.4077
vn 0.7604 -0.0000 -0.6494
vn 0.7604 -0.0000 -0.6495
vn 0.7604 -0.0000 0.6495
vn 0.7604 -0.0000 0.6494
vn 0.0903 -0.9206 -0.3800
vn 0.0439 -0.9269 -0.3728
vn 0.1473 -0.3482 -0.9258
vn -0.1109 -0.3857 0.9159
vn -0.2117 -0.2805 0.9362
vn -0.0857 -0.9121 0.4009
vn 0.9239 -0.0000 -0.3827
vn 0.5225 -0.0000 0.8526
vn 0.2033 -0.9206 -0.3335
vn 0.1570 -0.9269 -0.3410
vn 0.4261 -0.3482 -0.8349
vn 0.8579 0.0849 0.5068
vn 0.9538 0.2883 -0.0842
vn 0.9972 0.0055 -0.0743
vn 0.8581 -0.3914 -0.3325
vn 0.3297 -0.9217 -0.2045
vn 0.5141 0.2006 -0.8339
vn -0.0572 0.2896 -0.9554
vn -0.0366 -0.0822 -0.9959
vn -0.4577 0.3271 -0.8267
vn -0.2054 0.9121 -0.3548
vn 0.2963 0.9206 0.2543
vn 0.2547 0.9269 0.2758
vn 0.6491 0.3223 0.6890
vn 0.7155 0.5483 -0.4330
vn 0.8002 0.4984 -0.3336
vn 0.3592 0.9217 -0.1465
vn -0.1799 0.3271 -0.9277
vn -0.0857 0.9121 -0.4009
vn 0.2033 0.9206 0.3335
vn 0.1570 0.9269 0.3410
vn 0.4044 0.3223 0.8559
vn 0.9725 0.0849 0.2169
vn 0.8811 0.2883 -0.3748
vn 0.9255 0.0055 -0.3788
vn 0.7133 -0.3914 -0.5814
vn 0.2504 -0.9217 -0.2964
vn 0.2312 0.2006 -0.9520
vn -0.3494 0.2893 -0.8912
vn -0.7297 0.0068 -0.6838
vn -0.6443 0.3712 -0.6686
vn -0.3049 0.9121 -0.2740
vn 0.3274 0.9269 0.1836
vn 0.8355 0.3482 0.4250
vn 0.5466 0.5483 -0.6329
vn 0.6580 0.4984 -0.5645
vn 0.2963 0.9217 -0.2503
vn 0.9541 -0.2885 0.0800
vn 0.7225 0.2874 -0.6288
vn 0.4987 -0.3914 -0.7734
vn 0.1466 -0.9217 -0.3592
vn 0.0840 -0.2874 -0.9541
vn -0.6078 0.2887 -0.7397
vn -0.8819 0.2805 -0.3790
vn 0.3681 0.9269 0.0734
vn 0.9260 0.3482 0.1460
vn -0.6280 0.2659 -0.7314
vn 0.0821 -0.2648 -0.9608
vn 0.3325 0.3914 -0.8581
vn 0.2044 0.9217 -0.3297
vn 0.2045 0.9216 -0.3298
vn 0.7291 0.2648 -0.6312
vn 0.9621 -0.2671 0.0551
vn 0.9321 -0.2885 -0.2187
vn 0.4929 0.2874 -0.8213
vn 0.2353 -0.3914 -0.8896
vn 0.0284 -0.9217 -0.3869
vn -0.2149 -0.2874 -0.9334
vn -0.8066 0.2887 -0.5157
vn -0.9054 0.3857 -0.1775
vn -0.9558 0.2805 -0.0879
vn 0.3728 0.9269 -0.0439
vn 0.9258 0.3482 -0.1473
vn -0.8232 0.2659 -0.5016
vn -0.2188 -0.2648 -0.9391
vn 0.0511 0.3914 -0.9188
vn 0.0926 0.9217 -0.3767
vn 0.0926 0.9216 -0.3769
vn 0.4984 0.2648 -0.8256
vn 0.9320 -0.2671 -0.2449
vn 0.8189 -0.2885 -0.4961
vn 0.2149 0.2874 -0.9334
vn -0.0511 -0.3914 -0.9188
vn -0.0926 -0.9217 -0.3768
vn -0.4929 -0.2874 -0.8213
vn -0.9265 0.2887 -0.2412
vn -0.9159 0.3857 0.1109
vn -0.9362 0.2805 0.2117
vn -0.4008 0.9121 0.0857
vn 0.3334 0.9206 -0.2033
vn 0.8350 0.3482 -0.4261
vn -0.9379 0.2659 -0.2226
vn -0.4984 -0.2648 -0.8255
vn -0.2353 0.3914 -0.8896
vn -0.0284 0.9217 -0.3869
vn -0.0284 0.9216 -0.3870
vn 0.2188 0.2648 -0.9391
vn 0.8107 -0.2671 -0.5209
vn 0.6256 -0.2885 -0.7249
vn -0.0840 0.2874 -0.9541
vn -0.3325 -0.3914 -0.8580
vn -0.2045 -0.9217 -0.3297
vn -0.7225 -0.2874 -0.6288
vn -0.9557 0.2887 0.0569
vn -0.8368 0.3857 0.3885
vn -0.8249 0.2805 0.4907
vn 0.2543 0.9206 -0.2964
vn 0.2757 0.9269 -0.2547
vn 0.6325 0.3753 -0.6775
vn -0.9608 0.2659 0.0781
vn -0.7291 -0.2648 -0.6311
vn -0.4987 0.3914 -0.7734
vn -0.1465 0.9217 -0.3592
vn -0.4987 0.3914 -0.7733
vn -0.1466 0.9216 -0.3593
vn -0.0821 0.2648 -0.9608
vn 0.6101 -0.2671 -0.7459
vn 0.8174 0.0294 -0.5753
vn -0.3749 0.2883 -0.8811
vn -0.3788 0.0055 -0.9255
vn -0.5814 -0.3914 -0.7133
vn -0.2964 -0.9217 -0.2504
vn -0.9520 0.2006 -0.2312
vn -0.8910 0.2896 0.3497
vn -0.9359 -0.0822 0.3426
vn -0.6448 0.3270 0.6908
vn -0.2739 0.9121 0.3050
vn 0.1503 0.9206 -0.3605
vn 0.1836 0.9269 -0.3274
vn 0.4547 0.3223 -0.8303
vn -0.6330 0.5482 -0.5466
vn -0.5645 0.4984 -0.6580
vn -0.2504 0.9217 -0.2963
vn -0.0942 0.0849 -0.9919
vn -0.6288 0.2883 -0.7222
vn -0.6462 0.0055 -0.7631
vn -0.7734 -0.3914 -0.4987
vn -0.3592 -0.9217 -0.1466
vn -0.9768 0.2006 0.0743
vn -0.7393 0.2896 0.6079
vn -0.7842 -0.0822 0.6150
vn -0.3998 0.3271 0.8563
vn -0.1663 0.9121 0.3747
vn 0.0316 0.9206 -0.3893
vn 0.0734 0.9269 -0.3681
vn 0.1759 0.3223 -0.9302
vn -0.7709 0.5483 -0.3243
vn -0.7402 0.4984 -0.4513
vn -0.3297 0.9217 -0.2044
vn -0.3961 0.0849 -0.9143
vn -0.8212 0.2883 -0.4925
vn -0.8504 0.0055 -0.5261
vn -0.8896 -0.3914 -0.2353
vn -0.3869 -0.9217 -0.0284
vn -0.9061 0.2007 0.3725
vn -0.5153 0.2896 0.8066
vn -0.5558 -0.0822 0.8273
vn -0.1156 0.3271 0.9379
vn -0.0424 0.9121 0.4077
vn -0.0903 0.9206 -0.3800
vn -0.0439 0.9269 -0.3728
vn -0.1202 0.3223 -0.9390
vn -0.8333 0.5483 -0.0702
vn -0.8435 0.4984 -0.2005
vn -0.3767 0.9217 -0.0926
vn -0.6592 0.0849 -0.7471
vn -0.9332 0.2883 -0.2147
vn -0.9714 0.0055 -0.2375
vn -0.9188 -0.3914 0.0511
vn -0.3768 -0.9217 0.0926
vn -0.7466 0.2006 0.6343
vn -0.2408 0.2896 0.9264
vn -0.2730 -0.0822 0.9585
vn 0.1799 0.3271 0.9277
vn 0.0857 0.9121 0.4009
vn -0.2033 0.9206 -0.3335
vn -0.1570 0.9269 -0.3410
vn -0.4044 0.3223 -0.8559
vn -0.8142 0.5483 0.1908
vn -0.8641 0.4984 0.0700
vn -0.3868 0.9217 0.0284
vn -0.8578 0.0849 -0.5068
vn -0.9538 0.2883 0.0842
vn -0.9972 0.0055 0.0743
vn -0.8581 -0.3914 0.3325
vn -0.3297 -0.9217 0.2045
vn -0.5141 0.2006 0.8339
vn 0.0572 0.2896 0.9554
vn 0.0366 -0.0822 0.9959
vn 0.4577 0.3271 0.8267
vn 0.2054 0.9121 0.3548
vn -0.2964 0.9206 -0.2544
vn -0.2547 0.9269 -0.2758
vn -0.6492 0.3223 -0.6890
vn -0.7155 0.5483 0.4330
vn -0.8002 0.4984 0.3336
vn -0.3592 0.9217 0.1465
vn -0.9725 0.0849 -0.2169
vn -0.8811 0.2883 0.3748
vn -0.9255 0.0055 0.3788
vn -0.7133 -0.3914 0.5814
vn -0.2504 -0.9217 0.2964
vn -0.2312 0.2006 0.9520
vn 0.3495 0.2893 0.8912
vn 0.7293 0.0069 0.6842
vn 0.6443 0.3712 0.6686
vn 0.3049 0.9121 0.2740
vn -0.3274 0.9269 -0.1836
vn -0.8355 0.3482 -0.4250
vn -0.5466 0.5483 0.6329
vn -0.6580 0.4984 0.5645
vn -0.2963 0.9217 0.2504
vn -0.9541 -0.2885 -0.0800
vn -0.7225 0.2874 0.6288
vn -0.4987 -0.3914 0.7734
vn -0.1466 -0.9217 0.3592
vn -0.0840 -0.2874 0.9541
vn 0.6078 0.2887 0.7397
vn 0.8819 0.2805 0.3789
vn -0.3681 0.9269 -0.0734
vn -0.9260 0.3482 -0.1460
vn 0.6280 0.2659 0.7314
vn -0.0821 -0.2648 0.9608
vn -0.3325 0.3914 0.8581
vn -0.2045 0.9217 0.3297
vn -0.3325 0.3914 0.8580
vn -0.2045 0.9216 0.3298
vn -0.7290 0.2648 0.6312
vn -0.9621 -0.2671 -0.0551
vn -0.9321 -0.2885 0.2187
vn -0.4928 0.2874 0.8213
vn -0.2353 -0.3914 0.8896
vn -0.0284 -0.9217 0.3869
vn 0.2149 -0.2874 0.9334
vn 0.8067 0.2887 0.5157
vn 0.9558 0.2805 0.0879
vn -0.6494 -0.0000 0.7604
vn -0.3728 0.9269 0.0439
vn -0.9258 0.3482 0.1473
vn 0.8232 0.2659 0.5016
vn 0.2189 -0.2648 0.9391
vn -0.0511 0.3914 0.9188
vn -0.0926 0.9217 0.3767
vn -0.0926 0.9216 0.3769
vn -0.4984 0.2648 0.8256
vn -0.9320 -0.2671 0.2449
vn -0.8189 -0.2885 0.4961
vn -0.2149 0.2874 0.9334
vn 0.0511 -0.3914 0.9188
vn 0.0926 -0.9217 0.3768
vn 0.4929 -0.2874 0.8213
vn 0.9265 0.2887 0.2412
vn 0.9362 0.2805 -0.2117
vn 0.4008 0.9121 -0.0857
vn -0.3334 0.9206 0.2033
vn -0.8350 0.3482 0.4261
vn 0.9379 0.2659 0.2226
vn 0.4983 -0.2648 0.8256
vn 0.2353 0.3914 0.8896
vn 0.0284 0.9217 0.3869
vn 0.0284 0.9216 0.3870
vn -0.2189 0.2648 0.9391
vn -0.8107 -0.2671 0.5209
vn -0.6256 -0.2885 0.7249
vn 0.0840 0.2874 0.9541
vn 0.3325 -0.3914 0.8580
vn 0.2045 -0.9217 0.3297
vn 0.7225 -0.2874 0.6288
vn 0.9557 0.2887 -0.0568
vn 0.8249 0.2805 -0.4907
vn -0.2543 0.9206 0.2964
vn -0.2757 0.9269 0.2547
vn -0.6325 0.3753 0.6775
vn 0.9608 0.2659 -0.0781
vn 0.7290 -0.2648 0.6312
vn 0.4987 0.3914 0.7734
vn 0.1466 0.9217 0.3592
vn 0.4987 0.3914 0.7733
vn 0.1466 0.9216 0.3593
vn 0.0821 0.2648 0.9608
vn -0.6101 -0.2671 0.7460
vn -0.8176 0.0293 0.5750
vn 0.3748 0.2883 0.8811
vn 0.3788 0.0055 0.9255
vn 0.5814 -0.3914 0.7133
vn 0.2964 -0.9217 0.2504
vn 0.9520 0.2006 0.2312
vn 0.8910 0.2896 -0.3497
vn 0.9359 -0.0822 -0.3426
vn 0.6448 0.3271 -0.6908
vn 0.2739 0.9121 -0.3050
vn -0.1503 0.9206 0.3605
vn -0.1836 0.9269 0.3274
vn -0.4547 0.3223 0.8303
vn 0.6330 0.5482 0.5466
vn 0.5646 0.4984 0.6580
vn 0.2503 0.9217 0.2963
vn 0.7734 -0.3914 0.4987
vn 0.3592 -0.9217 0.1466
vn 0.0942 0.0850 0.9919
vn 0.6288 0.2883 0.7221
vn 0.6463 0.0055 0.7631
vn 0.3297 0.9217 0.2044
vn 0.7402 0.4984 0.4513
vn 0.7709 0.5483 0.3243
vn 0.9768 0.2006 -0.0743
vn 0.7393 0.2896 -0.6079
vn 0.7842 -0.0822 -0.6150
vn 0.3998 0.3271 -0.8563
vn 0.1663 0.9121 -0.3747
vn -0.0316 0.9206 0.3893
vn -0.0734 0.9269 0.3681
vn -0.1759 0.3223 0.9302
vn 0.3961 0.0849 0.9143
vn 0.8212 0.2883 0.4925
vn 0.8504 0.0055 0.5260
vn 0.8896 -0.3914 0.2353
vn 0.3870 -0.9217 0.0284
vn 0.9061 0.2007 -0.3725
vn 0.5153 0.2896 -0.8066
vn 0.5558 -0.0822 -0.8273
vn 0.1156 0.3271 -0.9379
vn 0.0424 0.9121 -0.4077
vn 0.0903 0.9206 0.3800
vn 0.0439 0.9269 0.3728
vn 0.1201 0.3223 0.9390
vn 0.8333 0.5483 0.0702
vn 0.8435 0.4984 0.2005
vn 0.3767 0.9217 0.0926
vn 0.6592 0.0850 0.7471
vn 0.9332 0.2883 0.2147
vn 0.9714 0.0055 0.2375
vn 0.9188 -0.3914 -0.0511
vn 0.3768 -0.9217 -0.0926
vn 0.7466 0.2006 -0.6343
vn 0.2408 0.2896 -0.9264
vn 0.2730 -0.0822 -0.9585
vn 0.8143 0.5483 -0.1907
vn 0.8641 0.4984 -0.0700
vn 0.3868 0.9217 -0.0284
vn 0.8364 -0.3532 -0.4192
vn 0.3275 -0.9269 -0.1836
vn 0.2045 -0.9216 0.3299
vn -0.8869 -0.2544 0.3855
vn -0.8062 -0.3858 0.4486
vn 0.3893 -0.9206 -0.0315
vn 0.3682 -0.9268 -0.0734
vn 0.9250 -0.3532 -0.1402
vn 0.0926 -0.9216 0.3769
vn -0.9626 -0.2545 0.0926
vn 0.3729 -0.9268 0.0440
vn 0.9230 -0.3532 0.1525
vn -0.0284 -0.9216 0.3871
vn -0.4008 -0.9121 -0.0857
vn -0.9441 -0.2545 -0.2094
vn 0.3410 -0.9268 0.1570
vn 0.8307 -0.3532 0.4303
vn -0.1466 -0.9216 0.3594
vn -0.4987 -0.3914 0.7733
vn -0.8332 -0.2545 -0.4909
vn -0.3275 -0.9269 0.1836
vn -0.8364 -0.3532 0.4192
vn -0.2045 -0.9216 -0.3299
vn 0.8869 -0.2544 -0.3855
vn -0.3893 -0.9206 0.0315
vn -0.3682 -0.9268 0.0734
vn -0.9250 -0.3532 0.1402
vn -0.0926 -0.9216 -0.3769
vn 0.9626 -0.2545 -0.0926
vn -0.3728 -0.9269 -0.0440
vn -0.9230 -0.3532 -0.1525
vn 0.0284 -0.9216 -0.3871
vn 0.9441 -0.2545 0.2094
vn -0.3410 -0.9268 -0.1570
vn -0.8307 -0.3532 -0.4303
vn 0.1466 -0.9216 -0.3594
vn 0.8332 -0.2545 0.4909
vn 0.3620 -0.8828 0.2993
vn 0.3580 -0.8721 0.3336
vn 0.3295 -0.8654 0.3775
vn 0.4023 -0.8399 0.3644
vn 0.2518 -0.8828 0.3965
vn 0.2374 -0.8721 0.4279
vn 0.1967 -0.8654 0.4608
vn 0.2700 -0.8399 0.4708
vn 0.0187 0.4532 0.8912
vn 0.1652 0.4489 0.8782
vn 0.0505 0.5249 0.8497
vn -0.1255 0.5846 0.8016
vn 0.1169 -0.8828 0.4549
vn 0.0935 -0.8721 0.4803
vn 0.0447 -0.8654 0.4991
vn 0.1112 -0.8399 0.5312
vn 0.1728 0.8828 0.4367
vn 0.2067 0.8721 0.4436
vn 0.2572 0.8654 0.4300
vn 0.2222 0.8399 0.4951
vn -0.0294 -0.8828 0.4688
vn -0.0595 -0.8721 0.4857
vn -0.1117 -0.8654 0.4884
vn -0.0584 -0.8399 0.5396
vn 0.0294 0.8828 0.4687
vn 0.0595 0.8721 0.4857
vn 0.1118 0.8654 0.4884
vn 0.0584 0.8399 0.5396
vn -0.1728 -0.8828 0.4367
vn -0.2066 -0.8721 0.4436
vn -0.2572 -0.8654 0.4300
vn -0.2222 -0.8399 0.4952
vn -0.1169 0.8828 0.4549
vn -0.0936 0.8721 0.4803
vn -0.0446 0.8654 0.4990
vn -0.1111 0.8399 0.5312
vn -0.2993 -0.8828 0.3620
vn -0.3336 -0.8721 0.3580
vn -0.3775 -0.8654 0.3295
vn -0.3645 -0.8399 0.4022
vn -0.1286 0.5069 0.8524
vn -0.1540 0.4480 0.8807
vn -0.1009 0.4052 0.9086
vn 0.0709 0.6279 0.7751
vn -0.3965 -0.8828 0.2518
vn -0.4279 -0.8721 0.2374
vn -0.4608 -0.8654 0.1967
vn -0.4709 -0.8399 0.2699
vn -0.4549 -0.8828 0.1169
vn -0.4803 -0.8721 0.0936
vn -0.4990 -0.8654 0.0447
vn -0.5312 -0.8399 0.1113
vn -0.4688 -0.8828 -0.0294
vn -0.4857 -0.8721 -0.0595
vn -0.4884 -0.8654 -0.1117
vn -0.5396 -0.8399 -0.0584
vn -0.4367 -0.8828 -0.1728
vn -0.4436 -0.8721 -0.2067
vn -0.4300 -0.8654 -0.2572
vn -0.4952 -0.8399 -0.2223
vn -0.3620 -0.8828 -0.2993
vn -0.3580 -0.8721 -0.3336
vn -0.3295 -0.8654 -0.3775
vn -0.4022 -0.8399 -0.3644
vn -0.2518 -0.8828 -0.3965
vn -0.2374 -0.8721 -0.4279
vn -0.1966 -0.8654 -0.4609
vn -0.2700 -0.8399 -0.4709
vn -0.0187 0.4532 -0.8912
vn -0.1651 0.4489 -0.8782
vn -0.0505 0.5249 -0.8497
vn 0.1255 0.5845 -0.8016
vn -0.1169 -0.8828 -0.4549
vn -0.0936 -0.8721 -0.4803
vn -0.0447 -0.8654 -0.4991
vn -0.1112 -0.8399 -0.5312
vn -0.1728 0.8828 -0.4367
vn -0.2067 0.8721 -0.4436
vn -0.2572 0.8654 -0.4300
vn -0.2223 0.8399 -0.4951
vn 0.0294 -0.8828 -0.4688
vn 0.0595 -0.8721 -0.4858
vn 0.1117 -0.8654 -0.4884
vn 0.0584 -0.8399 -0.5396
vn -0.0294 0.8829 -0.4687
vn -0.0595 0.8721 -0.4857
vn -0.1117 0.8654 -0.4884
vn -0.0584 0.8399 -0.5396
vn 0.1728 -0.8828 -0.4368
vn 0.2066 -0.8721 -0.4436
vn 0.2572 -0.8654 -0.4300
vn 0.2222 -0.8399 -0.4951
vn 0.1169 0.8828 -0.4549
vn 0.0936 0.8721 -0.4803
vn 0.0447 0.8654 -0.4991
vn 0.1112 0.8399 -0.5312
vn 0.2993 -0.8828 -0.3620
vn 0.3336 -0.8721 -0.3580
vn 0.3775 -0.8654 -0.3295
vn 0.3645 -0.8399 -0.4022
vn 0.1286 0.5069 -0.8523
vn 0.1540 0.4480 -0.8806
vn 0.1009 0.4052 -0.9087
vn -0.0709 0.6279 -0.7751
vn 0.3965 -0.8828 -0.2518
vn 0.4279 -0.8721 -0.2374
vn 0.4608 -0.8654 -0.1967
vn 0.4709 -0.8399 -0.2699
vn 0.4549 -0.8828 -0.1169
vn 0.4803 -0.8721 -0.0936
vn 0.4991 -0.8654 -0.0447
vn 0.5312 -0.8399 -0.1112
vn 0.4688 -0.8828 0.0294
vn 0.4858 -0.8721 0.0595
vn 0.4884 -0.8654 0.1117
vn 0.5396 -0.8399 0.0584
vn 0.4367 -0.8828 0.1728
vn 0.4436 -0.8721 0.2067
vn 0.4300 -0.8654 0.2572
vn 0.4951 -0.8399 0.2222
vn 0.3620 0.8828 -0.2993
vn 0.3580 0.8721 -0.3336
vn 0.3295 0.8654 -0.3775
vn 0.4022 0.8399 -0.3644
vn 0.3063 0.3815 -0.8721
vn 0.4367 0.8828 -0.1728
vn 0.4435 0.8721 -0.2067
vn 0.4299 0.8654 -0.2573
vn 0.4951 0.8399 -0.2224
vn 0.8751 0.3813 0.2979
vn 0.2517 0.8829 -0.3965
vn 0.2372 0.8722 -0.4279
vn 0.1965 0.8655 -0.4608
vn 0.2699 0.8399 -0.4709
vn 0.9244 0.3812 0.0129
vn 0.0447 0.8654 -0.4990
vn -0.0294 0.8828 -0.4687
vn -0.0595 0.8721 -0.4856
vn -0.1118 0.8654 -0.4884
vn -0.2067 0.8721 -0.4435
vn -0.2993 0.8828 -0.3619
vn -0.3336 0.8721 -0.3579
vn -0.3775 0.8655 -0.3294
vn -0.3644 0.8399 -0.4022
vn -0.3965 0.8828 -0.2517
vn -0.4280 0.8721 -0.2373
vn -0.4609 0.8654 -0.1966
vn -0.4709 0.8399 -0.2699
vn -0.9241 0.3814 -0.0218
vn -0.4549 0.8828 -0.1169
vn -0.4803 0.8721 -0.0935
vn -0.4990 0.8654 -0.0446
vn -0.5312 0.8399 -0.1112
vn -0.8856 0.3814 0.2648
vn -0.2733 0.3812 -0.8832
vn -0.4687 0.8828 0.0294
vn -0.4857 0.8721 0.0595
vn -0.4884 0.8654 0.1118
vn -0.5396 0.8399 0.0584
vn -0.7604 0.3815 0.5255
vn -0.5329 0.3812 -0.7554
vn -0.4367 0.8828 0.1728
vn -0.4436 0.8721 0.2067
vn -0.4300 0.8654 0.2572
vn -0.4951 0.8399 0.2223
vn -0.5609 0.3815 0.7348
vn -0.7402 0.3812 -0.5538
vn -0.3620 0.8828 0.2993
vn -0.3579 0.8721 0.3336
vn -0.3294 0.8654 0.3775
vn -0.4022 0.8399 0.3645
vn -0.3063 0.3815 0.8721
vn -0.8752 0.3812 -0.2979
vn -0.2517 0.8829 0.3965
vn -0.2372 0.8722 0.4279
vn -0.1966 0.8655 0.4608
vn -0.2699 0.8399 0.4709
vn -0.9244 0.3812 -0.0129
vn -0.0447 0.8654 0.4990
vn -0.1112 0.8399 0.5313
vn 0.0595 0.8721 0.4856
vn 0.2067 0.8721 0.4435
vn 0.2223 0.8399 0.4952
vn 0.2993 0.8828 0.3619
vn 0.3336 0.8721 0.3579
vn 0.3775 0.8654 0.3294
vn 0.3644 0.8399 0.4022
vn 0.3965 0.8829 0.2517
vn 0.4278 0.8721 0.2373
vn 0.4608 0.8655 0.1966
vn 0.4709 0.8399 0.2699
vn 0.9241 0.3815 0.0218
vn 0.2734 0.3813 0.8831
vn 0.4549 0.8828 0.1169
vn 0.4803 0.8721 0.0935
vn 0.4990 0.8654 0.0446
vn 0.5312 0.8399 0.1112
vn 0.8856 0.3815 -0.2648
vn 0.4687 0.8829 -0.0294
vn 0.4855 0.8722 -0.0595
vn 0.4883 0.8655 -0.1118
vn 0.5396 0.8399 -0.0584
vn 0.7605 0.3815 -0.5255
vn 0.5329 0.3812 0.7554
vn 0.5609 0.3815 -0.7348
vn 0.7403 0.3813 0.5538
vn 0.1169 -0.8829 0.4549
vn 0.0935 -0.8721 0.4804
vn 0.0446 -0.8654 0.4991
vn -0.0293 -0.8828 0.4688
vn -0.0595 -0.8721 0.4858
vn -0.0583 -0.8399 0.5396
vn -0.2222 -0.8399 0.4951
vn -0.0188 -0.4532 0.8912
vn -0.1652 -0.4489 0.8782
vn -0.0506 -0.5249 0.8496
vn 0.1254 -0.5846 0.8016
vn -0.1286 -0.5069 -0.8523
vn -0.1540 -0.4480 -0.8806
vn -0.1010 -0.4051 -0.9087
vn 0.0709 -0.6278 -0.7751
vn -0.0936 -0.8720 -0.4804
vn 0.1118 -0.8654 -0.4885
vn 0.0584 -0.8399 -0.5395
vn 0.1728 -0.8828 -0.4367
vn 0.2066 -0.8721 -0.4437
vn 0.0188 -0.4532 -0.8912
vn 0.1652 -0.4489 -0.8782
vn 0.0506 -0.5249 -0.8496
vn -0.1254 -0.5846 -0.8016
vn 0.1286 -0.5069 0.8523
vn 0.1540 -0.4480 0.8806
vn 0.1010 -0.4052 0.9087
vn -0.0709 -0.6279 0.7751
vn 0.5750 -0.8175 -0.0325
vn 0.5175 -0.7810 0.3496
vn 0.5163 -0.7699 0.3749
vn 0.5951 -0.7635 -0.2509
vn 0.5011 -0.7839 0.3667
vn 0.5036 -0.7839 0.3632
vn 0.3752 -0.7699 0.5162
vn 0.3632 -0.7839 0.5036
vn 0.3667 -0.7839 0.5011
vn 0.3841 -0.7810 0.4925
vn 0.5569 -0.8175 0.1468
vn 0.6435 -0.7635 -0.0547
vn -0.0414 0.5404 0.8404
vn -0.0355 0.3875 0.9212
vn -0.0443 0.6313 0.7743
vn 0.8467 0.3212 0.4241
vn 0.6451 0.4186 0.6392
vn 0.5659 0.5072 0.6500
vn 0.1973 -0.7699 0.6068
vn 0.1898 -0.7839 0.5912
vn 0.1939 -0.7839 0.5899
vn 0.2131 -0.7810 0.5870
vn 0.4843 -0.8175 0.3117
vn 0.6289 -0.7635 0.1469
vn 0.1898 0.7839 0.5912
vn 0.1973 0.7699 0.6068
vn 0.1939 0.7839 0.5899
vn 0.2131 0.7810 0.5870
vn 0.4843 0.8175 0.3117
vn 0.6289 0.7635 0.1469
vn 0.0002 -0.7699 0.6381
vn -0.0022 -0.7839 0.6209
vn 0.0022 -0.7839 0.6209
vn 0.0213 -0.7810 0.6241
vn 0.3643 -0.8175 0.4461
vn 0.5528 -0.7635 0.3340
vn -0.0002 0.7699 0.6381
vn 0.0022 0.7839 0.6209
vn -0.0022 0.7839 0.6209
vn -0.0213 0.7810 0.6242
vn -0.3642 0.8175 0.4461
vn -0.5527 0.7635 0.3340
vn -0.1898 -0.7839 0.5912
vn -0.1973 -0.7699 0.6069
vn -0.1939 -0.7839 0.5899
vn -0.2131 -0.7810 0.5870
vn -0.4843 -0.8175 0.3117
vn -0.6289 -0.7635 0.1469
vn -0.1973 0.7699 0.6068
vn -0.1898 0.7839 0.5912
vn -0.1939 0.7839 0.5899
vn -0.2132 0.7810 0.5871
vn -0.4843 0.8175 0.3116
vn -0.6289 0.7635 0.1468
vn -0.3632 -0.7839 0.5036
vn -0.3752 -0.7699 0.5162
vn -0.3667 -0.7839 0.5011
vn -0.3841 -0.7810 0.4925
vn -0.5569 -0.8175 0.1468
vn -0.6435 -0.7635 -0.0547
vn 0.0355 0.3875 0.9212
vn 0.0414 0.5404 0.8404
vn 0.0443 0.6313 0.7743
vn -0.6452 0.4186 0.6392
vn -0.8468 0.3212 0.4241
vn -0.5659 0.5072 0.6500
vn -0.5011 -0.7839 0.3667
vn -0.5163 -0.7699 0.3749
vn -0.5036 -0.7839 0.3632
vn -0.5174 -0.7810 0.3497
vn -0.5750 -0.8175 -0.0325
vn -0.5951 -0.7635 -0.2509
vn -0.5899 -0.7839 0.1939
vn -0.6069 -0.7699 0.1970
vn -0.5912 -0.7839 0.1898
vn -0.6001 -0.7810 0.1727
vn -0.5368 -0.8175 -0.2086
vn -0.4885 -0.7635 -0.4225
vn -0.6209 -0.7839 0.0022
vn -0.6381 -0.7699 -0.0002
vn -0.6209 -0.7839 -0.0022
vn -0.6241 -0.7810 -0.0213
vn -0.4461 -0.8175 -0.3643
vn -0.3340 -0.7635 -0.5528
vn -0.5912 -0.7839 -0.1898
vn -0.5126 -0.8391 -0.1823
vn -0.5899 -0.7839 -0.1939
vn -0.5219 -0.8390 -0.1540
vn -0.4274 -0.8934 -0.1389
vn -0.5036 -0.7839 -0.3632
vn -0.5175 -0.7810 -0.3497
vn -0.5011 -0.7839 -0.3667
vn -0.5163 -0.7699 -0.3750
vn -0.5951 -0.7635 0.2509
vn -0.5750 -0.8175 0.0325
vn -0.3667 -0.7839 -0.5011
vn -0.3076 -0.8391 -0.4487
vn -0.3632 -0.7839 -0.5036
vn -0.3317 -0.8390 -0.4313
vn -0.2641 -0.8934 -0.3635
vn 0.2421 0.6810 -0.6911
vn 0.1223 0.6309 -0.7661
vn 0.2119 0.3077 -0.9276
vn 0.0844 0.4212 -0.9030
vn -0.1650 0.4354 -0.8850
vn -0.1823 -0.8391 -0.5126
vn -0.1389 -0.8934 -0.4274
vn -0.1540 -0.8390 -0.5219
vn -0.1898 -0.7839 -0.5912
vn -0.1939 -0.7839 -0.5898
vn -0.1389 0.8934 -0.4274
vn -0.1823 0.8391 -0.5126
vn -0.1540 0.8390 -0.5219
vn -0.1898 0.7839 -0.5912
vn -0.1939 0.7839 -0.5899
vn -0.0150 -0.8391 -0.5438
vn -0.0000 -0.8933 -0.4494
vn 0.0148 -0.8390 -0.5439
vn 0.0022 -0.7839 -0.6209
vn -0.0022 -0.7839 -0.6209
vn 0.0150 0.8391 -0.5438
vn -0.0000 0.8934 -0.4493
vn -0.0148 0.8390 -0.5439
vn -0.0022 0.7839 -0.6209
vn 0.0022 0.7839 -0.6209
vn 0.1389 -0.8934 -0.4274
vn 0.1823 -0.8391 -0.5126
vn 0.1540 -0.8390 -0.5219
vn 0.1898 -0.7839 -0.5912
vn 0.1939 -0.7839 -0.5899
vn 0.1823 0.8391 -0.5126
vn 0.1389 0.8934 -0.4274
vn 0.1540 0.8390 -0.5219
vn 0.1898 0.7838 -0.5912
vn 0.1939 0.7838 -0.5899
vn 0.2641 -0.8934 -0.3635
vn 0.3317 -0.8390 -0.4313
vn 0.3075 -0.8391 -0.4487
vn 0.3667 -0.7839 -0.5011
vn 0.3632 -0.7839 -0.5036
vn -0.0844 0.4212 -0.9030
vn -0.2119 0.3077 -0.9276
vn 0.1650 0.4354 -0.8850
vn -0.1224 0.6309 -0.7662
vn -0.2421 0.6809 -0.6912
vn 0.5175 -0.7810 -0.3497
vn 0.5952 -0.7635 0.2508
vn 0.5750 -0.8175 0.0325
vn 0.5163 -0.7699 -0.3750
vn 0.5036 -0.7839 -0.3632
vn 0.5011 -0.7839 -0.3667
vn 0.5126 -0.8391 -0.1823
vn 0.5912 -0.7839 -0.1898
vn 0.5899 -0.7839 -0.1939
vn 0.5219 -0.8390 -0.1540
vn 0.4274 -0.8934 -0.1389
vn 0.6381 -0.7699 -0.0002
vn 0.6209 -0.7839 0.0022
vn 0.6209 -0.7839 -0.0022
vn 0.6242 -0.7810 -0.0213
vn 0.4461 -0.8175 -0.3643
vn 0.3340 -0.7635 -0.5528
vn 0.6069 -0.7699 0.1970
vn 0.5899 -0.7839 0.1939
vn 0.5912 -0.7839 0.1898
vn 0.6002 -0.7810 0.1726
vn 0.5368 -0.8175 -0.2086
vn 0.4885 -0.7635 -0.4225
vn 0.5037 0.7838 -0.3632
vn 0.5174 0.7810 -0.3497
vn 0.5011 0.7839 -0.3667
vn 0.5164 0.7699 -0.3749
vn 0.5951 0.7635 0.2508
vn 0.5750 0.8175 0.0325
vn 0.5912 0.7839 -0.1898
vn 0.5126 0.8391 -0.1823
vn 0.5899 0.7839 -0.1939
vn 0.5219 0.8390 -0.1540
vn 0.4274 0.8933 -0.1389
vn 0.3667 0.7839 -0.5011
vn 0.3075 0.8391 -0.4487
vn 0.3632 0.7839 -0.5036
vn 0.3317 0.8390 -0.4313
vn 0.2641 0.8934 -0.3635
vn 0.1389 0.8934 -0.4273
vn 0.1898 0.7839 -0.5912
vn 0.1939 0.7839 -0.5899
vn -0.0000 0.8933 -0.4494
vn -0.1389 0.8933 -0.4274
vn -0.2641 0.8934 -0.3635
vn -0.3317 0.8390 -0.4313
vn -0.3076 0.8391 -0.4487
vn -0.3667 0.7839 -0.5011
vn -0.3632 0.7839 -0.5036
vn -0.5175 0.7810 -0.3496
vn -0.5951 0.7635 0.2509
vn -0.5750 0.8175 0.0325
vn -0.5164 0.7699 -0.3749
vn -0.5036 0.7839 -0.3632
vn -0.5011 0.7838 -0.3667
vn -0.5126 0.8391 -0.1823
vn -0.5912 0.7839 -0.1898
vn -0.5899 0.7839 -0.1939
vn -0.5219 0.8390 -0.1540
vn -0.4273 0.8934 -0.1389
vn -0.6381 0.7699 -0.0002
vn -0.6209 0.7839 0.0022
vn -0.6210 0.7838 -0.0022
vn -0.6242 0.7810 -0.0213
vn -0.4461 0.8175 -0.3643
vn -0.3340 0.7635 -0.5528
vn -0.6069 0.7699 0.1970
vn -0.5899 0.7839 0.1939
vn -0.5912 0.7839 0.1898
vn -0.6002 0.7810 0.1726
vn -0.5368 0.8175 -0.2086
vn -0.4885 0.7635 -0.4225
vn -0.5749 0.8175 -0.0325
vn -0.5175 0.7810 0.3496
vn -0.5164 0.7699 0.3749
vn -0.5951 0.7635 -0.2509
vn -0.5011 0.7839 0.3667
vn -0.5037 0.7838 0.3632
vn -0.3752 0.7699 0.5162
vn -0.3632 0.7839 0.5036
vn -0.3667 0.7839 0.5011
vn -0.3841 0.7810 0.4925
vn -0.5569 0.8175 0.1468
vn -0.6435 0.7635 -0.0547
vn -0.2131 0.7810 0.5870
vn -0.4842 0.8175 0.3117
vn -0.6289 0.7635 0.1469
vn -0.5528 0.7635 0.3340
vn 0.3632 0.7839 0.5036
vn 0.3752 0.7699 0.5162
vn 0.3667 0.7839 0.5011
vn 0.3841 0.7810 0.4925
vn 0.5569 0.8175 0.1468
vn 0.6435 0.7635 -0.0547
vn 0.5011 0.7839 0.3667
vn 0.5163 0.7699 0.3749
vn 0.5036 0.7838 0.3632
vn 0.5174 0.7810 0.3497
vn 0.5750 0.8175 -0.0325
vn 0.5951 0.7635 -0.2509
vn 0.5899 0.7838 0.1939
vn 0.6069 0.7699 0.1970
vn 0.5912 0.7839 0.1898
vn 0.6002 0.7810 0.1726
vn 0.5368 0.8175 -0.2086
vn 0.4885 0.7635 -0.4225
vn 0.6209 0.7839 0.0022
vn 0.6381 0.7699 -0.0002
vn 0.6209 0.7839 -0.0022
vn 0.6241 0.7810 -0.0213
vn 0.4460 0.8175 -0.3642
vn 0.3340 0.7635 -0.5528
vn 0.1973 -0.7700 0.6068
vn 0.1939 -0.7839 0.5898
vn 0.4842 -0.8175 0.3117
vn 0.0002 -0.7700 0.6381
vn 0.3642 -0.8175 0.4461
vn 0.5527 -0.7635 0.3340
vn -0.1973 -0.7700 0.6068
vn -0.1939 -0.7839 0.5898
vn -0.2130 -0.7810 0.5870
vn -0.1876 -0.4258 0.8852
vn -0.2297 -0.3643 0.9025
vn -0.1845 -0.4722 0.8620
vn -0.2247 -0.3739 0.8999
vn -0.6394 -0.6708 0.3756
vn -0.4169 -0.8141 0.4042
vn 0.0844 -0.4212 -0.9030
vn 0.2119 -0.3077 -0.9276
vn -0.1650 -0.4354 -0.8850
vn 0.1223 -0.6308 -0.7662
vn 0.2421 -0.6808 -0.6913
vn -0.1388 -0.8934 -0.4273
vn -0.1940 -0.7839 -0.5898
vn 0.1388 -0.8934 -0.4273
vn 0.1539 -0.8390 -0.5219
vn 0.1940 -0.7839 -0.5899
vn -0.2421 -0.6808 -0.6913
vn -0.1224 -0.6309 -0.7662
vn -0.2119 -0.3077 -0.9276
vn -0.0844 -0.4212 -0.9030
vn 0.1650 -0.4354 -0.8850
vn 0.2297 -0.3643 0.9025
vn 0.1876 -0.4258 0.8852
vn 0.1845 -0.4722 0.8620
vn 0.2247 -0.3739 0.8999
vn 0.6394 -0.6709 0.3756
vn 0.4169 -0.8141 0.4043
vn -0.1786 -0.9753 0.1299
vn -0.2106 -0.9752 0.0686
vn 0.5057 -0.8586 0.0842
vn -0.1301 -0.9752 0.1791
vn -0.0686 -0.9750 0.2112
vn -0.0000 -0.9748 0.2229
vn 0.0691 -0.9747 0.2126
vn 0.1318 -0.9746 0.1812
vn 0.1815 -0.9745 0.1319
vn 0.2135 -0.9745 0.0694
vn 0.2243 -0.9745 -0.0000
vn 0.2131 -0.9746 -0.0692
vn 0.1810 -0.9747 -0.1312
vn 0.1311 -0.9748 -0.1803
vn 0.0687 -0.9750 -0.2112
vn 0.0001 -0.9752 -0.2213
vn -0.0680 -0.9753 -0.2101
vn -0.1298 -0.9752 -0.1795
vn -0.1953 -0.9713 -0.1359
vn -0.2335 -0.9724 0.0013
vn 0.9387 -0.1606 -0.3050
vn 0.7985 -0.1606 -0.5802
vn 0.5802 -0.1606 -0.7985
vn 0.3050 -0.1606 -0.9387
vn -0.0000 -0.1606 -0.9870
vn -0.3050 -0.1606 -0.9387
vn -0.5802 -0.1606 -0.7985
vn -0.7985 -0.1606 -0.5802
vn -0.9387 -0.1606 -0.3050
vn -0.9870 -0.1606 -0.0000
vn -0.9387 -0.1606 0.3050
vn -0.7985 -0.1606 0.5802
vn -0.5802 -0.1606 0.7985
vn -0.3050 -0.1606 0.9387
vn -0.0000 -0.1606 0.9870
vn 0.3050 -0.1606 0.9387
vn 0.5802 -0.1606 0.7985
vn 0.7985 -0.1606 0.5802
vn 0.9387 -0.1606 0.3050
vn 0.9870 -0.1606 -0.0000
vn 0.3446 -0.9222 -0.1756
vn 0.3820 -0.9222 -0.0605
vn 0.9141 -0.3787 -0.1448
vn 0.6545 -0.3787 -0.6545
vn 0.2735 -0.9222 -0.2735
vn 0.1756 -0.9222 -0.3446
vn 0.1448 -0.3787 -0.9141
vn 0.0605 -0.9222 -0.3820
vn -0.0605 -0.9222 -0.3820
vn -0.1756 -0.9222 -0.3446
vn -0.6545 -0.3787 -0.6545
vn -0.2735 -0.9222 -0.2735
vn -0.3446 -0.9222 -0.1756
vn -0.9141 -0.3787 -0.1448
vn -0.3820 -0.9222 -0.0605
vn -0.9141 -0.3787 0.1448
vn -0.3820 -0.9222 0.0605
vn -0.3446 -0.9222 0.1756
vn -0.6545 -0.3787 0.6545
vn -0.2735 -0.9222 0.2735
vn -0.4202 -0.3787 0.8247
vn -0.1756 -0.9222 0.3446
vn -0.1448 -0.3787 0.9141
vn -0.0605 -0.9222 0.3820
vn 0.1448 -0.3787 0.9141
vn 0.0605 -0.9222 0.3820
vn 0.1756 -0.9222 0.3446
vn 0.6545 -0.3787 0.6545
vn 0.2735 -0.9222 0.2735
vn 0.8247 -0.3787 0.4202
vn 0.3290 -0.9234 0.1979
vn 0.9141 -0.3787 0.1448
vn 0.9493 0.3071 0.0667
vn 0.3820 -0.9222 0.0605
vn 0.8092 -0.0000 -0.5876
vn 0.9510 -0.0000 -0.3091
vn 0.6049 -0.0000 -0.7963
vn -0.6049 -0.0000 -0.7963
vn -0.8092 -0.0000 -0.5876
vn -0.9511 -0.0000 -0.3089
vn -1.0000 -0.0000 0.0001
vn -0.9510 -0.0000 0.3091
vn -0.8092 -0.0000 0.5876
vn -0.6049 -0.0000 0.7963
vn 0.6049 -0.0000 0.7963
vn 0.8092 -0.0000 0.5876
vn 0.9511 -0.0000 0.3089
vn 1.0000 -0.0000 -0.0001
vn -0.6437 -0.0001 0.7653
vn -0.5880 -0.0000 0.8089
vn -0.6438 -0.0000 -0.7652
vn -0.5882 -0.0003 -0.8087
vn 0.6437 -0.0001 -0.7653
vn 0.5880 -0.0000 -0.8089
vn 0.6438 -0.0000 0.7652
vn 0.5880 -0.0000 0.8089
vn -0.6042 -0.0000 0.7968
vn 0.6042 -0.0000 0.7968
vn 0.6042 -0.0000 -0.7968
vn -0.6042 -0.0000 -0.7968
vn 0.6438 -0.0000 -0.7652
vn 0.6437 -0.0000 0.7653
vn -0.6438 -0.0000 0.7652
vn -0.6437 -0.0000 -0.7653
vn -0.0000 1.0000 -0.0000
vn -0.0000 -1.0000 -0.0000
vn 0.0001 -1.0000 -0.0000
vn -0.0001 -1.0000 -0.0000
vn -0.4540 -0.0000 0.8910
vn -0.2581 -0.0000 0.9661
vn -0.2583 -0.0000 0.9661
vn 0.2583 -0.0000 0.9661
vn 0.2581 -0.0000 0.9661
vn 0.4540 -0.0000 0.8910
vt 0.512863 0.043897
vt 0.506762 0.033528
vt 0.500000 0.029955
vt 0.517704 0.060048
vt 0.520812 0.080400
vt 0.521883 0.102960
vt 0.520812 0.125520
vt 0.517704 0.145871
vt 0.512863 0.162022
vt 0.506762 0.172392
vt 0.500000 0.175965
vt 0.493238 0.172392
vt 0.487137 0.162022
vt 0.482296 0.145871
vt 0.479188 0.125519
vt 0.478117 0.102960
vt 0.479188 0.080400
vt 0.482296 0.060048
vt 0.487137 0.043897
vt 0.493238 0.033528
vt 0.506762 0.003713
vt 0.512863 0.014083
vt 0.479188 0.050586
vt 0.517704 0.030234
vt 0.520812 0.050586
vt 0.521883 0.073146
vt 0.520812 0.095705
vt 0.517704 0.116057
vt 0.512863 0.132208
vt 0.506762 0.142577
vt 0.500000 0.146151
vt 0.493238 0.142577
vt 0.487137 0.132208
vt 0.482296 0.116057
vt 0.479188 0.095705
vt 0.478117 0.073146
vt 0.482296 0.030234
vt 0.487137 0.014083
vt 0.493238 0.003714
vt 0.500000 0.000141
vt 0.506895 0.029183
vt 0.513115 0.039756
vt 0.513115 0.015905
vt 0.506895 0.005331
vt 0.518051 0.056225
vt 0.518051 0.032373
vt 0.521221 0.076976
vt 0.521221 0.053124
vt 0.522313 0.099979
vt 0.522313 0.076127
vt 0.521221 0.122981
vt 0.521221 0.099129
vt 0.518051 0.143732
vt 0.518051 0.119880
vt 0.513115 0.160201
vt 0.513115 0.136349
vt 0.506895 0.170774
vt 0.506895 0.146922
vt 0.500000 0.174417
vt 0.500000 0.150565
vt 0.493105 0.170774
vt 0.493105 0.146922
vt 0.486885 0.160201
vt 0.486885 0.136349
vt 0.481948 0.143732
vt 0.481948 0.119880
vt 0.478779 0.122981
vt 0.478779 0.099129
vt 0.477687 0.099979
vt 0.477687 0.076127
vt 0.478779 0.076976
vt 0.478779 0.053124
vt 0.481948 0.056225
vt 0.481948 0.032373
vt 0.486885 0.039757
vt 0.486885 0.015905
vt 0.493105 0.029183
vt 0.493105 0.005331
vt 0.500000 0.025540
vt 0.500000 0.001688
vt 0.506856 0.031691
vt 0.513041 0.042204
vt 0.500000 0.028068
vt 0.517950 0.058579
vt 0.521101 0.079214
vt 0.522187 0.102087
vt 0.521101 0.124960
vt 0.517950 0.145594
vt 0.513041 0.161969
vt 0.506856 0.172483
vt 0.500000 0.176105
vt 0.493144 0.172483
vt 0.486959 0.161969
vt 0.482050 0.145594
vt 0.478899 0.124960
vt 0.477813 0.102087
vt 0.478899 0.079214
vt 0.482050 0.058580
vt 0.486959 0.042204
vt 0.493144 0.031691
vt 0.506856 0.003623
vt 0.500000 0.000000
vt 0.513041 0.014136
vt 0.517950 0.030512
vt 0.521101 0.051146
vt 0.522187 0.074019
vt 0.521101 0.096892
vt 0.517950 0.117526
vt 0.513041 0.133901
vt 0.506856 0.144415
vt 0.500000 0.148037
vt 0.493144 0.144415
vt 0.486959 0.133901
vt 0.482050 0.117526
vt 0.478899 0.096892
vt 0.477813 0.074019
vt 0.478899 0.051146
vt 0.482050 0.030512
vt 0.486959 0.014136
vt 0.493144 0.003623
vt 0.497494 0.175281
vt 0.497874 0.174256
vt 0.497115 0.174255
vt 0.497114 0.168981
vt 0.497873 0.168999
vt 0.497494 0.170257
vt 0.497882 0.168108
vt 0.497882 0.164022
vt 0.497882 0.167514
vt 0.497882 0.163650
vt 0.497106 0.167328
vt 0.497106 0.163590
vt 0.497106 0.167900
vt 0.497106 0.164603
vt 0.497106 0.167571
vt 0.497106 0.165338
vt 0.497882 0.167478
vt 0.497882 0.165338
vt 0.497882 0.167571
vt 0.497882 0.164022
vt 0.497106 0.168217
vt 0.497106 0.166153
vt 0.497882 0.166153
vt 0.497882 0.168217
vt 0.497106 0.169204
vt 0.497106 0.166970
vt 0.497882 0.166970
vt 0.497882 0.169204
vt 0.497106 0.170434
vt 0.497106 0.167708
vt 0.497882 0.167708
vt 0.497882 0.170434
vt 0.497106 0.172460
vt 0.497106 0.168807
vt 0.497882 0.168742
vt 0.497882 0.172460
vt 0.497106 0.163525
vt 0.497882 0.158251
vt 0.497882 0.163525
vt 0.497106 0.158251
vt 0.497106 0.158929
vt 0.497106 0.158307
vt 0.497882 0.158929
vt 0.497882 0.158423
vt 0.497106 0.159719
vt 0.497882 0.159719
vt 0.497882 0.164603
vt 0.497106 0.160716
vt 0.497882 0.160716
vt 0.497106 0.161821
vt 0.497882 0.161821
vt 0.497106 0.162928
vt 0.497882 0.162928
vt 0.497106 0.163928
vt 0.497882 0.164722
vt 0.497106 0.164722
vt 0.497106 0.165411
vt 0.497882 0.165322
vt 0.497882 0.168807
vt 0.497882 0.165411
vt 0.497882 0.154261
vt 0.497106 0.154261
vt 0.497106 0.154466
vt 0.497106 0.158423
vt 0.497106 0.155062
vt 0.497882 0.158308
vt 0.497882 0.155062
vt 0.497106 0.155992
vt 0.497882 0.155992
vt 0.497106 0.157164
vt 0.497882 0.157164
vt 0.497106 0.158463
vt 0.497882 0.158463
vt 0.497106 0.159764
vt 0.497882 0.159764
vt 0.497106 0.160937
vt 0.497882 0.160937
vt 0.497882 0.163928
vt 0.497106 0.161869
vt 0.497882 0.161869
vt 0.497882 0.164722
vt 0.497106 0.161868
vt 0.497106 0.162674
vt 0.497882 0.162674
vt 0.497882 0.161868
vt 0.497106 0.162674
vt 0.497882 0.162674
vt 0.497882 0.153086
vt 0.497106 0.153086
vt 0.497106 0.153086
vt 0.497106 0.154328
vt 0.497106 0.153919
vt 0.497882 0.153919
vt 0.497882 0.153086
vt 0.497106 0.154884
vt 0.497882 0.154884
vt 0.497106 0.156100
vt 0.497882 0.156100
vt 0.497106 0.157448
vt 0.497882 0.156100
vt 0.497106 0.158795
vt 0.497106 0.158795
vt 0.497882 0.161807
vt 0.497106 0.161808
vt 0.497106 0.161808
vt 0.497882 0.161808
vt 0.497494 0.173279
vt 0.497876 0.172574
vt 0.497876 0.173310
vt 0.497494 0.172557
vt 0.497882 0.173131
vt 0.497882 0.174179
vt 0.497876 0.173888
vt 0.497882 0.174564
vt 0.497494 0.173846
vt 0.497876 0.174252
vt 0.497882 0.175039
vt 0.497494 0.174203
vt 0.497876 0.174365
vt 0.497882 0.175187
vt 0.497494 0.174314
vt 0.497876 0.174217
vt 0.497882 0.174992
vt 0.497494 0.174168
vt 0.497876 0.173821
vt 0.497882 0.174476
vt 0.497494 0.173781
vt 0.497876 0.173218
vt 0.497882 0.173687
vt 0.497494 0.173189
vt 0.497876 0.172465
vt 0.497882 0.172703
vt 0.497494 0.172451
vt 0.497876 0.171638
vt 0.497882 0.171620
vt 0.497494 0.171639
vt 0.497876 0.170815
vt 0.497882 0.170544
vt 0.497494 0.170832
vt 0.497876 0.170079
vt 0.497880 0.168975
vt 0.497494 0.170110
vt 0.497876 0.169500
vt 0.497882 0.168110
vt 0.497494 0.169542
vt 0.497876 0.169137
vt 0.497882 0.167516
vt 0.497494 0.169186
vt 0.497876 0.169024
vt 0.497882 0.167331
vt 0.497494 0.169075
vt 0.497876 0.169172
vt 0.497882 0.167574
vt 0.497494 0.169220
vt 0.497876 0.169567
vt 0.497882 0.168219
vt 0.497494 0.169608
vt 0.497876 0.170171
vt 0.497882 0.169205
vt 0.497494 0.170200
vt 0.497876 0.170923
vt 0.497882 0.170434
vt 0.497494 0.170938
vt 0.497876 0.171751
vt 0.497882 0.171787
vt 0.497494 0.171750
vt 0.497113 0.173888
vt 0.497113 0.173310
vt 0.497106 0.174564
vt 0.497109 0.174235
vt 0.497113 0.172574
vt 0.497106 0.173131
vt 0.497113 0.174252
vt 0.497106 0.175038
vt 0.497113 0.174365
vt 0.497106 0.175187
vt 0.497113 0.174217
vt 0.497106 0.174992
vt 0.497113 0.173821
vt 0.497106 0.174476
vt 0.497113 0.173218
vt 0.497106 0.173687
vt 0.497113 0.172465
vt 0.497106 0.172703
vt 0.497113 0.171638
vt 0.497106 0.171620
vt 0.497113 0.170815
vt 0.497106 0.170544
vt 0.497113 0.170079
vt 0.497106 0.168947
vt 0.497113 0.169500
vt 0.497106 0.168110
vt 0.497113 0.169137
vt 0.497106 0.167516
vt 0.497113 0.169024
vt 0.497106 0.167331
vt 0.497113 0.169172
vt 0.497106 0.167574
vt 0.497113 0.169567
vt 0.497106 0.168219
vt 0.497113 0.170171
vt 0.497106 0.169205
vt 0.497113 0.170923
vt 0.497106 0.170434
vt 0.497113 0.171751
vt 0.497106 0.171787
vt 0.497113 0.175239
vt 0.497113 0.175826
vt 0.497494 0.175875
vt 0.497113 0.176009
vt 0.497494 0.176060
vt 0.497113 0.175769
vt 0.497494 0.175817
vt 0.497113 0.175131
vt 0.497494 0.175172
vt 0.497113 0.174156
vt 0.497494 0.174185
vt 0.497113 0.172940
vt 0.497494 0.172955
vt 0.497113 0.171602
vt 0.497494 0.171601
vt 0.497113 0.170274
vt 0.497876 0.175239
vt 0.497876 0.175826
vt 0.497876 0.176009
vt 0.497876 0.175769
vt 0.497876 0.175131
vt 0.497876 0.174156
vt 0.497876 0.172940
vt 0.497876 0.171602
vt 0.497876 0.170274
vt 0.497882 0.174188
vt 0.497106 0.174189
vt 0.497871 0.168984
vt 0.497117 0.168984
vt 0.497871 0.174266
vt 0.497117 0.174266
vt 0.502038 0.169019
vt 0.502038 0.168963
vt 0.502038 0.169399
vt 0.502038 0.168900
vt 0.502038 0.163525
vt 0.502038 0.169055
vt 0.502038 0.169469
vt 0.502038 0.170100
vt 0.502038 0.168807
vt 0.502038 0.170887
vt 0.502038 0.171754
vt 0.502038 0.172614
vt 0.502038 0.174188
vt 0.502426 0.175281
vt 0.502806 0.174256
vt 0.502047 0.174255
vt 0.502046 0.168981
vt 0.502805 0.168999
vt 0.502426 0.170257
vt 0.502814 0.168108
vt 0.502814 0.164022
vt 0.502814 0.167514
vt 0.502814 0.163650
vt 0.502814 0.167478
vt 0.502814 0.165338
vt 0.502814 0.167571
vt 0.502814 0.164022
vt 0.502814 0.166153
vt 0.502814 0.168217
vt 0.502814 0.166970
vt 0.502814 0.169204
vt 0.502814 0.167708
vt 0.502814 0.170434
vt 0.502814 0.168742
vt 0.502814 0.172460
vt 0.502038 0.163525
vt 0.502814 0.158251
vt 0.502814 0.163525
vt 0.502038 0.158251
vt 0.502814 0.158929
vt 0.502814 0.158423
vt 0.502814 0.159719
vt 0.502814 0.164603
vt 0.502814 0.160716
vt 0.502814 0.161821
vt 0.502038 0.158251
vt 0.502038 0.165411
vt 0.502814 0.162928
vt 0.502814 0.164722
vt 0.502814 0.165322
vt 0.502814 0.168807
vt 0.502814 0.165411
vt 0.502814 0.154261
vt 0.502038 0.154261
vt 0.502814 0.158308
vt 0.502814 0.155062
vt 0.502814 0.155992
vt 0.502814 0.157164
vt 0.502038 0.162674
vt 0.502814 0.158463
vt 0.502814 0.159764
vt 0.502814 0.160937
vt 0.502814 0.163928
vt 0.502814 0.161869
vt 0.502814 0.164722
vt 0.502814 0.162674
vt 0.502814 0.161868
vt 0.502038 0.162674
vt 0.502814 0.162674
vt 0.502814 0.153086
vt 0.502038 0.153086
vt 0.502814 0.153919
vt 0.502814 0.153086
vt 0.502814 0.154884
vt 0.502038 0.161806
vt 0.502038 0.153086
vt 0.502814 0.156100
vt 0.502814 0.156100
vt 0.502814 0.161807
vt 0.502038 0.161808
vt 0.502814 0.161808
vt 0.502426 0.173279
vt 0.502808 0.172574
vt 0.502808 0.173310
vt 0.502426 0.172557
vt 0.502814 0.173131
vt 0.502814 0.174179
vt 0.502808 0.173888
vt 0.502814 0.174564
vt 0.502426 0.173846
vt 0.502808 0.174252
vt 0.502814 0.175039
vt 0.502426 0.174203
vt 0.502808 0.174365
vt 0.502814 0.175187
vt 0.502426 0.174314
vt 0.502808 0.174217
vt 0.502814 0.174992
vt 0.502426 0.174168
vt 0.502808 0.173821
vt 0.502814 0.174476
vt 0.502426 0.173781
vt 0.502808 0.173218
vt 0.502814 0.173687
vt 0.502426 0.173189
vt 0.502808 0.172465
vt 0.502814 0.172703
vt 0.502426 0.172451
vt 0.502808 0.171638
vt 0.502814 0.171620
vt 0.502426 0.171639
vt 0.502808 0.170815
vt 0.502814 0.170544
vt 0.502426 0.170832
vt 0.502808 0.170079
vt 0.502812 0.168975
vt 0.502426 0.170110
vt 0.502808 0.169500
vt 0.502814 0.168110
vt 0.502426 0.169542
vt 0.502808 0.169137
vt 0.502814 0.167516
vt 0.502426 0.169186
vt 0.502808 0.169024
vt 0.502814 0.167331
vt 0.502426 0.169075
vt 0.502808 0.169172
vt 0.502814 0.167574
vt 0.502426 0.169220
vt 0.502808 0.169567
vt 0.502814 0.168219
vt 0.502426 0.169608
vt 0.502808 0.170171
vt 0.502814 0.169205
vt 0.502426 0.170200
vt 0.502808 0.170923
vt 0.502814 0.170434
vt 0.502426 0.170938
vt 0.502808 0.171751
vt 0.502814 0.171787
vt 0.502426 0.171750
vt 0.502045 0.173888
vt 0.502045 0.173310
vt 0.502038 0.174564
vt 0.502045 0.172574
vt 0.502045 0.174252
vt 0.502038 0.175038
vt 0.502045 0.174365
vt 0.502038 0.175187
vt 0.502045 0.174217
vt 0.502038 0.174992
vt 0.502045 0.173821
vt 0.502038 0.174476
vt 0.502045 0.173218
vt 0.502038 0.173687
vt 0.502045 0.172465
vt 0.502038 0.172703
vt 0.502045 0.171638
vt 0.502038 0.171620
vt 0.502045 0.170815
vt 0.502038 0.170544
vt 0.502045 0.170079
vt 0.502038 0.170587
vt 0.502045 0.169500
vt 0.502045 0.169137
vt 0.502045 0.169024
vt 0.502045 0.169172
vt 0.502045 0.169567
vt 0.502045 0.170171
vt 0.502045 0.170923
vt 0.502045 0.171751
vt 0.502045 0.175239
vt 0.502045 0.175826
vt 0.502426 0.175875
vt 0.502045 0.176009
vt 0.502426 0.176060
vt 0.502045 0.175769
vt 0.502426 0.175817
vt 0.502045 0.175131
vt 0.502426 0.175172
vt 0.502045 0.174156
vt 0.502426 0.174185
vt 0.502045 0.172940
vt 0.502426 0.172955
vt 0.502045 0.171602
vt 0.502426 0.171601
vt 0.502045 0.170274
vt 0.502038 0.168915
vt 0.502808 0.175239
vt 0.502808 0.175826
vt 0.502808 0.176009
vt 0.502808 0.175769
vt 0.502808 0.175131
vt 0.502808 0.174156
vt 0.502808 0.172940
vt 0.502808 0.171602
vt 0.502808 0.170274
vt 0.502814 0.174188
vt 0.502803 0.168984
vt 0.502049 0.168984
vt 0.502803 0.174266
vt 0.502049 0.174266
vt 0.503196 0.169673
vt 0.502816 0.171057
vt 0.503575 0.171065
vt 0.502816 0.172485
vt 0.503196 0.171026
vt 0.503575 0.172472
vt 0.502807 0.174788
vt 0.502807 0.173689
vt 0.502807 0.179212
vt 0.502807 0.179115
vt 0.503584 0.173689
vt 0.503584 0.174788
vt 0.503584 0.179115
vt 0.503584 0.179212
vt 0.502807 0.175585
vt 0.502807 0.178961
vt 0.503584 0.175585
vt 0.503584 0.178961
vt 0.502807 0.175998
vt 0.502807 0.178765
vt 0.503584 0.175998
vt 0.503584 0.178765
vt 0.502807 0.175989
vt 0.502807 0.178546
vt 0.503584 0.175989
vt 0.503584 0.178546
vt 0.502807 0.175559
vt 0.502807 0.178326
vt 0.503584 0.175559
vt 0.503584 0.178326
vt 0.502807 0.174748
vt 0.502807 0.178125
vt 0.503584 0.174748
vt 0.503584 0.178125
vt 0.502807 0.173638
vt 0.502807 0.177964
vt 0.503584 0.173638
vt 0.503584 0.177964
vt 0.502807 0.172336
vt 0.502807 0.177859
vt 0.503584 0.172336
vt 0.503584 0.177859
vt 0.502807 0.179241
vt 0.503584 0.179241
vt 0.503584 0.186614
vt 0.502807 0.186614
vt 0.502807 0.186520
vt 0.502807 0.186241
vt 0.503584 0.179241
vt 0.503584 0.178765
vt 0.503584 0.186583
vt 0.502807 0.179115
vt 0.502807 0.185802
vt 0.502807 0.185247
vt 0.503584 0.185247
vt 0.502807 0.184631
vt 0.503584 0.184631
vt 0.502807 0.178546
vt 0.502807 0.184013
vt 0.503584 0.178546
vt 0.503584 0.183453
vt 0.502807 0.183008
vt 0.502807 0.177859
vt 0.503584 0.177819
vt 0.503584 0.183008
vt 0.502807 0.182669
vt 0.503584 0.182618
vt 0.503584 0.177819
vt 0.502807 0.177819
vt 0.502807 0.182618
vt 0.503584 0.193941
vt 0.502807 0.193941
vt 0.502807 0.186583
vt 0.502807 0.193941
vt 0.502807 0.193342
vt 0.503584 0.186520
vt 0.503584 0.186241
vt 0.503584 0.193342
vt 0.503584 0.193790
vt 0.502807 0.192643
vt 0.503584 0.185802
vt 0.503584 0.192643
vt 0.502807 0.191760
vt 0.503584 0.191760
vt 0.503584 0.190781
vt 0.502807 0.189800
vt 0.503584 0.189800
vt 0.502807 0.183453
vt 0.502807 0.188914
vt 0.503584 0.188914
vt 0.502807 0.183008
vt 0.502807 0.188210
vt 0.503584 0.188210
vt 0.502807 0.187597
vt 0.503584 0.187597
vt 0.502807 0.187597
vt 0.503584 0.187597
vt 0.503584 0.199959
vt 0.502807 0.199959
vt 0.502808 0.199959
vt 0.502807 0.199207
vt 0.503584 0.193892
vt 0.503584 0.199207
vt 0.503584 0.199959
vt 0.502807 0.198333
vt 0.503584 0.198333
vt 0.502807 0.197230
vt 0.503584 0.197230
vt 0.502807 0.193678
vt 0.503584 0.196007
vt 0.503584 0.194783
vt 0.503584 0.194783
vt 0.502807 0.193678
vt 0.502807 0.192800
vt 0.502807 0.192040
vt 0.503584 0.192040
vt 0.502807 0.192040
vt 0.503584 0.192040
vt 0.503196 0.171254
vt 0.503577 0.171246
vt 0.503577 0.172082
vt 0.503196 0.172074
vt 0.503584 0.171139
vt 0.503584 0.172336
vt 0.503577 0.170453
vt 0.503584 0.170075
vt 0.503196 0.170476
vt 0.503577 0.169780
vt 0.503584 0.169195
vt 0.503196 0.169816
vt 0.503577 0.169293
vt 0.503584 0.168558
vt 0.503196 0.169339
vt 0.503577 0.169040
vt 0.503584 0.168228
vt 0.503196 0.169090
vt 0.503577 0.169045
vt 0.503584 0.168234
vt 0.503196 0.169096
vt 0.503577 0.169309
vt 0.503584 0.168580
vt 0.503196 0.169354
vt 0.503577 0.169804
vt 0.503584 0.169226
vt 0.503196 0.169840
vt 0.503577 0.170483
vt 0.503584 0.170115
vt 0.503196 0.170506
vt 0.503577 0.171280
vt 0.503584 0.171157
vt 0.503196 0.171288
vt 0.503577 0.172116
vt 0.503581 0.172499
vt 0.503196 0.172107
vt 0.503577 0.172909
vt 0.503584 0.173687
vt 0.503196 0.172886
vt 0.503577 0.173582
vt 0.503584 0.174786
vt 0.503196 0.173546
vt 0.503577 0.174069
vt 0.503584 0.175582
vt 0.503196 0.174023
vt 0.503577 0.174322
vt 0.503584 0.175995
vt 0.503196 0.174271
vt 0.503577 0.174316
vt 0.503584 0.175986
vt 0.503196 0.174266
vt 0.503577 0.174053
vt 0.503584 0.175556
vt 0.503196 0.174008
vt 0.503577 0.173557
vt 0.503584 0.174746
vt 0.503196 0.173521
vt 0.503577 0.172878
vt 0.503584 0.173637
vt 0.503196 0.172855
vt 0.502814 0.171246
vt 0.502814 0.170453
vt 0.502810 0.171083
vt 0.502807 0.170075
vt 0.502814 0.172082
vt 0.502807 0.172336
vt 0.502814 0.169780
vt 0.502807 0.169195
vt 0.502814 0.169293
vt 0.502807 0.168558
vt 0.502814 0.169040
vt 0.502807 0.168228
vt 0.502814 0.169045
vt 0.502807 0.168234
vt 0.502814 0.169309
vt 0.502807 0.168579
vt 0.502814 0.169804
vt 0.502807 0.169226
vt 0.502814 0.170483
vt 0.502807 0.170115
vt 0.502814 0.171280
vt 0.502807 0.171157
vt 0.502814 0.172116
vt 0.502807 0.172548
vt 0.502814 0.172909
vt 0.502807 0.173687
vt 0.502814 0.173582
vt 0.502807 0.174786
vt 0.502814 0.174069
vt 0.502807 0.175582
vt 0.502814 0.174322
vt 0.502807 0.175995
vt 0.502814 0.174316
vt 0.502807 0.175986
vt 0.502814 0.174053
vt 0.502807 0.175556
vt 0.502814 0.173557
vt 0.502807 0.174746
vt 0.502814 0.172878
vt 0.502807 0.173637
vt 0.502814 0.169697
vt 0.502814 0.168610
vt 0.503196 0.168573
vt 0.502814 0.167823
vt 0.503196 0.167777
vt 0.502814 0.167414
vt 0.503196 0.167364
vt 0.502814 0.167423
vt 0.503196 0.167372
vt 0.502814 0.167849
vt 0.503196 0.167803
vt 0.502814 0.168649
vt 0.503196 0.168613
vt 0.502814 0.169747
vt 0.503196 0.169724
vt 0.502814 0.171033
vt 0.503577 0.169697
vt 0.503577 0.168610
vt 0.503577 0.167823
vt 0.503577 0.167414
vt 0.503577 0.167423
vt 0.503577 0.167849
vt 0.503577 0.168649
vt 0.503577 0.169747
vt 0.503577 0.171033
vt 0.503572 0.172478
vt 0.502819 0.172478
vt 0.503572 0.171056
vt 0.502819 0.171056
vt 0.496317 0.173670
vt 0.496317 0.172966
vt 0.496317 0.172545
vt 0.496317 0.174179
vt 0.496317 0.179241
vt 0.496317 0.174444
vt 0.496317 0.174438
vt 0.496317 0.174163
vt 0.496317 0.177819
vt 0.496317 0.173644
vt 0.496317 0.172934
vt 0.496317 0.172100
vt 0.496317 0.171140
vt 0.496705 0.169673
vt 0.496326 0.171056
vt 0.497085 0.171065
vt 0.496325 0.172485
vt 0.496705 0.171026
vt 0.497084 0.172472
vt 0.497093 0.173689
vt 0.497093 0.174788
vt 0.497093 0.179115
vt 0.497093 0.179212
vt 0.497093 0.175585
vt 0.497093 0.178961
vt 0.497093 0.175998
vt 0.497093 0.178765
vt 0.497093 0.175989
vt 0.497093 0.178546
vt 0.497093 0.175559
vt 0.497093 0.178326
vt 0.497093 0.174748
vt 0.497093 0.178125
vt 0.497093 0.173638
vt 0.497093 0.177964
vt 0.497093 0.172336
vt 0.497093 0.177859
vt 0.497093 0.179241
vt 0.497093 0.186614
vt 0.496317 0.186614
vt 0.497093 0.179241
vt 0.497093 0.178765
vt 0.497093 0.186583
vt 0.497093 0.185247
vt 0.497093 0.184631
vt 0.496317 0.186614
vt 0.496317 0.182618
vt 0.497093 0.178546
vt 0.497093 0.183453
vt 0.497093 0.177819
vt 0.497093 0.183008
vt 0.497093 0.182618
vt 0.497093 0.177819
vt 0.497093 0.193941
vt 0.496317 0.193941
vt 0.497093 0.186520
vt 0.497093 0.186241
vt 0.497093 0.193342
vt 0.497093 0.193790
vt 0.497093 0.185802
vt 0.497093 0.192643
vt 0.497093 0.191760
vt 0.496317 0.193941
vt 0.496317 0.187597
vt 0.497093 0.190781
vt 0.497093 0.189800
vt 0.497093 0.188914
vt 0.497093 0.188210
vt 0.497093 0.187597
vt 0.496317 0.187597
vt 0.497093 0.187597
vt 0.497093 0.199959
vt 0.496317 0.199959
vt 0.497093 0.193892
vt 0.497093 0.199207
vt 0.497093 0.199959
vt 0.497093 0.198333
vt 0.496317 0.199960
vt 0.496317 0.192042
vt 0.497093 0.197230
vt 0.497093 0.196007
vt 0.497093 0.194783
vt 0.497093 0.194783
vt 0.497093 0.192040
vt 0.496317 0.192040
vt 0.497093 0.192040
vt 0.496705 0.171254
vt 0.497087 0.171246
vt 0.497087 0.172082
vt 0.496705 0.172074
vt 0.497093 0.171139
vt 0.497093 0.172336
vt 0.497087 0.170453
vt 0.497093 0.170075
vt 0.496705 0.170476
vt 0.497087 0.169780
vt 0.497093 0.169195
vt 0.496705 0.169816
vt 0.497087 0.169293
vt 0.497093 0.168558
vt 0.496705 0.169339
vt 0.497087 0.169040
vt 0.497093 0.168228
vt 0.496705 0.169090
vt 0.497087 0.169045
vt 0.497093 0.168234
vt 0.496705 0.169096
vt 0.497087 0.169309
vt 0.497093 0.168580
vt 0.496705 0.169354
vt 0.497087 0.169804
vt 0.497093 0.169226
vt 0.496705 0.169840
vt 0.497087 0.170483
vt 0.497093 0.170115
vt 0.496705 0.170506
vt 0.497087 0.171280
vt 0.497093 0.171157
vt 0.496705 0.171288
vt 0.497087 0.172116
vt 0.497091 0.172499
vt 0.496705 0.172107
vt 0.497087 0.172909
vt 0.497093 0.173687
vt 0.496705 0.172886
vt 0.497087 0.173582
vt 0.497093 0.174786
vt 0.496705 0.173546
vt 0.497087 0.174069
vt 0.497093 0.175582
vt 0.496705 0.174023
vt 0.497087 0.174322
vt 0.497093 0.175995
vt 0.496705 0.174271
vt 0.497087 0.174316
vt 0.497093 0.175986
vt 0.496705 0.174266
vt 0.497087 0.174053
vt 0.497093 0.175556
vt 0.496705 0.174008
vt 0.497087 0.173557
vt 0.497093 0.174746
vt 0.496705 0.173521
vt 0.497087 0.172878
vt 0.497093 0.173637
vt 0.496705 0.172855
vt 0.496324 0.171246
vt 0.496324 0.170453
vt 0.496317 0.170075
vt 0.496324 0.172082
vt 0.496324 0.169780
vt 0.496317 0.169195
vt 0.496324 0.169293
vt 0.496317 0.168558
vt 0.496324 0.169040
vt 0.496317 0.168228
vt 0.496324 0.169045
vt 0.496317 0.168234
vt 0.496324 0.169309
vt 0.496317 0.168579
vt 0.496324 0.169804
vt 0.496317 0.169226
vt 0.496324 0.170483
vt 0.496317 0.170115
vt 0.496324 0.171280
vt 0.496317 0.171157
vt 0.496324 0.172116
vt 0.496317 0.171120
vt 0.496324 0.172909
vt 0.496324 0.173582
vt 0.496324 0.174069
vt 0.496324 0.174322
vt 0.496324 0.174316
vt 0.496324 0.174053
vt 0.496324 0.173557
vt 0.496324 0.172878
vt 0.496324 0.169697
vt 0.496324 0.168610
vt 0.496705 0.168573
vt 0.496324 0.167823
vt 0.496705 0.167777
vt 0.496324 0.167414
vt 0.496705 0.167364
vt 0.496324 0.167423
vt 0.496705 0.167372
vt 0.496324 0.167849
vt 0.496705 0.167803
vt 0.496324 0.168649
vt 0.496705 0.168613
vt 0.496324 0.169747
vt 0.496705 0.169724
vt 0.496324 0.171033
vt 0.496317 0.172563
vt 0.497087 0.169697
vt 0.497087 0.168610
vt 0.497087 0.167823
vt 0.497087 0.167414
vt 0.497087 0.167423
vt 0.497087 0.167849
vt 0.497087 0.168649
vt 0.497087 0.169747
vt 0.497087 0.171033
vt 0.497082 0.172478
vt 0.496328 0.172478
vt 0.497082 0.171056
vt 0.496328 0.171056
vt 0.503860 0.169126
vt 0.503860 0.170342
vt 0.503850 0.167369
vt 0.503860 0.168161
vt 0.503860 0.167541
vt 0.503860 0.167328
vt 0.503860 0.172364
vt 0.503860 0.174735
vt 0.503860 0.175838
vt 0.503860 0.175944
vt 0.503860 0.175218
vt 0.503860 0.174253
vt 0.503860 0.173037
vt 0.503860 0.171689
vt 0.496021 0.170342
vt 0.496021 0.169126
vt 0.496031 0.167369
vt 0.496021 0.168161
vt 0.496021 0.167541
vt 0.496021 0.167328
vt 0.496021 0.171689
vt 0.496021 0.173037
vt 0.496021 0.174253
vt 0.496021 0.175218
vt 0.496021 0.175945
vt 0.496021 0.175838
vt 0.496021 0.174734
vt 0.496021 0.172364
vt 0.503603 0.170895
vt 0.503603 0.170177
vt 0.496278 0.170177
vt 0.496278 0.170895
vt 0.503603 0.169608
vt 0.496278 0.169608
vt 0.503603 0.169243
vt 0.496278 0.169243
vt 0.503603 0.169117
vt 0.496278 0.169117
vt 0.503603 0.171689
vt 0.496278 0.171689
vt 0.503603 0.172485
vt 0.496278 0.172485
vt 0.503603 0.173201
vt 0.496278 0.173201
vt 0.503603 0.173770
vt 0.496278 0.173770
vt 0.503603 0.174136
vt 0.496278 0.174136
vt 0.503603 0.174262
vt 0.496278 0.174262
vt 0.503627 0.170133
vt 0.503626 0.170871
vt 0.503646 0.170285
vt 0.503646 0.169019
vt 0.503626 0.169547
vt 0.503626 0.170133
vt 0.503646 0.169019
vt 0.503646 0.168014
vt 0.503627 0.169171
vt 0.503626 0.169547
vt 0.503646 0.168014
vt 0.503646 0.167368
vt 0.503626 0.169041
vt 0.503626 0.169171
vt 0.503646 0.167368
vt 0.503646 0.167146
vt 0.503627 0.169171
vt 0.503626 0.169042
vt 0.503646 0.167146
vt 0.503646 0.167368
vt 0.503626 0.169547
vt 0.503627 0.169171
vt 0.503646 0.167368
vt 0.503646 0.168014
vt 0.503626 0.170133
vt 0.503626 0.169547
vt 0.503626 0.170871
vt 0.503626 0.170133
vt 0.503646 0.169019
vt 0.503646 0.170285
vt 0.503627 0.171689
vt 0.503626 0.170871
vt 0.503646 0.170285
vt 0.503646 0.171689
vt 0.503626 0.172508
vt 0.503626 0.171689
vt 0.503646 0.173094
vt 0.503626 0.173246
vt 0.503626 0.172508
vt 0.503646 0.173094
vt 0.503646 0.174360
vt 0.503627 0.173832
vt 0.503626 0.173246
vt 0.503646 0.174360
vt 0.503646 0.175365
vt 0.503626 0.174208
vt 0.503626 0.173832
vt 0.503646 0.175365
vt 0.503646 0.176011
vt 0.503626 0.174338
vt 0.503626 0.174208
vt 0.503646 0.176011
vt 0.503646 0.176233
vt 0.503626 0.174208
vt 0.503627 0.174338
vt 0.503646 0.176233
vt 0.503627 0.173832
vt 0.503626 0.174208
vt 0.503646 0.176011
vt 0.503646 0.175365
vt 0.503626 0.173246
vt 0.503626 0.173832
vt 0.503646 0.175365
vt 0.503646 0.174360
vt 0.503626 0.172508
vt 0.503627 0.173246
vt 0.503646 0.174360
vt 0.503626 0.170871
vt 0.496254 0.170871
vt 0.496254 0.170133
vt 0.496235 0.169019
vt 0.496235 0.170285
vt 0.496254 0.170133
vt 0.496254 0.169547
vt 0.496235 0.168014
vt 0.496235 0.169019
vt 0.496254 0.169547
vt 0.496254 0.169171
vt 0.496235 0.167368
vt 0.496235 0.168014
vt 0.496254 0.169171
vt 0.496254 0.169042
vt 0.496235 0.167146
vt 0.496235 0.167368
vt 0.496254 0.169041
vt 0.496254 0.169171
vt 0.496235 0.167368
vt 0.496235 0.167146
vt 0.496254 0.169171
vt 0.496254 0.169547
vt 0.496235 0.167368
vt 0.496254 0.169547
vt 0.496254 0.170133
vt 0.496235 0.168014
vt 0.496254 0.170133
vt 0.496254 0.170871
vt 0.496235 0.170285
vt 0.496254 0.170871
vt 0.496254 0.171689
vt 0.496235 0.171689
vt 0.496254 0.172508
vt 0.496235 0.173094
vt 0.496254 0.172508
vt 0.496254 0.173246
vt 0.496235 0.174360
vt 0.496235 0.173094
vt 0.496254 0.173246
vt 0.496254 0.173832
vt 0.496235 0.175365
vt 0.496235 0.174360
vt 0.496254 0.173832
vt 0.496254 0.174208
vt 0.496235 0.176011
vt 0.496235 0.175365
vt 0.496254 0.174208
vt 0.496254 0.174338
vt 0.496235 0.176233
vt 0.496235 0.176011
vt 0.496254 0.174338
vt 0.496254 0.174208
vt 0.496235 0.176233
vt 0.496254 0.174208
vt 0.496254 0.173832
vt 0.496235 0.175365
vt 0.496235 0.176011
vt 0.496254 0.173832
vt 0.496254 0.173246
vt 0.496235 0.174360
vt 0.496235 0.175365
vt 0.496254 0.173246
vt 0.496235 0.173094
vt 0.496235 0.174360
vt 0.496254 0.172508
vt 0.496254 0.171689
vt 0.496235 0.171689
vt 0.496235 0.173094
vt 0.496235 0.170285
vt 0.503646 0.169019
vt 0.503646 0.170285
vt 0.503850 0.170285
vt 0.503850 0.169019
vt 0.503646 0.168013
vt 0.503646 0.169019
vt 0.503850 0.169019
vt 0.503850 0.168013
vt 0.503646 0.167368
vt 0.503646 0.168013
vt 0.503850 0.168013
vt 0.503850 0.167368
vt 0.503646 0.167145
vt 0.503646 0.167368
vt 0.503850 0.167368
vt 0.503850 0.167145
vt 0.503646 0.167368
vt 0.503646 0.167145
vt 0.503850 0.167145
vt 0.503646 0.167368
vt 0.503646 0.168013
vt 0.503850 0.168013
vt 0.503850 0.169019
vt 0.503850 0.170285
vt 0.503646 0.171689
vt 0.503850 0.170285
vt 0.503850 0.171689
vt 0.503646 0.173094
vt 0.503850 0.173094
vt 0.503646 0.174361
vt 0.503646 0.173094
vt 0.503850 0.174361
vt 0.503646 0.175366
vt 0.503646 0.174361
vt 0.503850 0.174361
vt 0.503850 0.175366
vt 0.503646 0.176011
vt 0.503646 0.175366
vt 0.503850 0.175366
vt 0.503850 0.176011
vt 0.503646 0.176234
vt 0.503646 0.176011
vt 0.503850 0.176011
vt 0.503850 0.176234
vt 0.503646 0.176234
vt 0.503850 0.176234
vt 0.503850 0.176011
vt 0.503646 0.176011
vt 0.503850 0.174361
vt 0.503646 0.173094
vt 0.503850 0.173094
vt 0.503646 0.173094
vt 0.503646 0.170285
vt 0.496235 0.170285
vt 0.496235 0.169019
vt 0.496031 0.169019
vt 0.496031 0.170285
vt 0.496235 0.169019
vt 0.496235 0.168013
vt 0.496031 0.168013
vt 0.496031 0.169019
vt 0.496235 0.168013
vt 0.496235 0.167368
vt 0.496031 0.167368
vt 0.496031 0.168013
vt 0.496235 0.167368
vt 0.496235 0.167145
vt 0.496031 0.167145
vt 0.496031 0.167368
vt 0.496235 0.167145
vt 0.496235 0.167368
vt 0.496031 0.167368
vt 0.496031 0.167145
vt 0.496235 0.168013
vt 0.496031 0.168013
vt 0.496031 0.167368
vt 0.496031 0.169019
vt 0.496031 0.168013
vt 0.496235 0.169019
vt 0.496235 0.170285
vt 0.496031 0.170285
vt 0.496031 0.169019
vt 0.496235 0.171689
vt 0.496031 0.171689
vt 0.496031 0.170285
vt 0.496235 0.171689
vt 0.496235 0.173094
vt 0.496031 0.173094
vt 0.496235 0.174361
vt 0.496031 0.174361
vt 0.496031 0.173094
vt 0.496235 0.174361
vt 0.496235 0.175366
vt 0.496031 0.175366
vt 0.496031 0.174361
vt 0.496235 0.175366
vt 0.496235 0.176011
vt 0.496031 0.176011
vt 0.496031 0.175366
vt 0.496235 0.176011
vt 0.496235 0.176234
vt 0.496031 0.176234
vt 0.496031 0.176011
vt 0.496235 0.176234
vt 0.496235 0.176011
vt 0.496031 0.176234
vt 0.496235 0.175366
vt 0.496031 0.175366
vt 0.496031 0.176011
vt 0.496235 0.175366
vt 0.496031 0.175366
vt 0.496235 0.174361
vt 0.496235 0.173094
vt 0.496031 0.173094
vt 0.496031 0.174361
vt 0.496235 0.170285
vt 0.496031 0.170285
vt 0.503626 0.170871
vt 0.503626 0.170133
vt 0.503626 0.169547
vt 0.503626 0.169171
vt 0.503626 0.169042
vt 0.503626 0.172508
vt 0.503626 0.173246
vt 0.503626 0.173832
vt 0.503626 0.174208
vt 0.503626 0.174338
vt 0.496254 0.170871
vt 0.496254 0.170133
vt 0.496254 0.169547
vt 0.496254 0.169171
vt 0.496254 0.169042
vt 0.496254 0.172508
vt 0.496254 0.173246
vt 0.496254 0.173832
vt 0.496254 0.174208
vt 0.496254 0.174338
vt 0.503850 0.170285
vt 0.503850 0.171689
vt 0.503850 0.169019
vt 0.503850 0.168013
vt 0.503850 0.167146
vt 0.503850 0.167368
vt 0.503850 0.173094
vt 0.503850 0.174361
vt 0.503850 0.175365
vt 0.503850 0.176011
vt 0.503850 0.176234
vt 0.496031 0.170285
vt 0.496031 0.171689
vt 0.496031 0.169019
vt 0.496031 0.168013
vt 0.496031 0.167368
vt 0.496031 0.167146
vt 0.496031 0.173094
vt 0.496031 0.174361
vt 0.496031 0.175365
vt 0.496031 0.176011
vt 0.496031 0.176234
vt 0.505822 0.947099
vt 0.511073 0.947099
vt 0.511073 0.444269
vt 0.505822 0.444269
vt 0.515241 0.947099
vt 0.515241 0.444269
vt 0.517917 0.947099
vt 0.517917 0.444269
vt 0.518839 0.947099
vt 0.518839 0.444269
vt 0.500000 0.947099
vt 0.500000 0.444269
vt 0.494178 0.947099
vt 0.494178 0.444269
vt 0.488927 0.947099
vt 0.488927 0.444269
vt 0.484759 0.947099
vt 0.484759 0.444269
vt 0.482083 0.947099
vt 0.482083 0.444269
vt 0.481161 0.947099
vt 0.481161 0.444269
vt 0.506306 0.947099
vt 0.506306 0.444269
vt 0.511994 0.444269
vt 0.511994 0.947099
vt 0.516509 0.444269
vt 0.516509 0.947099
vt 0.519407 0.444269
vt 0.519407 0.947099
vt 0.520406 0.444269
vt 0.520406 0.947099
vt 0.493694 0.444269
vt 0.493694 0.947099
vt 0.488006 0.444269
vt 0.488006 0.947099
vt 0.483491 0.444269
vt 0.483491 0.947099
vt 0.480593 0.444269
vt 0.480593 0.947099
vt 0.479594 0.444269
vt 0.479594 0.947099
vt 0.506270 0.442137
vt 0.511927 0.442137
vt 0.506064 0.441254
vt 0.511534 0.441254
vt 0.500000 0.442137
vt 0.500000 0.441254
vt 0.516416 0.442137
vt 0.515875 0.441254
vt 0.519298 0.442137
vt 0.518662 0.441254
vt 0.520291 0.442137
vt 0.519623 0.441254
vt 0.493730 0.442137
vt 0.493936 0.441254
vt 0.488073 0.442137
vt 0.488466 0.441254
vt 0.483584 0.442137
vt 0.484125 0.441254
vt 0.480702 0.442137
vt 0.481338 0.441254
vt 0.479709 0.442137
vt 0.480377 0.441254
vt 0.511141 0.442137
vt 0.515334 0.442137
vt 0.505857 0.442137
vt 0.518026 0.442137
vt 0.518954 0.442137
vt 0.494143 0.442137
vt 0.488859 0.442137
vt 0.484666 0.442137
vt 0.481974 0.442137
vt 0.481046 0.442137
vt 0.486817 0.945807
vt 0.486961 0.186415
vt 0.487801 0.188848
vt 0.487801 0.945807
vt 0.487687 0.188848
vt 0.486106 0.186456
vt 0.486104 0.948261
vt 0.487687 0.945807
vt 0.487687 0.949281
vt 0.485653 0.948267
vt 0.481777 0.948266
vt 0.483810 0.949281
vt 0.481551 0.945807
vt 0.481683 0.349011
vt 0.483172 0.422913
vt 0.483172 0.945807
vt 0.483089 0.422913
vt 0.480869 0.422913
vt 0.481152 0.948261
vt 0.483089 0.945807
vt 0.483286 0.949281
vt 0.480724 0.948267
vt 0.478374 0.948266
vt 0.480798 0.949281
vt 0.483491 0.415964
vt 0.483491 0.279657
vt 0.478090 0.945807
vt 0.478374 0.420461
vt 0.480191 0.422913
vt 0.480191 0.945807
vt 0.480147 0.422913
vt 0.477732 0.422913
vt 0.478046 0.948261
vt 0.480147 0.945807
vt 0.480522 0.949281
vt 0.477682 0.948267
vt 0.477088 0.948266
vt 0.479665 0.949281
vt 0.480798 0.419438
vt 0.478235 0.420452
vt 0.481152 0.420454
vt 0.483286 0.419438
vt 0.476774 0.945807
vt 0.477088 0.420461
vt 0.479148 0.422913
vt 0.479148 0.945807
vt 0.476774 0.422913
vt 0.477088 0.948261
vt 0.476824 0.948267
vt 0.478046 0.948266
vt 0.479665 0.419438
vt 0.476824 0.420452
vt 0.478046 0.420454
vt 0.480522 0.419438
vt 0.477731 0.945807
vt 0.478046 0.420461
vt 0.478090 0.422913
vt 0.478374 0.948260
vt 0.478235 0.948267
vt 0.481152 0.948266
vt 0.477682 0.420452
vt 0.477088 0.420454
vt 0.480868 0.945807
vt 0.481152 0.420461
vt 0.481683 0.347470
vt 0.481776 0.948261
vt 0.481777 0.948267
vt 0.486103 0.948266
vt 0.480724 0.420452
vt 0.478374 0.420454
vt 0.485878 0.945807
vt 0.486104 0.186415
vt 0.486959 0.186456
vt 0.486962 0.948261
vt 0.488408 0.949281
vt 0.487102 0.948267
vt 0.492415 0.948266
vt 0.493292 0.949281
vt 0.492271 0.945807
vt 0.492416 0.186415
vt 0.493489 0.188848
vt 0.493489 0.945807
vt 0.493624 0.188848
vt 0.493421 0.186456
vt 0.493424 0.948260
vt 0.493624 0.945807
vt 0.494140 0.949281
vt 0.493690 0.948267
vt 0.499469 0.948266
vt 0.499554 0.949281
vt 0.499420 0.945807
vt 0.499471 0.186415
vt 0.499929 0.188848
vt 0.499929 0.945807
vt 0.500071 0.188848
vt 0.500527 0.186456
vt 0.500530 0.948260
vt 0.500071 0.945807
vt 0.500446 0.949281
vt 0.500896 0.948267
vt 0.506575 0.948266
vt 0.505860 0.949281
vt 0.506625 0.945807
vt 0.506577 0.186415
vt 0.506376 0.188848
vt 0.506376 0.945807
vt 0.506511 0.188848
vt 0.507582 0.186456
vt 0.507585 0.948261
vt 0.506511 0.945807
vt 0.506708 0.949281
vt 0.508013 0.948267
vt 0.513037 0.948266
vt 0.511592 0.949281
vt 0.513182 0.945807
vt 0.513039 0.186415
vt 0.512199 0.188848
vt 0.512199 0.945807
vt 0.512313 0.188848
vt 0.513894 0.186456
vt 0.513896 0.948261
vt 0.512313 0.945807
vt 0.512313 0.949281
vt 0.514347 0.948267
vt 0.518223 0.948266
vt 0.516189 0.949281
vt 0.518449 0.945807
vt 0.518317 0.347840
vt 0.516828 0.422913
vt 0.516828 0.945807
vt 0.516911 0.422913
vt 0.519131 0.422913
vt 0.518848 0.948261
vt 0.516911 0.945807
vt 0.516714 0.949281
vt 0.519276 0.948267
vt 0.521626 0.948266
vt 0.519202 0.949281
vt 0.516509 0.415964
vt 0.516509 0.279657
vt 0.521910 0.945807
vt 0.521626 0.420461
vt 0.519809 0.422913
vt 0.519809 0.945807
vt 0.519853 0.422913
vt 0.522268 0.422913
vt 0.521954 0.948261
vt 0.519853 0.945807
vt 0.519478 0.949281
vt 0.522318 0.948267
vt 0.522911 0.948266
vt 0.520335 0.949281
vt 0.519202 0.419438
vt 0.521765 0.420452
vt 0.518848 0.420454
vt 0.516714 0.419438
vt 0.523226 0.945807
vt 0.522911 0.420461
vt 0.520852 0.422913
vt 0.520852 0.945807
vt 0.523226 0.422913
vt 0.522911 0.948261
vt 0.523176 0.948267
vt 0.521954 0.948266
vt 0.520335 0.419438
vt 0.523176 0.420452
vt 0.521954 0.420454
vt 0.519478 0.419438
vt 0.522269 0.945807
vt 0.521954 0.420461
vt 0.521910 0.422913
vt 0.521626 0.948261
vt 0.521765 0.948267
vt 0.518848 0.948266
vt 0.522318 0.420452
vt 0.522911 0.420454
vt 0.519131 0.945807
vt 0.518848 0.420461
vt 0.518317 0.349785
vt 0.518224 0.948261
vt 0.518223 0.948267
vt 0.513897 0.948266
vt 0.519276 0.420452
vt 0.521626 0.420454
vt 0.514121 0.945807
vt 0.513895 0.186415
vt 0.513041 0.186456
vt 0.513038 0.948260
vt 0.512898 0.948267
vt 0.507585 0.948266
vt 0.507729 0.945807
vt 0.507583 0.186415
vt 0.506579 0.186456
vt 0.506575 0.948261
vt 0.506310 0.948267
vt 0.500531 0.948266
vt 0.500580 0.945807
vt 0.500529 0.186415
vt 0.499473 0.186456
vt 0.499469 0.948260
vt 0.499104 0.948267
vt 0.493425 0.948266
vt 0.493375 0.945807
vt 0.493423 0.186415
vt 0.492418 0.186456
vt 0.492415 0.948261
vt 0.491986 0.948267
vt 0.486963 0.948266
vt 0.513182 0.945807
vt 0.512958 0.188848
vt 0.508074 0.188848
vt 0.508014 0.948255
vt 0.512313 0.185373
vt 0.514347 0.186387
vt 0.518223 0.186389
vt 0.516189 0.185373
vt 0.506708 0.185373
vt 0.508013 0.186387
vt 0.513037 0.186389
vt 0.511592 0.185373
vt 0.518317 0.188848
vt 0.514441 0.188847
vt 0.514348 0.948255
vt 0.518349 0.186827
vt 0.516828 0.272708
vt 0.516828 0.188848
vt 0.516911 0.272708
vt 0.519131 0.272708
vt 0.518848 0.186394
vt 0.516911 0.188848
vt 0.516714 0.185373
vt 0.519276 0.186387
vt 0.521626 0.186389
vt 0.519202 0.185373
vt 0.521910 0.945807
vt 0.521766 0.420464
vt 0.519132 0.422913
vt 0.519277 0.948255
vt 0.521910 0.188848
vt 0.521626 0.275159
vt 0.519809 0.272708
vt 0.519809 0.188848
vt 0.519853 0.272708
vt 0.522268 0.272708
vt 0.521954 0.186394
vt 0.519853 0.188848
vt 0.519478 0.185373
vt 0.522318 0.186387
vt 0.522911 0.186389
vt 0.520335 0.185373
vt 0.519132 0.188848
vt 0.519277 0.275156
vt 0.521910 0.272708
vt 0.521766 0.186399
vt 0.523227 0.945807
vt 0.523177 0.420464
vt 0.522270 0.422913
vt 0.522320 0.948255
vt 0.523226 0.188848
vt 0.522911 0.275159
vt 0.520852 0.272708
vt 0.520852 0.188848
vt 0.523226 0.272708
vt 0.522911 0.186394
vt 0.523176 0.186387
vt 0.521954 0.186389
vt 0.522270 0.188848
vt 0.522320 0.275156
vt 0.523227 0.272708
vt 0.523177 0.186399
vt 0.522270 0.945807
vt 0.522320 0.420464
vt 0.523227 0.422913
vt 0.523177 0.948255
vt 0.522269 0.188848
vt 0.521954 0.275159
vt 0.521910 0.272708
vt 0.521626 0.186394
vt 0.521765 0.186387
vt 0.518848 0.186389
vt 0.523227 0.188848
vt 0.523177 0.275156
vt 0.522270 0.272708
vt 0.522320 0.186399
vt 0.519132 0.945807
vt 0.519277 0.420464
vt 0.521910 0.422913
vt 0.521766 0.948255
vt 0.519131 0.188848
vt 0.518848 0.275159
vt 0.518353 0.186840
vt 0.518223 0.186387
vt 0.513897 0.186389
vt 0.521910 0.188848
vt 0.521766 0.275156
vt 0.519132 0.272708
vt 0.519277 0.186399
vt 0.514123 0.945807
vt 0.518224 0.948255
vt 0.512898 0.186387
vt 0.507585 0.186389
vt 0.507730 0.945807
vt 0.508074 0.188847
vt 0.512898 0.948255
vt 0.505860 0.185373
vt 0.506310 0.186387
vt 0.500531 0.186389
vt 0.500446 0.185373
vt 0.500581 0.945807
vt 0.500916 0.188848
vt 0.506331 0.188848
vt 0.506310 0.948255
vt 0.499554 0.185373
vt 0.499104 0.186387
vt 0.493425 0.186389
vt 0.494140 0.185373
vt 0.493375 0.945807
vt 0.493669 0.188848
vt 0.499083 0.188848
vt 0.499104 0.948255
vt 0.493292 0.185373
vt 0.491986 0.186387
vt 0.486963 0.186389
vt 0.488408 0.185373
vt 0.486818 0.945807
vt 0.487042 0.188848
vt 0.491926 0.188848
vt 0.491986 0.948255
vt 0.487687 0.185373
vt 0.485653 0.186387
vt 0.481776 0.186389
vt 0.483810 0.185373
vt 0.481551 0.945807
vt 0.481683 0.188848
vt 0.485559 0.188848
vt 0.485652 0.948255
vt 0.481651 0.186827
vt 0.483172 0.272708
vt 0.483172 0.188848
vt 0.483089 0.272708
vt 0.480869 0.272708
vt 0.481152 0.186394
vt 0.483089 0.188848
vt 0.483286 0.185373
vt 0.480724 0.186387
vt 0.478374 0.186389
vt 0.480798 0.185373
vt 0.478089 0.945807
vt 0.478234 0.420464
vt 0.480867 0.422913
vt 0.480723 0.948255
vt 0.478090 0.188848
vt 0.478374 0.275159
vt 0.480191 0.272708
vt 0.480191 0.188848
vt 0.480147 0.272708
vt 0.477732 0.272708
vt 0.478046 0.186394
vt 0.480147 0.188848
vt 0.480522 0.185373
vt 0.477682 0.186387
vt 0.477088 0.186389
vt 0.479665 0.185373
vt 0.480867 0.188848
vt 0.480723 0.275156
vt 0.478089 0.272708
vt 0.478234 0.186399
vt 0.476773 0.945807
vt 0.476823 0.420464
vt 0.477730 0.422913
vt 0.477680 0.948255
vt 0.476774 0.188848
vt 0.477088 0.275159
vt 0.479148 0.272708
vt 0.479148 0.188848
vt 0.476774 0.272708
vt 0.477088 0.186394
vt 0.476824 0.186387
vt 0.478046 0.186389
vt 0.477730 0.188848
vt 0.477680 0.275156
vt 0.476773 0.272708
vt 0.476823 0.186399
vt 0.477730 0.945807
vt 0.477680 0.420464
vt 0.476773 0.422913
vt 0.476823 0.948255
vt 0.477731 0.188848
vt 0.478046 0.275159
vt 0.478090 0.272708
vt 0.478374 0.186394
vt 0.478235 0.186387
vt 0.481152 0.186389
vt 0.476773 0.188848
vt 0.476823 0.275156
vt 0.477730 0.272708
vt 0.477680 0.186399
vt 0.480867 0.945807
vt 0.480723 0.420464
vt 0.478089 0.422913
vt 0.478234 0.948255
vt 0.480868 0.188848
vt 0.481152 0.275159
vt 0.481647 0.186840
vt 0.481777 0.186387
vt 0.486103 0.186389
vt 0.478089 0.188848
vt 0.478234 0.275156
vt 0.480867 0.272708
vt 0.480723 0.186399
vt 0.485877 0.945807
vt 0.485559 0.188847
vt 0.481776 0.948255
vt 0.487102 0.186387
vt 0.492415 0.186389
vt 0.492270 0.945807
vt 0.491926 0.188847
vt 0.487101 0.948255
vt 0.493690 0.186387
vt 0.499469 0.186389
vt 0.499419 0.945807
vt 0.499083 0.188848
vt 0.493690 0.948255
vt 0.500896 0.186387
vt 0.506575 0.186389
vt 0.506625 0.945807
vt 0.506331 0.188847
vt 0.500916 0.188847
vt 0.500896 0.948255
vt 0.483286 0.276183
vt 0.480724 0.275168
vt 0.478374 0.275167
vt 0.480798 0.276183
vt 0.480522 0.276183
vt 0.477682 0.275168
vt 0.477088 0.275167
vt 0.479665 0.276183
vt 0.476824 0.275168
vt 0.478046 0.275167
vt 0.478235 0.275168
vt 0.481152 0.275167
vt 0.516714 0.276183
vt 0.519276 0.275168
vt 0.521626 0.275167
vt 0.519202 0.276183
vt 0.519478 0.276183
vt 0.522318 0.275168
vt 0.522911 0.275167
vt 0.520335 0.276183
vt 0.523176 0.275168
vt 0.521954 0.275167
vt 0.521765 0.275168
vt 0.518848 0.275167
vt 0.488016 0.948057
vt 0.486904 0.947807
vt 0.487779 0.945807
vt 0.487779 0.188848
vt 0.487828 0.948057
vt 0.485883 0.947798
vt 0.483444 0.948057
vt 0.481645 0.947807
vt 0.483179 0.945807
vt 0.483179 0.422913
vt 0.483308 0.948057
vt 0.480901 0.947798
vt 0.483308 0.420662
vt 0.480906 0.420912
vt 0.483395 0.419784
vt 0.480493 0.948057
vt 0.478182 0.947807
vt 0.480226 0.945807
vt 0.480226 0.422913
vt 0.480421 0.948057
vt 0.477789 0.947798
vt 0.480421 0.420662
vt 0.477793 0.420912
vt 0.480493 0.420662
vt 0.478178 0.420921
vt 0.479451 0.948057
vt 0.476855 0.947807
vt 0.479209 0.945807
vt 0.479209 0.422913
vt 0.476850 0.947798
vt 0.479451 0.420662
vt 0.476855 0.420912
vt 0.476850 0.420921
vt 0.477793 0.947807
vt 0.478178 0.947798
vt 0.478182 0.420912
vt 0.477789 0.420921
vt 0.480906 0.947807
vt 0.481642 0.947798
vt 0.480901 0.420921
vt 0.485887 0.947807
vt 0.486903 0.947798
vt 0.493540 0.948057
vt 0.492250 0.947807
vt 0.493575 0.945807
vt 0.493575 0.188848
vt 0.493761 0.948057
vt 0.493446 0.947798
vt 0.499884 0.948057
vt 0.499371 0.947807
vt 0.500000 0.945807
vt 0.500000 0.188848
vt 0.500116 0.948057
vt 0.500631 0.947798
vt 0.506239 0.948057
vt 0.506554 0.947807
vt 0.506425 0.945807
vt 0.506425 0.188848
vt 0.506460 0.948057
vt 0.507753 0.947798
vt 0.511984 0.948057
vt 0.513096 0.947807
vt 0.512221 0.945807
vt 0.512221 0.188848
vt 0.512172 0.948057
vt 0.514117 0.947798
vt 0.516556 0.948057
vt 0.518355 0.947807
vt 0.516821 0.945807
vt 0.516821 0.422913
vt 0.516692 0.948057
vt 0.519099 0.947798
vt 0.516692 0.420662
vt 0.519094 0.420912
vt 0.516605 0.419784
vt 0.519507 0.948057
vt 0.521818 0.947807
vt 0.519774 0.945807
vt 0.519774 0.422913
vt 0.519579 0.948057
vt 0.522211 0.947798
vt 0.519579 0.420662
vt 0.522206 0.420912
vt 0.519507 0.420662
vt 0.521822 0.420921
vt 0.520548 0.948057
vt 0.523145 0.947807
vt 0.520791 0.945807
vt 0.520791 0.422913
vt 0.523149 0.947798
vt 0.520548 0.420662
vt 0.523145 0.420912
vt 0.523149 0.420921
vt 0.522206 0.947807
vt 0.521822 0.947798
vt 0.521818 0.420912
vt 0.522211 0.420921
vt 0.519094 0.947807
vt 0.518358 0.947798
vt 0.519099 0.420921
vt 0.514113 0.947807
vt 0.513097 0.947798
vt 0.507750 0.947807
vt 0.506554 0.947798
vt 0.500629 0.947807
vt 0.499369 0.947798
vt 0.493446 0.947807
vt 0.492247 0.947798
vt 0.507730 0.188848
vt 0.507756 0.947726
vt 0.507730 0.188848
vt 0.513092 0.947802
vt 0.507765 0.947802
vt 0.513183 0.188848
vt 0.513101 0.947728
vt 0.511984 0.186597
vt 0.512172 0.186597
vt 0.514117 0.186856
vt 0.513093 0.186854
vt 0.507765 0.186853
vt 0.513092 0.186852
vt 0.506239 0.186597
vt 0.506460 0.186597
vt 0.507753 0.186856
vt 0.514122 0.188848
vt 0.514122 0.947726
vt 0.518357 0.947802
vt 0.514129 0.947802
vt 0.518450 0.188848
vt 0.518364 0.947728
vt 0.516556 0.186597
vt 0.516821 0.188848
vt 0.516821 0.272708
vt 0.516692 0.186597
vt 0.519099 0.186856
vt 0.518357 0.186854
vt 0.514129 0.186853
vt 0.518357 0.186852
vt 0.519106 0.420992
vt 0.519106 0.947726
vt 0.521824 0.947802
vt 0.519110 0.947802
vt 0.521829 0.420994
vt 0.521829 0.947728
vt 0.519507 0.186597
vt 0.521818 0.186847
vt 0.519774 0.188848
vt 0.519774 0.272708
vt 0.519579 0.186597
vt 0.522211 0.186856
vt 0.521829 0.274629
vt 0.521829 0.186929
vt 0.519110 0.186853
vt 0.521824 0.186852
vt 0.519110 0.420918
vt 0.521824 0.420917
vt 0.519106 0.274627
vt 0.519106 0.186927
vt 0.522219 0.420992
vt 0.522219 0.947726
vt 0.523156 0.947802
vt 0.522221 0.947802
vt 0.523157 0.420994
vt 0.523157 0.947728
vt 0.520548 0.186597
vt 0.523145 0.186847
vt 0.520791 0.188848
vt 0.520791 0.272708
vt 0.523149 0.186856
vt 0.523157 0.274629
vt 0.523157 0.186929
vt 0.522221 0.186853
vt 0.523156 0.186852
vt 0.522221 0.420918
vt 0.523156 0.420917
vt 0.522219 0.274627
vt 0.522219 0.186927
vt 0.523157 0.420992
vt 0.523157 0.947726
vt 0.522221 0.947802
vt 0.523156 0.947802
vt 0.522219 0.420994
vt 0.522219 0.947728
vt 0.522206 0.186847
vt 0.521822 0.186856
vt 0.522219 0.274629
vt 0.522219 0.186929
vt 0.523156 0.186853
vt 0.522221 0.186852
vt 0.523156 0.420918
vt 0.522221 0.420917
vt 0.523157 0.274627
vt 0.523157 0.186927
vt 0.521829 0.420992
vt 0.521829 0.947726
vt 0.519110 0.947801
vt 0.521824 0.947802
vt 0.519106 0.420994
vt 0.519106 0.947728
vt 0.519094 0.186847
vt 0.518358 0.186856
vt 0.519106 0.274629
vt 0.519106 0.186929
vt 0.521824 0.186853
vt 0.519110 0.186852
vt 0.521824 0.420918
vt 0.519110 0.420917
vt 0.521829 0.274627
vt 0.521829 0.186927
vt 0.518450 0.188847
vt 0.518364 0.947726
vt 0.514129 0.947802
vt 0.518357 0.947802
vt 0.514122 0.188848
vt 0.514122 0.947728
vt 0.513097 0.186856
vt 0.514129 0.186854
vt 0.518357 0.186853
vt 0.514129 0.186852
vt 0.513101 0.947726
vt 0.513183 0.188848
vt 0.507765 0.947802
vt 0.513092 0.947802
vt 0.507730 0.188848
vt 0.507756 0.947728
vt 0.506554 0.186856
vt 0.507765 0.186854
vt 0.513092 0.186853
vt 0.507765 0.186852
vt 0.506625 0.188848
vt 0.506556 0.947726
vt 0.506625 0.188848
vt 0.500641 0.947802
vt 0.506546 0.947802
vt 0.500581 0.188848
vt 0.500631 0.947728
vt 0.500581 0.188848
vt 0.500116 0.186597
vt 0.499884 0.186597
vt 0.499369 0.186856
vt 0.500640 0.186854
vt 0.506546 0.186853
vt 0.500641 0.186852
vt 0.499419 0.188848
vt 0.499369 0.947726
vt 0.499419 0.188848
vt 0.493454 0.947802
vt 0.499359 0.947802
vt 0.493375 0.188848
vt 0.493444 0.947728
vt 0.493375 0.188848
vt 0.493761 0.186597
vt 0.493540 0.186597
vt 0.492247 0.186856
vt 0.493453 0.186854
vt 0.499359 0.186853
vt 0.493454 0.186852
vt 0.492270 0.188848
vt 0.492243 0.947726
vt 0.492270 0.188848
vt 0.486908 0.947802
vt 0.492235 0.947802
vt 0.486817 0.188848
vt 0.486899 0.947728
vt 0.486817 0.188848
vt 0.488016 0.186597
vt 0.487828 0.186597
vt 0.485883 0.186856
vt 0.486907 0.186854
vt 0.492235 0.186853
vt 0.486908 0.186852
vt 0.485878 0.188848
vt 0.485877 0.947726
vt 0.481643 0.947802
vt 0.485870 0.947802
vt 0.481550 0.188848
vt 0.481636 0.947728
vt 0.483444 0.186597
vt 0.483179 0.188848
vt 0.483179 0.272708
vt 0.483308 0.186597
vt 0.480901 0.186856
vt 0.481643 0.186854
vt 0.485871 0.186853
vt 0.481643 0.186852
vt 0.480894 0.420992
vt 0.480894 0.947726
vt 0.478175 0.947802
vt 0.480890 0.947802
vt 0.478171 0.420994
vt 0.478171 0.947728
vt 0.480493 0.186597
vt 0.478182 0.186847
vt 0.480226 0.188848
vt 0.480226 0.272708
vt 0.480421 0.186597
vt 0.477789 0.186856
vt 0.478171 0.274629
vt 0.478171 0.186929
vt 0.480890 0.186853
vt 0.478175 0.186852
vt 0.480890 0.420918
vt 0.478175 0.420917
vt 0.480894 0.274627
vt 0.480894 0.186927
vt 0.477781 0.420992
vt 0.477781 0.947726
vt 0.476844 0.947802
vt 0.477779 0.947802
vt 0.476842 0.420994
vt 0.476843 0.947728
vt 0.479451 0.186597
vt 0.476855 0.186847
vt 0.479209 0.188848
vt 0.479209 0.272708
vt 0.476850 0.186856
vt 0.476842 0.274629
vt 0.476842 0.186929
vt 0.477779 0.186853
vt 0.476844 0.186852
vt 0.477779 0.420918
vt 0.476844 0.420917
vt 0.477781 0.274627
vt 0.477781 0.186927
vt 0.476843 0.420992
vt 0.476842 0.947726
vt 0.477779 0.947802
vt 0.476844 0.947802
vt 0.477781 0.420994
vt 0.477781 0.947728
vt 0.477793 0.186847
vt 0.478178 0.186856
vt 0.477781 0.274629
vt 0.477781 0.186929
vt 0.476844 0.186853
vt 0.477779 0.186852
vt 0.476844 0.420918
vt 0.477779 0.420917
vt 0.476842 0.274627
vt 0.476843 0.186927
vt 0.478171 0.420992
vt 0.478171 0.947726
vt 0.480890 0.947802
vt 0.478175 0.947802
vt 0.480894 0.420994
vt 0.480894 0.947728
vt 0.480906 0.186847
vt 0.481642 0.186856
vt 0.480894 0.274629
vt 0.480894 0.186929
vt 0.478175 0.186853
vt 0.480890 0.186852
vt 0.478175 0.420918
vt 0.480890 0.420917
vt 0.478171 0.274627
vt 0.478171 0.186927
vt 0.481636 0.947726
vt 0.485871 0.947802
vt 0.481643 0.947802
vt 0.485877 0.947728
vt 0.486903 0.186856
vt 0.485871 0.186854
vt 0.481643 0.186853
vt 0.485870 0.186852
vt 0.492235 0.947802
vt 0.486908 0.947802
vt 0.486899 0.947726
vt 0.492235 0.186852
vt 0.486908 0.186853
vt 0.492235 0.186854
vt 0.492270 0.188848
vt 0.492243 0.947728
vt 0.493446 0.186856
vt 0.493444 0.947726
vt 0.499359 0.947802
vt 0.493454 0.947802
vt 0.499369 0.947728
vt 0.500631 0.186856
vt 0.499360 0.186854
vt 0.493454 0.186853
vt 0.499359 0.186852
vt 0.500631 0.947726
vt 0.506546 0.947802
vt 0.500641 0.947802
vt 0.506555 0.947728
vt 0.506546 0.186854
vt 0.500641 0.186853
vt 0.506546 0.186852
vt 0.483308 0.274958
vt 0.480901 0.274700
vt 0.478175 0.274703
vt 0.480890 0.274703
vt 0.480493 0.274958
vt 0.478182 0.274708
vt 0.480421 0.274958
vt 0.477789 0.274700
vt 0.476844 0.274703
vt 0.477779 0.274703
vt 0.479451 0.274958
vt 0.476855 0.274708
vt 0.476850 0.274700
vt 0.477779 0.274703
vt 0.476844 0.274703
vt 0.477793 0.274708
vt 0.478178 0.274700
vt 0.480890 0.274703
vt 0.478175 0.274703
vt 0.480906 0.274708
vt 0.483395 0.275836
vt 0.516605 0.275836
vt 0.516692 0.274958
vt 0.519099 0.274700
vt 0.521824 0.274703
vt 0.519110 0.274703
vt 0.519507 0.274958
vt 0.521818 0.274708
vt 0.519579 0.274958
vt 0.522211 0.274700
vt 0.523156 0.274703
vt 0.522221 0.274703
vt 0.520548 0.274958
vt 0.523145 0.274708
vt 0.523149 0.274700
vt 0.522221 0.274703
vt 0.523156 0.274703
vt 0.522206 0.274708
vt 0.521822 0.274700
vt 0.519110 0.274703
vt 0.521824 0.274703
vt 0.519094 0.274708
vt 0.488004 0.948018
vt 0.487691 0.945807
vt 0.483432 0.948018
vt 0.483180 0.945807
vt 0.483393 0.419803
vt 0.483096 0.422913
vt 0.480483 0.948018
vt 0.480199 0.945807
vt 0.480417 0.420702
vt 0.480199 0.422913
vt 0.479444 0.948018
vt 0.479157 0.945807
vt 0.479444 0.420702
vt 0.479157 0.422913
vt 0.480417 0.948018
vt 0.480199 0.945807
vt 0.480483 0.420702
vt 0.480199 0.422913
vt 0.483307 0.948018
vt 0.483095 0.945807
vt 0.483370 0.420009
vt 0.483096 0.422913
vt 0.487831 0.948018
vt 0.487691 0.945807
vt 0.493546 0.948018
vt 0.493627 0.945807
vt 0.499893 0.948018
vt 0.500072 0.945807
vt 0.506251 0.948018
vt 0.506373 0.945807
vt 0.511996 0.948018
vt 0.512193 0.945807
vt 0.516568 0.948018
vt 0.516904 0.945807
vt 0.516607 0.419803
vt 0.516904 0.422913
vt 0.519517 0.948018
vt 0.519801 0.945807
vt 0.519583 0.420702
vt 0.519845 0.422913
vt 0.520556 0.948018
vt 0.520843 0.945807
vt 0.520556 0.420702
vt 0.520843 0.422913
vt 0.519583 0.948018
vt 0.519801 0.945807
vt 0.519517 0.420702
vt 0.519801 0.422913
vt 0.516693 0.948018
vt 0.516904 0.945807
vt 0.516630 0.420009
vt 0.516904 0.422913
vt 0.512169 0.948018
vt 0.512309 0.945807
vt 0.506454 0.948018
vt 0.506509 0.945807
vt 0.500107 0.948018
vt 0.500072 0.945807
vt 0.493749 0.948018
vt 0.493491 0.945807
vt 0.511996 0.186637
vt 0.512309 0.188848
vt 0.513098 0.186867
vt 0.506251 0.186637
vt 0.506509 0.188848
vt 0.507757 0.186867
vt 0.516568 0.186637
vt 0.516904 0.188848
vt 0.514122 0.186867
vt 0.519517 0.186637
vt 0.519801 0.188848
vt 0.520556 0.186637
vt 0.520843 0.188848
vt 0.519583 0.186637
vt 0.516693 0.186637
vt 0.512169 0.186637
vt 0.512193 0.188848
vt 0.506454 0.186637
vt 0.506373 0.188848
vt 0.500107 0.186637
vt 0.499928 0.188848
vt 0.500633 0.186867
vt 0.506553 0.186867
vt 0.493749 0.186637
vt 0.493627 0.188848
vt 0.493447 0.186867
vt 0.499367 0.186867
vt 0.488004 0.186637
vt 0.487691 0.188848
vt 0.486902 0.186867
vt 0.492243 0.186867
vt 0.483432 0.186637
vt 0.483095 0.188848
vt 0.485877 0.186867
vt 0.480483 0.186637
vt 0.480199 0.188848
vt 0.479444 0.186637
vt 0.479157 0.188848
vt 0.480417 0.186637
vt 0.483307 0.186637
vt 0.483180 0.188848
vt 0.487831 0.186637
vt 0.487691 0.188848
vt 0.493546 0.186637
vt 0.493491 0.188848
vt 0.499893 0.186637
vt 0.500072 0.188848
vt 0.480483 0.274919
vt 0.480199 0.272708
vt 0.479444 0.274919
vt 0.479157 0.272708
vt 0.480417 0.274919
vt 0.483393 0.275817
vt 0.483096 0.272708
vt 0.516630 0.275611
vt 0.516904 0.272708
vt 0.519517 0.274919
vt 0.519801 0.272708
vt 0.520556 0.274919
vt 0.520843 0.272708
vt 0.519583 0.274919
vt 0.519845 0.272708
vt 0.516607 0.275817
vt 0.483370 0.275611
vt 0.483096 0.272708
vt 0.487689 0.945807
vt 0.483091 0.945807
vt 0.483338 0.420357
vt 0.483091 0.422913
vt 0.480149 0.945807
vt 0.480149 0.422913
vt 0.479150 0.945807
vt 0.479150 0.422913
vt 0.480149 0.945807
vt 0.483092 0.945807
vt 0.483091 0.422913
vt 0.487689 0.945807
vt 0.493492 0.945807
vt 0.499931 0.945807
vt 0.506371 0.945807
vt 0.512311 0.945807
vt 0.516907 0.945807
vt 0.516906 0.422913
vt 0.516825 0.422874
vt 0.519801 0.945807
vt 0.519801 0.422913
vt 0.520844 0.945807
vt 0.520844 0.422913
vt 0.519801 0.945807
vt 0.519847 0.422913
vt 0.516907 0.945807
vt 0.516825 0.422874
vt 0.512311 0.945807
vt 0.506511 0.945807
vt 0.493492 0.945807
vt 0.512311 0.188848
vt 0.506511 0.188848
vt 0.516907 0.188848
vt 0.519801 0.188848
vt 0.520844 0.188848
vt 0.516907 0.188848
vt 0.506371 0.188848
vt 0.499931 0.188848
vt 0.493492 0.188848
vt 0.487689 0.188848
vt 0.483091 0.188848
vt 0.480149 0.188848
vt 0.479150 0.188848
vt 0.480149 0.188848
vt 0.487689 0.188848
vt 0.499931 0.188848
vt 0.480149 0.272708
vt 0.479150 0.272708
vt 0.480149 0.272708
vt 0.483091 0.272708
vt 0.516825 0.272746
vt 0.516906 0.272708
vt 0.519801 0.272708
vt 0.520844 0.272708
vt 0.519847 0.272708
vt 0.511620 0.999166
vt 0.506109 0.999166
vt 0.493741 0.997624
vt 0.515994 0.999166
vt 0.518802 0.999166
vt 0.519770 0.999166
vt 0.500000 0.999166
vt 0.493891 0.999166
vt 0.488380 0.999166
vt 0.484006 0.999166
vt 0.481198 0.999166
vt 0.480230 0.999166
vt 0.506322 0.993872
vt 0.512025 0.993872
vt 0.512025 0.946217
vt 0.506322 0.946217
vt 0.516550 0.993872
vt 0.516550 0.946217
vt 0.519456 0.993872
vt 0.519456 0.946217
vt 0.520457 0.993872
vt 0.520457 0.946217
vt 0.500000 0.993872
vt 0.500000 0.946217
vt 0.493678 0.993872
vt 0.493678 0.946217
vt 0.487975 0.993872
vt 0.487975 0.946217
vt 0.483450 0.993872
vt 0.483450 0.946217
vt 0.480544 0.993872
vt 0.480544 0.946217
vt 0.479543 0.993872
vt 0.479543 0.946217
vt 0.506259 0.997616
vt 0.511906 0.997616
vt 0.500000 0.997616
vt 0.516387 0.997616
vt 0.519264 0.997616
vt 0.520256 0.997616
vt 0.493740 0.997616
vt 0.488094 0.997616
vt 0.483613 0.997616
vt 0.480735 0.997616
vt 0.479744 0.997616
vt 0.506156 0.898277
vt 0.511709 0.898277
vt 0.511709 0.185745
vt 0.506156 0.185745
vt 0.516116 0.898277
vt 0.516116 0.420107
vt 0.518945 0.898277
vt 0.518945 0.420107
vt 0.519920 0.898277
vt 0.519920 0.420107
vt 0.500000 0.898277
vt 0.500000 0.185745
vt 0.493844 0.898277
vt 0.493844 0.185745
vt 0.488291 0.898277
vt 0.488291 0.185745
vt 0.483884 0.898277
vt 0.483884 0.420107
vt 0.481055 0.898277
vt 0.481055 0.420107
vt 0.480080 0.898277
vt 0.480080 0.420107
vt 0.480080 0.275028
vt 0.481055 0.275028
vt 0.481055 0.185745
vt 0.480080 0.185745
vt 0.483884 0.275028
vt 0.483884 0.185745
vt 0.516116 0.275028
vt 0.516116 0.185745
vt 0.518945 0.275028
vt 0.518945 0.185745
vt 0.519920 0.275028
vt 0.519920 0.185745
vt 0.506266 0.898277
vt 0.506266 0.185745
vt 0.511919 0.185745
vt 0.511919 0.898277
vt 0.516406 0.420107
vt 0.516406 0.898277
vt 0.519286 0.420107
vt 0.519286 0.898277
vt 0.520279 0.420107
vt 0.520279 0.898277
vt 0.500000 0.185745
vt 0.493734 0.185745
vt 0.493734 0.898277
vt 0.488080 0.185745
vt 0.488080 0.898277
vt 0.483594 0.420107
vt 0.483594 0.898277
vt 0.480714 0.420107
vt 0.480714 0.898277
vt 0.479721 0.420107
vt 0.479721 0.898277
vt 0.479721 0.275028
vt 0.479721 0.185745
vt 0.480714 0.185745
vt 0.480714 0.275028
vt 0.483594 0.275028
vt 0.483594 0.185745
vt 0.516406 0.275028
vt 0.516406 0.185745
vt 0.519286 0.275028
vt 0.519286 0.185745
vt 0.520279 0.275028
vt 0.520279 0.185745
vt 0.493844 0.185745
vt 0.506156 0.185745
vt 0.479332 0.671888
vt 0.477664 0.671888
vt 0.477664 0.545051
vt 0.479332 0.545051
vt 0.476515 0.671888
vt 0.476515 0.545051
s 1
usemtl m0
f 1/1/1 2/2/2 3/3/3
f 4/4/4 1/1/1 3/3/3
f 5/5/5 4/4/4 3/3/3
f 6/6/6 5/5/5 3/3/3
f 7/7/7 6/6/6 3/3/3
f 8/8/8 7/7/7 3/3/3
f 9/9/9 8/8/8 3/3/3
f 10/10/10 9/9/9 3/3/3
f 11/11/11 10/10/10 3/3/3
f 12/12/12 11/11/11 3/3/3
f 13/13/13 12/12/12 3/3/3
f 14/14/14 13/13/13 3/3/3
f 15/15/15 14/14/14 3/3/3
f 16/16/16 15/15/15 3/3/3
f 17/17/17 16/16/16 3/3/3
f 18/18/18 17/17/17 3/3/3
f 19/19/19 18/18/18 3/3/3
f 20/20/20 19/19/19 3/3/3
f 21/21/21 22/22/22 23/23/23
f 22/22/22 24/24/24 23/23/23
f 24/24/24 25/25/25 23/23/23
f 25/25/25 26/26/26 23/23/23
f 26/26/26 27/27/27 23/23/23
f 27/27/27 28/28/28 23/23/23
f 28/28/28 29/29/29 23/23/23
f 29/29/29 30/30/30 23/23/23
f 30/30/30 31/31/31 23/23/23
f 31/31/31 32/32/32 23/23/23
f 32/32/32 33/33/33 23/23/23
f 33/33/33 34/34/34 23/23/23
f 34/34/34 35/35/35 23/23/23
f 35/35/35 36/36/36 23/23/23
f 37/37/37 38/38/38 23/23/23
f 38/38/38 39/39/39 23/23/23
f 39/39/39 40/40/40 23/23/23
f 40/40/40 21/21/21 23/23/23
f 41/41/41 42/42/42 43/43/43
f 41/41/41 43/43/43 44/44/44
f 42/42/42 45/45/45 46/46/46
f 42/42/42 46/46/46 43/43/43
f 45/45/45 47/47/47 48/48/48
f 45/45/45 48/48/48 46/46/46
f 47/47/47 49/49/49 50/50/50
f 47/47/47 50/50/50 48/48/48
f 49/49/49 51/51/51 52/52/52
f 49/49/49 52/52/52 50/50/50
f 51/51/51 53/53/53 54/54/54
f 51/51/51 54/54/54 52/52/52
f 53/53/53 55/55/55 56/56/56
f 53/53/53 56/56/56 54/54/54
f 55/55/55 57/57/57 58/58/58
f 55/55/55 58/58/58 56/56/56
f 57/57/57 59/59/59 60/60/60
f 57/57/57 60/60/60 58/58/58
f 59/59/59 61/61/61 62/62/62
f 59/59/59 62/62/62 60/60/60
f 61/61/61 63/63/63 64/64/64
f 61/61/61 64/64/64 62/62/62
f 63/63/63 65/65/65 66/66/66
f 63/63/63 66/66/66 64/64/64
f 65/65/65 67/67/67 68/68/68
f 65/65/65 68/68/68 66/66/66
f 67/67/67 69/69/69 70/70/70
f 67/67/67 70/70/70 68/68/68
f 69/69/69 71/71/71 72/72/72
f 69/69/69 72/72/72 70/70/70
f 71/71/71 73/73/73 74/74/74
f 71/71/71 74/74/74 72/72/72
f 73/73/73 75/75/75 76/76/76
f 73/73/73 76/76/76 74/74/74
f 75/75/75 77/77/77 78/78/78
f 75/75/75 78/78/78 76/76/76
f 77/77/77 79/79/79 80/80/80
f 77/77/77 80/80/80 78/78/78
f 79/79/79 41/41/41 44/44/44
f 79/79/79 44/44/44 80/80/80
f 41/41/41 81/81/81 82/82/81
f 41/41/41 82/82/81 42/42/42
f 83/81/82 2/2/2 1/1/1
f 83/81/82 1/1/1 84/82/82
f 2/2/2 85/81/83 86/83/83
f 2/2/2 86/83/83 3/3/3
f 87/81/84 41/41/41 79/79/79
f 87/81/84 79/79/79 88/83/84
f 42/42/42 89/82/85 90/84/86
f 42/42/42 90/84/86 45/45/45
f 91/82/87 1/1/1 4/4/4
f 91/82/87 4/4/4 92/84/87
f 45/45/45 93/84/88 94/85/88
f 45/45/45 94/85/88 47/47/47
f 95/84/89 4/4/4 5/5/5
f 95/84/89 5/5/5 96/85/89
f 47/47/47 97/85/90 98/86/91
f 47/47/47 98/86/91 49/49/49
f 99/85/92 5/5/5 6/6/6
f 99/85/92 6/6/6 100/86/93
f 49/49/49 101/86/94 102/87/95
f 49/49/49 102/87/95 51/51/51
f 103/86/96 6/6/6 7/7/7
f 103/86/96 7/7/7 104/87/97
f 51/51/51 105/87/98 106/88/98
f 51/51/51 106/88/98 53/53/53
f 107/87/99 7/7/7 8/8/8
f 107/87/99 8/8/8 108/88/99
f 53/53/53 109/88/100 110/89/101
f 53/53/53 110/89/101 55/55/55
f 111/88/102 8/8/8 9/9/9
f 111/88/102 9/9/9 112/89/103
f 55/55/55 113/89/104 114/90/104
f 55/55/55 114/90/104 57/57/57
f 115/89/105 9/9/9 10/10/10
f 115/89/105 10/10/10 116/90/105
f 57/57/57 117/90/106 118/91/107
f 57/57/57 118/91/107 59/59/59
f 119/90/108 10/10/10 11/11/11
f 119/90/108 11/11/11 120/91/109
f 59/59/59 121/91/110 122/92/110
f 59/59/59 122/92/110 61/61/61
f 123/91/111 11/11/11 12/12/12
f 123/91/111 12/12/12 124/92/111
f 61/61/61 125/92/112 126/93/113
f 61/61/61 126/93/113 63/63/63
f 127/92/114 12/12/12 13/13/13
f 127/92/114 13/13/13 128/93/115
f 63/63/63 129/93/116 130/94/117
f 63/63/63 130/94/117 65/65/65
f 131/93/118 13/13/13 14/14/14
f 131/93/118 14/14/14 132/94/119
f 65/65/65 133/94/120 134/95/121
f 65/65/65 134/95/121 67/67/67
f 135/94/122 14/14/14 15/15/15
f 135/94/122 15/15/15 136/95/122
f 67/67/67 137/95/123 138/96/124
f 67/67/67 138/96/124 69/69/69
f 139/95/125 15/15/15 16/16/16
f 139/95/125 16/16/16 140/96/126
f 69/69/69 141/96/127 142/97/128
f 69/69/69 142/97/128 71/71/71
f 143/96/129 16/16/16 17/17/17
f 143/96/129 17/17/17 144/97/129
f 71/71/71 145/97/130 146/98/130
f 71/71/71 146/98/130 73/73/73
f 147/97/131 17/17/17 18/18/18
f 147/97/131 18/18/18 148/98/131
f 73/73/73 149/98/132 150/99/133
f 73/73/73 150/99/133 75/75/75
f 151/98/134 18/18/18 19/19/19
f 151/98/134 19/19/19 152/99/135
f 75/75/75 153/99/136 154/100/136
f 75/75/75 154/100/136 77/77/77
f 155/99/137 19/19/19 20/20/20
f 155/99/137 20/20/20 156/100/137
f 77/77/77 157/100/138 158/83/138
f 77/77/77 158/83/138 79/79/79
f 159/100/139 20/20/20 3/3/3
f 159/100/139 3/3/3 160/83/140
f 44/44/44 161/101/141 162/102/142
f 44/44/44 162/102/142 80/80/80
f 163/101/143 21/21/21 40/40/40
f 163/101/143 40/40/40 164/102/144
f 21/21/21 165/101/145 166/103/145
f 21/21/21 166/103/145 22/22/22
f 167/101/146 44/44/44 43/43/43
f 167/101/146 43/43/43 168/103/147
f 22/22/22 169/103/148 170/104/149
f 22/22/22 170/104/149 24/24/24
f 171/103/150 43/43/43 46/46/46
f 171/103/150 46/46/46 172/104/150
f 24/24/24 173/104/151 174/105/151
f 24/24/24 174/105/151 25/25/25
f 175/104/152 46/46/46 48/48/48
f 175/104/152 48/48/48 176/105/153
f 25/25/25 177/105/154 178/106/154
f 25/25/25 178/106/154 26/26/26
f 179/105/155 48/48/48 50/50/50
f 179/105/155 50/50/50 180/106/155
f 26/26/26 181/106/156 182/107/156
f 26/26/26 182/107/156 27/27/27
f 183/106/157 50/50/50 52/52/52
f 183/106/157 52/52/52 184/107/157
f 27/27/27 185/107/158 186/108/158
f 27/27/27 186/108/158 28/28/28
f 187/107/159 52/52/52 54/54/54
f 187/107/159 54/54/54 188/108/160
f 28/28/28 189/108/161 190/109/162
f 28/28/28 190/109/162 29/29/29
f 191/108/163 54/54/54 56/56/56
f 191/108/163 56/56/56 192/109/163
f 29/29/29 193/109/164 194/110/164
f 29/29/29 194/110/164 30/30/30
f 195/109/165 56/56/56 58/58/58
f 195/109/165 58/58/58 196/110/165
f 30/30/30 197/110/166 198/111/166
f 30/30/30 198/111/166 31/31/31
f 199/110/167 58/58/58 60/60/60
f 199/110/167 60/60/60 200/111/167
f 31/31/31 201/111/168 202/112/168
f 31/31/31 202/112/168 32/32/32
f 203/111/169 60/60/60 62/62/62
f 203/111/169 62/62/62 204/112/169
f 32/32/32 205/112/170 206/113/171
f 32/32/32 206/113/171 33/33/33
f 207/112/172 62/62/62 64/64/64
f 207/112/172 64/64/64 208/113/172
f 33/33/33 209/113/173 210/114/174
f 33/33/33 210/114/174 34/34/34
f 211/113/175 64/64/64 66/66/66
f 211/113/175 66/66/66 212/114/176
f 34/34/34 213/114/177 214/115/177
f 34/34/34 214/115/177 35/35/35
f 215/114/178 66/66/66 68/68/68
f 215/114/178 68/68/68 216/115/179
f 35/35/35 217/115/180 218/116/181
f 35/35/35 218/116/181 36/36/36
f 219/115/182 68/68/68 70/70/70
f 219/115/182 70/70/70 220/116/182
f 36/36/36 221/116/183 222/117/184
f 36/36/36 222/117/184 23/23/23
f 223/116/185 70/70/70 72/72/72
f 223/116/185 72/72/72 224/117/185
f 23/23/23 225/117/186 226/118/187
f 23/23/23 226/118/187 37/37/37
f 227/117/188 72/72/72 74/74/74
f 227/117/188 74/74/74 228/118/189
f 37/37/37 229/118/190 230/119/191
f 37/37/37 230/119/191 38/38/38
f 231/118/192 74/74/74 76/76/76
f 231/118/192 76/76/76 232/119/193
f 38/38/38 233/119/194 234/120/195
f 38/38/38 234/120/195 39/39/39
f 235/119/196 76/76/76 78/78/78
f 235/119/196 78/78/78 236/120/197
f 39/39/39 237/120/198 238/102/199
f 39/39/39 238/102/199 40/40/40
f 239/120/200 78/78/78 80/80/80
f 239/120/200 80/80/80 240/102/200
f 291/121/201 248/122/202 243/123/203
f 246/124/204 251/125/205 299/126/206
s 0
f 320/127/207 322/128/207 321/129/207
f 320/127/207 323/130/207 322/128/207
f 324/131/208 319/132/208 318/133/208
f 324/131/208 325/134/208 319/132/208
f 328/135/208 330/134/208 329/131/208
f 328/135/208 331/136/208 330/134/208
f 326/137/207 333/138/207 332/139/207
f 326/137/207 327/140/207 333/138/207
f 286/141/209 335/136/209 334/135/209
f 286/141/210 336/142/210 335/136/210
f 337/139/207 339/143/207 338/144/207
f 337/139/207 340/138/207 339/143/207
f 341/145/208 343/142/208 342/141/208
f 341/145/208 344/146/208 343/142/208
f 345/144/207 347/147/207 346/148/207
f 345/144/207 348/143/207 347/147/207
f 349/149/211 350/146/211 287/145/211
f 349/149/208 351/150/208 350/146/208
f 352/148/207 354/151/207 353/152/207
f 352/148/207 355/147/207 354/151/207
f 356/153/208 351/150/208 349/149/208
f 356/153/208 357/154/208 351/150/208
f 358/152/207 360/155/207 359/156/207
f 358/152/207 361/151/207 360/155/207
f 363/157/212 365/158/212 364/159/212
f 363/157/212 366/160/212 365/158/212
f 319/132/208 369/161/208 362/162/208
f 370/130/207 372/163/207 371/128/207
f 370/130/207 373/164/207 372/163/207
f 325/134/208 369/161/208 319/132/208
f 325/134/208 374/165/208 369/161/208
f 375/128/207 377/166/207 376/167/207
f 375/128/207 378/163/207 377/166/207
f 335/136/208 374/165/208 325/134/208
f 335/136/208 379/168/208 374/165/208
f 380/167/207 382/169/207 381/138/207
f 380/167/207 383/166/207 382/169/207
f 384/142/208 386/168/208 385/136/208
f 384/142/208 387/170/208 386/168/208
f 388/138/207 390/171/207 389/143/207
f 388/138/207 391/169/207 390/171/207
f 350/146/208 392/170/208 336/142/208
f 350/146/208 393/172/208 392/170/208
f 394/143/207 396/173/207 395/147/207
f 394/143/207 397/171/207 396/173/207
f 398/150/208 400/172/208 399/146/208
f 398/150/208 401/174/208 400/172/208
f 347/147/207 402/175/207 361/151/207
f 347/147/207 403/173/207 402/175/207
f 357/154/208 404/174/208 351/150/208
f 357/154/208 405/176/208 404/174/208
f 361/151/207 402/175/207 360/155/207
f 357/154/208 406/177/208 405/176/208
f 360/155/207 402/175/207 407/178/207
f 410/179/213 412/177/213 411/154/213
f 410/179/213 413/180/213 412/177/213
f 415/160/214 417/181/214 416/158/214
f 415/160/214 418/182/214 417/181/214
f 420/161/208 422/183/208 421/184/208
f 420/161/208 423/185/208 422/183/208
f 368/186/207 425/187/207 424/163/207
f 368/186/207 419/181/207 425/187/207
f 374/165/208 426/185/208 369/161/208
f 374/165/208 427/188/208 426/185/208
f 428/163/207 430/189/207 429/166/207
f 428/163/207 431/187/207 430/189/207
f 432/168/208 434/188/208 433/165/208
f 432/168/208 435/190/208 434/188/208
f 436/166/207 438/191/207 437/169/207
f 436/166/207 439/189/207 438/191/207
f 392/170/208 440/190/208 379/168/208
f 392/170/208 441/192/208 440/190/208
f 442/169/207 444/193/207 443/171/207
f 442/169/207 445/191/207 444/193/207
f 393/172/208 441/192/208 392/170/208
f 393/172/208 446/194/208 441/192/208
f 447/171/207 448/195/207 403/173/207
f 447/171/207 449/193/207 448/195/207
f 450/174/208 452/194/208 451/172/208
f 450/174/208 453/196/208 452/194/208
f 454/173/207 456/197/207 455/198/207
f 454/173/207 457/195/207 456/197/207
f 458/176/208 460/196/208 459/174/208
f 458/176/208 461/199/208 460/196/208
f 462/198/207 464/200/207 463/201/207
f 462/198/207 465/197/207 464/200/207
f 406/177/208 466/202/208 405/176/208
f 406/177/208 467/203/208 466/202/208
f 402/175/207 468/204/207 407/178/207
f 402/175/207 469/205/207 468/204/207
f 470/180/215 472/206/215 471/177/215
s 1
f 470/180/215 473/207/215 472/206/215
s 0
f 475/182/216 477/208/216 476/181/216
f 475/182/216 478/209/216 477/208/216
f 426/185/208 474/210/208 414/211/208
f 426/185/208 480/212/208 474/210/208
f 419/181/207 481/213/207 425/187/207
f 419/181/207 479/214/207 481/213/207
f 482/188/208 484/212/208 483/185/208
f 482/188/208 485/215/208 484/212/208
f 486/187/207 488/216/207 487/189/207
f 486/187/207 489/213/207 488/216/207
f 490/190/208 492/215/208 491/188/208
f 490/190/208 493/217/208 492/215/208
f 494/189/207 496/218/207 495/191/207
f 494/189/207 497/216/207 496/218/207
f 441/192/208 498/217/208 440/190/208
f 441/192/208 499/219/208 498/217/208
f 500/191/207 501/220/207 449/193/207
f 502/194/208 504/219/208 503/192/208
f 502/194/208 505/221/208 504/219/208
f 449/193/207 501/220/207 448/195/207
f 466/202/208 506/222/208 446/194/208
f 448/195/207 507/223/207 469/205/207
f 448/195/207 501/220/207 507/223/207
f 467/203/208 506/222/208 466/202/208
f 467/203/208 508/224/208 506/222/208
f 469/205/207 507/223/207 468/204/207
f 509/207/217 511/225/217 510/206/217
f 509/207/217 512/226/217 511/225/217
s 1
f 254/227/218 514/228/219 513/229/220
f 254/227/218 272/230/221 514/228/219
f 515/229/222 317/231/223 247/232/224
f 515/229/222 516/228/225 317/231/223
f 247/232/226 518/233/227 517/229/228
f 247/232/226 300/234/229 518/233/227
f 519/229/230 253/235/231 254/227/232
f 519/229/230 520/233/233 253/235/231
f 300/234/234 522/236/235 521/233/236
f 300/234/234 301/237/237 522/236/235
f 523/233/238 255/238/239 253/235/240
f 523/233/238 524/236/241 255/238/239
f 301/237/242 526/239/243 525/236/244
f 301/237/242 302/240/245 526/239/243
f 527/236/246 256/241/247 255/238/248
f 527/236/246 528/239/249 256/241/247
f 302/240/250 530/242/251 529/239/252
f 302/240/250 303/243/253 530/242/251
f 531/239/254 257/244/255 256/241/256
f 531/239/254 532/242/257 257/244/255
f 303/243/258 534/245/259 533/242/260
f 303/243/258 304/246/261 534/245/259
f 535/242/262 258/247/263 257/244/264
f 535/242/262 536/245/265 258/247/263
f 304/246/266 538/248/267 537/245/268
f 304/246/266 305/249/269 538/248/267
f 539/245/270 259/250/271 258/247/272
f 539/245/270 540/248/273 259/250/271
f 305/249/274 542/251/275 541/248/276
f 305/249/274 306/252/277 542/251/275
f 543/248/278 260/253/279 259/250/280
f 543/248/278 544/251/281 260/253/279
f 306/252/282 546/254/283 545/251/284
f 306/252/282 307/255/285 546/254/283
f 547/251/286 261/256/287 260/253/288
f 547/251/286 548/254/289 261/256/287
f 307/255/290 550/257/291 549/254/291
f 307/255/290 308/258/292 550/257/291
f 551/254/293 262/259/294 261/256/295
f 551/254/293 552/257/296 262/259/294
f 308/258/297 554/260/298 553/257/299
f 308/258/297 252/261/300 554/260/298
f 555/257/301 263/262/302 262/259/303
f 555/257/301 556/260/304 263/262/302
f 252/261/305 558/263/306 557/260/307
f 252/261/305 310/264/308 558/263/306
f 559/260/309 264/265/310 263/262/311
f 559/260/309 560/263/309 264/265/310
f 310/264/312 562/266/313 561/263/314
f 310/264/312 309/267/315 562/266/313
f 563/263/316 265/268/317 264/265/318
f 563/263/316 564/266/319 265/268/317
f 309/267/320 566/269/321 565/266/322
f 309/267/320 311/270/323 566/269/321
f 567/266/324 266/271/325 265/268/326
f 567/266/324 568/269/324 266/271/325
f 311/270/327 570/272/328 569/269/329
f 311/270/327 312/273/330 570/272/328
f 571/269/331 267/274/332 266/271/333
f 571/269/331 572/272/334 267/274/332
f 312/273/335 574/275/336 573/272/337
f 312/273/335 313/276/338 574/275/336
f 575/272/339 268/277/340 267/274/341
f 575/272/339 576/275/342 268/277/340
f 313/276/343 578/278/344 577/275/345
f 313/276/343 314/279/346 578/278/344
f 579/275/347 269/280/348 268/277/349
f 579/275/347 580/278/350 269/280/348
f 314/279/351 582/281/352 581/278/352
f 314/279/351 315/282/353 582/281/352
f 583/278/354 270/283/355 269/280/356
f 583/278/354 584/281/354 270/283/355
f 315/282/357 586/284/358 585/281/358
f 315/282/357 316/285/359 586/284/358
f 587/281/360 271/286/361 270/283/362
f 587/281/360 588/284/360 271/286/361
f 316/285/363 590/228/364 589/284/365
f 316/285/363 317/231/366 590/228/364
f 591/284/367 272/230/368 271/286/369
f 591/284/367 592/228/370 272/230/368
f 254/227/232 594/287/371 593/288/372
f 254/227/232 253/235/231 594/287/371
f 595/288/373 273/289/374 244/290/375
f 595/288/373 596/287/376 273/289/374
f 244/290/377 598/291/378 597/288/379
f 244/290/377 290/292/380 598/291/378
f 599/288/381 272/230/221 254/227/218
f 599/288/381 600/291/381 272/230/221
f 253/235/240 602/293/382 601/287/383
f 253/235/240 255/238/239 602/293/382
f 603/287/384 274/294/385 273/289/386
f 603/287/384 604/293/387 274/294/385
f 255/238/248 606/295/388 605/293/389
f 255/238/248 256/241/247 606/295/388
f 607/293/390 275/296/391 274/294/392
f 607/293/390 608/295/393 275/296/391
f 256/241/256 610/297/394 609/295/395
f 256/241/256 257/244/255 610/297/394
f 611/295/396 276/298/397 275/296/398
f 611/295/396 612/297/399 276/298/397
f 257/244/264 614/299/400 613/297/401
f 257/244/264 258/247/263 614/299/400
f 615/297/402 277/300/403 276/298/404
f 615/297/402 616/299/405 277/300/403
f 258/247/272 618/301/406 617/299/407
f 258/247/272 259/250/271 618/301/406
f 619/299/408 278/302/409 277/300/410
f 619/299/408 620/301/411 278/302/409
f 259/250/280 622/303/412 621/301/413
f 259/250/280 260/253/279 622/303/412
f 623/301/414 279/304/415 278/302/416
f 623/301/414 624/303/417 279/304/415
f 260/253/288 626/305/418 625/303/419
f 260/253/288 261/256/287 626/305/418
f 627/303/420 280/306/421 279/304/422
f 627/303/420 628/305/420 280/306/421
f 261/256/295 630/307/423 629/305/424
f 261/256/295 262/259/294 630/307/423
f 631/305/425 281/308/426 280/306/427
f 631/305/425 632/307/428 281/308/426
f 262/259/303 634/309/429 633/307/430
f 262/259/303 263/262/302 634/309/429
f 635/307/431 245/310/432 281/308/433
f 635/307/431 636/309/434 245/310/432
f 263/262/311 638/311/435 637/309/435
f 263/262/311 264/265/310 638/311/435
f 639/309/436 283/312/437 245/310/438
f 639/309/436 640/311/439 283/312/437
f 264/265/318 642/313/440 641/311/441
f 264/265/318 265/268/317 642/313/440
f 643/311/442 282/314/443 283/312/444
f 643/311/442 644/313/445 282/314/443
f 265/268/326 646/315/446 645/313/447
f 265/268/326 266/271/325 646/315/446
f 647/313/448 284/316/449 282/314/450
f 647/313/448 648/315/451 284/316/449
f 266/271/333 650/317/452 649/315/453
f 266/271/333 267/274/332 650/317/452
f 651/315/454 285/318/455 284/316/456
f 651/315/454 652/317/457 285/318/455
f 267/274/341 654/319/458 653/317/459
f 267/274/341 268/277/340 654/319/458
f 655/317/460 286/320/461 285/318/462
f 655/317/460 656/319/463 286/320/461
f 268/277/349 658/321/464 657/319/465
f 268/277/349 269/280/348 658/321/464
f 659/319/466 287/322/467 286/320/468
f 659/319/466 660/321/469 287/322/467
f 269/280/356 662/323/470 661/321/471
f 269/280/356 270/283/355 662/323/470
f 663/321/472 288/324/473 287/322/474
f 663/321/472 664/323/475 288/324/473
f 270/283/362 666/325/476 665/323/476
f 270/283/362 271/286/361 666/325/476
f 667/323/477 289/326/478 288/324/479
f 667/323/477 668/325/480 289/326/478
f 271/286/369 670/291/481 669/325/482
f 271/286/369 272/230/368 670/291/481
f 671/325/483 290/292/484 289/326/485
f 671/325/483 672/291/486 290/292/484
f 244/290/375 273/289/374 673/327/487
f 243/123/203 674/327/488 291/121/201
f 273/289/386 676/328/489 675/327/490
f 273/289/386 274/294/385 676/328/489
f 677/327/491 292/329/492 291/121/493
f 677/327/491 678/328/494 292/329/492
f 274/294/392 680/330/495 679/328/495
f 274/294/392 275/296/391 680/330/495
f 681/328/496 293/331/497 292/329/498
f 681/328/496 682/330/499 293/331/497
f 275/296/398 684/332/500 683/330/501
f 275/296/398 276/298/397 684/332/500
f 685/330/452 294/333/502 293/331/503
f 685/330/452 686/332/504 294/333/502
f 276/298/404 688/334/505 687/332/506
f 276/298/404 277/300/403 688/334/505
f 689/332/507 295/335/508 294/333/509
f 689/332/507 690/334/510 295/335/508
f 277/300/410 692/336/511 691/334/511
f 277/300/410 278/302/409 692/336/511
f 693/334/512 296/337/513 295/335/514
f 693/334/512 694/336/515 296/337/513
f 278/302/416 696/338/516 695/336/517
f 278/302/416 279/304/415 696/338/516
f 697/336/518 297/339/519 296/337/520
f 697/336/518 698/338/521 297/339/519
f 279/304/422 700/340/522 699/338/523
f 279/304/422 280/306/421 700/340/522
f 701/338/524 298/341/525 297/339/526
f 701/338/524 702/340/527 298/341/525
f 280/306/427 704/342/528 703/340/529
f 280/306/427 281/308/426 704/342/528
f 705/340/530 299/126/531 298/341/532
f 705/340/530 706/342/530 299/126/531
f 281/308/433 245/310/432 707/342/533
f 708/342/534 246/124/204 299/126/206
f 248/122/202 291/121/201 709/343/535
f 247/232/226 710/343/536 300/234/229
f 291/121/493 712/344/537 711/343/538
f 291/121/493 292/329/492 712/344/537
f 713/343/539 301/237/237 300/234/234
f 713/343/539 714/344/540 301/237/237
f 292/329/498 716/345/541 715/344/542
f 292/329/498 293/331/497 716/345/541
f 717/344/543 302/240/245 301/237/242
f 717/344/543 718/345/543 302/240/245
f 293/331/503 720/346/544 719/345/545
f 293/331/503 294/333/502 720/346/544
f 721/345/546 303/243/253 302/240/250
f 721/345/546 722/346/547 303/243/253
f 294/333/509 724/347/548 723/346/549
f 294/333/509 295/335/508 724/347/548
f 725/346/550 304/246/261 303/243/258
f 725/346/550 726/347/551 304/246/261
f 295/335/514 728/348/552 727/347/553
f 295/335/514 296/337/513 728/348/552
f 729/347/554 305/249/269 304/246/266
f 729/347/554 730/348/555 305/249/269
f 296/337/520 732/349/556 731/348/557
f 296/337/520 297/339/519 732/349/556
f 733/348/558 306/252/277 305/249/274
f 733/348/558 734/349/559 306/252/277
f 297/339/526 736/350/360 735/349/360
f 297/339/526 298/341/525 736/350/360
f 737/349/560 307/255/285 306/252/282
f 737/349/560 738/350/561 307/255/285
f 298/341/532 740/351/562 739/350/563
f 298/341/532 299/126/531 740/351/562
f 741/350/564 308/258/292 307/255/290
f 741/350/564 742/351/565 308/258/292
f 299/126/206 251/125/205 743/351/566
f 744/351/567 252/261/300 308/258/297
s 0
f 359/156/568 360/155/568 247/352/568
f 746/353/208 357/154/208 356/153/208
f 750/157/569 749/159/569 748/354/569
f 748/354/569 747/355/569 750/157/569
f 754/179/570 753/154/570 751/356/570
f 753/154/571 752/357/571 751/356/571
s 1
f 798/358/572 760/359/573 799/360/574
f 800/361/575 801/362/208 798/358/576
f 802/363/577 801/362/208 800/361/575
f 803/364/578 801/362/208 802/363/577
f 804/365/579 805/366/208 803/364/580
f 806/367/581 805/366/208 804/365/579
f 807/368/582 805/366/208 806/367/581
f 808/369/583 759/370/584 807/368/585
f 809/371/201 765/372/202 758/373/586
f 763/374/204 768/375/587 817/376/206
s 0
f 798/358/588 801/362/588 760/359/588
f 836/377/207 838/378/207 837/379/207
f 836/377/207 839/380/207 838/378/207
f 840/381/207 843/382/207 842/383/207
f 840/381/207 841/384/207 843/382/207
f 844/383/207 846/385/207 845/386/207
f 844/383/207 847/382/207 846/385/207
f 805/366/208 801/362/208 803/364/208
f 848/386/207 850/387/207 849/388/207
f 848/386/207 851/385/207 850/387/207
f 852/388/207 854/389/207 853/390/207
f 852/388/207 855/387/207 854/389/207
f 856/390/207 858/391/207 857/392/207
f 856/390/207 859/389/207 858/391/207
f 759/370/589 805/366/589 807/368/589
f 861/393/212 863/394/212 862/395/212
f 861/393/212 864/396/212 863/394/212
f 867/380/207 869/397/207 868/378/207
f 867/380/207 870/398/207 869/397/207
f 871/378/207 873/399/207 872/400/207
f 871/378/207 874/397/207 873/399/207
f 875/400/207 877/401/207 876/382/207
f 875/400/207 878/399/207 877/401/207
f 879/382/207 881/402/207 880/385/207
f 879/382/207 882/401/207 881/402/207
f 805/366/208 860/403/208 801/362/208
f 805/366/208 883/404/208 860/403/208
f 884/385/207 886/405/207 885/387/207
f 884/385/207 887/402/207 886/405/207
f 850/387/207 888/406/207 859/389/207
f 850/387/207 889/405/207 888/406/207
f 859/389/207 888/406/207 858/391/207
f 858/391/207 888/406/207 890/407/207
f 893/408/213 895/404/213 894/366/213
f 893/408/213 896/409/213 895/404/213
f 898/396/214 900/410/214 899/394/214
f 898/396/214 901/411/214 900/410/214
f 866/412/207 904/413/207 903/397/207
f 866/412/207 902/410/207 904/413/207
f 905/397/207 907/414/207 906/399/207
f 905/397/207 908/413/207 907/414/207
f 909/399/207 911/415/207 910/401/207
f 909/399/207 912/414/207 911/415/207
f 860/403/208 913/416/208 897/411/208
f 914/401/207 916/417/207 915/402/207
f 914/401/207 917/415/207 916/417/207
f 883/404/208 913/416/208 860/403/208
f 918/402/207 919/418/207 889/405/207
f 918/402/207 920/417/207 919/418/207
f 921/405/207 923/419/207 922/420/207
f 921/405/207 924/418/207 923/419/207
f 925/420/207 927/421/207 926/422/207
f 925/420/207 928/419/207 927/421/207
f 888/406/207 929/423/207 890/407/207
f 888/406/207 930/424/207 929/423/207
f 931/409/215 933/425/215 932/404/215
f 931/409/215 934/426/215 933/425/215
f 936/411/216 938/427/216 937/410/216
f 936/411/216 939/428/216 938/427/216
f 902/410/207 941/429/207 904/413/207
f 902/410/207 940/430/207 941/429/207
f 942/413/207 944/431/207 943/414/207
f 942/413/207 945/429/207 944/431/207
f 897/411/208 946/432/208 935/433/208
f 947/414/207 949/434/207 948/415/207
f 947/414/207 950/431/207 949/434/207
f 913/416/208 946/432/208 897/411/208
f 951/415/207 952/435/207 920/417/207
f 920/417/207 952/435/207 919/418/207
f 919/418/207 953/436/207 930/424/207
f 919/418/207 952/435/207 953/436/207
f 930/424/207 953/436/207 929/423/207
f 954/426/217 956/437/217 955/425/217
f 954/426/217 957/438/217 956/437/217
s 1
f 771/439/590 959/440/220 958/441/591
f 771/439/590 789/442/592 959/440/220
f 960/441/222 835/443/223 764/444/224
f 960/441/222 961/440/225 835/443/223
f 764/444/226 963/445/227 962/441/228
f 764/444/226 818/446/229 963/445/227
f 964/441/593 770/447/231 771/439/594
f 964/441/593 965/445/230 770/447/231
f 818/446/234 967/448/235 966/445/595
f 818/446/234 819/449/237 967/448/235
f 968/445/596 772/450/239 770/447/240
f 968/445/596 969/448/597 772/450/239
f 819/449/242 971/451/598 970/448/599
f 819/449/242 820/452/245 971/451/598
f 972/448/600 773/453/601 772/450/602
f 972/448/600 973/451/246 773/453/601
f 820/452/250 975/454/603 974/451/604
f 820/452/250 821/455/253 975/454/603
f 976/451/254 774/456/605 773/453/606
f 976/451/254 977/454/607 774/456/605
f 821/455/258 979/457/608 978/454/609
f 821/455/258 822/458/261 979/457/608
f 980/454/610 775/459/611 774/456/612
f 980/454/610 981/457/613 775/459/611
f 822/458/266 983/460/614 982/457/615
f 822/458/266 823/461/269 983/460/614
f 984/457/616 776/462/617 775/459/618
f 984/457/616 985/460/619 776/462/617
f 823/461/274 987/463/275 986/460/276
f 823/461/274 824/464/277 987/463/275
f 988/460/620 777/465/279 776/462/621
f 988/460/620 989/463/622 777/465/279
f 824/464/623 991/466/624 990/463/625
f 824/464/623 825/467/285 991/466/624
f 992/463/626 778/468/287 777/465/627
f 992/463/626 993/466/628 778/468/287
f 825/467/290 995/469/291 994/466/629
f 825/467/290 826/470/630 995/469/291
f 996/466/293 779/471/294 778/468/295
f 996/466/293 997/469/631 779/471/294
f 826/470/632 999/472/298 998/469/299
f 826/470/632 769/473/300 999/472/298
f 1000/469/301 780/474/302 779/471/633
f 1000/469/301 1001/472/634 780/474/302
f 769/473/305 1003/475/306 1002/472/635
f 769/473/305 828/476/636 1003/475/306
f 1004/472/309 781/477/637 780/474/638
f 1004/472/309 1005/475/309 781/477/637
f 828/476/312 1007/478/313 1006/475/314
f 828/476/312 827/479/315 1007/478/313
f 1008/475/639 782/480/640 781/477/641
f 1008/475/639 1009/478/642 782/480/640
f 827/479/320 1011/481/322 1010/478/322
f 827/479/320 829/482/323 1011/481/322
f 1012/478/643 783/483/644 782/480/326
f 1012/478/643 1013/481/645 783/483/644
f 829/482/646 1015/484/647 1014/481/329
f 829/482/646 830/485/648 1015/484/647
f 1016/481/331 784/486/332 783/483/333
f 1016/481/331 1017/484/334 784/486/332
f 830/485/335 1019/487/336 1018/484/337
f 830/485/335 831/488/338 1019/487/336
f 1020/484/649 785/489/650 784/486/651
f 1020/484/649 1021/487/652 785/489/650
f 831/488/343 1023/490/344 1022/487/653
f 831/488/343 832/491/346 1023/490/344
f 1024/487/654 786/492/655 785/489/349
f 1024/487/654 1025/490/656 786/492/655
f 832/491/351 1027/493/352 1026/490/352
f 832/491/351 833/494/353 1027/493/352
f 1028/490/657 787/495/658 786/492/659
f 1028/490/657 1029/493/660 787/495/658
f 833/494/661 1031/496/662 1030/493/358
f 833/494/661 834/497/359 1031/496/662
f 1032/493/360 788/498/361 787/495/663
f 1032/493/360 1033/496/360 788/498/361
f 834/497/363 1035/440/664 1034/496/365
f 834/497/363 835/443/665 1035/440/664
f 1036/496/666 789/442/667 788/498/668
f 1036/496/666 1037/440/370 789/442/667
f 771/439/594 1039/499/669 1038/500/670
f 771/439/594 770/447/231 1039/499/669
f 1040/500/671 790/501/672 759/370/673
f 1040/500/671 1041/499/376 790/501/672
f 759/370/584 1043/502/674 1042/500/675
f 759/370/584 808/369/583 1043/502/674
f 1044/500/676 789/442/592 771/439/590
f 1044/500/676 1045/502/676 789/442/592
f 770/447/240 1047/503/677 1046/499/678
f 770/447/240 772/450/239 1047/503/677
f 1048/499/384 791/504/679 790/501/386
f 1048/499/384 1049/503/680 791/504/679
f 772/450/602 1051/505/388 1050/503/681
f 772/450/602 773/453/601 1051/505/388
f 1052/503/390 792/506/391 791/504/392
f 1052/503/390 1053/505/682 792/506/391
f 773/453/606 1055/507/683 1054/505/684
f 773/453/606 774/456/605 1055/507/683
f 1056/505/685 793/508/397 792/506/686
f 1056/505/685 1057/507/687 793/508/397
f 774/456/612 1059/509/688 1058/507/401
f 774/456/612 775/459/611 1059/509/688
f 1060/507/402 794/510/403 793/508/404
f 1060/507/402 1061/509/405 794/510/403
f 775/459/618 1063/511/406 1062/509/689
f 775/459/618 776/462/617 1063/511/406
f 1064/509/690 795/512/409 794/510/691
f 1064/509/690 1065/511/692 795/512/409
f 776/462/621 1067/513/693 1066/511/413
f 776/462/621 777/465/279 1067/513/693
f 1068/511/694 796/514/415 795/512/416
f 1068/511/694 1069/513/417 796/514/415
f 777/465/627 1071/515/418 1070/513/419
f 777/465/627 778/468/287 1071/515/418
f 1072/513/420 797/516/421 796/514/422
f 1072/513/420 1073/515/420 797/516/421
f 778/468/295 1075/517/695 1074/515/696
f 778/468/295 779/471/294 1075/517/695
f 1076/515/697 761/518/698 797/516/699
f 1076/515/697 1077/517/700 761/518/698
f 779/471/633 1079/519/429 1078/517/430
f 779/471/633 780/474/302 1079/519/429
f 1080/517/701 760/359/702 761/520/703
f 1080/517/701 1081/519/704 760/359/702
f 780/474/638 1083/521/705 1082/519/705
f 780/474/638 781/477/637 1083/521/705
f 1084/519/706 799/360/574 760/359/573
f 1084/519/706 1085/521/707 799/360/574
f 781/477/641 1087/522/708 1086/521/709
f 781/477/641 782/480/640 1087/522/708
f 1088/521/710 798/358/572 799/360/574
f 1088/521/710 1089/522/711 798/358/572
f 782/480/326 1091/523/712 1090/522/713
f 782/480/326 783/483/644 1091/523/712
f 1092/522/714 800/361/575 798/358/576
f 1092/522/714 1093/523/715 800/361/575
f 783/483/333 1095/524/716 1094/523/453
f 783/483/333 784/486/332 1095/524/716
f 1096/523/717 802/363/577 800/361/575
f 1096/523/717 1097/524/718 802/363/577
f 784/486/651 1099/525/458 1098/524/719
f 784/486/651 785/489/650 1099/525/458
f 1100/524/720 803/364/578 802/363/577
f 1100/524/720 1101/525/721 803/364/578
f 785/489/349 1103/526/464 1102/525/722
f 785/489/349 786/492/655 1103/526/464
f 1104/525/723 804/365/579 803/364/580
f 1104/525/723 1105/526/724 804/365/579
f 786/492/659 1107/527/725 1106/526/726
f 786/492/659 787/495/658 1107/527/725
f 1108/526/727 806/367/581 804/365/579
f 1108/526/727 1109/527/727 806/367/581
f 787/495/663 1111/528/527 1110/527/527
f 787/495/663 788/498/361 1111/528/527
f 1112/527/728 807/368/582 806/367/581
f 1112/527/728 1113/528/729 807/368/582
f 788/498/668 1115/502/481 1114/528/482
f 788/498/668 789/442/667 1115/502/481
f 1116/528/730 808/369/583 807/368/585
f 1116/528/730 1117/502/731 808/369/583
f 759/370/673 790/501/672 1118/529/732
f 758/373/586 1119/529/488 809/371/201
f 790/501/386 1121/530/489 1120/529/490
f 790/501/386 791/504/679 1121/530/489
f 1122/529/733 810/531/734 809/371/493
f 1122/529/733 1123/530/494 810/531/734
f 791/504/392 1125/532/495 1124/530/495
f 791/504/392 792/506/391 1125/532/495
f 1126/530/496 811/533/735 810/531/736
f 1126/530/496 1127/532/499 811/533/735
f 792/506/686 1129/534/500 1128/532/501
f 792/506/686 793/508/397 1129/534/500
f 1130/532/737 812/535/738 811/533/503
f 1130/532/737 1131/534/739 812/535/738
f 793/508/404 1133/536/505 1132/534/506
f 793/508/404 794/510/403 1133/536/505
f 1134/534/507 813/537/508 812/535/740
f 1134/534/507 1135/536/510 813/537/508
f 794/510/691 1137/538/741 1136/536/511
f 794/510/691 795/512/409 1137/538/741
f 1138/536/742 814/539/513 813/537/743
f 1138/536/742 1139/538/744 814/539/513
f 795/512/416 1141/540/516 1140/538/517
f 795/512/416 796/514/415 1141/540/516
f 1142/538/745 815/541/746 814/539/520
f 1142/538/745 1143/540/521 815/541/746
f 796/514/422 1145/542/747 1144/540/748
f 796/514/422 797/516/421 1145/542/747
f 1146/540/524 816/543/525 815/541/526
f 1146/540/524 1147/542/749 816/543/525
f 797/516/699 1149/544/750 1148/542/529
f 797/516/699 761/518/698 1149/544/750
f 1150/542/751 817/376/752 816/543/532
f 1150/542/751 1151/544/753 817/376/752
f 761/520/754 762/545/755 1152/544/756
f 1153/544/534 763/374/204 817/376/206
f 765/372/202 809/371/201 1154/546/535
f 764/444/226 1155/546/536 818/446/229
f 809/371/493 1157/547/757 1156/546/758
f 809/371/493 810/531/734 1157/547/757
f 1158/546/539 819/449/237 818/446/234
f 1158/546/539 1159/547/540 819/449/237
f 810/531/736 1161/548/541 1160/547/541
f 810/531/736 811/533/735 1161/548/541
f 1162/547/543 820/452/245 819/449/242
f 1162/547/543 1163/548/543 820/452/245
f 811/533/503 1165/549/759 1164/548/760
f 811/533/503 812/535/738 1165/549/759
f 1166/548/546 821/455/253 820/452/250
f 1166/548/546 1167/549/547 821/455/253
f 812/535/740 1169/550/548 1168/549/761
f 812/535/740 813/537/508 1169/550/548
f 1170/549/550 822/458/261 821/455/258
f 1170/549/550 1171/550/551 822/458/261
f 813/537/743 1173/551/552 1172/550/762
f 813/537/743 814/539/513 1173/551/552
f 1174/550/554 823/461/269 822/458/266
f 1174/550/554 1175/551/555 823/461/269
f 814/539/520 1177/552/556 1176/551/763
f 814/539/520 815/541/746 1177/552/556
f 1178/551/558 824/464/277 823/461/274
f 1178/551/558 1179/552/764 824/464/277
f 815/541/526 1181/553/360 1180/552/360
f 815/541/526 816/543/525 1181/553/360
f 1182/552/560 825/467/285 824/464/623
f 1182/552/560 1183/553/561 825/467/285
f 816/543/532 1185/554/765 1184/553/562
f 816/543/532 817/376/752 1185/554/765
f 1186/553/766 826/470/630 825/467/290
f 1186/553/766 1187/554/767 826/470/630
f 817/376/206 768/375/587 1188/554/566
f 1189/554/768 769/473/300 826/470/632
s 0
f 857/392/568 858/391/568 764/555/568
f 1193/393/569 1192/395/569 1191/556/569
f 1191/556/569 1190/557/569 1193/393/569
f 1197/408/570 1196/366/570 1194/558/570
f 1196/366/570 1195/559/570 1194/558/570
s 1
f 1249/560/769 1201/561/770 1206/562/771
f 1204/563/772 1257/564/773 1209/565/774
s 0
f 1276/566/208 1277/567/208 1278/568/208
f 1276/566/208 1278/568/208 1279/569/208
f 1280/570/207 1281/571/207 1282/572/207
f 1280/570/207 1282/572/207 1283/573/207
f 1284/574/208 1285/566/208 1286/569/208
f 1284/574/208 1286/569/208 1287/575/208
f 1288/571/207 1289/576/207 1290/577/207
f 1288/571/207 1290/577/207 1291/572/207
f 1292/578/208 1293/574/208 1294/575/208
f 1292/578/208 1294/575/208 1295/579/208
f 1296/576/207 1297/580/207 1298/581/207
f 1296/576/207 1298/581/207 1299/577/207
f 1300/582/208 1301/578/208 1302/579/208
f 1300/582/208 1302/579/208 1303/583/208
f 1304/580/207 1305/584/207 1306/585/207
f 1304/580/207 1306/585/207 1307/581/207
f 1308/586/208 1309/582/208 1310/583/208
f 1308/586/208 1310/583/208 1311/587/208
f 1312/584/207 1313/588/207 1314/589/207
f 1312/584/207 1314/589/207 1315/585/207
f 1316/590/208 1317/586/208 1318/587/208
f 1316/590/208 1318/587/208 1319/591/208
f 1320/588/207 1321/592/207 1322/593/207
f 1320/588/207 1322/593/207 1323/589/207
f 1324/594/208 1325/590/208 1326/591/208
f 1324/594/208 1326/591/208 1327/595/208
f 1328/592/207 1329/596/207 1330/597/207
f 1328/592/207 1330/597/207 1331/593/207
f 1332/598/208 1333/594/208 1334/595/208
f 1332/598/208 1334/595/208 1335/599/208
f 1336/596/207 1337/600/207 1338/601/207
f 1336/596/207 1338/601/207 1339/597/207
f 1342/602/775 1343/603/775 1344/604/775
f 1342/602/775 1344/604/775 1345/605/775
f 1348/569/208 1349/568/208 1350/606/208
f 1348/569/208 1350/606/208 1351/607/208
f 1346/608/207 1352/609/207 1347/610/207
f 1353/611/208 1354/607/208 1355/612/208
f 1356/579/208 1353/611/208 1355/612/208
f 1356/579/208 1355/612/208 1357/613/208
f 1352/609/207 1358/614/207 1347/610/207
f 1359/583/208 1360/579/208 1361/613/208
f 1359/583/208 1361/613/208 1362/615/208
f 1363/581/207 1364/585/207 1365/616/207
f 1363/581/207 1365/616/207 1366/614/207
f 1367/617/208 1368/615/208 1369/618/208
f 1370/619/207 1371/620/207 1372/616/207
f 1367/617/208 1369/618/208 1373/621/208
f 1374/622/208 1367/617/208 1373/621/208
f 1370/619/207 1375/623/207 1376/624/207
f 1370/619/207 1376/624/207 1371/620/207
f 1374/622/208 1373/621/208 1377/625/208
f 1375/623/207 1378/626/207 1376/624/207
f 1381/627/776 1382/628/776 1383/629/776
f 1381/627/777 1383/629/777 1384/626/777
f 1386/605/778 1387/604/778 1388/630/778
f 1386/605/778 1388/630/778 1389/631/778
f 1354/607/208 1341/632/208 1385/633/208
f 1354/607/208 1385/633/208 1391/634/208
f 1392/635/207 1393/636/207 1394/637/207
f 1392/635/207 1394/637/207 1395/638/207
f 1396/612/208 1397/607/208 1398/634/208
f 1396/612/208 1398/634/208 1399/639/208
f 1400/636/207 1401/640/207 1402/641/207
f 1400/636/207 1402/641/207 1403/637/207
f 1357/613/208 1355/612/208 1404/639/208
f 1357/613/208 1404/639/208 1405/642/208
f 1406/640/207 1407/614/207 1408/643/207
f 1406/640/207 1408/643/207 1409/641/207
f 1368/615/208 1357/613/208 1405/642/208
f 1410/614/207 1411/616/207 1412/644/207
f 1410/614/207 1412/644/207 1413/643/207
f 1369/618/208 1368/615/208 1405/642/208
f 1369/618/208 1405/642/208 1414/645/208
f 1372/616/207 1371/620/207 1415/646/207
f 1372/616/207 1415/646/207 1416/644/207
f 1417/647/208 1418/618/208 1419/645/208
f 1417/647/208 1419/645/208 1420/648/208
f 1371/620/207 1421/649/207 1415/646/207
f 1422/650/208 1423/647/208 1424/648/208
f 1422/650/208 1424/648/208 1425/651/208
f 1426/620/207 1427/624/207 1428/652/207
f 1426/620/207 1428/652/207 1429/649/207
f 1377/625/208 1373/621/208 1430/651/208
f 1377/625/208 1430/651/208 1431/653/208
f 1376/624/207 1378/626/207 1432/654/207
f 1376/624/207 1432/654/207 1433/652/207
f 1434/626/779 1435/629/779 1436/655/779
f 1434/626/780 1436/655/780 1437/656/780
f 1439/631/781 1440/630/781 1441/657/781
f 1439/631/781 1441/657/781 1442/658/781
f 1391/634/208 1385/633/208 1438/659/208
f 1391/634/208 1438/659/208 1444/660/208
f 1390/661/207 1445/637/207 1446/662/207
f 1390/661/207 1446/662/207 1443/663/207
f 1447/639/208 1448/634/208 1449/660/208
f 1447/639/208 1449/660/208 1450/664/208
f 1451/637/207 1452/641/207 1453/665/207
f 1451/637/207 1453/665/207 1454/662/207
f 1455/642/208 1456/639/208 1457/664/208
f 1455/642/208 1457/664/208 1458/666/208
f 1459/641/207 1460/643/207 1461/667/207
f 1459/641/207 1461/667/207 1462/665/207
f 1405/642/208 1463/666/208 1464/668/208
f 1465/643/207 1416/644/207 1466/669/207
f 1465/643/207 1466/669/207 1467/667/207
f 1414/645/208 1405/642/208 1464/668/208
f 1468/644/207 1469/646/207 1470/670/207
f 1468/644/207 1470/670/207 1471/669/207
f 1472/648/208 1414/645/208 1464/668/208
f 1415/646/207 1421/649/207 1473/671/207
f 1474/651/208 1475/648/208 1476/672/208
f 1474/651/208 1476/672/208 1477/673/208
f 1421/649/207 1433/652/207 1473/671/207
f 1431/653/208 1430/651/208 1478/673/208
f 1431/653/208 1478/673/208 1479/674/208
f 1433/652/207 1432/654/207 1480/675/207
f 1433/652/207 1480/675/207 1473/671/207
f 1481/656/782 1482/655/782 1483/676/782
f 1481/656/782 1483/676/782 1484/677/782
s 1
f 1212/678/783 1485/679/784 1486/680/785
f 1212/678/783 1486/680/785 1230/681/786
f 1487/679/787 1205/682/788 1275/683/789
f 1487/679/787 1275/683/789 1488/680/790
f 1205/682/791 1489/679/792 1490/684/793
f 1205/682/791 1490/684/793 1258/685/794
f 1491/679/795 1212/678/796 1211/686/797
f 1491/679/795 1211/686/797 1492/684/798
f 1258/685/799 1493/684/800 1494/687/801
f 1258/685/799 1494/687/801 1259/688/802
f 1495/684/803 1211/686/804 1213/689/805
f 1495/684/803 1213/689/805 1496/687/806
f 1259/688/807 1497/687/808 1498/690/808
f 1259/688/807 1498/690/808 1260/691/809
f 1499/687/810 1213/689/811 1214/692/812
f 1499/687/810 1214/692/812 1500/690/813
f 1260/691/814 1501/690/815 1502/693/816
f 1260/691/814 1502/693/816 1261/694/817
f 1503/690/818 1214/692/819 1215/695/820
f 1503/690/818 1215/695/820 1504/693/821
f 1261/694/822 1505/693/823 1506/696/824
f 1261/694/822 1506/696/824 1262/697/825
f 1507/693/826 1215/695/827 1216/698/828
f 1507/693/826 1216/698/828 1508/696/829
f 1262/697/830 1509/696/831 1510/699/832
f 1262/697/830 1510/699/832 1263/700/833
f 1511/696/834 1216/698/835 1217/701/836
f 1511/696/834 1217/701/836 1512/699/837
f 1263/700/838 1513/699/839 1514/702/840
f 1263/700/838 1514/702/840 1264/703/841
f 1515/699/842 1217/701/843 1218/704/844
f 1515/699/842 1218/704/844 1516/702/845
f 1264/703/846 1517/702/847 1518/705/848
f 1264/703/846 1518/705/848 1265/706/849
f 1519/702/850 1218/704/851 1219/707/852
f 1519/702/850 1219/707/852 1520/705/853
f 1265/706/854 1521/705/855 1522/708/855
f 1265/706/854 1522/708/855 1266/709/856
f 1523/705/857 1219/707/858 1220/710/859
f 1523/705/857 1220/710/859 1524/708/857
f 1266/709/860 1525/708/861 1526/711/862
f 1266/709/860 1526/711/862 1210/712/863
f 1527/708/864 1220/710/865 1221/713/866
f 1527/708/864 1221/713/866 1528/711/867
f 1210/712/868 1529/711/869 1530/714/870
f 1210/712/868 1530/714/870 1268/715/871
f 1531/711/872 1221/713/873 1222/716/874
f 1531/711/872 1222/716/874 1532/714/875
f 1268/715/876 1533/714/877 1534/717/877
f 1268/715/876 1534/717/877 1267/718/878
f 1535/714/879 1222/716/880 1223/719/881
f 1535/714/879 1223/719/881 1536/717/882
f 1267/718/883 1537/717/884 1538/720/884
f 1267/718/883 1538/720/884 1269/721/885
f 1539/717/886 1223/719/887 1224/722/888
f 1539/717/886 1224/722/888 1540/720/889
f 1269/721/890 1541/720/891 1542/723/892
f 1269/721/890 1542/723/892 1270/724/893
f 1543/720/894 1224/722/895 1225/725/896
f 1543/720/894 1225/725/896 1544/723/897
f 1270/724/898 1545/723/899 1546/726/900
f 1270/724/898 1546/726/900 1271/727/901
f 1547/723/902 1225/725/903 1226/728/904
f 1547/723/902 1226/728/904 1548/726/905
f 1271/727/906 1549/726/907 1550/729/908
f 1271/727/906 1550/729/908 1272/730/909
f 1551/726/910 1226/728/911 1227/731/912
f 1551/726/910 1227/731/912 1552/729/913
f 1272/730/914 1553/729/915 1554/732/916
f 1272/730/914 1554/732/916 1273/733/917
f 1555/729/918 1227/731/919 1228/734/920
f 1555/729/918 1228/734/920 1556/732/921
f 1273/733/922 1557/732/923 1558/735/923
f 1273/733/922 1558/735/923 1274/736/924
f 1559/732/925 1228/734/926 1229/737/927
f 1559/732/925 1229/737/927 1560/735/928
f 1274/736/929 1561/735/930 1562/680/931
f 1274/736/929 1562/680/931 1275/683/932
f 1563/735/933 1229/737/934 1230/681/935
f 1563/735/933 1230/681/935 1564/680/936
f 1212/678/796 1565/738/937 1566/739/938
f 1212/678/796 1566/739/938 1211/686/797
f 1567/738/939 1202/740/940 1231/741/941
f 1567/738/939 1231/741/941 1568/739/942
f 1202/740/943 1569/738/944 1570/742/945
f 1202/740/943 1570/742/945 1248/743/946
f 1571/738/947 1212/678/783 1230/681/786
f 1571/738/947 1230/681/786 1572/742/948
f 1211/686/804 1573/739/949 1574/744/950
f 1211/686/804 1574/744/950 1213/689/805
f 1575/739/951 1231/741/952 1232/745/953
f 1575/739/951 1232/745/953 1576/744/951
f 1213/689/811 1577/744/954 1578/746/955
f 1213/689/811 1578/746/955 1214/692/812
f 1579/744/956 1232/745/957 1233/747/958
f 1579/744/956 1233/747/958 1580/746/959
f 1214/692/819 1581/746/960 1582/748/961
f 1214/692/819 1582/748/961 1215/695/820
f 1583/746/962 1233/747/963 1234/749/964
f 1583/746/962 1234/749/964 1584/748/965
f 1215/695/827 1585/748/966 1586/750/967
f 1215/695/827 1586/750/967 1216/698/828
f 1587/748/968 1234/749/969 1235/751/970
f 1587/748/968 1235/751/970 1588/750/971
f 1216/698/835 1589/750/972 1590/752/973
f 1216/698/835 1590/752/973 1217/701/836
f 1591/750/974 1235/751/975 1236/753/976
f 1591/750/974 1236/753/976 1592/752/977
f 1217/701/843 1593/752/978 1594/754/979
f 1217/701/843 1594/754/979 1218/704/844
f 1595/752/980 1236/753/981 1237/755/982
f 1595/752/980 1237/755/982 1596/754/983
f 1218/704/851 1597/754/984 1598/756/985
f 1218/704/851 1598/756/985 1219/707/852
f 1599/754/986 1237/755/987 1238/757/988
f 1599/754/986 1238/757/988 1600/756/989
f 1219/707/858 1601/756/990 1602/758/991
f 1219/707/858 1602/758/991 1220/710/859
f 1603/756/992 1238/757/993 1239/759/994
f 1603/756/992 1239/759/994 1604/758/992
f 1220/710/865 1605/758/995 1606/760/996
f 1220/710/865 1606/760/996 1221/713/866
f 1607/758/997 1239/759/998 1203/761/999
f 1607/758/997 1203/761/999 1608/760/1000
f 1221/713/873 1609/760/1001 1610/762/1002
f 1221/713/873 1610/762/1002 1222/716/874
f 1611/760/1003 1203/761/1004 1241/763/1005
f 1611/760/1003 1241/763/1005 1612/762/1006
f 1222/716/880 1613/762/1007 1614/764/1007
f 1222/716/880 1614/764/1007 1223/719/881
f 1615/762/1008 1241/763/1009 1240/765/1010
f 1615/762/1008 1240/765/1010 1616/764/1011
f 1223/719/887 1617/764/1012 1618/766/1013
f 1223/719/887 1618/766/1013 1224/722/888
f 1619/764/1014 1240/765/1015 1242/767/1016
f 1619/764/1014 1242/767/1016 1620/766/1014
f 1224/722/895 1621/766/1017 1622/768/1018
f 1224/722/895 1622/768/1018 1225/725/896
f 1623/766/1019 1242/767/1020 1243/769/1021
f 1623/766/1019 1243/769/1021 1624/768/1022
f 1225/725/903 1625/768/1023 1626/770/1024
f 1225/725/903 1626/770/1024 1226/728/904
f 1627/768/1025 1243/769/1026 1244/771/1027
f 1627/768/1025 1244/771/1027 1628/770/1028
f 1226/728/911 1629/770/1029 1630/772/1030
f 1226/728/911 1630/772/1030 1227/731/912
f 1631/770/1031 1244/771/1032 1245/773/1033
f 1631/770/1031 1245/773/1033 1632/772/1034
f 1227/731/919 1633/772/1035 1634/774/1036
f 1227/731/919 1634/774/1036 1228/734/920
f 1635/772/1037 1245/773/1038 1246/775/1039
f 1635/772/1037 1246/775/1039 1636/774/1040
f 1228/734/926 1637/774/1041 1638/776/1042
f 1228/734/926 1638/776/1042 1229/737/927
f 1639/774/1043 1246/775/1044 1247/777/1045
f 1639/774/1043 1247/777/1045 1640/776/1043
f 1229/737/934 1641/776/1046 1642/742/1047
f 1229/737/934 1642/742/1047 1230/681/935
f 1643/776/1048 1247/777/1049 1248/743/1050
f 1643/776/1048 1248/743/1050 1644/742/1051
f 1202/740/940 1645/778/1052 1231/741/941
f 1201/561/770 1249/560/769 1646/778/1053
f 1231/741/952 1647/778/1054 1648/779/1055
f 1231/741/952 1648/779/1055 1232/745/953
f 1649/778/1056 1249/560/1057 1250/780/1058
f 1649/778/1056 1250/780/1058 1650/779/1059
f 1232/745/957 1651/779/1060 1652/781/1061
f 1232/745/957 1652/781/1061 1233/747/958
f 1653/779/1062 1250/780/1063 1251/782/1064
f 1653/779/1062 1251/782/1064 1654/781/1065
f 1233/747/963 1655/781/1066 1656/783/1067
f 1233/747/963 1656/783/1067 1234/749/964
f 1657/781/1068 1251/782/1069 1252/784/1070
f 1657/781/1068 1252/784/1070 1658/783/1071
f 1234/749/969 1659/783/1072 1660/785/1073
f 1234/749/969 1660/785/1073 1235/751/970
f 1661/783/1074 1252/784/1075 1253/786/1076
f 1661/783/1074 1253/786/1076 1662/785/1074
f 1235/751/975 1663/785/1077 1664/787/1078
f 1235/751/975 1664/787/1078 1236/753/976
f 1665/785/1079 1253/786/1080 1254/788/1081
f 1665/785/1079 1254/788/1081 1666/787/1082
f 1236/753/981 1667/787/1083 1668/789/1084
f 1236/753/981 1668/789/1084 1237/755/982
f 1669/787/1085 1254/788/1086 1255/790/1087
f 1669/787/1085 1255/790/1087 1670/789/1088
f 1237/755/987 1671/789/1089 1672/791/1090
f 1237/755/987 1672/791/1090 1238/757/988
f 1673/789/1091 1255/790/1092 1256/792/1093
f 1673/789/1091 1256/792/1093 1674/791/1094
f 1238/757/993 1675/791/1095 1676/793/1096
f 1238/757/993 1676/793/1096 1239/759/994
f 1677/791/1097 1256/792/1098 1257/564/1099
f 1677/791/1097 1257/564/1099 1678/793/1100
f 1239/759/998 1679/793/1101 1203/761/999
f 1680/793/1102 1257/564/773 1204/563/772
f 1206/562/771 1681/794/1103 1249/560/769
f 1205/682/791 1258/685/794 1682/794/1104
f 1249/560/1057 1683/794/1105 1684/795/1106
f 1249/560/1057 1684/795/1106 1250/780/1058
f 1685/794/1107 1258/685/799 1259/688/802
f 1685/794/1107 1259/688/802 1686/795/1108
f 1250/780/1063 1687/795/1109 1688/796/1110
f 1250/780/1063 1688/796/1110 1251/782/1064
f 1689/795/1111 1259/688/807 1260/691/809
f 1689/795/1111 1260/691/809 1690/796/1112
f 1251/782/1069 1691/796/1113 1692/797/1114
f 1251/782/1069 1692/797/1114 1252/784/1070
f 1693/796/1115 1260/691/814 1261/694/817
f 1693/796/1115 1261/694/817 1694/797/1116
f 1252/784/1075 1695/797/1117 1696/798/1118
f 1252/784/1075 1696/798/1118 1253/786/1076
f 1697/797/1119 1261/694/822 1262/697/825
f 1697/797/1119 1262/697/825 1698/798/1120
f 1253/786/1080 1699/798/1121 1700/799/1122
f 1253/786/1080 1700/799/1122 1254/788/1081
f 1701/798/1123 1262/697/830 1263/700/833
f 1701/798/1123 1263/700/833 1702/799/1124
f 1254/788/1086 1703/799/1125 1704/800/1126
f 1254/788/1086 1704/800/1126 1255/790/1087
f 1705/799/1127 1263/700/838 1264/703/841
f 1705/799/1127 1264/703/841 1706/800/1128
f 1255/790/1092 1707/800/1129 1708/801/1130
f 1255/790/1092 1708/801/1130 1256/792/1093
f 1709/800/1131 1264/703/846 1265/706/849
f 1709/800/1131 1265/706/849 1710/801/1132
f 1256/792/1098 1711/801/1133 1712/802/1134
f 1256/792/1098 1712/802/1134 1257/564/1099
f 1713/801/1135 1265/706/854 1266/709/856
f 1713/801/1135 1266/709/856 1714/802/1136
f 1257/564/773 1715/802/1137 1209/565/774
f 1716/802/1138 1266/709/860 1210/712/863
s 0
f 1724/602/1139 1722/803/1139 1723/603/1139
f 1722/803/1140 1724/602/1140 1721/804/1140
f 1728/627/1141 1725/805/1141 1727/628/1141
f 1727/628/1141 1725/805/1141 1726/806/1141
s 1
f 1773/807/1142 1774/808/1143 1735/809/1144
f 1775/810/1145 1773/807/1146 1776/811/208
f 1777/812/1147 1775/810/1145 1776/811/208
f 1778/813/1148 1777/812/1147 1776/811/208
f 1779/814/1149 1778/813/1150 1780/815/208
f 1781/816/1151 1779/814/1149 1780/815/208
f 1782/817/1152 1781/816/1151 1780/815/208
f 1783/818/1153 1782/817/1154 1734/819/1155
f 1784/820/1156 1733/821/1157 1740/822/1158
f 1738/823/772 1792/824/773 1743/825/774
s 0
f 1773/807/1159 1735/809/1159 1776/811/1159
f 1811/826/207 1812/827/207 1813/828/207
f 1811/826/207 1813/828/207 1814/829/207
f 1815/827/207 1816/830/207 1817/831/207
f 1815/827/207 1817/831/207 1818/828/207
f 1819/830/207 1820/832/207 1821/833/207
f 1819/830/207 1821/833/207 1822/831/207
f 1823/832/207 1824/834/207 1825/835/207
f 1823/832/207 1825/835/207 1826/833/207
f 1780/815/208 1778/813/208 1776/811/208
f 1827/834/207 1828/836/207 1829/837/207
f 1827/834/207 1829/837/207 1830/835/207
f 1831/836/207 1832/838/207 1833/839/207
f 1831/836/207 1833/839/207 1834/837/207
f 1835/838/207 1836/840/207 1837/841/207
f 1835/838/207 1837/841/207 1838/839/207
f 1734/819/1160 1782/817/1160 1780/815/1160
f 1839/840/207 1840/842/207 1841/843/207
f 1839/840/207 1841/843/207 1842/841/207
f 1844/811/775 1845/844/775 1846/845/775
f 1844/811/775 1846/845/775 1847/846/775
f 1848/847/207 1850/848/207 1849/849/207
f 1850/848/207 1851/850/207 1849/849/207
f 1852/833/207 1853/835/207 1854/851/207
f 1852/833/207 1854/851/207 1855/850/207
f 1780/815/208 1776/811/208 1843/852/208
f 1780/815/208 1843/852/208 1856/853/208
f 1857/854/207 1858/855/207 1859/851/207
f 1857/854/207 1860/856/207 1861/857/207
f 1857/854/207 1861/857/207 1858/855/207
f 1860/856/207 1862/858/207 1861/857/207
f 1863/859/776 1864/815/776 1865/853/776
f 1863/859/777 1865/853/777 1866/858/777
f 1868/846/778 1869/845/778 1870/860/778
f 1868/846/778 1870/860/778 1871/861/778
f 1873/862/207 1874/863/207 1875/864/207
f 1873/862/207 1875/864/207 1876/865/207
f 1877/863/207 1878/866/207 1879/867/207
f 1877/863/207 1879/867/207 1880/864/207
f 1881/866/207 1882/850/207 1883/868/207
f 1881/866/207 1883/868/207 1884/867/207
f 1843/852/208 1867/869/208 1885/870/208
f 1886/850/207 1887/851/207 1888/871/207
f 1886/850/207 1888/871/207 1889/868/207
f 1856/853/208 1843/852/208 1885/870/208
f 1859/851/207 1858/855/207 1890/872/207
f 1859/851/207 1890/872/207 1891/871/207
f 1858/855/207 1892/873/207 1890/872/207
f 1893/855/207 1894/857/207 1895/874/207
f 1893/855/207 1895/874/207 1896/873/207
f 1861/857/207 1862/858/207 1897/875/207
f 1861/857/207 1897/875/207 1898/874/207
f 1899/858/779 1900/853/779 1901/876/779
f 1899/858/780 1901/876/780 1902/877/780
f 1904/861/781 1905/860/781 1906/878/781
f 1904/861/781 1906/878/781 1907/879/781
f 1872/880/207 1909/864/207 1910/881/207
f 1872/880/207 1910/881/207 1908/882/207
f 1911/864/207 1912/867/207 1913/883/207
f 1911/864/207 1913/883/207 1914/881/207
f 1867/869/208 1903/884/208 1915/885/208
f 1916/867/207 1917/868/207 1918/886/207
f 1916/867/207 1918/886/207 1919/883/207
f 1885/870/208 1867/869/208 1915/885/208
f 1920/868/207 1891/871/207 1921/887/207
f 1920/868/207 1921/887/207 1922/886/207
f 1923/871/207 1924/872/207 1925/888/207
f 1923/871/207 1925/888/207 1926/887/207
f 1890/872/207 1892/873/207 1927/889/207
f 1892/873/207 1898/874/207 1927/889/207
f 1898/874/207 1897/875/207 1928/890/207
f 1898/874/207 1928/890/207 1927/889/207
f 1929/877/782 1930/876/782 1931/891/782
f 1929/877/782 1931/891/782 1932/892/782
s 1
f 1746/893/783 1933/894/784 1934/895/785
f 1746/893/783 1934/895/785 1764/896/1161
f 1935/894/787 1739/897/788 1810/898/1162
f 1935/894/787 1810/898/1162 1936/895/1163
f 1739/897/791 1937/894/792 1938/899/793
f 1739/897/791 1938/899/793 1793/900/1164
f 1939/894/1165 1746/893/796 1745/901/797
f 1939/894/1165 1745/901/797 1940/899/1166
f 1793/900/799 1941/899/1167 1942/902/801
f 1793/900/799 1942/902/801 1794/903/802
f 1943/899/803 1745/901/1168 1747/904/1169
f 1943/899/803 1747/904/1169 1944/902/806
f 1794/903/807 1945/902/808 1946/905/808
f 1794/903/807 1946/905/808 1795/906/809
f 1947/902/1170 1747/904/811 1748/907/1171
f 1947/902/1170 1748/907/1171 1948/905/1172
f 1795/906/814 1949/905/815 1950/908/816
f 1795/906/814 1950/908/816 1796/909/817
f 1951/905/1173 1748/907/1174 1749/910/820
f 1951/905/1173 1749/910/820 1952/908/1175
f 1796/909/1176 1953/908/1177 1954/911/1178
f 1796/909/1176 1954/911/1178 1797/912/825
f 1955/908/1179 1749/910/1180 1750/913/828
f 1955/908/1179 1750/913/828 1956/911/1181
f 1797/912/830 1957/911/831 1958/914/1182
f 1797/912/830 1958/914/1182 1798/915/1183
f 1959/911/1184 1750/913/835 1751/916/836
f 1959/911/1184 1751/916/836 1960/914/1185
f 1798/915/1186 1961/914/1187 1962/917/1188
f 1798/915/1186 1962/917/1188 1799/918/841
f 1963/914/1189 1751/916/843 1752/919/844
f 1963/914/1189 1752/919/844 1964/917/1190
f 1799/918/1191 1965/917/847 1966/920/848
f 1799/918/1191 1966/920/848 1800/921/849
f 1967/917/1192 1752/919/851 1753/922/852
f 1967/917/1192 1753/922/852 1968/920/1193
f 1800/921/854 1969/920/1194 1970/923/1194
f 1800/921/854 1970/923/1194 1801/924/856
f 1971/920/857 1753/922/858 1754/925/1195
f 1971/920/857 1754/925/1195 1972/923/857
f 1801/924/860 1973/923/861 1974/926/862
f 1801/924/860 1974/926/862 1744/927/863
f 1975/923/864 1754/925/865 1755/928/866
f 1975/923/864 1755/928/866 1976/926/1196
f 1744/927/868 1977/926/869 1978/929/870
f 1744/927/868 1978/929/870 1803/930/871
f 1979/926/872 1755/928/873 1756/931/874
f 1979/926/872 1756/931/874 1980/929/875
f 1803/930/876 1981/929/877 1982/932/877
f 1803/930/876 1982/932/877 1802/933/878
f 1983/929/1197 1756/931/1198 1757/934/881
f 1983/929/1197 1757/934/881 1984/932/1199
f 1802/933/883 1985/932/884 1986/935/884
f 1802/933/883 1986/935/884 1804/936/885
f 1987/932/886 1757/934/1200 1758/937/1201
f 1987/932/886 1758/937/1201 1988/935/1202
f 1804/936/890 1989/935/1203 1990/938/1204
f 1804/936/890 1990/938/1204 1805/939/893
f 1991/935/1205 1758/937/1206 1759/940/896
f 1991/935/1205 1759/940/896 1992/938/1207
f 1805/939/1208 1993/938/1209 1994/941/1210
f 1805/939/1208 1994/941/1210 1806/942/901
f 1995/938/1211 1759/940/1212 1760/943/904
f 1995/938/1211 1760/943/904 1996/941/1213
f 1806/942/906 1997/941/907 1998/944/908
f 1806/942/906 1998/944/908 1807/945/909
f 1999/941/1214 1760/943/1215 1761/946/1216
f 1999/941/1214 1761/946/1216 2000/944/1217
f 1807/945/1218 2001/944/1219 2002/947/1220
f 1807/945/1218 2002/947/1220 1808/948/1221
f 2003/944/1222 1761/946/1223 1762/949/1224
f 2003/944/1222 1762/949/1224 2004/947/1225
f 1808/948/1226 2005/947/1227 2006/950/1228
f 1808/948/1226 2006/950/1228 1809/951/924
f 2007/947/925 1762/949/1229 1763/952/1230
f 2007/947/925 1763/952/1230 2008/950/925
f 1809/951/929 2009/950/930 2010/895/931
f 1809/951/929 2010/895/931 1810/898/932
f 2011/950/933 1763/952/934 1764/896/935
f 2011/950/933 1764/896/935 2012/895/1231
f 1746/893/796 2013/953/937 2014/954/938
f 1746/893/796 2014/954/938 1745/901/797
f 2015/953/1232 1734/819/1233 1765/955/1234
f 2015/953/1232 1765/955/1234 2016/954/1235
f 1734/819/1155 2017/953/1236 2018/956/1237
f 1734/819/1155 2018/956/1237 1783/818/1153
f 2019/953/947 1746/893/783 1764/896/1161
f 2019/953/947 1764/896/1161 2020/956/948
f 1745/901/1168 2021/954/1238 2022/957/1238
f 1745/901/1168 2022/957/1238 1747/904/1169
f 2023/954/951 1765/955/952 1766/958/953
f 2023/954/951 1766/958/953 2024/957/951
f 1747/904/811 2025/957/1239 2026/959/1240
f 1747/904/811 2026/959/1240 1748/907/1171
f 2027/957/1241 1766/958/957 1767/960/958
f 2027/957/1241 1767/960/958 2028/959/959
f 1748/907/1174 2029/959/1242 2030/961/1243
f 1748/907/1174 2030/961/1243 1749/910/820
f 2031/959/1244 1767/960/963 1768/962/964
f 2031/959/1244 1768/962/964 2032/961/1245
f 1749/910/1180 2033/961/966 2034/963/1246
f 1749/910/1180 2034/963/1246 1750/913/828
f 2035/961/1247 1768/962/1248 1769/964/970
f 2035/961/1247 1769/964/970 2036/963/1249
f 1750/913/835 2037/963/1250 2038/965/1251
f 1750/913/835 2038/965/1251 1751/916/836
f 2039/963/1252 1769/964/1253 1770/966/1254
f 2039/963/1252 1770/966/1254 2040/965/1255
f 1751/916/843 2041/965/978 2042/967/1256
f 1751/916/843 2042/967/1256 1752/919/844
f 2043/965/980 1770/966/1257 1771/968/982
f 2043/965/980 1771/968/982 2044/967/983
f 1752/919/851 2045/967/1258 2046/969/1259
f 1752/919/851 2046/969/1259 1753/922/852
f 2047/967/986 1771/968/987 1772/970/988
f 2047/967/986 1772/970/988 2048/969/989
f 1753/922/858 2049/969/991 2050/971/991
f 1753/922/858 2050/971/991 1754/925/1195
f 2051/969/1260 1772/970/1261 1736/972/1262
f 2051/969/1260 1736/972/1262 2052/971/1263
f 1754/925/865 2053/971/995 2054/973/1264
f 1754/925/865 2054/973/1264 1755/928/866
f 2055/971/1265 1736/974/1266 1735/809/1267
f 2055/971/1265 1735/809/1267 2056/973/1268
f 1755/928/873 2057/973/1001 2058/975/1002
f 1755/928/873 2058/975/1002 1756/931/874
f 2059/973/1269 1735/809/1144 1774/808/1143
f 2059/973/1269 1774/808/1143 2060/975/1270
f 1756/931/1198 2061/975/1007 2062/976/1007
f 1756/931/1198 2062/976/1007 1757/934/881
f 2063/975/1271 1774/808/1143 1773/807/1142
f 2063/975/1271 1773/807/1142 2064/976/1272
f 1757/934/1200 2065/976/1273 2066/977/1013
f 1757/934/1200 2066/977/1013 1758/937/1201
f 2067/976/1274 1773/807/1146 1775/810/1145
f 2067/976/1274 1775/810/1145 2068/977/1275
f 1758/937/1206 2069/977/1276 2070/978/1018
f 1758/937/1206 2070/978/1018 1759/940/896
f 2071/977/1277 1775/810/1145 1777/812/1147
f 2071/977/1277 1777/812/1147 2072/978/1278
f 1759/940/1212 2073/978/1023 2074/979/1024
f 1759/940/1212 2074/979/1024 1760/943/904
f 2075/978/1279 1777/812/1147 1778/813/1148
f 2075/978/1279 1778/813/1148 2076/979/1280
f 1760/943/1215 2077/979/1029 2078/980/1281
f 1760/943/1215 2078/980/1281 1761/946/1216
f 2079/979/1282 1778/813/1150 1779/814/1149
f 2079/979/1282 1779/814/1149 2080/980/1283
f 1761/946/1223 2081/980/1284 2082/981/1285
f 1761/946/1223 2082/981/1285 1762/949/1224
f 2083/980/1286 1779/814/1149 1781/816/1151
f 2083/980/1286 1781/816/1151 2084/981/1287
f 1762/949/1229 2085/981/1094 2086/982/1288
f 1762/949/1229 2086/982/1288 1763/952/1230
f 2087/981/1289 1781/816/1151 1782/817/1152
f 2087/981/1289 1782/817/1152 2088/982/1289
f 1763/952/934 2089/982/1046 2090/956/1047
f 1763/952/934 2090/956/1047 1764/896/935
f 2091/982/1290 1782/817/1154 1783/818/1153
f 2091/982/1290 1783/818/1153 2092/956/1290
f 1734/819/1233 2093/983/1291 1765/955/1234
f 1733/821/1157 1784/820/1156 2094/983/1053
f 1765/955/952 2095/983/1054 2096/984/1055
f 1765/955/952 2096/984/1055 1766/958/953
f 2097/983/1056 1784/820/1292 1785/985/1058
f 2097/983/1056 1785/985/1058 2098/984/1293
f 1766/958/957 2099/984/1060 2100/986/1061
f 1766/958/957 2100/986/1061 1767/960/958
f 2101/984/1294 1785/985/1063 1786/987/1295
f 2101/984/1294 1786/987/1295 2102/986/1065
f 1767/960/963 2103/986/1296 2104/988/1067
f 1767/960/963 2104/988/1067 1768/962/964
f 2105/986/1297 1786/987/1069 1787/989/1070
f 2105/986/1297 1787/989/1070 2106/988/1071
f 1768/962/1248 2107/988/1072 2108/990/1073
f 1768/962/1248 2108/990/1073 1769/964/970
f 2109/988/1298 1787/989/1075 1788/991/1076
f 2109/988/1298 1788/991/1076 2110/990/1298
f 1769/964/1253 2111/990/1299 2112/992/1078
f 1769/964/1253 2112/992/1078 1770/966/1254
f 2113/990/1300 1788/991/1301 1789/993/1081
f 2113/990/1300 1789/993/1081 2114/992/1082
f 1770/966/1257 2115/992/1083 2116/994/1084
f 1770/966/1257 2116/994/1084 1771/968/982
f 2117/992/1085 1789/993/1302 1790/995/1087
f 2117/992/1085 1790/995/1087 2118/994/1088
f 1771/968/987 2119/994/1089 2120/996/1090
f 1771/968/987 2120/996/1090 1772/970/988
f 2121/994/1091 1790/995/1092 1791/997/1093
f 2121/994/1091 1791/997/1093 2122/996/1094
f 1772/970/1261 2123/996/1095 2124/998/1303
f 1772/970/1261 2124/998/1303 1736/972/1262
f 2125/996/1097 1791/997/1098 1792/824/1099
f 2125/996/1097 1792/824/1099 2126/998/1304
f 1736/974/1305 2127/998/1306 1737/999/1307
f 2128/998/1102 1792/824/773 1738/823/772
f 1740/822/1158 2129/1000/1308 1784/820/1156
f 1739/897/791 1793/900/1164 2130/1000/1104
f 1784/820/1292 2131/1000/1309 2132/1001/1310
f 1784/820/1292 2132/1001/1310 1785/985/1058
f 2133/1000/1107 1793/900/799 1794/903/802
f 2133/1000/1107 1794/903/802 2134/1001/1107
f 1785/985/1063 2135/1001/1311 2136/1002/1312
f 1785/985/1063 2136/1002/1312 1786/987/1295
f 2137/1001/1313 1794/903/807 1795/906/809
f 2137/1001/1313 1795/906/809 2138/1002/1314
f 1786/987/1069 2139/1002/1315 2140/1003/1316
f 1786/987/1069 2140/1003/1316 1787/989/1070
f 2141/1002/1115 1795/906/814 1796/909/817
f 2141/1002/1115 1796/909/817 2142/1003/1317
f 1787/989/1075 2143/1003/1318 2144/1004/1319
f 1787/989/1075 2144/1004/1319 1788/991/1076
f 2145/1003/1119 1796/909/1176 1797/912/825
f 2145/1003/1119 1797/912/825 2146/1004/1320
f 1788/991/1301 2147/1004/1321 2148/1005/1322
f 1788/991/1301 2148/1005/1322 1789/993/1081
f 2149/1004/1123 1797/912/830 1798/915/1183
f 2149/1004/1123 1798/915/1183 2150/1005/1323
f 1789/993/1302 2151/1005/1125 2152/1006/1126
f 1789/993/1302 2152/1006/1126 1790/995/1087
f 2153/1005/1127 1798/915/1186 1799/918/841
f 2153/1005/1127 1799/918/841 2154/1006/1324
f 1790/995/1092 2155/1006/1325 2156/1007/1326
f 1790/995/1092 2156/1007/1326 1791/997/1093
f 2157/1006/1327 1799/918/1191 1800/921/849
f 2157/1006/1327 1800/921/849 2158/1007/1328
f 1791/997/1098 2159/1007/1133 2160/1008/1329
f 1791/997/1098 2160/1008/1329 1792/824/1099
f 2161/1007/1330 1800/921/854 1801/924/856
f 2161/1007/1330 1801/924/856 2162/1008/1136
f 1792/824/773 2163/1008/1137 1743/825/774
f 2164/1008/1331 1801/924/860 1744/927/863
s 0
f 2169/811/1139 2167/1009/1139 2168/844/1139
f 2167/1009/1140 2169/811/1140 2166/1010/1140
f 2173/859/1141 2170/1011/1141 2172/815/1141
f 2172/815/1141 2170/1011/1141 2171/1012/1141
s 1
f 2176/1013/1332 2177/1014/1333 2178/1015/1334
f 2179/1016/1335 2176/1013/1332 2178/1015/1334
f 2181/1017/1336 2180/1018/1337 2178/1015/1334
f 2182/1016/1338 2181/1017/1336 2178/1015/1334
f 2183/1013/1339 2182/1016/1338 2178/1015/1334
f 2184/1014/1340 2183/1013/1339 2178/1015/1334
f 2185/1019/1341 2184/1014/1340 2178/1015/1334
f 2186/1020/1342 2185/1019/1341 2178/1015/1334
f 2187/1021/1343 2186/1020/1342 2178/1015/1334
f 2188/1022/1344 2187/1021/1343 2178/1015/1334
f 2189/1023/1345 2188/1022/1344 2178/1015/1334
f 2190/1024/1346 2189/1023/1345 2178/1015/1334
f 2191/1025/1347 2190/1024/1346 2178/1015/1334
f 2192/1026/1348 2191/1025/1347 2178/1015/1334
f 2177/1014/1333 2192/1026/1348 2178/1015/1334
f 2193/1027/1349 2194/1028/1350 2195/1029/1351
f 2194/1028/1350 2196/1030/1352 2195/1029/1351
f 2196/1030/1352 2197/1031/1353 2195/1029/1351
f 2197/1031/1353 2198/1032/1354 2195/1029/1351
f 2199/1030/1355 2200/1028/1356 2195/1029/1351
f 2200/1028/1356 2201/1027/1357 2195/1029/1351
f 2201/1027/1357 2202/1033/1358 2195/1029/1351
f 2202/1033/1358 2203/1034/1359 2195/1029/1351
f 2203/1034/1359 2204/1035/1360 2195/1029/1351
f 2204/1035/1360 2205/1036/1361 2195/1029/1351
f 2205/1036/1361 2206/1037/1362 2195/1029/1351
f 2206/1037/1362 2207/1038/1363 2195/1029/1351
f 2207/1038/1363 2208/1039/1364 2195/1029/1351
f 2208/1039/1364 2209/1040/1365 2195/1029/1351
f 2209/1040/1365 2193/1027/1349 2195/1029/1351
f 2210/1041/1366 2211/1042/1367 2212/1043/1368
f 2210/1041/1366 2212/1043/1368 2213/1044/1369
f 2211/1042/1367 2214/1045/1370 2215/1046/1371
f 2211/1042/1367 2215/1046/1371 2212/1043/1368
f 2214/1045/1370 2216/1047/1372 2217/1048/1373
f 2214/1045/1370 2217/1048/1373 2215/1046/1371
f 2216/1047/1372 2218/1049/1374 2219/1050/1375
f 2216/1047/1372 2219/1050/1375 2217/1048/1373
f 2218/1049/1374 2220/1047/1376 2221/1048/1377
f 2218/1049/1374 2221/1048/1377 2219/1050/1375
f 2220/1047/1376 2222/1045/1378 2223/1046/1379
f 2220/1047/1376 2223/1046/1379 2221/1048/1377
f 2222/1045/1378 2224/1042/1380 2225/1043/1381
f 2222/1045/1378 2225/1043/1381 2223/1046/1379
f 2224/1042/1380 2226/1041/1382 2227/1044/1383
f 2224/1042/1380 2227/1044/1383 2225/1043/1381
f 2226/1041/1382 2228/1051/1384 2229/1052/1385
f 2226/1041/1382 2229/1052/1385 2227/1044/1383
f 2228/1051/1384 2230/1053/1386 2231/1054/1387
f 2228/1051/1384 2231/1054/1387 2229/1052/1385
f 2230/1053/1386 2232/1055/1388 2233/1056/1389
f 2230/1053/1386 2233/1056/1389 2231/1054/1387
f 2232/1055/1388 2234/1057/1390 2235/1058/1391
f 2232/1055/1388 2235/1058/1391 2233/1056/1389
f 2234/1057/1390 2236/1059/1392 2237/1060/1393
f 2234/1057/1390 2237/1060/1393 2235/1058/1391
f 2236/1059/1392 2238/1061/1394 2239/1062/1395
f 2236/1059/1392 2239/1062/1395 2237/1060/1393
f 2238/1061/1394 2240/1059/1396 2241/1060/1397
f 2238/1061/1394 2241/1060/1397 2239/1062/1395
f 2240/1059/1396 2242/1057/1398 2243/1058/1399
f 2240/1059/1396 2243/1058/1399 2241/1060/1397
f 2242/1057/1398 2244/1055/1400 2245/1056/1401
f 2242/1057/1398 2245/1056/1401 2243/1058/1399
f 2244/1055/1400 2246/1053/1402 2247/1054/1403
f 2244/1055/1400 2247/1054/1403 2245/1056/1401
f 2246/1053/1402 2248/1051/1404 2249/1052/1405
f 2246/1053/1402 2249/1052/1405 2247/1054/1403
f 2248/1051/1404 2210/1041/1366 2213/1044/1369
f 2248/1051/1404 2213/1044/1369 2249/1052/1405
f 2250/1063/1406 2251/1064/1407 2252/1065/1408
f 2250/1063/1406 2252/1065/1408 2253/1066/1409
f 2254/1067/1410 2255/1068/1411 2256/1069/1412
f 2254/1067/1410 2256/1069/1412 2257/1070/1413
f 2258/1071/1414 2259/1072/1415 2260/1073/1416
f 2258/1071/1414 2260/1073/1416 2261/1074/1417
f 2262/1075/1418 2263/1076/1419 2264/1077/1420
f 2262/1075/1418 2264/1077/1420 2265/1078/1421
f 2266/1079/1422 2267/1080/1423 2268/1081/1424
f 2266/1079/1422 2268/1081/1424 2269/1082/1425
f 2270/1083/1426 2271/1084/1427 2272/1085/1428
f 2270/1083/1426 2272/1085/1428 2273/1086/1429
f 2274/1087/1430 2275/1088/1431 2276/1073/1432
f 2274/1087/1430 2276/1073/1432 2277/1066/1433
f 2278/1089/1434 2279/1090/1435 2280/1091/1436
f 2278/1089/1434 2280/1091/1436 2281/1092/1437
f 2282/1093/1438 2283/1094/1439 2284/1095/1440
f 2282/1093/1438 2284/1095/1440 2285/1096/1441
f 2286/1097/1442 2287/1098/1443 2288/1096/1444
f 2286/1097/1442 2288/1096/1444 2289/1099/1445
f 2290/1100/1446 2291/1101/1447 2292/1102/1448
f 2290/1100/1446 2292/1102/1448 2293/1103/1449
f 2294/1104/1450 2295/1105/1451 2296/1106/1452
f 2294/1104/1450 2296/1106/1452 2297/1107/1453
f 2298/1108/1454 2299/1109/1455 2300/1110/1456
f 2298/1108/1454 2300/1110/1456 2301/1111/1457
f 2302/1112/1458 2303/1113/1459 2304/1114/1460
f 2302/1112/1458 2304/1114/1460 2305/1115/1461
f 2306/1116/1462 2307/1117/1463 2308/1118/1464
f 2306/1116/1462 2308/1118/1464 2309/1111/1465
f 2310/1119/1466 2311/1120/1467 2312/1121/1468
f 2310/1119/1466 2312/1121/1468 2313/1122/1469
f 2314/1123/1470 2315/1124/1471 2316/1125/1472
f 2314/1123/1470 2316/1125/1472 2317/1126/1473
f 2318/1127/1474 2319/1128/1475 2320/1129/1476
f 2318/1127/1474 2320/1129/1476 2321/1099/1477
f 2322/1098/1478 2323/1101/1479 2324/1102/1480
f 2322/1098/1478 2324/1102/1480 2325/1096/1481
f 2326/1130/1482 2327/1098/1483 2328/1096/1484
f 2326/1130/1482 2328/1096/1484 2329/1065/1485
f 2330/1131/1486 2331/1132/1487 2332/1133/1488
f 2330/1131/1486 2332/1133/1488 2333/1134/1489
f 2334/1135/1490 2335/1136/1491 2336/1137/1492
f 2334/1135/1490 2336/1137/1492 2337/1138/1493
f 2338/1139/1494 2339/1140/1495 2340/1141/1496
f 2338/1139/1494 2340/1141/1496 2341/1142/1497
f 2342/1143/1498 2343/1144/1499 2344/1145/1500
f 2342/1143/1498 2344/1145/1500 2345/1146/1501
f 2346/1147/1502 2347/1148/1503 2348/1149/1504
f 2346/1147/1502 2348/1149/1504 2349/1150/1505
f 2350/1151/1506 2351/1152/1507 2352/1137/1508
f 2350/1151/1506 2352/1137/1508 2353/1153/1509
f 2354/1154/1510 2355/1155/1511 2356/1133/1512
f 2354/1154/1510 2356/1133/1512 2357/1156/1513
f 2358/1157/1514 2359/1158/1515 2360/1159/1516
f 2358/1157/1514 2360/1159/1516 2361/1138/1517
f 2362/1160/1518 2363/1161/1519 2364/1162/1520
f 2362/1160/1518 2364/1162/1520 2365/1134/1521
f 2366/1161/1522 2367/1163/1523 2368/1164/1524
f 2366/1161/1522 2368/1164/1524 2369/1162/1525
f 2370/1165/1526 2371/1166/1527 2372/1167/1528
f 2370/1165/1526 2372/1167/1528 2373/1168/1529
f 2374/1169/1530 2375/1170/1531 2376/1171/1532
f 2374/1169/1530 2376/1171/1532 2377/1172/1533
f 2378/1173/1534 2379/1174/1535 2380/1175/1536
f 2378/1173/1534 2380/1175/1536 2381/1176/1537
f 2382/1177/1538 2383/1178/1539 2384/1179/1540
f 2382/1177/1538 2384/1179/1540 2385/1180/1541
f 2386/1181/1542 2387/1182/1543 2388/1175/1544
f 2386/1181/1542 2388/1175/1544 2389/1183/1545
f 2390/1184/1546 2391/1185/1547 2392/1186/1548
f 2390/1184/1546 2392/1186/1548 2393/1187/1549
f 2394/1188/1550 2395/1189/1551 2396/1190/1552
f 2394/1188/1550 2396/1190/1552 2397/1191/1553
f 2398/1192/1554 2399/1163/1555 2400/1193/1556
f 2398/1192/1554 2400/1193/1556 2401/1194/1557
f 2402/1195/1558 2403/1196/1559 2404/1197/1560
f 2402/1195/1558 2404/1197/1560 2405/1198/1561
f 2406/1196/1562 2407/1158/1563 2408/1199/1564
f 2406/1196/1562 2408/1199/1564 2409/1162/1565
f 2410/1200/1566 2411/1201/1567 2412/1202/1568
f 2410/1200/1566 2412/1202/1568 2413/1203/1569
f 2414/1204/1570 2415/1205/1571 2416/1206/1572
f 2414/1204/1570 2416/1206/1572 2417/1207/1573
f 2418/1208/1574 2419/1209/1575 2420/1210/1576
f 2418/1208/1574 2420/1210/1576 2421/1211/1577
f 2422/1212/1578 2423/1213/1579 2424/1214/1580
f 2422/1212/1578 2424/1214/1580 2425/1215/1581
f 2426/1216/1582 2427/1217/1583 2428/1218/1584
f 2426/1216/1582 2428/1218/1584 2429/1211/1585
f 2430/1204/1586 2431/1219/1587 2432/1214/1588
f 2430/1204/1586 2432/1214/1588 2433/1207/1589
f 2434/1200/1590 2435/1220/1591 2436/1221/1592
f 2434/1200/1590 2436/1221/1592 2437/1203/1593
f 2438/1201/1594 2439/1205/1595 2440/1222/1596
f 2438/1201/1594 2440/1222/1596 2441/1223/1597
f 2442/1224/1598 2443/1201/1599 2444/1225/1600
f 2442/1224/1598 2444/1225/1600 2445/1226/1601
f 2446/1227/1602 2447/1224/1603 2448/1226/1604
f 2446/1227/1602 2448/1226/1604 2449/1228/1605
f 2450/1229/1606 2451/1230/1607 2452/1228/1608
f 2450/1229/1606 2452/1228/1608 2453/1231/1609
f 2454/1232/1610 2455/1233/1611 2456/1234/1612
f 2454/1232/1610 2456/1234/1612 2457/1235/1613
f 2458/1236/1614 2459/1237/1615 2460/1238/1616
f 2458/1236/1614 2460/1238/1616 2461/1239/1617
f 2462/1240/1618 2463/1241/1619 2464/1242/1620
f 2462/1240/1618 2464/1242/1620 2465/1243/1621
f 2466/1236/1622 2467/1244/1623 2468/1245/1624
f 2466/1236/1622 2468/1245/1624 2469/1246/1625
f 2470/1232/1626 2471/1247/1627 2472/1242/1628
f 2470/1232/1626 2472/1242/1628 2473/1235/1629
f 2474/1229/1630 2475/1237/1631 2476/1238/1632
f 2474/1229/1630 2476/1238/1632 2477/1248/1633
f 2478/1249/1634 2479/1233/1635 2480/1234/1636
f 2478/1249/1634 2480/1234/1636 2481/1250/1637
f 2482/1224/1638 2483/1251/1639 2484/1228/1640
f 2482/1224/1638 2484/1228/1640 2485/1226/1641
f 2486/1252/1642 2487/1224/1643 2488/1226/1644
f 2486/1252/1642 2488/1226/1644 2489/1223/1645
f 2490/1253/1568 2491/1254/1569 2492/1255/1566
f 2490/1253/1568 2492/1255/1566 2493/1256/1567
f 2494/1257/1646 2495/1258/1647 2496/1259/1648
f 2494/1257/1646 2496/1259/1648 2497/1260/1571
f 2498/1261/1649 2499/1262/1650 2500/1263/1651
f 2498/1261/1649 2500/1263/1651 2501/1264/1652
f 2502/1265/1580 2503/1266/1581 2504/1267/1653
f 2502/1265/1580 2504/1267/1653 2505/1268/1654
f 2506/1269/1584 2507/1270/1585 2508/1271/1582
f 2506/1269/1584 2508/1271/1582 2509/1272/1583
f 2510/1265/1588 2511/1273/1589 2512/1274/1655
f 2510/1265/1588 2512/1274/1655 2513/1275/1656
f 2514/1261/1657 2515/1254/1593 2516/1276/1590
f 2514/1261/1657 2516/1276/1590 2517/1277/1591
f 2518/1278/1658 2519/1279/1597 2520/1280/1659
f 2518/1278/1658 2520/1280/1659 2521/1281/1660
f 2522/1279/1661 2523/1282/1601 2524/1283/1598
f 2522/1279/1661 2524/1283/1598 2525/1284/1599
f 2526/1285/1662 2527/1286/1605 2528/1287/1602
f 2526/1285/1662 2528/1287/1602 2529/1283/1603
f 2530/1286/1663 2531/1288/1609 2532/1289/1664
f 2530/1286/1663 2532/1289/1664 2533/1290/1607
f 2534/1291/1612 2535/1292/1613 2536/1293/1610
f 2534/1291/1612 2536/1293/1610 2537/1294/1665
f 2538/1295/1616 2539/1296/1666 2540/1297/1667
f 2538/1295/1616 2540/1297/1667 2541/1298/1668
f 2542/1299/1620 2543/1300/1621 2544/1301/1618
f 2542/1299/1620 2544/1301/1618 2545/1302/1669
f 2546/1303/1670 2547/1304/1671 2548/1297/1672
f 2546/1303/1670 2548/1297/1672 2549/1305/1673
f 2550/1299/1674 2551/1306/1675 2552/1307/1626
f 2550/1299/1674 2552/1307/1626 2553/1308/1676
f 2554/1309/1632 2555/1288/1677 2556/1289/1630
f 2554/1309/1632 2556/1289/1630 2557/1310/1678
f 2558/1311/1679 2559/1312/1680 2560/1313/1634
f 2558/1311/1679 2560/1313/1634 2561/1314/1635
f 2562/1286/1640 2563/1282/1641 2564/1283/1638
f 2562/1286/1640 2564/1283/1638 2565/1313/1639
f 2566/1285/1681 2567/1315/1645 2568/1316/1642
f 2566/1285/1681 2568/1316/1642 2569/1283/1643
f 2210/1041/1366 2570/1317/1682 2571/1318/1683
f 2210/1041/1366 2571/1318/1683 2211/1042/1367
f 2572/1317/1684 2210/1041/1366 2248/1051/1404
f 2572/1317/1684 2248/1051/1404 2573/1098/1685
f 2211/1042/1367 2574/1318/1686 2575/1319/1687
f 2211/1042/1367 2575/1319/1687 2214/1045/1370
f 2214/1045/1370 2576/1319/1688 2577/1320/1689
f 2214/1045/1370 2577/1320/1689 2216/1047/1372
f 2216/1047/1372 2578/1320/1690 2579/1321/1691
f 2216/1047/1372 2579/1321/1691 2218/1049/1374
f 2218/1049/1374 2580/1321/1692 2581/1320/1693
f 2218/1049/1374 2581/1320/1693 2220/1047/1376
f 2220/1047/1376 2582/1320/1694 2583/1319/1695
f 2220/1047/1376 2583/1319/1695 2222/1045/1378
f 2222/1045/1378 2584/1319/1696 2585/1318/1697
f 2222/1045/1378 2585/1318/1697 2224/1042/1380
f 2224/1042/1380 2586/1318/1698 2587/1317/1699
f 2224/1042/1380 2587/1317/1699 2226/1041/1382
f 2226/1041/1382 2588/1317/1700 2589/1098/1701
f 2226/1041/1382 2589/1098/1701 2228/1051/1384
f 2228/1051/1384 2590/1098/1702 2591/1322/1703
f 2228/1051/1384 2591/1322/1703 2230/1053/1386
f 2230/1053/1386 2592/1322/1704 2593/1323/1705
f 2230/1053/1386 2593/1323/1705 2232/1055/1388
f 2232/1055/1388 2594/1323/1706 2595/1324/1707
f 2232/1055/1388 2595/1324/1707 2234/1057/1390
f 2234/1057/1390 2596/1324/1708 2597/1325/1709
f 2234/1057/1390 2597/1325/1709 2236/1059/1392
f 2236/1059/1392 2598/1325/1710 2599/1326/1711
f 2236/1059/1392 2599/1326/1711 2238/1061/1394
f 2238/1061/1394 2600/1326/1712 2601/1325/1713
f 2238/1061/1394 2601/1325/1713 2240/1059/1396
f 2240/1059/1396 2602/1325/1714 2603/1324/1715
f 2240/1059/1396 2603/1324/1715 2242/1057/1398
f 2242/1057/1398 2604/1324/1716 2605/1323/1717
f 2242/1057/1398 2605/1323/1717 2244/1055/1400
f 2244/1055/1400 2606/1323/1718 2607/1322/1719
f 2244/1055/1400 2607/1322/1719 2246/1053/1402
f 2246/1053/1402 2608/1322/1720 2609/1098/1721
f 2246/1053/1402 2609/1098/1721 2248/1051/1404
f 2213/1044/1369 2610/1327/1722 2611/1196/1723
f 2213/1044/1369 2611/1196/1723 2249/1052/1405
f 2612/1327/1724 2213/1044/1369 2212/1043/1368
f 2612/1327/1724 2212/1043/1368 2613/1328/1725
f 2614/1328/1726 2212/1043/1368 2215/1046/1371
f 2614/1328/1726 2215/1046/1371 2615/1329/1727
f 2616/1329/1728 2215/1046/1371 2217/1048/1373
f 2616/1329/1728 2217/1048/1373 2617/1330/1729
f 2618/1330/1730 2217/1048/1373 2219/1050/1375
f 2618/1330/1730 2219/1050/1375 2619/1331/1731
f 2620/1331/1732 2219/1050/1375 2221/1048/1377
f 2620/1331/1732 2221/1048/1377 2621/1330/1733
f 2622/1330/1734 2221/1048/1377 2223/1046/1379
f 2622/1330/1734 2223/1046/1379 2623/1329/1735
f 2624/1329/1736 2223/1046/1379 2225/1043/1381
f 2624/1329/1736 2225/1043/1381 2625/1328/1737
f 2626/1328/1738 2225/1043/1381 2227/1044/1383
f 2626/1328/1738 2227/1044/1383 2627/1327/1739
f 2628/1327/1740 2227/1044/1383 2229/1052/1385
f 2628/1327/1740 2229/1052/1385 2629/1196/1741
f 2630/1196/1742 2229/1052/1385 2231/1054/1387
f 2630/1196/1742 2231/1054/1387 2631/1332/1743
f 2632/1332/1744 2231/1054/1387 2233/1056/1389
f 2632/1332/1744 2233/1056/1389 2633/1333/1745
f 2634/1333/1746 2233/1056/1389 2235/1058/1391
f 2634/1333/1746 2235/1058/1391 2635/1334/1747
f 2636/1334/1748 2235/1058/1391 2237/1060/1393
f 2636/1334/1748 2237/1060/1393 2637/1335/1749
f 2638/1335/1750 2237/1060/1393 2239/1062/1395
f 2638/1335/1750 2239/1062/1395 2639/1336/1751
f 2640/1336/1752 2239/1062/1395 2241/1060/1397
f 2640/1336/1752 2241/1060/1397 2641/1335/1753
f 2642/1335/1754 2241/1060/1397 2243/1058/1399
f 2642/1335/1754 2243/1058/1399 2643/1334/1755
f 2644/1334/1756 2243/1058/1399 2245/1056/1401
f 2644/1334/1756 2245/1056/1401 2645/1333/1757
f 2646/1333/1758 2245/1056/1401 2247/1054/1403
f 2646/1333/1758 2247/1054/1403 2647/1332/1759
f 2648/1332/1760 2247/1054/1403 2249/1052/1405
f 2648/1332/1760 2249/1052/1405 2649/1196/1761
f 2177/1014/1333 2650/1337/1762 2651/1338/1763
f 2177/1014/1333 2651/1338/1763 2192/1026/1348
f 2652/1337/1764 2177/1014/1333 2176/1013/1332
f 2652/1337/1764 2176/1013/1332 2653/1339/1765
f 2654/1339/1766 2176/1013/1332 2179/1016/1335
f 2654/1339/1766 2179/1016/1335 2655/1340/1767
f 2656/1340/1768 2179/1016/1335 2178/1015/1334
f 2178/1015/1334 2180/1018/1337 2657/1341/1769
f 2658/1341/1770 2180/1018/1337 2181/1017/1336
f 2658/1341/1770 2181/1017/1336 2659/1342/1771
f 2660/1342/1772 2181/1017/1336 2182/1016/1338
f 2660/1342/1772 2182/1016/1338 2661/1340/1773
f 2662/1340/1774 2182/1016/1338 2183/1013/1339
f 2662/1340/1774 2183/1013/1339 2663/1339/1774
f 2664/1339/1775 2183/1013/1339 2184/1014/1340
f 2664/1339/1775 2184/1014/1340 2665/1337/1776
f 2666/1337/1777 2184/1014/1340 2185/1019/1341
f 2666/1337/1777 2185/1019/1341 2667/1338/1778
f 2668/1338/1779 2185/1019/1780 2669/1343/1779
f 2670/1343/1781 2185/1019/1341 2186/1020/1342
f 2670/1343/1781 2186/1020/1342 2671/1344/1781
f 2672/1344/1782 2186/1020/1783 2673/1345/1782
f 2674/1345/1784 2186/1020/1342 2187/1021/1343
f 2674/1345/1784 2187/1021/1343 2675/1346/1785
f 2676/1346/1786 2187/1021/1343 2188/1022/1344
f 2676/1346/1786 2188/1022/1344 2677/1347/1787
f 2678/1347/1788 2188/1022/1789 2679/1346/1788
f 2680/1346/1790 2188/1022/1344 2189/1023/1345
f 2680/1346/1790 2189/1023/1345 2681/1345/1791
f 2682/1345/1792 2189/1023/1345 2190/1024/1346
f 2682/1345/1792 2190/1024/1346 2683/1344/1793
f 2684/1344/1794 2190/1024/1346 2191/1025/1347
f 2684/1344/1794 2191/1025/1347 2685/1343/1794
f 2686/1343/1795 2191/1025/1347 2192/1026/1348
f 2686/1343/1795 2192/1026/1348 2687/1338/1796
f 2688/1348/1797 2193/1027/1349 2209/1040/1365
f 2688/1348/1797 2209/1040/1365 2689/1349/1798
f 2193/1027/1349 2690/1348/1799 2691/1350/1800
f 2193/1027/1349 2691/1350/1800 2194/1028/1350
f 2194/1028/1350 2692/1350/1801 2693/1351/1802
f 2194/1028/1350 2693/1351/1802 2196/1030/1352
f 2196/1030/1352 2694/1351/1803 2695/1352/1804
f 2196/1030/1352 2695/1352/1804 2197/1031/1353
f 2197/1031/1353 2696/1352/1805 2697/1353/1806
f 2197/1031/1353 2697/1353/1806 2198/1032/1354
f 2198/1032/1354 2698/1353/1807 2195/1029/1351
f 2195/1029/1351 2699/1351/1808 2199/1030/1355
f 2199/1030/1355 2700/1351/1809 2701/1350/1810
f 2199/1030/1355 2701/1350/1810 2200/1028/1356
f 2200/1028/1356 2702/1350/1811 2703/1348/1812
f 2200/1028/1356 2703/1348/1812 2201/1027/1357
f 2201/1027/1357 2704/1348/1813 2705/1349/1813
f 2201/1027/1357 2705/1349/1813 2202/1033/1358
f 2202/1033/1358 2706/1349/1814 2707/1354/1815
f 2202/1033/1358 2707/1354/1815 2203/1034/1359
f 2203/1034/1359 2708/1354/1816 2709/1355/1817
f 2203/1034/1359 2709/1355/1817 2204/1035/1360
f 2204/1035/1360 2710/1355/1818 2711/1356/1819
f 2204/1035/1360 2711/1356/1819 2205/1036/1361
f 2205/1036/1361 2712/1356/1820 2713/1357/1821
f 2205/1036/1361 2713/1357/1821 2206/1037/1362
f 2206/1037/1822 2714/1357/1823 2715/1358/1823
f 2206/1037/1362 2716/1358/1824 2717/1357/1825
f 2206/1037/1362 2717/1357/1825 2207/1038/1363
f 2207/1038/1363 2718/1357/1826 2719/1356/1827
f 2207/1038/1363 2719/1356/1827 2208/1039/1364
f 2208/1039/1828 2720/1356/1829 2721/1355/1829
f 2208/1039/1364 2722/1355/1830 2723/1354/1830
f 2208/1039/1364 2723/1354/1830 2209/1040/1365
f 2209/1040/1831 2724/1354/1832 2725/1349/1832
f 2726/1359/1833 2727/1360/1834 2728/1361/1835
f 2726/1359/1833 2728/1361/1835 2729/1362/1836
f 2727/1360/1834 2730/1363/1837 2731/1364/1838
f 2727/1360/1834 2731/1364/1838 2728/1361/1835
f 2730/1363/1837 2732/1365/1839 2733/1366/1840
f 2730/1363/1837 2733/1366/1840 2731/1364/1838
f 2732/1365/1839 2734/1367/207 2735/1368/1841
f 2732/1365/1839 2735/1368/1841 2733/1366/1840
f 2734/1367/207 2736/1365/1842 2737/1366/1843
f 2734/1367/207 2737/1366/1843 2735/1368/1841
f 2736/1365/1842 2738/1363/1844 2739/1364/1845
f 2736/1365/1842 2739/1364/1845 2737/1366/1843
f 2738/1363/1844 2740/1360/1846 2741/1361/1847
f 2738/1363/1844 2741/1361/1847 2739/1364/1845
f 2740/1360/1846 2742/1359/1848 2743/1362/1849
f 2740/1360/1846 2743/1362/1849 2741/1361/1847
f 2742/1359/1848 2744/1369/1850 2745/1370/1851
f 2742/1359/1848 2745/1370/1851 2743/1362/1849
f 2744/1369/1850 2746/1371/1852 2747/1372/1853
f 2744/1369/1850 2747/1372/1853 2745/1370/1851
f 2746/1371/1852 2748/1373/1854 2749/1374/1855
f 2746/1371/1852 2749/1374/1855 2747/1372/1853
f 2748/1373/1854 2750/1375/1856 2751/1376/1857
f 2748/1373/1854 2751/1376/1857 2749/1374/1855
f 2750/1375/1856 2752/1377/1858 2753/1378/1859
f 2750/1375/1856 2753/1378/1859 2751/1376/1857
f 2752/1377/1858 2754/1379/208 2755/1380/1860
f 2752/1377/1858 2755/1380/1860 2753/1378/1859
f 2754/1379/208 2756/1377/1861 2757/1378/1862
f 2754/1379/208 2757/1378/1862 2755/1380/1860
f 2756/1377/1861 2758/1375/1863 2759/1376/1864
f 2756/1377/1861 2759/1376/1864 2757/1378/1862
f 2758/1375/1863 2760/1373/1865 2761/1374/1866
f 2758/1375/1863 2761/1374/1866 2759/1376/1864
f 2760/1373/1865 2762/1371/1867 2763/1372/1868
f 2760/1373/1865 2763/1372/1868 2761/1374/1866
f 2762/1371/1867 2764/1369/1869 2765/1370/1870
f 2762/1371/1867 2765/1370/1870 2763/1372/1868
f 2764/1369/1869 2726/1359/1833 2729/1362/1836
f 2764/1369/1869 2729/1362/1836 2765/1370/1870
f 2766/1381/1852 2767/1382/1871 2768/1383/1872
f 2766/1381/1852 2768/1383/1872 2769/1384/1854
f 2769/1384/1854 2768/1383/1872 2770/1385/1873
f 2769/1384/1854 2770/1385/1873 2771/1386/1856
f 2771/1386/1856 2770/1385/1873 2772/1387/1874
f 2771/1386/1856 2772/1387/1874 2773/1388/1858
f 2773/1388/1858 2772/1387/1874 2774/1389/1875
f 2773/1388/1858 2774/1389/1875 2775/1390/208
f 2775/1390/208 2774/1389/1875 2776/1387/1876
f 2775/1390/208 2776/1387/1876 2777/1388/1861
f 2777/1388/1861 2776/1387/1876 2778/1385/1877
f 2777/1388/1861 2778/1385/1877 2779/1386/1863
f 2779/1386/1863 2778/1385/1877 2780/1383/1878
f 2779/1386/1863 2780/1383/1878 2781/1384/1865
f 2781/1384/1865 2780/1383/1878 2782/1382/1879
f 2781/1384/1865 2782/1382/1879 2783/1381/1867
f 2783/1381/1867 2782/1382/1879 2784/1370/1880
f 2783/1381/1867 2784/1370/1880 2785/1369/1869
f 2785/1369/1869 2784/1370/1880 2786/1391/1881
f 2785/1369/1869 2786/1391/1881 2787/1392/1833
f 2787/1392/1833 2786/1391/1881 2788/1393/1882
f 2787/1392/1833 2788/1393/1882 2789/1394/1834
f 2789/1394/1834 2788/1393/1882 2790/1395/1883
f 2789/1394/1834 2790/1395/1883 2791/1396/1837
f 2791/1396/1837 2790/1395/1883 2792/1397/1884
f 2791/1396/1837 2792/1397/1884 2793/1398/1839
f 2793/1398/1839 2792/1397/1884 2794/1399/1885
f 2793/1398/1839 2794/1399/1885 2795/1400/207
f 2795/1400/207 2794/1399/1885 2796/1397/1886
f 2795/1400/207 2796/1397/1886 2797/1398/1842
f 2797/1398/1842 2796/1397/1886 2798/1395/1887
f 2797/1398/1842 2798/1395/1887 2799/1396/1844
f 2799/1396/1844 2798/1395/1887 2800/1393/1888
f 2799/1396/1844 2800/1393/1888 2801/1394/1846
f 2801/1394/1846 2800/1393/1888 2802/1391/1889
f 2801/1394/1846 2802/1391/1889 2803/1392/1848
f 2803/1392/1848 2802/1391/1889 2804/1370/1890
f 2803/1392/1848 2804/1370/1890 2805/1369/1850
f 2805/1369/1850 2804/1370/1890 2767/1382/1871
f 2805/1369/1850 2767/1382/1871 2766/1381/1852
f 2767/1382/1871 2826/1401/1891 2827/1402/1892
f 2767/1382/1871 2827/1402/1892 2768/1383/1872
f 2828/1401/1893 2807/1403/1894 2806/1404/1895
f 2828/1401/1893 2806/1404/1895 2829/1402/1893
f 2807/1403/1896 2830/1401/1897 2831/1405/1898
f 2807/1403/1896 2831/1405/1898 2825/1406/1899
f 2832/1401/1900 2767/1382/1871 2804/1370/1890
f 2832/1401/1900 2804/1370/1890 2833/1405/1901
f 2768/1383/1872 2834/1402/1902 2835/1407/1903
f 2768/1383/1872 2835/1407/1903 2770/1385/1873
f 2836/1402/1904 2806/1404/1905 2808/1408/1906
f 2836/1402/1904 2808/1408/1906 2837/1407/1904
f 2770/1385/1873 2838/1407/1907 2839/1409/1907
f 2770/1385/1873 2839/1409/1907 2772/1387/1874
f 2840/1407/1908 2808/1408/1909 2809/1410/1910
f 2840/1407/1908 2809/1410/1910 2841/1409/1908
f 2772/1387/1874 2842/1409/1911 2843/1411/1912
f 2772/1387/1874 2843/1411/1912 2774/1389/1875
f 2844/1409/1913 2809/1410/1914 2810/1412/1915
f 2844/1409/1913 2810/1412/1915 2845/1411/1913
f 2774/1389/1875 2846/1411/1916 2847/1409/1916
f 2774/1389/1875 2847/1409/1916 2776/1387/1876
f 2848/1411/1917 2810/1412/1918 2811/1410/1919
f 2848/1411/1917 2811/1410/1919 2849/1409/1920
f 2776/1387/1876 2850/1409/1921 2851/1407/1922
f 2776/1387/1876 2851/1407/1922 2778/1385/1877
f 2852/1409/1923 2811/1410/1924 2812/1408/1925
f 2852/1409/1923 2812/1408/1925 2853/1407/1923
f 2778/1385/1877 2854/1407/1926 2855/1402/1926
f 2778/1385/1877 2855/1402/1926 2780/1383/1878
f 2856/1407/1927 2812/1408/1928 2813/1404/1929
f 2856/1407/1927 2813/1404/1929 2857/1402/1927
f 2780/1383/1878 2858/1402/1930 2859/1401/1930
f 2780/1383/1878 2859/1401/1930 2782/1382/1879
f 2860/1402/1931 2813/1404/1932 2814/1403/1933
f 2860/1402/1931 2814/1403/1933 2861/1401/1931
f 2782/1382/1879 2862/1401/1934 2863/1405/1934
f 2782/1382/1879 2863/1405/1934 2784/1370/1880
f 2864/1401/1935 2814/1403/1936 2815/1406/1937
f 2864/1401/1935 2815/1406/1937 2865/1405/1938
f 2784/1370/1880 2866/1405/1939 2867/1413/1939
f 2784/1370/1880 2867/1413/1939 2786/1391/1881
f 2868/1405/1940 2815/1406/1941 2816/1414/1942
f 2868/1405/1940 2816/1414/1942 2869/1413/1943
f 2786/1391/1881 2870/1413/1944 2871/1415/1945
f 2786/1391/1881 2871/1415/1945 2788/1393/1882
f 2872/1413/1946 2816/1414/1947 2817/1416/1948
f 2872/1413/1946 2817/1416/1948 2873/1415/1946
f 2788/1393/1882 2874/1415/1949 2875/1417/1950
f 2788/1393/1882 2875/1417/1950 2790/1395/1883
f 2876/1415/1951 2817/1416/1952 2818/1418/1953
f 2876/1415/1951 2818/1418/1953 2877/1417/1951
f 2790/1395/1883 2878/1417/1954 2879/1419/1955
f 2790/1395/1883 2879/1419/1955 2792/1397/1884
f 2880/1417/1956 2818/1418/1957 2819/1420/1958
f 2880/1417/1956 2819/1420/1958 2881/1419/1956
f 2792/1397/1884 2882/1419/1959 2883/1421/1959
f 2792/1397/1884 2883/1421/1959 2794/1399/1885
f 2884/1419/1960 2819/1420/1961 2820/1422/1962
f 2884/1419/1960 2820/1422/1962 2885/1421/1963
f 2794/1399/1885 2886/1421/1964 2887/1419/1965
f 2794/1399/1885 2887/1419/1965 2796/1397/1886
f 2888/1421/1966 2820/1422/1967 2821/1420/1968
f 2888/1421/1966 2821/1420/1968 2889/1419/1966
f 2796/1397/1886 2890/1419/1969 2891/1417/1970
f 2796/1397/1886 2891/1417/1970 2798/1395/1887
f 2892/1419/1971 2821/1420/1972 2822/1418/1973
f 2892/1419/1971 2822/1418/1973 2893/1417/1971
f 2798/1395/1887 2894/1417/1974 2895/1415/1974
f 2798/1395/1887 2895/1415/1974 2800/1393/1888
f 2896/1417/1975 2822/1418/1976 2823/1416/1977
f 2896/1417/1975 2823/1416/1977 2897/1415/1975
f 2800/1393/1888 2898/1415/1978 2899/1413/1979
f 2800/1393/1888 2899/1413/1979 2802/1391/1889
f 2900/1415/1980 2823/1416/1981 2824/1414/1982
f 2900/1415/1980 2824/1414/1982 2901/1413/1980
f 2802/1391/1889 2902/1413/1983 2903/1405/1983
f 2802/1391/1889 2903/1405/1983 2804/1370/1890
f 2904/1413/1984 2824/1414/1985 2825/1406/1986
f 2904/1413/1984 2825/1406/1986 2905/1405/1987
f 2806/1404/1905 2906/1423/1951 2907/1424/1951
f 2806/1404/1905 2907/1424/1951 2808/1408/1906
f 2908/1423/1988 2728/1361/1835 2731/1364/1838
f 2908/1423/1988 2731/1364/1838 2909/1424/1988
f 2728/1361/1835 2910/1423/1944 2911/1425/1944
f 2728/1361/1835 2911/1425/1944 2729/1362/1836
f 2912/1423/1946 2806/1404/1895 2807/1403/1894
f 2912/1423/1946 2807/1403/1894 2913/1425/1946
f 2729/1362/1836 2914/1425/1989 2915/1405/1939
f 2729/1362/1836 2915/1405/1939 2765/1370/1870
f 2916/1425/1940 2807/1403/1896 2825/1406/1899
f 2916/1425/1940 2825/1406/1899 2917/1405/1943
f 2808/1408/1909 2918/1424/1956 2919/1426/1956
f 2808/1408/1909 2919/1426/1956 2809/1410/1910
f 2920/1424/1954 2731/1364/1838 2733/1366/1840
f 2920/1424/1954 2733/1366/1840 2921/1426/1955
f 2809/1410/1914 2922/1426/1960 2923/1427/1960
f 2809/1410/1914 2923/1427/1960 2810/1412/1915
f 2924/1426/1959 2733/1366/1840 2735/1368/1841
f 2924/1426/1959 2735/1368/1841 2925/1427/1959
f 2810/1412/1918 2926/1427/1966 2927/1426/1990
f 2810/1412/1918 2927/1426/1990 2811/1410/1919
f 2928/1427/1965 2735/1368/1841 2737/1366/1843
f 2928/1427/1965 2737/1366/1843 2929/1426/1991
f 2811/1410/1924 2930/1426/1971 2931/1424/1971
f 2811/1410/1924 2931/1424/1971 2812/1408/1925
f 2932/1426/1969 2737/1366/1843 2739/1364/1845
f 2932/1426/1969 2739/1364/1845 2933/1424/1969
f 2812/1408/1928 2934/1424/1975 2935/1423/1975
f 2812/1408/1928 2935/1423/1975 2813/1404/1929
f 2936/1424/1974 2739/1364/1845 2741/1361/1847
f 2936/1424/1974 2741/1361/1847 2937/1423/1974
f 2813/1404/1932 2938/1423/1980 2939/1425/1980
f 2813/1404/1932 2939/1425/1980 2814/1403/1933
f 2940/1423/1979 2741/1361/1847 2743/1362/1849
f 2940/1423/1979 2743/1362/1849 2941/1425/1979
f 2814/1403/1936 2942/1425/1987 2943/1405/1984
f 2814/1403/1936 2943/1405/1984 2815/1406/1937
f 2944/1425/1983 2743/1362/1849 2745/1370/1851
f 2944/1425/1983 2745/1370/1851 2945/1405/1983
f 2815/1406/1941 2946/1405/1897 2947/1428/1898
f 2815/1406/1941 2947/1428/1898 2816/1414/1942
f 2948/1405/1901 2745/1370/1851 2747/1372/1853
f 2948/1405/1901 2747/1372/1853 2949/1428/1900
f 2816/1414/1947 2950/1428/1992 2951/1429/1893
f 2816/1414/1947 2951/1429/1893 2817/1416/1948
f 2952/1428/1891 2747/1372/1853 2749/1374/1855
f 2952/1428/1891 2749/1374/1855 2953/1429/1891
f 2817/1416/1952 2954/1429/1904 2955/1430/1904
f 2817/1416/1952 2955/1430/1904 2818/1418/1953
f 2956/1429/1903 2749/1374/1855 2751/1376/1857
f 2956/1429/1903 2751/1376/1857 2957/1430/1993
f 2818/1418/1957 2958/1430/1908 2959/1431/1908
f 2818/1418/1957 2959/1431/1908 2819/1420/1958
f 2960/1430/1907 2751/1376/1857 2753/1378/1859
f 2960/1430/1907 2753/1378/1859 2961/1431/1907
f 2819/1420/1961 2962/1431/1913 2963/1432/1913
f 2819/1420/1961 2963/1432/1913 2820/1422/1962
f 2964/1431/1911 2753/1378/1859 2755/1380/1860
f 2964/1431/1911 2755/1380/1860 2965/1432/1911
f 2820/1422/1967 2966/1432/1917 2967/1431/1917
f 2820/1422/1967 2967/1431/1917 2821/1420/1968
f 2968/1432/1916 2755/1380/1860 2757/1378/1862
f 2968/1432/1916 2757/1378/1862 2969/1431/1994
f 2821/1420/1972 2970/1431/1923 2971/1430/1923
f 2821/1420/1972 2971/1430/1923 2822/1418/1973
f 2972/1431/1922 2757/1378/1862 2759/1376/1864
f 2972/1431/1922 2759/1376/1864 2973/1430/1922
f 2822/1418/1976 2974/1430/1927 2975/1429/1927
f 2822/1418/1976 2975/1429/1927 2823/1416/1977
f 2976/1430/1995 2759/1376/1864 2761/1374/1866
f 2976/1430/1995 2761/1374/1866 2977/1429/1926
f 2823/1416/1981 2978/1429/1931 2979/1428/1931
f 2823/1416/1981 2979/1428/1931 2824/1414/1982
f 2980/1429/1930 2761/1374/1866 2763/1372/1868
f 2980/1429/1930 2763/1372/1868 2981/1428/1930
f 2824/1414/1985 2982/1428/1938 2983/1405/1935
f 2824/1414/1985 2983/1405/1935 2825/1406/1986
f 2984/1428/1934 2763/1372/1868 2765/1370/1870
f 2984/1428/1934 2765/1370/1870 2985/1405/1934
f 2986/1433/1996 2987/1434/1997 2995/1435/1998
f 2986/1433/1996 2995/1435/1998 2988/1436/1999
f 2996/1437/2000 3505/1438/2001 2989/1439/2002
f 2996/1437/2000 2989/1439/2002 2990/1440/2003
f 2991/1441/2004 2992/1442/2005 2993/1443/2006
f 2991/1441/2004 2993/1443/2006 2994/1444/2007
f 2997/1445/2008 3009/1446/2009 2998/1447/2010
f 2997/1445/2008 2998/1447/2010 2999/1448/2011
f 3000/1449/2012 3001/1450/2013 3002/1451/2014
f 3000/1449/2012 3002/1451/2014 3003/1452/2015
f 3004/1453/2016 3005/1454/2017 3006/1455/2018
f 3004/1453/2016 3006/1455/2018 3007/1456/2019
f 3008/1457/2020 3009/1446/2009 3010/1458/2020
f 3011/1459/2021 3012/1460/2022 3013/1461/2023
f 3011/1459/2021 3013/1461/2023 3014/1462/2024
f 3015/1463/2025 3016/1464/2026 3017/1465/2027
f 3015/1463/2025 3017/1465/2027 3018/1466/2028
f 3019/1467/2029 3020/1468/2030 3021/1469/2031
f 3019/1467/2029 3021/1469/2031 3022/1470/2032
f 3023/1471/2033 3024/1472/2034 3025/1473/2035
f 3023/1471/2033 3025/1473/2035 3026/1474/2036
f 3027/1475/2037 3028/1476/2038 3029/1477/2039
f 3027/1475/2037 3029/1477/2039 3030/1478/2040
f 3031/1477/2041 3032/1479/2042 3033/1480/2043
f 3031/1477/2041 3033/1480/2043 3034/1478/2044
f 3035/1470/2045 3036/1481/2046 3037/1482/2047
f 3035/1470/2045 3037/1482/2047 3038/1467/2048
f 3039/1483/2049 3040/1484/2050 3041/1485/2051
f 3039/1483/2049 3041/1485/2051 3042/1486/2052
f 3043/1487/2053 3044/1488/2054 3045/1463/2055
f 3043/1487/2053 3045/1463/2055 3046/1466/2056
f 3047/1461/2057 3048/1489/2058 3049/1490/2059
f 3047/1461/2057 3049/1490/2059 3050/1462/2060
f 3051/1456/2061 3052/1491/2062 3053/1492/2063
f 3051/1456/2061 3053/1492/2063 3054/1453/2064
f 3055/1486/2065 3056/1493/2066 3057/1494/2067
f 3055/1486/2065 3057/1494/2067 3058/1483/2068
f 3059/1495/2069 3060/1496/2070 3061/1449/2071
f 3059/1495/2069 3061/1449/2071 3062/1452/2072
f 3063/1447/2073 3422/1497/2074 3064/1498/2075
f 3063/1447/2073 3064/1498/2075 3065/1448/2076
f 3066/1444/2077 3067/1499/2078 3068/1500/2079
f 3066/1444/2077 3068/1500/2079 3069/1441/2080
f 3070/1474/2081 3071/1501/2082 3072/1502/2083
f 3070/1474/2081 3072/1502/2083 3073/1471/2084
f 3074/1503/2085 3075/1504/2086 3083/1437/2087
f 3074/1503/2085 3083/1437/2087 3076/1440/2088
f 3084/1435/2089 3399/1505/2090 3077/1506/2091
f 3084/1435/2089 3077/1506/2091 3078/1436/2092
f 3079/1507/2093 3080/1508/2094 3081/1509/2095
f 3079/1507/2093 3081/1509/2095 3082/1510/2096
f 3085/1511/2097 3086/1512/2098 3094/1513/2099
f 3085/1511/2097 3094/1513/2099 3087/1514/2100
f 3095/1515/2101 3390/1516/2102 3088/1517/2103
f 3095/1515/2101 3088/1517/2103 3089/1518/2104
f 3090/1519/2105 3091/1520/2106 3092/1521/2107
f 3090/1519/2105 3092/1521/2107 3093/1522/2108
f 3096/1523/2109 3097/1524/2110 3105/1525/2111
f 3096/1523/2109 3105/1525/2111 3098/1526/2112
f 3106/1527/2113 3381/1528/2114 3099/1529/2115
f 3106/1527/2113 3099/1529/2115 3100/1530/2116
f 3101/1531/2117 3102/1532/2118 3103/1533/2119
f 3101/1531/2117 3103/1533/2119 3104/1534/2120
f 3107/1535/2121 3108/1536/2122 3116/1537/2123
f 3107/1535/2121 3116/1537/2123 3109/1538/2124
f 3117/1539/2125 3372/1540/2126 3110/1541/2127
f 3117/1539/2125 3110/1541/2127 3111/1542/2128
f 3112/1543/2129 3113/1544/2130 3114/1545/2131
f 3112/1543/2129 3114/1545/2131 3115/1546/2132
f 3118/1547/2133 3119/1548/2134 3127/1549/2135
f 3118/1547/2133 3127/1549/2135 3120/1550/2136
f 3128/1551/2137 3363/1552/2138 3121/1553/2139
f 3128/1551/2137 3121/1553/2139 3122/1554/2140
f 3123/1555/2141 3124/1556/2142 3125/1557/2143
f 3123/1555/2141 3125/1557/2143 3126/1558/2144
f 3129/1559/2145 3141/1560/2146 3130/1561/2147
f 3129/1559/2145 3130/1561/2147 3131/1562/2148
f 3132/1563/2149 3133/1564/2150 3134/1565/2151
f 3132/1563/2149 3134/1565/2151 3135/1566/2152
f 3136/1567/2153 3137/1568/2154 3138/1569/2155
f 3136/1567/2153 3138/1569/2155 3139/1570/2156
f 3140/1571/2157 3141/1560/2146 3142/1572/2157
f 3143/1573/2158 3144/1574/2159 3145/1575/2160
f 3143/1573/2158 3145/1575/2160 3146/1576/2161
f 3147/1577/2162 3148/1578/2163 3149/1579/2164
f 3147/1577/2162 3149/1579/2164 3150/1580/2165
f 3151/1581/2166 3152/1582/2167 3153/1583/2168
f 3151/1581/2166 3153/1583/2168 3154/1584/2169
f 3155/1585/2170 3156/1586/2171 3157/1587/2172
f 3155/1585/2170 3157/1587/2172 3158/1588/2173
f 3159/1589/2174 3160/1590/2175 3161/1591/2176
f 3159/1589/2174 3161/1591/2176 3162/1592/2177
f 3163/1591/2178 3164/1593/2179 3165/1594/2180
f 3163/1591/2178 3165/1594/2180 3166/1592/2181
f 3167/1584/2182 3168/1595/2183 3169/1596/2184
f 3167/1584/2182 3169/1596/2184 3170/1581/2185
f 3171/1597/2186 3172/1598/2187 3173/1599/2188
f 3171/1597/2186 3173/1599/2188 3174/1600/2189
f 3175/1601/2190 3176/1602/2191 3177/1577/2192
f 3175/1601/2190 3177/1577/2192 3178/1580/2193
f 3179/1575/2194 3180/1603/2195 3181/1604/2196
f 3179/1575/2194 3181/1604/2196 3182/1576/2197
f 3183/1570/2198 3184/1605/2199 3185/1606/2200
f 3183/1570/2198 3185/1606/2200 3186/1567/2201
f 3187/1600/2202 3188/1607/2203 3189/1608/2204
f 3187/1600/2202 3189/1608/2204 3190/1597/2205
f 3191/1609/2206 3192/1610/2207 3193/1563/2208
f 3191/1609/2206 3193/1563/2208 3194/1566/2209
f 3195/1561/2210 3280/1611/2211 3196/1612/2212
f 3195/1561/2210 3196/1612/2212 3197/1562/2213
f 3198/1558/2214 3199/1613/2215 3200/1614/2216
f 3198/1558/2214 3200/1614/2216 3201/1555/2217
f 3202/1588/2218 3203/1615/2219 3204/1616/2220
f 3202/1588/2218 3204/1616/2220 3205/1585/2221
f 3206/1617/2222 3207/1618/2223 3215/1551/2224
f 3206/1617/2222 3215/1551/2224 3208/1554/2225
f 3216/1549/2226 3252/1619/2227 3209/1620/2228
f 3216/1549/2226 3209/1620/2228 3210/1550/2229
f 3211/1546/2230 3212/1621/2231 3213/1622/2232
f 3211/1546/2230 3213/1622/2232 3214/1543/2233
f 3217/1623/2234 3218/1624/2235 3226/1539/2236
f 3217/1623/2234 3226/1539/2236 3219/1542/2237
f 3227/1537/2238 3263/1625/2239 3220/1626/2240
f 3227/1537/2238 3220/1626/2240 3221/1538/2241
f 3222/1534/2242 3223/1627/2243 3224/1628/2244
f 3222/1534/2242 3224/1628/2244 3225/1531/2245
f 3228/1629/2246 3229/1630/2247 3237/1527/2248
f 3228/1629/2246 3237/1527/2248 3230/1530/2249
f 3238/1525/2250 3523/1631/2251 3231/1632/2252
f 3238/1525/2250 3231/1632/2252 3232/1526/2253
f 3233/1522/2254 3234/1633/2255 3235/1634/2256
f 3233/1522/2254 3235/1634/2256 3236/1519/2257
f 3239/1635/2258 3240/1636/2259 3248/1515/2260
f 3239/1635/2258 3248/1515/2260 3241/1518/2261
f 3249/1513/2262 3516/1637/2263 3242/1638/2264
f 3249/1513/2262 3242/1638/2264 3243/1514/2265
f 3244/1510/2266 3245/1639/2267 3246/1640/2268
f 3244/1510/2266 3246/1640/2268 3247/1507/2269
f 3250/1641/2270 3262/1642/2271 3261/1643/2272
f 3250/1641/2270 3261/1643/2272 3251/1644/2273
f 3253/1645/2274 3254/1646/2275 3255/1647/2276
f 3253/1645/2274 3255/1647/2276 3256/1648/2277
f 3257/1649/2278 3258/1650/2279 3259/1651/2280
f 3257/1649/2278 3259/1651/2280 3260/1652/2281
f 3264/1559/2282 3278/1653/2283 3277/1654/2284
f 3264/1559/2282 3277/1654/2284 3265/1655/2285
f 3266/1656/2286 3280/1611/2211 3267/1657/2287
f 3266/1656/2286 3267/1657/2287 3268/1658/2288
f 3269/1659/2289 3270/1660/2290 3271/1661/2291
f 3269/1659/2289 3271/1661/2291 3272/1662/2292
f 3273/1663/2218 3274/1664/2219 3275/1665/2293
f 3273/1663/2218 3275/1665/2293 3276/1666/2221
f 3279/1572/2294 3280/1611/2211 3281/1571/2294
f 3282/1667/2295 3283/1668/2296 3284/1669/2297
f 3282/1667/2295 3284/1669/2297 3285/1670/2298
f 3286/1671/2299 3287/1672/2300 3288/1673/2301
f 3286/1671/2299 3288/1673/2301 3289/1674/2302
f 3290/1675/2303 3291/1676/2304 3292/1677/2305
f 3290/1675/2303 3292/1677/2305 3293/1678/2306
f 3294/1679/2202 3295/1680/2307 3296/1681/2308
f 3294/1679/2202 3296/1681/2308 3297/1682/2205
f 3298/1683/2309 3299/1684/2310 3300/1685/2311
f 3298/1683/2309 3300/1685/2311 3301/1686/2312
f 3302/1687/2313 3303/1688/2314 3304/1689/2315
f 3302/1687/2313 3304/1689/2315 3305/1690/2316
f 3306/1691/2317 3307/1692/2318 3308/1693/2319
f 3306/1691/2317 3308/1693/2319 3309/1694/2320
f 3310/1693/2321 3311/1695/2322 3312/1696/2323
f 3310/1693/2321 3312/1696/2323 3313/1694/2324
f 3314/1682/2186 3315/1697/2187 3316/1698/2325
f 3314/1682/2186 3316/1698/2325 3317/1679/2189
f 3318/1699/2326 3319/1700/2327 3320/1701/2328
f 3318/1699/2326 3320/1701/2328 3321/1702/2329
f 3322/1703/2330 3323/1704/2331 3324/1705/2332
f 3322/1703/2330 3324/1705/2332 3325/1706/2333
f 3326/1707/2334 3327/1708/2335 3328/1675/2336
f 3326/1707/2334 3328/1675/2336 3329/1678/2337
f 3330/1673/2338 3331/1709/2339 3332/1710/2340
f 3330/1673/2338 3332/1710/2340 3333/1674/2341
f 3334/1666/2170 3335/1711/2171 3336/1712/2342
f 3334/1666/2170 3336/1712/2342 3337/1663/2173
f 3338/1713/2343 3339/1714/2344 3340/1715/2345
f 3338/1713/2343 3340/1715/2345 3341/1716/2346
f 3342/1717/2347 3343/1718/2348 3344/1719/2349
f 3342/1717/2347 3344/1719/2349 3345/1720/2350
f 3346/1721/2351 3347/1722/2352 3348/1659/2353
f 3346/1721/2351 3348/1659/2353 3349/1662/2354
f 3350/1657/2355 3141/1560/2146 3351/1723/2356
f 3350/1657/2355 3351/1723/2356 3352/1658/2357
f 3353/1648/2358 3354/1724/2359 3355/1725/2360
f 3353/1648/2358 3355/1725/2360 3356/1645/2361
f 3357/1726/2362 3358/1727/2363 3359/1728/2364
f 3357/1726/2362 3359/1728/2364 3360/1729/2365
f 3361/1730/2366 3369/1654/2367 3368/1653/2368
f 3361/1730/2366 3368/1653/2368 3362/1731/2369
f 3364/1652/2370 3365/1732/2371 3366/1733/2372
f 3364/1652/2370 3366/1733/2372 3367/1649/2373
f 3370/1734/2374 3378/1735/2375 3377/1642/2376
f 3370/1734/2374 3377/1642/2376 3371/1736/2377
f 3373/1737/2378 3374/1738/2379 3375/1739/2380
f 3373/1737/2378 3375/1739/2380 3376/1740/2381
f 3379/1741/2382 3387/1742/2383 3386/1743/2384
f 3379/1741/2382 3386/1743/2384 3380/1744/2385
f 3382/1745/2386 3383/1746/2387 3384/1747/2388
f 3382/1745/2386 3384/1747/2388 3385/1748/2389
f 3388/1749/2390 3396/1750/2391 3395/1751/2392
f 3388/1749/2390 3395/1751/2392 3389/1752/2393
f 3391/1753/2394 3392/1754/2395 3393/1755/2396
f 3391/1753/2394 3393/1755/2396 3394/1756/2397
f 3397/1757/2398 3405/1758/2399 3404/1759/2400
f 3397/1757/2398 3404/1759/2400 3398/1760/2401
f 3400/1761/2402 3401/1762/2403 3402/1763/2404
f 3400/1761/2402 3402/1763/2404 3403/1764/2405
f 3406/1765/2406 3420/1766/2407 3419/1767/2408
f 3406/1765/2406 3419/1767/2408 3407/1768/2409
f 3408/1769/2410 3422/1497/2074 3409/1770/2411
f 3408/1769/2410 3409/1770/2411 3410/1771/2412
f 3411/1772/2413 3412/1773/2414 3413/1774/2415
f 3411/1772/2413 3413/1774/2415 3414/1775/2416
f 3415/1776/2081 3416/1777/2082 3417/1778/2417
f 3415/1776/2081 3417/1778/2417 3418/1779/2084
f 3421/1458/2418 3422/1497/2074 3423/1457/2418
f 3424/1780/2419 3425/1781/2420 3426/1782/2421
f 3424/1780/2419 3426/1782/2421 3427/1783/2422
f 3428/1784/2423 3429/1785/2424 3430/1786/2425
f 3428/1784/2423 3430/1786/2425 3431/1787/2426
f 3432/1788/2427 3433/1789/2428 3434/1790/2429
f 3432/1788/2427 3434/1790/2429 3435/1791/2430
f 3436/1792/2065 3437/1793/2066 3438/1794/2431
f 3436/1792/2065 3438/1794/2431 3439/1795/2068
f 3440/1796/2432 3441/1797/2433 3442/1798/2434
f 3440/1796/2432 3442/1798/2434 3443/1799/2435
f 3444/1800/2436 3445/1801/2437 3446/1802/2438
f 3444/1800/2436 3446/1802/2438 3447/1803/2439
f 3448/1804/2440 3449/1805/2441 3450/1806/2442
f 3448/1804/2440 3450/1806/2442 3451/1807/2443
f 3452/1806/2444 3453/1808/2445 3454/1809/2446
f 3452/1806/2444 3454/1809/2446 3455/1807/2447
f 3456/1795/2049 3457/1810/2050 3458/1811/2448
f 3456/1795/2049 3458/1811/2448 3459/1792/2052
f 3460/1812/2449 3461/1813/2450 3462/1814/2451
f 3460/1812/2449 3462/1814/2451 3463/1815/2452
f 3464/1816/2453 3465/1817/2454 3466/1818/2455
f 3464/1816/2453 3466/1818/2455 3467/1819/2456
f 3468/1820/2457 3469/1821/2458 3470/1788/2459
f 3468/1820/2457 3470/1788/2459 3471/1791/2460
f 3472/1786/2461 3473/1822/2462 3474/1823/2463
f 3472/1786/2461 3474/1823/2463 3475/1787/2464
f 3476/1779/2033 3477/1824/2034 3478/1825/2465
f 3476/1779/2033 3478/1825/2465 3479/1776/2036
f 3480/1826/2466 3481/1827/2467 3482/1828/2468
f 3480/1826/2466 3482/1828/2468 3483/1829/2469
f 3484/1830/2470 3485/1831/2471 3486/1832/2472
f 3484/1830/2470 3486/1832/2472 3487/1833/2473
f 3488/1834/2474 3489/1835/2475 3490/1772/2476
f 3488/1834/2474 3490/1772/2476 3491/1775/2477
f 3492/1770/2478 3009/1446/2009 3493/1836/2479
f 3492/1770/2478 3493/1836/2479 3494/1771/2480
f 3495/1764/2481 3496/1837/2482 3497/1838/2483
f 3495/1764/2481 3497/1838/2483 3498/1761/2484
f 3499/1839/2485 3500/1840/2486 3501/1841/2487
f 3499/1839/2485 3501/1841/2487 3502/1842/2488
f 3503/1843/2489 3511/1844/2490 3510/1766/2491
f 3503/1843/2489 3510/1766/2491 3504/1845/2492
f 3506/1756/2493 3507/1846/2494 3508/1847/2495
f 3506/1756/2493 3508/1847/2495 3509/1753/2496
f 3512/1848/2497 3513/1849/2498 3515/1758/2499
f 3512/1848/2497 3515/1758/2499 3514/1850/2500
f 3517/1748/2501 3518/1851/2502 3519/1852/2503
f 3517/1748/2501 3519/1852/2503 3520/1745/2504
f 3521/1853/2505 3529/1854/2506 3528/1750/2507
f 3521/1853/2505 3528/1750/2507 3522/1855/2508
f 3524/1740/2509 3525/1856/2510 3526/1857/2511
f 3524/1740/2509 3526/1857/2511 3527/1737/2512
f 3530/1858/2513 3533/1859/2514 3532/1860/2515
f 3530/1858/2513 3532/1860/2515 3531/1861/2516
f 3534/1862/2016 3535/1863/2017 3536/1864/2517
f 3534/1862/2016 3536/1864/2517 3537/1865/2019
f 3538/1866/2029 3539/1867/2518 3540/1868/2519
f 3538/1866/2029 3540/1868/2519 3541/1869/2032
f 3542/1869/2045 3543/1870/2046 3544/1871/2520
f 3542/1869/2045 3544/1871/2520 3545/1866/2048
f 3546/1865/2061 3547/1872/2521 3548/1873/2522
f 3546/1865/2061 3548/1873/2522 3549/1862/2064
f 3550/1874/2153 3551/1875/2154 3552/1876/2523
f 3550/1874/2153 3552/1876/2523 3553/1877/2156
f 3554/1878/2166 3555/1879/2524 3556/1880/2525
f 3554/1878/2166 3556/1880/2525 3557/1881/2169
f 3558/1881/2182 3559/1882/2183 3560/1883/2526
f 3558/1881/2182 3560/1883/2526 3561/1878/2185
f 3562/1877/2198 3563/1884/2527 3564/1885/2528
f 3562/1877/2198 3564/1885/2528 3565/1874/2201
f 2988/1436/1999 3566/1886/2529 3567/1887/2530
f 2988/1436/1999 3567/1887/2530 2986/1433/1996
f 3568/1886/2531 3247/1507/2269 3246/1640/2268
s 0
f 3569/1440/2532 3570/1888/2532 3571/1889/2532
f 3569/1440/2533 3571/1889/2533 3572/1437/2533
f 3573/1888/2534 3574/1436/2534 3579/1435/2534
f 3573/1888/2534 3579/1435/2534 3578/1889/2534
s 1
f 2991/1441/2004 3575/1890/2535 3576/1891/2536
f 2991/1441/2004 3576/1891/2536 2992/1442/2005
f 3577/1890/2537 2990/1440/2003 2989/1439/2002
f 2999/1448/2011 3580/1892/2538 3581/1893/2539
f 2999/1448/2011 3581/1893/2539 2997/1445/2008
f 3582/1892/2540 2994/1444/2007 2993/1443/2006
s 0
f 3583/1452/2541 3584/1894/2541 3585/1895/2541
f 3583/1452/2542 3585/1895/2542 3586/1449/2542
f 3587/1894/2543 3588/1448/2543 3589/1447/2543
f 3587/1894/2543 3589/1447/2543 3590/1895/2543
s 1
f 3004/1453/2016 3591/1896/2544 3592/1897/2545
f 3004/1453/2016 3592/1897/2545 3005/1454/2017
f 3593/1896/2546 3003/1452/2015 3002/1451/2014
f 3000/1449/2012 3594/1898/2547 3595/1899/2548
f 3000/1449/2012 3595/1899/2548 3001/1450/2013
f 3596/1898/2549 3026/1474/2036 3025/1473/2035
f 3008/1457/2020 3597/1900/2020 3009/1446/2009
f 3597/1900/2020 2998/1447/2010 3009/1446/2009
f 3014/1462/2024 3598/1901/2550 3599/1902/2551
f 3014/1462/2024 3599/1902/2551 3011/1459/2021
f 3600/1901/2552 3007/1456/2019 3006/1455/2018
s 0
f 3601/1466/2553 3602/1903/2553 3603/1904/2553
f 3601/1466/2553 3603/1904/2553 3604/1463/2553
f 3605/1903/2554 3606/1462/2554 3607/1461/2554
f 3605/1903/2554 3607/1461/2554 3608/1904/2554
s 1
f 3019/1467/2029 3609/1905/2555 3610/1906/2556
f 3019/1467/2029 3610/1906/2556 3020/1468/2030
f 3611/1905/2557 3018/1466/2028 3017/1465/2027
f 3015/1463/2025 3612/1907/2558 3613/1908/2559
f 3015/1463/2025 3613/1908/2559 3016/1464/2026
f 3614/1907/2560 3042/1486/2052 3041/1485/2051
f 3023/1471/2033 3615/1909/2561 3616/1910/2562
f 3023/1471/2033 3616/1910/2562 3024/1472/2034
f 3617/1909/2563 3013/1461/2023 3012/1460/2022
f 3030/1478/2040 3618/1911/2564 3619/1912/2565
f 3030/1478/2040 3619/1912/2565 3027/1475/2037
f 3620/1911/2566 3022/1470/2032 3021/1469/2031
s 0
f 3621/1478/2567 3622/1913/2567 3623/1914/2567
f 3621/1478/2568 3623/1914/2568 3624/1477/2568
f 3625/1913/2569 3626/1478/2569 3627/1477/2569
f 3625/1913/2569 3627/1477/2569 3628/1914/2569
s 1
f 3035/1470/2045 3629/1911/2570 3630/1915/2571
f 3035/1470/2045 3630/1915/2571 3036/1481/2046
f 3631/1911/2572 3034/1478/2044 3033/1480/2043
f 3031/1477/2041 3632/1916/2573 3633/1917/2574
f 3031/1477/2041 3633/1917/2574 3032/1479/2042
f 3634/1916/2575 3058/1483/2068 3057/1494/2067
f 3039/1483/2049 3635/1916/2576 3636/1918/2577
f 3039/1483/2049 3636/1918/2577 3040/1484/2050
f 3637/1916/2578 3029/1477/2039 3028/1476/2038
f 3046/1466/2056 3638/1905/2579 3639/1919/2580
f 3046/1466/2056 3639/1919/2580 3043/1487/2053
f 3640/1905/2581 3038/1467/2048 3037/1482/2047
s 0
f 3641/1462/2582 3642/1903/2582 3643/1904/2582
f 3641/1462/2582 3643/1904/2582 3644/1461/2582
f 3645/1903/2583 3646/1466/2583 3647/1463/2583
f 3645/1903/2583 3647/1463/2583 3648/1904/2583
s 1
f 3051/1456/2061 3649/1901/2584 3650/1920/2585
f 3051/1456/2061 3650/1920/2585 3052/1491/2062
f 3651/1901/2586 3050/1462/2060 3049/1490/2059
f 3047/1461/2057 3652/1909/2587 3653/1921/2588
f 3047/1461/2057 3653/1921/2588 3048/1489/2058
f 3654/1909/2589 3073/1471/2084 3072/1502/2083
f 3055/1486/2065 3655/1907/2590 3656/1922/2591
f 3055/1486/2065 3656/1922/2591 3056/1493/2066
f 3657/1907/2592 3045/1463/2055 3044/1488/2054
f 3062/1452/2072 3658/1896/2593 3659/1923/2594
f 3062/1452/2072 3659/1923/2594 3059/1495/2069
f 3660/1896/2595 3054/1453/2064 3053/1492/2063
s 0
f 3661/1448/2596 3662/1894/2596 3663/1895/2596
f 3661/1448/2596 3663/1895/2596 3664/1447/2596
f 3665/1894/2597 3666/1452/2597 3667/1449/2597
f 3665/1894/2597 3667/1449/2597 3668/1895/2597
s 1
f 3066/1444/2077 3669/1892/2598 3670/1924/2599
f 3066/1444/2077 3670/1924/2599 3067/1499/2078
f 3671/1892/2600 3065/1448/2076 3064/1498/2075
f 3063/1447/2073 3672/1900/2418 3422/1497/2074
f 3672/1900/2418 3423/1457/2418 3422/1497/2074
f 3070/1474/2081 3673/1898/2601 3674/1925/2602
f 3070/1474/2081 3674/1925/2602 3071/1501/2082
f 3675/1898/2603 3061/1449/2071 3060/1496/2070
f 3076/1440/2088 3676/1890/2604 3677/1926/2605
f 3076/1440/2088 3677/1926/2605 3074/1503/2085
f 3678/1890/2606 3069/1441/2080 3068/1500/2079
s 0
f 3679/1436/2607 3680/1888/2607 3681/1889/2607
f 3679/1436/2607 3681/1889/2607 3687/1435/2607
f 3682/1888/2608 3683/1440/2608 3689/1437/2608
f 3682/1888/2608 3689/1437/2608 3688/1889/2608
s 1
f 3079/1507/2093 3684/1886/2609 3685/1927/2610
f 3079/1507/2093 3685/1927/2610 3080/1508/2094
f 3686/1886/2611 3078/1436/2092 3077/1506/2091
f 3087/1514/2100 3690/1928/2612 3691/1929/2613
f 3087/1514/2100 3691/1929/2613 3085/1511/2097
f 3692/1928/2614 3082/1510/2096 3081/1509/2095
s 0
f 3693/1518/2615 3694/1930/2615 3695/1931/2615
f 3693/1518/2615 3695/1931/2615 3703/1515/2615
f 3696/1930/2616 3697/1514/2616 3698/1513/2616
f 3696/1930/2616 3698/1513/2616 3699/1931/2616
s 1
f 3090/1519/2105 3700/1932/2617 3701/1933/2618
f 3090/1519/2105 3701/1933/2618 3091/1520/2106
f 3702/1932/2619 3089/1518/2104 3088/1517/2103
f 3098/1526/2112 3704/1934/2620 3705/1935/2621
f 3098/1526/2112 3705/1935/2621 3096/1523/2109
f 3706/1934/2622 3093/1522/2108 3092/1521/2107
s 0
f 3707/1530/2623 3708/1936/2623 3716/1937/2623
f 3707/1530/2624 3716/1937/2624 3715/1527/2624
f 3709/1936/2625 3710/1526/2625 3711/1525/2625
f 3709/1936/2626 3711/1525/2626 3717/1937/2626
s 1
f 3101/1531/2117 3712/1938/2627 3713/1939/2628
f 3101/1531/2117 3713/1939/2628 3102/1532/2118
f 3714/1938/2629 3100/1530/2116 3099/1529/2115
f 3109/1538/2124 3718/1940/2630 3719/1941/2631
f 3109/1538/2124 3719/1941/2631 3107/1535/2121
f 3720/1940/2632 3104/1534/2120 3103/1533/2119
s 0
f 3721/1542/2633 3722/1942/2633 3723/1943/2633
f 3721/1542/2633 3723/1943/2633 3731/1539/2633
f 3724/1942/2634 3725/1538/2634 3726/1537/2634
f 3724/1942/2634 3726/1537/2634 3727/1943/2634
s 1
f 3112/1543/2129 3728/1944/2635 3729/1945/2636
f 3112/1543/2129 3729/1945/2636 3113/1544/2130
f 3730/1944/2637 3111/1542/2128 3110/1541/2127
f 3120/1550/2136 3732/1946/2638 3733/1947/2639
f 3120/1550/2136 3733/1947/2639 3118/1547/2133
f 3734/1946/2640 3115/1546/2132 3114/1545/2131
s 0
f 3735/1554/2641 3736/1948/2641 3737/1949/2641
f 3735/1554/2641 3737/1949/2641 3744/1551/2641
f 3738/1948/2642 3739/1550/2642 3745/1549/2642
f 3738/1948/2642 3745/1549/2642 3740/1949/2642
s 1
f 3123/1555/2141 3741/1950/2643 3742/1951/2644
f 3123/1555/2141 3742/1951/2644 3124/1556/2142
f 3743/1950/2645 3122/1554/2140 3121/1553/2139
f 3131/1562/2148 3746/1952/2646 3747/1953/2647
f 3131/1562/2148 3747/1953/2647 3129/1559/2145
f 3748/1952/2648 3126/1558/2144 3125/1557/2143
s 0
f 3749/1566/2649 3750/1954/2649 3751/1955/2649
f 3749/1566/2650 3751/1955/2650 3752/1563/2650
f 3753/1954/2651 3754/1562/2651 3755/1561/2651
f 3753/1954/2651 3755/1561/2651 3756/1955/2651
s 1
f 3136/1567/2153 3757/1956/2652 3758/1957/2653
f 3136/1567/2153 3758/1957/2653 3137/1568/2154
f 3759/1956/2654 3135/1566/2152 3134/1565/2151
f 3132/1563/2149 3760/1958/2655 3761/1959/2656
f 3132/1563/2149 3761/1959/2656 3133/1564/2150
f 3762/1958/2657 3158/1588/2173 3157/1587/2172
f 3140/1571/2157 3763/1960/2157 3141/1560/2146
f 3763/1960/2157 3130/1561/2147 3141/1560/2146
f 3146/1576/2161 3764/1961/2658 3765/1962/2659
f 3146/1576/2161 3765/1962/2659 3143/1573/2158
f 3766/1961/2660 3139/1570/2156 3138/1569/2155
s 0
f 3767/1580/2661 3768/1963/2661 3769/1964/2661
f 3767/1580/2661 3769/1964/2661 3770/1577/2661
f 3771/1963/2662 3772/1576/2662 3773/1575/2662
f 3771/1963/2662 3773/1575/2662 3774/1964/2662
s 1
f 3151/1581/2166 3775/1965/2663 3776/1966/2664
f 3151/1581/2166 3776/1966/2664 3152/1582/2167
f 3777/1965/2665 3150/1580/2165 3149/1579/2164
f 3147/1577/2162 3778/1967/2666 3779/1968/2667
f 3147/1577/2162 3779/1968/2667 3148/1578/2163
f 3780/1967/2668 3174/1600/2189 3173/1599/2188
f 3155/1585/2170 3781/1969/2669 3782/1970/2670
f 3155/1585/2170 3782/1970/2670 3156/1586/2171
f 3783/1969/2671 3145/1575/2160 3144/1574/2159
f 3162/1592/2177 3784/1971/2672 3785/1972/2673
f 3162/1592/2177 3785/1972/2673 3159/1589/2174
f 3786/1971/2674 3154/1584/2169 3153/1583/2168
s 0
f 3787/1592/2675 3788/1973/2675 3789/1974/2675
f 3787/1592/2675 3789/1974/2675 3790/1591/2675
f 3791/1973/2676 3792/1592/2676 3793/1591/2676
f 3791/1973/2676 3793/1591/2676 3794/1974/2676
s 1
f 3167/1584/2182 3795/1971/2677 3796/1975/2678
f 3167/1584/2182 3796/1975/2678 3168/1595/2183
f 3797/1971/2679 3166/1592/2181 3165/1594/2180
f 3163/1591/2178 3798/1976/2680 3799/1977/2681
f 3163/1591/2178 3799/1977/2681 3164/1593/2179
f 3800/1976/2682 3190/1597/2205 3189/1608/2204
f 3171/1597/2186 3801/1976/2683 3802/1978/2684
f 3171/1597/2186 3802/1978/2684 3172/1598/2187
f 3803/1976/2685 3161/1591/2176 3160/1590/2175
f 3178/1580/2193 3804/1965/2686 3805/1979/2687
f 3178/1580/2193 3805/1979/2687 3175/1601/2190
f 3806/1965/2688 3170/1581/2185 3169/1596/2184
s 0
f 3807/1576/2689 3808/1963/2689 3809/1964/2689
f 3807/1576/2689 3809/1964/2689 3810/1575/2689
f 3811/1963/2690 3812/1580/2690 3813/1577/2690
f 3811/1963/2690 3813/1577/2690 3814/1964/2690
s 1
f 3183/1570/2198 3815/1961/2691 3816/1980/2692
f 3183/1570/2198 3816/1980/2692 3184/1605/2199
f 3817/1961/2693 3182/1576/2197 3181/1604/2196
f 3179/1575/2194 3818/1969/2694 3819/1981/2695
f 3179/1575/2194 3819/1981/2695 3180/1603/2195
f 3820/1969/2696 3205/1585/2221 3204/1616/2220
f 3187/1600/2202 3821/1967/2697 3822/1982/2698
f 3187/1600/2202 3822/1982/2698 3188/1607/2203
f 3823/1967/2699 3177/1577/2192 3176/1602/2191
f 3194/1566/2209 3824/1956/2700 3825/1983/2701
f 3194/1566/2209 3825/1983/2701 3191/1609/2206
f 3826/1956/2702 3186/1567/2201 3185/1606/2200
s 0
f 3827/1562/2703 3828/1954/2703 3829/1955/2703
f 3827/1562/2703 3829/1955/2703 3830/1561/2703
f 3831/1954/2704 3832/1566/2704 3833/1563/2704
f 3831/1954/2705 3833/1563/2705 3834/1955/2705
s 1
f 3198/1558/2214 3835/1952/2706 3836/1984/2707
f 3198/1558/2214 3836/1984/2707 3199/1613/2215
f 3837/1952/2708 3197/1562/2213 3196/1612/2212
f 3195/1561/2210 3838/1960/2294 3280/1611/2211
f 3838/1960/2294 3281/1571/2294 3280/1611/2211
f 3202/1588/2218 3839/1958/2709 3840/1985/2710
f 3202/1588/2218 3840/1985/2710 3203/1615/2219
f 3841/1958/2711 3193/1563/2208 3192/1610/2207
f 3208/1554/2225 3842/1950/2712 3843/1986/2713
f 3208/1554/2225 3843/1986/2713 3206/1617/2222
f 3844/1950/2714 3201/1555/2217 3200/1614/2216
s 0
f 3845/1550/2715 3846/1948/2715 3853/1949/2715
f 3845/1550/2715 3853/1949/2715 3852/1549/2715
f 3847/1948/2716 3848/1554/2716 3855/1551/2716
f 3847/1948/2716 3855/1551/2716 3854/1949/2716
s 1
f 3211/1546/2230 3849/1946/2717 3850/1987/2718
f 3211/1546/2230 3850/1987/2718 3212/1621/2231
f 3851/1946/2719 3210/1550/2229 3209/1620/2228
f 3219/1542/2237 3856/1944/2720 3857/1988/2721
f 3219/1542/2237 3857/1988/2721 3217/1623/2234
f 3858/1944/2722 3214/1543/2233 3213/1622/2232
s 0
f 3859/1538/2723 3860/1942/2723 3869/1943/2723
f 3859/1538/2723 3869/1943/2723 3868/1537/2723
f 3861/1942/2724 3862/1542/2724 3863/1539/2724
f 3861/1942/2724 3863/1539/2724 3864/1943/2724
s 1
f 3222/1534/2242 3865/1940/2725 3866/1989/2726
f 3222/1534/2242 3866/1989/2726 3223/1627/2243
f 3867/1940/2727 3221/1538/2241 3220/1626/2240
f 3230/1530/2249 3870/1938/2728 3871/1990/2729
f 3230/1530/2249 3871/1990/2729 3228/1629/2246
f 3872/1938/2730 3225/1531/2245 3224/1628/2244
s 0
f 3873/1526/2731 3874/1936/2731 3882/1937/2731
f 3873/1526/2732 3882/1937/2732 3875/1525/2732
f 3876/1936/2733 3877/1530/2733 3878/1527/2733
f 3876/1936/2734 3878/1527/2734 3883/1937/2734
s 1
f 3233/1522/2254 3879/1934/2735 3880/1991/2736
f 3233/1522/2254 3880/1991/2736 3234/1633/2255
f 3881/1934/2737 3232/1526/2253 3231/1632/2252
f 3241/1518/2261 3884/1932/2738 3885/1992/2739
f 3241/1518/2261 3885/1992/2739 3239/1635/2258
f 3886/1932/2740 3236/1519/2257 3235/1634/2256
s 0
f 3887/1514/2741 3888/1930/2741 3889/1931/2741
f 3887/1514/2741 3889/1931/2741 3895/1513/2741
f 3890/1930/2742 3891/1518/2742 3897/1515/2742
f 3890/1930/2742 3897/1515/2742 3896/1931/2742
s 1
f 3244/1510/2266 3892/1928/2743 3893/1993/2744
f 3244/1510/2266 3893/1993/2744 3245/1639/2267
f 3894/1928/2745 3243/1514/2265 3242/1638/2264
f 3217/1623/2234 3898/1994/2746 3218/1624/2235
f 3899/1995/2747 3251/1644/2273 3261/1643/2272
f 3899/1995/2747 3261/1643/2272 3918/1996/2748
f 3251/1644/2273 3900/1997/2749 3250/1641/2270
f 3901/1998/2750 3213/1622/2232 3212/1621/2231
f 3250/1641/2270 3912/1999/2751 3262/1642/2271
f 3902/2000/2752 3209/1620/2228 3252/1619/2227
f 3902/2000/2752 3252/1619/2227 3903/1999/2753
f 3216/1549/2226 3904/2001/2754 3252/1619/2227
f 3905/2001/2755 3260/1652/2281 3259/1651/2280
f 3253/1645/2274 3906/2002/2756 3907/2003/2757
f 3253/1645/2274 3907/2003/2757 3254/1646/2275
f 3908/2002/2758 3215/1551/2224 3207/1618/2223
f 3262/1642/2271 3909/2004/2759 3910/2005/2760
f 3262/1642/2271 3910/2005/2760 3261/1643/2272
f 3911/2006/2761 3259/1651/2280 3258/1650/2279
f 3227/1537/2238 3913/2007/2762 3263/1625/2239
f 3914/2007/2763 3527/1737/2512 3526/1857/2511
f 3257/1649/2278 3915/2008/2764 3916/2009/2765
f 3257/1649/2278 3916/2009/2765 3258/1650/2279
f 3917/2008/2766 3226/1539/2236 3218/1624/2235
f 3206/1617/2222 3941/2010/2767 3207/1618/2223
f 3919/2011/2768 3265/1655/2285 3277/1654/2284
f 3919/2011/2768 3277/1654/2284 3942/2010/2769
f 3265/1655/2285 3920/2012/2770 3264/1559/2282
f 3921/2013/2771 3200/1614/2216 3199/1613/2215
f 3264/1559/2282 3922/2014/2772 3278/1653/2283
f 3923/2015/2773 3196/1612/2212 3280/1611/2211
f 3923/2015/2773 3280/1611/2211 3924/2014/2774
f 3268/1658/2288 3925/2016/2775 3266/1656/2286
f 3926/2016/2776 3256/1648/2277 3255/1647/2276
s 0
f 3927/1662/2705 3928/2017/2705 3929/2018/2705
f 3927/1662/2704 3929/2018/2704 3930/1659/2704
f 3931/2017/2703 3932/1658/2703 3933/1657/2703
f 3931/2017/2703 3933/1657/2703 3934/2018/2703
s 1
f 3273/1663/2218 3935/2019/2709 3936/2020/2777
f 3273/1663/2218 3936/2020/2777 3274/1664/2219
f 3937/2019/2778 3272/1662/2292 3271/1661/2291
f 3266/1656/2286 3924/2014/2774 3280/1611/2211
f 3278/1653/2283 3938/2021/2779 3939/2022/2780
f 3278/1653/2283 3939/2022/2780 3277/1654/2284
f 3940/2023/2781 3255/1647/2276 3254/1646/2275
f 3191/1609/2206 3943/2024/2782 3192/1610/2207
f 3944/2025/2783 3285/1670/2298 3284/1669/2297
f 3285/1670/2298 3945/2026/2784 3282/1667/2295
f 3946/2027/2785 3185/1606/2200 3184/1605/2199
f 3282/1667/2295 3947/2028/2786 3283/1668/2296
f 3948/2029/2787 3181/1604/2196 3180/1603/2195
f 3289/1674/2302 3949/2030/2694 3950/2031/2788
f 3289/1674/2302 3950/2031/2788 3286/1671/2299
f 3951/2030/2696 3276/1666/2221 3275/1665/2293
s 0
f 3952/1678/2690 3953/2032/2690 3954/2033/2690
f 3952/1678/2690 3954/2033/2690 3955/1675/2690
f 3956/2032/2689 3957/1674/2689 3958/1673/2689
f 3956/2032/2689 3958/1673/2689 3959/2033/2689
s 1
f 3294/1679/2202 3960/2034/2697 3961/2035/2789
f 3294/1679/2202 3961/2035/2789 3295/1680/2307
f 3962/2034/2790 3293/1678/2306 3292/1677/2305
f 3286/1671/2299 3963/2036/2791 3287/1672/2300
f 3964/2037/2792 3301/1686/2312 3300/1685/2311
f 3301/1686/2312 3965/2038/2793 3298/1683/2309
f 3966/2039/2794 3275/1665/2293 3274/1664/2219
f 3283/1668/2296 3967/2040/2793 3284/1669/2297
f 3968/2041/2795 3204/1616/2220 3203/1615/2219
f 3298/1683/2309 3969/2042/2796 3299/1684/2310
f 3970/2043/2797 3271/1661/2291 3270/1660/2290
f 3175/1601/2190 3971/2044/2798 3176/1602/2191
f 3972/2045/2799 3305/1690/2316 3304/1689/2315
f 3305/1690/2316 3973/2046/2800 3302/1687/2313
f 3974/2047/2801 3169/1596/2184 3168/1595/2183
f 3302/1687/2313 3975/2048/2802 3303/1688/2314
f 3976/2049/2803 3165/1594/2180 3164/1593/2179
f 3309/1694/2320 3977/2050/2804 3978/2051/2805
f 3309/1694/2320 3978/2051/2805 3306/1691/2317
f 3979/2050/2682 3297/1682/2205 3296/1681/2308
s 0
f 3980/1694/2676 3981/2052/2676 3982/2053/2676
f 3980/1694/2676 3982/2053/2676 3983/1693/2676
f 3984/2052/2675 3985/1694/2675 3986/1693/2675
f 3984/2052/2675 3986/1693/2675 3987/2053/2675
s 1
f 3314/1682/2186 3988/2050/2683 3989/2054/2806
f 3314/1682/2186 3989/2054/2806 3315/1697/2187
f 3990/2050/2807 3313/1694/2324 3312/1696/2323
f 3306/1691/2317 3991/2055/2808 3307/1692/2318
f 3992/2056/2809 3321/1702/2329 3320/1701/2328
f 3321/1702/2329 3993/2057/2810 3318/1699/2326
f 3994/2058/2811 3296/1681/2308 3295/1680/2307
f 3303/1688/2314 3995/2059/2810 3304/1689/2315
f 3996/2060/2812 3189/1608/2204 3188/1607/2203
f 3318/1699/2326 3997/2061/2813 3319/1700/2327
f 3998/2062/2814 3292/1677/2305 3291/1676/2304
f 3159/1589/2174 3999/2063/2815 3160/1590/2175
f 4000/2064/2816 3325/1706/2333 3324/1705/2332
f 3325/1706/2333 4001/2065/2817 3322/1703/2330
f 4002/2066/2818 3153/1583/2168 3152/1582/2167
f 3322/1703/2330 4003/2067/2819 3323/1704/2331
f 4004/2068/2820 3149/1579/2164 3148/1578/2163
f 3329/1678/2337 4005/2034/2821 4006/2069/2822
f 3329/1678/2337 4006/2069/2822 3326/1707/2334
f 4007/2034/2823 3317/1679/2189 3316/1698/2325
s 0
f 4008/1674/2662 4009/2032/2662 4010/2033/2662
f 4008/1674/2662 4010/2033/2662 4011/1673/2662
f 4012/2032/2661 4013/1678/2661 4014/1675/2661
f 4012/2032/2661 4014/1675/2661 4015/2033/2661
s 1
f 3334/1666/2170 4016/2030/2824 4017/2070/2670
f 3334/1666/2170 4017/2070/2670 3335/1711/2171
f 4018/2030/2825 3333/1674/2341 3332/1710/2340
f 3326/1707/2334 4019/2071/2826 3327/1708/2335
f 4020/2072/2827 3341/1716/2346 3340/1715/2345
f 3341/1716/2346 4021/2073/2828 3338/1713/2343
f 4022/2074/2829 3316/1698/2325 3315/1697/2187
f 3323/1704/2331 4023/2075/2828 3324/1705/2332
f 4024/2076/2830 3173/1599/2188 3172/1598/2187
f 3338/1713/2343 4025/2077/2831 3339/1714/2344
f 4026/2078/2832 3312/1696/2323 3311/1695/2322
f 3143/1573/2158 4027/2079/2833 3144/1574/2159
f 4028/2080/2834 3345/1720/2350 3344/1719/2349
f 3345/1720/2350 4029/2081/2835 3342/1717/2347
f 4030/2082/2836 3138/1569/2155 3137/1568/2154
f 3342/1717/2347 4031/2083/2837 3343/1718/2348
f 4032/2084/2838 3134/1565/2151 3133/1564/2150
f 3349/1662/2354 4033/2019/2839 4034/2085/2840
f 3349/1662/2354 4034/2085/2840 3346/1721/2351
f 4035/2019/2657 3337/1663/2173 3336/1712/2342
s 0
f 4036/1658/2651 4037/2017/2651 4038/2018/2651
f 4036/1658/2651 4038/2018/2651 4039/1657/2651
f 4040/2017/2649 4041/1662/2649 4042/1659/2649
s 1
f 4040/2017/2650 4042/1659/2650 4043/2018/2650
f 3353/1648/2358 4044/2016/2841 4045/2086/2842
f 3353/1648/2358 4045/2086/2842 3354/1724/2359
f 4046/2016/2843 3352/1658/2357 3351/1723/2356
f 3346/1721/2351 4047/2087/2844 3347/1722/2352
f 4048/2088/2845 3360/1729/2365 3359/1728/2364
f 3360/1729/2365 4049/2089/2846 3357/1726/2362
f 4050/2090/2847 3336/1712/2342 3335/1711/2171
f 3343/1718/2348 4051/2091/2848 3344/1719/2349
f 4052/2092/2849 3157/1587/2172 3156/1586/2171
f 3357/1726/2362 4053/2093/2850 3358/1727/2363
f 4054/2094/2851 3332/1710/2340 3331/1709/2339
f 3129/1559/2145 4055/2095/2852 3141/1560/2146
f 4056/2096/2853 3362/1731/2369 3368/1653/2368
f 4056/2096/2853 3368/1653/2368 4057/2095/2854
f 3362/1731/2369 4058/2097/2855 3361/1730/2366
f 4059/2098/2856 3125/1557/2143 3124/1556/2142
f 3361/1730/2366 4070/2099/2857 3369/1654/2367
f 4060/2100/2858 3121/1553/2139 3363/1552/2138
f 4060/2100/2858 3363/1552/2138 4061/2099/2859
f 3128/1551/2137 4062/2002/2860 3363/1552/2138
f 4063/2002/2861 3356/1645/2361 3355/1725/2360
f 3364/1652/2370 4064/2001/2862 4065/2101/2863
f 3364/1652/2370 4065/2101/2863 3365/1732/2371
f 4066/2001/2864 3127/1549/2135 3119/1548/2134
f 3369/1654/2367 4067/2102/2865 4068/2103/2866
f 3369/1654/2367 4068/2103/2866 3368/1653/2368
f 4069/2104/2867 3355/1725/2360 3354/1724/2359
f 4055/2095/2852 3351/1723/2356 3141/1560/2146
f 3118/1547/2133 4071/1999/2868 3119/1548/2134
f 4072/2105/2869 3371/1736/2377 3377/1642/2376
f 4072/2105/2869 3377/1642/2376 4086/2106/2870
f 3371/1736/2377 4073/2107/2871 3370/1734/2374
f 4074/2108/2872 3114/1545/2131 3113/1544/2130
f 3370/1734/2374 4075/2109/2873 3378/1735/2375
f 4076/2110/2874 3110/1541/2127 3372/1540/2126
f 4076/2110/2874 3372/1540/2126 4085/2109/2875
f 3117/1539/2125 4077/2008/2876 3372/1540/2126
f 4078/2008/2877 3367/1649/2373 3366/1733/2372
f 3373/1737/2378 4079/2007/2878 4080/2111/2879
f 3373/1737/2378 4080/2111/2879 3374/1738/2379
f 4081/2007/2880 3116/1537/2123 3108/1536/2122
f 3378/1735/2375 4082/2112/2881 4083/2113/2882
f 3378/1735/2375 4083/2113/2882 3377/1642/2376
f 4084/2114/2883 3366/1733/2372 3365/1732/2371
f 3107/1535/2121 4087/2115/2884 3108/1536/2122
f 4088/2116/2885 3380/1744/2385 3386/1743/2384
f 4088/2116/2885 3386/1743/2384 4089/2117/2886
f 3380/1744/2385 4090/2118/2887 3379/1741/2382
f 4091/2119/2888 3103/1533/2119 3102/1532/2118
f 3379/1741/2382 4101/2120/2889 3387/1742/2383
f 4092/2121/2890 3099/1529/2115 3381/1528/2114
f 4092/2121/2890 3381/1528/2114 4102/2122/2891
f 3106/1527/2113 4093/2123/2892 3381/1528/2114
f 4094/2123/2893 3376/1740/2381 3375/1739/2380
f 3382/1745/2386 4095/2124/2894 4096/2125/2895
f 3382/1745/2386 4096/2125/2895 3383/1746/2387
f 4097/2124/2896 3105/1525/2111 3097/1524/2110
f 3387/1742/2383 4098/2126/2897 4099/2127/2898
f 3387/1742/2383 4099/2127/2898 3386/1743/2384
f 4100/2128/2899 3375/1739/2380 3374/1738/2379
f 3096/1523/2109 4118/2129/2900 3097/1524/2110
f 4103/2130/2901 3389/1752/2393 3395/1751/2392
f 4103/2130/2901 3395/1751/2392 4104/2131/2902
f 3389/1752/2393 4105/2132/2903 3388/1749/2390
f 4106/2133/2904 3092/1521/2107 3091/1520/2106
f 3388/1749/2390 4107/2134/2905 3396/1750/2391
f 4108/2135/2906 3088/1517/2103 3390/1516/2102
f 4108/2135/2906 3390/1516/2102 4109/2136/2907
f 3095/1515/2101 4110/2137/2908 3390/1516/2102
f 4111/2137/2909 3385/1748/2389 3384/1747/2388
f 3391/1753/2394 4112/2138/2910 4113/2139/2911
f 3391/1753/2394 4113/2139/2911 3392/1754/2395
f 4114/2138/2912 3094/1513/2099 3086/1512/2098
f 3396/1750/2391 4115/2140/2913 4116/2141/2914
f 3396/1750/2391 4116/2141/2914 3395/1751/2392
f 4117/2142/2915 3384/1747/2388 3383/1746/2387
f 3085/1511/2097 4133/2143/2916 3086/1512/2098
f 4119/2144/2917 3398/1760/2401 3404/1759/2400
f 4119/2144/2917 3404/1759/2400 4134/2145/2918
f 3398/1760/2401 4120/2146/2919 3397/1757/2398
f 4121/2147/2920 3081/1509/2095 3080/1508/2094
f 3397/1757/2398 4122/2148/2921 3405/1758/2399
f 4123/2149/2922 3077/1506/2091 3399/1505/2090
f 4123/2149/2922 3399/1505/2090 4124/2150/2923
f 3084/1435/2089 4125/2151/2924 3399/1505/2090
f 4126/2151/2925 3394/1756/2397 3393/1755/2396
f 3400/1761/2402 4127/2152/2926 4128/2153/2927
f 3400/1761/2402 4128/2153/2927 3401/1762/2403
f 4129/2152/2928 3083/1437/2087 3075/1504/2086
f 3405/1758/2399 4130/2154/2929 4131/2155/2930
f 3405/1758/2399 4131/2155/2930 3404/1759/2400
f 4132/2156/2931 3393/1755/2396 3392/1754/2395
f 3074/1503/2085 4157/2157/2932 3075/1504/2086
f 4135/2158/2933 3407/1768/2409 3419/1767/2408
f 4135/2158/2933 3419/1767/2408 4158/2157/2934
f 3407/1768/2409 4136/2159/2935 3406/1765/2406
f 4137/2160/2936 3068/1500/2079 3067/1499/2078
f 3406/1765/2406 4138/2161/2937 3420/1766/2407
f 4139/2162/2938 3064/1498/2075 3422/1497/2074
f 4139/2162/2938 3422/1497/2074 4140/2161/2939
f 3410/1771/2412 4141/2163/2940 3408/1769/2410
f 4142/2163/2941 3403/1764/2405 3402/1763/2404
s 0
f 4143/1775/2597 4144/2164/2597 4145/2165/2597
f 4143/1775/2597 4145/2165/2597 4146/1772/2597
f 4147/2164/2596 4148/1771/2596 4149/1770/2596
f 4147/2164/2596 4149/1770/2596 4150/2165/2596
s 1
f 3415/1776/2081 4151/2166/2601 4152/2167/2942
f 3415/1776/2081 4152/2167/2942 3416/1777/2082
f 4153/2166/2943 3414/1775/2416 3413/1774/2415
f 3408/1769/2410 4140/2161/2939 3422/1497/2074
f 3420/1766/2407 4154/2168/2944 4155/2169/2945
f 3420/1766/2407 4155/2169/2945 3419/1767/2408
f 4156/2170/2946 3402/1763/2404 3401/1762/2403
f 3059/1495/2069 4159/2171/2947 3060/1496/2070
f 4160/2172/2948 3427/1783/2422 3426/1782/2421
f 3427/1783/2422 4161/2173/2949 3424/1780/2419
f 4162/2174/2950 3053/1492/2063 3052/1491/2062
f 3424/1780/2419 4163/2175/2951 3425/1781/2420
f 4164/2176/2952 3049/1490/2059 3048/1489/2058
f 3431/1787/2426 4165/2177/2587 4166/2178/2953
f 3431/1787/2426 4166/2178/2953 3428/1784/2423
f 4167/2177/2589 3418/1779/2084 3417/1778/2417
s 0
f 4168/1791/2583 4169/2179/2583 4170/2180/2583
f 4168/1791/2583 4170/2180/2583 4171/1788/2583
f 4172/2179/2582 4173/1787/2582 4174/1786/2582
f 4172/2179/2582 4174/1786/2582 4175/2180/2582
s 1
f 3436/1792/2065 4176/2181/2590 4177/2182/2954
f 3436/1792/2065 4177/2182/2954 3437/1793/2066
f 4178/2181/2955 3435/1791/2430 3434/1790/2429
f 3428/1784/2423 4179/2183/2956 3429/1785/2424
f 4180/2184/2957 3443/1799/2435 3442/1798/2434
f 3443/1799/2435 4181/2185/2958 3440/1796/2432
f 4182/2186/2959 3417/1778/2417 3416/1777/2082
f 3425/1781/2420 4183/2187/2960 3426/1782/2421
f 4184/2188/2961 3072/1502/2083 3071/1501/2082
f 3440/1796/2432 4185/2189/2962 3441/1797/2433
f 4186/2190/2963 3413/1774/2415 3412/1773/2414
f 3043/1487/2053 4187/2191/2964 3044/1488/2054
f 4188/2192/2965 3447/1803/2439 3446/1802/2438
f 3447/1803/2439 4189/2193/2966 3444/1800/2436
f 4190/2194/2967 3037/1482/2047 3036/1481/2046
f 3444/1800/2436 4191/2195/2968 3445/1801/2437
f 4192/2196/2969 3033/1480/2043 3032/1479/2042
f 3451/1807/2443 4193/2197/2573 4194/2198/2970
f 3451/1807/2443 4194/2198/2970 3448/1804/2440
f 4195/2197/2575 3439/1795/2068 3438/1794/2431
s 0
f 4196/1807/2971 4197/2199/2971 4198/2200/2971
f 4196/1807/2569 4198/2200/2569 4199/1806/2569
f 4200/2199/2568 4201/1807/2568 4202/1806/2568
f 4200/2199/2568 4202/1806/2568 4203/2200/2568
s 1
f 3456/1795/2049 4204/2197/2576 4205/2201/2972
f 3456/1795/2049 4205/2201/2972 3457/1810/2050
f 4206/2197/2973 3455/1807/2447 3454/1809/2446
f 3448/1804/2440 4207/2202/2974 3449/1805/2441
f 4208/2203/2975 3463/1815/2452 3462/1814/2451
f 3463/1815/2452 4209/2204/2976 3460/1812/2449
f 4210/2205/2977 3438/1794/2431 3437/1793/2066
f 3445/1801/2437 4211/2206/2976 3446/1802/2438
f 4212/2207/2978 3057/1494/2067 3056/1493/2066
f 3460/1812/2449 4213/2208/2979 3461/1813/2450
f 4214/2209/2980 3434/1790/2429 3433/1789/2428
f 3027/1475/2037 4215/2210/2981 3028/1476/2038
f 4216/2211/2982 3467/1819/2456 3466/1818/2455
f 3467/1819/2456 4217/2212/2983 3464/1816/2453
f 4218/2213/2984 3021/1469/2031 3020/1468/2030
f 3464/1816/2453 4219/2214/2985 3465/1817/2454
f 4220/2215/2986 3017/1465/2027 3016/1464/2026
f 3471/1791/2460 4221/2181/2558 4222/2216/2987
f 3471/1791/2460 4222/2216/2987 3468/1820/2457
f 4223/2181/2988 3459/1792/2052 3458/1811/2448
s 0
f 4224/1787/2554 4225/2179/2554 4226/2180/2554
f 4224/1787/2554 4226/2180/2554 4227/1786/2554
f 4228/2179/2553 4229/1791/2553 4230/1788/2553
f 4228/2179/2553 4230/1788/2553 4231/2180/2553
s 1
f 3476/1779/2033 4232/2177/2989 4233/2217/2562
f 3476/1779/2033 4233/2217/2562 3477/1824/2034
f 4234/2177/2990 3475/1787/2464 3474/1823/2463
f 3468/1820/2457 4235/2218/2991 3469/1821/2458
f 4236/2219/2992 3483/1829/2469 3482/1828/2468
f 3483/1829/2469 4237/2220/2993 3480/1826/2466
f 4238/2221/2994 3458/1811/2448 3457/1810/2050
f 3465/1817/2454 4239/2222/2993 3466/1818/2455
f 4240/2223/2995 3041/1485/2051 3040/1484/2050
f 3480/1826/2466 4241/2224/2996 3481/1827/2467
f 4242/2225/2997 3454/1809/2446 3453/1808/2445
f 3011/1459/2021 4243/2226/2998 3012/1460/2022
f 4244/2227/2999 3487/1833/2473 3486/1832/2472
f 3487/1833/2473 4245/2228/3000 3484/1830/2470
f 4246/2229/3001 3006/1455/2018 3005/1454/2017
f 3484/1830/2470 4247/2230/3002 3485/1831/2471
f 4248/2231/3003 3002/1451/2014 3001/1450/2013
f 3491/1775/2477 4249/2166/2547 4250/2232/3004
f 3491/1775/2477 4250/2232/3004 3488/1834/2474
f 4251/2166/2549 3479/1776/2036 3478/1825/2465
s 0
f 4252/1771/2543 4253/2164/2543 4254/2165/2543
f 4252/1771/2543 4254/2165/2543 4255/1770/2543
f 4256/2164/2542 4257/1775/2542 4258/1772/2542
f 4256/2164/2541 4258/1772/2541 4259/2165/2541
s 1
f 3495/1764/2481 4260/2163/3005 4261/2233/3006
f 3495/1764/2481 4261/2233/3006 3496/1837/2482
f 4262/2163/3007 3494/1771/2480 3493/1836/2479
f 3488/1834/2474 4263/2234/3008 3489/1835/2475
f 4264/2235/3009 3502/1842/2488 3501/1841/2487
f 3502/1842/2488 4265/2236/3010 3499/1839/2485
f 4266/2237/3011 3478/1825/2465 3477/1824/2034
f 3485/1831/2471 4267/2238/3012 3486/1832/2472
f 4268/2239/3013 3025/1473/2035 3024/1472/2034
f 3499/1839/2485 4269/2240/3014 3500/1840/2486
f 4270/2241/3015 3474/1823/2463 3473/1822/2462
f 2997/1445/2008 4271/2161/3016 3009/1446/2009
f 4272/2242/3017 3504/1845/2492 3510/1766/2491
f 4272/2242/3017 3510/1766/2491 4273/2161/3018
f 3504/1845/2492 4274/2243/3019 3503/1843/2489
f 4275/2244/3020 2993/1443/2006 2992/1442/2005
f 3503/1843/2489 4286/2157/3021 3511/1844/2490
f 4276/2245/3022 2989/1439/2002 3505/1438/2001
f 4276/2245/3022 3505/1438/2001 4277/2157/3023
f 2996/1437/2000 4278/2152/3024 3505/1438/2001
f 4279/2152/3025 3498/1761/2484 3497/1838/2483
f 3506/1756/2493 4280/2151/3026 4281/2246/3027
f 3506/1756/2493 4281/2246/3027 3507/1846/2494
f 4282/2151/3028 2995/1435/1998 2987/1434/1997
f 3511/1844/2490 4283/2247/3029 4284/2248/3030
f 3511/1844/2490 4284/2248/3030 3510/1766/2491
f 4285/2249/3031 3497/1838/2483 3496/1837/2482
f 4271/2161/3016 3493/1836/2479 3009/1446/2009
f 3514/1850/2500 4287/2250/3032 3512/1848/2497
f 4288/2251/3033 3246/1640/2268 3245/1639/2267
f 2986/1433/1996 4289/2150/3034 2987/1434/1997
f 4290/2252/3035 3514/1850/2500 3515/1758/2499
f 4290/2252/3035 3515/1758/2499 4294/2150/3036
f 3507/1846/2494 4291/2253/3037 3508/1847/2495
f 4292/2254/3038 3515/1758/2499 3513/1849/2498
f 4292/2254/3038 3513/1849/2498 4293/2255/3039
f 3512/1848/2497 4302/2256/3040 3513/1849/2498
f 4295/2257/3041 3242/1638/2264 3516/1637/2263
f 4295/2257/3041 3516/1637/2263 4296/2256/3042
f 3249/1513/2262 4297/2138/3043 3516/1637/2263
f 4298/2138/3044 3509/1753/2496 3508/1847/2495
f 3517/1748/2501 4299/2137/3045 4300/2258/3046
f 3517/1748/2501 4300/2258/3046 3518/1851/2502
f 4301/2137/3047 3248/1515/2260 3240/1636/2259
f 3239/1635/2258 4303/2136/3048 3240/1636/2259
f 4304/2259/3049 3522/1855/2508 3528/1750/2507
f 4304/2259/3049 3528/1750/2507 4305/2136/3050
f 3522/1855/2508 4306/2260/3051 3521/1853/2505
f 4307/2261/3052 3235/1634/2256 3234/1633/2255
f 3521/1853/2505 4308/2131/3053 3529/1854/2506
f 4309/2262/3054 3231/1632/2252 3523/1631/2251
f 4309/2262/3054 3523/1631/2251 4310/2131/3055
f 3238/1525/2250 4311/2124/3056 3523/1631/2251
f 4312/2124/3057 3520/1745/2504 3519/1852/2503
f 3524/1740/2509 4313/2123/3058 4314/2263/3059
f 3524/1740/2509 4314/2263/3059 3525/1856/2510
f 4315/2123/3060 3237/1527/2248 3229/1630/2247
f 3529/1854/2506 4316/2264/3061 4317/2265/3062
f 3529/1854/2506 4317/2265/3062 3528/1750/2507
f 4318/2266/3063 3519/1852/2503 3518/1851/2502
f 3228/1629/2246 4319/2120/3064 3229/1630/2247
f 4320/2267/3065 3531/1861/2516 3532/1860/2515
f 4320/2267/3065 3532/1860/2515 4329/2120/3066
f 3531/1861/2516 4321/2268/3067 3530/1858/2513
f 4322/2269/3068 3224/1628/2244 3223/1627/2243
f 3530/1858/2513 4323/2117/3069 3533/1859/2514
f 4324/2270/3070 3220/1626/2240 3263/1625/2239
f 4324/2270/3070 3263/1625/2239 4328/2115/3071
f 3533/1859/2514 4325/2271/3072 4326/2272/3073
f 3533/1859/2514 4326/2272/3073 3532/1860/2515
f 4327/2273/3074 3526/1857/2511 3525/1856/2510
f 3489/1835/2475 4330/2274/3075 3490/1772/2476
f 4331/2275/3076 3535/1863/2017 3534/1862/2016
f 4331/2275/3076 3534/1862/2016 4332/2274/2544
f 3535/1863/2017 4333/2276/3077 3536/1864/2517
f 4334/2277/3000 3501/1841/2487 3500/1840/2486
f 3536/1864/2517 4335/2278/2552 3537/1865/2019
f 4336/2279/3078 3473/1822/2462 3472/1786/2461
f 4336/2279/3078 3472/1786/2461 4337/2278/3079
f 3538/1866/2029 4338/2280/3080 4339/2281/3081
f 3538/1866/2029 4339/2281/3081 3539/1867/2518
f 4340/2280/3082 3470/1788/2459 3469/1821/2458
f 3539/1867/2518 4341/2282/3083 3540/1868/2519
f 4342/2283/2983 3482/1828/2468 3481/1827/2467
f 3540/1868/2519 4343/2284/2566 3541/1869/2032
f 4344/2285/3084 3453/1808/2445 3452/1806/2444
f 4344/2285/3084 3452/1806/2444 4345/2284/2564
f 3542/1869/2045 4346/2284/2570 4347/2286/3085
f 3542/1869/2045 4347/2286/3085 3543/1870/2046
f 4348/2284/3086 3450/1806/2442 3449/1805/2441
f 3543/1870/2046 4349/2287/3087 3544/1871/2520
f 4350/2288/2966 3462/1814/2451 3461/1813/2450
f 3544/1871/2520 4351/2280/3088 3545/1866/2048
f 4352/2289/3089 3433/1789/2428 3432/1788/2427
f 4352/2289/3089 3432/1788/2427 4353/2280/2579
f 3546/1865/2061 4354/2278/2584 4355/2290/3090
f 3546/1865/2061 4355/2290/3090 3547/1872/2521
f 4356/2278/3091 3430/1786/2425 3429/1785/2424
f 3547/1872/2521 4357/2291/3092 3548/1873/2522
f 4358/2292/3093 3442/1798/2434 3441/1797/2433
f 3548/1873/2522 4359/2274/2595 3549/1862/2064
f 4360/2293/3094 3412/1773/2414 3411/1772/2413
f 4360/2293/3094 3411/1772/2413 4361/2274/2593
f 3421/1458/2418 4362/2294/2418 3422/1497/2074
f 4362/2294/2418 3409/1770/2411 3422/1497/2074
f 3141/1560/2146 4363/2295/2157 3142/1572/2157
f 3141/1560/2146 3350/1657/2355 4363/2295/2157
f 3550/1874/2153 4364/2296/2652 4365/2297/3095
f 3550/1874/2153 4365/2297/3095 3551/1875/2154
f 4366/2296/3096 3348/1659/2353 3347/1722/2352
f 3551/1875/2154 4367/2298/3097 3552/1876/2523
f 4368/2299/2835 3359/1728/2364 3358/1727/2363
f 3552/1876/2523 4369/2300/2660 3553/1877/2156
f 4370/2301/3098 3331/1709/2339 3330/1673/2338
f 4370/2301/3098 3330/1673/2338 4371/2300/2658
f 3554/1878/2166 4372/2302/3099 4373/2303/3100
f 3554/1878/2166 4373/2303/3100 3555/1879/2524
f 4374/2302/3101 3328/1675/2336 3327/1708/2335
f 3555/1879/2524 4375/2304/3102 3556/1880/2525
f 4376/2305/2817 3340/1715/2345 3339/1714/2344
f 3556/1880/2525 4377/2306/2674 3557/1881/2169
f 4378/2307/3103 3311/1695/2322 3310/1693/2321
f 4378/2307/3103 3310/1693/2321 4379/2306/2672
f 3558/1881/2182 4380/2306/2677 4381/2308/3104
f 3558/1881/2182 4381/2308/3104 3559/1882/2183
f 4382/2306/3105 3308/1693/2319 3307/1692/2318
f 3559/1882/2183 4383/2309/3106 3560/1883/2526
f 4384/2310/2800 3320/1701/2328 3319/1700/2327
f 3560/1883/2526 4385/2302/2688 3561/1878/2185
f 4386/2311/3107 3291/1676/2304 3290/1675/2303
f 4386/2311/3107 3290/1675/2303 4387/2302/2686
f 3562/1877/2198 4388/2300/2691 4389/2312/3108
f 3562/1877/2198 4389/2312/3108 3563/1884/2527
f 4390/2300/3109 3288/1673/2301 3287/1672/2300
f 3563/1884/2527 4391/2313/3110 3564/1885/2528
f 4392/2314/2784 3300/1685/2311 3299/1684/2310
f 3564/1885/2528 4393/2296/2702 3565/1874/2201
f 4394/2315/3111 3270/1660/2290 3269/1659/2289
f 4394/2315/3111 3269/1659/2289 4395/2296/2700
f 3279/1572/2294 4396/2295/2294 3280/1611/2211
f 4396/2295/2294 3267/1657/2287 3280/1611/2211
f 3009/1446/2009 4397/2294/2020 3010/1458/2020
f 3009/1446/2009 3492/1770/2478 4397/2294/2020
f 4398/1890/3112 4399/1507/3113 4400/2316/3114
f 4401/2317/3115 4398/1890/3112 4400/2316/3114
f 4402/1896/3116 4403/1444/3117 4404/2318/3118
f 4405/2319/3119 4402/1896/3116 4404/2318/3118
f 4406/2320/3120 4407/1474/3121 4408/1898/3122
f 4408/1898/3122 4409/2321/3123 4406/2320/3120
f 4410/1905/3124 4411/1456/3125 4412/2322/3126
f 4413/2323/3127 4410/1905/3124 4412/2322/3126
f 4414/1909/3128 4415/1486/3129 4416/2324/3130
f 4417/2325/3131 4414/1909/3128 4416/2324/3130
f 4418/1911/3132 4419/1470/3133 4420/2326/3134
f 4421/2327/3135 4418/1911/3132 4420/2326/3134
f 4422/1916/3136 4423/1483/3137 4424/2328/3138
f 4425/2329/3139 4422/1916/3136 4424/2328/3138
f 4426/1901/3140 4427/1467/3141 4428/2330/3142
f 4429/2331/3143 4426/1901/3140 4428/2330/3142
f 4430/1907/3144 4431/1471/3145 4432/2332/3146
f 4433/2333/3147 4430/1907/3144 4432/2332/3146
f 4434/1892/3148 4435/1453/3149 4436/2334/3150
f 4437/2335/3151 4434/1892/3148 4436/2334/3150
f 4438/1898/3152 4439/1457/3153 4440/2336/3154
f 4441/2337/3155 4438/1898/3152 4440/2336/3154
f 4442/1886/3156 4443/1441/3157 4444/2338/3158
f 4445/2339/3159 4442/1886/3156 4444/2338/3158
f 4446/1932/3160 4447/1510/3161 4448/2340/3162
f 4449/2341/3163 4446/1932/3160 4448/2340/3162
f 4450/1938/3164 4451/1522/3165 4452/2342/3166
f 4453/2343/3167 4450/1938/3164 4452/2342/3166
f 4454/1944/3168 4455/1534/3169 4456/2344/3170
f 4457/2345/3171 4454/1944/3168 4456/2344/3170
f 4458/1950/3172 4459/1546/3173 4460/2346/3174
f 4461/2347/3175 4458/1950/3172 4460/2346/3174
f 4462/1956/3176 4463/1558/3177 4464/2348/3178
f 4465/2349/3179 4462/1956/3176 4464/2348/3178
f 4466/2350/3180 4467/1588/3181 4468/1958/3182
f 4468/1958/3182 4469/2351/3183 4466/2350/3180
f 4470/1965/3184 4471/1570/3185 4472/2352/3186
f 4473/2353/3187 4470/1965/3184 4472/2352/3186
f 4474/1969/3188 4475/1600/3189 4476/2354/3190
f 4477/2355/3191 4474/1969/3188 4476/2354/3190
f 4478/1971/3192 4479/1584/3193 4480/2356/3194
f 4481/2357/3195 4478/1971/3192 4480/2356/3194
f 4482/1976/3196 4483/1597/3197 4484/2358/3198
f 4485/2359/3199 4482/1976/3196 4484/2358/3198
f 4486/1961/3200 4487/1581/3201 4488/2360/3202
f 4489/2361/3203 4486/1961/3200 4488/2360/3202
f 4490/1967/3204 4491/1585/3205 4492/2362/3206
f 4493/2363/3207 4490/1967/3204 4492/2362/3206
f 4494/1952/3208 4495/1567/3209 4496/2364/3210
f 4497/2365/3211 4494/1952/3208 4496/2364/3210
f 4498/1958/3212 4499/1571/3213 4500/2366/3214
f 4501/2367/3215 4498/1958/3212 4500/2366/3214
f 4502/1946/3216 4503/1555/3217 4504/2368/3218
f 4505/2369/3219 4502/1946/3216 4504/2368/3218
f 4506/1940/3220 4507/1543/3221 4508/2370/3222
f 4509/2371/3223 4506/1940/3220 4508/2370/3222
f 4510/1934/3224 4511/1531/3225 4512/2372/3226
f 4513/2373/3227 4510/1934/3224 4512/2372/3226
f 4514/1928/3228 4515/1519/3229 4516/2374/3230
f 4517/2375/3231 4514/1928/3228 4516/2374/3230
f 4518/2002/3232 4519/1652/3233 4520/2376/3234
f 4521/2377/3235 4518/2002/3232 4520/2376/3234
f 3909/2004/2759 3262/1642/2271 3912/1999/2751
f 3903/1999/2753 3252/1619/2227 4522/2378/3236
f 4523/2008/3237 4524/1737/3238 4525/2379/3239
f 4526/2380/3240 4523/2008/3237 4525/2379/3239
f 3218/1624/2235 3898/1994/2746 4527/2381/3241
f 3918/1996/2748 3261/1643/2272 3910/2005/2760
f 4528/2019/3242 4529/1648/3243 4530/2382/3244
f 4531/2383/3245 4528/2019/3242 4530/2382/3244
f 3938/2021/2779 3278/1653/2283 3922/2014/2772
f 3207/1618/2223 3941/2010/2767 4532/2384/3246
f 3942/2010/2769 3277/1654/2284 3939/2022/2780
f 4533/2034/3204 4534/1666/3205 4535/2385/3247
f 4536/2386/3207 4533/2034/3204 4535/2385/3247
f 4537/2050/3248 4538/1682/3249 4539/2387/3250
f 4540/2388/3199 4537/2050/3248 4539/2387/3250
f 4541/2030/3188 4542/1679/3251 4543/2389/3190
f 4544/2386/3191 4541/2030/3188 4543/2389/3190
f 4545/2016/3252 4546/1663/3253 4547/2390/3254
f 4548/2383/3255 4545/2016/3252 4547/2390/3254
f 4549/2001/3256 4550/1645/3257 4551/2391/3258
f 4552/2392/3259 4549/2001/3256 4551/2391/3258
f 4067/2102/2865 3369/1654/2367 4070/2099/2857
f 4061/2099/2859 3363/1552/2138 4553/2384/3260
f 4057/2095/2854 3368/1653/2368 4068/2103/2866
f 4554/2007/3261 4555/1649/3262 4556/2393/3263
f 4557/2394/3264 4554/2007/3261 4556/2393/3263
f 4082/2112/2881 3378/1735/2375 4075/2109/2873
f 4085/2109/2875 3372/1540/2126 4558/2381/3265
f 3119/1548/2134 4071/1999/2868 4559/2378/3266
f 4086/2106/2870 3377/1642/2376 4083/2113/2882
f 4560/2124/3267 4561/1740/3268 4562/2395/3269
f 4563/2396/3270 4560/2124/3267 4562/2395/3269
f 4098/2126/2897 3387/1742/2383 4101/2120/2889
f 4102/2122/2891 3381/1528/2114 4564/2397/3271
f 3108/1536/2122 4087/2115/2884 4565/2398/3272
f 4089/2117/2886 3386/1743/2384 4099/2127/2898
f 4566/2138/3273 4567/1748/3274 4568/2399/3275
f 4569/2400/3276 4566/2138/3273 4568/2399/3275
f 4115/2140/2913 3396/1750/2391 4107/2134/2905
f 4109/2136/2907 3390/1516/2102 4570/2401/3277
f 3097/1524/2110 4118/2129/2900 4571/2402/3278
f 4104/2131/2902 3395/1751/2392 4116/2141/2914
f 4572/2152/3279 4573/1756/3280 4574/2403/3281
f 4575/2404/3282 4572/2152/3279 4574/2403/3281
f 4130/2154/2929 3405/1758/2399 4122/2148/2921
f 4124/2150/2923 3399/1505/2090 4576/2405/3283
f 3086/1512/2098 4133/2143/2916 4577/2406/3284
f 4134/2145/2918 3404/1759/2400 4131/2155/2930
f 4578/2166/3285 4579/1764/3286 4580/2407/3287
f 4581/2408/3288 4578/2166/3285 4580/2407/3287
f 4154/2168/2944 3420/1766/2407 4138/2161/2937
f 3075/1504/2086 4157/2157/2932 4582/2409/3289
f 4158/2157/2934 3419/1767/2408 4155/2169/2945
f 4583/2181/3144 4584/1779/3145 4585/2410/3290
f 4586/2411/3291 4583/2181/3144 4585/2410/3290
f 4587/2197/3136 4588/1795/3292 4589/2412/3138
f 4590/2413/3139 4587/2197/3136 4589/2412/3138
f 4591/2177/3128 4592/1792/3293 4593/2414/3130
f 4594/2411/3294 4591/2177/3128 4593/2414/3130
f 4595/2163/3295 4596/1776/3296 4597/2415/3297
f 4598/2416/3298 4595/2163/3295 4597/2415/3297
f 4599/2151/3299 4600/1761/3300 4601/2417/3301
f 4602/2418/3302 4599/2151/3299 4601/2417/3301
f 4283/2247/3029 3511/1844/2490 4286/2157/3021
f 4277/2157/3023 3505/1438/2001 4603/2409/3303
f 4273/2161/3018 3510/1766/2491 4284/2248/3030
f 2987/1434/1997 4289/2150/3034 4604/2405/3304
f 4294/2150/3036 3515/1758/2499 4292/2254/3038
f 4605/2137/3305 4606/1753/3306 4607/2419/3307
f 4608/2420/3308 4605/2137/3305 4607/2419/3307
f 4293/2255/3039 3513/1849/2498 4302/2256/3040
f 4296/2256/3042 3516/1637/2263 4609/2406/3309
f 4610/2123/3310 4611/1745/3311 4612/2421/3312
f 4613/2422/3313 4610/2123/3310 4612/2421/3312
f 4316/2264/3061 3529/1854/2506 4308/2131/3053
f 4310/2131/3055 3523/1631/2251 4614/2402/3314
f 3240/1636/2259 4303/2136/3048 4615/2401/3315
f 4305/2136/3050 3528/1750/2507 4317/2265/3062
f 4325/2271/3072 3533/1859/2514 4323/2117/3069
f 4328/2115/3071 3263/1625/2239 4616/2398/3316
f 3229/1630/2247 4319/2120/3064 4617/2397/3317
f 4329/2120/3066 3532/1860/2515 4326/2272/3073
f 4618/2280/3318 4619/1865/3319 4620/2423/3320
f 4621/2424/3127 4618/2280/3318 4620/2423/3320
f 4622/2284/3321 4623/1869/3322 4624/2425/3134
f 4625/2426/3323 4622/2284/3321 4624/2425/3134
f 4626/2278/3140 4627/1866/3141 4628/2427/3142
f 4629/2424/3324 4626/2278/3140 4628/2427/3142
f 4630/2428/3325 4631/1862/3326 4632/2274/3327
f 4632/2274/3327 4633/2429/3328 4630/2428/3325
f 4634/2296/3329 4635/1572/3330 4636/2430/3331
f 4637/2431/3332 4634/2296/3329 4636/2430/3331
f 4638/2302/3184 4639/1877/3333 4640/2432/3186
f 4641/2433/3187 4638/2302/3184 4640/2432/3186
f 4642/2306/3192 4643/1881/3193 4644/2434/3334
f 4645/2435/3335 4642/2306/3192 4644/2434/3334
f 4646/2300/3336 4647/1878/3337 4648/2436/3202
f 4649/2437/3203 4646/2300/3336 4648/2436/3202
f 4650/2438/3338 4651/1874/3339 4652/2296/3340
f 4652/2296/3340 4653/2431/3341 4650/2438/3338
f 4654/2274/3342 4655/1458/3343 4656/2439/3344
f 4657/2440/3345 4654/2274/3342 4656/2439/3344
f 4660/1436/3346 4662/1890/3347 4659/1886/3348
f 4662/1890/3347 4660/1436/3346 4661/2441/3349
f 4659/1886/3348 4663/1441/3350 4658/1507/3351
f 4663/1441/3350 4659/1886/3348 4662/1890/3347
f 4665/1892/3352 4669/1453/3353 4664/1444/3354
f 4669/1453/3353 4665/1892/3352 4668/1896/3355
f 4666/1448/3356 4668/1896/3355 4665/1892/3352
f 4668/1896/3355 4666/1448/3356 4667/2442/3357
f 4670/1474/3358 4671/2443/3359 4674/1457/3360
f 4673/1447/3361 4671/2443/3362 4672/2444/3363
f 4676/1901/3364 4680/1467/3365 4675/1456/3366
f 4680/1467/3365 4676/1901/3364 4679/1905/3367
f 4679/1905/3367 4676/1901/3364 4677/1462/3368
f 4679/1905/3367 4677/1462/3368 4678/2445/3369
f 4681/1486/3370 4685/1909/3371 4686/1471/3372
f 4685/1909/3371 4681/1486/3370 4682/1907/3373
f 4685/1909/3371 4682/1907/3373 4684/1461/3374
f 4684/1461/3374 4682/1907/3373 4683/2446/3375
f 4688/1911/3376 4692/1470/3377 4687/1470/3378
f 4692/1470/3377 4688/1911/3376 4691/1911/3379
f 4691/1911/3379 4688/1911/3376 4689/1478/3380
f 4691/1911/3379 4689/1478/3380 4690/2447/3381
f 4694/1916/3382 4698/1483/3383 4693/1483/3384
f 4698/1483/3383 4694/1916/3382 4697/1916/3385
f 4697/1916/3385 4694/1916/3382 4695/1477/3386
f 4697/1916/3385 4695/1477/3386 4696/2448/3387
f 4699/1467/3388 4703/1901/3389 4704/1456/3390
f 4703/1901/3389 4699/1467/3388 4700/1905/3391
f 4703/1901/3389 4700/1905/3391 4702/1462/3392
f 4702/1462/3392 4700/1905/3391 4701/2449/3393
f 4706/1909/3394 4710/1486/3395 4705/1471/3396
f 4710/1486/3395 4706/1909/3394 4709/1907/3397
f 4709/1907/3397 4706/1909/3394 4707/1461/3398
f 4709/1907/3397 4707/1461/3398 4708/2446/3399
f 4711/1453/3400 4715/1892/3401 4716/1444/3402
f 4715/1892/3401 4711/1453/3400 4712/1896/3403
f 4712/1896/3403 4714/1448/3404 4715/1892/3401
f 4714/1448/3404 4712/1896/3403 4713/2450/3405
f 4718/2443/3406 4721/1474/3407 4717/1457/3408
f 4718/2443/3409 4719/1447/3410 4720/2451/3411
f 4722/1441/3412 4726/1886/3413 4727/1507/3414
f 4726/1886/3413 4722/1441/3412 4723/1890/3415
f 4723/1890/3415 4725/1436/3416 4726/1886/3413
f 4725/1436/3416 4723/1890/3415 4724/2452/3417
f 4728/1510/3418 4732/1932/3419 4733/1519/3420
f 4732/1932/3419 4728/1510/3418 4729/1928/3421
f 4732/1932/3419 4729/1928/3421 4731/1518/3422
f 4731/1518/3422 4729/1928/3421 4730/2453/3423
f 4734/1522/3424 4738/1938/3425 4739/1531/3426
f 4738/1938/3425 4734/1522/3424 4735/1934/3427
f 4738/1938/3425 4735/1934/3427 4737/1530/3428
f 4737/1530/3428 4735/1934/3427 4736/2454/3429
f 4740/1534/3430 4743/1944/3431 4744/1543/3432
f 4743/1944/3431 4740/1534/3430 4741/1940/3433
f 4743/1944/3431 4741/1940/3433 4742/2455/3434
f 4745/1546/3435 4749/1950/3436 4750/1555/3437
f 4749/1950/3436 4745/1546/3435 4746/1946/3438
f 4748/2456/3439 4749/1950/3436 4747/1550/3440
f 4747/1550/3440 4749/1950/3436 4746/1946/3438
f 4751/1558/3441 4754/1956/3442 4755/1567/3443
f 4754/1956/3442 4751/1558/3441 4752/1952/3444
f 4752/1952/3444 4753/2457/3445 4754/1956/3442
f 4758/2458/3446 4759/2459/3447 4757/1958/3448
f 4757/1958/3448 4760/1571/3449 4756/1588/3450
f 4760/1571/3449 4757/1958/3448 4759/2459/3447
f 4762/1961/3451 4763/2460/3452 4764/1965/3453
f 4762/1961/3451 4764/1965/3453 4765/1581/3454
f 4762/1961/3451 4765/1581/3454 4761/1570/3455
f 4768/2461/3456 4769/1969/3457 4767/1967/3458
f 4767/1967/3458 4769/1969/3457 4766/1600/3459
f 4766/1600/3459 4769/1969/3457 4770/1585/3460
f 4772/1971/3461 4773/2462/3462 4774/1971/3463
f 4772/1971/3461 4774/1971/3463 4775/1584/3464
f 4772/1971/3461 4775/1584/3464 4771/1584/3465
f 4777/1976/3466 4778/2463/3467 4779/1976/3468
f 4777/1976/3466 4779/1976/3468 4780/1597/3469
f 4777/1976/3466 4780/1597/3469 4776/1597/3470
f 4783/2464/3471 4784/1961/3472 4782/1965/3473
f 4782/1965/3473 4784/1961/3472 4781/1581/3474
f 4781/1581/3474 4784/1961/3472 4785/1570/3475
f 4787/1969/3476 4788/2465/3477 4789/1967/3478
f 4787/1969/3476 4789/1967/3478 4790/1600/3479
f 4787/1969/3476 4790/1600/3479 4786/1585/3480
f 4793/2466/3481 4794/1952/3482 4792/1956/3483
f 4792/1956/3483 4795/1558/3484 4791/1567/3485
f 4795/1558/3484 4792/1956/3483 4794/1952/3482
f 4796/1571/3486 4799/1958/3487 4800/1588/3488
f 4799/1958/3487 4796/1571/3486 4797/2467/3489
f 4797/2467/3489 4798/2458/3490 4799/1958/3487
f 4802/1950/3491 4803/2468/3492 4804/1550/3493
f 4802/1950/3491 4804/1550/3493 4805/1946/3494
f 4802/1950/3491 4806/1546/3495 4801/1555/3496
f 4806/1546/3495 4802/1950/3491 4805/1946/3494
f 4808/1944/3497 4811/1534/3498 4807/1543/3499
f 4811/1534/3498 4808/1944/3497 4810/1940/3500
f 4810/1940/3500 4808/1944/3497 4809/2469/3501
f 4813/1938/3502 4817/1522/3503 4812/1531/3504
f 4817/1522/3503 4813/1938/3502 4816/1934/3505
f 4816/1934/3505 4813/1938/3502 4814/1530/3506
f 4816/1934/3505 4814/1530/3506 4815/2454/3507
f 4819/1932/3508 4823/1510/3509 4818/1519/3510
f 4823/1510/3509 4819/1932/3508 4822/1928/3511
f 4822/1928/3511 4819/1932/3508 4820/1518/3512
f 4822/1928/3511 4820/1518/3512 4821/2470/3513
f 4824/1652/3514 4828/2002/3515 4829/1645/3516
f 4828/2002/3515 4824/1652/3514 4825/2001/3517
f 4827/2471/3518 4828/2002/3515 4826/1549/3519
f 4826/1549/3519 4828/2002/3515 4825/2001/3517
f 4830/1737/3520 4833/2008/3521 4834/1649/3522
f 4833/2008/3521 4830/1737/3520 4831/2007/3523
f 4833/2008/3521 4831/2007/3523 4832/2472/3524
f 4835/1648/3525 4838/2019/3526 4839/1663/3527
f 4838/2019/3526 4835/1648/3525 4836/2016/3528
f 4836/2016/3528 4837/2473/3529 4838/2019/3526
f 4841/2030/3476 4842/2474/3530 4843/2034/3478
f 4841/2030/3476 4843/2034/3478 4844/1679/3531
f 4841/2030/3476 4844/1679/3531 4840/1666/3532
f 4846/2050/3466 4847/2475/3533 4848/2050/3468
f 4846/2050/3466 4848/2050/3468 4849/1682/3469
f 4846/2050/3466 4849/1682/3469 4845/1682/3470
f 4852/2474/3534 4853/2030/3457 4851/2034/3458
f 4851/2034/3458 4853/2030/3457 4850/1679/3459
f 4850/1679/3459 4853/2030/3457 4854/1666/3460
f 4857/2476/3535 4858/2016/3536 4856/2019/3537
f 4856/2019/3537 4859/1648/3538 4855/1663/3539
f 4859/1648/3538 4856/2019/3537 4858/2016/3536
f 4861/2002/3540 4862/2471/3541 4863/1549/3542
f 4861/2002/3540 4863/1549/3542 4864/2001/3543
f 4861/2002/3540 4865/1652/3544 4860/1645/3545
f 4865/1652/3544 4861/2002/3540 4864/2001/3543
f 4867/2008/3546 4870/1737/3547 4866/1649/3548
f 4870/1737/3547 4867/2008/3546 4869/2007/3549
f 4869/2007/3549 4867/2008/3546 4868/2477/3550
f 4872/2123/3551 4876/1745/3552 4871/1740/3553
f 4876/1745/3552 4872/2123/3551 4875/2124/3554
f 4875/2124/3554 4872/2123/3551 4873/1527/3555
f 4875/2124/3554 4873/1527/3555 4874/2478/3556
f 4878/2137/3557 4882/1753/3558 4877/1748/3559
f 4882/1753/3558 4878/2137/3557 4881/2138/3560
f 4881/2138/3560 4878/2137/3557 4879/1515/3561
f 4881/2138/3560 4879/1515/3561 4880/2479/3562
f 4885/1435/3563 4887/2152/3564 4884/2151/3565
f 4887/2152/3564 4885/1435/3563 4886/2480/3566
f 4884/2151/3565 4888/1761/3567 4883/1756/3568
f 4888/1761/3567 4884/2151/3565 4887/2152/3564
f 4890/2163/3569 4894/1776/3570 4889/1764/3571
f 4894/1776/3570 4890/2163/3569 4893/2166/3572
f 4891/1771/3573 4893/2166/3572 4890/2163/3569
f 4893/2166/3572 4891/1771/3573 4892/2481/3574
f 4896/2177/3394 4900/1792/3395 4895/1779/3396
f 4900/1792/3395 4896/2177/3394 4899/2181/3575
f 4899/2181/3575 4896/2177/3394 4897/1787/3576
f 4899/2181/3575 4897/1787/3576 4898/2482/3577
f 4902/2197/3382 4906/1795/3383 4901/1795/3384
f 4906/1795/3383 4902/2197/3382 4905/2197/3385
f 4905/2197/3385 4902/2197/3382 4903/1807/3386
f 4905/2197/3385 4903/1807/3386 4904/2483/3578
f 4907/1792/3370 4911/2177/3371 4912/1779/3372
f 4911/2177/3371 4907/1792/3370 4908/2181/3373
f 4911/2177/3371 4908/2181/3373 4910/1787/3374
f 4910/1787/3374 4908/2181/3373 4909/2484/3375
f 4913/1776/3579 4917/2163/3580 4918/1764/3581
f 4917/2163/3580 4913/1776/3579 4914/2166/3582
f 4914/2166/3582 4916/1771/3583 4917/2163/3580
f 4916/1771/3583 4914/2166/3582 4915/2481/3584
f 4919/1761/3585 4923/2151/3586 4924/1756/3587
f 4923/2151/3586 4919/1761/3585 4920/2152/3588
f 4920/2152/3588 4922/1435/3589 4923/2151/3586
f 4922/1435/3589 4920/2152/3588 4921/2485/3590
f 4925/1753/3591 4929/2137/3592 4930/1748/3593
f 4929/2137/3592 4925/1753/3591 4926/2138/3594
f 4929/2137/3592 4926/2138/3594 4928/1515/3595
f 4928/1515/3595 4926/2138/3594 4927/2479/3596
f 4931/1745/3597 4935/2123/3598 4936/1740/3599
f 4935/2123/3598 4931/1745/3597 4932/2124/3600
f 4935/2123/3598 4932/2124/3600 4934/1527/3601
f 4934/1527/3601 4932/2124/3600 4933/2486/3602
f 4938/2278/3603 4942/1866/3365 4937/1865/3604
f 4942/1866/3365 4938/2278/3603 4941/2280/3367
f 4941/2280/3367 4938/2278/3603 4939/1786/3605
f 4941/2280/3367 4939/1786/3605 4940/2487/3369
f 4944/2284/3606 4948/1869/3377 4943/1869/3378
f 4948/1869/3377 4944/2284/3606 4947/2284/3379
f 4947/2284/3379 4944/2284/3606 4945/1806/3607
f 4947/2284/3379 4945/1806/3607 4946/2488/3608
f 4949/1866/3388 4953/2278/3609 4954/1865/3610
f 4953/2278/3609 4949/1866/3388 4950/2280/3611
f 4953/2278/3609 4950/2280/3611 4952/1786/3392
f 4952/1786/3392 4950/2280/3611 4951/2489/3393
f 4955/1862/3612 4959/2294/3613 4960/1458/3614
f 4959/2294/3613 4955/1862/3612 4956/2274/3615
f 4956/2274/3615 4958/1770/3616 4959/2294/3613
f 4958/1770/3616 4956/2274/3615 4957/2490/3617
f 4961/1572/3618 4964/2296/3619 4965/1874/3620
f 4964/2296/3619 4961/1572/3618 4962/2491/3621
f 4962/2491/3621 4963/2492/3622 4964/2296/3619
f 4967/2300/3451 4968/2493/3623 4969/2302/3453
f 4967/2300/3451 4969/2302/3453 4970/1878/3454
f 4967/2300/3451 4970/1878/3454 4966/1877/3624
f 4972/2306/3461 4973/2494/3462 4974/2306/3463
f 4972/2306/3461 4974/2306/3463 4975/1881/3464
f 4972/2306/3461 4975/1881/3464 4971/1881/3465
f 4978/2495/3625 4979/2300/3472 4977/2302/3626
f 4977/2302/3626 4979/2300/3472 4976/1878/3474
f 4976/1878/3474 4979/2300/3472 4980/1877/3627
f 4983/2492/3628 4984/2491/3629 4982/2296/3630
f 4982/2296/3630 4985/1572/3631 4981/1874/3632
f 4985/1572/3631 4982/2296/3630 4984/2491/3629
f 4987/2294/3633 4991/1862/3634 4986/1458/3635
f 4991/1862/3634 4987/2294/3633 4990/2274/3636
f 4988/1770/3637 4990/2274/3636 4987/2294/3633
f 4990/2274/3636 4988/1770/3637 4989/2490/3638
f 4992/2496/3639 4993/2497/3640 4994/2498/3641
f 4995/2499/3642 4992/2496/3639 4994/2498/3641
f 4996/2500/3643 4995/2499/3642 4994/2498/3641
f 4997/2501/3644 4996/2500/3643 4994/2498/3641
f 4998/2500/3645 4997/2501/3644 4994/2498/3641
f 4999/2499/3646 4998/2500/3645 4994/2498/3641
f 5000/2496/3647 4999/2499/3646 4994/2498/3641
f 5001/2497/3648 5000/2496/3647 4994/2498/3641
f 5002/2502/3649 5001/2497/3648 4994/2498/3641
f 5003/2503/3650 5002/2502/3649 4994/2498/3641
f 5004/2504/3651 5003/2503/3650 4994/2498/3641
f 5005/2505/3652 5004/2504/3651 4994/2498/3641
f 5006/2506/3653 5005/2505/3652 4994/2498/3641
f 5007/2507/3654 5006/2506/3653 4994/2498/3641
f 5008/2506/3655 5007/2507/3654 4994/2498/3641
f 5009/2505/3656 5008/2506/3655 4994/2498/3641
f 5010/2504/3657 5009/2505/3656 4994/2498/3641
f 4993/2497/3640 5011/2502/3658 4994/2498/3641
f 5012/2508/3659 5013/2509/3660 5014/2510/1834
f 5012/2508/3659 5014/2510/1834 5015/2511/1833
f 5013/2509/3660 5016/2512/3661 5017/2513/1837
f 5013/2509/3660 5017/2513/1837 5014/2510/1834
f 5016/2512/3661 5018/2514/3662 5019/2515/1839
f 5016/2512/3661 5019/2515/1839 5017/2513/1837
f 5018/2514/3662 5020/2516/3663 5021/2517/207
f 5018/2514/3662 5021/2517/207 5019/2515/1839
f 5020/2516/3663 5022/2514/3664 5023/2515/1842
f 5020/2516/3663 5023/2515/1842 5021/2517/207
f 5022/2514/3664 5024/2512/3665 5025/2513/1844
f 5022/2514/3664 5025/2513/1844 5023/2515/1842
f 5024/2512/3665 5026/2509/3666 5027/2510/1846
f 5024/2512/3665 5027/2510/1846 5025/2513/1844
f 5026/2509/3666 5028/2508/3667 5029/2511/1848
f 5026/2509/3666 5029/2511/1848 5027/2510/1846
f 5028/2508/3667 5030/2518/3668 5031/2519/1850
f 5028/2508/3667 5031/2519/1850 5029/2511/1848
f 5030/2518/3668 5032/2520/3669 5033/2521/1852
f 5030/2518/3668 5033/2521/1852 5031/2519/1850
f 5032/2520/3669 5034/2522/3670 5035/2523/1854
f 5032/2520/3669 5035/2523/1854 5033/2521/1852
f 5034/2522/3670 5036/2524/3671 5037/2525/1856
f 5034/2522/3670 5037/2525/1856 5035/2523/1854
f 5036/2524/3671 5038/2526/3672 5039/2527/1858
f 5036/2524/3671 5039/2527/1858 5037/2525/1856
f 5038/2526/3672 5040/2528/3673 5041/2529/208
f 5038/2526/3672 5041/2529/208 5039/2527/1858
f 5040/2528/3673 5042/2526/3674 5043/2527/1861
f 5040/2528/3673 5043/2527/1861 5041/2529/208
f 5042/2526/3674 5044/2524/3675 5045/2525/1863
f 5042/2526/3674 5045/2525/1863 5043/2527/1861
f 5044/2524/3675 5046/2522/3676 5047/2523/1865
f 5044/2524/3675 5047/2523/1865 5045/2525/1863
f 5046/2522/3676 5048/2520/3677 5049/2521/1867
f 5046/2522/3676 5049/2521/1867 5047/2523/1865
f 5048/2520/3677 5050/2518/3678 5051/2519/1869
f 5048/2520/3677 5051/2519/1869 5049/2521/1867
f 5050/2518/3678 5012/2508/3659 5015/2511/1833
f 5050/2518/3678 5015/2511/1833 5051/2519/1869
f 5012/2508/3659 5052/2530/1945 5053/2531/1944
f 5012/2508/3659 5053/2531/1944 5013/2509/3660
f 5054/2530/3679 4993/2497/3640 4992/2496/3639
f 5054/2530/3679 4992/2496/3639 5055/2531/3679
f 4993/2497/3640 5056/2530/3680 5057/2532/3680
f 4993/2497/3640 5057/2532/3680 5011/2502/3658
f 5058/2530/1939 5012/2508/3659 5050/2518/3678
f 5058/2530/1939 5050/2518/3678 5059/2532/3681
f 5013/2509/3660 5060/2531/3682 5061/2533/1988
f 5013/2509/3660 5061/2533/1988 5016/2512/3661
f 5062/2531/3683 4992/2496/3639 4995/2499/3642
f 5062/2531/3683 4995/2499/3642 5063/2533/3683
f 5016/2512/3661 5064/2533/1954 5065/2534/1954
f 5016/2512/3661 5065/2534/1954 5018/2514/3662
f 5066/2533/3684 4995/2499/3642 4996/2500/3643
f 5066/2533/3684 4996/2500/3643 5067/2534/3684
f 5018/2514/3662 5068/2534/3685 5069/2535/3685
f 5018/2514/3662 5069/2535/3685 5020/2516/3663
f 5070/2534/3686 4996/2500/3643 4997/2501/3644
f 5070/2534/3686 4997/2501/3644 5071/2535/3686
f 5020/2516/3663 5072/2535/1965 5073/2534/1964
f 5020/2516/3663 5073/2534/1964 5022/2514/3664
f 5074/2535/3687 4997/2501/3644 4998/2500/3645
f 5074/2535/3687 4998/2500/3645 5075/2534/3687
f 5022/2514/3664 5076/2534/1969 5077/2533/1970
f 5022/2514/3664 5077/2533/1970 5024/2512/3665
f 5078/2534/3688 4998/2500/3645 4999/2499/3646
f 5078/2534/3688 4999/2499/3646 5079/2533/3688
f 5024/2512/3665 5080/2533/3689 5081/2531/3689
f 5024/2512/3665 5081/2531/3689 5026/2509/3666
f 5082/2533/3690 4999/2499/3646 5000/2496/3647
f 5082/2533/3690 5000/2496/3647 5083/2531/3690
f 5026/2509/3666 5084/2531/1978 5085/2530/1978
f 5026/2509/3666 5085/2530/1978 5028/2508/3667
f 5086/2531/3691 5000/2496/3647 5001/2497/3648
f 5086/2531/3691 5001/2497/3648 5087/2530/3691
f 5028/2508/3667 5088/2530/3692 5089/2532/3692
f 5028/2508/3667 5089/2532/3692 5030/2518/3668
f 5090/2530/3693 5001/2497/3648 5002/2502/3649
f 5090/2530/3693 5002/2502/3649 5091/2532/3693
f 5030/2518/3668 5092/2532/3694 5093/2536/3694
f 5030/2518/3668 5093/2536/3694 5032/2520/3669
f 5094/2532/3695 5002/2502/3649 5003/2503/3650
f 5094/2532/3695 5003/2503/3650 5095/2536/3695
f 5032/2520/3669 5096/2536/1892 5097/2537/1892
f 5032/2520/3669 5097/2537/1892 5034/2522/3670
f 5098/2536/3696 5003/2503/3650 5004/2504/3651
f 5098/2536/3696 5004/2504/3651 5099/2537/3696
f 5034/2522/3670 5100/2537/3697 5101/2538/3697
f 5034/2522/3670 5101/2538/3697 5036/2524/3671
f 5102/2537/3698 5004/2504/3651 5005/2505/3652
f 5102/2537/3698 5005/2505/3652 5103/2538/3698
f 5036/2524/3671 5104/2538/3699 5105/2539/3699
f 5036/2524/3671 5105/2539/3699 5038/2526/3672
f 5106/2538/3700 5005/2505/3652 5006/2506/3653
f 5106/2538/3700 5006/2506/3653 5107/2539/3700
f 5038/2526/3672 5108/2539/3701 5109/2540/3701
f 5038/2526/3672 5109/2540/3701 5040/2528/3673
f 5110/2539/3702 5006/2506/3653 5007/2507/3654
f 5110/2539/3702 5007/2507/3654 5111/2540/3702
f 5040/2528/3673 5112/2540/3703 5113/2539/3703
f 5040/2528/3673 5113/2539/3703 5042/2526/3674
f 5114/2540/3704 5007/2507/3654 5008/2506/3655
f 5114/2540/3704 5008/2506/3655 5115/2539/3704
f 5042/2526/3674 5116/2539/1921 5117/2538/1922
f 5042/2526/3674 5117/2538/1922 5044/2524/3675
f 5118/2539/3705 5008/2506/3655 5009/2505/3656
f 5118/2539/3705 5009/2505/3656 5119/2538/3705
f 5044/2524/3675 5120/2538/3706 5121/2537/1926
f 5044/2524/3675 5121/2537/1926 5046/2522/3676
f 5122/2538/3707 5009/2505/3656 5010/2504/3657
f 5122/2538/3707 5010/2504/3657 5123/2537/3707
f 5046/2522/3676 5124/2537/1930 5125/2536/3708
f 5046/2522/3676 5125/2536/3708 5048/2520/3677
f 5126/2537/3709 5010/2504/3657 4994/2498/3641
f 5048/2520/3677 5127/2536/3710 5128/2532/3710
f 5048/2520/3677 5128/2532/3710 5050/2518/3678
f 5129/2536/3711 4994/2498/3641 5011/2502/3658
f 5129/2536/3711 5011/2502/3658 5130/2532/3712
f 5131/2541/1833 5132/2542/1834 5133/2543/3713
f 5131/2541/1833 5133/2543/3713 5134/2544/3714
f 5132/2542/1834 5135/2545/1837 5136/2546/3715
f 5132/2542/1834 5136/2546/3715 5133/2543/3713
f 5135/2545/1837 5137/2547/1839 5138/2548/1839
f 5135/2545/1837 5138/2548/1839 5136/2546/3715
f 5137/2547/1839 5139/2549/207 5140/2550/207
f 5137/2547/1839 5140/2550/207 5138/2548/1839
f 5139/2549/207 5141/2547/1842 5142/2548/1842
f 5139/2549/207 5142/2548/1842 5140/2550/207
f 5141/2547/1842 5143/2545/1844 5144/2546/3716
f 5141/2547/1842 5144/2546/3716 5142/2548/1842
f 5143/2545/1844 5145/2542/1846 5146/2543/3717
f 5143/2545/1844 5146/2543/3717 5144/2546/3716
f 5145/2542/1846 5147/2541/1848 5148/2544/3718
f 5145/2542/1846 5148/2544/3718 5146/2543/3717
f 5147/2541/1848 5149/2551/1850 5150/2552/3719
f 5147/2541/1848 5150/2552/3719 5148/2544/3718
f 5149/2551/1850 5151/2553/1852 5152/2554/3720
f 5149/2551/1850 5152/2554/3720 5150/2552/3719
f 5151/2553/1852 5153/2555/1854 5154/2556/3721
f 5151/2553/1852 5154/2556/3721 5152/2554/3720
f 5153/2555/1854 5155/2557/1856 5156/2558/3722
f 5153/2555/1854 5156/2558/3722 5154/2556/3721
f 5155/2557/1856 5157/2559/1858 5158/2560/1858
f 5155/2557/1856 5158/2560/1858 5156/2558/3722
f 5157/2559/1858 5159/2561/208 5160/2562/208
f 5157/2559/1858 5160/2562/208 5158/2560/1858
f 5159/2561/208 5161/2559/1861 5162/2560/1861
f 5159/2561/208 5162/2560/1861 5160/2562/208
f 5161/2559/1861 5163/2557/1863 5164/2558/3723
f 5161/2559/1861 5164/2558/3723 5162/2560/1861
f 5163/2557/1863 5165/2555/1865 5166/2556/3724
f 5163/2557/1863 5166/2556/3724 5164/2558/3723
f 5165/2555/1865 5167/2553/1867 5168/2554/3725
f 5165/2555/1865 5168/2554/3725 5166/2556/3724
f 5167/2553/1867 5169/2551/1869 5170/2552/3726
f 5167/2553/1867 5170/2552/3726 5168/2554/3725
f 5169/2551/1869 5131/2541/1833 5134/2544/3714
f 5169/2551/1869 5134/2544/3714 5170/2552/3726
f 5171/2563/208 5172/2564/1861 5173/2565/1861
f 5171/2563/208 5173/2565/1861 5174/2566/208
f 5175/2564/1858 5171/2563/208 5174/2566/208
f 5175/2564/1858 5174/2566/208 5176/2565/1858
f 5177/2567/3727 5175/2564/1858 5176/2565/1858
f 5177/2567/3727 5176/2565/1858 5178/2568/3728
f 5154/2556/3721 5177/2567/3727 5178/2568/3728
f 5179/2569/3729 5146/2543/3717 5180/2570/3730
f 5181/2571/1842 5179/2569/3729 5180/2570/3730
f 5181/2571/1842 5180/2570/3730 5182/2572/1842
f 5183/2573/207 5181/2571/1842 5182/2572/1842
f 5183/2573/207 5182/2572/1842 5184/2574/207
f 5185/2571/1839 5183/2573/207 5184/2574/207
f 5185/2571/1839 5184/2574/207 5186/2572/1839
f 5187/2569/3731 5185/2571/1839 5186/2572/1839
f 5187/2569/3731 5186/2572/1839 5188/2570/3732
f 5133/2543/3713 5187/2569/3731 5188/2570/3732
f 5189/2567/3733 5166/2556/3724 5190/2568/3734
f 5172/2564/1861 5189/2567/3733 5190/2568/3734
f 5172/2564/1861 5190/2568/3734 5173/2565/1861
f 5154/2556/3721 5156/2558/3722 5177/2567/3727
f 5144/2546/3716 5146/2543/3717 5179/2569/3729
f 5133/2543/3713 5136/2546/3715 5187/2569/3731
f 5164/2558/3723 5166/2556/3724 5189/2567/3733
f 5191/2575/1852 5192/2576/1852 5193/2577/1854
f 5191/2575/1852 5193/2577/1854 5194/2578/1854
f 5194/2578/1854 5193/2577/1854 5195/2579/3735
f 5194/2578/1854 5195/2579/3735 5196/2580/1856
f 5196/2580/1856 5195/2579/3735 5197/2581/1858
f 5196/2580/1856 5197/2581/1858 5198/2582/1858
f 5198/2582/1858 5197/2581/1858 5199/2583/208
f 5198/2582/1858 5199/2583/208 5200/2584/208
f 5200/2584/208 5199/2583/208 5201/2581/1861
f 5200/2584/208 5201/2581/1861 5202/2582/1861
f 5202/2582/1861 5201/2581/1861 5203/2579/3736
f 5202/2582/1861 5203/2579/3736 5204/2580/1863
f 5204/2580/1863 5203/2579/3736 5205/2577/1865
f 5204/2580/1863 5205/2577/1865 5206/2578/1865
f 5206/2578/1865 5205/2577/1865 5207/2576/1867
f 5206/2578/1865 5207/2576/1867 5208/2575/1867
f 5208/2575/1867 5207/2576/1867 5209/2585/1869
f 5208/2575/1867 5209/2585/1869 5210/2551/1869
f 5210/2551/1869 5209/2585/1869 5211/2586/1833
f 5210/2551/1869 5211/2586/1833 5212/2587/1833
f 5212/2587/1833 5211/2586/1833 5213/2588/1834
f 5212/2587/1833 5213/2588/1834 5214/2589/1834
f 5214/2589/1834 5213/2588/1834 5215/2590/3737
f 5214/2589/1834 5215/2590/3737 5216/2591/1837
f 5216/2591/1837 5215/2590/3737 5217/2592/1839
f 5216/2591/1837 5217/2592/1839 5218/2593/1839
f 5218/2593/1839 5217/2592/1839 5219/2594/207
f 5218/2593/1839 5219/2594/207 5220/2595/207
f 5220/2595/207 5219/2594/207 5221/2592/1842
f 5220/2595/207 5221/2592/1842 5222/2593/1842
f 5222/2593/1842 5221/2592/1842 5223/2590/3738
f 5222/2593/1842 5223/2590/3738 5224/2591/1844
f 5224/2591/1844 5223/2590/3738 5225/2588/1846
f 5224/2591/1844 5225/2588/1846 5226/2589/1846
f 5226/2589/1846 5225/2588/1846 5227/2586/1848
f 5226/2589/1846 5227/2586/1848 5228/2587/1848
f 5228/2587/1848 5227/2586/1848 5229/2585/1850
f 5228/2587/1848 5229/2585/1850 5230/2551/1850
f 5230/2551/1850 5229/2585/1850 5192/2576/1852
f 5230/2551/1850 5192/2576/1852 5191/2575/1852
f 5231/2596/207 5232/2597/207 5233/2598/1842
f 5231/2596/207 5233/2598/1842 5234/2599/1842
f 5235/2599/1839 5236/2598/1839 5232/2597/207
f 5235/2599/1839 5232/2597/207 5231/2596/207
f 5237/2600/3739 5238/2601/1837 5236/2598/1839
f 5237/2600/3739 5236/2598/1839 5235/2599/1839
f 5213/2588/1834 5238/2601/1837 5237/2600/3739
f 5239/2602/3740 5240/2603/1863 5205/2577/1865
f 5241/2604/1861 5242/2605/1861 5240/2603/1863
f 5241/2604/1861 5240/2603/1863 5239/2602/3740
f 5243/2606/208 5244/2607/208 5242/2605/1861
f 5243/2606/208 5242/2605/1861 5241/2604/1861
f 5245/2604/1858 5246/2605/1858 5244/2607/208
f 5245/2604/1858 5244/2607/208 5243/2606/208
f 5247/2602/3741 5248/2603/1856 5246/2605/1858
f 5247/2602/3741 5246/2605/1858 5245/2604/1858
f 5193/2577/1854 5248/2603/1856 5247/2602/3741
f 5249/2600/3742 5250/2601/1844 5225/2588/1846
f 5234/2599/1842 5233/2598/1842 5250/2601/1844
f 5234/2599/1842 5250/2601/1844 5249/2600/3742
f 5213/2588/1834 5237/2600/3739 5215/2590/3737
f 5203/2579/3736 5239/2602/3740 5205/2577/1865
f 5193/2577/1854 5247/2602/3741 5195/2579/3735
f 5223/2590/3738 5249/2600/3742 5225/2588/1846
s 0
f 5251/2575/3743 5252/2578/3743 5253/2542/3743
f 5251/2575/3743 5253/2542/3743 5254/2541/3743
f 5252/2578/3743 5255/2580/3743 5256/2545/3743
f 5252/2578/3743 5256/2545/3743 5253/2542/3743
f 5255/2580/3743 5257/2582/3743 5258/2547/3743
f 5255/2580/3743 5258/2547/3743 5256/2545/3743
f 5259/2581/3744 5260/2579/3744 5261/2546/3744
f 5259/2581/3744 5261/2546/3744 5262/2548/3744
f 5257/2582/3743 5263/2584/3743 5264/2549/3743
f 5257/2582/3743 5264/2549/3743 5258/2547/3743
f 5265/2583/3744 5259/2581/3744 5262/2548/3744
f 5265/2583/3744 5262/2548/3744 5266/2550/3744
f 5263/2584/3743 5267/2582/3743 5268/2547/3743
f 5263/2584/3743 5268/2547/3743 5264/2549/3743
f 5269/2581/3744 5265/2583/3744 5266/2550/3744
f 5269/2581/3744 5266/2550/3744 5270/2548/3744
f 5267/2582/3743 5271/2580/3743 5272/2545/3743
f 5267/2582/3743 5272/2545/3743 5268/2547/3743
f 5273/2579/3744 5269/2581/3744 5270/2548/3744
f 5273/2579/3744 5270/2548/3744 5274/2546/3744
f 5271/2580/3743 5275/2578/3743 5276/2542/3743
f 5271/2580/3743 5276/2542/3743 5272/2545/3743
f 5275/2578/3743 5277/2575/3743 5278/2541/3743
f 5275/2578/3743 5278/2541/3743 5276/2542/3743
f 5277/2575/3743 5279/2551/3743 5280/2551/3743
f 5277/2575/3743 5280/2551/3743 5278/2541/3743
f 5279/2551/3743 5281/2587/3743 5282/2553/3743
f 5279/2551/3743 5282/2553/3743 5280/2551/3743
f 5281/2587/3743 5283/2589/3743 5284/2555/3743
f 5281/2587/3743 5284/2555/3743 5282/2553/3743
f 5283/2589/3743 5285/2591/3743 5286/2557/3743
f 5283/2589/3743 5286/2557/3743 5284/2555/3743
f 5285/2591/3743 5287/2593/3743 5288/2559/3743
f 5285/2591/3743 5288/2559/3743 5286/2557/3743
f 5289/2592/3744 5290/2590/3744 5291/2558/3744
f 5289/2592/3744 5291/2558/3744 5292/2560/3744
f 5287/2593/3743 5293/2595/3743 5294/2561/3743
f 5287/2593/3743 5294/2561/3743 5288/2559/3743
f 5295/2594/3744 5289/2592/3744 5292/2560/3744
f 5295/2594/3744 5292/2560/3744 5296/2562/3744
f 5293/2595/3743 5297/2593/3743 5298/2559/3743
f 5293/2595/3743 5298/2559/3743 5294/2561/3743
f 5299/2592/3744 5295/2594/3744 5296/2562/3744
f 5299/2592/3744 5296/2562/3744 5300/2560/3744
f 5297/2593/3743 5301/2591/3743 5302/2557/3743
f 5297/2593/3743 5302/2557/3743 5298/2559/3743
f 5303/2590/3744 5299/2592/3744 5300/2560/3744
f 5303/2590/3744 5300/2560/3744 5304/2558/3744
f 5301/2591/3743 5305/2589/3743 5306/2555/3743
f 5301/2591/3743 5306/2555/3743 5302/2557/3743
f 5305/2589/3743 5307/2587/3743 5308/2553/3743
f 5305/2589/3743 5308/2553/3743 5306/2555/3743
f 5307/2587/3743 5309/2551/3743 5310/2551/3743
f 5307/2587/3743 5310/2551/3743 5308/2553/3743
f 5309/2551/3743 5251/2575/3743 5254/2541/3743
f 5309/2551/3743 5254/2541/3743 5310/2551/3743
f 5311/2596/3743 5312/2599/3743 5313/2564/3743
f 5311/2596/3743 5313/2564/3743 5314/2563/3743
f 5315/2598/3744 5316/2597/3744 5317/2566/3744
f 5315/2598/3744 5317/2566/3744 5318/2565/3744
f 5319/2599/3743 5311/2596/3743 5314/2563/3743
f 5319/2599/3743 5314/2563/3743 5320/2564/3743
f 5316/2597/3744 5321/2598/3744 5322/2565/3744
f 5316/2597/3744 5322/2565/3744 5317/2566/3744
f 5323/2600/3743 5319/2599/3743 5320/2564/3743
f 5323/2600/3743 5320/2564/3743 5324/2567/3743
f 5321/2598/3744 5325/2601/3744 5326/2568/3744
f 5321/2598/3744 5326/2568/3744 5322/2565/3744
f 5325/2601/3744 5327/2588/3744 5328/2556/3744
f 5325/2601/3744 5328/2556/3744 5326/2568/3744
f 5327/2588/3744 5329/2586/3744 5330/2608/3744
f 5327/2588/3744 5330/2608/3744 5328/2556/3744
f 5329/2586/3744 5331/2585/3744 5332/2585/3744
f 5329/2586/3744 5332/2585/3744 5330/2608/3744
f 5331/2585/3744 5333/2576/3744 5334/2609/3744
f 5331/2585/3744 5334/2609/3744 5332/2585/3744
f 5333/2576/3744 5335/2577/3744 5336/2543/3744
f 5333/2576/3744 5336/2543/3744 5334/2609/3744
f 5335/2577/3744 5337/2603/3744 5338/2570/3744
f 5335/2577/3744 5338/2570/3744 5336/2543/3744
f 5339/2604/3743 5340/2602/3743 5341/2569/3743
f 5339/2604/3743 5341/2569/3743 5342/2571/3743
f 5337/2603/3744 5343/2605/3744 5344/2572/3744
f 5337/2603/3744 5344/2572/3744 5338/2570/3744
f 5345/2606/3743 5339/2604/3743 5342/2571/3743
f 5345/2606/3743 5342/2571/3743 5346/2573/3743
f 5343/2605/3744 5347/2607/3744 5348/2574/3744
f 5343/2605/3744 5348/2574/3744 5344/2572/3744
f 5349/2604/3743 5345/2606/3743 5346/2573/3743
f 5349/2604/3743 5346/2573/3743 5350/2571/3743
f 5347/2607/3744 5351/2605/3744 5352/2572/3744
f 5347/2607/3744 5352/2572/3744 5348/2574/3744
f 5353/2602/3743 5349/2604/3743 5350/2571/3743
f 5353/2602/3743 5350/2571/3743 5354/2569/3743
f 5351/2605/3744 5355/2603/3744 5356/2570/3744
f 5351/2605/3744 5356/2570/3744 5352/2572/3744
f 5355/2603/3744 5357/2577/3744 5358/2543/3744
f 5355/2603/3744 5358/2543/3744 5356/2570/3744
f 5357/2577/3744 5359/2576/3744 5360/2609/3744
f 5357/2577/3745 5360/2609/3745 5358/2543/3745
f 5359/2576/3744 5361/2585/3744 5362/2585/3744
f 5359/2576/3744 5362/2585/3744 5360/2609/3744
f 5361/2585/3744 5363/2586/3744 5364/2608/3744
f 5361/2585/3744 5364/2608/3744 5362/2585/3744
f 5363/2586/3744 5365/2588/3744 5366/2556/3744
f 5363/2586/3746 5366/2556/3746 5364/2608/3746
f 5365/2588/3744 5367/2601/3744 5368/2568/3744
f 5365/2588/3744 5368/2568/3744 5366/2556/3744
f 5312/2599/3743 5369/2600/3743 5370/2567/3743
f 5312/2599/3743 5370/2567/3743 5313/2564/3743
f 5367/2601/3744 5315/2598/3744 5318/2565/3744
f 5367/2601/3744 5318/2565/3744 5368/2568/3744
f 5371/2590/1846 5372/2600/1846 5373/2567/1846
f 5371/2590/1846 5373/2567/1846 5374/2558/1846
f 5375/2602/1854 5376/2579/1854 5377/2546/1854
f 5375/2602/1854 5377/2546/1854 5378/2569/1854
f 5379/2579/1865 5380/2602/1865 5381/2569/1865
f 5379/2579/1865 5381/2569/1865 5382/2546/1865
f 5383/2600/1834 5384/2590/1834 5385/2558/1834
f 5383/2600/1834 5385/2558/1834 5386/2567/1834
s 1
f 5387/2610/3747 5388/2611/3748 5389/2612/3749
f 5387/2610/3747 5389/2612/3749 5390/2613/3747
f 5388/2611/3748 5391/2614/208 5392/2615/208
f 5388/2611/3748 5392/2615/208 5389/2612/3749
f 5391/2614/208 5393/2611/3750 5394/2612/3751
f 5391/2614/208 5394/2612/3751 5392/2615/208
f 5393/2611/3750 5395/2610/3752 5396/2613/3752
f 5393/2611/3750 5396/2613/3752 5394/2612/3751
l 241 242
l 249 250
l 367 368
l 408 409
l 362 414
l 245 745
l 367 755
l 756 757
l 766 767
l 865 866
l 891 892
l 865 1198
l 1199 1200
l 1207 1208
l 1340 1341
l 1379 1380
l 1347 1390
l 1203 1717
l 1205 1718
l 1719 1720
l 1729 1730
l 1731 1732
l 1741 1742
l 1849 1872
l 1739 2165
l 2174 2175
