Unity Editor version:    6000.3.23f1 (09d2ecc7fb28)
Branch:                  6000.3/staging
Build type:              Release
Batch mode:              YES
macOS version:           Version 26.5 (Build 25F71)
Darwin version:          25.5.0
Architecture:            arm64
Running under Rosetta:   NO
Available memory:        16384 MB
Date:                    2026-09-14T17:20:28Z
[Licensing::Module] Trying to connect to existing licensing client channel...
[Licensing::IpcConnector] Channel LicenseClient-um-yunsang doesn't exist
Launching external process: /Applications/Unity/Unity-6000.3.23f1/Unity.app/Contents/Helpers/UnityLicensingClient.app/Contents/MacOS/Unity.Licensing.Client
[Licensing::Module] Successfully launched the LicensingClient (PId: 30103)
Launching external process: /Applications/Unity/Unity-6000.3.23f1/Unity.app/Contents/Resources/PackageManager/Server/UnityPackageManager

COMMAND LINE ARGUMENTS:
/Applications/Unity/Unity-6000.3.23f1/Unity.app/Contents/MacOS/Unity
-batchmode
-nographics
-projectPath
/Users/um-yunsang/CHOOGuard
-runTests
-testPlatform
EditMode
-testFilter
WorldMotionAdapterTests;ConnectedWorldTests;Fmp08aMovingFrameTests
-testResults
/Users/um-yunsang/CHOOGuard/docs/evidence/work-items/FMP-08a/FMP-08a-edit-r5.xml
-logFile
/Users/um-yunsang/CHOOGuard/docs/evidence/work-items/FMP-08a/FMP-08a-unity-r5.log
Successfully changed project path to: /Users/um-yunsang/CHOOGuard
/Users/um-yunsang/CHOOGuard
[UnityMemory] Configuration Parameters - Can be set up in boot.config
    "memorysetup-allocator-temp-initial-block-size-main=262144"
    "memorysetup-allocator-temp-initial-block-size-worker=262144"
    "memorysetup-temp-allocator-size-background-worker=32768"
    "memorysetup-temp-allocator-size-job-worker=262144"
    "memorysetup-temp-allocator-size-preload-manager=33554432"
    "memorysetup-remapper-allocator-initial-capacity=32768"
    "memorysetup-temp-allocator-size-nav-mesh-worker=65536"
    "memorysetup-temp-allocator-size-audio-worker=65536"
    "memorysetup-temp-allocator-size-cloud-worker=32768"
    "memorysetup-bucket-allocator-granularity=16"
    "memorysetup-bucket-allocator-bucket-count=8"
    "memorysetup-bucket-allocator-block-size=33554432"
    "memorysetup-bucket-allocator-block-count=8"
    "memorysetup-main-allocator-block-size=16777216"
    "memorysetup-thread-allocator-block-size=16777216"
    "memorysetup-gfx-main-allocator-block-size=16777216"
    "memorysetup-gfx-thread-allocator-block-size=16777216"
    "memorysetup-cache-allocator-block-size=4194304"
    "memorysetup-typetree-allocator-block-size=2097152"
    "memorysetup-profiler-bucket-allocator-granularity=16"
    "memorysetup-profiler-bucket-allocator-bucket-count=8"
    "memorysetup-profiler-bucket-allocator-block-size=33554432"
    "memorysetup-profiler-bucket-allocator-block-count=8"
    "memorysetup-profiler-allocator-block-size=16777216"
    "memorysetup-profiler-editor-allocator-block-size=1048576"
    "memorysetup-temp-allocator-size-main=16777216"
    "memorysetup-job-temp-allocator-block-size=2097152"
    "memorysetup-job-temp-allocator-block-size-background=1048576"
    "memorysetup-job-temp-allocator-reduction-small-platforms=262144"
    "memorysetup-temp-allocator-size-gi-baking-worker=262144"
    "memorysetup-temp-allocator-size-gi-baking-worker=262144"
    "memorysetup-temp-allocator-size-gi-baking-worker=262144"
    "memorysetup-temp-allocator-size-gi-baking-worker=262144"
    "memorysetup-temp-allocator-size-gi-baking-worker=262144"
    "memorysetup-temp-allocator-size-gfx=262144"
Player connection [8473026176]  Target information:

Player connection [8473026176]  * "[IP] 192.168.1.7 [Port] 55504 [Flags] 2 [Guid] 3168470528 [EditorId] 3168470528 [Version] 1048832 [Id] OSXEditor(0,eom-yunsang-ui-MacBookAir.local) [Debug] 1 [PackageName] OSXEditor [ProjectName] Editor" 

Player connection [8473026176] Host joined multi-casting on [225.0.0.222:54997]...
Player connection [8473026176] Host joined alternative multi-casting on [225.0.0.222:34997]...
Input System module state changed to: Initialized.
[Physics::Module] Initialized fallback backend.
[Physics::Module] Id: 0xdecafbad
[Package Manager] Connected to IPC stream "Upm-29806" after 0.3 seconds.
[Licensing::Module] Licensing is not yet initialized.
[Licensing::IpcConnector] Successfully connected to: "LicenseClient-um-yunsang" at "2026-09-14T17:20:29.553555Z"
[Licensing::Client] Handshaking with LicensingClient:
  Version:                 1.18.3+d7ffd15
  Session Id:              15c18531f1e24287862524c6bab943eb
  Correlation Id:          7a19b6f3d46dff2c7ffed36a2b9c2b95
  External correlation Id: 5302601523209166705
  Machine Id:              d0+qKJBJJ8viBd1xHmQi+Shy03k=
[Licensing::Module] Successfully connected to LicensingClient on channel: "LicenseClient-um-yunsang" (connect: 0.86s, validation: 0.04s, handshake: 0.29s)
[Licensing::IpcConnector] Successfully connected to: "LicenseClient-um-yunsang-notifications" at "2026-09-14T17:20:29.888029Z"
[Licensing::Module] Connected to LicensingClient (PId: 30103, launch time: 0.01, total connection time: 1.20s)
[Licensing::Module] Error: Access token is unavailable; failed to update
[Licensing::Client] Successfully resolved entitlement details
[Licensing::Module] License group:
  Id: 14569795949201-UnityPersXXXX
  Product: Unity Personal
  Type: Assigned
  Expiration: Unlimited
[Licensing::Client] Successfully updated license, isAsync: True, time: 0.00
[Licensing::Module] Licensing Background thread has ended after 1.22s
[Licensing::Module] Licensing is initialized (took 0.75s).
[Licensing::Client] Successfully resolved entitlement details
Library Redirect Path: Library/
[Physics::Module] Selected backend.
[Physics::Module] Name: PhysX
[Physics::Module] Id: 0xf2b8ea05
[Physics::Module] SDK Version: 4.1.2
[Physics::Module] Integration Version: 1.0.0
[Physics::Module] Threading Mode: Multi-Threaded
Artifact Garbage Collection - Removed 43 unused hashed content files
Refreshing native plugins compatible for Editor in 15.99 ms, found 0 plugins.
Preloading 0 native plugins for Editor in 0.00 ms.
Initialize engine version: 6000.3.23f1 (09d2ecc7fb28)
[Subsystems] Discovering subsystems at path /Applications/Unity/Unity-6000.3.23f1/Unity.app/Contents/Resources/UnitySubsystems
[Subsystems] Discovering subsystems at path /Users/um-yunsang/CHOOGuard/Assets
Forcing GfxDevice: Null
GfxDevice: creating device client; kGfxThreadingModeNonThreaded
NullGfxDevice:
    Version:  NULL 1.0 [1.0]
    Renderer: Null Device
    Vendor:   Unity Technologies
Initialize mono
Mono path[0] = '/Applications/Unity/Unity-6000.3.23f1/Unity.app/Contents/Resources/Scripting/Managed'
Mono path[1] = '/Applications/Unity/Unity-6000.3.23f1/Unity.app/Contents/Resources/Scripting/MonoBleedingEdge/lib/mono/unityjit-macos'
Mono config path = '/Applications/Unity/Unity-6000.3.23f1/Unity.app/Contents/Resources/Scripting/MonoBleedingEdge/etc'
Using monoOptions --debugger-agent=transport=dt_socket,embedding=1,server=y,suspend=n,address=127.0.0.1:56806
Using cacheserver namespaces - metadata:defaultmetadata, artifacts:defaultartifacts
Using cacheserver namespaces - metadata:defaultmetadata, artifacts:defaultartifacts
ImportWorker Server TCP listen port: 0
AcceleratorClientConnectionCallback - disconnected - :0
Begin MonoManager ReloadAssembly
Registering precompiled unity dll's ...
Register platform support module: /Applications/Unity/Unity-6000.3.23f1/Unity.app/Contents/PlaybackEngines/MacStandaloneSupport/UnityEditor.OSXStandalone.Extensions.dll
Registered in 0.000875 seconds.
- Loaded All Assemblies, in  0.340 seconds
Native extension for OSXStandalone target not found
Package Manager log level set to [2]
ScheduleIndexationOnStartup MainProcess:False IndexOnStartup:True
Mono: successfully reloaded assembly
- Finished resetting the current domain, in  1.002 seconds
Domain Reload Profiling: 1343ms
	BeginReloadAssembly (129ms)
		ExecutionOrderSort (0ms)
		DisableScriptedObjects (0ms)
		BackupInstance (0ms)
		ReleaseScriptingObjects (0ms)
		CreateAndSetChildDomain (5ms)
	RebuildCommonClasses (34ms)
	RebuildNativeTypeToScriptingClass (10ms)
	initialDomainReloadingComplete (36ms)
	LoadAllAssembliesAndSetupDomain (131ms)
		LoadAssemblies (124ms)
		RebuildTransferFunctionScriptingTraits (0ms)
		AnalyzeDomain (127ms)
			TypeCache.Refresh (126ms)
				TypeCache.ScanAssembly (112ms)
			BuildScriptInfoCaches (0ms)
			ResolveRequiredComponents (1ms)
	FinalizeReload (1003ms)
		ReleaseScriptCaches (0ms)
		RebuildScriptCaches (0ms)
		SetupLoadedEditorAssemblies (932ms)
			LogAssemblyErrors (0ms)
			InitializePlatformSupportModulesInManaged (35ms)
			SetLoadedEditorAssemblies (5ms)
			BeforeProcessingInitializeOnLoad (194ms)
			ProcessInitializeOnLoadAttributes (601ms)
			ProcessInitializeOnLoadMethodAttributes (97ms)
			AfterProcessingInitializeOnLoad (0ms)
			EditorAssembliesLoaded (0ms)
		ExecutionOrderSort2 (0ms)
		AwakeInstancesAfterBackupRestoration (0ms)
[Licensing::Client] Successfully resolved entitlement details
Application.AssetDatabase Initial Refresh Start
[Package Manager] Restoring resolved packages state from cache
[Licensing::Client] Successfully resolved entitlement details
[Package Manager] Registered 50 packages:
  Packages from [https://packages.unity.com]:
    com.unity.pipeline@0.6.0-exp.1 (location: /Users/um-yunsang/CHOOGuard/Library/PackageCache/com.unity.pipeline@9bb4172c603c)
    com.unity.netcode.gameobjects@2.13.2 (location: /Users/um-yunsang/CHOOGuard/Library/PackageCache/com.unity.netcode.gameobjects@cfd429cc91ec)
    com.unity.transport@2.7.4 (location: /Users/um-yunsang/CHOOGuard/Library/PackageCache/com.unity.transport@98ef8bfec34d)
    com.unity.burst@1.8.30 (location: /Users/um-yunsang/CHOOGuard/Library/PackageCache/com.unity.burst@2f3d916873ea)
    com.unity.collections@2.6.8 (location: /Users/um-yunsang/CHOOGuard/Library/PackageCache/com.unity.collections@84e8eb3fc12e)
    com.unity.mathematics@1.3.3 (location: /Users/um-yunsang/CHOOGuard/Library/PackageCache/com.unity.mathematics@19a9377c4ffa)
    com.unity.test-framework.performance@3.5.0 (location: /Users/um-yunsang/CHOOGuard/Library/PackageCache/com.unity.test-framework.performance@8b56083ec0f0)
    com.unity.nuget.mono-cecil@1.11.6 (location: /Users/um-yunsang/CHOOGuard/Library/PackageCache/com.unity.nuget.mono-cecil@ecb9724e46ff)
    com.unity.nuget.newtonsoft-json@3.2.2 (location: /Users/um-yunsang/CHOOGuard/Library/PackageCache/com.unity.nuget.newtonsoft-json@4dfd81071c64)
  Built-in packages:
    com.unity.multiplayer.center@1.0.1 (location: /Users/um-yunsang/CHOOGuard/Library/PackageCache/com.unity.multiplayer.center@f01f4ba8d00a)
    com.unity.modules.accessibility@1.0.0 (location: /Users/um-yunsang/CHOOGuard/Library/PackageCache/com.unity.modules.accessibility)
    com.unity.modules.adaptiveperformance@1.0.0 (location: /Users/um-yunsang/CHOOGuard/Library/PackageCache/com.unity.modules.adaptiveperformance)
    com.unity.modules.ai@1.0.0 (location: /Users/um-yunsang/CHOOGuard/Library/PackageCache/com.unity.modules.ai)
    com.unity.modules.androidjni@1.0.0 (location: /Users/um-yunsang/CHOOGuard/Library/PackageCache/com.unity.modules.androidjni)
    com.unity.modules.animation@1.0.0 (location: /Users/um-yunsang/CHOOGuard/Library/PackageCache/com.unity.modules.animation)
    com.unity.modules.assetbundle@1.0.0 (location: /Users/um-yunsang/CHOOGuard/Library/PackageCache/com.unity.modules.assetbundle)
    com.unity.modules.audio@1.0.0 (location: /Users/um-yunsang/CHOOGuard/Library/PackageCache/com.unity.modules.audio)
    com.unity.modules.cloth@1.0.0 (location: /Users/um-yunsang/CHOOGuard/Library/PackageCache/com.unity.modules.cloth)
    com.unity.modules.director@1.0.0 (location: /Users/um-yunsang/CHOOGuard/Library/PackageCache/com.unity.modules.director)
    com.unity.modules.imageconversion@1.0.0 (location: /Users/um-yunsang/CHOOGuard/Library/PackageCache/com.unity.modules.imageconversion)
    com.unity.modules.imgui@1.0.0 (location: /Users/um-yunsang/CHOOGuard/Library/PackageCache/com.unity.modules.imgui)
    com.unity.modules.jsonserialize@1.0.0 (location: /Users/um-yunsang/CHOOGuard/Library/PackageCache/com.unity.modules.jsonserialize)
    com.unity.modules.particlesystem@1.0.0 (location: /Users/um-yunsang/CHOOGuard/Library/PackageCache/com.unity.modules.particlesystem)
    com.unity.modules.physics@1.0.0 (location: /Users/um-yunsang/CHOOGuard/Library/PackageCache/com.unity.modules.physics)
    com.unity.modules.physics2d@1.0.0 (location: /Users/um-yunsang/CHOOGuard/Library/PackageCache/com.unity.modules.physics2d)
    com.unity.modules.screencapture@1.0.0 (location: /Users/um-yunsang/CHOOGuard/Library/PackageCache/com.unity.modules.screencapture)
    com.unity.modules.terrain@1.0.0 (location: /Users/um-yunsang/CHOOGuard/Library/PackageCache/com.unity.modules.terrain)
    com.unity.modules.terrainphysics@1.0.0 (location: /Users/um-yunsang/CHOOGuard/Library/PackageCache/com.unity.modules.terrainphysics)
    com.unity.modules.tilemap@1.0.0 (location: /Users/um-yunsang/CHOOGuard/Library/PackageCache/com.unity.modules.tilemap)
    com.unity.modules.ui@1.0.0 (location: /Users/um-yunsang/CHOOGuard/Library/PackageCache/com.unity.modules.ui)
    com.unity.modules.uielements@1.0.0 (location: /Users/um-yunsang/CHOOGuard/Library/PackageCache/com.unity.modules.uielements)
    com.unity.modules.umbra@1.0.0 (location: /Users/um-yunsang/CHOOGuard/Library/PackageCache/com.unity.modules.umbra)
    com.unity.modules.unityanalytics@1.0.0 (location: /Users/um-yunsang/CHOOGuard/Library/PackageCache/com.unity.modules.unityanalytics)
    com.unity.modules.unitywebrequest@1.0.0 (location: /Users/um-yunsang/CHOOGuard/Library/PackageCache/com.unity.modules.unitywebrequest)
    com.unity.modules.unitywebrequestassetbundle@1.0.0 (location: /Users/um-yunsang/CHOOGuard/Library/PackageCache/com.unity.modules.unitywebrequestassetbundle)
    com.unity.modules.unitywebrequestaudio@1.0.0 (location: /Users/um-yunsang/CHOOGuard/Library/PackageCache/com.unity.modules.unitywebrequestaudio)
    com.unity.modules.unitywebrequesttexture@1.0.0 (location: /Users/um-yunsang/CHOOGuard/Library/PackageCache/com.unity.modules.unitywebrequesttexture)
    com.unity.modules.unitywebrequestwww@1.0.0 (location: /Users/um-yunsang/CHOOGuard/Library/PackageCache/com.unity.modules.unitywebrequestwww)
    com.unity.modules.vectorgraphics@1.0.0 (location: /Users/um-yunsang/CHOOGuard/Library/PackageCache/com.unity.modules.vectorgraphics)
    com.unity.modules.vehicles@1.0.0 (location: /Users/um-yunsang/CHOOGuard/Library/PackageCache/com.unity.modules.vehicles)
    com.unity.modules.video@1.0.0 (location: /Users/um-yunsang/CHOOGuard/Library/PackageCache/com.unity.modules.video)
    com.unity.modules.vr@1.0.0 (location: /Users/um-yunsang/CHOOGuard/Library/PackageCache/com.unity.modules.vr)
    com.unity.modules.wind@1.0.0 (location: /Users/um-yunsang/CHOOGuard/Library/PackageCache/com.unity.modules.wind)
    com.unity.modules.xr@1.0.0 (location: /Users/um-yunsang/CHOOGuard/Library/PackageCache/com.unity.modules.xr)
    com.unity.test-framework@1.6.0 (location: /Users/um-yunsang/CHOOGuard/Library/PackageCache/com.unity.test-framework@bd7f943e9647)
    com.unity.ext.nunit@2.0.5 (location: /Users/um-yunsang/CHOOGuard/Library/PackageCache/com.unity.ext.nunit@d8c07649098d)
    com.unity.modules.subsystems@1.0.0 (location: /Users/um-yunsang/CHOOGuard/Library/PackageCache/com.unity.modules.subsystems)
    com.unity.modules.hierarchycore@1.0.0 (location: /Users/um-yunsang/CHOOGuard/Library/PackageCache/com.unity.modules.hierarchycore)
  Embedded packages:
    com.xrlab.chooguard.foundation@file:/Users/um-yunsang/CHOOGuard/Packages/com.xrlab.chooguard.foundation (location: /Users/um-yunsang/CHOOGuard/Packages/com.xrlab.chooguard.foundation)
  Git packages:
    io.livekit.livekit-sdk@https://github.com/livekit/client-sdk-unity.git#v2.0.0 (location: /Users/um-yunsang/CHOOGuard/Library/PackageCache/io.livekit.livekit-sdk@ae9b98b38164)
[Subsystems] No new subsystems found in resolved package list.
[Package Manager] Done registering packages in 0.01 seconds
[ScriptCompilation] Requested script compilation because: Assetdatabase observed changes in script compilation related files
Duplicate assembly 'System.Runtime.CompilerServices.Unsafe.dll' with different versions detected, using 'Packages/io.livekit.livekit-sdk/Runtime/Plugins/System.Runtime.CompilerServices.Unsafe.dll, AssemblyName=System.Runtime.CompilerServices.Unsafe, Version=6.0.0.0, Culture=neutral, PublicKeyToken=b03f5f7f11d50a3a' and ignoring 'Packages/com.unity.pipeline/Runtime/Plugins/CodeAnalysis/System.Runtime.CompilerServices.Unsafe.dll, AssemblyName=System.Runtime.CompilerServices.Unsafe, Version=4.0.4.0, Culture=neutral, PublicKeyToken=b03f5f7f11d50a3a'.[40m[32minfo[39m[22m[49m: Microsoft.Hosting.Lifetime[14]
      Now listening on: http://unix:/tmp/ilpp.sock-f80e80a01f2d39130f64ae3a0efb5d7a
[40m[32minfo[39m[22m[49m: Microsoft.Hosting.Lifetime[0]
      Application started. Press Ctrl+C to shut down.
[40m[32minfo[39m[22m[49m: Microsoft.Hosting.Lifetime[0]
      Hosting environment: Production
[40m[32minfo[39m[22m[49m: Microsoft.Hosting.Lifetime[0]
      Content root path: /Users/um-yunsang/CHOOGuard/
[40m[32minfo[39m[22m[49m: Microsoft.AspNetCore.Hosting.Diagnostics[1]
      Request starting HTTP/2 POST http://ilpp/UnityILPP.PostProcessing/Ping application/grpc -
[40m[32minfo[39m[22m[49m: Microsoft.AspNetCore.Routing.EndpointMiddleware[0]
      Executing endpoint 'gRPC - /UnityILPP.PostProcessing/Ping'
[40m[32minfo[39m[22m[49m: Microsoft.AspNetCore.Routing.EndpointMiddleware[1]
      Executed endpoint 'gRPC - /UnityILPP.PostProcessing/Ping'
[40m[32minfo[39m[22m[49m: Microsoft.AspNetCore.Hosting.Diagnostics[2]
      Request finished HTTP/2 POST http://ilpp/UnityILPP.PostProcessing/Ping application/grpc - - 200 - application/grpc 38.6234ms
Starting: /Applications/Unity/Unity-6000.3.23f1/Unity.app/Contents/Resources/BuildPipeline/bee_backend --ipc --defer-dag-verification --dagfile="Library/Bee/200b0aE.dag" --continue-on-failure --profile="Library/Bee/backend1.traceevents" ScriptAssemblies
WorkingDir: /Users/um-yunsang/CHOOGuard
DisplayProgressbar: Compiling Scripts
[40m[32minfo[39m[22m[49m: Microsoft.AspNetCore.Hosting.Diagnostics[1]
      Request starting HTTP/2 POST http://ilpp/UnityILPP.PostProcessing/ConfigurePostProcessors application/grpc -
[40m[32minfo[39m[22m[49m: Microsoft.AspNetCore.Routing.EndpointMiddleware[0]
      Executing endpoint 'gRPC - /UnityILPP.PostProcessing/ConfigurePostProcessors'
[40m[1m[33mwarn[39m[22m[49m: Unity.ILPP.Runner.PostProcessingAssemblyLoadContext[0]
      Assembly system.runtime.interopservices.windowsruntime has duplicate hint path. Ignoring "/Applications/Unity/Unity-6000.3.23f1/Unity.app/Contents/Resources/Scripting/NetStandard/Extensions/2.0.0/System.Runtime.InteropServices.WindowsRuntime.dll" in favor of "/Applications/Unity/Unity-6000.3.23f1/Unity.app/Contents/Resources/Scripting/UnityReferenceAssemblies/unity-4.8-api/Facades/System.Runtime.InteropServices.WindowsRuntime.dll"
[40m[1m[33mwarn[39m[22m[49m: Unity.ILPP.Runner.PostProcessingAssemblyLoadContext[0]
      Assembly system.componentmodel.composition has duplicate hint path. Ignoring "/Applications/Unity/Unity-6000.3.23f1/Unity.app/Contents/Resources/Scripting/NetStandard/compat/2.1.0/shims/netfx/System.ComponentModel.Composition.dll" in favor of "/Applications/Unity/Unity-6000.3.23f1/Unity.app/Contents/Resources/Scripting/UnityReferenceAssemblies/unity-4.8-api/System.ComponentModel.Composition.dll"
[40m[32minfo[39m[22m[49m: Unity.ILPP.Runner.PostProcessingAssemblyLoadContext[0]
      Resolved Mono.Cecil, Version=0.11.5.0, Culture=neutral, PublicKeyToken=50cebf1cceb9d05e with Library/PackageCache/com.unity.nuget.mono-cecil@ecb9724e46ff/Mono.Cecil.dll
[40m[32minfo[39m[22m[49m: Unity.ILPP.Runner.PostProcessingAssemblyLoadContext[0]
      Resolved Unity.Burst.Cecil, Version=0.11.6.0, Culture=neutral, PublicKeyToken=50cebf1cceb9d05e with Library/PackageCache/com.unity.burst@2f3d916873ea/Unity.Burst.CodeGen/Unity.Burst.Cecil.dll
[40m[32minfo[39m[22m[49m: Microsoft.AspNetCore.Routing.EndpointMiddleware[1]
      Executed endpoint 'gRPC - /UnityILPP.PostProcessing/ConfigurePostProcessors'
[40m[32minfo[39m[22m[49m: Microsoft.AspNetCore.Hosting.Diagnostics[2]
      Request finished HTTP/2 POST http://ilpp/UnityILPP.PostProcessing/ConfigurePostProcessors application/grpc - - 200 - application/grpc 23.0361ms
[40m[32minfo[39m[22m[49m: Microsoft.AspNetCore.Hosting.Diagnostics[1]
      Request starting HTTP/2 POST http://ilpp/UnityILPP.PostProcessing/PostProcessAssembly application/grpc -
[40m[32minfo[39m[22m[49m: Microsoft.AspNetCore.Routing.EndpointMiddleware[0]
      Executing endpoint 'gRPC - /UnityILPP.PostProcessing/PostProcessAssembly'
[40m[32minfo[39m[22m[49m: Microsoft.AspNetCore.Hosting.Diagnostics[1]
      Request starting HTTP/2 POST http://ilpp/UnityILPP.PostProcessing/PostProcessAssembly application/grpc -
[40m[32minfo[39m[22m[49m: Microsoft.AspNetCore.Routing.EndpointMiddleware[0]
      Executing endpoint 'gRPC - /UnityILPP.PostProcessing/PostProcessAssembly'
[40m[32minfo[39m[22m[49m: Unity.ILPP.Runner.PostProcessingPipeline[0]
      Processing assembly Library/Bee/artifacts/200b0aE.dag/ChooGuard.Foundation.Multiplayer.Tests.dll, with 132 defines and 273 references
[40m[32minfo[39m[22m[49m: Unity.ILPP.Runner.PostProcessingPipeline[0]
      Processing assembly Library/Bee/artifacts/200b0aE.dag/ChooGuard.Foundation.Tests.dll, with 132 defines and 270 references
[40m[32minfo[39m[22m[49m: Unity.ILPP.Runner.PostProcessingPipeline[0]
      processors: Unity.Jobs.CodeGen.JobsILPostProcessor, Unity.Netcode.Editor.CodeGen.INetworkMessageILPP, Unity.Netcode.Editor.CodeGen.INetworkSerializableILPP, Unity.Netcode.Editor.CodeGen.NetworkBehaviourILPP, Unity.Netcode.Editor.CodeGen.RuntimeAccessModifiersILPP, Unity.Pipeline.CodeGen.HotReloadInPlaceILPostProcessor, zzzUnity.Burst.CodeGen.BurstILPostProcessor
[40m[32minfo[39m[22m[49m: Unity.ILPP.Runner.PostProcessingPipeline[0]
      processors: Unity.Jobs.CodeGen.JobsILPostProcessor, Unity.Netcode.Editor.CodeGen.INetworkMessageILPP, Unity.Netcode.Editor.CodeGen.INetworkSerializableILPP, Unity.Netcode.Editor.CodeGen.NetworkBehaviourILPP, Unity.Netcode.Editor.CodeGen.RuntimeAccessModifiersILPP, Unity.Pipeline.CodeGen.HotReloadInPlaceILPostProcessor, zzzUnity.Burst.CodeGen.BurstILPostProcessor
[40m[32minfo[39m[22m[49m: Unity.ILPP.Runner.PostProcessingPipeline[0]
      running Unity.Jobs.CodeGen.JobsILPostProcessor
[40m[32minfo[39m[22m[49m: Unity.ILPP.Runner.PostProcessingPipeline[0]
      running Unity.Jobs.CodeGen.JobsILPostProcessor
[40m[32minfo[39m[22m[49m: Unity.ILPP.Runner.PostProcessingPipeline[0]
      running Unity.Netcode.Editor.CodeGen.INetworkMessageILPP
[40m[32minfo[39m[22m[49m: Unity.ILPP.Runner.PostProcessingPipeline[0]
      running Unity.Netcode.Editor.CodeGen.INetworkSerializableILPP
[40m[32minfo[39m[22m[49m: Unity.ILPP.Runner.PostProcessingPipeline[0]
      running Unity.Netcode.Editor.CodeGen.NetworkBehaviourILPP
[40m[32minfo[39m[22m[49m: Unity.ILPP.Runner.PostProcessingAssemblyLoadContext[0]
      Resolved Unity.Collections, Version=0.0.0.0, Culture=neutral, PublicKeyToken=null with Library/Bee/artifacts/200b0aE.dag/Unity.Collections.dll
[40m[32minfo[39m[22m[49m: Unity.ILPP.Runner.PostProcessingPipeline[0]
      running Unity.Netcode.Editor.CodeGen.RuntimeAccessModifiersILPP
[40m[32minfo[39m[22m[49m: Unity.ILPP.Runner.PostProcessingPipeline[0]
      running Unity.Pipeline.CodeGen.HotReloadInPlaceILPostProcessor
[40m[32minfo[39m[22m[49m: Unity.ILPP.Runner.PostProcessingPipeline[0]
      running zzzUnity.Burst.CodeGen.BurstILPostProcessor
[40m[32minfo[39m[22m[49m: Microsoft.AspNetCore.Routing.EndpointMiddleware[1]
      Executed endpoint 'gRPC - /UnityILPP.PostProcessing/PostProcessAssembly'
[40m[32minfo[39m[22m[49m: Microsoft.AspNetCore.Hosting.Diagnostics[2]
      Request finished HTTP/2 POST http://ilpp/UnityILPP.PostProcessing/PostProcessAssembly application/grpc - - 200 - application/grpc 16.9157ms
[40m[32minfo[39m[22m[49m: Unity.ILPP.Runner.PostProcessingAssemblyLoadContext[0]
      Resolved UnityEditor.CoreModule, Version=0.0.0.0, Culture=neutral, PublicKeyToken=null with /Applications/Unity/Unity-6000.3.23f1/Unity.app/Contents/Resources/Scripting/Managed/UnityEngine/UnityEditor.CoreModule.dll
[40m[32minfo[39m[22m[49m: Unity.ILPP.Runner.PostProcessingAssemblyLoadContext[0]
      Resolved UnityEngine.CoreModule, Version=0.0.0.0, Culture=neutral, PublicKeyToken=null with /Applications/Unity/Unity-6000.3.23f1/Unity.app/Contents/Resources/Scripting/Managed/UnityEngine/UnityEngine.CoreModule.dll
[40m[32minfo[39m[22m[49m: Unity.ILPP.Runner.PostProcessingPipeline[0]
      running Unity.Netcode.Editor.CodeGen.INetworkMessageILPP
[40m[32minfo[39m[22m[49m: Unity.ILPP.Runner.PostProcessingPipeline[0]
      running Unity.Netcode.Editor.CodeGen.INetworkSerializableILPP
[40m[32minfo[39m[22m[49m: Unity.ILPP.Runner.PostProcessingAssemblyLoadContext[0]
      Resolved Unity.Netcode.Runtime, Version=0.0.0.0, Culture=neutral, PublicKeyToken=null with Library/Bee/artifacts/200b0aE.dag/Unity.Netcode.Runtime.dll
[40m[32minfo[39m[22m[49m: Unity.ILPP.Runner.PostProcessingPipeline[0]
      running Unity.Netcode.Editor.CodeGen.NetworkBehaviourILPP
[40m[32minfo[39m[22m[49m: Unity.ILPP.Runner.PostProcessingAssemblyLoadContext[0]
      Resolved Mono.Cecil.Rocks, Version=0.11.5.0, Culture=neutral, PublicKeyToken=50cebf1cceb9d05e with Library/PackageCache/com.unity.nuget.mono-cecil@ecb9724e46ff/Mono.Cecil.Rocks.dll
[40m[32minfo[39m[22m[49m: Unity.ILPP.Runner.PostProcessingPipeline[0]
      running Unity.Netcode.Editor.CodeGen.RuntimeAccessModifiersILPP
[40m[32minfo[39m[22m[49m: Unity.ILPP.Runner.PostProcessingPipeline[0]
      running Unity.Pipeline.CodeGen.HotReloadInPlaceILPostProcessor
[40m[32minfo[39m[22m[49m: Unity.ILPP.Runner.PostProcessingPipeline[0]
      running zzzUnity.Burst.CodeGen.BurstILPostProcessor
[40m[32minfo[39m[22m[49m: Microsoft.AspNetCore.Routing.EndpointMiddleware[1]
      Executed endpoint 'gRPC - /UnityILPP.PostProcessing/PostProcessAssembly'
[40m[32minfo[39m[22m[49m: Microsoft.AspNetCore.Hosting.Diagnostics[2]
      Request finished HTTP/2 POST http://ilpp/UnityILPP.PostProcessing/PostProcessAssembly application/grpc - - 200 - application/grpc 684.3861ms
ExitCode: 0 Duration: 2s906ms
[398/494    0s] ILPP-Configuration Library/ilpp-configuration.nevergeneratedoutput
[486/494    2s] Csc Library/Bee/artifacts/200b0aE.dag/ChooGuard.Foundation.Tests.dll (+2 others)
[487/494    2s] Csc Library/Bee/artifacts/200b0aE.dag/ChooGuard.Foundation.Multiplayer.Tests.dll (+2 others)
[           0s] Csc Library/Bee/artifacts/200b0aE.dag/ChooGuard.Foundation.Tests.dll (+2 others) [CacheWrite 00000000000000000000000000000005]
[           0s] Csc Library/Bee/artifacts/200b0aE.dag/ChooGuard.Foundation.Multiplayer.Tests.dll (+2 others) [CacheWrite 00000000000000000000000000000005]
[488/494    0s] ILPostProcess Library/Bee/artifacts/200b0aE.dag/post-processed/ChooGuard.Foundation.Tests.dll (+pdb)
Processing assembly Library/Bee/artifacts/200b0aE.dag/ChooGuard.Foundation.Tests.dll, with 132 defines and 270 references
processors: Unity.Jobs.CodeGen.JobsILPostProcessor, Unity.Netcode.Editor.CodeGen.INetworkMessageILPP, Unity.Netcode.Editor.CodeGen.INetworkSerializableILPP, Unity.Netcode.Editor.CodeGen.NetworkBehaviourILPP, Unity.Netcode.Editor.CodeGen.RuntimeAccessModifiersILPP, Unity.Pipeline.CodeGen.HotReloadInPlaceILPostProcessor, zzzUnity.Burst.CodeGen.BurstILPostProcessor
running Unity.Jobs.CodeGen.JobsILPostProcessor
running Unity.Netcode.Editor.CodeGen.INetworkMessageILPP
running Unity.Netcode.Editor.CodeGen.INetworkSerializableILPP
running Unity.Netcode.Editor.CodeGen.NetworkBehaviourILPP
running Unity.Netcode.Editor.CodeGen.RuntimeAccessModifiersILPP
running Unity.Pipeline.CodeGen.HotReloadInPlaceILPostProcessor
running zzzUnity.Burst.CodeGen.BurstILPostProcessor
[489/494    0s] CopyFiles Library/ScriptAssemblies/ChooGuard.Foundation.Tests.pdb
[490/494    0s] CopyFiles Library/ScriptAssemblies/ChooGuard.Foundation.Tests.dll
[491/494    0s] ILPostProcess Library/Bee/artifacts/200b0aE.dag/post-processed/ChooGuard.Foundation.Multiplayer.Tests.dll (+pdb)
Processing assembly Library/Bee/artifacts/200b0aE.dag/ChooGuard.Foundation.Multiplayer.Tests.dll, with 132 defines and 273 references
processors: Unity.Jobs.CodeGen.JobsILPostProcessor, Unity.Netcode.Editor.CodeGen.INetworkMessageILPP, Unity.Netcode.Editor.CodeGen.INetworkSerializableILPP, Unity.Netcode.Editor.CodeGen.NetworkBehaviourILPP, Unity.Netcode.Editor.CodeGen.RuntimeAccessModifiersILPP, Unity.Pipeline.CodeGen.HotReloadInPlaceILPostProcessor, zzzUnity.Burst.CodeGen.BurstILPostProcessor
running Unity.Jobs.CodeGen.JobsILPostProcessor
running Unity.Netcode.Editor.CodeGen.INetworkMessageILPP
running Unity.Netcode.Editor.CodeGen.INetworkSerializableILPP
running Unity.Netcode.Editor.CodeGen.NetworkBehaviourILPP
running Unity.Netcode.Editor.CodeGen.RuntimeAccessModifiersILPP
running Unity.Pipeline.CodeGen.HotReloadInPlaceILPostProcessor
running zzzUnity.Burst.CodeGen.BurstILPostProcessor
[492/494    0s] CopyFiles Library/ScriptAssemblies/ChooGuard.Foundation.Multiplayer.Tests.pdb
[493/494    0s] CopyFiles Library/ScriptAssemblies/ChooGuard.Foundation.Multiplayer.Tests.dll
*** Tundra build success (2.89 seconds), 9 items updated, 494 evaluated
AssetDatabase: script compilation time: 3.539433s
Begin MonoManager ReloadAssembly
Total cache size 93478370
Duplicate assembly 'System.Runtime.CompilerServices.Unsafe.dll' with different versions detected, using 'Packages/io.livekit.livekit-sdk/Runtime/Plugins/System.Runtime.CompilerServices.Unsafe.dll, AssemblyName=System.Runtime.CompilerServices.Unsafe, Version=6.0.0.0, Culture=neutral, PublicKeyToken=b03f5f7f11d50a3a' and ignoring 'Packages/com.unity.pipeline/Runtime/Plugins/CodeAnalysis/System.Runtime.CompilerServices.Unsafe.dll, AssemblyName=System.Runtime.CompilerServices.Unsafe, Version=4.0.4.0, Culture=neutral, PublicKeyToken=b03f5f7f11d50a3a'.Symbol file LoadedFromMemory is not a mono symbol file
- Loaded All Assemblies, in  0.600 seconds
Refreshing native plugins compatible for Editor in 3.66 ms, found 1 plugins.
Native extension for OSXStandalone target not found
Duplicate assembly 'System.Runtime.CompilerServices.Unsafe.dll' with different versions detected, using 'Packages/io.livekit.livekit-sdk/Runtime/Plugins/System.Runtime.CompilerServices.Unsafe.dll, AssemblyName=System.Runtime.CompilerServices.Unsafe, Version=6.0.0.0, Culture=neutral, PublicKeyToken=b03f5f7f11d50a3a' and ignoring 'Packages/com.unity.pipeline/Runtime/Plugins/CodeAnalysis/System.Runtime.CompilerServices.Unsafe.dll, AssemblyName=System.Runtime.CompilerServices.Unsafe, Version=4.0.4.0, Culture=neutral, PublicKeyToken=b03f5f7f11d50a3a'.Start HTTP server: port:7800
ScheduleIndexationOnStartup MainProcess:True IndexOnStartup:True
Mono: successfully reloaded assembly
- Finished resetting the current domain, in  1.655 seconds
Domain Reload Profiling: 2255ms
	BeginReloadAssembly (234ms)
		ExecutionOrderSort (0ms)
		DisableScriptedObjects (11ms)
		BackupInstance (0ms)
		ReleaseScriptingObjects (0ms)
		CreateAndSetChildDomain (138ms)
	RebuildCommonClasses (30ms)
	RebuildNativeTypeToScriptingClass (11ms)
	initialDomainReloadingComplete (20ms)
	LoadAllAssembliesAndSetupDomain (305ms)
		LoadAssemblies (210ms)
		RebuildTransferFunctionScriptingTraits (0ms)
		AnalyzeDomain (148ms)
			TypeCache.Refresh (133ms)
				TypeCache.ScanAssembly (122ms)
			BuildScriptInfoCaches (12ms)
			ResolveRequiredComponents (1ms)
	FinalizeReload (1656ms)
		ReleaseScriptCaches (0ms)
		RebuildScriptCaches (0ms)
		SetupLoadedEditorAssemblies (1506ms)
			LogAssemblyErrors (0ms)
			InitializePlatformSupportModulesInManaged (17ms)
			SetLoadedEditorAssemblies (4ms)
			BeforeProcessingInitializeOnLoad (100ms)
			ProcessInitializeOnLoadAttributes (1325ms)
			ProcessInitializeOnLoadMethodAttributes (59ms)
			AfterProcessingInitializeOnLoad (1ms)
			EditorAssembliesLoaded (0ms)
		ExecutionOrderSort2 (0ms)
		AwakeInstancesAfterBackupRestoration (13ms)
Start importing Assets/Resources/LiveKitSdkVersionInfo.txt using Guid(007123b57600342608fdb5b4b9e5afbc) (TextScriptImporter) -> (artifact id: '61abf6c6e242362d6f63de673ea27b49') in 0.0110605 seconds
Refreshing native plugins compatible for Editor in 1.14 ms, found 1 plugins.
Preloading 1 native plugins for Editor in 3.45 ms.
Asset Pipeline Refresh (id=2950e6595b0254371a4e8b3842949ef7): Total: 6.463 seconds - Initiated by InitialRefreshV2(ForceSynchronousImport)
	Summary:
		Imports: total=1 (actual=1, local cache=0, cache server=0)
		Asset DB Process Time: managed=1 ms, native=1977 ms
		Asset DB Callback time: managed=307 ms, native=19 ms
		Scripting: domain reloads=1, domain reload time=599 ms, compile time=3540 ms, other=15 ms
		Project Asset Count: scripts=479, non-scripts=283
		Asset File Changes: new=0, changed=2, moved=0, deleted=0
		Scan Filter Count: 1
	InvokeCustomDependenciesCallbacks: 0.001ms
	InvokePackagesCallback: 11.443ms
	ApplyChangesToAssetFolders: 0.325ms
	Scan: 186.937ms
	OnSourceAssetsModified: 1.153ms
	CategorizeAssetsWithTransientArtifact: 26.966ms
	ProcessAssetsWithTransientArtifactChanges: 16.184ms
	CategorizeAssets: 4.451ms
	ImportOutOfDateAssets: 1675.738ms (-1877.826ms without children)
		ImportManagerImport: 12.382ms (0.999ms without children)
			ImportInProcess: 11.370ms
			UpdateCategorizedAssets: 0.013ms
		CompileScripts: 3540.458ms
		ReloadNativeAssets: 0.000ms
		UnloadImportedAssets: 0.183ms
		ReloadImportedAssets: 0.096ms
		EnsureUptoDateAssetsAreRegisteredWithGuidPM: 0.121ms
		InitializingProgressBar: 0.004ms
		PostProcessAllAssetNotificationsAddChangedAssets: 0.000ms
		OnDemandSchedulerStart: 0.320ms
	PostProcessAllAssets: 309.722ms
	Hotreload: 6.392ms
	GatherAllCurrentPrimaryArtifactRevisions: 0.000ms
	UnloadStreamsBegin: 1.007ms
	PersistCurrentRevisions: 0.021ms
	UnloadStreamsEnd: 0.000ms
	GenerateScriptTypeHashes: 0.212ms
	Untracked: 4222.371ms

Application.AssetDatabase Initial Refresh End
Scanning for USB devices : 0.049ms
Initializing Unity extensions:
[MODES] ModeService[none].Initialize
[MODES] ModeService[none].LoadModes
[MODES] Loading mode Default (0) for mode-current-id-CHOOguard Foundation
Unloading 4 Unused Serialized files (Serialized files now loaded: 0)
Unloading 2081 unused Assets / (0.7 MB). Loaded Objects now: 2685.
Memory consumption went from 137.0 MB to 136.4 MB.
Total: 5.582917 ms (FindLiveObjects: 0.110791 ms CreateObjectMapping: 0.057167 ms MarkObjects: 4.877500 ms  DeleteObjects: 0.537000 ms)

[Project] Loading completed in 9.673 seconds
	Project init time: 				9.493 seconds
		Template init time: 		0.000 seconds
		Package Manager init time: 		1.075 seconds
		Asset Database init time: 		0.187 seconds
		Global illumination init time: 	0.001 seconds
		Assemblies load time: 			1.374 seconds
		Unity extensions init time: 	0.002 seconds
		Asset Database refresh time: 	6.463 seconds
	Scene opening time: 			0.080 seconds
##utp:{"type":"ProjectInfo","version":2,"phase":"Immediate","time":1789406438309,"processId":29806,"projectLoad":9.673473917,"projectInit":9.493201125,"templateInit":0.0,"packageManagerInit":1.074851458,"assetDatabaseInit":0.186524709,"globalIlluminationInit":0.001292,"assembliesLoad":1.374463334,"unityExtensionsInit":0.002293459,"assetDatabaseRefresh":6.462815083,"sceneOpening":0.07979}
##utp:{"type":"EditorInfo","version":2,"phase":"Immediate","time":1789406438309,"processId":29806,"editorVersion":"6000.3.23f1 (09d2ecc7fb28)","branch":"6000.3/staging","buildType":"Release","platform":"OSX"}
[Licensing::Client] Successfully resolved entitlement details
Running tests for ExecutionSettings with details:
targetPlatform = 
playerHeartbeatTimeout = 600
filters[0] = 
   Filter with settings:
   testMode = EditMode
   targetPlatform = 
   testNames = null
   groupNames = WorldMotionAdapterTests, ConnectedWorldTests, Fmp08aMovingFrameTests
   categoryNames = null
   assemblyNames = null
ignoreTests = {}
featureFlags = null

UnityEngine.Debug:ExtractStackTraceNoAlloc (byte*,int,string)
UnityEngine.StackTraceUtility:ExtractStackTrace () (at /Users/bokken/build/output/unity/unity/Runtime/Export/Scripting/StackTrace.cs:35)
UnityEngine.DebugLogHandler:Internal_Log (UnityEngine.LogType,UnityEngine.LogOption,string,UnityEngine.Object)
UnityEngine.DebugLogHandler:LogFormat (UnityEngine.LogType,UnityEngine.Object,string,object[])
UnityEngine.Logger:Log (UnityEngine.LogType,object)
UnityEngine.Debug:Log (object)
UnityEditor.TestTools.TestRunner.CommandLineTest.Executer:InitializeAndExecuteRun (string[]) (at ./Library/PackageCache/com.unity.test-framework@bd7f943e9647/UnityEditor.TestRunner/CommandLineTest/Executer.cs:53)
UnityEditor.TestTools.TestRunner.CommandLineTest.TestStarter:InitializeAndExecuteRun () (at ./Library/PackageCache/com.unity.test-framework@bd7f943e9647/UnityEditor.TestRunner/CommandLineTest/TestStarter.cs:64)
UnityEditor.EditorApplication:Internal_CallUpdateFunctions () (at /Users/bokken/build/output/unity/unity/Editor/Mono/EditorApplication.cs:392)

(Filename: ./Library/PackageCache/com.unity.test-framework@bd7f943e9647/UnityEditor.TestRunner/CommandLineTest/Executer.cs Line: 53)

Start Indexing on Editor startup
[Indexing] Starting Initial Indexing for Assets
[UnityConnectServicesConfig] config is NOT valid, switching to default
Created GICache directory at /Users/um-yunsang/Library/Caches/com.unity3d.UnityEditor/GiCache. Took: 0.004s, timestamps: [9.677 - 9.680]
Unloading 2 Unused Serialized files (Serialized files now loaded: 0)
Unloading 0 unused Assets / (43.1 KB). Loaded Objects now: 2706.
Memory consumption went from 128.7 MB to 128.6 MB.
Total: 7.348583 ms (FindLiveObjects: 0.075917 ms CreateObjectMapping: 0.029208 ms MarkObjects: 7.235125 ms  DeleteObjects: 0.007208 ms)

Executing IPrebuildSetup for: Unity.PerformanceTesting.Editor.TestRunBuilder.
UnityEngine.Debug:ExtractStackTraceNoAlloc (byte*,int,string)
UnityEngine.StackTraceUtility:ExtractStackTrace () (at /Users/bokken/build/output/unity/unity/Runtime/Export/Scripting/StackTrace.cs:35)
UnityEngine.DebugLogHandler:Internal_Log (UnityEngine.LogType,UnityEngine.LogOption,string,UnityEngine.Object)
UnityEngine.DebugLogHandler:LogFormat (UnityEngine.LogType,UnityEngine.Object,string,object[])
UnityEngine.Logger:Log (UnityEngine.LogType,object)
UnityEngine.Debug:Log (object)
UnityEditor.TestTools.TestRunner.TestRun.Tasks.BuildActionTaskBase`1/<ExecuteMethods>d__8<UnityEngine.TestTools.IPrebuildSetup>:MoveNext () (at ./Library/PackageCache/com.unity.test-framework@bd7f943e9647/UnityEditor.TestRunner/TestRun/Tasks/BuildActionTaskBase.cs:48)
UnityEditor.TestTools.TestRunner.TestRun.Tasks.BuildActionTaskBase`1/<Execute>d__7<UnityEngine.TestTools.IPrebuildSetup>:MoveNext () (at ./Library/PackageCache/com.unity.test-framework@bd7f943e9647/UnityEditor.TestRunner/TestRun/Tasks/BuildActionTaskBase.cs:34)
UnityEditor.TestTools.TestRunner.TestRun.TestJobRunner:ExecuteStep () (at ./Library/PackageCache/com.unity.test-framework@bd7f943e9647/UnityEditor.TestRunner/TestRun/TestJobRunner.cs:173)
UnityEditor.TestTools.TestRunner.TestRun.TestJobRunner:ExecuteCallback () (at ./Library/PackageCache/com.unity.test-framework@bd7f943e9647/UnityEditor.TestRunner/TestRun/TestJobRunner.cs:108)
UnityEditor.EditorApplication:Internal_CallUpdateFunctions () (at /Users/bokken/build/output/unity/unity/Editor/Mono/EditorApplication.cs:392)

(Filename: ./Library/PackageCache/com.unity.test-framework@bd7f943e9647/UnityEditor.TestRunner/TestRun/Tasks/BuildActionTaskBase.cs Line: 48)

Start importing Assets/CHOOguardGenerated/WorldMotionFrameTest_50af34009bcb43aa9cd9c1723b2c2400 using Guid(1d75c258078714e9aa44d566a64a6de9) (DefaultImporter) -> (artifact id: '4e12ca8024f33b82fc7ffe1cdbaa0a8f') in 0.00240875 seconds
Start importing Assets/CHOOguardGenerated/WorldMotionFrameTest_50af34009bcb43aa9cd9c1723b2c2400/connected-world-profile.json using Guid(82623e0f7a3cd41f4818a438b2827230) (TextScriptImporter) -> (artifact id: '9535be5d790536f4fa7d448563b045a9') in 0.005289584 seconds
Refreshing native plugins compatible for Editor in 1.03 ms, found 1 plugins.
Preloading 1 native plugins for Editor in 3.64 ms.
Asset Pipeline Refresh (id=b435b7b9e7ae14bbcb0579f51b44bf42): Total: 0.030 seconds - Initiated by StopAssetImportingV2(NoUpdateAssetOptions)
Start importing Assets/CHOOguardGenerated/WorldMotionFrameTest_50af34009bcb43aa9cd9c1723b2c2400/Geometry using Guid(1bf18bfa16b8c432683be4782b5cc28e) (DefaultImporter) -> (artifact id: '9903cf312d2cdc15e425b21b739cb7c9') in 0.000804041 seconds
Refreshing native plugins compatible for Editor in 1.16 ms, found 1 plugins.
Preloading 1 native plugins for Editor in 3.57 ms.
Asset Pipeline Refresh (id=c90c0b047fc4641bb8ad457304495a19): Total: 0.011 seconds - Initiated by StopAssetImportingV2(NoUpdateAssetOptions)
Unloading 29 Unused Serialized files (Serialized files now loaded: 0)
Unloading 22 unused Assets / (28.6 KB). Loaded Objects now: 2729.
Memory consumption went from 128.4 MB to 128.4 MB.
Total: 7.010042 ms (FindLiveObjects: 0.063458 ms CreateObjectMapping: 0.029584 ms MarkObjects: 6.887750 ms  DeleteObjects: 0.028541 ms)

Start importing Assets/CHOOguardGenerated/WorldMotionFrameTest_50af34009bcb43aa9cd9c1723b2c2400/ConnectedWorld.unity using Guid(e6b175923997842f4b7600e6eb5a3c44) (DefaultImporter) -> (artifact id: 'ab93e9db492bbcfbd63f1b7d7ada59a0') in 0.000618958 seconds
Refreshing native plugins compatible for Editor in 0.83 ms, found 1 plugins.
Preloading 1 native plugins for Editor in 3.68 ms.
Asset Pipeline Refresh (id=a9da688ce2bb7421586f50dd593bef17): Total: 0.013 seconds - Initiated by StopAssetImportingV2(NoUpdateAssetOptions)
Start importing Assets/CHOOguardGenerated/WorldMotionFrameTest_50af34009bcb43aa9cd9c1723b2c2400/cg_region_rolling_stock_mainline.unity using Guid(96c197bb13db44c44a12ac775c3826a1) (DefaultImporter) -> (artifact id: '5738fd9cd6f7c6509f04cf917ebfcf07') in 0.000759667 seconds
Refreshing native plugins compatible for Editor in 1.09 ms, found 1 plugins.
Preloading 1 native plugins for Editor in 3.66 ms.
Asset Pipeline Refresh (id=acb4f6439ce3f4a7c9dc24ebdd91cbbd): Total: 0.013 seconds - Initiated by StopAssetImportingV2(NoUpdateAssetOptions)
Start importing Assets/CHOOguardGenerated/WorldMotionFrameTest_50af34009bcb43aa9cd9c1723b2c2400/Geometry/rail_tracks_mainline--rail_platforms_mainline--1.asset using Guid(d286a706f053745efba909598ab80eb5) (NativeFormatImporter) -> (artifact id: 'f5b7a243b3e00c7c6a55649c9887f36a') in 0.00168675 seconds
Refreshing native plugins compatible for Editor in 1.19 ms, found 1 plugins.
Preloading 1 native plugins for Editor in 3.57 ms.
Asset Pipeline Refresh (id=7dd964843953c489881eacda96851fc6): Total: 0.022 seconds - Initiated by StopAssetImportingV2(NoUpdateAssetOptions)
Start importing Assets/CHOOguardGenerated/WorldMotionFrameTest_50af34009bcb43aa9cd9c1723b2c2400/Geometry/rail_tracks_mainline--rail_platforms_mainline-1.asset using Guid(bb94f66b1cfac410d8787dce23fd0adf) (NativeFormatImporter) -> (artifact id: 'df54bada2680f668c1c466a114fa72b1') in 0.00092475 seconds
Refreshing native plugins compatible for Editor in 1.12 ms, found 1 plugins.
Preloading 1 native plugins for Editor in 3.68 ms.
Asset Pipeline Refresh (id=c5084d2c003dc4d7b88867e0e3add569): Total: 0.012 seconds - Initiated by StopAssetImportingV2(NoUpdateAssetOptions)
Start importing Assets/CHOOguardGenerated/WorldMotionFrameTest_50af34009bcb43aa9cd9c1723b2c2400/cg_region_rail_tracks_mainline.unity using Guid(7b3e710859daf48d8ae9e6e8eb00d699) (DefaultImporter) -> (artifact id: '2e5f56d8c929c10ff6471e56a40ea3fe') in 0.000881042 seconds
Refreshing native plugins compatible for Editor in 1.26 ms, found 1 plugins.
Preloading 1 native plugins for Editor in 3.66 ms.
Asset Pipeline Refresh (id=6d9524452642347fda1f34cba9fb0d2b): Total: 0.106 seconds - Initiated by StopAssetImportingV2(NoUpdateAssetOptions)
Start importing Assets/CHOOguardGenerated/WorldMotionFrameTest_50af34009bcb43aa9cd9c1723b2c2400/Geometry/rolling_stock_mainline--rail_platforms_mainline--1.asset using Guid(5340ed89d98a94dd4a930d7886dfe0e0) (NativeFormatImporter) -> (artifact id: '32efe25d79128b8c6e16791cfabd7d4a') in 0.000941625 seconds
Refreshing native plugins compatible for Editor in 1.24 ms, found 1 plugins.
Preloading 1 native plugins for Editor in 3.64 ms.
Asset Pipeline Refresh (id=81f754fd6be3f439082c2fc2e2476d06): Total: 0.016 seconds - Initiated by StopAssetImportingV2(NoUpdateAssetOptions)
Start importing Assets/CHOOguardGenerated/WorldMotionFrameTest_50af34009bcb43aa9cd9c1723b2c2400/Geometry/rolling_stock_mainline--rail_platforms_mainline-1.asset using Guid(912331c805fbc490eb6b7dfb238bc85f) (NativeFormatImporter) -> (artifact id: '2371862ec89acdb4deafd99b4b2243a9') in 0.000893583 seconds
Refreshing native plugins compatible for Editor in 1.10 ms, found 1 plugins.
Preloading 1 native plugins for Editor in 3.63 ms.
Asset Pipeline Refresh (id=64e218d2024f64cc08e6e981a5091ee6): Total: 0.012 seconds - Initiated by StopAssetImportingV2(NoUpdateAssetOptions)
Start importing Assets/CHOOguardGenerated/WorldMotionFrameTest_50af34009bcb43aa9cd9c1723b2c2400/Geometry/rail_platforms_mainline--station_concourse_2f--1.asset using Guid(5e9d159da47a444c6b68c36e17f99374) (NativeFormatImporter) -> (artifact id: 'ff52d19c4eec5b14ca7c34c06162d1f4') in 0.001309834 seconds
Refreshing native plugins compatible for Editor in 1.25 ms, found 1 plugins.
Preloading 1 native plugins for Editor in 3.67 ms.
Asset Pipeline Refresh (id=37315b15186c042789117b47b20ed971): Total: 0.013 seconds - Initiated by StopAssetImportingV2(NoUpdateAssetOptions)
Start importing Assets/CHOOguardGenerated/WorldMotionFrameTest_50af34009bcb43aa9cd9c1723b2c2400/Geometry/rail_platforms_mainline--station_concourse_2f-1.asset using Guid(ae3e32a16af9d4a78b775d55b899b228) (NativeFormatImporter) -> (artifact id: '6d3ba71607fa6730725411a4d4be691c') in 0.000985792 seconds
Refreshing native plugins compatible for Editor in 1.17 ms, found 1 plugins.
Preloading 1 native plugins for Editor in 3.72 ms.
Asset Pipeline Refresh (id=cca90e45eac7040bb9351e601ef3dc8a): Total: 0.012 seconds - Initiated by StopAssetImportingV2(NoUpdateAssetOptions)
Start importing Assets/CHOOguardGenerated/WorldMotionFrameTest_50af34009bcb43aa9cd9c1723b2c2400/cg_region_rail_platforms_mainline.unity using Guid(e27f74a94cb474caba51a92e2cb84d9d) (DefaultImporter) -> (artifact id: '02311af877d9fe528ade8c13fcc8a813') in 0.000635625 seconds
Refreshing native plugins compatible for Editor in 1.11 ms, found 1 plugins.
Preloading 1 native plugins for Editor in 3.53 ms.
Asset Pipeline Refresh (id=9abdcb8c975f343559aff79083625736): Total: 0.013 seconds - Initiated by StopAssetImportingV2(NoUpdateAssetOptions)
Start importing Assets/CHOOguardGenerated/WorldMotionFrameTest_50af34009bcb43aa9cd9c1723b2c2400/Geometry/rail_terminal_public--station_concourse_2f--1.asset using Guid(ebb66a25454354c95b0aedaf4c65abb9) (NativeFormatImporter) -> (artifact id: 'cc9c08923bb994e1b262362d6192071f') in 0.000880167 seconds
Refreshing native plugins compatible for Editor in 1.12 ms, found 1 plugins.
Preloading 1 native plugins for Editor in 3.61 ms.
Asset Pipeline Refresh (id=a58d84c188d594ac2add14644a574a34): Total: 0.014 seconds - Initiated by StopAssetImportingV2(NoUpdateAssetOptions)
Start importing Assets/CHOOguardGenerated/WorldMotionFrameTest_50af34009bcb43aa9cd9c1723b2c2400/Geometry/rail_terminal_public--station_concourse_2f-1.asset using Guid(31bb91738620545899d2413b81a04cc2) (NativeFormatImporter) -> (artifact id: '630d39ba2a84e3966a6d8ada369aba19') in 0.000938458 seconds
Refreshing native plugins compatible for Editor in 1.12 ms, found 1 plugins.
Preloading 1 native plugins for Editor in 3.68 ms.
Asset Pipeline Refresh (id=7c9832943d83444aea380a3ffe644f8c): Total: 0.012 seconds - Initiated by StopAssetImportingV2(NoUpdateAssetOptions)
Start importing Assets/CHOOguardGenerated/WorldMotionFrameTest_50af34009bcb43aa9cd9c1723b2c2400/Geometry/rail_terminal_public--underground_connector--1.asset using Guid(080a57ec90b4d4e708ec5c9f724e5a70) (NativeFormatImporter) -> (artifact id: '58da1187a0eddb0227e98a9e75807152') in 0.000838833 seconds
Refreshing native plugins compatible for Editor in 1.17 ms, found 1 plugins.
Preloading 1 native plugins for Editor in 3.72 ms.
Asset Pipeline Refresh (id=bc1f13f556c804419a02e61236fcd353): Total: 0.013 seconds - Initiated by StopAssetImportingV2(NoUpdateAssetOptions)
Start importing Assets/CHOOguardGenerated/WorldMotionFrameTest_50af34009bcb43aa9cd9c1723b2c2400/Geometry/rail_terminal_public--underground_connector-1.asset using Guid(355968bb4e3224965b0fbd0ebd9f37d6) (NativeFormatImporter) -> (artifact id: 'cc7cd1f72686d96c0649b5b9ac5224ba') in 0.000916459 seconds
Refreshing native plugins compatible for Editor in 1.53 ms, found 1 plugins.
Preloading 1 native plugins for Editor in 3.58 ms.
Asset Pipeline Refresh (id=5d9d23f82742949b4b348689dffe9395): Total: 0.015 seconds - Initiated by StopAssetImportingV2(NoUpdateAssetOptions)
Start importing Assets/CHOOguardGenerated/WorldMotionFrameTest_50af34009bcb43aa9cd9c1723b2c2400/cg_region_rail_terminal_public.unity using Guid(acb1b923da9624c05b6a7e610d46b7c8) (DefaultImporter) -> (artifact id: 'fd2554747f2f162a3fb3722b702d4cc3') in 0.000631708 seconds
Refreshing native plugins compatible for Editor in 1.21 ms, found 1 plugins.
Preloading 1 native plugins for Editor in 3.63 ms.
Asset Pipeline Refresh (id=6fcb73cab54f44be2b5ec106938b43e8): Total: 0.013 seconds - Initiated by StopAssetImportingV2(NoUpdateAssetOptions)
Start importing Assets/CHOOguardGenerated/WorldMotionFrameTest_50af34009bcb43aa9cd9c1723b2c2400/cg_region_station_concourse_2f.unity using Guid(667a4d7f56289450db9ffb96fd513cb0) (DefaultImporter) -> (artifact id: '7842c7f79ba2101aa8b66a46f5a09e07') in 0.000882542 seconds
Refreshing native plugins compatible for Editor in 1.12 ms, found 1 plugins.
Preloading 1 native plugins for Editor in 3.45 ms.
Asset Pipeline Refresh (id=b95a4092499894918838acaca55e39df): Total: 0.014 seconds - Initiated by StopAssetImportingV2(NoUpdateAssetOptions)
Start importing Assets/CHOOguardGenerated/WorldMotionFrameTest_50af34009bcb43aa9cd9c1723b2c2400/Geometry/station_hall_1f--station_concourse_2f--1.asset using Guid(816b6b6f3fa884fc2bdbe56d688b5d2c) (NativeFormatImporter) -> (artifact id: 'e93e853d4814bd2ca9a69f1e2b495449') in 0.001060167 seconds
Refreshing native plugins compatible for Editor in 1.10 ms, found 1 plugins.
Preloading 1 native plugins for Editor in 3.50 ms.
Asset Pipeline Refresh (id=f708acf19e66e4503802ed43d7531fd3): Total: 0.016 seconds - Initiated by StopAssetImportingV2(NoUpdateAssetOptions)
Start importing Assets/CHOOguardGenerated/WorldMotionFrameTest_50af34009bcb43aa9cd9c1723b2c2400/Geometry/station_hall_1f--station_concourse_2f-1.asset using Guid(eb2f97e2ac38e4d51ac48099524c0690) (NativeFormatImporter) -> (artifact id: '8c75b75102814f414084aebef4bda768') in 0.000869208 seconds
Refreshing native plugins compatible for Editor in 1.08 ms, found 1 plugins.
Preloading 1 native plugins for Editor in 3.49 ms.
Asset Pipeline Refresh (id=57ab239ec0cee433aba7a3f392747690): Total: 0.013 seconds - Initiated by StopAssetImportingV2(NoUpdateAssetOptions)
Start importing Assets/CHOOguardGenerated/WorldMotionFrameTest_50af34009bcb43aa9cd9c1723b2c2400/cg_region_station_hall_1f.unity using Guid(affd5f8c29b6444c4a2fe1f7fa54b435) (DefaultImporter) -> (artifact id: '5fe2e19cc188840c72bba79949386495') in 0.000622375 seconds
Refreshing native plugins compatible for Editor in 1.07 ms, found 1 plugins.
Preloading 1 native plugins for Editor in 3.34 ms.
Asset Pipeline Refresh (id=0d28f5caf8d824f8193134081ea08ad9): Total: 0.012 seconds - Initiated by StopAssetImportingV2(NoUpdateAssetOptions)
Start importing Assets/CHOOguardGenerated/WorldMotionFrameTest_50af34009bcb43aa9cd9c1723b2c2400/Geometry/station_ticket_area--rail_terminal_public--1.asset using Guid(95f7ef6c7f04748b3b3c48f48ff2d6dd) (NativeFormatImporter) -> (artifact id: 'dc9f91cd143c89d7a19ce2c1ea509219') in 0.000811 seconds
Refreshing native plugins compatible for Editor in 1.03 ms, found 1 plugins.
Preloading 1 native plugins for Editor in 3.44 ms.
Asset Pipeline Refresh (id=3e38a41f92efa4028bc73abcefc024fd): Total: 0.014 seconds - Initiated by StopAssetImportingV2(NoUpdateAssetOptions)
Start importing Assets/CHOOguardGenerated/WorldMotionFrameTest_50af34009bcb43aa9cd9c1723b2c2400/Geometry/station_ticket_area--rail_terminal_public-1.asset using Guid(0664f1bc7172b46e786476e27bd799c2) (NativeFormatImporter) -> (artifact id: '79def1acc78a719e68529dbf748236cd') in 0.000922666 seconds
Refreshing native plugins compatible for Editor in 1.08 ms, found 1 plugins.
Preloading 1 native plugins for Editor in 3.34 ms.
Asset Pipeline Refresh (id=caa79397a760848329576c5aaa96e6b5): Total: 0.011 seconds - Initiated by StopAssetImportingV2(NoUpdateAssetOptions)
Start importing Assets/CHOOguardGenerated/WorldMotionFrameTest_50af34009bcb43aa9cd9c1723b2c2400/cg_region_station_ticket_area.unity using Guid(fc5423917d6464b38b59bd4192ce0a90) (DefaultImporter) -> (artifact id: '9c4dc5f81457417f7deb5cd54bab40e2') in 0.000521958 seconds
Refreshing native plugins compatible for Editor in 0.95 ms, found 1 plugins.
Preloading 1 native plugins for Editor in 3.28 ms.
Asset Pipeline Refresh (id=c27cbaf8df8da48a796541a98b7fe8ce): Total: 0.011 seconds - Initiated by StopAssetImportingV2(NoUpdateAssetOptions)
Start importing Assets/CHOOguardGenerated/WorldMotionFrameTest_50af34009bcb43aa9cd9c1723b2c2400/Geometry/forecourt_eurasia--underground_connector--1.asset using Guid(4342d3385ea9a49cfb50d18913cfb155) (NativeFormatImporter) -> (artifact id: 'af6ac58cc77d3df6076d4142c5985bd1') in 0.000783208 seconds
Refreshing native plugins compatible for Editor in 0.99 ms, found 1 plugins.
Preloading 1 native plugins for Editor in 3.28 ms.
Asset Pipeline Refresh (id=493f1809f5e374e69b186f4040ccc55b): Total: 0.013 seconds - Initiated by StopAssetImportingV2(NoUpdateAssetOptions)
Start importing Assets/CHOOguardGenerated/WorldMotionFrameTest_50af34009bcb43aa9cd9c1723b2c2400/Geometry/forecourt_eurasia--underground_connector-1.asset using Guid(f32446c7cd60a451d8dafedfbd397323) (NativeFormatImporter) -> (artifact id: '7c652729cc75dd75eef2b03b046c1f59') in 0.000741209 seconds
Refreshing native plugins compatible for Editor in 0.96 ms, found 1 plugins.
Preloading 1 native plugins for Editor in 3.26 ms.
Asset Pipeline Refresh (id=93fc19b1d52af4dc9bdd41365f143125): Total: 0.011 seconds - Initiated by StopAssetImportingV2(NoUpdateAssetOptions)
Start importing Assets/CHOOguardGenerated/WorldMotionFrameTest_50af34009bcb43aa9cd9c1723b2c2400/cg_region_forecourt_eurasia.unity using Guid(883af64d0a02848208030c415d6fa2d7) (DefaultImporter) -> (artifact id: 'eacdc6fc88371310d3e041d17191e0ad') in 0.000525959 seconds
Refreshing native plugins compatible for Editor in 0.95 ms, found 1 plugins.
Preloading 1 native plugins for Editor in 3.24 ms.
Asset Pipeline Refresh (id=3fe3c13e520944906b0c4b53184a4db0): Total: 0.012 seconds - Initiated by StopAssetImportingV2(NoUpdateAssetOptions)
Start importing Assets/CHOOguardGenerated/WorldMotionFrameTest_50af34009bcb43aa9cd9c1723b2c2400/Geometry/underground_connector--underground_shopping_passage--1.asset using Guid(a9648ccb76c7046c0bac4611404cc900) (NativeFormatImporter) -> (artifact id: '1944a46bb6479deb0bba1fc5dd2167a6') in 0.000770667 seconds
Refreshing native plugins compatible for Editor in 1.01 ms, found 1 plugins.
Preloading 1 native plugins for Editor in 3.37 ms.
Asset Pipeline Refresh (id=c4b5f46624a0e499db9f3cd45fcea2a5): Total: 0.013 seconds - Initiated by StopAssetImportingV2(NoUpdateAssetOptions)
Start importing Assets/CHOOguardGenerated/WorldMotionFrameTest_50af34009bcb43aa9cd9c1723b2c2400/Geometry/underground_connector--underground_shopping_passage-1.asset using Guid(045f5d82c62fb493c9fcb2b2fd8b67d0) (NativeFormatImporter) -> (artifact id: 'dcbed06dbc2ed874708ed7962ee03264') in 0.000760041 seconds
Refreshing native plugins compatible for Editor in 0.97 ms, found 1 plugins.
Preloading 1 native plugins for Editor in 3.35 ms.
Asset Pipeline Refresh (id=526f4cf00dc454188877577e41305337): Total: 0.010 seconds - Initiated by StopAssetImportingV2(NoUpdateAssetOptions)
Start importing Assets/CHOOguardGenerated/WorldMotionFrameTest_50af34009bcb43aa9cd9c1723b2c2400/cg_region_underground_connector.unity using Guid(56691c2d0303d48a1afc836bf5e103df) (DefaultImporter) -> (artifact id: '6b5981a90470d7691c03f343deea336e') in 0.000515417 seconds
Refreshing native plugins compatible for Editor in 0.96 ms, found 1 plugins.
Preloading 1 native plugins for Editor in 3.30 ms.
Asset Pipeline Refresh (id=70db797363df347039b322e57765332f): Total: 0.011 seconds - Initiated by StopAssetImportingV2(NoUpdateAssetOptions)
Start importing Assets/CHOOguardGenerated/WorldMotionFrameTest_50af34009bcb43aa9cd9c1723b2c2400/Geometry/underground_shopping_passage--metro_concourse--1.asset using Guid(35d9b1022a45744aba6b42a0a913fa05) (NativeFormatImporter) -> (artifact id: 'eb2a5a8ee4b2cafae53d60aab210a83d') in 0.000771459 seconds
Refreshing native plugins compatible for Editor in 0.95 ms, found 1 plugins.
Preloading 1 native plugins for Editor in 3.42 ms.
Asset Pipeline Refresh (id=84b907ba8e9404285a814903ef0aadae): Total: 0.013 seconds - Initiated by StopAssetImportingV2(NoUpdateAssetOptions)
Start importing Assets/CHOOguardGenerated/WorldMotionFrameTest_50af34009bcb43aa9cd9c1723b2c2400/Geometry/underground_shopping_passage--metro_concourse-1.asset using Guid(237e2a11cade5456ea52a91434453482) (NativeFormatImporter) -> (artifact id: '7cba1a171ba7d4c05e6772322df9e399') in 0.000725042 seconds
Refreshing native plugins compatible for Editor in 0.94 ms, found 1 plugins.
Preloading 1 native plugins for Editor in 3.27 ms.
Asset Pipeline Refresh (id=4593b29da2d944545befe526824051e5): Total: 0.010 seconds - Initiated by StopAssetImportingV2(NoUpdateAssetOptions)
Start importing Assets/CHOOguardGenerated/WorldMotionFrameTest_50af34009bcb43aa9cd9c1723b2c2400/cg_region_underground_shopping_passage.unity using Guid(27e8a8a4d21244418a380fae5be8eb0c) (DefaultImporter) -> (artifact id: '265c6836efc9168078ac54eda24b7b28') in 0.000498958 seconds
Refreshing native plugins compatible for Editor in 1.00 ms, found 1 plugins.
Preloading 1 native plugins for Editor in 3.26 ms.
Asset Pipeline Refresh (id=ece5f49a606a6484383e6cdab1e0efc7): Total: 0.011 seconds - Initiated by StopAssetImportingV2(NoUpdateAssetOptions)
Start importing Assets/CHOOguardGenerated/WorldMotionFrameTest_50af34009bcb43aa9cd9c1723b2c2400/Geometry/metro_concourse--metro_platforms--1.asset using Guid(c08f1e728d0ca490c8d7e109f01ac428) (NativeFormatImporter) -> (artifact id: 'f5ffb5708b3cbf1906fb27b7efa736e5') in 0.000752167 seconds
Refreshing native plugins compatible for Editor in 1.04 ms, found 1 plugins.
Preloading 1 native plugins for Editor in 3.36 ms.
Asset Pipeline Refresh (id=53564561c78a14ad69cddba9c9210da3): Total: 0.013 seconds - Initiated by StopAssetImportingV2(NoUpdateAssetOptions)
Start importing Assets/CHOOguardGenerated/WorldMotionFrameTest_50af34009bcb43aa9cd9c1723b2c2400/Geometry/metro_concourse--metro_platforms-1.asset using Guid(2b157ee099db6471597b5c03b937ea4e) (NativeFormatImporter) -> (artifact id: '48c7eed9fa54b956ee4c488507bd2b4f') in 0.000840291 seconds
Refreshing native plugins compatible for Editor in 1.11 ms, found 1 plugins.
Preloading 1 native plugins for Editor in 3.34 ms.
Asset Pipeline Refresh (id=c4b0e8a5ca93847f3b487b1db03652bb): Total: 0.012 seconds - Initiated by StopAssetImportingV2(NoUpdateAssetOptions)
Start importing Assets/CHOOguardGenerated/WorldMotionFrameTest_50af34009bcb43aa9cd9c1723b2c2400/cg_region_metro_concourse.unity using Guid(61a1f625050af49b88602a923b3a2493) (DefaultImporter) -> (artifact id: '44c58126ed8f8452f01f4a1561f139fb') in 0.000578334 seconds
Refreshing native plugins compatible for Editor in 1.02 ms, found 1 plugins.
Preloading 1 native plugins for Editor in 3.29 ms.
Asset Pipeline Refresh (id=c16a87a6c9dec4b8d8076798dad299f9): Total: 0.012 seconds - Initiated by StopAssetImportingV2(NoUpdateAssetOptions)
Start importing Assets/CHOOguardGenerated/WorldMotionFrameTest_50af34009bcb43aa9cd9c1723b2c2400/Geometry/rolling_stock_metro--metro_platforms--1.asset using Guid(b44222245b72c46a88e89b09f45efa44) (NativeFormatImporter) -> (artifact id: 'f174416438ca8631ddbcb73f414e451b') in 0.0007545 seconds
Refreshing native plugins compatible for Editor in 0.99 ms, found 1 plugins.
Preloading 1 native plugins for Editor in 3.36 ms.
Asset Pipeline Refresh (id=4b68fa9426d34486eb14ba72a8e665eb): Total: 0.013 seconds - Initiated by StopAssetImportingV2(NoUpdateAssetOptions)
Start importing Assets/CHOOguardGenerated/WorldMotionFrameTest_50af34009bcb43aa9cd9c1723b2c2400/Geometry/rolling_stock_metro--metro_platforms-1.asset using Guid(c673e0cb233c8461597a5ee9500bb493) (NativeFormatImporter) -> (artifact id: 'd03d08172217f832675699a9c78d4b83') in 0.000683417 seconds
Refreshing native plugins compatible for Editor in 0.98 ms, found 1 plugins.
Preloading 1 native plugins for Editor in 3.31 ms.
Asset Pipeline Refresh (id=c83f13e9899d74183945915edaeb8362): Total: 0.010 seconds - Initiated by StopAssetImportingV2(NoUpdateAssetOptions)
Start importing Assets/CHOOguardGenerated/WorldMotionFrameTest_50af34009bcb43aa9cd9c1723b2c2400/cg_region_metro_platforms.unity using Guid(9b3a020d2fd7c414bb3fb09fba62afa8) (DefaultImporter) -> (artifact id: '38e169afe71efbb7ec960aa20828222e') in 0.000577458 seconds
Refreshing native plugins compatible for Editor in 1.08 ms, found 1 plugins.
Preloading 1 native plugins for Editor in 97.55 ms.
Asset Pipeline Refresh (id=1ce7fd43495734cf2a9c8c451dacc06f): Total: 0.107 seconds - Initiated by StopAssetImportingV2(NoUpdateAssetOptions)
Start importing Assets/CHOOguardGenerated/WorldMotionFrameTest_50af34009bcb43aa9cd9c1723b2c2400/cg_region_rolling_stock_metro.unity using Guid(1b5c33469b9574d1b98af6904127a763) (DefaultImporter) -> (artifact id: 'd95430fb734abbd2d79830cbf29f5d20') in 0.000677125 seconds
Refreshing native plugins compatible for Editor in 1.03 ms, found 1 plugins.
Preloading 1 native plugins for Editor in 3.39 ms.
Asset Pipeline Refresh (id=00135a7220a86432f9e606e58708c5e5): Total: 0.013 seconds - Initiated by StopAssetImportingV2(NoUpdateAssetOptions)
Connected world generated: 13 region scenes and 12 provisional connections. Verification is separate.
UnityEngine.Debug:ExtractStackTraceNoAlloc (byte*,int,string)
UnityEngine.StackTraceUtility:ExtractStackTrace () (at /Users/bokken/build/output/unity/unity/Runtime/Export/Scripting/StackTrace.cs:35)
UnityEngine.DebugLogHandler:Internal_Log (UnityEngine.LogType,UnityEngine.LogOption,string,UnityEngine.Object)
UnityEngine.DebugLogHandler:LogFormat (UnityEngine.LogType,UnityEngine.Object,string,object[])
UnityEngine.Logger:Log (UnityEngine.LogType,object)
UnityEngine.Debug:Log (object)
ChooGuard.Foundation.Multiplayer.Editor.ConnectedWorldSceneBuilder:Build (string,ChooGuard.Foundation.Multiplayer.ConnectedWorldDefinition) (at ./Packages/com.xrlab.chooguard.foundation/Multiplayer/Editor/ConnectedWorldSceneBuilder.cs:90)
ChooGuard.Foundation.Multiplayer.Tests.Fmp08aMovingFrameTests:Build () (at ./Packages/com.xrlab.chooguard.foundation/Multiplayer/Tests/Editor/Fmp08aMovingFrameTests.cs:87)
System.Reflection.RuntimeMethodInfo:Invoke (object,System.Reflection.BindingFlags,System.Reflection.Binder,object[],System.Globalization.CultureInfo)
System.Reflection.MethodBase:Invoke (object,object[])
NUnit.Framework.Internal.Reflect:InvokeMethod (System.Reflection.MethodInfo,object,object[])
NUnit.Framework.Internal.Reflect:InvokeMethod (System.Reflection.MethodInfo,object)
NUnit.Framework.Internal.Commands.SetUpTearDownItem:RunNonAsyncMethod (System.Reflection.MethodInfo,NUnit.Framework.Internal.ITestExecutionContext)
NUnit.Framework.Internal.Commands.SetUpTearDownItem:RunSetUpOrTearDownMethod (NUnit.Framework.Internal.ITestExecutionContext,System.Reflection.MethodInfo)
NUnit.Framework.Internal.Commands.SetUpTearDownItem:RunSetUp (NUnit.Framework.Internal.ITestExecutionContext)
NUnit.Framework.Internal.Commands.OneTimeSetUpCommand:Execute (NUnit.Framework.Internal.ITestExecutionContext)
UnityEngine.TestRunner.NUnitExtensions.Runner.CompositeWorkItem:PerformOneTimeSetUp () (at ./Library/PackageCache/com.unity.test-framework@bd7f943e9647/UnityEngine.TestRunner/NUnitExtensions/Runner/CompositeWorkItem.cs:171)
UnityEngine.TestRunner.NUnitExtensions.Runner.CompositeWorkItem/<PerformWork>d__13:MoveNext () (at ./Library/PackageCache/com.unity.test-framework@bd7f943e9647/UnityEngine.TestRunner/NUnitExtensions/Runner/CompositeWorkItem.cs:74)
UnityEngine.TestRunner.NUnitExtensions.Runner.CompositeWorkItem/<RunChildren>d__17:MoveNext () (at ./Library/PackageCache/com.unity.test-framework@bd7f943e9647/UnityEngine.TestRunner/NUnitExtensions/Runner/CompositeWorkItem.cs:207)
UnityEngine.TestRunner.NUnitExtensions.Runner.CompositeWorkItem/<PerformWork>d__13:MoveNext () (at ./Library/PackageCache/com.unity.test-framework@bd7f943e9647/UnityEngine.TestRunner/NUnitExtensions/Runner/CompositeWorkItem.cs:82)
UnityEngine.TestRunner.NUnitExtensions.Runner.CompositeWorkItem/<RunChildren>d__17:MoveNext () (at ./Library/PackageCache/com.unity.test-framework@bd7f943e9647/UnityEngine.TestRunner/NUnitExtensions/Runner/CompositeWorkItem.cs:207)
UnityEngine.TestRunner.NUnitExtensions.Runner.CompositeWorkItem/<PerformWork>d__13:MoveNext () (at ./Library/PackageCache/com.unity.test-framework@bd7f943e9647/UnityEngine.TestRunner/NUnitExtensions/Runner/CompositeWorkItem.cs:82)
UnityEngine.TestRunner.NUnitExtensions.Runner.CompositeWorkItem/<RunChildren>d__17:MoveNext () (at ./Library/PackageCache/com.unity.test-framework@bd7f943e9647/UnityEngine.TestRunner/NUnitExtensions/Runner/CompositeWorkItem.cs:207)
UnityEngine.TestRunner.NUnitExtensions.Runner.CompositeWorkItem/<PerformWork>d__13:MoveNext () (at ./Library/PackageCache/com.unity.test-framework@bd7f943e9647/UnityEngine.TestRunner/NUnitExtensions/Runner/CompositeWorkItem.cs:82)
UnityEngine.TestRunner.NUnitExtensions.Runner.CompositeWorkItem/<RunChildren>d__17:MoveNext () (at ./Library/PackageCache/com.unity.test-framework@bd7f943e9647/UnityEngine.TestRunner/NUnitExtensions/Runner/CompositeWorkItem.cs:207)
UnityEngine.TestRunner.NUnitExtensions.Runner.CompositeWorkItem/<PerformWork>d__13:MoveNext () (at ./Library/PackageCache/com.unity.test-framework@bd7f943e9647/UnityEngine.TestRunner/NUnitExtensions/Runner/CompositeWorkItem.cs:82)
UnityEngine.TestRunner.NUnitExtensions.Runner.CompositeWorkItem/<RunChildren>d__17:MoveNext () (at ./Library/PackageCache/com.unity.test-framework@bd7f943e9647/UnityEngine.TestRunner/NUnitExtensions/Runner/CompositeWorkItem.cs:207)
UnityEngine.TestRunner.NUnitExtensions.Runner.CompositeWorkItem/<PerformWork>d__13:MoveNext () (at ./Library/PackageCache/com.unity.test-framework@bd7f943e9647/UnityEngine.TestRunner/NUnitExtensions/Runner/CompositeWorkItem.cs:82)
UnityEngine.TestRunner.NUnitExtensions.Runner.CompositeWorkItem/<RunChildren>d__17:MoveNext () (at ./Library/PackageCache/com.unity.test-framework@bd7f943e9647/UnityEngine.TestRunner/NUnitExtensions/Runner/CompositeWorkItem.cs:207)
UnityEngine.TestRunner.NUnitExtensions.Runner.CompositeWorkItem/<PerformWork>d__13:MoveNext () (at ./Library/PackageCache/com.unity.test-framework@bd7f943e9647/UnityEngine.TestRunner/NUnitExtensions/Runner/CompositeWorkItem.cs:82)
UnityEditor.TestTools.TestRunner.EditModeRunner:MoveNextAndUpdateYieldObject () (at ./Library/PackageCache/com.unity.test-framework@bd7f943e9647/UnityEditor.TestRunner/TestRunner/EditModeRunner.cs:167)
UnityEditor.TestTools.TestRunner.EditModeRunner:TestConsumer (UnityEditor.TestTools.TestRunner.TestRunnerStateSerializer) (at ./Library/PackageCache/com.unity.test-framework@bd7f943e9647/UnityEditor.TestRunner/TestRunner/EditModeRunner.cs:200)
UnityEditor.TestTools.TestRunner.TestRun.Tasks.EditModeRunTask/<Execute>d__1:MoveNext () (at ./Library/PackageCache/com.unity.test-framework@bd7f943e9647/UnityEditor.TestRunner/TestRun/Tasks/EditModeRunTask.cs:48)
UnityEditor.TestTools.TestRunner.TestRun.TestJobRunner:ExecuteStep () (at ./Library/PackageCache/com.unity.test-framework@bd7f943e9647/UnityEditor.TestRunner/TestRun/TestJobRunner.cs:173)
UnityEditor.TestTools.TestRunner.TestRun.TestJobRunner:ExecuteCallback () (at ./Library/PackageCache/com.unity.test-framework@bd7f943e9647/UnityEditor.TestRunner/TestRun/TestJobRunner.cs:108)
UnityEditor.EditorApplication:Internal_CallUpdateFunctions () (at /Users/bokken/build/output/unity/unity/Editor/Mono/EditorApplication.cs:392)

(Filename: ./Packages/com.xrlab.chooguard.foundation/Multiplayer/Editor/ConnectedWorldSceneBuilder.cs Line: 90)

Opening scene 'Assets/CHOOguardGenerated/WorldMotionFrameTest_50af34009bcb43aa9cd9c1723b2c2400/cg_region_rolling_stock_mainline.unity additively'
Loaded scene 'Assets/CHOOguardGenerated/WorldMotionFrameTest_50af34009bcb43aa9cd9c1723b2c2400/cg_region_rolling_stock_mainline.unity'
	Deserialize:            4.412 ms
	Integration:            0.684 ms
	Integration of assets:  0.003 ms
	Thread Wait Time:       0.004 ms
	Total Operation Time:   5.103 ms
Opening scene 'Assets/CHOOguardGenerated/WorldMotionFrameTest_50af34009bcb43aa9cd9c1723b2c2400/cg_region_rail_tracks_mainline.unity additively'
Loaded scene 'Assets/CHOOguardGenerated/WorldMotionFrameTest_50af34009bcb43aa9cd9c1723b2c2400/cg_region_rail_tracks_mainline.unity'
	Deserialize:            3.156 ms
	Integration:            0.637 ms
	Integration of assets:  0.002 ms
	Thread Wait Time:       0.006 ms
	Total Operation Time:   3.800 ms
Opening scene 'Assets/CHOOguardGenerated/WorldMotionFrameTest_50af34009bcb43aa9cd9c1723b2c2400/cg_region_rail_platforms_mainline.unity additively'
Loaded scene 'Assets/CHOOguardGenerated/WorldMotionFrameTest_50af34009bcb43aa9cd9c1723b2c2400/cg_region_rail_platforms_mainline.unity'
	Deserialize:            4.826 ms
	Integration:            0.691 ms
	Integration of assets:  0.002 ms
	Thread Wait Time:       0.003 ms
	Total Operation Time:   5.523 ms
Opening scene 'Assets/CHOOguardGenerated/WorldMotionFrameTest_50af34009bcb43aa9cd9c1723b2c2400/cg_region_rail_terminal_public.unity additively'
Loaded scene 'Assets/CHOOguardGenerated/WorldMotionFrameTest_50af34009bcb43aa9cd9c1723b2c2400/cg_region_rail_terminal_public.unity'
	Deserialize:            2.742 ms
	Integration:            0.464 ms
	Integration of assets:  0.001 ms
	Thread Wait Time:       0.006 ms
	Total Operation Time:   3.213 ms
Opening scene 'Assets/CHOOguardGenerated/WorldMotionFrameTest_50af34009bcb43aa9cd9c1723b2c2400/cg_region_station_concourse_2f.unity additively'
Loaded scene 'Assets/CHOOguardGenerated/WorldMotionFrameTest_50af34009bcb43aa9cd9c1723b2c2400/cg_region_station_concourse_2f.unity'
	Deserialize:            2.629 ms
	Integration:            1.379 ms
	Integration of assets:  0.002 ms
	Thread Wait Time:       0.004 ms
	Total Operation Time:   4.013 ms
Opening scene 'Assets/CHOOguardGenerated/WorldMotionFrameTest_50af34009bcb43aa9cd9c1723b2c2400/cg_region_station_hall_1f.unity additively'
Loaded scene 'Assets/CHOOguardGenerated/WorldMotionFrameTest_50af34009bcb43aa9cd9c1723b2c2400/cg_region_station_hall_1f.unity'
	Deserialize:            2.517 ms
	Integration:            0.525 ms
	Integration of assets:  0.001 ms
	Thread Wait Time:       0.006 ms
	Total Operation Time:   3.050 ms
Opening scene 'Assets/CHOOguardGenerated/WorldMotionFrameTest_50af34009bcb43aa9cd9c1723b2c2400/cg_region_station_ticket_area.unity additively'
Loaded scene 'Assets/CHOOguardGenerated/WorldMotionFrameTest_50af34009bcb43aa9cd9c1723b2c2400/cg_region_station_ticket_area.unity'
	Deserialize:            2.544 ms
	Integration:            0.475 ms
	Integration of assets:  0.001 ms
	Thread Wait Time:       0.004 ms
	Total Operation Time:   3.024 ms
Opening scene 'Assets/CHOOguardGenerated/WorldMotionFrameTest_50af34009bcb43aa9cd9c1723b2c2400/cg_region_forecourt_eurasia.unity additively'
Loaded scene 'Assets/CHOOguardGenerated/WorldMotionFrameTest_50af34009bcb43aa9cd9c1723b2c2400/cg_region_forecourt_eurasia.unity'
	Deserialize:            1.993 ms
	Integration:            0.593 ms
	Integration of assets:  0.001 ms
	Thread Wait Time:       0.005 ms
	Total Operation Time:   2.591 ms
Opening scene 'Assets/CHOOguardGenerated/WorldMotionFrameTest_50af34009bcb43aa9cd9c1723b2c2400/cg_region_underground_connector.unity additively'
Loaded scene 'Assets/CHOOguardGenerated/WorldMotionFrameTest_50af34009bcb43aa9cd9c1723b2c2400/cg_region_underground_connector.unity'
	Deserialize:            3.517 ms
	Integration:            0.473 ms
	Integration of assets:  0.001 ms
	Thread Wait Time:       0.006 ms
	Total Operation Time:   3.997 ms
Opening scene 'Assets/CHOOguardGenerated/WorldMotionFrameTest_50af34009bcb43aa9cd9c1723b2c2400/cg_region_underground_shopping_passage.unity additively'
Loaded scene 'Assets/CHOOguardGenerated/WorldMotionFrameTest_50af34009bcb43aa9cd9c1723b2c2400/cg_region_underground_shopping_passage.unity'
	Deserialize:            1.997 ms
	Integration:            0.497 ms
	Integration of assets:  0.001 ms
	Thread Wait Time:       0.006 ms
	Total Operation Time:   2.500 ms
Opening scene 'Assets/CHOOguardGenerated/WorldMotionFrameTest_50af34009bcb43aa9cd9c1723b2c2400/cg_region_metro_concourse.unity additively'
Loaded scene 'Assets/CHOOguardGenerated/WorldMotionFrameTest_50af34009bcb43aa9cd9c1723b2c2400/cg_region_metro_concourse.unity'
	Deserialize:            2.582 ms
	Integration:            0.423 ms
	Integration of assets:  0.002 ms
	Thread Wait Time:       0.005 ms
	Total Operation Time:   3.011 ms
Opening scene 'Assets/CHOOguardGenerated/WorldMotionFrameTest_50af34009bcb43aa9cd9c1723b2c2400/cg_region_metro_platforms.unity additively'
Loaded scene 'Assets/CHOOguardGenerated/WorldMotionFrameTest_50af34009bcb43aa9cd9c1723b2c2400/cg_region_metro_platforms.unity'
	Deserialize:            4.238 ms
	Integration:            0.644 ms
	Integration of assets:  0.002 ms
	Thread Wait Time:       0.004 ms
	Total Operation Time:   4.889 ms
Opening scene 'Assets/CHOOguardGenerated/WorldMotionFrameTest_50af34009bcb43aa9cd9c1723b2c2400/cg_region_rolling_stock_metro.unity additively'
Loaded scene 'Assets/CHOOguardGenerated/WorldMotionFrameTest_50af34009bcb43aa9cd9c1723b2c2400/cg_region_rolling_stock_metro.unity'
	Deserialize:            4.401 ms
	Integration:            0.539 ms
	Integration of assets:  0.002 ms
	Thread Wait Time:       0.006 ms
	Total Operation Time:   4.947 ms
Unloading 13 Unused Serialized files (Serialized files now loaded: 0)
Unloading 571 unused Assets / (164.5 KB). Loaded Objects now: 2738.
Memory consumption went from 139.4 MB to 139.3 MB.
Total: 6.399625 ms (FindLiveObjects: 0.071500 ms CreateObjectMapping: 0.032208 ms MarkObjects: 6.047167 ms  DeleteObjects: 0.248583 ms)

Refreshing native plugins compatible for Editor in 0.70 ms, found 1 plugins.
Preloading 1 native plugins for Editor in 3.15 ms.
Asset Pipeline Refresh (id=384d6bab4caae4ec09f14b1c56032d3d): Total: 0.014 seconds - Initiated by StopAssetImportingV2(NoUpdateAssetOptions)
Start importing Assets/CHOOguardGenerated/WorldMotionTest_72471d4e00084d2982cbcbcabbe6b100 using Guid(f4800d6a3690347f9aa4b5d43a1178ab) (DefaultImporter) -> (artifact id: '34a8ecb9aede0f2004e2173d9b55aa54') in 0.000624459 seconds
Start importing Assets/CHOOguardGenerated/WorldMotionTest_72471d4e00084d2982cbcbcabbe6b100/connected-world-profile.json using Guid(2ee1501c6ccfc4ab7af7b2066805d47d) (TextScriptImporter) -> (artifact id: '06a8eb55fa5cc54497be3853072a42b3') in 0.000715125 seconds
Refreshing native plugins compatible for Editor in 0.93 ms, found 1 plugins.
Preloading 1 native plugins for Editor in 3.21 ms.
Asset Pipeline Refresh (id=0002c43fc4b02487d868b6a8055f3c7d): Total: 0.012 seconds - Initiated by StopAssetImportingV2(NoUpdateAssetOptions)
Start importing Assets/CHOOguardGenerated/WorldMotionTest_72471d4e00084d2982cbcbcabbe6b100/Geometry using Guid(f7e0f79810db94a76bc8976475f8bcc0) (DefaultImporter) -> (artifact id: '8d016b06a46094ea1368e0b5a7a50edd') in 0.000508291 seconds
Refreshing native plugins compatible for Editor in 0.89 ms, found 1 plugins.
Preloading 1 native plugins for Editor in 3.15 ms.
Asset Pipeline Refresh (id=1a6746792492c4625afbc45206785973): Total: 0.009 seconds - Initiated by StopAssetImportingV2(NoUpdateAssetOptions)
Unloading 0 Unused Serialized files (Serialized files now loaded: 0)
Unloading 22 unused Assets / (0.8 KB). Loaded Objects now: 2731.
Memory consumption went from 135.8 MB to 135.8 MB.
Total: 6.152541 ms (FindLiveObjects: 0.062750 ms CreateObjectMapping: 0.026834 ms MarkObjects: 6.043417 ms  DeleteObjects: 0.019250 ms)

Start importing Assets/CHOOguardGenerated/WorldMotionTest_72471d4e00084d2982cbcbcabbe6b100/ConnectedWorld.unity using Guid(3c7fff1f74f1f49de9e02918e4235f04) (DefaultImporter) -> (artifact id: 'd3efcb5f271df92a8aa7f24f43ecf9cf') in 0.000444083 seconds
Refreshing native plugins compatible for Editor in 0.66 ms, found 1 plugins.
Preloading 1 native plugins for Editor in 3.18 ms.
Asset Pipeline Refresh (id=e6449e04dbdea41f3894a7082907f4c0): Total: 0.010 seconds - Initiated by StopAssetImportingV2(NoUpdateAssetOptions)
Start importing Assets/CHOOguardGenerated/WorldMotionTest_72471d4e00084d2982cbcbcabbe6b100/cg_region_rolling_stock_mainline.unity using Guid(b06cb913355174767a7d94ab6aba2b7e) (DefaultImporter) -> (artifact id: '753c2075cc1eddc8810d98fe17d67de8') in 0.000469125 seconds
Refreshing native plugins compatible for Editor in 0.95 ms, found 1 plugins.
Preloading 1 native plugins for Editor in 3.37 ms.
Asset Pipeline Refresh (id=bd24e77cb38e94d7cbbb9cc254e2407e): Total: 0.011 seconds - Initiated by StopAssetImportingV2(NoUpdateAssetOptions)
Start importing Assets/CHOOguardGenerated/WorldMotionTest_72471d4e00084d2982cbcbcabbe6b100/Geometry/rail_tracks_mainline--rail_platforms_mainline--1.asset using Guid(dec9d20c2ebb846abade07b79fe68369) (NativeFormatImporter) -> (artifact id: '78c0e590348bd5cd5efabf1aff6e8121') in 0.000656583 seconds
Refreshing native plugins compatible for Editor in 0.95 ms, found 1 plugins.
Preloading 1 native plugins for Editor in 3.19 ms.
Asset Pipeline Refresh (id=74b0a4b483c5f4e2481bbca23444aab0): Total: 0.012 seconds - Initiated by StopAssetImportingV2(NoUpdateAssetOptions)
Start importing Assets/CHOOguardGenerated/WorldMotionTest_72471d4e00084d2982cbcbcabbe6b100/Geometry/rail_tracks_mainline--rail_platforms_mainline-1.asset using Guid(1d301ec66e92f476a85d5d3ee8427aab) (NativeFormatImporter) -> (artifact id: '9c4b58c25f1916f7d6fc06a05c8e6d2d') in 0.000871792 seconds
Refreshing native plugins compatible for Editor in 1.06 ms, found 1 plugins.
Preloading 1 native plugins for Editor in 3.32 ms.
Asset Pipeline Refresh (id=736fc316ad30f4f74bffa168467d8b77): Total: 0.011 seconds - Initiated by StopAssetImportingV2(NoUpdateAssetOptions)
Start importing Assets/CHOOguardGenerated/WorldMotionTest_72471d4e00084d2982cbcbcabbe6b100/cg_region_rail_tracks_mainline.unity using Guid(7e5fed23cca744d50bf810057e922aeb) (DefaultImporter) -> (artifact id: '0913e6c960d1e7ba4ffb6c4a9e5dfc77') in 0.000481375 seconds
Refreshing native plugins compatible for Editor in 1.17 ms, found 1 plugins.
Preloading 1 native plugins for Editor in 3.16 ms.
Asset Pipeline Refresh (id=89ac307e74adb4eaa8d63abfdf6bacf6): Total: 0.011 seconds - Initiated by StopAssetImportingV2(NoUpdateAssetOptions)
Start importing Assets/CHOOguardGenerated/WorldMotionTest_72471d4e00084d2982cbcbcabbe6b100/Geometry/rolling_stock_mainline--rail_platforms_mainline--1.asset using Guid(8d504dd26874c4fe786157209d3a1d25) (NativeFormatImporter) -> (artifact id: '74bdbe1ec951718e2d833a1b63160ab3') in 0.000811792 seconds
Refreshing native plugins compatible for Editor in 1.13 ms, found 1 plugins.
Preloading 1 native plugins for Editor in 3.28 ms.
Asset Pipeline Refresh (id=41f3165f88fa943619757c768d5dd74c): Total: 0.014 seconds - Initiated by StopAssetImportingV2(NoUpdateAssetOptions)
Start importing Assets/CHOOguardGenerated/WorldMotionTest_72471d4e00084d2982cbcbcabbe6b100/Geometry/rolling_stock_mainline--rail_platforms_mainline-1.asset using Guid(40898280be03143998c594f52b882fdf) (NativeFormatImporter) -> (artifact id: '1ea1b658b22cd4ea3ae7372624e6cc8f') in 0.000735083 seconds
Refreshing native plugins compatible for Editor in 1.00 ms, found 1 plugins.
Preloading 1 native plugins for Editor in 3.33 ms.
Asset Pipeline Refresh (id=a9610cacecc1c48138df0439b9cdeb4f): Total: 0.010 seconds - Initiated by StopAssetImportingV2(NoUpdateAssetOptions)
Start importing Assets/CHOOguardGenerated/WorldMotionTest_72471d4e00084d2982cbcbcabbe6b100/Geometry/rail_platforms_mainline--station_concourse_2f--1.asset using Guid(c3cc21c1860774ad0b9d6d3adfddbb89) (NativeFormatImporter) -> (artifact id: '6d3f38742a3bcffb6a7cd6d6500b0c19') in 0.000963167 seconds
Refreshing native plugins compatible for Editor in 1.09 ms, found 1 plugins.
Preloading 1 native plugins for Editor in 3.34 ms.
Asset Pipeline Refresh (id=05959a92dfb4d40228d764b2b2471631): Total: 0.011 seconds - Initiated by StopAssetImportingV2(NoUpdateAssetOptions)
Start importing Assets/CHOOguardGenerated/WorldMotionTest_72471d4e00084d2982cbcbcabbe6b100/Geometry/rail_platforms_mainline--station_concourse_2f-1.asset using Guid(52065d5c86f764a549e69435a94129b9) (NativeFormatImporter) -> (artifact id: '3d5a261be72eba90f641bdf0a2b82be7') in 0.000863916 seconds
Refreshing native plugins compatible for Editor in 0.98 ms, found 1 plugins.
Preloading 1 native plugins for Editor in 3.37 ms.
Asset Pipeline Refresh (id=f1603f87b538d422abab84ecfe403be5): Total: 0.011 seconds - Initiated by StopAssetImportingV2(NoUpdateAssetOptions)
Start importing Assets/CHOOguardGenerated/WorldMotionTest_72471d4e00084d2982cbcbcabbe6b100/cg_region_rail_platforms_mainline.unity using Guid(561016d87224b454bad6db144a1d59cb) (DefaultImporter) -> (artifact id: 'baf6cbbf66268e08f162abdea63fb467') in 0.000527084 seconds
Refreshing native plugins compatible for Editor in 1.05 ms, found 1 plugins.
Preloading 1 native plugins for Editor in 3.39 ms.
Asset Pipeline Refresh (id=d715fced7520d42e9bf5bceb524c6b6d): Total: 0.012 seconds - Initiated by StopAssetImportingV2(NoUpdateAssetOptions)
Start importing Assets/CHOOguardGenerated/WorldMotionTest_72471d4e00084d2982cbcbcabbe6b100/Geometry/rail_terminal_public--station_concourse_2f--1.asset using Guid(718358dec15a2455b82976c5a33d6ee7) (NativeFormatImporter) -> (artifact id: '4268b41ea29384e8d316a282240df404') in 0.000854084 seconds
Refreshing native plugins compatible for Editor in 1.14 ms, found 1 plugins.
Preloading 1 native plugins for Editor in 3.40 ms.
Asset Pipeline Refresh (id=1daeb726cd2784de9abd623f5973f0cf): Total: 0.014 seconds - Initiated by StopAssetImportingV2(NoUpdateAssetOptions)
Start importing Assets/CHOOguardGenerated/WorldMotionTest_72471d4e00084d2982cbcbcabbe6b100/Geometry/rail_terminal_public--station_concourse_2f-1.asset using Guid(93f15ec07f83d438d8a36be6abb5676c) (NativeFormatImporter) -> (artifact id: '62f8e5f0ca00bb72a17103e50bb427b5') in 0.000903083 seconds
Refreshing native plugins compatible for Editor in 1.08 ms, found 1 plugins.
Preloading 1 native plugins for Editor in 3.43 ms.
Asset Pipeline Refresh (id=18b20c1ed2c2247f8b7eae9e5374a5a6): Total: 0.011 seconds - Initiated by StopAssetImportingV2(NoUpdateAssetOptions)
Start importing Assets/CHOOguardGenerated/WorldMotionTest_72471d4e00084d2982cbcbcabbe6b100/Geometry/rail_terminal_public--underground_connector--1.asset using Guid(33188d6db3c3a46cbbd8370dbf02c2ad) (NativeFormatImporter) -> (artifact id: '78af282804c08e5d1968bafa1a12a2f1') in 0.000882334 seconds
Refreshing native plugins compatible for Editor in 1.01 ms, found 1 plugins.
Preloading 1 native plugins for Editor in 3.35 ms.
Asset Pipeline Refresh (id=4c83748bf97ef4dc3a190a204ab32354): Total: 0.011 seconds - Initiated by StopAssetImportingV2(NoUpdateAssetOptions)
Start importing Assets/CHOOguardGenerated/WorldMotionTest_72471d4e00084d2982cbcbcabbe6b100/Geometry/rail_terminal_public--underground_connector-1.asset using Guid(4be5c2ced55c5440fa8fe506e4eed205) (NativeFormatImporter) -> (artifact id: 'c6fd7572e1ebcb1943162ffbe8843337') in 0.00077125 seconds
Refreshing native plugins compatible for Editor in 0.97 ms, found 1 plugins.
Preloading 1 native plugins for Editor in 3.30 ms.
Asset Pipeline Refresh (id=e7ef02a4e364644a49a9b774a1dbbb10): Total: 0.010 seconds - Initiated by StopAssetImportingV2(NoUpdateAssetOptions)
Start importing Assets/CHOOguardGenerated/WorldMotionTest_72471d4e00084d2982cbcbcabbe6b100/cg_region_rail_terminal_public.unity using Guid(4ccd2dd8957e645fd87d30df753736a5) (DefaultImporter) -> (artifact id: '351deab2236f496deda7c2cf9c95e0c2') in 0.0005365 seconds
Refreshing native plugins compatible for Editor in 1.00 ms, found 1 plugins.
Preloading 1 native plugins for Editor in 3.36 ms.
Asset Pipeline Refresh (id=b893a0a59803c4140a9aed0f7d2e6d1c): Total: 0.011 seconds - Initiated by StopAssetImportingV2(NoUpdateAssetOptions)
Start importing Assets/CHOOguardGenerated/WorldMotionTest_72471d4e00084d2982cbcbcabbe6b100/cg_region_station_concourse_2f.unity using Guid(461c20053a555439bb5608a6dd63a007) (DefaultImporter) -> (artifact id: '2e55b180ee6960b162f2633b8fa65941') in 0.000601208 seconds
Refreshing native plugins compatible for Editor in 0.99 ms, found 1 plugins.
Preloading 1 native plugins for Editor in 3.30 ms.
Asset Pipeline Refresh (id=244ebee183a89417c8550f2dd074fa47): Total: 0.012 seconds - Initiated by StopAssetImportingV2(NoUpdateAssetOptions)
Start importing Assets/CHOOguardGenerated/WorldMotionTest_72471d4e00084d2982cbcbcabbe6b100/Geometry/station_hall_1f--station_concourse_2f--1.asset using Guid(a6e73d1be698d466ab380b1babd546d3) (NativeFormatImporter) -> (artifact id: '1e475b1e8b257105f1947a3a4ecce843') in 0.000780167 seconds
Refreshing native plugins compatible for Editor in 0.99 ms, found 1 plugins.
Preloading 1 native plugins for Editor in 3.41 ms.
Asset Pipeline Refresh (id=b666cb981eb554bdb9e80f1277d39b91): Total: 0.014 seconds - Initiated by StopAssetImportingV2(NoUpdateAssetOptions)
Start importing Assets/CHOOguardGenerated/WorldMotionTest_72471d4e00084d2982cbcbcabbe6b100/Geometry/station_hall_1f--station_concourse_2f-1.asset using Guid(59e80c57a256d413da7e53784bda02fe) (NativeFormatImporter) -> (artifact id: '180a8ac3eab0c41b963431ab47a39138') in 0.000680583 seconds
Refreshing native plugins compatible for Editor in 0.97 ms, found 1 plugins.
Preloading 1 native plugins for Editor in 3.31 ms.
Asset Pipeline Refresh (id=7f9250311fb6a48d9bb68e2365b9fcaf): Total: 0.010 seconds - Initiated by StopAssetImportingV2(NoUpdateAssetOptions)
Start importing Assets/CHOOguardGenerated/WorldMotionTest_72471d4e00084d2982cbcbcabbe6b100/cg_region_station_hall_1f.unity using Guid(4efbe3a81744f4451a132bd1a649f0cb) (DefaultImporter) -> (artifact id: '94cb34e16b6dec1ca9df7fdcf9166a91') in 0.000505875 seconds
Refreshing native plugins compatible for Editor in 1.00 ms, found 1 plugins.
Preloading 1 native plugins for Editor in 3.37 ms.
Asset Pipeline Refresh (id=d72d85d426d014c6787b902738e98719): Total: 0.011 seconds - Initiated by StopAssetImportingV2(NoUpdateAssetOptions)
Start importing Assets/CHOOguardGenerated/WorldMotionTest_72471d4e00084d2982cbcbcabbe6b100/Geometry/station_ticket_area--rail_terminal_public--1.asset using Guid(f107167bb32dc4ba3ab11b79d7d5104e) (NativeFormatImporter) -> (artifact id: 'ca604349396f53130175bf2476b214e4') in 0.000807083 seconds
Refreshing native plugins compatible for Editor in 1.05 ms, found 1 plugins.
Preloading 1 native plugins for Editor in 3.35 ms.
Asset Pipeline Refresh (id=c882a2f1859054379ae3398d6535f325): Total: 0.014 seconds - Initiated by StopAssetImportingV2(NoUpdateAssetOptions)
Start importing Assets/CHOOguardGenerated/WorldMotionTest_72471d4e00084d2982cbcbcabbe6b100/Geometry/station_ticket_area--rail_terminal_public-1.asset using Guid(b3c0318616f3844f5bd8d2385c28cb02) (NativeFormatImporter) -> (artifact id: '0221d8b5e2cc9ae845ab29062951de2f') in 0.000925542 seconds
Refreshing native plugins compatible for Editor in 1.24 ms, found 1 plugins.
Preloading 1 native plugins for Editor in 3.58 ms.
Asset Pipeline Refresh (id=774bb3b4dd683482db9d3299eee81bd1): Total: 0.012 seconds - Initiated by StopAssetImportingV2(NoUpdateAssetOptions)
Start importing Assets/CHOOguardGenerated/WorldMotionTest_72471d4e00084d2982cbcbcabbe6b100/cg_region_station_ticket_area.unity using Guid(4aa81985324574488ab930f0b7cc4197) (DefaultImporter) -> (artifact id: 'f7c1a2b09cf448eda4dfb58ba4f069a3') in 0.000577375 seconds
Refreshing native plugins compatible for Editor in 1.00 ms, found 1 plugins.
Preloading 1 native plugins for Editor in 3.37 ms.
Asset Pipeline Refresh (id=df0e914080c994e9c9178c000c7848f6): Total: 0.011 seconds - Initiated by StopAssetImportingV2(NoUpdateAssetOptions)
Start importing Assets/CHOOguardGenerated/WorldMotionTest_72471d4e00084d2982cbcbcabbe6b100/Geometry/forecourt_eurasia--underground_connector--1.asset using Guid(365ccfc5260c0413e81dc9189971b98b) (NativeFormatImporter) -> (artifact id: 'ca6353df95310e08792f474ecbf5a881') in 0.000734292 seconds
Refreshing native plugins compatible for Editor in 0.95 ms, found 1 plugins.
Preloading 1 native plugins for Editor in 3.22 ms.
Asset Pipeline Refresh (id=4854eebbfcf344ea4b3be363cedde5e9): Total: 0.013 seconds - Initiated by StopAssetImportingV2(NoUpdateAssetOptions)
Start importing Assets/CHOOguardGenerated/WorldMotionTest_72471d4e00084d2982cbcbcabbe6b100/Geometry/forecourt_eurasia--underground_connector-1.asset using Guid(368a19a7e1ec549b9a335ba2e1aef846) (NativeFormatImporter) -> (artifact id: '436e28082b0549a45fdf6a3bd3910745') in 0.000756084 seconds
Refreshing native plugins compatible for Editor in 0.98 ms, found 1 plugins.
Preloading 1 native plugins for Editor in 3.39 ms.
Asset Pipeline Refresh (id=7f96f78172a5745c6bbf36a409318a2e): Total: 0.010 seconds - Initiated by StopAssetImportingV2(NoUpdateAssetOptions)
Start importing Assets/CHOOguardGenerated/WorldMotionTest_72471d4e00084d2982cbcbcabbe6b100/cg_region_forecourt_eurasia.unity using Guid(361de9df20c5a4d09914cf1ea9f52d92) (DefaultImporter) -> (artifact id: '17600ea22ddc0a2df72d70da966ef21c') in 0.000603583 seconds
Refreshing native plugins compatible for Editor in 1.30 ms, found 1 plugins.
Preloading 1 native plugins for Editor in 3.44 ms.
Asset Pipeline Refresh (id=0c73feb9f287a4fcf921a5a47f4da412): Total: 0.013 seconds - Initiated by StopAssetImportingV2(NoUpdateAssetOptions)
Start importing Assets/CHOOguardGenerated/WorldMotionTest_72471d4e00084d2982cbcbcabbe6b100/Geometry/underground_connector--underground_shopping_passage--1.asset using Guid(2319e5d69cec84e8d908e8d520ddbe14) (NativeFormatImporter) -> (artifact id: '91cef410c044d0fea625fae53f286879') in 0.000746333 seconds
Refreshing native plugins compatible for Editor in 1.00 ms, found 1 plugins.
Preloading 1 native plugins for Editor in 3.42 ms.
Asset Pipeline Refresh (id=b26ab652c2b864d2c92ad1fe3db8a39b): Total: 0.013 seconds - Initiated by StopAssetImportingV2(NoUpdateAssetOptions)
Start importing Assets/CHOOguardGenerated/WorldMotionTest_72471d4e00084d2982cbcbcabbe6b100/Geometry/underground_connector--underground_shopping_passage-1.asset using Guid(e956cfe1bfc09414a8a2fcd106cfa702) (NativeFormatImporter) -> (artifact id: '29effad31526738974f30b7087de60cc') in 0.000791917 seconds
Refreshing native plugins compatible for Editor in 1.01 ms, found 1 plugins.
Preloading 1 native plugins for Editor in 3.32 ms.
Asset Pipeline Refresh (id=17a011ce419f2410680fec9118f68c04): Total: 0.011 seconds - Initiated by StopAssetImportingV2(NoUpdateAssetOptions)
Start importing Assets/CHOOguardGenerated/WorldMotionTest_72471d4e00084d2982cbcbcabbe6b100/cg_region_underground_connector.unity using Guid(9e0cb1aa8357943afaeaa0a00967392b) (DefaultImporter) -> (artifact id: 'c01beb756d395fd1e3086fb64d2db4a4') in 0.000729667 seconds
Refreshing native plugins compatible for Editor in 1.04 ms, found 1 plugins.
Preloading 1 native plugins for Editor in 3.64 ms.
Asset Pipeline Refresh (id=5b1b46302429e4a009e115f94672082e): Total: 0.013 seconds - Initiated by StopAssetImportingV2(NoUpdateAssetOptions)
Start importing Assets/CHOOguardGenerated/WorldMotionTest_72471d4e00084d2982cbcbcabbe6b100/Geometry/underground_shopping_passage--metro_concourse--1.asset using Guid(404c8f47df71a46d7955779bc31f38ae) (NativeFormatImporter) -> (artifact id: '371d03d5842c470d5df508120380ebe8') in 0.000913042 seconds
Refreshing native plugins compatible for Editor in 1.14 ms, found 1 plugins.
Preloading 1 native plugins for Editor in 3.55 ms.
Asset Pipeline Refresh (id=eac3636c5cc904c58bc0f634a0bfca44): Total: 0.015 seconds - Initiated by StopAssetImportingV2(NoUpdateAssetOptions)
Start importing Assets/CHOOguardGenerated/WorldMotionTest_72471d4e00084d2982cbcbcabbe6b100/Geometry/underground_shopping_passage--metro_concourse-1.asset using Guid(b6d2760d7e9994deba258f1ac9bd3a7a) (NativeFormatImporter) -> (artifact id: 'fd714b3f3d62096348782ed7d9242c93') in 0.000684709 seconds
Refreshing native plugins compatible for Editor in 0.95 ms, found 1 plugins.
Preloading 1 native plugins for Editor in 3.52 ms.
Asset Pipeline Refresh (id=12429cd9af1884d758c168aaa5065ca8): Total: 0.010 seconds - Initiated by StopAssetImportingV2(NoUpdateAssetOptions)
Start importing Assets/CHOOguardGenerated/WorldMotionTest_72471d4e00084d2982cbcbcabbe6b100/cg_region_underground_shopping_passage.unity using Guid(23453c02f210d4dc49f6f014ce2aade3) (DefaultImporter) -> (artifact id: '546ba315b20da1a9f4e19b8e8b60eaec') in 0.000717583 seconds
Refreshing native plugins compatible for Editor in 1.26 ms, found 1 plugins.
Preloading 1 native plugins for Editor in 3.58 ms.
Asset Pipeline Refresh (id=7f8d47cd888164b9fa2fe8dbf7c29a17): Total: 0.013 seconds - Initiated by StopAssetImportingV2(NoUpdateAssetOptions)
Start importing Assets/CHOOguardGenerated/WorldMotionTest_72471d4e00084d2982cbcbcabbe6b100/Geometry/metro_concourse--metro_platforms--1.asset using Guid(208b40b4a29b7497e8984055f76ffed5) (NativeFormatImporter) -> (artifact id: 'a41b2dc9d09e289333ae41ba4362f7e8') in 0.000974166 seconds
Refreshing native plugins compatible for Editor in 1.22 ms, found 1 plugins.
Preloading 1 native plugins for Editor in 3.39 ms.
Asset Pipeline Refresh (id=5b012c8878a1948af95174c1163f38cd): Total: 0.015 seconds - Initiated by StopAssetImportingV2(NoUpdateAssetOptions)
Start importing Assets/CHOOguardGenerated/WorldMotionTest_72471d4e00084d2982cbcbcabbe6b100/Geometry/metro_concourse--metro_platforms-1.asset using Guid(17c7b13c0dfc4490a869e5f343ca2384) (NativeFormatImporter) -> (artifact id: '4ba4ab4cce53f234d16505c65f5f2ea4') in 0.000900083 seconds
Refreshing native plugins compatible for Editor in 1.20 ms, found 1 plugins.
Preloading 1 native plugins for Editor in 3.52 ms.
Asset Pipeline Refresh (id=1c4b5492e0b7d487b94c00f407765710): Total: 0.012 seconds - Initiated by StopAssetImportingV2(NoUpdateAssetOptions)
Start importing Assets/CHOOguardGenerated/WorldMotionTest_72471d4e00084d2982cbcbcabbe6b100/cg_region_metro_concourse.unity using Guid(dd56187b375284faaa18cf21fee53dfa) (DefaultImporter) -> (artifact id: '277fefdc0022ee9573f32992e225019e') in 0.000617709 seconds
Refreshing native plugins compatible for Editor in 1.15 ms, found 1 plugins.
Preloading 1 native plugins for Editor in 3.72 ms.
Asset Pipeline Refresh (id=6c45cbc6358034b2592874cca73a2019): Total: 0.013 seconds - Initiated by StopAssetImportingV2(NoUpdateAssetOptions)
Start importing Assets/CHOOguardGenerated/WorldMotionTest_72471d4e00084d2982cbcbcabbe6b100/Geometry/rolling_stock_metro--metro_platforms--1.asset using Guid(72a8e978bd34548c69a2948fbbae2dc4) (NativeFormatImporter) -> (artifact id: '0d7aecd0f5bcdd4e5e21af5bb857173b') in 0.000926792 seconds
Refreshing native plugins compatible for Editor in 1.14 ms, found 1 plugins.
Preloading 1 native plugins for Editor in 3.82 ms.
Asset Pipeline Refresh (id=83e9324de6f704434b9bf5dc1455d2fc): Total: 0.015 seconds - Initiated by StopAssetImportingV2(NoUpdateAssetOptions)
Start importing Assets/CHOOguardGenerated/WorldMotionTest_72471d4e00084d2982cbcbcabbe6b100/Geometry/rolling_stock_metro--metro_platforms-1.asset using Guid(8dda1400572c9405bbb3cff510f807f4) (NativeFormatImporter) -> (artifact id: '7143e1db0a56c3dfab6a2dfdbe87d85e') in 0.000928542 seconds
Refreshing native plugins compatible for Editor in 1.40 ms, found 1 plugins.
Preloading 1 native plugins for Editor in 3.62 ms.
Asset Pipeline Refresh (id=90ea4d4ae67cf48cebc5729bfeded0d1): Total: 0.012 seconds - Initiated by StopAssetImportingV2(NoUpdateAssetOptions)
Start importing Assets/CHOOguardGenerated/WorldMotionTest_72471d4e00084d2982cbcbcabbe6b100/cg_region_metro_platforms.unity using Guid(3fe5d4e1421ea471784fd6713683e86e) (DefaultImporter) -> (artifact id: 'd50d1c7561fbebd613c395887a90d589') in 0.000794167 seconds
Refreshing native plugins compatible for Editor in 1.10 ms, found 1 plugins.
Preloading 1 native plugins for Editor in 3.45 ms.
Asset Pipeline Refresh (id=f74f3748d867843cd9628de19e280f09): Total: 0.016 seconds - Initiated by StopAssetImportingV2(NoUpdateAssetOptions)
Start importing Assets/CHOOguardGenerated/WorldMotionTest_72471d4e00084d2982cbcbcabbe6b100/cg_region_rolling_stock_metro.unity using Guid(4337707385c3546bfbe1e123f6fd095a) (DefaultImporter) -> (artifact id: '7c7160350bfba85ad503176029696d5b') in 0.000684792 seconds
Refreshing native plugins compatible for Editor in 1.15 ms, found 1 plugins.
Preloading 1 native plugins for Editor in 3.45 ms.
Asset Pipeline Refresh (id=bc85b1fed99e24fc6a6f73e466472341): Total: 0.013 seconds - Initiated by StopAssetImportingV2(NoUpdateAssetOptions)
Connected world generated: 13 region scenes and 12 provisional connections. Verification is separate.
UnityEngine.Debug:ExtractStackTraceNoAlloc (byte*,int,string)
UnityEngine.StackTraceUtility:ExtractStackTrace () (at /Users/bokken/build/output/unity/unity/Runtime/Export/Scripting/StackTrace.cs:35)
UnityEngine.DebugLogHandler:Internal_Log (UnityEngine.LogType,UnityEngine.LogOption,string,UnityEngine.Object)
UnityEngine.DebugLogHandler:LogFormat (UnityEngine.LogType,UnityEngine.Object,string,object[])
UnityEngine.Logger:Log (UnityEngine.LogType,object)
UnityEngine.Debug:Log (object)
ChooGuard.Foundation.Multiplayer.Editor.ConnectedWorldSceneBuilder:Build (string,ChooGuard.Foundation.Multiplayer.ConnectedWorldDefinition) (at ./Packages/com.xrlab.chooguard.foundation/Multiplayer/Editor/ConnectedWorldSceneBuilder.cs:90)
ChooGuard.Foundation.Multiplayer.Tests.WorldMotionAdapterTests:Build () (at ./Packages/com.xrlab.chooguard.foundation/Multiplayer/Tests/Editor/WorldMotionAdapterTests.cs:26)
System.Reflection.RuntimeMethodInfo:Invoke (object,System.Reflection.BindingFlags,System.Reflection.Binder,object[],System.Globalization.CultureInfo)
System.Reflection.MethodBase:Invoke (object,object[])
NUnit.Framework.Internal.Reflect:InvokeMethod (System.Reflection.MethodInfo,object,object[])
NUnit.Framework.Internal.Reflect:InvokeMethod (System.Reflection.MethodInfo,object)
NUnit.Framework.Internal.Commands.SetUpTearDownItem:RunNonAsyncMethod (System.Reflection.MethodInfo,NUnit.Framework.Internal.ITestExecutionContext)
NUnit.Framework.Internal.Commands.SetUpTearDownItem:RunSetUpOrTearDownMethod (NUnit.Framework.Internal.ITestExecutionContext,System.Reflection.MethodInfo)
NUnit.Framework.Internal.Commands.SetUpTearDownItem:RunSetUp (NUnit.Framework.Internal.ITestExecutionContext)
NUnit.Framework.Internal.Commands.OneTimeSetUpCommand:Execute (NUnit.Framework.Internal.ITestExecutionContext)
UnityEngine.TestRunner.NUnitExtensions.Runner.CompositeWorkItem:PerformOneTimeSetUp () (at ./Library/PackageCache/com.unity.test-framework@bd7f943e9647/UnityEngine.TestRunner/NUnitExtensions/Runner/CompositeWorkItem.cs:171)
UnityEngine.TestRunner.NUnitExtensions.Runner.CompositeWorkItem/<PerformWork>d__13:MoveNext () (at ./Library/PackageCache/com.unity.test-framework@bd7f943e9647/UnityEngine.TestRunner/NUnitExtensions/Runner/CompositeWorkItem.cs:74)
UnityEngine.TestRunner.NUnitExtensions.Runner.CompositeWorkItem/<RunChildren>d__17:MoveNext () (at ./Library/PackageCache/com.unity.test-framework@bd7f943e9647/UnityEngine.TestRunner/NUnitExtensions/Runner/CompositeWorkItem.cs:207)
UnityEngine.TestRunner.NUnitExtensions.Runner.CompositeWorkItem/<PerformWork>d__13:MoveNext () (at ./Library/PackageCache/com.unity.test-framework@bd7f943e9647/UnityEngine.TestRunner/NUnitExtensions/Runner/CompositeWorkItem.cs:82)
UnityEngine.TestRunner.NUnitExtensions.Runner.CompositeWorkItem/<RunChildren>d__17:MoveNext () (at ./Library/PackageCache/com.unity.test-framework@bd7f943e9647/UnityEngine.TestRunner/NUnitExtensions/Runner/CompositeWorkItem.cs:207)
UnityEngine.TestRunner.NUnitExtensions.Runner.CompositeWorkItem/<PerformWork>d__13:MoveNext () (at ./Library/PackageCache/com.unity.test-framework@bd7f943e9647/UnityEngine.TestRunner/NUnitExtensions/Runner/CompositeWorkItem.cs:82)
UnityEngine.TestRunner.NUnitExtensions.Runner.CompositeWorkItem/<RunChildren>d__17:MoveNext () (at ./Library/PackageCache/com.unity.test-framework@bd7f943e9647/UnityEngine.TestRunner/NUnitExtensions/Runner/CompositeWorkItem.cs:207)
UnityEngine.TestRunner.NUnitExtensions.Runner.CompositeWorkItem/<PerformWork>d__13:MoveNext () (at ./Library/PackageCache/com.unity.test-framework@bd7f943e9647/UnityEngine.TestRunner/NUnitExtensions/Runner/CompositeWorkItem.cs:82)
UnityEngine.TestRunner.NUnitExtensions.Runner.CompositeWorkItem/<RunChildren>d__17:MoveNext () (at ./Library/PackageCache/com.unity.test-framework@bd7f943e9647/UnityEngine.TestRunner/NUnitExtensions/Runner/CompositeWorkItem.cs:207)
UnityEngine.TestRunner.NUnitExtensions.Runner.CompositeWorkItem/<PerformWork>d__13:MoveNext () (at ./Library/PackageCache/com.unity.test-framework@bd7f943e9647/UnityEngine.TestRunner/NUnitExtensions/Runner/CompositeWorkItem.cs:82)
UnityEngine.TestRunner.NUnitExtensions.Runner.CompositeWorkItem/<RunChildren>d__17:MoveNext () (at ./Library/PackageCache/com.unity.test-framework@bd7f943e9647/UnityEngine.TestRunner/NUnitExtensions/Runner/CompositeWorkItem.cs:207)
UnityEngine.TestRunner.NUnitExtensions.Runner.CompositeWorkItem/<PerformWork>d__13:MoveNext () (at ./Library/PackageCache/com.unity.test-framework@bd7f943e9647/UnityEngine.TestRunner/NUnitExtensions/Runner/CompositeWorkItem.cs:82)
UnityEngine.TestRunner.NUnitExtensions.Runner.CompositeWorkItem/<RunChildren>d__17:MoveNext () (at ./Library/PackageCache/com.unity.test-framework@bd7f943e9647/UnityEngine.TestRunner/NUnitExtensions/Runner/CompositeWorkItem.cs:207)
UnityEngine.TestRunner.NUnitExtensions.Runner.CompositeWorkItem/<PerformWork>d__13:MoveNext () (at ./Library/PackageCache/com.unity.test-framework@bd7f943e9647/UnityEngine.TestRunner/NUnitExtensions/Runner/CompositeWorkItem.cs:82)
UnityEditor.TestTools.TestRunner.EditModeRunner:MoveNextAndUpdateYieldObject () (at ./Library/PackageCache/com.unity.test-framework@bd7f943e9647/UnityEditor.TestRunner/TestRunner/EditModeRunner.cs:167)
UnityEditor.TestTools.TestRunner.EditModeRunner:TestConsumer (UnityEditor.TestTools.TestRunner.TestRunnerStateSerializer) (at ./Library/PackageCache/com.unity.test-framework@bd7f943e9647/UnityEditor.TestRunner/TestRunner/EditModeRunner.cs:200)
UnityEditor.TestTools.TestRunner.TestRun.Tasks.EditModeRunTask/<Execute>d__1:MoveNext () (at ./Library/PackageCache/com.unity.test-framework@bd7f943e9647/UnityEditor.TestRunner/TestRun/Tasks/EditModeRunTask.cs:48)
UnityEditor.TestTools.TestRunner.TestRun.TestJobRunner:ExecuteStep () (at ./Library/PackageCache/com.unity.test-framework@bd7f943e9647/UnityEditor.TestRunner/TestRun/TestJobRunner.cs:173)
UnityEditor.TestTools.TestRunner.TestRun.TestJobRunner:ExecuteCallback () (at ./Library/PackageCache/com.unity.test-framework@bd7f943e9647/UnityEditor.TestRunner/TestRun/TestJobRunner.cs:108)
UnityEditor.EditorApplication:Internal_CallUpdateFunctions () (at /Users/bokken/build/output/unity/unity/Editor/Mono/EditorApplication.cs:392)

(Filename: ./Packages/com.xrlab.chooguard.foundation/Multiplayer/Editor/ConnectedWorldSceneBuilder.cs Line: 90)

Opening scene 'Assets/CHOOguardGenerated/WorldMotionTest_72471d4e00084d2982cbcbcabbe6b100/cg_region_rolling_stock_mainline.unity additively'
Loaded scene 'Assets/CHOOguardGenerated/WorldMotionTest_72471d4e00084d2982cbcbcabbe6b100/cg_region_rolling_stock_mainline.unity'
	Deserialize:            4.358 ms
	Integration:            0.687 ms
	Integration of assets:  0.002 ms
	Thread Wait Time:       0.005 ms
	Total Operation Time:   5.052 ms
Opening scene 'Assets/CHOOguardGenerated/WorldMotionTest_72471d4e00084d2982cbcbcabbe6b100/cg_region_rail_tracks_mainline.unity additively'
Loaded scene 'Assets/CHOOguardGenerated/WorldMotionTest_72471d4e00084d2982cbcbcabbe6b100/cg_region_rail_tracks_mainline.unity'
	Deserialize:            3.212 ms
	Integration:            0.654 ms
	Integration of assets:  0.001 ms
	Thread Wait Time:       0.005 ms
	Total Operation Time:   3.872 ms
Opening scene 'Assets/CHOOguardGenerated/WorldMotionTest_72471d4e00084d2982cbcbcabbe6b100/cg_region_rail_platforms_mainline.unity additively'
Loaded scene 'Assets/CHOOguardGenerated/WorldMotionTest_72471d4e00084d2982cbcbcabbe6b100/cg_region_rail_platforms_mainline.unity'
	Deserialize:            5.159 ms
	Integration:            0.831 ms
	Integration of assets:  0.003 ms
	Thread Wait Time:       0.004 ms
	Total Operation Time:   5.997 ms
Opening scene 'Assets/CHOOguardGenerated/WorldMotionTest_72471d4e00084d2982cbcbcabbe6b100/cg_region_rail_terminal_public.unity additively'
Loaded scene 'Assets/CHOOguardGenerated/WorldMotionTest_72471d4e00084d2982cbcbcabbe6b100/cg_region_rail_terminal_public.unity'
	Deserialize:            2.916 ms
	Integration:            1.106 ms
	Integration of assets:  0.001 ms
	Thread Wait Time:       0.006 ms
	Total Operation Time:   4.030 ms
Opening scene 'Assets/CHOOguardGenerated/WorldMotionTest_72471d4e00084d2982cbcbcabbe6b100/cg_region_station_concourse_2f.unity additively'
Loaded scene 'Assets/CHOOguardGenerated/WorldMotionTest_72471d4e00084d2982cbcbcabbe6b100/cg_region_station_concourse_2f.unity'
	Deserialize:            2.710 ms
	Integration:            0.566 ms
	Integration of assets:  0.001 ms
	Thread Wait Time:       0.006 ms
	Total Operation Time:   3.283 ms
Opening scene 'Assets/CHOOguardGenerated/WorldMotionTest_72471d4e00084d2982cbcbcabbe6b100/cg_region_station_hall_1f.unity additively'
Loaded scene 'Assets/CHOOguardGenerated/WorldMotionTest_72471d4e00084d2982cbcbcabbe6b100/cg_region_station_hall_1f.unity'
	Deserialize:            2.655 ms
	Integration:            0.474 ms
	Integration of assets:  0.001 ms
	Thread Wait Time:       0.005 ms
	Total Operation Time:   3.135 ms
Opening scene 'Assets/CHOOguardGenerated/WorldMotionTest_72471d4e00084d2982cbcbcabbe6b100/cg_region_station_ticket_area.unity additively'
Loaded scene 'Assets/CHOOguardGenerated/WorldMotionTest_72471d4e00084d2982cbcbcabbe6b100/cg_region_station_ticket_area.unity'
	Deserialize:            2.613 ms
	Integration:            0.487 ms
	Integration of assets:  0.001 ms
	Thread Wait Time:       0.006 ms
	Total Operation Time:   3.107 ms
Opening scene 'Assets/CHOOguardGenerated/WorldMotionTest_72471d4e00084d2982cbcbcabbe6b100/cg_region_forecourt_eurasia.unity additively'
Loaded scene 'Assets/CHOOguardGenerated/WorldMotionTest_72471d4e00084d2982cbcbcabbe6b100/cg_region_forecourt_eurasia.unity'
	Deserialize:            2.065 ms
	Integration:            0.491 ms
	Integration of assets:  0.001 ms
	Thread Wait Time:       0.009 ms
	Total Operation Time:   2.567 ms
Opening scene 'Assets/CHOOguardGenerated/WorldMotionTest_72471d4e00084d2982cbcbcabbe6b100/cg_region_underground_connector.unity additively'
Loaded scene 'Assets/CHOOguardGenerated/WorldMotionTest_72471d4e00084d2982cbcbcabbe6b100/cg_region_underground_connector.unity'
	Deserialize:            3.693 ms
	Integration:            0.566 ms
	Integration of assets:  0.002 ms
	Thread Wait Time:       0.007 ms
	Total Operation Time:   4.267 ms
Opening scene 'Assets/CHOOguardGenerated/WorldMotionTest_72471d4e00084d2982cbcbcabbe6b100/cg_region_underground_shopping_passage.unity additively'
Loaded scene 'Assets/CHOOguardGenerated/WorldMotionTest_72471d4e00084d2982cbcbcabbe6b100/cg_region_underground_shopping_passage.unity'
	Deserialize:            1.953 ms
	Integration:            0.499 ms
	Integration of assets:  0.001 ms
	Thread Wait Time:       0.006 ms
	Total Operation Time:   2.459 ms
Opening scene 'Assets/CHOOguardGenerated/WorldMotionTest_72471d4e00084d2982cbcbcabbe6b100/cg_region_metro_concourse.unity additively'
Loaded scene 'Assets/CHOOguardGenerated/WorldMotionTest_72471d4e00084d2982cbcbcabbe6b100/cg_region_metro_concourse.unity'
	Deserialize:            2.851 ms
	Integration:            0.534 ms
	Integration of assets:  0.001 ms
	Thread Wait Time:       0.009 ms
	Total Operation Time:   3.395 ms
Opening scene 'Assets/CHOOguardGenerated/WorldMotionTest_72471d4e00084d2982cbcbcabbe6b100/cg_region_metro_platforms.unity additively'
Loaded scene 'Assets/CHOOguardGenerated/WorldMotionTest_72471d4e00084d2982cbcbcabbe6b100/cg_region_metro_platforms.unity'
	Deserialize:            5.213 ms
	Integration:            0.974 ms
	Integration of assets:  0.002 ms
	Thread Wait Time:       0.006 ms
	Total Operation Time:   6.197 ms
Opening scene 'Assets/CHOOguardGenerated/WorldMotionTest_72471d4e00084d2982cbcbcabbe6b100/cg_region_rolling_stock_metro.unity additively'
Loaded scene 'Assets/CHOOguardGenerated/WorldMotionTest_72471d4e00084d2982cbcbcabbe6b100/cg_region_rolling_stock_metro.unity'
	Deserialize:            4.945 ms
	Integration:            0.689 ms
	Integration of assets:  0.003 ms
	Thread Wait Time:       0.004 ms
	Total Operation Time:   5.641 ms
Starting new worker id: 0 with log in 
Starting new worker id: 1 with log in 
World motion traversal 0.3 rolling_stock_mainline -> rail_platforms_mainline steps=100 seconds=0.3171064
UnityEngine.Debug:ExtractStackTraceNoAlloc (byte*,int,string)
UnityEngine.StackTraceUtility:ExtractStackTrace () (at /Users/bokken/build/output/unity/unity/Runtime/Export/Scripting/StackTrace.cs:35)
UnityEngine.DebugLogHandler:Internal_Log (UnityEngine.LogType,UnityEngine.LogOption,string,UnityEngine.Object)
UnityEngine.DebugLogHandler:LogFormat (UnityEngine.LogType,UnityEngine.Object,string,object[])
UnityEngine.Logger:Log (UnityEngine.LogType,object)
UnityEngine.Debug:Log (object)
ChooGuard.Foundation.Multiplayer.Tests.WorldMotionAdapterTests:BothProfilesTraverseAllThirteenRegionsAndAllTwentyFourPortalDirections (string,bool,double) (at ./Packages/com.xrlab.chooguard.foundation/Multiplayer/Tests/Editor/WorldMotionAdapterTests.cs:109)
System.Reflection.RuntimeMethodInfo:Invoke (object,System.Reflection.BindingFlags,System.Reflection.Binder,object[],System.Globalization.CultureInfo)
System.Reflection.MethodBase:Invoke (object,object[])
NUnit.Framework.Internal.Reflect:InvokeMethod (System.Reflection.MethodInfo,object,object[])
NUnit.Framework.Internal.MethodWrapper:Invoke (object,object[])
NUnit.Framework.Internal.Commands.TestMethodCommand:RunNonAsyncTestMethod (NUnit.Framework.Internal.ITestExecutionContext)
NUnit.Framework.Internal.Commands.TestMethodCommand:RunTestMethod (NUnit.Framework.Internal.ITestExecutionContext)
NUnit.Framework.Internal.Commands.TestMethodCommand:Execute (NUnit.Framework.Internal.ITestExecutionContext)
UnityEngine.TestTools.UnityTestMethodCommand:Execute (NUnit.Framework.Internal.ITestExecutionContext) (at ./Library/PackageCache/com.unity.test-framework@bd7f943e9647/UnityEngine.TestRunner/NUnitExtensions/Commands/UnityTestMethodCommand.cs:19)
UnityEngine.TestRunner.NUnitExtensions.Runner.UnityLogCheckDelegatingCommand/<>c__DisplayClass2_0:<Execute>b__0 () (at ./Library/PackageCache/com.unity.test-framework@bd7f943e9647/UnityEngine.TestRunner/NUnitExtensions/Runner/UnityLogCheckDelegatingCommand.cs:24)
UnityEngine.TestRunner.NUnitExtensions.Runner.UnityLogCheckDelegatingCommand:CaptureException (NUnit.Framework.Internal.TestResult,System.Action) (at ./Library/PackageCache/com.unity.test-framework@bd7f943e9647/UnityEngine.TestRunner/NUnitExtensions/Runner/UnityLogCheckDelegatingCommand.cs:72)
UnityEngine.TestRunner.NUnitExtensions.Runner.UnityLogCheckDelegatingCommand:ExecuteAndCheckLog (UnityEngine.TestTools.Logging.LogScope,NUnit.Framework.Internal.TestResult,System.Action) (at ./Library/PackageCache/com.unity.test-framework@bd7f943e9647/UnityEngine.TestRunner/NUnitExtensions/Runner/UnityLogCheckDelegatingCommand.cs:83)
UnityEngine.TestRunner.NUnitExtensions.Runner.UnityLogCheckDelegatingCommand:Execute (NUnit.Framework.Internal.ITestExecutionContext) (at ./Library/PackageCache/com.unity.test-framework@bd7f943e9647/UnityEngine.TestRunner/NUnitExtensions/Runner/UnityLogCheckDelegatingCommand.cs:24)
UnityEngine.TestRunner.NUnitExtensions.Runner.UnityLogCheckDelegatingCommand/<ExecuteEnumerable>d__3:MoveNext () (at ./Library/PackageCache/com.unity.test-framework@bd7f943e9647/UnityEngine.TestRunner/NUnitExtensions/Runner/UnityLogCheckDelegatingCommand.cs:35)
UnityEngine.TestTools.BeforeAfterTestCommandBase`1/<ExecuteEnumerable>d__16<NUnit.Framework.ITestAction>:MoveNext () (at ./Library/PackageCache/com.unity.test-framework@bd7f943e9647/UnityEngine.TestRunner/NUnitExtensions/Commands/BeforeAfterTestCommandBase.cs:212)
UnityEngine.TestTools.ImmediateEnumerableCommand:Execute (NUnit.Framework.Internal.ITestExecutionContext) (at ./Library/PackageCache/com.unity.test-framework@bd7f943e9647/UnityEngine.TestRunner/NUnitExtensions/Commands/ImmediateEnumerableCommand.cs:18)
UnityEngine.TestTools.BeforeAfterTestCommandBase`1/<ExecuteEnumerable>d__16<System.Reflection.MethodInfo>:MoveNext () (at ./Library/PackageCache/com.unity.test-framework@bd7f943e9647/UnityEngine.TestRunner/NUnitExtensions/Commands/BeforeAfterTestCommandBase.cs:219)
UnityEngine.TestTools.BeforeAfterTestCommandBase`1/<ExecuteEnumerable>d__16<System.Reflection.MethodInfo>:MoveNext () (at ./Library/PackageCache/com.unity.test-framework@bd7f943e9647/UnityEngine.TestRunner/NUnitExtensions/Commands/BeforeAfterTestCommandBase.cs:212)
UnityEngine.TestTools.BeforeAfterTestCommandBase`1/<ExecuteEnumerable>d__16<UnityEngine.TestTools.IOuterUnityTestAction>:MoveNext () (at ./Library/PackageCache/com.unity.test-framework@bd7f943e9647/UnityEngine.TestRunner/NUnitExtensions/Commands/BeforeAfterTestCommandBase.cs:212)
UnityEngine.TestTools.RetryCommand/<ExecuteEnumerable>d__2:MoveNext () (at ./Library/PackageCache/com.unity.test-framework@bd7f943e9647/UnityEngine.TestRunner/NUnitExtensions/Commands/RetryCommand.cs:37)
UnityEngine.TestTools.RepeatCommand/<ExecuteEnumerable>d__2:MoveNext () (at ./Library/PackageCache/com.unity.test-framework@bd7f943e9647/UnityEngine.TestRunner/NUnitExtensions/Commands/RepeatCommand.cs:36)
UnityEngine.TestTools.IgnoreTestCommand/<ExecuteEnumerable>d__3:MoveNext () (at ./Library/PackageCache/com.unity.test-framework@bd7f943e9647/UnityEngine.TestRunner/NUnitExtensions/Commands/IgnoreTestCommand.cs:42)
UnityEngine.TestTools.StrictCheckCommand/<ExecuteEnumerable>d__2:MoveNext () (at ./Library/PackageCache/com.unity.test-framework@bd7f943e9647/UnityEngine.TestRunner/NUnitExtensions/Commands/StrictCheckCommand.cs:29)
UnityEngine.TestRunner.NUnitExtensions.Runner.DefaultTestWorkItem/<PerformWork>d__2:MoveNext () (at ./Library/PackageCache/com.unity.test-framework@bd7f943e9647/UnityEngine.TestRunner/NUnitExtensions/Runner/DefaultTestWorkItem.cs:50)
UnityEngine.TestRunner.NUnitExtensions.Runner.CompositeWorkItem/<RunChildren>d__17:MoveNext () (at ./Library/PackageCache/com.unity.test-framework@bd7f943e9647/UnityEngine.TestRunner/NUnitExtensions/Runner/CompositeWorkItem.cs:207)
UnityEngine.TestRunner.NUnitExtensions.Runner.CompositeWorkItem/<PerformWork>d__13:MoveNext () (at ./Library/PackageCache/com.unity.test-framework@bd7f943e9647/UnityEngine.TestRunner/NUnitExtensions/Runner/CompositeWorkItem.cs:82)
UnityEngine.TestRunner.NUnitExtensions.Runner.CompositeWorkItem/<RunChildren>d__17:MoveNext () (at ./Library/PackageCache/com.unity.test-framework@bd7f943e9647/UnityEngine.TestRunner/NUnitExtensions/Runner/CompositeWorkItem.cs:207)
UnityEngine.TestRunner.NUnitExtensions.Runner.CompositeWorkItem/<PerformWork>d__13:MoveNext () (at ./Library/PackageCache/com.unity.test-framework@bd7f943e9647/UnityEngine.TestRunner/NUnitExtensions/Runner/CompositeWorkItem.cs:82)
UnityEngine.TestRunner.NUnitExtensions.Runner.CompositeWorkItem/<RunChildren>d__17:MoveNext () (at ./Library/PackageCache/com.unity.test-framework@bd7f943e9647/UnityEngine.TestRunner/NUnitExtensions/Runner/CompositeWorkItem.cs:207)
UnityEngine.TestRunner.NUnitExtensions.Runner.CompositeWorkItem/<PerformWork>d__13:MoveNext () (at ./Library/PackageCache/com.unity.test-framework@bd7f943e9647/UnityEngine.TestRunner/NUnitExtensions/Runner/CompositeWorkItem.cs:82)
UnityEngine.TestRunner.NUnitExtensions.Runner.CompositeWorkItem/<RunChildren>d__17:MoveNext () (at ./Library/PackageCache/com.unity.test-framework@bd7f943e9647/UnityEngine.TestRunner/NUnitExtensions/Runner/CompositeWorkItem.cs:207)
UnityEngine.TestRunner.NUnitExtensions.Runner.CompositeWorkItem/<PerformWork>d__13:MoveNext () (at ./Library/PackageCache/com.unity.test-framework@bd7f943e9647/UnityEngine.TestRunner/NUnitExtensions/Runner/CompositeWorkItem.cs:82)
UnityEngine.TestRunner.NUnitExtensions.Runner.CompositeWorkItem/<RunChildren>d__17:MoveNext () (at ./Library/PackageCache/com.unity.test-framework@bd7f943e9647/UnityEngine.TestRunner/NUnitExtensions/Runner/CompositeWorkItem.cs:207)
UnityEngine.TestRunner.NUnitExtensions.Runner.CompositeWorkItem/<PerformWork>d__13:MoveNext () (at ./Library/PackageCache/com.unity.test-framework@bd7f943e9647/UnityEngine.TestRunner/NUnitExtensions/Runner/CompositeWorkItem.cs:82)
UnityEngine.TestRunner.NUnitExtensions.Runner.CompositeWorkItem/<RunChildren>d__17:MoveNext () (at ./Library/PackageCache/com.unity.test-framework@bd7f943e9647/UnityEngine.TestRunner/NUnitExtensions/Runner/CompositeWorkItem.cs:207)
UnityEngine.TestRunner.NUnitExtensions.Runner.CompositeWorkItem/<PerformWork>d__13:MoveNext () (at ./Library/PackageCache/com.unity.test-framework@bd7f943e9647/UnityEngine.TestRunner/NUnitExtensions/Runner/CompositeWorkItem.cs:82)
UnityEngine.TestRunner.NUnitExtensions.Runner.CompositeWorkItem/<RunChildren>d__17:MoveNext () (at ./Library/PackageCache/com.unity.test-framework@bd7f943e9647/UnityEngine.TestRunner/NUnitExtensions/Runner/CompositeWorkItem.cs:207)
UnityEngine.TestRunner.NUnitExtensions.Runner.CompositeWorkItem/<PerformWork>d__13:MoveNext () (at ./Library/PackageCache/com.unity.test-framework@bd7f943e9647/UnityEngine.TestRunner/NUnitExtensions/Runner/CompositeWorkItem.cs:82)
UnityEngine.TestRunner.NUnitExtensions.Runner.CompositeWorkItem/<RunChildren>d__17:MoveNext () (at ./Library/PackageCache/com.unity.test-framework@bd7f943e9647/UnityEngine.TestRunner/NUnitExtensions/Runner/CompositeWorkItem.cs:207)
UnityEngine.TestRunner.NUnitExtensions.Runner.CompositeWorkItem/<PerformWork>d__13:MoveNext () (at ./Library/PackageCache/com.unity.test-framework@bd7f943e9647/UnityEngine.TestRunner/NUnitExtensions/Runner/CompositeWorkItem.cs:82)
UnityEditor.TestTools.TestRunner.EditModeRunner:MoveNextAndUpdateYieldObject () (at ./Library/PackageCache/com.unity.test-framework@bd7f943e9647/UnityEditor.TestRunner/TestRunner/EditModeRunner.cs:167)
UnityEditor.TestTools.TestRunner.EditModeRunner:TestConsumer (UnityEditor.TestTools.TestRunner.TestRunnerStateSerializer) (at ./Library/PackageCache/com.unity.test-framework@bd7f943e9647/UnityEditor.TestRunner/TestRunner/EditModeRunner.cs:200)
UnityEditor.TestTools.TestRunner.TestRun.Tasks.EditModeRunTask/<Execute>d__1:MoveNext () (at ./Library/PackageCache/com.unity.test-framework@bd7f943e9647/UnityEditor.TestRunner/TestRun/Tasks/EditModeRunTask.cs:48)
UnityEditor.TestTools.TestRunner.TestRun.TestJobRunner:ExecuteStep () (at ./Library/PackageCache/com.unity.test-framework@bd7f943e9647/UnityEditor.TestRunner/TestRun/TestJobRunner.cs:173)
UnityEditor.TestTools.TestRunner.TestRun.TestJobRunner:ExecuteCallback () (at ./Library/PackageCache/com.unity.test-framework@bd7f943e9647/UnityEditor.TestRunner/TestRun/TestJobRunner.cs:108)
UnityEditor.EditorApplication:Internal_CallUpdateFunctions () (at /Users/bokken/build/output/unity/unity/Editor/Mono/EditorApplication.cs:392)

(Filename: ./Packages/com.xrlab.chooguard.foundation/Multiplayer/Tests/Editor/WorldMotionAdapterTests.cs Line: 109)

World motion traversal 0.3 rail_platforms_mainline -> rolling_stock_mainline steps=100 seconds=0.3115671
UnityEngine.Debug:ExtractStackTraceNoAlloc (byte*,int,string)
UnityEngine.StackTraceUtility:ExtractStackTrace () (at /Users/bokken/build/output/unity/unity/Runtime/Export/Scripting/StackTrace.cs:35)
UnityEngine.DebugLogHandler:Internal_Log (UnityEngine.LogType,UnityEngine.LogOption,string,UnityEngine.Object)
UnityEngine.DebugLogHandler:LogFormat (UnityEngine.LogType,UnityEngine.Object,string,object[])
UnityEngine.Logger:Log (UnityEngine.LogType,object)
UnityEngine.Debug:Log (object)
ChooGuard.Foundation.Multiplayer.Tests.WorldMotionAdapterTests:BothProfilesTraverseAllThirteenRegionsAndAllTwentyFourPortalDirections (string,bool,double) (at ./Packages/com.xrlab.chooguard.foundation/Multiplayer/Tests/Editor/WorldMotionAdapterTests.cs:109)
System.Reflection.RuntimeMethodInfo:Invoke (object,System.Reflection.BindingFlags,System.Reflection.Binder,object[],System.Globalization.CultureInfo)
System.Reflection.MethodBase:Invoke (object,object[])
NUnit.Framework.Internal.Reflect:InvokeMethod (System.Reflection.MethodInfo,object,object[])
NUnit.Framework.Internal.MethodWrapper:Invoke (object,object[])
NUnit.Framework.Internal.Commands.TestMethodCommand:RunNonAsyncTestMethod (NUnit.Framework.Internal.ITestExecutionContext)
NUnit.Framework.Internal.Commands.TestMethodCommand:RunTestMethod (NUnit.Framework.Internal.ITestExecutionContext)
NUnit.Framework.Internal.Commands.TestMethodCommand:Execute (NUnit.Framework.Internal.ITestExecutionContext)
UnityEngine.TestTools.UnityTestMethodCommand:Execute (NUnit.Framework.Internal.ITestExecutionContext) (at ./Library/PackageCache/com.unity.test-framework@bd7f943e9647/UnityEngine.TestRunner/NUnitExtensions/Commands/UnityTestMethodCommand.cs:19)
UnityEngine.TestRunner.NUnitExtensions.Runner.UnityLogCheckDelegatingCommand/<>c__DisplayClass2_0:<Execute>b__0 () (at ./Library/PackageCache/com.unity.test-framework@bd7f943e9647/UnityEngine.TestRunner/NUnitExtensions/Runner/UnityLogCheckDelegatingCommand.cs:24)
UnityEngine.TestRunner.NUnitExtensions.Runner.UnityLogCheckDelegatingCommand:CaptureException (NUnit.Framework.Internal.TestResult,System.Action) (at ./Library/PackageCache/com.unity.test-framework@bd7f943e9647/UnityEngine.TestRunner/NUnitExtensions/Runner/UnityLogCheckDelegatingCommand.cs:72)
UnityEngine.TestRunner.NUnitExtensions.Runner.UnityLogCheckDelegatingCommand:ExecuteAndCheckLog (UnityEngine.TestTools.Logging.LogScope,NUnit.Framework.Internal.TestResult,System.Action) (at ./Library/PackageCache/com.unity.test-framework@bd7f943e9647/UnityEngine.TestRunner/NUnitExtensions/Runner/UnityLogCheckDelegatingCommand.cs:83)
UnityEngine.TestRunner.NUnitExtensions.Runner.UnityLogCheckDelegatingCommand:Execute (NUnit.Framework.Internal.ITestExecutionContext) (at ./Library/PackageCache/com.unity.test-framework@bd7f943e9647/UnityEngine.TestRunner/NUnitExtensions/Runner/UnityLogCheckDelegatingCommand.cs:24)
UnityEngine.TestRunner.NUnitExtensions.Runner.UnityLogCheckDelegatingCommand/<ExecuteEnumerable>d__3:MoveNext () (at ./Library/PackageCache/com.unity.test-framework@bd7f943e9647/UnityEngine.TestRunner/NUnitExtensions/Runner/UnityLogCheckDelegatingCommand.cs:35)
UnityEngine.TestTools.BeforeAfterTestCommandBase`1/<ExecuteEnumerable>d__16<NUnit.Framework.ITestAction>:MoveNext () (at ./Library/PackageCache/com.unity.test-framework@bd7f943e9647/UnityEngine.TestRunner/NUnitExtensions/Commands/BeforeAfterTestCommandBase.cs:212)
UnityEngine.TestTools.ImmediateEnumerableCommand:Execute (NUnit.Framework.Internal.ITestExecutionContext) (at ./Library/PackageCache/com.unity.test-framework@bd7f943e9647/UnityEngine.TestRunner/NUnitExtensions/Commands/ImmediateEnumerableCommand.cs:18)
UnityEngine.TestTools.BeforeAfterTestCommandBase`1/<ExecuteEnumerable>d__16<System.Reflection.MethodInfo>:MoveNext () (at ./Library/PackageCache/com.unity.test-framework@bd7f943e9647/UnityEngine.TestRunner/NUnitExtensions/Commands/BeforeAfterTestCommandBase.cs:219)
UnityEngine.TestTools.BeforeAfterTestCommandBase`1/<ExecuteEnumerable>d__16<System.Reflection.MethodInfo>:MoveNext () (at ./Library/PackageCache/com.unity.test-framework@bd7f943e9647/UnityEngine.TestRunner/NUnitExtensions/Commands/BeforeAfterTestCommandBase.cs:212)
UnityEngine.TestTools.BeforeAfterTestCommandBase`1/<ExecuteEnumerable>d__16<UnityEngine.TestTools.IOuterUnityTestAction>:MoveNext () (at ./Library/PackageCache/com.unity.test-framework@bd7f943e9647/UnityEngine.TestRunner/NUnitExtensions/Commands/BeforeAfterTestCommandBase.cs:212)
UnityEngine.TestTools.RetryCommand/<ExecuteEnumerable>d__2:MoveNext () (at ./Library/PackageCache/com.unity.test-framework@bd7f943e9647/UnityEngine.TestRunner/NUnitExtensions/Commands/RetryCommand.cs:37)
UnityEngine.TestTools.RepeatCommand/<ExecuteEnumerable>d__2:MoveNext () (at ./Library/PackageCache/com.unity.test-framework@bd7f943e9647/UnityEngine.TestRunner/NUnitExtensions/Commands/RepeatCommand.cs:36)
UnityEngine.TestTools.IgnoreTestCommand/<ExecuteEnumerable>d__3:MoveNext () (at ./Library/PackageCache/com.unity.test-framework@bd7f943e9647/UnityEngine.TestRunner/NUnitExtensions/Commands/IgnoreTestCommand.cs:42)
UnityEngine.TestTools.StrictCheckCommand/<ExecuteEnumerable>d__2:MoveNext () (at ./Library/PackageCache/com.unity.test-framework@bd7f943e9647/UnityEngine.TestRunner/NUnitExtensions/Commands/StrictCheckCommand.cs:29)
UnityEngine.TestRunner.NUnitExtensions.Runner.DefaultTestWorkItem/<PerformWork>d__2:MoveNext () (at ./Library/PackageCache/com.unity.test-framework@bd7f943e9647/UnityEngine.TestRunner/NUnitExtensions/Runner/DefaultTestWorkItem.cs:50)
UnityEngine.TestRunner.NUnitExtensions.Runner.CompositeWorkItem/<RunChildren>d__17:MoveNext () (at ./Library/PackageCache/com.unity.test-framework@bd7f943e9647/UnityEngine.TestRunner/NUnitExtensions/Runner/CompositeWorkItem.cs:207)
UnityEngine.TestRunner.NUnitExtensions.Runner.CompositeWorkItem/<PerformWork>d__13:MoveNext () (at ./Library/PackageCache/com.unity.test-framework@bd7f943e9647/UnityEngine.TestRunner/NUnitExtensions/Runner/CompositeWorkItem.cs:82)
UnityEngine.TestRunner.NUnitExtensions.Runner.CompositeWorkItem/<RunChildren>d__17:MoveNext () (at ./Library/PackageCache/com.unity.test-framework@bd7f943e9647/UnityEngine.TestRunner/NUnitExtensions/Runner/CompositeWorkItem.cs:207)
UnityEngine.TestRunner.NUnitExtensions.Runner.CompositeWorkItem/<PerformWork>d__13:MoveNext () (at ./Library/PackageCache/com.unity.test-framework@bd7f943e9647/UnityEngine.TestRunner/NUnitExtensions/Runner/CompositeWorkItem.cs:82)
UnityEngine.TestRunner.NUnitExtensions.Runner.CompositeWorkItem/<RunChildren>d__17:MoveNext () (at ./Library/PackageCache/com.unity.test-framework@bd7f943e9647/UnityEngine.TestRunner/NUnitExtensions/Runner/CompositeWorkItem.cs:207)
UnityEngine.TestRunner.NUnitExtensions.Runner.CompositeWorkItem/<PerformWork>d__13:MoveNext () (at ./Library/PackageCache/com.unity.test-framework@bd7f943e9647/UnityEngine.TestRunner/NUnitExtensions/Runner/CompositeWorkItem.cs:82)
UnityEngine.TestRunner.NUnitExtensions.Runner.CompositeWorkItem/<RunChildren>d__17:MoveNext () (at ./Library/PackageCache/com.unity.test-framework@bd7f943e9647/UnityEngine.TestRunner/NUnitExtensions/Runner/CompositeWorkItem.cs:207)
UnityEngine.TestRunner.NUnitExtensions.Runner.CompositeWorkItem/<PerformWork>d__13:MoveNext () (at ./Library/PackageCache/com.unity.test-framework@bd7f943e9647/UnityEngine.TestRunner/NUnitExtensions/Runner/CompositeWorkItem.cs:82)
UnityEngine.TestRunner.NUnitExtensions.Runner.CompositeWorkItem/<RunChildren>d__17:MoveNext () (at ./Library/PackageCache/com.unity.test-framework@bd7f943e9647/UnityEngine.TestRunner/NUnitExtensions/Runner/CompositeWorkItem.cs:207)
UnityEngine.TestRunner.NUnitExtensions.Runner.CompositeWorkItem/<PerformWork>d__13:MoveNext () (at ./Library/PackageCache/com.unity.test-framework@bd7f943e9647/UnityEngine.TestRunner/NUnitExtensions/Runner/CompositeWorkItem.cs:82)
UnityEngine.TestRunner.NUnitExtensions.Runner.CompositeWorkItem/<RunChildren>d__17:MoveNext () (at ./Library/PackageCache/com.unity.test-framework@bd7f943e9647/UnityEngine.TestRunner/NUnitExtensions/Runner/CompositeWorkItem.cs:207)
UnityEngine.TestRunner.NUnitExtensions.Runner.CompositeWorkItem/<PerformWork>d__13:MoveNext () (at ./Library/PackageCache/com.unity.test-framework@bd7f943e9647/UnityEngine.TestRunner/NUnitExtensions/Runner/CompositeWorkItem.cs:82)
UnityEngine.TestRunner.NUnitExtensions.Runner.CompositeWorkItem/<RunChildren>d__17:MoveNext () (at ./Library/PackageCache/com.unity.test-framework@bd7f943e9647/UnityEngine.TestRunner/NUnitExtensions/Runner/CompositeWorkItem.cs:207)
UnityEngine.TestRunner.NUnitExtensions.Runner.CompositeWorkItem/<PerformWork>d__13:MoveNext () (at ./Library/PackageCache/com.unity.test-framework@bd7f943e9647/UnityEngine.TestRunner/NUnitExtensions/Runner/CompositeWorkItem.cs:82)
UnityEngine.TestRunner.NUnitExtensions.Runner.CompositeWorkItem/<RunChildren>d__17:MoveNext () (at ./Library/PackageCache/com.unity.test-framework@bd7f943e9647/UnityEngine.TestRunner/NUnitExtensions/Runner/CompositeWorkItem.cs:207)
UnityEngine.TestRunner.NUnitExtensions.Runner.CompositeWorkItem/<PerformWork>d__13:MoveNext () (at ./Library/PackageCache/com.unity.test-framework@bd7f943e9647/UnityEngine.TestRunner/NUnitExtensions/Runner/CompositeWorkItem.cs:82)
UnityEditor.TestTools.TestRunner.EditModeRunner:MoveNextAndUpdateYieldObject () (at ./Library/PackageCache/com.unity.test-framework@bd7f943e9647/UnityEditor.TestRunner/TestRunner/EditModeRunner.cs:167)
UnityEditor.TestTools.TestRunner.EditModeRunner:TestConsumer (UnityEditor.TestTools.TestRunner.TestRunnerStateSerializer) (at ./Library/PackageCache/com.unity.test-framework@bd7f943e9647/UnityEditor.TestRunner/TestRunner/EditModeRunner.cs:200)
UnityEditor.TestTools.TestRunner.TestRun.Tasks.EditModeRunTask/<Execute>d__1:MoveNext () (at ./Library/PackageCache/com.unity.test-framework@bd7f943e9647/UnityEditor.TestRunner/TestRun/Tasks/EditModeRunTask.cs:48)
UnityEditor.TestTools.TestRunner.TestRun.TestJobRunner:ExecuteStep () (at ./Library/PackageCache/com.unity.test-framework@bd7f943e9647/UnityEditor.TestRunner/TestRun/TestJobRunner.cs:173)
UnityEditor.TestTools.TestRunner.TestRun.TestJobRunner:ExecuteCallback () (at ./Library/PackageCache/com.unity.test-framework@bd7f943e9647/UnityEditor.TestRunner/TestRun/TestJobRunner.cs:108)
UnityEditor.EditorApplication:Internal_CallUpdateFunctions () (at /Users/bokken/build/output/unity/unity/Editor/Mono/EditorApplication.cs:392)

(Filename: ./Packages/com.xrlab.chooguard.foundation/Multiplayer/Tests/Editor/WorldMotionAdapterTests.cs Line: 109)

World motion traversal 0.3 rail_tracks_mainline -> rail_platforms_mainline steps=91 seconds=0.3388224
UnityEngine.Debug:ExtractStackTraceNoAlloc (byte*,int,string)
UnityEngine.StackTraceUtility:ExtractStackTrace () (at /Users/bokken/build/output/unity/unity/Runtime/Export/Scripting/StackTrace.cs:35)
UnityEngine.DebugLogHandler:Internal_Log (UnityEngine.LogType,UnityEngine.LogOption,string,UnityEngine.Object)
UnityEngine.DebugLogHandler:LogFormat (UnityEngine.LogType,UnityEngine.Object,string,object[])
UnityEngine.Logger:Log (UnityEngine.LogType,object)
UnityEngine.Debug:Log (object)
ChooGuard.Foundation.Multiplayer.Tests.WorldMotionAdapterTests:BothProfilesTraverseAllThirteenRegionsAndAllTwentyFourPortalDirections (string,bool,double) (at ./Packages/com.xrlab.chooguard.foundation/Multiplayer/Tests/Editor/WorldMotionAdapterTests.cs:109)
System.Reflection.RuntimeMethodInfo:Invoke (object,System.Reflection.BindingFlags,System.Reflection.Binder,object[],System.Globalization.CultureInfo)
System.Reflection.MethodBase:Invoke (object,object[])
NUnit.Framework.Internal.Reflect:InvokeMethod (System.Reflection.MethodInfo,object,object[])
NUnit.Framework.Internal.MethodWrapper:Invoke (object,object[])
NUnit.Framework.Internal.Commands.TestMethodCommand:RunNonAsyncTestMethod (NUnit.Framework.Internal.ITestExecutionContext)
NUnit.Framework.Internal.Commands.TestMethodCommand:RunTestMethod (NUnit.Framework.Internal.ITestExecutionContext)
NUnit.Framework.Internal.Commands.TestMethodCommand:Execute (NUnit.Framework.Internal.ITestExecutionContext)
UnityEngine.TestTools.UnityTestMethodCommand:Execute (NUnit.Framework.Internal.ITestExecutionContext) (at ./Library/PackageCache/com.unity.test-framework@bd7f943e9647/UnityEngine.TestRunner/NUnitExtensions/Commands/UnityTestMethodCommand.cs:19)
UnityEngine.TestRunner.NUnitExtensions.Runner.UnityLogCheckDelegatingCommand/<>c__DisplayClass2_0:<Execute>b__0 () (at ./Library/PackageCache/com.unity.test-framework@bd7f943e9647/UnityEngine.TestRunner/NUnitExtensions/Runner/UnityLogCheckDelegatingCommand.cs:24)
UnityEngine.TestRunner.NUnitExtensions.Runner.UnityLogCheckDelegatingCommand:CaptureException (NUnit.Framework.Internal.TestResult,System.Action) (at ./Library/PackageCache/com.unity.test-framework@bd7f943e9647/UnityEngine.TestRunner/NUnitExtensions/Runner/UnityLogCheckDelegatingCommand.cs:72)
UnityEngine.TestRunner.NUnitExtensions.Runner.UnityLogCheckDelegatingCommand:ExecuteAndCheckLog (UnityEngine.TestTools.Logging.LogScope,NUnit.Framework.Internal.TestResult,System.Action) (at ./Library/PackageCache/com.unity.test-framework@bd7f943e9647/UnityEngine.TestRunner/NUnitExtensions/Runner/UnityLogCheckDelegatingCommand.cs:83)
UnityEngine.TestRunner.NUnitExtensions.Runner.UnityLogCheckDelegatingCommand:Execute (NUnit.Framework.Internal.ITestExecutionContext) (at ./Library/PackageCache/com.unity.test-framework@bd7f943e9647/UnityEngine.TestRunner/NUnitExtensions/Runner/UnityLogCheckDelegatingCommand.cs:24)
UnityEngine.TestRunner.NUnitExtensions.Runner.UnityLogCheckDelegatingCommand/<ExecuteEnumerable>d__3:MoveNext () (at ./Library/PackageCache/com.unity.test-framework@bd7f943e9647/UnityEngine.TestRunner/NUnitExtensions/Runner/UnityLogCheckDelegatingCommand.cs:35)
UnityEngine.TestTools.BeforeAfterTestCommandBase`1/<ExecuteEnumerable>d__16<NUnit.Framework.ITestAction>:MoveNext () (at ./Library/PackageCache/com.unity.test-framework@bd7f943e9647/UnityEngine.TestRunner/NUnitExtensions/Commands/BeforeAfterTestCommandBase.cs:212)
UnityEngine.TestTools.ImmediateEnumerableCommand:Execute (NUnit.Framework.Internal.ITestExecutionContext) (at ./Library/PackageCache/com.unity.test-framework@bd7f943e9647/UnityEngine.TestRunner/NUnitExtensions/Commands/ImmediateEnumerableCommand.cs:18)
UnityEngine.TestTools.BeforeAfterTestCommandBase`1/<ExecuteEnumerable>d__16<System.Reflection.MethodInfo>:MoveNext () (at ./Library/PackageCache/com.unity.test-framework@bd7f943e9647/UnityEngine.TestRunner/NUnitExtensions/Commands/BeforeAfterTestCommandBase.cs:219)
UnityEngine.TestTools.BeforeAfterTestCommandBase`1/<ExecuteEnumerable>d__16<System.Reflection.MethodInfo>:MoveNext () (at ./Library/PackageCache/com.unity.test-framework@bd7f943e9647/UnityEngine.TestRunner/NUnitExtensions/Commands/BeforeAfterTestCommandBase.cs:212)
UnityEngine.TestTools.BeforeAfterTestCommandBase`1/<ExecuteEnumerable>d__16<UnityEngine.TestTools.IOuterUnityTestAction>:MoveNext () (at ./Library/PackageCache/com.unity.test-framework@bd7f943e9647/UnityEngine.TestRunner/NUnitExtensions/Commands/BeforeAfterTestCommandBase.cs:212)
UnityEngine.TestTools.RetryCommand/<ExecuteEnumerable>d__2:MoveNext () (at ./Library/PackageCache/com.unity.test-framework@bd7f943e9647/UnityEngine.TestRunner/NUnitExtensions/Commands/RetryCommand.cs:37)
UnityEngine.TestTools.RepeatCommand/<ExecuteEnumerable>d__2:MoveNext () (at ./Library/PackageCache/com.unity.test-framework@bd7f943e9647/UnityEngine.TestRunner/NUnitExtensions/Commands/RepeatCommand.cs:36)
UnityEngine.TestTools.IgnoreTestCommand/<ExecuteEnumerable>d__3:MoveNext () (at ./Library/PackageCache/com.unity.test-framework@bd7f943e9647/UnityEngine.TestRunner/NUnitExtensions/Commands/IgnoreTestCommand.cs:42)
UnityEngine.TestTools.StrictCheckCommand/<ExecuteEnumerable>d__2:MoveNext () (at ./Library/PackageCache/com.unity.test-framework@bd7f943e9647/UnityEngine.TestRunner/NUnitExtensions/Commands/StrictCheckCommand.cs:29)
UnityEngine.TestRunner.NUnitExtensions.Runner.DefaultTestWorkItem/<PerformWork>d__2:MoveNext () (at ./Library/PackageCache/com.unity.test-framework@bd7f943e9647/UnityEngine.TestRunner/NUnitExtensions/Runner/DefaultTestWorkItem.cs:50)
UnityEngine.TestRunner.NUnitExtensions.Runner.CompositeWorkItem/<RunChildren>d__17:MoveNext () (at ./Library/PackageCache/com.unity.test-framework@bd7f943e9647/UnityEngine.TestRunner/NUnitExtensions/Runner/CompositeWorkItem.cs:207)
UnityEngine.TestRunner.NUnitExtensions.Runner.CompositeWorkItem/<PerformWork>d__13:MoveNext () (at ./Library/PackageCache/com.unity.test-framework@bd7f943e9647/UnityEngine.TestRunner/NUnitExtensions/Runner/CompositeWorkItem.cs:82)
UnityEngine.TestRunner.NUnitExtensions.Runner.CompositeWorkItem/<RunChildren>d__17:MoveNext () (at ./Library/PackageCache/com.unity.test-framework@bd7f943e9647/UnityEngine.TestRunner/NUnitExtensions/Runner/CompositeWorkItem.cs:207)
UnityEngine.TestRunner.NUnitExtensions.Runner.CompositeWorkItem/<PerformWork>d__13:MoveNext () (at ./Library/PackageCache/com.unity.test-framework@bd7f943e9647/UnityEngine.TestRunner/NUnitExtensions/Runner/CompositeWorkItem.cs:82)
UnityEngine.TestRunner.NUnitExtensions.Runner.CompositeWorkItem/<RunChildren>d__17:MoveNext () (at ./Library/PackageCache/com.unity.test-framework@bd7f943e9647/UnityEngine.TestRunner/NUnitExtensions/Runner/CompositeWorkItem.cs:207)
UnityEngine.TestRunner.NUnitExtensions.Runner.CompositeWorkItem/<PerformWork>d__13:MoveNext () (at ./Library/PackageCache/com.unity.test-framework@bd7f943e9647/UnityEngine.TestRunner/NUnitExtensions/Runner/CompositeWorkItem.cs:82)
UnityEngine.TestRunner.NUnitExtensions.Runner.CompositeWorkItem/<RunChildren>d__17:MoveNext () (at ./Library/PackageCache/com.unity.test-framework@bd7f943e9647/UnityEngine.TestRunner/NUnitExtensions/Runner/CompositeWorkItem.cs:207)
UnityEngine.TestRunner.NUnitExtensions.Runner.CompositeWorkItem/<PerformWork>d__13:MoveNext () (at ./Library/PackageCache/com.unity.test-framework@bd7f943e9647/UnityEngine.TestRunner/NUnitExtensions/Runner/CompositeWorkItem.cs:82)
UnityEngine.TestRunner.NUnitExtensions.Runner.CompositeWorkItem/<RunChildren>d__17:MoveNext () (at ./Library/PackageCache/com.unity.test-framework@bd7f943e9647/UnityEngine.TestRunner/NUnitExtensions/Runner/CompositeWorkItem.cs:207)
UnityEngine.TestRunner.NUnitExtensions.Runner.CompositeWorkItem/<PerformWork>d__13:MoveNext () (at ./Library/PackageCache/com.unity.test-framework@bd7f943e9647/UnityEngine.TestRunner/NUnitExtensions/Runner/CompositeWorkItem.cs:82)
UnityEngine.TestRunner.NUnitExtensions.Runner.CompositeWorkItem/<RunChildren>d__17:MoveNext () (at ./Library/PackageCache/com.unity.test-framework@bd7f943e9647/UnityEngine.TestRunner/NUnitExtensions/Runner/CompositeWorkItem.cs:207)
UnityEngine.TestRunner.NUnitExtensions.Runner.CompositeWorkItem/<PerformWork>d__13:MoveNext () (at ./Library/PackageCache/com.unity.test-framework@bd7f943e9647/UnityEngine.TestRunner/NUnitExtensions/Runner/CompositeWorkItem.cs:82)
UnityEngine.TestRunner.NUnitExtensions.Runner.CompositeWorkItem/<RunChildren>d__17:MoveNext () (at ./Library/PackageCache/com.unity.test-framework@bd7f943e9647/UnityEngine.TestRunner/NUnitExtensions/Runner/CompositeWorkItem.cs:207)
UnityEngine.TestRunner.NUnitExtensions.Runner.CompositeWorkItem/<PerformWork>d__13:MoveNext () (at ./Library/PackageCache/com.unity.test-framework@bd7f943e9647/UnityEngine.TestRunner/NUnitExtensions/Runner/CompositeWorkItem.cs:82)
UnityEngine.TestRunner.NUnitExtensions.Runner.CompositeWorkItem/<RunChildren>d__17:MoveNext () (at ./Library/PackageCache/com.unity.test-framework@bd7f943e9647/UnityEngine.TestRunner/NUnitExtensions/Runner/CompositeWorkItem.cs:207)
UnityEngine.TestRunner.NUnitExtensions.Runner.CompositeWorkItem/<PerformWork>d__13:MoveNext () (at ./Library/PackageCache/com.unity.test-framework@bd7f943e9647/UnityEngine.TestRunner/NUnitExtensions/Runner/CompositeWorkItem.cs:82)
UnityEditor.TestTools.TestRunner.EditModeRunner:MoveNextAndUpdateYieldObject () (at ./Library/PackageCache/com.unity.test-framework@bd7f943e9647/UnityEditor.TestRunner/TestRunner/EditModeRunner.cs:167)
UnityEditor.TestTools.TestRunner.EditModeRunner:TestConsumer (UnityEditor.TestTools.TestRunner.TestRunnerStateSerializer) (at ./Library/PackageCache/com.unity.test-framework@bd7f943e9647/UnityEditor.TestRunner/TestRunner/EditModeRunner.cs:200)
UnityEditor.TestTools.TestRunner.TestRun.Tasks.EditModeRunTask/<Execute>d__1:MoveNext () (at ./Library/PackageCache/com.unity.test-framework@bd7f943e9647/UnityEditor.TestRunner/TestRun/Tasks/EditModeRunTask.cs:48)
UnityEditor.TestTools.TestRunner.TestRun.TestJobRunner:ExecuteStep () (at ./Library/PackageCache/com.unity.test-framework@bd7f943e9647/UnityEditor.TestRunner/TestRun/TestJobRunner.cs:173)
UnityEditor.TestTools.TestRunner.TestRun.TestJobRunner:ExecuteCallback () (at ./Library/PackageCache/com.unity.test-framework@bd7f943e9647/UnityEditor.TestRunner/TestRun/TestJobRunner.cs:108)
UnityEditor.EditorApplication:Internal_CallUpdateFunctions () (at /Users/bokken/build/output/unity/unity/Editor/Mono/EditorApplication.cs:392)

(Filename: ./Packages/com.xrlab.chooguard.foundation/Multiplayer/Tests/Editor/WorldMotionAdapterTests.cs Line: 109)

World motion traversal 0.3 rail_platforms_mainline -> rail_tracks_mainline steps=91 seconds=0.3034487
UnityEngine.Debug:ExtractStackTraceNoAlloc (byte*,int,string)
UnityEngine.StackTraceUtility:ExtractStackTrace () (at /Users/bokken/build/output/unity/unity/Runtime/Export/Scripting/StackTrace.cs:35)
UnityEngine.DebugLogHandler:Internal_Log (UnityEngine.LogType,UnityEngine.LogOption,string,UnityEngine.Object)
UnityEngine.DebugLogHandler:LogFormat (UnityEngine.LogType,UnityEngine.Object,string,object[])
UnityEngine.Logger:Log (UnityEngine.LogType,object)
UnityEngine.Debug:Log (object)
ChooGuard.Foundation.Multiplayer.Tests.WorldMotionAdapterTests:BothProfilesTraverseAllThirteenRegionsAndAllTwentyFourPortalDirections (string,bool,double) (at ./Packages/com.xrlab.chooguard.foundation/Multiplayer/Tests/Editor/WorldMotionAdapterTests.cs:109)
System.Reflection.RuntimeMethodInfo:Invoke (object,System.Reflection.BindingFlags,System.Reflection.Binder,object[],System.Globalization.CultureInfo)
System.Reflection.MethodBase:Invoke (object,object[])
NUnit.Framework.Internal.Reflect:InvokeMethod (System.Reflection.MethodInfo,object,object[])
NUnit.Framework.Internal.MethodWrapper:Invoke (object,object[])
NUnit.Framework.Internal.Commands.TestMethodCommand:RunNonAsyncTestMethod (NUnit.Framework.Internal.ITestExecutionContext)
NUnit.Framework.Internal.Commands.TestMethodCommand:RunTestMethod (NUnit.Framework.Internal.ITestExecutionContext)
NUnit.Framework.Internal.Commands.TestMethodCommand:Execute (NUnit.Framework.Internal.ITestExecutionContext)
UnityEngine.TestTools.UnityTestMethodCommand:Execute (NUnit.Framework.Internal.ITestExecutionContext) (at ./Library/PackageCache/com.unity.test-framework@bd7f943e9647/UnityEngine.TestRunner/NUnitExtensions/Commands/UnityTestMethodCommand.cs:19)
UnityEngine.TestRunner.NUnitExtensions.Runner.UnityLogCheckDelegatingCommand/<>c__DisplayClass2_0:<Execute>b__0 () (at ./Library/PackageCache/com.unity.test-framework@bd7f943e9647/UnityEngine.TestRunner/NUnitExtensions/Runner/UnityLogCheckDelegatingCommand.cs:24)
UnityEngine.TestRunner.NUnitExtensions.Runner.UnityLogCheckDelegatingCommand:CaptureException (NUnit.Framework.Internal.TestResult,System.Action) (at ./Library/PackageCache/com.unity.test-framework@bd7f943e9647/UnityEngine.TestRunner/NUnitExtensions/Runner/UnityLogCheckDelegatingCommand.cs:72)
UnityEngine.TestRunner.NUnitExtensions.Runner.UnityLogCheckDelegatingCommand:ExecuteAndCheckLog (UnityEngine.TestTools.Logging.LogScope,NUnit.Framework.Internal.TestResult,System.Action) (at ./Library/PackageCache/com.unity.test-framework@bd7f943e9647/UnityEngine.TestRunner/NUnitExtensions/Runner/UnityLogCheckDelegatingCommand.cs:83)
UnityEngine.TestRunner.NUnitExtensions.Runner.UnityLogCheckDelegatingCommand:Execute (NUnit.Framework.Internal.ITestExecutionContext) (at ./Library/PackageCache/com.unity.test-framework@bd7f943e9647/UnityEngine.TestRunner/NUnitExtensions/Runner/UnityLogCheckDelegatingCommand.cs:24)
UnityEngine.TestRunner.NUnitExtensions.Runner.UnityLogCheckDelegatingCommand/<ExecuteEnumerable>d__3:MoveNext () (at ./Library/PackageCache/com.unity.test-framework@bd7f943e9647/UnityEngine.TestRunner/NUnitExtensions/Runner/UnityLogCheckDelegatingCommand.cs:35)
UnityEngine.TestTools.BeforeAfterTestCommandBase`1/<ExecuteEnumerable>d__16<NUnit.Framework.ITestAction>:MoveNext () (at ./Library/PackageCache/com.unity.test-framework@bd7f943e9647/UnityEngine.TestRunner/NUnitExtensions/Commands/BeforeAfterTestCommandBase.cs:212)
UnityEngine.TestTools.ImmediateEnumerableCommand:Execute (NUnit.Framework.Internal.ITestExecutionContext) (at ./Library/PackageCache/com.unity.test-framework@bd7f943e9647/UnityEngine.TestRunner/NUnitExtensions/Commands/ImmediateEnumerableCommand.cs:18)
UnityEngine.TestTools.BeforeAfterTestCommandBase`1/<ExecuteEnumerable>d__16<System.Reflection.MethodInfo>:MoveNext () (at ./Library/PackageCache/com.unity.test-framework@bd7f943e9647/UnityEngine.TestRunner/NUnitExtensions/Commands/BeforeAfterTestCommandBase.cs:219)
UnityEngine.TestTools.BeforeAfterTestCommandBase`1/<ExecuteEnumerable>d__16<System.Reflection.MethodInfo>:MoveNext () (at ./Library/PackageCache/com.unity.test-framework@bd7f943e9647/UnityEngine.TestRunner/NUnitExtensions/Commands/BeforeAfterTestCommandBase.cs:212)
UnityEngine.TestTools.BeforeAfterTestCommandBase`1/<ExecuteEnumerable>d__16<UnityEngine.TestTools.IOuterUnityTestAction>:MoveNext () (at ./Library/PackageCache/com.unity.test-framework@bd7f943e9647/UnityEngine.TestRunner/NUnitExtensions/Commands/BeforeAfterTestCommandBase.cs:212)
UnityEngine.TestTools.RetryCommand/<ExecuteEnumerable>d__2:MoveNext () (at ./Library/PackageCache/com.unity.test-framework@bd7f943e9647/UnityEngine.TestRunner/NUnitExtensions/Commands/RetryCommand.cs:37)
UnityEngine.TestTools.RepeatCommand/<ExecuteEnumerable>d__2:MoveNext () (at ./Library/PackageCache/com.unity.test-framework@bd7f943e9647/UnityEngine.TestRunner/NUnitExtensions/Commands/RepeatCommand.cs:36)
UnityEngine.TestTools.IgnoreTestCommand/<ExecuteEnumerable>d__3:MoveNext () (at ./Library/PackageCache/com.unity.test-framework@bd7f943e9647/UnityEngine.TestRunner/NUnitExtensions/Commands/IgnoreTestCommand.cs:42)
UnityEngine.TestTools.StrictCheckCommand/<ExecuteEnumerable>d__2:MoveNext () (at ./Library/PackageCache/com.unity.test-framework@bd7f943e9647/UnityEngine.TestRunner/NUnitExtensions/Commands/StrictCheckCommand.cs:29)
UnityEngine.TestRunner.NUnitExtensions.Runner.DefaultTestWorkItem/<PerformWork>d__2:MoveNext () (at ./Library/PackageCache/com.unity.test-framework@bd7f943e9647/UnityEngine.TestRunner/NUnitExtensions/Runner/DefaultTestWorkItem.cs:50)
UnityEngine.TestRunner.NUnitExtensions.Runner.CompositeWorkItem/<RunChildren>d__17:MoveNext () (at ./Library/PackageCache/com.unity.test-framework@bd7f943e9647/UnityEngine.TestRunner/NUnitExtensions/Runner/CompositeWorkItem.cs:207)
UnityEngine.TestRunner.NUnitExtensions.Runner.CompositeWorkItem/<PerformWork>d__13:MoveNext () (at ./Library/PackageCache/com.unity.test-framework@bd7f943e9647/UnityEngine.TestRunner/NUnitExtensions/Runner/CompositeWorkItem.cs:82)
UnityEngine.TestRunner.NUnitExtensions.Runner.CompositeWorkItem/<RunChildren>d__17:MoveNext () (at ./Library/PackageCache/com.unity.test-framework@bd7f943e9647/UnityEngine.TestRunner/NUnitExtensions/Runner/CompositeWorkItem.cs:207)
UnityEngine.TestRunner.NUnitExtensions.Runner.CompositeWorkItem/<PerformWork>d__13:MoveNext () (at ./Library/PackageCache/com.unity.test-framework@bd7f943e9647/UnityEngine.TestRunner/NUnitExtensions/Runner/CompositeWorkItem.cs:82)
UnityEngine.TestRunner.NUnitExtensions.Runner.CompositeWorkItem/<RunChildren>d__17:MoveNext () (at ./Library/PackageCache/com.unity.test-framework@bd7f943e9647/UnityEngine.TestRunner/NUnitExtensions/Runner/CompositeWorkItem.cs:207)
UnityEngine.TestRunner.NUnitExtensions.Runner.CompositeWorkItem/<PerformWork>d__13:MoveNext () (at ./Library/PackageCache/com.unity.test-framework@bd7f943e9647/UnityEngine.TestRunner/NUnitExtensions/Runner/CompositeWorkItem.cs:82)
UnityEngine.TestRunner.NUnitExtensions.Runner.CompositeWorkItem/<RunChildren>d__17:MoveNext () (at ./Library/PackageCache/com.unity.test-framework@bd7f943e9647/UnityEngine.TestRunner/NUnitExtensions/Runner/CompositeWorkItem.cs:207)
UnityEngine.TestRunner.NUnitExtensions.Runner.CompositeWorkItem/<PerformWork>d__13:MoveNext () (at ./Library/PackageCache/com.unity.test-framework@bd7f943e9647/UnityEngine.TestRunner/NUnitExtensions/Runner/CompositeWorkItem.cs:82)
UnityEngine.TestRunner.NUnitExtensions.Runner.CompositeWorkItem/<RunChildren>d__17:MoveNext () (at ./Library/PackageCache/com.unity.test-framework@bd7f943e9647/UnityEngine.TestRunner/NUnitExtensions/Runner/CompositeWorkItem.cs:207)
UnityEngine.TestRunner.NUnitExtensions.Runner.CompositeWorkItem/<PerformWork>d__13:MoveNext () (at ./Library/PackageCache/com.unity.test-framework@bd7f943e9647/UnityEngine.TestRunner/NUnitExtensions/Runner/CompositeWorkItem.cs:82)
UnityEngine.TestRunner.NUnitExtensions.Runner.CompositeWorkItem/<RunChildren>d__17:MoveNext () (at ./Library/PackageCache/com.unity.test-framework@bd7f943e9647/UnityEngine.TestRunner/NUnitExtensions/Runner/CompositeWorkItem.cs:207)
UnityEngine.TestRunner.NUnitExtensions.Runner.CompositeWorkItem/<PerformWork>d__13:MoveNext () (at ./Library/PackageCache/com.unity.test-framework@bd7f943e9647/UnityEngine.TestRunner/NUnitExtensions/Runner/CompositeWorkItem.cs:82)
UnityEngine.TestRunner.NUnitExtensions.Runner.CompositeWorkItem/<RunChildren>d__17:MoveNext () (at ./Library/PackageCache/com.unity.test-framework@bd7f943e9647/UnityEngine.TestRunner/NUnitExtensions/Runner/CompositeWorkItem.cs:207)
UnityEngine.TestRunner.NUnitExtensions.Runner.CompositeWorkItem/<PerformWork>d__13:MoveNext () (at ./Library/PackageCache/com.unity.test-framework@bd7f943e9647/UnityEngine.TestRunner/NUnitExtensions/Runner/CompositeWorkItem.cs:82)
UnityEngine.TestRunner.NUnitExtensions.Runner.CompositeWorkItem/<RunChildren>d__17:MoveNext () (at ./Library/PackageCache/com.unity.test-framework@bd7f943e9647/UnityEngine.TestRunner/NUnitExtensions/Runner/CompositeWorkItem.cs:207)
UnityEngine.TestRunner.NUnitExtensions.Runner.CompositeWorkItem/<PerformWork>d__13:MoveNext () (at ./Library/PackageCache/com.unity.test-framework@bd7f943e9647/UnityEngine.TestRunner/NUnitExtensions/Runner/CompositeWorkItem.cs:82)
UnityEditor.TestTools.TestRunner.EditModeRunner:MoveNextAndUpdateYieldObject () (at ./Library/PackageCache/com.unity.test-framework@bd7f943e9647/UnityEditor.TestRunner/TestRunner/EditModeRunner.cs:167)
UnityEditor.TestTools.TestRunner.EditModeRunner:TestConsumer (UnityEditor.TestTools.TestRunner.TestRunnerStateSerializer) (at ./Library/PackageCache/com.unity.test-framework@bd7f943e9647/UnityEditor.TestRunner/TestRunner/EditModeRunner.cs:200)
UnityEditor.TestTools.TestRunner.TestRun.Tasks.EditModeRunTask/<Execute>d__1:MoveNext () (at ./Library/PackageCache/com.unity.test-framework@bd7f943e9647/UnityEditor.TestRunner/TestRun/Tasks/EditModeRunTask.cs:48)
UnityEditor.TestTools.TestRunner.TestRun.TestJobRunner:ExecuteStep () (at ./Library/PackageCache/com.unity.test-framework@bd7f943e9647/UnityEditor.TestRunner/TestRun/TestJobRunner.cs:173)
UnityEditor.TestTools.TestRunner.TestRun.TestJobRunner:ExecuteCallback () (at ./Library/PackageCache/com.unity.test-framework@bd7f943e9647/UnityEditor.TestRunner/TestRun/TestJobRunner.cs:108)
UnityEditor.EditorApplication:Internal_CallUpdateFunctions () (at /Users/bokken/build/output/unity/unity/Editor/Mono/EditorApplication.cs:392)

(Filename: ./Packages/com.xrlab.chooguard.foundation/Multiplayer/Tests/Editor/WorldMotionAdapterTests.cs Line: 109)

Worker ready: AssetImportWorker1 1
Worker ready: AssetImportWorker0 0
World motion traversal 0.3 rail_platforms_mainline -> station_concourse_2f steps=338 seconds=0.8524225
UnityEngine.Debug:ExtractStackTraceNoAlloc (byte*,int,string)
UnityEngine.StackTraceUtility:ExtractStackTrace () (at /Users/bokken/build/output/unity/unity/Runtime/Export/Scripting/StackTrace.cs:35)
UnityEngine.DebugLogHandler:Internal_Log (UnityEngine.LogType,UnityEngine.LogOption,string,UnityEngine.Object)
UnityEngine.DebugLogHandler:LogFormat (UnityEngine.LogType,UnityEngine.Object,string,object[])
UnityEngine.Logger:Log (UnityEngine.LogType,object)
UnityEngine.Debug:Log (object)
ChooGuard.Foundation.Multiplayer.Tests.WorldMotionAdapterTests:BothProfilesTraverseAllThirteenRegionsAndAllTwentyFourPortalDirections (string,bool,double) (at ./Packages/com.xrlab.chooguard.foundation/Multiplayer/Tests/Editor/WorldMotionAdapterTests.cs:109)
System.Reflection.RuntimeMethodInfo:Invoke (object,System.Reflection.BindingFlags,System.Reflection.Binder,object[],System.Globalization.CultureInfo)
System.Reflection.MethodBase:Invoke (object,object[])
NUnit.Framework.Internal.Reflect:InvokeMethod (System.Reflection.MethodInfo,object,object[])
NUnit.Framework.Internal.MethodWrapper:Invoke (object,object[])
NUnit.Framework.Internal.Commands.TestMethodCommand:RunNonAsyncTestMethod (NUnit.Framework.Internal.ITestExecutionContext)
NUnit.Framework.Internal.Commands.TestMethodCommand:RunTestMethod (NUnit.Framework.Internal.ITestExecutionContext)
NUnit.Framework.Internal.Commands.TestMethodCommand:Execute (NUnit.Framework.Internal.ITestExecutionContext)
UnityEngine.TestTools.UnityTestMethodCommand:Execute (NUnit.Framework.Internal.ITestExecutionContext) (at ./Library/PackageCache/com.unity.test-framework@bd7f943e9647/UnityEngine.TestRunner/NUnitExtensions/Commands/UnityTestMethodCommand.cs:19)
UnityEngine.TestRunner.NUnitExtensions.Runner.UnityLogCheckDelegatingCommand/<>c__DisplayClass2_0:<Execute>b__0 () (at ./Library/PackageCache/com.unity.test-framework@bd7f943e9647/UnityEngine.TestRunner/NUnitExtensions/Runner/UnityLogCheckDelegatingCommand.cs:24)
UnityEngine.TestRunner.NUnitExtensions.Runner.UnityLogCheckDelegatingCommand:CaptureException (NUnit.Framework.Internal.TestResult,System.Action) (at ./Library/PackageCache/com.unity.test-framework@bd7f943e9647/UnityEngine.TestRunner/NUnitExtensions/Runner/UnityLogCheckDelegatingCommand.cs:72)
UnityEngine.TestRunner.NUnitExtensions.Runner.UnityLogCheckDelegatingCommand:ExecuteAndCheckLog (UnityEngine.TestTools.Logging.LogScope,NUnit.Framework.Internal.TestResult,System.Action) (at ./Library/PackageCache/com.unity.test-framework@bd7f943e9647/UnityEngine.TestRunner/NUnitExtensions/Runner/UnityLogCheckDelegatingCommand.cs:83)
UnityEngine.TestRunner.NUnitExtensions.Runner.UnityLogCheckDelegatingCommand:Execute (NUnit.Framework.Internal.ITestExecutionContext) (at ./Library/PackageCache/com.unity.test-framework@bd7f943e9647/UnityEngine.TestRunner/NUnitExtensions/Runner/UnityLogCheckDelegatingCommand.cs:24)
UnityEngine.TestRunner.NUnitExtensions.Runner.UnityLogCheckDelegatingCommand/<ExecuteEnumerable>d__3:MoveNext () (at ./Library/PackageCache/com.unity.test-framework@bd7f943e9647/UnityEngine.TestRunner/NUnitExtensions/Runner/UnityLogCheckDelegatingCommand.cs:35)
UnityEngine.TestTools.BeforeAfterTestCommandBase`1/<ExecuteEnumerable>d__16<NUnit.Framework.ITestAction>:MoveNext () (at ./Library/PackageCache/com.unity.test-framework@bd7f943e9647/UnityEngine.TestRunner/NUnitExtensions/Commands/BeforeAfterTestCommandBase.cs:212)
UnityEngine.TestTools.ImmediateEnumerableCommand:Execute (NUnit.Framework.Internal.ITestExecutionContext) (at ./Library/PackageCache/com.unity.test-framework@bd7f943e9647/UnityEngine.TestRunner/NUnitExtensions/Commands/ImmediateEnumerableCommand.cs:18)
UnityEngine.TestTools.BeforeAfterTestCommandBase`1/<ExecuteEnumerable>d__16<System.Reflection.MethodInfo>:MoveNext () (at ./Library/PackageCache/com.unity.test-framework@bd7f943e9647/UnityEngine.TestRunner/NUnitExtensions/Commands/BeforeAfterTestCommandBase.cs:219)
UnityEngine.TestTools.BeforeAfterTestCommandBase`1/<ExecuteEnumerable>d__16<System.Reflection.MethodInfo>:MoveNext () (at ./Library/PackageCache/com.unity.test-framework@bd7f943e9647/UnityEngine.TestRunner/NUnitExtensions/Commands/BeforeAfterTestCommandBase.cs:212)
UnityEngine.TestTools.BeforeAfterTestCommandBase`1/<ExecuteEnumerable>d__16<UnityEngine.TestTools.IOuterUnityTestAction>:MoveNext () (at ./Library/PackageCache/com.unity.test-framework@bd7f943e9647/UnityEngine.TestRunner/NUnitExtensions/Commands/BeforeAfterTestCommandBase.cs:212)
UnityEngine.TestTools.RetryCommand/<ExecuteEnumerable>d__2:MoveNext () (at ./Library/PackageCache/com.unity.test-framework@bd7f943e9647/UnityEngine.TestRunner/NUnitExtensions/Commands/RetryCommand.cs:37)
UnityEngine.TestTools.RepeatCommand/<ExecuteEnumerable>d__2:MoveNext () (at ./Library/PackageCache/com.unity.test-framework@bd7f943e9647/UnityEngine.TestRunner/NUnitExtensions/Commands/RepeatCommand.cs:36)
UnityEngine.TestTools.IgnoreTestCommand/<ExecuteEnumerable>d__3:MoveNext () (at ./Library/PackageCache/com.unity.test-framework@bd7f943e9647/UnityEngine.TestRunner/NUnitExtensions/Commands/IgnoreTestCommand.cs:42)
UnityEngine.TestTools.StrictCheckCommand/<ExecuteEnumerable>d__2:MoveNext () (at ./Library/PackageCache/com.unity.test-framework@bd7f943e9647/UnityEngine.TestRunner/NUnitExtensions/Commands/StrictCheckCommand.cs:29)
UnityEngine.TestRunner.NUnitExtensions.Runner.DefaultTestWorkItem/<PerformWork>d__2:MoveNext () (at ./Library/PackageCache/com.unity.test-framework@bd7f943e9647/UnityEngine.TestRunner/NUnitExtensions/Runner/DefaultTestWorkItem.cs:50)
UnityEngine.TestRunner.NUnitExtensions.Runner.CompositeWorkItem/<RunChildren>d__17:MoveNext () (at ./Library/PackageCache/com.unity.test-framework@bd7f943e9647/UnityEngine.TestRunner/NUnitExtensions/Runner/CompositeWorkItem.cs:207)
UnityEngine.TestRunner.NUnitExtensions.Runner.CompositeWorkItem/<PerformWork>d__13:MoveNext () (at ./Library/PackageCache/com.unity.test-framework@bd7f943e9647/UnityEngine.TestRunner/NUnitExtensions/Runner/CompositeWorkItem.cs:82)
UnityEngine.TestRunner.NUnitExtensions.Runner.CompositeWorkItem/<RunChildren>d__17:MoveNext () (at ./Library/PackageCache/com.unity.test-framework@bd7f943e9647/UnityEngine.TestRunner/NUnitExtensions/Runner/CompositeWorkItem.cs:207)
UnityEngine.TestRunner.NUnitExtensions.Runner.CompositeWorkItem/<PerformWork>d__13:MoveNext () (at ./Library/PackageCache/com.unity.test-framework@bd7f943e9647/UnityEngine.TestRunner/NUnitExtensions/Runner/CompositeWorkItem.cs:82)
UnityEngine.TestRunner.NUnitExtensions.Runner.CompositeWorkItem/<RunChildren>d__17:MoveNext () (at ./Library/PackageCache/com.unity.test-framework@bd7f943e9647/UnityEngine.TestRunner/NUnitExtensions/Runner/CompositeWorkItem.cs:207)
UnityEngine.TestRunner.NUnitExtensions.Runner.CompositeWorkItem/<PerformWork>d__13:MoveNext () (at ./Library/PackageCache/com.unity.test-framework@bd7f943e9647/UnityEngine.TestRunner/NUnitExtensions/Runner/CompositeWorkItem.cs:82)
UnityEngine.TestRunner.NUnitExtensions.Runner.CompositeWorkItem/<RunChildren>d__17:MoveNext () (at ./Library/PackageCache/com.unity.test-framework@bd7f943e9647/UnityEngine.TestRunner/NUnitExtensions/Runner/CompositeWorkItem.cs:207)
UnityEngine.TestRunner.NUnitExtensions.Runner.CompositeWorkItem/<PerformWork>d__13:MoveNext () (at ./Library/PackageCache/com.unity.test-framework@bd7f943e9647/UnityEngine.TestRunner/NUnitExtensions/Runner/CompositeWorkItem.cs:82)
UnityEngine.TestRunner.NUnitExtensions.Runner.CompositeWorkItem/<RunChildren>d__17:MoveNext () (at ./Library/PackageCache/com.unity.test-framework@bd7f943e9647/UnityEngine.TestRunner/NUnitExtensions/Runner/CompositeWorkItem.cs:207)
UnityEngine.TestRunner.NUnitExtensions.Runner.CompositeWorkItem/<PerformWork>d__13:MoveNext () (at ./Library/PackageCache/com.unity.test-framework@bd7f943e9647/UnityEngine.TestRunner/NUnitExtensions/Runner/CompositeWorkItem.cs:82)
UnityEngine.TestRunner.NUnitExtensions.Runner.CompositeWorkItem/<RunChildren>d__17:MoveNext () (at ./Library/PackageCache/com.unity.test-framework@bd7f943e9647/UnityEngine.TestRunner/NUnitExtensions/Runner/CompositeWorkItem.cs:207)
UnityEngine.TestRunner.NUnitExtensions.Runner.CompositeWorkItem/<PerformWork>d__13:MoveNext () (at ./Library/PackageCache/com.unity.test-framework@bd7f943e9647/UnityEngine.TestRunner/NUnitExtensions/Runner/CompositeWorkItem.cs:82)
UnityEngine.TestRunner.NUnitExtensions.Runner.CompositeWorkItem/<RunChildren>d__17:MoveNext () (at ./Library/PackageCache/com.unity.test-framework@bd7f943e9647/UnityEngine.TestRunner/NUnitExtensions/Runner/CompositeWorkItem.cs:207)
UnityEngine.TestRunner.NUnitExtensions.Runner.CompositeWorkItem/<PerformWork>d__13:MoveNext () (at ./Library/PackageCache/com.unity.test-framework@bd7f943e9647/UnityEngine.TestRunner/NUnitExtensions/Runner/CompositeWorkItem.cs:82)
UnityEngine.TestRunner.NUnitExtensions.Runner.CompositeWorkItem/<RunChildren>d__17:MoveNext () (at ./Library/PackageCache/com.unity.test-framework@bd7f943e9647/UnityEngine.TestRunner/NUnitExtensions/Runner/CompositeWorkItem.cs:207)
UnityEngine.TestRunner.NUnitExtensions.Runner.CompositeWorkItem/<PerformWork>d__13:MoveNext () (at ./Library/PackageCache/com.unity.test-framework@bd7f943e9647/UnityEngine.TestRunner/NUnitExtensions/Runner/CompositeWorkItem.cs:82)
UnityEditor.TestTools.TestRunner.EditModeRunner:MoveNextAndUpdateYieldObject () (at ./Library/PackageCache/com.unity.test-framework@bd7f943e9647/UnityEditor.TestRunner/TestRunner/EditModeRunner.cs:167)
UnityEditor.TestTools.TestRunner.EditModeRunner:TestConsumer (UnityEditor.TestTools.TestRunner.TestRunnerStateSerializer) (at ./Library/PackageCache/com.unity.test-framework@bd7f943e9647/UnityEditor.TestRunner/TestRunner/EditModeRunner.cs:200)
UnityEditor.TestTools.TestRunner.TestRun.Tasks.EditModeRunTask/<Execute>d__1:MoveNext () (at ./Library/PackageCache/com.unity.test-framework@bd7f943e9647/UnityEditor.TestRunner/TestRun/Tasks/EditModeRunTask.cs:48)
UnityEditor.TestTools.TestRunner.TestRun.TestJobRunner:ExecuteStep () (at ./Library/PackageCache/com.unity.test-framework@bd7f943e9647/UnityEditor.TestRunner/TestRun/TestJobRunner.cs:173)
UnityEditor.TestTools.TestRunner.TestRun.TestJobRunner:ExecuteCallback () (at ./Library/PackageCache/com.unity.test-framework@bd7f943e9647/UnityEditor.TestRunner/TestRun/TestJobRunner.cs:108)
UnityEditor.EditorApplication:Internal_CallUpdateFunctions () (at /Users/bokken/build/output/unity/unity/Editor/Mono/EditorApplication.cs:392)

(Filename: ./Packages/com.xrlab.chooguard.foundation/Multiplayer/Tests/Editor/WorldMotionAdapterTests.cs Line: 109)

[Worker1] Start importing Assets/CHOOguardGenerated/WorldMotionTest_72471d4e00084d2982cbcbcabbe6b100/cg_region_station_hall_1f.unity using Guid(4efbe3a81744f4451a132bd1a649f0cb) Importer(2089858483,b0f066a214c2f5e87bad3c948f4d605d) 
[Worker1] (ScriptedImporter)
[Worker0] Start importing Assets/CHOOguardGenerated/WorldMotionTest_72471d4e00084d2982cbcbcabbe6b100/Geometry/rolling_stock_metro--metro_platforms--1.asset using Guid(72a8e978bd34548c69a2948fbbae2dc4) Importer(2089858483,b0f066a214c2f5e87bad3c948f4d605d) 
[Worker0] (ScriptedImporter)
[Worker1]  -> (artifact id: '338fed85d9587a2cf195f8a5fa15303a') in 0.041517959 seconds
[Worker1] Start importing Assets/CHOOguardGenerated/WorldMotionTest_72471d4e00084d2982cbcbcabbe6b100/Geometry/metro_concourse--metro_platforms--1.asset using Guid(208b40b4a29b7497e8984055f76ffed5) Importer(2089858483,b0f066a214c2f5e87bad3c948f4d605d) 
[Worker1] (ScriptedImporter)
[Worker1]  -> (artifact id: '7d00a0c1d88d24ae62c5e08c82890b00') in 0.015659417 seconds
[Worker1] Start importing Assets/CHOOguardGenerated/WorldMotionTest_72471d4e00084d2982cbcbcabbe6b100/Geometry/underground_shopping_passage--metro_concourse-1.asset using Guid(b6d2760d7e9994deba258f1ac9bd3a7a) Importer(2089858483,b0f066a214c2f5e87bad3c948f4d605d) 
[Worker1] (ScriptedImporter)
[Worker1]  -> (artifact id: '53d8d318804855c61cb99d772beba2d3') in 0.001982542 seconds
[Worker1] Start importing Assets/CHOOguardGenerated/WorldMotionTest_72471d4e00084d2982cbcbcabbe6b100 using Guid(f4800d6a3690347f9aa4b5d43a1178ab) Importer(2089858483,b0f066a214c2f5e87bad3c948f4d605d) 
[Worker1] (ScriptedImporter)
[Worker1]  -> (artifact id: 'dc525a5a8ee67290aab301dad6b91075') in 0.002391667 seconds
[Worker1] Start importing Assets/CHOOguardGenerated/WorldMotionTest_72471d4e00084d2982cbcbcabbe6b100/Geometry/rolling_stock_metro--metro_platforms-1.asset using Guid(8dda1400572c9405bbb3cff510f807f4) Importer(2089858483,b0f066a214c2f5e87bad3c948f4d605d) 
[Worker1] (ScriptedImporter)
[Worker1]  -> (artifact id: '2cb6a63bd7b22954aec08ff5928811e7') in 0.003366375 seconds
[Worker1] Start importing Assets/CHOOguardGenerated/WorldMotionTest_72471d4e00084d2982cbcbcabbe6b100/Geometry/underground_shopping_passage--metro_concourse--1.asset using Guid(404c8f47df71a46d7955779bc31f38ae) Importer(2089858483,b0f066a214c2f5e87bad3c948f4d605d) 
[Worker1] (ScriptedImporter)
[Worker1]  -> (artifact id: 'f82622f0adf2ebbad32af56a8507dc79') in 0.001873459 seconds
[Worker1] Start importing Assets/CHOOguardGenerated/WorldMotionTest_72471d4e00084d2982cbcbcabbe6b100/Geometry/station_ticket_area--rail_terminal_public-1.asset using Guid(b3c0318616f3844f5bd8d2385c28cb02) Importer(2089858483,b0f066a214c2f5e87bad3c948f4d605d) 
[Worker1] (ScriptedImporter)
[Worker1]  -> (artifact id: '234778394c444855417be3b551a693a8') in 0.001548917 seconds
[Worker1] Start importing Assets/CHOOguardGenerated/WorldMotionTest_72471d4e00084d2982cbcbcabbe6b100/Geometry/rail_terminal_public--underground_connector--1.asset using Guid(33188d6db3c3a46cbbd8370dbf02c2ad) Importer(2089858483,b0f066a214c2f5e87bad3c948f4d605d) 
[Worker1] (ScriptedImporter)
[Worker1]  -> (artifact id: '7c88228de6dad3b1b258dc1c3238b9de') in 0.00340375 seconds
[Worker1] Start importing Assets/CHOOguardGenerated/WorldMotionTest_72471d4e00084d2982cbcbcabbe6b100/cg_region_underground_shopping_passage.unity using Guid(23453c02f210d4dc49f6f014ce2aade3) Importer(2089858483,b0f066a214c2f5e87bad3c948f4d605d) 
[Worker1] (ScriptedImporter)
[Worker1]  -> (artifact id: 'f046b6d0b69047456ca275e0813b1173') in 0.003967791 seconds
[Worker1] Start importing Assets/CHOOguardGenerated/WorldMotionTest_72471d4e00084d2982cbcbcabbe6b100/cg_region_station_ticket_area.unity using Guid(4aa81985324574488ab930f0b7cc4197) Importer(2089858483,b0f066a214c2f5e87bad3c948f4d605d) 
[Worker1] (ScriptedImporter)
[Worker0]  -> (artifact id: 'f476bb879f6188acce501fe4f7ed9e8a') in 0.055500833 seconds
[Worker0] Start importing Assets/CHOOguardGenerated/WorldMotionTest_72471d4e00084d2982cbcbcabbe6b100/Geometry/rail_terminal_public--station_concourse_2f-1.asset using Guid(93f15ec07f83d438d8a36be6abb5676c) Importer(2089858483,b0f066a214c2f5e87bad3c948f4d605d) 
[Worker0] (ScriptedImporter)
[Worker0]  -> (artifact id: '9fbbc93163cf2d2930b299380ddefd23') in 0.002099833 seconds
[Worker1]  -> (artifact id: 'bc26d1bb95e38b75b22f67bfc0f4e1f7') in 0.003838375 seconds
[Worker0] Start importing Assets/CHOOguardGenerated/WorldMotionTest_72471d4e00084d2982cbcbcabbe6b100/Geometry/rail_platforms_mainline--station_concourse_2f-1.asset using Guid(52065d5c86f764a549e69435a94129b9) Importer(2089858483,b0f066a214c2f5e87bad3c948f4d605d) 
[Worker0] (ScriptedImporter)
[Worker1] Start importing Assets/CHOOguardGenerated/WorldMotionTest_72471d4e00084d2982cbcbcabbe6b100/cg_region_rail_platforms_mainline.unity using Guid(561016d87224b454bad6db144a1d59cb) Importer(2089858483,b0f066a214c2f5e87bad3c948f4d605d) 
[Worker1] (ScriptedImporter)
[Worker0]  -> (artifact id: 'fa77b32dacc1bfe9b9222fb68021a86e') in 0.002044042 seconds
[Worker0] Start importing Assets/CHOOguardGenerated/WorldMotionTest_72471d4e00084d2982cbcbcabbe6b100/cg_region_rail_terminal_public.unity using Guid(4ccd2dd8957e645fd87d30df753736a5) Importer(2089858483,b0f066a214c2f5e87bad3c948f4d605d) 
[Worker0] (ScriptedImporter)
[Worker1]  -> (artifact id: '9280c0ee46846a6583c170d64b9e131d') in 0.005931166 seconds
[Worker1] Start importing Assets/CHOOguardGenerated/WorldMotionTest_72471d4e00084d2982cbcbcabbe6b100/Geometry/rail_tracks_mainline--rail_platforms_mainline--1.asset using Guid(dec9d20c2ebb846abade07b79fe68369) Importer(2089858483,b0f066a214c2f5e87bad3c948f4d605d) 
[Worker1] (ScriptedImporter)
[Worker0]  -> (artifact id: '88e1c08ce2626116e36563cce218b033') in 0.005563417 seconds
[Worker0] Start importing Assets/CHOOguardGenerated/WorldMotionTest_72471d4e00084d2982cbcbcabbe6b100/cg_region_station_concourse_2f.unity using Guid(461c20053a555439bb5608a6dd63a007) Importer(2089858483,b0f066a214c2f5e87bad3c948f4d605d) 
[Worker0] (ScriptedImporter)
[Worker1]  -> (artifact id: '883a245b1b5e8a47b975ebf8abaff0a4') in 0.0025125 seconds
[Worker1] Start importing Assets/CHOOguardGenerated/WorldMotionTest_72471d4e00084d2982cbcbcabbe6b100/Geometry/metro_concourse--metro_platforms-1.asset using Guid(17c7b13c0dfc4490a869e5f343ca2384) Importer(2089858483,b0f066a214c2f5e87bad3c948f4d605d) 
[Worker1] (ScriptedImporter)
[Worker1]  -> (artifact id: '969a4ee2e5044b36189268e7c63057f5') in 0.001662416 seconds
[Worker1] Start importing Assets/CHOOguardGenerated/WorldMotionTest_72471d4e00084d2982cbcbcabbe6b100/Geometry/forecourt_eurasia--underground_connector--1.asset using Guid(365ccfc5260c0413e81dc9189971b98b) Importer(2089858483,b0f066a214c2f5e87bad3c948f4d605d) 
[Worker1] (ScriptedImporter)
[Worker0]  -> (artifact id: 'a7392bcf5fbbbb2b7ffc1b9565959f56') in 0.003716292 seconds
[Worker0] Start importing Assets/CHOOguardGenerated/WorldMotionTest_72471d4e00084d2982cbcbcabbe6b100/Geometry/underground_connector--underground_shopping_passage-1.asset using Guid(e956cfe1bfc09414a8a2fcd106cfa702) Importer(2089858483,b0f066a214c2f5e87bad3c948f4d605d) 
[Worker0] (ScriptedImporter)
[Worker1]  -> (artifact id: '694aaa920edd98bdca8fa5de09df3dc5') in 0.0017885 seconds
[Worker1] Start importing Assets/CHOOguardGenerated/WorldMotionTest_72471d4e00084d2982cbcbcabbe6b100/Geometry/station_ticket_area--rail_terminal_public--1.asset using Guid(f107167bb32dc4ba3ab11b79d7d5104e) Importer(2089858483,b0f066a214c2f5e87bad3c948f4d605d) 
[Worker1] (ScriptedImporter)
[Worker0]  -> (artifact id: '5026052e7d2ba3dfe14bab245e48fde4') in 0.002883459 seconds
[Worker0] Start importing Assets/CHOOguardGenerated/WorldMotionTest_72471d4e00084d2982cbcbcabbe6b100/Geometry/rail_terminal_public--underground_connector-1.asset using Guid(4be5c2ced55c5440fa8fe506e4eed205) Importer(2089858483,b0f066a214c2f5e87bad3c948f4d605d) 
[Worker1]  -> (artifact id: '428684888ec39df9ffc6ea60cd3fbe3b') in 0.002176167 seconds
[Worker0] (ScriptedImporter)
[Worker1] Start importing Assets/CHOOguardGenerated/WorldMotionTest_72471d4e00084d2982cbcbcabbe6b100/cg_region_rolling_stock_metro.unity using Guid(4337707385c3546bfbe1e123f6fd095a) Importer(2089858483,b0f066a214c2f5e87bad3c948f4d605d) 
[Worker1] (ScriptedImporter)
[Worker0]  -> (artifact id: '4c268af89ef0dc6b9714d16bf53bdb98') in 0.001899083 seconds
[Worker0] Start importing Assets/CHOOguardGenerated/WorldMotionTest_72471d4e00084d2982cbcbcabbe6b100/cg_region_metro_platforms.unity using Guid(3fe5d4e1421ea471784fd6713683e86e) Importer(2089858483,b0f066a214c2f5e87bad3c948f4d605d) 
[Worker0] (ScriptedImporter)
[Worker1]  -> (artifact id: 'b2d88f4e6a18ac59399b97f916d1b14a') in 0.0048925 seconds
[Worker1] Start importing Assets/CHOOguardGenerated/WorldMotionTest_72471d4e00084d2982cbcbcabbe6b100/cg_region_metro_concourse.unity using Guid(dd56187b375284faaa18cf21fee53dfa) Importer(2089858483,b0f066a214c2f5e87bad3c948f4d605d) 
[Worker1] (ScriptedImporter)
[Worker0]  -> (artifact id: '53e90280364b96b863944e4885a63940') in 0.004506292 seconds
[Worker0] Start importing Assets/CHOOguardGenerated/WorldMotionTest_72471d4e00084d2982cbcbcabbe6b100/cg_region_rolling_stock_mainline.unity using Guid(b06cb913355174767a7d94ab6aba2b7e) Importer(2089858483,b0f066a214c2f5e87bad3c948f4d605d) 
[Worker0] (ScriptedImporter)
[Worker1]  -> (artifact id: '95caa2120ffc868ea20fb267d53c4d61') in 0.004895125 seconds
[Worker1] Start importing Assets/CHOOguardGenerated/WorldMotionTest_72471d4e00084d2982cbcbcabbe6b100/Geometry using Guid(f7e0f79810db94a76bc8976475f8bcc0) Importer(2089858483,b0f066a214c2f5e87bad3c948f4d605d) 
[Worker1] (ScriptedImporter)
[Worker0]  -> (artifact id: '61a04983c094a9a81109702f138e9ec1') in 0.004778833 seconds
[Worker0] Start importing Assets/CHOOguardGenerated/WorldMotionTest_72471d4e00084d2982cbcbcabbe6b100/cg_region_forecourt_eurasia.unity using Guid(361de9df20c5a4d09914cf1ea9f52d92) Importer(2089858483,b0f066a214c2f5e87bad3c948f4d605d) 
[Worker0] (ScriptedImporter)
[Worker1]  -> (artifact id: '505f2a30551680d8cfd52bacd5667db7') in 0.001536417 seconds
[Worker1] Start importing Assets/CHOOguardGenerated/WorldMotionTest_72471d4e00084d2982cbcbcabbe6b100/cg_region_rail_tracks_mainline.unity using Guid(7e5fed23cca744d50bf810057e922aeb) Importer(2089858483,b0f066a214c2f5e87bad3c948f4d605d) 
[Worker1] (ScriptedImporter)
[Worker0]  -> (artifact id: 'a8ed13791a0dc55950530bb11f5e059a') in 0.003166458 seconds
[Worker0] Start importing Assets/CHOOguardGenerated/WorldMotionTest_72471d4e00084d2982cbcbcabbe6b100/cg_region_underground_connector.unity using Guid(9e0cb1aa8357943afaeaa0a00967392b) Importer(2089858483,b0f066a214c2f5e87bad3c948f4d605d) 
[Worker0] (ScriptedImporter)
[Worker1]  -> (artifact id: 'd43e9fed96a591e4e9f6c03e7780252c') in 0.003875125 seconds
[Worker1] Start importing Assets/CHOOguardGenerated/WorldMotionTest_72471d4e00084d2982cbcbcabbe6b100/Geometry/underground_connector--underground_shopping_passage--1.asset using Guid(2319e5d69cec84e8d908e8d520ddbe14) Importer(2089858483,b0f066a214c2f5e87bad3c948f4d605d) 
[Worker1] (ScriptedImporter)
[Worker1]  -> (artifact id: 'fd04791039359f5553b0b669ee59206e') in 0.001620416 seconds
[Worker1] Start importing Assets/CHOOguardGenerated/WorldMotionTest_72471d4e00084d2982cbcbcabbe6b100/Geometry/rail_terminal_public--station_concourse_2f--1.asset using Guid(718358dec15a2455b82976c5a33d6ee7) Importer(2089858483,b0f066a214c2f5e87bad3c948f4d605d) 
[Worker1] (ScriptedImporter)
[Worker0]  -> (artifact id: 'a9b59916e3db85a882a8e0fa955b4e58') in 0.004322084 seconds
[Worker0] Start importing Assets/CHOOguardGenerated/WorldMotionTest_72471d4e00084d2982cbcbcabbe6b100/Geometry/rail_platforms_mainline--station_concourse_2f--1.asset using Guid(c3cc21c1860774ad0b9d6d3adfddbb89) Importer(2089858483,b0f066a214c2f5e87bad3c948f4d605d) 
[Worker0] (ScriptedImporter)
[Worker1]  -> (artifact id: 'd574525cbf874f8cac42fb58b808c92e') in 0.001665625 seconds
[Worker1] Start importing Assets/CHOOguardGenerated/WorldMotionTest_72471d4e00084d2982cbcbcabbe6b100/connected-world-profile.json using Guid(2ee1501c6ccfc4ab7af7b2066805d47d) Importer(2089858483,b0f066a214c2f5e87bad3c948f4d605d) 
[Worker1] (ScriptedImporter)
[Worker0]  -> (artifact id: 'b6e41964fd7ff4c8c8c84a08dbb771ba') in 0.00194725 seconds
[Worker1]  -> (artifact id: '49fa562b209d13e329306686d5b034a9') in 0.001480625 seconds
[Worker0] Start importing Assets/CHOOguardGenerated/WorldMotionTest_72471d4e00084d2982cbcbcabbe6b100/ConnectedWorld.unity using Guid(3c7fff1f74f1f49de9e02918e4235f04) Importer(2089858483,b0f066a214c2f5e87bad3c948f4d605d) 
[Worker1] Start importing Assets/CHOOguardGenerated/WorldMotionTest_72471d4e00084d2982cbcbcabbe6b100/Geometry/rail_tracks_mainline--rail_platforms_mainline-1.asset using Guid(1d301ec66e92f476a85d5d3ee8427aab) Importer(2089858483,b0f066a214c2f5e87bad3c948f4d605d) 
[Worker1] (ScriptedImporter)
[Worker0] (ScriptedImporter)
[Worker0]  -> (artifact id: '3a973f1ab6d71200e1bd439e68047f81') in 0.001840541 seconds
[Worker1]  -> (artifact id: 'd684b016c3c62e5f9a6b48e6df35ef7e') in 0.0017255 seconds
[Worker0] Start importing Assets/CHOOguardGenerated/WorldMotionTest_72471d4e00084d2982cbcbcabbe6b100/Geometry/rolling_stock_mainline--rail_platforms_mainline--1.asset using Guid(8d504dd26874c4fe786157209d3a1d25) Importer(2089858483,b0f066a214c2f5e87bad3c948f4d605d) 
[Worker1] Start importing Assets/CHOOguardGenerated/WorldMotionTest_72471d4e00084d2982cbcbcabbe6b100/Geometry/rolling_stock_mainline--rail_platforms_mainline-1.asset using Guid(40898280be03143998c594f52b882fdf) Importer(2089858483,b0f066a214c2f5e87bad3c948f4d605d) 
[Worker0] (ScriptedImporter)
[Worker1] (ScriptedImporter)
[Worker0]  -> (artifact id: '765e1587c6b7c0709883089af15d0ae9') in 0.002024917 seconds
[Worker0] Start importing Assets/CHOOguardGenerated/WorldMotionTest_72471d4e00084d2982cbcbcabbe6b100/Geometry/station_hall_1f--station_concourse_2f--1.asset using Guid(a6e73d1be698d466ab380b1babd546d3) Importer(2089858483,b0f066a214c2f5e87bad3c948f4d605d) 
[Worker0] (ScriptedImporter)
[Worker1]  -> (artifact id: '02a91b1e065c9ac6182afd2f7929fa55') in 0.002880666 seconds
[Worker1] Start importing Assets/CHOOguardGenerated/WorldMotionTest_72471d4e00084d2982cbcbcabbe6b100/Geometry/forecourt_eurasia--underground_connector-1.asset using Guid(368a19a7e1ec549b9a335ba2e1aef846) Importer(2089858483,b0f066a214c2f5e87bad3c948f4d605d) 
[Worker1] (ScriptedImporter)
[Worker0]  -> (artifact id: 'f79765789d4ce5fb2711b4af5ddee7b9') in 0.002088167 seconds
[Worker0] Start importing Assets/CHOOguardGenerated/WorldMotionTest_72471d4e00084d2982cbcbcabbe6b100/Geometry/station_hall_1f--station_concourse_2f-1.asset using Guid(59e80c57a256d413da7e53784bda02fe) Importer(2089858483,b0f066a214c2f5e87bad3c948f4d605d) 
[Worker0] (ScriptedImporter)
[Worker1]  -> (artifact id: 'd13a1da96930dd3d058140e9844bdaf3') in 0.002094 seconds
[Worker0]  -> (artifact id: 'd0de0e0f6293a3d584ce3f9d92bd2241') in 0.001739375 seconds
World motion traversal 0.3 station_concourse_2f -> rail_platforms_mainline steps=338 seconds=0.811765
UnityEngine.Debug:ExtractStackTraceNoAlloc (byte*,int,string)
UnityEngine.StackTraceUtility:ExtractStackTrace () (at /Users/bokken/build/output/unity/unity/Runtime/Export/Scripting/StackTrace.cs:35)
UnityEngine.DebugLogHandler:Internal_Log (UnityEngine.LogType,UnityEngine.LogOption,string,UnityEngine.Object)
UnityEngine.DebugLogHandler:LogFormat (UnityEngine.LogType,UnityEngine.Object,string,object[])
UnityEngine.Logger:Log (UnityEngine.LogType,object)
UnityEngine.Debug:Log (object)
ChooGuard.Foundation.Multiplayer.Tests.WorldMotionAdapterTests:BothProfilesTraverseAllThirteenRegionsAndAllTwentyFourPortalDirections (string,bool,double) (at ./Packages/com.xrlab.chooguard.foundation/Multiplayer/Tests/Editor/WorldMotionAdapterTests.cs:109)
System.Reflection.RuntimeMethodInfo:Invoke (object,System.Reflection.BindingFlags,System.Reflection.Binder,object[],System.Globalization.CultureInfo)
System.Reflection.MethodBase:Invoke (object,object[])
NUnit.Framework.Internal.Reflect:InvokeMethod (System.Reflection.MethodInfo,object,object[])
NUnit.Framework.Internal.MethodWrapper:Invoke (object,object[])
NUnit.Framework.Internal.Commands.TestMethodCommand:RunNonAsyncTestMethod (NUnit.Framework.Internal.ITestExecutionContext)
NUnit.Framework.Internal.Commands.TestMethodCommand:RunTestMethod (NUnit.Framework.Internal.ITestExecutionContext)
NUnit.Framework.Internal.Commands.TestMethodCommand:Execute (NUnit.Framework.Internal.ITestExecutionContext)
UnityEngine.TestTools.UnityTestMethodCommand:Execute (NUnit.Framework.Internal.ITestExecutionContext) (at ./Library/PackageCache/com.unity.test-framework@bd7f943e9647/UnityEngine.TestRunner/NUnitExtensions/Commands/UnityTestMethodCommand.cs:19)
UnityEngine.TestRunner.NUnitExtensions.Runner.UnityLogCheckDelegatingCommand/<>c__DisplayClass2_0:<Execute>b__0 () (at ./Library/PackageCache/com.unity.test-framework@bd7f943e9647/UnityEngine.TestRunner/NUnitExtensions/Runner/UnityLogCheckDelegatingCommand.cs:24)
UnityEngine.TestRunner.NUnitExtensions.Runner.UnityLogCheckDelegatingCommand:CaptureException (NUnit.Framework.Internal.TestResult,System.Action) (at ./Library/PackageCache/com.unity.test-framework@bd7f943e9647/UnityEngine.TestRunner/NUnitExtensions/Runner/UnityLogCheckDelegatingCommand.cs:72)
UnityEngine.TestRunner.NUnitExtensions.Runner.UnityLogCheckDelegatingCommand:ExecuteAndCheckLog (UnityEngine.TestTools.Logging.LogScope,NUnit.Framework.Internal.TestResult,System.Action) (at ./Library/PackageCache/com.unity.test-framework@bd7f943e9647/UnityEngine.TestRunner/NUnitExtensions/Runner/UnityLogCheckDelegatingCommand.cs:83)
UnityEngine.TestRunner.NUnitExtensions.Runner.UnityLogCheckDelegatingCommand:Execute (NUnit.Framework.Internal.ITestExecutionContext) (at ./Library/PackageCache/com.unity.test-framework@bd7f943e9647/UnityEngine.TestRunner/NUnitExtensions/Runner/UnityLogCheckDelegatingCommand.cs:24)
UnityEngine.TestRunner.NUnitExtensions.Runner.UnityLogCheckDelegatingCommand/<ExecuteEnumerable>d__3:MoveNext () (at ./Library/PackageCache/com.unity.test-framework@bd7f943e9647/UnityEngine.TestRunner/NUnitExtensions/Runner/UnityLogCheckDelegatingCommand.cs:35)
UnityEngine.TestTools.BeforeAfterTestCommandBase`1/<ExecuteEnumerable>d__16<NUnit.Framework.ITestAction>:MoveNext () (at ./Library/PackageCache/com.unity.test-framework@bd7f943e9647/UnityEngine.TestRunner/NUnitExtensions/Commands/BeforeAfterTestCommandBase.cs:212)
UnityEngine.TestTools.ImmediateEnumerableCommand:Execute (NUnit.Framework.Internal.ITestExecutionContext) (at ./Library/PackageCache/com.unity.test-framework@bd7f943e9647/UnityEngine.TestRunner/NUnitExtensions/Commands/ImmediateEnumerableCommand.cs:18)
UnityEngine.TestTools.BeforeAfterTestCommandBase`1/<ExecuteEnumerable>d__16<System.Reflection.MethodInfo>:MoveNext () (at ./Library/PackageCache/com.unity.test-framework@bd7f943e9647/UnityEngine.TestRunner/NUnitExtensions/Commands/BeforeAfterTestCommandBase.cs:219)
UnityEngine.TestTools.BeforeAfterTestCommandBase`1/<ExecuteEnumerable>d__16<System.Reflection.MethodInfo>:MoveNext () (at ./Library/PackageCache/com.unity.test-framework@bd7f943e9647/UnityEngine.TestRunner/NUnitExtensions/Commands/BeforeAfterTestCommandBase.cs:212)
UnityEngine.TestTools.BeforeAfterTestCommandBase`1/<ExecuteEnumerable>d__16<UnityEngine.TestTools.IOuterUnityTestAction>:MoveNext () (at ./Library/PackageCache/com.unity.test-framework@bd7f943e9647/UnityEngine.TestRunner/NUnitExtensions/Commands/BeforeAfterTestCommandBase.cs:212)
UnityEngine.TestTools.RetryCommand/<ExecuteEnumerable>d__2:MoveNext () (at ./Library/PackageCache/com.unity.test-framework@bd7f943e9647/UnityEngine.TestRunner/NUnitExtensions/Commands/RetryCommand.cs:37)
UnityEngine.TestTools.RepeatCommand/<ExecuteEnumerable>d__2:MoveNext () (at ./Library/PackageCache/com.unity.test-framework@bd7f943e9647/UnityEngine.TestRunner/NUnitExtensions/Commands/RepeatCommand.cs:36)
UnityEngine.TestTools.IgnoreTestCommand/<ExecuteEnumerable>d__3:MoveNext () (at ./Library/PackageCache/com.unity.test-framework@bd7f943e9647/UnityEngine.TestRunner/NUnitExtensions/Commands/IgnoreTestCommand.cs:42)
UnityEngine.TestTools.StrictCheckCommand/<ExecuteEnumerable>d__2:MoveNext () (at ./Library/PackageCache/com.unity.test-framework@bd7f943e9647/UnityEngine.TestRunner/NUnitExtensions/Commands/StrictCheckCommand.cs:29)
UnityEngine.TestRunner.NUnitExtensions.Runner.DefaultTestWorkItem/<PerformWork>d__2:MoveNext () (at ./Library/PackageCache/com.unity.test-framework@bd7f943e9647/UnityEngine.TestRunner/NUnitExtensions/Runner/DefaultTestWorkItem.cs:50)
UnityEngine.TestRunner.NUnitExtensions.Runner.CompositeWorkItem/<RunChildren>d__17:MoveNext () (at ./Library/PackageCache/com.unity.test-framework@bd7f943e9647/UnityEngine.TestRunner/NUnitExtensions/Runner/CompositeWorkItem.cs:207)
UnityEngine.TestRunner.NUnitExtensions.Runner.CompositeWorkItem/<PerformWork>d__13:MoveNext () (at ./Library/PackageCache/com.unity.test-framework@bd7f943e9647/UnityEngine.TestRunner/NUnitExtensions/Runner/CompositeWorkItem.cs:82)
UnityEngine.TestRunner.NUnitExtensions.Runner.CompositeWorkItem/<RunChildren>d__17:MoveNext () (at ./Library/PackageCache/com.unity.test-framework@bd7f943e9647/UnityEngine.TestRunner/NUnitExtensions/Runner/CompositeWorkItem.cs:207)
UnityEngine.TestRunner.NUnitExtensions.Runner.CompositeWorkItem/<PerformWork>d__13:MoveNext () (at ./Library/PackageCache/com.unity.test-framework@bd7f943e9647/UnityEngine.TestRunner/NUnitExtensions/Runner/CompositeWorkItem.cs:82)
UnityEngine.TestRunner.NUnitExtensions.Runner.CompositeWorkItem/<RunChildren>d__17:MoveNext () (at ./Library/PackageCache/com.unity.test-framework@bd7f943e9647/UnityEngine.TestRunner/NUnitExtensions/Runner/CompositeWorkItem.cs:207)
UnityEngine.TestRunner.NUnitExtensions.Runner.CompositeWorkItem/<PerformWork>d__13:MoveNext () (at ./Library/PackageCache/com.unity.test-framework@bd7f943e9647/UnityEngine.TestRunner/NUnitExtensions/Runner/CompositeWorkItem.cs:82)
UnityEngine.TestRunner.NUnitExtensions.Runner.CompositeWorkItem/<RunChildren>d__17:MoveNext () (at ./Library/PackageCache/com.unity.test-framework@bd7f943e9647/UnityEngine.TestRunner/NUnitExtensions/Runner/CompositeWorkItem.cs:207)
UnityEngine.TestRunner.NUnitExtensions.Runner.CompositeWorkItem/<PerformWork>d__13:MoveNext () (at ./Library/PackageCache/com.unity.test-framework@bd7f943e9647/UnityEngine.TestRunner/NUnitExtensions/Runner/CompositeWorkItem.cs:82)
UnityEngine.TestRunner.NUnitExtensions.Runner.CompositeWorkItem/<RunChildren>d__17:MoveNext () (at ./Library/PackageCache/com.unity.test-framework@bd7f943e9647/UnityEngine.TestRunner/NUnitExtensions/Runner/CompositeWorkItem.cs:207)
UnityEngine.TestRunner.NUnitExtensions.Runner.CompositeWorkItem/<PerformWork>d__13:MoveNext () (at ./Library/PackageCache/com.unity.test-framework@bd7f943e9647/UnityEngine.TestRunner/NUnitExtensions/Runner/CompositeWorkItem.cs:82)
UnityEngine.TestRunner.NUnitExtensions.Runner.CompositeWorkItem/<RunChildren>d__17:MoveNext () (at ./Library/PackageCache/com.unity.test-framework@bd7f943e9647/UnityEngine.TestRunner/NUnitExtensions/Runner/CompositeWorkItem.cs:207)
UnityEngine.TestRunner.NUnitExtensions.Runner.CompositeWorkItem/<PerformWork>d__13:MoveNext () (at ./Library/PackageCache/com.unity.test-framework@bd7f943e9647/UnityEngine.TestRunner/NUnitExtensions/Runner/CompositeWorkItem.cs:82)
UnityEngine.TestRunner.NUnitExtensions.Runner.CompositeWorkItem/<RunChildren>d__17:MoveNext () (at ./Library/PackageCache/com.unity.test-framework@bd7f943e9647/UnityEngine.TestRunner/NUnitExtensions/Runner/CompositeWorkItem.cs:207)
UnityEngine.TestRunner.NUnitExtensions.Runner.CompositeWorkItem/<PerformWork>d__13:MoveNext () (at ./Library/PackageCache/com.unity.test-framework@bd7f943e9647/UnityEngine.TestRunner/NUnitExtensions/Runner/CompositeWorkItem.cs:82)
UnityEngine.TestRunner.NUnitExtensions.Runner.CompositeWorkItem/<RunChildren>d__17:MoveNext () (at ./Library/PackageCache/com.unity.test-framework@bd7f943e9647/UnityEngine.TestRunner/NUnitExtensions/Runner/CompositeWorkItem.cs:207)
UnityEngine.TestRunner.NUnitExtensions.Runner.CompositeWorkItem/<PerformWork>d__13:MoveNext () (at ./Library/PackageCache/com.unity.test-framework@bd7f943e9647/UnityEngine.TestRunner/NUnitExtensions/Runner/CompositeWorkItem.cs:82)
UnityEditor.TestTools.TestRunner.EditModeRunner:MoveNextAndUpdateYieldObject () (at ./Library/PackageCache/com.unity.test-framework@bd7f943e9647/UnityEditor.TestRunner/TestRunner/EditModeRunner.cs:167)
UnityEditor.TestTools.TestRunner.EditModeRunner:TestConsumer (UnityEditor.TestTools.TestRunner.TestRunnerStateSerializer) (at ./Library/PackageCache/com.unity.test-framework@bd7f943e9647/UnityEditor.TestRunner/TestRunner/EditModeRunner.cs:200)
UnityEditor.TestTools.TestRunner.TestRun.Tasks.EditModeRunTask/<Execute>d__1:MoveNext () (at ./Library/PackageCache/com.unity.test-framework@bd7f943e9647/UnityEditor.TestRunner/TestRun/Tasks/EditModeRunTask.cs:48)
UnityEditor.TestTools.TestRunner.TestRun.TestJobRunner:ExecuteStep () (at ./Library/PackageCache/com.unity.test-framework@bd7f943e9647/UnityEditor.TestRunner/TestRun/TestJobRunner.cs:173)
UnityEditor.TestTools.TestRunner.TestRun.TestJobRunner:ExecuteCallback () (at ./Library/PackageCache/com.unity.test-framework@bd7f943e9647/UnityEditor.TestRunner/TestRun/TestJobRunner.cs:108)
UnityEditor.EditorApplication:Internal_CallUpdateFunctions () (at /Users/bokken/build/output/unity/unity/Editor/Mono/EditorApplication.cs:392)

(Filename: ./Packages/com.xrlab.chooguard.foundation/Multiplayer/Tests/Editor/WorldMotionAdapterTests.cs Line: 109)

World motion traversal 0.3 rail_terminal_public -> station_concourse_2f steps=280 seconds=0.5629023
UnityEngine.Debug:ExtractStackTraceNoAlloc (byte*,int,string)
UnityEngine.StackTraceUtility:ExtractStackTrace () (at /Users/bokken/build/output/unity/unity/Runtime/Export/Scripting/StackTrace.cs:35)
UnityEngine.DebugLogHandler:Internal_Log (UnityEngine.LogType,UnityEngine.LogOption,string,UnityEngine.Object)
UnityEngine.DebugLogHandler:LogFormat (UnityEngine.LogType,UnityEngine.Object,string,object[])
UnityEngine.Logger:Log (UnityEngine.LogType,object)
UnityEngine.Debug:Log (object)
ChooGuard.Foundation.Multiplayer.Tests.WorldMotionAdapterTests:BothProfilesTraverseAllThirteenRegionsAndAllTwentyFourPortalDirections (string,bool,double) (at ./Packages/com.xrlab.chooguard.foundation/Multiplayer/Tests/Editor/WorldMotionAdapterTests.cs:109)
System.Reflection.RuntimeMethodInfo:Invoke (object,System.Reflection.BindingFlags,System.Reflection.Binder,object[],System.Globalization.CultureInfo)
System.Reflection.MethodBase:Invoke (object,object[])
NUnit.Framework.Internal.Reflect:InvokeMethod (System.Reflection.MethodInfo,object,object[])
NUnit.Framework.Internal.MethodWrapper:Invoke (object,object[])
NUnit.Framework.Internal.Commands.TestMethodCommand:RunNonAsyncTestMethod (NUnit.Framework.Internal.ITestExecutionContext)
NUnit.Framework.Internal.Commands.TestMethodCommand:RunTestMethod (NUnit.Framework.Internal.ITestExecutionContext)
NUnit.Framework.Internal.Commands.TestMethodCommand:Execute (NUnit.Framework.Internal.ITestExecutionContext)
UnityEngine.TestTools.UnityTestMethodCommand:Execute (NUnit.Framework.Internal.ITestExecutionContext) (at ./Library/PackageCache/com.unity.test-framework@bd7f943e9647/UnityEngine.TestRunner/NUnitExtensions/Commands/UnityTestMethodCommand.cs:19)
UnityEngine.TestRunner.NUnitExtensions.Runner.UnityLogCheckDelegatingCommand/<>c__DisplayClass2_0:<Execute>b__0 () (at ./Library/PackageCache/com.unity.test-framework@bd7f943e9647/UnityEngine.TestRunner/NUnitExtensions/Runner/UnityLogCheckDelegatingCommand.cs:24)
UnityEngine.TestRunner.NUnitExtensions.Runner.UnityLogCheckDelegatingCommand:CaptureException (NUnit.Framework.Internal.TestResult,System.Action) (at ./Library/PackageCache/com.unity.test-framework@bd7f943e9647/UnityEngine.TestRunner/NUnitExtensions/Runner/UnityLogCheckDelegatingCommand.cs:72)
UnityEngine.TestRunner.NUnitExtensions.Runner.UnityLogCheckDelegatingCommand:ExecuteAndCheckLog (UnityEngine.TestTools.Logging.LogScope,NUnit.Framework.Internal.TestResult,System.Action) (at ./Library/PackageCache/com.unity.test-framework@bd7f943e9647/UnityEngine.TestRunner/NUnitExtensions/Runner/UnityLogCheckDelegatingCommand.cs:83)
UnityEngine.TestRunner.NUnitExtensions.Runner.UnityLogCheckDelegatingCommand:Execute (NUnit.Framework.Internal.ITestExecutionContext) (at ./Library/PackageCache/com.unity.test-framework@bd7f943e9647/UnityEngine.TestRunner/NUnitExtensions/Runner/UnityLogCheckDelegatingCommand.cs:24)
UnityEngine.TestRunner.NUnitExtensions.Runner.UnityLogCheckDelegatingCommand/<ExecuteEnumerable>d__3:MoveNext () (at ./Library/PackageCache/com.unity.test-framework@bd7f943e9647/UnityEngine.TestRunner/NUnitExtensions/Runner/UnityLogCheckDelegatingCommand.cs:35)
UnityEngine.TestTools.BeforeAfterTestCommandBase`1/<ExecuteEnumerable>d__16<NUnit.Framework.ITestAction>:MoveNext () (at ./Library/PackageCache/com.unity.test-framework@bd7f943e9647/UnityEngine.TestRunner/NUnitExtensions/Commands/BeforeAfterTestCommandBase.cs:212)
UnityEngine.TestTools.ImmediateEnumerableCommand:Execute (NUnit.Framework.Internal.ITestExecutionContext) (at ./Library/PackageCache/com.unity.test-framework@bd7f943e9647/UnityEngine.TestRunner/NUnitExtensions/Commands/ImmediateEnumerableCommand.cs:18)
UnityEngine.TestTools.BeforeAfterTestCommandBase`1/<ExecuteEnumerable>d__16<System.Reflection.MethodInfo>:MoveNext () (at ./Library/PackageCache/com.unity.test-framework@bd7f943e9647/UnityEngine.TestRunner/NUnitExtensions/Commands/BeforeAfterTestCommandBase.cs:219)
UnityEngine.TestTools.BeforeAfterTestCommandBase`1/<ExecuteEnumerable>d__16<System.Reflection.MethodInfo>:MoveNext () (at ./Library/PackageCache/com.unity.test-framework@bd7f943e9647/UnityEngine.TestRunner/NUnitExtensions/Commands/BeforeAfterTestCommandBase.cs:212)
UnityEngine.TestTools.BeforeAfterTestCommandBase`1/<ExecuteEnumerable>d__16<UnityEngine.TestTools.IOuterUnityTestAction>:MoveNext () (at ./Library/PackageCache/com.unity.test-framework@bd7f943e9647/UnityEngine.TestRunner/NUnitExtensions/Commands/BeforeAfterTestCommandBase.cs:212)
UnityEngine.TestTools.RetryCommand/<ExecuteEnumerable>d__2:MoveNext () (at ./Library/PackageCache/com.unity.test-framework@bd7f943e9647/UnityEngine.TestRunner/NUnitExtensions/Commands/RetryCommand.cs:37)
UnityEngine.TestTools.RepeatCommand/<ExecuteEnumerable>d__2:MoveNext () (at ./Library/PackageCache/com.unity.test-framework@bd7f943e9647/UnityEngine.TestRunner/NUnitExtensions/Commands/RepeatCommand.cs:36)
UnityEngine.TestTools.IgnoreTestCommand/<ExecuteEnumerable>d__3:MoveNext () (at ./Library/PackageCache/com.unity.test-framework@bd7f943e9647/UnityEngine.TestRunner/NUnitExtensions/Commands/IgnoreTestCommand.cs:42)
UnityEngine.TestTools.StrictCheckCommand/<ExecuteEnumerable>d__2:MoveNext () (at ./Library/PackageCache/com.unity.test-framework@bd7f943e9647/UnityEngine.TestRunner/NUnitExtensions/Commands/StrictCheckCommand.cs:29)
UnityEngine.TestRunner.NUnitExtensions.Runner.DefaultTestWorkItem/<PerformWork>d__2:MoveNext () (at ./Library/PackageCache/com.unity.test-framework@bd7f943e9647/UnityEngine.TestRunner/NUnitExtensions/Runner/DefaultTestWorkItem.cs:50)
UnityEngine.TestRunner.NUnitExtensions.Runner.CompositeWorkItem/<RunChildren>d__17:MoveNext () (at ./Library/PackageCache/com.unity.test-framework@bd7f943e9647/UnityEngine.TestRunner/NUnitExtensions/Runner/CompositeWorkItem.cs:207)
UnityEngine.TestRunner.NUnitExtensions.Runner.CompositeWorkItem/<PerformWork>d__13:MoveNext () (at ./Library/PackageCache/com.unity.test-framework@bd7f943e9647/UnityEngine.TestRunner/NUnitExtensions/Runner/CompositeWorkItem.cs:82)
UnityEngine.TestRunner.NUnitExtensions.Runner.CompositeWorkItem/<RunChildren>d__17:MoveNext () (at ./Library/PackageCache/com.unity.test-framework@bd7f943e9647/UnityEngine.TestRunner/NUnitExtensions/Runner/CompositeWorkItem.cs:207)
UnityEngine.TestRunner.NUnitExtensions.Runner.CompositeWorkItem/<PerformWork>d__13:MoveNext () (at ./Library/PackageCache/com.unity.test-framework@bd7f943e9647/UnityEngine.TestRunner/NUnitExtensions/Runner/CompositeWorkItem.cs:82)
UnityEngine.TestRunner.NUnitExtensions.Runner.CompositeWorkItem/<RunChildren>d__17:MoveNext () (at ./Library/PackageCache/com.unity.test-framework@bd7f943e9647/UnityEngine.TestRunner/NUnitExtensions/Runner/CompositeWorkItem.cs:207)
UnityEngine.TestRunner.NUnitExtensions.Runner.CompositeWorkItem/<PerformWork>d__13:MoveNext () (at ./Library/PackageCache/com.unity.test-framework@bd7f943e9647/UnityEngine.TestRunner/NUnitExtensions/Runner/CompositeWorkItem.cs:82)
UnityEngine.TestRunner.NUnitExtensions.Runner.CompositeWorkItem/<RunChildren>d__17:MoveNext () (at ./Library/PackageCache/com.unity.test-framework@bd7f943e9647/UnityEngine.TestRunner/NUnitExtensions/Runner/CompositeWorkItem.cs:207)
UnityEngine.TestRunner.NUnitExtensions.Runner.CompositeWorkItem/<PerformWork>d__13:MoveNext () (at ./Library/PackageCache/com.unity.test-framework@bd7f943e9647/UnityEngine.TestRunner/NUnitExtensions/Runner/CompositeWorkItem.cs:82)
UnityEngine.TestRunner.NUnitExtensions.Runner.CompositeWorkItem/<RunChildren>d__17:MoveNext () (at ./Library/PackageCache/com.unity.test-framework@bd7f943e9647/UnityEngine.TestRunner/NUnitExtensions/Runner/CompositeWorkItem.cs:207)
UnityEngine.TestRunner.NUnitExtensions.Runner.CompositeWorkItem/<PerformWork>d__13:MoveNext () (at ./Library/PackageCache/com.unity.test-framework@bd7f943e9647/UnityEngine.TestRunner/NUnitExtensions/Runner/CompositeWorkItem.cs:82)
UnityEngine.TestRunner.NUnitExtensions.Runner.CompositeWorkItem/<RunChildren>d__17:MoveNext () (at ./Library/PackageCache/com.unity.test-framework@bd7f943e9647/UnityEngine.TestRunner/NUnitExtensions/Runner/CompositeWorkItem.cs:207)
UnityEngine.TestRunner.NUnitExtensions.Runner.CompositeWorkItem/<PerformWork>d__13:MoveNext () (at ./Library/PackageCache/com.unity.test-framework@bd7f943e9647/UnityEngine.TestRunner/NUnitExtensions/Runner/CompositeWorkItem.cs:82)
UnityEngine.TestRunner.NUnitExtensions.Runner.CompositeWorkItem/<RunChildren>d__17:MoveNext () (at ./Library/PackageCache/com.unity.test-framework@bd7f943e9647/UnityEngine.TestRunner/NUnitExtensions/Runner/CompositeWorkItem.cs:207)
UnityEngine.TestRunner.NUnitExtensions.Runner.CompositeWorkItem/<PerformWork>d__13:MoveNext () (at ./Library/PackageCache/com.unity.test-framework@bd7f943e9647/UnityEngine.TestRunner/NUnitExtensions/Runner/CompositeWorkItem.cs:82)
UnityEngine.TestRunner.NUnitExtensions.Runner.CompositeWorkItem/<RunChildren>d__17:MoveNext () (at ./Library/PackageCache/com.unity.test-framework@bd7f943e9647/UnityEngine.TestRunner/NUnitExtensions/Runner/CompositeWorkItem.cs:207)
UnityEngine.TestRunner.NUnitExtensions.Runner.CompositeWorkItem/<PerformWork>d__13:MoveNext () (at ./Library/PackageCache/com.unity.test-framework@bd7f943e9647/UnityEngine.TestRunner/NUnitExtensions/Runner/CompositeWorkItem.cs:82)
UnityEditor.TestTools.TestRunner.EditModeRunner:MoveNextAndUpdateYieldObject () (at ./Library/PackageCache/com.unity.test-framework@bd7f943e9647/UnityEditor.TestRunner/TestRunner/EditModeRunner.cs:167)
UnityEditor.TestTools.TestRunner.EditModeRunner:TestConsumer (UnityEditor.TestTools.TestRunner.TestRunnerStateSerializer) (at ./Library/PackageCache/com.unity.test-framework@bd7f943e9647/UnityEditor.TestRunner/TestRunner/EditModeRunner.cs:200)
UnityEditor.TestTools.TestRunner.TestRun.Tasks.EditModeRunTask/<Execute>d__1:MoveNext () (at ./Library/PackageCache/com.unity.test-framework@bd7f943e9647/UnityEditor.TestRunner/TestRun/Tasks/EditModeRunTask.cs:48)
UnityEditor.TestTools.TestRunner.TestRun.TestJobRunner:ExecuteStep () (at ./Library/PackageCache/com.unity.test-framework@bd7f943e9647/UnityEditor.TestRunner/TestRun/TestJobRunner.cs:173)
UnityEditor.TestTools.TestRunner.TestRun.TestJobRunner:ExecuteCallback () (at ./Library/PackageCache/com.unity.test-framework@bd7f943e9647/UnityEditor.TestRunner/TestRun/TestJobRunner.cs:108)
UnityEditor.EditorApplication:Internal_CallUpdateFunctions () (at /Users/bokken/build/output/unity/unity/Editor/Mono/EditorApplication.cs:392)

(Filename: ./Packages/com.xrlab.chooguard.foundation/Multiplayer/Tests/Editor/WorldMotionAdapterTests.cs Line: 109)

World motion traversal 0.3 station_concourse_2f -> rail_terminal_public steps=280 seconds=0.5121121
UnityEngine.Debug:ExtractStackTraceNoAlloc (byte*,int,string)
UnityEngine.StackTraceUtility:ExtractStackTrace () (at /Users/bokken/build/output/unity/unity/Runtime/Export/Scripting/StackTrace.cs:35)
UnityEngine.DebugLogHandler:Internal_Log (UnityEngine.LogType,UnityEngine.LogOption,string,UnityEngine.Object)
UnityEngine.DebugLogHandler:LogFormat (UnityEngine.LogType,UnityEngine.Object,string,object[])
UnityEngine.Logger:Log (UnityEngine.LogType,object)
UnityEngine.Debug:Log (object)
ChooGuard.Foundation.Multiplayer.Tests.WorldMotionAdapterTests:BothProfilesTraverseAllThirteenRegionsAndAllTwentyFourPortalDirections (string,bool,double) (at ./Packages/com.xrlab.chooguard.foundation/Multiplayer/Tests/Editor/WorldMotionAdapterTests.cs:109)
System.Reflection.RuntimeMethodInfo:Invoke (object,System.Reflection.BindingFlags,System.Reflection.Binder,object[],System.Globalization.CultureInfo)
System.Reflection.MethodBase:Invoke (object,object[])
NUnit.Framework.Internal.Reflect:InvokeMethod (System.Reflection.MethodInfo,object,object[])
NUnit.Framework.Internal.MethodWrapper:Invoke (object,object[])
NUnit.Framework.Internal.Commands.TestMethodCommand:RunNonAsyncTestMethod (NUnit.Framework.Internal.ITestExecutionContext)
NUnit.Framework.Internal.Commands.TestMethodCommand:RunTestMethod (NUnit.Framework.Internal.ITestExecutionContext)
NUnit.Framework.Internal.Commands.TestMethodCommand:Execute (NUnit.Framework.Internal.ITestExecutionContext)
UnityEngine.TestTools.UnityTestMethodCommand:Execute (NUnit.Framework.Internal.ITestExecutionContext) (at ./Library/PackageCache/com.unity.test-framework@bd7f943e9647/UnityEngine.TestRunner/NUnitExtensions/Commands/UnityTestMethodCommand.cs:19)
UnityEngine.TestRunner.NUnitExtensions.Runner.UnityLogCheckDelegatingCommand/<>c__DisplayClass2_0:<Execute>b__0 () (at ./Library/PackageCache/com.unity.test-framework@bd7f943e9647/UnityEngine.TestRunner/NUnitExtensions/Runner/UnityLogCheckDelegatingCommand.cs:24)
UnityEngine.TestRunner.NUnitExtensions.Runner.UnityLogCheckDelegatingCommand:CaptureException (NUnit.Framework.Internal.TestResult,System.Action) (at ./Library/PackageCache/com.unity.test-framework@bd7f943e9647/UnityEngine.TestRunner/NUnitExtensions/Runner/UnityLogCheckDelegatingCommand.cs:72)
UnityEngine.TestRunner.NUnitExtensions.Runner.UnityLogCheckDelegatingCommand:ExecuteAndCheckLog (UnityEngine.TestTools.Logging.LogScope,NUnit.Framework.Internal.TestResult,System.Action) (at ./Library/PackageCache/com.unity.test-framework@bd7f943e9647/UnityEngine.TestRunner/NUnitExtensions/Runner/UnityLogCheckDelegatingCommand.cs:83)
UnityEngine.TestRunner.NUnitExtensions.Runner.UnityLogCheckDelegatingCommand:Execute (NUnit.Framework.Internal.ITestExecutionContext) (at ./Library/PackageCache/com.unity.test-framework@bd7f943e9647/UnityEngine.TestRunner/NUnitExtensions/Runner/UnityLogCheckDelegatingCommand.cs:24)
UnityEngine.TestRunner.NUnitExtensions.Runner.UnityLogCheckDelegatingCommand/<ExecuteEnumerable>d__3:MoveNext () (at ./Library/PackageCache/com.unity.test-framework@bd7f943e9647/UnityEngine.TestRunner/NUnitExtensions/Runner/UnityLogCheckDelegatingCommand.cs:35)
UnityEngine.TestTools.BeforeAfterTestCommandBase`1/<ExecuteEnumerable>d__16<NUnit.Framework.ITestAction>:MoveNext () (at ./Library/PackageCache/com.unity.test-framework@bd7f943e9647/UnityEngine.TestRunner/NUnitExtensions/Commands/BeforeAfterTestCommandBase.cs:212)
UnityEngine.TestTools.ImmediateEnumerableCommand:Execute (NUnit.Framework.Internal.ITestExecutionContext) (at ./Library/PackageCache/com.unity.test-framework@bd7f943e9647/UnityEngine.TestRunner/NUnitExtensions/Commands/ImmediateEnumerableCommand.cs:18)
UnityEngine.TestTools.BeforeAfterTestCommandBase`1/<ExecuteEnumerable>d__16<System.Reflection.MethodInfo>:MoveNext () (at ./Library/PackageCache/com.unity.test-framework@bd7f943e9647/UnityEngine.TestRunner/NUnitExtensions/Commands/BeforeAfterTestCommandBase.cs:219)
UnityEngine.TestTools.BeforeAfterTestCommandBase`1/<ExecuteEnumerable>d__16<System.Reflection.MethodInfo>:MoveNext () (at ./Library/PackageCache/com.unity.test-framework@bd7f943e9647/UnityEngine.TestRunner/NUnitExtensions/Commands/BeforeAfterTestCommandBase.cs:212)
UnityEngine.TestTools.BeforeAfterTestCommandBase`1/<ExecuteEnumerable>d__16<UnityEngine.TestTools.IOuterUnityTestAction>:MoveNext () (at ./Library/PackageCache/com.unity.test-framework@bd7f943e9647/UnityEngine.TestRunner/NUnitExtensions/Commands/BeforeAfterTestCommandBase.cs:212)
UnityEngine.TestTools.RetryCommand/<ExecuteEnumerable>d__2:MoveNext () (at ./Library/PackageCache/com.unity.test-framework@bd7f943e9647/UnityEngine.TestRunner/NUnitExtensions/Commands/RetryCommand.cs:37)
UnityEngine.TestTools.RepeatCommand/<ExecuteEnumerable>d__2:MoveNext () (at ./Library/PackageCache/com.unity.test-framework@bd7f943e9647/UnityEngine.TestRunner/NUnitExtensions/Commands/RepeatCommand.cs:36)
UnityEngine.TestTools.IgnoreTestCommand/<ExecuteEnumerable>d__3:MoveNext () (at ./Library/PackageCache/com.unity.test-framework@bd7f943e9647/UnityEngine.TestRunner/NUnitExtensions/Commands/IgnoreTestCommand.cs:42)
UnityEngine.TestTools.StrictCheckCommand/<ExecuteEnumerable>d__2:MoveNext () (at ./Library/PackageCache/com.unity.test-framework@bd7f943e9647/UnityEngine.TestRunner/NUnitExtensions/Commands/StrictCheckCommand.cs:29)
UnityEngine.TestRunner.NUnitExtensions.Runner.DefaultTestWorkItem/<PerformWork>d__2:MoveNext () (at ./Library/PackageCache/com.unity.test-framework@bd7f943e9647/UnityEngine.TestRunner/NUnitExtensions/Runner/DefaultTestWorkItem.cs:50)
UnityEngine.TestRunner.NUnitExtensions.Runner.CompositeWorkItem/<RunChildren>d__17:MoveNext () (at ./Library/PackageCache/com.unity.test-framework@bd7f943e9647/UnityEngine.TestRunner/NUnitExtensions/Runner/CompositeWorkItem.cs:207)
UnityEngine.TestRunner.NUnitExtensions.Runner.CompositeWorkItem/<PerformWork>d__13:MoveNext () (at ./Library/PackageCache/com.unity.test-framework@bd7f943e9647/UnityEngine.TestRunner/NUnitExtensions/Runner/CompositeWorkItem.cs:82)
UnityEngine.TestRunner.NUnitExtensions.Runner.CompositeWorkItem/<RunChildren>d__17:MoveNext () (at ./Library/PackageCache/com.unity.test-framework@bd7f943e9647/UnityEngine.TestRunner/NUnitExtensions/Runner/CompositeWorkItem.cs:207)
UnityEngine.TestRunner.NUnitExtensions.Runner.CompositeWorkItem/<PerformWork>d__13:MoveNext () (at ./Library/PackageCache/com.unity.test-framework@bd7f943e9647/UnityEngine.TestRunner/NUnitExtensions/Runner/CompositeWorkItem.cs:82)
UnityEngine.TestRunner.NUnitExtensions.Runner.CompositeWorkItem/<RunChildren>d__17:MoveNext () (at ./Library/PackageCache/com.unity.test-framework@bd7f943e9647/UnityEngine.TestRunner/NUnitExtensions/Runner/CompositeWorkItem.cs:207)
UnityEngine.TestRunner.NUnitExtensions.Runner.CompositeWorkItem/<PerformWork>d__13:MoveNext () (at ./Library/PackageCache/com.unity.test-framework@bd7f943e9647/UnityEngine.TestRunner/NUnitExtensions/Runner/CompositeWorkItem.cs:82)
UnityEngine.TestRunner.NUnitExtensions.Runner.CompositeWorkItem/<RunChildren>d__17:MoveNext () (at ./Library/PackageCache/com.unity.test-framework@bd7f943e9647/UnityEngine.TestRunner/NUnitExtensions/Runner/CompositeWorkItem.cs:207)
UnityEngine.TestRunner.NUnitExtensions.Runner.CompositeWorkItem/<PerformWork>d__13:MoveNext () (at ./Library/PackageCache/com.unity.test-framework@bd7f943e9647/UnityEngine.TestRunner/NUnitExtensions/Runner/CompositeWorkItem.cs:82)
UnityEngine.TestRunner.NUnitExtensions.Runner.CompositeWorkItem/<RunChildren>d__17:MoveNext () (at ./Library/PackageCache/com.unity.test-framework@bd7f943e9647/UnityEngine.TestRunner/NUnitExtensions/Runner/CompositeWorkItem.cs:207)
UnityEngine.TestRunner.NUnitExtensions.Runner.CompositeWorkItem/<PerformWork>d__13:MoveNext () (at ./Library/PackageCache/com.unity.test-framework@bd7f943e9647/UnityEngine.TestRunner/NUnitExtensions/Runner/CompositeWorkItem.cs:82)
UnityEngine.TestRunner.NUnitExtensions.Runner.CompositeWorkItem/<RunChildren>d__17:MoveNext () (at ./Library/PackageCache/com.unity.test-framework@bd7f943e9647/UnityEngine.TestRunner/NUnitExtensions/Runner/CompositeWorkItem.cs:207)
UnityEngine.TestRunner.NUnitExtensions.Runner.CompositeWorkItem/<PerformWork>d__13:MoveNext () (at ./Library/PackageCache/com.unity.test-framework@bd7f943e9647/UnityEngine.TestRunner/NUnitExtensions/Runner/CompositeWorkItem.cs:82)
UnityEngine.TestRunner.NUnitExtensions.Runner.CompositeWorkItem/<RunChildren>d__17:MoveNext () (at ./Library/PackageCache/com.unity.test-framework@bd7f943e9647/UnityEngine.TestRunner/NUnitExtensions/Runner/CompositeWorkItem.cs:207)
UnityEngine.TestRunner.NUnitExtensions.Runner.CompositeWorkItem/<PerformWork>d__13:MoveNext () (at ./Library/PackageCache/com.unity.test-framework@bd7f943e9647/UnityEngine.TestRunner/NUnitExtensions/Runner/CompositeWorkItem.cs:82)
UnityEngine.TestRunner.NUnitExtensions.Runner.CompositeWorkItem/<RunChildren>d__17:MoveNext () (at ./Library/PackageCache/com.unity.test-framework@bd7f943e9647/UnityEngine.TestRunner/NUnitExtensions/Runner/CompositeWorkItem.cs:207)
UnityEngine.TestRunner.NUnitExtensions.Runner.CompositeWorkItem/<PerformWork>d__13:MoveNext () (at ./Library/PackageCache/com.unity.test-framework@bd7f943e9647/UnityEngine.TestRunner/NUnitExtensions/Runner/CompositeWorkItem.cs:82)
UnityEditor.TestTools.TestRunner.EditModeRunner:MoveNextAndUpdateYieldObject () (at ./Library/PackageCache/com.unity.test-framework@bd7f943e9647/UnityEditor.TestRunner/TestRunner/EditModeRunner.cs:167)
UnityEditor.TestTools.TestRunner.EditModeRunner:TestConsumer (UnityEditor.TestTools.TestRunner.TestRunnerStateSerializer) (at ./Library/PackageCache/com.unity.test-framework@bd7f943e9647/UnityEditor.TestRunner/TestRunner/EditModeRunner.cs:200)
UnityEditor.TestTools.TestRunner.TestRun.Tasks.EditModeRunTask/<Execute>d__1:MoveNext () (at ./Library/PackageCache/com.unity.test-framework@bd7f943e9647/UnityEditor.TestRunner/TestRun/Tasks/EditModeRunTask.cs:48)
UnityEditor.TestTools.TestRunner.TestRun.TestJobRunner:ExecuteStep () (at ./Library/PackageCache/com.unity.test-framework@bd7f943e9647/UnityEditor.TestRunner/TestRun/TestJobRunner.cs:173)
UnityEditor.TestTools.TestRunner.TestRun.TestJobRunner:ExecuteCallback () (at ./Library/PackageCache/com.unity.test-framework@bd7f943e9647/UnityEditor.TestRunner/TestRun/TestJobRunner.cs:108)
UnityEditor.EditorApplication:Internal_CallUpdateFunctions () (at /Users/bokken/build/output/unity/unity/Editor/Mono/EditorApplication.cs:392)

(Filename: ./Packages/com.xrlab.chooguard.foundation/Multiplayer/Tests/Editor/WorldMotionAdapterTests.cs Line: 109)

World motion traversal 0.3 station_hall_1f -> station_concourse_2f steps=260 seconds=0.5288362
UnityEngine.Debug:ExtractStackTraceNoAlloc (byte*,int,string)
UnityEngine.StackTraceUtility:ExtractStackTrace () (at /Users/bokken/build/output/unity/unity/Runtime/Export/Scripting/StackTrace.cs:35)
UnityEngine.DebugLogHandler:Internal_Log (UnityEngine.LogType,UnityEngine.LogOption,string,UnityEngine.Object)
UnityEngine.DebugLogHandler:LogFormat (UnityEngine.LogType,UnityEngine.Object,string,object[])
UnityEngine.Logger:Log (UnityEngine.LogType,object)
UnityEngine.Debug:Log (object)
ChooGuard.Foundation.Multiplayer.Tests.WorldMotionAdapterTests:BothProfilesTraverseAllThirteenRegionsAndAllTwentyFourPortalDirections (string,bool,double) (at ./Packages/com.xrlab.chooguard.foundation/Multiplayer/Tests/Editor/WorldMotionAdapterTests.cs:109)
System.Reflection.RuntimeMethodInfo:Invoke (object,System.Reflection.BindingFlags,System.Reflection.Binder,object[],System.Globalization.CultureInfo)
System.Reflection.MethodBase:Invoke (object,object[])
NUnit.Framework.Internal.Reflect:InvokeMethod (System.Reflection.MethodInfo,object,object[])
NUnit.Framework.Internal.MethodWrapper:Invoke (object,object[])
NUnit.Framework.Internal.Commands.TestMethodCommand:RunNonAsyncTestMethod (NUnit.Framework.Internal.ITestExecutionContext)
NUnit.Framework.Internal.Commands.TestMethodCommand:RunTestMethod (NUnit.Framework.Internal.ITestExecutionContext)
NUnit.Framework.Internal.Commands.TestMethodCommand:Execute (NUnit.Framework.Internal.ITestExecutionContext)
UnityEngine.TestTools.UnityTestMethodCommand:Execute (NUnit.Framework.Internal.ITestExecutionContext) (at ./Library/PackageCache/com.unity.test-framework@bd7f943e9647/UnityEngine.TestRunner/NUnitExtensions/Commands/UnityTestMethodCommand.cs:19)
UnityEngine.TestRunner.NUnitExtensions.Runner.UnityLogCheckDelegatingCommand/<>c__DisplayClass2_0:<Execute>b__0 () (at ./Library/PackageCache/com.unity.test-framework@bd7f943e9647/UnityEngine.TestRunner/NUnitExtensions/Runner/UnityLogCheckDelegatingCommand.cs:24)
UnityEngine.TestRunner.NUnitExtensions.Runner.UnityLogCheckDelegatingCommand:CaptureException (NUnit.Framework.Internal.TestResult,System.Action) (at ./Library/PackageCache/com.unity.test-framework@bd7f943e9647/UnityEngine.TestRunner/NUnitExtensions/Runner/UnityLogCheckDelegatingCommand.cs:72)
UnityEngine.TestRunner.NUnitExtensions.Runner.UnityLogCheckDelegatingCommand:ExecuteAndCheckLog (UnityEngine.TestTools.Logging.LogScope,NUnit.Framework.Internal.TestResult,System.Action) (at ./Library/PackageCache/com.unity.test-framework@bd7f943e9647/UnityEngine.TestRunner/NUnitExtensions/Runner/UnityLogCheckDelegatingCommand.cs:83)
UnityEngine.TestRunner.NUnitExtensions.Runner.UnityLogCheckDelegatingCommand:Execute (NUnit.Framework.Internal.ITestExecutionContext) (at ./Library/PackageCache/com.unity.test-framework@bd7f943e9647/UnityEngine.TestRunner/NUnitExtensions/Runner/UnityLogCheckDelegatingCommand.cs:24)
UnityEngine.TestRunner.NUnitExtensions.Runner.UnityLogCheckDelegatingCommand/<ExecuteEnumerable>d__3:MoveNext () (at ./Library/PackageCache/com.unity.test-framework@bd7f943e9647/UnityEngine.TestRunner/NUnitExtensions/Runner/UnityLogCheckDelegatingCommand.cs:35)
UnityEngine.TestTools.BeforeAfterTestCommandBase`1/<ExecuteEnumerable>d__16<NUnit.Framework.ITestAction>:MoveNext () (at ./Library/PackageCache/com.unity.test-framework@bd7f943e9647/UnityEngine.TestRunner/NUnitExtensions/Commands/BeforeAfterTestCommandBase.cs:212)
UnityEngine.TestTools.ImmediateEnumerableCommand:Execute (NUnit.Framework.Internal.ITestExecutionContext) (at ./Library/PackageCache/com.unity.test-framework@bd7f943e9647/UnityEngine.TestRunner/NUnitExtensions/Commands/ImmediateEnumerableCommand.cs:18)
UnityEngine.TestTools.BeforeAfterTestCommandBase`1/<ExecuteEnumerable>d__16<System.Reflection.MethodInfo>:MoveNext () (at ./Library/PackageCache/com.unity.test-framework@bd7f943e9647/UnityEngine.TestRunner/NUnitExtensions/Commands/BeforeAfterTestCommandBase.cs:219)
UnityEngine.TestTools.BeforeAfterTestCommandBase`1/<ExecuteEnumerable>d__16<System.Reflection.MethodInfo>:MoveNext () (at ./Library/PackageCache/com.unity.test-framework@bd7f943e9647/UnityEngine.TestRunner/NUnitExtensions/Commands/BeforeAfterTestCommandBase.cs:212)
UnityEngine.TestTools.BeforeAfterTestCommandBase`1/<ExecuteEnumerable>d__16<UnityEngine.TestTools.IOuterUnityTestAction>:MoveNext () (at ./Library/PackageCache/com.unity.test-framework@bd7f943e9647/UnityEngine.TestRunner/NUnitExtensions/Commands/BeforeAfterTestCommandBase.cs:212)
UnityEngine.TestTools.RetryCommand/<ExecuteEnumerable>d__2:MoveNext () (at ./Library/PackageCache/com.unity.test-framework@bd7f943e9647/UnityEngine.TestRunner/NUnitExtensions/Commands/RetryCommand.cs:37)
UnityEngine.TestTools.RepeatCommand/<ExecuteEnumerable>d__2:MoveNext () (at ./Library/PackageCache/com.unity.test-framework@bd7f943e9647/UnityEngine.TestRunner/NUnitExtensions/Commands/RepeatCommand.cs:36)
UnityEngine.TestTools.IgnoreTestCommand/<ExecuteEnumerable>d__3:MoveNext () (at ./Library/PackageCache/com.unity.test-framework@bd7f943e9647/UnityEngine.TestRunner/NUnitExtensions/Commands/IgnoreTestCommand.cs:42)
UnityEngine.TestTools.StrictCheckCommand/<ExecuteEnumerable>d__2:MoveNext () (at ./Library/PackageCache/com.unity.test-framework@bd7f943e9647/UnityEngine.TestRunner/NUnitExtensions/Commands/StrictCheckCommand.cs:29)
UnityEngine.TestRunner.NUnitExtensions.Runner.DefaultTestWorkItem/<PerformWork>d__2:MoveNext () (at ./Library/PackageCache/com.unity.test-framework@bd7f943e9647/UnityEngine.TestRunner/NUnitExtensions/Runner/DefaultTestWorkItem.cs:50)
UnityEngine.TestRunner.NUnitExtensions.Runner.CompositeWorkItem/<RunChildren>d__17:MoveNext () (at ./Library/PackageCache/com.unity.test-framework@bd7f943e9647/UnityEngine.TestRunner/NUnitExtensions/Runner/CompositeWorkItem.cs:207)
UnityEngine.TestRunner.NUnitExtensions.Runner.CompositeWorkItem/<PerformWork>d__13:MoveNext () (at ./Library/PackageCache/com.unity.test-framework@bd7f943e9647/UnityEngine.TestRunner/NUnitExtensions/Runner/CompositeWorkItem.cs:82)
UnityEngine.TestRunner.NUnitExtensions.Runner.CompositeWorkItem/<RunChildren>d__17:MoveNext () (at ./Library/PackageCache/com.unity.test-framework@bd7f943e9647/UnityEngine.TestRunner/NUnitExtensions/Runner/CompositeWorkItem.cs:207)
UnityEngine.TestRunner.NUnitExtensions.Runner.CompositeWorkItem/<PerformWork>d__13:MoveNext () (at ./Library/PackageCache/com.unity.test-framework@bd7f943e9647/UnityEngine.TestRunner/NUnitExtensions/Runner/CompositeWorkItem.cs:82)
UnityEngine.TestRunner.NUnitExtensions.Runner.CompositeWorkItem/<RunChildren>d__17:MoveNext () (at ./Library/PackageCache/com.unity.test-framework@bd7f943e9647/UnityEngine.TestRunner/NUnitExtensions/Runner/CompositeWorkItem.cs:207)
UnityEngine.TestRunner.NUnitExtensions.Runner.CompositeWorkItem/<PerformWork>d__13:MoveNext () (at ./Library/PackageCache/com.unity.test-framework@bd7f943e9647/UnityEngine.TestRunner/NUnitExtensions/Runner/CompositeWorkItem.cs:82)
UnityEngine.TestRunner.NUnitExtensions.Runner.CompositeWorkItem/<RunChildren>d__17:MoveNext () (at ./Library/PackageCache/com.unity.test-framework@bd7f943e9647/UnityEngine.TestRunner/NUnitExtensions/Runner/CompositeWorkItem.cs:207)
UnityEngine.TestRunner.NUnitExtensions.Runner.CompositeWorkItem/<PerformWork>d__13:MoveNext () (at ./Library/PackageCache/com.unity.test-framework@bd7f943e9647/UnityEngine.TestRunner/NUnitExtensions/Runner/CompositeWorkItem.cs:82)
UnityEngine.TestRunner.NUnitExtensions.Runner.CompositeWorkItem/<RunChildren>d__17:MoveNext () (at ./Library/PackageCache/com.unity.test-framework@bd7f943e9647/UnityEngine.TestRunner/NUnitExtensions/Runner/CompositeWorkItem.cs:207)
UnityEngine.TestRunner.NUnitExtensions.Runner.CompositeWorkItem/<PerformWork>d__13:MoveNext () (at ./Library/PackageCache/com.unity.test-framework@bd7f943e9647/UnityEngine.TestRunner/NUnitExtensions/Runner/CompositeWorkItem.cs:82)
UnityEngine.TestRunner.NUnitExtensions.Runner.CompositeWorkItem/<RunChildren>d__17:MoveNext () (at ./Library/PackageCache/com.unity.test-framework@bd7f943e9647/UnityEngine.TestRunner/NUnitExtensions/Runner/CompositeWorkItem.cs:207)
UnityEngine.TestRunner.NUnitExtensions.Runner.CompositeWorkItem/<PerformWork>d__13:MoveNext () (at ./Library/PackageCache/com.unity.test-framework@bd7f943e9647/UnityEngine.TestRunner/NUnitExtensions/Runner/CompositeWorkItem.cs:82)
UnityEngine.TestRunner.NUnitExtensions.Runner.CompositeWorkItem/<RunChildren>d__17:MoveNext () (at ./Library/PackageCache/com.unity.test-framework@bd7f943e9647/UnityEngine.TestRunner/NUnitExtensions/Runner/CompositeWorkItem.cs:207)
UnityEngine.TestRunner.NUnitExtensions.Runner.CompositeWorkItem/<PerformWork>d__13:MoveNext () (at ./Library/PackageCache/com.unity.test-framework@bd7f943e9647/UnityEngine.TestRunner/NUnitExtensions/Runner/CompositeWorkItem.cs:82)
UnityEngine.TestRunner.NUnitExtensions.Runner.CompositeWorkItem/<RunChildren>d__17:MoveNext () (at ./Library/PackageCache/com.unity.test-framework@bd7f943e9647/UnityEngine.TestRunner/NUnitExtensions/Runner/CompositeWorkItem.cs:207)
UnityEngine.TestRunner.NUnitExtensions.Runner.CompositeWorkItem/<PerformWork>d__13:MoveNext () (at ./Library/PackageCache/com.unity.test-framework@bd7f943e9647/UnityEngine.TestRunner/NUnitExtensions/Runner/CompositeWorkItem.cs:82)
UnityEditor.TestTools.TestRunner.EditModeRunner:MoveNextAndUpdateYieldObject () (at ./Library/PackageCache/com.unity.test-framework@bd7f943e9647/UnityEditor.TestRunner/TestRunner/EditModeRunner.cs:167)
UnityEditor.TestTools.TestRunner.EditModeRunner:TestConsumer (UnityEditor.TestTools.TestRunner.TestRunnerStateSerializer) (at ./Library/PackageCache/com.unity.test-framework@bd7f943e9647/UnityEditor.TestRunner/TestRunner/EditModeRunner.cs:200)
UnityEditor.TestTools.TestRunner.TestRun.Tasks.EditModeRunTask/<Execute>d__1:MoveNext () (at ./Library/PackageCache/com.unity.test-framework@bd7f943e9647/UnityEditor.TestRunner/TestRun/Tasks/EditModeRunTask.cs:48)
UnityEditor.TestTools.TestRunner.TestRun.TestJobRunner:ExecuteStep () (at ./Library/PackageCache/com.unity.test-framework@bd7f943e9647/UnityEditor.TestRunner/TestRun/TestJobRunner.cs:173)
UnityEditor.TestTools.TestRunner.TestRun.TestJobRunner:ExecuteCallback () (at ./Library/PackageCache/com.unity.test-framework@bd7f943e9647/UnityEditor.TestRunner/TestRun/TestJobRunner.cs:108)
UnityEditor.EditorApplication:Internal_CallUpdateFunctions () (at /Users/bokken/build/output/unity/unity/Editor/Mono/EditorApplication.cs:392)

(Filename: ./Packages/com.xrlab.chooguard.foundation/Multiplayer/Tests/Editor/WorldMotionAdapterTests.cs Line: 109)

World motion traversal 0.3 station_concourse_2f -> station_hall_1f steps=260 seconds=0.5509256
UnityEngine.Debug:ExtractStackTraceNoAlloc (byte*,int,string)
UnityEngine.StackTraceUtility:ExtractStackTrace () (at /Users/bokken/build/output/unity/unity/Runtime/Export/Scripting/StackTrace.cs:35)
UnityEngine.DebugLogHandler:Internal_Log (UnityEngine.LogType,UnityEngine.LogOption,string,UnityEngine.Object)
UnityEngine.DebugLogHandler:LogFormat (UnityEngine.LogType,UnityEngine.Object,string,object[])
UnityEngine.Logger:Log (UnityEngine.LogType,object)
UnityEngine.Debug:Log (object)
ChooGuard.Foundation.Multiplayer.Tests.WorldMotionAdapterTests:BothProfilesTraverseAllThirteenRegionsAndAllTwentyFourPortalDirections (string,bool,double) (at ./Packages/com.xrlab.chooguard.foundation/Multiplayer/Tests/Editor/WorldMotionAdapterTests.cs:109)
System.Reflection.RuntimeMethodInfo:Invoke (object,System.Reflection.BindingFlags,System.Reflection.Binder,object[],System.Globalization.CultureInfo)
System.Reflection.MethodBase:Invoke (object,object[])
NUnit.Framework.Internal.Reflect:InvokeMethod (System.Reflection.MethodInfo,object,object[])
NUnit.Framework.Internal.MethodWrapper:Invoke (object,object[])
NUnit.Framework.Internal.Commands.TestMethodCommand:RunNonAsyncTestMethod (NUnit.Framework.Internal.ITestExecutionContext)
NUnit.Framework.Internal.Commands.TestMethodCommand:RunTestMethod (NUnit.Framework.Internal.ITestExecutionContext)
NUnit.Framework.Internal.Commands.TestMethodCommand:Execute (NUnit.Framework.Internal.ITestExecutionContext)
UnityEngine.TestTools.UnityTestMethodCommand:Execute (NUnit.Framework.Internal.ITestExecutionContext) (at ./Library/PackageCache/com.unity.test-framework@bd7f943e9647/UnityEngine.TestRunner/NUnitExtensions/Commands/UnityTestMethodCommand.cs:19)
UnityEngine.TestRunner.NUnitExtensions.Runner.UnityLogCheckDelegatingCommand/<>c__DisplayClass2_0:<Execute>b__0 () (at ./Library/PackageCache/com.unity.test-framework@bd7f943e9647/UnityEngine.TestRunner/NUnitExtensions/Runner/UnityLogCheckDelegatingCommand.cs:24)
UnityEngine.TestRunner.NUnitExtensions.Runner.UnityLogCheckDelegatingCommand:CaptureException (NUnit.Framework.Internal.TestResult,System.Action) (at ./Library/PackageCache/com.unity.test-framework@bd7f943e9647/UnityEngine.TestRunner/NUnitExtensions/Runner/UnityLogCheckDelegatingCommand.cs:72)
UnityEngine.TestRunner.NUnitExtensions.Runner.UnityLogCheckDelegatingCommand:ExecuteAndCheckLog (UnityEngine.TestTools.Logging.LogScope,NUnit.Framework.Internal.TestResult,System.Action) (at ./Library/PackageCache/com.unity.test-framework@bd7f943e9647/UnityEngine.TestRunner/NUnitExtensions/Runner/UnityLogCheckDelegatingCommand.cs:83)
UnityEngine.TestRunner.NUnitExtensions.Runner.UnityLogCheckDelegatingCommand:Execute (NUnit.Framework.Internal.ITestExecutionContext) (at ./Library/PackageCache/com.unity.test-framework@bd7f943e9647/UnityEngine.TestRunner/NUnitExtensions/Runner/UnityLogCheckDelegatingCommand.cs:24)
UnityEngine.TestRunner.NUnitExtensions.Runner.UnityLogCheckDelegatingCommand/<ExecuteEnumerable>d__3:MoveNext () (at ./Library/PackageCache/com.unity.test-framework@bd7f943e9647/UnityEngine.TestRunner/NUnitExtensions/Runner/UnityLogCheckDelegatingCommand.cs:35)
UnityEngine.TestTools.BeforeAfterTestCommandBase`1/<ExecuteEnumerable>d__16<NUnit.Framework.ITestAction>:MoveNext () (at ./Library/PackageCache/com.unity.test-framework@bd7f943e9647/UnityEngine.TestRunner/NUnitExtensions/Commands/BeforeAfterTestCommandBase.cs:212)
UnityEngine.TestTools.ImmediateEnumerableCommand:Execute (NUnit.Framework.Internal.ITestExecutionContext) (at ./Library/PackageCache/com.unity.test-framework@bd7f943e9647/UnityEngine.TestRunner/NUnitExtensions/Commands/ImmediateEnumerableCommand.cs:18)
UnityEngine.TestTools.BeforeAfterTestCommandBase`1/<ExecuteEnumerable>d__16<System.Reflection.MethodInfo>:MoveNext () (at ./Library/PackageCache/com.unity.test-framework@bd7f943e9647/UnityEngine.TestRunner/NUnitExtensions/Commands/BeforeAfterTestCommandBase.cs:219)
UnityEngine.TestTools.BeforeAfterTestCommandBase`1/<ExecuteEnumerable>d__16<System.Reflection.MethodInfo>:MoveNext () (at ./Library/PackageCache/com.unity.test-framework@bd7f943e9647/UnityEngine.TestRunner/NUnitExtensions/Commands/BeforeAfterTestCommandBase.cs:212)
UnityEngine.TestTools.BeforeAfterTestCommandBase`1/<ExecuteEnumerable>d__16<UnityEngine.TestTools.IOuterUnityTestAction>:MoveNext () (at ./Library/PackageCache/com.unity.test-framework@bd7f943e9647/UnityEngine.TestRunner/NUnitExtensions/Commands/BeforeAfterTestCommandBase.cs:212)
UnityEngine.TestTools.RetryCommand/<ExecuteEnumerable>d__2:MoveNext () (at ./Library/PackageCache/com.unity.test-framework@bd7f943e9647/UnityEngine.TestRunner/NUnitExtensions/Commands/RetryCommand.cs:37)
UnityEngine.TestTools.RepeatCommand/<ExecuteEnumerable>d__2:MoveNext () (at ./Library/PackageCache/com.unity.test-framework@bd7f943e9647/UnityEngine.TestRunner/NUnitExtensions/Commands/RepeatCommand.cs:36)
UnityEngine.TestTools.IgnoreTestCommand/<ExecuteEnumerable>d__3:MoveNext () (at ./Library/PackageCache/com.unity.test-framework@bd7f943e9647/UnityEngine.TestRunner/NUnitExtensions/Commands/IgnoreTestCommand.cs:42)
UnityEngine.TestTools.StrictCheckCommand/<ExecuteEnumerable>d__2:MoveNext () (at ./Library/PackageCache/com.unity.test-framework@bd7f943e9647/UnityEngine.TestRunner/NUnitExtensions/Commands/StrictCheckCommand.cs:29)
UnityEngine.TestRunner.NUnitExtensions.Runner.DefaultTestWorkItem/<PerformWork>d__2:MoveNext () (at ./Library/PackageCache/com.unity.test-framework@bd7f943e9647/UnityEngine.TestRunner/NUnitExtensions/Runner/DefaultTestWorkItem.cs:50)
UnityEngine.TestRunner.NUnitExtensions.Runner.CompositeWorkItem/<RunChildren>d__17:MoveNext () (at ./Library/PackageCache/com.unity.test-framework@bd7f943e9647/UnityEngine.TestRunner/NUnitExtensions/Runner/CompositeWorkItem.cs:207)
UnityEngine.TestRunner.NUnitExtensions.Runner.CompositeWorkItem/<PerformWork>d__13:MoveNext () (at ./Library/PackageCache/com.unity.test-framework@bd7f943e9647/UnityEngine.TestRunner/NUnitExtensions/Runner/CompositeWorkItem.cs:82)
UnityEngine.TestRunner.NUnitExtensions.Runner.CompositeWorkItem/<RunChildren>d__17:MoveNext () (at ./Library/PackageCache/com.unity.test-framework@bd7f943e9647/UnityEngine.TestRunner/NUnitExtensions/Runner/CompositeWorkItem.cs:207)
UnityEngine.TestRunner.NUnitExtensions.Runner.CompositeWorkItem/<PerformWork>d__13:MoveNext () (at ./Library/PackageCache/com.unity.test-framework@bd7f943e9647/UnityEngine.TestRunner/NUnitExtensions/Runner/CompositeWorkItem.cs:82)
UnityEngine.TestRunner.NUnitExtensions.Runner.CompositeWorkItem/<RunChildren>d__17:MoveNext () (at ./Library/PackageCache/com.unity.test-framework@bd7f943e9647/UnityEngine.TestRunner/NUnitExtensions/Runner/CompositeWorkItem.cs:207)
UnityEngine.TestRunner.NUnitExtensions.Runner.CompositeWorkItem/<PerformWork>d__13:MoveNext () (at ./Library/PackageCache/com.unity.test-framework@bd7f943e9647/UnityEngine.TestRunner/NUnitExtensions/Runner/CompositeWorkItem.cs:82)
UnityEngine.TestRunner.NUnitExtensions.Runner.CompositeWorkItem/<RunChildren>d__17:MoveNext () (at ./Library/PackageCache/com.unity.test-framework@bd7f943e9647/UnityEngine.TestRunner/NUnitExtensions/Runner/CompositeWorkItem.cs:207)
UnityEngine.TestRunner.NUnitExtensions.Runner.CompositeWorkItem/<PerformWork>d__13:MoveNext () (at ./Library/PackageCache/com.unity.test-framework@bd7f943e9647/UnityEngine.TestRunner/NUnitExtensions/Runner/CompositeWorkItem.cs:82)
UnityEngine.TestRunner.NUnitExtensions.Runner.CompositeWorkItem/<RunChildren>d__17:MoveNext () (at ./Library/PackageCache/com.unity.test-framework@bd7f943e9647/UnityEngine.TestRunner/NUnitExtensions/Runner/CompositeWorkItem.cs:207)
UnityEngine.TestRunner.NUnitExtensions.Runner.CompositeWorkItem/<PerformWork>d__13:MoveNext () (at ./Library/PackageCache/com.unity.test-framework@bd7f943e9647/UnityEngine.TestRunner/NUnitExtensions/Runner/CompositeWorkItem.cs:82)
UnityEngine.TestRunner.NUnitExtensions.Runner.CompositeWorkItem/<RunChildren>d__17:MoveNext () (at ./Library/PackageCache/com.unity.test-framework@bd7f943e9647/UnityEngine.TestRunner/NUnitExtensions/Runner/CompositeWorkItem.cs:207)
UnityEngine.TestRunner.NUnitExtensions.Runner.CompositeWorkItem/<PerformWork>d__13:MoveNext () (at ./Library/PackageCache/com.unity.test-framework@bd7f943e9647/UnityEngine.TestRunner/NUnitExtensions/Runner/CompositeWorkItem.cs:82)
UnityEngine.TestRunner.NUnitExtensions.Runner.CompositeWorkItem/<RunChildren>d__17:MoveNext () (at ./Library/PackageCache/com.unity.test-framework@bd7f943e9647/UnityEngine.TestRunner/NUnitExtensions/Runner/CompositeWorkItem.cs:207)
UnityEngine.TestRunner.NUnitExtensions.Runner.CompositeWorkItem/<PerformWork>d__13:MoveNext () (at ./Library/PackageCache/com.unity.test-framework@bd7f943e9647/UnityEngine.TestRunner/NUnitExtensions/Runner/CompositeWorkItem.cs:82)
UnityEngine.TestRunner.NUnitExtensions.Runner.CompositeWorkItem/<RunChildren>d__17:MoveNext () (at ./Library/PackageCache/com.unity.test-framework@bd7f943e9647/UnityEngine.TestRunner/NUnitExtensions/Runner/CompositeWorkItem.cs:207)
UnityEngine.TestRunner.NUnitExtensions.Runner.CompositeWorkItem/<PerformWork>d__13:MoveNext () (at ./Library/PackageCache/com.unity.test-framework@bd7f943e9647/UnityEngine.TestRunner/NUnitExtensions/Runner/CompositeWorkItem.cs:82)
UnityEditor.TestTools.TestRunner.EditModeRunner:MoveNextAndUpdateYieldObject () (at ./Library/PackageCache/com.unity.test-framework@bd7f943e9647/UnityEditor.TestRunner/TestRunner/EditModeRunner.cs:167)
UnityEditor.TestTools.TestRunner.EditModeRunner:TestConsumer (UnityEditor.TestTools.TestRunner.TestRunnerStateSerializer) (at ./Library/PackageCache/com.unity.test-framework@bd7f943e9647/UnityEditor.TestRunner/TestRunner/EditModeRunner.cs:200)
UnityEditor.TestTools.TestRunner.TestRun.Tasks.EditModeRunTask/<Execute>d__1:MoveNext () (at ./Library/PackageCache/com.unity.test-framework@bd7f943e9647/UnityEditor.TestRunner/TestRun/Tasks/EditModeRunTask.cs:48)
UnityEditor.TestTools.TestRunner.TestRun.TestJobRunner:ExecuteStep () (at ./Library/PackageCache/com.unity.test-framework@bd7f943e9647/UnityEditor.TestRunner/TestRun/TestJobRunner.cs:173)
UnityEditor.TestTools.TestRunner.TestRun.TestJobRunner:ExecuteCallback () (at ./Library/PackageCache/com.unity.test-framework@bd7f943e9647/UnityEditor.TestRunner/TestRun/TestJobRunner.cs:108)
UnityEditor.EditorApplication:Internal_CallUpdateFunctions () (at /Users/bokken/build/output/unity/unity/Editor/Mono/EditorApplication.cs:392)

(Filename: ./Packages/com.xrlab.chooguard.foundation/Multiplayer/Tests/Editor/WorldMotionAdapterTests.cs Line: 109)

World motion traversal 0.3 station_ticket_area -> rail_terminal_public steps=227 seconds=0.4331718
UnityEngine.Debug:ExtractStackTraceNoAlloc (byte*,int,string)
UnityEngine.StackTraceUtility:ExtractStackTrace () (at /Users/bokken/build/output/unity/unity/Runtime/Export/Scripting/StackTrace.cs:35)
UnityEngine.DebugLogHandler:Internal_Log (UnityEngine.LogType,UnityEngine.LogOption,string,UnityEngine.Object)
UnityEngine.DebugLogHandler:LogFormat (UnityEngine.LogType,UnityEngine.Object,string,object[])
UnityEngine.Logger:Log (UnityEngine.LogType,object)
UnityEngine.Debug:Log (object)
ChooGuard.Foundation.Multiplayer.Tests.WorldMotionAdapterTests:BothProfilesTraverseAllThirteenRegionsAndAllTwentyFourPortalDirections (string,bool,double) (at ./Packages/com.xrlab.chooguard.foundation/Multiplayer/Tests/Editor/WorldMotionAdapterTests.cs:109)
System.Reflection.RuntimeMethodInfo:Invoke (object,System.Reflection.BindingFlags,System.Reflection.Binder,object[],System.Globalization.CultureInfo)
System.Reflection.MethodBase:Invoke (object,object[])
NUnit.Framework.Internal.Reflect:InvokeMethod (System.Reflection.MethodInfo,object,object[])
NUnit.Framework.Internal.MethodWrapper:Invoke (object,object[])
NUnit.Framework.Internal.Commands.TestMethodCommand:RunNonAsyncTestMethod (NUnit.Framework.Internal.ITestExecutionContext)
NUnit.Framework.Internal.Commands.TestMethodCommand:RunTestMethod (NUnit.Framework.Internal.ITestExecutionContext)
NUnit.Framework.Internal.Commands.TestMethodCommand:Execute (NUnit.Framework.Internal.ITestExecutionContext)
UnityEngine.TestTools.UnityTestMethodCommand:Execute (NUnit.Framework.Internal.ITestExecutionContext) (at ./Library/PackageCache/com.unity.test-framework@bd7f943e9647/UnityEngine.TestRunner/NUnitExtensions/Commands/UnityTestMethodCommand.cs:19)
UnityEngine.TestRunner.NUnitExtensions.Runner.UnityLogCheckDelegatingCommand/<>c__DisplayClass2_0:<Execute>b__0 () (at ./Library/PackageCache/com.unity.test-framework@bd7f943e9647/UnityEngine.TestRunner/NUnitExtensions/Runner/UnityLogCheckDelegatingCommand.cs:24)
UnityEngine.TestRunner.NUnitExtensions.Runner.UnityLogCheckDelegatingCommand:CaptureException (NUnit.Framework.Internal.TestResult,System.Action) (at ./Library/PackageCache/com.unity.test-framework@bd7f943e9647/UnityEngine.TestRunner/NUnitExtensions/Runner/UnityLogCheckDelegatingCommand.cs:72)
UnityEngine.TestRunner.NUnitExtensions.Runner.UnityLogCheckDelegatingCommand:ExecuteAndCheckLog (UnityEngine.TestTools.Logging.LogScope,NUnit.Framework.Internal.TestResult,System.Action) (at ./Library/PackageCache/com.unity.test-framework@bd7f943e9647/UnityEngine.TestRunner/NUnitExtensions/Runner/UnityLogCheckDelegatingCommand.cs:83)
UnityEngine.TestRunner.NUnitExtensions.Runner.UnityLogCheckDelegatingCommand:Execute (NUnit.Framework.Internal.ITestExecutionContext) (at ./Library/PackageCache/com.unity.test-framework@bd7f943e9647/UnityEngine.TestRunner/NUnitExtensions/Runner/UnityLogCheckDelegatingCommand.cs:24)
UnityEngine.TestRunner.NUnitExtensions.Runner.UnityLogCheckDelegatingCommand/<ExecuteEnumerable>d__3:MoveNext () (at ./Library/PackageCache/com.unity.test-framework@bd7f943e9647/UnityEngine.TestRunner/NUnitExtensions/Runner/UnityLogCheckDelegatingCommand.cs:35)
UnityEngine.TestTools.BeforeAfterTestCommandBase`1/<ExecuteEnumerable>d__16<NUnit.Framework.ITestAction>:MoveNext () (at ./Library/PackageCache/com.unity.test-framework@bd7f943e9647/UnityEngine.TestRunner/NUnitExtensions/Commands/BeforeAfterTestCommandBase.cs:212)
UnityEngine.TestTools.ImmediateEnumerableCommand:Execute (NUnit.Framework.Internal.ITestExecutionContext) (at ./Library/PackageCache/com.unity.test-framework@bd7f943e9647/UnityEngine.TestRunner/NUnitExtensions/Commands/ImmediateEnumerableCommand.cs:18)
UnityEngine.TestTools.BeforeAfterTestCommandBase`1/<ExecuteEnumerable>d__16<System.Reflection.MethodInfo>:MoveNext () (at ./Library/PackageCache/com.unity.test-framework@bd7f943e9647/UnityEngine.TestRunner/NUnitExtensions/Commands/BeforeAfterTestCommandBase.cs:219)
UnityEngine.TestTools.BeforeAfterTestCommandBase`1/<ExecuteEnumerable>d__16<System.Reflection.MethodInfo>:MoveNext () (at ./Library/PackageCache/com.unity.test-framework@bd7f943e9647/UnityEngine.TestRunner/NUnitExtensions/Commands/BeforeAfterTestCommandBase.cs:212)
UnityEngine.TestTools.BeforeAfterTestCommandBase`1/<ExecuteEnumerable>d__16<UnityEngine.TestTools.IOuterUnityTestAction>:MoveNext () (at ./Library/PackageCache/com.unity.test-framework@bd7f943e9647/UnityEngine.TestRunner/NUnitExtensions/Commands/BeforeAfterTestCommandBase.cs:212)
UnityEngine.TestTools.RetryCommand/<ExecuteEnumerable>d__2:MoveNext () (at ./Library/PackageCache/com.unity.test-framework@bd7f943e9647/UnityEngine.TestRunner/NUnitExtensions/Commands/RetryCommand.cs:37)
UnityEngine.TestTools.RepeatCommand/<ExecuteEnumerable>d__2:MoveNext () (at ./Library/PackageCache/com.unity.test-framework@bd7f943e9647/UnityEngine.TestRunner/NUnitExtensions/Commands/RepeatCommand.cs:36)
UnityEngine.TestTools.IgnoreTestCommand/<ExecuteEnumerable>d__3:MoveNext () (at ./Library/PackageCache/com.unity.test-framework@bd7f943e9647/UnityEngine.TestRunner/NUnitExtensions/Commands/IgnoreTestCommand.cs:42)
UnityEngine.TestTools.StrictCheckCommand/<ExecuteEnumerable>d__2:MoveNext () (at ./Library/PackageCache/com.unity.test-framework@bd7f943e9647/UnityEngine.TestRunner/NUnitExtensions/Commands/StrictCheckCommand.cs:29)
UnityEngine.TestRunner.NUnitExtensions.Runner.DefaultTestWorkItem/<PerformWork>d__2:MoveNext () (at ./Library/PackageCache/com.unity.test-framework@bd7f943e9647/UnityEngine.TestRunner/NUnitExtensions/Runner/DefaultTestWorkItem.cs:50)
UnityEngine.TestRunner.NUnitExtensions.Runner.CompositeWorkItem/<RunChildren>d__17:MoveNext () (at ./Library/PackageCache/com.unity.test-framework@bd7f943e9647/UnityEngine.TestRunner/NUnitExtensions/Runner/CompositeWorkItem.cs:207)
UnityEngine.TestRunner.NUnitExtensions.Runner.CompositeWorkItem/<PerformWork>d__13:MoveNext () (at ./Library/PackageCache/com.unity.test-framework@bd7f943e9647/UnityEngine.TestRunner/NUnitExtensions/Runner/CompositeWorkItem.cs:82)
UnityEngine.TestRunner.NUnitExtensions.Runner.CompositeWorkItem/<RunChildren>d__17:MoveNext () (at ./Library/PackageCache/com.unity.test-framework@bd7f943e9647/UnityEngine.TestRunner/NUnitExtensions/Runner/CompositeWorkItem.cs:207)
UnityEngine.TestRunner.NUnitExtensions.Runner.CompositeWorkItem/<PerformWork>d__13:MoveNext () (at ./Library/PackageCache/com.unity.test-framework@bd7f943e9647/UnityEngine.TestRunner/NUnitExtensions/Runner/CompositeWorkItem.cs:82)
UnityEngine.TestRunner.NUnitExtensions.Runner.CompositeWorkItem/<RunChildren>d__17:MoveNext () (at ./Library/PackageCache/com.unity.test-framework@bd7f943e9647/UnityEngine.TestRunner/NUnitExtensions/Runner/CompositeWorkItem.cs:207)
UnityEngine.TestRunner.NUnitExtensions.Runner.CompositeWorkItem/<PerformWork>d__13:MoveNext () (at ./Library/PackageCache/com.unity.test-framework@bd7f943e9647/UnityEngine.TestRunner/NUnitExtensions/Runner/CompositeWorkItem.cs:82)
UnityEngine.TestRunner.NUnitExtensions.Runner.CompositeWorkItem/<RunChildren>d__17:MoveNext () (at ./Library/PackageCache/com.unity.test-framework@bd7f943e9647/UnityEngine.TestRunner/NUnitExtensions/Runner/CompositeWorkItem.cs:207)
UnityEngine.TestRunner.NUnitExtensions.Runner.CompositeWorkItem/<PerformWork>d__13:MoveNext () (at ./Library/PackageCache/com.unity.test-framework@bd7f943e9647/UnityEngine.TestRunner/NUnitExtensions/Runner/CompositeWorkItem.cs:82)
UnityEngine.TestRunner.NUnitExtensions.Runner.CompositeWorkItem/<RunChildren>d__17:MoveNext () (at ./Library/PackageCache/com.unity.test-framework@bd7f943e9647/UnityEngine.TestRunner/NUnitExtensions/Runner/CompositeWorkItem.cs:207)
UnityEngine.TestRunner.NUnitExtensions.Runner.CompositeWorkItem/<PerformWork>d__13:MoveNext () (at ./Library/PackageCache/com.unity.test-framework@bd7f943e9647/UnityEngine.TestRunner/NUnitExtensions/Runner/CompositeWorkItem.cs:82)
UnityEngine.TestRunner.NUnitExtensions.Runner.CompositeWorkItem/<RunChildren>d__17:MoveNext () (at ./Library/PackageCache/com.unity.test-framework@bd7f943e9647/UnityEngine.TestRunner/NUnitExtensions/Runner/CompositeWorkItem.cs:207)
UnityEngine.TestRunner.NUnitExtensions.Runner.CompositeWorkItem/<PerformWork>d__13:MoveNext () (at ./Library/PackageCache/com.unity.test-framework@bd7f943e9647/UnityEngine.TestRunner/NUnitExtensions/Runner/CompositeWorkItem.cs:82)
UnityEngine.TestRunner.NUnitExtensions.Runner.CompositeWorkItem/<RunChildren>d__17:MoveNext () (at ./Library/PackageCache/com.unity.test-framework@bd7f943e9647/UnityEngine.TestRunner/NUnitExtensions/Runner/CompositeWorkItem.cs:207)
UnityEngine.TestRunner.NUnitExtensions.Runner.CompositeWorkItem/<PerformWork>d__13:MoveNext () (at ./Library/PackageCache/com.unity.test-framework@bd7f943e9647/UnityEngine.TestRunner/NUnitExtensions/Runner/CompositeWorkItem.cs:82)
UnityEngine.TestRunner.NUnitExtensions.Runner.CompositeWorkItem/<RunChildren>d__17:MoveNext () (at ./Library/PackageCache/com.unity.test-framework@bd7f943e9647/UnityEngine.TestRunner/NUnitExtensions/Runner/CompositeWorkItem.cs:207)
UnityEngine.TestRunner.NUnitExtensions.Runner.CompositeWorkItem/<PerformWork>d__13:MoveNext () (at ./Library/PackageCache/com.unity.test-framework@bd7f943e9647/UnityEngine.TestRunner/NUnitExtensions/Runner/CompositeWorkItem.cs:82)
UnityEditor.TestTools.TestRunner.EditModeRunner:MoveNextAndUpdateYieldObject () (at ./Library/PackageCache/com.unity.test-framework@bd7f943e9647/UnityEditor.TestRunner/TestRunner/EditModeRunner.cs:167)
UnityEditor.TestTools.TestRunner.EditModeRunner:TestConsumer (UnityEditor.TestTools.TestRunner.TestRunnerStateSerializer) (at ./Library/PackageCache/com.unity.test-framework@bd7f943e9647/UnityEditor.TestRunner/TestRunner/EditModeRunner.cs:200)
UnityEditor.TestTools.TestRunner.TestRun.Tasks.EditModeRunTask/<Execute>d__1:MoveNext () (at ./Library/PackageCache/com.unity.test-framework@bd7f943e9647/UnityEditor.TestRunner/TestRun/Tasks/EditModeRunTask.cs:48)
UnityEditor.TestTools.TestRunner.TestRun.TestJobRunner:ExecuteStep () (at ./Library/PackageCache/com.unity.test-framework@bd7f943e9647/UnityEditor.TestRunner/TestRun/TestJobRunner.cs:173)
UnityEditor.TestTools.TestRunner.TestRun.TestJobRunner:ExecuteCallback () (at ./Library/PackageCache/com.unity.test-framework@bd7f943e9647/UnityEditor.TestRunner/TestRun/TestJobRunner.cs:108)
UnityEditor.EditorApplication:Internal_CallUpdateFunctions () (at /Users/bokken/build/output/unity/unity/Editor/Mono/EditorApplication.cs:392)

(Filename: ./Packages/com.xrlab.chooguard.foundation/Multiplayer/Tests/Editor/WorldMotionAdapterTests.cs Line: 109)

World motion traversal 0.3 rail_terminal_public -> station_ticket_area steps=227 seconds=0.4678776
UnityEngine.Debug:ExtractStackTraceNoAlloc (byte*,int,string)
UnityEngine.StackTraceUtility:ExtractStackTrace () (at /Users/bokken/build/output/unity/unity/Runtime/Export/Scripting/StackTrace.cs:35)
UnityEngine.DebugLogHandler:Internal_Log (UnityEngine.LogType,UnityEngine.LogOption,string,UnityEngine.Object)
UnityEngine.DebugLogHandler:LogFormat (UnityEngine.LogType,UnityEngine.Object,string,object[])
UnityEngine.Logger:Log (UnityEngine.LogType,object)
UnityEngine.Debug:Log (object)
ChooGuard.Foundation.Multiplayer.Tests.WorldMotionAdapterTests:BothProfilesTraverseAllThirteenRegionsAndAllTwentyFourPortalDirections (string,bool,double) (at ./Packages/com.xrlab.chooguard.foundation/Multiplayer/Tests/Editor/WorldMotionAdapterTests.cs:109)
System.Reflection.RuntimeMethodInfo:Invoke (object,System.Reflection.BindingFlags,System.Reflection.Binder,object[],System.Globalization.CultureInfo)
System.Reflection.MethodBase:Invoke (object,object[])
NUnit.Framework.Internal.Reflect:InvokeMethod (System.Reflection.MethodInfo,object,object[])
NUnit.Framework.Internal.MethodWrapper:Invoke (object,object[])
NUnit.Framework.Internal.Commands.TestMethodCommand:RunNonAsyncTestMethod (NUnit.Framework.Internal.ITestExecutionContext)
NUnit.Framework.Internal.Commands.TestMethodCommand:RunTestMethod (NUnit.Framework.Internal.ITestExecutionContext)
NUnit.Framework.Internal.Commands.TestMethodCommand:Execute (NUnit.Framework.Internal.ITestExecutionContext)
UnityEngine.TestTools.UnityTestMethodCommand:Execute (NUnit.Framework.Internal.ITestExecutionContext) (at ./Library/PackageCache/com.unity.test-framework@bd7f943e9647/UnityEngine.TestRunner/NUnitExtensions/Commands/UnityTestMethodCommand.cs:19)
UnityEngine.TestRunner.NUnitExtensions.Runner.UnityLogCheckDelegatingCommand/<>c__DisplayClass2_0:<Execute>b__0 () (at ./Library/PackageCache/com.unity.test-framework@bd7f943e9647/UnityEngine.TestRunner/NUnitExtensions/Runner/UnityLogCheckDelegatingCommand.cs:24)
UnityEngine.TestRunner.NUnitExtensions.Runner.UnityLogCheckDelegatingCommand:CaptureException (NUnit.Framework.Internal.TestResult,System.Action) (at ./Library/PackageCache/com.unity.test-framework@bd7f943e9647/UnityEngine.TestRunner/NUnitExtensions/Runner/UnityLogCheckDelegatingCommand.cs:72)
UnityEngine.TestRunner.NUnitExtensions.Runner.UnityLogCheckDelegatingCommand:ExecuteAndCheckLog (UnityEngine.TestTools.Logging.LogScope,NUnit.Framework.Internal.TestResult,System.Action) (at ./Library/PackageCache/com.unity.test-framework@bd7f943e9647/UnityEngine.TestRunner/NUnitExtensions/Runner/UnityLogCheckDelegatingCommand.cs:83)
UnityEngine.TestRunner.NUnitExtensions.Runner.UnityLogCheckDelegatingCommand:Execute (NUnit.Framework.Internal.ITestExecutionContext) (at ./Library/PackageCache/com.unity.test-framework@bd7f943e9647/UnityEngine.TestRunner/NUnitExtensions/Runner/UnityLogCheckDelegatingCommand.cs:24)
UnityEngine.TestRunner.NUnitExtensions.Runner.UnityLogCheckDelegatingCommand/<ExecuteEnumerable>d__3:MoveNext () (at ./Library/PackageCache/com.unity.test-framework@bd7f943e9647/UnityEngine.TestRunner/NUnitExtensions/Runner/UnityLogCheckDelegatingCommand.cs:35)
UnityEngine.TestTools.BeforeAfterTestCommandBase`1/<ExecuteEnumerable>d__16<NUnit.Framework.ITestAction>:MoveNext () (at ./Library/PackageCache/com.unity.test-framework@bd7f943e9647/UnityEngine.TestRunner/NUnitExtensions/Commands/BeforeAfterTestCommandBase.cs:212)
UnityEngine.TestTools.ImmediateEnumerableCommand:Execute (NUnit.Framework.Internal.ITestExecutionContext) (at ./Library/PackageCache/com.unity.test-framework@bd7f943e9647/UnityEngine.TestRunner/NUnitExtensions/Commands/ImmediateEnumerableCommand.cs:18)
UnityEngine.TestTools.BeforeAfterTestCommandBase`1/<ExecuteEnumerable>d__16<System.Reflection.MethodInfo>:MoveNext () (at ./Library/PackageCache/com.unity.test-framework@bd7f943e9647/UnityEngine.TestRunner/NUnitExtensions/Commands/BeforeAfterTestCommandBase.cs:219)
UnityEngine.TestTools.BeforeAfterTestCommandBase`1/<ExecuteEnumerable>d__16<System.Reflection.MethodInfo>:MoveNext () (at ./Library/PackageCache/com.unity.test-framework@bd7f943e9647/UnityEngine.TestRunner/NUnitExtensions/Commands/BeforeAfterTestCommandBase.cs:212)
UnityEngine.TestTools.BeforeAfterTestCommandBase`1/<ExecuteEnumerable>d__16<UnityEngine.TestTools.IOuterUnityTestAction>:MoveNext () (at ./Library/PackageCache/com.unity.test-framework@bd7f943e9647/UnityEngine.TestRunner/NUnitExtensions/Commands/BeforeAfterTestCommandBase.cs:212)
UnityEngine.TestTools.RetryCommand/<ExecuteEnumerable>d__2:MoveNext () (at ./Library/PackageCache/com.unity.test-framework@bd7f943e9647/UnityEngine.TestRunner/NUnitExtensions/Commands/RetryCommand.cs:37)
UnityEngine.TestTools.RepeatCommand/<ExecuteEnumerable>d__2:MoveNext () (at ./Library/PackageCache/com.unity.test-framework@bd7f943e9647/UnityEngine.TestRunner/NUnitExtensions/Commands/RepeatCommand.cs:36)
UnityEngine.TestTools.IgnoreTestCommand/<ExecuteEnumerable>d__3:MoveNext () (at ./Library/PackageCache/com.unity.test-framework@bd7f943e9647/UnityEngine.TestRunner/NUnitExtensions/Commands/IgnoreTestCommand.cs:42)
UnityEngine.TestTools.StrictCheckCommand/<ExecuteEnumerable>d__2:MoveNext () (at ./Library/PackageCache/com.unity.test-framework@bd7f943e9647/UnityEngine.TestRunner/NUnitExtensions/Commands/StrictCheckCommand.cs:29)
UnityEngine.TestRunner.NUnitExtensions.Runner.DefaultTestWorkItem/<PerformWork>d__2:MoveNext () (at ./Library/PackageCache/com.unity.test-framework@bd7f943e9647/UnityEngine.TestRunner/NUnitExtensions/Runner/DefaultTestWorkItem.cs:50)
UnityEngine.TestRunner.NUnitExtensions.Runner.CompositeWorkItem/<RunChildren>d__17:MoveNext () (at ./Library/PackageCache/com.unity.test-framework@bd7f943e9647/UnityEngine.TestRunner/NUnitExtensions/Runner/CompositeWorkItem.cs:207)
UnityEngine.TestRunner.NUnitExtensions.Runner.CompositeWorkItem/<PerformWork>d__13:MoveNext () (at ./Library/PackageCache/com.unity.test-framework@bd7f943e9647/UnityEngine.TestRunner/NUnitExtensions/Runner/CompositeWorkItem.cs:82)
UnityEngine.TestRunner.NUnitExtensions.Runner.CompositeWorkItem/<RunChildren>d__17:MoveNext () (at ./Library/PackageCache/com.unity.test-framework@bd7f943e9647/UnityEngine.TestRunner/NUnitExtensions/Runner/CompositeWorkItem.cs:207)
UnityEngine.TestRunner.NUnitExtensions.Runner.CompositeWorkItem/<PerformWork>d__13:MoveNext () (at ./Library/PackageCache/com.unity.test-framework@bd7f943e9647/UnityEngine.TestRunner/NUnitExtensions/Runner/CompositeWorkItem.cs:82)
UnityEngine.TestRunner.NUnitExtensions.Runner.CompositeWorkItem/<RunChildren>d__17:MoveNext () (at ./Library/PackageCache/com.unity.test-framework@bd7f943e9647/UnityEngine.TestRunner/NUnitExtensions/Runner/CompositeWorkItem.cs:207)
UnityEngine.TestRunner.NUnitExtensions.Runner.CompositeWorkItem/<PerformWork>d__13:MoveNext () (at ./Library/PackageCache/com.unity.test-framework@bd7f943e9647/UnityEngine.TestRunner/NUnitExtensions/Runner/CompositeWorkItem.cs:82)
UnityEngine.TestRunner.NUnitExtensions.Runner.CompositeWorkItem/<RunChildren>d__17:MoveNext () (at ./Library/PackageCache/com.unity.test-framework@bd7f943e9647/UnityEngine.TestRunner/NUnitExtensions/Runner/CompositeWorkItem.cs:207)
UnityEngine.TestRunner.NUnitExtensions.Runner.CompositeWorkItem/<PerformWork>d__13:MoveNext () (at ./Library/PackageCache/com.unity.test-framework@bd7f943e9647/UnityEngine.TestRunner/NUnitExtensions/Runner/CompositeWorkItem.cs:82)
UnityEngine.TestRunner.NUnitExtensions.Runner.CompositeWorkItem/<RunChildren>d__17:MoveNext () (at ./Library/PackageCache/com.unity.test-framework@bd7f943e9647/UnityEngine.TestRunner/NUnitExtensions/Runner/CompositeWorkItem.cs:207)
UnityEngine.TestRunner.NUnitExtensions.Runner.CompositeWorkItem/<PerformWork>d__13:MoveNext () (at ./Library/PackageCache/com.unity.test-framework@bd7f943e9647/UnityEngine.TestRunner/NUnitExtensions/Runner/CompositeWorkItem.cs:82)
UnityEngine.TestRunner.NUnitExtensions.Runner.CompositeWorkItem/<RunChildren>d__17:MoveNext () (at ./Library/PackageCache/com.unity.test-framework@bd7f943e9647/UnityEngine.TestRunner/NUnitExtensions/Runner/CompositeWorkItem.cs:207)
UnityEngine.TestRunner.NUnitExtensions.Runner.CompositeWorkItem/<PerformWork>d__13:MoveNext () (at ./Library/PackageCache/com.unity.test-framework@bd7f943e9647/UnityEngine.TestRunner/NUnitExtensions/Runner/CompositeWorkItem.cs:82)
UnityEngine.TestRunner.NUnitExtensions.Runner.CompositeWorkItem/<RunChildren>d__17:MoveNext () (at ./Library/PackageCache/com.unity.test-framework@bd7f943e9647/UnityEngine.TestRunner/NUnitExtensions/Runner/CompositeWorkItem.cs:207)
UnityEngine.TestRunner.NUnitExtensions.Runner.CompositeWorkItem/<PerformWork>d__13:MoveNext () (at ./Library/PackageCache/com.unity.test-framework@bd7f943e9647/UnityEngine.TestRunner/NUnitExtensions/Runner/CompositeWorkItem.cs:82)
UnityEngine.TestRunner.NUnitExtensions.Runner.CompositeWorkItem/<RunChildren>d__17:MoveNext () (at ./Library/PackageCache/com.unity.test-framework@bd7f943e9647/UnityEngine.TestRunner/NUnitExtensions/Runner/CompositeWorkItem.cs:207)
UnityEngine.TestRunner.NUnitExtensions.Runner.CompositeWorkItem/<PerformWork>d__13:MoveNext () (at ./Library/PackageCache/com.unity.test-framework@bd7f943e9647/UnityEngine.TestRunner/NUnitExtensions/Runner/CompositeWorkItem.cs:82)
UnityEditor.TestTools.TestRunner.EditModeRunner:MoveNextAndUpdateYieldObject () (at ./Library/PackageCache/com.unity.test-framework@bd7f943e9647/UnityEditor.TestRunner/TestRunner/EditModeRunner.cs:167)
UnityEditor.TestTools.TestRunner.EditModeRunner:TestConsumer (UnityEditor.TestTools.TestRunner.TestRunnerStateSerializer) (at ./Library/PackageCache/com.unity.test-framework@bd7f943e9647/UnityEditor.TestRunner/TestRunner/EditModeRunner.cs:200)
UnityEditor.TestTools.TestRunner.TestRun.Tasks.EditModeRunTask/<Execute>d__1:MoveNext () (at ./Library/PackageCache/com.unity.test-framework@bd7f943e9647/UnityEditor.TestRunner/TestRun/Tasks/EditModeRunTask.cs:48)
UnityEditor.TestTools.TestRunner.TestRun.TestJobRunner:ExecuteStep () (at ./Library/PackageCache/com.unity.test-framework@bd7f943e9647/UnityEditor.TestRunner/TestRun/TestJobRunner.cs:173)
UnityEditor.TestTools.TestRunner.TestRun.TestJobRunner:ExecuteCallback () (at ./Library/PackageCache/com.unity.test-framework@bd7f943e9647/UnityEditor.TestRunner/TestRun/TestJobRunner.cs:108)
UnityEditor.EditorApplication:Internal_CallUpdateFunctions () (at /Users/bokken/build/output/unity/unity/Editor/Mono/EditorApplication.cs:392)

(Filename: ./Packages/com.xrlab.chooguard.foundation/Multiplayer/Tests/Editor/WorldMotionAdapterTests.cs Line: 109)

World motion traversal 0.3 rail_terminal_public -> underground_connector steps=599 seconds=1.076229
UnityEngine.Debug:ExtractStackTraceNoAlloc (byte*,int,string)
UnityEngine.StackTraceUtility:ExtractStackTrace () (at /Users/bokken/build/output/unity/unity/Runtime/Export/Scripting/StackTrace.cs:35)
UnityEngine.DebugLogHandler:Internal_Log (UnityEngine.LogType,UnityEngine.LogOption,string,UnityEngine.Object)
UnityEngine.DebugLogHandler:LogFormat (UnityEngine.LogType,UnityEngine.Object,string,object[])
UnityEngine.Logger:Log (UnityEngine.LogType,object)
UnityEngine.Debug:Log (object)
ChooGuard.Foundation.Multiplayer.Tests.WorldMotionAdapterTests:BothProfilesTraverseAllThirteenRegionsAndAllTwentyFourPortalDirections (string,bool,double) (at ./Packages/com.xrlab.chooguard.foundation/Multiplayer/Tests/Editor/WorldMotionAdapterTests.cs:109)
System.Reflection.RuntimeMethodInfo:Invoke (object,System.Reflection.BindingFlags,System.Reflection.Binder,object[],System.Globalization.CultureInfo)
System.Reflection.MethodBase:Invoke (object,object[])
NUnit.Framework.Internal.Reflect:InvokeMethod (System.Reflection.MethodInfo,object,object[])
NUnit.Framework.Internal.MethodWrapper:Invoke (object,object[])
NUnit.Framework.Internal.Commands.TestMethodCommand:RunNonAsyncTestMethod (NUnit.Framework.Internal.ITestExecutionContext)
NUnit.Framework.Internal.Commands.TestMethodCommand:RunTestMethod (NUnit.Framework.Internal.ITestExecutionContext)
NUnit.Framework.Internal.Commands.TestMethodCommand:Execute (NUnit.Framework.Internal.ITestExecutionContext)
UnityEngine.TestTools.UnityTestMethodCommand:Execute (NUnit.Framework.Internal.ITestExecutionContext) (at ./Library/PackageCache/com.unity.test-framework@bd7f943e9647/UnityEngine.TestRunner/NUnitExtensions/Commands/UnityTestMethodCommand.cs:19)
UnityEngine.TestRunner.NUnitExtensions.Runner.UnityLogCheckDelegatingCommand/<>c__DisplayClass2_0:<Execute>b__0 () (at ./Library/PackageCache/com.unity.test-framework@bd7f943e9647/UnityEngine.TestRunner/NUnitExtensions/Runner/UnityLogCheckDelegatingCommand.cs:24)
UnityEngine.TestRunner.NUnitExtensions.Runner.UnityLogCheckDelegatingCommand:CaptureException (NUnit.Framework.Internal.TestResult,System.Action) (at ./Library/PackageCache/com.unity.test-framework@bd7f943e9647/UnityEngine.TestRunner/NUnitExtensions/Runner/UnityLogCheckDelegatingCommand.cs:72)
UnityEngine.TestRunner.NUnitExtensions.Runner.UnityLogCheckDelegatingCommand:ExecuteAndCheckLog (UnityEngine.TestTools.Logging.LogScope,NUnit.Framework.Internal.TestResult,System.Action) (at ./Library/PackageCache/com.unity.test-framework@bd7f943e9647/UnityEngine.TestRunner/NUnitExtensions/Runner/UnityLogCheckDelegatingCommand.cs:83)
UnityEngine.TestRunner.NUnitExtensions.Runner.UnityLogCheckDelegatingCommand:Execute (NUnit.Framework.Internal.ITestExecutionContext) (at ./Library/PackageCache/com.unity.test-framework@bd7f943e9647/UnityEngine.TestRunner/NUnitExtensions/Runner/UnityLogCheckDelegatingCommand.cs:24)
UnityEngine.TestRunner.NUnitExtensions.Runner.UnityLogCheckDelegatingCommand/<ExecuteEnumerable>d__3:MoveNext () (at ./Library/PackageCache/com.unity.test-framework@bd7f943e9647/UnityEngine.TestRunner/NUnitExtensions/Runner/UnityLogCheckDelegatingCommand.cs:35)
UnityEngine.TestTools.BeforeAfterTestCommandBase`1/<ExecuteEnumerable>d__16<NUnit.Framework.ITestAction>:MoveNext () (at ./Library/PackageCache/com.unity.test-framework@bd7f943e9647/UnityEngine.TestRunner/NUnitExtensions/Commands/BeforeAfterTestCommandBase.cs:212)
UnityEngine.TestTools.ImmediateEnumerableCommand:Execute (NUnit.Framework.Internal.ITestExecutionContext) (at ./Library/PackageCache/com.unity.test-framework@bd7f943e9647/UnityEngine.TestRunner/NUnitExtensions/Commands/ImmediateEnumerableCommand.cs:18)
UnityEngine.TestTools.BeforeAfterTestCommandBase`1/<ExecuteEnumerable>d__16<System.Reflection.MethodInfo>:MoveNext () (at ./Library/PackageCache/com.unity.test-framework@bd7f943e9647/UnityEngine.TestRunner/NUnitExtensions/Commands/BeforeAfterTestCommandBase.cs:219)
UnityEngine.TestTools.BeforeAfterTestCommandBase`1/<ExecuteEnumerable>d__16<System.Reflection.MethodInfo>:MoveNext () (at ./Library/PackageCache/com.unity.test-framework@bd7f943e9647/UnityEngine.TestRunner/NUnitExtensions/Commands/BeforeAfterTestCommandBase.cs:212)
UnityEngine.TestTools.BeforeAfterTestCommandBase`1/<ExecuteEnumerable>d__16<UnityEngine.TestTools.IOuterUnityTestAction>:MoveNext () (at ./Library/PackageCache/com.unity.test-framework@bd7f943e9647/UnityEngine.TestRunner/NUnitExtensions/Commands/BeforeAfterTestCommandBase.cs:212)
UnityEngine.TestTools.RetryCommand/<ExecuteEnumerable>d__2:MoveNext () (at ./Library/PackageCache/com.unity.test-framework@bd7f943e9647/UnityEngine.TestRunner/NUnitExtensions/Commands/RetryCommand.cs:37)
UnityEngine.TestTools.RepeatCommand/<ExecuteEnumerable>d__2:MoveNext () (at ./Library/PackageCache/com.unity.test-framework@bd7f943e9647/UnityEngine.TestRunner/NUnitExtensions/Commands/RepeatCommand.cs:36)
UnityEngine.TestTools.IgnoreTestCommand/<ExecuteEnumerable>d__3:MoveNext () (at ./Library/PackageCache/com.unity.test-framework@bd7f943e9647/UnityEngine.TestRunner/NUnitExtensions/Commands/IgnoreTestCommand.cs:42)
UnityEngine.TestTools.StrictCheckCommand/<ExecuteEnumerable>d__2:MoveNext () (at ./Library/PackageCache/com.unity.test-framework@bd7f943e9647/UnityEngine.TestRunner/NUnitExtensions/Commands/StrictCheckCommand.cs:29)
UnityEngine.TestRunner.NUnitExtensions.Runner.DefaultTestWorkItem/<PerformWork>d__2:MoveNext () (at ./Library/PackageCache/com.unity.test-framework@bd7f943e9647/UnityEngine.TestRunner/NUnitExtensions/Runner/DefaultTestWorkItem.cs:50)
UnityEngine.TestRunner.NUnitExtensions.Runner.CompositeWorkItem/<RunChildren>d__17:MoveNext () (at ./Library/PackageCache/com.unity.test-framework@bd7f943e9647/UnityEngine.TestRunner/NUnitExtensions/Runner/CompositeWorkItem.cs:207)
UnityEngine.TestRunner.NUnitExtensions.Runner.CompositeWorkItem/<PerformWork>d__13:MoveNext () (at ./Library/PackageCache/com.unity.test-framework@bd7f943e9647/UnityEngine.TestRunner/NUnitExtensions/Runner/CompositeWorkItem.cs:82)
UnityEngine.TestRunner.NUnitExtensions.Runner.CompositeWorkItem/<RunChildren>d__17:MoveNext () (at ./Library/PackageCache/com.unity.test-framework@bd7f943e9647/UnityEngine.TestRunner/NUnitExtensions/Runner/CompositeWorkItem.cs:207)
UnityEngine.TestRunner.NUnitExtensions.Runner.CompositeWorkItem/<PerformWork>d__13:MoveNext () (at ./Library/PackageCache/com.unity.test-framework@bd7f943e9647/UnityEngine.TestRunner/NUnitExtensions/Runner/CompositeWorkItem.cs:82)
UnityEngine.TestRunner.NUnitExtensions.Runner.CompositeWorkItem/<RunChildren>d__17:MoveNext () (at ./Library/PackageCache/com.unity.test-framework@bd7f943e9647/UnityEngine.TestRunner/NUnitExtensions/Runner/CompositeWorkItem.cs:207)
UnityEngine.TestRunner.NUnitExtensions.Runner.CompositeWorkItem/<PerformWork>d__13:MoveNext () (at ./Library/PackageCache/com.unity.test-framework@bd7f943e9647/UnityEngine.TestRunner/NUnitExtensions/Runner/CompositeWorkItem.cs:82)
UnityEngine.TestRunner.NUnitExtensions.Runner.CompositeWorkItem/<RunChildren>d__17:MoveNext () (at ./Library/PackageCache/com.unity.test-framework@bd7f943e9647/UnityEngine.TestRunner/NUnitExtensions/Runner/CompositeWorkItem.cs:207)
UnityEngine.TestRunner.NUnitExtensions.Runner.CompositeWorkItem/<PerformWork>d__13:MoveNext () (at ./Library/PackageCache/com.unity.test-framework@bd7f943e9647/UnityEngine.TestRunner/NUnitExtensions/Runner/CompositeWorkItem.cs:82)
UnityEngine.TestRunner.NUnitExtensions.Runner.CompositeWorkItem/<RunChildren>d__17:MoveNext () (at ./Library/PackageCache/com.unity.test-framework@bd7f943e9647/UnityEngine.TestRunner/NUnitExtensions/Runner/CompositeWorkItem.cs:207)
UnityEngine.TestRunner.NUnitExtensions.Runner.CompositeWorkItem/<PerformWork>d__13:MoveNext () (at ./Library/PackageCache/com.unity.test-framework@bd7f943e9647/UnityEngine.TestRunner/NUnitExtensions/Runner/CompositeWorkItem.cs:82)
UnityEngine.TestRunner.NUnitExtensions.Runner.CompositeWorkItem/<RunChildren>d__17:MoveNext () (at ./Library/PackageCache/com.unity.test-framework@bd7f943e9647/UnityEngine.TestRunner/NUnitExtensions/Runner/CompositeWorkItem.cs:207)
UnityEngine.TestRunner.NUnitExtensions.Runner.CompositeWorkItem/<PerformWork>d__13:MoveNext () (at ./Library/PackageCache/com.unity.test-framework@bd7f943e9647/UnityEngine.TestRunner/NUnitExtensions/Runner/CompositeWorkItem.cs:82)
UnityEngine.TestRunner.NUnitExtensions.Runner.CompositeWorkItem/<RunChildren>d__17:MoveNext () (at ./Library/PackageCache/com.unity.test-framework@bd7f943e9647/UnityEngine.TestRunner/NUnitExtensions/Runner/CompositeWorkItem.cs:207)
UnityEngine.TestRunner.NUnitExtensions.Runner.CompositeWorkItem/<PerformWork>d__13:MoveNext () (at ./Library/PackageCache/com.unity.test-framework@bd7f943e9647/UnityEngine.TestRunner/NUnitExtensions/Runner/CompositeWorkItem.cs:82)
UnityEngine.TestRunner.NUnitExtensions.Runner.CompositeWorkItem/<RunChildren>d__17:MoveNext () (at ./Library/PackageCache/com.unity.test-framework@bd7f943e9647/UnityEngine.TestRunner/NUnitExtensions/Runner/CompositeWorkItem.cs:207)
UnityEngine.TestRunner.NUnitExtensions.Runner.CompositeWorkItem/<PerformWork>d__13:MoveNext () (at ./Library/PackageCache/com.unity.test-framework@bd7f943e9647/UnityEngine.TestRunner/NUnitExtensions/Runner/CompositeWorkItem.cs:82)
UnityEditor.TestTools.TestRunner.EditModeRunner:MoveNextAndUpdateYieldObject () (at ./Library/PackageCache/com.unity.test-framework@bd7f943e9647/UnityEditor.TestRunner/TestRunner/EditModeRunner.cs:167)
UnityEditor.TestTools.TestRunner.EditModeRunner:TestConsumer (UnityEditor.TestTools.TestRunner.TestRunnerStateSerializer) (at ./Library/PackageCache/com.unity.test-framework@bd7f943e9647/UnityEditor.TestRunner/TestRunner/EditModeRunner.cs:200)
UnityEditor.TestTools.TestRunner.TestRun.Tasks.EditModeRunTask/<Execute>d__1:MoveNext () (at ./Library/PackageCache/com.unity.test-framework@bd7f943e9647/UnityEditor.TestRunner/TestRun/Tasks/EditModeRunTask.cs:48)
UnityEditor.TestTools.TestRunner.TestRun.TestJobRunner:ExecuteStep () (at ./Library/PackageCache/com.unity.test-framework@bd7f943e9647/UnityEditor.TestRunner/TestRun/TestJobRunner.cs:173)
UnityEditor.TestTools.TestRunner.TestRun.TestJobRunner:ExecuteCallback () (at ./Library/PackageCache/com.unity.test-framework@bd7f943e9647/UnityEditor.TestRunner/TestRun/TestJobRunner.cs:108)
UnityEditor.EditorApplication:Internal_CallUpdateFunctions () (at /Users/bokken/build/output/unity/unity/Editor/Mono/EditorApplication.cs:392)

(Filename: ./Packages/com.xrlab.chooguard.foundation/Multiplayer/Tests/Editor/WorldMotionAdapterTests.cs Line: 109)

World motion traversal 0.3 underground_connector -> rail_terminal_public steps=599 seconds=1.0723556
UnityEngine.Debug:ExtractStackTraceNoAlloc (byte*,int,string)
UnityEngine.StackTraceUtility:ExtractStackTrace () (at /Users/bokken/build/output/unity/unity/Runtime/Export/Scripting/StackTrace.cs:35)
UnityEngine.DebugLogHandler:Internal_Log (UnityEngine.LogType,UnityEngine.LogOption,string,UnityEngine.Object)
UnityEngine.DebugLogHandler:LogFormat (UnityEngine.LogType,UnityEngine.Object,string,object[])
UnityEngine.Logger:Log (UnityEngine.LogType,object)
UnityEngine.Debug:Log (object)
ChooGuard.Foundation.Multiplayer.Tests.WorldMotionAdapterTests:BothProfilesTraverseAllThirteenRegionsAndAllTwentyFourPortalDirections (string,bool,double) (at ./Packages/com.xrlab.chooguard.foundation/Multiplayer/Tests/Editor/WorldMotionAdapterTests.cs:109)
System.Reflection.RuntimeMethodInfo:Invoke (object,System.Reflection.BindingFlags,System.Reflection.Binder,object[],System.Globalization.CultureInfo)
System.Reflection.MethodBase:Invoke (object,object[])
NUnit.Framework.Internal.Reflect:InvokeMethod (System.Reflection.MethodInfo,object,object[])
NUnit.Framework.Internal.MethodWrapper:Invoke (object,object[])
NUnit.Framework.Internal.Commands.TestMethodCommand:RunNonAsyncTestMethod (NUnit.Framework.Internal.ITestExecutionContext)
NUnit.Framework.Internal.Commands.TestMethodCommand:RunTestMethod (NUnit.Framework.Internal.ITestExecutionContext)
NUnit.Framework.Internal.Commands.TestMethodCommand:Execute (NUnit.Framework.Internal.ITestExecutionContext)
UnityEngine.TestTools.UnityTestMethodCommand:Execute (NUnit.Framework.Internal.ITestExecutionContext) (at ./Library/PackageCache/com.unity.test-framework@bd7f943e9647/UnityEngine.TestRunner/NUnitExtensions/Commands/UnityTestMethodCommand.cs:19)
UnityEngine.TestRunner.NUnitExtensions.Runner.UnityLogCheckDelegatingCommand/<>c__DisplayClass2_0:<Execute>b__0 () (at ./Library/PackageCache/com.unity.test-framework@bd7f943e9647/UnityEngine.TestRunner/NUnitExtensions/Runner/UnityLogCheckDelegatingCommand.cs:24)
UnityEngine.TestRunner.NUnitExtensions.Runner.UnityLogCheckDelegatingCommand:CaptureException (NUnit.Framework.Internal.TestResult,System.Action) (at ./Library/PackageCache/com.unity.test-framework@bd7f943e9647/UnityEngine.TestRunner/NUnitExtensions/Runner/UnityLogCheckDelegatingCommand.cs:72)
UnityEngine.TestRunner.NUnitExtensions.Runner.UnityLogCheckDelegatingCommand:ExecuteAndCheckLog (UnityEngine.TestTools.Logging.LogScope,NUnit.Framework.Internal.TestResult,System.Action) (at ./Library/PackageCache/com.unity.test-framework@bd7f943e9647/UnityEngine.TestRunner/NUnitExtensions/Runner/UnityLogCheckDelegatingCommand.cs:83)
UnityEngine.TestRunner.NUnitExtensions.Runner.UnityLogCheckDelegatingCommand:Execute (NUnit.Framework.Internal.ITestExecutionContext) (at ./Library/PackageCache/com.unity.test-framework@bd7f943e9647/UnityEngine.TestRunner/NUnitExtensions/Runner/UnityLogCheckDelegatingCommand.cs:24)
UnityEngine.TestRunner.NUnitExtensions.Runner.UnityLogCheckDelegatingCommand/<ExecuteEnumerable>d__3:MoveNext () (at ./Library/PackageCache/com.unity.test-framework@bd7f943e9647/UnityEngine.TestRunner/NUnitExtensions/Runner/UnityLogCheckDelegatingCommand.cs:35)
UnityEngine.TestTools.BeforeAfterTestCommandBase`1/<ExecuteEnumerable>d__16<NUnit.Framework.ITestAction>:MoveNext () (at ./Library/PackageCache/com.unity.test-framework@bd7f943e9647/UnityEngine.TestRunner/NUnitExtensions/Commands/BeforeAfterTestCommandBase.cs:212)
UnityEngine.TestTools.ImmediateEnumerableCommand:Execute (NUnit.Framework.Internal.ITestExecutionContext) (at ./Library/PackageCache/com.unity.test-framework@bd7f943e9647/UnityEngine.TestRunner/NUnitExtensions/Commands/ImmediateEnumerableCommand.cs:18)
UnityEngine.TestTools.BeforeAfterTestCommandBase`1/<ExecuteEnumerable>d__16<System.Reflection.MethodInfo>:MoveNext () (at ./Library/PackageCache/com.unity.test-framework@bd7f943e9647/UnityEngine.TestRunner/NUnitExtensions/Commands/BeforeAfterTestCommandBase.cs:219)
UnityEngine.TestTools.BeforeAfterTestCommandBase`1/<ExecuteEnumerable>d__16<System.Reflection.MethodInfo>:MoveNext () (at ./Library/PackageCache/com.unity.test-framework@bd7f943e9647/UnityEngine.TestRunner/NUnitExtensions/Commands/BeforeAfterTestCommandBase.cs:212)
UnityEngine.TestTools.BeforeAfterTestCommandBase`1/<ExecuteEnumerable>d__16<UnityEngine.TestTools.IOuterUnityTestAction>:MoveNext () (at ./Library/PackageCache/com.unity.test-framework@bd7f943e9647/UnityEngine.TestRunner/NUnitExtensions/Commands/BeforeAfterTestCommandBase.cs:212)
UnityEngine.TestTools.RetryCommand/<ExecuteEnumerable>d__2:MoveNext () (at ./Library/PackageCache/com.unity.test-framework@bd7f943e9647/UnityEngine.TestRunner/NUnitExtensions/Commands/RetryCommand.cs:37)
UnityEngine.TestTools.RepeatCommand/<ExecuteEnumerable>d__2:MoveNext () (at ./Library/PackageCache/com.unity.test-framework@bd7f943e9647/UnityEngine.TestRunner/NUnitExtensions/Commands/RepeatCommand.cs:36)
UnityEngine.TestTools.IgnoreTestCommand/<ExecuteEnumerable>d__3:MoveNext () (at ./Library/PackageCache/com.unity.test-framework@bd7f943e9647/UnityEngine.TestRunner/NUnitExtensions/Commands/IgnoreTestCommand.cs:42)
UnityEngine.TestTools.StrictCheckCommand/<ExecuteEnumerable>d__2:MoveNext () (at ./Library/PackageCache/com.unity.test-framework@bd7f943e9647/UnityEngine.TestRunner/NUnitExtensions/Commands/StrictCheckCommand.cs:29)
UnityEngine.TestRunner.NUnitExtensions.Runner.DefaultTestWorkItem/<PerformWork>d__2:MoveNext () (at ./Library/PackageCache/com.unity.test-framework@bd7f943e9647/UnityEngine.TestRunner/NUnitExtensions/Runner/DefaultTestWorkItem.cs:50)
UnityEngine.TestRunner.NUnitExtensions.Runner.CompositeWorkItem/<RunChildren>d__17:MoveNext () (at ./Library/PackageCache/com.unity.test-framework@bd7f943e9647/UnityEngine.TestRunner/NUnitExtensions/Runner/CompositeWorkItem.cs:207)
UnityEngine.TestRunner.NUnitExtensions.Runner.CompositeWorkItem/<PerformWork>d__13:MoveNext () (at ./Library/PackageCache/com.unity.test-framework@bd7f943e9647/UnityEngine.TestRunner/NUnitExtensions/Runner/CompositeWorkItem.cs:82)
UnityEngine.TestRunner.NUnitExtensions.Runner.CompositeWorkItem/<RunChildren>d__17:MoveNext () (at ./Library/PackageCache/com.unity.test-framework@bd7f943e9647/UnityEngine.TestRunner/NUnitExtensions/Runner/CompositeWorkItem.cs:207)
UnityEngine.TestRunner.NUnitExtensions.Runner.CompositeWorkItem/<PerformWork>d__13:MoveNext () (at ./Library/PackageCache/com.unity.test-framework@bd7f943e9647/UnityEngine.TestRunner/NUnitExtensions/Runner/CompositeWorkItem.cs:82)
UnityEngine.TestRunner.NUnitExtensions.Runner.CompositeWorkItem/<RunChildren>d__17:MoveNext () (at ./Library/PackageCache/com.unity.test-framework@bd7f943e9647/UnityEngine.TestRunner/NUnitExtensions/Runner/CompositeWorkItem.cs:207)
UnityEngine.TestRunner.NUnitExtensions.Runner.CompositeWorkItem/<PerformWork>d__13:MoveNext () (at ./Library/PackageCache/com.unity.test-framework@bd7f943e9647/UnityEngine.TestRunner/NUnitExtensions/Runner/CompositeWorkItem.cs:82)
UnityEngine.TestRunner.NUnitExtensions.Runner.CompositeWorkItem/<RunChildren>d__17:MoveNext () (at ./Library/PackageCache/com.unity.test-framework@bd7f943e9647/UnityEngine.TestRunner/NUnitExtensions/Runner/CompositeWorkItem.cs:207)
UnityEngine.TestRunner.NUnitExtensions.Runner.CompositeWorkItem/<PerformWork>d__13:MoveNext () (at ./Library/PackageCache/com.unity.test-framework@bd7f943e9647/UnityEngine.TestRunner/NUnitExtensions/Runner/CompositeWorkItem.cs:82)
UnityEngine.TestRunner.NUnitExtensions.Runner.CompositeWorkItem/<RunChildren>d__17:MoveNext () (at ./Library/PackageCache/com.unity.test-framework@bd7f943e9647/UnityEngine.TestRunner/NUnitExtensions/Runner/CompositeWorkItem.cs:207)
UnityEngine.TestRunner.NUnitExtensions.Runner.CompositeWorkItem/<PerformWork>d__13:MoveNext () (at ./Library/PackageCache/com.unity.test-framework@bd7f943e9647/UnityEngine.TestRunner/NUnitExtensions/Runner/CompositeWorkItem.cs:82)
UnityEngine.TestRunner.NUnitExtensions.Runner.CompositeWorkItem/<RunChildren>d__17:MoveNext () (at ./Library/PackageCache/com.unity.test-framework@bd7f943e9647/UnityEngine.TestRunner/NUnitExtensions/Runner/CompositeWorkItem.cs:207)
UnityEngine.TestRunner.NUnitExtensions.Runner.CompositeWorkItem/<PerformWork>d__13:MoveNext () (at ./Library/PackageCache/com.unity.test-framework@bd7f943e9647/UnityEngine.TestRunner/NUnitExtensions/Runner/CompositeWorkItem.cs:82)
UnityEngine.TestRunner.NUnitExtensions.Runner.CompositeWorkItem/<RunChildren>d__17:MoveNext () (at ./Library/PackageCache/com.unity.test-framework@bd7f943e9647/UnityEngine.TestRunner/NUnitExtensions/Runner/CompositeWorkItem.cs:207)
UnityEngine.TestRunner.NUnitExtensions.Runner.CompositeWorkItem/<PerformWork>d__13:MoveNext () (at ./Library/PackageCache/com.unity.test-framework@bd7f943e9647/UnityEngine.TestRunner/NUnitExtensions/Runner/CompositeWorkItem.cs:82)
UnityEngine.TestRunner.NUnitExtensions.Runner.CompositeWorkItem/<RunChildren>d__17:MoveNext () (at ./Library/PackageCache/com.unity.test-framework@bd7f943e9647/UnityEngine.TestRunner/NUnitExtensions/Runner/CompositeWorkItem.cs:207)
UnityEngine.TestRunner.NUnitExtensions.Runner.CompositeWorkItem/<PerformWork>d__13:MoveNext () (at ./Library/PackageCache/com.unity.test-framework@bd7f943e9647/UnityEngine.TestRunner/NUnitExtensions/Runner/CompositeWorkItem.cs:82)
UnityEditor.TestTools.TestRunner.EditModeRunner:MoveNextAndUpdateYieldObject () (at ./Library/PackageCache/com.unity.test-framework@bd7f943e9647/UnityEditor.TestRunner/TestRunner/EditModeRunner.cs:167)
UnityEditor.TestTools.TestRunner.EditModeRunner:TestConsumer (UnityEditor.TestTools.TestRunner.TestRunnerStateSerializer) (at ./Library/PackageCache/com.unity.test-framework@bd7f943e9647/UnityEditor.TestRunner/TestRunner/EditModeRunner.cs:200)
UnityEditor.TestTools.TestRunner.TestRun.Tasks.EditModeRunTask/<Execute>d__1:MoveNext () (at ./Library/PackageCache/com.unity.test-framework@bd7f943e9647/UnityEditor.TestRunner/TestRun/Tasks/EditModeRunTask.cs:48)
UnityEditor.TestTools.TestRunner.TestRun.TestJobRunner:ExecuteStep () (at ./Library/PackageCache/com.unity.test-framework@bd7f943e9647/UnityEditor.TestRunner/TestRun/TestJobRunner.cs:173)
UnityEditor.TestTools.TestRunner.TestRun.TestJobRunner:ExecuteCallback () (at ./Library/PackageCache/com.unity.test-framework@bd7f943e9647/UnityEditor.TestRunner/TestRun/TestJobRunner.cs:108)
UnityEditor.EditorApplication:Internal_CallUpdateFunctions () (at /Users/bokken/build/output/unity/unity/Editor/Mono/EditorApplication.cs:392)

(Filename: ./Packages/com.xrlab.chooguard.foundation/Multiplayer/Tests/Editor/WorldMotionAdapterTests.cs Line: 109)

World motion traversal 0.3 forecourt_eurasia -> underground_connector steps=243 seconds=0.5334573
UnityEngine.Debug:ExtractStackTraceNoAlloc (byte*,int,string)
UnityEngine.StackTraceUtility:ExtractStackTrace () (at /Users/bokken/build/output/unity/unity/Runtime/Export/Scripting/StackTrace.cs:35)
UnityEngine.DebugLogHandler:Internal_Log (UnityEngine.LogType,UnityEngine.LogOption,string,UnityEngine.Object)
UnityEngine.DebugLogHandler:LogFormat (UnityEngine.LogType,UnityEngine.Object,string,object[])
UnityEngine.Logger:Log (UnityEngine.LogType,object)
UnityEngine.Debug:Log (object)
ChooGuard.Foundation.Multiplayer.Tests.WorldMotionAdapterTests:BothProfilesTraverseAllThirteenRegionsAndAllTwentyFourPortalDirections (string,bool,double) (at ./Packages/com.xrlab.chooguard.foundation/Multiplayer/Tests/Editor/WorldMotionAdapterTests.cs:109)
System.Reflection.RuntimeMethodInfo:Invoke (object,System.Reflection.BindingFlags,System.Reflection.Binder,object[],System.Globalization.CultureInfo)
System.Reflection.MethodBase:Invoke (object,object[])
NUnit.Framework.Internal.Reflect:InvokeMethod (System.Reflection.MethodInfo,object,object[])
NUnit.Framework.Internal.MethodWrapper:Invoke (object,object[])
NUnit.Framework.Internal.Commands.TestMethodCommand:RunNonAsyncTestMethod (NUnit.Framework.Internal.ITestExecutionContext)
NUnit.Framework.Internal.Commands.TestMethodCommand:RunTestMethod (NUnit.Framework.Internal.ITestExecutionContext)
NUnit.Framework.Internal.Commands.TestMethodCommand:Execute (NUnit.Framework.Internal.ITestExecutionContext)
UnityEngine.TestTools.UnityTestMethodCommand:Execute (NUnit.Framework.Internal.ITestExecutionContext) (at ./Library/PackageCache/com.unity.test-framework@bd7f943e9647/UnityEngine.TestRunner/NUnitExtensions/Commands/UnityTestMethodCommand.cs:19)
UnityEngine.TestRunner.NUnitExtensions.Runner.UnityLogCheckDelegatingCommand/<>c__DisplayClass2_0:<Execute>b__0 () (at ./Library/PackageCache/com.unity.test-framework@bd7f943e9647/UnityEngine.TestRunner/NUnitExtensions/Runner/UnityLogCheckDelegatingCommand.cs:24)
UnityEngine.TestRunner.NUnitExtensions.Runner.UnityLogCheckDelegatingCommand:CaptureException (NUnit.Framework.Internal.TestResult,System.Action) (at ./Library/PackageCache/com.unity.test-framework@bd7f943e9647/UnityEngine.TestRunner/NUnitExtensions/Runner/UnityLogCheckDelegatingCommand.cs:72)
UnityEngine.TestRunner.NUnitExtensions.Runner.UnityLogCheckDelegatingCommand:ExecuteAndCheckLog (UnityEngine.TestTools.Logging.LogScope,NUnit.Framework.Internal.TestResult,System.Action) (at ./Library/PackageCache/com.unity.test-framework@bd7f943e9647/UnityEngine.TestRunner/NUnitExtensions/Runner/UnityLogCheckDelegatingCommand.cs:83)
UnityEngine.TestRunner.NUnitExtensions.Runner.UnityLogCheckDelegatingCommand:Execute (NUnit.Framework.Internal.ITestExecutionContext) (at ./Library/PackageCache/com.unity.test-framework@bd7f943e9647/UnityEngine.TestRunner/NUnitExtensions/Runner/UnityLogCheckDelegatingCommand.cs:24)
UnityEngine.TestRunner.NUnitExtensions.Runner.UnityLogCheckDelegatingCommand/<ExecuteEnumerable>d__3:MoveNext () (at ./Library/PackageCache/com.unity.test-framework@bd7f943e9647/UnityEngine.TestRunner/NUnitExtensions/Runner/UnityLogCheckDelegatingCommand.cs:35)
UnityEngine.TestTools.BeforeAfterTestCommandBase`1/<ExecuteEnumerable>d__16<NUnit.Framework.ITestAction>:MoveNext () (at ./Library/PackageCache/com.unity.test-framework@bd7f943e9647/UnityEngine.TestRunner/NUnitExtensions/Commands/BeforeAfterTestCommandBase.cs:212)
UnityEngine.TestTools.ImmediateEnumerableCommand:Execute (NUnit.Framework.Internal.ITestExecutionContext) (at ./Library/PackageCache/com.unity.test-framework@bd7f943e9647/UnityEngine.TestRunner/NUnitExtensions/Commands/ImmediateEnumerableCommand.cs:18)
UnityEngine.TestTools.BeforeAfterTestCommandBase`1/<ExecuteEnumerable>d__16<System.Reflection.MethodInfo>:MoveNext () (at ./Library/PackageCache/com.unity.test-framework@bd7f943e9647/UnityEngine.TestRunner/NUnitExtensions/Commands/BeforeAfterTestCommandBase.cs:219)
UnityEngine.TestTools.BeforeAfterTestCommandBase`1/<ExecuteEnumerable>d__16<System.Reflection.MethodInfo>:MoveNext () (at ./Library/PackageCache/com.unity.test-framework@bd7f943e9647/UnityEngine.TestRunner/NUnitExtensions/Commands/BeforeAfterTestCommandBase.cs:212)
UnityEngine.TestTools.BeforeAfterTestCommandBase`1/<ExecuteEnumerable>d__16<UnityEngine.TestTools.IOuterUnityTestAction>:MoveNext () (at ./Library/PackageCache/com.unity.test-framework@bd7f943e9647/UnityEngine.TestRunner/NUnitExtensions/Commands/BeforeAfterTestCommandBase.cs:212)
UnityEngine.TestTools.RetryCommand/<ExecuteEnumerable>d__2:MoveNext () (at ./Library/PackageCache/com.unity.test-framework@bd7f943e9647/UnityEngine.TestRunner/NUnitExtensions/Commands/RetryCommand.cs:37)
UnityEngine.TestTools.RepeatCommand/<ExecuteEnumerable>d__2:MoveNext () (at ./Library/PackageCache/com.unity.test-framework@bd7f943e9647/UnityEngine.TestRunner/NUnitExtensions/Commands/RepeatCommand.cs:36)
UnityEngine.TestTools.IgnoreTestCommand/<ExecuteEnumerable>d__3:MoveNext () (at ./Library/PackageCache/com.unity.test-framework@bd7f943e9647/UnityEngine.TestRunner/NUnitExtensions/Commands/IgnoreTestCommand.cs:42)
UnityEngine.TestTools.StrictCheckCommand/<ExecuteEnumerable>d__2:MoveNext () (at ./Library/PackageCache/com.unity.test-framework@bd7f943e9647/UnityEngine.TestRunner/NUnitExtensions/Commands/StrictCheckCommand.cs:29)
UnityEngine.TestRunner.NUnitExtensions.Runner.DefaultTestWorkItem/<PerformWork>d__2:MoveNext () (at ./Library/PackageCache/com.unity.test-framework@bd7f943e9647/UnityEngine.TestRunner/NUnitExtensions/Runner/DefaultTestWorkItem.cs:50)
UnityEngine.TestRunner.NUnitExtensions.Runner.CompositeWorkItem/<RunChildren>d__17:MoveNext () (at ./Library/PackageCache/com.unity.test-framework@bd7f943e9647/UnityEngine.TestRunner/NUnitExtensions/Runner/CompositeWorkItem.cs:207)
UnityEngine.TestRunner.NUnitExtensions.Runner.CompositeWorkItem/<PerformWork>d__13:MoveNext () (at ./Library/PackageCache/com.unity.test-framework@bd7f943e9647/UnityEngine.TestRunner/NUnitExtensions/Runner/CompositeWorkItem.cs:82)
UnityEngine.TestRunner.NUnitExtensions.Runner.CompositeWorkItem/<RunChildren>d__17:MoveNext () (at ./Library/PackageCache/com.unity.test-framework@bd7f943e9647/UnityEngine.TestRunner/NUnitExtensions/Runner/CompositeWorkItem.cs:207)
UnityEngine.TestRunner.NUnitExtensions.Runner.CompositeWorkItem/<PerformWork>d__13:MoveNext () (at ./Library/PackageCache/com.unity.test-framework@bd7f943e9647/UnityEngine.TestRunner/NUnitExtensions/Runner/CompositeWorkItem.cs:82)
UnityEngine.TestRunner.NUnitExtensions.Runner.CompositeWorkItem/<RunChildren>d__17:MoveNext () (at ./Library/PackageCache/com.unity.test-framework@bd7f943e9647/UnityEngine.TestRunner/NUnitExtensions/Runner/CompositeWorkItem.cs:207)
UnityEngine.TestRunner.NUnitExtensions.Runner.CompositeWorkItem/<PerformWork>d__13:MoveNext () (at ./Library/PackageCache/com.unity.test-framework@bd7f943e9647/UnityEngine.TestRunner/NUnitExtensions/Runner/CompositeWorkItem.cs:82)
UnityEngine.TestRunner.NUnitExtensions.Runner.CompositeWorkItem/<RunChildren>d__17:MoveNext () (at ./Library/PackageCache/com.unity.test-framework@bd7f943e9647/UnityEngine.TestRunner/NUnitExtensions/Runner/CompositeWorkItem.cs:207)
UnityEngine.TestRunner.NUnitExtensions.Runner.CompositeWorkItem/<PerformWork>d__13:MoveNext () (at ./Library/PackageCache/com.unity.test-framework@bd7f943e9647/UnityEngine.TestRunner/NUnitExtensions/Runner/CompositeWorkItem.cs:82)
UnityEngine.TestRunner.NUnitExtensions.Runner.CompositeWorkItem/<RunChildren>d__17:MoveNext () (at ./Library/PackageCache/com.unity.test-framework@bd7f943e9647/UnityEngine.TestRunner/NUnitExtensions/Runner/CompositeWorkItem.cs:207)
UnityEngine.TestRunner.NUnitExtensions.Runner.CompositeWorkItem/<PerformWork>d__13:MoveNext () (at ./Library/PackageCache/com.unity.test-framework@bd7f943e9647/UnityEngine.TestRunner/NUnitExtensions/Runner/CompositeWorkItem.cs:82)
UnityEngine.TestRunner.NUnitExtensions.Runner.CompositeWorkItem/<RunChildren>d__17:MoveNext () (at ./Library/PackageCache/com.unity.test-framework@bd7f943e9647/UnityEngine.TestRunner/NUnitExtensions/Runner/CompositeWorkItem.cs:207)
UnityEngine.TestRunner.NUnitExtensions.Runner.CompositeWorkItem/<PerformWork>d__13:MoveNext () (at ./Library/PackageCache/com.unity.test-framework@bd7f943e9647/UnityEngine.TestRunner/NUnitExtensions/Runner/CompositeWorkItem.cs:82)
UnityEngine.TestRunner.NUnitExtensions.Runner.CompositeWorkItem/<RunChildren>d__17:MoveNext () (at ./Library/PackageCache/com.unity.test-framework@bd7f943e9647/UnityEngine.TestRunner/NUnitExtensions/Runner/CompositeWorkItem.cs:207)
UnityEngine.TestRunner.NUnitExtensions.Runner.CompositeWorkItem/<PerformWork>d__13:MoveNext () (at ./Library/PackageCache/com.unity.test-framework@bd7f943e9647/UnityEngine.TestRunner/NUnitExtensions/Runner/CompositeWorkItem.cs:82)
UnityEngine.TestRunner.NUnitExtensions.Runner.CompositeWorkItem/<RunChildren>d__17:MoveNext () (at ./Library/PackageCache/com.unity.test-framework@bd7f943e9647/UnityEngine.TestRunner/NUnitExtensions/Runner/CompositeWorkItem.cs:207)
UnityEngine.TestRunner.NUnitExtensions.Runner.CompositeWorkItem/<PerformWork>d__13:MoveNext () (at ./Library/PackageCache/com.unity.test-framework@bd7f943e9647/UnityEngine.TestRunner/NUnitExtensions/Runner/CompositeWorkItem.cs:82)
UnityEditor.TestTools.TestRunner.EditModeRunner:MoveNextAndUpdateYieldObject () (at ./Library/PackageCache/com.unity.test-framework@bd7f943e9647/UnityEditor.TestRunner/TestRunner/EditModeRunner.cs:167)
UnityEditor.TestTools.TestRunner.EditModeRunner:TestConsumer (UnityEditor.TestTools.TestRunner.TestRunnerStateSerializer) (at ./Library/PackageCache/com.unity.test-framework@bd7f943e9647/UnityEditor.TestRunner/TestRunner/EditModeRunner.cs:200)
UnityEditor.TestTools.TestRunner.TestRun.Tasks.EditModeRunTask/<Execute>d__1:MoveNext () (at ./Library/PackageCache/com.unity.test-framework@bd7f943e9647/UnityEditor.TestRunner/TestRun/Tasks/EditModeRunTask.cs:48)
UnityEditor.TestTools.TestRunner.TestRun.TestJobRunner:ExecuteStep () (at ./Library/PackageCache/com.unity.test-framework@bd7f943e9647/UnityEditor.TestRunner/TestRun/TestJobRunner.cs:173)
UnityEditor.TestTools.TestRunner.TestRun.TestJobRunner:ExecuteCallback () (at ./Library/PackageCache/com.unity.test-framework@bd7f943e9647/UnityEditor.TestRunner/TestRun/TestJobRunner.cs:108)
UnityEditor.EditorApplication:Internal_CallUpdateFunctions () (at /Users/bokken/build/output/unity/unity/Editor/Mono/EditorApplication.cs:392)

(Filename: ./Packages/com.xrlab.chooguard.foundation/Multiplayer/Tests/Editor/WorldMotionAdapterTests.cs Line: 109)

World motion traversal 0.3 underground_connector -> forecourt_eurasia steps=243 seconds=0.5836628
UnityEngine.Debug:ExtractStackTraceNoAlloc (byte*,int,string)
UnityEngine.StackTraceUtility:ExtractStackTrace () (at /Users/bokken/build/output/unity/unity/Runtime/Export/Scripting/StackTrace.cs:35)
UnityEngine.DebugLogHandler:Internal_Log (UnityEngine.LogType,UnityEngine.LogOption,string,UnityEngine.Object)
UnityEngine.DebugLogHandler:LogFormat (UnityEngine.LogType,UnityEngine.Object,string,object[])
UnityEngine.Logger:Log (UnityEngine.LogType,object)
UnityEngine.Debug:Log (object)
ChooGuard.Foundation.Multiplayer.Tests.WorldMotionAdapterTests:BothProfilesTraverseAllThirteenRegionsAndAllTwentyFourPortalDirections (string,bool,double) (at ./Packages/com.xrlab.chooguard.foundation/Multiplayer/Tests/Editor/WorldMotionAdapterTests.cs:109)
System.Reflection.RuntimeMethodInfo:Invoke (object,System.Reflection.BindingFlags,System.Reflection.Binder,object[],System.Globalization.CultureInfo)
System.Reflection.MethodBase:Invoke (object,object[])
NUnit.Framework.Internal.Reflect:InvokeMethod (System.Reflection.MethodInfo,object,object[])
NUnit.Framework.Internal.MethodWrapper:Invoke (object,object[])
NUnit.Framework.Internal.Commands.TestMethodCommand:RunNonAsyncTestMethod (NUnit.Framework.Internal.ITestExecutionContext)
NUnit.Framework.Internal.Commands.TestMethodCommand:RunTestMethod (NUnit.Framework.Internal.ITestExecutionContext)
NUnit.Framework.Internal.Commands.TestMethodCommand:Execute (NUnit.Framework.Internal.ITestExecutionContext)
UnityEngine.TestTools.UnityTestMethodCommand:Execute (NUnit.Framework.Internal.ITestExecutionContext) (at ./Library/PackageCache/com.unity.test-framework@bd7f943e9647/UnityEngine.TestRunner/NUnitExtensions/Commands/UnityTestMethodCommand.cs:19)
UnityEngine.TestRunner.NUnitExtensions.Runner.UnityLogCheckDelegatingCommand/<>c__DisplayClass2_0:<Execute>b__0 () (at ./Library/PackageCache/com.unity.test-framework@bd7f943e9647/UnityEngine.TestRunner/NUnitExtensions/Runner/UnityLogCheckDelegatingCommand.cs:24)
UnityEngine.TestRunner.NUnitExtensions.Runner.UnityLogCheckDelegatingCommand:CaptureException (NUnit.Framework.Internal.TestResult,System.Action) (at ./Library/PackageCache/com.unity.test-framework@bd7f943e9647/UnityEngine.TestRunner/NUnitExtensions/Runner/UnityLogCheckDelegatingCommand.cs:72)
UnityEngine.TestRunner.NUnitExtensions.Runner.UnityLogCheckDelegatingCommand:ExecuteAndCheckLog (UnityEngine.TestTools.Logging.LogScope,NUnit.Framework.Internal.TestResult,System.Action) (at ./Library/PackageCache/com.unity.test-framework@bd7f943e9647/UnityEngine.TestRunner/NUnitExtensions/Runner/UnityLogCheckDelegatingCommand.cs:83)
UnityEngine.TestRunner.NUnitExtensions.Runner.UnityLogCheckDelegatingCommand:Execute (NUnit.Framework.Internal.ITestExecutionContext) (at ./Library/PackageCache/com.unity.test-framework@bd7f943e9647/UnityEngine.TestRunner/NUnitExtensions/Runner/UnityLogCheckDelegatingCommand.cs:24)
UnityEngine.TestRunner.NUnitExtensions.Runner.UnityLogCheckDelegatingCommand/<ExecuteEnumerable>d__3:MoveNext () (at ./Library/PackageCache/com.unity.test-framework@bd7f943e9647/UnityEngine.TestRunner/NUnitExtensions/Runner/UnityLogCheckDelegatingCommand.cs:35)
UnityEngine.TestTools.BeforeAfterTestCommandBase`1/<ExecuteEnumerable>d__16<NUnit.Framework.ITestAction>:MoveNext () (at ./Library/PackageCache/com.unity.test-framework@bd7f943e9647/UnityEngine.TestRunner/NUnitExtensions/Commands/BeforeAfterTestCommandBase.cs:212)
UnityEngine.TestTools.ImmediateEnumerableCommand:Execute (NUnit.Framework.Internal.ITestExecutionContext) (at ./Library/PackageCache/com.unity.test-framework@bd7f943e9647/UnityEngine.TestRunner/NUnitExtensions/Commands/ImmediateEnumerableCommand.cs:18)
UnityEngine.TestTools.BeforeAfterTestCommandBase`1/<ExecuteEnumerable>d__16<System.Reflection.MethodInfo>:MoveNext () (at ./Library/PackageCache/com.unity.test-framework@bd7f943e9647/UnityEngine.TestRunner/NUnitExtensions/Commands/BeforeAfterTestCommandBase.cs:219)
UnityEngine.TestTools.BeforeAfterTestCommandBase`1/<ExecuteEnumerable>d__16<System.Reflection.MethodInfo>:MoveNext () (at ./Library/PackageCache/com.unity.test-framework@bd7f943e9647/UnityEngine.TestRunner/NUnitExtensions/Commands/BeforeAfterTestCommandBase.cs:212)
UnityEngine.TestTools.BeforeAfterTestCommandBase`1/<ExecuteEnumerable>d__16<UnityEngine.TestTools.IOuterUnityTestAction>:MoveNext () (at ./Library/PackageCache/com.unity.test-framework@bd7f943e9647/UnityEngine.TestRunner/NUnitExtensions/Commands/BeforeAfterTestCommandBase.cs:212)
UnityEngine.TestTools.RetryCommand/<ExecuteEnumerable>d__2:MoveNext () (at ./Library/PackageCache/com.unity.test-framework@bd7f943e9647/UnityEngine.TestRunner/NUnitExtensions/Commands/RetryCommand.cs:37)
UnityEngine.TestTools.RepeatCommand/<ExecuteEnumerable>d__2:MoveNext () (at ./Library/PackageCache/com.unity.test-framework@bd7f943e9647/UnityEngine.TestRunner/NUnitExtensions/Commands/RepeatCommand.cs:36)
UnityEngine.TestTools.IgnoreTestCommand/<ExecuteEnumerable>d__3:MoveNext () (at ./Library/PackageCache/com.unity.test-framework@bd7f943e9647/UnityEngine.TestRunner/NUnitExtensions/Commands/IgnoreTestCommand.cs:42)
UnityEngine.TestTools.StrictCheckCommand/<ExecuteEnumerable>d__2:MoveNext () (at ./Library/PackageCache/com.unity.test-framework@bd7f943e9647/UnityEngine.TestRunner/NUnitExtensions/Commands/StrictCheckCommand.cs:29)
UnityEngine.TestRunner.NUnitExtensions.Runner.DefaultTestWorkItem/<PerformWork>d__2:MoveNext () (at ./Library/PackageCache/com.unity.test-framework@bd7f943e9647/UnityEngine.TestRunner/NUnitExtensions/Runner/DefaultTestWorkItem.cs:50)
UnityEngine.TestRunner.NUnitExtensions.Runner.CompositeWorkItem/<RunChildren>d__17:MoveNext () (at ./Library/PackageCache/com.unity.test-framework@bd7f943e9647/UnityEngine.TestRunner/NUnitExtensions/Runner/CompositeWorkItem.cs:207)
UnityEngine.TestRunner.NUnitExtensions.Runner.CompositeWorkItem/<PerformWork>d__13:MoveNext () (at ./Library/PackageCache/com.unity.test-framework@bd7f943e9647/UnityEngine.TestRunner/NUnitExtensions/Runner/CompositeWorkItem.cs:82)
UnityEngine.TestRunner.NUnitExtensions.Runner.CompositeWorkItem/<RunChildren>d__17:MoveNext () (at ./Library/PackageCache/com.unity.test-framework@bd7f943e9647/UnityEngine.TestRunner/NUnitExtensions/Runner/CompositeWorkItem.cs:207)
UnityEngine.TestRunner.NUnitExtensions.Runner.CompositeWorkItem/<PerformWork>d__13:MoveNext () (at ./Library/PackageCache/com.unity.test-framework@bd7f943e9647/UnityEngine.TestRunner/NUnitExtensions/Runner/CompositeWorkItem.cs:82)
UnityEngine.TestRunner.NUnitExtensions.Runner.CompositeWorkItem/<RunChildren>d__17:MoveNext () (at ./Library/PackageCache/com.unity.test-framework@bd7f943e9647/UnityEngine.TestRunner/NUnitExtensions/Runner/CompositeWorkItem.cs:207)
UnityEngine.TestRunner.NUnitExtensions.Runner.CompositeWorkItem/<PerformWork>d__13:MoveNext () (at ./Library/PackageCache/com.unity.test-framework@bd7f943e9647/UnityEngine.TestRunner/NUnitExtensions/Runner/CompositeWorkItem.cs:82)
UnityEngine.TestRunner.NUnitExtensions.Runner.CompositeWorkItem/<RunChildren>d__17:MoveNext () (at ./Library/PackageCache/com.unity.test-framework@bd7f943e9647/UnityEngine.TestRunner/NUnitExtensions/Runner/CompositeWorkItem.cs:207)
UnityEngine.TestRunner.NUnitExtensions.Runner.CompositeWorkItem/<PerformWork>d__13:MoveNext () (at ./Library/PackageCache/com.unity.test-framework@bd7f943e9647/UnityEngine.TestRunner/NUnitExtensions/Runner/CompositeWorkItem.cs:82)
UnityEngine.TestRunner.NUnitExtensions.Runner.CompositeWorkItem/<RunChildren>d__17:MoveNext () (at ./Library/PackageCache/com.unity.test-framework@bd7f943e9647/UnityEngine.TestRunner/NUnitExtensions/Runner/CompositeWorkItem.cs:207)
UnityEngine.TestRunner.NUnitExtensions.Runner.CompositeWorkItem/<PerformWork>d__13:MoveNext () (at ./Library/PackageCache/com.unity.test-framework@bd7f943e9647/UnityEngine.TestRunner/NUnitExtensions/Runner/CompositeWorkItem.cs:82)
UnityEngine.TestRunner.NUnitExtensions.Runner.CompositeWorkItem/<RunChildren>d__17:MoveNext () (at ./Library/PackageCache/com.unity.test-framework@bd7f943e9647/UnityEngine.TestRunner/NUnitExtensions/Runner/CompositeWorkItem.cs:207)
UnityEngine.TestRunner.NUnitExtensions.Runner.CompositeWorkItem/<PerformWork>d__13:MoveNext () (at ./Library/PackageCache/com.unity.test-framework@bd7f943e9647/UnityEngine.TestRunner/NUnitExtensions/Runner/CompositeWorkItem.cs:82)
UnityEngine.TestRunner.NUnitExtensions.Runner.CompositeWorkItem/<RunChildren>d__17:MoveNext () (at ./Library/PackageCache/com.unity.test-framework@bd7f943e9647/UnityEngine.TestRunner/NUnitExtensions/Runner/CompositeWorkItem.cs:207)
UnityEngine.TestRunner.NUnitExtensions.Runner.CompositeWorkItem/<PerformWork>d__13:MoveNext () (at ./Library/PackageCache/com.unity.test-framework@bd7f943e9647/UnityEngine.TestRunner/NUnitExtensions/Runner/CompositeWorkItem.cs:82)
UnityEngine.TestRunner.NUnitExtensions.Runner.CompositeWorkItem/<RunChildren>d__17:MoveNext () (at ./Library/PackageCache/com.unity.test-framework@bd7f943e9647/UnityEngine.TestRunner/NUnitExtensions/Runner/CompositeWorkItem.cs:207)
UnityEngine.TestRunner.NUnitExtensions.Runner.CompositeWorkItem/<PerformWork>d__13:MoveNext () (at ./Library/PackageCache/com.unity.test-framework@bd7f943e9647/UnityEngine.TestRunner/NUnitExtensions/Runner/CompositeWorkItem.cs:82)
UnityEditor.TestTools.TestRunner.EditModeRunner:MoveNextAndUpdateYieldObject () (at ./Library/PackageCache/com.unity.test-framework@bd7f943e9647/UnityEditor.TestRunner/TestRunner/EditModeRunner.cs:167)
UnityEditor.TestTools.TestRunner.EditModeRunner:TestConsumer (UnityEditor.TestTools.TestRunner.TestRunnerStateSerializer) (at ./Library/PackageCache/com.unity.test-framework@bd7f943e9647/UnityEditor.TestRunner/TestRunner/EditModeRunner.cs:200)
UnityEditor.TestTools.TestRunner.TestRun.Tasks.EditModeRunTask/<Execute>d__1:MoveNext () (at ./Library/PackageCache/com.unity.test-framework@bd7f943e9647/UnityEditor.TestRunner/TestRun/Tasks/EditModeRunTask.cs:48)
UnityEditor.TestTools.TestRunner.TestRun.TestJobRunner:ExecuteStep () (at ./Library/PackageCache/com.unity.test-framework@bd7f943e9647/UnityEditor.TestRunner/TestRun/TestJobRunner.cs:173)
UnityEditor.TestTools.TestRunner.TestRun.TestJobRunner:ExecuteCallback () (at ./Library/PackageCache/com.unity.test-framework@bd7f943e9647/UnityEditor.TestRunner/TestRun/TestJobRunner.cs:108)
UnityEditor.EditorApplication:Internal_CallUpdateFunctions () (at /Users/bokken/build/output/unity/unity/Editor/Mono/EditorApplication.cs:392)

(Filename: ./Packages/com.xrlab.chooguard.foundation/Multiplayer/Tests/Editor/WorldMotionAdapterTests.cs Line: 109)

World motion traversal 0.3 underground_connector -> underground_shopping_passage steps=535 seconds=0.960589
UnityEngine.Debug:ExtractStackTraceNoAlloc (byte*,int,string)
UnityEngine.StackTraceUtility:ExtractStackTrace () (at /Users/bokken/build/output/unity/unity/Runtime/Export/Scripting/StackTrace.cs:35)
UnityEngine.DebugLogHandler:Internal_Log (UnityEngine.LogType,UnityEngine.LogOption,string,UnityEngine.Object)
UnityEngine.DebugLogHandler:LogFormat (UnityEngine.LogType,UnityEngine.Object,string,object[])
UnityEngine.Logger:Log (UnityEngine.LogType,object)
UnityEngine.Debug:Log (object)
ChooGuard.Foundation.Multiplayer.Tests.WorldMotionAdapterTests:BothProfilesTraverseAllThirteenRegionsAndAllTwentyFourPortalDirections (string,bool,double) (at ./Packages/com.xrlab.chooguard.foundation/Multiplayer/Tests/Editor/WorldMotionAdapterTests.cs:109)
System.Reflection.RuntimeMethodInfo:Invoke (object,System.Reflection.BindingFlags,System.Reflection.Binder,object[],System.Globalization.CultureInfo)
System.Reflection.MethodBase:Invoke (object,object[])
NUnit.Framework.Internal.Reflect:InvokeMethod (System.Reflection.MethodInfo,object,object[])
NUnit.Framework.Internal.MethodWrapper:Invoke (object,object[])
NUnit.Framework.Internal.Commands.TestMethodCommand:RunNonAsyncTestMethod (NUnit.Framework.Internal.ITestExecutionContext)
NUnit.Framework.Internal.Commands.TestMethodCommand:RunTestMethod (NUnit.Framework.Internal.ITestExecutionContext)
NUnit.Framework.Internal.Commands.TestMethodCommand:Execute (NUnit.Framework.Internal.ITestExecutionContext)
UnityEngine.TestTools.UnityTestMethodCommand:Execute (NUnit.Framework.Internal.ITestExecutionContext) (at ./Library/PackageCache/com.unity.test-framework@bd7f943e9647/UnityEngine.TestRunner/NUnitExtensions/Commands/UnityTestMethodCommand.cs:19)
UnityEngine.TestRunner.NUnitExtensions.Runner.UnityLogCheckDelegatingCommand/<>c__DisplayClass2_0:<Execute>b__0 () (at ./Library/PackageCache/com.unity.test-framework@bd7f943e9647/UnityEngine.TestRunner/NUnitExtensions/Runner/UnityLogCheckDelegatingCommand.cs:24)
UnityEngine.TestRunner.NUnitExtensions.Runner.UnityLogCheckDelegatingCommand:CaptureException (NUnit.Framework.Internal.TestResult,System.Action) (at ./Library/PackageCache/com.unity.test-framework@bd7f943e9647/UnityEngine.TestRunner/NUnitExtensions/Runner/UnityLogCheckDelegatingCommand.cs:72)
UnityEngine.TestRunner.NUnitExtensions.Runner.UnityLogCheckDelegatingCommand:ExecuteAndCheckLog (UnityEngine.TestTools.Logging.LogScope,NUnit.Framework.Internal.TestResult,System.Action) (at ./Library/PackageCache/com.unity.test-framework@bd7f943e9647/UnityEngine.TestRunner/NUnitExtensions/Runner/UnityLogCheckDelegatingCommand.cs:83)
UnityEngine.TestRunner.NUnitExtensions.Runner.UnityLogCheckDelegatingCommand:Execute (NUnit.Framework.Internal.ITestExecutionContext) (at ./Library/PackageCache/com.unity.test-framework@bd7f943e9647/UnityEngine.TestRunner/NUnitExtensions/Runner/UnityLogCheckDelegatingCommand.cs:24)
UnityEngine.TestRunner.NUnitExtensions.Runner.UnityLogCheckDelegatingCommand/<ExecuteEnumerable>d__3:MoveNext () (at ./Library/PackageCache/com.unity.test-framework@bd7f943e9647/UnityEngine.TestRunner/NUnitExtensions/Runner/UnityLogCheckDelegatingCommand.cs:35)
UnityEngine.TestTools.BeforeAfterTestCommandBase`1/<ExecuteEnumerable>d__16<NUnit.Framework.ITestAction>:MoveNext () (at ./Library/PackageCache/com.unity.test-framework@bd7f943e9647/UnityEngine.TestRunner/NUnitExtensions/Commands/BeforeAfterTestCommandBase.cs:212)
UnityEngine.TestTools.ImmediateEnumerableCommand:Execute (NUnit.Framework.Internal.ITestExecutionContext) (at ./Library/PackageCache/com.unity.test-framework@bd7f943e9647/UnityEngine.TestRunner/NUnitExtensions/Commands/ImmediateEnumerableCommand.cs:18)
UnityEngine.TestTools.BeforeAfterTestCommandBase`1/<ExecuteEnumerable>d__16<System.Reflection.MethodInfo>:MoveNext () (at ./Library/PackageCache/com.unity.test-framework@bd7f943e9647/UnityEngine.TestRunner/NUnitExtensions/Commands/BeforeAfterTestCommandBase.cs:219)
UnityEngine.TestTools.BeforeAfterTestCommandBase`1/<ExecuteEnumerable>d__16<System.Reflection.MethodInfo>:MoveNext () (at ./Library/PackageCache/com.unity.test-framework@bd7f943e9647/UnityEngine.TestRunner/NUnitExtensions/Commands/BeforeAfterTestCommandBase.cs:212)
UnityEngine.TestTools.BeforeAfterTestCommandBase`1/<ExecuteEnumerable>d__16<UnityEngine.TestTools.IOuterUnityTestAction>:MoveNext () (at ./Library/PackageCache/com.unity.test-framework@bd7f943e9647/UnityEngine.TestRunner/NUnitExtensions/Commands/BeforeAfterTestCommandBase.cs:212)
UnityEngine.TestTools.RetryCommand/<ExecuteEnumerable>d__2:MoveNext () (at ./Library/PackageCache/com.unity.test-framework@bd7f943e9647/UnityEngine.TestRunner/NUnitExtensions/Commands/RetryCommand.cs:37)
UnityEngine.TestTools.RepeatCommand/<ExecuteEnumerable>d__2:MoveNext () (at ./Library/PackageCache/com.unity.test-framework@bd7f943e9647/UnityEngine.TestRunner/NUnitExtensions/Commands/RepeatCommand.cs:36)
UnityEngine.TestTools.IgnoreTestCommand/<ExecuteEnumerable>d__3:MoveNext () (at ./Library/PackageCache/com.unity.test-framework@bd7f943e9647/UnityEngine.TestRunner/NUnitExtensions/Commands/IgnoreTestCommand.cs:42)
UnityEngine.TestTools.StrictCheckCommand/<ExecuteEnumerable>d__2:MoveNext () (at ./Library/PackageCache/com.unity.test-framework@bd7f943e9647/UnityEngine.TestRunner/NUnitExtensions/Commands/StrictCheckCommand.cs:29)
UnityEngine.TestRunner.NUnitExtensions.Runner.DefaultTestWorkItem/<PerformWork>d__2:MoveNext () (at ./Library/PackageCache/com.unity.test-framework@bd7f943e9647/UnityEngine.TestRunner/NUnitExtensions/Runner/DefaultTestWorkItem.cs:50)
UnityEngine.TestRunner.NUnitExtensions.Runner.CompositeWorkItem/<RunChildren>d__17:MoveNext () (at ./Library/PackageCache/com.unity.test-framework@bd7f943e9647/UnityEngine.TestRunner/NUnitExtensions/Runner/CompositeWorkItem.cs:207)
UnityEngine.TestRunner.NUnitExtensions.Runner.CompositeWorkItem/<PerformWork>d__13:MoveNext () (at ./Library/PackageCache/com.unity.test-framework@bd7f943e9647/UnityEngine.TestRunner/NUnitExtensions/Runner/CompositeWorkItem.cs:82)
UnityEngine.TestRunner.NUnitExtensions.Runner.CompositeWorkItem/<RunChildren>d__17:MoveNext () (at ./Library/PackageCache/com.unity.test-framework@bd7f943e9647/UnityEngine.TestRunner/NUnitExtensions/Runner/CompositeWorkItem.cs:207)
UnityEngine.TestRunner.NUnitExtensions.Runner.CompositeWorkItem/<PerformWork>d__13:MoveNext () (at ./Library/PackageCache/com.unity.test-framework@bd7f943e9647/UnityEngine.TestRunner/NUnitExtensions/Runner/CompositeWorkItem.cs:82)
UnityEngine.TestRunner.NUnitExtensions.Runner.CompositeWorkItem/<RunChildren>d__17:MoveNext () (at ./Library/PackageCache/com.unity.test-framework@bd7f943e9647/UnityEngine.TestRunner/NUnitExtensions/Runner/CompositeWorkItem.cs:207)
UnityEngine.TestRunner.NUnitExtensions.Runner.CompositeWorkItem/<PerformWork>d__13:MoveNext () (at ./Library/PackageCache/com.unity.test-framework@bd7f943e9647/UnityEngine.TestRunner/NUnitExtensions/Runner/CompositeWorkItem.cs:82)
UnityEngine.TestRunner.NUnitExtensions.Runner.CompositeWorkItem/<RunChildren>d__17:MoveNext () (at ./Library/PackageCache/com.unity.test-framework@bd7f943e9647/UnityEngine.TestRunner/NUnitExtensions/Runner/CompositeWorkItem.cs:207)
UnityEngine.TestRunner.NUnitExtensions.Runner.CompositeWorkItem/<PerformWork>d__13:MoveNext () (at ./Library/PackageCache/com.unity.test-framework@bd7f943e9647/UnityEngine.TestRunner/NUnitExtensions/Runner/CompositeWorkItem.cs:82)
UnityEngine.TestRunner.NUnitExtensions.Runner.CompositeWorkItem/<RunChildren>d__17:MoveNext () (at ./Library/PackageCache/com.unity.test-framework@bd7f943e9647/UnityEngine.TestRunner/NUnitExtensions/Runner/CompositeWorkItem.cs:207)
UnityEngine.TestRunner.NUnitExtensions.Runner.CompositeWorkItem/<PerformWork>d__13:MoveNext () (at ./Library/PackageCache/com.unity.test-framework@bd7f943e9647/UnityEngine.TestRunner/NUnitExtensions/Runner/CompositeWorkItem.cs:82)
UnityEngine.TestRunner.NUnitExtensions.Runner.CompositeWorkItem/<RunChildren>d__17:MoveNext () (at ./Library/PackageCache/com.unity.test-framework@bd7f943e9647/UnityEngine.TestRunner/NUnitExtensions/Runner/CompositeWorkItem.cs:207)
UnityEngine.TestRunner.NUnitExtensions.Runner.CompositeWorkItem/<PerformWork>d__13:MoveNext () (at ./Library/PackageCache/com.unity.test-framework@bd7f943e9647/UnityEngine.TestRunner/NUnitExtensions/Runner/CompositeWorkItem.cs:82)
UnityEngine.TestRunner.NUnitExtensions.Runner.CompositeWorkItem/<RunChildren>d__17:MoveNext () (at ./Library/PackageCache/com.unity.test-framework@bd7f943e9647/UnityEngine.TestRunner/NUnitExtensions/Runner/CompositeWorkItem.cs:207)
UnityEngine.TestRunner.NUnitExtensions.Runner.CompositeWorkItem/<PerformWork>d__13:MoveNext () (at ./Library/PackageCache/com.unity.test-framework@bd7f943e9647/UnityEngine.TestRunner/NUnitExtensions/Runner/CompositeWorkItem.cs:82)
UnityEngine.TestRunner.NUnitExtensions.Runner.CompositeWorkItem/<RunChildren>d__17:MoveNext () (at ./Library/PackageCache/com.unity.test-framework@bd7f943e9647/UnityEngine.TestRunner/NUnitExtensions/Runner/CompositeWorkItem.cs:207)
UnityEngine.TestRunner.NUnitExtensions.Runner.CompositeWorkItem/<PerformWork>d__13:MoveNext () (at ./Library/PackageCache/com.unity.test-framework@bd7f943e9647/UnityEngine.TestRunner/NUnitExtensions/Runner/CompositeWorkItem.cs:82)
UnityEditor.TestTools.TestRunner.EditModeRunner:MoveNextAndUpdateYieldObject () (at ./Library/PackageCache/com.unity.test-framework@bd7f943e9647/UnityEditor.TestRunner/TestRunner/EditModeRunner.cs:167)
UnityEditor.TestTools.TestRunner.EditModeRunner:TestConsumer (UnityEditor.TestTools.TestRunner.TestRunnerStateSerializer) (at ./Library/PackageCache/com.unity.test-framework@bd7f943e9647/UnityEditor.TestRunner/TestRunner/EditModeRunner.cs:200)
UnityEditor.TestTools.TestRunner.TestRun.Tasks.EditModeRunTask/<Execute>d__1:MoveNext () (at ./Library/PackageCache/com.unity.test-framework@bd7f943e9647/UnityEditor.TestRunner/TestRun/Tasks/EditModeRunTask.cs:48)
UnityEditor.TestTools.TestRunner.TestRun.TestJobRunner:ExecuteStep () (at ./Library/PackageCache/com.unity.test-framework@bd7f943e9647/UnityEditor.TestRunner/TestRun/TestJobRunner.cs:173)
UnityEditor.TestTools.TestRunner.TestRun.TestJobRunner:ExecuteCallback () (at ./Library/PackageCache/com.unity.test-framework@bd7f943e9647/UnityEditor.TestRunner/TestRun/TestJobRunner.cs:108)
UnityEditor.EditorApplication:Internal_CallUpdateFunctions () (at /Users/bokken/build/output/unity/unity/Editor/Mono/EditorApplication.cs:392)

(Filename: ./Packages/com.xrlab.chooguard.foundation/Multiplayer/Tests/Editor/WorldMotionAdapterTests.cs Line: 109)

World motion traversal 0.3 underground_shopping_passage -> underground_connector steps=535 seconds=0.8987815
UnityEngine.Debug:ExtractStackTraceNoAlloc (byte*,int,string)
UnityEngine.StackTraceUtility:ExtractStackTrace () (at /Users/bokken/build/output/unity/unity/Runtime/Export/Scripting/StackTrace.cs:35)
UnityEngine.DebugLogHandler:Internal_Log (UnityEngine.LogType,UnityEngine.LogOption,string,UnityEngine.Object)
UnityEngine.DebugLogHandler:LogFormat (UnityEngine.LogType,UnityEngine.Object,string,object[])
UnityEngine.Logger:Log (UnityEngine.LogType,object)
UnityEngine.Debug:Log (object)
ChooGuard.Foundation.Multiplayer.Tests.WorldMotionAdapterTests:BothProfilesTraverseAllThirteenRegionsAndAllTwentyFourPortalDirections (string,bool,double) (at ./Packages/com.xrlab.chooguard.foundation/Multiplayer/Tests/Editor/WorldMotionAdapterTests.cs:109)
System.Reflection.RuntimeMethodInfo:Invoke (object,System.Reflection.BindingFlags,System.Reflection.Binder,object[],System.Globalization.CultureInfo)
System.Reflection.MethodBase:Invoke (object,object[])
NUnit.Framework.Internal.Reflect:InvokeMethod (System.Reflection.MethodInfo,object,object[])
NUnit.Framework.Internal.MethodWrapper:Invoke (object,object[])
NUnit.Framework.Internal.Commands.TestMethodCommand:RunNonAsyncTestMethod (NUnit.Framework.Internal.ITestExecutionContext)
NUnit.Framework.Internal.Commands.TestMethodCommand:RunTestMethod (NUnit.Framework.Internal.ITestExecutionContext)
NUnit.Framework.Internal.Commands.TestMethodCommand:Execute (NUnit.Framework.Internal.ITestExecutionContext)
UnityEngine.TestTools.UnityTestMethodCommand:Execute (NUnit.Framework.Internal.ITestExecutionContext) (at ./Library/PackageCache/com.unity.test-framework@bd7f943e9647/UnityEngine.TestRunner/NUnitExtensions/Commands/UnityTestMethodCommand.cs:19)
UnityEngine.TestRunner.NUnitExtensions.Runner.UnityLogCheckDelegatingCommand/<>c__DisplayClass2_0:<Execute>b__0 () (at ./Library/PackageCache/com.unity.test-framework@bd7f943e9647/UnityEngine.TestRunner/NUnitExtensions/Runner/UnityLogCheckDelegatingCommand.cs:24)
UnityEngine.TestRunner.NUnitExtensions.Runner.UnityLogCheckDelegatingCommand:CaptureException (NUnit.Framework.Internal.TestResult,System.Action) (at ./Library/PackageCache/com.unity.test-framework@bd7f943e9647/UnityEngine.TestRunner/NUnitExtensions/Runner/UnityLogCheckDelegatingCommand.cs:72)
UnityEngine.TestRunner.NUnitExtensions.Runner.UnityLogCheckDelegatingCommand:ExecuteAndCheckLog (UnityEngine.TestTools.Logging.LogScope,NUnit.Framework.Internal.TestResult,System.Action) (at ./Library/PackageCache/com.unity.test-framework@bd7f943e9647/UnityEngine.TestRunner/NUnitExtensions/Runner/UnityLogCheckDelegatingCommand.cs:83)
UnityEngine.TestRunner.NUnitExtensions.Runner.UnityLogCheckDelegatingCommand:Execute (NUnit.Framework.Internal.ITestExecutionContext) (at ./Library/PackageCache/com.unity.test-framework@bd7f943e9647/UnityEngine.TestRunner/NUnitExtensions/Runner/UnityLogCheckDelegatingCommand.cs:24)
UnityEngine.TestRunner.NUnitExtensions.Runner.UnityLogCheckDelegatingCommand/<ExecuteEnumerable>d__3:MoveNext () (at ./Library/PackageCache/com.unity.test-framework@bd7f943e9647/UnityEngine.TestRunner/NUnitExtensions/Runner/UnityLogCheckDelegatingCommand.cs:35)
UnityEngine.TestTools.BeforeAfterTestCommandBase`1/<ExecuteEnumerable>d__16<NUnit.Framework.ITestAction>:MoveNext () (at ./Library/PackageCache/com.unity.test-framework@bd7f943e9647/UnityEngine.TestRunner/NUnitExtensions/Commands/BeforeAfterTestCommandBase.cs:212)
UnityEngine.TestTools.ImmediateEnumerableCommand:Execute (NUnit.Framework.Internal.ITestExecutionContext) (at ./Library/PackageCache/com.unity.test-framework@bd7f943e9647/UnityEngine.TestRunner/NUnitExtensions/Commands/ImmediateEnumerableCommand.cs:18)
UnityEngine.TestTools.BeforeAfterTestCommandBase`1/<ExecuteEnumerable>d__16<System.Reflection.MethodInfo>:MoveNext () (at ./Library/PackageCache/com.unity.test-framework@bd7f943e9647/UnityEngine.TestRunner/NUnitExtensions/Commands/BeforeAfterTestCommandBase.cs:219)
UnityEngine.TestTools.BeforeAfterTestCommandBase`1/<ExecuteEnumerable>d__16<System.Reflection.MethodInfo>:MoveNext () (at ./Library/PackageCache/com.unity.test-framework@bd7f943e9647/UnityEngine.TestRunner/NUnitExtensions/Commands/BeforeAfterTestCommandBase.cs:212)
UnityEngine.TestTools.BeforeAfterTestCommandBase`1/<ExecuteEnumerable>d__16<UnityEngine.TestTools.IOuterUnityTestAction>:MoveNext () (at ./Library/PackageCache/com.unity.test-framework@bd7f943e9647/UnityEngine.TestRunner/NUnitExtensions/Commands/BeforeAfterTestCommandBase.cs:212)
UnityEngine.TestTools.RetryCommand/<ExecuteEnumerable>d__2:MoveNext () (at ./Library/PackageCache/com.unity.test-framework@bd7f943e9647/UnityEngine.TestRunner/NUnitExtensions/Commands/RetryCommand.cs:37)
UnityEngine.TestTools.RepeatCommand/<ExecuteEnumerable>d__2:MoveNext () (at ./Library/PackageCache/com.unity.test-framework@bd7f943e9647/UnityEngine.TestRunner/NUnitExtensions/Commands/RepeatCommand.cs:36)
UnityEngine.TestTools.IgnoreTestCommand/<ExecuteEnumerable>d__3:MoveNext () (at ./Library/PackageCache/com.unity.test-framework@bd7f943e9647/UnityEngine.TestRunner/NUnitExtensions/Commands/IgnoreTestCommand.cs:42)
UnityEngine.TestTools.StrictCheckCommand/<ExecuteEnumerable>d__2:MoveNext () (at ./Library/PackageCache/com.unity.test-framework@bd7f943e9647/UnityEngine.TestRunner/NUnitExtensions/Commands/StrictCheckCommand.cs:29)
UnityEngine.TestRunner.NUnitExtensions.Runner.DefaultTestWorkItem/<PerformWork>d__2:MoveNext () (at ./Library/PackageCache/com.unity.test-framework@bd7f943e9647/UnityEngine.TestRunner/NUnitExtensions/Runner/DefaultTestWorkItem.cs:50)
UnityEngine.TestRunner.NUnitExtensions.Runner.CompositeWorkItem/<RunChildren>d__17:MoveNext () (at ./Library/PackageCache/com.unity.test-framework@bd7f943e9647/UnityEngine.TestRunner/NUnitExtensions/Runner/CompositeWorkItem.cs:207)
UnityEngine.TestRunner.NUnitExtensions.Runner.CompositeWorkItem/<PerformWork>d__13:MoveNext () (at ./Library/PackageCache/com.unity.test-framework@bd7f943e9647/UnityEngine.TestRunner/NUnitExtensions/Runner/CompositeWorkItem.cs:82)
UnityEngine.TestRunner.NUnitExtensions.Runner.CompositeWorkItem/<RunChildren>d__17:MoveNext () (at ./Library/PackageCache/com.unity.test-framework@bd7f943e9647/UnityEngine.TestRunner/NUnitExtensions/Runner/CompositeWorkItem.cs:207)
UnityEngine.TestRunner.NUnitExtensions.Runner.CompositeWorkItem/<PerformWork>d__13:MoveNext () (at ./Library/PackageCache/com.unity.test-framework@bd7f943e9647/UnityEngine.TestRunner/NUnitExtensions/Runner/CompositeWorkItem.cs:82)
UnityEngine.TestRunner.NUnitExtensions.Runner.CompositeWorkItem/<RunChildren>d__17:MoveNext () (at ./Library/PackageCache/com.unity.test-framework@bd7f943e9647/UnityEngine.TestRunner/NUnitExtensions/Runner/CompositeWorkItem.cs:207)
UnityEngine.TestRunner.NUnitExtensions.Runner.CompositeWorkItem/<PerformWork>d__13:MoveNext () (at ./Library/PackageCache/com.unity.test-framework@bd7f943e9647/UnityEngine.TestRunner/NUnitExtensions/Runner/CompositeWorkItem.cs:82)
UnityEngine.TestRunner.NUnitExtensions.Runner.CompositeWorkItem/<RunChildren>d__17:MoveNext () (at ./Library/PackageCache/com.unity.test-framework@bd7f943e9647/UnityEngine.TestRunner/NUnitExtensions/Runner/CompositeWorkItem.cs:207)
UnityEngine.TestRunner.NUnitExtensions.Runner.CompositeWorkItem/<PerformWork>d__13:MoveNext () (at ./Library/PackageCache/com.unity.test-framework@bd7f943e9647/UnityEngine.TestRunner/NUnitExtensions/Runner/CompositeWorkItem.cs:82)
UnityEngine.TestRunner.NUnitExtensions.Runner.CompositeWorkItem/<RunChildren>d__17:MoveNext () (at ./Library/PackageCache/com.unity.test-framework@bd7f943e9647/UnityEngine.TestRunner/NUnitExtensions/Runner/CompositeWorkItem.cs:207)
UnityEngine.TestRunner.NUnitExtensions.Runner.CompositeWorkItem/<PerformWork>d__13:MoveNext () (at ./Library/PackageCache/com.unity.test-framework@bd7f943e9647/UnityEngine.TestRunner/NUnitExtensions/Runner/CompositeWorkItem.cs:82)
UnityEngine.TestRunner.NUnitExtensions.Runner.CompositeWorkItem/<RunChildren>d__17:MoveNext () (at ./Library/PackageCache/com.unity.test-framework@bd7f943e9647/UnityEngine.TestRunner/NUnitExtensions/Runner/CompositeWorkItem.cs:207)
UnityEngine.TestRunner.NUnitExtensions.Runner.CompositeWorkItem/<PerformWork>d__13:MoveNext () (at ./Library/PackageCache/com.unity.test-framework@bd7f943e9647/UnityEngine.TestRunner/NUnitExtensions/Runner/CompositeWorkItem.cs:82)
UnityEngine.TestRunner.NUnitExtensions.Runner.CompositeWorkItem/<RunChildren>d__17:MoveNext () (at ./Library/PackageCache/com.unity.test-framework@bd7f943e9647/UnityEngine.TestRunner/NUnitExtensions/Runner/CompositeWorkItem.cs:207)
UnityEngine.TestRunner.NUnitExtensions.Runner.CompositeWorkItem/<PerformWork>d__13:MoveNext () (at ./Library/PackageCache/com.unity.test-framework@bd7f943e9647/UnityEngine.TestRunner/NUnitExtensions/Runner/CompositeWorkItem.cs:82)
UnityEngine.TestRunner.NUnitExtensions.Runner.CompositeWorkItem/<RunChildren>d__17:MoveNext () (at ./Library/PackageCache/com.unity.test-framework@bd7f943e9647/UnityEngine.TestRunner/NUnitExtensions/Runner/CompositeWorkItem.cs:207)
UnityEngine.TestRunner.NUnitExtensions.Runner.CompositeWorkItem/<PerformWork>d__13:MoveNext () (at ./Library/PackageCache/com.unity.test-framework@bd7f943e9647/UnityEngine.TestRunner/NUnitExtensions/Runner/CompositeWorkItem.cs:82)
UnityEditor.TestTools.TestRunner.EditModeRunner:MoveNextAndUpdateYieldObject () (at ./Library/PackageCache/com.unity.test-framework@bd7f943e9647/UnityEditor.TestRunner/TestRunner/EditModeRunner.cs:167)
UnityEditor.TestTools.TestRunner.EditModeRunner:TestConsumer (UnityEditor.TestTools.TestRunner.TestRunnerStateSerializer) (at ./Library/PackageCache/com.unity.test-framework@bd7f943e9647/UnityEditor.TestRunner/TestRunner/EditModeRunner.cs:200)
UnityEditor.TestTools.TestRunner.TestRun.Tasks.EditModeRunTask/<Execute>d__1:MoveNext () (at ./Library/PackageCache/com.unity.test-framework@bd7f943e9647/UnityEditor.TestRunner/TestRun/Tasks/EditModeRunTask.cs:48)
UnityEditor.TestTools.TestRunner.TestRun.TestJobRunner:ExecuteStep () (at ./Library/PackageCache/com.unity.test-framework@bd7f943e9647/UnityEditor.TestRunner/TestRun/TestJobRunner.cs:173)
UnityEditor.TestTools.TestRunner.TestRun.TestJobRunner:ExecuteCallback () (at ./Library/PackageCache/com.unity.test-framework@bd7f943e9647/UnityEditor.TestRunner/TestRun/TestJobRunner.cs:108)
UnityEditor.EditorApplication:Internal_CallUpdateFunctions () (at /Users/bokken/build/output/unity/unity/Editor/Mono/EditorApplication.cs:392)

(Filename: ./Packages/com.xrlab.chooguard.foundation/Multiplayer/Tests/Editor/WorldMotionAdapterTests.cs Line: 109)

World motion traversal 0.3 underground_shopping_passage -> metro_concourse steps=293 seconds=0.5345078
UnityEngine.Debug:ExtractStackTraceNoAlloc (byte*,int,string)
UnityEngine.StackTraceUtility:ExtractStackTrace () (at /Users/bokken/build/output/unity/unity/Runtime/Export/Scripting/StackTrace.cs:35)
UnityEngine.DebugLogHandler:Internal_Log (UnityEngine.LogType,UnityEngine.LogOption,string,UnityEngine.Object)
UnityEngine.DebugLogHandler:LogFormat (UnityEngine.LogType,UnityEngine.Object,string,object[])
UnityEngine.Logger:Log (UnityEngine.LogType,object)
UnityEngine.Debug:Log (object)
ChooGuard.Foundation.Multiplayer.Tests.WorldMotionAdapterTests:BothProfilesTraverseAllThirteenRegionsAndAllTwentyFourPortalDirections (string,bool,double) (at ./Packages/com.xrlab.chooguard.foundation/Multiplayer/Tests/Editor/WorldMotionAdapterTests.cs:109)
System.Reflection.RuntimeMethodInfo:Invoke (object,System.Reflection.BindingFlags,System.Reflection.Binder,object[],System.Globalization.CultureInfo)
System.Reflection.MethodBase:Invoke (object,object[])
NUnit.Framework.Internal.Reflect:InvokeMethod (System.Reflection.MethodInfo,object,object[])
NUnit.Framework.Internal.MethodWrapper:Invoke (object,object[])
NUnit.Framework.Internal.Commands.TestMethodCommand:RunNonAsyncTestMethod (NUnit.Framework.Internal.ITestExecutionContext)
NUnit.Framework.Internal.Commands.TestMethodCommand:RunTestMethod (NUnit.Framework.Internal.ITestExecutionContext)
NUnit.Framework.Internal.Commands.TestMethodCommand:Execute (NUnit.Framework.Internal.ITestExecutionContext)
UnityEngine.TestTools.UnityTestMethodCommand:Execute (NUnit.Framework.Internal.ITestExecutionContext) (at ./Library/PackageCache/com.unity.test-framework@bd7f943e9647/UnityEngine.TestRunner/NUnitExtensions/Commands/UnityTestMethodCommand.cs:19)
UnityEngine.TestRunner.NUnitExtensions.Runner.UnityLogCheckDelegatingCommand/<>c__DisplayClass2_0:<Execute>b__0 () (at ./Library/PackageCache/com.unity.test-framework@bd7f943e9647/UnityEngine.TestRunner/NUnitExtensions/Runner/UnityLogCheckDelegatingCommand.cs:24)
UnityEngine.TestRunner.NUnitExtensions.Runner.UnityLogCheckDelegatingCommand:CaptureException (NUnit.Framework.Internal.TestResult,System.Action) (at ./Library/PackageCache/com.unity.test-framework@bd7f943e9647/UnityEngine.TestRunner/NUnitExtensions/Runner/UnityLogCheckDelegatingCommand.cs:72)
UnityEngine.TestRunner.NUnitExtensions.Runner.UnityLogCheckDelegatingCommand:ExecuteAndCheckLog (UnityEngine.TestTools.Logging.LogScope,NUnit.Framework.Internal.TestResult,System.Action) (at ./Library/PackageCache/com.unity.test-framework@bd7f943e9647/UnityEngine.TestRunner/NUnitExtensions/Runner/UnityLogCheckDelegatingCommand.cs:83)
UnityEngine.TestRunner.NUnitExtensions.Runner.UnityLogCheckDelegatingCommand:Execute (NUnit.Framework.Internal.ITestExecutionContext) (at ./Library/PackageCache/com.unity.test-framework@bd7f943e9647/UnityEngine.TestRunner/NUnitExtensions/Runner/UnityLogCheckDelegatingCommand.cs:24)
UnityEngine.TestRunner.NUnitExtensions.Runner.UnityLogCheckDelegatingCommand/<ExecuteEnumerable>d__3:MoveNext () (at ./Library/PackageCache/com.unity.test-framework@bd7f943e9647/UnityEngine.TestRunner/NUnitExtensions/Runner/UnityLogCheckDelegatingCommand.cs:35)
UnityEngine.TestTools.BeforeAfterTestCommandBase`1/<ExecuteEnumerable>d__16<NUnit.Framework.ITestAction>:MoveNext () (at ./Library/PackageCache/com.unity.test-framework@bd7f943e9647/UnityEngine.TestRunner/NUnitExtensions/Commands/BeforeAfterTestCommandBase.cs:212)
UnityEngine.TestTools.ImmediateEnumerableCommand:Execute (NUnit.Framework.Internal.ITestExecutionContext) (at ./Library/PackageCache/com.unity.test-framework@bd7f943e9647/UnityEngine.TestRunner/NUnitExtensions/Commands/ImmediateEnumerableCommand.cs:18)
UnityEngine.TestTools.BeforeAfterTestCommandBase`1/<ExecuteEnumerable>d__16<System.Reflection.MethodInfo>:MoveNext () (at ./Library/PackageCache/com.unity.test-framework@bd7f943e9647/UnityEngine.TestRunner/NUnitExtensions/Commands/BeforeAfterTestCommandBase.cs:219)
UnityEngine.TestTools.BeforeAfterTestCommandBase`1/<ExecuteEnumerable>d__16<System.Reflection.MethodInfo>:MoveNext () (at ./Library/PackageCache/com.unity.test-framework@bd7f943e9647/UnityEngine.TestRunner/NUnitExtensions/Commands/BeforeAfterTestCommandBase.cs:212)
UnityEngine.TestTools.BeforeAfterTestCommandBase`1/<ExecuteEnumerable>d__16<UnityEngine.TestTools.IOuterUnityTestAction>:MoveNext () (at ./Library/PackageCache/com.unity.test-framework@bd7f943e9647/UnityEngine.TestRunner/NUnitExtensions/Commands/BeforeAfterTestCommandBase.cs:212)
UnityEngine.TestTools.RetryCommand/<ExecuteEnumerable>d__2:MoveNext () (at ./Library/PackageCache/com.unity.test-framework@bd7f943e9647/UnityEngine.TestRunner/NUnitExtensions/Commands/RetryCommand.cs:37)
UnityEngine.TestTools.RepeatCommand/<ExecuteEnumerable>d__2:MoveNext () (at ./Library/PackageCache/com.unity.test-framework@bd7f943e9647/UnityEngine.TestRunner/NUnitExtensions/Commands/RepeatCommand.cs:36)
UnityEngine.TestTools.IgnoreTestCommand/<ExecuteEnumerable>d__3:MoveNext () (at ./Library/PackageCache/com.unity.test-framework@bd7f943e9647/UnityEngine.TestRunner/NUnitExtensions/Commands/IgnoreTestCommand.cs:42)
UnityEngine.TestTools.StrictCheckCommand/<ExecuteEnumerable>d__2:MoveNext () (at ./Library/PackageCache/com.unity.test-framework@bd7f943e9647/UnityEngine.TestRunner/NUnitExtensions/Commands/StrictCheckCommand.cs:29)
UnityEngine.TestRunner.NUnitExtensions.Runner.DefaultTestWorkItem/<PerformWork>d__2:MoveNext () (at ./Library/PackageCache/com.unity.test-framework@bd7f943e9647/UnityEngine.TestRunner/NUnitExtensions/Runner/DefaultTestWorkItem.cs:50)
UnityEngine.TestRunner.NUnitExtensions.Runner.CompositeWorkItem/<RunChildren>d__17:MoveNext () (at ./Library/PackageCache/com.unity.test-framework@bd7f943e9647/UnityEngine.TestRunner/NUnitExtensions/Runner/CompositeWorkItem.cs:207)
UnityEngine.TestRunner.NUnitExtensions.Runner.CompositeWorkItem/<PerformWork>d__13:MoveNext () (at ./Library/PackageCache/com.unity.test-framework@bd7f943e9647/UnityEngine.TestRunner/NUnitExtensions/Runner/CompositeWorkItem.cs:82)
UnityEngine.TestRunner.NUnitExtensions.Runner.CompositeWorkItem/<RunChildren>d__17:MoveNext () (at ./Library/PackageCache/com.unity.test-framework@bd7f943e9647/UnityEngine.TestRunner/NUnitExtensions/Runner/CompositeWorkItem.cs:207)
UnityEngine.TestRunner.NUnitExtensions.Runner.CompositeWorkItem/<PerformWork>d__13:MoveNext () (at ./Library/PackageCache/com.unity.test-framework@bd7f943e9647/UnityEngine.TestRunner/NUnitExtensions/Runner/CompositeWorkItem.cs:82)
UnityEngine.TestRunner.NUnitExtensions.Runner.CompositeWorkItem/<RunChildren>d__17:MoveNext () (at ./Library/PackageCache/com.unity.test-framework@bd7f943e9647/UnityEngine.TestRunner/NUnitExtensions/Runner/CompositeWorkItem.cs:207)
UnityEngine.TestRunner.NUnitExtensions.Runner.CompositeWorkItem/<PerformWork>d__13:MoveNext () (at ./Library/PackageCache/com.unity.test-framework@bd7f943e9647/UnityEngine.TestRunner/NUnitExtensions/Runner/CompositeWorkItem.cs:82)
UnityEngine.TestRunner.NUnitExtensions.Runner.CompositeWorkItem/<RunChildren>d__17:MoveNext () (at ./Library/PackageCache/com.unity.test-framework@bd7f943e9647/UnityEngine.TestRunner/NUnitExtensions/Runner/CompositeWorkItem.cs:207)
UnityEngine.TestRunner.NUnitExtensions.Runner.CompositeWorkItem/<PerformWork>d__13:MoveNext () (at ./Library/PackageCache/com.unity.test-framework@bd7f943e9647/UnityEngine.TestRunner/NUnitExtensions/Runner/CompositeWorkItem.cs:82)
UnityEngine.TestRunner.NUnitExtensions.Runner.CompositeWorkItem/<RunChildren>d__17:MoveNext () (at ./Library/PackageCache/com.unity.test-framework@bd7f943e9647/UnityEngine.TestRunner/NUnitExtensions/Runner/CompositeWorkItem.cs:207)
UnityEngine.TestRunner.NUnitExtensions.Runner.CompositeWorkItem/<PerformWork>d__13:MoveNext () (at ./Library/PackageCache/com.unity.test-framework@bd7f943e9647/UnityEngine.TestRunner/NUnitExtensions/Runner/CompositeWorkItem.cs:82)
UnityEngine.TestRunner.NUnitExtensions.Runner.CompositeWorkItem/<RunChildren>d__17:MoveNext () (at ./Library/PackageCache/com.unity.test-framework@bd7f943e9647/UnityEngine.TestRunner/NUnitExtensions/Runner/CompositeWorkItem.cs:207)
UnityEngine.TestRunner.NUnitExtensions.Runner.CompositeWorkItem/<PerformWork>d__13:MoveNext () (at ./Library/PackageCache/com.unity.test-framework@bd7f943e9647/UnityEngine.TestRunner/NUnitExtensions/Runner/CompositeWorkItem.cs:82)
UnityEngine.TestRunner.NUnitExtensions.Runner.CompositeWorkItem/<RunChildren>d__17:MoveNext () (at ./Library/PackageCache/com.unity.test-framework@bd7f943e9647/UnityEngine.TestRunner/NUnitExtensions/Runner/CompositeWorkItem.cs:207)
UnityEngine.TestRunner.NUnitExtensions.Runner.CompositeWorkItem/<PerformWork>d__13:MoveNext () (at ./Library/PackageCache/com.unity.test-framework@bd7f943e9647/UnityEngine.TestRunner/NUnitExtensions/Runner/CompositeWorkItem.cs:82)
UnityEngine.TestRunner.NUnitExtensions.Runner.CompositeWorkItem/<RunChildren>d__17:MoveNext () (at ./Library/PackageCache/com.unity.test-framework@bd7f943e9647/UnityEngine.TestRunner/NUnitExtensions/Runner/CompositeWorkItem.cs:207)
UnityEngine.TestRunner.NUnitExtensions.Runner.CompositeWorkItem/<PerformWork>d__13:MoveNext () (at ./Library/PackageCache/com.unity.test-framework@bd7f943e9647/UnityEngine.TestRunner/NUnitExtensions/Runner/CompositeWorkItem.cs:82)
UnityEditor.TestTools.TestRunner.EditModeRunner:MoveNextAndUpdateYieldObject () (at ./Library/PackageCache/com.unity.test-framework@bd7f943e9647/UnityEditor.TestRunner/TestRunner/EditModeRunner.cs:167)
UnityEditor.TestTools.TestRunner.EditModeRunner:TestConsumer (UnityEditor.TestTools.TestRunner.TestRunnerStateSerializer) (at ./Library/PackageCache/com.unity.test-framework@bd7f943e9647/UnityEditor.TestRunner/TestRunner/EditModeRunner.cs:200)
UnityEditor.TestTools.TestRunner.TestRun.Tasks.EditModeRunTask/<Execute>d__1:MoveNext () (at ./Library/PackageCache/com.unity.test-framework@bd7f943e9647/UnityEditor.TestRunner/TestRun/Tasks/EditModeRunTask.cs:48)
UnityEditor.TestTools.TestRunner.TestRun.TestJobRunner:ExecuteStep () (at ./Library/PackageCache/com.unity.test-framework@bd7f943e9647/UnityEditor.TestRunner/TestRun/TestJobRunner.cs:173)
UnityEditor.TestTools.TestRunner.TestRun.TestJobRunner:ExecuteCallback () (at ./Library/PackageCache/com.unity.test-framework@bd7f943e9647/UnityEditor.TestRunner/TestRun/TestJobRunner.cs:108)
UnityEditor.EditorApplication:Internal_CallUpdateFunctions () (at /Users/bokken/build/output/unity/unity/Editor/Mono/EditorApplication.cs:392)

(Filename: ./Packages/com.xrlab.chooguard.foundation/Multiplayer/Tests/Editor/WorldMotionAdapterTests.cs Line: 109)

World motion traversal 0.3 metro_concourse -> underground_shopping_passage steps=293 seconds=0.5694774
UnityEngine.Debug:ExtractStackTraceNoAlloc (byte*,int,string)
UnityEngine.StackTraceUtility:ExtractStackTrace () (at /Users/bokken/build/output/unity/unity/Runtime/Export/Scripting/StackTrace.cs:35)
UnityEngine.DebugLogHandler:Internal_Log (UnityEngine.LogType,UnityEngine.LogOption,string,UnityEngine.Object)
UnityEngine.DebugLogHandler:LogFormat (UnityEngine.LogType,UnityEngine.Object,string,object[])
UnityEngine.Logger:Log (UnityEngine.LogType,object)
UnityEngine.Debug:Log (object)
ChooGuard.Foundation.Multiplayer.Tests.WorldMotionAdapterTests:BothProfilesTraverseAllThirteenRegionsAndAllTwentyFourPortalDirections (string,bool,double) (at ./Packages/com.xrlab.chooguard.foundation/Multiplayer/Tests/Editor/WorldMotionAdapterTests.cs:109)
System.Reflection.RuntimeMethodInfo:Invoke (object,System.Reflection.BindingFlags,System.Reflection.Binder,object[],System.Globalization.CultureInfo)
System.Reflection.MethodBase:Invoke (object,object[])
NUnit.Framework.Internal.Reflect:InvokeMethod (System.Reflection.MethodInfo,object,object[])
NUnit.Framework.Internal.MethodWrapper:Invoke (object,object[])
NUnit.Framework.Internal.Commands.TestMethodCommand:RunNonAsyncTestMethod (NUnit.Framework.Internal.ITestExecutionContext)
NUnit.Framework.Internal.Commands.TestMethodCommand:RunTestMethod (NUnit.Framework.Internal.ITestExecutionContext)
NUnit.Framework.Internal.Commands.TestMethodCommand:Execute (NUnit.Framework.Internal.ITestExecutionContext)
UnityEngine.TestTools.UnityTestMethodCommand:Execute (NUnit.Framework.Internal.ITestExecutionContext) (at ./Library/PackageCache/com.unity.test-framework@bd7f943e9647/UnityEngine.TestRunner/NUnitExtensions/Commands/UnityTestMethodCommand.cs:19)
UnityEngine.TestRunner.NUnitExtensions.Runner.UnityLogCheckDelegatingCommand/<>c__DisplayClass2_0:<Execute>b__0 () (at ./Library/PackageCache/com.unity.test-framework@bd7f943e9647/UnityEngine.TestRunner/NUnitExtensions/Runner/UnityLogCheckDelegatingCommand.cs:24)
UnityEngine.TestRunner.NUnitExtensions.Runner.UnityLogCheckDelegatingCommand:CaptureException (NUnit.Framework.Internal.TestResult,System.Action) (at ./Library/PackageCache/com.unity.test-framework@bd7f943e9647/UnityEngine.TestRunner/NUnitExtensions/Runner/UnityLogCheckDelegatingCommand.cs:72)
UnityEngine.TestRunner.NUnitExtensions.Runner.UnityLogCheckDelegatingCommand:ExecuteAndCheckLog (UnityEngine.TestTools.Logging.LogScope,NUnit.Framework.Internal.TestResult,System.Action) (at ./Library/PackageCache/com.unity.test-framework@bd7f943e9647/UnityEngine.TestRunner/NUnitExtensions/Runner/UnityLogCheckDelegatingCommand.cs:83)
UnityEngine.TestRunner.NUnitExtensions.Runner.UnityLogCheckDelegatingCommand:Execute (NUnit.Framework.Internal.ITestExecutionContext) (at ./Library/PackageCache/com.unity.test-framework@bd7f943e9647/UnityEngine.TestRunner/NUnitExtensions/Runner/UnityLogCheckDelegatingCommand.cs:24)
UnityEngine.TestRunner.NUnitExtensions.Runner.UnityLogCheckDelegatingCommand/<ExecuteEnumerable>d__3:MoveNext () (at ./Library/PackageCache/com.unity.test-framework@bd7f943e9647/UnityEngine.TestRunner/NUnitExtensions/Runner/UnityLogCheckDelegatingCommand.cs:35)
UnityEngine.TestTools.BeforeAfterTestCommandBase`1/<ExecuteEnumerable>d__16<NUnit.Framework.ITestAction>:MoveNext () (at ./Library/PackageCache/com.unity.test-framework@bd7f943e9647/UnityEngine.TestRunner/NUnitExtensions/Commands/BeforeAfterTestCommandBase.cs:212)
UnityEngine.TestTools.ImmediateEnumerableCommand:Execute (NUnit.Framework.Internal.ITestExecutionContext) (at ./Library/PackageCache/com.unity.test-framework@bd7f943e9647/UnityEngine.TestRunner/NUnitExtensions/Commands/ImmediateEnumerableCommand.cs:18)
UnityEngine.TestTools.BeforeAfterTestCommandBase`1/<ExecuteEnumerable>d__16<System.Reflection.MethodInfo>:MoveNext () (at ./Library/PackageCache/com.unity.test-framework@bd7f943e9647/UnityEngine.TestRunner/NUnitExtensions/Commands/BeforeAfterTestCommandBase.cs:219)
UnityEngine.TestTools.BeforeAfterTestCommandBase`1/<ExecuteEnumerable>d__16<System.Reflection.MethodInfo>:MoveNext () (at ./Library/PackageCache/com.unity.test-framework@bd7f943e9647/UnityEngine.TestRunner/NUnitExtensions/Commands/BeforeAfterTestCommandBase.cs:212)
UnityEngine.TestTools.BeforeAfterTestCommandBase`1/<ExecuteEnumerable>d__16<UnityEngine.TestTools.IOuterUnityTestAction>:MoveNext () (at ./Library/PackageCache/com.unity.test-framework@bd7f943e9647/UnityEngine.TestRunner/NUnitExtensions/Commands/BeforeAfterTestCommandBase.cs:212)
UnityEngine.TestTools.RetryCommand/<ExecuteEnumerable>d__2:MoveNext () (at ./Library/PackageCache/com.unity.test-framework@bd7f943e9647/UnityEngine.TestRunner/NUnitExtensions/Commands/RetryCommand.cs:37)
UnityEngine.TestTools.RepeatCommand/<ExecuteEnumerable>d__2:MoveNext () (at ./Library/PackageCache/com.unity.test-framework@bd7f943e9647/UnityEngine.TestRunner/NUnitExtensions/Commands/RepeatCommand.cs:36)
UnityEngine.TestTools.IgnoreTestCommand/<ExecuteEnumerable>d__3:MoveNext () (at ./Library/PackageCache/com.unity.test-framework@bd7f943e9647/UnityEngine.TestRunner/NUnitExtensions/Commands/IgnoreTestCommand.cs:42)
UnityEngine.TestTools.StrictCheckCommand/<ExecuteEnumerable>d__2:MoveNext () (at ./Library/PackageCache/com.unity.test-framework@bd7f943e9647/UnityEngine.TestRunner/NUnitExtensions/Commands/StrictCheckCommand.cs:29)
UnityEngine.TestRunner.NUnitExtensions.Runner.DefaultTestWorkItem/<PerformWork>d__2:MoveNext () (at ./Library/PackageCache/com.unity.test-framework@bd7f943e9647/UnityEngine.TestRunner/NUnitExtensions/Runner/DefaultTestWorkItem.cs:50)
UnityEngine.TestRunner.NUnitExtensions.Runner.CompositeWorkItem/<RunChildren>d__17:MoveNext () (at ./Library/PackageCache/com.unity.test-framework@bd7f943e9647/UnityEngine.TestRunner/NUnitExtensions/Runner/CompositeWorkItem.cs:207)
UnityEngine.TestRunner.NUnitExtensions.Runner.CompositeWorkItem/<PerformWork>d__13:MoveNext () (at ./Library/PackageCache/com.unity.test-framework@bd7f943e9647/UnityEngine.TestRunner/NUnitExtensions/Runner/CompositeWorkItem.cs:82)
UnityEngine.TestRunner.NUnitExtensions.Runner.CompositeWorkItem/<RunChildren>d__17:MoveNext () (at ./Library/PackageCache/com.unity.test-framework@bd7f943e9647/UnityEngine.TestRunner/NUnitExtensions/Runner/CompositeWorkItem.cs:207)
UnityEngine.TestRunner.NUnitExtensions.Runner.CompositeWorkItem/<PerformWork>d__13:MoveNext () (at ./Library/PackageCache/com.unity.test-framework@bd7f943e9647/UnityEngine.TestRunner/NUnitExtensions/Runner/CompositeWorkItem.cs:82)
UnityEngine.TestRunner.NUnitExtensions.Runner.CompositeWorkItem/<RunChildren>d__17:MoveNext () (at ./Library/PackageCache/com.unity.test-framework@bd7f943e9647/UnityEngine.TestRunner/NUnitExtensions/Runner/CompositeWorkItem.cs:207)
UnityEngine.TestRunner.NUnitExtensions.Runner.CompositeWorkItem/<PerformWork>d__13:MoveNext () (at ./Library/PackageCache/com.unity.test-framework@bd7f943e9647/UnityEngine.TestRunner/NUnitExtensions/Runner/CompositeWorkItem.cs:82)
UnityEngine.TestRunner.NUnitExtensions.Runner.CompositeWorkItem/<RunChildren>d__17:MoveNext () (at ./Library/PackageCache/com.unity.test-framework@bd7f943e9647/UnityEngine.TestRunner/NUnitExtensions/Runner/CompositeWorkItem.cs:207)
UnityEngine.TestRunner.NUnitExtensions.Runner.CompositeWorkItem/<PerformWork>d__13:MoveNext () (at ./Library/PackageCache/com.unity.test-framework@bd7f943e9647/UnityEngine.TestRunner/NUnitExtensions/Runner/CompositeWorkItem.cs:82)
UnityEngine.TestRunner.NUnitExtensions.Runner.CompositeWorkItem/<RunChildren>d__17:MoveNext () (at ./Library/PackageCache/com.unity.test-framework@bd7f943e9647/UnityEngine.TestRunner/NUnitExtensions/Runner/CompositeWorkItem.cs:207)
UnityEngine.TestRunner.NUnitExtensions.Runner.CompositeWorkItem/<PerformWork>d__13:MoveNext () (at ./Library/PackageCache/com.unity.test-framework@bd7f943e9647/UnityEngine.TestRunner/NUnitExtensions/Runner/CompositeWorkItem.cs:82)
UnityEngine.TestRunner.NUnitExtensions.Runner.CompositeWorkItem/<RunChildren>d__17:MoveNext () (at ./Library/PackageCache/com.unity.test-framework@bd7f943e9647/UnityEngine.TestRunner/NUnitExtensions/Runner/CompositeWorkItem.cs:207)
UnityEngine.TestRunner.NUnitExtensions.Runner.CompositeWorkItem/<PerformWork>d__13:MoveNext () (at ./Library/PackageCache/com.unity.test-framework@bd7f943e9647/UnityEngine.TestRunner/NUnitExtensions/Runner/CompositeWorkItem.cs:82)
UnityEngine.TestRunner.NUnitExtensions.Runner.CompositeWorkItem/<RunChildren>d__17:MoveNext () (at ./Library/PackageCache/com.unity.test-framework@bd7f943e9647/UnityEngine.TestRunner/NUnitExtensions/Runner/CompositeWorkItem.cs:207)
UnityEngine.TestRunner.NUnitExtensions.Runner.CompositeWorkItem/<PerformWork>d__13:MoveNext () (at ./Library/PackageCache/com.unity.test-framework@bd7f943e9647/UnityEngine.TestRunner/NUnitExtensions/Runner/CompositeWorkItem.cs:82)
UnityEngine.TestRunner.NUnitExtensions.Runner.CompositeWorkItem/<RunChildren>d__17:MoveNext () (at ./Library/PackageCache/com.unity.test-framework@bd7f943e9647/UnityEngine.TestRunner/NUnitExtensions/Runner/CompositeWorkItem.cs:207)
UnityEngine.TestRunner.NUnitExtensions.Runner.CompositeWorkItem/<PerformWork>d__13:MoveNext () (at ./Library/PackageCache/com.unity.test-framework@bd7f943e9647/UnityEngine.TestRunner/NUnitExtensions/Runner/CompositeWorkItem.cs:82)
UnityEditor.TestTools.TestRunner.EditModeRunner:MoveNextAndUpdateYieldObject () (at ./Library/PackageCache/com.unity.test-framework@bd7f943e9647/UnityEditor.TestRunner/TestRunner/EditModeRunner.cs:167)
UnityEditor.TestTools.TestRunner.EditModeRunner:TestConsumer (UnityEditor.TestTools.TestRunner.TestRunnerStateSerializer) (at ./Library/PackageCache/com.unity.test-framework@bd7f943e9647/UnityEditor.TestRunner/TestRunner/EditModeRunner.cs:200)
UnityEditor.TestTools.TestRunner.TestRun.Tasks.EditModeRunTask/<Execute>d__1:MoveNext () (at ./Library/PackageCache/com.unity.test-framework@bd7f943e9647/UnityEditor.TestRunner/TestRun/Tasks/EditModeRunTask.cs:48)
UnityEditor.TestTools.TestRunner.TestRun.TestJobRunner:ExecuteStep () (at ./Library/PackageCache/com.unity.test-framework@bd7f943e9647/UnityEditor.TestRunner/TestRun/TestJobRunner.cs:173)
UnityEditor.TestTools.TestRunner.TestRun.TestJobRunner:ExecuteCallback () (at ./Library/PackageCache/com.unity.test-framework@bd7f943e9647/UnityEditor.TestRunner/TestRun/TestJobRunner.cs:108)
UnityEditor.EditorApplication:Internal_CallUpdateFunctions () (at /Users/bokken/build/output/unity/unity/Editor/Mono/EditorApplication.cs:392)

(Filename: ./Packages/com.xrlab.chooguard.foundation/Multiplayer/Tests/Editor/WorldMotionAdapterTests.cs Line: 109)

World motion traversal 0.3 metro_concourse -> metro_platforms steps=312 seconds=0.7220084
UnityEngine.Debug:ExtractStackTraceNoAlloc (byte*,int,string)
UnityEngine.StackTraceUtility:ExtractStackTrace () (at /Users/bokken/build/output/unity/unity/Runtime/Export/Scripting/StackTrace.cs:35)
UnityEngine.DebugLogHandler:Internal_Log (UnityEngine.LogType,UnityEngine.LogOption,string,UnityEngine.Object)
UnityEngine.DebugLogHandler:LogFormat (UnityEngine.LogType,UnityEngine.Object,string,object[])
UnityEngine.Logger:Log (UnityEngine.LogType,object)
UnityEngine.Debug:Log (object)
ChooGuard.Foundation.Multiplayer.Tests.WorldMotionAdapterTests:BothProfilesTraverseAllThirteenRegionsAndAllTwentyFourPortalDirections (string,bool,double) (at ./Packages/com.xrlab.chooguard.foundation/Multiplayer/Tests/Editor/WorldMotionAdapterTests.cs:109)
System.Reflection.RuntimeMethodInfo:Invoke (object,System.Reflection.BindingFlags,System.Reflection.Binder,object[],System.Globalization.CultureInfo)
System.Reflection.MethodBase:Invoke (object,object[])
NUnit.Framework.Internal.Reflect:InvokeMethod (System.Reflection.MethodInfo,object,object[])
NUnit.Framework.Internal.MethodWrapper:Invoke (object,object[])
NUnit.Framework.Internal.Commands.TestMethodCommand:RunNonAsyncTestMethod (NUnit.Framework.Internal.ITestExecutionContext)
NUnit.Framework.Internal.Commands.TestMethodCommand:RunTestMethod (NUnit.Framework.Internal.ITestExecutionContext)
NUnit.Framework.Internal.Commands.TestMethodCommand:Execute (NUnit.Framework.Internal.ITestExecutionContext)
UnityEngine.TestTools.UnityTestMethodCommand:Execute (NUnit.Framework.Internal.ITestExecutionContext) (at ./Library/PackageCache/com.unity.test-framework@bd7f943e9647/UnityEngine.TestRunner/NUnitExtensions/Commands/UnityTestMethodCommand.cs:19)
UnityEngine.TestRunner.NUnitExtensions.Runner.UnityLogCheckDelegatingCommand/<>c__DisplayClass2_0:<Execute>b__0 () (at ./Library/PackageCache/com.unity.test-framework@bd7f943e9647/UnityEngine.TestRunner/NUnitExtensions/Runner/UnityLogCheckDelegatingCommand.cs:24)
UnityEngine.TestRunner.NUnitExtensions.Runner.UnityLogCheckDelegatingCommand:CaptureException (NUnit.Framework.Internal.TestResult,System.Action) (at ./Library/PackageCache/com.unity.test-framework@bd7f943e9647/UnityEngine.TestRunner/NUnitExtensions/Runner/UnityLogCheckDelegatingCommand.cs:72)
UnityEngine.TestRunner.NUnitExtensions.Runner.UnityLogCheckDelegatingCommand:ExecuteAndCheckLog (UnityEngine.TestTools.Logging.LogScope,NUnit.Framework.Internal.TestResult,System.Action) (at ./Library/PackageCache/com.unity.test-framework@bd7f943e9647/UnityEngine.TestRunner/NUnitExtensions/Runner/UnityLogCheckDelegatingCommand.cs:83)
UnityEngine.TestRunner.NUnitExtensions.Runner.UnityLogCheckDelegatingCommand:Execute (NUnit.Framework.Internal.ITestExecutionContext) (at ./Library/PackageCache/com.unity.test-framework@bd7f943e9647/UnityEngine.TestRunner/NUnitExtensions/Runner/UnityLogCheckDelegatingCommand.cs:24)
UnityEngine.TestRunner.NUnitExtensions.Runner.UnityLogCheckDelegatingCommand/<ExecuteEnumerable>d__3:MoveNext () (at ./Library/PackageCache/com.unity.test-framework@bd7f943e9647/UnityEngine.TestRunner/NUnitExtensions/Runner/UnityLogCheckDelegatingCommand.cs:35)
UnityEngine.TestTools.BeforeAfterTestCommandBase`1/<ExecuteEnumerable>d__16<NUnit.Framework.ITestAction>:MoveNext () (at ./Library/PackageCache/com.unity.test-framework@bd7f943e9647/UnityEngine.TestRunner/NUnitExtensions/Commands/BeforeAfterTestCommandBase.cs:212)
UnityEngine.TestTools.ImmediateEnumerableCommand:Execute (NUnit.Framework.Internal.ITestExecutionContext) (at ./Library/PackageCache/com.unity.test-framework@bd7f943e9647/UnityEngine.TestRunner/NUnitExtensions/Commands/ImmediateEnumerableCommand.cs:18)
UnityEngine.TestTools.BeforeAfterTestCommandBase`1/<ExecuteEnumerable>d__16<System.Reflection.MethodInfo>:MoveNext () (at ./Library/PackageCache/com.unity.test-framework@bd7f943e9647/UnityEngine.TestRunner/NUnitExtensions/Commands/BeforeAfterTestCommandBase.cs:219)
UnityEngine.TestTools.BeforeAfterTestCommandBase`1/<ExecuteEnumerable>d__16<System.Reflection.MethodInfo>:MoveNext () (at ./Library/PackageCache/com.unity.test-framework@bd7f943e9647/UnityEngine.TestRunner/NUnitExtensions/Commands/BeforeAfterTestCommandBase.cs:212)
UnityEngine.TestTools.BeforeAfterTestCommandBase`1/<ExecuteEnumerable>d__16<UnityEngine.TestTools.IOuterUnityTestAction>:MoveNext () (at ./Library/PackageCache/com.unity.test-framework@bd7f943e9647/UnityEngine.TestRunner/NUnitExtensions/Commands/BeforeAfterTestCommandBase.cs:212)
UnityEngine.TestTools.RetryCommand/<ExecuteEnumerable>d__2:MoveNext () (at ./Library/PackageCache/com.unity.test-framework@bd7f943e9647/UnityEngine.TestRunner/NUnitExtensions/Commands/RetryCommand.cs:37)
UnityEngine.TestTools.RepeatCommand/<ExecuteEnumerable>d__2:MoveNext () (at ./Library/PackageCache/com.unity.test-framework@bd7f943e9647/UnityEngine.TestRunner/NUnitExtensions/Commands/RepeatCommand.cs:36)
UnityEngine.TestTools.IgnoreTestCommand/<ExecuteEnumerable>d__3:MoveNext () (at ./Library/PackageCache/com.unity.test-framework@bd7f943e9647/UnityEngine.TestRunner/NUnitExtensions/Commands/IgnoreTestCommand.cs:42)
UnityEngine.TestTools.StrictCheckCommand/<ExecuteEnumerable>d__2:MoveNext () (at ./Library/PackageCache/com.unity.test-framework@bd7f943e9647/UnityEngine.TestRunner/NUnitExtensions/Commands/StrictCheckCommand.cs:29)
UnityEngine.TestRunner.NUnitExtensions.Runner.DefaultTestWorkItem/<PerformWork>d__2:MoveNext () (at ./Library/PackageCache/com.unity.test-framework@bd7f943e9647/UnityEngine.TestRunner/NUnitExtensions/Runner/DefaultTestWorkItem.cs:50)
UnityEngine.TestRunner.NUnitExtensions.Runner.CompositeWorkItem/<RunChildren>d__17:MoveNext () (at ./Library/PackageCache/com.unity.test-framework@bd7f943e9647/UnityEngine.TestRunner/NUnitExtensions/Runner/CompositeWorkItem.cs:207)
UnityEngine.TestRunner.NUnitExtensions.Runner.CompositeWorkItem/<PerformWork>d__13:MoveNext () (at ./Library/PackageCache/com.unity.test-framework@bd7f943e9647/UnityEngine.TestRunner/NUnitExtensions/Runner/CompositeWorkItem.cs:82)
UnityEngine.TestRunner.NUnitExtensions.Runner.CompositeWorkItem/<RunChildren>d__17:MoveNext () (at ./Library/PackageCache/com.unity.test-framework@bd7f943e9647/UnityEngine.TestRunner/NUnitExtensions/Runner/CompositeWorkItem.cs:207)
UnityEngine.TestRunner.NUnitExtensions.Runner.CompositeWorkItem/<PerformWork>d__13:MoveNext () (at ./Library/PackageCache/com.unity.test-framework@bd7f943e9647/UnityEngine.TestRunner/NUnitExtensions/Runner/CompositeWorkItem.cs:82)
UnityEngine.TestRunner.NUnitExtensions.Runner.CompositeWorkItem/<RunChildren>d__17:MoveNext () (at ./Library/PackageCache/com.unity.test-framework@bd7f943e9647/UnityEngine.TestRunner/NUnitExtensions/Runner/CompositeWorkItem.cs:207)
UnityEngine.TestRunner.NUnitExtensions.Runner.CompositeWorkItem/<PerformWork>d__13:MoveNext () (at ./Library/PackageCache/com.unity.test-framework@bd7f943e9647/UnityEngine.TestRunner/NUnitExtensions/Runner/CompositeWorkItem.cs:82)
UnityEngine.TestRunner.NUnitExtensions.Runner.CompositeWorkItem/<RunChildren>d__17:MoveNext () (at ./Library/PackageCache/com.unity.test-framework@bd7f943e9647/UnityEngine.TestRunner/NUnitExtensions/Runner/CompositeWorkItem.cs:207)
UnityEngine.TestRunner.NUnitExtensions.Runner.CompositeWorkItem/<PerformWork>d__13:MoveNext () (at ./Library/PackageCache/com.unity.test-framework@bd7f943e9647/UnityEngine.TestRunner/NUnitExtensions/Runner/CompositeWorkItem.cs:82)
UnityEngine.TestRunner.NUnitExtensions.Runner.CompositeWorkItem/<RunChildren>d__17:MoveNext () (at ./Library/PackageCache/com.unity.test-framework@bd7f943e9647/UnityEngine.TestRunner/NUnitExtensions/Runner/CompositeWorkItem.cs:207)
UnityEngine.TestRunner.NUnitExtensions.Runner.CompositeWorkItem/<PerformWork>d__13:MoveNext () (at ./Library/PackageCache/com.unity.test-framework@bd7f943e9647/UnityEngine.TestRunner/NUnitExtensions/Runner/CompositeWorkItem.cs:82)
UnityEngine.TestRunner.NUnitExtensions.Runner.CompositeWorkItem/<RunChildren>d__17:MoveNext () (at ./Library/PackageCache/com.unity.test-framework@bd7f943e9647/UnityEngine.TestRunner/NUnitExtensions/Runner/CompositeWorkItem.cs:207)
UnityEngine.TestRunner.NUnitExtensions.Runner.CompositeWorkItem/<PerformWork>d__13:MoveNext () (at ./Library/PackageCache/com.unity.test-framework@bd7f943e9647/UnityEngine.TestRunner/NUnitExtensions/Runner/CompositeWorkItem.cs:82)
UnityEngine.TestRunner.NUnitExtensions.Runner.CompositeWorkItem/<RunChildren>d__17:MoveNext () (at ./Library/PackageCache/com.unity.test-framework@bd7f943e9647/UnityEngine.TestRunner/NUnitExtensions/Runner/CompositeWorkItem.cs:207)
UnityEngine.TestRunner.NUnitExtensions.Runner.CompositeWorkItem/<PerformWork>d__13:MoveNext () (at ./Library/PackageCache/com.unity.test-framework@bd7f943e9647/UnityEngine.TestRunner/NUnitExtensions/Runner/CompositeWorkItem.cs:82)
UnityEngine.TestRunner.NUnitExtensions.Runner.CompositeWorkItem/<RunChildren>d__17:MoveNext () (at ./Library/PackageCache/com.unity.test-framework@bd7f943e9647/UnityEngine.TestRunner/NUnitExtensions/Runner/CompositeWorkItem.cs:207)
UnityEngine.TestRunner.NUnitExtensions.Runner.CompositeWorkItem/<PerformWork>d__13:MoveNext () (at ./Library/PackageCache/com.unity.test-framework@bd7f943e9647/UnityEngine.TestRunner/NUnitExtensions/Runner/CompositeWorkItem.cs:82)
UnityEditor.TestTools.TestRunner.EditModeRunner:MoveNextAndUpdateYieldObject () (at ./Library/PackageCache/com.unity.test-framework@bd7f943e9647/UnityEditor.TestRunner/TestRunner/EditModeRunner.cs:167)
UnityEditor.TestTools.TestRunner.EditModeRunner:TestConsumer (UnityEditor.TestTools.TestRunner.TestRunnerStateSerializer) (at ./Library/PackageCache/com.unity.test-framework@bd7f943e9647/UnityEditor.TestRunner/TestRunner/EditModeRunner.cs:200)
UnityEditor.TestTools.TestRunner.TestRun.Tasks.EditModeRunTask/<Execute>d__1:MoveNext () (at ./Library/PackageCache/com.unity.test-framework@bd7f943e9647/UnityEditor.TestRunner/TestRun/Tasks/EditModeRunTask.cs:48)
UnityEditor.TestTools.TestRunner.TestRun.TestJobRunner:ExecuteStep () (at ./Library/PackageCache/com.unity.test-framework@bd7f943e9647/UnityEditor.TestRunner/TestRun/TestJobRunner.cs:173)
UnityEditor.TestTools.TestRunner.TestRun.TestJobRunner:ExecuteCallback () (at ./Library/PackageCache/com.unity.test-framework@bd7f943e9647/UnityEditor.TestRunner/TestRun/TestJobRunner.cs:108)
UnityEditor.EditorApplication:Internal_CallUpdateFunctions () (at /Users/bokken/build/output/unity/unity/Editor/Mono/EditorApplication.cs:392)

(Filename: ./Packages/com.xrlab.chooguard.foundation/Multiplayer/Tests/Editor/WorldMotionAdapterTests.cs Line: 109)

World motion traversal 0.3 metro_platforms -> metro_concourse steps=312 seconds=0.6538446
UnityEngine.Debug:ExtractStackTraceNoAlloc (byte*,int,string)
UnityEngine.StackTraceUtility:ExtractStackTrace () (at /Users/bokken/build/output/unity/unity/Runtime/Export/Scripting/StackTrace.cs:35)
UnityEngine.DebugLogHandler:Internal_Log (UnityEngine.LogType,UnityEngine.LogOption,string,UnityEngine.Object)
UnityEngine.DebugLogHandler:LogFormat (UnityEngine.LogType,UnityEngine.Object,string,object[])
UnityEngine.Logger:Log (UnityEngine.LogType,object)
UnityEngine.Debug:Log (object)
ChooGuard.Foundation.Multiplayer.Tests.WorldMotionAdapterTests:BothProfilesTraverseAllThirteenRegionsAndAllTwentyFourPortalDirections (string,bool,double) (at ./Packages/com.xrlab.chooguard.foundation/Multiplayer/Tests/Editor/WorldMotionAdapterTests.cs:109)
System.Reflection.RuntimeMethodInfo:Invoke (object,System.Reflection.BindingFlags,System.Reflection.Binder,object[],System.Globalization.CultureInfo)
System.Reflection.MethodBase:Invoke (object,object[])
NUnit.Framework.Internal.Reflect:InvokeMethod (System.Reflection.MethodInfo,object,object[])
NUnit.Framework.Internal.MethodWrapper:Invoke (object,object[])
NUnit.Framework.Internal.Commands.TestMethodCommand:RunNonAsyncTestMethod (NUnit.Framework.Internal.ITestExecutionContext)
NUnit.Framework.Internal.Commands.TestMethodCommand:RunTestMethod (NUnit.Framework.Internal.ITestExecutionContext)
NUnit.Framework.Internal.Commands.TestMethodCommand:Execute (NUnit.Framework.Internal.ITestExecutionContext)
UnityEngine.TestTools.UnityTestMethodCommand:Execute (NUnit.Framework.Internal.ITestExecutionContext) (at ./Library/PackageCache/com.unity.test-framework@bd7f943e9647/UnityEngine.TestRunner/NUnitExtensions/Commands/UnityTestMethodCommand.cs:19)
UnityEngine.TestRunner.NUnitExtensions.Runner.UnityLogCheckDelegatingCommand/<>c__DisplayClass2_0:<Execute>b__0 () (at ./Library/PackageCache/com.unity.test-framework@bd7f943e9647/UnityEngine.TestRunner/NUnitExtensions/Runner/UnityLogCheckDelegatingCommand.cs:24)
UnityEngine.TestRunner.NUnitExtensions.Runner.UnityLogCheckDelegatingCommand:CaptureException (NUnit.Framework.Internal.TestResult,System.Action) (at ./Library/PackageCache/com.unity.test-framework@bd7f943e9647/UnityEngine.TestRunner/NUnitExtensions/Runner/UnityLogCheckDelegatingCommand.cs:72)
UnityEngine.TestRunner.NUnitExtensions.Runner.UnityLogCheckDelegatingCommand:ExecuteAndCheckLog (UnityEngine.TestTools.Logging.LogScope,NUnit.Framework.Internal.TestResult,System.Action) (at ./Library/PackageCache/com.unity.test-framework@bd7f943e9647/UnityEngine.TestRunner/NUnitExtensions/Runner/UnityLogCheckDelegatingCommand.cs:83)
UnityEngine.TestRunner.NUnitExtensions.Runner.UnityLogCheckDelegatingCommand:Execute (NUnit.Framework.Internal.ITestExecutionContext) (at ./Library/PackageCache/com.unity.test-framework@bd7f943e9647/UnityEngine.TestRunner/NUnitExtensions/Runner/UnityLogCheckDelegatingCommand.cs:24)
UnityEngine.TestRunner.NUnitExtensions.Runner.UnityLogCheckDelegatingCommand/<ExecuteEnumerable>d__3:MoveNext () (at ./Library/PackageCache/com.unity.test-framework@bd7f943e9647/UnityEngine.TestRunner/NUnitExtensions/Runner/UnityLogCheckDelegatingCommand.cs:35)
UnityEngine.TestTools.BeforeAfterTestCommandBase`1/<ExecuteEnumerable>d__16<NUnit.Framework.ITestAction>:MoveNext () (at ./Library/PackageCache/com.unity.test-framework@bd7f943e9647/UnityEngine.TestRunner/NUnitExtensions/Commands/BeforeAfterTestCommandBase.cs:212)
UnityEngine.TestTools.ImmediateEnumerableCommand:Execute (NUnit.Framework.Internal.ITestExecutionContext) (at ./Library/PackageCache/com.unity.test-framework@bd7f943e9647/UnityEngine.TestRunner/NUnitExtensions/Commands/ImmediateEnumerableCommand.cs:18)
UnityEngine.TestTools.BeforeAfterTestCommandBase`1/<ExecuteEnumerable>d__16<System.Reflection.MethodInfo>:MoveNext () (at ./Library/PackageCache/com.unity.test-framework@bd7f943e9647/UnityEngine.TestRunner/NUnitExtensions/Commands/BeforeAfterTestCommandBase.cs:219)
UnityEngine.TestTools.BeforeAfterTestCommandBase`1/<ExecuteEnumerable>d__16<System.Reflection.MethodInfo>:MoveNext () (at ./Library/PackageCache/com.unity.test-framework@bd7f943e9647/UnityEngine.TestRunner/NUnitExtensions/Commands/BeforeAfterTestCommandBase.cs:212)
UnityEngine.TestTools.BeforeAfterTestCommandBase`1/<ExecuteEnumerable>d__16<UnityEngine.TestTools.IOuterUnityTestAction>:MoveNext () (at ./Library/PackageCache/com.unity.test-framework@bd7f943e9647/UnityEngine.TestRunner/NUnitExtensions/Commands/BeforeAfterTestCommandBase.cs:212)
UnityEngine.TestTools.RetryCommand/<ExecuteEnumerable>d__2:MoveNext () (at ./Library/PackageCache/com.unity.test-framework@bd7f943e9647/UnityEngine.TestRunner/NUnitExtensions/Commands/RetryCommand.cs:37)
UnityEngine.TestTools.RepeatCommand/<ExecuteEnumerable>d__2:MoveNext () (at ./Library/PackageCache/com.unity.test-framework@bd7f943e9647/UnityEngine.TestRunner/NUnitExtensions/Commands/RepeatCommand.cs:36)
UnityEngine.TestTools.IgnoreTestCommand/<ExecuteEnumerable>d__3:MoveNext () (at ./Library/PackageCache/com.unity.test-framework@bd7f943e9647/UnityEngine.TestRunner/NUnitExtensions/Commands/IgnoreTestCommand.cs:42)
UnityEngine.TestTools.StrictCheckCommand/<ExecuteEnumerable>d__2:MoveNext () (at ./Library/PackageCache/com.unity.test-framework@bd7f943e9647/UnityEngine.TestRunner/NUnitExtensions/Commands/StrictCheckCommand.cs:29)
UnityEngine.TestRunner.NUnitExtensions.Runner.DefaultTestWorkItem/<PerformWork>d__2:MoveNext () (at ./Library/PackageCache/com.unity.test-framework@bd7f943e9647/UnityEngine.TestRunner/NUnitExtensions/Runner/DefaultTestWorkItem.cs:50)
UnityEngine.TestRunner.NUnitExtensions.Runner.CompositeWorkItem/<RunChildren>d__17:MoveNext () (at ./Library/PackageCache/com.unity.test-framework@bd7f943e9647/UnityEngine.TestRunner/NUnitExtensions/Runner/CompositeWorkItem.cs:207)
UnityEngine.TestRunner.NUnitExtensions.Runner.CompositeWorkItem/<PerformWork>d__13:MoveNext () (at ./Library/PackageCache/com.unity.test-framework@bd7f943e9647/UnityEngine.TestRunner/NUnitExtensions/Runner/CompositeWorkItem.cs:82)
UnityEngine.TestRunner.NUnitExtensions.Runner.CompositeWorkItem/<RunChildren>d__17:MoveNext () (at ./Library/PackageCache/com.unity.test-framework@bd7f943e9647/UnityEngine.TestRunner/NUnitExtensions/Runner/CompositeWorkItem.cs:207)
UnityEngine.TestRunner.NUnitExtensions.Runner.CompositeWorkItem/<PerformWork>d__13:MoveNext () (at ./Library/PackageCache/com.unity.test-framework@bd7f943e9647/UnityEngine.TestRunner/NUnitExtensions/Runner/CompositeWorkItem.cs:82)
UnityEngine.TestRunner.NUnitExtensions.Runner.CompositeWorkItem/<RunChildren>d__17:MoveNext () (at ./Library/PackageCache/com.unity.test-framework@bd7f943e9647/UnityEngine.TestRunner/NUnitExtensions/Runner/CompositeWorkItem.cs:207)
UnityEngine.TestRunner.NUnitExtensions.Runner.CompositeWorkItem/<PerformWork>d__13:MoveNext () (at ./Library/PackageCache/com.unity.test-framework@bd7f943e9647/UnityEngine.TestRunner/NUnitExtensions/Runner/CompositeWorkItem.cs:82)
UnityEngine.TestRunner.NUnitExtensions.Runner.CompositeWorkItem/<RunChildren>d__17:MoveNext () (at ./Library/PackageCache/com.unity.test-framework@bd7f943e9647/UnityEngine.TestRunner/NUnitExtensions/Runner/CompositeWorkItem.cs:207)
UnityEngine.TestRunner.NUnitExtensions.Runner.CompositeWorkItem/<PerformWork>d__13:MoveNext () (at ./Library/PackageCache/com.unity.test-framework@bd7f943e9647/UnityEngine.TestRunner/NUnitExtensions/Runner/CompositeWorkItem.cs:82)
UnityEngine.TestRunner.NUnitExtensions.Runner.CompositeWorkItem/<RunChildren>d__17:MoveNext () (at ./Library/PackageCache/com.unity.test-framework@bd7f943e9647/UnityEngine.TestRunner/NUnitExtensions/Runner/CompositeWorkItem.cs:207)
UnityEngine.TestRunner.NUnitExtensions.Runner.CompositeWorkItem/<PerformWork>d__13:MoveNext () (at ./Library/PackageCache/com.unity.test-framework@bd7f943e9647/UnityEngine.TestRunner/NUnitExtensions/Runner/CompositeWorkItem.cs:82)
UnityEngine.TestRunner.NUnitExtensions.Runner.CompositeWorkItem/<RunChildren>d__17:MoveNext () (at ./Library/PackageCache/com.unity.test-framework@bd7f943e9647/UnityEngine.TestRunner/NUnitExtensions/Runner/CompositeWorkItem.cs:207)
UnityEngine.TestRunner.NUnitExtensions.Runner.CompositeWorkItem/<PerformWork>d__13:MoveNext () (at ./Library/PackageCache/com.unity.test-framework@bd7f943e9647/UnityEngine.TestRunner/NUnitExtensions/Runner/CompositeWorkItem.cs:82)
UnityEngine.TestRunner.NUnitExtensions.Runner.CompositeWorkItem/<RunChildren>d__17:MoveNext () (at ./Library/PackageCache/com.unity.test-framework@bd7f943e9647/UnityEngine.TestRunner/NUnitExtensions/Runner/CompositeWorkItem.cs:207)
UnityEngine.TestRunner.NUnitExtensions.Runner.CompositeWorkItem/<PerformWork>d__13:MoveNext () (at ./Library/PackageCache/com.unity.test-framework@bd7f943e9647/UnityEngine.TestRunner/NUnitExtensions/Runner/CompositeWorkItem.cs:82)
UnityEngine.TestRunner.NUnitExtensions.Runner.CompositeWorkItem/<RunChildren>d__17:MoveNext () (at ./Library/PackageCache/com.unity.test-framework@bd7f943e9647/UnityEngine.TestRunner/NUnitExtensions/Runner/CompositeWorkItem.cs:207)
UnityEngine.TestRunner.NUnitExtensions.Runner.CompositeWorkItem/<PerformWork>d__13:MoveNext () (at ./Library/PackageCache/com.unity.test-framework@bd7f943e9647/UnityEngine.TestRunner/NUnitExtensions/Runner/CompositeWorkItem.cs:82)
UnityEditor.TestTools.TestRunner.EditModeRunner:MoveNextAndUpdateYieldObject () (at ./Library/PackageCache/com.unity.test-framework@bd7f943e9647/UnityEditor.TestRunner/TestRunner/EditModeRunner.cs:167)
UnityEditor.TestTools.TestRunner.EditModeRunner:TestConsumer (UnityEditor.TestTools.TestRunner.TestRunnerStateSerializer) (at ./Library/PackageCache/com.unity.test-framework@bd7f943e9647/UnityEditor.TestRunner/TestRunner/EditModeRunner.cs:200)
UnityEditor.TestTools.TestRunner.TestRun.Tasks.EditModeRunTask/<Execute>d__1:MoveNext () (at ./Library/PackageCache/com.unity.test-framework@bd7f943e9647/UnityEditor.TestRunner/TestRun/Tasks/EditModeRunTask.cs:48)
UnityEditor.TestTools.TestRunner.TestRun.TestJobRunner:ExecuteStep () (at ./Library/PackageCache/com.unity.test-framework@bd7f943e9647/UnityEditor.TestRunner/TestRun/TestJobRunner.cs:173)
UnityEditor.TestTools.TestRunner.TestRun.TestJobRunner:ExecuteCallback () (at ./Library/PackageCache/com.unity.test-framework@bd7f943e9647/UnityEditor.TestRunner/TestRun/TestJobRunner.cs:108)
UnityEditor.EditorApplication:Internal_CallUpdateFunctions () (at /Users/bokken/build/output/unity/unity/Editor/Mono/EditorApplication.cs:392)

(Filename: ./Packages/com.xrlab.chooguard.foundation/Multiplayer/Tests/Editor/WorldMotionAdapterTests.cs Line: 109)

World motion traversal 0.3 rolling_stock_metro -> metro_platforms steps=100 seconds=0.3026619
UnityEngine.Debug:ExtractStackTraceNoAlloc (byte*,int,string)
UnityEngine.StackTraceUtility:ExtractStackTrace () (at /Users/bokken/build/output/unity/unity/Runtime/Export/Scripting/StackTrace.cs:35)
UnityEngine.DebugLogHandler:Internal_Log (UnityEngine.LogType,UnityEngine.LogOption,string,UnityEngine.Object)
UnityEngine.DebugLogHandler:LogFormat (UnityEngine.LogType,UnityEngine.Object,string,object[])
UnityEngine.Logger:Log (UnityEngine.LogType,object)
UnityEngine.Debug:Log (object)
ChooGuard.Foundation.Multiplayer.Tests.WorldMotionAdapterTests:BothProfilesTraverseAllThirteenRegionsAndAllTwentyFourPortalDirections (string,bool,double) (at ./Packages/com.xrlab.chooguard.foundation/Multiplayer/Tests/Editor/WorldMotionAdapterTests.cs:109)
System.Reflection.RuntimeMethodInfo:Invoke (object,System.Reflection.BindingFlags,System.Reflection.Binder,object[],System.Globalization.CultureInfo)
System.Reflection.MethodBase:Invoke (object,object[])
NUnit.Framework.Internal.Reflect:InvokeMethod (System.Reflection.MethodInfo,object,object[])
NUnit.Framework.Internal.MethodWrapper:Invoke (object,object[])
NUnit.Framework.Internal.Commands.TestMethodCommand:RunNonAsyncTestMethod (NUnit.Framework.Internal.ITestExecutionContext)
NUnit.Framework.Internal.Commands.TestMethodCommand:RunTestMethod (NUnit.Framework.Internal.ITestExecutionContext)
NUnit.Framework.Internal.Commands.TestMethodCommand:Execute (NUnit.Framework.Internal.ITestExecutionContext)
UnityEngine.TestTools.UnityTestMethodCommand:Execute (NUnit.Framework.Internal.ITestExecutionContext) (at ./Library/PackageCache/com.unity.test-framework@bd7f943e9647/UnityEngine.TestRunner/NUnitExtensions/Commands/UnityTestMethodCommand.cs:19)
UnityEngine.TestRunner.NUnitExtensions.Runner.UnityLogCheckDelegatingCommand/<>c__DisplayClass2_0:<Execute>b__0 () (at ./Library/PackageCache/com.unity.test-framework@bd7f943e9647/UnityEngine.TestRunner/NUnitExtensions/Runner/UnityLogCheckDelegatingCommand.cs:24)
UnityEngine.TestRunner.NUnitExtensions.Runner.UnityLogCheckDelegatingCommand:CaptureException (NUnit.Framework.Internal.TestResult,System.Action) (at ./Library/PackageCache/com.unity.test-framework@bd7f943e9647/UnityEngine.TestRunner/NUnitExtensions/Runner/UnityLogCheckDelegatingCommand.cs:72)
UnityEngine.TestRunner.NUnitExtensions.Runner.UnityLogCheckDelegatingCommand:ExecuteAndCheckLog (UnityEngine.TestTools.Logging.LogScope,NUnit.Framework.Internal.TestResult,System.Action) (at ./Library/PackageCache/com.unity.test-framework@bd7f943e9647/UnityEngine.TestRunner/NUnitExtensions/Runner/UnityLogCheckDelegatingCommand.cs:83)
UnityEngine.TestRunner.NUnitExtensions.Runner.UnityLogCheckDelegatingCommand:Execute (NUnit.Framework.Internal.ITestExecutionContext) (at ./Library/PackageCache/com.unity.test-framework@bd7f943e9647/UnityEngine.TestRunner/NUnitExtensions/Runner/UnityLogCheckDelegatingCommand.cs:24)
UnityEngine.TestRunner.NUnitExtensions.Runner.UnityLogCheckDelegatingCommand/<ExecuteEnumerable>d__3:MoveNext () (at ./Library/PackageCache/com.unity.test-framework@bd7f943e9647/UnityEngine.TestRunner/NUnitExtensions/Runner/UnityLogCheckDelegatingCommand.cs:35)
UnityEngine.TestTools.BeforeAfterTestCommandBase`1/<ExecuteEnumerable>d__16<NUnit.Framework.ITestAction>:MoveNext () (at ./Library/PackageCache/com.unity.test-framework@bd7f943e9647/UnityEngine.TestRunner/NUnitExtensions/Commands/BeforeAfterTestCommandBase.cs:212)
UnityEngine.TestTools.ImmediateEnumerableCommand:Execute (NUnit.Framework.Internal.ITestExecutionContext) (at ./Library/PackageCache/com.unity.test-framework@bd7f943e9647/UnityEngine.TestRunner/NUnitExtensions/Commands/ImmediateEnumerableCommand.cs:18)
UnityEngine.TestTools.BeforeAfterTestCommandBase`1/<ExecuteEnumerable>d__16<System.Reflection.MethodInfo>:MoveNext () (at ./Library/PackageCache/com.unity.test-framework@bd7f943e9647/UnityEngine.TestRunner/NUnitExtensions/Commands/BeforeAfterTestCommandBase.cs:219)
UnityEngine.TestTools.BeforeAfterTestCommandBase`1/<ExecuteEnumerable>d__16<System.Reflection.MethodInfo>:MoveNext () (at ./Library/PackageCache/com.unity.test-framework@bd7f943e9647/UnityEngine.TestRunner/NUnitExtensions/Commands/BeforeAfterTestCommandBase.cs:212)
UnityEngine.TestTools.BeforeAfterTestCommandBase`1/<ExecuteEnumerable>d__16<UnityEngine.TestTools.IOuterUnityTestAction>:MoveNext () (at ./Library/PackageCache/com.unity.test-framework@bd7f943e9647/UnityEngine.TestRunner/NUnitExtensions/Commands/BeforeAfterTestCommandBase.cs:212)
UnityEngine.TestTools.RetryCommand/<ExecuteEnumerable>d__2:MoveNext () (at ./Library/PackageCache/com.unity.test-framework@bd7f943e9647/UnityEngine.TestRunner/NUnitExtensions/Commands/RetryCommand.cs:37)
UnityEngine.TestTools.RepeatCommand/<ExecuteEnumerable>d__2:MoveNext () (at ./Library/PackageCache/com.unity.test-framework@bd7f943e9647/UnityEngine.TestRunner/NUnitExtensions/Commands/RepeatCommand.cs:36)
UnityEngine.TestTools.IgnoreTestCommand/<ExecuteEnumerable>d__3:MoveNext () (at ./Library/PackageCache/com.unity.test-framework@bd7f943e9647/UnityEngine.TestRunner/NUnitExtensions/Commands/IgnoreTestCommand.cs:42)
UnityEngine.TestTools.StrictCheckCommand/<ExecuteEnumerable>d__2:MoveNext () (at ./Library/PackageCache/com.unity.test-framework@bd7f943e9647/UnityEngine.TestRunner/NUnitExtensions/Commands/StrictCheckCommand.cs:29)
UnityEngine.TestRunner.NUnitExtensions.Runner.DefaultTestWorkItem/<PerformWork>d__2:MoveNext () (at ./Library/PackageCache/com.unity.test-framework@bd7f943e9647/UnityEngine.TestRunner/NUnitExtensions/Runner/DefaultTestWorkItem.cs:50)
UnityEngine.TestRunner.NUnitExtensions.Runner.CompositeWorkItem/<RunChildren>d__17:MoveNext () (at ./Library/PackageCache/com.unity.test-framework@bd7f943e9647/UnityEngine.TestRunner/NUnitExtensions/Runner/CompositeWorkItem.cs:207)
UnityEngine.TestRunner.NUnitExtensions.Runner.CompositeWorkItem/<PerformWork>d__13:MoveNext () (at ./Library/PackageCache/com.unity.test-framework@bd7f943e9647/UnityEngine.TestRunner/NUnitExtensions/Runner/CompositeWorkItem.cs:82)
UnityEngine.TestRunner.NUnitExtensions.Runner.CompositeWorkItem/<RunChildren>d__17:MoveNext () (at ./Library/PackageCache/com.unity.test-framework@bd7f943e9647/UnityEngine.TestRunner/NUnitExtensions/Runner/CompositeWorkItem.cs:207)
UnityEngine.TestRunner.NUnitExtensions.Runner.CompositeWorkItem/<PerformWork>d__13:MoveNext () (at ./Library/PackageCache/com.unity.test-framework@bd7f943e9647/UnityEngine.TestRunner/NUnitExtensions/Runner/CompositeWorkItem.cs:82)
UnityEngine.TestRunner.NUnitExtensions.Runner.CompositeWorkItem/<RunChildren>d__17:MoveNext () (at ./Library/PackageCache/com.unity.test-framework@bd7f943e9647/UnityEngine.TestRunner/NUnitExtensions/Runner/CompositeWorkItem.cs:207)
UnityEngine.TestRunner.NUnitExtensions.Runner.CompositeWorkItem/<PerformWork>d__13:MoveNext () (at ./Library/PackageCache/com.unity.test-framework@bd7f943e9647/UnityEngine.TestRunner/NUnitExtensions/Runner/CompositeWorkItem.cs:82)
UnityEngine.TestRunner.NUnitExtensions.Runner.CompositeWorkItem/<RunChildren>d__17:MoveNext () (at ./Library/PackageCache/com.unity.test-framework@bd7f943e9647/UnityEngine.TestRunner/NUnitExtensions/Runner/CompositeWorkItem.cs:207)
UnityEngine.TestRunner.NUnitExtensions.Runner.CompositeWorkItem/<PerformWork>d__13:MoveNext () (at ./Library/PackageCache/com.unity.test-framework@bd7f943e9647/UnityEngine.TestRunner/NUnitExtensions/Runner/CompositeWorkItem.cs:82)
UnityEngine.TestRunner.NUnitExtensions.Runner.CompositeWorkItem/<RunChildren>d__17:MoveNext () (at ./Library/PackageCache/com.unity.test-framework@bd7f943e9647/UnityEngine.TestRunner/NUnitExtensions/Runner/CompositeWorkItem.cs:207)
UnityEngine.TestRunner.NUnitExtensions.Runner.CompositeWorkItem/<PerformWork>d__13:MoveNext () (at ./Library/PackageCache/com.unity.test-framework@bd7f943e9647/UnityEngine.TestRunner/NUnitExtensions/Runner/CompositeWorkItem.cs:82)
UnityEngine.TestRunner.NUnitExtensions.Runner.CompositeWorkItem/<RunChildren>d__17:MoveNext () (at ./Library/PackageCache/com.unity.test-framework@bd7f943e9647/UnityEngine.TestRunner/NUnitExtensions/Runner/CompositeWorkItem.cs:207)
UnityEngine.TestRunner.NUnitExtensions.Runner.CompositeWorkItem/<PerformWork>d__13:MoveNext () (at ./Library/PackageCache/com.unity.test-framework@bd7f943e9647/UnityEngine.TestRunner/NUnitExtensions/Runner/CompositeWorkItem.cs:82)
UnityEngine.TestRunner.NUnitExtensions.Runner.CompositeWorkItem/<RunChildren>d__17:MoveNext () (at ./Library/PackageCache/com.unity.test-framework@bd7f943e9647/UnityEngine.TestRunner/NUnitExtensions/Runner/CompositeWorkItem.cs:207)
UnityEngine.TestRunner.NUnitExtensions.Runner.CompositeWorkItem/<PerformWork>d__13:MoveNext () (at ./Library/PackageCache/com.unity.test-framework@bd7f943e9647/UnityEngine.TestRunner/NUnitExtensions/Runner/CompositeWorkItem.cs:82)
UnityEngine.TestRunner.NUnitExtensions.Runner.CompositeWorkItem/<RunChildren>d__17:MoveNext () (at ./Library/PackageCache/com.unity.test-framework@bd7f943e9647/UnityEngine.TestRunner/NUnitExtensions/Runner/CompositeWorkItem.cs:207)
UnityEngine.TestRunner.NUnitExtensions.Runner.CompositeWorkItem/<PerformWork>d__13:MoveNext () (at ./Library/PackageCache/com.unity.test-framework@bd7f943e9647/UnityEngine.TestRunner/NUnitExtensions/Runner/CompositeWorkItem.cs:82)
UnityEditor.TestTools.TestRunner.EditModeRunner:MoveNextAndUpdateYieldObject () (at ./Library/PackageCache/com.unity.test-framework@bd7f943e9647/UnityEditor.TestRunner/TestRunner/EditModeRunner.cs:167)
UnityEditor.TestTools.TestRunner.EditModeRunner:TestConsumer (UnityEditor.TestTools.TestRunner.TestRunnerStateSerializer) (at ./Library/PackageCache/com.unity.test-framework@bd7f943e9647/UnityEditor.TestRunner/TestRunner/EditModeRunner.cs:200)
UnityEditor.TestTools.TestRunner.TestRun.Tasks.EditModeRunTask/<Execute>d__1:MoveNext () (at ./Library/PackageCache/com.unity.test-framework@bd7f943e9647/UnityEditor.TestRunner/TestRun/Tasks/EditModeRunTask.cs:48)
UnityEditor.TestTools.TestRunner.TestRun.TestJobRunner:ExecuteStep () (at ./Library/PackageCache/com.unity.test-framework@bd7f943e9647/UnityEditor.TestRunner/TestRun/TestJobRunner.cs:173)
UnityEditor.TestTools.TestRunner.TestRun.TestJobRunner:ExecuteCallback () (at ./Library/PackageCache/com.unity.test-framework@bd7f943e9647/UnityEditor.TestRunner/TestRun/TestJobRunner.cs:108)
UnityEditor.EditorApplication:Internal_CallUpdateFunctions () (at /Users/bokken/build/output/unity/unity/Editor/Mono/EditorApplication.cs:392)

(Filename: ./Packages/com.xrlab.chooguard.foundation/Multiplayer/Tests/Editor/WorldMotionAdapterTests.cs Line: 109)

World motion traversal 0.3 metro_platforms -> rolling_stock_metro steps=100 seconds=0.3227058
UnityEngine.Debug:ExtractStackTraceNoAlloc (byte*,int,string)
UnityEngine.StackTraceUtility:ExtractStackTrace () (at /Users/bokken/build/output/unity/unity/Runtime/Export/Scripting/StackTrace.cs:35)
UnityEngine.DebugLogHandler:Internal_Log (UnityEngine.LogType,UnityEngine.LogOption,string,UnityEngine.Object)
UnityEngine.DebugLogHandler:LogFormat (UnityEngine.LogType,UnityEngine.Object,string,object[])
UnityEngine.Logger:Log (UnityEngine.LogType,object)
UnityEngine.Debug:Log (object)
ChooGuard.Foundation.Multiplayer.Tests.WorldMotionAdapterTests:BothProfilesTraverseAllThirteenRegionsAndAllTwentyFourPortalDirections (string,bool,double) (at ./Packages/com.xrlab.chooguard.foundation/Multiplayer/Tests/Editor/WorldMotionAdapterTests.cs:109)
System.Reflection.RuntimeMethodInfo:Invoke (object,System.Reflection.BindingFlags,System.Reflection.Binder,object[],System.Globalization.CultureInfo)
System.Reflection.MethodBase:Invoke (object,object[])
NUnit.Framework.Internal.Reflect:InvokeMethod (System.Reflection.MethodInfo,object,object[])
NUnit.Framework.Internal.MethodWrapper:Invoke (object,object[])
NUnit.Framework.Internal.Commands.TestMethodCommand:RunNonAsyncTestMethod (NUnit.Framework.Internal.ITestExecutionContext)
NUnit.Framework.Internal.Commands.TestMethodCommand:RunTestMethod (NUnit.Framework.Internal.ITestExecutionContext)
NUnit.Framework.Internal.Commands.TestMethodCommand:Execute (NUnit.Framework.Internal.ITestExecutionContext)
UnityEngine.TestTools.UnityTestMethodCommand:Execute (NUnit.Framework.Internal.ITestExecutionContext) (at ./Library/PackageCache/com.unity.test-framework@bd7f943e9647/UnityEngine.TestRunner/NUnitExtensions/Commands/UnityTestMethodCommand.cs:19)
UnityEngine.TestRunner.NUnitExtensions.Runner.UnityLogCheckDelegatingCommand/<>c__DisplayClass2_0:<Execute>b__0 () (at ./Library/PackageCache/com.unity.test-framework@bd7f943e9647/UnityEngine.TestRunner/NUnitExtensions/Runner/UnityLogCheckDelegatingCommand.cs:24)
UnityEngine.TestRunner.NUnitExtensions.Runner.UnityLogCheckDelegatingCommand:CaptureException (NUnit.Framework.Internal.TestResult,System.Action) (at ./Library/PackageCache/com.unity.test-framework@bd7f943e9647/UnityEngine.TestRunner/NUnitExtensions/Runner/UnityLogCheckDelegatingCommand.cs:72)
UnityEngine.TestRunner.NUnitExtensions.Runner.UnityLogCheckDelegatingCommand:ExecuteAndCheckLog (UnityEngine.TestTools.Logging.LogScope,NUnit.Framework.Internal.TestResult,System.Action) (at ./Library/PackageCache/com.unity.test-framework@bd7f943e9647/UnityEngine.TestRunner/NUnitExtensions/Runner/UnityLogCheckDelegatingCommand.cs:83)
UnityEngine.TestRunner.NUnitExtensions.Runner.UnityLogCheckDelegatingCommand:Execute (NUnit.Framework.Internal.ITestExecutionContext) (at ./Library/PackageCache/com.unity.test-framework@bd7f943e9647/UnityEngine.TestRunner/NUnitExtensions/Runner/UnityLogCheckDelegatingCommand.cs:24)
UnityEngine.TestRunner.NUnitExtensions.Runner.UnityLogCheckDelegatingCommand/<ExecuteEnumerable>d__3:MoveNext () (at ./Library/PackageCache/com.unity.test-framework@bd7f943e9647/UnityEngine.TestRunner/NUnitExtensions/Runner/UnityLogCheckDelegatingCommand.cs:35)
UnityEngine.TestTools.BeforeAfterTestCommandBase`1/<ExecuteEnumerable>d__16<NUnit.Framework.ITestAction>:MoveNext () (at ./Library/PackageCache/com.unity.test-framework@bd7f943e9647/UnityEngine.TestRunner/NUnitExtensions/Commands/BeforeAfterTestCommandBase.cs:212)
UnityEngine.TestTools.ImmediateEnumerableCommand:Execute (NUnit.Framework.Internal.ITestExecutionContext) (at ./Library/PackageCache/com.unity.test-framework@bd7f943e9647/UnityEngine.TestRunner/NUnitExtensions/Commands/ImmediateEnumerableCommand.cs:18)
UnityEngine.TestTools.BeforeAfterTestCommandBase`1/<ExecuteEnumerable>d__16<System.Reflection.MethodInfo>:MoveNext () (at ./Library/PackageCache/com.unity.test-framework@bd7f943e9647/UnityEngine.TestRunner/NUnitExtensions/Commands/BeforeAfterTestCommandBase.cs:219)
UnityEngine.TestTools.BeforeAfterTestCommandBase`1/<ExecuteEnumerable>d__16<System.Reflection.MethodInfo>:MoveNext () (at ./Library/PackageCache/com.unity.test-framework@bd7f943e9647/UnityEngine.TestRunner/NUnitExtensions/Commands/BeforeAfterTestCommandBase.cs:212)
UnityEngine.TestTools.BeforeAfterTestCommandBase`1/<ExecuteEnumerable>d__16<UnityEngine.TestTools.IOuterUnityTestAction>:MoveNext () (at ./Library/PackageCache/com.unity.test-framework@bd7f943e9647/UnityEngine.TestRunner/NUnitExtensions/Commands/BeforeAfterTestCommandBase.cs:212)
UnityEngine.TestTools.RetryCommand/<ExecuteEnumerable>d__2:MoveNext () (at ./Library/PackageCache/com.unity.test-framework@bd7f943e9647/UnityEngine.TestRunner/NUnitExtensions/Commands/RetryCommand.cs:37)
UnityEngine.TestTools.RepeatCommand/<ExecuteEnumerable>d__2:MoveNext () (at ./Library/PackageCache/com.unity.test-framework@bd7f943e9647/UnityEngine.TestRunner/NUnitExtensions/Commands/RepeatCommand.cs:36)
UnityEngine.TestTools.IgnoreTestCommand/<ExecuteEnumerable>d__3:MoveNext () (at ./Library/PackageCache/com.unity.test-framework@bd7f943e9647/UnityEngine.TestRunner/NUnitExtensions/Commands/IgnoreTestCommand.cs:42)
UnityEngine.TestTools.StrictCheckCommand/<ExecuteEnumerable>d__2:MoveNext () (at ./Library/PackageCache/com.unity.test-framework@bd7f943e9647/UnityEngine.TestRunner/NUnitExtensions/Commands/StrictCheckCommand.cs:29)
UnityEngine.TestRunner.NUnitExtensions.Runner.DefaultTestWorkItem/<PerformWork>d__2:MoveNext () (at ./Library/PackageCache/com.unity.test-framework@bd7f943e9647/UnityEngine.TestRunner/NUnitExtensions/Runner/DefaultTestWorkItem.cs:50)
UnityEngine.TestRunner.NUnitExtensions.Runner.CompositeWorkItem/<RunChildren>d__17:MoveNext () (at ./Library/PackageCache/com.unity.test-framework@bd7f943e9647/UnityEngine.TestRunner/NUnitExtensions/Runner/CompositeWorkItem.cs:207)
UnityEngine.TestRunner.NUnitExtensions.Runner.CompositeWorkItem/<PerformWork>d__13:MoveNext () (at ./Library/PackageCache/com.unity.test-framework@bd7f943e9647/UnityEngine.TestRunner/NUnitExtensions/Runner/CompositeWorkItem.cs:82)
UnityEngine.TestRunner.NUnitExtensions.Runner.CompositeWorkItem/<RunChildren>d__17:MoveNext () (at ./Library/PackageCache/com.unity.test-framework@bd7f943e9647/UnityEngine.TestRunner/NUnitExtensions/Runner/CompositeWorkItem.cs:207)
UnityEngine.TestRunner.NUnitExtensions.Runner.CompositeWorkItem/<PerformWork>d__13:MoveNext () (at ./Library/PackageCache/com.unity.test-framework@bd7f943e9647/UnityEngine.TestRunner/NUnitExtensions/Runner/CompositeWorkItem.cs:82)
UnityEngine.TestRunner.NUnitExtensions.Runner.CompositeWorkItem/<RunChildren>d__17:MoveNext () (at ./Library/PackageCache/com.unity.test-framework@bd7f943e9647/UnityEngine.TestRunner/NUnitExtensions/Runner/CompositeWorkItem.cs:207)
UnityEngine.TestRunner.NUnitExtensions.Runner.CompositeWorkItem/<PerformWork>d__13:MoveNext () (at ./Library/PackageCache/com.unity.test-framework@bd7f943e9647/UnityEngine.TestRunner/NUnitExtensions/Runner/CompositeWorkItem.cs:82)
UnityEngine.TestRunner.NUnitExtensions.Runner.CompositeWorkItem/<RunChildren>d__17:MoveNext () (at ./Library/PackageCache/com.unity.test-framework@bd7f943e9647/UnityEngine.TestRunner/NUnitExtensions/Runner/CompositeWorkItem.cs:207)
UnityEngine.TestRunner.NUnitExtensions.Runner.CompositeWorkItem/<PerformWork>d__13:MoveNext () (at ./Library/PackageCache/com.unity.test-framework@bd7f943e9647/UnityEngine.TestRunner/NUnitExtensions/Runner/CompositeWorkItem.cs:82)
UnityEngine.TestRunner.NUnitExtensions.Runner.CompositeWorkItem/<RunChildren>d__17:MoveNext () (at ./Library/PackageCache/com.unity.test-framework@bd7f943e9647/UnityEngine.TestRunner/NUnitExtensions/Runner/CompositeWorkItem.cs:207)
UnityEngine.TestRunner.NUnitExtensions.Runner.CompositeWorkItem/<PerformWork>d__13:MoveNext () (at ./Library/PackageCache/com.unity.test-framework@bd7f943e9647/UnityEngine.TestRunner/NUnitExtensions/Runner/CompositeWorkItem.cs:82)
UnityEngine.TestRunner.NUnitExtensions.Runner.CompositeWorkItem/<RunChildren>d__17:MoveNext () (at ./Library/PackageCache/com.unity.test-framework@bd7f943e9647/UnityEngine.TestRunner/NUnitExtensions/Runner/CompositeWorkItem.cs:207)
UnityEngine.TestRunner.NUnitExtensions.Runner.CompositeWorkItem/<PerformWork>d__13:MoveNext () (at ./Library/PackageCache/com.unity.test-framework@bd7f943e9647/UnityEngine.TestRunner/NUnitExtensions/Runner/CompositeWorkItem.cs:82)
UnityEngine.TestRunner.NUnitExtensions.Runner.CompositeWorkItem/<RunChildren>d__17:MoveNext () (at ./Library/PackageCache/com.unity.test-framework@bd7f943e9647/UnityEngine.TestRunner/NUnitExtensions/Runner/CompositeWorkItem.cs:207)
UnityEngine.TestRunner.NUnitExtensions.Runner.CompositeWorkItem/<PerformWork>d__13:MoveNext () (at ./Library/PackageCache/com.unity.test-framework@bd7f943e9647/UnityEngine.TestRunner/NUnitExtensions/Runner/CompositeWorkItem.cs:82)
UnityEngine.TestRunner.NUnitExtensions.Runner.CompositeWorkItem/<RunChildren>d__17:MoveNext () (at ./Library/PackageCache/com.unity.test-framework@bd7f943e9647/UnityEngine.TestRunner/NUnitExtensions/Runner/CompositeWorkItem.cs:207)
UnityEngine.TestRunner.NUnitExtensions.Runner.CompositeWorkItem/<PerformWork>d__13:MoveNext () (at ./Library/PackageCache/com.unity.test-framework@bd7f943e9647/UnityEngine.TestRunner/NUnitExtensions/Runner/CompositeWorkItem.cs:82)
UnityEditor.TestTools.TestRunner.EditModeRunner:MoveNextAndUpdateYieldObject () (at ./Library/PackageCache/com.unity.test-framework@bd7f943e9647/UnityEditor.TestRunner/TestRunner/EditModeRunner.cs:167)
UnityEditor.TestTools.TestRunner.EditModeRunner:TestConsumer (UnityEditor.TestTools.TestRunner.TestRunnerStateSerializer) (at ./Library/PackageCache/com.unity.test-framework@bd7f943e9647/UnityEditor.TestRunner/TestRunner/EditModeRunner.cs:200)
UnityEditor.TestTools.TestRunner.TestRun.Tasks.EditModeRunTask/<Execute>d__1:MoveNext () (at ./Library/PackageCache/com.unity.test-framework@bd7f943e9647/UnityEditor.TestRunner/TestRun/Tasks/EditModeRunTask.cs:48)
UnityEditor.TestTools.TestRunner.TestRun.TestJobRunner:ExecuteStep () (at ./Library/PackageCache/com.unity.test-framework@bd7f943e9647/UnityEditor.TestRunner/TestRun/TestJobRunner.cs:173)
UnityEditor.TestTools.TestRunner.TestRun.TestJobRunner:ExecuteCallback () (at ./Library/PackageCache/com.unity.test-framework@bd7f943e9647/UnityEditor.TestRunner/TestRun/TestJobRunner.cs:108)
UnityEditor.EditorApplication:Internal_CallUpdateFunctions () (at /Users/bokken/build/output/unity/unity/Editor/Mono/EditorApplication.cs:392)

(Filename: ./Packages/com.xrlab.chooguard.foundation/Multiplayer/Tests/Editor/WorldMotionAdapterTests.cs Line: 109)

World motion traversal 0.41 rolling_stock_mainline -> rail_platforms_mainline steps=100 seconds=0.2966416
UnityEngine.Debug:ExtractStackTraceNoAlloc (byte*,int,string)
UnityEngine.StackTraceUtility:ExtractStackTrace () (at /Users/bokken/build/output/unity/unity/Runtime/Export/Scripting/StackTrace.cs:35)
UnityEngine.DebugLogHandler:Internal_Log (UnityEngine.LogType,UnityEngine.LogOption,string,UnityEngine.Object)
UnityEngine.DebugLogHandler:LogFormat (UnityEngine.LogType,UnityEngine.Object,string,object[])
UnityEngine.Logger:Log (UnityEngine.LogType,object)
UnityEngine.Debug:Log (object)
ChooGuard.Foundation.Multiplayer.Tests.WorldMotionAdapterTests:BothProfilesTraverseAllThirteenRegionsAndAllTwentyFourPortalDirections (string,bool,double) (at ./Packages/com.xrlab.chooguard.foundation/Multiplayer/Tests/Editor/WorldMotionAdapterTests.cs:109)
System.Reflection.RuntimeMethodInfo:Invoke (object,System.Reflection.BindingFlags,System.Reflection.Binder,object[],System.Globalization.CultureInfo)
System.Reflection.MethodBase:Invoke (object,object[])
NUnit.Framework.Internal.Reflect:InvokeMethod (System.Reflection.MethodInfo,object,object[])
NUnit.Framework.Internal.MethodWrapper:Invoke (object,object[])
NUnit.Framework.Internal.Commands.TestMethodCommand:RunNonAsyncTestMethod (NUnit.Framework.Internal.ITestExecutionContext)
NUnit.Framework.Internal.Commands.TestMethodCommand:RunTestMethod (NUnit.Framework.Internal.ITestExecutionContext)
NUnit.Framework.Internal.Commands.TestMethodCommand:Execute (NUnit.Framework.Internal.ITestExecutionContext)
UnityEngine.TestTools.UnityTestMethodCommand:Execute (NUnit.Framework.Internal.ITestExecutionContext) (at ./Library/PackageCache/com.unity.test-framework@bd7f943e9647/UnityEngine.TestRunner/NUnitExtensions/Commands/UnityTestMethodCommand.cs:19)
UnityEngine.TestRunner.NUnitExtensions.Runner.UnityLogCheckDelegatingCommand/<>c__DisplayClass2_0:<Execute>b__0 () (at ./Library/PackageCache/com.unity.test-framework@bd7f943e9647/UnityEngine.TestRunner/NUnitExtensions/Runner/UnityLogCheckDelegatingCommand.cs:24)
UnityEngine.TestRunner.NUnitExtensions.Runner.UnityLogCheckDelegatingCommand:CaptureException (NUnit.Framework.Internal.TestResult,System.Action) (at ./Library/PackageCache/com.unity.test-framework@bd7f943e9647/UnityEngine.TestRunner/NUnitExtensions/Runner/UnityLogCheckDelegatingCommand.cs:72)
UnityEngine.TestRunner.NUnitExtensions.Runner.UnityLogCheckDelegatingCommand:ExecuteAndCheckLog (UnityEngine.TestTools.Logging.LogScope,NUnit.Framework.Internal.TestResult,System.Action) (at ./Library/PackageCache/com.unity.test-framework@bd7f943e9647/UnityEngine.TestRunner/NUnitExtensions/Runner/UnityLogCheckDelegatingCommand.cs:83)
UnityEngine.TestRunner.NUnitExtensions.Runner.UnityLogCheckDelegatingCommand:Execute (NUnit.Framework.Internal.ITestExecutionContext) (at ./Library/PackageCache/com.unity.test-framework@bd7f943e9647/UnityEngine.TestRunner/NUnitExtensions/Runner/UnityLogCheckDelegatingCommand.cs:24)
UnityEngine.TestRunner.NUnitExtensions.Runner.UnityLogCheckDelegatingCommand/<ExecuteEnumerable>d__3:MoveNext () (at ./Library/PackageCache/com.unity.test-framework@bd7f943e9647/UnityEngine.TestRunner/NUnitExtensions/Runner/UnityLogCheckDelegatingCommand.cs:35)
UnityEngine.TestTools.BeforeAfterTestCommandBase`1/<ExecuteEnumerable>d__16<NUnit.Framework.ITestAction>:MoveNext () (at ./Library/PackageCache/com.unity.test-framework@bd7f943e9647/UnityEngine.TestRunner/NUnitExtensions/Commands/BeforeAfterTestCommandBase.cs:212)
UnityEngine.TestTools.ImmediateEnumerableCommand:Execute (NUnit.Framework.Internal.ITestExecutionContext) (at ./Library/PackageCache/com.unity.test-framework@bd7f943e9647/UnityEngine.TestRunner/NUnitExtensions/Commands/ImmediateEnumerableCommand.cs:18)
UnityEngine.TestTools.BeforeAfterTestCommandBase`1/<ExecuteEnumerable>d__16<System.Reflection.MethodInfo>:MoveNext () (at ./Library/PackageCache/com.unity.test-framework@bd7f943e9647/UnityEngine.TestRunner/NUnitExtensions/Commands/BeforeAfterTestCommandBase.cs:219)
UnityEngine.TestTools.BeforeAfterTestCommandBase`1/<ExecuteEnumerable>d__16<System.Reflection.MethodInfo>:MoveNext () (at ./Library/PackageCache/com.unity.test-framework@bd7f943e9647/UnityEngine.TestRunner/NUnitExtensions/Commands/BeforeAfterTestCommandBase.cs:212)
UnityEngine.TestTools.BeforeAfterTestCommandBase`1/<ExecuteEnumerable>d__16<UnityEngine.TestTools.IOuterUnityTestAction>:MoveNext () (at ./Library/PackageCache/com.unity.test-framework@bd7f943e9647/UnityEngine.TestRunner/NUnitExtensions/Commands/BeforeAfterTestCommandBase.cs:212)
UnityEngine.TestTools.RetryCommand/<ExecuteEnumerable>d__2:MoveNext () (at ./Library/PackageCache/com.unity.test-framework@bd7f943e9647/UnityEngine.TestRunner/NUnitExtensions/Commands/RetryCommand.cs:37)
UnityEngine.TestTools.RepeatCommand/<ExecuteEnumerable>d__2:MoveNext () (at ./Library/PackageCache/com.unity.test-framework@bd7f943e9647/UnityEngine.TestRunner/NUnitExtensions/Commands/RepeatCommand.cs:36)
UnityEngine.TestTools.IgnoreTestCommand/<ExecuteEnumerable>d__3:MoveNext () (at ./Library/PackageCache/com.unity.test-framework@bd7f943e9647/UnityEngine.TestRunner/NUnitExtensions/Commands/IgnoreTestCommand.cs:42)
UnityEngine.TestTools.StrictCheckCommand/<ExecuteEnumerable>d__2:MoveNext () (at ./Library/PackageCache/com.unity.test-framework@bd7f943e9647/UnityEngine.TestRunner/NUnitExtensions/Commands/StrictCheckCommand.cs:29)
UnityEngine.TestRunner.NUnitExtensions.Runner.DefaultTestWorkItem/<PerformWork>d__2:MoveNext () (at ./Library/PackageCache/com.unity.test-framework@bd7f943e9647/UnityEngine.TestRunner/NUnitExtensions/Runner/DefaultTestWorkItem.cs:50)
UnityEngine.TestRunner.NUnitExtensions.Runner.CompositeWorkItem/<RunChildren>d__17:MoveNext () (at ./Library/PackageCache/com.unity.test-framework@bd7f943e9647/UnityEngine.TestRunner/NUnitExtensions/Runner/CompositeWorkItem.cs:207)
UnityEngine.TestRunner.NUnitExtensions.Runner.CompositeWorkItem/<PerformWork>d__13:MoveNext () (at ./Library/PackageCache/com.unity.test-framework@bd7f943e9647/UnityEngine.TestRunner/NUnitExtensions/Runner/CompositeWorkItem.cs:82)
UnityEngine.TestRunner.NUnitExtensions.Runner.CompositeWorkItem/<RunChildren>d__17:MoveNext () (at ./Library/PackageCache/com.unity.test-framework@bd7f943e9647/UnityEngine.TestRunner/NUnitExtensions/Runner/CompositeWorkItem.cs:207)
UnityEngine.TestRunner.NUnitExtensions.Runner.CompositeWorkItem/<PerformWork>d__13:MoveNext () (at ./Library/PackageCache/com.unity.test-framework@bd7f943e9647/UnityEngine.TestRunner/NUnitExtensions/Runner/CompositeWorkItem.cs:82)
UnityEngine.TestRunner.NUnitExtensions.Runner.CompositeWorkItem/<RunChildren>d__17:MoveNext () (at ./Library/PackageCache/com.unity.test-framework@bd7f943e9647/UnityEngine.TestRunner/NUnitExtensions/Runner/CompositeWorkItem.cs:207)
UnityEngine.TestRunner.NUnitExtensions.Runner.CompositeWorkItem/<PerformWork>d__13:MoveNext () (at ./Library/PackageCache/com.unity.test-framework@bd7f943e9647/UnityEngine.TestRunner/NUnitExtensions/Runner/CompositeWorkItem.cs:82)
UnityEngine.TestRunner.NUnitExtensions.Runner.CompositeWorkItem/<RunChildren>d__17:MoveNext () (at ./Library/PackageCache/com.unity.test-framework@bd7f943e9647/UnityEngine.TestRunner/NUnitExtensions/Runner/CompositeWorkItem.cs:207)
UnityEngine.TestRunner.NUnitExtensions.Runner.CompositeWorkItem/<PerformWork>d__13:MoveNext () (at ./Library/PackageCache/com.unity.test-framework@bd7f943e9647/UnityEngine.TestRunner/NUnitExtensions/Runner/CompositeWorkItem.cs:82)
UnityEngine.TestRunner.NUnitExtensions.Runner.CompositeWorkItem/<RunChildren>d__17:MoveNext () (at ./Library/PackageCache/com.unity.test-framework@bd7f943e9647/UnityEngine.TestRunner/NUnitExtensions/Runner/CompositeWorkItem.cs:207)
UnityEngine.TestRunner.NUnitExtensions.Runner.CompositeWorkItem/<PerformWork>d__13:MoveNext () (at ./Library/PackageCache/com.unity.test-framework@bd7f943e9647/UnityEngine.TestRunner/NUnitExtensions/Runner/CompositeWorkItem.cs:82)
UnityEngine.TestRunner.NUnitExtensions.Runner.CompositeWorkItem/<RunChildren>d__17:MoveNext () (at ./Library/PackageCache/com.unity.test-framework@bd7f943e9647/UnityEngine.TestRunner/NUnitExtensions/Runner/CompositeWorkItem.cs:207)
UnityEngine.TestRunner.NUnitExtensions.Runner.CompositeWorkItem/<PerformWork>d__13:MoveNext () (at ./Library/PackageCache/com.unity.test-framework@bd7f943e9647/UnityEngine.TestRunner/NUnitExtensions/Runner/CompositeWorkItem.cs:82)
UnityEngine.TestRunner.NUnitExtensions.Runner.CompositeWorkItem/<RunChildren>d__17:MoveNext () (at ./Library/PackageCache/com.unity.test-framework@bd7f943e9647/UnityEngine.TestRunner/NUnitExtensions/Runner/CompositeWorkItem.cs:207)
UnityEngine.TestRunner.NUnitExtensions.Runner.CompositeWorkItem/<PerformWork>d__13:MoveNext () (at ./Library/PackageCache/com.unity.test-framework@bd7f943e9647/UnityEngine.TestRunner/NUnitExtensions/Runner/CompositeWorkItem.cs:82)
UnityEngine.TestRunner.NUnitExtensions.Runner.CompositeWorkItem/<RunChildren>d__17:MoveNext () (at ./Library/PackageCache/com.unity.test-framework@bd7f943e9647/UnityEngine.TestRunner/NUnitExtensions/Runner/CompositeWorkItem.cs:207)
UnityEngine.TestRunner.NUnitExtensions.Runner.CompositeWorkItem/<PerformWork>d__13:MoveNext () (at ./Library/PackageCache/com.unity.test-framework@bd7f943e9647/UnityEngine.TestRunner/NUnitExtensions/Runner/CompositeWorkItem.cs:82)
UnityEditor.TestTools.TestRunner.EditModeRunner:MoveNextAndUpdateYieldObject () (at ./Library/PackageCache/com.unity.test-framework@bd7f943e9647/UnityEditor.TestRunner/TestRunner/EditModeRunner.cs:167)
UnityEditor.TestTools.TestRunner.EditModeRunner:TestConsumer (UnityEditor.TestTools.TestRunner.TestRunnerStateSerializer) (at ./Library/PackageCache/com.unity.test-framework@bd7f943e9647/UnityEditor.TestRunner/TestRunner/EditModeRunner.cs:200)
UnityEditor.TestTools.TestRunner.TestRun.Tasks.EditModeRunTask/<Execute>d__1:MoveNext () (at ./Library/PackageCache/com.unity.test-framework@bd7f943e9647/UnityEditor.TestRunner/TestRun/Tasks/EditModeRunTask.cs:48)
UnityEditor.TestTools.TestRunner.TestRun.TestJobRunner:ExecuteStep () (at ./Library/PackageCache/com.unity.test-framework@bd7f943e9647/UnityEditor.TestRunner/TestRun/TestJobRunner.cs:173)
UnityEditor.TestTools.TestRunner.TestRun.TestJobRunner:ExecuteCallback () (at ./Library/PackageCache/com.unity.test-framework@bd7f943e9647/UnityEditor.TestRunner/TestRun/TestJobRunner.cs:108)
UnityEditor.EditorApplication:Internal_CallUpdateFunctions () (at /Users/bokken/build/output/unity/unity/Editor/Mono/EditorApplication.cs:392)

(Filename: ./Packages/com.xrlab.chooguard.foundation/Multiplayer/Tests/Editor/WorldMotionAdapterTests.cs Line: 109)

World motion traversal 0.41 rail_platforms_mainline -> rolling_stock_mainline steps=100 seconds=0.2560576
UnityEngine.Debug:ExtractStackTraceNoAlloc (byte*,int,string)
UnityEngine.StackTraceUtility:ExtractStackTrace () (at /Users/bokken/build/output/unity/unity/Runtime/Export/Scripting/StackTrace.cs:35)
UnityEngine.DebugLogHandler:Internal_Log (UnityEngine.LogType,UnityEngine.LogOption,string,UnityEngine.Object)
UnityEngine.DebugLogHandler:LogFormat (UnityEngine.LogType,UnityEngine.Object,string,object[])
UnityEngine.Logger:Log (UnityEngine.LogType,object)
UnityEngine.Debug:Log (object)
ChooGuard.Foundation.Multiplayer.Tests.WorldMotionAdapterTests:BothProfilesTraverseAllThirteenRegionsAndAllTwentyFourPortalDirections (string,bool,double) (at ./Packages/com.xrlab.chooguard.foundation/Multiplayer/Tests/Editor/WorldMotionAdapterTests.cs:109)
System.Reflection.RuntimeMethodInfo:Invoke (object,System.Reflection.BindingFlags,System.Reflection.Binder,object[],System.Globalization.CultureInfo)
System.Reflection.MethodBase:Invoke (object,object[])
NUnit.Framework.Internal.Reflect:InvokeMethod (System.Reflection.MethodInfo,object,object[])
NUnit.Framework.Internal.MethodWrapper:Invoke (object,object[])
NUnit.Framework.Internal.Commands.TestMethodCommand:RunNonAsyncTestMethod (NUnit.Framework.Internal.ITestExecutionContext)
NUnit.Framework.Internal.Commands.TestMethodCommand:RunTestMethod (NUnit.Framework.Internal.ITestExecutionContext)
NUnit.Framework.Internal.Commands.TestMethodCommand:Execute (NUnit.Framework.Internal.ITestExecutionContext)
UnityEngine.TestTools.UnityTestMethodCommand:Execute (NUnit.Framework.Internal.ITestExecutionContext) (at ./Library/PackageCache/com.unity.test-framework@bd7f943e9647/UnityEngine.TestRunner/NUnitExtensions/Commands/UnityTestMethodCommand.cs:19)
UnityEngine.TestRunner.NUnitExtensions.Runner.UnityLogCheckDelegatingCommand/<>c__DisplayClass2_0:<Execute>b__0 () (at ./Library/PackageCache/com.unity.test-framework@bd7f943e9647/UnityEngine.TestRunner/NUnitExtensions/Runner/UnityLogCheckDelegatingCommand.cs:24)
UnityEngine.TestRunner.NUnitExtensions.Runner.UnityLogCheckDelegatingCommand:CaptureException (NUnit.Framework.Internal.TestResult,System.Action) (at ./Library/PackageCache/com.unity.test-framework@bd7f943e9647/UnityEngine.TestRunner/NUnitExtensions/Runner/UnityLogCheckDelegatingCommand.cs:72)
UnityEngine.TestRunner.NUnitExtensions.Runner.UnityLogCheckDelegatingCommand:ExecuteAndCheckLog (UnityEngine.TestTools.Logging.LogScope,NUnit.Framework.Internal.TestResult,System.Action) (at ./Library/PackageCache/com.unity.test-framework@bd7f943e9647/UnityEngine.TestRunner/NUnitExtensions/Runner/UnityLogCheckDelegatingCommand.cs:83)
UnityEngine.TestRunner.NUnitExtensions.Runner.UnityLogCheckDelegatingCommand:Execute (NUnit.Framework.Internal.ITestExecutionContext) (at ./Library/PackageCache/com.unity.test-framework@bd7f943e9647/UnityEngine.TestRunner/NUnitExtensions/Runner/UnityLogCheckDelegatingCommand.cs:24)
UnityEngine.TestRunner.NUnitExtensions.Runner.UnityLogCheckDelegatingCommand/<ExecuteEnumerable>d__3:MoveNext () (at ./Library/PackageCache/com.unity.test-framework@bd7f943e9647/UnityEngine.TestRunner/NUnitExtensions/Runner/UnityLogCheckDelegatingCommand.cs:35)
UnityEngine.TestTools.BeforeAfterTestCommandBase`1/<ExecuteEnumerable>d__16<NUnit.Framework.ITestAction>:MoveNext () (at ./Library/PackageCache/com.unity.test-framework@bd7f943e9647/UnityEngine.TestRunner/NUnitExtensions/Commands/BeforeAfterTestCommandBase.cs:212)
UnityEngine.TestTools.ImmediateEnumerableCommand:Execute (NUnit.Framework.Internal.ITestExecutionContext) (at ./Library/PackageCache/com.unity.test-framework@bd7f943e9647/UnityEngine.TestRunner/NUnitExtensions/Commands/ImmediateEnumerableCommand.cs:18)
UnityEngine.TestTools.BeforeAfterTestCommandBase`1/<ExecuteEnumerable>d__16<System.Reflection.MethodInfo>:MoveNext () (at ./Library/PackageCache/com.unity.test-framework@bd7f943e9647/UnityEngine.TestRunner/NUnitExtensions/Commands/BeforeAfterTestCommandBase.cs:219)
UnityEngine.TestTools.BeforeAfterTestCommandBase`1/<ExecuteEnumerable>d__16<System.Reflection.MethodInfo>:MoveNext () (at ./Library/PackageCache/com.unity.test-framework@bd7f943e9647/UnityEngine.TestRunner/NUnitExtensions/Commands/BeforeAfterTestCommandBase.cs:212)
UnityEngine.TestTools.BeforeAfterTestCommandBase`1/<ExecuteEnumerable>d__16<UnityEngine.TestTools.IOuterUnityTestAction>:MoveNext () (at ./Library/PackageCache/com.unity.test-framework@bd7f943e9647/UnityEngine.TestRunner/NUnitExtensions/Commands/BeforeAfterTestCommandBase.cs:212)
UnityEngine.TestTools.RetryCommand/<ExecuteEnumerable>d__2:MoveNext () (at ./Library/PackageCache/com.unity.test-framework@bd7f943e9647/UnityEngine.TestRunner/NUnitExtensions/Commands/RetryCommand.cs:37)
UnityEngine.TestTools.RepeatCommand/<ExecuteEnumerable>d__2:MoveNext () (at ./Library/PackageCache/com.unity.test-framework@bd7f943e9647/UnityEngine.TestRunner/NUnitExtensions/Commands/RepeatCommand.cs:36)
UnityEngine.TestTools.IgnoreTestCommand/<ExecuteEnumerable>d__3:MoveNext () (at ./Library/PackageCache/com.unity.test-framework@bd7f943e9647/UnityEngine.TestRunner/NUnitExtensions/Commands/IgnoreTestCommand.cs:42)
UnityEngine.TestTools.StrictCheckCommand/<ExecuteEnumerable>d__2:MoveNext () (at ./Library/PackageCache/com.unity.test-framework@bd7f943e9647/UnityEngine.TestRunner/NUnitExtensions/Commands/StrictCheckCommand.cs:29)
UnityEngine.TestRunner.NUnitExtensions.Runner.DefaultTestWorkItem/<PerformWork>d__2:MoveNext () (at ./Library/PackageCache/com.unity.test-framework@bd7f943e9647/UnityEngine.TestRunner/NUnitExtensions/Runner/DefaultTestWorkItem.cs:50)
UnityEngine.TestRunner.NUnitExtensions.Runner.CompositeWorkItem/<RunChildren>d__17:MoveNext () (at ./Library/PackageCache/com.unity.test-framework@bd7f943e9647/UnityEngine.TestRunner/NUnitExtensions/Runner/CompositeWorkItem.cs:207)
UnityEngine.TestRunner.NUnitExtensions.Runner.CompositeWorkItem/<PerformWork>d__13:MoveNext () (at ./Library/PackageCache/com.unity.test-framework@bd7f943e9647/UnityEngine.TestRunner/NUnitExtensions/Runner/CompositeWorkItem.cs:82)
UnityEngine.TestRunner.NUnitExtensions.Runner.CompositeWorkItem/<RunChildren>d__17:MoveNext () (at ./Library/PackageCache/com.unity.test-framework@bd7f943e9647/UnityEngine.TestRunner/NUnitExtensions/Runner/CompositeWorkItem.cs:207)
UnityEngine.TestRunner.NUnitExtensions.Runner.CompositeWorkItem/<PerformWork>d__13:MoveNext () (at ./Library/PackageCache/com.unity.test-framework@bd7f943e9647/UnityEngine.TestRunner/NUnitExtensions/Runner/CompositeWorkItem.cs:82)
UnityEngine.TestRunner.NUnitExtensions.Runner.CompositeWorkItem/<RunChildren>d__17:MoveNext () (at ./Library/PackageCache/com.unity.test-framework@bd7f943e9647/UnityEngine.TestRunner/NUnitExtensions/Runner/CompositeWorkItem.cs:207)
UnityEngine.TestRunner.NUnitExtensions.Runner.CompositeWorkItem/<PerformWork>d__13:MoveNext () (at ./Library/PackageCache/com.unity.test-framework@bd7f943e9647/UnityEngine.TestRunner/NUnitExtensions/Runner/CompositeWorkItem.cs:82)
UnityEngine.TestRunner.NUnitExtensions.Runner.CompositeWorkItem/<RunChildren>d__17:MoveNext () (at ./Library/PackageCache/com.unity.test-framework@bd7f943e9647/UnityEngine.TestRunner/NUnitExtensions/Runner/CompositeWorkItem.cs:207)
UnityEngine.TestRunner.NUnitExtensions.Runner.CompositeWorkItem/<PerformWork>d__13:MoveNext () (at ./Library/PackageCache/com.unity.test-framework@bd7f943e9647/UnityEngine.TestRunner/NUnitExtensions/Runner/CompositeWorkItem.cs:82)
UnityEngine.TestRunner.NUnitExtensions.Runner.CompositeWorkItem/<RunChildren>d__17:MoveNext () (at ./Library/PackageCache/com.unity.test-framework@bd7f943e9647/UnityEngine.TestRunner/NUnitExtensions/Runner/CompositeWorkItem.cs:207)
UnityEngine.TestRunner.NUnitExtensions.Runner.CompositeWorkItem/<PerformWork>d__13:MoveNext () (at ./Library/PackageCache/com.unity.test-framework@bd7f943e9647/UnityEngine.TestRunner/NUnitExtensions/Runner/CompositeWorkItem.cs:82)
UnityEngine.TestRunner.NUnitExtensions.Runner.CompositeWorkItem/<RunChildren>d__17:MoveNext () (at ./Library/PackageCache/com.unity.test-framework@bd7f943e9647/UnityEngine.TestRunner/NUnitExtensions/Runner/CompositeWorkItem.cs:207)
UnityEngine.TestRunner.NUnitExtensions.Runner.CompositeWorkItem/<PerformWork>d__13:MoveNext () (at ./Library/PackageCache/com.unity.test-framework@bd7f943e9647/UnityEngine.TestRunner/NUnitExtensions/Runner/CompositeWorkItem.cs:82)
UnityEngine.TestRunner.NUnitExtensions.Runner.CompositeWorkItem/<RunChildren>d__17:MoveNext () (at ./Library/PackageCache/com.unity.test-framework@bd7f943e9647/UnityEngine.TestRunner/NUnitExtensions/Runner/CompositeWorkItem.cs:207)
UnityEngine.TestRunner.NUnitExtensions.Runner.CompositeWorkItem/<PerformWork>d__13:MoveNext () (at ./Library/PackageCache/com.unity.test-framework@bd7f943e9647/UnityEngine.TestRunner/NUnitExtensions/Runner/CompositeWorkItem.cs:82)
UnityEngine.TestRunner.NUnitExtensions.Runner.CompositeWorkItem/<RunChildren>d__17:MoveNext () (at ./Library/PackageCache/com.unity.test-framework@bd7f943e9647/UnityEngine.TestRunner/NUnitExtensions/Runner/CompositeWorkItem.cs:207)
UnityEngine.TestRunner.NUnitExtensions.Runner.CompositeWorkItem/<PerformWork>d__13:MoveNext () (at ./Library/PackageCache/com.unity.test-framework@bd7f943e9647/UnityEngine.TestRunner/NUnitExtensions/Runner/CompositeWorkItem.cs:82)
UnityEditor.TestTools.TestRunner.EditModeRunner:MoveNextAndUpdateYieldObject () (at ./Library/PackageCache/com.unity.test-framework@bd7f943e9647/UnityEditor.TestRunner/TestRunner/EditModeRunner.cs:167)
UnityEditor.TestTools.TestRunner.EditModeRunner:TestConsumer (UnityEditor.TestTools.TestRunner.TestRunnerStateSerializer) (at ./Library/PackageCache/com.unity.test-framework@bd7f943e9647/UnityEditor.TestRunner/TestRunner/EditModeRunner.cs:200)
UnityEditor.TestTools.TestRunner.TestRun.Tasks.EditModeRunTask/<Execute>d__1:MoveNext () (at ./Library/PackageCache/com.unity.test-framework@bd7f943e9647/UnityEditor.TestRunner/TestRun/Tasks/EditModeRunTask.cs:48)
UnityEditor.TestTools.TestRunner.TestRun.TestJobRunner:ExecuteStep () (at ./Library/PackageCache/com.unity.test-framework@bd7f943e9647/UnityEditor.TestRunner/TestRun/TestJobRunner.cs:173)
UnityEditor.TestTools.TestRunner.TestRun.TestJobRunner:ExecuteCallback () (at ./Library/PackageCache/com.unity.test-framework@bd7f943e9647/UnityEditor.TestRunner/TestRun/TestJobRunner.cs:108)
UnityEditor.EditorApplication:Internal_CallUpdateFunctions () (at /Users/bokken/build/output/unity/unity/Editor/Mono/EditorApplication.cs:392)

(Filename: ./Packages/com.xrlab.chooguard.foundation/Multiplayer/Tests/Editor/WorldMotionAdapterTests.cs Line: 109)

World motion traversal 0.41 rail_tracks_mainline -> rail_platforms_mainline steps=91 seconds=0.2732173
UnityEngine.Debug:ExtractStackTraceNoAlloc (byte*,int,string)
UnityEngine.StackTraceUtility:ExtractStackTrace () (at /Users/bokken/build/output/unity/unity/Runtime/Export/Scripting/StackTrace.cs:35)
UnityEngine.DebugLogHandler:Internal_Log (UnityEngine.LogType,UnityEngine.LogOption,string,UnityEngine.Object)
UnityEngine.DebugLogHandler:LogFormat (UnityEngine.LogType,UnityEngine.Object,string,object[])
UnityEngine.Logger:Log (UnityEngine.LogType,object)
UnityEngine.Debug:Log (object)
ChooGuard.Foundation.Multiplayer.Tests.WorldMotionAdapterTests:BothProfilesTraverseAllThirteenRegionsAndAllTwentyFourPortalDirections (string,bool,double) (at ./Packages/com.xrlab.chooguard.foundation/Multiplayer/Tests/Editor/WorldMotionAdapterTests.cs:109)
System.Reflection.RuntimeMethodInfo:Invoke (object,System.Reflection.BindingFlags,System.Reflection.Binder,object[],System.Globalization.CultureInfo)
System.Reflection.MethodBase:Invoke (object,object[])
NUnit.Framework.Internal.Reflect:InvokeMethod (System.Reflection.MethodInfo,object,object[])
NUnit.Framework.Internal.MethodWrapper:Invoke (object,object[])
NUnit.Framework.Internal.Commands.TestMethodCommand:RunNonAsyncTestMethod (NUnit.Framework.Internal.ITestExecutionContext)
NUnit.Framework.Internal.Commands.TestMethodCommand:RunTestMethod (NUnit.Framework.Internal.ITestExecutionContext)
NUnit.Framework.Internal.Commands.TestMethodCommand:Execute (NUnit.Framework.Internal.ITestExecutionContext)
UnityEngine.TestTools.UnityTestMethodCommand:Execute (NUnit.Framework.Internal.ITestExecutionContext) (at ./Library/PackageCache/com.unity.test-framework@bd7f943e9647/UnityEngine.TestRunner/NUnitExtensions/Commands/UnityTestMethodCommand.cs:19)
UnityEngine.TestRunner.NUnitExtensions.Runner.UnityLogCheckDelegatingCommand/<>c__DisplayClass2_0:<Execute>b__0 () (at ./Library/PackageCache/com.unity.test-framework@bd7f943e9647/UnityEngine.TestRunner/NUnitExtensions/Runner/UnityLogCheckDelegatingCommand.cs:24)
UnityEngine.TestRunner.NUnitExtensions.Runner.UnityLogCheckDelegatingCommand:CaptureException (NUnit.Framework.Internal.TestResult,System.Action) (at ./Library/PackageCache/com.unity.test-framework@bd7f943e9647/UnityEngine.TestRunner/NUnitExtensions/Runner/UnityLogCheckDelegatingCommand.cs:72)
UnityEngine.TestRunner.NUnitExtensions.Runner.UnityLogCheckDelegatingCommand:ExecuteAndCheckLog (UnityEngine.TestTools.Logging.LogScope,NUnit.Framework.Internal.TestResult,System.Action) (at ./Library/PackageCache/com.unity.test-framework@bd7f943e9647/UnityEngine.TestRunner/NUnitExtensions/Runner/UnityLogCheckDelegatingCommand.cs:83)
UnityEngine.TestRunner.NUnitExtensions.Runner.UnityLogCheckDelegatingCommand:Execute (NUnit.Framework.Internal.ITestExecutionContext) (at ./Library/PackageCache/com.unity.test-framework@bd7f943e9647/UnityEngine.TestRunner/NUnitExtensions/Runner/UnityLogCheckDelegatingCommand.cs:24)
UnityEngine.TestRunner.NUnitExtensions.Runner.UnityLogCheckDelegatingCommand/<ExecuteEnumerable>d__3:MoveNext () (at ./Library/PackageCache/com.unity.test-framework@bd7f943e9647/UnityEngine.TestRunner/NUnitExtensions/Runner/UnityLogCheckDelegatingCommand.cs:35)
UnityEngine.TestTools.BeforeAfterTestCommandBase`1/<ExecuteEnumerable>d__16<NUnit.Framework.ITestAction>:MoveNext () (at ./Library/PackageCache/com.unity.test-framework@bd7f943e9647/UnityEngine.TestRunner/NUnitExtensions/Commands/BeforeAfterTestCommandBase.cs:212)
UnityEngine.TestTools.ImmediateEnumerableCommand:Execute (NUnit.Framework.Internal.ITestExecutionContext) (at ./Library/PackageCache/com.unity.test-framework@bd7f943e9647/UnityEngine.TestRunner/NUnitExtensions/Commands/ImmediateEnumerableCommand.cs:18)
UnityEngine.TestTools.BeforeAfterTestCommandBase`1/<ExecuteEnumerable>d__16<System.Reflection.MethodInfo>:MoveNext () (at ./Library/PackageCache/com.unity.test-framework@bd7f943e9647/UnityEngine.TestRunner/NUnitExtensions/Commands/BeforeAfterTestCommandBase.cs:219)
UnityEngine.TestTools.BeforeAfterTestCommandBase`1/<ExecuteEnumerable>d__16<System.Reflection.MethodInfo>:MoveNext () (at ./Library/PackageCache/com.unity.test-framework@bd7f943e9647/UnityEngine.TestRunner/NUnitExtensions/Commands/BeforeAfterTestCommandBase.cs:212)
UnityEngine.TestTools.BeforeAfterTestCommandBase`1/<ExecuteEnumerable>d__16<UnityEngine.TestTools.IOuterUnityTestAction>:MoveNext () (at ./Library/PackageCache/com.unity.test-framework@bd7f943e9647/UnityEngine.TestRunner/NUnitExtensions/Commands/BeforeAfterTestCommandBase.cs:212)
UnityEngine.TestTools.RetryCommand/<ExecuteEnumerable>d__2:MoveNext () (at ./Library/PackageCache/com.unity.test-framework@bd7f943e9647/UnityEngine.TestRunner/NUnitExtensions/Commands/RetryCommand.cs:37)
UnityEngine.TestTools.RepeatCommand/<ExecuteEnumerable>d__2:MoveNext () (at ./Library/PackageCache/com.unity.test-framework@bd7f943e9647/UnityEngine.TestRunner/NUnitExtensions/Commands/RepeatCommand.cs:36)
UnityEngine.TestTools.IgnoreTestCommand/<ExecuteEnumerable>d__3:MoveNext () (at ./Library/PackageCache/com.unity.test-framework@bd7f943e9647/UnityEngine.TestRunner/NUnitExtensions/Commands/IgnoreTestCommand.cs:42)
UnityEngine.TestTools.StrictCheckCommand/<ExecuteEnumerable>d__2:MoveNext () (at ./Library/PackageCache/com.unity.test-framework@bd7f943e9647/UnityEngine.TestRunner/NUnitExtensions/Commands/StrictCheckCommand.cs:29)
UnityEngine.TestRunner.NUnitExtensions.Runner.DefaultTestWorkItem/<PerformWork>d__2:MoveNext () (at ./Library/PackageCache/com.unity.test-framework@bd7f943e9647/UnityEngine.TestRunner/NUnitExtensions/Runner/DefaultTestWorkItem.cs:50)
UnityEngine.TestRunner.NUnitExtensions.Runner.CompositeWorkItem/<RunChildren>d__17:MoveNext () (at ./Library/PackageCache/com.unity.test-framework@bd7f943e9647/UnityEngine.TestRunner/NUnitExtensions/Runner/CompositeWorkItem.cs:207)
UnityEngine.TestRunner.NUnitExtensions.Runner.CompositeWorkItem/<PerformWork>d__13:MoveNext () (at ./Library/PackageCache/com.unity.test-framework@bd7f943e9647/UnityEngine.TestRunner/NUnitExtensions/Runner/CompositeWorkItem.cs:82)
UnityEngine.TestRunner.NUnitExtensions.Runner.CompositeWorkItem/<RunChildren>d__17:MoveNext () (at ./Library/PackageCache/com.unity.test-framework@bd7f943e9647/UnityEngine.TestRunner/NUnitExtensions/Runner/CompositeWorkItem.cs:207)
UnityEngine.TestRunner.NUnitExtensions.Runner.CompositeWorkItem/<PerformWork>d__13:MoveNext () (at ./Library/PackageCache/com.unity.test-framework@bd7f943e9647/UnityEngine.TestRunner/NUnitExtensions/Runner/CompositeWorkItem.cs:82)
UnityEngine.TestRunner.NUnitExtensions.Runner.CompositeWorkItem/<RunChildren>d__17:MoveNext () (at ./Library/PackageCache/com.unity.test-framework@bd7f943e9647/UnityEngine.TestRunner/NUnitExtensions/Runner/CompositeWorkItem.cs:207)
UnityEngine.TestRunner.NUnitExtensions.Runner.CompositeWorkItem/<PerformWork>d__13:MoveNext () (at ./Library/PackageCache/com.unity.test-framework@bd7f943e9647/UnityEngine.TestRunner/NUnitExtensions/Runner/CompositeWorkItem.cs:82)
UnityEngine.TestRunner.NUnitExtensions.Runner.CompositeWorkItem/<RunChildren>d__17:MoveNext () (at ./Library/PackageCache/com.unity.test-framework@bd7f943e9647/UnityEngine.TestRunner/NUnitExtensions/Runner/CompositeWorkItem.cs:207)
UnityEngine.TestRunner.NUnitExtensions.Runner.CompositeWorkItem/<PerformWork>d__13:MoveNext () (at ./Library/PackageCache/com.unity.test-framework@bd7f943e9647/UnityEngine.TestRunner/NUnitExtensions/Runner/CompositeWorkItem.cs:82)
UnityEngine.TestRunner.NUnitExtensions.Runner.CompositeWorkItem/<RunChildren>d__17:MoveNext () (at ./Library/PackageCache/com.unity.test-framework@bd7f943e9647/UnityEngine.TestRunner/NUnitExtensions/Runner/CompositeWorkItem.cs:207)
UnityEngine.TestRunner.NUnitExtensions.Runner.CompositeWorkItem/<PerformWork>d__13:MoveNext () (at ./Library/PackageCache/com.unity.test-framework@bd7f943e9647/UnityEngine.TestRunner/NUnitExtensions/Runner/CompositeWorkItem.cs:82)
UnityEngine.TestRunner.NUnitExtensions.Runner.CompositeWorkItem/<RunChildren>d__17:MoveNext () (at ./Library/PackageCache/com.unity.test-framework@bd7f943e9647/UnityEngine.TestRunner/NUnitExtensions/Runner/CompositeWorkItem.cs:207)
UnityEngine.TestRunner.NUnitExtensions.Runner.CompositeWorkItem/<PerformWork>d__13:MoveNext () (at ./Library/PackageCache/com.unity.test-framework@bd7f943e9647/UnityEngine.TestRunner/NUnitExtensions/Runner/CompositeWorkItem.cs:82)
UnityEngine.TestRunner.NUnitExtensions.Runner.CompositeWorkItem/<RunChildren>d__17:MoveNext () (at ./Library/PackageCache/com.unity.test-framework@bd7f943e9647/UnityEngine.TestRunner/NUnitExtensions/Runner/CompositeWorkItem.cs:207)
UnityEngine.TestRunner.NUnitExtensions.Runner.CompositeWorkItem/<PerformWork>d__13:MoveNext () (at ./Library/PackageCache/com.unity.test-framework@bd7f943e9647/UnityEngine.TestRunner/NUnitExtensions/Runner/CompositeWorkItem.cs:82)
UnityEngine.TestRunner.NUnitExtensions.Runner.CompositeWorkItem/<RunChildren>d__17:MoveNext () (at ./Library/PackageCache/com.unity.test-framework@bd7f943e9647/UnityEngine.TestRunner/NUnitExtensions/Runner/CompositeWorkItem.cs:207)
UnityEngine.TestRunner.NUnitExtensions.Runner.CompositeWorkItem/<PerformWork>d__13:MoveNext () (at ./Library/PackageCache/com.unity.test-framework@bd7f943e9647/UnityEngine.TestRunner/NUnitExtensions/Runner/CompositeWorkItem.cs:82)
UnityEditor.TestTools.TestRunner.EditModeRunner:MoveNextAndUpdateYieldObject () (at ./Library/PackageCache/com.unity.test-framework@bd7f943e9647/UnityEditor.TestRunner/TestRunner/EditModeRunner.cs:167)
UnityEditor.TestTools.TestRunner.EditModeRunner:TestConsumer (UnityEditor.TestTools.TestRunner.TestRunnerStateSerializer) (at ./Library/PackageCache/com.unity.test-framework@bd7f943e9647/UnityEditor.TestRunner/TestRunner/EditModeRunner.cs:200)
UnityEditor.TestTools.TestRunner.TestRun.Tasks.EditModeRunTask/<Execute>d__1:MoveNext () (at ./Library/PackageCache/com.unity.test-framework@bd7f943e9647/UnityEditor.TestRunner/TestRun/Tasks/EditModeRunTask.cs:48)
UnityEditor.TestTools.TestRunner.TestRun.TestJobRunner:ExecuteStep () (at ./Library/PackageCache/com.unity.test-framework@bd7f943e9647/UnityEditor.TestRunner/TestRun/TestJobRunner.cs:173)
UnityEditor.TestTools.TestRunner.TestRun.TestJobRunner:ExecuteCallback () (at ./Library/PackageCache/com.unity.test-framework@bd7f943e9647/UnityEditor.TestRunner/TestRun/TestJobRunner.cs:108)
UnityEditor.EditorApplication:Internal_CallUpdateFunctions () (at /Users/bokken/build/output/unity/unity/Editor/Mono/EditorApplication.cs:392)

(Filename: ./Packages/com.xrlab.chooguard.foundation/Multiplayer/Tests/Editor/WorldMotionAdapterTests.cs Line: 109)

World motion traversal 0.41 rail_platforms_mainline -> rail_tracks_mainline steps=91 seconds=0.2526268
UnityEngine.Debug:ExtractStackTraceNoAlloc (byte*,int,string)
UnityEngine.StackTraceUtility:ExtractStackTrace () (at /Users/bokken/build/output/unity/unity/Runtime/Export/Scripting/StackTrace.cs:35)
UnityEngine.DebugLogHandler:Internal_Log (UnityEngine.LogType,UnityEngine.LogOption,string,UnityEngine.Object)
UnityEngine.DebugLogHandler:LogFormat (UnityEngine.LogType,UnityEngine.Object,string,object[])
UnityEngine.Logger:Log (UnityEngine.LogType,object)
UnityEngine.Debug:Log (object)
ChooGuard.Foundation.Multiplayer.Tests.WorldMotionAdapterTests:BothProfilesTraverseAllThirteenRegionsAndAllTwentyFourPortalDirections (string,bool,double) (at ./Packages/com.xrlab.chooguard.foundation/Multiplayer/Tests/Editor/WorldMotionAdapterTests.cs:109)
System.Reflection.RuntimeMethodInfo:Invoke (object,System.Reflection.BindingFlags,System.Reflection.Binder,object[],System.Globalization.CultureInfo)
System.Reflection.MethodBase:Invoke (object,object[])
NUnit.Framework.Internal.Reflect:InvokeMethod (System.Reflection.MethodInfo,object,object[])
NUnit.Framework.Internal.MethodWrapper:Invoke (object,object[])
NUnit.Framework.Internal.Commands.TestMethodCommand:RunNonAsyncTestMethod (NUnit.Framework.Internal.ITestExecutionContext)
NUnit.Framework.Internal.Commands.TestMethodCommand:RunTestMethod (NUnit.Framework.Internal.ITestExecutionContext)
NUnit.Framework.Internal.Commands.TestMethodCommand:Execute (NUnit.Framework.Internal.ITestExecutionContext)
UnityEngine.TestTools.UnityTestMethodCommand:Execute (NUnit.Framework.Internal.ITestExecutionContext) (at ./Library/PackageCache/com.unity.test-framework@bd7f943e9647/UnityEngine.TestRunner/NUnitExtensions/Commands/UnityTestMethodCommand.cs:19)
UnityEngine.TestRunner.NUnitExtensions.Runner.UnityLogCheckDelegatingCommand/<>c__DisplayClass2_0:<Execute>b__0 () (at ./Library/PackageCache/com.unity.test-framework@bd7f943e9647/UnityEngine.TestRunner/NUnitExtensions/Runner/UnityLogCheckDelegatingCommand.cs:24)
UnityEngine.TestRunner.NUnitExtensions.Runner.UnityLogCheckDelegatingCommand:CaptureException (NUnit.Framework.Internal.TestResult,System.Action) (at ./Library/PackageCache/com.unity.test-framework@bd7f943e9647/UnityEngine.TestRunner/NUnitExtensions/Runner/UnityLogCheckDelegatingCommand.cs:72)
UnityEngine.TestRunner.NUnitExtensions.Runner.UnityLogCheckDelegatingCommand:ExecuteAndCheckLog (UnityEngine.TestTools.Logging.LogScope,NUnit.Framework.Internal.TestResult,System.Action) (at ./Library/PackageCache/com.unity.test-framework@bd7f943e9647/UnityEngine.TestRunner/NUnitExtensions/Runner/UnityLogCheckDelegatingCommand.cs:83)
UnityEngine.TestRunner.NUnitExtensions.Runner.UnityLogCheckDelegatingCommand:Execute (NUnit.Framework.Internal.ITestExecutionContext) (at ./Library/PackageCache/com.unity.test-framework@bd7f943e9647/UnityEngine.TestRunner/NUnitExtensions/Runner/UnityLogCheckDelegatingCommand.cs:24)
UnityEngine.TestRunner.NUnitExtensions.Runner.UnityLogCheckDelegatingCommand/<ExecuteEnumerable>d__3:MoveNext () (at ./Library/PackageCache/com.unity.test-framework@bd7f943e9647/UnityEngine.TestRunner/NUnitExtensions/Runner/UnityLogCheckDelegatingCommand.cs:35)
UnityEngine.TestTools.BeforeAfterTestCommandBase`1/<ExecuteEnumerable>d__16<NUnit.Framework.ITestAction>:MoveNext () (at ./Library/PackageCache/com.unity.test-framework@bd7f943e9647/UnityEngine.TestRunner/NUnitExtensions/Commands/BeforeAfterTestCommandBase.cs:212)
UnityEngine.TestTools.ImmediateEnumerableCommand:Execute (NUnit.Framework.Internal.ITestExecutionContext) (at ./Library/PackageCache/com.unity.test-framework@bd7f943e9647/UnityEngine.TestRunner/NUnitExtensions/Commands/ImmediateEnumerableCommand.cs:18)
UnityEngine.TestTools.BeforeAfterTestCommandBase`1/<ExecuteEnumerable>d__16<System.Reflection.MethodInfo>:MoveNext () (at ./Library/PackageCache/com.unity.test-framework@bd7f943e9647/UnityEngine.TestRunner/NUnitExtensions/Commands/BeforeAfterTestCommandBase.cs:219)
UnityEngine.TestTools.BeforeAfterTestCommandBase`1/<ExecuteEnumerable>d__16<System.Reflection.MethodInfo>:MoveNext () (at ./Library/PackageCache/com.unity.test-framework@bd7f943e9647/UnityEngine.TestRunner/NUnitExtensions/Commands/BeforeAfterTestCommandBase.cs:212)
UnityEngine.TestTools.BeforeAfterTestCommandBase`1/<ExecuteEnumerable>d__16<UnityEngine.TestTools.IOuterUnityTestAction>:MoveNext () (at ./Library/PackageCache/com.unity.test-framework@bd7f943e9647/UnityEngine.TestRunner/NUnitExtensions/Commands/BeforeAfterTestCommandBase.cs:212)
UnityEngine.TestTools.RetryCommand/<ExecuteEnumerable>d__2:MoveNext () (at ./Library/PackageCache/com.unity.test-framework@bd7f943e9647/UnityEngine.TestRunner/NUnitExtensions/Commands/RetryCommand.cs:37)
UnityEngine.TestTools.RepeatCommand/<ExecuteEnumerable>d__2:MoveNext () (at ./Library/PackageCache/com.unity.test-framework@bd7f943e9647/UnityEngine.TestRunner/NUnitExtensions/Commands/RepeatCommand.cs:36)
UnityEngine.TestTools.IgnoreTestCommand/<ExecuteEnumerable>d__3:MoveNext () (at ./Library/PackageCache/com.unity.test-framework@bd7f943e9647/UnityEngine.TestRunner/NUnitExtensions/Commands/IgnoreTestCommand.cs:42)
UnityEngine.TestTools.StrictCheckCommand/<ExecuteEnumerable>d__2:MoveNext () (at ./Library/PackageCache/com.unity.test-framework@bd7f943e9647/UnityEngine.TestRunner/NUnitExtensions/Commands/StrictCheckCommand.cs:29)
UnityEngine.TestRunner.NUnitExtensions.Runner.DefaultTestWorkItem/<PerformWork>d__2:MoveNext () (at ./Library/PackageCache/com.unity.test-framework@bd7f943e9647/UnityEngine.TestRunner/NUnitExtensions/Runner/DefaultTestWorkItem.cs:50)
UnityEngine.TestRunner.NUnitExtensions.Runner.CompositeWorkItem/<RunChildren>d__17:MoveNext () (at ./Library/PackageCache/com.unity.test-framework@bd7f943e9647/UnityEngine.TestRunner/NUnitExtensions/Runner/CompositeWorkItem.cs:207)
UnityEngine.TestRunner.NUnitExtensions.Runner.CompositeWorkItem/<PerformWork>d__13:MoveNext () (at ./Library/PackageCache/com.unity.test-framework@bd7f943e9647/UnityEngine.TestRunner/NUnitExtensions/Runner/CompositeWorkItem.cs:82)
UnityEngine.TestRunner.NUnitExtensions.Runner.CompositeWorkItem/<RunChildren>d__17:MoveNext () (at ./Library/PackageCache/com.unity.test-framework@bd7f943e9647/UnityEngine.TestRunner/NUnitExtensions/Runner/CompositeWorkItem.cs:207)
UnityEngine.TestRunner.NUnitExtensions.Runner.CompositeWorkItem/<PerformWork>d__13:MoveNext () (at ./Library/PackageCache/com.unity.test-framework@bd7f943e9647/UnityEngine.TestRunner/NUnitExtensions/Runner/CompositeWorkItem.cs:82)
UnityEngine.TestRunner.NUnitExtensions.Runner.CompositeWorkItem/<RunChildren>d__17:MoveNext () (at ./Library/PackageCache/com.unity.test-framework@bd7f943e9647/UnityEngine.TestRunner/NUnitExtensions/Runner/CompositeWorkItem.cs:207)
UnityEngine.TestRunner.NUnitExtensions.Runner.CompositeWorkItem/<PerformWork>d__13:MoveNext () (at ./Library/PackageCache/com.unity.test-framework@bd7f943e9647/UnityEngine.TestRunner/NUnitExtensions/Runner/CompositeWorkItem.cs:82)
UnityEngine.TestRunner.NUnitExtensions.Runner.CompositeWorkItem/<RunChildren>d__17:MoveNext () (at ./Library/PackageCache/com.unity.test-framework@bd7f943e9647/UnityEngine.TestRunner/NUnitExtensions/Runner/CompositeWorkItem.cs:207)
UnityEngine.TestRunner.NUnitExtensions.Runner.CompositeWorkItem/<PerformWork>d__13:MoveNext () (at ./Library/PackageCache/com.unity.test-framework@bd7f943e9647/UnityEngine.TestRunner/NUnitExtensions/Runner/CompositeWorkItem.cs:82)
UnityEngine.TestRunner.NUnitExtensions.Runner.CompositeWorkItem/<RunChildren>d__17:MoveNext () (at ./Library/PackageCache/com.unity.test-framework@bd7f943e9647/UnityEngine.TestRunner/NUnitExtensions/Runner/CompositeWorkItem.cs:207)
UnityEngine.TestRunner.NUnitExtensions.Runner.CompositeWorkItem/<PerformWork>d__13:MoveNext () (at ./Library/PackageCache/com.unity.test-framework@bd7f943e9647/UnityEngine.TestRunner/NUnitExtensions/Runner/CompositeWorkItem.cs:82)
UnityEngine.TestRunner.NUnitExtensions.Runner.CompositeWorkItem/<RunChildren>d__17:MoveNext () (at ./Library/PackageCache/com.unity.test-framework@bd7f943e9647/UnityEngine.TestRunner/NUnitExtensions/Runner/CompositeWorkItem.cs:207)
UnityEngine.TestRunner.NUnitExtensions.Runner.CompositeWorkItem/<PerformWork>d__13:MoveNext () (at ./Library/PackageCache/com.unity.test-framework@bd7f943e9647/UnityEngine.TestRunner/NUnitExtensions/Runner/CompositeWorkItem.cs:82)
UnityEngine.TestRunner.NUnitExtensions.Runner.CompositeWorkItem/<RunChildren>d__17:MoveNext () (at ./Library/PackageCache/com.unity.test-framework@bd7f943e9647/UnityEngine.TestRunner/NUnitExtensions/Runner/CompositeWorkItem.cs:207)
UnityEngine.TestRunner.NUnitExtensions.Runner.CompositeWorkItem/<PerformWork>d__13:MoveNext () (at ./Library/PackageCache/com.unity.test-framework@bd7f943e9647/UnityEngine.TestRunner/NUnitExtensions/Runner/CompositeWorkItem.cs:82)
UnityEngine.TestRunner.NUnitExtensions.Runner.CompositeWorkItem/<RunChildren>d__17:MoveNext () (at ./Library/PackageCache/com.unity.test-framework@bd7f943e9647/UnityEngine.TestRunner/NUnitExtensions/Runner/CompositeWorkItem.cs:207)
UnityEngine.TestRunner.NUnitExtensions.Runner.CompositeWorkItem/<PerformWork>d__13:MoveNext () (at ./Library/PackageCache/com.unity.test-framework@bd7f943e9647/UnityEngine.TestRunner/NUnitExtensions/Runner/CompositeWorkItem.cs:82)
UnityEditor.TestTools.TestRunner.EditModeRunner:MoveNextAndUpdateYieldObject () (at ./Library/PackageCache/com.unity.test-framework@bd7f943e9647/UnityEditor.TestRunner/TestRunner/EditModeRunner.cs:167)
UnityEditor.TestTools.TestRunner.EditModeRunner:TestConsumer (UnityEditor.TestTools.TestRunner.TestRunnerStateSerializer) (at ./Library/PackageCache/com.unity.test-framework@bd7f943e9647/UnityEditor.TestRunner/TestRunner/EditModeRunner.cs:200)
UnityEditor.TestTools.TestRunner.TestRun.Tasks.EditModeRunTask/<Execute>d__1:MoveNext () (at ./Library/PackageCache/com.unity.test-framework@bd7f943e9647/UnityEditor.TestRunner/TestRun/Tasks/EditModeRunTask.cs:48)
UnityEditor.TestTools.TestRunner.TestRun.TestJobRunner:ExecuteStep () (at ./Library/PackageCache/com.unity.test-framework@bd7f943e9647/UnityEditor.TestRunner/TestRun/TestJobRunner.cs:173)
UnityEditor.TestTools.TestRunner.TestRun.TestJobRunner:ExecuteCallback () (at ./Library/PackageCache/com.unity.test-framework@bd7f943e9647/UnityEditor.TestRunner/TestRun/TestJobRunner.cs:108)
UnityEditor.EditorApplication:Internal_CallUpdateFunctions () (at /Users/bokken/build/output/unity/unity/Editor/Mono/EditorApplication.cs:392)

(Filename: ./Packages/com.xrlab.chooguard.foundation/Multiplayer/Tests/Editor/WorldMotionAdapterTests.cs Line: 109)

World motion traversal 0.41 rail_platforms_mainline -> station_concourse_2f steps=338 seconds=0.9397724
UnityEngine.Debug:ExtractStackTraceNoAlloc (byte*,int,string)
UnityEngine.StackTraceUtility:ExtractStackTrace () (at /Users/bokken/build/output/unity/unity/Runtime/Export/Scripting/StackTrace.cs:35)
UnityEngine.DebugLogHandler:Internal_Log (UnityEngine.LogType,UnityEngine.LogOption,string,UnityEngine.Object)
UnityEngine.DebugLogHandler:LogFormat (UnityEngine.LogType,UnityEngine.Object,string,object[])
UnityEngine.Logger:Log (UnityEngine.LogType,object)
UnityEngine.Debug:Log (object)
ChooGuard.Foundation.Multiplayer.Tests.WorldMotionAdapterTests:BothProfilesTraverseAllThirteenRegionsAndAllTwentyFourPortalDirections (string,bool,double) (at ./Packages/com.xrlab.chooguard.foundation/Multiplayer/Tests/Editor/WorldMotionAdapterTests.cs:109)
System.Reflection.RuntimeMethodInfo:Invoke (object,System.Reflection.BindingFlags,System.Reflection.Binder,object[],System.Globalization.CultureInfo)
System.Reflection.MethodBase:Invoke (object,object[])
NUnit.Framework.Internal.Reflect:InvokeMethod (System.Reflection.MethodInfo,object,object[])
NUnit.Framework.Internal.MethodWrapper:Invoke (object,object[])
NUnit.Framework.Internal.Commands.TestMethodCommand:RunNonAsyncTestMethod (NUnit.Framework.Internal.ITestExecutionContext)
NUnit.Framework.Internal.Commands.TestMethodCommand:RunTestMethod (NUnit.Framework.Internal.ITestExecutionContext)
NUnit.Framework.Internal.Commands.TestMethodCommand:Execute (NUnit.Framework.Internal.ITestExecutionContext)
UnityEngine.TestTools.UnityTestMethodCommand:Execute (NUnit.Framework.Internal.ITestExecutionContext) (at ./Library/PackageCache/com.unity.test-framework@bd7f943e9647/UnityEngine.TestRunner/NUnitExtensions/Commands/UnityTestMethodCommand.cs:19)
UnityEngine.TestRunner.NUnitExtensions.Runner.UnityLogCheckDelegatingCommand/<>c__DisplayClass2_0:<Execute>b__0 () (at ./Library/PackageCache/com.unity.test-framework@bd7f943e9647/UnityEngine.TestRunner/NUnitExtensions/Runner/UnityLogCheckDelegatingCommand.cs:24)
UnityEngine.TestRunner.NUnitExtensions.Runner.UnityLogCheckDelegatingCommand:CaptureException (NUnit.Framework.Internal.TestResult,System.Action) (at ./Library/PackageCache/com.unity.test-framework@bd7f943e9647/UnityEngine.TestRunner/NUnitExtensions/Runner/UnityLogCheckDelegatingCommand.cs:72)
UnityEngine.TestRunner.NUnitExtensions.Runner.UnityLogCheckDelegatingCommand:ExecuteAndCheckLog (UnityEngine.TestTools.Logging.LogScope,NUnit.Framework.Internal.TestResult,System.Action) (at ./Library/PackageCache/com.unity.test-framework@bd7f943e9647/UnityEngine.TestRunner/NUnitExtensions/Runner/UnityLogCheckDelegatingCommand.cs:83)
UnityEngine.TestRunner.NUnitExtensions.Runner.UnityLogCheckDelegatingCommand:Execute (NUnit.Framework.Internal.ITestExecutionContext) (at ./Library/PackageCache/com.unity.test-framework@bd7f943e9647/UnityEngine.TestRunner/NUnitExtensions/Runner/UnityLogCheckDelegatingCommand.cs:24)
UnityEngine.TestRunner.NUnitExtensions.Runner.UnityLogCheckDelegatingCommand/<ExecuteEnumerable>d__3:MoveNext () (at ./Library/PackageCache/com.unity.test-framework@bd7f943e9647/UnityEngine.TestRunner/NUnitExtensions/Runner/UnityLogCheckDelegatingCommand.cs:35)
UnityEngine.TestTools.BeforeAfterTestCommandBase`1/<ExecuteEnumerable>d__16<NUnit.Framework.ITestAction>:MoveNext () (at ./Library/PackageCache/com.unity.test-framework@bd7f943e9647/UnityEngine.TestRunner/NUnitExtensions/Commands/BeforeAfterTestCommandBase.cs:212)
UnityEngine.TestTools.ImmediateEnumerableCommand:Execute (NUnit.Framework.Internal.ITestExecutionContext) (at ./Library/PackageCache/com.unity.test-framework@bd7f943e9647/UnityEngine.TestRunner/NUnitExtensions/Commands/ImmediateEnumerableCommand.cs:18)
UnityEngine.TestTools.BeforeAfterTestCommandBase`1/<ExecuteEnumerable>d__16<System.Reflection.MethodInfo>:MoveNext () (at ./Library/PackageCache/com.unity.test-framework@bd7f943e9647/UnityEngine.TestRunner/NUnitExtensions/Commands/BeforeAfterTestCommandBase.cs:219)
UnityEngine.TestTools.BeforeAfterTestCommandBase`1/<ExecuteEnumerable>d__16<System.Reflection.MethodInfo>:MoveNext () (at ./Library/PackageCache/com.unity.test-framework@bd7f943e9647/UnityEngine.TestRunner/NUnitExtensions/Commands/BeforeAfterTestCommandBase.cs:212)
UnityEngine.TestTools.BeforeAfterTestCommandBase`1/<ExecuteEnumerable>d__16<UnityEngine.TestTools.IOuterUnityTestAction>:MoveNext () (at ./Library/PackageCache/com.unity.test-framework@bd7f943e9647/UnityEngine.TestRunner/NUnitExtensions/Commands/BeforeAfterTestCommandBase.cs:212)
UnityEngine.TestTools.RetryCommand/<ExecuteEnumerable>d__2:MoveNext () (at ./Library/PackageCache/com.unity.test-framework@bd7f943e9647/UnityEngine.TestRunner/NUnitExtensions/Commands/RetryCommand.cs:37)
UnityEngine.TestTools.RepeatCommand/<ExecuteEnumerable>d__2:MoveNext () (at ./Library/PackageCache/com.unity.test-framework@bd7f943e9647/UnityEngine.TestRunner/NUnitExtensions/Commands/RepeatCommand.cs:36)
UnityEngine.TestTools.IgnoreTestCommand/<ExecuteEnumerable>d__3:MoveNext () (at ./Library/PackageCache/com.unity.test-framework@bd7f943e9647/UnityEngine.TestRunner/NUnitExtensions/Commands/IgnoreTestCommand.cs:42)
UnityEngine.TestTools.StrictCheckCommand/<ExecuteEnumerable>d__2:MoveNext () (at ./Library/PackageCache/com.unity.test-framework@bd7f943e9647/UnityEngine.TestRunner/NUnitExtensions/Commands/StrictCheckCommand.cs:29)
UnityEngine.TestRunner.NUnitExtensions.Runner.DefaultTestWorkItem/<PerformWork>d__2:MoveNext () (at ./Library/PackageCache/com.unity.test-framework@bd7f943e9647/UnityEngine.TestRunner/NUnitExtensions/Runner/DefaultTestWorkItem.cs:50)
UnityEngine.TestRunner.NUnitExtensions.Runner.CompositeWorkItem/<RunChildren>d__17:MoveNext () (at ./Library/PackageCache/com.unity.test-framework@bd7f943e9647/UnityEngine.TestRunner/NUnitExtensions/Runner/CompositeWorkItem.cs:207)
UnityEngine.TestRunner.NUnitExtensions.Runner.CompositeWorkItem/<PerformWork>d__13:MoveNext () (at ./Library/PackageCache/com.unity.test-framework@bd7f943e9647/UnityEngine.TestRunner/NUnitExtensions/Runner/CompositeWorkItem.cs:82)
UnityEngine.TestRunner.NUnitExtensions.Runner.CompositeWorkItem/<RunChildren>d__17:MoveNext () (at ./Library/PackageCache/com.unity.test-framework@bd7f943e9647/UnityEngine.TestRunner/NUnitExtensions/Runner/CompositeWorkItem.cs:207)
UnityEngine.TestRunner.NUnitExtensions.Runner.CompositeWorkItem/<PerformWork>d__13:MoveNext () (at ./Library/PackageCache/com.unity.test-framework@bd7f943e9647/UnityEngine.TestRunner/NUnitExtensions/Runner/CompositeWorkItem.cs:82)
UnityEngine.TestRunner.NUnitExtensions.Runner.CompositeWorkItem/<RunChildren>d__17:MoveNext () (at ./Library/PackageCache/com.unity.test-framework@bd7f943e9647/UnityEngine.TestRunner/NUnitExtensions/Runner/CompositeWorkItem.cs:207)
UnityEngine.TestRunner.NUnitExtensions.Runner.CompositeWorkItem/<PerformWork>d__13:MoveNext () (at ./Library/PackageCache/com.unity.test-framework@bd7f943e9647/UnityEngine.TestRunner/NUnitExtensions/Runner/CompositeWorkItem.cs:82)
UnityEngine.TestRunner.NUnitExtensions.Runner.CompositeWorkItem/<RunChildren>d__17:MoveNext () (at ./Library/PackageCache/com.unity.test-framework@bd7f943e9647/UnityEngine.TestRunner/NUnitExtensions/Runner/CompositeWorkItem.cs:207)
UnityEngine.TestRunner.NUnitExtensions.Runner.CompositeWorkItem/<PerformWork>d__13:MoveNext () (at ./Library/PackageCache/com.unity.test-framework@bd7f943e9647/UnityEngine.TestRunner/NUnitExtensions/Runner/CompositeWorkItem.cs:82)
UnityEngine.TestRunner.NUnitExtensions.Runner.CompositeWorkItem/<RunChildren>d__17:MoveNext () (at ./Library/PackageCache/com.unity.test-framework@bd7f943e9647/UnityEngine.TestRunner/NUnitExtensions/Runner/CompositeWorkItem.cs:207)
UnityEngine.TestRunner.NUnitExtensions.Runner.CompositeWorkItem/<PerformWork>d__13:MoveNext () (at ./Library/PackageCache/com.unity.test-framework@bd7f943e9647/UnityEngine.TestRunner/NUnitExtensions/Runner/CompositeWorkItem.cs:82)
UnityEngine.TestRunner.NUnitExtensions.Runner.CompositeWorkItem/<RunChildren>d__17:MoveNext () (at ./Library/PackageCache/com.unity.test-framework@bd7f943e9647/UnityEngine.TestRunner/NUnitExtensions/Runner/CompositeWorkItem.cs:207)
UnityEngine.TestRunner.NUnitExtensions.Runner.CompositeWorkItem/<PerformWork>d__13:MoveNext () (at ./Library/PackageCache/com.unity.test-framework@bd7f943e9647/UnityEngine.TestRunner/NUnitExtensions/Runner/CompositeWorkItem.cs:82)
UnityEngine.TestRunner.NUnitExtensions.Runner.CompositeWorkItem/<RunChildren>d__17:MoveNext () (at ./Library/PackageCache/com.unity.test-framework@bd7f943e9647/UnityEngine.TestRunner/NUnitExtensions/Runner/CompositeWorkItem.cs:207)
UnityEngine.TestRunner.NUnitExtensions.Runner.CompositeWorkItem/<PerformWork>d__13:MoveNext () (at ./Library/PackageCache/com.unity.test-framework@bd7f943e9647/UnityEngine.TestRunner/NUnitExtensions/Runner/CompositeWorkItem.cs:82)
UnityEngine.TestRunner.NUnitExtensions.Runner.CompositeWorkItem/<RunChildren>d__17:MoveNext () (at ./Library/PackageCache/com.unity.test-framework@bd7f943e9647/UnityEngine.TestRunner/NUnitExtensions/Runner/CompositeWorkItem.cs:207)
UnityEngine.TestRunner.NUnitExtensions.Runner.CompositeWorkItem/<PerformWork>d__13:MoveNext () (at ./Library/PackageCache/com.unity.test-framework@bd7f943e9647/UnityEngine.TestRunner/NUnitExtensions/Runner/CompositeWorkItem.cs:82)
UnityEditor.TestTools.TestRunner.EditModeRunner:MoveNextAndUpdateYieldObject () (at ./Library/PackageCache/com.unity.test-framework@bd7f943e9647/UnityEditor.TestRunner/TestRunner/EditModeRunner.cs:167)
UnityEditor.TestTools.TestRunner.EditModeRunner:TestConsumer (UnityEditor.TestTools.TestRunner.TestRunnerStateSerializer) (at ./Library/PackageCache/com.unity.test-framework@bd7f943e9647/UnityEditor.TestRunner/TestRunner/EditModeRunner.cs:200)
UnityEditor.TestTools.TestRunner.TestRun.Tasks.EditModeRunTask/<Execute>d__1:MoveNext () (at ./Library/PackageCache/com.unity.test-framework@bd7f943e9647/UnityEditor.TestRunner/TestRun/Tasks/EditModeRunTask.cs:48)
UnityEditor.TestTools.TestRunner.TestRun.TestJobRunner:ExecuteStep () (at ./Library/PackageCache/com.unity.test-framework@bd7f943e9647/UnityEditor.TestRunner/TestRun/TestJobRunner.cs:173)
UnityEditor.TestTools.TestRunner.TestRun.TestJobRunner:ExecuteCallback () (at ./Library/PackageCache/com.unity.test-framework@bd7f943e9647/UnityEditor.TestRunner/TestRun/TestJobRunner.cs:108)
UnityEditor.EditorApplication:Internal_CallUpdateFunctions () (at /Users/bokken/build/output/unity/unity/Editor/Mono/EditorApplication.cs:392)

(Filename: ./Packages/com.xrlab.chooguard.foundation/Multiplayer/Tests/Editor/WorldMotionAdapterTests.cs Line: 109)

World motion traversal 0.41 station_concourse_2f -> rail_platforms_mainline steps=338 seconds=0.6783081
UnityEngine.Debug:ExtractStackTraceNoAlloc (byte*,int,string)
UnityEngine.StackTraceUtility:ExtractStackTrace () (at /Users/bokken/build/output/unity/unity/Runtime/Export/Scripting/StackTrace.cs:35)
UnityEngine.DebugLogHandler:Internal_Log (UnityEngine.LogType,UnityEngine.LogOption,string,UnityEngine.Object)
UnityEngine.DebugLogHandler:LogFormat (UnityEngine.LogType,UnityEngine.Object,string,object[])
UnityEngine.Logger:Log (UnityEngine.LogType,object)
UnityEngine.Debug:Log (object)
ChooGuard.Foundation.Multiplayer.Tests.WorldMotionAdapterTests:BothProfilesTraverseAllThirteenRegionsAndAllTwentyFourPortalDirections (string,bool,double) (at ./Packages/com.xrlab.chooguard.foundation/Multiplayer/Tests/Editor/WorldMotionAdapterTests.cs:109)
System.Reflection.RuntimeMethodInfo:Invoke (object,System.Reflection.BindingFlags,System.Reflection.Binder,object[],System.Globalization.CultureInfo)
System.Reflection.MethodBase:Invoke (object,object[])
NUnit.Framework.Internal.Reflect:InvokeMethod (System.Reflection.MethodInfo,object,object[])
NUnit.Framework.Internal.MethodWrapper:Invoke (object,object[])
NUnit.Framework.Internal.Commands.TestMethodCommand:RunNonAsyncTestMethod (NUnit.Framework.Internal.ITestExecutionContext)
NUnit.Framework.Internal.Commands.TestMethodCommand:RunTestMethod (NUnit.Framework.Internal.ITestExecutionContext)
NUnit.Framework.Internal.Commands.TestMethodCommand:Execute (NUnit.Framework.Internal.ITestExecutionContext)
UnityEngine.TestTools.UnityTestMethodCommand:Execute (NUnit.Framework.Internal.ITestExecutionContext) (at ./Library/PackageCache/com.unity.test-framework@bd7f943e9647/UnityEngine.TestRunner/NUnitExtensions/Commands/UnityTestMethodCommand.cs:19)
UnityEngine.TestRunner.NUnitExtensions.Runner.UnityLogCheckDelegatingCommand/<>c__DisplayClass2_0:<Execute>b__0 () (at ./Library/PackageCache/com.unity.test-framework@bd7f943e9647/UnityEngine.TestRunner/NUnitExtensions/Runner/UnityLogCheckDelegatingCommand.cs:24)
UnityEngine.TestRunner.NUnitExtensions.Runner.UnityLogCheckDelegatingCommand:CaptureException (NUnit.Framework.Internal.TestResult,System.Action) (at ./Library/PackageCache/com.unity.test-framework@bd7f943e9647/UnityEngine.TestRunner/NUnitExtensions/Runner/UnityLogCheckDelegatingCommand.cs:72)
UnityEngine.TestRunner.NUnitExtensions.Runner.UnityLogCheckDelegatingCommand:ExecuteAndCheckLog (UnityEngine.TestTools.Logging.LogScope,NUnit.Framework.Internal.TestResult,System.Action) (at ./Library/PackageCache/com.unity.test-framework@bd7f943e9647/UnityEngine.TestRunner/NUnitExtensions/Runner/UnityLogCheckDelegatingCommand.cs:83)
UnityEngine.TestRunner.NUnitExtensions.Runner.UnityLogCheckDelegatingCommand:Execute (NUnit.Framework.Internal.ITestExecutionContext) (at ./Library/PackageCache/com.unity.test-framework@bd7f943e9647/UnityEngine.TestRunner/NUnitExtensions/Runner/UnityLogCheckDelegatingCommand.cs:24)
UnityEngine.TestRunner.NUnitExtensions.Runner.UnityLogCheckDelegatingCommand/<ExecuteEnumerable>d__3:MoveNext () (at ./Library/PackageCache/com.unity.test-framework@bd7f943e9647/UnityEngine.TestRunner/NUnitExtensions/Runner/UnityLogCheckDelegatingCommand.cs:35)
UnityEngine.TestTools.BeforeAfterTestCommandBase`1/<ExecuteEnumerable>d__16<NUnit.Framework.ITestAction>:MoveNext () (at ./Library/PackageCache/com.unity.test-framework@bd7f943e9647/UnityEngine.TestRunner/NUnitExtensions/Commands/BeforeAfterTestCommandBase.cs:212)
UnityEngine.TestTools.ImmediateEnumerableCommand:Execute (NUnit.Framework.Internal.ITestExecutionContext) (at ./Library/PackageCache/com.unity.test-framework@bd7f943e9647/UnityEngine.TestRunner/NUnitExtensions/Commands/ImmediateEnumerableCommand.cs:18)
UnityEngine.TestTools.BeforeAfterTestCommandBase`1/<ExecuteEnumerable>d__16<System.Reflection.MethodInfo>:MoveNext () (at ./Library/PackageCache/com.unity.test-framework@bd7f943e9647/UnityEngine.TestRunner/NUnitExtensions/Commands/BeforeAfterTestCommandBase.cs:219)
UnityEngine.TestTools.BeforeAfterTestCommandBase`1/<ExecuteEnumerable>d__16<System.Reflection.MethodInfo>:MoveNext () (at ./Library/PackageCache/com.unity.test-framework@bd7f943e9647/UnityEngine.TestRunner/NUnitExtensions/Commands/BeforeAfterTestCommandBase.cs:212)
UnityEngine.TestTools.BeforeAfterTestCommandBase`1/<ExecuteEnumerable>d__16<UnityEngine.TestTools.IOuterUnityTestAction>:MoveNext () (at ./Library/PackageCache/com.unity.test-framework@bd7f943e9647/UnityEngine.TestRunner/NUnitExtensions/Commands/BeforeAfterTestCommandBase.cs:212)
UnityEngine.TestTools.RetryCommand/<ExecuteEnumerable>d__2:MoveNext () (at ./Library/PackageCache/com.unity.test-framework@bd7f943e9647/UnityEngine.TestRunner/NUnitExtensions/Commands/RetryCommand.cs:37)
UnityEngine.TestTools.RepeatCommand/<ExecuteEnumerable>d__2:MoveNext () (at ./Library/PackageCache/com.unity.test-framework@bd7f943e9647/UnityEngine.TestRunner/NUnitExtensions/Commands/RepeatCommand.cs:36)
UnityEngine.TestTools.IgnoreTestCommand/<ExecuteEnumerable>d__3:MoveNext () (at ./Library/PackageCache/com.unity.test-framework@bd7f943e9647/UnityEngine.TestRunner/NUnitExtensions/Commands/IgnoreTestCommand.cs:42)
UnityEngine.TestTools.StrictCheckCommand/<ExecuteEnumerable>d__2:MoveNext () (at ./Library/PackageCache/com.unity.test-framework@bd7f943e9647/UnityEngine.TestRunner/NUnitExtensions/Commands/StrictCheckCommand.cs:29)
UnityEngine.TestRunner.NUnitExtensions.Runner.DefaultTestWorkItem/<PerformWork>d__2:MoveNext () (at ./Library/PackageCache/com.unity.test-framework@bd7f943e9647/UnityEngine.TestRunner/NUnitExtensions/Runner/DefaultTestWorkItem.cs:50)
UnityEngine.TestRunner.NUnitExtensions.Runner.CompositeWorkItem/<RunChildren>d__17:MoveNext () (at ./Library/PackageCache/com.unity.test-framework@bd7f943e9647/UnityEngine.TestRunner/NUnitExtensions/Runner/CompositeWorkItem.cs:207)
UnityEngine.TestRunner.NUnitExtensions.Runner.CompositeWorkItem/<PerformWork>d__13:MoveNext () (at ./Library/PackageCache/com.unity.test-framework@bd7f943e9647/UnityEngine.TestRunner/NUnitExtensions/Runner/CompositeWorkItem.cs:82)
UnityEngine.TestRunner.NUnitExtensions.Runner.CompositeWorkItem/<RunChildren>d__17:MoveNext () (at ./Library/PackageCache/com.unity.test-framework@bd7f943e9647/UnityEngine.TestRunner/NUnitExtensions/Runner/CompositeWorkItem.cs:207)
UnityEngine.TestRunner.NUnitExtensions.Runner.CompositeWorkItem/<PerformWork>d__13:MoveNext () (at ./Library/PackageCache/com.unity.test-framework@bd7f943e9647/UnityEngine.TestRunner/NUnitExtensions/Runner/CompositeWorkItem.cs:82)
UnityEngine.TestRunner.NUnitExtensions.Runner.CompositeWorkItem/<RunChildren>d__17:MoveNext () (at ./Library/PackageCache/com.unity.test-framework@bd7f943e9647/UnityEngine.TestRunner/NUnitExtensions/Runner/CompositeWorkItem.cs:207)
UnityEngine.TestRunner.NUnitExtensions.Runner.CompositeWorkItem/<PerformWork>d__13:MoveNext () (at ./Library/PackageCache/com.unity.test-framework@bd7f943e9647/UnityEngine.TestRunner/NUnitExtensions/Runner/CompositeWorkItem.cs:82)
UnityEngine.TestRunner.NUnitExtensions.Runner.CompositeWorkItem/<RunChildren>d__17:MoveNext () (at ./Library/PackageCache/com.unity.test-framework@bd7f943e9647/UnityEngine.TestRunner/NUnitExtensions/Runner/CompositeWorkItem.cs:207)
UnityEngine.TestRunner.NUnitExtensions.Runner.CompositeWorkItem/<PerformWork>d__13:MoveNext () (at ./Library/PackageCache/com.unity.test-framework@bd7f943e9647/UnityEngine.TestRunner/NUnitExtensions/Runner/CompositeWorkItem.cs:82)
UnityEngine.TestRunner.NUnitExtensions.Runner.CompositeWorkItem/<RunChildren>d__17:MoveNext () (at ./Library/PackageCache/com.unity.test-framework@bd7f943e9647/UnityEngine.TestRunner/NUnitExtensions/Runner/CompositeWorkItem.cs:207)
UnityEngine.TestRunner.NUnitExtensions.Runner.CompositeWorkItem/<PerformWork>d__13:MoveNext () (at ./Library/PackageCache/com.unity.test-framework@bd7f943e9647/UnityEngine.TestRunner/NUnitExtensions/Runner/CompositeWorkItem.cs:82)
UnityEngine.TestRunner.NUnitExtensions.Runner.CompositeWorkItem/<RunChildren>d__17:MoveNext () (at ./Library/PackageCache/com.unity.test-framework@bd7f943e9647/UnityEngine.TestRunner/NUnitExtensions/Runner/CompositeWorkItem.cs:207)
UnityEngine.TestRunner.NUnitExtensions.Runner.CompositeWorkItem/<PerformWork>d__13:MoveNext () (at ./Library/PackageCache/com.unity.test-framework@bd7f943e9647/UnityEngine.TestRunner/NUnitExtensions/Runner/CompositeWorkItem.cs:82)
UnityEngine.TestRunner.NUnitExtensions.Runner.CompositeWorkItem/<RunChildren>d__17:MoveNext () (at ./Library/PackageCache/com.unity.test-framework@bd7f943e9647/UnityEngine.TestRunner/NUnitExtensions/Runner/CompositeWorkItem.cs:207)
UnityEngine.TestRunner.NUnitExtensions.Runner.CompositeWorkItem/<PerformWork>d__13:MoveNext () (at ./Library/PackageCache/com.unity.test-framework@bd7f943e9647/UnityEngine.TestRunner/NUnitExtensions/Runner/CompositeWorkItem.cs:82)
UnityEngine.TestRunner.NUnitExtensions.Runner.CompositeWorkItem/<RunChildren>d__17:MoveNext () (at ./Library/PackageCache/com.unity.test-framework@bd7f943e9647/UnityEngine.TestRunner/NUnitExtensions/Runner/CompositeWorkItem.cs:207)
UnityEngine.TestRunner.NUnitExtensions.Runner.CompositeWorkItem/<PerformWork>d__13:MoveNext () (at ./Library/PackageCache/com.unity.test-framework@bd7f943e9647/UnityEngine.TestRunner/NUnitExtensions/Runner/CompositeWorkItem.cs:82)
UnityEditor.TestTools.TestRunner.EditModeRunner:MoveNextAndUpdateYieldObject () (at ./Library/PackageCache/com.unity.test-framework@bd7f943e9647/UnityEditor.TestRunner/TestRunner/EditModeRunner.cs:167)
UnityEditor.TestTools.TestRunner.EditModeRunner:TestConsumer (UnityEditor.TestTools.TestRunner.TestRunnerStateSerializer) (at ./Library/PackageCache/com.unity.test-framework@bd7f943e9647/UnityEditor.TestRunner/TestRunner/EditModeRunner.cs:200)
UnityEditor.TestTools.TestRunner.TestRun.Tasks.EditModeRunTask/<Execute>d__1:MoveNext () (at ./Library/PackageCache/com.unity.test-framework@bd7f943e9647/UnityEditor.TestRunner/TestRun/Tasks/EditModeRunTask.cs:48)
UnityEditor.TestTools.TestRunner.TestRun.TestJobRunner:ExecuteStep () (at ./Library/PackageCache/com.unity.test-framework@bd7f943e9647/UnityEditor.TestRunner/TestRun/TestJobRunner.cs:173)
UnityEditor.TestTools.TestRunner.TestRun.TestJobRunner:ExecuteCallback () (at ./Library/PackageCache/com.unity.test-framework@bd7f943e9647/UnityEditor.TestRunner/TestRun/TestJobRunner.cs:108)
UnityEditor.EditorApplication:Internal_CallUpdateFunctions () (at /Users/bokken/build/output/unity/unity/Editor/Mono/EditorApplication.cs:392)

(Filename: ./Packages/com.xrlab.chooguard.foundation/Multiplayer/Tests/Editor/WorldMotionAdapterTests.cs Line: 109)

World motion traversal 0.41 rail_terminal_public -> station_concourse_2f steps=280 seconds=0.5099764
UnityEngine.Debug:ExtractStackTraceNoAlloc (byte*,int,string)
UnityEngine.StackTraceUtility:ExtractStackTrace () (at /Users/bokken/build/output/unity/unity/Runtime/Export/Scripting/StackTrace.cs:35)
UnityEngine.DebugLogHandler:Internal_Log (UnityEngine.LogType,UnityEngine.LogOption,string,UnityEngine.Object)
UnityEngine.DebugLogHandler:LogFormat (UnityEngine.LogType,UnityEngine.Object,string,object[])
UnityEngine.Logger:Log (UnityEngine.LogType,object)
UnityEngine.Debug:Log (object)
ChooGuard.Foundation.Multiplayer.Tests.WorldMotionAdapterTests:BothProfilesTraverseAllThirteenRegionsAndAllTwentyFourPortalDirections (string,bool,double) (at ./Packages/com.xrlab.chooguard.foundation/Multiplayer/Tests/Editor/WorldMotionAdapterTests.cs:109)
System.Reflection.RuntimeMethodInfo:Invoke (object,System.Reflection.BindingFlags,System.Reflection.Binder,object[],System.Globalization.CultureInfo)
System.Reflection.MethodBase:Invoke (object,object[])
NUnit.Framework.Internal.Reflect:InvokeMethod (System.Reflection.MethodInfo,object,object[])
NUnit.Framework.Internal.MethodWrapper:Invoke (object,object[])
NUnit.Framework.Internal.Commands.TestMethodCommand:RunNonAsyncTestMethod (NUnit.Framework.Internal.ITestExecutionContext)
NUnit.Framework.Internal.Commands.TestMethodCommand:RunTestMethod (NUnit.Framework.Internal.ITestExecutionContext)
NUnit.Framework.Internal.Commands.TestMethodCommand:Execute (NUnit.Framework.Internal.ITestExecutionContext)
UnityEngine.TestTools.UnityTestMethodCommand:Execute (NUnit.Framework.Internal.ITestExecutionContext) (at ./Library/PackageCache/com.unity.test-framework@bd7f943e9647/UnityEngine.TestRunner/NUnitExtensions/Commands/UnityTestMethodCommand.cs:19)
UnityEngine.TestRunner.NUnitExtensions.Runner.UnityLogCheckDelegatingCommand/<>c__DisplayClass2_0:<Execute>b__0 () (at ./Library/PackageCache/com.unity.test-framework@bd7f943e9647/UnityEngine.TestRunner/NUnitExtensions/Runner/UnityLogCheckDelegatingCommand.cs:24)
UnityEngine.TestRunner.NUnitExtensions.Runner.UnityLogCheckDelegatingCommand:CaptureException (NUnit.Framework.Internal.TestResult,System.Action) (at ./Library/PackageCache/com.unity.test-framework@bd7f943e9647/UnityEngine.TestRunner/NUnitExtensions/Runner/UnityLogCheckDelegatingCommand.cs:72)
UnityEngine.TestRunner.NUnitExtensions.Runner.UnityLogCheckDelegatingCommand:ExecuteAndCheckLog (UnityEngine.TestTools.Logging.LogScope,NUnit.Framework.Internal.TestResult,System.Action) (at ./Library/PackageCache/com.unity.test-framework@bd7f943e9647/UnityEngine.TestRunner/NUnitExtensions/Runner/UnityLogCheckDelegatingCommand.cs:83)
UnityEngine.TestRunner.NUnitExtensions.Runner.UnityLogCheckDelegatingCommand:Execute (NUnit.Framework.Internal.ITestExecutionContext) (at ./Library/PackageCache/com.unity.test-framework@bd7f943e9647/UnityEngine.TestRunner/NUnitExtensions/Runner/UnityLogCheckDelegatingCommand.cs:24)
UnityEngine.TestRunner.NUnitExtensions.Runner.UnityLogCheckDelegatingCommand/<ExecuteEnumerable>d__3:MoveNext () (at ./Library/PackageCache/com.unity.test-framework@bd7f943e9647/UnityEngine.TestRunner/NUnitExtensions/Runner/UnityLogCheckDelegatingCommand.cs:35)
UnityEngine.TestTools.BeforeAfterTestCommandBase`1/<ExecuteEnumerable>d__16<NUnit.Framework.ITestAction>:MoveNext () (at ./Library/PackageCache/com.unity.test-framework@bd7f943e9647/UnityEngine.TestRunner/NUnitExtensions/Commands/BeforeAfterTestCommandBase.cs:212)
UnityEngine.TestTools.ImmediateEnumerableCommand:Execute (NUnit.Framework.Internal.ITestExecutionContext) (at ./Library/PackageCache/com.unity.test-framework@bd7f943e9647/UnityEngine.TestRunner/NUnitExtensions/Commands/ImmediateEnumerableCommand.cs:18)
UnityEngine.TestTools.BeforeAfterTestCommandBase`1/<ExecuteEnumerable>d__16<System.Reflection.MethodInfo>:MoveNext () (at ./Library/PackageCache/com.unity.test-framework@bd7f943e9647/UnityEngine.TestRunner/NUnitExtensions/Commands/BeforeAfterTestCommandBase.cs:219)
UnityEngine.TestTools.BeforeAfterTestCommandBase`1/<ExecuteEnumerable>d__16<System.Reflection.MethodInfo>:MoveNext () (at ./Library/PackageCache/com.unity.test-framework@bd7f943e9647/UnityEngine.TestRunner/NUnitExtensions/Commands/BeforeAfterTestCommandBase.cs:212)
UnityEngine.TestTools.BeforeAfterTestCommandBase`1/<ExecuteEnumerable>d__16<UnityEngine.TestTools.IOuterUnityTestAction>:MoveNext () (at ./Library/PackageCache/com.unity.test-framework@bd7f943e9647/UnityEngine.TestRunner/NUnitExtensions/Commands/BeforeAfterTestCommandBase.cs:212)
UnityEngine.TestTools.RetryCommand/<ExecuteEnumerable>d__2:MoveNext () (at ./Library/PackageCache/com.unity.test-framework@bd7f943e9647/UnityEngine.TestRunner/NUnitExtensions/Commands/RetryCommand.cs:37)
UnityEngine.TestTools.RepeatCommand/<ExecuteEnumerable>d__2:MoveNext () (at ./Library/PackageCache/com.unity.test-framework@bd7f943e9647/UnityEngine.TestRunner/NUnitExtensions/Commands/RepeatCommand.cs:36)
UnityEngine.TestTools.IgnoreTestCommand/<ExecuteEnumerable>d__3:MoveNext () (at ./Library/PackageCache/com.unity.test-framework@bd7f943e9647/UnityEngine.TestRunner/NUnitExtensions/Commands/IgnoreTestCommand.cs:42)
UnityEngine.TestTools.StrictCheckCommand/<ExecuteEnumerable>d__2:MoveNext () (at ./Library/PackageCache/com.unity.test-framework@bd7f943e9647/UnityEngine.TestRunner/NUnitExtensions/Commands/StrictCheckCommand.cs:29)
UnityEngine.TestRunner.NUnitExtensions.Runner.DefaultTestWorkItem/<PerformWork>d__2:MoveNext () (at ./Library/PackageCache/com.unity.test-framework@bd7f943e9647/UnityEngine.TestRunner/NUnitExtensions/Runner/DefaultTestWorkItem.cs:50)
UnityEngine.TestRunner.NUnitExtensions.Runner.CompositeWorkItem/<RunChildren>d__17:MoveNext () (at ./Library/PackageCache/com.unity.test-framework@bd7f943e9647/UnityEngine.TestRunner/NUnitExtensions/Runner/CompositeWorkItem.cs:207)
UnityEngine.TestRunner.NUnitExtensions.Runner.CompositeWorkItem/<PerformWork>d__13:MoveNext () (at ./Library/PackageCache/com.unity.test-framework@bd7f943e9647/UnityEngine.TestRunner/NUnitExtensions/Runner/CompositeWorkItem.cs:82)
UnityEngine.TestRunner.NUnitExtensions.Runner.CompositeWorkItem/<RunChildren>d__17:MoveNext () (at ./Library/PackageCache/com.unity.test-framework@bd7f943e9647/UnityEngine.TestRunner/NUnitExtensions/Runner/CompositeWorkItem.cs:207)
UnityEngine.TestRunner.NUnitExtensions.Runner.CompositeWorkItem/<PerformWork>d__13:MoveNext () (at ./Library/PackageCache/com.unity.test-framework@bd7f943e9647/UnityEngine.TestRunner/NUnitExtensions/Runner/CompositeWorkItem.cs:82)
UnityEngine.TestRunner.NUnitExtensions.Runner.CompositeWorkItem/<RunChildren>d__17:MoveNext () (at ./Library/PackageCache/com.unity.test-framework@bd7f943e9647/UnityEngine.TestRunner/NUnitExtensions/Runner/CompositeWorkItem.cs:207)
UnityEngine.TestRunner.NUnitExtensions.Runner.CompositeWorkItem/<PerformWork>d__13:MoveNext () (at ./Library/PackageCache/com.unity.test-framework@bd7f943e9647/UnityEngine.TestRunner/NUnitExtensions/Runner/CompositeWorkItem.cs:82)
UnityEngine.TestRunner.NUnitExtensions.Runner.CompositeWorkItem/<RunChildren>d__17:MoveNext () (at ./Library/PackageCache/com.unity.test-framework@bd7f943e9647/UnityEngine.TestRunner/NUnitExtensions/Runner/CompositeWorkItem.cs:207)
UnityEngine.TestRunner.NUnitExtensions.Runner.CompositeWorkItem/<PerformWork>d__13:MoveNext () (at ./Library/PackageCache/com.unity.test-framework@bd7f943e9647/UnityEngine.TestRunner/NUnitExtensions/Runner/CompositeWorkItem.cs:82)
UnityEngine.TestRunner.NUnitExtensions.Runner.CompositeWorkItem/<RunChildren>d__17:MoveNext () (at ./Library/PackageCache/com.unity.test-framework@bd7f943e9647/UnityEngine.TestRunner/NUnitExtensions/Runner/CompositeWorkItem.cs:207)
UnityEngine.TestRunner.NUnitExtensions.Runner.CompositeWorkItem/<PerformWork>d__13:MoveNext () (at ./Library/PackageCache/com.unity.test-framework@bd7f943e9647/UnityEngine.TestRunner/NUnitExtensions/Runner/CompositeWorkItem.cs:82)
UnityEngine.TestRunner.NUnitExtensions.Runner.CompositeWorkItem/<RunChildren>d__17:MoveNext () (at ./Library/PackageCache/com.unity.test-framework@bd7f943e9647/UnityEngine.TestRunner/NUnitExtensions/Runner/CompositeWorkItem.cs:207)
UnityEngine.TestRunner.NUnitExtensions.Runner.CompositeWorkItem/<PerformWork>d__13:MoveNext () (at ./Library/PackageCache/com.unity.test-framework@bd7f943e9647/UnityEngine.TestRunner/NUnitExtensions/Runner/CompositeWorkItem.cs:82)
UnityEngine.TestRunner.NUnitExtensions.Runner.CompositeWorkItem/<RunChildren>d__17:MoveNext () (at ./Library/PackageCache/com.unity.test-framework@bd7f943e9647/UnityEngine.TestRunner/NUnitExtensions/Runner/CompositeWorkItem.cs:207)
UnityEngine.TestRunner.NUnitExtensions.Runner.CompositeWorkItem/<PerformWork>d__13:MoveNext () (at ./Library/PackageCache/com.unity.test-framework@bd7f943e9647/UnityEngine.TestRunner/NUnitExtensions/Runner/CompositeWorkItem.cs:82)
UnityEngine.TestRunner.NUnitExtensions.Runner.CompositeWorkItem/<RunChildren>d__17:MoveNext () (at ./Library/PackageCache/com.unity.test-framework@bd7f943e9647/UnityEngine.TestRunner/NUnitExtensions/Runner/CompositeWorkItem.cs:207)
UnityEngine.TestRunner.NUnitExtensions.Runner.CompositeWorkItem/<PerformWork>d__13:MoveNext () (at ./Library/PackageCache/com.unity.test-framework@bd7f943e9647/UnityEngine.TestRunner/NUnitExtensions/Runner/CompositeWorkItem.cs:82)
UnityEditor.TestTools.TestRunner.EditModeRunner:MoveNextAndUpdateYieldObject () (at ./Library/PackageCache/com.unity.test-framework@bd7f943e9647/UnityEditor.TestRunner/TestRunner/EditModeRunner.cs:167)
UnityEditor.TestTools.TestRunner.EditModeRunner:TestConsumer (UnityEditor.TestTools.TestRunner.TestRunnerStateSerializer) (at ./Library/PackageCache/com.unity.test-framework@bd7f943e9647/UnityEditor.TestRunner/TestRunner/EditModeRunner.cs:200)
UnityEditor.TestTools.TestRunner.TestRun.Tasks.EditModeRunTask/<Execute>d__1:MoveNext () (at ./Library/PackageCache/com.unity.test-framework@bd7f943e9647/UnityEditor.TestRunner/TestRun/Tasks/EditModeRunTask.cs:48)
UnityEditor.TestTools.TestRunner.TestRun.TestJobRunner:ExecuteStep () (at ./Library/PackageCache/com.unity.test-framework@bd7f943e9647/UnityEditor.TestRunner/TestRun/TestJobRunner.cs:173)
UnityEditor.TestTools.TestRunner.TestRun.TestJobRunner:ExecuteCallback () (at ./Library/PackageCache/com.unity.test-framework@bd7f943e9647/UnityEditor.TestRunner/TestRun/TestJobRunner.cs:108)
UnityEditor.EditorApplication:Internal_CallUpdateFunctions () (at /Users/bokken/build/output/unity/unity/Editor/Mono/EditorApplication.cs:392)

(Filename: ./Packages/com.xrlab.chooguard.foundation/Multiplayer/Tests/Editor/WorldMotionAdapterTests.cs Line: 109)

World motion traversal 0.41 station_concourse_2f -> rail_terminal_public steps=280 seconds=0.5177125
UnityEngine.Debug:ExtractStackTraceNoAlloc (byte*,int,string)
UnityEngine.StackTraceUtility:ExtractStackTrace () (at /Users/bokken/build/output/unity/unity/Runtime/Export/Scripting/StackTrace.cs:35)
UnityEngine.DebugLogHandler:Internal_Log (UnityEngine.LogType,UnityEngine.LogOption,string,UnityEngine.Object)
UnityEngine.DebugLogHandler:LogFormat (UnityEngine.LogType,UnityEngine.Object,string,object[])
UnityEngine.Logger:Log (UnityEngine.LogType,object)
UnityEngine.Debug:Log (object)
ChooGuard.Foundation.Multiplayer.Tests.WorldMotionAdapterTests:BothProfilesTraverseAllThirteenRegionsAndAllTwentyFourPortalDirections (string,bool,double) (at ./Packages/com.xrlab.chooguard.foundation/Multiplayer/Tests/Editor/WorldMotionAdapterTests.cs:109)
System.Reflection.RuntimeMethodInfo:Invoke (object,System.Reflection.BindingFlags,System.Reflection.Binder,object[],System.Globalization.CultureInfo)
System.Reflection.MethodBase:Invoke (object,object[])
NUnit.Framework.Internal.Reflect:InvokeMethod (System.Reflection.MethodInfo,object,object[])
NUnit.Framework.Internal.MethodWrapper:Invoke (object,object[])
NUnit.Framework.Internal.Commands.TestMethodCommand:RunNonAsyncTestMethod (NUnit.Framework.Internal.ITestExecutionContext)
NUnit.Framework.Internal.Commands.TestMethodCommand:RunTestMethod (NUnit.Framework.Internal.ITestExecutionContext)
NUnit.Framework.Internal.Commands.TestMethodCommand:Execute (NUnit.Framework.Internal.ITestExecutionContext)
UnityEngine.TestTools.UnityTestMethodCommand:Execute (NUnit.Framework.Internal.ITestExecutionContext) (at ./Library/PackageCache/com.unity.test-framework@bd7f943e9647/UnityEngine.TestRunner/NUnitExtensions/Commands/UnityTestMethodCommand.cs:19)
UnityEngine.TestRunner.NUnitExtensions.Runner.UnityLogCheckDelegatingCommand/<>c__DisplayClass2_0:<Execute>b__0 () (at ./Library/PackageCache/com.unity.test-framework@bd7f943e9647/UnityEngine.TestRunner/NUnitExtensions/Runner/UnityLogCheckDelegatingCommand.cs:24)
UnityEngine.TestRunner.NUnitExtensions.Runner.UnityLogCheckDelegatingCommand:CaptureException (NUnit.Framework.Internal.TestResult,System.Action) (at ./Library/PackageCache/com.unity.test-framework@bd7f943e9647/UnityEngine.TestRunner/NUnitExtensions/Runner/UnityLogCheckDelegatingCommand.cs:72)
UnityEngine.TestRunner.NUnitExtensions.Runner.UnityLogCheckDelegatingCommand:ExecuteAndCheckLog (UnityEngine.TestTools.Logging.LogScope,NUnit.Framework.Internal.TestResult,System.Action) (at ./Library/PackageCache/com.unity.test-framework@bd7f943e9647/UnityEngine.TestRunner/NUnitExtensions/Runner/UnityLogCheckDelegatingCommand.cs:83)
UnityEngine.TestRunner.NUnitExtensions.Runner.UnityLogCheckDelegatingCommand:Execute (NUnit.Framework.Internal.ITestExecutionContext) (at ./Library/PackageCache/com.unity.test-framework@bd7f943e9647/UnityEngine.TestRunner/NUnitExtensions/Runner/UnityLogCheckDelegatingCommand.cs:24)
UnityEngine.TestRunner.NUnitExtensions.Runner.UnityLogCheckDelegatingCommand/<ExecuteEnumerable>d__3:MoveNext () (at ./Library/PackageCache/com.unity.test-framework@bd7f943e9647/UnityEngine.TestRunner/NUnitExtensions/Runner/UnityLogCheckDelegatingCommand.cs:35)
UnityEngine.TestTools.BeforeAfterTestCommandBase`1/<ExecuteEnumerable>d__16<NUnit.Framework.ITestAction>:MoveNext () (at ./Library/PackageCache/com.unity.test-framework@bd7f943e9647/UnityEngine.TestRunner/NUnitExtensions/Commands/BeforeAfterTestCommandBase.cs:212)
UnityEngine.TestTools.ImmediateEnumerableCommand:Execute (NUnit.Framework.Internal.ITestExecutionContext) (at ./Library/PackageCache/com.unity.test-framework@bd7f943e9647/UnityEngine.TestRunner/NUnitExtensions/Commands/ImmediateEnumerableCommand.cs:18)
UnityEngine.TestTools.BeforeAfterTestCommandBase`1/<ExecuteEnumerable>d__16<System.Reflection.MethodInfo>:MoveNext () (at ./Library/PackageCache/com.unity.test-framework@bd7f943e9647/UnityEngine.TestRunner/NUnitExtensions/Commands/BeforeAfterTestCommandBase.cs:219)
UnityEngine.TestTools.BeforeAfterTestCommandBase`1/<ExecuteEnumerable>d__16<System.Reflection.MethodInfo>:MoveNext () (at ./Library/PackageCache/com.unity.test-framework@bd7f943e9647/UnityEngine.TestRunner/NUnitExtensions/Commands/BeforeAfterTestCommandBase.cs:212)
UnityEngine.TestTools.BeforeAfterTestCommandBase`1/<ExecuteEnumerable>d__16<UnityEngine.TestTools.IOuterUnityTestAction>:MoveNext () (at ./Library/PackageCache/com.unity.test-framework@bd7f943e9647/UnityEngine.TestRunner/NUnitExtensions/Commands/BeforeAfterTestCommandBase.cs:212)
UnityEngine.TestTools.RetryCommand/<ExecuteEnumerable>d__2:MoveNext () (at ./Library/PackageCache/com.unity.test-framework@bd7f943e9647/UnityEngine.TestRunner/NUnitExtensions/Commands/RetryCommand.cs:37)
UnityEngine.TestTools.RepeatCommand/<ExecuteEnumerable>d__2:MoveNext () (at ./Library/PackageCache/com.unity.test-framework@bd7f943e9647/UnityEngine.TestRunner/NUnitExtensions/Commands/RepeatCommand.cs:36)
UnityEngine.TestTools.IgnoreTestCommand/<ExecuteEnumerable>d__3:MoveNext () (at ./Library/PackageCache/com.unity.test-framework@bd7f943e9647/UnityEngine.TestRunner/NUnitExtensions/Commands/IgnoreTestCommand.cs:42)
UnityEngine.TestTools.StrictCheckCommand/<ExecuteEnumerable>d__2:MoveNext () (at ./Library/PackageCache/com.unity.test-framework@bd7f943e9647/UnityEngine.TestRunner/NUnitExtensions/Commands/StrictCheckCommand.cs:29)
UnityEngine.TestRunner.NUnitExtensions.Runner.DefaultTestWorkItem/<PerformWork>d__2:MoveNext () (at ./Library/PackageCache/com.unity.test-framework@bd7f943e9647/UnityEngine.TestRunner/NUnitExtensions/Runner/DefaultTestWorkItem.cs:50)
UnityEngine.TestRunner.NUnitExtensions.Runner.CompositeWorkItem/<RunChildren>d__17:MoveNext () (at ./Library/PackageCache/com.unity.test-framework@bd7f943e9647/UnityEngine.TestRunner/NUnitExtensions/Runner/CompositeWorkItem.cs:207)
UnityEngine.TestRunner.NUnitExtensions.Runner.CompositeWorkItem/<PerformWork>d__13:MoveNext () (at ./Library/PackageCache/com.unity.test-framework@bd7f943e9647/UnityEngine.TestRunner/NUnitExtensions/Runner/CompositeWorkItem.cs:82)
UnityEngine.TestRunner.NUnitExtensions.Runner.CompositeWorkItem/<RunChildren>d__17:MoveNext () (at ./Library/PackageCache/com.unity.test-framework@bd7f943e9647/UnityEngine.TestRunner/NUnitExtensions/Runner/CompositeWorkItem.cs:207)
UnityEngine.TestRunner.NUnitExtensions.Runner.CompositeWorkItem/<PerformWork>d__13:MoveNext () (at ./Library/PackageCache/com.unity.test-framework@bd7f943e9647/UnityEngine.TestRunner/NUnitExtensions/Runner/CompositeWorkItem.cs:82)
UnityEngine.TestRunner.NUnitExtensions.Runner.CompositeWorkItem/<RunChildren>d__17:MoveNext () (at ./Library/PackageCache/com.unity.test-framework@bd7f943e9647/UnityEngine.TestRunner/NUnitExtensions/Runner/CompositeWorkItem.cs:207)
UnityEngine.TestRunner.NUnitExtensions.Runner.CompositeWorkItem/<PerformWork>d__13:MoveNext () (at ./Library/PackageCache/com.unity.test-framework@bd7f943e9647/UnityEngine.TestRunner/NUnitExtensions/Runner/CompositeWorkItem.cs:82)
UnityEngine.TestRunner.NUnitExtensions.Runner.CompositeWorkItem/<RunChildren>d__17:MoveNext () (at ./Library/PackageCache/com.unity.test-framework@bd7f943e9647/UnityEngine.TestRunner/NUnitExtensions/Runner/CompositeWorkItem.cs:207)
UnityEngine.TestRunner.NUnitExtensions.Runner.CompositeWorkItem/<PerformWork>d__13:MoveNext () (at ./Library/PackageCache/com.unity.test-framework@bd7f943e9647/UnityEngine.TestRunner/NUnitExtensions/Runner/CompositeWorkItem.cs:82)
UnityEngine.TestRunner.NUnitExtensions.Runner.CompositeWorkItem/<RunChildren>d__17:MoveNext () (at ./Library/PackageCache/com.unity.test-framework@bd7f943e9647/UnityEngine.TestRunner/NUnitExtensions/Runner/CompositeWorkItem.cs:207)
UnityEngine.TestRunner.NUnitExtensions.Runner.CompositeWorkItem/<PerformWork>d__13:MoveNext () (at ./Library/PackageCache/com.unity.test-framework@bd7f943e9647/UnityEngine.TestRunner/NUnitExtensions/Runner/CompositeWorkItem.cs:82)
UnityEngine.TestRunner.NUnitExtensions.Runner.CompositeWorkItem/<RunChildren>d__17:MoveNext () (at ./Library/PackageCache/com.unity.test-framework@bd7f943e9647/UnityEngine.TestRunner/NUnitExtensions/Runner/CompositeWorkItem.cs:207)
UnityEngine.TestRunner.NUnitExtensions.Runner.CompositeWorkItem/<PerformWork>d__13:MoveNext () (at ./Library/PackageCache/com.unity.test-framework@bd7f943e9647/UnityEngine.TestRunner/NUnitExtensions/Runner/CompositeWorkItem.cs:82)
UnityEngine.TestRunner.NUnitExtensions.Runner.CompositeWorkItem/<RunChildren>d__17:MoveNext () (at ./Library/PackageCache/com.unity.test-framework@bd7f943e9647/UnityEngine.TestRunner/NUnitExtensions/Runner/CompositeWorkItem.cs:207)
UnityEngine.TestRunner.NUnitExtensions.Runner.CompositeWorkItem/<PerformWork>d__13:MoveNext () (at ./Library/PackageCache/com.unity.test-framework@bd7f943e9647/UnityEngine.TestRunner/NUnitExtensions/Runner/CompositeWorkItem.cs:82)
UnityEngine.TestRunner.NUnitExtensions.Runner.CompositeWorkItem/<RunChildren>d__17:MoveNext () (at ./Library/PackageCache/com.unity.test-framework@bd7f943e9647/UnityEngine.TestRunner/NUnitExtensions/Runner/CompositeWorkItem.cs:207)
UnityEngine.TestRunner.NUnitExtensions.Runner.CompositeWorkItem/<PerformWork>d__13:MoveNext () (at ./Library/PackageCache/com.unity.test-framework@bd7f943e9647/UnityEngine.TestRunner/NUnitExtensions/Runner/CompositeWorkItem.cs:82)
UnityEditor.TestTools.TestRunner.EditModeRunner:MoveNextAndUpdateYieldObject () (at ./Library/PackageCache/com.unity.test-framework@bd7f943e9647/UnityEditor.TestRunner/TestRunner/EditModeRunner.cs:167)
UnityEditor.TestTools.TestRunner.EditModeRunner:TestConsumer (UnityEditor.TestTools.TestRunner.TestRunnerStateSerializer) (at ./Library/PackageCache/com.unity.test-framework@bd7f943e9647/UnityEditor.TestRunner/TestRunner/EditModeRunner.cs:200)
UnityEditor.TestTools.TestRunner.TestRun.Tasks.EditModeRunTask/<Execute>d__1:MoveNext () (at ./Library/PackageCache/com.unity.test-framework@bd7f943e9647/UnityEditor.TestRunner/TestRun/Tasks/EditModeRunTask.cs:48)
UnityEditor.TestTools.TestRunner.TestRun.TestJobRunner:ExecuteStep () (at ./Library/PackageCache/com.unity.test-framework@bd7f943e9647/UnityEditor.TestRunner/TestRun/TestJobRunner.cs:173)
UnityEditor.TestTools.TestRunner.TestRun.TestJobRunner:ExecuteCallback () (at ./Library/PackageCache/com.unity.test-framework@bd7f943e9647/UnityEditor.TestRunner/TestRun/TestJobRunner.cs:108)
UnityEditor.EditorApplication:Internal_CallUpdateFunctions () (at /Users/bokken/build/output/unity/unity/Editor/Mono/EditorApplication.cs:392)

(Filename: ./Packages/com.xrlab.chooguard.foundation/Multiplayer/Tests/Editor/WorldMotionAdapterTests.cs Line: 109)

World motion traversal 0.41 station_hall_1f -> station_concourse_2f steps=260 seconds=0.5655958
UnityEngine.Debug:ExtractStackTraceNoAlloc (byte*,int,string)
UnityEngine.StackTraceUtility:ExtractStackTrace () (at /Users/bokken/build/output/unity/unity/Runtime/Export/Scripting/StackTrace.cs:35)
UnityEngine.DebugLogHandler:Internal_Log (UnityEngine.LogType,UnityEngine.LogOption,string,UnityEngine.Object)
UnityEngine.DebugLogHandler:LogFormat (UnityEngine.LogType,UnityEngine.Object,string,object[])
UnityEngine.Logger:Log (UnityEngine.LogType,object)
UnityEngine.Debug:Log (object)
ChooGuard.Foundation.Multiplayer.Tests.WorldMotionAdapterTests:BothProfilesTraverseAllThirteenRegionsAndAllTwentyFourPortalDirections (string,bool,double) (at ./Packages/com.xrlab.chooguard.foundation/Multiplayer/Tests/Editor/WorldMotionAdapterTests.cs:109)
System.Reflection.RuntimeMethodInfo:Invoke (object,System.Reflection.BindingFlags,System.Reflection.Binder,object[],System.Globalization.CultureInfo)
System.Reflection.MethodBase:Invoke (object,object[])
NUnit.Framework.Internal.Reflect:InvokeMethod (System.Reflection.MethodInfo,object,object[])
NUnit.Framework.Internal.MethodWrapper:Invoke (object,object[])
NUnit.Framework.Internal.Commands.TestMethodCommand:RunNonAsyncTestMethod (NUnit.Framework.Internal.ITestExecutionContext)
NUnit.Framework.Internal.Commands.TestMethodCommand:RunTestMethod (NUnit.Framework.Internal.ITestExecutionContext)
NUnit.Framework.Internal.Commands.TestMethodCommand:Execute (NUnit.Framework.Internal.ITestExecutionContext)
UnityEngine.TestTools.UnityTestMethodCommand:Execute (NUnit.Framework.Internal.ITestExecutionContext) (at ./Library/PackageCache/com.unity.test-framework@bd7f943e9647/UnityEngine.TestRunner/NUnitExtensions/Commands/UnityTestMethodCommand.cs:19)
UnityEngine.TestRunner.NUnitExtensions.Runner.UnityLogCheckDelegatingCommand/<>c__DisplayClass2_0:<Execute>b__0 () (at ./Library/PackageCache/com.unity.test-framework@bd7f943e9647/UnityEngine.TestRunner/NUnitExtensions/Runner/UnityLogCheckDelegatingCommand.cs:24)
UnityEngine.TestRunner.NUnitExtensions.Runner.UnityLogCheckDelegatingCommand:CaptureException (NUnit.Framework.Internal.TestResult,System.Action) (at ./Library/PackageCache/com.unity.test-framework@bd7f943e9647/UnityEngine.TestRunner/NUnitExtensions/Runner/UnityLogCheckDelegatingCommand.cs:72)
UnityEngine.TestRunner.NUnitExtensions.Runner.UnityLogCheckDelegatingCommand:ExecuteAndCheckLog (UnityEngine.TestTools.Logging.LogScope,NUnit.Framework.Internal.TestResult,System.Action) (at ./Library/PackageCache/com.unity.test-framework@bd7f943e9647/UnityEngine.TestRunner/NUnitExtensions/Runner/UnityLogCheckDelegatingCommand.cs:83)
UnityEngine.TestRunner.NUnitExtensions.Runner.UnityLogCheckDelegatingCommand:Execute (NUnit.Framework.Internal.ITestExecutionContext) (at ./Library/PackageCache/com.unity.test-framework@bd7f943e9647/UnityEngine.TestRunner/NUnitExtensions/Runner/UnityLogCheckDelegatingCommand.cs:24)
UnityEngine.TestRunner.NUnitExtensions.Runner.UnityLogCheckDelegatingCommand/<ExecuteEnumerable>d__3:MoveNext () (at ./Library/PackageCache/com.unity.test-framework@bd7f943e9647/UnityEngine.TestRunner/NUnitExtensions/Runner/UnityLogCheckDelegatingCommand.cs:35)
UnityEngine.TestTools.BeforeAfterTestCommandBase`1/<ExecuteEnumerable>d__16<NUnit.Framework.ITestAction>:MoveNext () (at ./Library/PackageCache/com.unity.test-framework@bd7f943e9647/UnityEngine.TestRunner/NUnitExtensions/Commands/BeforeAfterTestCommandBase.cs:212)
UnityEngine.TestTools.ImmediateEnumerableCommand:Execute (NUnit.Framework.Internal.ITestExecutionContext) (at ./Library/PackageCache/com.unity.test-framework@bd7f943e9647/UnityEngine.TestRunner/NUnitExtensions/Commands/ImmediateEnumerableCommand.cs:18)
UnityEngine.TestTools.BeforeAfterTestCommandBase`1/<ExecuteEnumerable>d__16<System.Reflection.MethodInfo>:MoveNext () (at ./Library/PackageCache/com.unity.test-framework@bd7f943e9647/UnityEngine.TestRunner/NUnitExtensions/Commands/BeforeAfterTestCommandBase.cs:219)
UnityEngine.TestTools.BeforeAfterTestCommandBase`1/<ExecuteEnumerable>d__16<System.Reflection.MethodInfo>:MoveNext () (at ./Library/PackageCache/com.unity.test-framework@bd7f943e9647/UnityEngine.TestRunner/NUnitExtensions/Commands/BeforeAfterTestCommandBase.cs:212)
UnityEngine.TestTools.BeforeAfterTestCommandBase`1/<ExecuteEnumerable>d__16<UnityEngine.TestTools.IOuterUnityTestAction>:MoveNext () (at ./Library/PackageCache/com.unity.test-framework@bd7f943e9647/UnityEngine.TestRunner/NUnitExtensions/Commands/BeforeAfterTestCommandBase.cs:212)
UnityEngine.TestTools.RetryCommand/<ExecuteEnumerable>d__2:MoveNext () (at ./Library/PackageCache/com.unity.test-framework@bd7f943e9647/UnityEngine.TestRunner/NUnitExtensions/Commands/RetryCommand.cs:37)
UnityEngine.TestTools.RepeatCommand/<ExecuteEnumerable>d__2:MoveNext () (at ./Library/PackageCache/com.unity.test-framework@bd7f943e9647/UnityEngine.TestRunner/NUnitExtensions/Commands/RepeatCommand.cs:36)
UnityEngine.TestTools.IgnoreTestCommand/<ExecuteEnumerable>d__3:MoveNext () (at ./Library/PackageCache/com.unity.test-framework@bd7f943e9647/UnityEngine.TestRunner/NUnitExtensions/Commands/IgnoreTestCommand.cs:42)
UnityEngine.TestTools.StrictCheckCommand/<ExecuteEnumerable>d__2:MoveNext () (at ./Library/PackageCache/com.unity.test-framework@bd7f943e9647/UnityEngine.TestRunner/NUnitExtensions/Commands/StrictCheckCommand.cs:29)
UnityEngine.TestRunner.NUnitExtensions.Runner.DefaultTestWorkItem/<PerformWork>d__2:MoveNext () (at ./Library/PackageCache/com.unity.test-framework@bd7f943e9647/UnityEngine.TestRunner/NUnitExtensions/Runner/DefaultTestWorkItem.cs:50)
UnityEngine.TestRunner.NUnitExtensions.Runner.CompositeWorkItem/<RunChildren>d__17:MoveNext () (at ./Library/PackageCache/com.unity.test-framework@bd7f943e9647/UnityEngine.TestRunner/NUnitExtensions/Runner/CompositeWorkItem.cs:207)
UnityEngine.TestRunner.NUnitExtensions.Runner.CompositeWorkItem/<PerformWork>d__13:MoveNext () (at ./Library/PackageCache/com.unity.test-framework@bd7f943e9647/UnityEngine.TestRunner/NUnitExtensions/Runner/CompositeWorkItem.cs:82)
UnityEngine.TestRunner.NUnitExtensions.Runner.CompositeWorkItem/<RunChildren>d__17:MoveNext () (at ./Library/PackageCache/com.unity.test-framework@bd7f943e9647/UnityEngine.TestRunner/NUnitExtensions/Runner/CompositeWorkItem.cs:207)
UnityEngine.TestRunner.NUnitExtensions.Runner.CompositeWorkItem/<PerformWork>d__13:MoveNext () (at ./Library/PackageCache/com.unity.test-framework@bd7f943e9647/UnityEngine.TestRunner/NUnitExtensions/Runner/CompositeWorkItem.cs:82)
UnityEngine.TestRunner.NUnitExtensions.Runner.CompositeWorkItem/<RunChildren>d__17:MoveNext () (at ./Library/PackageCache/com.unity.test-framework@bd7f943e9647/UnityEngine.TestRunner/NUnitExtensions/Runner/CompositeWorkItem.cs:207)
UnityEngine.TestRunner.NUnitExtensions.Runner.CompositeWorkItem/<PerformWork>d__13:MoveNext () (at ./Library/PackageCache/com.unity.test-framework@bd7f943e9647/UnityEngine.TestRunner/NUnitExtensions/Runner/CompositeWorkItem.cs:82)
UnityEngine.TestRunner.NUnitExtensions.Runner.CompositeWorkItem/<RunChildren>d__17:MoveNext () (at ./Library/PackageCache/com.unity.test-framework@bd7f943e9647/UnityEngine.TestRunner/NUnitExtensions/Runner/CompositeWorkItem.cs:207)
UnityEngine.TestRunner.NUnitExtensions.Runner.CompositeWorkItem/<PerformWork>d__13:MoveNext () (at ./Library/PackageCache/com.unity.test-framework@bd7f943e9647/UnityEngine.TestRunner/NUnitExtensions/Runner/CompositeWorkItem.cs:82)
UnityEngine.TestRunner.NUnitExtensions.Runner.CompositeWorkItem/<RunChildren>d__17:MoveNext () (at ./Library/PackageCache/com.unity.test-framework@bd7f943e9647/UnityEngine.TestRunner/NUnitExtensions/Runner/CompositeWorkItem.cs:207)
UnityEngine.TestRunner.NUnitExtensions.Runner.CompositeWorkItem/<PerformWork>d__13:MoveNext () (at ./Library/PackageCache/com.unity.test-framework@bd7f943e9647/UnityEngine.TestRunner/NUnitExtensions/Runner/CompositeWorkItem.cs:82)
UnityEngine.TestRunner.NUnitExtensions.Runner.CompositeWorkItem/<RunChildren>d__17:MoveNext () (at ./Library/PackageCache/com.unity.test-framework@bd7f943e9647/UnityEngine.TestRunner/NUnitExtensions/Runner/CompositeWorkItem.cs:207)
UnityEngine.TestRunner.NUnitExtensions.Runner.CompositeWorkItem/<PerformWork>d__13:MoveNext () (at ./Library/PackageCache/com.unity.test-framework@bd7f943e9647/UnityEngine.TestRunner/NUnitExtensions/Runner/CompositeWorkItem.cs:82)
UnityEngine.TestRunner.NUnitExtensions.Runner.CompositeWorkItem/<RunChildren>d__17:MoveNext () (at ./Library/PackageCache/com.unity.test-framework@bd7f943e9647/UnityEngine.TestRunner/NUnitExtensions/Runner/CompositeWorkItem.cs:207)
UnityEngine.TestRunner.NUnitExtensions.Runner.CompositeWorkItem/<PerformWork>d__13:MoveNext () (at ./Library/PackageCache/com.unity.test-framework@bd7f943e9647/UnityEngine.TestRunner/NUnitExtensions/Runner/CompositeWorkItem.cs:82)
UnityEngine.TestRunner.NUnitExtensions.Runner.CompositeWorkItem/<RunChildren>d__17:MoveNext () (at ./Library/PackageCache/com.unity.test-framework@bd7f943e9647/UnityEngine.TestRunner/NUnitExtensions/Runner/CompositeWorkItem.cs:207)
UnityEngine.TestRunner.NUnitExtensions.Runner.CompositeWorkItem/<PerformWork>d__13:MoveNext () (at ./Library/PackageCache/com.unity.test-framework@bd7f943e9647/UnityEngine.TestRunner/NUnitExtensions/Runner/CompositeWorkItem.cs:82)
UnityEditor.TestTools.TestRunner.EditModeRunner:MoveNextAndUpdateYieldObject () (at ./Library/PackageCache/com.unity.test-framework@bd7f943e9647/UnityEditor.TestRunner/TestRunner/EditModeRunner.cs:167)
UnityEditor.TestTools.TestRunner.EditModeRunner:TestConsumer (UnityEditor.TestTools.TestRunner.TestRunnerStateSerializer) (at ./Library/PackageCache/com.unity.test-framework@bd7f943e9647/UnityEditor.TestRunner/TestRunner/EditModeRunner.cs:200)
UnityEditor.TestTools.TestRunner.TestRun.Tasks.EditModeRunTask/<Execute>d__1:MoveNext () (at ./Library/PackageCache/com.unity.test-framework@bd7f943e9647/UnityEditor.TestRunner/TestRun/Tasks/EditModeRunTask.cs:48)
UnityEditor.TestTools.TestRunner.TestRun.TestJobRunner:ExecuteStep () (at ./Library/PackageCache/com.unity.test-framework@bd7f943e9647/UnityEditor.TestRunner/TestRun/TestJobRunner.cs:173)
UnityEditor.TestTools.TestRunner.TestRun.TestJobRunner:ExecuteCallback () (at ./Library/PackageCache/com.unity.test-framework@bd7f943e9647/UnityEditor.TestRunner/TestRun/TestJobRunner.cs:108)
UnityEditor.EditorApplication:Internal_CallUpdateFunctions () (at /Users/bokken/build/output/unity/unity/Editor/Mono/EditorApplication.cs:392)

(Filename: ./Packages/com.xrlab.chooguard.foundation/Multiplayer/Tests/Editor/WorldMotionAdapterTests.cs Line: 109)

World motion traversal 0.41 station_concourse_2f -> station_hall_1f steps=260 seconds=0.5598996
UnityEngine.Debug:ExtractStackTraceNoAlloc (byte*,int,string)
UnityEngine.StackTraceUtility:ExtractStackTrace () (at /Users/bokken/build/output/unity/unity/Runtime/Export/Scripting/StackTrace.cs:35)
UnityEngine.DebugLogHandler:Internal_Log (UnityEngine.LogType,UnityEngine.LogOption,string,UnityEngine.Object)
UnityEngine.DebugLogHandler:LogFormat (UnityEngine.LogType,UnityEngine.Object,string,object[])
UnityEngine.Logger:Log (UnityEngine.LogType,object)
UnityEngine.Debug:Log (object)
ChooGuard.Foundation.Multiplayer.Tests.WorldMotionAdapterTests:BothProfilesTraverseAllThirteenRegionsAndAllTwentyFourPortalDirections (string,bool,double) (at ./Packages/com.xrlab.chooguard.foundation/Multiplayer/Tests/Editor/WorldMotionAdapterTests.cs:109)
System.Reflection.RuntimeMethodInfo:Invoke (object,System.Reflection.BindingFlags,System.Reflection.Binder,object[],System.Globalization.CultureInfo)
System.Reflection.MethodBase:Invoke (object,object[])
NUnit.Framework.Internal.Reflect:InvokeMethod (System.Reflection.MethodInfo,object,object[])
NUnit.Framework.Internal.MethodWrapper:Invoke (object,object[])
NUnit.Framework.Internal.Commands.TestMethodCommand:RunNonAsyncTestMethod (NUnit.Framework.Internal.ITestExecutionContext)
NUnit.Framework.Internal.Commands.TestMethodCommand:RunTestMethod (NUnit.Framework.Internal.ITestExecutionContext)
NUnit.Framework.Internal.Commands.TestMethodCommand:Execute (NUnit.Framework.Internal.ITestExecutionContext)
UnityEngine.TestTools.UnityTestMethodCommand:Execute (NUnit.Framework.Internal.ITestExecutionContext) (at ./Library/PackageCache/com.unity.test-framework@bd7f943e9647/UnityEngine.TestRunner/NUnitExtensions/Commands/UnityTestMethodCommand.cs:19)
UnityEngine.TestRunner.NUnitExtensions.Runner.UnityLogCheckDelegatingCommand/<>c__DisplayClass2_0:<Execute>b__0 () (at ./Library/PackageCache/com.unity.test-framework@bd7f943e9647/UnityEngine.TestRunner/NUnitExtensions/Runner/UnityLogCheckDelegatingCommand.cs:24)
UnityEngine.TestRunner.NUnitExtensions.Runner.UnityLogCheckDelegatingCommand:CaptureException (NUnit.Framework.Internal.TestResult,System.Action) (at ./Library/PackageCache/com.unity.test-framework@bd7f943e9647/UnityEngine.TestRunner/NUnitExtensions/Runner/UnityLogCheckDelegatingCommand.cs:72)
UnityEngine.TestRunner.NUnitExtensions.Runner.UnityLogCheckDelegatingCommand:ExecuteAndCheckLog (UnityEngine.TestTools.Logging.LogScope,NUnit.Framework.Internal.TestResult,System.Action) (at ./Library/PackageCache/com.unity.test-framework@bd7f943e9647/UnityEngine.TestRunner/NUnitExtensions/Runner/UnityLogCheckDelegatingCommand.cs:83)
UnityEngine.TestRunner.NUnitExtensions.Runner.UnityLogCheckDelegatingCommand:Execute (NUnit.Framework.Internal.ITestExecutionContext) (at ./Library/PackageCache/com.unity.test-framework@bd7f943e9647/UnityEngine.TestRunner/NUnitExtensions/Runner/UnityLogCheckDelegatingCommand.cs:24)
UnityEngine.TestRunner.NUnitExtensions.Runner.UnityLogCheckDelegatingCommand/<ExecuteEnumerable>d__3:MoveNext () (at ./Library/PackageCache/com.unity.test-framework@bd7f943e9647/UnityEngine.TestRunner/NUnitExtensions/Runner/UnityLogCheckDelegatingCommand.cs:35)
UnityEngine.TestTools.BeforeAfterTestCommandBase`1/<ExecuteEnumerable>d__16<NUnit.Framework.ITestAction>:MoveNext () (at ./Library/PackageCache/com.unity.test-framework@bd7f943e9647/UnityEngine.TestRunner/NUnitExtensions/Commands/BeforeAfterTestCommandBase.cs:212)
UnityEngine.TestTools.ImmediateEnumerableCommand:Execute (NUnit.Framework.Internal.ITestExecutionContext) (at ./Library/PackageCache/com.unity.test-framework@bd7f943e9647/UnityEngine.TestRunner/NUnitExtensions/Commands/ImmediateEnumerableCommand.cs:18)
UnityEngine.TestTools.BeforeAfterTestCommandBase`1/<ExecuteEnumerable>d__16<System.Reflection.MethodInfo>:MoveNext () (at ./Library/PackageCache/com.unity.test-framework@bd7f943e9647/UnityEngine.TestRunner/NUnitExtensions/Commands/BeforeAfterTestCommandBase.cs:219)
UnityEngine.TestTools.BeforeAfterTestCommandBase`1/<ExecuteEnumerable>d__16<System.Reflection.MethodInfo>:MoveNext () (at ./Library/PackageCache/com.unity.test-framework@bd7f943e9647/UnityEngine.TestRunner/NUnitExtensions/Commands/BeforeAfterTestCommandBase.cs:212)
UnityEngine.TestTools.BeforeAfterTestCommandBase`1/<ExecuteEnumerable>d__16<UnityEngine.TestTools.IOuterUnityTestAction>:MoveNext () (at ./Library/PackageCache/com.unity.test-framework@bd7f943e9647/UnityEngine.TestRunner/NUnitExtensions/Commands/BeforeAfterTestCommandBase.cs:212)
UnityEngine.TestTools.RetryCommand/<ExecuteEnumerable>d__2:MoveNext () (at ./Library/PackageCache/com.unity.test-framework@bd7f943e9647/UnityEngine.TestRunner/NUnitExtensions/Commands/RetryCommand.cs:37)
UnityEngine.TestTools.RepeatCommand/<ExecuteEnumerable>d__2:MoveNext () (at ./Library/PackageCache/com.unity.test-framework@bd7f943e9647/UnityEngine.TestRunner/NUnitExtensions/Commands/RepeatCommand.cs:36)
UnityEngine.TestTools.IgnoreTestCommand/<ExecuteEnumerable>d__3:MoveNext () (at ./Library/PackageCache/com.unity.test-framework@bd7f943e9647/UnityEngine.TestRunner/NUnitExtensions/Commands/IgnoreTestCommand.cs:42)
UnityEngine.TestTools.StrictCheckCommand/<ExecuteEnumerable>d__2:MoveNext () (at ./Library/PackageCache/com.unity.test-framework@bd7f943e9647/UnityEngine.TestRunner/NUnitExtensions/Commands/StrictCheckCommand.cs:29)
UnityEngine.TestRunner.NUnitExtensions.Runner.DefaultTestWorkItem/<PerformWork>d__2:MoveNext () (at ./Library/PackageCache/com.unity.test-framework@bd7f943e9647/UnityEngine.TestRunner/NUnitExtensions/Runner/DefaultTestWorkItem.cs:50)
UnityEngine.TestRunner.NUnitExtensions.Runner.CompositeWorkItem/<RunChildren>d__17:MoveNext () (at ./Library/PackageCache/com.unity.test-framework@bd7f943e9647/UnityEngine.TestRunner/NUnitExtensions/Runner/CompositeWorkItem.cs:207)
UnityEngine.TestRunner.NUnitExtensions.Runner.CompositeWorkItem/<PerformWork>d__13:MoveNext () (at ./Library/PackageCache/com.unity.test-framework@bd7f943e9647/UnityEngine.TestRunner/NUnitExtensions/Runner/CompositeWorkItem.cs:82)
UnityEngine.TestRunner.NUnitExtensions.Runner.CompositeWorkItem/<RunChildren>d__17:MoveNext () (at ./Library/PackageCache/com.unity.test-framework@bd7f943e9647/UnityEngine.TestRunner/NUnitExtensions/Runner/CompositeWorkItem.cs:207)
UnityEngine.TestRunner.NUnitExtensions.Runner.CompositeWorkItem/<PerformWork>d__13:MoveNext () (at ./Library/PackageCache/com.unity.test-framework@bd7f943e9647/UnityEngine.TestRunner/NUnitExtensions/Runner/CompositeWorkItem.cs:82)
UnityEngine.TestRunner.NUnitExtensions.Runner.CompositeWorkItem/<RunChildren>d__17:MoveNext () (at ./Library/PackageCache/com.unity.test-framework@bd7f943e9647/UnityEngine.TestRunner/NUnitExtensions/Runner/CompositeWorkItem.cs:207)
UnityEngine.TestRunner.NUnitExtensions.Runner.CompositeWorkItem/<PerformWork>d__13:MoveNext () (at ./Library/PackageCache/com.unity.test-framework@bd7f943e9647/UnityEngine.TestRunner/NUnitExtensions/Runner/CompositeWorkItem.cs:82)
UnityEngine.TestRunner.NUnitExtensions.Runner.CompositeWorkItem/<RunChildren>d__17:MoveNext () (at ./Library/PackageCache/com.unity.test-framework@bd7f943e9647/UnityEngine.TestRunner/NUnitExtensions/Runner/CompositeWorkItem.cs:207)
UnityEngine.TestRunner.NUnitExtensions.Runner.CompositeWorkItem/<PerformWork>d__13:MoveNext () (at ./Library/PackageCache/com.unity.test-framework@bd7f943e9647/UnityEngine.TestRunner/NUnitExtensions/Runner/CompositeWorkItem.cs:82)
UnityEngine.TestRunner.NUnitExtensions.Runner.CompositeWorkItem/<RunChildren>d__17:MoveNext () (at ./Library/PackageCache/com.unity.test-framework@bd7f943e9647/UnityEngine.TestRunner/NUnitExtensions/Runner/CompositeWorkItem.cs:207)
UnityEngine.TestRunner.NUnitExtensions.Runner.CompositeWorkItem/<PerformWork>d__13:MoveNext () (at ./Library/PackageCache/com.unity.test-framework@bd7f943e9647/UnityEngine.TestRunner/NUnitExtensions/Runner/CompositeWorkItem.cs:82)
UnityEngine.TestRunner.NUnitExtensions.Runner.CompositeWorkItem/<RunChildren>d__17:MoveNext () (at ./Library/PackageCache/com.unity.test-framework@bd7f943e9647/UnityEngine.TestRunner/NUnitExtensions/Runner/CompositeWorkItem.cs:207)
UnityEngine.TestRunner.NUnitExtensions.Runner.CompositeWorkItem/<PerformWork>d__13:MoveNext () (at ./Library/PackageCache/com.unity.test-framework@bd7f943e9647/UnityEngine.TestRunner/NUnitExtensions/Runner/CompositeWorkItem.cs:82)
UnityEngine.TestRunner.NUnitExtensions.Runner.CompositeWorkItem/<RunChildren>d__17:MoveNext () (at ./Library/PackageCache/com.unity.test-framework@bd7f943e9647/UnityEngine.TestRunner/NUnitExtensions/Runner/CompositeWorkItem.cs:207)
UnityEngine.TestRunner.NUnitExtensions.Runner.CompositeWorkItem/<PerformWork>d__13:MoveNext () (at ./Library/PackageCache/com.unity.test-framework@bd7f943e9647/UnityEngine.TestRunner/NUnitExtensions/Runner/CompositeWorkItem.cs:82)
UnityEngine.TestRunner.NUnitExtensions.Runner.CompositeWorkItem/<RunChildren>d__17:MoveNext () (at ./Library/PackageCache/com.unity.test-framework@bd7f943e9647/UnityEngine.TestRunner/NUnitExtensions/Runner/CompositeWorkItem.cs:207)
UnityEngine.TestRunner.NUnitExtensions.Runner.CompositeWorkItem/<PerformWork>d__13:MoveNext () (at ./Library/PackageCache/com.unity.test-framework@bd7f943e9647/UnityEngine.TestRunner/NUnitExtensions/Runner/CompositeWorkItem.cs:82)
UnityEditor.TestTools.TestRunner.EditModeRunner:MoveNextAndUpdateYieldObject () (at ./Library/PackageCache/com.unity.test-framework@bd7f943e9647/UnityEditor.TestRunner/TestRunner/EditModeRunner.cs:167)
UnityEditor.TestTools.TestRunner.EditModeRunner:TestConsumer (UnityEditor.TestTools.TestRunner.TestRunnerStateSerializer) (at ./Library/PackageCache/com.unity.test-framework@bd7f943e9647/UnityEditor.TestRunner/TestRunner/EditModeRunner.cs:200)
UnityEditor.TestTools.TestRunner.TestRun.Tasks.EditModeRunTask/<Execute>d__1:MoveNext () (at ./Library/PackageCache/com.unity.test-framework@bd7f943e9647/UnityEditor.TestRunner/TestRun/Tasks/EditModeRunTask.cs:48)
UnityEditor.TestTools.TestRunner.TestRun.TestJobRunner:ExecuteStep () (at ./Library/PackageCache/com.unity.test-framework@bd7f943e9647/UnityEditor.TestRunner/TestRun/TestJobRunner.cs:173)
UnityEditor.TestTools.TestRunner.TestRun.TestJobRunner:ExecuteCallback () (at ./Library/PackageCache/com.unity.test-framework@bd7f943e9647/UnityEditor.TestRunner/TestRun/TestJobRunner.cs:108)
UnityEditor.EditorApplication:Internal_CallUpdateFunctions () (at /Users/bokken/build/output/unity/unity/Editor/Mono/EditorApplication.cs:392)

(Filename: ./Packages/com.xrlab.chooguard.foundation/Multiplayer/Tests/Editor/WorldMotionAdapterTests.cs Line: 109)

World motion traversal 0.41 station_ticket_area -> rail_terminal_public steps=227 seconds=0.431247
UnityEngine.Debug:ExtractStackTraceNoAlloc (byte*,int,string)
UnityEngine.StackTraceUtility:ExtractStackTrace () (at /Users/bokken/build/output/unity/unity/Runtime/Export/Scripting/StackTrace.cs:35)
UnityEngine.DebugLogHandler:Internal_Log (UnityEngine.LogType,UnityEngine.LogOption,string,UnityEngine.Object)
UnityEngine.DebugLogHandler:LogFormat (UnityEngine.LogType,UnityEngine.Object,string,object[])
UnityEngine.Logger:Log (UnityEngine.LogType,object)
UnityEngine.Debug:Log (object)
ChooGuard.Foundation.Multiplayer.Tests.WorldMotionAdapterTests:BothProfilesTraverseAllThirteenRegionsAndAllTwentyFourPortalDirections (string,bool,double) (at ./Packages/com.xrlab.chooguard.foundation/Multiplayer/Tests/Editor/WorldMotionAdapterTests.cs:109)
System.Reflection.RuntimeMethodInfo:Invoke (object,System.Reflection.BindingFlags,System.Reflection.Binder,object[],System.Globalization.CultureInfo)
System.Reflection.MethodBase:Invoke (object,object[])
NUnit.Framework.Internal.Reflect:InvokeMethod (System.Reflection.MethodInfo,object,object[])
NUnit.Framework.Internal.MethodWrapper:Invoke (object,object[])
NUnit.Framework.Internal.Commands.TestMethodCommand:RunNonAsyncTestMethod (NUnit.Framework.Internal.ITestExecutionContext)
NUnit.Framework.Internal.Commands.TestMethodCommand:RunTestMethod (NUnit.Framework.Internal.ITestExecutionContext)
NUnit.Framework.Internal.Commands.TestMethodCommand:Execute (NUnit.Framework.Internal.ITestExecutionContext)
UnityEngine.TestTools.UnityTestMethodCommand:Execute (NUnit.Framework.Internal.ITestExecutionContext) (at ./Library/PackageCache/com.unity.test-framework@bd7f943e9647/UnityEngine.TestRunner/NUnitExtensions/Commands/UnityTestMethodCommand.cs:19)
UnityEngine.TestRunner.NUnitExtensions.Runner.UnityLogCheckDelegatingCommand/<>c__DisplayClass2_0:<Execute>b__0 () (at ./Library/PackageCache/com.unity.test-framework@bd7f943e9647/UnityEngine.TestRunner/NUnitExtensions/Runner/UnityLogCheckDelegatingCommand.cs:24)
UnityEngine.TestRunner.NUnitExtensions.Runner.UnityLogCheckDelegatingCommand:CaptureException (NUnit.Framework.Internal.TestResult,System.Action) (at ./Library/PackageCache/com.unity.test-framework@bd7f943e9647/UnityEngine.TestRunner/NUnitExtensions/Runner/UnityLogCheckDelegatingCommand.cs:72)
UnityEngine.TestRunner.NUnitExtensions.Runner.UnityLogCheckDelegatingCommand:ExecuteAndCheckLog (UnityEngine.TestTools.Logging.LogScope,NUnit.Framework.Internal.TestResult,System.Action) (at ./Library/PackageCache/com.unity.test-framework@bd7f943e9647/UnityEngine.TestRunner/NUnitExtensions/Runner/UnityLogCheckDelegatingCommand.cs:83)
UnityEngine.TestRunner.NUnitExtensions.Runner.UnityLogCheckDelegatingCommand:Execute (NUnit.Framework.Internal.ITestExecutionContext) (at ./Library/PackageCache/com.unity.test-framework@bd7f943e9647/UnityEngine.TestRunner/NUnitExtensions/Runner/UnityLogCheckDelegatingCommand.cs:24)
UnityEngine.TestRunner.NUnitExtensions.Runner.UnityLogCheckDelegatingCommand/<ExecuteEnumerable>d__3:MoveNext () (at ./Library/PackageCache/com.unity.test-framework@bd7f943e9647/UnityEngine.TestRunner/NUnitExtensions/Runner/UnityLogCheckDelegatingCommand.cs:35)
UnityEngine.TestTools.BeforeAfterTestCommandBase`1/<ExecuteEnumerable>d__16<NUnit.Framework.ITestAction>:MoveNext () (at ./Library/PackageCache/com.unity.test-framework@bd7f943e9647/UnityEngine.TestRunner/NUnitExtensions/Commands/BeforeAfterTestCommandBase.cs:212)
UnityEngine.TestTools.ImmediateEnumerableCommand:Execute (NUnit.Framework.Internal.ITestExecutionContext) (at ./Library/PackageCache/com.unity.test-framework@bd7f943e9647/UnityEngine.TestRunner/NUnitExtensions/Commands/ImmediateEnumerableCommand.cs:18)
UnityEngine.TestTools.BeforeAfterTestCommandBase`1/<ExecuteEnumerable>d__16<System.Reflection.MethodInfo>:MoveNext () (at ./Library/PackageCache/com.unity.test-framework@bd7f943e9647/UnityEngine.TestRunner/NUnitExtensions/Commands/BeforeAfterTestCommandBase.cs:219)
UnityEngine.TestTools.BeforeAfterTestCommandBase`1/<ExecuteEnumerable>d__16<System.Reflection.MethodInfo>:MoveNext () (at ./Library/PackageCache/com.unity.test-framework@bd7f943e9647/UnityEngine.TestRunner/NUnitExtensions/Commands/BeforeAfterTestCommandBase.cs:212)
UnityEngine.TestTools.BeforeAfterTestCommandBase`1/<ExecuteEnumerable>d__16<UnityEngine.TestTools.IOuterUnityTestAction>:MoveNext () (at ./Library/PackageCache/com.unity.test-framework@bd7f943e9647/UnityEngine.TestRunner/NUnitExtensions/Commands/BeforeAfterTestCommandBase.cs:212)
UnityEngine.TestTools.RetryCommand/<ExecuteEnumerable>d__2:MoveNext () (at ./Library/PackageCache/com.unity.test-framework@bd7f943e9647/UnityEngine.TestRunner/NUnitExtensions/Commands/RetryCommand.cs:37)
UnityEngine.TestTools.RepeatCommand/<ExecuteEnumerable>d__2:MoveNext () (at ./Library/PackageCache/com.unity.test-framework@bd7f943e9647/UnityEngine.TestRunner/NUnitExtensions/Commands/RepeatCommand.cs:36)
UnityEngine.TestTools.IgnoreTestCommand/<ExecuteEnumerable>d__3:MoveNext () (at ./Library/PackageCache/com.unity.test-framework@bd7f943e9647/UnityEngine.TestRunner/NUnitExtensions/Commands/IgnoreTestCommand.cs:42)
UnityEngine.TestTools.StrictCheckCommand/<ExecuteEnumerable>d__2:MoveNext () (at ./Library/PackageCache/com.unity.test-framework@bd7f943e9647/UnityEngine.TestRunner/NUnitExtensions/Commands/StrictCheckCommand.cs:29)
UnityEngine.TestRunner.NUnitExtensions.Runner.DefaultTestWorkItem/<PerformWork>d__2:MoveNext () (at ./Library/PackageCache/com.unity.test-framework@bd7f943e9647/UnityEngine.TestRunner/NUnitExtensions/Runner/DefaultTestWorkItem.cs:50)
UnityEngine.TestRunner.NUnitExtensions.Runner.CompositeWorkItem/<RunChildren>d__17:MoveNext () (at ./Library/PackageCache/com.unity.test-framework@bd7f943e9647/UnityEngine.TestRunner/NUnitExtensions/Runner/CompositeWorkItem.cs:207)
UnityEngine.TestRunner.NUnitExtensions.Runner.CompositeWorkItem/<PerformWork>d__13:MoveNext () (at ./Library/PackageCache/com.unity.test-framework@bd7f943e9647/UnityEngine.TestRunner/NUnitExtensions/Runner/CompositeWorkItem.cs:82)
UnityEngine.TestRunner.NUnitExtensions.Runner.CompositeWorkItem/<RunChildren>d__17:MoveNext () (at ./Library/PackageCache/com.unity.test-framework@bd7f943e9647/UnityEngine.TestRunner/NUnitExtensions/Runner/CompositeWorkItem.cs:207)
UnityEngine.TestRunner.NUnitExtensions.Runner.CompositeWorkItem/<PerformWork>d__13:MoveNext () (at ./Library/PackageCache/com.unity.test-framework@bd7f943e9647/UnityEngine.TestRunner/NUnitExtensions/Runner/CompositeWorkItem.cs:82)
UnityEngine.TestRunner.NUnitExtensions.Runner.CompositeWorkItem/<RunChildren>d__17:MoveNext () (at ./Library/PackageCache/com.unity.test-framework@bd7f943e9647/UnityEngine.TestRunner/NUnitExtensions/Runner/CompositeWorkItem.cs:207)
UnityEngine.TestRunner.NUnitExtensions.Runner.CompositeWorkItem/<PerformWork>d__13:MoveNext () (at ./Library/PackageCache/com.unity.test-framework@bd7f943e9647/UnityEngine.TestRunner/NUnitExtensions/Runner/CompositeWorkItem.cs:82)
UnityEngine.TestRunner.NUnitExtensions.Runner.CompositeWorkItem/<RunChildren>d__17:MoveNext () (at ./Library/PackageCache/com.unity.test-framework@bd7f943e9647/UnityEngine.TestRunner/NUnitExtensions/Runner/CompositeWorkItem.cs:207)
UnityEngine.TestRunner.NUnitExtensions.Runner.CompositeWorkItem/<PerformWork>d__13:MoveNext () (at ./Library/PackageCache/com.unity.test-framework@bd7f943e9647/UnityEngine.TestRunner/NUnitExtensions/Runner/CompositeWorkItem.cs:82)
UnityEngine.TestRunner.NUnitExtensions.Runner.CompositeWorkItem/<RunChildren>d__17:MoveNext () (at ./Library/PackageCache/com.unity.test-framework@bd7f943e9647/UnityEngine.TestRunner/NUnitExtensions/Runner/CompositeWorkItem.cs:207)
UnityEngine.TestRunner.NUnitExtensions.Runner.CompositeWorkItem/<PerformWork>d__13:MoveNext () (at ./Library/PackageCache/com.unity.test-framework@bd7f943e9647/UnityEngine.TestRunner/NUnitExtensions/Runner/CompositeWorkItem.cs:82)
UnityEngine.TestRunner.NUnitExtensions.Runner.CompositeWorkItem/<RunChildren>d__17:MoveNext () (at ./Library/PackageCache/com.unity.test-framework@bd7f943e9647/UnityEngine.TestRunner/NUnitExtensions/Runner/CompositeWorkItem.cs:207)
UnityEngine.TestRunner.NUnitExtensions.Runner.CompositeWorkItem/<PerformWork>d__13:MoveNext () (at ./Library/PackageCache/com.unity.test-framework@bd7f943e9647/UnityEngine.TestRunner/NUnitExtensions/Runner/CompositeWorkItem.cs:82)
UnityEngine.TestRunner.NUnitExtensions.Runner.CompositeWorkItem/<RunChildren>d__17:MoveNext () (at ./Library/PackageCache/com.unity.test-framework@bd7f943e9647/UnityEngine.TestRunner/NUnitExtensions/Runner/CompositeWorkItem.cs:207)
UnityEngine.TestRunner.NUnitExtensions.Runner.CompositeWorkItem/<PerformWork>d__13:MoveNext () (at ./Library/PackageCache/com.unity.test-framework@bd7f943e9647/UnityEngine.TestRunner/NUnitExtensions/Runner/CompositeWorkItem.cs:82)
UnityEngine.TestRunner.NUnitExtensions.Runner.CompositeWorkItem/<RunChildren>d__17:MoveNext () (at ./Library/PackageCache/com.unity.test-framework@bd7f943e9647/UnityEngine.TestRunner/NUnitExtensions/Runner/CompositeWorkItem.cs:207)
UnityEngine.TestRunner.NUnitExtensions.Runner.CompositeWorkItem/<PerformWork>d__13:MoveNext () (at ./Library/PackageCache/com.unity.test-framework@bd7f943e9647/UnityEngine.TestRunner/NUnitExtensions/Runner/CompositeWorkItem.cs:82)
UnityEditor.TestTools.TestRunner.EditModeRunner:MoveNextAndUpdateYieldObject () (at ./Library/PackageCache/com.unity.test-framework@bd7f943e9647/UnityEditor.TestRunner/TestRunner/EditModeRunner.cs:167)
UnityEditor.TestTools.TestRunner.EditModeRunner:TestConsumer (UnityEditor.TestTools.TestRunner.TestRunnerStateSerializer) (at ./Library/PackageCache/com.unity.test-framework@bd7f943e9647/UnityEditor.TestRunner/TestRunner/EditModeRunner.cs:200)
UnityEditor.TestTools.TestRunner.TestRun.Tasks.EditModeRunTask/<Execute>d__1:MoveNext () (at ./Library/PackageCache/com.unity.test-framework@bd7f943e9647/UnityEditor.TestRunner/TestRun/Tasks/EditModeRunTask.cs:48)
UnityEditor.TestTools.TestRunner.TestRun.TestJobRunner:ExecuteStep () (at ./Library/PackageCache/com.unity.test-framework@bd7f943e9647/UnityEditor.TestRunner/TestRun/TestJobRunner.cs:173)
UnityEditor.TestTools.TestRunner.TestRun.TestJobRunner:ExecuteCallback () (at ./Library/PackageCache/com.unity.test-framework@bd7f943e9647/UnityEditor.TestRunner/TestRun/TestJobRunner.cs:108)
UnityEditor.EditorApplication:Internal_CallUpdateFunctions () (at /Users/bokken/build/output/unity/unity/Editor/Mono/EditorApplication.cs:392)

(Filename: ./Packages/com.xrlab.chooguard.foundation/Multiplayer/Tests/Editor/WorldMotionAdapterTests.cs Line: 109)

World motion traversal 0.41 rail_terminal_public -> station_ticket_area steps=227 seconds=0.4247583
UnityEngine.Debug:ExtractStackTraceNoAlloc (byte*,int,string)
UnityEngine.StackTraceUtility:ExtractStackTrace () (at /Users/bokken/build/output/unity/unity/Runtime/Export/Scripting/StackTrace.cs:35)
UnityEngine.DebugLogHandler:Internal_Log (UnityEngine.LogType,UnityEngine.LogOption,string,UnityEngine.Object)
UnityEngine.DebugLogHandler:LogFormat (UnityEngine.LogType,UnityEngine.Object,string,object[])
UnityEngine.Logger:Log (UnityEngine.LogType,object)
UnityEngine.Debug:Log (object)
ChooGuard.Foundation.Multiplayer.Tests.WorldMotionAdapterTests:BothProfilesTraverseAllThirteenRegionsAndAllTwentyFourPortalDirections (string,bool,double) (at ./Packages/com.xrlab.chooguard.foundation/Multiplayer/Tests/Editor/WorldMotionAdapterTests.cs:109)
System.Reflection.RuntimeMethodInfo:Invoke (object,System.Reflection.BindingFlags,System.Reflection.Binder,object[],System.Globalization.CultureInfo)
System.Reflection.MethodBase:Invoke (object,object[])
NUnit.Framework.Internal.Reflect:InvokeMethod (System.Reflection.MethodInfo,object,object[])
NUnit.Framework.Internal.MethodWrapper:Invoke (object,object[])
NUnit.Framework.Internal.Commands.TestMethodCommand:RunNonAsyncTestMethod (NUnit.Framework.Internal.ITestExecutionContext)
NUnit.Framework.Internal.Commands.TestMethodCommand:RunTestMethod (NUnit.Framework.Internal.ITestExecutionContext)
NUnit.Framework.Internal.Commands.TestMethodCommand:Execute (NUnit.Framework.Internal.ITestExecutionContext)
UnityEngine.TestTools.UnityTestMethodCommand:Execute (NUnit.Framework.Internal.ITestExecutionContext) (at ./Library/PackageCache/com.unity.test-framework@bd7f943e9647/UnityEngine.TestRunner/NUnitExtensions/Commands/UnityTestMethodCommand.cs:19)
UnityEngine.TestRunner.NUnitExtensions.Runner.UnityLogCheckDelegatingCommand/<>c__DisplayClass2_0:<Execute>b__0 () (at ./Library/PackageCache/com.unity.test-framework@bd7f943e9647/UnityEngine.TestRunner/NUnitExtensions/Runner/UnityLogCheckDelegatingCommand.cs:24)
UnityEngine.TestRunner.NUnitExtensions.Runner.UnityLogCheckDelegatingCommand:CaptureException (NUnit.Framework.Internal.TestResult,System.Action) (at ./Library/PackageCache/com.unity.test-framework@bd7f943e9647/UnityEngine.TestRunner/NUnitExtensions/Runner/UnityLogCheckDelegatingCommand.cs:72)
UnityEngine.TestRunner.NUnitExtensions.Runner.UnityLogCheckDelegatingCommand:ExecuteAndCheckLog (UnityEngine.TestTools.Logging.LogScope,NUnit.Framework.Internal.TestResult,System.Action) (at ./Library/PackageCache/com.unity.test-framework@bd7f943e9647/UnityEngine.TestRunner/NUnitExtensions/Runner/UnityLogCheckDelegatingCommand.cs:83)
UnityEngine.TestRunner.NUnitExtensions.Runner.UnityLogCheckDelegatingCommand:Execute (NUnit.Framework.Internal.ITestExecutionContext) (at ./Library/PackageCache/com.unity.test-framework@bd7f943e9647/UnityEngine.TestRunner/NUnitExtensions/Runner/UnityLogCheckDelegatingCommand.cs:24)
UnityEngine.TestRunner.NUnitExtensions.Runner.UnityLogCheckDelegatingCommand/<ExecuteEnumerable>d__3:MoveNext () (at ./Library/PackageCache/com.unity.test-framework@bd7f943e9647/UnityEngine.TestRunner/NUnitExtensions/Runner/UnityLogCheckDelegatingCommand.cs:35)
UnityEngine.TestTools.BeforeAfterTestCommandBase`1/<ExecuteEnumerable>d__16<NUnit.Framework.ITestAction>:MoveNext () (at ./Library/PackageCache/com.unity.test-framework@bd7f943e9647/UnityEngine.TestRunner/NUnitExtensions/Commands/BeforeAfterTestCommandBase.cs:212)
UnityEngine.TestTools.ImmediateEnumerableCommand:Execute (NUnit.Framework.Internal.ITestExecutionContext) (at ./Library/PackageCache/com.unity.test-framework@bd7f943e9647/UnityEngine.TestRunner/NUnitExtensions/Commands/ImmediateEnumerableCommand.cs:18)
UnityEngine.TestTools.BeforeAfterTestCommandBase`1/<ExecuteEnumerable>d__16<System.Reflection.MethodInfo>:MoveNext () (at ./Library/PackageCache/com.unity.test-framework@bd7f943e9647/UnityEngine.TestRunner/NUnitExtensions/Commands/BeforeAfterTestCommandBase.cs:219)
UnityEngine.TestTools.BeforeAfterTestCommandBase`1/<ExecuteEnumerable>d__16<System.Reflection.MethodInfo>:MoveNext () (at ./Library/PackageCache/com.unity.test-framework@bd7f943e9647/UnityEngine.TestRunner/NUnitExtensions/Commands/BeforeAfterTestCommandBase.cs:212)
UnityEngine.TestTools.BeforeAfterTestCommandBase`1/<ExecuteEnumerable>d__16<UnityEngine.TestTools.IOuterUnityTestAction>:MoveNext () (at ./Library/PackageCache/com.unity.test-framework@bd7f943e9647/UnityEngine.TestRunner/NUnitExtensions/Commands/BeforeAfterTestCommandBase.cs:212)
UnityEngine.TestTools.RetryCommand/<ExecuteEnumerable>d__2:MoveNext () (at ./Library/PackageCache/com.unity.test-framework@bd7f943e9647/UnityEngine.TestRunner/NUnitExtensions/Commands/RetryCommand.cs:37)
UnityEngine.TestTools.RepeatCommand/<ExecuteEnumerable>d__2:MoveNext () (at ./Library/PackageCache/com.unity.test-framework@bd7f943e9647/UnityEngine.TestRunner/NUnitExtensions/Commands/RepeatCommand.cs:36)
UnityEngine.TestTools.IgnoreTestCommand/<ExecuteEnumerable>d__3:MoveNext () (at ./Library/PackageCache/com.unity.test-framework@bd7f943e9647/UnityEngine.TestRunner/NUnitExtensions/Commands/IgnoreTestCommand.cs:42)
UnityEngine.TestTools.StrictCheckCommand/<ExecuteEnumerable>d__2:MoveNext () (at ./Library/PackageCache/com.unity.test-framework@bd7f943e9647/UnityEngine.TestRunner/NUnitExtensions/Commands/StrictCheckCommand.cs:29)
UnityEngine.TestRunner.NUnitExtensions.Runner.DefaultTestWorkItem/<PerformWork>d__2:MoveNext () (at ./Library/PackageCache/com.unity.test-framework@bd7f943e9647/UnityEngine.TestRunner/NUnitExtensions/Runner/DefaultTestWorkItem.cs:50)
UnityEngine.TestRunner.NUnitExtensions.Runner.CompositeWorkItem/<RunChildren>d__17:MoveNext () (at ./Library/PackageCache/com.unity.test-framework@bd7f943e9647/UnityEngine.TestRunner/NUnitExtensions/Runner/CompositeWorkItem.cs:207)
UnityEngine.TestRunner.NUnitExtensions.Runner.CompositeWorkItem/<PerformWork>d__13:MoveNext () (at ./Library/PackageCache/com.unity.test-framework@bd7f943e9647/UnityEngine.TestRunner/NUnitExtensions/Runner/CompositeWorkItem.cs:82)
UnityEngine.TestRunner.NUnitExtensions.Runner.CompositeWorkItem/<RunChildren>d__17:MoveNext () (at ./Library/PackageCache/com.unity.test-framework@bd7f943e9647/UnityEngine.TestRunner/NUnitExtensions/Runner/CompositeWorkItem.cs:207)
UnityEngine.TestRunner.NUnitExtensions.Runner.CompositeWorkItem/<PerformWork>d__13:MoveNext () (at ./Library/PackageCache/com.unity.test-framework@bd7f943e9647/UnityEngine.TestRunner/NUnitExtensions/Runner/CompositeWorkItem.cs:82)
UnityEngine.TestRunner.NUnitExtensions.Runner.CompositeWorkItem/<RunChildren>d__17:MoveNext () (at ./Library/PackageCache/com.unity.test-framework@bd7f943e9647/UnityEngine.TestRunner/NUnitExtensions/Runner/CompositeWorkItem.cs:207)
UnityEngine.TestRunner.NUnitExtensions.Runner.CompositeWorkItem/<PerformWork>d__13:MoveNext () (at ./Library/PackageCache/com.unity.test-framework@bd7f943e9647/UnityEngine.TestRunner/NUnitExtensions/Runner/CompositeWorkItem.cs:82)
UnityEngine.TestRunner.NUnitExtensions.Runner.CompositeWorkItem/<RunChildren>d__17:MoveNext () (at ./Library/PackageCache/com.unity.test-framework@bd7f943e9647/UnityEngine.TestRunner/NUnitExtensions/Runner/CompositeWorkItem.cs:207)
UnityEngine.TestRunner.NUnitExtensions.Runner.CompositeWorkItem/<PerformWork>d__13:MoveNext () (at ./Library/PackageCache/com.unity.test-framework@bd7f943e9647/UnityEngine.TestRunner/NUnitExtensions/Runner/CompositeWorkItem.cs:82)
UnityEngine.TestRunner.NUnitExtensions.Runner.CompositeWorkItem/<RunChildren>d__17:MoveNext () (at ./Library/PackageCache/com.unity.test-framework@bd7f943e9647/UnityEngine.TestRunner/NUnitExtensions/Runner/CompositeWorkItem.cs:207)
UnityEngine.TestRunner.NUnitExtensions.Runner.CompositeWorkItem/<PerformWork>d__13:MoveNext () (at ./Library/PackageCache/com.unity.test-framework@bd7f943e9647/UnityEngine.TestRunner/NUnitExtensions/Runner/CompositeWorkItem.cs:82)
UnityEngine.TestRunner.NUnitExtensions.Runner.CompositeWorkItem/<RunChildren>d__17:MoveNext () (at ./Library/PackageCache/com.unity.test-framework@bd7f943e9647/UnityEngine.TestRunner/NUnitExtensions/Runner/CompositeWorkItem.cs:207)
UnityEngine.TestRunner.NUnitExtensions.Runner.CompositeWorkItem/<PerformWork>d__13:MoveNext () (at ./Library/PackageCache/com.unity.test-framework@bd7f943e9647/UnityEngine.TestRunner/NUnitExtensions/Runner/CompositeWorkItem.cs:82)
UnityEngine.TestRunner.NUnitExtensions.Runner.CompositeWorkItem/<RunChildren>d__17:MoveNext () (at ./Library/PackageCache/com.unity.test-framework@bd7f943e9647/UnityEngine.TestRunner/NUnitExtensions/Runner/CompositeWorkItem.cs:207)
UnityEngine.TestRunner.NUnitExtensions.Runner.CompositeWorkItem/<PerformWork>d__13:MoveNext () (at ./Library/PackageCache/com.unity.test-framework@bd7f943e9647/UnityEngine.TestRunner/NUnitExtensions/Runner/CompositeWorkItem.cs:82)
UnityEngine.TestRunner.NUnitExtensions.Runner.CompositeWorkItem/<RunChildren>d__17:MoveNext () (at ./Library/PackageCache/com.unity.test-framework@bd7f943e9647/UnityEngine.TestRunner/NUnitExtensions/Runner/CompositeWorkItem.cs:207)
UnityEngine.TestRunner.NUnitExtensions.Runner.CompositeWorkItem/<PerformWork>d__13:MoveNext () (at ./Library/PackageCache/com.unity.test-framework@bd7f943e9647/UnityEngine.TestRunner/NUnitExtensions/Runner/CompositeWorkItem.cs:82)
UnityEditor.TestTools.TestRunner.EditModeRunner:MoveNextAndUpdateYieldObject () (at ./Library/PackageCache/com.unity.test-framework@bd7f943e9647/UnityEditor.TestRunner/TestRunner/EditModeRunner.cs:167)
UnityEditor.TestTools.TestRunner.EditModeRunner:TestConsumer (UnityEditor.TestTools.TestRunner.TestRunnerStateSerializer) (at ./Library/PackageCache/com.unity.test-framework@bd7f943e9647/UnityEditor.TestRunner/TestRunner/EditModeRunner.cs:200)
UnityEditor.TestTools.TestRunner.TestRun.Tasks.EditModeRunTask/<Execute>d__1:MoveNext () (at ./Library/PackageCache/com.unity.test-framework@bd7f943e9647/UnityEditor.TestRunner/TestRun/Tasks/EditModeRunTask.cs:48)
UnityEditor.TestTools.TestRunner.TestRun.TestJobRunner:ExecuteStep () (at ./Library/PackageCache/com.unity.test-framework@bd7f943e9647/UnityEditor.TestRunner/TestRun/TestJobRunner.cs:173)
UnityEditor.TestTools.TestRunner.TestRun.TestJobRunner:ExecuteCallback () (at ./Library/PackageCache/com.unity.test-framework@bd7f943e9647/UnityEditor.TestRunner/TestRun/TestJobRunner.cs:108)
UnityEditor.EditorApplication:Internal_CallUpdateFunctions () (at /Users/bokken/build/output/unity/unity/Editor/Mono/EditorApplication.cs:392)

(Filename: ./Packages/com.xrlab.chooguard.foundation/Multiplayer/Tests/Editor/WorldMotionAdapterTests.cs Line: 109)

World motion traversal 0.41 rail_terminal_public -> underground_connector steps=599 seconds=1.0302662
UnityEngine.Debug:ExtractStackTraceNoAlloc (byte*,int,string)
UnityEngine.StackTraceUtility:ExtractStackTrace () (at /Users/bokken/build/output/unity/unity/Runtime/Export/Scripting/StackTrace.cs:35)
UnityEngine.DebugLogHandler:Internal_Log (UnityEngine.LogType,UnityEngine.LogOption,string,UnityEngine.Object)
UnityEngine.DebugLogHandler:LogFormat (UnityEngine.LogType,UnityEngine.Object,string,object[])
UnityEngine.Logger:Log (UnityEngine.LogType,object)
UnityEngine.Debug:Log (object)
ChooGuard.Foundation.Multiplayer.Tests.WorldMotionAdapterTests:BothProfilesTraverseAllThirteenRegionsAndAllTwentyFourPortalDirections (string,bool,double) (at ./Packages/com.xrlab.chooguard.foundation/Multiplayer/Tests/Editor/WorldMotionAdapterTests.cs:109)
System.Reflection.RuntimeMethodInfo:Invoke (object,System.Reflection.BindingFlags,System.Reflection.Binder,object[],System.Globalization.CultureInfo)
System.Reflection.MethodBase:Invoke (object,object[])
NUnit.Framework.Internal.Reflect:InvokeMethod (System.Reflection.MethodInfo,object,object[])
NUnit.Framework.Internal.MethodWrapper:Invoke (object,object[])
NUnit.Framework.Internal.Commands.TestMethodCommand:RunNonAsyncTestMethod (NUnit.Framework.Internal.ITestExecutionContext)
NUnit.Framework.Internal.Commands.TestMethodCommand:RunTestMethod (NUnit.Framework.Internal.ITestExecutionContext)
NUnit.Framework.Internal.Commands.TestMethodCommand:Execute (NUnit.Framework.Internal.ITestExecutionContext)
UnityEngine.TestTools.UnityTestMethodCommand:Execute (NUnit.Framework.Internal.ITestExecutionContext) (at ./Library/PackageCache/com.unity.test-framework@bd7f943e9647/UnityEngine.TestRunner/NUnitExtensions/Commands/UnityTestMethodCommand.cs:19)
UnityEngine.TestRunner.NUnitExtensions.Runner.UnityLogCheckDelegatingCommand/<>c__DisplayClass2_0:<Execute>b__0 () (at ./Library/PackageCache/com.unity.test-framework@bd7f943e9647/UnityEngine.TestRunner/NUnitExtensions/Runner/UnityLogCheckDelegatingCommand.cs:24)
UnityEngine.TestRunner.NUnitExtensions.Runner.UnityLogCheckDelegatingCommand:CaptureException (NUnit.Framework.Internal.TestResult,System.Action) (at ./Library/PackageCache/com.unity.test-framework@bd7f943e9647/UnityEngine.TestRunner/NUnitExtensions/Runner/UnityLogCheckDelegatingCommand.cs:72)
UnityEngine.TestRunner.NUnitExtensions.Runner.UnityLogCheckDelegatingCommand:ExecuteAndCheckLog (UnityEngine.TestTools.Logging.LogScope,NUnit.Framework.Internal.TestResult,System.Action) (at ./Library/PackageCache/com.unity.test-framework@bd7f943e9647/UnityEngine.TestRunner/NUnitExtensions/Runner/UnityLogCheckDelegatingCommand.cs:83)
UnityEngine.TestRunner.NUnitExtensions.Runner.UnityLogCheckDelegatingCommand:Execute (NUnit.Framework.Internal.ITestExecutionContext) (at ./Library/PackageCache/com.unity.test-framework@bd7f943e9647/UnityEngine.TestRunner/NUnitExtensions/Runner/UnityLogCheckDelegatingCommand.cs:24)
UnityEngine.TestRunner.NUnitExtensions.Runner.UnityLogCheckDelegatingCommand/<ExecuteEnumerable>d__3:MoveNext () (at ./Library/PackageCache/com.unity.test-framework@bd7f943e9647/UnityEngine.TestRunner/NUnitExtensions/Runner/UnityLogCheckDelegatingCommand.cs:35)
UnityEngine.TestTools.BeforeAfterTestCommandBase`1/<ExecuteEnumerable>d__16<NUnit.Framework.ITestAction>:MoveNext () (at ./Library/PackageCache/com.unity.test-framework@bd7f943e9647/UnityEngine.TestRunner/NUnitExtensions/Commands/BeforeAfterTestCommandBase.cs:212)
UnityEngine.TestTools.ImmediateEnumerableCommand:Execute (NUnit.Framework.Internal.ITestExecutionContext) (at ./Library/PackageCache/com.unity.test-framework@bd7f943e9647/UnityEngine.TestRunner/NUnitExtensions/Commands/ImmediateEnumerableCommand.cs:18)
UnityEngine.TestTools.BeforeAfterTestCommandBase`1/<ExecuteEnumerable>d__16<System.Reflection.MethodInfo>:MoveNext () (at ./Library/PackageCache/com.unity.test-framework@bd7f943e9647/UnityEngine.TestRunner/NUnitExtensions/Commands/BeforeAfterTestCommandBase.cs:219)
UnityEngine.TestTools.BeforeAfterTestCommandBase`1/<ExecuteEnumerable>d__16<System.Reflection.MethodInfo>:MoveNext () (at ./Library/PackageCache/com.unity.test-framework@bd7f943e9647/UnityEngine.TestRunner/NUnitExtensions/Commands/BeforeAfterTestCommandBase.cs:212)
UnityEngine.TestTools.BeforeAfterTestCommandBase`1/<ExecuteEnumerable>d__16<UnityEngine.TestTools.IOuterUnityTestAction>:MoveNext () (at ./Library/PackageCache/com.unity.test-framework@bd7f943e9647/UnityEngine.TestRunner/NUnitExtensions/Commands/BeforeAfterTestCommandBase.cs:212)
UnityEngine.TestTools.RetryCommand/<ExecuteEnumerable>d__2:MoveNext () (at ./Library/PackageCache/com.unity.test-framework@bd7f943e9647/UnityEngine.TestRunner/NUnitExtensions/Commands/RetryCommand.cs:37)
UnityEngine.TestTools.RepeatCommand/<ExecuteEnumerable>d__2:MoveNext () (at ./Library/PackageCache/com.unity.test-framework@bd7f943e9647/UnityEngine.TestRunner/NUnitExtensions/Commands/RepeatCommand.cs:36)
UnityEngine.TestTools.IgnoreTestCommand/<ExecuteEnumerable>d__3:MoveNext () (at ./Library/PackageCache/com.unity.test-framework@bd7f943e9647/UnityEngine.TestRunner/NUnitExtensions/Commands/IgnoreTestCommand.cs:42)
UnityEngine.TestTools.StrictCheckCommand/<ExecuteEnumerable>d__2:MoveNext () (at ./Library/PackageCache/com.unity.test-framework@bd7f943e9647/UnityEngine.TestRunner/NUnitExtensions/Commands/StrictCheckCommand.cs:29)
UnityEngine.TestRunner.NUnitExtensions.Runner.DefaultTestWorkItem/<PerformWork>d__2:MoveNext () (at ./Library/PackageCache/com.unity.test-framework@bd7f943e9647/UnityEngine.TestRunner/NUnitExtensions/Runner/DefaultTestWorkItem.cs:50)
UnityEngine.TestRunner.NUnitExtensions.Runner.CompositeWorkItem/<RunChildren>d__17:MoveNext () (at ./Library/PackageCache/com.unity.test-framework@bd7f943e9647/UnityEngine.TestRunner/NUnitExtensions/Runner/CompositeWorkItem.cs:207)
UnityEngine.TestRunner.NUnitExtensions.Runner.CompositeWorkItem/<PerformWork>d__13:MoveNext () (at ./Library/PackageCache/com.unity.test-framework@bd7f943e9647/UnityEngine.TestRunner/NUnitExtensions/Runner/CompositeWorkItem.cs:82)
UnityEngine.TestRunner.NUnitExtensions.Runner.CompositeWorkItem/<RunChildren>d__17:MoveNext () (at ./Library/PackageCache/com.unity.test-framework@bd7f943e9647/UnityEngine.TestRunner/NUnitExtensions/Runner/CompositeWorkItem.cs:207)
UnityEngine.TestRunner.NUnitExtensions.Runner.CompositeWorkItem/<PerformWork>d__13:MoveNext () (at ./Library/PackageCache/com.unity.test-framework@bd7f943e9647/UnityEngine.TestRunner/NUnitExtensions/Runner/CompositeWorkItem.cs:82)
UnityEngine.TestRunner.NUnitExtensions.Runner.CompositeWorkItem/<RunChildren>d__17:MoveNext () (at ./Library/PackageCache/com.unity.test-framework@bd7f943e9647/UnityEngine.TestRunner/NUnitExtensions/Runner/CompositeWorkItem.cs:207)
UnityEngine.TestRunner.NUnitExtensions.Runner.CompositeWorkItem/<PerformWork>d__13:MoveNext () (at ./Library/PackageCache/com.unity.test-framework@bd7f943e9647/UnityEngine.TestRunner/NUnitExtensions/Runner/CompositeWorkItem.cs:82)
UnityEngine.TestRunner.NUnitExtensions.Runner.CompositeWorkItem/<RunChildren>d__17:MoveNext () (at ./Library/PackageCache/com.unity.test-framework@bd7f943e9647/UnityEngine.TestRunner/NUnitExtensions/Runner/CompositeWorkItem.cs:207)
UnityEngine.TestRunner.NUnitExtensions.Runner.CompositeWorkItem/<PerformWork>d__13:MoveNext () (at ./Library/PackageCache/com.unity.test-framework@bd7f943e9647/UnityEngine.TestRunner/NUnitExtensions/Runner/CompositeWorkItem.cs:82)
UnityEngine.TestRunner.NUnitExtensions.Runner.CompositeWorkItem/<RunChildren>d__17:MoveNext () (at ./Library/PackageCache/com.unity.test-framework@bd7f943e9647/UnityEngine.TestRunner/NUnitExtensions/Runner/CompositeWorkItem.cs:207)
UnityEngine.TestRunner.NUnitExtensions.Runner.CompositeWorkItem/<PerformWork>d__13:MoveNext () (at ./Library/PackageCache/com.unity.test-framework@bd7f943e9647/UnityEngine.TestRunner/NUnitExtensions/Runner/CompositeWorkItem.cs:82)
UnityEngine.TestRunner.NUnitExtensions.Runner.CompositeWorkItem/<RunChildren>d__17:MoveNext () (at ./Library/PackageCache/com.unity.test-framework@bd7f943e9647/UnityEngine.TestRunner/NUnitExtensions/Runner/CompositeWorkItem.cs:207)
UnityEngine.TestRunner.NUnitExtensions.Runner.CompositeWorkItem/<PerformWork>d__13:MoveNext () (at ./Library/PackageCache/com.unity.test-framework@bd7f943e9647/UnityEngine.TestRunner/NUnitExtensions/Runner/CompositeWorkItem.cs:82)
UnityEngine.TestRunner.NUnitExtensions.Runner.CompositeWorkItem/<RunChildren>d__17:MoveNext () (at ./Library/PackageCache/com.unity.test-framework@bd7f943e9647/UnityEngine.TestRunner/NUnitExtensions/Runner/CompositeWorkItem.cs:207)
UnityEngine.TestRunner.NUnitExtensions.Runner.CompositeWorkItem/<PerformWork>d__13:MoveNext () (at ./Library/PackageCache/com.unity.test-framework@bd7f943e9647/UnityEngine.TestRunner/NUnitExtensions/Runner/CompositeWorkItem.cs:82)
UnityEngine.TestRunner.NUnitExtensions.Runner.CompositeWorkItem/<RunChildren>d__17:MoveNext () (at ./Library/PackageCache/com.unity.test-framework@bd7f943e9647/UnityEngine.TestRunner/NUnitExtensions/Runner/CompositeWorkItem.cs:207)
UnityEngine.TestRunner.NUnitExtensions.Runner.CompositeWorkItem/<PerformWork>d__13:MoveNext () (at ./Library/PackageCache/com.unity.test-framework@bd7f943e9647/UnityEngine.TestRunner/NUnitExtensions/Runner/CompositeWorkItem.cs:82)
UnityEditor.TestTools.TestRunner.EditModeRunner:MoveNextAndUpdateYieldObject () (at ./Library/PackageCache/com.unity.test-framework@bd7f943e9647/UnityEditor.TestRunner/TestRunner/EditModeRunner.cs:167)
UnityEditor.TestTools.TestRunner.EditModeRunner:TestConsumer (UnityEditor.TestTools.TestRunner.TestRunnerStateSerializer) (at ./Library/PackageCache/com.unity.test-framework@bd7f943e9647/UnityEditor.TestRunner/TestRunner/EditModeRunner.cs:200)
UnityEditor.TestTools.TestRunner.TestRun.Tasks.EditModeRunTask/<Execute>d__1:MoveNext () (at ./Library/PackageCache/com.unity.test-framework@bd7f943e9647/UnityEditor.TestRunner/TestRun/Tasks/EditModeRunTask.cs:48)
UnityEditor.TestTools.TestRunner.TestRun.TestJobRunner:ExecuteStep () (at ./Library/PackageCache/com.unity.test-framework@bd7f943e9647/UnityEditor.TestRunner/TestRun/TestJobRunner.cs:173)
UnityEditor.TestTools.TestRunner.TestRun.TestJobRunner:ExecuteCallback () (at ./Library/PackageCache/com.unity.test-framework@bd7f943e9647/UnityEditor.TestRunner/TestRun/TestJobRunner.cs:108)
UnityEditor.EditorApplication:Internal_CallUpdateFunctions () (at /Users/bokken/build/output/unity/unity/Editor/Mono/EditorApplication.cs:392)

(Filename: ./Packages/com.xrlab.chooguard.foundation/Multiplayer/Tests/Editor/WorldMotionAdapterTests.cs Line: 109)

World motion traversal 0.41 underground_connector -> rail_terminal_public steps=599 seconds=1.0388052
UnityEngine.Debug:ExtractStackTraceNoAlloc (byte*,int,string)
UnityEngine.StackTraceUtility:ExtractStackTrace () (at /Users/bokken/build/output/unity/unity/Runtime/Export/Scripting/StackTrace.cs:35)
UnityEngine.DebugLogHandler:Internal_Log (UnityEngine.LogType,UnityEngine.LogOption,string,UnityEngine.Object)
UnityEngine.DebugLogHandler:LogFormat (UnityEngine.LogType,UnityEngine.Object,string,object[])
UnityEngine.Logger:Log (UnityEngine.LogType,object)
UnityEngine.Debug:Log (object)
ChooGuard.Foundation.Multiplayer.Tests.WorldMotionAdapterTests:BothProfilesTraverseAllThirteenRegionsAndAllTwentyFourPortalDirections (string,bool,double) (at ./Packages/com.xrlab.chooguard.foundation/Multiplayer/Tests/Editor/WorldMotionAdapterTests.cs:109)
System.Reflection.RuntimeMethodInfo:Invoke (object,System.Reflection.BindingFlags,System.Reflection.Binder,object[],System.Globalization.CultureInfo)
System.Reflection.MethodBase:Invoke (object,object[])
NUnit.Framework.Internal.Reflect:InvokeMethod (System.Reflection.MethodInfo,object,object[])
NUnit.Framework.Internal.MethodWrapper:Invoke (object,object[])
NUnit.Framework.Internal.Commands.TestMethodCommand:RunNonAsyncTestMethod (NUnit.Framework.Internal.ITestExecutionContext)
NUnit.Framework.Internal.Commands.TestMethodCommand:RunTestMethod (NUnit.Framework.Internal.ITestExecutionContext)
NUnit.Framework.Internal.Commands.TestMethodCommand:Execute (NUnit.Framework.Internal.ITestExecutionContext)
UnityEngine.TestTools.UnityTestMethodCommand:Execute (NUnit.Framework.Internal.ITestExecutionContext) (at ./Library/PackageCache/com.unity.test-framework@bd7f943e9647/UnityEngine.TestRunner/NUnitExtensions/Commands/UnityTestMethodCommand.cs:19)
UnityEngine.TestRunner.NUnitExtensions.Runner.UnityLogCheckDelegatingCommand/<>c__DisplayClass2_0:<Execute>b__0 () (at ./Library/PackageCache/com.unity.test-framework@bd7f943e9647/UnityEngine.TestRunner/NUnitExtensions/Runner/UnityLogCheckDelegatingCommand.cs:24)
UnityEngine.TestRunner.NUnitExtensions.Runner.UnityLogCheckDelegatingCommand:CaptureException (NUnit.Framework.Internal.TestResult,System.Action) (at ./Library/PackageCache/com.unity.test-framework@bd7f943e9647/UnityEngine.TestRunner/NUnitExtensions/Runner/UnityLogCheckDelegatingCommand.cs:72)
UnityEngine.TestRunner.NUnitExtensions.Runner.UnityLogCheckDelegatingCommand:ExecuteAndCheckLog (UnityEngine.TestTools.Logging.LogScope,NUnit.Framework.Internal.TestResult,System.Action) (at ./Library/PackageCache/com.unity.test-framework@bd7f943e9647/UnityEngine.TestRunner/NUnitExtensions/Runner/UnityLogCheckDelegatingCommand.cs:83)
UnityEngine.TestRunner.NUnitExtensions.Runner.UnityLogCheckDelegatingCommand:Execute (NUnit.Framework.Internal.ITestExecutionContext) (at ./Library/PackageCache/com.unity.test-framework@bd7f943e9647/UnityEngine.TestRunner/NUnitExtensions/Runner/UnityLogCheckDelegatingCommand.cs:24)
UnityEngine.TestRunner.NUnitExtensions.Runner.UnityLogCheckDelegatingCommand/<ExecuteEnumerable>d__3:MoveNext () (at ./Library/PackageCache/com.unity.test-framework@bd7f943e9647/UnityEngine.TestRunner/NUnitExtensions/Runner/UnityLogCheckDelegatingCommand.cs:35)
UnityEngine.TestTools.BeforeAfterTestCommandBase`1/<ExecuteEnumerable>d__16<NUnit.Framework.ITestAction>:MoveNext () (at ./Library/PackageCache/com.unity.test-framework@bd7f943e9647/UnityEngine.TestRunner/NUnitExtensions/Commands/BeforeAfterTestCommandBase.cs:212)
UnityEngine.TestTools.ImmediateEnumerableCommand:Execute (NUnit.Framework.Internal.ITestExecutionContext) (at ./Library/PackageCache/com.unity.test-framework@bd7f943e9647/UnityEngine.TestRunner/NUnitExtensions/Commands/ImmediateEnumerableCommand.cs:18)
UnityEngine.TestTools.BeforeAfterTestCommandBase`1/<ExecuteEnumerable>d__16<System.Reflection.MethodInfo>:MoveNext () (at ./Library/PackageCache/com.unity.test-framework@bd7f943e9647/UnityEngine.TestRunner/NUnitExtensions/Commands/BeforeAfterTestCommandBase.cs:219)
UnityEngine.TestTools.BeforeAfterTestCommandBase`1/<ExecuteEnumerable>d__16<System.Reflection.MethodInfo>:MoveNext () (at ./Library/PackageCache/com.unity.test-framework@bd7f943e9647/UnityEngine.TestRunner/NUnitExtensions/Commands/BeforeAfterTestCommandBase.cs:212)
UnityEngine.TestTools.BeforeAfterTestCommandBase`1/<ExecuteEnumerable>d__16<UnityEngine.TestTools.IOuterUnityTestAction>:MoveNext () (at ./Library/PackageCache/com.unity.test-framework@bd7f943e9647/UnityEngine.TestRunner/NUnitExtensions/Commands/BeforeAfterTestCommandBase.cs:212)
UnityEngine.TestTools.RetryCommand/<ExecuteEnumerable>d__2:MoveNext () (at ./Library/PackageCache/com.unity.test-framework@bd7f943e9647/UnityEngine.TestRunner/NUnitExtensions/Commands/RetryCommand.cs:37)
UnityEngine.TestTools.RepeatCommand/<ExecuteEnumerable>d__2:MoveNext () (at ./Library/PackageCache/com.unity.test-framework@bd7f943e9647/UnityEngine.TestRunner/NUnitExtensions/Commands/RepeatCommand.cs:36)
UnityEngine.TestTools.IgnoreTestCommand/<ExecuteEnumerable>d__3:MoveNext () (at ./Library/PackageCache/com.unity.test-framework@bd7f943e9647/UnityEngine.TestRunner/NUnitExtensions/Commands/IgnoreTestCommand.cs:42)
UnityEngine.TestTools.StrictCheckCommand/<ExecuteEnumerable>d__2:MoveNext () (at ./Library/PackageCache/com.unity.test-framework@bd7f943e9647/UnityEngine.TestRunner/NUnitExtensions/Commands/StrictCheckCommand.cs:29)
UnityEngine.TestRunner.NUnitExtensions.Runner.DefaultTestWorkItem/<PerformWork>d__2:MoveNext () (at ./Library/PackageCache/com.unity.test-framework@bd7f943e9647/UnityEngine.TestRunner/NUnitExtensions/Runner/DefaultTestWorkItem.cs:50)
UnityEngine.TestRunner.NUnitExtensions.Runner.CompositeWorkItem/<RunChildren>d__17:MoveNext () (at ./Library/PackageCache/com.unity.test-framework@bd7f943e9647/UnityEngine.TestRunner/NUnitExtensions/Runner/CompositeWorkItem.cs:207)
UnityEngine.TestRunner.NUnitExtensions.Runner.CompositeWorkItem/<PerformWork>d__13:MoveNext () (at ./Library/PackageCache/com.unity.test-framework@bd7f943e9647/UnityEngine.TestRunner/NUnitExtensions/Runner/CompositeWorkItem.cs:82)
UnityEngine.TestRunner.NUnitExtensions.Runner.CompositeWorkItem/<RunChildren>d__17:MoveNext () (at ./Library/PackageCache/com.unity.test-framework@bd7f943e9647/UnityEngine.TestRunner/NUnitExtensions/Runner/CompositeWorkItem.cs:207)
UnityEngine.TestRunner.NUnitExtensions.Runner.CompositeWorkItem/<PerformWork>d__13:MoveNext () (at ./Library/PackageCache/com.unity.test-framework@bd7f943e9647/UnityEngine.TestRunner/NUnitExtensions/Runner/CompositeWorkItem.cs:82)
UnityEngine.TestRunner.NUnitExtensions.Runner.CompositeWorkItem/<RunChildren>d__17:MoveNext () (at ./Library/PackageCache/com.unity.test-framework@bd7f943e9647/UnityEngine.TestRunner/NUnitExtensions/Runner/CompositeWorkItem.cs:207)
UnityEngine.TestRunner.NUnitExtensions.Runner.CompositeWorkItem/<PerformWork>d__13:MoveNext () (at ./Library/PackageCache/com.unity.test-framework@bd7f943e9647/UnityEngine.TestRunner/NUnitExtensions/Runner/CompositeWorkItem.cs:82)
UnityEngine.TestRunner.NUnitExtensions.Runner.CompositeWorkItem/<RunChildren>d__17:MoveNext () (at ./Library/PackageCache/com.unity.test-framework@bd7f943e9647/UnityEngine.TestRunner/NUnitExtensions/Runner/CompositeWorkItem.cs:207)
UnityEngine.TestRunner.NUnitExtensions.Runner.CompositeWorkItem/<PerformWork>d__13:MoveNext () (at ./Library/PackageCache/com.unity.test-framework@bd7f943e9647/UnityEngine.TestRunner/NUnitExtensions/Runner/CompositeWorkItem.cs:82)
UnityEngine.TestRunner.NUnitExtensions.Runner.CompositeWorkItem/<RunChildren>d__17:MoveNext () (at ./Library/PackageCache/com.unity.test-framework@bd7f943e9647/UnityEngine.TestRunner/NUnitExtensions/Runner/CompositeWorkItem.cs:207)
UnityEngine.TestRunner.NUnitExtensions.Runner.CompositeWorkItem/<PerformWork>d__13:MoveNext () (at ./Library/PackageCache/com.unity.test-framework@bd7f943e9647/UnityEngine.TestRunner/NUnitExtensions/Runner/CompositeWorkItem.cs:82)
UnityEngine.TestRunner.NUnitExtensions.Runner.CompositeWorkItem/<RunChildren>d__17:MoveNext () (at ./Library/PackageCache/com.unity.test-framework@bd7f943e9647/UnityEngine.TestRunner/NUnitExtensions/Runner/CompositeWorkItem.cs:207)
UnityEngine.TestRunner.NUnitExtensions.Runner.CompositeWorkItem/<PerformWork>d__13:MoveNext () (at ./Library/PackageCache/com.unity.test-framework@bd7f943e9647/UnityEngine.TestRunner/NUnitExtensions/Runner/CompositeWorkItem.cs:82)
UnityEngine.TestRunner.NUnitExtensions.Runner.CompositeWorkItem/<RunChildren>d__17:MoveNext () (at ./Library/PackageCache/com.unity.test-framework@bd7f943e9647/UnityEngine.TestRunner/NUnitExtensions/Runner/CompositeWorkItem.cs:207)
UnityEngine.TestRunner.NUnitExtensions.Runner.CompositeWorkItem/<PerformWork>d__13:MoveNext () (at ./Library/PackageCache/com.unity.test-framework@bd7f943e9647/UnityEngine.TestRunner/NUnitExtensions/Runner/CompositeWorkItem.cs:82)
UnityEngine.TestRunner.NUnitExtensions.Runner.CompositeWorkItem/<RunChildren>d__17:MoveNext () (at ./Library/PackageCache/com.unity.test-framework@bd7f943e9647/UnityEngine.TestRunner/NUnitExtensions/Runner/CompositeWorkItem.cs:207)
UnityEngine.TestRunner.NUnitExtensions.Runner.CompositeWorkItem/<PerformWork>d__13:MoveNext () (at ./Library/PackageCache/com.unity.test-framework@bd7f943e9647/UnityEngine.TestRunner/NUnitExtensions/Runner/CompositeWorkItem.cs:82)
UnityEditor.TestTools.TestRunner.EditModeRunner:MoveNextAndUpdateYieldObject () (at ./Library/PackageCache/com.unity.test-framework@bd7f943e9647/UnityEditor.TestRunner/TestRunner/EditModeRunner.cs:167)
UnityEditor.TestTools.TestRunner.EditModeRunner:TestConsumer (UnityEditor.TestTools.TestRunner.TestRunnerStateSerializer) (at ./Library/PackageCache/com.unity.test-framework@bd7f943e9647/UnityEditor.TestRunner/TestRunner/EditModeRunner.cs:200)
UnityEditor.TestTools.TestRunner.TestRun.Tasks.EditModeRunTask/<Execute>d__1:MoveNext () (at ./Library/PackageCache/com.unity.test-framework@bd7f943e9647/UnityEditor.TestRunner/TestRun/Tasks/EditModeRunTask.cs:48)
UnityEditor.TestTools.TestRunner.TestRun.TestJobRunner:ExecuteStep () (at ./Library/PackageCache/com.unity.test-framework@bd7f943e9647/UnityEditor.TestRunner/TestRun/TestJobRunner.cs:173)
UnityEditor.TestTools.TestRunner.TestRun.TestJobRunner:ExecuteCallback () (at ./Library/PackageCache/com.unity.test-framework@bd7f943e9647/UnityEditor.TestRunner/TestRun/TestJobRunner.cs:108)
UnityEditor.EditorApplication:Internal_CallUpdateFunctions () (at /Users/bokken/build/output/unity/unity/Editor/Mono/EditorApplication.cs:392)

(Filename: ./Packages/com.xrlab.chooguard.foundation/Multiplayer/Tests/Editor/WorldMotionAdapterTests.cs Line: 109)

World motion traversal 0.41 forecourt_eurasia -> underground_connector steps=243 seconds=0.5379088
UnityEngine.Debug:ExtractStackTraceNoAlloc (byte*,int,string)
UnityEngine.StackTraceUtility:ExtractStackTrace () (at /Users/bokken/build/output/unity/unity/Runtime/Export/Scripting/StackTrace.cs:35)
UnityEngine.DebugLogHandler:Internal_Log (UnityEngine.LogType,UnityEngine.LogOption,string,UnityEngine.Object)
UnityEngine.DebugLogHandler:LogFormat (UnityEngine.LogType,UnityEngine.Object,string,object[])
UnityEngine.Logger:Log (UnityEngine.LogType,object)
UnityEngine.Debug:Log (object)
ChooGuard.Foundation.Multiplayer.Tests.WorldMotionAdapterTests:BothProfilesTraverseAllThirteenRegionsAndAllTwentyFourPortalDirections (string,bool,double) (at ./Packages/com.xrlab.chooguard.foundation/Multiplayer/Tests/Editor/WorldMotionAdapterTests.cs:109)
System.Reflection.RuntimeMethodInfo:Invoke (object,System.Reflection.BindingFlags,System.Reflection.Binder,object[],System.Globalization.CultureInfo)
System.Reflection.MethodBase:Invoke (object,object[])
NUnit.Framework.Internal.Reflect:InvokeMethod (System.Reflection.MethodInfo,object,object[])
NUnit.Framework.Internal.MethodWrapper:Invoke (object,object[])
NUnit.Framework.Internal.Commands.TestMethodCommand:RunNonAsyncTestMethod (NUnit.Framework.Internal.ITestExecutionContext)
NUnit.Framework.Internal.Commands.TestMethodCommand:RunTestMethod (NUnit.Framework.Internal.ITestExecutionContext)
NUnit.Framework.Internal.Commands.TestMethodCommand:Execute (NUnit.Framework.Internal.ITestExecutionContext)
UnityEngine.TestTools.UnityTestMethodCommand:Execute (NUnit.Framework.Internal.ITestExecutionContext) (at ./Library/PackageCache/com.unity.test-framework@bd7f943e9647/UnityEngine.TestRunner/NUnitExtensions/Commands/UnityTestMethodCommand.cs:19)
UnityEngine.TestRunner.NUnitExtensions.Runner.UnityLogCheckDelegatingCommand/<>c__DisplayClass2_0:<Execute>b__0 () (at ./Library/PackageCache/com.unity.test-framework@bd7f943e9647/UnityEngine.TestRunner/NUnitExtensions/Runner/UnityLogCheckDelegatingCommand.cs:24)
UnityEngine.TestRunner.NUnitExtensions.Runner.UnityLogCheckDelegatingCommand:CaptureException (NUnit.Framework.Internal.TestResult,System.Action) (at ./Library/PackageCache/com.unity.test-framework@bd7f943e9647/UnityEngine.TestRunner/NUnitExtensions/Runner/UnityLogCheckDelegatingCommand.cs:72)
UnityEngine.TestRunner.NUnitExtensions.Runner.UnityLogCheckDelegatingCommand:ExecuteAndCheckLog (UnityEngine.TestTools.Logging.LogScope,NUnit.Framework.Internal.TestResult,System.Action) (at ./Library/PackageCache/com.unity.test-framework@bd7f943e9647/UnityEngine.TestRunner/NUnitExtensions/Runner/UnityLogCheckDelegatingCommand.cs:83)
UnityEngine.TestRunner.NUnitExtensions.Runner.UnityLogCheckDelegatingCommand:Execute (NUnit.Framework.Internal.ITestExecutionContext) (at ./Library/PackageCache/com.unity.test-framework@bd7f943e9647/UnityEngine.TestRunner/NUnitExtensions/Runner/UnityLogCheckDelegatingCommand.cs:24)
UnityEngine.TestRunner.NUnitExtensions.Runner.UnityLogCheckDelegatingCommand/<ExecuteEnumerable>d__3:MoveNext () (at ./Library/PackageCache/com.unity.test-framework@bd7f943e9647/UnityEngine.TestRunner/NUnitExtensions/Runner/UnityLogCheckDelegatingCommand.cs:35)
UnityEngine.TestTools.BeforeAfterTestCommandBase`1/<ExecuteEnumerable>d__16<NUnit.Framework.ITestAction>:MoveNext () (at ./Library/PackageCache/com.unity.test-framework@bd7f943e9647/UnityEngine.TestRunner/NUnitExtensions/Commands/BeforeAfterTestCommandBase.cs:212)
UnityEngine.TestTools.ImmediateEnumerableCommand:Execute (NUnit.Framework.Internal.ITestExecutionContext) (at ./Library/PackageCache/com.unity.test-framework@bd7f943e9647/UnityEngine.TestRunner/NUnitExtensions/Commands/ImmediateEnumerableCommand.cs:18)
UnityEngine.TestTools.BeforeAfterTestCommandBase`1/<ExecuteEnumerable>d__16<System.Reflection.MethodInfo>:MoveNext () (at ./Library/PackageCache/com.unity.test-framework@bd7f943e9647/UnityEngine.TestRunner/NUnitExtensions/Commands/BeforeAfterTestCommandBase.cs:219)
UnityEngine.TestTools.BeforeAfterTestCommandBase`1/<ExecuteEnumerable>d__16<System.Reflection.MethodInfo>:MoveNext () (at ./Library/PackageCache/com.unity.test-framework@bd7f943e9647/UnityEngine.TestRunner/NUnitExtensions/Commands/BeforeAfterTestCommandBase.cs:212)
UnityEngine.TestTools.BeforeAfterTestCommandBase`1/<ExecuteEnumerable>d__16<UnityEngine.TestTools.IOuterUnityTestAction>:MoveNext () (at ./Library/PackageCache/com.unity.test-framework@bd7f943e9647/UnityEngine.TestRunner/NUnitExtensions/Commands/BeforeAfterTestCommandBase.cs:212)
UnityEngine.TestTools.RetryCommand/<ExecuteEnumerable>d__2:MoveNext () (at ./Library/PackageCache/com.unity.test-framework@bd7f943e9647/UnityEngine.TestRunner/NUnitExtensions/Commands/RetryCommand.cs:37)
UnityEngine.TestTools.RepeatCommand/<ExecuteEnumerable>d__2:MoveNext () (at ./Library/PackageCache/com.unity.test-framework@bd7f943e9647/UnityEngine.TestRunner/NUnitExtensions/Commands/RepeatCommand.cs:36)
UnityEngine.TestTools.IgnoreTestCommand/<ExecuteEnumerable>d__3:MoveNext () (at ./Library/PackageCache/com.unity.test-framework@bd7f943e9647/UnityEngine.TestRunner/NUnitExtensions/Commands/IgnoreTestCommand.cs:42)
UnityEngine.TestTools.StrictCheckCommand/<ExecuteEnumerable>d__2:MoveNext () (at ./Library/PackageCache/com.unity.test-framework@bd7f943e9647/UnityEngine.TestRunner/NUnitExtensions/Commands/StrictCheckCommand.cs:29)
UnityEngine.TestRunner.NUnitExtensions.Runner.DefaultTestWorkItem/<PerformWork>d__2:MoveNext () (at ./Library/PackageCache/com.unity.test-framework@bd7f943e9647/UnityEngine.TestRunner/NUnitExtensions/Runner/DefaultTestWorkItem.cs:50)
UnityEngine.TestRunner.NUnitExtensions.Runner.CompositeWorkItem/<RunChildren>d__17:MoveNext () (at ./Library/PackageCache/com.unity.test-framework@bd7f943e9647/UnityEngine.TestRunner/NUnitExtensions/Runner/CompositeWorkItem.cs:207)
UnityEngine.TestRunner.NUnitExtensions.Runner.CompositeWorkItem/<PerformWork>d__13:MoveNext () (at ./Library/PackageCache/com.unity.test-framework@bd7f943e9647/UnityEngine.TestRunner/NUnitExtensions/Runner/CompositeWorkItem.cs:82)
UnityEngine.TestRunner.NUnitExtensions.Runner.CompositeWorkItem/<RunChildren>d__17:MoveNext () (at ./Library/PackageCache/com.unity.test-framework@bd7f943e9647/UnityEngine.TestRunner/NUnitExtensions/Runner/CompositeWorkItem.cs:207)
UnityEngine.TestRunner.NUnitExtensions.Runner.CompositeWorkItem/<PerformWork>d__13:MoveNext () (at ./Library/PackageCache/com.unity.test-framework@bd7f943e9647/UnityEngine.TestRunner/NUnitExtensions/Runner/CompositeWorkItem.cs:82)
UnityEngine.TestRunner.NUnitExtensions.Runner.CompositeWorkItem/<RunChildren>d__17:MoveNext () (at ./Library/PackageCache/com.unity.test-framework@bd7f943e9647/UnityEngine.TestRunner/NUnitExtensions/Runner/CompositeWorkItem.cs:207)
UnityEngine.TestRunner.NUnitExtensions.Runner.CompositeWorkItem/<PerformWork>d__13:MoveNext () (at ./Library/PackageCache/com.unity.test-framework@bd7f943e9647/UnityEngine.TestRunner/NUnitExtensions/Runner/CompositeWorkItem.cs:82)
UnityEngine.TestRunner.NUnitExtensions.Runner.CompositeWorkItem/<RunChildren>d__17:MoveNext () (at ./Library/PackageCache/com.unity.test-framework@bd7f943e9647/UnityEngine.TestRunner/NUnitExtensions/Runner/CompositeWorkItem.cs:207)
UnityEngine.TestRunner.NUnitExtensions.Runner.CompositeWorkItem/<PerformWork>d__13:MoveNext () (at ./Library/PackageCache/com.unity.test-framework@bd7f943e9647/UnityEngine.TestRunner/NUnitExtensions/Runner/CompositeWorkItem.cs:82)
UnityEngine.TestRunner.NUnitExtensions.Runner.CompositeWorkItem/<RunChildren>d__17:MoveNext () (at ./Library/PackageCache/com.unity.test-framework@bd7f943e9647/UnityEngine.TestRunner/NUnitExtensions/Runner/CompositeWorkItem.cs:207)
UnityEngine.TestRunner.NUnitExtensions.Runner.CompositeWorkItem/<PerformWork>d__13:MoveNext () (at ./Library/PackageCache/com.unity.test-framework@bd7f943e9647/UnityEngine.TestRunner/NUnitExtensions/Runner/CompositeWorkItem.cs:82)
UnityEngine.TestRunner.NUnitExtensions.Runner.CompositeWorkItem/<RunChildren>d__17:MoveNext () (at ./Library/PackageCache/com.unity.test-framework@bd7f943e9647/UnityEngine.TestRunner/NUnitExtensions/Runner/CompositeWorkItem.cs:207)
UnityEngine.TestRunner.NUnitExtensions.Runner.CompositeWorkItem/<PerformWork>d__13:MoveNext () (at ./Library/PackageCache/com.unity.test-framework@bd7f943e9647/UnityEngine.TestRunner/NUnitExtensions/Runner/CompositeWorkItem.cs:82)
UnityEngine.TestRunner.NUnitExtensions.Runner.CompositeWorkItem/<RunChildren>d__17:MoveNext () (at ./Library/PackageCache/com.unity.test-framework@bd7f943e9647/UnityEngine.TestRunner/NUnitExtensions/Runner/CompositeWorkItem.cs:207)
UnityEngine.TestRunner.NUnitExtensions.Runner.CompositeWorkItem/<PerformWork>d__13:MoveNext () (at ./Library/PackageCache/com.unity.test-framework@bd7f943e9647/UnityEngine.TestRunner/NUnitExtensions/Runner/CompositeWorkItem.cs:82)
UnityEngine.TestRunner.NUnitExtensions.Runner.CompositeWorkItem/<RunChildren>d__17:MoveNext () (at ./Library/PackageCache/com.unity.test-framework@bd7f943e9647/UnityEngine.TestRunner/NUnitExtensions/Runner/CompositeWorkItem.cs:207)
UnityEngine.TestRunner.NUnitExtensions.Runner.CompositeWorkItem/<PerformWork>d__13:MoveNext () (at ./Library/PackageCache/com.unity.test-framework@bd7f943e9647/UnityEngine.TestRunner/NUnitExtensions/Runner/CompositeWorkItem.cs:82)
UnityEditor.TestTools.TestRunner.EditModeRunner:MoveNextAndUpdateYieldObject () (at ./Library/PackageCache/com.unity.test-framework@bd7f943e9647/UnityEditor.TestRunner/TestRunner/EditModeRunner.cs:167)
UnityEditor.TestTools.TestRunner.EditModeRunner:TestConsumer (UnityEditor.TestTools.TestRunner.TestRunnerStateSerializer) (at ./Library/PackageCache/com.unity.test-framework@bd7f943e9647/UnityEditor.TestRunner/TestRunner/EditModeRunner.cs:200)
UnityEditor.TestTools.TestRunner.TestRun.Tasks.EditModeRunTask/<Execute>d__1:MoveNext () (at ./Library/PackageCache/com.unity.test-framework@bd7f943e9647/UnityEditor.TestRunner/TestRun/Tasks/EditModeRunTask.cs:48)
UnityEditor.TestTools.TestRunner.TestRun.TestJobRunner:ExecuteStep () (at ./Library/PackageCache/com.unity.test-framework@bd7f943e9647/UnityEditor.TestRunner/TestRun/TestJobRunner.cs:173)
UnityEditor.TestTools.TestRunner.TestRun.TestJobRunner:ExecuteCallback () (at ./Library/PackageCache/com.unity.test-framework@bd7f943e9647/UnityEditor.TestRunner/TestRun/TestJobRunner.cs:108)
UnityEditor.EditorApplication:Internal_CallUpdateFunctions () (at /Users/bokken/build/output/unity/unity/Editor/Mono/EditorApplication.cs:392)

(Filename: ./Packages/com.xrlab.chooguard.foundation/Multiplayer/Tests/Editor/WorldMotionAdapterTests.cs Line: 109)

World motion traversal 0.41 underground_connector -> forecourt_eurasia steps=243 seconds=0.5041275
UnityEngine.Debug:ExtractStackTraceNoAlloc (byte*,int,string)
UnityEngine.StackTraceUtility:ExtractStackTrace () (at /Users/bokken/build/output/unity/unity/Runtime/Export/Scripting/StackTrace.cs:35)
UnityEngine.DebugLogHandler:Internal_Log (UnityEngine.LogType,UnityEngine.LogOption,string,UnityEngine.Object)
UnityEngine.DebugLogHandler:LogFormat (UnityEngine.LogType,UnityEngine.Object,string,object[])
UnityEngine.Logger:Log (UnityEngine.LogType,object)
UnityEngine.Debug:Log (object)
ChooGuard.Foundation.Multiplayer.Tests.WorldMotionAdapterTests:BothProfilesTraverseAllThirteenRegionsAndAllTwentyFourPortalDirections (string,bool,double) (at ./Packages/com.xrlab.chooguard.foundation/Multiplayer/Tests/Editor/WorldMotionAdapterTests.cs:109)
System.Reflection.RuntimeMethodInfo:Invoke (object,System.Reflection.BindingFlags,System.Reflection.Binder,object[],System.Globalization.CultureInfo)
System.Reflection.MethodBase:Invoke (object,object[])
NUnit.Framework.Internal.Reflect:InvokeMethod (System.Reflection.MethodInfo,object,object[])
NUnit.Framework.Internal.MethodWrapper:Invoke (object,object[])
NUnit.Framework.Internal.Commands.TestMethodCommand:RunNonAsyncTestMethod (NUnit.Framework.Internal.ITestExecutionContext)
NUnit.Framework.Internal.Commands.TestMethodCommand:RunTestMethod (NUnit.Framework.Internal.ITestExecutionContext)
NUnit.Framework.Internal.Commands.TestMethodCommand:Execute (NUnit.Framework.Internal.ITestExecutionContext)
UnityEngine.TestTools.UnityTestMethodCommand:Execute (NUnit.Framework.Internal.ITestExecutionContext) (at ./Library/PackageCache/com.unity.test-framework@bd7f943e9647/UnityEngine.TestRunner/NUnitExtensions/Commands/UnityTestMethodCommand.cs:19)
UnityEngine.TestRunner.NUnitExtensions.Runner.UnityLogCheckDelegatingCommand/<>c__DisplayClass2_0:<Execute>b__0 () (at ./Library/PackageCache/com.unity.test-framework@bd7f943e9647/UnityEngine.TestRunner/NUnitExtensions/Runner/UnityLogCheckDelegatingCommand.cs:24)
UnityEngine.TestRunner.NUnitExtensions.Runner.UnityLogCheckDelegatingCommand:CaptureException (NUnit.Framework.Internal.TestResult,System.Action) (at ./Library/PackageCache/com.unity.test-framework@bd7f943e9647/UnityEngine.TestRunner/NUnitExtensions/Runner/UnityLogCheckDelegatingCommand.cs:72)
UnityEngine.TestRunner.NUnitExtensions.Runner.UnityLogCheckDelegatingCommand:ExecuteAndCheckLog (UnityEngine.TestTools.Logging.LogScope,NUnit.Framework.Internal.TestResult,System.Action) (at ./Library/PackageCache/com.unity.test-framework@bd7f943e9647/UnityEngine.TestRunner/NUnitExtensions/Runner/UnityLogCheckDelegatingCommand.cs:83)
UnityEngine.TestRunner.NUnitExtensions.Runner.UnityLogCheckDelegatingCommand:Execute (NUnit.Framework.Internal.ITestExecutionContext) (at ./Library/PackageCache/com.unity.test-framework@bd7f943e9647/UnityEngine.TestRunner/NUnitExtensions/Runner/UnityLogCheckDelegatingCommand.cs:24)
UnityEngine.TestRunner.NUnitExtensions.Runner.UnityLogCheckDelegatingCommand/<ExecuteEnumerable>d__3:MoveNext () (at ./Library/PackageCache/com.unity.test-framework@bd7f943e9647/UnityEngine.TestRunner/NUnitExtensions/Runner/UnityLogCheckDelegatingCommand.cs:35)
UnityEngine.TestTools.BeforeAfterTestCommandBase`1/<ExecuteEnumerable>d__16<NUnit.Framework.ITestAction>:MoveNext () (at ./Library/PackageCache/com.unity.test-framework@bd7f943e9647/UnityEngine.TestRunner/NUnitExtensions/Commands/BeforeAfterTestCommandBase.cs:212)
UnityEngine.TestTools.ImmediateEnumerableCommand:Execute (NUnit.Framework.Internal.ITestExecutionContext) (at ./Library/PackageCache/com.unity.test-framework@bd7f943e9647/UnityEngine.TestRunner/NUnitExtensions/Commands/ImmediateEnumerableCommand.cs:18)
UnityEngine.TestTools.BeforeAfterTestCommandBase`1/<ExecuteEnumerable>d__16<System.Reflection.MethodInfo>:MoveNext () (at ./Library/PackageCache/com.unity.test-framework@bd7f943e9647/UnityEngine.TestRunner/NUnitExtensions/Commands/BeforeAfterTestCommandBase.cs:219)
UnityEngine.TestTools.BeforeAfterTestCommandBase`1/<ExecuteEnumerable>d__16<System.Reflection.MethodInfo>:MoveNext () (at ./Library/PackageCache/com.unity.test-framework@bd7f943e9647/UnityEngine.TestRunner/NUnitExtensions/Commands/BeforeAfterTestCommandBase.cs:212)
UnityEngine.TestTools.BeforeAfterTestCommandBase`1/<ExecuteEnumerable>d__16<UnityEngine.TestTools.IOuterUnityTestAction>:MoveNext () (at ./Library/PackageCache/com.unity.test-framework@bd7f943e9647/UnityEngine.TestRunner/NUnitExtensions/Commands/BeforeAfterTestCommandBase.cs:212)
UnityEngine.TestTools.RetryCommand/<ExecuteEnumerable>d__2:MoveNext () (at ./Library/PackageCache/com.unity.test-framework@bd7f943e9647/UnityEngine.TestRunner/NUnitExtensions/Commands/RetryCommand.cs:37)
UnityEngine.TestTools.RepeatCommand/<ExecuteEnumerable>d__2:MoveNext () (at ./Library/PackageCache/com.unity.test-framework@bd7f943e9647/UnityEngine.TestRunner/NUnitExtensions/Commands/RepeatCommand.cs:36)
UnityEngine.TestTools.IgnoreTestCommand/<ExecuteEnumerable>d__3:MoveNext () (at ./Library/PackageCache/com.unity.test-framework@bd7f943e9647/UnityEngine.TestRunner/NUnitExtensions/Commands/IgnoreTestCommand.cs:42)
UnityEngine.TestTools.StrictCheckCommand/<ExecuteEnumerable>d__2:MoveNext () (at ./Library/PackageCache/com.unity.test-framework@bd7f943e9647/UnityEngine.TestRunner/NUnitExtensions/Commands/StrictCheckCommand.cs:29)
UnityEngine.TestRunner.NUnitExtensions.Runner.DefaultTestWorkItem/<PerformWork>d__2:MoveNext () (at ./Library/PackageCache/com.unity.test-framework@bd7f943e9647/UnityEngine.TestRunner/NUnitExtensions/Runner/DefaultTestWorkItem.cs:50)
UnityEngine.TestRunner.NUnitExtensions.Runner.CompositeWorkItem/<RunChildren>d__17:MoveNext () (at ./Library/PackageCache/com.unity.test-framework@bd7f943e9647/UnityEngine.TestRunner/NUnitExtensions/Runner/CompositeWorkItem.cs:207)
UnityEngine.TestRunner.NUnitExtensions.Runner.CompositeWorkItem/<PerformWork>d__13:MoveNext () (at ./Library/PackageCache/com.unity.test-framework@bd7f943e9647/UnityEngine.TestRunner/NUnitExtensions/Runner/CompositeWorkItem.cs:82)
UnityEngine.TestRunner.NUnitExtensions.Runner.CompositeWorkItem/<RunChildren>d__17:MoveNext () (at ./Library/PackageCache/com.unity.test-framework@bd7f943e9647/UnityEngine.TestRunner/NUnitExtensions/Runner/CompositeWorkItem.cs:207)
UnityEngine.TestRunner.NUnitExtensions.Runner.CompositeWorkItem/<PerformWork>d__13:MoveNext () (at ./Library/PackageCache/com.unity.test-framework@bd7f943e9647/UnityEngine.TestRunner/NUnitExtensions/Runner/CompositeWorkItem.cs:82)
UnityEngine.TestRunner.NUnitExtensions.Runner.CompositeWorkItem/<RunChildren>d__17:MoveNext () (at ./Library/PackageCache/com.unity.test-framework@bd7f943e9647/UnityEngine.TestRunner/NUnitExtensions/Runner/CompositeWorkItem.cs:207)
UnityEngine.TestRunner.NUnitExtensions.Runner.CompositeWorkItem/<PerformWork>d__13:MoveNext () (at ./Library/PackageCache/com.unity.test-framework@bd7f943e9647/UnityEngine.TestRunner/NUnitExtensions/Runner/CompositeWorkItem.cs:82)
UnityEngine.TestRunner.NUnitExtensions.Runner.CompositeWorkItem/<RunChildren>d__17:MoveNext () (at ./Library/PackageCache/com.unity.test-framework@bd7f943e9647/UnityEngine.TestRunner/NUnitExtensions/Runner/CompositeWorkItem.cs:207)
UnityEngine.TestRunner.NUnitExtensions.Runner.CompositeWorkItem/<PerformWork>d__13:MoveNext () (at ./Library/PackageCache/com.unity.test-framework@bd7f943e9647/UnityEngine.TestRunner/NUnitExtensions/Runner/CompositeWorkItem.cs:82)
UnityEngine.TestRunner.NUnitExtensions.Runner.CompositeWorkItem/<RunChildren>d__17:MoveNext () (at ./Library/PackageCache/com.unity.test-framework@bd7f943e9647/UnityEngine.TestRunner/NUnitExtensions/Runner/CompositeWorkItem.cs:207)
UnityEngine.TestRunner.NUnitExtensions.Runner.CompositeWorkItem/<PerformWork>d__13:MoveNext () (at ./Library/PackageCache/com.unity.test-framework@bd7f943e9647/UnityEngine.TestRunner/NUnitExtensions/Runner/CompositeWorkItem.cs:82)
UnityEngine.TestRunner.NUnitExtensions.Runner.CompositeWorkItem/<RunChildren>d__17:MoveNext () (at ./Library/PackageCache/com.unity.test-framework@bd7f943e9647/UnityEngine.TestRunner/NUnitExtensions/Runner/CompositeWorkItem.cs:207)
UnityEngine.TestRunner.NUnitExtensions.Runner.CompositeWorkItem/<PerformWork>d__13:MoveNext () (at ./Library/PackageCache/com.unity.test-framework@bd7f943e9647/UnityEngine.TestRunner/NUnitExtensions/Runner/CompositeWorkItem.cs:82)
UnityEngine.TestRunner.NUnitExtensions.Runner.CompositeWorkItem/<RunChildren>d__17:MoveNext () (at ./Library/PackageCache/com.unity.test-framework@bd7f943e9647/UnityEngine.TestRunner/NUnitExtensions/Runner/CompositeWorkItem.cs:207)
UnityEngine.TestRunner.NUnitExtensions.Runner.CompositeWorkItem/<PerformWork>d__13:MoveNext () (at ./Library/PackageCache/com.unity.test-framework@bd7f943e9647/UnityEngine.TestRunner/NUnitExtensions/Runner/CompositeWorkItem.cs:82)
UnityEngine.TestRunner.NUnitExtensions.Runner.CompositeWorkItem/<RunChildren>d__17:MoveNext () (at ./Library/PackageCache/com.unity.test-framework@bd7f943e9647/UnityEngine.TestRunner/NUnitExtensions/Runner/CompositeWorkItem.cs:207)
UnityEngine.TestRunner.NUnitExtensions.Runner.CompositeWorkItem/<PerformWork>d__13:MoveNext () (at ./Library/PackageCache/com.unity.test-framework@bd7f943e9647/UnityEngine.TestRunner/NUnitExtensions/Runner/CompositeWorkItem.cs:82)
UnityEditor.TestTools.TestRunner.EditModeRunner:MoveNextAndUpdateYieldObject () (at ./Library/PackageCache/com.unity.test-framework@bd7f943e9647/UnityEditor.TestRunner/TestRunner/EditModeRunner.cs:167)
UnityEditor.TestTools.TestRunner.EditModeRunner:TestConsumer (UnityEditor.TestTools.TestRunner.TestRunnerStateSerializer) (at ./Library/PackageCache/com.unity.test-framework@bd7f943e9647/UnityEditor.TestRunner/TestRunner/EditModeRunner.cs:200)
UnityEditor.TestTools.TestRunner.TestRun.Tasks.EditModeRunTask/<Execute>d__1:MoveNext () (at ./Library/PackageCache/com.unity.test-framework@bd7f943e9647/UnityEditor.TestRunner/TestRun/Tasks/EditModeRunTask.cs:48)
UnityEditor.TestTools.TestRunner.TestRun.TestJobRunner:ExecuteStep () (at ./Library/PackageCache/com.unity.test-framework@bd7f943e9647/UnityEditor.TestRunner/TestRun/TestJobRunner.cs:173)
UnityEditor.TestTools.TestRunner.TestRun.TestJobRunner:ExecuteCallback () (at ./Library/PackageCache/com.unity.test-framework@bd7f943e9647/UnityEditor.TestRunner/TestRun/TestJobRunner.cs:108)
UnityEditor.EditorApplication:Internal_CallUpdateFunctions () (at /Users/bokken/build/output/unity/unity/Editor/Mono/EditorApplication.cs:392)

(Filename: ./Packages/com.xrlab.chooguard.foundation/Multiplayer/Tests/Editor/WorldMotionAdapterTests.cs Line: 109)

World motion traversal 0.41 underground_connector -> underground_shopping_passage steps=535 seconds=0.8072938
UnityEngine.Debug:ExtractStackTraceNoAlloc (byte*,int,string)
UnityEngine.StackTraceUtility:ExtractStackTrace () (at /Users/bokken/build/output/unity/unity/Runtime/Export/Scripting/StackTrace.cs:35)
UnityEngine.DebugLogHandler:Internal_Log (UnityEngine.LogType,UnityEngine.LogOption,string,UnityEngine.Object)
UnityEngine.DebugLogHandler:LogFormat (UnityEngine.LogType,UnityEngine.Object,string,object[])
UnityEngine.Logger:Log (UnityEngine.LogType,object)
UnityEngine.Debug:Log (object)
ChooGuard.Foundation.Multiplayer.Tests.WorldMotionAdapterTests:BothProfilesTraverseAllThirteenRegionsAndAllTwentyFourPortalDirections (string,bool,double) (at ./Packages/com.xrlab.chooguard.foundation/Multiplayer/Tests/Editor/WorldMotionAdapterTests.cs:109)
System.Reflection.RuntimeMethodInfo:Invoke (object,System.Reflection.BindingFlags,System.Reflection.Binder,object[],System.Globalization.CultureInfo)
System.Reflection.MethodBase:Invoke (object,object[])
NUnit.Framework.Internal.Reflect:InvokeMethod (System.Reflection.MethodInfo,object,object[])
NUnit.Framework.Internal.MethodWrapper:Invoke (object,object[])
NUnit.Framework.Internal.Commands.TestMethodCommand:RunNonAsyncTestMethod (NUnit.Framework.Internal.ITestExecutionContext)
NUnit.Framework.Internal.Commands.TestMethodCommand:RunTestMethod (NUnit.Framework.Internal.ITestExecutionContext)
NUnit.Framework.Internal.Commands.TestMethodCommand:Execute (NUnit.Framework.Internal.ITestExecutionContext)
UnityEngine.TestTools.UnityTestMethodCommand:Execute (NUnit.Framework.Internal.ITestExecutionContext) (at ./Library/PackageCache/com.unity.test-framework@bd7f943e9647/UnityEngine.TestRunner/NUnitExtensions/Commands/UnityTestMethodCommand.cs:19)
UnityEngine.TestRunner.NUnitExtensions.Runner.UnityLogCheckDelegatingCommand/<>c__DisplayClass2_0:<Execute>b__0 () (at ./Library/PackageCache/com.unity.test-framework@bd7f943e9647/UnityEngine.TestRunner/NUnitExtensions/Runner/UnityLogCheckDelegatingCommand.cs:24)
UnityEngine.TestRunner.NUnitExtensions.Runner.UnityLogCheckDelegatingCommand:CaptureException (NUnit.Framework.Internal.TestResult,System.Action) (at ./Library/PackageCache/com.unity.test-framework@bd7f943e9647/UnityEngine.TestRunner/NUnitExtensions/Runner/UnityLogCheckDelegatingCommand.cs:72)
UnityEngine.TestRunner.NUnitExtensions.Runner.UnityLogCheckDelegatingCommand:ExecuteAndCheckLog (UnityEngine.TestTools.Logging.LogScope,NUnit.Framework.Internal.TestResult,System.Action) (at ./Library/PackageCache/com.unity.test-framework@bd7f943e9647/UnityEngine.TestRunner/NUnitExtensions/Runner/UnityLogCheckDelegatingCommand.cs:83)
UnityEngine.TestRunner.NUnitExtensions.Runner.UnityLogCheckDelegatingCommand:Execute (NUnit.Framework.Internal.ITestExecutionContext) (at ./Library/PackageCache/com.unity.test-framework@bd7f943e9647/UnityEngine.TestRunner/NUnitExtensions/Runner/UnityLogCheckDelegatingCommand.cs:24)
UnityEngine.TestRunner.NUnitExtensions.Runner.UnityLogCheckDelegatingCommand/<ExecuteEnumerable>d__3:MoveNext () (at ./Library/PackageCache/com.unity.test-framework@bd7f943e9647/UnityEngine.TestRunner/NUnitExtensions/Runner/UnityLogCheckDelegatingCommand.cs:35)
UnityEngine.TestTools.BeforeAfterTestCommandBase`1/<ExecuteEnumerable>d__16<NUnit.Framework.ITestAction>:MoveNext () (at ./Library/PackageCache/com.unity.test-framework@bd7f943e9647/UnityEngine.TestRunner/NUnitExtensions/Commands/BeforeAfterTestCommandBase.cs:212)
UnityEngine.TestTools.ImmediateEnumerableCommand:Execute (NUnit.Framework.Internal.ITestExecutionContext) (at ./Library/PackageCache/com.unity.test-framework@bd7f943e9647/UnityEngine.TestRunner/NUnitExtensions/Commands/ImmediateEnumerableCommand.cs:18)
UnityEngine.TestTools.BeforeAfterTestCommandBase`1/<ExecuteEnumerable>d__16<System.Reflection.MethodInfo>:MoveNext () (at ./Library/PackageCache/com.unity.test-framework@bd7f943e9647/UnityEngine.TestRunner/NUnitExtensions/Commands/BeforeAfterTestCommandBase.cs:219)
UnityEngine.TestTools.BeforeAfterTestCommandBase`1/<ExecuteEnumerable>d__16<System.Reflection.MethodInfo>:MoveNext () (at ./Library/PackageCache/com.unity.test-framework@bd7f943e9647/UnityEngine.TestRunner/NUnitExtensions/Commands/BeforeAfterTestCommandBase.cs:212)
UnityEngine.TestTools.BeforeAfterTestCommandBase`1/<ExecuteEnumerable>d__16<UnityEngine.TestTools.IOuterUnityTestAction>:MoveNext () (at ./Library/PackageCache/com.unity.test-framework@bd7f943e9647/UnityEngine.TestRunner/NUnitExtensions/Commands/BeforeAfterTestCommandBase.cs:212)
UnityEngine.TestTools.RetryCommand/<ExecuteEnumerable>d__2:MoveNext () (at ./Library/PackageCache/com.unity.test-framework@bd7f943e9647/UnityEngine.TestRunner/NUnitExtensions/Commands/RetryCommand.cs:37)
UnityEngine.TestTools.RepeatCommand/<ExecuteEnumerable>d__2:MoveNext () (at ./Library/PackageCache/com.unity.test-framework@bd7f943e9647/UnityEngine.TestRunner/NUnitExtensions/Commands/RepeatCommand.cs:36)
UnityEngine.TestTools.IgnoreTestCommand/<ExecuteEnumerable>d__3:MoveNext () (at ./Library/PackageCache/com.unity.test-framework@bd7f943e9647/UnityEngine.TestRunner/NUnitExtensions/Commands/IgnoreTestCommand.cs:42)
UnityEngine.TestTools.StrictCheckCommand/<ExecuteEnumerable>d__2:MoveNext () (at ./Library/PackageCache/com.unity.test-framework@bd7f943e9647/UnityEngine.TestRunner/NUnitExtensions/Commands/StrictCheckCommand.cs:29)
UnityEngine.TestRunner.NUnitExtensions.Runner.DefaultTestWorkItem/<PerformWork>d__2:MoveNext () (at ./Library/PackageCache/com.unity.test-framework@bd7f943e9647/UnityEngine.TestRunner/NUnitExtensions/Runner/DefaultTestWorkItem.cs:50)
UnityEngine.TestRunner.NUnitExtensions.Runner.CompositeWorkItem/<RunChildren>d__17:MoveNext () (at ./Library/PackageCache/com.unity.test-framework@bd7f943e9647/UnityEngine.TestRunner/NUnitExtensions/Runner/CompositeWorkItem.cs:207)
UnityEngine.TestRunner.NUnitExtensions.Runner.CompositeWorkItem/<PerformWork>d__13:MoveNext () (at ./Library/PackageCache/com.unity.test-framework@bd7f943e9647/UnityEngine.TestRunner/NUnitExtensions/Runner/CompositeWorkItem.cs:82)
UnityEngine.TestRunner.NUnitExtensions.Runner.CompositeWorkItem/<RunChildren>d__17:MoveNext () (at ./Library/PackageCache/com.unity.test-framework@bd7f943e9647/UnityEngine.TestRunner/NUnitExtensions/Runner/CompositeWorkItem.cs:207)
UnityEngine.TestRunner.NUnitExtensions.Runner.CompositeWorkItem/<PerformWork>d__13:MoveNext () (at ./Library/PackageCache/com.unity.test-framework@bd7f943e9647/UnityEngine.TestRunner/NUnitExtensions/Runner/CompositeWorkItem.cs:82)
UnityEngine.TestRunner.NUnitExtensions.Runner.CompositeWorkItem/<RunChildren>d__17:MoveNext () (at ./Library/PackageCache/com.unity.test-framework@bd7f943e9647/UnityEngine.TestRunner/NUnitExtensions/Runner/CompositeWorkItem.cs:207)
UnityEngine.TestRunner.NUnitExtensions.Runner.CompositeWorkItem/<PerformWork>d__13:MoveNext () (at ./Library/PackageCache/com.unity.test-framework@bd7f943e9647/UnityEngine.TestRunner/NUnitExtensions/Runner/CompositeWorkItem.cs:82)
UnityEngine.TestRunner.NUnitExtensions.Runner.CompositeWorkItem/<RunChildren>d__17:MoveNext () (at ./Library/PackageCache/com.unity.test-framework@bd7f943e9647/UnityEngine.TestRunner/NUnitExtensions/Runner/CompositeWorkItem.cs:207)
UnityEngine.TestRunner.NUnitExtensions.Runner.CompositeWorkItem/<PerformWork>d__13:MoveNext () (at ./Library/PackageCache/com.unity.test-framework@bd7f943e9647/UnityEngine.TestRunner/NUnitExtensions/Runner/CompositeWorkItem.cs:82)
UnityEngine.TestRunner.NUnitExtensions.Runner.CompositeWorkItem/<RunChildren>d__17:MoveNext () (at ./Library/PackageCache/com.unity.test-framework@bd7f943e9647/UnityEngine.TestRunner/NUnitExtensions/Runner/CompositeWorkItem.cs:207)
UnityEngine.TestRunner.NUnitExtensions.Runner.CompositeWorkItem/<PerformWork>d__13:MoveNext () (at ./Library/PackageCache/com.unity.test-framework@bd7f943e9647/UnityEngine.TestRunner/NUnitExtensions/Runner/CompositeWorkItem.cs:82)
UnityEngine.TestRunner.NUnitExtensions.Runner.CompositeWorkItem/<RunChildren>d__17:MoveNext () (at ./Library/PackageCache/com.unity.test-framework@bd7f943e9647/UnityEngine.TestRunner/NUnitExtensions/Runner/CompositeWorkItem.cs:207)
UnityEngine.TestRunner.NUnitExtensions.Runner.CompositeWorkItem/<PerformWork>d__13:MoveNext () (at ./Library/PackageCache/com.unity.test-framework@bd7f943e9647/UnityEngine.TestRunner/NUnitExtensions/Runner/CompositeWorkItem.cs:82)
UnityEngine.TestRunner.NUnitExtensions.Runner.CompositeWorkItem/<RunChildren>d__17:MoveNext () (at ./Library/PackageCache/com.unity.test-framework@bd7f943e9647/UnityEngine.TestRunner/NUnitExtensions/Runner/CompositeWorkItem.cs:207)
UnityEngine.TestRunner.NUnitExtensions.Runner.CompositeWorkItem/<PerformWork>d__13:MoveNext () (at ./Library/PackageCache/com.unity.test-framework@bd7f943e9647/UnityEngine.TestRunner/NUnitExtensions/Runner/CompositeWorkItem.cs:82)
UnityEngine.TestRunner.NUnitExtensions.Runner.CompositeWorkItem/<RunChildren>d__17:MoveNext () (at ./Library/PackageCache/com.unity.test-framework@bd7f943e9647/UnityEngine.TestRunner/NUnitExtensions/Runner/CompositeWorkItem.cs:207)
UnityEngine.TestRunner.NUnitExtensions.Runner.CompositeWorkItem/<PerformWork>d__13:MoveNext () (at ./Library/PackageCache/com.unity.test-framework@bd7f943e9647/UnityEngine.TestRunner/NUnitExtensions/Runner/CompositeWorkItem.cs:82)
UnityEditor.TestTools.TestRunner.EditModeRunner:MoveNextAndUpdateYieldObject () (at ./Library/PackageCache/com.unity.test-framework@bd7f943e9647/UnityEditor.TestRunner/TestRunner/EditModeRunner.cs:167)
UnityEditor.TestTools.TestRunner.EditModeRunner:TestConsumer (UnityEditor.TestTools.TestRunner.TestRunnerStateSerializer) (at ./Library/PackageCache/com.unity.test-framework@bd7f943e9647/UnityEditor.TestRunner/TestRunner/EditModeRunner.cs:200)
UnityEditor.TestTools.TestRunner.TestRun.Tasks.EditModeRunTask/<Execute>d__1:MoveNext () (at ./Library/PackageCache/com.unity.test-framework@bd7f943e9647/UnityEditor.TestRunner/TestRun/Tasks/EditModeRunTask.cs:48)
UnityEditor.TestTools.TestRunner.TestRun.TestJobRunner:ExecuteStep () (at ./Library/PackageCache/com.unity.test-framework@bd7f943e9647/UnityEditor.TestRunner/TestRun/TestJobRunner.cs:173)
UnityEditor.TestTools.TestRunner.TestRun.TestJobRunner:ExecuteCallback () (at ./Library/PackageCache/com.unity.test-framework@bd7f943e9647/UnityEditor.TestRunner/TestRun/TestJobRunner.cs:108)
UnityEditor.EditorApplication:Internal_CallUpdateFunctions () (at /Users/bokken/build/output/unity/unity/Editor/Mono/EditorApplication.cs:392)

(Filename: ./Packages/com.xrlab.chooguard.foundation/Multiplayer/Tests/Editor/WorldMotionAdapterTests.cs Line: 109)

World motion traversal 0.41 underground_shopping_passage -> underground_connector steps=536 seconds=0.91936
UnityEngine.Debug:ExtractStackTraceNoAlloc (byte*,int,string)
UnityEngine.StackTraceUtility:ExtractStackTrace () (at /Users/bokken/build/output/unity/unity/Runtime/Export/Scripting/StackTrace.cs:35)
UnityEngine.DebugLogHandler:Internal_Log (UnityEngine.LogType,UnityEngine.LogOption,string,UnityEngine.Object)
UnityEngine.DebugLogHandler:LogFormat (UnityEngine.LogType,UnityEngine.Object,string,object[])
UnityEngine.Logger:Log (UnityEngine.LogType,object)
UnityEngine.Debug:Log (object)
ChooGuard.Foundation.Multiplayer.Tests.WorldMotionAdapterTests:BothProfilesTraverseAllThirteenRegionsAndAllTwentyFourPortalDirections (string,bool,double) (at ./Packages/com.xrlab.chooguard.foundation/Multiplayer/Tests/Editor/WorldMotionAdapterTests.cs:109)
System.Reflection.RuntimeMethodInfo:Invoke (object,System.Reflection.BindingFlags,System.Reflection.Binder,object[],System.Globalization.CultureInfo)
System.Reflection.MethodBase:Invoke (object,object[])
NUnit.Framework.Internal.Reflect:InvokeMethod (System.Reflection.MethodInfo,object,object[])
NUnit.Framework.Internal.MethodWrapper:Invoke (object,object[])
NUnit.Framework.Internal.Commands.TestMethodCommand:RunNonAsyncTestMethod (NUnit.Framework.Internal.ITestExecutionContext)
NUnit.Framework.Internal.Commands.TestMethodCommand:RunTestMethod (NUnit.Framework.Internal.ITestExecutionContext)
NUnit.Framework.Internal.Commands.TestMethodCommand:Execute (NUnit.Framework.Internal.ITestExecutionContext)
UnityEngine.TestTools.UnityTestMethodCommand:Execute (NUnit.Framework.Internal.ITestExecutionContext) (at ./Library/PackageCache/com.unity.test-framework@bd7f943e9647/UnityEngine.TestRunner/NUnitExtensions/Commands/UnityTestMethodCommand.cs:19)
UnityEngine.TestRunner.NUnitExtensions.Runner.UnityLogCheckDelegatingCommand/<>c__DisplayClass2_0:<Execute>b__0 () (at ./Library/PackageCache/com.unity.test-framework@bd7f943e9647/UnityEngine.TestRunner/NUnitExtensions/Runner/UnityLogCheckDelegatingCommand.cs:24)
UnityEngine.TestRunner.NUnitExtensions.Runner.UnityLogCheckDelegatingCommand:CaptureException (NUnit.Framework.Internal.TestResult,System.Action) (at ./Library/PackageCache/com.unity.test-framework@bd7f943e9647/UnityEngine.TestRunner/NUnitExtensions/Runner/UnityLogCheckDelegatingCommand.cs:72)
UnityEngine.TestRunner.NUnitExtensions.Runner.UnityLogCheckDelegatingCommand:ExecuteAndCheckLog (UnityEngine.TestTools.Logging.LogScope,NUnit.Framework.Internal.TestResult,System.Action) (at ./Library/PackageCache/com.unity.test-framework@bd7f943e9647/UnityEngine.TestRunner/NUnitExtensions/Runner/UnityLogCheckDelegatingCommand.cs:83)
UnityEngine.TestRunner.NUnitExtensions.Runner.UnityLogCheckDelegatingCommand:Execute (NUnit.Framework.Internal.ITestExecutionContext) (at ./Library/PackageCache/com.unity.test-framework@bd7f943e9647/UnityEngine.TestRunner/NUnitExtensions/Runner/UnityLogCheckDelegatingCommand.cs:24)
UnityEngine.TestRunner.NUnitExtensions.Runner.UnityLogCheckDelegatingCommand/<ExecuteEnumerable>d__3:MoveNext () (at ./Library/PackageCache/com.unity.test-framework@bd7f943e9647/UnityEngine.TestRunner/NUnitExtensions/Runner/UnityLogCheckDelegatingCommand.cs:35)
UnityEngine.TestTools.BeforeAfterTestCommandBase`1/<ExecuteEnumerable>d__16<NUnit.Framework.ITestAction>:MoveNext () (at ./Library/PackageCache/com.unity.test-framework@bd7f943e9647/UnityEngine.TestRunner/NUnitExtensions/Commands/BeforeAfterTestCommandBase.cs:212)
UnityEngine.TestTools.ImmediateEnumerableCommand:Execute (NUnit.Framework.Internal.ITestExecutionContext) (at ./Library/PackageCache/com.unity.test-framework@bd7f943e9647/UnityEngine.TestRunner/NUnitExtensions/Commands/ImmediateEnumerableCommand.cs:18)
UnityEngine.TestTools.BeforeAfterTestCommandBase`1/<ExecuteEnumerable>d__16<System.Reflection.MethodInfo>:MoveNext () (at ./Library/PackageCache/com.unity.test-framework@bd7f943e9647/UnityEngine.TestRunner/NUnitExtensions/Commands/BeforeAfterTestCommandBase.cs:219)
UnityEngine.TestTools.BeforeAfterTestCommandBase`1/<ExecuteEnumerable>d__16<System.Reflection.MethodInfo>:MoveNext () (at ./Library/PackageCache/com.unity.test-framework@bd7f943e9647/UnityEngine.TestRunner/NUnitExtensions/Commands/BeforeAfterTestCommandBase.cs:212)
UnityEngine.TestTools.BeforeAfterTestCommandBase`1/<ExecuteEnumerable>d__16<UnityEngine.TestTools.IOuterUnityTestAction>:MoveNext () (at ./Library/PackageCache/com.unity.test-framework@bd7f943e9647/UnityEngine.TestRunner/NUnitExtensions/Commands/BeforeAfterTestCommandBase.cs:212)
UnityEngine.TestTools.RetryCommand/<ExecuteEnumerable>d__2:MoveNext () (at ./Library/PackageCache/com.unity.test-framework@bd7f943e9647/UnityEngine.TestRunner/NUnitExtensions/Commands/RetryCommand.cs:37)
UnityEngine.TestTools.RepeatCommand/<ExecuteEnumerable>d__2:MoveNext () (at ./Library/PackageCache/com.unity.test-framework@bd7f943e9647/UnityEngine.TestRunner/NUnitExtensions/Commands/RepeatCommand.cs:36)
UnityEngine.TestTools.IgnoreTestCommand/<ExecuteEnumerable>d__3:MoveNext () (at ./Library/PackageCache/com.unity.test-framework@bd7f943e9647/UnityEngine.TestRunner/NUnitExtensions/Commands/IgnoreTestCommand.cs:42)
UnityEngine.TestTools.StrictCheckCommand/<ExecuteEnumerable>d__2:MoveNext () (at ./Library/PackageCache/com.unity.test-framework@bd7f943e9647/UnityEngine.TestRunner/NUnitExtensions/Commands/StrictCheckCommand.cs:29)
UnityEngine.TestRunner.NUnitExtensions.Runner.DefaultTestWorkItem/<PerformWork>d__2:MoveNext () (at ./Library/PackageCache/com.unity.test-framework@bd7f943e9647/UnityEngine.TestRunner/NUnitExtensions/Runner/DefaultTestWorkItem.cs:50)
UnityEngine.TestRunner.NUnitExtensions.Runner.CompositeWorkItem/<RunChildren>d__17:MoveNext () (at ./Library/PackageCache/com.unity.test-framework@bd7f943e9647/UnityEngine.TestRunner/NUnitExtensions/Runner/CompositeWorkItem.cs:207)
UnityEngine.TestRunner.NUnitExtensions.Runner.CompositeWorkItem/<PerformWork>d__13:MoveNext () (at ./Library/PackageCache/com.unity.test-framework@bd7f943e9647/UnityEngine.TestRunner/NUnitExtensions/Runner/CompositeWorkItem.cs:82)
UnityEngine.TestRunner.NUnitExtensions.Runner.CompositeWorkItem/<RunChildren>d__17:MoveNext () (at ./Library/PackageCache/com.unity.test-framework@bd7f943e9647/UnityEngine.TestRunner/NUnitExtensions/Runner/CompositeWorkItem.cs:207)
UnityEngine.TestRunner.NUnitExtensions.Runner.CompositeWorkItem/<PerformWork>d__13:MoveNext () (at ./Library/PackageCache/com.unity.test-framework@bd7f943e9647/UnityEngine.TestRunner/NUnitExtensions/Runner/CompositeWorkItem.cs:82)
UnityEngine.TestRunner.NUnitExtensions.Runner.CompositeWorkItem/<RunChildren>d__17:MoveNext () (at ./Library/PackageCache/com.unity.test-framework@bd7f943e9647/UnityEngine.TestRunner/NUnitExtensions/Runner/CompositeWorkItem.cs:207)
UnityEngine.TestRunner.NUnitExtensions.Runner.CompositeWorkItem/<PerformWork>d__13:MoveNext () (at ./Library/PackageCache/com.unity.test-framework@bd7f943e9647/UnityEngine.TestRunner/NUnitExtensions/Runner/CompositeWorkItem.cs:82)
UnityEngine.TestRunner.NUnitExtensions.Runner.CompositeWorkItem/<RunChildren>d__17:MoveNext () (at ./Library/PackageCache/com.unity.test-framework@bd7f943e9647/UnityEngine.TestRunner/NUnitExtensions/Runner/CompositeWorkItem.cs:207)
UnityEngine.TestRunner.NUnitExtensions.Runner.CompositeWorkItem/<PerformWork>d__13:MoveNext () (at ./Library/PackageCache/com.unity.test-framework@bd7f943e9647/UnityEngine.TestRunner/NUnitExtensions/Runner/CompositeWorkItem.cs:82)
UnityEngine.TestRunner.NUnitExtensions.Runner.CompositeWorkItem/<RunChildren>d__17:MoveNext () (at ./Library/PackageCache/com.unity.test-framework@bd7f943e9647/UnityEngine.TestRunner/NUnitExtensions/Runner/CompositeWorkItem.cs:207)
UnityEngine.TestRunner.NUnitExtensions.Runner.CompositeWorkItem/<PerformWork>d__13:MoveNext () (at ./Library/PackageCache/com.unity.test-framework@bd7f943e9647/UnityEngine.TestRunner/NUnitExtensions/Runner/CompositeWorkItem.cs:82)
UnityEngine.TestRunner.NUnitExtensions.Runner.CompositeWorkItem/<RunChildren>d__17:MoveNext () (at ./Library/PackageCache/com.unity.test-framework@bd7f943e9647/UnityEngine.TestRunner/NUnitExtensions/Runner/CompositeWorkItem.cs:207)
UnityEngine.TestRunner.NUnitExtensions.Runner.CompositeWorkItem/<PerformWork>d__13:MoveNext () (at ./Library/PackageCache/com.unity.test-framework@bd7f943e9647/UnityEngine.TestRunner/NUnitExtensions/Runner/CompositeWorkItem.cs:82)
UnityEngine.TestRunner.NUnitExtensions.Runner.CompositeWorkItem/<RunChildren>d__17:MoveNext () (at ./Library/PackageCache/com.unity.test-framework@bd7f943e9647/UnityEngine.TestRunner/NUnitExtensions/Runner/CompositeWorkItem.cs:207)
UnityEngine.TestRunner.NUnitExtensions.Runner.CompositeWorkItem/<PerformWork>d__13:MoveNext () (at ./Library/PackageCache/com.unity.test-framework@bd7f943e9647/UnityEngine.TestRunner/NUnitExtensions/Runner/CompositeWorkItem.cs:82)
UnityEngine.TestRunner.NUnitExtensions.Runner.CompositeWorkItem/<RunChildren>d__17:MoveNext () (at ./Library/PackageCache/com.unity.test-framework@bd7f943e9647/UnityEngine.TestRunner/NUnitExtensions/Runner/CompositeWorkItem.cs:207)
UnityEngine.TestRunner.NUnitExtensions.Runner.CompositeWorkItem/<PerformWork>d__13:MoveNext () (at ./Library/PackageCache/com.unity.test-framework@bd7f943e9647/UnityEngine.TestRunner/NUnitExtensions/Runner/CompositeWorkItem.cs:82)
UnityEditor.TestTools.TestRunner.EditModeRunner:MoveNextAndUpdateYieldObject () (at ./Library/PackageCache/com.unity.test-framework@bd7f943e9647/UnityEditor.TestRunner/TestRunner/EditModeRunner.cs:167)
UnityEditor.TestTools.TestRunner.EditModeRunner:TestConsumer (UnityEditor.TestTools.TestRunner.TestRunnerStateSerializer) (at ./Library/PackageCache/com.unity.test-framework@bd7f943e9647/UnityEditor.TestRunner/TestRunner/EditModeRunner.cs:200)
UnityEditor.TestTools.TestRunner.TestRun.Tasks.EditModeRunTask/<Execute>d__1:MoveNext () (at ./Library/PackageCache/com.unity.test-framework@bd7f943e9647/UnityEditor.TestRunner/TestRun/Tasks/EditModeRunTask.cs:48)
UnityEditor.TestTools.TestRunner.TestRun.TestJobRunner:ExecuteStep () (at ./Library/PackageCache/com.unity.test-framework@bd7f943e9647/UnityEditor.TestRunner/TestRun/TestJobRunner.cs:173)
UnityEditor.TestTools.TestRunner.TestRun.TestJobRunner:ExecuteCallback () (at ./Library/PackageCache/com.unity.test-framework@bd7f943e9647/UnityEditor.TestRunner/TestRun/TestJobRunner.cs:108)
UnityEditor.EditorApplication:Internal_CallUpdateFunctions () (at /Users/bokken/build/output/unity/unity/Editor/Mono/EditorApplication.cs:392)

(Filename: ./Packages/com.xrlab.chooguard.foundation/Multiplayer/Tests/Editor/WorldMotionAdapterTests.cs Line: 109)

World motion traversal 0.41 underground_shopping_passage -> metro_concourse steps=293 seconds=0.5905402
UnityEngine.Debug:ExtractStackTraceNoAlloc (byte*,int,string)
UnityEngine.StackTraceUtility:ExtractStackTrace () (at /Users/bokken/build/output/unity/unity/Runtime/Export/Scripting/StackTrace.cs:35)
UnityEngine.DebugLogHandler:Internal_Log (UnityEngine.LogType,UnityEngine.LogOption,string,UnityEngine.Object)
UnityEngine.DebugLogHandler:LogFormat (UnityEngine.LogType,UnityEngine.Object,string,object[])
UnityEngine.Logger:Log (UnityEngine.LogType,object)
UnityEngine.Debug:Log (object)
ChooGuard.Foundation.Multiplayer.Tests.WorldMotionAdapterTests:BothProfilesTraverseAllThirteenRegionsAndAllTwentyFourPortalDirections (string,bool,double) (at ./Packages/com.xrlab.chooguard.foundation/Multiplayer/Tests/Editor/WorldMotionAdapterTests.cs:109)
System.Reflection.RuntimeMethodInfo:Invoke (object,System.Reflection.BindingFlags,System.Reflection.Binder,object[],System.Globalization.CultureInfo)
System.Reflection.MethodBase:Invoke (object,object[])
NUnit.Framework.Internal.Reflect:InvokeMethod (System.Reflection.MethodInfo,object,object[])
NUnit.Framework.Internal.MethodWrapper:Invoke (object,object[])
NUnit.Framework.Internal.Commands.TestMethodCommand:RunNonAsyncTestMethod (NUnit.Framework.Internal.ITestExecutionContext)
NUnit.Framework.Internal.Commands.TestMethodCommand:RunTestMethod (NUnit.Framework.Internal.ITestExecutionContext)
NUnit.Framework.Internal.Commands.TestMethodCommand:Execute (NUnit.Framework.Internal.ITestExecutionContext)
UnityEngine.TestTools.UnityTestMethodCommand:Execute (NUnit.Framework.Internal.ITestExecutionContext) (at ./Library/PackageCache/com.unity.test-framework@bd7f943e9647/UnityEngine.TestRunner/NUnitExtensions/Commands/UnityTestMethodCommand.cs:19)
UnityEngine.TestRunner.NUnitExtensions.Runner.UnityLogCheckDelegatingCommand/<>c__DisplayClass2_0:<Execute>b__0 () (at ./Library/PackageCache/com.unity.test-framework@bd7f943e9647/UnityEngine.TestRunner/NUnitExtensions/Runner/UnityLogCheckDelegatingCommand.cs:24)
UnityEngine.TestRunner.NUnitExtensions.Runner.UnityLogCheckDelegatingCommand:CaptureException (NUnit.Framework.Internal.TestResult,System.Action) (at ./Library/PackageCache/com.unity.test-framework@bd7f943e9647/UnityEngine.TestRunner/NUnitExtensions/Runner/UnityLogCheckDelegatingCommand.cs:72)
UnityEngine.TestRunner.NUnitExtensions.Runner.UnityLogCheckDelegatingCommand:ExecuteAndCheckLog (UnityEngine.TestTools.Logging.LogScope,NUnit.Framework.Internal.TestResult,System.Action) (at ./Library/PackageCache/com.unity.test-framework@bd7f943e9647/UnityEngine.TestRunner/NUnitExtensions/Runner/UnityLogCheckDelegatingCommand.cs:83)
UnityEngine.TestRunner.NUnitExtensions.Runner.UnityLogCheckDelegatingCommand:Execute (NUnit.Framework.Internal.ITestExecutionContext) (at ./Library/PackageCache/com.unity.test-framework@bd7f943e9647/UnityEngine.TestRunner/NUnitExtensions/Runner/UnityLogCheckDelegatingCommand.cs:24)
UnityEngine.TestRunner.NUnitExtensions.Runner.UnityLogCheckDelegatingCommand/<ExecuteEnumerable>d__3:MoveNext () (at ./Library/PackageCache/com.unity.test-framework@bd7f943e9647/UnityEngine.TestRunner/NUnitExtensions/Runner/UnityLogCheckDelegatingCommand.cs:35)
UnityEngine.TestTools.BeforeAfterTestCommandBase`1/<ExecuteEnumerable>d__16<NUnit.Framework.ITestAction>:MoveNext () (at ./Library/PackageCache/com.unity.test-framework@bd7f943e9647/UnityEngine.TestRunner/NUnitExtensions/Commands/BeforeAfterTestCommandBase.cs:212)
UnityEngine.TestTools.ImmediateEnumerableCommand:Execute (NUnit.Framework.Internal.ITestExecutionContext) (at ./Library/PackageCache/com.unity.test-framework@bd7f943e9647/UnityEngine.TestRunner/NUnitExtensions/Commands/ImmediateEnumerableCommand.cs:18)
UnityEngine.TestTools.BeforeAfterTestCommandBase`1/<ExecuteEnumerable>d__16<System.Reflection.MethodInfo>:MoveNext () (at ./Library/PackageCache/com.unity.test-framework@bd7f943e9647/UnityEngine.TestRunner/NUnitExtensions/Commands/BeforeAfterTestCommandBase.cs:219)
UnityEngine.TestTools.BeforeAfterTestCommandBase`1/<ExecuteEnumerable>d__16<System.Reflection.MethodInfo>:MoveNext () (at ./Library/PackageCache/com.unity.test-framework@bd7f943e9647/UnityEngine.TestRunner/NUnitExtensions/Commands/BeforeAfterTestCommandBase.cs:212)
UnityEngine.TestTools.BeforeAfterTestCommandBase`1/<ExecuteEnumerable>d__16<UnityEngine.TestTools.IOuterUnityTestAction>:MoveNext () (at ./Library/PackageCache/com.unity.test-framework@bd7f943e9647/UnityEngine.TestRunner/NUnitExtensions/Commands/BeforeAfterTestCommandBase.cs:212)
UnityEngine.TestTools.RetryCommand/<ExecuteEnumerable>d__2:MoveNext () (at ./Library/PackageCache/com.unity.test-framework@bd7f943e9647/UnityEngine.TestRunner/NUnitExtensions/Commands/RetryCommand.cs:37)
UnityEngine.TestTools.RepeatCommand/<ExecuteEnumerable>d__2:MoveNext () (at ./Library/PackageCache/com.unity.test-framework@bd7f943e9647/UnityEngine.TestRunner/NUnitExtensions/Commands/RepeatCommand.cs:36)
UnityEngine.TestTools.IgnoreTestCommand/<ExecuteEnumerable>d__3:MoveNext () (at ./Library/PackageCache/com.unity.test-framework@bd7f943e9647/UnityEngine.TestRunner/NUnitExtensions/Commands/IgnoreTestCommand.cs:42)
UnityEngine.TestTools.StrictCheckCommand/<ExecuteEnumerable>d__2:MoveNext () (at ./Library/PackageCache/com.unity.test-framework@bd7f943e9647/UnityEngine.TestRunner/NUnitExtensions/Commands/StrictCheckCommand.cs:29)
UnityEngine.TestRunner.NUnitExtensions.Runner.DefaultTestWorkItem/<PerformWork>d__2:MoveNext () (at ./Library/PackageCache/com.unity.test-framework@bd7f943e9647/UnityEngine.TestRunner/NUnitExtensions/Runner/DefaultTestWorkItem.cs:50)
UnityEngine.TestRunner.NUnitExtensions.Runner.CompositeWorkItem/<RunChildren>d__17:MoveNext () (at ./Library/PackageCache/com.unity.test-framework@bd7f943e9647/UnityEngine.TestRunner/NUnitExtensions/Runner/CompositeWorkItem.cs:207)
UnityEngine.TestRunner.NUnitExtensions.Runner.CompositeWorkItem/<PerformWork>d__13:MoveNext () (at ./Library/PackageCache/com.unity.test-framework@bd7f943e9647/UnityEngine.TestRunner/NUnitExtensions/Runner/CompositeWorkItem.cs:82)
UnityEngine.TestRunner.NUnitExtensions.Runner.CompositeWorkItem/<RunChildren>d__17:MoveNext () (at ./Library/PackageCache/com.unity.test-framework@bd7f943e9647/UnityEngine.TestRunner/NUnitExtensions/Runner/CompositeWorkItem.cs:207)
UnityEngine.TestRunner.NUnitExtensions.Runner.CompositeWorkItem/<PerformWork>d__13:MoveNext () (at ./Library/PackageCache/com.unity.test-framework@bd7f943e9647/UnityEngine.TestRunner/NUnitExtensions/Runner/CompositeWorkItem.cs:82)
UnityEngine.TestRunner.NUnitExtensions.Runner.CompositeWorkItem/<RunChildren>d__17:MoveNext () (at ./Library/PackageCache/com.unity.test-framework@bd7f943e9647/UnityEngine.TestRunner/NUnitExtensions/Runner/CompositeWorkItem.cs:207)
UnityEngine.TestRunner.NUnitExtensions.Runner.CompositeWorkItem/<PerformWork>d__13:MoveNext () (at ./Library/PackageCache/com.unity.test-framework@bd7f943e9647/UnityEngine.TestRunner/NUnitExtensions/Runner/CompositeWorkItem.cs:82)
UnityEngine.TestRunner.NUnitExtensions.Runner.CompositeWorkItem/<RunChildren>d__17:MoveNext () (at ./Library/PackageCache/com.unity.test-framework@bd7f943e9647/UnityEngine.TestRunner/NUnitExtensions/Runner/CompositeWorkItem.cs:207)
UnityEngine.TestRunner.NUnitExtensions.Runner.CompositeWorkItem/<PerformWork>d__13:MoveNext () (at ./Library/PackageCache/com.unity.test-framework@bd7f943e9647/UnityEngine.TestRunner/NUnitExtensions/Runner/CompositeWorkItem.cs:82)
UnityEngine.TestRunner.NUnitExtensions.Runner.CompositeWorkItem/<RunChildren>d__17:MoveNext () (at ./Library/PackageCache/com.unity.test-framework@bd7f943e9647/UnityEngine.TestRunner/NUnitExtensions/Runner/CompositeWorkItem.cs:207)
UnityEngine.TestRunner.NUnitExtensions.Runner.CompositeWorkItem/<PerformWork>d__13:MoveNext () (at ./Library/PackageCache/com.unity.test-framework@bd7f943e9647/UnityEngine.TestRunner/NUnitExtensions/Runner/CompositeWorkItem.cs:82)
UnityEngine.TestRunner.NUnitExtensions.Runner.CompositeWorkItem/<RunChildren>d__17:MoveNext () (at ./Library/PackageCache/com.unity.test-framework@bd7f943e9647/UnityEngine.TestRunner/NUnitExtensions/Runner/CompositeWorkItem.cs:207)
UnityEngine.TestRunner.NUnitExtensions.Runner.CompositeWorkItem/<PerformWork>d__13:MoveNext () (at ./Library/PackageCache/com.unity.test-framework@bd7f943e9647/UnityEngine.TestRunner/NUnitExtensions/Runner/CompositeWorkItem.cs:82)
UnityEngine.TestRunner.NUnitExtensions.Runner.CompositeWorkItem/<RunChildren>d__17:MoveNext () (at ./Library/PackageCache/com.unity.test-framework@bd7f943e9647/UnityEngine.TestRunner/NUnitExtensions/Runner/CompositeWorkItem.cs:207)
UnityEngine.TestRunner.NUnitExtensions.Runner.CompositeWorkItem/<PerformWork>d__13:MoveNext () (at ./Library/PackageCache/com.unity.test-framework@bd7f943e9647/UnityEngine.TestRunner/NUnitExtensions/Runner/CompositeWorkItem.cs:82)
UnityEngine.TestRunner.NUnitExtensions.Runner.CompositeWorkItem/<RunChildren>d__17:MoveNext () (at ./Library/PackageCache/com.unity.test-framework@bd7f943e9647/UnityEngine.TestRunner/NUnitExtensions/Runner/CompositeWorkItem.cs:207)
UnityEngine.TestRunner.NUnitExtensions.Runner.CompositeWorkItem/<PerformWork>d__13:MoveNext () (at ./Library/PackageCache/com.unity.test-framework@bd7f943e9647/UnityEngine.TestRunner/NUnitExtensions/Runner/CompositeWorkItem.cs:82)
UnityEditor.TestTools.TestRunner.EditModeRunner:MoveNextAndUpdateYieldObject () (at ./Library/PackageCache/com.unity.test-framework@bd7f943e9647/UnityEditor.TestRunner/TestRunner/EditModeRunner.cs:167)
UnityEditor.TestTools.TestRunner.EditModeRunner:TestConsumer (UnityEditor.TestTools.TestRunner.TestRunnerStateSerializer) (at ./Library/PackageCache/com.unity.test-framework@bd7f943e9647/UnityEditor.TestRunner/TestRunner/EditModeRunner.cs:200)
UnityEditor.TestTools.TestRunner.TestRun.Tasks.EditModeRunTask/<Execute>d__1:MoveNext () (at ./Library/PackageCache/com.unity.test-framework@bd7f943e9647/UnityEditor.TestRunner/TestRun/Tasks/EditModeRunTask.cs:48)
UnityEditor.TestTools.TestRunner.TestRun.TestJobRunner:ExecuteStep () (at ./Library/PackageCache/com.unity.test-framework@bd7f943e9647/UnityEditor.TestRunner/TestRun/TestJobRunner.cs:173)
UnityEditor.TestTools.TestRunner.TestRun.TestJobRunner:ExecuteCallback () (at ./Library/PackageCache/com.unity.test-framework@bd7f943e9647/UnityEditor.TestRunner/TestRun/TestJobRunner.cs:108)
UnityEditor.EditorApplication:Internal_CallUpdateFunctions () (at /Users/bokken/build/output/unity/unity/Editor/Mono/EditorApplication.cs:392)

(Filename: ./Packages/com.xrlab.chooguard.foundation/Multiplayer/Tests/Editor/WorldMotionAdapterTests.cs Line: 109)

World motion traversal 0.41 metro_concourse -> underground_shopping_passage steps=293 seconds=0.5177495
UnityEngine.Debug:ExtractStackTraceNoAlloc (byte*,int,string)
UnityEngine.StackTraceUtility:ExtractStackTrace () (at /Users/bokken/build/output/unity/unity/Runtime/Export/Scripting/StackTrace.cs:35)
UnityEngine.DebugLogHandler:Internal_Log (UnityEngine.LogType,UnityEngine.LogOption,string,UnityEngine.Object)
UnityEngine.DebugLogHandler:LogFormat (UnityEngine.LogType,UnityEngine.Object,string,object[])
UnityEngine.Logger:Log (UnityEngine.LogType,object)
UnityEngine.Debug:Log (object)
ChooGuard.Foundation.Multiplayer.Tests.WorldMotionAdapterTests:BothProfilesTraverseAllThirteenRegionsAndAllTwentyFourPortalDirections (string,bool,double) (at ./Packages/com.xrlab.chooguard.foundation/Multiplayer/Tests/Editor/WorldMotionAdapterTests.cs:109)
System.Reflection.RuntimeMethodInfo:Invoke (object,System.Reflection.BindingFlags,System.Reflection.Binder,object[],System.Globalization.CultureInfo)
System.Reflection.MethodBase:Invoke (object,object[])
NUnit.Framework.Internal.Reflect:InvokeMethod (System.Reflection.MethodInfo,object,object[])
NUnit.Framework.Internal.MethodWrapper:Invoke (object,object[])
NUnit.Framework.Internal.Commands.TestMethodCommand:RunNonAsyncTestMethod (NUnit.Framework.Internal.ITestExecutionContext)
NUnit.Framework.Internal.Commands.TestMethodCommand:RunTestMethod (NUnit.Framework.Internal.ITestExecutionContext)
NUnit.Framework.Internal.Commands.TestMethodCommand:Execute (NUnit.Framework.Internal.ITestExecutionContext)
UnityEngine.TestTools.UnityTestMethodCommand:Execute (NUnit.Framework.Internal.ITestExecutionContext) (at ./Library/PackageCache/com.unity.test-framework@bd7f943e9647/UnityEngine.TestRunner/NUnitExtensions/Commands/UnityTestMethodCommand.cs:19)
UnityEngine.TestRunner.NUnitExtensions.Runner.UnityLogCheckDelegatingCommand/<>c__DisplayClass2_0:<Execute>b__0 () (at ./Library/PackageCache/com.unity.test-framework@bd7f943e9647/UnityEngine.TestRunner/NUnitExtensions/Runner/UnityLogCheckDelegatingCommand.cs:24)
UnityEngine.TestRunner.NUnitExtensions.Runner.UnityLogCheckDelegatingCommand:CaptureException (NUnit.Framework.Internal.TestResult,System.Action) (at ./Library/PackageCache/com.unity.test-framework@bd7f943e9647/UnityEngine.TestRunner/NUnitExtensions/Runner/UnityLogCheckDelegatingCommand.cs:72)
UnityEngine.TestRunner.NUnitExtensions.Runner.UnityLogCheckDelegatingCommand:ExecuteAndCheckLog (UnityEngine.TestTools.Logging.LogScope,NUnit.Framework.Internal.TestResult,System.Action) (at ./Library/PackageCache/com.unity.test-framework@bd7f943e9647/UnityEngine.TestRunner/NUnitExtensions/Runner/UnityLogCheckDelegatingCommand.cs:83)
UnityEngine.TestRunner.NUnitExtensions.Runner.UnityLogCheckDelegatingCommand:Execute (NUnit.Framework.Internal.ITestExecutionContext) (at ./Library/PackageCache/com.unity.test-framework@bd7f943e9647/UnityEngine.TestRunner/NUnitExtensions/Runner/UnityLogCheckDelegatingCommand.cs:24)
UnityEngine.TestRunner.NUnitExtensions.Runner.UnityLogCheckDelegatingCommand/<ExecuteEnumerable>d__3:MoveNext () (at ./Library/PackageCache/com.unity.test-framework@bd7f943e9647/UnityEngine.TestRunner/NUnitExtensions/Runner/UnityLogCheckDelegatingCommand.cs:35)
UnityEngine.TestTools.BeforeAfterTestCommandBase`1/<ExecuteEnumerable>d__16<NUnit.Framework.ITestAction>:MoveNext () (at ./Library/PackageCache/com.unity.test-framework@bd7f943e9647/UnityEngine.TestRunner/NUnitExtensions/Commands/BeforeAfterTestCommandBase.cs:212)
UnityEngine.TestTools.ImmediateEnumerableCommand:Execute (NUnit.Framework.Internal.ITestExecutionContext) (at ./Library/PackageCache/com.unity.test-framework@bd7f943e9647/UnityEngine.TestRunner/NUnitExtensions/Commands/ImmediateEnumerableCommand.cs:18)
UnityEngine.TestTools.BeforeAfterTestCommandBase`1/<ExecuteEnumerable>d__16<System.Reflection.MethodInfo>:MoveNext () (at ./Library/PackageCache/com.unity.test-framework@bd7f943e9647/UnityEngine.TestRunner/NUnitExtensions/Commands/BeforeAfterTestCommandBase.cs:219)
UnityEngine.TestTools.BeforeAfterTestCommandBase`1/<ExecuteEnumerable>d__16<System.Reflection.MethodInfo>:MoveNext () (at ./Library/PackageCache/com.unity.test-framework@bd7f943e9647/UnityEngine.TestRunner/NUnitExtensions/Commands/BeforeAfterTestCommandBase.cs:212)
UnityEngine.TestTools.BeforeAfterTestCommandBase`1/<ExecuteEnumerable>d__16<UnityEngine.TestTools.IOuterUnityTestAction>:MoveNext () (at ./Library/PackageCache/com.unity.test-framework@bd7f943e9647/UnityEngine.TestRunner/NUnitExtensions/Commands/BeforeAfterTestCommandBase.cs:212)
UnityEngine.TestTools.RetryCommand/<ExecuteEnumerable>d__2:MoveNext () (at ./Library/PackageCache/com.unity.test-framework@bd7f943e9647/UnityEngine.TestRunner/NUnitExtensions/Commands/RetryCommand.cs:37)
UnityEngine.TestTools.RepeatCommand/<ExecuteEnumerable>d__2:MoveNext () (at ./Library/PackageCache/com.unity.test-framework@bd7f943e9647/UnityEngine.TestRunner/NUnitExtensions/Commands/RepeatCommand.cs:36)
UnityEngine.TestTools.IgnoreTestCommand/<ExecuteEnumerable>d__3:MoveNext () (at ./Library/PackageCache/com.unity.test-framework@bd7f943e9647/UnityEngine.TestRunner/NUnitExtensions/Commands/IgnoreTestCommand.cs:42)
UnityEngine.TestTools.StrictCheckCommand/<ExecuteEnumerable>d__2:MoveNext () (at ./Library/PackageCache/com.unity.test-framework@bd7f943e9647/UnityEngine.TestRunner/NUnitExtensions/Commands/StrictCheckCommand.cs:29)
UnityEngine.TestRunner.NUnitExtensions.Runner.DefaultTestWorkItem/<PerformWork>d__2:MoveNext () (at ./Library/PackageCache/com.unity.test-framework@bd7f943e9647/UnityEngine.TestRunner/NUnitExtensions/Runner/DefaultTestWorkItem.cs:50)
UnityEngine.TestRunner.NUnitExtensions.Runner.CompositeWorkItem/<RunChildren>d__17:MoveNext () (at ./Library/PackageCache/com.unity.test-framework@bd7f943e9647/UnityEngine.TestRunner/NUnitExtensions/Runner/CompositeWorkItem.cs:207)
UnityEngine.TestRunner.NUnitExtensions.Runner.CompositeWorkItem/<PerformWork>d__13:MoveNext () (at ./Library/PackageCache/com.unity.test-framework@bd7f943e9647/UnityEngine.TestRunner/NUnitExtensions/Runner/CompositeWorkItem.cs:82)
UnityEngine.TestRunner.NUnitExtensions.Runner.CompositeWorkItem/<RunChildren>d__17:MoveNext () (at ./Library/PackageCache/com.unity.test-framework@bd7f943e9647/UnityEngine.TestRunner/NUnitExtensions/Runner/CompositeWorkItem.cs:207)
UnityEngine.TestRunner.NUnitExtensions.Runner.CompositeWorkItem/<PerformWork>d__13:MoveNext () (at ./Library/PackageCache/com.unity.test-framework@bd7f943e9647/UnityEngine.TestRunner/NUnitExtensions/Runner/CompositeWorkItem.cs:82)
UnityEngine.TestRunner.NUnitExtensions.Runner.CompositeWorkItem/<RunChildren>d__17:MoveNext () (at ./Library/PackageCache/com.unity.test-framework@bd7f943e9647/UnityEngine.TestRunner/NUnitExtensions/Runner/CompositeWorkItem.cs:207)
UnityEngine.TestRunner.NUnitExtensions.Runner.CompositeWorkItem/<PerformWork>d__13:MoveNext () (at ./Library/PackageCache/com.unity.test-framework@bd7f943e9647/UnityEngine.TestRunner/NUnitExtensions/Runner/CompositeWorkItem.cs:82)
UnityEngine.TestRunner.NUnitExtensions.Runner.CompositeWorkItem/<RunChildren>d__17:MoveNext () (at ./Library/PackageCache/com.unity.test-framework@bd7f943e9647/UnityEngine.TestRunner/NUnitExtensions/Runner/CompositeWorkItem.cs:207)
UnityEngine.TestRunner.NUnitExtensions.Runner.CompositeWorkItem/<PerformWork>d__13:MoveNext () (at ./Library/PackageCache/com.unity.test-framework@bd7f943e9647/UnityEngine.TestRunner/NUnitExtensions/Runner/CompositeWorkItem.cs:82)
UnityEngine.TestRunner.NUnitExtensions.Runner.CompositeWorkItem/<RunChildren>d__17:MoveNext () (at ./Library/PackageCache/com.unity.test-framework@bd7f943e9647/UnityEngine.TestRunner/NUnitExtensions/Runner/CompositeWorkItem.cs:207)
UnityEngine.TestRunner.NUnitExtensions.Runner.CompositeWorkItem/<PerformWork>d__13:MoveNext () (at ./Library/PackageCache/com.unity.test-framework@bd7f943e9647/UnityEngine.TestRunner/NUnitExtensions/Runner/CompositeWorkItem.cs:82)
UnityEngine.TestRunner.NUnitExtensions.Runner.CompositeWorkItem/<RunChildren>d__17:MoveNext () (at ./Library/PackageCache/com.unity.test-framework@bd7f943e9647/UnityEngine.TestRunner/NUnitExtensions/Runner/CompositeWorkItem.cs:207)
UnityEngine.TestRunner.NUnitExtensions.Runner.CompositeWorkItem/<PerformWork>d__13:MoveNext () (at ./Library/PackageCache/com.unity.test-framework@bd7f943e9647/UnityEngine.TestRunner/NUnitExtensions/Runner/CompositeWorkItem.cs:82)
UnityEngine.TestRunner.NUnitExtensions.Runner.CompositeWorkItem/<RunChildren>d__17:MoveNext () (at ./Library/PackageCache/com.unity.test-framework@bd7f943e9647/UnityEngine.TestRunner/NUnitExtensions/Runner/CompositeWorkItem.cs:207)
UnityEngine.TestRunner.NUnitExtensions.Runner.CompositeWorkItem/<PerformWork>d__13:MoveNext () (at ./Library/PackageCache/com.unity.test-framework@bd7f943e9647/UnityEngine.TestRunner/NUnitExtensions/Runner/CompositeWorkItem.cs:82)
UnityEngine.TestRunner.NUnitExtensions.Runner.CompositeWorkItem/<RunChildren>d__17:MoveNext () (at ./Library/PackageCache/com.unity.test-framework@bd7f943e9647/UnityEngine.TestRunner/NUnitExtensions/Runner/CompositeWorkItem.cs:207)
UnityEngine.TestRunner.NUnitExtensions.Runner.CompositeWorkItem/<PerformWork>d__13:MoveNext () (at ./Library/PackageCache/com.unity.test-framework@bd7f943e9647/UnityEngine.TestRunner/NUnitExtensions/Runner/CompositeWorkItem.cs:82)
UnityEditor.TestTools.TestRunner.EditModeRunner:MoveNextAndUpdateYieldObject () (at ./Library/PackageCache/com.unity.test-framework@bd7f943e9647/UnityEditor.TestRunner/TestRunner/EditModeRunner.cs:167)
UnityEditor.TestTools.TestRunner.EditModeRunner:TestConsumer (UnityEditor.TestTools.TestRunner.TestRunnerStateSerializer) (at ./Library/PackageCache/com.unity.test-framework@bd7f943e9647/UnityEditor.TestRunner/TestRunner/EditModeRunner.cs:200)
UnityEditor.TestTools.TestRunner.TestRun.Tasks.EditModeRunTask/<Execute>d__1:MoveNext () (at ./Library/PackageCache/com.unity.test-framework@bd7f943e9647/UnityEditor.TestRunner/TestRun/Tasks/EditModeRunTask.cs:48)
UnityEditor.TestTools.TestRunner.TestRun.TestJobRunner:ExecuteStep () (at ./Library/PackageCache/com.unity.test-framework@bd7f943e9647/UnityEditor.TestRunner/TestRun/TestJobRunner.cs:173)
UnityEditor.TestTools.TestRunner.TestRun.TestJobRunner:ExecuteCallback () (at ./Library/PackageCache/com.unity.test-framework@bd7f943e9647/UnityEditor.TestRunner/TestRun/TestJobRunner.cs:108)
UnityEditor.EditorApplication:Internal_CallUpdateFunctions () (at /Users/bokken/build/output/unity/unity/Editor/Mono/EditorApplication.cs:392)

(Filename: ./Packages/com.xrlab.chooguard.foundation/Multiplayer/Tests/Editor/WorldMotionAdapterTests.cs Line: 109)

World motion traversal 0.41 metro_concourse -> metro_platforms steps=312 seconds=0.6535508
UnityEngine.Debug:ExtractStackTraceNoAlloc (byte*,int,string)
UnityEngine.StackTraceUtility:ExtractStackTrace () (at /Users/bokken/build/output/unity/unity/Runtime/Export/Scripting/StackTrace.cs:35)
UnityEngine.DebugLogHandler:Internal_Log (UnityEngine.LogType,UnityEngine.LogOption,string,UnityEngine.Object)
UnityEngine.DebugLogHandler:LogFormat (UnityEngine.LogType,UnityEngine.Object,string,object[])
UnityEngine.Logger:Log (UnityEngine.LogType,object)
UnityEngine.Debug:Log (object)
ChooGuard.Foundation.Multiplayer.Tests.WorldMotionAdapterTests:BothProfilesTraverseAllThirteenRegionsAndAllTwentyFourPortalDirections (string,bool,double) (at ./Packages/com.xrlab.chooguard.foundation/Multiplayer/Tests/Editor/WorldMotionAdapterTests.cs:109)
System.Reflection.RuntimeMethodInfo:Invoke (object,System.Reflection.BindingFlags,System.Reflection.Binder,object[],System.Globalization.CultureInfo)
System.Reflection.MethodBase:Invoke (object,object[])
NUnit.Framework.Internal.Reflect:InvokeMethod (System.Reflection.MethodInfo,object,object[])
NUnit.Framework.Internal.MethodWrapper:Invoke (object,object[])
NUnit.Framework.Internal.Commands.TestMethodCommand:RunNonAsyncTestMethod (NUnit.Framework.Internal.ITestExecutionContext)
NUnit.Framework.Internal.Commands.TestMethodCommand:RunTestMethod (NUnit.Framework.Internal.ITestExecutionContext)
NUnit.Framework.Internal.Commands.TestMethodCommand:Execute (NUnit.Framework.Internal.ITestExecutionContext)
UnityEngine.TestTools.UnityTestMethodCommand:Execute (NUnit.Framework.Internal.ITestExecutionContext) (at ./Library/PackageCache/com.unity.test-framework@bd7f943e9647/UnityEngine.TestRunner/NUnitExtensions/Commands/UnityTestMethodCommand.cs:19)
UnityEngine.TestRunner.NUnitExtensions.Runner.UnityLogCheckDelegatingCommand/<>c__DisplayClass2_0:<Execute>b__0 () (at ./Library/PackageCache/com.unity.test-framework@bd7f943e9647/UnityEngine.TestRunner/NUnitExtensions/Runner/UnityLogCheckDelegatingCommand.cs:24)
UnityEngine.TestRunner.NUnitExtensions.Runner.UnityLogCheckDelegatingCommand:CaptureException (NUnit.Framework.Internal.TestResult,System.Action) (at ./Library/PackageCache/com.unity.test-framework@bd7f943e9647/UnityEngine.TestRunner/NUnitExtensions/Runner/UnityLogCheckDelegatingCommand.cs:72)
UnityEngine.TestRunner.NUnitExtensions.Runner.UnityLogCheckDelegatingCommand:ExecuteAndCheckLog (UnityEngine.TestTools.Logging.LogScope,NUnit.Framework.Internal.TestResult,System.Action) (at ./Library/PackageCache/com.unity.test-framework@bd7f943e9647/UnityEngine.TestRunner/NUnitExtensions/Runner/UnityLogCheckDelegatingCommand.cs:83)
UnityEngine.TestRunner.NUnitExtensions.Runner.UnityLogCheckDelegatingCommand:Execute (NUnit.Framework.Internal.ITestExecutionContext) (at ./Library/PackageCache/com.unity.test-framework@bd7f943e9647/UnityEngine.TestRunner/NUnitExtensions/Runner/UnityLogCheckDelegatingCommand.cs:24)
UnityEngine.TestRunner.NUnitExtensions.Runner.UnityLogCheckDelegatingCommand/<ExecuteEnumerable>d__3:MoveNext () (at ./Library/PackageCache/com.unity.test-framework@bd7f943e9647/UnityEngine.TestRunner/NUnitExtensions/Runner/UnityLogCheckDelegatingCommand.cs:35)
UnityEngine.TestTools.BeforeAfterTestCommandBase`1/<ExecuteEnumerable>d__16<NUnit.Framework.ITestAction>:MoveNext () (at ./Library/PackageCache/com.unity.test-framework@bd7f943e9647/UnityEngine.TestRunner/NUnitExtensions/Commands/BeforeAfterTestCommandBase.cs:212)
UnityEngine.TestTools.ImmediateEnumerableCommand:Execute (NUnit.Framework.Internal.ITestExecutionContext) (at ./Library/PackageCache/com.unity.test-framework@bd7f943e9647/UnityEngine.TestRunner/NUnitExtensions/Commands/ImmediateEnumerableCommand.cs:18)
UnityEngine.TestTools.BeforeAfterTestCommandBase`1/<ExecuteEnumerable>d__16<System.Reflection.MethodInfo>:MoveNext () (at ./Library/PackageCache/com.unity.test-framework@bd7f943e9647/UnityEngine.TestRunner/NUnitExtensions/Commands/BeforeAfterTestCommandBase.cs:219)
UnityEngine.TestTools.BeforeAfterTestCommandBase`1/<ExecuteEnumerable>d__16<System.Reflection.MethodInfo>:MoveNext () (at ./Library/PackageCache/com.unity.test-framework@bd7f943e9647/UnityEngine.TestRunner/NUnitExtensions/Commands/BeforeAfterTestCommandBase.cs:212)
UnityEngine.TestTools.BeforeAfterTestCommandBase`1/<ExecuteEnumerable>d__16<UnityEngine.TestTools.IOuterUnityTestAction>:MoveNext () (at ./Library/PackageCache/com.unity.test-framework@bd7f943e9647/UnityEngine.TestRunner/NUnitExtensions/Commands/BeforeAfterTestCommandBase.cs:212)
UnityEngine.TestTools.RetryCommand/<ExecuteEnumerable>d__2:MoveNext () (at ./Library/PackageCache/com.unity.test-framework@bd7f943e9647/UnityEngine.TestRunner/NUnitExtensions/Commands/RetryCommand.cs:37)
UnityEngine.TestTools.RepeatCommand/<ExecuteEnumerable>d__2:MoveNext () (at ./Library/PackageCache/com.unity.test-framework@bd7f943e9647/UnityEngine.TestRunner/NUnitExtensions/Commands/RepeatCommand.cs:36)
UnityEngine.TestTools.IgnoreTestCommand/<ExecuteEnumerable>d__3:MoveNext () (at ./Library/PackageCache/com.unity.test-framework@bd7f943e9647/UnityEngine.TestRunner/NUnitExtensions/Commands/IgnoreTestCommand.cs:42)
UnityEngine.TestTools.StrictCheckCommand/<ExecuteEnumerable>d__2:MoveNext () (at ./Library/PackageCache/com.unity.test-framework@bd7f943e9647/UnityEngine.TestRunner/NUnitExtensions/Commands/StrictCheckCommand.cs:29)
UnityEngine.TestRunner.NUnitExtensions.Runner.DefaultTestWorkItem/<PerformWork>d__2:MoveNext () (at ./Library/PackageCache/com.unity.test-framework@bd7f943e9647/UnityEngine.TestRunner/NUnitExtensions/Runner/DefaultTestWorkItem.cs:50)
UnityEngine.TestRunner.NUnitExtensions.Runner.CompositeWorkItem/<RunChildren>d__17:MoveNext () (at ./Library/PackageCache/com.unity.test-framework@bd7f943e9647/UnityEngine.TestRunner/NUnitExtensions/Runner/CompositeWorkItem.cs:207)
UnityEngine.TestRunner.NUnitExtensions.Runner.CompositeWorkItem/<PerformWork>d__13:MoveNext () (at ./Library/PackageCache/com.unity.test-framework@bd7f943e9647/UnityEngine.TestRunner/NUnitExtensions/Runner/CompositeWorkItem.cs:82)
UnityEngine.TestRunner.NUnitExtensions.Runner.CompositeWorkItem/<RunChildren>d__17:MoveNext () (at ./Library/PackageCache/com.unity.test-framework@bd7f943e9647/UnityEngine.TestRunner/NUnitExtensions/Runner/CompositeWorkItem.cs:207)
UnityEngine.TestRunner.NUnitExtensions.Runner.CompositeWorkItem/<PerformWork>d__13:MoveNext () (at ./Library/PackageCache/com.unity.test-framework@bd7f943e9647/UnityEngine.TestRunner/NUnitExtensions/Runner/CompositeWorkItem.cs:82)
UnityEngine.TestRunner.NUnitExtensions.Runner.CompositeWorkItem/<RunChildren>d__17:MoveNext () (at ./Library/PackageCache/com.unity.test-framework@bd7f943e9647/UnityEngine.TestRunner/NUnitExtensions/Runner/CompositeWorkItem.cs:207)
UnityEngine.TestRunner.NUnitExtensions.Runner.CompositeWorkItem/<PerformWork>d__13:MoveNext () (at ./Library/PackageCache/com.unity.test-framework@bd7f943e9647/UnityEngine.TestRunner/NUnitExtensions/Runner/CompositeWorkItem.cs:82)
UnityEngine.TestRunner.NUnitExtensions.Runner.CompositeWorkItem/<RunChildren>d__17:MoveNext () (at ./Library/PackageCache/com.unity.test-framework@bd7f943e9647/UnityEngine.TestRunner/NUnitExtensions/Runner/CompositeWorkItem.cs:207)
UnityEngine.TestRunner.NUnitExtensions.Runner.CompositeWorkItem/<PerformWork>d__13:MoveNext () (at ./Library/PackageCache/com.unity.test-framework@bd7f943e9647/UnityEngine.TestRunner/NUnitExtensions/Runner/CompositeWorkItem.cs:82)
UnityEngine.TestRunner.NUnitExtensions.Runner.CompositeWorkItem/<RunChildren>d__17:MoveNext () (at ./Library/PackageCache/com.unity.test-framework@bd7f943e9647/UnityEngine.TestRunner/NUnitExtensions/Runner/CompositeWorkItem.cs:207)
UnityEngine.TestRunner.NUnitExtensions.Runner.CompositeWorkItem/<PerformWork>d__13:MoveNext () (at ./Library/PackageCache/com.unity.test-framework@bd7f943e9647/UnityEngine.TestRunner/NUnitExtensions/Runner/CompositeWorkItem.cs:82)
UnityEngine.TestRunner.NUnitExtensions.Runner.CompositeWorkItem/<RunChildren>d__17:MoveNext () (at ./Library/PackageCache/com.unity.test-framework@bd7f943e9647/UnityEngine.TestRunner/NUnitExtensions/Runner/CompositeWorkItem.cs:207)
UnityEngine.TestRunner.NUnitExtensions.Runner.CompositeWorkItem/<PerformWork>d__13:MoveNext () (at ./Library/PackageCache/com.unity.test-framework@bd7f943e9647/UnityEngine.TestRunner/NUnitExtensions/Runner/CompositeWorkItem.cs:82)
UnityEngine.TestRunner.NUnitExtensions.Runner.CompositeWorkItem/<RunChildren>d__17:MoveNext () (at ./Library/PackageCache/com.unity.test-framework@bd7f943e9647/UnityEngine.TestRunner/NUnitExtensions/Runner/CompositeWorkItem.cs:207)
UnityEngine.TestRunner.NUnitExtensions.Runner.CompositeWorkItem/<PerformWork>d__13:MoveNext () (at ./Library/PackageCache/com.unity.test-framework@bd7f943e9647/UnityEngine.TestRunner/NUnitExtensions/Runner/CompositeWorkItem.cs:82)
UnityEngine.TestRunner.NUnitExtensions.Runner.CompositeWorkItem/<RunChildren>d__17:MoveNext () (at ./Library/PackageCache/com.unity.test-framework@bd7f943e9647/UnityEngine.TestRunner/NUnitExtensions/Runner/CompositeWorkItem.cs:207)
UnityEngine.TestRunner.NUnitExtensions.Runner.CompositeWorkItem/<PerformWork>d__13:MoveNext () (at ./Library/PackageCache/com.unity.test-framework@bd7f943e9647/UnityEngine.TestRunner/NUnitExtensions/Runner/CompositeWorkItem.cs:82)
UnityEditor.TestTools.TestRunner.EditModeRunner:MoveNextAndUpdateYieldObject () (at ./Library/PackageCache/com.unity.test-framework@bd7f943e9647/UnityEditor.TestRunner/TestRunner/EditModeRunner.cs:167)
UnityEditor.TestTools.TestRunner.EditModeRunner:TestConsumer (UnityEditor.TestTools.TestRunner.TestRunnerStateSerializer) (at ./Library/PackageCache/com.unity.test-framework@bd7f943e9647/UnityEditor.TestRunner/TestRunner/EditModeRunner.cs:200)
UnityEditor.TestTools.TestRunner.TestRun.Tasks.EditModeRunTask/<Execute>d__1:MoveNext () (at ./Library/PackageCache/com.unity.test-framework@bd7f943e9647/UnityEditor.TestRunner/TestRun/Tasks/EditModeRunTask.cs:48)
UnityEditor.TestTools.TestRunner.TestRun.TestJobRunner:ExecuteStep () (at ./Library/PackageCache/com.unity.test-framework@bd7f943e9647/UnityEditor.TestRunner/TestRun/TestJobRunner.cs:173)
UnityEditor.TestTools.TestRunner.TestRun.TestJobRunner:ExecuteCallback () (at ./Library/PackageCache/com.unity.test-framework@bd7f943e9647/UnityEditor.TestRunner/TestRun/TestJobRunner.cs:108)
UnityEditor.EditorApplication:Internal_CallUpdateFunctions () (at /Users/bokken/build/output/unity/unity/Editor/Mono/EditorApplication.cs:392)

(Filename: ./Packages/com.xrlab.chooguard.foundation/Multiplayer/Tests/Editor/WorldMotionAdapterTests.cs Line: 109)

World motion traversal 0.41 metro_platforms -> metro_concourse steps=312 seconds=0.6227767
UnityEngine.Debug:ExtractStackTraceNoAlloc (byte*,int,string)
UnityEngine.StackTraceUtility:ExtractStackTrace () (at /Users/bokken/build/output/unity/unity/Runtime/Export/Scripting/StackTrace.cs:35)
UnityEngine.DebugLogHandler:Internal_Log (UnityEngine.LogType,UnityEngine.LogOption,string,UnityEngine.Object)
UnityEngine.DebugLogHandler:LogFormat (UnityEngine.LogType,UnityEngine.Object,string,object[])
UnityEngine.Logger:Log (UnityEngine.LogType,object)
UnityEngine.Debug:Log (object)
ChooGuard.Foundation.Multiplayer.Tests.WorldMotionAdapterTests:BothProfilesTraverseAllThirteenRegionsAndAllTwentyFourPortalDirections (string,bool,double) (at ./Packages/com.xrlab.chooguard.foundation/Multiplayer/Tests/Editor/WorldMotionAdapterTests.cs:109)
System.Reflection.RuntimeMethodInfo:Invoke (object,System.Reflection.BindingFlags,System.Reflection.Binder,object[],System.Globalization.CultureInfo)
System.Reflection.MethodBase:Invoke (object,object[])
NUnit.Framework.Internal.Reflect:InvokeMethod (System.Reflection.MethodInfo,object,object[])
NUnit.Framework.Internal.MethodWrapper:Invoke (object,object[])
NUnit.Framework.Internal.Commands.TestMethodCommand:RunNonAsyncTestMethod (NUnit.Framework.Internal.ITestExecutionContext)
NUnit.Framework.Internal.Commands.TestMethodCommand:RunTestMethod (NUnit.Framework.Internal.ITestExecutionContext)
NUnit.Framework.Internal.Commands.TestMethodCommand:Execute (NUnit.Framework.Internal.ITestExecutionContext)
UnityEngine.TestTools.UnityTestMethodCommand:Execute (NUnit.Framework.Internal.ITestExecutionContext) (at ./Library/PackageCache/com.unity.test-framework@bd7f943e9647/UnityEngine.TestRunner/NUnitExtensions/Commands/UnityTestMethodCommand.cs:19)
UnityEngine.TestRunner.NUnitExtensions.Runner.UnityLogCheckDelegatingCommand/<>c__DisplayClass2_0:<Execute>b__0 () (at ./Library/PackageCache/com.unity.test-framework@bd7f943e9647/UnityEngine.TestRunner/NUnitExtensions/Runner/UnityLogCheckDelegatingCommand.cs:24)
UnityEngine.TestRunner.NUnitExtensions.Runner.UnityLogCheckDelegatingCommand:CaptureException (NUnit.Framework.Internal.TestResult,System.Action) (at ./Library/PackageCache/com.unity.test-framework@bd7f943e9647/UnityEngine.TestRunner/NUnitExtensions/Runner/UnityLogCheckDelegatingCommand.cs:72)
UnityEngine.TestRunner.NUnitExtensions.Runner.UnityLogCheckDelegatingCommand:ExecuteAndCheckLog (UnityEngine.TestTools.Logging.LogScope,NUnit.Framework.Internal.TestResult,System.Action) (at ./Library/PackageCache/com.unity.test-framework@bd7f943e9647/UnityEngine.TestRunner/NUnitExtensions/Runner/UnityLogCheckDelegatingCommand.cs:83)
UnityEngine.TestRunner.NUnitExtensions.Runner.UnityLogCheckDelegatingCommand:Execute (NUnit.Framework.Internal.ITestExecutionContext) (at ./Library/PackageCache/com.unity.test-framework@bd7f943e9647/UnityEngine.TestRunner/NUnitExtensions/Runner/UnityLogCheckDelegatingCommand.cs:24)
UnityEngine.TestRunner.NUnitExtensions.Runner.UnityLogCheckDelegatingCommand/<ExecuteEnumerable>d__3:MoveNext () (at ./Library/PackageCache/com.unity.test-framework@bd7f943e9647/UnityEngine.TestRunner/NUnitExtensions/Runner/UnityLogCheckDelegatingCommand.cs:35)
UnityEngine.TestTools.BeforeAfterTestCommandBase`1/<ExecuteEnumerable>d__16<NUnit.Framework.ITestAction>:MoveNext () (at ./Library/PackageCache/com.unity.test-framework@bd7f943e9647/UnityEngine.TestRunner/NUnitExtensions/Commands/BeforeAfterTestCommandBase.cs:212)
UnityEngine.TestTools.ImmediateEnumerableCommand:Execute (NUnit.Framework.Internal.ITestExecutionContext) (at ./Library/PackageCache/com.unity.test-framework@bd7f943e9647/UnityEngine.TestRunner/NUnitExtensions/Commands/ImmediateEnumerableCommand.cs:18)
UnityEngine.TestTools.BeforeAfterTestCommandBase`1/<ExecuteEnumerable>d__16<System.Reflection.MethodInfo>:MoveNext () (at ./Library/PackageCache/com.unity.test-framework@bd7f943e9647/UnityEngine.TestRunner/NUnitExtensions/Commands/BeforeAfterTestCommandBase.cs:219)
UnityEngine.TestTools.BeforeAfterTestCommandBase`1/<ExecuteEnumerable>d__16<System.Reflection.MethodInfo>:MoveNext () (at ./Library/PackageCache/com.unity.test-framework@bd7f943e9647/UnityEngine.TestRunner/NUnitExtensions/Commands/BeforeAfterTestCommandBase.cs:212)
UnityEngine.TestTools.BeforeAfterTestCommandBase`1/<ExecuteEnumerable>d__16<UnityEngine.TestTools.IOuterUnityTestAction>:MoveNext () (at ./Library/PackageCache/com.unity.test-framework@bd7f943e9647/UnityEngine.TestRunner/NUnitExtensions/Commands/BeforeAfterTestCommandBase.cs:212)
UnityEngine.TestTools.RetryCommand/<ExecuteEnumerable>d__2:MoveNext () (at ./Library/PackageCache/com.unity.test-framework@bd7f943e9647/UnityEngine.TestRunner/NUnitExtensions/Commands/RetryCommand.cs:37)
UnityEngine.TestTools.RepeatCommand/<ExecuteEnumerable>d__2:MoveNext () (at ./Library/PackageCache/com.unity.test-framework@bd7f943e9647/UnityEngine.TestRunner/NUnitExtensions/Commands/RepeatCommand.cs:36)
UnityEngine.TestTools.IgnoreTestCommand/<ExecuteEnumerable>d__3:MoveNext () (at ./Library/PackageCache/com.unity.test-framework@bd7f943e9647/UnityEngine.TestRunner/NUnitExtensions/Commands/IgnoreTestCommand.cs:42)
UnityEngine.TestTools.StrictCheckCommand/<ExecuteEnumerable>d__2:MoveNext () (at ./Library/PackageCache/com.unity.test-framework@bd7f943e9647/UnityEngine.TestRunner/NUnitExtensions/Commands/StrictCheckCommand.cs:29)
UnityEngine.TestRunner.NUnitExtensions.Runner.DefaultTestWorkItem/<PerformWork>d__2:MoveNext () (at ./Library/PackageCache/com.unity.test-framework@bd7f943e9647/UnityEngine.TestRunner/NUnitExtensions/Runner/DefaultTestWorkItem.cs:50)
UnityEngine.TestRunner.NUnitExtensions.Runner.CompositeWorkItem/<RunChildren>d__17:MoveNext () (at ./Library/PackageCache/com.unity.test-framework@bd7f943e9647/UnityEngine.TestRunner/NUnitExtensions/Runner/CompositeWorkItem.cs:207)
UnityEngine.TestRunner.NUnitExtensions.Runner.CompositeWorkItem/<PerformWork>d__13:MoveNext () (at ./Library/PackageCache/com.unity.test-framework@bd7f943e9647/UnityEngine.TestRunner/NUnitExtensions/Runner/CompositeWorkItem.cs:82)
UnityEngine.TestRunner.NUnitExtensions.Runner.CompositeWorkItem/<RunChildren>d__17:MoveNext () (at ./Library/PackageCache/com.unity.test-framework@bd7f943e9647/UnityEngine.TestRunner/NUnitExtensions/Runner/CompositeWorkItem.cs:207)
UnityEngine.TestRunner.NUnitExtensions.Runner.CompositeWorkItem/<PerformWork>d__13:MoveNext () (at ./Library/PackageCache/com.unity.test-framework@bd7f943e9647/UnityEngine.TestRunner/NUnitExtensions/Runner/CompositeWorkItem.cs:82)
UnityEngine.TestRunner.NUnitExtensions.Runner.CompositeWorkItem/<RunChildren>d__17:MoveNext () (at ./Library/PackageCache/com.unity.test-framework@bd7f943e9647/UnityEngine.TestRunner/NUnitExtensions/Runner/CompositeWorkItem.cs:207)
UnityEngine.TestRunner.NUnitExtensions.Runner.CompositeWorkItem/<PerformWork>d__13:MoveNext () (at ./Library/PackageCache/com.unity.test-framework@bd7f943e9647/UnityEngine.TestRunner/NUnitExtensions/Runner/CompositeWorkItem.cs:82)
UnityEngine.TestRunner.NUnitExtensions.Runner.CompositeWorkItem/<RunChildren>d__17:MoveNext () (at ./Library/PackageCache/com.unity.test-framework@bd7f943e9647/UnityEngine.TestRunner/NUnitExtensions/Runner/CompositeWorkItem.cs:207)
UnityEngine.TestRunner.NUnitExtensions.Runner.CompositeWorkItem/<PerformWork>d__13:MoveNext () (at ./Library/PackageCache/com.unity.test-framework@bd7f943e9647/UnityEngine.TestRunner/NUnitExtensions/Runner/CompositeWorkItem.cs:82)
UnityEngine.TestRunner.NUnitExtensions.Runner.CompositeWorkItem/<RunChildren>d__17:MoveNext () (at ./Library/PackageCache/com.unity.test-framework@bd7f943e9647/UnityEngine.TestRunner/NUnitExtensions/Runner/CompositeWorkItem.cs:207)
UnityEngine.TestRunner.NUnitExtensions.Runner.CompositeWorkItem/<PerformWork>d__13:MoveNext () (at ./Library/PackageCache/com.unity.test-framework@bd7f943e9647/UnityEngine.TestRunner/NUnitExtensions/Runner/CompositeWorkItem.cs:82)
UnityEngine.TestRunner.NUnitExtensions.Runner.CompositeWorkItem/<RunChildren>d__17:MoveNext () (at ./Library/PackageCache/com.unity.test-framework@bd7f943e9647/UnityEngine.TestRunner/NUnitExtensions/Runner/CompositeWorkItem.cs:207)
UnityEngine.TestRunner.NUnitExtensions.Runner.CompositeWorkItem/<PerformWork>d__13:MoveNext () (at ./Library/PackageCache/com.unity.test-framework@bd7f943e9647/UnityEngine.TestRunner/NUnitExtensions/Runner/CompositeWorkItem.cs:82)
UnityEngine.TestRunner.NUnitExtensions.Runner.CompositeWorkItem/<RunChildren>d__17:MoveNext () (at ./Library/PackageCache/com.unity.test-framework@bd7f943e9647/UnityEngine.TestRunner/NUnitExtensions/Runner/CompositeWorkItem.cs:207)
UnityEngine.TestRunner.NUnitExtensions.Runner.CompositeWorkItem/<PerformWork>d__13:MoveNext () (at ./Library/PackageCache/com.unity.test-framework@bd7f943e9647/UnityEngine.TestRunner/NUnitExtensions/Runner/CompositeWorkItem.cs:82)
UnityEngine.TestRunner.NUnitExtensions.Runner.CompositeWorkItem/<RunChildren>d__17:MoveNext () (at ./Library/PackageCache/com.unity.test-framework@bd7f943e9647/UnityEngine.TestRunner/NUnitExtensions/Runner/CompositeWorkItem.cs:207)
UnityEngine.TestRunner.NUnitExtensions.Runner.CompositeWorkItem/<PerformWork>d__13:MoveNext () (at ./Library/PackageCache/com.unity.test-framework@bd7f943e9647/UnityEngine.TestRunner/NUnitExtensions/Runner/CompositeWorkItem.cs:82)
UnityEditor.TestTools.TestRunner.EditModeRunner:MoveNextAndUpdateYieldObject () (at ./Library/PackageCache/com.unity.test-framework@bd7f943e9647/UnityEditor.TestRunner/TestRunner/EditModeRunner.cs:167)
UnityEditor.TestTools.TestRunner.EditModeRunner:TestConsumer (UnityEditor.TestTools.TestRunner.TestRunnerStateSerializer) (at ./Library/PackageCache/com.unity.test-framework@bd7f943e9647/UnityEditor.TestRunner/TestRunner/EditModeRunner.cs:200)
UnityEditor.TestTools.TestRunner.TestRun.Tasks.EditModeRunTask/<Execute>d__1:MoveNext () (at ./Library/PackageCache/com.unity.test-framework@bd7f943e9647/UnityEditor.TestRunner/TestRun/Tasks/EditModeRunTask.cs:48)
UnityEditor.TestTools.TestRunner.TestRun.TestJobRunner:ExecuteStep () (at ./Library/PackageCache/com.unity.test-framework@bd7f943e9647/UnityEditor.TestRunner/TestRun/TestJobRunner.cs:173)
UnityEditor.TestTools.TestRunner.TestRun.TestJobRunner:ExecuteCallback () (at ./Library/PackageCache/com.unity.test-framework@bd7f943e9647/UnityEditor.TestRunner/TestRun/TestJobRunner.cs:108)
UnityEditor.EditorApplication:Internal_CallUpdateFunctions () (at /Users/bokken/build/output/unity/unity/Editor/Mono/EditorApplication.cs:392)

(Filename: ./Packages/com.xrlab.chooguard.foundation/Multiplayer/Tests/Editor/WorldMotionAdapterTests.cs Line: 109)

World motion traversal 0.41 rolling_stock_metro -> metro_platforms steps=100 seconds=0.3086371
UnityEngine.Debug:ExtractStackTraceNoAlloc (byte*,int,string)
UnityEngine.StackTraceUtility:ExtractStackTrace () (at /Users/bokken/build/output/unity/unity/Runtime/Export/Scripting/StackTrace.cs:35)
UnityEngine.DebugLogHandler:Internal_Log (UnityEngine.LogType,UnityEngine.LogOption,string,UnityEngine.Object)
UnityEngine.DebugLogHandler:LogFormat (UnityEngine.LogType,UnityEngine.Object,string,object[])
UnityEngine.Logger:Log (UnityEngine.LogType,object)
UnityEngine.Debug:Log (object)
ChooGuard.Foundation.Multiplayer.Tests.WorldMotionAdapterTests:BothProfilesTraverseAllThirteenRegionsAndAllTwentyFourPortalDirections (string,bool,double) (at ./Packages/com.xrlab.chooguard.foundation/Multiplayer/Tests/Editor/WorldMotionAdapterTests.cs:109)
System.Reflection.RuntimeMethodInfo:Invoke (object,System.Reflection.BindingFlags,System.Reflection.Binder,object[],System.Globalization.CultureInfo)
System.Reflection.MethodBase:Invoke (object,object[])
NUnit.Framework.Internal.Reflect:InvokeMethod (System.Reflection.MethodInfo,object,object[])
NUnit.Framework.Internal.MethodWrapper:Invoke (object,object[])
NUnit.Framework.Internal.Commands.TestMethodCommand:RunNonAsyncTestMethod (NUnit.Framework.Internal.ITestExecutionContext)
NUnit.Framework.Internal.Commands.TestMethodCommand:RunTestMethod (NUnit.Framework.Internal.ITestExecutionContext)
NUnit.Framework.Internal.Commands.TestMethodCommand:Execute (NUnit.Framework.Internal.ITestExecutionContext)
UnityEngine.TestTools.UnityTestMethodCommand:Execute (NUnit.Framework.Internal.ITestExecutionContext) (at ./Library/PackageCache/com.unity.test-framework@bd7f943e9647/UnityEngine.TestRunner/NUnitExtensions/Commands/UnityTestMethodCommand.cs:19)
UnityEngine.TestRunner.NUnitExtensions.Runner.UnityLogCheckDelegatingCommand/<>c__DisplayClass2_0:<Execute>b__0 () (at ./Library/PackageCache/com.unity.test-framework@bd7f943e9647/UnityEngine.TestRunner/NUnitExtensions/Runner/UnityLogCheckDelegatingCommand.cs:24)
UnityEngine.TestRunner.NUnitExtensions.Runner.UnityLogCheckDelegatingCommand:CaptureException (NUnit.Framework.Internal.TestResult,System.Action) (at ./Library/PackageCache/com.unity.test-framework@bd7f943e9647/UnityEngine.TestRunner/NUnitExtensions/Runner/UnityLogCheckDelegatingCommand.cs:72)
UnityEngine.TestRunner.NUnitExtensions.Runner.UnityLogCheckDelegatingCommand:ExecuteAndCheckLog (UnityEngine.TestTools.Logging.LogScope,NUnit.Framework.Internal.TestResult,System.Action) (at ./Library/PackageCache/com.unity.test-framework@bd7f943e9647/UnityEngine.TestRunner/NUnitExtensions/Runner/UnityLogCheckDelegatingCommand.cs:83)
UnityEngine.TestRunner.NUnitExtensions.Runner.UnityLogCheckDelegatingCommand:Execute (NUnit.Framework.Internal.ITestExecutionContext) (at ./Library/PackageCache/com.unity.test-framework@bd7f943e9647/UnityEngine.TestRunner/NUnitExtensions/Runner/UnityLogCheckDelegatingCommand.cs:24)
UnityEngine.TestRunner.NUnitExtensions.Runner.UnityLogCheckDelegatingCommand/<ExecuteEnumerable>d__3:MoveNext () (at ./Library/PackageCache/com.unity.test-framework@bd7f943e9647/UnityEngine.TestRunner/NUnitExtensions/Runner/UnityLogCheckDelegatingCommand.cs:35)
UnityEngine.TestTools.BeforeAfterTestCommandBase`1/<ExecuteEnumerable>d__16<NUnit.Framework.ITestAction>:MoveNext () (at ./Library/PackageCache/com.unity.test-framework@bd7f943e9647/UnityEngine.TestRunner/NUnitExtensions/Commands/BeforeAfterTestCommandBase.cs:212)
UnityEngine.TestTools.ImmediateEnumerableCommand:Execute (NUnit.Framework.Internal.ITestExecutionContext) (at ./Library/PackageCache/com.unity.test-framework@bd7f943e9647/UnityEngine.TestRunner/NUnitExtensions/Commands/ImmediateEnumerableCommand.cs:18)
UnityEngine.TestTools.BeforeAfterTestCommandBase`1/<ExecuteEnumerable>d__16<System.Reflection.MethodInfo>:MoveNext () (at ./Library/PackageCache/com.unity.test-framework@bd7f943e9647/UnityEngine.TestRunner/NUnitExtensions/Commands/BeforeAfterTestCommandBase.cs:219)
UnityEngine.TestTools.BeforeAfterTestCommandBase`1/<ExecuteEnumerable>d__16<System.Reflection.MethodInfo>:MoveNext () (at ./Library/PackageCache/com.unity.test-framework@bd7f943e9647/UnityEngine.TestRunner/NUnitExtensions/Commands/BeforeAfterTestCommandBase.cs:212)
UnityEngine.TestTools.BeforeAfterTestCommandBase`1/<ExecuteEnumerable>d__16<UnityEngine.TestTools.IOuterUnityTestAction>:MoveNext () (at ./Library/PackageCache/com.unity.test-framework@bd7f943e9647/UnityEngine.TestRunner/NUnitExtensions/Commands/BeforeAfterTestCommandBase.cs:212)
UnityEngine.TestTools.RetryCommand/<ExecuteEnumerable>d__2:MoveNext () (at ./Library/PackageCache/com.unity.test-framework@bd7f943e9647/UnityEngine.TestRunner/NUnitExtensions/Commands/RetryCommand.cs:37)
UnityEngine.TestTools.RepeatCommand/<ExecuteEnumerable>d__2:MoveNext () (at ./Library/PackageCache/com.unity.test-framework@bd7f943e9647/UnityEngine.TestRunner/NUnitExtensions/Commands/RepeatCommand.cs:36)
UnityEngine.TestTools.IgnoreTestCommand/<ExecuteEnumerable>d__3:MoveNext () (at ./Library/PackageCache/com.unity.test-framework@bd7f943e9647/UnityEngine.TestRunner/NUnitExtensions/Commands/IgnoreTestCommand.cs:42)
UnityEngine.TestTools.StrictCheckCommand/<ExecuteEnumerable>d__2:MoveNext () (at ./Library/PackageCache/com.unity.test-framework@bd7f943e9647/UnityEngine.TestRunner/NUnitExtensions/Commands/StrictCheckCommand.cs:29)
UnityEngine.TestRunner.NUnitExtensions.Runner.DefaultTestWorkItem/<PerformWork>d__2:MoveNext () (at ./Library/PackageCache/com.unity.test-framework@bd7f943e9647/UnityEngine.TestRunner/NUnitExtensions/Runner/DefaultTestWorkItem.cs:50)
UnityEngine.TestRunner.NUnitExtensions.Runner.CompositeWorkItem/<RunChildren>d__17:MoveNext () (at ./Library/PackageCache/com.unity.test-framework@bd7f943e9647/UnityEngine.TestRunner/NUnitExtensions/Runner/CompositeWorkItem.cs:207)
UnityEngine.TestRunner.NUnitExtensions.Runner.CompositeWorkItem/<PerformWork>d__13:MoveNext () (at ./Library/PackageCache/com.unity.test-framework@bd7f943e9647/UnityEngine.TestRunner/NUnitExtensions/Runner/CompositeWorkItem.cs:82)
UnityEngine.TestRunner.NUnitExtensions.Runner.CompositeWorkItem/<RunChildren>d__17:MoveNext () (at ./Library/PackageCache/com.unity.test-framework@bd7f943e9647/UnityEngine.TestRunner/NUnitExtensions/Runner/CompositeWorkItem.cs:207)
UnityEngine.TestRunner.NUnitExtensions.Runner.CompositeWorkItem/<PerformWork>d__13:MoveNext () (at ./Library/PackageCache/com.unity.test-framework@bd7f943e9647/UnityEngine.TestRunner/NUnitExtensions/Runner/CompositeWorkItem.cs:82)
UnityEngine.TestRunner.NUnitExtensions.Runner.CompositeWorkItem/<RunChildren>d__17:MoveNext () (at ./Library/PackageCache/com.unity.test-framework@bd7f943e9647/UnityEngine.TestRunner/NUnitExtensions/Runner/CompositeWorkItem.cs:207)
UnityEngine.TestRunner.NUnitExtensions.Runner.CompositeWorkItem/<PerformWork>d__13:MoveNext () (at ./Library/PackageCache/com.unity.test-framework@bd7f943e9647/UnityEngine.TestRunner/NUnitExtensions/Runner/CompositeWorkItem.cs:82)
UnityEngine.TestRunner.NUnitExtensions.Runner.CompositeWorkItem/<RunChildren>d__17:MoveNext () (at ./Library/PackageCache/com.unity.test-framework@bd7f943e9647/UnityEngine.TestRunner/NUnitExtensions/Runner/CompositeWorkItem.cs:207)
UnityEngine.TestRunner.NUnitExtensions.Runner.CompositeWorkItem/<PerformWork>d__13:MoveNext () (at ./Library/PackageCache/com.unity.test-framework@bd7f943e9647/UnityEngine.TestRunner/NUnitExtensions/Runner/CompositeWorkItem.cs:82)
UnityEngine.TestRunner.NUnitExtensions.Runner.CompositeWorkItem/<RunChildren>d__17:MoveNext () (at ./Library/PackageCache/com.unity.test-framework@bd7f943e9647/UnityEngine.TestRunner/NUnitExtensions/Runner/CompositeWorkItem.cs:207)
UnityEngine.TestRunner.NUnitExtensions.Runner.CompositeWorkItem/<PerformWork>d__13:MoveNext () (at ./Library/PackageCache/com.unity.test-framework@bd7f943e9647/UnityEngine.TestRunner/NUnitExtensions/Runner/CompositeWorkItem.cs:82)
UnityEngine.TestRunner.NUnitExtensions.Runner.CompositeWorkItem/<RunChildren>d__17:MoveNext () (at ./Library/PackageCache/com.unity.test-framework@bd7f943e9647/UnityEngine.TestRunner/NUnitExtensions/Runner/CompositeWorkItem.cs:207)
UnityEngine.TestRunner.NUnitExtensions.Runner.CompositeWorkItem/<PerformWork>d__13:MoveNext () (at ./Library/PackageCache/com.unity.test-framework@bd7f943e9647/UnityEngine.TestRunner/NUnitExtensions/Runner/CompositeWorkItem.cs:82)
UnityEngine.TestRunner.NUnitExtensions.Runner.CompositeWorkItem/<RunChildren>d__17:MoveNext () (at ./Library/PackageCache/com.unity.test-framework@bd7f943e9647/UnityEngine.TestRunner/NUnitExtensions/Runner/CompositeWorkItem.cs:207)
UnityEngine.TestRunner.NUnitExtensions.Runner.CompositeWorkItem/<PerformWork>d__13:MoveNext () (at ./Library/PackageCache/com.unity.test-framework@bd7f943e9647/UnityEngine.TestRunner/NUnitExtensions/Runner/CompositeWorkItem.cs:82)
UnityEngine.TestRunner.NUnitExtensions.Runner.CompositeWorkItem/<RunChildren>d__17:MoveNext () (at ./Library/PackageCache/com.unity.test-framework@bd7f943e9647/UnityEngine.TestRunner/NUnitExtensions/Runner/CompositeWorkItem.cs:207)
UnityEngine.TestRunner.NUnitExtensions.Runner.CompositeWorkItem/<PerformWork>d__13:MoveNext () (at ./Library/PackageCache/com.unity.test-framework@bd7f943e9647/UnityEngine.TestRunner/NUnitExtensions/Runner/CompositeWorkItem.cs:82)
UnityEditor.TestTools.TestRunner.EditModeRunner:MoveNextAndUpdateYieldObject () (at ./Library/PackageCache/com.unity.test-framework@bd7f943e9647/UnityEditor.TestRunner/TestRunner/EditModeRunner.cs:167)
UnityEditor.TestTools.TestRunner.EditModeRunner:TestConsumer (UnityEditor.TestTools.TestRunner.TestRunnerStateSerializer) (at ./Library/PackageCache/com.unity.test-framework@bd7f943e9647/UnityEditor.TestRunner/TestRunner/EditModeRunner.cs:200)
UnityEditor.TestTools.TestRunner.TestRun.Tasks.EditModeRunTask/<Execute>d__1:MoveNext () (at ./Library/PackageCache/com.unity.test-framework@bd7f943e9647/UnityEditor.TestRunner/TestRun/Tasks/EditModeRunTask.cs:48)
UnityEditor.TestTools.TestRunner.TestRun.TestJobRunner:ExecuteStep () (at ./Library/PackageCache/com.unity.test-framework@bd7f943e9647/UnityEditor.TestRunner/TestRun/TestJobRunner.cs:173)
UnityEditor.TestTools.TestRunner.TestRun.TestJobRunner:ExecuteCallback () (at ./Library/PackageCache/com.unity.test-framework@bd7f943e9647/UnityEditor.TestRunner/TestRun/TestJobRunner.cs:108)
UnityEditor.EditorApplication:Internal_CallUpdateFunctions () (at /Users/bokken/build/output/unity/unity/Editor/Mono/EditorApplication.cs:392)

(Filename: ./Packages/com.xrlab.chooguard.foundation/Multiplayer/Tests/Editor/WorldMotionAdapterTests.cs Line: 109)

World motion traversal 0.41 metro_platforms -> rolling_stock_metro steps=100 seconds=0.3172337
UnityEngine.Debug:ExtractStackTraceNoAlloc (byte*,int,string)
UnityEngine.StackTraceUtility:ExtractStackTrace () (at /Users/bokken/build/output/unity/unity/Runtime/Export/Scripting/StackTrace.cs:35)
UnityEngine.DebugLogHandler:Internal_Log (UnityEngine.LogType,UnityEngine.LogOption,string,UnityEngine.Object)
UnityEngine.DebugLogHandler:LogFormat (UnityEngine.LogType,UnityEngine.Object,string,object[])
UnityEngine.Logger:Log (UnityEngine.LogType,object)
UnityEngine.Debug:Log (object)
ChooGuard.Foundation.Multiplayer.Tests.WorldMotionAdapterTests:BothProfilesTraverseAllThirteenRegionsAndAllTwentyFourPortalDirections (string,bool,double) (at ./Packages/com.xrlab.chooguard.foundation/Multiplayer/Tests/Editor/WorldMotionAdapterTests.cs:109)
System.Reflection.RuntimeMethodInfo:Invoke (object,System.Reflection.BindingFlags,System.Reflection.Binder,object[],System.Globalization.CultureInfo)
System.Reflection.MethodBase:Invoke (object,object[])
NUnit.Framework.Internal.Reflect:InvokeMethod (System.Reflection.MethodInfo,object,object[])
NUnit.Framework.Internal.MethodWrapper:Invoke (object,object[])
NUnit.Framework.Internal.Commands.TestMethodCommand:RunNonAsyncTestMethod (NUnit.Framework.Internal.ITestExecutionContext)
NUnit.Framework.Internal.Commands.TestMethodCommand:RunTestMethod (NUnit.Framework.Internal.ITestExecutionContext)
NUnit.Framework.Internal.Commands.TestMethodCommand:Execute (NUnit.Framework.Internal.ITestExecutionContext)
UnityEngine.TestTools.UnityTestMethodCommand:Execute (NUnit.Framework.Internal.ITestExecutionContext) (at ./Library/PackageCache/com.unity.test-framework@bd7f943e9647/UnityEngine.TestRunner/NUnitExtensions/Commands/UnityTestMethodCommand.cs:19)
UnityEngine.TestRunner.NUnitExtensions.Runner.UnityLogCheckDelegatingCommand/<>c__DisplayClass2_0:<Execute>b__0 () (at ./Library/PackageCache/com.unity.test-framework@bd7f943e9647/UnityEngine.TestRunner/NUnitExtensions/Runner/UnityLogCheckDelegatingCommand.cs:24)
UnityEngine.TestRunner.NUnitExtensions.Runner.UnityLogCheckDelegatingCommand:CaptureException (NUnit.Framework.Internal.TestResult,System.Action) (at ./Library/PackageCache/com.unity.test-framework@bd7f943e9647/UnityEngine.TestRunner/NUnitExtensions/Runner/UnityLogCheckDelegatingCommand.cs:72)
UnityEngine.TestRunner.NUnitExtensions.Runner.UnityLogCheckDelegatingCommand:ExecuteAndCheckLog (UnityEngine.TestTools.Logging.LogScope,NUnit.Framework.Internal.TestResult,System.Action) (at ./Library/PackageCache/com.unity.test-framework@bd7f943e9647/UnityEngine.TestRunner/NUnitExtensions/Runner/UnityLogCheckDelegatingCommand.cs:83)
UnityEngine.TestRunner.NUnitExtensions.Runner.UnityLogCheckDelegatingCommand:Execute (NUnit.Framework.Internal.ITestExecutionContext) (at ./Library/PackageCache/com.unity.test-framework@bd7f943e9647/UnityEngine.TestRunner/NUnitExtensions/Runner/UnityLogCheckDelegatingCommand.cs:24)
UnityEngine.TestRunner.NUnitExtensions.Runner.UnityLogCheckDelegatingCommand/<ExecuteEnumerable>d__3:MoveNext () (at ./Library/PackageCache/com.unity.test-framework@bd7f943e9647/UnityEngine.TestRunner/NUnitExtensions/Runner/UnityLogCheckDelegatingCommand.cs:35)
UnityEngine.TestTools.BeforeAfterTestCommandBase`1/<ExecuteEnumerable>d__16<NUnit.Framework.ITestAction>:MoveNext () (at ./Library/PackageCache/com.unity.test-framework@bd7f943e9647/UnityEngine.TestRunner/NUnitExtensions/Commands/BeforeAfterTestCommandBase.cs:212)
UnityEngine.TestTools.ImmediateEnumerableCommand:Execute (NUnit.Framework.Internal.ITestExecutionContext) (at ./Library/PackageCache/com.unity.test-framework@bd7f943e9647/UnityEngine.TestRunner/NUnitExtensions/Commands/ImmediateEnumerableCommand.cs:18)
UnityEngine.TestTools.BeforeAfterTestCommandBase`1/<ExecuteEnumerable>d__16<System.Reflection.MethodInfo>:MoveNext () (at ./Library/PackageCache/com.unity.test-framework@bd7f943e9647/UnityEngine.TestRunner/NUnitExtensions/Commands/BeforeAfterTestCommandBase.cs:219)
UnityEngine.TestTools.BeforeAfterTestCommandBase`1/<ExecuteEnumerable>d__16<System.Reflection.MethodInfo>:MoveNext () (at ./Library/PackageCache/com.unity.test-framework@bd7f943e9647/UnityEngine.TestRunner/NUnitExtensions/Commands/BeforeAfterTestCommandBase.cs:212)
UnityEngine.TestTools.BeforeAfterTestCommandBase`1/<ExecuteEnumerable>d__16<UnityEngine.TestTools.IOuterUnityTestAction>:MoveNext () (at ./Library/PackageCache/com.unity.test-framework@bd7f943e9647/UnityEngine.TestRunner/NUnitExtensions/Commands/BeforeAfterTestCommandBase.cs:212)
UnityEngine.TestTools.RetryCommand/<ExecuteEnumerable>d__2:MoveNext () (at ./Library/PackageCache/com.unity.test-framework@bd7f943e9647/UnityEngine.TestRunner/NUnitExtensions/Commands/RetryCommand.cs:37)
UnityEngine.TestTools.RepeatCommand/<ExecuteEnumerable>d__2:MoveNext () (at ./Library/PackageCache/com.unity.test-framework@bd7f943e9647/UnityEngine.TestRunner/NUnitExtensions/Commands/RepeatCommand.cs:36)
UnityEngine.TestTools.IgnoreTestCommand/<ExecuteEnumerable>d__3:MoveNext () (at ./Library/PackageCache/com.unity.test-framework@bd7f943e9647/UnityEngine.TestRunner/NUnitExtensions/Commands/IgnoreTestCommand.cs:42)
UnityEngine.TestTools.StrictCheckCommand/<ExecuteEnumerable>d__2:MoveNext () (at ./Library/PackageCache/com.unity.test-framework@bd7f943e9647/UnityEngine.TestRunner/NUnitExtensions/Commands/StrictCheckCommand.cs:29)
UnityEngine.TestRunner.NUnitExtensions.Runner.DefaultTestWorkItem/<PerformWork>d__2:MoveNext () (at ./Library/PackageCache/com.unity.test-framework@bd7f943e9647/UnityEngine.TestRunner/NUnitExtensions/Runner/DefaultTestWorkItem.cs:50)
UnityEngine.TestRunner.NUnitExtensions.Runner.CompositeWorkItem/<RunChildren>d__17:MoveNext () (at ./Library/PackageCache/com.unity.test-framework@bd7f943e9647/UnityEngine.TestRunner/NUnitExtensions/Runner/CompositeWorkItem.cs:207)
UnityEngine.TestRunner.NUnitExtensions.Runner.CompositeWorkItem/<PerformWork>d__13:MoveNext () (at ./Library/PackageCache/com.unity.test-framework@bd7f943e9647/UnityEngine.TestRunner/NUnitExtensions/Runner/CompositeWorkItem.cs:82)
UnityEngine.TestRunner.NUnitExtensions.Runner.CompositeWorkItem/<RunChildren>d__17:MoveNext () (at ./Library/PackageCache/com.unity.test-framework@bd7f943e9647/UnityEngine.TestRunner/NUnitExtensions/Runner/CompositeWorkItem.cs:207)
UnityEngine.TestRunner.NUnitExtensions.Runner.CompositeWorkItem/<PerformWork>d__13:MoveNext () (at ./Library/PackageCache/com.unity.test-framework@bd7f943e9647/UnityEngine.TestRunner/NUnitExtensions/Runner/CompositeWorkItem.cs:82)
UnityEngine.TestRunner.NUnitExtensions.Runner.CompositeWorkItem/<RunChildren>d__17:MoveNext () (at ./Library/PackageCache/com.unity.test-framework@bd7f943e9647/UnityEngine.TestRunner/NUnitExtensions/Runner/CompositeWorkItem.cs:207)
UnityEngine.TestRunner.NUnitExtensions.Runner.CompositeWorkItem/<PerformWork>d__13:MoveNext () (at ./Library/PackageCache/com.unity.test-framework@bd7f943e9647/UnityEngine.TestRunner/NUnitExtensions/Runner/CompositeWorkItem.cs:82)
UnityEngine.TestRunner.NUnitExtensions.Runner.CompositeWorkItem/<RunChildren>d__17:MoveNext () (at ./Library/PackageCache/com.unity.test-framework@bd7f943e9647/UnityEngine.TestRunner/NUnitExtensions/Runner/CompositeWorkItem.cs:207)
UnityEngine.TestRunner.NUnitExtensions.Runner.CompositeWorkItem/<PerformWork>d__13:MoveNext () (at ./Library/PackageCache/com.unity.test-framework@bd7f943e9647/UnityEngine.TestRunner/NUnitExtensions/Runner/CompositeWorkItem.cs:82)
UnityEngine.TestRunner.NUnitExtensions.Runner.CompositeWorkItem/<RunChildren>d__17:MoveNext () (at ./Library/PackageCache/com.unity.test-framework@bd7f943e9647/UnityEngine.TestRunner/NUnitExtensions/Runner/CompositeWorkItem.cs:207)
UnityEngine.TestRunner.NUnitExtensions.Runner.CompositeWorkItem/<PerformWork>d__13:MoveNext () (at ./Library/PackageCache/com.unity.test-framework@bd7f943e9647/UnityEngine.TestRunner/NUnitExtensions/Runner/CompositeWorkItem.cs:82)
UnityEngine.TestRunner.NUnitExtensions.Runner.CompositeWorkItem/<RunChildren>d__17:MoveNext () (at ./Library/PackageCache/com.unity.test-framework@bd7f943e9647/UnityEngine.TestRunner/NUnitExtensions/Runner/CompositeWorkItem.cs:207)
UnityEngine.TestRunner.NUnitExtensions.Runner.CompositeWorkItem/<PerformWork>d__13:MoveNext () (at ./Library/PackageCache/com.unity.test-framework@bd7f943e9647/UnityEngine.TestRunner/NUnitExtensions/Runner/CompositeWorkItem.cs:82)
UnityEngine.TestRunner.NUnitExtensions.Runner.CompositeWorkItem/<RunChildren>d__17:MoveNext () (at ./Library/PackageCache/com.unity.test-framework@bd7f943e9647/UnityEngine.TestRunner/NUnitExtensions/Runner/CompositeWorkItem.cs:207)
UnityEngine.TestRunner.NUnitExtensions.Runner.CompositeWorkItem/<PerformWork>d__13:MoveNext () (at ./Library/PackageCache/com.unity.test-framework@bd7f943e9647/UnityEngine.TestRunner/NUnitExtensions/Runner/CompositeWorkItem.cs:82)
UnityEngine.TestRunner.NUnitExtensions.Runner.CompositeWorkItem/<RunChildren>d__17:MoveNext () (at ./Library/PackageCache/com.unity.test-framework@bd7f943e9647/UnityEngine.TestRunner/NUnitExtensions/Runner/CompositeWorkItem.cs:207)
UnityEngine.TestRunner.NUnitExtensions.Runner.CompositeWorkItem/<PerformWork>d__13:MoveNext () (at ./Library/PackageCache/com.unity.test-framework@bd7f943e9647/UnityEngine.TestRunner/NUnitExtensions/Runner/CompositeWorkItem.cs:82)
UnityEditor.TestTools.TestRunner.EditModeRunner:MoveNextAndUpdateYieldObject () (at ./Library/PackageCache/com.unity.test-framework@bd7f943e9647/UnityEditor.TestRunner/TestRunner/EditModeRunner.cs:167)
UnityEditor.TestTools.TestRunner.EditModeRunner:TestConsumer (UnityEditor.TestTools.TestRunner.TestRunnerStateSerializer) (at ./Library/PackageCache/com.unity.test-framework@bd7f943e9647/UnityEditor.TestRunner/TestRunner/EditModeRunner.cs:200)
UnityEditor.TestTools.TestRunner.TestRun.Tasks.EditModeRunTask/<Execute>d__1:MoveNext () (at ./Library/PackageCache/com.unity.test-framework@bd7f943e9647/UnityEditor.TestRunner/TestRun/Tasks/EditModeRunTask.cs:48)
UnityEditor.TestTools.TestRunner.TestRun.TestJobRunner:ExecuteStep () (at ./Library/PackageCache/com.unity.test-framework@bd7f943e9647/UnityEditor.TestRunner/TestRun/TestJobRunner.cs:173)
UnityEditor.TestTools.TestRunner.TestRun.TestJobRunner:ExecuteCallback () (at ./Library/PackageCache/com.unity.test-framework@bd7f943e9647/UnityEditor.TestRunner/TestRun/TestJobRunner.cs:108)
UnityEditor.EditorApplication:Internal_CallUpdateFunctions () (at /Users/bokken/build/output/unity/unity/Editor/Mono/EditorApplication.cs:392)

(Filename: ./Packages/com.xrlab.chooguard.foundation/Multiplayer/Tests/Editor/WorldMotionAdapterTests.cs Line: 109)

TrimDiskCacheJob: Current cache size 0mb
World motion120 body step milliseconds (10 synthetic50ms ticks): 104.867,46.328,47.311,46.118,56.052,56.156,56.390,56.526,56.497,56.998
UnityEngine.Debug:ExtractStackTraceNoAlloc (byte*,int,string)
UnityEngine.StackTraceUtility:ExtractStackTrace () (at /Users/bokken/build/output/unity/unity/Runtime/Export/Scripting/StackTrace.cs:35)
UnityEngine.DebugLogHandler:Internal_Log (UnityEngine.LogType,UnityEngine.LogOption,string,UnityEngine.Object)
UnityEngine.DebugLogHandler:LogFormat (UnityEngine.LogType,UnityEngine.Object,string,object[])
UnityEngine.Logger:Log (UnityEngine.LogType,object)
UnityEngine.Debug:Log (object)
ChooGuard.Foundation.Multiplayer.Tests.WorldMotionAdapterTests:FullRosterMixedContactAndSeparatedFloorsRemainCollective () (at ./Packages/com.xrlab.chooguard.foundation/Multiplayer/Tests/Editor/WorldMotionAdapterTests.cs:134)
System.Reflection.RuntimeMethodInfo:Invoke (object,System.Reflection.BindingFlags,System.Reflection.Binder,object[],System.Globalization.CultureInfo)
System.Reflection.MethodBase:Invoke (object,object[])
NUnit.Framework.Internal.Reflect:InvokeMethod (System.Reflection.MethodInfo,object,object[])
NUnit.Framework.Internal.MethodWrapper:Invoke (object,object[])
NUnit.Framework.Internal.Commands.TestMethodCommand:RunNonAsyncTestMethod (NUnit.Framework.Internal.ITestExecutionContext)
NUnit.Framework.Internal.Commands.TestMethodCommand:RunTestMethod (NUnit.Framework.Internal.ITestExecutionContext)
NUnit.Framework.Internal.Commands.TestMethodCommand:Execute (NUnit.Framework.Internal.ITestExecutionContext)
UnityEngine.TestTools.UnityTestMethodCommand:Execute (NUnit.Framework.Internal.ITestExecutionContext) (at ./Library/PackageCache/com.unity.test-framework@bd7f943e9647/UnityEngine.TestRunner/NUnitExtensions/Commands/UnityTestMethodCommand.cs:19)
UnityEngine.TestRunner.NUnitExtensions.Runner.UnityLogCheckDelegatingCommand/<>c__DisplayClass2_0:<Execute>b__0 () (at ./Library/PackageCache/com.unity.test-framework@bd7f943e9647/UnityEngine.TestRunner/NUnitExtensions/Runner/UnityLogCheckDelegatingCommand.cs:24)
UnityEngine.TestRunner.NUnitExtensions.Runner.UnityLogCheckDelegatingCommand:CaptureException (NUnit.Framework.Internal.TestResult,System.Action) (at ./Library/PackageCache/com.unity.test-framework@bd7f943e9647/UnityEngine.TestRunner/NUnitExtensions/Runner/UnityLogCheckDelegatingCommand.cs:72)
UnityEngine.TestRunner.NUnitExtensions.Runner.UnityLogCheckDelegatingCommand:ExecuteAndCheckLog (UnityEngine.TestTools.Logging.LogScope,NUnit.Framework.Internal.TestResult,System.Action) (at ./Library/PackageCache/com.unity.test-framework@bd7f943e9647/UnityEngine.TestRunner/NUnitExtensions/Runner/UnityLogCheckDelegatingCommand.cs:83)
UnityEngine.TestRunner.NUnitExtensions.Runner.UnityLogCheckDelegatingCommand:Execute (NUnit.Framework.Internal.ITestExecutionContext) (at ./Library/PackageCache/com.unity.test-framework@bd7f943e9647/UnityEngine.TestRunner/NUnitExtensions/Runner/UnityLogCheckDelegatingCommand.cs:24)
UnityEngine.TestRunner.NUnitExtensions.Runner.UnityLogCheckDelegatingCommand/<ExecuteEnumerable>d__3:MoveNext () (at ./Library/PackageCache/com.unity.test-framework@bd7f943e9647/UnityEngine.TestRunner/NUnitExtensions/Runner/UnityLogCheckDelegatingCommand.cs:35)
UnityEngine.TestTools.BeforeAfterTestCommandBase`1/<ExecuteEnumerable>d__16<NUnit.Framework.ITestAction>:MoveNext () (at ./Library/PackageCache/com.unity.test-framework@bd7f943e9647/UnityEngine.TestRunner/NUnitExtensions/Commands/BeforeAfterTestCommandBase.cs:212)
UnityEngine.TestTools.ImmediateEnumerableCommand:Execute (NUnit.Framework.Internal.ITestExecutionContext) (at ./Library/PackageCache/com.unity.test-framework@bd7f943e9647/UnityEngine.TestRunner/NUnitExtensions/Commands/ImmediateEnumerableCommand.cs:18)
UnityEngine.TestTools.BeforeAfterTestCommandBase`1/<ExecuteEnumerable>d__16<System.Reflection.MethodInfo>:MoveNext () (at ./Library/PackageCache/com.unity.test-framework@bd7f943e9647/UnityEngine.TestRunner/NUnitExtensions/Commands/BeforeAfterTestCommandBase.cs:219)
UnityEngine.TestTools.BeforeAfterTestCommandBase`1/<ExecuteEnumerable>d__16<System.Reflection.MethodInfo>:MoveNext () (at ./Library/PackageCache/com.unity.test-framework@bd7f943e9647/UnityEngine.TestRunner/NUnitExtensions/Commands/BeforeAfterTestCommandBase.cs:212)
UnityEngine.TestTools.BeforeAfterTestCommandBase`1/<ExecuteEnumerable>d__16<UnityEngine.TestTools.IOuterUnityTestAction>:MoveNext () (at ./Library/PackageCache/com.unity.test-framework@bd7f943e9647/UnityEngine.TestRunner/NUnitExtensions/Commands/BeforeAfterTestCommandBase.cs:212)
UnityEngine.TestTools.RetryCommand/<ExecuteEnumerable>d__2:MoveNext () (at ./Library/PackageCache/com.unity.test-framework@bd7f943e9647/UnityEngine.TestRunner/NUnitExtensions/Commands/RetryCommand.cs:37)
UnityEngine.TestTools.RepeatCommand/<ExecuteEnumerable>d__2:MoveNext () (at ./Library/PackageCache/com.unity.test-framework@bd7f943e9647/UnityEngine.TestRunner/NUnitExtensions/Commands/RepeatCommand.cs:36)
UnityEngine.TestTools.IgnoreTestCommand/<ExecuteEnumerable>d__3:MoveNext () (at ./Library/PackageCache/com.unity.test-framework@bd7f943e9647/UnityEngine.TestRunner/NUnitExtensions/Commands/IgnoreTestCommand.cs:42)
UnityEngine.TestTools.StrictCheckCommand/<ExecuteEnumerable>d__2:MoveNext () (at ./Library/PackageCache/com.unity.test-framework@bd7f943e9647/UnityEngine.TestRunner/NUnitExtensions/Commands/StrictCheckCommand.cs:29)
UnityEngine.TestRunner.NUnitExtensions.Runner.DefaultTestWorkItem/<PerformWork>d__2:MoveNext () (at ./Library/PackageCache/com.unity.test-framework@bd7f943e9647/UnityEngine.TestRunner/NUnitExtensions/Runner/DefaultTestWorkItem.cs:50)
UnityEngine.TestRunner.NUnitExtensions.Runner.CompositeWorkItem/<RunChildren>d__17:MoveNext () (at ./Library/PackageCache/com.unity.test-framework@bd7f943e9647/UnityEngine.TestRunner/NUnitExtensions/Runner/CompositeWorkItem.cs:207)
UnityEngine.TestRunner.NUnitExtensions.Runner.CompositeWorkItem/<PerformWork>d__13:MoveNext () (at ./Library/PackageCache/com.unity.test-framework@bd7f943e9647/UnityEngine.TestRunner/NUnitExtensions/Runner/CompositeWorkItem.cs:82)
UnityEngine.TestRunner.NUnitExtensions.Runner.CompositeWorkItem/<RunChildren>d__17:MoveNext () (at ./Library/PackageCache/com.unity.test-framework@bd7f943e9647/UnityEngine.TestRunner/NUnitExtensions/Runner/CompositeWorkItem.cs:207)
UnityEngine.TestRunner.NUnitExtensions.Runner.CompositeWorkItem/<PerformWork>d__13:MoveNext () (at ./Library/PackageCache/com.unity.test-framework@bd7f943e9647/UnityEngine.TestRunner/NUnitExtensions/Runner/CompositeWorkItem.cs:82)
UnityEngine.TestRunner.NUnitExtensions.Runner.CompositeWorkItem/<RunChildren>d__17:MoveNext () (at ./Library/PackageCache/com.unity.test-framework@bd7f943e9647/UnityEngine.TestRunner/NUnitExtensions/Runner/CompositeWorkItem.cs:207)
UnityEngine.TestRunner.NUnitExtensions.Runner.CompositeWorkItem/<PerformWork>d__13:MoveNext () (at ./Library/PackageCache/com.unity.test-framework@bd7f943e9647/UnityEngine.TestRunner/NUnitExtensions/Runner/CompositeWorkItem.cs:82)
UnityEngine.TestRunner.NUnitExtensions.Runner.CompositeWorkItem/<RunChildren>d__17:MoveNext () (at ./Library/PackageCache/com.unity.test-framework@bd7f943e9647/UnityEngine.TestRunner/NUnitExtensions/Runner/CompositeWorkItem.cs:207)
UnityEngine.TestRunner.NUnitExtensions.Runner.CompositeWorkItem/<PerformWork>d__13:MoveNext () (at ./Library/PackageCache/com.unity.test-framework@bd7f943e9647/UnityEngine.TestRunner/NUnitExtensions/Runner/CompositeWorkItem.cs:82)
UnityEngine.TestRunner.NUnitExtensions.Runner.CompositeWorkItem/<RunChildren>d__17:MoveNext () (at ./Library/PackageCache/com.unity.test-framework@bd7f943e9647/UnityEngine.TestRunner/NUnitExtensions/Runner/CompositeWorkItem.cs:207)
UnityEngine.TestRunner.NUnitExtensions.Runner.CompositeWorkItem/<PerformWork>d__13:MoveNext () (at ./Library/PackageCache/com.unity.test-framework@bd7f943e9647/UnityEngine.TestRunner/NUnitExtensions/Runner/CompositeWorkItem.cs:82)
UnityEngine.TestRunner.NUnitExtensions.Runner.CompositeWorkItem/<RunChildren>d__17:MoveNext () (at ./Library/PackageCache/com.unity.test-framework@bd7f943e9647/UnityEngine.TestRunner/NUnitExtensions/Runner/CompositeWorkItem.cs:207)
UnityEngine.TestRunner.NUnitExtensions.Runner.CompositeWorkItem/<PerformWork>d__13:MoveNext () (at ./Library/PackageCache/com.unity.test-framework@bd7f943e9647/UnityEngine.TestRunner/NUnitExtensions/Runner/CompositeWorkItem.cs:82)
UnityEngine.TestRunner.NUnitExtensions.Runner.CompositeWorkItem/<RunChildren>d__17:MoveNext () (at ./Library/PackageCache/com.unity.test-framework@bd7f943e9647/UnityEngine.TestRunner/NUnitExtensions/Runner/CompositeWorkItem.cs:207)
UnityEngine.TestRunner.NUnitExtensions.Runner.CompositeWorkItem/<PerformWork>d__13:MoveNext () (at ./Library/PackageCache/com.unity.test-framework@bd7f943e9647/UnityEngine.TestRunner/NUnitExtensions/Runner/CompositeWorkItem.cs:82)
UnityEditor.TestTools.TestRunner.EditModeRunner:MoveNextAndUpdateYieldObject () (at ./Library/PackageCache/com.unity.test-framework@bd7f943e9647/UnityEditor.TestRunner/TestRunner/EditModeRunner.cs:167)
UnityEditor.TestTools.TestRunner.EditModeRunner:TestConsumer (UnityEditor.TestTools.TestRunner.TestRunnerStateSerializer) (at ./Library/PackageCache/com.unity.test-framework@bd7f943e9647/UnityEditor.TestRunner/TestRunner/EditModeRunner.cs:200)
UnityEditor.TestTools.TestRunner.TestRun.Tasks.EditModeRunTask/<Execute>d__1:MoveNext () (at ./Library/PackageCache/com.unity.test-framework@bd7f943e9647/UnityEditor.TestRunner/TestRun/Tasks/EditModeRunTask.cs:48)
UnityEditor.TestTools.TestRunner.TestRun.TestJobRunner:ExecuteStep () (at ./Library/PackageCache/com.unity.test-framework@bd7f943e9647/UnityEditor.TestRunner/TestRun/TestJobRunner.cs:173)
UnityEditor.TestTools.TestRunner.TestRun.TestJobRunner:ExecuteCallback () (at ./Library/PackageCache/com.unity.test-framework@bd7f943e9647/UnityEditor.TestRunner/TestRun/TestJobRunner.cs:108)
UnityEditor.EditorApplication:Internal_CallUpdateFunctions () (at /Users/bokken/build/output/unity/unity/Editor/Mono/EditorApplication.cs:392)

(Filename: ./Packages/com.xrlab.chooguard.foundation/Multiplayer/Tests/Editor/WorldMotionAdapterTests.cs Line: 134)

Unloading 14 Unused Serialized files (Serialized files now loaded: 0)
Unloading 571 unused Assets / (0.8 MB). Loaded Objects now: 2739.
Memory consumption went from 144.5 MB to 143.7 MB.
Total: 8.811708 ms (FindLiveObjects: 0.097834 ms CreateObjectMapping: 0.041084 ms MarkObjects: 8.344875 ms  DeleteObjects: 0.327333 ms)

Refreshing native plugins compatible for Editor in 1.03 ms, found 1 plugins.
Preloading 1 native plugins for Editor in 3.85 ms.
Asset Pipeline Refresh (id=1bb2f7f7d24364908be5bfdc3d904930): Total: 0.027 seconds - Initiated by StopAssetImportingV2(NoUpdateAssetOptions)
Saving results to: /Users/um-yunsang/Library/Application Support/XRLab/CHOOguard Foundation/TestResults.xml
Saving results to: /Users/um-yunsang/CHOOGuard/docs/evidence/work-items/FMP-08a/FMP-08a-edit-r5.xml
Executing IPostBuildCleanup for: Unity.PerformanceTesting.Editor.TestRunBuilder.
UnityEngine.Debug:ExtractStackTraceNoAlloc (byte*,int,string)
UnityEngine.StackTraceUtility:ExtractStackTrace () (at /Users/bokken/build/output/unity/unity/Runtime/Export/Scripting/StackTrace.cs:35)
UnityEngine.DebugLogHandler:Internal_Log (UnityEngine.LogType,UnityEngine.LogOption,string,UnityEngine.Object)
UnityEngine.DebugLogHandler:LogFormat (UnityEngine.LogType,UnityEngine.Object,string,object[])
UnityEngine.Logger:Log (UnityEngine.LogType,object)
UnityEngine.Debug:Log (object)
UnityEditor.TestTools.TestRunner.TestRun.Tasks.BuildActionTaskBase`1/<ExecuteMethods>d__8<UnityEngine.TestTools.IPostBuildCleanup>:MoveNext () (at ./Library/PackageCache/com.unity.test-framework@bd7f943e9647/UnityEditor.TestRunner/TestRun/Tasks/BuildActionTaskBase.cs:48)
UnityEditor.TestTools.TestRunner.TestRun.Tasks.BuildActionTaskBase`1/<Execute>d__7<UnityEngine.TestTools.IPostBuildCleanup>:MoveNext () (at ./Library/PackageCache/com.unity.test-framework@bd7f943e9647/UnityEditor.TestRunner/TestRun/Tasks/BuildActionTaskBase.cs:34)
UnityEditor.TestTools.TestRunner.TestRun.TestJobRunner:ExecuteStep () (at ./Library/PackageCache/com.unity.test-framework@bd7f943e9647/UnityEditor.TestRunner/TestRun/TestJobRunner.cs:173)
UnityEditor.TestTools.TestRunner.TestRun.TestJobRunner:ExecuteCallback () (at ./Library/PackageCache/com.unity.test-framework@bd7f943e9647/UnityEditor.TestRunner/TestRun/TestJobRunner.cs:108)
UnityEditor.EditorApplication:Internal_CallUpdateFunctions () (at /Users/bokken/build/output/unity/unity/Editor/Mono/EditorApplication.cs:392)

(Filename: ./Library/PackageCache/com.unity.test-framework@bd7f943e9647/UnityEditor.TestRunner/TestRun/Tasks/BuildActionTaskBase.cs Line: 48)

Unloading 0 Unused Serialized files (Serialized files now loaded: 0)
Unloading 22 unused Assets / (0.8 KB). Loaded Objects now: 2738.
Memory consumption went from 140.7 MB to 140.7 MB.
Total: 6.885958 ms (FindLiveObjects: 0.062667 ms CreateObjectMapping: 0.027125 ms MarkObjects: 6.774625 ms  DeleteObjects: 0.021291 ms)

DisplayProgressbar: Undo
Test run completed. Exiting with code 2 (Failed). One or more tests failed.
UnityEngine.Debug:ExtractStackTraceNoAlloc (byte*,int,string)
UnityEngine.StackTraceUtility:ExtractStackTrace () (at /Users/bokken/build/output/unity/unity/Runtime/Export/Scripting/StackTrace.cs:35)
UnityEngine.DebugLogHandler:Internal_Log (UnityEngine.LogType,UnityEngine.LogOption,string,UnityEngine.Object)
UnityEngine.DebugLogHandler:LogFormat (UnityEngine.LogType,UnityEngine.Object,string,object[])
UnityEngine.Logger:Log (UnityEngine.LogType,object)
UnityEngine.Debug:Log (object)
UnityEditor.TestTools.TestRunner.CommandLineTest.Executer:ExitApplication (UnityEditor.TestTools.TestRunner.CommandLineTest.Executer/ReturnCodes,string) (at ./Library/PackageCache/com.unity.test-framework@bd7f943e9647/UnityEditor.TestRunner/CommandLineTest/Executer.cs:81)
UnityEditor.TestTools.TestRunner.CommandLineTest.Executer:ExitIfRunIsCompleted () (at ./Library/PackageCache/com.unity.test-framework@bd7f943e9647/UnityEditor.TestRunner/CommandLineTest/Executer.cs:74)
UnityEditor.EditorApplication:Internal_CallUpdateFunctions () (at /Users/bokken/build/output/unity/unity/Editor/Mono/EditorApplication.cs:392)

(Filename: ./Library/PackageCache/com.unity.test-framework@bd7f943e9647/UnityEditor.TestRunner/CommandLineTest/Executer.cs Line: 81)

Pipeline Server stopped
Thread 0x16fb4b000 may have been prematurely finalized
The command could not be loaded, possibly because:
  * You intended to execute a .NET application:
      The application 'build-server' does not exist.
  * You intended to execute a .NET SDK command:
      No .NET SDKs were found.

Download a .NET SDK:
https://aka.ms/dotnet-download

Learn about SDK resolution:
https://aka.ms/dotnet/sdk-not-found
Input System module state changed to: ShutdownInProgress.
Input System polling thread exited.
Input System module state changed to: Shutdown.
[Physics::Module] Cleanup current backend.
[Physics::Module] Id: 0xf2b8ea05
[Licensing::IpcConnector] LicenseClient-um-yunsang-notifications channel disconnected successfully.
[Licensing::IpcConnector] LicenseClient-um-yunsang channel disconnected successfully.
Thread 0x17037f000 may have been prematurely finalized
Thread 0x1702f3000 may have been prematurely finalized
Thread 0x17040b000 may have been prematurely finalized
Thread 0x170497000 may have been prematurely finalized
Thread 0x170523000 may have been prematurely finalized
Thread 0x1705af000 may have been prematurely finalized
Thread 0x17063b000 may have been prematurely finalized
AcceleratorClientConnectionCallback - disconnected - :0
[40m[32minfo[39m[22m[49m: Microsoft.Hosting.Lifetime[0]
      Application is shutting down...
Cleanup mono
[40m[32minfo[39m[22m[49m: Unity.ILPP.Runner.PostProcessingAssemblyLoadContext[0]
      ALC ILPP context 1 is unloading
debugger-agent: Unable to listen on 43
