Unity Editor version:    6000.3.23f1 (09d2ecc7fb28)
Branch:                  6000.3/staging
Build type:              Release
Batch mode:              YES
macOS version:           Version 26.5 (Build 25F71)
Darwin version:          25.5.0
Architecture:            arm64
Running under Rosetta:   NO
Available memory:        16384 MB
Date:                    2026-09-14T15:48:24Z
[Licensing::Module] Trying to connect to existing licensing client channel...
[Licensing::IpcConnector] Channel LicenseClient-um-yunsang doesn't exist
Launching external process: /Applications/Unity/Unity-6000.3.23f1/Unity.app/Contents/Helpers/UnityLicensingClient.app/Contents/MacOS/Unity.Licensing.Client
[Licensing::Module] Successfully launched the LicensingClient (PId: 96060)
Launching external process: /Applications/Unity/Unity-6000.3.23f1/Unity.app/Contents/Resources/PackageManager/Server/UnityPackageManager

COMMAND LINE ARGUMENTS:
/Applications/Unity/Unity-6000.3.23f1/Unity.app/Contents/MacOS/Unity
-batchmode
-nographics
-projectPath
/Users/um-yunsang/CHOOGuard
-runTests
-testPlatform
EditMode
-testFilter
WorldMotionAdapterTests;ConnectedWorldTests;Fmp08aMovingFrameTests
-testResults
/Users/um-yunsang/CHOOGuard/docs/evidence/work-items/FMP-08a/FMP-08a-edit-P.xml
-logFile
/Users/um-yunsang/CHOOGuard/docs/evidence/work-items/FMP-08a/FMP-08a-unity-P.log
Successfully changed project path to: /Users/um-yunsang/CHOOGuard
/Users/um-yunsang/CHOOGuard
[UnityMemory] Configuration Parameters - Can be set up in boot.config
    "memorysetup-allocator-temp-initial-block-size-main=262144"
    "memorysetup-allocator-temp-initial-block-size-worker=262144"
    "memorysetup-temp-allocator-size-background-worker=32768"
    "memorysetup-temp-allocator-size-job-worker=262144"
    "memorysetup-temp-allocator-size-preload-manager=33554432"
    "memorysetup-remapper-allocator-initial-capacity=32768"
    "memorysetup-temp-allocator-size-nav-mesh-worker=65536"
    "memorysetup-temp-allocator-size-audio-worker=65536"
    "memorysetup-temp-allocator-size-cloud-worker=32768"
    "memorysetup-bucket-allocator-granularity=16"
    "memorysetup-bucket-allocator-bucket-count=8"
    "memorysetup-bucket-allocator-block-size=33554432"
    "memorysetup-bucket-allocator-block-count=8"
    "memorysetup-main-allocator-block-size=16777216"
    "memorysetup-thread-allocator-block-size=16777216"
    "memorysetup-gfx-main-allocator-block-size=16777216"
    "memorysetup-gfx-thread-allocator-block-size=16777216"
    "memorysetup-cache-allocator-block-size=4194304"
    "memorysetup-typetree-allocator-block-size=2097152"
    "memorysetup-profiler-bucket-allocator-granularity=16"
    "memorysetup-profiler-bucket-allocator-bucket-count=8"
    "memorysetup-profiler-bucket-allocator-block-size=33554432"
    "memorysetup-profiler-bucket-allocator-block-count=8"
    "memorysetup-profiler-allocator-block-size=16777216"
    "memorysetup-profiler-editor-allocator-block-size=1048576"
    "memorysetup-temp-allocator-size-main=16777216"
    "memorysetup-job-temp-allocator-block-size=2097152"
    "memorysetup-job-temp-allocator-block-size-background=1048576"
    "memorysetup-job-temp-allocator-reduction-small-platforms=262144"
    "memorysetup-temp-allocator-size-gi-baking-worker=262144"
    "memorysetup-temp-allocator-size-gi-baking-worker=262144"
    "memorysetup-temp-allocator-size-gi-baking-worker=262144"
    "memorysetup-temp-allocator-size-gi-baking-worker=262144"
    "memorysetup-temp-allocator-size-gi-baking-worker=262144"
    "memorysetup-temp-allocator-size-gfx=262144"
Player connection [8473026176]  Target information:

Player connection [8473026176]  * "[IP] 192.168.1.7 [Port] 55504 [Flags] 2 [Guid] 4142342547 [EditorId] 4142342547 [Version] 1048832 [Id] OSXEditor(0,eom-yunsang-ui-MacBookAir.local) [Debug] 1 [PackageName] OSXEditor [ProjectName] Editor" 

Player connection [8473026176] Host joined multi-casting on [225.0.0.222:54997]...
Player connection [8473026176] Host joined alternative multi-casting on [225.0.0.222:34997]...
Input System module state changed to: Initialized.
[Physics::Module] Initialized fallback backend.
[Physics::Module] Id: 0xdecafbad
[Package Manager] Connected to IPC stream "Upm-96005" after 0.4 seconds.
[Licensing::Module] Licensing is not yet initialized.
[Licensing::IpcConnector] Successfully connected to: "LicenseClient-um-yunsang" at "2026-09-14T15:48:25.88319Z"
[Licensing::Client] Handshaking with LicensingClient:
  Version:                 1.18.3+d7ffd15
  Session Id:              e2a68ce4d48f4e5693f280b7ed9cdb15
  Correlation Id:          7b1f7d75e113d8b999ff93627412deb1
  External correlation Id: 4078474794104082225
  Machine Id:              d0+qKJBJJ8viBd1xHmQi+Shy03k=
[Licensing::Module] Successfully connected to LicensingClient on channel: "LicenseClient-um-yunsang" (connect: 1.31s, validation: 0.03s, handshake: 0.33s)
[Licensing::IpcConnector] Successfully connected to: "LicenseClient-um-yunsang-notifications" at "2026-09-14T15:48:26.246405Z"
[Licensing::Module] Connected to LicensingClient (PId: 96060, launch time: 0.00, total connection time: 1.67s)
[Licensing::Module] Error: Access token is unavailable; failed to update
[Licensing::Client] Successfully resolved entitlement details
[Licensing::Module] License group:
  Id: 14569795949201-UnityPersXXXX
  Product: Unity Personal
  Type: Assigned
  Expiration: Unlimited
[Licensing::Client] Successfully updated license, isAsync: True, time: 0.01
[Licensing::Module] Licensing Background thread has ended after 1.69s
[Licensing::Module] Licensing is initialized (took 1.19s).
[Licensing::Client] Successfully resolved entitlement details
Library Redirect Path: Library/
[Physics::Module] Selected backend.
[Physics::Module] Name: PhysX
[Physics::Module] Id: 0xf2b8ea05
[Physics::Module] SDK Version: 4.1.2
[Physics::Module] Integration Version: 1.0.0
[Physics::Module] Threading Mode: Multi-Threaded
Refreshing native plugins compatible for Editor in 10.64 ms, found 0 plugins.
Preloading 0 native plugins for Editor in 0.00 ms.
Initialize engine version: 6000.3.23f1 (09d2ecc7fb28)
[Subsystems] Discovering subsystems at path /Applications/Unity/Unity-6000.3.23f1/Unity.app/Contents/Resources/UnitySubsystems
[Subsystems] Discovering subsystems at path /Users/um-yunsang/CHOOGuard/Assets
Forcing GfxDevice: Null
GfxDevice: creating device client; kGfxThreadingModeNonThreaded
NullGfxDevice:
    Version:  NULL 1.0 [1.0]
    Renderer: Null Device
    Vendor:   Unity Technologies
Initialize mono
Mono path[0] = '/Applications/Unity/Unity-6000.3.23f1/Unity.app/Contents/Resources/Scripting/Managed'
Mono path[1] = '/Applications/Unity/Unity-6000.3.23f1/Unity.app/Contents/Resources/Scripting/MonoBleedingEdge/lib/mono/unityjit-macos'
Mono config path = '/Applications/Unity/Unity-6000.3.23f1/Unity.app/Contents/Resources/Scripting/MonoBleedingEdge/etc'
Using monoOptions --debugger-agent=transport=dt_socket,embedding=1,server=y,suspend=n,address=127.0.0.1:56005
Using cacheserver namespaces - metadata:defaultmetadata, artifacts:defaultartifacts
Using cacheserver namespaces - metadata:defaultmetadata, artifacts:defaultartifacts
ImportWorker Server TCP listen port: 0
AcceleratorClientConnectionCallback - disconnected - :0
Begin MonoManager ReloadAssembly
Registering precompiled unity dll's ...
Register platform support module: /Applications/Unity/Unity-6000.3.23f1/Unity.app/Contents/PlaybackEngines/MacStandaloneSupport/UnityEditor.OSXStandalone.Extensions.dll
Registered in 0.000484 seconds.
- Loaded All Assemblies, in  0.563 seconds
Native extension for OSXStandalone target not found
Package Manager log level set to [2]
ScheduleIndexationOnStartup MainProcess:False IndexOnStartup:True
Mono: successfully reloaded assembly
- Finished resetting the current domain, in  0.436 seconds
Domain Reload Profiling: 999ms
	BeginReloadAssembly (283ms)
		ExecutionOrderSort (0ms)
		DisableScriptedObjects (0ms)
		BackupInstance (0ms)
		ReleaseScriptingObjects (0ms)
		CreateAndSetChildDomain (11ms)
	RebuildCommonClasses (58ms)
	RebuildNativeTypeToScriptingClass (15ms)
	initialDomainReloadingComplete (43ms)
	LoadAllAssembliesAndSetupDomain (164ms)
		LoadAssemblies (269ms)
		RebuildTransferFunctionScriptingTraits (0ms)
		AnalyzeDomain (161ms)
			TypeCache.Refresh (159ms)
				TypeCache.ScanAssembly (144ms)
			BuildScriptInfoCaches (0ms)
			ResolveRequiredComponents (0ms)
	FinalizeReload (436ms)
		ReleaseScriptCaches (0ms)
		RebuildScriptCaches (0ms)
		SetupLoadedEditorAssemblies (384ms)
			LogAssemblyErrors (0ms)
			InitializePlatformSupportModulesInManaged (38ms)
			SetLoadedEditorAssemblies (4ms)
			BeforeProcessingInitializeOnLoad (73ms)
			ProcessInitializeOnLoadAttributes (158ms)
			ProcessInitializeOnLoadMethodAttributes (111ms)
			AfterProcessingInitializeOnLoad (0ms)
			EditorAssembliesLoaded (1ms)
		ExecutionOrderSort2 (0ms)
		AwakeInstancesAfterBackupRestoration (0ms)
[Licensing::Client] Successfully resolved entitlement details
Application.AssetDatabase Initial Refresh Start
[Package Manager] Restoring resolved packages state from cache
[Licensing::Client] Successfully resolved entitlement details
[Package Manager] Registered 50 packages:
  Packages from [https://packages.unity.com]:
    com.unity.pipeline@0.6.0-exp.1 (location: /Users/um-yunsang/CHOOGuard/Library/PackageCache/com.unity.pipeline@9bb4172c603c)
    com.unity.netcode.gameobjects@2.13.2 (location: /Users/um-yunsang/CHOOGuard/Library/PackageCache/com.unity.netcode.gameobjects@cfd429cc91ec)
    com.unity.transport@2.7.4 (location: /Users/um-yunsang/CHOOGuard/Library/PackageCache/com.unity.transport@98ef8bfec34d)
    com.unity.burst@1.8.30 (location: /Users/um-yunsang/CHOOGuard/Library/PackageCache/com.unity.burst@2f3d916873ea)
    com.unity.collections@2.6.8 (location: /Users/um-yunsang/CHOOGuard/Library/PackageCache/com.unity.collections@84e8eb3fc12e)
    com.unity.mathematics@1.3.3 (location: /Users/um-yunsang/CHOOGuard/Library/PackageCache/com.unity.mathematics@19a9377c4ffa)
    com.unity.test-framework.performance@3.5.0 (location: /Users/um-yunsang/CHOOGuard/Library/PackageCache/com.unity.test-framework.performance@8b56083ec0f0)
    com.unity.nuget.mono-cecil@1.11.6 (location: /Users/um-yunsang/CHOOGuard/Library/PackageCache/com.unity.nuget.mono-cecil@ecb9724e46ff)
    com.unity.nuget.newtonsoft-json@3.2.2 (location: /Users/um-yunsang/CHOOGuard/Library/PackageCache/com.unity.nuget.newtonsoft-json@4dfd81071c64)
  Built-in packages:
    com.unity.multiplayer.center@1.0.1 (location: /Users/um-yunsang/CHOOGuard/Library/PackageCache/com.unity.multiplayer.center@f01f4ba8d00a)
    com.unity.modules.accessibility@1.0.0 (location: /Users/um-yunsang/CHOOGuard/Library/PackageCache/com.unity.modules.accessibility)
    com.unity.modules.adaptiveperformance@1.0.0 (location: /Users/um-yunsang/CHOOGuard/Library/PackageCache/com.unity.modules.adaptiveperformance)
    com.unity.modules.ai@1.0.0 (location: /Users/um-yunsang/CHOOGuard/Library/PackageCache/com.unity.modules.ai)
    com.unity.modules.androidjni@1.0.0 (location: /Users/um-yunsang/CHOOGuard/Library/PackageCache/com.unity.modules.androidjni)
    com.unity.modules.animation@1.0.0 (location: /Users/um-yunsang/CHOOGuard/Library/PackageCache/com.unity.modules.animation)
    com.unity.modules.assetbundle@1.0.0 (location: /Users/um-yunsang/CHOOGuard/Library/PackageCache/com.unity.modules.assetbundle)
    com.unity.modules.audio@1.0.0 (location: /Users/um-yunsang/CHOOGuard/Library/PackageCache/com.unity.modules.audio)
    com.unity.modules.cloth@1.0.0 (location: /Users/um-yunsang/CHOOGuard/Library/PackageCache/com.unity.modules.cloth)
    com.unity.modules.director@1.0.0 (location: /Users/um-yunsang/CHOOGuard/Library/PackageCache/com.unity.modules.director)
    com.unity.modules.imageconversion@1.0.0 (location: /Users/um-yunsang/CHOOGuard/Library/PackageCache/com.unity.modules.imageconversion)
    com.unity.modules.imgui@1.0.0 (location: /Users/um-yunsang/CHOOGuard/Library/PackageCache/com.unity.modules.imgui)
    com.unity.modules.jsonserialize@1.0.0 (location: /Users/um-yunsang/CHOOGuard/Library/PackageCache/com.unity.modules.jsonserialize)
    com.unity.modules.particlesystem@1.0.0 (location: /Users/um-yunsang/CHOOGuard/Library/PackageCache/com.unity.modules.particlesystem)
    com.unity.modules.physics@1.0.0 (location: /Users/um-yunsang/CHOOGuard/Library/PackageCache/com.unity.modules.physics)
    com.unity.modules.physics2d@1.0.0 (location: /Users/um-yunsang/CHOOGuard/Library/PackageCache/com.unity.modules.physics2d)
    com.unity.modules.screencapture@1.0.0 (location: /Users/um-yunsang/CHOOGuard/Library/PackageCache/com.unity.modules.screencapture)
    com.unity.modules.terrain@1.0.0 (location: /Users/um-yunsang/CHOOGuard/Library/PackageCache/com.unity.modules.terrain)
    com.unity.modules.terrainphysics@1.0.0 (location: /Users/um-yunsang/CHOOGuard/Library/PackageCache/com.unity.modules.terrainphysics)
    com.unity.modules.tilemap@1.0.0 (location: /Users/um-yunsang/CHOOGuard/Library/PackageCache/com.unity.modules.tilemap)
    com.unity.modules.ui@1.0.0 (location: /Users/um-yunsang/CHOOGuard/Library/PackageCache/com.unity.modules.ui)
    com.unity.modules.uielements@1.0.0 (location: /Users/um-yunsang/CHOOGuard/Library/PackageCache/com.unity.modules.uielements)
    com.unity.modules.umbra@1.0.0 (location: /Users/um-yunsang/CHOOGuard/Library/PackageCache/com.unity.modules.umbra)
    com.unity.modules.unityanalytics@1.0.0 (location: /Users/um-yunsang/CHOOGuard/Library/PackageCache/com.unity.modules.unityanalytics)
    com.unity.modules.unitywebrequest@1.0.0 (location: /Users/um-yunsang/CHOOGuard/Library/PackageCache/com.unity.modules.unitywebrequest)
    com.unity.modules.unitywebrequestassetbundle@1.0.0 (location: /Users/um-yunsang/CHOOGuard/Library/PackageCache/com.unity.modules.unitywebrequestassetbundle)
    com.unity.modules.unitywebrequestaudio@1.0.0 (location: /Users/um-yunsang/CHOOGuard/Library/PackageCache/com.unity.modules.unitywebrequestaudio)
    com.unity.modules.unitywebrequesttexture@1.0.0 (location: /Users/um-yunsang/CHOOGuard/Library/PackageCache/com.unity.modules.unitywebrequesttexture)
    com.unity.modules.unitywebrequestwww@1.0.0 (location: /Users/um-yunsang/CHOOGuard/Library/PackageCache/com.unity.modules.unitywebrequestwww)
    com.unity.modules.vectorgraphics@1.0.0 (location: /Users/um-yunsang/CHOOGuard/Library/PackageCache/com.unity.modules.vectorgraphics)
    com.unity.modules.vehicles@1.0.0 (location: /Users/um-yunsang/CHOOGuard/Library/PackageCache/com.unity.modules.vehicles)
    com.unity.modules.video@1.0.0 (location: /Users/um-yunsang/CHOOGuard/Library/PackageCache/com.unity.modules.video)
    com.unity.modules.vr@1.0.0 (location: /Users/um-yunsang/CHOOGuard/Library/PackageCache/com.unity.modules.vr)
    com.unity.modules.wind@1.0.0 (location: /Users/um-yunsang/CHOOGuard/Library/PackageCache/com.unity.modules.wind)
    com.unity.modules.xr@1.0.0 (location: /Users/um-yunsang/CHOOGuard/Library/PackageCache/com.unity.modules.xr)
    com.unity.test-framework@1.6.0 (location: /Users/um-yunsang/CHOOGuard/Library/PackageCache/com.unity.test-framework@bd7f943e9647)
    com.unity.ext.nunit@2.0.5 (location: /Users/um-yunsang/CHOOGuard/Library/PackageCache/com.unity.ext.nunit@d8c07649098d)
    com.unity.modules.subsystems@1.0.0 (location: /Users/um-yunsang/CHOOGuard/Library/PackageCache/com.unity.modules.subsystems)
    com.unity.modules.hierarchycore@1.0.0 (location: /Users/um-yunsang/CHOOGuard/Library/PackageCache/com.unity.modules.hierarchycore)
  Embedded packages:
    com.xrlab.chooguard.foundation@file:/Users/um-yunsang/CHOOGuard/Packages/com.xrlab.chooguard.foundation (location: /Users/um-yunsang/CHOOGuard/Packages/com.xrlab.chooguard.foundation)
  Git packages:
    io.livekit.livekit-sdk@https://github.com/livekit/client-sdk-unity.git#v2.0.0 (location: /Users/um-yunsang/CHOOGuard/Library/PackageCache/io.livekit.livekit-sdk@ae9b98b38164)
[Subsystems] No new subsystems found in resolved package list.
[Package Manager] Done registering packages in 0.03 seconds
[ScriptCompilation] Requested script compilation because: Assetdatabase observed changes in script compilation related files
Duplicate assembly 'System.Runtime.CompilerServices.Unsafe.dll' with different versions detected, using 'Packages/io.livekit.livekit-sdk/Runtime/Plugins/System.Runtime.CompilerServices.Unsafe.dll, AssemblyName=System.Runtime.CompilerServices.Unsafe, Version=6.0.0.0, Culture=neutral, PublicKeyToken=b03f5f7f11d50a3a' and ignoring 'Packages/com.unity.pipeline/Runtime/Plugins/CodeAnalysis/System.Runtime.CompilerServices.Unsafe.dll, AssemblyName=System.Runtime.CompilerServices.Unsafe, Version=4.0.4.0, Culture=neutral, PublicKeyToken=b03f5f7f11d50a3a'.[40m[32minfo[39m[22m[49m: Microsoft.Hosting.Lifetime[14]
      Now listening on: http://unix:/tmp/ilpp.sock-f80e80a01f2d39130f64ae3a0efb5d7a
[40m[32minfo[39m[22m[49m: Microsoft.Hosting.Lifetime[0]
      Application started. Press Ctrl+C to shut down.
[40m[32minfo[39m[22m[49m: Microsoft.Hosting.Lifetime[0]
      Hosting environment: Production
[40m[32minfo[39m[22m[49m: Microsoft.Hosting.Lifetime[0]
      Content root path: /Users/um-yunsang/CHOOGuard/
[40m[32minfo[39m[22m[49m: Microsoft.AspNetCore.Hosting.Diagnostics[1]
      Request starting HTTP/2 POST http://ilpp/UnityILPP.PostProcessing/Ping application/grpc -
[40m[32minfo[39m[22m[49m: Microsoft.AspNetCore.Routing.EndpointMiddleware[0]
      Executing endpoint 'gRPC - /UnityILPP.PostProcessing/Ping'
[40m[32minfo[39m[22m[49m: Microsoft.AspNetCore.Routing.EndpointMiddleware[1]
      Executed endpoint 'gRPC - /UnityILPP.PostProcessing/Ping'
[40m[32minfo[39m[22m[49m: Microsoft.AspNetCore.Hosting.Diagnostics[2]
      Request finished HTTP/2 POST http://ilpp/UnityILPP.PostProcessing/Ping application/grpc - - 200 - application/grpc 110.5088ms
Starting: /Applications/Unity/Unity-6000.3.23f1/Unity.app/Contents/Resources/BuildPipeline/bee_backend --ipc --defer-dag-verification --dagfile="Library/Bee/200b0aE.dag" --continue-on-failure --profile="Library/Bee/backend1.traceevents" ScriptAssemblies
WorkingDir: /Users/um-yunsang/CHOOGuard
DisplayProgressbar: Compiling Scripts
[40m[32minfo[39m[22m[49m: Microsoft.AspNetCore.Hosting.Diagnostics[1]
      Request starting HTTP/2 POST http://ilpp/UnityILPP.PostProcessing/ConfigurePostProcessors application/grpc -
[40m[32minfo[39m[22m[49m: Microsoft.AspNetCore.Routing.EndpointMiddleware[0]
      Executing endpoint 'gRPC - /UnityILPP.PostProcessing/ConfigurePostProcessors'
[40m[1m[33mwarn[39m[22m[49m: Unity.ILPP.Runner.PostProcessingAssemblyLoadContext[0]
      Assembly system.runtime.interopservices.windowsruntime has duplicate hint path. Ignoring "/Applications/Unity/Unity-6000.3.23f1/Unity.app/Contents/Resources/Scripting/NetStandard/Extensions/2.0.0/System.Runtime.InteropServices.WindowsRuntime.dll" in favor of "/Applications/Unity/Unity-6000.3.23f1/Unity.app/Contents/Resources/Scripting/UnityReferenceAssemblies/unity-4.8-api/Facades/System.Runtime.InteropServices.WindowsRuntime.dll"
[40m[1m[33mwarn[39m[22m[49m: Unity.ILPP.Runner.PostProcessingAssemblyLoadContext[0]
      Assembly system.componentmodel.composition has duplicate hint path. Ignoring "/Applications/Unity/Unity-6000.3.23f1/Unity.app/Contents/Resources/Scripting/NetStandard/compat/2.1.0/shims/netfx/System.ComponentModel.Composition.dll" in favor of "/Applications/Unity/Unity-6000.3.23f1/Unity.app/Contents/Resources/Scripting/UnityReferenceAssemblies/unity-4.8-api/System.ComponentModel.Composition.dll"
[40m[32minfo[39m[22m[49m: Unity.ILPP.Runner.PostProcessingAssemblyLoadContext[0]
      Resolved Mono.Cecil, Version=0.11.5.0, Culture=neutral, PublicKeyToken=50cebf1cceb9d05e with Library/PackageCache/com.unity.nuget.mono-cecil@ecb9724e46ff/Mono.Cecil.dll
[40m[32minfo[39m[22m[49m: Unity.ILPP.Runner.PostProcessingAssemblyLoadContext[0]
      Resolved Unity.Burst.Cecil, Version=0.11.6.0, Culture=neutral, PublicKeyToken=50cebf1cceb9d05e with Library/PackageCache/com.unity.burst@2f3d916873ea/Unity.Burst.CodeGen/Unity.Burst.Cecil.dll
[40m[32minfo[39m[22m[49m: Microsoft.AspNetCore.Routing.EndpointMiddleware[1]
      Executed endpoint 'gRPC - /UnityILPP.PostProcessing/ConfigurePostProcessors'
[40m[32minfo[39m[22m[49m: Microsoft.AspNetCore.Hosting.Diagnostics[2]
      Request finished HTTP/2 POST http://ilpp/UnityILPP.PostProcessing/ConfigurePostProcessors application/grpc - - 200 - application/grpc 118.1917ms
[40m[32minfo[39m[22m[49m: Microsoft.AspNetCore.Hosting.Diagnostics[1]
      Request starting HTTP/2 POST http://ilpp/UnityILPP.PostProcessing/PostProcessAssembly application/grpc -
[40m[32minfo[39m[22m[49m: Microsoft.AspNetCore.Routing.EndpointMiddleware[0]
      Executing endpoint 'gRPC - /UnityILPP.PostProcessing/PostProcessAssembly'
[40m[32minfo[39m[22m[49m: Unity.ILPP.Runner.PostProcessingPipeline[0]
      Processing assembly Library/Bee/artifacts/200b0aE.dag/ChooGuard.Foundation.Multiplayer.Tests.dll, with 132 defines and 273 references
[40m[32minfo[39m[22m[49m: Unity.ILPP.Runner.PostProcessingPipeline[0]
      processors: Unity.Jobs.CodeGen.JobsILPostProcessor, Unity.Netcode.Editor.CodeGen.INetworkMessageILPP, Unity.Netcode.Editor.CodeGen.INetworkSerializableILPP, Unity.Netcode.Editor.CodeGen.NetworkBehaviourILPP, Unity.Netcode.Editor.CodeGen.RuntimeAccessModifiersILPP, Unity.Pipeline.CodeGen.HotReloadInPlaceILPostProcessor, zzzUnity.Burst.CodeGen.BurstILPostProcessor
[40m[32minfo[39m[22m[49m: Unity.ILPP.Runner.PostProcessingPipeline[0]
      running Unity.Jobs.CodeGen.JobsILPostProcessor
[40m[32minfo[39m[22m[49m: Unity.ILPP.Runner.PostProcessingAssemblyLoadContext[0]
      Resolved Unity.Collections, Version=0.0.0.0, Culture=neutral, PublicKeyToken=null with Library/Bee/artifacts/200b0aE.dag/Unity.Collections.dll
[40m[32minfo[39m[22m[49m: Unity.ILPP.Runner.PostProcessingAssemblyLoadContext[0]
      Resolved UnityEditor.CoreModule, Version=0.0.0.0, Culture=neutral, PublicKeyToken=null with /Applications/Unity/Unity-6000.3.23f1/Unity.app/Contents/Resources/Scripting/Managed/UnityEngine/UnityEditor.CoreModule.dll
[40m[32minfo[39m[22m[49m: Unity.ILPP.Runner.PostProcessingAssemblyLoadContext[0]
      Resolved UnityEngine.CoreModule, Version=0.0.0.0, Culture=neutral, PublicKeyToken=null with /Applications/Unity/Unity-6000.3.23f1/Unity.app/Contents/Resources/Scripting/Managed/UnityEngine/UnityEngine.CoreModule.dll
[40m[32minfo[39m[22m[49m: Unity.ILPP.Runner.PostProcessingPipeline[0]
      running Unity.Netcode.Editor.CodeGen.INetworkMessageILPP
[40m[32minfo[39m[22m[49m: Unity.ILPP.Runner.PostProcessingPipeline[0]
      running Unity.Netcode.Editor.CodeGen.INetworkSerializableILPP
[40m[32minfo[39m[22m[49m: Unity.ILPP.Runner.PostProcessingAssemblyLoadContext[0]
      Resolved Unity.Netcode.Runtime, Version=0.0.0.0, Culture=neutral, PublicKeyToken=null with Library/Bee/artifacts/200b0aE.dag/Unity.Netcode.Runtime.dll
[40m[32minfo[39m[22m[49m: Unity.ILPP.Runner.PostProcessingPipeline[0]
      running Unity.Netcode.Editor.CodeGen.NetworkBehaviourILPP
[40m[32minfo[39m[22m[49m: Unity.ILPP.Runner.PostProcessingAssemblyLoadContext[0]
      Resolved Mono.Cecil.Rocks, Version=0.11.5.0, Culture=neutral, PublicKeyToken=50cebf1cceb9d05e with Library/PackageCache/com.unity.nuget.mono-cecil@ecb9724e46ff/Mono.Cecil.Rocks.dll
[40m[32minfo[39m[22m[49m: Unity.ILPP.Runner.PostProcessingPipeline[0]
      running Unity.Netcode.Editor.CodeGen.RuntimeAccessModifiersILPP
[40m[32minfo[39m[22m[49m: Unity.ILPP.Runner.PostProcessingPipeline[0]
      running Unity.Pipeline.CodeGen.HotReloadInPlaceILPostProcessor
[40m[32minfo[39m[22m[49m: Unity.ILPP.Runner.PostProcessingPipeline[0]
      running zzzUnity.Burst.CodeGen.BurstILPostProcessor
[40m[32minfo[39m[22m[49m: Microsoft.AspNetCore.Routing.EndpointMiddleware[1]
      Executed endpoint 'gRPC - /UnityILPP.PostProcessing/PostProcessAssembly'
[40m[32minfo[39m[22m[49m: Microsoft.AspNetCore.Hosting.Diagnostics[2]
      Request finished HTTP/2 POST http://ilpp/UnityILPP.PostProcessing/PostProcessAssembly application/grpc - - 200 - application/grpc 1269.1312ms
ExitCode: 3 Duration: 6s544ms
[398/494    0s] ILPP-Configuration Library/ilpp-configuration.nevergeneratedoutput
[486/494    5s] Csc Library/Bee/artifacts/200b0aE.dag/ChooGuard.Foundation.Multiplayer.Tests.dll (+2 others)
[           0s] Csc Library/Bee/artifacts/200b0aE.dag/ChooGuard.Foundation.Multiplayer.Tests.dll (+2 others) [CacheWrite 00000000000000000000000000000005]
[487/494    1s] ILPostProcess Library/Bee/artifacts/200b0aE.dag/post-processed/ChooGuard.Foundation.Multiplayer.Tests.dll (+pdb)
Processing assembly Library/Bee/artifacts/200b0aE.dag/ChooGuard.Foundation.Multiplayer.Tests.dll, with 132 defines and 273 references
processors: Unity.Jobs.CodeGen.JobsILPostProcessor, Unity.Netcode.Editor.CodeGen.INetworkMessageILPP, Unity.Netcode.Editor.CodeGen.INetworkSerializableILPP, Unity.Netcode.Editor.CodeGen.NetworkBehaviourILPP, Unity.Netcode.Editor.CodeGen.RuntimeAccessModifiersILPP, Unity.Pipeline.CodeGen.HotReloadInPlaceILPostProcessor, zzzUnity.Burst.CodeGen.BurstILPostProcessor
running Unity.Jobs.CodeGen.JobsILPostProcessor
running Unity.Netcode.Editor.CodeGen.INetworkMessageILPP
running Unity.Netcode.Editor.CodeGen.INetworkSerializableILPP
running Unity.Netcode.Editor.CodeGen.NetworkBehaviourILPP
running Unity.Netcode.Editor.CodeGen.RuntimeAccessModifiersILPP
running Unity.Pipeline.CodeGen.HotReloadInPlaceILPostProcessor
running zzzUnity.Burst.CodeGen.BurstILPostProcessor
[488/494    0s] CopyFiles Library/ScriptAssemblies/ChooGuard.Foundation.Multiplayer.Tests.dll
[489/494    0s] CopyFiles Library/ScriptAssemblies/ChooGuard.Foundation.Multiplayer.Tests.pdb
[490/494    3s] Csc Library/Bee/artifacts/200b0aE.dag/ChooGuard.Foundation.Tests.dll (+2 others)
##### CommandLine
"/Applications/Unity/Unity-6000.3.23f1/Unity.app/Contents/Resources/Scripting/NetCoreRuntime/dotnet" exec "/Applications/Unity/Unity-6000.3.23f1/Unity.app/Contents/Resources/Scripting/DotNetSdkRoslyn/csc.dll" /nostdlib /noconfig /shared "@Library/Bee/artifacts/200b0aE.dag/ChooGuard.Foundation.Tests.rsp" "@Library/Bee/artifacts/200b0aE.dag/ChooGuard.Foundation.Tests.rsp2"
##### Contents of Library/Bee/artifacts/200b0aE.dag/ChooGuard.Foundation.Tests.rsp
-target:library
-out:"Library/Bee/artifacts/200b0aE.dag/ChooGuard.Foundation.Tests.dll"
-refout:"Library/Bee/artifacts/200b0aE.dag/ChooGuard.Foundation.Tests.ref.dll"
-define:UNITY_6000_3_23
-define:UNITY_6000_3
-define:UNITY_6000
-define:UNITY_5_3_OR_NEWER
-define:UNITY_5_4_OR_NEWER
-define:UNITY_5_5_OR_NEWER
-define:UNITY_5_6_OR_NEWER
-define:UNITY_2017_1_OR_NEWER
-define:UNITY_2017_2_OR_NEWER
-define:UNITY_2017_3_OR_NEWER
-define:UNITY_2017_4_OR_NEWER
-define:UNITY_2018_1_OR_NEWER
-define:UNITY_2018_2_OR_NEWER
-define:UNITY_2018_3_OR_NEWER
-define:UNITY_2018_4_OR_NEWER
-define:UNITY_2019_1_OR_NEWER
-define:UNITY_2019_2_OR_NEWER
-define:UNITY_2019_3_OR_NEWER
-define:UNITY_2019_4_OR_NEWER
-define:UNITY_2020_1_OR_NEWER
-define:UNITY_2020_2_OR_NEWER
-define:UNITY_2020_3_OR_NEWER
-define:UNITY_2021_1_OR_NEWER
-define:UNITY_2021_2_OR_NEWER
-define:UNITY_2021_3_OR_NEWER
-define:UNITY_2022_1_OR_NEWER
-define:UNITY_2022_2_OR_NEWER
-define:UNITY_2022_3_OR_NEWER
-define:UNITY_2023_1_OR_NEWER
-define:UNITY_2023_2_OR_NEWER
-define:UNITY_2023_3_OR_NEWER
-define:UNITY_6000_0_OR_NEWER
-define:UNITY_6000_1_OR_NEWER
-define:UNITY_6000_2_OR_NEWER
-define:UNITY_6000_3_OR_NEWER
-define:PLATFORM_ARCH_64
-define:UNITY_64
-define:UNITY_INCLUDE_TESTS
-define:ENABLE_AR
-define:ENABLE_AUDIO
-define:ENABLE_AUDIO_SCRIPTABLE_PIPELINE
-define:ENABLE_CACHING
-define:ENABLE_CLOTH
-define:ENABLE_MICROPHONE
-define:ENABLE_MULTIPLE_DISPLAYS
-define:ENABLE_PHYSICS
-define:ENABLE_TEXTURE_STREAMING
-define:ENABLE_VIRTUALTEXTURING
-define:ENABLE_LZMA
-define:ENABLE_UNITYEVENTS
-define:ENABLE_VR
-define:ENABLE_WEBCAM
-define:ENABLE_UNITYWEBREQUEST
-define:ENABLE_WWW
-define:ENABLE_CLOUD_SERVICES
-define:ENABLE_CLOUD_SERVICES_ADS
-define:ENABLE_CLOUD_SERVICES_USE_WEBREQUEST
-define:ENABLE_UNITY_CONSENT
-define:ENABLE_UNITY_CLOUD_IDENTIFIERS
-define:ENABLE_CLOUD_SERVICES_CRASH_REPORTING
-define:ENABLE_CLOUD_SERVICES_NATIVE_CRASH_REPORTING
-define:ENABLE_CLOUD_SERVICES_PURCHASING
-define:ENABLE_CLOUD_SERVICES_ANALYTICS
-define:ENABLE_CLOUD_SERVICES_BUILD
-define:ENABLE_EDITOR_GAME_SERVICES
-define:ENABLE_UNITY_GAME_SERVICES_ANALYTICS_SUPPORT
-define:ENABLE_CLOUD_LICENSE
-define:ENABLE_EDITOR_HUB_LICENSE
-define:ENABLE_WEBSOCKET_CLIENT
-define:ENABLE_GENERATE_NATIVE_PLUGINS_FOR_ASSEMBLIES_API
-define:ENABLE_DIRECTOR_AUDIO
-define:ENABLE_DIRECTOR_TEXTURE
-define:ENABLE_MANAGED_JOBS
-define:ENABLE_MANAGED_TRANSFORM_JOBS
-define:ENABLE_MANAGED_ANIMATION_JOBS
-define:ENABLE_MANAGED_AUDIO_JOBS
-define:ENABLE_MANAGED_UNITYTLS
-define:INCLUDE_DYNAMIC_GI
-define:ENABLE_SCRIPTING_GC_WBARRIERS
-define:PLATFORM_SUPPORTS_MONO
-define:RENDER_SOFTWARE_CURSOR
-define:ENABLE_MARSHALLING_TESTS
-define:ENABLE_VIDEO
-define:ENABLE_NAVIGATION_OFFMESHLINK_TO_NAVMESHLINK
-define:ENABLE_ACCELERATOR_CLIENT_DEBUGGING
-define:ENABLE_ACCESSIBILITY_SCREEN_READER
-define:TEXTCORE_1_0_OR_NEWER
-define:EDITOR_ONLY_NAVMESH_BUILDER_DEPRECATED
-define:PLATFORM_STANDALONE_OSX
-define:PLATFORM_STANDALONE
-define:UNITY_STANDALONE_OSX
-define:UNITY_STANDALONE
-define:ENABLE_GAMECENTER
-define:ENABLE_RUNTIME_GI
-define:ENABLE_MOVIES
-define:ENABLE_NETWORK
-define:ENABLE_CRUNCH_TEXTURE_COMPRESSION
-define:ENABLE_CLOUD_SERVICES_ENGINE_DIAGNOSTICS
-define:ENABLE_CLUSTER_SYNC
-define:ENABLE_CLUSTERINPUT
-define:ENABLE_SPATIALTRACKING
-define:PLATFORM_HAS_CUSTOM_MUTEX
-define:PLATFORM_UPDATES_TIME_OUTSIDE_OF_PLAYER_LOOP
-define:PLATFORM_SUPPORTS_SPLIT_GRAPHICS_JOBS
-define:ENABLE_MONO
-define:NET_4_6
-define:NET_UNITY_4_8
-define:ENABLE_PROFILER
-define:ENABLE_PROFILER_ASSISTANT_INTEGRATION
-define:DEBUG
-define:TRACE
-define:UNITY_ASSERTIONS
-define:UNITY_EDITOR
-define:UNITY_EDITOR_64
-define:UNITY_EDITOR_OSX
-define:ENABLE_UNITY_COLLECTIONS_CHECKS
-define:ENABLE_BURST_AOT
-define:UNITY_TEAM_LICENSE
-define:ENABLE_CUSTOM_RENDER_TEXTURE
-define:ENABLE_DIRECTOR
-define:ENABLE_LOCALIZATION
-define:ENABLE_SPRITES
-define:ENABLE_TERRAIN
-define:ENABLE_TILEMAP
-define:ENABLE_TIMELINE
-define:ENABLE_LEGACY_INPUT_MANAGER
-define:TEXTCORE_FONT_ENGINE_1_5_OR_NEWER
-define:TEXTCORE_TEXT_ENGINE_1_5_OR_NEWER
-define:TEXTCORE_FONT_ENGINE_1_6_OR_NEWER
-define:CSHARP_7_OR_LATER
-define:CSHARP_7_3_OR_NEWER
-define:UNITY_EDITOR_ONLY_COMPILATION
-r:"/Applications/Unity/Unity-6000.3.23f1/Unity.app/Contents/PlaybackEngines/MacStandaloneSupport/UnityEditor.OSXStandalone.Extensions.dll"
-r:"/Applications/Unity/Unity-6000.3.23f1/Unity.app/Contents/PlaybackEngines/MacStandaloneSupport/UnityEditor.iOS.Extensions.Xcode.dll"
-r:"/Applications/Unity/Unity-6000.3.23f1/Unity.app/Contents/Resources/Scripting/Managed/UnityEditor.Graphs.dll"
-r:"/Applications/Unity/Unity-6000.3.23f1/Unity.app/Contents/Resources/Scripting/Managed/UnityEngine/UnityEditor.AccessibilityModule.dll"
-r:"/Applications/Unity/Unity-6000.3.23f1/Unity.app/Contents/Resources/Scripting/Managed/UnityEngine/UnityEditor.AdaptivePerformanceModule.dll"
-r:"/Applications/Unity/Unity-6000.3.23f1/Unity.app/Contents/Resources/Scripting/Managed/UnityEngine/UnityEditor.AssetComplianceModule.dll"
-r:"/Applications/Unity/Unity-6000.3.23f1/Unity.app/Contents/Resources/Scripting/Managed/UnityEngine/UnityEditor.BuildProfileModule.dll"
-r:"/Applications/Unity/Unity-6000.3.23f1/Unity.app/Contents/Resources/Scripting/Managed/UnityEngine/UnityEditor.ClothModule.dll"
-r:"/Applications/Unity/Unity-6000.3.23f1/Unity.app/Contents/Resources/Scripting/Managed/UnityEngine/UnityEditor.CoreBusinessMetricsModule.dll"
-r:"/Applications/Unity/Unity-6000.3.23f1/Unity.app/Contents/Resources/Scripting/Managed/UnityEngine/UnityEditor.CoreModule.dll"
-r:"/Applications/Unity/Unity-6000.3.23f1/Unity.app/Contents/Resources/Scripting/Managed/UnityEngine/UnityEditor.DeviceSimulatorModule.dll"
-r:"/Applications/Unity/Unity-6000.3.23f1/Unity.app/Contents/Resources/Scripting/Managed/UnityEngine/UnityEditor.DiagnosticsModule.dll"
-r:"/Applications/Unity/Unity-6000.3.23f1/Unity.app/Contents/Resources/Scripting/Managed/UnityEngine/UnityEditor.EditorToolbarModule.dll"
-r:"/Applications/Unity/Unity-6000.3.23f1/Unity.app/Contents/Resources/Scripting/Managed/UnityEngine/UnityEditor.EmbreeModule.dll"
-r:"/Applications/Unity/Unity-6000.3.23f1/Unity.app/Contents/Resources/Scripting/Managed/UnityEngine/UnityEditor.GIModule.dll"
-r:"/Applications/Unity/Unity-6000.3.23f1/Unity.app/Contents/Resources/Scripting/Managed/UnityEngine/UnityEditor.GraphViewModule.dll"
-r:"/Applications/Unity/Unity-6000.3.23f1/Unity.app/Contents/Resources/Scripting/Managed/UnityEngine/UnityEditor.GraphicsStateCollectionSerializerModule.dll"
-r:"/Applications/Unity/Unity-6000.3.23f1/Unity.app/Contents/Resources/Scripting/Managed/UnityEngine/UnityEditor.GridAndSnapModule.dll"
-r:"/Applications/Unity/Unity-6000.3.23f1/Unity.app/Contents/Resources/Scripting/Managed/UnityEngine/UnityEditor.GridModule.dll"
-r:"/Applications/Unity/Unity-6000.3.23f1/Unity.app/Contents/Resources/Scripting/Managed/UnityEngine/UnityEditor.HierarchyModule.dll"
-r:"/Applications/Unity/Unity-6000.3.23f1/Unity.app/Contents/Resources/Scripting/Managed/UnityEngine/UnityEditor.MediaModule.dll"
-r:"/Applications/Unity/Unity-6000.3.23f1/Unity.app/Contents/Resources/Scripting/Managed/UnityEngine/UnityEditor.MultiplayerModule.dll"
-r:"/Applications/Unity/Unity-6000.3.23f1/Unity.app/Contents/Resources/Scripting/Managed/UnityEngine/UnityEditor.Physics2DModule.dll"
-r:"/Applications/Unity/Unity-6000.3.23f1/Unity.app/Contents/Resources/Scripting/Managed/UnityEngine/UnityEditor.PhysicsModule.dll"
-r:"/Applications/Unity/Unity-6000.3.23f1/Unity.app/Contents/Resources/Scripting/Managed/UnityEngine/UnityEditor.PlayModeModule.dll"
-r:"/Applications/Unity/Unity-6000.3.23f1/Unity.app/Contents/Resources/Scripting/Managed/UnityEngine/UnityEditor.PresetsUIModule.dll"
-r:"/Applications/Unity/Unity-6000.3.23f1/Unity.app/Contents/Resources/Scripting/Managed/UnityEngine/UnityEditor.PropertiesModule.dll"
-r:"/Applications/Unity/Unity-6000.3.23f1/Unity.app/Contents/Resources/Scripting/Managed/UnityEngine/UnityEditor.QuickInstallModule.dll"
-r:"/Applications/Unity/Unity-6000.3.23f1/Unity.app/Contents/Resources/Scripting/Managed/UnityEngine/UnityEditor.QuickSearchModule.dll"
-r:"/Applications/Unity/Unity-6000.3.23f1/Unity.app/Contents/Resources/Scripting/Managed/UnityEngine/UnityEditor.SafeModeModule.dll"
-r:"/Applications/Unity/Unity-6000.3.23f1/Unity.app/Contents/Resources/Scripting/Managed/UnityEngine/UnityEditor.SceneTemplateModule.dll"
-r:"/Applications/Unity/Unity-6000.3.23f1/Unity.app/Contents/Resources/Scripting/Managed/UnityEngine/UnityEditor.SceneViewModule.dll"
-r:"/Applications/Unity/Unity-6000.3.23f1/Unity.app/Contents/Resources/Scripting/Managed/UnityEngine/UnityEditor.ShaderBuildSettingsModule.dll"
-r:"/Applications/Unity/Unity-6000.3.23f1/Unity.app/Contents/Resources/Scripting/Managed/UnityEngine/UnityEditor.ShaderCompilationModule.dll"
-r:"/Applications/Unity/Unity-6000.3.23f1/Unity.app/Contents/Resources/Scripting/Managed/UnityEngine/UnityEditor.ShaderFoundryModule.dll"
-r:"/Applications/Unity/Unity-6000.3.23f1/Unity.app/Contents/Resources/Scripting/Managed/UnityEngine/UnityEditor.SketchUpModule.dll"
-r:"/Applications/Unity/Unity-6000.3.23f1/Unity.app/Contents/Resources/Scripting/Managed/UnityEngine/UnityEditor.SpriteMaskModule.dll"
-r:"/Applications/Unity/Unity-6000.3.23f1/Unity.app/Contents/Resources/Scripting/Managed/UnityEngine/UnityEditor.SpriteShapeModule.dll"
-r:"/Applications/Unity/Unity-6000.3.23f1/Unity.app/Contents/Resources/Scripting/Managed/UnityEngine/UnityEditor.SubstanceModule.dll"
-r:"/Applications/Unity/Unity-6000.3.23f1/Unity.app/Contents/Resources/Scripting/Managed/UnityEngine/UnityEditor.TerrainModule.dll"
-r:"/Applications/Unity/Unity-6000.3.23f1/Unity.app/Contents/Resources/Scripting/Managed/UnityEngine/UnityEditor.TextCoreFontEngineModule.dll"
-r:"/Applications/Unity/Unity-6000.3.23f1/Unity.app/Contents/Resources/Scripting/Managed/UnityEngine/UnityEditor.TextCoreTextEngineModule.dll"
-r:"/Applications/Unity/Unity-6000.3.23f1/Unity.app/Contents/Resources/Scripting/Managed/UnityEngine/UnityEditor.TextRenderingModule.dll"
-r:"/Applications/Unity/Unity-6000.3.23f1/Unity.app/Contents/Resources/Scripting/Managed/UnityEngine/UnityEditor.TilemapModule.dll"
-r:"/Applications/Unity/Unity-6000.3.23f1/Unity.app/Contents/Resources/Scripting/Managed/UnityEngine/UnityEditor.TreeModule.dll"
-r:"/Applications/Unity/Unity-6000.3.23f1/Unity.app/Contents/Resources/Scripting/Managed/UnityEngine/UnityEditor.UIAutomationModule.dll"
-r:"/Applications/Unity/Unity-6000.3.23f1/Unity.app/Contents/Resources/Scripting/Managed/UnityEngine/UnityEditor.UIBuilderModule.dll"
-r:"/Applications/Unity/Unity-6000.3.23f1/Unity.app/Contents/Resources/Scripting/Managed/UnityEngine/UnityEditor.UIElementsModule.dll"
-r:"/Applications/Unity/Unity-6000.3.23f1/Unity.app/Contents/Resources/Scripting/Managed/UnityEngine/UnityEditor.UIElementsSamplesModule.dll"
-r:"/Applications/Unity/Unity-6000.3.23f1/Unity.app/Contents/Resources/Scripting/Managed/UnityEngine/UnityEditor.UIToolkitAuthoringModule.dll"
-r:"/Applications/Unity/Unity-6000.3.23f1/Unity.app/Contents/Resources/Scripting/Managed/UnityEngine/UnityEditor.UmbraModule.dll"
-r:"/Applications/Unity/Unity-6000.3.23f1/Unity.app/Contents/Resources/Scripting/Managed/UnityEngine/UnityEditor.UnityConnectModule.dll"
-r:"/Applications/Unity/Unity-6000.3.23f1/Unity.app/Contents/Resources/Scripting/Managed/UnityEngine/UnityEditor.VFXModule.dll"
-r:"/Applications/Unity/Unity-6000.3.23f1/Unity.app/Contents/Resources/Scripting/Managed/UnityEngine/UnityEditor.VectorGraphicsModule.dll"
-r:"/Applications/Unity/Unity-6000.3.23f1/Unity.app/Contents/Resources/Scripting/Managed/UnityEngine/UnityEditor.VideoModule.dll"
-r:"/Applications/Unity/Unity-6000.3.23f1/Unity.app/Contents/Resources/Scripting/Managed/UnityEngine/UnityEditor.XRModule.dll"
-r:"/Applications/Unity/Unity-6000.3.23f1/Unity.app/Contents/Resources/Scripting/Managed/UnityEngine/UnityEditor.dll"
-r:"/Applications/Unity/Unity-6000.3.23f1/Unity.app/Contents/Resources/Scripting/Managed/UnityEngine/UnityEngine.AIModule.dll"
-r:"/Applications/Unity/Unity-6000.3.23f1/Unity.app/Contents/Resources/Scripting/Managed/UnityEngine/UnityEngine.AMDModule.dll"
-r:"/Applications/Unity/Unity-6000.3.23f1/Unity.app/Contents/Resources/Scripting/Managed/UnityEngine/UnityEngine.ARModule.dll"
-r:"/Applications/Unity/Unity-6000.3.23f1/Unity.app/Contents/Resources/Scripting/Managed/UnityEngine/UnityEngine.AccessibilityModule.dll"
-r:"/Applications/Unity/Unity-6000.3.23f1/Unity.app/Contents/Resources/Scripting/Managed/UnityEngine/UnityEngine.AdaptivePerformanceModule.dll"
-r:"/Applications/Unity/Unity-6000.3.23f1/Unity.app/Contents/Resources/Scripting/Managed/UnityEngine/UnityEngine.AndroidJNIModule.dll"
-r:"/Applications/Unity/Unity-6000.3.23f1/Unity.app/Contents/Resources/Scripting/Managed/UnityEngine/UnityEngine.AnimationModule.dll"
-r:"/Applications/Unity/Unity-6000.3.23f1/Unity.app/Contents/Resources/Scripting/Managed/UnityEngine/UnityEngine.AssetBundleModule.dll"
-r:"/Applications/Unity/Unity-6000.3.23f1/Unity.app/Contents/Resources/Scripting/Managed/UnityEngine/UnityEngine.AudioModule.dll"
-r:"/Applications/Unity/Unity-6000.3.23f1/Unity.app/Contents/Resources/Scripting/Managed/UnityEngine/UnityEngine.ClothModule.dll"
-r:"/Applications/Unity/Unity-6000.3.23f1/Unity.app/Contents/Resources/Scripting/Managed/UnityEngine/UnityEngine.ClusterInputModule.dll"
-r:"/Applications/Unity/Unity-6000.3.23f1/Unity.app/Contents/Resources/Scripting/Managed/UnityEngine/UnityEngine.ClusterRendererModule.dll"
-r:"/Applications/Unity/Unity-6000.3.23f1/Unity.app/Contents/Resources/Scripting/Managed/UnityEngine/UnityEngine.ContentLoadModule.dll"
-r:"/Applications/Unity/Unity-6000.3.23f1/Unity.app/Contents/Resources/Scripting/Managed/UnityEngine/UnityEngine.CoreModule.dll"
-r:"/Applications/Unity/Unity-6000.3.23f1/Unity.app/Contents/Resources/Scripting/Managed/UnityEngine/UnityEngine.CrashReportingModule.dll"
-r:"/Applications/Unity/Unity-6000.3.23f1/Unity.app/Contents/Resources/Scripting/Managed/UnityEngine/UnityEngine.DSPGraphModule.dll"
-r:"/Applications/Unity/Unity-6000.3.23f1/Unity.app/Contents/Resources/Scripting/Managed/UnityEngine/UnityEngine.DirectorModule.dll"
-r:"/Applications/Unity/Unity-6000.3.23f1/Unity.app/Contents/Resources/Scripting/Managed/UnityEngine/UnityEngine.GIModule.dll"
-r:"/Applications/Unity/Unity-6000.3.23f1/Unity.app/Contents/Resources/Scripting/Managed/UnityEngine/UnityEngine.GameCenterModule.dll"
-r:"/Applications/Unity/Unity-6000.3.23f1/Unity.app/Contents/Resources/Scripting/Managed/UnityEngine/UnityEngine.GraphicsStateCollectionSerializerModule.dll"
-r:"/Applications/Unity/Unity-6000.3.23f1/Unity.app/Contents/Resources/Scripting/Managed/UnityEngine/UnityEngine.GridModule.dll"
-r:"/Applications/Unity/Unity-6000.3.23f1/Unity.app/Contents/Resources/Scripting/Managed/UnityEngine/UnityEngine.HierarchyCoreModule.dll"
-r:"/Applications/Unity/Unity-6000.3.23f1/Unity.app/Contents/Resources/Scripting/Managed/UnityEngine/UnityEngine.HierarchyModule.dll"
-r:"/Applications/Unity/Unity-6000.3.23f1/Unity.app/Contents/Resources/Scripting/Managed/UnityEngine/UnityEngine.HotReloadModule.dll"
-r:"/Applications/Unity/Unity-6000.3.23f1/Unity.app/Contents/Resources/Scripting/Managed/UnityEngine/UnityEngine.IMGUIModule.dll"
-r:"/Applications/Unity/Unity-6000.3.23f1/Unity.app/Contents/Resources/Scripting/Managed/UnityEngine/UnityEngine.IdentifiersModule.dll"
-r:"/Applications/Unity/Unity-6000.3.23f1/Unity.app/Contents/Resources/Scripting/Managed/UnityEngine/UnityEngine.ImageConversionModule.dll"
-r:"/Applications/Unity/Unity-6000.3.23f1/Unity.app/Contents/Resources/Scripting/Managed/UnityEngine/UnityEngine.InputForUIModule.dll"
-r:"/Applications/Unity/Unity-6000.3.23f1/Unity.app/Contents/Resources/Scripting/Managed/UnityEngine/UnityEngine.InputLegacyModule.dll"
-r:"/Applications/Unity/Unity-6000.3.23f1/Unity.app/Contents/Resources/Scripting/Managed/UnityEngine/UnityEngine.InputModule.dll"
-r:"/Applications/Unity/Unity-6000.3.23f1/Unity.app/Contents/Resources/Scripting/Managed/UnityEngine/UnityEngine.InsightsModule.dll"
-r:"/Applications/Unity/Unity-6000.3.23f1/Unity.app/Contents/Resources/Scripting/Managed/UnityEngine/UnityEngine.JSONSerializeModule.dll"
-r:"/Applications/Unity/Unity-6000.3.23f1/Unity.app/Contents/Resources/Scripting/Managed/UnityEngine/UnityEngine.LocalizationModule.dll"
-r:"/Applications/Unity/Unity-6000.3.23f1/Unity.app/Contents/Resources/Scripting/Managed/UnityEngine/UnityEngine.MarshallingModule.dll"
-r:"/Applications/Unity/Unity-6000.3.23f1/Unity.app/Contents/Resources/Scripting/Managed/UnityEngine/UnityEngine.MultiplayerModule.dll"
-r:"/Applications/Unity/Unity-6000.3.23f1/Unity.app/Contents/Resources/Scripting/Managed/UnityEngine/UnityEngine.NVIDIAModule.dll"
-r:"/Applications/Unity/Unity-6000.3.23f1/Unity.app/Contents/Resources/Scripting/Managed/UnityEngine/UnityEngine.ParticleSystemModule.dll"
-r:"/Applications/Unity/Unity-6000.3.23f1/Unity.app/Contents/Resources/Scripting/Managed/UnityEngine/UnityEngine.PerformanceReportingModule.dll"
-r:"/Applications/Unity/Unity-6000.3.23f1/Unity.app/Contents/Resources/Scripting/Managed/UnityEngine/UnityEngine.Physics2DModule.dll"
-r:"/Applications/Unity/Unity-6000.3.23f1/Unity.app/Contents/Resources/Scripting/Managed/UnityEngine/UnityEngine.PhysicsBackendPhysXModule.dll"
-r:"/Applications/Unity/Unity-6000.3.23f1/Unity.app/Contents/Resources/Scripting/Managed/UnityEngine/UnityEngine.PhysicsModule.dll"
-r:"/Applications/Unity/Unity-6000.3.23f1/Unity.app/Contents/Resources/Scripting/Managed/UnityEngine/UnityEngine.PropertiesModule.dll"
-r:"/Applications/Unity/Unity-6000.3.23f1/Unity.app/Contents/Resources/Scripting/Managed/UnityEngine/UnityEngine.RenderAs2DModule.dll"
-r:"/Applications/Unity/Unity-6000.3.23f1/Unity.app/Contents/Resources/Scripting/Managed/UnityEngine/UnityEngine.RuntimeInitializeOnLoadManagerInitializerModule.dll"
-r:"/Applications/Unity/Unity-6000.3.23f1/Unity.app/Contents/Resources/Scripting/Managed/UnityEngine/UnityEngine.ScreenCaptureModule.dll"
-r:"/Applications/Unity/Unity-6000.3.23f1/Unity.app/Contents/Resources/Scripting/Managed/UnityEngine/UnityEngine.ShaderRuntimeModule.dll"
-r:"/Applications/Unity/Unity-6000.3.23f1/Unity.app/Contents/Resources/Scripting/Managed/UnityEngine/UnityEngine.ShaderVariantAnalyticsModule.dll"
-r:"/Applications/Unity/Unity-6000.3.23f1/Unity.app/Contents/Resources/Scripting/Managed/UnityEngine/UnityEngine.SharedInternalsModule.dll"
-r:"/Applications/Unity/Unity-6000.3.23f1/Unity.app/Contents/Resources/Scripting/Managed/UnityEngine/UnityEngine.SpriteMaskModule.dll"
-r:"/Applications/Unity/Unity-6000.3.23f1/Unity.app/Contents/Resources/Scripting/Managed/UnityEngine/UnityEngine.SpriteShapeModule.dll"
-r:"/Applications/Unity/Unity-6000.3.23f1/Unity.app/Contents/Resources/Scripting/Managed/UnityEngine/UnityEngine.StreamingModule.dll"
-r:"/Applications/Unity/Unity-6000.3.23f1/Unity.app/Contents/Resources/Scripting/Managed/UnityEngine/UnityEngine.SubstanceModule.dll"
-r:"/Applications/Unity/Unity-6000.3.23f1/Unity.app/Contents/Resources/Scripting/Managed/UnityEngine/UnityEngine.SubsystemsModule.dll"
-r:"/Applications/Unity/Unity-6000.3.23f1/Unity.app/Contents/Resources/Scripting/Managed/UnityEngine/UnityEngine.TLSModule.dll"
-r:"/Applications/Unity/Unity-6000.3.23f1/Unity.app/Contents/Resources/Scripting/Managed/UnityEngine/UnityEngine.TerrainModule.dll"
-r:"/Applications/Unity/Unity-6000.3.23f1/Unity.app/Contents/Resources/Scripting/Managed/UnityEngine/UnityEngine.TerrainPhysicsModule.dll"
-r:"/Applications/Unity/Unity-6000.3.23f1/Unity.app/Contents/Resources/Scripting/Managed/UnityEngine/UnityEngine.TextCoreFontEngineModule.dll"
-r:"/Applications/Unity/Unity-6000.3.23f1/Unity.app/Contents/Resources/Scripting/Managed/UnityEngine/UnityEngine.TextCoreTextEngineModule.dll"
-r:"/Applications/Unity/Unity-6000.3.23f1/Unity.app/Contents/Resources/Scripting/Managed/UnityEngine/UnityEngine.TextRenderingModule.dll"
-r:"/Applications/Unity/Unity-6000.3.23f1/Unity.app/Contents/Resources/Scripting/Managed/UnityEngine/UnityEngine.TilemapModule.dll"
-r:"/Applications/Unity/Unity-6000.3.23f1/Unity.app/Contents/Resources/Scripting/Managed/UnityEngine/UnityEngine.UIElementsModule.dll"
-r:"/Applications/Unity/Unity-6000.3.23f1/Unity.app/Contents/Resources/Scripting/Managed/UnityEngine/UnityEngine.UIModule.dll"
-r:"/Applications/Unity/Unity-6000.3.23f1/Unity.app/Contents/Resources/Scripting/Managed/UnityEngine/UnityEngine.UmbraModule.dll"
-r:"/Applications/Unity/Unity-6000.3.23f1/Unity.app/Contents/Resources/Scripting/Managed/UnityEngine/UnityEngine.UnityAnalyticsCommonModule.dll"
-r:"/Applications/Unity/Unity-6000.3.23f1/Unity.app/Contents/Resources/Scripting/Managed/UnityEngine/UnityEngine.UnityAnalyticsModule.dll"
-r:"/Applications/Unity/Unity-6000.3.23f1/Unity.app/Contents/Resources/Scripting/Managed/UnityEngine/UnityEngine.UnityConnectModule.dll"
-r:"/Applications/Unity/Unity-6000.3.23f1/Unity.app/Contents/Resources/Scripting/Managed/UnityEngine/UnityEngine.UnityConsentModule.dll"
-r:"/Applications/Unity/Unity-6000.3.23f1/Unity.app/Contents/Resources/Scripting/Managed/UnityEngine/UnityEngine.UnityCurlModule.dll"
-r:"/Applications/Unity/Unity-6000.3.23f1/Unity.app/Contents/Resources/Scripting/Managed/UnityEngine/UnityEngine.UnityWebRequestAssetBundleModule.dll"
-r:"/Applications/Unity/Unity-6000.3.23f1/Unity.app/Contents/Resources/Scripting/Managed/UnityEngine/UnityEngine.UnityWebRequestAudioModule.dll"
-r:"/Applications/Unity/Unity-6000.3.23f1/Unity.app/Contents/Resources/Scripting/Managed/UnityEngine/UnityEngine.UnityWebRequestModule.dll"
-r:"/Applications/Unity/Unity-6000.3.23f1/Unity.app/Contents/Resources/Scripting/Managed/UnityEngine/UnityEngine.UnityWebRequestTextureModule.dll"
-r:"/Applications/Unity/Unity-6000.3.23f1/Unity.app/Contents/Resources/Scripting/Managed/UnityEngine/UnityEngine.UnityWebRequestWWWModule.dll"
-r:"/Applications/Unity/Unity-6000.3.23f1/Unity.app/Contents/Resources/Scripting/Managed/UnityEngine/UnityEngine.VFXModule.dll"
-r:"/Applications/Unity/Unity-6000.3.23f1/Unity.app/Contents/Resources/Scripting/Managed/UnityEngine/UnityEngine.VRModule.dll"
-r:"/Applications/Unity/Unity-6000.3.23f1/Unity.app/Contents/Resources/Scripting/Managed/UnityEngine/UnityEngine.VectorGraphicsModule.dll"
-r:"/Applications/Unity/Unity-6000.3.23f1/Unity.app/Contents/Resources/Scripting/Managed/UnityEngine/UnityEngine.VehiclesModule.dll"
-r:"/Applications/Unity/Unity-6000.3.23f1/Unity.app/Contents/Resources/Scripting/Managed/UnityEngine/UnityEngine.VideoModule.dll"
-r:"/Applications/Unity/Unity-6000.3.23f1/Unity.app/Contents/Resources/Scripting/Managed/UnityEngine/UnityEngine.VirtualTexturingModule.dll"
-r:"/Applications/Unity/Unity-6000.3.23f1/Unity.app/Contents/Resources/Scripting/Managed/UnityEngine/UnityEngine.WindModule.dll"
-r:"/Applications/Unity/Unity-6000.3.23f1/Unity.app/Contents/Resources/Scripting/Managed/UnityEngine/UnityEngine.XRModule.dll"
-r:"/Applications/Unity/Unity-6000.3.23f1/Unity.app/Contents/Resources/Scripting/Managed/UnityEngine/UnityEngine.dll"
-r:"/Applications/Unity/Unity-6000.3.23f1/Unity.app/Contents/Resources/Scripting/UnityReferenceAssemblies/unity-4.8-api/Facades/Microsoft.Win32.Primitives.dll"
-r:"/Applications/Unity/Unity-6000.3.23f1/Unity.app/Contents/Resources/Scripting/UnityReferenceAssemblies/unity-4.8-api/Facades/System.AppContext.dll"
-r:"/Applications/Unity/Unity-6000.3.23f1/Unity.app/Contents/Resources/Scripting/UnityReferenceAssemblies/unity-4.8-api/Facades/System.Buffers.dll"
-r:"/Applications/Unity/Unity-6000.3.23f1/Unity.app/Contents/Resources/Scripting/UnityReferenceAssemblies/unity-4.8-api/Facades/System.Collections.Concurrent.dll"
-r:"/Applications/Unity/Unity-6000.3.23f1/Unity.app/Contents/Resources/Scripting/UnityReferenceAssemblies/unity-4.8-api/Facades/System.Collections.NonGeneric.dll"
-r:"/Applications/Unity/Unity-6000.3.23f1/Unity.app/Contents/Resources/Scripting/UnityReferenceAssemblies/unity-4.8-api/Facades/System.Collections.Specialized.dll"
-r:"/Applications/Unity/Unity-6000.3.23f1/Unity.app/Contents/Resources/Scripting/UnityReferenceAssemblies/unity-4.8-api/Facades/System.Collections.dll"
-r:"/Applications/Unity/Unity-6000.3.23f1/Unity.app/Contents/Resources/Scripting/UnityReferenceAssemblies/unity-4.8-api/Facades/System.ComponentModel.Annotations.dll"
-r:"/Applications/Unity/Unity-6000.3.23f1/Unity.app/Contents/Resources/Scripting/UnityReferenceAssemblies/unity-4.8-api/Facades/System.ComponentModel.EventBasedAsync.dll"
-r:"/Applications/Unity/Unity-6000.3.23f1/Unity.app/Contents/Resources/Scripting/UnityReferenceAssemblies/unity-4.8-api/Facades/System.ComponentModel.Primitives.dll"
-r:"/Applications/Unity/Unity-6000.3.23f1/Unity.app/Contents/Resources/Scripting/UnityReferenceAssemblies/unity-4.8-api/Facades/System.ComponentModel.TypeConverter.dll"
-r:"/Applications/Unity/Unity-6000.3.23f1/Unity.app/Contents/Resources/Scripting/UnityReferenceAssemblies/unity-4.8-api/Facades/System.ComponentModel.dll"
-r:"/Applications/Unity/Unity-6000.3.23f1/Unity.app/Contents/Resources/Scripting/UnityReferenceAssemblies/unity-4.8-api/Facades/System.Console.dll"
-r:"/Applications/Unity/Unity-6000.3.23f1/Unity.app/Contents/Resources/Scripting/UnityReferenceAssemblies/unity-4.8-api/Facades/System.Data.Common.dll"
-r:"/Applications/Unity/Unity-6000.3.23f1/Unity.app/Contents/Resources/Scripting/UnityReferenceAssemblies/unity-4.8-api/Facades/System.Diagnostics.Contracts.dll"
-r:"/Applications/Unity/Unity-6000.3.23f1/Unity.app/Contents/Resources/Scripting/UnityReferenceAssemblies/unity-4.8-api/Facades/System.Diagnostics.Debug.dll"
-r:"/Applications/Unity/Unity-6000.3.23f1/Unity.app/Contents/Resources/Scripting/UnityReferenceAssemblies/unity-4.8-api/Facades/System.Diagnostics.FileVersionInfo.dll"
-r:"/Applications/Unity/Unity-6000.3.23f1/Unity.app/Contents/Resources/Scripting/UnityReferenceAssemblies/unity-4.8-api/Facades/System.Diagnostics.Process.dll"
-r:"/Applications/Unity/Unity-6000.3.23f1/Unity.app/Contents/Resources/Scripting/UnityReferenceAssemblies/unity-4.8-api/Facades/System.Diagnostics.StackTrace.dll"
-r:"/Applications/Unity/Unity-6000.3.23f1/Unity.app/Contents/Resources/Scripting/UnityReferenceAssemblies/unity-4.8-api/Facades/System.Diagnostics.TextWriterTraceListener.dll"
-r:"/Applications/Unity/Unity-6000.3.23f1/Unity.app/Contents/Resources/Scripting/UnityReferenceAssemblies/unity-4.8-api/Facades/System.Diagnostics.Tools.dll"
-r:"/Applications/Unity/Unity-6000.3.23f1/Unity.app/Contents/Resources/Scripting/UnityReferenceAssemblies/unity-4.8-api/Facades/System.Diagnostics.TraceSource.dll"
-r:"/Applications/Unity/Unity-6000.3.23f1/Unity.app/Contents/Resources/Scripting/UnityReferenceAssemblies/unity-4.8-api/Facades/System.Drawing.Primitives.dll"
-r:"/Applications/Unity/Unity-6000.3.23f1/Unity.app/Contents/Resources/Scripting/UnityReferenceAssemblies/unity-4.8-api/Facades/System.Dynamic.Runtime.dll"
-r:"/Applications/Unity/Unity-6000.3.23f1/Unity.app/Contents/Resources/Scripting/UnityReferenceAssemblies/unity-4.8-api/Facades/System.Globalization.Calendars.dll"
-r:"/Applications/Unity/Unity-6000.3.23f1/Unity.app/Contents/Resources/Scripting/UnityReferenceAssemblies/unity-4.8-api/Facades/System.Globalization.Extensions.dll"
-r:"/Applications/Unity/Unity-6000.3.23f1/Unity.app/Contents/Resources/Scripting/UnityReferenceAssemblies/unity-4.8-api/Facades/System.Globalization.dll"
-r:"/Applications/Unity/Unity-6000.3.23f1/Unity.app/Contents/Resources/Scripting/UnityReferenceAssemblies/unity-4.8-api/Facades/System.IO.Compression.ZipFile.dll"
-r:"/Applications/Unity/Unity-6000.3.23f1/Unity.app/Contents/Resources/Scripting/UnityReferenceAssemblies/unity-4.8-api/Facades/System.IO.FileSystem.DriveInfo.dll"
-r:"/Applications/Unity/Unity-6000.3.23f1/Unity.app/Contents/Resources/Scripting/UnityReferenceAssemblies/unity-4.8-api/Facades/System.IO.FileSystem.Primitives.dll"
-r:"/Applications/Unity/Unity-6000.3.23f1/Unity.app/Contents/Resources/Scripting/UnityReferenceAssemblies/unity-4.8-api/Facades/System.IO.FileSystem.Watcher.dll"
-r:"/Applications/Unity/Unity-6000.3.23f1/Unity.app/Contents/Resources/Scripting/UnityReferenceAssemblies/unity-4.8-api/Facades/System.IO.FileSystem.dll"
-r:"/Applications/Unity/Unity-6000.3.23f1/Unity.app/Contents/Resources/Scripting/UnityReferenceAssemblies/unity-4.8-api/Facades/System.IO.IsolatedStorage.dll"
-r:"/Applications/Unity/Unity-6000.3.23f1/Unity.app/Contents/Resources/Scripting/UnityReferenceAssemblies/unity-4.8-api/Facades/System.IO.MemoryMappedFiles.dll"
-r:"/Applications/Unity/Unity-6000.3.23f1/Unity.app/Contents/Resources/Scripting/UnityReferenceAssemblies/unity-4.8-api/Facades/System.IO.Pipes.dll"
-r:"/Applications/Unity/Unity-6000.3.23f1/Unity.app/Contents/Resources/Scripting/UnityReferenceAssemblies/unity-4.8-api/Facades/System.IO.UnmanagedMemoryStream.dll"
-r:"/Applications/Unity/Unity-6000.3.23f1/Unity.app/Contents/Resources/Scripting/UnityReferenceAssemblies/unity-4.8-api/Facades/System.IO.dll"
-r:"/Applications/Unity/Unity-6000.3.23f1/Unity.app/Contents/Resources/Scripting/UnityReferenceAssemblies/unity-4.8-api/Facades/System.Linq.Expressions.dll"
-r:"/Applications/Unity/Unity-6000.3.23f1/Unity.app/Contents/Resources/Scripting/UnityReferenceAssemblies/unity-4.8-api/Facades/System.Linq.Parallel.dll"
-r:"/Applications/Unity/Unity-6000.3.23f1/Unity.app/Contents/Resources/Scripting/UnityReferenceAssemblies/unity-4.8-api/Facades/System.Linq.Queryable.dll"
-r:"/Applications/Unity/Unity-6000.3.23f1/Unity.app/Contents/Resources/Scripting/UnityReferenceAssemblies/unity-4.8-api/Facades/System.Linq.dll"
-r:"/Applications/Unity/Unity-6000.3.23f1/Unity.app/Contents/Resources/Scripting/UnityReferenceAssemblies/unity-4.8-api/Facades/System.Memory.dll"
-r:"/Applications/Unity/Unity-6000.3.23f1/Unity.app/Contents/Resources/Scripting/UnityReferenceAssemblies/unity-4.8-api/Facades/System.Net.Http.Rtc.dll"
-r:"/Applications/Unity/Unity-6000.3.23f1/Unity.app/Contents/Resources/Scripting/UnityReferenceAssemblies/unity-4.8-api/Facades/System.Net.NameResolution.dll"
-r:"/Applications/Unity/Unity-6000.3.23f1/Unity.app/Contents/Resources/Scripting/UnityReferenceAssemblies/unity-4.8-api/Facades/System.Net.NetworkInformation.dll"
-r:"/Applications/Unity/Unity-6000.3.23f1/Unity.app/Contents/Resources/Scripting/UnityReferenceAssemblies/unity-4.8-api/Facades/System.Net.Ping.dll"
-r:"/Applications/Unity/Unity-6000.3.23f1/Unity.app/Contents/Resources/Scripting/UnityReferenceAssemblies/unity-4.8-api/Facades/System.Net.Primitives.dll"
-r:"/Applications/Unity/Unity-6000.3.23f1/Unity.app/Contents/Resources/Scripting/UnityReferenceAssemblies/unity-4.8-api/Facades/System.Net.Requests.dll"
-r:"/Applications/Unity/Unity-6000.3.23f1/Unity.app/Contents/Resources/Scripting/UnityReferenceAssemblies/unity-4.8-api/Facades/System.Net.Security.dll"
-r:"/Applications/Unity/Unity-6000.3.23f1/Unity.app/Contents/Resources/Scripting/UnityReferenceAssemblies/unity-4.8-api/Facades/System.Net.Sockets.dll"
-r:"/Applications/Unity/Unity-6000.3.23f1/Unity.app/Contents/Resources/Scripting/UnityReferenceAssemblies/unity-4.8-api/Facades/System.Net.WebHeaderCollection.dll"
-r:"/Applications/Unity/Unity-6000.3.23f1/Unity.app/Contents/Resources/Scripting/UnityReferenceAssemblies/unity-4.8-api/Facades/System.Net.WebSockets.Client.dll"
-r:"/Applications/Unity/Unity-6000.3.23f1/Unity.app/Contents/Resources/Scripting/UnityReferenceAssemblies/unity-4.8-api/Facades/System.Net.WebSockets.dll"
-r:"/Applications/Unity/Unity-6000.3.23f1/Unity.app/Contents/Resources/Scripting/UnityReferenceAssemblies/unity-4.8-api/Facades/System.ObjectModel.dll"
-r:"/Applications/Unity/Unity-6000.3.23f1/Unity.app/Contents/Resources/Scripting/UnityReferenceAssemblies/unity-4.8-api/Facades/System.Reflection.DispatchProxy.dll"
-r:"/Applications/Unity/Unity-6000.3.23f1/Unity.app/Contents/Resources/Scripting/UnityReferenceAssemblies/unity-4.8-api/Facades/System.Reflection.Emit.ILGeneration.dll"
-r:"/Applications/Unity/Unity-6000.3.23f1/Unity.app/Contents/Resources/Scripting/UnityReferenceAssemblies/unity-4.8-api/Facades/System.Reflection.Emit.Lightweight.dll"
-r:"/Applications/Unity/Unity-6000.3.23f1/Unity.app/Contents/Resources/Scripting/UnityReferenceAssemblies/unity-4.8-api/Facades/System.Reflection.Emit.dll"
-r:"/Applications/Unity/Unity-6000.3.23f1/Unity.app/Contents/Resources/Scripting/UnityReferenceAssemblies/unity-4.8-api/Facades/System.Reflection.Extensions.dll"
-r:"/Applications/Unity/Unity-6000.3.23f1/Unity.app/Contents/Resources/Scripting/UnityReferenceAssemblies/unity-4.8-api/Facades/System.Reflection.Primitives.dll"
-r:"/Applications/Unity/Unity-6000.3.23f1/Unity.app/Contents/Resources/Scripting/UnityReferenceAssemblies/unity-4.8-api/Facades/System.Reflection.dll"
-r:"/Applications/Unity/Unity-6000.3.23f1/Unity.app/Contents/Resources/Scripting/UnityReferenceAssemblies/unity-4.8-api/Facades/System.Resources.Reader.dll"
-r:"/Applications/Unity/Unity-6000.3.23f1/Unity.app/Contents/Resources/Scripting/UnityReferenceAssemblies/unity-4.8-api/Facades/System.Resources.ResourceManager.dll"
-r:"/Applications/Unity/Unity-6000.3.23f1/Unity.app/Contents/Resources/Scripting/UnityReferenceAssemblies/unity-4.8-api/Facades/System.Resources.Writer.dll"
-r:"/Applications/Unity/Unity-6000.3.23f1/Unity.app/Contents/Resources/Scripting/UnityReferenceAssemblies/unity-4.8-api/Facades/System.Runtime.CompilerServices.VisualC.dll"
-r:"/Applications/Unity/Unity-6000.3.23f1/Unity.app/Contents/Resources/Scripting/UnityReferenceAssemblies/unity-4.8-api/Facades/System.Runtime.Extensions.dll"
-r:"/Applications/Unity/Unity-6000.3.23f1/Unity.app/Contents/Resources/Scripting/UnityReferenceAssemblies/unity-4.8-api/Facades/System.Runtime.Handles.dll"
-r:"/Applications/Unity/Unity-6000.3.23f1/Unity.app/Contents/Resources/Scripting/UnityReferenceAssemblies/unity-4.8-api/Facades/System.Runtime.InteropServices.RuntimeInformation.dll"
-r:"/Applications/Unity/Unity-6000.3.23f1/Unity.app/Contents/Resources/Scripting/UnityReferenceAssemblies/unity-4.8-api/Facades/System.Runtime.InteropServices.WindowsRuntime.dll"
-r:"/Applications/Unity/Unity-6000.3.23f1/Unity.app/Contents/Resources/Scripting/UnityReferenceAssemblies/unity-4.8-api/Facades/System.Runtime.InteropServices.dll"
-r:"/Applications/Unity/Unity-6000.3.23f1/Unity.app/Contents/Resources/Scripting/UnityReferenceAssemblies/unity-4.8-api/Facades/System.Runtime.Numerics.dll"
-r:"/Applications/Unity/Unity-6000.3.23f1/Unity.app/Contents/Resources/Scripting/UnityReferenceAssemblies/unity-4.8-api/Facades/System.Runtime.Serialization.Formatters.dll"
-r:"/Applications/Unity/Unity-6000.3.23f1/Unity.app/Contents/Resources/Scripting/UnityReferenceAssemblies/unity-4.8-api/Facades/System.Runtime.Serialization.Json.dll"
-r:"/Applications/Unity/Unity-6000.3.23f1/Unity.app/Contents/Resources/Scripting/UnityReferenceAssemblies/unity-4.8-api/Facades/System.Runtime.Serialization.Primitives.dll"
-r:"/Applications/Unity/Unity-6000.3.23f1/Unity.app/Contents/Resources/Scripting/UnityReferenceAssemblies/unity-4.8-api/Facades/System.Runtime.Serialization.Xml.dll"
-r:"/Applications/Unity/Unity-6000.3.23f1/Unity.app/Contents/Resources/Scripting/UnityReferenceAssemblies/unity-4.8-api/Facades/System.Runtime.dll"
-r:"/Applications/Unity/Unity-6000.3.23f1/Unity.app/Contents/Resources/Scripting/UnityReferenceAssemblies/unity-4.8-api/Facades/System.Security.Claims.dll"
-r:"/Applications/Unity/Unity-6000.3.23f1/Unity.app/Contents/Resources/Scripting/UnityReferenceAssemblies/unity-4.8-api/Facades/System.Security.Cryptography.Algorithms.dll"
-r:"/Applications/Unity/Unity-6000.3.23f1/Unity.app/Contents/Resources/Scripting/UnityReferenceAssemblies/unity-4.8-api/Facades/System.Security.Cryptography.Csp.dll"
-r:"/Applications/Unity/Unity-6000.3.23f1/Unity.app/Contents/Resources/Scripting/UnityReferenceAssemblies/unity-4.8-api/Facades/System.Security.Cryptography.Encoding.dll"
-r:"/Applications/Unity/Unity-6000.3.23f1/Unity.app/Contents/Resources/Scripting/UnityReferenceAssemblies/unity-4.8-api/Facades/System.Security.Cryptography.Primitives.dll"
-r:"/Applications/Unity/Unity-6000.3.23f1/Unity.app/Contents/Resources/Scripting/UnityReferenceAssemblies/unity-4.8-api/Facades/System.Security.Cryptography.X509Certificates.dll"
-r:"/Applications/Unity/Unity-6000.3.23f1/Unity.app/Contents/Resources/Scripting/UnityReferenceAssemblies/unity-4.8-api/Facades/System.Security.Principal.dll"
-r:"/Applications/Unity/Unity-6000.3.23f1/Unity.app/Contents/Resources/Scripting/UnityReferenceAssemblies/unity-4.8-api/Facades/System.Security.SecureString.dll"
-r:"/Applications/Unity/Unity-6000.3.23f1/Unity.app/Contents/Resources/Scripting/UnityReferenceAssemblies/unity-4.8-api/Facades/System.ServiceModel.Duplex.dll"
-r:"/Applications/Unity/Unity-6000.3.23f1/Unity.app/Contents/Resources/Scripting/UnityReferenceAssemblies/unity-4.8-api/Facades/System.ServiceModel.Http.dll"
-r:"/Applications/Unity/Unity-6000.3.23f1/Unity.app/Contents/Resources/Scripting/UnityReferenceAssemblies/unity-4.8-api/Facades/System.ServiceModel.NetTcp.dll"
-r:"/Applications/Unity/Unity-6000.3.23f1/Unity.app/Contents/Resources/Scripting/UnityReferenceAssemblies/unity-4.8-api/Facades/System.ServiceModel.Primitives.dll"
-r:"/Applications/Unity/Unity-6000.3.23f1/Unity.app/Contents/Resources/Scripting/UnityReferenceAssemblies/unity-4.8-api/Facades/System.ServiceModel.Security.dll"
-r:"/Applications/Unity/Unity-6000.3.23f1/Unity.app/Contents/Resources/Scripting/UnityReferenceAssemblies/unity-4.8-api/Facades/System.Text.Encoding.Extensions.dll"
-r:"/Applications/Unity/Unity-6000.3.23f1/Unity.app/Contents/Resources/Scripting/UnityReferenceAssemblies/unity-4.8-api/Facades/System.Text.Encoding.dll"
-r:"/Applications/Unity/Unity-6000.3.23f1/Unity.app/Contents/Resources/Scripting/UnityReferenceAssemblies/unity-4.8-api/Facades/System.Text.RegularExpressions.dll"
-r:"/Applications/Unity/Unity-6000.3.23f1/Unity.app/Contents/Resources/Scripting/UnityReferenceAssemblies/unity-4.8-api/Facades/System.Threading.Overlapped.dll"
-r:"/Applications/Unity/Unity-6000.3.23f1/Unity.app/Contents/Resources/Scripting/UnityReferenceAssemblies/unity-4.8-api/Facades/System.Threading.Tasks.Extensions.dll"
-r:"/Applications/Unity/Unity-6000.3.23f1/Unity.app/Contents/Resources/Scripting/UnityReferenceAssemblies/unity-4.8-api/Facades/System.Threading.Tasks.Parallel.dll"
-r:"/Applications/Unity/Unity-6000.3.23f1/Unity.app/Contents/Resources/Scripting/UnityReferenceAssemblies/unity-4.8-api/Facades/System.Threading.Tasks.dll"
-r:"/Applications/Unity/Unity-6000.3.23f1/Unity.app/Contents/Resources/Scripting/UnityReferenceAssemblies/unity-4.8-api/Facades/System.Threading.Thread.dll"
-r:"/Applications/Unity/Unity-6000.3.23f1/Unity.app/Contents/Resources/Scripting/UnityReferenceAssemblies/unity-4.8-api/Facades/System.Threading.ThreadPool.dll"
-r:"/Applications/Unity/Unity-6000.3.23f1/Unity.app/Contents/Resources/Scripting/UnityReferenceAssemblies/unity-4.8-api/Facades/System.Threading.Timer.dll"
-r:"/Applications/Unity/Unity-6000.3.23f1/Unity.app/Contents/Resources/Scripting/UnityReferenceAssemblies/unity-4.8-api/Facades/System.Threading.dll"
-r:"/Applications/Unity/Unity-6000.3.23f1/Unity.app/Contents/Resources/Scripting/UnityReferenceAssemblies/unity-4.8-api/Facades/System.ValueTuple.dll"
-r:"/Applications/Unity/Unity-6000.3.23f1/Unity.app/Contents/Resources/Scripting/UnityReferenceAssemblies/unity-4.8-api/Facades/System.Xml.ReaderWriter.dll"
-r:"/Applications/Unity/Unity-6000.3.23f1/Unity.app/Contents/Resources/Scripting/UnityReferenceAssemblies/unity-4.8-api/Facades/System.Xml.XDocument.dll"
-r:"/Applications/Unity/Unity-6000.3.23f1/Unity.app/Contents/Resources/Scripting/UnityReferenceAssemblies/unity-4.8-api/Facades/System.Xml.XPath.XDocument.dll"
-r:"/Applications/Unity/Unity-6000.3.23f1/Unity.app/Contents/Resources/Scripting/UnityReferenceAssemblies/unity-4.8-api/Facades/System.Xml.XPath.dll"
-r:"/Applications/Unity/Unity-6000.3.23f1/Unity.app/Contents/Resources/Scripting/UnityReferenceAssemblies/unity-4.8-api/Facades/System.Xml.XmlDocument.dll"
-r:"/Applications/Unity/Unity-6000.3.23f1/Unity.app/Contents/Resources/Scripting/UnityReferenceAssemblies/unity-4.8-api/Facades/System.Xml.XmlSerializer.dll"
-r:"/Applications/Unity/Unity-6000.3.23f1/Unity.app/Contents/Resources/Scripting/UnityReferenceAssemblies/unity-4.8-api/Facades/netstandard.dll"
-r:"/Applications/Unity/Unity-6000.3.23f1/Unity.app/Contents/Resources/Scripting/UnityReferenceAssemblies/unity-4.8-api/Microsoft.CSharp.dll"
-r:"/Applications/Unity/Unity-6000.3.23f1/Unity.app/Contents/Resources/Scripting/UnityReferenceAssemblies/unity-4.8-api/System.ComponentModel.Composition.dll"
-r:"/Applications/Unity/Unity-6000.3.23f1/Unity.app/Contents/Resources/Scripting/UnityReferenceAssemblies/unity-4.8-api/System.Core.dll"
-r:"/Applications/Unity/Unity-6000.3.23f1/Unity.app/Contents/Resources/Scripting/UnityReferenceAssemblies/unity-4.8-api/System.Data.DataSetExtensions.dll"
-r:"/Applications/Unity/Unity-6000.3.23f1/Unity.app/Contents/Resources/Scripting/UnityReferenceAssemblies/unity-4.8-api/System.Data.dll"
-r:"/Applications/Unity/Unity-6000.3.23f1/Unity.app/Contents/Resources/Scripting/UnityReferenceAssemblies/unity-4.8-api/System.Drawing.dll"
-r:"/Applications/Unity/Unity-6000.3.23f1/Unity.app/Contents/Resources/Scripting/UnityReferenceAssemblies/unity-4.8-api/System.IO.Compression.FileSystem.dll"
-r:"/Applications/Unity/Unity-6000.3.23f1/Unity.app/Contents/Resources/Scripting/UnityReferenceAssemblies/unity-4.8-api/System.IO.Compression.dll"
-r:"/Applications/Unity/Unity-6000.3.23f1/Unity.app/Contents/Resources/Scripting/UnityReferenceAssemblies/unity-4.8-api/System.Net.Http.dll"
-r:"/Applications/Unity/Unity-6000.3.23f1/Unity.app/Contents/Resources/Scripting/UnityReferenceAssemblies/unity-4.8-api/System.Numerics.Vectors.dll"
-r:"/Applications/Unity/Unity-6000.3.23f1/Unity.app/Contents/Resources/Scripting/UnityReferenceAssemblies/unity-4.8-api/System.Numerics.dll"
-r:"/Applications/Unity/Unity-6000.3.23f1/Unity.app/Contents/Resources/Scripting/UnityReferenceAssemblies/unity-4.8-api/System.Runtime.Serialization.dll"
-r:"/Applications/Unity/Unity-6000.3.23f1/Unity.app/Contents/Resources/Scripting/UnityReferenceAssemblies/unity-4.8-api/System.Transactions.dll"
-r:"/Applications/Unity/Unity-6000.3.23f1/Unity.app/Contents/Resources/Scripting/UnityReferenceAssemblies/unity-4.8-api/System.Xml.Linq.dll"
-r:"/Applications/Unity/Unity-6000.3.23f1/Unity.app/Contents/Resources/Scripting/UnityReferenceAssemblies/unity-4.8-api/System.Xml.dll"
-r:"/Applications/Unity/Unity-6000.3.23f1/Unity.app/Contents/Resources/Scripting/UnityReferenceAssemblies/unity-4.8-api/System.dll"
-r:"/Applications/Unity/Unity-6000.3.23f1/Unity.app/Contents/Resources/Scripting/UnityReferenceAssemblies/unity-4.8-api/mscorlib.dll"
-r:"Library/PackageCache/com.unity.ext.nunit@d8c07649098d/net40/unity-custom/nunit.framework.dll"
-r:"Library/Bee/artifacts/200b0aE.dag/ChooGuard.Foundation.Multiplayer.Editor.ref.dll"
-r:"Library/Bee/artifacts/200b0aE.dag/ChooGuard.Foundation.Multiplayer.ref.dll"
-r:"Library/Bee/artifacts/200b0aE.dag/ChooGuard.Foundation.ref.dll"
-r:"Library/Bee/artifacts/200b0aE.dag/UnityEditor.TestRunner.ref.dll"
-r:"Library/Bee/artifacts/200b0aE.dag/UnityEngine.TestRunner.ref.dll"
-analyzer:"/Applications/Unity/Unity-6000.3.23f1/Unity.app/Contents/Resources/BuildPipeline/Unity.SourceGenerators/Unity.Properties.SourceGenerator.dll"
-analyzer:"/Applications/Unity/Unity-6000.3.23f1/Unity.app/Contents/Resources/BuildPipeline/Unity.SourceGenerators/Unity.SourceGenerators.dll"
-analyzer:"/Applications/Unity/Unity-6000.3.23f1/Unity.app/Contents/Resources/BuildPipeline/Unity.SourceGenerators/Unity.UIToolkit.SourceGenerator.dll"
"Packages/com.xrlab.chooguard.foundation/Tests/Editor/AuthoritativeShiftTests.cs"
"Packages/com.xrlab.chooguard.foundation/Tests/Editor/CanonicalScenarioTests.cs"
"Packages/com.xrlab.chooguard.foundation/Tests/Editor/ConnectedThermalTests.cs"
"Packages/com.xrlab.chooguard.foundation/Tests/Editor/CoupledIncidentLifecycleTests.cs"
"Packages/com.xrlab.chooguard.foundation/Tests/Editor/CrowdBenchmarkTests.cs"
"Packages/com.xrlab.chooguard.foundation/Tests/Editor/CrowdForkTests.cs"
"Packages/com.xrlab.chooguard.foundation/Tests/Editor/CrowdLegacyFixture.cs"
"Packages/com.xrlab.chooguard.foundation/Tests/Editor/CrowdMotionTests.cs"
"Packages/com.xrlab.chooguard.foundation/Tests/Editor/CrowdMotionWindowTests.cs"
"Packages/com.xrlab.chooguard.foundation/Tests/Editor/CrowdPhaseTests.cs"
"Packages/com.xrlab.chooguard.foundation/Tests/Editor/CrowdWallOptimizationTests.cs"
"Packages/com.xrlab.chooguard.foundation/Tests/Editor/CrowdWorldContactTests.cs"
"Packages/com.xrlab.chooguard.foundation/Tests/Editor/FireBenchmarkTests.cs"
"Packages/com.xrlab.chooguard.foundation/Tests/Editor/FirePhysicsTests.cs"
"Packages/com.xrlab.chooguard.foundation/Tests/Editor/Fmp06aThermalBudgetTests.cs"
"Packages/com.xrlab.chooguard.foundation/Tests/Editor/Fmp06bBoundaryMatrixTests.cs"
"Packages/com.xrlab.chooguard.foundation/Tests/Editor/Fmp07cContactRestoreTests.cs"
"Packages/com.xrlab.chooguard.foundation/Tests/Editor/Fmp08bOccupancyTests.cs"
"Packages/com.xrlab.chooguard.foundation/Tests/Editor/FoundationLoadVerificationTests.cs"
"Packages/com.xrlab.chooguard.foundation/Tests/Editor/PhysicalCheckpointTests.cs"
"Packages/com.xrlab.chooguard.foundation/Tests/Editor/SimulatedAuthorityTests.cs"
"Packages/com.xrlab.chooguard.foundation/Tests/Editor/SimulatedSpatialTests.cs"
"Packages/com.xrlab.chooguard.foundation/Tests/Editor/SlopedFireCellTests.cs"
"Packages/com.xrlab.chooguard.foundation/Tests/Editor/SmokeOpticsTests.cs"
"Packages/com.xrlab.chooguard.foundation/Tests/Editor/TrainDynamicsTests.cs"
"Packages/com.xrlab.chooguard.foundation/Tests/Editor/TrainOperationTests.cs"
"Packages/com.xrlab.chooguard.foundation/Tests/Editor/TrainingSessionTests.cs"
"Packages/com.xrlab.chooguard.foundation/Tests/Editor/VoiceContractTests.cs"
-langversion:9.0
/deterministic
/optimize+
/debug:portable
/nologo
/RuntimeMetadataVersion:v4.0.30319
/nowarn:0169
/nowarn:0649
/nowarn:0282
/nowarn:1701
/nowarn:1702
/utf8output
/preferreduilang:en-US
/additionalfile:"Library/Bee/artifacts/200b0aE.dag/ChooGuard.Foundation.Tests.UnityAdditionalFile.txt"
##### Custom Environment Variables
DOTNET_MULTILEVEL_LOOKUP=0
##### ExitCode
1
##### Output
Packages/com.xrlab.chooguard.foundation/Tests/Editor/Fmp08bOccupancyTests.cs(1022,49): error CS1503: Argument 1: cannot convert from 'double' to 'string'
*** Tundra build failed (6.51 seconds), 6 items updated, 494 evaluated
## Script Compilation Error for: Csc Library/Bee/artifacts/200b0aE.dag/ChooGuard.Foundation.Tests.dll (+2 others)
## CmdLine: "/Applications/Unity/Unity-6000.3.23f1/Unity.app/Contents/Resources/Scripting/NetCoreRuntime/dotnet" exec "/Applications/Unity/Unity-6000.3.23f1/Unity.app/Contents/Resources/Scripting/DotNetSdkRoslyn/csc.dll" /nostdlib /noconfig /shared "@Library/Bee/artifacts/200b0aE.dag/ChooGuard.Foundation.Tests.rsp" "@Library/Bee/artifacts/200b0aE.dag/ChooGuard.Foundation.Tests.rsp2"
## Output:
Packages/com.xrlab.chooguard.foundation/Tests/Editor/Fmp08bOccupancyTests.cs(1022,49): error CS1503: Argument 1: cannot convert from 'double' to 'string'

Packages/com.xrlab.chooguard.foundation/Tests/Editor/Fmp08bOccupancyTests.cs(1022,49): error CS1503: Argument 1: cannot convert from 'double' to 'string'
AssetDatabase: script compilation time: 7.532894s
[ScriptCompilation] Requested script compilation because: Assetdatabase observed changes in script compilation related files
AssetDatabase: script compilation time: 0.000035s
Duplicate assembly 'System.Runtime.CompilerServices.Unsafe.dll' with different versions detected, using 'Packages/io.livekit.livekit-sdk/Runtime/Plugins/System.Runtime.CompilerServices.Unsafe.dll, AssemblyName=System.Runtime.CompilerServices.Unsafe, Version=6.0.0.0, Culture=neutral, PublicKeyToken=b03f5f7f11d50a3a' and ignoring 'Packages/com.unity.pipeline/Runtime/Plugins/CodeAnalysis/System.Runtime.CompilerServices.Unsafe.dll, AssemblyName=System.Runtime.CompilerServices.Unsafe, Version=4.0.4.0, Culture=neutral, PublicKeyToken=b03f5f7f11d50a3a'.Total cache size 87969750
Total cache size after purge 87969750, took 00:00:00.2083513
[40m[32minfo[39m[22m[49m: Microsoft.AspNetCore.Hosting.Diagnostics[1]
      Request starting HTTP/2 POST http://ilpp/UnityILPP.PostProcessing/Ping application/grpc -
[40m[32minfo[39m[22m[49m: Microsoft.AspNetCore.Routing.EndpointMiddleware[0]
      Executing endpoint 'gRPC - /UnityILPP.PostProcessing/Ping'
[40m[32minfo[39m[22m[49m: Microsoft.AspNetCore.Routing.EndpointMiddleware[1]
      Executed endpoint 'gRPC - /UnityILPP.PostProcessing/Ping'
[40m[32minfo[39m[22m[49m: Microsoft.AspNetCore.Hosting.Diagnostics[2]
      Request finished HTTP/2 POST http://ilpp/UnityILPP.PostProcessing/Ping application/grpc - - 200 - application/grpc 0.2578ms
Starting: /Applications/Unity/Unity-6000.3.23f1/Unity.app/Contents/Resources/BuildPipeline/bee_backend --ipc --defer-dag-verification --dagfile="Library/Bee/200b0aE.dag" --continue-on-failure --profile="Library/Bee/backend1.traceevents" ScriptAssemblies
WorkingDir: /Users/um-yunsang/CHOOGuard
[40m[32minfo[39m[22m[49m: Microsoft.AspNetCore.Hosting.Diagnostics[1]
      Request starting HTTP/2 POST http://ilpp/UnityILPP.PostProcessing/ConfigurePostProcessors application/grpc -
[40m[32minfo[39m[22m[49m: Microsoft.AspNetCore.Routing.EndpointMiddleware[0]
      Executing endpoint 'gRPC - /UnityILPP.PostProcessing/ConfigurePostProcessors'
[40m[32minfo[39m[22m[49m: Unity.ILPP.Runner.PostProcessingAssemblyLoadContext[0]
      Current configuration matches the requested one, skipping
[40m[32minfo[39m[22m[49m: Microsoft.AspNetCore.Routing.EndpointMiddleware[1]
      Executed endpoint 'gRPC - /UnityILPP.PostProcessing/ConfigurePostProcessors'
[40m[32minfo[39m[22m[49m: Microsoft.AspNetCore.Hosting.Diagnostics[2]
      Request finished HTTP/2 POST http://ilpp/UnityILPP.PostProcessing/ConfigurePostProcessors application/grpc - - 200 - application/grpc 4.8103ms
## Script Compilation Error for: Csc Library/Bee/artifacts/200b0aE.dag/ChooGuard.Foundation.Tests.dll (+2 others)
## CmdLine: "/Applications/Unity/Unity-6000.3.23f1/Unity.app/Contents/Resources/Scripting/NetCoreRuntime/dotnet" exec "/Applications/Unity/Unity-6000.3.23f1/Unity.app/Contents/Resources/Scripting/DotNetSdkRoslyn/csc.dll" /nostdlib /noconfig /shared "@Library/Bee/artifacts/200b0aE.dag/ChooGuard.Foundation.Tests.rsp" "@Library/Bee/artifacts/200b0aE.dag/ChooGuard.Foundation.Tests.rsp2"
## Output:
Packages/com.xrlab.chooguard.foundation/Tests/Editor/Fmp08bOccupancyTests.cs(1022,49): error CS1503: Argument 1: cannot convert from 'double' to 'string'

Packages/com.xrlab.chooguard.foundation/Tests/Editor/Fmp08bOccupancyTests.cs(1022,49): error CS1503: Argument 1: cannot convert from 'double' to 'string'
ExitCode: 3 Duration: 0s412ms
[399/494    0s] ILPP-Configuration Library/ilpp-configuration.nevergeneratedoutput
[490/494    0s] Csc Library/Bee/artifacts/200b0aE.dag/ChooGuard.Foundation.Tests.dll (+2 others)
##### CommandLine
"/Applications/Unity/Unity-6000.3.23f1/Unity.app/Contents/Resources/Scripting/NetCoreRuntime/dotnet" exec "/Applications/Unity/Unity-6000.3.23f1/Unity.app/Contents/Resources/Scripting/DotNetSdkRoslyn/csc.dll" /nostdlib /noconfig /shared "@Library/Bee/artifacts/200b0aE.dag/ChooGuard.Foundation.Tests.rsp" "@Library/Bee/artifacts/200b0aE.dag/ChooGuard.Foundation.Tests.rsp2"
##### Contents of Library/Bee/artifacts/200b0aE.dag/ChooGuard.Foundation.Tests.rsp
-target:library
-out:"Library/Bee/artifacts/200b0aE.dag/ChooGuard.Foundation.Tests.dll"
-refout:"Library/Bee/artifacts/200b0aE.dag/ChooGuard.Foundation.Tests.ref.dll"
-define:UNITY_6000_3_23
-define:UNITY_6000_3
-define:UNITY_6000
-define:UNITY_5_3_OR_NEWER
-define:UNITY_5_4_OR_NEWER
-define:UNITY_5_5_OR_NEWER
-define:UNITY_5_6_OR_NEWER
-define:UNITY_2017_1_OR_NEWER
-define:UNITY_2017_2_OR_NEWER
-define:UNITY_2017_3_OR_NEWER
-define:UNITY_2017_4_OR_NEWER
-define:UNITY_2018_1_OR_NEWER
-define:UNITY_2018_2_OR_NEWER
-define:UNITY_2018_3_OR_NEWER
-define:UNITY_2018_4_OR_NEWER
-define:UNITY_2019_1_OR_NEWER
-define:UNITY_2019_2_OR_NEWER
-define:UNITY_2019_3_OR_NEWER
-define:UNITY_2019_4_OR_NEWER
-define:UNITY_2020_1_OR_NEWER
-define:UNITY_2020_2_OR_NEWER
-define:UNITY_2020_3_OR_NEWER
-define:UNITY_2021_1_OR_NEWER
-define:UNITY_2021_2_OR_NEWER
-define:UNITY_2021_3_OR_NEWER
-define:UNITY_2022_1_OR_NEWER
-define:UNITY_2022_2_OR_NEWER
-define:UNITY_2022_3_OR_NEWER
-define:UNITY_2023_1_OR_NEWER
-define:UNITY_2023_2_OR_NEWER
-define:UNITY_2023_3_OR_NEWER
-define:UNITY_6000_0_OR_NEWER
-define:UNITY_6000_1_OR_NEWER
-define:UNITY_6000_2_OR_NEWER
-define:UNITY_6000_3_OR_NEWER
-define:PLATFORM_ARCH_64
-define:UNITY_64
-define:UNITY_INCLUDE_TESTS
-define:ENABLE_AR
-define:ENABLE_AUDIO
-define:ENABLE_AUDIO_SCRIPTABLE_PIPELINE
-define:ENABLE_CACHING
-define:ENABLE_CLOTH
-define:ENABLE_MICROPHONE
-define:ENABLE_MULTIPLE_DISPLAYS
-define:ENABLE_PHYSICS
-define:ENABLE_TEXTURE_STREAMING
-define:ENABLE_VIRTUALTEXTURING
-define:ENABLE_LZMA
-define:ENABLE_UNITYEVENTS
-define:ENABLE_VR
-define:ENABLE_WEBCAM
-define:ENABLE_UNITYWEBREQUEST
-define:ENABLE_WWW
-define:ENABLE_CLOUD_SERVICES
-define:ENABLE_CLOUD_SERVICES_ADS
-define:ENABLE_CLOUD_SERVICES_USE_WEBREQUEST
-define:ENABLE_UNITY_CONSENT
-define:ENABLE_UNITY_CLOUD_IDENTIFIERS
-define:ENABLE_CLOUD_SERVICES_CRASH_REPORTING
-define:ENABLE_CLOUD_SERVICES_NATIVE_CRASH_REPORTING
-define:ENABLE_CLOUD_SERVICES_PURCHASING
-define:ENABLE_CLOUD_SERVICES_ANALYTICS
-define:ENABLE_CLOUD_SERVICES_BUILD
-define:ENABLE_EDITOR_GAME_SERVICES
-define:ENABLE_UNITY_GAME_SERVICES_ANALYTICS_SUPPORT
-define:ENABLE_CLOUD_LICENSE
-define:ENABLE_EDITOR_HUB_LICENSE
-define:ENABLE_WEBSOCKET_CLIENT
-define:ENABLE_GENERATE_NATIVE_PLUGINS_FOR_ASSEMBLIES_API
-define:ENABLE_DIRECTOR_AUDIO
-define:ENABLE_DIRECTOR_TEXTURE
-define:ENABLE_MANAGED_JOBS
-define:ENABLE_MANAGED_TRANSFORM_JOBS
-define:ENABLE_MANAGED_ANIMATION_JOBS
-define:ENABLE_MANAGED_AUDIO_JOBS
-define:ENABLE_MANAGED_UNITYTLS
-define:INCLUDE_DYNAMIC_GI
-define:ENABLE_SCRIPTING_GC_WBARRIERS
-define:PLATFORM_SUPPORTS_MONO
-define:RENDER_SOFTWARE_CURSOR
-define:ENABLE_MARSHALLING_TESTS
-define:ENABLE_VIDEO
-define:ENABLE_NAVIGATION_OFFMESHLINK_TO_NAVMESHLINK
-define:ENABLE_ACCELERATOR_CLIENT_DEBUGGING
-define:ENABLE_ACCESSIBILITY_SCREEN_READER
-define:TEXTCORE_1_0_OR_NEWER
-define:EDITOR_ONLY_NAVMESH_BUILDER_DEPRECATED
-define:PLATFORM_STANDALONE_OSX
-define:PLATFORM_STANDALONE
-define:UNITY_STANDALONE_OSX
-define:UNITY_STANDALONE
-define:ENABLE_GAMECENTER
-define:ENABLE_RUNTIME_GI
-define:ENABLE_MOVIES
-define:ENABLE_NETWORK
-define:ENABLE_CRUNCH_TEXTURE_COMPRESSION
-define:ENABLE_CLOUD_SERVICES_ENGINE_DIAGNOSTICS
-define:ENABLE_CLUSTER_SYNC
-define:ENABLE_CLUSTERINPUT
-define:ENABLE_SPATIALTRACKING
-define:PLATFORM_HAS_CUSTOM_MUTEX
-define:PLATFORM_UPDATES_TIME_OUTSIDE_OF_PLAYER_LOOP
-define:PLATFORM_SUPPORTS_SPLIT_GRAPHICS_JOBS
-define:ENABLE_MONO
-define:NET_4_6
-define:NET_UNITY_4_8
-define:ENABLE_PROFILER
-define:ENABLE_PROFILER_ASSISTANT_INTEGRATION
-define:DEBUG
-define:TRACE
-define:UNITY_ASSERTIONS
-define:UNITY_EDITOR
-define:UNITY_EDITOR_64
-define:UNITY_EDITOR_OSX
-define:ENABLE_UNITY_COLLECTIONS_CHECKS
-define:ENABLE_BURST_AOT
-define:UNITY_TEAM_LICENSE
-define:ENABLE_CUSTOM_RENDER_TEXTURE
-define:ENABLE_DIRECTOR
-define:ENABLE_LOCALIZATION
-define:ENABLE_SPRITES
-define:ENABLE_TERRAIN
-define:ENABLE_TILEMAP
-define:ENABLE_TIMELINE
-define:ENABLE_LEGACY_INPUT_MANAGER
-define:TEXTCORE_FONT_ENGINE_1_5_OR_NEWER
-define:TEXTCORE_TEXT_ENGINE_1_5_OR_NEWER
-define:TEXTCORE_FONT_ENGINE_1_6_OR_NEWER
-define:CSHARP_7_OR_LATER
-define:CSHARP_7_3_OR_NEWER
-define:UNITY_EDITOR_ONLY_COMPILATION
-r:"/Applications/Unity/Unity-6000.3.23f1/Unity.app/Contents/PlaybackEngines/MacStandaloneSupport/UnityEditor.OSXStandalone.Extensions.dll"
-r:"/Applications/Unity/Unity-6000.3.23f1/Unity.app/Contents/PlaybackEngines/MacStandaloneSupport/UnityEditor.iOS.Extensions.Xcode.dll"
-r:"/Applications/Unity/Unity-6000.3.23f1/Unity.app/Contents/Resources/Scripting/Managed/UnityEditor.Graphs.dll"
-r:"/Applications/Unity/Unity-6000.3.23f1/Unity.app/Contents/Resources/Scripting/Managed/UnityEngine/UnityEditor.AccessibilityModule.dll"
-r:"/Applications/Unity/Unity-6000.3.23f1/Unity.app/Contents/Resources/Scripting/Managed/UnityEngine/UnityEditor.AdaptivePerformanceModule.dll"
-r:"/Applications/Unity/Unity-6000.3.23f1/Unity.app/Contents/Resources/Scripting/Managed/UnityEngine/UnityEditor.AssetComplianceModule.dll"
-r:"/Applications/Unity/Unity-6000.3.23f1/Unity.app/Contents/Resources/Scripting/Managed/UnityEngine/UnityEditor.BuildProfileModule.dll"
-r:"/Applications/Unity/Unity-6000.3.23f1/Unity.app/Contents/Resources/Scripting/Managed/UnityEngine/UnityEditor.ClothModule.dll"
-r:"/Applications/Unity/Unity-6000.3.23f1/Unity.app/Contents/Resources/Scripting/Managed/UnityEngine/UnityEditor.CoreBusinessMetricsModule.dll"
-r:"/Applications/Unity/Unity-6000.3.23f1/Unity.app/Contents/Resources/Scripting/Managed/UnityEngine/UnityEditor.CoreModule.dll"
-r:"/Applications/Unity/Unity-6000.3.23f1/Unity.app/Contents/Resources/Scripting/Managed/UnityEngine/UnityEditor.DeviceSimulatorModule.dll"
-r:"/Applications/Unity/Unity-6000.3.23f1/Unity.app/Contents/Resources/Scripting/Managed/UnityEngine/UnityEditor.DiagnosticsModule.dll"
-r:"/Applications/Unity/Unity-6000.3.23f1/Unity.app/Contents/Resources/Scripting/Managed/UnityEngine/UnityEditor.EditorToolbarModule.dll"
-r:"/Applications/Unity/Unity-6000.3.23f1/Unity.app/Contents/Resources/Scripting/Managed/UnityEngine/UnityEditor.EmbreeModule.dll"
-r:"/Applications/Unity/Unity-6000.3.23f1/Unity.app/Contents/Resources/Scripting/Managed/UnityEngine/UnityEditor.GIModule.dll"
-r:"/Applications/Unity/Unity-6000.3.23f1/Unity.app/Contents/Resources/Scripting/Managed/UnityEngine/UnityEditor.GraphViewModule.dll"
-r:"/Applications/Unity/Unity-6000.3.23f1/Unity.app/Contents/Resources/Scripting/Managed/UnityEngine/UnityEditor.GraphicsStateCollectionSerializerModule.dll"
-r:"/Applications/Unity/Unity-6000.3.23f1/Unity.app/Contents/Resources/Scripting/Managed/UnityEngine/UnityEditor.GridAndSnapModule.dll"
-r:"/Applications/Unity/Unity-6000.3.23f1/Unity.app/Contents/Resources/Scripting/Managed/UnityEngine/UnityEditor.GridModule.dll"
-r:"/Applications/Unity/Unity-6000.3.23f1/Unity.app/Contents/Resources/Scripting/Managed/UnityEngine/UnityEditor.HierarchyModule.dll"
-r:"/Applications/Unity/Unity-6000.3.23f1/Unity.app/Contents/Resources/Scripting/Managed/UnityEngine/UnityEditor.MediaModule.dll"
-r:"/Applications/Unity/Unity-6000.3.23f1/Unity.app/Contents/Resources/Scripting/Managed/UnityEngine/UnityEditor.MultiplayerModule.dll"
-r:"/Applications/Unity/Unity-6000.3.23f1/Unity.app/Contents/Resources/Scripting/Managed/UnityEngine/UnityEditor.Physics2DModule.dll"
-r:"/Applications/Unity/Unity-6000.3.23f1/Unity.app/Contents/Resources/Scripting/Managed/UnityEngine/UnityEditor.PhysicsModule.dll"
-r:"/Applications/Unity/Unity-6000.3.23f1/Unity.app/Contents/Resources/Scripting/Managed/UnityEngine/UnityEditor.PlayModeModule.dll"
-r:"/Applications/Unity/Unity-6000.3.23f1/Unity.app/Contents/Resources/Scripting/Managed/UnityEngine/UnityEditor.PresetsUIModule.dll"
-r:"/Applications/Unity/Unity-6000.3.23f1/Unity.app/Contents/Resources/Scripting/Managed/UnityEngine/UnityEditor.PropertiesModule.dll"
-r:"/Applications/Unity/Unity-6000.3.23f1/Unity.app/Contents/Resources/Scripting/Managed/UnityEngine/UnityEditor.QuickInstallModule.dll"
-r:"/Applications/Unity/Unity-6000.3.23f1/Unity.app/Contents/Resources/Scripting/Managed/UnityEngine/UnityEditor.QuickSearchModule.dll"
-r:"/Applications/Unity/Unity-6000.3.23f1/Unity.app/Contents/Resources/Scripting/Managed/UnityEngine/UnityEditor.SafeModeModule.dll"
-r:"/Applications/Unity/Unity-6000.3.23f1/Unity.app/Contents/Resources/Scripting/Managed/UnityEngine/UnityEditor.SceneTemplateModule.dll"
-r:"/Applications/Unity/Unity-6000.3.23f1/Unity.app/Contents/Resources/Scripting/Managed/UnityEngine/UnityEditor.SceneViewModule.dll"
-r:"/Applications/Unity/Unity-6000.3.23f1/Unity.app/Contents/Resources/Scripting/Managed/UnityEngine/UnityEditor.ShaderBuildSettingsModule.dll"
-r:"/Applications/Unity/Unity-6000.3.23f1/Unity.app/Contents/Resources/Scripting/Managed/UnityEngine/UnityEditor.ShaderCompilationModule.dll"
-r:"/Applications/Unity/Unity-6000.3.23f1/Unity.app/Contents/Resources/Scripting/Managed/UnityEngine/UnityEditor.ShaderFoundryModule.dll"
-r:"/Applications/Unity/Unity-6000.3.23f1/Unity.app/Contents/Resources/Scripting/Managed/UnityEngine/UnityEditor.SketchUpModule.dll"
-r:"/Applications/Unity/Unity-6000.3.23f1/Unity.app/Contents/Resources/Scripting/Managed/UnityEngine/UnityEditor.SpriteMaskModule.dll"
-r:"/Applications/Unity/Unity-6000.3.23f1/Unity.app/Contents/Resources/Scripting/Managed/UnityEngine/UnityEditor.SpriteShapeModule.dll"
-r:"/Applications/Unity/Unity-6000.3.23f1/Unity.app/Contents/Resources/Scripting/Managed/UnityEngine/UnityEditor.SubstanceModule.dll"
-r:"/Applications/Unity/Unity-6000.3.23f1/Unity.app/Contents/Resources/Scripting/Managed/UnityEngine/UnityEditor.TerrainModule.dll"
-r:"/Applications/Unity/Unity-6000.3.23f1/Unity.app/Contents/Resources/Scripting/Managed/UnityEngine/UnityEditor.TextCoreFontEngineModule.dll"
-r:"/Applications/Unity/Unity-6000.3.23f1/Unity.app/Contents/Resources/Scripting/Managed/UnityEngine/UnityEditor.TextCoreTextEngineModule.dll"
-r:"/Applications/Unity/Unity-6000.3.23f1/Unity.app/Contents/Resources/Scripting/Managed/UnityEngine/UnityEditor.TextRenderingModule.dll"
-r:"/Applications/Unity/Unity-6000.3.23f1/Unity.app/Contents/Resources/Scripting/Managed/UnityEngine/UnityEditor.TilemapModule.dll"
-r:"/Applications/Unity/Unity-6000.3.23f1/Unity.app/Contents/Resources/Scripting/Managed/UnityEngine/UnityEditor.TreeModule.dll"
-r:"/Applications/Unity/Unity-6000.3.23f1/Unity.app/Contents/Resources/Scripting/Managed/UnityEngine/UnityEditor.UIAutomationModule.dll"
-r:"/Applications/Unity/Unity-6000.3.23f1/Unity.app/Contents/Resources/Scripting/Managed/UnityEngine/UnityEditor.UIBuilderModule.dll"
-r:"/Applications/Unity/Unity-6000.3.23f1/Unity.app/Contents/Resources/Scripting/Managed/UnityEngine/UnityEditor.UIElementsModule.dll"
-r:"/Applications/Unity/Unity-6000.3.23f1/Unity.app/Contents/Resources/Scripting/Managed/UnityEngine/UnityEditor.UIElementsSamplesModule.dll"
-r:"/Applications/Unity/Unity-6000.3.23f1/Unity.app/Contents/Resources/Scripting/Managed/UnityEngine/UnityEditor.UIToolkitAuthoringModule.dll"
-r:"/Applications/Unity/Unity-6000.3.23f1/Unity.app/Contents/Resources/Scripting/Managed/UnityEngine/UnityEditor.UmbraModule.dll"
-r:"/Applications/Unity/Unity-6000.3.23f1/Unity.app/Contents/Resources/Scripting/Managed/UnityEngine/UnityEditor.UnityConnectModule.dll"
-r:"/Applications/Unity/Unity-6000.3.23f1/Unity.app/Contents/Resources/Scripting/Managed/UnityEngine/UnityEditor.VFXModule.dll"
-r:"/Applications/Unity/Unity-6000.3.23f1/Unity.app/Contents/Resources/Scripting/Managed/UnityEngine/UnityEditor.VectorGraphicsModule.dll"
-r:"/Applications/Unity/Unity-6000.3.23f1/Unity.app/Contents/Resources/Scripting/Managed/UnityEngine/UnityEditor.VideoModule.dll"
-r:"/Applications/Unity/Unity-6000.3.23f1/Unity.app/Contents/Resources/Scripting/Managed/UnityEngine/UnityEditor.XRModule.dll"
-r:"/Applications/Unity/Unity-6000.3.23f1/Unity.app/Contents/Resources/Scripting/Managed/UnityEngine/UnityEditor.dll"
-r:"/Applications/Unity/Unity-6000.3.23f1/Unity.app/Contents/Resources/Scripting/Managed/UnityEngine/UnityEngine.AIModule.dll"
-r:"/Applications/Unity/Unity-6000.3.23f1/Unity.app/Contents/Resources/Scripting/Managed/UnityEngine/UnityEngine.AMDModule.dll"
-r:"/Applications/Unity/Unity-6000.3.23f1/Unity.app/Contents/Resources/Scripting/Managed/UnityEngine/UnityEngine.ARModule.dll"
-r:"/Applications/Unity/Unity-6000.3.23f1/Unity.app/Contents/Resources/Scripting/Managed/UnityEngine/UnityEngine.AccessibilityModule.dll"
-r:"/Applications/Unity/Unity-6000.3.23f1/Unity.app/Contents/Resources/Scripting/Managed/UnityEngine/UnityEngine.AdaptivePerformanceModule.dll"
-r:"/Applications/Unity/Unity-6000.3.23f1/Unity.app/Contents/Resources/Scripting/Managed/UnityEngine/UnityEngine.AndroidJNIModule.dll"
-r:"/Applications/Unity/Unity-6000.3.23f1/Unity.app/Contents/Resources/Scripting/Managed/UnityEngine/UnityEngine.AnimationModule.dll"
-r:"/Applications/Unity/Unity-6000.3.23f1/Unity.app/Contents/Resources/Scripting/Managed/UnityEngine/UnityEngine.AssetBundleModule.dll"
-r:"/Applications/Unity/Unity-6000.3.23f1/Unity.app/Contents/Resources/Scripting/Managed/UnityEngine/UnityEngine.AudioModule.dll"
-r:"/Applications/Unity/Unity-6000.3.23f1/Unity.app/Contents/Resources/Scripting/Managed/UnityEngine/UnityEngine.ClothModule.dll"
-r:"/Applications/Unity/Unity-6000.3.23f1/Unity.app/Contents/Resources/Scripting/Managed/UnityEngine/UnityEngine.ClusterInputModule.dll"
-r:"/Applications/Unity/Unity-6000.3.23f1/Unity.app/Contents/Resources/Scripting/Managed/UnityEngine/UnityEngine.ClusterRendererModule.dll"
-r:"/Applications/Unity/Unity-6000.3.23f1/Unity.app/Contents/Resources/Scripting/Managed/UnityEngine/UnityEngine.ContentLoadModule.dll"
-r:"/Applications/Unity/Unity-6000.3.23f1/Unity.app/Contents/Resources/Scripting/Managed/UnityEngine/UnityEngine.CoreModule.dll"
-r:"/Applications/Unity/Unity-6000.3.23f1/Unity.app/Contents/Resources/Scripting/Managed/UnityEngine/UnityEngine.CrashReportingModule.dll"
-r:"/Applications/Unity/Unity-6000.3.23f1/Unity.app/Contents/Resources/Scripting/Managed/UnityEngine/UnityEngine.DSPGraphModule.dll"
-r:"/Applications/Unity/Unity-6000.3.23f1/Unity.app/Contents/Resources/Scripting/Managed/UnityEngine/UnityEngine.DirectorModule.dll"
-r:"/Applications/Unity/Unity-6000.3.23f1/Unity.app/Contents/Resources/Scripting/Managed/UnityEngine/UnityEngine.GIModule.dll"
-r:"/Applications/Unity/Unity-6000.3.23f1/Unity.app/Contents/Resources/Scripting/Managed/UnityEngine/UnityEngine.GameCenterModule.dll"
-r:"/Applications/Unity/Unity-6000.3.23f1/Unity.app/Contents/Resources/Scripting/Managed/UnityEngine/UnityEngine.GraphicsStateCollectionSerializerModule.dll"
-r:"/Applications/Unity/Unity-6000.3.23f1/Unity.app/Contents/Resources/Scripting/Managed/UnityEngine/UnityEngine.GridModule.dll"
-r:"/Applications/Unity/Unity-6000.3.23f1/Unity.app/Contents/Resources/Scripting/Managed/UnityEngine/UnityEngine.HierarchyCoreModule.dll"
-r:"/Applications/Unity/Unity-6000.3.23f1/Unity.app/Contents/Resources/Scripting/Managed/UnityEngine/UnityEngine.HierarchyModule.dll"
-r:"/Applications/Unity/Unity-6000.3.23f1/Unity.app/Contents/Resources/Scripting/Managed/UnityEngine/UnityEngine.HotReloadModule.dll"
-r:"/Applications/Unity/Unity-6000.3.23f1/Unity.app/Contents/Resources/Scripting/Managed/UnityEngine/UnityEngine.IMGUIModule.dll"
-r:"/Applications/Unity/Unity-6000.3.23f1/Unity.app/Contents/Resources/Scripting/Managed/UnityEngine/UnityEngine.IdentifiersModule.dll"
-r:"/Applications/Unity/Unity-6000.3.23f1/Unity.app/Contents/Resources/Scripting/Managed/UnityEngine/UnityEngine.ImageConversionModule.dll"
-r:"/Applications/Unity/Unity-6000.3.23f1/Unity.app/Contents/Resources/Scripting/Managed/UnityEngine/UnityEngine.InputForUIModule.dll"
-r:"/Applications/Unity/Unity-6000.3.23f1/Unity.app/Contents/Resources/Scripting/Managed/UnityEngine/UnityEngine.InputLegacyModule.dll"
-r:"/Applications/Unity/Unity-6000.3.23f1/Unity.app/Contents/Resources/Scripting/Managed/UnityEngine/UnityEngine.InputModule.dll"
-r:"/Applications/Unity/Unity-6000.3.23f1/Unity.app/Contents/Resources/Scripting/Managed/UnityEngine/UnityEngine.InsightsModule.dll"
-r:"/Applications/Unity/Unity-6000.3.23f1/Unity.app/Contents/Resources/Scripting/Managed/UnityEngine/UnityEngine.JSONSerializeModule.dll"
-r:"/Applications/Unity/Unity-6000.3.23f1/Unity.app/Contents/Resources/Scripting/Managed/UnityEngine/UnityEngine.LocalizationModule.dll"
-r:"/Applications/Unity/Unity-6000.3.23f1/Unity.app/Contents/Resources/Scripting/Managed/UnityEngine/UnityEngine.MarshallingModule.dll"
-r:"/Applications/Unity/Unity-6000.3.23f1/Unity.app/Contents/Resources/Scripting/Managed/UnityEngine/UnityEngine.MultiplayerModule.dll"
-r:"/Applications/Unity/Unity-6000.3.23f1/Unity.app/Contents/Resources/Scripting/Managed/UnityEngine/UnityEngine.NVIDIAModule.dll"
-r:"/Applications/Unity/Unity-6000.3.23f1/Unity.app/Contents/Resources/Scripting/Managed/UnityEngine/UnityEngine.ParticleSystemModule.dll"
-r:"/Applications/Unity/Unity-6000.3.23f1/Unity.app/Contents/Resources/Scripting/Managed/UnityEngine/UnityEngine.PerformanceReportingModule.dll"
-r:"/Applications/Unity/Unity-6000.3.23f1/Unity.app/Contents/Resources/Scripting/Managed/UnityEngine/UnityEngine.Physics2DModule.dll"
-r:"/Applications/Unity/Unity-6000.3.23f1/Unity.app/Contents/Resources/Scripting/Managed/UnityEngine/UnityEngine.PhysicsBackendPhysXModule.dll"
-r:"/Applications/Unity/Unity-6000.3.23f1/Unity.app/Contents/Resources/Scripting/Managed/UnityEngine/UnityEngine.PhysicsModule.dll"
-r:"/Applications/Unity/Unity-6000.3.23f1/Unity.app/Contents/Resources/Scripting/Managed/UnityEngine/UnityEngine.PropertiesModule.dll"
-r:"/Applications/Unity/Unity-6000.3.23f1/Unity.app/Contents/Resources/Scripting/Managed/UnityEngine/UnityEngine.RenderAs2DModule.dll"
-r:"/Applications/Unity/Unity-6000.3.23f1/Unity.app/Contents/Resources/Scripting/Managed/UnityEngine/UnityEngine.RuntimeInitializeOnLoadManagerInitializerModule.dll"
-r:"/Applications/Unity/Unity-6000.3.23f1/Unity.app/Contents/Resources/Scripting/Managed/UnityEngine/UnityEngine.ScreenCaptureModule.dll"
-r:"/Applications/Unity/Unity-6000.3.23f1/Unity.app/Contents/Resources/Scripting/Managed/UnityEngine/UnityEngine.ShaderRuntimeModule.dll"
-r:"/Applications/Unity/Unity-6000.3.23f1/Unity.app/Contents/Resources/Scripting/Managed/UnityEngine/UnityEngine.ShaderVariantAnalyticsModule.dll"
-r:"/Applications/Unity/Unity-6000.3.23f1/Unity.app/Contents/Resources/Scripting/Managed/UnityEngine/UnityEngine.SharedInternalsModule.dll"
-r:"/Applications/Unity/Unity-6000.3.23f1/Unity.app/Contents/Resources/Scripting/Managed/UnityEngine/UnityEngine.SpriteMaskModule.dll"
-r:"/Applications/Unity/Unity-6000.3.23f1/Unity.app/Contents/Resources/Scripting/Managed/UnityEngine/UnityEngine.SpriteShapeModule.dll"
-r:"/Applications/Unity/Unity-6000.3.23f1/Unity.app/Contents/Resources/Scripting/Managed/UnityEngine/UnityEngine.StreamingModule.dll"
-r:"/Applications/Unity/Unity-6000.3.23f1/Unity.app/Contents/Resources/Scripting/Managed/UnityEngine/UnityEngine.SubstanceModule.dll"
-r:"/Applications/Unity/Unity-6000.3.23f1/Unity.app/Contents/Resources/Scripting/Managed/UnityEngine/UnityEngine.SubsystemsModule.dll"
-r:"/Applications/Unity/Unity-6000.3.23f1/Unity.app/Contents/Resources/Scripting/Managed/UnityEngine/UnityEngine.TLSModule.dll"
-r:"/Applications/Unity/Unity-6000.3.23f1/Unity.app/Contents/Resources/Scripting/Managed/UnityEngine/UnityEngine.TerrainModule.dll"
-r:"/Applications/Unity/Unity-6000.3.23f1/Unity.app/Contents/Resources/Scripting/Managed/UnityEngine/UnityEngine.TerrainPhysicsModule.dll"
-r:"/Applications/Unity/Unity-6000.3.23f1/Unity.app/Contents/Resources/Scripting/Managed/UnityEngine/UnityEngine.TextCoreFontEngineModule.dll"
-r:"/Applications/Unity/Unity-6000.3.23f1/Unity.app/Contents/Resources/Scripting/Managed/UnityEngine/UnityEngine.TextCoreTextEngineModule.dll"
-r:"/Applications/Unity/Unity-6000.3.23f1/Unity.app/Contents/Resources/Scripting/Managed/UnityEngine/UnityEngine.TextRenderingModule.dll"
-r:"/Applications/Unity/Unity-6000.3.23f1/Unity.app/Contents/Resources/Scripting/Managed/UnityEngine/UnityEngine.TilemapModule.dll"
-r:"/Applications/Unity/Unity-6000.3.23f1/Unity.app/Contents/Resources/Scripting/Managed/UnityEngine/UnityEngine.UIElementsModule.dll"
-r:"/Applications/Unity/Unity-6000.3.23f1/Unity.app/Contents/Resources/Scripting/Managed/UnityEngine/UnityEngine.UIModule.dll"
-r:"/Applications/Unity/Unity-6000.3.23f1/Unity.app/Contents/Resources/Scripting/Managed/UnityEngine/UnityEngine.UmbraModule.dll"
-r:"/Applications/Unity/Unity-6000.3.23f1/Unity.app/Contents/Resources/Scripting/Managed/UnityEngine/UnityEngine.UnityAnalyticsCommonModule.dll"
-r:"/Applications/Unity/Unity-6000.3.23f1/Unity.app/Contents/Resources/Scripting/Managed/UnityEngine/UnityEngine.UnityAnalyticsModule.dll"
-r:"/Applications/Unity/Unity-6000.3.23f1/Unity.app/Contents/Resources/Scripting/Managed/UnityEngine/UnityEngine.UnityConnectModule.dll"
-r:"/Applications/Unity/Unity-6000.3.23f1/Unity.app/Contents/Resources/Scripting/Managed/UnityEngine/UnityEngine.UnityConsentModule.dll"
-r:"/Applications/Unity/Unity-6000.3.23f1/Unity.app/Contents/Resources/Scripting/Managed/UnityEngine/UnityEngine.UnityCurlModule.dll"
-r:"/Applications/Unity/Unity-6000.3.23f1/Unity.app/Contents/Resources/Scripting/Managed/UnityEngine/UnityEngine.UnityWebRequestAssetBundleModule.dll"
-r:"/Applications/Unity/Unity-6000.3.23f1/Unity.app/Contents/Resources/Scripting/Managed/UnityEngine/UnityEngine.UnityWebRequestAudioModule.dll"
-r:"/Applications/Unity/Unity-6000.3.23f1/Unity.app/Contents/Resources/Scripting/Managed/UnityEngine/UnityEngine.UnityWebRequestModule.dll"
-r:"/Applications/Unity/Unity-6000.3.23f1/Unity.app/Contents/Resources/Scripting/Managed/UnityEngine/UnityEngine.UnityWebRequestTextureModule.dll"
-r:"/Applications/Unity/Unity-6000.3.23f1/Unity.app/Contents/Resources/Scripting/Managed/UnityEngine/UnityEngine.UnityWebRequestWWWModule.dll"
-r:"/Applications/Unity/Unity-6000.3.23f1/Unity.app/Contents/Resources/Scripting/Managed/UnityEngine/UnityEngine.VFXModule.dll"
-r:"/Applications/Unity/Unity-6000.3.23f1/Unity.app/Contents/Resources/Scripting/Managed/UnityEngine/UnityEngine.VRModule.dll"
-r:"/Applications/Unity/Unity-6000.3.23f1/Unity.app/Contents/Resources/Scripting/Managed/UnityEngine/UnityEngine.VectorGraphicsModule.dll"
-r:"/Applications/Unity/Unity-6000.3.23f1/Unity.app/Contents/Resources/Scripting/Managed/UnityEngine/UnityEngine.VehiclesModule.dll"
-r:"/Applications/Unity/Unity-6000.3.23f1/Unity.app/Contents/Resources/Scripting/Managed/UnityEngine/UnityEngine.VideoModule.dll"
-r:"/Applications/Unity/Unity-6000.3.23f1/Unity.app/Contents/Resources/Scripting/Managed/UnityEngine/UnityEngine.VirtualTexturingModule.dll"
-r:"/Applications/Unity/Unity-6000.3.23f1/Unity.app/Contents/Resources/Scripting/Managed/UnityEngine/UnityEngine.WindModule.dll"
-r:"/Applications/Unity/Unity-6000.3.23f1/Unity.app/Contents/Resources/Scripting/Managed/UnityEngine/UnityEngine.XRModule.dll"
-r:"/Applications/Unity/Unity-6000.3.23f1/Unity.app/Contents/Resources/Scripting/Managed/UnityEngine/UnityEngine.dll"
-r:"/Applications/Unity/Unity-6000.3.23f1/Unity.app/Contents/Resources/Scripting/UnityReferenceAssemblies/unity-4.8-api/Facades/Microsoft.Win32.Primitives.dll"
-r:"/Applications/Unity/Unity-6000.3.23f1/Unity.app/Contents/Resources/Scripting/UnityReferenceAssemblies/unity-4.8-api/Facades/System.AppContext.dll"
-r:"/Applications/Unity/Unity-6000.3.23f1/Unity.app/Contents/Resources/Scripting/UnityReferenceAssemblies/unity-4.8-api/Facades/System.Buffers.dll"
-r:"/Applications/Unity/Unity-6000.3.23f1/Unity.app/Contents/Resources/Scripting/UnityReferenceAssemblies/unity-4.8-api/Facades/System.Collections.Concurrent.dll"
-r:"/Applications/Unity/Unity-6000.3.23f1/Unity.app/Contents/Resources/Scripting/UnityReferenceAssemblies/unity-4.8-api/Facades/System.Collections.NonGeneric.dll"
-r:"/Applications/Unity/Unity-6000.3.23f1/Unity.app/Contents/Resources/Scripting/UnityReferenceAssemblies/unity-4.8-api/Facades/System.Collections.Specialized.dll"
-r:"/Applications/Unity/Unity-6000.3.23f1/Unity.app/Contents/Resources/Scripting/UnityReferenceAssemblies/unity-4.8-api/Facades/System.Collections.dll"
-r:"/Applications/Unity/Unity-6000.3.23f1/Unity.app/Contents/Resources/Scripting/UnityReferenceAssemblies/unity-4.8-api/Facades/System.ComponentModel.Annotations.dll"
-r:"/Applications/Unity/Unity-6000.3.23f1/Unity.app/Contents/Resources/Scripting/UnityReferenceAssemblies/unity-4.8-api/Facades/System.ComponentModel.EventBasedAsync.dll"
-r:"/Applications/Unity/Unity-6000.3.23f1/Unity.app/Contents/Resources/Scripting/UnityReferenceAssemblies/unity-4.8-api/Facades/System.ComponentModel.Primitives.dll"
-r:"/Applications/Unity/Unity-6000.3.23f1/Unity.app/Contents/Resources/Scripting/UnityReferenceAssemblies/unity-4.8-api/Facades/System.ComponentModel.TypeConverter.dll"
-r:"/Applications/Unity/Unity-6000.3.23f1/Unity.app/Contents/Resources/Scripting/UnityReferenceAssemblies/unity-4.8-api/Facades/System.ComponentModel.dll"
-r:"/Applications/Unity/Unity-6000.3.23f1/Unity.app/Contents/Resources/Scripting/UnityReferenceAssemblies/unity-4.8-api/Facades/System.Console.dll"
-r:"/Applications/Unity/Unity-6000.3.23f1/Unity.app/Contents/Resources/Scripting/UnityReferenceAssemblies/unity-4.8-api/Facades/System.Data.Common.dll"
-r:"/Applications/Unity/Unity-6000.3.23f1/Unity.app/Contents/Resources/Scripting/UnityReferenceAssemblies/unity-4.8-api/Facades/System.Diagnostics.Contracts.dll"
-r:"/Applications/Unity/Unity-6000.3.23f1/Unity.app/Contents/Resources/Scripting/UnityReferenceAssemblies/unity-4.8-api/Facades/System.Diagnostics.Debug.dll"
-r:"/Applications/Unity/Unity-6000.3.23f1/Unity.app/Contents/Resources/Scripting/UnityReferenceAssemblies/unity-4.8-api/Facades/System.Diagnostics.FileVersionInfo.dll"
-r:"/Applications/Unity/Unity-6000.3.23f1/Unity.app/Contents/Resources/Scripting/UnityReferenceAssemblies/unity-4.8-api/Facades/System.Diagnostics.Process.dll"
-r:"/Applications/Unity/Unity-6000.3.23f1/Unity.app/Contents/Resources/Scripting/UnityReferenceAssemblies/unity-4.8-api/Facades/System.Diagnostics.StackTrace.dll"
-r:"/Applications/Unity/Unity-6000.3.23f1/Unity.app/Contents/Resources/Scripting/UnityReferenceAssemblies/unity-4.8-api/Facades/System.Diagnostics.TextWriterTraceListener.dll"
-r:"/Applications/Unity/Unity-6000.3.23f1/Unity.app/Contents/Resources/Scripting/UnityReferenceAssemblies/unity-4.8-api/Facades/System.Diagnostics.Tools.dll"
-r:"/Applications/Unity/Unity-6000.3.23f1/Unity.app/Contents/Resources/Scripting/UnityReferenceAssemblies/unity-4.8-api/Facades/System.Diagnostics.TraceSource.dll"
-r:"/Applications/Unity/Unity-6000.3.23f1/Unity.app/Contents/Resources/Scripting/UnityReferenceAssemblies/unity-4.8-api/Facades/System.Drawing.Primitives.dll"
-r:"/Applications/Unity/Unity-6000.3.23f1/Unity.app/Contents/Resources/Scripting/UnityReferenceAssemblies/unity-4.8-api/Facades/System.Dynamic.Runtime.dll"
-r:"/Applications/Unity/Unity-6000.3.23f1/Unity.app/Contents/Resources/Scripting/UnityReferenceAssemblies/unity-4.8-api/Facades/System.Globalization.Calendars.dll"
-r:"/Applications/Unity/Unity-6000.3.23f1/Unity.app/Contents/Resources/Scripting/UnityReferenceAssemblies/unity-4.8-api/Facades/System.Globalization.Extensions.dll"
-r:"/Applications/Unity/Unity-6000.3.23f1/Unity.app/Contents/Resources/Scripting/UnityReferenceAssemblies/unity-4.8-api/Facades/System.Globalization.dll"
-r:"/Applications/Unity/Unity-6000.3.23f1/Unity.app/Contents/Resources/Scripting/UnityReferenceAssemblies/unity-4.8-api/Facades/System.IO.Compression.ZipFile.dll"
-r:"/Applications/Unity/Unity-6000.3.23f1/Unity.app/Contents/Resources/Scripting/UnityReferenceAssemblies/unity-4.8-api/Facades/System.IO.FileSystem.DriveInfo.dll"
-r:"/Applications/Unity/Unity-6000.3.23f1/Unity.app/Contents/Resources/Scripting/UnityReferenceAssemblies/unity-4.8-api/Facades/System.IO.FileSystem.Primitives.dll"
-r:"/Applications/Unity/Unity-6000.3.23f1/Unity.app/Contents/Resources/Scripting/UnityReferenceAssemblies/unity-4.8-api/Facades/System.IO.FileSystem.Watcher.dll"
-r:"/Applications/Unity/Unity-6000.3.23f1/Unity.app/Contents/Resources/Scripting/UnityReferenceAssemblies/unity-4.8-api/Facades/System.IO.FileSystem.dll"
-r:"/Applications/Unity/Unity-6000.3.23f1/Unity.app/Contents/Resources/Scripting/UnityReferenceAssemblies/unity-4.8-api/Facades/System.IO.IsolatedStorage.dll"
-r:"/Applications/Unity/Unity-6000.3.23f1/Unity.app/Contents/Resources/Scripting/UnityReferenceAssemblies/unity-4.8-api/Facades/System.IO.MemoryMappedFiles.dll"
-r:"/Applications/Unity/Unity-6000.3.23f1/Unity.app/Contents/Resources/Scripting/UnityReferenceAssemblies/unity-4.8-api/Facades/System.IO.Pipes.dll"
-r:"/Applications/Unity/Unity-6000.3.23f1/Unity.app/Contents/Resources/Scripting/UnityReferenceAssemblies/unity-4.8-api/Facades/System.IO.UnmanagedMemoryStream.dll"
-r:"/Applications/Unity/Unity-6000.3.23f1/Unity.app/Contents/Resources/Scripting/UnityReferenceAssemblies/unity-4.8-api/Facades/System.IO.dll"
-r:"/Applications/Unity/Unity-6000.3.23f1/Unity.app/Contents/Resources/Scripting/UnityReferenceAssemblies/unity-4.8-api/Facades/System.Linq.Expressions.dll"
-r:"/Applications/Unity/Unity-6000.3.23f1/Unity.app/Contents/Resources/Scripting/UnityReferenceAssemblies/unity-4.8-api/Facades/System.Linq.Parallel.dll"
-r:"/Applications/Unity/Unity-6000.3.23f1/Unity.app/Contents/Resources/Scripting/UnityReferenceAssemblies/unity-4.8-api/Facades/System.Linq.Queryable.dll"
-r:"/Applications/Unity/Unity-6000.3.23f1/Unity.app/Contents/Resources/Scripting/UnityReferenceAssemblies/unity-4.8-api/Facades/System.Linq.dll"
-r:"/Applications/Unity/Unity-6000.3.23f1/Unity.app/Contents/Resources/Scripting/UnityReferenceAssemblies/unity-4.8-api/Facades/System.Memory.dll"
-r:"/Applications/Unity/Unity-6000.3.23f1/Unity.app/Contents/Resources/Scripting/UnityReferenceAssemblies/unity-4.8-api/Facades/System.Net.Http.Rtc.dll"
-r:"/Applications/Unity/Unity-6000.3.23f1/Unity.app/Contents/Resources/Scripting/UnityReferenceAssemblies/unity-4.8-api/Facades/System.Net.NameResolution.dll"
-r:"/Applications/Unity/Unity-6000.3.23f1/Unity.app/Contents/Resources/Scripting/UnityReferenceAssemblies/unity-4.8-api/Facades/System.Net.NetworkInformation.dll"
-r:"/Applications/Unity/Unity-6000.3.23f1/Unity.app/Contents/Resources/Scripting/UnityReferenceAssemblies/unity-4.8-api/Facades/System.Net.Ping.dll"
-r:"/Applications/Unity/Unity-6000.3.23f1/Unity.app/Contents/Resources/Scripting/UnityReferenceAssemblies/unity-4.8-api/Facades/System.Net.Primitives.dll"
-r:"/Applications/Unity/Unity-6000.3.23f1/Unity.app/Contents/Resources/Scripting/UnityReferenceAssemblies/unity-4.8-api/Facades/System.Net.Requests.dll"
-r:"/Applications/Unity/Unity-6000.3.23f1/Unity.app/Contents/Resources/Scripting/UnityReferenceAssemblies/unity-4.8-api/Facades/System.Net.Security.dll"
-r:"/Applications/Unity/Unity-6000.3.23f1/Unity.app/Contents/Resources/Scripting/UnityReferenceAssemblies/unity-4.8-api/Facades/System.Net.Sockets.dll"
-r:"/Applications/Unity/Unity-6000.3.23f1/Unity.app/Contents/Resources/Scripting/UnityReferenceAssemblies/unity-4.8-api/Facades/System.Net.WebHeaderCollection.dll"
-r:"/Applications/Unity/Unity-6000.3.23f1/Unity.app/Contents/Resources/Scripting/UnityReferenceAssemblies/unity-4.8-api/Facades/System.Net.WebSockets.Client.dll"
-r:"/Applications/Unity/Unity-6000.3.23f1/Unity.app/Contents/Resources/Scripting/UnityReferenceAssemblies/unity-4.8-api/Facades/System.Net.WebSockets.dll"
-r:"/Applications/Unity/Unity-6000.3.23f1/Unity.app/Contents/Resources/Scripting/UnityReferenceAssemblies/unity-4.8-api/Facades/System.ObjectModel.dll"
-r:"/Applications/Unity/Unity-6000.3.23f1/Unity.app/Contents/Resources/Scripting/UnityReferenceAssemblies/unity-4.8-api/Facades/System.Reflection.DispatchProxy.dll"
-r:"/Applications/Unity/Unity-6000.3.23f1/Unity.app/Contents/Resources/Scripting/UnityReferenceAssemblies/unity-4.8-api/Facades/System.Reflection.Emit.ILGeneration.dll"
-r:"/Applications/Unity/Unity-6000.3.23f1/Unity.app/Contents/Resources/Scripting/UnityReferenceAssemblies/unity-4.8-api/Facades/System.Reflection.Emit.Lightweight.dll"
-r:"/Applications/Unity/Unity-6000.3.23f1/Unity.app/Contents/Resources/Scripting/UnityReferenceAssemblies/unity-4.8-api/Facades/System.Reflection.Emit.dll"
-r:"/Applications/Unity/Unity-6000.3.23f1/Unity.app/Contents/Resources/Scripting/UnityReferenceAssemblies/unity-4.8-api/Facades/System.Reflection.Extensions.dll"
-r:"/Applications/Unity/Unity-6000.3.23f1/Unity.app/Contents/Resources/Scripting/UnityReferenceAssemblies/unity-4.8-api/Facades/System.Reflection.Primitives.dll"
-r:"/Applications/Unity/Unity-6000.3.23f1/Unity.app/Contents/Resources/Scripting/UnityReferenceAssemblies/unity-4.8-api/Facades/System.Reflection.dll"
-r:"/Applications/Unity/Unity-6000.3.23f1/Unity.app/Contents/Resources/Scripting/UnityReferenceAssemblies/unity-4.8-api/Facades/System.Resources.Reader.dll"
-r:"/Applications/Unity/Unity-6000.3.23f1/Unity.app/Contents/Resources/Scripting/UnityReferenceAssemblies/unity-4.8-api/Facades/System.Resources.ResourceManager.dll"
-r:"/Applications/Unity/Unity-6000.3.23f1/Unity.app/Contents/Resources/Scripting/UnityReferenceAssemblies/unity-4.8-api/Facades/System.Resources.Writer.dll"
-r:"/Applications/Unity/Unity-6000.3.23f1/Unity.app/Contents/Resources/Scripting/UnityReferenceAssemblies/unity-4.8-api/Facades/System.Runtime.CompilerServices.VisualC.dll"
-r:"/Applications/Unity/Unity-6000.3.23f1/Unity.app/Contents/Resources/Scripting/UnityReferenceAssemblies/unity-4.8-api/Facades/System.Runtime.Extensions.dll"
-r:"/Applications/Unity/Unity-6000.3.23f1/Unity.app/Contents/Resources/Scripting/UnityReferenceAssemblies/unity-4.8-api/Facades/System.Runtime.Handles.dll"
-r:"/Applications/Unity/Unity-6000.3.23f1/Unity.app/Contents/Resources/Scripting/UnityReferenceAssemblies/unity-4.8-api/Facades/System.Runtime.InteropServices.RuntimeInformation.dll"
-r:"/Applications/Unity/Unity-6000.3.23f1/Unity.app/Contents/Resources/Scripting/UnityReferenceAssemblies/unity-4.8-api/Facades/System.Runtime.InteropServices.WindowsRuntime.dll"
-r:"/Applications/Unity/Unity-6000.3.23f1/Unity.app/Contents/Resources/Scripting/UnityReferenceAssemblies/unity-4.8-api/Facades/System.Runtime.InteropServices.dll"
-r:"/Applications/Unity/Unity-6000.3.23f1/Unity.app/Contents/Resources/Scripting/UnityReferenceAssemblies/unity-4.8-api/Facades/System.Runtime.Numerics.dll"
-r:"/Applications/Unity/Unity-6000.3.23f1/Unity.app/Contents/Resources/Scripting/UnityReferenceAssemblies/unity-4.8-api/Facades/System.Runtime.Serialization.Formatters.dll"
-r:"/Applications/Unity/Unity-6000.3.23f1/Unity.app/Contents/Resources/Scripting/UnityReferenceAssemblies/unity-4.8-api/Facades/System.Runtime.Serialization.Json.dll"
-r:"/Applications/Unity/Unity-6000.3.23f1/Unity.app/Contents/Resources/Scripting/UnityReferenceAssemblies/unity-4.8-api/Facades/System.Runtime.Serialization.Primitives.dll"
-r:"/Applications/Unity/Unity-6000.3.23f1/Unity.app/Contents/Resources/Scripting/UnityReferenceAssemblies/unity-4.8-api/Facades/System.Runtime.Serialization.Xml.dll"
-r:"/Applications/Unity/Unity-6000.3.23f1/Unity.app/Contents/Resources/Scripting/UnityReferenceAssemblies/unity-4.8-api/Facades/System.Runtime.dll"
-r:"/Applications/Unity/Unity-6000.3.23f1/Unity.app/Contents/Resources/Scripting/UnityReferenceAssemblies/unity-4.8-api/Facades/System.Security.Claims.dll"
-r:"/Applications/Unity/Unity-6000.3.23f1/Unity.app/Contents/Resources/Scripting/UnityReferenceAssemblies/unity-4.8-api/Facades/System.Security.Cryptography.Algorithms.dll"
-r:"/Applications/Unity/Unity-6000.3.23f1/Unity.app/Contents/Resources/Scripting/UnityReferenceAssemblies/unity-4.8-api/Facades/System.Security.Cryptography.Csp.dll"
-r:"/Applications/Unity/Unity-6000.3.23f1/Unity.app/Contents/Resources/Scripting/UnityReferenceAssemblies/unity-4.8-api/Facades/System.Security.Cryptography.Encoding.dll"
-r:"/Applications/Unity/Unity-6000.3.23f1/Unity.app/Contents/Resources/Scripting/UnityReferenceAssemblies/unity-4.8-api/Facades/System.Security.Cryptography.Primitives.dll"
-r:"/Applications/Unity/Unity-6000.3.23f1/Unity.app/Contents/Resources/Scripting/UnityReferenceAssemblies/unity-4.8-api/Facades/System.Security.Cryptography.X509Certificates.dll"
-r:"/Applications/Unity/Unity-6000.3.23f1/Unity.app/Contents/Resources/Scripting/UnityReferenceAssemblies/unity-4.8-api/Facades/System.Security.Principal.dll"
-r:"/Applications/Unity/Unity-6000.3.23f1/Unity.app/Contents/Resources/Scripting/UnityReferenceAssemblies/unity-4.8-api/Facades/System.Security.SecureString.dll"
-r:"/Applications/Unity/Unity-6000.3.23f1/Unity.app/Contents/Resources/Scripting/UnityReferenceAssemblies/unity-4.8-api/Facades/System.ServiceModel.Duplex.dll"
-r:"/Applications/Unity/Unity-6000.3.23f1/Unity.app/Contents/Resources/Scripting/UnityReferenceAssemblies/unity-4.8-api/Facades/System.ServiceModel.Http.dll"
-r:"/Applications/Unity/Unity-6000.3.23f1/Unity.app/Contents/Resources/Scripting/UnityReferenceAssemblies/unity-4.8-api/Facades/System.ServiceModel.NetTcp.dll"
-r:"/Applications/Unity/Unity-6000.3.23f1/Unity.app/Contents/Resources/Scripting/UnityReferenceAssemblies/unity-4.8-api/Facades/System.ServiceModel.Primitives.dll"
-r:"/Applications/Unity/Unity-6000.3.23f1/Unity.app/Contents/Resources/Scripting/UnityReferenceAssemblies/unity-4.8-api/Facades/System.ServiceModel.Security.dll"
-r:"/Applications/Unity/Unity-6000.3.23f1/Unity.app/Contents/Resources/Scripting/UnityReferenceAssemblies/unity-4.8-api/Facades/System.Text.Encoding.Extensions.dll"
-r:"/Applications/Unity/Unity-6000.3.23f1/Unity.app/Contents/Resources/Scripting/UnityReferenceAssemblies/unity-4.8-api/Facades/System.Text.Encoding.dll"
-r:"/Applications/Unity/Unity-6000.3.23f1/Unity.app/Contents/Resources/Scripting/UnityReferenceAssemblies/unity-4.8-api/Facades/System.Text.RegularExpressions.dll"
-r:"/Applications/Unity/Unity-6000.3.23f1/Unity.app/Contents/Resources/Scripting/UnityReferenceAssemblies/unity-4.8-api/Facades/System.Threading.Overlapped.dll"
-r:"/Applications/Unity/Unity-6000.3.23f1/Unity.app/Contents/Resources/Scripting/UnityReferenceAssemblies/unity-4.8-api/Facades/System.Threading.Tasks.Extensions.dll"
-r:"/Applications/Unity/Unity-6000.3.23f1/Unity.app/Contents/Resources/Scripting/UnityReferenceAssemblies/unity-4.8-api/Facades/System.Threading.Tasks.Parallel.dll"
-r:"/Applications/Unity/Unity-6000.3.23f1/Unity.app/Contents/Resources/Scripting/UnityReferenceAssemblies/unity-4.8-api/Facades/System.Threading.Tasks.dll"
-r:"/Applications/Unity/Unity-6000.3.23f1/Unity.app/Contents/Resources/Scripting/UnityReferenceAssemblies/unity-4.8-api/Facades/System.Threading.Thread.dll"
-r:"/Applications/Unity/Unity-6000.3.23f1/Unity.app/Contents/Resources/Scripting/UnityReferenceAssemblies/unity-4.8-api/Facades/System.Threading.ThreadPool.dll"
-r:"/Applications/Unity/Unity-6000.3.23f1/Unity.app/Contents/Resources/Scripting/UnityReferenceAssemblies/unity-4.8-api/Facades/System.Threading.Timer.dll"
-r:"/Applications/Unity/Unity-6000.3.23f1/Unity.app/Contents/Resources/Scripting/UnityReferenceAssemblies/unity-4.8-api/Facades/System.Threading.dll"
-r:"/Applications/Unity/Unity-6000.3.23f1/Unity.app/Contents/Resources/Scripting/UnityReferenceAssemblies/unity-4.8-api/Facades/System.ValueTuple.dll"
-r:"/Applications/Unity/Unity-6000.3.23f1/Unity.app/Contents/Resources/Scripting/UnityReferenceAssemblies/unity-4.8-api/Facades/System.Xml.ReaderWriter.dll"
-r:"/Applications/Unity/Unity-6000.3.23f1/Unity.app/Contents/Resources/Scripting/UnityReferenceAssemblies/unity-4.8-api/Facades/System.Xml.XDocument.dll"
-r:"/Applications/Unity/Unity-6000.3.23f1/Unity.app/Contents/Resources/Scripting/UnityReferenceAssemblies/unity-4.8-api/Facades/System.Xml.XPath.XDocument.dll"
-r:"/Applications/Unity/Unity-6000.3.23f1/Unity.app/Contents/Resources/Scripting/UnityReferenceAssemblies/unity-4.8-api/Facades/System.Xml.XPath.dll"
-r:"/Applications/Unity/Unity-6000.3.23f1/Unity.app/Contents/Resources/Scripting/UnityReferenceAssemblies/unity-4.8-api/Facades/System.Xml.XmlDocument.dll"
-r:"/Applications/Unity/Unity-6000.3.23f1/Unity.app/Contents/Resources/Scripting/UnityReferenceAssemblies/unity-4.8-api/Facades/System.Xml.XmlSerializer.dll"
-r:"/Applications/Unity/Unity-6000.3.23f1/Unity.app/Contents/Resources/Scripting/UnityReferenceAssemblies/unity-4.8-api/Facades/netstandard.dll"
-r:"/Applications/Unity/Unity-6000.3.23f1/Unity.app/Contents/Resources/Scripting/UnityReferenceAssemblies/unity-4.8-api/Microsoft.CSharp.dll"
-r:"/Applications/Unity/Unity-6000.3.23f1/Unity.app/Contents/Resources/Scripting/UnityReferenceAssemblies/unity-4.8-api/System.ComponentModel.Composition.dll"
-r:"/Applications/Unity/Unity-6000.3.23f1/Unity.app/Contents/Resources/Scripting/UnityReferenceAssemblies/unity-4.8-api/System.Core.dll"
-r:"/Applications/Unity/Unity-6000.3.23f1/Unity.app/Contents/Resources/Scripting/UnityReferenceAssemblies/unity-4.8-api/System.Data.DataSetExtensions.dll"
-r:"/Applications/Unity/Unity-6000.3.23f1/Unity.app/Contents/Resources/Scripting/UnityReferenceAssemblies/unity-4.8-api/System.Data.dll"
-r:"/Applications/Unity/Unity-6000.3.23f1/Unity.app/Contents/Resources/Scripting/UnityReferenceAssemblies/unity-4.8-api/System.Drawing.dll"
-r:"/Applications/Unity/Unity-6000.3.23f1/Unity.app/Contents/Resources/Scripting/UnityReferenceAssemblies/unity-4.8-api/System.IO.Compression.FileSystem.dll"
-r:"/Applications/Unity/Unity-6000.3.23f1/Unity.app/Contents/Resources/Scripting/UnityReferenceAssemblies/unity-4.8-api/System.IO.Compression.dll"
-r:"/Applications/Unity/Unity-6000.3.23f1/Unity.app/Contents/Resources/Scripting/UnityReferenceAssemblies/unity-4.8-api/System.Net.Http.dll"
-r:"/Applications/Unity/Unity-6000.3.23f1/Unity.app/Contents/Resources/Scripting/UnityReferenceAssemblies/unity-4.8-api/System.Numerics.Vectors.dll"
-r:"/Applications/Unity/Unity-6000.3.23f1/Unity.app/Contents/Resources/Scripting/UnityReferenceAssemblies/unity-4.8-api/System.Numerics.dll"
-r:"/Applications/Unity/Unity-6000.3.23f1/Unity.app/Contents/Resources/Scripting/UnityReferenceAssemblies/unity-4.8-api/System.Runtime.Serialization.dll"
-r:"/Applications/Unity/Unity-6000.3.23f1/Unity.app/Contents/Resources/Scripting/UnityReferenceAssemblies/unity-4.8-api/System.Transactions.dll"
-r:"/Applications/Unity/Unity-6000.3.23f1/Unity.app/Contents/Resources/Scripting/UnityReferenceAssemblies/unity-4.8-api/System.Xml.Linq.dll"
-r:"/Applications/Unity/Unity-6000.3.23f1/Unity.app/Contents/Resources/Scripting/UnityReferenceAssemblies/unity-4.8-api/System.Xml.dll"
-r:"/Applications/Unity/Unity-6000.3.23f1/Unity.app/Contents/Resources/Scripting/UnityReferenceAssemblies/unity-4.8-api/System.dll"
-r:"/Applications/Unity/Unity-6000.3.23f1/Unity.app/Contents/Resources/Scripting/UnityReferenceAssemblies/unity-4.8-api/mscorlib.dll"
-r:"Library/PackageCache/com.unity.ext.nunit@d8c07649098d/net40/unity-custom/nunit.framework.dll"
-r:"Library/Bee/artifacts/200b0aE.dag/ChooGuard.Foundation.Multiplayer.Editor.ref.dll"
-r:"Library/Bee/artifacts/200b0aE.dag/ChooGuard.Foundation.Multiplayer.ref.dll"
-r:"Library/Bee/artifacts/200b0aE.dag/ChooGuard.Foundation.ref.dll"
-r:"Library/Bee/artifacts/200b0aE.dag/UnityEditor.TestRunner.ref.dll"
-r:"Library/Bee/artifacts/200b0aE.dag/UnityEngine.TestRunner.ref.dll"
-analyzer:"/Applications/Unity/Unity-6000.3.23f1/Unity.app/Contents/Resources/BuildPipeline/Unity.SourceGenerators/Unity.Properties.SourceGenerator.dll"
-analyzer:"/Applications/Unity/Unity-6000.3.23f1/Unity.app/Contents/Resources/BuildPipeline/Unity.SourceGenerators/Unity.SourceGenerators.dll"
-analyzer:"/Applications/Unity/Unity-6000.3.23f1/Unity.app/Contents/Resources/BuildPipeline/Unity.SourceGenerators/Unity.UIToolkit.SourceGenerator.dll"
"Packages/com.xrlab.chooguard.foundation/Tests/Editor/AuthoritativeShiftTests.cs"
"Packages/com.xrlab.chooguard.foundation/Tests/Editor/CanonicalScenarioTests.cs"
"Packages/com.xrlab.chooguard.foundation/Tests/Editor/ConnectedThermalTests.cs"
"Packages/com.xrlab.chooguard.foundation/Tests/Editor/CoupledIncidentLifecycleTests.cs"
"Packages/com.xrlab.chooguard.foundation/Tests/Editor/CrowdBenchmarkTests.cs"
"Packages/com.xrlab.chooguard.foundation/Tests/Editor/CrowdForkTests.cs"
"Packages/com.xrlab.chooguard.foundation/Tests/Editor/CrowdLegacyFixture.cs"
"Packages/com.xrlab.chooguard.foundation/Tests/Editor/CrowdMotionTests.cs"
"Packages/com.xrlab.chooguard.foundation/Tests/Editor/CrowdMotionWindowTests.cs"
"Packages/com.xrlab.chooguard.foundation/Tests/Editor/CrowdPhaseTests.cs"
"Packages/com.xrlab.chooguard.foundation/Tests/Editor/CrowdWallOptimizationTests.cs"
"Packages/com.xrlab.chooguard.foundation/Tests/Editor/CrowdWorldContactTests.cs"
"Packages/com.xrlab.chooguard.foundation/Tests/Editor/FireBenchmarkTests.cs"
"Packages/com.xrlab.chooguard.foundation/Tests/Editor/FirePhysicsTests.cs"
"Packages/com.xrlab.chooguard.foundation/Tests/Editor/Fmp06aThermalBudgetTests.cs"
"Packages/com.xrlab.chooguard.foundation/Tests/Editor/Fmp06bBoundaryMatrixTests.cs"
"Packages/com.xrlab.chooguard.foundation/Tests/Editor/Fmp07cContactRestoreTests.cs"
"Packages/com.xrlab.chooguard.foundation/Tests/Editor/Fmp08bOccupancyTests.cs"
"Packages/com.xrlab.chooguard.foundation/Tests/Editor/FoundationLoadVerificationTests.cs"
"Packages/com.xrlab.chooguard.foundation/Tests/Editor/PhysicalCheckpointTests.cs"
"Packages/com.xrlab.chooguard.foundation/Tests/Editor/SimulatedAuthorityTests.cs"
"Packages/com.xrlab.chooguard.foundation/Tests/Editor/SimulatedSpatialTests.cs"
"Packages/com.xrlab.chooguard.foundation/Tests/Editor/SlopedFireCellTests.cs"
"Packages/com.xrlab.chooguard.foundation/Tests/Editor/SmokeOpticsTests.cs"
"Packages/com.xrlab.chooguard.foundation/Tests/Editor/TrainDynamicsTests.cs"
"Packages/com.xrlab.chooguard.foundation/Tests/Editor/TrainOperationTests.cs"
"Packages/com.xrlab.chooguard.foundation/Tests/Editor/TrainingSessionTests.cs"
"Packages/com.xrlab.chooguard.foundation/Tests/Editor/VoiceContractTests.cs"
-langversion:9.0
/deterministic
/optimize+
/debug:portable
/nologo
/RuntimeMetadataVersion:v4.0.30319
/nowarn:0169
/nowarn:0649
/nowarn:0282
/nowarn:1701
/nowarn:1702
/utf8output
/preferreduilang:en-US
/additionalfile:"Library/Bee/artifacts/200b0aE.dag/ChooGuard.Foundation.Tests.UnityAdditionalFile.txt"
##### Custom Environment Variables
DOTNET_MULTILEVEL_LOOKUP=0
##### ExitCode
1
##### Output
Packages/com.xrlab.chooguard.foundation/Tests/Editor/Fmp08bOccupancyTests.cs(1022,49): error CS1503: Argument 1: cannot convert from 'double' to 'string'
*** Tundra build failed (0.40 seconds), 2 items updated, 494 evaluated
Scripts have compiler errors.
Total cache size 87969750
Total cache size after purge 87969750, took 00:00:00.0633659
[Package Manager] Server process was shutdown
[40m[32minfo[39m[22m[49m: Microsoft.Hosting.Lifetime[0]
      Application is shutting down...
[40m[32minfo[39m[22m[49m: Unity.ILPP.Runner.PostProcessingAssemblyLoadContext[0]
      ALC ILPP context 1 is unloading
