Unity Editor version:    6000.3.23f1 (09d2ecc7fb28)
Branch:                  6000.3/staging
Build type:              Release
Batch mode:              YES
macOS version:           Version 26.5 (Build 25F71)
Darwin version:          25.5.0
Architecture:            arm64
Running under Rosetta:   NO
Available memory:        16384 MB
Date:                    2026-09-14T15:59:25Z
[Licensing::Module] Trying to connect to existing licensing client channel...
[Licensing::IpcConnector] Channel LicenseClient-um-yunsang doesn't exist
Launching external process: /Applications/Unity/Unity-6000.3.23f1/Unity.app/Contents/Helpers/UnityLicensingClient.app/Contents/MacOS/Unity.Licensing.Client
[Licensing::Module] Successfully launched the LicensingClient (PId: 38350)
Launching external process: /Applications/Unity/Unity-6000.3.23f1/Unity.app/Contents/Resources/PackageManager/Server/UnityPackageManager

COMMAND LINE ARGUMENTS:
/Applications/Unity/Unity-6000.3.23f1/Unity.app/Contents/MacOS/Unity
-batchmode
-nographics
-projectPath
/Users/um-yunsang/CHOOGuard
-runTests
-testPlatform
EditMode
-testFilter
WorldMotionAdapterTests;ConnectedWorldTests;Fmp08aMovingFrameTests
-testResults
/Users/um-yunsang/CHOOGuard/docs/evidence/work-items/FMP-08a/FMP-08a-mutation-P.xml
-logFile
/Users/um-yunsang/CHOOGuard/docs/evidence/work-items/FMP-08a/FMP-08a-unity-mutation-P.log
Successfully changed project path to: /Users/um-yunsang/CHOOGuard
/Users/um-yunsang/CHOOGuard
[UnityMemory] Configuration Parameters - Can be set up in boot.config
    "memorysetup-allocator-temp-initial-block-size-main=262144"
    "memorysetup-allocator-temp-initial-block-size-worker=262144"
    "memorysetup-temp-allocator-size-background-worker=32768"
    "memorysetup-temp-allocator-size-job-worker=262144"
    "memorysetup-temp-allocator-size-preload-manager=33554432"
    "memorysetup-remapper-allocator-initial-capacity=32768"
    "memorysetup-temp-allocator-size-nav-mesh-worker=65536"
    "memorysetup-temp-allocator-size-audio-worker=65536"
    "memorysetup-temp-allocator-size-cloud-worker=32768"
    "memorysetup-bucket-allocator-granularity=16"
    "memorysetup-bucket-allocator-bucket-count=8"
    "memorysetup-bucket-allocator-block-size=33554432"
    "memorysetup-bucket-allocator-block-count=8"
    "memorysetup-main-allocator-block-size=16777216"
    "memorysetup-thread-allocator-block-size=16777216"
    "memorysetup-gfx-main-allocator-block-size=16777216"
    "memorysetup-gfx-thread-allocator-block-size=16777216"
    "memorysetup-cache-allocator-block-size=4194304"
    "memorysetup-typetree-allocator-block-size=2097152"
    "memorysetup-profiler-bucket-allocator-granularity=16"
    "memorysetup-profiler-bucket-allocator-bucket-count=8"
    "memorysetup-profiler-bucket-allocator-block-size=33554432"
    "memorysetup-profiler-bucket-allocator-block-count=8"
    "memorysetup-profiler-allocator-block-size=16777216"
    "memorysetup-profiler-editor-allocator-block-size=1048576"
    "memorysetup-temp-allocator-size-main=16777216"
    "memorysetup-job-temp-allocator-block-size=2097152"
    "memorysetup-job-temp-allocator-block-size-background=1048576"
    "memorysetup-job-temp-allocator-reduction-small-platforms=262144"
    "memorysetup-temp-allocator-size-gi-baking-worker=262144"
    "memorysetup-temp-allocator-size-gi-baking-worker=262144"
    "memorysetup-temp-allocator-size-gi-baking-worker=262144"
    "memorysetup-temp-allocator-size-gi-baking-worker=262144"
    "memorysetup-temp-allocator-size-gi-baking-worker=262144"
    "memorysetup-temp-allocator-size-gfx=262144"
Player connection [8473026176]  Target information:

Player connection [8473026176]  * "[IP] 192.168.1.7 [Port] 55504 [Flags] 2 [Guid] 44220065 [EditorId] 44220065 [Version] 1048832 [Id] OSXEditor(0,eom-yunsang-ui-MacBookAir.local) [Debug] 1 [PackageName] OSXEditor [ProjectName] Editor" 

Player connection [8473026176] Host joined multi-casting on [225.0.0.222:54997]...
Player connection [8473026176] Host joined alternative multi-casting on [225.0.0.222:34997]...
Input System module state changed to: Initialized.
[Physics::Module] Initialized fallback backend.
[Physics::Module] Id: 0xdecafbad
[Package Manager] Connected to IPC stream "Upm-38347" after 0.4 seconds.
[Licensing::Module] Licensing is not yet initialized.
[Licensing::IpcConnector] Successfully connected to: "LicenseClient-um-yunsang" at "2026-09-14T15:59:26.298744Z"
[Licensing::Client] Handshaking with LicensingClient:
  Version:                 1.18.3+d7ffd15
  Session Id:              24e9ae2908ce4c17bce0e904cf76e32e
  Correlation Id:          78df7f0a025c1f59ecff9caa92ad7669
  External correlation Id: 1717306353571279201
  Machine Id:              d0+qKJBJJ8viBd1xHmQi+Shy03k=
[Licensing::Module] Successfully connected to LicensingClient on channel: "LicenseClient-um-yunsang" (connect: 0.58s, validation: 0.05s, handshake: 0.33s)
[Licensing::IpcConnector] Successfully connected to: "LicenseClient-um-yunsang-notifications" at "2026-09-14T15:59:26.679186Z"
[Licensing::Module] Connected to LicensingClient (PId: 38350, launch time: 0.00, total connection time: 0.96s)
[Licensing::Module] Error: Access token is unavailable; failed to update
[Licensing::Client] Successfully resolved entitlement details
[Licensing::Module] License group:
  Id: 14569795949201-UnityPersXXXX
  Product: Unity Personal
  Type: Assigned
  Expiration: Unlimited
[Licensing::Client] Successfully updated license, isAsync: True, time: 0.01
[Licensing::Module] Licensing Background thread has ended after 0.97s
[Licensing::Module] Licensing is initialized (took 0.49s).
[Licensing::Client] Successfully resolved entitlement details
Library Redirect Path: Library/
[Physics::Module] Selected backend.
[Physics::Module] Name: PhysX
[Physics::Module] Id: 0xf2b8ea05
[Physics::Module] SDK Version: 4.1.2
[Physics::Module] Integration Version: 1.0.0
[Physics::Module] Threading Mode: Multi-Threaded
Refreshing native plugins compatible for Editor in 39.12 ms, found 0 plugins.
Preloading 0 native plugins for Editor in 0.00 ms.
Initialize engine version: 6000.3.23f1 (09d2ecc7fb28)
[Subsystems] Discovering subsystems at path /Applications/Unity/Unity-6000.3.23f1/Unity.app/Contents/Resources/UnitySubsystems
[Subsystems] Discovering subsystems at path /Users/um-yunsang/CHOOGuard/Assets
Forcing GfxDevice: Null
GfxDevice: creating device client; kGfxThreadingModeNonThreaded
NullGfxDevice:
    Version:  NULL 1.0 [1.0]
    Renderer: Null Device
    Vendor:   Unity Technologies
Initialize mono
Mono path[0] = '/Applications/Unity/Unity-6000.3.23f1/Unity.app/Contents/Resources/Scripting/Managed'
Mono path[1] = '/Applications/Unity/Unity-6000.3.23f1/Unity.app/Contents/Resources/Scripting/MonoBleedingEdge/lib/mono/unityjit-macos'
Mono config path = '/Applications/Unity/Unity-6000.3.23f1/Unity.app/Contents/Resources/Scripting/MonoBleedingEdge/etc'
Using monoOptions --debugger-agent=transport=dt_socket,embedding=1,server=y,suspend=n,address=127.0.0.1:56347
Using cacheserver namespaces - metadata:defaultmetadata, artifacts:defaultartifacts
Using cacheserver namespaces - metadata:defaultmetadata, artifacts:defaultartifacts
ImportWorker Server TCP listen port: 0
AcceleratorClientConnectionCallback - disconnected - :0
Begin MonoManager ReloadAssembly
Registering precompiled unity dll's ...
Register platform support module: /Applications/Unity/Unity-6000.3.23f1/Unity.app/Contents/PlaybackEngines/MacStandaloneSupport/UnityEditor.OSXStandalone.Extensions.dll
Registered in 0.000888 seconds.
- Loaded All Assemblies, in  0.355 seconds
Native extension for OSXStandalone target not found
Package Manager log level set to [2]
ScheduleIndexationOnStartup MainProcess:False IndexOnStartup:True
Mono: successfully reloaded assembly
- Finished resetting the current domain, in  0.386 seconds
Domain Reload Profiling: 742ms
	BeginReloadAssembly (140ms)
		ExecutionOrderSort (0ms)
		DisableScriptedObjects (0ms)
		BackupInstance (0ms)
		ReleaseScriptingObjects (0ms)
		CreateAndSetChildDomain (16ms)
	RebuildCommonClasses (34ms)
	RebuildNativeTypeToScriptingClass (10ms)
	initialDomainReloadingComplete (34ms)
	LoadAllAssembliesAndSetupDomain (137ms)
		LoadAssemblies (124ms)
		RebuildTransferFunctionScriptingTraits (0ms)
		AnalyzeDomain (133ms)
			TypeCache.Refresh (131ms)
				TypeCache.ScanAssembly (116ms)
			BuildScriptInfoCaches (0ms)
			ResolveRequiredComponents (1ms)
	FinalizeReload (386ms)
		ReleaseScriptCaches (0ms)
		RebuildScriptCaches (0ms)
		SetupLoadedEditorAssemblies (349ms)
			LogAssemblyErrors (0ms)
			InitializePlatformSupportModulesInManaged (32ms)
			SetLoadedEditorAssemblies (4ms)
			BeforeProcessingInitializeOnLoad (66ms)
			ProcessInitializeOnLoadAttributes (140ms)
			ProcessInitializeOnLoadMethodAttributes (108ms)
			AfterProcessingInitializeOnLoad (0ms)
			EditorAssembliesLoaded (0ms)
		ExecutionOrderSort2 (0ms)
		AwakeInstancesAfterBackupRestoration (0ms)
[Licensing::Client] Successfully resolved entitlement details
Application.AssetDatabase Initial Refresh Start
[Package Manager] Restoring resolved packages state from cache
[Licensing::Client] Successfully resolved entitlement details
[Package Manager] Registered 50 packages:
  Packages from [https://packages.unity.com]:
    com.unity.pipeline@0.6.0-exp.1 (location: /Users/um-yunsang/CHOOGuard/Library/PackageCache/com.unity.pipeline@9bb4172c603c)
    com.unity.netcode.gameobjects@2.13.2 (location: /Users/um-yunsang/CHOOGuard/Library/PackageCache/com.unity.netcode.gameobjects@cfd429cc91ec)
    com.unity.transport@2.7.4 (location: /Users/um-yunsang/CHOOGuard/Library/PackageCache/com.unity.transport@98ef8bfec34d)
    com.unity.burst@1.8.30 (location: /Users/um-yunsang/CHOOGuard/Library/PackageCache/com.unity.burst@2f3d916873ea)
    com.unity.collections@2.6.8 (location: /Users/um-yunsang/CHOOGuard/Library/PackageCache/com.unity.collections@84e8eb3fc12e)
    com.unity.mathematics@1.3.3 (location: /Users/um-yunsang/CHOOGuard/Library/PackageCache/com.unity.mathematics@19a9377c4ffa)
    com.unity.test-framework.performance@3.5.0 (location: /Users/um-yunsang/CHOOGuard/Library/PackageCache/com.unity.test-framework.performance@8b56083ec0f0)
    com.unity.nuget.mono-cecil@1.11.6 (location: /Users/um-yunsang/CHOOGuard/Library/PackageCache/com.unity.nuget.mono-cecil@ecb9724e46ff)
    com.unity.nuget.newtonsoft-json@3.2.2 (location: /Users/um-yunsang/CHOOGuard/Library/PackageCache/com.unity.nuget.newtonsoft-json@4dfd81071c64)
  Built-in packages:
    com.unity.multiplayer.center@1.0.1 (location: /Users/um-yunsang/CHOOGuard/Library/PackageCache/com.unity.multiplayer.center@f01f4ba8d00a)
    com.unity.modules.accessibility@1.0.0 (location: /Users/um-yunsang/CHOOGuard/Library/PackageCache/com.unity.modules.accessibility)
    com.unity.modules.adaptiveperformance@1.0.0 (location: /Users/um-yunsang/CHOOGuard/Library/PackageCache/com.unity.modules.adaptiveperformance)
    com.unity.modules.ai@1.0.0 (location: /Users/um-yunsang/CHOOGuard/Library/PackageCache/com.unity.modules.ai)
    com.unity.modules.androidjni@1.0.0 (location: /Users/um-yunsang/CHOOGuard/Library/PackageCache/com.unity.modules.androidjni)
    com.unity.modules.animation@1.0.0 (location: /Users/um-yunsang/CHOOGuard/Library/PackageCache/com.unity.modules.animation)
    com.unity.modules.assetbundle@1.0.0 (location: /Users/um-yunsang/CHOOGuard/Library/PackageCache/com.unity.modules.assetbundle)
    com.unity.modules.audio@1.0.0 (location: /Users/um-yunsang/CHOOGuard/Library/PackageCache/com.unity.modules.audio)
    com.unity.modules.cloth@1.0.0 (location: /Users/um-yunsang/CHOOGuard/Library/PackageCache/com.unity.modules.cloth)
    com.unity.modules.director@1.0.0 (location: /Users/um-yunsang/CHOOGuard/Library/PackageCache/com.unity.modules.director)
    com.unity.modules.imageconversion@1.0.0 (location: /Users/um-yunsang/CHOOGuard/Library/PackageCache/com.unity.modules.imageconversion)
    com.unity.modules.imgui@1.0.0 (location: /Users/um-yunsang/CHOOGuard/Library/PackageCache/com.unity.modules.imgui)
    com.unity.modules.jsonserialize@1.0.0 (location: /Users/um-yunsang/CHOOGuard/Library/PackageCache/com.unity.modules.jsonserialize)
    com.unity.modules.particlesystem@1.0.0 (location: /Users/um-yunsang/CHOOGuard/Library/PackageCache/com.unity.modules.particlesystem)
    com.unity.modules.physics@1.0.0 (location: /Users/um-yunsang/CHOOGuard/Library/PackageCache/com.unity.modules.physics)
    com.unity.modules.physics2d@1.0.0 (location: /Users/um-yunsang/CHOOGuard/Library/PackageCache/com.unity.modules.physics2d)
    com.unity.modules.screencapture@1.0.0 (location: /Users/um-yunsang/CHOOGuard/Library/PackageCache/com.unity.modules.screencapture)
    com.unity.modules.terrain@1.0.0 (location: /Users/um-yunsang/CHOOGuard/Library/PackageCache/com.unity.modules.terrain)
    com.unity.modules.terrainphysics@1.0.0 (location: /Users/um-yunsang/CHOOGuard/Library/PackageCache/com.unity.modules.terrainphysics)
    com.unity.modules.tilemap@1.0.0 (location: /Users/um-yunsang/CHOOGuard/Library/PackageCache/com.unity.modules.tilemap)
    com.unity.modules.ui@1.0.0 (location: /Users/um-yunsang/CHOOGuard/Library/PackageCache/com.unity.modules.ui)
    com.unity.modules.uielements@1.0.0 (location: /Users/um-yunsang/CHOOGuard/Library/PackageCache/com.unity.modules.uielements)
    com.unity.modules.umbra@1.0.0 (location: /Users/um-yunsang/CHOOGuard/Library/PackageCache/com.unity.modules.umbra)
    com.unity.modules.unityanalytics@1.0.0 (location: /Users/um-yunsang/CHOOGuard/Library/PackageCache/com.unity.modules.unityanalytics)
    com.unity.modules.unitywebrequest@1.0.0 (location: /Users/um-yunsang/CHOOGuard/Library/PackageCache/com.unity.modules.unitywebrequest)
    com.unity.modules.unitywebrequestassetbundle@1.0.0 (location: /Users/um-yunsang/CHOOGuard/Library/PackageCache/com.unity.modules.unitywebrequestassetbundle)
    com.unity.modules.unitywebrequestaudio@1.0.0 (location: /Users/um-yunsang/CHOOGuard/Library/PackageCache/com.unity.modules.unitywebrequestaudio)
    com.unity.modules.unitywebrequesttexture@1.0.0 (location: /Users/um-yunsang/CHOOGuard/Library/PackageCache/com.unity.modules.unitywebrequesttexture)
    com.unity.modules.unitywebrequestwww@1.0.0 (location: /Users/um-yunsang/CHOOGuard/Library/PackageCache/com.unity.modules.unitywebrequestwww)
    com.unity.modules.vectorgraphics@1.0.0 (location: /Users/um-yunsang/CHOOGuard/Library/PackageCache/com.unity.modules.vectorgraphics)
    com.unity.modules.vehicles@1.0.0 (location: /Users/um-yunsang/CHOOGuard/Library/PackageCache/com.unity.modules.vehicles)
    com.unity.modules.video@1.0.0 (location: /Users/um-yunsang/CHOOGuard/Library/PackageCache/com.unity.modules.video)
    com.unity.modules.vr@1.0.0 (location: /Users/um-yunsang/CHOOGuard/Library/PackageCache/com.unity.modules.vr)
    com.unity.modules.wind@1.0.0 (location: /Users/um-yunsang/CHOOGuard/Library/PackageCache/com.unity.modules.wind)
    com.unity.modules.xr@1.0.0 (location: /Users/um-yunsang/CHOOGuard/Library/PackageCache/com.unity.modules.xr)
    com.unity.test-framework@1.6.0 (location: /Users/um-yunsang/CHOOGuard/Library/PackageCache/com.unity.test-framework@bd7f943e9647)
    com.unity.ext.nunit@2.0.5 (location: /Users/um-yunsang/CHOOGuard/Library/PackageCache/com.unity.ext.nunit@d8c07649098d)
    com.unity.modules.subsystems@1.0.0 (location: /Users/um-yunsang/CHOOGuard/Library/PackageCache/com.unity.modules.subsystems)
    com.unity.modules.hierarchycore@1.0.0 (location: /Users/um-yunsang/CHOOGuard/Library/PackageCache/com.unity.modules.hierarchycore)
  Embedded packages:
    com.xrlab.chooguard.foundation@file:/Users/um-yunsang/CHOOGuard/Packages/com.xrlab.chooguard.foundation (location: /Users/um-yunsang/CHOOGuard/Packages/com.xrlab.chooguard.foundation)
  Git packages:
    io.livekit.livekit-sdk@https://github.com/livekit/client-sdk-unity.git#v2.0.0 (location: /Users/um-yunsang/CHOOGuard/Library/PackageCache/io.livekit.livekit-sdk@ae9b98b38164)
[Subsystems] No new subsystems found in resolved package list.
[Package Manager] Done registering packages in 0.01 seconds
[ScriptCompilation] Requested script compilation because: Assetdatabase observed changes in script compilation related files
Duplicate assembly 'System.Runtime.CompilerServices.Unsafe.dll' with different versions detected, using 'Packages/io.livekit.livekit-sdk/Runtime/Plugins/System.Runtime.CompilerServices.Unsafe.dll, AssemblyName=System.Runtime.CompilerServices.Unsafe, Version=6.0.0.0, Culture=neutral, PublicKeyToken=b03f5f7f11d50a3a' and ignoring 'Packages/com.unity.pipeline/Runtime/Plugins/CodeAnalysis/System.Runtime.CompilerServices.Unsafe.dll, AssemblyName=System.Runtime.CompilerServices.Unsafe, Version=4.0.4.0, Culture=neutral, PublicKeyToken=b03f5f7f11d50a3a'.[40m[32minfo[39m[22m[49m: Microsoft.Hosting.Lifetime[14]
      Now listening on: http://unix:/tmp/ilpp.sock-f80e80a01f2d39130f64ae3a0efb5d7a
[40m[32minfo[39m[22m[49m: Microsoft.Hosting.Lifetime[0]
      Application started. Press Ctrl+C to shut down.
[40m[32minfo[39m[22m[49m: Microsoft.Hosting.Lifetime[0]
      Hosting environment: Production
[40m[32minfo[39m[22m[49m: Microsoft.Hosting.Lifetime[0]
      Content root path: /Users/um-yunsang/CHOOGuard/
[40m[32minfo[39m[22m[49m: Microsoft.AspNetCore.Hosting.Diagnostics[1]
      Request starting HTTP/2 POST http://ilpp/UnityILPP.PostProcessing/Ping application/grpc -
[40m[32minfo[39m[22m[49m: Microsoft.AspNetCore.Routing.EndpointMiddleware[0]
      Executing endpoint 'gRPC - /UnityILPP.PostProcessing/Ping'
[40m[32minfo[39m[22m[49m: Microsoft.AspNetCore.Routing.EndpointMiddleware[1]
      Executed endpoint 'gRPC - /UnityILPP.PostProcessing/Ping'
[40m[32minfo[39m[22m[49m: Microsoft.AspNetCore.Hosting.Diagnostics[2]
      Request finished HTTP/2 POST http://ilpp/UnityILPP.PostProcessing/Ping application/grpc - - 200 - application/grpc 53.7462ms
Starting: /Applications/Unity/Unity-6000.3.23f1/Unity.app/Contents/Resources/BuildPipeline/bee_backend --ipc --defer-dag-verification --dagfile="Library/Bee/200b0aE.dag" --continue-on-failure --profile="Library/Bee/backend1.traceevents" ScriptAssemblies
WorkingDir: /Users/um-yunsang/CHOOGuard
DisplayProgressbar: Compiling Scripts
[40m[32minfo[39m[22m[49m: Microsoft.AspNetCore.Hosting.Diagnostics[1]
      Request starting HTTP/2 POST http://ilpp/UnityILPP.PostProcessing/ConfigurePostProcessors application/grpc -
[40m[32minfo[39m[22m[49m: Microsoft.AspNetCore.Routing.EndpointMiddleware[0]
      Executing endpoint 'gRPC - /UnityILPP.PostProcessing/ConfigurePostProcessors'
[40m[1m[33mwarn[39m[22m[49m: Unity.ILPP.Runner.PostProcessingAssemblyLoadContext[0]
      Assembly system.runtime.interopservices.windowsruntime has duplicate hint path. Ignoring "/Applications/Unity/Unity-6000.3.23f1/Unity.app/Contents/Resources/Scripting/NetStandard/Extensions/2.0.0/System.Runtime.InteropServices.WindowsRuntime.dll" in favor of "/Applications/Unity/Unity-6000.3.23f1/Unity.app/Contents/Resources/Scripting/UnityReferenceAssemblies/unity-4.8-api/Facades/System.Runtime.InteropServices.WindowsRuntime.dll"
[40m[1m[33mwarn[39m[22m[49m: Unity.ILPP.Runner.PostProcessingAssemblyLoadContext[0]
      Assembly system.componentmodel.composition has duplicate hint path. Ignoring "/Applications/Unity/Unity-6000.3.23f1/Unity.app/Contents/Resources/Scripting/NetStandard/compat/2.1.0/shims/netfx/System.ComponentModel.Composition.dll" in favor of "/Applications/Unity/Unity-6000.3.23f1/Unity.app/Contents/Resources/Scripting/UnityReferenceAssemblies/unity-4.8-api/System.ComponentModel.Composition.dll"
[40m[32minfo[39m[22m[49m: Unity.ILPP.Runner.PostProcessingAssemblyLoadContext[0]
      Resolved Mono.Cecil, Version=0.11.5.0, Culture=neutral, PublicKeyToken=50cebf1cceb9d05e with Library/PackageCache/com.unity.nuget.mono-cecil@ecb9724e46ff/Mono.Cecil.dll
[40m[32minfo[39m[22m[49m: Unity.ILPP.Runner.PostProcessingAssemblyLoadContext[0]
      Resolved Unity.Burst.Cecil, Version=0.11.6.0, Culture=neutral, PublicKeyToken=50cebf1cceb9d05e with Library/PackageCache/com.unity.burst@2f3d916873ea/Unity.Burst.CodeGen/Unity.Burst.Cecil.dll
[40m[32minfo[39m[22m[49m: Microsoft.AspNetCore.Routing.EndpointMiddleware[1]
      Executed endpoint 'gRPC - /UnityILPP.PostProcessing/ConfigurePostProcessors'
[40m[32minfo[39m[22m[49m: Microsoft.AspNetCore.Hosting.Diagnostics[2]
      Request finished HTTP/2 POST http://ilpp/UnityILPP.PostProcessing/ConfigurePostProcessors application/grpc - - 200 - application/grpc 18.7978ms
[40m[32minfo[39m[22m[49m: Microsoft.AspNetCore.Hosting.Diagnostics[1]
      Request starting HTTP/2 POST http://ilpp/UnityILPP.PostProcessing/PostProcessAssembly application/grpc -
[40m[32minfo[39m[22m[49m: Microsoft.AspNetCore.Hosting.Diagnostics[1]
      Request starting HTTP/2 POST http://ilpp/UnityILPP.PostProcessing/PostProcessAssembly application/grpc -
[40m[32minfo[39m[22m[49m: Microsoft.AspNetCore.Routing.EndpointMiddleware[0]
      Executing endpoint 'gRPC - /UnityILPP.PostProcessing/PostProcessAssembly'
[40m[32minfo[39m[22m[49m: Microsoft.AspNetCore.Routing.EndpointMiddleware[0]
      Executing endpoint 'gRPC - /UnityILPP.PostProcessing/PostProcessAssembly'
[40m[32minfo[39m[22m[49m: Microsoft.AspNetCore.Hosting.Diagnostics[1]
      Request starting HTTP/2 POST http://ilpp/UnityILPP.PostProcessing/PostProcessAssembly application/grpc -
[40m[32minfo[39m[22m[49m: Microsoft.AspNetCore.Routing.EndpointMiddleware[0]
      Executing endpoint 'gRPC - /UnityILPP.PostProcessing/PostProcessAssembly'
[40m[32minfo[39m[22m[49m: Microsoft.AspNetCore.Hosting.Diagnostics[1]
      Request starting HTTP/2 POST http://ilpp/UnityILPP.PostProcessing/PostProcessAssembly application/grpc -
[40m[32minfo[39m[22m[49m: Microsoft.AspNetCore.Routing.EndpointMiddleware[0]
      Executing endpoint 'gRPC - /UnityILPP.PostProcessing/PostProcessAssembly'
[40m[32minfo[39m[22m[49m: Microsoft.AspNetCore.Hosting.Diagnostics[1]
      Request starting HTTP/2 POST http://ilpp/UnityILPP.PostProcessing/PostProcessAssembly application/grpc -
[40m[32minfo[39m[22m[49m: Microsoft.AspNetCore.Routing.EndpointMiddleware[0]
      Executing endpoint 'gRPC - /UnityILPP.PostProcessing/PostProcessAssembly'
[40m[32minfo[39m[22m[49m: Unity.ILPP.Runner.PostProcessingPipeline[0]
      Processing assembly Library/Bee/artifacts/200b0aE.dag/Assembly-CSharp.dll, with 134 defines and 287 references
[40m[32minfo[39m[22m[49m: Unity.ILPP.Runner.PostProcessingPipeline[0]
      Processing assembly Library/Bee/artifacts/200b0aE.dag/ChooGuard.Foundation.Multiplayer.dll, with 134 defines and 271 references
[40m[32minfo[39m[22m[49m: Unity.ILPP.Runner.PostProcessingPipeline[0]
      Processing assembly Library/Bee/artifacts/200b0aE.dag/ChooGuard.Foundation.Multiplayer.PlayModeTests.dll, with 134 defines and 262 references
[40m[32minfo[39m[22m[49m: Unity.ILPP.Runner.PostProcessingPipeline[0]
      Processing assembly Library/Bee/artifacts/200b0aE.dag/ChooGuard.Foundation.Multiplayer.Editor.dll, with 132 defines and 279 references
[40m[32minfo[39m[22m[49m: Unity.ILPP.Runner.PostProcessingPipeline[0]
      processors: Unity.Jobs.CodeGen.JobsILPostProcessor, Unity.Netcode.Editor.CodeGen.INetworkMessageILPP, Unity.Netcode.Editor.CodeGen.INetworkSerializableILPP, Unity.Netcode.Editor.CodeGen.NetworkBehaviourILPP, Unity.Netcode.Editor.CodeGen.RuntimeAccessModifiersILPP, Unity.Pipeline.CodeGen.HotReloadInPlaceILPostProcessor, zzzUnity.Burst.CodeGen.BurstILPostProcessor
[40m[32minfo[39m[22m[49m: Unity.ILPP.Runner.PostProcessingPipeline[0]
      processors: Unity.Jobs.CodeGen.JobsILPostProcessor, Unity.Netcode.Editor.CodeGen.INetworkMessageILPP, Unity.Netcode.Editor.CodeGen.INetworkSerializableILPP, Unity.Netcode.Editor.CodeGen.NetworkBehaviourILPP, Unity.Netcode.Editor.CodeGen.RuntimeAccessModifiersILPP, Unity.Pipeline.CodeGen.HotReloadInPlaceILPostProcessor, zzzUnity.Burst.CodeGen.BurstILPostProcessor
[40m[32minfo[39m[22m[49m: Unity.ILPP.Runner.PostProcessingPipeline[0]
      processors: Unity.Jobs.CodeGen.JobsILPostProcessor, Unity.Netcode.Editor.CodeGen.INetworkMessageILPP, Unity.Netcode.Editor.CodeGen.INetworkSerializableILPP, Unity.Netcode.Editor.CodeGen.NetworkBehaviourILPP, Unity.Netcode.Editor.CodeGen.RuntimeAccessModifiersILPP, Unity.Pipeline.CodeGen.HotReloadInPlaceILPostProcessor, zzzUnity.Burst.CodeGen.BurstILPostProcessor
[40m[32minfo[39m[22m[49m: Unity.ILPP.Runner.PostProcessingPipeline[0]
      processors: Unity.Jobs.CodeGen.JobsILPostProcessor, Unity.Netcode.Editor.CodeGen.INetworkMessageILPP, Unity.Netcode.Editor.CodeGen.INetworkSerializableILPP, Unity.Netcode.Editor.CodeGen.NetworkBehaviourILPP, Unity.Netcode.Editor.CodeGen.RuntimeAccessModifiersILPP, Unity.Pipeline.CodeGen.HotReloadInPlaceILPostProcessor, zzzUnity.Burst.CodeGen.BurstILPostProcessor
[40m[32minfo[39m[22m[49m: Microsoft.AspNetCore.Hosting.Diagnostics[1]
      Request starting HTTP/2 POST http://ilpp/UnityILPP.PostProcessing/PostProcessAssembly application/grpc -
[40m[32minfo[39m[22m[49m: Microsoft.AspNetCore.Routing.EndpointMiddleware[0]
      Executing endpoint 'gRPC - /UnityILPP.PostProcessing/PostProcessAssembly'
[40m[32minfo[39m[22m[49m: Unity.ILPP.Runner.PostProcessingPipeline[0]
      running Unity.Jobs.CodeGen.JobsILPostProcessor
[40m[32minfo[39m[22m[49m: Unity.ILPP.Runner.PostProcessingPipeline[0]
      running Unity.Jobs.CodeGen.JobsILPostProcessor
[40m[32minfo[39m[22m[49m: Unity.ILPP.Runner.PostProcessingPipeline[0]
      running Unity.Jobs.CodeGen.JobsILPostProcessor
[40m[32minfo[39m[22m[49m: Unity.ILPP.Runner.PostProcessingPipeline[0]
      running Unity.Jobs.CodeGen.JobsILPostProcessor
[40m[32minfo[39m[22m[49m: Unity.ILPP.Runner.PostProcessingPipeline[0]
      running Unity.Netcode.Editor.CodeGen.INetworkMessageILPP
[40m[32minfo[39m[22m[49m: Unity.ILPP.Runner.PostProcessingPipeline[0]
      running Unity.Netcode.Editor.CodeGen.INetworkSerializableILPP
[40m[32minfo[39m[22m[49m: Unity.ILPP.Runner.PostProcessingPipeline[0]
      running Unity.Netcode.Editor.CodeGen.INetworkMessageILPP
[40m[32minfo[39m[22m[49m: Unity.ILPP.Runner.PostProcessingPipeline[0]
      running Unity.Netcode.Editor.CodeGen.INetworkSerializableILPP
[40m[32minfo[39m[22m[49m: Unity.ILPP.Runner.PostProcessingAssemblyLoadContext[0]
      Resolved Unity.Collections, Version=0.0.0.0, Culture=neutral, PublicKeyToken=null with Library/Bee/artifacts/200b0aE.dag/Unity.Collections.dll
[40m[32minfo[39m[22m[49m: Unity.ILPP.Runner.PostProcessingPipeline[0]
      running Unity.Netcode.Editor.CodeGen.NetworkBehaviourILPP
[40m[32minfo[39m[22m[49m: Unity.ILPP.Runner.PostProcessingPipeline[0]
      running Unity.Netcode.Editor.CodeGen.NetworkBehaviourILPP
[40m[32minfo[39m[22m[49m: Unity.ILPP.Runner.PostProcessingPipeline[0]
      running Unity.Netcode.Editor.CodeGen.RuntimeAccessModifiersILPP
[40m[32minfo[39m[22m[49m: Unity.ILPP.Runner.PostProcessingPipeline[0]
      running Unity.Pipeline.CodeGen.HotReloadInPlaceILPostProcessor
[40m[32minfo[39m[22m[49m: Unity.ILPP.Runner.PostProcessingPipeline[0]
      running Unity.Netcode.Editor.CodeGen.RuntimeAccessModifiersILPP
[40m[32minfo[39m[22m[49m: Unity.ILPP.Runner.PostProcessingPipeline[0]
      running zzzUnity.Burst.CodeGen.BurstILPostProcessor
[40m[32minfo[39m[22m[49m: Unity.ILPP.Runner.PostProcessingPipeline[0]
      running Unity.Pipeline.CodeGen.HotReloadInPlaceILPostProcessor
[40m[32minfo[39m[22m[49m: Unity.ILPP.Runner.PostProcessingPipeline[0]
      running zzzUnity.Burst.CodeGen.BurstILPostProcessor
[40m[32minfo[39m[22m[49m: Unity.ILPP.Runner.PostProcessingPipeline[0]
      Processing assembly Library/Bee/artifacts/200b0aE.dag/ChooGuard.Foundation.Tests.dll, with 132 defines and 270 references
[40m[32minfo[39m[22m[49m: Microsoft.AspNetCore.Routing.EndpointMiddleware[1]
      Executed endpoint 'gRPC - /UnityILPP.PostProcessing/PostProcessAssembly'
[40m[32minfo[39m[22m[49m: Unity.ILPP.Runner.PostProcessingPipeline[0]
      processors: Unity.Jobs.CodeGen.JobsILPostProcessor, Unity.Netcode.Editor.CodeGen.INetworkMessageILPP, Unity.Netcode.Editor.CodeGen.INetworkSerializableILPP, Unity.Netcode.Editor.CodeGen.NetworkBehaviourILPP, Unity.Netcode.Editor.CodeGen.RuntimeAccessModifiersILPP, Unity.Pipeline.CodeGen.HotReloadInPlaceILPostProcessor, zzzUnity.Burst.CodeGen.BurstILPostProcessor
[40m[32minfo[39m[22m[49m: Unity.ILPP.Runner.PostProcessingPipeline[0]
      Processing assembly Library/Bee/artifacts/200b0aE.dag/ChooGuard.Foundation.Multiplayer.Tests.dll, with 132 defines and 273 references
[40m[32minfo[39m[22m[49m: Unity.ILPP.Runner.PostProcessingPipeline[0]
      processors: Unity.Jobs.CodeGen.JobsILPostProcessor, Unity.Netcode.Editor.CodeGen.INetworkMessageILPP, Unity.Netcode.Editor.CodeGen.INetworkSerializableILPP, Unity.Netcode.Editor.CodeGen.NetworkBehaviourILPP, Unity.Netcode.Editor.CodeGen.RuntimeAccessModifiersILPP, Unity.Pipeline.CodeGen.HotReloadInPlaceILPostProcessor, zzzUnity.Burst.CodeGen.BurstILPostProcessor
[40m[32minfo[39m[22m[49m: Microsoft.AspNetCore.Routing.EndpointMiddleware[1]
      Executed endpoint 'gRPC - /UnityILPP.PostProcessing/PostProcessAssembly'
[40m[32minfo[39m[22m[49m: Microsoft.AspNetCore.Hosting.Diagnostics[2]
      Request finished HTTP/2 POST http://ilpp/UnityILPP.PostProcessing/PostProcessAssembly application/grpc - - 200 - application/grpc 36.1263ms
[40m[32minfo[39m[22m[49m: Microsoft.AspNetCore.Hosting.Diagnostics[2]
      Request finished HTTP/2 POST http://ilpp/UnityILPP.PostProcessing/PostProcessAssembly application/grpc - - 200 - application/grpc 34.6093ms
[40m[32minfo[39m[22m[49m: Unity.ILPP.Runner.PostProcessingPipeline[0]
      running Unity.Jobs.CodeGen.JobsILPostProcessor
[40m[32minfo[39m[22m[49m: Unity.ILPP.Runner.PostProcessingPipeline[0]
      running Unity.Jobs.CodeGen.JobsILPostProcessor
[40m[32minfo[39m[22m[49m: Unity.ILPP.Runner.PostProcessingPipeline[0]
      running Unity.Netcode.Editor.CodeGen.INetworkMessageILPP
[40m[32minfo[39m[22m[49m: Unity.ILPP.Runner.PostProcessingPipeline[0]
      running Unity.Netcode.Editor.CodeGen.INetworkSerializableILPP
[40m[32minfo[39m[22m[49m: Unity.ILPP.Runner.PostProcessingPipeline[0]
      running Unity.Netcode.Editor.CodeGen.NetworkBehaviourILPP
[40m[32minfo[39m[22m[49m: Unity.ILPP.Runner.PostProcessingPipeline[0]
      running Unity.Netcode.Editor.CodeGen.RuntimeAccessModifiersILPP
[40m[32minfo[39m[22m[49m: Unity.ILPP.Runner.PostProcessingPipeline[0]
      running Unity.Pipeline.CodeGen.HotReloadInPlaceILPostProcessor
[40m[32minfo[39m[22m[49m: Unity.ILPP.Runner.PostProcessingPipeline[0]
      running zzzUnity.Burst.CodeGen.BurstILPostProcessor
[40m[32minfo[39m[22m[49m: Microsoft.AspNetCore.Routing.EndpointMiddleware[1]
      Executed endpoint 'gRPC - /UnityILPP.PostProcessing/PostProcessAssembly'
[40m[32minfo[39m[22m[49m: Microsoft.AspNetCore.Hosting.Diagnostics[2]
      Request finished HTTP/2 POST http://ilpp/UnityILPP.PostProcessing/PostProcessAssembly application/grpc - - 200 - application/grpc 21.8643ms
[40m[32minfo[39m[22m[49m: Unity.ILPP.Runner.PostProcessingAssemblyLoadContext[0]
      Resolved UnityEditor.CoreModule, Version=0.0.0.0, Culture=neutral, PublicKeyToken=null with /Applications/Unity/Unity-6000.3.23f1/Unity.app/Contents/Resources/Scripting/Managed/UnityEngine/UnityEditor.CoreModule.dll
[40m[32minfo[39m[22m[49m: Unity.ILPP.Runner.PostProcessingAssemblyLoadContext[0]
      Resolved UnityEngine.CoreModule, Version=0.0.0.0, Culture=neutral, PublicKeyToken=null with /Applications/Unity/Unity-6000.3.23f1/Unity.app/Contents/Resources/Scripting/Managed/UnityEngine/UnityEngine.CoreModule.dll
[40m[32minfo[39m[22m[49m: Unity.ILPP.Runner.PostProcessingPipeline[0]
      running Unity.Netcode.Editor.CodeGen.INetworkMessageILPP
[40m[32minfo[39m[22m[49m: Unity.ILPP.Runner.PostProcessingPipeline[0]
      running Unity.Netcode.Editor.CodeGen.INetworkMessageILPP
[40m[32minfo[39m[22m[49m: Unity.ILPP.Runner.PostProcessingPipeline[0]
      running Unity.Netcode.Editor.CodeGen.INetworkMessageILPP
[40m[32minfo[39m[22m[49m: Unity.ILPP.Runner.PostProcessingPipeline[0]
      running Unity.Netcode.Editor.CodeGen.INetworkSerializableILPP
[40m[32minfo[39m[22m[49m: Unity.ILPP.Runner.PostProcessingPipeline[0]
      running Unity.Netcode.Editor.CodeGen.INetworkSerializableILPP
[40m[32minfo[39m[22m[49m: Unity.ILPP.Runner.PostProcessingPipeline[0]
      running Unity.Netcode.Editor.CodeGen.INetworkSerializableILPP
[40m[32minfo[39m[22m[49m: Unity.ILPP.Runner.PostProcessingAssemblyLoadContext[0]
      Resolved Unity.Netcode.Runtime, Version=0.0.0.0, Culture=neutral, PublicKeyToken=null with Library/Bee/artifacts/200b0aE.dag/Unity.Netcode.Runtime.dll
[40m[32minfo[39m[22m[49m: Unity.ILPP.Runner.PostProcessingPipeline[0]
      running Unity.Netcode.Editor.CodeGen.NetworkBehaviourILPP
[40m[32minfo[39m[22m[49m: Unity.ILPP.Runner.PostProcessingPipeline[0]
      running Unity.Netcode.Editor.CodeGen.NetworkBehaviourILPP
[40m[32minfo[39m[22m[49m: Unity.ILPP.Runner.PostProcessingPipeline[0]
      running Unity.Netcode.Editor.CodeGen.NetworkBehaviourILPP
[40m[32minfo[39m[22m[49m: Unity.ILPP.Runner.PostProcessingAssemblyLoadContext[0]
      Resolved Mono.Cecil.Rocks, Version=0.11.5.0, Culture=neutral, PublicKeyToken=50cebf1cceb9d05e with Library/PackageCache/com.unity.nuget.mono-cecil@ecb9724e46ff/Mono.Cecil.Rocks.dll
[40m[32minfo[39m[22m[49m: Unity.ILPP.Runner.PostProcessingPipeline[0]
      running Unity.Netcode.Editor.CodeGen.RuntimeAccessModifiersILPP
[40m[32minfo[39m[22m[49m: Unity.ILPP.Runner.PostProcessingPipeline[0]
      running Unity.Pipeline.CodeGen.HotReloadInPlaceILPostProcessor
[40m[32minfo[39m[22m[49m: Unity.ILPP.Runner.PostProcessingPipeline[0]
      running zzzUnity.Burst.CodeGen.BurstILPostProcessor
[40m[32minfo[39m[22m[49m: Unity.ILPP.Runner.PostProcessingPipeline[0]
      running Unity.Netcode.Editor.CodeGen.RuntimeAccessModifiersILPP
[40m[32minfo[39m[22m[49m: Unity.ILPP.Runner.PostProcessingPipeline[0]
      running Unity.Netcode.Editor.CodeGen.RuntimeAccessModifiersILPP
[40m[32minfo[39m[22m[49m: Unity.ILPP.Runner.PostProcessingPipeline[0]
      running Unity.Pipeline.CodeGen.HotReloadInPlaceILPostProcessor
[40m[32minfo[39m[22m[49m: Unity.ILPP.Runner.PostProcessingPipeline[0]
      running Unity.Pipeline.CodeGen.HotReloadInPlaceILPostProcessor
[40m[32minfo[39m[22m[49m: Unity.ILPP.Runner.PostProcessingPipeline[0]
      running zzzUnity.Burst.CodeGen.BurstILPostProcessor
[40m[32minfo[39m[22m[49m: Unity.ILPP.Runner.PostProcessingPipeline[0]
      running zzzUnity.Burst.CodeGen.BurstILPostProcessor
[40m[32minfo[39m[22m[49m: Microsoft.AspNetCore.Routing.EndpointMiddleware[1]
      Executed endpoint 'gRPC - /UnityILPP.PostProcessing/PostProcessAssembly'
[40m[32minfo[39m[22m[49m: Microsoft.AspNetCore.Hosting.Diagnostics[2]
      Request finished HTTP/2 POST http://ilpp/UnityILPP.PostProcessing/PostProcessAssembly application/grpc - - 200 - application/grpc 710.0235ms
[40m[32minfo[39m[22m[49m: Microsoft.AspNetCore.Routing.EndpointMiddleware[1]
      Executed endpoint 'gRPC - /UnityILPP.PostProcessing/PostProcessAssembly'
[40m[32minfo[39m[22m[49m: Microsoft.AspNetCore.Hosting.Diagnostics[2]
      Request finished HTTP/2 POST http://ilpp/UnityILPP.PostProcessing/PostProcessAssembly application/grpc - - 200 - application/grpc 718.3745ms
[40m[32minfo[39m[22m[49m: Unity.ILPP.Runner.PostProcessingAssemblyLoadContext[0]
      Resolved Unity.Burst.Cecil.Rocks, Version=0.11.6.0, Culture=neutral, PublicKeyToken=50cebf1cceb9d05e with Library/PackageCache/com.unity.burst@2f3d916873ea/Unity.Burst.CodeGen/Unity.Burst.Cecil.Rocks.dll
[40m[32minfo[39m[22m[49m: Microsoft.AspNetCore.Routing.EndpointMiddleware[1]
      Executed endpoint 'gRPC - /UnityILPP.PostProcessing/PostProcessAssembly'
[40m[32minfo[39m[22m[49m: Microsoft.AspNetCore.Hosting.Diagnostics[2]
      Request finished HTTP/2 POST http://ilpp/UnityILPP.PostProcessing/PostProcessAssembly application/grpc - - 200 - application/grpc 782.2284ms
ExitCode: 0 Duration: 1s189ms
[393/494    0s] Csc Library/Bee/artifacts/200b0aE.dag/ChooGuard.Foundation.Multiplayer.dll (+2 others) [CacheHit a07884d03bb4f4bafb400e4f1abfab8c00000000000000000000000000000005]
[394/494   1789401568s] Csc Library/Bee/artifacts/200b0aE.dag/ChooGuard.Foundation.Multiplayer.dll (+2 others)
[401/494    0s] ILPP-Configuration Library/ilpp-configuration.nevergeneratedoutput
[477/494    0s] ILPostProcess Library/Bee/artifacts/200b0aE.dag/post-processed/ChooGuard.Foundation.Multiplayer.Editor.dll (+pdb)
Processing assembly Library/Bee/artifacts/200b0aE.dag/ChooGuard.Foundation.Multiplayer.Editor.dll, with 132 defines and 279 references
processors: Unity.Jobs.CodeGen.JobsILPostProcessor, Unity.Netcode.Editor.CodeGen.INetworkMessageILPP, Unity.Netcode.Editor.CodeGen.INetworkSerializableILPP, Unity.Netcode.Editor.CodeGen.NetworkBehaviourILPP, Unity.Netcode.Editor.CodeGen.RuntimeAccessModifiersILPP, Unity.Pipeline.CodeGen.HotReloadInPlaceILPostProcessor, zzzUnity.Burst.CodeGen.BurstILPostProcessor
running Unity.Jobs.CodeGen.JobsILPostProcessor
running Unity.Netcode.Editor.CodeGen.INetworkMessageILPP
running Unity.Netcode.Editor.CodeGen.INetworkSerializableILPP
running Unity.Netcode.Editor.CodeGen.NetworkBehaviourILPP
running Unity.Netcode.Editor.CodeGen.RuntimeAccessModifiersILPP
running Unity.Pipeline.CodeGen.HotReloadInPlaceILPostProcessor
running zzzUnity.Burst.CodeGen.BurstILPostProcessor
[478/494    0s] ILPostProcess Library/Bee/artifacts/200b0aE.dag/post-processed/ChooGuard.Foundation.Multiplayer.PlayModeTests.dll (+pdb)
Processing assembly Library/Bee/artifacts/200b0aE.dag/ChooGuard.Foundation.Multiplayer.PlayModeTests.dll, with 134 defines and 262 references
processors: Unity.Jobs.CodeGen.JobsILPostProcessor, Unity.Netcode.Editor.CodeGen.INetworkMessageILPP, Unity.Netcode.Editor.CodeGen.INetworkSerializableILPP, Unity.Netcode.Editor.CodeGen.NetworkBehaviourILPP, Unity.Netcode.Editor.CodeGen.RuntimeAccessModifiersILPP, Unity.Pipeline.CodeGen.HotReloadInPlaceILPostProcessor, zzzUnity.Burst.CodeGen.BurstILPostProcessor
running Unity.Jobs.CodeGen.JobsILPostProcessor
running Unity.Netcode.Editor.CodeGen.INetworkMessageILPP
running Unity.Netcode.Editor.CodeGen.INetworkSerializableILPP
running Unity.Netcode.Editor.CodeGen.NetworkBehaviourILPP
running Unity.Netcode.Editor.CodeGen.RuntimeAccessModifiersILPP
running Unity.Pipeline.CodeGen.HotReloadInPlaceILPostProcessor
running zzzUnity.Burst.CodeGen.BurstILPostProcessor
[479/494    0s] ILPostProcess Library/Bee/artifacts/200b0aE.dag/post-processed/ChooGuard.Foundation.Tests.dll (+pdb)
Processing assembly Library/Bee/artifacts/200b0aE.dag/ChooGuard.Foundation.Tests.dll, with 132 defines and 270 references
processors: Unity.Jobs.CodeGen.JobsILPostProcessor, Unity.Netcode.Editor.CodeGen.INetworkMessageILPP, Unity.Netcode.Editor.CodeGen.INetworkSerializableILPP, Unity.Netcode.Editor.CodeGen.NetworkBehaviourILPP, Unity.Netcode.Editor.CodeGen.RuntimeAccessModifiersILPP, Unity.Pipeline.CodeGen.HotReloadInPlaceILPostProcessor, zzzUnity.Burst.CodeGen.BurstILPostProcessor
running Unity.Jobs.CodeGen.JobsILPostProcessor
running Unity.Netcode.Editor.CodeGen.INetworkMessageILPP
running Unity.Netcode.Editor.CodeGen.INetworkSerializableILPP
running Unity.Netcode.Editor.CodeGen.NetworkBehaviourILPP
running Unity.Netcode.Editor.CodeGen.RuntimeAccessModifiersILPP
running Unity.Pipeline.CodeGen.HotReloadInPlaceILPostProcessor
running zzzUnity.Burst.CodeGen.BurstILPostProcessor
[486/494    0s] ILPostProcess Library/Bee/artifacts/200b0aE.dag/post-processed/ChooGuard.Foundation.Multiplayer.dll (+pdb)
Processing assembly Library/Bee/artifacts/200b0aE.dag/ChooGuard.Foundation.Multiplayer.dll, with 134 defines and 271 references
processors: Unity.Jobs.CodeGen.JobsILPostProcessor, Unity.Netcode.Editor.CodeGen.INetworkMessageILPP, Unity.Netcode.Editor.CodeGen.INetworkSerializableILPP, Unity.Netcode.Editor.CodeGen.NetworkBehaviourILPP, Unity.Netcode.Editor.CodeGen.RuntimeAccessModifiersILPP, Unity.Pipeline.CodeGen.HotReloadInPlaceILPostProcessor, zzzUnity.Burst.CodeGen.BurstILPostProcessor
running Unity.Jobs.CodeGen.JobsILPostProcessor
running Unity.Netcode.Editor.CodeGen.INetworkMessageILPP
running Unity.Netcode.Editor.CodeGen.INetworkSerializableILPP
running Unity.Netcode.Editor.CodeGen.NetworkBehaviourILPP
running Unity.Netcode.Editor.CodeGen.RuntimeAccessModifiersILPP
running Unity.Pipeline.CodeGen.HotReloadInPlaceILPostProcessor
running zzzUnity.Burst.CodeGen.BurstILPostProcessor
[487/494    0s] ILPostProcess Library/Bee/artifacts/200b0aE.dag/post-processed/ChooGuard.Foundation.Multiplayer.Tests.dll (+pdb)
Processing assembly Library/Bee/artifacts/200b0aE.dag/ChooGuard.Foundation.Multiplayer.Tests.dll, with 132 defines and 273 references
processors: Unity.Jobs.CodeGen.JobsILPostProcessor, Unity.Netcode.Editor.CodeGen.INetworkMessageILPP, Unity.Netcode.Editor.CodeGen.INetworkSerializableILPP, Unity.Netcode.Editor.CodeGen.NetworkBehaviourILPP, Unity.Netcode.Editor.CodeGen.RuntimeAccessModifiersILPP, Unity.Pipeline.CodeGen.HotReloadInPlaceILPostProcessor, zzzUnity.Burst.CodeGen.BurstILPostProcessor
running Unity.Jobs.CodeGen.JobsILPostProcessor
running Unity.Netcode.Editor.CodeGen.INetworkMessageILPP
running Unity.Netcode.Editor.CodeGen.INetworkSerializableILPP
running Unity.Netcode.Editor.CodeGen.NetworkBehaviourILPP
running Unity.Netcode.Editor.CodeGen.RuntimeAccessModifiersILPP
running Unity.Pipeline.CodeGen.HotReloadInPlaceILPostProcessor
running zzzUnity.Burst.CodeGen.BurstILPostProcessor
[490/494    0s] CopyFiles Library/ScriptAssemblies/ChooGuard.Foundation.Multiplayer.pdb
[491/494    0s] CopyFiles Library/ScriptAssemblies/ChooGuard.Foundation.Multiplayer.dll
[492/494    0s] ILPostProcess Library/Bee/artifacts/200b0aE.dag/post-processed/Assembly-CSharp.dll (+pdb)
Processing assembly Library/Bee/artifacts/200b0aE.dag/Assembly-CSharp.dll, with 134 defines and 287 references
processors: Unity.Jobs.CodeGen.JobsILPostProcessor, Unity.Netcode.Editor.CodeGen.INetworkMessageILPP, Unity.Netcode.Editor.CodeGen.INetworkSerializableILPP, Unity.Netcode.Editor.CodeGen.NetworkBehaviourILPP, Unity.Netcode.Editor.CodeGen.RuntimeAccessModifiersILPP, Unity.Pipeline.CodeGen.HotReloadInPlaceILPostProcessor, zzzUnity.Burst.CodeGen.BurstILPostProcessor
running Unity.Jobs.CodeGen.JobsILPostProcessor
running Unity.Netcode.Editor.CodeGen.INetworkMessageILPP
running Unity.Netcode.Editor.CodeGen.INetworkSerializableILPP
running Unity.Netcode.Editor.CodeGen.NetworkBehaviourILPP
running Unity.Netcode.Editor.CodeGen.RuntimeAccessModifiersILPP
running Unity.Pipeline.CodeGen.HotReloadInPlaceILPostProcessor
running zzzUnity.Burst.CodeGen.BurstILPostProcessor
*** Tundra build success (1.17 seconds), 9 items updated, 494 evaluated
AssetDatabase: script compilation time: 1.963120s
Begin MonoManager ReloadAssembly
Total cache size 91424698
Total cache size after purge 91424698, took 00:00:00.0601264
Duplicate assembly 'System.Runtime.CompilerServices.Unsafe.dll' with different versions detected, using 'Packages/io.livekit.livekit-sdk/Runtime/Plugins/System.Runtime.CompilerServices.Unsafe.dll, AssemblyName=System.Runtime.CompilerServices.Unsafe, Version=6.0.0.0, Culture=neutral, PublicKeyToken=b03f5f7f11d50a3a' and ignoring 'Packages/com.unity.pipeline/Runtime/Plugins/CodeAnalysis/System.Runtime.CompilerServices.Unsafe.dll, AssemblyName=System.Runtime.CompilerServices.Unsafe, Version=4.0.4.0, Culture=neutral, PublicKeyToken=b03f5f7f11d50a3a'.Symbol file LoadedFromMemory is not a mono symbol file
- Loaded All Assemblies, in  0.440 seconds
Refreshing native plugins compatible for Editor in 2.75 ms, found 1 plugins.
Native extension for OSXStandalone target not found
Duplicate assembly 'System.Runtime.CompilerServices.Unsafe.dll' with different versions detected, using 'Packages/io.livekit.livekit-sdk/Runtime/Plugins/System.Runtime.CompilerServices.Unsafe.dll, AssemblyName=System.Runtime.CompilerServices.Unsafe, Version=6.0.0.0, Culture=neutral, PublicKeyToken=b03f5f7f11d50a3a' and ignoring 'Packages/com.unity.pipeline/Runtime/Plugins/CodeAnalysis/System.Runtime.CompilerServices.Unsafe.dll, AssemblyName=System.Runtime.CompilerServices.Unsafe, Version=4.0.4.0, Culture=neutral, PublicKeyToken=b03f5f7f11d50a3a'.Start HTTP server: port:7800
ScheduleIndexationOnStartup MainProcess:True IndexOnStartup:True
Mono: successfully reloaded assembly
- Finished resetting the current domain, in  2.029 seconds
Domain Reload Profiling: 2469ms
	BeginReloadAssembly (119ms)
		ExecutionOrderSort (0ms)
		DisableScriptedObjects (10ms)
		BackupInstance (0ms)
		ReleaseScriptingObjects (0ms)
		CreateAndSetChildDomain (36ms)
	RebuildCommonClasses (27ms)
	RebuildNativeTypeToScriptingClass (11ms)
	initialDomainReloadingComplete (17ms)
	LoadAllAssembliesAndSetupDomain (267ms)
		LoadAssemblies (183ms)
		RebuildTransferFunctionScriptingTraits (0ms)
		AnalyzeDomain (128ms)
			TypeCache.Refresh (115ms)
				TypeCache.ScanAssembly (105ms)
			BuildScriptInfoCaches (11ms)
			ResolveRequiredComponents (1ms)
	FinalizeReload (2029ms)
		ReleaseScriptCaches (0ms)
		RebuildScriptCaches (0ms)
		SetupLoadedEditorAssemblies (1774ms)
			LogAssemblyErrors (0ms)
			InitializePlatformSupportModulesInManaged (14ms)
			SetLoadedEditorAssemblies (3ms)
			BeforeProcessingInitializeOnLoad (88ms)
			ProcessInitializeOnLoadAttributes (1561ms)
			ProcessInitializeOnLoadMethodAttributes (107ms)
			AfterProcessingInitializeOnLoad (1ms)
			EditorAssembliesLoaded (0ms)
		ExecutionOrderSort2 (0ms)
		AwakeInstancesAfterBackupRestoration (14ms)
Start importing Assets/Resources/LiveKitSdkVersionInfo.txt using Guid(007123b57600342608fdb5b4b9e5afbc) (TextScriptImporter) -> (artifact id: '61abf6c6e242362d6f63de673ea27b49') in 0.011357709 seconds
Refreshing native plugins compatible for Editor in 1.26 ms, found 1 plugins.
Preloading 1 native plugins for Editor in 3.50 ms.
Asset Pipeline Refresh (id=492dbd40889f34e57a88fdd9d2899887): Total: 4.834 seconds - Initiated by InitialRefreshV2(ForceSynchronousImport)
	Summary:
		Imports: total=1 (actual=1, local cache=0, cache server=0)
		Asset DB Process Time: managed=1 ms, native=2345 ms
		Asset DB Callback time: managed=38 ms, native=27 ms
		Scripting: domain reloads=1, domain reload time=440 ms, compile time=1965 ms, other=14 ms
		Project Asset Count: scripts=479, non-scripts=283
		Asset File Changes: new=0, changed=1, moved=0, deleted=0
		Scan Filter Count: 1
	InvokeCustomDependenciesCallbacks: 0.001ms
	InvokePackagesCallback: 19.552ms
	ApplyChangesToAssetFolders: 0.250ms
	Scan: 193.348ms
	OnSourceAssetsModified: 0.817ms
	CategorizeAssetsWithTransientArtifact: 21.783ms
	ProcessAssetsWithTransientArtifactChanges: 11.759ms
	CategorizeAssets: 4.693ms
	ImportOutOfDateAssets: 2049.087ms (69.642ms without children)
		ImportManagerImport: 14.001ms (0.837ms without children)
			ImportInProcess: 13.149ms
			UpdateCategorizedAssets: 0.015ms
		CompileScripts: 1964.749ms
		ReloadNativeAssets: 0.000ms
		UnloadImportedAssets: 0.145ms
		ReloadImportedAssets: 0.114ms
		EnsureUptoDateAssetsAreRegisteredWithGuidPM: 0.110ms
		InitializingProgressBar: 0.004ms
		OnDemandSchedulerStart: 0.323ms
	PostProcessAllAssets: 40.991ms
	Hotreload: 6.227ms
	GatherAllCurrentPrimaryArtifactRevisions: 0.000ms
	UnloadStreamsBegin: 0.755ms
	PersistCurrentRevisions: 0.020ms
	UnloadStreamsEnd: 0.000ms
	GenerateScriptTypeHashes: 0.204ms
	Untracked: 2485.005ms

Application.AssetDatabase Initial Refresh End
Scanning for USB devices : 0.033ms
Initializing Unity extensions:
[MODES] ModeService[none].Initialize
[MODES] ModeService[none].LoadModes
[MODES] Loading mode Default (0) for mode-current-id-CHOOguard Foundation
Unloading 4 Unused Serialized files (Serialized files now loaded: 0)
Unloading 2081 unused Assets / (1.1 MB). Loaded Objects now: 2685.
Memory consumption went from 137.0 MB to 135.9 MB.
Total: 5.815000 ms (FindLiveObjects: 0.111708 ms CreateObjectMapping: 0.054750 ms MarkObjects: 5.061875 ms  DeleteObjects: 0.586208 ms)

[Project] Loading completed in 7.278 seconds
	Project init time: 				7.103 seconds
		Template init time: 		0.000 seconds
		Package Manager init time: 		0.860 seconds
		Asset Database init time: 		0.206 seconds
		Global illumination init time: 	0.003 seconds
		Assemblies load time: 			0.756 seconds
		Unity extensions init time: 	0.002 seconds
		Asset Database refresh time: 	4.835 seconds
	Scene opening time: 			0.068 seconds
##utp:{"type":"ProjectInfo","version":2,"phase":"Immediate","time":1789401572941,"processId":38347,"projectLoad":7.277525458000001,"projectInit":7.102613042,"templateInit":0.0,"packageManagerInit":0.859581791,"assetDatabaseInit":0.206026875,"globalIlluminationInit":0.00275075,"assembliesLoad":0.756360292,"unityExtensionsInit":0.002097083,"assetDatabaseRefresh":4.834682833,"sceneOpening":0.068110541}
##utp:{"type":"EditorInfo","version":2,"phase":"Immediate","time":1789401572941,"processId":38347,"editorVersion":"6000.3.23f1 (09d2ecc7fb28)","branch":"6000.3/staging","buildType":"Release","platform":"OSX"}
[Licensing::Client] Successfully resolved entitlement details
Running tests for ExecutionSettings with details:
targetPlatform = 
playerHeartbeatTimeout = 600
filters[0] = 
   Filter with settings:
   testMode = EditMode
   targetPlatform = 
   testNames = null
   groupNames = WorldMotionAdapterTests, ConnectedWorldTests, Fmp08aMovingFrameTests
   categoryNames = null
   assemblyNames = null
ignoreTests = {}
featureFlags = null

UnityEngine.Debug:ExtractStackTraceNoAlloc (byte*,int,string)
UnityEngine.StackTraceUtility:ExtractStackTrace () (at /Users/bokken/build/output/unity/unity/Runtime/Export/Scripting/StackTrace.cs:35)
UnityEngine.DebugLogHandler:Internal_Log (UnityEngine.LogType,UnityEngine.LogOption,string,UnityEngine.Object)
UnityEngine.DebugLogHandler:LogFormat (UnityEngine.LogType,UnityEngine.Object,string,object[])
UnityEngine.Logger:Log (UnityEngine.LogType,object)
UnityEngine.Debug:Log (object)
UnityEditor.TestTools.TestRunner.CommandLineTest.Executer:InitializeAndExecuteRun (string[]) (at ./Library/PackageCache/com.unity.test-framework@bd7f943e9647/UnityEditor.TestRunner/CommandLineTest/Executer.cs:53)
UnityEditor.TestTools.TestRunner.CommandLineTest.TestStarter:InitializeAndExecuteRun () (at ./Library/PackageCache/com.unity.test-framework@bd7f943e9647/UnityEditor.TestRunner/CommandLineTest/TestStarter.cs:64)
UnityEditor.EditorApplication:Internal_CallUpdateFunctions () (at /Users/bokken/build/output/unity/unity/Editor/Mono/EditorApplication.cs:392)

(Filename: ./Library/PackageCache/com.unity.test-framework@bd7f943e9647/UnityEditor.TestRunner/CommandLineTest/Executer.cs Line: 53)

Start Indexing on Editor startup
[Indexing] Starting Initial Indexing for Assets
[UnityConnectServicesConfig] config is NOT valid, switching to default
Created GICache directory at /Users/um-yunsang/Library/Caches/com.unity3d.UnityEditor/GiCache. Took: 0.002s, timestamps: [7.280 - 7.282]
Unloading 2 Unused Serialized files (Serialized files now loaded: 0)
Unloading 0 unused Assets / (43.1 KB). Loaded Objects now: 2706.
Memory consumption went from 128.7 MB to 128.7 MB.
Total: 6.392250 ms (FindLiveObjects: 0.060083 ms CreateObjectMapping: 0.027417 ms MarkObjects: 6.298375 ms  DeleteObjects: 0.006083 ms)

Executing IPrebuildSetup for: Unity.PerformanceTesting.Editor.TestRunBuilder.
UnityEngine.Debug:ExtractStackTraceNoAlloc (byte*,int,string)
UnityEngine.StackTraceUtility:ExtractStackTrace () (at /Users/bokken/build/output/unity/unity/Runtime/Export/Scripting/StackTrace.cs:35)
UnityEngine.DebugLogHandler:Internal_Log (UnityEngine.LogType,UnityEngine.LogOption,string,UnityEngine.Object)
UnityEngine.DebugLogHandler:LogFormat (UnityEngine.LogType,UnityEngine.Object,string,object[])
UnityEngine.Logger:Log (UnityEngine.LogType,object)
UnityEngine.Debug:Log (object)
UnityEditor.TestTools.TestRunner.TestRun.Tasks.BuildActionTaskBase`1/<ExecuteMethods>d__8<UnityEngine.TestTools.IPrebuildSetup>:MoveNext () (at ./Library/PackageCache/com.unity.test-framework@bd7f943e9647/UnityEditor.TestRunner/TestRun/Tasks/BuildActionTaskBase.cs:48)
UnityEditor.TestTools.TestRunner.TestRun.Tasks.BuildActionTaskBase`1/<Execute>d__7<UnityEngine.TestTools.IPrebuildSetup>:MoveNext () (at ./Library/PackageCache/com.unity.test-framework@bd7f943e9647/UnityEditor.TestRunner/TestRun/Tasks/BuildActionTaskBase.cs:34)
UnityEditor.TestTools.TestRunner.TestRun.TestJobRunner:ExecuteStep () (at ./Library/PackageCache/com.unity.test-framework@bd7f943e9647/UnityEditor.TestRunner/TestRun/TestJobRunner.cs:173)
UnityEditor.TestTools.TestRunner.TestRun.TestJobRunner:ExecuteCallback () (at ./Library/PackageCache/com.unity.test-framework@bd7f943e9647/UnityEditor.TestRunner/TestRun/TestJobRunner.cs:108)
UnityEditor.EditorApplication:Internal_CallUpdateFunctions () (at /Users/bokken/build/output/unity/unity/Editor/Mono/EditorApplication.cs:392)

(Filename: ./Library/PackageCache/com.unity.test-framework@bd7f943e9647/UnityEditor.TestRunner/TestRun/Tasks/BuildActionTaskBase.cs Line: 48)

Start importing Assets/CHOOguardGenerated/WorldMotionFrameTest_71215d819f304869833b702e95084bdc using Guid(9a66572ce37bb4654aa9472cb41fd434) (DefaultImporter) -> (artifact id: '3d4d10a1bf0143b4db4d52dab5fb3ca1') in 0.002430292 seconds
Start importing Assets/CHOOguardGenerated/WorldMotionFrameTest_71215d819f304869833b702e95084bdc/connected-world-profile.json using Guid(04a293b82bfe247abaf56207202deb68) (TextScriptImporter) -> (artifact id: '6cc062548a8f3f719b8b3d1676581053') in 0.00553425 seconds
Refreshing native plugins compatible for Editor in 0.88 ms, found 1 plugins.
Preloading 1 native plugins for Editor in 3.34 ms.
Asset Pipeline Refresh (id=9c0fe61197dd24bd8880c56910b300d4): Total: 0.027 seconds - Initiated by StopAssetImportingV2(NoUpdateAssetOptions)
Start importing Assets/CHOOguardGenerated/WorldMotionFrameTest_71215d819f304869833b702e95084bdc/Geometry using Guid(d5d76445fd72f4f6ab7d41bb1a2d767c) (DefaultImporter) -> (artifact id: 'ce91fe90657b657dcdcdcd901b7bd8fd') in 0.000744417 seconds
Refreshing native plugins compatible for Editor in 1.01 ms, found 1 plugins.
Preloading 1 native plugins for Editor in 3.32 ms.
Asset Pipeline Refresh (id=043fe8ce747814f95a4d9efc65ba0e79): Total: 0.010 seconds - Initiated by StopAssetImportingV2(NoUpdateAssetOptions)
Unloading 29 Unused Serialized files (Serialized files now loaded: 0)
Unloading 22 unused Assets / (22.7 KB). Loaded Objects now: 2729.
Memory consumption went from 128.6 MB to 128.6 MB.
Total: 5.658333 ms (FindLiveObjects: 0.056291 ms CreateObjectMapping: 0.026750 ms MarkObjects: 5.544125 ms  DeleteObjects: 0.030791 ms)

Start importing Assets/CHOOguardGenerated/WorldMotionFrameTest_71215d819f304869833b702e95084bdc/ConnectedWorld.unity using Guid(bf97a83c8629b4da2a3087e3b0a3e4a3) (DefaultImporter) -> (artifact id: '912e6a2b062cbcb096c7482f12cbb388') in 0.000468125 seconds
Refreshing native plugins compatible for Editor in 0.71 ms, found 1 plugins.
Preloading 1 native plugins for Editor in 3.20 ms.
Asset Pipeline Refresh (id=f98c58776041b41b6a6bd50ac10a44ae): Total: 0.011 seconds - Initiated by StopAssetImportingV2(NoUpdateAssetOptions)
Start importing Assets/CHOOguardGenerated/WorldMotionFrameTest_71215d819f304869833b702e95084bdc/cg_region_rolling_stock_mainline.unity using Guid(c4eb0be6d899b4825b842c4c2db48556) (DefaultImporter) -> (artifact id: '40060121464323028803d934ca9c9efc') in 0.00059325 seconds
Refreshing native plugins compatible for Editor in 1.01 ms, found 1 plugins.
Preloading 1 native plugins for Editor in 3.17 ms.
Asset Pipeline Refresh (id=a32fc8b4e84b54ae89b0d5a3abe88599): Total: 0.012 seconds - Initiated by StopAssetImportingV2(NoUpdateAssetOptions)
Start importing Assets/CHOOguardGenerated/WorldMotionFrameTest_71215d819f304869833b702e95084bdc/Geometry/rail_tracks_mainline--rail_platforms_mainline--1.asset using Guid(ea1403343926b4bdc960ecb9d31b4a85) (NativeFormatImporter) -> (artifact id: 'b2fb7479c300dcd400438986aa77967e') in 0.000656959 seconds
Refreshing native plugins compatible for Editor in 0.96 ms, found 1 plugins.
Preloading 1 native plugins for Editor in 3.18 ms.
Asset Pipeline Refresh (id=b7651996ea9a84478827afa01b4117d5): Total: 0.012 seconds - Initiated by StopAssetImportingV2(NoUpdateAssetOptions)
Start importing Assets/CHOOguardGenerated/WorldMotionFrameTest_71215d819f304869833b702e95084bdc/Geometry/rail_tracks_mainline--rail_platforms_mainline-1.asset using Guid(ea0bb9a2db3444761b7ffac7c4ef522e) (NativeFormatImporter) -> (artifact id: '48a613076507689ba1ef499bcb1f1386') in 0.000719958 seconds
Refreshing native plugins compatible for Editor in 0.97 ms, found 1 plugins.
Preloading 1 native plugins for Editor in 3.15 ms.
Asset Pipeline Refresh (id=05d6f9f09b33c48f9892042ade28d80c): Total: 0.010 seconds - Initiated by StopAssetImportingV2(NoUpdateAssetOptions)
Start importing Assets/CHOOguardGenerated/WorldMotionFrameTest_71215d819f304869833b702e95084bdc/cg_region_rail_tracks_mainline.unity using Guid(463292f6374604be3b36668b648fa13a) (DefaultImporter) -> (artifact id: '04e983d4f603d72fe7098a45f5729733') in 0.000456292 seconds
Refreshing native plugins compatible for Editor in 0.99 ms, found 1 plugins.
Preloading 1 native plugins for Editor in 3.20 ms.
Asset Pipeline Refresh (id=bbe1ae52f77cb4ede80274dc0cd08b05): Total: 0.011 seconds - Initiated by StopAssetImportingV2(NoUpdateAssetOptions)
Start importing Assets/CHOOguardGenerated/WorldMotionFrameTest_71215d819f304869833b702e95084bdc/Geometry/rolling_stock_mainline--rail_platforms_mainline--1.asset using Guid(83a9c984747bd4e1da76fd15ad41b887) (NativeFormatImporter) -> (artifact id: 'b58447d3bbcdff2021bd0b56b4bf28da') in 0.000686459 seconds
Refreshing native plugins compatible for Editor in 0.97 ms, found 1 plugins.
Preloading 1 native plugins for Editor in 3.21 ms.
Asset Pipeline Refresh (id=f7589f0bc666e4565a85dd2edef243e7): Total: 0.012 seconds - Initiated by StopAssetImportingV2(NoUpdateAssetOptions)
Start importing Assets/CHOOguardGenerated/WorldMotionFrameTest_71215d819f304869833b702e95084bdc/Geometry/rolling_stock_mainline--rail_platforms_mainline-1.asset using Guid(15ef2a4ecffb341deb0d4990ff758d31) (NativeFormatImporter) -> (artifact id: '84ab86af5b1f7935a1b8126871232c29') in 0.000803208 seconds
Refreshing native plugins compatible for Editor in 0.95 ms, found 1 plugins.
Preloading 1 native plugins for Editor in 3.18 ms.
Asset Pipeline Refresh (id=585cdda9421cb4d50bf62e02c0c50580): Total: 0.010 seconds - Initiated by StopAssetImportingV2(NoUpdateAssetOptions)
Start importing Assets/CHOOguardGenerated/WorldMotionFrameTest_71215d819f304869833b702e95084bdc/Geometry/rail_platforms_mainline--station_concourse_2f--1.asset using Guid(142fb256f296d4f25abfd2696ddaf6a9) (NativeFormatImporter) -> (artifact id: 'f02b315bcc2681ba3c65fa7aaf161a0b') in 0.000717958 seconds
Refreshing native plugins compatible for Editor in 0.98 ms, found 1 plugins.
Preloading 1 native plugins for Editor in 3.24 ms.
Asset Pipeline Refresh (id=0c3e8e9a9f4e1400092a2c8b247430bb): Total: 0.010 seconds - Initiated by StopAssetImportingV2(NoUpdateAssetOptions)
Start importing Assets/CHOOguardGenerated/WorldMotionFrameTest_71215d819f304869833b702e95084bdc/Geometry/rail_platforms_mainline--station_concourse_2f-1.asset using Guid(b3afc683ddccb4d2fbbb11e5d9d82b9f) (NativeFormatImporter) -> (artifact id: '69c5a0edb459cc08728b7236b1d40e99') in 0.00071575 seconds
Refreshing native plugins compatible for Editor in 1.11 ms, found 1 plugins.
Preloading 1 native plugins for Editor in 3.22 ms.
Asset Pipeline Refresh (id=a973f3ee969e8475dbf53a30202d3818): Total: 0.010 seconds - Initiated by StopAssetImportingV2(NoUpdateAssetOptions)
Start importing Assets/CHOOguardGenerated/WorldMotionFrameTest_71215d819f304869833b702e95084bdc/cg_region_rail_platforms_mainline.unity using Guid(5adbd78af01104b289c706ebd1306a9a) (DefaultImporter) -> (artifact id: 'ff9c54996e0e512ca2c40265f38e0122') in 0.000561083 seconds
Refreshing native plugins compatible for Editor in 1.19 ms, found 1 plugins.
Preloading 1 native plugins for Editor in 3.31 ms.
Asset Pipeline Refresh (id=164b9831f0a574a3fa9d48734ac1da43): Total: 0.012 seconds - Initiated by StopAssetImportingV2(NoUpdateAssetOptions)
Start importing Assets/CHOOguardGenerated/WorldMotionFrameTest_71215d819f304869833b702e95084bdc/Geometry/rail_terminal_public--station_concourse_2f--1.asset using Guid(daa449ecc5887467c9fb31e638a8c27b) (NativeFormatImporter) -> (artifact id: 'fdde585c881324819a721b2ebec265d1') in 0.000816917 seconds
Refreshing native plugins compatible for Editor in 1.15 ms, found 1 plugins.
Preloading 1 native plugins for Editor in 3.45 ms.
Asset Pipeline Refresh (id=203751931a740476fbc5eb616172b3fd): Total: 0.014 seconds - Initiated by StopAssetImportingV2(NoUpdateAssetOptions)
Start importing Assets/CHOOguardGenerated/WorldMotionFrameTest_71215d819f304869833b702e95084bdc/Geometry/rail_terminal_public--station_concourse_2f-1.asset using Guid(d6ca6fc7120a24b30917b969a14d14bd) (NativeFormatImporter) -> (artifact id: '4b7809cedda81c4ea88579f138eddca9') in 0.0012185 seconds
Refreshing native plugins compatible for Editor in 1.06 ms, found 1 plugins.
Preloading 1 native plugins for Editor in 3.37 ms.
Asset Pipeline Refresh (id=14f2ec67413f847c683f4b26883b82ac): Total: 0.012 seconds - Initiated by StopAssetImportingV2(NoUpdateAssetOptions)
Start importing Assets/CHOOguardGenerated/WorldMotionFrameTest_71215d819f304869833b702e95084bdc/Geometry/rail_terminal_public--underground_connector--1.asset using Guid(dbb4551afc1c344cd8c9211acb0d3882) (NativeFormatImporter) -> (artifact id: '0da14cb214094edfb0053c2f4ca76c72') in 0.000874834 seconds
Refreshing native plugins compatible for Editor in 1.37 ms, found 1 plugins.
Preloading 1 native plugins for Editor in 3.67 ms.
Asset Pipeline Refresh (id=147c8d5a6e0f24f64b8b21d57b36546d): Total: 0.012 seconds - Initiated by StopAssetImportingV2(NoUpdateAssetOptions)
Start importing Assets/CHOOguardGenerated/WorldMotionFrameTest_71215d819f304869833b702e95084bdc/Geometry/rail_terminal_public--underground_connector-1.asset using Guid(f25febdea038c4e3486bd784b3564430) (NativeFormatImporter) -> (artifact id: '837b6a946f60aa1f03678d9856df5121') in 0.00087725 seconds
Refreshing native plugins compatible for Editor in 0.97 ms, found 1 plugins.
Preloading 1 native plugins for Editor in 3.27 ms.
Asset Pipeline Refresh (id=e26f197e273cd4ac9b7f64fa929715f0): Total: 0.011 seconds - Initiated by StopAssetImportingV2(NoUpdateAssetOptions)
Start importing Assets/CHOOguardGenerated/WorldMotionFrameTest_71215d819f304869833b702e95084bdc/cg_region_rail_terminal_public.unity using Guid(78c2921cbb2ca4c3e93de70af9b516d9) (DefaultImporter) -> (artifact id: '8da5047aaac6239fb170dfbbd8dcf36f') in 0.000531625 seconds
Refreshing native plugins compatible for Editor in 1.24 ms, found 1 plugins.
Preloading 1 native plugins for Editor in 3.22 ms.
Asset Pipeline Refresh (id=e613cfceba8cf4a978ec159a9de24b25): Total: 0.013 seconds - Initiated by StopAssetImportingV2(NoUpdateAssetOptions)
Start importing Assets/CHOOguardGenerated/WorldMotionFrameTest_71215d819f304869833b702e95084bdc/cg_region_station_concourse_2f.unity using Guid(c6378161640104ab5a3efe5190a5edf3) (DefaultImporter) -> (artifact id: '588cfc20e272508f290dbf993dd0f93e') in 0.000657458 seconds
Refreshing native plugins compatible for Editor in 1.01 ms, found 1 plugins.
Preloading 1 native plugins for Editor in 3.30 ms.
Asset Pipeline Refresh (id=85ad49dc972744f2baee5093a2e2b589): Total: 0.013 seconds - Initiated by StopAssetImportingV2(NoUpdateAssetOptions)
Start importing Assets/CHOOguardGenerated/WorldMotionFrameTest_71215d819f304869833b702e95084bdc/Geometry/station_hall_1f--station_concourse_2f--1.asset using Guid(1d558b0728eb24576a5fffb3e0611d48) (NativeFormatImporter) -> (artifact id: '8f773e9c96cdbfc278942b146763f9d9') in 0.002785875 seconds
Refreshing native plugins compatible for Editor in 1.17 ms, found 1 plugins.
Preloading 1 native plugins for Editor in 3.60 ms.
Asset Pipeline Refresh (id=2b0e0551682654922864ac1b137c1b35): Total: 0.021 seconds - Initiated by StopAssetImportingV2(NoUpdateAssetOptions)
Start importing Assets/CHOOguardGenerated/WorldMotionFrameTest_71215d819f304869833b702e95084bdc/Geometry/station_hall_1f--station_concourse_2f-1.asset using Guid(5a0b7d654691842748bf190e96542f8a) (NativeFormatImporter) -> (artifact id: '4621568a65345b6624ada5a496e9d49c') in 0.000952167 seconds
Refreshing native plugins compatible for Editor in 2.99 ms, found 1 plugins.
Preloading 1 native plugins for Editor in 3.42 ms.
Asset Pipeline Refresh (id=7794014cfc7c34b249d3d1b33dbfcfde): Total: 0.013 seconds - Initiated by StopAssetImportingV2(NoUpdateAssetOptions)
Start importing Assets/CHOOguardGenerated/WorldMotionFrameTest_71215d819f304869833b702e95084bdc/cg_region_station_hall_1f.unity using Guid(76eaa934b37594cbbb9c4dd649aba1e1) (DefaultImporter) -> (artifact id: 'e6191bd25b213a8280913c51dfdd215c') in 0.000755208 seconds
Refreshing native plugins compatible for Editor in 1.40 ms, found 1 plugins.
Preloading 1 native plugins for Editor in 3.43 ms.
Asset Pipeline Refresh (id=c14e003c0ff0943748db84481351ad91): Total: 0.014 seconds - Initiated by StopAssetImportingV2(NoUpdateAssetOptions)
Start importing Assets/CHOOguardGenerated/WorldMotionFrameTest_71215d819f304869833b702e95084bdc/Geometry/station_ticket_area--rail_terminal_public--1.asset using Guid(eca7775fb361e44be83465c65f67e78f) (NativeFormatImporter) -> (artifact id: '30597cfb7818694b2e7abcdba02924a8') in 0.000728833 seconds
Refreshing native plugins compatible for Editor in 1.16 ms, found 1 plugins.
Preloading 1 native plugins for Editor in 3.21 ms.
Asset Pipeline Refresh (id=0014d99fb82314cc19fa3917a07b87d7): Total: 0.015 seconds - Initiated by StopAssetImportingV2(NoUpdateAssetOptions)
Start importing Assets/CHOOguardGenerated/WorldMotionFrameTest_71215d819f304869833b702e95084bdc/Geometry/station_ticket_area--rail_terminal_public-1.asset using Guid(279354b8cdb95485e8726e306a693b76) (NativeFormatImporter) -> (artifact id: '78dd4b20b9d4cc3eee41469dfbb2b3a3') in 0.000900709 seconds
Refreshing native plugins compatible for Editor in 1.01 ms, found 1 plugins.
Preloading 1 native plugins for Editor in 3.18 ms.
Asset Pipeline Refresh (id=f8b51a236149a40b9b1a96a14919a742): Total: 0.010 seconds - Initiated by StopAssetImportingV2(NoUpdateAssetOptions)
Start importing Assets/CHOOguardGenerated/WorldMotionFrameTest_71215d819f304869833b702e95084bdc/cg_region_station_ticket_area.unity using Guid(009698e03ef04432d912c7f829d3b2d1) (DefaultImporter) -> (artifact id: '37bc62e35e33b39403a91b48e5217d79') in 0.0006155 seconds
Refreshing native plugins compatible for Editor in 0.98 ms, found 1 plugins.
Preloading 1 native plugins for Editor in 3.72 ms.
Asset Pipeline Refresh (id=a6667fd853dee4e788378f4b4a90a32f): Total: 0.012 seconds - Initiated by StopAssetImportingV2(NoUpdateAssetOptions)
Start importing Assets/CHOOguardGenerated/WorldMotionFrameTest_71215d819f304869833b702e95084bdc/Geometry/forecourt_eurasia--underground_connector--1.asset using Guid(64c9feb681e83486abac4d82a0f039d7) (NativeFormatImporter) -> (artifact id: 'cc7097751493176889113ef6c85a52c3') in 0.000922625 seconds
Refreshing native plugins compatible for Editor in 0.98 ms, found 1 plugins.
Preloading 1 native plugins for Editor in 3.21 ms.
Asset Pipeline Refresh (id=a0b861ac5d2c94eddb9b235d0b051586): Total: 0.013 seconds - Initiated by StopAssetImportingV2(NoUpdateAssetOptions)
Start importing Assets/CHOOguardGenerated/WorldMotionFrameTest_71215d819f304869833b702e95084bdc/Geometry/forecourt_eurasia--underground_connector-1.asset using Guid(96b7ef8860e85467caab3364b2bf4f53) (NativeFormatImporter) -> (artifact id: '38201635b5bf1770d2dcaf724b52c5e5') in 0.00086225 seconds
Refreshing native plugins compatible for Editor in 0.96 ms, found 1 plugins.
Preloading 1 native plugins for Editor in 3.45 ms.
Asset Pipeline Refresh (id=73049ebe3ac4045c48bf63a74453314b): Total: 0.012 seconds - Initiated by StopAssetImportingV2(NoUpdateAssetOptions)
Start importing Assets/CHOOguardGenerated/WorldMotionFrameTest_71215d819f304869833b702e95084bdc/cg_region_forecourt_eurasia.unity using Guid(9e61d6909d79f42ce9ee3dff93fd8086) (DefaultImporter) -> (artifact id: '0f8ab04f2406b801d5b414bbe65686cc') in 0.000536625 seconds
Refreshing native plugins compatible for Editor in 0.97 ms, found 1 plugins.
Preloading 1 native plugins for Editor in 3.37 ms.
Asset Pipeline Refresh (id=f55e9e15f62714e2492e819b6e929213): Total: 0.011 seconds - Initiated by StopAssetImportingV2(NoUpdateAssetOptions)
Start importing Assets/CHOOguardGenerated/WorldMotionFrameTest_71215d819f304869833b702e95084bdc/Geometry/underground_connector--underground_shopping_passage--1.asset using Guid(eddaa4d6d2d9a4404bdd59d9b48f4cd1) (NativeFormatImporter) -> (artifact id: '05b1acba0961ef79fc1fb4bcfa842368') in 0.000984792 seconds
Refreshing native plugins compatible for Editor in 1.02 ms, found 1 plugins.
Preloading 1 native plugins for Editor in 3.13 ms.
Asset Pipeline Refresh (id=fe8c7541303114798ac99a1210a1f5c2): Total: 0.013 seconds - Initiated by StopAssetImportingV2(NoUpdateAssetOptions)
Start importing Assets/CHOOguardGenerated/WorldMotionFrameTest_71215d819f304869833b702e95084bdc/Geometry/underground_connector--underground_shopping_passage-1.asset using Guid(5df7a6544c4a442e6a4492392b2b4a4f) (NativeFormatImporter) -> (artifact id: '0185c24f4397900381ee42277b4ae3cc') in 0.000828959 seconds
Refreshing native plugins compatible for Editor in 0.94 ms, found 1 plugins.
Preloading 1 native plugins for Editor in 3.33 ms.
Asset Pipeline Refresh (id=574815f3ccad0433ab02731482cd3638): Total: 0.011 seconds - Initiated by StopAssetImportingV2(NoUpdateAssetOptions)
Start importing Assets/CHOOguardGenerated/WorldMotionFrameTest_71215d819f304869833b702e95084bdc/cg_region_underground_connector.unity using Guid(fb4688a57cd6b43d59cfe67629900fa0) (DefaultImporter) -> (artifact id: '55008d20054fa8ec6662aa76ed648f78') in 0.0005865 seconds
Refreshing native plugins compatible for Editor in 0.99 ms, found 1 plugins.
Preloading 1 native plugins for Editor in 3.33 ms.
Asset Pipeline Refresh (id=bf9e5d0b411104697a6e8b4c3b2c7ea1): Total: 0.012 seconds - Initiated by StopAssetImportingV2(NoUpdateAssetOptions)
Start importing Assets/CHOOguardGenerated/WorldMotionFrameTest_71215d819f304869833b702e95084bdc/Geometry/underground_shopping_passage--metro_concourse--1.asset using Guid(60e61c5e77d51431ca581abf008ce26f) (NativeFormatImporter) -> (artifact id: '44acc8736e6fa2b9d0055248797b6e72') in 0.00076875 seconds
Refreshing native plugins compatible for Editor in 0.96 ms, found 1 plugins.
Preloading 1 native plugins for Editor in 3.20 ms.
Asset Pipeline Refresh (id=887561569585641b1a1cc9eb6780e917): Total: 0.013 seconds - Initiated by StopAssetImportingV2(NoUpdateAssetOptions)
Start importing Assets/CHOOguardGenerated/WorldMotionFrameTest_71215d819f304869833b702e95084bdc/Geometry/underground_shopping_passage--metro_concourse-1.asset using Guid(8c4272cc777ac4bc6a6ca986a0888887) (NativeFormatImporter) -> (artifact id: '23766ece71518456b8a6c32f99430704') in 0.000689666 seconds
Refreshing native plugins compatible for Editor in 1.02 ms, found 1 plugins.
Preloading 1 native plugins for Editor in 3.32 ms.
Asset Pipeline Refresh (id=7bc7dd859671041f8842b5f5f63d1b42): Total: 0.012 seconds - Initiated by StopAssetImportingV2(NoUpdateAssetOptions)
Start importing Assets/CHOOguardGenerated/WorldMotionFrameTest_71215d819f304869833b702e95084bdc/cg_region_underground_shopping_passage.unity using Guid(696070b0f9d82409fa423c520d7f3d52) (DefaultImporter) -> (artifact id: '0d38adf7b3ca81486c637b9516e64a1e') in 0.000527958 seconds
Refreshing native plugins compatible for Editor in 1.06 ms, found 1 plugins.
Preloading 1 native plugins for Editor in 3.30 ms.
Asset Pipeline Refresh (id=f644ead826baa4df887f139bf091eef8): Total: 0.011 seconds - Initiated by StopAssetImportingV2(NoUpdateAssetOptions)
Start importing Assets/CHOOguardGenerated/WorldMotionFrameTest_71215d819f304869833b702e95084bdc/Geometry/metro_concourse--metro_platforms--1.asset using Guid(b6ba9668e5cea44f29980b4b7f2c142c) (NativeFormatImporter) -> (artifact id: 'ef63ed734d21e1866e1761b012e9582d') in 0.000819583 seconds
Refreshing native plugins compatible for Editor in 1.08 ms, found 1 plugins.
Preloading 1 native plugins for Editor in 3.39 ms.
Asset Pipeline Refresh (id=c8dd9001e2a0e41f7a63bf39d96da30e): Total: 0.013 seconds - Initiated by StopAssetImportingV2(NoUpdateAssetOptions)
Start importing Assets/CHOOguardGenerated/WorldMotionFrameTest_71215d819f304869833b702e95084bdc/Geometry/metro_concourse--metro_platforms-1.asset using Guid(d770d2b18ab7243c0a3c770ca535143f) (NativeFormatImporter) -> (artifact id: '06f3027c8e71eddbfc692350e91b9dc0') in 0.000889958 seconds
Refreshing native plugins compatible for Editor in 1.24 ms, found 1 plugins.
Preloading 1 native plugins for Editor in 3.50 ms.
Asset Pipeline Refresh (id=34de356a5874d49919038c50255bd8ff): Total: 0.013 seconds - Initiated by StopAssetImportingV2(NoUpdateAssetOptions)
Start importing Assets/CHOOguardGenerated/WorldMotionFrameTest_71215d819f304869833b702e95084bdc/cg_region_metro_concourse.unity using Guid(afea9515047814cd4b8faa783353b7da) (DefaultImporter) -> (artifact id: '657827fe84f3a05b311519d82d641c63') in 0.000777291 seconds
Refreshing native plugins compatible for Editor in 1.14 ms, found 1 plugins.
Preloading 1 native plugins for Editor in 3.35 ms.
Asset Pipeline Refresh (id=d4c3b3403cad04a18804becedcf5c991): Total: 0.013 seconds - Initiated by StopAssetImportingV2(NoUpdateAssetOptions)
Start importing Assets/CHOOguardGenerated/WorldMotionFrameTest_71215d819f304869833b702e95084bdc/Geometry/rolling_stock_metro--metro_platforms--1.asset using Guid(6f22fd28db56647d9aa5d346e38c6f88) (NativeFormatImporter) -> (artifact id: '6e9cc982073ab123b70a650c56bce8dc') in 0.001034708 seconds
Refreshing native plugins compatible for Editor in 1.15 ms, found 1 plugins.
Preloading 1 native plugins for Editor in 3.62 ms.
Asset Pipeline Refresh (id=d73e6a89b3ceb4c049699c8f4e1c6c3e): Total: 0.018 seconds - Initiated by StopAssetImportingV2(NoUpdateAssetOptions)
Start importing Assets/CHOOguardGenerated/WorldMotionFrameTest_71215d819f304869833b702e95084bdc/Geometry/rolling_stock_metro--metro_platforms-1.asset using Guid(804c02f6031404a1587bd9f12b2c88c4) (NativeFormatImporter) -> (artifact id: '8bf280aa05d1de01dff290c64489d7d4') in 0.001113458 seconds
Refreshing native plugins compatible for Editor in 1.92 ms, found 1 plugins.
Preloading 1 native plugins for Editor in 3.72 ms.
Asset Pipeline Refresh (id=2ebfacf365f704020b6cf9393c840e19): Total: 0.014 seconds - Initiated by StopAssetImportingV2(NoUpdateAssetOptions)
Start importing Assets/CHOOguardGenerated/WorldMotionFrameTest_71215d819f304869833b702e95084bdc/cg_region_metro_platforms.unity using Guid(0c02e29f65fee4d7aaaf6abb82ae44ce) (DefaultImporter) -> (artifact id: '59fa4ddff5c9fbd932a8f33ab6646087') in 0.00064 seconds
Refreshing native plugins compatible for Editor in 1.07 ms, found 1 plugins.
Preloading 1 native plugins for Editor in 3.28 ms.
Asset Pipeline Refresh (id=ec005f00a623b4d08bad38f7d60674a9): Total: 0.012 seconds - Initiated by StopAssetImportingV2(NoUpdateAssetOptions)
Start importing Assets/CHOOguardGenerated/WorldMotionFrameTest_71215d819f304869833b702e95084bdc/cg_region_rolling_stock_metro.unity using Guid(cea1149c36612458ca33e8547d5dd9c7) (DefaultImporter) -> (artifact id: '90fefcfb36ab3f2fea62a54c3317d67b') in 0.000811084 seconds
Refreshing native plugins compatible for Editor in 1.48 ms, found 1 plugins.
Preloading 1 native plugins for Editor in 3.62 ms.
Asset Pipeline Refresh (id=b0e438bdea2dd4becbef0e4a8e854de8): Total: 0.017 seconds - Initiated by StopAssetImportingV2(NoUpdateAssetOptions)
Connected world generated: 13 region scenes and 12 provisional connections. Verification is separate.
UnityEngine.Debug:ExtractStackTraceNoAlloc (byte*,int,string)
UnityEngine.StackTraceUtility:ExtractStackTrace () (at /Users/bokken/build/output/unity/unity/Runtime/Export/Scripting/StackTrace.cs:35)
UnityEngine.DebugLogHandler:Internal_Log (UnityEngine.LogType,UnityEngine.LogOption,string,UnityEngine.Object)
UnityEngine.DebugLogHandler:LogFormat (UnityEngine.LogType,UnityEngine.Object,string,object[])
UnityEngine.Logger:Log (UnityEngine.LogType,object)
UnityEngine.Debug:Log (object)
ChooGuard.Foundation.Multiplayer.Editor.ConnectedWorldSceneBuilder:Build (string,ChooGuard.Foundation.Multiplayer.ConnectedWorldDefinition) (at ./Packages/com.xrlab.chooguard.foundation/Multiplayer/Editor/ConnectedWorldSceneBuilder.cs:90)
ChooGuard.Foundation.Multiplayer.Tests.Fmp08aMovingFrameTests:Build () (at ./Packages/com.xrlab.chooguard.foundation/Multiplayer/Tests/Editor/Fmp08aMovingFrameTests.cs:78)
System.Reflection.RuntimeMethodInfo:Invoke (object,System.Reflection.BindingFlags,System.Reflection.Binder,object[],System.Globalization.CultureInfo)
System.Reflection.MethodBase:Invoke (object,object[])
NUnit.Framework.Internal.Reflect:InvokeMethod (System.Reflection.MethodInfo,object,object[])
NUnit.Framework.Internal.Reflect:InvokeMethod (System.Reflection.MethodInfo,object)
NUnit.Framework.Internal.Commands.SetUpTearDownItem:RunNonAsyncMethod (System.Reflection.MethodInfo,NUnit.Framework.Internal.ITestExecutionContext)
NUnit.Framework.Internal.Commands.SetUpTearDownItem:RunSetUpOrTearDownMethod (NUnit.Framework.Internal.ITestExecutionContext,System.Reflection.MethodInfo)
NUnit.Framework.Internal.Commands.SetUpTearDownItem:RunSetUp (NUnit.Framework.Internal.ITestExecutionContext)
NUnit.Framework.Internal.Commands.OneTimeSetUpCommand:Execute (NUnit.Framework.Internal.ITestExecutionContext)
UnityEngine.TestRunner.NUnitExtensions.Runner.CompositeWorkItem:PerformOneTimeSetUp () (at ./Library/PackageCache/com.unity.test-framework@bd7f943e9647/UnityEngine.TestRunner/NUnitExtensions/Runner/CompositeWorkItem.cs:171)
UnityEngine.TestRunner.NUnitExtensions.Runner.CompositeWorkItem/<PerformWork>d__13:MoveNext () (at ./Library/PackageCache/com.unity.test-framework@bd7f943e9647/UnityEngine.TestRunner/NUnitExtensions/Runner/CompositeWorkItem.cs:74)
UnityEngine.TestRunner.NUnitExtensions.Runner.CompositeWorkItem/<RunChildren>d__17:MoveNext () (at ./Library/PackageCache/com.unity.test-framework@bd7f943e9647/UnityEngine.TestRunner/NUnitExtensions/Runner/CompositeWorkItem.cs:207)
UnityEngine.TestRunner.NUnitExtensions.Runner.CompositeWorkItem/<PerformWork>d__13:MoveNext () (at ./Library/PackageCache/com.unity.test-framework@bd7f943e9647/UnityEngine.TestRunner/NUnitExtensions/Runner/CompositeWorkItem.cs:82)
UnityEngine.TestRunner.NUnitExtensions.Runner.CompositeWorkItem/<RunChildren>d__17:MoveNext () (at ./Library/PackageCache/com.unity.test-framework@bd7f943e9647/UnityEngine.TestRunner/NUnitExtensions/Runner/CompositeWorkItem.cs:207)
UnityEngine.TestRunner.NUnitExtensions.Runner.CompositeWorkItem/<PerformWork>d__13:MoveNext () (at ./Library/PackageCache/com.unity.test-framework@bd7f943e9647/UnityEngine.TestRunner/NUnitExtensions/Runner/CompositeWorkItem.cs:82)
UnityEngine.TestRunner.NUnitExtensions.Runner.CompositeWorkItem/<RunChildren>d__17:MoveNext () (at ./Library/PackageCache/com.unity.test-framework@bd7f943e9647/UnityEngine.TestRunner/NUnitExtensions/Runner/CompositeWorkItem.cs:207)
UnityEngine.TestRunner.NUnitExtensions.Runner.CompositeWorkItem/<PerformWork>d__13:MoveNext () (at ./Library/PackageCache/com.unity.test-framework@bd7f943e9647/UnityEngine.TestRunner/NUnitExtensions/Runner/CompositeWorkItem.cs:82)
UnityEngine.TestRunner.NUnitExtensions.Runner.CompositeWorkItem/<RunChildren>d__17:MoveNext () (at ./Library/PackageCache/com.unity.test-framework@bd7f943e9647/UnityEngine.TestRunner/NUnitExtensions/Runner/CompositeWorkItem.cs:207)
UnityEngine.TestRunner.NUnitExtensions.Runner.CompositeWorkItem/<PerformWork>d__13:MoveNext () (at ./Library/PackageCache/com.unity.test-framework@bd7f943e9647/UnityEngine.TestRunner/NUnitExtensions/Runner/CompositeWorkItem.cs:82)
UnityEngine.TestRunner.NUnitExtensions.Runner.CompositeWorkItem/<RunChildren>d__17:MoveNext () (at ./Library/PackageCache/com.unity.test-framework@bd7f943e9647/UnityEngine.TestRunner/NUnitExtensions/Runner/CompositeWorkItem.cs:207)
UnityEngine.TestRunner.NUnitExtensions.Runner.CompositeWorkItem/<PerformWork>d__13:MoveNext () (at ./Library/PackageCache/com.unity.test-framework@bd7f943e9647/UnityEngine.TestRunner/NUnitExtensions/Runner/CompositeWorkItem.cs:82)
UnityEngine.TestRunner.NUnitExtensions.Runner.CompositeWorkItem/<RunChildren>d__17:MoveNext () (at ./Library/PackageCache/com.unity.test-framework@bd7f943e9647/UnityEngine.TestRunner/NUnitExtensions/Runner/CompositeWorkItem.cs:207)
UnityEngine.TestRunner.NUnitExtensions.Runner.CompositeWorkItem/<PerformWork>d__13:MoveNext () (at ./Library/PackageCache/com.unity.test-framework@bd7f943e9647/UnityEngine.TestRunner/NUnitExtensions/Runner/CompositeWorkItem.cs:82)
UnityEditor.TestTools.TestRunner.EditModeRunner:MoveNextAndUpdateYieldObject () (at ./Library/PackageCache/com.unity.test-framework@bd7f943e9647/UnityEditor.TestRunner/TestRunner/EditModeRunner.cs:167)
UnityEditor.TestTools.TestRunner.EditModeRunner:TestConsumer (UnityEditor.TestTools.TestRunner.TestRunnerStateSerializer) (at ./Library/PackageCache/com.unity.test-framework@bd7f943e9647/UnityEditor.TestRunner/TestRunner/EditModeRunner.cs:200)
UnityEditor.TestTools.TestRunner.TestRun.Tasks.EditModeRunTask/<Execute>d__1:MoveNext () (at ./Library/PackageCache/com.unity.test-framework@bd7f943e9647/UnityEditor.TestRunner/TestRun/Tasks/EditModeRunTask.cs:48)
UnityEditor.TestTools.TestRunner.TestRun.TestJobRunner:ExecuteStep () (at ./Library/PackageCache/com.unity.test-framework@bd7f943e9647/UnityEditor.TestRunner/TestRun/TestJobRunner.cs:173)
UnityEditor.TestTools.TestRunner.TestRun.TestJobRunner:ExecuteCallback () (at ./Library/PackageCache/com.unity.test-framework@bd7f943e9647/UnityEditor.TestRunner/TestRun/TestJobRunner.cs:108)
UnityEditor.EditorApplication:Internal_CallUpdateFunctions () (at /Users/bokken/build/output/unity/unity/Editor/Mono/EditorApplication.cs:392)

(Filename: ./Packages/com.xrlab.chooguard.foundation/Multiplayer/Editor/ConnectedWorldSceneBuilder.cs Line: 90)

Opening scene 'Assets/CHOOguardGenerated/WorldMotionFrameTest_71215d819f304869833b702e95084bdc/cg_region_rolling_stock_mainline.unity additively'
Loaded scene 'Assets/CHOOguardGenerated/WorldMotionFrameTest_71215d819f304869833b702e95084bdc/cg_region_rolling_stock_mainline.unity'
	Deserialize:            5.444 ms
	Integration:            1.041 ms
	Integration of assets:  0.003 ms
	Thread Wait Time:       0.004 ms
	Total Operation Time:   6.492 ms
Opening scene 'Assets/CHOOguardGenerated/WorldMotionFrameTest_71215d819f304869833b702e95084bdc/cg_region_rail_tracks_mainline.unity additively'
Loaded scene 'Assets/CHOOguardGenerated/WorldMotionFrameTest_71215d819f304869833b702e95084bdc/cg_region_rail_tracks_mainline.unity'
	Deserialize:            3.268 ms
	Integration:            0.722 ms
	Integration of assets:  0.002 ms
	Thread Wait Time:       0.005 ms
	Total Operation Time:   3.998 ms
Opening scene 'Assets/CHOOguardGenerated/WorldMotionFrameTest_71215d819f304869833b702e95084bdc/cg_region_rail_platforms_mainline.unity additively'
Loaded scene 'Assets/CHOOguardGenerated/WorldMotionFrameTest_71215d819f304869833b702e95084bdc/cg_region_rail_platforms_mainline.unity'
	Deserialize:            5.148 ms
	Integration:            0.703 ms
	Integration of assets:  0.003 ms
	Thread Wait Time:       0.006 ms
	Total Operation Time:   5.860 ms
Opening scene 'Assets/CHOOguardGenerated/WorldMotionFrameTest_71215d819f304869833b702e95084bdc/cg_region_rail_terminal_public.unity additively'
Loaded scene 'Assets/CHOOguardGenerated/WorldMotionFrameTest_71215d819f304869833b702e95084bdc/cg_region_rail_terminal_public.unity'
	Deserialize:            2.831 ms
	Integration:            0.661 ms
	Integration of assets:  0.001 ms
	Thread Wait Time:       0.033 ms
	Total Operation Time:   3.526 ms
Opening scene 'Assets/CHOOguardGenerated/WorldMotionFrameTest_71215d819f304869833b702e95084bdc/cg_region_station_concourse_2f.unity additively'
Loaded scene 'Assets/CHOOguardGenerated/WorldMotionFrameTest_71215d819f304869833b702e95084bdc/cg_region_station_concourse_2f.unity'
	Deserialize:            2.665 ms
	Integration:            1.485 ms
	Integration of assets:  0.002 ms
	Thread Wait Time:       0.007 ms
	Total Operation Time:   4.158 ms
Opening scene 'Assets/CHOOguardGenerated/WorldMotionFrameTest_71215d819f304869833b702e95084bdc/cg_region_station_hall_1f.unity additively'
Loaded scene 'Assets/CHOOguardGenerated/WorldMotionFrameTest_71215d819f304869833b702e95084bdc/cg_region_station_hall_1f.unity'
	Deserialize:            2.617 ms
	Integration:            0.486 ms
	Integration of assets:  0.001 ms
	Thread Wait Time:       0.002 ms
	Total Operation Time:   3.107 ms
Opening scene 'Assets/CHOOguardGenerated/WorldMotionFrameTest_71215d819f304869833b702e95084bdc/cg_region_station_ticket_area.unity additively'
Loaded scene 'Assets/CHOOguardGenerated/WorldMotionFrameTest_71215d819f304869833b702e95084bdc/cg_region_station_ticket_area.unity'
	Deserialize:            2.660 ms
	Integration:            0.487 ms
	Integration of assets:  0.001 ms
	Thread Wait Time:       0.006 ms
	Total Operation Time:   3.154 ms
Opening scene 'Assets/CHOOguardGenerated/WorldMotionFrameTest_71215d819f304869833b702e95084bdc/cg_region_forecourt_eurasia.unity additively'
Loaded scene 'Assets/CHOOguardGenerated/WorldMotionFrameTest_71215d819f304869833b702e95084bdc/cg_region_forecourt_eurasia.unity'
	Deserialize:            2.010 ms
	Integration:            0.663 ms
	Integration of assets:  0.001 ms
	Thread Wait Time:       0.004 ms
	Total Operation Time:   2.678 ms
Opening scene 'Assets/CHOOguardGenerated/WorldMotionFrameTest_71215d819f304869833b702e95084bdc/cg_region_underground_connector.unity additively'
Loaded scene 'Assets/CHOOguardGenerated/WorldMotionFrameTest_71215d819f304869833b702e95084bdc/cg_region_underground_connector.unity'
	Deserialize:            3.365 ms
	Integration:            0.386 ms
	Integration of assets:  0.001 ms
	Thread Wait Time:       0.004 ms
	Total Operation Time:   3.756 ms
Opening scene 'Assets/CHOOguardGenerated/WorldMotionFrameTest_71215d819f304869833b702e95084bdc/cg_region_underground_shopping_passage.unity additively'
Loaded scene 'Assets/CHOOguardGenerated/WorldMotionFrameTest_71215d819f304869833b702e95084bdc/cg_region_underground_shopping_passage.unity'
	Deserialize:            1.887 ms
	Integration:            0.627 ms
	Integration of assets:  0.001 ms
	Thread Wait Time:       0.007 ms
	Total Operation Time:   2.522 ms
Opening scene 'Assets/CHOOguardGenerated/WorldMotionFrameTest_71215d819f304869833b702e95084bdc/cg_region_metro_concourse.unity additively'
Loaded scene 'Assets/CHOOguardGenerated/WorldMotionFrameTest_71215d819f304869833b702e95084bdc/cg_region_metro_concourse.unity'
	Deserialize:            2.545 ms
	Integration:            0.481 ms
	Integration of assets:  0.001 ms
	Thread Wait Time:       0.004 ms
	Total Operation Time:   3.030 ms
Opening scene 'Assets/CHOOguardGenerated/WorldMotionFrameTest_71215d819f304869833b702e95084bdc/cg_region_metro_platforms.unity additively'
Loaded scene 'Assets/CHOOguardGenerated/WorldMotionFrameTest_71215d819f304869833b702e95084bdc/cg_region_metro_platforms.unity'
	Deserialize:            4.324 ms
	Integration:            0.648 ms
	Integration of assets:  0.003 ms
	Thread Wait Time:       0.002 ms
	Total Operation Time:   4.977 ms
Opening scene 'Assets/CHOOguardGenerated/WorldMotionFrameTest_71215d819f304869833b702e95084bdc/cg_region_rolling_stock_metro.unity additively'
Loaded scene 'Assets/CHOOguardGenerated/WorldMotionFrameTest_71215d819f304869833b702e95084bdc/cg_region_rolling_stock_metro.unity'
	Deserialize:            4.354 ms
	Integration:            0.508 ms
	Integration of assets:  0.001 ms
	Thread Wait Time:       0.005 ms
	Total Operation Time:   4.869 ms
Unloading 13 Unused Serialized files (Serialized files now loaded: 0)
Unloading 571 unused Assets / (170.6 KB). Loaded Objects now: 2738.
Memory consumption went from 139.4 MB to 139.2 MB.
Total: 6.577916 ms (FindLiveObjects: 0.074500 ms CreateObjectMapping: 0.031959 ms MarkObjects: 6.200583 ms  DeleteObjects: 0.270583 ms)

Refreshing native plugins compatible for Editor in 0.75 ms, found 1 plugins.
Preloading 1 native plugins for Editor in 3.43 ms.
Asset Pipeline Refresh (id=65945c24f0c814149ae1d0415e3dc94b): Total: 0.015 seconds - Initiated by StopAssetImportingV2(NoUpdateAssetOptions)
Start importing Assets/CHOOguardGenerated/WorldMotionTest_e496a335cb304df88315f5f596248d5c using Guid(270f31b487a224e73a8d2a0c44cef72b) (DefaultImporter) -> (artifact id: 'ff8ff0e9d693cce251656333f4cdda78') in 0.000624041 seconds
Start importing Assets/CHOOguardGenerated/WorldMotionTest_e496a335cb304df88315f5f596248d5c/connected-world-profile.json using Guid(960ca0e594d024a4b8b1bf1d210672a4) (TextScriptImporter) -> (artifact id: 'efd1cf667e9913a95e37ff155541764b') in 0.000788041 seconds
Refreshing native plugins compatible for Editor in 1.04 ms, found 1 plugins.
Preloading 1 native plugins for Editor in 3.30 ms.
Asset Pipeline Refresh (id=2143217b7576c4080a27b9ff27f2d633): Total: 0.014 seconds - Initiated by StopAssetImportingV2(NoUpdateAssetOptions)
Start importing Assets/CHOOguardGenerated/WorldMotionTest_e496a335cb304df88315f5f596248d5c/Geometry using Guid(66e08aa6362154e298d1e54b846a5394) (DefaultImporter) -> (artifact id: '252f14fc5391e67ddcbbd6b18890af9f') in 0.000613875 seconds
Refreshing native plugins compatible for Editor in 1.00 ms, found 1 plugins.
Preloading 1 native plugins for Editor in 3.19 ms.
Asset Pipeline Refresh (id=ad91efdbded4e448fa64707ddb2ad8b0): Total: 0.010 seconds - Initiated by StopAssetImportingV2(NoUpdateAssetOptions)
Unloading 0 Unused Serialized files (Serialized files now loaded: 0)
Unloading 22 unused Assets / (0.8 KB). Loaded Objects now: 2731.
Memory consumption went from 135.7 MB to 135.7 MB.
Total: 7.701417 ms (FindLiveObjects: 0.068375 ms CreateObjectMapping: 0.029250 ms MarkObjects: 7.580125 ms  DeleteObjects: 0.023083 ms)

Start importing Assets/CHOOguardGenerated/WorldMotionTest_e496a335cb304df88315f5f596248d5c/ConnectedWorld.unity using Guid(35d0eec2211134e72be342a8c0ddee90) (DefaultImporter) -> (artifact id: '3846d36627c5b2cd8c9651cbf33a91f4') in 0.000434417 seconds
Refreshing native plugins compatible for Editor in 0.83 ms, found 1 plugins.
Preloading 1 native plugins for Editor in 3.31 ms.
Asset Pipeline Refresh (id=3ef729095527d435fb8a55d426e6605e): Total: 0.011 seconds - Initiated by StopAssetImportingV2(NoUpdateAssetOptions)
Start importing Assets/CHOOguardGenerated/WorldMotionTest_e496a335cb304df88315f5f596248d5c/cg_region_rolling_stock_mainline.unity using Guid(85b246a6d0e074d599d4953213a2181f) (DefaultImporter) -> (artifact id: '5676b663ba929a4353dd8be97b6c450d') in 0.000567083 seconds
Refreshing native plugins compatible for Editor in 1.01 ms, found 1 plugins.
Preloading 1 native plugins for Editor in 3.14 ms.
Asset Pipeline Refresh (id=ff8f4ead086a044b6b61cc9d5b482009): Total: 0.012 seconds - Initiated by StopAssetImportingV2(NoUpdateAssetOptions)
Start importing Assets/CHOOguardGenerated/WorldMotionTest_e496a335cb304df88315f5f596248d5c/Geometry/rail_tracks_mainline--rail_platforms_mainline--1.asset using Guid(4e8f732590e72461ea0ec5bcdc0ad1bd) (NativeFormatImporter) -> (artifact id: '05a5af24d8386275d422d50c420bffd9') in 0.000713875 seconds
Refreshing native plugins compatible for Editor in 1.06 ms, found 1 plugins.
Preloading 1 native plugins for Editor in 3.39 ms.
Asset Pipeline Refresh (id=9749bfa85be034e94b4020326b6f323c): Total: 0.014 seconds - Initiated by StopAssetImportingV2(NoUpdateAssetOptions)
Start importing Assets/CHOOguardGenerated/WorldMotionTest_e496a335cb304df88315f5f596248d5c/Geometry/rail_tracks_mainline--rail_platforms_mainline-1.asset using Guid(949a2998ae263401bb0bca43c376e2a4) (NativeFormatImporter) -> (artifact id: 'a5b6c7df0b08304127677f9d32d7219a') in 0.000904375 seconds
Refreshing native plugins compatible for Editor in 1.04 ms, found 1 plugins.
Preloading 1 native plugins for Editor in 3.17 ms.
Asset Pipeline Refresh (id=8dc4be29464f14d66aec88e22325259e): Total: 0.011 seconds - Initiated by StopAssetImportingV2(NoUpdateAssetOptions)
Start importing Assets/CHOOguardGenerated/WorldMotionTest_e496a335cb304df88315f5f596248d5c/cg_region_rail_tracks_mainline.unity using Guid(c8dece5cd6e414dd49cc5607cf444b97) (DefaultImporter) -> (artifact id: 'dfdf9d0c8838f396af8ba098060ff07e') in 0.000749209 seconds
Refreshing native plugins compatible for Editor in 1.06 ms, found 1 plugins.
Preloading 1 native plugins for Editor in 3.22 ms.
Asset Pipeline Refresh (id=44649a20e4fed4c94b235e384b7c1730): Total: 0.012 seconds - Initiated by StopAssetImportingV2(NoUpdateAssetOptions)
Start importing Assets/CHOOguardGenerated/WorldMotionTest_e496a335cb304df88315f5f596248d5c/Geometry/rolling_stock_mainline--rail_platforms_mainline--1.asset using Guid(4ea841a959ea949e986424a75989c686) (NativeFormatImporter) -> (artifact id: 'e722f313c5d7d126c5c228a1a24319ab') in 0.000680208 seconds
Refreshing native plugins compatible for Editor in 1.05 ms, found 1 plugins.
Preloading 1 native plugins for Editor in 3.41 ms.
Asset Pipeline Refresh (id=5972976063d4f45fda6233996463a456): Total: 0.013 seconds - Initiated by StopAssetImportingV2(NoUpdateAssetOptions)
Start importing Assets/CHOOguardGenerated/WorldMotionTest_e496a335cb304df88315f5f596248d5c/Geometry/rolling_stock_mainline--rail_platforms_mainline-1.asset using Guid(3e68e1edb93334584922a99ba97a1cca) (NativeFormatImporter) -> (artifact id: 'ad769a8565817e15808d31fb5d0c33b8') in 0.00082625 seconds
Refreshing native plugins compatible for Editor in 0.98 ms, found 1 plugins.
Preloading 1 native plugins for Editor in 3.24 ms.
Asset Pipeline Refresh (id=ab88700e8d27f44a88388e626f2285e2): Total: 0.010 seconds - Initiated by StopAssetImportingV2(NoUpdateAssetOptions)
Start importing Assets/CHOOguardGenerated/WorldMotionTest_e496a335cb304df88315f5f596248d5c/Geometry/rail_platforms_mainline--station_concourse_2f--1.asset using Guid(dd532820389ce42d3a20af65152b819d) (NativeFormatImporter) -> (artifact id: 'feccbb3eafd4ee50744ab47a626953a1') in 0.000782208 seconds
Refreshing native plugins compatible for Editor in 1.05 ms, found 1 plugins.
Preloading 1 native plugins for Editor in 3.65 ms.
Asset Pipeline Refresh (id=3dfd30f2782bb42a29e806d9325202c6): Total: 0.011 seconds - Initiated by StopAssetImportingV2(NoUpdateAssetOptions)
Start importing Assets/CHOOguardGenerated/WorldMotionTest_e496a335cb304df88315f5f596248d5c/Geometry/rail_platforms_mainline--station_concourse_2f-1.asset using Guid(37bbbb65ed3074e98b9a5ce9058bc693) (NativeFormatImporter) -> (artifact id: '7230efbab0db3053ca1484af0065c7ab') in 0.000719458 seconds
Refreshing native plugins compatible for Editor in 1.12 ms, found 1 plugins.
Preloading 1 native plugins for Editor in 3.29 ms.
Asset Pipeline Refresh (id=bd4f65e6fe7b341db8f83e962cbc0848): Total: 0.010 seconds - Initiated by StopAssetImportingV2(NoUpdateAssetOptions)
Start importing Assets/CHOOguardGenerated/WorldMotionTest_e496a335cb304df88315f5f596248d5c/cg_region_rail_platforms_mainline.unity using Guid(0750eb1fcbd1d493390c68e0f664ec5b) (DefaultImporter) -> (artifact id: '3a2f762f26c7c67e773f72c6d6982269') in 0.000652458 seconds
Refreshing native plugins compatible for Editor in 0.99 ms, found 1 plugins.
Preloading 1 native plugins for Editor in 3.42 ms.
Asset Pipeline Refresh (id=f27c88a6d008f47a4ab54458a6e60437): Total: 0.012 seconds - Initiated by StopAssetImportingV2(NoUpdateAssetOptions)
Start importing Assets/CHOOguardGenerated/WorldMotionTest_e496a335cb304df88315f5f596248d5c/Geometry/rail_terminal_public--station_concourse_2f--1.asset using Guid(73e93ed501d394cbaa0806c819ab1118) (NativeFormatImporter) -> (artifact id: 'edeb5bd6a404289fa148e4b50ee9663a') in 0.000765375 seconds
Refreshing native plugins compatible for Editor in 1.00 ms, found 1 plugins.
Preloading 1 native plugins for Editor in 3.17 ms.
Asset Pipeline Refresh (id=032584e7d109f4edfb7fee6d2c095bb0): Total: 0.013 seconds - Initiated by StopAssetImportingV2(NoUpdateAssetOptions)
Start importing Assets/CHOOguardGenerated/WorldMotionTest_e496a335cb304df88315f5f596248d5c/Geometry/rail_terminal_public--station_concourse_2f-1.asset using Guid(e9cb18155e6fa4ff085fcc23eab0f00e) (NativeFormatImporter) -> (artifact id: '7ac74ad9f2fa93aed109df216c708d36') in 0.000761459 seconds
Refreshing native plugins compatible for Editor in 0.98 ms, found 1 plugins.
Preloading 1 native plugins for Editor in 3.14 ms.
Asset Pipeline Refresh (id=1c1fd263426be463a8a9cf282e4093aa): Total: 0.010 seconds - Initiated by StopAssetImportingV2(NoUpdateAssetOptions)
Start importing Assets/CHOOguardGenerated/WorldMotionTest_e496a335cb304df88315f5f596248d5c/Geometry/rail_terminal_public--underground_connector--1.asset using Guid(e9ee973cde9cd4ba0bcee3544413b8bb) (NativeFormatImporter) -> (artifact id: 'a2b9dc5c9cc6287e2a09c2a5b3abb30d') in 0.000621375 seconds
Refreshing native plugins compatible for Editor in 0.95 ms, found 1 plugins.
Preloading 1 native plugins for Editor in 3.12 ms.
Asset Pipeline Refresh (id=71d3d837edda840038339e07b6fa3914): Total: 0.010 seconds - Initiated by StopAssetImportingV2(NoUpdateAssetOptions)
Start importing Assets/CHOOguardGenerated/WorldMotionTest_e496a335cb304df88315f5f596248d5c/Geometry/rail_terminal_public--underground_connector-1.asset using Guid(7b7fc72c1d4e5442f966b48df000a0d4) (NativeFormatImporter) -> (artifact id: 'ae68de705b364f2fa811991f3b125612') in 0.000602333 seconds
Refreshing native plugins compatible for Editor in 0.95 ms, found 1 plugins.
Preloading 1 native plugins for Editor in 3.12 ms.
Asset Pipeline Refresh (id=95d848f2f29574981877b339216d306d): Total: 0.010 seconds - Initiated by StopAssetImportingV2(NoUpdateAssetOptions)
Start importing Assets/CHOOguardGenerated/WorldMotionTest_e496a335cb304df88315f5f596248d5c/cg_region_rail_terminal_public.unity using Guid(43a959a25034c45229b65fcbe9a554d4) (DefaultImporter) -> (artifact id: 'beeb1bcf753b6ef60430e362507be42a') in 0.000445666 seconds
Refreshing native plugins compatible for Editor in 0.98 ms, found 1 plugins.
Preloading 1 native plugins for Editor in 3.22 ms.
Asset Pipeline Refresh (id=033895e8d8ae04b48ab49c64ca62caa7): Total: 0.011 seconds - Initiated by StopAssetImportingV2(NoUpdateAssetOptions)
Start importing Assets/CHOOguardGenerated/WorldMotionTest_e496a335cb304df88315f5f596248d5c/cg_region_station_concourse_2f.unity using Guid(9ea603a1636874c1f8fc664db92a34a5) (DefaultImporter) -> (artifact id: '64c821f861368f687149085e297c3f42') in 0.000454875 seconds
Refreshing native plugins compatible for Editor in 0.95 ms, found 1 plugins.
Preloading 1 native plugins for Editor in 3.14 ms.
Asset Pipeline Refresh (id=d7f33d9743b94464a9a50f420d595062): Total: 0.010 seconds - Initiated by StopAssetImportingV2(NoUpdateAssetOptions)
Start importing Assets/CHOOguardGenerated/WorldMotionTest_e496a335cb304df88315f5f596248d5c/Geometry/station_hall_1f--station_concourse_2f--1.asset using Guid(31edb377e404f4bde910d74d975b9327) (NativeFormatImporter) -> (artifact id: 'e2596e854423f80fa768a71dc6ef3d50') in 0.000598583 seconds
Refreshing native plugins compatible for Editor in 0.94 ms, found 1 plugins.
Preloading 1 native plugins for Editor in 3.14 ms.
Asset Pipeline Refresh (id=980180e66928e4515b4077e54a109026): Total: 0.012 seconds - Initiated by StopAssetImportingV2(NoUpdateAssetOptions)
Start importing Assets/CHOOguardGenerated/WorldMotionTest_e496a335cb304df88315f5f596248d5c/Geometry/station_hall_1f--station_concourse_2f-1.asset using Guid(c9e020657789f4974bcd3d0ef1eb7d36) (NativeFormatImporter) -> (artifact id: 'd60e84df0741fc1f8e9a1ba40f5417c9') in 0.0006805 seconds
Refreshing native plugins compatible for Editor in 0.96 ms, found 1 plugins.
Preloading 1 native plugins for Editor in 3.22 ms.
Asset Pipeline Refresh (id=a255563d2307047528e0c035ebc1edba): Total: 0.010 seconds - Initiated by StopAssetImportingV2(NoUpdateAssetOptions)
Start importing Assets/CHOOguardGenerated/WorldMotionTest_e496a335cb304df88315f5f596248d5c/cg_region_station_hall_1f.unity using Guid(1c15e127040234fba9d3992df53b284e) (DefaultImporter) -> (artifact id: '97fbad8aa9c2c9c67a1ce1dee9910351') in 0.000452167 seconds
Refreshing native plugins compatible for Editor in 0.98 ms, found 1 plugins.
Preloading 1 native plugins for Editor in 3.22 ms.
Asset Pipeline Refresh (id=86aa2078843f74eff8b4ce4ba9faebd4): Total: 0.011 seconds - Initiated by StopAssetImportingV2(NoUpdateAssetOptions)
Start importing Assets/CHOOguardGenerated/WorldMotionTest_e496a335cb304df88315f5f596248d5c/Geometry/station_ticket_area--rail_terminal_public--1.asset using Guid(bed786637af8b4e4f8075e17f17a2ebe) (NativeFormatImporter) -> (artifact id: '925743c0777d9fe4889381fdcb00c410') in 0.000717 seconds
Refreshing native plugins compatible for Editor in 0.95 ms, found 1 plugins.
Preloading 1 native plugins for Editor in 3.21 ms.
Asset Pipeline Refresh (id=a1e9e861aea7c47bf8a6c9dc825761b7): Total: 0.012 seconds - Initiated by StopAssetImportingV2(NoUpdateAssetOptions)
Start importing Assets/CHOOguardGenerated/WorldMotionTest_e496a335cb304df88315f5f596248d5c/Geometry/station_ticket_area--rail_terminal_public-1.asset using Guid(2737cc8a433294561aa032bbcb75c87d) (NativeFormatImporter) -> (artifact id: 'a59e349978d42c6dafcec19a19f7c9dd') in 0.000763875 seconds
Refreshing native plugins compatible for Editor in 1.11 ms, found 1 plugins.
Preloading 1 native plugins for Editor in 3.34 ms.
Asset Pipeline Refresh (id=495dbbc9e972f43c6bb51857c3f66f13): Total: 0.011 seconds - Initiated by StopAssetImportingV2(NoUpdateAssetOptions)
Start importing Assets/CHOOguardGenerated/WorldMotionTest_e496a335cb304df88315f5f596248d5c/cg_region_station_ticket_area.unity using Guid(8b91228549ff140f5a25ed4526dc8ef0) (DefaultImporter) -> (artifact id: '83a7d0747b90fd0f2fbfc36112b046cc') in 0.001008959 seconds
Refreshing native plugins compatible for Editor in 1.04 ms, found 1 plugins.
Preloading 1 native plugins for Editor in 3.31 ms.
Asset Pipeline Refresh (id=455248228ac454a56803b0fdc1a39b5d): Total: 0.013 seconds - Initiated by StopAssetImportingV2(NoUpdateAssetOptions)
Start importing Assets/CHOOguardGenerated/WorldMotionTest_e496a335cb304df88315f5f596248d5c/Geometry/forecourt_eurasia--underground_connector--1.asset using Guid(4c64e0b5207a547368bd3501cfd11615) (NativeFormatImporter) -> (artifact id: '34b907e57140df265b5b6bbd7fd74840') in 0.000781292 seconds
Refreshing native plugins compatible for Editor in 1.02 ms, found 1 plugins.
Preloading 1 native plugins for Editor in 3.18 ms.
Asset Pipeline Refresh (id=5a6cc8c4235da401488f22932d28b224): Total: 0.013 seconds - Initiated by StopAssetImportingV2(NoUpdateAssetOptions)
Start importing Assets/CHOOguardGenerated/WorldMotionTest_e496a335cb304df88315f5f596248d5c/Geometry/forecourt_eurasia--underground_connector-1.asset using Guid(7f003b4c2624549a7bbb03898e038fab) (NativeFormatImporter) -> (artifact id: '36a1a8711278f458b3eb4a19a411396e') in 0.000735292 seconds
Refreshing native plugins compatible for Editor in 1.04 ms, found 1 plugins.
Preloading 1 native plugins for Editor in 3.21 ms.
Asset Pipeline Refresh (id=d10202171ac9f4837bd1aa34b60e3f1f): Total: 0.011 seconds - Initiated by StopAssetImportingV2(NoUpdateAssetOptions)
Start importing Assets/CHOOguardGenerated/WorldMotionTest_e496a335cb304df88315f5f596248d5c/cg_region_forecourt_eurasia.unity using Guid(ef5066ccab32640be957d53fbb368e51) (DefaultImporter) -> (artifact id: '11d8287ddc909040dbf43ea9a57d3095') in 0.000627417 seconds
Refreshing native plugins compatible for Editor in 0.98 ms, found 1 plugins.
Preloading 1 native plugins for Editor in 3.18 ms.
Asset Pipeline Refresh (id=b874ca47047e74e2cbc29eee862b6a47): Total: 0.011 seconds - Initiated by StopAssetImportingV2(NoUpdateAssetOptions)
Start importing Assets/CHOOguardGenerated/WorldMotionTest_e496a335cb304df88315f5f596248d5c/Geometry/underground_connector--underground_shopping_passage--1.asset using Guid(5b43de74d6b6846489b664986937bea0) (NativeFormatImporter) -> (artifact id: '7570b4a7aadb6ffc86ab648dff55a4df') in 0.00073 seconds
Refreshing native plugins compatible for Editor in 1.00 ms, found 1 plugins.
Preloading 1 native plugins for Editor in 3.18 ms.
Asset Pipeline Refresh (id=e023efb2e3b3849f09ae6e1b29a784ac): Total: 0.013 seconds - Initiated by StopAssetImportingV2(NoUpdateAssetOptions)
Start importing Assets/CHOOguardGenerated/WorldMotionTest_e496a335cb304df88315f5f596248d5c/Geometry/underground_connector--underground_shopping_passage-1.asset using Guid(8ce83cc55d9a242d9b29196d2489a2da) (NativeFormatImporter) -> (artifact id: '89528256e7fe95970bf3ca3c5cf66f6b') in 0.000801542 seconds
Refreshing native plugins compatible for Editor in 1.13 ms, found 1 plugins.
Preloading 1 native plugins for Editor in 3.20 ms.
Asset Pipeline Refresh (id=39c347359dddb4966b9c8a8ce29e7afb): Total: 0.010 seconds - Initiated by StopAssetImportingV2(NoUpdateAssetOptions)
Start importing Assets/CHOOguardGenerated/WorldMotionTest_e496a335cb304df88315f5f596248d5c/cg_region_underground_connector.unity using Guid(c84f136e0fc0841e19e95ea93af85b84) (DefaultImporter) -> (artifact id: '4e90be7c21b275b277e0ba399aa35743') in 0.000618083 seconds
Refreshing native plugins compatible for Editor in 1.06 ms, found 1 plugins.
Preloading 1 native plugins for Editor in 3.18 ms.
Asset Pipeline Refresh (id=35e2e4aeb8a4045bdb3fc023fde17101): Total: 0.012 seconds - Initiated by StopAssetImportingV2(NoUpdateAssetOptions)
Start importing Assets/CHOOguardGenerated/WorldMotionTest_e496a335cb304df88315f5f596248d5c/Geometry/underground_shopping_passage--metro_concourse--1.asset using Guid(96b8139381f8b48fa9b61cfc759998c8) (NativeFormatImporter) -> (artifact id: 'b603ca70af03bb6cfcbbd3838ade54d0') in 0.000681958 seconds
Refreshing native plugins compatible for Editor in 1.15 ms, found 1 plugins.
Preloading 1 native plugins for Editor in 3.20 ms.
Asset Pipeline Refresh (id=7e4c64ca1420945b68d3736f7621ea0a): Total: 0.013 seconds - Initiated by StopAssetImportingV2(NoUpdateAssetOptions)
Start importing Assets/CHOOguardGenerated/WorldMotionTest_e496a335cb304df88315f5f596248d5c/Geometry/underground_shopping_passage--metro_concourse-1.asset using Guid(7836d799d172e4bcca6c78700ba73664) (NativeFormatImporter) -> (artifact id: '55267daf5333188ba3d173753c039196') in 0.000776791 seconds
Refreshing native plugins compatible for Editor in 1.07 ms, found 1 plugins.
Preloading 1 native plugins for Editor in 3.22 ms.
Asset Pipeline Refresh (id=5ace36872c6534f15b92c96d309b8d7a): Total: 0.011 seconds - Initiated by StopAssetImportingV2(NoUpdateAssetOptions)
Start importing Assets/CHOOguardGenerated/WorldMotionTest_e496a335cb304df88315f5f596248d5c/cg_region_underground_shopping_passage.unity using Guid(c1da0d6b831b74d4b9b8569aaa2f0565) (DefaultImporter) -> (artifact id: '97a5df0c773ab6f796a738355482f026') in 0.000443875 seconds
Refreshing native plugins compatible for Editor in 1.03 ms, found 1 plugins.
Preloading 1 native plugins for Editor in 3.31 ms.
Asset Pipeline Refresh (id=c23e9746cb671463e9353eaffe1edcad): Total: 0.011 seconds - Initiated by StopAssetImportingV2(NoUpdateAssetOptions)
Start importing Assets/CHOOguardGenerated/WorldMotionTest_e496a335cb304df88315f5f596248d5c/Geometry/metro_concourse--metro_platforms--1.asset using Guid(a78a6f16ec264413c8b0bcf64fd7701b) (NativeFormatImporter) -> (artifact id: 'e8cf3b9902362bbc0f6dd70f18d1575e') in 0.00067425 seconds
Refreshing native plugins compatible for Editor in 0.95 ms, found 1 plugins.
Preloading 1 native plugins for Editor in 3.18 ms.
Asset Pipeline Refresh (id=c851eed5bd6064e1f932b39140a68b17): Total: 0.012 seconds - Initiated by StopAssetImportingV2(NoUpdateAssetOptions)
Start importing Assets/CHOOguardGenerated/WorldMotionTest_e496a335cb304df88315f5f596248d5c/Geometry/metro_concourse--metro_platforms-1.asset using Guid(3a8acbe75ec484ef9b6b23d3caf8526b) (NativeFormatImporter) -> (artifact id: '4b581e423393768f7ededef9f4e88655') in 0.000726334 seconds
Refreshing native plugins compatible for Editor in 0.98 ms, found 1 plugins.
Preloading 1 native plugins for Editor in 3.17 ms.
Asset Pipeline Refresh (id=4b7a6c398905a43fcb1f64eaef13f4d0): Total: 0.010 seconds - Initiated by StopAssetImportingV2(NoUpdateAssetOptions)
Start importing Assets/CHOOguardGenerated/WorldMotionTest_e496a335cb304df88315f5f596248d5c/cg_region_metro_concourse.unity using Guid(9007966c6d547453e8451a076e5acbf8) (DefaultImporter) -> (artifact id: '046f381c8de4afb9894978ee3814f955') in 0.000473625 seconds
Refreshing native plugins compatible for Editor in 0.97 ms, found 1 plugins.
Preloading 1 native plugins for Editor in 3.18 ms.
Asset Pipeline Refresh (id=caa26a7c6624e4a93ad8dfeb010c2ff3): Total: 0.011 seconds - Initiated by StopAssetImportingV2(NoUpdateAssetOptions)
Start importing Assets/CHOOguardGenerated/WorldMotionTest_e496a335cb304df88315f5f596248d5c/Geometry/rolling_stock_metro--metro_platforms--1.asset using Guid(9b3a6cd28e72c4f84b8d3d7e71a5436c) (NativeFormatImporter) -> (artifact id: '247c293e41eeac37fbda26309a3b4e30') in 0.000749667 seconds
Refreshing native plugins compatible for Editor in 1.26 ms, found 1 plugins.
Preloading 1 native plugins for Editor in 3.25 ms.
Asset Pipeline Refresh (id=050723d3794a042f183c215c294caab0): Total: 0.013 seconds - Initiated by StopAssetImportingV2(NoUpdateAssetOptions)
Start importing Assets/CHOOguardGenerated/WorldMotionTest_e496a335cb304df88315f5f596248d5c/Geometry/rolling_stock_metro--metro_platforms-1.asset using Guid(564f442bed70f4f1a94ee6475449fa54) (NativeFormatImporter) -> (artifact id: 'efa3ee9459109efc59c68c0633da4531') in 0.000627791 seconds
Refreshing native plugins compatible for Editor in 0.95 ms, found 1 plugins.
Preloading 1 native plugins for Editor in 3.14 ms.
Asset Pipeline Refresh (id=58ea0ed4c17e24b0c82e38bbc76c8698): Total: 0.010 seconds - Initiated by StopAssetImportingV2(NoUpdateAssetOptions)
Start importing Assets/CHOOguardGenerated/WorldMotionTest_e496a335cb304df88315f5f596248d5c/cg_region_metro_platforms.unity using Guid(506abba9b67a148d2a0e6a26c30a52c9) (DefaultImporter) -> (artifact id: 'fc3fc8205fdc50e0c4c0592cca780c71') in 0.000519709 seconds
Refreshing native plugins compatible for Editor in 1.03 ms, found 1 plugins.
Preloading 1 native plugins for Editor in 3.26 ms.
Asset Pipeline Refresh (id=9778b0ed3c41240a98894bad5b732fc1): Total: 0.012 seconds - Initiated by StopAssetImportingV2(NoUpdateAssetOptions)
Start importing Assets/CHOOguardGenerated/WorldMotionTest_e496a335cb304df88315f5f596248d5c/cg_region_rolling_stock_metro.unity using Guid(50f43d628ba8241858cd612a59276c7b) (DefaultImporter) -> (artifact id: 'c8f6ed40156e6091273b2109d0c07868') in 0.000485167 seconds
Refreshing native plugins compatible for Editor in 1.00 ms, found 1 plugins.
Preloading 1 native plugins for Editor in 3.17 ms.
Asset Pipeline Refresh (id=05c61314178f14e8685ed72a9a0f04e2): Total: 0.012 seconds - Initiated by StopAssetImportingV2(NoUpdateAssetOptions)
Connected world generated: 13 region scenes and 12 provisional connections. Verification is separate.
UnityEngine.Debug:ExtractStackTraceNoAlloc (byte*,int,string)
UnityEngine.StackTraceUtility:ExtractStackTrace () (at /Users/bokken/build/output/unity/unity/Runtime/Export/Scripting/StackTrace.cs:35)
UnityEngine.DebugLogHandler:Internal_Log (UnityEngine.LogType,UnityEngine.LogOption,string,UnityEngine.Object)
UnityEngine.DebugLogHandler:LogFormat (UnityEngine.LogType,UnityEngine.Object,string,object[])
UnityEngine.Logger:Log (UnityEngine.LogType,object)
UnityEngine.Debug:Log (object)
ChooGuard.Foundation.Multiplayer.Editor.ConnectedWorldSceneBuilder:Build (string,ChooGuard.Foundation.Multiplayer.ConnectedWorldDefinition) (at ./Packages/com.xrlab.chooguard.foundation/Multiplayer/Editor/ConnectedWorldSceneBuilder.cs:90)
ChooGuard.Foundation.Multiplayer.Tests.WorldMotionAdapterTests:Build () (at ./Packages/com.xrlab.chooguard.foundation/Multiplayer/Tests/Editor/WorldMotionAdapterTests.cs:26)
System.Reflection.RuntimeMethodInfo:Invoke (object,System.Reflection.BindingFlags,System.Reflection.Binder,object[],System.Globalization.CultureInfo)
System.Reflection.MethodBase:Invoke (object,object[])
NUnit.Framework.Internal.Reflect:InvokeMethod (System.Reflection.MethodInfo,object,object[])
NUnit.Framework.Internal.Reflect:InvokeMethod (System.Reflection.MethodInfo,object)
NUnit.Framework.Internal.Commands.SetUpTearDownItem:RunNonAsyncMethod (System.Reflection.MethodInfo,NUnit.Framework.Internal.ITestExecutionContext)
NUnit.Framework.Internal.Commands.SetUpTearDownItem:RunSetUpOrTearDownMethod (NUnit.Framework.Internal.ITestExecutionContext,System.Reflection.MethodInfo)
NUnit.Framework.Internal.Commands.SetUpTearDownItem:RunSetUp (NUnit.Framework.Internal.ITestExecutionContext)
NUnit.Framework.Internal.Commands.OneTimeSetUpCommand:Execute (NUnit.Framework.Internal.ITestExecutionContext)
UnityEngine.TestRunner.NUnitExtensions.Runner.CompositeWorkItem:PerformOneTimeSetUp () (at ./Library/PackageCache/com.unity.test-framework@bd7f943e9647/UnityEngine.TestRunner/NUnitExtensions/Runner/CompositeWorkItem.cs:171)
UnityEngine.TestRunner.NUnitExtensions.Runner.CompositeWorkItem/<PerformWork>d__13:MoveNext () (at ./Library/PackageCache/com.unity.test-framework@bd7f943e9647/UnityEngine.TestRunner/NUnitExtensions/Runner/CompositeWorkItem.cs:74)
UnityEngine.TestRunner.NUnitExtensions.Runner.CompositeWorkItem/<RunChildren>d__17:MoveNext () (at ./Library/PackageCache/com.unity.test-framework@bd7f943e9647/UnityEngine.TestRunner/NUnitExtensions/Runner/CompositeWorkItem.cs:207)
UnityEngine.TestRunner.NUnitExtensions.Runner.CompositeWorkItem/<PerformWork>d__13:MoveNext () (at ./Library/PackageCache/com.unity.test-framework@bd7f943e9647/UnityEngine.TestRunner/NUnitExtensions/Runner/CompositeWorkItem.cs:82)
UnityEngine.TestRunner.NUnitExtensions.Runner.CompositeWorkItem/<RunChildren>d__17:MoveNext () (at ./Library/PackageCache/com.unity.test-framework@bd7f943e9647/UnityEngine.TestRunner/NUnitExtensions/Runner/CompositeWorkItem.cs:207)
UnityEngine.TestRunner.NUnitExtensions.Runner.CompositeWorkItem/<PerformWork>d__13:MoveNext () (at ./Library/PackageCache/com.unity.test-framework@bd7f943e9647/UnityEngine.TestRunner/NUnitExtensions/Runner/CompositeWorkItem.cs:82)
UnityEngine.TestRunner.NUnitExtensions.Runner.CompositeWorkItem/<RunChildren>d__17:MoveNext () (at ./Library/PackageCache/com.unity.test-framework@bd7f943e9647/UnityEngine.TestRunner/NUnitExtensions/Runner/CompositeWorkItem.cs:207)
UnityEngine.TestRunner.NUnitExtensions.Runner.CompositeWorkItem/<PerformWork>d__13:MoveNext () (at ./Library/PackageCache/com.unity.test-framework@bd7f943e9647/UnityEngine.TestRunner/NUnitExtensions/Runner/CompositeWorkItem.cs:82)
UnityEngine.TestRunner.NUnitExtensions.Runner.CompositeWorkItem/<RunChildren>d__17:MoveNext () (at ./Library/PackageCache/com.unity.test-framework@bd7f943e9647/UnityEngine.TestRunner/NUnitExtensions/Runner/CompositeWorkItem.cs:207)
UnityEngine.TestRunner.NUnitExtensions.Runner.CompositeWorkItem/<PerformWork>d__13:MoveNext () (at ./Library/PackageCache/com.unity.test-framework@bd7f943e9647/UnityEngine.TestRunner/NUnitExtensions/Runner/CompositeWorkItem.cs:82)
UnityEngine.TestRunner.NUnitExtensions.Runner.CompositeWorkItem/<RunChildren>d__17:MoveNext () (at ./Library/PackageCache/com.unity.test-framework@bd7f943e9647/UnityEngine.TestRunner/NUnitExtensions/Runner/CompositeWorkItem.cs:207)
UnityEngine.TestRunner.NUnitExtensions.Runner.CompositeWorkItem/<PerformWork>d__13:MoveNext () (at ./Library/PackageCache/com.unity.test-framework@bd7f943e9647/UnityEngine.TestRunner/NUnitExtensions/Runner/CompositeWorkItem.cs:82)
UnityEngine.TestRunner.NUnitExtensions.Runner.CompositeWorkItem/<RunChildren>d__17:MoveNext () (at ./Library/PackageCache/com.unity.test-framework@bd7f943e9647/UnityEngine.TestRunner/NUnitExtensions/Runner/CompositeWorkItem.cs:207)
UnityEngine.TestRunner.NUnitExtensions.Runner.CompositeWorkItem/<PerformWork>d__13:MoveNext () (at ./Library/PackageCache/com.unity.test-framework@bd7f943e9647/UnityEngine.TestRunner/NUnitExtensions/Runner/CompositeWorkItem.cs:82)
UnityEditor.TestTools.TestRunner.EditModeRunner:MoveNextAndUpdateYieldObject () (at ./Library/PackageCache/com.unity.test-framework@bd7f943e9647/UnityEditor.TestRunner/TestRunner/EditModeRunner.cs:167)
UnityEditor.TestTools.TestRunner.EditModeRunner:TestConsumer (UnityEditor.TestTools.TestRunner.TestRunnerStateSerializer) (at ./Library/PackageCache/com.unity.test-framework@bd7f943e9647/UnityEditor.TestRunner/TestRunner/EditModeRunner.cs:200)
UnityEditor.TestTools.TestRunner.TestRun.Tasks.EditModeRunTask/<Execute>d__1:MoveNext () (at ./Library/PackageCache/com.unity.test-framework@bd7f943e9647/UnityEditor.TestRunner/TestRun/Tasks/EditModeRunTask.cs:48)
UnityEditor.TestTools.TestRunner.TestRun.TestJobRunner:ExecuteStep () (at ./Library/PackageCache/com.unity.test-framework@bd7f943e9647/UnityEditor.TestRunner/TestRun/TestJobRunner.cs:173)
UnityEditor.TestTools.TestRunner.TestRun.TestJobRunner:ExecuteCallback () (at ./Library/PackageCache/com.unity.test-framework@bd7f943e9647/UnityEditor.TestRunner/TestRun/TestJobRunner.cs:108)
UnityEditor.EditorApplication:Internal_CallUpdateFunctions () (at /Users/bokken/build/output/unity/unity/Editor/Mono/EditorApplication.cs:392)

(Filename: ./Packages/com.xrlab.chooguard.foundation/Multiplayer/Editor/ConnectedWorldSceneBuilder.cs Line: 90)

Opening scene 'Assets/CHOOguardGenerated/WorldMotionTest_e496a335cb304df88315f5f596248d5c/cg_region_rolling_stock_mainline.unity additively'
Loaded scene 'Assets/CHOOguardGenerated/WorldMotionTest_e496a335cb304df88315f5f596248d5c/cg_region_rolling_stock_mainline.unity'
	Deserialize:            4.410 ms
	Integration:            0.633 ms
	Integration of assets:  0.003 ms
	Thread Wait Time:       0.004 ms
	Total Operation Time:   5.050 ms
Opening scene 'Assets/CHOOguardGenerated/WorldMotionTest_e496a335cb304df88315f5f596248d5c/cg_region_rail_tracks_mainline.unity additively'
Loaded scene 'Assets/CHOOguardGenerated/WorldMotionTest_e496a335cb304df88315f5f596248d5c/cg_region_rail_tracks_mainline.unity'
	Deserialize:            3.101 ms
	Integration:            0.582 ms
	Integration of assets:  0.001 ms
	Thread Wait Time:       0.005 ms
	Total Operation Time:   3.690 ms
Opening scene 'Assets/CHOOguardGenerated/WorldMotionTest_e496a335cb304df88315f5f596248d5c/cg_region_rail_platforms_mainline.unity additively'
Loaded scene 'Assets/CHOOguardGenerated/WorldMotionTest_e496a335cb304df88315f5f596248d5c/cg_region_rail_platforms_mainline.unity'
	Deserialize:            4.422 ms
	Integration:            0.533 ms
	Integration of assets:  0.001 ms
	Thread Wait Time:       0.003 ms
	Total Operation Time:   4.959 ms
Opening scene 'Assets/CHOOguardGenerated/WorldMotionTest_e496a335cb304df88315f5f596248d5c/cg_region_rail_terminal_public.unity additively'
Loaded scene 'Assets/CHOOguardGenerated/WorldMotionTest_e496a335cb304df88315f5f596248d5c/cg_region_rail_terminal_public.unity'
	Deserialize:            2.463 ms
	Integration:            0.345 ms
	Integration of assets:  0.001 ms
	Thread Wait Time:       0.003 ms
	Total Operation Time:   2.811 ms
Opening scene 'Assets/CHOOguardGenerated/WorldMotionTest_e496a335cb304df88315f5f596248d5c/cg_region_station_concourse_2f.unity additively'
Loaded scene 'Assets/CHOOguardGenerated/WorldMotionTest_e496a335cb304df88315f5f596248d5c/cg_region_station_concourse_2f.unity'
	Deserialize:            2.291 ms
	Integration:            0.391 ms
	Integration of assets:  0.001 ms
	Thread Wait Time:       0.004 ms
	Total Operation Time:   2.686 ms
Opening scene 'Assets/CHOOguardGenerated/WorldMotionTest_e496a335cb304df88315f5f596248d5c/cg_region_station_hall_1f.unity additively'
Loaded scene 'Assets/CHOOguardGenerated/WorldMotionTest_e496a335cb304df88315f5f596248d5c/cg_region_station_hall_1f.unity'
	Deserialize:            2.286 ms
	Integration:            0.275 ms
	Integration of assets:  0.001 ms
	Thread Wait Time:       0.003 ms
	Total Operation Time:   2.565 ms
Opening scene 'Assets/CHOOguardGenerated/WorldMotionTest_e496a335cb304df88315f5f596248d5c/cg_region_station_ticket_area.unity additively'
Loaded scene 'Assets/CHOOguardGenerated/WorldMotionTest_e496a335cb304df88315f5f596248d5c/cg_region_station_ticket_area.unity'
	Deserialize:            2.467 ms
	Integration:            0.442 ms
	Integration of assets:  0.001 ms
	Thread Wait Time:       0.005 ms
	Total Operation Time:   2.914 ms
Opening scene 'Assets/CHOOguardGenerated/WorldMotionTest_e496a335cb304df88315f5f596248d5c/cg_region_forecourt_eurasia.unity additively'
Loaded scene 'Assets/CHOOguardGenerated/WorldMotionTest_e496a335cb304df88315f5f596248d5c/cg_region_forecourt_eurasia.unity'
	Deserialize:            1.843 ms
	Integration:            0.322 ms
	Integration of assets:  0.000 ms
	Thread Wait Time:       0.003 ms
	Total Operation Time:   2.168 ms
Opening scene 'Assets/CHOOguardGenerated/WorldMotionTest_e496a335cb304df88315f5f596248d5c/cg_region_underground_connector.unity additively'
Loaded scene 'Assets/CHOOguardGenerated/WorldMotionTest_e496a335cb304df88315f5f596248d5c/cg_region_underground_connector.unity'
	Deserialize:            3.045 ms
	Integration:            0.270 ms
	Integration of assets:  0.001 ms
	Thread Wait Time:       0.003 ms
	Total Operation Time:   3.319 ms
Opening scene 'Assets/CHOOguardGenerated/WorldMotionTest_e496a335cb304df88315f5f596248d5c/cg_region_underground_shopping_passage.unity additively'
Loaded scene 'Assets/CHOOguardGenerated/WorldMotionTest_e496a335cb304df88315f5f596248d5c/cg_region_underground_shopping_passage.unity'
	Deserialize:            1.625 ms
	Integration:            0.277 ms
	Integration of assets:  0.000 ms
	Thread Wait Time:       0.003 ms
	Total Operation Time:   1.906 ms
Opening scene 'Assets/CHOOguardGenerated/WorldMotionTest_e496a335cb304df88315f5f596248d5c/cg_region_metro_concourse.unity additively'
Loaded scene 'Assets/CHOOguardGenerated/WorldMotionTest_e496a335cb304df88315f5f596248d5c/cg_region_metro_concourse.unity'
	Deserialize:            2.281 ms
	Integration:            0.292 ms
	Integration of assets:  0.001 ms
	Thread Wait Time:       0.004 ms
	Total Operation Time:   2.577 ms
Opening scene 'Assets/CHOOguardGenerated/WorldMotionTest_e496a335cb304df88315f5f596248d5c/cg_region_metro_platforms.unity additively'
Loaded scene 'Assets/CHOOguardGenerated/WorldMotionTest_e496a335cb304df88315f5f596248d5c/cg_region_metro_platforms.unity'
	Deserialize:            4.165 ms
	Integration:            0.567 ms
	Integration of assets:  0.001 ms
	Thread Wait Time:       0.004 ms
	Total Operation Time:   4.737 ms
Opening scene 'Assets/CHOOguardGenerated/WorldMotionTest_e496a335cb304df88315f5f596248d5c/cg_region_rolling_stock_metro.unity additively'
Loaded scene 'Assets/CHOOguardGenerated/WorldMotionTest_e496a335cb304df88315f5f596248d5c/cg_region_rolling_stock_metro.unity'
	Deserialize:            4.007 ms
	Integration:            0.395 ms
	Integration of assets:  0.001 ms
	Thread Wait Time:       0.004 ms
	Total Operation Time:   4.406 ms
Starting new worker id: 0 with log in 
Starting new worker id: 1 with log in 
World motion traversal 0.3 rolling_stock_mainline -> rail_platforms_mainline steps=100 seconds=0.2949106
UnityEngine.Debug:ExtractStackTraceNoAlloc (byte*,int,string)
UnityEngine.StackTraceUtility:ExtractStackTrace () (at /Users/bokken/build/output/unity/unity/Runtime/Export/Scripting/StackTrace.cs:35)
UnityEngine.DebugLogHandler:Internal_Log (UnityEngine.LogType,UnityEngine.LogOption,string,UnityEngine.Object)
UnityEngine.DebugLogHandler:LogFormat (UnityEngine.LogType,UnityEngine.Object,string,object[])
UnityEngine.Logger:Log (UnityEngine.LogType,object)
UnityEngine.Debug:Log (object)
ChooGuard.Foundation.Multiplayer.Tests.WorldMotionAdapterTests:BothProfilesTraverseAllThirteenRegionsAndAllTwentyFourPortalDirections (string,bool,double) (at ./Packages/com.xrlab.chooguard.foundation/Multiplayer/Tests/Editor/WorldMotionAdapterTests.cs:109)
System.Reflection.RuntimeMethodInfo:Invoke (object,System.Reflection.BindingFlags,System.Reflection.Binder,object[],System.Globalization.CultureInfo)
System.Reflection.MethodBase:Invoke (object,object[])
NUnit.Framework.Internal.Reflect:InvokeMethod (System.Reflection.MethodInfo,object,object[])
NUnit.Framework.Internal.MethodWrapper:Invoke (object,object[])
NUnit.Framework.Internal.Commands.TestMethodCommand:RunNonAsyncTestMethod (NUnit.Framework.Internal.ITestExecutionContext)
NUnit.Framework.Internal.Commands.TestMethodCommand:RunTestMethod (NUnit.Framework.Internal.ITestExecutionContext)
NUnit.Framework.Internal.Commands.TestMethodCommand:Execute (NUnit.Framework.Internal.ITestExecutionContext)
UnityEngine.TestTools.UnityTestMethodCommand:Execute (NUnit.Framework.Internal.ITestExecutionContext) (at ./Library/PackageCache/com.unity.test-framework@bd7f943e9647/UnityEngine.TestRunner/NUnitExtensions/Commands/UnityTestMethodCommand.cs:19)
UnityEngine.TestRunner.NUnitExtensions.Runner.UnityLogCheckDelegatingCommand/<>c__DisplayClass2_0:<Execute>b__0 () (at ./Library/PackageCache/com.unity.test-framework@bd7f943e9647/UnityEngine.TestRunner/NUnitExtensions/Runner/UnityLogCheckDelegatingCommand.cs:24)
UnityEngine.TestRunner.NUnitExtensions.Runner.UnityLogCheckDelegatingCommand:CaptureException (NUnit.Framework.Internal.TestResult,System.Action) (at ./Library/PackageCache/com.unity.test-framework@bd7f943e9647/UnityEngine.TestRunner/NUnitExtensions/Runner/UnityLogCheckDelegatingCommand.cs:72)
UnityEngine.TestRunner.NUnitExtensions.Runner.UnityLogCheckDelegatingCommand:ExecuteAndCheckLog (UnityEngine.TestTools.Logging.LogScope,NUnit.Framework.Internal.TestResult,System.Action) (at ./Library/PackageCache/com.unity.test-framework@bd7f943e9647/UnityEngine.TestRunner/NUnitExtensions/Runner/UnityLogCheckDelegatingCommand.cs:83)
UnityEngine.TestRunner.NUnitExtensions.Runner.UnityLogCheckDelegatingCommand:Execute (NUnit.Framework.Internal.ITestExecutionContext) (at ./Library/PackageCache/com.unity.test-framework@bd7f943e9647/UnityEngine.TestRunner/NUnitExtensions/Runner/UnityLogCheckDelegatingCommand.cs:24)
UnityEngine.TestRunner.NUnitExtensions.Runner.UnityLogCheckDelegatingCommand/<ExecuteEnumerable>d__3:MoveNext () (at ./Library/PackageCache/com.unity.test-framework@bd7f943e9647/UnityEngine.TestRunner/NUnitExtensions/Runner/UnityLogCheckDelegatingCommand.cs:35)
UnityEngine.TestTools.BeforeAfterTestCommandBase`1/<ExecuteEnumerable>d__16<NUnit.Framework.ITestAction>:MoveNext () (at ./Library/PackageCache/com.unity.test-framework@bd7f943e9647/UnityEngine.TestRunner/NUnitExtensions/Commands/BeforeAfterTestCommandBase.cs:212)
UnityEngine.TestTools.ImmediateEnumerableCommand:Execute (NUnit.Framework.Internal.ITestExecutionContext) (at ./Library/PackageCache/com.unity.test-framework@bd7f943e9647/UnityEngine.TestRunner/NUnitExtensions/Commands/ImmediateEnumerableCommand.cs:18)
UnityEngine.TestTools.BeforeAfterTestCommandBase`1/<ExecuteEnumerable>d__16<System.Reflection.MethodInfo>:MoveNext () (at ./Library/PackageCache/com.unity.test-framework@bd7f943e9647/UnityEngine.TestRunner/NUnitExtensions/Commands/BeforeAfterTestCommandBase.cs:219)
UnityEngine.TestTools.BeforeAfterTestCommandBase`1/<ExecuteEnumerable>d__16<System.Reflection.MethodInfo>:MoveNext () (at ./Library/PackageCache/com.unity.test-framework@bd7f943e9647/UnityEngine.TestRunner/NUnitExtensions/Commands/BeforeAfterTestCommandBase.cs:212)
UnityEngine.TestTools.BeforeAfterTestCommandBase`1/<ExecuteEnumerable>d__16<UnityEngine.TestTools.IOuterUnityTestAction>:MoveNext () (at ./Library/PackageCache/com.unity.test-framework@bd7f943e9647/UnityEngine.TestRunner/NUnitExtensions/Commands/BeforeAfterTestCommandBase.cs:212)
UnityEngine.TestTools.RetryCommand/<ExecuteEnumerable>d__2:MoveNext () (at ./Library/PackageCache/com.unity.test-framework@bd7f943e9647/UnityEngine.TestRunner/NUnitExtensions/Commands/RetryCommand.cs:37)
UnityEngine.TestTools.RepeatCommand/<ExecuteEnumerable>d__2:MoveNext () (at ./Library/PackageCache/com.unity.test-framework@bd7f943e9647/UnityEngine.TestRunner/NUnitExtensions/Commands/RepeatCommand.cs:36)
UnityEngine.TestTools.IgnoreTestCommand/<ExecuteEnumerable>d__3:MoveNext () (at ./Library/PackageCache/com.unity.test-framework@bd7f943e9647/UnityEngine.TestRunner/NUnitExtensions/Commands/IgnoreTestCommand.cs:42)
UnityEngine.TestTools.StrictCheckCommand/<ExecuteEnumerable>d__2:MoveNext () (at ./Library/PackageCache/com.unity.test-framework@bd7f943e9647/UnityEngine.TestRunner/NUnitExtensions/Commands/StrictCheckCommand.cs:29)
UnityEngine.TestRunner.NUnitExtensions.Runner.DefaultTestWorkItem/<PerformWork>d__2:MoveNext () (at ./Library/PackageCache/com.unity.test-framework@bd7f943e9647/UnityEngine.TestRunner/NUnitExtensions/Runner/DefaultTestWorkItem.cs:50)
UnityEngine.TestRunner.NUnitExtensions.Runner.CompositeWorkItem/<RunChildren>d__17:MoveNext () (at ./Library/PackageCache/com.unity.test-framework@bd7f943e9647/UnityEngine.TestRunner/NUnitExtensions/Runner/CompositeWorkItem.cs:207)
UnityEngine.TestRunner.NUnitExtensions.Runner.CompositeWorkItem/<PerformWork>d__13:MoveNext () (at ./Library/PackageCache/com.unity.test-framework@bd7f943e9647/UnityEngine.TestRunner/NUnitExtensions/Runner/CompositeWorkItem.cs:82)
UnityEngine.TestRunner.NUnitExtensions.Runner.CompositeWorkItem/<RunChildren>d__17:MoveNext () (at ./Library/PackageCache/com.unity.test-framework@bd7f943e9647/UnityEngine.TestRunner/NUnitExtensions/Runner/CompositeWorkItem.cs:207)
UnityEngine.TestRunner.NUnitExtensions.Runner.CompositeWorkItem/<PerformWork>d__13:MoveNext () (at ./Library/PackageCache/com.unity.test-framework@bd7f943e9647/UnityEngine.TestRunner/NUnitExtensions/Runner/CompositeWorkItem.cs:82)
UnityEngine.TestRunner.NUnitExtensions.Runner.CompositeWorkItem/<RunChildren>d__17:MoveNext () (at ./Library/PackageCache/com.unity.test-framework@bd7f943e9647/UnityEngine.TestRunner/NUnitExtensions/Runner/CompositeWorkItem.cs:207)
UnityEngine.TestRunner.NUnitExtensions.Runner.CompositeWorkItem/<PerformWork>d__13:MoveNext () (at ./Library/PackageCache/com.unity.test-framework@bd7f943e9647/UnityEngine.TestRunner/NUnitExtensions/Runner/CompositeWorkItem.cs:82)
UnityEngine.TestRunner.NUnitExtensions.Runner.CompositeWorkItem/<RunChildren>d__17:MoveNext () (at ./Library/PackageCache/com.unity.test-framework@bd7f943e9647/UnityEngine.TestRunner/NUnitExtensions/Runner/CompositeWorkItem.cs:207)
UnityEngine.TestRunner.NUnitExtensions.Runner.CompositeWorkItem/<PerformWork>d__13:MoveNext () (at ./Library/PackageCache/com.unity.test-framework@bd7f943e9647/UnityEngine.TestRunner/NUnitExtensions/Runner/CompositeWorkItem.cs:82)
UnityEngine.TestRunner.NUnitExtensions.Runner.CompositeWorkItem/<RunChildren>d__17:MoveNext () (at ./Library/PackageCache/com.unity.test-framework@bd7f943e9647/UnityEngine.TestRunner/NUnitExtensions/Runner/CompositeWorkItem.cs:207)
UnityEngine.TestRunner.NUnitExtensions.Runner.CompositeWorkItem/<PerformWork>d__13:MoveNext () (at ./Library/PackageCache/com.unity.test-framework@bd7f943e9647/UnityEngine.TestRunner/NUnitExtensions/Runner/CompositeWorkItem.cs:82)
UnityEngine.TestRunner.NUnitExtensions.Runner.CompositeWorkItem/<RunChildren>d__17:MoveNext () (at ./Library/PackageCache/com.unity.test-framework@bd7f943e9647/UnityEngine.TestRunner/NUnitExtensions/Runner/CompositeWorkItem.cs:207)
UnityEngine.TestRunner.NUnitExtensions.Runner.CompositeWorkItem/<PerformWork>d__13:MoveNext () (at ./Library/PackageCache/com.unity.test-framework@bd7f943e9647/UnityEngine.TestRunner/NUnitExtensions/Runner/CompositeWorkItem.cs:82)
UnityEngine.TestRunner.NUnitExtensions.Runner.CompositeWorkItem/<RunChildren>d__17:MoveNext () (at ./Library/PackageCache/com.unity.test-framework@bd7f943e9647/UnityEngine.TestRunner/NUnitExtensions/Runner/CompositeWorkItem.cs:207)
UnityEngine.TestRunner.NUnitExtensions.Runner.CompositeWorkItem/<PerformWork>d__13:MoveNext () (at ./Library/PackageCache/com.unity.test-framework@bd7f943e9647/UnityEngine.TestRunner/NUnitExtensions/Runner/CompositeWorkItem.cs:82)
UnityEngine.TestRunner.NUnitExtensions.Runner.CompositeWorkItem/<RunChildren>d__17:MoveNext () (at ./Library/PackageCache/com.unity.test-framework@bd7f943e9647/UnityEngine.TestRunner/NUnitExtensions/Runner/CompositeWorkItem.cs:207)
UnityEngine.TestRunner.NUnitExtensions.Runner.CompositeWorkItem/<PerformWork>d__13:MoveNext () (at ./Library/PackageCache/com.unity.test-framework@bd7f943e9647/UnityEngine.TestRunner/NUnitExtensions/Runner/CompositeWorkItem.cs:82)
UnityEditor.TestTools.TestRunner.EditModeRunner:MoveNextAndUpdateYieldObject () (at ./Library/PackageCache/com.unity.test-framework@bd7f943e9647/UnityEditor.TestRunner/TestRunner/EditModeRunner.cs:167)
UnityEditor.TestTools.TestRunner.EditModeRunner:TestConsumer (UnityEditor.TestTools.TestRunner.TestRunnerStateSerializer) (at ./Library/PackageCache/com.unity.test-framework@bd7f943e9647/UnityEditor.TestRunner/TestRunner/EditModeRunner.cs:200)
UnityEditor.TestTools.TestRunner.TestRun.Tasks.EditModeRunTask/<Execute>d__1:MoveNext () (at ./Library/PackageCache/com.unity.test-framework@bd7f943e9647/UnityEditor.TestRunner/TestRun/Tasks/EditModeRunTask.cs:48)
UnityEditor.TestTools.TestRunner.TestRun.TestJobRunner:ExecuteStep () (at ./Library/PackageCache/com.unity.test-framework@bd7f943e9647/UnityEditor.TestRunner/TestRun/TestJobRunner.cs:173)
UnityEditor.TestTools.TestRunner.TestRun.TestJobRunner:ExecuteCallback () (at ./Library/PackageCache/com.unity.test-framework@bd7f943e9647/UnityEditor.TestRunner/TestRun/TestJobRunner.cs:108)
UnityEditor.EditorApplication:Internal_CallUpdateFunctions () (at /Users/bokken/build/output/unity/unity/Editor/Mono/EditorApplication.cs:392)

(Filename: ./Packages/com.xrlab.chooguard.foundation/Multiplayer/Tests/Editor/WorldMotionAdapterTests.cs Line: 109)

World motion traversal 0.3 rail_platforms_mainline -> rolling_stock_mainline steps=100 seconds=0.2827689
UnityEngine.Debug:ExtractStackTraceNoAlloc (byte*,int,string)
UnityEngine.StackTraceUtility:ExtractStackTrace () (at /Users/bokken/build/output/unity/unity/Runtime/Export/Scripting/StackTrace.cs:35)
UnityEngine.DebugLogHandler:Internal_Log (UnityEngine.LogType,UnityEngine.LogOption,string,UnityEngine.Object)
UnityEngine.DebugLogHandler:LogFormat (UnityEngine.LogType,UnityEngine.Object,string,object[])
UnityEngine.Logger:Log (UnityEngine.LogType,object)
UnityEngine.Debug:Log (object)
ChooGuard.Foundation.Multiplayer.Tests.WorldMotionAdapterTests:BothProfilesTraverseAllThirteenRegionsAndAllTwentyFourPortalDirections (string,bool,double) (at ./Packages/com.xrlab.chooguard.foundation/Multiplayer/Tests/Editor/WorldMotionAdapterTests.cs:109)
System.Reflection.RuntimeMethodInfo:Invoke (object,System.Reflection.BindingFlags,System.Reflection.Binder,object[],System.Globalization.CultureInfo)
System.Reflection.MethodBase:Invoke (object,object[])
NUnit.Framework.Internal.Reflect:InvokeMethod (System.Reflection.MethodInfo,object,object[])
NUnit.Framework.Internal.MethodWrapper:Invoke (object,object[])
NUnit.Framework.Internal.Commands.TestMethodCommand:RunNonAsyncTestMethod (NUnit.Framework.Internal.ITestExecutionContext)
NUnit.Framework.Internal.Commands.TestMethodCommand:RunTestMethod (NUnit.Framework.Internal.ITestExecutionContext)
NUnit.Framework.Internal.Commands.TestMethodCommand:Execute (NUnit.Framework.Internal.ITestExecutionContext)
UnityEngine.TestTools.UnityTestMethodCommand:Execute (NUnit.Framework.Internal.ITestExecutionContext) (at ./Library/PackageCache/com.unity.test-framework@bd7f943e9647/UnityEngine.TestRunner/NUnitExtensions/Commands/UnityTestMethodCommand.cs:19)
UnityEngine.TestRunner.NUnitExtensions.Runner.UnityLogCheckDelegatingCommand/<>c__DisplayClass2_0:<Execute>b__0 () (at ./Library/PackageCache/com.unity.test-framework@bd7f943e9647/UnityEngine.TestRunner/NUnitExtensions/Runner/UnityLogCheckDelegatingCommand.cs:24)
UnityEngine.TestRunner.NUnitExtensions.Runner.UnityLogCheckDelegatingCommand:CaptureException (NUnit.Framework.Internal.TestResult,System.Action) (at ./Library/PackageCache/com.unity.test-framework@bd7f943e9647/UnityEngine.TestRunner/NUnitExtensions/Runner/UnityLogCheckDelegatingCommand.cs:72)
UnityEngine.TestRunner.NUnitExtensions.Runner.UnityLogCheckDelegatingCommand:ExecuteAndCheckLog (UnityEngine.TestTools.Logging.LogScope,NUnit.Framework.Internal.TestResult,System.Action) (at ./Library/PackageCache/com.unity.test-framework@bd7f943e9647/UnityEngine.TestRunner/NUnitExtensions/Runner/UnityLogCheckDelegatingCommand.cs:83)
UnityEngine.TestRunner.NUnitExtensions.Runner.UnityLogCheckDelegatingCommand:Execute (NUnit.Framework.Internal.ITestExecutionContext) (at ./Library/PackageCache/com.unity.test-framework@bd7f943e9647/UnityEngine.TestRunner/NUnitExtensions/Runner/UnityLogCheckDelegatingCommand.cs:24)
UnityEngine.TestRunner.NUnitExtensions.Runner.UnityLogCheckDelegatingCommand/<ExecuteEnumerable>d__3:MoveNext () (at ./Library/PackageCache/com.unity.test-framework@bd7f943e9647/UnityEngine.TestRunner/NUnitExtensions/Runner/UnityLogCheckDelegatingCommand.cs:35)
UnityEngine.TestTools.BeforeAfterTestCommandBase`1/<ExecuteEnumerable>d__16<NUnit.Framework.ITestAction>:MoveNext () (at ./Library/PackageCache/com.unity.test-framework@bd7f943e9647/UnityEngine.TestRunner/NUnitExtensions/Commands/BeforeAfterTestCommandBase.cs:212)
UnityEngine.TestTools.ImmediateEnumerableCommand:Execute (NUnit.Framework.Internal.ITestExecutionContext) (at ./Library/PackageCache/com.unity.test-framework@bd7f943e9647/UnityEngine.TestRunner/NUnitExtensions/Commands/ImmediateEnumerableCommand.cs:18)
UnityEngine.TestTools.BeforeAfterTestCommandBase`1/<ExecuteEnumerable>d__16<System.Reflection.MethodInfo>:MoveNext () (at ./Library/PackageCache/com.unity.test-framework@bd7f943e9647/UnityEngine.TestRunner/NUnitExtensions/Commands/BeforeAfterTestCommandBase.cs:219)
UnityEngine.TestTools.BeforeAfterTestCommandBase`1/<ExecuteEnumerable>d__16<System.Reflection.MethodInfo>:MoveNext () (at ./Library/PackageCache/com.unity.test-framework@bd7f943e9647/UnityEngine.TestRunner/NUnitExtensions/Commands/BeforeAfterTestCommandBase.cs:212)
UnityEngine.TestTools.BeforeAfterTestCommandBase`1/<ExecuteEnumerable>d__16<UnityEngine.TestTools.IOuterUnityTestAction>:MoveNext () (at ./Library/PackageCache/com.unity.test-framework@bd7f943e9647/UnityEngine.TestRunner/NUnitExtensions/Commands/BeforeAfterTestCommandBase.cs:212)
UnityEngine.TestTools.RetryCommand/<ExecuteEnumerable>d__2:MoveNext () (at ./Library/PackageCache/com.unity.test-framework@bd7f943e9647/UnityEngine.TestRunner/NUnitExtensions/Commands/RetryCommand.cs:37)
UnityEngine.TestTools.RepeatCommand/<ExecuteEnumerable>d__2:MoveNext () (at ./Library/PackageCache/com.unity.test-framework@bd7f943e9647/UnityEngine.TestRunner/NUnitExtensions/Commands/RepeatCommand.cs:36)
UnityEngine.TestTools.IgnoreTestCommand/<ExecuteEnumerable>d__3:MoveNext () (at ./Library/PackageCache/com.unity.test-framework@bd7f943e9647/UnityEngine.TestRunner/NUnitExtensions/Commands/IgnoreTestCommand.cs:42)
UnityEngine.TestTools.StrictCheckCommand/<ExecuteEnumerable>d__2:MoveNext () (at ./Library/PackageCache/com.unity.test-framework@bd7f943e9647/UnityEngine.TestRunner/NUnitExtensions/Commands/StrictCheckCommand.cs:29)
UnityEngine.TestRunner.NUnitExtensions.Runner.DefaultTestWorkItem/<PerformWork>d__2:MoveNext () (at ./Library/PackageCache/com.unity.test-framework@bd7f943e9647/UnityEngine.TestRunner/NUnitExtensions/Runner/DefaultTestWorkItem.cs:50)
UnityEngine.TestRunner.NUnitExtensions.Runner.CompositeWorkItem/<RunChildren>d__17:MoveNext () (at ./Library/PackageCache/com.unity.test-framework@bd7f943e9647/UnityEngine.TestRunner/NUnitExtensions/Runner/CompositeWorkItem.cs:207)
UnityEngine.TestRunner.NUnitExtensions.Runner.CompositeWorkItem/<PerformWork>d__13:MoveNext () (at ./Library/PackageCache/com.unity.test-framework@bd7f943e9647/UnityEngine.TestRunner/NUnitExtensions/Runner/CompositeWorkItem.cs:82)
UnityEngine.TestRunner.NUnitExtensions.Runner.CompositeWorkItem/<RunChildren>d__17:MoveNext () (at ./Library/PackageCache/com.unity.test-framework@bd7f943e9647/UnityEngine.TestRunner/NUnitExtensions/Runner/CompositeWorkItem.cs:207)
UnityEngine.TestRunner.NUnitExtensions.Runner.CompositeWorkItem/<PerformWork>d__13:MoveNext () (at ./Library/PackageCache/com.unity.test-framework@bd7f943e9647/UnityEngine.TestRunner/NUnitExtensions/Runner/CompositeWorkItem.cs:82)
UnityEngine.TestRunner.NUnitExtensions.Runner.CompositeWorkItem/<RunChildren>d__17:MoveNext () (at ./Library/PackageCache/com.unity.test-framework@bd7f943e9647/UnityEngine.TestRunner/NUnitExtensions/Runner/CompositeWorkItem.cs:207)
UnityEngine.TestRunner.NUnitExtensions.Runner.CompositeWorkItem/<PerformWork>d__13:MoveNext () (at ./Library/PackageCache/com.unity.test-framework@bd7f943e9647/UnityEngine.TestRunner/NUnitExtensions/Runner/CompositeWorkItem.cs:82)
UnityEngine.TestRunner.NUnitExtensions.Runner.CompositeWorkItem/<RunChildren>d__17:MoveNext () (at ./Library/PackageCache/com.unity.test-framework@bd7f943e9647/UnityEngine.TestRunner/NUnitExtensions/Runner/CompositeWorkItem.cs:207)
UnityEngine.TestRunner.NUnitExtensions.Runner.CompositeWorkItem/<PerformWork>d__13:MoveNext () (at ./Library/PackageCache/com.unity.test-framework@bd7f943e9647/UnityEngine.TestRunner/NUnitExtensions/Runner/CompositeWorkItem.cs:82)
UnityEngine.TestRunner.NUnitExtensions.Runner.CompositeWorkItem/<RunChildren>d__17:MoveNext () (at ./Library/PackageCache/com.unity.test-framework@bd7f943e9647/UnityEngine.TestRunner/NUnitExtensions/Runner/CompositeWorkItem.cs:207)
UnityEngine.TestRunner.NUnitExtensions.Runner.CompositeWorkItem/<PerformWork>d__13:MoveNext () (at ./Library/PackageCache/com.unity.test-framework@bd7f943e9647/UnityEngine.TestRunner/NUnitExtensions/Runner/CompositeWorkItem.cs:82)
UnityEngine.TestRunner.NUnitExtensions.Runner.CompositeWorkItem/<RunChildren>d__17:MoveNext () (at ./Library/PackageCache/com.unity.test-framework@bd7f943e9647/UnityEngine.TestRunner/NUnitExtensions/Runner/CompositeWorkItem.cs:207)
UnityEngine.TestRunner.NUnitExtensions.Runner.CompositeWorkItem/<PerformWork>d__13:MoveNext () (at ./Library/PackageCache/com.unity.test-framework@bd7f943e9647/UnityEngine.TestRunner/NUnitExtensions/Runner/CompositeWorkItem.cs:82)
UnityEngine.TestRunner.NUnitExtensions.Runner.CompositeWorkItem/<RunChildren>d__17:MoveNext () (at ./Library/PackageCache/com.unity.test-framework@bd7f943e9647/UnityEngine.TestRunner/NUnitExtensions/Runner/CompositeWorkItem.cs:207)
UnityEngine.TestRunner.NUnitExtensions.Runner.CompositeWorkItem/<PerformWork>d__13:MoveNext () (at ./Library/PackageCache/com.unity.test-framework@bd7f943e9647/UnityEngine.TestRunner/NUnitExtensions/Runner/CompositeWorkItem.cs:82)
UnityEngine.TestRunner.NUnitExtensions.Runner.CompositeWorkItem/<RunChildren>d__17:MoveNext () (at ./Library/PackageCache/com.unity.test-framework@bd7f943e9647/UnityEngine.TestRunner/NUnitExtensions/Runner/CompositeWorkItem.cs:207)
UnityEngine.TestRunner.NUnitExtensions.Runner.CompositeWorkItem/<PerformWork>d__13:MoveNext () (at ./Library/PackageCache/com.unity.test-framework@bd7f943e9647/UnityEngine.TestRunner/NUnitExtensions/Runner/CompositeWorkItem.cs:82)
UnityEditor.TestTools.TestRunner.EditModeRunner:MoveNextAndUpdateYieldObject () (at ./Library/PackageCache/com.unity.test-framework@bd7f943e9647/UnityEditor.TestRunner/TestRunner/EditModeRunner.cs:167)
UnityEditor.TestTools.TestRunner.EditModeRunner:TestConsumer (UnityEditor.TestTools.TestRunner.TestRunnerStateSerializer) (at ./Library/PackageCache/com.unity.test-framework@bd7f943e9647/UnityEditor.TestRunner/TestRunner/EditModeRunner.cs:200)
UnityEditor.TestTools.TestRunner.TestRun.Tasks.EditModeRunTask/<Execute>d__1:MoveNext () (at ./Library/PackageCache/com.unity.test-framework@bd7f943e9647/UnityEditor.TestRunner/TestRun/Tasks/EditModeRunTask.cs:48)
UnityEditor.TestTools.TestRunner.TestRun.TestJobRunner:ExecuteStep () (at ./Library/PackageCache/com.unity.test-framework@bd7f943e9647/UnityEditor.TestRunner/TestRun/TestJobRunner.cs:173)
UnityEditor.TestTools.TestRunner.TestRun.TestJobRunner:ExecuteCallback () (at ./Library/PackageCache/com.unity.test-framework@bd7f943e9647/UnityEditor.TestRunner/TestRun/TestJobRunner.cs:108)
UnityEditor.EditorApplication:Internal_CallUpdateFunctions () (at /Users/bokken/build/output/unity/unity/Editor/Mono/EditorApplication.cs:392)

(Filename: ./Packages/com.xrlab.chooguard.foundation/Multiplayer/Tests/Editor/WorldMotionAdapterTests.cs Line: 109)

World motion traversal 0.3 rail_tracks_mainline -> rail_platforms_mainline steps=91 seconds=0.3182485
UnityEngine.Debug:ExtractStackTraceNoAlloc (byte*,int,string)
UnityEngine.StackTraceUtility:ExtractStackTrace () (at /Users/bokken/build/output/unity/unity/Runtime/Export/Scripting/StackTrace.cs:35)
UnityEngine.DebugLogHandler:Internal_Log (UnityEngine.LogType,UnityEngine.LogOption,string,UnityEngine.Object)
UnityEngine.DebugLogHandler:LogFormat (UnityEngine.LogType,UnityEngine.Object,string,object[])
UnityEngine.Logger:Log (UnityEngine.LogType,object)
UnityEngine.Debug:Log (object)
ChooGuard.Foundation.Multiplayer.Tests.WorldMotionAdapterTests:BothProfilesTraverseAllThirteenRegionsAndAllTwentyFourPortalDirections (string,bool,double) (at ./Packages/com.xrlab.chooguard.foundation/Multiplayer/Tests/Editor/WorldMotionAdapterTests.cs:109)
System.Reflection.RuntimeMethodInfo:Invoke (object,System.Reflection.BindingFlags,System.Reflection.Binder,object[],System.Globalization.CultureInfo)
System.Reflection.MethodBase:Invoke (object,object[])
NUnit.Framework.Internal.Reflect:InvokeMethod (System.Reflection.MethodInfo,object,object[])
NUnit.Framework.Internal.MethodWrapper:Invoke (object,object[])
NUnit.Framework.Internal.Commands.TestMethodCommand:RunNonAsyncTestMethod (NUnit.Framework.Internal.ITestExecutionContext)
NUnit.Framework.Internal.Commands.TestMethodCommand:RunTestMethod (NUnit.Framework.Internal.ITestExecutionContext)
NUnit.Framework.Internal.Commands.TestMethodCommand:Execute (NUnit.Framework.Internal.ITestExecutionContext)
UnityEngine.TestTools.UnityTestMethodCommand:Execute (NUnit.Framework.Internal.ITestExecutionContext) (at ./Library/PackageCache/com.unity.test-framework@bd7f943e9647/UnityEngine.TestRunner/NUnitExtensions/Commands/UnityTestMethodCommand.cs:19)
UnityEngine.TestRunner.NUnitExtensions.Runner.UnityLogCheckDelegatingCommand/<>c__DisplayClass2_0:<Execute>b__0 () (at ./Library/PackageCache/com.unity.test-framework@bd7f943e9647/UnityEngine.TestRunner/NUnitExtensions/Runner/UnityLogCheckDelegatingCommand.cs:24)
UnityEngine.TestRunner.NUnitExtensions.Runner.UnityLogCheckDelegatingCommand:CaptureException (NUnit.Framework.Internal.TestResult,System.Action) (at ./Library/PackageCache/com.unity.test-framework@bd7f943e9647/UnityEngine.TestRunner/NUnitExtensions/Runner/UnityLogCheckDelegatingCommand.cs:72)
UnityEngine.TestRunner.NUnitExtensions.Runner.UnityLogCheckDelegatingCommand:ExecuteAndCheckLog (UnityEngine.TestTools.Logging.LogScope,NUnit.Framework.Internal.TestResult,System.Action) (at ./Library/PackageCache/com.unity.test-framework@bd7f943e9647/UnityEngine.TestRunner/NUnitExtensions/Runner/UnityLogCheckDelegatingCommand.cs:83)
UnityEngine.TestRunner.NUnitExtensions.Runner.UnityLogCheckDelegatingCommand:Execute (NUnit.Framework.Internal.ITestExecutionContext) (at ./Library/PackageCache/com.unity.test-framework@bd7f943e9647/UnityEngine.TestRunner/NUnitExtensions/Runner/UnityLogCheckDelegatingCommand.cs:24)
UnityEngine.TestRunner.NUnitExtensions.Runner.UnityLogCheckDelegatingCommand/<ExecuteEnumerable>d__3:MoveNext () (at ./Library/PackageCache/com.unity.test-framework@bd7f943e9647/UnityEngine.TestRunner/NUnitExtensions/Runner/UnityLogCheckDelegatingCommand.cs:35)
UnityEngine.TestTools.BeforeAfterTestCommandBase`1/<ExecuteEnumerable>d__16<NUnit.Framework.ITestAction>:MoveNext () (at ./Library/PackageCache/com.unity.test-framework@bd7f943e9647/UnityEngine.TestRunner/NUnitExtensions/Commands/BeforeAfterTestCommandBase.cs:212)
UnityEngine.TestTools.ImmediateEnumerableCommand:Execute (NUnit.Framework.Internal.ITestExecutionContext) (at ./Library/PackageCache/com.unity.test-framework@bd7f943e9647/UnityEngine.TestRunner/NUnitExtensions/Commands/ImmediateEnumerableCommand.cs:18)
UnityEngine.TestTools.BeforeAfterTestCommandBase`1/<ExecuteEnumerable>d__16<System.Reflection.MethodInfo>:MoveNext () (at ./Library/PackageCache/com.unity.test-framework@bd7f943e9647/UnityEngine.TestRunner/NUnitExtensions/Commands/BeforeAfterTestCommandBase.cs:219)
UnityEngine.TestTools.BeforeAfterTestCommandBase`1/<ExecuteEnumerable>d__16<System.Reflection.MethodInfo>:MoveNext () (at ./Library/PackageCache/com.unity.test-framework@bd7f943e9647/UnityEngine.TestRunner/NUnitExtensions/Commands/BeforeAfterTestCommandBase.cs:212)
UnityEngine.TestTools.BeforeAfterTestCommandBase`1/<ExecuteEnumerable>d__16<UnityEngine.TestTools.IOuterUnityTestAction>:MoveNext () (at ./Library/PackageCache/com.unity.test-framework@bd7f943e9647/UnityEngine.TestRunner/NUnitExtensions/Commands/BeforeAfterTestCommandBase.cs:212)
UnityEngine.TestTools.RetryCommand/<ExecuteEnumerable>d__2:MoveNext () (at ./Library/PackageCache/com.unity.test-framework@bd7f943e9647/UnityEngine.TestRunner/NUnitExtensions/Commands/RetryCommand.cs:37)
UnityEngine.TestTools.RepeatCommand/<ExecuteEnumerable>d__2:MoveNext () (at ./Library/PackageCache/com.unity.test-framework@bd7f943e9647/UnityEngine.TestRunner/NUnitExtensions/Commands/RepeatCommand.cs:36)
UnityEngine.TestTools.IgnoreTestCommand/<ExecuteEnumerable>d__3:MoveNext () (at ./Library/PackageCache/com.unity.test-framework@bd7f943e9647/UnityEngine.TestRunner/NUnitExtensions/Commands/IgnoreTestCommand.cs:42)
UnityEngine.TestTools.StrictCheckCommand/<ExecuteEnumerable>d__2:MoveNext () (at ./Library/PackageCache/com.unity.test-framework@bd7f943e9647/UnityEngine.TestRunner/NUnitExtensions/Commands/StrictCheckCommand.cs:29)
UnityEngine.TestRunner.NUnitExtensions.Runner.DefaultTestWorkItem/<PerformWork>d__2:MoveNext () (at ./Library/PackageCache/com.unity.test-framework@bd7f943e9647/UnityEngine.TestRunner/NUnitExtensions/Runner/DefaultTestWorkItem.cs:50)
UnityEngine.TestRunner.NUnitExtensions.Runner.CompositeWorkItem/<RunChildren>d__17:MoveNext () (at ./Library/PackageCache/com.unity.test-framework@bd7f943e9647/UnityEngine.TestRunner/NUnitExtensions/Runner/CompositeWorkItem.cs:207)
UnityEngine.TestRunner.NUnitExtensions.Runner.CompositeWorkItem/<PerformWork>d__13:MoveNext () (at ./Library/PackageCache/com.unity.test-framework@bd7f943e9647/UnityEngine.TestRunner/NUnitExtensions/Runner/CompositeWorkItem.cs:82)
UnityEngine.TestRunner.NUnitExtensions.Runner.CompositeWorkItem/<RunChildren>d__17:MoveNext () (at ./Library/PackageCache/com.unity.test-framework@bd7f943e9647/UnityEngine.TestRunner/NUnitExtensions/Runner/CompositeWorkItem.cs:207)
UnityEngine.TestRunner.NUnitExtensions.Runner.CompositeWorkItem/<PerformWork>d__13:MoveNext () (at ./Library/PackageCache/com.unity.test-framework@bd7f943e9647/UnityEngine.TestRunner/NUnitExtensions/Runner/CompositeWorkItem.cs:82)
UnityEngine.TestRunner.NUnitExtensions.Runner.CompositeWorkItem/<RunChildren>d__17:MoveNext () (at ./Library/PackageCache/com.unity.test-framework@bd7f943e9647/UnityEngine.TestRunner/NUnitExtensions/Runner/CompositeWorkItem.cs:207)
UnityEngine.TestRunner.NUnitExtensions.Runner.CompositeWorkItem/<PerformWork>d__13:MoveNext () (at ./Library/PackageCache/com.unity.test-framework@bd7f943e9647/UnityEngine.TestRunner/NUnitExtensions/Runner/CompositeWorkItem.cs:82)
UnityEngine.TestRunner.NUnitExtensions.Runner.CompositeWorkItem/<RunChildren>d__17:MoveNext () (at ./Library/PackageCache/com.unity.test-framework@bd7f943e9647/UnityEngine.TestRunner/NUnitExtensions/Runner/CompositeWorkItem.cs:207)
UnityEngine.TestRunner.NUnitExtensions.Runner.CompositeWorkItem/<PerformWork>d__13:MoveNext () (at ./Library/PackageCache/com.unity.test-framework@bd7f943e9647/UnityEngine.TestRunner/NUnitExtensions/Runner/CompositeWorkItem.cs:82)
UnityEngine.TestRunner.NUnitExtensions.Runner.CompositeWorkItem/<RunChildren>d__17:MoveNext () (at ./Library/PackageCache/com.unity.test-framework@bd7f943e9647/UnityEngine.TestRunner/NUnitExtensions/Runner/CompositeWorkItem.cs:207)
UnityEngine.TestRunner.NUnitExtensions.Runner.CompositeWorkItem/<PerformWork>d__13:MoveNext () (at ./Library/PackageCache/com.unity.test-framework@bd7f943e9647/UnityEngine.TestRunner/NUnitExtensions/Runner/CompositeWorkItem.cs:82)
UnityEngine.TestRunner.NUnitExtensions.Runner.CompositeWorkItem/<RunChildren>d__17:MoveNext () (at ./Library/PackageCache/com.unity.test-framework@bd7f943e9647/UnityEngine.TestRunner/NUnitExtensions/Runner/CompositeWorkItem.cs:207)
UnityEngine.TestRunner.NUnitExtensions.Runner.CompositeWorkItem/<PerformWork>d__13:MoveNext () (at ./Library/PackageCache/com.unity.test-framework@bd7f943e9647/UnityEngine.TestRunner/NUnitExtensions/Runner/CompositeWorkItem.cs:82)
UnityEngine.TestRunner.NUnitExtensions.Runner.CompositeWorkItem/<RunChildren>d__17:MoveNext () (at ./Library/PackageCache/com.unity.test-framework@bd7f943e9647/UnityEngine.TestRunner/NUnitExtensions/Runner/CompositeWorkItem.cs:207)
UnityEngine.TestRunner.NUnitExtensions.Runner.CompositeWorkItem/<PerformWork>d__13:MoveNext () (at ./Library/PackageCache/com.unity.test-framework@bd7f943e9647/UnityEngine.TestRunner/NUnitExtensions/Runner/CompositeWorkItem.cs:82)
UnityEngine.TestRunner.NUnitExtensions.Runner.CompositeWorkItem/<RunChildren>d__17:MoveNext () (at ./Library/PackageCache/com.unity.test-framework@bd7f943e9647/UnityEngine.TestRunner/NUnitExtensions/Runner/CompositeWorkItem.cs:207)
UnityEngine.TestRunner.NUnitExtensions.Runner.CompositeWorkItem/<PerformWork>d__13:MoveNext () (at ./Library/PackageCache/com.unity.test-framework@bd7f943e9647/UnityEngine.TestRunner/NUnitExtensions/Runner/CompositeWorkItem.cs:82)
UnityEditor.TestTools.TestRunner.EditModeRunner:MoveNextAndUpdateYieldObject () (at ./Library/PackageCache/com.unity.test-framework@bd7f943e9647/UnityEditor.TestRunner/TestRunner/EditModeRunner.cs:167)
UnityEditor.TestTools.TestRunner.EditModeRunner:TestConsumer (UnityEditor.TestTools.TestRunner.TestRunnerStateSerializer) (at ./Library/PackageCache/com.unity.test-framework@bd7f943e9647/UnityEditor.TestRunner/TestRunner/EditModeRunner.cs:200)
UnityEditor.TestTools.TestRunner.TestRun.Tasks.EditModeRunTask/<Execute>d__1:MoveNext () (at ./Library/PackageCache/com.unity.test-framework@bd7f943e9647/UnityEditor.TestRunner/TestRun/Tasks/EditModeRunTask.cs:48)
UnityEditor.TestTools.TestRunner.TestRun.TestJobRunner:ExecuteStep () (at ./Library/PackageCache/com.unity.test-framework@bd7f943e9647/UnityEditor.TestRunner/TestRun/TestJobRunner.cs:173)
UnityEditor.TestTools.TestRunner.TestRun.TestJobRunner:ExecuteCallback () (at ./Library/PackageCache/com.unity.test-framework@bd7f943e9647/UnityEditor.TestRunner/TestRun/TestJobRunner.cs:108)
UnityEditor.EditorApplication:Internal_CallUpdateFunctions () (at /Users/bokken/build/output/unity/unity/Editor/Mono/EditorApplication.cs:392)

(Filename: ./Packages/com.xrlab.chooguard.foundation/Multiplayer/Tests/Editor/WorldMotionAdapterTests.cs Line: 109)

World motion traversal 0.3 rail_platforms_mainline -> rail_tracks_mainline steps=91 seconds=0.3118287
UnityEngine.Debug:ExtractStackTraceNoAlloc (byte*,int,string)
UnityEngine.StackTraceUtility:ExtractStackTrace () (at /Users/bokken/build/output/unity/unity/Runtime/Export/Scripting/StackTrace.cs:35)
UnityEngine.DebugLogHandler:Internal_Log (UnityEngine.LogType,UnityEngine.LogOption,string,UnityEngine.Object)
UnityEngine.DebugLogHandler:LogFormat (UnityEngine.LogType,UnityEngine.Object,string,object[])
UnityEngine.Logger:Log (UnityEngine.LogType,object)
UnityEngine.Debug:Log (object)
ChooGuard.Foundation.Multiplayer.Tests.WorldMotionAdapterTests:BothProfilesTraverseAllThirteenRegionsAndAllTwentyFourPortalDirections (string,bool,double) (at ./Packages/com.xrlab.chooguard.foundation/Multiplayer/Tests/Editor/WorldMotionAdapterTests.cs:109)
System.Reflection.RuntimeMethodInfo:Invoke (object,System.Reflection.BindingFlags,System.Reflection.Binder,object[],System.Globalization.CultureInfo)
System.Reflection.MethodBase:Invoke (object,object[])
NUnit.Framework.Internal.Reflect:InvokeMethod (System.Reflection.MethodInfo,object,object[])
NUnit.Framework.Internal.MethodWrapper:Invoke (object,object[])
NUnit.Framework.Internal.Commands.TestMethodCommand:RunNonAsyncTestMethod (NUnit.Framework.Internal.ITestExecutionContext)
NUnit.Framework.Internal.Commands.TestMethodCommand:RunTestMethod (NUnit.Framework.Internal.ITestExecutionContext)
NUnit.Framework.Internal.Commands.TestMethodCommand:Execute (NUnit.Framework.Internal.ITestExecutionContext)
UnityEngine.TestTools.UnityTestMethodCommand:Execute (NUnit.Framework.Internal.ITestExecutionContext) (at ./Library/PackageCache/com.unity.test-framework@bd7f943e9647/UnityEngine.TestRunner/NUnitExtensions/Commands/UnityTestMethodCommand.cs:19)
UnityEngine.TestRunner.NUnitExtensions.Runner.UnityLogCheckDelegatingCommand/<>c__DisplayClass2_0:<Execute>b__0 () (at ./Library/PackageCache/com.unity.test-framework@bd7f943e9647/UnityEngine.TestRunner/NUnitExtensions/Runner/UnityLogCheckDelegatingCommand.cs:24)
UnityEngine.TestRunner.NUnitExtensions.Runner.UnityLogCheckDelegatingCommand:CaptureException (NUnit.Framework.Internal.TestResult,System.Action) (at ./Library/PackageCache/com.unity.test-framework@bd7f943e9647/UnityEngine.TestRunner/NUnitExtensions/Runner/UnityLogCheckDelegatingCommand.cs:72)
UnityEngine.TestRunner.NUnitExtensions.Runner.UnityLogCheckDelegatingCommand:ExecuteAndCheckLog (UnityEngine.TestTools.Logging.LogScope,NUnit.Framework.Internal.TestResult,System.Action) (at ./Library/PackageCache/com.unity.test-framework@bd7f943e9647/UnityEngine.TestRunner/NUnitExtensions/Runner/UnityLogCheckDelegatingCommand.cs:83)
UnityEngine.TestRunner.NUnitExtensions.Runner.UnityLogCheckDelegatingCommand:Execute (NUnit.Framework.Internal.ITestExecutionContext) (at ./Library/PackageCache/com.unity.test-framework@bd7f943e9647/UnityEngine.TestRunner/NUnitExtensions/Runner/UnityLogCheckDelegatingCommand.cs:24)
UnityEngine.TestRunner.NUnitExtensions.Runner.UnityLogCheckDelegatingCommand/<ExecuteEnumerable>d__3:MoveNext () (at ./Library/PackageCache/com.unity.test-framework@bd7f943e9647/UnityEngine.TestRunner/NUnitExtensions/Runner/UnityLogCheckDelegatingCommand.cs:35)
UnityEngine.TestTools.BeforeAfterTestCommandBase`1/<ExecuteEnumerable>d__16<NUnit.Framework.ITestAction>:MoveNext () (at ./Library/PackageCache/com.unity.test-framework@bd7f943e9647/UnityEngine.TestRunner/NUnitExtensions/Commands/BeforeAfterTestCommandBase.cs:212)
UnityEngine.TestTools.ImmediateEnumerableCommand:Execute (NUnit.Framework.Internal.ITestExecutionContext) (at ./Library/PackageCache/com.unity.test-framework@bd7f943e9647/UnityEngine.TestRunner/NUnitExtensions/Commands/ImmediateEnumerableCommand.cs:18)
UnityEngine.TestTools.BeforeAfterTestCommandBase`1/<ExecuteEnumerable>d__16<System.Reflection.MethodInfo>:MoveNext () (at ./Library/PackageCache/com.unity.test-framework@bd7f943e9647/UnityEngine.TestRunner/NUnitExtensions/Commands/BeforeAfterTestCommandBase.cs:219)
UnityEngine.TestTools.BeforeAfterTestCommandBase`1/<ExecuteEnumerable>d__16<System.Reflection.MethodInfo>:MoveNext () (at ./Library/PackageCache/com.unity.test-framework@bd7f943e9647/UnityEngine.TestRunner/NUnitExtensions/Commands/BeforeAfterTestCommandBase.cs:212)
UnityEngine.TestTools.BeforeAfterTestCommandBase`1/<ExecuteEnumerable>d__16<UnityEngine.TestTools.IOuterUnityTestAction>:MoveNext () (at ./Library/PackageCache/com.unity.test-framework@bd7f943e9647/UnityEngine.TestRunner/NUnitExtensions/Commands/BeforeAfterTestCommandBase.cs:212)
UnityEngine.TestTools.RetryCommand/<ExecuteEnumerable>d__2:MoveNext () (at ./Library/PackageCache/com.unity.test-framework@bd7f943e9647/UnityEngine.TestRunner/NUnitExtensions/Commands/RetryCommand.cs:37)
UnityEngine.TestTools.RepeatCommand/<ExecuteEnumerable>d__2:MoveNext () (at ./Library/PackageCache/com.unity.test-framework@bd7f943e9647/UnityEngine.TestRunner/NUnitExtensions/Commands/RepeatCommand.cs:36)
UnityEngine.TestTools.IgnoreTestCommand/<ExecuteEnumerable>d__3:MoveNext () (at ./Library/PackageCache/com.unity.test-framework@bd7f943e9647/UnityEngine.TestRunner/NUnitExtensions/Commands/IgnoreTestCommand.cs:42)
UnityEngine.TestTools.StrictCheckCommand/<ExecuteEnumerable>d__2:MoveNext () (at ./Library/PackageCache/com.unity.test-framework@bd7f943e9647/UnityEngine.TestRunner/NUnitExtensions/Commands/StrictCheckCommand.cs:29)
UnityEngine.TestRunner.NUnitExtensions.Runner.DefaultTestWorkItem/<PerformWork>d__2:MoveNext () (at ./Library/PackageCache/com.unity.test-framework@bd7f943e9647/UnityEngine.TestRunner/NUnitExtensions/Runner/DefaultTestWorkItem.cs:50)
UnityEngine.TestRunner.NUnitExtensions.Runner.CompositeWorkItem/<RunChildren>d__17:MoveNext () (at ./Library/PackageCache/com.unity.test-framework@bd7f943e9647/UnityEngine.TestRunner/NUnitExtensions/Runner/CompositeWorkItem.cs:207)
UnityEngine.TestRunner.NUnitExtensions.Runner.CompositeWorkItem/<PerformWork>d__13:MoveNext () (at ./Library/PackageCache/com.unity.test-framework@bd7f943e9647/UnityEngine.TestRunner/NUnitExtensions/Runner/CompositeWorkItem.cs:82)
UnityEngine.TestRunner.NUnitExtensions.Runner.CompositeWorkItem/<RunChildren>d__17:MoveNext () (at ./Library/PackageCache/com.unity.test-framework@bd7f943e9647/UnityEngine.TestRunner/NUnitExtensions/Runner/CompositeWorkItem.cs:207)
UnityEngine.TestRunner.NUnitExtensions.Runner.CompositeWorkItem/<PerformWork>d__13:MoveNext () (at ./Library/PackageCache/com.unity.test-framework@bd7f943e9647/UnityEngine.TestRunner/NUnitExtensions/Runner/CompositeWorkItem.cs:82)
UnityEngine.TestRunner.NUnitExtensions.Runner.CompositeWorkItem/<RunChildren>d__17:MoveNext () (at ./Library/PackageCache/com.unity.test-framework@bd7f943e9647/UnityEngine.TestRunner/NUnitExtensions/Runner/CompositeWorkItem.cs:207)
UnityEngine.TestRunner.NUnitExtensions.Runner.CompositeWorkItem/<PerformWork>d__13:MoveNext () (at ./Library/PackageCache/com.unity.test-framework@bd7f943e9647/UnityEngine.TestRunner/NUnitExtensions/Runner/CompositeWorkItem.cs:82)
UnityEngine.TestRunner.NUnitExtensions.Runner.CompositeWorkItem/<RunChildren>d__17:MoveNext () (at ./Library/PackageCache/com.unity.test-framework@bd7f943e9647/UnityEngine.TestRunner/NUnitExtensions/Runner/CompositeWorkItem.cs:207)
UnityEngine.TestRunner.NUnitExtensions.Runner.CompositeWorkItem/<PerformWork>d__13:MoveNext () (at ./Library/PackageCache/com.unity.test-framework@bd7f943e9647/UnityEngine.TestRunner/NUnitExtensions/Runner/CompositeWorkItem.cs:82)
UnityEngine.TestRunner.NUnitExtensions.Runner.CompositeWorkItem/<RunChildren>d__17:MoveNext () (at ./Library/PackageCache/com.unity.test-framework@bd7f943e9647/UnityEngine.TestRunner/NUnitExtensions/Runner/CompositeWorkItem.cs:207)
UnityEngine.TestRunner.NUnitExtensions.Runner.CompositeWorkItem/<PerformWork>d__13:MoveNext () (at ./Library/PackageCache/com.unity.test-framework@bd7f943e9647/UnityEngine.TestRunner/NUnitExtensions/Runner/CompositeWorkItem.cs:82)
UnityEngine.TestRunner.NUnitExtensions.Runner.CompositeWorkItem/<RunChildren>d__17:MoveNext () (at ./Library/PackageCache/com.unity.test-framework@bd7f943e9647/UnityEngine.TestRunner/NUnitExtensions/Runner/CompositeWorkItem.cs:207)
UnityEngine.TestRunner.NUnitExtensions.Runner.CompositeWorkItem/<PerformWork>d__13:MoveNext () (at ./Library/PackageCache/com.unity.test-framework@bd7f943e9647/UnityEngine.TestRunner/NUnitExtensions/Runner/CompositeWorkItem.cs:82)
UnityEngine.TestRunner.NUnitExtensions.Runner.CompositeWorkItem/<RunChildren>d__17:MoveNext () (at ./Library/PackageCache/com.unity.test-framework@bd7f943e9647/UnityEngine.TestRunner/NUnitExtensions/Runner/CompositeWorkItem.cs:207)
UnityEngine.TestRunner.NUnitExtensions.Runner.CompositeWorkItem/<PerformWork>d__13:MoveNext () (at ./Library/PackageCache/com.unity.test-framework@bd7f943e9647/UnityEngine.TestRunner/NUnitExtensions/Runner/CompositeWorkItem.cs:82)
UnityEngine.TestRunner.NUnitExtensions.Runner.CompositeWorkItem/<RunChildren>d__17:MoveNext () (at ./Library/PackageCache/com.unity.test-framework@bd7f943e9647/UnityEngine.TestRunner/NUnitExtensions/Runner/CompositeWorkItem.cs:207)
UnityEngine.TestRunner.NUnitExtensions.Runner.CompositeWorkItem/<PerformWork>d__13:MoveNext () (at ./Library/PackageCache/com.unity.test-framework@bd7f943e9647/UnityEngine.TestRunner/NUnitExtensions/Runner/CompositeWorkItem.cs:82)
UnityEditor.TestTools.TestRunner.EditModeRunner:MoveNextAndUpdateYieldObject () (at ./Library/PackageCache/com.unity.test-framework@bd7f943e9647/UnityEditor.TestRunner/TestRunner/EditModeRunner.cs:167)
UnityEditor.TestTools.TestRunner.EditModeRunner:TestConsumer (UnityEditor.TestTools.TestRunner.TestRunnerStateSerializer) (at ./Library/PackageCache/com.unity.test-framework@bd7f943e9647/UnityEditor.TestRunner/TestRunner/EditModeRunner.cs:200)
UnityEditor.TestTools.TestRunner.TestRun.Tasks.EditModeRunTask/<Execute>d__1:MoveNext () (at ./Library/PackageCache/com.unity.test-framework@bd7f943e9647/UnityEditor.TestRunner/TestRun/Tasks/EditModeRunTask.cs:48)
UnityEditor.TestTools.TestRunner.TestRun.TestJobRunner:ExecuteStep () (at ./Library/PackageCache/com.unity.test-framework@bd7f943e9647/UnityEditor.TestRunner/TestRun/TestJobRunner.cs:173)
UnityEditor.TestTools.TestRunner.TestRun.TestJobRunner:ExecuteCallback () (at ./Library/PackageCache/com.unity.test-framework@bd7f943e9647/UnityEditor.TestRunner/TestRun/TestJobRunner.cs:108)
UnityEditor.EditorApplication:Internal_CallUpdateFunctions () (at /Users/bokken/build/output/unity/unity/Editor/Mono/EditorApplication.cs:392)

(Filename: ./Packages/com.xrlab.chooguard.foundation/Multiplayer/Tests/Editor/WorldMotionAdapterTests.cs Line: 109)

Worker ready: AssetImportWorker1 1
Worker ready: AssetImportWorker0 0
World motion traversal 0.3 rail_platforms_mainline -> station_concourse_2f steps=338 seconds=0.8149456
UnityEngine.Debug:ExtractStackTraceNoAlloc (byte*,int,string)
UnityEngine.StackTraceUtility:ExtractStackTrace () (at /Users/bokken/build/output/unity/unity/Runtime/Export/Scripting/StackTrace.cs:35)
UnityEngine.DebugLogHandler:Internal_Log (UnityEngine.LogType,UnityEngine.LogOption,string,UnityEngine.Object)
UnityEngine.DebugLogHandler:LogFormat (UnityEngine.LogType,UnityEngine.Object,string,object[])
UnityEngine.Logger:Log (UnityEngine.LogType,object)
UnityEngine.Debug:Log (object)
ChooGuard.Foundation.Multiplayer.Tests.WorldMotionAdapterTests:BothProfilesTraverseAllThirteenRegionsAndAllTwentyFourPortalDirections (string,bool,double) (at ./Packages/com.xrlab.chooguard.foundation/Multiplayer/Tests/Editor/WorldMotionAdapterTests.cs:109)
System.Reflection.RuntimeMethodInfo:Invoke (object,System.Reflection.BindingFlags,System.Reflection.Binder,object[],System.Globalization.CultureInfo)
System.Reflection.MethodBase:Invoke (object,object[])
NUnit.Framework.Internal.Reflect:InvokeMethod (System.Reflection.MethodInfo,object,object[])
NUnit.Framework.Internal.MethodWrapper:Invoke (object,object[])
NUnit.Framework.Internal.Commands.TestMethodCommand:RunNonAsyncTestMethod (NUnit.Framework.Internal.ITestExecutionContext)
NUnit.Framework.Internal.Commands.TestMethodCommand:RunTestMethod (NUnit.Framework.Internal.ITestExecutionContext)
NUnit.Framework.Internal.Commands.TestMethodCommand:Execute (NUnit.Framework.Internal.ITestExecutionContext)
UnityEngine.TestTools.UnityTestMethodCommand:Execute (NUnit.Framework.Internal.ITestExecutionContext) (at ./Library/PackageCache/com.unity.test-framework@bd7f943e9647/UnityEngine.TestRunner/NUnitExtensions/Commands/UnityTestMethodCommand.cs:19)
UnityEngine.TestRunner.NUnitExtensions.Runner.UnityLogCheckDelegatingCommand/<>c__DisplayClass2_0:<Execute>b__0 () (at ./Library/PackageCache/com.unity.test-framework@bd7f943e9647/UnityEngine.TestRunner/NUnitExtensions/Runner/UnityLogCheckDelegatingCommand.cs:24)
UnityEngine.TestRunner.NUnitExtensions.Runner.UnityLogCheckDelegatingCommand:CaptureException (NUnit.Framework.Internal.TestResult,System.Action) (at ./Library/PackageCache/com.unity.test-framework@bd7f943e9647/UnityEngine.TestRunner/NUnitExtensions/Runner/UnityLogCheckDelegatingCommand.cs:72)
UnityEngine.TestRunner.NUnitExtensions.Runner.UnityLogCheckDelegatingCommand:ExecuteAndCheckLog (UnityEngine.TestTools.Logging.LogScope,NUnit.Framework.Internal.TestResult,System.Action) (at ./Library/PackageCache/com.unity.test-framework@bd7f943e9647/UnityEngine.TestRunner/NUnitExtensions/Runner/UnityLogCheckDelegatingCommand.cs:83)
UnityEngine.TestRunner.NUnitExtensions.Runner.UnityLogCheckDelegatingCommand:Execute (NUnit.Framework.Internal.ITestExecutionContext) (at ./Library/PackageCache/com.unity.test-framework@bd7f943e9647/UnityEngine.TestRunner/NUnitExtensions/Runner/UnityLogCheckDelegatingCommand.cs:24)
UnityEngine.TestRunner.NUnitExtensions.Runner.UnityLogCheckDelegatingCommand/<ExecuteEnumerable>d__3:MoveNext () (at ./Library/PackageCache/com.unity.test-framework@bd7f943e9647/UnityEngine.TestRunner/NUnitExtensions/Runner/UnityLogCheckDelegatingCommand.cs:35)
UnityEngine.TestTools.BeforeAfterTestCommandBase`1/<ExecuteEnumerable>d__16<NUnit.Framework.ITestAction>:MoveNext () (at ./Library/PackageCache/com.unity.test-framework@bd7f943e9647/UnityEngine.TestRunner/NUnitExtensions/Commands/BeforeAfterTestCommandBase.cs:212)
UnityEngine.TestTools.ImmediateEnumerableCommand:Execute (NUnit.Framework.Internal.ITestExecutionContext) (at ./Library/PackageCache/com.unity.test-framework@bd7f943e9647/UnityEngine.TestRunner/NUnitExtensions/Commands/ImmediateEnumerableCommand.cs:18)
UnityEngine.TestTools.BeforeAfterTestCommandBase`1/<ExecuteEnumerable>d__16<System.Reflection.MethodInfo>:MoveNext () (at ./Library/PackageCache/com.unity.test-framework@bd7f943e9647/UnityEngine.TestRunner/NUnitExtensions/Commands/BeforeAfterTestCommandBase.cs:219)
UnityEngine.TestTools.BeforeAfterTestCommandBase`1/<ExecuteEnumerable>d__16<System.Reflection.MethodInfo>:MoveNext () (at ./Library/PackageCache/com.unity.test-framework@bd7f943e9647/UnityEngine.TestRunner/NUnitExtensions/Commands/BeforeAfterTestCommandBase.cs:212)
UnityEngine.TestTools.BeforeAfterTestCommandBase`1/<ExecuteEnumerable>d__16<UnityEngine.TestTools.IOuterUnityTestAction>:MoveNext () (at ./Library/PackageCache/com.unity.test-framework@bd7f943e9647/UnityEngine.TestRunner/NUnitExtensions/Commands/BeforeAfterTestCommandBase.cs:212)
UnityEngine.TestTools.RetryCommand/<ExecuteEnumerable>d__2:MoveNext () (at ./Library/PackageCache/com.unity.test-framework@bd7f943e9647/UnityEngine.TestRunner/NUnitExtensions/Commands/RetryCommand.cs:37)
UnityEngine.TestTools.RepeatCommand/<ExecuteEnumerable>d__2:MoveNext () (at ./Library/PackageCache/com.unity.test-framework@bd7f943e9647/UnityEngine.TestRunner/NUnitExtensions/Commands/RepeatCommand.cs:36)
UnityEngine.TestTools.IgnoreTestCommand/<ExecuteEnumerable>d__3:MoveNext () (at ./Library/PackageCache/com.unity.test-framework@bd7f943e9647/UnityEngine.TestRunner/NUnitExtensions/Commands/IgnoreTestCommand.cs:42)
UnityEngine.TestTools.StrictCheckCommand/<ExecuteEnumerable>d__2:MoveNext () (at ./Library/PackageCache/com.unity.test-framework@bd7f943e9647/UnityEngine.TestRunner/NUnitExtensions/Commands/StrictCheckCommand.cs:29)
UnityEngine.TestRunner.NUnitExtensions.Runner.DefaultTestWorkItem/<PerformWork>d__2:MoveNext () (at ./Library/PackageCache/com.unity.test-framework@bd7f943e9647/UnityEngine.TestRunner/NUnitExtensions/Runner/DefaultTestWorkItem.cs:50)
UnityEngine.TestRunner.NUnitExtensions.Runner.CompositeWorkItem/<RunChildren>d__17:MoveNext () (at ./Library/PackageCache/com.unity.test-framework@bd7f943e9647/UnityEngine.TestRunner/NUnitExtensions/Runner/CompositeWorkItem.cs:207)
UnityEngine.TestRunner.NUnitExtensions.Runner.CompositeWorkItem/<PerformWork>d__13:MoveNext () (at ./Library/PackageCache/com.unity.test-framework@bd7f943e9647/UnityEngine.TestRunner/NUnitExtensions/Runner/CompositeWorkItem.cs:82)
UnityEngine.TestRunner.NUnitExtensions.Runner.CompositeWorkItem/<RunChildren>d__17:MoveNext () (at ./Library/PackageCache/com.unity.test-framework@bd7f943e9647/UnityEngine.TestRunner/NUnitExtensions/Runner/CompositeWorkItem.cs:207)
UnityEngine.TestRunner.NUnitExtensions.Runner.CompositeWorkItem/<PerformWork>d__13:MoveNext () (at ./Library/PackageCache/com.unity.test-framework@bd7f943e9647/UnityEngine.TestRunner/NUnitExtensions/Runner/CompositeWorkItem.cs:82)
UnityEngine.TestRunner.NUnitExtensions.Runner.CompositeWorkItem/<RunChildren>d__17:MoveNext () (at ./Library/PackageCache/com.unity.test-framework@bd7f943e9647/UnityEngine.TestRunner/NUnitExtensions/Runner/CompositeWorkItem.cs:207)
UnityEngine.TestRunner.NUnitExtensions.Runner.CompositeWorkItem/<PerformWork>d__13:MoveNext () (at ./Library/PackageCache/com.unity.test-framework@bd7f943e9647/UnityEngine.TestRunner/NUnitExtensions/Runner/CompositeWorkItem.cs:82)
UnityEngine.TestRunner.NUnitExtensions.Runner.CompositeWorkItem/<RunChildren>d__17:MoveNext () (at ./Library/PackageCache/com.unity.test-framework@bd7f943e9647/UnityEngine.TestRunner/NUnitExtensions/Runner/CompositeWorkItem.cs:207)
UnityEngine.TestRunner.NUnitExtensions.Runner.CompositeWorkItem/<PerformWork>d__13:MoveNext () (at ./Library/PackageCache/com.unity.test-framework@bd7f943e9647/UnityEngine.TestRunner/NUnitExtensions/Runner/CompositeWorkItem.cs:82)
UnityEngine.TestRunner.NUnitExtensions.Runner.CompositeWorkItem/<RunChildren>d__17:MoveNext () (at ./Library/PackageCache/com.unity.test-framework@bd7f943e9647/UnityEngine.TestRunner/NUnitExtensions/Runner/CompositeWorkItem.cs:207)
UnityEngine.TestRunner.NUnitExtensions.Runner.CompositeWorkItem/<PerformWork>d__13:MoveNext () (at ./Library/PackageCache/com.unity.test-framework@bd7f943e9647/UnityEngine.TestRunner/NUnitExtensions/Runner/CompositeWorkItem.cs:82)
UnityEngine.TestRunner.NUnitExtensions.Runner.CompositeWorkItem/<RunChildren>d__17:MoveNext () (at ./Library/PackageCache/com.unity.test-framework@bd7f943e9647/UnityEngine.TestRunner/NUnitExtensions/Runner/CompositeWorkItem.cs:207)
UnityEngine.TestRunner.NUnitExtensions.Runner.CompositeWorkItem/<PerformWork>d__13:MoveNext () (at ./Library/PackageCache/com.unity.test-framework@bd7f943e9647/UnityEngine.TestRunner/NUnitExtensions/Runner/CompositeWorkItem.cs:82)
UnityEngine.TestRunner.NUnitExtensions.Runner.CompositeWorkItem/<RunChildren>d__17:MoveNext () (at ./Library/PackageCache/com.unity.test-framework@bd7f943e9647/UnityEngine.TestRunner/NUnitExtensions/Runner/CompositeWorkItem.cs:207)
UnityEngine.TestRunner.NUnitExtensions.Runner.CompositeWorkItem/<PerformWork>d__13:MoveNext () (at ./Library/PackageCache/com.unity.test-framework@bd7f943e9647/UnityEngine.TestRunner/NUnitExtensions/Runner/CompositeWorkItem.cs:82)
UnityEngine.TestRunner.NUnitExtensions.Runner.CompositeWorkItem/<RunChildren>d__17:MoveNext () (at ./Library/PackageCache/com.unity.test-framework@bd7f943e9647/UnityEngine.TestRunner/NUnitExtensions/Runner/CompositeWorkItem.cs:207)
UnityEngine.TestRunner.NUnitExtensions.Runner.CompositeWorkItem/<PerformWork>d__13:MoveNext () (at ./Library/PackageCache/com.unity.test-framework@bd7f943e9647/UnityEngine.TestRunner/NUnitExtensions/Runner/CompositeWorkItem.cs:82)
UnityEditor.TestTools.TestRunner.EditModeRunner:MoveNextAndUpdateYieldObject () (at ./Library/PackageCache/com.unity.test-framework@bd7f943e9647/UnityEditor.TestRunner/TestRunner/EditModeRunner.cs:167)
UnityEditor.TestTools.TestRunner.EditModeRunner:TestConsumer (UnityEditor.TestTools.TestRunner.TestRunnerStateSerializer) (at ./Library/PackageCache/com.unity.test-framework@bd7f943e9647/UnityEditor.TestRunner/TestRunner/EditModeRunner.cs:200)
UnityEditor.TestTools.TestRunner.TestRun.Tasks.EditModeRunTask/<Execute>d__1:MoveNext () (at ./Library/PackageCache/com.unity.test-framework@bd7f943e9647/UnityEditor.TestRunner/TestRun/Tasks/EditModeRunTask.cs:48)
UnityEditor.TestTools.TestRunner.TestRun.TestJobRunner:ExecuteStep () (at ./Library/PackageCache/com.unity.test-framework@bd7f943e9647/UnityEditor.TestRunner/TestRun/TestJobRunner.cs:173)
UnityEditor.TestTools.TestRunner.TestRun.TestJobRunner:ExecuteCallback () (at ./Library/PackageCache/com.unity.test-framework@bd7f943e9647/UnityEditor.TestRunner/TestRun/TestJobRunner.cs:108)
UnityEditor.EditorApplication:Internal_CallUpdateFunctions () (at /Users/bokken/build/output/unity/unity/Editor/Mono/EditorApplication.cs:392)

(Filename: ./Packages/com.xrlab.chooguard.foundation/Multiplayer/Tests/Editor/WorldMotionAdapterTests.cs Line: 109)

[Worker1] Start importing Assets/CHOOguardGenerated/WorldMotionTest_e496a335cb304df88315f5f596248d5c/Geometry/station_hall_1f--station_concourse_2f-1.asset using Guid(c9e020657789f4974bcd3d0ef1eb7d36) Importer(2089858483,b0f066a214c2f5e87bad3c948f4d605d) 
[Worker1] (ScriptedImporter)
[Worker0] Start importing Assets/CHOOguardGenerated/WorldMotionTest_e496a335cb304df88315f5f596248d5c/Geometry/rolling_stock_metro--metro_platforms-1.asset using Guid(564f442bed70f4f1a94ee6475449fa54) Importer(2089858483,b0f066a214c2f5e87bad3c948f4d605d) 
[Worker0] (ScriptedImporter)
[Worker1]  -> (artifact id: '34fa7a4d6245a2e14c9c466a9768072d') in 0.136111791 seconds
[Worker1] Start importing Assets/CHOOguardGenerated/WorldMotionTest_e496a335cb304df88315f5f596248d5c/Geometry/rail_platforms_mainline--station_concourse_2f--1.asset using Guid(dd532820389ce42d3a20af65152b819d) Importer(2089858483,b0f066a214c2f5e87bad3c948f4d605d) 
[Worker1] (ScriptedImporter)
[Worker1]  -> (artifact id: 'e575a8a47d3053d36d4231e32aee9a7f') in 0.0104775 seconds
[Worker1] Start importing Assets/CHOOguardGenerated/WorldMotionTest_e496a335cb304df88315f5f596248d5c/Geometry/rail_platforms_mainline--station_concourse_2f-1.asset using Guid(37bbbb65ed3074e98b9a5ce9058bc693) Importer(2089858483,b0f066a214c2f5e87bad3c948f4d605d) 
[Worker1] (ScriptedImporter)
[Worker1]  -> (artifact id: '95275bdeb67116afa6e1750f078a8f9d') in 0.004825709 seconds
[Worker1] Start importing Assets/CHOOguardGenerated/WorldMotionTest_e496a335cb304df88315f5f596248d5c/cg_region_rail_platforms_mainline.unity using Guid(0750eb1fcbd1d493390c68e0f664ec5b) Importer(2089858483,b0f066a214c2f5e87bad3c948f4d605d) 
[Worker1] (ScriptedImporter)
[Worker1]  -> (artifact id: '18eb4c7a3758805bff6c1326751eadb0') in 0.0093725 seconds
[Worker1] Start importing Assets/CHOOguardGenerated/WorldMotionTest_e496a335cb304df88315f5f596248d5c/Geometry/rail_terminal_public--station_concourse_2f-1.asset using Guid(e9cb18155e6fa4ff085fcc23eab0f00e) Importer(2089858483,b0f066a214c2f5e87bad3c948f4d605d) 
[Worker1] (ScriptedImporter)
[Worker1]  -> (artifact id: '7c497b32e10b4980dd64b12be3317d37') in 0.036376875 seconds
[Worker0]  -> (artifact id: '686788662fb599f7162c0c61445c271d') in 0.240955625 seconds
[Worker0] Start importing Assets/CHOOguardGenerated/WorldMotionTest_e496a335cb304df88315f5f596248d5c/cg_region_metro_platforms.unity using Guid(506abba9b67a148d2a0e6a26c30a52c9) Importer(2089858483,b0f066a214c2f5e87bad3c948f4d605d) 
[Worker0] (ScriptedImporter)
[Worker0]  -> (artifact id: '345c7027c07a1eed2fd0fb9ad764cac4') in 0.006545541 seconds
[Worker1] Start importing Assets/CHOOguardGenerated/WorldMotionTest_e496a335cb304df88315f5f596248d5c/Geometry/station_hall_1f--station_concourse_2f--1.asset using Guid(31edb377e404f4bde910d74d975b9327) Importer(2089858483,b0f066a214c2f5e87bad3c948f4d605d) 
[Worker1] (ScriptedImporter)
[Worker1]  -> (artifact id: '3cbb43f08730351453120a8250542792') in 0.004227625 seconds
[Worker1] Start importing Assets/CHOOguardGenerated/WorldMotionTest_e496a335cb304df88315f5f596248d5c/Geometry/rail_terminal_public--station_concourse_2f--1.asset using Guid(73e93ed501d394cbaa0806c819ab1118) Importer(2089858483,b0f066a214c2f5e87bad3c948f4d605d) 
[Worker1] (ScriptedImporter)
[Worker1]  -> (artifact id: 'c2f1ba47282e2ee6d3267741a390f3fd') in 0.002007875 seconds
[Worker1] Start importing Assets/CHOOguardGenerated/WorldMotionTest_e496a335cb304df88315f5f596248d5c/Geometry/station_ticket_area--rail_terminal_public-1.asset using Guid(2737cc8a433294561aa032bbcb75c87d) Importer(2089858483,b0f066a214c2f5e87bad3c948f4d605d) 
[Worker1] (ScriptedImporter)
[Worker0] Start importing Assets/CHOOguardGenerated/WorldMotionTest_e496a335cb304df88315f5f596248d5c/connected-world-profile.json using Guid(960ca0e594d024a4b8b1bf1d210672a4) Importer(2089858483,b0f066a214c2f5e87bad3c948f4d605d) 
[Worker0] (ScriptedImporter)
[Worker1]  -> (artifact id: '3e45a9d11705273c98f0ec19d666e06d') in 0.0218715 seconds
[Worker0]  -> (artifact id: 'ab6224927f670a1b318f5738290f362d') in 0.016710542 seconds
[Worker0] Start importing Assets/CHOOguardGenerated/WorldMotionTest_e496a335cb304df88315f5f596248d5c/Geometry/underground_connector--underground_shopping_passage--1.asset using Guid(5b43de74d6b6846489b664986937bea0) Importer(2089858483,b0f066a214c2f5e87bad3c948f4d605d) 
[Worker0] (ScriptedImporter)
[Worker1] Start importing Assets/CHOOguardGenerated/WorldMotionTest_e496a335cb304df88315f5f596248d5c/Geometry/forecourt_eurasia--underground_connector--1.asset using Guid(4c64e0b5207a547368bd3501cfd11615) Importer(2089858483,b0f066a214c2f5e87bad3c948f4d605d) 
[Worker1] (ScriptedImporter)
[Worker0]  -> (artifact id: '12ea3c47ef8ce4cf017d1e98961fc296') in 0.002562875 seconds
[Worker0] Start importing Assets/CHOOguardGenerated/WorldMotionTest_e496a335cb304df88315f5f596248d5c/Geometry using Guid(66e08aa6362154e298d1e54b846a5394) Importer(2089858483,b0f066a214c2f5e87bad3c948f4d605d) 
[Worker0] (ScriptedImporter)
[Worker0]  -> (artifact id: 'c99bd18f31ae8640198df290f7cd301c') in 0.001459416 seconds
[Worker1]  -> (artifact id: 'e385d48d6384bb959029e8a2a0fdf1a2') in 0.007414417 seconds
[Worker0] Start importing Assets/CHOOguardGenerated/WorldMotionTest_e496a335cb304df88315f5f596248d5c/Geometry/rail_tracks_mainline--rail_platforms_mainline-1.asset using Guid(949a2998ae263401bb0bca43c376e2a4) Importer(2089858483,b0f066a214c2f5e87bad3c948f4d605d) 
[Worker0] (ScriptedImporter)
[Worker1] Start importing Assets/CHOOguardGenerated/WorldMotionTest_e496a335cb304df88315f5f596248d5c/Geometry/rail_terminal_public--underground_connector-1.asset using Guid(7b7fc72c1d4e5442f966b48df000a0d4) Importer(2089858483,b0f066a214c2f5e87bad3c948f4d605d) 
[Worker0]  -> (artifact id: 'b8f922e8452118fce134728be3849772') in 0.001939375 seconds
World motion traversal 0.3 station_concourse_2f -> rail_platforms_mainline steps=338 seconds=0.8175929
UnityEngine.Debug:ExtractStackTraceNoAlloc (byte*,int,string)
UnityEngine.StackTraceUtility:ExtractStackTrace () (at /Users/bokken/build/output/unity/unity/Runtime/Export/Scripting/StackTrace.cs:35)
UnityEngine.DebugLogHandler:Internal_Log (UnityEngine.LogType,UnityEngine.LogOption,string,UnityEngine.Object)
UnityEngine.DebugLogHandler:LogFormat (UnityEngine.LogType,UnityEngine.Object,string,object[])
UnityEngine.Logger:Log (UnityEngine.LogType,object)
UnityEngine.Debug:Log (object)
ChooGuard.Foundation.Multiplayer.Tests.WorldMotionAdapterTests:BothProfilesTraverseAllThirteenRegionsAndAllTwentyFourPortalDirections (string,bool,double) (at ./Packages/com.xrlab.chooguard.foundation/Multiplayer/Tests/Editor/WorldMotionAdapterTests.cs:109)
System.Reflection.RuntimeMethodInfo:Invoke (object,System.Reflection.BindingFlags,System.Reflection.Binder,object[],System.Globalization.CultureInfo)
System.Reflection.MethodBase:Invoke (object,object[])
NUnit.Framework.Internal.Reflect:InvokeMethod (System.Reflection.MethodInfo,object,object[])
NUnit.Framework.Internal.MethodWrapper:Invoke (object,object[])
NUnit.Framework.Internal.Commands.TestMethodCommand:RunNonAsyncTestMethod (NUnit.Framework.Internal.ITestExecutionContext)
NUnit.Framework.Internal.Commands.TestMethodCommand:RunTestMethod (NUnit.Framework.Internal.ITestExecutionContext)
NUnit.Framework.Internal.Commands.TestMethodCommand:Execute (NUnit.Framework.Internal.ITestExecutionContext)
UnityEngine.TestTools.UnityTestMethodCommand:Execute (NUnit.Framework.Internal.ITestExecutionContext) (at ./Library/PackageCache/com.unity.test-framework@bd7f943e9647/UnityEngine.TestRunner/NUnitExtensions/Commands/UnityTestMethodCommand.cs:19)
UnityEngine.TestRunner.NUnitExtensions.Runner.UnityLogCheckDelegatingCommand/<>c__DisplayClass2_0:<Execute>b__0 () (at ./Library/PackageCache/com.unity.test-framework@bd7f943e9647/UnityEngine.TestRunner/NUnitExtensions/Runner/UnityLogCheckDelegatingCommand.cs:24)
UnityEngine.TestRunner.NUnitExtensions.Runner.UnityLogCheckDelegatingCommand:CaptureException (NUnit.Framework.Internal.TestResult,System.Action) (at ./Library/PackageCache/com.unity.test-framework@bd7f943e9647/UnityEngine.TestRunner/NUnitExtensions/Runner/UnityLogCheckDelegatingCommand.cs:72)
UnityEngine.TestRunner.NUnitExtensions.Runner.UnityLogCheckDelegatingCommand:ExecuteAndCheckLog (UnityEngine.TestTools.Logging.LogScope,NUnit.Framework.Internal.TestResult,System.Action) (at ./Library/PackageCache/com.unity.test-framework@bd7f943e9647/UnityEngine.TestRunner/NUnitExtensions/Runner/UnityLogCheckDelegatingCommand.cs:83)
UnityEngine.TestRunner.NUnitExtensions.Runner.UnityLogCheckDelegatingCommand:Execute (NUnit.Framework.Internal.ITestExecutionContext) (at ./Library/PackageCache/com.unity.test-framework@bd7f943e9647/UnityEngine.TestRunner/NUnitExtensions/Runner/UnityLogCheckDelegatingCommand.cs:24)
UnityEngine.TestRunner.NUnitExtensions.Runner.UnityLogCheckDelegatingCommand/<ExecuteEnumerable>d__3:MoveNext () (at ./Library/PackageCache/com.unity.test-framework@bd7f943e9647/UnityEngine.TestRunner/NUnitExtensions/Runner/UnityLogCheckDelegatingCommand.cs:35)
UnityEngine.TestTools.BeforeAfterTestCommandBase`1/<ExecuteEnumerable>d__16<NUnit.Framework.ITestAction>:MoveNext () (at ./Library/PackageCache/com.unity.test-framework@bd7f943e9647/UnityEngine.TestRunner/NUnitExtensions/Commands/BeforeAfterTestCommandBase.cs:212)
UnityEngine.TestTools.ImmediateEnumerableCommand:Execute (NUnit.Framework.Internal.ITestExecutionContext) (at ./Library/PackageCache/com.unity.test-framework@bd7f943e9647/UnityEngine.TestRunner/NUnitExtensions/Commands/ImmediateEnumerableCommand.cs:18)
UnityEngine.TestTools.BeforeAfterTestCommandBase`1/<ExecuteEnumerable>d__16<System.Reflection.MethodInfo>:MoveNext () (at ./Library/PackageCache/com.unity.test-framework@bd7f943e9647/UnityEngine.TestRunner/NUnitExtensions/Commands/BeforeAfterTestCommandBase.cs:219)
UnityEngine.TestTools.BeforeAfterTestCommandBase`1/<ExecuteEnumerable>d__16<System.Reflection.MethodInfo>:MoveNext () (at ./Library/PackageCache/com.unity.test-framework@bd7f943e9647/UnityEngine.TestRunner/NUnitExtensions/Commands/BeforeAfterTestCommandBase.cs:212)
UnityEngine.TestTools.BeforeAfterTestCommandBase`1/<ExecuteEnumerable>d__16<UnityEngine.TestTools.IOuterUnityTestAction>:MoveNext () (at ./Library/PackageCache/com.unity.test-framework@bd7f943e9647/UnityEngine.TestRunner/NUnitExtensions/Commands/BeforeAfterTestCommandBase.cs:212)
UnityEngine.TestTools.RetryCommand/<ExecuteEnumerable>d__2:MoveNext () (at ./Library/PackageCache/com.unity.test-framework@bd7f943e9647/UnityEngine.TestRunner/NUnitExtensions/Commands/RetryCommand.cs:37)
UnityEngine.TestTools.RepeatCommand/<ExecuteEnumerable>d__2:MoveNext () (at ./Library/PackageCache/com.unity.test-framework@bd7f943e9647/UnityEngine.TestRunner/NUnitExtensions/Commands/RepeatCommand.cs:36)
UnityEngine.TestTools.IgnoreTestCommand/<ExecuteEnumerable>d__3:MoveNext () (at ./Library/PackageCache/com.unity.test-framework@bd7f943e9647/UnityEngine.TestRunner/NUnitExtensions/Commands/IgnoreTestCommand.cs:42)
UnityEngine.TestTools.StrictCheckCommand/<ExecuteEnumerable>d__2:MoveNext () (at ./Library/PackageCache/com.unity.test-framework@bd7f943e9647/UnityEngine.TestRunner/NUnitExtensions/Commands/StrictCheckCommand.cs:29)
UnityEngine.TestRunner.NUnitExtensions.Runner.DefaultTestWorkItem/<PerformWork>d__2:MoveNext () (at ./Library/PackageCache/com.unity.test-framework@bd7f943e9647/UnityEngine.TestRunner/NUnitExtensions/Runner/DefaultTestWorkItem.cs:50)
UnityEngine.TestRunner.NUnitExtensions.Runner.CompositeWorkItem/<RunChildren>d__17:MoveNext () (at ./Library/PackageCache/com.unity.test-framework@bd7f943e9647/UnityEngine.TestRunner/NUnitExtensions/Runner/CompositeWorkItem.cs:207)
UnityEngine.TestRunner.NUnitExtensions.Runner.CompositeWorkItem/<PerformWork>d__13:MoveNext () (at ./Library/PackageCache/com.unity.test-framework@bd7f943e9647/UnityEngine.TestRunner/NUnitExtensions/Runner/CompositeWorkItem.cs:82)
UnityEngine.TestRunner.NUnitExtensions.Runner.CompositeWorkItem/<RunChildren>d__17:MoveNext () (at ./Library/PackageCache/com.unity.test-framework@bd7f943e9647/UnityEngine.TestRunner/NUnitExtensions/Runner/CompositeWorkItem.cs:207)
UnityEngine.TestRunner.NUnitExtensions.Runner.CompositeWorkItem/<PerformWork>d__13:MoveNext () (at ./Library/PackageCache/com.unity.test-framework@bd7f943e9647/UnityEngine.TestRunner/NUnitExtensions/Runner/CompositeWorkItem.cs:82)
UnityEngine.TestRunner.NUnitExtensions.Runner.CompositeWorkItem/<RunChildren>d__17:MoveNext () (at ./Library/PackageCache/com.unity.test-framework@bd7f943e9647/UnityEngine.TestRunner/NUnitExtensions/Runner/CompositeWorkItem.cs:207)
UnityEngine.TestRunner.NUnitExtensions.Runner.CompositeWorkItem/<PerformWork>d__13:MoveNext () (at ./Library/PackageCache/com.unity.test-framework@bd7f943e9647/UnityEngine.TestRunner/NUnitExtensions/Runner/CompositeWorkItem.cs:82)
UnityEngine.TestRunner.NUnitExtensions.Runner.CompositeWorkItem/<RunChildren>d__17:MoveNext () (at ./Library/PackageCache/com.unity.test-framework@bd7f943e9647/UnityEngine.TestRunner/NUnitExtensions/Runner/CompositeWorkItem.cs:207)
UnityEngine.TestRunner.NUnitExtensions.Runner.CompositeWorkItem/<PerformWork>d__13:MoveNext () (at ./Library/PackageCache/com.unity.test-framework@bd7f943e9647/UnityEngine.TestRunner/NUnitExtensions/Runner/CompositeWorkItem.cs:82)
UnityEngine.TestRunner.NUnitExtensions.Runner.CompositeWorkItem/<RunChildren>d__17:MoveNext () (at ./Library/PackageCache/com.unity.test-framework@bd7f943e9647/UnityEngine.TestRunner/NUnitExtensions/Runner/CompositeWorkItem.cs:207)
UnityEngine.TestRunner.NUnitExtensions.Runner.CompositeWorkItem/<PerformWork>d__13:MoveNext () (at ./Library/PackageCache/com.unity.test-framework@bd7f943e9647/UnityEngine.TestRunner/NUnitExtensions/Runner/CompositeWorkItem.cs:82)
UnityEngine.TestRunner.NUnitExtensions.Runner.CompositeWorkItem/<RunChildren>d__17:MoveNext () (at ./Library/PackageCache/com.unity.test-framework@bd7f943e9647/UnityEngine.TestRunner/NUnitExtensions/Runner/CompositeWorkItem.cs:207)
UnityEngine.TestRunner.NUnitExtensions.Runner.CompositeWorkItem/<PerformWork>d__13:MoveNext () (at ./Library/PackageCache/com.unity.test-framework@bd7f943e9647/UnityEngine.TestRunner/NUnitExtensions/Runner/CompositeWorkItem.cs:82)
UnityEngine.TestRunner.NUnitExtensions.Runner.CompositeWorkItem/<RunChildren>d__17:MoveNext () (at ./Library/PackageCache/com.unity.test-framework@bd7f943e9647/UnityEngine.TestRunner/NUnitExtensions/Runner/CompositeWorkItem.cs:207)
UnityEngine.TestRunner.NUnitExtensions.Runner.CompositeWorkItem/<PerformWork>d__13:MoveNext () (at ./Library/PackageCache/com.unity.test-framework@bd7f943e9647/UnityEngine.TestRunner/NUnitExtensions/Runner/CompositeWorkItem.cs:82)
UnityEngine.TestRunner.NUnitExtensions.Runner.CompositeWorkItem/<RunChildren>d__17:MoveNext () (at ./Library/PackageCache/com.unity.test-framework@bd7f943e9647/UnityEngine.TestRunner/NUnitExtensions/Runner/CompositeWorkItem.cs:207)
UnityEngine.TestRunner.NUnitExtensions.Runner.CompositeWorkItem/<PerformWork>d__13:MoveNext () (at ./Library/PackageCache/com.unity.test-framework@bd7f943e9647/UnityEngine.TestRunner/NUnitExtensions/Runner/CompositeWorkItem.cs:82)
UnityEditor.TestTools.TestRunner.EditModeRunner:MoveNextAndUpdateYieldObject () (at ./Library/PackageCache/com.unity.test-framework@bd7f943e9647/UnityEditor.TestRunner/TestRunner/EditModeRunner.cs:167)
UnityEditor.TestTools.TestRunner.EditModeRunner:TestConsumer (UnityEditor.TestTools.TestRunner.TestRunnerStateSerializer) (at ./Library/PackageCache/com.unity.test-framework@bd7f943e9647/UnityEditor.TestRunner/TestRunner/EditModeRunner.cs:200)
UnityEditor.TestTools.TestRunner.TestRun.Tasks.EditModeRunTask/<Execute>d__1:MoveNext () (at ./Library/PackageCache/com.unity.test-framework@bd7f943e9647/UnityEditor.TestRunner/TestRun/Tasks/EditModeRunTask.cs:48)
UnityEditor.TestTools.TestRunner.TestRun.TestJobRunner:ExecuteStep () (at ./Library/PackageCache/com.unity.test-framework@bd7f943e9647/UnityEditor.TestRunner/TestRun/TestJobRunner.cs:173)
UnityEditor.TestTools.TestRunner.TestRun.TestJobRunner:ExecuteCallback () (at ./Library/PackageCache/com.unity.test-framework@bd7f943e9647/UnityEditor.TestRunner/TestRun/TestJobRunner.cs:108)
UnityEditor.EditorApplication:Internal_CallUpdateFunctions () (at /Users/bokken/build/output/unity/unity/Editor/Mono/EditorApplication.cs:392)

(Filename: ./Packages/com.xrlab.chooguard.foundation/Multiplayer/Tests/Editor/WorldMotionAdapterTests.cs Line: 109)

[Worker1] (ScriptedImporter)
[Worker0] Start importing Assets/CHOOguardGenerated/WorldMotionTest_e496a335cb304df88315f5f596248d5c/Geometry/rail_terminal_public--underground_connector--1.asset using Guid(e9ee973cde9cd4ba0bcee3544413b8bb) Importer(2089858483,b0f066a214c2f5e87bad3c948f4d605d) 
[Worker0] (ScriptedImporter)
[Worker0]  -> (artifact id: '78d7d10e2d9df59b67a360659038f5c4') in 0.00285525 seconds
[Worker1]  -> (artifact id: 'b454d85e711f4a70e8a86ca9d1740603') in 0.006295791 seconds
[Worker1] Start importing Assets/CHOOguardGenerated/WorldMotionTest_e496a335cb304df88315f5f596248d5c/Geometry/rail_tracks_mainline--rail_platforms_mainline--1.asset using Guid(4e8f732590e72461ea0ec5bcdc0ad1bd) Importer(2089858483,b0f066a214c2f5e87bad3c948f4d605d) 
[Worker1] (ScriptedImporter)
[Worker0] Start importing Assets/CHOOguardGenerated/WorldMotionTest_e496a335cb304df88315f5f596248d5c/Geometry/forecourt_eurasia--underground_connector-1.asset using Guid(7f003b4c2624549a7bbb03898e038fab) Importer(2089858483,b0f066a214c2f5e87bad3c948f4d605d) 
[Worker0] (ScriptedImporter)
[Worker1]  -> (artifact id: '9e16c93c99740667cbe238ccfe425c42') in 0.002198458 seconds
[Worker0]  -> (artifact id: 'c83f821395e1fdee6cdf45b48f6a5764') in 0.001940375 seconds
[Worker1] Start importing Assets/CHOOguardGenerated/WorldMotionTest_e496a335cb304df88315f5f596248d5c/cg_region_rolling_stock_mainline.unity using Guid(85b246a6d0e074d599d4953213a2181f) Importer(2089858483,b0f066a214c2f5e87bad3c948f4d605d) 
[Worker1] (ScriptedImporter)
[Worker0] Start importing Assets/CHOOguardGenerated/WorldMotionTest_e496a335cb304df88315f5f596248d5c/Geometry/metro_concourse--metro_platforms--1.asset using Guid(a78a6f16ec264413c8b0bcf64fd7701b) Importer(2089858483,b0f066a214c2f5e87bad3c948f4d605d) 
[Worker0] (ScriptedImporter)
[Worker0]  -> (artifact id: '4a13d4e89dd2bb1287ce23d51ef3be96') in 0.003127333 seconds
[Worker1]  -> (artifact id: '3b2e31034a157fe58061551f4d247e1a') in 0.006855542 seconds
[Worker1] Start importing Assets/CHOOguardGenerated/WorldMotionTest_e496a335cb304df88315f5f596248d5c/cg_region_rail_terminal_public.unity using Guid(43a959a25034c45229b65fcbe9a554d4) Importer(2089858483,b0f066a214c2f5e87bad3c948f4d605d) 
[Worker0] Start importing Assets/CHOOguardGenerated/WorldMotionTest_e496a335cb304df88315f5f596248d5c/Geometry/rolling_stock_mainline--rail_platforms_mainline--1.asset using Guid(4ea841a959ea949e986424a75989c686) Importer(2089858483,b0f066a214c2f5e87bad3c948f4d605d) 
[Worker1] (ScriptedImporter)
[Worker0] (ScriptedImporter)
[Worker1]  -> (artifact id: 'f85c6f28fd6115b6957e9612ef5c4d3d') in 0.003949667 seconds
[Worker1] Start importing Assets/CHOOguardGenerated/WorldMotionTest_e496a335cb304df88315f5f596248d5c/cg_region_station_ticket_area.unity using Guid(8b91228549ff140f5a25ed4526dc8ef0) Importer(2089858483,b0f066a214c2f5e87bad3c948f4d605d) 
[Worker0]  -> (artifact id: '34c49d8939397aabbf7d9e933b151377') in 0.005026041 seconds
[Worker1] (ScriptedImporter)
[Worker0] Start importing Assets/CHOOguardGenerated/WorldMotionTest_e496a335cb304df88315f5f596248d5c/cg_region_station_hall_1f.unity using Guid(1c15e127040234fba9d3992df53b284e) Importer(2089858483,b0f066a214c2f5e87bad3c948f4d605d) 
[Worker0] (ScriptedImporter)
[Worker0]  -> (artifact id: '2a48ce1e1a00ac39528adde8a5d681eb') in 0.004083625 seconds
[Worker1]  -> (artifact id: 'bf513628b4b842d530bac1c325d38add') in 0.005283209 seconds
[Worker0] Start importing Assets/CHOOguardGenerated/WorldMotionTest_e496a335cb304df88315f5f596248d5c/cg_region_forecourt_eurasia.unity using Guid(ef5066ccab32640be957d53fbb368e51) Importer(2089858483,b0f066a214c2f5e87bad3c948f4d605d) 
[Worker0] (ScriptedImporter)
[Worker1] Start importing Assets/CHOOguardGenerated/WorldMotionTest_e496a335cb304df88315f5f596248d5c/cg_region_rail_tracks_mainline.unity using Guid(c8dece5cd6e414dd49cc5607cf444b97) Importer(2089858483,b0f066a214c2f5e87bad3c948f4d605d) 
[Worker1] (ScriptedImporter)
[Worker0]  -> (artifact id: 'de58daf8c7607c9df5a9eabe41947413') in 0.005277833 seconds
[Worker0] Start importing Assets/CHOOguardGenerated/WorldMotionTest_e496a335cb304df88315f5f596248d5c/Geometry/underground_shopping_passage--metro_concourse-1.asset using Guid(7836d799d172e4bcca6c78700ba73664) Importer(2089858483,b0f066a214c2f5e87bad3c948f4d605d) 
[Worker0] (ScriptedImporter)
[Worker1]  -> (artifact id: '4b43418678e9aab25e6629c86f9add57') in 0.0061285 seconds
[Worker1] Start importing Assets/CHOOguardGenerated/WorldMotionTest_e496a335cb304df88315f5f596248d5c/Geometry/underground_shopping_passage--metro_concourse--1.asset using Guid(96b8139381f8b48fa9b61cfc759998c8) Importer(2089858483,b0f066a214c2f5e87bad3c948f4d605d) 
[Worker0]  -> (artifact id: 'f268e3914f37703c623634be20b99bbd') in 0.002374792 seconds
[Worker1] (ScriptedImporter)
[Worker0] Start importing Assets/CHOOguardGenerated/WorldMotionTest_e496a335cb304df88315f5f596248d5c/ConnectedWorld.unity using Guid(35d0eec2211134e72be342a8c0ddee90) Importer(2089858483,b0f066a214c2f5e87bad3c948f4d605d) 
[Worker0] (ScriptedImporter)
[Worker0]  -> (artifact id: 'e385752cd7ea70ff2aa2bb395e17aa8d') in 0.001859875 seconds
[Worker1]  -> (artifact id: 'f41d822e33a75ac9eaed3ebbf1f7d656') in 0.003452667 seconds
[Worker0] Start importing Assets/CHOOguardGenerated/WorldMotionTest_e496a335cb304df88315f5f596248d5c using Guid(270f31b487a224e73a8d2a0c44cef72b) Importer(2089858483,b0f066a214c2f5e87bad3c948f4d605d) 
[Worker1] Start importing Assets/CHOOguardGenerated/WorldMotionTest_e496a335cb304df88315f5f596248d5c/cg_region_rolling_stock_metro.unity using Guid(50f43d628ba8241858cd612a59276c7b) Importer(2089858483,b0f066a214c2f5e87bad3c948f4d605d) 
[Worker0] (ScriptedImporter)
[Worker1] (ScriptedImporter)
[Worker0]  -> (artifact id: '9833720aaa4c13a347c41de42f8a89e6') in 0.0018155 seconds
[Worker0] Start importing Assets/CHOOguardGenerated/WorldMotionTest_e496a335cb304df88315f5f596248d5c/Geometry/station_ticket_area--rail_terminal_public--1.asset using Guid(bed786637af8b4e4f8075e17f17a2ebe) Importer(2089858483,b0f066a214c2f5e87bad3c948f4d605d) 
[Worker0] (ScriptedImporter)
[Worker0]  -> (artifact id: '25be8705fff0a62acc53575d8c49f22f') in 0.001909875 seconds
[Worker1]  -> (artifact id: 'b337df2fb9ec4ddac9e648ace60bfce4') in 0.006587958 seconds
[Worker0] Start importing Assets/CHOOguardGenerated/WorldMotionTest_e496a335cb304df88315f5f596248d5c/cg_region_metro_concourse.unity using Guid(9007966c6d547453e8451a076e5acbf8) Importer(2089858483,b0f066a214c2f5e87bad3c948f4d605d) 
[Worker0] (ScriptedImporter)
[Worker1] Start importing Assets/CHOOguardGenerated/WorldMotionTest_e496a335cb304df88315f5f596248d5c/cg_region_underground_connector.unity using Guid(c84f136e0fc0841e19e95ea93af85b84) Importer(2089858483,b0f066a214c2f5e87bad3c948f4d605d) 
[Worker1] (ScriptedImporter)
[Worker0]  -> (artifact id: '8ed6665a190c77ba4d6a0ac4347974bc') in 0.00476375 seconds
[Worker0] Start importing Assets/CHOOguardGenerated/WorldMotionTest_e496a335cb304df88315f5f596248d5c/cg_region_station_concourse_2f.unity using Guid(9ea603a1636874c1f8fc664db92a34a5) Importer(2089858483,b0f066a214c2f5e87bad3c948f4d605d) 
[Worker0] (ScriptedImporter)
[Worker1]  -> (artifact id: 'daa163ce5bc2655e79a14c6940e48e8a') in 0.006015667 seconds
[Worker1] Start importing Assets/CHOOguardGenerated/WorldMotionTest_e496a335cb304df88315f5f596248d5c/cg_region_underground_shopping_passage.unity using Guid(c1da0d6b831b74d4b9b8569aaa2f0565) Importer(2089858483,b0f066a214c2f5e87bad3c948f4d605d) 
[Worker1] (ScriptedImporter)
[Worker0]  -> (artifact id: '3bc29676c83590f3a6f48cc9f009ca08') in 0.004306875 seconds
[Worker0] Start importing Assets/CHOOguardGenerated/WorldMotionTest_e496a335cb304df88315f5f596248d5c/Geometry/underground_connector--underground_shopping_passage-1.asset using Guid(8ce83cc55d9a242d9b29196d2489a2da) Importer(2089858483,b0f066a214c2f5e87bad3c948f4d605d) 
[Worker0] (ScriptedImporter)
[Worker1]  -> (artifact id: '04dc5773e220e1cdc0c4736f6caa996d') in 0.003485459 seconds
[Worker1] Start importing Assets/CHOOguardGenerated/WorldMotionTest_e496a335cb304df88315f5f596248d5c/Geometry/metro_concourse--metro_platforms-1.asset using Guid(3a8acbe75ec484ef9b6b23d3caf8526b) Importer(2089858483,b0f066a214c2f5e87bad3c948f4d605d) 
[Worker1] (ScriptedImporter)
[Worker0]  -> (artifact id: '6e48f29b4a0899ad8c5c12c55d8e0540') in 0.002910333 seconds
[Worker0] Start importing Assets/CHOOguardGenerated/WorldMotionTest_e496a335cb304df88315f5f596248d5c/Geometry/rolling_stock_mainline--rail_platforms_mainline-1.asset using Guid(3e68e1edb93334584922a99ba97a1cca) Importer(2089858483,b0f066a214c2f5e87bad3c948f4d605d) 
[Worker0] (ScriptedImporter)
[Worker1]  -> (artifact id: '8b26c8a769b760e84a72328a4dae12e9') in 0.002599833 seconds
[Worker0]  -> (artifact id: 'ac1ea38e143177160623590bce44299d') in 0.002102834 seconds
[Worker1] Start importing Assets/CHOOguardGenerated/WorldMotionTest_e496a335cb304df88315f5f596248d5c/Geometry/rolling_stock_metro--metro_platforms--1.asset using Guid(9b3a6cd28e72c4f84b8d3d7e71a5436c) Importer(2089858483,b0f066a214c2f5e87bad3c948f4d605d) 
[Worker1] (ScriptedImporter)
[Worker1]  -> (artifact id: '15d0b8b39682ed6b72ec874bd6504ec9') in 0.002416667 seconds
World motion traversal 0.3 rail_terminal_public -> station_concourse_2f steps=280 seconds=0.5332466
UnityEngine.Debug:ExtractStackTraceNoAlloc (byte*,int,string)
UnityEngine.StackTraceUtility:ExtractStackTrace () (at /Users/bokken/build/output/unity/unity/Runtime/Export/Scripting/StackTrace.cs:35)
UnityEngine.DebugLogHandler:Internal_Log (UnityEngine.LogType,UnityEngine.LogOption,string,UnityEngine.Object)
UnityEngine.DebugLogHandler:LogFormat (UnityEngine.LogType,UnityEngine.Object,string,object[])
UnityEngine.Logger:Log (UnityEngine.LogType,object)
UnityEngine.Debug:Log (object)
ChooGuard.Foundation.Multiplayer.Tests.WorldMotionAdapterTests:BothProfilesTraverseAllThirteenRegionsAndAllTwentyFourPortalDirections (string,bool,double) (at ./Packages/com.xrlab.chooguard.foundation/Multiplayer/Tests/Editor/WorldMotionAdapterTests.cs:109)
System.Reflection.RuntimeMethodInfo:Invoke (object,System.Reflection.BindingFlags,System.Reflection.Binder,object[],System.Globalization.CultureInfo)
System.Reflection.MethodBase:Invoke (object,object[])
NUnit.Framework.Internal.Reflect:InvokeMethod (System.Reflection.MethodInfo,object,object[])
NUnit.Framework.Internal.MethodWrapper:Invoke (object,object[])
NUnit.Framework.Internal.Commands.TestMethodCommand:RunNonAsyncTestMethod (NUnit.Framework.Internal.ITestExecutionContext)
NUnit.Framework.Internal.Commands.TestMethodCommand:RunTestMethod (NUnit.Framework.Internal.ITestExecutionContext)
NUnit.Framework.Internal.Commands.TestMethodCommand:Execute (NUnit.Framework.Internal.ITestExecutionContext)
UnityEngine.TestTools.UnityTestMethodCommand:Execute (NUnit.Framework.Internal.ITestExecutionContext) (at ./Library/PackageCache/com.unity.test-framework@bd7f943e9647/UnityEngine.TestRunner/NUnitExtensions/Commands/UnityTestMethodCommand.cs:19)
UnityEngine.TestRunner.NUnitExtensions.Runner.UnityLogCheckDelegatingCommand/<>c__DisplayClass2_0:<Execute>b__0 () (at ./Library/PackageCache/com.unity.test-framework@bd7f943e9647/UnityEngine.TestRunner/NUnitExtensions/Runner/UnityLogCheckDelegatingCommand.cs:24)
UnityEngine.TestRunner.NUnitExtensions.Runner.UnityLogCheckDelegatingCommand:CaptureException (NUnit.Framework.Internal.TestResult,System.Action) (at ./Library/PackageCache/com.unity.test-framework@bd7f943e9647/UnityEngine.TestRunner/NUnitExtensions/Runner/UnityLogCheckDelegatingCommand.cs:72)
UnityEngine.TestRunner.NUnitExtensions.Runner.UnityLogCheckDelegatingCommand:ExecuteAndCheckLog (UnityEngine.TestTools.Logging.LogScope,NUnit.Framework.Internal.TestResult,System.Action) (at ./Library/PackageCache/com.unity.test-framework@bd7f943e9647/UnityEngine.TestRunner/NUnitExtensions/Runner/UnityLogCheckDelegatingCommand.cs:83)
UnityEngine.TestRunner.NUnitExtensions.Runner.UnityLogCheckDelegatingCommand:Execute (NUnit.Framework.Internal.ITestExecutionContext) (at ./Library/PackageCache/com.unity.test-framework@bd7f943e9647/UnityEngine.TestRunner/NUnitExtensions/Runner/UnityLogCheckDelegatingCommand.cs:24)
UnityEngine.TestRunner.NUnitExtensions.Runner.UnityLogCheckDelegatingCommand/<ExecuteEnumerable>d__3:MoveNext () (at ./Library/PackageCache/com.unity.test-framework@bd7f943e9647/UnityEngine.TestRunner/NUnitExtensions/Runner/UnityLogCheckDelegatingCommand.cs:35)
UnityEngine.TestTools.BeforeAfterTestCommandBase`1/<ExecuteEnumerable>d__16<NUnit.Framework.ITestAction>:MoveNext () (at ./Library/PackageCache/com.unity.test-framework@bd7f943e9647/UnityEngine.TestRunner/NUnitExtensions/Commands/BeforeAfterTestCommandBase.cs:212)
UnityEngine.TestTools.ImmediateEnumerableCommand:Execute (NUnit.Framework.Internal.ITestExecutionContext) (at ./Library/PackageCache/com.unity.test-framework@bd7f943e9647/UnityEngine.TestRunner/NUnitExtensions/Commands/ImmediateEnumerableCommand.cs:18)
UnityEngine.TestTools.BeforeAfterTestCommandBase`1/<ExecuteEnumerable>d__16<System.Reflection.MethodInfo>:MoveNext () (at ./Library/PackageCache/com.unity.test-framework@bd7f943e9647/UnityEngine.TestRunner/NUnitExtensions/Commands/BeforeAfterTestCommandBase.cs:219)
UnityEngine.TestTools.BeforeAfterTestCommandBase`1/<ExecuteEnumerable>d__16<System.Reflection.MethodInfo>:MoveNext () (at ./Library/PackageCache/com.unity.test-framework@bd7f943e9647/UnityEngine.TestRunner/NUnitExtensions/Commands/BeforeAfterTestCommandBase.cs:212)
UnityEngine.TestTools.BeforeAfterTestCommandBase`1/<ExecuteEnumerable>d__16<UnityEngine.TestTools.IOuterUnityTestAction>:MoveNext () (at ./Library/PackageCache/com.unity.test-framework@bd7f943e9647/UnityEngine.TestRunner/NUnitExtensions/Commands/BeforeAfterTestCommandBase.cs:212)
UnityEngine.TestTools.RetryCommand/<ExecuteEnumerable>d__2:MoveNext () (at ./Library/PackageCache/com.unity.test-framework@bd7f943e9647/UnityEngine.TestRunner/NUnitExtensions/Commands/RetryCommand.cs:37)
UnityEngine.TestTools.RepeatCommand/<ExecuteEnumerable>d__2:MoveNext () (at ./Library/PackageCache/com.unity.test-framework@bd7f943e9647/UnityEngine.TestRunner/NUnitExtensions/Commands/RepeatCommand.cs:36)
UnityEngine.TestTools.IgnoreTestCommand/<ExecuteEnumerable>d__3:MoveNext () (at ./Library/PackageCache/com.unity.test-framework@bd7f943e9647/UnityEngine.TestRunner/NUnitExtensions/Commands/IgnoreTestCommand.cs:42)
UnityEngine.TestTools.StrictCheckCommand/<ExecuteEnumerable>d__2:MoveNext () (at ./Library/PackageCache/com.unity.test-framework@bd7f943e9647/UnityEngine.TestRunner/NUnitExtensions/Commands/StrictCheckCommand.cs:29)
UnityEngine.TestRunner.NUnitExtensions.Runner.DefaultTestWorkItem/<PerformWork>d__2:MoveNext () (at ./Library/PackageCache/com.unity.test-framework@bd7f943e9647/UnityEngine.TestRunner/NUnitExtensions/Runner/DefaultTestWorkItem.cs:50)
UnityEngine.TestRunner.NUnitExtensions.Runner.CompositeWorkItem/<RunChildren>d__17:MoveNext () (at ./Library/PackageCache/com.unity.test-framework@bd7f943e9647/UnityEngine.TestRunner/NUnitExtensions/Runner/CompositeWorkItem.cs:207)
UnityEngine.TestRunner.NUnitExtensions.Runner.CompositeWorkItem/<PerformWork>d__13:MoveNext () (at ./Library/PackageCache/com.unity.test-framework@bd7f943e9647/UnityEngine.TestRunner/NUnitExtensions/Runner/CompositeWorkItem.cs:82)
UnityEngine.TestRunner.NUnitExtensions.Runner.CompositeWorkItem/<RunChildren>d__17:MoveNext () (at ./Library/PackageCache/com.unity.test-framework@bd7f943e9647/UnityEngine.TestRunner/NUnitExtensions/Runner/CompositeWorkItem.cs:207)
UnityEngine.TestRunner.NUnitExtensions.Runner.CompositeWorkItem/<PerformWork>d__13:MoveNext () (at ./Library/PackageCache/com.unity.test-framework@bd7f943e9647/UnityEngine.TestRunner/NUnitExtensions/Runner/CompositeWorkItem.cs:82)
UnityEngine.TestRunner.NUnitExtensions.Runner.CompositeWorkItem/<RunChildren>d__17:MoveNext () (at ./Library/PackageCache/com.unity.test-framework@bd7f943e9647/UnityEngine.TestRunner/NUnitExtensions/Runner/CompositeWorkItem.cs:207)
UnityEngine.TestRunner.NUnitExtensions.Runner.CompositeWorkItem/<PerformWork>d__13:MoveNext () (at ./Library/PackageCache/com.unity.test-framework@bd7f943e9647/UnityEngine.TestRunner/NUnitExtensions/Runner/CompositeWorkItem.cs:82)
UnityEngine.TestRunner.NUnitExtensions.Runner.CompositeWorkItem/<RunChildren>d__17:MoveNext () (at ./Library/PackageCache/com.unity.test-framework@bd7f943e9647/UnityEngine.TestRunner/NUnitExtensions/Runner/CompositeWorkItem.cs:207)
UnityEngine.TestRunner.NUnitExtensions.Runner.CompositeWorkItem/<PerformWork>d__13:MoveNext () (at ./Library/PackageCache/com.unity.test-framework@bd7f943e9647/UnityEngine.TestRunner/NUnitExtensions/Runner/CompositeWorkItem.cs:82)
UnityEngine.TestRunner.NUnitExtensions.Runner.CompositeWorkItem/<RunChildren>d__17:MoveNext () (at ./Library/PackageCache/com.unity.test-framework@bd7f943e9647/UnityEngine.TestRunner/NUnitExtensions/Runner/CompositeWorkItem.cs:207)
UnityEngine.TestRunner.NUnitExtensions.Runner.CompositeWorkItem/<PerformWork>d__13:MoveNext () (at ./Library/PackageCache/com.unity.test-framework@bd7f943e9647/UnityEngine.TestRunner/NUnitExtensions/Runner/CompositeWorkItem.cs:82)
UnityEngine.TestRunner.NUnitExtensions.Runner.CompositeWorkItem/<RunChildren>d__17:MoveNext () (at ./Library/PackageCache/com.unity.test-framework@bd7f943e9647/UnityEngine.TestRunner/NUnitExtensions/Runner/CompositeWorkItem.cs:207)
UnityEngine.TestRunner.NUnitExtensions.Runner.CompositeWorkItem/<PerformWork>d__13:MoveNext () (at ./Library/PackageCache/com.unity.test-framework@bd7f943e9647/UnityEngine.TestRunner/NUnitExtensions/Runner/CompositeWorkItem.cs:82)
UnityEngine.TestRunner.NUnitExtensions.Runner.CompositeWorkItem/<RunChildren>d__17:MoveNext () (at ./Library/PackageCache/com.unity.test-framework@bd7f943e9647/UnityEngine.TestRunner/NUnitExtensions/Runner/CompositeWorkItem.cs:207)
UnityEngine.TestRunner.NUnitExtensions.Runner.CompositeWorkItem/<PerformWork>d__13:MoveNext () (at ./Library/PackageCache/com.unity.test-framework@bd7f943e9647/UnityEngine.TestRunner/NUnitExtensions/Runner/CompositeWorkItem.cs:82)
UnityEngine.TestRunner.NUnitExtensions.Runner.CompositeWorkItem/<RunChildren>d__17:MoveNext () (at ./Library/PackageCache/com.unity.test-framework@bd7f943e9647/UnityEngine.TestRunner/NUnitExtensions/Runner/CompositeWorkItem.cs:207)
UnityEngine.TestRunner.NUnitExtensions.Runner.CompositeWorkItem/<PerformWork>d__13:MoveNext () (at ./Library/PackageCache/com.unity.test-framework@bd7f943e9647/UnityEngine.TestRunner/NUnitExtensions/Runner/CompositeWorkItem.cs:82)
UnityEditor.TestTools.TestRunner.EditModeRunner:MoveNextAndUpdateYieldObject () (at ./Library/PackageCache/com.unity.test-framework@bd7f943e9647/UnityEditor.TestRunner/TestRunner/EditModeRunner.cs:167)
UnityEditor.TestTools.TestRunner.EditModeRunner:TestConsumer (UnityEditor.TestTools.TestRunner.TestRunnerStateSerializer) (at ./Library/PackageCache/com.unity.test-framework@bd7f943e9647/UnityEditor.TestRunner/TestRunner/EditModeRunner.cs:200)
UnityEditor.TestTools.TestRunner.TestRun.Tasks.EditModeRunTask/<Execute>d__1:MoveNext () (at ./Library/PackageCache/com.unity.test-framework@bd7f943e9647/UnityEditor.TestRunner/TestRun/Tasks/EditModeRunTask.cs:48)
UnityEditor.TestTools.TestRunner.TestRun.TestJobRunner:ExecuteStep () (at ./Library/PackageCache/com.unity.test-framework@bd7f943e9647/UnityEditor.TestRunner/TestRun/TestJobRunner.cs:173)
UnityEditor.TestTools.TestRunner.TestRun.TestJobRunner:ExecuteCallback () (at ./Library/PackageCache/com.unity.test-framework@bd7f943e9647/UnityEditor.TestRunner/TestRun/TestJobRunner.cs:108)
UnityEditor.EditorApplication:Internal_CallUpdateFunctions () (at /Users/bokken/build/output/unity/unity/Editor/Mono/EditorApplication.cs:392)

(Filename: ./Packages/com.xrlab.chooguard.foundation/Multiplayer/Tests/Editor/WorldMotionAdapterTests.cs Line: 109)

World motion traversal 0.3 station_concourse_2f -> rail_terminal_public steps=280 seconds=0.4939271
UnityEngine.Debug:ExtractStackTraceNoAlloc (byte*,int,string)
UnityEngine.StackTraceUtility:ExtractStackTrace () (at /Users/bokken/build/output/unity/unity/Runtime/Export/Scripting/StackTrace.cs:35)
UnityEngine.DebugLogHandler:Internal_Log (UnityEngine.LogType,UnityEngine.LogOption,string,UnityEngine.Object)
UnityEngine.DebugLogHandler:LogFormat (UnityEngine.LogType,UnityEngine.Object,string,object[])
UnityEngine.Logger:Log (UnityEngine.LogType,object)
UnityEngine.Debug:Log (object)
ChooGuard.Foundation.Multiplayer.Tests.WorldMotionAdapterTests:BothProfilesTraverseAllThirteenRegionsAndAllTwentyFourPortalDirections (string,bool,double) (at ./Packages/com.xrlab.chooguard.foundation/Multiplayer/Tests/Editor/WorldMotionAdapterTests.cs:109)
System.Reflection.RuntimeMethodInfo:Invoke (object,System.Reflection.BindingFlags,System.Reflection.Binder,object[],System.Globalization.CultureInfo)
System.Reflection.MethodBase:Invoke (object,object[])
NUnit.Framework.Internal.Reflect:InvokeMethod (System.Reflection.MethodInfo,object,object[])
NUnit.Framework.Internal.MethodWrapper:Invoke (object,object[])
NUnit.Framework.Internal.Commands.TestMethodCommand:RunNonAsyncTestMethod (NUnit.Framework.Internal.ITestExecutionContext)
NUnit.Framework.Internal.Commands.TestMethodCommand:RunTestMethod (NUnit.Framework.Internal.ITestExecutionContext)
NUnit.Framework.Internal.Commands.TestMethodCommand:Execute (NUnit.Framework.Internal.ITestExecutionContext)
UnityEngine.TestTools.UnityTestMethodCommand:Execute (NUnit.Framework.Internal.ITestExecutionContext) (at ./Library/PackageCache/com.unity.test-framework@bd7f943e9647/UnityEngine.TestRunner/NUnitExtensions/Commands/UnityTestMethodCommand.cs:19)
UnityEngine.TestRunner.NUnitExtensions.Runner.UnityLogCheckDelegatingCommand/<>c__DisplayClass2_0:<Execute>b__0 () (at ./Library/PackageCache/com.unity.test-framework@bd7f943e9647/UnityEngine.TestRunner/NUnitExtensions/Runner/UnityLogCheckDelegatingCommand.cs:24)
UnityEngine.TestRunner.NUnitExtensions.Runner.UnityLogCheckDelegatingCommand:CaptureException (NUnit.Framework.Internal.TestResult,System.Action) (at ./Library/PackageCache/com.unity.test-framework@bd7f943e9647/UnityEngine.TestRunner/NUnitExtensions/Runner/UnityLogCheckDelegatingCommand.cs:72)
UnityEngine.TestRunner.NUnitExtensions.Runner.UnityLogCheckDelegatingCommand:ExecuteAndCheckLog (UnityEngine.TestTools.Logging.LogScope,NUnit.Framework.Internal.TestResult,System.Action) (at ./Library/PackageCache/com.unity.test-framework@bd7f943e9647/UnityEngine.TestRunner/NUnitExtensions/Runner/UnityLogCheckDelegatingCommand.cs:83)
UnityEngine.TestRunner.NUnitExtensions.Runner.UnityLogCheckDelegatingCommand:Execute (NUnit.Framework.Internal.ITestExecutionContext) (at ./Library/PackageCache/com.unity.test-framework@bd7f943e9647/UnityEngine.TestRunner/NUnitExtensions/Runner/UnityLogCheckDelegatingCommand.cs:24)
UnityEngine.TestRunner.NUnitExtensions.Runner.UnityLogCheckDelegatingCommand/<ExecuteEnumerable>d__3:MoveNext () (at ./Library/PackageCache/com.unity.test-framework@bd7f943e9647/UnityEngine.TestRunner/NUnitExtensions/Runner/UnityLogCheckDelegatingCommand.cs:35)
UnityEngine.TestTools.BeforeAfterTestCommandBase`1/<ExecuteEnumerable>d__16<NUnit.Framework.ITestAction>:MoveNext () (at ./Library/PackageCache/com.unity.test-framework@bd7f943e9647/UnityEngine.TestRunner/NUnitExtensions/Commands/BeforeAfterTestCommandBase.cs:212)
UnityEngine.TestTools.ImmediateEnumerableCommand:Execute (NUnit.Framework.Internal.ITestExecutionContext) (at ./Library/PackageCache/com.unity.test-framework@bd7f943e9647/UnityEngine.TestRunner/NUnitExtensions/Commands/ImmediateEnumerableCommand.cs:18)
UnityEngine.TestTools.BeforeAfterTestCommandBase`1/<ExecuteEnumerable>d__16<System.Reflection.MethodInfo>:MoveNext () (at ./Library/PackageCache/com.unity.test-framework@bd7f943e9647/UnityEngine.TestRunner/NUnitExtensions/Commands/BeforeAfterTestCommandBase.cs:219)
UnityEngine.TestTools.BeforeAfterTestCommandBase`1/<ExecuteEnumerable>d__16<System.Reflection.MethodInfo>:MoveNext () (at ./Library/PackageCache/com.unity.test-framework@bd7f943e9647/UnityEngine.TestRunner/NUnitExtensions/Commands/BeforeAfterTestCommandBase.cs:212)
UnityEngine.TestTools.BeforeAfterTestCommandBase`1/<ExecuteEnumerable>d__16<UnityEngine.TestTools.IOuterUnityTestAction>:MoveNext () (at ./Library/PackageCache/com.unity.test-framework@bd7f943e9647/UnityEngine.TestRunner/NUnitExtensions/Commands/BeforeAfterTestCommandBase.cs:212)
UnityEngine.TestTools.RetryCommand/<ExecuteEnumerable>d__2:MoveNext () (at ./Library/PackageCache/com.unity.test-framework@bd7f943e9647/UnityEngine.TestRunner/NUnitExtensions/Commands/RetryCommand.cs:37)
UnityEngine.TestTools.RepeatCommand/<ExecuteEnumerable>d__2:MoveNext () (at ./Library/PackageCache/com.unity.test-framework@bd7f943e9647/UnityEngine.TestRunner/NUnitExtensions/Commands/RepeatCommand.cs:36)
UnityEngine.TestTools.IgnoreTestCommand/<ExecuteEnumerable>d__3:MoveNext () (at ./Library/PackageCache/com.unity.test-framework@bd7f943e9647/UnityEngine.TestRunner/NUnitExtensions/Commands/IgnoreTestCommand.cs:42)
UnityEngine.TestTools.StrictCheckCommand/<ExecuteEnumerable>d__2:MoveNext () (at ./Library/PackageCache/com.unity.test-framework@bd7f943e9647/UnityEngine.TestRunner/NUnitExtensions/Commands/StrictCheckCommand.cs:29)
UnityEngine.TestRunner.NUnitExtensions.Runner.DefaultTestWorkItem/<PerformWork>d__2:MoveNext () (at ./Library/PackageCache/com.unity.test-framework@bd7f943e9647/UnityEngine.TestRunner/NUnitExtensions/Runner/DefaultTestWorkItem.cs:50)
UnityEngine.TestRunner.NUnitExtensions.Runner.CompositeWorkItem/<RunChildren>d__17:MoveNext () (at ./Library/PackageCache/com.unity.test-framework@bd7f943e9647/UnityEngine.TestRunner/NUnitExtensions/Runner/CompositeWorkItem.cs:207)
UnityEngine.TestRunner.NUnitExtensions.Runner.CompositeWorkItem/<PerformWork>d__13:MoveNext () (at ./Library/PackageCache/com.unity.test-framework@bd7f943e9647/UnityEngine.TestRunner/NUnitExtensions/Runner/CompositeWorkItem.cs:82)
UnityEngine.TestRunner.NUnitExtensions.Runner.CompositeWorkItem/<RunChildren>d__17:MoveNext () (at ./Library/PackageCache/com.unity.test-framework@bd7f943e9647/UnityEngine.TestRunner/NUnitExtensions/Runner/CompositeWorkItem.cs:207)
UnityEngine.TestRunner.NUnitExtensions.Runner.CompositeWorkItem/<PerformWork>d__13:MoveNext () (at ./Library/PackageCache/com.unity.test-framework@bd7f943e9647/UnityEngine.TestRunner/NUnitExtensions/Runner/CompositeWorkItem.cs:82)
UnityEngine.TestRunner.NUnitExtensions.Runner.CompositeWorkItem/<RunChildren>d__17:MoveNext () (at ./Library/PackageCache/com.unity.test-framework@bd7f943e9647/UnityEngine.TestRunner/NUnitExtensions/Runner/CompositeWorkItem.cs:207)
UnityEngine.TestRunner.NUnitExtensions.Runner.CompositeWorkItem/<PerformWork>d__13:MoveNext () (at ./Library/PackageCache/com.unity.test-framework@bd7f943e9647/UnityEngine.TestRunner/NUnitExtensions/Runner/CompositeWorkItem.cs:82)
UnityEngine.TestRunner.NUnitExtensions.Runner.CompositeWorkItem/<RunChildren>d__17:MoveNext () (at ./Library/PackageCache/com.unity.test-framework@bd7f943e9647/UnityEngine.TestRunner/NUnitExtensions/Runner/CompositeWorkItem.cs:207)
UnityEngine.TestRunner.NUnitExtensions.Runner.CompositeWorkItem/<PerformWork>d__13:MoveNext () (at ./Library/PackageCache/com.unity.test-framework@bd7f943e9647/UnityEngine.TestRunner/NUnitExtensions/Runner/CompositeWorkItem.cs:82)
UnityEngine.TestRunner.NUnitExtensions.Runner.CompositeWorkItem/<RunChildren>d__17:MoveNext () (at ./Library/PackageCache/com.unity.test-framework@bd7f943e9647/UnityEngine.TestRunner/NUnitExtensions/Runner/CompositeWorkItem.cs:207)
UnityEngine.TestRunner.NUnitExtensions.Runner.CompositeWorkItem/<PerformWork>d__13:MoveNext () (at ./Library/PackageCache/com.unity.test-framework@bd7f943e9647/UnityEngine.TestRunner/NUnitExtensions/Runner/CompositeWorkItem.cs:82)
UnityEngine.TestRunner.NUnitExtensions.Runner.CompositeWorkItem/<RunChildren>d__17:MoveNext () (at ./Library/PackageCache/com.unity.test-framework@bd7f943e9647/UnityEngine.TestRunner/NUnitExtensions/Runner/CompositeWorkItem.cs:207)
UnityEngine.TestRunner.NUnitExtensions.Runner.CompositeWorkItem/<PerformWork>d__13:MoveNext () (at ./Library/PackageCache/com.unity.test-framework@bd7f943e9647/UnityEngine.TestRunner/NUnitExtensions/Runner/CompositeWorkItem.cs:82)
UnityEngine.TestRunner.NUnitExtensions.Runner.CompositeWorkItem/<RunChildren>d__17:MoveNext () (at ./Library/PackageCache/com.unity.test-framework@bd7f943e9647/UnityEngine.TestRunner/NUnitExtensions/Runner/CompositeWorkItem.cs:207)
UnityEngine.TestRunner.NUnitExtensions.Runner.CompositeWorkItem/<PerformWork>d__13:MoveNext () (at ./Library/PackageCache/com.unity.test-framework@bd7f943e9647/UnityEngine.TestRunner/NUnitExtensions/Runner/CompositeWorkItem.cs:82)
UnityEngine.TestRunner.NUnitExtensions.Runner.CompositeWorkItem/<RunChildren>d__17:MoveNext () (at ./Library/PackageCache/com.unity.test-framework@bd7f943e9647/UnityEngine.TestRunner/NUnitExtensions/Runner/CompositeWorkItem.cs:207)
UnityEngine.TestRunner.NUnitExtensions.Runner.CompositeWorkItem/<PerformWork>d__13:MoveNext () (at ./Library/PackageCache/com.unity.test-framework@bd7f943e9647/UnityEngine.TestRunner/NUnitExtensions/Runner/CompositeWorkItem.cs:82)
UnityEditor.TestTools.TestRunner.EditModeRunner:MoveNextAndUpdateYieldObject () (at ./Library/PackageCache/com.unity.test-framework@bd7f943e9647/UnityEditor.TestRunner/TestRunner/EditModeRunner.cs:167)
UnityEditor.TestTools.TestRunner.EditModeRunner:TestConsumer (UnityEditor.TestTools.TestRunner.TestRunnerStateSerializer) (at ./Library/PackageCache/com.unity.test-framework@bd7f943e9647/UnityEditor.TestRunner/TestRunner/EditModeRunner.cs:200)
UnityEditor.TestTools.TestRunner.TestRun.Tasks.EditModeRunTask/<Execute>d__1:MoveNext () (at ./Library/PackageCache/com.unity.test-framework@bd7f943e9647/UnityEditor.TestRunner/TestRun/Tasks/EditModeRunTask.cs:48)
UnityEditor.TestTools.TestRunner.TestRun.TestJobRunner:ExecuteStep () (at ./Library/PackageCache/com.unity.test-framework@bd7f943e9647/UnityEditor.TestRunner/TestRun/TestJobRunner.cs:173)
UnityEditor.TestTools.TestRunner.TestRun.TestJobRunner:ExecuteCallback () (at ./Library/PackageCache/com.unity.test-framework@bd7f943e9647/UnityEditor.TestRunner/TestRun/TestJobRunner.cs:108)
UnityEditor.EditorApplication:Internal_CallUpdateFunctions () (at /Users/bokken/build/output/unity/unity/Editor/Mono/EditorApplication.cs:392)

(Filename: ./Packages/com.xrlab.chooguard.foundation/Multiplayer/Tests/Editor/WorldMotionAdapterTests.cs Line: 109)

World motion traversal 0.3 station_hall_1f -> station_concourse_2f steps=260 seconds=0.5524534
UnityEngine.Debug:ExtractStackTraceNoAlloc (byte*,int,string)
UnityEngine.StackTraceUtility:ExtractStackTrace () (at /Users/bokken/build/output/unity/unity/Runtime/Export/Scripting/StackTrace.cs:35)
UnityEngine.DebugLogHandler:Internal_Log (UnityEngine.LogType,UnityEngine.LogOption,string,UnityEngine.Object)
UnityEngine.DebugLogHandler:LogFormat (UnityEngine.LogType,UnityEngine.Object,string,object[])
UnityEngine.Logger:Log (UnityEngine.LogType,object)
UnityEngine.Debug:Log (object)
ChooGuard.Foundation.Multiplayer.Tests.WorldMotionAdapterTests:BothProfilesTraverseAllThirteenRegionsAndAllTwentyFourPortalDirections (string,bool,double) (at ./Packages/com.xrlab.chooguard.foundation/Multiplayer/Tests/Editor/WorldMotionAdapterTests.cs:109)
System.Reflection.RuntimeMethodInfo:Invoke (object,System.Reflection.BindingFlags,System.Reflection.Binder,object[],System.Globalization.CultureInfo)
System.Reflection.MethodBase:Invoke (object,object[])
NUnit.Framework.Internal.Reflect:InvokeMethod (System.Reflection.MethodInfo,object,object[])
NUnit.Framework.Internal.MethodWrapper:Invoke (object,object[])
NUnit.Framework.Internal.Commands.TestMethodCommand:RunNonAsyncTestMethod (NUnit.Framework.Internal.ITestExecutionContext)
NUnit.Framework.Internal.Commands.TestMethodCommand:RunTestMethod (NUnit.Framework.Internal.ITestExecutionContext)
NUnit.Framework.Internal.Commands.TestMethodCommand:Execute (NUnit.Framework.Internal.ITestExecutionContext)
UnityEngine.TestTools.UnityTestMethodCommand:Execute (NUnit.Framework.Internal.ITestExecutionContext) (at ./Library/PackageCache/com.unity.test-framework@bd7f943e9647/UnityEngine.TestRunner/NUnitExtensions/Commands/UnityTestMethodCommand.cs:19)
UnityEngine.TestRunner.NUnitExtensions.Runner.UnityLogCheckDelegatingCommand/<>c__DisplayClass2_0:<Execute>b__0 () (at ./Library/PackageCache/com.unity.test-framework@bd7f943e9647/UnityEngine.TestRunner/NUnitExtensions/Runner/UnityLogCheckDelegatingCommand.cs:24)
UnityEngine.TestRunner.NUnitExtensions.Runner.UnityLogCheckDelegatingCommand:CaptureException (NUnit.Framework.Internal.TestResult,System.Action) (at ./Library/PackageCache/com.unity.test-framework@bd7f943e9647/UnityEngine.TestRunner/NUnitExtensions/Runner/UnityLogCheckDelegatingCommand.cs:72)
UnityEngine.TestRunner.NUnitExtensions.Runner.UnityLogCheckDelegatingCommand:ExecuteAndCheckLog (UnityEngine.TestTools.Logging.LogScope,NUnit.Framework.Internal.TestResult,System.Action) (at ./Library/PackageCache/com.unity.test-framework@bd7f943e9647/UnityEngine.TestRunner/NUnitExtensions/Runner/UnityLogCheckDelegatingCommand.cs:83)
UnityEngine.TestRunner.NUnitExtensions.Runner.UnityLogCheckDelegatingCommand:Execute (NUnit.Framework.Internal.ITestExecutionContext) (at ./Library/PackageCache/com.unity.test-framework@bd7f943e9647/UnityEngine.TestRunner/NUnitExtensions/Runner/UnityLogCheckDelegatingCommand.cs:24)
UnityEngine.TestRunner.NUnitExtensions.Runner.UnityLogCheckDelegatingCommand/<ExecuteEnumerable>d__3:MoveNext () (at ./Library/PackageCache/com.unity.test-framework@bd7f943e9647/UnityEngine.TestRunner/NUnitExtensions/Runner/UnityLogCheckDelegatingCommand.cs:35)
UnityEngine.TestTools.BeforeAfterTestCommandBase`1/<ExecuteEnumerable>d__16<NUnit.Framework.ITestAction>:MoveNext () (at ./Library/PackageCache/com.unity.test-framework@bd7f943e9647/UnityEngine.TestRunner/NUnitExtensions/Commands/BeforeAfterTestCommandBase.cs:212)
UnityEngine.TestTools.ImmediateEnumerableCommand:Execute (NUnit.Framework.Internal.ITestExecutionContext) (at ./Library/PackageCache/com.unity.test-framework@bd7f943e9647/UnityEngine.TestRunner/NUnitExtensions/Commands/ImmediateEnumerableCommand.cs:18)
UnityEngine.TestTools.BeforeAfterTestCommandBase`1/<ExecuteEnumerable>d__16<System.Reflection.MethodInfo>:MoveNext () (at ./Library/PackageCache/com.unity.test-framework@bd7f943e9647/UnityEngine.TestRunner/NUnitExtensions/Commands/BeforeAfterTestCommandBase.cs:219)
UnityEngine.TestTools.BeforeAfterTestCommandBase`1/<ExecuteEnumerable>d__16<System.Reflection.MethodInfo>:MoveNext () (at ./Library/PackageCache/com.unity.test-framework@bd7f943e9647/UnityEngine.TestRunner/NUnitExtensions/Commands/BeforeAfterTestCommandBase.cs:212)
UnityEngine.TestTools.BeforeAfterTestCommandBase`1/<ExecuteEnumerable>d__16<UnityEngine.TestTools.IOuterUnityTestAction>:MoveNext () (at ./Library/PackageCache/com.unity.test-framework@bd7f943e9647/UnityEngine.TestRunner/NUnitExtensions/Commands/BeforeAfterTestCommandBase.cs:212)
UnityEngine.TestTools.RetryCommand/<ExecuteEnumerable>d__2:MoveNext () (at ./Library/PackageCache/com.unity.test-framework@bd7f943e9647/UnityEngine.TestRunner/NUnitExtensions/Commands/RetryCommand.cs:37)
UnityEngine.TestTools.RepeatCommand/<ExecuteEnumerable>d__2:MoveNext () (at ./Library/PackageCache/com.unity.test-framework@bd7f943e9647/UnityEngine.TestRunner/NUnitExtensions/Commands/RepeatCommand.cs:36)
UnityEngine.TestTools.IgnoreTestCommand/<ExecuteEnumerable>d__3:MoveNext () (at ./Library/PackageCache/com.unity.test-framework@bd7f943e9647/UnityEngine.TestRunner/NUnitExtensions/Commands/IgnoreTestCommand.cs:42)
UnityEngine.TestTools.StrictCheckCommand/<ExecuteEnumerable>d__2:MoveNext () (at ./Library/PackageCache/com.unity.test-framework@bd7f943e9647/UnityEngine.TestRunner/NUnitExtensions/Commands/StrictCheckCommand.cs:29)
UnityEngine.TestRunner.NUnitExtensions.Runner.DefaultTestWorkItem/<PerformWork>d__2:MoveNext () (at ./Library/PackageCache/com.unity.test-framework@bd7f943e9647/UnityEngine.TestRunner/NUnitExtensions/Runner/DefaultTestWorkItem.cs:50)
UnityEngine.TestRunner.NUnitExtensions.Runner.CompositeWorkItem/<RunChildren>d__17:MoveNext () (at ./Library/PackageCache/com.unity.test-framework@bd7f943e9647/UnityEngine.TestRunner/NUnitExtensions/Runner/CompositeWorkItem.cs:207)
UnityEngine.TestRunner.NUnitExtensions.Runner.CompositeWorkItem/<PerformWork>d__13:MoveNext () (at ./Library/PackageCache/com.unity.test-framework@bd7f943e9647/UnityEngine.TestRunner/NUnitExtensions/Runner/CompositeWorkItem.cs:82)
UnityEngine.TestRunner.NUnitExtensions.Runner.CompositeWorkItem/<RunChildren>d__17:MoveNext () (at ./Library/PackageCache/com.unity.test-framework@bd7f943e9647/UnityEngine.TestRunner/NUnitExtensions/Runner/CompositeWorkItem.cs:207)
UnityEngine.TestRunner.NUnitExtensions.Runner.CompositeWorkItem/<PerformWork>d__13:MoveNext () (at ./Library/PackageCache/com.unity.test-framework@bd7f943e9647/UnityEngine.TestRunner/NUnitExtensions/Runner/CompositeWorkItem.cs:82)
UnityEngine.TestRunner.NUnitExtensions.Runner.CompositeWorkItem/<RunChildren>d__17:MoveNext () (at ./Library/PackageCache/com.unity.test-framework@bd7f943e9647/UnityEngine.TestRunner/NUnitExtensions/Runner/CompositeWorkItem.cs:207)
UnityEngine.TestRunner.NUnitExtensions.Runner.CompositeWorkItem/<PerformWork>d__13:MoveNext () (at ./Library/PackageCache/com.unity.test-framework@bd7f943e9647/UnityEngine.TestRunner/NUnitExtensions/Runner/CompositeWorkItem.cs:82)
UnityEngine.TestRunner.NUnitExtensions.Runner.CompositeWorkItem/<RunChildren>d__17:MoveNext () (at ./Library/PackageCache/com.unity.test-framework@bd7f943e9647/UnityEngine.TestRunner/NUnitExtensions/Runner/CompositeWorkItem.cs:207)
UnityEngine.TestRunner.NUnitExtensions.Runner.CompositeWorkItem/<PerformWork>d__13:MoveNext () (at ./Library/PackageCache/com.unity.test-framework@bd7f943e9647/UnityEngine.TestRunner/NUnitExtensions/Runner/CompositeWorkItem.cs:82)
UnityEngine.TestRunner.NUnitExtensions.Runner.CompositeWorkItem/<RunChildren>d__17:MoveNext () (at ./Library/PackageCache/com.unity.test-framework@bd7f943e9647/UnityEngine.TestRunner/NUnitExtensions/Runner/CompositeWorkItem.cs:207)
UnityEngine.TestRunner.NUnitExtensions.Runner.CompositeWorkItem/<PerformWork>d__13:MoveNext () (at ./Library/PackageCache/com.unity.test-framework@bd7f943e9647/UnityEngine.TestRunner/NUnitExtensions/Runner/CompositeWorkItem.cs:82)
UnityEngine.TestRunner.NUnitExtensions.Runner.CompositeWorkItem/<RunChildren>d__17:MoveNext () (at ./Library/PackageCache/com.unity.test-framework@bd7f943e9647/UnityEngine.TestRunner/NUnitExtensions/Runner/CompositeWorkItem.cs:207)
UnityEngine.TestRunner.NUnitExtensions.Runner.CompositeWorkItem/<PerformWork>d__13:MoveNext () (at ./Library/PackageCache/com.unity.test-framework@bd7f943e9647/UnityEngine.TestRunner/NUnitExtensions/Runner/CompositeWorkItem.cs:82)
UnityEngine.TestRunner.NUnitExtensions.Runner.CompositeWorkItem/<RunChildren>d__17:MoveNext () (at ./Library/PackageCache/com.unity.test-framework@bd7f943e9647/UnityEngine.TestRunner/NUnitExtensions/Runner/CompositeWorkItem.cs:207)
UnityEngine.TestRunner.NUnitExtensions.Runner.CompositeWorkItem/<PerformWork>d__13:MoveNext () (at ./Library/PackageCache/com.unity.test-framework@bd7f943e9647/UnityEngine.TestRunner/NUnitExtensions/Runner/CompositeWorkItem.cs:82)
UnityEngine.TestRunner.NUnitExtensions.Runner.CompositeWorkItem/<RunChildren>d__17:MoveNext () (at ./Library/PackageCache/com.unity.test-framework@bd7f943e9647/UnityEngine.TestRunner/NUnitExtensions/Runner/CompositeWorkItem.cs:207)
UnityEngine.TestRunner.NUnitExtensions.Runner.CompositeWorkItem/<PerformWork>d__13:MoveNext () (at ./Library/PackageCache/com.unity.test-framework@bd7f943e9647/UnityEngine.TestRunner/NUnitExtensions/Runner/CompositeWorkItem.cs:82)
UnityEditor.TestTools.TestRunner.EditModeRunner:MoveNextAndUpdateYieldObject () (at ./Library/PackageCache/com.unity.test-framework@bd7f943e9647/UnityEditor.TestRunner/TestRunner/EditModeRunner.cs:167)
UnityEditor.TestTools.TestRunner.EditModeRunner:TestConsumer (UnityEditor.TestTools.TestRunner.TestRunnerStateSerializer) (at ./Library/PackageCache/com.unity.test-framework@bd7f943e9647/UnityEditor.TestRunner/TestRunner/EditModeRunner.cs:200)
UnityEditor.TestTools.TestRunner.TestRun.Tasks.EditModeRunTask/<Execute>d__1:MoveNext () (at ./Library/PackageCache/com.unity.test-framework@bd7f943e9647/UnityEditor.TestRunner/TestRun/Tasks/EditModeRunTask.cs:48)
UnityEditor.TestTools.TestRunner.TestRun.TestJobRunner:ExecuteStep () (at ./Library/PackageCache/com.unity.test-framework@bd7f943e9647/UnityEditor.TestRunner/TestRun/TestJobRunner.cs:173)
UnityEditor.TestTools.TestRunner.TestRun.TestJobRunner:ExecuteCallback () (at ./Library/PackageCache/com.unity.test-framework@bd7f943e9647/UnityEditor.TestRunner/TestRun/TestJobRunner.cs:108)
UnityEditor.EditorApplication:Internal_CallUpdateFunctions () (at /Users/bokken/build/output/unity/unity/Editor/Mono/EditorApplication.cs:392)

(Filename: ./Packages/com.xrlab.chooguard.foundation/Multiplayer/Tests/Editor/WorldMotionAdapterTests.cs Line: 109)

World motion traversal 0.3 station_concourse_2f -> station_hall_1f steps=260 seconds=0.5281922
UnityEngine.Debug:ExtractStackTraceNoAlloc (byte*,int,string)
UnityEngine.StackTraceUtility:ExtractStackTrace () (at /Users/bokken/build/output/unity/unity/Runtime/Export/Scripting/StackTrace.cs:35)
UnityEngine.DebugLogHandler:Internal_Log (UnityEngine.LogType,UnityEngine.LogOption,string,UnityEngine.Object)
UnityEngine.DebugLogHandler:LogFormat (UnityEngine.LogType,UnityEngine.Object,string,object[])
UnityEngine.Logger:Log (UnityEngine.LogType,object)
UnityEngine.Debug:Log (object)
ChooGuard.Foundation.Multiplayer.Tests.WorldMotionAdapterTests:BothProfilesTraverseAllThirteenRegionsAndAllTwentyFourPortalDirections (string,bool,double) (at ./Packages/com.xrlab.chooguard.foundation/Multiplayer/Tests/Editor/WorldMotionAdapterTests.cs:109)
System.Reflection.RuntimeMethodInfo:Invoke (object,System.Reflection.BindingFlags,System.Reflection.Binder,object[],System.Globalization.CultureInfo)
System.Reflection.MethodBase:Invoke (object,object[])
NUnit.Framework.Internal.Reflect:InvokeMethod (System.Reflection.MethodInfo,object,object[])
NUnit.Framework.Internal.MethodWrapper:Invoke (object,object[])
NUnit.Framework.Internal.Commands.TestMethodCommand:RunNonAsyncTestMethod (NUnit.Framework.Internal.ITestExecutionContext)
NUnit.Framework.Internal.Commands.TestMethodCommand:RunTestMethod (NUnit.Framework.Internal.ITestExecutionContext)
NUnit.Framework.Internal.Commands.TestMethodCommand:Execute (NUnit.Framework.Internal.ITestExecutionContext)
UnityEngine.TestTools.UnityTestMethodCommand:Execute (NUnit.Framework.Internal.ITestExecutionContext) (at ./Library/PackageCache/com.unity.test-framework@bd7f943e9647/UnityEngine.TestRunner/NUnitExtensions/Commands/UnityTestMethodCommand.cs:19)
UnityEngine.TestRunner.NUnitExtensions.Runner.UnityLogCheckDelegatingCommand/<>c__DisplayClass2_0:<Execute>b__0 () (at ./Library/PackageCache/com.unity.test-framework@bd7f943e9647/UnityEngine.TestRunner/NUnitExtensions/Runner/UnityLogCheckDelegatingCommand.cs:24)
UnityEngine.TestRunner.NUnitExtensions.Runner.UnityLogCheckDelegatingCommand:CaptureException (NUnit.Framework.Internal.TestResult,System.Action) (at ./Library/PackageCache/com.unity.test-framework@bd7f943e9647/UnityEngine.TestRunner/NUnitExtensions/Runner/UnityLogCheckDelegatingCommand.cs:72)
UnityEngine.TestRunner.NUnitExtensions.Runner.UnityLogCheckDelegatingCommand:ExecuteAndCheckLog (UnityEngine.TestTools.Logging.LogScope,NUnit.Framework.Internal.TestResult,System.Action) (at ./Library/PackageCache/com.unity.test-framework@bd7f943e9647/UnityEngine.TestRunner/NUnitExtensions/Runner/UnityLogCheckDelegatingCommand.cs:83)
UnityEngine.TestRunner.NUnitExtensions.Runner.UnityLogCheckDelegatingCommand:Execute (NUnit.Framework.Internal.ITestExecutionContext) (at ./Library/PackageCache/com.unity.test-framework@bd7f943e9647/UnityEngine.TestRunner/NUnitExtensions/Runner/UnityLogCheckDelegatingCommand.cs:24)
UnityEngine.TestRunner.NUnitExtensions.Runner.UnityLogCheckDelegatingCommand/<ExecuteEnumerable>d__3:MoveNext () (at ./Library/PackageCache/com.unity.test-framework@bd7f943e9647/UnityEngine.TestRunner/NUnitExtensions/Runner/UnityLogCheckDelegatingCommand.cs:35)
UnityEngine.TestTools.BeforeAfterTestCommandBase`1/<ExecuteEnumerable>d__16<NUnit.Framework.ITestAction>:MoveNext () (at ./Library/PackageCache/com.unity.test-framework@bd7f943e9647/UnityEngine.TestRunner/NUnitExtensions/Commands/BeforeAfterTestCommandBase.cs:212)
UnityEngine.TestTools.ImmediateEnumerableCommand:Execute (NUnit.Framework.Internal.ITestExecutionContext) (at ./Library/PackageCache/com.unity.test-framework@bd7f943e9647/UnityEngine.TestRunner/NUnitExtensions/Commands/ImmediateEnumerableCommand.cs:18)
UnityEngine.TestTools.BeforeAfterTestCommandBase`1/<ExecuteEnumerable>d__16<System.Reflection.MethodInfo>:MoveNext () (at ./Library/PackageCache/com.unity.test-framework@bd7f943e9647/UnityEngine.TestRunner/NUnitExtensions/Commands/BeforeAfterTestCommandBase.cs:219)
UnityEngine.TestTools.BeforeAfterTestCommandBase`1/<ExecuteEnumerable>d__16<System.Reflection.MethodInfo>:MoveNext () (at ./Library/PackageCache/com.unity.test-framework@bd7f943e9647/UnityEngine.TestRunner/NUnitExtensions/Commands/BeforeAfterTestCommandBase.cs:212)
UnityEngine.TestTools.BeforeAfterTestCommandBase`1/<ExecuteEnumerable>d__16<UnityEngine.TestTools.IOuterUnityTestAction>:MoveNext () (at ./Library/PackageCache/com.unity.test-framework@bd7f943e9647/UnityEngine.TestRunner/NUnitExtensions/Commands/BeforeAfterTestCommandBase.cs:212)
UnityEngine.TestTools.RetryCommand/<ExecuteEnumerable>d__2:MoveNext () (at ./Library/PackageCache/com.unity.test-framework@bd7f943e9647/UnityEngine.TestRunner/NUnitExtensions/Commands/RetryCommand.cs:37)
UnityEngine.TestTools.RepeatCommand/<ExecuteEnumerable>d__2:MoveNext () (at ./Library/PackageCache/com.unity.test-framework@bd7f943e9647/UnityEngine.TestRunner/NUnitExtensions/Commands/RepeatCommand.cs:36)
UnityEngine.TestTools.IgnoreTestCommand/<ExecuteEnumerable>d__3:MoveNext () (at ./Library/PackageCache/com.unity.test-framework@bd7f943e9647/UnityEngine.TestRunner/NUnitExtensions/Commands/IgnoreTestCommand.cs:42)
UnityEngine.TestTools.StrictCheckCommand/<ExecuteEnumerable>d__2:MoveNext () (at ./Library/PackageCache/com.unity.test-framework@bd7f943e9647/UnityEngine.TestRunner/NUnitExtensions/Commands/StrictCheckCommand.cs:29)
UnityEngine.TestRunner.NUnitExtensions.Runner.DefaultTestWorkItem/<PerformWork>d__2:MoveNext () (at ./Library/PackageCache/com.unity.test-framework@bd7f943e9647/UnityEngine.TestRunner/NUnitExtensions/Runner/DefaultTestWorkItem.cs:50)
UnityEngine.TestRunner.NUnitExtensions.Runner.CompositeWorkItem/<RunChildren>d__17:MoveNext () (at ./Library/PackageCache/com.unity.test-framework@bd7f943e9647/UnityEngine.TestRunner/NUnitExtensions/Runner/CompositeWorkItem.cs:207)
UnityEngine.TestRunner.NUnitExtensions.Runner.CompositeWorkItem/<PerformWork>d__13:MoveNext () (at ./Library/PackageCache/com.unity.test-framework@bd7f943e9647/UnityEngine.TestRunner/NUnitExtensions/Runner/CompositeWorkItem.cs:82)
UnityEngine.TestRunner.NUnitExtensions.Runner.CompositeWorkItem/<RunChildren>d__17:MoveNext () (at ./Library/PackageCache/com.unity.test-framework@bd7f943e9647/UnityEngine.TestRunner/NUnitExtensions/Runner/CompositeWorkItem.cs:207)
UnityEngine.TestRunner.NUnitExtensions.Runner.CompositeWorkItem/<PerformWork>d__13:MoveNext () (at ./Library/PackageCache/com.unity.test-framework@bd7f943e9647/UnityEngine.TestRunner/NUnitExtensions/Runner/CompositeWorkItem.cs:82)
UnityEngine.TestRunner.NUnitExtensions.Runner.CompositeWorkItem/<RunChildren>d__17:MoveNext () (at ./Library/PackageCache/com.unity.test-framework@bd7f943e9647/UnityEngine.TestRunner/NUnitExtensions/Runner/CompositeWorkItem.cs:207)
UnityEngine.TestRunner.NUnitExtensions.Runner.CompositeWorkItem/<PerformWork>d__13:MoveNext () (at ./Library/PackageCache/com.unity.test-framework@bd7f943e9647/UnityEngine.TestRunner/NUnitExtensions/Runner/CompositeWorkItem.cs:82)
UnityEngine.TestRunner.NUnitExtensions.Runner.CompositeWorkItem/<RunChildren>d__17:MoveNext () (at ./Library/PackageCache/com.unity.test-framework@bd7f943e9647/UnityEngine.TestRunner/NUnitExtensions/Runner/CompositeWorkItem.cs:207)
UnityEngine.TestRunner.NUnitExtensions.Runner.CompositeWorkItem/<PerformWork>d__13:MoveNext () (at ./Library/PackageCache/com.unity.test-framework@bd7f943e9647/UnityEngine.TestRunner/NUnitExtensions/Runner/CompositeWorkItem.cs:82)
UnityEngine.TestRunner.NUnitExtensions.Runner.CompositeWorkItem/<RunChildren>d__17:MoveNext () (at ./Library/PackageCache/com.unity.test-framework@bd7f943e9647/UnityEngine.TestRunner/NUnitExtensions/Runner/CompositeWorkItem.cs:207)
UnityEngine.TestRunner.NUnitExtensions.Runner.CompositeWorkItem/<PerformWork>d__13:MoveNext () (at ./Library/PackageCache/com.unity.test-framework@bd7f943e9647/UnityEngine.TestRunner/NUnitExtensions/Runner/CompositeWorkItem.cs:82)
UnityEngine.TestRunner.NUnitExtensions.Runner.CompositeWorkItem/<RunChildren>d__17:MoveNext () (at ./Library/PackageCache/com.unity.test-framework@bd7f943e9647/UnityEngine.TestRunner/NUnitExtensions/Runner/CompositeWorkItem.cs:207)
UnityEngine.TestRunner.NUnitExtensions.Runner.CompositeWorkItem/<PerformWork>d__13:MoveNext () (at ./Library/PackageCache/com.unity.test-framework@bd7f943e9647/UnityEngine.TestRunner/NUnitExtensions/Runner/CompositeWorkItem.cs:82)
UnityEngine.TestRunner.NUnitExtensions.Runner.CompositeWorkItem/<RunChildren>d__17:MoveNext () (at ./Library/PackageCache/com.unity.test-framework@bd7f943e9647/UnityEngine.TestRunner/NUnitExtensions/Runner/CompositeWorkItem.cs:207)
UnityEngine.TestRunner.NUnitExtensions.Runner.CompositeWorkItem/<PerformWork>d__13:MoveNext () (at ./Library/PackageCache/com.unity.test-framework@bd7f943e9647/UnityEngine.TestRunner/NUnitExtensions/Runner/CompositeWorkItem.cs:82)
UnityEngine.TestRunner.NUnitExtensions.Runner.CompositeWorkItem/<RunChildren>d__17:MoveNext () (at ./Library/PackageCache/com.unity.test-framework@bd7f943e9647/UnityEngine.TestRunner/NUnitExtensions/Runner/CompositeWorkItem.cs:207)
UnityEngine.TestRunner.NUnitExtensions.Runner.CompositeWorkItem/<PerformWork>d__13:MoveNext () (at ./Library/PackageCache/com.unity.test-framework@bd7f943e9647/UnityEngine.TestRunner/NUnitExtensions/Runner/CompositeWorkItem.cs:82)
UnityEditor.TestTools.TestRunner.EditModeRunner:MoveNextAndUpdateYieldObject () (at ./Library/PackageCache/com.unity.test-framework@bd7f943e9647/UnityEditor.TestRunner/TestRunner/EditModeRunner.cs:167)
UnityEditor.TestTools.TestRunner.EditModeRunner:TestConsumer (UnityEditor.TestTools.TestRunner.TestRunnerStateSerializer) (at ./Library/PackageCache/com.unity.test-framework@bd7f943e9647/UnityEditor.TestRunner/TestRunner/EditModeRunner.cs:200)
UnityEditor.TestTools.TestRunner.TestRun.Tasks.EditModeRunTask/<Execute>d__1:MoveNext () (at ./Library/PackageCache/com.unity.test-framework@bd7f943e9647/UnityEditor.TestRunner/TestRun/Tasks/EditModeRunTask.cs:48)
UnityEditor.TestTools.TestRunner.TestRun.TestJobRunner:ExecuteStep () (at ./Library/PackageCache/com.unity.test-framework@bd7f943e9647/UnityEditor.TestRunner/TestRun/TestJobRunner.cs:173)
UnityEditor.TestTools.TestRunner.TestRun.TestJobRunner:ExecuteCallback () (at ./Library/PackageCache/com.unity.test-framework@bd7f943e9647/UnityEditor.TestRunner/TestRun/TestJobRunner.cs:108)
UnityEditor.EditorApplication:Internal_CallUpdateFunctions () (at /Users/bokken/build/output/unity/unity/Editor/Mono/EditorApplication.cs:392)

(Filename: ./Packages/com.xrlab.chooguard.foundation/Multiplayer/Tests/Editor/WorldMotionAdapterTests.cs Line: 109)

World motion traversal 0.3 station_ticket_area -> rail_terminal_public steps=227 seconds=0.4884136
UnityEngine.Debug:ExtractStackTraceNoAlloc (byte*,int,string)
UnityEngine.StackTraceUtility:ExtractStackTrace () (at /Users/bokken/build/output/unity/unity/Runtime/Export/Scripting/StackTrace.cs:35)
UnityEngine.DebugLogHandler:Internal_Log (UnityEngine.LogType,UnityEngine.LogOption,string,UnityEngine.Object)
UnityEngine.DebugLogHandler:LogFormat (UnityEngine.LogType,UnityEngine.Object,string,object[])
UnityEngine.Logger:Log (UnityEngine.LogType,object)
UnityEngine.Debug:Log (object)
ChooGuard.Foundation.Multiplayer.Tests.WorldMotionAdapterTests:BothProfilesTraverseAllThirteenRegionsAndAllTwentyFourPortalDirections (string,bool,double) (at ./Packages/com.xrlab.chooguard.foundation/Multiplayer/Tests/Editor/WorldMotionAdapterTests.cs:109)
System.Reflection.RuntimeMethodInfo:Invoke (object,System.Reflection.BindingFlags,System.Reflection.Binder,object[],System.Globalization.CultureInfo)
System.Reflection.MethodBase:Invoke (object,object[])
NUnit.Framework.Internal.Reflect:InvokeMethod (System.Reflection.MethodInfo,object,object[])
NUnit.Framework.Internal.MethodWrapper:Invoke (object,object[])
NUnit.Framework.Internal.Commands.TestMethodCommand:RunNonAsyncTestMethod (NUnit.Framework.Internal.ITestExecutionContext)
NUnit.Framework.Internal.Commands.TestMethodCommand:RunTestMethod (NUnit.Framework.Internal.ITestExecutionContext)
NUnit.Framework.Internal.Commands.TestMethodCommand:Execute (NUnit.Framework.Internal.ITestExecutionContext)
UnityEngine.TestTools.UnityTestMethodCommand:Execute (NUnit.Framework.Internal.ITestExecutionContext) (at ./Library/PackageCache/com.unity.test-framework@bd7f943e9647/UnityEngine.TestRunner/NUnitExtensions/Commands/UnityTestMethodCommand.cs:19)
UnityEngine.TestRunner.NUnitExtensions.Runner.UnityLogCheckDelegatingCommand/<>c__DisplayClass2_0:<Execute>b__0 () (at ./Library/PackageCache/com.unity.test-framework@bd7f943e9647/UnityEngine.TestRunner/NUnitExtensions/Runner/UnityLogCheckDelegatingCommand.cs:24)
UnityEngine.TestRunner.NUnitExtensions.Runner.UnityLogCheckDelegatingCommand:CaptureException (NUnit.Framework.Internal.TestResult,System.Action) (at ./Library/PackageCache/com.unity.test-framework@bd7f943e9647/UnityEngine.TestRunner/NUnitExtensions/Runner/UnityLogCheckDelegatingCommand.cs:72)
UnityEngine.TestRunner.NUnitExtensions.Runner.UnityLogCheckDelegatingCommand:ExecuteAndCheckLog (UnityEngine.TestTools.Logging.LogScope,NUnit.Framework.Internal.TestResult,System.Action) (at ./Library/PackageCache/com.unity.test-framework@bd7f943e9647/UnityEngine.TestRunner/NUnitExtensions/Runner/UnityLogCheckDelegatingCommand.cs:83)
UnityEngine.TestRunner.NUnitExtensions.Runner.UnityLogCheckDelegatingCommand:Execute (NUnit.Framework.Internal.ITestExecutionContext) (at ./Library/PackageCache/com.unity.test-framework@bd7f943e9647/UnityEngine.TestRunner/NUnitExtensions/Runner/UnityLogCheckDelegatingCommand.cs:24)
UnityEngine.TestRunner.NUnitExtensions.Runner.UnityLogCheckDelegatingCommand/<ExecuteEnumerable>d__3:MoveNext () (at ./Library/PackageCache/com.unity.test-framework@bd7f943e9647/UnityEngine.TestRunner/NUnitExtensions/Runner/UnityLogCheckDelegatingCommand.cs:35)
UnityEngine.TestTools.BeforeAfterTestCommandBase`1/<ExecuteEnumerable>d__16<NUnit.Framework.ITestAction>:MoveNext () (at ./Library/PackageCache/com.unity.test-framework@bd7f943e9647/UnityEngine.TestRunner/NUnitExtensions/Commands/BeforeAfterTestCommandBase.cs:212)
UnityEngine.TestTools.ImmediateEnumerableCommand:Execute (NUnit.Framework.Internal.ITestExecutionContext) (at ./Library/PackageCache/com.unity.test-framework@bd7f943e9647/UnityEngine.TestRunner/NUnitExtensions/Commands/ImmediateEnumerableCommand.cs:18)
UnityEngine.TestTools.BeforeAfterTestCommandBase`1/<ExecuteEnumerable>d__16<System.Reflection.MethodInfo>:MoveNext () (at ./Library/PackageCache/com.unity.test-framework@bd7f943e9647/UnityEngine.TestRunner/NUnitExtensions/Commands/BeforeAfterTestCommandBase.cs:219)
UnityEngine.TestTools.BeforeAfterTestCommandBase`1/<ExecuteEnumerable>d__16<System.Reflection.MethodInfo>:MoveNext () (at ./Library/PackageCache/com.unity.test-framework@bd7f943e9647/UnityEngine.TestRunner/NUnitExtensions/Commands/BeforeAfterTestCommandBase.cs:212)
UnityEngine.TestTools.BeforeAfterTestCommandBase`1/<ExecuteEnumerable>d__16<UnityEngine.TestTools.IOuterUnityTestAction>:MoveNext () (at ./Library/PackageCache/com.unity.test-framework@bd7f943e9647/UnityEngine.TestRunner/NUnitExtensions/Commands/BeforeAfterTestCommandBase.cs:212)
UnityEngine.TestTools.RetryCommand/<ExecuteEnumerable>d__2:MoveNext () (at ./Library/PackageCache/com.unity.test-framework@bd7f943e9647/UnityEngine.TestRunner/NUnitExtensions/Commands/RetryCommand.cs:37)
UnityEngine.TestTools.RepeatCommand/<ExecuteEnumerable>d__2:MoveNext () (at ./Library/PackageCache/com.unity.test-framework@bd7f943e9647/UnityEngine.TestRunner/NUnitExtensions/Commands/RepeatCommand.cs:36)
UnityEngine.TestTools.IgnoreTestCommand/<ExecuteEnumerable>d__3:MoveNext () (at ./Library/PackageCache/com.unity.test-framework@bd7f943e9647/UnityEngine.TestRunner/NUnitExtensions/Commands/IgnoreTestCommand.cs:42)
UnityEngine.TestTools.StrictCheckCommand/<ExecuteEnumerable>d__2:MoveNext () (at ./Library/PackageCache/com.unity.test-framework@bd7f943e9647/UnityEngine.TestRunner/NUnitExtensions/Commands/StrictCheckCommand.cs:29)
UnityEngine.TestRunner.NUnitExtensions.Runner.DefaultTestWorkItem/<PerformWork>d__2:MoveNext () (at ./Library/PackageCache/com.unity.test-framework@bd7f943e9647/UnityEngine.TestRunner/NUnitExtensions/Runner/DefaultTestWorkItem.cs:50)
UnityEngine.TestRunner.NUnitExtensions.Runner.CompositeWorkItem/<RunChildren>d__17:MoveNext () (at ./Library/PackageCache/com.unity.test-framework@bd7f943e9647/UnityEngine.TestRunner/NUnitExtensions/Runner/CompositeWorkItem.cs:207)
UnityEngine.TestRunner.NUnitExtensions.Runner.CompositeWorkItem/<PerformWork>d__13:MoveNext () (at ./Library/PackageCache/com.unity.test-framework@bd7f943e9647/UnityEngine.TestRunner/NUnitExtensions/Runner/CompositeWorkItem.cs:82)
UnityEngine.TestRunner.NUnitExtensions.Runner.CompositeWorkItem/<RunChildren>d__17:MoveNext () (at ./Library/PackageCache/com.unity.test-framework@bd7f943e9647/UnityEngine.TestRunner/NUnitExtensions/Runner/CompositeWorkItem.cs:207)
UnityEngine.TestRunner.NUnitExtensions.Runner.CompositeWorkItem/<PerformWork>d__13:MoveNext () (at ./Library/PackageCache/com.unity.test-framework@bd7f943e9647/UnityEngine.TestRunner/NUnitExtensions/Runner/CompositeWorkItem.cs:82)
UnityEngine.TestRunner.NUnitExtensions.Runner.CompositeWorkItem/<RunChildren>d__17:MoveNext () (at ./Library/PackageCache/com.unity.test-framework@bd7f943e9647/UnityEngine.TestRunner/NUnitExtensions/Runner/CompositeWorkItem.cs:207)
UnityEngine.TestRunner.NUnitExtensions.Runner.CompositeWorkItem/<PerformWork>d__13:MoveNext () (at ./Library/PackageCache/com.unity.test-framework@bd7f943e9647/UnityEngine.TestRunner/NUnitExtensions/Runner/CompositeWorkItem.cs:82)
UnityEngine.TestRunner.NUnitExtensions.Runner.CompositeWorkItem/<RunChildren>d__17:MoveNext () (at ./Library/PackageCache/com.unity.test-framework@bd7f943e9647/UnityEngine.TestRunner/NUnitExtensions/Runner/CompositeWorkItem.cs:207)
UnityEngine.TestRunner.NUnitExtensions.Runner.CompositeWorkItem/<PerformWork>d__13:MoveNext () (at ./Library/PackageCache/com.unity.test-framework@bd7f943e9647/UnityEngine.TestRunner/NUnitExtensions/Runner/CompositeWorkItem.cs:82)
UnityEngine.TestRunner.NUnitExtensions.Runner.CompositeWorkItem/<RunChildren>d__17:MoveNext () (at ./Library/PackageCache/com.unity.test-framework@bd7f943e9647/UnityEngine.TestRunner/NUnitExtensions/Runner/CompositeWorkItem.cs:207)
UnityEngine.TestRunner.NUnitExtensions.Runner.CompositeWorkItem/<PerformWork>d__13:MoveNext () (at ./Library/PackageCache/com.unity.test-framework@bd7f943e9647/UnityEngine.TestRunner/NUnitExtensions/Runner/CompositeWorkItem.cs:82)
UnityEngine.TestRunner.NUnitExtensions.Runner.CompositeWorkItem/<RunChildren>d__17:MoveNext () (at ./Library/PackageCache/com.unity.test-framework@bd7f943e9647/UnityEngine.TestRunner/NUnitExtensions/Runner/CompositeWorkItem.cs:207)
UnityEngine.TestRunner.NUnitExtensions.Runner.CompositeWorkItem/<PerformWork>d__13:MoveNext () (at ./Library/PackageCache/com.unity.test-framework@bd7f943e9647/UnityEngine.TestRunner/NUnitExtensions/Runner/CompositeWorkItem.cs:82)
UnityEngine.TestRunner.NUnitExtensions.Runner.CompositeWorkItem/<RunChildren>d__17:MoveNext () (at ./Library/PackageCache/com.unity.test-framework@bd7f943e9647/UnityEngine.TestRunner/NUnitExtensions/Runner/CompositeWorkItem.cs:207)
UnityEngine.TestRunner.NUnitExtensions.Runner.CompositeWorkItem/<PerformWork>d__13:MoveNext () (at ./Library/PackageCache/com.unity.test-framework@bd7f943e9647/UnityEngine.TestRunner/NUnitExtensions/Runner/CompositeWorkItem.cs:82)
UnityEngine.TestRunner.NUnitExtensions.Runner.CompositeWorkItem/<RunChildren>d__17:MoveNext () (at ./Library/PackageCache/com.unity.test-framework@bd7f943e9647/UnityEngine.TestRunner/NUnitExtensions/Runner/CompositeWorkItem.cs:207)
UnityEngine.TestRunner.NUnitExtensions.Runner.CompositeWorkItem/<PerformWork>d__13:MoveNext () (at ./Library/PackageCache/com.unity.test-framework@bd7f943e9647/UnityEngine.TestRunner/NUnitExtensions/Runner/CompositeWorkItem.cs:82)
UnityEditor.TestTools.TestRunner.EditModeRunner:MoveNextAndUpdateYieldObject () (at ./Library/PackageCache/com.unity.test-framework@bd7f943e9647/UnityEditor.TestRunner/TestRunner/EditModeRunner.cs:167)
UnityEditor.TestTools.TestRunner.EditModeRunner:TestConsumer (UnityEditor.TestTools.TestRunner.TestRunnerStateSerializer) (at ./Library/PackageCache/com.unity.test-framework@bd7f943e9647/UnityEditor.TestRunner/TestRunner/EditModeRunner.cs:200)
UnityEditor.TestTools.TestRunner.TestRun.Tasks.EditModeRunTask/<Execute>d__1:MoveNext () (at ./Library/PackageCache/com.unity.test-framework@bd7f943e9647/UnityEditor.TestRunner/TestRun/Tasks/EditModeRunTask.cs:48)
UnityEditor.TestTools.TestRunner.TestRun.TestJobRunner:ExecuteStep () (at ./Library/PackageCache/com.unity.test-framework@bd7f943e9647/UnityEditor.TestRunner/TestRun/TestJobRunner.cs:173)
UnityEditor.TestTools.TestRunner.TestRun.TestJobRunner:ExecuteCallback () (at ./Library/PackageCache/com.unity.test-framework@bd7f943e9647/UnityEditor.TestRunner/TestRun/TestJobRunner.cs:108)
UnityEditor.EditorApplication:Internal_CallUpdateFunctions () (at /Users/bokken/build/output/unity/unity/Editor/Mono/EditorApplication.cs:392)

(Filename: ./Packages/com.xrlab.chooguard.foundation/Multiplayer/Tests/Editor/WorldMotionAdapterTests.cs Line: 109)

World motion traversal 0.3 rail_terminal_public -> station_ticket_area steps=227 seconds=0.48317
UnityEngine.Debug:ExtractStackTraceNoAlloc (byte*,int,string)
UnityEngine.StackTraceUtility:ExtractStackTrace () (at /Users/bokken/build/output/unity/unity/Runtime/Export/Scripting/StackTrace.cs:35)
UnityEngine.DebugLogHandler:Internal_Log (UnityEngine.LogType,UnityEngine.LogOption,string,UnityEngine.Object)
UnityEngine.DebugLogHandler:LogFormat (UnityEngine.LogType,UnityEngine.Object,string,object[])
UnityEngine.Logger:Log (UnityEngine.LogType,object)
UnityEngine.Debug:Log (object)
ChooGuard.Foundation.Multiplayer.Tests.WorldMotionAdapterTests:BothProfilesTraverseAllThirteenRegionsAndAllTwentyFourPortalDirections (string,bool,double) (at ./Packages/com.xrlab.chooguard.foundation/Multiplayer/Tests/Editor/WorldMotionAdapterTests.cs:109)
System.Reflection.RuntimeMethodInfo:Invoke (object,System.Reflection.BindingFlags,System.Reflection.Binder,object[],System.Globalization.CultureInfo)
System.Reflection.MethodBase:Invoke (object,object[])
NUnit.Framework.Internal.Reflect:InvokeMethod (System.Reflection.MethodInfo,object,object[])
NUnit.Framework.Internal.MethodWrapper:Invoke (object,object[])
NUnit.Framework.Internal.Commands.TestMethodCommand:RunNonAsyncTestMethod (NUnit.Framework.Internal.ITestExecutionContext)
NUnit.Framework.Internal.Commands.TestMethodCommand:RunTestMethod (NUnit.Framework.Internal.ITestExecutionContext)
NUnit.Framework.Internal.Commands.TestMethodCommand:Execute (NUnit.Framework.Internal.ITestExecutionContext)
UnityEngine.TestTools.UnityTestMethodCommand:Execute (NUnit.Framework.Internal.ITestExecutionContext) (at ./Library/PackageCache/com.unity.test-framework@bd7f943e9647/UnityEngine.TestRunner/NUnitExtensions/Commands/UnityTestMethodCommand.cs:19)
UnityEngine.TestRunner.NUnitExtensions.Runner.UnityLogCheckDelegatingCommand/<>c__DisplayClass2_0:<Execute>b__0 () (at ./Library/PackageCache/com.unity.test-framework@bd7f943e9647/UnityEngine.TestRunner/NUnitExtensions/Runner/UnityLogCheckDelegatingCommand.cs:24)
UnityEngine.TestRunner.NUnitExtensions.Runner.UnityLogCheckDelegatingCommand:CaptureException (NUnit.Framework.Internal.TestResult,System.Action) (at ./Library/PackageCache/com.unity.test-framework@bd7f943e9647/UnityEngine.TestRunner/NUnitExtensions/Runner/UnityLogCheckDelegatingCommand.cs:72)
UnityEngine.TestRunner.NUnitExtensions.Runner.UnityLogCheckDelegatingCommand:ExecuteAndCheckLog (UnityEngine.TestTools.Logging.LogScope,NUnit.Framework.Internal.TestResult,System.Action) (at ./Library/PackageCache/com.unity.test-framework@bd7f943e9647/UnityEngine.TestRunner/NUnitExtensions/Runner/UnityLogCheckDelegatingCommand.cs:83)
UnityEngine.TestRunner.NUnitExtensions.Runner.UnityLogCheckDelegatingCommand:Execute (NUnit.Framework.Internal.ITestExecutionContext) (at ./Library/PackageCache/com.unity.test-framework@bd7f943e9647/UnityEngine.TestRunner/NUnitExtensions/Runner/UnityLogCheckDelegatingCommand.cs:24)
UnityEngine.TestRunner.NUnitExtensions.Runner.UnityLogCheckDelegatingCommand/<ExecuteEnumerable>d__3:MoveNext () (at ./Library/PackageCache/com.unity.test-framework@bd7f943e9647/UnityEngine.TestRunner/NUnitExtensions/Runner/UnityLogCheckDelegatingCommand.cs:35)
UnityEngine.TestTools.BeforeAfterTestCommandBase`1/<ExecuteEnumerable>d__16<NUnit.Framework.ITestAction>:MoveNext () (at ./Library/PackageCache/com.unity.test-framework@bd7f943e9647/UnityEngine.TestRunner/NUnitExtensions/Commands/BeforeAfterTestCommandBase.cs:212)
UnityEngine.TestTools.ImmediateEnumerableCommand:Execute (NUnit.Framework.Internal.ITestExecutionContext) (at ./Library/PackageCache/com.unity.test-framework@bd7f943e9647/UnityEngine.TestRunner/NUnitExtensions/Commands/ImmediateEnumerableCommand.cs:18)
UnityEngine.TestTools.BeforeAfterTestCommandBase`1/<ExecuteEnumerable>d__16<System.Reflection.MethodInfo>:MoveNext () (at ./Library/PackageCache/com.unity.test-framework@bd7f943e9647/UnityEngine.TestRunner/NUnitExtensions/Commands/BeforeAfterTestCommandBase.cs:219)
UnityEngine.TestTools.BeforeAfterTestCommandBase`1/<ExecuteEnumerable>d__16<System.Reflection.MethodInfo>:MoveNext () (at ./Library/PackageCache/com.unity.test-framework@bd7f943e9647/UnityEngine.TestRunner/NUnitExtensions/Commands/BeforeAfterTestCommandBase.cs:212)
UnityEngine.TestTools.BeforeAfterTestCommandBase`1/<ExecuteEnumerable>d__16<UnityEngine.TestTools.IOuterUnityTestAction>:MoveNext () (at ./Library/PackageCache/com.unity.test-framework@bd7f943e9647/UnityEngine.TestRunner/NUnitExtensions/Commands/BeforeAfterTestCommandBase.cs:212)
UnityEngine.TestTools.RetryCommand/<ExecuteEnumerable>d__2:MoveNext () (at ./Library/PackageCache/com.unity.test-framework@bd7f943e9647/UnityEngine.TestRunner/NUnitExtensions/Commands/RetryCommand.cs:37)
UnityEngine.TestTools.RepeatCommand/<ExecuteEnumerable>d__2:MoveNext () (at ./Library/PackageCache/com.unity.test-framework@bd7f943e9647/UnityEngine.TestRunner/NUnitExtensions/Commands/RepeatCommand.cs:36)
UnityEngine.TestTools.IgnoreTestCommand/<ExecuteEnumerable>d__3:MoveNext () (at ./Library/PackageCache/com.unity.test-framework@bd7f943e9647/UnityEngine.TestRunner/NUnitExtensions/Commands/IgnoreTestCommand.cs:42)
UnityEngine.TestTools.StrictCheckCommand/<ExecuteEnumerable>d__2:MoveNext () (at ./Library/PackageCache/com.unity.test-framework@bd7f943e9647/UnityEngine.TestRunner/NUnitExtensions/Commands/StrictCheckCommand.cs:29)
UnityEngine.TestRunner.NUnitExtensions.Runner.DefaultTestWorkItem/<PerformWork>d__2:MoveNext () (at ./Library/PackageCache/com.unity.test-framework@bd7f943e9647/UnityEngine.TestRunner/NUnitExtensions/Runner/DefaultTestWorkItem.cs:50)
UnityEngine.TestRunner.NUnitExtensions.Runner.CompositeWorkItem/<RunChildren>d__17:MoveNext () (at ./Library/PackageCache/com.unity.test-framework@bd7f943e9647/UnityEngine.TestRunner/NUnitExtensions/Runner/CompositeWorkItem.cs:207)
UnityEngine.TestRunner.NUnitExtensions.Runner.CompositeWorkItem/<PerformWork>d__13:MoveNext () (at ./Library/PackageCache/com.unity.test-framework@bd7f943e9647/UnityEngine.TestRunner/NUnitExtensions/Runner/CompositeWorkItem.cs:82)
UnityEngine.TestRunner.NUnitExtensions.Runner.CompositeWorkItem/<RunChildren>d__17:MoveNext () (at ./Library/PackageCache/com.unity.test-framework@bd7f943e9647/UnityEngine.TestRunner/NUnitExtensions/Runner/CompositeWorkItem.cs:207)
UnityEngine.TestRunner.NUnitExtensions.Runner.CompositeWorkItem/<PerformWork>d__13:MoveNext () (at ./Library/PackageCache/com.unity.test-framework@bd7f943e9647/UnityEngine.TestRunner/NUnitExtensions/Runner/CompositeWorkItem.cs:82)
UnityEngine.TestRunner.NUnitExtensions.Runner.CompositeWorkItem/<RunChildren>d__17:MoveNext () (at ./Library/PackageCache/com.unity.test-framework@bd7f943e9647/UnityEngine.TestRunner/NUnitExtensions/Runner/CompositeWorkItem.cs:207)
UnityEngine.TestRunner.NUnitExtensions.Runner.CompositeWorkItem/<PerformWork>d__13:MoveNext () (at ./Library/PackageCache/com.unity.test-framework@bd7f943e9647/UnityEngine.TestRunner/NUnitExtensions/Runner/CompositeWorkItem.cs:82)
UnityEngine.TestRunner.NUnitExtensions.Runner.CompositeWorkItem/<RunChildren>d__17:MoveNext () (at ./Library/PackageCache/com.unity.test-framework@bd7f943e9647/UnityEngine.TestRunner/NUnitExtensions/Runner/CompositeWorkItem.cs:207)
UnityEngine.TestRunner.NUnitExtensions.Runner.CompositeWorkItem/<PerformWork>d__13:MoveNext () (at ./Library/PackageCache/com.unity.test-framework@bd7f943e9647/UnityEngine.TestRunner/NUnitExtensions/Runner/CompositeWorkItem.cs:82)
UnityEngine.TestRunner.NUnitExtensions.Runner.CompositeWorkItem/<RunChildren>d__17:MoveNext () (at ./Library/PackageCache/com.unity.test-framework@bd7f943e9647/UnityEngine.TestRunner/NUnitExtensions/Runner/CompositeWorkItem.cs:207)
UnityEngine.TestRunner.NUnitExtensions.Runner.CompositeWorkItem/<PerformWork>d__13:MoveNext () (at ./Library/PackageCache/com.unity.test-framework@bd7f943e9647/UnityEngine.TestRunner/NUnitExtensions/Runner/CompositeWorkItem.cs:82)
UnityEngine.TestRunner.NUnitExtensions.Runner.CompositeWorkItem/<RunChildren>d__17:MoveNext () (at ./Library/PackageCache/com.unity.test-framework@bd7f943e9647/UnityEngine.TestRunner/NUnitExtensions/Runner/CompositeWorkItem.cs:207)
UnityEngine.TestRunner.NUnitExtensions.Runner.CompositeWorkItem/<PerformWork>d__13:MoveNext () (at ./Library/PackageCache/com.unity.test-framework@bd7f943e9647/UnityEngine.TestRunner/NUnitExtensions/Runner/CompositeWorkItem.cs:82)
UnityEngine.TestRunner.NUnitExtensions.Runner.CompositeWorkItem/<RunChildren>d__17:MoveNext () (at ./Library/PackageCache/com.unity.test-framework@bd7f943e9647/UnityEngine.TestRunner/NUnitExtensions/Runner/CompositeWorkItem.cs:207)
UnityEngine.TestRunner.NUnitExtensions.Runner.CompositeWorkItem/<PerformWork>d__13:MoveNext () (at ./Library/PackageCache/com.unity.test-framework@bd7f943e9647/UnityEngine.TestRunner/NUnitExtensions/Runner/CompositeWorkItem.cs:82)
UnityEngine.TestRunner.NUnitExtensions.Runner.CompositeWorkItem/<RunChildren>d__17:MoveNext () (at ./Library/PackageCache/com.unity.test-framework@bd7f943e9647/UnityEngine.TestRunner/NUnitExtensions/Runner/CompositeWorkItem.cs:207)
UnityEngine.TestRunner.NUnitExtensions.Runner.CompositeWorkItem/<PerformWork>d__13:MoveNext () (at ./Library/PackageCache/com.unity.test-framework@bd7f943e9647/UnityEngine.TestRunner/NUnitExtensions/Runner/CompositeWorkItem.cs:82)
UnityEditor.TestTools.TestRunner.EditModeRunner:MoveNextAndUpdateYieldObject () (at ./Library/PackageCache/com.unity.test-framework@bd7f943e9647/UnityEditor.TestRunner/TestRunner/EditModeRunner.cs:167)
UnityEditor.TestTools.TestRunner.EditModeRunner:TestConsumer (UnityEditor.TestTools.TestRunner.TestRunnerStateSerializer) (at ./Library/PackageCache/com.unity.test-framework@bd7f943e9647/UnityEditor.TestRunner/TestRunner/EditModeRunner.cs:200)
UnityEditor.TestTools.TestRunner.TestRun.Tasks.EditModeRunTask/<Execute>d__1:MoveNext () (at ./Library/PackageCache/com.unity.test-framework@bd7f943e9647/UnityEditor.TestRunner/TestRun/Tasks/EditModeRunTask.cs:48)
UnityEditor.TestTools.TestRunner.TestRun.TestJobRunner:ExecuteStep () (at ./Library/PackageCache/com.unity.test-framework@bd7f943e9647/UnityEditor.TestRunner/TestRun/TestJobRunner.cs:173)
UnityEditor.TestTools.TestRunner.TestRun.TestJobRunner:ExecuteCallback () (at ./Library/PackageCache/com.unity.test-framework@bd7f943e9647/UnityEditor.TestRunner/TestRun/TestJobRunner.cs:108)
UnityEditor.EditorApplication:Internal_CallUpdateFunctions () (at /Users/bokken/build/output/unity/unity/Editor/Mono/EditorApplication.cs:392)

(Filename: ./Packages/com.xrlab.chooguard.foundation/Multiplayer/Tests/Editor/WorldMotionAdapterTests.cs Line: 109)

World motion traversal 0.3 rail_terminal_public -> underground_connector steps=599 seconds=1.1341813
UnityEngine.Debug:ExtractStackTraceNoAlloc (byte*,int,string)
UnityEngine.StackTraceUtility:ExtractStackTrace () (at /Users/bokken/build/output/unity/unity/Runtime/Export/Scripting/StackTrace.cs:35)
UnityEngine.DebugLogHandler:Internal_Log (UnityEngine.LogType,UnityEngine.LogOption,string,UnityEngine.Object)
UnityEngine.DebugLogHandler:LogFormat (UnityEngine.LogType,UnityEngine.Object,string,object[])
UnityEngine.Logger:Log (UnityEngine.LogType,object)
UnityEngine.Debug:Log (object)
ChooGuard.Foundation.Multiplayer.Tests.WorldMotionAdapterTests:BothProfilesTraverseAllThirteenRegionsAndAllTwentyFourPortalDirections (string,bool,double) (at ./Packages/com.xrlab.chooguard.foundation/Multiplayer/Tests/Editor/WorldMotionAdapterTests.cs:109)
System.Reflection.RuntimeMethodInfo:Invoke (object,System.Reflection.BindingFlags,System.Reflection.Binder,object[],System.Globalization.CultureInfo)
System.Reflection.MethodBase:Invoke (object,object[])
NUnit.Framework.Internal.Reflect:InvokeMethod (System.Reflection.MethodInfo,object,object[])
NUnit.Framework.Internal.MethodWrapper:Invoke (object,object[])
NUnit.Framework.Internal.Commands.TestMethodCommand:RunNonAsyncTestMethod (NUnit.Framework.Internal.ITestExecutionContext)
NUnit.Framework.Internal.Commands.TestMethodCommand:RunTestMethod (NUnit.Framework.Internal.ITestExecutionContext)
NUnit.Framework.Internal.Commands.TestMethodCommand:Execute (NUnit.Framework.Internal.ITestExecutionContext)
UnityEngine.TestTools.UnityTestMethodCommand:Execute (NUnit.Framework.Internal.ITestExecutionContext) (at ./Library/PackageCache/com.unity.test-framework@bd7f943e9647/UnityEngine.TestRunner/NUnitExtensions/Commands/UnityTestMethodCommand.cs:19)
UnityEngine.TestRunner.NUnitExtensions.Runner.UnityLogCheckDelegatingCommand/<>c__DisplayClass2_0:<Execute>b__0 () (at ./Library/PackageCache/com.unity.test-framework@bd7f943e9647/UnityEngine.TestRunner/NUnitExtensions/Runner/UnityLogCheckDelegatingCommand.cs:24)
UnityEngine.TestRunner.NUnitExtensions.Runner.UnityLogCheckDelegatingCommand:CaptureException (NUnit.Framework.Internal.TestResult,System.Action) (at ./Library/PackageCache/com.unity.test-framework@bd7f943e9647/UnityEngine.TestRunner/NUnitExtensions/Runner/UnityLogCheckDelegatingCommand.cs:72)
UnityEngine.TestRunner.NUnitExtensions.Runner.UnityLogCheckDelegatingCommand:ExecuteAndCheckLog (UnityEngine.TestTools.Logging.LogScope,NUnit.Framework.Internal.TestResult,System.Action) (at ./Library/PackageCache/com.unity.test-framework@bd7f943e9647/UnityEngine.TestRunner/NUnitExtensions/Runner/UnityLogCheckDelegatingCommand.cs:83)
UnityEngine.TestRunner.NUnitExtensions.Runner.UnityLogCheckDelegatingCommand:Execute (NUnit.Framework.Internal.ITestExecutionContext) (at ./Library/PackageCache/com.unity.test-framework@bd7f943e9647/UnityEngine.TestRunner/NUnitExtensions/Runner/UnityLogCheckDelegatingCommand.cs:24)
UnityEngine.TestRunner.NUnitExtensions.Runner.UnityLogCheckDelegatingCommand/<ExecuteEnumerable>d__3:MoveNext () (at ./Library/PackageCache/com.unity.test-framework@bd7f943e9647/UnityEngine.TestRunner/NUnitExtensions/Runner/UnityLogCheckDelegatingCommand.cs:35)
UnityEngine.TestTools.BeforeAfterTestCommandBase`1/<ExecuteEnumerable>d__16<NUnit.Framework.ITestAction>:MoveNext () (at ./Library/PackageCache/com.unity.test-framework@bd7f943e9647/UnityEngine.TestRunner/NUnitExtensions/Commands/BeforeAfterTestCommandBase.cs:212)
UnityEngine.TestTools.ImmediateEnumerableCommand:Execute (NUnit.Framework.Internal.ITestExecutionContext) (at ./Library/PackageCache/com.unity.test-framework@bd7f943e9647/UnityEngine.TestRunner/NUnitExtensions/Commands/ImmediateEnumerableCommand.cs:18)
UnityEngine.TestTools.BeforeAfterTestCommandBase`1/<ExecuteEnumerable>d__16<System.Reflection.MethodInfo>:MoveNext () (at ./Library/PackageCache/com.unity.test-framework@bd7f943e9647/UnityEngine.TestRunner/NUnitExtensions/Commands/BeforeAfterTestCommandBase.cs:219)
UnityEngine.TestTools.BeforeAfterTestCommandBase`1/<ExecuteEnumerable>d__16<System.Reflection.MethodInfo>:MoveNext () (at ./Library/PackageCache/com.unity.test-framework@bd7f943e9647/UnityEngine.TestRunner/NUnitExtensions/Commands/BeforeAfterTestCommandBase.cs:212)
UnityEngine.TestTools.BeforeAfterTestCommandBase`1/<ExecuteEnumerable>d__16<UnityEngine.TestTools.IOuterUnityTestAction>:MoveNext () (at ./Library/PackageCache/com.unity.test-framework@bd7f943e9647/UnityEngine.TestRunner/NUnitExtensions/Commands/BeforeAfterTestCommandBase.cs:212)
UnityEngine.TestTools.RetryCommand/<ExecuteEnumerable>d__2:MoveNext () (at ./Library/PackageCache/com.unity.test-framework@bd7f943e9647/UnityEngine.TestRunner/NUnitExtensions/Commands/RetryCommand.cs:37)
UnityEngine.TestTools.RepeatCommand/<ExecuteEnumerable>d__2:MoveNext () (at ./Library/PackageCache/com.unity.test-framework@bd7f943e9647/UnityEngine.TestRunner/NUnitExtensions/Commands/RepeatCommand.cs:36)
UnityEngine.TestTools.IgnoreTestCommand/<ExecuteEnumerable>d__3:MoveNext () (at ./Library/PackageCache/com.unity.test-framework@bd7f943e9647/UnityEngine.TestRunner/NUnitExtensions/Commands/IgnoreTestCommand.cs:42)
UnityEngine.TestTools.StrictCheckCommand/<ExecuteEnumerable>d__2:MoveNext () (at ./Library/PackageCache/com.unity.test-framework@bd7f943e9647/UnityEngine.TestRunner/NUnitExtensions/Commands/StrictCheckCommand.cs:29)
UnityEngine.TestRunner.NUnitExtensions.Runner.DefaultTestWorkItem/<PerformWork>d__2:MoveNext () (at ./Library/PackageCache/com.unity.test-framework@bd7f943e9647/UnityEngine.TestRunner/NUnitExtensions/Runner/DefaultTestWorkItem.cs:50)
UnityEngine.TestRunner.NUnitExtensions.Runner.CompositeWorkItem/<RunChildren>d__17:MoveNext () (at ./Library/PackageCache/com.unity.test-framework@bd7f943e9647/UnityEngine.TestRunner/NUnitExtensions/Runner/CompositeWorkItem.cs:207)
UnityEngine.TestRunner.NUnitExtensions.Runner.CompositeWorkItem/<PerformWork>d__13:MoveNext () (at ./Library/PackageCache/com.unity.test-framework@bd7f943e9647/UnityEngine.TestRunner/NUnitExtensions/Runner/CompositeWorkItem.cs:82)
UnityEngine.TestRunner.NUnitExtensions.Runner.CompositeWorkItem/<RunChildren>d__17:MoveNext () (at ./Library/PackageCache/com.unity.test-framework@bd7f943e9647/UnityEngine.TestRunner/NUnitExtensions/Runner/CompositeWorkItem.cs:207)
UnityEngine.TestRunner.NUnitExtensions.Runner.CompositeWorkItem/<PerformWork>d__13:MoveNext () (at ./Library/PackageCache/com.unity.test-framework@bd7f943e9647/UnityEngine.TestRunner/NUnitExtensions/Runner/CompositeWorkItem.cs:82)
UnityEngine.TestRunner.NUnitExtensions.Runner.CompositeWorkItem/<RunChildren>d__17:MoveNext () (at ./Library/PackageCache/com.unity.test-framework@bd7f943e9647/UnityEngine.TestRunner/NUnitExtensions/Runner/CompositeWorkItem.cs:207)
UnityEngine.TestRunner.NUnitExtensions.Runner.CompositeWorkItem/<PerformWork>d__13:MoveNext () (at ./Library/PackageCache/com.unity.test-framework@bd7f943e9647/UnityEngine.TestRunner/NUnitExtensions/Runner/CompositeWorkItem.cs:82)
UnityEngine.TestRunner.NUnitExtensions.Runner.CompositeWorkItem/<RunChildren>d__17:MoveNext () (at ./Library/PackageCache/com.unity.test-framework@bd7f943e9647/UnityEngine.TestRunner/NUnitExtensions/Runner/CompositeWorkItem.cs:207)
UnityEngine.TestRunner.NUnitExtensions.Runner.CompositeWorkItem/<PerformWork>d__13:MoveNext () (at ./Library/PackageCache/com.unity.test-framework@bd7f943e9647/UnityEngine.TestRunner/NUnitExtensions/Runner/CompositeWorkItem.cs:82)
UnityEngine.TestRunner.NUnitExtensions.Runner.CompositeWorkItem/<RunChildren>d__17:MoveNext () (at ./Library/PackageCache/com.unity.test-framework@bd7f943e9647/UnityEngine.TestRunner/NUnitExtensions/Runner/CompositeWorkItem.cs:207)
UnityEngine.TestRunner.NUnitExtensions.Runner.CompositeWorkItem/<PerformWork>d__13:MoveNext () (at ./Library/PackageCache/com.unity.test-framework@bd7f943e9647/UnityEngine.TestRunner/NUnitExtensions/Runner/CompositeWorkItem.cs:82)
UnityEngine.TestRunner.NUnitExtensions.Runner.CompositeWorkItem/<RunChildren>d__17:MoveNext () (at ./Library/PackageCache/com.unity.test-framework@bd7f943e9647/UnityEngine.TestRunner/NUnitExtensions/Runner/CompositeWorkItem.cs:207)
UnityEngine.TestRunner.NUnitExtensions.Runner.CompositeWorkItem/<PerformWork>d__13:MoveNext () (at ./Library/PackageCache/com.unity.test-framework@bd7f943e9647/UnityEngine.TestRunner/NUnitExtensions/Runner/CompositeWorkItem.cs:82)
UnityEngine.TestRunner.NUnitExtensions.Runner.CompositeWorkItem/<RunChildren>d__17:MoveNext () (at ./Library/PackageCache/com.unity.test-framework@bd7f943e9647/UnityEngine.TestRunner/NUnitExtensions/Runner/CompositeWorkItem.cs:207)
UnityEngine.TestRunner.NUnitExtensions.Runner.CompositeWorkItem/<PerformWork>d__13:MoveNext () (at ./Library/PackageCache/com.unity.test-framework@bd7f943e9647/UnityEngine.TestRunner/NUnitExtensions/Runner/CompositeWorkItem.cs:82)
UnityEngine.TestRunner.NUnitExtensions.Runner.CompositeWorkItem/<RunChildren>d__17:MoveNext () (at ./Library/PackageCache/com.unity.test-framework@bd7f943e9647/UnityEngine.TestRunner/NUnitExtensions/Runner/CompositeWorkItem.cs:207)
UnityEngine.TestRunner.NUnitExtensions.Runner.CompositeWorkItem/<PerformWork>d__13:MoveNext () (at ./Library/PackageCache/com.unity.test-framework@bd7f943e9647/UnityEngine.TestRunner/NUnitExtensions/Runner/CompositeWorkItem.cs:82)
UnityEditor.TestTools.TestRunner.EditModeRunner:MoveNextAndUpdateYieldObject () (at ./Library/PackageCache/com.unity.test-framework@bd7f943e9647/UnityEditor.TestRunner/TestRunner/EditModeRunner.cs:167)
UnityEditor.TestTools.TestRunner.EditModeRunner:TestConsumer (UnityEditor.TestTools.TestRunner.TestRunnerStateSerializer) (at ./Library/PackageCache/com.unity.test-framework@bd7f943e9647/UnityEditor.TestRunner/TestRunner/EditModeRunner.cs:200)
UnityEditor.TestTools.TestRunner.TestRun.Tasks.EditModeRunTask/<Execute>d__1:MoveNext () (at ./Library/PackageCache/com.unity.test-framework@bd7f943e9647/UnityEditor.TestRunner/TestRun/Tasks/EditModeRunTask.cs:48)
UnityEditor.TestTools.TestRunner.TestRun.TestJobRunner:ExecuteStep () (at ./Library/PackageCache/com.unity.test-framework@bd7f943e9647/UnityEditor.TestRunner/TestRun/TestJobRunner.cs:173)
UnityEditor.TestTools.TestRunner.TestRun.TestJobRunner:ExecuteCallback () (at ./Library/PackageCache/com.unity.test-framework@bd7f943e9647/UnityEditor.TestRunner/TestRun/TestJobRunner.cs:108)
UnityEditor.EditorApplication:Internal_CallUpdateFunctions () (at /Users/bokken/build/output/unity/unity/Editor/Mono/EditorApplication.cs:392)

(Filename: ./Packages/com.xrlab.chooguard.foundation/Multiplayer/Tests/Editor/WorldMotionAdapterTests.cs Line: 109)

World motion traversal 0.3 underground_connector -> rail_terminal_public steps=599 seconds=1.3551848
UnityEngine.Debug:ExtractStackTraceNoAlloc (byte*,int,string)
UnityEngine.StackTraceUtility:ExtractStackTrace () (at /Users/bokken/build/output/unity/unity/Runtime/Export/Scripting/StackTrace.cs:35)
UnityEngine.DebugLogHandler:Internal_Log (UnityEngine.LogType,UnityEngine.LogOption,string,UnityEngine.Object)
UnityEngine.DebugLogHandler:LogFormat (UnityEngine.LogType,UnityEngine.Object,string,object[])
UnityEngine.Logger:Log (UnityEngine.LogType,object)
UnityEngine.Debug:Log (object)
ChooGuard.Foundation.Multiplayer.Tests.WorldMotionAdapterTests:BothProfilesTraverseAllThirteenRegionsAndAllTwentyFourPortalDirections (string,bool,double) (at ./Packages/com.xrlab.chooguard.foundation/Multiplayer/Tests/Editor/WorldMotionAdapterTests.cs:109)
System.Reflection.RuntimeMethodInfo:Invoke (object,System.Reflection.BindingFlags,System.Reflection.Binder,object[],System.Globalization.CultureInfo)
System.Reflection.MethodBase:Invoke (object,object[])
NUnit.Framework.Internal.Reflect:InvokeMethod (System.Reflection.MethodInfo,object,object[])
NUnit.Framework.Internal.MethodWrapper:Invoke (object,object[])
NUnit.Framework.Internal.Commands.TestMethodCommand:RunNonAsyncTestMethod (NUnit.Framework.Internal.ITestExecutionContext)
NUnit.Framework.Internal.Commands.TestMethodCommand:RunTestMethod (NUnit.Framework.Internal.ITestExecutionContext)
NUnit.Framework.Internal.Commands.TestMethodCommand:Execute (NUnit.Framework.Internal.ITestExecutionContext)
UnityEngine.TestTools.UnityTestMethodCommand:Execute (NUnit.Framework.Internal.ITestExecutionContext) (at ./Library/PackageCache/com.unity.test-framework@bd7f943e9647/UnityEngine.TestRunner/NUnitExtensions/Commands/UnityTestMethodCommand.cs:19)
UnityEngine.TestRunner.NUnitExtensions.Runner.UnityLogCheckDelegatingCommand/<>c__DisplayClass2_0:<Execute>b__0 () (at ./Library/PackageCache/com.unity.test-framework@bd7f943e9647/UnityEngine.TestRunner/NUnitExtensions/Runner/UnityLogCheckDelegatingCommand.cs:24)
UnityEngine.TestRunner.NUnitExtensions.Runner.UnityLogCheckDelegatingCommand:CaptureException (NUnit.Framework.Internal.TestResult,System.Action) (at ./Library/PackageCache/com.unity.test-framework@bd7f943e9647/UnityEngine.TestRunner/NUnitExtensions/Runner/UnityLogCheckDelegatingCommand.cs:72)
UnityEngine.TestRunner.NUnitExtensions.Runner.UnityLogCheckDelegatingCommand:ExecuteAndCheckLog (UnityEngine.TestTools.Logging.LogScope,NUnit.Framework.Internal.TestResult,System.Action) (at ./Library/PackageCache/com.unity.test-framework@bd7f943e9647/UnityEngine.TestRunner/NUnitExtensions/Runner/UnityLogCheckDelegatingCommand.cs:83)
UnityEngine.TestRunner.NUnitExtensions.Runner.UnityLogCheckDelegatingCommand:Execute (NUnit.Framework.Internal.ITestExecutionContext) (at ./Library/PackageCache/com.unity.test-framework@bd7f943e9647/UnityEngine.TestRunner/NUnitExtensions/Runner/UnityLogCheckDelegatingCommand.cs:24)
UnityEngine.TestRunner.NUnitExtensions.Runner.UnityLogCheckDelegatingCommand/<ExecuteEnumerable>d__3:MoveNext () (at ./Library/PackageCache/com.unity.test-framework@bd7f943e9647/UnityEngine.TestRunner/NUnitExtensions/Runner/UnityLogCheckDelegatingCommand.cs:35)
UnityEngine.TestTools.BeforeAfterTestCommandBase`1/<ExecuteEnumerable>d__16<NUnit.Framework.ITestAction>:MoveNext () (at ./Library/PackageCache/com.unity.test-framework@bd7f943e9647/UnityEngine.TestRunner/NUnitExtensions/Commands/BeforeAfterTestCommandBase.cs:212)
UnityEngine.TestTools.ImmediateEnumerableCommand:Execute (NUnit.Framework.Internal.ITestExecutionContext) (at ./Library/PackageCache/com.unity.test-framework@bd7f943e9647/UnityEngine.TestRunner/NUnitExtensions/Commands/ImmediateEnumerableCommand.cs:18)
UnityEngine.TestTools.BeforeAfterTestCommandBase`1/<ExecuteEnumerable>d__16<System.Reflection.MethodInfo>:MoveNext () (at ./Library/PackageCache/com.unity.test-framework@bd7f943e9647/UnityEngine.TestRunner/NUnitExtensions/Commands/BeforeAfterTestCommandBase.cs:219)
UnityEngine.TestTools.BeforeAfterTestCommandBase`1/<ExecuteEnumerable>d__16<System.Reflection.MethodInfo>:MoveNext () (at ./Library/PackageCache/com.unity.test-framework@bd7f943e9647/UnityEngine.TestRunner/NUnitExtensions/Commands/BeforeAfterTestCommandBase.cs:212)
UnityEngine.TestTools.BeforeAfterTestCommandBase`1/<ExecuteEnumerable>d__16<UnityEngine.TestTools.IOuterUnityTestAction>:MoveNext () (at ./Library/PackageCache/com.unity.test-framework@bd7f943e9647/UnityEngine.TestRunner/NUnitExtensions/Commands/BeforeAfterTestCommandBase.cs:212)
UnityEngine.TestTools.RetryCommand/<ExecuteEnumerable>d__2:MoveNext () (at ./Library/PackageCache/com.unity.test-framework@bd7f943e9647/UnityEngine.TestRunner/NUnitExtensions/Commands/RetryCommand.cs:37)
UnityEngine.TestTools.RepeatCommand/<ExecuteEnumerable>d__2:MoveNext () (at ./Library/PackageCache/com.unity.test-framework@bd7f943e9647/UnityEngine.TestRunner/NUnitExtensions/Commands/RepeatCommand.cs:36)
UnityEngine.TestTools.IgnoreTestCommand/<ExecuteEnumerable>d__3:MoveNext () (at ./Library/PackageCache/com.unity.test-framework@bd7f943e9647/UnityEngine.TestRunner/NUnitExtensions/Commands/IgnoreTestCommand.cs:42)
UnityEngine.TestTools.StrictCheckCommand/<ExecuteEnumerable>d__2:MoveNext () (at ./Library/PackageCache/com.unity.test-framework@bd7f943e9647/UnityEngine.TestRunner/NUnitExtensions/Commands/StrictCheckCommand.cs:29)
UnityEngine.TestRunner.NUnitExtensions.Runner.DefaultTestWorkItem/<PerformWork>d__2:MoveNext () (at ./Library/PackageCache/com.unity.test-framework@bd7f943e9647/UnityEngine.TestRunner/NUnitExtensions/Runner/DefaultTestWorkItem.cs:50)
UnityEngine.TestRunner.NUnitExtensions.Runner.CompositeWorkItem/<RunChildren>d__17:MoveNext () (at ./Library/PackageCache/com.unity.test-framework@bd7f943e9647/UnityEngine.TestRunner/NUnitExtensions/Runner/CompositeWorkItem.cs:207)
UnityEngine.TestRunner.NUnitExtensions.Runner.CompositeWorkItem/<PerformWork>d__13:MoveNext () (at ./Library/PackageCache/com.unity.test-framework@bd7f943e9647/UnityEngine.TestRunner/NUnitExtensions/Runner/CompositeWorkItem.cs:82)
UnityEngine.TestRunner.NUnitExtensions.Runner.CompositeWorkItem/<RunChildren>d__17:MoveNext () (at ./Library/PackageCache/com.unity.test-framework@bd7f943e9647/UnityEngine.TestRunner/NUnitExtensions/Runner/CompositeWorkItem.cs:207)
UnityEngine.TestRunner.NUnitExtensions.Runner.CompositeWorkItem/<PerformWork>d__13:MoveNext () (at ./Library/PackageCache/com.unity.test-framework@bd7f943e9647/UnityEngine.TestRunner/NUnitExtensions/Runner/CompositeWorkItem.cs:82)
UnityEngine.TestRunner.NUnitExtensions.Runner.CompositeWorkItem/<RunChildren>d__17:MoveNext () (at ./Library/PackageCache/com.unity.test-framework@bd7f943e9647/UnityEngine.TestRunner/NUnitExtensions/Runner/CompositeWorkItem.cs:207)
UnityEngine.TestRunner.NUnitExtensions.Runner.CompositeWorkItem/<PerformWork>d__13:MoveNext () (at ./Library/PackageCache/com.unity.test-framework@bd7f943e9647/UnityEngine.TestRunner/NUnitExtensions/Runner/CompositeWorkItem.cs:82)
UnityEngine.TestRunner.NUnitExtensions.Runner.CompositeWorkItem/<RunChildren>d__17:MoveNext () (at ./Library/PackageCache/com.unity.test-framework@bd7f943e9647/UnityEngine.TestRunner/NUnitExtensions/Runner/CompositeWorkItem.cs:207)
UnityEngine.TestRunner.NUnitExtensions.Runner.CompositeWorkItem/<PerformWork>d__13:MoveNext () (at ./Library/PackageCache/com.unity.test-framework@bd7f943e9647/UnityEngine.TestRunner/NUnitExtensions/Runner/CompositeWorkItem.cs:82)
UnityEngine.TestRunner.NUnitExtensions.Runner.CompositeWorkItem/<RunChildren>d__17:MoveNext () (at ./Library/PackageCache/com.unity.test-framework@bd7f943e9647/UnityEngine.TestRunner/NUnitExtensions/Runner/CompositeWorkItem.cs:207)
UnityEngine.TestRunner.NUnitExtensions.Runner.CompositeWorkItem/<PerformWork>d__13:MoveNext () (at ./Library/PackageCache/com.unity.test-framework@bd7f943e9647/UnityEngine.TestRunner/NUnitExtensions/Runner/CompositeWorkItem.cs:82)
UnityEngine.TestRunner.NUnitExtensions.Runner.CompositeWorkItem/<RunChildren>d__17:MoveNext () (at ./Library/PackageCache/com.unity.test-framework@bd7f943e9647/UnityEngine.TestRunner/NUnitExtensions/Runner/CompositeWorkItem.cs:207)
UnityEngine.TestRunner.NUnitExtensions.Runner.CompositeWorkItem/<PerformWork>d__13:MoveNext () (at ./Library/PackageCache/com.unity.test-framework@bd7f943e9647/UnityEngine.TestRunner/NUnitExtensions/Runner/CompositeWorkItem.cs:82)
UnityEngine.TestRunner.NUnitExtensions.Runner.CompositeWorkItem/<RunChildren>d__17:MoveNext () (at ./Library/PackageCache/com.unity.test-framework@bd7f943e9647/UnityEngine.TestRunner/NUnitExtensions/Runner/CompositeWorkItem.cs:207)
UnityEngine.TestRunner.NUnitExtensions.Runner.CompositeWorkItem/<PerformWork>d__13:MoveNext () (at ./Library/PackageCache/com.unity.test-framework@bd7f943e9647/UnityEngine.TestRunner/NUnitExtensions/Runner/CompositeWorkItem.cs:82)
UnityEngine.TestRunner.NUnitExtensions.Runner.CompositeWorkItem/<RunChildren>d__17:MoveNext () (at ./Library/PackageCache/com.unity.test-framework@bd7f943e9647/UnityEngine.TestRunner/NUnitExtensions/Runner/CompositeWorkItem.cs:207)
UnityEngine.TestRunner.NUnitExtensions.Runner.CompositeWorkItem/<PerformWork>d__13:MoveNext () (at ./Library/PackageCache/com.unity.test-framework@bd7f943e9647/UnityEngine.TestRunner/NUnitExtensions/Runner/CompositeWorkItem.cs:82)
UnityEditor.TestTools.TestRunner.EditModeRunner:MoveNextAndUpdateYieldObject () (at ./Library/PackageCache/com.unity.test-framework@bd7f943e9647/UnityEditor.TestRunner/TestRunner/EditModeRunner.cs:167)
UnityEditor.TestTools.TestRunner.EditModeRunner:TestConsumer (UnityEditor.TestTools.TestRunner.TestRunnerStateSerializer) (at ./Library/PackageCache/com.unity.test-framework@bd7f943e9647/UnityEditor.TestRunner/TestRunner/EditModeRunner.cs:200)
UnityEditor.TestTools.TestRunner.TestRun.Tasks.EditModeRunTask/<Execute>d__1:MoveNext () (at ./Library/PackageCache/com.unity.test-framework@bd7f943e9647/UnityEditor.TestRunner/TestRun/Tasks/EditModeRunTask.cs:48)
UnityEditor.TestTools.TestRunner.TestRun.TestJobRunner:ExecuteStep () (at ./Library/PackageCache/com.unity.test-framework@bd7f943e9647/UnityEditor.TestRunner/TestRun/TestJobRunner.cs:173)
UnityEditor.TestTools.TestRunner.TestRun.TestJobRunner:ExecuteCallback () (at ./Library/PackageCache/com.unity.test-framework@bd7f943e9647/UnityEditor.TestRunner/TestRun/TestJobRunner.cs:108)
UnityEditor.EditorApplication:Internal_CallUpdateFunctions () (at /Users/bokken/build/output/unity/unity/Editor/Mono/EditorApplication.cs:392)

(Filename: ./Packages/com.xrlab.chooguard.foundation/Multiplayer/Tests/Editor/WorldMotionAdapterTests.cs Line: 109)

World motion traversal 0.3 forecourt_eurasia -> underground_connector steps=243 seconds=0.5573389
UnityEngine.Debug:ExtractStackTraceNoAlloc (byte*,int,string)
UnityEngine.StackTraceUtility:ExtractStackTrace () (at /Users/bokken/build/output/unity/unity/Runtime/Export/Scripting/StackTrace.cs:35)
UnityEngine.DebugLogHandler:Internal_Log (UnityEngine.LogType,UnityEngine.LogOption,string,UnityEngine.Object)
UnityEngine.DebugLogHandler:LogFormat (UnityEngine.LogType,UnityEngine.Object,string,object[])
UnityEngine.Logger:Log (UnityEngine.LogType,object)
UnityEngine.Debug:Log (object)
ChooGuard.Foundation.Multiplayer.Tests.WorldMotionAdapterTests:BothProfilesTraverseAllThirteenRegionsAndAllTwentyFourPortalDirections (string,bool,double) (at ./Packages/com.xrlab.chooguard.foundation/Multiplayer/Tests/Editor/WorldMotionAdapterTests.cs:109)
System.Reflection.RuntimeMethodInfo:Invoke (object,System.Reflection.BindingFlags,System.Reflection.Binder,object[],System.Globalization.CultureInfo)
System.Reflection.MethodBase:Invoke (object,object[])
NUnit.Framework.Internal.Reflect:InvokeMethod (System.Reflection.MethodInfo,object,object[])
NUnit.Framework.Internal.MethodWrapper:Invoke (object,object[])
NUnit.Framework.Internal.Commands.TestMethodCommand:RunNonAsyncTestMethod (NUnit.Framework.Internal.ITestExecutionContext)
NUnit.Framework.Internal.Commands.TestMethodCommand:RunTestMethod (NUnit.Framework.Internal.ITestExecutionContext)
NUnit.Framework.Internal.Commands.TestMethodCommand:Execute (NUnit.Framework.Internal.ITestExecutionContext)
UnityEngine.TestTools.UnityTestMethodCommand:Execute (NUnit.Framework.Internal.ITestExecutionContext) (at ./Library/PackageCache/com.unity.test-framework@bd7f943e9647/UnityEngine.TestRunner/NUnitExtensions/Commands/UnityTestMethodCommand.cs:19)
UnityEngine.TestRunner.NUnitExtensions.Runner.UnityLogCheckDelegatingCommand/<>c__DisplayClass2_0:<Execute>b__0 () (at ./Library/PackageCache/com.unity.test-framework@bd7f943e9647/UnityEngine.TestRunner/NUnitExtensions/Runner/UnityLogCheckDelegatingCommand.cs:24)
UnityEngine.TestRunner.NUnitExtensions.Runner.UnityLogCheckDelegatingCommand:CaptureException (NUnit.Framework.Internal.TestResult,System.Action) (at ./Library/PackageCache/com.unity.test-framework@bd7f943e9647/UnityEngine.TestRunner/NUnitExtensions/Runner/UnityLogCheckDelegatingCommand.cs:72)
UnityEngine.TestRunner.NUnitExtensions.Runner.UnityLogCheckDelegatingCommand:ExecuteAndCheckLog (UnityEngine.TestTools.Logging.LogScope,NUnit.Framework.Internal.TestResult,System.Action) (at ./Library/PackageCache/com.unity.test-framework@bd7f943e9647/UnityEngine.TestRunner/NUnitExtensions/Runner/UnityLogCheckDelegatingCommand.cs:83)
UnityEngine.TestRunner.NUnitExtensions.Runner.UnityLogCheckDelegatingCommand:Execute (NUnit.Framework.Internal.ITestExecutionContext) (at ./Library/PackageCache/com.unity.test-framework@bd7f943e9647/UnityEngine.TestRunner/NUnitExtensions/Runner/UnityLogCheckDelegatingCommand.cs:24)
UnityEngine.TestRunner.NUnitExtensions.Runner.UnityLogCheckDelegatingCommand/<ExecuteEnumerable>d__3:MoveNext () (at ./Library/PackageCache/com.unity.test-framework@bd7f943e9647/UnityEngine.TestRunner/NUnitExtensions/Runner/UnityLogCheckDelegatingCommand.cs:35)
UnityEngine.TestTools.BeforeAfterTestCommandBase`1/<ExecuteEnumerable>d__16<NUnit.Framework.ITestAction>:MoveNext () (at ./Library/PackageCache/com.unity.test-framework@bd7f943e9647/UnityEngine.TestRunner/NUnitExtensions/Commands/BeforeAfterTestCommandBase.cs:212)
UnityEngine.TestTools.ImmediateEnumerableCommand:Execute (NUnit.Framework.Internal.ITestExecutionContext) (at ./Library/PackageCache/com.unity.test-framework@bd7f943e9647/UnityEngine.TestRunner/NUnitExtensions/Commands/ImmediateEnumerableCommand.cs:18)
UnityEngine.TestTools.BeforeAfterTestCommandBase`1/<ExecuteEnumerable>d__16<System.Reflection.MethodInfo>:MoveNext () (at ./Library/PackageCache/com.unity.test-framework@bd7f943e9647/UnityEngine.TestRunner/NUnitExtensions/Commands/BeforeAfterTestCommandBase.cs:219)
UnityEngine.TestTools.BeforeAfterTestCommandBase`1/<ExecuteEnumerable>d__16<System.Reflection.MethodInfo>:MoveNext () (at ./Library/PackageCache/com.unity.test-framework@bd7f943e9647/UnityEngine.TestRunner/NUnitExtensions/Commands/BeforeAfterTestCommandBase.cs:212)
UnityEngine.TestTools.BeforeAfterTestCommandBase`1/<ExecuteEnumerable>d__16<UnityEngine.TestTools.IOuterUnityTestAction>:MoveNext () (at ./Library/PackageCache/com.unity.test-framework@bd7f943e9647/UnityEngine.TestRunner/NUnitExtensions/Commands/BeforeAfterTestCommandBase.cs:212)
UnityEngine.TestTools.RetryCommand/<ExecuteEnumerable>d__2:MoveNext () (at ./Library/PackageCache/com.unity.test-framework@bd7f943e9647/UnityEngine.TestRunner/NUnitExtensions/Commands/RetryCommand.cs:37)
UnityEngine.TestTools.RepeatCommand/<ExecuteEnumerable>d__2:MoveNext () (at ./Library/PackageCache/com.unity.test-framework@bd7f943e9647/UnityEngine.TestRunner/NUnitExtensions/Commands/RepeatCommand.cs:36)
UnityEngine.TestTools.IgnoreTestCommand/<ExecuteEnumerable>d__3:MoveNext () (at ./Library/PackageCache/com.unity.test-framework@bd7f943e9647/UnityEngine.TestRunner/NUnitExtensions/Commands/IgnoreTestCommand.cs:42)
UnityEngine.TestTools.StrictCheckCommand/<ExecuteEnumerable>d__2:MoveNext () (at ./Library/PackageCache/com.unity.test-framework@bd7f943e9647/UnityEngine.TestRunner/NUnitExtensions/Commands/StrictCheckCommand.cs:29)
UnityEngine.TestRunner.NUnitExtensions.Runner.DefaultTestWorkItem/<PerformWork>d__2:MoveNext () (at ./Library/PackageCache/com.unity.test-framework@bd7f943e9647/UnityEngine.TestRunner/NUnitExtensions/Runner/DefaultTestWorkItem.cs:50)
UnityEngine.TestRunner.NUnitExtensions.Runner.CompositeWorkItem/<RunChildren>d__17:MoveNext () (at ./Library/PackageCache/com.unity.test-framework@bd7f943e9647/UnityEngine.TestRunner/NUnitExtensions/Runner/CompositeWorkItem.cs:207)
UnityEngine.TestRunner.NUnitExtensions.Runner.CompositeWorkItem/<PerformWork>d__13:MoveNext () (at ./Library/PackageCache/com.unity.test-framework@bd7f943e9647/UnityEngine.TestRunner/NUnitExtensions/Runner/CompositeWorkItem.cs:82)
UnityEngine.TestRunner.NUnitExtensions.Runner.CompositeWorkItem/<RunChildren>d__17:MoveNext () (at ./Library/PackageCache/com.unity.test-framework@bd7f943e9647/UnityEngine.TestRunner/NUnitExtensions/Runner/CompositeWorkItem.cs:207)
UnityEngine.TestRunner.NUnitExtensions.Runner.CompositeWorkItem/<PerformWork>d__13:MoveNext () (at ./Library/PackageCache/com.unity.test-framework@bd7f943e9647/UnityEngine.TestRunner/NUnitExtensions/Runner/CompositeWorkItem.cs:82)
UnityEngine.TestRunner.NUnitExtensions.Runner.CompositeWorkItem/<RunChildren>d__17:MoveNext () (at ./Library/PackageCache/com.unity.test-framework@bd7f943e9647/UnityEngine.TestRunner/NUnitExtensions/Runner/CompositeWorkItem.cs:207)
UnityEngine.TestRunner.NUnitExtensions.Runner.CompositeWorkItem/<PerformWork>d__13:MoveNext () (at ./Library/PackageCache/com.unity.test-framework@bd7f943e9647/UnityEngine.TestRunner/NUnitExtensions/Runner/CompositeWorkItem.cs:82)
UnityEngine.TestRunner.NUnitExtensions.Runner.CompositeWorkItem/<RunChildren>d__17:MoveNext () (at ./Library/PackageCache/com.unity.test-framework@bd7f943e9647/UnityEngine.TestRunner/NUnitExtensions/Runner/CompositeWorkItem.cs:207)
UnityEngine.TestRunner.NUnitExtensions.Runner.CompositeWorkItem/<PerformWork>d__13:MoveNext () (at ./Library/PackageCache/com.unity.test-framework@bd7f943e9647/UnityEngine.TestRunner/NUnitExtensions/Runner/CompositeWorkItem.cs:82)
UnityEngine.TestRunner.NUnitExtensions.Runner.CompositeWorkItem/<RunChildren>d__17:MoveNext () (at ./Library/PackageCache/com.unity.test-framework@bd7f943e9647/UnityEngine.TestRunner/NUnitExtensions/Runner/CompositeWorkItem.cs:207)
UnityEngine.TestRunner.NUnitExtensions.Runner.CompositeWorkItem/<PerformWork>d__13:MoveNext () (at ./Library/PackageCache/com.unity.test-framework@bd7f943e9647/UnityEngine.TestRunner/NUnitExtensions/Runner/CompositeWorkItem.cs:82)
UnityEngine.TestRunner.NUnitExtensions.Runner.CompositeWorkItem/<RunChildren>d__17:MoveNext () (at ./Library/PackageCache/com.unity.test-framework@bd7f943e9647/UnityEngine.TestRunner/NUnitExtensions/Runner/CompositeWorkItem.cs:207)
UnityEngine.TestRunner.NUnitExtensions.Runner.CompositeWorkItem/<PerformWork>d__13:MoveNext () (at ./Library/PackageCache/com.unity.test-framework@bd7f943e9647/UnityEngine.TestRunner/NUnitExtensions/Runner/CompositeWorkItem.cs:82)
UnityEngine.TestRunner.NUnitExtensions.Runner.CompositeWorkItem/<RunChildren>d__17:MoveNext () (at ./Library/PackageCache/com.unity.test-framework@bd7f943e9647/UnityEngine.TestRunner/NUnitExtensions/Runner/CompositeWorkItem.cs:207)
UnityEngine.TestRunner.NUnitExtensions.Runner.CompositeWorkItem/<PerformWork>d__13:MoveNext () (at ./Library/PackageCache/com.unity.test-framework@bd7f943e9647/UnityEngine.TestRunner/NUnitExtensions/Runner/CompositeWorkItem.cs:82)
UnityEngine.TestRunner.NUnitExtensions.Runner.CompositeWorkItem/<RunChildren>d__17:MoveNext () (at ./Library/PackageCache/com.unity.test-framework@bd7f943e9647/UnityEngine.TestRunner/NUnitExtensions/Runner/CompositeWorkItem.cs:207)
UnityEngine.TestRunner.NUnitExtensions.Runner.CompositeWorkItem/<PerformWork>d__13:MoveNext () (at ./Library/PackageCache/com.unity.test-framework@bd7f943e9647/UnityEngine.TestRunner/NUnitExtensions/Runner/CompositeWorkItem.cs:82)
UnityEditor.TestTools.TestRunner.EditModeRunner:MoveNextAndUpdateYieldObject () (at ./Library/PackageCache/com.unity.test-framework@bd7f943e9647/UnityEditor.TestRunner/TestRunner/EditModeRunner.cs:167)
UnityEditor.TestTools.TestRunner.EditModeRunner:TestConsumer (UnityEditor.TestTools.TestRunner.TestRunnerStateSerializer) (at ./Library/PackageCache/com.unity.test-framework@bd7f943e9647/UnityEditor.TestRunner/TestRunner/EditModeRunner.cs:200)
UnityEditor.TestTools.TestRunner.TestRun.Tasks.EditModeRunTask/<Execute>d__1:MoveNext () (at ./Library/PackageCache/com.unity.test-framework@bd7f943e9647/UnityEditor.TestRunner/TestRun/Tasks/EditModeRunTask.cs:48)
UnityEditor.TestTools.TestRunner.TestRun.TestJobRunner:ExecuteStep () (at ./Library/PackageCache/com.unity.test-framework@bd7f943e9647/UnityEditor.TestRunner/TestRun/TestJobRunner.cs:173)
UnityEditor.TestTools.TestRunner.TestRun.TestJobRunner:ExecuteCallback () (at ./Library/PackageCache/com.unity.test-framework@bd7f943e9647/UnityEditor.TestRunner/TestRun/TestJobRunner.cs:108)
UnityEditor.EditorApplication:Internal_CallUpdateFunctions () (at /Users/bokken/build/output/unity/unity/Editor/Mono/EditorApplication.cs:392)

(Filename: ./Packages/com.xrlab.chooguard.foundation/Multiplayer/Tests/Editor/WorldMotionAdapterTests.cs Line: 109)

World motion traversal 0.3 underground_connector -> forecourt_eurasia steps=243 seconds=0.5093504
UnityEngine.Debug:ExtractStackTraceNoAlloc (byte*,int,string)
UnityEngine.StackTraceUtility:ExtractStackTrace () (at /Users/bokken/build/output/unity/unity/Runtime/Export/Scripting/StackTrace.cs:35)
UnityEngine.DebugLogHandler:Internal_Log (UnityEngine.LogType,UnityEngine.LogOption,string,UnityEngine.Object)
UnityEngine.DebugLogHandler:LogFormat (UnityEngine.LogType,UnityEngine.Object,string,object[])
UnityEngine.Logger:Log (UnityEngine.LogType,object)
UnityEngine.Debug:Log (object)
ChooGuard.Foundation.Multiplayer.Tests.WorldMotionAdapterTests:BothProfilesTraverseAllThirteenRegionsAndAllTwentyFourPortalDirections (string,bool,double) (at ./Packages/com.xrlab.chooguard.foundation/Multiplayer/Tests/Editor/WorldMotionAdapterTests.cs:109)
System.Reflection.RuntimeMethodInfo:Invoke (object,System.Reflection.BindingFlags,System.Reflection.Binder,object[],System.Globalization.CultureInfo)
System.Reflection.MethodBase:Invoke (object,object[])
NUnit.Framework.Internal.Reflect:InvokeMethod (System.Reflection.MethodInfo,object,object[])
NUnit.Framework.Internal.MethodWrapper:Invoke (object,object[])
NUnit.Framework.Internal.Commands.TestMethodCommand:RunNonAsyncTestMethod (NUnit.Framework.Internal.ITestExecutionContext)
NUnit.Framework.Internal.Commands.TestMethodCommand:RunTestMethod (NUnit.Framework.Internal.ITestExecutionContext)
NUnit.Framework.Internal.Commands.TestMethodCommand:Execute (NUnit.Framework.Internal.ITestExecutionContext)
UnityEngine.TestTools.UnityTestMethodCommand:Execute (NUnit.Framework.Internal.ITestExecutionContext) (at ./Library/PackageCache/com.unity.test-framework@bd7f943e9647/UnityEngine.TestRunner/NUnitExtensions/Commands/UnityTestMethodCommand.cs:19)
UnityEngine.TestRunner.NUnitExtensions.Runner.UnityLogCheckDelegatingCommand/<>c__DisplayClass2_0:<Execute>b__0 () (at ./Library/PackageCache/com.unity.test-framework@bd7f943e9647/UnityEngine.TestRunner/NUnitExtensions/Runner/UnityLogCheckDelegatingCommand.cs:24)
UnityEngine.TestRunner.NUnitExtensions.Runner.UnityLogCheckDelegatingCommand:CaptureException (NUnit.Framework.Internal.TestResult,System.Action) (at ./Library/PackageCache/com.unity.test-framework@bd7f943e9647/UnityEngine.TestRunner/NUnitExtensions/Runner/UnityLogCheckDelegatingCommand.cs:72)
UnityEngine.TestRunner.NUnitExtensions.Runner.UnityLogCheckDelegatingCommand:ExecuteAndCheckLog (UnityEngine.TestTools.Logging.LogScope,NUnit.Framework.Internal.TestResult,System.Action) (at ./Library/PackageCache/com.unity.test-framework@bd7f943e9647/UnityEngine.TestRunner/NUnitExtensions/Runner/UnityLogCheckDelegatingCommand.cs:83)
UnityEngine.TestRunner.NUnitExtensions.Runner.UnityLogCheckDelegatingCommand:Execute (NUnit.Framework.Internal.ITestExecutionContext) (at ./Library/PackageCache/com.unity.test-framework@bd7f943e9647/UnityEngine.TestRunner/NUnitExtensions/Runner/UnityLogCheckDelegatingCommand.cs:24)
UnityEngine.TestRunner.NUnitExtensions.Runner.UnityLogCheckDelegatingCommand/<ExecuteEnumerable>d__3:MoveNext () (at ./Library/PackageCache/com.unity.test-framework@bd7f943e9647/UnityEngine.TestRunner/NUnitExtensions/Runner/UnityLogCheckDelegatingCommand.cs:35)
UnityEngine.TestTools.BeforeAfterTestCommandBase`1/<ExecuteEnumerable>d__16<NUnit.Framework.ITestAction>:MoveNext () (at ./Library/PackageCache/com.unity.test-framework@bd7f943e9647/UnityEngine.TestRunner/NUnitExtensions/Commands/BeforeAfterTestCommandBase.cs:212)
UnityEngine.TestTools.ImmediateEnumerableCommand:Execute (NUnit.Framework.Internal.ITestExecutionContext) (at ./Library/PackageCache/com.unity.test-framework@bd7f943e9647/UnityEngine.TestRunner/NUnitExtensions/Commands/ImmediateEnumerableCommand.cs:18)
UnityEngine.TestTools.BeforeAfterTestCommandBase`1/<ExecuteEnumerable>d__16<System.Reflection.MethodInfo>:MoveNext () (at ./Library/PackageCache/com.unity.test-framework@bd7f943e9647/UnityEngine.TestRunner/NUnitExtensions/Commands/BeforeAfterTestCommandBase.cs:219)
UnityEngine.TestTools.BeforeAfterTestCommandBase`1/<ExecuteEnumerable>d__16<System.Reflection.MethodInfo>:MoveNext () (at ./Library/PackageCache/com.unity.test-framework@bd7f943e9647/UnityEngine.TestRunner/NUnitExtensions/Commands/BeforeAfterTestCommandBase.cs:212)
UnityEngine.TestTools.BeforeAfterTestCommandBase`1/<ExecuteEnumerable>d__16<UnityEngine.TestTools.IOuterUnityTestAction>:MoveNext () (at ./Library/PackageCache/com.unity.test-framework@bd7f943e9647/UnityEngine.TestRunner/NUnitExtensions/Commands/BeforeAfterTestCommandBase.cs:212)
UnityEngine.TestTools.RetryCommand/<ExecuteEnumerable>d__2:MoveNext () (at ./Library/PackageCache/com.unity.test-framework@bd7f943e9647/UnityEngine.TestRunner/NUnitExtensions/Commands/RetryCommand.cs:37)
UnityEngine.TestTools.RepeatCommand/<ExecuteEnumerable>d__2:MoveNext () (at ./Library/PackageCache/com.unity.test-framework@bd7f943e9647/UnityEngine.TestRunner/NUnitExtensions/Commands/RepeatCommand.cs:36)
UnityEngine.TestTools.IgnoreTestCommand/<ExecuteEnumerable>d__3:MoveNext () (at ./Library/PackageCache/com.unity.test-framework@bd7f943e9647/UnityEngine.TestRunner/NUnitExtensions/Commands/IgnoreTestCommand.cs:42)
UnityEngine.TestTools.StrictCheckCommand/<ExecuteEnumerable>d__2:MoveNext () (at ./Library/PackageCache/com.unity.test-framework@bd7f943e9647/UnityEngine.TestRunner/NUnitExtensions/Commands/StrictCheckCommand.cs:29)
UnityEngine.TestRunner.NUnitExtensions.Runner.DefaultTestWorkItem/<PerformWork>d__2:MoveNext () (at ./Library/PackageCache/com.unity.test-framework@bd7f943e9647/UnityEngine.TestRunner/NUnitExtensions/Runner/DefaultTestWorkItem.cs:50)
UnityEngine.TestRunner.NUnitExtensions.Runner.CompositeWorkItem/<RunChildren>d__17:MoveNext () (at ./Library/PackageCache/com.unity.test-framework@bd7f943e9647/UnityEngine.TestRunner/NUnitExtensions/Runner/CompositeWorkItem.cs:207)
UnityEngine.TestRunner.NUnitExtensions.Runner.CompositeWorkItem/<PerformWork>d__13:MoveNext () (at ./Library/PackageCache/com.unity.test-framework@bd7f943e9647/UnityEngine.TestRunner/NUnitExtensions/Runner/CompositeWorkItem.cs:82)
UnityEngine.TestRunner.NUnitExtensions.Runner.CompositeWorkItem/<RunChildren>d__17:MoveNext () (at ./Library/PackageCache/com.unity.test-framework@bd7f943e9647/UnityEngine.TestRunner/NUnitExtensions/Runner/CompositeWorkItem.cs:207)
UnityEngine.TestRunner.NUnitExtensions.Runner.CompositeWorkItem/<PerformWork>d__13:MoveNext () (at ./Library/PackageCache/com.unity.test-framework@bd7f943e9647/UnityEngine.TestRunner/NUnitExtensions/Runner/CompositeWorkItem.cs:82)
UnityEngine.TestRunner.NUnitExtensions.Runner.CompositeWorkItem/<RunChildren>d__17:MoveNext () (at ./Library/PackageCache/com.unity.test-framework@bd7f943e9647/UnityEngine.TestRunner/NUnitExtensions/Runner/CompositeWorkItem.cs:207)
UnityEngine.TestRunner.NUnitExtensions.Runner.CompositeWorkItem/<PerformWork>d__13:MoveNext () (at ./Library/PackageCache/com.unity.test-framework@bd7f943e9647/UnityEngine.TestRunner/NUnitExtensions/Runner/CompositeWorkItem.cs:82)
UnityEngine.TestRunner.NUnitExtensions.Runner.CompositeWorkItem/<RunChildren>d__17:MoveNext () (at ./Library/PackageCache/com.unity.test-framework@bd7f943e9647/UnityEngine.TestRunner/NUnitExtensions/Runner/CompositeWorkItem.cs:207)
UnityEngine.TestRunner.NUnitExtensions.Runner.CompositeWorkItem/<PerformWork>d__13:MoveNext () (at ./Library/PackageCache/com.unity.test-framework@bd7f943e9647/UnityEngine.TestRunner/NUnitExtensions/Runner/CompositeWorkItem.cs:82)
UnityEngine.TestRunner.NUnitExtensions.Runner.CompositeWorkItem/<RunChildren>d__17:MoveNext () (at ./Library/PackageCache/com.unity.test-framework@bd7f943e9647/UnityEngine.TestRunner/NUnitExtensions/Runner/CompositeWorkItem.cs:207)
UnityEngine.TestRunner.NUnitExtensions.Runner.CompositeWorkItem/<PerformWork>d__13:MoveNext () (at ./Library/PackageCache/com.unity.test-framework@bd7f943e9647/UnityEngine.TestRunner/NUnitExtensions/Runner/CompositeWorkItem.cs:82)
UnityEngine.TestRunner.NUnitExtensions.Runner.CompositeWorkItem/<RunChildren>d__17:MoveNext () (at ./Library/PackageCache/com.unity.test-framework@bd7f943e9647/UnityEngine.TestRunner/NUnitExtensions/Runner/CompositeWorkItem.cs:207)
UnityEngine.TestRunner.NUnitExtensions.Runner.CompositeWorkItem/<PerformWork>d__13:MoveNext () (at ./Library/PackageCache/com.unity.test-framework@bd7f943e9647/UnityEngine.TestRunner/NUnitExtensions/Runner/CompositeWorkItem.cs:82)
UnityEngine.TestRunner.NUnitExtensions.Runner.CompositeWorkItem/<RunChildren>d__17:MoveNext () (at ./Library/PackageCache/com.unity.test-framework@bd7f943e9647/UnityEngine.TestRunner/NUnitExtensions/Runner/CompositeWorkItem.cs:207)
UnityEngine.TestRunner.NUnitExtensions.Runner.CompositeWorkItem/<PerformWork>d__13:MoveNext () (at ./Library/PackageCache/com.unity.test-framework@bd7f943e9647/UnityEngine.TestRunner/NUnitExtensions/Runner/CompositeWorkItem.cs:82)
UnityEngine.TestRunner.NUnitExtensions.Runner.CompositeWorkItem/<RunChildren>d__17:MoveNext () (at ./Library/PackageCache/com.unity.test-framework@bd7f943e9647/UnityEngine.TestRunner/NUnitExtensions/Runner/CompositeWorkItem.cs:207)
UnityEngine.TestRunner.NUnitExtensions.Runner.CompositeWorkItem/<PerformWork>d__13:MoveNext () (at ./Library/PackageCache/com.unity.test-framework@bd7f943e9647/UnityEngine.TestRunner/NUnitExtensions/Runner/CompositeWorkItem.cs:82)
UnityEditor.TestTools.TestRunner.EditModeRunner:MoveNextAndUpdateYieldObject () (at ./Library/PackageCache/com.unity.test-framework@bd7f943e9647/UnityEditor.TestRunner/TestRunner/EditModeRunner.cs:167)
UnityEditor.TestTools.TestRunner.EditModeRunner:TestConsumer (UnityEditor.TestTools.TestRunner.TestRunnerStateSerializer) (at ./Library/PackageCache/com.unity.test-framework@bd7f943e9647/UnityEditor.TestRunner/TestRunner/EditModeRunner.cs:200)
UnityEditor.TestTools.TestRunner.TestRun.Tasks.EditModeRunTask/<Execute>d__1:MoveNext () (at ./Library/PackageCache/com.unity.test-framework@bd7f943e9647/UnityEditor.TestRunner/TestRun/Tasks/EditModeRunTask.cs:48)
UnityEditor.TestTools.TestRunner.TestRun.TestJobRunner:ExecuteStep () (at ./Library/PackageCache/com.unity.test-framework@bd7f943e9647/UnityEditor.TestRunner/TestRun/TestJobRunner.cs:173)
UnityEditor.TestTools.TestRunner.TestRun.TestJobRunner:ExecuteCallback () (at ./Library/PackageCache/com.unity.test-framework@bd7f943e9647/UnityEditor.TestRunner/TestRun/TestJobRunner.cs:108)
UnityEditor.EditorApplication:Internal_CallUpdateFunctions () (at /Users/bokken/build/output/unity/unity/Editor/Mono/EditorApplication.cs:392)

(Filename: ./Packages/com.xrlab.chooguard.foundation/Multiplayer/Tests/Editor/WorldMotionAdapterTests.cs Line: 109)

World motion traversal 0.3 underground_connector -> underground_shopping_passage steps=535 seconds=0.8588918
UnityEngine.Debug:ExtractStackTraceNoAlloc (byte*,int,string)
UnityEngine.StackTraceUtility:ExtractStackTrace () (at /Users/bokken/build/output/unity/unity/Runtime/Export/Scripting/StackTrace.cs:35)
UnityEngine.DebugLogHandler:Internal_Log (UnityEngine.LogType,UnityEngine.LogOption,string,UnityEngine.Object)
UnityEngine.DebugLogHandler:LogFormat (UnityEngine.LogType,UnityEngine.Object,string,object[])
UnityEngine.Logger:Log (UnityEngine.LogType,object)
UnityEngine.Debug:Log (object)
ChooGuard.Foundation.Multiplayer.Tests.WorldMotionAdapterTests:BothProfilesTraverseAllThirteenRegionsAndAllTwentyFourPortalDirections (string,bool,double) (at ./Packages/com.xrlab.chooguard.foundation/Multiplayer/Tests/Editor/WorldMotionAdapterTests.cs:109)
System.Reflection.RuntimeMethodInfo:Invoke (object,System.Reflection.BindingFlags,System.Reflection.Binder,object[],System.Globalization.CultureInfo)
System.Reflection.MethodBase:Invoke (object,object[])
NUnit.Framework.Internal.Reflect:InvokeMethod (System.Reflection.MethodInfo,object,object[])
NUnit.Framework.Internal.MethodWrapper:Invoke (object,object[])
NUnit.Framework.Internal.Commands.TestMethodCommand:RunNonAsyncTestMethod (NUnit.Framework.Internal.ITestExecutionContext)
NUnit.Framework.Internal.Commands.TestMethodCommand:RunTestMethod (NUnit.Framework.Internal.ITestExecutionContext)
NUnit.Framework.Internal.Commands.TestMethodCommand:Execute (NUnit.Framework.Internal.ITestExecutionContext)
UnityEngine.TestTools.UnityTestMethodCommand:Execute (NUnit.Framework.Internal.ITestExecutionContext) (at ./Library/PackageCache/com.unity.test-framework@bd7f943e9647/UnityEngine.TestRunner/NUnitExtensions/Commands/UnityTestMethodCommand.cs:19)
UnityEngine.TestRunner.NUnitExtensions.Runner.UnityLogCheckDelegatingCommand/<>c__DisplayClass2_0:<Execute>b__0 () (at ./Library/PackageCache/com.unity.test-framework@bd7f943e9647/UnityEngine.TestRunner/NUnitExtensions/Runner/UnityLogCheckDelegatingCommand.cs:24)
UnityEngine.TestRunner.NUnitExtensions.Runner.UnityLogCheckDelegatingCommand:CaptureException (NUnit.Framework.Internal.TestResult,System.Action) (at ./Library/PackageCache/com.unity.test-framework@bd7f943e9647/UnityEngine.TestRunner/NUnitExtensions/Runner/UnityLogCheckDelegatingCommand.cs:72)
UnityEngine.TestRunner.NUnitExtensions.Runner.UnityLogCheckDelegatingCommand:ExecuteAndCheckLog (UnityEngine.TestTools.Logging.LogScope,NUnit.Framework.Internal.TestResult,System.Action) (at ./Library/PackageCache/com.unity.test-framework@bd7f943e9647/UnityEngine.TestRunner/NUnitExtensions/Runner/UnityLogCheckDelegatingCommand.cs:83)
UnityEngine.TestRunner.NUnitExtensions.Runner.UnityLogCheckDelegatingCommand:Execute (NUnit.Framework.Internal.ITestExecutionContext) (at ./Library/PackageCache/com.unity.test-framework@bd7f943e9647/UnityEngine.TestRunner/NUnitExtensions/Runner/UnityLogCheckDelegatingCommand.cs:24)
UnityEngine.TestRunner.NUnitExtensions.Runner.UnityLogCheckDelegatingCommand/<ExecuteEnumerable>d__3:MoveNext () (at ./Library/PackageCache/com.unity.test-framework@bd7f943e9647/UnityEngine.TestRunner/NUnitExtensions/Runner/UnityLogCheckDelegatingCommand.cs:35)
UnityEngine.TestTools.BeforeAfterTestCommandBase`1/<ExecuteEnumerable>d__16<NUnit.Framework.ITestAction>:MoveNext () (at ./Library/PackageCache/com.unity.test-framework@bd7f943e9647/UnityEngine.TestRunner/NUnitExtensions/Commands/BeforeAfterTestCommandBase.cs:212)
UnityEngine.TestTools.ImmediateEnumerableCommand:Execute (NUnit.Framework.Internal.ITestExecutionContext) (at ./Library/PackageCache/com.unity.test-framework@bd7f943e9647/UnityEngine.TestRunner/NUnitExtensions/Commands/ImmediateEnumerableCommand.cs:18)
UnityEngine.TestTools.BeforeAfterTestCommandBase`1/<ExecuteEnumerable>d__16<System.Reflection.MethodInfo>:MoveNext () (at ./Library/PackageCache/com.unity.test-framework@bd7f943e9647/UnityEngine.TestRunner/NUnitExtensions/Commands/BeforeAfterTestCommandBase.cs:219)
UnityEngine.TestTools.BeforeAfterTestCommandBase`1/<ExecuteEnumerable>d__16<System.Reflection.MethodInfo>:MoveNext () (at ./Library/PackageCache/com.unity.test-framework@bd7f943e9647/UnityEngine.TestRunner/NUnitExtensions/Commands/BeforeAfterTestCommandBase.cs:212)
UnityEngine.TestTools.BeforeAfterTestCommandBase`1/<ExecuteEnumerable>d__16<UnityEngine.TestTools.IOuterUnityTestAction>:MoveNext () (at ./Library/PackageCache/com.unity.test-framework@bd7f943e9647/UnityEngine.TestRunner/NUnitExtensions/Commands/BeforeAfterTestCommandBase.cs:212)
UnityEngine.TestTools.RetryCommand/<ExecuteEnumerable>d__2:MoveNext () (at ./Library/PackageCache/com.unity.test-framework@bd7f943e9647/UnityEngine.TestRunner/NUnitExtensions/Commands/RetryCommand.cs:37)
UnityEngine.TestTools.RepeatCommand/<ExecuteEnumerable>d__2:MoveNext () (at ./Library/PackageCache/com.unity.test-framework@bd7f943e9647/UnityEngine.TestRunner/NUnitExtensions/Commands/RepeatCommand.cs:36)
UnityEngine.TestTools.IgnoreTestCommand/<ExecuteEnumerable>d__3:MoveNext () (at ./Library/PackageCache/com.unity.test-framework@bd7f943e9647/UnityEngine.TestRunner/NUnitExtensions/Commands/IgnoreTestCommand.cs:42)
UnityEngine.TestTools.StrictCheckCommand/<ExecuteEnumerable>d__2:MoveNext () (at ./Library/PackageCache/com.unity.test-framework@bd7f943e9647/UnityEngine.TestRunner/NUnitExtensions/Commands/StrictCheckCommand.cs:29)
UnityEngine.TestRunner.NUnitExtensions.Runner.DefaultTestWorkItem/<PerformWork>d__2:MoveNext () (at ./Library/PackageCache/com.unity.test-framework@bd7f943e9647/UnityEngine.TestRunner/NUnitExtensions/Runner/DefaultTestWorkItem.cs:50)
UnityEngine.TestRunner.NUnitExtensions.Runner.CompositeWorkItem/<RunChildren>d__17:MoveNext () (at ./Library/PackageCache/com.unity.test-framework@bd7f943e9647/UnityEngine.TestRunner/NUnitExtensions/Runner/CompositeWorkItem.cs:207)
UnityEngine.TestRunner.NUnitExtensions.Runner.CompositeWorkItem/<PerformWork>d__13:MoveNext () (at ./Library/PackageCache/com.unity.test-framework@bd7f943e9647/UnityEngine.TestRunner/NUnitExtensions/Runner/CompositeWorkItem.cs:82)
UnityEngine.TestRunner.NUnitExtensions.Runner.CompositeWorkItem/<RunChildren>d__17:MoveNext () (at ./Library/PackageCache/com.unity.test-framework@bd7f943e9647/UnityEngine.TestRunner/NUnitExtensions/Runner/CompositeWorkItem.cs:207)
UnityEngine.TestRunner.NUnitExtensions.Runner.CompositeWorkItem/<PerformWork>d__13:MoveNext () (at ./Library/PackageCache/com.unity.test-framework@bd7f943e9647/UnityEngine.TestRunner/NUnitExtensions/Runner/CompositeWorkItem.cs:82)
UnityEngine.TestRunner.NUnitExtensions.Runner.CompositeWorkItem/<RunChildren>d__17:MoveNext () (at ./Library/PackageCache/com.unity.test-framework@bd7f943e9647/UnityEngine.TestRunner/NUnitExtensions/Runner/CompositeWorkItem.cs:207)
UnityEngine.TestRunner.NUnitExtensions.Runner.CompositeWorkItem/<PerformWork>d__13:MoveNext () (at ./Library/PackageCache/com.unity.test-framework@bd7f943e9647/UnityEngine.TestRunner/NUnitExtensions/Runner/CompositeWorkItem.cs:82)
UnityEngine.TestRunner.NUnitExtensions.Runner.CompositeWorkItem/<RunChildren>d__17:MoveNext () (at ./Library/PackageCache/com.unity.test-framework@bd7f943e9647/UnityEngine.TestRunner/NUnitExtensions/Runner/CompositeWorkItem.cs:207)
UnityEngine.TestRunner.NUnitExtensions.Runner.CompositeWorkItem/<PerformWork>d__13:MoveNext () (at ./Library/PackageCache/com.unity.test-framework@bd7f943e9647/UnityEngine.TestRunner/NUnitExtensions/Runner/CompositeWorkItem.cs:82)
UnityEngine.TestRunner.NUnitExtensions.Runner.CompositeWorkItem/<RunChildren>d__17:MoveNext () (at ./Library/PackageCache/com.unity.test-framework@bd7f943e9647/UnityEngine.TestRunner/NUnitExtensions/Runner/CompositeWorkItem.cs:207)
UnityEngine.TestRunner.NUnitExtensions.Runner.CompositeWorkItem/<PerformWork>d__13:MoveNext () (at ./Library/PackageCache/com.unity.test-framework@bd7f943e9647/UnityEngine.TestRunner/NUnitExtensions/Runner/CompositeWorkItem.cs:82)
UnityEngine.TestRunner.NUnitExtensions.Runner.CompositeWorkItem/<RunChildren>d__17:MoveNext () (at ./Library/PackageCache/com.unity.test-framework@bd7f943e9647/UnityEngine.TestRunner/NUnitExtensions/Runner/CompositeWorkItem.cs:207)
UnityEngine.TestRunner.NUnitExtensions.Runner.CompositeWorkItem/<PerformWork>d__13:MoveNext () (at ./Library/PackageCache/com.unity.test-framework@bd7f943e9647/UnityEngine.TestRunner/NUnitExtensions/Runner/CompositeWorkItem.cs:82)
UnityEngine.TestRunner.NUnitExtensions.Runner.CompositeWorkItem/<RunChildren>d__17:MoveNext () (at ./Library/PackageCache/com.unity.test-framework@bd7f943e9647/UnityEngine.TestRunner/NUnitExtensions/Runner/CompositeWorkItem.cs:207)
UnityEngine.TestRunner.NUnitExtensions.Runner.CompositeWorkItem/<PerformWork>d__13:MoveNext () (at ./Library/PackageCache/com.unity.test-framework@bd7f943e9647/UnityEngine.TestRunner/NUnitExtensions/Runner/CompositeWorkItem.cs:82)
UnityEngine.TestRunner.NUnitExtensions.Runner.CompositeWorkItem/<RunChildren>d__17:MoveNext () (at ./Library/PackageCache/com.unity.test-framework@bd7f943e9647/UnityEngine.TestRunner/NUnitExtensions/Runner/CompositeWorkItem.cs:207)
UnityEngine.TestRunner.NUnitExtensions.Runner.CompositeWorkItem/<PerformWork>d__13:MoveNext () (at ./Library/PackageCache/com.unity.test-framework@bd7f943e9647/UnityEngine.TestRunner/NUnitExtensions/Runner/CompositeWorkItem.cs:82)
UnityEditor.TestTools.TestRunner.EditModeRunner:MoveNextAndUpdateYieldObject () (at ./Library/PackageCache/com.unity.test-framework@bd7f943e9647/UnityEditor.TestRunner/TestRunner/EditModeRunner.cs:167)
UnityEditor.TestTools.TestRunner.EditModeRunner:TestConsumer (UnityEditor.TestTools.TestRunner.TestRunnerStateSerializer) (at ./Library/PackageCache/com.unity.test-framework@bd7f943e9647/UnityEditor.TestRunner/TestRunner/EditModeRunner.cs:200)
UnityEditor.TestTools.TestRunner.TestRun.Tasks.EditModeRunTask/<Execute>d__1:MoveNext () (at ./Library/PackageCache/com.unity.test-framework@bd7f943e9647/UnityEditor.TestRunner/TestRun/Tasks/EditModeRunTask.cs:48)
UnityEditor.TestTools.TestRunner.TestRun.TestJobRunner:ExecuteStep () (at ./Library/PackageCache/com.unity.test-framework@bd7f943e9647/UnityEditor.TestRunner/TestRun/TestJobRunner.cs:173)
UnityEditor.TestTools.TestRunner.TestRun.TestJobRunner:ExecuteCallback () (at ./Library/PackageCache/com.unity.test-framework@bd7f943e9647/UnityEditor.TestRunner/TestRun/TestJobRunner.cs:108)
UnityEditor.EditorApplication:Internal_CallUpdateFunctions () (at /Users/bokken/build/output/unity/unity/Editor/Mono/EditorApplication.cs:392)

(Filename: ./Packages/com.xrlab.chooguard.foundation/Multiplayer/Tests/Editor/WorldMotionAdapterTests.cs Line: 109)

World motion traversal 0.3 underground_shopping_passage -> underground_connector steps=535 seconds=0.8451413
UnityEngine.Debug:ExtractStackTraceNoAlloc (byte*,int,string)
UnityEngine.StackTraceUtility:ExtractStackTrace () (at /Users/bokken/build/output/unity/unity/Runtime/Export/Scripting/StackTrace.cs:35)
UnityEngine.DebugLogHandler:Internal_Log (UnityEngine.LogType,UnityEngine.LogOption,string,UnityEngine.Object)
UnityEngine.DebugLogHandler:LogFormat (UnityEngine.LogType,UnityEngine.Object,string,object[])
UnityEngine.Logger:Log (UnityEngine.LogType,object)
UnityEngine.Debug:Log (object)
ChooGuard.Foundation.Multiplayer.Tests.WorldMotionAdapterTests:BothProfilesTraverseAllThirteenRegionsAndAllTwentyFourPortalDirections (string,bool,double) (at ./Packages/com.xrlab.chooguard.foundation/Multiplayer/Tests/Editor/WorldMotionAdapterTests.cs:109)
System.Reflection.RuntimeMethodInfo:Invoke (object,System.Reflection.BindingFlags,System.Reflection.Binder,object[],System.Globalization.CultureInfo)
System.Reflection.MethodBase:Invoke (object,object[])
NUnit.Framework.Internal.Reflect:InvokeMethod (System.Reflection.MethodInfo,object,object[])
NUnit.Framework.Internal.MethodWrapper:Invoke (object,object[])
NUnit.Framework.Internal.Commands.TestMethodCommand:RunNonAsyncTestMethod (NUnit.Framework.Internal.ITestExecutionContext)
NUnit.Framework.Internal.Commands.TestMethodCommand:RunTestMethod (NUnit.Framework.Internal.ITestExecutionContext)
NUnit.Framework.Internal.Commands.TestMethodCommand:Execute (NUnit.Framework.Internal.ITestExecutionContext)
UnityEngine.TestTools.UnityTestMethodCommand:Execute (NUnit.Framework.Internal.ITestExecutionContext) (at ./Library/PackageCache/com.unity.test-framework@bd7f943e9647/UnityEngine.TestRunner/NUnitExtensions/Commands/UnityTestMethodCommand.cs:19)
UnityEngine.TestRunner.NUnitExtensions.Runner.UnityLogCheckDelegatingCommand/<>c__DisplayClass2_0:<Execute>b__0 () (at ./Library/PackageCache/com.unity.test-framework@bd7f943e9647/UnityEngine.TestRunner/NUnitExtensions/Runner/UnityLogCheckDelegatingCommand.cs:24)
UnityEngine.TestRunner.NUnitExtensions.Runner.UnityLogCheckDelegatingCommand:CaptureException (NUnit.Framework.Internal.TestResult,System.Action) (at ./Library/PackageCache/com.unity.test-framework@bd7f943e9647/UnityEngine.TestRunner/NUnitExtensions/Runner/UnityLogCheckDelegatingCommand.cs:72)
UnityEngine.TestRunner.NUnitExtensions.Runner.UnityLogCheckDelegatingCommand:ExecuteAndCheckLog (UnityEngine.TestTools.Logging.LogScope,NUnit.Framework.Internal.TestResult,System.Action) (at ./Library/PackageCache/com.unity.test-framework@bd7f943e9647/UnityEngine.TestRunner/NUnitExtensions/Runner/UnityLogCheckDelegatingCommand.cs:83)
UnityEngine.TestRunner.NUnitExtensions.Runner.UnityLogCheckDelegatingCommand:Execute (NUnit.Framework.Internal.ITestExecutionContext) (at ./Library/PackageCache/com.unity.test-framework@bd7f943e9647/UnityEngine.TestRunner/NUnitExtensions/Runner/UnityLogCheckDelegatingCommand.cs:24)
UnityEngine.TestRunner.NUnitExtensions.Runner.UnityLogCheckDelegatingCommand/<ExecuteEnumerable>d__3:MoveNext () (at ./Library/PackageCache/com.unity.test-framework@bd7f943e9647/UnityEngine.TestRunner/NUnitExtensions/Runner/UnityLogCheckDelegatingCommand.cs:35)
UnityEngine.TestTools.BeforeAfterTestCommandBase`1/<ExecuteEnumerable>d__16<NUnit.Framework.ITestAction>:MoveNext () (at ./Library/PackageCache/com.unity.test-framework@bd7f943e9647/UnityEngine.TestRunner/NUnitExtensions/Commands/BeforeAfterTestCommandBase.cs:212)
UnityEngine.TestTools.ImmediateEnumerableCommand:Execute (NUnit.Framework.Internal.ITestExecutionContext) (at ./Library/PackageCache/com.unity.test-framework@bd7f943e9647/UnityEngine.TestRunner/NUnitExtensions/Commands/ImmediateEnumerableCommand.cs:18)
UnityEngine.TestTools.BeforeAfterTestCommandBase`1/<ExecuteEnumerable>d__16<System.Reflection.MethodInfo>:MoveNext () (at ./Library/PackageCache/com.unity.test-framework@bd7f943e9647/UnityEngine.TestRunner/NUnitExtensions/Commands/BeforeAfterTestCommandBase.cs:219)
UnityEngine.TestTools.BeforeAfterTestCommandBase`1/<ExecuteEnumerable>d__16<System.Reflection.MethodInfo>:MoveNext () (at ./Library/PackageCache/com.unity.test-framework@bd7f943e9647/UnityEngine.TestRunner/NUnitExtensions/Commands/BeforeAfterTestCommandBase.cs:212)
UnityEngine.TestTools.BeforeAfterTestCommandBase`1/<ExecuteEnumerable>d__16<UnityEngine.TestTools.IOuterUnityTestAction>:MoveNext () (at ./Library/PackageCache/com.unity.test-framework@bd7f943e9647/UnityEngine.TestRunner/NUnitExtensions/Commands/BeforeAfterTestCommandBase.cs:212)
UnityEngine.TestTools.RetryCommand/<ExecuteEnumerable>d__2:MoveNext () (at ./Library/PackageCache/com.unity.test-framework@bd7f943e9647/UnityEngine.TestRunner/NUnitExtensions/Commands/RetryCommand.cs:37)
UnityEngine.TestTools.RepeatCommand/<ExecuteEnumerable>d__2:MoveNext () (at ./Library/PackageCache/com.unity.test-framework@bd7f943e9647/UnityEngine.TestRunner/NUnitExtensions/Commands/RepeatCommand.cs:36)
UnityEngine.TestTools.IgnoreTestCommand/<ExecuteEnumerable>d__3:MoveNext () (at ./Library/PackageCache/com.unity.test-framework@bd7f943e9647/UnityEngine.TestRunner/NUnitExtensions/Commands/IgnoreTestCommand.cs:42)
UnityEngine.TestTools.StrictCheckCommand/<ExecuteEnumerable>d__2:MoveNext () (at ./Library/PackageCache/com.unity.test-framework@bd7f943e9647/UnityEngine.TestRunner/NUnitExtensions/Commands/StrictCheckCommand.cs:29)
UnityEngine.TestRunner.NUnitExtensions.Runner.DefaultTestWorkItem/<PerformWork>d__2:MoveNext () (at ./Library/PackageCache/com.unity.test-framework@bd7f943e9647/UnityEngine.TestRunner/NUnitExtensions/Runner/DefaultTestWorkItem.cs:50)
UnityEngine.TestRunner.NUnitExtensions.Runner.CompositeWorkItem/<RunChildren>d__17:MoveNext () (at ./Library/PackageCache/com.unity.test-framework@bd7f943e9647/UnityEngine.TestRunner/NUnitExtensions/Runner/CompositeWorkItem.cs:207)
UnityEngine.TestRunner.NUnitExtensions.Runner.CompositeWorkItem/<PerformWork>d__13:MoveNext () (at ./Library/PackageCache/com.unity.test-framework@bd7f943e9647/UnityEngine.TestRunner/NUnitExtensions/Runner/CompositeWorkItem.cs:82)
UnityEngine.TestRunner.NUnitExtensions.Runner.CompositeWorkItem/<RunChildren>d__17:MoveNext () (at ./Library/PackageCache/com.unity.test-framework@bd7f943e9647/UnityEngine.TestRunner/NUnitExtensions/Runner/CompositeWorkItem.cs:207)
UnityEngine.TestRunner.NUnitExtensions.Runner.CompositeWorkItem/<PerformWork>d__13:MoveNext () (at ./Library/PackageCache/com.unity.test-framework@bd7f943e9647/UnityEngine.TestRunner/NUnitExtensions/Runner/CompositeWorkItem.cs:82)
UnityEngine.TestRunner.NUnitExtensions.Runner.CompositeWorkItem/<RunChildren>d__17:MoveNext () (at ./Library/PackageCache/com.unity.test-framework@bd7f943e9647/UnityEngine.TestRunner/NUnitExtensions/Runner/CompositeWorkItem.cs:207)
UnityEngine.TestRunner.NUnitExtensions.Runner.CompositeWorkItem/<PerformWork>d__13:MoveNext () (at ./Library/PackageCache/com.unity.test-framework@bd7f943e9647/UnityEngine.TestRunner/NUnitExtensions/Runner/CompositeWorkItem.cs:82)
UnityEngine.TestRunner.NUnitExtensions.Runner.CompositeWorkItem/<RunChildren>d__17:MoveNext () (at ./Library/PackageCache/com.unity.test-framework@bd7f943e9647/UnityEngine.TestRunner/NUnitExtensions/Runner/CompositeWorkItem.cs:207)
UnityEngine.TestRunner.NUnitExtensions.Runner.CompositeWorkItem/<PerformWork>d__13:MoveNext () (at ./Library/PackageCache/com.unity.test-framework@bd7f943e9647/UnityEngine.TestRunner/NUnitExtensions/Runner/CompositeWorkItem.cs:82)
UnityEngine.TestRunner.NUnitExtensions.Runner.CompositeWorkItem/<RunChildren>d__17:MoveNext () (at ./Library/PackageCache/com.unity.test-framework@bd7f943e9647/UnityEngine.TestRunner/NUnitExtensions/Runner/CompositeWorkItem.cs:207)
UnityEngine.TestRunner.NUnitExtensions.Runner.CompositeWorkItem/<PerformWork>d__13:MoveNext () (at ./Library/PackageCache/com.unity.test-framework@bd7f943e9647/UnityEngine.TestRunner/NUnitExtensions/Runner/CompositeWorkItem.cs:82)
UnityEngine.TestRunner.NUnitExtensions.Runner.CompositeWorkItem/<RunChildren>d__17:MoveNext () (at ./Library/PackageCache/com.unity.test-framework@bd7f943e9647/UnityEngine.TestRunner/NUnitExtensions/Runner/CompositeWorkItem.cs:207)
UnityEngine.TestRunner.NUnitExtensions.Runner.CompositeWorkItem/<PerformWork>d__13:MoveNext () (at ./Library/PackageCache/com.unity.test-framework@bd7f943e9647/UnityEngine.TestRunner/NUnitExtensions/Runner/CompositeWorkItem.cs:82)
UnityEngine.TestRunner.NUnitExtensions.Runner.CompositeWorkItem/<RunChildren>d__17:MoveNext () (at ./Library/PackageCache/com.unity.test-framework@bd7f943e9647/UnityEngine.TestRunner/NUnitExtensions/Runner/CompositeWorkItem.cs:207)
UnityEngine.TestRunner.NUnitExtensions.Runner.CompositeWorkItem/<PerformWork>d__13:MoveNext () (at ./Library/PackageCache/com.unity.test-framework@bd7f943e9647/UnityEngine.TestRunner/NUnitExtensions/Runner/CompositeWorkItem.cs:82)
UnityEngine.TestRunner.NUnitExtensions.Runner.CompositeWorkItem/<RunChildren>d__17:MoveNext () (at ./Library/PackageCache/com.unity.test-framework@bd7f943e9647/UnityEngine.TestRunner/NUnitExtensions/Runner/CompositeWorkItem.cs:207)
UnityEngine.TestRunner.NUnitExtensions.Runner.CompositeWorkItem/<PerformWork>d__13:MoveNext () (at ./Library/PackageCache/com.unity.test-framework@bd7f943e9647/UnityEngine.TestRunner/NUnitExtensions/Runner/CompositeWorkItem.cs:82)
UnityEditor.TestTools.TestRunner.EditModeRunner:MoveNextAndUpdateYieldObject () (at ./Library/PackageCache/com.unity.test-framework@bd7f943e9647/UnityEditor.TestRunner/TestRunner/EditModeRunner.cs:167)
UnityEditor.TestTools.TestRunner.EditModeRunner:TestConsumer (UnityEditor.TestTools.TestRunner.TestRunnerStateSerializer) (at ./Library/PackageCache/com.unity.test-framework@bd7f943e9647/UnityEditor.TestRunner/TestRunner/EditModeRunner.cs:200)
UnityEditor.TestTools.TestRunner.TestRun.Tasks.EditModeRunTask/<Execute>d__1:MoveNext () (at ./Library/PackageCache/com.unity.test-framework@bd7f943e9647/UnityEditor.TestRunner/TestRun/Tasks/EditModeRunTask.cs:48)
UnityEditor.TestTools.TestRunner.TestRun.TestJobRunner:ExecuteStep () (at ./Library/PackageCache/com.unity.test-framework@bd7f943e9647/UnityEditor.TestRunner/TestRun/TestJobRunner.cs:173)
UnityEditor.TestTools.TestRunner.TestRun.TestJobRunner:ExecuteCallback () (at ./Library/PackageCache/com.unity.test-framework@bd7f943e9647/UnityEditor.TestRunner/TestRun/TestJobRunner.cs:108)
UnityEditor.EditorApplication:Internal_CallUpdateFunctions () (at /Users/bokken/build/output/unity/unity/Editor/Mono/EditorApplication.cs:392)

(Filename: ./Packages/com.xrlab.chooguard.foundation/Multiplayer/Tests/Editor/WorldMotionAdapterTests.cs Line: 109)

World motion traversal 0.3 underground_shopping_passage -> metro_concourse steps=293 seconds=0.4909279
UnityEngine.Debug:ExtractStackTraceNoAlloc (byte*,int,string)
UnityEngine.StackTraceUtility:ExtractStackTrace () (at /Users/bokken/build/output/unity/unity/Runtime/Export/Scripting/StackTrace.cs:35)
UnityEngine.DebugLogHandler:Internal_Log (UnityEngine.LogType,UnityEngine.LogOption,string,UnityEngine.Object)
UnityEngine.DebugLogHandler:LogFormat (UnityEngine.LogType,UnityEngine.Object,string,object[])
UnityEngine.Logger:Log (UnityEngine.LogType,object)
UnityEngine.Debug:Log (object)
ChooGuard.Foundation.Multiplayer.Tests.WorldMotionAdapterTests:BothProfilesTraverseAllThirteenRegionsAndAllTwentyFourPortalDirections (string,bool,double) (at ./Packages/com.xrlab.chooguard.foundation/Multiplayer/Tests/Editor/WorldMotionAdapterTests.cs:109)
System.Reflection.RuntimeMethodInfo:Invoke (object,System.Reflection.BindingFlags,System.Reflection.Binder,object[],System.Globalization.CultureInfo)
System.Reflection.MethodBase:Invoke (object,object[])
NUnit.Framework.Internal.Reflect:InvokeMethod (System.Reflection.MethodInfo,object,object[])
NUnit.Framework.Internal.MethodWrapper:Invoke (object,object[])
NUnit.Framework.Internal.Commands.TestMethodCommand:RunNonAsyncTestMethod (NUnit.Framework.Internal.ITestExecutionContext)
NUnit.Framework.Internal.Commands.TestMethodCommand:RunTestMethod (NUnit.Framework.Internal.ITestExecutionContext)
NUnit.Framework.Internal.Commands.TestMethodCommand:Execute (NUnit.Framework.Internal.ITestExecutionContext)
UnityEngine.TestTools.UnityTestMethodCommand:Execute (NUnit.Framework.Internal.ITestExecutionContext) (at ./Library/PackageCache/com.unity.test-framework@bd7f943e9647/UnityEngine.TestRunner/NUnitExtensions/Commands/UnityTestMethodCommand.cs:19)
UnityEngine.TestRunner.NUnitExtensions.Runner.UnityLogCheckDelegatingCommand/<>c__DisplayClass2_0:<Execute>b__0 () (at ./Library/PackageCache/com.unity.test-framework@bd7f943e9647/UnityEngine.TestRunner/NUnitExtensions/Runner/UnityLogCheckDelegatingCommand.cs:24)
UnityEngine.TestRunner.NUnitExtensions.Runner.UnityLogCheckDelegatingCommand:CaptureException (NUnit.Framework.Internal.TestResult,System.Action) (at ./Library/PackageCache/com.unity.test-framework@bd7f943e9647/UnityEngine.TestRunner/NUnitExtensions/Runner/UnityLogCheckDelegatingCommand.cs:72)
UnityEngine.TestRunner.NUnitExtensions.Runner.UnityLogCheckDelegatingCommand:ExecuteAndCheckLog (UnityEngine.TestTools.Logging.LogScope,NUnit.Framework.Internal.TestResult,System.Action) (at ./Library/PackageCache/com.unity.test-framework@bd7f943e9647/UnityEngine.TestRunner/NUnitExtensions/Runner/UnityLogCheckDelegatingCommand.cs:83)
UnityEngine.TestRunner.NUnitExtensions.Runner.UnityLogCheckDelegatingCommand:Execute (NUnit.Framework.Internal.ITestExecutionContext) (at ./Library/PackageCache/com.unity.test-framework@bd7f943e9647/UnityEngine.TestRunner/NUnitExtensions/Runner/UnityLogCheckDelegatingCommand.cs:24)
UnityEngine.TestRunner.NUnitExtensions.Runner.UnityLogCheckDelegatingCommand/<ExecuteEnumerable>d__3:MoveNext () (at ./Library/PackageCache/com.unity.test-framework@bd7f943e9647/UnityEngine.TestRunner/NUnitExtensions/Runner/UnityLogCheckDelegatingCommand.cs:35)
UnityEngine.TestTools.BeforeAfterTestCommandBase`1/<ExecuteEnumerable>d__16<NUnit.Framework.ITestAction>:MoveNext () (at ./Library/PackageCache/com.unity.test-framework@bd7f943e9647/UnityEngine.TestRunner/NUnitExtensions/Commands/BeforeAfterTestCommandBase.cs:212)
UnityEngine.TestTools.ImmediateEnumerableCommand:Execute (NUnit.Framework.Internal.ITestExecutionContext) (at ./Library/PackageCache/com.unity.test-framework@bd7f943e9647/UnityEngine.TestRunner/NUnitExtensions/Commands/ImmediateEnumerableCommand.cs:18)
UnityEngine.TestTools.BeforeAfterTestCommandBase`1/<ExecuteEnumerable>d__16<System.Reflection.MethodInfo>:MoveNext () (at ./Library/PackageCache/com.unity.test-framework@bd7f943e9647/UnityEngine.TestRunner/NUnitExtensions/Commands/BeforeAfterTestCommandBase.cs:219)
UnityEngine.TestTools.BeforeAfterTestCommandBase`1/<ExecuteEnumerable>d__16<System.Reflection.MethodInfo>:MoveNext () (at ./Library/PackageCache/com.unity.test-framework@bd7f943e9647/UnityEngine.TestRunner/NUnitExtensions/Commands/BeforeAfterTestCommandBase.cs:212)
UnityEngine.TestTools.BeforeAfterTestCommandBase`1/<ExecuteEnumerable>d__16<UnityEngine.TestTools.IOuterUnityTestAction>:MoveNext () (at ./Library/PackageCache/com.unity.test-framework@bd7f943e9647/UnityEngine.TestRunner/NUnitExtensions/Commands/BeforeAfterTestCommandBase.cs:212)
UnityEngine.TestTools.RetryCommand/<ExecuteEnumerable>d__2:MoveNext () (at ./Library/PackageCache/com.unity.test-framework@bd7f943e9647/UnityEngine.TestRunner/NUnitExtensions/Commands/RetryCommand.cs:37)
UnityEngine.TestTools.RepeatCommand/<ExecuteEnumerable>d__2:MoveNext () (at ./Library/PackageCache/com.unity.test-framework@bd7f943e9647/UnityEngine.TestRunner/NUnitExtensions/Commands/RepeatCommand.cs:36)
UnityEngine.TestTools.IgnoreTestCommand/<ExecuteEnumerable>d__3:MoveNext () (at ./Library/PackageCache/com.unity.test-framework@bd7f943e9647/UnityEngine.TestRunner/NUnitExtensions/Commands/IgnoreTestCommand.cs:42)
UnityEngine.TestTools.StrictCheckCommand/<ExecuteEnumerable>d__2:MoveNext () (at ./Library/PackageCache/com.unity.test-framework@bd7f943e9647/UnityEngine.TestRunner/NUnitExtensions/Commands/StrictCheckCommand.cs:29)
UnityEngine.TestRunner.NUnitExtensions.Runner.DefaultTestWorkItem/<PerformWork>d__2:MoveNext () (at ./Library/PackageCache/com.unity.test-framework@bd7f943e9647/UnityEngine.TestRunner/NUnitExtensions/Runner/DefaultTestWorkItem.cs:50)
UnityEngine.TestRunner.NUnitExtensions.Runner.CompositeWorkItem/<RunChildren>d__17:MoveNext () (at ./Library/PackageCache/com.unity.test-framework@bd7f943e9647/UnityEngine.TestRunner/NUnitExtensions/Runner/CompositeWorkItem.cs:207)
UnityEngine.TestRunner.NUnitExtensions.Runner.CompositeWorkItem/<PerformWork>d__13:MoveNext () (at ./Library/PackageCache/com.unity.test-framework@bd7f943e9647/UnityEngine.TestRunner/NUnitExtensions/Runner/CompositeWorkItem.cs:82)
UnityEngine.TestRunner.NUnitExtensions.Runner.CompositeWorkItem/<RunChildren>d__17:MoveNext () (at ./Library/PackageCache/com.unity.test-framework@bd7f943e9647/UnityEngine.TestRunner/NUnitExtensions/Runner/CompositeWorkItem.cs:207)
UnityEngine.TestRunner.NUnitExtensions.Runner.CompositeWorkItem/<PerformWork>d__13:MoveNext () (at ./Library/PackageCache/com.unity.test-framework@bd7f943e9647/UnityEngine.TestRunner/NUnitExtensions/Runner/CompositeWorkItem.cs:82)
UnityEngine.TestRunner.NUnitExtensions.Runner.CompositeWorkItem/<RunChildren>d__17:MoveNext () (at ./Library/PackageCache/com.unity.test-framework@bd7f943e9647/UnityEngine.TestRunner/NUnitExtensions/Runner/CompositeWorkItem.cs:207)
UnityEngine.TestRunner.NUnitExtensions.Runner.CompositeWorkItem/<PerformWork>d__13:MoveNext () (at ./Library/PackageCache/com.unity.test-framework@bd7f943e9647/UnityEngine.TestRunner/NUnitExtensions/Runner/CompositeWorkItem.cs:82)
UnityEngine.TestRunner.NUnitExtensions.Runner.CompositeWorkItem/<RunChildren>d__17:MoveNext () (at ./Library/PackageCache/com.unity.test-framework@bd7f943e9647/UnityEngine.TestRunner/NUnitExtensions/Runner/CompositeWorkItem.cs:207)
UnityEngine.TestRunner.NUnitExtensions.Runner.CompositeWorkItem/<PerformWork>d__13:MoveNext () (at ./Library/PackageCache/com.unity.test-framework@bd7f943e9647/UnityEngine.TestRunner/NUnitExtensions/Runner/CompositeWorkItem.cs:82)
UnityEngine.TestRunner.NUnitExtensions.Runner.CompositeWorkItem/<RunChildren>d__17:MoveNext () (at ./Library/PackageCache/com.unity.test-framework@bd7f943e9647/UnityEngine.TestRunner/NUnitExtensions/Runner/CompositeWorkItem.cs:207)
UnityEngine.TestRunner.NUnitExtensions.Runner.CompositeWorkItem/<PerformWork>d__13:MoveNext () (at ./Library/PackageCache/com.unity.test-framework@bd7f943e9647/UnityEngine.TestRunner/NUnitExtensions/Runner/CompositeWorkItem.cs:82)
UnityEngine.TestRunner.NUnitExtensions.Runner.CompositeWorkItem/<RunChildren>d__17:MoveNext () (at ./Library/PackageCache/com.unity.test-framework@bd7f943e9647/UnityEngine.TestRunner/NUnitExtensions/Runner/CompositeWorkItem.cs:207)
UnityEngine.TestRunner.NUnitExtensions.Runner.CompositeWorkItem/<PerformWork>d__13:MoveNext () (at ./Library/PackageCache/com.unity.test-framework@bd7f943e9647/UnityEngine.TestRunner/NUnitExtensions/Runner/CompositeWorkItem.cs:82)
UnityEngine.TestRunner.NUnitExtensions.Runner.CompositeWorkItem/<RunChildren>d__17:MoveNext () (at ./Library/PackageCache/com.unity.test-framework@bd7f943e9647/UnityEngine.TestRunner/NUnitExtensions/Runner/CompositeWorkItem.cs:207)
UnityEngine.TestRunner.NUnitExtensions.Runner.CompositeWorkItem/<PerformWork>d__13:MoveNext () (at ./Library/PackageCache/com.unity.test-framework@bd7f943e9647/UnityEngine.TestRunner/NUnitExtensions/Runner/CompositeWorkItem.cs:82)
UnityEngine.TestRunner.NUnitExtensions.Runner.CompositeWorkItem/<RunChildren>d__17:MoveNext () (at ./Library/PackageCache/com.unity.test-framework@bd7f943e9647/UnityEngine.TestRunner/NUnitExtensions/Runner/CompositeWorkItem.cs:207)
UnityEngine.TestRunner.NUnitExtensions.Runner.CompositeWorkItem/<PerformWork>d__13:MoveNext () (at ./Library/PackageCache/com.unity.test-framework@bd7f943e9647/UnityEngine.TestRunner/NUnitExtensions/Runner/CompositeWorkItem.cs:82)
UnityEditor.TestTools.TestRunner.EditModeRunner:MoveNextAndUpdateYieldObject () (at ./Library/PackageCache/com.unity.test-framework@bd7f943e9647/UnityEditor.TestRunner/TestRunner/EditModeRunner.cs:167)
UnityEditor.TestTools.TestRunner.EditModeRunner:TestConsumer (UnityEditor.TestTools.TestRunner.TestRunnerStateSerializer) (at ./Library/PackageCache/com.unity.test-framework@bd7f943e9647/UnityEditor.TestRunner/TestRunner/EditModeRunner.cs:200)
UnityEditor.TestTools.TestRunner.TestRun.Tasks.EditModeRunTask/<Execute>d__1:MoveNext () (at ./Library/PackageCache/com.unity.test-framework@bd7f943e9647/UnityEditor.TestRunner/TestRun/Tasks/EditModeRunTask.cs:48)
UnityEditor.TestTools.TestRunner.TestRun.TestJobRunner:ExecuteStep () (at ./Library/PackageCache/com.unity.test-framework@bd7f943e9647/UnityEditor.TestRunner/TestRun/TestJobRunner.cs:173)
UnityEditor.TestTools.TestRunner.TestRun.TestJobRunner:ExecuteCallback () (at ./Library/PackageCache/com.unity.test-framework@bd7f943e9647/UnityEditor.TestRunner/TestRun/TestJobRunner.cs:108)
UnityEditor.EditorApplication:Internal_CallUpdateFunctions () (at /Users/bokken/build/output/unity/unity/Editor/Mono/EditorApplication.cs:392)

(Filename: ./Packages/com.xrlab.chooguard.foundation/Multiplayer/Tests/Editor/WorldMotionAdapterTests.cs Line: 109)

World motion traversal 0.3 metro_concourse -> underground_shopping_passage steps=293 seconds=0.5141927
UnityEngine.Debug:ExtractStackTraceNoAlloc (byte*,int,string)
UnityEngine.StackTraceUtility:ExtractStackTrace () (at /Users/bokken/build/output/unity/unity/Runtime/Export/Scripting/StackTrace.cs:35)
UnityEngine.DebugLogHandler:Internal_Log (UnityEngine.LogType,UnityEngine.LogOption,string,UnityEngine.Object)
UnityEngine.DebugLogHandler:LogFormat (UnityEngine.LogType,UnityEngine.Object,string,object[])
UnityEngine.Logger:Log (UnityEngine.LogType,object)
UnityEngine.Debug:Log (object)
ChooGuard.Foundation.Multiplayer.Tests.WorldMotionAdapterTests:BothProfilesTraverseAllThirteenRegionsAndAllTwentyFourPortalDirections (string,bool,double) (at ./Packages/com.xrlab.chooguard.foundation/Multiplayer/Tests/Editor/WorldMotionAdapterTests.cs:109)
System.Reflection.RuntimeMethodInfo:Invoke (object,System.Reflection.BindingFlags,System.Reflection.Binder,object[],System.Globalization.CultureInfo)
System.Reflection.MethodBase:Invoke (object,object[])
NUnit.Framework.Internal.Reflect:InvokeMethod (System.Reflection.MethodInfo,object,object[])
NUnit.Framework.Internal.MethodWrapper:Invoke (object,object[])
NUnit.Framework.Internal.Commands.TestMethodCommand:RunNonAsyncTestMethod (NUnit.Framework.Internal.ITestExecutionContext)
NUnit.Framework.Internal.Commands.TestMethodCommand:RunTestMethod (NUnit.Framework.Internal.ITestExecutionContext)
NUnit.Framework.Internal.Commands.TestMethodCommand:Execute (NUnit.Framework.Internal.ITestExecutionContext)
UnityEngine.TestTools.UnityTestMethodCommand:Execute (NUnit.Framework.Internal.ITestExecutionContext) (at ./Library/PackageCache/com.unity.test-framework@bd7f943e9647/UnityEngine.TestRunner/NUnitExtensions/Commands/UnityTestMethodCommand.cs:19)
UnityEngine.TestRunner.NUnitExtensions.Runner.UnityLogCheckDelegatingCommand/<>c__DisplayClass2_0:<Execute>b__0 () (at ./Library/PackageCache/com.unity.test-framework@bd7f943e9647/UnityEngine.TestRunner/NUnitExtensions/Runner/UnityLogCheckDelegatingCommand.cs:24)
UnityEngine.TestRunner.NUnitExtensions.Runner.UnityLogCheckDelegatingCommand:CaptureException (NUnit.Framework.Internal.TestResult,System.Action) (at ./Library/PackageCache/com.unity.test-framework@bd7f943e9647/UnityEngine.TestRunner/NUnitExtensions/Runner/UnityLogCheckDelegatingCommand.cs:72)
UnityEngine.TestRunner.NUnitExtensions.Runner.UnityLogCheckDelegatingCommand:ExecuteAndCheckLog (UnityEngine.TestTools.Logging.LogScope,NUnit.Framework.Internal.TestResult,System.Action) (at ./Library/PackageCache/com.unity.test-framework@bd7f943e9647/UnityEngine.TestRunner/NUnitExtensions/Runner/UnityLogCheckDelegatingCommand.cs:83)
UnityEngine.TestRunner.NUnitExtensions.Runner.UnityLogCheckDelegatingCommand:Execute (NUnit.Framework.Internal.ITestExecutionContext) (at ./Library/PackageCache/com.unity.test-framework@bd7f943e9647/UnityEngine.TestRunner/NUnitExtensions/Runner/UnityLogCheckDelegatingCommand.cs:24)
UnityEngine.TestRunner.NUnitExtensions.Runner.UnityLogCheckDelegatingCommand/<ExecuteEnumerable>d__3:MoveNext () (at ./Library/PackageCache/com.unity.test-framework@bd7f943e9647/UnityEngine.TestRunner/NUnitExtensions/Runner/UnityLogCheckDelegatingCommand.cs:35)
UnityEngine.TestTools.BeforeAfterTestCommandBase`1/<ExecuteEnumerable>d__16<NUnit.Framework.ITestAction>:MoveNext () (at ./Library/PackageCache/com.unity.test-framework@bd7f943e9647/UnityEngine.TestRunner/NUnitExtensions/Commands/BeforeAfterTestCommandBase.cs:212)
UnityEngine.TestTools.ImmediateEnumerableCommand:Execute (NUnit.Framework.Internal.ITestExecutionContext) (at ./Library/PackageCache/com.unity.test-framework@bd7f943e9647/UnityEngine.TestRunner/NUnitExtensions/Commands/ImmediateEnumerableCommand.cs:18)
UnityEngine.TestTools.BeforeAfterTestCommandBase`1/<ExecuteEnumerable>d__16<System.Reflection.MethodInfo>:MoveNext () (at ./Library/PackageCache/com.unity.test-framework@bd7f943e9647/UnityEngine.TestRunner/NUnitExtensions/Commands/BeforeAfterTestCommandBase.cs:219)
UnityEngine.TestTools.BeforeAfterTestCommandBase`1/<ExecuteEnumerable>d__16<System.Reflection.MethodInfo>:MoveNext () (at ./Library/PackageCache/com.unity.test-framework@bd7f943e9647/UnityEngine.TestRunner/NUnitExtensions/Commands/BeforeAfterTestCommandBase.cs:212)
UnityEngine.TestTools.BeforeAfterTestCommandBase`1/<ExecuteEnumerable>d__16<UnityEngine.TestTools.IOuterUnityTestAction>:MoveNext () (at ./Library/PackageCache/com.unity.test-framework@bd7f943e9647/UnityEngine.TestRunner/NUnitExtensions/Commands/BeforeAfterTestCommandBase.cs:212)
UnityEngine.TestTools.RetryCommand/<ExecuteEnumerable>d__2:MoveNext () (at ./Library/PackageCache/com.unity.test-framework@bd7f943e9647/UnityEngine.TestRunner/NUnitExtensions/Commands/RetryCommand.cs:37)
UnityEngine.TestTools.RepeatCommand/<ExecuteEnumerable>d__2:MoveNext () (at ./Library/PackageCache/com.unity.test-framework@bd7f943e9647/UnityEngine.TestRunner/NUnitExtensions/Commands/RepeatCommand.cs:36)
UnityEngine.TestTools.IgnoreTestCommand/<ExecuteEnumerable>d__3:MoveNext () (at ./Library/PackageCache/com.unity.test-framework@bd7f943e9647/UnityEngine.TestRunner/NUnitExtensions/Commands/IgnoreTestCommand.cs:42)
UnityEngine.TestTools.StrictCheckCommand/<ExecuteEnumerable>d__2:MoveNext () (at ./Library/PackageCache/com.unity.test-framework@bd7f943e9647/UnityEngine.TestRunner/NUnitExtensions/Commands/StrictCheckCommand.cs:29)
UnityEngine.TestRunner.NUnitExtensions.Runner.DefaultTestWorkItem/<PerformWork>d__2:MoveNext () (at ./Library/PackageCache/com.unity.test-framework@bd7f943e9647/UnityEngine.TestRunner/NUnitExtensions/Runner/DefaultTestWorkItem.cs:50)
UnityEngine.TestRunner.NUnitExtensions.Runner.CompositeWorkItem/<RunChildren>d__17:MoveNext () (at ./Library/PackageCache/com.unity.test-framework@bd7f943e9647/UnityEngine.TestRunner/NUnitExtensions/Runner/CompositeWorkItem.cs:207)
UnityEngine.TestRunner.NUnitExtensions.Runner.CompositeWorkItem/<PerformWork>d__13:MoveNext () (at ./Library/PackageCache/com.unity.test-framework@bd7f943e9647/UnityEngine.TestRunner/NUnitExtensions/Runner/CompositeWorkItem.cs:82)
UnityEngine.TestRunner.NUnitExtensions.Runner.CompositeWorkItem/<RunChildren>d__17:MoveNext () (at ./Library/PackageCache/com.unity.test-framework@bd7f943e9647/UnityEngine.TestRunner/NUnitExtensions/Runner/CompositeWorkItem.cs:207)
UnityEngine.TestRunner.NUnitExtensions.Runner.CompositeWorkItem/<PerformWork>d__13:MoveNext () (at ./Library/PackageCache/com.unity.test-framework@bd7f943e9647/UnityEngine.TestRunner/NUnitExtensions/Runner/CompositeWorkItem.cs:82)
UnityEngine.TestRunner.NUnitExtensions.Runner.CompositeWorkItem/<RunChildren>d__17:MoveNext () (at ./Library/PackageCache/com.unity.test-framework@bd7f943e9647/UnityEngine.TestRunner/NUnitExtensions/Runner/CompositeWorkItem.cs:207)
UnityEngine.TestRunner.NUnitExtensions.Runner.CompositeWorkItem/<PerformWork>d__13:MoveNext () (at ./Library/PackageCache/com.unity.test-framework@bd7f943e9647/UnityEngine.TestRunner/NUnitExtensions/Runner/CompositeWorkItem.cs:82)
UnityEngine.TestRunner.NUnitExtensions.Runner.CompositeWorkItem/<RunChildren>d__17:MoveNext () (at ./Library/PackageCache/com.unity.test-framework@bd7f943e9647/UnityEngine.TestRunner/NUnitExtensions/Runner/CompositeWorkItem.cs:207)
UnityEngine.TestRunner.NUnitExtensions.Runner.CompositeWorkItem/<PerformWork>d__13:MoveNext () (at ./Library/PackageCache/com.unity.test-framework@bd7f943e9647/UnityEngine.TestRunner/NUnitExtensions/Runner/CompositeWorkItem.cs:82)
UnityEngine.TestRunner.NUnitExtensions.Runner.CompositeWorkItem/<RunChildren>d__17:MoveNext () (at ./Library/PackageCache/com.unity.test-framework@bd7f943e9647/UnityEngine.TestRunner/NUnitExtensions/Runner/CompositeWorkItem.cs:207)
UnityEngine.TestRunner.NUnitExtensions.Runner.CompositeWorkItem/<PerformWork>d__13:MoveNext () (at ./Library/PackageCache/com.unity.test-framework@bd7f943e9647/UnityEngine.TestRunner/NUnitExtensions/Runner/CompositeWorkItem.cs:82)
UnityEngine.TestRunner.NUnitExtensions.Runner.CompositeWorkItem/<RunChildren>d__17:MoveNext () (at ./Library/PackageCache/com.unity.test-framework@bd7f943e9647/UnityEngine.TestRunner/NUnitExtensions/Runner/CompositeWorkItem.cs:207)
UnityEngine.TestRunner.NUnitExtensions.Runner.CompositeWorkItem/<PerformWork>d__13:MoveNext () (at ./Library/PackageCache/com.unity.test-framework@bd7f943e9647/UnityEngine.TestRunner/NUnitExtensions/Runner/CompositeWorkItem.cs:82)
UnityEngine.TestRunner.NUnitExtensions.Runner.CompositeWorkItem/<RunChildren>d__17:MoveNext () (at ./Library/PackageCache/com.unity.test-framework@bd7f943e9647/UnityEngine.TestRunner/NUnitExtensions/Runner/CompositeWorkItem.cs:207)
UnityEngine.TestRunner.NUnitExtensions.Runner.CompositeWorkItem/<PerformWork>d__13:MoveNext () (at ./Library/PackageCache/com.unity.test-framework@bd7f943e9647/UnityEngine.TestRunner/NUnitExtensions/Runner/CompositeWorkItem.cs:82)
UnityEngine.TestRunner.NUnitExtensions.Runner.CompositeWorkItem/<RunChildren>d__17:MoveNext () (at ./Library/PackageCache/com.unity.test-framework@bd7f943e9647/UnityEngine.TestRunner/NUnitExtensions/Runner/CompositeWorkItem.cs:207)
UnityEngine.TestRunner.NUnitExtensions.Runner.CompositeWorkItem/<PerformWork>d__13:MoveNext () (at ./Library/PackageCache/com.unity.test-framework@bd7f943e9647/UnityEngine.TestRunner/NUnitExtensions/Runner/CompositeWorkItem.cs:82)
UnityEditor.TestTools.TestRunner.EditModeRunner:MoveNextAndUpdateYieldObject () (at ./Library/PackageCache/com.unity.test-framework@bd7f943e9647/UnityEditor.TestRunner/TestRunner/EditModeRunner.cs:167)
UnityEditor.TestTools.TestRunner.EditModeRunner:TestConsumer (UnityEditor.TestTools.TestRunner.TestRunnerStateSerializer) (at ./Library/PackageCache/com.unity.test-framework@bd7f943e9647/UnityEditor.TestRunner/TestRunner/EditModeRunner.cs:200)
UnityEditor.TestTools.TestRunner.TestRun.Tasks.EditModeRunTask/<Execute>d__1:MoveNext () (at ./Library/PackageCache/com.unity.test-framework@bd7f943e9647/UnityEditor.TestRunner/TestRun/Tasks/EditModeRunTask.cs:48)
UnityEditor.TestTools.TestRunner.TestRun.TestJobRunner:ExecuteStep () (at ./Library/PackageCache/com.unity.test-framework@bd7f943e9647/UnityEditor.TestRunner/TestRun/TestJobRunner.cs:173)
UnityEditor.TestTools.TestRunner.TestRun.TestJobRunner:ExecuteCallback () (at ./Library/PackageCache/com.unity.test-framework@bd7f943e9647/UnityEditor.TestRunner/TestRun/TestJobRunner.cs:108)
UnityEditor.EditorApplication:Internal_CallUpdateFunctions () (at /Users/bokken/build/output/unity/unity/Editor/Mono/EditorApplication.cs:392)

(Filename: ./Packages/com.xrlab.chooguard.foundation/Multiplayer/Tests/Editor/WorldMotionAdapterTests.cs Line: 109)

World motion traversal 0.3 metro_concourse -> metro_platforms steps=312 seconds=0.6712456
UnityEngine.Debug:ExtractStackTraceNoAlloc (byte*,int,string)
UnityEngine.StackTraceUtility:ExtractStackTrace () (at /Users/bokken/build/output/unity/unity/Runtime/Export/Scripting/StackTrace.cs:35)
UnityEngine.DebugLogHandler:Internal_Log (UnityEngine.LogType,UnityEngine.LogOption,string,UnityEngine.Object)
UnityEngine.DebugLogHandler:LogFormat (UnityEngine.LogType,UnityEngine.Object,string,object[])
UnityEngine.Logger:Log (UnityEngine.LogType,object)
UnityEngine.Debug:Log (object)
ChooGuard.Foundation.Multiplayer.Tests.WorldMotionAdapterTests:BothProfilesTraverseAllThirteenRegionsAndAllTwentyFourPortalDirections (string,bool,double) (at ./Packages/com.xrlab.chooguard.foundation/Multiplayer/Tests/Editor/WorldMotionAdapterTests.cs:109)
System.Reflection.RuntimeMethodInfo:Invoke (object,System.Reflection.BindingFlags,System.Reflection.Binder,object[],System.Globalization.CultureInfo)
System.Reflection.MethodBase:Invoke (object,object[])
NUnit.Framework.Internal.Reflect:InvokeMethod (System.Reflection.MethodInfo,object,object[])
NUnit.Framework.Internal.MethodWrapper:Invoke (object,object[])
NUnit.Framework.Internal.Commands.TestMethodCommand:RunNonAsyncTestMethod (NUnit.Framework.Internal.ITestExecutionContext)
NUnit.Framework.Internal.Commands.TestMethodCommand:RunTestMethod (NUnit.Framework.Internal.ITestExecutionContext)
NUnit.Framework.Internal.Commands.TestMethodCommand:Execute (NUnit.Framework.Internal.ITestExecutionContext)
UnityEngine.TestTools.UnityTestMethodCommand:Execute (NUnit.Framework.Internal.ITestExecutionContext) (at ./Library/PackageCache/com.unity.test-framework@bd7f943e9647/UnityEngine.TestRunner/NUnitExtensions/Commands/UnityTestMethodCommand.cs:19)
UnityEngine.TestRunner.NUnitExtensions.Runner.UnityLogCheckDelegatingCommand/<>c__DisplayClass2_0:<Execute>b__0 () (at ./Library/PackageCache/com.unity.test-framework@bd7f943e9647/UnityEngine.TestRunner/NUnitExtensions/Runner/UnityLogCheckDelegatingCommand.cs:24)
UnityEngine.TestRunner.NUnitExtensions.Runner.UnityLogCheckDelegatingCommand:CaptureException (NUnit.Framework.Internal.TestResult,System.Action) (at ./Library/PackageCache/com.unity.test-framework@bd7f943e9647/UnityEngine.TestRunner/NUnitExtensions/Runner/UnityLogCheckDelegatingCommand.cs:72)
UnityEngine.TestRunner.NUnitExtensions.Runner.UnityLogCheckDelegatingCommand:ExecuteAndCheckLog (UnityEngine.TestTools.Logging.LogScope,NUnit.Framework.Internal.TestResult,System.Action) (at ./Library/PackageCache/com.unity.test-framework@bd7f943e9647/UnityEngine.TestRunner/NUnitExtensions/Runner/UnityLogCheckDelegatingCommand.cs:83)
UnityEngine.TestRunner.NUnitExtensions.Runner.UnityLogCheckDelegatingCommand:Execute (NUnit.Framework.Internal.ITestExecutionContext) (at ./Library/PackageCache/com.unity.test-framework@bd7f943e9647/UnityEngine.TestRunner/NUnitExtensions/Runner/UnityLogCheckDelegatingCommand.cs:24)
UnityEngine.TestRunner.NUnitExtensions.Runner.UnityLogCheckDelegatingCommand/<ExecuteEnumerable>d__3:MoveNext () (at ./Library/PackageCache/com.unity.test-framework@bd7f943e9647/UnityEngine.TestRunner/NUnitExtensions/Runner/UnityLogCheckDelegatingCommand.cs:35)
UnityEngine.TestTools.BeforeAfterTestCommandBase`1/<ExecuteEnumerable>d__16<NUnit.Framework.ITestAction>:MoveNext () (at ./Library/PackageCache/com.unity.test-framework@bd7f943e9647/UnityEngine.TestRunner/NUnitExtensions/Commands/BeforeAfterTestCommandBase.cs:212)
UnityEngine.TestTools.ImmediateEnumerableCommand:Execute (NUnit.Framework.Internal.ITestExecutionContext) (at ./Library/PackageCache/com.unity.test-framework@bd7f943e9647/UnityEngine.TestRunner/NUnitExtensions/Commands/ImmediateEnumerableCommand.cs:18)
UnityEngine.TestTools.BeforeAfterTestCommandBase`1/<ExecuteEnumerable>d__16<System.Reflection.MethodInfo>:MoveNext () (at ./Library/PackageCache/com.unity.test-framework@bd7f943e9647/UnityEngine.TestRunner/NUnitExtensions/Commands/BeforeAfterTestCommandBase.cs:219)
UnityEngine.TestTools.BeforeAfterTestCommandBase`1/<ExecuteEnumerable>d__16<System.Reflection.MethodInfo>:MoveNext () (at ./Library/PackageCache/com.unity.test-framework@bd7f943e9647/UnityEngine.TestRunner/NUnitExtensions/Commands/BeforeAfterTestCommandBase.cs:212)
UnityEngine.TestTools.BeforeAfterTestCommandBase`1/<ExecuteEnumerable>d__16<UnityEngine.TestTools.IOuterUnityTestAction>:MoveNext () (at ./Library/PackageCache/com.unity.test-framework@bd7f943e9647/UnityEngine.TestRunner/NUnitExtensions/Commands/BeforeAfterTestCommandBase.cs:212)
UnityEngine.TestTools.RetryCommand/<ExecuteEnumerable>d__2:MoveNext () (at ./Library/PackageCache/com.unity.test-framework@bd7f943e9647/UnityEngine.TestRunner/NUnitExtensions/Commands/RetryCommand.cs:37)
UnityEngine.TestTools.RepeatCommand/<ExecuteEnumerable>d__2:MoveNext () (at ./Library/PackageCache/com.unity.test-framework@bd7f943e9647/UnityEngine.TestRunner/NUnitExtensions/Commands/RepeatCommand.cs:36)
UnityEngine.TestTools.IgnoreTestCommand/<ExecuteEnumerable>d__3:MoveNext () (at ./Library/PackageCache/com.unity.test-framework@bd7f943e9647/UnityEngine.TestRunner/NUnitExtensions/Commands/IgnoreTestCommand.cs:42)
UnityEngine.TestTools.StrictCheckCommand/<ExecuteEnumerable>d__2:MoveNext () (at ./Library/PackageCache/com.unity.test-framework@bd7f943e9647/UnityEngine.TestRunner/NUnitExtensions/Commands/StrictCheckCommand.cs:29)
UnityEngine.TestRunner.NUnitExtensions.Runner.DefaultTestWorkItem/<PerformWork>d__2:MoveNext () (at ./Library/PackageCache/com.unity.test-framework@bd7f943e9647/UnityEngine.TestRunner/NUnitExtensions/Runner/DefaultTestWorkItem.cs:50)
UnityEngine.TestRunner.NUnitExtensions.Runner.CompositeWorkItem/<RunChildren>d__17:MoveNext () (at ./Library/PackageCache/com.unity.test-framework@bd7f943e9647/UnityEngine.TestRunner/NUnitExtensions/Runner/CompositeWorkItem.cs:207)
UnityEngine.TestRunner.NUnitExtensions.Runner.CompositeWorkItem/<PerformWork>d__13:MoveNext () (at ./Library/PackageCache/com.unity.test-framework@bd7f943e9647/UnityEngine.TestRunner/NUnitExtensions/Runner/CompositeWorkItem.cs:82)
UnityEngine.TestRunner.NUnitExtensions.Runner.CompositeWorkItem/<RunChildren>d__17:MoveNext () (at ./Library/PackageCache/com.unity.test-framework@bd7f943e9647/UnityEngine.TestRunner/NUnitExtensions/Runner/CompositeWorkItem.cs:207)
UnityEngine.TestRunner.NUnitExtensions.Runner.CompositeWorkItem/<PerformWork>d__13:MoveNext () (at ./Library/PackageCache/com.unity.test-framework@bd7f943e9647/UnityEngine.TestRunner/NUnitExtensions/Runner/CompositeWorkItem.cs:82)
UnityEngine.TestRunner.NUnitExtensions.Runner.CompositeWorkItem/<RunChildren>d__17:MoveNext () (at ./Library/PackageCache/com.unity.test-framework@bd7f943e9647/UnityEngine.TestRunner/NUnitExtensions/Runner/CompositeWorkItem.cs:207)
UnityEngine.TestRunner.NUnitExtensions.Runner.CompositeWorkItem/<PerformWork>d__13:MoveNext () (at ./Library/PackageCache/com.unity.test-framework@bd7f943e9647/UnityEngine.TestRunner/NUnitExtensions/Runner/CompositeWorkItem.cs:82)
UnityEngine.TestRunner.NUnitExtensions.Runner.CompositeWorkItem/<RunChildren>d__17:MoveNext () (at ./Library/PackageCache/com.unity.test-framework@bd7f943e9647/UnityEngine.TestRunner/NUnitExtensions/Runner/CompositeWorkItem.cs:207)
UnityEngine.TestRunner.NUnitExtensions.Runner.CompositeWorkItem/<PerformWork>d__13:MoveNext () (at ./Library/PackageCache/com.unity.test-framework@bd7f943e9647/UnityEngine.TestRunner/NUnitExtensions/Runner/CompositeWorkItem.cs:82)
UnityEngine.TestRunner.NUnitExtensions.Runner.CompositeWorkItem/<RunChildren>d__17:MoveNext () (at ./Library/PackageCache/com.unity.test-framework@bd7f943e9647/UnityEngine.TestRunner/NUnitExtensions/Runner/CompositeWorkItem.cs:207)
UnityEngine.TestRunner.NUnitExtensions.Runner.CompositeWorkItem/<PerformWork>d__13:MoveNext () (at ./Library/PackageCache/com.unity.test-framework@bd7f943e9647/UnityEngine.TestRunner/NUnitExtensions/Runner/CompositeWorkItem.cs:82)
UnityEngine.TestRunner.NUnitExtensions.Runner.CompositeWorkItem/<RunChildren>d__17:MoveNext () (at ./Library/PackageCache/com.unity.test-framework@bd7f943e9647/UnityEngine.TestRunner/NUnitExtensions/Runner/CompositeWorkItem.cs:207)
UnityEngine.TestRunner.NUnitExtensions.Runner.CompositeWorkItem/<PerformWork>d__13:MoveNext () (at ./Library/PackageCache/com.unity.test-framework@bd7f943e9647/UnityEngine.TestRunner/NUnitExtensions/Runner/CompositeWorkItem.cs:82)
UnityEngine.TestRunner.NUnitExtensions.Runner.CompositeWorkItem/<RunChildren>d__17:MoveNext () (at ./Library/PackageCache/com.unity.test-framework@bd7f943e9647/UnityEngine.TestRunner/NUnitExtensions/Runner/CompositeWorkItem.cs:207)
UnityEngine.TestRunner.NUnitExtensions.Runner.CompositeWorkItem/<PerformWork>d__13:MoveNext () (at ./Library/PackageCache/com.unity.test-framework@bd7f943e9647/UnityEngine.TestRunner/NUnitExtensions/Runner/CompositeWorkItem.cs:82)
UnityEngine.TestRunner.NUnitExtensions.Runner.CompositeWorkItem/<RunChildren>d__17:MoveNext () (at ./Library/PackageCache/com.unity.test-framework@bd7f943e9647/UnityEngine.TestRunner/NUnitExtensions/Runner/CompositeWorkItem.cs:207)
UnityEngine.TestRunner.NUnitExtensions.Runner.CompositeWorkItem/<PerformWork>d__13:MoveNext () (at ./Library/PackageCache/com.unity.test-framework@bd7f943e9647/UnityEngine.TestRunner/NUnitExtensions/Runner/CompositeWorkItem.cs:82)
UnityEditor.TestTools.TestRunner.EditModeRunner:MoveNextAndUpdateYieldObject () (at ./Library/PackageCache/com.unity.test-framework@bd7f943e9647/UnityEditor.TestRunner/TestRunner/EditModeRunner.cs:167)
UnityEditor.TestTools.TestRunner.EditModeRunner:TestConsumer (UnityEditor.TestTools.TestRunner.TestRunnerStateSerializer) (at ./Library/PackageCache/com.unity.test-framework@bd7f943e9647/UnityEditor.TestRunner/TestRunner/EditModeRunner.cs:200)
UnityEditor.TestTools.TestRunner.TestRun.Tasks.EditModeRunTask/<Execute>d__1:MoveNext () (at ./Library/PackageCache/com.unity.test-framework@bd7f943e9647/UnityEditor.TestRunner/TestRun/Tasks/EditModeRunTask.cs:48)
UnityEditor.TestTools.TestRunner.TestRun.TestJobRunner:ExecuteStep () (at ./Library/PackageCache/com.unity.test-framework@bd7f943e9647/UnityEditor.TestRunner/TestRun/TestJobRunner.cs:173)
UnityEditor.TestTools.TestRunner.TestRun.TestJobRunner:ExecuteCallback () (at ./Library/PackageCache/com.unity.test-framework@bd7f943e9647/UnityEditor.TestRunner/TestRun/TestJobRunner.cs:108)
UnityEditor.EditorApplication:Internal_CallUpdateFunctions () (at /Users/bokken/build/output/unity/unity/Editor/Mono/EditorApplication.cs:392)

(Filename: ./Packages/com.xrlab.chooguard.foundation/Multiplayer/Tests/Editor/WorldMotionAdapterTests.cs Line: 109)

World motion traversal 0.3 metro_platforms -> metro_concourse steps=312 seconds=0.7715028
UnityEngine.Debug:ExtractStackTraceNoAlloc (byte*,int,string)
UnityEngine.StackTraceUtility:ExtractStackTrace () (at /Users/bokken/build/output/unity/unity/Runtime/Export/Scripting/StackTrace.cs:35)
UnityEngine.DebugLogHandler:Internal_Log (UnityEngine.LogType,UnityEngine.LogOption,string,UnityEngine.Object)
UnityEngine.DebugLogHandler:LogFormat (UnityEngine.LogType,UnityEngine.Object,string,object[])
UnityEngine.Logger:Log (UnityEngine.LogType,object)
UnityEngine.Debug:Log (object)
ChooGuard.Foundation.Multiplayer.Tests.WorldMotionAdapterTests:BothProfilesTraverseAllThirteenRegionsAndAllTwentyFourPortalDirections (string,bool,double) (at ./Packages/com.xrlab.chooguard.foundation/Multiplayer/Tests/Editor/WorldMotionAdapterTests.cs:109)
System.Reflection.RuntimeMethodInfo:Invoke (object,System.Reflection.BindingFlags,System.Reflection.Binder,object[],System.Globalization.CultureInfo)
System.Reflection.MethodBase:Invoke (object,object[])
NUnit.Framework.Internal.Reflect:InvokeMethod (System.Reflection.MethodInfo,object,object[])
NUnit.Framework.Internal.MethodWrapper:Invoke (object,object[])
NUnit.Framework.Internal.Commands.TestMethodCommand:RunNonAsyncTestMethod (NUnit.Framework.Internal.ITestExecutionContext)
NUnit.Framework.Internal.Commands.TestMethodCommand:RunTestMethod (NUnit.Framework.Internal.ITestExecutionContext)
NUnit.Framework.Internal.Commands.TestMethodCommand:Execute (NUnit.Framework.Internal.ITestExecutionContext)
UnityEngine.TestTools.UnityTestMethodCommand:Execute (NUnit.Framework.Internal.ITestExecutionContext) (at ./Library/PackageCache/com.unity.test-framework@bd7f943e9647/UnityEngine.TestRunner/NUnitExtensions/Commands/UnityTestMethodCommand.cs:19)
UnityEngine.TestRunner.NUnitExtensions.Runner.UnityLogCheckDelegatingCommand/<>c__DisplayClass2_0:<Execute>b__0 () (at ./Library/PackageCache/com.unity.test-framework@bd7f943e9647/UnityEngine.TestRunner/NUnitExtensions/Runner/UnityLogCheckDelegatingCommand.cs:24)
UnityEngine.TestRunner.NUnitExtensions.Runner.UnityLogCheckDelegatingCommand:CaptureException (NUnit.Framework.Internal.TestResult,System.Action) (at ./Library/PackageCache/com.unity.test-framework@bd7f943e9647/UnityEngine.TestRunner/NUnitExtensions/Runner/UnityLogCheckDelegatingCommand.cs:72)
UnityEngine.TestRunner.NUnitExtensions.Runner.UnityLogCheckDelegatingCommand:ExecuteAndCheckLog (UnityEngine.TestTools.Logging.LogScope,NUnit.Framework.Internal.TestResult,System.Action) (at ./Library/PackageCache/com.unity.test-framework@bd7f943e9647/UnityEngine.TestRunner/NUnitExtensions/Runner/UnityLogCheckDelegatingCommand.cs:83)
UnityEngine.TestRunner.NUnitExtensions.Runner.UnityLogCheckDelegatingCommand:Execute (NUnit.Framework.Internal.ITestExecutionContext) (at ./Library/PackageCache/com.unity.test-framework@bd7f943e9647/UnityEngine.TestRunner/NUnitExtensions/Runner/UnityLogCheckDelegatingCommand.cs:24)
UnityEngine.TestRunner.NUnitExtensions.Runner.UnityLogCheckDelegatingCommand/<ExecuteEnumerable>d__3:MoveNext () (at ./Library/PackageCache/com.unity.test-framework@bd7f943e9647/UnityEngine.TestRunner/NUnitExtensions/Runner/UnityLogCheckDelegatingCommand.cs:35)
UnityEngine.TestTools.BeforeAfterTestCommandBase`1/<ExecuteEnumerable>d__16<NUnit.Framework.ITestAction>:MoveNext () (at ./Library/PackageCache/com.unity.test-framework@bd7f943e9647/UnityEngine.TestRunner/NUnitExtensions/Commands/BeforeAfterTestCommandBase.cs:212)
UnityEngine.TestTools.ImmediateEnumerableCommand:Execute (NUnit.Framework.Internal.ITestExecutionContext) (at ./Library/PackageCache/com.unity.test-framework@bd7f943e9647/UnityEngine.TestRunner/NUnitExtensions/Commands/ImmediateEnumerableCommand.cs:18)
UnityEngine.TestTools.BeforeAfterTestCommandBase`1/<ExecuteEnumerable>d__16<System.Reflection.MethodInfo>:MoveNext () (at ./Library/PackageCache/com.unity.test-framework@bd7f943e9647/UnityEngine.TestRunner/NUnitExtensions/Commands/BeforeAfterTestCommandBase.cs:219)
UnityEngine.TestTools.BeforeAfterTestCommandBase`1/<ExecuteEnumerable>d__16<System.Reflection.MethodInfo>:MoveNext () (at ./Library/PackageCache/com.unity.test-framework@bd7f943e9647/UnityEngine.TestRunner/NUnitExtensions/Commands/BeforeAfterTestCommandBase.cs:212)
UnityEngine.TestTools.BeforeAfterTestCommandBase`1/<ExecuteEnumerable>d__16<UnityEngine.TestTools.IOuterUnityTestAction>:MoveNext () (at ./Library/PackageCache/com.unity.test-framework@bd7f943e9647/UnityEngine.TestRunner/NUnitExtensions/Commands/BeforeAfterTestCommandBase.cs:212)
UnityEngine.TestTools.RetryCommand/<ExecuteEnumerable>d__2:MoveNext () (at ./Library/PackageCache/com.unity.test-framework@bd7f943e9647/UnityEngine.TestRunner/NUnitExtensions/Commands/RetryCommand.cs:37)
UnityEngine.TestTools.RepeatCommand/<ExecuteEnumerable>d__2:MoveNext () (at ./Library/PackageCache/com.unity.test-framework@bd7f943e9647/UnityEngine.TestRunner/NUnitExtensions/Commands/RepeatCommand.cs:36)
UnityEngine.TestTools.IgnoreTestCommand/<ExecuteEnumerable>d__3:MoveNext () (at ./Library/PackageCache/com.unity.test-framework@bd7f943e9647/UnityEngine.TestRunner/NUnitExtensions/Commands/IgnoreTestCommand.cs:42)
UnityEngine.TestTools.StrictCheckCommand/<ExecuteEnumerable>d__2:MoveNext () (at ./Library/PackageCache/com.unity.test-framework@bd7f943e9647/UnityEngine.TestRunner/NUnitExtensions/Commands/StrictCheckCommand.cs:29)
UnityEngine.TestRunner.NUnitExtensions.Runner.DefaultTestWorkItem/<PerformWork>d__2:MoveNext () (at ./Library/PackageCache/com.unity.test-framework@bd7f943e9647/UnityEngine.TestRunner/NUnitExtensions/Runner/DefaultTestWorkItem.cs:50)
UnityEngine.TestRunner.NUnitExtensions.Runner.CompositeWorkItem/<RunChildren>d__17:MoveNext () (at ./Library/PackageCache/com.unity.test-framework@bd7f943e9647/UnityEngine.TestRunner/NUnitExtensions/Runner/CompositeWorkItem.cs:207)
UnityEngine.TestRunner.NUnitExtensions.Runner.CompositeWorkItem/<PerformWork>d__13:MoveNext () (at ./Library/PackageCache/com.unity.test-framework@bd7f943e9647/UnityEngine.TestRunner/NUnitExtensions/Runner/CompositeWorkItem.cs:82)
UnityEngine.TestRunner.NUnitExtensions.Runner.CompositeWorkItem/<RunChildren>d__17:MoveNext () (at ./Library/PackageCache/com.unity.test-framework@bd7f943e9647/UnityEngine.TestRunner/NUnitExtensions/Runner/CompositeWorkItem.cs:207)
UnityEngine.TestRunner.NUnitExtensions.Runner.CompositeWorkItem/<PerformWork>d__13:MoveNext () (at ./Library/PackageCache/com.unity.test-framework@bd7f943e9647/UnityEngine.TestRunner/NUnitExtensions/Runner/CompositeWorkItem.cs:82)
UnityEngine.TestRunner.NUnitExtensions.Runner.CompositeWorkItem/<RunChildren>d__17:MoveNext () (at ./Library/PackageCache/com.unity.test-framework@bd7f943e9647/UnityEngine.TestRunner/NUnitExtensions/Runner/CompositeWorkItem.cs:207)
UnityEngine.TestRunner.NUnitExtensions.Runner.CompositeWorkItem/<PerformWork>d__13:MoveNext () (at ./Library/PackageCache/com.unity.test-framework@bd7f943e9647/UnityEngine.TestRunner/NUnitExtensions/Runner/CompositeWorkItem.cs:82)
UnityEngine.TestRunner.NUnitExtensions.Runner.CompositeWorkItem/<RunChildren>d__17:MoveNext () (at ./Library/PackageCache/com.unity.test-framework@bd7f943e9647/UnityEngine.TestRunner/NUnitExtensions/Runner/CompositeWorkItem.cs:207)
UnityEngine.TestRunner.NUnitExtensions.Runner.CompositeWorkItem/<PerformWork>d__13:MoveNext () (at ./Library/PackageCache/com.unity.test-framework@bd7f943e9647/UnityEngine.TestRunner/NUnitExtensions/Runner/CompositeWorkItem.cs:82)
UnityEngine.TestRunner.NUnitExtensions.Runner.CompositeWorkItem/<RunChildren>d__17:MoveNext () (at ./Library/PackageCache/com.unity.test-framework@bd7f943e9647/UnityEngine.TestRunner/NUnitExtensions/Runner/CompositeWorkItem.cs:207)
UnityEngine.TestRunner.NUnitExtensions.Runner.CompositeWorkItem/<PerformWork>d__13:MoveNext () (at ./Library/PackageCache/com.unity.test-framework@bd7f943e9647/UnityEngine.TestRunner/NUnitExtensions/Runner/CompositeWorkItem.cs:82)
UnityEngine.TestRunner.NUnitExtensions.Runner.CompositeWorkItem/<RunChildren>d__17:MoveNext () (at ./Library/PackageCache/com.unity.test-framework@bd7f943e9647/UnityEngine.TestRunner/NUnitExtensions/Runner/CompositeWorkItem.cs:207)
UnityEngine.TestRunner.NUnitExtensions.Runner.CompositeWorkItem/<PerformWork>d__13:MoveNext () (at ./Library/PackageCache/com.unity.test-framework@bd7f943e9647/UnityEngine.TestRunner/NUnitExtensions/Runner/CompositeWorkItem.cs:82)
UnityEngine.TestRunner.NUnitExtensions.Runner.CompositeWorkItem/<RunChildren>d__17:MoveNext () (at ./Library/PackageCache/com.unity.test-framework@bd7f943e9647/UnityEngine.TestRunner/NUnitExtensions/Runner/CompositeWorkItem.cs:207)
UnityEngine.TestRunner.NUnitExtensions.Runner.CompositeWorkItem/<PerformWork>d__13:MoveNext () (at ./Library/PackageCache/com.unity.test-framework@bd7f943e9647/UnityEngine.TestRunner/NUnitExtensions/Runner/CompositeWorkItem.cs:82)
UnityEngine.TestRunner.NUnitExtensions.Runner.CompositeWorkItem/<RunChildren>d__17:MoveNext () (at ./Library/PackageCache/com.unity.test-framework@bd7f943e9647/UnityEngine.TestRunner/NUnitExtensions/Runner/CompositeWorkItem.cs:207)
UnityEngine.TestRunner.NUnitExtensions.Runner.CompositeWorkItem/<PerformWork>d__13:MoveNext () (at ./Library/PackageCache/com.unity.test-framework@bd7f943e9647/UnityEngine.TestRunner/NUnitExtensions/Runner/CompositeWorkItem.cs:82)
UnityEditor.TestTools.TestRunner.EditModeRunner:MoveNextAndUpdateYieldObject () (at ./Library/PackageCache/com.unity.test-framework@bd7f943e9647/UnityEditor.TestRunner/TestRunner/EditModeRunner.cs:167)
UnityEditor.TestTools.TestRunner.EditModeRunner:TestConsumer (UnityEditor.TestTools.TestRunner.TestRunnerStateSerializer) (at ./Library/PackageCache/com.unity.test-framework@bd7f943e9647/UnityEditor.TestRunner/TestRunner/EditModeRunner.cs:200)
UnityEditor.TestTools.TestRunner.TestRun.Tasks.EditModeRunTask/<Execute>d__1:MoveNext () (at ./Library/PackageCache/com.unity.test-framework@bd7f943e9647/UnityEditor.TestRunner/TestRun/Tasks/EditModeRunTask.cs:48)
UnityEditor.TestTools.TestRunner.TestRun.TestJobRunner:ExecuteStep () (at ./Library/PackageCache/com.unity.test-framework@bd7f943e9647/UnityEditor.TestRunner/TestRun/TestJobRunner.cs:173)
UnityEditor.TestTools.TestRunner.TestRun.TestJobRunner:ExecuteCallback () (at ./Library/PackageCache/com.unity.test-framework@bd7f943e9647/UnityEditor.TestRunner/TestRun/TestJobRunner.cs:108)
UnityEditor.EditorApplication:Internal_CallUpdateFunctions () (at /Users/bokken/build/output/unity/unity/Editor/Mono/EditorApplication.cs:392)

(Filename: ./Packages/com.xrlab.chooguard.foundation/Multiplayer/Tests/Editor/WorldMotionAdapterTests.cs Line: 109)

World motion traversal 0.3 rolling_stock_metro -> metro_platforms steps=100 seconds=0.2467475
UnityEngine.Debug:ExtractStackTraceNoAlloc (byte*,int,string)
UnityEngine.StackTraceUtility:ExtractStackTrace () (at /Users/bokken/build/output/unity/unity/Runtime/Export/Scripting/StackTrace.cs:35)
UnityEngine.DebugLogHandler:Internal_Log (UnityEngine.LogType,UnityEngine.LogOption,string,UnityEngine.Object)
UnityEngine.DebugLogHandler:LogFormat (UnityEngine.LogType,UnityEngine.Object,string,object[])
UnityEngine.Logger:Log (UnityEngine.LogType,object)
UnityEngine.Debug:Log (object)
ChooGuard.Foundation.Multiplayer.Tests.WorldMotionAdapterTests:BothProfilesTraverseAllThirteenRegionsAndAllTwentyFourPortalDirections (string,bool,double) (at ./Packages/com.xrlab.chooguard.foundation/Multiplayer/Tests/Editor/WorldMotionAdapterTests.cs:109)
System.Reflection.RuntimeMethodInfo:Invoke (object,System.Reflection.BindingFlags,System.Reflection.Binder,object[],System.Globalization.CultureInfo)
System.Reflection.MethodBase:Invoke (object,object[])
NUnit.Framework.Internal.Reflect:InvokeMethod (System.Reflection.MethodInfo,object,object[])
NUnit.Framework.Internal.MethodWrapper:Invoke (object,object[])
NUnit.Framework.Internal.Commands.TestMethodCommand:RunNonAsyncTestMethod (NUnit.Framework.Internal.ITestExecutionContext)
NUnit.Framework.Internal.Commands.TestMethodCommand:RunTestMethod (NUnit.Framework.Internal.ITestExecutionContext)
NUnit.Framework.Internal.Commands.TestMethodCommand:Execute (NUnit.Framework.Internal.ITestExecutionContext)
UnityEngine.TestTools.UnityTestMethodCommand:Execute (NUnit.Framework.Internal.ITestExecutionContext) (at ./Library/PackageCache/com.unity.test-framework@bd7f943e9647/UnityEngine.TestRunner/NUnitExtensions/Commands/UnityTestMethodCommand.cs:19)
UnityEngine.TestRunner.NUnitExtensions.Runner.UnityLogCheckDelegatingCommand/<>c__DisplayClass2_0:<Execute>b__0 () (at ./Library/PackageCache/com.unity.test-framework@bd7f943e9647/UnityEngine.TestRunner/NUnitExtensions/Runner/UnityLogCheckDelegatingCommand.cs:24)
UnityEngine.TestRunner.NUnitExtensions.Runner.UnityLogCheckDelegatingCommand:CaptureException (NUnit.Framework.Internal.TestResult,System.Action) (at ./Library/PackageCache/com.unity.test-framework@bd7f943e9647/UnityEngine.TestRunner/NUnitExtensions/Runner/UnityLogCheckDelegatingCommand.cs:72)
UnityEngine.TestRunner.NUnitExtensions.Runner.UnityLogCheckDelegatingCommand:ExecuteAndCheckLog (UnityEngine.TestTools.Logging.LogScope,NUnit.Framework.Internal.TestResult,System.Action) (at ./Library/PackageCache/com.unity.test-framework@bd7f943e9647/UnityEngine.TestRunner/NUnitExtensions/Runner/UnityLogCheckDelegatingCommand.cs:83)
UnityEngine.TestRunner.NUnitExtensions.Runner.UnityLogCheckDelegatingCommand:Execute (NUnit.Framework.Internal.ITestExecutionContext) (at ./Library/PackageCache/com.unity.test-framework@bd7f943e9647/UnityEngine.TestRunner/NUnitExtensions/Runner/UnityLogCheckDelegatingCommand.cs:24)
UnityEngine.TestRunner.NUnitExtensions.Runner.UnityLogCheckDelegatingCommand/<ExecuteEnumerable>d__3:MoveNext () (at ./Library/PackageCache/com.unity.test-framework@bd7f943e9647/UnityEngine.TestRunner/NUnitExtensions/Runner/UnityLogCheckDelegatingCommand.cs:35)
UnityEngine.TestTools.BeforeAfterTestCommandBase`1/<ExecuteEnumerable>d__16<NUnit.Framework.ITestAction>:MoveNext () (at ./Library/PackageCache/com.unity.test-framework@bd7f943e9647/UnityEngine.TestRunner/NUnitExtensions/Commands/BeforeAfterTestCommandBase.cs:212)
UnityEngine.TestTools.ImmediateEnumerableCommand:Execute (NUnit.Framework.Internal.ITestExecutionContext) (at ./Library/PackageCache/com.unity.test-framework@bd7f943e9647/UnityEngine.TestRunner/NUnitExtensions/Commands/ImmediateEnumerableCommand.cs:18)
UnityEngine.TestTools.BeforeAfterTestCommandBase`1/<ExecuteEnumerable>d__16<System.Reflection.MethodInfo>:MoveNext () (at ./Library/PackageCache/com.unity.test-framework@bd7f943e9647/UnityEngine.TestRunner/NUnitExtensions/Commands/BeforeAfterTestCommandBase.cs:219)
UnityEngine.TestTools.BeforeAfterTestCommandBase`1/<ExecuteEnumerable>d__16<System.Reflection.MethodInfo>:MoveNext () (at ./Library/PackageCache/com.unity.test-framework@bd7f943e9647/UnityEngine.TestRunner/NUnitExtensions/Commands/BeforeAfterTestCommandBase.cs:212)
UnityEngine.TestTools.BeforeAfterTestCommandBase`1/<ExecuteEnumerable>d__16<UnityEngine.TestTools.IOuterUnityTestAction>:MoveNext () (at ./Library/PackageCache/com.unity.test-framework@bd7f943e9647/UnityEngine.TestRunner/NUnitExtensions/Commands/BeforeAfterTestCommandBase.cs:212)
UnityEngine.TestTools.RetryCommand/<ExecuteEnumerable>d__2:MoveNext () (at ./Library/PackageCache/com.unity.test-framework@bd7f943e9647/UnityEngine.TestRunner/NUnitExtensions/Commands/RetryCommand.cs:37)
UnityEngine.TestTools.RepeatCommand/<ExecuteEnumerable>d__2:MoveNext () (at ./Library/PackageCache/com.unity.test-framework@bd7f943e9647/UnityEngine.TestRunner/NUnitExtensions/Commands/RepeatCommand.cs:36)
UnityEngine.TestTools.IgnoreTestCommand/<ExecuteEnumerable>d__3:MoveNext () (at ./Library/PackageCache/com.unity.test-framework@bd7f943e9647/UnityEngine.TestRunner/NUnitExtensions/Commands/IgnoreTestCommand.cs:42)
UnityEngine.TestTools.StrictCheckCommand/<ExecuteEnumerable>d__2:MoveNext () (at ./Library/PackageCache/com.unity.test-framework@bd7f943e9647/UnityEngine.TestRunner/NUnitExtensions/Commands/StrictCheckCommand.cs:29)
UnityEngine.TestRunner.NUnitExtensions.Runner.DefaultTestWorkItem/<PerformWork>d__2:MoveNext () (at ./Library/PackageCache/com.unity.test-framework@bd7f943e9647/UnityEngine.TestRunner/NUnitExtensions/Runner/DefaultTestWorkItem.cs:50)
UnityEngine.TestRunner.NUnitExtensions.Runner.CompositeWorkItem/<RunChildren>d__17:MoveNext () (at ./Library/PackageCache/com.unity.test-framework@bd7f943e9647/UnityEngine.TestRunner/NUnitExtensions/Runner/CompositeWorkItem.cs:207)
UnityEngine.TestRunner.NUnitExtensions.Runner.CompositeWorkItem/<PerformWork>d__13:MoveNext () (at ./Library/PackageCache/com.unity.test-framework@bd7f943e9647/UnityEngine.TestRunner/NUnitExtensions/Runner/CompositeWorkItem.cs:82)
UnityEngine.TestRunner.NUnitExtensions.Runner.CompositeWorkItem/<RunChildren>d__17:MoveNext () (at ./Library/PackageCache/com.unity.test-framework@bd7f943e9647/UnityEngine.TestRunner/NUnitExtensions/Runner/CompositeWorkItem.cs:207)
UnityEngine.TestRunner.NUnitExtensions.Runner.CompositeWorkItem/<PerformWork>d__13:MoveNext () (at ./Library/PackageCache/com.unity.test-framework@bd7f943e9647/UnityEngine.TestRunner/NUnitExtensions/Runner/CompositeWorkItem.cs:82)
UnityEngine.TestRunner.NUnitExtensions.Runner.CompositeWorkItem/<RunChildren>d__17:MoveNext () (at ./Library/PackageCache/com.unity.test-framework@bd7f943e9647/UnityEngine.TestRunner/NUnitExtensions/Runner/CompositeWorkItem.cs:207)
UnityEngine.TestRunner.NUnitExtensions.Runner.CompositeWorkItem/<PerformWork>d__13:MoveNext () (at ./Library/PackageCache/com.unity.test-framework@bd7f943e9647/UnityEngine.TestRunner/NUnitExtensions/Runner/CompositeWorkItem.cs:82)
UnityEngine.TestRunner.NUnitExtensions.Runner.CompositeWorkItem/<RunChildren>d__17:MoveNext () (at ./Library/PackageCache/com.unity.test-framework@bd7f943e9647/UnityEngine.TestRunner/NUnitExtensions/Runner/CompositeWorkItem.cs:207)
UnityEngine.TestRunner.NUnitExtensions.Runner.CompositeWorkItem/<PerformWork>d__13:MoveNext () (at ./Library/PackageCache/com.unity.test-framework@bd7f943e9647/UnityEngine.TestRunner/NUnitExtensions/Runner/CompositeWorkItem.cs:82)
UnityEngine.TestRunner.NUnitExtensions.Runner.CompositeWorkItem/<RunChildren>d__17:MoveNext () (at ./Library/PackageCache/com.unity.test-framework@bd7f943e9647/UnityEngine.TestRunner/NUnitExtensions/Runner/CompositeWorkItem.cs:207)
UnityEngine.TestRunner.NUnitExtensions.Runner.CompositeWorkItem/<PerformWork>d__13:MoveNext () (at ./Library/PackageCache/com.unity.test-framework@bd7f943e9647/UnityEngine.TestRunner/NUnitExtensions/Runner/CompositeWorkItem.cs:82)
UnityEngine.TestRunner.NUnitExtensions.Runner.CompositeWorkItem/<RunChildren>d__17:MoveNext () (at ./Library/PackageCache/com.unity.test-framework@bd7f943e9647/UnityEngine.TestRunner/NUnitExtensions/Runner/CompositeWorkItem.cs:207)
UnityEngine.TestRunner.NUnitExtensions.Runner.CompositeWorkItem/<PerformWork>d__13:MoveNext () (at ./Library/PackageCache/com.unity.test-framework@bd7f943e9647/UnityEngine.TestRunner/NUnitExtensions/Runner/CompositeWorkItem.cs:82)
UnityEngine.TestRunner.NUnitExtensions.Runner.CompositeWorkItem/<RunChildren>d__17:MoveNext () (at ./Library/PackageCache/com.unity.test-framework@bd7f943e9647/UnityEngine.TestRunner/NUnitExtensions/Runner/CompositeWorkItem.cs:207)
UnityEngine.TestRunner.NUnitExtensions.Runner.CompositeWorkItem/<PerformWork>d__13:MoveNext () (at ./Library/PackageCache/com.unity.test-framework@bd7f943e9647/UnityEngine.TestRunner/NUnitExtensions/Runner/CompositeWorkItem.cs:82)
UnityEngine.TestRunner.NUnitExtensions.Runner.CompositeWorkItem/<RunChildren>d__17:MoveNext () (at ./Library/PackageCache/com.unity.test-framework@bd7f943e9647/UnityEngine.TestRunner/NUnitExtensions/Runner/CompositeWorkItem.cs:207)
UnityEngine.TestRunner.NUnitExtensions.Runner.CompositeWorkItem/<PerformWork>d__13:MoveNext () (at ./Library/PackageCache/com.unity.test-framework@bd7f943e9647/UnityEngine.TestRunner/NUnitExtensions/Runner/CompositeWorkItem.cs:82)
UnityEditor.TestTools.TestRunner.EditModeRunner:MoveNextAndUpdateYieldObject () (at ./Library/PackageCache/com.unity.test-framework@bd7f943e9647/UnityEditor.TestRunner/TestRunner/EditModeRunner.cs:167)
UnityEditor.TestTools.TestRunner.EditModeRunner:TestConsumer (UnityEditor.TestTools.TestRunner.TestRunnerStateSerializer) (at ./Library/PackageCache/com.unity.test-framework@bd7f943e9647/UnityEditor.TestRunner/TestRunner/EditModeRunner.cs:200)
UnityEditor.TestTools.TestRunner.TestRun.Tasks.EditModeRunTask/<Execute>d__1:MoveNext () (at ./Library/PackageCache/com.unity.test-framework@bd7f943e9647/UnityEditor.TestRunner/TestRun/Tasks/EditModeRunTask.cs:48)
UnityEditor.TestTools.TestRunner.TestRun.TestJobRunner:ExecuteStep () (at ./Library/PackageCache/com.unity.test-framework@bd7f943e9647/UnityEditor.TestRunner/TestRun/TestJobRunner.cs:173)
UnityEditor.TestTools.TestRunner.TestRun.TestJobRunner:ExecuteCallback () (at ./Library/PackageCache/com.unity.test-framework@bd7f943e9647/UnityEditor.TestRunner/TestRun/TestJobRunner.cs:108)
UnityEditor.EditorApplication:Internal_CallUpdateFunctions () (at /Users/bokken/build/output/unity/unity/Editor/Mono/EditorApplication.cs:392)

(Filename: ./Packages/com.xrlab.chooguard.foundation/Multiplayer/Tests/Editor/WorldMotionAdapterTests.cs Line: 109)

World motion traversal 0.3 metro_platforms -> rolling_stock_metro steps=100 seconds=0.4400133
UnityEngine.Debug:ExtractStackTraceNoAlloc (byte*,int,string)
UnityEngine.StackTraceUtility:ExtractStackTrace () (at /Users/bokken/build/output/unity/unity/Runtime/Export/Scripting/StackTrace.cs:35)
UnityEngine.DebugLogHandler:Internal_Log (UnityEngine.LogType,UnityEngine.LogOption,string,UnityEngine.Object)
UnityEngine.DebugLogHandler:LogFormat (UnityEngine.LogType,UnityEngine.Object,string,object[])
UnityEngine.Logger:Log (UnityEngine.LogType,object)
UnityEngine.Debug:Log (object)
ChooGuard.Foundation.Multiplayer.Tests.WorldMotionAdapterTests:BothProfilesTraverseAllThirteenRegionsAndAllTwentyFourPortalDirections (string,bool,double) (at ./Packages/com.xrlab.chooguard.foundation/Multiplayer/Tests/Editor/WorldMotionAdapterTests.cs:109)
System.Reflection.RuntimeMethodInfo:Invoke (object,System.Reflection.BindingFlags,System.Reflection.Binder,object[],System.Globalization.CultureInfo)
System.Reflection.MethodBase:Invoke (object,object[])
NUnit.Framework.Internal.Reflect:InvokeMethod (System.Reflection.MethodInfo,object,object[])
NUnit.Framework.Internal.MethodWrapper:Invoke (object,object[])
NUnit.Framework.Internal.Commands.TestMethodCommand:RunNonAsyncTestMethod (NUnit.Framework.Internal.ITestExecutionContext)
NUnit.Framework.Internal.Commands.TestMethodCommand:RunTestMethod (NUnit.Framework.Internal.ITestExecutionContext)
NUnit.Framework.Internal.Commands.TestMethodCommand:Execute (NUnit.Framework.Internal.ITestExecutionContext)
UnityEngine.TestTools.UnityTestMethodCommand:Execute (NUnit.Framework.Internal.ITestExecutionContext) (at ./Library/PackageCache/com.unity.test-framework@bd7f943e9647/UnityEngine.TestRunner/NUnitExtensions/Commands/UnityTestMethodCommand.cs:19)
UnityEngine.TestRunner.NUnitExtensions.Runner.UnityLogCheckDelegatingCommand/<>c__DisplayClass2_0:<Execute>b__0 () (at ./Library/PackageCache/com.unity.test-framework@bd7f943e9647/UnityEngine.TestRunner/NUnitExtensions/Runner/UnityLogCheckDelegatingCommand.cs:24)
UnityEngine.TestRunner.NUnitExtensions.Runner.UnityLogCheckDelegatingCommand:CaptureException (NUnit.Framework.Internal.TestResult,System.Action) (at ./Library/PackageCache/com.unity.test-framework@bd7f943e9647/UnityEngine.TestRunner/NUnitExtensions/Runner/UnityLogCheckDelegatingCommand.cs:72)
UnityEngine.TestRunner.NUnitExtensions.Runner.UnityLogCheckDelegatingCommand:ExecuteAndCheckLog (UnityEngine.TestTools.Logging.LogScope,NUnit.Framework.Internal.TestResult,System.Action) (at ./Library/PackageCache/com.unity.test-framework@bd7f943e9647/UnityEngine.TestRunner/NUnitExtensions/Runner/UnityLogCheckDelegatingCommand.cs:83)
UnityEngine.TestRunner.NUnitExtensions.Runner.UnityLogCheckDelegatingCommand:Execute (NUnit.Framework.Internal.ITestExecutionContext) (at ./Library/PackageCache/com.unity.test-framework@bd7f943e9647/UnityEngine.TestRunner/NUnitExtensions/Runner/UnityLogCheckDelegatingCommand.cs:24)
UnityEngine.TestRunner.NUnitExtensions.Runner.UnityLogCheckDelegatingCommand/<ExecuteEnumerable>d__3:MoveNext () (at ./Library/PackageCache/com.unity.test-framework@bd7f943e9647/UnityEngine.TestRunner/NUnitExtensions/Runner/UnityLogCheckDelegatingCommand.cs:35)
UnityEngine.TestTools.BeforeAfterTestCommandBase`1/<ExecuteEnumerable>d__16<NUnit.Framework.ITestAction>:MoveNext () (at ./Library/PackageCache/com.unity.test-framework@bd7f943e9647/UnityEngine.TestRunner/NUnitExtensions/Commands/BeforeAfterTestCommandBase.cs:212)
UnityEngine.TestTools.ImmediateEnumerableCommand:Execute (NUnit.Framework.Internal.ITestExecutionContext) (at ./Library/PackageCache/com.unity.test-framework@bd7f943e9647/UnityEngine.TestRunner/NUnitExtensions/Commands/ImmediateEnumerableCommand.cs:18)
UnityEngine.TestTools.BeforeAfterTestCommandBase`1/<ExecuteEnumerable>d__16<System.Reflection.MethodInfo>:MoveNext () (at ./Library/PackageCache/com.unity.test-framework@bd7f943e9647/UnityEngine.TestRunner/NUnitExtensions/Commands/BeforeAfterTestCommandBase.cs:219)
UnityEngine.TestTools.BeforeAfterTestCommandBase`1/<ExecuteEnumerable>d__16<System.Reflection.MethodInfo>:MoveNext () (at ./Library/PackageCache/com.unity.test-framework@bd7f943e9647/UnityEngine.TestRunner/NUnitExtensions/Commands/BeforeAfterTestCommandBase.cs:212)
UnityEngine.TestTools.BeforeAfterTestCommandBase`1/<ExecuteEnumerable>d__16<UnityEngine.TestTools.IOuterUnityTestAction>:MoveNext () (at ./Library/PackageCache/com.unity.test-framework@bd7f943e9647/UnityEngine.TestRunner/NUnitExtensions/Commands/BeforeAfterTestCommandBase.cs:212)
UnityEngine.TestTools.RetryCommand/<ExecuteEnumerable>d__2:MoveNext () (at ./Library/PackageCache/com.unity.test-framework@bd7f943e9647/UnityEngine.TestRunner/NUnitExtensions/Commands/RetryCommand.cs:37)
UnityEngine.TestTools.RepeatCommand/<ExecuteEnumerable>d__2:MoveNext () (at ./Library/PackageCache/com.unity.test-framework@bd7f943e9647/UnityEngine.TestRunner/NUnitExtensions/Commands/RepeatCommand.cs:36)
UnityEngine.TestTools.IgnoreTestCommand/<ExecuteEnumerable>d__3:MoveNext () (at ./Library/PackageCache/com.unity.test-framework@bd7f943e9647/UnityEngine.TestRunner/NUnitExtensions/Commands/IgnoreTestCommand.cs:42)
UnityEngine.TestTools.StrictCheckCommand/<ExecuteEnumerable>d__2:MoveNext () (at ./Library/PackageCache/com.unity.test-framework@bd7f943e9647/UnityEngine.TestRunner/NUnitExtensions/Commands/StrictCheckCommand.cs:29)
UnityEngine.TestRunner.NUnitExtensions.Runner.DefaultTestWorkItem/<PerformWork>d__2:MoveNext () (at ./Library/PackageCache/com.unity.test-framework@bd7f943e9647/UnityEngine.TestRunner/NUnitExtensions/Runner/DefaultTestWorkItem.cs:50)
UnityEngine.TestRunner.NUnitExtensions.Runner.CompositeWorkItem/<RunChildren>d__17:MoveNext () (at ./Library/PackageCache/com.unity.test-framework@bd7f943e9647/UnityEngine.TestRunner/NUnitExtensions/Runner/CompositeWorkItem.cs:207)
UnityEngine.TestRunner.NUnitExtensions.Runner.CompositeWorkItem/<PerformWork>d__13:MoveNext () (at ./Library/PackageCache/com.unity.test-framework@bd7f943e9647/UnityEngine.TestRunner/NUnitExtensions/Runner/CompositeWorkItem.cs:82)
UnityEngine.TestRunner.NUnitExtensions.Runner.CompositeWorkItem/<RunChildren>d__17:MoveNext () (at ./Library/PackageCache/com.unity.test-framework@bd7f943e9647/UnityEngine.TestRunner/NUnitExtensions/Runner/CompositeWorkItem.cs:207)
UnityEngine.TestRunner.NUnitExtensions.Runner.CompositeWorkItem/<PerformWork>d__13:MoveNext () (at ./Library/PackageCache/com.unity.test-framework@bd7f943e9647/UnityEngine.TestRunner/NUnitExtensions/Runner/CompositeWorkItem.cs:82)
UnityEngine.TestRunner.NUnitExtensions.Runner.CompositeWorkItem/<RunChildren>d__17:MoveNext () (at ./Library/PackageCache/com.unity.test-framework@bd7f943e9647/UnityEngine.TestRunner/NUnitExtensions/Runner/CompositeWorkItem.cs:207)
UnityEngine.TestRunner.NUnitExtensions.Runner.CompositeWorkItem/<PerformWork>d__13:MoveNext () (at ./Library/PackageCache/com.unity.test-framework@bd7f943e9647/UnityEngine.TestRunner/NUnitExtensions/Runner/CompositeWorkItem.cs:82)
UnityEngine.TestRunner.NUnitExtensions.Runner.CompositeWorkItem/<RunChildren>d__17:MoveNext () (at ./Library/PackageCache/com.unity.test-framework@bd7f943e9647/UnityEngine.TestRunner/NUnitExtensions/Runner/CompositeWorkItem.cs:207)
UnityEngine.TestRunner.NUnitExtensions.Runner.CompositeWorkItem/<PerformWork>d__13:MoveNext () (at ./Library/PackageCache/com.unity.test-framework@bd7f943e9647/UnityEngine.TestRunner/NUnitExtensions/Runner/CompositeWorkItem.cs:82)
UnityEngine.TestRunner.NUnitExtensions.Runner.CompositeWorkItem/<RunChildren>d__17:MoveNext () (at ./Library/PackageCache/com.unity.test-framework@bd7f943e9647/UnityEngine.TestRunner/NUnitExtensions/Runner/CompositeWorkItem.cs:207)
UnityEngine.TestRunner.NUnitExtensions.Runner.CompositeWorkItem/<PerformWork>d__13:MoveNext () (at ./Library/PackageCache/com.unity.test-framework@bd7f943e9647/UnityEngine.TestRunner/NUnitExtensions/Runner/CompositeWorkItem.cs:82)
UnityEngine.TestRunner.NUnitExtensions.Runner.CompositeWorkItem/<RunChildren>d__17:MoveNext () (at ./Library/PackageCache/com.unity.test-framework@bd7f943e9647/UnityEngine.TestRunner/NUnitExtensions/Runner/CompositeWorkItem.cs:207)
UnityEngine.TestRunner.NUnitExtensions.Runner.CompositeWorkItem/<PerformWork>d__13:MoveNext () (at ./Library/PackageCache/com.unity.test-framework@bd7f943e9647/UnityEngine.TestRunner/NUnitExtensions/Runner/CompositeWorkItem.cs:82)
UnityEngine.TestRunner.NUnitExtensions.Runner.CompositeWorkItem/<RunChildren>d__17:MoveNext () (at ./Library/PackageCache/com.unity.test-framework@bd7f943e9647/UnityEngine.TestRunner/NUnitExtensions/Runner/CompositeWorkItem.cs:207)
UnityEngine.TestRunner.NUnitExtensions.Runner.CompositeWorkItem/<PerformWork>d__13:MoveNext () (at ./Library/PackageCache/com.unity.test-framework@bd7f943e9647/UnityEngine.TestRunner/NUnitExtensions/Runner/CompositeWorkItem.cs:82)
UnityEngine.TestRunner.NUnitExtensions.Runner.CompositeWorkItem/<RunChildren>d__17:MoveNext () (at ./Library/PackageCache/com.unity.test-framework@bd7f943e9647/UnityEngine.TestRunner/NUnitExtensions/Runner/CompositeWorkItem.cs:207)
UnityEngine.TestRunner.NUnitExtensions.Runner.CompositeWorkItem/<PerformWork>d__13:MoveNext () (at ./Library/PackageCache/com.unity.test-framework@bd7f943e9647/UnityEngine.TestRunner/NUnitExtensions/Runner/CompositeWorkItem.cs:82)
UnityEditor.TestTools.TestRunner.EditModeRunner:MoveNextAndUpdateYieldObject () (at ./Library/PackageCache/com.unity.test-framework@bd7f943e9647/UnityEditor.TestRunner/TestRunner/EditModeRunner.cs:167)
UnityEditor.TestTools.TestRunner.EditModeRunner:TestConsumer (UnityEditor.TestTools.TestRunner.TestRunnerStateSerializer) (at ./Library/PackageCache/com.unity.test-framework@bd7f943e9647/UnityEditor.TestRunner/TestRunner/EditModeRunner.cs:200)
UnityEditor.TestTools.TestRunner.TestRun.Tasks.EditModeRunTask/<Execute>d__1:MoveNext () (at ./Library/PackageCache/com.unity.test-framework@bd7f943e9647/UnityEditor.TestRunner/TestRun/Tasks/EditModeRunTask.cs:48)
UnityEditor.TestTools.TestRunner.TestRun.TestJobRunner:ExecuteStep () (at ./Library/PackageCache/com.unity.test-framework@bd7f943e9647/UnityEditor.TestRunner/TestRun/TestJobRunner.cs:173)
UnityEditor.TestTools.TestRunner.TestRun.TestJobRunner:ExecuteCallback () (at ./Library/PackageCache/com.unity.test-framework@bd7f943e9647/UnityEditor.TestRunner/TestRun/TestJobRunner.cs:108)
UnityEditor.EditorApplication:Internal_CallUpdateFunctions () (at /Users/bokken/build/output/unity/unity/Editor/Mono/EditorApplication.cs:392)

(Filename: ./Packages/com.xrlab.chooguard.foundation/Multiplayer/Tests/Editor/WorldMotionAdapterTests.cs Line: 109)

World motion traversal 0.41 rolling_stock_mainline -> rail_platforms_mainline steps=100 seconds=0.2619703
UnityEngine.Debug:ExtractStackTraceNoAlloc (byte*,int,string)
UnityEngine.StackTraceUtility:ExtractStackTrace () (at /Users/bokken/build/output/unity/unity/Runtime/Export/Scripting/StackTrace.cs:35)
UnityEngine.DebugLogHandler:Internal_Log (UnityEngine.LogType,UnityEngine.LogOption,string,UnityEngine.Object)
UnityEngine.DebugLogHandler:LogFormat (UnityEngine.LogType,UnityEngine.Object,string,object[])
UnityEngine.Logger:Log (UnityEngine.LogType,object)
UnityEngine.Debug:Log (object)
ChooGuard.Foundation.Multiplayer.Tests.WorldMotionAdapterTests:BothProfilesTraverseAllThirteenRegionsAndAllTwentyFourPortalDirections (string,bool,double) (at ./Packages/com.xrlab.chooguard.foundation/Multiplayer/Tests/Editor/WorldMotionAdapterTests.cs:109)
System.Reflection.RuntimeMethodInfo:Invoke (object,System.Reflection.BindingFlags,System.Reflection.Binder,object[],System.Globalization.CultureInfo)
System.Reflection.MethodBase:Invoke (object,object[])
NUnit.Framework.Internal.Reflect:InvokeMethod (System.Reflection.MethodInfo,object,object[])
NUnit.Framework.Internal.MethodWrapper:Invoke (object,object[])
NUnit.Framework.Internal.Commands.TestMethodCommand:RunNonAsyncTestMethod (NUnit.Framework.Internal.ITestExecutionContext)
NUnit.Framework.Internal.Commands.TestMethodCommand:RunTestMethod (NUnit.Framework.Internal.ITestExecutionContext)
NUnit.Framework.Internal.Commands.TestMethodCommand:Execute (NUnit.Framework.Internal.ITestExecutionContext)
UnityEngine.TestTools.UnityTestMethodCommand:Execute (NUnit.Framework.Internal.ITestExecutionContext) (at ./Library/PackageCache/com.unity.test-framework@bd7f943e9647/UnityEngine.TestRunner/NUnitExtensions/Commands/UnityTestMethodCommand.cs:19)
UnityEngine.TestRunner.NUnitExtensions.Runner.UnityLogCheckDelegatingCommand/<>c__DisplayClass2_0:<Execute>b__0 () (at ./Library/PackageCache/com.unity.test-framework@bd7f943e9647/UnityEngine.TestRunner/NUnitExtensions/Runner/UnityLogCheckDelegatingCommand.cs:24)
UnityEngine.TestRunner.NUnitExtensions.Runner.UnityLogCheckDelegatingCommand:CaptureException (NUnit.Framework.Internal.TestResult,System.Action) (at ./Library/PackageCache/com.unity.test-framework@bd7f943e9647/UnityEngine.TestRunner/NUnitExtensions/Runner/UnityLogCheckDelegatingCommand.cs:72)
UnityEngine.TestRunner.NUnitExtensions.Runner.UnityLogCheckDelegatingCommand:ExecuteAndCheckLog (UnityEngine.TestTools.Logging.LogScope,NUnit.Framework.Internal.TestResult,System.Action) (at ./Library/PackageCache/com.unity.test-framework@bd7f943e9647/UnityEngine.TestRunner/NUnitExtensions/Runner/UnityLogCheckDelegatingCommand.cs:83)
UnityEngine.TestRunner.NUnitExtensions.Runner.UnityLogCheckDelegatingCommand:Execute (NUnit.Framework.Internal.ITestExecutionContext) (at ./Library/PackageCache/com.unity.test-framework@bd7f943e9647/UnityEngine.TestRunner/NUnitExtensions/Runner/UnityLogCheckDelegatingCommand.cs:24)
UnityEngine.TestRunner.NUnitExtensions.Runner.UnityLogCheckDelegatingCommand/<ExecuteEnumerable>d__3:MoveNext () (at ./Library/PackageCache/com.unity.test-framework@bd7f943e9647/UnityEngine.TestRunner/NUnitExtensions/Runner/UnityLogCheckDelegatingCommand.cs:35)
UnityEngine.TestTools.BeforeAfterTestCommandBase`1/<ExecuteEnumerable>d__16<NUnit.Framework.ITestAction>:MoveNext () (at ./Library/PackageCache/com.unity.test-framework@bd7f943e9647/UnityEngine.TestRunner/NUnitExtensions/Commands/BeforeAfterTestCommandBase.cs:212)
UnityEngine.TestTools.ImmediateEnumerableCommand:Execute (NUnit.Framework.Internal.ITestExecutionContext) (at ./Library/PackageCache/com.unity.test-framework@bd7f943e9647/UnityEngine.TestRunner/NUnitExtensions/Commands/ImmediateEnumerableCommand.cs:18)
UnityEngine.TestTools.BeforeAfterTestCommandBase`1/<ExecuteEnumerable>d__16<System.Reflection.MethodInfo>:MoveNext () (at ./Library/PackageCache/com.unity.test-framework@bd7f943e9647/UnityEngine.TestRunner/NUnitExtensions/Commands/BeforeAfterTestCommandBase.cs:219)
UnityEngine.TestTools.BeforeAfterTestCommandBase`1/<ExecuteEnumerable>d__16<System.Reflection.MethodInfo>:MoveNext () (at ./Library/PackageCache/com.unity.test-framework@bd7f943e9647/UnityEngine.TestRunner/NUnitExtensions/Commands/BeforeAfterTestCommandBase.cs:212)
UnityEngine.TestTools.BeforeAfterTestCommandBase`1/<ExecuteEnumerable>d__16<UnityEngine.TestTools.IOuterUnityTestAction>:MoveNext () (at ./Library/PackageCache/com.unity.test-framework@bd7f943e9647/UnityEngine.TestRunner/NUnitExtensions/Commands/BeforeAfterTestCommandBase.cs:212)
UnityEngine.TestTools.RetryCommand/<ExecuteEnumerable>d__2:MoveNext () (at ./Library/PackageCache/com.unity.test-framework@bd7f943e9647/UnityEngine.TestRunner/NUnitExtensions/Commands/RetryCommand.cs:37)
UnityEngine.TestTools.RepeatCommand/<ExecuteEnumerable>d__2:MoveNext () (at ./Library/PackageCache/com.unity.test-framework@bd7f943e9647/UnityEngine.TestRunner/NUnitExtensions/Commands/RepeatCommand.cs:36)
UnityEngine.TestTools.IgnoreTestCommand/<ExecuteEnumerable>d__3:MoveNext () (at ./Library/PackageCache/com.unity.test-framework@bd7f943e9647/UnityEngine.TestRunner/NUnitExtensions/Commands/IgnoreTestCommand.cs:42)
UnityEngine.TestTools.StrictCheckCommand/<ExecuteEnumerable>d__2:MoveNext () (at ./Library/PackageCache/com.unity.test-framework@bd7f943e9647/UnityEngine.TestRunner/NUnitExtensions/Commands/StrictCheckCommand.cs:29)
UnityEngine.TestRunner.NUnitExtensions.Runner.DefaultTestWorkItem/<PerformWork>d__2:MoveNext () (at ./Library/PackageCache/com.unity.test-framework@bd7f943e9647/UnityEngine.TestRunner/NUnitExtensions/Runner/DefaultTestWorkItem.cs:50)
UnityEngine.TestRunner.NUnitExtensions.Runner.CompositeWorkItem/<RunChildren>d__17:MoveNext () (at ./Library/PackageCache/com.unity.test-framework@bd7f943e9647/UnityEngine.TestRunner/NUnitExtensions/Runner/CompositeWorkItem.cs:207)
UnityEngine.TestRunner.NUnitExtensions.Runner.CompositeWorkItem/<PerformWork>d__13:MoveNext () (at ./Library/PackageCache/com.unity.test-framework@bd7f943e9647/UnityEngine.TestRunner/NUnitExtensions/Runner/CompositeWorkItem.cs:82)
UnityEngine.TestRunner.NUnitExtensions.Runner.CompositeWorkItem/<RunChildren>d__17:MoveNext () (at ./Library/PackageCache/com.unity.test-framework@bd7f943e9647/UnityEngine.TestRunner/NUnitExtensions/Runner/CompositeWorkItem.cs:207)
UnityEngine.TestRunner.NUnitExtensions.Runner.CompositeWorkItem/<PerformWork>d__13:MoveNext () (at ./Library/PackageCache/com.unity.test-framework@bd7f943e9647/UnityEngine.TestRunner/NUnitExtensions/Runner/CompositeWorkItem.cs:82)
UnityEngine.TestRunner.NUnitExtensions.Runner.CompositeWorkItem/<RunChildren>d__17:MoveNext () (at ./Library/PackageCache/com.unity.test-framework@bd7f943e9647/UnityEngine.TestRunner/NUnitExtensions/Runner/CompositeWorkItem.cs:207)
UnityEngine.TestRunner.NUnitExtensions.Runner.CompositeWorkItem/<PerformWork>d__13:MoveNext () (at ./Library/PackageCache/com.unity.test-framework@bd7f943e9647/UnityEngine.TestRunner/NUnitExtensions/Runner/CompositeWorkItem.cs:82)
UnityEngine.TestRunner.NUnitExtensions.Runner.CompositeWorkItem/<RunChildren>d__17:MoveNext () (at ./Library/PackageCache/com.unity.test-framework@bd7f943e9647/UnityEngine.TestRunner/NUnitExtensions/Runner/CompositeWorkItem.cs:207)
UnityEngine.TestRunner.NUnitExtensions.Runner.CompositeWorkItem/<PerformWork>d__13:MoveNext () (at ./Library/PackageCache/com.unity.test-framework@bd7f943e9647/UnityEngine.TestRunner/NUnitExtensions/Runner/CompositeWorkItem.cs:82)
UnityEngine.TestRunner.NUnitExtensions.Runner.CompositeWorkItem/<RunChildren>d__17:MoveNext () (at ./Library/PackageCache/com.unity.test-framework@bd7f943e9647/UnityEngine.TestRunner/NUnitExtensions/Runner/CompositeWorkItem.cs:207)
UnityEngine.TestRunner.NUnitExtensions.Runner.CompositeWorkItem/<PerformWork>d__13:MoveNext () (at ./Library/PackageCache/com.unity.test-framework@bd7f943e9647/UnityEngine.TestRunner/NUnitExtensions/Runner/CompositeWorkItem.cs:82)
UnityEngine.TestRunner.NUnitExtensions.Runner.CompositeWorkItem/<RunChildren>d__17:MoveNext () (at ./Library/PackageCache/com.unity.test-framework@bd7f943e9647/UnityEngine.TestRunner/NUnitExtensions/Runner/CompositeWorkItem.cs:207)
UnityEngine.TestRunner.NUnitExtensions.Runner.CompositeWorkItem/<PerformWork>d__13:MoveNext () (at ./Library/PackageCache/com.unity.test-framework@bd7f943e9647/UnityEngine.TestRunner/NUnitExtensions/Runner/CompositeWorkItem.cs:82)
UnityEngine.TestRunner.NUnitExtensions.Runner.CompositeWorkItem/<RunChildren>d__17:MoveNext () (at ./Library/PackageCache/com.unity.test-framework@bd7f943e9647/UnityEngine.TestRunner/NUnitExtensions/Runner/CompositeWorkItem.cs:207)
UnityEngine.TestRunner.NUnitExtensions.Runner.CompositeWorkItem/<PerformWork>d__13:MoveNext () (at ./Library/PackageCache/com.unity.test-framework@bd7f943e9647/UnityEngine.TestRunner/NUnitExtensions/Runner/CompositeWorkItem.cs:82)
UnityEngine.TestRunner.NUnitExtensions.Runner.CompositeWorkItem/<RunChildren>d__17:MoveNext () (at ./Library/PackageCache/com.unity.test-framework@bd7f943e9647/UnityEngine.TestRunner/NUnitExtensions/Runner/CompositeWorkItem.cs:207)
UnityEngine.TestRunner.NUnitExtensions.Runner.CompositeWorkItem/<PerformWork>d__13:MoveNext () (at ./Library/PackageCache/com.unity.test-framework@bd7f943e9647/UnityEngine.TestRunner/NUnitExtensions/Runner/CompositeWorkItem.cs:82)
UnityEditor.TestTools.TestRunner.EditModeRunner:MoveNextAndUpdateYieldObject () (at ./Library/PackageCache/com.unity.test-framework@bd7f943e9647/UnityEditor.TestRunner/TestRunner/EditModeRunner.cs:167)
UnityEditor.TestTools.TestRunner.EditModeRunner:TestConsumer (UnityEditor.TestTools.TestRunner.TestRunnerStateSerializer) (at ./Library/PackageCache/com.unity.test-framework@bd7f943e9647/UnityEditor.TestRunner/TestRunner/EditModeRunner.cs:200)
UnityEditor.TestTools.TestRunner.TestRun.Tasks.EditModeRunTask/<Execute>d__1:MoveNext () (at ./Library/PackageCache/com.unity.test-framework@bd7f943e9647/UnityEditor.TestRunner/TestRun/Tasks/EditModeRunTask.cs:48)
UnityEditor.TestTools.TestRunner.TestRun.TestJobRunner:ExecuteStep () (at ./Library/PackageCache/com.unity.test-framework@bd7f943e9647/UnityEditor.TestRunner/TestRun/TestJobRunner.cs:173)
UnityEditor.TestTools.TestRunner.TestRun.TestJobRunner:ExecuteCallback () (at ./Library/PackageCache/com.unity.test-framework@bd7f943e9647/UnityEditor.TestRunner/TestRun/TestJobRunner.cs:108)
UnityEditor.EditorApplication:Internal_CallUpdateFunctions () (at /Users/bokken/build/output/unity/unity/Editor/Mono/EditorApplication.cs:392)

(Filename: ./Packages/com.xrlab.chooguard.foundation/Multiplayer/Tests/Editor/WorldMotionAdapterTests.cs Line: 109)

World motion traversal 0.41 rail_platforms_mainline -> rolling_stock_mainline steps=100 seconds=0.2704178
UnityEngine.Debug:ExtractStackTraceNoAlloc (byte*,int,string)
UnityEngine.StackTraceUtility:ExtractStackTrace () (at /Users/bokken/build/output/unity/unity/Runtime/Export/Scripting/StackTrace.cs:35)
UnityEngine.DebugLogHandler:Internal_Log (UnityEngine.LogType,UnityEngine.LogOption,string,UnityEngine.Object)
UnityEngine.DebugLogHandler:LogFormat (UnityEngine.LogType,UnityEngine.Object,string,object[])
UnityEngine.Logger:Log (UnityEngine.LogType,object)
UnityEngine.Debug:Log (object)
ChooGuard.Foundation.Multiplayer.Tests.WorldMotionAdapterTests:BothProfilesTraverseAllThirteenRegionsAndAllTwentyFourPortalDirections (string,bool,double) (at ./Packages/com.xrlab.chooguard.foundation/Multiplayer/Tests/Editor/WorldMotionAdapterTests.cs:109)
System.Reflection.RuntimeMethodInfo:Invoke (object,System.Reflection.BindingFlags,System.Reflection.Binder,object[],System.Globalization.CultureInfo)
System.Reflection.MethodBase:Invoke (object,object[])
NUnit.Framework.Internal.Reflect:InvokeMethod (System.Reflection.MethodInfo,object,object[])
NUnit.Framework.Internal.MethodWrapper:Invoke (object,object[])
NUnit.Framework.Internal.Commands.TestMethodCommand:RunNonAsyncTestMethod (NUnit.Framework.Internal.ITestExecutionContext)
NUnit.Framework.Internal.Commands.TestMethodCommand:RunTestMethod (NUnit.Framework.Internal.ITestExecutionContext)
NUnit.Framework.Internal.Commands.TestMethodCommand:Execute (NUnit.Framework.Internal.ITestExecutionContext)
UnityEngine.TestTools.UnityTestMethodCommand:Execute (NUnit.Framework.Internal.ITestExecutionContext) (at ./Library/PackageCache/com.unity.test-framework@bd7f943e9647/UnityEngine.TestRunner/NUnitExtensions/Commands/UnityTestMethodCommand.cs:19)
UnityEngine.TestRunner.NUnitExtensions.Runner.UnityLogCheckDelegatingCommand/<>c__DisplayClass2_0:<Execute>b__0 () (at ./Library/PackageCache/com.unity.test-framework@bd7f943e9647/UnityEngine.TestRunner/NUnitExtensions/Runner/UnityLogCheckDelegatingCommand.cs:24)
UnityEngine.TestRunner.NUnitExtensions.Runner.UnityLogCheckDelegatingCommand:CaptureException (NUnit.Framework.Internal.TestResult,System.Action) (at ./Library/PackageCache/com.unity.test-framework@bd7f943e9647/UnityEngine.TestRunner/NUnitExtensions/Runner/UnityLogCheckDelegatingCommand.cs:72)
UnityEngine.TestRunner.NUnitExtensions.Runner.UnityLogCheckDelegatingCommand:ExecuteAndCheckLog (UnityEngine.TestTools.Logging.LogScope,NUnit.Framework.Internal.TestResult,System.Action) (at ./Library/PackageCache/com.unity.test-framework@bd7f943e9647/UnityEngine.TestRunner/NUnitExtensions/Runner/UnityLogCheckDelegatingCommand.cs:83)
UnityEngine.TestRunner.NUnitExtensions.Runner.UnityLogCheckDelegatingCommand:Execute (NUnit.Framework.Internal.ITestExecutionContext) (at ./Library/PackageCache/com.unity.test-framework@bd7f943e9647/UnityEngine.TestRunner/NUnitExtensions/Runner/UnityLogCheckDelegatingCommand.cs:24)
UnityEngine.TestRunner.NUnitExtensions.Runner.UnityLogCheckDelegatingCommand/<ExecuteEnumerable>d__3:MoveNext () (at ./Library/PackageCache/com.unity.test-framework@bd7f943e9647/UnityEngine.TestRunner/NUnitExtensions/Runner/UnityLogCheckDelegatingCommand.cs:35)
UnityEngine.TestTools.BeforeAfterTestCommandBase`1/<ExecuteEnumerable>d__16<NUnit.Framework.ITestAction>:MoveNext () (at ./Library/PackageCache/com.unity.test-framework@bd7f943e9647/UnityEngine.TestRunner/NUnitExtensions/Commands/BeforeAfterTestCommandBase.cs:212)
UnityEngine.TestTools.ImmediateEnumerableCommand:Execute (NUnit.Framework.Internal.ITestExecutionContext) (at ./Library/PackageCache/com.unity.test-framework@bd7f943e9647/UnityEngine.TestRunner/NUnitExtensions/Commands/ImmediateEnumerableCommand.cs:18)
UnityEngine.TestTools.BeforeAfterTestCommandBase`1/<ExecuteEnumerable>d__16<System.Reflection.MethodInfo>:MoveNext () (at ./Library/PackageCache/com.unity.test-framework@bd7f943e9647/UnityEngine.TestRunner/NUnitExtensions/Commands/BeforeAfterTestCommandBase.cs:219)
UnityEngine.TestTools.BeforeAfterTestCommandBase`1/<ExecuteEnumerable>d__16<System.Reflection.MethodInfo>:MoveNext () (at ./Library/PackageCache/com.unity.test-framework@bd7f943e9647/UnityEngine.TestRunner/NUnitExtensions/Commands/BeforeAfterTestCommandBase.cs:212)
UnityEngine.TestTools.BeforeAfterTestCommandBase`1/<ExecuteEnumerable>d__16<UnityEngine.TestTools.IOuterUnityTestAction>:MoveNext () (at ./Library/PackageCache/com.unity.test-framework@bd7f943e9647/UnityEngine.TestRunner/NUnitExtensions/Commands/BeforeAfterTestCommandBase.cs:212)
UnityEngine.TestTools.RetryCommand/<ExecuteEnumerable>d__2:MoveNext () (at ./Library/PackageCache/com.unity.test-framework@bd7f943e9647/UnityEngine.TestRunner/NUnitExtensions/Commands/RetryCommand.cs:37)
UnityEngine.TestTools.RepeatCommand/<ExecuteEnumerable>d__2:MoveNext () (at ./Library/PackageCache/com.unity.test-framework@bd7f943e9647/UnityEngine.TestRunner/NUnitExtensions/Commands/RepeatCommand.cs:36)
UnityEngine.TestTools.IgnoreTestCommand/<ExecuteEnumerable>d__3:MoveNext () (at ./Library/PackageCache/com.unity.test-framework@bd7f943e9647/UnityEngine.TestRunner/NUnitExtensions/Commands/IgnoreTestCommand.cs:42)
UnityEngine.TestTools.StrictCheckCommand/<ExecuteEnumerable>d__2:MoveNext () (at ./Library/PackageCache/com.unity.test-framework@bd7f943e9647/UnityEngine.TestRunner/NUnitExtensions/Commands/StrictCheckCommand.cs:29)
UnityEngine.TestRunner.NUnitExtensions.Runner.DefaultTestWorkItem/<PerformWork>d__2:MoveNext () (at ./Library/PackageCache/com.unity.test-framework@bd7f943e9647/UnityEngine.TestRunner/NUnitExtensions/Runner/DefaultTestWorkItem.cs:50)
UnityEngine.TestRunner.NUnitExtensions.Runner.CompositeWorkItem/<RunChildren>d__17:MoveNext () (at ./Library/PackageCache/com.unity.test-framework@bd7f943e9647/UnityEngine.TestRunner/NUnitExtensions/Runner/CompositeWorkItem.cs:207)
UnityEngine.TestRunner.NUnitExtensions.Runner.CompositeWorkItem/<PerformWork>d__13:MoveNext () (at ./Library/PackageCache/com.unity.test-framework@bd7f943e9647/UnityEngine.TestRunner/NUnitExtensions/Runner/CompositeWorkItem.cs:82)
UnityEngine.TestRunner.NUnitExtensions.Runner.CompositeWorkItem/<RunChildren>d__17:MoveNext () (at ./Library/PackageCache/com.unity.test-framework@bd7f943e9647/UnityEngine.TestRunner/NUnitExtensions/Runner/CompositeWorkItem.cs:207)
UnityEngine.TestRunner.NUnitExtensions.Runner.CompositeWorkItem/<PerformWork>d__13:MoveNext () (at ./Library/PackageCache/com.unity.test-framework@bd7f943e9647/UnityEngine.TestRunner/NUnitExtensions/Runner/CompositeWorkItem.cs:82)
UnityEngine.TestRunner.NUnitExtensions.Runner.CompositeWorkItem/<RunChildren>d__17:MoveNext () (at ./Library/PackageCache/com.unity.test-framework@bd7f943e9647/UnityEngine.TestRunner/NUnitExtensions/Runner/CompositeWorkItem.cs:207)
UnityEngine.TestRunner.NUnitExtensions.Runner.CompositeWorkItem/<PerformWork>d__13:MoveNext () (at ./Library/PackageCache/com.unity.test-framework@bd7f943e9647/UnityEngine.TestRunner/NUnitExtensions/Runner/CompositeWorkItem.cs:82)
UnityEngine.TestRunner.NUnitExtensions.Runner.CompositeWorkItem/<RunChildren>d__17:MoveNext () (at ./Library/PackageCache/com.unity.test-framework@bd7f943e9647/UnityEngine.TestRunner/NUnitExtensions/Runner/CompositeWorkItem.cs:207)
UnityEngine.TestRunner.NUnitExtensions.Runner.CompositeWorkItem/<PerformWork>d__13:MoveNext () (at ./Library/PackageCache/com.unity.test-framework@bd7f943e9647/UnityEngine.TestRunner/NUnitExtensions/Runner/CompositeWorkItem.cs:82)
UnityEngine.TestRunner.NUnitExtensions.Runner.CompositeWorkItem/<RunChildren>d__17:MoveNext () (at ./Library/PackageCache/com.unity.test-framework@bd7f943e9647/UnityEngine.TestRunner/NUnitExtensions/Runner/CompositeWorkItem.cs:207)
UnityEngine.TestRunner.NUnitExtensions.Runner.CompositeWorkItem/<PerformWork>d__13:MoveNext () (at ./Library/PackageCache/com.unity.test-framework@bd7f943e9647/UnityEngine.TestRunner/NUnitExtensions/Runner/CompositeWorkItem.cs:82)
UnityEngine.TestRunner.NUnitExtensions.Runner.CompositeWorkItem/<RunChildren>d__17:MoveNext () (at ./Library/PackageCache/com.unity.test-framework@bd7f943e9647/UnityEngine.TestRunner/NUnitExtensions/Runner/CompositeWorkItem.cs:207)
UnityEngine.TestRunner.NUnitExtensions.Runner.CompositeWorkItem/<PerformWork>d__13:MoveNext () (at ./Library/PackageCache/com.unity.test-framework@bd7f943e9647/UnityEngine.TestRunner/NUnitExtensions/Runner/CompositeWorkItem.cs:82)
UnityEngine.TestRunner.NUnitExtensions.Runner.CompositeWorkItem/<RunChildren>d__17:MoveNext () (at ./Library/PackageCache/com.unity.test-framework@bd7f943e9647/UnityEngine.TestRunner/NUnitExtensions/Runner/CompositeWorkItem.cs:207)
UnityEngine.TestRunner.NUnitExtensions.Runner.CompositeWorkItem/<PerformWork>d__13:MoveNext () (at ./Library/PackageCache/com.unity.test-framework@bd7f943e9647/UnityEngine.TestRunner/NUnitExtensions/Runner/CompositeWorkItem.cs:82)
UnityEngine.TestRunner.NUnitExtensions.Runner.CompositeWorkItem/<RunChildren>d__17:MoveNext () (at ./Library/PackageCache/com.unity.test-framework@bd7f943e9647/UnityEngine.TestRunner/NUnitExtensions/Runner/CompositeWorkItem.cs:207)
UnityEngine.TestRunner.NUnitExtensions.Runner.CompositeWorkItem/<PerformWork>d__13:MoveNext () (at ./Library/PackageCache/com.unity.test-framework@bd7f943e9647/UnityEngine.TestRunner/NUnitExtensions/Runner/CompositeWorkItem.cs:82)
UnityEditor.TestTools.TestRunner.EditModeRunner:MoveNextAndUpdateYieldObject () (at ./Library/PackageCache/com.unity.test-framework@bd7f943e9647/UnityEditor.TestRunner/TestRunner/EditModeRunner.cs:167)
UnityEditor.TestTools.TestRunner.EditModeRunner:TestConsumer (UnityEditor.TestTools.TestRunner.TestRunnerStateSerializer) (at ./Library/PackageCache/com.unity.test-framework@bd7f943e9647/UnityEditor.TestRunner/TestRunner/EditModeRunner.cs:200)
UnityEditor.TestTools.TestRunner.TestRun.Tasks.EditModeRunTask/<Execute>d__1:MoveNext () (at ./Library/PackageCache/com.unity.test-framework@bd7f943e9647/UnityEditor.TestRunner/TestRun/Tasks/EditModeRunTask.cs:48)
UnityEditor.TestTools.TestRunner.TestRun.TestJobRunner:ExecuteStep () (at ./Library/PackageCache/com.unity.test-framework@bd7f943e9647/UnityEditor.TestRunner/TestRun/TestJobRunner.cs:173)
UnityEditor.TestTools.TestRunner.TestRun.TestJobRunner:ExecuteCallback () (at ./Library/PackageCache/com.unity.test-framework@bd7f943e9647/UnityEditor.TestRunner/TestRun/TestJobRunner.cs:108)
UnityEditor.EditorApplication:Internal_CallUpdateFunctions () (at /Users/bokken/build/output/unity/unity/Editor/Mono/EditorApplication.cs:392)

(Filename: ./Packages/com.xrlab.chooguard.foundation/Multiplayer/Tests/Editor/WorldMotionAdapterTests.cs Line: 109)

World motion traversal 0.41 rail_tracks_mainline -> rail_platforms_mainline steps=91 seconds=0.2748367
UnityEngine.Debug:ExtractStackTraceNoAlloc (byte*,int,string)
UnityEngine.StackTraceUtility:ExtractStackTrace () (at /Users/bokken/build/output/unity/unity/Runtime/Export/Scripting/StackTrace.cs:35)
UnityEngine.DebugLogHandler:Internal_Log (UnityEngine.LogType,UnityEngine.LogOption,string,UnityEngine.Object)
UnityEngine.DebugLogHandler:LogFormat (UnityEngine.LogType,UnityEngine.Object,string,object[])
UnityEngine.Logger:Log (UnityEngine.LogType,object)
UnityEngine.Debug:Log (object)
ChooGuard.Foundation.Multiplayer.Tests.WorldMotionAdapterTests:BothProfilesTraverseAllThirteenRegionsAndAllTwentyFourPortalDirections (string,bool,double) (at ./Packages/com.xrlab.chooguard.foundation/Multiplayer/Tests/Editor/WorldMotionAdapterTests.cs:109)
System.Reflection.RuntimeMethodInfo:Invoke (object,System.Reflection.BindingFlags,System.Reflection.Binder,object[],System.Globalization.CultureInfo)
System.Reflection.MethodBase:Invoke (object,object[])
NUnit.Framework.Internal.Reflect:InvokeMethod (System.Reflection.MethodInfo,object,object[])
NUnit.Framework.Internal.MethodWrapper:Invoke (object,object[])
NUnit.Framework.Internal.Commands.TestMethodCommand:RunNonAsyncTestMethod (NUnit.Framework.Internal.ITestExecutionContext)
NUnit.Framework.Internal.Commands.TestMethodCommand:RunTestMethod (NUnit.Framework.Internal.ITestExecutionContext)
NUnit.Framework.Internal.Commands.TestMethodCommand:Execute (NUnit.Framework.Internal.ITestExecutionContext)
UnityEngine.TestTools.UnityTestMethodCommand:Execute (NUnit.Framework.Internal.ITestExecutionContext) (at ./Library/PackageCache/com.unity.test-framework@bd7f943e9647/UnityEngine.TestRunner/NUnitExtensions/Commands/UnityTestMethodCommand.cs:19)
UnityEngine.TestRunner.NUnitExtensions.Runner.UnityLogCheckDelegatingCommand/<>c__DisplayClass2_0:<Execute>b__0 () (at ./Library/PackageCache/com.unity.test-framework@bd7f943e9647/UnityEngine.TestRunner/NUnitExtensions/Runner/UnityLogCheckDelegatingCommand.cs:24)
UnityEngine.TestRunner.NUnitExtensions.Runner.UnityLogCheckDelegatingCommand:CaptureException (NUnit.Framework.Internal.TestResult,System.Action) (at ./Library/PackageCache/com.unity.test-framework@bd7f943e9647/UnityEngine.TestRunner/NUnitExtensions/Runner/UnityLogCheckDelegatingCommand.cs:72)
UnityEngine.TestRunner.NUnitExtensions.Runner.UnityLogCheckDelegatingCommand:ExecuteAndCheckLog (UnityEngine.TestTools.Logging.LogScope,NUnit.Framework.Internal.TestResult,System.Action) (at ./Library/PackageCache/com.unity.test-framework@bd7f943e9647/UnityEngine.TestRunner/NUnitExtensions/Runner/UnityLogCheckDelegatingCommand.cs:83)
UnityEngine.TestRunner.NUnitExtensions.Runner.UnityLogCheckDelegatingCommand:Execute (NUnit.Framework.Internal.ITestExecutionContext) (at ./Library/PackageCache/com.unity.test-framework@bd7f943e9647/UnityEngine.TestRunner/NUnitExtensions/Runner/UnityLogCheckDelegatingCommand.cs:24)
UnityEngine.TestRunner.NUnitExtensions.Runner.UnityLogCheckDelegatingCommand/<ExecuteEnumerable>d__3:MoveNext () (at ./Library/PackageCache/com.unity.test-framework@bd7f943e9647/UnityEngine.TestRunner/NUnitExtensions/Runner/UnityLogCheckDelegatingCommand.cs:35)
UnityEngine.TestTools.BeforeAfterTestCommandBase`1/<ExecuteEnumerable>d__16<NUnit.Framework.ITestAction>:MoveNext () (at ./Library/PackageCache/com.unity.test-framework@bd7f943e9647/UnityEngine.TestRunner/NUnitExtensions/Commands/BeforeAfterTestCommandBase.cs:212)
UnityEngine.TestTools.ImmediateEnumerableCommand:Execute (NUnit.Framework.Internal.ITestExecutionContext) (at ./Library/PackageCache/com.unity.test-framework@bd7f943e9647/UnityEngine.TestRunner/NUnitExtensions/Commands/ImmediateEnumerableCommand.cs:18)
UnityEngine.TestTools.BeforeAfterTestCommandBase`1/<ExecuteEnumerable>d__16<System.Reflection.MethodInfo>:MoveNext () (at ./Library/PackageCache/com.unity.test-framework@bd7f943e9647/UnityEngine.TestRunner/NUnitExtensions/Commands/BeforeAfterTestCommandBase.cs:219)
UnityEngine.TestTools.BeforeAfterTestCommandBase`1/<ExecuteEnumerable>d__16<System.Reflection.MethodInfo>:MoveNext () (at ./Library/PackageCache/com.unity.test-framework@bd7f943e9647/UnityEngine.TestRunner/NUnitExtensions/Commands/BeforeAfterTestCommandBase.cs:212)
UnityEngine.TestTools.BeforeAfterTestCommandBase`1/<ExecuteEnumerable>d__16<UnityEngine.TestTools.IOuterUnityTestAction>:MoveNext () (at ./Library/PackageCache/com.unity.test-framework@bd7f943e9647/UnityEngine.TestRunner/NUnitExtensions/Commands/BeforeAfterTestCommandBase.cs:212)
UnityEngine.TestTools.RetryCommand/<ExecuteEnumerable>d__2:MoveNext () (at ./Library/PackageCache/com.unity.test-framework@bd7f943e9647/UnityEngine.TestRunner/NUnitExtensions/Commands/RetryCommand.cs:37)
UnityEngine.TestTools.RepeatCommand/<ExecuteEnumerable>d__2:MoveNext () (at ./Library/PackageCache/com.unity.test-framework@bd7f943e9647/UnityEngine.TestRunner/NUnitExtensions/Commands/RepeatCommand.cs:36)
UnityEngine.TestTools.IgnoreTestCommand/<ExecuteEnumerable>d__3:MoveNext () (at ./Library/PackageCache/com.unity.test-framework@bd7f943e9647/UnityEngine.TestRunner/NUnitExtensions/Commands/IgnoreTestCommand.cs:42)
UnityEngine.TestTools.StrictCheckCommand/<ExecuteEnumerable>d__2:MoveNext () (at ./Library/PackageCache/com.unity.test-framework@bd7f943e9647/UnityEngine.TestRunner/NUnitExtensions/Commands/StrictCheckCommand.cs:29)
UnityEngine.TestRunner.NUnitExtensions.Runner.DefaultTestWorkItem/<PerformWork>d__2:MoveNext () (at ./Library/PackageCache/com.unity.test-framework@bd7f943e9647/UnityEngine.TestRunner/NUnitExtensions/Runner/DefaultTestWorkItem.cs:50)
UnityEngine.TestRunner.NUnitExtensions.Runner.CompositeWorkItem/<RunChildren>d__17:MoveNext () (at ./Library/PackageCache/com.unity.test-framework@bd7f943e9647/UnityEngine.TestRunner/NUnitExtensions/Runner/CompositeWorkItem.cs:207)
UnityEngine.TestRunner.NUnitExtensions.Runner.CompositeWorkItem/<PerformWork>d__13:MoveNext () (at ./Library/PackageCache/com.unity.test-framework@bd7f943e9647/UnityEngine.TestRunner/NUnitExtensions/Runner/CompositeWorkItem.cs:82)
UnityEngine.TestRunner.NUnitExtensions.Runner.CompositeWorkItem/<RunChildren>d__17:MoveNext () (at ./Library/PackageCache/com.unity.test-framework@bd7f943e9647/UnityEngine.TestRunner/NUnitExtensions/Runner/CompositeWorkItem.cs:207)
UnityEngine.TestRunner.NUnitExtensions.Runner.CompositeWorkItem/<PerformWork>d__13:MoveNext () (at ./Library/PackageCache/com.unity.test-framework@bd7f943e9647/UnityEngine.TestRunner/NUnitExtensions/Runner/CompositeWorkItem.cs:82)
UnityEngine.TestRunner.NUnitExtensions.Runner.CompositeWorkItem/<RunChildren>d__17:MoveNext () (at ./Library/PackageCache/com.unity.test-framework@bd7f943e9647/UnityEngine.TestRunner/NUnitExtensions/Runner/CompositeWorkItem.cs:207)
UnityEngine.TestRunner.NUnitExtensions.Runner.CompositeWorkItem/<PerformWork>d__13:MoveNext () (at ./Library/PackageCache/com.unity.test-framework@bd7f943e9647/UnityEngine.TestRunner/NUnitExtensions/Runner/CompositeWorkItem.cs:82)
UnityEngine.TestRunner.NUnitExtensions.Runner.CompositeWorkItem/<RunChildren>d__17:MoveNext () (at ./Library/PackageCache/com.unity.test-framework@bd7f943e9647/UnityEngine.TestRunner/NUnitExtensions/Runner/CompositeWorkItem.cs:207)
UnityEngine.TestRunner.NUnitExtensions.Runner.CompositeWorkItem/<PerformWork>d__13:MoveNext () (at ./Library/PackageCache/com.unity.test-framework@bd7f943e9647/UnityEngine.TestRunner/NUnitExtensions/Runner/CompositeWorkItem.cs:82)
UnityEngine.TestRunner.NUnitExtensions.Runner.CompositeWorkItem/<RunChildren>d__17:MoveNext () (at ./Library/PackageCache/com.unity.test-framework@bd7f943e9647/UnityEngine.TestRunner/NUnitExtensions/Runner/CompositeWorkItem.cs:207)
UnityEngine.TestRunner.NUnitExtensions.Runner.CompositeWorkItem/<PerformWork>d__13:MoveNext () (at ./Library/PackageCache/com.unity.test-framework@bd7f943e9647/UnityEngine.TestRunner/NUnitExtensions/Runner/CompositeWorkItem.cs:82)
UnityEngine.TestRunner.NUnitExtensions.Runner.CompositeWorkItem/<RunChildren>d__17:MoveNext () (at ./Library/PackageCache/com.unity.test-framework@bd7f943e9647/UnityEngine.TestRunner/NUnitExtensions/Runner/CompositeWorkItem.cs:207)
UnityEngine.TestRunner.NUnitExtensions.Runner.CompositeWorkItem/<PerformWork>d__13:MoveNext () (at ./Library/PackageCache/com.unity.test-framework@bd7f943e9647/UnityEngine.TestRunner/NUnitExtensions/Runner/CompositeWorkItem.cs:82)
UnityEngine.TestRunner.NUnitExtensions.Runner.CompositeWorkItem/<RunChildren>d__17:MoveNext () (at ./Library/PackageCache/com.unity.test-framework@bd7f943e9647/UnityEngine.TestRunner/NUnitExtensions/Runner/CompositeWorkItem.cs:207)
UnityEngine.TestRunner.NUnitExtensions.Runner.CompositeWorkItem/<PerformWork>d__13:MoveNext () (at ./Library/PackageCache/com.unity.test-framework@bd7f943e9647/UnityEngine.TestRunner/NUnitExtensions/Runner/CompositeWorkItem.cs:82)
UnityEngine.TestRunner.NUnitExtensions.Runner.CompositeWorkItem/<RunChildren>d__17:MoveNext () (at ./Library/PackageCache/com.unity.test-framework@bd7f943e9647/UnityEngine.TestRunner/NUnitExtensions/Runner/CompositeWorkItem.cs:207)
UnityEngine.TestRunner.NUnitExtensions.Runner.CompositeWorkItem/<PerformWork>d__13:MoveNext () (at ./Library/PackageCache/com.unity.test-framework@bd7f943e9647/UnityEngine.TestRunner/NUnitExtensions/Runner/CompositeWorkItem.cs:82)
UnityEditor.TestTools.TestRunner.EditModeRunner:MoveNextAndUpdateYieldObject () (at ./Library/PackageCache/com.unity.test-framework@bd7f943e9647/UnityEditor.TestRunner/TestRunner/EditModeRunner.cs:167)
UnityEditor.TestTools.TestRunner.EditModeRunner:TestConsumer (UnityEditor.TestTools.TestRunner.TestRunnerStateSerializer) (at ./Library/PackageCache/com.unity.test-framework@bd7f943e9647/UnityEditor.TestRunner/TestRunner/EditModeRunner.cs:200)
UnityEditor.TestTools.TestRunner.TestRun.Tasks.EditModeRunTask/<Execute>d__1:MoveNext () (at ./Library/PackageCache/com.unity.test-framework@bd7f943e9647/UnityEditor.TestRunner/TestRun/Tasks/EditModeRunTask.cs:48)
UnityEditor.TestTools.TestRunner.TestRun.TestJobRunner:ExecuteStep () (at ./Library/PackageCache/com.unity.test-framework@bd7f943e9647/UnityEditor.TestRunner/TestRun/TestJobRunner.cs:173)
UnityEditor.TestTools.TestRunner.TestRun.TestJobRunner:ExecuteCallback () (at ./Library/PackageCache/com.unity.test-framework@bd7f943e9647/UnityEditor.TestRunner/TestRun/TestJobRunner.cs:108)
UnityEditor.EditorApplication:Internal_CallUpdateFunctions () (at /Users/bokken/build/output/unity/unity/Editor/Mono/EditorApplication.cs:392)

(Filename: ./Packages/com.xrlab.chooguard.foundation/Multiplayer/Tests/Editor/WorldMotionAdapterTests.cs Line: 109)

World motion traversal 0.41 rail_platforms_mainline -> rail_tracks_mainline steps=91 seconds=0.252295
UnityEngine.Debug:ExtractStackTraceNoAlloc (byte*,int,string)
UnityEngine.StackTraceUtility:ExtractStackTrace () (at /Users/bokken/build/output/unity/unity/Runtime/Export/Scripting/StackTrace.cs:35)
UnityEngine.DebugLogHandler:Internal_Log (UnityEngine.LogType,UnityEngine.LogOption,string,UnityEngine.Object)
UnityEngine.DebugLogHandler:LogFormat (UnityEngine.LogType,UnityEngine.Object,string,object[])
UnityEngine.Logger:Log (UnityEngine.LogType,object)
UnityEngine.Debug:Log (object)
ChooGuard.Foundation.Multiplayer.Tests.WorldMotionAdapterTests:BothProfilesTraverseAllThirteenRegionsAndAllTwentyFourPortalDirections (string,bool,double) (at ./Packages/com.xrlab.chooguard.foundation/Multiplayer/Tests/Editor/WorldMotionAdapterTests.cs:109)
System.Reflection.RuntimeMethodInfo:Invoke (object,System.Reflection.BindingFlags,System.Reflection.Binder,object[],System.Globalization.CultureInfo)
System.Reflection.MethodBase:Invoke (object,object[])
NUnit.Framework.Internal.Reflect:InvokeMethod (System.Reflection.MethodInfo,object,object[])
NUnit.Framework.Internal.MethodWrapper:Invoke (object,object[])
NUnit.Framework.Internal.Commands.TestMethodCommand:RunNonAsyncTestMethod (NUnit.Framework.Internal.ITestExecutionContext)
NUnit.Framework.Internal.Commands.TestMethodCommand:RunTestMethod (NUnit.Framework.Internal.ITestExecutionContext)
NUnit.Framework.Internal.Commands.TestMethodCommand:Execute (NUnit.Framework.Internal.ITestExecutionContext)
UnityEngine.TestTools.UnityTestMethodCommand:Execute (NUnit.Framework.Internal.ITestExecutionContext) (at ./Library/PackageCache/com.unity.test-framework@bd7f943e9647/UnityEngine.TestRunner/NUnitExtensions/Commands/UnityTestMethodCommand.cs:19)
UnityEngine.TestRunner.NUnitExtensions.Runner.UnityLogCheckDelegatingCommand/<>c__DisplayClass2_0:<Execute>b__0 () (at ./Library/PackageCache/com.unity.test-framework@bd7f943e9647/UnityEngine.TestRunner/NUnitExtensions/Runner/UnityLogCheckDelegatingCommand.cs:24)
UnityEngine.TestRunner.NUnitExtensions.Runner.UnityLogCheckDelegatingCommand:CaptureException (NUnit.Framework.Internal.TestResult,System.Action) (at ./Library/PackageCache/com.unity.test-framework@bd7f943e9647/UnityEngine.TestRunner/NUnitExtensions/Runner/UnityLogCheckDelegatingCommand.cs:72)
UnityEngine.TestRunner.NUnitExtensions.Runner.UnityLogCheckDelegatingCommand:ExecuteAndCheckLog (UnityEngine.TestTools.Logging.LogScope,NUnit.Framework.Internal.TestResult,System.Action) (at ./Library/PackageCache/com.unity.test-framework@bd7f943e9647/UnityEngine.TestRunner/NUnitExtensions/Runner/UnityLogCheckDelegatingCommand.cs:83)
UnityEngine.TestRunner.NUnitExtensions.Runner.UnityLogCheckDelegatingCommand:Execute (NUnit.Framework.Internal.ITestExecutionContext) (at ./Library/PackageCache/com.unity.test-framework@bd7f943e9647/UnityEngine.TestRunner/NUnitExtensions/Runner/UnityLogCheckDelegatingCommand.cs:24)
UnityEngine.TestRunner.NUnitExtensions.Runner.UnityLogCheckDelegatingCommand/<ExecuteEnumerable>d__3:MoveNext () (at ./Library/PackageCache/com.unity.test-framework@bd7f943e9647/UnityEngine.TestRunner/NUnitExtensions/Runner/UnityLogCheckDelegatingCommand.cs:35)
UnityEngine.TestTools.BeforeAfterTestCommandBase`1/<ExecuteEnumerable>d__16<NUnit.Framework.ITestAction>:MoveNext () (at ./Library/PackageCache/com.unity.test-framework@bd7f943e9647/UnityEngine.TestRunner/NUnitExtensions/Commands/BeforeAfterTestCommandBase.cs:212)
UnityEngine.TestTools.ImmediateEnumerableCommand:Execute (NUnit.Framework.Internal.ITestExecutionContext) (at ./Library/PackageCache/com.unity.test-framework@bd7f943e9647/UnityEngine.TestRunner/NUnitExtensions/Commands/ImmediateEnumerableCommand.cs:18)
UnityEngine.TestTools.BeforeAfterTestCommandBase`1/<ExecuteEnumerable>d__16<System.Reflection.MethodInfo>:MoveNext () (at ./Library/PackageCache/com.unity.test-framework@bd7f943e9647/UnityEngine.TestRunner/NUnitExtensions/Commands/BeforeAfterTestCommandBase.cs:219)
UnityEngine.TestTools.BeforeAfterTestCommandBase`1/<ExecuteEnumerable>d__16<System.Reflection.MethodInfo>:MoveNext () (at ./Library/PackageCache/com.unity.test-framework@bd7f943e9647/UnityEngine.TestRunner/NUnitExtensions/Commands/BeforeAfterTestCommandBase.cs:212)
UnityEngine.TestTools.BeforeAfterTestCommandBase`1/<ExecuteEnumerable>d__16<UnityEngine.TestTools.IOuterUnityTestAction>:MoveNext () (at ./Library/PackageCache/com.unity.test-framework@bd7f943e9647/UnityEngine.TestRunner/NUnitExtensions/Commands/BeforeAfterTestCommandBase.cs:212)
UnityEngine.TestTools.RetryCommand/<ExecuteEnumerable>d__2:MoveNext () (at ./Library/PackageCache/com.unity.test-framework@bd7f943e9647/UnityEngine.TestRunner/NUnitExtensions/Commands/RetryCommand.cs:37)
UnityEngine.TestTools.RepeatCommand/<ExecuteEnumerable>d__2:MoveNext () (at ./Library/PackageCache/com.unity.test-framework@bd7f943e9647/UnityEngine.TestRunner/NUnitExtensions/Commands/RepeatCommand.cs:36)
UnityEngine.TestTools.IgnoreTestCommand/<ExecuteEnumerable>d__3:MoveNext () (at ./Library/PackageCache/com.unity.test-framework@bd7f943e9647/UnityEngine.TestRunner/NUnitExtensions/Commands/IgnoreTestCommand.cs:42)
UnityEngine.TestTools.StrictCheckCommand/<ExecuteEnumerable>d__2:MoveNext () (at ./Library/PackageCache/com.unity.test-framework@bd7f943e9647/UnityEngine.TestRunner/NUnitExtensions/Commands/StrictCheckCommand.cs:29)
UnityEngine.TestRunner.NUnitExtensions.Runner.DefaultTestWorkItem/<PerformWork>d__2:MoveNext () (at ./Library/PackageCache/com.unity.test-framework@bd7f943e9647/UnityEngine.TestRunner/NUnitExtensions/Runner/DefaultTestWorkItem.cs:50)
UnityEngine.TestRunner.NUnitExtensions.Runner.CompositeWorkItem/<RunChildren>d__17:MoveNext () (at ./Library/PackageCache/com.unity.test-framework@bd7f943e9647/UnityEngine.TestRunner/NUnitExtensions/Runner/CompositeWorkItem.cs:207)
UnityEngine.TestRunner.NUnitExtensions.Runner.CompositeWorkItem/<PerformWork>d__13:MoveNext () (at ./Library/PackageCache/com.unity.test-framework@bd7f943e9647/UnityEngine.TestRunner/NUnitExtensions/Runner/CompositeWorkItem.cs:82)
UnityEngine.TestRunner.NUnitExtensions.Runner.CompositeWorkItem/<RunChildren>d__17:MoveNext () (at ./Library/PackageCache/com.unity.test-framework@bd7f943e9647/UnityEngine.TestRunner/NUnitExtensions/Runner/CompositeWorkItem.cs:207)
UnityEngine.TestRunner.NUnitExtensions.Runner.CompositeWorkItem/<PerformWork>d__13:MoveNext () (at ./Library/PackageCache/com.unity.test-framework@bd7f943e9647/UnityEngine.TestRunner/NUnitExtensions/Runner/CompositeWorkItem.cs:82)
UnityEngine.TestRunner.NUnitExtensions.Runner.CompositeWorkItem/<RunChildren>d__17:MoveNext () (at ./Library/PackageCache/com.unity.test-framework@bd7f943e9647/UnityEngine.TestRunner/NUnitExtensions/Runner/CompositeWorkItem.cs:207)
UnityEngine.TestRunner.NUnitExtensions.Runner.CompositeWorkItem/<PerformWork>d__13:MoveNext () (at ./Library/PackageCache/com.unity.test-framework@bd7f943e9647/UnityEngine.TestRunner/NUnitExtensions/Runner/CompositeWorkItem.cs:82)
UnityEngine.TestRunner.NUnitExtensions.Runner.CompositeWorkItem/<RunChildren>d__17:MoveNext () (at ./Library/PackageCache/com.unity.test-framework@bd7f943e9647/UnityEngine.TestRunner/NUnitExtensions/Runner/CompositeWorkItem.cs:207)
UnityEngine.TestRunner.NUnitExtensions.Runner.CompositeWorkItem/<PerformWork>d__13:MoveNext () (at ./Library/PackageCache/com.unity.test-framework@bd7f943e9647/UnityEngine.TestRunner/NUnitExtensions/Runner/CompositeWorkItem.cs:82)
UnityEngine.TestRunner.NUnitExtensions.Runner.CompositeWorkItem/<RunChildren>d__17:MoveNext () (at ./Library/PackageCache/com.unity.test-framework@bd7f943e9647/UnityEngine.TestRunner/NUnitExtensions/Runner/CompositeWorkItem.cs:207)
UnityEngine.TestRunner.NUnitExtensions.Runner.CompositeWorkItem/<PerformWork>d__13:MoveNext () (at ./Library/PackageCache/com.unity.test-framework@bd7f943e9647/UnityEngine.TestRunner/NUnitExtensions/Runner/CompositeWorkItem.cs:82)
UnityEngine.TestRunner.NUnitExtensions.Runner.CompositeWorkItem/<RunChildren>d__17:MoveNext () (at ./Library/PackageCache/com.unity.test-framework@bd7f943e9647/UnityEngine.TestRunner/NUnitExtensions/Runner/CompositeWorkItem.cs:207)
UnityEngine.TestRunner.NUnitExtensions.Runner.CompositeWorkItem/<PerformWork>d__13:MoveNext () (at ./Library/PackageCache/com.unity.test-framework@bd7f943e9647/UnityEngine.TestRunner/NUnitExtensions/Runner/CompositeWorkItem.cs:82)
UnityEngine.TestRunner.NUnitExtensions.Runner.CompositeWorkItem/<RunChildren>d__17:MoveNext () (at ./Library/PackageCache/com.unity.test-framework@bd7f943e9647/UnityEngine.TestRunner/NUnitExtensions/Runner/CompositeWorkItem.cs:207)
UnityEngine.TestRunner.NUnitExtensions.Runner.CompositeWorkItem/<PerformWork>d__13:MoveNext () (at ./Library/PackageCache/com.unity.test-framework@bd7f943e9647/UnityEngine.TestRunner/NUnitExtensions/Runner/CompositeWorkItem.cs:82)
UnityEngine.TestRunner.NUnitExtensions.Runner.CompositeWorkItem/<RunChildren>d__17:MoveNext () (at ./Library/PackageCache/com.unity.test-framework@bd7f943e9647/UnityEngine.TestRunner/NUnitExtensions/Runner/CompositeWorkItem.cs:207)
UnityEngine.TestRunner.NUnitExtensions.Runner.CompositeWorkItem/<PerformWork>d__13:MoveNext () (at ./Library/PackageCache/com.unity.test-framework@bd7f943e9647/UnityEngine.TestRunner/NUnitExtensions/Runner/CompositeWorkItem.cs:82)
UnityEditor.TestTools.TestRunner.EditModeRunner:MoveNextAndUpdateYieldObject () (at ./Library/PackageCache/com.unity.test-framework@bd7f943e9647/UnityEditor.TestRunner/TestRunner/EditModeRunner.cs:167)
UnityEditor.TestTools.TestRunner.EditModeRunner:TestConsumer (UnityEditor.TestTools.TestRunner.TestRunnerStateSerializer) (at ./Library/PackageCache/com.unity.test-framework@bd7f943e9647/UnityEditor.TestRunner/TestRunner/EditModeRunner.cs:200)
UnityEditor.TestTools.TestRunner.TestRun.Tasks.EditModeRunTask/<Execute>d__1:MoveNext () (at ./Library/PackageCache/com.unity.test-framework@bd7f943e9647/UnityEditor.TestRunner/TestRun/Tasks/EditModeRunTask.cs:48)
UnityEditor.TestTools.TestRunner.TestRun.TestJobRunner:ExecuteStep () (at ./Library/PackageCache/com.unity.test-framework@bd7f943e9647/UnityEditor.TestRunner/TestRun/TestJobRunner.cs:173)
UnityEditor.TestTools.TestRunner.TestRun.TestJobRunner:ExecuteCallback () (at ./Library/PackageCache/com.unity.test-framework@bd7f943e9647/UnityEditor.TestRunner/TestRun/TestJobRunner.cs:108)
UnityEditor.EditorApplication:Internal_CallUpdateFunctions () (at /Users/bokken/build/output/unity/unity/Editor/Mono/EditorApplication.cs:392)

(Filename: ./Packages/com.xrlab.chooguard.foundation/Multiplayer/Tests/Editor/WorldMotionAdapterTests.cs Line: 109)

World motion traversal 0.41 rail_platforms_mainline -> station_concourse_2f steps=338 seconds=0.667494
UnityEngine.Debug:ExtractStackTraceNoAlloc (byte*,int,string)
UnityEngine.StackTraceUtility:ExtractStackTrace () (at /Users/bokken/build/output/unity/unity/Runtime/Export/Scripting/StackTrace.cs:35)
UnityEngine.DebugLogHandler:Internal_Log (UnityEngine.LogType,UnityEngine.LogOption,string,UnityEngine.Object)
UnityEngine.DebugLogHandler:LogFormat (UnityEngine.LogType,UnityEngine.Object,string,object[])
UnityEngine.Logger:Log (UnityEngine.LogType,object)
UnityEngine.Debug:Log (object)
ChooGuard.Foundation.Multiplayer.Tests.WorldMotionAdapterTests:BothProfilesTraverseAllThirteenRegionsAndAllTwentyFourPortalDirections (string,bool,double) (at ./Packages/com.xrlab.chooguard.foundation/Multiplayer/Tests/Editor/WorldMotionAdapterTests.cs:109)
System.Reflection.RuntimeMethodInfo:Invoke (object,System.Reflection.BindingFlags,System.Reflection.Binder,object[],System.Globalization.CultureInfo)
System.Reflection.MethodBase:Invoke (object,object[])
NUnit.Framework.Internal.Reflect:InvokeMethod (System.Reflection.MethodInfo,object,object[])
NUnit.Framework.Internal.MethodWrapper:Invoke (object,object[])
NUnit.Framework.Internal.Commands.TestMethodCommand:RunNonAsyncTestMethod (NUnit.Framework.Internal.ITestExecutionContext)
NUnit.Framework.Internal.Commands.TestMethodCommand:RunTestMethod (NUnit.Framework.Internal.ITestExecutionContext)
NUnit.Framework.Internal.Commands.TestMethodCommand:Execute (NUnit.Framework.Internal.ITestExecutionContext)
UnityEngine.TestTools.UnityTestMethodCommand:Execute (NUnit.Framework.Internal.ITestExecutionContext) (at ./Library/PackageCache/com.unity.test-framework@bd7f943e9647/UnityEngine.TestRunner/NUnitExtensions/Commands/UnityTestMethodCommand.cs:19)
UnityEngine.TestRunner.NUnitExtensions.Runner.UnityLogCheckDelegatingCommand/<>c__DisplayClass2_0:<Execute>b__0 () (at ./Library/PackageCache/com.unity.test-framework@bd7f943e9647/UnityEngine.TestRunner/NUnitExtensions/Runner/UnityLogCheckDelegatingCommand.cs:24)
UnityEngine.TestRunner.NUnitExtensions.Runner.UnityLogCheckDelegatingCommand:CaptureException (NUnit.Framework.Internal.TestResult,System.Action) (at ./Library/PackageCache/com.unity.test-framework@bd7f943e9647/UnityEngine.TestRunner/NUnitExtensions/Runner/UnityLogCheckDelegatingCommand.cs:72)
UnityEngine.TestRunner.NUnitExtensions.Runner.UnityLogCheckDelegatingCommand:ExecuteAndCheckLog (UnityEngine.TestTools.Logging.LogScope,NUnit.Framework.Internal.TestResult,System.Action) (at ./Library/PackageCache/com.unity.test-framework@bd7f943e9647/UnityEngine.TestRunner/NUnitExtensions/Runner/UnityLogCheckDelegatingCommand.cs:83)
UnityEngine.TestRunner.NUnitExtensions.Runner.UnityLogCheckDelegatingCommand:Execute (NUnit.Framework.Internal.ITestExecutionContext) (at ./Library/PackageCache/com.unity.test-framework@bd7f943e9647/UnityEngine.TestRunner/NUnitExtensions/Runner/UnityLogCheckDelegatingCommand.cs:24)
UnityEngine.TestRunner.NUnitExtensions.Runner.UnityLogCheckDelegatingCommand/<ExecuteEnumerable>d__3:MoveNext () (at ./Library/PackageCache/com.unity.test-framework@bd7f943e9647/UnityEngine.TestRunner/NUnitExtensions/Runner/UnityLogCheckDelegatingCommand.cs:35)
UnityEngine.TestTools.BeforeAfterTestCommandBase`1/<ExecuteEnumerable>d__16<NUnit.Framework.ITestAction>:MoveNext () (at ./Library/PackageCache/com.unity.test-framework@bd7f943e9647/UnityEngine.TestRunner/NUnitExtensions/Commands/BeforeAfterTestCommandBase.cs:212)
UnityEngine.TestTools.ImmediateEnumerableCommand:Execute (NUnit.Framework.Internal.ITestExecutionContext) (at ./Library/PackageCache/com.unity.test-framework@bd7f943e9647/UnityEngine.TestRunner/NUnitExtensions/Commands/ImmediateEnumerableCommand.cs:18)
UnityEngine.TestTools.BeforeAfterTestCommandBase`1/<ExecuteEnumerable>d__16<System.Reflection.MethodInfo>:MoveNext () (at ./Library/PackageCache/com.unity.test-framework@bd7f943e9647/UnityEngine.TestRunner/NUnitExtensions/Commands/BeforeAfterTestCommandBase.cs:219)
UnityEngine.TestTools.BeforeAfterTestCommandBase`1/<ExecuteEnumerable>d__16<System.Reflection.MethodInfo>:MoveNext () (at ./Library/PackageCache/com.unity.test-framework@bd7f943e9647/UnityEngine.TestRunner/NUnitExtensions/Commands/BeforeAfterTestCommandBase.cs:212)
UnityEngine.TestTools.BeforeAfterTestCommandBase`1/<ExecuteEnumerable>d__16<UnityEngine.TestTools.IOuterUnityTestAction>:MoveNext () (at ./Library/PackageCache/com.unity.test-framework@bd7f943e9647/UnityEngine.TestRunner/NUnitExtensions/Commands/BeforeAfterTestCommandBase.cs:212)
UnityEngine.TestTools.RetryCommand/<ExecuteEnumerable>d__2:MoveNext () (at ./Library/PackageCache/com.unity.test-framework@bd7f943e9647/UnityEngine.TestRunner/NUnitExtensions/Commands/RetryCommand.cs:37)
UnityEngine.TestTools.RepeatCommand/<ExecuteEnumerable>d__2:MoveNext () (at ./Library/PackageCache/com.unity.test-framework@bd7f943e9647/UnityEngine.TestRunner/NUnitExtensions/Commands/RepeatCommand.cs:36)
UnityEngine.TestTools.IgnoreTestCommand/<ExecuteEnumerable>d__3:MoveNext () (at ./Library/PackageCache/com.unity.test-framework@bd7f943e9647/UnityEngine.TestRunner/NUnitExtensions/Commands/IgnoreTestCommand.cs:42)
UnityEngine.TestTools.StrictCheckCommand/<ExecuteEnumerable>d__2:MoveNext () (at ./Library/PackageCache/com.unity.test-framework@bd7f943e9647/UnityEngine.TestRunner/NUnitExtensions/Commands/StrictCheckCommand.cs:29)
UnityEngine.TestRunner.NUnitExtensions.Runner.DefaultTestWorkItem/<PerformWork>d__2:MoveNext () (at ./Library/PackageCache/com.unity.test-framework@bd7f943e9647/UnityEngine.TestRunner/NUnitExtensions/Runner/DefaultTestWorkItem.cs:50)
UnityEngine.TestRunner.NUnitExtensions.Runner.CompositeWorkItem/<RunChildren>d__17:MoveNext () (at ./Library/PackageCache/com.unity.test-framework@bd7f943e9647/UnityEngine.TestRunner/NUnitExtensions/Runner/CompositeWorkItem.cs:207)
UnityEngine.TestRunner.NUnitExtensions.Runner.CompositeWorkItem/<PerformWork>d__13:MoveNext () (at ./Library/PackageCache/com.unity.test-framework@bd7f943e9647/UnityEngine.TestRunner/NUnitExtensions/Runner/CompositeWorkItem.cs:82)
UnityEngine.TestRunner.NUnitExtensions.Runner.CompositeWorkItem/<RunChildren>d__17:MoveNext () (at ./Library/PackageCache/com.unity.test-framework@bd7f943e9647/UnityEngine.TestRunner/NUnitExtensions/Runner/CompositeWorkItem.cs:207)
UnityEngine.TestRunner.NUnitExtensions.Runner.CompositeWorkItem/<PerformWork>d__13:MoveNext () (at ./Library/PackageCache/com.unity.test-framework@bd7f943e9647/UnityEngine.TestRunner/NUnitExtensions/Runner/CompositeWorkItem.cs:82)
UnityEngine.TestRunner.NUnitExtensions.Runner.CompositeWorkItem/<RunChildren>d__17:MoveNext () (at ./Library/PackageCache/com.unity.test-framework@bd7f943e9647/UnityEngine.TestRunner/NUnitExtensions/Runner/CompositeWorkItem.cs:207)
UnityEngine.TestRunner.NUnitExtensions.Runner.CompositeWorkItem/<PerformWork>d__13:MoveNext () (at ./Library/PackageCache/com.unity.test-framework@bd7f943e9647/UnityEngine.TestRunner/NUnitExtensions/Runner/CompositeWorkItem.cs:82)
UnityEngine.TestRunner.NUnitExtensions.Runner.CompositeWorkItem/<RunChildren>d__17:MoveNext () (at ./Library/PackageCache/com.unity.test-framework@bd7f943e9647/UnityEngine.TestRunner/NUnitExtensions/Runner/CompositeWorkItem.cs:207)
UnityEngine.TestRunner.NUnitExtensions.Runner.CompositeWorkItem/<PerformWork>d__13:MoveNext () (at ./Library/PackageCache/com.unity.test-framework@bd7f943e9647/UnityEngine.TestRunner/NUnitExtensions/Runner/CompositeWorkItem.cs:82)
UnityEngine.TestRunner.NUnitExtensions.Runner.CompositeWorkItem/<RunChildren>d__17:MoveNext () (at ./Library/PackageCache/com.unity.test-framework@bd7f943e9647/UnityEngine.TestRunner/NUnitExtensions/Runner/CompositeWorkItem.cs:207)
UnityEngine.TestRunner.NUnitExtensions.Runner.CompositeWorkItem/<PerformWork>d__13:MoveNext () (at ./Library/PackageCache/com.unity.test-framework@bd7f943e9647/UnityEngine.TestRunner/NUnitExtensions/Runner/CompositeWorkItem.cs:82)
UnityEngine.TestRunner.NUnitExtensions.Runner.CompositeWorkItem/<RunChildren>d__17:MoveNext () (at ./Library/PackageCache/com.unity.test-framework@bd7f943e9647/UnityEngine.TestRunner/NUnitExtensions/Runner/CompositeWorkItem.cs:207)
UnityEngine.TestRunner.NUnitExtensions.Runner.CompositeWorkItem/<PerformWork>d__13:MoveNext () (at ./Library/PackageCache/com.unity.test-framework@bd7f943e9647/UnityEngine.TestRunner/NUnitExtensions/Runner/CompositeWorkItem.cs:82)
UnityEngine.TestRunner.NUnitExtensions.Runner.CompositeWorkItem/<RunChildren>d__17:MoveNext () (at ./Library/PackageCache/com.unity.test-framework@bd7f943e9647/UnityEngine.TestRunner/NUnitExtensions/Runner/CompositeWorkItem.cs:207)
UnityEngine.TestRunner.NUnitExtensions.Runner.CompositeWorkItem/<PerformWork>d__13:MoveNext () (at ./Library/PackageCache/com.unity.test-framework@bd7f943e9647/UnityEngine.TestRunner/NUnitExtensions/Runner/CompositeWorkItem.cs:82)
UnityEngine.TestRunner.NUnitExtensions.Runner.CompositeWorkItem/<RunChildren>d__17:MoveNext () (at ./Library/PackageCache/com.unity.test-framework@bd7f943e9647/UnityEngine.TestRunner/NUnitExtensions/Runner/CompositeWorkItem.cs:207)
UnityEngine.TestRunner.NUnitExtensions.Runner.CompositeWorkItem/<PerformWork>d__13:MoveNext () (at ./Library/PackageCache/com.unity.test-framework@bd7f943e9647/UnityEngine.TestRunner/NUnitExtensions/Runner/CompositeWorkItem.cs:82)
UnityEditor.TestTools.TestRunner.EditModeRunner:MoveNextAndUpdateYieldObject () (at ./Library/PackageCache/com.unity.test-framework@bd7f943e9647/UnityEditor.TestRunner/TestRunner/EditModeRunner.cs:167)
UnityEditor.TestTools.TestRunner.EditModeRunner:TestConsumer (UnityEditor.TestTools.TestRunner.TestRunnerStateSerializer) (at ./Library/PackageCache/com.unity.test-framework@bd7f943e9647/UnityEditor.TestRunner/TestRunner/EditModeRunner.cs:200)
UnityEditor.TestTools.TestRunner.TestRun.Tasks.EditModeRunTask/<Execute>d__1:MoveNext () (at ./Library/PackageCache/com.unity.test-framework@bd7f943e9647/UnityEditor.TestRunner/TestRun/Tasks/EditModeRunTask.cs:48)
UnityEditor.TestTools.TestRunner.TestRun.TestJobRunner:ExecuteStep () (at ./Library/PackageCache/com.unity.test-framework@bd7f943e9647/UnityEditor.TestRunner/TestRun/TestJobRunner.cs:173)
UnityEditor.TestTools.TestRunner.TestRun.TestJobRunner:ExecuteCallback () (at ./Library/PackageCache/com.unity.test-framework@bd7f943e9647/UnityEditor.TestRunner/TestRun/TestJobRunner.cs:108)
UnityEditor.EditorApplication:Internal_CallUpdateFunctions () (at /Users/bokken/build/output/unity/unity/Editor/Mono/EditorApplication.cs:392)

(Filename: ./Packages/com.xrlab.chooguard.foundation/Multiplayer/Tests/Editor/WorldMotionAdapterTests.cs Line: 109)

World motion traversal 0.41 station_concourse_2f -> rail_platforms_mainline steps=338 seconds=0.718378
UnityEngine.Debug:ExtractStackTraceNoAlloc (byte*,int,string)
UnityEngine.StackTraceUtility:ExtractStackTrace () (at /Users/bokken/build/output/unity/unity/Runtime/Export/Scripting/StackTrace.cs:35)
UnityEngine.DebugLogHandler:Internal_Log (UnityEngine.LogType,UnityEngine.LogOption,string,UnityEngine.Object)
UnityEngine.DebugLogHandler:LogFormat (UnityEngine.LogType,UnityEngine.Object,string,object[])
UnityEngine.Logger:Log (UnityEngine.LogType,object)
UnityEngine.Debug:Log (object)
ChooGuard.Foundation.Multiplayer.Tests.WorldMotionAdapterTests:BothProfilesTraverseAllThirteenRegionsAndAllTwentyFourPortalDirections (string,bool,double) (at ./Packages/com.xrlab.chooguard.foundation/Multiplayer/Tests/Editor/WorldMotionAdapterTests.cs:109)
System.Reflection.RuntimeMethodInfo:Invoke (object,System.Reflection.BindingFlags,System.Reflection.Binder,object[],System.Globalization.CultureInfo)
System.Reflection.MethodBase:Invoke (object,object[])
NUnit.Framework.Internal.Reflect:InvokeMethod (System.Reflection.MethodInfo,object,object[])
NUnit.Framework.Internal.MethodWrapper:Invoke (object,object[])
NUnit.Framework.Internal.Commands.TestMethodCommand:RunNonAsyncTestMethod (NUnit.Framework.Internal.ITestExecutionContext)
NUnit.Framework.Internal.Commands.TestMethodCommand:RunTestMethod (NUnit.Framework.Internal.ITestExecutionContext)
NUnit.Framework.Internal.Commands.TestMethodCommand:Execute (NUnit.Framework.Internal.ITestExecutionContext)
UnityEngine.TestTools.UnityTestMethodCommand:Execute (NUnit.Framework.Internal.ITestExecutionContext) (at ./Library/PackageCache/com.unity.test-framework@bd7f943e9647/UnityEngine.TestRunner/NUnitExtensions/Commands/UnityTestMethodCommand.cs:19)
UnityEngine.TestRunner.NUnitExtensions.Runner.UnityLogCheckDelegatingCommand/<>c__DisplayClass2_0:<Execute>b__0 () (at ./Library/PackageCache/com.unity.test-framework@bd7f943e9647/UnityEngine.TestRunner/NUnitExtensions/Runner/UnityLogCheckDelegatingCommand.cs:24)
UnityEngine.TestRunner.NUnitExtensions.Runner.UnityLogCheckDelegatingCommand:CaptureException (NUnit.Framework.Internal.TestResult,System.Action) (at ./Library/PackageCache/com.unity.test-framework@bd7f943e9647/UnityEngine.TestRunner/NUnitExtensions/Runner/UnityLogCheckDelegatingCommand.cs:72)
UnityEngine.TestRunner.NUnitExtensions.Runner.UnityLogCheckDelegatingCommand:ExecuteAndCheckLog (UnityEngine.TestTools.Logging.LogScope,NUnit.Framework.Internal.TestResult,System.Action) (at ./Library/PackageCache/com.unity.test-framework@bd7f943e9647/UnityEngine.TestRunner/NUnitExtensions/Runner/UnityLogCheckDelegatingCommand.cs:83)
UnityEngine.TestRunner.NUnitExtensions.Runner.UnityLogCheckDelegatingCommand:Execute (NUnit.Framework.Internal.ITestExecutionContext) (at ./Library/PackageCache/com.unity.test-framework@bd7f943e9647/UnityEngine.TestRunner/NUnitExtensions/Runner/UnityLogCheckDelegatingCommand.cs:24)
UnityEngine.TestRunner.NUnitExtensions.Runner.UnityLogCheckDelegatingCommand/<ExecuteEnumerable>d__3:MoveNext () (at ./Library/PackageCache/com.unity.test-framework@bd7f943e9647/UnityEngine.TestRunner/NUnitExtensions/Runner/UnityLogCheckDelegatingCommand.cs:35)
UnityEngine.TestTools.BeforeAfterTestCommandBase`1/<ExecuteEnumerable>d__16<NUnit.Framework.ITestAction>:MoveNext () (at ./Library/PackageCache/com.unity.test-framework@bd7f943e9647/UnityEngine.TestRunner/NUnitExtensions/Commands/BeforeAfterTestCommandBase.cs:212)
UnityEngine.TestTools.ImmediateEnumerableCommand:Execute (NUnit.Framework.Internal.ITestExecutionContext) (at ./Library/PackageCache/com.unity.test-framework@bd7f943e9647/UnityEngine.TestRunner/NUnitExtensions/Commands/ImmediateEnumerableCommand.cs:18)
UnityEngine.TestTools.BeforeAfterTestCommandBase`1/<ExecuteEnumerable>d__16<System.Reflection.MethodInfo>:MoveNext () (at ./Library/PackageCache/com.unity.test-framework@bd7f943e9647/UnityEngine.TestRunner/NUnitExtensions/Commands/BeforeAfterTestCommandBase.cs:219)
UnityEngine.TestTools.BeforeAfterTestCommandBase`1/<ExecuteEnumerable>d__16<System.Reflection.MethodInfo>:MoveNext () (at ./Library/PackageCache/com.unity.test-framework@bd7f943e9647/UnityEngine.TestRunner/NUnitExtensions/Commands/BeforeAfterTestCommandBase.cs:212)
UnityEngine.TestTools.BeforeAfterTestCommandBase`1/<ExecuteEnumerable>d__16<UnityEngine.TestTools.IOuterUnityTestAction>:MoveNext () (at ./Library/PackageCache/com.unity.test-framework@bd7f943e9647/UnityEngine.TestRunner/NUnitExtensions/Commands/BeforeAfterTestCommandBase.cs:212)
UnityEngine.TestTools.RetryCommand/<ExecuteEnumerable>d__2:MoveNext () (at ./Library/PackageCache/com.unity.test-framework@bd7f943e9647/UnityEngine.TestRunner/NUnitExtensions/Commands/RetryCommand.cs:37)
UnityEngine.TestTools.RepeatCommand/<ExecuteEnumerable>d__2:MoveNext () (at ./Library/PackageCache/com.unity.test-framework@bd7f943e9647/UnityEngine.TestRunner/NUnitExtensions/Commands/RepeatCommand.cs:36)
UnityEngine.TestTools.IgnoreTestCommand/<ExecuteEnumerable>d__3:MoveNext () (at ./Library/PackageCache/com.unity.test-framework@bd7f943e9647/UnityEngine.TestRunner/NUnitExtensions/Commands/IgnoreTestCommand.cs:42)
UnityEngine.TestTools.StrictCheckCommand/<ExecuteEnumerable>d__2:MoveNext () (at ./Library/PackageCache/com.unity.test-framework@bd7f943e9647/UnityEngine.TestRunner/NUnitExtensions/Commands/StrictCheckCommand.cs:29)
UnityEngine.TestRunner.NUnitExtensions.Runner.DefaultTestWorkItem/<PerformWork>d__2:MoveNext () (at ./Library/PackageCache/com.unity.test-framework@bd7f943e9647/UnityEngine.TestRunner/NUnitExtensions/Runner/DefaultTestWorkItem.cs:50)
UnityEngine.TestRunner.NUnitExtensions.Runner.CompositeWorkItem/<RunChildren>d__17:MoveNext () (at ./Library/PackageCache/com.unity.test-framework@bd7f943e9647/UnityEngine.TestRunner/NUnitExtensions/Runner/CompositeWorkItem.cs:207)
UnityEngine.TestRunner.NUnitExtensions.Runner.CompositeWorkItem/<PerformWork>d__13:MoveNext () (at ./Library/PackageCache/com.unity.test-framework@bd7f943e9647/UnityEngine.TestRunner/NUnitExtensions/Runner/CompositeWorkItem.cs:82)
UnityEngine.TestRunner.NUnitExtensions.Runner.CompositeWorkItem/<RunChildren>d__17:MoveNext () (at ./Library/PackageCache/com.unity.test-framework@bd7f943e9647/UnityEngine.TestRunner/NUnitExtensions/Runner/CompositeWorkItem.cs:207)
UnityEngine.TestRunner.NUnitExtensions.Runner.CompositeWorkItem/<PerformWork>d__13:MoveNext () (at ./Library/PackageCache/com.unity.test-framework@bd7f943e9647/UnityEngine.TestRunner/NUnitExtensions/Runner/CompositeWorkItem.cs:82)
UnityEngine.TestRunner.NUnitExtensions.Runner.CompositeWorkItem/<RunChildren>d__17:MoveNext () (at ./Library/PackageCache/com.unity.test-framework@bd7f943e9647/UnityEngine.TestRunner/NUnitExtensions/Runner/CompositeWorkItem.cs:207)
UnityEngine.TestRunner.NUnitExtensions.Runner.CompositeWorkItem/<PerformWork>d__13:MoveNext () (at ./Library/PackageCache/com.unity.test-framework@bd7f943e9647/UnityEngine.TestRunner/NUnitExtensions/Runner/CompositeWorkItem.cs:82)
UnityEngine.TestRunner.NUnitExtensions.Runner.CompositeWorkItem/<RunChildren>d__17:MoveNext () (at ./Library/PackageCache/com.unity.test-framework@bd7f943e9647/UnityEngine.TestRunner/NUnitExtensions/Runner/CompositeWorkItem.cs:207)
UnityEngine.TestRunner.NUnitExtensions.Runner.CompositeWorkItem/<PerformWork>d__13:MoveNext () (at ./Library/PackageCache/com.unity.test-framework@bd7f943e9647/UnityEngine.TestRunner/NUnitExtensions/Runner/CompositeWorkItem.cs:82)
UnityEngine.TestRunner.NUnitExtensions.Runner.CompositeWorkItem/<RunChildren>d__17:MoveNext () (at ./Library/PackageCache/com.unity.test-framework@bd7f943e9647/UnityEngine.TestRunner/NUnitExtensions/Runner/CompositeWorkItem.cs:207)
UnityEngine.TestRunner.NUnitExtensions.Runner.CompositeWorkItem/<PerformWork>d__13:MoveNext () (at ./Library/PackageCache/com.unity.test-framework@bd7f943e9647/UnityEngine.TestRunner/NUnitExtensions/Runner/CompositeWorkItem.cs:82)
UnityEngine.TestRunner.NUnitExtensions.Runner.CompositeWorkItem/<RunChildren>d__17:MoveNext () (at ./Library/PackageCache/com.unity.test-framework@bd7f943e9647/UnityEngine.TestRunner/NUnitExtensions/Runner/CompositeWorkItem.cs:207)
UnityEngine.TestRunner.NUnitExtensions.Runner.CompositeWorkItem/<PerformWork>d__13:MoveNext () (at ./Library/PackageCache/com.unity.test-framework@bd7f943e9647/UnityEngine.TestRunner/NUnitExtensions/Runner/CompositeWorkItem.cs:82)
UnityEngine.TestRunner.NUnitExtensions.Runner.CompositeWorkItem/<RunChildren>d__17:MoveNext () (at ./Library/PackageCache/com.unity.test-framework@bd7f943e9647/UnityEngine.TestRunner/NUnitExtensions/Runner/CompositeWorkItem.cs:207)
UnityEngine.TestRunner.NUnitExtensions.Runner.CompositeWorkItem/<PerformWork>d__13:MoveNext () (at ./Library/PackageCache/com.unity.test-framework@bd7f943e9647/UnityEngine.TestRunner/NUnitExtensions/Runner/CompositeWorkItem.cs:82)
UnityEngine.TestRunner.NUnitExtensions.Runner.CompositeWorkItem/<RunChildren>d__17:MoveNext () (at ./Library/PackageCache/com.unity.test-framework@bd7f943e9647/UnityEngine.TestRunner/NUnitExtensions/Runner/CompositeWorkItem.cs:207)
UnityEngine.TestRunner.NUnitExtensions.Runner.CompositeWorkItem/<PerformWork>d__13:MoveNext () (at ./Library/PackageCache/com.unity.test-framework@bd7f943e9647/UnityEngine.TestRunner/NUnitExtensions/Runner/CompositeWorkItem.cs:82)
UnityEditor.TestTools.TestRunner.EditModeRunner:MoveNextAndUpdateYieldObject () (at ./Library/PackageCache/com.unity.test-framework@bd7f943e9647/UnityEditor.TestRunner/TestRunner/EditModeRunner.cs:167)
UnityEditor.TestTools.TestRunner.EditModeRunner:TestConsumer (UnityEditor.TestTools.TestRunner.TestRunnerStateSerializer) (at ./Library/PackageCache/com.unity.test-framework@bd7f943e9647/UnityEditor.TestRunner/TestRunner/EditModeRunner.cs:200)
UnityEditor.TestTools.TestRunner.TestRun.Tasks.EditModeRunTask/<Execute>d__1:MoveNext () (at ./Library/PackageCache/com.unity.test-framework@bd7f943e9647/UnityEditor.TestRunner/TestRun/Tasks/EditModeRunTask.cs:48)
UnityEditor.TestTools.TestRunner.TestRun.TestJobRunner:ExecuteStep () (at ./Library/PackageCache/com.unity.test-framework@bd7f943e9647/UnityEditor.TestRunner/TestRun/TestJobRunner.cs:173)
UnityEditor.TestTools.TestRunner.TestRun.TestJobRunner:ExecuteCallback () (at ./Library/PackageCache/com.unity.test-framework@bd7f943e9647/UnityEditor.TestRunner/TestRun/TestJobRunner.cs:108)
UnityEditor.EditorApplication:Internal_CallUpdateFunctions () (at /Users/bokken/build/output/unity/unity/Editor/Mono/EditorApplication.cs:392)

(Filename: ./Packages/com.xrlab.chooguard.foundation/Multiplayer/Tests/Editor/WorldMotionAdapterTests.cs Line: 109)

World motion traversal 0.41 rail_terminal_public -> station_concourse_2f steps=280 seconds=0.4576898
UnityEngine.Debug:ExtractStackTraceNoAlloc (byte*,int,string)
UnityEngine.StackTraceUtility:ExtractStackTrace () (at /Users/bokken/build/output/unity/unity/Runtime/Export/Scripting/StackTrace.cs:35)
UnityEngine.DebugLogHandler:Internal_Log (UnityEngine.LogType,UnityEngine.LogOption,string,UnityEngine.Object)
UnityEngine.DebugLogHandler:LogFormat (UnityEngine.LogType,UnityEngine.Object,string,object[])
UnityEngine.Logger:Log (UnityEngine.LogType,object)
UnityEngine.Debug:Log (object)
ChooGuard.Foundation.Multiplayer.Tests.WorldMotionAdapterTests:BothProfilesTraverseAllThirteenRegionsAndAllTwentyFourPortalDirections (string,bool,double) (at ./Packages/com.xrlab.chooguard.foundation/Multiplayer/Tests/Editor/WorldMotionAdapterTests.cs:109)
System.Reflection.RuntimeMethodInfo:Invoke (object,System.Reflection.BindingFlags,System.Reflection.Binder,object[],System.Globalization.CultureInfo)
System.Reflection.MethodBase:Invoke (object,object[])
NUnit.Framework.Internal.Reflect:InvokeMethod (System.Reflection.MethodInfo,object,object[])
NUnit.Framework.Internal.MethodWrapper:Invoke (object,object[])
NUnit.Framework.Internal.Commands.TestMethodCommand:RunNonAsyncTestMethod (NUnit.Framework.Internal.ITestExecutionContext)
NUnit.Framework.Internal.Commands.TestMethodCommand:RunTestMethod (NUnit.Framework.Internal.ITestExecutionContext)
NUnit.Framework.Internal.Commands.TestMethodCommand:Execute (NUnit.Framework.Internal.ITestExecutionContext)
UnityEngine.TestTools.UnityTestMethodCommand:Execute (NUnit.Framework.Internal.ITestExecutionContext) (at ./Library/PackageCache/com.unity.test-framework@bd7f943e9647/UnityEngine.TestRunner/NUnitExtensions/Commands/UnityTestMethodCommand.cs:19)
UnityEngine.TestRunner.NUnitExtensions.Runner.UnityLogCheckDelegatingCommand/<>c__DisplayClass2_0:<Execute>b__0 () (at ./Library/PackageCache/com.unity.test-framework@bd7f943e9647/UnityEngine.TestRunner/NUnitExtensions/Runner/UnityLogCheckDelegatingCommand.cs:24)
UnityEngine.TestRunner.NUnitExtensions.Runner.UnityLogCheckDelegatingCommand:CaptureException (NUnit.Framework.Internal.TestResult,System.Action) (at ./Library/PackageCache/com.unity.test-framework@bd7f943e9647/UnityEngine.TestRunner/NUnitExtensions/Runner/UnityLogCheckDelegatingCommand.cs:72)
UnityEngine.TestRunner.NUnitExtensions.Runner.UnityLogCheckDelegatingCommand:ExecuteAndCheckLog (UnityEngine.TestTools.Logging.LogScope,NUnit.Framework.Internal.TestResult,System.Action) (at ./Library/PackageCache/com.unity.test-framework@bd7f943e9647/UnityEngine.TestRunner/NUnitExtensions/Runner/UnityLogCheckDelegatingCommand.cs:83)
UnityEngine.TestRunner.NUnitExtensions.Runner.UnityLogCheckDelegatingCommand:Execute (NUnit.Framework.Internal.ITestExecutionContext) (at ./Library/PackageCache/com.unity.test-framework@bd7f943e9647/UnityEngine.TestRunner/NUnitExtensions/Runner/UnityLogCheckDelegatingCommand.cs:24)
UnityEngine.TestRunner.NUnitExtensions.Runner.UnityLogCheckDelegatingCommand/<ExecuteEnumerable>d__3:MoveNext () (at ./Library/PackageCache/com.unity.test-framework@bd7f943e9647/UnityEngine.TestRunner/NUnitExtensions/Runner/UnityLogCheckDelegatingCommand.cs:35)
UnityEngine.TestTools.BeforeAfterTestCommandBase`1/<ExecuteEnumerable>d__16<NUnit.Framework.ITestAction>:MoveNext () (at ./Library/PackageCache/com.unity.test-framework@bd7f943e9647/UnityEngine.TestRunner/NUnitExtensions/Commands/BeforeAfterTestCommandBase.cs:212)
UnityEngine.TestTools.ImmediateEnumerableCommand:Execute (NUnit.Framework.Internal.ITestExecutionContext) (at ./Library/PackageCache/com.unity.test-framework@bd7f943e9647/UnityEngine.TestRunner/NUnitExtensions/Commands/ImmediateEnumerableCommand.cs:18)
UnityEngine.TestTools.BeforeAfterTestCommandBase`1/<ExecuteEnumerable>d__16<System.Reflection.MethodInfo>:MoveNext () (at ./Library/PackageCache/com.unity.test-framework@bd7f943e9647/UnityEngine.TestRunner/NUnitExtensions/Commands/BeforeAfterTestCommandBase.cs:219)
UnityEngine.TestTools.BeforeAfterTestCommandBase`1/<ExecuteEnumerable>d__16<System.Reflection.MethodInfo>:MoveNext () (at ./Library/PackageCache/com.unity.test-framework@bd7f943e9647/UnityEngine.TestRunner/NUnitExtensions/Commands/BeforeAfterTestCommandBase.cs:212)
UnityEngine.TestTools.BeforeAfterTestCommandBase`1/<ExecuteEnumerable>d__16<UnityEngine.TestTools.IOuterUnityTestAction>:MoveNext () (at ./Library/PackageCache/com.unity.test-framework@bd7f943e9647/UnityEngine.TestRunner/NUnitExtensions/Commands/BeforeAfterTestCommandBase.cs:212)
UnityEngine.TestTools.RetryCommand/<ExecuteEnumerable>d__2:MoveNext () (at ./Library/PackageCache/com.unity.test-framework@bd7f943e9647/UnityEngine.TestRunner/NUnitExtensions/Commands/RetryCommand.cs:37)
UnityEngine.TestTools.RepeatCommand/<ExecuteEnumerable>d__2:MoveNext () (at ./Library/PackageCache/com.unity.test-framework@bd7f943e9647/UnityEngine.TestRunner/NUnitExtensions/Commands/RepeatCommand.cs:36)
UnityEngine.TestTools.IgnoreTestCommand/<ExecuteEnumerable>d__3:MoveNext () (at ./Library/PackageCache/com.unity.test-framework@bd7f943e9647/UnityEngine.TestRunner/NUnitExtensions/Commands/IgnoreTestCommand.cs:42)
UnityEngine.TestTools.StrictCheckCommand/<ExecuteEnumerable>d__2:MoveNext () (at ./Library/PackageCache/com.unity.test-framework@bd7f943e9647/UnityEngine.TestRunner/NUnitExtensions/Commands/StrictCheckCommand.cs:29)
UnityEngine.TestRunner.NUnitExtensions.Runner.DefaultTestWorkItem/<PerformWork>d__2:MoveNext () (at ./Library/PackageCache/com.unity.test-framework@bd7f943e9647/UnityEngine.TestRunner/NUnitExtensions/Runner/DefaultTestWorkItem.cs:50)
UnityEngine.TestRunner.NUnitExtensions.Runner.CompositeWorkItem/<RunChildren>d__17:MoveNext () (at ./Library/PackageCache/com.unity.test-framework@bd7f943e9647/UnityEngine.TestRunner/NUnitExtensions/Runner/CompositeWorkItem.cs:207)
UnityEngine.TestRunner.NUnitExtensions.Runner.CompositeWorkItem/<PerformWork>d__13:MoveNext () (at ./Library/PackageCache/com.unity.test-framework@bd7f943e9647/UnityEngine.TestRunner/NUnitExtensions/Runner/CompositeWorkItem.cs:82)
UnityEngine.TestRunner.NUnitExtensions.Runner.CompositeWorkItem/<RunChildren>d__17:MoveNext () (at ./Library/PackageCache/com.unity.test-framework@bd7f943e9647/UnityEngine.TestRunner/NUnitExtensions/Runner/CompositeWorkItem.cs:207)
UnityEngine.TestRunner.NUnitExtensions.Runner.CompositeWorkItem/<PerformWork>d__13:MoveNext () (at ./Library/PackageCache/com.unity.test-framework@bd7f943e9647/UnityEngine.TestRunner/NUnitExtensions/Runner/CompositeWorkItem.cs:82)
UnityEngine.TestRunner.NUnitExtensions.Runner.CompositeWorkItem/<RunChildren>d__17:MoveNext () (at ./Library/PackageCache/com.unity.test-framework@bd7f943e9647/UnityEngine.TestRunner/NUnitExtensions/Runner/CompositeWorkItem.cs:207)
UnityEngine.TestRunner.NUnitExtensions.Runner.CompositeWorkItem/<PerformWork>d__13:MoveNext () (at ./Library/PackageCache/com.unity.test-framework@bd7f943e9647/UnityEngine.TestRunner/NUnitExtensions/Runner/CompositeWorkItem.cs:82)
UnityEngine.TestRunner.NUnitExtensions.Runner.CompositeWorkItem/<RunChildren>d__17:MoveNext () (at ./Library/PackageCache/com.unity.test-framework@bd7f943e9647/UnityEngine.TestRunner/NUnitExtensions/Runner/CompositeWorkItem.cs:207)
UnityEngine.TestRunner.NUnitExtensions.Runner.CompositeWorkItem/<PerformWork>d__13:MoveNext () (at ./Library/PackageCache/com.unity.test-framework@bd7f943e9647/UnityEngine.TestRunner/NUnitExtensions/Runner/CompositeWorkItem.cs:82)
UnityEngine.TestRunner.NUnitExtensions.Runner.CompositeWorkItem/<RunChildren>d__17:MoveNext () (at ./Library/PackageCache/com.unity.test-framework@bd7f943e9647/UnityEngine.TestRunner/NUnitExtensions/Runner/CompositeWorkItem.cs:207)
UnityEngine.TestRunner.NUnitExtensions.Runner.CompositeWorkItem/<PerformWork>d__13:MoveNext () (at ./Library/PackageCache/com.unity.test-framework@bd7f943e9647/UnityEngine.TestRunner/NUnitExtensions/Runner/CompositeWorkItem.cs:82)
UnityEngine.TestRunner.NUnitExtensions.Runner.CompositeWorkItem/<RunChildren>d__17:MoveNext () (at ./Library/PackageCache/com.unity.test-framework@bd7f943e9647/UnityEngine.TestRunner/NUnitExtensions/Runner/CompositeWorkItem.cs:207)
UnityEngine.TestRunner.NUnitExtensions.Runner.CompositeWorkItem/<PerformWork>d__13:MoveNext () (at ./Library/PackageCache/com.unity.test-framework@bd7f943e9647/UnityEngine.TestRunner/NUnitExtensions/Runner/CompositeWorkItem.cs:82)
UnityEngine.TestRunner.NUnitExtensions.Runner.CompositeWorkItem/<RunChildren>d__17:MoveNext () (at ./Library/PackageCache/com.unity.test-framework@bd7f943e9647/UnityEngine.TestRunner/NUnitExtensions/Runner/CompositeWorkItem.cs:207)
UnityEngine.TestRunner.NUnitExtensions.Runner.CompositeWorkItem/<PerformWork>d__13:MoveNext () (at ./Library/PackageCache/com.unity.test-framework@bd7f943e9647/UnityEngine.TestRunner/NUnitExtensions/Runner/CompositeWorkItem.cs:82)
UnityEngine.TestRunner.NUnitExtensions.Runner.CompositeWorkItem/<RunChildren>d__17:MoveNext () (at ./Library/PackageCache/com.unity.test-framework@bd7f943e9647/UnityEngine.TestRunner/NUnitExtensions/Runner/CompositeWorkItem.cs:207)
UnityEngine.TestRunner.NUnitExtensions.Runner.CompositeWorkItem/<PerformWork>d__13:MoveNext () (at ./Library/PackageCache/com.unity.test-framework@bd7f943e9647/UnityEngine.TestRunner/NUnitExtensions/Runner/CompositeWorkItem.cs:82)
UnityEditor.TestTools.TestRunner.EditModeRunner:MoveNextAndUpdateYieldObject () (at ./Library/PackageCache/com.unity.test-framework@bd7f943e9647/UnityEditor.TestRunner/TestRunner/EditModeRunner.cs:167)
UnityEditor.TestTools.TestRunner.EditModeRunner:TestConsumer (UnityEditor.TestTools.TestRunner.TestRunnerStateSerializer) (at ./Library/PackageCache/com.unity.test-framework@bd7f943e9647/UnityEditor.TestRunner/TestRunner/EditModeRunner.cs:200)
UnityEditor.TestTools.TestRunner.TestRun.Tasks.EditModeRunTask/<Execute>d__1:MoveNext () (at ./Library/PackageCache/com.unity.test-framework@bd7f943e9647/UnityEditor.TestRunner/TestRun/Tasks/EditModeRunTask.cs:48)
UnityEditor.TestTools.TestRunner.TestRun.TestJobRunner:ExecuteStep () (at ./Library/PackageCache/com.unity.test-framework@bd7f943e9647/UnityEditor.TestRunner/TestRun/TestJobRunner.cs:173)
UnityEditor.TestTools.TestRunner.TestRun.TestJobRunner:ExecuteCallback () (at ./Library/PackageCache/com.unity.test-framework@bd7f943e9647/UnityEditor.TestRunner/TestRun/TestJobRunner.cs:108)
UnityEditor.EditorApplication:Internal_CallUpdateFunctions () (at /Users/bokken/build/output/unity/unity/Editor/Mono/EditorApplication.cs:392)

(Filename: ./Packages/com.xrlab.chooguard.foundation/Multiplayer/Tests/Editor/WorldMotionAdapterTests.cs Line: 109)

World motion traversal 0.41 station_concourse_2f -> rail_terminal_public steps=280 seconds=0.4925915
UnityEngine.Debug:ExtractStackTraceNoAlloc (byte*,int,string)
UnityEngine.StackTraceUtility:ExtractStackTrace () (at /Users/bokken/build/output/unity/unity/Runtime/Export/Scripting/StackTrace.cs:35)
UnityEngine.DebugLogHandler:Internal_Log (UnityEngine.LogType,UnityEngine.LogOption,string,UnityEngine.Object)
UnityEngine.DebugLogHandler:LogFormat (UnityEngine.LogType,UnityEngine.Object,string,object[])
UnityEngine.Logger:Log (UnityEngine.LogType,object)
UnityEngine.Debug:Log (object)
ChooGuard.Foundation.Multiplayer.Tests.WorldMotionAdapterTests:BothProfilesTraverseAllThirteenRegionsAndAllTwentyFourPortalDirections (string,bool,double) (at ./Packages/com.xrlab.chooguard.foundation/Multiplayer/Tests/Editor/WorldMotionAdapterTests.cs:109)
System.Reflection.RuntimeMethodInfo:Invoke (object,System.Reflection.BindingFlags,System.Reflection.Binder,object[],System.Globalization.CultureInfo)
System.Reflection.MethodBase:Invoke (object,object[])
NUnit.Framework.Internal.Reflect:InvokeMethod (System.Reflection.MethodInfo,object,object[])
NUnit.Framework.Internal.MethodWrapper:Invoke (object,object[])
NUnit.Framework.Internal.Commands.TestMethodCommand:RunNonAsyncTestMethod (NUnit.Framework.Internal.ITestExecutionContext)
NUnit.Framework.Internal.Commands.TestMethodCommand:RunTestMethod (NUnit.Framework.Internal.ITestExecutionContext)
NUnit.Framework.Internal.Commands.TestMethodCommand:Execute (NUnit.Framework.Internal.ITestExecutionContext)
UnityEngine.TestTools.UnityTestMethodCommand:Execute (NUnit.Framework.Internal.ITestExecutionContext) (at ./Library/PackageCache/com.unity.test-framework@bd7f943e9647/UnityEngine.TestRunner/NUnitExtensions/Commands/UnityTestMethodCommand.cs:19)
UnityEngine.TestRunner.NUnitExtensions.Runner.UnityLogCheckDelegatingCommand/<>c__DisplayClass2_0:<Execute>b__0 () (at ./Library/PackageCache/com.unity.test-framework@bd7f943e9647/UnityEngine.TestRunner/NUnitExtensions/Runner/UnityLogCheckDelegatingCommand.cs:24)
UnityEngine.TestRunner.NUnitExtensions.Runner.UnityLogCheckDelegatingCommand:CaptureException (NUnit.Framework.Internal.TestResult,System.Action) (at ./Library/PackageCache/com.unity.test-framework@bd7f943e9647/UnityEngine.TestRunner/NUnitExtensions/Runner/UnityLogCheckDelegatingCommand.cs:72)
UnityEngine.TestRunner.NUnitExtensions.Runner.UnityLogCheckDelegatingCommand:ExecuteAndCheckLog (UnityEngine.TestTools.Logging.LogScope,NUnit.Framework.Internal.TestResult,System.Action) (at ./Library/PackageCache/com.unity.test-framework@bd7f943e9647/UnityEngine.TestRunner/NUnitExtensions/Runner/UnityLogCheckDelegatingCommand.cs:83)
UnityEngine.TestRunner.NUnitExtensions.Runner.UnityLogCheckDelegatingCommand:Execute (NUnit.Framework.Internal.ITestExecutionContext) (at ./Library/PackageCache/com.unity.test-framework@bd7f943e9647/UnityEngine.TestRunner/NUnitExtensions/Runner/UnityLogCheckDelegatingCommand.cs:24)
UnityEngine.TestRunner.NUnitExtensions.Runner.UnityLogCheckDelegatingCommand/<ExecuteEnumerable>d__3:MoveNext () (at ./Library/PackageCache/com.unity.test-framework@bd7f943e9647/UnityEngine.TestRunner/NUnitExtensions/Runner/UnityLogCheckDelegatingCommand.cs:35)
UnityEngine.TestTools.BeforeAfterTestCommandBase`1/<ExecuteEnumerable>d__16<NUnit.Framework.ITestAction>:MoveNext () (at ./Library/PackageCache/com.unity.test-framework@bd7f943e9647/UnityEngine.TestRunner/NUnitExtensions/Commands/BeforeAfterTestCommandBase.cs:212)
UnityEngine.TestTools.ImmediateEnumerableCommand:Execute (NUnit.Framework.Internal.ITestExecutionContext) (at ./Library/PackageCache/com.unity.test-framework@bd7f943e9647/UnityEngine.TestRunner/NUnitExtensions/Commands/ImmediateEnumerableCommand.cs:18)
UnityEngine.TestTools.BeforeAfterTestCommandBase`1/<ExecuteEnumerable>d__16<System.Reflection.MethodInfo>:MoveNext () (at ./Library/PackageCache/com.unity.test-framework@bd7f943e9647/UnityEngine.TestRunner/NUnitExtensions/Commands/BeforeAfterTestCommandBase.cs:219)
UnityEngine.TestTools.BeforeAfterTestCommandBase`1/<ExecuteEnumerable>d__16<System.Reflection.MethodInfo>:MoveNext () (at ./Library/PackageCache/com.unity.test-framework@bd7f943e9647/UnityEngine.TestRunner/NUnitExtensions/Commands/BeforeAfterTestCommandBase.cs:212)
UnityEngine.TestTools.BeforeAfterTestCommandBase`1/<ExecuteEnumerable>d__16<UnityEngine.TestTools.IOuterUnityTestAction>:MoveNext () (at ./Library/PackageCache/com.unity.test-framework@bd7f943e9647/UnityEngine.TestRunner/NUnitExtensions/Commands/BeforeAfterTestCommandBase.cs:212)
UnityEngine.TestTools.RetryCommand/<ExecuteEnumerable>d__2:MoveNext () (at ./Library/PackageCache/com.unity.test-framework@bd7f943e9647/UnityEngine.TestRunner/NUnitExtensions/Commands/RetryCommand.cs:37)
UnityEngine.TestTools.RepeatCommand/<ExecuteEnumerable>d__2:MoveNext () (at ./Library/PackageCache/com.unity.test-framework@bd7f943e9647/UnityEngine.TestRunner/NUnitExtensions/Commands/RepeatCommand.cs:36)
UnityEngine.TestTools.IgnoreTestCommand/<ExecuteEnumerable>d__3:MoveNext () (at ./Library/PackageCache/com.unity.test-framework@bd7f943e9647/UnityEngine.TestRunner/NUnitExtensions/Commands/IgnoreTestCommand.cs:42)
UnityEngine.TestTools.StrictCheckCommand/<ExecuteEnumerable>d__2:MoveNext () (at ./Library/PackageCache/com.unity.test-framework@bd7f943e9647/UnityEngine.TestRunner/NUnitExtensions/Commands/StrictCheckCommand.cs:29)
UnityEngine.TestRunner.NUnitExtensions.Runner.DefaultTestWorkItem/<PerformWork>d__2:MoveNext () (at ./Library/PackageCache/com.unity.test-framework@bd7f943e9647/UnityEngine.TestRunner/NUnitExtensions/Runner/DefaultTestWorkItem.cs:50)
UnityEngine.TestRunner.NUnitExtensions.Runner.CompositeWorkItem/<RunChildren>d__17:MoveNext () (at ./Library/PackageCache/com.unity.test-framework@bd7f943e9647/UnityEngine.TestRunner/NUnitExtensions/Runner/CompositeWorkItem.cs:207)
UnityEngine.TestRunner.NUnitExtensions.Runner.CompositeWorkItem/<PerformWork>d__13:MoveNext () (at ./Library/PackageCache/com.unity.test-framework@bd7f943e9647/UnityEngine.TestRunner/NUnitExtensions/Runner/CompositeWorkItem.cs:82)
UnityEngine.TestRunner.NUnitExtensions.Runner.CompositeWorkItem/<RunChildren>d__17:MoveNext () (at ./Library/PackageCache/com.unity.test-framework@bd7f943e9647/UnityEngine.TestRunner/NUnitExtensions/Runner/CompositeWorkItem.cs:207)
UnityEngine.TestRunner.NUnitExtensions.Runner.CompositeWorkItem/<PerformWork>d__13:MoveNext () (at ./Library/PackageCache/com.unity.test-framework@bd7f943e9647/UnityEngine.TestRunner/NUnitExtensions/Runner/CompositeWorkItem.cs:82)
UnityEngine.TestRunner.NUnitExtensions.Runner.CompositeWorkItem/<RunChildren>d__17:MoveNext () (at ./Library/PackageCache/com.unity.test-framework@bd7f943e9647/UnityEngine.TestRunner/NUnitExtensions/Runner/CompositeWorkItem.cs:207)
UnityEngine.TestRunner.NUnitExtensions.Runner.CompositeWorkItem/<PerformWork>d__13:MoveNext () (at ./Library/PackageCache/com.unity.test-framework@bd7f943e9647/UnityEngine.TestRunner/NUnitExtensions/Runner/CompositeWorkItem.cs:82)
UnityEngine.TestRunner.NUnitExtensions.Runner.CompositeWorkItem/<RunChildren>d__17:MoveNext () (at ./Library/PackageCache/com.unity.test-framework@bd7f943e9647/UnityEngine.TestRunner/NUnitExtensions/Runner/CompositeWorkItem.cs:207)
UnityEngine.TestRunner.NUnitExtensions.Runner.CompositeWorkItem/<PerformWork>d__13:MoveNext () (at ./Library/PackageCache/com.unity.test-framework@bd7f943e9647/UnityEngine.TestRunner/NUnitExtensions/Runner/CompositeWorkItem.cs:82)
UnityEngine.TestRunner.NUnitExtensions.Runner.CompositeWorkItem/<RunChildren>d__17:MoveNext () (at ./Library/PackageCache/com.unity.test-framework@bd7f943e9647/UnityEngine.TestRunner/NUnitExtensions/Runner/CompositeWorkItem.cs:207)
UnityEngine.TestRunner.NUnitExtensions.Runner.CompositeWorkItem/<PerformWork>d__13:MoveNext () (at ./Library/PackageCache/com.unity.test-framework@bd7f943e9647/UnityEngine.TestRunner/NUnitExtensions/Runner/CompositeWorkItem.cs:82)
UnityEngine.TestRunner.NUnitExtensions.Runner.CompositeWorkItem/<RunChildren>d__17:MoveNext () (at ./Library/PackageCache/com.unity.test-framework@bd7f943e9647/UnityEngine.TestRunner/NUnitExtensions/Runner/CompositeWorkItem.cs:207)
UnityEngine.TestRunner.NUnitExtensions.Runner.CompositeWorkItem/<PerformWork>d__13:MoveNext () (at ./Library/PackageCache/com.unity.test-framework@bd7f943e9647/UnityEngine.TestRunner/NUnitExtensions/Runner/CompositeWorkItem.cs:82)
UnityEngine.TestRunner.NUnitExtensions.Runner.CompositeWorkItem/<RunChildren>d__17:MoveNext () (at ./Library/PackageCache/com.unity.test-framework@bd7f943e9647/UnityEngine.TestRunner/NUnitExtensions/Runner/CompositeWorkItem.cs:207)
UnityEngine.TestRunner.NUnitExtensions.Runner.CompositeWorkItem/<PerformWork>d__13:MoveNext () (at ./Library/PackageCache/com.unity.test-framework@bd7f943e9647/UnityEngine.TestRunner/NUnitExtensions/Runner/CompositeWorkItem.cs:82)
UnityEngine.TestRunner.NUnitExtensions.Runner.CompositeWorkItem/<RunChildren>d__17:MoveNext () (at ./Library/PackageCache/com.unity.test-framework@bd7f943e9647/UnityEngine.TestRunner/NUnitExtensions/Runner/CompositeWorkItem.cs:207)
UnityEngine.TestRunner.NUnitExtensions.Runner.CompositeWorkItem/<PerformWork>d__13:MoveNext () (at ./Library/PackageCache/com.unity.test-framework@bd7f943e9647/UnityEngine.TestRunner/NUnitExtensions/Runner/CompositeWorkItem.cs:82)
UnityEditor.TestTools.TestRunner.EditModeRunner:MoveNextAndUpdateYieldObject () (at ./Library/PackageCache/com.unity.test-framework@bd7f943e9647/UnityEditor.TestRunner/TestRunner/EditModeRunner.cs:167)
UnityEditor.TestTools.TestRunner.EditModeRunner:TestConsumer (UnityEditor.TestTools.TestRunner.TestRunnerStateSerializer) (at ./Library/PackageCache/com.unity.test-framework@bd7f943e9647/UnityEditor.TestRunner/TestRunner/EditModeRunner.cs:200)
UnityEditor.TestTools.TestRunner.TestRun.Tasks.EditModeRunTask/<Execute>d__1:MoveNext () (at ./Library/PackageCache/com.unity.test-framework@bd7f943e9647/UnityEditor.TestRunner/TestRun/Tasks/EditModeRunTask.cs:48)
UnityEditor.TestTools.TestRunner.TestRun.TestJobRunner:ExecuteStep () (at ./Library/PackageCache/com.unity.test-framework@bd7f943e9647/UnityEditor.TestRunner/TestRun/TestJobRunner.cs:173)
UnityEditor.TestTools.TestRunner.TestRun.TestJobRunner:ExecuteCallback () (at ./Library/PackageCache/com.unity.test-framework@bd7f943e9647/UnityEditor.TestRunner/TestRun/TestJobRunner.cs:108)
UnityEditor.EditorApplication:Internal_CallUpdateFunctions () (at /Users/bokken/build/output/unity/unity/Editor/Mono/EditorApplication.cs:392)

(Filename: ./Packages/com.xrlab.chooguard.foundation/Multiplayer/Tests/Editor/WorldMotionAdapterTests.cs Line: 109)

World motion traversal 0.41 station_hall_1f -> station_concourse_2f steps=260 seconds=0.5605947
UnityEngine.Debug:ExtractStackTraceNoAlloc (byte*,int,string)
UnityEngine.StackTraceUtility:ExtractStackTrace () (at /Users/bokken/build/output/unity/unity/Runtime/Export/Scripting/StackTrace.cs:35)
UnityEngine.DebugLogHandler:Internal_Log (UnityEngine.LogType,UnityEngine.LogOption,string,UnityEngine.Object)
UnityEngine.DebugLogHandler:LogFormat (UnityEngine.LogType,UnityEngine.Object,string,object[])
UnityEngine.Logger:Log (UnityEngine.LogType,object)
UnityEngine.Debug:Log (object)
ChooGuard.Foundation.Multiplayer.Tests.WorldMotionAdapterTests:BothProfilesTraverseAllThirteenRegionsAndAllTwentyFourPortalDirections (string,bool,double) (at ./Packages/com.xrlab.chooguard.foundation/Multiplayer/Tests/Editor/WorldMotionAdapterTests.cs:109)
System.Reflection.RuntimeMethodInfo:Invoke (object,System.Reflection.BindingFlags,System.Reflection.Binder,object[],System.Globalization.CultureInfo)
System.Reflection.MethodBase:Invoke (object,object[])
NUnit.Framework.Internal.Reflect:InvokeMethod (System.Reflection.MethodInfo,object,object[])
NUnit.Framework.Internal.MethodWrapper:Invoke (object,object[])
NUnit.Framework.Internal.Commands.TestMethodCommand:RunNonAsyncTestMethod (NUnit.Framework.Internal.ITestExecutionContext)
NUnit.Framework.Internal.Commands.TestMethodCommand:RunTestMethod (NUnit.Framework.Internal.ITestExecutionContext)
NUnit.Framework.Internal.Commands.TestMethodCommand:Execute (NUnit.Framework.Internal.ITestExecutionContext)
UnityEngine.TestTools.UnityTestMethodCommand:Execute (NUnit.Framework.Internal.ITestExecutionContext) (at ./Library/PackageCache/com.unity.test-framework@bd7f943e9647/UnityEngine.TestRunner/NUnitExtensions/Commands/UnityTestMethodCommand.cs:19)
UnityEngine.TestRunner.NUnitExtensions.Runner.UnityLogCheckDelegatingCommand/<>c__DisplayClass2_0:<Execute>b__0 () (at ./Library/PackageCache/com.unity.test-framework@bd7f943e9647/UnityEngine.TestRunner/NUnitExtensions/Runner/UnityLogCheckDelegatingCommand.cs:24)
UnityEngine.TestRunner.NUnitExtensions.Runner.UnityLogCheckDelegatingCommand:CaptureException (NUnit.Framework.Internal.TestResult,System.Action) (at ./Library/PackageCache/com.unity.test-framework@bd7f943e9647/UnityEngine.TestRunner/NUnitExtensions/Runner/UnityLogCheckDelegatingCommand.cs:72)
UnityEngine.TestRunner.NUnitExtensions.Runner.UnityLogCheckDelegatingCommand:ExecuteAndCheckLog (UnityEngine.TestTools.Logging.LogScope,NUnit.Framework.Internal.TestResult,System.Action) (at ./Library/PackageCache/com.unity.test-framework@bd7f943e9647/UnityEngine.TestRunner/NUnitExtensions/Runner/UnityLogCheckDelegatingCommand.cs:83)
UnityEngine.TestRunner.NUnitExtensions.Runner.UnityLogCheckDelegatingCommand:Execute (NUnit.Framework.Internal.ITestExecutionContext) (at ./Library/PackageCache/com.unity.test-framework@bd7f943e9647/UnityEngine.TestRunner/NUnitExtensions/Runner/UnityLogCheckDelegatingCommand.cs:24)
UnityEngine.TestRunner.NUnitExtensions.Runner.UnityLogCheckDelegatingCommand/<ExecuteEnumerable>d__3:MoveNext () (at ./Library/PackageCache/com.unity.test-framework@bd7f943e9647/UnityEngine.TestRunner/NUnitExtensions/Runner/UnityLogCheckDelegatingCommand.cs:35)
UnityEngine.TestTools.BeforeAfterTestCommandBase`1/<ExecuteEnumerable>d__16<NUnit.Framework.ITestAction>:MoveNext () (at ./Library/PackageCache/com.unity.test-framework@bd7f943e9647/UnityEngine.TestRunner/NUnitExtensions/Commands/BeforeAfterTestCommandBase.cs:212)
UnityEngine.TestTools.ImmediateEnumerableCommand:Execute (NUnit.Framework.Internal.ITestExecutionContext) (at ./Library/PackageCache/com.unity.test-framework@bd7f943e9647/UnityEngine.TestRunner/NUnitExtensions/Commands/ImmediateEnumerableCommand.cs:18)
UnityEngine.TestTools.BeforeAfterTestCommandBase`1/<ExecuteEnumerable>d__16<System.Reflection.MethodInfo>:MoveNext () (at ./Library/PackageCache/com.unity.test-framework@bd7f943e9647/UnityEngine.TestRunner/NUnitExtensions/Commands/BeforeAfterTestCommandBase.cs:219)
UnityEngine.TestTools.BeforeAfterTestCommandBase`1/<ExecuteEnumerable>d__16<System.Reflection.MethodInfo>:MoveNext () (at ./Library/PackageCache/com.unity.test-framework@bd7f943e9647/UnityEngine.TestRunner/NUnitExtensions/Commands/BeforeAfterTestCommandBase.cs:212)
UnityEngine.TestTools.BeforeAfterTestCommandBase`1/<ExecuteEnumerable>d__16<UnityEngine.TestTools.IOuterUnityTestAction>:MoveNext () (at ./Library/PackageCache/com.unity.test-framework@bd7f943e9647/UnityEngine.TestRunner/NUnitExtensions/Commands/BeforeAfterTestCommandBase.cs:212)
UnityEngine.TestTools.RetryCommand/<ExecuteEnumerable>d__2:MoveNext () (at ./Library/PackageCache/com.unity.test-framework@bd7f943e9647/UnityEngine.TestRunner/NUnitExtensions/Commands/RetryCommand.cs:37)
UnityEngine.TestTools.RepeatCommand/<ExecuteEnumerable>d__2:MoveNext () (at ./Library/PackageCache/com.unity.test-framework@bd7f943e9647/UnityEngine.TestRunner/NUnitExtensions/Commands/RepeatCommand.cs:36)
UnityEngine.TestTools.IgnoreTestCommand/<ExecuteEnumerable>d__3:MoveNext () (at ./Library/PackageCache/com.unity.test-framework@bd7f943e9647/UnityEngine.TestRunner/NUnitExtensions/Commands/IgnoreTestCommand.cs:42)
UnityEngine.TestTools.StrictCheckCommand/<ExecuteEnumerable>d__2:MoveNext () (at ./Library/PackageCache/com.unity.test-framework@bd7f943e9647/UnityEngine.TestRunner/NUnitExtensions/Commands/StrictCheckCommand.cs:29)
UnityEngine.TestRunner.NUnitExtensions.Runner.DefaultTestWorkItem/<PerformWork>d__2:MoveNext () (at ./Library/PackageCache/com.unity.test-framework@bd7f943e9647/UnityEngine.TestRunner/NUnitExtensions/Runner/DefaultTestWorkItem.cs:50)
UnityEngine.TestRunner.NUnitExtensions.Runner.CompositeWorkItem/<RunChildren>d__17:MoveNext () (at ./Library/PackageCache/com.unity.test-framework@bd7f943e9647/UnityEngine.TestRunner/NUnitExtensions/Runner/CompositeWorkItem.cs:207)
UnityEngine.TestRunner.NUnitExtensions.Runner.CompositeWorkItem/<PerformWork>d__13:MoveNext () (at ./Library/PackageCache/com.unity.test-framework@bd7f943e9647/UnityEngine.TestRunner/NUnitExtensions/Runner/CompositeWorkItem.cs:82)
UnityEngine.TestRunner.NUnitExtensions.Runner.CompositeWorkItem/<RunChildren>d__17:MoveNext () (at ./Library/PackageCache/com.unity.test-framework@bd7f943e9647/UnityEngine.TestRunner/NUnitExtensions/Runner/CompositeWorkItem.cs:207)
UnityEngine.TestRunner.NUnitExtensions.Runner.CompositeWorkItem/<PerformWork>d__13:MoveNext () (at ./Library/PackageCache/com.unity.test-framework@bd7f943e9647/UnityEngine.TestRunner/NUnitExtensions/Runner/CompositeWorkItem.cs:82)
UnityEngine.TestRunner.NUnitExtensions.Runner.CompositeWorkItem/<RunChildren>d__17:MoveNext () (at ./Library/PackageCache/com.unity.test-framework@bd7f943e9647/UnityEngine.TestRunner/NUnitExtensions/Runner/CompositeWorkItem.cs:207)
UnityEngine.TestRunner.NUnitExtensions.Runner.CompositeWorkItem/<PerformWork>d__13:MoveNext () (at ./Library/PackageCache/com.unity.test-framework@bd7f943e9647/UnityEngine.TestRunner/NUnitExtensions/Runner/CompositeWorkItem.cs:82)
UnityEngine.TestRunner.NUnitExtensions.Runner.CompositeWorkItem/<RunChildren>d__17:MoveNext () (at ./Library/PackageCache/com.unity.test-framework@bd7f943e9647/UnityEngine.TestRunner/NUnitExtensions/Runner/CompositeWorkItem.cs:207)
UnityEngine.TestRunner.NUnitExtensions.Runner.CompositeWorkItem/<PerformWork>d__13:MoveNext () (at ./Library/PackageCache/com.unity.test-framework@bd7f943e9647/UnityEngine.TestRunner/NUnitExtensions/Runner/CompositeWorkItem.cs:82)
UnityEngine.TestRunner.NUnitExtensions.Runner.CompositeWorkItem/<RunChildren>d__17:MoveNext () (at ./Library/PackageCache/com.unity.test-framework@bd7f943e9647/UnityEngine.TestRunner/NUnitExtensions/Runner/CompositeWorkItem.cs:207)
UnityEngine.TestRunner.NUnitExtensions.Runner.CompositeWorkItem/<PerformWork>d__13:MoveNext () (at ./Library/PackageCache/com.unity.test-framework@bd7f943e9647/UnityEngine.TestRunner/NUnitExtensions/Runner/CompositeWorkItem.cs:82)
UnityEngine.TestRunner.NUnitExtensions.Runner.CompositeWorkItem/<RunChildren>d__17:MoveNext () (at ./Library/PackageCache/com.unity.test-framework@bd7f943e9647/UnityEngine.TestRunner/NUnitExtensions/Runner/CompositeWorkItem.cs:207)
UnityEngine.TestRunner.NUnitExtensions.Runner.CompositeWorkItem/<PerformWork>d__13:MoveNext () (at ./Library/PackageCache/com.unity.test-framework@bd7f943e9647/UnityEngine.TestRunner/NUnitExtensions/Runner/CompositeWorkItem.cs:82)
UnityEngine.TestRunner.NUnitExtensions.Runner.CompositeWorkItem/<RunChildren>d__17:MoveNext () (at ./Library/PackageCache/com.unity.test-framework@bd7f943e9647/UnityEngine.TestRunner/NUnitExtensions/Runner/CompositeWorkItem.cs:207)
UnityEngine.TestRunner.NUnitExtensions.Runner.CompositeWorkItem/<PerformWork>d__13:MoveNext () (at ./Library/PackageCache/com.unity.test-framework@bd7f943e9647/UnityEngine.TestRunner/NUnitExtensions/Runner/CompositeWorkItem.cs:82)
UnityEngine.TestRunner.NUnitExtensions.Runner.CompositeWorkItem/<RunChildren>d__17:MoveNext () (at ./Library/PackageCache/com.unity.test-framework@bd7f943e9647/UnityEngine.TestRunner/NUnitExtensions/Runner/CompositeWorkItem.cs:207)
UnityEngine.TestRunner.NUnitExtensions.Runner.CompositeWorkItem/<PerformWork>d__13:MoveNext () (at ./Library/PackageCache/com.unity.test-framework@bd7f943e9647/UnityEngine.TestRunner/NUnitExtensions/Runner/CompositeWorkItem.cs:82)
UnityEditor.TestTools.TestRunner.EditModeRunner:MoveNextAndUpdateYieldObject () (at ./Library/PackageCache/com.unity.test-framework@bd7f943e9647/UnityEditor.TestRunner/TestRunner/EditModeRunner.cs:167)
UnityEditor.TestTools.TestRunner.EditModeRunner:TestConsumer (UnityEditor.TestTools.TestRunner.TestRunnerStateSerializer) (at ./Library/PackageCache/com.unity.test-framework@bd7f943e9647/UnityEditor.TestRunner/TestRunner/EditModeRunner.cs:200)
UnityEditor.TestTools.TestRunner.TestRun.Tasks.EditModeRunTask/<Execute>d__1:MoveNext () (at ./Library/PackageCache/com.unity.test-framework@bd7f943e9647/UnityEditor.TestRunner/TestRun/Tasks/EditModeRunTask.cs:48)
UnityEditor.TestTools.TestRunner.TestRun.TestJobRunner:ExecuteStep () (at ./Library/PackageCache/com.unity.test-framework@bd7f943e9647/UnityEditor.TestRunner/TestRun/TestJobRunner.cs:173)
UnityEditor.TestTools.TestRunner.TestRun.TestJobRunner:ExecuteCallback () (at ./Library/PackageCache/com.unity.test-framework@bd7f943e9647/UnityEditor.TestRunner/TestRun/TestJobRunner.cs:108)
UnityEditor.EditorApplication:Internal_CallUpdateFunctions () (at /Users/bokken/build/output/unity/unity/Editor/Mono/EditorApplication.cs:392)

(Filename: ./Packages/com.xrlab.chooguard.foundation/Multiplayer/Tests/Editor/WorldMotionAdapterTests.cs Line: 109)

World motion traversal 0.41 station_concourse_2f -> station_hall_1f steps=260 seconds=0.5301573
UnityEngine.Debug:ExtractStackTraceNoAlloc (byte*,int,string)
UnityEngine.StackTraceUtility:ExtractStackTrace () (at /Users/bokken/build/output/unity/unity/Runtime/Export/Scripting/StackTrace.cs:35)
UnityEngine.DebugLogHandler:Internal_Log (UnityEngine.LogType,UnityEngine.LogOption,string,UnityEngine.Object)
UnityEngine.DebugLogHandler:LogFormat (UnityEngine.LogType,UnityEngine.Object,string,object[])
UnityEngine.Logger:Log (UnityEngine.LogType,object)
UnityEngine.Debug:Log (object)
ChooGuard.Foundation.Multiplayer.Tests.WorldMotionAdapterTests:BothProfilesTraverseAllThirteenRegionsAndAllTwentyFourPortalDirections (string,bool,double) (at ./Packages/com.xrlab.chooguard.foundation/Multiplayer/Tests/Editor/WorldMotionAdapterTests.cs:109)
System.Reflection.RuntimeMethodInfo:Invoke (object,System.Reflection.BindingFlags,System.Reflection.Binder,object[],System.Globalization.CultureInfo)
System.Reflection.MethodBase:Invoke (object,object[])
NUnit.Framework.Internal.Reflect:InvokeMethod (System.Reflection.MethodInfo,object,object[])
NUnit.Framework.Internal.MethodWrapper:Invoke (object,object[])
NUnit.Framework.Internal.Commands.TestMethodCommand:RunNonAsyncTestMethod (NUnit.Framework.Internal.ITestExecutionContext)
NUnit.Framework.Internal.Commands.TestMethodCommand:RunTestMethod (NUnit.Framework.Internal.ITestExecutionContext)
NUnit.Framework.Internal.Commands.TestMethodCommand:Execute (NUnit.Framework.Internal.ITestExecutionContext)
UnityEngine.TestTools.UnityTestMethodCommand:Execute (NUnit.Framework.Internal.ITestExecutionContext) (at ./Library/PackageCache/com.unity.test-framework@bd7f943e9647/UnityEngine.TestRunner/NUnitExtensions/Commands/UnityTestMethodCommand.cs:19)
UnityEngine.TestRunner.NUnitExtensions.Runner.UnityLogCheckDelegatingCommand/<>c__DisplayClass2_0:<Execute>b__0 () (at ./Library/PackageCache/com.unity.test-framework@bd7f943e9647/UnityEngine.TestRunner/NUnitExtensions/Runner/UnityLogCheckDelegatingCommand.cs:24)
UnityEngine.TestRunner.NUnitExtensions.Runner.UnityLogCheckDelegatingCommand:CaptureException (NUnit.Framework.Internal.TestResult,System.Action) (at ./Library/PackageCache/com.unity.test-framework@bd7f943e9647/UnityEngine.TestRunner/NUnitExtensions/Runner/UnityLogCheckDelegatingCommand.cs:72)
UnityEngine.TestRunner.NUnitExtensions.Runner.UnityLogCheckDelegatingCommand:ExecuteAndCheckLog (UnityEngine.TestTools.Logging.LogScope,NUnit.Framework.Internal.TestResult,System.Action) (at ./Library/PackageCache/com.unity.test-framework@bd7f943e9647/UnityEngine.TestRunner/NUnitExtensions/Runner/UnityLogCheckDelegatingCommand.cs:83)
UnityEngine.TestRunner.NUnitExtensions.Runner.UnityLogCheckDelegatingCommand:Execute (NUnit.Framework.Internal.ITestExecutionContext) (at ./Library/PackageCache/com.unity.test-framework@bd7f943e9647/UnityEngine.TestRunner/NUnitExtensions/Runner/UnityLogCheckDelegatingCommand.cs:24)
UnityEngine.TestRunner.NUnitExtensions.Runner.UnityLogCheckDelegatingCommand/<ExecuteEnumerable>d__3:MoveNext () (at ./Library/PackageCache/com.unity.test-framework@bd7f943e9647/UnityEngine.TestRunner/NUnitExtensions/Runner/UnityLogCheckDelegatingCommand.cs:35)
UnityEngine.TestTools.BeforeAfterTestCommandBase`1/<ExecuteEnumerable>d__16<NUnit.Framework.ITestAction>:MoveNext () (at ./Library/PackageCache/com.unity.test-framework@bd7f943e9647/UnityEngine.TestRunner/NUnitExtensions/Commands/BeforeAfterTestCommandBase.cs:212)
UnityEngine.TestTools.ImmediateEnumerableCommand:Execute (NUnit.Framework.Internal.ITestExecutionContext) (at ./Library/PackageCache/com.unity.test-framework@bd7f943e9647/UnityEngine.TestRunner/NUnitExtensions/Commands/ImmediateEnumerableCommand.cs:18)
UnityEngine.TestTools.BeforeAfterTestCommandBase`1/<ExecuteEnumerable>d__16<System.Reflection.MethodInfo>:MoveNext () (at ./Library/PackageCache/com.unity.test-framework@bd7f943e9647/UnityEngine.TestRunner/NUnitExtensions/Commands/BeforeAfterTestCommandBase.cs:219)
UnityEngine.TestTools.BeforeAfterTestCommandBase`1/<ExecuteEnumerable>d__16<System.Reflection.MethodInfo>:MoveNext () (at ./Library/PackageCache/com.unity.test-framework@bd7f943e9647/UnityEngine.TestRunner/NUnitExtensions/Commands/BeforeAfterTestCommandBase.cs:212)
UnityEngine.TestTools.BeforeAfterTestCommandBase`1/<ExecuteEnumerable>d__16<UnityEngine.TestTools.IOuterUnityTestAction>:MoveNext () (at ./Library/PackageCache/com.unity.test-framework@bd7f943e9647/UnityEngine.TestRunner/NUnitExtensions/Commands/BeforeAfterTestCommandBase.cs:212)
UnityEngine.TestTools.RetryCommand/<ExecuteEnumerable>d__2:MoveNext () (at ./Library/PackageCache/com.unity.test-framework@bd7f943e9647/UnityEngine.TestRunner/NUnitExtensions/Commands/RetryCommand.cs:37)
UnityEngine.TestTools.RepeatCommand/<ExecuteEnumerable>d__2:MoveNext () (at ./Library/PackageCache/com.unity.test-framework@bd7f943e9647/UnityEngine.TestRunner/NUnitExtensions/Commands/RepeatCommand.cs:36)
UnityEngine.TestTools.IgnoreTestCommand/<ExecuteEnumerable>d__3:MoveNext () (at ./Library/PackageCache/com.unity.test-framework@bd7f943e9647/UnityEngine.TestRunner/NUnitExtensions/Commands/IgnoreTestCommand.cs:42)
UnityEngine.TestTools.StrictCheckCommand/<ExecuteEnumerable>d__2:MoveNext () (at ./Library/PackageCache/com.unity.test-framework@bd7f943e9647/UnityEngine.TestRunner/NUnitExtensions/Commands/StrictCheckCommand.cs:29)
UnityEngine.TestRunner.NUnitExtensions.Runner.DefaultTestWorkItem/<PerformWork>d__2:MoveNext () (at ./Library/PackageCache/com.unity.test-framework@bd7f943e9647/UnityEngine.TestRunner/NUnitExtensions/Runner/DefaultTestWorkItem.cs:50)
UnityEngine.TestRunner.NUnitExtensions.Runner.CompositeWorkItem/<RunChildren>d__17:MoveNext () (at ./Library/PackageCache/com.unity.test-framework@bd7f943e9647/UnityEngine.TestRunner/NUnitExtensions/Runner/CompositeWorkItem.cs:207)
UnityEngine.TestRunner.NUnitExtensions.Runner.CompositeWorkItem/<PerformWork>d__13:MoveNext () (at ./Library/PackageCache/com.unity.test-framework@bd7f943e9647/UnityEngine.TestRunner/NUnitExtensions/Runner/CompositeWorkItem.cs:82)
UnityEngine.TestRunner.NUnitExtensions.Runner.CompositeWorkItem/<RunChildren>d__17:MoveNext () (at ./Library/PackageCache/com.unity.test-framework@bd7f943e9647/UnityEngine.TestRunner/NUnitExtensions/Runner/CompositeWorkItem.cs:207)
UnityEngine.TestRunner.NUnitExtensions.Runner.CompositeWorkItem/<PerformWork>d__13:MoveNext () (at ./Library/PackageCache/com.unity.test-framework@bd7f943e9647/UnityEngine.TestRunner/NUnitExtensions/Runner/CompositeWorkItem.cs:82)
UnityEngine.TestRunner.NUnitExtensions.Runner.CompositeWorkItem/<RunChildren>d__17:MoveNext () (at ./Library/PackageCache/com.unity.test-framework@bd7f943e9647/UnityEngine.TestRunner/NUnitExtensions/Runner/CompositeWorkItem.cs:207)
UnityEngine.TestRunner.NUnitExtensions.Runner.CompositeWorkItem/<PerformWork>d__13:MoveNext () (at ./Library/PackageCache/com.unity.test-framework@bd7f943e9647/UnityEngine.TestRunner/NUnitExtensions/Runner/CompositeWorkItem.cs:82)
UnityEngine.TestRunner.NUnitExtensions.Runner.CompositeWorkItem/<RunChildren>d__17:MoveNext () (at ./Library/PackageCache/com.unity.test-framework@bd7f943e9647/UnityEngine.TestRunner/NUnitExtensions/Runner/CompositeWorkItem.cs:207)
UnityEngine.TestRunner.NUnitExtensions.Runner.CompositeWorkItem/<PerformWork>d__13:MoveNext () (at ./Library/PackageCache/com.unity.test-framework@bd7f943e9647/UnityEngine.TestRunner/NUnitExtensions/Runner/CompositeWorkItem.cs:82)
UnityEngine.TestRunner.NUnitExtensions.Runner.CompositeWorkItem/<RunChildren>d__17:MoveNext () (at ./Library/PackageCache/com.unity.test-framework@bd7f943e9647/UnityEngine.TestRunner/NUnitExtensions/Runner/CompositeWorkItem.cs:207)
UnityEngine.TestRunner.NUnitExtensions.Runner.CompositeWorkItem/<PerformWork>d__13:MoveNext () (at ./Library/PackageCache/com.unity.test-framework@bd7f943e9647/UnityEngine.TestRunner/NUnitExtensions/Runner/CompositeWorkItem.cs:82)
UnityEngine.TestRunner.NUnitExtensions.Runner.CompositeWorkItem/<RunChildren>d__17:MoveNext () (at ./Library/PackageCache/com.unity.test-framework@bd7f943e9647/UnityEngine.TestRunner/NUnitExtensions/Runner/CompositeWorkItem.cs:207)
UnityEngine.TestRunner.NUnitExtensions.Runner.CompositeWorkItem/<PerformWork>d__13:MoveNext () (at ./Library/PackageCache/com.unity.test-framework@bd7f943e9647/UnityEngine.TestRunner/NUnitExtensions/Runner/CompositeWorkItem.cs:82)
UnityEngine.TestRunner.NUnitExtensions.Runner.CompositeWorkItem/<RunChildren>d__17:MoveNext () (at ./Library/PackageCache/com.unity.test-framework@bd7f943e9647/UnityEngine.TestRunner/NUnitExtensions/Runner/CompositeWorkItem.cs:207)
UnityEngine.TestRunner.NUnitExtensions.Runner.CompositeWorkItem/<PerformWork>d__13:MoveNext () (at ./Library/PackageCache/com.unity.test-framework@bd7f943e9647/UnityEngine.TestRunner/NUnitExtensions/Runner/CompositeWorkItem.cs:82)
UnityEngine.TestRunner.NUnitExtensions.Runner.CompositeWorkItem/<RunChildren>d__17:MoveNext () (at ./Library/PackageCache/com.unity.test-framework@bd7f943e9647/UnityEngine.TestRunner/NUnitExtensions/Runner/CompositeWorkItem.cs:207)
UnityEngine.TestRunner.NUnitExtensions.Runner.CompositeWorkItem/<PerformWork>d__13:MoveNext () (at ./Library/PackageCache/com.unity.test-framework@bd7f943e9647/UnityEngine.TestRunner/NUnitExtensions/Runner/CompositeWorkItem.cs:82)
UnityEditor.TestTools.TestRunner.EditModeRunner:MoveNextAndUpdateYieldObject () (at ./Library/PackageCache/com.unity.test-framework@bd7f943e9647/UnityEditor.TestRunner/TestRunner/EditModeRunner.cs:167)
UnityEditor.TestTools.TestRunner.EditModeRunner:TestConsumer (UnityEditor.TestTools.TestRunner.TestRunnerStateSerializer) (at ./Library/PackageCache/com.unity.test-framework@bd7f943e9647/UnityEditor.TestRunner/TestRunner/EditModeRunner.cs:200)
UnityEditor.TestTools.TestRunner.TestRun.Tasks.EditModeRunTask/<Execute>d__1:MoveNext () (at ./Library/PackageCache/com.unity.test-framework@bd7f943e9647/UnityEditor.TestRunner/TestRun/Tasks/EditModeRunTask.cs:48)
UnityEditor.TestTools.TestRunner.TestRun.TestJobRunner:ExecuteStep () (at ./Library/PackageCache/com.unity.test-framework@bd7f943e9647/UnityEditor.TestRunner/TestRun/TestJobRunner.cs:173)
UnityEditor.TestTools.TestRunner.TestRun.TestJobRunner:ExecuteCallback () (at ./Library/PackageCache/com.unity.test-framework@bd7f943e9647/UnityEditor.TestRunner/TestRun/TestJobRunner.cs:108)
UnityEditor.EditorApplication:Internal_CallUpdateFunctions () (at /Users/bokken/build/output/unity/unity/Editor/Mono/EditorApplication.cs:392)

(Filename: ./Packages/com.xrlab.chooguard.foundation/Multiplayer/Tests/Editor/WorldMotionAdapterTests.cs Line: 109)

World motion traversal 0.41 station_ticket_area -> rail_terminal_public steps=227 seconds=0.4733782
UnityEngine.Debug:ExtractStackTraceNoAlloc (byte*,int,string)
UnityEngine.StackTraceUtility:ExtractStackTrace () (at /Users/bokken/build/output/unity/unity/Runtime/Export/Scripting/StackTrace.cs:35)
UnityEngine.DebugLogHandler:Internal_Log (UnityEngine.LogType,UnityEngine.LogOption,string,UnityEngine.Object)
UnityEngine.DebugLogHandler:LogFormat (UnityEngine.LogType,UnityEngine.Object,string,object[])
UnityEngine.Logger:Log (UnityEngine.LogType,object)
UnityEngine.Debug:Log (object)
ChooGuard.Foundation.Multiplayer.Tests.WorldMotionAdapterTests:BothProfilesTraverseAllThirteenRegionsAndAllTwentyFourPortalDirections (string,bool,double) (at ./Packages/com.xrlab.chooguard.foundation/Multiplayer/Tests/Editor/WorldMotionAdapterTests.cs:109)
System.Reflection.RuntimeMethodInfo:Invoke (object,System.Reflection.BindingFlags,System.Reflection.Binder,object[],System.Globalization.CultureInfo)
System.Reflection.MethodBase:Invoke (object,object[])
NUnit.Framework.Internal.Reflect:InvokeMethod (System.Reflection.MethodInfo,object,object[])
NUnit.Framework.Internal.MethodWrapper:Invoke (object,object[])
NUnit.Framework.Internal.Commands.TestMethodCommand:RunNonAsyncTestMethod (NUnit.Framework.Internal.ITestExecutionContext)
NUnit.Framework.Internal.Commands.TestMethodCommand:RunTestMethod (NUnit.Framework.Internal.ITestExecutionContext)
NUnit.Framework.Internal.Commands.TestMethodCommand:Execute (NUnit.Framework.Internal.ITestExecutionContext)
UnityEngine.TestTools.UnityTestMethodCommand:Execute (NUnit.Framework.Internal.ITestExecutionContext) (at ./Library/PackageCache/com.unity.test-framework@bd7f943e9647/UnityEngine.TestRunner/NUnitExtensions/Commands/UnityTestMethodCommand.cs:19)
UnityEngine.TestRunner.NUnitExtensions.Runner.UnityLogCheckDelegatingCommand/<>c__DisplayClass2_0:<Execute>b__0 () (at ./Library/PackageCache/com.unity.test-framework@bd7f943e9647/UnityEngine.TestRunner/NUnitExtensions/Runner/UnityLogCheckDelegatingCommand.cs:24)
UnityEngine.TestRunner.NUnitExtensions.Runner.UnityLogCheckDelegatingCommand:CaptureException (NUnit.Framework.Internal.TestResult,System.Action) (at ./Library/PackageCache/com.unity.test-framework@bd7f943e9647/UnityEngine.TestRunner/NUnitExtensions/Runner/UnityLogCheckDelegatingCommand.cs:72)
UnityEngine.TestRunner.NUnitExtensions.Runner.UnityLogCheckDelegatingCommand:ExecuteAndCheckLog (UnityEngine.TestTools.Logging.LogScope,NUnit.Framework.Internal.TestResult,System.Action) (at ./Library/PackageCache/com.unity.test-framework@bd7f943e9647/UnityEngine.TestRunner/NUnitExtensions/Runner/UnityLogCheckDelegatingCommand.cs:83)
UnityEngine.TestRunner.NUnitExtensions.Runner.UnityLogCheckDelegatingCommand:Execute (NUnit.Framework.Internal.ITestExecutionContext) (at ./Library/PackageCache/com.unity.test-framework@bd7f943e9647/UnityEngine.TestRunner/NUnitExtensions/Runner/UnityLogCheckDelegatingCommand.cs:24)
UnityEngine.TestRunner.NUnitExtensions.Runner.UnityLogCheckDelegatingCommand/<ExecuteEnumerable>d__3:MoveNext () (at ./Library/PackageCache/com.unity.test-framework@bd7f943e9647/UnityEngine.TestRunner/NUnitExtensions/Runner/UnityLogCheckDelegatingCommand.cs:35)
UnityEngine.TestTools.BeforeAfterTestCommandBase`1/<ExecuteEnumerable>d__16<NUnit.Framework.ITestAction>:MoveNext () (at ./Library/PackageCache/com.unity.test-framework@bd7f943e9647/UnityEngine.TestRunner/NUnitExtensions/Commands/BeforeAfterTestCommandBase.cs:212)
UnityEngine.TestTools.ImmediateEnumerableCommand:Execute (NUnit.Framework.Internal.ITestExecutionContext) (at ./Library/PackageCache/com.unity.test-framework@bd7f943e9647/UnityEngine.TestRunner/NUnitExtensions/Commands/ImmediateEnumerableCommand.cs:18)
UnityEngine.TestTools.BeforeAfterTestCommandBase`1/<ExecuteEnumerable>d__16<System.Reflection.MethodInfo>:MoveNext () (at ./Library/PackageCache/com.unity.test-framework@bd7f943e9647/UnityEngine.TestRunner/NUnitExtensions/Commands/BeforeAfterTestCommandBase.cs:219)
UnityEngine.TestTools.BeforeAfterTestCommandBase`1/<ExecuteEnumerable>d__16<System.Reflection.MethodInfo>:MoveNext () (at ./Library/PackageCache/com.unity.test-framework@bd7f943e9647/UnityEngine.TestRunner/NUnitExtensions/Commands/BeforeAfterTestCommandBase.cs:212)
UnityEngine.TestTools.BeforeAfterTestCommandBase`1/<ExecuteEnumerable>d__16<UnityEngine.TestTools.IOuterUnityTestAction>:MoveNext () (at ./Library/PackageCache/com.unity.test-framework@bd7f943e9647/UnityEngine.TestRunner/NUnitExtensions/Commands/BeforeAfterTestCommandBase.cs:212)
UnityEngine.TestTools.RetryCommand/<ExecuteEnumerable>d__2:MoveNext () (at ./Library/PackageCache/com.unity.test-framework@bd7f943e9647/UnityEngine.TestRunner/NUnitExtensions/Commands/RetryCommand.cs:37)
UnityEngine.TestTools.RepeatCommand/<ExecuteEnumerable>d__2:MoveNext () (at ./Library/PackageCache/com.unity.test-framework@bd7f943e9647/UnityEngine.TestRunner/NUnitExtensions/Commands/RepeatCommand.cs:36)
UnityEngine.TestTools.IgnoreTestCommand/<ExecuteEnumerable>d__3:MoveNext () (at ./Library/PackageCache/com.unity.test-framework@bd7f943e9647/UnityEngine.TestRunner/NUnitExtensions/Commands/IgnoreTestCommand.cs:42)
UnityEngine.TestTools.StrictCheckCommand/<ExecuteEnumerable>d__2:MoveNext () (at ./Library/PackageCache/com.unity.test-framework@bd7f943e9647/UnityEngine.TestRunner/NUnitExtensions/Commands/StrictCheckCommand.cs:29)
UnityEngine.TestRunner.NUnitExtensions.Runner.DefaultTestWorkItem/<PerformWork>d__2:MoveNext () (at ./Library/PackageCache/com.unity.test-framework@bd7f943e9647/UnityEngine.TestRunner/NUnitExtensions/Runner/DefaultTestWorkItem.cs:50)
UnityEngine.TestRunner.NUnitExtensions.Runner.CompositeWorkItem/<RunChildren>d__17:MoveNext () (at ./Library/PackageCache/com.unity.test-framework@bd7f943e9647/UnityEngine.TestRunner/NUnitExtensions/Runner/CompositeWorkItem.cs:207)
UnityEngine.TestRunner.NUnitExtensions.Runner.CompositeWorkItem/<PerformWork>d__13:MoveNext () (at ./Library/PackageCache/com.unity.test-framework@bd7f943e9647/UnityEngine.TestRunner/NUnitExtensions/Runner/CompositeWorkItem.cs:82)
UnityEngine.TestRunner.NUnitExtensions.Runner.CompositeWorkItem/<RunChildren>d__17:MoveNext () (at ./Library/PackageCache/com.unity.test-framework@bd7f943e9647/UnityEngine.TestRunner/NUnitExtensions/Runner/CompositeWorkItem.cs:207)
UnityEngine.TestRunner.NUnitExtensions.Runner.CompositeWorkItem/<PerformWork>d__13:MoveNext () (at ./Library/PackageCache/com.unity.test-framework@bd7f943e9647/UnityEngine.TestRunner/NUnitExtensions/Runner/CompositeWorkItem.cs:82)
UnityEngine.TestRunner.NUnitExtensions.Runner.CompositeWorkItem/<RunChildren>d__17:MoveNext () (at ./Library/PackageCache/com.unity.test-framework@bd7f943e9647/UnityEngine.TestRunner/NUnitExtensions/Runner/CompositeWorkItem.cs:207)
UnityEngine.TestRunner.NUnitExtensions.Runner.CompositeWorkItem/<PerformWork>d__13:MoveNext () (at ./Library/PackageCache/com.unity.test-framework@bd7f943e9647/UnityEngine.TestRunner/NUnitExtensions/Runner/CompositeWorkItem.cs:82)
UnityEngine.TestRunner.NUnitExtensions.Runner.CompositeWorkItem/<RunChildren>d__17:MoveNext () (at ./Library/PackageCache/com.unity.test-framework@bd7f943e9647/UnityEngine.TestRunner/NUnitExtensions/Runner/CompositeWorkItem.cs:207)
UnityEngine.TestRunner.NUnitExtensions.Runner.CompositeWorkItem/<PerformWork>d__13:MoveNext () (at ./Library/PackageCache/com.unity.test-framework@bd7f943e9647/UnityEngine.TestRunner/NUnitExtensions/Runner/CompositeWorkItem.cs:82)
UnityEngine.TestRunner.NUnitExtensions.Runner.CompositeWorkItem/<RunChildren>d__17:MoveNext () (at ./Library/PackageCache/com.unity.test-framework@bd7f943e9647/UnityEngine.TestRunner/NUnitExtensions/Runner/CompositeWorkItem.cs:207)
UnityEngine.TestRunner.NUnitExtensions.Runner.CompositeWorkItem/<PerformWork>d__13:MoveNext () (at ./Library/PackageCache/com.unity.test-framework@bd7f943e9647/UnityEngine.TestRunner/NUnitExtensions/Runner/CompositeWorkItem.cs:82)
UnityEngine.TestRunner.NUnitExtensions.Runner.CompositeWorkItem/<RunChildren>d__17:MoveNext () (at ./Library/PackageCache/com.unity.test-framework@bd7f943e9647/UnityEngine.TestRunner/NUnitExtensions/Runner/CompositeWorkItem.cs:207)
UnityEngine.TestRunner.NUnitExtensions.Runner.CompositeWorkItem/<PerformWork>d__13:MoveNext () (at ./Library/PackageCache/com.unity.test-framework@bd7f943e9647/UnityEngine.TestRunner/NUnitExtensions/Runner/CompositeWorkItem.cs:82)
UnityEngine.TestRunner.NUnitExtensions.Runner.CompositeWorkItem/<RunChildren>d__17:MoveNext () (at ./Library/PackageCache/com.unity.test-framework@bd7f943e9647/UnityEngine.TestRunner/NUnitExtensions/Runner/CompositeWorkItem.cs:207)
UnityEngine.TestRunner.NUnitExtensions.Runner.CompositeWorkItem/<PerformWork>d__13:MoveNext () (at ./Library/PackageCache/com.unity.test-framework@bd7f943e9647/UnityEngine.TestRunner/NUnitExtensions/Runner/CompositeWorkItem.cs:82)
UnityEngine.TestRunner.NUnitExtensions.Runner.CompositeWorkItem/<RunChildren>d__17:MoveNext () (at ./Library/PackageCache/com.unity.test-framework@bd7f943e9647/UnityEngine.TestRunner/NUnitExtensions/Runner/CompositeWorkItem.cs:207)
UnityEngine.TestRunner.NUnitExtensions.Runner.CompositeWorkItem/<PerformWork>d__13:MoveNext () (at ./Library/PackageCache/com.unity.test-framework@bd7f943e9647/UnityEngine.TestRunner/NUnitExtensions/Runner/CompositeWorkItem.cs:82)
UnityEditor.TestTools.TestRunner.EditModeRunner:MoveNextAndUpdateYieldObject () (at ./Library/PackageCache/com.unity.test-framework@bd7f943e9647/UnityEditor.TestRunner/TestRunner/EditModeRunner.cs:167)
UnityEditor.TestTools.TestRunner.EditModeRunner:TestConsumer (UnityEditor.TestTools.TestRunner.TestRunnerStateSerializer) (at ./Library/PackageCache/com.unity.test-framework@bd7f943e9647/UnityEditor.TestRunner/TestRunner/EditModeRunner.cs:200)
UnityEditor.TestTools.TestRunner.TestRun.Tasks.EditModeRunTask/<Execute>d__1:MoveNext () (at ./Library/PackageCache/com.unity.test-framework@bd7f943e9647/UnityEditor.TestRunner/TestRun/Tasks/EditModeRunTask.cs:48)
UnityEditor.TestTools.TestRunner.TestRun.TestJobRunner:ExecuteStep () (at ./Library/PackageCache/com.unity.test-framework@bd7f943e9647/UnityEditor.TestRunner/TestRun/TestJobRunner.cs:173)
UnityEditor.TestTools.TestRunner.TestRun.TestJobRunner:ExecuteCallback () (at ./Library/PackageCache/com.unity.test-framework@bd7f943e9647/UnityEditor.TestRunner/TestRun/TestJobRunner.cs:108)
UnityEditor.EditorApplication:Internal_CallUpdateFunctions () (at /Users/bokken/build/output/unity/unity/Editor/Mono/EditorApplication.cs:392)

(Filename: ./Packages/com.xrlab.chooguard.foundation/Multiplayer/Tests/Editor/WorldMotionAdapterTests.cs Line: 109)

World motion traversal 0.41 rail_terminal_public -> station_ticket_area steps=227 seconds=0.428891
UnityEngine.Debug:ExtractStackTraceNoAlloc (byte*,int,string)
UnityEngine.StackTraceUtility:ExtractStackTrace () (at /Users/bokken/build/output/unity/unity/Runtime/Export/Scripting/StackTrace.cs:35)
UnityEngine.DebugLogHandler:Internal_Log (UnityEngine.LogType,UnityEngine.LogOption,string,UnityEngine.Object)
UnityEngine.DebugLogHandler:LogFormat (UnityEngine.LogType,UnityEngine.Object,string,object[])
UnityEngine.Logger:Log (UnityEngine.LogType,object)
UnityEngine.Debug:Log (object)
ChooGuard.Foundation.Multiplayer.Tests.WorldMotionAdapterTests:BothProfilesTraverseAllThirteenRegionsAndAllTwentyFourPortalDirections (string,bool,double) (at ./Packages/com.xrlab.chooguard.foundation/Multiplayer/Tests/Editor/WorldMotionAdapterTests.cs:109)
System.Reflection.RuntimeMethodInfo:Invoke (object,System.Reflection.BindingFlags,System.Reflection.Binder,object[],System.Globalization.CultureInfo)
System.Reflection.MethodBase:Invoke (object,object[])
NUnit.Framework.Internal.Reflect:InvokeMethod (System.Reflection.MethodInfo,object,object[])
NUnit.Framework.Internal.MethodWrapper:Invoke (object,object[])
NUnit.Framework.Internal.Commands.TestMethodCommand:RunNonAsyncTestMethod (NUnit.Framework.Internal.ITestExecutionContext)
NUnit.Framework.Internal.Commands.TestMethodCommand:RunTestMethod (NUnit.Framework.Internal.ITestExecutionContext)
NUnit.Framework.Internal.Commands.TestMethodCommand:Execute (NUnit.Framework.Internal.ITestExecutionContext)
UnityEngine.TestTools.UnityTestMethodCommand:Execute (NUnit.Framework.Internal.ITestExecutionContext) (at ./Library/PackageCache/com.unity.test-framework@bd7f943e9647/UnityEngine.TestRunner/NUnitExtensions/Commands/UnityTestMethodCommand.cs:19)
UnityEngine.TestRunner.NUnitExtensions.Runner.UnityLogCheckDelegatingCommand/<>c__DisplayClass2_0:<Execute>b__0 () (at ./Library/PackageCache/com.unity.test-framework@bd7f943e9647/UnityEngine.TestRunner/NUnitExtensions/Runner/UnityLogCheckDelegatingCommand.cs:24)
UnityEngine.TestRunner.NUnitExtensions.Runner.UnityLogCheckDelegatingCommand:CaptureException (NUnit.Framework.Internal.TestResult,System.Action) (at ./Library/PackageCache/com.unity.test-framework@bd7f943e9647/UnityEngine.TestRunner/NUnitExtensions/Runner/UnityLogCheckDelegatingCommand.cs:72)
UnityEngine.TestRunner.NUnitExtensions.Runner.UnityLogCheckDelegatingCommand:ExecuteAndCheckLog (UnityEngine.TestTools.Logging.LogScope,NUnit.Framework.Internal.TestResult,System.Action) (at ./Library/PackageCache/com.unity.test-framework@bd7f943e9647/UnityEngine.TestRunner/NUnitExtensions/Runner/UnityLogCheckDelegatingCommand.cs:83)
UnityEngine.TestRunner.NUnitExtensions.Runner.UnityLogCheckDelegatingCommand:Execute (NUnit.Framework.Internal.ITestExecutionContext) (at ./Library/PackageCache/com.unity.test-framework@bd7f943e9647/UnityEngine.TestRunner/NUnitExtensions/Runner/UnityLogCheckDelegatingCommand.cs:24)
UnityEngine.TestRunner.NUnitExtensions.Runner.UnityLogCheckDelegatingCommand/<ExecuteEnumerable>d__3:MoveNext () (at ./Library/PackageCache/com.unity.test-framework@bd7f943e9647/UnityEngine.TestRunner/NUnitExtensions/Runner/UnityLogCheckDelegatingCommand.cs:35)
UnityEngine.TestTools.BeforeAfterTestCommandBase`1/<ExecuteEnumerable>d__16<NUnit.Framework.ITestAction>:MoveNext () (at ./Library/PackageCache/com.unity.test-framework@bd7f943e9647/UnityEngine.TestRunner/NUnitExtensions/Commands/BeforeAfterTestCommandBase.cs:212)
UnityEngine.TestTools.ImmediateEnumerableCommand:Execute (NUnit.Framework.Internal.ITestExecutionContext) (at ./Library/PackageCache/com.unity.test-framework@bd7f943e9647/UnityEngine.TestRunner/NUnitExtensions/Commands/ImmediateEnumerableCommand.cs:18)
UnityEngine.TestTools.BeforeAfterTestCommandBase`1/<ExecuteEnumerable>d__16<System.Reflection.MethodInfo>:MoveNext () (at ./Library/PackageCache/com.unity.test-framework@bd7f943e9647/UnityEngine.TestRunner/NUnitExtensions/Commands/BeforeAfterTestCommandBase.cs:219)
UnityEngine.TestTools.BeforeAfterTestCommandBase`1/<ExecuteEnumerable>d__16<System.Reflection.MethodInfo>:MoveNext () (at ./Library/PackageCache/com.unity.test-framework@bd7f943e9647/UnityEngine.TestRunner/NUnitExtensions/Commands/BeforeAfterTestCommandBase.cs:212)
UnityEngine.TestTools.BeforeAfterTestCommandBase`1/<ExecuteEnumerable>d__16<UnityEngine.TestTools.IOuterUnityTestAction>:MoveNext () (at ./Library/PackageCache/com.unity.test-framework@bd7f943e9647/UnityEngine.TestRunner/NUnitExtensions/Commands/BeforeAfterTestCommandBase.cs:212)
UnityEngine.TestTools.RetryCommand/<ExecuteEnumerable>d__2:MoveNext () (at ./Library/PackageCache/com.unity.test-framework@bd7f943e9647/UnityEngine.TestRunner/NUnitExtensions/Commands/RetryCommand.cs:37)
UnityEngine.TestTools.RepeatCommand/<ExecuteEnumerable>d__2:MoveNext () (at ./Library/PackageCache/com.unity.test-framework@bd7f943e9647/UnityEngine.TestRunner/NUnitExtensions/Commands/RepeatCommand.cs:36)
UnityEngine.TestTools.IgnoreTestCommand/<ExecuteEnumerable>d__3:MoveNext () (at ./Library/PackageCache/com.unity.test-framework@bd7f943e9647/UnityEngine.TestRunner/NUnitExtensions/Commands/IgnoreTestCommand.cs:42)
UnityEngine.TestTools.StrictCheckCommand/<ExecuteEnumerable>d__2:MoveNext () (at ./Library/PackageCache/com.unity.test-framework@bd7f943e9647/UnityEngine.TestRunner/NUnitExtensions/Commands/StrictCheckCommand.cs:29)
UnityEngine.TestRunner.NUnitExtensions.Runner.DefaultTestWorkItem/<PerformWork>d__2:MoveNext () (at ./Library/PackageCache/com.unity.test-framework@bd7f943e9647/UnityEngine.TestRunner/NUnitExtensions/Runner/DefaultTestWorkItem.cs:50)
UnityEngine.TestRunner.NUnitExtensions.Runner.CompositeWorkItem/<RunChildren>d__17:MoveNext () (at ./Library/PackageCache/com.unity.test-framework@bd7f943e9647/UnityEngine.TestRunner/NUnitExtensions/Runner/CompositeWorkItem.cs:207)
UnityEngine.TestRunner.NUnitExtensions.Runner.CompositeWorkItem/<PerformWork>d__13:MoveNext () (at ./Library/PackageCache/com.unity.test-framework@bd7f943e9647/UnityEngine.TestRunner/NUnitExtensions/Runner/CompositeWorkItem.cs:82)
UnityEngine.TestRunner.NUnitExtensions.Runner.CompositeWorkItem/<RunChildren>d__17:MoveNext () (at ./Library/PackageCache/com.unity.test-framework@bd7f943e9647/UnityEngine.TestRunner/NUnitExtensions/Runner/CompositeWorkItem.cs:207)
UnityEngine.TestRunner.NUnitExtensions.Runner.CompositeWorkItem/<PerformWork>d__13:MoveNext () (at ./Library/PackageCache/com.unity.test-framework@bd7f943e9647/UnityEngine.TestRunner/NUnitExtensions/Runner/CompositeWorkItem.cs:82)
UnityEngine.TestRunner.NUnitExtensions.Runner.CompositeWorkItem/<RunChildren>d__17:MoveNext () (at ./Library/PackageCache/com.unity.test-framework@bd7f943e9647/UnityEngine.TestRunner/NUnitExtensions/Runner/CompositeWorkItem.cs:207)
UnityEngine.TestRunner.NUnitExtensions.Runner.CompositeWorkItem/<PerformWork>d__13:MoveNext () (at ./Library/PackageCache/com.unity.test-framework@bd7f943e9647/UnityEngine.TestRunner/NUnitExtensions/Runner/CompositeWorkItem.cs:82)
UnityEngine.TestRunner.NUnitExtensions.Runner.CompositeWorkItem/<RunChildren>d__17:MoveNext () (at ./Library/PackageCache/com.unity.test-framework@bd7f943e9647/UnityEngine.TestRunner/NUnitExtensions/Runner/CompositeWorkItem.cs:207)
UnityEngine.TestRunner.NUnitExtensions.Runner.CompositeWorkItem/<PerformWork>d__13:MoveNext () (at ./Library/PackageCache/com.unity.test-framework@bd7f943e9647/UnityEngine.TestRunner/NUnitExtensions/Runner/CompositeWorkItem.cs:82)
UnityEngine.TestRunner.NUnitExtensions.Runner.CompositeWorkItem/<RunChildren>d__17:MoveNext () (at ./Library/PackageCache/com.unity.test-framework@bd7f943e9647/UnityEngine.TestRunner/NUnitExtensions/Runner/CompositeWorkItem.cs:207)
UnityEngine.TestRunner.NUnitExtensions.Runner.CompositeWorkItem/<PerformWork>d__13:MoveNext () (at ./Library/PackageCache/com.unity.test-framework@bd7f943e9647/UnityEngine.TestRunner/NUnitExtensions/Runner/CompositeWorkItem.cs:82)
UnityEngine.TestRunner.NUnitExtensions.Runner.CompositeWorkItem/<RunChildren>d__17:MoveNext () (at ./Library/PackageCache/com.unity.test-framework@bd7f943e9647/UnityEngine.TestRunner/NUnitExtensions/Runner/CompositeWorkItem.cs:207)
UnityEngine.TestRunner.NUnitExtensions.Runner.CompositeWorkItem/<PerformWork>d__13:MoveNext () (at ./Library/PackageCache/com.unity.test-framework@bd7f943e9647/UnityEngine.TestRunner/NUnitExtensions/Runner/CompositeWorkItem.cs:82)
UnityEngine.TestRunner.NUnitExtensions.Runner.CompositeWorkItem/<RunChildren>d__17:MoveNext () (at ./Library/PackageCache/com.unity.test-framework@bd7f943e9647/UnityEngine.TestRunner/NUnitExtensions/Runner/CompositeWorkItem.cs:207)
UnityEngine.TestRunner.NUnitExtensions.Runner.CompositeWorkItem/<PerformWork>d__13:MoveNext () (at ./Library/PackageCache/com.unity.test-framework@bd7f943e9647/UnityEngine.TestRunner/NUnitExtensions/Runner/CompositeWorkItem.cs:82)
UnityEngine.TestRunner.NUnitExtensions.Runner.CompositeWorkItem/<RunChildren>d__17:MoveNext () (at ./Library/PackageCache/com.unity.test-framework@bd7f943e9647/UnityEngine.TestRunner/NUnitExtensions/Runner/CompositeWorkItem.cs:207)
UnityEngine.TestRunner.NUnitExtensions.Runner.CompositeWorkItem/<PerformWork>d__13:MoveNext () (at ./Library/PackageCache/com.unity.test-framework@bd7f943e9647/UnityEngine.TestRunner/NUnitExtensions/Runner/CompositeWorkItem.cs:82)
UnityEditor.TestTools.TestRunner.EditModeRunner:MoveNextAndUpdateYieldObject () (at ./Library/PackageCache/com.unity.test-framework@bd7f943e9647/UnityEditor.TestRunner/TestRunner/EditModeRunner.cs:167)
UnityEditor.TestTools.TestRunner.EditModeRunner:TestConsumer (UnityEditor.TestTools.TestRunner.TestRunnerStateSerializer) (at ./Library/PackageCache/com.unity.test-framework@bd7f943e9647/UnityEditor.TestRunner/TestRunner/EditModeRunner.cs:200)
UnityEditor.TestTools.TestRunner.TestRun.Tasks.EditModeRunTask/<Execute>d__1:MoveNext () (at ./Library/PackageCache/com.unity.test-framework@bd7f943e9647/UnityEditor.TestRunner/TestRun/Tasks/EditModeRunTask.cs:48)
UnityEditor.TestTools.TestRunner.TestRun.TestJobRunner:ExecuteStep () (at ./Library/PackageCache/com.unity.test-framework@bd7f943e9647/UnityEditor.TestRunner/TestRun/TestJobRunner.cs:173)
UnityEditor.TestTools.TestRunner.TestRun.TestJobRunner:ExecuteCallback () (at ./Library/PackageCache/com.unity.test-framework@bd7f943e9647/UnityEditor.TestRunner/TestRun/TestJobRunner.cs:108)
UnityEditor.EditorApplication:Internal_CallUpdateFunctions () (at /Users/bokken/build/output/unity/unity/Editor/Mono/EditorApplication.cs:392)

(Filename: ./Packages/com.xrlab.chooguard.foundation/Multiplayer/Tests/Editor/WorldMotionAdapterTests.cs Line: 109)

World motion traversal 0.41 rail_terminal_public -> underground_connector steps=599 seconds=1.0686619
UnityEngine.Debug:ExtractStackTraceNoAlloc (byte*,int,string)
UnityEngine.StackTraceUtility:ExtractStackTrace () (at /Users/bokken/build/output/unity/unity/Runtime/Export/Scripting/StackTrace.cs:35)
UnityEngine.DebugLogHandler:Internal_Log (UnityEngine.LogType,UnityEngine.LogOption,string,UnityEngine.Object)
UnityEngine.DebugLogHandler:LogFormat (UnityEngine.LogType,UnityEngine.Object,string,object[])
UnityEngine.Logger:Log (UnityEngine.LogType,object)
UnityEngine.Debug:Log (object)
ChooGuard.Foundation.Multiplayer.Tests.WorldMotionAdapterTests:BothProfilesTraverseAllThirteenRegionsAndAllTwentyFourPortalDirections (string,bool,double) (at ./Packages/com.xrlab.chooguard.foundation/Multiplayer/Tests/Editor/WorldMotionAdapterTests.cs:109)
System.Reflection.RuntimeMethodInfo:Invoke (object,System.Reflection.BindingFlags,System.Reflection.Binder,object[],System.Globalization.CultureInfo)
System.Reflection.MethodBase:Invoke (object,object[])
NUnit.Framework.Internal.Reflect:InvokeMethod (System.Reflection.MethodInfo,object,object[])
NUnit.Framework.Internal.MethodWrapper:Invoke (object,object[])
NUnit.Framework.Internal.Commands.TestMethodCommand:RunNonAsyncTestMethod (NUnit.Framework.Internal.ITestExecutionContext)
NUnit.Framework.Internal.Commands.TestMethodCommand:RunTestMethod (NUnit.Framework.Internal.ITestExecutionContext)
NUnit.Framework.Internal.Commands.TestMethodCommand:Execute (NUnit.Framework.Internal.ITestExecutionContext)
UnityEngine.TestTools.UnityTestMethodCommand:Execute (NUnit.Framework.Internal.ITestExecutionContext) (at ./Library/PackageCache/com.unity.test-framework@bd7f943e9647/UnityEngine.TestRunner/NUnitExtensions/Commands/UnityTestMethodCommand.cs:19)
UnityEngine.TestRunner.NUnitExtensions.Runner.UnityLogCheckDelegatingCommand/<>c__DisplayClass2_0:<Execute>b__0 () (at ./Library/PackageCache/com.unity.test-framework@bd7f943e9647/UnityEngine.TestRunner/NUnitExtensions/Runner/UnityLogCheckDelegatingCommand.cs:24)
UnityEngine.TestRunner.NUnitExtensions.Runner.UnityLogCheckDelegatingCommand:CaptureException (NUnit.Framework.Internal.TestResult,System.Action) (at ./Library/PackageCache/com.unity.test-framework@bd7f943e9647/UnityEngine.TestRunner/NUnitExtensions/Runner/UnityLogCheckDelegatingCommand.cs:72)
UnityEngine.TestRunner.NUnitExtensions.Runner.UnityLogCheckDelegatingCommand:ExecuteAndCheckLog (UnityEngine.TestTools.Logging.LogScope,NUnit.Framework.Internal.TestResult,System.Action) (at ./Library/PackageCache/com.unity.test-framework@bd7f943e9647/UnityEngine.TestRunner/NUnitExtensions/Runner/UnityLogCheckDelegatingCommand.cs:83)
UnityEngine.TestRunner.NUnitExtensions.Runner.UnityLogCheckDelegatingCommand:Execute (NUnit.Framework.Internal.ITestExecutionContext) (at ./Library/PackageCache/com.unity.test-framework@bd7f943e9647/UnityEngine.TestRunner/NUnitExtensions/Runner/UnityLogCheckDelegatingCommand.cs:24)
UnityEngine.TestRunner.NUnitExtensions.Runner.UnityLogCheckDelegatingCommand/<ExecuteEnumerable>d__3:MoveNext () (at ./Library/PackageCache/com.unity.test-framework@bd7f943e9647/UnityEngine.TestRunner/NUnitExtensions/Runner/UnityLogCheckDelegatingCommand.cs:35)
UnityEngine.TestTools.BeforeAfterTestCommandBase`1/<ExecuteEnumerable>d__16<NUnit.Framework.ITestAction>:MoveNext () (at ./Library/PackageCache/com.unity.test-framework@bd7f943e9647/UnityEngine.TestRunner/NUnitExtensions/Commands/BeforeAfterTestCommandBase.cs:212)
UnityEngine.TestTools.ImmediateEnumerableCommand:Execute (NUnit.Framework.Internal.ITestExecutionContext) (at ./Library/PackageCache/com.unity.test-framework@bd7f943e9647/UnityEngine.TestRunner/NUnitExtensions/Commands/ImmediateEnumerableCommand.cs:18)
UnityEngine.TestTools.BeforeAfterTestCommandBase`1/<ExecuteEnumerable>d__16<System.Reflection.MethodInfo>:MoveNext () (at ./Library/PackageCache/com.unity.test-framework@bd7f943e9647/UnityEngine.TestRunner/NUnitExtensions/Commands/BeforeAfterTestCommandBase.cs:219)
UnityEngine.TestTools.BeforeAfterTestCommandBase`1/<ExecuteEnumerable>d__16<System.Reflection.MethodInfo>:MoveNext () (at ./Library/PackageCache/com.unity.test-framework@bd7f943e9647/UnityEngine.TestRunner/NUnitExtensions/Commands/BeforeAfterTestCommandBase.cs:212)
UnityEngine.TestTools.BeforeAfterTestCommandBase`1/<ExecuteEnumerable>d__16<UnityEngine.TestTools.IOuterUnityTestAction>:MoveNext () (at ./Library/PackageCache/com.unity.test-framework@bd7f943e9647/UnityEngine.TestRunner/NUnitExtensions/Commands/BeforeAfterTestCommandBase.cs:212)
UnityEngine.TestTools.RetryCommand/<ExecuteEnumerable>d__2:MoveNext () (at ./Library/PackageCache/com.unity.test-framework@bd7f943e9647/UnityEngine.TestRunner/NUnitExtensions/Commands/RetryCommand.cs:37)
UnityEngine.TestTools.RepeatCommand/<ExecuteEnumerable>d__2:MoveNext () (at ./Library/PackageCache/com.unity.test-framework@bd7f943e9647/UnityEngine.TestRunner/NUnitExtensions/Commands/RepeatCommand.cs:36)
UnityEngine.TestTools.IgnoreTestCommand/<ExecuteEnumerable>d__3:MoveNext () (at ./Library/PackageCache/com.unity.test-framework@bd7f943e9647/UnityEngine.TestRunner/NUnitExtensions/Commands/IgnoreTestCommand.cs:42)
UnityEngine.TestTools.StrictCheckCommand/<ExecuteEnumerable>d__2:MoveNext () (at ./Library/PackageCache/com.unity.test-framework@bd7f943e9647/UnityEngine.TestRunner/NUnitExtensions/Commands/StrictCheckCommand.cs:29)
UnityEngine.TestRunner.NUnitExtensions.Runner.DefaultTestWorkItem/<PerformWork>d__2:MoveNext () (at ./Library/PackageCache/com.unity.test-framework@bd7f943e9647/UnityEngine.TestRunner/NUnitExtensions/Runner/DefaultTestWorkItem.cs:50)
UnityEngine.TestRunner.NUnitExtensions.Runner.CompositeWorkItem/<RunChildren>d__17:MoveNext () (at ./Library/PackageCache/com.unity.test-framework@bd7f943e9647/UnityEngine.TestRunner/NUnitExtensions/Runner/CompositeWorkItem.cs:207)
UnityEngine.TestRunner.NUnitExtensions.Runner.CompositeWorkItem/<PerformWork>d__13:MoveNext () (at ./Library/PackageCache/com.unity.test-framework@bd7f943e9647/UnityEngine.TestRunner/NUnitExtensions/Runner/CompositeWorkItem.cs:82)
UnityEngine.TestRunner.NUnitExtensions.Runner.CompositeWorkItem/<RunChildren>d__17:MoveNext () (at ./Library/PackageCache/com.unity.test-framework@bd7f943e9647/UnityEngine.TestRunner/NUnitExtensions/Runner/CompositeWorkItem.cs:207)
UnityEngine.TestRunner.NUnitExtensions.Runner.CompositeWorkItem/<PerformWork>d__13:MoveNext () (at ./Library/PackageCache/com.unity.test-framework@bd7f943e9647/UnityEngine.TestRunner/NUnitExtensions/Runner/CompositeWorkItem.cs:82)
UnityEngine.TestRunner.NUnitExtensions.Runner.CompositeWorkItem/<RunChildren>d__17:MoveNext () (at ./Library/PackageCache/com.unity.test-framework@bd7f943e9647/UnityEngine.TestRunner/NUnitExtensions/Runner/CompositeWorkItem.cs:207)
UnityEngine.TestRunner.NUnitExtensions.Runner.CompositeWorkItem/<PerformWork>d__13:MoveNext () (at ./Library/PackageCache/com.unity.test-framework@bd7f943e9647/UnityEngine.TestRunner/NUnitExtensions/Runner/CompositeWorkItem.cs:82)
UnityEngine.TestRunner.NUnitExtensions.Runner.CompositeWorkItem/<RunChildren>d__17:MoveNext () (at ./Library/PackageCache/com.unity.test-framework@bd7f943e9647/UnityEngine.TestRunner/NUnitExtensions/Runner/CompositeWorkItem.cs:207)
UnityEngine.TestRunner.NUnitExtensions.Runner.CompositeWorkItem/<PerformWork>d__13:MoveNext () (at ./Library/PackageCache/com.unity.test-framework@bd7f943e9647/UnityEngine.TestRunner/NUnitExtensions/Runner/CompositeWorkItem.cs:82)
UnityEngine.TestRunner.NUnitExtensions.Runner.CompositeWorkItem/<RunChildren>d__17:MoveNext () (at ./Library/PackageCache/com.unity.test-framework@bd7f943e9647/UnityEngine.TestRunner/NUnitExtensions/Runner/CompositeWorkItem.cs:207)
UnityEngine.TestRunner.NUnitExtensions.Runner.CompositeWorkItem/<PerformWork>d__13:MoveNext () (at ./Library/PackageCache/com.unity.test-framework@bd7f943e9647/UnityEngine.TestRunner/NUnitExtensions/Runner/CompositeWorkItem.cs:82)
UnityEngine.TestRunner.NUnitExtensions.Runner.CompositeWorkItem/<RunChildren>d__17:MoveNext () (at ./Library/PackageCache/com.unity.test-framework@bd7f943e9647/UnityEngine.TestRunner/NUnitExtensions/Runner/CompositeWorkItem.cs:207)
UnityEngine.TestRunner.NUnitExtensions.Runner.CompositeWorkItem/<PerformWork>d__13:MoveNext () (at ./Library/PackageCache/com.unity.test-framework@bd7f943e9647/UnityEngine.TestRunner/NUnitExtensions/Runner/CompositeWorkItem.cs:82)
UnityEngine.TestRunner.NUnitExtensions.Runner.CompositeWorkItem/<RunChildren>d__17:MoveNext () (at ./Library/PackageCache/com.unity.test-framework@bd7f943e9647/UnityEngine.TestRunner/NUnitExtensions/Runner/CompositeWorkItem.cs:207)
UnityEngine.TestRunner.NUnitExtensions.Runner.CompositeWorkItem/<PerformWork>d__13:MoveNext () (at ./Library/PackageCache/com.unity.test-framework@bd7f943e9647/UnityEngine.TestRunner/NUnitExtensions/Runner/CompositeWorkItem.cs:82)
UnityEngine.TestRunner.NUnitExtensions.Runner.CompositeWorkItem/<RunChildren>d__17:MoveNext () (at ./Library/PackageCache/com.unity.test-framework@bd7f943e9647/UnityEngine.TestRunner/NUnitExtensions/Runner/CompositeWorkItem.cs:207)
UnityEngine.TestRunner.NUnitExtensions.Runner.CompositeWorkItem/<PerformWork>d__13:MoveNext () (at ./Library/PackageCache/com.unity.test-framework@bd7f943e9647/UnityEngine.TestRunner/NUnitExtensions/Runner/CompositeWorkItem.cs:82)
UnityEditor.TestTools.TestRunner.EditModeRunner:MoveNextAndUpdateYieldObject () (at ./Library/PackageCache/com.unity.test-framework@bd7f943e9647/UnityEditor.TestRunner/TestRunner/EditModeRunner.cs:167)
UnityEditor.TestTools.TestRunner.EditModeRunner:TestConsumer (UnityEditor.TestTools.TestRunner.TestRunnerStateSerializer) (at ./Library/PackageCache/com.unity.test-framework@bd7f943e9647/UnityEditor.TestRunner/TestRunner/EditModeRunner.cs:200)
UnityEditor.TestTools.TestRunner.TestRun.Tasks.EditModeRunTask/<Execute>d__1:MoveNext () (at ./Library/PackageCache/com.unity.test-framework@bd7f943e9647/UnityEditor.TestRunner/TestRun/Tasks/EditModeRunTask.cs:48)
UnityEditor.TestTools.TestRunner.TestRun.TestJobRunner:ExecuteStep () (at ./Library/PackageCache/com.unity.test-framework@bd7f943e9647/UnityEditor.TestRunner/TestRun/TestJobRunner.cs:173)
UnityEditor.TestTools.TestRunner.TestRun.TestJobRunner:ExecuteCallback () (at ./Library/PackageCache/com.unity.test-framework@bd7f943e9647/UnityEditor.TestRunner/TestRun/TestJobRunner.cs:108)
UnityEditor.EditorApplication:Internal_CallUpdateFunctions () (at /Users/bokken/build/output/unity/unity/Editor/Mono/EditorApplication.cs:392)

(Filename: ./Packages/com.xrlab.chooguard.foundation/Multiplayer/Tests/Editor/WorldMotionAdapterTests.cs Line: 109)

World motion traversal 0.41 underground_connector -> rail_terminal_public steps=599 seconds=1.2199751
UnityEngine.Debug:ExtractStackTraceNoAlloc (byte*,int,string)
UnityEngine.StackTraceUtility:ExtractStackTrace () (at /Users/bokken/build/output/unity/unity/Runtime/Export/Scripting/StackTrace.cs:35)
UnityEngine.DebugLogHandler:Internal_Log (UnityEngine.LogType,UnityEngine.LogOption,string,UnityEngine.Object)
UnityEngine.DebugLogHandler:LogFormat (UnityEngine.LogType,UnityEngine.Object,string,object[])
UnityEngine.Logger:Log (UnityEngine.LogType,object)
UnityEngine.Debug:Log (object)
ChooGuard.Foundation.Multiplayer.Tests.WorldMotionAdapterTests:BothProfilesTraverseAllThirteenRegionsAndAllTwentyFourPortalDirections (string,bool,double) (at ./Packages/com.xrlab.chooguard.foundation/Multiplayer/Tests/Editor/WorldMotionAdapterTests.cs:109)
System.Reflection.RuntimeMethodInfo:Invoke (object,System.Reflection.BindingFlags,System.Reflection.Binder,object[],System.Globalization.CultureInfo)
System.Reflection.MethodBase:Invoke (object,object[])
NUnit.Framework.Internal.Reflect:InvokeMethod (System.Reflection.MethodInfo,object,object[])
NUnit.Framework.Internal.MethodWrapper:Invoke (object,object[])
NUnit.Framework.Internal.Commands.TestMethodCommand:RunNonAsyncTestMethod (NUnit.Framework.Internal.ITestExecutionContext)
NUnit.Framework.Internal.Commands.TestMethodCommand:RunTestMethod (NUnit.Framework.Internal.ITestExecutionContext)
NUnit.Framework.Internal.Commands.TestMethodCommand:Execute (NUnit.Framework.Internal.ITestExecutionContext)
UnityEngine.TestTools.UnityTestMethodCommand:Execute (NUnit.Framework.Internal.ITestExecutionContext) (at ./Library/PackageCache/com.unity.test-framework@bd7f943e9647/UnityEngine.TestRunner/NUnitExtensions/Commands/UnityTestMethodCommand.cs:19)
UnityEngine.TestRunner.NUnitExtensions.Runner.UnityLogCheckDelegatingCommand/<>c__DisplayClass2_0:<Execute>b__0 () (at ./Library/PackageCache/com.unity.test-framework@bd7f943e9647/UnityEngine.TestRunner/NUnitExtensions/Runner/UnityLogCheckDelegatingCommand.cs:24)
UnityEngine.TestRunner.NUnitExtensions.Runner.UnityLogCheckDelegatingCommand:CaptureException (NUnit.Framework.Internal.TestResult,System.Action) (at ./Library/PackageCache/com.unity.test-framework@bd7f943e9647/UnityEngine.TestRunner/NUnitExtensions/Runner/UnityLogCheckDelegatingCommand.cs:72)
UnityEngine.TestRunner.NUnitExtensions.Runner.UnityLogCheckDelegatingCommand:ExecuteAndCheckLog (UnityEngine.TestTools.Logging.LogScope,NUnit.Framework.Internal.TestResult,System.Action) (at ./Library/PackageCache/com.unity.test-framework@bd7f943e9647/UnityEngine.TestRunner/NUnitExtensions/Runner/UnityLogCheckDelegatingCommand.cs:83)
UnityEngine.TestRunner.NUnitExtensions.Runner.UnityLogCheckDelegatingCommand:Execute (NUnit.Framework.Internal.ITestExecutionContext) (at ./Library/PackageCache/com.unity.test-framework@bd7f943e9647/UnityEngine.TestRunner/NUnitExtensions/Runner/UnityLogCheckDelegatingCommand.cs:24)
UnityEngine.TestRunner.NUnitExtensions.Runner.UnityLogCheckDelegatingCommand/<ExecuteEnumerable>d__3:MoveNext () (at ./Library/PackageCache/com.unity.test-framework@bd7f943e9647/UnityEngine.TestRunner/NUnitExtensions/Runner/UnityLogCheckDelegatingCommand.cs:35)
UnityEngine.TestTools.BeforeAfterTestCommandBase`1/<ExecuteEnumerable>d__16<NUnit.Framework.ITestAction>:MoveNext () (at ./Library/PackageCache/com.unity.test-framework@bd7f943e9647/UnityEngine.TestRunner/NUnitExtensions/Commands/BeforeAfterTestCommandBase.cs:212)
UnityEngine.TestTools.ImmediateEnumerableCommand:Execute (NUnit.Framework.Internal.ITestExecutionContext) (at ./Library/PackageCache/com.unity.test-framework@bd7f943e9647/UnityEngine.TestRunner/NUnitExtensions/Commands/ImmediateEnumerableCommand.cs:18)
UnityEngine.TestTools.BeforeAfterTestCommandBase`1/<ExecuteEnumerable>d__16<System.Reflection.MethodInfo>:MoveNext () (at ./Library/PackageCache/com.unity.test-framework@bd7f943e9647/UnityEngine.TestRunner/NUnitExtensions/Commands/BeforeAfterTestCommandBase.cs:219)
UnityEngine.TestTools.BeforeAfterTestCommandBase`1/<ExecuteEnumerable>d__16<System.Reflection.MethodInfo>:MoveNext () (at ./Library/PackageCache/com.unity.test-framework@bd7f943e9647/UnityEngine.TestRunner/NUnitExtensions/Commands/BeforeAfterTestCommandBase.cs:212)
UnityEngine.TestTools.BeforeAfterTestCommandBase`1/<ExecuteEnumerable>d__16<UnityEngine.TestTools.IOuterUnityTestAction>:MoveNext () (at ./Library/PackageCache/com.unity.test-framework@bd7f943e9647/UnityEngine.TestRunner/NUnitExtensions/Commands/BeforeAfterTestCommandBase.cs:212)
UnityEngine.TestTools.RetryCommand/<ExecuteEnumerable>d__2:MoveNext () (at ./Library/PackageCache/com.unity.test-framework@bd7f943e9647/UnityEngine.TestRunner/NUnitExtensions/Commands/RetryCommand.cs:37)
UnityEngine.TestTools.RepeatCommand/<ExecuteEnumerable>d__2:MoveNext () (at ./Library/PackageCache/com.unity.test-framework@bd7f943e9647/UnityEngine.TestRunner/NUnitExtensions/Commands/RepeatCommand.cs:36)
UnityEngine.TestTools.IgnoreTestCommand/<ExecuteEnumerable>d__3:MoveNext () (at ./Library/PackageCache/com.unity.test-framework@bd7f943e9647/UnityEngine.TestRunner/NUnitExtensions/Commands/IgnoreTestCommand.cs:42)
UnityEngine.TestTools.StrictCheckCommand/<ExecuteEnumerable>d__2:MoveNext () (at ./Library/PackageCache/com.unity.test-framework@bd7f943e9647/UnityEngine.TestRunner/NUnitExtensions/Commands/StrictCheckCommand.cs:29)
UnityEngine.TestRunner.NUnitExtensions.Runner.DefaultTestWorkItem/<PerformWork>d__2:MoveNext () (at ./Library/PackageCache/com.unity.test-framework@bd7f943e9647/UnityEngine.TestRunner/NUnitExtensions/Runner/DefaultTestWorkItem.cs:50)
UnityEngine.TestRunner.NUnitExtensions.Runner.CompositeWorkItem/<RunChildren>d__17:MoveNext () (at ./Library/PackageCache/com.unity.test-framework@bd7f943e9647/UnityEngine.TestRunner/NUnitExtensions/Runner/CompositeWorkItem.cs:207)
UnityEngine.TestRunner.NUnitExtensions.Runner.CompositeWorkItem/<PerformWork>d__13:MoveNext () (at ./Library/PackageCache/com.unity.test-framework@bd7f943e9647/UnityEngine.TestRunner/NUnitExtensions/Runner/CompositeWorkItem.cs:82)
UnityEngine.TestRunner.NUnitExtensions.Runner.CompositeWorkItem/<RunChildren>d__17:MoveNext () (at ./Library/PackageCache/com.unity.test-framework@bd7f943e9647/UnityEngine.TestRunner/NUnitExtensions/Runner/CompositeWorkItem.cs:207)
UnityEngine.TestRunner.NUnitExtensions.Runner.CompositeWorkItem/<PerformWork>d__13:MoveNext () (at ./Library/PackageCache/com.unity.test-framework@bd7f943e9647/UnityEngine.TestRunner/NUnitExtensions/Runner/CompositeWorkItem.cs:82)
UnityEngine.TestRunner.NUnitExtensions.Runner.CompositeWorkItem/<RunChildren>d__17:MoveNext () (at ./Library/PackageCache/com.unity.test-framework@bd7f943e9647/UnityEngine.TestRunner/NUnitExtensions/Runner/CompositeWorkItem.cs:207)
UnityEngine.TestRunner.NUnitExtensions.Runner.CompositeWorkItem/<PerformWork>d__13:MoveNext () (at ./Library/PackageCache/com.unity.test-framework@bd7f943e9647/UnityEngine.TestRunner/NUnitExtensions/Runner/CompositeWorkItem.cs:82)
UnityEngine.TestRunner.NUnitExtensions.Runner.CompositeWorkItem/<RunChildren>d__17:MoveNext () (at ./Library/PackageCache/com.unity.test-framework@bd7f943e9647/UnityEngine.TestRunner/NUnitExtensions/Runner/CompositeWorkItem.cs:207)
UnityEngine.TestRunner.NUnitExtensions.Runner.CompositeWorkItem/<PerformWork>d__13:MoveNext () (at ./Library/PackageCache/com.unity.test-framework@bd7f943e9647/UnityEngine.TestRunner/NUnitExtensions/Runner/CompositeWorkItem.cs:82)
UnityEngine.TestRunner.NUnitExtensions.Runner.CompositeWorkItem/<RunChildren>d__17:MoveNext () (at ./Library/PackageCache/com.unity.test-framework@bd7f943e9647/UnityEngine.TestRunner/NUnitExtensions/Runner/CompositeWorkItem.cs:207)
UnityEngine.TestRunner.NUnitExtensions.Runner.CompositeWorkItem/<PerformWork>d__13:MoveNext () (at ./Library/PackageCache/com.unity.test-framework@bd7f943e9647/UnityEngine.TestRunner/NUnitExtensions/Runner/CompositeWorkItem.cs:82)
UnityEngine.TestRunner.NUnitExtensions.Runner.CompositeWorkItem/<RunChildren>d__17:MoveNext () (at ./Library/PackageCache/com.unity.test-framework@bd7f943e9647/UnityEngine.TestRunner/NUnitExtensions/Runner/CompositeWorkItem.cs:207)
UnityEngine.TestRunner.NUnitExtensions.Runner.CompositeWorkItem/<PerformWork>d__13:MoveNext () (at ./Library/PackageCache/com.unity.test-framework@bd7f943e9647/UnityEngine.TestRunner/NUnitExtensions/Runner/CompositeWorkItem.cs:82)
UnityEngine.TestRunner.NUnitExtensions.Runner.CompositeWorkItem/<RunChildren>d__17:MoveNext () (at ./Library/PackageCache/com.unity.test-framework@bd7f943e9647/UnityEngine.TestRunner/NUnitExtensions/Runner/CompositeWorkItem.cs:207)
UnityEngine.TestRunner.NUnitExtensions.Runner.CompositeWorkItem/<PerformWork>d__13:MoveNext () (at ./Library/PackageCache/com.unity.test-framework@bd7f943e9647/UnityEngine.TestRunner/NUnitExtensions/Runner/CompositeWorkItem.cs:82)
UnityEngine.TestRunner.NUnitExtensions.Runner.CompositeWorkItem/<RunChildren>d__17:MoveNext () (at ./Library/PackageCache/com.unity.test-framework@bd7f943e9647/UnityEngine.TestRunner/NUnitExtensions/Runner/CompositeWorkItem.cs:207)
UnityEngine.TestRunner.NUnitExtensions.Runner.CompositeWorkItem/<PerformWork>d__13:MoveNext () (at ./Library/PackageCache/com.unity.test-framework@bd7f943e9647/UnityEngine.TestRunner/NUnitExtensions/Runner/CompositeWorkItem.cs:82)
UnityEditor.TestTools.TestRunner.EditModeRunner:MoveNextAndUpdateYieldObject () (at ./Library/PackageCache/com.unity.test-framework@bd7f943e9647/UnityEditor.TestRunner/TestRunner/EditModeRunner.cs:167)
UnityEditor.TestTools.TestRunner.EditModeRunner:TestConsumer (UnityEditor.TestTools.TestRunner.TestRunnerStateSerializer) (at ./Library/PackageCache/com.unity.test-framework@bd7f943e9647/UnityEditor.TestRunner/TestRunner/EditModeRunner.cs:200)
UnityEditor.TestTools.TestRunner.TestRun.Tasks.EditModeRunTask/<Execute>d__1:MoveNext () (at ./Library/PackageCache/com.unity.test-framework@bd7f943e9647/UnityEditor.TestRunner/TestRun/Tasks/EditModeRunTask.cs:48)
UnityEditor.TestTools.TestRunner.TestRun.TestJobRunner:ExecuteStep () (at ./Library/PackageCache/com.unity.test-framework@bd7f943e9647/UnityEditor.TestRunner/TestRun/TestJobRunner.cs:173)
UnityEditor.TestTools.TestRunner.TestRun.TestJobRunner:ExecuteCallback () (at ./Library/PackageCache/com.unity.test-framework@bd7f943e9647/UnityEditor.TestRunner/TestRun/TestJobRunner.cs:108)
UnityEditor.EditorApplication:Internal_CallUpdateFunctions () (at /Users/bokken/build/output/unity/unity/Editor/Mono/EditorApplication.cs:392)

(Filename: ./Packages/com.xrlab.chooguard.foundation/Multiplayer/Tests/Editor/WorldMotionAdapterTests.cs Line: 109)

World motion traversal 0.41 forecourt_eurasia -> underground_connector steps=243 seconds=0.7378395
UnityEngine.Debug:ExtractStackTraceNoAlloc (byte*,int,string)
UnityEngine.StackTraceUtility:ExtractStackTrace () (at /Users/bokken/build/output/unity/unity/Runtime/Export/Scripting/StackTrace.cs:35)
UnityEngine.DebugLogHandler:Internal_Log (UnityEngine.LogType,UnityEngine.LogOption,string,UnityEngine.Object)
UnityEngine.DebugLogHandler:LogFormat (UnityEngine.LogType,UnityEngine.Object,string,object[])
UnityEngine.Logger:Log (UnityEngine.LogType,object)
UnityEngine.Debug:Log (object)
ChooGuard.Foundation.Multiplayer.Tests.WorldMotionAdapterTests:BothProfilesTraverseAllThirteenRegionsAndAllTwentyFourPortalDirections (string,bool,double) (at ./Packages/com.xrlab.chooguard.foundation/Multiplayer/Tests/Editor/WorldMotionAdapterTests.cs:109)
System.Reflection.RuntimeMethodInfo:Invoke (object,System.Reflection.BindingFlags,System.Reflection.Binder,object[],System.Globalization.CultureInfo)
System.Reflection.MethodBase:Invoke (object,object[])
NUnit.Framework.Internal.Reflect:InvokeMethod (System.Reflection.MethodInfo,object,object[])
NUnit.Framework.Internal.MethodWrapper:Invoke (object,object[])
NUnit.Framework.Internal.Commands.TestMethodCommand:RunNonAsyncTestMethod (NUnit.Framework.Internal.ITestExecutionContext)
NUnit.Framework.Internal.Commands.TestMethodCommand:RunTestMethod (NUnit.Framework.Internal.ITestExecutionContext)
NUnit.Framework.Internal.Commands.TestMethodCommand:Execute (NUnit.Framework.Internal.ITestExecutionContext)
UnityEngine.TestTools.UnityTestMethodCommand:Execute (NUnit.Framework.Internal.ITestExecutionContext) (at ./Library/PackageCache/com.unity.test-framework@bd7f943e9647/UnityEngine.TestRunner/NUnitExtensions/Commands/UnityTestMethodCommand.cs:19)
UnityEngine.TestRunner.NUnitExtensions.Runner.UnityLogCheckDelegatingCommand/<>c__DisplayClass2_0:<Execute>b__0 () (at ./Library/PackageCache/com.unity.test-framework@bd7f943e9647/UnityEngine.TestRunner/NUnitExtensions/Runner/UnityLogCheckDelegatingCommand.cs:24)
UnityEngine.TestRunner.NUnitExtensions.Runner.UnityLogCheckDelegatingCommand:CaptureException (NUnit.Framework.Internal.TestResult,System.Action) (at ./Library/PackageCache/com.unity.test-framework@bd7f943e9647/UnityEngine.TestRunner/NUnitExtensions/Runner/UnityLogCheckDelegatingCommand.cs:72)
UnityEngine.TestRunner.NUnitExtensions.Runner.UnityLogCheckDelegatingCommand:ExecuteAndCheckLog (UnityEngine.TestTools.Logging.LogScope,NUnit.Framework.Internal.TestResult,System.Action) (at ./Library/PackageCache/com.unity.test-framework@bd7f943e9647/UnityEngine.TestRunner/NUnitExtensions/Runner/UnityLogCheckDelegatingCommand.cs:83)
UnityEngine.TestRunner.NUnitExtensions.Runner.UnityLogCheckDelegatingCommand:Execute (NUnit.Framework.Internal.ITestExecutionContext) (at ./Library/PackageCache/com.unity.test-framework@bd7f943e9647/UnityEngine.TestRunner/NUnitExtensions/Runner/UnityLogCheckDelegatingCommand.cs:24)
UnityEngine.TestRunner.NUnitExtensions.Runner.UnityLogCheckDelegatingCommand/<ExecuteEnumerable>d__3:MoveNext () (at ./Library/PackageCache/com.unity.test-framework@bd7f943e9647/UnityEngine.TestRunner/NUnitExtensions/Runner/UnityLogCheckDelegatingCommand.cs:35)
UnityEngine.TestTools.BeforeAfterTestCommandBase`1/<ExecuteEnumerable>d__16<NUnit.Framework.ITestAction>:MoveNext () (at ./Library/PackageCache/com.unity.test-framework@bd7f943e9647/UnityEngine.TestRunner/NUnitExtensions/Commands/BeforeAfterTestCommandBase.cs:212)
UnityEngine.TestTools.ImmediateEnumerableCommand:Execute (NUnit.Framework.Internal.ITestExecutionContext) (at ./Library/PackageCache/com.unity.test-framework@bd7f943e9647/UnityEngine.TestRunner/NUnitExtensions/Commands/ImmediateEnumerableCommand.cs:18)
UnityEngine.TestTools.BeforeAfterTestCommandBase`1/<ExecuteEnumerable>d__16<System.Reflection.MethodInfo>:MoveNext () (at ./Library/PackageCache/com.unity.test-framework@bd7f943e9647/UnityEngine.TestRunner/NUnitExtensions/Commands/BeforeAfterTestCommandBase.cs:219)
UnityEngine.TestTools.BeforeAfterTestCommandBase`1/<ExecuteEnumerable>d__16<System.Reflection.MethodInfo>:MoveNext () (at ./Library/PackageCache/com.unity.test-framework@bd7f943e9647/UnityEngine.TestRunner/NUnitExtensions/Commands/BeforeAfterTestCommandBase.cs:212)
UnityEngine.TestTools.BeforeAfterTestCommandBase`1/<ExecuteEnumerable>d__16<UnityEngine.TestTools.IOuterUnityTestAction>:MoveNext () (at ./Library/PackageCache/com.unity.test-framework@bd7f943e9647/UnityEngine.TestRunner/NUnitExtensions/Commands/BeforeAfterTestCommandBase.cs:212)
UnityEngine.TestTools.RetryCommand/<ExecuteEnumerable>d__2:MoveNext () (at ./Library/PackageCache/com.unity.test-framework@bd7f943e9647/UnityEngine.TestRunner/NUnitExtensions/Commands/RetryCommand.cs:37)
UnityEngine.TestTools.RepeatCommand/<ExecuteEnumerable>d__2:MoveNext () (at ./Library/PackageCache/com.unity.test-framework@bd7f943e9647/UnityEngine.TestRunner/NUnitExtensions/Commands/RepeatCommand.cs:36)
UnityEngine.TestTools.IgnoreTestCommand/<ExecuteEnumerable>d__3:MoveNext () (at ./Library/PackageCache/com.unity.test-framework@bd7f943e9647/UnityEngine.TestRunner/NUnitExtensions/Commands/IgnoreTestCommand.cs:42)
UnityEngine.TestTools.StrictCheckCommand/<ExecuteEnumerable>d__2:MoveNext () (at ./Library/PackageCache/com.unity.test-framework@bd7f943e9647/UnityEngine.TestRunner/NUnitExtensions/Commands/StrictCheckCommand.cs:29)
UnityEngine.TestRunner.NUnitExtensions.Runner.DefaultTestWorkItem/<PerformWork>d__2:MoveNext () (at ./Library/PackageCache/com.unity.test-framework@bd7f943e9647/UnityEngine.TestRunner/NUnitExtensions/Runner/DefaultTestWorkItem.cs:50)
UnityEngine.TestRunner.NUnitExtensions.Runner.CompositeWorkItem/<RunChildren>d__17:MoveNext () (at ./Library/PackageCache/com.unity.test-framework@bd7f943e9647/UnityEngine.TestRunner/NUnitExtensions/Runner/CompositeWorkItem.cs:207)
UnityEngine.TestRunner.NUnitExtensions.Runner.CompositeWorkItem/<PerformWork>d__13:MoveNext () (at ./Library/PackageCache/com.unity.test-framework@bd7f943e9647/UnityEngine.TestRunner/NUnitExtensions/Runner/CompositeWorkItem.cs:82)
UnityEngine.TestRunner.NUnitExtensions.Runner.CompositeWorkItem/<RunChildren>d__17:MoveNext () (at ./Library/PackageCache/com.unity.test-framework@bd7f943e9647/UnityEngine.TestRunner/NUnitExtensions/Runner/CompositeWorkItem.cs:207)
UnityEngine.TestRunner.NUnitExtensions.Runner.CompositeWorkItem/<PerformWork>d__13:MoveNext () (at ./Library/PackageCache/com.unity.test-framework@bd7f943e9647/UnityEngine.TestRunner/NUnitExtensions/Runner/CompositeWorkItem.cs:82)
UnityEngine.TestRunner.NUnitExtensions.Runner.CompositeWorkItem/<RunChildren>d__17:MoveNext () (at ./Library/PackageCache/com.unity.test-framework@bd7f943e9647/UnityEngine.TestRunner/NUnitExtensions/Runner/CompositeWorkItem.cs:207)
UnityEngine.TestRunner.NUnitExtensions.Runner.CompositeWorkItem/<PerformWork>d__13:MoveNext () (at ./Library/PackageCache/com.unity.test-framework@bd7f943e9647/UnityEngine.TestRunner/NUnitExtensions/Runner/CompositeWorkItem.cs:82)
UnityEngine.TestRunner.NUnitExtensions.Runner.CompositeWorkItem/<RunChildren>d__17:MoveNext () (at ./Library/PackageCache/com.unity.test-framework@bd7f943e9647/UnityEngine.TestRunner/NUnitExtensions/Runner/CompositeWorkItem.cs:207)
UnityEngine.TestRunner.NUnitExtensions.Runner.CompositeWorkItem/<PerformWork>d__13:MoveNext () (at ./Library/PackageCache/com.unity.test-framework@bd7f943e9647/UnityEngine.TestRunner/NUnitExtensions/Runner/CompositeWorkItem.cs:82)
UnityEngine.TestRunner.NUnitExtensions.Runner.CompositeWorkItem/<RunChildren>d__17:MoveNext () (at ./Library/PackageCache/com.unity.test-framework@bd7f943e9647/UnityEngine.TestRunner/NUnitExtensions/Runner/CompositeWorkItem.cs:207)
UnityEngine.TestRunner.NUnitExtensions.Runner.CompositeWorkItem/<PerformWork>d__13:MoveNext () (at ./Library/PackageCache/com.unity.test-framework@bd7f943e9647/UnityEngine.TestRunner/NUnitExtensions/Runner/CompositeWorkItem.cs:82)
UnityEngine.TestRunner.NUnitExtensions.Runner.CompositeWorkItem/<RunChildren>d__17:MoveNext () (at ./Library/PackageCache/com.unity.test-framework@bd7f943e9647/UnityEngine.TestRunner/NUnitExtensions/Runner/CompositeWorkItem.cs:207)
UnityEngine.TestRunner.NUnitExtensions.Runner.CompositeWorkItem/<PerformWork>d__13:MoveNext () (at ./Library/PackageCache/com.unity.test-framework@bd7f943e9647/UnityEngine.TestRunner/NUnitExtensions/Runner/CompositeWorkItem.cs:82)
UnityEngine.TestRunner.NUnitExtensions.Runner.CompositeWorkItem/<RunChildren>d__17:MoveNext () (at ./Library/PackageCache/com.unity.test-framework@bd7f943e9647/UnityEngine.TestRunner/NUnitExtensions/Runner/CompositeWorkItem.cs:207)
UnityEngine.TestRunner.NUnitExtensions.Runner.CompositeWorkItem/<PerformWork>d__13:MoveNext () (at ./Library/PackageCache/com.unity.test-framework@bd7f943e9647/UnityEngine.TestRunner/NUnitExtensions/Runner/CompositeWorkItem.cs:82)
UnityEngine.TestRunner.NUnitExtensions.Runner.CompositeWorkItem/<RunChildren>d__17:MoveNext () (at ./Library/PackageCache/com.unity.test-framework@bd7f943e9647/UnityEngine.TestRunner/NUnitExtensions/Runner/CompositeWorkItem.cs:207)
UnityEngine.TestRunner.NUnitExtensions.Runner.CompositeWorkItem/<PerformWork>d__13:MoveNext () (at ./Library/PackageCache/com.unity.test-framework@bd7f943e9647/UnityEngine.TestRunner/NUnitExtensions/Runner/CompositeWorkItem.cs:82)
UnityEditor.TestTools.TestRunner.EditModeRunner:MoveNextAndUpdateYieldObject () (at ./Library/PackageCache/com.unity.test-framework@bd7f943e9647/UnityEditor.TestRunner/TestRunner/EditModeRunner.cs:167)
UnityEditor.TestTools.TestRunner.EditModeRunner:TestConsumer (UnityEditor.TestTools.TestRunner.TestRunnerStateSerializer) (at ./Library/PackageCache/com.unity.test-framework@bd7f943e9647/UnityEditor.TestRunner/TestRunner/EditModeRunner.cs:200)
UnityEditor.TestTools.TestRunner.TestRun.Tasks.EditModeRunTask/<Execute>d__1:MoveNext () (at ./Library/PackageCache/com.unity.test-framework@bd7f943e9647/UnityEditor.TestRunner/TestRun/Tasks/EditModeRunTask.cs:48)
UnityEditor.TestTools.TestRunner.TestRun.TestJobRunner:ExecuteStep () (at ./Library/PackageCache/com.unity.test-framework@bd7f943e9647/UnityEditor.TestRunner/TestRun/TestJobRunner.cs:173)
UnityEditor.TestTools.TestRunner.TestRun.TestJobRunner:ExecuteCallback () (at ./Library/PackageCache/com.unity.test-framework@bd7f943e9647/UnityEditor.TestRunner/TestRun/TestJobRunner.cs:108)
UnityEditor.EditorApplication:Internal_CallUpdateFunctions () (at /Users/bokken/build/output/unity/unity/Editor/Mono/EditorApplication.cs:392)

(Filename: ./Packages/com.xrlab.chooguard.foundation/Multiplayer/Tests/Editor/WorldMotionAdapterTests.cs Line: 109)

World motion traversal 0.41 underground_connector -> forecourt_eurasia steps=243 seconds=0.6071509
UnityEngine.Debug:ExtractStackTraceNoAlloc (byte*,int,string)
UnityEngine.StackTraceUtility:ExtractStackTrace () (at /Users/bokken/build/output/unity/unity/Runtime/Export/Scripting/StackTrace.cs:35)
UnityEngine.DebugLogHandler:Internal_Log (UnityEngine.LogType,UnityEngine.LogOption,string,UnityEngine.Object)
UnityEngine.DebugLogHandler:LogFormat (UnityEngine.LogType,UnityEngine.Object,string,object[])
UnityEngine.Logger:Log (UnityEngine.LogType,object)
UnityEngine.Debug:Log (object)
ChooGuard.Foundation.Multiplayer.Tests.WorldMotionAdapterTests:BothProfilesTraverseAllThirteenRegionsAndAllTwentyFourPortalDirections (string,bool,double) (at ./Packages/com.xrlab.chooguard.foundation/Multiplayer/Tests/Editor/WorldMotionAdapterTests.cs:109)
System.Reflection.RuntimeMethodInfo:Invoke (object,System.Reflection.BindingFlags,System.Reflection.Binder,object[],System.Globalization.CultureInfo)
System.Reflection.MethodBase:Invoke (object,object[])
NUnit.Framework.Internal.Reflect:InvokeMethod (System.Reflection.MethodInfo,object,object[])
NUnit.Framework.Internal.MethodWrapper:Invoke (object,object[])
NUnit.Framework.Internal.Commands.TestMethodCommand:RunNonAsyncTestMethod (NUnit.Framework.Internal.ITestExecutionContext)
NUnit.Framework.Internal.Commands.TestMethodCommand:RunTestMethod (NUnit.Framework.Internal.ITestExecutionContext)
NUnit.Framework.Internal.Commands.TestMethodCommand:Execute (NUnit.Framework.Internal.ITestExecutionContext)
UnityEngine.TestTools.UnityTestMethodCommand:Execute (NUnit.Framework.Internal.ITestExecutionContext) (at ./Library/PackageCache/com.unity.test-framework@bd7f943e9647/UnityEngine.TestRunner/NUnitExtensions/Commands/UnityTestMethodCommand.cs:19)
UnityEngine.TestRunner.NUnitExtensions.Runner.UnityLogCheckDelegatingCommand/<>c__DisplayClass2_0:<Execute>b__0 () (at ./Library/PackageCache/com.unity.test-framework@bd7f943e9647/UnityEngine.TestRunner/NUnitExtensions/Runner/UnityLogCheckDelegatingCommand.cs:24)
UnityEngine.TestRunner.NUnitExtensions.Runner.UnityLogCheckDelegatingCommand:CaptureException (NUnit.Framework.Internal.TestResult,System.Action) (at ./Library/PackageCache/com.unity.test-framework@bd7f943e9647/UnityEngine.TestRunner/NUnitExtensions/Runner/UnityLogCheckDelegatingCommand.cs:72)
UnityEngine.TestRunner.NUnitExtensions.Runner.UnityLogCheckDelegatingCommand:ExecuteAndCheckLog (UnityEngine.TestTools.Logging.LogScope,NUnit.Framework.Internal.TestResult,System.Action) (at ./Library/PackageCache/com.unity.test-framework@bd7f943e9647/UnityEngine.TestRunner/NUnitExtensions/Runner/UnityLogCheckDelegatingCommand.cs:83)
UnityEngine.TestRunner.NUnitExtensions.Runner.UnityLogCheckDelegatingCommand:Execute (NUnit.Framework.Internal.ITestExecutionContext) (at ./Library/PackageCache/com.unity.test-framework@bd7f943e9647/UnityEngine.TestRunner/NUnitExtensions/Runner/UnityLogCheckDelegatingCommand.cs:24)
UnityEngine.TestRunner.NUnitExtensions.Runner.UnityLogCheckDelegatingCommand/<ExecuteEnumerable>d__3:MoveNext () (at ./Library/PackageCache/com.unity.test-framework@bd7f943e9647/UnityEngine.TestRunner/NUnitExtensions/Runner/UnityLogCheckDelegatingCommand.cs:35)
UnityEngine.TestTools.BeforeAfterTestCommandBase`1/<ExecuteEnumerable>d__16<NUnit.Framework.ITestAction>:MoveNext () (at ./Library/PackageCache/com.unity.test-framework@bd7f943e9647/UnityEngine.TestRunner/NUnitExtensions/Commands/BeforeAfterTestCommandBase.cs:212)
UnityEngine.TestTools.ImmediateEnumerableCommand:Execute (NUnit.Framework.Internal.ITestExecutionContext) (at ./Library/PackageCache/com.unity.test-framework@bd7f943e9647/UnityEngine.TestRunner/NUnitExtensions/Commands/ImmediateEnumerableCommand.cs:18)
UnityEngine.TestTools.BeforeAfterTestCommandBase`1/<ExecuteEnumerable>d__16<System.Reflection.MethodInfo>:MoveNext () (at ./Library/PackageCache/com.unity.test-framework@bd7f943e9647/UnityEngine.TestRunner/NUnitExtensions/Commands/BeforeAfterTestCommandBase.cs:219)
UnityEngine.TestTools.BeforeAfterTestCommandBase`1/<ExecuteEnumerable>d__16<System.Reflection.MethodInfo>:MoveNext () (at ./Library/PackageCache/com.unity.test-framework@bd7f943e9647/UnityEngine.TestRunner/NUnitExtensions/Commands/BeforeAfterTestCommandBase.cs:212)
UnityEngine.TestTools.BeforeAfterTestCommandBase`1/<ExecuteEnumerable>d__16<UnityEngine.TestTools.IOuterUnityTestAction>:MoveNext () (at ./Library/PackageCache/com.unity.test-framework@bd7f943e9647/UnityEngine.TestRunner/NUnitExtensions/Commands/BeforeAfterTestCommandBase.cs:212)
UnityEngine.TestTools.RetryCommand/<ExecuteEnumerable>d__2:MoveNext () (at ./Library/PackageCache/com.unity.test-framework@bd7f943e9647/UnityEngine.TestRunner/NUnitExtensions/Commands/RetryCommand.cs:37)
UnityEngine.TestTools.RepeatCommand/<ExecuteEnumerable>d__2:MoveNext () (at ./Library/PackageCache/com.unity.test-framework@bd7f943e9647/UnityEngine.TestRunner/NUnitExtensions/Commands/RepeatCommand.cs:36)
UnityEngine.TestTools.IgnoreTestCommand/<ExecuteEnumerable>d__3:MoveNext () (at ./Library/PackageCache/com.unity.test-framework@bd7f943e9647/UnityEngine.TestRunner/NUnitExtensions/Commands/IgnoreTestCommand.cs:42)
UnityEngine.TestTools.StrictCheckCommand/<ExecuteEnumerable>d__2:MoveNext () (at ./Library/PackageCache/com.unity.test-framework@bd7f943e9647/UnityEngine.TestRunner/NUnitExtensions/Commands/StrictCheckCommand.cs:29)
UnityEngine.TestRunner.NUnitExtensions.Runner.DefaultTestWorkItem/<PerformWork>d__2:MoveNext () (at ./Library/PackageCache/com.unity.test-framework@bd7f943e9647/UnityEngine.TestRunner/NUnitExtensions/Runner/DefaultTestWorkItem.cs:50)
UnityEngine.TestRunner.NUnitExtensions.Runner.CompositeWorkItem/<RunChildren>d__17:MoveNext () (at ./Library/PackageCache/com.unity.test-framework@bd7f943e9647/UnityEngine.TestRunner/NUnitExtensions/Runner/CompositeWorkItem.cs:207)
UnityEngine.TestRunner.NUnitExtensions.Runner.CompositeWorkItem/<PerformWork>d__13:MoveNext () (at ./Library/PackageCache/com.unity.test-framework@bd7f943e9647/UnityEngine.TestRunner/NUnitExtensions/Runner/CompositeWorkItem.cs:82)
UnityEngine.TestRunner.NUnitExtensions.Runner.CompositeWorkItem/<RunChildren>d__17:MoveNext () (at ./Library/PackageCache/com.unity.test-framework@bd7f943e9647/UnityEngine.TestRunner/NUnitExtensions/Runner/CompositeWorkItem.cs:207)
UnityEngine.TestRunner.NUnitExtensions.Runner.CompositeWorkItem/<PerformWork>d__13:MoveNext () (at ./Library/PackageCache/com.unity.test-framework@bd7f943e9647/UnityEngine.TestRunner/NUnitExtensions/Runner/CompositeWorkItem.cs:82)
UnityEngine.TestRunner.NUnitExtensions.Runner.CompositeWorkItem/<RunChildren>d__17:MoveNext () (at ./Library/PackageCache/com.unity.test-framework@bd7f943e9647/UnityEngine.TestRunner/NUnitExtensions/Runner/CompositeWorkItem.cs:207)
UnityEngine.TestRunner.NUnitExtensions.Runner.CompositeWorkItem/<PerformWork>d__13:MoveNext () (at ./Library/PackageCache/com.unity.test-framework@bd7f943e9647/UnityEngine.TestRunner/NUnitExtensions/Runner/CompositeWorkItem.cs:82)
UnityEngine.TestRunner.NUnitExtensions.Runner.CompositeWorkItem/<RunChildren>d__17:MoveNext () (at ./Library/PackageCache/com.unity.test-framework@bd7f943e9647/UnityEngine.TestRunner/NUnitExtensions/Runner/CompositeWorkItem.cs:207)
UnityEngine.TestRunner.NUnitExtensions.Runner.CompositeWorkItem/<PerformWork>d__13:MoveNext () (at ./Library/PackageCache/com.unity.test-framework@bd7f943e9647/UnityEngine.TestRunner/NUnitExtensions/Runner/CompositeWorkItem.cs:82)
UnityEngine.TestRunner.NUnitExtensions.Runner.CompositeWorkItem/<RunChildren>d__17:MoveNext () (at ./Library/PackageCache/com.unity.test-framework@bd7f943e9647/UnityEngine.TestRunner/NUnitExtensions/Runner/CompositeWorkItem.cs:207)
UnityEngine.TestRunner.NUnitExtensions.Runner.CompositeWorkItem/<PerformWork>d__13:MoveNext () (at ./Library/PackageCache/com.unity.test-framework@bd7f943e9647/UnityEngine.TestRunner/NUnitExtensions/Runner/CompositeWorkItem.cs:82)
UnityEngine.TestRunner.NUnitExtensions.Runner.CompositeWorkItem/<RunChildren>d__17:MoveNext () (at ./Library/PackageCache/com.unity.test-framework@bd7f943e9647/UnityEngine.TestRunner/NUnitExtensions/Runner/CompositeWorkItem.cs:207)
UnityEngine.TestRunner.NUnitExtensions.Runner.CompositeWorkItem/<PerformWork>d__13:MoveNext () (at ./Library/PackageCache/com.unity.test-framework@bd7f943e9647/UnityEngine.TestRunner/NUnitExtensions/Runner/CompositeWorkItem.cs:82)
UnityEngine.TestRunner.NUnitExtensions.Runner.CompositeWorkItem/<RunChildren>d__17:MoveNext () (at ./Library/PackageCache/com.unity.test-framework@bd7f943e9647/UnityEngine.TestRunner/NUnitExtensions/Runner/CompositeWorkItem.cs:207)
UnityEngine.TestRunner.NUnitExtensions.Runner.CompositeWorkItem/<PerformWork>d__13:MoveNext () (at ./Library/PackageCache/com.unity.test-framework@bd7f943e9647/UnityEngine.TestRunner/NUnitExtensions/Runner/CompositeWorkItem.cs:82)
UnityEngine.TestRunner.NUnitExtensions.Runner.CompositeWorkItem/<RunChildren>d__17:MoveNext () (at ./Library/PackageCache/com.unity.test-framework@bd7f943e9647/UnityEngine.TestRunner/NUnitExtensions/Runner/CompositeWorkItem.cs:207)
UnityEngine.TestRunner.NUnitExtensions.Runner.CompositeWorkItem/<PerformWork>d__13:MoveNext () (at ./Library/PackageCache/com.unity.test-framework@bd7f943e9647/UnityEngine.TestRunner/NUnitExtensions/Runner/CompositeWorkItem.cs:82)
UnityEditor.TestTools.TestRunner.EditModeRunner:MoveNextAndUpdateYieldObject () (at ./Library/PackageCache/com.unity.test-framework@bd7f943e9647/UnityEditor.TestRunner/TestRunner/EditModeRunner.cs:167)
UnityEditor.TestTools.TestRunner.EditModeRunner:TestConsumer (UnityEditor.TestTools.TestRunner.TestRunnerStateSerializer) (at ./Library/PackageCache/com.unity.test-framework@bd7f943e9647/UnityEditor.TestRunner/TestRunner/EditModeRunner.cs:200)
UnityEditor.TestTools.TestRunner.TestRun.Tasks.EditModeRunTask/<Execute>d__1:MoveNext () (at ./Library/PackageCache/com.unity.test-framework@bd7f943e9647/UnityEditor.TestRunner/TestRun/Tasks/EditModeRunTask.cs:48)
UnityEditor.TestTools.TestRunner.TestRun.TestJobRunner:ExecuteStep () (at ./Library/PackageCache/com.unity.test-framework@bd7f943e9647/UnityEditor.TestRunner/TestRun/TestJobRunner.cs:173)
UnityEditor.TestTools.TestRunner.TestRun.TestJobRunner:ExecuteCallback () (at ./Library/PackageCache/com.unity.test-framework@bd7f943e9647/UnityEditor.TestRunner/TestRun/TestJobRunner.cs:108)
UnityEditor.EditorApplication:Internal_CallUpdateFunctions () (at /Users/bokken/build/output/unity/unity/Editor/Mono/EditorApplication.cs:392)

(Filename: ./Packages/com.xrlab.chooguard.foundation/Multiplayer/Tests/Editor/WorldMotionAdapterTests.cs Line: 109)

World motion traversal 0.41 underground_connector -> underground_shopping_passage steps=535 seconds=0.8599751
UnityEngine.Debug:ExtractStackTraceNoAlloc (byte*,int,string)
UnityEngine.StackTraceUtility:ExtractStackTrace () (at /Users/bokken/build/output/unity/unity/Runtime/Export/Scripting/StackTrace.cs:35)
UnityEngine.DebugLogHandler:Internal_Log (UnityEngine.LogType,UnityEngine.LogOption,string,UnityEngine.Object)
UnityEngine.DebugLogHandler:LogFormat (UnityEngine.LogType,UnityEngine.Object,string,object[])
UnityEngine.Logger:Log (UnityEngine.LogType,object)
UnityEngine.Debug:Log (object)
ChooGuard.Foundation.Multiplayer.Tests.WorldMotionAdapterTests:BothProfilesTraverseAllThirteenRegionsAndAllTwentyFourPortalDirections (string,bool,double) (at ./Packages/com.xrlab.chooguard.foundation/Multiplayer/Tests/Editor/WorldMotionAdapterTests.cs:109)
System.Reflection.RuntimeMethodInfo:Invoke (object,System.Reflection.BindingFlags,System.Reflection.Binder,object[],System.Globalization.CultureInfo)
System.Reflection.MethodBase:Invoke (object,object[])
NUnit.Framework.Internal.Reflect:InvokeMethod (System.Reflection.MethodInfo,object,object[])
NUnit.Framework.Internal.MethodWrapper:Invoke (object,object[])
NUnit.Framework.Internal.Commands.TestMethodCommand:RunNonAsyncTestMethod (NUnit.Framework.Internal.ITestExecutionContext)
NUnit.Framework.Internal.Commands.TestMethodCommand:RunTestMethod (NUnit.Framework.Internal.ITestExecutionContext)
NUnit.Framework.Internal.Commands.TestMethodCommand:Execute (NUnit.Framework.Internal.ITestExecutionContext)
UnityEngine.TestTools.UnityTestMethodCommand:Execute (NUnit.Framework.Internal.ITestExecutionContext) (at ./Library/PackageCache/com.unity.test-framework@bd7f943e9647/UnityEngine.TestRunner/NUnitExtensions/Commands/UnityTestMethodCommand.cs:19)
UnityEngine.TestRunner.NUnitExtensions.Runner.UnityLogCheckDelegatingCommand/<>c__DisplayClass2_0:<Execute>b__0 () (at ./Library/PackageCache/com.unity.test-framework@bd7f943e9647/UnityEngine.TestRunner/NUnitExtensions/Runner/UnityLogCheckDelegatingCommand.cs:24)
UnityEngine.TestRunner.NUnitExtensions.Runner.UnityLogCheckDelegatingCommand:CaptureException (NUnit.Framework.Internal.TestResult,System.Action) (at ./Library/PackageCache/com.unity.test-framework@bd7f943e9647/UnityEngine.TestRunner/NUnitExtensions/Runner/UnityLogCheckDelegatingCommand.cs:72)
UnityEngine.TestRunner.NUnitExtensions.Runner.UnityLogCheckDelegatingCommand:ExecuteAndCheckLog (UnityEngine.TestTools.Logging.LogScope,NUnit.Framework.Internal.TestResult,System.Action) (at ./Library/PackageCache/com.unity.test-framework@bd7f943e9647/UnityEngine.TestRunner/NUnitExtensions/Runner/UnityLogCheckDelegatingCommand.cs:83)
UnityEngine.TestRunner.NUnitExtensions.Runner.UnityLogCheckDelegatingCommand:Execute (NUnit.Framework.Internal.ITestExecutionContext) (at ./Library/PackageCache/com.unity.test-framework@bd7f943e9647/UnityEngine.TestRunner/NUnitExtensions/Runner/UnityLogCheckDelegatingCommand.cs:24)
UnityEngine.TestRunner.NUnitExtensions.Runner.UnityLogCheckDelegatingCommand/<ExecuteEnumerable>d__3:MoveNext () (at ./Library/PackageCache/com.unity.test-framework@bd7f943e9647/UnityEngine.TestRunner/NUnitExtensions/Runner/UnityLogCheckDelegatingCommand.cs:35)
UnityEngine.TestTools.BeforeAfterTestCommandBase`1/<ExecuteEnumerable>d__16<NUnit.Framework.ITestAction>:MoveNext () (at ./Library/PackageCache/com.unity.test-framework@bd7f943e9647/UnityEngine.TestRunner/NUnitExtensions/Commands/BeforeAfterTestCommandBase.cs:212)
UnityEngine.TestTools.ImmediateEnumerableCommand:Execute (NUnit.Framework.Internal.ITestExecutionContext) (at ./Library/PackageCache/com.unity.test-framework@bd7f943e9647/UnityEngine.TestRunner/NUnitExtensions/Commands/ImmediateEnumerableCommand.cs:18)
UnityEngine.TestTools.BeforeAfterTestCommandBase`1/<ExecuteEnumerable>d__16<System.Reflection.MethodInfo>:MoveNext () (at ./Library/PackageCache/com.unity.test-framework@bd7f943e9647/UnityEngine.TestRunner/NUnitExtensions/Commands/BeforeAfterTestCommandBase.cs:219)
UnityEngine.TestTools.BeforeAfterTestCommandBase`1/<ExecuteEnumerable>d__16<System.Reflection.MethodInfo>:MoveNext () (at ./Library/PackageCache/com.unity.test-framework@bd7f943e9647/UnityEngine.TestRunner/NUnitExtensions/Commands/BeforeAfterTestCommandBase.cs:212)
UnityEngine.TestTools.BeforeAfterTestCommandBase`1/<ExecuteEnumerable>d__16<UnityEngine.TestTools.IOuterUnityTestAction>:MoveNext () (at ./Library/PackageCache/com.unity.test-framework@bd7f943e9647/UnityEngine.TestRunner/NUnitExtensions/Commands/BeforeAfterTestCommandBase.cs:212)
UnityEngine.TestTools.RetryCommand/<ExecuteEnumerable>d__2:MoveNext () (at ./Library/PackageCache/com.unity.test-framework@bd7f943e9647/UnityEngine.TestRunner/NUnitExtensions/Commands/RetryCommand.cs:37)
UnityEngine.TestTools.RepeatCommand/<ExecuteEnumerable>d__2:MoveNext () (at ./Library/PackageCache/com.unity.test-framework@bd7f943e9647/UnityEngine.TestRunner/NUnitExtensions/Commands/RepeatCommand.cs:36)
UnityEngine.TestTools.IgnoreTestCommand/<ExecuteEnumerable>d__3:MoveNext () (at ./Library/PackageCache/com.unity.test-framework@bd7f943e9647/UnityEngine.TestRunner/NUnitExtensions/Commands/IgnoreTestCommand.cs:42)
UnityEngine.TestTools.StrictCheckCommand/<ExecuteEnumerable>d__2:MoveNext () (at ./Library/PackageCache/com.unity.test-framework@bd7f943e9647/UnityEngine.TestRunner/NUnitExtensions/Commands/StrictCheckCommand.cs:29)
UnityEngine.TestRunner.NUnitExtensions.Runner.DefaultTestWorkItem/<PerformWork>d__2:MoveNext () (at ./Library/PackageCache/com.unity.test-framework@bd7f943e9647/UnityEngine.TestRunner/NUnitExtensions/Runner/DefaultTestWorkItem.cs:50)
UnityEngine.TestRunner.NUnitExtensions.Runner.CompositeWorkItem/<RunChildren>d__17:MoveNext () (at ./Library/PackageCache/com.unity.test-framework@bd7f943e9647/UnityEngine.TestRunner/NUnitExtensions/Runner/CompositeWorkItem.cs:207)
UnityEngine.TestRunner.NUnitExtensions.Runner.CompositeWorkItem/<PerformWork>d__13:MoveNext () (at ./Library/PackageCache/com.unity.test-framework@bd7f943e9647/UnityEngine.TestRunner/NUnitExtensions/Runner/CompositeWorkItem.cs:82)
UnityEngine.TestRunner.NUnitExtensions.Runner.CompositeWorkItem/<RunChildren>d__17:MoveNext () (at ./Library/PackageCache/com.unity.test-framework@bd7f943e9647/UnityEngine.TestRunner/NUnitExtensions/Runner/CompositeWorkItem.cs:207)
UnityEngine.TestRunner.NUnitExtensions.Runner.CompositeWorkItem/<PerformWork>d__13:MoveNext () (at ./Library/PackageCache/com.unity.test-framework@bd7f943e9647/UnityEngine.TestRunner/NUnitExtensions/Runner/CompositeWorkItem.cs:82)
UnityEngine.TestRunner.NUnitExtensions.Runner.CompositeWorkItem/<RunChildren>d__17:MoveNext () (at ./Library/PackageCache/com.unity.test-framework@bd7f943e9647/UnityEngine.TestRunner/NUnitExtensions/Runner/CompositeWorkItem.cs:207)
UnityEngine.TestRunner.NUnitExtensions.Runner.CompositeWorkItem/<PerformWork>d__13:MoveNext () (at ./Library/PackageCache/com.unity.test-framework@bd7f943e9647/UnityEngine.TestRunner/NUnitExtensions/Runner/CompositeWorkItem.cs:82)
UnityEngine.TestRunner.NUnitExtensions.Runner.CompositeWorkItem/<RunChildren>d__17:MoveNext () (at ./Library/PackageCache/com.unity.test-framework@bd7f943e9647/UnityEngine.TestRunner/NUnitExtensions/Runner/CompositeWorkItem.cs:207)
UnityEngine.TestRunner.NUnitExtensions.Runner.CompositeWorkItem/<PerformWork>d__13:MoveNext () (at ./Library/PackageCache/com.unity.test-framework@bd7f943e9647/UnityEngine.TestRunner/NUnitExtensions/Runner/CompositeWorkItem.cs:82)
UnityEngine.TestRunner.NUnitExtensions.Runner.CompositeWorkItem/<RunChildren>d__17:MoveNext () (at ./Library/PackageCache/com.unity.test-framework@bd7f943e9647/UnityEngine.TestRunner/NUnitExtensions/Runner/CompositeWorkItem.cs:207)
UnityEngine.TestRunner.NUnitExtensions.Runner.CompositeWorkItem/<PerformWork>d__13:MoveNext () (at ./Library/PackageCache/com.unity.test-framework@bd7f943e9647/UnityEngine.TestRunner/NUnitExtensions/Runner/CompositeWorkItem.cs:82)
UnityEngine.TestRunner.NUnitExtensions.Runner.CompositeWorkItem/<RunChildren>d__17:MoveNext () (at ./Library/PackageCache/com.unity.test-framework@bd7f943e9647/UnityEngine.TestRunner/NUnitExtensions/Runner/CompositeWorkItem.cs:207)
UnityEngine.TestRunner.NUnitExtensions.Runner.CompositeWorkItem/<PerformWork>d__13:MoveNext () (at ./Library/PackageCache/com.unity.test-framework@bd7f943e9647/UnityEngine.TestRunner/NUnitExtensions/Runner/CompositeWorkItem.cs:82)
UnityEngine.TestRunner.NUnitExtensions.Runner.CompositeWorkItem/<RunChildren>d__17:MoveNext () (at ./Library/PackageCache/com.unity.test-framework@bd7f943e9647/UnityEngine.TestRunner/NUnitExtensions/Runner/CompositeWorkItem.cs:207)
UnityEngine.TestRunner.NUnitExtensions.Runner.CompositeWorkItem/<PerformWork>d__13:MoveNext () (at ./Library/PackageCache/com.unity.test-framework@bd7f943e9647/UnityEngine.TestRunner/NUnitExtensions/Runner/CompositeWorkItem.cs:82)
UnityEngine.TestRunner.NUnitExtensions.Runner.CompositeWorkItem/<RunChildren>d__17:MoveNext () (at ./Library/PackageCache/com.unity.test-framework@bd7f943e9647/UnityEngine.TestRunner/NUnitExtensions/Runner/CompositeWorkItem.cs:207)
UnityEngine.TestRunner.NUnitExtensions.Runner.CompositeWorkItem/<PerformWork>d__13:MoveNext () (at ./Library/PackageCache/com.unity.test-framework@bd7f943e9647/UnityEngine.TestRunner/NUnitExtensions/Runner/CompositeWorkItem.cs:82)
UnityEditor.TestTools.TestRunner.EditModeRunner:MoveNextAndUpdateYieldObject () (at ./Library/PackageCache/com.unity.test-framework@bd7f943e9647/UnityEditor.TestRunner/TestRunner/EditModeRunner.cs:167)
UnityEditor.TestTools.TestRunner.EditModeRunner:TestConsumer (UnityEditor.TestTools.TestRunner.TestRunnerStateSerializer) (at ./Library/PackageCache/com.unity.test-framework@bd7f943e9647/UnityEditor.TestRunner/TestRunner/EditModeRunner.cs:200)
UnityEditor.TestTools.TestRunner.TestRun.Tasks.EditModeRunTask/<Execute>d__1:MoveNext () (at ./Library/PackageCache/com.unity.test-framework@bd7f943e9647/UnityEditor.TestRunner/TestRun/Tasks/EditModeRunTask.cs:48)
UnityEditor.TestTools.TestRunner.TestRun.TestJobRunner:ExecuteStep () (at ./Library/PackageCache/com.unity.test-framework@bd7f943e9647/UnityEditor.TestRunner/TestRun/TestJobRunner.cs:173)
UnityEditor.TestTools.TestRunner.TestRun.TestJobRunner:ExecuteCallback () (at ./Library/PackageCache/com.unity.test-framework@bd7f943e9647/UnityEditor.TestRunner/TestRun/TestJobRunner.cs:108)
UnityEditor.EditorApplication:Internal_CallUpdateFunctions () (at /Users/bokken/build/output/unity/unity/Editor/Mono/EditorApplication.cs:392)

(Filename: ./Packages/com.xrlab.chooguard.foundation/Multiplayer/Tests/Editor/WorldMotionAdapterTests.cs Line: 109)

World motion traversal 0.41 underground_shopping_passage -> underground_connector steps=536 seconds=0.8530198
UnityEngine.Debug:ExtractStackTraceNoAlloc (byte*,int,string)
UnityEngine.StackTraceUtility:ExtractStackTrace () (at /Users/bokken/build/output/unity/unity/Runtime/Export/Scripting/StackTrace.cs:35)
UnityEngine.DebugLogHandler:Internal_Log (UnityEngine.LogType,UnityEngine.LogOption,string,UnityEngine.Object)
UnityEngine.DebugLogHandler:LogFormat (UnityEngine.LogType,UnityEngine.Object,string,object[])
UnityEngine.Logger:Log (UnityEngine.LogType,object)
UnityEngine.Debug:Log (object)
ChooGuard.Foundation.Multiplayer.Tests.WorldMotionAdapterTests:BothProfilesTraverseAllThirteenRegionsAndAllTwentyFourPortalDirections (string,bool,double) (at ./Packages/com.xrlab.chooguard.foundation/Multiplayer/Tests/Editor/WorldMotionAdapterTests.cs:109)
System.Reflection.RuntimeMethodInfo:Invoke (object,System.Reflection.BindingFlags,System.Reflection.Binder,object[],System.Globalization.CultureInfo)
System.Reflection.MethodBase:Invoke (object,object[])
NUnit.Framework.Internal.Reflect:InvokeMethod (System.Reflection.MethodInfo,object,object[])
NUnit.Framework.Internal.MethodWrapper:Invoke (object,object[])
NUnit.Framework.Internal.Commands.TestMethodCommand:RunNonAsyncTestMethod (NUnit.Framework.Internal.ITestExecutionContext)
NUnit.Framework.Internal.Commands.TestMethodCommand:RunTestMethod (NUnit.Framework.Internal.ITestExecutionContext)
NUnit.Framework.Internal.Commands.TestMethodCommand:Execute (NUnit.Framework.Internal.ITestExecutionContext)
UnityEngine.TestTools.UnityTestMethodCommand:Execute (NUnit.Framework.Internal.ITestExecutionContext) (at ./Library/PackageCache/com.unity.test-framework@bd7f943e9647/UnityEngine.TestRunner/NUnitExtensions/Commands/UnityTestMethodCommand.cs:19)
UnityEngine.TestRunner.NUnitExtensions.Runner.UnityLogCheckDelegatingCommand/<>c__DisplayClass2_0:<Execute>b__0 () (at ./Library/PackageCache/com.unity.test-framework@bd7f943e9647/UnityEngine.TestRunner/NUnitExtensions/Runner/UnityLogCheckDelegatingCommand.cs:24)
UnityEngine.TestRunner.NUnitExtensions.Runner.UnityLogCheckDelegatingCommand:CaptureException (NUnit.Framework.Internal.TestResult,System.Action) (at ./Library/PackageCache/com.unity.test-framework@bd7f943e9647/UnityEngine.TestRunner/NUnitExtensions/Runner/UnityLogCheckDelegatingCommand.cs:72)
UnityEngine.TestRunner.NUnitExtensions.Runner.UnityLogCheckDelegatingCommand:ExecuteAndCheckLog (UnityEngine.TestTools.Logging.LogScope,NUnit.Framework.Internal.TestResult,System.Action) (at ./Library/PackageCache/com.unity.test-framework@bd7f943e9647/UnityEngine.TestRunner/NUnitExtensions/Runner/UnityLogCheckDelegatingCommand.cs:83)
UnityEngine.TestRunner.NUnitExtensions.Runner.UnityLogCheckDelegatingCommand:Execute (NUnit.Framework.Internal.ITestExecutionContext) (at ./Library/PackageCache/com.unity.test-framework@bd7f943e9647/UnityEngine.TestRunner/NUnitExtensions/Runner/UnityLogCheckDelegatingCommand.cs:24)
UnityEngine.TestRunner.NUnitExtensions.Runner.UnityLogCheckDelegatingCommand/<ExecuteEnumerable>d__3:MoveNext () (at ./Library/PackageCache/com.unity.test-framework@bd7f943e9647/UnityEngine.TestRunner/NUnitExtensions/Runner/UnityLogCheckDelegatingCommand.cs:35)
UnityEngine.TestTools.BeforeAfterTestCommandBase`1/<ExecuteEnumerable>d__16<NUnit.Framework.ITestAction>:MoveNext () (at ./Library/PackageCache/com.unity.test-framework@bd7f943e9647/UnityEngine.TestRunner/NUnitExtensions/Commands/BeforeAfterTestCommandBase.cs:212)
UnityEngine.TestTools.ImmediateEnumerableCommand:Execute (NUnit.Framework.Internal.ITestExecutionContext) (at ./Library/PackageCache/com.unity.test-framework@bd7f943e9647/UnityEngine.TestRunner/NUnitExtensions/Commands/ImmediateEnumerableCommand.cs:18)
UnityEngine.TestTools.BeforeAfterTestCommandBase`1/<ExecuteEnumerable>d__16<System.Reflection.MethodInfo>:MoveNext () (at ./Library/PackageCache/com.unity.test-framework@bd7f943e9647/UnityEngine.TestRunner/NUnitExtensions/Commands/BeforeAfterTestCommandBase.cs:219)
UnityEngine.TestTools.BeforeAfterTestCommandBase`1/<ExecuteEnumerable>d__16<System.Reflection.MethodInfo>:MoveNext () (at ./Library/PackageCache/com.unity.test-framework@bd7f943e9647/UnityEngine.TestRunner/NUnitExtensions/Commands/BeforeAfterTestCommandBase.cs:212)
UnityEngine.TestTools.BeforeAfterTestCommandBase`1/<ExecuteEnumerable>d__16<UnityEngine.TestTools.IOuterUnityTestAction>:MoveNext () (at ./Library/PackageCache/com.unity.test-framework@bd7f943e9647/UnityEngine.TestRunner/NUnitExtensions/Commands/BeforeAfterTestCommandBase.cs:212)
UnityEngine.TestTools.RetryCommand/<ExecuteEnumerable>d__2:MoveNext () (at ./Library/PackageCache/com.unity.test-framework@bd7f943e9647/UnityEngine.TestRunner/NUnitExtensions/Commands/RetryCommand.cs:37)
UnityEngine.TestTools.RepeatCommand/<ExecuteEnumerable>d__2:MoveNext () (at ./Library/PackageCache/com.unity.test-framework@bd7f943e9647/UnityEngine.TestRunner/NUnitExtensions/Commands/RepeatCommand.cs:36)
UnityEngine.TestTools.IgnoreTestCommand/<ExecuteEnumerable>d__3:MoveNext () (at ./Library/PackageCache/com.unity.test-framework@bd7f943e9647/UnityEngine.TestRunner/NUnitExtensions/Commands/IgnoreTestCommand.cs:42)
UnityEngine.TestTools.StrictCheckCommand/<ExecuteEnumerable>d__2:MoveNext () (at ./Library/PackageCache/com.unity.test-framework@bd7f943e9647/UnityEngine.TestRunner/NUnitExtensions/Commands/StrictCheckCommand.cs:29)
UnityEngine.TestRunner.NUnitExtensions.Runner.DefaultTestWorkItem/<PerformWork>d__2:MoveNext () (at ./Library/PackageCache/com.unity.test-framework@bd7f943e9647/UnityEngine.TestRunner/NUnitExtensions/Runner/DefaultTestWorkItem.cs:50)
UnityEngine.TestRunner.NUnitExtensions.Runner.CompositeWorkItem/<RunChildren>d__17:MoveNext () (at ./Library/PackageCache/com.unity.test-framework@bd7f943e9647/UnityEngine.TestRunner/NUnitExtensions/Runner/CompositeWorkItem.cs:207)
UnityEngine.TestRunner.NUnitExtensions.Runner.CompositeWorkItem/<PerformWork>d__13:MoveNext () (at ./Library/PackageCache/com.unity.test-framework@bd7f943e9647/UnityEngine.TestRunner/NUnitExtensions/Runner/CompositeWorkItem.cs:82)
UnityEngine.TestRunner.NUnitExtensions.Runner.CompositeWorkItem/<RunChildren>d__17:MoveNext () (at ./Library/PackageCache/com.unity.test-framework@bd7f943e9647/UnityEngine.TestRunner/NUnitExtensions/Runner/CompositeWorkItem.cs:207)
UnityEngine.TestRunner.NUnitExtensions.Runner.CompositeWorkItem/<PerformWork>d__13:MoveNext () (at ./Library/PackageCache/com.unity.test-framework@bd7f943e9647/UnityEngine.TestRunner/NUnitExtensions/Runner/CompositeWorkItem.cs:82)
UnityEngine.TestRunner.NUnitExtensions.Runner.CompositeWorkItem/<RunChildren>d__17:MoveNext () (at ./Library/PackageCache/com.unity.test-framework@bd7f943e9647/UnityEngine.TestRunner/NUnitExtensions/Runner/CompositeWorkItem.cs:207)
UnityEngine.TestRunner.NUnitExtensions.Runner.CompositeWorkItem/<PerformWork>d__13:MoveNext () (at ./Library/PackageCache/com.unity.test-framework@bd7f943e9647/UnityEngine.TestRunner/NUnitExtensions/Runner/CompositeWorkItem.cs:82)
UnityEngine.TestRunner.NUnitExtensions.Runner.CompositeWorkItem/<RunChildren>d__17:MoveNext () (at ./Library/PackageCache/com.unity.test-framework@bd7f943e9647/UnityEngine.TestRunner/NUnitExtensions/Runner/CompositeWorkItem.cs:207)
UnityEngine.TestRunner.NUnitExtensions.Runner.CompositeWorkItem/<PerformWork>d__13:MoveNext () (at ./Library/PackageCache/com.unity.test-framework@bd7f943e9647/UnityEngine.TestRunner/NUnitExtensions/Runner/CompositeWorkItem.cs:82)
UnityEngine.TestRunner.NUnitExtensions.Runner.CompositeWorkItem/<RunChildren>d__17:MoveNext () (at ./Library/PackageCache/com.unity.test-framework@bd7f943e9647/UnityEngine.TestRunner/NUnitExtensions/Runner/CompositeWorkItem.cs:207)
UnityEngine.TestRunner.NUnitExtensions.Runner.CompositeWorkItem/<PerformWork>d__13:MoveNext () (at ./Library/PackageCache/com.unity.test-framework@bd7f943e9647/UnityEngine.TestRunner/NUnitExtensions/Runner/CompositeWorkItem.cs:82)
UnityEngine.TestRunner.NUnitExtensions.Runner.CompositeWorkItem/<RunChildren>d__17:MoveNext () (at ./Library/PackageCache/com.unity.test-framework@bd7f943e9647/UnityEngine.TestRunner/NUnitExtensions/Runner/CompositeWorkItem.cs:207)
UnityEngine.TestRunner.NUnitExtensions.Runner.CompositeWorkItem/<PerformWork>d__13:MoveNext () (at ./Library/PackageCache/com.unity.test-framework@bd7f943e9647/UnityEngine.TestRunner/NUnitExtensions/Runner/CompositeWorkItem.cs:82)
UnityEngine.TestRunner.NUnitExtensions.Runner.CompositeWorkItem/<RunChildren>d__17:MoveNext () (at ./Library/PackageCache/com.unity.test-framework@bd7f943e9647/UnityEngine.TestRunner/NUnitExtensions/Runner/CompositeWorkItem.cs:207)
UnityEngine.TestRunner.NUnitExtensions.Runner.CompositeWorkItem/<PerformWork>d__13:MoveNext () (at ./Library/PackageCache/com.unity.test-framework@bd7f943e9647/UnityEngine.TestRunner/NUnitExtensions/Runner/CompositeWorkItem.cs:82)
UnityEngine.TestRunner.NUnitExtensions.Runner.CompositeWorkItem/<RunChildren>d__17:MoveNext () (at ./Library/PackageCache/com.unity.test-framework@bd7f943e9647/UnityEngine.TestRunner/NUnitExtensions/Runner/CompositeWorkItem.cs:207)
UnityEngine.TestRunner.NUnitExtensions.Runner.CompositeWorkItem/<PerformWork>d__13:MoveNext () (at ./Library/PackageCache/com.unity.test-framework@bd7f943e9647/UnityEngine.TestRunner/NUnitExtensions/Runner/CompositeWorkItem.cs:82)
UnityEditor.TestTools.TestRunner.EditModeRunner:MoveNextAndUpdateYieldObject () (at ./Library/PackageCache/com.unity.test-framework@bd7f943e9647/UnityEditor.TestRunner/TestRunner/EditModeRunner.cs:167)
UnityEditor.TestTools.TestRunner.EditModeRunner:TestConsumer (UnityEditor.TestTools.TestRunner.TestRunnerStateSerializer) (at ./Library/PackageCache/com.unity.test-framework@bd7f943e9647/UnityEditor.TestRunner/TestRunner/EditModeRunner.cs:200)
UnityEditor.TestTools.TestRunner.TestRun.Tasks.EditModeRunTask/<Execute>d__1:MoveNext () (at ./Library/PackageCache/com.unity.test-framework@bd7f943e9647/UnityEditor.TestRunner/TestRun/Tasks/EditModeRunTask.cs:48)
UnityEditor.TestTools.TestRunner.TestRun.TestJobRunner:ExecuteStep () (at ./Library/PackageCache/com.unity.test-framework@bd7f943e9647/UnityEditor.TestRunner/TestRun/TestJobRunner.cs:173)
UnityEditor.TestTools.TestRunner.TestRun.TestJobRunner:ExecuteCallback () (at ./Library/PackageCache/com.unity.test-framework@bd7f943e9647/UnityEditor.TestRunner/TestRun/TestJobRunner.cs:108)
UnityEditor.EditorApplication:Internal_CallUpdateFunctions () (at /Users/bokken/build/output/unity/unity/Editor/Mono/EditorApplication.cs:392)

(Filename: ./Packages/com.xrlab.chooguard.foundation/Multiplayer/Tests/Editor/WorldMotionAdapterTests.cs Line: 109)

World motion traversal 0.41 underground_shopping_passage -> metro_concourse steps=293 seconds=0.4902981
UnityEngine.Debug:ExtractStackTraceNoAlloc (byte*,int,string)
UnityEngine.StackTraceUtility:ExtractStackTrace () (at /Users/bokken/build/output/unity/unity/Runtime/Export/Scripting/StackTrace.cs:35)
UnityEngine.DebugLogHandler:Internal_Log (UnityEngine.LogType,UnityEngine.LogOption,string,UnityEngine.Object)
UnityEngine.DebugLogHandler:LogFormat (UnityEngine.LogType,UnityEngine.Object,string,object[])
UnityEngine.Logger:Log (UnityEngine.LogType,object)
UnityEngine.Debug:Log (object)
ChooGuard.Foundation.Multiplayer.Tests.WorldMotionAdapterTests:BothProfilesTraverseAllThirteenRegionsAndAllTwentyFourPortalDirections (string,bool,double) (at ./Packages/com.xrlab.chooguard.foundation/Multiplayer/Tests/Editor/WorldMotionAdapterTests.cs:109)
System.Reflection.RuntimeMethodInfo:Invoke (object,System.Reflection.BindingFlags,System.Reflection.Binder,object[],System.Globalization.CultureInfo)
System.Reflection.MethodBase:Invoke (object,object[])
NUnit.Framework.Internal.Reflect:InvokeMethod (System.Reflection.MethodInfo,object,object[])
NUnit.Framework.Internal.MethodWrapper:Invoke (object,object[])
NUnit.Framework.Internal.Commands.TestMethodCommand:RunNonAsyncTestMethod (NUnit.Framework.Internal.ITestExecutionContext)
NUnit.Framework.Internal.Commands.TestMethodCommand:RunTestMethod (NUnit.Framework.Internal.ITestExecutionContext)
NUnit.Framework.Internal.Commands.TestMethodCommand:Execute (NUnit.Framework.Internal.ITestExecutionContext)
UnityEngine.TestTools.UnityTestMethodCommand:Execute (NUnit.Framework.Internal.ITestExecutionContext) (at ./Library/PackageCache/com.unity.test-framework@bd7f943e9647/UnityEngine.TestRunner/NUnitExtensions/Commands/UnityTestMethodCommand.cs:19)
UnityEngine.TestRunner.NUnitExtensions.Runner.UnityLogCheckDelegatingCommand/<>c__DisplayClass2_0:<Execute>b__0 () (at ./Library/PackageCache/com.unity.test-framework@bd7f943e9647/UnityEngine.TestRunner/NUnitExtensions/Runner/UnityLogCheckDelegatingCommand.cs:24)
UnityEngine.TestRunner.NUnitExtensions.Runner.UnityLogCheckDelegatingCommand:CaptureException (NUnit.Framework.Internal.TestResult,System.Action) (at ./Library/PackageCache/com.unity.test-framework@bd7f943e9647/UnityEngine.TestRunner/NUnitExtensions/Runner/UnityLogCheckDelegatingCommand.cs:72)
UnityEngine.TestRunner.NUnitExtensions.Runner.UnityLogCheckDelegatingCommand:ExecuteAndCheckLog (UnityEngine.TestTools.Logging.LogScope,NUnit.Framework.Internal.TestResult,System.Action) (at ./Library/PackageCache/com.unity.test-framework@bd7f943e9647/UnityEngine.TestRunner/NUnitExtensions/Runner/UnityLogCheckDelegatingCommand.cs:83)
UnityEngine.TestRunner.NUnitExtensions.Runner.UnityLogCheckDelegatingCommand:Execute (NUnit.Framework.Internal.ITestExecutionContext) (at ./Library/PackageCache/com.unity.test-framework@bd7f943e9647/UnityEngine.TestRunner/NUnitExtensions/Runner/UnityLogCheckDelegatingCommand.cs:24)
UnityEngine.TestRunner.NUnitExtensions.Runner.UnityLogCheckDelegatingCommand/<ExecuteEnumerable>d__3:MoveNext () (at ./Library/PackageCache/com.unity.test-framework@bd7f943e9647/UnityEngine.TestRunner/NUnitExtensions/Runner/UnityLogCheckDelegatingCommand.cs:35)
UnityEngine.TestTools.BeforeAfterTestCommandBase`1/<ExecuteEnumerable>d__16<NUnit.Framework.ITestAction>:MoveNext () (at ./Library/PackageCache/com.unity.test-framework@bd7f943e9647/UnityEngine.TestRunner/NUnitExtensions/Commands/BeforeAfterTestCommandBase.cs:212)
UnityEngine.TestTools.ImmediateEnumerableCommand:Execute (NUnit.Framework.Internal.ITestExecutionContext) (at ./Library/PackageCache/com.unity.test-framework@bd7f943e9647/UnityEngine.TestRunner/NUnitExtensions/Commands/ImmediateEnumerableCommand.cs:18)
UnityEngine.TestTools.BeforeAfterTestCommandBase`1/<ExecuteEnumerable>d__16<System.Reflection.MethodInfo>:MoveNext () (at ./Library/PackageCache/com.unity.test-framework@bd7f943e9647/UnityEngine.TestRunner/NUnitExtensions/Commands/BeforeAfterTestCommandBase.cs:219)
UnityEngine.TestTools.BeforeAfterTestCommandBase`1/<ExecuteEnumerable>d__16<System.Reflection.MethodInfo>:MoveNext () (at ./Library/PackageCache/com.unity.test-framework@bd7f943e9647/UnityEngine.TestRunner/NUnitExtensions/Commands/BeforeAfterTestCommandBase.cs:212)
UnityEngine.TestTools.BeforeAfterTestCommandBase`1/<ExecuteEnumerable>d__16<UnityEngine.TestTools.IOuterUnityTestAction>:MoveNext () (at ./Library/PackageCache/com.unity.test-framework@bd7f943e9647/UnityEngine.TestRunner/NUnitExtensions/Commands/BeforeAfterTestCommandBase.cs:212)
UnityEngine.TestTools.RetryCommand/<ExecuteEnumerable>d__2:MoveNext () (at ./Library/PackageCache/com.unity.test-framework@bd7f943e9647/UnityEngine.TestRunner/NUnitExtensions/Commands/RetryCommand.cs:37)
UnityEngine.TestTools.RepeatCommand/<ExecuteEnumerable>d__2:MoveNext () (at ./Library/PackageCache/com.unity.test-framework@bd7f943e9647/UnityEngine.TestRunner/NUnitExtensions/Commands/RepeatCommand.cs:36)
UnityEngine.TestTools.IgnoreTestCommand/<ExecuteEnumerable>d__3:MoveNext () (at ./Library/PackageCache/com.unity.test-framework@bd7f943e9647/UnityEngine.TestRunner/NUnitExtensions/Commands/IgnoreTestCommand.cs:42)
UnityEngine.TestTools.StrictCheckCommand/<ExecuteEnumerable>d__2:MoveNext () (at ./Library/PackageCache/com.unity.test-framework@bd7f943e9647/UnityEngine.TestRunner/NUnitExtensions/Commands/StrictCheckCommand.cs:29)
UnityEngine.TestRunner.NUnitExtensions.Runner.DefaultTestWorkItem/<PerformWork>d__2:MoveNext () (at ./Library/PackageCache/com.unity.test-framework@bd7f943e9647/UnityEngine.TestRunner/NUnitExtensions/Runner/DefaultTestWorkItem.cs:50)
UnityEngine.TestRunner.NUnitExtensions.Runner.CompositeWorkItem/<RunChildren>d__17:MoveNext () (at ./Library/PackageCache/com.unity.test-framework@bd7f943e9647/UnityEngine.TestRunner/NUnitExtensions/Runner/CompositeWorkItem.cs:207)
UnityEngine.TestRunner.NUnitExtensions.Runner.CompositeWorkItem/<PerformWork>d__13:MoveNext () (at ./Library/PackageCache/com.unity.test-framework@bd7f943e9647/UnityEngine.TestRunner/NUnitExtensions/Runner/CompositeWorkItem.cs:82)
UnityEngine.TestRunner.NUnitExtensions.Runner.CompositeWorkItem/<RunChildren>d__17:MoveNext () (at ./Library/PackageCache/com.unity.test-framework@bd7f943e9647/UnityEngine.TestRunner/NUnitExtensions/Runner/CompositeWorkItem.cs:207)
UnityEngine.TestRunner.NUnitExtensions.Runner.CompositeWorkItem/<PerformWork>d__13:MoveNext () (at ./Library/PackageCache/com.unity.test-framework@bd7f943e9647/UnityEngine.TestRunner/NUnitExtensions/Runner/CompositeWorkItem.cs:82)
UnityEngine.TestRunner.NUnitExtensions.Runner.CompositeWorkItem/<RunChildren>d__17:MoveNext () (at ./Library/PackageCache/com.unity.test-framework@bd7f943e9647/UnityEngine.TestRunner/NUnitExtensions/Runner/CompositeWorkItem.cs:207)
UnityEngine.TestRunner.NUnitExtensions.Runner.CompositeWorkItem/<PerformWork>d__13:MoveNext () (at ./Library/PackageCache/com.unity.test-framework@bd7f943e9647/UnityEngine.TestRunner/NUnitExtensions/Runner/CompositeWorkItem.cs:82)
UnityEngine.TestRunner.NUnitExtensions.Runner.CompositeWorkItem/<RunChildren>d__17:MoveNext () (at ./Library/PackageCache/com.unity.test-framework@bd7f943e9647/UnityEngine.TestRunner/NUnitExtensions/Runner/CompositeWorkItem.cs:207)
UnityEngine.TestRunner.NUnitExtensions.Runner.CompositeWorkItem/<PerformWork>d__13:MoveNext () (at ./Library/PackageCache/com.unity.test-framework@bd7f943e9647/UnityEngine.TestRunner/NUnitExtensions/Runner/CompositeWorkItem.cs:82)
UnityEngine.TestRunner.NUnitExtensions.Runner.CompositeWorkItem/<RunChildren>d__17:MoveNext () (at ./Library/PackageCache/com.unity.test-framework@bd7f943e9647/UnityEngine.TestRunner/NUnitExtensions/Runner/CompositeWorkItem.cs:207)
UnityEngine.TestRunner.NUnitExtensions.Runner.CompositeWorkItem/<PerformWork>d__13:MoveNext () (at ./Library/PackageCache/com.unity.test-framework@bd7f943e9647/UnityEngine.TestRunner/NUnitExtensions/Runner/CompositeWorkItem.cs:82)
UnityEngine.TestRunner.NUnitExtensions.Runner.CompositeWorkItem/<RunChildren>d__17:MoveNext () (at ./Library/PackageCache/com.unity.test-framework@bd7f943e9647/UnityEngine.TestRunner/NUnitExtensions/Runner/CompositeWorkItem.cs:207)
UnityEngine.TestRunner.NUnitExtensions.Runner.CompositeWorkItem/<PerformWork>d__13:MoveNext () (at ./Library/PackageCache/com.unity.test-framework@bd7f943e9647/UnityEngine.TestRunner/NUnitExtensions/Runner/CompositeWorkItem.cs:82)
UnityEngine.TestRunner.NUnitExtensions.Runner.CompositeWorkItem/<RunChildren>d__17:MoveNext () (at ./Library/PackageCache/com.unity.test-framework@bd7f943e9647/UnityEngine.TestRunner/NUnitExtensions/Runner/CompositeWorkItem.cs:207)
UnityEngine.TestRunner.NUnitExtensions.Runner.CompositeWorkItem/<PerformWork>d__13:MoveNext () (at ./Library/PackageCache/com.unity.test-framework@bd7f943e9647/UnityEngine.TestRunner/NUnitExtensions/Runner/CompositeWorkItem.cs:82)
UnityEngine.TestRunner.NUnitExtensions.Runner.CompositeWorkItem/<RunChildren>d__17:MoveNext () (at ./Library/PackageCache/com.unity.test-framework@bd7f943e9647/UnityEngine.TestRunner/NUnitExtensions/Runner/CompositeWorkItem.cs:207)
UnityEngine.TestRunner.NUnitExtensions.Runner.CompositeWorkItem/<PerformWork>d__13:MoveNext () (at ./Library/PackageCache/com.unity.test-framework@bd7f943e9647/UnityEngine.TestRunner/NUnitExtensions/Runner/CompositeWorkItem.cs:82)
UnityEditor.TestTools.TestRunner.EditModeRunner:MoveNextAndUpdateYieldObject () (at ./Library/PackageCache/com.unity.test-framework@bd7f943e9647/UnityEditor.TestRunner/TestRunner/EditModeRunner.cs:167)
UnityEditor.TestTools.TestRunner.EditModeRunner:TestConsumer (UnityEditor.TestTools.TestRunner.TestRunnerStateSerializer) (at ./Library/PackageCache/com.unity.test-framework@bd7f943e9647/UnityEditor.TestRunner/TestRunner/EditModeRunner.cs:200)
UnityEditor.TestTools.TestRunner.TestRun.Tasks.EditModeRunTask/<Execute>d__1:MoveNext () (at ./Library/PackageCache/com.unity.test-framework@bd7f943e9647/UnityEditor.TestRunner/TestRun/Tasks/EditModeRunTask.cs:48)
UnityEditor.TestTools.TestRunner.TestRun.TestJobRunner:ExecuteStep () (at ./Library/PackageCache/com.unity.test-framework@bd7f943e9647/UnityEditor.TestRunner/TestRun/TestJobRunner.cs:173)
UnityEditor.TestTools.TestRunner.TestRun.TestJobRunner:ExecuteCallback () (at ./Library/PackageCache/com.unity.test-framework@bd7f943e9647/UnityEditor.TestRunner/TestRun/TestJobRunner.cs:108)
UnityEditor.EditorApplication:Internal_CallUpdateFunctions () (at /Users/bokken/build/output/unity/unity/Editor/Mono/EditorApplication.cs:392)

(Filename: ./Packages/com.xrlab.chooguard.foundation/Multiplayer/Tests/Editor/WorldMotionAdapterTests.cs Line: 109)

World motion traversal 0.41 metro_concourse -> underground_shopping_passage steps=293 seconds=0.4943177
UnityEngine.Debug:ExtractStackTraceNoAlloc (byte*,int,string)
UnityEngine.StackTraceUtility:ExtractStackTrace () (at /Users/bokken/build/output/unity/unity/Runtime/Export/Scripting/StackTrace.cs:35)
UnityEngine.DebugLogHandler:Internal_Log (UnityEngine.LogType,UnityEngine.LogOption,string,UnityEngine.Object)
UnityEngine.DebugLogHandler:LogFormat (UnityEngine.LogType,UnityEngine.Object,string,object[])
UnityEngine.Logger:Log (UnityEngine.LogType,object)
UnityEngine.Debug:Log (object)
ChooGuard.Foundation.Multiplayer.Tests.WorldMotionAdapterTests:BothProfilesTraverseAllThirteenRegionsAndAllTwentyFourPortalDirections (string,bool,double) (at ./Packages/com.xrlab.chooguard.foundation/Multiplayer/Tests/Editor/WorldMotionAdapterTests.cs:109)
System.Reflection.RuntimeMethodInfo:Invoke (object,System.Reflection.BindingFlags,System.Reflection.Binder,object[],System.Globalization.CultureInfo)
System.Reflection.MethodBase:Invoke (object,object[])
NUnit.Framework.Internal.Reflect:InvokeMethod (System.Reflection.MethodInfo,object,object[])
NUnit.Framework.Internal.MethodWrapper:Invoke (object,object[])
NUnit.Framework.Internal.Commands.TestMethodCommand:RunNonAsyncTestMethod (NUnit.Framework.Internal.ITestExecutionContext)
NUnit.Framework.Internal.Commands.TestMethodCommand:RunTestMethod (NUnit.Framework.Internal.ITestExecutionContext)
NUnit.Framework.Internal.Commands.TestMethodCommand:Execute (NUnit.Framework.Internal.ITestExecutionContext)
UnityEngine.TestTools.UnityTestMethodCommand:Execute (NUnit.Framework.Internal.ITestExecutionContext) (at ./Library/PackageCache/com.unity.test-framework@bd7f943e9647/UnityEngine.TestRunner/NUnitExtensions/Commands/UnityTestMethodCommand.cs:19)
UnityEngine.TestRunner.NUnitExtensions.Runner.UnityLogCheckDelegatingCommand/<>c__DisplayClass2_0:<Execute>b__0 () (at ./Library/PackageCache/com.unity.test-framework@bd7f943e9647/UnityEngine.TestRunner/NUnitExtensions/Runner/UnityLogCheckDelegatingCommand.cs:24)
UnityEngine.TestRunner.NUnitExtensions.Runner.UnityLogCheckDelegatingCommand:CaptureException (NUnit.Framework.Internal.TestResult,System.Action) (at ./Library/PackageCache/com.unity.test-framework@bd7f943e9647/UnityEngine.TestRunner/NUnitExtensions/Runner/UnityLogCheckDelegatingCommand.cs:72)
UnityEngine.TestRunner.NUnitExtensions.Runner.UnityLogCheckDelegatingCommand:ExecuteAndCheckLog (UnityEngine.TestTools.Logging.LogScope,NUnit.Framework.Internal.TestResult,System.Action) (at ./Library/PackageCache/com.unity.test-framework@bd7f943e9647/UnityEngine.TestRunner/NUnitExtensions/Runner/UnityLogCheckDelegatingCommand.cs:83)
UnityEngine.TestRunner.NUnitExtensions.Runner.UnityLogCheckDelegatingCommand:Execute (NUnit.Framework.Internal.ITestExecutionContext) (at ./Library/PackageCache/com.unity.test-framework@bd7f943e9647/UnityEngine.TestRunner/NUnitExtensions/Runner/UnityLogCheckDelegatingCommand.cs:24)
UnityEngine.TestRunner.NUnitExtensions.Runner.UnityLogCheckDelegatingCommand/<ExecuteEnumerable>d__3:MoveNext () (at ./Library/PackageCache/com.unity.test-framework@bd7f943e9647/UnityEngine.TestRunner/NUnitExtensions/Runner/UnityLogCheckDelegatingCommand.cs:35)
UnityEngine.TestTools.BeforeAfterTestCommandBase`1/<ExecuteEnumerable>d__16<NUnit.Framework.ITestAction>:MoveNext () (at ./Library/PackageCache/com.unity.test-framework@bd7f943e9647/UnityEngine.TestRunner/NUnitExtensions/Commands/BeforeAfterTestCommandBase.cs:212)
UnityEngine.TestTools.ImmediateEnumerableCommand:Execute (NUnit.Framework.Internal.ITestExecutionContext) (at ./Library/PackageCache/com.unity.test-framework@bd7f943e9647/UnityEngine.TestRunner/NUnitExtensions/Commands/ImmediateEnumerableCommand.cs:18)
UnityEngine.TestTools.BeforeAfterTestCommandBase`1/<ExecuteEnumerable>d__16<System.Reflection.MethodInfo>:MoveNext () (at ./Library/PackageCache/com.unity.test-framework@bd7f943e9647/UnityEngine.TestRunner/NUnitExtensions/Commands/BeforeAfterTestCommandBase.cs:219)
UnityEngine.TestTools.BeforeAfterTestCommandBase`1/<ExecuteEnumerable>d__16<System.Reflection.MethodInfo>:MoveNext () (at ./Library/PackageCache/com.unity.test-framework@bd7f943e9647/UnityEngine.TestRunner/NUnitExtensions/Commands/BeforeAfterTestCommandBase.cs:212)
UnityEngine.TestTools.BeforeAfterTestCommandBase`1/<ExecuteEnumerable>d__16<UnityEngine.TestTools.IOuterUnityTestAction>:MoveNext () (at ./Library/PackageCache/com.unity.test-framework@bd7f943e9647/UnityEngine.TestRunner/NUnitExtensions/Commands/BeforeAfterTestCommandBase.cs:212)
UnityEngine.TestTools.RetryCommand/<ExecuteEnumerable>d__2:MoveNext () (at ./Library/PackageCache/com.unity.test-framework@bd7f943e9647/UnityEngine.TestRunner/NUnitExtensions/Commands/RetryCommand.cs:37)
UnityEngine.TestTools.RepeatCommand/<ExecuteEnumerable>d__2:MoveNext () (at ./Library/PackageCache/com.unity.test-framework@bd7f943e9647/UnityEngine.TestRunner/NUnitExtensions/Commands/RepeatCommand.cs:36)
UnityEngine.TestTools.IgnoreTestCommand/<ExecuteEnumerable>d__3:MoveNext () (at ./Library/PackageCache/com.unity.test-framework@bd7f943e9647/UnityEngine.TestRunner/NUnitExtensions/Commands/IgnoreTestCommand.cs:42)
UnityEngine.TestTools.StrictCheckCommand/<ExecuteEnumerable>d__2:MoveNext () (at ./Library/PackageCache/com.unity.test-framework@bd7f943e9647/UnityEngine.TestRunner/NUnitExtensions/Commands/StrictCheckCommand.cs:29)
UnityEngine.TestRunner.NUnitExtensions.Runner.DefaultTestWorkItem/<PerformWork>d__2:MoveNext () (at ./Library/PackageCache/com.unity.test-framework@bd7f943e9647/UnityEngine.TestRunner/NUnitExtensions/Runner/DefaultTestWorkItem.cs:50)
UnityEngine.TestRunner.NUnitExtensions.Runner.CompositeWorkItem/<RunChildren>d__17:MoveNext () (at ./Library/PackageCache/com.unity.test-framework@bd7f943e9647/UnityEngine.TestRunner/NUnitExtensions/Runner/CompositeWorkItem.cs:207)
UnityEngine.TestRunner.NUnitExtensions.Runner.CompositeWorkItem/<PerformWork>d__13:MoveNext () (at ./Library/PackageCache/com.unity.test-framework@bd7f943e9647/UnityEngine.TestRunner/NUnitExtensions/Runner/CompositeWorkItem.cs:82)
UnityEngine.TestRunner.NUnitExtensions.Runner.CompositeWorkItem/<RunChildren>d__17:MoveNext () (at ./Library/PackageCache/com.unity.test-framework@bd7f943e9647/UnityEngine.TestRunner/NUnitExtensions/Runner/CompositeWorkItem.cs:207)
UnityEngine.TestRunner.NUnitExtensions.Runner.CompositeWorkItem/<PerformWork>d__13:MoveNext () (at ./Library/PackageCache/com.unity.test-framework@bd7f943e9647/UnityEngine.TestRunner/NUnitExtensions/Runner/CompositeWorkItem.cs:82)
UnityEngine.TestRunner.NUnitExtensions.Runner.CompositeWorkItem/<RunChildren>d__17:MoveNext () (at ./Library/PackageCache/com.unity.test-framework@bd7f943e9647/UnityEngine.TestRunner/NUnitExtensions/Runner/CompositeWorkItem.cs:207)
UnityEngine.TestRunner.NUnitExtensions.Runner.CompositeWorkItem/<PerformWork>d__13:MoveNext () (at ./Library/PackageCache/com.unity.test-framework@bd7f943e9647/UnityEngine.TestRunner/NUnitExtensions/Runner/CompositeWorkItem.cs:82)
UnityEngine.TestRunner.NUnitExtensions.Runner.CompositeWorkItem/<RunChildren>d__17:MoveNext () (at ./Library/PackageCache/com.unity.test-framework@bd7f943e9647/UnityEngine.TestRunner/NUnitExtensions/Runner/CompositeWorkItem.cs:207)
UnityEngine.TestRunner.NUnitExtensions.Runner.CompositeWorkItem/<PerformWork>d__13:MoveNext () (at ./Library/PackageCache/com.unity.test-framework@bd7f943e9647/UnityEngine.TestRunner/NUnitExtensions/Runner/CompositeWorkItem.cs:82)
UnityEngine.TestRunner.NUnitExtensions.Runner.CompositeWorkItem/<RunChildren>d__17:MoveNext () (at ./Library/PackageCache/com.unity.test-framework@bd7f943e9647/UnityEngine.TestRunner/NUnitExtensions/Runner/CompositeWorkItem.cs:207)
UnityEngine.TestRunner.NUnitExtensions.Runner.CompositeWorkItem/<PerformWork>d__13:MoveNext () (at ./Library/PackageCache/com.unity.test-framework@bd7f943e9647/UnityEngine.TestRunner/NUnitExtensions/Runner/CompositeWorkItem.cs:82)
UnityEngine.TestRunner.NUnitExtensions.Runner.CompositeWorkItem/<RunChildren>d__17:MoveNext () (at ./Library/PackageCache/com.unity.test-framework@bd7f943e9647/UnityEngine.TestRunner/NUnitExtensions/Runner/CompositeWorkItem.cs:207)
UnityEngine.TestRunner.NUnitExtensions.Runner.CompositeWorkItem/<PerformWork>d__13:MoveNext () (at ./Library/PackageCache/com.unity.test-framework@bd7f943e9647/UnityEngine.TestRunner/NUnitExtensions/Runner/CompositeWorkItem.cs:82)
UnityEngine.TestRunner.NUnitExtensions.Runner.CompositeWorkItem/<RunChildren>d__17:MoveNext () (at ./Library/PackageCache/com.unity.test-framework@bd7f943e9647/UnityEngine.TestRunner/NUnitExtensions/Runner/CompositeWorkItem.cs:207)
UnityEngine.TestRunner.NUnitExtensions.Runner.CompositeWorkItem/<PerformWork>d__13:MoveNext () (at ./Library/PackageCache/com.unity.test-framework@bd7f943e9647/UnityEngine.TestRunner/NUnitExtensions/Runner/CompositeWorkItem.cs:82)
UnityEngine.TestRunner.NUnitExtensions.Runner.CompositeWorkItem/<RunChildren>d__17:MoveNext () (at ./Library/PackageCache/com.unity.test-framework@bd7f943e9647/UnityEngine.TestRunner/NUnitExtensions/Runner/CompositeWorkItem.cs:207)
UnityEngine.TestRunner.NUnitExtensions.Runner.CompositeWorkItem/<PerformWork>d__13:MoveNext () (at ./Library/PackageCache/com.unity.test-framework@bd7f943e9647/UnityEngine.TestRunner/NUnitExtensions/Runner/CompositeWorkItem.cs:82)
UnityEditor.TestTools.TestRunner.EditModeRunner:MoveNextAndUpdateYieldObject () (at ./Library/PackageCache/com.unity.test-framework@bd7f943e9647/UnityEditor.TestRunner/TestRunner/EditModeRunner.cs:167)
UnityEditor.TestTools.TestRunner.EditModeRunner:TestConsumer (UnityEditor.TestTools.TestRunner.TestRunnerStateSerializer) (at ./Library/PackageCache/com.unity.test-framework@bd7f943e9647/UnityEditor.TestRunner/TestRunner/EditModeRunner.cs:200)
UnityEditor.TestTools.TestRunner.TestRun.Tasks.EditModeRunTask/<Execute>d__1:MoveNext () (at ./Library/PackageCache/com.unity.test-framework@bd7f943e9647/UnityEditor.TestRunner/TestRun/Tasks/EditModeRunTask.cs:48)
UnityEditor.TestTools.TestRunner.TestRun.TestJobRunner:ExecuteStep () (at ./Library/PackageCache/com.unity.test-framework@bd7f943e9647/UnityEditor.TestRunner/TestRun/TestJobRunner.cs:173)
UnityEditor.TestTools.TestRunner.TestRun.TestJobRunner:ExecuteCallback () (at ./Library/PackageCache/com.unity.test-framework@bd7f943e9647/UnityEditor.TestRunner/TestRun/TestJobRunner.cs:108)
UnityEditor.EditorApplication:Internal_CallUpdateFunctions () (at /Users/bokken/build/output/unity/unity/Editor/Mono/EditorApplication.cs:392)

(Filename: ./Packages/com.xrlab.chooguard.foundation/Multiplayer/Tests/Editor/WorldMotionAdapterTests.cs Line: 109)

World motion traversal 0.41 metro_concourse -> metro_platforms steps=312 seconds=0.6462508
UnityEngine.Debug:ExtractStackTraceNoAlloc (byte*,int,string)
UnityEngine.StackTraceUtility:ExtractStackTrace () (at /Users/bokken/build/output/unity/unity/Runtime/Export/Scripting/StackTrace.cs:35)
UnityEngine.DebugLogHandler:Internal_Log (UnityEngine.LogType,UnityEngine.LogOption,string,UnityEngine.Object)
UnityEngine.DebugLogHandler:LogFormat (UnityEngine.LogType,UnityEngine.Object,string,object[])
UnityEngine.Logger:Log (UnityEngine.LogType,object)
UnityEngine.Debug:Log (object)
ChooGuard.Foundation.Multiplayer.Tests.WorldMotionAdapterTests:BothProfilesTraverseAllThirteenRegionsAndAllTwentyFourPortalDirections (string,bool,double) (at ./Packages/com.xrlab.chooguard.foundation/Multiplayer/Tests/Editor/WorldMotionAdapterTests.cs:109)
System.Reflection.RuntimeMethodInfo:Invoke (object,System.Reflection.BindingFlags,System.Reflection.Binder,object[],System.Globalization.CultureInfo)
System.Reflection.MethodBase:Invoke (object,object[])
NUnit.Framework.Internal.Reflect:InvokeMethod (System.Reflection.MethodInfo,object,object[])
NUnit.Framework.Internal.MethodWrapper:Invoke (object,object[])
NUnit.Framework.Internal.Commands.TestMethodCommand:RunNonAsyncTestMethod (NUnit.Framework.Internal.ITestExecutionContext)
NUnit.Framework.Internal.Commands.TestMethodCommand:RunTestMethod (NUnit.Framework.Internal.ITestExecutionContext)
NUnit.Framework.Internal.Commands.TestMethodCommand:Execute (NUnit.Framework.Internal.ITestExecutionContext)
UnityEngine.TestTools.UnityTestMethodCommand:Execute (NUnit.Framework.Internal.ITestExecutionContext) (at ./Library/PackageCache/com.unity.test-framework@bd7f943e9647/UnityEngine.TestRunner/NUnitExtensions/Commands/UnityTestMethodCommand.cs:19)
UnityEngine.TestRunner.NUnitExtensions.Runner.UnityLogCheckDelegatingCommand/<>c__DisplayClass2_0:<Execute>b__0 () (at ./Library/PackageCache/com.unity.test-framework@bd7f943e9647/UnityEngine.TestRunner/NUnitExtensions/Runner/UnityLogCheckDelegatingCommand.cs:24)
UnityEngine.TestRunner.NUnitExtensions.Runner.UnityLogCheckDelegatingCommand:CaptureException (NUnit.Framework.Internal.TestResult,System.Action) (at ./Library/PackageCache/com.unity.test-framework@bd7f943e9647/UnityEngine.TestRunner/NUnitExtensions/Runner/UnityLogCheckDelegatingCommand.cs:72)
UnityEngine.TestRunner.NUnitExtensions.Runner.UnityLogCheckDelegatingCommand:ExecuteAndCheckLog (UnityEngine.TestTools.Logging.LogScope,NUnit.Framework.Internal.TestResult,System.Action) (at ./Library/PackageCache/com.unity.test-framework@bd7f943e9647/UnityEngine.TestRunner/NUnitExtensions/Runner/UnityLogCheckDelegatingCommand.cs:83)
UnityEngine.TestRunner.NUnitExtensions.Runner.UnityLogCheckDelegatingCommand:Execute (NUnit.Framework.Internal.ITestExecutionContext) (at ./Library/PackageCache/com.unity.test-framework@bd7f943e9647/UnityEngine.TestRunner/NUnitExtensions/Runner/UnityLogCheckDelegatingCommand.cs:24)
UnityEngine.TestRunner.NUnitExtensions.Runner.UnityLogCheckDelegatingCommand/<ExecuteEnumerable>d__3:MoveNext () (at ./Library/PackageCache/com.unity.test-framework@bd7f943e9647/UnityEngine.TestRunner/NUnitExtensions/Runner/UnityLogCheckDelegatingCommand.cs:35)
UnityEngine.TestTools.BeforeAfterTestCommandBase`1/<ExecuteEnumerable>d__16<NUnit.Framework.ITestAction>:MoveNext () (at ./Library/PackageCache/com.unity.test-framework@bd7f943e9647/UnityEngine.TestRunner/NUnitExtensions/Commands/BeforeAfterTestCommandBase.cs:212)
UnityEngine.TestTools.ImmediateEnumerableCommand:Execute (NUnit.Framework.Internal.ITestExecutionContext) (at ./Library/PackageCache/com.unity.test-framework@bd7f943e9647/UnityEngine.TestRunner/NUnitExtensions/Commands/ImmediateEnumerableCommand.cs:18)
UnityEngine.TestTools.BeforeAfterTestCommandBase`1/<ExecuteEnumerable>d__16<System.Reflection.MethodInfo>:MoveNext () (at ./Library/PackageCache/com.unity.test-framework@bd7f943e9647/UnityEngine.TestRunner/NUnitExtensions/Commands/BeforeAfterTestCommandBase.cs:219)
UnityEngine.TestTools.BeforeAfterTestCommandBase`1/<ExecuteEnumerable>d__16<System.Reflection.MethodInfo>:MoveNext () (at ./Library/PackageCache/com.unity.test-framework@bd7f943e9647/UnityEngine.TestRunner/NUnitExtensions/Commands/BeforeAfterTestCommandBase.cs:212)
UnityEngine.TestTools.BeforeAfterTestCommandBase`1/<ExecuteEnumerable>d__16<UnityEngine.TestTools.IOuterUnityTestAction>:MoveNext () (at ./Library/PackageCache/com.unity.test-framework@bd7f943e9647/UnityEngine.TestRunner/NUnitExtensions/Commands/BeforeAfterTestCommandBase.cs:212)
UnityEngine.TestTools.RetryCommand/<ExecuteEnumerable>d__2:MoveNext () (at ./Library/PackageCache/com.unity.test-framework@bd7f943e9647/UnityEngine.TestRunner/NUnitExtensions/Commands/RetryCommand.cs:37)
UnityEngine.TestTools.RepeatCommand/<ExecuteEnumerable>d__2:MoveNext () (at ./Library/PackageCache/com.unity.test-framework@bd7f943e9647/UnityEngine.TestRunner/NUnitExtensions/Commands/RepeatCommand.cs:36)
UnityEngine.TestTools.IgnoreTestCommand/<ExecuteEnumerable>d__3:MoveNext () (at ./Library/PackageCache/com.unity.test-framework@bd7f943e9647/UnityEngine.TestRunner/NUnitExtensions/Commands/IgnoreTestCommand.cs:42)
UnityEngine.TestTools.StrictCheckCommand/<ExecuteEnumerable>d__2:MoveNext () (at ./Library/PackageCache/com.unity.test-framework@bd7f943e9647/UnityEngine.TestRunner/NUnitExtensions/Commands/StrictCheckCommand.cs:29)
UnityEngine.TestRunner.NUnitExtensions.Runner.DefaultTestWorkItem/<PerformWork>d__2:MoveNext () (at ./Library/PackageCache/com.unity.test-framework@bd7f943e9647/UnityEngine.TestRunner/NUnitExtensions/Runner/DefaultTestWorkItem.cs:50)
UnityEngine.TestRunner.NUnitExtensions.Runner.CompositeWorkItem/<RunChildren>d__17:MoveNext () (at ./Library/PackageCache/com.unity.test-framework@bd7f943e9647/UnityEngine.TestRunner/NUnitExtensions/Runner/CompositeWorkItem.cs:207)
UnityEngine.TestRunner.NUnitExtensions.Runner.CompositeWorkItem/<PerformWork>d__13:MoveNext () (at ./Library/PackageCache/com.unity.test-framework@bd7f943e9647/UnityEngine.TestRunner/NUnitExtensions/Runner/CompositeWorkItem.cs:82)
UnityEngine.TestRunner.NUnitExtensions.Runner.CompositeWorkItem/<RunChildren>d__17:MoveNext () (at ./Library/PackageCache/com.unity.test-framework@bd7f943e9647/UnityEngine.TestRunner/NUnitExtensions/Runner/CompositeWorkItem.cs:207)
UnityEngine.TestRunner.NUnitExtensions.Runner.CompositeWorkItem/<PerformWork>d__13:MoveNext () (at ./Library/PackageCache/com.unity.test-framework@bd7f943e9647/UnityEngine.TestRunner/NUnitExtensions/Runner/CompositeWorkItem.cs:82)
UnityEngine.TestRunner.NUnitExtensions.Runner.CompositeWorkItem/<RunChildren>d__17:MoveNext () (at ./Library/PackageCache/com.unity.test-framework@bd7f943e9647/UnityEngine.TestRunner/NUnitExtensions/Runner/CompositeWorkItem.cs:207)
UnityEngine.TestRunner.NUnitExtensions.Runner.CompositeWorkItem/<PerformWork>d__13:MoveNext () (at ./Library/PackageCache/com.unity.test-framework@bd7f943e9647/UnityEngine.TestRunner/NUnitExtensions/Runner/CompositeWorkItem.cs:82)
UnityEngine.TestRunner.NUnitExtensions.Runner.CompositeWorkItem/<RunChildren>d__17:MoveNext () (at ./Library/PackageCache/com.unity.test-framework@bd7f943e9647/UnityEngine.TestRunner/NUnitExtensions/Runner/CompositeWorkItem.cs:207)
UnityEngine.TestRunner.NUnitExtensions.Runner.CompositeWorkItem/<PerformWork>d__13:MoveNext () (at ./Library/PackageCache/com.unity.test-framework@bd7f943e9647/UnityEngine.TestRunner/NUnitExtensions/Runner/CompositeWorkItem.cs:82)
UnityEngine.TestRunner.NUnitExtensions.Runner.CompositeWorkItem/<RunChildren>d__17:MoveNext () (at ./Library/PackageCache/com.unity.test-framework@bd7f943e9647/UnityEngine.TestRunner/NUnitExtensions/Runner/CompositeWorkItem.cs:207)
UnityEngine.TestRunner.NUnitExtensions.Runner.CompositeWorkItem/<PerformWork>d__13:MoveNext () (at ./Library/PackageCache/com.unity.test-framework@bd7f943e9647/UnityEngine.TestRunner/NUnitExtensions/Runner/CompositeWorkItem.cs:82)
UnityEngine.TestRunner.NUnitExtensions.Runner.CompositeWorkItem/<RunChildren>d__17:MoveNext () (at ./Library/PackageCache/com.unity.test-framework@bd7f943e9647/UnityEngine.TestRunner/NUnitExtensions/Runner/CompositeWorkItem.cs:207)
UnityEngine.TestRunner.NUnitExtensions.Runner.CompositeWorkItem/<PerformWork>d__13:MoveNext () (at ./Library/PackageCache/com.unity.test-framework@bd7f943e9647/UnityEngine.TestRunner/NUnitExtensions/Runner/CompositeWorkItem.cs:82)
UnityEngine.TestRunner.NUnitExtensions.Runner.CompositeWorkItem/<RunChildren>d__17:MoveNext () (at ./Library/PackageCache/com.unity.test-framework@bd7f943e9647/UnityEngine.TestRunner/NUnitExtensions/Runner/CompositeWorkItem.cs:207)
UnityEngine.TestRunner.NUnitExtensions.Runner.CompositeWorkItem/<PerformWork>d__13:MoveNext () (at ./Library/PackageCache/com.unity.test-framework@bd7f943e9647/UnityEngine.TestRunner/NUnitExtensions/Runner/CompositeWorkItem.cs:82)
UnityEngine.TestRunner.NUnitExtensions.Runner.CompositeWorkItem/<RunChildren>d__17:MoveNext () (at ./Library/PackageCache/com.unity.test-framework@bd7f943e9647/UnityEngine.TestRunner/NUnitExtensions/Runner/CompositeWorkItem.cs:207)
UnityEngine.TestRunner.NUnitExtensions.Runner.CompositeWorkItem/<PerformWork>d__13:MoveNext () (at ./Library/PackageCache/com.unity.test-framework@bd7f943e9647/UnityEngine.TestRunner/NUnitExtensions/Runner/CompositeWorkItem.cs:82)
UnityEditor.TestTools.TestRunner.EditModeRunner:MoveNextAndUpdateYieldObject () (at ./Library/PackageCache/com.unity.test-framework@bd7f943e9647/UnityEditor.TestRunner/TestRunner/EditModeRunner.cs:167)
UnityEditor.TestTools.TestRunner.EditModeRunner:TestConsumer (UnityEditor.TestTools.TestRunner.TestRunnerStateSerializer) (at ./Library/PackageCache/com.unity.test-framework@bd7f943e9647/UnityEditor.TestRunner/TestRunner/EditModeRunner.cs:200)
UnityEditor.TestTools.TestRunner.TestRun.Tasks.EditModeRunTask/<Execute>d__1:MoveNext () (at ./Library/PackageCache/com.unity.test-framework@bd7f943e9647/UnityEditor.TestRunner/TestRun/Tasks/EditModeRunTask.cs:48)
UnityEditor.TestTools.TestRunner.TestRun.TestJobRunner:ExecuteStep () (at ./Library/PackageCache/com.unity.test-framework@bd7f943e9647/UnityEditor.TestRunner/TestRun/TestJobRunner.cs:173)
UnityEditor.TestTools.TestRunner.TestRun.TestJobRunner:ExecuteCallback () (at ./Library/PackageCache/com.unity.test-framework@bd7f943e9647/UnityEditor.TestRunner/TestRun/TestJobRunner.cs:108)
UnityEditor.EditorApplication:Internal_CallUpdateFunctions () (at /Users/bokken/build/output/unity/unity/Editor/Mono/EditorApplication.cs:392)

(Filename: ./Packages/com.xrlab.chooguard.foundation/Multiplayer/Tests/Editor/WorldMotionAdapterTests.cs Line: 109)

World motion traversal 0.41 metro_platforms -> metro_concourse steps=312 seconds=0.689838
UnityEngine.Debug:ExtractStackTraceNoAlloc (byte*,int,string)
UnityEngine.StackTraceUtility:ExtractStackTrace () (at /Users/bokken/build/output/unity/unity/Runtime/Export/Scripting/StackTrace.cs:35)
UnityEngine.DebugLogHandler:Internal_Log (UnityEngine.LogType,UnityEngine.LogOption,string,UnityEngine.Object)
UnityEngine.DebugLogHandler:LogFormat (UnityEngine.LogType,UnityEngine.Object,string,object[])
UnityEngine.Logger:Log (UnityEngine.LogType,object)
UnityEngine.Debug:Log (object)
ChooGuard.Foundation.Multiplayer.Tests.WorldMotionAdapterTests:BothProfilesTraverseAllThirteenRegionsAndAllTwentyFourPortalDirections (string,bool,double) (at ./Packages/com.xrlab.chooguard.foundation/Multiplayer/Tests/Editor/WorldMotionAdapterTests.cs:109)
System.Reflection.RuntimeMethodInfo:Invoke (object,System.Reflection.BindingFlags,System.Reflection.Binder,object[],System.Globalization.CultureInfo)
System.Reflection.MethodBase:Invoke (object,object[])
NUnit.Framework.Internal.Reflect:InvokeMethod (System.Reflection.MethodInfo,object,object[])
NUnit.Framework.Internal.MethodWrapper:Invoke (object,object[])
NUnit.Framework.Internal.Commands.TestMethodCommand:RunNonAsyncTestMethod (NUnit.Framework.Internal.ITestExecutionContext)
NUnit.Framework.Internal.Commands.TestMethodCommand:RunTestMethod (NUnit.Framework.Internal.ITestExecutionContext)
NUnit.Framework.Internal.Commands.TestMethodCommand:Execute (NUnit.Framework.Internal.ITestExecutionContext)
UnityEngine.TestTools.UnityTestMethodCommand:Execute (NUnit.Framework.Internal.ITestExecutionContext) (at ./Library/PackageCache/com.unity.test-framework@bd7f943e9647/UnityEngine.TestRunner/NUnitExtensions/Commands/UnityTestMethodCommand.cs:19)
UnityEngine.TestRunner.NUnitExtensions.Runner.UnityLogCheckDelegatingCommand/<>c__DisplayClass2_0:<Execute>b__0 () (at ./Library/PackageCache/com.unity.test-framework@bd7f943e9647/UnityEngine.TestRunner/NUnitExtensions/Runner/UnityLogCheckDelegatingCommand.cs:24)
UnityEngine.TestRunner.NUnitExtensions.Runner.UnityLogCheckDelegatingCommand:CaptureException (NUnit.Framework.Internal.TestResult,System.Action) (at ./Library/PackageCache/com.unity.test-framework@bd7f943e9647/UnityEngine.TestRunner/NUnitExtensions/Runner/UnityLogCheckDelegatingCommand.cs:72)
UnityEngine.TestRunner.NUnitExtensions.Runner.UnityLogCheckDelegatingCommand:ExecuteAndCheckLog (UnityEngine.TestTools.Logging.LogScope,NUnit.Framework.Internal.TestResult,System.Action) (at ./Library/PackageCache/com.unity.test-framework@bd7f943e9647/UnityEngine.TestRunner/NUnitExtensions/Runner/UnityLogCheckDelegatingCommand.cs:83)
UnityEngine.TestRunner.NUnitExtensions.Runner.UnityLogCheckDelegatingCommand:Execute (NUnit.Framework.Internal.ITestExecutionContext) (at ./Library/PackageCache/com.unity.test-framework@bd7f943e9647/UnityEngine.TestRunner/NUnitExtensions/Runner/UnityLogCheckDelegatingCommand.cs:24)
UnityEngine.TestRunner.NUnitExtensions.Runner.UnityLogCheckDelegatingCommand/<ExecuteEnumerable>d__3:MoveNext () (at ./Library/PackageCache/com.unity.test-framework@bd7f943e9647/UnityEngine.TestRunner/NUnitExtensions/Runner/UnityLogCheckDelegatingCommand.cs:35)
UnityEngine.TestTools.BeforeAfterTestCommandBase`1/<ExecuteEnumerable>d__16<NUnit.Framework.ITestAction>:MoveNext () (at ./Library/PackageCache/com.unity.test-framework@bd7f943e9647/UnityEngine.TestRunner/NUnitExtensions/Commands/BeforeAfterTestCommandBase.cs:212)
UnityEngine.TestTools.ImmediateEnumerableCommand:Execute (NUnit.Framework.Internal.ITestExecutionContext) (at ./Library/PackageCache/com.unity.test-framework@bd7f943e9647/UnityEngine.TestRunner/NUnitExtensions/Commands/ImmediateEnumerableCommand.cs:18)
UnityEngine.TestTools.BeforeAfterTestCommandBase`1/<ExecuteEnumerable>d__16<System.Reflection.MethodInfo>:MoveNext () (at ./Library/PackageCache/com.unity.test-framework@bd7f943e9647/UnityEngine.TestRunner/NUnitExtensions/Commands/BeforeAfterTestCommandBase.cs:219)
UnityEngine.TestTools.BeforeAfterTestCommandBase`1/<ExecuteEnumerable>d__16<System.Reflection.MethodInfo>:MoveNext () (at ./Library/PackageCache/com.unity.test-framework@bd7f943e9647/UnityEngine.TestRunner/NUnitExtensions/Commands/BeforeAfterTestCommandBase.cs:212)
UnityEngine.TestTools.BeforeAfterTestCommandBase`1/<ExecuteEnumerable>d__16<UnityEngine.TestTools.IOuterUnityTestAction>:MoveNext () (at ./Library/PackageCache/com.unity.test-framework@bd7f943e9647/UnityEngine.TestRunner/NUnitExtensions/Commands/BeforeAfterTestCommandBase.cs:212)
UnityEngine.TestTools.RetryCommand/<ExecuteEnumerable>d__2:MoveNext () (at ./Library/PackageCache/com.unity.test-framework@bd7f943e9647/UnityEngine.TestRunner/NUnitExtensions/Commands/RetryCommand.cs:37)
UnityEngine.TestTools.RepeatCommand/<ExecuteEnumerable>d__2:MoveNext () (at ./Library/PackageCache/com.unity.test-framework@bd7f943e9647/UnityEngine.TestRunner/NUnitExtensions/Commands/RepeatCommand.cs:36)
UnityEngine.TestTools.IgnoreTestCommand/<ExecuteEnumerable>d__3:MoveNext () (at ./Library/PackageCache/com.unity.test-framework@bd7f943e9647/UnityEngine.TestRunner/NUnitExtensions/Commands/IgnoreTestCommand.cs:42)
UnityEngine.TestTools.StrictCheckCommand/<ExecuteEnumerable>d__2:MoveNext () (at ./Library/PackageCache/com.unity.test-framework@bd7f943e9647/UnityEngine.TestRunner/NUnitExtensions/Commands/StrictCheckCommand.cs:29)
UnityEngine.TestRunner.NUnitExtensions.Runner.DefaultTestWorkItem/<PerformWork>d__2:MoveNext () (at ./Library/PackageCache/com.unity.test-framework@bd7f943e9647/UnityEngine.TestRunner/NUnitExtensions/Runner/DefaultTestWorkItem.cs:50)
UnityEngine.TestRunner.NUnitExtensions.Runner.CompositeWorkItem/<RunChildren>d__17:MoveNext () (at ./Library/PackageCache/com.unity.test-framework@bd7f943e9647/UnityEngine.TestRunner/NUnitExtensions/Runner/CompositeWorkItem.cs:207)
UnityEngine.TestRunner.NUnitExtensions.Runner.CompositeWorkItem/<PerformWork>d__13:MoveNext () (at ./Library/PackageCache/com.unity.test-framework@bd7f943e9647/UnityEngine.TestRunner/NUnitExtensions/Runner/CompositeWorkItem.cs:82)
UnityEngine.TestRunner.NUnitExtensions.Runner.CompositeWorkItem/<RunChildren>d__17:MoveNext () (at ./Library/PackageCache/com.unity.test-framework@bd7f943e9647/UnityEngine.TestRunner/NUnitExtensions/Runner/CompositeWorkItem.cs:207)
UnityEngine.TestRunner.NUnitExtensions.Runner.CompositeWorkItem/<PerformWork>d__13:MoveNext () (at ./Library/PackageCache/com.unity.test-framework@bd7f943e9647/UnityEngine.TestRunner/NUnitExtensions/Runner/CompositeWorkItem.cs:82)
UnityEngine.TestRunner.NUnitExtensions.Runner.CompositeWorkItem/<RunChildren>d__17:MoveNext () (at ./Library/PackageCache/com.unity.test-framework@bd7f943e9647/UnityEngine.TestRunner/NUnitExtensions/Runner/CompositeWorkItem.cs:207)
UnityEngine.TestRunner.NUnitExtensions.Runner.CompositeWorkItem/<PerformWork>d__13:MoveNext () (at ./Library/PackageCache/com.unity.test-framework@bd7f943e9647/UnityEngine.TestRunner/NUnitExtensions/Runner/CompositeWorkItem.cs:82)
UnityEngine.TestRunner.NUnitExtensions.Runner.CompositeWorkItem/<RunChildren>d__17:MoveNext () (at ./Library/PackageCache/com.unity.test-framework@bd7f943e9647/UnityEngine.TestRunner/NUnitExtensions/Runner/CompositeWorkItem.cs:207)
UnityEngine.TestRunner.NUnitExtensions.Runner.CompositeWorkItem/<PerformWork>d__13:MoveNext () (at ./Library/PackageCache/com.unity.test-framework@bd7f943e9647/UnityEngine.TestRunner/NUnitExtensions/Runner/CompositeWorkItem.cs:82)
UnityEngine.TestRunner.NUnitExtensions.Runner.CompositeWorkItem/<RunChildren>d__17:MoveNext () (at ./Library/PackageCache/com.unity.test-framework@bd7f943e9647/UnityEngine.TestRunner/NUnitExtensions/Runner/CompositeWorkItem.cs:207)
UnityEngine.TestRunner.NUnitExtensions.Runner.CompositeWorkItem/<PerformWork>d__13:MoveNext () (at ./Library/PackageCache/com.unity.test-framework@bd7f943e9647/UnityEngine.TestRunner/NUnitExtensions/Runner/CompositeWorkItem.cs:82)
UnityEngine.TestRunner.NUnitExtensions.Runner.CompositeWorkItem/<RunChildren>d__17:MoveNext () (at ./Library/PackageCache/com.unity.test-framework@bd7f943e9647/UnityEngine.TestRunner/NUnitExtensions/Runner/CompositeWorkItem.cs:207)
UnityEngine.TestRunner.NUnitExtensions.Runner.CompositeWorkItem/<PerformWork>d__13:MoveNext () (at ./Library/PackageCache/com.unity.test-framework@bd7f943e9647/UnityEngine.TestRunner/NUnitExtensions/Runner/CompositeWorkItem.cs:82)
UnityEngine.TestRunner.NUnitExtensions.Runner.CompositeWorkItem/<RunChildren>d__17:MoveNext () (at ./Library/PackageCache/com.unity.test-framework@bd7f943e9647/UnityEngine.TestRunner/NUnitExtensions/Runner/CompositeWorkItem.cs:207)
UnityEngine.TestRunner.NUnitExtensions.Runner.CompositeWorkItem/<PerformWork>d__13:MoveNext () (at ./Library/PackageCache/com.unity.test-framework@bd7f943e9647/UnityEngine.TestRunner/NUnitExtensions/Runner/CompositeWorkItem.cs:82)
UnityEngine.TestRunner.NUnitExtensions.Runner.CompositeWorkItem/<RunChildren>d__17:MoveNext () (at ./Library/PackageCache/com.unity.test-framework@bd7f943e9647/UnityEngine.TestRunner/NUnitExtensions/Runner/CompositeWorkItem.cs:207)
UnityEngine.TestRunner.NUnitExtensions.Runner.CompositeWorkItem/<PerformWork>d__13:MoveNext () (at ./Library/PackageCache/com.unity.test-framework@bd7f943e9647/UnityEngine.TestRunner/NUnitExtensions/Runner/CompositeWorkItem.cs:82)
UnityEditor.TestTools.TestRunner.EditModeRunner:MoveNextAndUpdateYieldObject () (at ./Library/PackageCache/com.unity.test-framework@bd7f943e9647/UnityEditor.TestRunner/TestRunner/EditModeRunner.cs:167)
UnityEditor.TestTools.TestRunner.EditModeRunner:TestConsumer (UnityEditor.TestTools.TestRunner.TestRunnerStateSerializer) (at ./Library/PackageCache/com.unity.test-framework@bd7f943e9647/UnityEditor.TestRunner/TestRunner/EditModeRunner.cs:200)
UnityEditor.TestTools.TestRunner.TestRun.Tasks.EditModeRunTask/<Execute>d__1:MoveNext () (at ./Library/PackageCache/com.unity.test-framework@bd7f943e9647/UnityEditor.TestRunner/TestRun/Tasks/EditModeRunTask.cs:48)
UnityEditor.TestTools.TestRunner.TestRun.TestJobRunner:ExecuteStep () (at ./Library/PackageCache/com.unity.test-framework@bd7f943e9647/UnityEditor.TestRunner/TestRun/TestJobRunner.cs:173)
UnityEditor.TestTools.TestRunner.TestRun.TestJobRunner:ExecuteCallback () (at ./Library/PackageCache/com.unity.test-framework@bd7f943e9647/UnityEditor.TestRunner/TestRun/TestJobRunner.cs:108)
UnityEditor.EditorApplication:Internal_CallUpdateFunctions () (at /Users/bokken/build/output/unity/unity/Editor/Mono/EditorApplication.cs:392)

(Filename: ./Packages/com.xrlab.chooguard.foundation/Multiplayer/Tests/Editor/WorldMotionAdapterTests.cs Line: 109)

World motion traversal 0.41 rolling_stock_metro -> metro_platforms steps=100 seconds=0.3190485
UnityEngine.Debug:ExtractStackTraceNoAlloc (byte*,int,string)
UnityEngine.StackTraceUtility:ExtractStackTrace () (at /Users/bokken/build/output/unity/unity/Runtime/Export/Scripting/StackTrace.cs:35)
UnityEngine.DebugLogHandler:Internal_Log (UnityEngine.LogType,UnityEngine.LogOption,string,UnityEngine.Object)
UnityEngine.DebugLogHandler:LogFormat (UnityEngine.LogType,UnityEngine.Object,string,object[])
UnityEngine.Logger:Log (UnityEngine.LogType,object)
UnityEngine.Debug:Log (object)
ChooGuard.Foundation.Multiplayer.Tests.WorldMotionAdapterTests:BothProfilesTraverseAllThirteenRegionsAndAllTwentyFourPortalDirections (string,bool,double) (at ./Packages/com.xrlab.chooguard.foundation/Multiplayer/Tests/Editor/WorldMotionAdapterTests.cs:109)
System.Reflection.RuntimeMethodInfo:Invoke (object,System.Reflection.BindingFlags,System.Reflection.Binder,object[],System.Globalization.CultureInfo)
System.Reflection.MethodBase:Invoke (object,object[])
NUnit.Framework.Internal.Reflect:InvokeMethod (System.Reflection.MethodInfo,object,object[])
NUnit.Framework.Internal.MethodWrapper:Invoke (object,object[])
NUnit.Framework.Internal.Commands.TestMethodCommand:RunNonAsyncTestMethod (NUnit.Framework.Internal.ITestExecutionContext)
NUnit.Framework.Internal.Commands.TestMethodCommand:RunTestMethod (NUnit.Framework.Internal.ITestExecutionContext)
NUnit.Framework.Internal.Commands.TestMethodCommand:Execute (NUnit.Framework.Internal.ITestExecutionContext)
UnityEngine.TestTools.UnityTestMethodCommand:Execute (NUnit.Framework.Internal.ITestExecutionContext) (at ./Library/PackageCache/com.unity.test-framework@bd7f943e9647/UnityEngine.TestRunner/NUnitExtensions/Commands/UnityTestMethodCommand.cs:19)
UnityEngine.TestRunner.NUnitExtensions.Runner.UnityLogCheckDelegatingCommand/<>c__DisplayClass2_0:<Execute>b__0 () (at ./Library/PackageCache/com.unity.test-framework@bd7f943e9647/UnityEngine.TestRunner/NUnitExtensions/Runner/UnityLogCheckDelegatingCommand.cs:24)
UnityEngine.TestRunner.NUnitExtensions.Runner.UnityLogCheckDelegatingCommand:CaptureException (NUnit.Framework.Internal.TestResult,System.Action) (at ./Library/PackageCache/com.unity.test-framework@bd7f943e9647/UnityEngine.TestRunner/NUnitExtensions/Runner/UnityLogCheckDelegatingCommand.cs:72)
UnityEngine.TestRunner.NUnitExtensions.Runner.UnityLogCheckDelegatingCommand:ExecuteAndCheckLog (UnityEngine.TestTools.Logging.LogScope,NUnit.Framework.Internal.TestResult,System.Action) (at ./Library/PackageCache/com.unity.test-framework@bd7f943e9647/UnityEngine.TestRunner/NUnitExtensions/Runner/UnityLogCheckDelegatingCommand.cs:83)
UnityEngine.TestRunner.NUnitExtensions.Runner.UnityLogCheckDelegatingCommand:Execute (NUnit.Framework.Internal.ITestExecutionContext) (at ./Library/PackageCache/com.unity.test-framework@bd7f943e9647/UnityEngine.TestRunner/NUnitExtensions/Runner/UnityLogCheckDelegatingCommand.cs:24)
UnityEngine.TestRunner.NUnitExtensions.Runner.UnityLogCheckDelegatingCommand/<ExecuteEnumerable>d__3:MoveNext () (at ./Library/PackageCache/com.unity.test-framework@bd7f943e9647/UnityEngine.TestRunner/NUnitExtensions/Runner/UnityLogCheckDelegatingCommand.cs:35)
UnityEngine.TestTools.BeforeAfterTestCommandBase`1/<ExecuteEnumerable>d__16<NUnit.Framework.ITestAction>:MoveNext () (at ./Library/PackageCache/com.unity.test-framework@bd7f943e9647/UnityEngine.TestRunner/NUnitExtensions/Commands/BeforeAfterTestCommandBase.cs:212)
UnityEngine.TestTools.ImmediateEnumerableCommand:Execute (NUnit.Framework.Internal.ITestExecutionContext) (at ./Library/PackageCache/com.unity.test-framework@bd7f943e9647/UnityEngine.TestRunner/NUnitExtensions/Commands/ImmediateEnumerableCommand.cs:18)
UnityEngine.TestTools.BeforeAfterTestCommandBase`1/<ExecuteEnumerable>d__16<System.Reflection.MethodInfo>:MoveNext () (at ./Library/PackageCache/com.unity.test-framework@bd7f943e9647/UnityEngine.TestRunner/NUnitExtensions/Commands/BeforeAfterTestCommandBase.cs:219)
UnityEngine.TestTools.BeforeAfterTestCommandBase`1/<ExecuteEnumerable>d__16<System.Reflection.MethodInfo>:MoveNext () (at ./Library/PackageCache/com.unity.test-framework@bd7f943e9647/UnityEngine.TestRunner/NUnitExtensions/Commands/BeforeAfterTestCommandBase.cs:212)
UnityEngine.TestTools.BeforeAfterTestCommandBase`1/<ExecuteEnumerable>d__16<UnityEngine.TestTools.IOuterUnityTestAction>:MoveNext () (at ./Library/PackageCache/com.unity.test-framework@bd7f943e9647/UnityEngine.TestRunner/NUnitExtensions/Commands/BeforeAfterTestCommandBase.cs:212)
UnityEngine.TestTools.RetryCommand/<ExecuteEnumerable>d__2:MoveNext () (at ./Library/PackageCache/com.unity.test-framework@bd7f943e9647/UnityEngine.TestRunner/NUnitExtensions/Commands/RetryCommand.cs:37)
UnityEngine.TestTools.RepeatCommand/<ExecuteEnumerable>d__2:MoveNext () (at ./Library/PackageCache/com.unity.test-framework@bd7f943e9647/UnityEngine.TestRunner/NUnitExtensions/Commands/RepeatCommand.cs:36)
UnityEngine.TestTools.IgnoreTestCommand/<ExecuteEnumerable>d__3:MoveNext () (at ./Library/PackageCache/com.unity.test-framework@bd7f943e9647/UnityEngine.TestRunner/NUnitExtensions/Commands/IgnoreTestCommand.cs:42)
UnityEngine.TestTools.StrictCheckCommand/<ExecuteEnumerable>d__2:MoveNext () (at ./Library/PackageCache/com.unity.test-framework@bd7f943e9647/UnityEngine.TestRunner/NUnitExtensions/Commands/StrictCheckCommand.cs:29)
UnityEngine.TestRunner.NUnitExtensions.Runner.DefaultTestWorkItem/<PerformWork>d__2:MoveNext () (at ./Library/PackageCache/com.unity.test-framework@bd7f943e9647/UnityEngine.TestRunner/NUnitExtensions/Runner/DefaultTestWorkItem.cs:50)
UnityEngine.TestRunner.NUnitExtensions.Runner.CompositeWorkItem/<RunChildren>d__17:MoveNext () (at ./Library/PackageCache/com.unity.test-framework@bd7f943e9647/UnityEngine.TestRunner/NUnitExtensions/Runner/CompositeWorkItem.cs:207)
UnityEngine.TestRunner.NUnitExtensions.Runner.CompositeWorkItem/<PerformWork>d__13:MoveNext () (at ./Library/PackageCache/com.unity.test-framework@bd7f943e9647/UnityEngine.TestRunner/NUnitExtensions/Runner/CompositeWorkItem.cs:82)
UnityEngine.TestRunner.NUnitExtensions.Runner.CompositeWorkItem/<RunChildren>d__17:MoveNext () (at ./Library/PackageCache/com.unity.test-framework@bd7f943e9647/UnityEngine.TestRunner/NUnitExtensions/Runner/CompositeWorkItem.cs:207)
UnityEngine.TestRunner.NUnitExtensions.Runner.CompositeWorkItem/<PerformWork>d__13:MoveNext () (at ./Library/PackageCache/com.unity.test-framework@bd7f943e9647/UnityEngine.TestRunner/NUnitExtensions/Runner/CompositeWorkItem.cs:82)
UnityEngine.TestRunner.NUnitExtensions.Runner.CompositeWorkItem/<RunChildren>d__17:MoveNext () (at ./Library/PackageCache/com.unity.test-framework@bd7f943e9647/UnityEngine.TestRunner/NUnitExtensions/Runner/CompositeWorkItem.cs:207)
UnityEngine.TestRunner.NUnitExtensions.Runner.CompositeWorkItem/<PerformWork>d__13:MoveNext () (at ./Library/PackageCache/com.unity.test-framework@bd7f943e9647/UnityEngine.TestRunner/NUnitExtensions/Runner/CompositeWorkItem.cs:82)
UnityEngine.TestRunner.NUnitExtensions.Runner.CompositeWorkItem/<RunChildren>d__17:MoveNext () (at ./Library/PackageCache/com.unity.test-framework@bd7f943e9647/UnityEngine.TestRunner/NUnitExtensions/Runner/CompositeWorkItem.cs:207)
UnityEngine.TestRunner.NUnitExtensions.Runner.CompositeWorkItem/<PerformWork>d__13:MoveNext () (at ./Library/PackageCache/com.unity.test-framework@bd7f943e9647/UnityEngine.TestRunner/NUnitExtensions/Runner/CompositeWorkItem.cs:82)
UnityEngine.TestRunner.NUnitExtensions.Runner.CompositeWorkItem/<RunChildren>d__17:MoveNext () (at ./Library/PackageCache/com.unity.test-framework@bd7f943e9647/UnityEngine.TestRunner/NUnitExtensions/Runner/CompositeWorkItem.cs:207)
UnityEngine.TestRunner.NUnitExtensions.Runner.CompositeWorkItem/<PerformWork>d__13:MoveNext () (at ./Library/PackageCache/com.unity.test-framework@bd7f943e9647/UnityEngine.TestRunner/NUnitExtensions/Runner/CompositeWorkItem.cs:82)
UnityEngine.TestRunner.NUnitExtensions.Runner.CompositeWorkItem/<RunChildren>d__17:MoveNext () (at ./Library/PackageCache/com.unity.test-framework@bd7f943e9647/UnityEngine.TestRunner/NUnitExtensions/Runner/CompositeWorkItem.cs:207)
UnityEngine.TestRunner.NUnitExtensions.Runner.CompositeWorkItem/<PerformWork>d__13:MoveNext () (at ./Library/PackageCache/com.unity.test-framework@bd7f943e9647/UnityEngine.TestRunner/NUnitExtensions/Runner/CompositeWorkItem.cs:82)
UnityEngine.TestRunner.NUnitExtensions.Runner.CompositeWorkItem/<RunChildren>d__17:MoveNext () (at ./Library/PackageCache/com.unity.test-framework@bd7f943e9647/UnityEngine.TestRunner/NUnitExtensions/Runner/CompositeWorkItem.cs:207)
UnityEngine.TestRunner.NUnitExtensions.Runner.CompositeWorkItem/<PerformWork>d__13:MoveNext () (at ./Library/PackageCache/com.unity.test-framework@bd7f943e9647/UnityEngine.TestRunner/NUnitExtensions/Runner/CompositeWorkItem.cs:82)
UnityEngine.TestRunner.NUnitExtensions.Runner.CompositeWorkItem/<RunChildren>d__17:MoveNext () (at ./Library/PackageCache/com.unity.test-framework@bd7f943e9647/UnityEngine.TestRunner/NUnitExtensions/Runner/CompositeWorkItem.cs:207)
UnityEngine.TestRunner.NUnitExtensions.Runner.CompositeWorkItem/<PerformWork>d__13:MoveNext () (at ./Library/PackageCache/com.unity.test-framework@bd7f943e9647/UnityEngine.TestRunner/NUnitExtensions/Runner/CompositeWorkItem.cs:82)
UnityEditor.TestTools.TestRunner.EditModeRunner:MoveNextAndUpdateYieldObject () (at ./Library/PackageCache/com.unity.test-framework@bd7f943e9647/UnityEditor.TestRunner/TestRunner/EditModeRunner.cs:167)
UnityEditor.TestTools.TestRunner.EditModeRunner:TestConsumer (UnityEditor.TestTools.TestRunner.TestRunnerStateSerializer) (at ./Library/PackageCache/com.unity.test-framework@bd7f943e9647/UnityEditor.TestRunner/TestRunner/EditModeRunner.cs:200)
UnityEditor.TestTools.TestRunner.TestRun.Tasks.EditModeRunTask/<Execute>d__1:MoveNext () (at ./Library/PackageCache/com.unity.test-framework@bd7f943e9647/UnityEditor.TestRunner/TestRun/Tasks/EditModeRunTask.cs:48)
UnityEditor.TestTools.TestRunner.TestRun.TestJobRunner:ExecuteStep () (at ./Library/PackageCache/com.unity.test-framework@bd7f943e9647/UnityEditor.TestRunner/TestRun/TestJobRunner.cs:173)
UnityEditor.TestTools.TestRunner.TestRun.TestJobRunner:ExecuteCallback () (at ./Library/PackageCache/com.unity.test-framework@bd7f943e9647/UnityEditor.TestRunner/TestRun/TestJobRunner.cs:108)
UnityEditor.EditorApplication:Internal_CallUpdateFunctions () (at /Users/bokken/build/output/unity/unity/Editor/Mono/EditorApplication.cs:392)

(Filename: ./Packages/com.xrlab.chooguard.foundation/Multiplayer/Tests/Editor/WorldMotionAdapterTests.cs Line: 109)

World motion traversal 0.41 metro_platforms -> rolling_stock_metro steps=100 seconds=0.2654216
UnityEngine.Debug:ExtractStackTraceNoAlloc (byte*,int,string)
UnityEngine.StackTraceUtility:ExtractStackTrace () (at /Users/bokken/build/output/unity/unity/Runtime/Export/Scripting/StackTrace.cs:35)
UnityEngine.DebugLogHandler:Internal_Log (UnityEngine.LogType,UnityEngine.LogOption,string,UnityEngine.Object)
UnityEngine.DebugLogHandler:LogFormat (UnityEngine.LogType,UnityEngine.Object,string,object[])
UnityEngine.Logger:Log (UnityEngine.LogType,object)
UnityEngine.Debug:Log (object)
ChooGuard.Foundation.Multiplayer.Tests.WorldMotionAdapterTests:BothProfilesTraverseAllThirteenRegionsAndAllTwentyFourPortalDirections (string,bool,double) (at ./Packages/com.xrlab.chooguard.foundation/Multiplayer/Tests/Editor/WorldMotionAdapterTests.cs:109)
System.Reflection.RuntimeMethodInfo:Invoke (object,System.Reflection.BindingFlags,System.Reflection.Binder,object[],System.Globalization.CultureInfo)
System.Reflection.MethodBase:Invoke (object,object[])
NUnit.Framework.Internal.Reflect:InvokeMethod (System.Reflection.MethodInfo,object,object[])
NUnit.Framework.Internal.MethodWrapper:Invoke (object,object[])
NUnit.Framework.Internal.Commands.TestMethodCommand:RunNonAsyncTestMethod (NUnit.Framework.Internal.ITestExecutionContext)
NUnit.Framework.Internal.Commands.TestMethodCommand:RunTestMethod (NUnit.Framework.Internal.ITestExecutionContext)
NUnit.Framework.Internal.Commands.TestMethodCommand:Execute (NUnit.Framework.Internal.ITestExecutionContext)
UnityEngine.TestTools.UnityTestMethodCommand:Execute (NUnit.Framework.Internal.ITestExecutionContext) (at ./Library/PackageCache/com.unity.test-framework@bd7f943e9647/UnityEngine.TestRunner/NUnitExtensions/Commands/UnityTestMethodCommand.cs:19)
UnityEngine.TestRunner.NUnitExtensions.Runner.UnityLogCheckDelegatingCommand/<>c__DisplayClass2_0:<Execute>b__0 () (at ./Library/PackageCache/com.unity.test-framework@bd7f943e9647/UnityEngine.TestRunner/NUnitExtensions/Runner/UnityLogCheckDelegatingCommand.cs:24)
UnityEngine.TestRunner.NUnitExtensions.Runner.UnityLogCheckDelegatingCommand:CaptureException (NUnit.Framework.Internal.TestResult,System.Action) (at ./Library/PackageCache/com.unity.test-framework@bd7f943e9647/UnityEngine.TestRunner/NUnitExtensions/Runner/UnityLogCheckDelegatingCommand.cs:72)
UnityEngine.TestRunner.NUnitExtensions.Runner.UnityLogCheckDelegatingCommand:ExecuteAndCheckLog (UnityEngine.TestTools.Logging.LogScope,NUnit.Framework.Internal.TestResult,System.Action) (at ./Library/PackageCache/com.unity.test-framework@bd7f943e9647/UnityEngine.TestRunner/NUnitExtensions/Runner/UnityLogCheckDelegatingCommand.cs:83)
UnityEngine.TestRunner.NUnitExtensions.Runner.UnityLogCheckDelegatingCommand:Execute (NUnit.Framework.Internal.ITestExecutionContext) (at ./Library/PackageCache/com.unity.test-framework@bd7f943e9647/UnityEngine.TestRunner/NUnitExtensions/Runner/UnityLogCheckDelegatingCommand.cs:24)
UnityEngine.TestRunner.NUnitExtensions.Runner.UnityLogCheckDelegatingCommand/<ExecuteEnumerable>d__3:MoveNext () (at ./Library/PackageCache/com.unity.test-framework@bd7f943e9647/UnityEngine.TestRunner/NUnitExtensions/Runner/UnityLogCheckDelegatingCommand.cs:35)
UnityEngine.TestTools.BeforeAfterTestCommandBase`1/<ExecuteEnumerable>d__16<NUnit.Framework.ITestAction>:MoveNext () (at ./Library/PackageCache/com.unity.test-framework@bd7f943e9647/UnityEngine.TestRunner/NUnitExtensions/Commands/BeforeAfterTestCommandBase.cs:212)
UnityEngine.TestTools.ImmediateEnumerableCommand:Execute (NUnit.Framework.Internal.ITestExecutionContext) (at ./Library/PackageCache/com.unity.test-framework@bd7f943e9647/UnityEngine.TestRunner/NUnitExtensions/Commands/ImmediateEnumerableCommand.cs:18)
UnityEngine.TestTools.BeforeAfterTestCommandBase`1/<ExecuteEnumerable>d__16<System.Reflection.MethodInfo>:MoveNext () (at ./Library/PackageCache/com.unity.test-framework@bd7f943e9647/UnityEngine.TestRunner/NUnitExtensions/Commands/BeforeAfterTestCommandBase.cs:219)
UnityEngine.TestTools.BeforeAfterTestCommandBase`1/<ExecuteEnumerable>d__16<System.Reflection.MethodInfo>:MoveNext () (at ./Library/PackageCache/com.unity.test-framework@bd7f943e9647/UnityEngine.TestRunner/NUnitExtensions/Commands/BeforeAfterTestCommandBase.cs:212)
UnityEngine.TestTools.BeforeAfterTestCommandBase`1/<ExecuteEnumerable>d__16<UnityEngine.TestTools.IOuterUnityTestAction>:MoveNext () (at ./Library/PackageCache/com.unity.test-framework@bd7f943e9647/UnityEngine.TestRunner/NUnitExtensions/Commands/BeforeAfterTestCommandBase.cs:212)
UnityEngine.TestTools.RetryCommand/<ExecuteEnumerable>d__2:MoveNext () (at ./Library/PackageCache/com.unity.test-framework@bd7f943e9647/UnityEngine.TestRunner/NUnitExtensions/Commands/RetryCommand.cs:37)
UnityEngine.TestTools.RepeatCommand/<ExecuteEnumerable>d__2:MoveNext () (at ./Library/PackageCache/com.unity.test-framework@bd7f943e9647/UnityEngine.TestRunner/NUnitExtensions/Commands/RepeatCommand.cs:36)
UnityEngine.TestTools.IgnoreTestCommand/<ExecuteEnumerable>d__3:MoveNext () (at ./Library/PackageCache/com.unity.test-framework@bd7f943e9647/UnityEngine.TestRunner/NUnitExtensions/Commands/IgnoreTestCommand.cs:42)
UnityEngine.TestTools.StrictCheckCommand/<ExecuteEnumerable>d__2:MoveNext () (at ./Library/PackageCache/com.unity.test-framework@bd7f943e9647/UnityEngine.TestRunner/NUnitExtensions/Commands/StrictCheckCommand.cs:29)
UnityEngine.TestRunner.NUnitExtensions.Runner.DefaultTestWorkItem/<PerformWork>d__2:MoveNext () (at ./Library/PackageCache/com.unity.test-framework@bd7f943e9647/UnityEngine.TestRunner/NUnitExtensions/Runner/DefaultTestWorkItem.cs:50)
UnityEngine.TestRunner.NUnitExtensions.Runner.CompositeWorkItem/<RunChildren>d__17:MoveNext () (at ./Library/PackageCache/com.unity.test-framework@bd7f943e9647/UnityEngine.TestRunner/NUnitExtensions/Runner/CompositeWorkItem.cs:207)
UnityEngine.TestRunner.NUnitExtensions.Runner.CompositeWorkItem/<PerformWork>d__13:MoveNext () (at ./Library/PackageCache/com.unity.test-framework@bd7f943e9647/UnityEngine.TestRunner/NUnitExtensions/Runner/CompositeWorkItem.cs:82)
UnityEngine.TestRunner.NUnitExtensions.Runner.CompositeWorkItem/<RunChildren>d__17:MoveNext () (at ./Library/PackageCache/com.unity.test-framework@bd7f943e9647/UnityEngine.TestRunner/NUnitExtensions/Runner/CompositeWorkItem.cs:207)
UnityEngine.TestRunner.NUnitExtensions.Runner.CompositeWorkItem/<PerformWork>d__13:MoveNext () (at ./Library/PackageCache/com.unity.test-framework@bd7f943e9647/UnityEngine.TestRunner/NUnitExtensions/Runner/CompositeWorkItem.cs:82)
UnityEngine.TestRunner.NUnitExtensions.Runner.CompositeWorkItem/<RunChildren>d__17:MoveNext () (at ./Library/PackageCache/com.unity.test-framework@bd7f943e9647/UnityEngine.TestRunner/NUnitExtensions/Runner/CompositeWorkItem.cs:207)
UnityEngine.TestRunner.NUnitExtensions.Runner.CompositeWorkItem/<PerformWork>d__13:MoveNext () (at ./Library/PackageCache/com.unity.test-framework@bd7f943e9647/UnityEngine.TestRunner/NUnitExtensions/Runner/CompositeWorkItem.cs:82)
UnityEngine.TestRunner.NUnitExtensions.Runner.CompositeWorkItem/<RunChildren>d__17:MoveNext () (at ./Library/PackageCache/com.unity.test-framework@bd7f943e9647/UnityEngine.TestRunner/NUnitExtensions/Runner/CompositeWorkItem.cs:207)
UnityEngine.TestRunner.NUnitExtensions.Runner.CompositeWorkItem/<PerformWork>d__13:MoveNext () (at ./Library/PackageCache/com.unity.test-framework@bd7f943e9647/UnityEngine.TestRunner/NUnitExtensions/Runner/CompositeWorkItem.cs:82)
UnityEngine.TestRunner.NUnitExtensions.Runner.CompositeWorkItem/<RunChildren>d__17:MoveNext () (at ./Library/PackageCache/com.unity.test-framework@bd7f943e9647/UnityEngine.TestRunner/NUnitExtensions/Runner/CompositeWorkItem.cs:207)
UnityEngine.TestRunner.NUnitExtensions.Runner.CompositeWorkItem/<PerformWork>d__13:MoveNext () (at ./Library/PackageCache/com.unity.test-framework@bd7f943e9647/UnityEngine.TestRunner/NUnitExtensions/Runner/CompositeWorkItem.cs:82)
UnityEngine.TestRunner.NUnitExtensions.Runner.CompositeWorkItem/<RunChildren>d__17:MoveNext () (at ./Library/PackageCache/com.unity.test-framework@bd7f943e9647/UnityEngine.TestRunner/NUnitExtensions/Runner/CompositeWorkItem.cs:207)
UnityEngine.TestRunner.NUnitExtensions.Runner.CompositeWorkItem/<PerformWork>d__13:MoveNext () (at ./Library/PackageCache/com.unity.test-framework@bd7f943e9647/UnityEngine.TestRunner/NUnitExtensions/Runner/CompositeWorkItem.cs:82)
UnityEngine.TestRunner.NUnitExtensions.Runner.CompositeWorkItem/<RunChildren>d__17:MoveNext () (at ./Library/PackageCache/com.unity.test-framework@bd7f943e9647/UnityEngine.TestRunner/NUnitExtensions/Runner/CompositeWorkItem.cs:207)
UnityEngine.TestRunner.NUnitExtensions.Runner.CompositeWorkItem/<PerformWork>d__13:MoveNext () (at ./Library/PackageCache/com.unity.test-framework@bd7f943e9647/UnityEngine.TestRunner/NUnitExtensions/Runner/CompositeWorkItem.cs:82)
UnityEngine.TestRunner.NUnitExtensions.Runner.CompositeWorkItem/<RunChildren>d__17:MoveNext () (at ./Library/PackageCache/com.unity.test-framework@bd7f943e9647/UnityEngine.TestRunner/NUnitExtensions/Runner/CompositeWorkItem.cs:207)
UnityEngine.TestRunner.NUnitExtensions.Runner.CompositeWorkItem/<PerformWork>d__13:MoveNext () (at ./Library/PackageCache/com.unity.test-framework@bd7f943e9647/UnityEngine.TestRunner/NUnitExtensions/Runner/CompositeWorkItem.cs:82)
UnityEditor.TestTools.TestRunner.EditModeRunner:MoveNextAndUpdateYieldObject () (at ./Library/PackageCache/com.unity.test-framework@bd7f943e9647/UnityEditor.TestRunner/TestRunner/EditModeRunner.cs:167)
UnityEditor.TestTools.TestRunner.EditModeRunner:TestConsumer (UnityEditor.TestTools.TestRunner.TestRunnerStateSerializer) (at ./Library/PackageCache/com.unity.test-framework@bd7f943e9647/UnityEditor.TestRunner/TestRunner/EditModeRunner.cs:200)
UnityEditor.TestTools.TestRunner.TestRun.Tasks.EditModeRunTask/<Execute>d__1:MoveNext () (at ./Library/PackageCache/com.unity.test-framework@bd7f943e9647/UnityEditor.TestRunner/TestRun/Tasks/EditModeRunTask.cs:48)
UnityEditor.TestTools.TestRunner.TestRun.TestJobRunner:ExecuteStep () (at ./Library/PackageCache/com.unity.test-framework@bd7f943e9647/UnityEditor.TestRunner/TestRun/TestJobRunner.cs:173)
UnityEditor.TestTools.TestRunner.TestRun.TestJobRunner:ExecuteCallback () (at ./Library/PackageCache/com.unity.test-framework@bd7f943e9647/UnityEditor.TestRunner/TestRun/TestJobRunner.cs:108)
UnityEditor.EditorApplication:Internal_CallUpdateFunctions () (at /Users/bokken/build/output/unity/unity/Editor/Mono/EditorApplication.cs:392)

(Filename: ./Packages/com.xrlab.chooguard.foundation/Multiplayer/Tests/Editor/WorldMotionAdapterTests.cs Line: 109)

TrimDiskCacheJob: Current cache size 0mb
World motion120 body step milliseconds (10 synthetic50ms ticks): 104.774,46.281,46.218,49.543,57.603,56.909,57.038,58.494,57.691,56.949
UnityEngine.Debug:ExtractStackTraceNoAlloc (byte*,int,string)
UnityEngine.StackTraceUtility:ExtractStackTrace () (at /Users/bokken/build/output/unity/unity/Runtime/Export/Scripting/StackTrace.cs:35)
UnityEngine.DebugLogHandler:Internal_Log (UnityEngine.LogType,UnityEngine.LogOption,string,UnityEngine.Object)
UnityEngine.DebugLogHandler:LogFormat (UnityEngine.LogType,UnityEngine.Object,string,object[])
UnityEngine.Logger:Log (UnityEngine.LogType,object)
UnityEngine.Debug:Log (object)
ChooGuard.Foundation.Multiplayer.Tests.WorldMotionAdapterTests:FullRosterMixedContactAndSeparatedFloorsRemainCollective () (at ./Packages/com.xrlab.chooguard.foundation/Multiplayer/Tests/Editor/WorldMotionAdapterTests.cs:134)
System.Reflection.RuntimeMethodInfo:Invoke (object,System.Reflection.BindingFlags,System.Reflection.Binder,object[],System.Globalization.CultureInfo)
System.Reflection.MethodBase:Invoke (object,object[])
NUnit.Framework.Internal.Reflect:InvokeMethod (System.Reflection.MethodInfo,object,object[])
NUnit.Framework.Internal.MethodWrapper:Invoke (object,object[])
NUnit.Framework.Internal.Commands.TestMethodCommand:RunNonAsyncTestMethod (NUnit.Framework.Internal.ITestExecutionContext)
NUnit.Framework.Internal.Commands.TestMethodCommand:RunTestMethod (NUnit.Framework.Internal.ITestExecutionContext)
NUnit.Framework.Internal.Commands.TestMethodCommand:Execute (NUnit.Framework.Internal.ITestExecutionContext)
UnityEngine.TestTools.UnityTestMethodCommand:Execute (NUnit.Framework.Internal.ITestExecutionContext) (at ./Library/PackageCache/com.unity.test-framework@bd7f943e9647/UnityEngine.TestRunner/NUnitExtensions/Commands/UnityTestMethodCommand.cs:19)
UnityEngine.TestRunner.NUnitExtensions.Runner.UnityLogCheckDelegatingCommand/<>c__DisplayClass2_0:<Execute>b__0 () (at ./Library/PackageCache/com.unity.test-framework@bd7f943e9647/UnityEngine.TestRunner/NUnitExtensions/Runner/UnityLogCheckDelegatingCommand.cs:24)
UnityEngine.TestRunner.NUnitExtensions.Runner.UnityLogCheckDelegatingCommand:CaptureException (NUnit.Framework.Internal.TestResult,System.Action) (at ./Library/PackageCache/com.unity.test-framework@bd7f943e9647/UnityEngine.TestRunner/NUnitExtensions/Runner/UnityLogCheckDelegatingCommand.cs:72)
UnityEngine.TestRunner.NUnitExtensions.Runner.UnityLogCheckDelegatingCommand:ExecuteAndCheckLog (UnityEngine.TestTools.Logging.LogScope,NUnit.Framework.Internal.TestResult,System.Action) (at ./Library/PackageCache/com.unity.test-framework@bd7f943e9647/UnityEngine.TestRunner/NUnitExtensions/Runner/UnityLogCheckDelegatingCommand.cs:83)
UnityEngine.TestRunner.NUnitExtensions.Runner.UnityLogCheckDelegatingCommand:Execute (NUnit.Framework.Internal.ITestExecutionContext) (at ./Library/PackageCache/com.unity.test-framework@bd7f943e9647/UnityEngine.TestRunner/NUnitExtensions/Runner/UnityLogCheckDelegatingCommand.cs:24)
UnityEngine.TestRunner.NUnitExtensions.Runner.UnityLogCheckDelegatingCommand/<ExecuteEnumerable>d__3:MoveNext () (at ./Library/PackageCache/com.unity.test-framework@bd7f943e9647/UnityEngine.TestRunner/NUnitExtensions/Runner/UnityLogCheckDelegatingCommand.cs:35)
UnityEngine.TestTools.BeforeAfterTestCommandBase`1/<ExecuteEnumerable>d__16<NUnit.Framework.ITestAction>:MoveNext () (at ./Library/PackageCache/com.unity.test-framework@bd7f943e9647/UnityEngine.TestRunner/NUnitExtensions/Commands/BeforeAfterTestCommandBase.cs:212)
UnityEngine.TestTools.ImmediateEnumerableCommand:Execute (NUnit.Framework.Internal.ITestExecutionContext) (at ./Library/PackageCache/com.unity.test-framework@bd7f943e9647/UnityEngine.TestRunner/NUnitExtensions/Commands/ImmediateEnumerableCommand.cs:18)
UnityEngine.TestTools.BeforeAfterTestCommandBase`1/<ExecuteEnumerable>d__16<System.Reflection.MethodInfo>:MoveNext () (at ./Library/PackageCache/com.unity.test-framework@bd7f943e9647/UnityEngine.TestRunner/NUnitExtensions/Commands/BeforeAfterTestCommandBase.cs:219)
UnityEngine.TestTools.BeforeAfterTestCommandBase`1/<ExecuteEnumerable>d__16<System.Reflection.MethodInfo>:MoveNext () (at ./Library/PackageCache/com.unity.test-framework@bd7f943e9647/UnityEngine.TestRunner/NUnitExtensions/Commands/BeforeAfterTestCommandBase.cs:212)
UnityEngine.TestTools.BeforeAfterTestCommandBase`1/<ExecuteEnumerable>d__16<UnityEngine.TestTools.IOuterUnityTestAction>:MoveNext () (at ./Library/PackageCache/com.unity.test-framework@bd7f943e9647/UnityEngine.TestRunner/NUnitExtensions/Commands/BeforeAfterTestCommandBase.cs:212)
UnityEngine.TestTools.RetryCommand/<ExecuteEnumerable>d__2:MoveNext () (at ./Library/PackageCache/com.unity.test-framework@bd7f943e9647/UnityEngine.TestRunner/NUnitExtensions/Commands/RetryCommand.cs:37)
UnityEngine.TestTools.RepeatCommand/<ExecuteEnumerable>d__2:MoveNext () (at ./Library/PackageCache/com.unity.test-framework@bd7f943e9647/UnityEngine.TestRunner/NUnitExtensions/Commands/RepeatCommand.cs:36)
UnityEngine.TestTools.IgnoreTestCommand/<ExecuteEnumerable>d__3:MoveNext () (at ./Library/PackageCache/com.unity.test-framework@bd7f943e9647/UnityEngine.TestRunner/NUnitExtensions/Commands/IgnoreTestCommand.cs:42)
UnityEngine.TestTools.StrictCheckCommand/<ExecuteEnumerable>d__2:MoveNext () (at ./Library/PackageCache/com.unity.test-framework@bd7f943e9647/UnityEngine.TestRunner/NUnitExtensions/Commands/StrictCheckCommand.cs:29)
UnityEngine.TestRunner.NUnitExtensions.Runner.DefaultTestWorkItem/<PerformWork>d__2:MoveNext () (at ./Library/PackageCache/com.unity.test-framework@bd7f943e9647/UnityEngine.TestRunner/NUnitExtensions/Runner/DefaultTestWorkItem.cs:50)
UnityEngine.TestRunner.NUnitExtensions.Runner.CompositeWorkItem/<RunChildren>d__17:MoveNext () (at ./Library/PackageCache/com.unity.test-framework@bd7f943e9647/UnityEngine.TestRunner/NUnitExtensions/Runner/CompositeWorkItem.cs:207)
UnityEngine.TestRunner.NUnitExtensions.Runner.CompositeWorkItem/<PerformWork>d__13:MoveNext () (at ./Library/PackageCache/com.unity.test-framework@bd7f943e9647/UnityEngine.TestRunner/NUnitExtensions/Runner/CompositeWorkItem.cs:82)
UnityEngine.TestRunner.NUnitExtensions.Runner.CompositeWorkItem/<RunChildren>d__17:MoveNext () (at ./Library/PackageCache/com.unity.test-framework@bd7f943e9647/UnityEngine.TestRunner/NUnitExtensions/Runner/CompositeWorkItem.cs:207)
UnityEngine.TestRunner.NUnitExtensions.Runner.CompositeWorkItem/<PerformWork>d__13:MoveNext () (at ./Library/PackageCache/com.unity.test-framework@bd7f943e9647/UnityEngine.TestRunner/NUnitExtensions/Runner/CompositeWorkItem.cs:82)
UnityEngine.TestRunner.NUnitExtensions.Runner.CompositeWorkItem/<RunChildren>d__17:MoveNext () (at ./Library/PackageCache/com.unity.test-framework@bd7f943e9647/UnityEngine.TestRunner/NUnitExtensions/Runner/CompositeWorkItem.cs:207)
UnityEngine.TestRunner.NUnitExtensions.Runner.CompositeWorkItem/<PerformWork>d__13:MoveNext () (at ./Library/PackageCache/com.unity.test-framework@bd7f943e9647/UnityEngine.TestRunner/NUnitExtensions/Runner/CompositeWorkItem.cs:82)
UnityEngine.TestRunner.NUnitExtensions.Runner.CompositeWorkItem/<RunChildren>d__17:MoveNext () (at ./Library/PackageCache/com.unity.test-framework@bd7f943e9647/UnityEngine.TestRunner/NUnitExtensions/Runner/CompositeWorkItem.cs:207)
UnityEngine.TestRunner.NUnitExtensions.Runner.CompositeWorkItem/<PerformWork>d__13:MoveNext () (at ./Library/PackageCache/com.unity.test-framework@bd7f943e9647/UnityEngine.TestRunner/NUnitExtensions/Runner/CompositeWorkItem.cs:82)
UnityEngine.TestRunner.NUnitExtensions.Runner.CompositeWorkItem/<RunChildren>d__17:MoveNext () (at ./Library/PackageCache/com.unity.test-framework@bd7f943e9647/UnityEngine.TestRunner/NUnitExtensions/Runner/CompositeWorkItem.cs:207)
UnityEngine.TestRunner.NUnitExtensions.Runner.CompositeWorkItem/<PerformWork>d__13:MoveNext () (at ./Library/PackageCache/com.unity.test-framework@bd7f943e9647/UnityEngine.TestRunner/NUnitExtensions/Runner/CompositeWorkItem.cs:82)
UnityEngine.TestRunner.NUnitExtensions.Runner.CompositeWorkItem/<RunChildren>d__17:MoveNext () (at ./Library/PackageCache/com.unity.test-framework@bd7f943e9647/UnityEngine.TestRunner/NUnitExtensions/Runner/CompositeWorkItem.cs:207)
UnityEngine.TestRunner.NUnitExtensions.Runner.CompositeWorkItem/<PerformWork>d__13:MoveNext () (at ./Library/PackageCache/com.unity.test-framework@bd7f943e9647/UnityEngine.TestRunner/NUnitExtensions/Runner/CompositeWorkItem.cs:82)
UnityEngine.TestRunner.NUnitExtensions.Runner.CompositeWorkItem/<RunChildren>d__17:MoveNext () (at ./Library/PackageCache/com.unity.test-framework@bd7f943e9647/UnityEngine.TestRunner/NUnitExtensions/Runner/CompositeWorkItem.cs:207)
UnityEngine.TestRunner.NUnitExtensions.Runner.CompositeWorkItem/<PerformWork>d__13:MoveNext () (at ./Library/PackageCache/com.unity.test-framework@bd7f943e9647/UnityEngine.TestRunner/NUnitExtensions/Runner/CompositeWorkItem.cs:82)
UnityEditor.TestTools.TestRunner.EditModeRunner:MoveNextAndUpdateYieldObject () (at ./Library/PackageCache/com.unity.test-framework@bd7f943e9647/UnityEditor.TestRunner/TestRunner/EditModeRunner.cs:167)
UnityEditor.TestTools.TestRunner.EditModeRunner:TestConsumer (UnityEditor.TestTools.TestRunner.TestRunnerStateSerializer) (at ./Library/PackageCache/com.unity.test-framework@bd7f943e9647/UnityEditor.TestRunner/TestRunner/EditModeRunner.cs:200)
UnityEditor.TestTools.TestRunner.TestRun.Tasks.EditModeRunTask/<Execute>d__1:MoveNext () (at ./Library/PackageCache/com.unity.test-framework@bd7f943e9647/UnityEditor.TestRunner/TestRun/Tasks/EditModeRunTask.cs:48)
UnityEditor.TestTools.TestRunner.TestRun.TestJobRunner:ExecuteStep () (at ./Library/PackageCache/com.unity.test-framework@bd7f943e9647/UnityEditor.TestRunner/TestRun/TestJobRunner.cs:173)
UnityEditor.TestTools.TestRunner.TestRun.TestJobRunner:ExecuteCallback () (at ./Library/PackageCache/com.unity.test-framework@bd7f943e9647/UnityEditor.TestRunner/TestRun/TestJobRunner.cs:108)
UnityEditor.EditorApplication:Internal_CallUpdateFunctions () (at /Users/bokken/build/output/unity/unity/Editor/Mono/EditorApplication.cs:392)

(Filename: ./Packages/com.xrlab.chooguard.foundation/Multiplayer/Tests/Editor/WorldMotionAdapterTests.cs Line: 134)

Unloading 14 Unused Serialized files (Serialized files now loaded: 0)
Unloading 571 unused Assets / (151.5 KB). Loaded Objects now: 2739.
Memory consumption went from 143.6 MB to 143.5 MB.
Total: 11.189375 ms (FindLiveObjects: 0.093042 ms CreateObjectMapping: 0.033042 ms MarkObjects: 10.602208 ms  DeleteObjects: 0.460375 ms)

Refreshing native plugins compatible for Editor in 0.83 ms, found 1 plugins.
Preloading 1 native plugins for Editor in 3.66 ms.
Asset Pipeline Refresh (id=aa8816ad162254e45bc4576107b0e116): Total: 0.025 seconds - Initiated by StopAssetImportingV2(NoUpdateAssetOptions)
Saving results to: /Users/um-yunsang/Library/Application Support/XRLab/CHOOguard Foundation/TestResults.xml
Saving results to: /Users/um-yunsang/CHOOGuard/docs/evidence/work-items/FMP-08a/FMP-08a-mutation-P.xml
Executing IPostBuildCleanup for: Unity.PerformanceTesting.Editor.TestRunBuilder.
UnityEngine.Debug:ExtractStackTraceNoAlloc (byte*,int,string)
UnityEngine.StackTraceUtility:ExtractStackTrace () (at /Users/bokken/build/output/unity/unity/Runtime/Export/Scripting/StackTrace.cs:35)
UnityEngine.DebugLogHandler:Internal_Log (UnityEngine.LogType,UnityEngine.LogOption,string,UnityEngine.Object)
UnityEngine.DebugLogHandler:LogFormat (UnityEngine.LogType,UnityEngine.Object,string,object[])
UnityEngine.Logger:Log (UnityEngine.LogType,object)
UnityEngine.Debug:Log (object)
UnityEditor.TestTools.TestRunner.TestRun.Tasks.BuildActionTaskBase`1/<ExecuteMethods>d__8<UnityEngine.TestTools.IPostBuildCleanup>:MoveNext () (at ./Library/PackageCache/com.unity.test-framework@bd7f943e9647/UnityEditor.TestRunner/TestRun/Tasks/BuildActionTaskBase.cs:48)
UnityEditor.TestTools.TestRunner.TestRun.Tasks.BuildActionTaskBase`1/<Execute>d__7<UnityEngine.TestTools.IPostBuildCleanup>:MoveNext () (at ./Library/PackageCache/com.unity.test-framework@bd7f943e9647/UnityEditor.TestRunner/TestRun/Tasks/BuildActionTaskBase.cs:34)
UnityEditor.TestTools.TestRunner.TestRun.TestJobRunner:ExecuteStep () (at ./Library/PackageCache/com.unity.test-framework@bd7f943e9647/UnityEditor.TestRunner/TestRun/TestJobRunner.cs:173)
UnityEditor.TestTools.TestRunner.TestRun.TestJobRunner:ExecuteCallback () (at ./Library/PackageCache/com.unity.test-framework@bd7f943e9647/UnityEditor.TestRunner/TestRun/TestJobRunner.cs:108)
UnityEditor.EditorApplication:Internal_CallUpdateFunctions () (at /Users/bokken/build/output/unity/unity/Editor/Mono/EditorApplication.cs:392)

(Filename: ./Library/PackageCache/com.unity.test-framework@bd7f943e9647/UnityEditor.TestRunner/TestRun/Tasks/BuildActionTaskBase.cs Line: 48)

Unloading 0 Unused Serialized files (Serialized files now loaded: 0)
Unloading 22 unused Assets / (0.8 KB). Loaded Objects now: 2738.
Memory consumption went from 140.5 MB to 140.5 MB.
Total: 8.870459 ms (FindLiveObjects: 0.085416 ms CreateObjectMapping: 0.031709 ms MarkObjects: 8.723833 ms  DeleteObjects: 0.028750 ms)

DisplayProgressbar: Undo
Test run completed. Exiting with code 2 (Failed). One or more tests failed.
UnityEngine.Debug:ExtractStackTraceNoAlloc (byte*,int,string)
UnityEngine.StackTraceUtility:ExtractStackTrace () (at /Users/bokken/build/output/unity/unity/Runtime/Export/Scripting/StackTrace.cs:35)
UnityEngine.DebugLogHandler:Internal_Log (UnityEngine.LogType,UnityEngine.LogOption,string,UnityEngine.Object)
UnityEngine.DebugLogHandler:LogFormat (UnityEngine.LogType,UnityEngine.Object,string,object[])
UnityEngine.Logger:Log (UnityEngine.LogType,object)
UnityEngine.Debug:Log (object)
UnityEditor.TestTools.TestRunner.CommandLineTest.Executer:ExitApplication (UnityEditor.TestTools.TestRunner.CommandLineTest.Executer/ReturnCodes,string) (at ./Library/PackageCache/com.unity.test-framework@bd7f943e9647/UnityEditor.TestRunner/CommandLineTest/Executer.cs:81)
UnityEditor.TestTools.TestRunner.CommandLineTest.Executer:ExitIfRunIsCompleted () (at ./Library/PackageCache/com.unity.test-framework@bd7f943e9647/UnityEditor.TestRunner/CommandLineTest/Executer.cs:74)
UnityEditor.EditorApplication:Internal_CallUpdateFunctions () (at /Users/bokken/build/output/unity/unity/Editor/Mono/EditorApplication.cs:392)

(Filename: ./Library/PackageCache/com.unity.test-framework@bd7f943e9647/UnityEditor.TestRunner/CommandLineTest/Executer.cs Line: 81)

Pipeline Server stopped
Thread 0x16fdc3000 may have been prematurely finalized
The command could not be loaded, possibly because:
  * You intended to execute a .NET application:
      The application 'build-server' does not exist.
  * You intended to execute a .NET SDK command:
      No .NET SDKs were found.

Download a .NET SDK:
https://aka.ms/dotnet-download

Learn about SDK resolution:
https://aka.ms/dotnet/sdk-not-found
Input System module state changed to: ShutdownInProgress.
Input System polling thread exited.
Input System module state changed to: Shutdown.
[Physics::Module] Cleanup current backend.
[Physics::Module] Id: 0xf2b8ea05
[Licensing::IpcConnector] LicenseClient-um-yunsang-notifications channel disconnected successfully.
[Licensing::IpcConnector] LicenseClient-um-yunsang channel disconnected successfully.
Thread 0x17070f000 may have been prematurely finalized
Thread 0x1708b3000 may have been prematurely finalized
Thread 0x1705f7000 may have been prematurely finalized
Thread 0x170683000 may have been prematurely finalized
Thread 0x17079b000 may have been prematurely finalized
Thread 0x170827000 may have been prematurely finalized
Thread 0x17093f000 may have been prematurely finalized
AcceleratorClientConnectionCallback - disconnected - :0
Cleanup mono
[40m[32minfo[39m[22m[49m: Microsoft.Hosting.Lifetime[0]
      Application is shutting down...
[40m[32minfo[39m[22m[49m: Unity.ILPP.Runner.PostProcessingAssemblyLoadContext[0]
      ALC ILPP context 1 is unloading
debugger-agent: Unable to listen on 43
