OPENBVE15311
#ACCELERATION
1.5,1.5,20,20,1.8
2.3,2.3,28,28,2
3,3,45,45,3
3,3,60,68,3.5
#PERFORMANCE
4.5            ; Deceleration
0.3            ; CoefficientOfStaticFriction
0              ; Reserved (not used)
0.0025         ; CoefficientOfRollingResistance
1.2            ; AerodynamicDragCoefficient
#DELAY
0.8,0,0,0      ; DelayPowerUp
0.5,0,0,0      ; DelayPowerDown
0.2,0,0,0,0,0,0; DelayBrakeUp
0.2,0,0,0,0,0,0; DelayBrakeDown
0,0,0,0,0,0,0,0; DelayLocoBrakeUp (1.5.3.4+)
0,0,0,0,0,0,0,0; DelayLocoBrakeDown (1.5.3.4+)
#MOVE
150            ; JerkPowerUp
150            ; JerkPowerDown
60             ; JerkBrakeUp
380            ; JerkBrakeDown
512            ; BrakeCylinderUp
256            ; BrakeCylinderDown
#BRAKE
1              ; BrakeType
2              ; BrakeControlSystem
8              ; BrakeControlSpeed
0              ; LocoBrakeType (1.5.3.4+)
#PRESSURE
375            ; BrakeCylinderServiceMaximumPressure
475            ; BrakeCylinderEmergencyMaximumPressure
686            ; MainReservoirMinimumPressure
784            ; MainReservoirMaximumPressure
633.25         ; BrakePipeNormalPressure
#HANDLE
0              ; HandleType
4              ; PowerNotches
7              ; BrakeNotches
8              ; PowerNotchReduceSteps
0              ; EbHandleBehaviour (1.5.3.3+)
0              ; LocoBrakeNotches (1.5.3.4+)
0              ; LocoBrakeType (1.5.3.4+)
4              ; DriverPowerNotches
4              ; DriverBrakeNotches
#CAB
-300           ; X
2250           ; Y
-1150          ; Z
0              ; DriverCar
#CAR
25             ; MotorCarMass
4              ; NumberOfMotorCars
34             ; TrailerCarMass
4              ; NumberOfTrailerCars
19.7           ; LengthOfACar
0              ; FrontCarIsAMotorCar
2.6            ; WidthOfACar
3.2            ; HeightOfACar
1.5            ; CenterOfGravityHeight
5              ; ExposedFrontalArea
1.6            ; UnexposedFrontalArea
#DEVICE
-1             ; Ats
2              ; Atc
1              ; Eb
0              ; ConstSpeed
0              ; HoldBrake
0              ; ReAdhesionDevice
0              ; Reserved (not used)
0              ; PassAlarm
0              ; DoorOpenMode
0              ; DoorCloseMode
1000           ; DoorWidth
0              ; DoorMaxTolerance
#MOTOR_P1
0,97.7777777777778,48.8888893127441
0,97.7777786377739,48.894699041266
0,97.7777786377739,48.9005088252015
0,97.7777786377739,48.9063186091371
0,97.7777786377739,48.9121283930726
0,97.7777786377739,48.9179381770082
0,97.7777786377739,48.9237479609437
0,97.7777786377739,48.9295577448793
0,97.7777786377739,48.9353675288148
0,97.7777786377739,48.9411773127504
0,97.7777786377739,48.9469870966859
0,97.7777786377739,48.9527968806215
0,97.7777786377739,48.958606664557
0,97.7777786377739,48.9644164484926
0,97.7777786377739,48.9702262324281
0,97.7777786377739,48.9760360163637
0,97.7777786377739,48.9818458002992
0,97.7777786377739,48.9876555842347
0,97.7777786377739,48.9934653681703
0,97.7777786377739,48.9992751521058
0,97.7777786377739,49.0050849360414
0,97.7777786377739,49.0108947199769
0,97.7777786377739,49.0167045039125
0,97.7777786377739,49.022514287848
0,97.7777786377739,49.0283240717836
1,97.7777786377739,49.0341338557191
1,97.819163892651,49.0399436396547
1,97.820888135815,49.0457534235902
1,97.8226123789791,49.0515632075258
1,97.8243366221432,49.0573729914613
1,97.8260608653072,49.0631827753969
1,97.8277851084713,49.0689925593324
1,97.8295093516354,49.0748023432679
1,97.8312335947994,49.0806121272035
1,97.8329578379635,49.086421911139
1,97.8346820811275,49.0922316950746
1,97.8364063242916,49.0980414790101
1,97.8381305674557,49.1038512629457
1,97.8398548106197,49.1096610468812
1,97.8415790537838,49.1154708308168
1,97.8433032969479,49.1212806147523
1,97.8450275401119,49.1270903986879
1,97.846751783276,49.1329001826234
1,97.84847602644,49.138709966559
1,97.8502002696041,49.1445197504945
1,97.8519245127682,49.1503295344301
1,97.8536487559322,49.1561393183656
1,97.8553729990963,49.1619491023012
1,97.8570972422604,49.1677588862367
1,97.8588214854244,49.1735686701722
1,97.8605457285885,49.1793784541078
1,97.8622699717525,49.1851882380433
1,97.8639942149166,49.1909980219789
1,97.8657184580807,49.1968078059144
1,97.8674427012447,49.20261758985
1,97.8691669444088,49.2084273737855
1,97.8708911875729,49.2142371577211
1,97.8726154307369,49.2200469416566
1,97.874339673901,49.2258567255922
1,97.876063917065,49.2316665095277
1,97.8777881602291,49.2374762934633
1,97.8795124033932,49.2432860773988
1,97.8812366465572,49.2490958613344
1,97.8829608897213,49.2549056452699
1,97.8846851328854,49.2607154292054
1,97.8864093760494,49.266525213141
1,97.8881336192135,49.2723349970765
1,97.8898578623775,49.2781447810121
1,97.8915821055416,49.2839545649476
1,97.8933063487057,49.2897643488832
1,97.8950305918697,49.2955741328187
1,97.8967548350338,49.3013839167543
1,97.8984790781979,49.3071937006898
1,97.9002033213619,49.3130034846254
1,97.901927564526,49.3188132685609
1,97.90365180769,49.3246230524965
1,97.9053760508541,49.330432836432
1,97.9071002940182,49.3362426203676
1,97.9088245371822,49.3420524043031
1,97.9105487803463,49.3478621882387
1,97.9122730235104,49.3536719721742
1,97.9139972666744,49.3594817561097
2,86.8804702758789,49.3652915400453
2,87.813414812088,47.1111106872559
2,88.7463600635529,47.2962958663702
2,89.6793053150177,47.48148034513
2,90.6122505664825,47.6666648238897
2,91.5451958179474,47.8518493026495
2,92.4781410694122,48.0370337814093
2,93.4110863208771,48.222218260169
2,94.3440315723419,48.4074027389288
2,95.2769768238068,48.5925872176886
2,96.2099220752716,48.7777716964483
2,97.1428673267365,48.9629561752081
2,98.0758125782013,49.1481406539679
2,99.0087578296661,49.3333251327276
2,99.941703081131,49.5185096114874
2,100.874648332596,49.7036940902472
2,101.807593584061,49.8888785690069
2,102.740538835526,50.0740630477667
2,103.67348408699,50.2592475265265
2,104.606429338455,50.4444320052862
2,105.53937458992,50.629616484046
2,106.472319841385,50.8148009628057
2,107.40526509285,50.9999854415655
2,108.338210344315,51.1851699203253
2,109.271155595779,51.370354399085
2,110.204100847244,51.5555388778448
2,111.137046098709,51.7407233566046
2,112.069991350174,51.9259078353643
2,113.002936601639,52.1110923141241
2,113.935881853104,52.2962767928839
2,114.868827104568,52.4814612716436
2,115.801772356033,52.6666457504034
2,116.734717607498,52.8518302291632
2,117.667662858963,53.0370147079229
2,118.600608110428,53.2221991866827
2,119.533553361893,53.4073836654425
2,120.466498613358,53.5925681442022
2,121.399443864822,53.777752622962
2,122.332389116287,53.9629371017218
2,123.265334367752,54.1481215804815
2,124.198279619217,54.3333060592413
2,125.131224870682,54.5184905380011
2,126.064170122147,54.7036750167608
2,126.997115373611,54.8888594955206
2,127.930060625076,55.0740439742804
2,128.863005876541,55.2592284530401
2,129.795951128006,55.4444129317999
2,130.728888750076,55.6295974105597
2,131.661826372147,55.8147818893194
2,132.594763994217,55.9999663680792
2,133.527701616287,56.185150846839
2,134.460639238358,56.3703353255987
2,135.393576860428,56.5555198043585
2,136.326514482498,56.7407042831182
2,137.259452104568,56.925888761878
2,138.192389726639,57.1110732406378
2,139.125327348709,57.2962577193975
2,140.058264970779,57.4814421981573
2,140.99120259285,57.6666266769171
2,141.92414021492,57.8518111556768
2,142.85707783699,58.0369956344366
2,143.790015459061,58.2221801131964
2,144.722953081131,58.4073645919561
2,145.655890703201,58.5925490707159
2,146.588828325272,58.7777335494757
2,147.521765947342,58.9629180282354
2,148.454703569412,59.1481025069952
2,149.387641191483,59.333286985755
2,150.320578813553,59.5184714645147
2,151.253516435623,59.7036559432745
2,152.186454057693,59.8888404220343
2,153.119391679764,60.074024900794
2,154.052329301834,60.2592093795538
2,154.985266923904,60.4443938583136
2,155.918204545975,60.6295783370733
2,156.851142168045,60.8147628158331
2,157.784079790115,60.9999472945929
2,158.717017412186,61.1851317733526
2,159.649955034256,61.3703162521124
2,160.582892656326,61.5555007308722
2,161.515830278397,61.7406852096319
2,162.448767900467,61.9258696883917
2,163.381705522537,62.1110541671515
2,164.314643144608,62.2962386459112
2,165.247580766678,62.481423124671
2,166.180518388748,62.6666076034307
2,167.113456010818,62.8517920821905
2,168.046393632889,63.0369765609503
2,168.979331254959,63.22216103971
2,169.912268877029,63.4073455184698
2,170.8452064991,63.5925299972296
2,171.77814412117,63.7777144759893
2,172.71108174324,63.9628989547491
2,173.644019365311,64.1480834335089
2,174.576956987381,64.3332717269659
2,175.509894609451,64.5184600204229
2,176.442832231522,64.70364831388
2,177.375769853592,64.888836607337
2,178.308707475662,65.074024900794
2,179.241645097733,65.2592131942511
2,180.174582719803,65.4444014877081
2,181.107520341873,65.6295897811651
2,182.040457963943,65.8147780746222
2,182.973395586014,65.9999663680792
2,183.906333208084,66.1851546615362
2,184.839270830154,66.3703429549932
2,185.772208452225,66.5555312484503
2,186.705146074295,66.7407195419073
2,187.638083696365,66.9259078353643
2,188.571021318436,67.1110961288214
2,189.503958940506,67.2962844222784
2,190.436896562576,67.4814727157354
2,191.369834184647,67.6666610091925
2,192.302771806717,67.8518493026495
2,193.235709428787,68.0370375961065
2,194.168647050858,68.2222258895636
2,195.101584672928,68.4074141830206
2,196.034522294998,68.5926024764776
2,196.967459917068,68.7777907699347
2,197.900397539139,69.3333358764648
2,198.833335161209,69.3948827162385
2,199.766272783279,69.4564290419221
2,200.69921040535,69.5179753676057
2,201.63214802742,69.5795216932893
2,202.56508564949,69.6410680189729
2,203.498023271561,69.7026143446565
3,96.4859300255775,69.7641606703401
3,96.6074128746986,69.8257069960237
3,96.7288957238197,69.8872533217072
3,96.8503785729408,69.9487996473908
3,96.9718614220619,70.0103459730744
3,97.093344271183,70.071892298758
3,97.2148271203041,70.1334386244416
3,97.3363099694252,70.1949849501252
3,97.4577928185463,70.2565312758088
3,97.5792756676674,70.3180776014924
3,97.7007585167885,70.379623927176
3,97.8222413659096,70.4411702528596
3,97.9437242150307,70.5027165785432
3,98.0652070641518,70.5642629042268
3,98.1866899132729,70.6258092299104
3,98.308172762394,70.687355555594
3,98.429655611515,70.7489018812776
3,98.5511384606361,70.8104482069612
3,98.6726213097572,70.8719945326447
3,98.7941041588783,70.9335408583283
3,98.9155870079994,70.9950871840119
3,99.0370698571205,71.0566335096955
3,99.1585527062416,71.1181798353791
3,99.2800355553627,71.1797261610627
3,99.4015184044838,71.2412724867463
3,99.5230012536049,71.3028188124299
3,99.644484102726,71.3643651381135
3,99.7659669518471,71.4259114637971
3,99.8874498009682,71.4874577894807
3,100.008932650089,71.5490041151643
3,100.13041549921,71.6105504408479
3,100.251898348331,71.6720967665315
3,100.373381197453,71.7336430922151
3,100.494864046574,71.7951894178987
3,100.616346895695,71.8567357435822
3,100.737829744816,71.9182820692658
3,100.859312593937,71.9798283949494
3,100.980795443058,72.041374720633
3,101.102278292179,72.1029210463166
3,101.2237611413,72.1644673720002
3,101.345243990421,72.2260136976838
3,101.466726839542,72.2875600233674
3,101.588209688663,72.349106349051
3,101.709692537785,72.4106526747346
3,101.831175386906,72.4721990004182
3,101.952658236027,72.5337453261018
3,102.074141085148,72.5952916517854
3,102.195623934269,72.656837977469
3,102.31710678339,72.7183843031526
3,102.438589632511,72.7799306288362
3,102.560072481632,72.8414769545197
3,102.681555330753,72.9030232802033
3,102.803038179874,72.9645696058869
3,102.924521028996,73.0261159315705
3,103.046003878117,73.0876622572541
3,103.167486727238,73.1492085829377
3,103.288969576359,73.2107549086213
3,103.41045242548,73.2723012343049
3,103.531935274601,73.3338475599885
3,103.653418123722,73.3953938856721
3,103.774900972843,73.4569402113557
3,103.896383821964,73.5184865370393
3,104.017866671085,73.5800328627229
3,104.139349520206,73.6415791884065
3,104.260832369328,73.7031255140901
3,104.382315218449,73.7646718397737
3,104.50379806757,73.8262181654572
3,104.625280916691,73.8877644911408
3,104.746763765812,73.9493108168244
3,104.868246614933,74.010857142508
3,104.989729464054,74.0724034681916
3,105.111212313175,74.1339497938752
3,105.232695162296,74.1954961195588
3,105.354178011417,74.2570424452424
3,105.475660860538,74.318588770926
3,105.59714370966,74.3801350966096
3,105.718626558781,74.4416814222932
3,105.840109407902,74.5032277479768
3,105.961592257023,74.5647740736604
3,106.083075106144,74.626320399344
3,106.204557955265,74.6878667250276
3,106.326040804386,74.7494130507112
3,106.447523653507,74.8109593763947
3,106.569006502628,74.8725057020783
3,106.690489351749,74.9340520277619
3,106.811972200871,74.9955983534455
3,106.933455049992,75.0571446791291
3,107.054937899113,75.1186910048127
3,107.176420748234,75.1802373304963
3,107.297903597355,75.2417836561799
3,107.419386446476,75.3033299818635
3,107.540869295597,75.3648763075471
3,107.662352144718,75.4264226332307
3,107.783834993839,75.4879689589143
3,107.90531784296,75.5495152845979
3,108.026800692081,75.6110616102815
3,108.148283541203,75.6726079359651
3,108.269766390324,75.7341542616487
3,108.391249239445,75.7957005873322
3,108.512732088566,75.8572469130158
3,108.634214937687,75.9187932386994
3,108.755697786808,75.980339564383
3,108.877180635929,76.0418858900666
3,108.99866348505,76.1034322157502
3,109.120146334171,76.1649785414338
3,109.241629183292,76.2265248671174
3,109.363112032413,76.288071192801
3,109.484594881535,76.3496175184846
3,109.606077730656,76.4111638441682
3,109.727560579777,76.4727101698518
3,109.849043428898,76.5342564955354
3,109.970526278019,76.595802821219
3,110.09200912714,76.6573491469026
3,110.213491976261,76.7188954725862
3,110.334974825382,76.7804417982697
3,110.456457674503,76.8419881239533
3,110.577940523624,76.9035344496369
3,110.699423372746,76.9650807753205
3,110.820906221867,77.0266271010041
3,110.942389070988,77.0881734266877
3,111.063871920109,77.1497197523713
3,111.18535476923,77.2112660780549
3,111.306837618351,77.2728124037385
3,111.428320467472,77.3343587294221
3,111.549803316593,77.3959050551057
3,111.671286165714,77.4574513807893
3,111.792769014835,77.5189977064729
3,111.914251863956,77.5805440321565
3,112.035734713078,77.6420903578401
3,112.157217562199,77.7036366835237
3,112.27870041132,77.7651830092072
3,112.400183260441,77.8267293348908
3,112.521666109562,77.8882756605744
3,112.643148958683,77.949821986258
3,112.764631807804,78.0113683119416
3,112.886114656925,78.0729146376252
3,113.007597506046,78.1344609633088
3,113.129080355167,78.1960072889924
3,113.250563204288,78.257553614676
3,113.37204605341,78.3190999403596
3,113.493528902531,78.3806462660432
3,113.615011751652,78.4421925917268
3,113.736494600773,78.5037389174104
3,113.857977449894,78.565285243094
3,113.979460299015,78.6268315687776
3,114.100943148136,78.6883778944612
3,114.222425997257,78.7499242201447
3,114.343908846378,78.8114705458283
3,114.465391695499,78.8730168715119
3,114.586874544621,78.9345631971955
3,114.708357393742,78.9961095228791
3,114.829840242863,79.0576558485627
3,114.951323091984,79.1192021742463
3,115.072805941105,79.1807484999299
3,115.194288790226,79.2422948256135
3,115.315771639347,79.3038411512971
3,115.437254488468,79.3653874769807
3,115.558737337589,79.4269338026643
3,115.68022018671,79.4884801283479
3,115.801703035831,79.5500264540315
3,115.923185884953,79.6115727797151
3,116.044668734074,79.6731191053987
3,116.166151583195,79.7346654310822
3,116.287634432316,79.7962117567658
3,116.409117281437,79.8577580824494
3,116.530600130558,79.919304408133
3,116.652082979679,79.9808507338166
3,116.7735658288,80.0423970595002
3,116.895048677921,80.1039433851838
3,117.016531527042,80.1654897108674
3,117.138014376163,80.227036036551
3,117.259497225285,80.2885823622346
3,117.380980074406,80.3501286879182
3,117.502462923527,80.4116750136018
3,117.623945772648,80.4732213392854
3,117.745428621769,80.534767664969
3,117.86691147089,80.5963139906526
3,117.988394320011,80.6578603163362
3,118.109877169132,80.7194066420197
3,118.231360018253,80.7809529677033
3,118.352842867374,80.8424992933869
3,118.474325716496,80.9040456190705
3,118.595808565617,80.9655919447541
3,118.717291414738,81.0271382704377
3,118.838774263859,81.0886845961213
3,118.96025711298,81.1502309218049
3,119.081739962101,81.2117772474885
3,119.203222811222,81.2733235731721
3,119.324705660343,81.3348698988557
3,119.446188509464,81.3964162245393
3,119.567671358585,81.4579625502229
3,119.689154207706,81.5195088759065
3,119.810637056828,81.5810552015901
3,119.932119905949,81.6426015272737
3,120.05360275507,81.7041478529572
3,120.175085604191,81.7656941786408
3,120.296568453312,81.8272405043244
3,120.418051302433,81.888786830008
3,120.539534151554,81.9503331556916
3,120.661017000675,82.0118794813752
3,120.782499849796,82.0734258070588
3,120.903982698917,82.1349721327424
3,121.025465548038,82.196518458426
3,121.14694839716,82.2580647841096
3,121.268431246281,82.3196111097932
3,121.389914095402,82.3811574354768
3,121.511396944523,82.4427037611604
3,121.632879793644,82.504250086844
3,121.754362642765,82.5657964125276
3,121.875845491886,82.6273427382112
3,121.997328341007,82.6888890638947
3,122.118811190128,82.7504353895783
3,122.240294039249,82.8119817152619
3,122.361776888371,82.8735280409455
3,122.483259737492,82.9350743666291
3,122.604742586613,82.9966206923127
3,122.726225435734,83.0581670179963
3,122.847708284855,83.1197133436799
3,122.969191133976,83.1812596693635
3,123.090673983097,83.2428059950471
3,123.212156832218,83.3043523207307
3,123.333639681339,83.3658986464143
3,123.45512253046,83.4274449720979
3,123.576605379581,83.4889912977815
3,123.698088228703,83.5505376234651
3,123.819571077824,83.6120839491487
3,123.941053926945,83.6736302748322
3,124.062536776066,83.7351766005158
3,124.184019625187,83.7967229261994
3,124.305502474308,83.858269251883
3,124.426985323429,83.9198155775666
3,124.54846817255,83.9813619032502
3,124.669951021671,84.0429082289338
3,124.791433870792,84.1044545546174
3,124.912916719913,84.166000880301
3,125.034399569035,84.2275472059846
3,125.155882418156,84.2890935316682
3,125.277365267277,84.3506398573518
3,125.398848116398,84.4121861830354
3,125.520330965519,84.473732508719
3,125.64181381464,84.5352788344026
3,125.763296663761,84.5968251600862
3,125.884779512882,84.6583714857697
3,126.006262362003,84.7199178114533
3,126.127745211124,84.7814641371369
3,126.249228060246,84.8430104628205
3,126.370710909367,84.9045567885041
3,126.492193758488,84.9661031141877
3,126.613676607609,85.0276494398713
3,126.73515945673,85.0891957655549
3,126.856642305851,85.1507420912385
3,126.978125154972,85.2122884169221
3,127.099608004093,85.2738347426057
3,127.221090853214,85.3353810682893
3,127.342573702335,85.3969273939729
3,127.464056551456,85.4584737196565
3,127.585539400578,85.5200200453401
3,127.707022249699,85.5815663710237
3,127.82850509882,85.6431126967072
3,127.949987947941,85.7046590223908
3,128.071470797062,85.7662053480744
3,128.192953646183,85.827751673758
3,128.31442886591,85.8892979994416
3,128.435904085636,85.9508443251252
3,128.557379305363,86.0123906508088
3,128.678854525089,86.0739369764924
3,128.800329744816,86.135483302176
3,128.921804964542,86.1970296278596
3,129.043280184269,86.2585759535432
3,129.164755403996,86.3201222792268
3,129.286230623722,86.3816686049104
3,129.407705843449,86.443214930594
3,129.529181063175,86.5047612562776
3,129.650656282902,86.5663075819612
3,129.772131502628,86.6278539076447
3,129.893606722355,86.6894002333283
3,130.015081942081,86.7509465590119
3,130.136557161808,86.8124928846955
3,130.258032381535,86.8740392103791
3,130.379507601261,86.9355855360627
3,130.500982820988,86.9971318617463
3,130.622458040714,87.0586781874299
3,130.743933260441,87.1202245131135
3,130.865408480167,87.1817708387971
3,130.986883699894,87.2433171644807
3,131.108358919621,87.3048634901643
3,131.229834139347,87.3664098158479
3,131.351309359074,87.4279561415315
3,131.4727845788,87.4895024672151
3,131.594259798527,87.5510487928987
3,131.715735018253,87.6125951185822
3,131.83721023798,87.6741414442658
3,131.958685457706,87.7356877699494
3,132.080160677433,87.797234095633
3,132.20163589716,87.8587804213166
3,132.323111116886,87.9203267470002
3,132.444586336613,87.9818730726838
3,132.566061556339,88.0434193983674
3,132.687536776066,88.104965724051
3,132.809011995792,88.1665120497346
3,132.930487215519,88.2280583754182
3,133.051962435246,88.2896047011018
3,133.173437654972,88.3511510267854
3,133.294912874699,88.412697352469
3,133.416388094425,88.4742436781526
3,133.537863314152,88.5357900038362
3,133.659338533878,88.5973363295197
3,133.780813753605,88.6588826552033
3,133.902288973331,88.7204289808869
3,134.023764193058,88.7819753065705
3,134.145239412785,88.8435216322541
3,134.266714632511,88.9050679579377
3,134.388189852238,88.9666142836213
3,134.509665071964,89.0281606093049
3,134.631140291691,89.0897069349885
3,134.752615511417,89.1512532606721
3,134.874090731144,89.2127995863557
3,134.995565950871,89.2743459120393
3,135.117041170597,89.3358922377229
3,135.238516390324,89.3974385634065
3,135.35999161005,89.4589848890901
3,135.481466829777,89.5205312147737
3,135.602942049503,89.5820775404572
3,135.72441726923,89.6436238661408
3,135.845892488956,89.7051701918244
3,135.967367708683,89.766716517508
3,136.08884292841,89.8282628431916
3,136.210318148136,89.8898091688752
3,136.331793367863,89.9513554945588
3,136.453268587589,90.0129018202424
3,136.574743807316,90.074448145926
3,136.696219027042,90.1359944716096
3,136.817694246769,90.1975407972932
3,136.939169466496,90.2590871229768
3,137.060644686222,90.3206334486604
3,137.182119905949,90.382179774344
3,137.303595125675,90.4437261000276
3,137.425070345402,90.5052724257112
3,137.546545565128,90.5668187513947
3,137.668020784855,90.6283650770783
3,137.789496004581,90.6899114027619
3,137.910971224308,90.7514577284455
3,138.032446444035,90.8130040541291
3,138.153921663761,90.8745503798127
3,138.275396883488,90.9360967054963
3,138.396872103214,90.9976430311799
3,138.518347322941,91.0591893568635
3,138.639822542667,91.1207356825471
3,138.761297762394,91.1822820082307
3,138.882772982121,91.2438283339143
3,139.004248201847,91.3053746595979
3,139.125723421574,91.3669209852815
3,139.2471986413,91.4284673109651
3,139.368673861027,91.4900136366487
3,139.490149080753,91.5515599623322
3,139.61162430048,91.6131062880158
3,139.733099520206,91.6746526136994
3,139.854574739933,91.736198939383
3,139.97604995966,91.7977452650666
3,140.097525179386,91.8592915907502
3,140.219000399113,91.9208379164338
3,140.340475618839,91.9823842421174
3,140.461950838566,92.043930567801
3,140.583426058292,92.1054768934846
3,140.704901278019,92.1670232191682
3,140.826376497746,92.2285695448518
3,140.947851717472,92.2901158705354
3,141.069326937199,92.351662196219
3,141.190802156925,92.4132085219026
3,141.312277376652,92.4747548475862
3,141.433752596378,92.5363011732697
3,141.555227816105,92.5978474989533
3,141.676703035831,92.6593938246369
3,141.798178255558,92.7209401503205
3,141.919653475285,92.7824864760041
3,142.041128695011,92.8440328016877
3,142.162603914738,92.9055791273713
3,142.284079134464,92.9671254530549
3,142.405554354191,93.0286717787385
3,142.527029573917,93.0902181044221
3,142.648504793644,93.1517644301057
3,142.769980013371,93.2133107557893
3,142.891455233097,93.2748570814729
3,143.012930452824,93.3364034071565
3,143.13440567255,93.3979497328401
3,143.255880892277,93.4594960585237
3,143.377356112003,93.5210423842072
3,143.49883133173,93.5825887098908
3,143.620306551456,93.6441350355744
3,143.741781771183,93.705681361258
3,143.86325699091,93.7672276869416
3,143.984732210636,93.8287740126252
3,144.106207430363,93.8903203383088
3,144.227682650089,93.9518666639924
3,144.349157869816,94.013412989676
3,144.470633089542,94.0749593153596
3,144.592108309269,94.1365056410432
3,144.713583528996,94.1980519667268
3,144.835058748722,94.2595982924104
3,144.956533968449,94.321144618094
3,145.078009188175,94.3826909437776
3,145.199484407902,94.4442372694612
3,145.320959627628,94.5057835951447
3,145.442434847355,94.5673299208283
3,145.563910067081,94.6288762465119
3,145.685385286808,94.6904225721955
3,145.806860506535,94.7519688978791
3,145.928335726261,94.8135152235627
3,146.049810945988,94.8750615492463
3,146.171286165714,94.9366078749299
3,146.292761385441,94.9981542006135
3,146.414236605167,95.0597005262971
3,146.535711824894,95.1212468519807
3,146.657187044621,95.1827931776643
3,146.778662264347,95.2443395033479
3,146.900137484074,95.3058858290315
3,147.0216127038,95.3674321547151
3,147.143087923527,95.4289784803987
3,147.264563143253,95.4905248060822
3,147.38603836298,95.5520711317658
3,147.507513582706,95.6136174574494
3,147.628988802433,95.675163783133
3,147.75046402216,95.7367101088166
3,147.871939241886,95.7982564345002
3,147.993414461613,95.8598027601838
3,148.114889681339,95.9213490858674
3,148.236364901066,95.982895411551
3,148.357840120792,96.0444417372346
3,148.479315340519,96.1059880629182
3,148.600790560246,96.1675343886018
3,148.722265779972,96.2290807142854
3,148.843740999699,96.290627039969
3,148.965216219425,96.3521733656526
3,149.086691439152,96.4137196913362
3,149.208166658878,96.4752660170197
3,149.329641878605,96.5368123427033
3,149.451117098331,96.5983586683869
3,149.572592318058,96.6599049940705
3,149.694067537785,96.7214513197541
3,149.815542757511,96.7829976454377
3,149.937017977238,96.8445439711213
3,150.058493196964,96.9060902968049
3,150.179968416691,96.9676366224885
3,150.301443636417,97.0291829481721
3,150.422918856144,97.0907292738557
3,150.544394075871,97.1522755995393
3,150.665869295597,97.2138219252229
3,150.787344515324,97.2753682509065
3,150.90881973505,97.3369145765901
3,151.030294954777,97.3984609022737
3,151.151770174503,97.4600072279572
3,151.27324539423,97.5215535536408
3,151.394720613956,97.5830998793244
3,151.516195833683,97.644646205008
3,151.63767105341,97.7061925306916
3,151.759146273136,97.7677388563752
3,151.880621492863,97.8292851820588
3,152.002096712589,97.8908315077424
3,152.123571932316,97.952377833426
3,152.245047152042,98.0139241591096
3,152.366522371769,98.0754704847932
3,152.487997591496,98.1370168104768
3,152.609472811222,98.1985631361604
3,152.730948030949,98.260109461844
3,152.852423250675,98.3216557875276
3,152.973898470402,98.3832021132112
3,153.095373690128,98.4447484388947
3,153.216848909855,98.5062947645783
3,153.338324129581,98.5678410902619
3,153.459799349308,98.6293874159455
3,153.581274569035,98.6909337416291
3,153.702749788761,98.7524800673127
3,153.824225008488,98.8140263929963
3,153.945700228214,98.8755727186799
3,154.067175447941,98.9371190443635
3,154.188650667667,98.9986653700471
3,154.310125887394,99.0602116957307
3,154.431601107121,99.1217580214143
3,154.553076326847,99.1833043470979
3,154.674551546574,99.2448506727815
3,154.7960267663,99.3063969984651
3,154.917501986027,99.3679433241487
3,155.038977205753,99.4294896498322
3,155.16045242548,99.4910359755158
3,155.281927645206,99.5525823011994
3,155.403402864933,99.614128626883
3,155.52487808466,99.6756749525666
3,155.646353304386,99.7372212782502
3,155.767828524113,99.7987676039338
3,155.889303743839,99.8603139296174
3,156.010778963566,99.921860255301
3,156.132254183292,99.9834065809846
3,156.253729403019,100.044952906668
3,156.375204622746,100.106499232352
3,156.496679842472,100.168045558035
3,156.618155062199,100.229591883719
3,156.739630281925,100.291138209403
3,156.861105501652,100.352684535086
3,156.982580721378,100.41423086077
3,157.104055941105,100.475777186453
3,157.225531160831,100.537323512137
3,157.347006380558,100.598869837821
3,157.468481600285,100.660416163504
3,157.589956820011,100.721962489188
3,157.711432039738,100.783508814871
3,157.832907259464,100.845055140555
3,157.954382479191,100.906601466238
3,158.075857698917,100.968147791922
3,158.197332918644,101.029694117606
3,158.318808138371,101.091240443289
3,158.440283358097,101.152786768973
3,158.561758577824,101.214333094656
3,158.68323379755,101.27587942034
3,158.804709017277,101.337425746024
3,158.926184237003,101.398972071707
3,159.04765945673,101.460518397391
3,159.169134676456,101.522064723074
3,159.290609896183,101.583611048758
3,159.41208511591,101.645157374442
3,159.533560335636,101.706703700125
3,159.655035555363,101.768250025809
3,159.776510775089,101.829796351492
3,159.897985994816,101.891342677176
3,160.019461214542,101.95288900286
3,160.140936434269,102.014435328543
3,160.262411653996,102.075981654227
3,160.383886873722,102.13752797991
3,160.505362093449,102.199074305594
3,160.626837313175,102.260620631278
3,160.748312532902,102.322166956961
3,160.869787752628,102.383713282645
3,160.991262972355,102.445259608328
3,161.112738192081,102.506805934012
3,161.234213411808,102.568352259696
3,161.355688631535,102.629898585379
3,161.477163851261,102.691444911063
3,161.598639070988,102.752991236746
3,161.720114290714,102.81453756243
3,161.841589510441,102.876083888113
3,161.963064730167,102.937630213797
3,162.084539949894,102.999176539481
3,162.206015169621,103.060722865164
3,162.327490389347,103.122269190848
3,162.448965609074,103.183815516531
3,162.5704408288,103.245361842215
3,162.691916048527,103.306908167899
3,162.813391268253,103.368454493582
3,162.93486648798,103.430000819266
3,163.056341707706,103.491547144949
3,163.177816927433,103.553093470633
3,163.29929214716,103.614639796317
3,163.420767366886,103.676186122
3,163.542242586613,103.737732447684
3,163.663717806339,103.799278773367
3,163.785193026066,103.860825099051
3,163.906668245792,103.922371424735
3,164.028143465519,103.983917750418
3,164.149618685246,104.045464076102
3,164.271093904972,104.107010401785
3,164.392569124699,104.168556727469
3,164.514044344425,104.230103053153
3,164.635519564152,104.291649378836
3,164.756994783878,104.35319570452
3,164.878470003605,104.414742030203
3,164.999945223331,104.476288355887
3,165.121420443058,104.537834681571
3,165.242895662785,104.599381007254
3,165.364370882511,104.660927332938
3,165.485846102238,104.722473658621
3,165.607321321964,104.784019984305
3,165.728796541691,104.845566309988
3,165.850271761417,104.907112635672
3,165.971746981144,104.968658961356
3,166.093222200871,105.030205287039
3,166.214697420597,105.091751612723
3,166.336172640324,105.153297938406
3,166.45764786005,105.21484426409
3,166.579123079777,105.276390589774
3,166.700598299503,105.337936915457
3,166.82207351923,105.399483241141
3,166.943548738956,105.461029566824
3,167.065023958683,105.522575892508
3,167.18649917841,105.584122218192
3,167.307974398136,105.645668543875
3,167.429449617863,105.707214869559
3,167.550924837589,105.768761195242
3,167.672400057316,105.830307520926
3,167.793875277042,105.89185384661
3,167.915350496769,105.953400172293
3,168.036825716496,106.014946497977
3,168.158300936222,106.07649282366
3,168.279776155949,106.138039149344
-1,168.401251375675,106.199585475028
#MOTOR_P2
0,97.5609741210938,47.8048782348633
0,97.589252686128,47.7326108440757
0,97.6175348516554,47.6603452190757
0,97.6458170171827,47.5880795940757
0,97.6740991827101,47.5158139690757
0,97.7023813482374,47.4435483440757
0,97.7306635137647,47.3712827190757
0,97.7589456792921,47.2990170940757
0,97.7872278448194,47.2267514690757
0,97.8155100103468,47.1544858440757
0,97.8437921758741,47.0822202190757
0,97.8720743414015,47.0099545940757
0,97.9003565069288,46.9376889690757
0,97.9286386724561,46.8654233440757
0,97.9569208379835,46.7931577190757
0,97.9852030035108,46.7208920940757
0,98.0134851690382,46.6486264690757
0,98.0417673345655,46.5763608440757
0,98.0700495000929,46.5040952190757
0,98.0983316656202,46.4318295940757
0,98.1266138311476,46.3595639690757
0,98.1548959966749,46.2872983440757
0,98.1831781622022,46.2150327190757
0,98.2114603277296,46.1427670940757
0,98.2397424932569,46.0705014690757
0,98.2680246587843,45.9982358440757
0,98.2963068243116,45.9259702190757
0,98.324588989839,45.8537045940757
0,98.3528711553663,45.7814389690757
0,98.3811533208936,45.7091733440757
0,98.409435486421,45.6369077190757
0,98.4377176519483,45.5646420940757
0,98.4659998174757,45.4923764690757
0,98.494281983003,45.4201108440757
0,98.5225641485304,45.3478452190757
0,98.5508463140577,45.2755795940757
0,98.5791284795851,45.2033139690757
0,97.5609741210938,45.1310483440757
0,97.3777246773243,45.0587827190757
0,97.1944742500782,44.9865170940757
0,97.0112238228321,44.9142514690757
0,96.827973395586,44.8419858440757
0,96.6447229683399,44.7697202190757
0,96.4614725410938,44.6974545940757
0,96.2782221138477,44.6251889690757
0,96.0949716866016,44.5529233440757
0,95.9117212593555,44.4806577190757
0,95.7284708321095,44.4083920940757
0,95.5452204048634,44.3361264690757
0,95.3619699776173,44.2638608440757
0,95.1787195503712,44.1915952190757
0,94.9954691231251,44.1193295940757
0,94.812218695879,44.0470639690757
0,94.6289682686329,43.9747983440757
0,94.4457178413868,43.9025327190757
0,94.2624674141407,43.8302670940757
0,94.0792169868946,43.7580014690757
0,93.8959665596485,43.6857358440757
0,93.7127161324024,43.6134702190757
0,93.5294657051563,43.5412045940757
0,93.3462152779102,43.4689389690757
0,93.1629648506641,43.3966733440757
0,92.979714423418,43.3244077190757
0,92.796463996172,43.2521420940757
0,92.6132135689259,43.1798764690757
0,92.4299631416798,43.1076108440757
0,92.2467127144337,43.0353452190757
0,92.0634622871876,42.9630795940757
0,91.8802118599415,42.8908139690757
0,91.6969614326954,42.8185483440757
0,91.5137110054493,42.7462827190757
0,91.3304605782032,42.6740170940757
0,91.1472101509571,42.6017514690757
0,90.963959723711,42.5294858440757
0,90.7807092964649,42.4572202190757
0,90.5974588692188,42.3849545940757
0,90.4142084419727,42.3126889690757
0,90.2309580147266,42.2404233440757
0,90.0477075874805,42.1681577190757
0,89.8644571602345,42.0958920940757
0,89.6812067329884,42.0236264690757
0,89.4979563057423,41.9513608440757
0,89.3147058784962,41.8790952190757
0,89.1314554512501,41.8068295940757
0,88.948205024004,41.7345639690757
0,88.7649545967579,41.6622983440757
0,88.5817041695118,41.5900327190757
0,88.3984537422657,41.5177670940757
0,88.2152033150196,41.4455014690757
0,88.0319528877735,41.3732358440757
0,87.8487024605274,41.3009702190757
0,87.6654520332813,41.2287045940757
0,87.4822016060352,41.1564389690757
0,87.2989511787891,41.0841733440757
0,87.115700751543,41.0119077190757
0,86.932450324297,40.9396420940757
0,86.7491998970509,40.8673764690757
0,86.5659494698048,40.7951108440757
0,86.3826990425587,40.7228452190757
0,86.1994486153126,40.6505795940757
0,86.0161981880665,40.5783139690757
0,85.8329477608204,40.5060483440757
0,85.6496973335743,40.4337827190757
0,85.4664469063282,40.3615170940757
0,85.2831964790821,40.2892514690757
0,85.099946051836,40.2169858440757
0,84.9166956245899,40.1447202190757
0,84.7334451973438,40.0724545940757
0,84.5501947700977,40.0001889690757
0,84.3669443428516,39.9279233440757
0,84.1836939156055,39.8556577190757
0,84.0004434883595,39.7833920940757
0,83.8171930611134,39.7111264690757
0,83.6339426338673,39.6388608440757
0,83.4506922066212,39.5665952190757
0,83.2674417793751,39.4943295940757
0,83.084191352129,39.4220639690757
0,82.9009409248829,39.3497983440757
0,82.7176904976368,39.2775327190757
0,82.5344400703907,39.2052670940757
0,82.3511896431446,39.1330014690757
0,82.1679392158985,39.0607358440757
0,81.9846887886524,38.9884702190757
0,81.8014383614063,38.9162045940757
0,81.6181879341602,38.8439389690757
0,81.4349375069141,38.7716733440757
0,81.251687079668,38.6994077190757
0,81.068436652422,38.6271420940757
0,80.8851862251759,38.5548764690757
0,80.7019357979298,38.4826108440757
0,80.5186853706837,38.4103452190757
0,80.3354349434376,38.3380795940757
0,80.1521845161915,38.2658139690757
0,79.9689340889454,38.1935483440757
0,79.7856836616993,38.1212827190757
0,79.6024332344532,38.0490170940757
0,79.4191828072071,37.9767514690757
0,79.235932379961,37.9044858440757
0,79.0526819527149,37.8322202190757
0,78.8694315254688,37.7599545940757
0,78.6861810982227,37.6876889690757
0,78.5029306709766,37.6154233440757
0,78.3196802437305,37.5431577190757
0,78.1364298164845,37.4708920940757
0,77.9531793892384,37.3986264690757
0,77.7699289619923,37.3263608440757
0,77.5866785347462,37.2540952190757
0,77.4034281075001,37.1818295940757
0,77.220177680254,37.1095639690757
0,77.0369272530079,37.0372983440757
0,76.8536768257618,36.9650327190757
0,76.6704263985157,36.8927670940757
0,76.4871759712696,36.8205014690757
0,76.3039255440235,36.7482358440757
0,76.1206751167774,36.6759702190757
0,75.9374246895313,36.6037045940757
0,75.7541742622852,36.5314389690757
0,75.5709238350391,36.4591733440757
0,75.387673407793,36.3869077190757
0,75.204422980547,36.3146420940757
0,75.0211725533009,36.2423764690757
0,74.8379221260548,36.1701108440757
0,74.6546716988087,36.0978452190757
0,74.4714212715626,36.0255795940757
0,74.2881708443165,35.9533139690757
0,74.1049204170704,35.8810483440757
0,73.9216699898243,35.8087827190757
0,73.7384195625782,35.7365170940757
0,73.5551691353321,35.6642514690757
0,73.371918708086,35.5919858440757
0,73.1886682808399,35.5197202190757
0,73.0054178535938,35.4474545940757
0,72.8221674263477,35.3751889690757
0,72.6389169991016,35.3029233440757
0,72.4556665718555,35.2306577190757
0,72.2724161446095,35.1583920940757
0,72.0891657173634,35.0861264690757
0,71.9059152901173,35.0138608440757
0,71.7226648628712,34.9415952190757
0,71.5394144356251,34.8693295940757
0,71.356164008379,34.7970639690757
0,71.1729135811329,34.7247983440757
0,70.9896631538868,34.6525327190757
0,70.8064127266407,34.5802670940757
0,70.6231622993946,34.5080014690757
0,70.4399118721485,34.4357358440757
0,70.2566614449024,34.3634702190757
0,70.0734110176563,34.2912045940757
0,69.8901605904102,34.2189389690757
0,69.7069101631641,34.1466733440757
0,69.523659735918,34.0744077190757
0,69.340409308672,34.0021420940757
0,69.1571588814259,33.9298764690757
0,68.9739084541798,33.8576108440757
0,68.7906580269337,33.7853452190757
0,68.6074075996876,33.7130795940757
0,68.4241571724415,33.6408139690757
0,68.2409067451954,33.5685483440757
0,68.0576563179493,33.4962827190757
0,67.8744058907032,33.4240170940757
0,67.6911554634571,33.3517514690757
0,67.507905036211,33.2794858440757
0,67.3246546089649,33.2072202190757
0,67.1414041817188,33.1349545940757
0,66.9581537544727,33.0626889690757
0,66.7749033272266,32.9904233440757
0,66.5916528999805,32.9181577190757
0,66.4084024727345,32.8458920940757
0,66.2251520454884,32.7736264690757
0,66.0419016182423,32.7013608440757
0,65.8586511909962,32.6290952190757
0,65.6754007637501,32.5568295940757
0,65.492150336504,32.4845639690757
0,65.3088999092579,32.4122983440757
0,65.1256494820118,32.3400327190757
0,64.9423990547657,32.2677670940757
0,64.7591486275196,32.1955014690757
0,64.5758982002735,32.1232358440757
0,64.3926477730274,32.0509702190757
0,64.2093973457813,31.9787045940757
0,64.0261469185352,31.906437061727
0,63.8428964912891,31.8341695293784
0,63.659646064043,31.7619019970298
0,63.476395636797,31.6896344646811
0,63.2931452095509,31.6173669323325
0,63.1098947823048,31.5450993999839
0,62.9266443550587,31.4728318676353
0,62.7433939278126,31.4005643352866
0,62.5601435005665,31.328296802938
0,62.3768930733204,31.2560292705894
0,62.1936426460743,31.1837617382407
0,62.0103922188282,31.1114942058921
0,61.8271417915821,31.0392266735435
0,61.643891364336,30.9669591411948
0,61.4606409370899,30.8946916088462
0,61.2773905098438,30.8224240764976
0,61.0941400825977,30.7501565441489
0,60.9108896553516,30.6778890118003
0,60.7276392281055,30.6056214794517
0,60.5443888008595,30.533353947103
0,60.3611383736134,30.4610864147544
0,60.1778879463673,30.3888188824058
0,59.9946375191212,30.3165513500571
0,59.8113870918751,30.2442838177085
0,59.628136664629,30.1720162853599
0,59.4448862373829,30.0997487530112
0,59.2616358101368,30.0274812206626
0,59.0783853828907,29.955213688314
0,58.8951349556446,29.8829461559653
0,58.7118845283985,29.8106786236167
0,58.5286341011524,29.7384110912681
0,58.3453836739063,29.6661435589194
0,58.1621332466602,29.5938760265708
0,57.9788828194141,29.5216084942222
0,57.795632392168,29.4493409618735
0,57.612381964922,29.3770734295249
0,57.4291315376759,29.3048058971763
0,57.2458811104298,29.2325383648276
0,57.0626306831837,29.160270832479
0,56.8793802559376,29.0880033001304
0,56.6961298286915,29.0157357677817
0,56.5128794014454,28.9434682354331
0,56.3296289741993,28.8712007030845
0,56.1463785469532,28.7989331707358
0,55.9631281197071,28.7266656383872
0,55.779877692461,28.6543981060386
0,55.5966272652149,28.5821305736899
0,55.4133768379688,28.5098630413413
0,55.2301264107227,28.4375955089927
0,55.0468759834766,28.365327976644
0,54.8636255562305,28.2930604442954
0,54.6803751289845,28.2207929119468
0,54.4971247017384,28.1485253795981
0,54.3138742744923,28.0762578472495
0,54.1306238472462,28.0039903149009
0,53.9473734200001,27.9317227825522
0,53.764122992754,27.8594552502036
0,53.5808725655079,27.787187717855
0,53.3976221382618,27.7149201855063
0,53.2143717110157,27.6426526531577
0,53.0311212837696,27.5703851208091
0,52.8478708565235,27.4981175884604
0,52.6646204292774,27.4258500561118
0,52.4813700020313,27.3535825237632
0,52.2981195747852,27.2813149914145
0,52.1148691475391,27.2090474590659
0,51.931618720293,27.1367799267173
0,51.748368293047,27.0645123943686
0,51.5651178658009,26.99224486202
0,51.3818674385548,26.9199773296714
0,51.1986170113087,26.8477097973228
0,51.0153665840626,26.7754422649741
0,50.8321161568165,26.7031747326255
0,50.6488657295704,26.6309072002769
0,50.4656153023243,26.5586396679282
0,50.2823648750782,26.4863721355796
0,50.0991144478321,26.414104603231
0,49.915864020586,26.3418370708823
0,49.7326135933399,26.2695695385337
0,49.5493631660938,26.1973020061851
0,49.3661127388477,26.1250344738364
0,49.1828623116016,26.0527669414878
0,48.9996118843555,25.9804994091392
0,48.8163614571095,25.9082318767905
0,48.6331110298634,25.8359643444419
0,48.4498606026173,25.7636968120933
0,48.2666101753712,25.6914292797446
0,48.0833597481251,25.619161747396
0,47.900109320879,25.5468942150474
0,47.7168588936329,25.4746266826987
0,47.5336084663868,25.4023591503501
0,47.3503580391407,25.3300916180015
0,47.1671076118946,25.2578240856528
0,46.9838571846485,25.1855565533042
0,46.8006067574024,25.1132890209556
0,46.6173563301563,25.0410214886069
0,46.4341059029102,24.9687539562583
0,46.2508554756641,24.8964864239097
0,46.067605048418,24.824218891561
0,45.884354621172,24.7519513592124
0,45.7011041939259,24.6796838268638
0,45.5178537666798,24.6074162945151
0,45.3346033394337,24.5351487621665
0,45.1513529121876,24.4628812298179
0,44.9681024849415,24.3906136974692
0,44.7848520576954,24.3183461651206
0,44.6016016304493,24.246078632772
0,44.4183512032032,24.1738111004233
0,44.2351007759571,24.1015435680747
0,44.051850348711,24.0292760357261
0,43.8685999214649,23.9570085033774
0,43.6853494942188,23.8847409710288
0,43.5020990669727,23.8124734386802
0,43.3188486397266,23.7402059063315
0,43.1355982124805,23.6679383739829
0,42.9523477852345,23.5956708416343
0,42.7690973579884,23.5234033092856
0,42.5858469307423,23.451135776937
0,42.4025965034962,23.3788682445884
0,42.2193460762501,23.3066007122397
0,42.036095649004,23.2343331798911
0,41.8528452217579,23.1620656475425
0,41.6695947945118,23.0897981151938
0,41.4863443672657,23.0175305828452
0,41.3030939400196,22.9452630504966
0,41.1198435127735,22.8729955181479
0,40.9365930855274,22.8007279857993
0,40.7533426582813,22.7284604534507
0,40.5700922310352,22.656192921102
0,40.3868418037891,22.5839253887534
0,40.203591376543,22.5116578564048
0,40.020340949297,22.4393903240561
0,39.8370905220509,22.3671227917075
0,39.6538400948048,22.2948552593589
0,39.4705896675587,22.2225877270103
0,39.2873392403126,22.1503201946616
0,39.1040888130665,22.078052662313
0,38.9208383858204,22.0057851299644
0,38.7375879585743,21.9335175976157
0,38.5543375313282,21.8612500652671
0,38.3710871040821,21.7889825329185
0,38.187836676836,21.7167150005698
0,38.0045862495899,21.6444474682212
0,37.8213358223438,21.5721799358726
0,37.6380853950977,21.4999124035239
0,37.4548349678516,21.4276448711753
0,37.2715845406055,21.3553773388267
0,37.0883341133595,21.283109806478
0,36.9050836861134,21.2108422741294
0,36.7218332588673,21.1385747417808
0,36.5385828316212,21.0663072094321
0,36.3553324043751,20.9940396770835
0,36.172081977129,20.9217721447349
0,35.9888315498829,20.8495046123862
0,35.8055811226368,20.7772370800376
0,35.6223306953907,20.704969547689
0,35.4390802681446,20.6327020153403
0,35.2558298408985,20.5604344829917
0,35.0725794136524,20.4881669506431
0,34.8893289864063,20.4158994182944
0,34.7060785591602,20.3436318859458
0,34.5228281319141,20.2713643535972
0,34.339577704668,20.1990968212485
0,34.156327277422,20.1268292888999
0,33.9730768501759,20.0545617565513
0,33.7898264229298,19.9822942242026
0,33.6065759956837,19.910026691854
0,33.4233255684376,19.8377591595054
0,33.2400751411915,19.7654916271567
0,33.0568247139454,19.6932240948081
0,32.8735742866993,19.6209565624595
0,32.6903238594532,19.5486890301108
0,32.5070734322071,19.4764214977622
0,32.323823004961,19.4041539654136
0,32.1405725777149,19.3318864330649
0,31.9573221504688,19.2596189007163
0,31.7740736305714,19.1873513683677
0,31.5908251106739,19.115083836019
0,31.4075765907764,19.0428163036704
0,31.224328070879,18.9705487713218
0,31.0410795509815,18.8982812389731
0,30.8578310310841,18.8260137066245
0,30.6745825111866,18.7537461742759
0,30.4913339912891,18.6814786419272
0,30.3080854713917,18.6092111095786
0,30.1248369514942,18.53694357723
0,29.9415884315968,18.4646760448813
0,29.7583399116993,18.3924085125327
0,29.5750913918018,18.3201409801841
0,29.3918428719044,18.2478734478354
0,29.2085943520069,18.1756059154868
0,29.0253458321095,18.1033383831382
0,28.842097312212,18.0310708507895
0,28.6588487923145,17.9588033184409
0,28.4756002724171,17.8865357860923
0,28.2923517525196,17.8142682537436
0,28.1091032326221,17.742000721395
0,27.9258547127247,17.6697331890464
0,27.7426061928272,17.5974656566978
0,27.5593576729298,17.5251981243491
0,27.3761091530323,17.4529305920005
0,27.1928606331348,17.3806630596519
0,27.0096121132374,17.3083955273032
0,26.8263635933399,17.2361279949546
0,26.6431150734425,17.163860462606
0,26.459866553545,17.0915929302573
0,26.2766180336475,17.0193253979087
0,26.0933695137501,16.9470578655601
0,25.9101209938526,16.8747903332114
0,25.7268724739552,16.8025228008628
0,25.5436239540577,16.7302552685142
0,25.3603754341602,16.6579877361655
0,25.1771269142628,16.5857202038169
0,24.9938783943653,16.5134526714683
0,24.8106298744679,16.4411851391196
0,24.6273813545704,16.368917606771
0,24.4441328346729,16.2966500744224
0,24.2608843147755,16.2243825420737
0,24.077635794878,16.1521150097251
0,23.8943872749805,16.0798474773765
0,23.7111387550831,16.0075799450278
0,23.5278902351856,15.9353124126792
0,23.3446417152882,15.8630448803306
0,23.1613931953907,15.7907773479819
0,22.9781446754932,15.7185098156333
0,22.7948961555958,15.6462422832847
0,22.6116476356983,15.573974750936
0,22.4283991158009,15.5017072185874
0,22.2451505959034,15.4294396862388
0,22.0619020760059,15.3571721538901
0,21.8786535561085,15.2849046215415
0,21.695405036211,15.2126370891929
0,21.5121565163136,15.1403695568442
0,21.3289079964161,15.0681020244956
0,21.1456594765186,14.995834492147
0,20.9624109566212,14.9235669597983
0,20.7791624367237,14.8512994274497
0,20.5959139168262,14.7790318951011
0,20.4126653969288,14.7067643627524
0,20.2294168770313,14.6344968304038
0,20.0461683571339,14.5622292980552
0,19.8629198372364,14.4899617657065
0,19.6796713173389,14.4176942333579
0,19.4964227974415,14.3454267010093
0,19.313174277544,14.2731591686606
0,19.1299257576466,14.200891636312
0,18.9466772377491,14.1286241039634
0,18.7634287178516,14.0563565716147
0,18.5801801979542,13.9840890392661
0,18.3969316780567,13.9118215069175
0,18.2136831581593,13.8395539745688
0,18.0304346382618,13.7672864422202
0,17.8471861183643,13.6950189098716
0,17.6639375984669,13.6227513775229
0,17.4806890785694,13.5504838451743
0,17.297440558672,13.4782163128257
0,17.1141920387745,13.405948780477
0,16.930943518877,13.3336812481284
0,16.7476949989796,13.2614137157798
0,16.5644464790821,13.1891461834311
0,16.3811979591846,13.1168786510825
0,16.1979494392872,13.0446111187339
0,16.0147009193897,12.9723435863853
0,15.8314523994923,12.9000760540366
0,15.6482029259205,12.827808521688
0,15.4649534523487,12.7555409893394
0,15.2817039787769,12.6832734569907
0,15.0984545052052,12.6110059246421
0,14.9152050316334,12.5387383922935
0,14.7319555580616,12.4664708599448
0,14.5487060844898,12.3942033275962
0,14.365456610918,12.3219357952476
0,14.1822071373463,12.2496682628989
0,13.9989576637745,12.1774007305503
0,13.8157081902027,12.1051331982017
0,13.6324587166309,12.032865665853
0,13.4492092430592,11.9605981335044
0,13.2659597694874,11.8883306011558
0,13.0827102959156,11.8160630688071
0,12.8994608223438,11.7437955364585
0,12.716211348772,11.6715280041099
0,12.5329618752003,11.5992604717612
0,12.3497124016285,11.5269929394126
0,12.1664629280567,11.454725407064
0,11.9832134544849,11.3824578747153
0,11.7999639809132,11.3101903423667
0,11.6167145073414,11.2379228100181
0,11.4334650337696,11.1656552776694
0,11.2502155601978,11.0933877453208
0,11.0669660866261,11.0211202129722
0,10.8837166130543,10.9488526806235
0,10.7004671394825,10.8765851482749
0,10.5172176659107,10.8043176159263
0,10.3339681923389,10.7320500835776
0,10.1507187187672,10.659782551229
0,9.96746924519539,10.5875150188804
0,9.78421977162361,10.5152474865317
0,9.60097029805183,10.4429799541831
0,9.41772082448006,10.3707124218345
0,9.23447135090828,10.2984448894858
0,9.0512218773365,10.2261773571372
0,8.86797240376472,10.1539098247886
0,8.68472293019295,10.0816422924399
0,8.50147345662117,10.0093747600913
0,8.31822398304939,9.93710722774267
0,8.13497450947762,9.86483969539404
0,7.95172503590584,9.79257216304541
0,7.76847556233406,9.72030463069677
0,7.58522608876228,9.64803709834814
0,7.40197661519051,9.57576956599951
0,7.21872714161873,9.50350203365088
0,7.03547766804695,9.43123450130224
0,6.85222819447517,9.35896696895361
0,6.6689787209034,9.28669943660498
0,6.48572924733162,9.21443190425634
0,6.30247977375984,9.14216437190771
0,6.11923030018806,9.06989683955908
0,5.93598082661629,8.99762930721045
0,5.75273135304451,8.92536177486181
0,5.56948187947273,8.85309424251318
0,5.38623240590096,8.78082671016455
0,5.20298293232918,8.70855917781591
0,5.0197334587574,8.63629164546728
0,4.83648398518562,8.56402411311865
0,4.65323451161385,8.49175658077002
0,4.46998503804207,8.41948904842138
0,4.28673556447029,8.34722151607275
0,4.10348609089851,8.27495398372412
0,3.92023661732674,8.20268645137548
0,3.73698714375496,8.13041891902685
0,3.55373767018318,8.05815138667822
0,3.3704881966114,7.98588385432959
0,3.18723872303963,7.91361632198095
0,3.00398924946785,7.84134878963232
0,2.82073977589607,7.76908125728369
0,2.6374903023243,7.69681372493505
0,2.45424082875252,7.62454619258642
0,2.27099135518074,7.55227866023779
0,2.08774188160896,7.48001112788916
0,1.90449240803719,7.40774359554052
0,1.72124293446541,7.33547606319189
0,1.53799346089363,7.26320853084326
0,1.35474398732185,7.19094099849463
0,1.17149451375008,7.11867346614599
0,1,7.04640593379736
0,1,6.97413840144873
0,1,6.90187086910009
0,1,6.82960333675146
0,1,6.75733580440283
0,1,6.6850682720542
0,1,6.61280073970556
0,1,6.54053320735693
0,1,6.4682656750083
0,1,6.39599814265966
0,1,6.32373061031103
0,1,6.2514630779624
0,1,6.17919554561377
0,1,6.10692801326513
0,1,6.0346604809165
0,1,5.96239294856787
0,1,5.89012541621923
0,1,5.8178578838706
0,1,5.74559035152197
0,1,5.67332281917334
0,1,5.6010552868247
0,1,5.52878775447607
0,1,5.45652022212744
0,1,5.3842526897788
0,1,5.31198515743017
0,1,5.23971762508154
0,1,5.16745009273291
0,1,5.09518256038427
0,1,5.02291502803564
0,1,4.95064749568701
0,1,4.87837996333838
0,1,4.80611243098974
0,1,4.73384489864111
0,1,4.66157736629248
0,1,4.58930983394384
0,1,4.51704230159521
0,1,4.44477476924658
0,1,4.37250723689795
0,1,4.30023970454931
0,1,4.22797217220068
0,1,4.15570463985205
0,1,4.08343710750341
0,1,4.01116957515478
0,1,3.93890204280615
0,1,3.86663474887609
0,1,3.79436745494604
0,1,3.72210016101599
0,1,3.64983286708593
0,1,3.57756557315588
0,1,3.50529827922583
0,1,3.43303098529577
0,1,3.36076369136572
0,1,3.28849639743567
0,1,3.21622910350561
0,1,3.14396180957556
0,1,3.0716945156455
0,1,2.99942722171545
0,1,2.9271599277854
0,1,2.85489263385534
0,1,2.78262533992529
0,1,2.71035804599524
0,1,2.63809075206518
0,1,2.56582345813513
0,1,2.49355616420507
0,1,2.42128887027502
0,1,2.34902157634497
0,1,2.27675428241491
0,1,2.20448698848486
0,1,2.13221969455481
0,1,2.05995240062475
0,1,1.9876851066947
0,1,1.91541769355536
0,1,1.84315028041601
0,1,1.77088286727667
0,1,1.69861545413733
0,1,1.62634804099798
0,1,1.55408062785864
0,1,1.4818132147193
0,1,1.40954580157995
0,1,1.33727838844061
0,1,1.26501097530127
0,1,1.19274356216192
0,1,1.12047614902258
0,1,1.04820873588324
0,1,0.975941322743893
0,1,0.903673909604549
0,1,0.831406496465206
0,1,0.759139083325863
0,1,0.68687167018652
0,1,0.614604257047176
0,1,0.542336843907833
0,1,0.47006943076849
0,1,0.397802047431469
0,1,0.325534664094448
0,1,0.253267280757427
0,1,0.180999897420406
0,1,0.108732514083385
0,1,0.036465123295784
0,1,0
0,1,0
0,1,0
0,1,0
0,1,0
0,1,0
0,1,0
0,1,0
0,1,0
0,1,0
0,1,0
0,1,0
0,1,0
0,1,0
0,1,0
0,1,0
0,1,0
0,1,0
0,1,0
0,1,0
0,1,0
0,1,0
0,1,0
0,1,0
0,1,0
0,1,0
0,1,0
0,1,0
0,1,0
0,1,0
0,1,0
0,1,0
0,1,0
0,1,0
0,1,0
0,1,0
0,1,0
0,1,0
0,1,0
0,1,0
0,1,0
0,1,0
0,1,0
0,1,0
0,1,0
0,1,0
0,1,0
0,1,0
0,1,0
0,1,0
0,1,0
0,1,0
0,1,0
0,1,0
0,1,0
0,1,0
0,1,0
0,1,0
0,1,0
0,1,0
0,1,0
0,1,0
0,1,0
0,1,0
0,1,0
0,1,0
0,1,0
0,1,0
0,1,0
0,1,0
0,1,0
0,1,0
0,1,0
0,1,0
0,1,0
0,1,0
0,1,0
0,1,0
0,1,0
0,1,0
0,1,0
0,1,0
0,1,0
0,1,0
0,1,0
0,1,0
0,1,0
0,1,0
0,1,0
0,1,0
0,1,0
0,1,0
0,1,0
0,1,0
0,1,0
0,1,0
0,1,0
0,1,0
0,1,0
0,1,0
0,1,0
0,1,0
0,1,0
0,1,0
0,1,0
0,1,0
0,1,0
0,1,0
0,1,0
0,1,0
0,1,0
0,1,0
0,1,0
0,1,0
0,1,0
0,1,0
0,1,0
0,1,0
0,1,0
0,1,0
0,1,0
0,1,0
0,1,0
0,1,0
0,1,0
0,1,0
0,1,0
0,1,0
0,1,0
0,1,0
0,1,0
0,1,0
0,100,0
0,100,0
0,100,0
0,100,0
0,100,0
0,100,0
0,100,0
0,100,0
0,100,0
0,100,0
0,100,0
0,100,0
0,100,0
0,100,0
0,100,0
0,100,0
0,100,0
0,100,0
0,100,0
0,100,0
0,100,0
0,100,0
0,100,0
0,100,0
0,100,0
0,100,0
0,100,0
0,100,0
0,100,0
0,100,0
0,100,0
0,100,0
0,100,0
0,100,0
0,100,0
0,100,0
0,100,0
0,100,0
0,100,0
0,100,0
0,100,0
0,100,0
0,100,0
0,100,0
0,100,0
0,100,0
0,100,0
0,100,0
0,100,0
0,100,0
0,100,0
0,100,0
0,100,0
0,100,0
0,100,0
0,100,0
0,100,0
0,100,0
0,100,0
0,100,0
0,100,0
0,100,0
0,100,0
0,100,0
0,100,0
0,100,0
0,100,0
0,100,0
0,100,0
0,100,0
0,100,0
0,100,128
0,100,128
0,100,128
0,100,128
0,100,128
0,100,128
-1,100,128
#MOTOR_B1
5,99.7084548104956,57.1428571428571
5,99.7141744880937,57.2000223398209
5,99.7198889045976,57.2571893930435
5,99.7256033211015,57.3143564462662
5,99.7313177376054,57.3715234994888
5,99.7370321541093,57.4286905527115
5,99.7427465706132,57.4858576059341
5,99.7484609871171,57.5430246591568
5,99.754175403621,57.6001917123795
5,99.759889820125,57.6573587656021
5,99.7656042366289,57.7145258188248
5,99.7713186531328,57.7716928720474
5,99.7770330696367,57.8288599252701
5,99.7827474861406,57.8860269784927
5,99.7884619026445,57.9431940317154
5,99.7941763191484,58.000361084938
5,99.7998907356523,58.0575281381607
5,99.8056051521562,58.1146951913834
5,99.8113195686601,58.171862244606
5,99.817033985164,58.2290292978287
5,99.8227484016679,58.2861963510513
5,99.8284628181718,58.343363404274
5,99.8341772346757,58.4005304574966
5,99.8398916511796,58.4576975107193
5,99.8456060676835,58.514864563942
5,99.8513204841875,58.5720316171646
5,99.8570349006914,58.6291986703873
5,99.8627493171953,58.6863657236099
5,99.8684637336992,58.7435327768326
5,99.8741781502031,58.8006998300552
5,99.879892566707,58.8578668832779
5,99.8856069832109,58.9150339365005
5,99.8913213997148,58.9722009897232
5,99.8970358162187,59.0293680429459
5,99.9027502327226,59.0865350961685
5,99.9084646492265,59.1437021493912
5,99.9141790657304,59.2008692026138
5,99.9198934822343,59.2580362558365
5,99.9256078987382,59.3152033090591
5,99.9313223152421,59.3723703622818
5,99.937036731746,59.4295374155045
5,99.94275114825,59.4867044687271
5,99.9484655647539,59.5438715219498
5,99.9541799812578,59.6010385751724
5,99.9598943977617,59.6582056283951
5,99.9656088142656,59.7153726816177
5,99.9713232307695,59.7725397348404
5,99.9770376472734,59.829706788063
5,99.9827520637773,59.8868738412857
5,99.9884664802812,59.9440408945084
5,99.9941808967851,60.001207947731
5,99.999895313289,60.0583750009537
5,100.005609729793,60.1155420541763
5,100.011324146297,60.172709107399
5,100.017038562801,60.2298761606216
5,100.022752979305,60.2870432138443
5,100.028467395809,60.344210267067
5,100.034181812312,60.4013773202896
5,100.039896228816,60.4585443735123
5,100.04561064532,60.5157114267349
5,100.051325061824,60.5728784799576
5,100.057039478328,60.6300455331802
5,100.062753894832,60.6872125864029
5,100.068468311336,60.7443796396255
5,100.07418272784,60.8015466928482
5,100.079897144344,60.8587137460709
5,100.085611560848,60.9158807992935
5,100.091325977352,60.9730478525162
5,100.097040393855,61.0302149057388
5,100.102754810359,61.0873819589615
5,100.108469226863,61.1445490121841
5,100.114183643367,61.2017160654068
5,100.119898059871,61.2588831186295
5,100.125612476375,61.3160501718521
5,100.131326892879,61.3732172250748
5,100.137041309383,61.4303842782974
5,100.142755725887,61.4875513315201
5,100.148470142391,61.5447183847427
5,100.154184558894,61.6018854379654
5,100.159898975398,61.659052491188
5,100.165613391902,61.7162195444107
5,100.171327808406,61.7733865976334
5,100.17704222491,61.830553650856
5,100.182756641414,61.8877207040787
5,100.188471057918,61.9448877573013
5,100.194185474422,62.002054810524
5,100.199899890926,62.0592218637466
5,100.20561430743,62.1163889169693
5,100.211328723934,62.173555970192
5,100.217043140437,62.2307230234146
5,100.222757556941,62.2878900766373
5,100.228471973445,62.3450571298599
5,100.234186389949,62.4022241830826
5,100.239900806453,62.4593912363052
5,100.245615222957,62.5165582895279
5,100.251329639461,62.5737253427505
5,100.257044055965,62.6308923959732
5,100.262758472469,62.6880594491959
5,100.268472888973,62.7452265024185
5,100.274187305477,62.8023935556412
5,100.27990172198,62.8595606088638
-1,100.285616138484,62.9167276620865
-1,20.4081632653061,62.9738947153091
-1,21.0000436902046,62.6239069253206
-1,21.5919244885445,62.8571413308382
-1,22.1838052868843,63.0903757363558
-1,22.7756860852242,63.3236101418734
-1,23.367566883564,63.5568445473909
-1,23.9594476819038,63.7900789529085
-1,24.5513284802437,64.0233133584261
-1,25.1432092785835,64.2565515786409
-1,25.7350900769234,64.4897897988558
-1,26.3269708752632,64.7230280190706
-1,26.9188516736031,64.9562662392855
-1,27.5107324719429,65.1895044595003
-1,28.1026132702827,65.4227426797152
-1,28.6944940686226,65.65598089993
-1,29.2863748669624,65.8892191201448
-1,29.8782556653023,66.1224573403597
-1,30.4701364636421,66.3556955605745
-1,31.062017261982,66.5889337807894
-1,31.6538980603218,66.8221720010042
-1,32.2457788586617,67.0554102212191
-1,32.8376577496529,67.2886484414339
-1,33.4295385479927,67.5218866616488
-1,34.0214193463326,67.7551248818636
-1,34.6133001446724,67.9883631020784
-1,35.2051809430122,68.2216013222933
-1,35.7970617413521,68.4548395425081
-1,36.3889425396919,68.688077762723
-1,36.9808233380318,68.9213159829378
-1,37.5727041363716,69.1545542031527
-1,38.1645849347115,69.3877924233675
-1,38.7564657330513,69.6210306435823
-1,39.3483465313911,69.8542688637972
-1,39.940227329731,70.087507084012
-1,40.5321081280708,70.3207453042269
-1,41.1239889264107,70.5539835244417
-1,41.7158697247505,70.7872217446566
-1,42.3077505230904,71.0204599648714
-1,42.8996313214302,71.2536981850863
-1,43.4915121197701,71.4869364053011
-1,44.0833929181099,71.7201746255159
-1,44.6752737164497,71.9534128457308
-1,45.2671545147896,72.1866510659456
-1,45.8590353131294,72.4198892861605
-1,46.4509161114693,72.6531275063753
-1,47.0427969098091,72.8863657265902
-1,47.634677708149,73.119603946805
-1,48.2265585064888,73.3528421670198
-1,48.8184393048286,73.5860803872347
-1,49.4103201031685,73.8193186074495
-1,50.0022009015083,74.0525568276644
-1,50.5940816998482,74.2857950478792
-1,51.185962498188,74.5190332680941
-1,51.7778432965279,74.7522714883089
-1,52.3697240948677,74.9855097085238
-1,52.9616048932076,75.2187479287386
-1,53.5534856915474,75.4519861489534
-1,54.1453664898872,75.6852243691683
-1,54.7372472882271,75.9184625893831
-1,55.3291280865669,76.151700809598
-1,55.9210088849068,76.3849390298128
-1,56.5128896832466,76.6181772500277
-1,57.1047704815865,76.8514154702425
-1,57.6966512799263,77.0846536904573
-1,58.2885320782661,77.3178919106722
-1,58.880412876606,77.551130130887
-1,59.4722936749458,77.7843683511019
-1,60.0641744732857,78.0176065713167
-1,60.6560552716255,78.2508447915316
-1,61.2479360699654,78.4840830117464
-1,61.8398168683052,78.7173212319613
-1,62.4316976666451,78.9505594521761
-1,63.0235784649849,79.1837976723909
-1,63.6154592633247,79.4170358926058
-1,64.2073400616646,79.6502741128206
-1,64.7992170453072,79.8835123330355
-1,65.391097843647,80.1167505532503
-1,65.9829786419868,80.3499887734652
-1,66.5748594403267,80.58322699368
-1,67.1667402386665,80.8164652138948
-1,67.7586210370064,81.0497034341097
-1,68.3505018353462,81.2829416543245
-1,68.9423826336861,81.5161798745394
-1,69.5342634320259,81.7494180947542
-1,70.1261442303658,81.9826563149691
-1,70.7180250287056,82.2158945351839
-1,71.3099058270454,82.4491327553988
-1,71.9017866253853,82.6823709756136
-1,72.4936674237251,82.9156091958284
-1,73.085548222065,83.1488474160433
-1,73.6774290204048,83.3820856362581
-1,74.2693098187447,83.615323856473
-1,74.8611906170845,83.8485620766878
-1,75.4530714154243,84.0818002969027
-1,76.0449522137642,84.3150385171175
-1,76.636833012104,84.5482767373323
-1,77.2287138104439,84.7815149575472
-1,77.8205946087837,85.014753177762
-1,78.4124754071236,85.2479913979769
-1,79.0043562054634,85.4812296181917
-1,79.5962370038033,85.7144678384066
-1,80.1881178021431,85.9477060586214
-1,80.7799986004829,86.1809442788363
-1,81.3718793988228,86.4141824990511
-1,81.9637601971626,86.6474207192659
-1,82.5556409955025,86.8806589394808
-1,83.1475217938423,87.1138971596956
-1,83.7394025921822,87.3471353799105
-1,84.331283390522,87.5803736001253
-1,84.9231641888618,87.8136118203402
-1,85.5150449872017,88.046850040555
-1,86.1069257855415,88.2800882607698
-1,86.6988065838814,88.5133264809847
-1,87.2906873822212,88.7465647011995
-1,87.8825681805611,88.9798029214144
-1,88.4744489789009,89.2130411416292
-1,89.0663297772408,89.4462793618441
-1,89.6582105755806,89.6795175820589
-1,90.2500913739204,89.9127558022738
-1,90.8419721722603,90.1459940224886
-1,91.4338529706001,90.3792322427034
-1,92.02573376894,90.6124704629183
-1,92.6176145672798,90.8457086831331
-1,93.2094953656197,91.078946903348
-1,93.8013761639595,91.3121851235628
-1,94.3932569622993,91.5454233437777
-1,94.9851377606392,91.7786615639925
-1,95.577018558979,92.0118997842073
-1,96.1688993573189,92.2451380044222
-1,96.7607801556587,92.478376224637
-1,97.3526609539986,92.7116144448519
-1,97.9445417523384,92.9448526650667
-1,98.5364225506783,93.1780908852816
-1,99.1283033490181,93.4113291054964
-1,99.7201841473579,93.6445673257113
-1,100.312064945698,93.8778055459261
-1,100.903945744038,94.1110437661409
-1,101.495826542377,94.3442819863558
-1,102.087707340717,94.5775202065706
-1,102.679588139057,94.8107584267855
-1,103.271468937397,95.0439966470003
-1,103.863349735737,95.2772348672152
-1,104.455230534077,95.51047308743
-1,105.047111332417,95.7437113076448
-1,105.638992130756,95.9769495278597
-1,106.230872929096,96.2101877480745
-1,106.822753727436,96.4434259682894
-1,107.414634525776,96.6766641885042
-1,108.006515324116,96.9099024087191
-1,108.598396122456,97.1431406289339
-1,109.190276920795,97.3763788491488
-1,109.782157719135,97.6096170693636
-1,110.374038517475,97.8428552895784
-1,110.965919315815,98.0760935097933
-1,111.557800114155,98.3093317300081
-1,112.149680912495,98.542569950223
-1,112.741561710835,98.7758081704378
-1,113.333442509174,99.0090463906527
-1,113.925323307514,99.2422846108675
-1,114.517204105854,99.4755228310823
-1,115.109084904194,99.7087610512972
-1,115.700965702534,99.941999271512
-1,116.292846500874,100.175237491727
-1,116.884727299213,100.408475711942
-1,117.476608097553,100.641713932157
-1,118.068488895893,100.874952152371
-1,118.660369694233,101.108190372586
-1,119.252250492573,101.341428592801
-1,119.844131290913,101.574666813016
-1,120.436012089252,101.807905033231
-1,121.027892887592,102.041143253446
-1,121.619773685932,102.27438147366
-1,122.211654484272,102.507619693875
-1,122.803535282612,102.74085791409
-1,123.395416080952,102.974096134305
-1,123.987296879292,103.20733435452
-1,124.579177677631,103.440572574735
-1,125.171058475971,103.67381079495
-1,125.762939274311,103.907049015164
-1,126.354820072651,104.140287235379
-1,126.946700870991,104.373525455594
-1,127.538581669331,104.606763675809
-1,128.13046246767,104.840001896024
-1,128.72234326601,105.073240116239
-1,129.314216434956,105.306478336453
-1,129.906089603901,105.539716556668
-1,130.497962772846,105.772954776883
-1,131.089835941792,106.006192997098
-1,131.681709110737,106.239431217313
-1,132.273582279682,106.472669437528
-1,132.865455448627,106.705907657743
-1,133.457328617573,106.939145877957
-1,134.049201786518,107.172384098172
-1,134.641074955463,107.405622318387
-1,135.232948124409,107.638860538602
-1,135.824821293354,107.872098758817
-1,136.416694462299,108.105336979032
-1,137.008567631245,108.338575199246
-1,137.60044080019,108.571813419461
-1,138.192313969135,108.805051639676
-1,121.149034231901,109.038289859891
3,121.364968985319,67.4332994297147
3,121.580903738737,67.5112947300076
3,121.796838492155,67.5892900303006
3,122.012773245573,67.6672853305936
3,122.228707998991,67.7452806308866
3,122.444642752409,67.8232759311795
3,122.660577505827,67.9012712314725
3,122.876512259245,67.9792665317655
3,123.092447012663,68.0572618320584
3,123.308381766081,68.1352571323514
3,123.524316519499,68.2132524326444
3,123.740251272917,68.2912477329373
3,123.956186026335,68.3692430332303
3,124.172120779753,68.4472383335233
3,124.388055533171,68.5252336338162
3,124.603990286589,68.6032289341092
3,124.819925040007,68.6812242344022
3,125.035859793425,68.7592195346951
3,125.251794546843,68.8372148349881
3,125.467729300261,68.9152101352811
3,125.683664053679,68.9932054355741
3,125.899598807096,69.071200735867
3,126.115533560514,69.14919603616
3,126.331468313932,69.227191336453
3,126.54740306735,69.3051866367459
3,126.763337820768,69.3831819370389
3,126.979272574186,69.4611772373319
3,127.195207327604,69.5391725376248
3,127.411142081022,69.6171678379178
3,127.62707683444,69.6951631382108
3,127.843011587858,69.7731584385037
3,128.058946341276,69.8511537387967
3,128.274881094694,69.9291490390897
3,128.490823477507,70.0071443393826
3,128.706765860319,70.0851396396756
3,128.922708243132,70.1631349399686
3,129.138650625944,70.2411302402616
3,129.354593008757,70.3191255405545
3,129.570535391569,70.3971208408475
3,129.786477774382,70.4751161411405
3,130.002420157194,70.5531114414334
3,130.218362540007,70.6311067417264
3,130.434304922819,70.7091020420194
3,130.650247305632,70.7870973423123
3,130.866189688444,70.8650926426053
3,131.082132071257,70.9430879428983
3,131.298074454069,71.0210832431912
3,131.514016836882,71.0990785434842
3,131.729959219694,71.1770738437772
3,131.945901602507,71.2550691440701
3,132.161843985319,71.3330644443631
3,132.377786368132,71.4110597446561
3,132.593728750944,71.4890550449491
3,132.809671133757,71.567050345242
3,133.025613516569,71.645045645535
3,133.241555899382,71.723040945828
3,133.457498282194,71.8010362461209
3,133.673440665007,71.8790315464139
3,133.889383047819,71.9570268467069
3,134.105325430632,72.0350221469998
3,134.321267813444,72.1130174472928
3,134.537210196257,72.1910127475858
3,134.753152579069,72.2690080478787
3,134.969094961882,72.3470033481717
3,135.185037344694,72.4249986484647
3,135.400979727507,72.5029939487576
3,135.616922110319,72.5809892490506
3,135.832864493132,72.6589845493436
3,136.048806875944,72.7369798496366
3,136.264749258757,72.8149751499295
3,136.480691641569,72.8929704502225
3,136.696634024382,72.9709657505155
3,136.912576407194,73.0489610508084
3,137.128518790007,73.1269563511014
3,137.344461172819,73.2049516513944
3,137.560403555632,73.2829469516873
3,137.776345938444,73.3609422519803
3,137.992288321257,73.4389375522733
3,138.208230704069,73.5169328525662
3,138.424173086882,73.5949281528592
3,138.640115469694,73.6729234531522
3,138.856057852507,73.7509187534451
3,139.072000235319,73.8289140537381
3,139.287942618132,73.9069093540311
3,139.503885000944,73.9849046543241
3,139.719827383757,74.062899954617
3,139.935769766569,74.14089525491
3,140.151712149382,74.218890555203
3,140.367654532194,74.2968858554959
3,140.583596915007,74.3748811557889
3,140.799539297819,74.4528764560819
3,141.015481680632,74.5308717563748
3,141.231424063444,74.6088670566678
3,141.447366446257,74.6868623569608
3,141.663308829069,74.7648576572537
3,141.879251211882,74.8428529575467
3,142.095193594694,74.9208482578397
3,142.311135977507,74.9988435581326
3,142.527078360319,75.0768388584256
3,142.743020743132,75.1548341587186
3,142.958963125944,75.2328294590116
3,143.174905508757,75.3108247593045
3,143.390847891569,75.3888200595975
3,143.606790274382,75.4668153598905
3,143.822732657194,75.5448106601834
3,144.038675040007,75.6228059604764
3,144.254617422819,75.7008012607694
3,144.470559805632,75.7787965610623
3,144.686502188444,75.8567918613553
3,144.902444571257,75.9347871616483
3,145.118386954069,76.0127824619412
3,145.334329336882,76.0907777622342
3,145.550271719694,76.1687730625272
3,145.766214102507,76.2467683628201
3,145.982156485319,76.3247636631131
3,146.198098868132,76.4027589634061
3,146.414041250944,76.4807542636991
3,146.629983633757,76.558749563992
3,146.845926016569,76.636744864285
3,147.061868399382,76.714740164578
3,147.277810782194,76.7927354648709
3,147.493753165007,76.8707307651639
3,147.709695547819,76.9487260654569
3,147.925637930632,77.0267213657498
3,148.141580313444,77.1047166660428
3,148.357522696257,77.1827119663358
3,148.573465079069,77.2607072666287
3,148.789407461882,77.3387025669217
3,149.005349844694,77.4166978672147
3,149.221292227507,77.4946931675076
3,149.437234610319,77.5726884678006
3,149.653176993132,77.6506837680936
3,149.869119375944,77.7286790683866
3,150.085061758757,77.8066743686795
3,150.301004141569,77.8846696689725
3,150.516946524382,77.9626649692655
3,150.732888907194,78.0406602695584
3,150.948831290007,78.1186555698514
3,151.164773672819,78.1966508701444
3,151.380716055632,78.2746461704373
3,151.596658438444,78.3526414707303
3,151.812600821257,78.4306367710233
3,152.028543204069,78.5086320713162
3,152.244485586882,78.5866273716092
3,152.460427969694,78.6646226719022
3,152.676370352507,78.7426179721951
3,152.892312735319,78.8206132724881
3,153.108255118132,78.8986085727811
3,153.324197500944,78.9766038730741
3,153.540139883757,79.054599173367
3,153.756082266569,79.13259447366
3,153.972024649382,79.210589773953
3,154.187967032194,79.2885850742459
3,154.403909415007,79.3665803745389
3,154.619851797819,79.4445756748319
3,154.835794180632,79.5225709751248
3,155.051736563444,79.6005662754178
3,155.267678946257,79.6785615757108
3,155.483621329069,79.7565568760037
3,155.699563711882,79.8345521762967
3,155.915506094694,79.9125474765897
3,156.131448477507,79.9905427768826
3,156.347390860319,80.0685380771756
3,156.563333243132,80.1465333774686
3,156.779275625944,80.2245286777616
3,156.995218008757,80.3025239780545
3,157.211160391569,80.3805192783475
3,157.427102774382,80.4585145786405
3,157.643045157194,80.5365098789334
3,157.858987540007,80.6145051792264
3,158.074929922819,80.6925004795194
3,158.290872305632,80.7704957798123
3,158.506814688444,80.8484910801053
3,158.722757071257,80.9264863803983
3,158.938699454069,81.0044816806912
3,159.154641836882,81.0824769809842
3,159.370584219694,81.1604722812772
3,159.586526602507,81.2384675815701
3,159.802468985319,81.3164628818631
3,160.018411368132,81.3944581821561
3,160.234353750944,81.4724534824491
3,160.450296133757,81.550448782742
3,160.666238516569,81.628444083035
3,160.882180899382,81.706439383328
3,161.098123282194,81.7844346836209
3,161.314065665007,81.8624299839139
3,161.530008047819,81.9404252842069
3,161.745950430632,82.0184205844998
3,161.961892813444,82.0964158847928
3,162.177835196257,82.1744111850858
3,162.393777579069,82.2524064853787
3,162.609719961882,82.3304017856717
3,162.825662344694,82.4083970859647
3,163.041604727507,82.4863923862576
3,163.257547110319,82.5643876865506
3,163.473489493132,82.6423829868436
3,163.689431875944,82.7203782871366
3,163.905374258757,82.7983735874295
3,164.121316641569,82.8763688877225
3,164.337259024382,82.9543641880155
3,164.553201407194,83.0323594883084
3,164.769143790007,83.1103547886014
3,164.985086172819,83.1883500888944
3,165.201028555632,83.2663453891873
3,165.416970938444,83.3443406894803
3,165.632913321257,83.4223359897733
3,165.848855704069,83.5003312900662
3,166.064798086882,83.5783265903592
3,166.280740469694,83.6563218906522
3,166.496682852507,83.7343171909451
3,166.712625235319,83.8123124912381
3,166.928567618132,83.8903077915311
3,167.144510000944,83.9683030918241
3,167.360452383757,84.046298392117
3,167.576394766569,84.12429369241
3,167.792337149382,84.202288992703
3,168.008279532194,84.2802842929959
3,168.224221915007,84.3582795932889
3,168.440164297819,84.4362748935819
3,168.656106680632,84.5142701938748
3,168.872049063444,84.5922654941678
3,169.087991446257,84.6702607944608
3,169.303933829069,84.7482560947537
3,169.519876211882,84.8262513950467
3,169.735818594694,84.9042466953397
3,169.951760977507,84.9822419956326
3,170.167703360319,85.0602372959256
3,170.383645743132,85.1382325962186
3,170.599588125944,85.2162278965116
3,170.815530508757,85.2942231968045
3,171.031472891569,85.3722184970975
3,171.247415274382,85.4502137973905
3,171.463357657194,85.5282090976834
3,171.679300040007,85.6062043979764
3,171.895242422819,85.6841996982694
3,172.111184805632,85.7621949985623
3,172.327127188444,85.8401902988553
3,172.543069571257,85.9181855991483
3,172.759011954069,85.9961808994412
3,172.974954336882,86.0741761997342
3,173.190896719694,86.1521715000272
3,173.406839102507,86.2301668003201
3,173.622781485319,86.3081621006131
3,173.838723868132,86.3861574009061
3,174.054666250944,86.4641527011991
3,174.270608633757,86.542148001492
3,174.486551016569,86.620143301785
3,174.702493399382,86.698138602078
3,174.918435782194,86.7761339023709
3,175.134378165007,86.8541292026639
3,175.350320547819,86.9321245029569
3,175.566262930632,87.0101198032498
3,175.782205313444,87.0881151035428
3,175.998147696257,87.1661104038358
3,176.214090079069,87.2441057041287
3,176.430032461882,87.3221010044217
3,176.645974844694,87.4000963047147
3,176.861917227507,87.4780916050076
3,177.077859610319,87.5560869053006
3,177.293801993132,87.6340822055936
3,177.509744375944,87.7120775058866
3,177.725686758757,87.7900728061795
3,177.941629141569,87.8680681064725
3,178.157571524382,87.9460634067655
3,178.373513907194,88.0240587070584
3,178.589456290007,88.1020540073514
3,178.805398672819,88.1800493076444
3,179.021341055632,88.2580446079373
3,179.237283438444,88.3360399082303
3,179.453225821257,88.4140352085233
3,179.669168204069,88.4920305088162
3,179.885110586882,88.5700258091092
3,180.101052969694,88.6480211094022
3,180.316995352507,88.7260164096951
3,180.532937735319,88.8040117099881
3,180.748880118132,88.8820070102811
3,180.964822500944,88.9600023105741
3,181.180764883757,89.037997610867
3,181.396707266569,89.11599291116
3,181.612649649382,89.193988211453
3,181.828592032194,89.2719835117459
3,182.044534415007,89.3499788120389
3,182.260476797819,89.4279741123319
3,182.476419180632,89.5059694126248
3,182.692361563444,89.5839647129178
3,182.908303946257,89.6619600132108
3,183.124246329069,89.7399553135037
3,183.340188711882,89.8179506137967
3,183.556131094694,89.8959459140897
3,183.772073477507,89.9739412143826
3,183.988015860319,90.0519365146756
3,184.203958243132,90.1299318149686
3,184.419900625944,90.2079271152616
3,184.635843008757,90.2859224155545
3,184.851785391569,90.3639177158475
3,185.067727774382,90.4419130161405
3,185.283670157194,90.5199083164334
3,185.499612540007,90.5979036167264
3,185.715554922819,90.6758989170194
3,185.931497305632,90.7538942173123
3,186.147439688444,90.8318895176053
3,186.363382071257,90.9098848178983
3,186.579324454069,90.9878801181912
3,186.795266836882,91.0658754184842
3,187.011209219694,91.1438707187772
3,187.227151602507,91.2218660190701
3,187.443093985319,91.2998613193631
3,187.659036368132,91.3778566196561
3,187.874978750944,91.4558519199491
3,188.090921133757,91.533847220242
3,188.306863516569,91.611842520535
3,188.522805899382,91.689837820828
3,188.738748282194,91.7678331211209
3,188.954690665007,91.8458284214139
3,189.170633047819,91.9238237217069
3,189.386575430632,92.0018190219998
3,189.602517813444,92.0798143222928
3,189.818460196257,92.1578096225858
3,190.034402579069,92.2358049228787
3,190.250344961882,92.3138002231717
3,190.466287344694,92.3917955234647
3,190.682229727507,92.4697908237576
3,190.898172110319,92.5477861240506
3,191.114114493132,92.6257814243436
3,191.330056875944,92.7037767246366
3,191.545999258757,92.7817720249295
3,191.761941641569,92.8597673252225
3,191.977884024382,92.9377626255155
3,192.193826407194,93.0157579258084
3,192.409768790007,93.0937532261014
3,192.625711172819,93.1717485263944
3,192.841653555632,93.2497438266873
3,193.057595938444,93.3277391269803
3,193.273538321257,93.4057344272733
3,193.489480704069,93.4837297275662
3,193.705423086882,93.5617250278592
3,193.921365469694,93.6397203281522
3,194.137307852507,93.7177156284451
3,194.353250235319,93.7957109287381
3,194.569192618132,93.8737062290311
3,194.785135000944,93.9517015293241
3,195.001077383757,94.029696829617
3,195.217019766569,94.10769212991
3,195.432962149382,94.185687430203
3,195.648904532194,94.2636827304959
3,195.864846915007,94.3416780307889
3,196.080789297819,94.4196733310819
3,196.296731680632,94.4976686313748
3,196.512674063444,94.5756639316678
3,196.728616446257,94.6536592319608
3,196.944558829069,94.7316545322537
3,197.160501211882,94.8096498325467
3,197.376443594694,94.8876451328397
3,197.592385977507,94.9656404331326
3,197.808328360319,95.0436357334256
3,198.024270743132,95.1216310337186
3,198.240213125944,95.1996263340116
3,198.456155508757,95.2776216343045
3,198.672097891569,95.3556169345975
3,198.888040274382,95.4336122348905
3,199.103982657194,95.5116075351834
3,199.319925040007,95.5896028354764
3,199.535867422819,95.6675981357694
3,199.751809805632,95.7455934360623
3,199.967752188444,95.8235887363553
3,200.183694571257,95.9015840366483
3,200.399636954069,95.9795793369412
3,200.615579336882,96.0575746372342
3,200.831521719694,96.1355699375272
3,201.047464102507,96.2135652378201
3,201.263406485319,96.2915605381131
3,201.479348868132,96.3695558384061
3,201.695291250944,96.4475511386991
3,201.911233633757,96.525546438992
3,202.127176016569,96.603541739285
3,202.343118399382,96.681537039578
3,202.559060782194,96.7595323398709
3,202.775003165007,96.8375276401639
3,202.990945547819,96.9155229404569
3,203.206887930632,96.9935182407498
3,203.422830313444,97.0715135410428
3,203.638772696257,97.1495088413358
3,203.854715079069,97.2275041416287
3,204.070657461882,97.3054994419217
3,204.286599844694,97.3834947422147
3,204.502542227507,97.4614900425076
3,204.718484610319,97.5394853428006
3,204.934426993132,97.6174806430936
3,205.150369375944,97.6954759433866
3,205.366311758757,97.7734712436795
3,205.582254141569,97.8514665439725
3,205.798196524382,97.9294618442655
3,206.014138907194,98.0074571445584
3,206.230081290007,98.0854524448514
3,206.446023672819,98.1634477451444
3,206.661966055632,98.2414430454373
3,206.877908438444,98.3194383457303
3,207.093850821257,98.3974336460233
3,207.309793204069,98.4754289463162
3,207.525735586882,98.5534242466092
3,207.741677969694,98.6314195469022
3,207.957620352507,98.7094148471951
3,208.173562735319,98.7874101474881
3,208.389505118132,98.8654054477811
3,208.605447500944,98.9434007480741
3,208.821389883757,99.021396048367
3,209.037332266569,99.09939134866
3,209.253274649382,99.177386648953
3,209.469217032194,99.2553819492459
3,209.685159415007,99.3333772495389
3,209.901101797819,99.4113725498319
3,210.117044180632,99.4893678501248
3,210.332986563444,99.5673631504178
3,210.548928946257,99.6453584507108
3,210.764871329069,99.7233537510037
3,210.980813711882,99.8013490512967
3,211.196756094694,99.8793443515897
3,211.412698477507,99.9573396518826
3,211.628640860319,100.035334952176
3,211.844583243132,100.113330252469
3,212.060525625944,100.191325552762
3,212.276468008757,100.269320853055
3,212.492410391569,100.347316153347
3,212.708352774382,100.42531145364
3,212.924295157194,100.503306753933
3,213.140237540007,100.581302054226
3,213.356179922819,100.659297354519
3,213.572122305632,100.737292654812
3,213.788064688444,100.815287955105
3,214.004007071257,100.893283255398
3,214.219949454069,100.971278555691
3,214.435891836882,101.049273855984
3,214.651834219694,101.127269156277
3,214.867776602507,101.20526445657
3,215.083718985319,101.283259756863
3,215.299661368132,101.361255057156
3,215.515603750944,101.439250357449
3,215.731546133757,101.517245657742
3,215.947488516569,101.595240958035
3,216.163430899382,101.673236258328
3,216.379373282194,101.751231558621
3,216.595315665007,101.829226858914
3,216.811258047819,101.907222159207
3,217.027200430632,101.9852174595
3,217.243142813444,102.063212759793
3,217.459085196257,102.141208060086
3,217.675027579069,102.219203360379
3,217.890969961882,102.297198660672
3,218.106912344694,102.375193960965
3,218.322854727507,102.453189261258
3,218.538797110319,102.531184561551
3,218.754739493132,102.609179861844
3,218.970681875944,102.687175162137
3,219.186624258757,102.76517046243
3,219.402566641569,102.843165762722
3,219.618509024382,102.921161063015
3,219.834451407194,102.999156363308
3,220.050393790007,103.077151663601
3,220.266336172819,103.155146963894
3,220.482278555632,103.233142264187
3,220.698220938444,103.31113756448
3,220.914163321257,103.389132864773
3,221.130105704069,103.467128165066
3,221.346048086882,103.545123465359
3,221.561990469694,103.623118765652
3,221.777932852507,103.701114065945
3,221.993875235319,103.779109366238
3,222.209817618132,103.857104666531
3,222.425760000944,103.935099966824
3,222.641702383757,104.013095267117
3,222.857644766569,104.09109056741
3,223.073587149382,104.169085867703
3,223.289529532194,104.247081167996
3,223.505471915007,104.325076468289
3,223.721414297819,104.403071768582
3,223.937356680632,104.481067068875
3,224.153299063444,104.559062369168
3,224.369241446257,104.637057669461
3,224.585183829069,104.715052969754
3,224.801126211882,104.793048270047
3,225.017068594694,104.87104357034
3,225.233010977507,104.949038870633
3,225.448953360319,105.027034170926
3,225.664895743132,105.105029471219
3,225.880838125944,105.183024771512
3,226.096780508757,105.261020071805
3,226.312722891569,105.339015372097
3,226.528665274382,105.41701067239
3,226.744607657194,105.495005972683
3,226.960550040007,105.573001272976
3,227.176492422819,105.650996573269
3,227.392434805632,105.728991873562
3,227.608377188444,105.806987173855
3,227.824319571257,105.884982474148
7,228.040261954069,105.962977774441
7,228.256204336882,106.040973074734
7,228.472146719694,106.118968375027
-1,228.688089102507,106.19696367532
#MOTOR_B2
4,99.6845425867508,56.5853658536585
4,36.5930599369085,56.6440322585404
4,36.8604671359062,56.7026984877884
4,37.1278735995293,56.7613647170365
4,37.3952800631523,56.8200309462845
4,37.6626865267754,56.8786971755326
4,37.9300929903984,56.9373634047806
4,38.1974994540215,56.9960296340287
4,38.4649059176445,57.0546958632767
4,38.7323123812675,57.1133620925248
4,38.9997188448906,57.1720283217728
4,39.2671253085136,57.2306945510209
4,39.5345317721367,57.2893607802689
4,39.8019382357597,57.348027009517
4,40.0693446993828,57.406693238765
4,40.3367511630058,57.465359468013
4,40.6041576266289,57.5240256972611
4,40.8715640902519,57.5826919265091
4,41.138970553875,57.6413581557572
4,41.406377017498,57.7000243850052
4,41.6737834811211,57.7586906142533
4,41.9411899447441,57.8173568435013
4,42.2085964083672,57.8760230727494
4,42.4760028719902,57.9346893019974
4,42.7434093356133,57.9933555312455
4,43.0108157992363,58.0520217604935
4,43.2782222628593,58.1106879897416
4,43.5456287264824,58.1693542189896
4,43.8130351901054,58.2280204482377
4,44.0804416537285,58.2866866774857
4,44.3478481173515,58.3453529067338
4,44.6152545809746,58.4040191359818
4,44.8826610445976,58.4626853652298
4,45.1500675082207,58.5213515944779
4,45.4174739718437,58.5800178237259
4,45.6848804354668,58.638684052974
4,45.9522868990898,58.697350282222
4,46.2196933627129,58.7560165114701
4,46.4870998263359,58.8146827407181
4,46.754506289959,58.8733489699662
4,47.021912753582,58.9320151992142
4,47.289319217205,58.9906814284623
4,47.5567256808281,59.0493476577103
4,47.8241321444511,59.1080138869584
4,48.0915386080742,59.1666801162064
4,48.3589450716972,59.2253463454545
4,48.6263515353203,59.2840125747025
4,48.8937579989433,59.3426788039505
4,49.1611644625664,59.4013450331986
4,49.4285709261894,59.4600112624466
4,49.6959773898125,59.5186774916947
4,49.9633838534355,59.5773437209427
4,50.2307903170586,59.6360099501908
4,50.4981967806816,59.6946761794388
4,50.7656032443047,59.7533424086869
4,51.0330097079277,59.8120086379349
4,51.3004161715508,59.870674867183
4,51.5678226351738,59.929341096431
4,51.8352290987968,59.9880073256791
4,52.1026355624199,60.0466735549271
4,52.3700420260429,60.1053397841752
4,52.637448489666,60.1640060134232
4,52.904854953289,60.2226722426713
4,53.1722614169121,60.2813384719193
4,53.4396678805351,60.3400047011673
4,53.7070743441582,60.3986709304154
4,53.9744808077812,60.4573371596634
4,54.2418872714043,60.5160033889115
4,54.5092937350273,60.5746696181595
4,54.7767001986504,60.6333358474076
4,55.0441066622734,60.6920020766556
4,55.3115131258965,60.7506683059037
4,55.5789195895195,60.8093345351517
4,55.8463260531425,60.8680007643998
4,56.1137325167656,60.9266669936478
4,56.3811389803886,60.9853332228959
4,56.6485454440117,61.0439994521439
4,56.9159519076347,61.102665681392
4,57.1833583712578,61.16133191064
4,57.4507648348808,61.219998139888
4,57.7181712985039,61.2786643691361
4,57.9855777621269,61.3373305983841
4,58.25298422575,61.3959968276322
4,58.520390689373,61.4546630568802
4,58.7877971529961,61.5133292861283
4,59.0552036166191,61.5719955153763
4,59.3226100802422,61.6306617446244
4,59.5900165438652,61.6893279738724
4,59.8574230074883,61.7479942031205
4,60.1248294711113,61.8066604323685
4,60.3922359347343,61.8653266616166
4,60.6596423983574,61.9239928908646
4,60.9270488619804,61.9826591201127
4,61.1944553256035,62.0413253493607
4,61.4618617892265,62.0999915786088
4,61.7292682528496,62.1586578078568
4,61.9966747164726,62.2173240371048
4,62.2640811800957,62.2759902663529
4,62.5314876437187,62.3346564956009
4,62.7988941073418,62.393322724849
4,63.0663005709648,62.451988954097
4,63.3337070345879,62.5106551833451
4,63.6011134982109,62.5693214125931
4,63.868519961834,62.6279876418412
4,64.135926425457,62.6866538710892
4,64.40333288908,62.7453201003373
4,64.6707431674004,62.8039863295853
4,64.9381534457207,62.8626525588334
4,65.205563724041,62.9213187880814
4,65.4729740023613,62.9799850173295
4,65.7403842806816,63.0386512465775
4,66.0077945590019,63.0973174758255
4,66.2752048373222,63.1559837050736
4,66.5426151156425,63.2146499343216
4,66.8100253939629,63.2733161635697
4,67.0774356722832,63.3319823928177
4,67.3448459506035,63.3906486220658
4,67.6122562289238,63.4493148513138
4,67.8796665072441,63.5079810805619
4,68.1470767855644,63.5666473098099
4,68.4144870638847,63.625313539058
4,68.681897342205,63.683979768306
4,68.9493076205254,63.7426459975541
4,69.2167178988457,63.8013122268021
4,69.484128177166,63.8599784560502
4,69.7515384554863,63.9186446852982
4,70.0189487338066,63.9773109145463
4,70.2863590121269,64.0359771437943
4,70.5537692904472,64.0946471877396
4,70.8211795687675,64.1533172316849
4,71.0885898470879,64.2119872756302
4,71.3560001254082,64.2706573195755
4,71.6234104037285,64.3293273635209
4,71.8908206820488,64.3879974074662
4,72.1582309603691,64.4466674514115
4,72.4256412386894,64.5053374953568
4,72.6930515170097,64.5640075393021
4,72.96046179533,64.6226775832474
4,73.2278720736504,64.6813476271927
4,73.4952823519707,64.740017671138
4,73.762692630291,64.7986877150834
4,74.0301029086113,64.8573577590287
4,74.2975131869316,64.916027802974
4,74.5649234652519,64.9746978469193
4,74.8323337435722,65.0333678908646
4,75.0997440218925,65.0920379348099
4,75.3671543002129,65.1507079787552
4,75.6345645785332,65.2093780227005
4,75.9019748568535,65.2680480666459
4,76.1693851351738,65.3267181105912
4,76.4367954134941,65.3853881545365
4,76.7042056918144,65.4440581984818
4,76.9716159701347,65.5027282424271
4,77.239026248455,65.5613982863724
4,77.5064365267754,65.6200683303177
4,77.7738468050957,65.678738374263
4,78.041257083416,65.7374084182084
4,78.3086673617363,65.7960784621537
4,78.5760776400566,65.854748506099
4,78.8434879183769,65.9134185500443
4,79.1108981966972,65.9720885939896
4,79.3783084750175,66.0307586379349
4,79.6457187533379,66.0894286818802
4,79.9131290316582,66.1480987258255
4,80.1805393099785,66.2067687697709
4,80.4479495882988,66.2654388137162
4,80.7153598666191,66.3241088576615
4,80.9827701449394,66.3827789016068
4,81.2501804232597,66.4414489455521
4,81.51759070158,66.5001189894974
4,81.7850009799004,66.5587890334427
4,82.0524112582207,66.617459077388
4,82.319821536541,66.6761291213334
4,82.5872318148613,66.7347991652787
4,82.8546420931816,66.793469209224
4,83.1220523715019,66.8521392531693
4,83.3894626498222,66.9108092971146
4,83.6568729281425,66.9694793410599
4,83.9242832064629,67.0281493850052
4,84.1916934847832,67.0868194289505
4,84.4591037631035,67.1454894728959
4,84.7265140414238,67.2041595168412
4,84.9939243197441,67.2628295607865
4,85.2613345980644,67.3214996047318
4,85.5287448763847,67.3801696486771
4,85.796155154705,67.4388396926224
4,86.0635654330254,67.4975097365677
4,86.3309757113457,67.556179780513
4,86.598385989666,67.6148498244584
4,86.8657962679863,67.6735198684037
4,87.1332065463066,67.732189912349
4,87.4006168246269,67.7908599562943
4,87.6680271029472,67.8495300002396
4,87.9354373812675,67.9082000441849
4,88.2028476595879,67.9668700881302
4,88.4702579379082,68.0255401320755
4,88.7376682162285,68.0842101760209
4,89.0050784945488,68.1428802199662
4,89.2724887728691,68.2015502639115
4,89.5398990511894,68.2602203078568
4,89.8073093295097,68.3188903518021
4,90.07471960783,68.3775603957474
4,90.3421298861504,68.4362304396927
4,90.6095401644707,68.494900483638
4,90.876950442791,68.5535705275834
4,91.1443607211113,68.6122405715287
4,91.4117709994316,68.670910615474
4,91.6791812777519,68.7295806594193
4,91.9465915560722,68.7882507033646
4,92.2140018343925,68.8469207473099
4,92.4814121127129,68.9055907912552
4,92.7488223910332,68.9642608352005
4,93.0162326693535,69.0229308791459
4,93.2836429476738,69.0816009230912
4,93.5510532259941,69.1402709670365
4,93.8184635043144,69.1989410109818
4,94.0858737826347,69.2576110549271
4,94.353284060955,69.3162810988724
4,94.6206943392754,69.3749511428177
4,94.8881046175957,69.433621186763
4,95.155514895916,69.4922912307084
4,95.4229251742363,69.5509612746537
4,95.6903354525566,69.609631318599
4,95.9577457308769,69.6683013625443
4,96.2251560091972,69.7269714064896
4,96.4925662875175,69.7856414504349
4,96.7599765658379,69.8443114943802
4,97.0273868441582,69.9029815383255
4,97.2947971224785,69.9616515822709
4,97.5622074007988,70.0203216262162
4,97.8296176791191,70.0789916701615
4,98.0970279574394,70.1376617141068
4,98.3644382357597,70.1963317580521
4,98.63184851408,70.2550018019974
4,98.8992587924004,70.3136718459427
4,99.1666690707207,70.372341889888
4,99.434079349041,70.4310119338334
4,99.7014896273613,70.4896819777787
4,99.9688999056816,70.548352021724
4,100.236310184002,70.6070220656693
4,100.503720462322,70.6656921096146
4,100.771130740643,70.7243621535599
4,101.038541018963,70.7830321975052
4,101.305951297283,70.8417022414505
4,101.573361575603,70.9003722853959
4,101.840771853924,70.9590423293412
4,102.108182132244,71.0177123732865
4,102.375592410564,71.0763824172318
4,102.643002688885,71.1350524611771
4,102.910412967205,71.1937225051224
4,103.177823245525,71.2523925490677
4,103.445233523846,71.311062593013
4,103.712643802166,71.3697326369584
4,103.980054080486,71.4284026809037
4,104.247464358807,71.487072724849
4,104.514874637127,71.5457427687943
4,104.782284915447,71.6044128127396
4,105.049695193768,71.6630828566849
4,105.317105472088,71.7217529006302
4,105.584515750408,71.7804229445755
4,105.851926028728,71.8390929885209
4,106.119336307049,71.8977630324662
4,106.386746585369,71.9564330764115
4,106.654156863689,72.0151031203568
4,106.92156714201,72.0737731643021
4,107.18897742033,72.1324432082474
4,107.45638769865,72.1911132521927
4,107.723797976971,72.249783296138
4,107.991208255291,72.3084533400834
4,108.258618533611,72.3671233840287
4,108.526028811932,72.425793427974
4,108.793439090252,72.4844634719193
4,109.060849368572,72.5431335158646
4,109.328259646893,72.6018035598099
4,109.595669925213,72.6604736037552
4,109.863080203533,72.7191436477005
4,110.130490481853,72.7778136916459
4,110.397900760174,72.8364837355912
4,110.665311038494,72.8951537795365
4,110.932721316814,72.9538238234818
4,111.200131595135,73.0124938674271
4,111.467541873455,73.0711639113724
4,111.734952151775,73.1298339553177
4,112.002362430096,73.188503999263
4,112.269772708416,73.2471740432084
4,112.537182986736,73.3058440871537
4,112.804593265057,73.364514131099
4,113.072003543377,73.4231841750443
4,113.339413821697,73.4818542189896
4,113.606824100018,73.5405242629349
4,113.874234378338,73.5991943068802
4,114.141644656658,73.6578643508255
4,114.409054934978,73.7165343947709
4,114.676465213299,73.7752044387162
4,114.943875491619,73.8338744826615
4,115.211285769939,73.8925445266068
4,115.47869604826,73.9512145705521
4,115.74610632658,74.0098846144974
4,116.0135166049,74.0685546584427
4,116.280926883221,74.127224702388
4,116.548337161541,74.1858947463334
4,116.815747439861,74.2445647902787
4,117.083157718182,74.303234834224
3,117.350567996502,74.3619048781693
3,112.665342599154,74.4205749221146
3,112.723158150911,74.4792449660599
3,112.780973702669,74.5379150100052
3,112.838789254427,74.5965850539505
3,112.896604806185,74.6552550978959
3,112.954420357943,74.7139251418412
3,113.0122359097,74.7725951857865
3,113.070051461458,74.8312652297318
3,113.127867013216,74.8899352736771
3,113.185682564974,74.9486053176224
3,113.243498116732,75.0072753615677
3,113.301313668489,75.065945405513
3,113.359129220247,75.1246154494584
3,113.416944772005,75.1832854934037
3,113.474760323763,75.241955537349
3,113.532575875521,75.3006255812943
3,113.590391427279,75.3592956252396
3,113.648206979036,75.4179656691849
3,113.706022530794,75.4766357131302
3,113.763838082552,75.5353057570755
3,113.82165363431,75.5939758010209
3,113.879469186068,75.6526458449662
3,113.937284737825,75.7113158889115
3,113.995100289583,75.7699859328568
3,114.052915841341,75.8286559768021
3,114.110731393099,75.8873260207474
3,114.168546944857,75.9459960646927
3,114.226362496614,76.004666108638
3,114.284178048372,76.0633361525834
3,114.34199360013,76.1220061965287
3,114.399809151888,76.180676240474
3,114.457624703646,76.2393462844193
3,114.515440255404,76.2980163283646
3,114.573255807161,76.3566863723099
3,114.631071358919,76.4153564162552
3,114.688886910677,76.4740264602005
3,114.746702462435,76.5326965041459
3,114.804518014193,76.5913665480912
3,114.86233356595,76.6500365920365
3,114.920149117708,76.7087066359818
3,114.977964669466,76.7673766799271
3,115.035780221224,76.8260467238724
3,115.093595772982,76.8847167678177
3,115.151411324739,76.943386811763
3,115.209226876497,77.0020568557084
3,115.267042428255,77.0607268996537
3,115.324857980013,77.119396943599
3,115.382673531771,77.1780669875443
3,115.440489083529,77.2367370314896
3,115.498304635286,77.2954070754349
3,115.556120187044,77.3540771193802
3,115.613935738802,77.4127471633255
3,115.67175129056,77.4714172072709
3,115.729566842318,77.5300872512162
3,115.787382394075,77.5887572951615
3,115.845197945833,77.6474273391068
3,115.903013497591,77.7060973830521
3,115.960829049349,77.7647674269974
3,116.018644601107,77.8234374709427
3,116.076460152864,77.882107514888
3,116.134275704622,77.9407775588334
3,116.19209125638,77.9994476027787
3,116.249906808138,78.058117646724
3,116.307722359896,78.1167876906693
3,116.365537911654,78.1754577346146
3,116.423353463411,78.2341277785599
3,116.481169015169,78.2927978225052
3,116.538984566927,78.3514678664505
3,116.596800118685,78.4101379103959
3,116.654615670443,78.4688079543412
3,116.7124312222,78.5274779982865
3,116.770246773958,78.5861480422318
3,116.828062325716,78.6448180861771
3,116.885877877474,78.7034881301224
3,116.943693429232,78.7621581740677
3,117.001508980989,78.820828218013
3,117.059324532747,78.8794982619584
3,117.117140084505,78.9381683059037
3,117.174955636263,78.996838349849
3,117.232771188021,79.0555083937943
3,117.290586739779,79.1141784377396
3,117.348402291536,79.1728484816849
3,117.406217843294,79.2315185256302
3,117.464033395052,79.2901885695755
3,117.52184894681,79.3488586135209
3,117.579664498568,79.4075286574662
3,117.637480050325,79.4661987014115
3,117.695295602083,79.5248687453568
3,117.753111153841,79.5835387893021
3,117.810926705599,79.6422088332474
3,117.868742257357,79.7008788771927
3,117.926557809114,79.759548921138
3,117.984373360872,79.8182189650834
3,118.04218891263,79.8768890090287
3,118.100004464388,79.935559052974
3,118.157820016146,79.9942290969193
3,118.215635567904,80.0528991408646
3,118.273451119661,80.1115691848099
3,118.331266671419,80.1702392287552
3,118.389082223177,80.2289092727005
3,118.446897774935,80.2875793166459
3,118.504713326693,80.3462493605912
3,118.56252887845,80.4049194045365
3,118.620344430208,80.4635894484818
3,118.678159981966,80.5222594924271
3,118.735975533724,80.5809295363724
3,118.793791085482,80.6395995803177
3,118.851606637239,80.698269624263
3,118.909422188997,80.7569396682084
3,118.967237740755,80.8156097121537
3,119.025053292513,80.874279756099
3,119.082868844271,80.9329498000443
3,119.140684396029,80.9916198439896
3,119.198499947786,81.0502898879349
3,119.256315499544,81.1089599318802
3,119.314131051302,81.1676299758255
3,119.37194660306,81.2263000197709
3,119.429762154818,81.2849700637162
3,119.487577706575,81.3436401076615
3,119.545393258333,81.4023101516068
3,119.603208810091,81.4609801955521
3,119.661024361849,81.5196502394974
3,119.718839913607,81.5783202834427
3,119.776655465364,81.636990327388
3,119.834471017122,81.6956603713334
3,119.89228656888,81.7543304152787
3,119.950102120638,81.813000459224
3,120.007917672396,81.8716705031693
3,120.065733224154,81.9303405471146
3,120.123548775911,81.9890105910599
3,120.181364327669,82.0476806350052
3,120.239179879427,82.1063506789505
3,120.296995431185,82.1650207228959
3,120.354810982943,82.2236907668412
3,120.4126265347,82.2823608107865
3,120.470442086458,82.3410308547318
3,120.528257638216,82.3997008986771
3,120.586073189974,82.4583709426224
3,120.643888741732,82.5170409865677
3,120.701704293489,82.575711030513
3,120.759519845247,82.6343810744584
3,120.817335397005,82.6930511184037
3,120.875150948763,82.751721162349
3,120.932966500521,82.8103912062943
3,120.990782052279,82.8690612502396
3,121.048597604036,82.9277312941849
3,121.106413155794,82.9864013381302
3,121.164228707552,83.0450713820755
3,121.22204425931,83.1037414260209
3,121.279859811068,83.1624114699662
3,121.337675362825,83.2210815139115
3,121.395490914583,83.2797515578568
3,121.453306466341,83.3384216018021
3,121.511122018099,83.3970916457474
3,121.568937569857,83.4557616896927
3,121.626753121614,83.514431733638
3,121.684568673372,83.5731017775834
3,121.74238422513,83.6317718215287
3,121.800199776888,83.690441865474
3,121.858015328646,83.7491119094193
3,121.915830880404,83.8077819533646
3,121.973646432161,83.8664519973099
3,122.031461983919,83.9251220412552
3,122.089277535677,83.9837920852005
3,122.147093087435,84.0424621291459
3,122.204908639193,84.1011321730912
3,122.26272419095,84.1598022170365
3,122.320539742708,84.2184722609818
3,122.378355294466,84.2771423049271
3,122.436170846224,84.3358123488724
3,122.493986397982,84.3944823928177
3,122.551801949739,84.453152436763
3,122.609617501497,84.5118224807084
3,122.667433053255,84.5704925246537
3,122.725248605013,84.629162568599
3,122.783064156771,84.6878326125443
3,122.840879708529,84.7465026564896
3,122.898695260286,84.8051727004349
3,122.956510812044,84.8638427443802
3,123.014326363802,84.9225127883255
3,123.07214191556,84.9811828322709
3,123.129957467318,85.0398528762162
3,123.187773019075,85.0985229201615
3,123.245588570833,85.1571929641068
3,123.303404122591,85.2158630080521
3,123.361219674349,85.2745330519974
3,123.419035226107,85.3332030959427
3,123.476850777864,85.391873139888
3,123.534666329622,85.4505431838334
3,123.59248188138,85.5092132277787
3,123.650297433138,85.567883271724
3,123.708112984896,85.6265533156693
3,123.765928536654,85.6852233596146
3,123.823744088411,85.7438934035599
3,123.881559640169,85.8025634475052
3,123.939375191927,85.8612334914505
3,123.997190743685,85.9199035353959
3,124.055006295443,85.9785735793412
3,124.1128218472,86.0372436232865
3,124.170637398958,86.0959136672318
3,124.228452950716,86.1545837111771
3,124.286268502474,86.2132537551224
3,124.344084054232,86.2719237990677
3,124.401899605989,86.330593843013
3,124.459715157747,86.3892638869584
3,124.517530709505,86.4479339309037
3,124.575346261263,86.506603974849
3,124.633161813021,86.5652740187943
3,124.690977364779,86.6239440627396
3,124.748792916536,86.6826141066849
3,124.806608468294,86.7412841506302
3,124.864424020052,86.7999541945755
3,124.92223957181,86.8586242385209
3,124.980055123568,86.9172942824662
3,125.037870675325,86.9759643264115
3,125.095686227083,87.0346343703568
3,125.153501778841,87.0933044143021
3,125.211317330599,87.1519744582474
3,125.269132882357,87.2106445021927
3,125.326948434114,87.269314546138
3,125.384763985872,87.3279845900834
3,125.44257953763,87.3866546340287
3,125.500395089388,87.445324677974
3,125.558210641146,87.5039947219193
3,125.616026192904,87.5626647658646
3,125.673841744661,87.6213348098099
3,125.731657296419,87.6800048537552
3,125.789472848177,87.7386748977005
3,125.847288399935,87.7973449416459
3,125.905103951693,87.8560149855912
3,125.96291950345,87.9146850295365
3,126.020735055208,87.9733550734818
3,126.078550606966,88.0320251174271
3,126.136366158724,88.0906951613724
3,126.194181710482,88.1493652053177
3,126.251997262239,88.208035249263
3,126.309812813997,88.2667052932084
3,126.367628365755,88.3253753371537
3,126.425443917513,88.384045381099
3,126.483259469271,88.4427154250443
3,126.541075021029,88.5013854689896
3,126.598890572786,88.5600555129349
3,126.656706124544,88.6187255568802
3,126.714521676302,88.6773956008255
3,126.77233722806,88.7360656447709
3,126.830152779818,88.7947356887162
3,126.887968331575,88.8534057326615
3,126.945783883333,88.9120757766068
3,127.003599435091,88.9707458205521
3,127.061414986849,89.0294158644974
3,127.119230538607,89.0880859084427
3,127.177046090364,89.146755952388
3,127.234861642122,89.2054259963334
3,127.29267719388,89.2640960402787
3,127.350492745638,89.322766084224
3,127.408308297396,89.3814361281693
3,127.466123849154,89.4401061721146
3,127.523939400911,89.4987762160599
3,127.581754952669,89.5574462600052
3,127.639570504427,89.6161163039505
3,127.697386056185,89.6747863478959
3,127.755201607943,89.7334563918412
3,127.8130171597,89.7921264357865
3,127.870832711458,89.8507964797318
3,127.928648263216,89.9094665236771
3,127.986463814974,89.9681365676224
3,128.044279366732,90.0268066115677
3,128.102094918489,90.085476655513
3,128.159910470247,90.1441466994584
3,128.217726022005,90.2028167434037
3,128.275541573763,90.261486787349
3,128.333357125521,90.3201568312943
3,128.391172677279,90.3788268752396
3,128.448988229036,90.4374969191849
3,128.506803780794,90.4961669631302
3,128.564619332552,90.5548370070755
3,128.62243488431,90.6135070510209
3,128.680250436068,90.6721770949662
3,128.738065987825,90.7308471389115
3,128.795881539583,90.7895171828568
3,128.853697091341,90.8481872268021
3,128.911512643099,90.9068572707474
3,128.969328194857,90.9655273146927
3,129.027143746614,91.024197358638
3,129.084959298372,91.0828674025834
3,129.14277485013,91.1415374465287
3,129.200590401888,91.200207490474
3,129.258405953646,91.2588775344193
3,129.316221505404,91.3175475783646
3,129.374037057161,91.3762176223099
3,129.431852608919,91.4348876662552
3,129.489668160677,91.4935577102005
3,129.547483712435,91.5522277541459
3,129.605299264193,91.6108977980912
3,129.66311481595,91.6695678420365
3,129.720930367708,91.7282378859818
3,129.778745919466,91.7869079299271
3,129.836561471224,91.8455779738724
3,129.894377022982,91.9042480178177
3,129.952192574739,91.962918061763
3,130.010008126497,92.0215881057084
3,130.067823678255,92.0802581496537
3,130.125639230013,92.138928193599
3,130.183454781771,92.1975982375443
3,130.241270333529,92.2562682814896
3,130.299085885286,92.3149383254349
3,130.356901437044,92.3736083693802
3,130.414716988802,92.4322784133255
3,130.47253254056,92.4909484572709
3,130.530348092318,92.5496185012162
3,130.588163644075,92.6082885451615
3,130.645979195833,92.6669585891068
3,130.703794747591,92.7256286330521
3,130.761610299349,92.7842986769974
3,130.819425851107,92.8429687209427
3,130.877241402864,92.901638764888
3,130.935056954622,92.9603088088334
3,130.99287250638,93.0189788527787
3,131.050688058138,93.077648896724
3,131.108503609896,93.1363189406693
3,131.166319161654,93.1949889846146
3,131.224134713411,93.2536590285599
3,131.281950265169,93.3123290725052
3,131.339765816927,93.3709991164505
3,131.397581368685,93.4296691603959
3,131.455396920443,93.4883392043412
3,131.5132124722,93.5470092482865
3,131.571028023958,93.6056792922318
3,131.628843575716,93.6643493361771
3,131.686659127474,93.7230193801224
3,131.744474679232,93.7816894240677
3,131.802290230989,93.840359468013
3,131.860105782747,93.8990295119584
3,131.917921334505,93.9576995559037
3,131.975736886263,94.016369599849
3,132.033552438021,94.0750396437943
3,132.091367989779,94.1337096877396
3,132.149183541536,94.1923797316849
3,132.206999093294,94.2510497756302
3,132.264814645052,94.3097198195755
3,132.32263019681,94.3683898635209
3,132.380445748568,94.4270599074662
3,132.438261300325,94.4857299514115
3,132.496076852083,94.5443999953568
3,132.553892403841,94.6030700393021
3,132.611707955599,94.6617400832474
3,132.669523507357,94.7204101271927
3,132.727339059114,94.779080171138
3,132.785154610872,94.8377502150834
3,132.84297016263,94.8964202590287
3,132.900785714388,94.955090302974
3,132.958601266146,95.0137603469193
3,133.016416817904,95.0724303908646
3,133.074232369661,95.1311004348099
3,133.132047921419,95.1897704787552
3,133.189863473177,95.2484405227005
3,133.247679024935,95.3071105666459
3,133.305494576693,95.3657806105912
3,133.36331012845,95.4244506545365
3,133.421125680208,95.4831206984818
3,133.478941231966,95.5417907424271
3,133.536756783724,95.6004607863724
3,133.594572335482,95.6591308303177
3,133.652387887239,95.717800874263
3,133.710203438997,95.7764709182084
3,133.768018990755,95.8351409621537
3,133.825834542513,95.893811006099
3,133.883650094271,95.9524810500443
3,133.941465646029,96.0111510939896
3,133.999281197786,96.0698211379349
3,134.057096749544,96.1284911818802
3,134.114912301302,96.1871612258255
3,134.17272785306,96.2458312697709
3,134.230543404818,96.3045013137162
3,134.288358956575,96.3631713576615
3,134.346174508333,96.4218414016068
3,134.403990060091,96.4805114455521
3,134.461805611849,96.5391814894974
3,134.519621163607,96.5978515334427
3,134.577436715364,96.656521577388
3,134.635252267122,96.7151916213334
3,134.69306781888,96.7738616652787
3,134.750883370638,96.832531709224
3,134.808698922396,96.8912017531693
3,134.866514474154,96.9498717971146
3,134.924330025911,97.0085418410599
3,134.982145577669,97.0672118850052
3,135.039961129427,97.1258819289505
3,135.097776681185,97.1845519728959
3,135.155592232943,97.2432220168412
3,135.2134077847,97.3018920607865
3,135.271223336458,97.3605621047318
3,135.329038888216,97.4192321486771
3,135.386854439974,97.4779021926224
3,135.444669991732,97.5365722365677
3,135.502485543489,97.595242280513
3,135.560301095247,97.6539123244584
3,135.618116647005,97.7125823684037
3,135.675932198763,97.771252412349
3,135.733747750521,97.8299224562943
3,135.791563302279,97.8885925002396
3,135.849378854036,97.9472625441849
3,135.907194405794,98.0059325881302
3,135.965009957552,98.0646026320755
3,136.02282550931,98.1232726760209
3,136.080641061068,98.1819427199662
3,136.138456612825,98.2406127639115
3,136.196272164583,98.2992828078568
3,136.254087716341,98.3579528518021
3,136.311903268099,98.4166228957474
3,136.369718819857,98.4752929396927
3,136.427534371614,98.533962983638
3,136.485349923372,98.5926330275834
3,136.54316547513,98.6513030715287
3,136.600981026888,98.709973115474
3,136.658796578646,98.7686431594193
3,136.716612130404,98.8273132033646
3,136.774427682161,98.8859832473099
3,136.832243233919,98.9446532912552
3,136.890058785677,99.0033233352005
3,136.947874337435,99.0619933791459
3,137.005689889193,99.1206634230912
3,137.06350544095,99.1793334670365
3,137.121320992708,99.2380035109818
3,137.179136544466,99.2966735549271
3,137.236952096224,99.3553435988724
3,137.294767647982,99.4140136428177
3,137.352583199739,99.472683686763
3,137.410398751497,99.5313537307084
3,137.468214303255,99.5900237746537
3,137.526029855013,99.648693818599
3,137.583845406771,99.7073638625443
3,137.641660958529,99.7660339064896
3,137.699476510286,99.8247039504349
3,137.757292062044,99.8833739943802
3,137.815107613802,99.9420440383255
3,137.87292316556,100.000714082271
3,137.930738717318,100.059384126216
3,137.988554269075,100.118054170161
3,138.046369820833,100.176724214107
3,138.104185372591,100.235394258052
3,138.162000924349,100.294064301997
3,138.219816476107,100.352734345943
3,138.277632027864,100.411404389888
3,138.335447579622,100.470074433833
3,138.39326313138,100.528744477779
3,138.451078683138,100.587414521724
3,138.508894234896,100.646084565669
3,138.566709786654,100.704754609615
3,138.624525338411,100.76342465356
3,138.682340890169,100.822094697505
3,138.740156441927,100.880764741451
3,138.797971993685,100.939434785396
3,138.855787545443,100.998104829341
3,138.9136030972,101.056774873286
3,138.971418648958,101.115444917232
3,139.029234200716,101.174114961177
3,139.087049752474,101.232785005122
3,139.144865304232,101.291455049068
3,139.202680855989,101.350125093013
3,139.260496407747,101.408795136958
3,139.318311959505,101.467465180904
3,139.376127511263,101.526135224849
3,139.433943063021,101.584805268794
3,139.491758614779,101.64347531274
3,139.549574166536,101.702145356685
3,139.607389718294,101.76081540063
3,139.665205270052,101.819485444576
3,139.72302082181,101.878155488521
3,139.780836373568,101.936825532466
3,139.838651925325,101.995495576411
3,139.896467477083,102.054165620357
3,139.954283028841,102.112835664302
3,140.012098580599,102.171505708247
3,140.069914132357,102.230175752193
3,140.127729684114,102.288845796138
3,140.185545235872,102.347515840083
3,140.24336078763,102.406185884029
3,140.301176339388,102.464855927974
3,140.358991891146,102.523525971919
3,140.416807442904,102.582196015865
3,140.474622994661,102.64086605981
3,140.532438546419,102.699536103755
3,140.590254098177,102.758206147701
3,140.648069649935,102.816876191646
3,140.705885201693,102.875546235591
3,140.76370075345,102.934216279536
3,140.821516305208,102.992886323482
3,140.879331856966,103.051556367427
3,140.937147408724,103.110226411372
3,140.994962960482,103.168896455318
3,141.052778512239,103.227566499263
3,141.110594063997,103.286236543208
3,141.168409615755,103.344906587154
3,141.226225167513,103.403576631099
3,141.284040719271,103.462246675044
3,141.341856271029,103.52091671899
3,141.399671822786,103.579586762935
3,141.457487374544,103.63825680688
3,141.515302926302,103.696926850826
3,141.57311847806,103.755596894771
3,141.630934029818,103.814266938716
3,141.688749581575,103.872936982661
3,141.746565133333,103.931607026607
3,141.804380685091,103.990277070552
3,141.862196236849,104.048947114497
3,141.920011788607,104.107617158443
3,141.977827340364,104.166287202388
3,142.035642892122,104.224957246333
3,142.09345844388,104.283627290279
3,142.151273995638,104.342297334224
3,142.209089547396,104.400967378169
-1,142.266905099154,104.459637422115
