OPENBVE
#ACCELERATION
2,2,1,10,1
3.6,3.6,14,14,2
3.6,3.6,38,38,2.5
3.6,3.6,45,80,3
#PERFORMANCE
4              ; Deceleration
0.38           ; CoefficientOfStaticFriction
0              ; Reserved (not used)
0.0025         ; CoefficientOfRollingResistance
1.2            ; AerodynamicDragCoefficient
#DELAY
0.5            ; DelayPowerUp
0.5            ; DelayPowerDown
0.25           ; DelayBrakeUp
0.25           ; DelayBrakeDown
#MOVE
100            ; JerkPowerUp
100            ; JerkPowerDown
130            ; JerkBrakeUp
130            ; JerkBrakeDown
300            ; BrakeCylinderUp
230            ; BrakeCylinderDown
#BRAKE
1              ; BrakeType
2              ; BrakeControlSystem
10             ; BrakeControlSpeed
#PRESSURE
210            ; BrakeCylinderServiceMaximumPressure
400            ; BrakeCylinderEmergencyMaximumPressure
790            ; MainReservoirMinimumPressure
890            ; MainReservoirMaximumPressure
692.5          ; BrakePipeNormalPressure
#HANDLE
1              ; HandleType
4              ; PowerNotches
8              ; BrakeNotches
0              ; PowerNotchReduceSteps
#CAB
-60            ; X
2500           ; Y
-500           ; Z
0              ; DriverCar
#CAR
35.2           ; MotorCarMass
6              ; NumberOfMotorCars
25.7           ; TrailerCarMass
2              ; NumberOfTrailerCars
17.7           ; LengthOfACar
0              ; FrontCarIsAMotorCar
2.6            ; WidthOfACar
3.2            ; HeightOfACar
1.5            ; CenterOfGravityHeight
5              ; ExposedFrontalArea
1.6            ; UnexposedFrontalArea
#DEVICE
-1             ; Ats
2              ; Atc
1              ; Eb
0              ; ConstSpeed
0              ; HoldBrake
0              ; ReAdhesionDevice
0              ; Reserved (not used)
0              ; PassAlarm
2              ; DoorOpenMode
2              ; DoorCloseMode
#MOTOR_P1
0,100,128
0,100,47.353759765625
0,100,47.6323113219329
0,100,47.9108628782409
0,100,48.1894144345488
0,100,48.4679659908568
0,100,48.7465175471647
0,100,49.0250691034726
0,100,49.3036206597806
0,100,49.5821722160885
0,100,49.8607237723964
0,100,50.1392753287044
0,100,50.4178268850123
0,100,50.6963784413203
0,100,50.9749299976282
0,100,51.2534815539361
0,100,51.5320331102441
0,100,51.810584666552
0,100,52.08913622286
0,100,52.3676877791679
0,100,52.6462393354758
0,100,52.9247908917838
0,100,53.2033424480917
0,100,53.4818940043996
0,100,53.7604455607076
0,100,54.0389971170155
0,100,54.3175486733235
0,100,54.5961002296314
0,100,54.8746517859393
0,100,55.1532033422473
0,100,55.4317548985552
0,100,55.7103064548632
0,100,55.9888580111711
0,100,56.267409567479
0,100,56.545961123787
0,100,56.8245124816895
0,100,56.2674094951457
0,100,55.7103065086019
0,100,55.1532035220581
0,100,54.5961005355143
0,100,54.0389975489705
0,100,53.4818945624267
0,100,52.9247915758829
0,100,52.3676885893391
0,100,51.8105856027953
0,100,51.2534826162516
0,100,50.6963796297078
0,100,50.139276643164
0,100,50.439884185791
0,100,49.9459808034938
0,100,49.4520774211966
0,100,48.9581740388994
0,100,48.4642706566022
0,100,47.970367274305
0,100,47.4764638920078
0,100,46.9825605097106
0,100,46.4886571274134
0,100,45.9947537451162
0,100,45.500850362819
0,100,45.0069469805218
0,100,44.5130435982246
0,100,44.0191402159274
0,100,43.5252368336301
0,100,43.0313334513329
0,100,42.5374300690357
0,100,42.0435266867385
0,100,41.5496233044413
0,100,41.0557199221441
0,100,40.5618165398469
0,100,40.0679131575497
0,100,39.5740097752525
0,100,39.0801063929553
0,100,38.5862030106581
0,100,38.0922996283609
0,100,37.5983962460637
0,100,37.1044928637665
0,100,36.6105894814693
0,100,36.1166860991721
0,100,35.6227827168749
0,100,35.1288793345777
0,100,34.6349759522805
0,100,34.1410725699833
0,100,33.647169187686
0,100,33.1532658053888
0,100,32.6593624230916
0,100,32.1654590407944
0,100,31.6715556584972
0,100,31.1776522762
0,100,30.6837488939028
0,100,30.1898455116056
0,100,29.6959421293084
0,100,29.2020387470112
0,100,28.708135364714
0,100,28.2142319824168
0,100,27.7203286001196
0,100,27.4193553924561
0,100,27.4151109073052
0,100,27.4108664221543
0,100,27.4066219370034
0,100,27.4023774518525
0,100,27.3981329667017
0,100,27.3938884815508
0,100,27.3896439963999
0,100,27.385399511249
0,100,27.3811550260982
0,100,27.3769105409473
0,100,27.3726660557964
0,100,27.3684215706455
0,100,27.3641770854946
0,100,27.3599326003438
0,100,27.3556881151929
0,100,27.351443630042
0,100,27.3471991448911
0,100.134408518699,27.3429546597403
0,100,27.3387101745894
0,100,27.3344656894385
0,100,27.3302212042876
0,100,27.3259767191367
0,100,27.3217322339859
0,100,27.317487748835
0,100,27.3132432636841
0,100,27.3089987785332
0,100,27.3047542933824
0,100,27.3005098082315
0,100,27.2962653230806
0,100,27.2920208379297
0,100,27.2877763527788
0,100,27.283531867628
0,100,27.2792873824771
0,100,27.2750428973262
0,100,27.2707984121753
0,100,27.2665539270245
0,100,27.2623094418736
0,101.050979614258,27.1999950408936
0,102.101959228516,26.8000011444092
0,103.152938842773,26.4119415283203
0,104.203918457031,26.0238819122314
0,105.254898071289,25.6358222961426
0,106.305877685547,25.2477626800537
0,107.356857299805,24.8597030639648
0,108.407836914063,24.471643447876
0,109.45881652832,24.0835838317871
0,110.509796142578,23.6955242156982
0,111.560775756836,23.3074645996094
0,112.611755371094,22.9194049835205
0,113.662734985352,22.5313453674316
0,114.713714599609,22.1432857513428
0,115.764694213867,21.7552261352539
0,116.815673828125,21.367166519165
0,117.866653442383,20.9791069030762
0,118.917633056641,20.5910472869873
0,119.968612670898,20.2029876708984
0,121.019592285156,19.8149280548096
0,122.070571899414,19.4268684387207
0,123.121551513672,19.0388088226318
0,124.17253112793,18.650749206543
0,125.223510742188,18.2626895904541
0,126.274490356445,17.8746299743652
0,127.325469970703,17.4865703582764
0,128.376449584961,17.0985107421875
0,129.427429199219,16.7104511260986
0,130.478408813477,16.3223915100098
0,131.529388427734,15.9343318939209
0,132.580368041992,15.546272277832
0,133.63134765625,15.1582126617432
0,134.682327270508,14.7701530456543
0,135.733306884766,14.3820934295654
0,136.784286499023,13.9940338134766
0,137.835266113281,13.6059741973877
0,138.886245727539,13.2179145812988
0,139.937225341797,12.82985496521
0,140.988204956055,12.4417953491211
0,142.039184570313,12.0537357330322
0,143.09016418457,11.6656761169434
0,144.141143798828,11.2776165008545
0,145.192123413086,10.8895568847656
0,146.243103027344,10.5014972686768
0,147.294082641602,10.1134376525879
0,148.345062255859,9.72537803649902
0,149.396041870117,9.33731842041016
0,150.447021484375,8.94925880432129
0,151.498001098633,8.56119918823242
0,152.548980712891,8.17313957214355
0,153.599960327148,7.78507995605469
0,154.650939941406,7.39702033996582
0,155.701919555664,7.00896072387695
0,156.752899169922,6.62090110778809
0,157.80387878418,6.23284149169922
0,158.854858398438,5.84478187561035
0,159.905838012695,5.45672225952148
0,160.956817626953,5.06866264343262
0,162.007797241211,4.68060302734375
0,163.058776855469,4.29254341125488
0,164.109756469727,3.90448379516602
0,165.160736083984,3.51642417907715
0,166.211715698242,3.12836456298828
0,167.2626953125,2.74030494689941
0,168.313674926758,2.35224533081055
0,169.364654541016,1.96418559551239
0,170.415634155273,1.57612586021423
0,171.466613769531,1.18806612491608
0,172.517593383789,0.800001621246338
0,173.568572998047,0.800001621246338
0,174.619552612305,0.800001621246338
0,175.670532226563,0.800001621246338
0,176.72151184082,0.800001621246338
0,177.772491455078,0.800001621246338
0,178.823471069336,0.800001621246338
0,179.874450683594,0.800001621246338
0,180.925430297852,0.800001621246338
0,181.976409912109,0.800001621246338
0,183.027389526367,0.800001621246338
0,184.078369140625,0.800001621246338
0,185.129348754883,0.800001621246338
0,186.180328369141,0.800001621246338
0,187.231307983398,0.800001621246338
0,188.282287597656,0.800001621246338
0,189.333267211914,0.800001621246338
0,190.384246826172,0.800001621246338
0,191.43522644043,0.800001621246338
0,192.486206054688,0.800001621246338
0,193.537185668945,0.800001621246338
0,194.588165283203,0.800001621246338
0,195.639144897461,0.800001621246338
0,196.690124511719,0.800001621246338
0,197.741104125977,0.800001621246338
0,198.792083740234,0.800001621246338
0,199.843063354492,0.800001621246338
0,200.89404296875,0.800001621246338
0,201.945022583008,0.800001621246338
0,202.996002197266,0.800001621246338
0,204.046981811523,0.800001621246338
0,205.097961425781,0.800001621246338
0,206.148941040039,1.19999647140503
0,207.199920654297,1.19999647140503
2,59.9999923706055,1.19999647140503
2,60.0522689819336,2.79999971389771
2,60.1045455932617,3.29999995231628
2,60.1568222045898,3.80000019073486
2,60.209098815918,4.30000019073486
2,60.2613754272461,4.80000019073486
2,60.3136520385742,5.30000019073486
2,60.3659286499023,5.80000019073486
2,60.4182052612305,6.30000019073486
2,60.4704818725586,6.80000019073486
2,60.5227584838867,7.30000019073486
2,60.5750350952148,7.80000019073486
2,60.627311706543,8.30000019073486
2,60.6795883178711,8.80000019073486
2,60.7318649291992,10.5260219573975
2,60.7841415405273,10.5972547531128
2,60.8364181518555,10.6684875488281
2,60.8886947631836,10.7397203445435
2,60.9409713745117,10.8109531402588
2,60.9932479858398,10.8821859359741
2,61.045524597168,10.9534187316895
2,61.0978012084961,11.0246515274048
2,61.1500778198242,11.0958843231201
2,61.2023544311523,11.1671171188354
2,61.2546310424805,11.2383499145508
2,61.3069076538086,11.3095827102661
2,61.3591842651367,11.3808155059814
2,61.4114608764648,11.4520483016968
2,61.463737487793,11.5232810974121
2,61.5160140991211,11.5945138931274
2,61.5682907104492,11.6657466888428
2,61.6205673217773,11.7369794845581
2,61.6728439331055,11.8082122802734
2,61.7251205444336,11.8794450759888
2,61.7773971557617,11.9506778717041
2,61.8296737670898,12.0219106674194
2,61.881950378418,12.0931434631348
2,61.9342269897461,12.1643762588501
2,61.9865036010742,12.2356090545654
2,62.0387802124023,12.3068418502808
2,62.0910568237305,12.3780746459961
2,62.1433334350586,12.4493074417114
2,62.1956100463867,12.5205402374268
2,62.2478866577148,12.5917730331421
2,62.300163269043,12.6630058288574
2,62.3524398803711,12.7342386245728
2,62.4047164916992,12.8054714202881
2,62.4569931030273,12.8767042160034
2,62.5092697143555,12.9479370117188
2,62.5615463256836,13.0191698074341
2,62.6138229370117,13.0904026031494
2,62.6660995483398,13.1616353988647
2,62.718376159668,13.2328681945801
2,62.7706527709961,13.3041009902954
2,62.8229293823242,13.3753337860107
2,62.8752059936523,13.4465665817261
2,62.9274826049805,13.5177993774414
2,62.9797592163086,13.5890321731567
2,63.0320358276367,13.6602649688721
2,63.0843124389648,13.7314977645874
2,63.136589050293,13.8027305603027
2,63.1888656616211,13.8739633560181
2,63.2411422729492,13.9451961517334
2,63.2934188842773,14.0164289474487
2,63.3456954956055,14.0876617431641
2,63.3979721069336,14.1588945388794
2,63.4502487182617,14.2301273345947
2,63.5025253295898,14.3013601303101
2,63.554801940918,14.3725929260254
2,63.6070785522461,14.4438257217407
2,63.6593551635742,14.5150585174561
2,63.7116317749023,14.5862913131714
2,63.7639083862305,14.6575241088867
2,63.8161849975586,14.7287569046021
2,63.8684616088867,14.7999897003174
2,63.9207382202148,14.8712224960327
2,63.973014831543,14.942455291748
2,64.0252914428711,15.0136880874634
2,64.0775680541992,15.0849208831787
2,64.1298446655273,15.156153678894
2,64.1821212768555,15.2273864746094
2,64.2343978881836,15.2986192703247
2,64.2866744995117,15.36985206604
2,64.3389511108398,15.4410848617554
2,64.391227722168,15.5123176574707
2,64.4435043334961,15.583550453186
2,64.4957809448242,15.6547832489014
2,64.5480575561523,15.7260160446167
2,64.6003341674805,15.797248840332
2,64.6526107788086,15.8684816360474
2,64.7048873901367,15.9397144317627
2,64.7571640014648,16.0109481811523
2,64.809440612793,16.082181930542
2,64.8617172241211,16.1534156799316
2,64.9139938354492,16.2246494293213
2,64.9662704467773,16.2958831787109
2,65.0185470581055,16.3671169281006
2,65.0708236694336,16.4383506774902
2,65.1231002807617,16.5095844268799
2,65.1753768920898,16.5808181762695
2,65.227653503418,16.6520519256592
2,65.2799301147461,16.7232856750488
2,65.3322067260742,16.7945194244385
2,65.3844833374023,16.8657531738281
2,65.4367599487305,16.9369869232178
2,65.4890365600586,17.0082206726074
2,65.5413131713867,17.0794544219971
2,65.5935897827148,17.1506881713867
2,65.645866394043,17.2219219207764
2,65.6981430053711,17.293155670166
2,65.7504196166992,17.3643894195557
2,65.8026962280273,17.4356231689453
2,65.8549728393555,17.506856918335
2,65.9072494506836,17.5780906677246
2,65.9595260620117,17.6493244171143
2,66.0118026733398,17.7205581665039
2,66.064079284668,17.7917919158936
2,66.1163558959961,17.8630256652832
2,66.1686325073242,17.9342594146729
2,66.2209091186523,18.0054931640625
2,66.2731857299805,18.0767269134521
2,66.3254623413086,18.1479606628418
2,66.3777389526367,18.2191944122314
2,66.4300155639648,18.2904281616211
2,66.482292175293,18.3616619110107
2,66.5345687866211,18.4328956604004
2,66.5868453979492,18.50412940979
2,66.6391220092773,18.5753631591797
2,66.6913986206055,18.6465969085693
2,66.7436752319336,18.717830657959
2,66.7959518432617,18.7890644073486
2,66.8482284545898,18.8602981567383
2,66.900505065918,18.9315319061279
2,66.9527816772461,19.0027656555176
2,67.0050582885742,19.0739994049072
2,67.0573348999023,19.1452331542969
2,67.1096115112305,19.2164669036865
2,67.1618881225586,19.2877006530762
2,67.2141647338867,19.3589344024658
2,67.2664413452148,19.4301681518555
2,67.318717956543,19.5014019012451
2,67.3709945678711,19.5726356506348
2,67.4232711791992,19.6438694000244
2,67.4755477905273,19.7151031494141
2,67.5278244018555,19.7863368988037
2,67.5801010131836,19.8575706481934
2,67.6323776245117,19.928804397583
2,67.6846542358398,20.0000381469727
2,67.736930847168,20.0712718963623
2,67.7892074584961,20.142505645752
2,67.8414840698242,20.2137393951416
2,67.8937606811523,20.2849731445313
2,67.9460372924805,20.3562068939209
2,67.9983139038086,20.4274406433105
2,68.0505905151367,20.4986743927002
2,68.1028671264648,20.5699081420898
2,68.155143737793,20.6411418914795
2,68.2074203491211,20.7123756408691
2,68.2596969604492,20.7836093902588
2,68.3119735717773,20.8548431396484
2,68.3642501831055,20.9260768890381
2,68.4165267944336,20.9973106384277
2,68.4688034057617,21.0685443878174
2,68.5210800170898,21.139778137207
2,68.573356628418,21.2110118865967
2,68.6256332397461,21.2822456359863
2,68.6779098510742,21.353479385376
2,68.7301864624023,21.4247131347656
2,68.7824630737305,21.4959468841553
2,68.8347396850586,21.5671806335449
2,68.8870162963867,21.6384143829346
2,68.9392929077148,21.7096481323242
2,68.991569519043,21.7808818817139
2,69.0438461303711,21.8521156311035
2,69.0961227416992,21.9233493804932
2,69.1483993530273,21.9945831298828
2,69.2006759643555,22.0658168792725
2,69.2529525756836,22.1370506286621
2,69.3052291870117,22.2082843780518
2,69.3575057983398,22.2795181274414
2,69.409782409668,22.3507518768311
2,69.4620590209961,22.4219856262207
2,69.5143356323242,22.4932193756104
2,69.5666122436523,22.564453125
2,69.6188888549805,22.6356868743896
2,69.6711654663086,22.7069206237793
2,69.7234420776367,22.7781543731689
2,69.7757186889648,22.8493881225586
2,69.827995300293,22.9206218719482
2,69.8802719116211,22.9918556213379
2,69.9325485229492,23.0630893707275
2,69.9848251342773,23.1343231201172
2,70.0371017456055,23.2055568695068
2,70.0893783569336,23.2767906188965
2,70.1416549682617,23.3480243682861
2,70.1939315795898,23.4192581176758
2,70.246208190918,23.4904918670654
2,70.2984848022461,23.5617256164551
2,70.3507614135742,23.6329593658447
2,70.4030380249023,23.7041931152344
2,70.4553146362305,23.775426864624
2,70.5075912475586,23.8466606140137
2,70.5598678588867,23.9178943634033
2,70.6121444702148,23.989128112793
2,70.664421081543,24.0603618621826
2,70.7166976928711,24.1315956115723
2,70.7689743041992,24.2028293609619
2,70.8212509155273,24.2740631103516
2,70.8735275268555,24.3452968597412
2,70.9258041381836,24.4165306091309
2,70.9780807495117,24.4877643585205
2,71.0303573608398,24.5589981079102
2,71.082633972168,24.6302318572998
2,71.1349105834961,24.7014656066895
2,71.1871871948242,24.7726993560791
2,71.2394638061523,24.8439331054688
2,71.2917404174805,24.9151668548584
2,71.3440170288086,24.986400604248
2,71.3962936401367,25.0576343536377
2,71.4485702514648,25.1288681030273
2,71.500846862793,25.200101852417
2,71.5531234741211,25.2713356018066
2,71.6054000854492,25.3425693511963
2,71.6576766967773,25.4138031005859
2,71.7099533081055,25.4850368499756
2,71.7622299194336,25.5562705993652
2,71.8145065307617,25.6275043487549
2,71.8667831420898,25.6987380981445
2,71.919059753418,25.7699718475342
2,71.9713363647461,25.8412055969238
2,72.0236129760742,25.9124393463135
2,72.0758895874023,25.9836730957031
2,72.1281661987305,26.0549068450928
2,72.1804428100586,26.1261405944824
2,72.2327194213867,26.1973743438721
2,72.2849960327148,26.2686080932617
2,72.337272644043,26.3398418426514
2,72.3895492553711,26.411075592041
2,72.4418258666992,26.4823093414307
2,72.4941024780273,26.5535430908203
2,72.5463790893555,26.62477684021
2,72.5986557006836,26.6960105895996
2,72.6509323120117,26.7672443389893
2,72.7032089233398,26.8384780883789
2,72.755485534668,26.9097118377686
2,72.8077621459961,26.9809455871582
2,72.8600387573242,27.0521793365479
2,72.9123153686523,27.1234130859375
2,72.9645919799805,27.1946468353271
2,73.0168685913086,27.2658805847168
2,73.0691452026367,27.3371143341064
2,73.1214218139648,27.4083480834961
2,73.173698425293,27.4795818328857
2,73.2259750366211,27.5508155822754
2,73.2782516479492,27.622049331665
2,73.3305282592773,27.6932830810547
2,73.3828048706055,27.7645168304443
2,73.4350814819336,27.835750579834
2,73.4873580932617,27.9069843292236
2,73.5396347045898,27.9782180786133
2,73.591911315918,28.0494518280029
2,73.6441879272461,28.1206855773926
2,73.6964645385742,28.1919193267822
2,73.7487411499023,28.2631530761719
2,73.8010177612305,28.3343868255615
2,73.8532943725586,28.4056205749512
2,73.9055709838867,28.4768543243408
2,73.9578475952148,28.5480880737305
2,74.010124206543,28.6193218231201
2,74.0624008178711,28.6905555725098
2,74.1146774291992,28.7617893218994
2,74.1669540405273,28.8330230712891
2,74.2192306518555,28.9042568206787
2,74.2715072631836,28.9754905700684
2,74.3237838745117,29.046724319458
2,74.3760604858398,29.1179580688477
2,74.428337097168,29.1891918182373
2,74.4806137084961,29.260425567627
2,74.5328903198242,29.3316593170166
2,74.5851669311523,29.4028930664063
2,74.6374435424805,29.4741268157959
2,74.6897201538086,29.5453605651855
2,74.7419967651367,29.6165943145752
2,74.7942733764648,29.6878280639648
2,74.846549987793,29.7590618133545
2,74.8988265991211,29.8302955627441
2,74.9511032104492,29.9015293121338
2,75.0033798217773,29.9727630615234
2,75.0556564331055,30.0439968109131
2,75.1079330444336,30.1152305603027
2,75.1602096557617,30.1864643096924
2,75.2124862670898,30.257698059082
2,75.264762878418,30.3289318084717
2,75.3170394897461,30.4001655578613
2,75.3693161010742,30.471399307251
2,75.4215927124023,30.5426330566406
2,75.4738693237305,30.6138668060303
2,75.5261459350586,30.6851005554199
2,75.5784225463867,30.7563343048096
2,75.6306991577148,30.8275680541992
2,75.682975769043,30.8988018035889
2,75.7352523803711,30.9700355529785
2,75.7875289916992,31.0412693023682
2,75.8398056030273,31.1125030517578
2,75.8920822143555,31.1837368011475
2,75.9443588256836,31.2549705505371
2,75.9966354370117,31.3262042999268
2,76.0489120483398,31.3974380493164
2,76.101188659668,31.4686717987061
2,76.1534652709961,31.5399055480957
2,76.2057418823242,31.6111392974854
2,76.2580184936523,31.682373046875
2,76.3102951049805,31.7536067962646
2,76.3625717163086,31.8248405456543
2,76.4148483276367,31.8960742950439
2,76.4671249389648,31.9673080444336
2,76.519401550293,32.0385398864746
2,76.5716781616211,32.1097717285156
2,76.6239547729492,32.1810035705566
2,76.6762313842773,32.2522354125977
2,76.7285079956055,32.3234672546387
2,76.7807846069336,32.3946990966797
2,76.8330612182617,32.4659309387207
2,76.8853378295898,32.5371627807617
2,76.937614440918,32.6083946228027
2,76.9898910522461,32.6796264648438
2,77.0421676635742,32.7508583068848
2,77.0944442749023,32.8220901489258
2,77.1467208862305,32.8933219909668
2,77.1989974975586,32.9645538330078
2,77.2512741088867,33.0357856750488
2,77.3035507202148,33.1070175170898
2,77.355827331543,33.1782493591309
2,77.4081039428711,33.2494812011719
2,77.4603805541992,33.3207130432129
2,77.5126571655273,33.3919448852539
2,77.5649337768555,33.4631767272949
2,77.6172103881836,33.5344085693359
2,77.6694869995117,33.605640411377
2,77.7217636108398,33.676872253418
2,77.774040222168,33.748104095459
2,77.8263168334961,33.8193359375
2,77.8785934448242,33.890567779541
2,77.9308700561523,33.961799621582
2,77.9831466674805,34.033031463623
2,78.0354232788086,34.1042633056641
2,78.0876998901367,34.1754951477051
2,78.1399765014648,34.2467269897461
2,78.192253112793,34.3179588317871
2,78.2445297241211,34.3891906738281
2,78.2968063354492,34.4604225158691
2,78.3490829467773,34.5316543579102
2,78.4013595581055,34.6028861999512
2,78.4536361694336,34.6741180419922
2,78.5059127807617,34.7453498840332
2,78.5581893920898,34.8165817260742
2,78.610466003418,34.8878135681152
2,78.6627426147461,34.9590454101563
2,78.7150192260742,35.0302772521973
2,78.7672958374023,35.1015090942383
2,78.8195724487305,35.1727409362793
2,78.8718490600586,35.2439727783203
2,78.9241256713867,35.3152046203613
2,78.9764022827148,35.3864364624023
2,79.028678894043,35.4576683044434
2,79.0809555053711,35.5289001464844
2,79.1332321166992,35.6001319885254
2,79.1855087280273,96.4179987620124
2,79.2377853393555,96.5052600499632
2,79.2900619506836,96.592521337914
2,79.3423385620117,96.6797826258648
2,79.3946151733398,96.7670439138156
2,79.446891784668,96.8543052017664
2,79.4991683959961,96.9415664897171
2,79.5514450073242,97.0288277776679
2,79.6037216186523,97.1160890656187
2,79.6559982299805,97.2033503535695
2,79.7082748413086,97.2906116415203
2,79.7605514526367,97.3778729294711
2,79.8128280639648,97.4651342174219
2,79.865104675293,97.5523955053727
2,79.9173812866211,97.6396567933235
2,79.9696578979492,97.7269180812743
2,80.0219345092773,97.8141793692251
2,80.0742111206055,97.9014406571759
2,80.1264877319336,97.9887019451267
2,80.1787643432617,98.0759632330775
2,80.2310409545898,98.1632245210283
2,80.283317565918,98.2504858089791
2,80.3355941772461,98.3377470969299
2,80.3878707885742,98.4250083848807
2,80.4401473999023,98.5122696728315
2,80.4924240112305,98.5995309607823
2,80.5447006225586,98.6867922487331
2,80.5969772338867,98.7740535366839
2,80.6492538452148,98.8613148246346
2,80.701530456543,98.9485761125854
2,80.7538070678711,99.0358374005362
2,80.8060836791992,99.123098688487
2,80.8583602905273,99.2103599764378
2,80.9106369018555,99.2976212643886
2,80.9629135131836,99.3848825523394
2,81.0151901245117,99.4721438402902
2,81.0674667358398,99.559405128241
2,81.119743347168,99.6466664161918
2,81.1720199584961,99.7339277041426
2,81.2242965698242,99.8211889920934
2,81.2765731811523,99.9084502800442
2,81.3288497924805,99.995711567995
2,81.3811264038086,100.082972855946
2,81.4334030151367,100.170234143897
2,81.4856796264648,100.257495431847
2,81.537956237793,100.344756719798
2,81.5902328491211,100.432018007749
2,81.6425094604492,100.5192792957
2,81.6947860717773,100.606540583651
2,81.7470626831055,100.693801871601
2,81.7993392944336,100.781063159552
2,81.8516159057617,100.868324447503
2,81.9038925170898,100.955585735454
2,81.956169128418,101.042847023405
2,82.0084457397461,101.130108311355
2,82.0607223510742,101.217369599306
2,82.1129989624023,101.304630887257
2,82.1652755737305,101.391892175208
2,82.2175521850586,101.479153463159
2,82.2698287963867,101.566414751109
2,82.3221054077148,101.65367603906
2,82.374382019043,101.740937327011
2,82.4266586303711,101.828198614962
2,82.4789352416992,101.915459902912
2,82.5312118530273,102.002721190863
2,82.5834884643555,102.089982478814
2,82.6357650756836,102.177243766765
2,82.6880416870117,102.264505054716
2,82.7403182983398,102.351766342666
2,82.792594909668,102.439027630617
2,82.8448715209961,102.526288918568
2,82.8971481323242,102.613550206519
2,82.9494247436523,102.70081149447
2,83.0017013549805,102.78807278242
2,83.0539779663086,102.875334070371
2,83.1062545776367,102.962595358322
2,83.1585311889648,103.049856646273
2,83.210807800293,103.137117934224
2,83.2630844116211,103.224379222174
2,83.3153610229492,103.311640510125
2,83.3676376342773,103.398901798076
2,83.4199142456055,103.486163086027
2,83.4721908569336,103.573424373978
2,83.5244674682617,103.660685661928
2,83.5767440795898,103.747946949879
2,83.629020690918,103.83520823783
2,83.6812973022461,103.922469525781
2,83.7335739135742,104.009730813732
2,83.7858505249023,104.096992101682
2,83.8381271362305,104.184253389633
2,83.8904037475586,104.271514677584
2,83.9426803588867,104.358775965535
2,83.9949569702148,104.446037253486
2,84.047233581543,104.533298541436
2,84.0995101928711,104.620559829387
2,84.1517868041992,104.707821117338
2,84.2040634155273,104.795082405289
2,84.2563400268555,104.88234369324
2,84.3086166381836,104.96960498119
2,84.3608932495117,105.056866269141
2,84.4131698608398,105.144127557092
2,84.465446472168,105.231388845043
2,84.5177230834961,105.318650132994
2,84.5699996948242,105.405911420944
2,84.6222763061523,105.493172708895
2,84.6745529174805,105.580433996846
2,84.7268295288086,105.667695284797
2,84.7791061401367,105.754956572747
2,84.8313827514648,105.842217860698
2,84.883659362793,105.929479148649
2,84.9359359741211,106.0167404366
2,84.9882125854492,106.104001724551
2,85.0404891967773,106.191263012501
2,85.0927658081055,106.278524300452
2,85.1450424194336,106.365785588403
2,85.1973190307617,106.453046876354
2,85.2495956420898,106.540308164305
2,85.301872253418,106.627569452255
2,85.3541488647461,106.714830740206
2,85.4064254760742,106.802092028157
2,85.4587020874023,106.889353316108
2,85.5109786987305,106.976614604059
2,85.5632553100586,107.063875892009
2,85.6155319213867,107.15113717996
2,85.6678085327148,107.238398467911
2,85.720085144043,107.325659755862
2,85.7723617553711,107.412921043813
2,85.8246383666992,107.500182331763
2,85.8769149780273,107.587443619714
2,85.9291915893555,107.674704907665
2,85.9814682006836,107.761966195616
2,86.0337448120117,107.849227483567
2,86.0860214233398,107.936488771517
2,86.138298034668,108.023750059468
2,86.1905746459961,108.111011347419
2,86.2428512573242,108.19827263537
2,86.2951278686523,108.285533923321
2,86.3474044799805,108.372795211271
2,86.3996810913086,108.460056499222
2,87.8057632446289,108.547317787173
2,87.8507843017578,108.634579075124
2,87.8958053588867,108.721840363075
2,87.9408264160156,108.809101651025
2,87.9858474731445,108.896362938976
2,88.0308685302734,108.983624226927
2,88.0758895874023,109.070885514878
2,88.1209106445313,109.158146802829
2,88.1659317016602,109.245408090779
2,88.2109527587891,109.33266937873
2,88.255973815918,109.419930666681
2,88.3009948730469,109.507191954632
2,88.3460159301758,109.594453242582
2,88.3910369873047,109.681714530533
2,88.4360580444336,109.768975818484
2,88.4810791015625,109.856237106435
2,88.5261001586914,109.943498394386
2,88.5711212158203,110.030759682336
2,88.6161422729492,110.118020970287
2,88.6611633300781,110.205282258238
2,88.706184387207,110.292543546189
2,88.7512054443359,110.37980483414
2,88.7962265014648,110.46706612209
2,88.8412475585938,110.554327410041
2,88.8862686157227,110.641588697992
2,88.9312896728516,110.728849985943
2,88.9763107299805,110.816111273894
2,89.0213317871094,110.903372561844
2,89.0663528442383,110.990633849795
2,89.1113739013672,111.077895137746
2,89.1563949584961,111.165156425697
2,89.201416015625,111.252417713648
2,89.2464370727539,111.339679001598
2,89.2914581298828,111.426940289549
2,89.3364791870117,111.5142015775
2,89.3815002441406,111.601462865451
2,89.4265213012695,111.688724153402
2,89.4715423583984,111.775985441352
2,89.5165634155273,111.863246729303
2,89.5615844726563,111.950508017254
2,89.6066055297852,112.037769305205
2,89.6516265869141,112.125030593156
2,89.696647644043,112.212291881106
2,89.7416687011719,112.299553169057
2,89.7866897583008,112.386814457008
2,89.8317108154297,112.474075744959
2,89.8767318725586,112.56133703291
2,89.9217529296875,112.64859832086
2,89.9667739868164,112.735859608811
2,90.0117950439453,112.823120896762
2,90.0568161010742,112.910382184713
2,90.1018371582031,112.997643472664
2,90.146858215332,113.084904760614
2,90.1918792724609,113.172166048565
2,90.2369003295898,113.259427336516
2,90.2819213867188,113.346688624467
2,90.3269424438477,113.433949912417
2,90.3719635009766,113.521211200368
2,90.4169845581055,113.608472488319
2,90.4620056152344,113.69573377627
2,90.5070266723633,113.782995064221
2,90.5520477294922,128
2,90.5970687866211,128
2,90.64208984375,128
2,90.6871109008789,128
2,90.7321319580078,128
2,90.7771530151367,128
2,90.8221740722656,128
2,90.8671951293945,128
2,90.9122161865234,128
2,90.9572372436523,128
2,91.0022583007813,128
2,91.0472793579102,128
2,91.0923004150391,128
2,91.137321472168,128
2,91.1823425292969,128
2,91.2273635864258,128
2,91.2723846435547,128
2,91.3174057006836,128
2,91.3624267578125,128
2,91.4074478149414,128
2,91.4524688720703,128
2,91.4974899291992,128
2,91.5425109863281,128
2,91.587532043457,128
2,91.6325531005859,128
2,91.6775741577148,128
2,91.7225952148438,128
2,91.7676162719727,128
2,91.8126373291016,128
2,91.8576583862305,128
2,91.9026794433594,128
2,91.9477005004883,128
2,91.9927215576172,128
2,92.0377426147461,128
2,92.082763671875,128
2,92.1277847290039,128
2,92.1728057861328,128
2,92.2178268432617,128
2,92.2628479003906,128
2,92.3078689575195,128
2,92.3528900146484,128
2,92.3979110717773,128
2,92.4429321289063,128
2,92.4879531860352,128
2,92.5329742431641,128
2,92.577995300293,128
2,92.6230163574219,128
2,92.6680374145508,128
2,92.7130584716797,128
2,92.7580795288086,128
2,92.8031005859375,128
2,92.8481216430664,128
2,92.8931427001953,128
2,92.9381637573242,128
2,92.9831848144531,128
2,93.028205871582,128
2,93.0732269287109,128
2,93.1182479858398,128
2,93.1632690429688,128
2,93.2082901000977,128
2,93.2533111572266,128
2,93.2983322143555,128
2,93.3433532714844,128
2,93.3883743286133,128
2,93.4333953857422,128
2,93.4784164428711,128
2,93.5234375,128
2,93.5684585571289,128
2,93.6134796142578,128
2,93.6585006713867,128
2,93.7035217285156,128
2,93.7485427856445,128
2,93.7935638427734,128
2,93.8385848999023,128
2,93.8836059570313,128
2,93.9286270141602,128
2,93.9736480712891,128
2,94.018669128418,128
2,94.0636901855469,128
2,94.1087112426758,128
2,94.1537322998047,128
2,94.1987533569336,128
2,94.2437744140625,128
2,94.2887954711914,128
2,94.3338165283203,128
2,94.3788375854492,128
2,94.4238586425781,128
2,94.468879699707,128
2,94.5139007568359,128
2,94.5589218139648,128
2,94.6039428710938,128
2,94.6489639282227,128
2,94.6939849853516,128
2,94.7390060424805,128
2,94.7840270996094,128
2,94.8290481567383,128
2,94.8740692138672,128
2,94.9190902709961,128
2,94.964111328125,128
2,95.0091323852539,128
2,95.0541534423828,128
2,95.0991744995117,128
2,95.1441955566406,128
2,95.1892166137695,128
2,95.2342376708984,128
2,95.2792587280273,128
2,95.3242797851563,128
2,95.3693008422852,128
2,95.4143218994141,128
2,95.459342956543,128
2,95.5043640136719,128
2,95.5493850708008,128
2,95.5944061279297,128
2,95.6394271850586,128
2,95.6844482421875,128
2,95.7294692993164,128
2,95.7744903564453,128
2,95.8195114135742,128
2,95.8645324707031,128
2,95.909553527832,128
2,95.9545745849609,128
2,95.9995956420898,128
2,96.0446166992188,128
2,96.0896377563477,128
2,96.1346588134766,128
2,96.1796798706055,128
2,96.2247009277344,128
2,96.2697219848633,128
2,96.3147430419922,128
2,96.3597640991211,128
2,96.40478515625,128
2,96.4498062133789,128
2,96.4948272705078,128
2,96.5398483276367,128
2,96.5848693847656,128
2,96.6298904418945,128
2,96.6749114990234,128
2,96.7199325561523,128
2,96.7649536132813,128
2,96.8099746704102,128
2,96.8549957275391,128
2,96.900016784668,128
2,96.9450378417969,128
2,96.9900588989258,128
2,97.0350799560547,128
2,97.0801010131836,128
2,97.1251220703125,128
2,97.1701431274414,128
2,97.2151641845703,128
2,97.2601852416992,128
2,97.3052062988281,128
2,97.350227355957,128
2,97.3952484130859,128
2,97.4402694702148,128
2,97.4852905273438,128
2,97.5303115844727,128
2,97.5753326416016,128
2,97.6203536987305,128
2,97.6653747558594,128
2,97.7103958129883,128
2,97.7554168701172,128
2,97.8004379272461,128
2,97.845458984375,128
2,97.8904800415039,128
2,97.9355010986328,128
2,97.9805221557617,128
2,98.0255432128906,128
2,98.0705642700195,128
2,98.1155853271484,128
2,98.1606063842773,128
2,98.2056274414063,128
2,98.2506484985352,128
2,98.2956695556641,128
2,98.340690612793,128
2,98.3857116699219,128
2,98.4307327270508,128
2,98.4757537841797,128
2,98.5207748413086,128
2,98.5657958984375,128
2,98.6108169555664,128
2,98.6558380126953,128
2,98.7008590698242,128
2,98.7458801269531,128
2,98.790901184082,128
2,98.8359222412109,128
2,98.8809432983398,128
2,98.9259643554688,128
2,98.9709854125977,128
2,99.0160064697266,128
2,99.0610275268555,128
2,99.1060485839844,128
2,99.1510696411133,128
2,99.1960906982422,128
2,99.2411117553711,128
2,99.2861328125,128
2,99.3311538696289,128
2,99.3761749267578,128
2,99.4211959838867,128
2,99.4662170410156,128
2,99.5112380981445,128
2,99.5562591552734,128
2,99.6012802124023,128
2,99.6463012695313,128
2,99.6913223266602,128
2,99.7363433837891,128
2,99.781364440918,128
2,99.8263854980469,128
2,99.8714065551758,128
2,99.9164276123047,128
2,99.9614486694336,128
2,100.006469726563,128
2,100.051490783691,128
2,100.09651184082,128
2,100.141532897949,128
2,100.186553955078,128
2,100.231575012207,128
2,100.276596069336,128
2,100.321617126465,128
2,100.366638183594,128
2,100.411659240723,128
2,100.456680297852,128
2,100.50170135498,128
2,100.546722412109,128
2,100.591743469238,128
2,100.636764526367,128
2,100.681785583496,128
2,100.726806640625,128
2,100.771827697754,128
2,100.816848754883,128
2,100.861869812012,128
2,100.906890869141,128
2,100.95191192627,128
2,100.996932983398,128
2,101.041954040527,128
2,101.086975097656,128
2,101.131996154785,128
2,101.177017211914,128
2,101.222038269043,128
2,101.267059326172,128
2,101.312080383301,128
2,101.35710144043,128
2,101.402122497559,128
2,101.447143554688,128
2,101.492164611816,128
2,101.537185668945,128
2,101.582206726074,128
2,101.627227783203,128
2,101.672248840332,128
2,101.717269897461,128
2,101.76229095459,128
2,101.807312011719,128
2,101.852333068848,128
2,101.897354125977,128
2,101.942375183105,128
2,101.987396240234,128
2,102.032417297363,128
2,102.077438354492,128
2,102.122459411621,128
2,102.16748046875,128
2,102.212501525879,128
2,102.257522583008,128
2,102.302543640137,128
2,102.347564697266,128
2,102.392585754395,128
2,102.437606811523,128
2,102.482627868652,128
2,102.527648925781,128
2,102.57266998291,128
2,102.617691040039,128
2,102.662712097168,128
2,102.707733154297,128
2,102.752754211426,128
2,102.797775268555,128
2,102.842796325684,128
2,102.887817382813,128
2,102.932838439941,128
2,102.97785949707,128
2,103.022880554199,128
2,103.067901611328,128
2,103.112922668457,128
2,103.157943725586,128
2,103.202964782715,128
2,103.052755338334,128
2,103.093279858279,128
2,103.133804378223,128
2,103.174328898168,128
2,103.214853418113,128
2,103.255377938058,128
2,103.295902458003,128
2,103.336426977948,128
2,103.376951497892,128
2,103.417476017837,128
2,103.458000537782,128
2,103.498525057727,128
2,103.539049577672,128
2,103.579574097616,128
2,103.620098617561,128
2,103.660623137506,128
2,103.701147657451,128
2,103.741672177396,128
2,103.78219669734,128
2,103.822721217285,128
2,103.86324573723,128
2,103.903770257175,128
2,103.94429477712,128
2,103.984819297065,128
2,104.025343817009,128
2,104.065868336954,128
2,104.106392856899,128
2,104.146917376844,128
2,104.187441896789,128
2,104.227966416733,128
2,104.268490936678,128
2,104.309015456623,128
2,104.349539976568,128
2,104.390064496513,128
2,104.430589016457,128
2,104.471113536402,128
2,104.511638056347,128
2,104.552162576292,128
2,104.592687096237,128
2,104.633211616181,128
2,104.673736136126,128
2,104.714260656071,128
2,104.754785176016,128
2,104.795309695961,128
2,104.835834215906,128
2,104.87635873585,128
2,104.916883255795,128
2,104.95740777574,128
2,104.997932295685,128
2,105.03845681563,128
2,105.078981335574,128
2,105.119505855519,128
2,105.160030375464,128
2,105.200554895409,128
2,105.241079415354,128
2,105.281603935298,128
2,105.322128455243,128
2,105.362652975188,128
2,105.403177495133,128
2,105.443702015078,128
2,105.484226535022,128
2,105.524751054967,128
2,105.565275574912,128
2,105.605800094857,128
2,105.646324614802,128
2,105.686849134747,128
2,105.727373654691,128
2,105.767898174636,128
2,105.808422694581,128
2,105.848947214526,128
2,105.889471734471,128
2,105.929996254415,128
2,105.97052077436,128
2,106.011045294305,128
2,106.05156981425,128
2,106.092094334195,128
2,106.132618854139,128
2,106.173143374084,128
2,106.213667894029,128
2,106.254192413974,128
2,106.294716933919,128
2,106.335241453864,128
2,106.375765973808,128
2,106.416290493753,128
2,106.456815013698,128
2,106.497339533643,128
2,106.537864053588,128
2,106.578388573532,128
2,106.618913093477,128
2,106.659437613422,128
2,106.699962133367,128
2,106.740486653312,128
2,106.781011173256,128
2,106.821535693201,128
2,106.862060213146,128
2,106.902584733091,128
2,106.943109253036,128
2,106.98363377298,128
2,107.024158292925,128
2,107.06468281287,128
2,107.105207332815,128
2,107.14573185276,128
2,107.186256372705,128
2,107.226780892649,128
2,107.267305412594,128
2,107.307829932539,128
2,107.348354452484,128
2,107.388878972429,128
2,107.429403492373,128
2,107.469928012318,128
2,107.510452532263,128
2,107.550977052208,128
2,107.591501572153,128
2,107.632026092097,128
2,107.672550612042,128
2,107.713075131987,128
2,107.753599651932,128
2,107.794124171877,128
2,107.834648691821,128
2,107.875173211766,128
2,107.915697731711,128
2,107.956222251656,128
2,107.996746771601,128
2,108.037271291546,128
2,108.07779581149,128
2,108.118320331435,128
2,108.15884485138,128
2,108.199369371325,128
2,108.23989389127,128
2,108.280418411214,128
2,108.320942931159,128
2,108.361467451104,128
2,108.401991971049,128
2,108.442516490994,128
2,108.483041010938,128
2,108.523565530883,128
2,108.564090050828,128
2,108.604614570773,128
2,108.645139090718,128
2,108.685663610663,128
2,108.726188130607,128
2,108.766712650552,128
2,108.807237170497,128
2,108.847761690442,128
2,108.888286210387,128
2,108.928810730331,128
2,108.969335250276,128
2,109.009859770221,128
2,109.050384290166,128
2,109.090908810111,128
2,104.654390229658,128
2,104.689677085747,128
2,104.724963941836,128
2,104.760250797925,128
2,104.795537654014,128
2,104.830824510103,128
2,104.866111366192,128
2,104.901398222281,128
2,104.93668507837,128
2,104.971971934459,128
2,105.007258790548,128
2,105.042545646637,128
2,105.077832502726,128
2,105.113119358815,128
2,105.148406214904,128
2,105.183693070992,128
2,105.218979927081,128
2,105.25426678317,128
2,105.289553639259,128
2,105.324840495348,128
2,105.360127351437,128
2,105.395414207526,128
2,105.430701063615,128
2,105.465987919704,128
2,105.501274775793,128
2,105.536561631882,128
2,105.571848487971,128
2,100,128
2,100,128
2,100,128
2,100,128
2,100,128
2,100,128
2,100,128
2,100,128
2,100,128
2,100,128
2,100,128
2,100,128
2,100,128
2,100,128
2,100,128
2,100,128
2,100,128
2,100,128
2,100,128
2,100,128
2,100,128
2,100,128
2,100,128
2,100,128
2,100,128
2,100,128
2,100,128
2,100,128
2,100,128
2,100,128
2,100,128
2,100,128
2,100,128
2,100,128
2,100,128
2,100,128
2,100,128
2,100,128
2,100,128
2,100,128
2,100,128
2,100,128
2,100,128
2,100,128
2,100,128
2,100,128
2,100,128
2,100,128
2,100,128
2,100,128
2,100,128
2,100,128
2,100,128
2,100,128
2,100,128
2,100,128
2,100,128
2,100,128
2,100,128
2,100,128
2,100,128
2,100,128
2,100,128
2,100,128
2,100,128
2,100,128
2,100,128
2,100,128
2,100,128
2,100,128
2,100,128
2,100,128
2,100,128
2,100,128
2,100,128
2,100,128
2,100,128
2,100,128
2,100,128
2,100,128
2,100,128
2,100,128
2,100,128
2,100,128
2,100,128
2,100,128
2,100,128
2,100,128
2,100,128
2,100,128
2,100,128
2,100,128
2,100,128
2,100,128
2,100,128
2,100,128
2,100,128
2,100,128
2,100,128
2,100,128
2,100,128
2,100,128
2,100,128
2,100,128
2,100,128
2,100,128
2,100,128
2,100,128
2,100,128
2,100,128
2,100,128
2,100,128
2,100,128
2,100,128
2,100,128
2,100,128
2,100,128
2,100,128
2,100,128
2,100,128
2,100,128
2,100,128
2,100,128
2,100,128
2,100,128
2,100,128
2,100,128
2,100,128
2,100,128
2,100,128
2,100,128
2,100,128
2,100,128
2,100,128
2,100,128
2,100,128
2,100,128
2,100,128
2,100,128
2,100,128
2,100,128
2,100,128
2,100,128
2,100,128
2,100,128
2,100,128
2,100,128
2,100,128
2,100,128
2,100,128
2,100,128
2,100,128
2,100,128
2,100,128
2,100,128
2,100,128
2,100,128
-1,100,128
#MOTOR_P2
-1,1,2.77136254310608
-1,1,2.79619554152241
-1,1,2.82102853993873
-1,1,2.84586153835506
-1,1,2.87069453677139
-1,1,2.89552753518772
-1,1,2.92036053360405
-1,1,2.94519353202037
-1,1,2.9700265304367
-1,1,2.99485952885303
-1,1,3.01969252726936
-1,1,3.04452552568568
-1,1,3.06935852410201
-1,1,3.09419152251834
-1,1,3.11902452093467
-1,1,3.143857519351
3,1,3.16869051776732
3,1,3.19352351618365
3,3.00890812589091,3.21835651459998
3,4.01187750118788,3.24318951301631
3,5.01484687648485,3.26802251143264
3,6.01781625178182,3.29285550984896
3,7.02078562707879,3.31768850826529
3,8.02375500237576,3.34252150668162
3,9.02672437767274,3.36735450509795
3,10.0296937529697,3.39218750351427
3,11.0326631282667,3.4170205019306
3,12.0356325035636,3.44185350034693
3,13.0386018788606,3.46668649876326
3,14.0415712541576,3.49151949717959
3,15.0445406294546,3.51635249559591
3,16.0475100047515,3.54118549401224
3,17.0504793800485,3.56601849242857
3,18.0534487553455,3.5908514908449
3,19.0564181306424,3.61568448926122
3,20.0593875059394,3.64051748767755
3,21.0623568812364,3.66535048609388
3,22.0653262565334,3.69018348451021
3,23.0682956318303,3.71501648292654
3,24.0712650071273,3.73984948134286
3,25.0742343824243,3.76468247975919
3,26.0772037577212,3.78951547817552
3,27.0801731330182,3.81434847659185
3,28.0831425083152,3.83918147500817
3,29.0861118836121,3.8640144734245
3,30.0890812589091,3.88884747184083
3,31.0920506342061,3.91368047025716
3,32.0950200095031,3.93851346867349
3,33.0979893848,3.96334646708981
3,34.100958760097,3.98817946550614
3,35.103928135394,4.01301246392247
3,37.0186870250204,4.0378454623388
3,37.9760667313782,4.06267846075512
3,38.9334464377361,4.08751145917145
3,39.8908261440939,4.11234445758778
3,40.8482058504517,4.13717745600411
3,41.8055855568096,4.16201045442043
3,42.7629652631674,4.18684345283676
3,43.7203449695253,4.21167645125309
3,44.6777246758831,4.23650944966942
3,45.6351043822409,4.26134244808574
3,46.5924840885988,4.28617544650207
3,47.5498637949566,4.3110084449184
3,48.5072435013145,4.33584144333472
3,49.4646232076723,4.36067444175105
3,50.4220029140301,4.38550744016738
3,51.379382620388,4.41034043858371
3,52.3367623267458,4.43517343700003
3,53.2941420331037,4.46000643541636
3,54.2515217394615,4.48483943383269
3,55.2089014458194,4.50967243224902
3,56.1662811521772,4.53450543066534
3,57.123660858535,4.55933842908167
3,58.0810405648929,4.584171427498
3,59.0384202712507,4.60900442591433
3,59.9957999776086,4.63383742433065
3,60.9531796839664,4.65867042274698
3,61.9105593903242,4.68350342116331
3,62.8679390966821,4.70833641957964
3,63.8253188030399,4.73316941799596
3,64.7826985093978,4.75800241641229
3,65.7400782157556,4.78283541482862
3,66.6974579221134,4.80766841324494
3,67.6548376284713,4.83250141166127
3,68.6122173348291,4.8573344100776
3,69.569597041187,4.88216740849393
3,70.5269767475448,4.90700040691025
3,71.4843564539026,4.93183340532658
3,72.4417361602605,4.95666640374291
3,73.3991158666183,4.98149940215924
3,74.3564955729762,5.00633240057556
3,75.313875279334,5.03116539899189
3,76.2712549856919,5.05599839740822
3,77.2286346920497,5.08083139582455
3,78.1860143984075,5.50367903652317
3,79.1433941047654,5.97365611065898
3,80.1007738111232,6.4436331847948
3,81.0581535174811,6.91361025893061
3,82.0155332238389,7.38358733306642
3,82.9729129301967,7.85356440720224
3,83.9302926365546,8.32354148133805
3,84.8876723429124,8.79351855547387
3,85.8450520492703,9.26349562960968
3,86.8024317556281,9.73347270374549
3,87.7598114619859,10.2034497778813
3,88.256755615894,10.6734268520171
3,89.2090776700861,11.1434039261529
3,90.1613997242783,11.6133810002888
3,91.1137217784704,12.0833580744246
3,92.0660438326625,12.5533351485604
3,93.0183658868547,13.0233122226962
3,93.9706879410468,13.493289296832
3,94.9230099952389,13.9632663709678
3,95.8753320494311,14.4332434451036
3,96.8276541036232,14.9032205192394
3,97.7799761578154,15.3731975933753
3,98.7322982120075,15.8431746675111
3,99.6846202661996,16.3131517416469
3,100.636942320392,16.7831288157827
3,100.869560241699,17.2531058899185
3,102.090003967285,17.5519638061523
3,103.310447692871,17.9953817963105
3,104.530891418457,18.4387997864686
3,105.751335144043,18.8822177766267
3,106.971778869629,19.3256357667848
3,108.192222595215,19.7690537569429
3,109.412666320801,20.212471747101
3,110.633110046387,20.6558897372592
3,111.853553771973,21.0993077274173
3,113.073997497559,21.5427257175754
3,114.294441223145,21.9861437077335
3,115.51488494873,22.4295616978916
3,116.735328674316,22.8729796880498
3,117.955772399902,23.9130382537842
3,119.176216125488,23.4940662384033
3,120.396659851074,23.0750942230225
3,121.61710357666,22.6561222076416
3,122.837547302246,22.2371501922607
3,124.057991027832,21.8181781768799
3,125.278434753418,21.399206161499
3,126.498878479004,20.9802341461182
3,127.71932220459,20.5612621307373
3,128.939758300781,20.1422901153564
3,130.160202026367,19.7233180999756
3,131.380645751953,19.3043460845947
3,132.601089477539,18.8853740692139
3,133.821533203125,18.466402053833
3,135.041976928711,18.0474300384521
3,136.262420654297,17.6284580230713
3,137.482864379883,17.2094860076904
3,138.703308105469,16.7905139923096
3,139.923751831055,16.3715419769287
3,141.144195556641,15.9525699615479
3,142.364639282227,15.533597946167
3,143.585083007813,15.1146259307861
3,144.805526733398,14.6956539154053
3,146.025970458984,14.2766819000244
3,147.24641418457,13.8577098846436
3,148.466857910156,13.4387378692627
3,149.687301635742,13.0197658538818
3,150.907745361328,12.600793838501
3,152.128189086914,12.1818218231201
3,153.3486328125,11.7628498077393
3,154.569076538086,11.3438777923584
3,155.789520263672,10.9249057769775
3,157.009963989258,10.5059337615967
3,158.230407714844,10.0869617462158
3,159.45085144043,9.66798973083496
3,160.671295166016,9.2490177154541
3,161.891738891602,8.83004570007324
3,163.112182617188,8.41107368469238
3,164.332626342773,7.99210166931152
3,165.553070068359,7.57312965393066
3,166.773513793945,7.1541576385498
3,167.993957519531,6.73518562316895
3,169.214401245117,6.31621360778809
3,170.434844970703,5.89724159240723
3,171.655288696289,5.47826957702637
3,172.875732421875,5.05929756164551
3,174.096176147461,4.64032554626465
3,175.316619873047,4.22135353088379
3,176.537063598633,3.80238127708435
3,177.757507324219,3.38340902328491
3,178.977951049805,2.96443676948547
3,180.198394775391,2.54546451568604
3,181.418838500977,2.1264922618866
3,182.639282226563,1.70752000808716
3,183.859725952148,1.28854775428772
3,185.080169677734,0.869560241699219
3,186.30061340332,0.8514444231987
3,187.521057128906,0.833328604698181
3,188.741500854492,0.815212786197662
3,189.961944580078,0.797096967697144
3,191.182388305664,0.778981149196625
3,192.40283203125,0.760865330696106
3,193.623275756836,0.742749512195587
3,194.843719482422,0.724633693695068
3,196.064163208008,0.70651787519455
3,197.284606933594,0.688402056694031
3,198.50505065918,0.670286238193512
3,199.725494384766,0.652170419692993
3,200.945938110352,0.634054601192474
3,202.166381835938,0.615938782691956
3,203.386825561523,0.597822964191437
3,204.607269287109,0.579707145690918
3,205.827713012695,0.561591327190399
3,207.048156738281,0.54347550868988
3,208.268600463867,0.525359690189362
3,209.489044189453,0.507243871688843
3,210.709487915039,0.489128023386002
3,211.929931640625,0.47101217508316
3,213.150375366211,0.452896326780319
3,214.370819091797,0.434780478477478
3,215.591262817383,0.416664630174637
3,216.811706542969,0.398548781871796
3,218.032150268555,0.380432933568954
3,219.252593994141,0.362317085266113
3,220.473037719727,0.434780120849609
3,221.693481445313,0.465835839509964
3,222.913925170898,0.496891558170319
3,224.134368896484,0.527947306632996
3,225.35481262207,0.559003055095673
3,226.575256347656,0.59005880355835
3,227.795700073242,0.621114552021027
3,229.016143798828,0.652170300483704
3,230.236587524414,0.683226048946381
3,231.45703125,0.714281797409058
3,232.677474975586,0.745337545871735
3,233.897918701172,0.776393294334412
3,235.118362426758,0.807449042797089
3,236.338806152344,0.838504791259766
3,237.55924987793,0.869560241699219
3,238.779693603516,0.869560241699219
3,240.000137329102,0.869560241699219
1,86.9565277099609,36.0869522094727
1,87.5005874633789,36.9565238952637
1,88.0446472167969,35.6521759033203
1,88.5887069702148,35.5072441101074
1,89.1327667236328,35.3623161315918
1,89.6768264770508,35.2173881530762
1,90.2208862304688,35.2834442952412
1,90.7649459838867,35.0390631859127
1,91.3090057373047,34.7946820765841
1,91.8530654907227,34.5503009672556
1,92.3971252441406,34.305919857927
1,92.9411849975586,34.0615387485984
1,93.4852447509766,33.8171576392699
1,94.0293045043945,33.5727765299413
1,94.5733642578125,33.3283954206127
1,95.1174240112305,33.0840143112842
1,95.6614837646484,32.8396332019556
1,96.2055435180664,32.595252092627
1,96.7496032714844,32.3508709832985
1,97.2936630249023,32.1064898739699
1,97.8377227783203,31.8621087646413
1,98.3817825317383,31.6177276553128
1,98.9258422851563,31.3733465459842
1,99.4699020385742,31.1289654366557
1,100.013961791992,30.8845843273271
1,100.55802154541,30.6402032179985
1,101.102081298828,30.39582210867
1,101.646141052246,30.1514409993414
1,102.190200805664,29.9070598900129
1,102.734260559082,29.6626787806843
1,103.2783203125,29.4182976713557
1,103.822380065918,29.1739165620272
1,104.366439819336,28.9295354526986
1,104.910499572754,28.6851543433701
1,105.454559326172,28.4407732340415
1,105.99861907959,28.1963921247129
1,106.542678833008,27.9520110153844
1,107.086738586426,27.7076299060558
1,107.630798339844,27.4632487967272
1,108.174858093262,27.2188676873987
1,108.71891784668,26.9744865780701
1,109.262977600098,26.7301054687416
1,109.807037353516,26.485724359413
1,110.351097106934,26.2413432500844
1,110.895156860352,25.9969621407559
1,111.43921661377,25.7525810314273
1,111.983276367188,25.5081999220988
1,112.527336120605,25.2638188127702
1,113.071395874023,25.0194377034416
1,113.615455627441,24.7750565941131
1,114.159515380859,24.5306754847845
1,114.703575134277,24.286294375456
1,115.247634887695,24.0419132661274
1,115.791694641113,23.7975321567988
1,116.335754394531,23.5531510474703
1,116.879814147949,23.3087699381417
1,117.423873901367,23.0643888288131
1,117.967933654785,22.8200077194846
1,118.511993408203,22.575626610156
1,119.056053161621,22.3312455008275
1,119.600112915039,22.0868643914989
1,120.144172668457,21.8424832821703
1,120.688232421875,21.5981021728418
1,121.232292175293,21.3537210635132
1,121.776351928711,21.1093399541847
1,122.320411682129,20.8649588448561
1,122.864471435547,20.6205777355275
1,123.408531188965,20.376196626199
1,123.952590942383,20.1318155168704
1,124.496650695801,19.8874344075419
1,125.040710449219,19.6430532982133
1,125.584770202637,19.3986721888847
1,126.128829956055,19.1542910795562
1,126.672889709473,18.9099099702276
1,127.216949462891,18.665528860899
1,127.761009216309,18.4211477515705
1,128.305068969727,18.1767666422419
1,128.84912109375,17.9323855329134
1,129.393173217773,17.6880044235848
1,129.937225341797,17.4436233142562
1,130.48127746582,17.1992422049277
1,131.025329589844,16.9548610955991
1,131.569381713867,16.7104799862706
1,132.113433837891,16.466098876942
1,132.657485961914,16.2217177676134
1,133.201538085938,15.9773366582849
1,133.745590209961,15.7329555489563
1,134.289642333984,15.4885744396278
1,134.833694458008,15.2441933302992
1,135.377746582031,14.9998122209706
1,135.921798706055,14.7554311116421
1,136.465850830078,14.5110500023135
1,137.009902954102,14.2666688929849
1,137.553955078125,14.0222877836564
1,138.098007202148,13.7779066743278
1,138.642059326172,13.5335255649993
1,139.186111450195,13.2891444556707
1,139.730163574219,13.0447633463421
1,140.274215698242,12.8003822370136
1,140.818267822266,12.556001127685
1,141.362319946289,12.3116200183565
1,141.906372070313,12.0672389090279
1,142.450424194336,11.8228577996993
1,142.994476318359,11.5784766903708
1,143.538528442383,11.3340955810422
1,144.082580566406,11.0897144717137
1,144.62663269043,10.8453333623851
1,145.170684814453,10.6009522530565
1,145.714736938477,10.356571143728
1,146.2587890625,10.1121900343994
1,146.802841186523,9.86780892507085
1,147.346893310547,9.62342781574229
1,147.89094543457,9.37904670641373
1,148.434997558594,9.13466559708517
1,148.979049682617,8.89028448775661
1,149.523101806641,8.64590337842805
1,150.067153930664,8.40152226909948
-1,150.611206054688,8.15714115977092
#MOTOR_B1
0,100,51.0263938903809
0,100,51.0190625003662
0,100,51.0117311103515
0,100,51.0043997203368
0,100,50.9970683303222
0,100,50.9897369403075
0,100,50.9824055502928
0,100,50.9750741602782
0,100,50.9677427702635
0,100,50.9604113802488
0,100,50.9530799902342
0,100,50.9457486002195
0,100,50.9384172102048
0,100,50.9310858201901
0,100,50.9237544301755
0,100,50.9164230401608
0,100,50.9090916501461
0,100,50.9017602601315
0,100,50.8944288701168
0,100,50.8870974801021
0,100,50.8797660900875
0,100,50.8724347000728
0,100,50.8651033100581
0,100,50.8577719200434
0,100,50.8504405300288
0,100,50.8431091400141
0,100,50.8357777499994
0,100,50.8284463599848
0,100,50.8211149699701
0,100,50.8137835799554
0,100,50.8064521899408
0,100,50.7991207999261
0,100,50.7917894099114
0,100,50.7844580198967
0,100,50.7771266298821
0,100,50.7697952398674
0,100,50.7624638498527
0,100,50.7551324598381
0,100.636940002441,50.7478010698234
0,100.618206434556,50.7404696798087
0,100.599472866671,50.7331382897941
0,100.580739298786,50.7258068997794
0,100.562005730901,50.7184755097647
0,100.543272163016,51.0263938903809
0,100.524538595131,50.8209284998254
0,100.505805027246,50.6154631092699
0,100.487071459361,50.4099977187144
0,100.468337891475,50.204532328159
0,100.44960432359,49.9990669376035
0,100.430870755705,49.793601547048
0,100.41213718782,49.5881361564925
0,100.393403619935,49.3826707659371
0,100.37467005205,49.1772053753816
0,100.355936484165,48.9717399848261
0,100.33720291628,48.7662745942706
0,100.318469348395,48.5608092037152
0,100.299735780509,48.3553438131597
0,100.281002212624,48.1498784226042
0,100.636940002441,47.9444130320487
0,100.636940046987,47.7389476414933
0,100.636940091532,47.5334822509378
0,100.636940136077,47.3280168603823
0,100.636940180623,47.1225514698268
0,100.636940225168,46.9170860792714
0,100.636940269713,46.7116206887159
0,100.636940314259,46.5061552981604
0,100.636940358804,46.3006899076049
0,100.636940403349,46.0952245170495
0,100.636940447894,45.889759126494
0,100.63694049244,45.6842937359385
0,100.636940536985,45.4788283453831
0,100.63694058153,45.2733629548276
0,100.636940626076,45.0678975642721
0,100.636940670621,44.8624321737166
0,100.636940715166,44.6569667831612
0,100.636940759712,44.4515013926057
0,100.636940804257,44.2460360020502
0,100.636940848802,44.0405706114947
0,100.636940893347,43.8351052209393
0,100.636940937893,43.6296398303838
0,100.636940982438,43.4241744398283
0,100.636941026983,43.2187090492728
0,100.636941071529,43.0132436587174
0,100.636941116074,42.8077782681619
0,100.636941160619,42.6023128776064
0,100.636941205165,42.3968474870509
0,100.63694124971,42.1913820964955
0,100.636941294255,41.98591670594
0,100.6369413388,41.7804513153845
0,100.636941383346,41.574985924829
0,100.636941427891,41.3695205342736
0,100.636941472436,41.1640551437181
0,100.636941516982,40.9585897531626
0,100.636941561527,40.7531243626071
0,100.636941606072,40.5476589720517
0,100.636941650618,40.3421935814962
0,100.636941695163,40.1367281909407
0,100.636941739708,39.9312628003852
0,100.636941784254,39.7257974098298
0,100.636941828799,39.5203320192743
0,100.636941873344,39.3148666287188
0,100.636941917889,39.1094012381633
0,100.636941962435,38.9039358476079
0,100.63694200698,38.6984704570524
0,100.636942051525,38.4930050664969
0,100.636942096071,38.2875396759414
0,100.636942140616,38.082074285386
0,100.636942185161,37.8766088948305
0,99.7067448680352,37.671143504275
0,99.7501901866978,37.4656781137195
0,99.7936355053605,37.2602127231641
0,99.8370808240231,37.0547473326086
0,99.8805261426858,36.8492819420531
0,99.9239714613484,36.6438165514977
0,99.9674167800111,36.4383511609422
0,100.010862098674,36.2328857703867
0,100.054307417336,36.0274203798312
0,100.097752735999,35.8219549892758
0,100.141198054662,35.6164895987203
0,100.184643373324,35.4110242081648
0,100.228088691987,35.2055588176093
0,100.27153401065,35.0000934270539
0,100.314979329312,34.7946280364984
0,100.358424647975,34.5891626459429
0,100.401869966638,34.3836972553874
0,100.4453152853,34.178231864832
0,100.488760603963,33.9727664742765
0,100.532205922626,33.767301083721
0,100.575651241288,33.5618356931655
0,100.619096559951,33.3563703026101
0,100.662541878613,33.1509049120546
0,100.705987197276,32.9454395214991
0,100.749432515939,32.7399741309436
0,100.792877834601,32.5345087403882
0,100.836323153264,32.3290433498327
0,100,31.5999984741211
0,100,31.1515140533447
0,101.195960998535,30.7030296325684
0,102.39192199707,30.254545211792
0,103.587882995605,29.8060607910156
0,104.783843994141,29.3575763702393
0,105.979804992676,28.9090919494629
0,107.175765991211,28.4606075286865
0,108.371726989746,28.0121231079102
0,109.567687988281,27.5636386871338
0,110.763648986816,27.1151542663574
0,111.959609985352,26.6666698455811
0,113.155570983887,26.2181854248047
0,114.351531982422,25.7697010040283
0,115.547492980957,25.321216583252
0,116.743453979492,24.8727321624756
0,117.939414978027,24.4242477416992
0,119.135375976563,23.9757633209229
0,120.331336975098,23.5272789001465
0,121.527297973633,23.0787944793701
0,122.723258972168,22.6303100585938
0,123.919219970703,22.1818256378174
0,125.115180969238,21.733341217041
0,126.311141967773,21.2848567962646
0,127.507102966309,20.8363723754883
0,128.703063964844,20.3878879547119
0,129.899017333984,19.9394035339355
0,131.094970703125,19.4909191131592
0,132.290924072266,19.0424346923828
0,133.486877441406,18.5939502716064
0,134.682830810547,18.1454658508301
0,135.878784179688,17.6969814300537
0,137.074737548828,17.2484970092773
0,138.270690917969,16.800012588501
0,139.466644287109,16.3515281677246
0,140.66259765625,15.9030437469482
0,141.858551025391,15.4545593261719
0,143.054504394531,15.0060749053955
0,144.250457763672,14.5575904846191
0,145.446411132813,14.1091060638428
0,146.642364501953,13.6606216430664
0,147.838317871094,13.21213722229
0,149.034271240234,12.7636528015137
0,150.230224609375,12.3151683807373
0,151.426177978516,11.8666839599609
0,152.622131347656,11.4181995391846
0,153.818084716797,10.9697151184082
0,155.014038085938,10.5212306976318
0,156.209991455078,10.0727462768555
0,157.405944824219,9.6242618560791
0,158.601898193359,9.17577743530273
0,159.7978515625,8.72729301452637
0,160.993804931641,8.27880859375
0,162.189758300781,7.83032369613647
0,163.385711669922,7.38183879852295
0,164.581665039063,6.93335390090942
0,165.777618408203,6.4848690032959
0,166.973571777344,6.03638410568237
0,168.169525146484,5.58789920806885
0,169.365478515625,5.13941431045532
0,170.561431884766,4.6909294128418
0,171.757385253906,4.24244451522827
0,172.953338623047,3.79395961761475
0,174.149291992188,3.34547472000122
0,175.345245361328,2.8969898223877
0,176.541198730469,2.44850492477417
0,177.737152099609,1.99999809265137
0,178.93310546875,1.95293915271759
0,180.129058837891,1.90588021278381
0,181.325012207031,1.85882127285004
0,182.520965576172,1.81176233291626
0,183.716918945313,1.76470339298248
0,184.912872314453,1.71764445304871
0,186.108825683594,1.67058551311493
0,187.304779052734,1.62352657318115
0,188.500732421875,1.57646763324738
0,189.696685791016,1.5294086933136
0,190.892639160156,1.48234975337982
0,192.088592529297,1.43529081344604
0,193.284545898438,1.38823187351227
0,194.480499267578,1.34117293357849
0,195.676452636719,1.29411399364471
0,196.872406005859,1.24705505371094
0,198.068359375,1.19999611377716
0,199.264312744141,1.15293717384338
0,200.460266113281,1.10587823390961
0,201.656219482422,1.05881929397583
0,202.852172851563,1.01176035404205
0,204.048126220703,0.964701414108276
0,205.244079589844,0.9176424741745
0,206.440032958984,0.870583534240723
0,207.635986328125,0.823524594306946
0,208.831939697266,0.776465654373169
0,210.027893066406,0.729406714439392
0,211.223846435547,0.682347774505615
0,212.419799804688,0.635288834571838
0,213.615753173828,0.588229894638062
0,214.811706542969,0.541170954704285
0,216.007659912109,0.494112014770508
0,217.20361328125,0.447053074836731
0,218.399566650391,0.399994134902954
2,59.9999923706055,2.79999971389771
2,60.2425117492676,3.59999990463257
2,60.4850311279297,4.40000009536743
2,60.7275505065918,5.20000028610229
2,60.9700698852539,6.00000047683716
2,61.212589263916,6.80000066757202
2,61.4551086425781,7.60000085830688
2,61.6976280212402,8.40000152587891
2,61.9401473999023,9.20000171661377
2,62.1826667785645,10.0000019073486
2,62.4251861572266,10.8000020980835
2,62.6677055358887,11.6000022888184
2,62.9102249145508,12.4000024795532
2,63.1527442932129,13.2000026702881
2,63.395263671875,14.0000028610229
2,63.6377830505371,14.8000030517578
2,63.8803024291992,15.6000032424927
2,64.1228256225586,16.4000034332275
2,64.365348815918,17.2000045776367
2,64.6078720092773,18.0000057220459
2,64.8503952026367,18.8000068664551
2,65.0929183959961,19.6000080108643
2,65.3354415893555,20.4000091552734
2,65.5779647827148,21.2000102996826
2,65.8204879760742,22.2459387890983
2,66.0630111694336,22.3102954071376
2,66.305534362793,22.3746520251769
2,66.5480575561523,22.4390086432162
2,66.7905807495117,22.5033652612555
2,67.0331039428711,22.5677218792947
2,67.2756271362305,22.632078497334
2,67.5181503295898,22.6964351153733
2,67.7606735229492,22.7607917334126
2,68.0031967163086,22.8251483514519
2,68.245719909668,22.8895049694912
2,68.4882431030273,22.9538615875305
2,68.7307662963867,23.0182182055698
2,68.9732894897461,23.0825748236091
2,69.2158126831055,23.1469314416484
2,69.4583358764648,23.2112880596877
2,69.7008590698242,23.275644677727
2,69.9433822631836,23.3400012957663
2,70.185905456543,23.4043579138056
2,70.4284286499023,23.4687145318449
2,70.6709518432617,23.5330711498842
2,70.9134750366211,23.5974277679235
2,71.1559982299805,23.6617843859628
2,71.3985214233398,23.7261410040021
2,71.6410446166992,23.7904976220414
2,71.8835678100586,23.8548542400807
2,72.126091003418,23.91921085812
2,72.3686141967773,23.9835674761593
2,72.6111373901367,24.0479240941986
2,72.8536605834961,24.1122807122379
2,73.0961837768555,24.1766373302772
2,73.3387069702148,24.2409939483165
2,73.5812301635742,24.3053505663558
2,73.8237533569336,24.3697071843951
2,74.066276550293,24.4340638024344
2,74.3087997436523,24.4984204204737
2,74.5513229370117,24.562777038513
2,74.7938461303711,24.6271336565523
2,75.0363693237305,24.6914902745916
2,75.2788925170898,24.7558468926309
2,75.5214157104492,24.8202035106702
2,75.7639389038086,24.8845601287095
2,76.006462097168,24.9489167467488
2,76.2489852905273,25.0132733647881
2,76.4915084838867,25.0776299828274
2,76.7340316772461,25.1419866008667
2,76.9765548706055,25.206343218906
2,77.2190780639648,25.2706998369453
2,77.4616012573242,25.3350564549846
2,77.7041244506836,25.3994130730239
2,77.946647644043,25.4637696910632
2,78.1891708374023,25.5281263091025
2,78.4316940307617,25.5924829271418
2,78.6742172241211,25.6568395451811
2,78.9167404174805,25.7211961632204
2,79.1592636108398,25.7855527812597
2,79.4017868041992,25.8499093992989
2,79.6443099975586,25.9142660173382
2,79.886833190918,25.9786226353775
2,80.1293563842773,26.0429792534168
2,80.3718795776367,26.1073358714561
2,80.6144027709961,26.1716924894954
2,80.8569259643555,26.2360491075347
2,81.0994491577148,26.300405725574
2,81.3419723510742,26.3647623436133
2,81.5844955444336,26.4291189616526
2,81.827018737793,26.4934755796919
2,82.0695419311523,26.5578321977312
2,82.3120651245117,26.6221888157705
2,82.5545883178711,26.6865454338098
2,82.7971115112305,26.7509020518491
2,83.0396347045898,26.8152586698884
2,83.2821578979492,26.8796152879277
2,83.5246810913086,26.943971905967
2,83.767204284668,27.0083285240063
2,84.0097274780273,27.0726851420456
2,84.2522506713867,27.1370417600849
2,84.4947738647461,27.2013983781242
2,84.7372970581055,27.2657549961635
2,84.9798202514648,27.3301116142028
2,85.2223434448242,27.3944682322421
2,85.4648666381836,27.4588248502814
2,85.707389831543,27.5231814683207
2,85.9499130249023,27.58753808636
2,86.1924362182617,27.6518947043993
2,86.4349594116211,27.7162513224386
2,86.6774826049805,27.7806079404779
2,86.9200057983398,27.8449645585172
2,87.1625289916992,27.9093211765565
2,87.4050521850586,27.9736777945958
2,87.647575378418,28.0380344126351
2,87.8900985717773,28.1023910306744
2,88.1326217651367,28.1667476487137
2,88.3751449584961,28.231104266753
2,88.6176681518555,28.2954608847923
2,88.8601913452148,28.3598175028316
2,89.1027145385742,28.4241741208709
2,89.3452377319336,28.4885307389102
2,89.587760925293,28.5528873569495
2,89.8302841186523,28.6172439749888
2,90.0728073120117,28.6816005930281
2,90.3153305053711,28.7459572110674
2,90.5578536987305,28.8103138291067
2,90.8003768920898,28.874670447146
2,91.0429000854492,28.9390270651853
2,91.2854232788086,29.0033836832246
2,91.527946472168,29.0677403012639
2,91.7704696655273,29.1320969193031
2,92.0129928588867,29.1964535373424
2,92.2555160522461,29.2608101553817
2,92.4980392456055,29.325166773421
2,92.7405624389648,29.3895233914603
2,92.9830856323242,29.4538800094996
2,93.2256088256836,29.5182366275389
2,93.468132019043,29.5825932455782
2,93.7106552124023,29.6469498636175
2,93.9531784057617,29.7113064816568
2,94.1957015991211,29.7756630996961
2,94.4382247924805,29.8400197177354
2,94.6807479858398,29.9043763357747
2,94.9232711791992,29.968732953814
2,95.1657943725586,30.0330895718533
2,95.408317565918,30.0974461898926
2,95.6508407592773,30.1618028079319
2,95.8933639526367,30.2261594259712
2,96.1358871459961,30.2905160440105
2,96.3784103393555,30.3548726620498
2,96.6209335327148,30.4192292800891
2,96.8634567260742,30.4835858981284
2,97.1059799194336,30.5479425161677
2,97.348503112793,30.612299134207
2,97.5910263061523,30.6766557522463
2,97.8335494995117,30.7410123702856
2,98.0760726928711,30.8053689883249
2,98.3185958862305,30.8697256063642
2,98.5611190795898,30.9340822244035
2,98.8036422729492,30.9984388424428
2,99.0461654663086,31.0627954604821
2,99.288688659668,31.1271520785214
2,99.5312118530273,31.1915086965607
2,99.7737350463867,31.2558653146
2,100.016258239746,31.3202219326393
2,100.258781433105,31.3845785506786
2,100.501304626465,31.4489351687179
2,100.743827819824,31.5132917867572
2,100.986351013184,31.5776484047965
2,101.228874206543,31.6420050228358
2,101.471397399902,31.7063616408751
2,101.713920593262,31.7707182589144
2,101.956443786621,31.8350748769537
2,102.19896697998,31.899431494993
2,102.44149017334,31.9637881130323
2,102.684013366699,32.0281447310716
2,102.926536560059,32.0925013491109
2,103.169059753418,32.1568579671502
2,103.411582946777,32.2212145851895
2,103.654106140137,32.2855712032287
2,103.896629333496,32.349927821268
2,104.139152526855,32.4142844393073
2,104.381675720215,32.4786410573466
2,104.624198913574,32.5429976753859
2,104.866722106934,32.6073542934252
2,105.109245300293,32.6717109114645
2,105.351768493652,32.7360675295038
2,105.594291687012,32.8004241475431
2,105.836814880371,32.8647807655824
2,106.07933807373,32.9291373836217
2,106.32186126709,32.993494001661
2,106.564384460449,33.0578506197003
2,106.806907653809,33.1222072377396
2,107.049430847168,33.1865638557789
2,107.291954040527,33.2509204738182
2,107.534477233887,33.3152770918575
2,107.777000427246,33.3796337098968
2,108.019523620605,33.4439903279361
2,108.262046813965,33.5083469459754
2,108.504570007324,33.5727035640147
2,108.747093200684,33.637060182054
2,108.989616394043,33.7014168000933
2,109.232139587402,33.7657734181326
2,109.474662780762,33.8301300361719
2,109.717185974121,33.8944866542112
2,109.95970916748,33.9588432722505
2,110.20223236084,34.0231998902898
2,110.444755554199,34.0875565083291
2,110.687278747559,34.1519131263684
2,110.929801940918,34.2162697444077
2,111.172325134277,34.280626362447
2,111.414848327637,34.3449829804863
2,111.657371520996,34.4093395985256
2,111.899894714355,34.4736962165649
2,112.142417907715,34.5380528346042
2,112.384941101074,34.6024094526435
2,112.627464294434,34.6667660706828
2,112.869987487793,34.7311226887221
2,113.112510681152,34.7954793067614
2,113.355033874512,34.8598359248007
2,113.597557067871,34.92419254284
2,113.84008026123,34.9885491608793
2,114.08260345459,35.0529057789186
2,114.325126647949,35.1172623969579
2,114.567649841309,35.1816190149972
2,114.810173034668,35.2459756330365
2,115.052696228027,35.3103322510758
2,115.295219421387,35.3746888691151
2,115.537742614746,35.4390454871544
2,115.780265808105,35.5034021051937
2,116.022789001465,35.5677587232329
2,116.265312194824,35.6321153412722
2,116.507835388184,35.6964719593115
2,116.750358581543,35.7608285773508
2,116.992881774902,35.8251851953901
2,117.235404968262,35.8895418134294
2,117.477928161621,35.9538984314687
2,117.72045135498,36.018255049508
2,117.96297454834,36.0826116675473
2,118.205497741699,36.1469682855866
2,118.448020935059,36.2113249036259
2,118.690544128418,36.2756815216652
2,118.933067321777,36.3400381397045
2,119.175590515137,36.4043947577438
2,119.418113708496,36.4687513757831
2,119.660636901855,36.5331079938224
2,119.903160095215,36.5974646118617
2,120.145683288574,36.661821229901
2,120.388206481934,36.7261778479403
2,120.630729675293,36.7905344659796
2,120.873252868652,36.8548910840189
2,121.115776062012,36.9192477020582
2,121.358299255371,36.9836043200975
2,121.60082244873,37.0479609381368
2,126.953575134277,37.1123175561761
2,127.191711425781,37.1766741742154
2,127.429847717285,37.2410307922547
2,127.667984008789,37.305387410294
2,127.906120300293,37.3697440283333
2,128.144256591797,37.4341006463726
2,128.382400512695,37.4984572644119
2,128.620544433594,37.5628138824512
2,128.858688354492,37.6271705004905
2,129.096832275391,37.6915271185298
2,129.334976196289,37.7558837365691
2,129.573120117188,37.8202403546084
2,129.811264038086,37.8845969726477
2,130.049407958984,37.948953590687
2,130.287551879883,38.0133102087263
2,130.525695800781,38.0776668267656
2,130.76383972168,38.1420234448049
2,131.001983642578,38.2063800628442
2,131.240127563477,38.2707366808835
2,131.478271484375,38.3350932989228
2,131.716415405273,38.3994499169621
2,131.954559326172,38.4638065350014
2,132.19270324707,38.5281631530407
2,132.430847167969,38.59251977108
2,132.668991088867,38.6568763891193
2,132.907135009766,38.7212330071586
2,133.145278930664,38.7855896251979
2,133.383422851563,38.8499462432371
2,133.621566772461,38.9143028612764
2,133.859710693359,38.9786594793157
2,134.097854614258,39.043016097355
2,134.335998535156,39.1073727153943
2,134.574142456055,39.1717293334336
2,134.812286376953,39.2360859514729
2,135.050430297852,39.3004425695122
2,135.28857421875,39.3647991875515
2,135.526718139648,39.4291558055908
2,135.764862060547,39.4935124236301
2,136.003005981445,39.5578690416694
2,136.241149902344,39.6222256597087
2,136.479293823242,39.686582277748
2,136.717437744141,39.7509388957873
2,136.955581665039,39.8152955138266
2,137.193725585938,39.8796521318659
2,137.431869506836,39.9440087499052
2,137.670013427734,40.0083653679445
2,137.908157348633,40.0727219859838
2,138.146301269531,40.1370786040231
2,138.38444519043,40.2014352220624
2,138.622589111328,40.2657918401017
2,138.860733032227,40.330148458141
2,139.098876953125,40.3945050761803
2,139.337020874023,40.4588616942196
2,139.575164794922,40.5232183122589
2,139.81330871582,40.5875749302982
2,140.051452636719,40.6519315483375
2,140.289596557617,40.7162881663768
2,140.527740478516,40.7806447844161
2,140.765884399414,40.8450014024554
2,141.004028320313,40.9093580204947
2,141.242172241211,40.973714638534
2,141.480316162109,41.0380712565733
2,141.718460083008,41.1024278746126
2,141.956604003906,41.1667844926519
2,142.194747924805,41.2311411106912
2,142.432891845703,41.2954977287305
2,142.671035766602,41.3598543467698
2,142.9091796875,41.4242109648091
2,143.147323608398,41.4885675828484
2,143.385467529297,41.5529242008877
2,143.623611450195,41.617280818927
2,143.861755371094,41.6816374369663
2,144.099899291992,41.7459940550056
2,144.338043212891,41.8103506730449
2,144.576187133789,41.8747072910842
2,144.814331054688,41.9390639091235
2,145.052474975586,42.0034205271628
2,145.290618896484,42.0677771452021
2,145.528762817383,42.1321337632413
2,145.766906738281,42.1964903812806
2,146.00505065918,42.2608469993199
2,146.243194580078,42.3252036173592
2,146.481338500977,42.3895602353985
2,146.719482421875,42.4539168534378
2,146.957626342773,42.5182734714771
2,147.195770263672,42.5826300895164
2,147.43391418457,42.6469867075557
2,147.672058105469,42.711343325595
2,147.910202026367,42.7756999436343
2,148.148345947266,42.8400565616736
2,148.386489868164,42.9044131797129
2,148.624633789063,42.9687697977522
2,148.862777709961,43.0331264157915
2,149.100921630859,43.0974830338308
2,149.339065551758,43.1618396518701
2,149.577209472656,43.2261962699094
2,149.815353393555,43.2905528879487
2,150.053497314453,43.354909505988
2,150.291641235352,43.4192661240273
2,150.52978515625,43.4836227420666
2,150.767929077148,43.5479793601059
2,151.006072998047,43.6123359781452
2,151.244216918945,43.6766925961845
2,151.482360839844,43.7410492142238
2,151.720504760742,43.8054058322631
2,151.958648681641,43.8697624503024
2,152.196792602539,43.9341190683417
2,152.434936523438,43.998475686381
2,152.673080444336,44.0628323044203
2,152.911224365234,44.1271889224596
2,153.149368286133,44.1915455404989
2,153.387512207031,44.2559021585382
2,153.62565612793,44.3202587765775
2,153.863800048828,44.3846153946168
2,154.101943969727,44.4489720126561
2,154.340087890625,44.5133286306954
2,154.578231811523,44.5776852487347
2,154.816375732422,44.642041866774
2,155.05451965332,44.7063984848133
2,155.292663574219,44.7707551028526
2,155.530807495117,44.8351117208919
2,155.768951416016,44.8994683389312
2,156.007095336914,44.9638249569705
2,156.245239257813,45.0281815750098
2,156.483383178711,45.0925381930491
2,156.721527099609,45.1568948110884
2,156.959671020508,45.2212514291277
2,157.197814941406,45.285608047167
2,157.435958862305,45.3499646652063
2,157.674102783203,45.4143212832455
2,157.912246704102,45.4786779012848
2,158.150390625,45.5430345193241
2,158.388534545898,45.6073911373634
2,158.626678466797,45.6717477554027
2,158.864822387695,45.736104373442
2,159.102966308594,45.8004609914813
2,159.341110229492,45.8648176095206
2,159.579254150391,45.9291742275599
2,159.817398071289,45.9935308455992
2,160.055541992188,46.0578874636385
2,160.293685913086,46.1222440816778
2,160.531829833984,46.1866006997171
2,160.769973754883,46.2509573177564
2,161.008117675781,46.3153139357957
2,161.24626159668,46.379670553835
2,161.484405517578,46.4440271718743
2,161.722549438477,46.5083837899136
2,161.960693359375,46.5727404079529
2,162.198837280273,46.6370970259922
2,162.436981201172,46.7014536440315
2,162.67512512207,46.7658102620708
2,162.913269042969,46.8301668801101
2,163.151412963867,46.8945234981494
2,163.389556884766,46.9588801161887
2,163.627700805664,47.023236734228
2,163.865844726563,47.0875933522673
2,164.103988647461,47.1519499703066
2,164.342132568359,47.2163065883459
2,164.580276489258,47.2806632063852
2,164.818420410156,47.3450198244245
2,165.056564331055,47.4093764424638
2,165.294708251953,47.4737330605031
2,165.532852172852,47.5380896785424
2,165.77099609375,47.6024462965817
2,166.009140014648,47.666802914621
2,166.247283935547,47.7311595326603
2,166.485427856445,47.7955161506996
2,166.723571777344,47.8598727687389
2,166.961715698242,47.9242293867782
2,167.199859619141,47.9885860048175
2,170.566676980077,48.0529426228568
2,170.799834139652,48.1172992408961
2,171.032991299227,48.1816558589354
2,171.266148458803,48.2460124769747
2,171.499305618378,48.310369095014
2,171.732462777953,48.3747257130533
2,171.965619937528,48.4390823310926
2,172.198777097103,48.5034389491319
2,172.431934256678,48.5677955671712
2,172.665091416253,48.6321521852105
2,172.898248575828,48.6965088032497
2,173.131405735403,48.760865421289
2,173.364562894978,48.8252220393283
2,173.597720054553,48.8895786573676
2,173.830877214129,48.9539352754069
2,174.064034373704,49.0182918934462
2,174.297191533279,49.0826485114855
2,174.530348692854,49.1470051295248
2,174.763505852429,49.2113617475641
2,174.996663012004,49.2757183656034
2,175.229820171579,49.3400749836427
2,175.462977331154,49.404431601682
2,175.696134490729,49.4687882197213
2,175.929291650304,49.5331448377606
2,176.162448809879,49.5975014557999
2,176.395605969454,49.6618580738392
2,176.62876312903,49.7262146918785
2,176.861920288605,49.7905713099178
2,177.09507744818,49.8549279279571
2,177.328234607755,49.9192845459964
2,177.56139176733,49.9836411640357
2,177.794548926905,50.047997782075
2,178.02770608648,50.1123544001143
2,178.260863246055,50.1767110181536
2,178.49402040563,50.2410676361929
2,178.727177565205,50.3054242542322
2,178.96033472478,50.3697808722715
2,179.193491884355,50.4341374903108
2,179.426649043931,50.4984941083501
2,179.659806203506,50.5628507263894
2,179.892963363081,50.6272073444287
2,180.126120522656,50.691563962468
2,180.359277682231,50.7559205805073
2,180.592434841806,50.8202771985466
2,180.825592001381,50.8846338165859
2,181.058749160956,50.9489904346252
2,181.291906320531,51.0133470526645
2,181.525063480106,51.0777036707038
2,181.758220639681,51.1420602887431
2,181.991377799257,51.2064169067824
2,182.224534958832,51.2707735248217
2,182.457692118407,51.335130142861
2,182.690849277982,51.3994867609003
2,182.924006437557,51.4638433789396
2,183.157163597132,51.5281999969789
2,183.390320756707,51.5925566150182
2,183.623477916282,51.6569132330575
2,183.856635075857,51.7212698510968
2,184.089792235432,51.7856264691361
2,184.322949395007,51.8499830871754
2,184.556106554582,51.9143397052147
2,184.789263714158,51.9786963232539
2,185.022420873733,52.0430529412932
2,185.255578033308,52.1074095593325
2,185.488735192883,52.1717661773718
2,185.721892352458,52.2361227954111
2,185.955049512033,52.3004794134504
2,186.188206671608,52.3648360314897
2,186.421363831183,52.429192649529
2,186.654520990758,52.4935492675683
2,186.887678150333,52.5579058856076
2,187.120835309908,52.6222625036469
2,187.353992469484,52.6866191216862
2,187.587149629059,52.7509757397255
2,187.820306788634,52.8153323577648
2,188.053463948209,52.8796889758041
2,188.286621107784,52.9440455938434
2,188.519778267359,53.0084022118827
2,188.752935426934,53.072758829922
2,188.986092586509,53.1371154479613
2,189.219249746084,53.2014720660006
2,189.452406905659,53.2658286840399
2,189.685564065234,53.3301853020792
2,189.918721224809,53.3945419201185
2,190.151878384385,53.4588985381578
2,190.38503554396,53.5232551561971
2,190.618192703535,53.5876117742364
2,190.85134986311,53.6519683922757
2,191.084507022685,53.716325010315
2,191.31766418226,53.7806816283543
2,191.550821341835,53.8450382463936
2,191.78397850141,53.9093948644329
2,192.017135660985,53.9737514824722
2,192.25029282056,54.0381081005115
2,192.483449980135,54.1024647185508
2,192.71660713971,54.1668213365901
2,192.949764299286,54.2311779546294
2,193.182921458861,54.2955345726687
2,193.416078618436,54.359891190708
2,193.649235778011,54.4242478087473
2,193.882392937586,54.4886044267866
2,194.115550097161,54.5529610448259
2,194.348707256736,54.6173176628652
2,194.581864416311,54.6816742809045
2,194.815021575886,54.7460308989438
2,195.048178735461,54.8103875169831
2,195.281335895036,54.8747441350224
2,195.514493054612,54.9391007530617
2,195.747650214187,55.003457371101
2,195.980807373762,55.0678139891403
2,196.213964533337,55.1321706071796
2,196.447121692912,55.1965272252189
2,196.680278852487,55.2608838432581
2,196.913436012062,55.3252404612974
2,197.146593171637,55.3895970793367
2,197.379750331212,55.453953697376
2,197.612907490787,55.5183103154153
2,197.846064650362,55.5826669334546
2,198.079221809937,55.6470235514939
2,198.312378969513,55.7113801695332
2,198.545536129088,55.7757367875725
2,198.778693288663,55.8400934056118
2,199.011850448238,55.9044500236511
2,199.245007607813,55.9688066416904
2,199.478164767388,56.0331632597297
2,199.711321926963,56.097519877769
2,199.944479086538,56.1618764958083
2,200.177636246113,56.2262331138476
2,200.410793405688,56.2905897318869
2,200.643950565263,56.3549463499262
2,200.877107724838,56.4193029679655
2,201.110264884414,56.4836595860048
2,201.343422043989,56.5480162040441
2,201.576579203564,56.6123728220834
2,201.809736363139,56.6767294401227
2,202.042893522714,56.741086058162
2,202.276050682289,56.8054426762013
2,202.509207841864,56.8697992942406
2,202.742365001439,56.9341559122799
2,202.975522161014,56.9985125303192
2,203.208679320589,57.0628691483585
2,203.441836480164,57.1272257663978
2,203.67499363974,57.1915823844371
2,203.908150799315,57.2559390024764
2,204.14130795889,57.3202956205157
2,204.374465118465,57.384652238555
2,204.60762227804,57.4490088565943
2,204.840779437615,57.5133654746336
2,205.07393659719,57.5777220926729
2,205.307093756765,57.6420787107122
2,205.54025091634,57.7064353287515
2,205.773408075915,57.7707919467908
2,206.00656523549,57.8351485648301
2,206.239722395065,57.8995051828694
2,206.472879554641,57.9638618009087
2,206.706036714216,58.028218418948
2,206.939193873791,58.0925750369873
2,207.172351033366,58.1569316550266
2,207.405508192941,58.2212882730659
2,207.638665352516,58.2856448911052
2,207.871822512091,58.3500015091445
2,208.104979671666,58.4143581271838
2,208.338136831241,58.4787147452231
2,208.571293990816,58.5430713632623
2,208.804451150391,58.6074279813016
2,209.037608309966,58.6717845993409
2,209.270765469542,58.7361412173802
2,209.503922629117,58.8004978354195
2,209.737079788692,58.8648544534588
2,209.970236948267,58.9292110714981
2,210.203394107842,58.9935676895374
2,210.436551267417,59.0579243075767
2,210.669708426992,59.122280925616
2,210.902865586567,59.1866375436553
2,211.136022746142,59.2509941616946
2,211.369179905717,59.3153507797339
2,211.602337065292,59.3797073977732
2,211.835494224868,59.4440640158125
2,212.068651384443,59.5084206338518
2,212.301808544018,59.5727772518911
2,212.534965703593,59.6371338699304
2,212.768122863168,59.7014904879697
2,213.001280022743,59.765847106009
2,213.234437182318,59.8302037240483
2,213.467594341893,59.8945603420876
2,213.700751501468,59.9589169601269
2,213.933908661043,60.0232735781662
2,214.167065820618,60.0876301962055
2,214.400222980193,60.1519868142448
2,214.633380139769,60.2163434322841
2,214.866537299344,60.2807000503234
2,215.099694458919,60.3450566683627
2,215.332851618494,60.409413286402
2,215.566008778069,60.4737699044413
2,215.799165937644,60.5381265224806
2,216.032323097219,60.6024831405199
2,216.265480256794,60.6668397585592
2,216.498637416369,60.7311963765985
2,216.731794575944,60.7955529946378
2,216.964951735519,60.8599096126771
2,217.198108895094,60.9242662307164
2,217.43126605467,60.9886228487557
2,217.664423214245,61.052979466795
2,217.89758037382,61.1173360848343
2,218.130737533395,61.1816927028736
2,218.36389469297,61.2460493209129
2,218.597051852545,61.3104059389522
2,218.83020901212,61.3747625569915
2,219.063366171695,61.4391191750308
2,219.29652333127,61.5034757930701
2,219.529680490845,61.5678324111094
2,219.76283765042,61.6321890291487
2,466.553797135656,61.696545647188
2,467.136601350951,61.7609022652273
2,467.719405566245,61.8252588832666
2,468.30220978154,61.8896155013058
2,468.885013996834,61.9539721193451
2,469.467818212129,62.0183287373844
2,470.050622427423,62.0826853554237
2,470.633426642718,62.147041973463
2,471.216230858012,62.2113985915023
2,471.799035073306,62.2757552095416
2,472.381839288601,62.3401118275809
2,472.964643503895,62.4044684456202
2,473.54744771919,62.4688250636595
2,474.130251934484,62.5331816816988
2,474.713056149779,62.5975382997381
2,475.295860365073,62.6618949177774
2,475.878664580368,62.7262515358167
2,476.461468795662,62.790608153856
2,477.044273010957,62.8549647718953
2,477.627077226251,62.9193213899346
2,478.209881441546,62.9836780079739
2,478.79268565684,63.0480346260132
2,479.375489872134,63.1123912440525
2,479.958294087429,63.1767478620918
2,480.541098302723,63.2411044801311
2,481.123902518018,40.3105593074545
2,481.706706733312,40.3416152089333
2,482.289510948607,40.3726711104121
2,482.872315163901,40.4037270118909
2,483.455119379196,40.4347829133696
2,484.03792359449,40.4658388148484
2,484.620727809785,40.4968947163272
2,485.203532025079,40.527950617806
2,485.786336240373,40.5590065192848
2,486.369140455668,40.5900624207635
2,486.951944670962,40.6211183222423
2,487.534748886257,40.6521742237211
2,488.117553101551,40.6832301251999
2,488.700357316846,40.7142860266787
2,489.28316153214,40.7453419281574
2,489.865965747435,40.7763978296362
2,490.448769962729,40.807453731115
2,491.031574178024,40.8385096325938
2,491.614378393318,40.8695655340726
2,492.197182608613,40.9006214355513
2,492.779986823907,40.9316773370301
2,493.362791039201,40.9627332385089
2,493.945595254496,40.9937891399877
2,494.52839946979,41.0248450414665
2,495.111203685085,41.0559009429452
2,495.694007900379,41.086956844424
2,496.276812115674,41.1180127459028
2,496.859616330968,41.1490686473816
2,497.442420546263,41.1801245488604
2,498.025224761557,41.2111804503391
2,498.608028976852,41.2422363518179
2,499.190833192146,41.2732922532967
2,499.773637407441,41.3043481547755
2,500.356441622735,41.3354040562543
2,500.939245838029,41.366459957733
2,501.522050053324,41.3975158592118
2,502.104854268618,41.4285717606906
2,502.687658483913,41.4596276621694
2,503.270462699207,41.4906835636482
2,503.853266914502,41.5217394651269
2,504.436071129796,41.5527953666057
2,505.018875345091,41.5838512680845
2,505.601679560385,41.6149071695633
2,506.18448377568,41.6459630710421
2,506.767287990974,41.6770189725208
2,507.350092206268,41.7080748739996
2,507.932896421563,41.7391307754784
2,508.515700636857,41.7701866769572
2,509.098504852152,41.801242578436
2,509.681309067446,41.8322984799147
2,510.264113282741,41.8633543813935
2,510.846917498035,41.8944102828723
2,511.42972171333,41.9254661843511
2,512.012525928624,41.9565220858299
2,512.595330143919,41.9875779873086
2,513.178134359213,42.0186338887874
2,513.760938574507,42.0496897902662
2,514.343742789802,42.080745691745
2,514.926547005096,42.1118015932238
2,515.509351220391,42.1428574947025
2,516.092155435685,42.1739133961813
2,516.67495965098,42.2049692976601
2,517.257763866274,42.2360251991389
2,517.840568081569,42.2670811006177
2,518.423372296863,42.2981370020964
2,519.006176512158,42.3291929035752
2,519.588980727452,42.360248805054
2,520.171784942747,42.3913047065328
2,520.754589158041,42.4223606080116
2,521.337393373335,42.4534165094903
2,521.92019758863,42.4844724109691
2,522.503001803924,42.5155283124479
2,523.085806019219,42.5465842139267
2,523.668610234513,42.5776401154055
2,524.251414449808,42.6086960168842
2,524.834218665102,42.639751918363
2,525.417022880397,42.6708078198418
2,525.999827095691,42.7018637213206
2,526.582631310986,42.7329196227994
2,527.16543552628,42.7639755242781
2,527.748239741574,42.7950314257569
2,528.331043956869,42.8260873272357
2,528.913848172163,42.8571432287145
2,529.496652387458,42.8881991301933
2,530.079456602752,42.919255031672
2,530.662260818047,42.9503109331508
2,531.245065033341,42.9813668346296
2,531.827869248636,43.0124227361084
2,532.41067346393,43.0434786375872
2,532.993477679225,43.0745345390659
2,533.576281894519,43.1055904405447
2,534.159086109814,43.1366463420235
2,534.741890325108,43.1677022435023
2,535.324694540402,43.198758144981
2,535.907498755697,43.2298140464598
2,536.490302970991,43.2608699479386
2,537.073107186286,43.2919258494174
2,537.65591140158,43.3229817508962
2,538.238715616875,43.3540376523749
2,538.821519832169,43.3850935538537
2,539.404324047464,43.4161494553325
2,539.987128262758,43.4472053568113
2,540.569932478053,43.4782612582901
2,541.152736693347,128
2,541.735540908642,128
2,542.318345123936,128
2,542.90114933923,128
2,543.483953554525,128
2,544.066757769819,128
2,544.649561985114,128
2,545.232366200408,128
2,545.815170415703,128
2,546.397974630997,128
2,546.980778846292,128
2,547.563583061586,128
2,548.146387276881,128
2,548.729191492175,128
2,549.311995707469,128
2,549.894799922764,128
2,550.477604138058,128
2,551.060408353353,128
2,551.643212568647,128
2,552.226016783942,128
2,552.808820999236,128
2,553.391625214531,128
2,553.974429429825,128
2,554.55723364512,128
2,555.140037860414,128
2,555.722842075709,128
2,556.305646291003,128
2,556.888450506297,128
2,557.471254721592,128
2,558.054058936886,128
2,558.636863152181,128
2,559.219667367475,128
2,559.80247158277,128
2,560.385275798064,128
2,560.968080013359,128
2,561.550884228653,128
2,562.133688443948,128
2,562.716492659242,128
2,563.299296874536,128
2,563.882101089831,128
2,564.464905305125,128
2,565.04770952042,128
2,565.630513735714,128
2,566.213317951009,128
2,566.796122166303,128
2,567.378926381598,128
2,567.961730596892,128
2,568.544534812187,128
2,569.127339027481,128
2,569.710143242776,128
2,570.29294745807,128
2,570.875751673364,128
2,571.458555888659,128
2,572.041360103953,128
2,572.624164319248,128
2,573.206968534542,128
2,573.789772749837,128
2,574.372576965131,128
2,574.955381180426,128
2,575.53818539572,128
2,576.120989611015,128
2,576.703793826309,128
2,577.286598041604,128
2,577.869402256898,128
2,578.452206472192,128
2,579.035010687487,128
2,579.617814902781,128
2,580.200619118076,128
2,580.78342333337,128
2,581.366227548665,128
2,581.949031763959,128
2,582.531835979254,128
2,583.114640194548,128
2,583.697444409843,128
2,584.280248625137,128
2,584.863052840431,128
2,585.445857055726,128
2,586.02866127102,128
2,586.611465486315,128
2,587.194269701609,128
2,587.777073916904,128
2,588.359878132198,128
2,588.942682347493,128
2,589.525486562787,128
2,590.108290778082,128
2,590.691094993376,128
2,591.273899208671,128
2,591.856703423965,128
2,592.439507639259,128
2,593.022311854554,128
2,593.605116069848,128
2,594.187920285143,128
2,594.770724500437,128
2,595.353528715732,128
2,595.936332931026,128
2,596.519137146321,128
2,597.101941361615,128
2,597.68474557691,128
2,598.267549792204,128
2,598.850354007498,128
2,599.433158222793,128
2,600.015962438087,128
2,600.598766653382,128
2,601.181570868676,128
2,601.764375083971,128
2,602.347179299265,128
2,602.92998351456,128
2,603.512787729854,128
2,604.095591945149,128
2,604.678396160443,128
2,605.261200375738,128
2,605.844004591032,128
2,606.426808806326,128
2,607.009613021621,128
2,607.592417236915,128
2,608.17522145221,128
2,608.758025667504,128
2,609.340829882799,128
2,609.923634098093,128
2,610.506438313388,128
2,611.089242528682,128
2,611.672046743977,128
2,612.254850959271,128
2,612.837655174566,128
2,613.42045938986,128
2,614.003263605154,128
2,614.586067820449,128
2,615.168872035743,128
2,615.751676251038,128
2,616.334480466332,128
2,616.917284681627,128
2,617.500088896921,128
2,618.082893112216,128
2,618.66569732751,128
2,619.248501542805,128
2,619.831305758099,128
2,620.414109973393,128
2,620.996914188688,128
2,621.579718403982,128
2,622.162522619277,128
2,622.745326834571,128
2,623.328131049866,128
2,623.91093526516,128
2,624.493739480455,128
2,625.076543695749,128
2,625.659347911044,128
2,626.242152126338,128
2,626.824956341633,128
2,627.407760556927,128
2,627.990564772221,128
2,628.573368987516,128
2,629.15617320281,128
2,629.738977418105,128
2,630.321781633399,128
2,630.904585848694,128
2,631.487390063988,128
-1,632.070194279283,128
#MOTOR_B2
-1,2.54777073860168,1.27388536930084
-1,2.53223555034685,1.26639192572869
-1,2.51670036209201,1.25889848215654
-1,2.50116517383718,1.25140503858439
-1,2.48562998558234,1.24391159501224
-1,2.4700947973275,1.23641815144009
-1,2.45455960907267,1.22892470786794
-1,2.43902442081783,1.22143126429579
-1,2.42348923256299,1.21393782072364
-1,2.40795404430816,1.20644437715149
-1,2.39241885605332,1.19895093357934
-1,2.37688366779848,1.19145749000719
-1,2.36134847954365,1.18396404643504
-1,2.34581329128881,1.17647060286289
-1,2.33027810303397,1.16897715929073
3,2.54777073860168,1.16148371571858
3,3.4909358155379,1.15399027214643
3,4.43410089247411,1.14649682857428
3,5.37726596941033,1.13900338500213
3,6.32043104634654,1.13150994142998
3,7.26359612328276,1.12401649785783
3,8.20676120021897,1.11652305428568
3,9.14992627715518,1.10902961071353
3,10.0930913540914,1.10153616714138
3,11.0362564310276,1.09404272356923
3,11.9794215079638,1.08654927999708
3,12.9225865849,1.07905583642493
3,13.8657516618363,1.07156239285278
3,14.8089167387725,1.06406894928063
3,15.7520818157087,1.05657550570848
3,16.6952468926449,1.04908206213633
3,17.6384119695811,1.04158861856418
3,18.5815770465173,1.03409517499203
3,19.5247421234535,1.02660173141987
3,20.4679072003898,1.01910828784772
3,21.411072277326,1.01161484427557
3,22.3542373542622,1.00412140070342
3,23.2974024311984,0.996627957131272
3,24.2405675081346,0.989134513559122
3,25.1837325850708,0.981641069986971
3,26.126897662007,0.974147626414821
3,27.0700627389433,0.96665418284267
3,28.0132278158795,0.95916073927052
3,28.9563928928157,0.951667295698369
3,29.8995579697519,0.944173852126219
3,30.8427230466881,0.936680408554068
3,31.7858881236243,0.929186964981918
3,32.7290532005605,0.921693521409767
3,33.6722182774968,0.914200077837616
3,34.615383354433,0.906706634265466
3,35.5585484313692,0.899213190693315
3,36.5017135083054,0.891719747121165
3,37.4448785852416,0.884226303549014
3,38.3880436621778,0.876732859976864
3,39.331208739114,0.869239416404713
3,40.2743738160502,0.861745972832563
3,41.2175388929864,0.854252529260412
3,42.1607039699227,0.846759085688262
3,43.1038690468589,0.839265642116111
3,44.0470341237951,0.831772198543961
3,44.9901992007313,0.82427875497181
3,45.9333642776675,0.816785311399659
3,46.8765293546037,0.809291867827509
3,47.8196944315399,0.801798424255358
3,48.7628595084761,0.794304980683208
3,49.7060245854123,0.786811537111057
3,50.6491896623485,0.779318093538907
3,51.5923547392848,0.771824649966756
3,52.535519816221,0.764331206394606
3,53.4786848931572,0.756837762822455
3,54.4218499700934,0.749344319250305
3,55.3650150470296,0.741850875678154
3,56.3081801239658,0.734357432106004
3,57.251345200902,0.726863988533853
3,58.1945102778382,0.719370544961703
3,59.1376753547744,0.711877101389552
3,60.0808404317107,0.704383657817401
3,61.0240055086469,0.696890214245251
3,61.9671705855831,0.6893967706731
3,62.9103356625193,0.68190332710095
3,63.8535007394555,0.674409883528799
3,64.7966658163917,0.666916439956649
3,65.7398308933279,0.659422996384498
3,66.6829959702641,0.651929552812348
3,67.6261610472003,0.644436109240197
3,68.5693261241366,1.27388536930084
3,69.5124912010728,1.74546795101281
3,70.455656278009,2.21705053272478
3,71.3988213549452,2.68863311443675
3,72.3419864318814,3.16021569614872
3,73.2851515088176,3.63179827786069
3,74.2283165857538,4.10338085957266
3,75.17148166269,4.57496344128463
3,76.1146467396262,5.0465460229966
3,77.0578118165624,5.51812860470857
3,78.0009768934987,5.98971118642054
3,78.9441419704349,6.46129376813251
3,79.8873070473711,6.93287634984448
3,80.8304721243073,7.40445893155645
3,81.7736372012435,7.87604151326842
3,82.7168022781797,8.34762409498039
3,83.6599673551159,8.81920667669236
3,84.6031324320521,9.29078925840433
3,85.5462975089883,9.7623718401163
3,86.4894625859246,10.2339544218283
3,87.4326276628608,10.7055370035402
3,88.375792739797,11.1771195852522
3,89.3189578167332,11.6487021669642
3,90.2621228936694,12.1202847486761
3,91.2052879706056,12.5918673303881
3,92.1484530475418,13.0634499121001
3,93.091618124478,13.535032493812
3,94.0347832014142,14.006615075524
3,94.9779482783505,14.478197657236
3,95.9211133552867,14.949780238948
3,96.8642784322229,15.4213628206599
3,97.8074435091591,15.8929454023719
3,98.7506085860953,16.3645279840839
3,99.6937736630315,16.8361105657958
3,100,17.3076931475078
3,101.262756347656,17.7792757292198
3,102.525512695313,18.2508583109317
3,103.788269042969,18.7224408926437
3,105.051025390625,19.1940234743557
3,106.313781738281,19.6656060560677
3,107.576538085938,20.1371886377796
3,108.839294433594,20.6087712194916
3,110.10205078125,21.0803538012036
3,111.364807128906,21.5519363829155
3,112.627563476563,22.0235189646275
3,113.890319824219,22.4951015463395
3,115.153076171875,22.9666841280515
3,116.415832519531,23.4382667097634
3,117.678588867188,23.9098492914754
3,118.941345214844,24.3814318731874
3,120.2041015625,23.4782581329346
3,121.466857910156,23.1182041168213
3,122.729614257813,22.758150100708
3,123.992370605469,22.3980960845947
3,125.255126953125,22.0380420684814
3,126.517883300781,21.6779880523682
3,127.780639648438,21.3179340362549
3,129.043395996094,20.9578800201416
3,130.30615234375,20.5978260040283
3,131.568908691406,20.237771987915
3,132.831665039063,19.8777179718018
3,134.094421386719,19.5176639556885
3,135.357177734375,19.1576099395752
3,136.619934082031,18.7975559234619
3,137.882690429688,18.4375019073486
3,139.145446777344,18.0774478912354
3,140.408203125,17.7173938751221
3,141.670959472656,17.3573398590088
3,142.933715820313,16.9972858428955
3,144.196472167969,16.6372318267822
3,145.459228515625,16.2771778106689
3,146.721984863281,15.9171237945557
3,147.984741210938,15.5570697784424
3,149.247497558594,15.1970157623291
3,150.51025390625,14.8369617462158
3,151.773010253906,14.4769077301025
3,153.035766601563,14.1168537139893
3,154.298522949219,13.756799697876
3,155.561279296875,13.3967456817627
3,156.824035644531,13.0366916656494
3,158.086791992188,12.6766376495361
3,159.349548339844,12.3165836334229
3,160.6123046875,11.9565296173096
3,161.875061035156,11.5964756011963
3,163.137817382813,11.236421585083
3,164.400573730469,10.8763675689697
3,165.663330078125,10.5163135528564
3,166.926086425781,10.1562595367432
3,168.188842773438,9.79620552062988
3,169.451599121094,9.4361515045166
3,170.71435546875,9.07609748840332
3,171.977111816406,8.71604347229004
3,173.239868164063,8.35598945617676
3,174.502624511719,7.99593496322632
3,175.765380859375,7.63588047027588
3,177.028137207031,7.27582597732544
3,178.290893554688,6.915771484375
3,179.553649902344,6.55571699142456
3,180.81640625,6.19566249847412
3,182.079162597656,5.83560800552368
3,183.341918945313,5.47555351257324
3,184.604675292969,5.1154990196228
3,185.867431640625,4.75544452667236
3,187.130187988281,4.39539003372192
3,188.392944335938,4.03533554077148
3,189.655700683594,3.67528128623962
3,190.91845703125,3.31522703170776
3,192.181213378906,2.9551727771759
3,193.443969726563,2.59511852264404
3,194.706726074219,2.23506426811218
3,195.969482421875,1.87500989437103
3,197.232238769531,1.51495552062988
3,198.494995117188,1.15490114688873
3,199.757751464844,0.794846773147583
3,201.0205078125,0.434792429208755
3,202.283264160156,0.434780120849609
3,203.546020507813,0.434780120849609
3,204.808776855469,0.434780120849609
3,206.071533203125,0.434780120849609
3,207.334289550781,0.434780120849609
3,208.597045898438,0.434780120849609
3,209.859802246094,0.434780120849609
3,211.12255859375,0.434780120849609
3,212.385314941406,0.434780120849609
3,213.648071289063,0.434780120849609
3,214.910827636719,0.434780120849609
3,216.173583984375,0.434780120849609
3,217.436340332031,0.434780120849609
3,218.699096679688,0.434780120849609
3,219.961853027344,0.434780120849609
3,221.224609375,0.434780120849609
3,222.487365722656,0.434780120849609
3,223.750122070313,0.434780120849609
3,225.012878417969,0.434780120849609
3,226.275634765625,0.434780120849609
3,227.538391113281,0.434780120849609
3,228.801147460938,0.434780120849609
3,230.063903808594,0.434780120849609
3,231.32666015625,0.434780120849609
3,232.589416503906,0.434780120849609
3,233.852172851563,0.434780120849609
3,235.114929199219,0.434780120849609
3,236.377685546875,0.434780120849609
3,237.640441894531,0.434780120849609
3,238.903198242188,0.434780120849609
3,240.165954589844,0.434780120849609
3,241.4287109375,0.434780120849609
3,242.691467285156,0.434780120849609
3,243.954223632813,0.434780120849609
3,245.216979980469,0.434780120849609
1,80.8695526123047,25.5331489607292
1,81.4216613769531,25.3155368849751
1,81.9737701416016,25.0979248092209
1,82.52587890625,24.8803127334667
1,83.0779876708984,24.6627006577126
1,83.6300964355469,24.4450885819584
1,84.1822052001953,24.2274765062043
1,84.7343139648438,24.0098644304501
1,85.2864227294922,23.792252354696
1,85.8385314941406,23.5746402789418
1,86.3906402587891,23.3570282031877
1,86.9427490234375,23.1394161274335
1,87.4948577880859,22.9218040516794
1,88.0469665527344,22.7041919759252
1,88.5990753173828,22.4865799001711
1,89.1511840820313,22.2689678244169
1,89.7032928466797,22.0513557486628
1,90.2554016113281,21.8337436729086
1,90.8075103759766,21.6161315971545
1,91.359619140625,21.3985195214003
1,91.9117279052734,21.1809074456462
1,92.4638366699219,20.963295369892
1,93.0159454345703,20.7456832941379
1,93.5680541992188,20.5280712183837
1,94.1201629638672,20.3104591426296
1,94.6722717285156,20.0928470668754
1,95.2243804931641,19.8752349911213
1,95.7764892578125,19.6576229153671
1,96.3285980224609,19.440010839613
1,96.8807067871094,19.2223987638588
1,97.4328155517578,19.0047866881047
1,97.9849243164063,18.7871746123505
1,98.5370330810547,18.5695625365964
1,99.0891418457031,18.3519504608422
1,99.6412506103516,18.1343383850881
1,100.193359375,17.9167263093339
1,100.745468139648,17.6991142335798
1,101.297576904297,18.4713382720947
1,101.849685668945,18.3903236266323
1,102.401794433594,18.3093089811699
1,102.953903198242,18.2282943357075
1,103.506011962891,18.147279690245
1,104.058120727539,18.0662650447826
1,104.610229492188,17.9852503993202
1,105.162338256836,17.9042357538578
1,105.714447021484,17.8232211083954
1,106.266555786133,17.7422064629329
1,106.818664550781,17.6611918174705
1,107.37077331543,17.5801771720081
1,107.922882080078,17.4991625265457
1,108.474990844727,17.4181478810833
1,109.027099609375,17.3371332356208
1,109.579208374023,17.2561185901584
1,110.131317138672,17.175103944696
1,110.68342590332,17.0940892992336
1,111.235534667969,17.0130746537711
1,111.787643432617,16.9320600083087
1,112.339752197266,16.8510453628463
1,112.891860961914,16.7700307173839
1,113.443969726563,16.6890160719215
1,113.996078491211,16.608001426459
1,114.548187255859,16.5269867809966
1,115.100296020508,16.4459721355342
1,115.65217590332,16.3649574900718
1,115.318008573705,16.2839428446094
1,115.310345733015,16.2029281991469
1,115.302682892325,16.1219135536845
1,115.295020051635,16.0408989082221
1,115.287357210946,15.9598842627597
1,115.279694370256,15.8788696172973
1,115.272031529566,15.7978549718348
1,115.264368688876,15.7168403263724
1,115.256705848186,15.63582568091
1,115.249043007496,15.5548110354476
1,115.241380166807,15.4737963899852
1,115.233717326117,15.3927817445227
1,115.226054485427,15.3117670990603
1,115.218391644737,15.2307524535979
1,115.210728804047,15.1497378081355
1,115.203065963358,15.068723162673
1,115.195403122668,14.9877085172106
1,115.187740281978,14.9066938717482
1,115.180077441288,14.8256792262858
1,115.172414600598,14.7446645808234
1,115.164751759908,14.6636499353609
1,115.157088919219,14.5826352898985
1,115.149426078529,14.5016206444361
1,115.141763237839,14.4206059989737
1,115.134100397149,14.3395913535113
1,115.126437556459,14.2585767080488
1,115.118774715769,14.1775620625864
1,115.11111187508,14.096547417124
1,115.10344903439,14.0155327716616
1,115.0957861937,13.9345181261992
1,115.08812335301,13.8535034807367
1,115.08046051232,13.7724888352743
1,115.07279767163,13.6914741898119
1,115.065134830941,13.6104595443495
1,115.057471990251,13.529444898887
1,115.049809149561,13.4484302534246
1,115.042146308871,13.3674156079622
1,115.034483468181,13.2864009624998
1,115.026820627491,13.2053863170374
1,115.019157786802,13.1243716715749
1,115.011494946112,13.0433570261125
1,115.003832105422,12.9623423806501
1,114.996169264732,12.8813277351877
1,114.988506424042,12.8003130897253
1,114.980843583352,12.7192984442628
1,114.973180742663,12.6382837988004
1,114.965517901973,12.557269153338
1,114.957855061283,12.4762545078756
1,114.950192220593,12.3952398624132
1,114.942529379903,12.3142252169507
1,114.934866539213,12.2332105714883
1,114.927203698524,12.1521959260259
1,114.919540857834,12.0711812805635
1,114.911878017144,11.990166635101
1,114.904215176454,11.9091519896386
1,114.896552335764,11.8281373441762
1,114.888889495074,11.7471226987138
1,114.881226654385,11.6661080532514
1,114.873563813695,11.5850934077889
1,114.865900973005,11.5040787623265
1,114.858238132315,11.4230641168641
1,114.850575291625,11.3420494714017
1,114.842912450935,11.2610348259393
1,114.835249610246,11.1800201804768
1,114.827586769556,11.0990055350144
1,114.819923928866,11.017990889552
1,114.812261088176,10.9369762440896
1,114.804598247486,10.8559615986272
1,114.796935406796,10.7749469531647
1,114.789272566107,10.6939323077023
1,114.781609725417,10.6129176622399
1,114.773946884727,10.5319030167775
1,114.766284044037,10.450888371315
1,114.758621203347,10.3698737258526
1,114.750958362657,10.2888590803902
1,114.743295521968,10.2078444349278
1,114.735632681278,10.1268297894654
1,114.727969840588,10.0458151440029
1,114.720306999898,9.96480049854052
1,114.712644159208,9.8837858530781
1,114.704981318518,9.80277120761568
1,114.697318477829,9.72175656215326
1,114.689655637139,9.64074191669084
1,114.681992796449,9.55972727122842
1,114.674329955759,9.478712625766
1,114.666667115069,9.39769798030358
1,114.659004274379,9.31668333484116
1,114.65134143369,9.23566868937873
1,114.643678593,9.15465404391631
1,114.63601575231,9.07363939845389
1,114.62835291162,8.99262475299147
1,114.62069007093,8.91161010752905
1,114.61302723024,8.83059546206663
1,114.605364389551,8.74958081660421
1,114.597701548861,8.66856617114179
1,114.590038708171,8.58755152567937
1,114.582375867481,8.50653688021695
1,114.574713026791,8.42552223475452
1,114.567050186101,8.3445075892921
1,114.559387345412,8.26349294382968
1,114.551724504722,8.18247829836726
1,114.544061664032,8.10146365290484
1,114.536398823342,8.02044900744242
1,114.528735982652,7.93943436198
1,114.521073141962,7.85841971651758
1,114.513410301273,7.77740507105516
1,114.505747460583,7.69639042559274
1,114.498084619893,7.61537578013032
1,114.490421779203,7.5343611346679
1,114.482758938513,7.45334648920548
1,114.475096097823,7.37233184374306
1,114.467433257134,7.29131719828064
1,114.459770416444,7.21030255281822
1,114.452107575754,7.1292879073558
1,114.444444735064,7.04827326189338
1,114.436781894374,6.96725861643096
1,114.429119053684,6.88624397096854
1,114.421456212995,6.80522932550612
1,114.413793372305,6.7242146800437
1,114.406130531615,6.64320003458128
1,114.398467690925,6.56218538911886
1,114.390804850235,6.48117074365644
1,114.383142009545,6.40015609819402
1,114.375479168856,6.3191414527316
1,114.367816328166,6.23812680726918
1,114.360153487476,6.15711216180676
1,114.352490646786,6.07609751634434
1,114.344827806096,5.99508287088192
1,114.337164965406,5.9140682254195
1,114.329502124717,5.83305357995708
1,114.321839284027,5.75203893449466
1,114.314176443337,5.67102428903224
1,114.306513602647,5.59000964356982
1,114.298850761957,5.5089949981074
1,114.291187921267,5.42798035264498
1,114.283525080578,5.34696570718256
1,114.275862239888,5.26595106172014
1,114.268199399198,5.18493641625772
1,114.260536558508,5.1039217707953
1,114.252873717818,5.02290712533288
1,114.245210877128,4.94189247987046
1,114.237548036439,4.86087783440804
1,114.229885195749,4.77986318894562
1,114.222222355059,4.6988485434832
1,114.214559514369,4.61783389802078
1,114.206896673679,4.53681925255836
1,114.199233832989,4.45580460709594
1,114.1915709923,4.37478996163351
1,114.18390815161,4.29377531617109
1,114.17624531092,4.21276067070867
1,114.16858247023,4.13174602524625
1,114.16091962954,4.05073137978383
1,114.15325678885,3.96971673432141
1,114.145593948161,3.88870208885899
1,114.137931107471,3.80768744339657
1,114.130268266781,3.72667279793415
1,114.122605426091,3.64565815247173
1,114.114942585401,3.56464350700931
1,114.107279744711,3.48362886154689
1,114.099616904022,3.40261421608447
1,114.091954063332,3.32159957062205
1,114.084291222642,3.24058492515963
1,114.076628381952,3.15957027969721
1,114.068965541262,3.07855563423479
1,114.061302700572,2.99754098877237
1,114.053639859883,2.91652634330995
1,114.045977019193,2.83551169784753
1,114.038314178503,2.75449705238511
1,114.030651337813,2.67348240692269
1,114.022988497123,2.59246776146027
1,114.015325656434,2.51145311599785
1,114.007662815744,2.43043847053543
1,113.999999975054,2.34942382507301
1,113.992337134364,2.26840917961059
1,113.984674293674,2.18739453414817
1,113.977011452984,2.10637988868575
1,113.969348612295,2.02536524322333
1,113.961685771605,1.94435059776091
1,113.954022930915,1.86333595229849
1,113.946360090225,1.78232130683607
1,113.938697249535,1.70130666137365
1,113.931034408845,1.62029201591123
1,113.923371568156,1.53927737044881
1,113.915708727466,1.45826272498639
1,113.908045886776,1.37724807952397
1,113.900383046086,1.29623343406155
1,113.892720205396,1.21521878859913
1,113.885057364706,1.13420414313671
1,113.877394524017,1.05318949767429
1,113.869731683327,0.972174852211871
1,113.862068842637,0.89116020674945
1,113.854406001947,0.81014556128703
1,113.846743161257,0.72913091582461
1,113.839080320567,0.64811627036219
1,113.831417479878,0.56710162489977
1,113.823754639188,0.486086979437349
1,113.816091798498,0.405072333974929
1,113.793106079102,0.324057688512509
1,113.801858042256,0.243043043050089
1,113.810610005411,0.162028397587669
1,113.819361968566,0.0810137521252483
-1,113.82811393172,0
