# Blender 5.2.2 LTS
# www.blender.org
mtllib ChargingKiosk.mtl
o Material2
v 0.327566 0.725000 0.234189
v -0.327566 0.725000 0.015812
v -0.327566 0.725000 0.234189
v 0.327566 0.725000 0.015812
v 0.327566 0.750000 0.015812
v -0.327566 0.725000 0.015812
v 0.327566 0.725000 0.015812
v -0.327566 0.750000 0.015812
v -0.327566 0.725000 0.015812
v -0.327566 0.750000 0.234189
v -0.327566 0.725000 0.234189
v -0.327566 0.750000 0.015812
v -0.327566 0.750000 0.234189
v 0.327566 0.725000 0.234189
v -0.327566 0.725000 0.234189
v 0.327566 0.750000 0.234189
v 0.327566 0.750000 0.015812
v 0.327566 0.725000 0.234189
v 0.327566 0.750000 0.234189
v 0.327566 0.725000 0.015812
v 0.275716 0.750000 0.234189
v 0.327566 0.750000 0.015812
v 0.275716 0.750000 0.015812
v 0.327566 0.750000 0.234189
v -0.276785 0.750000 0.015812
v -0.276785 0.750000 0.234189
v -0.327566 0.750000 0.015812
v -0.327566 0.750000 0.234189
v 0.375000 0.000000 0.000001
v -0.375000 0.000000 0.250001
v -0.375000 0.000000 0.000001
v 0.375000 0.000000 0.250001
v -0.375000 0.075000 0.000001
v -0.375000 0.000000 0.250001
v -0.375000 0.075000 0.250001
v -0.375000 0.000000 0.000001
v -0.375000 0.075000 0.000001
v 0.375000 0.000000 0.000001
v -0.375000 0.000000 0.000001
v 0.375000 0.075000 0.000001
v 0.375000 0.000000 0.000001
v 0.375000 0.075000 0.250001
v 0.375000 0.000000 0.250001
v 0.375000 0.075000 0.000001
v 0.375000 0.075000 0.250001
v -0.375000 0.000000 0.250001
v 0.375000 0.000000 0.250001
v -0.375000 0.075000 0.250001
v -0.375000 0.075000 0.250001
v -0.327566 0.075000 0.234189
v -0.375000 0.075000 0.000001
v 0.375000 0.075000 0.250001
v 0.327566 0.075000 0.234189
v 0.327566 0.075000 0.015812
v -0.327566 0.075000 0.015812
v 0.375000 0.075000 0.000001
v -0.327566 0.725000 0.015812
v 0.327566 0.075000 0.015812
v -0.327566 0.075000 0.015812
v 0.327566 0.725000 0.015812
v -0.327566 0.725000 0.015812
v -0.327566 0.075000 0.234189
v -0.327566 0.725000 0.234189
v -0.327566 0.075000 0.015812
v 0.327566 0.075000 0.015812
v 0.327566 0.725000 0.234189
v 0.327566 0.075000 0.234189
v 0.327566 0.725000 0.015812
v 0.327566 0.725000 0.234189
v -0.327566 0.075000 0.234189
v 0.327566 0.075000 0.234189
v -0.327566 0.725000 0.234189
v -0.375000 0.725000 0.000000
v -0.327566 0.725000 0.015812
v -0.375000 0.725000 0.250000
v 0.375000 0.725000 0.000000
v 0.327566 0.725000 0.015812
v 0.327566 0.725000 0.234189
v -0.327566 0.725000 0.234189
v 0.375000 0.725000 0.250000
v -0.276785 0.750000 0.250000
v 0.275716 0.750000 0.234189
v -0.276785 0.750000 0.234189
v 0.275716 0.750000 0.250000
v -0.375000 1.800000 0.250000
v 0.375000 1.800000 0.000000
v -0.375000 1.800000 0.000000
v 0.375000 1.800000 0.250000
v 0.375000 1.730000 0.000000
v 0.375000 1.800000 0.250000
v 0.375000 1.730000 0.250000
v 0.375000 1.800000 0.000000
v -0.375000 1.800000 0.000000
v 0.375000 1.730000 0.000000
v -0.375000 1.730000 0.000000
v 0.375000 1.800000 0.000000
v -0.375000 1.800000 0.000000
v -0.375000 1.730000 0.250000
v -0.375000 1.800000 0.250000
v -0.375000 1.730000 0.000000
v 0.375000 1.800000 0.250000
v -0.375000 1.730000 0.250000
v 0.375000 1.730000 0.250000
v -0.375000 1.800000 0.250000
v 0.375000 1.730000 0.000000
v -0.375000 1.730000 0.250000
v -0.375000 1.730000 0.000000
v 0.375000 1.730000 0.250000
v 0.275716 0.750000 0.015812
v -0.276785 0.750000 0.000000
v -0.276785 0.750000 0.015812
v 0.275716 0.750000 0.000000
v 0.375000 0.725000 0.250000
v 0.275716 0.750000 0.250000
v -0.375000 0.725000 0.250000
v 0.375000 1.800000 0.250000
v 0.275716 1.800000 0.250000
v -0.276785 0.750000 0.250000
v -0.375000 1.800000 0.250000
v -0.276785 1.800000 0.250000
v -0.276785 1.800000 0.250000
v -0.276785 0.750000 0.250000
v -0.375000 1.800000 0.250000
v 0.275716 0.750000 0.250000
v -0.375000 0.725000 0.250000
v 0.275716 1.800000 0.250000
v 0.375000 1.800000 0.250000
v 0.375000 0.725000 0.250000
v 0.375000 0.725000 0.000000
v 0.375000 1.800000 0.250000
v 0.375000 0.725000 0.250000
v 0.375000 1.800000 0.000000
v 0.375000 1.800000 0.000000
v 0.375000 0.725000 0.000000
v 0.375000 1.800000 0.250000
v 0.375000 0.725000 0.250000
v 0.375000 1.800000 0.250000
v 0.275716 1.800000 0.234189
v 0.275716 1.800000 0.250000
v 0.327566 1.800000 0.234189
v 0.327566 1.800000 0.015812
v 0.275716 1.800000 0.000000
v 0.275716 1.800000 0.015812
v 0.375000 1.800000 0.000000
v 0.375000 1.800000 0.250000
v 0.327566 1.800000 0.015812
v 0.375000 1.800000 0.000000
v 0.275716 1.800000 0.000000
v 0.275716 1.800000 0.015812
v 0.327566 1.800000 0.234189
v 0.275716 1.800000 0.234189
v 0.275716 1.800000 0.250000
v 0.275716 1.800000 0.234189
v 0.275716 0.750000 0.250000
v 0.275716 1.800000 0.250000
v 0.275716 0.750000 0.234189
v 0.275716 0.750000 0.234189
v 0.275716 1.800000 0.234189
v 0.275716 0.750000 0.250000
v 0.275716 1.800000 0.250000
v -0.276785 0.750000 0.234189
v -0.276785 1.800000 0.250000
v -0.276785 0.750000 0.250000
v -0.276785 1.800000 0.234189
v -0.276785 1.800000 0.234189
v -0.276785 0.750000 0.234189
v -0.276785 1.800000 0.250000
v -0.276785 0.750000 0.250000
v -0.375000 1.800000 0.250000
v -0.327566 1.800000 0.234189
v -0.375000 1.800000 0.000000
v -0.276785 1.800000 0.250000
v -0.276785 1.800000 0.234189
v -0.327566 1.800000 0.015812
v -0.276785 1.800000 0.000000
v -0.276785 1.800000 0.015812
v -0.276785 1.800000 0.015812
v -0.327566 1.800000 0.015812
v -0.276785 1.800000 0.000000
v -0.327566 1.800000 0.234189
v -0.375000 1.800000 0.000000
v -0.276785 1.800000 0.234189
v -0.276785 1.800000 0.250000
v -0.375000 1.800000 0.250000
v -0.375000 1.800000 0.000000
v -0.375000 0.725000 0.250000
v -0.375000 1.800000 0.250000
v -0.375000 0.725000 0.000000
v -0.375000 0.725000 0.000000
v -0.375000 1.800000 0.000000
v -0.375000 0.725000 0.250000
v -0.375000 1.800000 0.250000
v -0.375000 0.725000 0.000000
v -0.276785 0.750000 0.000000
v 0.375000 0.725000 0.000000
v -0.375000 1.800000 0.000000
v -0.276785 1.800000 0.000000
v 0.275716 0.750000 0.000000
v 0.375000 1.800000 0.000000
v 0.275716 1.800000 0.000000
v 0.275716 1.800000 0.000000
v 0.275716 0.750000 0.000000
v 0.375000 1.800000 0.000000
v -0.276785 0.750000 0.000000
v 0.375000 0.725000 0.000000
v -0.276785 1.800000 0.000000
v -0.375000 1.800000 0.000000
v -0.375000 0.725000 0.000000
v 0.275716 1.800000 0.234189
v 0.327566 0.750000 0.234189
v 0.275716 0.750000 0.234189
v 0.327566 1.800000 0.234189
v 0.327566 1.800000 0.234189
v 0.275716 1.800000 0.234189
v 0.327566 0.750000 0.234189
v 0.275716 0.750000 0.234189
v 0.275716 1.800000 0.000000
v 0.275716 0.750000 0.015812
v 0.275716 1.800000 0.015812
v 0.275716 0.750000 0.000000
v 0.275716 0.750000 0.000000
v 0.275716 1.800000 0.000000
v 0.275716 0.750000 0.015812
v 0.275716 1.800000 0.015812
v 0.327566 1.800000 0.015812
v 0.275716 0.750000 0.015812
v 0.327566 0.750000 0.015812
v 0.275716 1.800000 0.015812
v 0.275716 1.800000 0.015812
v 0.327566 1.800000 0.015812
v 0.275716 0.750000 0.015812
v 0.327566 0.750000 0.015812
v 0.327566 1.800000 0.015812
v 0.327566 0.750000 0.234189
v 0.327566 1.800000 0.234189
v 0.327566 0.750000 0.015812
v 0.327566 0.750000 0.015812
v 0.327566 1.800000 0.015812
v 0.327566 0.750000 0.234189
v 0.327566 1.800000 0.234189
v -0.327566 1.800000 0.234189
v -0.276785 0.750000 0.234189
v -0.327566 0.750000 0.234189
v -0.276785 1.800000 0.234189
v -0.276785 1.800000 0.234189
v -0.327566 1.800000 0.234189
v -0.276785 0.750000 0.234189
v -0.327566 0.750000 0.234189
v -0.327566 0.750000 0.015812
v -0.327566 1.800000 0.234189
v -0.327566 0.750000 0.234189
v -0.327566 1.800000 0.015812
v -0.327566 1.800000 0.015812
v -0.327566 0.750000 0.015812
v -0.327566 1.800000 0.234189
v -0.327566 0.750000 0.234189
v -0.276785 1.800000 0.015812
v -0.327566 0.750000 0.015812
v -0.276785 0.750000 0.015812
v -0.327566 1.800000 0.015812
v -0.327566 1.800000 0.015812
v -0.276785 1.800000 0.015812
v -0.327566 0.750000 0.015812
v -0.276785 0.750000 0.015812
v -0.276785 0.750000 0.000000
v -0.276785 1.800000 0.015812
v -0.276785 0.750000 0.015812
v -0.276785 1.800000 0.000000
v -0.276785 1.800000 0.000000
v -0.276785 0.750000 0.000000
v -0.276785 1.800000 0.015812
v -0.276785 0.750000 0.015812
v 0.275715 1.730000 0.234189
v -0.276785 1.730000 0.184189
v -0.276785 1.730000 0.234189
v 0.275715 1.730000 0.184189
v 0.275715 0.750000 0.234189
v 0.263438 0.771778 0.234189
v -0.276785 0.750000 0.234189
v 0.275715 1.730000 0.234189
v 0.263438 1.708223 0.234189
v -0.264507 1.708223 0.234189
v -0.264507 0.771778 0.234189
v -0.276785 1.730000 0.234189
v 0.275715 0.750000 0.184189
v 0.275715 1.730000 0.234189
v 0.275715 0.750000 0.234189
v 0.275715 1.730000 0.184189
v -0.276785 1.730000 0.184189
v 0.275715 0.750000 0.184189
v -0.276785 0.750000 0.184189
v 0.275715 1.730000 0.184189
v -0.276785 1.730000 0.184189
v -0.276785 0.750000 0.234189
v -0.276785 1.730000 0.234189
v -0.276785 0.750000 0.184189
v 0.275715 0.750000 0.184189
v -0.276785 0.750000 0.234189
v -0.276785 0.750000 0.184189
v 0.275715 0.750000 0.234189
v -0.264507 0.771778 0.221689
v -0.264507 1.708223 0.234189
v -0.264507 0.771778 0.234189
v -0.264507 1.708223 0.221689
v 0.263438 0.771778 0.234189
v -0.264507 0.771778 0.221689
v -0.264507 0.771778 0.234189
v 0.263438 0.771778 0.221689
v 0.263438 1.708223 0.221689
v -0.264507 1.708223 0.234189
v -0.264507 1.708223 0.221689
v 0.263438 1.708223 0.234189
v 0.263438 1.708223 0.221689
v 0.263438 0.771778 0.234189
v 0.263438 1.708223 0.234189
v 0.263438 0.771778 0.221689
v 0.263438 1.708223 0.221689
v -0.264507 0.771778 0.221689
v 0.263438 0.771778 0.221689
v -0.264507 1.708223 0.221689
v 0.375000 1.125000 0.162500
v 0.378125 0.975000 0.162500
v 0.375000 0.975000 0.162500
v 0.378125 1.125000 0.162500
v 0.378125 1.125000 0.087500
v 0.375000 1.125000 0.162500
v 0.375000 1.125000 0.087500
v 0.378125 1.125000 0.162500
v 0.378125 1.125000 0.087500
v 0.378125 0.975000 0.162500
v 0.378125 1.125000 0.162500
v 0.378125 0.975000 0.087500
v 0.378125 0.975000 0.162500
v 0.375000 0.975000 0.087500
v 0.375000 0.975000 0.162500
v 0.378125 0.975000 0.087500
v 0.378125 1.125000 0.087500
v 0.375000 0.975000 0.087500
v 0.378125 0.975000 0.087500
v 0.375000 1.125000 0.087500
v 0.378125 1.125000 0.162500
v 0.375000 1.125000 0.162500
v 0.378125 0.975000 0.162500
v 0.375000 0.975000 0.162500
v 0.378125 1.125000 0.162500
v 0.378125 1.125000 0.087500
v 0.375000 1.125000 0.162500
v 0.375000 1.125000 0.087500
v 0.378125 0.975000 0.087500
v 0.378125 1.125000 0.087500
v 0.378125 0.975000 0.162500
v 0.378125 1.125000 0.162500
v 0.378125 0.975000 0.087500
v 0.378125 0.975000 0.162500
v 0.375000 0.975000 0.087500
v 0.375000 0.975000 0.162500
v 0.375000 1.125000 0.087500
v 0.378125 1.125000 0.087500
v 0.375000 0.975000 0.087500
v 0.378125 0.975000 0.087500
v 0.375000 0.975000 0.087500
v 0.375000 1.125000 0.162500
v 0.375000 0.975000 0.162500
v 0.375000 1.125000 0.087500
v 0.378320 1.007344 0.112500
v 0.378125 1.005000 0.112500
v 0.378320 1.005000 0.112500
v 0.378125 1.007344 0.112500
v 0.378125 1.007344 0.100000
v 0.378125 1.005000 0.112500
v 0.378125 1.007344 0.112500
v 0.378125 1.005000 0.100000
v 0.378320 1.005000 0.100000
v 0.378125 1.005000 0.112500
v 0.378125 1.005000 0.100000
v 0.378320 1.005000 0.112500
v 0.378320 1.005000 0.100000
v 0.378320 1.007344 0.112500
v 0.378320 1.005000 0.112500
v 0.378320 1.007344 0.100000
v 0.378320 1.007344 0.112500
v 0.378125 1.007344 0.100000
v 0.378125 1.007344 0.112500
v 0.378320 1.007344 0.100000
v 0.378125 1.007344 0.100000
v 0.378320 1.005000 0.100000
v 0.378125 1.005000 0.100000
v 0.378320 1.007344 0.100000
v 0.378125 1.009688 0.100000
v 0.378320 1.007344 0.100000
v 0.378125 1.007344 0.100000
v 0.378320 1.009688 0.100000
v 0.378125 1.009688 0.100000
v 0.378125 1.007344 0.112500
v 0.378125 1.009688 0.112500
v 0.378125 1.007344 0.100000
v 0.378320 1.009688 0.112500
v 0.378125 1.009688 0.100000
v 0.378125 1.009688 0.112500
v 0.378320 1.009688 0.100000
v 0.378320 1.007344 0.100000
v 0.378320 1.009688 0.112500
v 0.378320 1.007344 0.112500
v 0.378320 1.009688 0.100000
v 0.378320 1.009688 0.112500
v 0.378125 1.007344 0.112500
v 0.378320 1.007344 0.112500
v 0.378125 1.009688 0.112500
v 0.378320 1.067344 0.112500
v 0.378125 1.065000 0.112500
v 0.378320 1.065000 0.112500
v 0.378125 1.067344 0.112500
v 0.378125 1.067344 0.100000
v 0.378125 1.065000 0.112500
v 0.378125 1.067344 0.112500
v 0.378125 1.065000 0.100000
v 0.378320 1.065000 0.100000
v 0.378125 1.065000 0.112500
v 0.378125 1.065000 0.100000
v 0.378320 1.065000 0.112500
v 0.378320 1.065000 0.100000
v 0.378320 1.067344 0.112500
v 0.378320 1.065000 0.112500
v 0.378320 1.067344 0.100000
v 0.378320 1.067344 0.112500
v 0.378125 1.067344 0.100000
v 0.378125 1.067344 0.112500
v 0.378320 1.067344 0.100000
v 0.378125 1.067344 0.100000
v 0.378320 1.065000 0.100000
v 0.378125 1.065000 0.100000
v 0.378320 1.067344 0.100000
v 0.378125 1.069688 0.100000
v 0.378320 1.067344 0.100000
v 0.378125 1.067344 0.100000
v 0.378320 1.069688 0.100000
v 0.378125 1.069688 0.100000
v 0.378125 1.067344 0.112500
v 0.378125 1.069688 0.112500
v 0.378125 1.067344 0.100000
v 0.378320 1.069688 0.112500
v 0.378125 1.069688 0.100000
v 0.378125 1.069688 0.112500
v 0.378320 1.069688 0.100000
v 0.378320 1.067344 0.100000
v 0.378320 1.069688 0.112500
v 0.378320 1.067344 0.112500
v 0.378320 1.069688 0.100000
v 0.378320 1.069688 0.112500
v 0.378125 1.067344 0.112500
v 0.378320 1.067344 0.112500
v 0.378125 1.069688 0.112500
v 0.378320 1.097344 0.112500
v 0.378125 1.095000 0.112500
v 0.378320 1.095000 0.112500
v 0.378125 1.097344 0.112500
v 0.378125 1.097344 0.100000
v 0.378125 1.095000 0.112500
v 0.378125 1.097344 0.112500
v 0.378125 1.095000 0.100000
v 0.378320 1.095000 0.100000
v 0.378125 1.095000 0.112500
v 0.378125 1.095000 0.100000
v 0.378320 1.095000 0.112500
v 0.378320 1.095000 0.100000
v 0.378320 1.097344 0.112500
v 0.378320 1.095000 0.112500
v 0.378320 1.097344 0.100000
v 0.378320 1.097344 0.112500
v 0.378125 1.097344 0.100000
v 0.378125 1.097344 0.112500
v 0.378320 1.097344 0.100000
v 0.378125 1.097344 0.100000
v 0.378320 1.095000 0.100000
v 0.378125 1.095000 0.100000
v 0.378320 1.097344 0.100000
v 0.378125 1.099688 0.100000
v 0.378320 1.097344 0.100000
v 0.378125 1.097344 0.100000
v 0.378320 1.099688 0.100000
v 0.378125 1.099688 0.100000
v 0.378125 1.097344 0.112500
v 0.378125 1.099688 0.112500
v 0.378125 1.097344 0.100000
v 0.378320 1.099688 0.112500
v 0.378125 1.099688 0.100000
v 0.378125 1.099688 0.112500
v 0.378320 1.099688 0.100000
v 0.378320 1.097344 0.100000
v 0.378320 1.099688 0.112500
v 0.378320 1.097344 0.112500
v 0.378320 1.099688 0.100000
v 0.378320 1.099688 0.112500
v 0.378125 1.097344 0.112500
v 0.378320 1.097344 0.112500
v 0.378125 1.099688 0.112500
v 0.378320 1.097344 0.150000
v 0.378125 1.095000 0.150000
v 0.378320 1.095000 0.150000
v 0.378125 1.097344 0.150000
v 0.378125 1.097344 0.137500
v 0.378125 1.095000 0.150000
v 0.378125 1.097344 0.150000
v 0.378125 1.095000 0.137500
v 0.378320 1.095000 0.137500
v 0.378125 1.095000 0.150000
v 0.378125 1.095000 0.137500
v 0.378320 1.095000 0.150000
v 0.378320 1.095000 0.137500
v 0.378320 1.097344 0.150000
v 0.378320 1.095000 0.150000
v 0.378320 1.097344 0.137500
v 0.378320 1.097344 0.150000
v 0.378125 1.097344 0.137500
v 0.378125 1.097344 0.150000
v 0.378320 1.097344 0.137500
v 0.378125 1.097344 0.137500
v 0.378320 1.095000 0.137500
v 0.378125 1.095000 0.137500
v 0.378320 1.097344 0.137500
v 0.378125 1.099688 0.137500
v 0.378320 1.097344 0.137500
v 0.378125 1.097344 0.137500
v 0.378320 1.099688 0.137500
v 0.378125 1.099688 0.137500
v 0.378125 1.097344 0.150000
v 0.378125 1.099688 0.150000
v 0.378125 1.097344 0.137500
v 0.378320 1.099688 0.150000
v 0.378125 1.099688 0.137500
v 0.378125 1.099688 0.150000
v 0.378320 1.099688 0.137500
v 0.378320 1.097344 0.137500
v 0.378320 1.099688 0.150000
v 0.378320 1.097344 0.150000
v 0.378320 1.099688 0.137500
v 0.378320 1.099688 0.150000
v 0.378125 1.097344 0.150000
v 0.378320 1.097344 0.150000
v 0.378125 1.099688 0.150000
v 0.378320 1.067344 0.150000
v 0.378125 1.065000 0.150000
v 0.378320 1.065000 0.150000
v 0.378125 1.067344 0.150000
v 0.378125 1.067344 0.137500
v 0.378125 1.065000 0.150000
v 0.378125 1.067344 0.150000
v 0.378125 1.065000 0.137500
v 0.378320 1.065000 0.137500
v 0.378125 1.065000 0.150000
v 0.378125 1.065000 0.137500
v 0.378320 1.065000 0.150000
v 0.378320 1.065000 0.137500
v 0.378320 1.067344 0.150000
v 0.378320 1.065000 0.150000
v 0.378320 1.067344 0.137500
v 0.378320 1.067344 0.150000
v 0.378125 1.067344 0.137500
v 0.378125 1.067344 0.150000
v 0.378320 1.067344 0.137500
v 0.378125 1.067344 0.137500
v 0.378320 1.065000 0.137500
v 0.378125 1.065000 0.137500
v 0.378320 1.067344 0.137500
v 0.378125 1.069688 0.137500
v 0.378320 1.067344 0.137500
v 0.378125 1.067344 0.137500
v 0.378320 1.069688 0.137500
v 0.378125 1.069688 0.137500
v 0.378125 1.067344 0.150000
v 0.378125 1.069688 0.150000
v 0.378125 1.067344 0.137500
v 0.378320 1.069688 0.150000
v 0.378125 1.069688 0.137500
v 0.378125 1.069688 0.150000
v 0.378320 1.069688 0.137500
v 0.378320 1.067344 0.137500
v 0.378320 1.069688 0.150000
v 0.378320 1.067344 0.150000
v 0.378320 1.069688 0.137500
v 0.378320 1.069688 0.150000
v 0.378125 1.067344 0.150000
v 0.378320 1.067344 0.150000
v 0.378125 1.069688 0.150000
v 0.378320 1.037344 0.150000
v 0.378125 1.035000 0.150000
v 0.378320 1.035000 0.150000
v 0.378125 1.037344 0.150000
v 0.378125 1.037344 0.137500
v 0.378125 1.035000 0.150000
v 0.378125 1.037344 0.150000
v 0.378125 1.035000 0.137500
v 0.378320 1.035000 0.137500
v 0.378125 1.035000 0.150000
v 0.378125 1.035000 0.137500
v 0.378320 1.035000 0.150000
v 0.378320 1.035000 0.137500
v 0.378320 1.037344 0.150000
v 0.378320 1.035000 0.150000
v 0.378320 1.037344 0.137500
v 0.378320 1.037344 0.150000
v 0.378125 1.037344 0.137500
v 0.378125 1.037344 0.150000
v 0.378320 1.037344 0.137500
v 0.378125 1.037344 0.137500
v 0.378320 1.035000 0.137500
v 0.378125 1.035000 0.137500
v 0.378320 1.037344 0.137500
v 0.378125 1.039688 0.137500
v 0.378320 1.037344 0.137500
v 0.378125 1.037344 0.137500
v 0.378320 1.039688 0.137500
v 0.378125 1.039688 0.137500
v 0.378125 1.037344 0.150000
v 0.378125 1.039688 0.150000
v 0.378125 1.037344 0.137500
v 0.378320 1.039688 0.150000
v 0.378125 1.039688 0.137500
v 0.378125 1.039688 0.150000
v 0.378320 1.039688 0.137500
v 0.378320 1.037344 0.137500
v 0.378320 1.039688 0.150000
v 0.378320 1.037344 0.150000
v 0.378320 1.039688 0.137500
v 0.378320 1.039688 0.150000
v 0.378125 1.037344 0.150000
v 0.378320 1.037344 0.150000
v 0.378125 1.039688 0.150000
v 0.378320 1.007344 0.150000
v 0.378125 1.005000 0.150000
v 0.378320 1.005000 0.150000
v 0.378125 1.007344 0.150000
v 0.378125 1.007344 0.137500
v 0.378125 1.005000 0.150000
v 0.378125 1.007344 0.150000
v 0.378125 1.005000 0.137500
v 0.378320 1.005000 0.137500
v 0.378125 1.005000 0.150000
v 0.378125 1.005000 0.137500
v 0.378320 1.005000 0.150000
v 0.378320 1.005000 0.137500
v 0.378320 1.007344 0.150000
v 0.378320 1.005000 0.150000
v 0.378320 1.007344 0.137500
v 0.378320 1.007344 0.150000
v 0.378125 1.007344 0.137500
v 0.378125 1.007344 0.150000
v 0.378320 1.007344 0.137500
v 0.378125 1.007344 0.137500
v 0.378320 1.005000 0.137500
v 0.378125 1.005000 0.137500
v 0.378320 1.007344 0.137500
v 0.378125 1.009688 0.137500
v 0.378320 1.007344 0.137500
v 0.378125 1.007344 0.137500
v 0.378320 1.009688 0.137500
v 0.378125 1.009688 0.137500
v 0.378125 1.007344 0.150000
v 0.378125 1.009688 0.150000
v 0.378125 1.007344 0.137500
v 0.378320 1.009688 0.150000
v 0.378125 1.009688 0.137500
v 0.378125 1.009688 0.150000
v 0.378320 1.009688 0.137500
v 0.378320 1.007344 0.137500
v 0.378320 1.009688 0.150000
v 0.378320 1.007344 0.150000
v 0.378320 1.009688 0.137500
v 0.378320 1.009688 0.150000
v 0.378125 1.007344 0.150000
v 0.378320 1.007344 0.150000
v 0.378125 1.009688 0.150000
v 0.378320 1.037344 0.112500
v 0.378125 1.035000 0.112500
v 0.378320 1.035000 0.112500
v 0.378125 1.037344 0.112500
v 0.378125 1.037344 0.100000
v 0.378125 1.035000 0.112500
v 0.378125 1.037344 0.112500
v 0.378125 1.035000 0.100000
v 0.378320 1.035000 0.100000
v 0.378125 1.035000 0.112500
v 0.378125 1.035000 0.100000
v 0.378320 1.035000 0.112500
v 0.378320 1.035000 0.100000
v 0.378320 1.037344 0.112500
v 0.378320 1.035000 0.112500
v 0.378320 1.037344 0.100000
v 0.378320 1.037344 0.112500
v 0.378125 1.037344 0.100000
v 0.378125 1.037344 0.112500
v 0.378320 1.037344 0.100000
v 0.378125 1.037344 0.100000
v 0.378320 1.035000 0.100000
v 0.378125 1.035000 0.100000
v 0.378320 1.037344 0.100000
v 0.378125 1.039688 0.100000
v 0.378320 1.037344 0.100000
v 0.378125 1.037344 0.100000
v 0.378320 1.039688 0.100000
v 0.378125 1.039688 0.100000
v 0.378125 1.037344 0.112500
v 0.378125 1.039688 0.112500
v 0.378125 1.037344 0.100000
v 0.378320 1.039688 0.112500
v 0.378125 1.039688 0.100000
v 0.378125 1.039688 0.112500
v 0.378320 1.039688 0.100000
v 0.378320 1.037344 0.100000
v 0.378320 1.039688 0.112500
v 0.378320 1.037344 0.112500
v 0.378320 1.039688 0.100000
v 0.378320 1.039688 0.112500
v 0.378125 1.037344 0.112500
v 0.378320 1.037344 0.112500
v 0.378125 1.039688 0.112500
v -0.375000 1.125000 0.087500
v -0.378125 0.975000 0.087500
v -0.375000 0.975000 0.087500
v -0.378125 1.125000 0.087500
v -0.378125 1.125000 0.162500
v -0.375000 1.125000 0.087500
v -0.375000 1.125000 0.162500
v -0.378125 1.125000 0.087500
v -0.378125 1.125000 0.162500
v -0.378125 0.975000 0.087500
v -0.378125 1.125000 0.087500
v -0.378125 0.975000 0.162500
v -0.378125 0.975000 0.087500
v -0.375000 0.975000 0.162500
v -0.375000 0.975000 0.087500
v -0.378125 0.975000 0.162500
v -0.378125 1.125000 0.162500
v -0.375000 0.975000 0.162500
v -0.378125 0.975000 0.162500
v -0.375000 1.125000 0.162500
v -0.378125 1.125000 0.087500
v -0.375000 1.125000 0.087500
v -0.378125 0.975000 0.087500
v -0.375000 0.975000 0.087500
v -0.378125 1.125000 0.087500
v -0.378125 1.125000 0.162500
v -0.375000 1.125000 0.087500
v -0.375000 1.125000 0.162500
v -0.378125 0.975000 0.162500
v -0.378125 1.125000 0.162500
v -0.378125 0.975000 0.087500
v -0.378125 1.125000 0.087500
v -0.378125 0.975000 0.162500
v -0.378125 0.975000 0.087500
v -0.375000 0.975000 0.162500
v -0.375000 0.975000 0.087500
v -0.375000 1.125000 0.162500
v -0.378125 1.125000 0.162500
v -0.375000 0.975000 0.162500
v -0.378125 0.975000 0.162500
v -0.375000 0.975000 0.162500
v -0.375000 1.125000 0.087500
v -0.375000 0.975000 0.087500
v -0.375000 1.125000 0.162500
v -0.378320 1.007344 0.137500
v -0.378125 1.005000 0.137500
v -0.378320 1.005000 0.137500
v -0.378125 1.007344 0.137500
v -0.378125 1.007344 0.150000
v -0.378125 1.005000 0.137500
v -0.378125 1.007344 0.137500
v -0.378125 1.005000 0.150000
v -0.378320 1.005000 0.150000
v -0.378125 1.005000 0.137500
v -0.378125 1.005000 0.150000
v -0.378320 1.005000 0.137500
v -0.378320 1.005000 0.150000
v -0.378320 1.007344 0.137500
v -0.378320 1.005000 0.137500
v -0.378320 1.007344 0.150000
v -0.378320 1.007344 0.137500
v -0.378125 1.007344 0.150000
v -0.378125 1.007344 0.137500
v -0.378320 1.007344 0.150000
v -0.378125 1.007344 0.150000
v -0.378320 1.005000 0.150000
v -0.378125 1.005000 0.150000
v -0.378320 1.007344 0.150000
v -0.378125 1.009688 0.150000
v -0.378320 1.007344 0.150000
v -0.378125 1.007344 0.150000
v -0.378320 1.009688 0.150000
v -0.378125 1.009688 0.150000
v -0.378125 1.007344 0.137500
v -0.378125 1.009688 0.137500
v -0.378125 1.007344 0.150000
v -0.378320 1.009688 0.137500
v -0.378125 1.009688 0.150000
v -0.378125 1.009688 0.137500
v -0.378320 1.009688 0.150000
v -0.378320 1.007344 0.150000
v -0.378320 1.009688 0.137500
v -0.378320 1.007344 0.137500
v -0.378320 1.009688 0.150000
v -0.378320 1.009688 0.137500
v -0.378125 1.007344 0.137500
v -0.378320 1.007344 0.137500
v -0.378125 1.009688 0.137500
v -0.378320 1.067344 0.137500
v -0.378125 1.065000 0.137500
v -0.378320 1.065000 0.137500
v -0.378125 1.067344 0.137500
v -0.378125 1.067344 0.150000
v -0.378125 1.065000 0.137500
v -0.378125 1.067344 0.137500
v -0.378125 1.065000 0.150000
v -0.378320 1.065000 0.150000
v -0.378125 1.065000 0.137500
v -0.378125 1.065000 0.150000
v -0.378320 1.065000 0.137500
v -0.378320 1.065000 0.150000
v -0.378320 1.067344 0.137500
v -0.378320 1.065000 0.137500
v -0.378320 1.067344 0.150000
v -0.378320 1.067344 0.137500
v -0.378125 1.067344 0.150000
v -0.378125 1.067344 0.137500
v -0.378320 1.067344 0.150000
v -0.378125 1.067344 0.150000
v -0.378320 1.065000 0.150000
v -0.378125 1.065000 0.150000
v -0.378320 1.067344 0.150000
v -0.378125 1.069688 0.150000
v -0.378320 1.067344 0.150000
v -0.378125 1.067344 0.150000
v -0.378320 1.069688 0.150000
v -0.378125 1.069688 0.150000
v -0.378125 1.067344 0.137500
v -0.378125 1.069688 0.137500
v -0.378125 1.067344 0.150000
v -0.378320 1.069688 0.137500
v -0.378125 1.069688 0.150000
v -0.378125 1.069688 0.137500
v -0.378320 1.069688 0.150000
v -0.378320 1.067344 0.150000
v -0.378320 1.069688 0.137500
v -0.378320 1.067344 0.137500
v -0.378320 1.069688 0.150000
v -0.378320 1.069688 0.137500
v -0.378125 1.067344 0.137500
v -0.378320 1.067344 0.137500
v -0.378125 1.069688 0.137500
v -0.378320 1.097344 0.137500
v -0.378125 1.095000 0.137500
v -0.378320 1.095000 0.137500
v -0.378125 1.097344 0.137500
v -0.378125 1.097344 0.150000
v -0.378125 1.095000 0.137500
v -0.378125 1.097344 0.137500
v -0.378125 1.095000 0.150000
v -0.378320 1.095000 0.150000
v -0.378125 1.095000 0.137500
v -0.378125 1.095000 0.150000
v -0.378320 1.095000 0.137500
v -0.378320 1.095000 0.150000
v -0.378320 1.097344 0.137500
v -0.378320 1.095000 0.137500
v -0.378320 1.097344 0.150000
v -0.378320 1.097344 0.137500
v -0.378125 1.097344 0.150000
v -0.378125 1.097344 0.137500
v -0.378320 1.097344 0.150000
v -0.378125 1.097344 0.150000
v -0.378320 1.095000 0.150000
v -0.378125 1.095000 0.150000
v -0.378320 1.097344 0.150000
v -0.378125 1.099688 0.150000
v -0.378320 1.097344 0.150000
v -0.378125 1.097344 0.150000
v -0.378320 1.099688 0.150000
v -0.378125 1.099688 0.150000
v -0.378125 1.097344 0.137500
v -0.378125 1.099688 0.137500
v -0.378125 1.097344 0.150000
v -0.378320 1.099688 0.137500
v -0.378125 1.099688 0.150000
v -0.378125 1.099688 0.137500
v -0.378320 1.099688 0.150000
v -0.378320 1.097344 0.150000
v -0.378320 1.099688 0.137500
v -0.378320 1.097344 0.137500
v -0.378320 1.099688 0.150000
v -0.378320 1.099688 0.137500
v -0.378125 1.097344 0.137500
v -0.378320 1.097344 0.137500
v -0.378125 1.099688 0.137500
v -0.378320 1.097344 0.100000
v -0.378125 1.095000 0.100000
v -0.378320 1.095000 0.100000
v -0.378125 1.097344 0.100000
v -0.378125 1.097344 0.112500
v -0.378125 1.095000 0.100000
v -0.378125 1.097344 0.100000
v -0.378125 1.095000 0.112500
v -0.378320 1.095000 0.112500
v -0.378125 1.095000 0.100000
v -0.378125 1.095000 0.112500
v -0.378320 1.095000 0.100000
v -0.378320 1.095000 0.112500
v -0.378320 1.097344 0.100000
v -0.378320 1.095000 0.100000
v -0.378320 1.097344 0.112500
v -0.378320 1.097344 0.100000
v -0.378125 1.097344 0.112500
v -0.378125 1.097344 0.100000
v -0.378320 1.097344 0.112500
v -0.378125 1.097344 0.112500
v -0.378320 1.095000 0.112500
v -0.378125 1.095000 0.112500
v -0.378320 1.097344 0.112500
v -0.378125 1.099688 0.112500
v -0.378320 1.097344 0.112500
v -0.378125 1.097344 0.112500
v -0.378320 1.099688 0.112500
v -0.378125 1.099688 0.112500
v -0.378125 1.097344 0.100000
v -0.378125 1.099688 0.100000
v -0.378125 1.097344 0.112500
v -0.378320 1.099688 0.100000
v -0.378125 1.099688 0.112500
v -0.378125 1.099688 0.100000
v -0.378320 1.099688 0.112500
v -0.378320 1.097344 0.112500
v -0.378320 1.099688 0.100000
v -0.378320 1.097344 0.100000
v -0.378320 1.099688 0.112500
v -0.378320 1.099688 0.100000
v -0.378125 1.097344 0.100000
v -0.378320 1.097344 0.100000
v -0.378125 1.099688 0.100000
v -0.378320 1.067344 0.100000
v -0.378125 1.065000 0.100000
v -0.378320 1.065000 0.100000
v -0.378125 1.067344 0.100000
v -0.378125 1.067344 0.112500
v -0.378125 1.065000 0.100000
v -0.378125 1.067344 0.100000
v -0.378125 1.065000 0.112500
v -0.378320 1.065000 0.112500
v -0.378125 1.065000 0.100000
v -0.378125 1.065000 0.112500
v -0.378320 1.065000 0.100000
v -0.378320 1.065000 0.112500
v -0.378320 1.067344 0.100000
v -0.378320 1.065000 0.100000
v -0.378320 1.067344 0.112500
v -0.378320 1.067344 0.100000
v -0.378125 1.067344 0.112500
v -0.378125 1.067344 0.100000
v -0.378320 1.067344 0.112500
v -0.378125 1.067344 0.112500
v -0.378320 1.065000 0.112500
v -0.378125 1.065000 0.112500
v -0.378320 1.067344 0.112500
v -0.378125 1.069688 0.112500
v -0.378320 1.067344 0.112500
v -0.378125 1.067344 0.112500
v -0.378320 1.069688 0.112500
v -0.378125 1.069688 0.112500
v -0.378125 1.067344 0.100000
v -0.378125 1.069688 0.100000
v -0.378125 1.067344 0.112500
v -0.378320 1.069688 0.100000
v -0.378125 1.069688 0.112500
v -0.378125 1.069688 0.100000
v -0.378320 1.069688 0.112500
v -0.378320 1.067344 0.112500
v -0.378320 1.069688 0.100000
v -0.378320 1.067344 0.100000
v -0.378320 1.069688 0.112500
v -0.378320 1.069688 0.100000
v -0.378125 1.067344 0.100000
v -0.378320 1.067344 0.100000
v -0.378125 1.069688 0.100000
v -0.378320 1.037344 0.100000
v -0.378125 1.035000 0.100000
v -0.378320 1.035000 0.100000
v -0.378125 1.037344 0.100000
v -0.378125 1.037344 0.112500
v -0.378125 1.035000 0.100000
v -0.378125 1.037344 0.100000
v -0.378125 1.035000 0.112500
v -0.378320 1.035000 0.112500
v -0.378125 1.035000 0.100000
v -0.378125 1.035000 0.112500
v -0.378320 1.035000 0.100000
v -0.378320 1.035000 0.112500
v -0.378320 1.037344 0.100000
v -0.378320 1.035000 0.100000
v -0.378320 1.037344 0.112500
v -0.378320 1.037344 0.100000
v -0.378125 1.037344 0.112500
v -0.378125 1.037344 0.100000
v -0.378320 1.037344 0.112500
v -0.378125 1.037344 0.112500
v -0.378320 1.035000 0.112500
v -0.378125 1.035000 0.112500
v -0.378320 1.037344 0.112500
v -0.378125 1.039688 0.112500
v -0.378320 1.037344 0.112500
v -0.378125 1.037344 0.112500
v -0.378320 1.039688 0.112500
v -0.378125 1.039688 0.112500
v -0.378125 1.037344 0.100000
v -0.378125 1.039688 0.100000
v -0.378125 1.037344 0.112500
v -0.378320 1.039688 0.100000
v -0.378125 1.039688 0.112500
v -0.378125 1.039688 0.100000
v -0.378320 1.039688 0.112500
v -0.378320 1.037344 0.112500
v -0.378320 1.039688 0.100000
v -0.378320 1.037344 0.100000
v -0.378320 1.039688 0.112500
v -0.378320 1.039688 0.100000
v -0.378125 1.037344 0.100000
v -0.378320 1.037344 0.100000
v -0.378125 1.039688 0.100000
v -0.378320 1.007344 0.100000
v -0.378125 1.005000 0.100000
v -0.378320 1.005000 0.100000
v -0.378125 1.007344 0.100000
v -0.378125 1.007344 0.112500
v -0.378125 1.005000 0.100000
v -0.378125 1.007344 0.100000
v -0.378125 1.005000 0.112500
v -0.378320 1.005000 0.112500
v -0.378125 1.005000 0.100000
v -0.378125 1.005000 0.112500
v -0.378320 1.005000 0.100000
v -0.378320 1.005000 0.112500
v -0.378320 1.007344 0.100000
v -0.378320 1.005000 0.100000
v -0.378320 1.007344 0.112500
v -0.378320 1.007344 0.100000
v -0.378125 1.007344 0.112500
v -0.378125 1.007344 0.100000
v -0.378320 1.007344 0.112500
v -0.378125 1.007344 0.112500
v -0.378320 1.005000 0.112500
v -0.378125 1.005000 0.112500
v -0.378320 1.007344 0.112500
v -0.378125 1.009688 0.112500
v -0.378320 1.007344 0.112500
v -0.378125 1.007344 0.112500
v -0.378320 1.009688 0.112500
v -0.378125 1.009688 0.112500
v -0.378125 1.007344 0.100000
v -0.378125 1.009688 0.100000
v -0.378125 1.007344 0.112500
v -0.378320 1.009688 0.100000
v -0.378125 1.009688 0.112500
v -0.378125 1.009688 0.100000
v -0.378320 1.009688 0.112500
v -0.378320 1.007344 0.112500
v -0.378320 1.009688 0.100000
v -0.378320 1.007344 0.100000
v -0.378320 1.009688 0.112500
v -0.378320 1.009688 0.100000
v -0.378125 1.007344 0.100000
v -0.378320 1.007344 0.100000
v -0.378125 1.009688 0.100000
v -0.378320 1.037344 0.137500
v -0.378125 1.035000 0.137500
v -0.378320 1.035000 0.137500
v -0.378125 1.037344 0.137500
v -0.378125 1.037344 0.150000
v -0.378125 1.035000 0.137500
v -0.378125 1.037344 0.137500
v -0.378125 1.035000 0.150000
v -0.378320 1.035000 0.150000
v -0.378125 1.035000 0.137500
v -0.378125 1.035000 0.150000
v -0.378320 1.035000 0.137500
v -0.378320 1.035000 0.150000
v -0.378320 1.037344 0.137500
v -0.378320 1.035000 0.137500
v -0.378320 1.037344 0.150000
v -0.378320 1.037344 0.137500
v -0.378125 1.037344 0.150000
v -0.378125 1.037344 0.137500
v -0.378320 1.037344 0.150000
v -0.378125 1.037344 0.150000
v -0.378320 1.035000 0.150000
v -0.378125 1.035000 0.150000
v -0.378320 1.037344 0.150000
v -0.378125 1.039688 0.150000
v -0.378320 1.037344 0.150000
v -0.378125 1.037344 0.150000
v -0.378320 1.039688 0.150000
v -0.378125 1.039688 0.150000
v -0.378125 1.037344 0.137500
v -0.378125 1.039688 0.137500
v -0.378125 1.037344 0.150000
v -0.378320 1.039688 0.137500
v -0.378125 1.039688 0.150000
v -0.378125 1.039688 0.137500
v -0.378320 1.039688 0.150000
v -0.378320 1.037344 0.150000
v -0.378320 1.039688 0.137500
v -0.378320 1.037344 0.137500
v -0.378320 1.039688 0.150000
v -0.378320 1.039688 0.137500
v -0.378125 1.037344 0.137500
v -0.378320 1.037344 0.137500
v -0.378125 1.039688 0.137500
v 0.378125 0.845952 0.184375
v 0.375000 0.845952 0.066265
v 0.375000 0.845952 0.184375
v 0.378125 0.845952 0.066265
v 0.375000 0.925000 0.184375
v 0.378125 0.845952 0.184375
v 0.375000 0.845952 0.184375
v 0.378125 0.925000 0.184375
v 0.378125 0.925000 0.184375
v 0.378125 0.913189 0.173057
v 0.378125 0.845952 0.184375
v 0.378125 0.925000 0.066265
v 0.378125 0.913189 0.170104
v 0.378125 0.912205 0.163214
v 0.378125 0.904331 0.170104
v 0.378125 0.898425 0.169612
v 0.378125 0.898977 0.169316
v 0.378125 0.899460 0.168918
v 0.378125 0.899857 0.168433
v 0.378125 0.900151 0.167881
v 0.378125 0.900333 0.167282
v 0.378125 0.900394 0.166659
v 0.378125 0.900333 0.166036
v 0.378125 0.900151 0.165437
v 0.378125 0.899857 0.164885
v 0.378125 0.899460 0.164400
v 0.378125 0.898977 0.164002
v 0.378125 0.898425 0.163706
v 0.378125 0.894488 0.163706
v 0.378125 0.912205 0.160261
v 0.378125 0.905315 0.160261
v 0.378125 0.894488 0.169612
v 0.378125 0.845952 0.066265
v 0.378125 0.904331 0.173057
v 0.378125 0.905315 0.163214
v 0.378125 0.925000 0.066265
v 0.375000 0.845952 0.066265
v 0.378125 0.845952 0.066265
v 0.375000 0.925000 0.066265
v 0.378125 0.925000 0.066265
v 0.375000 0.925000 0.184375
v 0.375000 0.925000 0.066265
v 0.378125 0.925000 0.184375
v 0.378125 0.845952 0.066265
v 0.378125 0.845952 0.184375
v 0.375000 0.845952 0.066265
v 0.375000 0.845952 0.184375
v 0.378125 0.925000 0.184375
v 0.375000 0.925000 0.184375
v 0.378125 0.845952 0.184375
v 0.375000 0.845952 0.184375
v 0.378125 0.925000 0.066265
v 0.378125 0.905315 0.160261
v 0.378125 0.845952 0.066265
v 0.378125 0.905315 0.163214
v 0.378125 0.912205 0.163214
v 0.378125 0.894488 0.163706
v 0.378125 0.894488 0.169612
v 0.378125 0.898425 0.169612
v 0.378125 0.904331 0.170104
v 0.378125 0.904331 0.173057
v 0.378125 0.913189 0.173057
v 0.378125 0.845952 0.184375
v 0.378125 0.912205 0.160261
v 0.378125 0.898425 0.163706
v 0.378125 0.898977 0.164002
v 0.378125 0.899460 0.164400
v 0.378125 0.899857 0.164885
v 0.378125 0.900151 0.165437
v 0.378125 0.900333 0.166036
v 0.378125 0.900394 0.166659
v 0.378125 0.900333 0.167282
v 0.378125 0.900151 0.167881
v 0.378125 0.899857 0.168433
v 0.378125 0.899460 0.168918
v 0.378125 0.898977 0.169316
v 0.378125 0.913189 0.170104
v 0.378125 0.925000 0.184375
v 0.375000 0.925000 0.066265
v 0.378125 0.925000 0.066265
v 0.375000 0.845952 0.066265
v 0.378125 0.845952 0.066265
v 0.378125 0.925000 0.184375
v 0.378125 0.925000 0.066265
v 0.375000 0.925000 0.184375
v 0.375000 0.925000 0.066265
v 0.378223 0.899460 0.164400
v 0.378125 0.899857 0.164885
v 0.378125 0.899460 0.164400
v 0.378223 0.899857 0.164885
v 0.378125 0.898977 0.164002
v 0.378223 0.898977 0.164002
v 0.378125 0.900151 0.165437
v 0.378223 0.900151 0.165437
v 0.378125 0.898425 0.163706
v 0.378223 0.898425 0.163706
v 0.378125 0.900333 0.166036
v 0.378223 0.900333 0.166036
v 0.378223 0.898425 0.163706
v 0.378125 0.894488 0.163706
v 0.378223 0.894488 0.163706
v 0.378125 0.898425 0.163706
v 0.378125 0.900394 0.166659
v 0.378223 0.900394 0.166659
v 0.378223 0.894488 0.169612
v 0.378125 0.894488 0.163706
v 0.378125 0.894488 0.169612
v 0.378223 0.894488 0.163706
v 0.378125 0.900333 0.167282
v 0.378223 0.900333 0.167282
v 0.378125 0.900151 0.167881
v 0.378223 0.900151 0.167881
v 0.378125 0.899857 0.168433
v 0.378223 0.899857 0.168433
v 0.378125 0.899460 0.168918
v 0.378223 0.899460 0.168918
v 0.378223 0.898977 0.169316
v 0.378125 0.898977 0.169316
v 0.378223 0.898425 0.169612
v 0.378125 0.898425 0.169612
v 0.378223 0.899857 0.164885
v 0.378223 0.899460 0.164400
v 0.378125 0.899857 0.164885
v 0.378125 0.899460 0.164400
v 0.378125 0.898977 0.164002
v 0.378223 0.898977 0.164002
v 0.378223 0.900151 0.165437
v 0.378125 0.900151 0.165437
v 0.378125 0.898425 0.163706
v 0.378223 0.898425 0.163706
v 0.378223 0.900333 0.166036
v 0.378125 0.900333 0.166036
v 0.378125 0.898425 0.163706
v 0.378223 0.898425 0.163706
v 0.378125 0.894488 0.163706
v 0.378223 0.894488 0.163706
v 0.378223 0.900394 0.166659
v 0.378125 0.900394 0.166659
v 0.378223 0.894488 0.163706
v 0.378223 0.894488 0.169612
v 0.378125 0.894488 0.163706
v 0.378125 0.894488 0.169612
v 0.378223 0.900333 0.167282
v 0.378125 0.900333 0.167282
v 0.378223 0.900151 0.167881
v 0.378125 0.900151 0.167881
v 0.378223 0.899857 0.168433
v 0.378125 0.899857 0.168433
v 0.378223 0.899460 0.168918
v 0.378125 0.899460 0.168918
v 0.378223 0.898977 0.169316
v 0.378125 0.898977 0.169316
v 0.378223 0.898425 0.169612
v 0.378125 0.898425 0.169612
v 0.375000 0.845952 0.066265
v 0.375000 0.925000 0.184375
v 0.375000 0.845952 0.184375
v 0.375000 0.925000 0.066265
v 0.378223 0.905315 0.163214
v 0.378125 0.905315 0.160261
v 0.378125 0.905315 0.163214
v 0.378223 0.905315 0.160261
v 0.378125 0.912205 0.163214
v 0.378223 0.905315 0.163214
v 0.378125 0.905315 0.163214
v 0.378223 0.912205 0.163214
v 0.378223 0.912205 0.160261
v 0.378125 0.905315 0.160261
v 0.378223 0.905315 0.160261
v 0.378125 0.912205 0.160261
v 0.378223 0.912205 0.160261
v 0.378125 0.912205 0.163214
v 0.378125 0.912205 0.160261
v 0.378223 0.912205 0.163214
v 0.378223 0.905315 0.160261
v 0.378223 0.905315 0.163214
v 0.378125 0.905315 0.160261
v 0.378125 0.905315 0.163214
v 0.378223 0.912205 0.163214
v 0.378125 0.912205 0.163214
v 0.378223 0.905315 0.163214
v 0.378125 0.905315 0.163214
v 0.378125 0.912205 0.160261
v 0.378223 0.912205 0.160261
v 0.378125 0.905315 0.160261
v 0.378223 0.905315 0.160261
v 0.378223 0.912205 0.163214
v 0.378223 0.912205 0.160261
v 0.378125 0.912205 0.163214
v 0.378125 0.912205 0.160261
v 0.378223 0.912205 0.160261
v 0.378223 0.905315 0.163214
v 0.378223 0.912205 0.163214
v 0.378223 0.905315 0.160261
v 0.378223 0.905315 0.160261
v 0.378223 0.912205 0.160261
v 0.378223 0.905315 0.163214
v 0.378223 0.912205 0.163214
v 0.378125 0.913189 0.173057
v 0.378223 0.904331 0.173057
v 0.378125 0.904331 0.173057
v 0.378223 0.913189 0.173057
v 0.378223 0.904331 0.173057
v 0.378125 0.904331 0.170104
v 0.378125 0.904331 0.173057
v 0.378223 0.904331 0.170104
v 0.378223 0.913189 0.173057
v 0.378125 0.913189 0.173057
v 0.378223 0.904331 0.173057
v 0.378125 0.904331 0.173057
v 0.378223 0.904331 0.170104
v 0.378223 0.904331 0.173057
v 0.378125 0.904331 0.170104
v 0.378125 0.904331 0.173057
v 0.378223 0.913189 0.170104
v 0.378223 0.904331 0.173057
v 0.378223 0.913189 0.173057
v 0.378223 0.904331 0.170104
v 0.378223 0.904331 0.170104
v 0.378223 0.913189 0.170104
v 0.378223 0.904331 0.173057
v 0.378223 0.913189 0.173057
v 0.378125 0.912205 0.160261
v 0.378125 0.912205 0.163214
v 0.378125 0.905315 0.160261
v 0.378125 0.905315 0.163214
v 0.378125 0.898425 0.163706
v 0.378125 0.898977 0.164002
v 0.378125 0.894488 0.163706
v 0.378125 0.894488 0.169612
v 0.378125 0.898425 0.169612
v 0.378125 0.898977 0.169316
v 0.378125 0.899460 0.168918
v 0.378125 0.899857 0.168433
v 0.378125 0.900151 0.167881
v 0.378125 0.900333 0.167282
v 0.378125 0.900394 0.166659
v 0.378125 0.900333 0.166036
v 0.378125 0.900151 0.165437
v 0.378125 0.899857 0.164885
v 0.378125 0.899460 0.164400
v 0.378716 0.905315 0.160261
v 0.378223 0.905315 0.163214
v 0.378223 0.905315 0.160261
v 0.378716 0.905315 0.163214
v 0.378223 0.912205 0.160261
v 0.378223 0.905315 0.163214
v 0.378223 0.912205 0.163214
v 0.378223 0.905315 0.160261
v 0.378223 0.912205 0.160261
v 0.378716 0.905315 0.160261
v 0.378223 0.905315 0.160261
v 0.378716 0.912205 0.160261
v 0.378716 0.905315 0.160261
v 0.378716 0.912205 0.163214
v 0.378716 0.905315 0.163214
v 0.378716 0.912205 0.160261
v 0.378716 0.912205 0.163214
v 0.378223 0.905315 0.163214
v 0.378716 0.905315 0.163214
v 0.378223 0.912205 0.163214
v 0.378716 0.912205 0.163214
v 0.378223 0.912205 0.160261
v 0.378223 0.912205 0.163214
v 0.378716 0.912205 0.160261
v 0.378716 0.913189 0.173057
v 0.378223 0.904331 0.173057
v 0.378716 0.904331 0.173057
v 0.378223 0.913189 0.173057
v 0.378223 0.913189 0.170104
v 0.378223 0.904331 0.173057
v 0.378223 0.913189 0.173057
v 0.378223 0.904331 0.170104
v 0.378716 0.904331 0.170104
v 0.378223 0.904331 0.173057
v 0.378223 0.904331 0.170104
v 0.378716 0.904331 0.173057
v 0.378716 0.904331 0.170104
v 0.378716 0.913189 0.173057
v 0.378716 0.904331 0.173057
v 0.378716 0.913189 0.170104
v 0.378716 0.913189 0.173057
v 0.378223 0.913189 0.170104
v 0.378223 0.913189 0.173057
v 0.378716 0.913189 0.170104
v 0.378223 0.913189 0.170104
v 0.378716 0.904331 0.170104
v 0.378223 0.904331 0.170104
v 0.378716 0.913189 0.170104
v 0.378223 0.898977 0.169316
v 0.378223 0.894488 0.169612
v 0.378223 0.898425 0.169612
v 0.378223 0.894488 0.163706
v 0.378223 0.899460 0.168918
v 0.378223 0.899857 0.168433
v 0.378223 0.900151 0.167881
v 0.378223 0.900333 0.167282
v 0.378223 0.900394 0.166659
v 0.378223 0.900333 0.166036
v 0.378223 0.900151 0.165437
v 0.378223 0.899857 0.164885
v 0.378223 0.899460 0.164400
v 0.378223 0.898977 0.164002
v 0.378223 0.898425 0.163706
v 0.378716 0.898425 0.169612
v 0.378223 0.894488 0.169612
v 0.378716 0.894488 0.169612
v 0.378223 0.898425 0.169612
v 0.378716 0.898977 0.169316
v 0.378223 0.898425 0.169612
v 0.378716 0.898425 0.169612
v 0.378223 0.898977 0.169316
v 0.378716 0.899460 0.168918
v 0.378223 0.899460 0.168918
v 0.378223 0.899857 0.168433
v 0.378716 0.899857 0.168433
v 0.378223 0.900151 0.167881
v 0.378716 0.900151 0.167881
v 0.378223 0.900333 0.167282
v 0.378716 0.900333 0.167282
v 0.378223 0.900394 0.166659
v 0.378716 0.900394 0.166659
v 0.378223 0.900333 0.166036
v 0.378716 0.900333 0.166036
v 0.378223 0.900151 0.165437
v 0.378716 0.900151 0.165437
v 0.378223 0.899857 0.164885
v 0.378716 0.899857 0.164885
v 0.378223 0.899460 0.164400
v 0.378716 0.899460 0.164400
v 0.378716 0.898977 0.164002
v 0.378223 0.898977 0.164002
v 0.378716 0.898425 0.163706
v 0.378223 0.898425 0.163706
v 0.378223 0.898425 0.163706
v 0.378716 0.894488 0.163706
v 0.378223 0.894488 0.163706
v 0.378716 0.898425 0.163706
v 0.378716 0.894488 0.163706
v 0.378223 0.894488 0.169612
v 0.378223 0.894488 0.163706
v 0.378716 0.894488 0.169612
v 0.378716 0.894488 0.163706
v 0.378716 0.898425 0.169612
v 0.378716 0.894488 0.169612
v 0.378716 0.898977 0.169316
v 0.378716 0.899460 0.168918
v 0.378716 0.899857 0.168433
v 0.378716 0.900151 0.167881
v 0.378716 0.900333 0.167282
v 0.378716 0.900394 0.166659
v 0.378716 0.900333 0.166036
v 0.378716 0.900151 0.165437
v 0.378716 0.899857 0.164885
v 0.378716 0.899460 0.164400
v 0.378716 0.898977 0.164002
v 0.378716 0.898425 0.163706
v 0.378617 0.865256 0.160261
v 0.378125 0.865256 0.163214
v 0.378125 0.865256 0.160261
v 0.378617 0.865256 0.163214
v 0.378125 0.872146 0.160261
v 0.378125 0.865256 0.163214
v 0.378125 0.872146 0.163214
v 0.378125 0.865256 0.160261
v 0.378125 0.872146 0.160261
v 0.378617 0.865256 0.160261
v 0.378125 0.865256 0.160261
v 0.378617 0.872146 0.160261
v 0.378617 0.865256 0.160261
v 0.378617 0.872146 0.163214
v 0.378617 0.865256 0.163214
v 0.378617 0.872146 0.160261
v 0.378617 0.872146 0.163214
v 0.378125 0.865256 0.163214
v 0.378617 0.865256 0.163214
v 0.378125 0.872146 0.163214
v 0.378617 0.872146 0.163214
v 0.378125 0.872146 0.160261
v 0.378125 0.872146 0.163214
v 0.378617 0.872146 0.160261
v 0.378617 0.873130 0.173057
v 0.378125 0.864272 0.173057
v 0.378617 0.864272 0.173057
v 0.378125 0.873130 0.173057
v 0.378125 0.873130 0.170104
v 0.378125 0.864272 0.173057
v 0.378125 0.873130 0.173057
v 0.378125 0.864272 0.170104
v 0.378617 0.864272 0.170104
v 0.378125 0.864272 0.173057
v 0.378125 0.864272 0.170104
v 0.378617 0.864272 0.173057
v 0.378617 0.864272 0.170104
v 0.378617 0.873130 0.173057
v 0.378617 0.864272 0.173057
v 0.378617 0.873130 0.170104
v 0.378617 0.873130 0.173057
v 0.378125 0.873130 0.170104
v 0.378125 0.873130 0.173057
v 0.378617 0.873130 0.170104
v 0.378125 0.873130 0.170104
v 0.378617 0.864272 0.170104
v 0.378125 0.864272 0.170104
v 0.378617 0.873130 0.170104
v 0.378125 0.858918 0.169316
v 0.378125 0.854429 0.169612
v 0.378125 0.858366 0.169612
v 0.378125 0.854429 0.163706
v 0.378125 0.859401 0.168918
v 0.378125 0.859797 0.168433
v 0.378125 0.860092 0.167881
v 0.378125 0.860274 0.167282
v 0.378125 0.860335 0.166659
v 0.378125 0.860274 0.166036
v 0.378125 0.860092 0.165437
v 0.378125 0.859797 0.164885
v 0.378125 0.859401 0.164400
v 0.378125 0.858918 0.164002
v 0.378125 0.858366 0.163706
v 0.378617 0.858366 0.169612
v 0.378125 0.854429 0.169612
v 0.378617 0.854429 0.169612
v 0.378125 0.858366 0.169612
v 0.378617 0.858918 0.169316
v 0.378125 0.858366 0.169612
v 0.378617 0.858366 0.169612
v 0.378125 0.858918 0.169316
v 0.378617 0.859401 0.168918
v 0.378125 0.859401 0.168918
v 0.378125 0.859797 0.168433
v 0.378617 0.859797 0.168433
v 0.378125 0.860092 0.167881
v 0.378617 0.860092 0.167881
v 0.378125 0.860274 0.167282
v 0.378617 0.860274 0.167282
v 0.378125 0.860335 0.166659
v 0.378617 0.860335 0.166659
v 0.378125 0.860274 0.166036
v 0.378617 0.860274 0.166036
v 0.378125 0.860092 0.165437
v 0.378617 0.860092 0.165437
v 0.378125 0.859797 0.164885
v 0.378617 0.859797 0.164885
v 0.378125 0.859401 0.164400
v 0.378617 0.859401 0.164400
v 0.378617 0.858918 0.164002
v 0.378125 0.858918 0.164002
v 0.378617 0.858366 0.163706
v 0.378125 0.858366 0.163706
v 0.378125 0.858366 0.163706
v 0.378617 0.854429 0.163706
v 0.378125 0.854429 0.163706
v 0.378617 0.858366 0.163706
v 0.378617 0.854429 0.163706
v 0.378125 0.854429 0.169612
v 0.378125 0.854429 0.163706
v 0.378617 0.854429 0.169612
v 0.378617 0.854429 0.163706
v 0.378617 0.858366 0.169612
v 0.378617 0.854429 0.169612
v 0.378617 0.858918 0.169316
v 0.378617 0.859401 0.168918
v 0.378617 0.859797 0.168433
v 0.378617 0.860092 0.167881
v 0.378617 0.860274 0.167282
v 0.378617 0.860335 0.166659
v 0.378617 0.860274 0.166036
v 0.378617 0.860092 0.165437
v 0.378617 0.859797 0.164885
v 0.378617 0.859401 0.164400
v 0.378617 0.858918 0.164002
v 0.378617 0.858366 0.163706
v 0.378617 0.905315 0.081902
v 0.378125 0.905315 0.084855
v 0.378125 0.905315 0.081902
v 0.378617 0.905315 0.084855
v 0.378125 0.912205 0.081902
v 0.378125 0.905315 0.084855
v 0.378125 0.912205 0.084855
v 0.378125 0.905315 0.081902
v 0.378125 0.912205 0.081902
v 0.378617 0.905315 0.081902
v 0.378125 0.905315 0.081902
v 0.378617 0.912205 0.081902
v 0.378617 0.905315 0.081902
v 0.378617 0.912205 0.084855
v 0.378617 0.905315 0.084855
v 0.378617 0.912205 0.081902
v 0.378617 0.912205 0.084855
v 0.378125 0.905315 0.084855
v 0.378617 0.905315 0.084855
v 0.378125 0.912205 0.084855
v 0.378617 0.912205 0.084855
v 0.378125 0.912205 0.081902
v 0.378125 0.912205 0.084855
v 0.378617 0.912205 0.081902
v 0.378617 0.913189 0.094698
v 0.378125 0.904331 0.094698
v 0.378617 0.904331 0.094698
v 0.378125 0.913189 0.094698
v 0.378125 0.913189 0.091745
v 0.378125 0.904331 0.094698
v 0.378125 0.913189 0.094698
v 0.378125 0.904331 0.091745
v 0.378617 0.904331 0.091745
v 0.378125 0.904331 0.094698
v 0.378125 0.904331 0.091745
v 0.378617 0.904331 0.094698
v 0.378617 0.904331 0.091745
v 0.378617 0.913189 0.094698
v 0.378617 0.904331 0.094698
v 0.378617 0.913189 0.091745
v 0.378617 0.913189 0.094698
v 0.378125 0.913189 0.091745
v 0.378125 0.913189 0.094698
v 0.378617 0.913189 0.091745
v 0.378125 0.913189 0.091745
v 0.378617 0.904331 0.091745
v 0.378125 0.904331 0.091745
v 0.378617 0.913189 0.091745
v 0.378125 0.898977 0.090957
v 0.378125 0.894488 0.091253
v 0.378125 0.898425 0.091253
v 0.378125 0.894488 0.085347
v 0.378125 0.899460 0.090559
v 0.378125 0.899857 0.090075
v 0.378125 0.900151 0.089522
v 0.378125 0.900333 0.088923
v 0.378125 0.900394 0.088300
v 0.378125 0.900333 0.087677
v 0.378125 0.900151 0.087078
v 0.378125 0.899857 0.086526
v 0.378125 0.899460 0.086041
v 0.378125 0.898977 0.085644
v 0.378125 0.898425 0.085347
v 0.378617 0.898425 0.091253
v 0.378125 0.894488 0.091253
v 0.378617 0.894488 0.091253
v 0.378125 0.898425 0.091253
v 0.378617 0.898977 0.090957
v 0.378125 0.898425 0.091253
v 0.378617 0.898425 0.091253
v 0.378125 0.898977 0.090957
v 0.378617 0.899460 0.090559
v 0.378125 0.899460 0.090559
v 0.378125 0.899857 0.090075
v 0.378617 0.899857 0.090075
v 0.378125 0.900151 0.089522
v 0.378617 0.900151 0.089522
v 0.378125 0.900333 0.088923
v 0.378617 0.900333 0.088923
v 0.378125 0.900394 0.088300
v 0.378617 0.900394 0.088300
v 0.378125 0.900333 0.087677
v 0.378617 0.900333 0.087677
v 0.378125 0.900151 0.087078
v 0.378617 0.900151 0.087078
v 0.378125 0.899857 0.086526
v 0.378617 0.899857 0.086526
v 0.378125 0.899460 0.086041
v 0.378617 0.899460 0.086041
v 0.378617 0.898977 0.085644
v 0.378125 0.898977 0.085644
v 0.378617 0.898425 0.085347
v 0.378125 0.898425 0.085347
v 0.378125 0.898425 0.085347
v 0.378617 0.894488 0.085347
v 0.378125 0.894488 0.085347
v 0.378617 0.898425 0.085347
v 0.378617 0.894488 0.085347
v 0.378125 0.894488 0.091253
v 0.378125 0.894488 0.085347
v 0.378617 0.894488 0.091253
v 0.378617 0.894488 0.085347
v 0.378617 0.898425 0.091253
v 0.378617 0.894488 0.091253
v 0.378617 0.898977 0.090957
v 0.378617 0.899460 0.090559
v 0.378617 0.899857 0.090075
v 0.378617 0.900151 0.089522
v 0.378617 0.900333 0.088923
v 0.378617 0.900394 0.088300
v 0.378617 0.900333 0.087677
v 0.378617 0.900151 0.087078
v 0.378617 0.899857 0.086526
v 0.378617 0.899460 0.086041
v 0.378617 0.898977 0.085644
v 0.378617 0.898425 0.085347
v 0.378617 0.905315 0.121273
v 0.378125 0.905315 0.124225
v 0.378125 0.905315 0.121273
v 0.378617 0.905315 0.124225
v 0.378125 0.912205 0.121273
v 0.378125 0.905315 0.124225
v 0.378125 0.912205 0.124225
v 0.378125 0.905315 0.121273
v 0.378125 0.912205 0.121273
v 0.378617 0.905315 0.121273
v 0.378125 0.905315 0.121273
v 0.378617 0.912205 0.121273
v 0.378617 0.905315 0.121273
v 0.378617 0.912205 0.124225
v 0.378617 0.905315 0.124225
v 0.378617 0.912205 0.121273
v 0.378617 0.912205 0.124225
v 0.378125 0.905315 0.124225
v 0.378617 0.905315 0.124225
v 0.378125 0.912205 0.124225
v 0.378617 0.912205 0.124225
v 0.378125 0.912205 0.121273
v 0.378125 0.912205 0.124225
v 0.378617 0.912205 0.121273
v 0.378617 0.913189 0.134068
v 0.378125 0.904331 0.134068
v 0.378617 0.904331 0.134068
v 0.378125 0.913189 0.134068
v 0.378125 0.913189 0.131115
v 0.378125 0.904331 0.134068
v 0.378125 0.913189 0.134068
v 0.378125 0.904331 0.131115
v 0.378617 0.904331 0.131115
v 0.378125 0.904331 0.134068
v 0.378125 0.904331 0.131115
v 0.378617 0.904331 0.134068
v 0.378617 0.904331 0.131115
v 0.378617 0.913189 0.134068
v 0.378617 0.904331 0.134068
v 0.378617 0.913189 0.131115
v 0.378617 0.913189 0.134068
v 0.378125 0.913189 0.131115
v 0.378125 0.913189 0.134068
v 0.378617 0.913189 0.131115
v 0.378125 0.913189 0.131115
v 0.378617 0.904331 0.131115
v 0.378125 0.904331 0.131115
v 0.378617 0.913189 0.131115
v 0.378125 0.898977 0.130327
v 0.378125 0.894488 0.130623
v 0.378125 0.898425 0.130623
v 0.378125 0.894488 0.124717
v 0.378125 0.899460 0.129929
v 0.378125 0.899857 0.129445
v 0.378125 0.900151 0.128892
v 0.378125 0.900333 0.128293
v 0.378125 0.900394 0.127670
v 0.378125 0.900333 0.127047
v 0.378125 0.900151 0.126448
v 0.378125 0.899857 0.125896
v 0.378125 0.899460 0.125411
v 0.378125 0.898977 0.125014
v 0.378125 0.898425 0.124717
v 0.378617 0.898425 0.130623
v 0.378125 0.894488 0.130623
v 0.378617 0.894488 0.130623
v 0.378125 0.898425 0.130623
v 0.378617 0.898977 0.130327
v 0.378125 0.898425 0.130623
v 0.378617 0.898425 0.130623
v 0.378125 0.898977 0.130327
v 0.378617 0.899460 0.129929
v 0.378125 0.899460 0.129929
v 0.378125 0.899857 0.129445
v 0.378617 0.899857 0.129445
v 0.378125 0.900151 0.128892
v 0.378617 0.900151 0.128892
v 0.378125 0.900333 0.128293
v 0.378617 0.900333 0.128293
v 0.378125 0.900394 0.127670
v 0.378617 0.900394 0.127670
v 0.378125 0.900333 0.127047
v 0.378617 0.900333 0.127047
v 0.378125 0.900151 0.126448
v 0.378617 0.900151 0.126448
v 0.378125 0.899857 0.125896
v 0.378617 0.899857 0.125896
v 0.378125 0.899460 0.125411
v 0.378617 0.899460 0.125411
v 0.378617 0.898977 0.125014
v 0.378125 0.898977 0.125014
v 0.378617 0.898425 0.124717
v 0.378125 0.898425 0.124717
v 0.378125 0.898425 0.124717
v 0.378617 0.894488 0.124717
v 0.378125 0.894488 0.124717
v 0.378617 0.898425 0.124717
v 0.378617 0.894488 0.124717
v 0.378125 0.894488 0.130623
v 0.378125 0.894488 0.124717
v 0.378617 0.894488 0.130623
v 0.378617 0.894488 0.124717
v 0.378617 0.898425 0.130623
v 0.378617 0.894488 0.130623
v 0.378617 0.898977 0.130327
v 0.378617 0.899460 0.129929
v 0.378617 0.899857 0.129445
v 0.378617 0.900151 0.128892
v 0.378617 0.900333 0.128293
v 0.378617 0.900394 0.127670
v 0.378617 0.900333 0.127047
v 0.378617 0.900151 0.126448
v 0.378617 0.899857 0.125896
v 0.378617 0.899460 0.125411
v 0.378617 0.898977 0.125014
v 0.378617 0.898425 0.124717
v 0.378617 0.865256 0.121273
v 0.378125 0.865256 0.124225
v 0.378125 0.865256 0.121273
v 0.378617 0.865256 0.124225
v 0.378125 0.872146 0.121273
v 0.378125 0.865256 0.124225
v 0.378125 0.872146 0.124225
v 0.378125 0.865256 0.121273
v 0.378125 0.872146 0.121273
v 0.378617 0.865256 0.121273
v 0.378125 0.865256 0.121273
v 0.378617 0.872146 0.121273
v 0.378617 0.865256 0.121273
v 0.378617 0.872146 0.124225
v 0.378617 0.865256 0.124225
v 0.378617 0.872146 0.121273
v 0.378617 0.872146 0.124225
v 0.378125 0.865256 0.124225
v 0.378617 0.865256 0.124225
v 0.378125 0.872146 0.124225
v 0.378617 0.872146 0.124225
v 0.378125 0.872146 0.121273
v 0.378125 0.872146 0.124225
v 0.378617 0.872146 0.121273
v 0.378617 0.873130 0.134068
v 0.378125 0.864272 0.134068
v 0.378617 0.864272 0.134068
v 0.378125 0.873130 0.134068
v 0.378125 0.873130 0.131115
v 0.378125 0.864272 0.134068
v 0.378125 0.873130 0.134068
v 0.378125 0.864272 0.131115
v 0.378617 0.864272 0.131115
v 0.378125 0.864272 0.134068
v 0.378125 0.864272 0.131115
v 0.378617 0.864272 0.134068
v 0.378617 0.864272 0.131115
v 0.378617 0.873130 0.134068
v 0.378617 0.864272 0.134068
v 0.378617 0.873130 0.131115
v 0.378617 0.873130 0.134068
v 0.378125 0.873130 0.131115
v 0.378125 0.873130 0.134068
v 0.378617 0.873130 0.131115
v 0.378125 0.873130 0.131115
v 0.378617 0.864272 0.131115
v 0.378125 0.864272 0.131115
v 0.378617 0.873130 0.131115
v 0.378125 0.858918 0.130327
v 0.378125 0.854429 0.130623
v 0.378125 0.858366 0.130623
v 0.378125 0.854429 0.124717
v 0.378125 0.859401 0.129929
v 0.378125 0.859797 0.129445
v 0.378125 0.860092 0.128892
v 0.378125 0.860274 0.128293
v 0.378125 0.860335 0.127670
v 0.378125 0.860274 0.127047
v 0.378125 0.860092 0.126448
v 0.378125 0.859797 0.125896
v 0.378125 0.859401 0.125411
v 0.378125 0.858918 0.125014
v 0.378125 0.858366 0.124717
v 0.378617 0.858366 0.130623
v 0.378125 0.854429 0.130623
v 0.378617 0.854429 0.130623
v 0.378125 0.858366 0.130623
v 0.378617 0.858918 0.130327
v 0.378125 0.858366 0.130623
v 0.378617 0.858366 0.130623
v 0.378125 0.858918 0.130327
v 0.378617 0.859401 0.129929
v 0.378125 0.859401 0.129929
v 0.378125 0.859797 0.129445
v 0.378617 0.859797 0.129445
v 0.378125 0.860092 0.128892
v 0.378617 0.860092 0.128892
v 0.378125 0.860274 0.128293
v 0.378617 0.860274 0.128293
v 0.378125 0.860335 0.127670
v 0.378617 0.860335 0.127670
v 0.378125 0.860274 0.127047
v 0.378617 0.860274 0.127047
v 0.378125 0.860092 0.126448
v 0.378617 0.860092 0.126448
v 0.378125 0.859797 0.125896
v 0.378617 0.859797 0.125896
v 0.378125 0.859401 0.125411
v 0.378617 0.859401 0.125411
v 0.378617 0.858918 0.125014
v 0.378125 0.858918 0.125014
v 0.378617 0.858366 0.124717
v 0.378125 0.858366 0.124717
v 0.378125 0.858366 0.124717
v 0.378617 0.854429 0.124717
v 0.378125 0.854429 0.124717
v 0.378617 0.858366 0.124717
v 0.378617 0.854429 0.124717
v 0.378125 0.854429 0.130623
v 0.378125 0.854429 0.124717
v 0.378617 0.854429 0.130623
v 0.378617 0.854429 0.124717
v 0.378617 0.858366 0.130623
v 0.378617 0.854429 0.130623
v 0.378617 0.858918 0.130327
v 0.378617 0.859401 0.129929
v 0.378617 0.859797 0.129445
v 0.378617 0.860092 0.128892
v 0.378617 0.860274 0.128293
v 0.378617 0.860335 0.127670
v 0.378617 0.860274 0.127047
v 0.378617 0.860092 0.126448
v 0.378617 0.859797 0.125896
v 0.378617 0.859401 0.125411
v 0.378617 0.858918 0.125014
v 0.378617 0.858366 0.124717
v 0.378617 0.865256 0.081902
v 0.378125 0.865256 0.084855
v 0.378125 0.865256 0.081902
v 0.378617 0.865256 0.084855
v 0.378125 0.872146 0.081902
v 0.378125 0.865256 0.084855
v 0.378125 0.872146 0.084855
v 0.378125 0.865256 0.081902
v 0.378125 0.872146 0.081902
v 0.378617 0.865256 0.081902
v 0.378125 0.865256 0.081902
v 0.378617 0.872146 0.081902
v 0.378617 0.865256 0.081902
v 0.378617 0.872146 0.084855
v 0.378617 0.865256 0.084855
v 0.378617 0.872146 0.081902
v 0.378617 0.872146 0.084855
v 0.378125 0.865256 0.084855
v 0.378617 0.865256 0.084855
v 0.378125 0.872146 0.084855
v 0.378617 0.872146 0.084855
v 0.378125 0.872146 0.081902
v 0.378125 0.872146 0.084855
v 0.378617 0.872146 0.081902
v 0.378617 0.873130 0.094698
v 0.378125 0.864272 0.094698
v 0.378617 0.864272 0.094698
v 0.378125 0.873130 0.094698
v 0.378125 0.873130 0.091745
v 0.378125 0.864272 0.094698
v 0.378125 0.873130 0.094698
v 0.378125 0.864272 0.091745
v 0.378617 0.864272 0.091745
v 0.378125 0.864272 0.094698
v 0.378125 0.864272 0.091745
v 0.378617 0.864272 0.094698
v 0.378617 0.864272 0.091745
v 0.378617 0.873130 0.094698
v 0.378617 0.864272 0.094698
v 0.378617 0.873130 0.091745
v 0.378617 0.873130 0.094698
v 0.378125 0.873130 0.091745
v 0.378125 0.873130 0.094698
v 0.378617 0.873130 0.091745
v 0.378125 0.873130 0.091745
v 0.378617 0.864272 0.091745
v 0.378125 0.864272 0.091745
v 0.378617 0.873130 0.091745
v 0.378125 0.858918 0.090957
v 0.378125 0.854429 0.091253
v 0.378125 0.858366 0.091253
v 0.378125 0.854429 0.085347
v 0.378125 0.859401 0.090559
v 0.378125 0.859797 0.090075
v 0.378125 0.860092 0.089522
v 0.378125 0.860274 0.088923
v 0.378125 0.860335 0.088300
v 0.378125 0.860274 0.087677
v 0.378125 0.860092 0.087078
v 0.378125 0.859797 0.086526
v 0.378125 0.859401 0.086041
v 0.378125 0.858918 0.085644
v 0.378125 0.858366 0.085347
v 0.378617 0.858366 0.091253
v 0.378125 0.854429 0.091253
v 0.378617 0.854429 0.091253
v 0.378125 0.858366 0.091253
v 0.378617 0.858918 0.090957
v 0.378125 0.858366 0.091253
v 0.378617 0.858366 0.091253
v 0.378125 0.858918 0.090957
v 0.378617 0.859401 0.090559
v 0.378125 0.859401 0.090559
v 0.378125 0.859797 0.090075
v 0.378617 0.859797 0.090075
v 0.378125 0.860092 0.089522
v 0.378617 0.860092 0.089522
v 0.378125 0.860274 0.088923
v 0.378617 0.860274 0.088923
v 0.378125 0.860335 0.088300
v 0.378617 0.860335 0.088300
v 0.378125 0.860274 0.087677
v 0.378617 0.860274 0.087677
v 0.378125 0.860092 0.087078
v 0.378617 0.860092 0.087078
v 0.378125 0.859797 0.086526
v 0.378617 0.859797 0.086526
v 0.378125 0.859401 0.086041
v 0.378617 0.859401 0.086041
v 0.378617 0.858918 0.085644
v 0.378125 0.858918 0.085644
v 0.378617 0.858366 0.085347
v 0.378125 0.858366 0.085347
v 0.378125 0.858366 0.085347
v 0.378617 0.854429 0.085347
v 0.378125 0.854429 0.085347
v 0.378617 0.858366 0.085347
v 0.378617 0.854429 0.085347
v 0.378125 0.854429 0.091253
v 0.378125 0.854429 0.085347
v 0.378617 0.854429 0.091253
v 0.378617 0.854429 0.085347
v 0.378617 0.858366 0.091253
v 0.378617 0.854429 0.091253
v 0.378617 0.858918 0.090957
v 0.378617 0.859401 0.090559
v 0.378617 0.859797 0.090075
v 0.378617 0.860092 0.089522
v 0.378617 0.860274 0.088923
v 0.378617 0.860335 0.088300
v 0.378617 0.860274 0.087677
v 0.378617 0.860092 0.087078
v 0.378617 0.859797 0.086526
v 0.378617 0.859401 0.086041
v 0.378617 0.858918 0.085644
v 0.378617 0.858366 0.085347
v -0.378125 0.845952 0.065625
v -0.375000 0.845952 0.183736
v -0.375000 0.845952 0.065625
v -0.378125 0.845952 0.183736
v -0.375000 0.925000 0.065625
v -0.378125 0.845952 0.065625
v -0.375000 0.845952 0.065625
v -0.378125 0.925000 0.065625
v -0.378125 0.925000 0.065625
v -0.378125 0.913189 0.076944
v -0.378125 0.845952 0.065625
v -0.378125 0.925000 0.183736
v -0.378125 0.913189 0.079897
v -0.378125 0.912205 0.086787
v -0.378125 0.904331 0.079897
v -0.378125 0.898425 0.080389
v -0.378125 0.898977 0.080685
v -0.378125 0.899460 0.081083
v -0.378125 0.899857 0.081568
v -0.378125 0.900151 0.082120
v -0.378125 0.900333 0.082719
v -0.378125 0.900394 0.083342
v -0.378125 0.900333 0.083965
v -0.378125 0.900151 0.084564
v -0.378125 0.899857 0.085116
v -0.378125 0.899460 0.085601
v -0.378125 0.898977 0.085999
v -0.378125 0.898425 0.086295
v -0.378125 0.894488 0.086295
v -0.378125 0.912205 0.089740
v -0.378125 0.905315 0.089740
v -0.378125 0.894488 0.080389
v -0.378125 0.845952 0.183736
v -0.378125 0.904331 0.076944
v -0.378125 0.905315 0.086787
v -0.378125 0.925000 0.183736
v -0.375000 0.845952 0.183736
v -0.378125 0.845952 0.183736
v -0.375000 0.925000 0.183736
v -0.378125 0.925000 0.183736
v -0.375000 0.925000 0.065625
v -0.375000 0.925000 0.183736
v -0.378125 0.925000 0.065625
v -0.378125 0.845952 0.183736
v -0.378125 0.845952 0.065625
v -0.375000 0.845952 0.183736
v -0.375000 0.845952 0.065625
v -0.378125 0.925000 0.065625
v -0.375000 0.925000 0.065625
v -0.378125 0.845952 0.065625
v -0.375000 0.845952 0.065625
v -0.378125 0.925000 0.183736
v -0.378125 0.905315 0.089740
v -0.378125 0.845952 0.183736
v -0.378125 0.905315 0.086787
v -0.378125 0.912205 0.086787
v -0.378125 0.894488 0.086295
v -0.378125 0.894488 0.080389
v -0.378125 0.898425 0.080389
v -0.378125 0.904331 0.079897
v -0.378125 0.904331 0.076944
v -0.378125 0.913189 0.076944
v -0.378125 0.845952 0.065625
v -0.378125 0.912205 0.089740
v -0.378125 0.898425 0.086295
v -0.378125 0.898977 0.085999
v -0.378125 0.899460 0.085601
v -0.378125 0.899857 0.085116
v -0.378125 0.900151 0.084564
v -0.378125 0.900333 0.083965
v -0.378125 0.900394 0.083342
v -0.378125 0.900333 0.082719
v -0.378125 0.900151 0.082120
v -0.378125 0.899857 0.081568
v -0.378125 0.899460 0.081083
v -0.378125 0.898977 0.080685
v -0.378125 0.913189 0.079897
v -0.378125 0.925000 0.065625
v -0.375000 0.925000 0.183736
v -0.378125 0.925000 0.183736
v -0.375000 0.845952 0.183736
v -0.378125 0.845952 0.183736
v -0.378125 0.925000 0.065625
v -0.378125 0.925000 0.183736
v -0.375000 0.925000 0.065625
v -0.375000 0.925000 0.183736
v -0.378223 0.899460 0.085601
v -0.378125 0.899857 0.085116
v -0.378125 0.899460 0.085601
v -0.378223 0.899857 0.085116
v -0.378125 0.898977 0.085999
v -0.378223 0.898977 0.085999
v -0.378125 0.900151 0.084564
v -0.378223 0.900151 0.084564
v -0.378125 0.898425 0.086295
v -0.378223 0.898425 0.086295
v -0.378125 0.900333 0.083965
v -0.378223 0.900333 0.083965
v -0.378223 0.898425 0.086295
v -0.378125 0.894488 0.086295
v -0.378223 0.894488 0.086295
v -0.378125 0.898425 0.086295
v -0.378125 0.900394 0.083342
v -0.378223 0.900394 0.083342
v -0.378223 0.894488 0.080389
v -0.378125 0.894488 0.086295
v -0.378125 0.894488 0.080389
v -0.378223 0.894488 0.086295
v -0.378125 0.900333 0.082719
v -0.378223 0.900333 0.082719
v -0.378125 0.900151 0.082120
v -0.378223 0.900151 0.082120
v -0.378125 0.899857 0.081568
v -0.378223 0.899857 0.081568
v -0.378125 0.899460 0.081083
v -0.378223 0.899460 0.081083
v -0.378223 0.898977 0.080685
v -0.378125 0.898977 0.080685
v -0.378223 0.898425 0.080389
v -0.378125 0.898425 0.080389
v -0.378223 0.899857 0.085116
v -0.378223 0.899460 0.085601
v -0.378125 0.899857 0.085116
v -0.378125 0.899460 0.085601
v -0.378125 0.898977 0.085999
v -0.378223 0.898977 0.085999
v -0.378223 0.900151 0.084564
v -0.378125 0.900151 0.084564
v -0.378125 0.898425 0.086295
v -0.378223 0.898425 0.086295
v -0.378223 0.900333 0.083965
v -0.378125 0.900333 0.083965
v -0.378125 0.898425 0.086295
v -0.378223 0.898425 0.086295
v -0.378125 0.894488 0.086295
v -0.378223 0.894488 0.086295
v -0.378223 0.900394 0.083342
v -0.378125 0.900394 0.083342
v -0.378223 0.894488 0.086295
v -0.378223 0.894488 0.080389
v -0.378125 0.894488 0.086295
v -0.378125 0.894488 0.080389
v -0.378223 0.900333 0.082719
v -0.378125 0.900333 0.082719
v -0.378223 0.900151 0.082120
v -0.378125 0.900151 0.082120
v -0.378223 0.899857 0.081568
v -0.378125 0.899857 0.081568
v -0.378223 0.899460 0.081083
v -0.378125 0.899460 0.081083
v -0.378223 0.898977 0.080685
v -0.378125 0.898977 0.080685
v -0.378223 0.898425 0.080389
v -0.378125 0.898425 0.080389
v -0.375000 0.845952 0.183736
v -0.375000 0.925000 0.065625
v -0.375000 0.845952 0.065625
v -0.375000 0.925000 0.183736
v -0.378223 0.905315 0.086787
v -0.378125 0.905315 0.089740
v -0.378125 0.905315 0.086787
v -0.378223 0.905315 0.089740
v -0.378125 0.912205 0.086787
v -0.378223 0.905315 0.086787
v -0.378125 0.905315 0.086787
v -0.378223 0.912205 0.086787
v -0.378223 0.912205 0.089740
v -0.378125 0.905315 0.089740
v -0.378223 0.905315 0.089740
v -0.378125 0.912205 0.089740
v -0.378223 0.912205 0.089740
v -0.378125 0.912205 0.086787
v -0.378125 0.912205 0.089740
v -0.378223 0.912205 0.086787
v -0.378223 0.905315 0.089740
v -0.378223 0.905315 0.086787
v -0.378125 0.905315 0.089740
v -0.378125 0.905315 0.086787
v -0.378223 0.912205 0.086787
v -0.378125 0.912205 0.086787
v -0.378223 0.905315 0.086787
v -0.378125 0.905315 0.086787
v -0.378125 0.912205 0.089740
v -0.378223 0.912205 0.089740
v -0.378125 0.905315 0.089740
v -0.378223 0.905315 0.089740
v -0.378223 0.912205 0.086787
v -0.378223 0.912205 0.089740
v -0.378125 0.912205 0.086787
v -0.378125 0.912205 0.089740
v -0.378223 0.912205 0.089740
v -0.378223 0.905315 0.086787
v -0.378223 0.912205 0.086787
v -0.378223 0.905315 0.089740
v -0.378223 0.905315 0.089740
v -0.378223 0.912205 0.089740
v -0.378223 0.905315 0.086787
v -0.378223 0.912205 0.086787
v -0.378125 0.913189 0.076944
v -0.378223 0.904331 0.076944
v -0.378125 0.904331 0.076944
v -0.378223 0.913189 0.076944
v -0.378223 0.904331 0.076944
v -0.378125 0.904331 0.079897
v -0.378125 0.904331 0.076944
v -0.378223 0.904331 0.079897
v -0.378223 0.913189 0.076944
v -0.378125 0.913189 0.076944
v -0.378223 0.904331 0.076944
v -0.378125 0.904331 0.076944
v -0.378223 0.904331 0.079897
v -0.378223 0.904331 0.076944
v -0.378125 0.904331 0.079897
v -0.378125 0.904331 0.076944
v -0.378223 0.913189 0.079897
v -0.378223 0.904331 0.076944
v -0.378223 0.913189 0.076944
v -0.378223 0.904331 0.079897
v -0.378223 0.904331 0.079897
v -0.378223 0.913189 0.079897
v -0.378223 0.904331 0.076944
v -0.378223 0.913189 0.076944
v -0.378125 0.912205 0.089740
v -0.378125 0.912205 0.086787
v -0.378125 0.905315 0.089740
v -0.378125 0.905315 0.086787
v -0.378125 0.898425 0.086295
v -0.378125 0.898977 0.085999
v -0.378125 0.894488 0.086295
v -0.378125 0.894488 0.080389
v -0.378125 0.898425 0.080389
v -0.378125 0.898977 0.080685
v -0.378125 0.899460 0.081083
v -0.378125 0.899857 0.081568
v -0.378125 0.900151 0.082120
v -0.378125 0.900333 0.082719
v -0.378125 0.900394 0.083342
v -0.378125 0.900333 0.083965
v -0.378125 0.900151 0.084564
v -0.378125 0.899857 0.085116
v -0.378125 0.899460 0.085601
v -0.378716 0.905315 0.089740
v -0.378223 0.905315 0.086787
v -0.378223 0.905315 0.089740
v -0.378716 0.905315 0.086787
v -0.378223 0.912205 0.089740
v -0.378223 0.905315 0.086787
v -0.378223 0.912205 0.086787
v -0.378223 0.905315 0.089740
v -0.378223 0.912205 0.089740
v -0.378716 0.905315 0.089740
v -0.378223 0.905315 0.089740
v -0.378716 0.912205 0.089740
v -0.378716 0.905315 0.089740
v -0.378716 0.912205 0.086787
v -0.378716 0.905315 0.086787
v -0.378716 0.912205 0.089740
v -0.378716 0.912205 0.086787
v -0.378223 0.905315 0.086787
v -0.378716 0.905315 0.086787
v -0.378223 0.912205 0.086787
v -0.378716 0.912205 0.086787
v -0.378223 0.912205 0.089740
v -0.378223 0.912205 0.086787
v -0.378716 0.912205 0.089740
v -0.378716 0.913189 0.076944
v -0.378223 0.904331 0.076944
v -0.378716 0.904331 0.076944
v -0.378223 0.913189 0.076944
v -0.378223 0.913189 0.079897
v -0.378223 0.904331 0.076944
v -0.378223 0.913189 0.076944
v -0.378223 0.904331 0.079897
v -0.378716 0.904331 0.079897
v -0.378223 0.904331 0.076944
v -0.378223 0.904331 0.079897
v -0.378716 0.904331 0.076944
v -0.378716 0.904331 0.079897
v -0.378716 0.913189 0.076944
v -0.378716 0.904331 0.076944
v -0.378716 0.913189 0.079897
v -0.378716 0.913189 0.076944
v -0.378223 0.913189 0.079897
v -0.378223 0.913189 0.076944
v -0.378716 0.913189 0.079897
v -0.378223 0.913189 0.079897
v -0.378716 0.904331 0.079897
v -0.378223 0.904331 0.079897
v -0.378716 0.913189 0.079897
v -0.378223 0.898977 0.080685
v -0.378223 0.894488 0.080389
v -0.378223 0.898425 0.080389
v -0.378223 0.894488 0.086295
v -0.378223 0.899460 0.081083
v -0.378223 0.899857 0.081568
v -0.378223 0.900151 0.082120
v -0.378223 0.900333 0.082719
v -0.378223 0.900394 0.083342
v -0.378223 0.900333 0.083965
v -0.378223 0.900151 0.084564
v -0.378223 0.899857 0.085116
v -0.378223 0.899460 0.085601
v -0.378223 0.898977 0.085999
v -0.378223 0.898425 0.086295
v -0.378716 0.898425 0.080389
v -0.378223 0.894488 0.080389
v -0.378716 0.894488 0.080389
v -0.378223 0.898425 0.080389
v -0.378716 0.898977 0.080685
v -0.378223 0.898425 0.080389
v -0.378716 0.898425 0.080389
v -0.378223 0.898977 0.080685
v -0.378716 0.899460 0.081083
v -0.378223 0.899460 0.081083
v -0.378223 0.899857 0.081568
v -0.378716 0.899857 0.081568
v -0.378223 0.900151 0.082120
v -0.378716 0.900151 0.082120
v -0.378223 0.900333 0.082719
v -0.378716 0.900333 0.082719
v -0.378223 0.900394 0.083342
v -0.378716 0.900394 0.083342
v -0.378223 0.900333 0.083965
v -0.378716 0.900333 0.083965
v -0.378223 0.900151 0.084564
v -0.378716 0.900151 0.084564
v -0.378223 0.899857 0.085116
v -0.378716 0.899857 0.085116
v -0.378223 0.899460 0.085601
v -0.378716 0.899460 0.085601
v -0.378716 0.898977 0.085999
v -0.378223 0.898977 0.085999
v -0.378716 0.898425 0.086295
v -0.378223 0.898425 0.086295
v -0.378223 0.898425 0.086295
v -0.378716 0.894488 0.086295
v -0.378223 0.894488 0.086295
v -0.378716 0.898425 0.086295
v -0.378716 0.894488 0.086295
v -0.378223 0.894488 0.080389
v -0.378223 0.894488 0.086295
v -0.378716 0.894488 0.080389
v -0.378716 0.894488 0.086295
v -0.378716 0.898425 0.080389
v -0.378716 0.894488 0.080389
v -0.378716 0.898977 0.080685
v -0.378716 0.899460 0.081083
v -0.378716 0.899857 0.081568
v -0.378716 0.900151 0.082120
v -0.378716 0.900333 0.082719
v -0.378716 0.900394 0.083342
v -0.378716 0.900333 0.083965
v -0.378716 0.900151 0.084564
v -0.378716 0.899857 0.085116
v -0.378716 0.899460 0.085601
v -0.378716 0.898977 0.085999
v -0.378716 0.898425 0.086295
v -0.378617 0.865256 0.089740
v -0.378125 0.865256 0.086787
v -0.378125 0.865256 0.089740
v -0.378617 0.865256 0.086787
v -0.378125 0.872146 0.089740
v -0.378125 0.865256 0.086787
v -0.378125 0.872146 0.086787
v -0.378125 0.865256 0.089740
v -0.378125 0.872146 0.089740
v -0.378617 0.865256 0.089740
v -0.378125 0.865256 0.089740
v -0.378617 0.872146 0.089740
v -0.378617 0.865256 0.089740
v -0.378617 0.872146 0.086787
v -0.378617 0.865256 0.086787
v -0.378617 0.872146 0.089740
v -0.378617 0.872146 0.086787
v -0.378125 0.865256 0.086787
v -0.378617 0.865256 0.086787
v -0.378125 0.872146 0.086787
v -0.378617 0.872146 0.086787
v -0.378125 0.872146 0.089740
v -0.378125 0.872146 0.086787
v -0.378617 0.872146 0.089740
v -0.378617 0.873130 0.076944
v -0.378125 0.864272 0.076944
v -0.378617 0.864272 0.076944
v -0.378125 0.873130 0.076944
v -0.378125 0.873130 0.079897
v -0.378125 0.864272 0.076944
v -0.378125 0.873130 0.076944
v -0.378125 0.864272 0.079897
v -0.378617 0.864272 0.079897
v -0.378125 0.864272 0.076944
v -0.378125 0.864272 0.079897
v -0.378617 0.864272 0.076944
v -0.378617 0.864272 0.079897
v -0.378617 0.873130 0.076944
v -0.378617 0.864272 0.076944
v -0.378617 0.873130 0.079897
v -0.378617 0.873130 0.076944
v -0.378125 0.873130 0.079897
v -0.378125 0.873130 0.076944
v -0.378617 0.873130 0.079897
v -0.378125 0.873130 0.079897
v -0.378617 0.864272 0.079897
v -0.378125 0.864272 0.079897
v -0.378617 0.873130 0.079897
v -0.378125 0.858918 0.080685
v -0.378125 0.854429 0.080389
v -0.378125 0.858366 0.080389
v -0.378125 0.854429 0.086295
v -0.378125 0.859401 0.081083
v -0.378125 0.859797 0.081568
v -0.378125 0.860092 0.082120
v -0.378125 0.860274 0.082719
v -0.378125 0.860335 0.083342
v -0.378125 0.860274 0.083965
v -0.378125 0.860092 0.084564
v -0.378125 0.859797 0.085116
v -0.378125 0.859401 0.085601
v -0.378125 0.858918 0.085999
v -0.378125 0.858366 0.086295
v -0.378617 0.858366 0.080389
v -0.378125 0.854429 0.080389
v -0.378617 0.854429 0.080389
v -0.378125 0.858366 0.080389
v -0.378617 0.858918 0.080685
v -0.378125 0.858366 0.080389
v -0.378617 0.858366 0.080389
v -0.378125 0.858918 0.080685
v -0.378617 0.859401 0.081083
v -0.378125 0.859401 0.081083
v -0.378125 0.859797 0.081568
v -0.378617 0.859797 0.081568
v -0.378125 0.860092 0.082120
v -0.378617 0.860092 0.082120
v -0.378125 0.860274 0.082719
v -0.378617 0.860274 0.082719
v -0.378125 0.860335 0.083342
v -0.378617 0.860335 0.083342
v -0.378125 0.860274 0.083965
v -0.378617 0.860274 0.083965
v -0.378125 0.860092 0.084564
v -0.378617 0.860092 0.084564
v -0.378125 0.859797 0.085116
v -0.378617 0.859797 0.085116
v -0.378125 0.859401 0.085601
v -0.378617 0.859401 0.085601
v -0.378617 0.858918 0.085999
v -0.378125 0.858918 0.085999
v -0.378617 0.858366 0.086295
v -0.378125 0.858366 0.086295
v -0.378125 0.858366 0.086295
v -0.378617 0.854429 0.086295
v -0.378125 0.854429 0.086295
v -0.378617 0.858366 0.086295
v -0.378617 0.854429 0.086295
v -0.378125 0.854429 0.080389
v -0.378125 0.854429 0.086295
v -0.378617 0.854429 0.080389
v -0.378617 0.854429 0.086295
v -0.378617 0.858366 0.080389
v -0.378617 0.854429 0.080389
v -0.378617 0.858918 0.080685
v -0.378617 0.859401 0.081083
v -0.378617 0.859797 0.081568
v -0.378617 0.860092 0.082120
v -0.378617 0.860274 0.082719
v -0.378617 0.860335 0.083342
v -0.378617 0.860274 0.083965
v -0.378617 0.860092 0.084564
v -0.378617 0.859797 0.085116
v -0.378617 0.859401 0.085601
v -0.378617 0.858918 0.085999
v -0.378617 0.858366 0.086295
v -0.378617 0.905315 0.168098
v -0.378125 0.905315 0.165146
v -0.378125 0.905315 0.168098
v -0.378617 0.905315 0.165146
v -0.378125 0.912205 0.168098
v -0.378125 0.905315 0.165146
v -0.378125 0.912205 0.165146
v -0.378125 0.905315 0.168098
v -0.378125 0.912205 0.168098
v -0.378617 0.905315 0.168098
v -0.378125 0.905315 0.168098
v -0.378617 0.912205 0.168098
v -0.378617 0.905315 0.168098
v -0.378617 0.912205 0.165146
v -0.378617 0.905315 0.165146
v -0.378617 0.912205 0.168098
v -0.378617 0.912205 0.165146
v -0.378125 0.905315 0.165146
v -0.378617 0.905315 0.165146
v -0.378125 0.912205 0.165146
v -0.378617 0.912205 0.165146
v -0.378125 0.912205 0.168098
v -0.378125 0.912205 0.165146
v -0.378617 0.912205 0.168098
v -0.378617 0.913189 0.155303
v -0.378125 0.904331 0.155303
v -0.378617 0.904331 0.155303
v -0.378125 0.913189 0.155303
v -0.378125 0.913189 0.158256
v -0.378125 0.904331 0.155303
v -0.378125 0.913189 0.155303
v -0.378125 0.904331 0.158256
v -0.378617 0.904331 0.158256
v -0.378125 0.904331 0.155303
v -0.378125 0.904331 0.158256
v -0.378617 0.904331 0.155303
v -0.378617 0.904331 0.158256
v -0.378617 0.913189 0.155303
v -0.378617 0.904331 0.155303
v -0.378617 0.913189 0.158256
v -0.378617 0.913189 0.155303
v -0.378125 0.913189 0.158256
v -0.378125 0.913189 0.155303
v -0.378617 0.913189 0.158256
v -0.378125 0.913189 0.158256
v -0.378617 0.904331 0.158256
v -0.378125 0.904331 0.158256
v -0.378617 0.913189 0.158256
v -0.378125 0.898977 0.159044
v -0.378125 0.894488 0.158748
v -0.378125 0.898425 0.158748
v -0.378125 0.894488 0.164653
v -0.378125 0.899460 0.159442
v -0.378125 0.899857 0.159926
v -0.378125 0.900151 0.160479
v -0.378125 0.900333 0.161078
v -0.378125 0.900394 0.161701
v -0.378125 0.900333 0.162324
v -0.378125 0.900151 0.162923
v -0.378125 0.899857 0.163475
v -0.378125 0.899460 0.163959
v -0.378125 0.898977 0.164357
v -0.378125 0.898425 0.164653
v -0.378617 0.898425 0.158748
v -0.378125 0.894488 0.158748
v -0.378617 0.894488 0.158748
v -0.378125 0.898425 0.158748
v -0.378617 0.898977 0.159044
v -0.378125 0.898425 0.158748
v -0.378617 0.898425 0.158748
v -0.378125 0.898977 0.159044
v -0.378617 0.899460 0.159442
v -0.378125 0.899460 0.159442
v -0.378125 0.899857 0.159926
v -0.378617 0.899857 0.159926
v -0.378125 0.900151 0.160479
v -0.378617 0.900151 0.160479
v -0.378125 0.900333 0.161078
v -0.378617 0.900333 0.161078
v -0.378125 0.900394 0.161701
v -0.378617 0.900394 0.161701
v -0.378125 0.900333 0.162324
v -0.378617 0.900333 0.162324
v -0.378125 0.900151 0.162923
v -0.378617 0.900151 0.162923
v -0.378125 0.899857 0.163475
v -0.378617 0.899857 0.163475
v -0.378125 0.899460 0.163959
v -0.378617 0.899460 0.163959
v -0.378617 0.898977 0.164357
v -0.378125 0.898977 0.164357
v -0.378617 0.898425 0.164653
v -0.378125 0.898425 0.164653
v -0.378125 0.898425 0.164653
v -0.378617 0.894488 0.164653
v -0.378125 0.894488 0.164653
v -0.378617 0.898425 0.164653
v -0.378617 0.894488 0.164653
v -0.378125 0.894488 0.158748
v -0.378125 0.894488 0.164653
v -0.378617 0.894488 0.158748
v -0.378617 0.894488 0.164653
v -0.378617 0.898425 0.158748
v -0.378617 0.894488 0.158748
v -0.378617 0.898977 0.159044
v -0.378617 0.899460 0.159442
v -0.378617 0.899857 0.159926
v -0.378617 0.900151 0.160479
v -0.378617 0.900333 0.161078
v -0.378617 0.900394 0.161701
v -0.378617 0.900333 0.162324
v -0.378617 0.900151 0.162923
v -0.378617 0.899857 0.163475
v -0.378617 0.899460 0.163959
v -0.378617 0.898977 0.164357
v -0.378617 0.898425 0.164653
v -0.378617 0.905315 0.128728
v -0.378125 0.905315 0.125776
v -0.378125 0.905315 0.128728
v -0.378617 0.905315 0.125776
v -0.378125 0.912205 0.128728
v -0.378125 0.905315 0.125776
v -0.378125 0.912205 0.125776
v -0.378125 0.905315 0.128728
v -0.378125 0.912205 0.128728
v -0.378617 0.905315 0.128728
v -0.378125 0.905315 0.128728
v -0.378617 0.912205 0.128728
v -0.378617 0.905315 0.128728
v -0.378617 0.912205 0.125776
v -0.378617 0.905315 0.125776
v -0.378617 0.912205 0.128728
v -0.378617 0.912205 0.125776
v -0.378125 0.905315 0.125776
v -0.378617 0.905315 0.125776
v -0.378125 0.912205 0.125776
v -0.378617 0.912205 0.125776
v -0.378125 0.912205 0.128728
v -0.378125 0.912205 0.125776
v -0.378617 0.912205 0.128728
v -0.378617 0.913189 0.115933
v -0.378125 0.904331 0.115933
v -0.378617 0.904331 0.115933
v -0.378125 0.913189 0.115933
v -0.378125 0.913189 0.118886
v -0.378125 0.904331 0.115933
v -0.378125 0.913189 0.115933
v -0.378125 0.904331 0.118886
v -0.378617 0.904331 0.118886
v -0.378125 0.904331 0.115933
v -0.378125 0.904331 0.118886
v -0.378617 0.904331 0.115933
v -0.378617 0.904331 0.118886
v -0.378617 0.913189 0.115933
v -0.378617 0.904331 0.115933
v -0.378617 0.913189 0.118886
v -0.378617 0.913189 0.115933
v -0.378125 0.913189 0.118886
v -0.378125 0.913189 0.115933
v -0.378617 0.913189 0.118886
v -0.378125 0.913189 0.118886
v -0.378617 0.904331 0.118886
v -0.378125 0.904331 0.118886
v -0.378617 0.913189 0.118886
v -0.378125 0.898977 0.119674
v -0.378125 0.894488 0.119378
v -0.378125 0.898425 0.119378
v -0.378125 0.894488 0.125283
v -0.378125 0.899460 0.120072
v -0.378125 0.899857 0.120556
v -0.378125 0.900151 0.121109
v -0.378125 0.900333 0.121708
v -0.378125 0.900394 0.122331
v -0.378125 0.900333 0.122954
v -0.378125 0.900151 0.123553
v -0.378125 0.899857 0.124105
v -0.378125 0.899460 0.124589
v -0.378125 0.898977 0.124987
v -0.378125 0.898425 0.125283
v -0.378617 0.898425 0.119378
v -0.378125 0.894488 0.119378
v -0.378617 0.894488 0.119378
v -0.378125 0.898425 0.119378
v -0.378617 0.898977 0.119674
v -0.378125 0.898425 0.119378
v -0.378617 0.898425 0.119378
v -0.378125 0.898977 0.119674
v -0.378617 0.899460 0.120072
v -0.378125 0.899460 0.120072
v -0.378125 0.899857 0.120556
v -0.378617 0.899857 0.120556
v -0.378125 0.900151 0.121109
v -0.378617 0.900151 0.121109
v -0.378125 0.900333 0.121708
v -0.378617 0.900333 0.121708
v -0.378125 0.900394 0.122331
v -0.378617 0.900394 0.122331
v -0.378125 0.900333 0.122954
v -0.378617 0.900333 0.122954
v -0.378125 0.900151 0.123553
v -0.378617 0.900151 0.123553
v -0.378125 0.899857 0.124105
v -0.378617 0.899857 0.124105
v -0.378125 0.899460 0.124589
v -0.378617 0.899460 0.124589
v -0.378617 0.898977 0.124987
v -0.378125 0.898977 0.124987
v -0.378617 0.898425 0.125283
v -0.378125 0.898425 0.125283
v -0.378125 0.898425 0.125283
v -0.378617 0.894488 0.125283
v -0.378125 0.894488 0.125283
v -0.378617 0.898425 0.125283
v -0.378617 0.894488 0.125283
v -0.378125 0.894488 0.119378
v -0.378125 0.894488 0.125283
v -0.378617 0.894488 0.119378
v -0.378617 0.894488 0.125283
v -0.378617 0.898425 0.119378
v -0.378617 0.894488 0.119378
v -0.378617 0.898977 0.119674
v -0.378617 0.899460 0.120072
v -0.378617 0.899857 0.120556
v -0.378617 0.900151 0.121109
v -0.378617 0.900333 0.121708
v -0.378617 0.900394 0.122331
v -0.378617 0.900333 0.122954
v -0.378617 0.900151 0.123553
v -0.378617 0.899857 0.124105
v -0.378617 0.899460 0.124589
v -0.378617 0.898977 0.124987
v -0.378617 0.898425 0.125283
v -0.378617 0.865256 0.128728
v -0.378125 0.865256 0.125776
v -0.378125 0.865256 0.128728
v -0.378617 0.865256 0.125776
v -0.378125 0.872146 0.128728
v -0.378125 0.865256 0.125776
v -0.378125 0.872146 0.125776
v -0.378125 0.865256 0.128728
v -0.378125 0.872146 0.128728
v -0.378617 0.865256 0.128728
v -0.378125 0.865256 0.128728
v -0.378617 0.872146 0.128728
v -0.378617 0.865256 0.128728
v -0.378617 0.872146 0.125776
v -0.378617 0.865256 0.125776
v -0.378617 0.872146 0.128728
v -0.378617 0.872146 0.125776
v -0.378125 0.865256 0.125776
v -0.378617 0.865256 0.125776
v -0.378125 0.872146 0.125776
v -0.378617 0.872146 0.125776
v -0.378125 0.872146 0.128728
v -0.378125 0.872146 0.125776
v -0.378617 0.872146 0.128728
v -0.378617 0.873130 0.115933
v -0.378125 0.864272 0.115933
v -0.378617 0.864272 0.115933
v -0.378125 0.873130 0.115933
v -0.378125 0.873130 0.118886
v -0.378125 0.864272 0.115933
v -0.378125 0.873130 0.115933
v -0.378125 0.864272 0.118886
v -0.378617 0.864272 0.118886
v -0.378125 0.864272 0.115933
v -0.378125 0.864272 0.118886
v -0.378617 0.864272 0.115933
v -0.378617 0.864272 0.118886
v -0.378617 0.873130 0.115933
v -0.378617 0.864272 0.115933
v -0.378617 0.873130 0.118886
v -0.378617 0.873130 0.115933
v -0.378125 0.873130 0.118886
v -0.378125 0.873130 0.115933
v -0.378617 0.873130 0.118886
v -0.378125 0.873130 0.118886
v -0.378617 0.864272 0.118886
v -0.378125 0.864272 0.118886
v -0.378617 0.873130 0.118886
v -0.378125 0.858918 0.119674
v -0.378125 0.854429 0.119378
v -0.378125 0.858366 0.119378
v -0.378125 0.854429 0.125283
v -0.378125 0.859401 0.120072
v -0.378125 0.859797 0.120556
v -0.378125 0.860092 0.121109
v -0.378125 0.860274 0.121708
v -0.378125 0.860335 0.122331
v -0.378125 0.860274 0.122954
v -0.378125 0.860092 0.123553
v -0.378125 0.859797 0.124105
v -0.378125 0.859401 0.124589
v -0.378125 0.858918 0.124987
v -0.378125 0.858366 0.125283
v -0.378617 0.858366 0.119378
v -0.378125 0.854429 0.119378
v -0.378617 0.854429 0.119378
v -0.378125 0.858366 0.119378
v -0.378617 0.858918 0.119674
v -0.378125 0.858366 0.119378
v -0.378617 0.858366 0.119378
v -0.378125 0.858918 0.119674
v -0.378617 0.859401 0.120072
v -0.378125 0.859401 0.120072
v -0.378125 0.859797 0.120556
v -0.378617 0.859797 0.120556
v -0.378125 0.860092 0.121109
v -0.378617 0.860092 0.121109
v -0.378125 0.860274 0.121708
v -0.378617 0.860274 0.121708
v -0.378125 0.860335 0.122331
v -0.378617 0.860335 0.122331
v -0.378125 0.860274 0.122954
v -0.378617 0.860274 0.122954
v -0.378125 0.860092 0.123553
v -0.378617 0.860092 0.123553
v -0.378125 0.859797 0.124105
v -0.378617 0.859797 0.124105
v -0.378125 0.859401 0.124589
v -0.378617 0.859401 0.124589
v -0.378617 0.858918 0.124987
v -0.378125 0.858918 0.124987
v -0.378617 0.858366 0.125283
v -0.378125 0.858366 0.125283
v -0.378125 0.858366 0.125283
v -0.378617 0.854429 0.125283
v -0.378125 0.854429 0.125283
v -0.378617 0.858366 0.125283
v -0.378617 0.854429 0.125283
v -0.378125 0.854429 0.119378
v -0.378125 0.854429 0.125283
v -0.378617 0.854429 0.119378
v -0.378617 0.854429 0.125283
v -0.378617 0.858366 0.119378
v -0.378617 0.854429 0.119378
v -0.378617 0.858918 0.119674
v -0.378617 0.859401 0.120072
v -0.378617 0.859797 0.120556
v -0.378617 0.860092 0.121109
v -0.378617 0.860274 0.121708
v -0.378617 0.860335 0.122331
v -0.378617 0.860274 0.122954
v -0.378617 0.860092 0.123553
v -0.378617 0.859797 0.124105
v -0.378617 0.859401 0.124589
v -0.378617 0.858918 0.124987
v -0.378617 0.858366 0.125283
v -0.378617 0.865256 0.168098
v -0.378125 0.865256 0.165146
v -0.378125 0.865256 0.168098
v -0.378617 0.865256 0.165146
v -0.378125 0.872146 0.168098
v -0.378125 0.865256 0.165146
v -0.378125 0.872146 0.165146
v -0.378125 0.865256 0.168098
v -0.378125 0.872146 0.168098
v -0.378617 0.865256 0.168098
v -0.378125 0.865256 0.168098
v -0.378617 0.872146 0.168098
v -0.378617 0.865256 0.168098
v -0.378617 0.872146 0.165146
v -0.378617 0.865256 0.165146
v -0.378617 0.872146 0.168098
v -0.378617 0.872146 0.165146
v -0.378125 0.865256 0.165146
v -0.378617 0.865256 0.165146
v -0.378125 0.872146 0.165146
v -0.378617 0.872146 0.165146
v -0.378125 0.872146 0.168098
v -0.378125 0.872146 0.165146
v -0.378617 0.872146 0.168098
v -0.378617 0.873130 0.155303
v -0.378125 0.864272 0.155303
v -0.378617 0.864272 0.155303
v -0.378125 0.873130 0.155303
v -0.378125 0.873130 0.158256
v -0.378125 0.864272 0.155303
v -0.378125 0.873130 0.155303
v -0.378125 0.864272 0.158256
v -0.378617 0.864272 0.158256
v -0.378125 0.864272 0.155303
v -0.378125 0.864272 0.158256
v -0.378617 0.864272 0.155303
v -0.378617 0.864272 0.158256
v -0.378617 0.873130 0.155303
v -0.378617 0.864272 0.155303
v -0.378617 0.873130 0.158256
v -0.378617 0.873130 0.155303
v -0.378125 0.873130 0.158256
v -0.378125 0.873130 0.155303
v -0.378617 0.873130 0.158256
v -0.378125 0.873130 0.158256
v -0.378617 0.864272 0.158256
v -0.378125 0.864272 0.158256
v -0.378617 0.873130 0.158256
v -0.378125 0.858918 0.159044
v -0.378125 0.854429 0.158748
v -0.378125 0.858366 0.158748
v -0.378125 0.854429 0.164653
v -0.378125 0.859401 0.159442
v -0.378125 0.859797 0.159926
v -0.378125 0.860092 0.160479
v -0.378125 0.860274 0.161078
v -0.378125 0.860335 0.161701
v -0.378125 0.860274 0.162324
v -0.378125 0.860092 0.162923
v -0.378125 0.859797 0.163475
v -0.378125 0.859401 0.163959
v -0.378125 0.858918 0.164357
v -0.378125 0.858366 0.164653
v -0.378617 0.858366 0.158748
v -0.378125 0.854429 0.158748
v -0.378617 0.854429 0.158748
v -0.378125 0.858366 0.158748
v -0.378617 0.858918 0.159044
v -0.378125 0.858366 0.158748
v -0.378617 0.858366 0.158748
v -0.378125 0.858918 0.159044
v -0.378617 0.859401 0.159442
v -0.378125 0.859401 0.159442
v -0.378125 0.859797 0.159926
v -0.378617 0.859797 0.159926
v -0.378125 0.860092 0.160479
v -0.378617 0.860092 0.160479
v -0.378125 0.860274 0.161078
v -0.378617 0.860274 0.161078
v -0.378125 0.860335 0.161701
v -0.378617 0.860335 0.161701
v -0.378125 0.860274 0.162324
v -0.378617 0.860274 0.162324
v -0.378125 0.860092 0.162923
v -0.378617 0.860092 0.162923
v -0.378125 0.859797 0.163475
v -0.378617 0.859797 0.163475
v -0.378125 0.859401 0.163959
v -0.378617 0.859401 0.163959
v -0.378617 0.858918 0.164357
v -0.378125 0.858918 0.164357
v -0.378617 0.858366 0.164653
v -0.378125 0.858366 0.164653
v -0.378125 0.858366 0.164653
v -0.378617 0.854429 0.164653
v -0.378125 0.854429 0.164653
v -0.378617 0.858366 0.164653
v -0.378617 0.854429 0.164653
v -0.378125 0.854429 0.158748
v -0.378125 0.854429 0.164653
v -0.378617 0.854429 0.158748
v -0.378617 0.854429 0.164653
v -0.378617 0.858366 0.158748
v -0.378617 0.854429 0.158748
v -0.378617 0.858918 0.159044
v -0.378617 0.859401 0.159442
v -0.378617 0.859797 0.159926
v -0.378617 0.860092 0.160479
v -0.378617 0.860274 0.161078
v -0.378617 0.860335 0.161701
v -0.378617 0.860274 0.162324
v -0.378617 0.860092 0.162923
v -0.378617 0.859797 0.163475
v -0.378617 0.859401 0.163959
v -0.378617 0.858918 0.164357
v -0.378617 0.858366 0.164653
v -0.276784 1.730000 0.015812
v 0.275716 1.730000 0.065812
v 0.275716 1.730000 0.015812
v -0.276784 1.730000 0.065812
v -0.276784 0.750000 0.015812
v -0.264507 0.771778 0.015812
v 0.275716 0.750000 0.015812
v -0.276784 1.730000 0.015812
v -0.264507 1.708223 0.015812
v 0.263438 1.708223 0.015812
v 0.263438 0.771778 0.015812
v 0.275716 1.730000 0.015812
v -0.276784 0.750000 0.065812
v -0.276784 1.730000 0.015812
v -0.276784 0.750000 0.015812
v -0.276784 1.730000 0.065812
v 0.275716 1.730000 0.065812
v -0.276784 0.750000 0.065812
v 0.275716 0.750000 0.065812
v -0.276784 1.730000 0.065812
v 0.275716 1.730000 0.065812
v 0.275716 0.750000 0.015812
v 0.275716 1.730000 0.015812
v 0.275716 0.750000 0.065812
v -0.276784 0.750000 0.065812
v 0.275716 0.750000 0.015812
v 0.275716 0.750000 0.065812
v -0.276784 0.750000 0.015812
v 0.263438 0.771778 0.028312
v 0.263438 1.708223 0.015812
v 0.263438 0.771778 0.015812
v 0.263438 1.708223 0.028312
v -0.264507 0.771778 0.015812
v 0.263438 0.771778 0.028312
v 0.263438 0.771778 0.015812
v -0.264507 0.771778 0.028312
v -0.264507 1.708223 0.028312
v 0.263438 1.708223 0.015812
v 0.263438 1.708223 0.028312
v -0.264507 1.708223 0.015812
v -0.264507 1.708223 0.028312
v -0.264507 0.771778 0.015812
v -0.264507 1.708223 0.015812
v -0.264507 0.771778 0.028312
v -0.264507 1.708223 0.028312
v 0.263438 0.771778 0.028312
v -0.264507 0.771778 0.028312
v 0.263438 1.708223 0.028312
v 0.263438 1.708223 0.223689
v -0.264507 0.771778 0.223689
v 0.263438 0.771778 0.223689
v -0.264507 0.771778 0.223689
v 0.263438 1.708223 0.223689
v -0.264507 1.708223 0.223689
vn -0.0000 1.0000 -0.0000
vn -0.0000 -0.0000 1.0000
vn 1.0000 -0.0000 -0.0000
vn -0.0000 -0.0000 -1.0000
vn -1.0000 -0.0000 -0.0000
vn -0.0000 -1.0000 -0.0000
vn -1.0000 -0.0000 0.0003
vn 1.0000 -0.0000 -0.0003
vn 1.0000 -0.0000 0.0005
vn -0.0000 -0.7081 0.7061
vn -0.0000 -0.8321 0.5547
vn -0.0000 -0.7081 0.7062
vn -0.0000 -0.8321 0.5546
vn -0.0000 -0.5570 0.8305
vn -0.0000 -0.9241 0.3820
vn -0.0000 -0.9242 0.3820
vn -0.0000 -0.4730 0.8810
vn -0.0000 -0.4731 0.8810
vn -0.0000 -0.9809 0.1947
vn -0.0000 -0.9808 -0.1948
vn -0.0000 -0.9809 -0.1948
vn -0.0000 -0.9241 -0.3821
vn -0.0000 -0.9241 -0.3820
vn -0.0000 -0.8320 -0.5547
vn -0.0000 -0.7082 -0.7060
vn -0.0000 -0.5570 -0.8305
vn -0.0000 -0.4730 -0.8810
vn -0.0000 -0.4731 -0.8810
vn -0.0000 0.8321 -0.5546
vn -0.0000 0.7081 -0.7061
vn -0.0000 0.8321 -0.5547
vn -0.0000 0.7081 -0.7062
vn -0.0000 0.5570 -0.8305
vn -0.0000 0.9242 -0.3820
vn -0.0000 0.9241 -0.3820
vn -0.0000 0.4730 -0.8810
vn -0.0000 0.4731 -0.8810
vn -0.0000 0.9809 -0.1947
vn -0.0000 0.9809 0.1948
vn -0.0000 0.9808 0.1948
vn -0.0000 0.9241 0.3820
vn -0.0000 0.9241 0.3821
vn -0.0000 0.8320 0.5547
vn -0.0000 0.7082 0.7060
vn -0.0000 0.5570 0.8305
vn -0.0000 0.4730 0.8810
vn -0.0000 0.4731 0.8810
vn -1.0000 -0.0000 -0.0001
vn -1.0000 -0.0000 0.0001
vn -1.0000 -0.0000 0.0002
vn -0.0000 0.7081 0.7061
vn -0.0000 0.8321 0.5547
vn -0.0000 0.9808 -0.1948
vn -0.0000 0.9241 -0.3821
vn 1.0000 -0.0000 -0.0001
vn 1.0000 -0.0000 0.0001
vn 1.0000 -0.0000 -0.0002
vn 1.0000 -0.0000 0.0002
vn -0.0000 0.8321 0.5546
vn -1.0000 -0.0000 -0.0002
vn -0.0000 -0.7081 -0.7061
vn -0.0000 -0.8321 -0.5547
vn -0.0000 -0.7081 -0.7062
vn -0.0000 -0.8321 -0.5546
vn -0.0000 -0.4732 -0.8810
vn -0.0000 -0.4732 -0.8809
vn -0.0000 -0.9809 -0.1947
vn -0.0000 -0.9809 0.1948
vn -0.0000 -0.9241 0.3821
vn -0.0000 -0.8320 0.5547
vn -0.0000 -0.7082 0.7060
vn -0.0000 -0.5571 0.8305
vn -0.0000 0.7081 0.7062
vn -0.0000 0.4732 0.8810
vn -0.0000 0.4732 0.8809
vn -0.0000 0.9809 0.1947
vn -0.0000 0.9809 -0.1948
vn -0.0000 0.8320 -0.5547
vn -0.0000 0.7082 -0.7060
vn -0.0000 0.5571 -0.8305
vn -0.0000 0.8320 -0.5548
vn -0.0000 0.8320 0.5548
vn -0.0000 0.7082 -0.7061
vt 0.000000 0.000000
vt 1.000000 1.000000
vt 1.000000 0.000000
vt 0.000000 1.000000
s 0
usemtl m0
f 1/1/1 2/1/1 3/1/1
f 2/1/1 1/1/1 4/1/1
f 5/1/2 6/1/2 7/1/2
f 6/1/2 5/1/2 8/1/2
f 9/1/3 10/1/3 11/1/3
f 10/1/3 9/1/3 12/1/3
f 13/1/4 14/1/4 15/1/4
f 14/1/4 13/1/4 16/1/4
f 17/1/5 18/1/5 19/1/5
f 18/1/5 17/1/5 20/1/5
f 21/1/1 22/1/1 23/1/1
f 22/1/1 21/1/1 24/1/1
f 21/1/1 25/1/1 26/1/1
f 25/1/1 21/1/1 23/1/1
f 26/1/1 27/1/1 28/1/1
f 27/1/1 26/1/1 25/1/1
f 321/1/4 322/1/4 323/1/4
f 322/1/4 321/1/4 324/1/4
f 325/1/6 326/1/6 327/1/6
f 326/1/6 325/1/6 328/1/6
f 329/1/5 330/1/5 331/1/5
f 330/1/5 329/1/5 332/1/5
f 333/1/1 334/1/1 335/1/1
f 334/1/1 333/1/1 336/1/1
f 337/1/2 338/1/2 339/1/2
f 338/1/2 337/1/2 340/1/2
f 361/1/3 362/1/3 363/1/3
f 362/1/3 361/1/3 364/1/3
f 389/1/4 390/1/4 391/1/4
f 390/1/4 389/1/4 392/1/4
f 393/1/5 394/1/5 395/1/5
f 394/1/5 393/1/5 396/1/5
f 397/1/1 398/1/1 399/1/1
f 398/1/1 397/1/1 400/1/1
f 401/1/3 402/1/3 403/1/3
f 402/1/3 401/1/3 404/1/3
f 405/1/2 406/1/2 407/1/2
f 406/1/2 405/1/2 408/1/2
f 433/1/4 434/1/4 435/1/4
f 434/1/4 433/1/4 436/1/4
f 437/1/5 438/1/5 439/1/5
f 438/1/5 437/1/5 440/1/5
f 441/1/1 442/1/1 443/1/1
f 442/1/1 441/1/1 444/1/1
f 445/1/3 446/1/3 447/1/3
f 446/1/3 445/1/3 448/1/3
f 449/1/2 450/1/2 451/1/2
f 450/1/2 449/1/2 452/1/2
f 477/1/4 478/1/4 479/1/4
f 478/1/4 477/1/4 480/1/4
f 481/1/5 482/1/5 483/1/5
f 482/1/5 481/1/5 484/1/5
f 485/1/1 486/1/1 487/1/1
f 486/1/1 485/1/1 488/1/1
f 489/1/3 490/1/3 491/1/3
f 490/1/3 489/1/3 492/1/3
f 493/1/2 494/1/2 495/1/2
f 494/1/2 493/1/2 496/1/2
f 521/1/4 522/1/4 523/1/4
f 522/1/4 521/1/4 524/1/4
f 525/1/5 526/1/5 527/1/5
f 526/1/5 525/1/5 528/1/5
f 529/1/1 530/1/1 531/1/1
f 530/1/1 529/1/1 532/1/1
f 533/1/3 534/1/3 535/1/3
f 534/1/3 533/1/3 536/1/3
f 537/1/2 538/1/2 539/1/2
f 538/1/2 537/1/2 540/1/2
f 565/1/4 566/1/4 567/1/4
f 566/1/4 565/1/4 568/1/4
f 569/1/5 570/1/5 571/1/5
f 570/1/5 569/1/5 572/1/5
f 573/1/1 574/1/1 575/1/1
f 574/1/1 573/1/1 576/1/1
f 577/1/3 578/1/3 579/1/3
f 578/1/3 577/1/3 580/1/3
f 581/1/2 582/1/2 583/1/2
f 582/1/2 581/1/2 584/1/2
f 609/1/4 610/1/4 611/1/4
f 610/1/4 609/1/4 612/1/4
f 613/1/5 614/1/5 615/1/5
f 614/1/5 613/1/5 616/1/5
f 617/1/1 618/1/1 619/1/1
f 618/1/1 617/1/1 620/1/1
f 621/1/3 622/1/3 623/1/3
f 622/1/3 621/1/3 624/1/3
f 625/1/2 626/1/2 627/1/2
f 626/1/2 625/1/2 628/1/2
f 653/1/4 654/1/4 655/1/4
f 654/1/4 653/1/4 656/1/4
f 657/1/5 658/1/5 659/1/5
f 658/1/5 657/1/5 660/1/5
f 661/1/1 662/1/1 663/1/1
f 662/1/1 661/1/1 664/1/1
f 665/1/3 666/1/3 667/1/3
f 666/1/3 665/1/3 668/1/3
f 669/1/2 670/1/2 671/1/2
f 670/1/2 669/1/2 672/1/2
f 697/1/4 698/1/4 699/1/4
f 698/1/4 697/1/4 700/1/4
f 701/1/5 702/1/5 703/1/5
f 702/1/5 701/1/5 704/1/5
f 705/1/1 706/1/1 707/1/1
f 706/1/1 705/1/1 708/1/1
f 709/1/3 710/1/3 711/1/3
f 710/1/3 709/1/3 712/1/3
f 713/1/2 714/1/2 715/1/2
f 714/1/2 713/1/2 716/1/2
f 717/1/2 718/1/2 719/1/2
f 718/1/2 717/1/2 720/1/2
f 721/1/6 722/1/6 723/1/6
f 722/1/6 721/1/6 724/1/6
f 725/1/3 726/1/3 727/1/3
f 726/1/3 725/1/3 728/1/3
f 729/1/1 730/1/1 731/1/1
f 730/1/1 729/1/1 732/1/1
f 733/1/4 734/1/4 735/1/4
f 734/1/4 733/1/4 736/1/4
f 757/1/5 758/1/5 759/1/5
f 758/1/5 757/1/5 760/1/5
f 785/1/2 786/1/2 787/1/2
f 786/1/2 785/1/2 788/1/2
f 789/1/3 790/1/3 791/1/3
f 790/1/3 789/1/3 792/1/3
f 793/1/1 794/1/1 795/1/1
f 794/1/1 793/1/1 796/1/1
f 797/1/5 798/1/5 799/1/5
f 798/1/5 797/1/5 800/1/5
f 801/1/4 802/1/4 803/1/4
f 802/1/4 801/1/4 804/1/4
f 829/1/2 830/1/2 831/1/2
f 830/1/2 829/1/2 832/1/2
f 833/1/3 834/1/3 835/1/3
f 834/1/3 833/1/3 836/1/3
f 837/1/1 838/1/1 839/1/1
f 838/1/1 837/1/1 840/1/1
f 841/1/5 842/1/5 843/1/5
f 842/1/5 841/1/5 844/1/5
f 845/1/4 846/1/4 847/1/4
f 846/1/4 845/1/4 848/1/4
f 873/1/2 874/1/2 875/1/2
f 874/1/2 873/1/2 876/1/2
f 877/1/3 878/1/3 879/1/3
f 878/1/3 877/1/3 880/1/3
f 881/1/1 882/1/1 883/1/1
f 882/1/1 881/1/1 884/1/1
f 885/1/5 886/1/5 887/1/5
f 886/1/5 885/1/5 888/1/5
f 889/1/4 890/1/4 891/1/4
f 890/1/4 889/1/4 892/1/4
f 917/1/2 918/1/2 919/1/2
f 918/1/2 917/1/2 920/1/2
f 921/1/3 922/1/3 923/1/3
f 922/1/3 921/1/3 924/1/3
f 925/1/1 926/1/1 927/1/1
f 926/1/1 925/1/1 928/1/1
f 929/1/5 930/1/5 931/1/5
f 930/1/5 929/1/5 932/1/5
f 933/1/4 934/1/4 935/1/4
f 934/1/4 933/1/4 936/1/4
f 961/1/2 962/1/2 963/1/2
f 962/1/2 961/1/2 964/1/2
f 965/1/3 966/1/3 967/1/3
f 966/1/3 965/1/3 968/1/3
f 969/1/1 970/1/1 971/1/1
f 970/1/1 969/1/1 972/1/1
f 973/1/5 974/1/5 975/1/5
f 974/1/5 973/1/5 976/1/5
f 977/1/4 978/1/4 979/1/4
f 978/1/4 977/1/4 980/1/4
f 1005/1/2 1006/1/2 1007/1/2
f 1006/1/2 1005/1/2 1008/1/2
f 1009/1/3 1010/1/3 1011/1/3
f 1010/1/3 1009/1/3 1012/1/3
f 1013/1/1 1014/1/1 1015/1/1
f 1014/1/1 1013/1/1 1016/1/1
f 1017/1/5 1018/1/5 1019/1/5
f 1018/1/5 1017/1/5 1020/1/5
f 1021/1/4 1022/1/4 1023/1/4
f 1022/1/4 1021/1/4 1024/1/4
f 1049/1/2 1050/1/2 1051/1/2
f 1050/1/2 1049/1/2 1052/1/2
f 1053/1/3 1054/1/3 1055/1/3
f 1054/1/3 1053/1/3 1056/1/3
f 1057/1/1 1058/1/1 1059/1/1
f 1058/1/1 1057/1/1 1060/1/1
f 1061/1/5 1062/1/5 1063/1/5
f 1062/1/5 1061/1/5 1064/1/5
f 1065/1/4 1066/1/4 1067/1/4
f 1066/1/4 1065/1/4 1068/1/4
f 1093/1/2 1094/1/2 1095/1/2
f 1094/1/2 1093/1/2 1096/1/2
f 1097/1/3 1098/1/3 1099/1/3
f 1098/1/3 1097/1/3 1100/1/3
f 1101/1/1 1102/1/1 1103/1/1
f 1102/1/1 1101/1/1 1104/1/1
f 1105/1/5 1106/1/5 1107/1/5
f 1106/1/5 1105/1/5 1108/1/5
f 1109/1/4 1110/1/4 1111/1/4
f 1110/1/4 1109/1/4 1112/1/4
f 1113/1/1 1114/1/1 1115/1/1
f 1114/1/1 1113/1/1 1116/1/1
f 1117/1/4 1118/1/4 1119/1/4
f 1118/1/4 1117/1/4 1120/1/4
f 1121/1/5 1122/1/5 1123/1/5
f 1122/1/5 1121/1/5 1124/1/5
f 1122/1/5 1124/1/5 1125/1/5
f 1125/1/5 1124/1/5 1126/1/5
f 1125/1/5 1126/1/5 1127/1/5
f 1127/1/5 1126/1/5 1128/1/5
f 1128/1/5 1126/1/5 1129/1/5
f 1129/1/5 1126/1/5 1130/1/5
f 1130/1/5 1126/1/5 1131/1/5
f 1131/1/5 1126/1/5 1132/1/5
f 1132/1/5 1126/1/5 1133/1/5
f 1133/1/5 1126/1/5 1134/1/5
f 1134/1/5 1126/1/5 1135/1/5
f 1135/1/5 1126/1/5 1136/1/5
f 1136/1/5 1126/1/5 1137/1/5
f 1137/1/5 1126/1/5 1138/1/5
f 1138/1/5 1126/1/5 1139/1/5
f 1139/1/5 1126/1/5 1140/1/5
f 1140/1/5 1126/1/5 1141/1/5
f 1126/1/5 1124/1/5 1142/1/5
f 1142/1/5 1124/1/5 1143/1/5
f 1123/1/5 1144/1/5 1145/1/5
f 1144/1/5 1123/1/5 1146/1/5
f 1146/1/5 1123/1/5 1122/1/5
f 1144/1/5 1146/1/5 1127/1/5
f 1144/1/5 1127/1/5 1128/1/5
f 1145/1/5 1144/1/5 1141/1/5
f 1145/1/5 1141/1/5 1147/1/5
f 1147/1/7 1141/1/7 1126/1/7
f 1145/1/5 1147/1/5 1143/1/5
f 1145/1/5 1143/1/5 1124/1/5
f 1148/1/2 1149/1/2 1150/1/2
f 1149/1/2 1148/1/2 1151/1/2
f 1152/1/6 1153/1/6 1154/1/6
f 1153/1/6 1152/1/6 1155/1/6
s 1
f 1199/1/10 1200/1/11 1201/1/12
f 1200/1/11 1199/1/10 1202/1/13
f 1199/1/10 1203/1/14 1204/1/14
f 1203/1/14 1199/1/10 1201/1/12
f 1202/1/13 1205/1/15 1200/1/11
f 1205/1/15 1202/1/13 1206/1/16
f 1204/1/14 1207/1/17 1208/1/18
f 1207/1/17 1204/1/14 1203/1/14
f 1206/1/16 1209/1/19 1205/1/15
f 1209/1/19 1206/1/16 1210/1/19
s 0
f 1211/1/2 1212/1/2 1213/1/2
f 1212/1/2 1211/1/2 1214/1/2
s 1
f 1210/1/19 1215/1/6 1209/1/19
f 1215/1/6 1210/1/19 1216/1/6
s 0
f 1217/1/1 1218/1/1 1219/1/1
f 1218/1/1 1217/1/1 1220/1/1
s 1
f 1216/1/6 1221/1/20 1215/1/6
f 1221/1/20 1216/1/6 1222/1/21
f 1222/1/21 1223/1/22 1221/1/20
f 1223/1/22 1222/1/21 1224/1/23
f 1224/1/23 1225/1/24 1223/1/22
f 1225/1/24 1224/1/23 1226/1/24
f 1226/1/24 1227/1/25 1225/1/24
f 1227/1/25 1226/1/24 1228/1/25
f 1227/1/25 1229/1/26 1230/1/26
f 1229/1/26 1227/1/25 1228/1/25
f 1230/1/26 1231/1/27 1232/1/28
f 1231/1/27 1230/1/26 1229/1/26
s 0
f 1267/1/3 1268/1/3 1269/1/3
f 1268/1/3 1267/1/3 1270/1/3
f 1271/1/1 1272/1/1 1273/1/1
f 1272/1/1 1271/1/1 1274/1/1
f 1275/1/4 1276/1/4 1277/1/4
f 1276/1/4 1275/1/4 1278/1/4
f 1279/1/2 1280/1/2 1281/1/2
f 1280/1/2 1279/1/2 1282/1/2
f 1283/1/6 1284/1/6 1285/1/6
f 1284/1/6 1283/1/6 1286/1/6
f 1303/1/5 1304/1/5 1305/1/5
f 1304/1/5 1303/1/5 1306/1/5
f 1311/1/4 1312/1/4 1313/1/4
f 1312/1/4 1311/1/4 1314/1/4
f 1315/1/1 1316/1/1 1317/1/1
f 1316/1/1 1315/1/1 1318/1/1
f 1327/1/5 1328/1/5 1329/1/5
f 1328/1/5 1327/1/5 1330/1/5
f 2050/1/1 2051/1/1 2052/1/1
f 2051/1/1 2050/1/1 2053/1/1
f 2054/1/2 2055/1/2 2056/1/2
f 2055/1/2 2054/1/2 2057/1/2
f 2058/1/3 2059/1/3 2060/1/3
f 2059/1/3 2058/1/3 2061/1/3
f 2059/1/3 2061/1/3 2062/1/3
f 2062/1/3 2061/1/3 2063/1/3
f 2062/1/3 2063/1/3 2064/1/3
f 2064/1/3 2063/1/3 2065/1/3
f 2065/1/3 2063/1/3 2066/1/3
f 2066/1/3 2063/1/3 2067/1/3
f 2067/1/3 2063/1/3 2068/1/3
f 2068/1/57 2063/1/57 2069/1/57
f 2069/1/3 2063/1/3 2070/1/3
f 2070/1/3 2063/1/3 2071/1/3
f 2071/1/3 2063/1/3 2072/1/3
f 2072/1/3 2063/1/3 2073/1/3
f 2073/1/56 2063/1/56 2074/1/56
f 2074/1/3 2063/1/3 2075/1/3
f 2075/1/3 2063/1/3 2076/1/3
f 2076/1/3 2063/1/3 2077/1/3
f 2077/1/3 2063/1/3 2078/1/3
f 2063/1/3 2061/1/3 2079/1/3
f 2079/1/3 2061/1/3 2080/1/3
f 2060/1/3 2081/1/3 2082/1/3
f 2081/1/3 2060/1/3 2083/1/3
f 2083/1/3 2060/1/3 2059/1/3
f 2081/1/3 2083/1/3 2064/1/3
f 2081/1/58 2064/1/58 2065/1/58
f 2082/1/3 2081/1/3 2078/1/3
f 2082/1/3 2078/1/3 2084/1/3
f 2084/1/8 2078/1/8 2063/1/8
f 2082/1/3 2084/1/3 2080/1/3
f 2082/1/3 2080/1/3 2061/1/3
f 2085/1/4 2086/1/4 2087/1/4
f 2086/1/4 2085/1/4 2088/1/4
f 2089/1/6 2090/1/6 2091/1/6
f 2090/1/6 2089/1/6 2092/1/6
s 1
f 2136/1/61 2137/1/62 2138/1/63
f 2137/1/62 2136/1/61 2139/1/64
f 2136/1/61 2140/1/26 2141/1/26
f 2140/1/26 2136/1/61 2138/1/63
f 2139/1/64 2142/1/22 2137/1/62
f 2142/1/22 2139/1/64 2143/1/23
f 2141/1/26 2144/1/65 2145/1/66
f 2144/1/65 2141/1/26 2140/1/26
f 2143/1/23 2146/1/67 2142/1/22
f 2146/1/67 2143/1/23 2147/1/67
s 0
f 2148/1/4 2149/1/4 2150/1/4
f 2149/1/4 2148/1/4 2151/1/4
s 1
f 2147/1/67 2152/1/6 2146/1/67
f 2152/1/6 2147/1/67 2153/1/6
s 0
f 2154/1/1 2155/1/1 2156/1/1
f 2155/1/1 2154/1/1 2157/1/1
s 1
f 2153/1/6 2158/1/68 2152/1/6
f 2158/1/68 2153/1/6 2159/1/68
f 2159/1/68 2160/1/69 2158/1/68
f 2160/1/69 2159/1/68 2161/1/15
f 2161/1/15 2162/1/70 2160/1/69
f 2162/1/70 2161/1/15 2163/1/70
f 2163/1/70 2164/1/71 2162/1/70
f 2164/1/71 2163/1/70 2165/1/71
f 2164/1/71 2166/1/72 2167/1/72
f 2166/1/72 2164/1/71 2165/1/71
f 2167/1/72 2168/1/17 2169/1/17
f 2168/1/17 2167/1/72 2166/1/72
s 0
f 2204/1/5 2205/1/5 2206/1/5
f 2205/1/5 2204/1/5 2207/1/5
f 2208/1/1 2209/1/1 2210/1/1
f 2209/1/1 2208/1/1 2211/1/1
f 2212/1/2 2213/1/2 2214/1/2
f 2213/1/2 2212/1/2 2215/1/2
f 2216/1/4 2217/1/4 2218/1/4
f 2217/1/4 2216/1/4 2219/1/4
f 2220/1/6 2221/1/6 2222/1/6
f 2221/1/6 2220/1/6 2223/1/6
f 2240/1/3 2241/1/3 2242/1/3
f 2241/1/3 2240/1/3 2243/1/3
f 2248/1/2 2249/1/2 2250/1/2
f 2249/1/2 2248/1/2 2251/1/2
f 2252/1/1 2253/1/1 2254/1/1
f 2253/1/1 2252/1/1 2255/1/1
f 2264/1/3 2265/1/3 2266/1/3
f 2265/1/3 2264/1/3 2267/1/3
usemtl m1
f 29/1/6 30/1/6 31/1/6
f 30/1/6 29/1/6 32/1/6
f 33/1/5 34/1/5 35/1/5
f 34/1/5 33/1/5 36/1/5
f 37/1/4 38/1/4 39/1/4
f 38/1/4 37/1/4 40/1/4
f 41/1/3 42/1/3 43/1/3
f 42/1/3 41/1/3 44/1/3
f 45/1/2 46/1/2 47/1/2
f 46/1/2 45/1/2 48/1/2
f 49/1/1 50/1/1 51/1/1
f 50/1/1 49/1/1 52/1/1
f 50/1/1 52/1/1 53/1/1
f 53/1/1 52/1/1 54/1/1
f 51/1/1 55/1/1 56/1/1
f 55/1/1 51/1/1 50/1/1
f 56/1/1 55/1/1 54/1/1
f 56/1/1 54/1/1 52/1/1
f 57/1/4 58/1/4 59/1/4
f 58/1/4 57/1/4 60/1/4
f 61/1/5 62/1/5 63/1/5
f 62/1/5 61/1/5 64/1/5
f 65/1/3 66/1/3 67/1/3
f 66/1/3 65/1/3 68/1/3
f 69/1/2 70/1/2 71/1/2
f 70/1/2 69/1/2 72/1/2
f 73/1/6 74/1/6 75/1/6
f 74/1/6 73/1/6 76/1/6
f 74/1/6 76/1/6 77/1/6
f 77/1/6 76/1/6 78/1/6
f 75/1/6 79/1/6 80/1/6
f 79/1/6 75/1/6 74/1/6
f 80/1/6 79/1/6 78/1/6
f 80/1/6 78/1/6 76/1/6
f 81/1/1 82/1/1 83/1/1
f 82/1/1 81/1/1 84/1/1
f 85/1/1 86/1/1 87/1/1
f 86/1/1 85/1/1 88/1/1
f 89/1/3 90/1/3 91/1/3
f 90/1/3 89/1/3 92/1/3
f 93/1/4 94/1/4 95/1/4
f 94/1/4 93/1/4 96/1/4
f 97/1/5 98/1/5 99/1/5
f 98/1/5 97/1/5 100/1/5
f 101/1/2 102/1/2 103/1/2
f 102/1/2 101/1/2 104/1/2
f 105/1/6 106/1/6 107/1/6
f 106/1/6 105/1/6 108/1/6
f 109/1/1 110/1/1 111/1/1
f 110/1/1 109/1/1 112/1/1
f 113/1/2 114/1/2 115/1/2
f 114/1/2 113/1/2 116/1/2
f 114/1/2 116/1/2 117/1/2
f 115/1/2 118/1/2 119/1/2
f 118/1/2 115/1/2 114/1/2
f 119/1/2 118/1/2 120/1/2
f 121/1/4 122/1/4 123/1/4
f 124/1/4 125/1/4 122/1/4
f 123/1/4 122/1/4 125/1/4
f 126/1/4 127/1/4 124/1/4
f 127/1/4 128/1/4 124/1/4
f 125/1/4 124/1/4 128/1/4
f 129/1/3 130/1/3 131/1/3
f 130/1/3 129/1/3 132/1/3
f 133/1/5 134/1/5 135/1/5
f 136/1/5 135/1/5 134/1/5
f 137/1/1 138/1/1 139/1/1
f 138/1/1 137/1/1 140/1/1
f 140/1/1 137/1/1 141/1/1
f 141/1/1 142/1/1 143/1/1
f 142/1/1 141/1/1 144/1/1
f 144/1/1 141/1/1 137/1/1
f 145/1/6 146/1/6 147/1/6
f 147/1/6 146/1/6 148/1/6
f 149/1/6 148/1/6 146/1/6
f 146/1/6 145/1/6 150/1/6
f 150/1/6 145/1/6 151/1/6
f 152/1/6 151/1/6 145/1/6
f 153/1/5 154/1/5 155/1/5
f 154/1/5 153/1/5 156/1/5
f 157/1/3 158/1/3 159/1/3
f 160/1/3 159/1/3 158/1/3
f 161/1/3 162/1/3 163/1/3
f 162/1/3 161/1/3 164/1/3
f 165/1/5 166/1/5 167/1/5
f 168/1/5 167/1/5 166/1/5
f 169/1/1 170/1/1 171/1/1
f 170/1/1 169/1/1 172/1/1
f 170/1/1 172/1/1 173/1/1
f 171/1/1 174/1/1 175/1/1
f 174/1/1 171/1/1 170/1/1
f 175/1/1 174/1/1 176/1/1
f 177/1/6 178/1/6 179/1/6
f 180/1/6 181/1/6 178/1/6
f 179/1/6 178/1/6 181/1/6
f 182/1/6 183/1/6 180/1/6
f 183/1/6 184/1/6 180/1/6
f 181/1/6 180/1/6 184/1/6
f 185/1/5 186/1/5 187/1/5
f 186/1/5 185/1/5 188/1/5
f 189/1/3 190/1/3 191/1/3
f 192/1/3 191/1/3 190/1/3
f 193/1/4 194/1/4 195/1/4
f 194/1/4 193/1/4 196/1/4
f 194/1/4 196/1/4 197/1/4
f 195/1/4 198/1/4 199/1/4
f 198/1/4 195/1/4 194/1/4
f 199/1/4 198/1/4 200/1/4
f 201/1/2 202/1/2 203/1/2
f 204/1/2 205/1/2 202/1/2
f 203/1/2 202/1/2 205/1/2
f 206/1/2 207/1/2 204/1/2
f 207/1/2 208/1/2 204/1/2
f 205/1/2 204/1/2 208/1/2
f 209/1/4 210/1/4 211/1/4
f 210/1/4 209/1/4 212/1/4
f 213/1/2 214/1/2 215/1/2
f 216/1/2 215/1/2 214/1/2
f 217/1/5 218/1/5 219/1/5
f 218/1/5 217/1/5 220/1/5
f 221/1/3 222/1/3 223/1/3
f 224/1/3 223/1/3 222/1/3
f 225/1/2 226/1/2 227/1/2
f 226/1/2 225/1/2 228/1/2
f 229/1/4 230/1/4 231/1/4
f 232/1/4 231/1/4 230/1/4
f 233/1/5 234/1/5 235/1/5
f 234/1/5 233/1/5 236/1/5
f 237/1/3 238/1/3 239/1/3
f 240/1/3 239/1/3 238/1/3
f 241/1/4 242/1/4 243/1/4
f 242/1/4 241/1/4 244/1/4
f 245/1/2 246/1/2 247/1/2
f 248/1/2 247/1/2 246/1/2
f 249/1/3 250/1/3 251/1/3
f 250/1/3 249/1/3 252/1/3
f 253/1/5 254/1/5 255/1/5
f 256/1/5 255/1/5 254/1/5
f 257/1/2 258/1/2 259/1/2
f 258/1/2 257/1/2 260/1/2
f 261/1/4 262/1/4 263/1/4
f 264/1/4 263/1/4 262/1/4
f 265/1/3 266/1/3 267/1/3
f 266/1/3 265/1/3 268/1/3
f 269/1/5 270/1/5 271/1/5
f 272/1/5 271/1/5 270/1/5
usemtl m2
f 273/1/1 274/1/1 275/1/1
f 274/1/1 273/1/1 276/1/1
f 277/1/2 278/1/2 279/1/2
f 278/1/2 277/1/2 280/1/2
f 278/1/2 280/1/2 281/1/2
f 281/1/2 280/1/2 282/1/2
f 279/1/2 283/1/2 284/1/2
f 283/1/2 279/1/2 278/1/2
f 284/1/2 283/1/2 282/1/2
f 284/1/2 282/1/2 280/1/2
f 285/1/3 286/1/3 287/1/3
f 286/1/3 285/1/3 288/1/3
f 289/1/4 290/1/4 291/1/4
f 290/1/4 289/1/4 292/1/4
f 293/1/5 294/1/5 295/1/5
f 294/1/5 293/1/5 296/1/5
f 297/1/6 298/1/6 299/1/6
f 298/1/6 297/1/6 300/1/6
f 2987/1/1 2988/1/1 2989/1/1
f 2988/1/1 2987/1/1 2990/1/1
f 2991/1/4 2992/1/4 2993/1/4
f 2992/1/4 2991/1/4 2994/1/4
f 2992/1/4 2994/1/4 2995/1/4
f 2995/1/4 2994/1/4 2996/1/4
f 2993/1/4 2997/1/4 2998/1/4
f 2997/1/4 2993/1/4 2992/1/4
f 2998/1/4 2997/1/4 2996/1/4
f 2998/1/4 2996/1/4 2994/1/4
f 2999/1/5 3000/1/5 3001/1/5
f 3000/1/5 2999/1/5 3002/1/5
f 3003/1/2 3004/1/2 3005/1/2
f 3004/1/2 3003/1/2 3006/1/2
f 3007/1/3 3008/1/3 3009/1/3
f 3008/1/3 3007/1/3 3010/1/3
f 3011/1/6 3012/1/6 3013/1/6
f 3012/1/6 3011/1/6 3014/1/6
usemtl m3
f 301/1/3 302/1/3 303/1/3
f 302/1/3 301/1/3 304/1/3
f 305/1/1 306/1/1 307/1/1
f 306/1/1 305/1/1 308/1/1
f 309/1/6 310/1/6 311/1/6
f 310/1/6 309/1/6 312/1/6
f 313/1/5 314/1/5 315/1/5
f 314/1/5 313/1/5 316/1/5
f 365/1/2 366/1/2 367/1/2
f 366/1/2 365/1/2 368/1/2
f 369/1/5 370/1/5 371/1/5
f 370/1/5 369/1/5 372/1/5
f 373/1/6 374/1/6 375/1/6
f 374/1/6 373/1/6 376/1/6
f 377/1/3 378/1/3 379/1/3
f 378/1/3 377/1/3 380/1/3
f 381/1/1 382/1/1 383/1/1
f 382/1/1 381/1/1 384/1/1
f 385/1/4 386/1/4 387/1/4
f 386/1/4 385/1/4 388/1/4
f 409/1/2 410/1/2 411/1/2
f 410/1/2 409/1/2 412/1/2
f 413/1/5 414/1/5 415/1/5
f 414/1/5 413/1/5 416/1/5
f 417/1/6 418/1/6 419/1/6
f 418/1/6 417/1/6 420/1/6
f 421/1/3 422/1/3 423/1/3
f 422/1/3 421/1/3 424/1/3
f 425/1/1 426/1/1 427/1/1
f 426/1/1 425/1/1 428/1/1
f 429/1/4 430/1/4 431/1/4
f 430/1/4 429/1/4 432/1/4
f 453/1/2 454/1/2 455/1/2
f 454/1/2 453/1/2 456/1/2
f 457/1/5 458/1/5 459/1/5
f 458/1/5 457/1/5 460/1/5
f 461/1/6 462/1/6 463/1/6
f 462/1/6 461/1/6 464/1/6
f 465/1/3 466/1/3 467/1/3
f 466/1/3 465/1/3 468/1/3
f 469/1/1 470/1/1 471/1/1
f 470/1/1 469/1/1 472/1/1
f 473/1/4 474/1/4 475/1/4
f 474/1/4 473/1/4 476/1/4
f 497/1/2 498/1/2 499/1/2
f 498/1/2 497/1/2 500/1/2
f 501/1/5 502/1/5 503/1/5
f 502/1/5 501/1/5 504/1/5
f 505/1/6 506/1/6 507/1/6
f 506/1/6 505/1/6 508/1/6
f 509/1/3 510/1/3 511/1/3
f 510/1/3 509/1/3 512/1/3
f 513/1/1 514/1/1 515/1/1
f 514/1/1 513/1/1 516/1/1
f 517/1/4 518/1/4 519/1/4
f 518/1/4 517/1/4 520/1/4
f 541/1/2 542/1/2 543/1/2
f 542/1/2 541/1/2 544/1/2
f 545/1/5 546/1/5 547/1/5
f 546/1/5 545/1/5 548/1/5
f 549/1/6 550/1/6 551/1/6
f 550/1/6 549/1/6 552/1/6
f 553/1/3 554/1/3 555/1/3
f 554/1/3 553/1/3 556/1/3
f 557/1/1 558/1/1 559/1/1
f 558/1/1 557/1/1 560/1/1
f 561/1/4 562/1/4 563/1/4
f 562/1/4 561/1/4 564/1/4
f 585/1/2 586/1/2 587/1/2
f 586/1/2 585/1/2 588/1/2
f 589/1/5 590/1/5 591/1/5
f 590/1/5 589/1/5 592/1/5
f 593/1/6 594/1/6 595/1/6
f 594/1/6 593/1/6 596/1/6
f 597/1/3 598/1/3 599/1/3
f 598/1/3 597/1/3 600/1/3
f 601/1/1 602/1/1 603/1/1
f 602/1/1 601/1/1 604/1/1
f 605/1/4 606/1/4 607/1/4
f 606/1/4 605/1/4 608/1/4
f 629/1/2 630/1/2 631/1/2
f 630/1/2 629/1/2 632/1/2
f 633/1/5 634/1/5 635/1/5
f 634/1/5 633/1/5 636/1/5
f 637/1/6 638/1/6 639/1/6
f 638/1/6 637/1/6 640/1/6
f 641/1/3 642/1/3 643/1/3
f 642/1/3 641/1/3 644/1/3
f 645/1/1 646/1/1 647/1/1
f 646/1/1 645/1/1 648/1/1
f 649/1/4 650/1/4 651/1/4
f 650/1/4 649/1/4 652/1/4
f 673/1/2 674/1/2 675/1/2
f 674/1/2 673/1/2 676/1/2
f 677/1/5 678/1/5 679/1/5
f 678/1/5 677/1/5 680/1/5
f 681/1/6 682/1/6 683/1/6
f 682/1/6 681/1/6 684/1/6
f 685/1/3 686/1/3 687/1/3
f 686/1/3 685/1/3 688/1/3
f 689/1/1 690/1/1 691/1/1
f 690/1/1 689/1/1 692/1/1
f 693/1/4 694/1/4 695/1/4
f 694/1/4 693/1/4 696/1/4
f 761/1/4 762/1/4 763/1/4
f 762/1/4 761/1/4 764/1/4
f 765/1/3 766/1/3 767/1/3
f 766/1/3 765/1/3 768/1/3
f 769/1/6 770/1/6 771/1/6
f 770/1/6 769/1/6 772/1/6
f 773/1/5 774/1/5 775/1/5
f 774/1/5 773/1/5 776/1/5
f 777/1/1 778/1/1 779/1/1
f 778/1/1 777/1/1 780/1/1
f 781/1/2 782/1/2 783/1/2
f 782/1/2 781/1/2 784/1/2
f 805/1/4 806/1/4 807/1/4
f 806/1/4 805/1/4 808/1/4
f 809/1/3 810/1/3 811/1/3
f 810/1/3 809/1/3 812/1/3
f 813/1/6 814/1/6 815/1/6
f 814/1/6 813/1/6 816/1/6
f 817/1/5 818/1/5 819/1/5
f 818/1/5 817/1/5 820/1/5
f 821/1/1 822/1/1 823/1/1
f 822/1/1 821/1/1 824/1/1
f 825/1/2 826/1/2 827/1/2
f 826/1/2 825/1/2 828/1/2
f 849/1/4 850/1/4 851/1/4
f 850/1/4 849/1/4 852/1/4
f 853/1/3 854/1/3 855/1/3
f 854/1/3 853/1/3 856/1/3
f 857/1/6 858/1/6 859/1/6
f 858/1/6 857/1/6 860/1/6
f 861/1/5 862/1/5 863/1/5
f 862/1/5 861/1/5 864/1/5
f 865/1/1 866/1/1 867/1/1
f 866/1/1 865/1/1 868/1/1
f 869/1/2 870/1/2 871/1/2
f 870/1/2 869/1/2 872/1/2
f 893/1/4 894/1/4 895/1/4
f 894/1/4 893/1/4 896/1/4
f 897/1/3 898/1/3 899/1/3
f 898/1/3 897/1/3 900/1/3
f 901/1/6 902/1/6 903/1/6
f 902/1/6 901/1/6 904/1/6
f 905/1/5 906/1/5 907/1/5
f 906/1/5 905/1/5 908/1/5
f 909/1/1 910/1/1 911/1/1
f 910/1/1 909/1/1 912/1/1
f 913/1/2 914/1/2 915/1/2
f 914/1/2 913/1/2 916/1/2
f 937/1/4 938/1/4 939/1/4
f 938/1/4 937/1/4 940/1/4
f 941/1/3 942/1/3 943/1/3
f 942/1/3 941/1/3 944/1/3
f 945/1/6 946/1/6 947/1/6
f 946/1/6 945/1/6 948/1/6
f 949/1/5 950/1/5 951/1/5
f 950/1/5 949/1/5 952/1/5
f 953/1/1 954/1/1 955/1/1
f 954/1/1 953/1/1 956/1/1
f 957/1/2 958/1/2 959/1/2
f 958/1/2 957/1/2 960/1/2
f 981/1/4 982/1/4 983/1/4
f 982/1/4 981/1/4 984/1/4
f 985/1/3 986/1/3 987/1/3
f 986/1/3 985/1/3 988/1/3
f 989/1/6 990/1/6 991/1/6
f 990/1/6 989/1/6 992/1/6
f 993/1/5 994/1/5 995/1/5
f 994/1/5 993/1/5 996/1/5
f 997/1/1 998/1/1 999/1/1
f 998/1/1 997/1/1 1000/1/1
f 1001/1/2 1002/1/2 1003/1/2
f 1002/1/2 1001/1/2 1004/1/2
f 1025/1/4 1026/1/4 1027/1/4
f 1026/1/4 1025/1/4 1028/1/4
f 1029/1/3 1030/1/3 1031/1/3
f 1030/1/3 1029/1/3 1032/1/3
f 1033/1/6 1034/1/6 1035/1/6
f 1034/1/6 1033/1/6 1036/1/6
f 1037/1/5 1038/1/5 1039/1/5
f 1038/1/5 1037/1/5 1040/1/5
f 1041/1/1 1042/1/1 1043/1/1
f 1042/1/1 1041/1/1 1044/1/1
f 1045/1/2 1046/1/2 1047/1/2
f 1046/1/2 1045/1/2 1048/1/2
f 1069/1/4 1070/1/4 1071/1/4
f 1070/1/4 1069/1/4 1072/1/4
f 1073/1/3 1074/1/3 1075/1/3
f 1074/1/3 1073/1/3 1076/1/3
f 1077/1/6 1078/1/6 1079/1/6
f 1078/1/6 1077/1/6 1080/1/6
f 1081/1/5 1082/1/5 1083/1/5
f 1082/1/5 1081/1/5 1084/1/5
f 1085/1/1 1086/1/1 1087/1/1
f 1086/1/1 1085/1/1 1088/1/1
f 1089/1/2 1090/1/2 1091/1/2
f 1090/1/2 1089/1/2 1092/1/2
f 1307/1/3 1308/1/3 1309/1/3
f 1310/1/3 1309/1/3 1308/1/3
f 1331/1/3 1332/1/3 1333/1/3
f 1334/1/3 1333/1/3 1332/1/3
f 1354/1/6 1355/1/6 1356/1/6
f 1355/1/6 1354/1/6 1357/1/6
f 1358/1/5 1359/1/5 1360/1/5
f 1359/1/5 1358/1/5 1361/1/5
f 1362/1/4 1363/1/4 1364/1/4
f 1363/1/4 1362/1/4 1365/1/4
f 1366/1/3 1367/1/3 1368/1/3
f 1367/1/3 1366/1/3 1369/1/3
f 1370/1/2 1371/1/2 1372/1/2
f 1371/1/2 1370/1/2 1373/1/2
f 1374/1/1 1375/1/1 1376/1/1
f 1375/1/1 1374/1/1 1377/1/1
f 1378/1/2 1379/1/2 1380/1/2
f 1379/1/2 1378/1/2 1381/1/2
f 1382/1/5 1383/1/5 1384/1/5
f 1383/1/5 1382/1/5 1385/1/5
f 1386/1/6 1387/1/6 1388/1/6
f 1387/1/6 1386/1/6 1389/1/6
f 1390/1/3 1391/1/3 1392/1/3
f 1391/1/3 1390/1/3 1393/1/3
f 1394/1/1 1395/1/1 1396/1/1
f 1395/1/1 1394/1/1 1397/1/1
f 1398/1/4 1399/1/4 1400/1/4
f 1399/1/4 1398/1/4 1401/1/4
f 1402/1/5 1403/1/5 1404/1/5
f 1403/1/5 1402/1/5 1405/1/5
f 1405/1/5 1402/1/5 1406/1/5
f 1405/1/5 1406/1/5 1407/1/5
f 1405/1/48 1407/1/48 1408/1/48
f 1405/1/49 1408/1/49 1409/1/49
f 1405/1/48 1409/1/48 1410/1/48
f 1405/1/49 1410/1/49 1411/1/49
f 1405/1/48 1411/1/48 1412/1/48
f 1405/1/50 1412/1/50 1413/1/50
f 1405/1/5 1413/1/5 1414/1/5
f 1405/1/48 1414/1/48 1415/1/48
f 1405/1/5 1415/1/5 1416/1/5
f 1417/1/2 1418/1/2 1419/1/2
f 1418/1/2 1417/1/2 1420/1/2
s 1
f 1421/1/45 1422/1/47 1423/1/47
f 1422/1/47 1421/1/45 1424/1/45
f 1425/1/51 1424/1/45 1421/1/45
f 1424/1/45 1425/1/51 1426/1/51
f 1425/1/51 1427/1/52 1426/1/51
f 1427/1/52 1425/1/51 1428/1/52
f 1428/1/52 1429/1/42 1427/1/52
f 1429/1/42 1428/1/52 1430/1/42
f 1430/1/42 1431/1/40 1429/1/42
f 1431/1/40 1430/1/42 1432/1/40
f 1432/1/40 1433/1/1 1431/1/40
f 1433/1/1 1432/1/40 1434/1/1
f 1434/1/1 1435/1/53 1433/1/1
f 1435/1/53 1434/1/1 1436/1/53
f 1436/1/53 1437/1/54 1435/1/53
f 1437/1/54 1436/1/53 1438/1/54
f 1438/1/54 1439/1/31 1437/1/54
f 1439/1/31 1438/1/54 1440/1/31
f 1440/1/31 1441/1/30 1439/1/31
f 1441/1/30 1440/1/31 1442/1/30
f 1441/1/30 1443/1/33 1444/1/33
f 1443/1/33 1441/1/30 1442/1/30
f 1444/1/33 1445/1/37 1446/1/37
f 1445/1/37 1444/1/33 1443/1/33
s 0
f 1447/1/4 1448/1/4 1449/1/4
f 1448/1/4 1447/1/4 1450/1/4
f 1451/1/6 1452/1/6 1453/1/6
f 1452/1/6 1451/1/6 1454/1/6
f 1455/1/3 1456/1/3 1457/1/3
f 1456/1/55 1455/1/55 1458/1/55
f 1458/1/56 1455/1/56 1459/1/56
f 1459/1/3 1455/1/3 1460/1/3
f 1460/1/55 1455/1/55 1461/1/55
f 1461/1/56 1455/1/56 1462/1/56
f 1462/1/3 1455/1/3 1463/1/3
f 1463/1/3 1455/1/3 1464/1/3
f 1464/1/57 1455/1/57 1465/1/57
f 1465/1/58 1455/1/58 1466/1/58
f 1466/1/3 1455/1/3 1467/1/3
f 1467/1/3 1455/1/3 1468/1/3
f 1468/1/58 1455/1/58 1469/1/58
f 1470/1/6 1471/1/6 1472/1/6
f 1471/1/6 1470/1/6 1473/1/6
f 1474/1/5 1475/1/5 1476/1/5
f 1475/1/5 1474/1/5 1477/1/5
f 1478/1/4 1479/1/4 1480/1/4
f 1479/1/4 1478/1/4 1481/1/4
f 1482/1/3 1483/1/3 1484/1/3
f 1483/1/3 1482/1/3 1485/1/3
f 1486/1/2 1487/1/2 1488/1/2
f 1487/1/2 1486/1/2 1489/1/2
f 1490/1/1 1491/1/1 1492/1/1
f 1491/1/1 1490/1/1 1493/1/1
f 1494/1/2 1495/1/2 1496/1/2
f 1495/1/2 1494/1/2 1497/1/2
f 1498/1/5 1499/1/5 1500/1/5
f 1499/1/5 1498/1/5 1501/1/5
f 1502/1/6 1503/1/6 1504/1/6
f 1503/1/6 1502/1/6 1505/1/6
f 1506/1/3 1507/1/3 1508/1/3
f 1507/1/3 1506/1/3 1509/1/3
f 1510/1/1 1511/1/1 1512/1/1
f 1511/1/1 1510/1/1 1513/1/1
f 1514/1/4 1515/1/4 1516/1/4
f 1515/1/4 1514/1/4 1517/1/4
f 1518/1/5 1519/1/5 1520/1/5
f 1519/1/5 1518/1/5 1521/1/5
f 1521/1/5 1518/1/5 1522/1/5
f 1521/1/49 1522/1/49 1523/1/49
f 1521/1/5 1523/1/5 1524/1/5
f 1521/1/5 1524/1/5 1525/1/5
f 1521/1/5 1525/1/5 1526/1/5
f 1521/1/49 1526/1/49 1527/1/49
f 1521/1/5 1527/1/5 1528/1/5
f 1521/1/49 1528/1/49 1529/1/49
f 1521/1/48 1529/1/48 1530/1/48
f 1521/1/5 1530/1/5 1531/1/5
f 1521/1/5 1531/1/5 1532/1/5
f 1533/1/2 1534/1/2 1535/1/2
f 1534/1/2 1533/1/2 1536/1/2
s 1
f 1537/1/45 1538/1/47 1539/1/47
f 1538/1/47 1537/1/45 1540/1/45
f 1541/1/51 1540/1/45 1537/1/45
f 1540/1/45 1541/1/51 1542/1/51
f 1541/1/51 1543/1/59 1542/1/51
f 1543/1/59 1541/1/51 1544/1/59
f 1544/1/59 1545/1/42 1543/1/59
f 1545/1/42 1544/1/59 1546/1/42
f 1546/1/42 1547/1/40 1545/1/42
f 1547/1/40 1546/1/42 1548/1/40
f 1548/1/40 1549/1/1 1547/1/40
f 1549/1/1 1548/1/40 1550/1/1
f 1550/1/1 1551/1/53 1549/1/1
f 1551/1/53 1550/1/1 1552/1/53
f 1552/1/53 1553/1/54 1551/1/53
f 1553/1/54 1552/1/53 1554/1/54
f 1554/1/54 1555/1/31 1553/1/54
f 1555/1/31 1554/1/54 1556/1/31
f 1556/1/31 1557/1/30 1555/1/31
f 1557/1/30 1556/1/31 1558/1/30
f 1557/1/30 1559/1/33 1560/1/33
f 1559/1/33 1557/1/30 1558/1/30
f 1560/1/33 1561/1/37 1562/1/37
f 1561/1/37 1560/1/33 1559/1/33
s 0
f 1563/1/4 1564/1/4 1565/1/4
f 1564/1/4 1563/1/4 1566/1/4
f 1567/1/6 1568/1/6 1569/1/6
f 1568/1/6 1567/1/6 1570/1/6
f 1571/1/3 1572/1/3 1573/1/3
f 1572/1/55 1571/1/55 1574/1/55
f 1574/1/3 1571/1/3 1575/1/3
f 1575/1/3 1571/1/3 1576/1/3
f 1576/1/3 1571/1/3 1577/1/3
f 1577/1/3 1571/1/3 1578/1/3
f 1578/1/3 1571/1/3 1579/1/3
f 1579/1/3 1571/1/3 1580/1/3
f 1580/1/3 1571/1/3 1581/1/3
f 1581/1/3 1571/1/3 1582/1/3
f 1582/1/55 1571/1/55 1583/1/55
f 1583/1/3 1571/1/3 1584/1/3
f 1584/1/3 1571/1/3 1585/1/3
f 1586/1/6 1587/1/6 1588/1/6
f 1587/1/6 1586/1/6 1589/1/6
f 1590/1/5 1591/1/5 1592/1/5
f 1591/1/5 1590/1/5 1593/1/5
f 1594/1/4 1595/1/4 1596/1/4
f 1595/1/4 1594/1/4 1597/1/4
f 1598/1/3 1599/1/3 1600/1/3
f 1599/1/3 1598/1/3 1601/1/3
f 1602/1/2 1603/1/2 1604/1/2
f 1603/1/2 1602/1/2 1605/1/2
f 1606/1/1 1607/1/1 1608/1/1
f 1607/1/1 1606/1/1 1609/1/1
f 1610/1/2 1611/1/2 1612/1/2
f 1611/1/2 1610/1/2 1613/1/2
f 1614/1/5 1615/1/5 1616/1/5
f 1615/1/5 1614/1/5 1617/1/5
f 1618/1/6 1619/1/6 1620/1/6
f 1619/1/6 1618/1/6 1621/1/6
f 1622/1/3 1623/1/3 1624/1/3
f 1623/1/3 1622/1/3 1625/1/3
f 1626/1/1 1627/1/1 1628/1/1
f 1627/1/1 1626/1/1 1629/1/1
f 1630/1/4 1631/1/4 1632/1/4
f 1631/1/4 1630/1/4 1633/1/4
f 1634/1/5 1635/1/5 1636/1/5
f 1635/1/5 1634/1/5 1637/1/5
f 1637/1/5 1634/1/5 1638/1/5
f 1637/1/49 1638/1/49 1639/1/49
f 1637/1/5 1639/1/5 1640/1/5
f 1637/1/5 1640/1/5 1641/1/5
f 1637/1/5 1641/1/5 1642/1/5
f 1637/1/49 1642/1/49 1643/1/49
f 1637/1/5 1643/1/5 1644/1/5
f 1637/1/49 1644/1/49 1645/1/49
f 1637/1/48 1645/1/48 1646/1/48
f 1637/1/5 1646/1/5 1647/1/5
f 1637/1/5 1647/1/5 1648/1/5
f 1649/1/2 1650/1/2 1651/1/2
f 1650/1/2 1649/1/2 1652/1/2
s 1
f 1653/1/45 1654/1/47 1655/1/47
f 1654/1/47 1653/1/45 1656/1/45
f 1657/1/51 1656/1/45 1653/1/45
f 1656/1/45 1657/1/51 1658/1/51
f 1657/1/51 1659/1/52 1658/1/51
f 1659/1/52 1657/1/51 1660/1/59
f 1660/1/59 1661/1/42 1659/1/52
f 1661/1/42 1660/1/59 1662/1/42
f 1662/1/42 1663/1/40 1661/1/42
f 1663/1/40 1662/1/42 1664/1/40
f 1664/1/40 1665/1/1 1663/1/40
f 1665/1/1 1664/1/40 1666/1/1
f 1666/1/1 1667/1/53 1665/1/1
f 1667/1/53 1666/1/1 1668/1/53
f 1668/1/53 1669/1/54 1667/1/53
f 1669/1/54 1668/1/53 1670/1/54
f 1670/1/54 1671/1/31 1669/1/54
f 1671/1/31 1670/1/54 1672/1/31
f 1672/1/31 1673/1/30 1671/1/31
f 1673/1/30 1672/1/31 1674/1/30
f 1673/1/30 1675/1/33 1676/1/33
f 1675/1/33 1673/1/30 1674/1/30
f 1676/1/33 1677/1/37 1678/1/37
f 1677/1/37 1676/1/33 1675/1/33
s 0
f 1679/1/4 1680/1/4 1681/1/4
f 1680/1/4 1679/1/4 1682/1/4
f 1683/1/6 1684/1/6 1685/1/6
f 1684/1/6 1683/1/6 1686/1/6
f 1687/1/3 1688/1/3 1689/1/3
f 1688/1/55 1687/1/55 1690/1/55
f 1690/1/3 1687/1/3 1691/1/3
f 1691/1/3 1687/1/3 1692/1/3
f 1692/1/3 1687/1/3 1693/1/3
f 1693/1/3 1687/1/3 1694/1/3
f 1694/1/3 1687/1/3 1695/1/3
f 1695/1/3 1687/1/3 1696/1/3
f 1696/1/3 1687/1/3 1697/1/3
f 1697/1/3 1687/1/3 1698/1/3
f 1698/1/55 1687/1/55 1699/1/55
f 1699/1/3 1687/1/3 1700/1/3
f 1700/1/3 1687/1/3 1701/1/3
f 1702/1/6 1703/1/6 1704/1/6
f 1703/1/6 1702/1/6 1705/1/6
f 1706/1/5 1707/1/5 1708/1/5
f 1707/1/5 1706/1/5 1709/1/5
f 1710/1/4 1711/1/4 1712/1/4
f 1711/1/4 1710/1/4 1713/1/4
f 1714/1/3 1715/1/3 1716/1/3
f 1715/1/3 1714/1/3 1717/1/3
f 1718/1/2 1719/1/2 1720/1/2
f 1719/1/2 1718/1/2 1721/1/2
f 1722/1/1 1723/1/1 1724/1/1
f 1723/1/1 1722/1/1 1725/1/1
f 1726/1/2 1727/1/2 1728/1/2
f 1727/1/2 1726/1/2 1729/1/2
f 1730/1/5 1731/1/5 1732/1/5
f 1731/1/5 1730/1/5 1733/1/5
f 1734/1/6 1735/1/6 1736/1/6
f 1735/1/6 1734/1/6 1737/1/6
f 1738/1/3 1739/1/3 1740/1/3
f 1739/1/3 1738/1/3 1741/1/3
f 1742/1/1 1743/1/1 1744/1/1
f 1743/1/1 1742/1/1 1745/1/1
f 1746/1/4 1747/1/4 1748/1/4
f 1747/1/4 1746/1/4 1749/1/4
f 1750/1/5 1751/1/5 1752/1/5
f 1751/1/5 1750/1/5 1753/1/5
f 1753/1/5 1750/1/5 1754/1/5
f 1753/1/49 1754/1/49 1755/1/49
f 1753/1/5 1755/1/5 1756/1/5
f 1753/1/5 1756/1/5 1757/1/5
f 1753/1/5 1757/1/5 1758/1/5
f 1753/1/49 1758/1/49 1759/1/49
f 1753/1/5 1759/1/5 1760/1/5
f 1753/1/49 1760/1/49 1761/1/49
f 1753/1/48 1761/1/48 1762/1/48
f 1753/1/5 1762/1/5 1763/1/5
f 1753/1/5 1763/1/5 1764/1/5
f 1765/1/2 1766/1/2 1767/1/2
f 1766/1/2 1765/1/2 1768/1/2
s 1
f 1769/1/45 1770/1/47 1771/1/47
f 1770/1/47 1769/1/45 1772/1/45
f 1773/1/51 1772/1/45 1769/1/45
f 1772/1/45 1773/1/51 1774/1/51
f 1773/1/51 1775/1/59 1774/1/51
f 1775/1/59 1773/1/51 1776/1/59
f 1776/1/59 1777/1/42 1775/1/59
f 1777/1/42 1776/1/59 1778/1/42
f 1778/1/42 1779/1/40 1777/1/42
f 1779/1/40 1778/1/42 1780/1/40
f 1780/1/40 1781/1/1 1779/1/40
f 1781/1/1 1780/1/40 1782/1/1
f 1782/1/1 1783/1/53 1781/1/1
f 1783/1/53 1782/1/1 1784/1/53
f 1784/1/53 1785/1/54 1783/1/53
f 1785/1/54 1784/1/53 1786/1/54
f 1786/1/54 1787/1/31 1785/1/54
f 1787/1/31 1786/1/54 1788/1/31
f 1788/1/31 1789/1/30 1787/1/31
f 1789/1/30 1788/1/31 1790/1/30
f 1789/1/30 1791/1/33 1792/1/33
f 1791/1/33 1789/1/30 1790/1/30
f 1792/1/33 1793/1/36 1794/1/37
f 1793/1/36 1792/1/33 1791/1/33
s 0
f 1795/1/4 1796/1/4 1797/1/4
f 1796/1/4 1795/1/4 1798/1/4
f 1799/1/6 1800/1/6 1801/1/6
f 1800/1/6 1799/1/6 1802/1/6
f 1803/1/3 1804/1/3 1805/1/3
f 1804/1/55 1803/1/55 1806/1/55
f 1806/1/3 1803/1/3 1807/1/3
f 1807/1/3 1803/1/3 1808/1/3
f 1808/1/3 1803/1/3 1809/1/3
f 1809/1/3 1803/1/3 1810/1/3
f 1810/1/3 1803/1/3 1811/1/3
f 1811/1/3 1803/1/3 1812/1/3
f 1812/1/3 1803/1/3 1813/1/3
f 1813/1/3 1803/1/3 1814/1/3
f 1814/1/55 1803/1/55 1815/1/55
f 1815/1/3 1803/1/3 1816/1/3
f 1816/1/3 1803/1/3 1817/1/3
f 1818/1/6 1819/1/6 1820/1/6
f 1819/1/6 1818/1/6 1821/1/6
f 1822/1/5 1823/1/5 1824/1/5
f 1823/1/5 1822/1/5 1825/1/5
f 1826/1/4 1827/1/4 1828/1/4
f 1827/1/4 1826/1/4 1829/1/4
f 1830/1/3 1831/1/3 1832/1/3
f 1831/1/3 1830/1/3 1833/1/3
f 1834/1/2 1835/1/2 1836/1/2
f 1835/1/2 1834/1/2 1837/1/2
f 1838/1/1 1839/1/1 1840/1/1
f 1839/1/1 1838/1/1 1841/1/1
f 1842/1/2 1843/1/2 1844/1/2
f 1843/1/2 1842/1/2 1845/1/2
f 1846/1/5 1847/1/5 1848/1/5
f 1847/1/5 1846/1/5 1849/1/5
f 1850/1/6 1851/1/6 1852/1/6
f 1851/1/6 1850/1/6 1853/1/6
f 1854/1/3 1855/1/3 1856/1/3
f 1855/1/3 1854/1/3 1857/1/3
f 1858/1/1 1859/1/1 1860/1/1
f 1859/1/1 1858/1/1 1861/1/1
f 1862/1/4 1863/1/4 1864/1/4
f 1863/1/4 1862/1/4 1865/1/4
f 1866/1/5 1867/1/5 1868/1/5
f 1867/1/5 1866/1/5 1869/1/5
f 1869/1/5 1866/1/5 1870/1/5
f 1869/1/49 1870/1/49 1871/1/49
f 1869/1/5 1871/1/5 1872/1/5
f 1869/1/5 1872/1/5 1873/1/5
f 1869/1/5 1873/1/5 1874/1/5
f 1869/1/49 1874/1/49 1875/1/49
f 1869/1/5 1875/1/5 1876/1/5
f 1869/1/49 1876/1/49 1877/1/49
f 1869/1/48 1877/1/48 1878/1/48
f 1869/1/5 1878/1/5 1879/1/5
f 1869/1/5 1879/1/5 1880/1/5
f 1881/1/2 1882/1/2 1883/1/2
f 1882/1/2 1881/1/2 1884/1/2
s 1
f 1885/1/45 1886/1/47 1887/1/47
f 1886/1/47 1885/1/45 1888/1/45
f 1889/1/51 1888/1/45 1885/1/45
f 1888/1/45 1889/1/51 1890/1/51
f 1889/1/51 1891/1/59 1890/1/51
f 1891/1/59 1889/1/51 1892/1/59
f 1892/1/59 1893/1/42 1891/1/59
f 1893/1/42 1892/1/59 1894/1/42
f 1894/1/42 1895/1/40 1893/1/42
f 1895/1/40 1894/1/42 1896/1/40
f 1896/1/40 1897/1/1 1895/1/40
f 1897/1/1 1896/1/40 1898/1/1
f 1898/1/1 1899/1/53 1897/1/1
f 1899/1/53 1898/1/1 1900/1/53
f 1900/1/53 1901/1/54 1899/1/53
f 1901/1/54 1900/1/53 1902/1/54
f 1902/1/54 1903/1/31 1901/1/54
f 1903/1/31 1902/1/54 1904/1/31
f 1904/1/31 1905/1/30 1903/1/31
f 1905/1/30 1904/1/31 1906/1/30
f 1905/1/30 1907/1/33 1908/1/33
f 1907/1/33 1905/1/30 1906/1/30
f 1908/1/33 1909/1/37 1910/1/37
f 1909/1/37 1908/1/33 1907/1/33
s 0
f 1911/1/4 1912/1/4 1913/1/4
f 1912/1/4 1911/1/4 1914/1/4
f 1915/1/6 1916/1/6 1917/1/6
f 1916/1/6 1915/1/6 1918/1/6
f 1919/1/3 1920/1/3 1921/1/3
f 1920/1/55 1919/1/55 1922/1/55
f 1922/1/3 1919/1/3 1923/1/3
f 1923/1/3 1919/1/3 1924/1/3
f 1924/1/3 1919/1/3 1925/1/3
f 1925/1/3 1919/1/3 1926/1/3
f 1926/1/3 1919/1/3 1927/1/3
f 1927/1/3 1919/1/3 1928/1/3
f 1928/1/3 1919/1/3 1929/1/3
f 1929/1/3 1919/1/3 1930/1/3
f 1930/1/55 1919/1/55 1931/1/55
f 1931/1/3 1919/1/3 1932/1/3
f 1932/1/3 1919/1/3 1933/1/3
f 1934/1/6 1935/1/6 1936/1/6
f 1935/1/6 1934/1/6 1937/1/6
f 1938/1/5 1939/1/5 1940/1/5
f 1939/1/5 1938/1/5 1941/1/5
f 1942/1/4 1943/1/4 1944/1/4
f 1943/1/4 1942/1/4 1945/1/4
f 1946/1/3 1947/1/3 1948/1/3
f 1947/1/3 1946/1/3 1949/1/3
f 1950/1/2 1951/1/2 1952/1/2
f 1951/1/2 1950/1/2 1953/1/2
f 1954/1/1 1955/1/1 1956/1/1
f 1955/1/1 1954/1/1 1957/1/1
f 1958/1/2 1959/1/2 1960/1/2
f 1959/1/2 1958/1/2 1961/1/2
f 1962/1/5 1963/1/5 1964/1/5
f 1963/1/5 1962/1/5 1965/1/5
f 1966/1/6 1967/1/6 1968/1/6
f 1967/1/6 1966/1/6 1969/1/6
f 1970/1/3 1971/1/3 1972/1/3
f 1971/1/3 1970/1/3 1973/1/3
f 1974/1/1 1975/1/1 1976/1/1
f 1975/1/1 1974/1/1 1977/1/1
f 1978/1/4 1979/1/4 1980/1/4
f 1979/1/4 1978/1/4 1981/1/4
f 1982/1/5 1983/1/5 1984/1/5
f 1983/1/5 1982/1/5 1985/1/5
f 1985/1/5 1982/1/5 1986/1/5
f 1985/1/49 1986/1/49 1987/1/49
f 1985/1/5 1987/1/5 1988/1/5
f 1985/1/5 1988/1/5 1989/1/5
f 1985/1/5 1989/1/5 1990/1/5
f 1985/1/49 1990/1/49 1991/1/49
f 1985/1/5 1991/1/5 1992/1/5
f 1985/1/49 1992/1/49 1993/1/49
f 1985/1/48 1993/1/48 1994/1/48
f 1985/1/5 1994/1/5 1995/1/5
f 1985/1/5 1995/1/5 1996/1/5
f 1997/1/2 1998/1/2 1999/1/2
f 1998/1/2 1997/1/2 2000/1/2
s 1
f 2001/1/45 2002/1/47 2003/1/47
f 2002/1/47 2001/1/45 2004/1/45
f 2005/1/51 2004/1/45 2001/1/45
f 2004/1/45 2005/1/51 2006/1/51
f 2005/1/51 2007/1/52 2006/1/51
f 2007/1/52 2005/1/51 2008/1/59
f 2008/1/59 2009/1/42 2007/1/52
f 2009/1/42 2008/1/59 2010/1/42
f 2010/1/42 2011/1/40 2009/1/42
f 2011/1/40 2010/1/42 2012/1/40
f 2012/1/40 2013/1/1 2011/1/40
f 2013/1/1 2012/1/40 2014/1/1
f 2014/1/1 2015/1/53 2013/1/1
f 2015/1/53 2014/1/1 2016/1/53
f 2016/1/53 2017/1/54 2015/1/53
f 2017/1/54 2016/1/53 2018/1/54
f 2018/1/54 2019/1/31 2017/1/54
f 2019/1/31 2018/1/54 2020/1/31
f 2020/1/31 2021/1/30 2019/1/31
f 2021/1/30 2020/1/31 2022/1/30
f 2021/1/30 2023/1/33 2024/1/33
f 2023/1/33 2021/1/30 2022/1/30
f 2024/1/33 2025/1/37 2026/1/37
f 2025/1/37 2024/1/33 2023/1/33
s 0
f 2027/1/4 2028/1/4 2029/1/4
f 2028/1/4 2027/1/4 2030/1/4
f 2031/1/6 2032/1/6 2033/1/6
f 2032/1/6 2031/1/6 2034/1/6
f 2035/1/3 2036/1/3 2037/1/3
f 2036/1/55 2035/1/55 2038/1/55
f 2038/1/3 2035/1/3 2039/1/3
f 2039/1/3 2035/1/3 2040/1/3
f 2040/1/3 2035/1/3 2041/1/3
f 2041/1/3 2035/1/3 2042/1/3
f 2042/1/3 2035/1/3 2043/1/3
f 2043/1/3 2035/1/3 2044/1/3
f 2044/1/3 2035/1/3 2045/1/3
f 2045/1/3 2035/1/3 2046/1/3
f 2046/1/55 2035/1/55 2047/1/55
f 2047/1/3 2035/1/3 2048/1/3
f 2048/1/3 2035/1/3 2049/1/3
f 2244/1/5 2245/1/5 2246/1/5
f 2247/1/5 2246/1/5 2245/1/5
f 2268/1/5 2269/1/5 2270/1/5
f 2271/1/5 2270/1/5 2269/1/5
f 2291/1/6 2292/1/6 2293/1/6
f 2292/1/6 2291/1/6 2294/1/6
f 2295/1/3 2296/1/3 2297/1/3
f 2296/1/3 2295/1/3 2298/1/3
f 2299/1/2 2300/1/2 2301/1/2
f 2300/1/2 2299/1/2 2302/1/2
f 2303/1/5 2304/1/5 2305/1/5
f 2304/1/5 2303/1/5 2306/1/5
f 2307/1/4 2308/1/4 2309/1/4
f 2308/1/4 2307/1/4 2310/1/4
f 2311/1/1 2312/1/1 2313/1/1
f 2312/1/1 2311/1/1 2314/1/1
f 2315/1/4 2316/1/4 2317/1/4
f 2316/1/4 2315/1/4 2318/1/4
f 2319/1/3 2320/1/3 2321/1/3
f 2320/1/3 2319/1/3 2322/1/3
f 2323/1/6 2324/1/6 2325/1/6
f 2324/1/6 2323/1/6 2326/1/6
f 2327/1/5 2328/1/5 2329/1/5
f 2328/1/5 2327/1/5 2330/1/5
f 2331/1/1 2332/1/1 2333/1/1
f 2332/1/1 2331/1/1 2334/1/1
f 2335/1/2 2336/1/2 2337/1/2
f 2336/1/2 2335/1/2 2338/1/2
f 2339/1/3 2340/1/3 2341/1/3
f 2340/1/3 2339/1/3 2342/1/3
f 2342/1/3 2339/1/3 2343/1/3
f 2342/1/3 2343/1/3 2344/1/3
f 2342/1/3 2344/1/3 2345/1/3
f 2342/1/3 2345/1/3 2346/1/3
f 2342/1/56 2346/1/56 2347/1/56
f 2342/1/55 2347/1/55 2348/1/55
f 2342/1/3 2348/1/3 2349/1/3
f 2342/1/3 2349/1/3 2350/1/3
f 2342/1/3 2350/1/3 2351/1/3
f 2342/1/56 2351/1/56 2352/1/56
f 2342/1/56 2352/1/56 2353/1/56
f 2354/1/4 2355/1/4 2356/1/4
f 2355/1/4 2354/1/4 2357/1/4
s 1
f 2358/1/33 2359/1/37 2360/1/37
f 2359/1/37 2358/1/33 2361/1/33
f 2362/1/30 2361/1/33 2358/1/33
f 2361/1/33 2362/1/30 2363/1/30
f 2362/1/30 2364/1/78 2363/1/30
f 2364/1/78 2362/1/30 2365/1/81
f 2365/1/81 2366/1/54 2364/1/78
f 2366/1/54 2365/1/81 2367/1/54
f 2367/1/54 2368/1/38 2366/1/54
f 2368/1/38 2367/1/54 2369/1/38
f 2369/1/38 2370/1/1 2368/1/38
f 2370/1/1 2369/1/38 2371/1/1
f 2371/1/1 2372/1/76 2370/1/1
f 2372/1/76 2371/1/1 2373/1/76
f 2373/1/76 2374/1/42 2372/1/76
f 2374/1/42 2373/1/76 2375/1/42
f 2375/1/42 2376/1/43 2374/1/42
f 2376/1/43 2375/1/42 2377/1/43
f 2377/1/43 2378/1/51 2376/1/43
f 2378/1/51 2377/1/43 2379/1/73
f 2378/1/51 2380/1/45 2381/1/45
f 2380/1/45 2378/1/51 2379/1/73
f 2381/1/45 2382/1/47 2383/1/47
f 2382/1/47 2381/1/45 2380/1/45
s 0
f 2384/1/2 2385/1/2 2386/1/2
f 2385/1/2 2384/1/2 2387/1/2
f 2388/1/6 2389/1/6 2390/1/6
f 2389/1/6 2388/1/6 2391/1/6
f 2392/1/5 2393/1/5 2394/1/5
f 2393/1/49 2392/1/49 2395/1/49
f 2395/1/48 2392/1/48 2396/1/48
f 2396/1/5 2392/1/5 2397/1/5
f 2397/1/5 2392/1/5 2398/1/5
f 2398/1/5 2392/1/5 2399/1/5
f 2399/1/5 2392/1/5 2400/1/5
f 2400/1/5 2392/1/5 2401/1/5
f 2401/1/5 2392/1/5 2402/1/5
f 2402/1/5 2392/1/5 2403/1/5
f 2403/1/5 2392/1/5 2404/1/5
f 2404/1/49 2392/1/49 2405/1/49
f 2405/1/60 2392/1/60 2406/1/60
f 2407/1/6 2408/1/6 2409/1/6
f 2408/1/6 2407/1/6 2410/1/6
f 2411/1/3 2412/1/3 2413/1/3
f 2412/1/3 2411/1/3 2414/1/3
f 2415/1/2 2416/1/2 2417/1/2
f 2416/1/2 2415/1/2 2418/1/2
f 2419/1/5 2420/1/5 2421/1/5
f 2420/1/5 2419/1/5 2422/1/5
f 2423/1/4 2424/1/4 2425/1/4
f 2424/1/4 2423/1/4 2426/1/4
f 2427/1/1 2428/1/1 2429/1/1
f 2428/1/1 2427/1/1 2430/1/1
f 2431/1/4 2432/1/4 2433/1/4
f 2432/1/4 2431/1/4 2434/1/4
f 2435/1/3 2436/1/3 2437/1/3
f 2436/1/3 2435/1/3 2438/1/3
f 2439/1/6 2440/1/6 2441/1/6
f 2440/1/6 2439/1/6 2442/1/6
f 2443/1/5 2444/1/5 2445/1/5
f 2444/1/5 2443/1/5 2446/1/5
f 2447/1/1 2448/1/1 2449/1/1
f 2448/1/1 2447/1/1 2450/1/1
f 2451/1/2 2452/1/2 2453/1/2
f 2452/1/2 2451/1/2 2454/1/2
f 2455/1/3 2456/1/3 2457/1/3
f 2456/1/3 2455/1/3 2458/1/3
f 2458/1/3 2455/1/3 2459/1/3
f 2458/1/55 2459/1/55 2460/1/55
f 2458/1/56 2460/1/56 2461/1/56
f 2458/1/3 2461/1/3 2462/1/3
f 2458/1/3 2462/1/3 2463/1/3
f 2458/1/55 2463/1/55 2464/1/55
f 2458/1/56 2464/1/56 2465/1/56
f 2458/1/55 2465/1/55 2466/1/55
f 2458/1/56 2466/1/56 2467/1/56
f 2458/1/3 2467/1/3 2468/1/3
f 2458/1/3 2468/1/3 2469/1/3
f 2470/1/4 2471/1/4 2472/1/4
f 2471/1/4 2470/1/4 2473/1/4
s 1
f 2474/1/33 2475/1/37 2476/1/36
f 2475/1/37 2474/1/33 2477/1/33
f 2478/1/30 2477/1/33 2474/1/33
f 2477/1/33 2478/1/30 2479/1/30
f 2478/1/30 2480/1/78 2479/1/30
f 2480/1/78 2478/1/30 2481/1/81
f 2481/1/81 2482/1/54 2480/1/78
f 2482/1/54 2481/1/81 2483/1/54
f 2483/1/54 2484/1/38 2482/1/54
f 2484/1/38 2483/1/54 2485/1/38
f 2485/1/38 2486/1/1 2484/1/38
f 2486/1/1 2485/1/38 2487/1/1
f 2487/1/1 2488/1/76 2486/1/1
f 2488/1/76 2487/1/1 2489/1/76
f 2489/1/76 2490/1/42 2488/1/76
f 2490/1/42 2489/1/76 2491/1/42
f 2491/1/42 2492/1/43 2490/1/42
f 2492/1/43 2491/1/42 2493/1/82
f 2493/1/82 2494/1/51 2492/1/43
f 2494/1/51 2493/1/82 2495/1/51
f 2494/1/51 2496/1/45 2497/1/45
f 2496/1/45 2494/1/51 2495/1/51
f 2497/1/45 2498/1/47 2499/1/47
f 2498/1/47 2497/1/45 2496/1/45
s 0
f 2500/1/2 2501/1/2 2502/1/2
f 2501/1/2 2500/1/2 2503/1/2
f 2504/1/6 2505/1/6 2506/1/6
f 2505/1/6 2504/1/6 2507/1/6
f 2508/1/5 2509/1/5 2510/1/5
f 2509/1/49 2508/1/49 2511/1/49
f 2511/1/5 2508/1/5 2512/1/5
f 2512/1/5 2508/1/5 2513/1/5
f 2513/1/5 2508/1/5 2514/1/5
f 2514/1/5 2508/1/5 2515/1/5
f 2515/1/5 2508/1/5 2516/1/5
f 2516/1/5 2508/1/5 2517/1/5
f 2517/1/5 2508/1/5 2518/1/5
f 2518/1/5 2508/1/5 2519/1/5
f 2519/1/5 2508/1/5 2520/1/5
f 2520/1/5 2508/1/5 2521/1/5
f 2521/1/60 2508/1/60 2522/1/60
f 2523/1/6 2524/1/6 2525/1/6
f 2524/1/6 2523/1/6 2526/1/6
f 2527/1/3 2528/1/3 2529/1/3
f 2528/1/3 2527/1/3 2530/1/3
f 2531/1/2 2532/1/2 2533/1/2
f 2532/1/2 2531/1/2 2534/1/2
f 2535/1/5 2536/1/5 2537/1/5
f 2536/1/5 2535/1/5 2538/1/5
f 2539/1/4 2540/1/4 2541/1/4
f 2540/1/4 2539/1/4 2542/1/4
f 2543/1/1 2544/1/1 2545/1/1
f 2544/1/1 2543/1/1 2546/1/1
f 2547/1/4 2548/1/4 2549/1/4
f 2548/1/4 2547/1/4 2550/1/4
f 2551/1/3 2552/1/3 2553/1/3
f 2552/1/3 2551/1/3 2554/1/3
f 2555/1/6 2556/1/6 2557/1/6
f 2556/1/6 2555/1/6 2558/1/6
f 2559/1/5 2560/1/5 2561/1/5
f 2560/1/5 2559/1/5 2562/1/5
f 2563/1/1 2564/1/1 2565/1/1
f 2564/1/1 2563/1/1 2566/1/1
f 2567/1/2 2568/1/2 2569/1/2
f 2568/1/2 2567/1/2 2570/1/2
f 2571/1/3 2572/1/3 2573/1/3
f 2572/1/3 2571/1/3 2574/1/3
f 2574/1/3 2571/1/3 2575/1/3
f 2574/1/55 2575/1/55 2576/1/55
f 2574/1/56 2576/1/56 2577/1/56
f 2574/1/3 2577/1/3 2578/1/3
f 2574/1/3 2578/1/3 2579/1/3
f 2574/1/55 2579/1/55 2580/1/55
f 2574/1/56 2580/1/56 2581/1/56
f 2574/1/55 2581/1/55 2582/1/55
f 2574/1/56 2582/1/56 2583/1/56
f 2574/1/3 2583/1/3 2584/1/3
f 2574/1/3 2584/1/3 2585/1/3
f 2586/1/4 2587/1/4 2588/1/4
f 2587/1/4 2586/1/4 2589/1/4
s 1
f 2590/1/33 2591/1/37 2592/1/37
f 2591/1/37 2590/1/33 2593/1/33
f 2594/1/30 2593/1/33 2590/1/33
f 2593/1/33 2594/1/30 2595/1/83
f 2594/1/30 2596/1/78 2595/1/83
f 2596/1/78 2594/1/30 2597/1/81
f 2597/1/81 2598/1/54 2596/1/78
f 2598/1/54 2597/1/81 2599/1/54
f 2599/1/54 2600/1/38 2598/1/54
f 2600/1/38 2599/1/54 2601/1/38
f 2601/1/38 2602/1/1 2600/1/38
f 2602/1/1 2601/1/38 2603/1/1
f 2603/1/1 2604/1/76 2602/1/1
f 2604/1/76 2603/1/1 2605/1/76
f 2605/1/76 2606/1/42 2604/1/76
f 2606/1/42 2605/1/76 2607/1/42
f 2607/1/42 2608/1/43 2606/1/42
f 2608/1/43 2607/1/42 2609/1/82
f 2609/1/82 2610/1/51 2608/1/43
f 2610/1/51 2609/1/82 2611/1/51
f 2610/1/51 2612/1/45 2613/1/45
f 2612/1/45 2610/1/51 2611/1/51
f 2613/1/45 2614/1/47 2615/1/47
f 2614/1/47 2613/1/45 2612/1/45
s 0
f 2616/1/2 2617/1/2 2618/1/2
f 2617/1/2 2616/1/2 2619/1/2
f 2620/1/6 2621/1/6 2622/1/6
f 2621/1/6 2620/1/6 2623/1/6
f 2624/1/5 2625/1/5 2626/1/5
f 2625/1/49 2624/1/49 2627/1/49
f 2627/1/5 2624/1/5 2628/1/5
f 2628/1/5 2624/1/5 2629/1/5
f 2629/1/5 2624/1/5 2630/1/5
f 2630/1/5 2624/1/5 2631/1/5
f 2631/1/5 2624/1/5 2632/1/5
f 2632/1/5 2624/1/5 2633/1/5
f 2633/1/5 2624/1/5 2634/1/5
f 2634/1/5 2624/1/5 2635/1/5
f 2635/1/5 2624/1/5 2636/1/5
f 2636/1/5 2624/1/5 2637/1/5
f 2637/1/60 2624/1/60 2638/1/60
f 2639/1/6 2640/1/6 2641/1/6
f 2640/1/6 2639/1/6 2642/1/6
f 2643/1/3 2644/1/3 2645/1/3
f 2644/1/3 2643/1/3 2646/1/3
f 2647/1/2 2648/1/2 2649/1/2
f 2648/1/2 2647/1/2 2650/1/2
f 2651/1/5 2652/1/5 2653/1/5
f 2652/1/5 2651/1/5 2654/1/5
f 2655/1/4 2656/1/4 2657/1/4
f 2656/1/4 2655/1/4 2658/1/4
f 2659/1/1 2660/1/1 2661/1/1
f 2660/1/1 2659/1/1 2662/1/1
f 2663/1/4 2664/1/4 2665/1/4
f 2664/1/4 2663/1/4 2666/1/4
f 2667/1/3 2668/1/3 2669/1/3
f 2668/1/3 2667/1/3 2670/1/3
f 2671/1/6 2672/1/6 2673/1/6
f 2672/1/6 2671/1/6 2674/1/6
f 2675/1/5 2676/1/5 2677/1/5
f 2676/1/5 2675/1/5 2678/1/5
f 2679/1/1 2680/1/1 2681/1/1
f 2680/1/1 2679/1/1 2682/1/1
f 2683/1/2 2684/1/2 2685/1/2
f 2684/1/2 2683/1/2 2686/1/2
f 2687/1/3 2688/1/3 2689/1/3
f 2688/1/3 2687/1/3 2690/1/3
f 2690/1/3 2687/1/3 2691/1/3
f 2690/1/55 2691/1/55 2692/1/55
f 2690/1/56 2692/1/56 2693/1/56
f 2690/1/3 2693/1/3 2694/1/3
f 2690/1/3 2694/1/3 2695/1/3
f 2690/1/55 2695/1/55 2696/1/55
f 2690/1/56 2696/1/56 2697/1/56
f 2690/1/55 2697/1/55 2698/1/55
f 2690/1/56 2698/1/56 2699/1/56
f 2690/1/3 2699/1/3 2700/1/3
f 2690/1/3 2700/1/3 2701/1/3
f 2702/1/4 2703/1/4 2704/1/4
f 2703/1/4 2702/1/4 2705/1/4
s 1
f 2706/1/33 2707/1/37 2708/1/36
f 2707/1/37 2706/1/33 2709/1/33
f 2710/1/30 2709/1/33 2706/1/33
f 2709/1/33 2710/1/30 2711/1/30
f 2710/1/30 2712/1/78 2711/1/30
f 2712/1/78 2710/1/30 2713/1/78
f 2713/1/78 2714/1/54 2712/1/78
f 2714/1/54 2713/1/78 2715/1/54
f 2715/1/54 2716/1/38 2714/1/54
f 2716/1/38 2715/1/54 2717/1/38
f 2717/1/38 2718/1/1 2716/1/38
f 2718/1/1 2717/1/38 2719/1/1
f 2719/1/1 2720/1/76 2718/1/1
f 2720/1/76 2719/1/1 2721/1/76
f 2721/1/76 2722/1/42 2720/1/76
f 2722/1/42 2721/1/76 2723/1/42
f 2723/1/42 2724/1/43 2722/1/42
f 2724/1/43 2723/1/42 2725/1/82
f 2725/1/82 2726/1/51 2724/1/43
f 2726/1/51 2725/1/82 2727/1/51
f 2726/1/51 2728/1/45 2729/1/45
f 2728/1/45 2726/1/51 2727/1/51
f 2729/1/45 2730/1/47 2731/1/74
f 2730/1/47 2729/1/45 2728/1/45
s 0
f 2732/1/2 2733/1/2 2734/1/2
f 2733/1/2 2732/1/2 2735/1/2
f 2736/1/6 2737/1/6 2738/1/6
f 2737/1/6 2736/1/6 2739/1/6
f 2740/1/5 2741/1/5 2742/1/5
f 2741/1/49 2740/1/49 2743/1/49
f 2743/1/5 2740/1/5 2744/1/5
f 2744/1/5 2740/1/5 2745/1/5
f 2745/1/5 2740/1/5 2746/1/5
f 2746/1/5 2740/1/5 2747/1/5
f 2747/1/5 2740/1/5 2748/1/5
f 2748/1/5 2740/1/5 2749/1/5
f 2749/1/5 2740/1/5 2750/1/5
f 2750/1/5 2740/1/5 2751/1/5
f 2751/1/5 2740/1/5 2752/1/5
f 2752/1/5 2740/1/5 2753/1/5
f 2753/1/60 2740/1/60 2754/1/60
f 2755/1/6 2756/1/6 2757/1/6
f 2756/1/6 2755/1/6 2758/1/6
f 2759/1/3 2760/1/3 2761/1/3
f 2760/1/3 2759/1/3 2762/1/3
f 2763/1/2 2764/1/2 2765/1/2
f 2764/1/2 2763/1/2 2766/1/2
f 2767/1/5 2768/1/5 2769/1/5
f 2768/1/5 2767/1/5 2770/1/5
f 2771/1/4 2772/1/4 2773/1/4
f 2772/1/4 2771/1/4 2774/1/4
f 2775/1/1 2776/1/1 2777/1/1
f 2776/1/1 2775/1/1 2778/1/1
f 2779/1/4 2780/1/4 2781/1/4
f 2780/1/4 2779/1/4 2782/1/4
f 2783/1/3 2784/1/3 2785/1/3
f 2784/1/3 2783/1/3 2786/1/3
f 2787/1/6 2788/1/6 2789/1/6
f 2788/1/6 2787/1/6 2790/1/6
f 2791/1/5 2792/1/5 2793/1/5
f 2792/1/5 2791/1/5 2794/1/5
f 2795/1/1 2796/1/1 2797/1/1
f 2796/1/1 2795/1/1 2798/1/1
f 2799/1/2 2800/1/2 2801/1/2
f 2800/1/2 2799/1/2 2802/1/2
f 2803/1/3 2804/1/3 2805/1/3
f 2804/1/3 2803/1/3 2806/1/3
f 2806/1/3 2803/1/3 2807/1/3
f 2806/1/55 2807/1/55 2808/1/55
f 2806/1/56 2808/1/56 2809/1/56
f 2806/1/3 2809/1/3 2810/1/3
f 2806/1/3 2810/1/3 2811/1/3
f 2806/1/55 2811/1/55 2812/1/55
f 2806/1/56 2812/1/56 2813/1/56
f 2806/1/55 2813/1/55 2814/1/55
f 2806/1/56 2814/1/56 2815/1/56
f 2806/1/3 2815/1/3 2816/1/3
f 2806/1/3 2816/1/3 2817/1/3
f 2818/1/4 2819/1/4 2820/1/4
f 2819/1/4 2818/1/4 2821/1/4
s 1
f 2822/1/33 2823/1/37 2824/1/36
f 2823/1/37 2822/1/33 2825/1/33
f 2826/1/30 2825/1/33 2822/1/33
f 2825/1/33 2826/1/30 2827/1/30
f 2826/1/30 2828/1/78 2827/1/30
f 2828/1/78 2826/1/30 2829/1/78
f 2829/1/78 2830/1/54 2828/1/78
f 2830/1/54 2829/1/78 2831/1/54
f 2831/1/54 2832/1/38 2830/1/54
f 2832/1/38 2831/1/54 2833/1/38
f 2833/1/38 2834/1/1 2832/1/38
f 2834/1/1 2833/1/38 2835/1/1
f 2835/1/1 2836/1/76 2834/1/1
f 2836/1/76 2835/1/1 2837/1/76
f 2837/1/76 2838/1/42 2836/1/76
f 2838/1/42 2837/1/76 2839/1/42
f 2839/1/42 2840/1/43 2838/1/42
f 2840/1/43 2839/1/42 2841/1/82
f 2841/1/82 2842/1/51 2840/1/43
f 2842/1/51 2841/1/82 2843/1/51
f 2842/1/51 2844/1/45 2845/1/45
f 2844/1/45 2842/1/51 2843/1/51
f 2845/1/45 2846/1/47 2847/1/47
f 2846/1/47 2845/1/45 2844/1/45
s 0
f 2848/1/2 2849/1/2 2850/1/2
f 2849/1/2 2848/1/2 2851/1/2
f 2852/1/6 2853/1/6 2854/1/6
f 2853/1/6 2852/1/6 2855/1/6
f 2856/1/5 2857/1/5 2858/1/5
f 2857/1/49 2856/1/49 2859/1/49
f 2859/1/5 2856/1/5 2860/1/5
f 2860/1/5 2856/1/5 2861/1/5
f 2861/1/5 2856/1/5 2862/1/5
f 2862/1/5 2856/1/5 2863/1/5
f 2863/1/5 2856/1/5 2864/1/5
f 2864/1/5 2856/1/5 2865/1/5
f 2865/1/5 2856/1/5 2866/1/5
f 2866/1/5 2856/1/5 2867/1/5
f 2867/1/5 2856/1/5 2868/1/5
f 2868/1/5 2856/1/5 2869/1/5
f 2869/1/60 2856/1/60 2870/1/60
f 2871/1/6 2872/1/6 2873/1/6
f 2872/1/6 2871/1/6 2874/1/6
f 2875/1/3 2876/1/3 2877/1/3
f 2876/1/3 2875/1/3 2878/1/3
f 2879/1/2 2880/1/2 2881/1/2
f 2880/1/2 2879/1/2 2882/1/2
f 2883/1/5 2884/1/5 2885/1/5
f 2884/1/5 2883/1/5 2886/1/5
f 2887/1/4 2888/1/4 2889/1/4
f 2888/1/4 2887/1/4 2890/1/4
f 2891/1/1 2892/1/1 2893/1/1
f 2892/1/1 2891/1/1 2894/1/1
f 2895/1/4 2896/1/4 2897/1/4
f 2896/1/4 2895/1/4 2898/1/4
f 2899/1/3 2900/1/3 2901/1/3
f 2900/1/3 2899/1/3 2902/1/3
f 2903/1/6 2904/1/6 2905/1/6
f 2904/1/6 2903/1/6 2906/1/6
f 2907/1/5 2908/1/5 2909/1/5
f 2908/1/5 2907/1/5 2910/1/5
f 2911/1/1 2912/1/1 2913/1/1
f 2912/1/1 2911/1/1 2914/1/1
f 2915/1/2 2916/1/2 2917/1/2
f 2916/1/2 2915/1/2 2918/1/2
f 2919/1/3 2920/1/3 2921/1/3
f 2920/1/3 2919/1/3 2922/1/3
f 2922/1/3 2919/1/3 2923/1/3
f 2922/1/55 2923/1/55 2924/1/55
f 2922/1/56 2924/1/56 2925/1/56
f 2922/1/3 2925/1/3 2926/1/3
f 2922/1/3 2926/1/3 2927/1/3
f 2922/1/55 2927/1/55 2928/1/55
f 2922/1/56 2928/1/56 2929/1/56
f 2922/1/55 2929/1/55 2930/1/55
f 2922/1/56 2930/1/56 2931/1/56
f 2922/1/3 2931/1/3 2932/1/3
f 2922/1/3 2932/1/3 2933/1/3
f 2934/1/4 2935/1/4 2936/1/4
f 2935/1/4 2934/1/4 2937/1/4
s 1
f 2938/1/33 2939/1/37 2940/1/36
f 2939/1/37 2938/1/33 2941/1/80
f 2942/1/30 2941/1/80 2938/1/33
f 2941/1/80 2942/1/30 2943/1/30
f 2942/1/30 2944/1/78 2943/1/30
f 2944/1/78 2942/1/30 2945/1/81
f 2945/1/81 2946/1/54 2944/1/78
f 2946/1/54 2945/1/81 2947/1/54
f 2947/1/54 2948/1/38 2946/1/54
f 2948/1/38 2947/1/54 2949/1/38
f 2949/1/38 2950/1/1 2948/1/38
f 2950/1/1 2949/1/38 2951/1/1
f 2951/1/1 2952/1/76 2950/1/1
f 2952/1/76 2951/1/1 2953/1/76
f 2953/1/76 2954/1/42 2952/1/76
f 2954/1/42 2953/1/76 2955/1/42
f 2955/1/42 2956/1/43 2954/1/42
f 2956/1/43 2955/1/42 2957/1/82
f 2957/1/82 2958/1/51 2956/1/43
f 2958/1/51 2957/1/82 2959/1/51
f 2958/1/51 2960/1/45 2961/1/45
f 2960/1/45 2958/1/51 2959/1/51
f 2961/1/45 2962/1/47 2963/1/47
f 2962/1/47 2961/1/45 2960/1/45
s 0
f 2964/1/2 2965/1/2 2966/1/2
f 2965/1/2 2964/1/2 2967/1/2
f 2968/1/6 2969/1/6 2970/1/6
f 2969/1/6 2968/1/6 2971/1/6
f 2972/1/5 2973/1/5 2974/1/5
f 2973/1/49 2972/1/49 2975/1/49
f 2975/1/5 2972/1/5 2976/1/5
f 2976/1/5 2972/1/5 2977/1/5
f 2977/1/5 2972/1/5 2978/1/5
f 2978/1/5 2972/1/5 2979/1/5
f 2979/1/5 2972/1/5 2980/1/5
f 2980/1/5 2972/1/5 2981/1/5
f 2981/1/5 2972/1/5 2982/1/5
f 2982/1/5 2972/1/5 2983/1/5
f 2983/1/5 2972/1/5 2984/1/5
f 2984/1/5 2972/1/5 2985/1/5
f 2985/1/60 2972/1/60 2986/1/60
f 3015/1/5 3016/1/5 3017/1/5
f 3016/1/5 3015/1/5 3018/1/5
f 3019/1/1 3020/1/1 3021/1/1
f 3020/1/1 3019/1/1 3022/1/1
f 3023/1/6 3024/1/6 3025/1/6
f 3024/1/6 3023/1/6 3026/1/6
f 3027/1/3 3028/1/3 3029/1/3
f 3028/1/3 3027/1/3 3030/1/3
usemtl m4
f 317/1/2 318/1/2 319/1/2
f 318/1/2 317/1/2 320/1/2
f 3031/1/4 3032/1/4 3033/1/4
f 3032/1/4 3031/1/4 3034/1/4
usemtl m5
f 341/1/2 342/1/2 343/1/2
f 344/1/2 343/1/2 342/1/2
f 345/1/1 346/1/1 347/1/1
f 348/1/1 347/1/1 346/1/1
f 349/1/3 350/1/3 351/1/3
f 352/1/3 351/1/3 350/1/3
f 353/1/6 354/1/6 355/1/6
f 356/1/6 355/1/6 354/1/6
f 357/1/4 358/1/4 359/1/4
f 360/1/4 359/1/4 358/1/4
f 737/1/4 738/1/4 739/1/4
f 740/1/4 739/1/4 738/1/4
f 741/1/1 742/1/1 743/1/1
f 744/1/1 743/1/1 742/1/1
f 745/1/5 746/1/5 747/1/5
f 748/1/5 747/1/5 746/1/5
f 749/1/6 750/1/6 751/1/6
f 752/1/6 751/1/6 750/1/6
f 753/1/2 754/1/2 755/1/2
f 756/1/2 755/1/2 754/1/2
f 1156/1/6 1157/1/6 1158/1/6
f 1159/1/6 1158/1/6 1157/1/6
f 1160/1/2 1161/1/2 1162/1/2
f 1163/1/2 1162/1/2 1161/1/2
f 1164/1/3 1165/1/3 1166/1/3
f 1165/1/3 1167/1/3 1166/1/3
f 1168/1/8 1169/1/8 1167/1/8
f 1167/1/3 1169/1/3 1166/1/3
f 1169/1/3 1170/1/3 1166/1/3
f 1171/1/3 1172/1/3 1170/1/3
f 1172/1/3 1173/1/3 1170/1/3
f 1174/1/3 1175/1/3 1173/1/3
f 1173/1/3 1175/1/3 1170/1/3
f 1166/1/3 1170/1/3 1175/1/3
f 1165/1/3 1164/1/3 1176/1/3
f 1176/1/3 1164/1/3 1168/1/3
f 1169/1/9 1168/1/9 1177/1/9
f 1177/1/3 1168/1/3 1178/1/3
f 1178/1/3 1168/1/3 1179/1/3
f 1179/1/3 1168/1/3 1180/1/3
f 1180/1/3 1168/1/3 1181/1/3
f 1181/1/3 1168/1/3 1182/1/3
f 1182/1/3 1168/1/3 1183/1/3
f 1183/1/3 1168/1/3 1184/1/3
f 1184/1/3 1168/1/3 1185/1/3
f 1185/1/3 1168/1/3 1186/1/3
f 1186/1/3 1168/1/3 1187/1/3
f 1187/1/3 1168/1/3 1188/1/3
f 1188/1/3 1168/1/3 1171/1/3
f 1171/1/3 1168/1/3 1172/1/3
f 1172/1/3 1168/1/3 1189/1/3
f 1168/1/3 1164/1/3 1189/1/3
f 1189/1/3 1164/1/3 1174/1/3
f 1164/1/3 1190/1/3 1174/1/3
f 1175/1/3 1174/1/3 1190/1/3
f 1191/1/4 1192/1/4 1193/1/4
f 1194/1/4 1193/1/4 1192/1/4
f 1195/1/1 1196/1/1 1197/1/1
f 1198/1/1 1197/1/1 1196/1/1
s 1
f 1233/1/29 1234/1/30 1235/1/31
f 1236/1/32 1235/1/31 1234/1/30
f 1236/1/32 1234/1/30 1237/1/33
f 1238/1/33 1237/1/33 1234/1/30
f 1239/1/34 1233/1/29 1240/1/35
f 1235/1/31 1240/1/35 1233/1/29
f 1237/1/33 1238/1/33 1241/1/36
f 1242/1/37 1241/1/36 1238/1/33
f 1243/1/38 1239/1/34 1244/1/38
f 1240/1/35 1244/1/38 1239/1/34
s 0
f 1245/1/4 1246/1/4 1247/1/4
f 1248/1/4 1247/1/4 1246/1/4
s 1
f 1249/1/1 1243/1/38 1250/1/1
f 1244/1/38 1250/1/1 1243/1/38
s 0
f 1251/1/6 1252/1/6 1253/1/6
f 1254/1/6 1253/1/6 1252/1/6
s 1
f 1255/1/39 1249/1/1 1256/1/40
f 1250/1/1 1256/1/40 1249/1/1
f 1257/1/41 1255/1/39 1258/1/42
f 1256/1/40 1258/1/42 1255/1/39
f 1259/1/43 1257/1/41 1260/1/43
f 1258/1/42 1260/1/43 1257/1/41
f 1261/1/44 1259/1/43 1262/1/44
f 1260/1/43 1262/1/44 1259/1/43
f 1261/1/44 1262/1/44 1263/1/45
f 1264/1/45 1263/1/45 1262/1/44
f 1263/1/45 1264/1/45 1265/1/46
f 1266/1/47 1265/1/46 1264/1/45
s 0
f 1287/1/6 1288/1/6 1289/1/6
f 1290/1/6 1289/1/6 1288/1/6
f 1291/1/2 1292/1/2 1293/1/2
f 1294/1/2 1293/1/2 1292/1/2
f 1295/1/4 1296/1/4 1297/1/4
f 1298/1/4 1297/1/4 1296/1/4
f 1299/1/1 1300/1/1 1301/1/1
f 1302/1/1 1301/1/1 1300/1/1
f 1319/1/2 1320/1/2 1321/1/2
f 1322/1/2 1321/1/2 1320/1/2
f 1323/1/6 1324/1/6 1325/1/6
f 1326/1/6 1325/1/6 1324/1/6
f 2093/1/6 2094/1/6 2095/1/6
f 2096/1/6 2095/1/6 2094/1/6
f 2097/1/4 2098/1/4 2099/1/4
f 2100/1/4 2099/1/4 2098/1/4
f 2101/1/5 2102/1/5 2103/1/5
f 2102/1/5 2104/1/5 2103/1/5
f 2105/1/7 2106/1/7 2104/1/7
f 2104/1/5 2106/1/5 2103/1/5
f 2106/1/5 2107/1/5 2103/1/5
f 2108/1/60 2109/1/60 2107/1/60
f 2109/1/5 2110/1/5 2107/1/5
f 2111/1/5 2112/1/5 2110/1/5
f 2110/1/5 2112/1/5 2107/1/5
f 2103/1/5 2107/1/5 2112/1/5
f 2102/1/5 2101/1/5 2113/1/5
f 2113/1/5 2101/1/5 2105/1/5
f 2106/1/5 2105/1/5 2114/1/5
f 2114/1/5 2105/1/5 2115/1/5
f 2115/1/5 2105/1/5 2116/1/5
f 2116/1/5 2105/1/5 2117/1/5
f 2117/1/48 2105/1/48 2118/1/48
f 2118/1/5 2105/1/5 2119/1/5
f 2119/1/5 2105/1/5 2120/1/5
f 2120/1/5 2105/1/5 2121/1/5
f 2121/1/5 2105/1/5 2122/1/5
f 2122/1/50 2105/1/50 2123/1/50
f 2123/1/5 2105/1/5 2124/1/5
f 2124/1/5 2105/1/5 2125/1/5
f 2125/1/5 2105/1/5 2108/1/5
f 2108/1/5 2105/1/5 2109/1/5
f 2109/1/5 2105/1/5 2126/1/5
f 2105/1/5 2101/1/5 2126/1/5
f 2126/1/5 2101/1/5 2111/1/5
f 2101/1/5 2127/1/5 2111/1/5
f 2112/1/5 2111/1/5 2127/1/5
f 2128/1/2 2129/1/2 2130/1/2
f 2131/1/2 2130/1/2 2129/1/2
f 2132/1/1 2133/1/1 2134/1/1
f 2135/1/1 2134/1/1 2133/1/1
s 1
f 2170/1/59 2171/1/51 2172/1/52
f 2173/1/73 2172/1/52 2171/1/51
f 2173/1/73 2171/1/51 2174/1/45
f 2175/1/45 2174/1/45 2171/1/51
f 2176/1/41 2170/1/59 2177/1/42
f 2172/1/52 2177/1/42 2170/1/59
f 2174/1/45 2175/1/45 2178/1/74
f 2179/1/75 2178/1/74 2175/1/45
f 2180/1/76 2176/1/41 2181/1/76
f 2177/1/42 2181/1/76 2176/1/41
s 0
f 2182/1/2 2183/1/2 2184/1/2
f 2185/1/2 2184/1/2 2183/1/2
s 1
f 2186/1/1 2180/1/76 2187/1/1
f 2181/1/76 2187/1/1 2180/1/76
s 0
f 2188/1/6 2189/1/6 2190/1/6
f 2191/1/6 2190/1/6 2189/1/6
s 1
f 2192/1/77 2186/1/1 2193/1/53
f 2187/1/1 2193/1/53 2186/1/1
f 2194/1/35 2192/1/77 2195/1/54
f 2193/1/53 2195/1/54 2192/1/77
f 2196/1/78 2194/1/35 2197/1/78
f 2195/1/54 2197/1/78 2194/1/35
f 2198/1/79 2196/1/78 2199/1/79
f 2197/1/78 2199/1/79 2196/1/78
f 2198/1/79 2199/1/79 2200/1/80
f 2201/1/80 2200/1/80 2199/1/79
f 2200/1/80 2201/1/80 2202/1/36
f 2203/1/36 2202/1/36 2201/1/80
s 0
f 2224/1/6 2225/1/6 2226/1/6
f 2227/1/6 2226/1/6 2225/1/6
f 2228/1/4 2229/1/4 2230/1/4
f 2231/1/4 2230/1/4 2229/1/4
f 2232/1/2 2233/1/2 2234/1/2
f 2235/1/2 2234/1/2 2233/1/2
f 2236/1/1 2237/1/1 2238/1/1
f 2239/1/1 2238/1/1 2237/1/1
f 2256/1/4 2257/1/4 2258/1/4
f 2259/1/4 2258/1/4 2257/1/4
f 2260/1/6 2261/1/6 2262/1/6
f 2263/1/6 2262/1/6 2261/1/6
usemtl m6
f 3035/2/2 3036/1/2 3037/3/2
f 3038/1/2 3039/2/2 3040/4/2
l 1336 1335
l 1335 1337
l 1337 1338
l 1338 1336
l 1340 1339
l 1339 1341
l 1341 1342
l 1342 1343
l 1343 1344
l 1344 1345
l 1345 1346
l 1346 1347
l 1347 1348
l 1348 1349
l 1349 1350
l 1350 1351
l 1351 1352
l 1352 1353
l 1353 1340
l 2273 2272
l 2272 2274
l 2274 2275
l 2275 2273
l 2277 2276
l 2276 2278
l 2278 2279
l 2279 2280
l 2280 2281
l 2281 2282
l 2282 2283
l 2283 2284
l 2284 2285
l 2285 2286
l 2286 2287
l 2287 2288
l 2288 2289
l 2289 2290
l 2290 2277
