# Blender 5.2.2 LTS
# www.blender.org
mtllib BallValveLever.mtl
o defaultMaterial
v -0.008167 0.016672 -0.004713
v -0.008054 0.019566 -0.004778
v -0.005445 0.015888 -0.006285
v -0.008167 0.016672 -0.004713
v -0.008167 0.019535 -0.004713
v -0.008167 0.015888 0.001573
v -0.008167 0.020443 0.001573
v -0.008167 0.020443 -0.001570
v -0.008167 0.015888 -0.001570
v -0.005444 0.015888 -0.006285
v -0.002723 0.015888 -0.007856
v -0.002604 0.015623 -0.007425
v -0.005444 0.020442 -0.006284
v -0.008166 0.019656 -0.004712
v -0.008054 0.019747 -0.004647
v -0.008167 0.015888 -0.001570
v -0.008165 0.016675 -0.004712
v -0.008054 0.016583 -0.004647
v -0.008054 0.015818 -0.001540
v -0.008053 0.020514 0.001542
v -0.008054 0.020513 -0.001540
v -0.002723 0.020280 -0.007856
v -0.002723 0.015888 -0.007856
v -0.005445 0.020443 -0.006285
v -0.002723 0.020443 -0.007856
v -0.008054 0.015818 -0.001540
v -0.008053 0.015817 0.001542
v -0.006856 0.015652 -0.003956
v -0.006856 0.020679 -0.003956
v -0.005124 0.020709 -0.005963
v -0.008167 0.020443 -0.001570
v -0.008054 0.020513 -0.001540
v -0.002594 0.020708 -0.007425
v -0.008167 0.019535 -0.004713
v -0.008054 0.016583 -0.004647
v -0.006856 0.015652 -0.003956
v -0.007782 0.015650 -0.001467
v -0.007782 0.020681 0.001469
v -0.007782 0.020681 -0.001467
v -0.006856 0.020679 -0.003956
v -0.008054 0.019747 -0.004647
v 0.001416 0.019923 -0.008609
v 0.002720 0.018165 -0.007856
v 0.000111 0.016639 -0.009362
v 0.000111 0.018165 -0.009362
v -0.000058 0.019550 -0.009394
v -0.000001 0.018165 -0.009427
v -0.000001 0.016672 -0.009427
v -0.000116 0.018165 -0.009362
v 0.002721 0.020443 -0.007856
v -0.000002 0.016673 -0.009426
v 0.000006 0.016591 -0.009306
v -0.001419 0.019923 -0.008609
v 0.005124 0.015624 -0.005971
v 0.002598 0.015623 -0.007425
v 0.002721 0.015888 -0.007855
v 0.002591 0.020707 -0.007430
v -0.000002 0.020213 -0.008605
v -0.000004 0.019747 -0.009297
v 0.005439 0.020442 -0.006285
v 0.000055 0.019550 -0.009395
v 0.000111 0.018165 -0.009362
v 0.000111 0.016639 -0.009362
v -0.000001 0.019659 -0.009427
v 0.008164 0.016672 -0.004713
v 0.008164 0.019566 -0.004583
v 0.008164 0.020443 -0.001570
v 0.008164 0.015888 -0.001570
v 0.008050 0.016639 -0.004779
v 0.008050 0.019566 -0.004779
v 0.008164 0.019535 -0.004713
v 0.005442 0.020443 -0.006285
v 0.005442 0.015888 -0.006285
v 0.008050 0.020514 -0.001540
v 0.008164 0.020443 -0.001570
v 0.008163 0.019656 -0.004712
v 0.008050 0.019747 -0.004648
v 0.005442 0.015888 -0.006285
v 0.008163 0.016675 -0.004712
v 0.008050 0.016583 -0.004648
v 0.008164 0.015888 0.001573
v 0.008050 0.019692 -0.004779
v 0.008050 0.016639 -0.004779
v 0.008050 0.015817 -0.001540
v 0.008051 0.015818 0.001542
v 0.007779 0.015650 0.001469
v 0.007779 0.015650 -0.001467
v 0.008050 0.016583 -0.004648
v 0.006853 0.015652 -0.003956
v 0.008050 0.019747 -0.004648
v 0.006853 0.020679 -0.003956
v 0.007779 0.020681 -0.001467
v 0.008050 0.020514 -0.001540
v 0.008164 0.020443 0.001573
v 0.007779 0.020681 0.001469
v 0.008164 0.015888 -0.001570
v 0.008050 0.015817 -0.001540
v 0.006853 0.015652 -0.003956
v 0.006853 0.020679 -0.003956
v 0.008051 0.016765 0.004781
v 0.008051 0.019566 0.004781
v 0.005442 0.020280 0.006287
v 0.005442 0.016051 0.006287
v 0.008164 0.016672 0.004716
v 0.008164 0.019659 0.004716
v 0.005441 0.020443 0.006287
v 0.008163 0.019656 0.004715
v 0.008051 0.019747 0.004650
v 0.008164 0.015888 0.001573
v 0.008163 0.016675 0.004715
v 0.008051 0.016583 0.004650
v 0.008051 0.015818 0.001542
v 0.008164 0.020443 -0.001570
v 0.002720 0.020280 0.007859
v 0.002720 0.015888 0.007859
v 0.002598 0.015623 0.007427
v 0.005441 0.015888 0.006287
v 0.006853 0.015652 0.003959
v 0.006853 0.020679 0.003959
v 0.008164 0.020443 0.001573
v 0.008051 0.020513 0.001542
v 0.008051 0.019566 0.004781
v 0.008051 0.016765 0.004781
v 0.008051 0.016583 0.004650
v 0.006853 0.015652 0.003959
v 0.008051 0.020513 0.001542
v 0.007779 0.020681 0.001469
v 0.006853 0.020679 0.003959
v 0.008051 0.019747 0.004650
v -0.000001 0.016672 0.009430
v -0.000114 0.019566 0.009365
v -0.002723 0.020443 0.007859
v -0.002723 0.015888 0.007859
v -0.000001 0.016672 0.009430
v -0.000001 0.019535 0.009430
v -0.002724 0.020443 0.007857
v -0.000058 0.019677 0.009397
v 0.002720 0.015888 0.007859
v -0.000002 0.016675 0.009428
v -0.000001 0.016583 0.009299
v 0.002722 0.020442 0.007856
v -0.005445 0.020443 0.006287
v -0.005445 0.015888 0.006287
v -0.005131 0.015623 0.005968
v -0.002724 0.015888 0.007857
v -0.000002 0.019657 0.009429
v -0.005442 0.020442 0.006288
v -0.000001 0.019535 0.009430
v -0.008167 0.016672 0.004716
v -0.008167 0.019535 0.004716
v -0.008053 0.016639 0.004782
v -0.008053 0.019566 0.004782
v -0.008167 0.019535 0.004716
v -0.008167 0.016672 0.004716
v -0.008053 0.020514 0.001542
v -0.008167 0.020443 0.001573
v -0.008166 0.019656 0.004715
v -0.008053 0.019747 0.004650
v -0.005445 0.015888 0.006287
v -0.008166 0.016675 0.004715
v -0.008053 0.016583 0.004650
v -0.008053 0.019566 0.004782
v -0.008053 0.016639 0.004782
v -0.007782 0.015650 0.001469
v -0.008053 0.016583 0.004650
v -0.006856 0.015652 0.003959
v -0.008053 0.019747 0.004650
v -0.006856 0.020679 0.003959
v -0.008167 0.015888 0.001573
v -0.008053 0.015817 0.001542
v -0.006856 0.015652 0.003959
v -0.006856 0.020679 0.003959
v -0.008054 0.019692 -0.004778
v -0.005445 0.020443 -0.006285
v -0.008167 0.019659 -0.004713
v -0.005445 0.020443 -0.006285
v -0.002723 0.020443 -0.007856
v -0.008054 0.019692 -0.004778
v -0.008054 0.019566 -0.004778
v 0.000111 0.019692 -0.009362
v 0.002720 0.020443 -0.007856
v 0.001416 0.019923 -0.008609
v 0.002720 0.015888 -0.007856
v -0.000108 0.019690 -0.009366
v -0.000001 0.019659 -0.009427
v -0.000058 0.019550 -0.009394
v -0.001419 0.019923 -0.008609
v -0.000001 0.019659 -0.009427
v 0.000111 0.019692 -0.009362
v 0.000055 0.019550 -0.009395
v 0.008164 0.019659 -0.004713
v 0.008164 0.019535 -0.004713
v 0.008050 0.019692 -0.004779
v 0.008164 0.019659 -0.004713
v 0.008164 0.020443 0.001573
v 0.008164 0.019535 -0.004713
v 0.005442 0.020443 0.006287
v 0.005442 0.020280 0.006287
v 0.005442 0.016051 0.006287
v 0.005442 0.015888 0.006287
v 0.002720 0.020443 0.007859
v 0.002720 0.020280 0.007859
v 0.005442 0.015888 0.006287
v 0.008164 0.020443 0.001573
v -0.000114 0.019692 0.009365
v -0.000001 0.019659 0.009430
v 0.002720 0.020443 0.007859
v -0.000114 0.019692 0.009365
v -0.000114 0.019566 0.009365
v -0.008167 0.019659 0.004716
v -0.006800 0.015622 -0.003915
v -0.005136 0.015623 -0.005953
v -0.006793 0.020709 -0.003928
v -0.007714 0.015622 -0.001441
v -0.007711 0.020709 -0.001461
v -0.007711 0.015622 0.001464
v 0.005110 0.020708 -0.005973
v -0.000005 0.015623 -0.007857
v 0.000002 0.020708 -0.007857
v 0.005785 0.020711 0.001090
v 0.007712 0.020708 0.001453
v 0.007711 0.020709 -0.001441
v 0.006790 0.015622 -0.003928
v 0.007708 0.015622 -0.001461
v 0.006797 0.020709 -0.003915
v 0.002601 0.020708 0.007417
v 0.005130 0.020708 0.005961
v 0.006797 0.015622 0.003918
v 0.005128 0.015623 0.005963
v 0.006790 0.020709 0.003931
v 0.007711 0.015622 0.001443
v 0.007718 0.020707 0.001454
v -0.005122 0.020708 0.005963
v -0.002597 0.020708 0.007425
v 0.000002 0.015623 0.007859
v -0.002600 0.015623 0.007424
v -0.000000 0.020708 0.007860
v -0.007714 0.020709 0.001443
v -0.006793 0.015622 0.003931
v -0.006800 0.020709 0.003918
v -0.001947 0.020711 -0.005541
v -0.003829 0.015620 -0.004455
v -0.005088 0.015620 -0.002936
v -0.005088 0.020711 -0.002936
v -0.005774 0.015620 -0.001085
v -0.005774 0.020711 -0.001085
v -0.005774 0.015620 0.001088
v 0.001944 0.020711 -0.005541
v 0.003826 0.020711 -0.004455
v 0.001944 0.015620 -0.005541
v -0.000001 0.015620 -0.005872
v -0.000001 0.020711 -0.005872
v -0.001947 0.015620 -0.005541
v 0.005771 0.020711 -0.001085
v 0.005771 0.015620 -0.001085
v 0.005085 0.015620 -0.002936
v 0.005085 0.020711 -0.002936
v 0.003826 0.015620 -0.004455
v 0.003826 0.020711 0.004457
v 0.001944 0.020711 0.005544
v 0.003826 0.015620 0.004457
v 0.005085 0.015620 0.002938
v 0.005085 0.020711 0.002938
v 0.005771 0.015620 0.001088
v -0.001947 0.020711 0.005544
v -0.003829 0.020711 0.004457
v -0.001947 0.015620 0.005544
v -0.000001 0.015620 0.005875
v -0.000001 0.020711 0.005875
v 0.001944 0.015620 0.005544
v -0.005774 0.020711 0.001088
v -0.005088 0.015620 0.002938
v -0.005088 0.020711 0.002938
v -0.003829 0.015620 0.004457
v -0.007782 0.015650 -0.001467
v -0.007782 0.020681 -0.001467
v -0.007782 0.015650 0.001469
v 0.007779 0.020681 0.001469
v 0.007779 0.020681 -0.001467
v 0.007779 0.015650 -0.001467
v 0.007779 0.015650 0.001469
v 0.007779 0.020681 0.001469
v -0.007782 0.020681 0.001469
v -0.000001 0.020568 0.005732
v -0.000001 0.015763 0.005732
v -0.001900 0.015763 0.005409
v -0.001900 0.020568 0.005409
v 0.001897 0.020511 0.005409
v 0.001897 0.015763 0.005409
v 0.003733 0.020511 0.004349
v 0.003733 0.015763 0.004349
v 0.004962 0.020568 0.002867
v 0.004962 0.015763 0.002867
v 0.003733 0.015763 0.004349
v 0.003733 0.020511 0.004349
v 0.005631 0.020511 0.001061
v 0.005631 0.015763 0.001061
v 0.005631 0.020511 -0.001059
v 0.005631 0.015763 -0.001059
v 0.004962 0.020568 -0.002864
v 0.004962 0.015763 -0.002864
v 0.003733 0.020568 -0.004347
v 0.003733 0.015820 -0.004347
v 0.001897 0.020568 -0.005406
v 0.001897 0.015820 -0.005406
v -0.000001 0.020568 -0.005730
v -0.000001 0.015763 -0.005730
v 0.001897 0.015820 -0.005406
v 0.001897 0.020568 -0.005406
v -0.001900 0.020511 -0.005406
v -0.001900 0.015763 -0.005406
v -0.003736 0.020511 -0.004347
v -0.003736 0.015763 -0.004347
v -0.004965 0.020568 -0.002864
v -0.004965 0.015763 -0.002864
v -0.003736 0.015763 -0.004347
v -0.003736 0.020568 -0.004347
v -0.005634 0.020568 -0.001059
v -0.005634 0.015763 -0.001059
v -0.005634 0.020568 0.001061
v -0.005634 0.015763 0.001061
v -0.004965 0.020568 0.002867
v -0.004965 0.015763 0.002867
v -0.003736 0.020568 0.004349
v -0.003736 0.015763 0.004349
v -0.001900 0.020568 0.005409
v -0.001900 0.015763 0.005409
v -0.003829 0.020710 -0.004455
v -0.001947 0.020710 -0.005541
v -0.003736 0.015763 -0.004347
v -0.004965 0.015763 -0.002864
v -0.004965 0.020568 -0.002864
v -0.003736 0.020568 -0.004347
v -0.005634 0.015763 -0.001059
v -0.005634 0.020568 -0.001059
v -0.005634 0.015763 0.001061
v 0.001944 0.020711 -0.005541
v 0.003826 0.020711 -0.004455
v 0.001897 0.015763 -0.005406
v -0.000001 0.015763 -0.005730
v -0.000001 0.020711 -0.005872
v -0.001900 0.015763 -0.005406
v 0.005771 0.020711 -0.001085
v 0.005771 0.020711 0.001088
v 0.005631 0.015763 -0.001059
v 0.004962 0.015763 -0.002864
v 0.005085 0.020710 -0.002936
v 0.003733 0.015763 -0.004346
v 0.003733 0.020568 0.004349
v 0.001897 0.020568 0.005409
v 0.003733 0.015763 0.004349
v 0.004962 0.015763 0.002867
v 0.004962 0.020568 0.002867
v 0.005631 0.015763 0.001061
v 0.005631 0.020568 0.001061
v -0.001900 0.020568 0.005409
v -0.003736 0.020568 0.004349
v -0.001900 0.015763 0.005409
v -0.000001 0.015763 0.005732
v -0.000001 0.020568 0.005732
v 0.001897 0.015763 0.005409
v -0.005634 0.020568 0.001061
v -0.004965 0.015763 0.002867
v -0.004965 0.020568 0.002867
v -0.003736 0.015763 0.004349
v -0.003829 0.020711 -0.004455
v -0.003829 0.020711 -0.004455
v 0.005771 0.020711 0.001088
v 0.005771 0.020711 0.001088
v 0.001897 0.020568 0.005409
v 0.001897 0.020511 0.005409
v 0.001897 0.020568 0.005409
v 0.003733 0.020568 0.004349
v 0.005631 0.020568 0.001061
v 0.005631 0.020511 0.001061
v 0.005631 0.020568 0.001061
v 0.005631 0.020568 -0.001059
v 0.003733 0.015763 -0.004347
v 0.001897 0.015763 -0.005406
v 0.003733 0.015763 -0.004347
v 0.003733 0.015820 -0.004347
v -0.001900 0.020568 -0.005406
v -0.003736 0.020568 -0.004347
v -0.003736 0.020511 -0.004347
v -0.003736 0.020568 -0.004347
v -0.001900 0.020568 -0.005406
v 0.001897 0.020568 -0.005406
v 0.003733 0.020568 -0.004347
v -0.000001 0.020568 -0.005730
v 0.005631 0.020568 -0.001059
v 0.005631 0.020568 0.001061
v 0.004962 0.020568 -0.002864
v -0.000001 -0.000001 0.000001
v 0.005569 0.000518 -0.000547
v 0.005596 0.000518 0.000001
v 0.005489 0.000518 -0.001091
v 0.005355 0.000518 -0.001624
v 0.005170 0.000518 -0.002141
v 0.004935 0.000518 -0.002638
v 0.004653 0.000518 -0.003109
v 0.004326 0.000518 -0.003550
v 0.003957 0.000518 -0.003957
v 0.003550 0.000518 -0.004326
v 0.003108 0.000518 -0.004653
v 0.002637 0.000518 -0.004936
v 0.002141 0.000518 -0.005170
v 0.001623 0.000518 -0.005355
v 0.001091 0.000518 -0.005489
v 0.000547 0.000518 -0.005570
v -0.000001 0.000518 -0.005597
v -0.000550 0.000518 -0.005570
v -0.001094 0.000518 -0.005489
v -0.001626 0.000518 -0.005355
v -0.002144 0.000518 -0.005170
v -0.002640 0.000518 -0.004936
v -0.003111 0.000518 -0.004653
v -0.003553 0.000518 -0.004326
v -0.003960 0.000518 -0.003957
v -0.004329 0.000518 -0.003550
v -0.004656 0.000518 -0.003109
v -0.004938 0.000518 -0.002637
v -0.005173 0.000518 -0.002141
v -0.005358 0.000518 -0.001624
v -0.005492 0.000518 -0.001091
v -0.005572 0.000518 -0.000547
v -0.005599 0.000518 0.000001
v -0.005572 0.000518 0.000550
v -0.005492 0.000518 0.001093
v -0.005358 0.000518 0.001626
v -0.005173 0.000518 0.002143
v -0.004938 0.000518 0.002640
v -0.004656 0.000518 0.003111
v -0.004329 0.000518 0.003552
v -0.003960 0.000518 0.003960
v -0.003553 0.000518 0.004328
v -0.003111 0.000518 0.004656
v -0.002640 0.000518 0.004938
v -0.002144 0.000518 0.005173
v -0.001626 0.000518 0.005358
v -0.001094 0.000518 0.005492
v -0.000550 0.000518 0.005572
v -0.000001 0.000518 0.005599
v 0.000547 0.000518 0.005572
v 0.001091 0.000518 0.005492
v 0.001623 0.000518 0.005358
v 0.002141 0.000518 0.005173
v 0.002637 0.000518 0.004938
v 0.003108 0.000518 0.004656
v 0.003550 0.000518 0.004328
v 0.003957 0.000518 0.003960
v 0.004326 0.000518 0.003552
v 0.004653 0.000518 0.003111
v 0.004935 0.000518 0.002640
v 0.005170 0.000518 0.002143
v 0.005355 0.000518 0.001626
v 0.005489 0.000518 0.001093
v 0.005569 0.000518 0.000550
v -0.000001 0.021334 0.000001
v 0.005031 0.021313 -0.000494
v 0.004671 0.021313 -0.001934
v 0.003779 0.021313 -0.003366
v 0.003050 0.021313 -0.004039
v 0.002203 0.021313 -0.004556
v 0.000785 0.021313 -0.005000
v -0.000206 0.021313 -0.005057
v -0.001189 0.021313 -0.004920
v -0.002126 0.021313 -0.004594
v -0.003368 0.021313 -0.003779
v -0.004041 0.021313 -0.003050
v -0.004559 0.021313 -0.002204
v -0.004901 0.021313 -0.001272
v -0.005056 0.021313 -0.000291
v -0.005015 0.021313 0.000701
v -0.004783 0.021313 0.001665
v -0.004367 0.021313 0.002566
v -0.003782 0.021313 0.003368
v -0.002206 0.021313 0.004559
v -0.001274 0.021313 0.004901
v -0.000294 0.021313 0.005055
v 0.001186 0.021313 0.004923
v 0.002123 0.021313 0.004596
v 0.002979 0.021313 0.004094
v 0.003720 0.021313 0.003434
v 0.004556 0.021313 0.002205
v 0.004899 0.021313 0.001274
v 0.005053 0.021313 0.000293
v 0.005596 0.020773 0.000001
v 0.005569 0.020773 -0.000547
v 0.005489 0.020773 -0.001091
v 0.004920 0.021313 -0.001186
v 0.005355 0.020773 -0.001624
v 0.005170 0.020773 -0.002141
v 0.004935 0.020773 -0.002638
v 0.004363 0.021313 -0.002564
v 0.004653 0.020773 -0.003109
v 0.004326 0.020773 -0.003550
v 0.003957 0.020773 -0.003957
v 0.003550 0.020773 -0.004326
v 0.003108 0.020773 -0.004653
v 0.002637 0.020773 -0.004936
v 0.002141 0.020773 -0.005170
v 0.001623 0.020773 -0.005355
v 0.001467 0.021313 -0.004838
v 0.001091 0.020773 -0.005489
v 0.000547 0.020773 -0.005570
v -0.000001 0.020773 -0.005597
v -0.000550 0.020773 -0.005570
v -0.001094 0.020773 -0.005489
v -0.001626 0.020773 -0.005355
v -0.002144 0.020773 -0.005170
v -0.002640 0.020773 -0.004936
v -0.003111 0.020773 -0.004653
v -0.002811 0.021313 -0.004203
v -0.003553 0.020773 -0.004326
v -0.003960 0.020773 -0.003957
v -0.004329 0.020773 -0.003550
v -0.004656 0.020773 -0.003109
v -0.004938 0.020773 -0.002637
v -0.005173 0.020773 -0.002141
v -0.005358 0.020773 -0.001624
v -0.005492 0.020773 -0.001091
v -0.005572 0.020773 -0.000547
v -0.005599 0.020773 0.000001
v -0.005572 0.020773 0.000550
v -0.005492 0.020773 0.001093
v -0.005358 0.020773 0.001626
v -0.005173 0.020773 0.002143
v -0.004938 0.020773 0.002640
v -0.004656 0.020773 0.003111
v -0.004329 0.020773 0.003552
v -0.003960 0.020773 0.003960
v -0.003553 0.020773 0.004328
v -0.003052 0.021313 0.004041
v -0.003111 0.020773 0.004656
v -0.002640 0.020773 0.004938
v -0.002144 0.020773 0.005173
v -0.001626 0.020773 0.005358
v -0.001094 0.020773 0.005492
v -0.000550 0.020773 0.005572
v -0.000001 0.020773 0.005599
v 0.000547 0.020773 0.005572
v 0.000494 0.021313 0.005034
v 0.001091 0.020773 0.005492
v 0.001623 0.020773 0.005358
v 0.002141 0.020773 0.005173
v 0.002637 0.020773 0.004938
v 0.003108 0.020773 0.004656
v 0.003550 0.020773 0.004328
v 0.003957 0.020773 0.003960
v 0.004326 0.020773 0.003552
v 0.004653 0.020773 0.003111
v 0.004203 0.021313 0.002811
v 0.004935 0.020773 0.002640
v 0.005170 0.020773 0.002143
v 0.005355 0.020773 0.001626
v 0.005489 0.020773 0.001093
v 0.005569 0.020773 0.000550
v -0.004716 0.008880 -0.008164
v -0.004716 0.011743 -0.008164
v -0.001573 0.012527 -0.008164
v -0.001573 0.007971 -0.008164
v -0.004782 0.008848 -0.008050
v -0.004716 0.011743 -0.008164
v -0.004716 0.008880 -0.008164
v -0.007859 0.007971 -0.002721
v -0.007859 0.012527 -0.002721
v -0.006287 0.012527 -0.005442
v -0.006287 0.007971 -0.005442
v 0.001570 0.007971 -0.008164
v 0.001540 0.007901 -0.008051
v -0.001542 0.007900 -0.008050
v -0.001542 0.012597 -0.008050
v -0.001573 0.012527 -0.008164
v -0.004715 0.011740 -0.008163
v -0.004651 0.011831 -0.008051
v -0.006287 0.007971 -0.005442
v -0.004715 0.008758 -0.008163
v -0.004651 0.008667 -0.008051
v -0.005966 0.007707 -0.005130
v -0.006288 0.012526 -0.005440
v -0.007858 0.012526 -0.002722
v 0.001570 0.012527 -0.008164
v -0.001542 0.012597 -0.008050
v 0.001540 0.012596 -0.008051
v -0.007858 0.007972 -0.002722
v 0.001467 0.007733 -0.007779
v -0.001469 0.007733 -0.007779
v -0.004651 0.008667 -0.008051
v -0.003959 0.007736 -0.006854
v -0.004651 0.011831 -0.008051
v -0.003959 0.012762 -0.006854
v -0.001469 0.012765 -0.007779
v 0.001467 0.012765 -0.007779
v -0.001573 0.007971 -0.008164
v -0.001542 0.007900 -0.008050
v -0.003959 0.007736 -0.006854
v -0.003959 0.012762 -0.006854
v 0.006284 0.012527 -0.005442
v 0.004778 0.008723 -0.008051
v 0.004647 0.011759 -0.008164
v 0.004713 0.008755 -0.008164
v 0.006285 0.012526 -0.005441
v 0.004713 0.011803 -0.008051
v 0.004647 0.011831 -0.008051
v 0.001570 0.007971 -0.008164
v 0.004712 0.008758 -0.008163
v 0.004647 0.008667 -0.008051
v 0.001540 0.007901 -0.008051
v 0.003076 0.012151 -0.008164
v 0.006200 0.007901 -0.005361
v 0.007425 0.007707 -0.002598
v 0.003956 0.007736 -0.006853
v 0.004302 0.012296 -0.007452
v 0.003956 0.012762 -0.006854
v 0.003093 0.012214 -0.008051
v 0.004614 0.011803 -0.008108
v 0.003076 0.012151 -0.008164
v 0.007854 0.012526 -0.002722
v 0.006284 0.007972 -0.005442
v 0.004713 0.011742 -0.008164
v 0.004647 0.011759 -0.008164
v 0.003956 0.007736 -0.006854
v 0.004647 0.008667 -0.008051
v 0.003956 0.012759 -0.006852
v 0.003093 0.012214 -0.008051
v 0.009427 0.008755 0.000001
v 0.009427 0.011743 0.000001
v 0.007856 0.012527 0.002723
v 0.007856 0.007971 0.002723
v 0.009427 0.008755 0.000001
v 0.009427 0.011743 0.000001
v 0.006284 0.007971 -0.005443
v 0.007856 0.012527 -0.002721
v 0.007856 0.007971 -0.002721
v 0.007855 0.012526 0.002724
v 0.009426 0.011740 0.000001
v 0.007856 0.007971 -0.002721
v 0.009426 0.008758 0.000001
v 0.009296 0.008667 0.000001
v 0.006284 0.012527 0.005445
v 0.006284 0.007971 0.005445
v 0.007855 0.007972 0.002724
v 0.005963 0.007707 0.005133
v 0.006285 0.012526 0.005442
v 0.004713 0.008755 0.008167
v 0.004713 0.011743 0.008167
v 0.001570 0.012527 0.008167
v 0.001570 0.007971 0.008167
v 0.004713 0.008755 0.008167
v 0.004713 0.011743 0.008167
v 0.001539 0.012597 0.008053
v 0.001570 0.012527 0.008167
v 0.004712 0.011740 0.008165
v 0.004648 0.011831 0.008053
v 0.006284 0.007971 0.005445
v 0.004712 0.008758 0.008165
v 0.004648 0.008667 0.008053
v -0.001573 0.012527 0.008167
v -0.001573 0.007971 0.008167
v -0.001543 0.007901 0.008054
v -0.001469 0.007733 0.007781
v 0.001467 0.007733 0.007781
v 0.001539 0.007900 0.008053
v 0.004648 0.008667 0.008053
v 0.003956 0.007736 0.006856
v 0.004648 0.011831 0.008053
v 0.003956 0.012762 0.006856
v 0.001467 0.012765 0.007781
v 0.001539 0.012597 0.008053
v 0.001570 0.007971 0.008167
v 0.001539 0.007900 0.008053
v 0.003956 0.007736 0.006856
v 0.003956 0.012762 0.006856
v -0.004716 0.008755 0.008167
v -0.004716 0.011743 0.008167
v -0.006287 0.012527 0.005445
v -0.006287 0.007971 0.005445
v -0.004716 0.008755 0.008167
v -0.004716 0.011743 0.008167
v -0.006288 0.012526 0.005443
v -0.004715 0.011740 0.008165
v -0.004650 0.011831 0.008053
v -0.001573 0.007971 0.008167
v -0.004715 0.008758 0.008165
v -0.004650 0.008667 0.008053
v -0.001543 0.007901 0.008054
v -0.001543 0.012596 0.008054
v -0.007859 0.012527 0.002723
v -0.007859 0.007971 0.002723
v -0.007427 0.007707 0.002603
v -0.006288 0.007972 0.005443
v -0.003959 0.007736 0.006856
v -0.003959 0.012762 0.006856
v -0.001573 0.012527 0.008167
v -0.001543 0.012596 0.008054
v -0.007857 0.012526 0.002725
v -0.004650 0.008667 0.008053
v -0.003959 0.007736 0.006856
v -0.001469 0.012765 0.007781
v -0.003959 0.012762 0.006856
v -0.004650 0.011831 0.008053
v -0.009430 0.008755 0.000001
v -0.009430 0.011618 0.000001
v -0.009364 0.011649 0.000115
v -0.009429 0.011740 0.000001
v -0.007859 0.007971 0.002723
v -0.009429 0.008758 0.000001
v -0.009299 0.008667 0.000002
v -0.004716 0.008755 -0.008164
v -0.004782 0.008722 -0.008050
v -0.004782 0.008848 -0.008050
v -0.004782 0.008722 -0.008050
v 0.004778 0.011775 -0.008051
v 0.004713 0.011743 -0.008164
v 0.004778 0.011775 -0.008051
v 0.004778 0.008723 -0.008051
v -0.009430 0.011743 0.000001
v -0.009430 0.011618 0.000001
v -0.009364 0.011649 0.000115
v -0.009364 0.011776 0.000115
v -0.009430 0.011743 0.000001
v -0.009364 0.011776 0.000115
v 0.001461 0.012793 -0.007708
v -0.001444 0.012792 -0.007712
v -0.003931 0.007705 -0.006790
v -0.001464 0.007705 -0.007709
v -0.003918 0.012792 -0.006797
v -0.005963 0.012792 -0.005119
v -0.007425 0.007706 -0.002588
v 0.007413 0.012791 -0.002611
v 0.005952 0.012791 -0.005135
v 0.003929 0.007705 -0.006785
v 0.003928 0.012792 -0.006790
v 0.001449 0.007705 -0.007712
v 0.005960 0.012792 0.005122
v 0.007423 0.012791 0.002597
v 0.007856 0.007706 -0.000002
v 0.007422 0.007706 0.002591
v 0.007858 0.012791 0.000000
v 0.005959 0.007706 -0.005122
v -0.001464 0.012792 0.007711
v 0.001441 0.012792 0.007714
v 0.003928 0.007705 0.006792
v 0.001461 0.007705 0.007711
v 0.003915 0.012792 0.006800
v -0.007417 0.012792 0.002604
v -0.005962 0.012791 0.005133
v -0.003918 0.007705 0.006800
v -0.005963 0.007707 0.005130
v -0.003931 0.012792 0.006792
v -0.001444 0.007705 0.007714
v -0.007426 0.012791 -0.002595
v -0.007859 0.007706 0.000005
v -0.007860 0.012791 0.000002
v -0.001088 0.012794 -0.005771
v 0.001085 0.012794 -0.005771
v -0.001088 0.007704 -0.005771
v -0.002938 0.007704 -0.005086
v -0.002938 0.012794 -0.005086
v -0.004458 0.007704 -0.003826
v -0.004458 0.012794 -0.003826
v -0.005544 0.007704 -0.001944
v 0.005541 0.012794 -0.001944
v 0.004455 0.007704 -0.003826
v 0.002935 0.007704 -0.005086
v 0.002935 0.012794 -0.005086
v 0.004455 0.012794 -0.003826
v 0.001085 0.007704 -0.005771
v 0.005541 0.012794 0.001947
v 0.004455 0.012794 0.003828
v 0.005541 0.007704 0.001947
v 0.005872 0.007704 0.000001
v 0.005872 0.012794 0.000001
v 0.005541 0.007704 -0.001944
v 0.001085 0.012794 0.005774
v -0.001088 0.012794 0.005774
v 0.001085 0.007704 0.005774
v 0.002935 0.007704 0.005088
v 0.002935 0.012794 0.005088
v 0.004455 0.007704 0.003828
v -0.004458 0.012794 0.003828
v -0.005544 0.012794 0.001947
v -0.004458 0.007704 0.003828
v -0.002938 0.007704 0.005088
v -0.002938 0.012794 0.005088
v -0.001088 0.007704 0.005774
v -0.005544 0.012794 -0.001944
v -0.005875 0.007704 0.000001
v -0.005875 0.012794 0.000001
v -0.005544 0.007704 0.001947
v 0.001467 0.012765 -0.007779
v -0.001469 0.012765 -0.007779
v -0.001469 0.007733 -0.007779
v 0.001467 0.007733 -0.007779
v -0.001469 0.012765 0.007781
v 0.001467 0.012765 0.007781
v 0.001467 0.007733 0.007781
v -0.001469 0.007733 0.007781
v -0.002867 0.012651 0.004964
v -0.002867 0.007847 0.004964
v -0.004349 0.007847 0.003735
v -0.004349 0.012651 0.003735
v -0.001061 0.012651 0.005634
v -0.001061 0.007847 0.005634
v 0.001058 0.012651 0.005634
v 0.001058 0.007847 0.005634
v 0.002864 0.012651 0.004964
v 0.002864 0.007847 0.004964
v 0.004346 0.012651 0.003735
v 0.004346 0.007847 0.003735
v 0.005406 0.012651 0.001899
v 0.005406 0.007847 0.001899
v 0.005729 0.012651 0.000001
v 0.005729 0.007847 0.000001
v 0.005406 0.007847 0.001899
v 0.005406 0.012651 0.001899
v 0.005406 0.012651 -0.001897
v 0.005406 0.007847 -0.001897
v 0.004346 0.007847 -0.003733
v 0.004346 0.007847 -0.003733
v 0.004346 0.012651 -0.003733
v 0.002864 0.007847 -0.004962
v 0.001058 0.012651 -0.005631
v 0.001058 0.007847 -0.005631
v -0.001061 0.012651 -0.005631
v -0.001061 0.007847 -0.005631
v -0.002867 0.012651 -0.004962
v -0.002867 0.007847 -0.004962
v -0.004349 0.012594 -0.003733
v -0.004349 0.007847 -0.003733
v -0.005409 0.012594 -0.001897
v -0.005409 0.007847 -0.001897
v -0.005732 0.012651 0.000001
v -0.005732 0.007847 0.000001
v -0.005409 0.007847 -0.001897
v -0.005409 0.012594 -0.001897
v -0.005409 0.012651 0.001899
v -0.005409 0.007847 0.001899
v -0.004349 0.012651 0.003735
v -0.004349 0.007847 0.003735
v -0.004349 0.012651 -0.003733
v -0.004349 0.007847 -0.003733
v -0.005409 0.007847 -0.001897
v 0.005406 0.012651 -0.001897
v 0.004455 0.012794 -0.003826
v 0.002864 0.012651 -0.004962
v 0.005406 0.012651 0.001899
v 0.004346 0.012651 0.003735
v 0.005406 0.007847 0.001899
v 0.005729 0.007847 0.000001
v 0.005729 0.012651 0.000001
v 0.005406 0.007847 -0.001897
v 0.004346 0.007847 -0.003733
v 0.004346 0.007847 0.003735
v -0.004349 0.012651 0.003735
v -0.005409 0.012651 0.001899
v -0.005409 0.012651 -0.001897
v -0.004349 0.012651 -0.003733
v -0.005732 0.007847 0.000001
v -0.005732 0.012651 0.000001
v -0.005409 0.007847 0.001900
v -0.004349 0.007847 0.003735
v 0.004346 0.012651 -0.003733
v -0.004349 0.012594 -0.003733
v -0.004349 0.012651 -0.003733
v -0.005409 0.012651 -0.001897
v 0.001085 0.012794 -0.005771
v -0.001088 0.012794 -0.005771
v -0.002938 0.007704 -0.005086
v -0.001088 0.007704 -0.005771
v -0.002938 0.012794 -0.005086
v -0.004458 0.007704 -0.003826
v -0.004458 0.012794 -0.003826
v 0.004346 0.012651 -0.003733
v 0.002935 0.007704 -0.005086
v 0.004455 0.007704 -0.003826
v 0.002935 0.012794 -0.005086
v 0.001085 0.007704 -0.005771
v -0.001088 0.012794 0.005774
v 0.001085 0.012794 0.005774
v 0.002935 0.007704 0.005088
v 0.001085 0.007704 0.005774
v 0.002935 0.012794 0.005088
v 0.004455 0.007704 0.003828
v 0.004455 0.012794 0.003828
v -0.002938 0.007704 0.005088
v -0.004458 0.007704 0.003828
v -0.004458 0.012794 0.003828
v -0.002938 0.012794 0.005088
v -0.001088 0.007704 0.005774
v 0.019601 0.013505 0.008945
v 0.018345 0.014208 0.008945
v 0.017158 0.013013 0.008896
v 0.038423 0.031305 0.008945
v 0.043955 0.032558 0.008945
v 0.043955 0.032817 0.008945
v 0.038866 0.032797 0.008945
v 0.038944 0.032502 0.008945
v 0.019601 0.013505 -0.008942
v 0.017038 0.015403 -0.008942
v 0.017809 0.015592 -0.008942
v 0.038352 0.031305 -0.008942
v 0.038853 0.032830 -0.008942
v 0.043955 0.032769 -0.008942
v 0.043955 0.032434 -0.008942
v 0.038957 0.032441 -0.008942
v 0.017809 0.015592 0.008945
v -0.023833 0.015403 -0.002980
v -0.023833 0.015403 0.002983
v 0.043955 0.034073 -0.005968
v 0.038692 0.034073 -0.005968
v 0.038692 0.034073 0.005874
v 0.043955 0.034073 0.005874
v 0.038423 0.031305 -0.005833
v 0.039391 0.031305 -0.005833
v -0.019904 0.015403 -0.008793
v -0.023833 0.013013 0.002983
v -0.019904 0.013013 0.008796
v -0.019904 0.015403 0.008796
v 0.034220 0.027330 -0.002857
v 0.023084 0.016799 -0.002857
v 0.018882 0.012824 -0.005728
v 0.019600 0.013504 0.008945
v 0.023084 0.016799 0.002859
v 0.038423 0.031305 0.008945
v 0.018537 0.016273 -0.005968
v 0.022060 0.019567 -0.002857
v 0.033324 0.030099 -0.002857
v 0.036848 0.033393 -0.005968
v 0.018537 0.016272 0.005874
v 0.036848 0.033393 0.005874
v 0.033324 0.030099 0.002859
v 0.022060 0.019567 0.002859
v 0.037718 0.033798 0.008945
v 0.037631 0.033758 0.008638
v 0.043955 0.031305 0.005908
v 0.043955 0.031554 0.008664
v 0.038352 0.031305 -0.008942
v 0.019601 0.013505 -0.008942
v 0.017809 0.015592 -0.008942
v 0.037677 0.033783 -0.008770
v 0.037718 0.033798 -0.008942
v 0.043955 0.033824 -0.008661
v 0.017809 0.015592 0.008945
v 0.017038 0.015403 0.008945
v 0.037718 0.033798 0.008945
v 0.043955 0.033824 0.008664
v 0.018883 0.012825 -0.007918
v 0.017190 0.013018 -0.008942
v 0.037718 0.033798 -0.008942
v 0.043884 0.031554 -0.008661
v -0.023833 0.013013 -0.002980
v -0.023624 0.012824 -0.002980
v -0.019904 0.013013 -0.008793
v -0.019714 0.012824 -0.008793
v -0.019715 0.015592 -0.008793
v -0.023731 0.015592 -0.002980
v -0.023624 0.012824 0.002983
v -0.019714 0.012824 0.008796
v -0.019904 0.013013 0.008796
v -0.019714 0.012824 0.008796
v -0.019615 0.013013 0.008945
v -0.001540 0.012824 -0.008360
v -0.003562 0.013013 -0.008942
v 0.002998 0.013012 -0.008943
v 0.034220 0.027330 0.002859
v 0.023014 0.016989 -0.002857
v 0.022130 0.019377 -0.002857
v 0.022130 0.019377 0.000001
v 0.034158 0.027519 -0.002857
v 0.033386 0.029909 -0.002857
v 0.022130 0.019377 -0.002857
v 0.023014 0.016989 -0.002857
v 0.034158 0.027519 0.002859
v 0.033386 0.029909 0.002859
v 0.033386 0.029909 0.000001
v 0.034158 0.027519 0.000001
v 0.023014 0.016989 0.002859
v 0.022130 0.019377 0.002859
v 0.033386 0.029909 0.002859
v 0.034158 0.027519 0.002859
v 0.022130 0.019377 -0.002857
v 0.022060 0.019567 -0.002857
v 0.022060 0.019567 0.002859
v 0.023014 0.016989 0.002859
v 0.023084 0.016799 0.002859
v 0.023084 0.016799 -0.002857
v 0.023014 0.016989 -0.002857
v 0.022130 0.019377 -0.002857
v 0.033386 0.029909 -0.002857
v 0.033325 0.030099 -0.002857
v 0.022060 0.019567 -0.002857
v 0.034158 0.027519 -0.002857
v 0.023014 0.016989 -0.002857
v 0.023084 0.016799 -0.002857
v 0.034220 0.027330 -0.002857
v 0.033386 0.029909 0.002859
v 0.033325 0.030099 0.002859
v 0.033325 0.030099 -0.002857
v 0.034158 0.027519 -0.002857
v 0.034220 0.027330 -0.002857
v 0.034220 0.027330 0.002859
v 0.033386 0.029909 0.002859
v 0.022130 0.019377 0.002859
v 0.022060 0.019567 0.002859
v 0.033325 0.030099 0.002859
v 0.023014 0.016989 0.002859
v 0.034158 0.027519 0.002859
v 0.034220 0.027330 0.002859
v 0.023084 0.016799 0.002859
v 0.017158 0.013013 0.008896
v 0.018864 0.012824 0.007879
v 0.043955 0.033824 0.008664
v 0.043955 0.031305 -0.005833
v 0.043884 0.031554 -0.008661
v 0.017084 0.012824 0.008325
v 0.043955 0.034073 0.005874
v 0.043955 0.033824 0.008664
v 0.043955 0.032817 0.008945
v 0.043955 0.032558 0.008945
v 0.043955 0.031554 0.008664
v 0.043955 0.031305 0.005908
v 0.043955 0.031305 -0.005833
v 0.043884 0.031554 -0.008661
v 0.043955 0.032434 -0.008942
v 0.043955 0.032769 -0.008942
v 0.043955 0.033824 -0.008661
v 0.043955 0.033824 -0.008661
v 0.043955 0.031554 0.008664
v -0.003562 0.013013 0.008945
v -0.019904 0.015403 0.008796
v -0.019619 0.015403 0.008945
v -0.019715 0.015592 0.008796
v -0.019903 0.013013 -0.008793
v -0.019619 0.015403 -0.008942
v -0.019615 0.013013 -0.008942
v -0.019904 0.015403 -0.008793
v 0.017175 0.013013 -0.008942
v -0.000001 0.018165 -0.009427
v 0.000111 0.018165 -0.009362
v -0.000001 0.018165 -0.009427
v -0.000001 0.019659 -0.009427
v 0.004614 0.011803 -0.008108
v 0.004647 0.011831 -0.008051
v 0.001570 0.012527 -0.008164
v 0.001540 0.012596 -0.008051
v 0.005424 0.008284 -0.006705
v 0.004713 0.011803 -0.008051
v 0.022130 0.019377 0.002859
v 0.023014 0.016989 0.002859
v 0.022130 0.019377 0.002859
v 0.033386 0.029909 -0.002857
v 0.034158 0.027519 -0.002857
v 0.033386 0.029909 -0.002857
v 0.034158 0.027519 0.002859
v -0.023624 0.012824 0.002983
v -0.003562 0.013013 0.008945
v -0.003548 0.012827 0.008594
v 0.003116 0.013013 0.008945
v -0.023624 0.012824 -0.002980
v -0.019714 0.012824 -0.008793
v -0.019715 0.015592 -0.008793
v -0.019714 0.012824 -0.008793
v 0.121298 0.031775 0.001355
v 0.120120 0.031092 0.001355
v 0.120144 0.031092 0.000020
v 0.121325 0.031775 0.000020
v 0.120120 0.031092 -0.001314
v 0.121298 0.031775 -0.001314
v 0.121298 0.031775 -0.001314
v 0.121298 0.033598 -0.001314
v 0.121325 0.031775 0.000020
v 0.121298 0.031775 0.001355
v 0.044043 0.034020 0.009003
v 0.043986 0.034015 0.008995
v 0.043986 0.033451 0.009325
v 0.044043 0.033454 0.009333
v 0.043986 0.031948 0.009325
v 0.044043 0.031945 0.009333
v 0.045023 0.033472 0.009365
v 0.045023 0.033472 0.009365
v 0.045023 0.034053 0.009031
v 0.044043 0.034020 0.009003
v 0.044043 0.033454 0.009333
v 0.043985 0.031383 -0.008922
v 0.043986 0.031949 -0.009247
v 0.043986 0.033452 -0.009245
v 0.045023 0.033472 -0.009276
v 0.045023 0.031924 -0.009276
v 0.045023 0.031343 -0.008948
v 0.043977 0.031382 0.008999
v 0.043986 0.031948 0.009325
v 0.043967 0.031957 0.009301
v 0.043980 0.034016 -0.008921
v 0.043986 0.033451 -0.009243
v 0.043967 0.033441 -0.009214
v 0.043986 0.031948 -0.009243
v 0.043967 0.031957 -0.009214
v 0.043967 0.033879 -0.008679
v 0.043967 0.031215 0.000352
v 0.043986 0.031197 -0.007943
v 0.043967 0.031432 0.001148
v 0.043967 0.031488 0.000026
v 0.043967 0.031432 -0.001102
v 0.043967 0.034184 -0.000311
v 0.043967 0.033958 -0.001102
v 0.043967 0.033902 0.000026
v 0.043967 0.033958 0.001148
v 0.120464 0.031775 -0.006666
v 0.119390 0.031092 -0.006666
v 0.118963 0.031092 -0.008043
v 0.119976 0.031775 -0.008043
v 0.117960 0.031269 -0.008816
v 0.118616 0.031775 -0.009087
v 0.118616 0.031775 -0.009087
v 0.119976 0.031775 -0.008043
v 0.120464 0.031775 -0.006666
v 0.121061 0.031775 -0.003983
v 0.119913 0.031092 -0.003983
v 0.119700 0.031092 -0.005318
v 0.120818 0.031775 -0.005318
v 0.120818 0.031775 -0.005318
v 0.121061 0.031775 -0.003983
v 0.120048 0.031092 -0.002649
v 0.121215 0.031775 -0.002649
v 0.121215 0.031775 -0.002649
v 0.120464 0.033598 0.006721
v 0.119390 0.034281 0.006721
v 0.118963 0.034281 0.008141
v 0.119976 0.033598 0.008141
v 0.117960 0.034104 0.008945
v 0.118616 0.033598 0.009227
v 0.118616 0.033598 0.009227
v 0.118616 0.031775 0.009227
v 0.119976 0.031775 0.008141
v 0.119976 0.033598 0.008141
v 0.120464 0.031775 0.006721
v 0.120464 0.033598 0.006721
v 0.121061 0.033598 0.004024
v 0.119913 0.034281 0.004024
v 0.119700 0.034281 0.005359
v 0.120818 0.033598 0.005359
v 0.120818 0.031775 0.005359
v 0.120818 0.033598 0.005359
v 0.121061 0.031775 0.004024
v 0.121061 0.033598 0.004024
v 0.121298 0.033598 0.001355
v 0.120120 0.034281 0.001355
v 0.120048 0.034281 0.002689
v 0.121215 0.033598 0.002689
v 0.121215 0.031775 0.002689
v 0.121215 0.033598 0.002689
v 0.121298 0.033598 0.001355
v 0.043986 0.031195 -0.007943
v 0.043986 0.031384 -0.008918
v 0.044043 0.031379 -0.008928
v 0.045023 0.031343 -0.008948
v 0.045023 0.031150 -0.007964
v 0.055285 0.031092 0.009227
v 0.043986 0.034204 0.008004
v 0.043986 0.034015 0.008995
v 0.044043 0.034020 0.009003
v 0.045023 0.034053 0.009031
v 0.045023 0.034246 0.008029
v 0.115928 0.034509 -0.008043
v 0.055285 0.034281 -0.009087
v 0.043967 0.031215 0.007977
v 0.043986 0.031197 0.008004
v 0.043986 0.031384 0.008995
v 0.043967 0.031400 0.008970
v 0.043967 0.031488 0.001917
v 0.043967 0.031432 -0.005619
v 0.043967 0.031488 -0.005679
v 0.043967 0.031215 -0.007913
v 0.043967 0.031645 -0.007488
v 0.043967 0.031514 -0.008679
v 0.043967 0.031432 -0.003353
v 0.043967 0.031488 -0.003755
v 0.043967 0.031488 -0.001864
v 0.043967 0.034184 -0.007913
v 0.043986 0.034202 -0.007943
v 0.043985 0.034015 -0.008918
v 0.043967 0.033879 -0.008679
v 0.043967 0.033902 -0.001864
v 0.043967 0.033958 0.005682
v 0.043967 0.033902 0.005769
v 0.043967 0.034184 0.007977
v 0.043967 0.033745 0.007604
v 0.043967 0.033879 0.008792
v 0.043967 0.033958 0.003399
v 0.043967 0.033902 0.003807
v 0.043967 0.033902 0.001917
v 0.115648 0.031775 0.009589
v 0.115648 0.033598 -0.009435
v 0.051531 0.030905 0.008125
v 0.051531 0.031128 0.009199
v 0.047815 0.031235 0.009115
v 0.047815 0.031027 0.008077
v 0.045023 0.031343 0.009031
v 0.045023 0.031150 0.008029
v 0.051531 0.034472 -0.008032
v 0.051531 0.034249 -0.009067
v 0.047815 0.034151 -0.009007
v 0.047815 0.034359 -0.007998
v 0.045023 0.034053 -0.008948
v 0.045023 0.034246 -0.007964
v 0.055286 0.030864 0.008141
v 0.115926 0.030864 0.008141
v 0.119390 0.031092 0.006721
v 0.118963 0.031092 0.008141
v 0.117960 0.031269 0.008945
v 0.115718 0.031092 0.009227
v 0.119913 0.031092 0.004024
v 0.119700 0.031092 0.005359
v 0.116551 0.030864 0.003164
v 0.120120 0.031092 0.001355
v 0.120048 0.031092 0.002689
v 0.055285 0.034509 -0.008043
v 0.119390 0.034281 -0.006666
v 0.118963 0.034281 -0.008043
v 0.117960 0.034104 -0.008816
v 0.115718 0.034281 -0.009087
v 0.119913 0.034281 -0.003983
v 0.119700 0.034281 -0.005318
v 0.116551 0.034509 -0.003123
v 0.120120 0.034281 -0.001314
v 0.120048 0.034281 -0.002649
v 0.115718 0.031092 0.009227
v 0.115718 0.031092 0.009227
v 0.117960 0.031269 0.008945
v 0.118616 0.031775 0.009227
v 0.115648 0.031775 0.009589
v 0.118616 0.031775 0.009227
v 0.118616 0.033598 0.009227
v 0.055285 0.033598 0.009589
v 0.051531 0.034249 0.009199
v 0.051531 0.033580 0.009557
v 0.055285 0.031775 0.009589
v 0.055286 0.034281 0.009227
v 0.120120 0.031092 -0.001314
v 0.120144 0.031092 0.000020
v 0.115718 0.034281 -0.009087
v 0.115718 0.034281 -0.009087
v 0.117960 0.034104 -0.008816
v 0.118616 0.033598 -0.009087
v 0.115648 0.033598 -0.009435
v 0.118616 0.033598 -0.009087
v 0.118616 0.031775 -0.009087
v 0.115648 0.031775 -0.009435
v 0.051531 0.031128 -0.009067
v 0.051531 0.031796 -0.009412
v 0.051531 0.033580 -0.009412
v 0.055283 0.033598 -0.009435
v 0.055285 0.031775 -0.009435
v 0.055286 0.031092 -0.009087
v 0.120120 0.034281 0.001355
v 0.120144 0.034281 0.000020
v 0.115928 0.030864 -0.008043
v 0.115718 0.031092 -0.009087
v 0.117960 0.031269 -0.008816
v 0.118963 0.031092 -0.008043
v 0.119390 0.031092 -0.006666
v 0.055286 0.030864 -0.008043
v 0.051531 0.030905 -0.008032
v 0.051531 0.031128 -0.009067
v 0.055285 0.031092 -0.009087
v 0.119700 0.031092 -0.005318
v 0.119913 0.031092 -0.003983
v 0.116520 0.030864 -0.003472
v 0.120048 0.031092 -0.002649
v 0.115926 0.034509 0.008141
v 0.115718 0.034281 0.009227
v 0.117960 0.034104 0.008945
v 0.118963 0.034281 0.008141
v 0.119390 0.034281 0.006721
v 0.051531 0.034472 0.008125
v 0.051531 0.034249 0.009199
v 0.055285 0.034281 0.009227
v 0.055285 0.034509 0.008141
v 0.119700 0.034281 0.005359
v 0.119913 0.034281 0.004024
v 0.116520 0.034509 0.003513
v 0.120048 0.034281 0.002689
v 0.045023 0.031924 0.009365
v 0.045023 0.031343 0.009031
v 0.047815 0.031235 0.009115
v 0.047815 0.031860 0.009461
v 0.051531 0.031128 0.009199
v 0.051531 0.031796 0.009557
v 0.047815 0.033526 0.009461
v 0.045023 0.033472 -0.009276
v 0.045023 0.034053 -0.008948
v 0.047815 0.034151 -0.009007
v 0.047817 0.033526 -0.009344
v 0.051531 0.034249 -0.009067
v 0.045023 0.031150 -0.007964
v 0.045023 0.031343 -0.008948
v 0.047815 0.031235 -0.009007
v 0.047815 0.031027 -0.007998
v 0.045023 0.034246 0.008029
v 0.045023 0.034053 0.009031
v 0.047815 0.034151 0.009115
v 0.047815 0.034359 0.008077
v 0.045023 0.031150 0.008029
v 0.045023 0.031343 0.009031
v 0.044043 0.031379 0.009003
v 0.043986 0.031195 0.008005
v 0.043986 0.031384 0.008995
v 0.045023 0.034246 -0.007964
v 0.045023 0.034053 -0.008948
v 0.044043 0.034020 -0.008928
v 0.043986 0.034204 -0.007943
v 0.043986 0.034015 -0.008918
v 0.043967 0.033441 0.009301
v 0.043967 0.033879 0.008792
v 0.043967 0.031514 -0.008679
v 0.043967 0.031967 -0.006657
v 0.043967 0.031514 0.008792
v 0.043967 0.031645 0.007604
v 0.043967 0.031488 0.005769
v 0.043967 0.031432 0.005682
v 0.043967 0.031488 0.003807
v 0.043967 0.031432 0.003399
v 0.043985 0.031384 -0.008918
v 0.043967 0.033745 -0.007488
v 0.043967 0.033902 -0.005679
v 0.043967 0.033958 -0.005619
v 0.043967 0.033902 -0.003755
v 0.043967 0.033958 -0.003353
v 0.043985 0.034015 0.008995
v 0.043986 0.034202 0.008004
v 0.043967 0.033902 0.005769
v 0.043967 0.033688 0.000043
v 0.043967 0.033902 0.005769
v 0.043967 0.033958 0.005682
v 0.043967 0.033902 0.003807
v 0.043967 0.033958 0.003399
v 0.043967 0.033902 0.001917
v 0.043967 0.033688 0.000043
v 0.043967 0.033958 0.001148
v 0.043967 0.033902 0.000026
v 0.043967 0.033958 -0.001102
v 0.043967 0.033902 -0.001864
v 0.043967 0.033902 -0.003755
v 0.043967 0.033958 -0.005619
v 0.043967 0.033902 -0.005679
v 0.043967 0.033745 -0.007488
v 0.043967 0.033423 -0.006657
v 0.121325 0.033598 0.000020
v 0.121298 0.033598 -0.001314
v 0.120120 0.034281 -0.001314
v 0.120144 0.034281 0.000020
v 0.121325 0.033598 0.000020
v 0.043986 0.031384 0.008995
v 0.044043 0.031379 0.009003
v 0.044043 0.031379 0.009003
v 0.045023 0.031343 0.009031
v 0.045023 0.031924 0.009365
v 0.044043 0.031945 0.009333
v 0.045023 0.031924 0.009365
v 0.043985 0.034016 -0.008922
v 0.045023 0.034053 -0.008948
v 0.043986 0.033451 0.009325
v 0.043980 0.034016 0.008998
v 0.043980 0.031383 -0.008921
v 0.118616 0.033598 -0.009087
v 0.119976 0.033598 -0.008043
v 0.118616 0.033598 -0.009087
v 0.117960 0.034104 -0.008816
v 0.118963 0.034281 -0.008043
v 0.119976 0.033598 -0.008043
v 0.119390 0.034281 -0.006666
v 0.120464 0.033598 -0.006666
v 0.120464 0.033598 -0.006666
v 0.120818 0.033598 -0.005318
v 0.119700 0.034281 -0.005318
v 0.120818 0.033598 -0.005318
v 0.119913 0.034281 -0.003983
v 0.121061 0.033598 -0.003983
v 0.121061 0.033598 -0.003983
v 0.121215 0.033598 -0.002649
v 0.120048 0.034281 -0.002649
v 0.121215 0.033598 -0.002649
v 0.118616 0.031775 0.009227
v 0.117960 0.031269 0.008945
v 0.118963 0.031092 0.008141
v 0.119976 0.031775 0.008141
v 0.119390 0.031092 0.006721
v 0.120464 0.031775 0.006721
v 0.119700 0.031092 0.005359
v 0.120818 0.031775 0.005359
v 0.119913 0.031092 0.004024
v 0.121061 0.031775 0.004024
v 0.120048 0.031092 0.002689
v 0.121215 0.031775 0.002689
v 0.115648 0.033598 0.009589
v 0.118616 0.033598 0.009227
v 0.117960 0.034104 0.008945
v 0.115718 0.034281 0.009227
v 0.115648 0.033598 0.009589
v 0.115718 0.034281 0.009227
v 0.055286 0.031092 0.009227
v 0.118616 0.031775 -0.009087
v 0.117960 0.031269 -0.008816
v 0.115718 0.031092 -0.009087
v 0.115648 0.031775 -0.009435
v 0.115718 0.031092 -0.009087
v 0.055286 0.034281 -0.009087
v 0.047815 0.034151 0.009115
v 0.045023 0.034053 0.009031
v 0.045023 0.033472 0.009365
v 0.045023 0.031918 -0.009279
v 0.047815 0.031235 -0.009007
v 0.045023 0.031343 -0.008948
v 0.043967 0.031514 0.008792
v 0.043967 0.031701 0.000043
v 0.043967 0.031645 -0.007488
v 0.043967 0.031488 -0.005679
v 0.043967 0.031701 0.000043
v 0.043967 0.031488 -0.005679
v 0.043967 0.031432 -0.005619
v 0.043967 0.031488 -0.003755
v 0.043967 0.031701 0.000043
v 0.043967 0.031488 -0.003755
v 0.043967 0.031432 -0.003353
v 0.043967 0.031488 -0.001864
v 0.043967 0.031488 -0.001864
v 0.043967 0.031432 -0.001102
v 0.043967 0.031488 0.000026
v 0.043967 0.031432 0.001148
v 0.043967 0.031488 0.001917
v 0.043967 0.031432 0.003399
v 0.043967 0.031488 0.003807
v 0.043967 0.031432 0.005682
v 0.043967 0.031488 0.005769
v 0.005569 0.000518 -0.000547
v 0.005569 0.020773 -0.000547
v 0.005596 0.020773 0.000001
v 0.005596 0.000518 0.000001
v 0.005489 0.000518 -0.001091
v 0.005489 0.020773 -0.001091
v 0.005355 0.000518 -0.001624
v 0.005355 0.020773 -0.001624
v 0.005170 0.000518 -0.002141
v 0.005170 0.020773 -0.002141
v 0.004935 0.000518 -0.002638
v 0.004935 0.020773 -0.002638
v 0.004653 0.000518 -0.003109
v 0.004653 0.020773 -0.003109
v 0.004326 0.000518 -0.003550
v 0.004326 0.020773 -0.003550
v 0.003957 0.000518 -0.003957
v 0.003957 0.020773 -0.003957
v 0.003550 0.000518 -0.004326
v 0.003550 0.020773 -0.004326
v 0.003108 0.000518 -0.004653
v 0.003108 0.020773 -0.004653
v 0.002637 0.000518 -0.004936
v 0.002637 0.020773 -0.004936
v 0.002141 0.000518 -0.005170
v 0.002141 0.020773 -0.005170
v 0.002637 0.020773 -0.004936
v 0.002637 0.000518 -0.004936
v 0.001623 0.000518 -0.005355
v 0.001623 0.020773 -0.005355
v 0.001091 0.000518 -0.005489
v 0.001091 0.020773 -0.005489
v 0.000547 0.000518 -0.005570
v 0.000547 0.020773 -0.005570
v -0.000001 0.000518 -0.005597
v -0.000001 0.020773 -0.005597
v -0.000550 0.000518 -0.005570
v -0.000550 0.020773 -0.005570
v -0.001094 0.000518 -0.005489
v -0.001094 0.020773 -0.005489
v -0.001626 0.000518 -0.005355
v -0.001626 0.020773 -0.005355
v -0.002144 0.000518 -0.005170
v -0.002144 0.020773 -0.005170
v -0.002640 0.000518 -0.004936
v -0.002640 0.020773 -0.004936
v -0.003111 0.000518 -0.004653
v -0.003111 0.020773 -0.004653
v -0.002640 0.020773 -0.004936
v -0.002640 0.000518 -0.004936
v -0.003553 0.000518 -0.004326
v -0.003553 0.020773 -0.004326
v -0.003960 0.000518 -0.003957
v -0.003960 0.020773 -0.003957
v -0.004329 0.000518 -0.003550
v -0.004329 0.020773 -0.003550
v -0.004656 0.000518 -0.003109
v -0.004656 0.020773 -0.003109
v -0.004938 0.000518 -0.002637
v -0.004938 0.020773 -0.002637
v -0.005173 0.000518 -0.002141
v -0.005173 0.020773 -0.002141
v -0.005358 0.000518 -0.001624
v -0.005358 0.020773 -0.001624
v -0.005492 0.000518 -0.001091
v -0.005492 0.020773 -0.001091
v -0.005572 0.000518 -0.000547
v -0.005572 0.020773 -0.000547
v -0.005599 0.000518 0.000001
v -0.005599 0.020773 0.000001
v -0.005572 0.000518 0.000550
v -0.005572 0.020773 0.000550
v -0.005492 0.000518 0.001093
v -0.005492 0.020773 0.001093
v -0.005358 0.000518 0.001626
v -0.005358 0.020773 0.001626
v -0.005173 0.000518 0.002143
v -0.005173 0.020773 0.002143
v -0.004938 0.000518 0.002640
v -0.004938 0.020773 0.002640
v -0.004656 0.000518 0.003111
v -0.004656 0.020773 0.003111
v -0.004329 0.000518 0.003552
v -0.004329 0.020773 0.003552
v -0.003960 0.000518 0.003960
v -0.003960 0.020773 0.003960
v -0.003553 0.000518 0.004328
v -0.003553 0.020773 0.004328
v -0.003111 0.000518 0.004656
v -0.003111 0.020773 0.004656
v -0.002640 0.000518 0.004938
v -0.002640 0.020773 0.004938
v -0.002144 0.000518 0.005173
v -0.002144 0.020773 0.005173
v -0.002640 0.020773 0.004938
v -0.002640 0.000518 0.004938
v -0.001626 0.000518 0.005358
v -0.001626 0.020773 0.005358
v -0.001094 0.000518 0.005492
v -0.001094 0.020773 0.005492
v -0.000550 0.000518 0.005572
v -0.000550 0.020773 0.005572
v -0.000001 0.000518 0.005599
v -0.000001 0.020773 0.005599
v 0.000547 0.000518 0.005572
v 0.000547 0.020773 0.005572
v 0.001091 0.000518 0.005492
v 0.001091 0.020773 0.005492
v 0.001623 0.000518 0.005358
v 0.001623 0.020773 0.005358
v 0.002141 0.000518 0.005173
v 0.002141 0.020773 0.005173
v 0.002637 0.000518 0.004938
v 0.002637 0.020773 0.004938
v 0.003108 0.000518 0.004656
v 0.003108 0.020773 0.004656
v 0.002637 0.020773 0.004938
v 0.002637 0.000518 0.004938
v 0.003550 0.000518 0.004328
v 0.003550 0.020773 0.004328
v 0.003957 0.000518 0.003960
v 0.003957 0.020773 0.003960
v 0.004326 0.000518 0.003552
v 0.004326 0.020773 0.003552
v 0.004653 0.000518 0.003111
v 0.004653 0.020773 0.003111
v 0.004935 0.000518 0.002640
v 0.004935 0.020773 0.002640
v 0.005170 0.000518 0.002143
v 0.005170 0.020773 0.002143
v 0.005355 0.000518 0.001626
v 0.005355 0.020773 0.001626
v 0.005489 0.000518 0.001093
v 0.005489 0.020773 0.001093
v 0.005569 0.000518 0.000550
v 0.005569 0.020773 0.000550
v -0.019714 0.012824 0.008796
v 0.028737 0.021410 0.009584
v 0.033365 0.030897 0.009585
v 0.028737 0.021410 -0.009582
v 0.033365 0.030897 -0.009583
v 0.036000 0.028267 0.009577
v 0.026069 0.024089 0.006410
v 0.033365 0.030897 0.009587
v 0.033622 0.030621 0.009200
v 0.035735 0.028548 0.009200
v 0.033622 0.030621 -0.009198
v 0.028477 0.021685 -0.009198
v 0.035735 0.028548 -0.009198
v 0.028477 0.021685 -0.009198
v 0.033622 0.030621 -0.009198
v 0.026333 0.023806 -0.006218
v 0.036000 0.028267 0.009577
v 0.035735 0.028548 0.009200
v 0.033622 0.030622 0.009200
v 0.033365 0.030896 0.009587
v 0.026069 0.024089 0.009577
v 0.026334 0.023807 0.009200
v 0.028477 0.021685 0.009200
v 0.028737 0.021411 0.009586
v 0.028737 0.021410 -0.009583
v 0.028477 0.021685 -0.009198
v 0.026334 0.023807 -0.009198
v 0.026069 0.024089 -0.009575
v 0.033365 0.030896 -0.009585
v 0.033622 0.030622 -0.009198
v 0.035735 0.028548 -0.009198
v 0.036000 0.028267 -0.009575
v 0.028737 0.021410 -0.006500
v 0.033622 0.030621 -0.006218
v 0.026069 0.024089 0.006409
v 0.026333 0.023806 0.006221
v 0.026069 0.024089 -0.006407
v 0.026148 0.024019 -0.003239
v 0.026069 0.024089 -0.006407
v 0.026333 0.023806 -0.006218
v 0.026412 0.023736 -0.003239
v 0.026148 0.024019 -0.003239
v 0.026333 0.023806 0.006221
v 0.026412 0.023736 0.003242
v 0.033622 0.030621 0.006221
v 0.033701 0.030551 0.003242
v 0.035735 0.028548 0.009200
v 0.028478 0.021685 0.006543
v 0.028737 0.021410 0.006543
v 0.027354 0.014761 0.006543
v 0.027354 0.014762 -0.006500
v 0.027752 0.014762 -0.006500
v 0.036000 0.028267 -0.009575
v 0.026412 0.023736 -0.003239
v 0.033701 0.030551 0.003242
v 0.026169 0.024038 0.003242
v 0.033701 0.030551 -0.003239
v 0.033444 0.030826 -0.003239
v 0.033701 0.030551 -0.003239
v 0.026148 0.024019 0.003242
v 0.026412 0.023736 0.003242
v 0.033365 0.030897 -0.009585
v 0.033622 0.030621 0.009200
v 0.028737 0.021410 -0.006500
v 0.028737 0.021410 0.006543
v 0.028477 0.021685 0.006543
v 0.028737 0.021410 0.006543
v 0.028477 0.021685 0.006543
v 0.028477 0.021685 -0.006500
v 0.028477 0.021685 -0.006500
v 0.028737 0.021410 -0.006500
v 0.027752 0.020421 0.006543
v 0.027752 0.020421 -0.006500
v 0.027752 0.020421 0.006543
v 0.027354 0.020558 0.006543
v 0.027354 0.020558 -0.006500
v 0.027354 0.020558 0.006543
v 0.027752 0.020421 -0.006500
v 0.028477 0.021685 -0.006500
v 0.033365 0.030896 -0.006412
v 0.026148 0.024018 -0.003239
v 0.033444 0.030826 0.003242
v 0.027752 0.014761 0.006543
v 0.033444 0.030826 -0.003239
v 0.026148 0.024019 -0.003239
v 0.026148 0.024019 0.003242
v 0.033365 0.030896 0.006414
v 0.027354 0.020558 -0.006500
v 0.027752 0.014761 0.006543
v 0.027354 0.014762 -0.006500
v 0.028737 0.021410 0.006543
v 0.026069 0.024089 0.009577
v 0.036000 0.028267 0.009577
v 0.026069 0.024089 -0.009575
v 0.036000 0.028267 -0.009575
v 0.028737 0.021410 0.009586
v 0.026069 0.024089 0.009577
v 0.033365 0.030896 0.006424
v 0.028477 0.021685 0.009200
v 0.026333 0.023806 0.009200
v 0.035735 0.028548 -0.009198
v 0.026333 0.023806 -0.009198
v 0.033622 0.030621 -0.006218
v 0.026333 0.023806 -0.009198
v 0.033444 0.030826 -0.003239
v 0.033444 0.030826 -0.003239
v 0.033701 0.030551 0.003242
v 0.033701 0.030551 0.003242
v 0.033622 0.030621 0.006215
v 0.028477 0.021685 0.009200
v 0.028737 0.021410 -0.009583
v 0.033701 0.030551 -0.003239
v 0.026412 0.023736 0.003242
v 0.033444 0.030826 0.003242
v 0.026148 0.024019 0.003242
v 0.026148 0.024018 0.003242
v 0.033444 0.030826 0.003242
v 0.026412 0.023736 -0.003239
v 0.026069 0.024089 -0.009575
v 0.033365 0.030897 -0.006412
v 0.026333 0.023806 0.009200
v 0.033701 0.030551 -0.003239
v 0.026412 0.023736 0.003242
v 0.033444 0.030826 0.003242
v 0.033444 0.030826 0.003242
v 0.027752 0.014761 0.006543
v 0.027752 0.014762 -0.006500
v 0.027354 0.014762 -0.006500
v 0.027354 0.014816 0.006489
v 0.027354 0.014761 0.006543
v 0.027752 0.014762 -0.006500
v 0.027354 0.014761 0.006543
v 0.027354 0.014761 0.006543
v 0.027752 0.014762 -0.006500
v 0.027354 0.014762 -0.006500
v 0.027752 0.014761 0.006543
v 0.027354 0.014761 0.006543
v 0.004818 0.008583 -0.007755
v 0.005484 0.008254 -0.006601
v -0.023731 0.015592 -0.002980
v -0.023731 0.015592 0.002983
v -0.019715 0.015592 0.008796
v -0.019715 0.015592 -0.008793
v -0.014362 0.012824 -0.008666
v -0.014366 0.013013 -0.008942
v -0.009336 0.012824 -0.008538
v -0.014362 0.012824 -0.008666
v -0.014366 0.013013 -0.008942
v -0.009340 0.013013 -0.008942
v 0.009228 0.012824 -0.008100
v -0.014361 0.012824 0.008729
v 0.017005 0.015592 -0.008793
v 0.017005 0.015592 0.008796
v -0.014366 0.013013 0.008945
v -0.009340 0.013013 0.008945
v 0.012491 0.013013 0.008945
v 0.017005 0.015592 -0.008793
v 0.017005 0.015592 0.008796
v 0.009292 0.012824 0.008429
v 0.012491 0.013013 0.008945
v -0.014362 0.012824 0.008729
v -0.009336 0.012824 0.008661
v -0.003548 0.012824 0.008594
v -0.009336 0.012824 0.008661
v 0.043955 0.034073 -0.005968
v -0.023731 0.015592 0.002983
v -0.019715 0.015592 0.008796
vn -0.5000 -0.0000 -0.8660
vn -1.0000 -0.0000 -0.0000
vn -0.2475 -0.8527 -0.4600
vn -0.3603 -0.5205 -0.7741
vn -0.1835 -0.8509 -0.4923
vn -0.7886 0.4179 -0.4511
vn -0.4594 0.8482 -0.2638
vn -0.4554 0.8372 -0.3029
vn -0.8536 -0.5156 -0.0747
vn -0.7871 -0.4180 -0.4536
vn -0.4585 -0.8483 -0.2647
vn -0.5207 -0.8476 -0.1022
vn -0.4430 0.8725 -0.2062
vn -0.4462 0.8724 0.1996
vn -0.5205 0.8477 0.1022
vn -0.5206 0.8477 -0.1022
vn -0.4445 -0.8724 -0.2031
vn -0.5206 -0.8477 0.1022
vn -0.4441 -0.8726 0.2034
vn -0.3496 -0.8571 -0.3783
vn -0.4063 -0.8823 -0.2375
vn -0.4079 0.8825 -0.2343
vn -0.4287 0.8373 -0.3394
vn -0.8530 0.5164 -0.0758
vn -0.5210 0.8473 -0.1032
vn -0.2585 0.8558 -0.4480
vn -0.2588 0.8556 -0.4483
vn -0.1773 0.8532 -0.4905
vn -0.1261 0.8665 -0.4831
vn -0.4426 -0.5000 -0.7443
vn -0.8660 -0.0000 -0.5000
vn -0.4999 -0.0000 -0.8661
vn -0.4744 -0.8366 -0.2738
vn -0.4241 -0.8719 -0.2448
vn -0.4692 -0.8788 -0.0874
vn -0.4692 0.8787 0.0874
vn -0.4692 0.8787 -0.0874
vn -0.4241 0.8719 -0.2449
vn -0.4744 0.8367 -0.2737
vn 0.5000 -0.0000 -0.8660
vn 0.4999 -0.0000 -0.8661
vn 0.0003 -0.0000 -1.0000
vn 0.4646 0.0003 -0.8855
vn -0.5003 -0.0000 -0.8658
vn -0.0023 -0.4325 -0.9016
vn 0.0021 -0.8457 -0.5336
vn 0.2702 -0.8534 -0.4459
vn 0.1820 -0.8516 -0.4916
vn 0.1629 0.8490 -0.5027
vn -0.0012 0.8294 -0.5587
vn 0.0001 0.8328 -0.5535
vn 0.3093 0.8623 -0.4009
vn 0.3519 0.8605 -0.3685
vn 0.1417 0.8595 -0.4910
vn 0.5004 -0.0000 -0.8658
vn 0.4999 0.0004 -0.8661
vn 0.5001 -0.0000 -0.8660
vn 0.0111 -0.8267 -0.5626
vn -0.0006 0.8251 -0.5650
vn 1.0000 -0.0000 -0.0000
vn 0.5000 -0.0003 -0.8660
vn 0.8661 -0.0000 -0.4999
vn 0.5184 -0.0000 -0.8551
vn 0.5210 0.8473 -0.1032
vn 0.5116 0.8502 -0.1244
vn 0.4860 0.8279 -0.2800
vn 0.4602 0.8477 -0.2638
vn 0.4939 -0.5117 -0.7030
vn 0.7888 -0.4173 -0.4513
vn 0.4596 -0.8479 -0.2643
vn 0.3349 -0.8536 -0.3990
vn 0.5206 -0.8477 -0.1022
vn 0.5207 -0.8476 0.1022
vn 0.4692 -0.8788 0.0874
vn 0.4692 -0.8788 -0.0874
vn 0.4743 -0.8366 -0.2740
vn 0.4241 -0.8719 -0.2448
vn 0.4743 0.8367 -0.2739
vn 0.4241 0.8719 -0.2448
vn 0.4692 0.8787 -0.0874
vn 0.5205 0.8477 -0.1022
vn 0.5251 0.8511 -0.0000
vn 0.4748 0.8801 -0.0000
vn 0.8529 -0.5165 -0.0758
vn 0.5210 -0.8473 -0.1032
vn 0.4082 -0.8825 -0.2337
vn 0.4062 0.8829 -0.2356
vn 0.5000 -0.0000 0.8660
vn 0.7886 0.4179 0.4510
vn 0.4595 0.8481 0.2638
vn 0.3332 0.8657 0.3735
vn 0.8535 -0.5156 0.0747
vn 0.7872 -0.4178 0.4537
vn 0.4586 -0.8483 0.2648
vn 0.5119 0.8501 -0.1233
vn 0.4447 -0.8723 0.2032
vn 0.4441 -0.8726 -0.2034
vn 0.3408 -0.8519 0.3976
vn 0.3633 -0.8654 0.3450
vn 0.1789 -0.8467 0.5011
vn 0.4064 -0.8823 0.2375
vn 0.4081 0.8824 0.2341
vn 0.3518 0.8531 0.3852
vn 0.8079 0.5718 0.1427
vn 0.5108 0.8351 0.2042
vn 0.5935 0.1302 0.7942
vn 0.4407 0.2564 0.8603
vn 0.5002 0.0001 0.8659
vn 0.5001 -0.0001 0.8659
vn 0.4745 -0.8366 0.2737
vn 0.4241 -0.8719 0.2448
vn 0.5104 0.8356 0.2033
vn 0.4600 0.8705 0.1750
vn 0.4241 0.8719 0.2449
vn 0.4744 0.8367 0.2737
vn -0.5000 -0.0000 0.8660
vn 0.3598 -0.5228 0.7728
vn 0.0007 -0.4177 0.9086
vn 0.0003 -0.8472 0.5313
vn -0.1779 -0.8529 0.4909
vn -0.0839 -0.9240 0.3731
vn -0.3419 -0.8478 0.4054
vn -0.0002 -0.8234 0.5675
vn -0.0105 0.8656 0.5006
vn 0.0075 0.8274 0.5616
vn -0.1571 0.8525 0.4986
vn -0.1548 0.8663 0.4750
vn 0.1695 0.8588 0.4835
vn 0.0393 0.5176 0.8547
vn -0.3497 0.8617 0.3677
vn -0.3097 0.8640 0.3969
vn -0.4233 -0.4998 0.7557
vn -0.0000 -0.0000 1.0000
vn -0.4999 -0.0000 0.8661
vn 0.1920 0.8635 0.4663
vn -0.5001 -0.0000 0.8660
vn -0.8660 -0.0000 0.5000
vn -0.7743 -0.3078 0.5530
vn -0.5210 0.8473 0.1032
vn -0.8529 0.5165 0.0758
vn -0.7887 0.4178 0.4510
vn -0.4602 0.8477 0.2639
vn -0.4901 -0.5201 0.6995
vn -0.7888 -0.4174 0.4513
vn -0.4596 -0.8479 0.2643
vn -0.4692 -0.8788 0.0874
vn -0.4743 -0.8366 0.2740
vn -0.4241 -0.8719 0.2448
vn -0.4743 0.8367 0.2739
vn -0.4241 0.8719 0.2448
vn -0.8530 -0.5164 0.0759
vn -0.5211 -0.8473 0.1032
vn -0.4081 -0.8825 0.2337
vn -0.4061 0.8829 0.2356
vn -0.5504 0.4847 -0.6798
vn -0.5267 0.5719 -0.6288
vn -0.5002 0.0002 -0.8659
vn -0.9751 -0.1941 0.1074
vn -0.7547 0.4845 -0.4424
vn -0.8352 -0.1568 -0.5272
vn 0.5001 -0.0005 -0.8660
vn -0.5000 -0.0004 -0.8660
vn -0.4998 -0.0000 -0.8661
vn -0.4999 0.0004 -0.8661
vn -0.5001 -0.0002 -0.8660
vn 0.5002 0.0001 -0.8659
vn 0.4998 -0.0000 -0.8661
vn 0.4997 -0.0000 -0.8662
vn 0.4914 0.5165 0.7013
vn 0.4914 -0.5163 0.7013
vn 0.3617 0.5163 0.7763
vn 0.4914 -0.5163 0.7014
vn 0.8081 0.5717 0.1418
vn -0.3136 0.4846 0.8166
vn -0.8577 0.1563 0.4898
vn 0.0083 -0.1217 0.9925
vn 0.3617 0.5163 0.7762
vn -0.0057 0.4845 0.8748
vn -0.3135 0.4847 0.8165
vn -0.5000 -0.0000 0.8661
vn -0.7948 -0.0053 0.6068
vn -0.6930 0.6035 0.3945
vn -0.9767 -0.1877 -0.1039
vn 0.0045 0.1563 0.9877
vn 0.0014 1.0000 0.0005
vn 0.2101 0.9777 0.0005
vn 0.3123 0.9490 -0.0429
vn 0.2123 0.9740 0.0790
vn 0.0017 1.0000 -0.0000
vn 0.3011 0.9379 0.1725
vn -0.0004 1.0000 -0.0014
vn -0.0007 -1.0000 -0.0011
vn -0.0006 -1.0000 -0.0005
vn -0.0006 1.0000 -0.0006
vn -0.0007 -1.0000 -0.0003
vn -0.0007 1.0000 -0.0003
vn -0.0008 1.0000 -0.0003
vn -0.0007 -1.0000 -0.0000
vn -0.0008 -1.0000 -0.0000
vn 0.0006 1.0000 -0.0015
vn 0.0007 1.0000 -0.0012
vn 0.0005 -1.0000 -0.0015
vn 0.0002 -1.0000 -0.0013
vn 0.0005 1.0000 -0.0013
vn 0.0003 1.0000 -0.0016
vn -0.0004 -1.0000 -0.0013
vn -0.0003 -1.0000 -0.0016
vn -0.0002 1.0000 -0.0013
vn -0.0006 -1.0000 -0.0014
vn -0.0007 -1.0000 -0.0012
vn 0.0007 1.0000 -0.0000
vn 0.0007 -1.0000 -0.0003
vn 0.0008 -1.0000 -0.0003
vn 0.0007 1.0000 -0.0003
vn 0.0003 -1.0000 -0.0011
vn 0.0013 -1.0000 -0.0011
vn 0.0007 1.0000 -0.0011
vn 0.0006 1.0000 -0.0005
vn 0.0009 -1.0000 -0.0014
vn 0.0008 -1.0000 -0.0014
vn 0.0008 1.0000 0.0011
vn 0.0006 1.0000 0.0010
vn 0.0008 -1.0000 0.0012
vn 0.0006 -1.0000 0.0005
vn 0.0004 1.0000 0.0009
vn 0.0011 1.0000 0.0009
vn 0.0007 -1.0000 0.0003
vn 0.0008 1.0000 0.0003
vn 0.0007 -1.0000 -0.0000
vn 0.0008 -1.0000 -0.0000
vn -0.0006 1.0000 0.0013
vn -0.0006 1.0000 0.0010
vn -0.0003 -1.0000 0.0014
vn -0.0002 -1.0000 0.0013
vn -0.0003 1.0000 0.0013
vn -0.0002 1.0000 0.0014
vn 0.0004 -1.0000 0.0013
vn 0.0003 -1.0000 0.0015
vn 0.0001 1.0000 0.0012
vn 0.0002 1.0000 0.0013
vn 0.0007 -1.0000 0.0014
vn 0.0007 -1.0000 0.0012
vn -0.0008 1.0000 -0.0000
vn -0.0007 -1.0000 0.0003
vn -0.0008 -1.0000 0.0003
vn -0.0007 1.0000 0.0003
vn -0.0003 -1.0000 0.0010
vn -0.0012 -1.0000 0.0010
vn -0.0007 1.0000 0.0009
vn -0.0006 1.0000 0.0005
vn -0.0009 -1.0000 0.0013
vn -0.0007 -1.0000 0.0013
vn -0.3609 -0.9104 -0.2022
vn -0.3591 0.9122 -0.1975
vn -0.4400 -0.8939 -0.0860
vn -0.3636 -0.9302 -0.0491
vn -0.4446 0.8924 -0.0775
vn -0.3653 0.9277 -0.0766
vn -0.4445 -0.8924 0.0775
vn -0.3626 -0.9298 0.0635
vn 0.4372 0.8994 0.0004
vn 0.4400 0.8939 -0.0860
vn 0.4446 -0.8924 -0.0775
vn 0.3653 -0.9277 -0.0766
vn 0.3567 -0.9104 -0.2096
vn 0.3508 0.9124 -0.2110
vn 0.3608 -0.9104 0.2022
vn 0.4401 -0.8938 0.0860
vn 0.3637 -0.9302 0.0490
vn 0.4503 0.8763 0.1713
vn -0.4400 0.8939 0.0860
vn -0.3690 0.9279 0.0526
vn -0.3567 -0.9104 0.2097
vn -0.3508 0.9123 0.2111
vn -0.0000 -0.0000 -1.0000
vn 0.2882 0.1248 -0.9494
vn 0.2882 -0.1248 -0.9494
vn -0.3392 -0.0000 -0.9407
vn -0.6450 -0.0000 -0.7642
vn -0.6002 0.1248 -0.7900
vn -0.8242 0.0253 -0.5658
vn -0.6781 0.1249 -0.7243
vn -0.6449 -0.0000 -0.7643
vn -0.9720 -0.0000 -0.2350
vn -0.9843 -0.0000 -0.1766
vn -0.9843 -0.0000 0.1766
vn -0.9090 0.0394 0.4149
vn -0.8138 -0.0394 0.5798
vn -0.6451 -0.0000 0.7641
vn -0.6449 -0.0000 0.7642
vn -0.3840 -0.1248 0.9148
vn -0.3393 -0.0000 0.9407
vn -0.3392 -0.0000 0.9407
vn -0.2882 -0.1248 0.9494
vn 0.3392 -0.0000 0.9407
vn 0.6895 -0.0000 0.7243
vn 0.6003 0.1248 0.7900
vn 0.8660 -0.0000 0.5000
vn 0.6781 0.1248 0.7243
vn 0.7115 -0.0831 0.6978
vn 0.9843 -0.0000 0.1766
vn 0.9843 -0.0000 -0.1766
vn 0.8660 -0.0000 -0.5000
vn 0.6451 -0.0000 -0.7641
vn 0.3840 -0.1248 -0.9148
vn 0.3840 0.1248 -0.9148
vn -0.0005 1.0000 -0.0008
vn 0.2699 0.9365 0.2238
vn -0.0007 1.0000 -0.0006
vn 0.5169 0.8021 0.2990
vn -0.0005 1.0000 -0.0000
vn -0.0003 1.0000 -0.0001
vn -0.3287 0.9365 -0.1218
vn -0.6118 0.7076 -0.3537
vn -0.3114 0.3986 -0.8626
vn -0.3393 -0.0000 -0.9407
vn -0.5913 0.3986 -0.7010
vn -0.8622 0.3930 -0.3196
vn -0.9193 0.3937 -0.0000
vn -0.9028 0.3986 0.1616
vn -0.5913 -0.3989 0.7009
vn -0.3108 -0.4027 0.8609
vn -0.6450 -0.0000 0.7641
vn 0.3108 0.4025 0.8610
vn 0.4597 0.3936 0.7961
vn 0.3565 0.7010 0.6176
vn 0.3115 0.3983 0.8627
vn 0.2394 0.7072 0.6652
vn 0.6124 -0.7071 0.3536
vn 0.4565 -0.7071 0.5401
vn 0.4557 -0.7071 0.5407
vn 0.5482 0.7021 0.4545
vn 0.6121 0.7074 0.3534
vn 0.6955 -0.7076 0.1249
vn 0.6960 -0.7071 0.1250
vn 0.6959 0.7071 0.1253
vn 0.6961 0.7071 0.1243
vn 0.6957 -0.7076 -0.1238
vn 0.6959 -0.7070 -0.1257
vn -0.2395 0.7071 0.6654
vn -0.3113 0.3988 0.8626
vn -0.5911 0.3993 0.7008
vn -0.4565 0.7070 0.5401
vn -0.0000 -0.7072 0.7070
vn -0.2395 -0.7072 0.6653
vn -0.2407 -0.7071 0.6648
vn -0.0000 0.7072 0.7071
vn -0.0000 0.3977 0.9175
vn 0.2404 -0.7071 0.6650
vn 0.2395 -0.7071 0.6654
vn -0.6960 0.7070 0.1253
vn -0.9027 0.3989 0.1616
vn -0.9192 0.3938 -0.0000
vn -0.7133 0.7008 -0.0000
vn -0.6124 -0.7071 0.3536
vn -0.6961 -0.7069 0.1253
vn -0.6963 -0.7069 0.1244
vn -0.6122 0.7071 0.3539
vn -0.7949 0.3970 0.4588
vn -0.4558 -0.7070 0.5407
vn -0.4565 -0.7071 0.5401
vn -0.2401 0.7071 -0.6651
vn -0.2396 0.7069 -0.6655
vn -0.4566 0.7068 -0.5403
vn -0.4557 0.7071 -0.5407
vn -0.6123 -0.7071 -0.3536
vn -0.6124 -0.7071 -0.3536
vn -0.4565 -0.7071 -0.5401
vn -0.4557 -0.7071 -0.5407
vn -0.6122 0.7074 -0.3534
vn -0.6961 -0.7072 -0.1240
vn -0.6961 -0.7069 -0.1253
vn -0.6675 0.7023 -0.2475
vn 0.4560 0.7071 -0.5405
vn 0.4566 0.7066 -0.5406
vn 0.2400 0.7064 -0.6658
vn 0.2403 0.7073 -0.6648
vn -0.0000 -0.7072 -0.7070
vn 0.2395 -0.7070 -0.6654
vn 0.2404 -0.7070 -0.6651
vn 0.0003 0.7066 -0.7076
vn -0.0000 0.7072 -0.7070
vn -0.2404 -0.7071 -0.6650
vn -0.2395 -0.7071 -0.6653
vn 0.6960 0.7070 -0.1253
vn 0.6962 0.7070 -0.1243
vn 0.6124 -0.7071 -0.3535
vn 0.6124 -0.7071 -0.3536
vn 0.6133 0.7063 -0.3535
vn 0.6123 0.7072 -0.3535
vn 0.4557 -0.7071 -0.5407
vn 0.4565 -0.7071 -0.5400
vn -0.0000 -1.0000 -0.0000
vn 0.0919 -0.9957 -0.0091
vn 0.0924 -0.9957 -0.0000
vn 0.0906 -0.9957 -0.0180
vn 0.0884 -0.9957 -0.0268
vn 0.0854 -0.9957 -0.0354
vn 0.0815 -0.9957 -0.0435
vn 0.0768 -0.9957 -0.0513
vn 0.0714 -0.9957 -0.0586
vn 0.0653 -0.9957 -0.0653
vn 0.0586 -0.9957 -0.0714
vn 0.0513 -0.9957 -0.0768
vn 0.0436 -0.9957 -0.0815
vn 0.0354 -0.9957 -0.0854
vn 0.0268 -0.9957 -0.0884
vn 0.0180 -0.9957 -0.0906
vn 0.0091 -0.9957 -0.0919
vn -0.0000 -0.9957 -0.0924
vn -0.0091 -0.9957 -0.0919
vn -0.0180 -0.9957 -0.0906
vn -0.0268 -0.9957 -0.0884
vn -0.0354 -0.9957 -0.0854
vn -0.0435 -0.9957 -0.0815
vn -0.0513 -0.9957 -0.0768
vn -0.0586 -0.9957 -0.0714
vn -0.0653 -0.9957 -0.0653
vn -0.0714 -0.9957 -0.0586
vn -0.0768 -0.9957 -0.0513
vn -0.0815 -0.9957 -0.0435
vn -0.0854 -0.9957 -0.0354
vn -0.0884 -0.9957 -0.0268
vn -0.0906 -0.9957 -0.0180
vn -0.0919 -0.9957 -0.0091
vn -0.0924 -0.9957 -0.0000
vn -0.0919 -0.9957 0.0091
vn -0.0906 -0.9957 0.0180
vn -0.0884 -0.9957 0.0268
vn -0.0854 -0.9957 0.0354
vn -0.0815 -0.9957 0.0435
vn -0.0768 -0.9957 0.0513
vn -0.0714 -0.9957 0.0586
vn -0.0653 -0.9957 0.0653
vn -0.0586 -0.9957 0.0714
vn -0.0513 -0.9957 0.0768
vn -0.0435 -0.9957 0.0815
vn -0.0354 -0.9957 0.0854
vn -0.0268 -0.9957 0.0884
vn -0.0180 -0.9957 0.0906
vn -0.0091 -0.9957 0.0919
vn -0.0000 -0.9957 0.0924
vn 0.0091 -0.9957 0.0919
vn 0.0180 -0.9957 0.0906
vn 0.0268 -0.9957 0.0884
vn 0.0354 -0.9957 0.0854
vn 0.0436 -0.9957 0.0815
vn 0.0513 -0.9957 0.0768
vn 0.0586 -0.9957 0.0714
vn 0.0653 -0.9957 0.0653
vn 0.0714 -0.9957 0.0586
vn 0.0768 -0.9957 0.0513
vn 0.0815 -0.9957 0.0436
vn 0.0854 -0.9957 0.0354
vn 0.0884 -0.9957 0.0268
vn 0.0906 -0.9957 0.0180
vn 0.0919 -0.9957 0.0091
vn -0.0000 1.0000 -0.0000
vn 0.3941 0.9182 -0.0386
vn 0.3660 0.9182 -0.1515
vn 0.2988 0.9165 -0.2659
vn 0.2412 0.9165 -0.3192
vn 0.1758 0.9168 -0.3586
vn 0.0601 0.9167 -0.3951
vn -0.0161 0.9165 -0.3997
vn -0.0937 0.9165 -0.3889
vn -0.1657 0.9168 -0.3634
vn -0.2672 0.9167 -0.2971
vn -0.3191 0.9165 -0.2412
vn -0.3600 0.9165 -0.1743
vn -0.3872 0.9165 -0.1007
vn -0.3993 0.9165 -0.0232
vn -0.3962 0.9165 0.0551
vn -0.3778 0.9165 0.1313
vn -0.3450 0.9165 0.2025
vn -0.2987 0.9165 0.2660
vn -0.1743 0.9165 0.3600
vn -0.1006 0.9165 0.3872
vn -0.0251 0.9168 0.3986
vn 0.0957 0.9167 0.3880
vn 0.1678 0.9165 0.3631
vn 0.2354 0.9165 0.3234
vn 0.2922 0.9168 0.2723
vn 0.3606 0.9167 0.1722
vn 0.3871 0.9165 0.1006
vn 0.3971 0.9174 0.0251
vn 0.3788 0.9255 -0.0031
vn 0.3738 0.9267 -0.0386
vn 0.3714 0.9259 -0.0686
vn 0.3868 0.9174 -0.0933
vn 0.3616 0.9255 -0.1129
vn 0.3465 0.9267 -0.1455
vn 0.3354 0.9260 -0.1734
vn 0.3423 0.9173 -0.2035
vn 0.3090 0.9270 -0.2128
vn 0.2952 0.9260 -0.2355
vn 0.2616 0.9270 -0.2690
vn 0.2436 0.9259 -0.2886
vn 0.2040 0.9270 -0.3148
vn 0.1826 0.9260 -0.3306
vn 0.1421 0.9255 -0.3511
vn 0.1074 0.9267 -0.3601
vn 0.1148 0.9188 -0.3778
vn 0.0788 0.9260 -0.3693
vn 0.0315 0.9270 -0.3738
vn 0.0052 0.9260 -0.3776
vn -0.0420 0.9270 -0.3728
vn -0.0686 0.9260 -0.3713
vn -0.1139 0.9270 -0.3574
vn -0.1397 0.9260 -0.3508
vn -0.1813 0.9255 -0.3326
vn -0.2103 0.9267 -0.3115
vn -0.2192 0.9188 -0.3283
vn -0.2355 0.9260 -0.2952
vn -0.2690 0.9270 -0.2615
vn -0.2886 0.9260 -0.2435
vn -0.3149 0.9269 -0.2041
vn -0.3306 0.9259 -0.1826
vn -0.3486 0.9270 -0.1387
vn -0.3598 0.9260 -0.1146
vn -0.3689 0.9270 -0.0680
vn -0.3753 0.9260 -0.0422
vn -0.3751 0.9270 0.0053
vn -0.3763 0.9260 0.0319
vn -0.3669 0.9270 0.0783
vn -0.3628 0.9260 0.1047
vn -0.3446 0.9270 0.1484
vn -0.3355 0.9259 0.1734
vn -0.3090 0.9270 0.2128
vn -0.2952 0.9260 0.2355
vn -0.2615 0.9270 0.2690
vn -0.2435 0.9260 0.2886
vn -0.2402 0.9172 0.3179
vn -0.2040 0.9270 0.3148
vn -0.1826 0.9260 0.3306
vn -0.1387 0.9270 0.3486
vn -0.1146 0.9260 0.3598
vn -0.0680 0.9270 0.3689
vn -0.0422 0.9260 0.3753
vn 0.0031 0.9255 0.3788
vn 0.0386 0.9267 0.3738
vn 0.0385 0.9188 0.3928
vn 0.0686 0.9260 0.3713
vn 0.1139 0.9270 0.3574
vn 0.1397 0.9259 0.3509
vn 0.1815 0.9270 0.3284
vn 0.2055 0.9260 0.3168
vn 0.2420 0.9270 0.2866
vn 0.2633 0.9260 0.2707
vn 0.2948 0.9255 0.2379
vn 0.3135 0.9267 0.2073
vn 0.3281 0.9188 0.2194
vn 0.3305 0.9260 0.1825
vn 0.3486 0.9270 0.1387
vn 0.3598 0.9260 0.1146
vn 0.3689 0.9270 0.0680
vn 0.3753 0.9260 0.0422
vn -0.7444 0.4996 -0.4431
vn -0.8659 -0.0000 -0.5002
vn -0.2062 -0.8726 -0.4427
vn 0.1994 -0.8726 -0.4460
vn 0.1029 -0.8495 -0.5175
vn -0.1022 -0.8477 -0.5206
vn -0.1032 0.8473 -0.5210
vn -0.0758 0.5165 -0.8529
vn -0.4511 0.4178 -0.7887
vn -0.2640 0.8477 -0.4602
vn -0.6982 -0.5225 -0.4894
vn -0.4513 -0.4175 -0.7887
vn -0.2644 -0.8479 -0.4595
vn -0.3821 -0.8533 -0.3548
vn -0.2032 0.8726 -0.4441
vn -0.1022 0.8477 -0.5206
vn 0.1022 0.8496 -0.5175
vn 0.2042 0.8732 -0.4426
vn -0.4864 -0.8658 -0.1175
vn 0.0860 -0.8877 -0.4523
vn -0.0874 -0.8788 -0.4692
vn -0.2739 -0.8367 -0.4743
vn -0.2448 -0.8719 -0.4240
vn -0.2739 0.8367 -0.4743
vn -0.2448 0.8719 -0.4240
vn -0.0874 0.8788 -0.4692
vn -0.3898 0.8585 -0.3331
vn 0.0868 0.8792 -0.4684
vn -0.0759 -0.5165 -0.8529
vn -0.1032 -0.8473 -0.5210
vn -0.2337 -0.8825 -0.4081
vn -0.4876 0.8654 -0.1155
vn -0.4921 0.8523 -0.1775
vn -0.4018 0.8582 -0.3193
vn -0.2356 0.8829 -0.4061
vn 0.1898 0.9084 -0.3727
vn 0.3371 0.8228 -0.4575
vn 0.3539 0.8289 -0.4332
vn 0.0747 -0.5157 -0.8535
vn 0.4551 -0.4141 -0.7883
vn 0.2629 -0.8388 -0.4767
vn 0.1030 -0.8494 -0.5175
vn 0.4973 -0.8487 -0.1797
vn 0.3919 -0.8673 -0.3070
vn 0.3846 -0.8611 -0.3325
vn 0.2551 -0.8907 -0.3762
vn 0.3373 -0.7888 -0.5139
vn 0.2756 0.8334 -0.4791
vn 0.2334 0.8831 -0.4069
vn 0.3841 0.8552 -0.3480
vn 0.2046 0.8385 -0.5050
vn 0.2359 0.8224 -0.5177
vn 0.1213 0.4892 -0.8637
vn 0.4820 0.8548 -0.1925
vn 0.4882 0.8611 -0.1422
vn 0.4623 0.4356 -0.7724
vn 0.0945 0.4334 -0.8962
vn 0.2089 0.8342 -0.5104
vn 0.2515 -0.8643 -0.4356
vn 0.2900 -0.8091 -0.5111
vn 0.2298 0.8653 -0.4454
vn 0.2047 0.8356 -0.5097
vn 0.7742 -0.5199 -0.3609
vn 0.9085 -0.4180 -0.0008
vn 0.5312 -0.8472 -0.0004
vn 0.4197 -0.9017 -0.1033
vn 0.8662 -0.0001 -0.4997
vn 0.8660 0.0003 -0.5001
vn 0.4038 -0.8497 0.3390
vn 0.4914 -0.8578 0.1504
vn 0.4860 -0.8660 0.1176
vn 0.5674 -0.8234 0.0003
vn 0.5248 0.8507 0.0296
vn 0.5611 0.8277 -0.0054
vn 0.4991 0.8523 0.1568
vn 0.4751 0.8663 0.1545
vn 0.3677 0.8616 0.3499
vn 0.3970 0.8640 0.3097
vn 0.1032 0.8473 0.5210
vn 0.0758 0.5165 0.8529
vn 0.4510 0.4179 0.7886
vn 0.2639 0.8478 0.4600
vn 0.6982 -0.5225 0.4894
vn 0.4511 -0.4178 0.7886
vn 0.2642 -0.8481 0.4593
vn -0.1022 -0.8477 0.5206
vn -0.0874 -0.8788 0.4691
vn 0.0874 -0.8788 0.4692
vn 0.1022 -0.8477 0.5206
vn 0.2739 -0.8367 0.4743
vn 0.2448 -0.8719 0.4241
vn 0.2739 0.8367 0.4743
vn 0.2448 0.8719 0.4240
vn 0.0874 0.8788 0.4692
vn 0.1022 0.8477 0.5206
vn 0.0758 -0.5165 0.8529
vn 0.1032 -0.8473 0.5210
vn 0.2337 -0.8825 0.4081
vn 0.2356 0.8829 0.4061
vn -0.4510 0.4179 0.7886
vn -0.2636 0.8481 0.4596
vn -0.3737 0.8657 0.3330
vn -0.0748 -0.5157 0.8535
vn -0.4536 -0.4181 0.7870
vn -0.2645 -0.8484 0.4586
vn -0.1022 0.8477 0.5206
vn -0.2033 0.8726 0.4441
vn 0.2032 0.8726 0.4441
vn -0.2031 -0.8726 0.4442
vn 0.2034 -0.8726 0.4440
vn -0.3977 -0.8518 0.3409
vn -0.2592 -0.9240 0.2812
vn -0.5013 -0.8465 0.1793
vn -0.2375 -0.8823 0.4063
vn -0.2340 0.8825 0.4080
vn -0.3853 0.8531 0.3518
vn -0.0758 0.5164 0.8530
vn -0.1032 0.8473 0.5210
vn -0.4868 0.8618 0.1425
vn -0.4666 0.8634 0.1919
vn -0.2738 -0.8367 0.4744
vn -0.2448 -0.8719 0.4241
vn -0.0874 0.8788 0.4692
vn -0.2448 0.8719 0.4241
vn -0.2737 0.8367 0.4744
vn -0.8659 -0.0000 0.5003
vn -0.7904 0.0171 0.6124
vn -0.7743 -0.5197 0.3609
vn -0.9083 -0.4184 0.0006
vn -0.5310 -0.8474 0.0004
vn -0.4914 -0.8578 -0.1507
vn -0.5675 -0.8234 -0.0003
vn -0.5249 0.8506 -0.0296
vn -0.5611 0.8277 0.0054
vn 0.1075 0.1939 -0.9751
vn -0.4427 -0.4845 -0.7545
vn -0.5268 0.1570 -0.8353
vn -0.6801 -0.4845 -0.5501
vn -0.8661 -0.0000 -0.4998
vn -0.9877 -0.1562 0.0045
vn -0.9532 0.2925 -0.0770
vn -0.4897 0.1558 -0.8578
vn -0.8165 0.4845 0.3139
vn -0.9320 0.3623 0.0001
vn -0.4900 0.1562 0.8576
vn -0.8165 0.4846 0.3139
vn -0.0000 1.0000 -0.0007
vn -0.0003 -1.0000 -0.0007
vn -0.0003 -1.0000 -0.0008
vn -0.0003 1.0000 -0.0007
vn -0.0010 -1.0000 -0.0004
vn -0.0010 -1.0000 -0.0012
vn -0.0009 1.0000 -0.0007
vn -0.0005 1.0000 -0.0006
vn -0.0012 -1.0000 -0.0009
vn -0.0012 -1.0000 -0.0007
vn 0.0011 1.0000 -0.0007
vn 0.0012 1.0000 -0.0007
vn 0.0004 -1.0000 -0.0005
vn 0.0010 -1.0000 -0.0006
vn 0.0003 1.0000 -0.0007
vn -0.0000 -1.0000 -0.0008
vn 0.0013 1.0000 0.0006
vn 0.0010 1.0000 0.0006
vn 0.0013 -1.0000 0.0002
vn 0.0013 1.0000 0.0003
vn 0.0014 1.0000 0.0002
vn 0.0013 -1.0000 -0.0004
vn 0.0015 -1.0000 -0.0003
vn 0.0013 1.0000 -0.0002
vn 0.0014 -1.0000 -0.0005
vn -0.0000 1.0000 0.0008
vn 0.0003 -1.0000 0.0007
vn 0.0003 -1.0000 0.0008
vn 0.0003 1.0000 0.0007
vn 0.0010 -1.0000 0.0004
vn 0.0010 -1.0000 0.0012
vn 0.0009 1.0000 0.0007
vn 0.0005 1.0000 0.0006
vn 0.0013 -1.0000 0.0009
vn 0.0012 -1.0000 0.0007
vn -0.0011 1.0000 0.0008
vn -0.0010 1.0000 0.0006
vn -0.0012 -1.0000 0.0008
vn -0.0005 -1.0000 0.0006
vn -0.0009 1.0000 0.0004
vn -0.0009 1.0000 0.0011
vn -0.0003 -1.0000 0.0007
vn -0.0003 1.0000 0.0007
vn -0.0003 1.0000 0.0008
vn -0.0000 -1.0000 0.0007
vn -0.0000 -1.0000 0.0008
vn -0.0013 1.0000 -0.0006
vn -0.0010 1.0000 -0.0006
vn -0.0013 -1.0000 -0.0002
vn -0.0013 1.0000 -0.0003
vn -0.0014 1.0000 -0.0002
vn -0.0013 -1.0000 0.0004
vn -0.0015 -1.0000 0.0003
vn -0.0012 1.0000 0.0001
vn -0.0013 1.0000 0.0002
vn -0.0014 -1.0000 0.0007
vn -0.0012 -1.0000 0.0007
vn 0.0771 0.8928 -0.4438
vn -0.0860 0.8937 -0.4403
vn -0.0524 0.9277 -0.3697
vn 0.0629 0.9299 -0.3624
vn -0.0776 -0.8923 -0.4448
vn -0.0770 -0.9275 -0.3659
vn -0.2100 -0.9102 -0.3571
vn -0.2103 0.9128 -0.3501
vn 0.1971 0.9127 -0.3580
vn 0.0632 -0.9270 -0.3698
vn 0.0859 -0.8932 -0.4413
vn -0.0776 0.8923 0.4447
vn 0.0860 0.8937 0.4403
vn 0.0525 0.9277 0.3697
vn -0.0629 0.9297 0.3628
vn 0.0776 -0.8923 0.4447
vn 0.0770 -0.9275 0.3659
vn 0.2097 -0.9104 0.3567
vn 0.2099 0.9129 0.3500
vn -0.2023 -0.9103 0.3611
vn -0.1971 0.9127 0.3579
vn -0.0860 -0.8937 0.4404
vn -0.0485 -0.9301 0.3640
vn 0.4587 0.3980 -0.7945
vn 0.4587 -0.3980 -0.7945
vn 0.7182 -0.3971 -0.5714
vn 0.7003 0.3975 -0.5929
vn 0.1616 0.3989 -0.9027
vn 0.1616 -0.3989 -0.9027
vn -0.1616 0.3987 -0.9027
vn -0.1616 -0.3989 -0.9026
vn -0.4587 0.3980 -0.7945
vn -0.4587 -0.3980 -0.7945
vn -0.6896 0.2472 -0.6807
vn -0.7257 -0.2984 -0.6199
vn -0.9148 -0.1248 -0.3840
vn -0.9148 0.1248 -0.3840
vn -0.9494 0.1248 -0.2882
vn -0.9494 -0.1248 -0.2882
vn -0.9407 -0.0000 0.3392
vn -0.7900 0.1248 0.6003
vn -0.7100 -0.3973 0.5814
vn -0.5925 0.4335 0.6790
vn -0.4587 -0.3980 0.7945
vn -0.4587 0.3980 0.7945
vn -0.1614 0.3987 0.9027
vn -0.1616 -0.3989 0.9026
vn 0.1616 0.3989 0.9026
vn 0.1616 -0.3989 0.9027
vn 0.4587 0.3980 0.7945
vn 0.4587 -0.3980 0.7945
vn 0.7641 -0.0001 0.6451
vn 0.7257 -0.2984 0.6199
vn 0.9407 -0.0000 0.3393
vn 0.9149 0.1248 0.3840
vn 0.9947 0.0394 0.0952
vn 0.9494 0.1248 0.2882
vn 0.9406 -0.0000 0.3394
vn 0.9407 -0.0000 -0.3392
vn 0.7900 -0.1248 -0.6002
vn 0.7900 0.1248 -0.6002
vn 0.6977 0.3980 0.5956
vn 0.7642 -0.0000 0.6450
vn 0.7009 0.3989 0.5913
vn 0.8625 0.3989 0.3113
vn -0.0610 0.9387 0.3394
vn 0.0610 0.9388 0.3390
vn 0.1733 -0.9381 0.3000
vn 0.0611 -0.9388 0.3391
vn 0.1732 0.9381 0.3001
vn 0.2632 -0.9387 0.2225
vn 0.2634 0.9387 0.2226
vn 0.6649 -0.7072 0.2404
vn 0.6652 -0.7072 0.2394
vn 0.6742 -0.6063 0.4217
vn 0.5138 -0.7629 0.3925
vn -0.6652 0.7072 0.2395
vn -0.5136 0.7631 0.3923
vn -0.6649 0.7072 0.2403
vn -0.1733 -0.9380 0.3001
vn -0.2632 -0.9387 0.2225
vn -0.4545 0.7022 0.5480
vn -0.0609 -0.9387 0.3394
vn -0.5137 0.7629 -0.3924
vn -0.6731 0.6085 -0.4203
vn -0.6653 0.7071 -0.2395
vn -0.6650 0.7071 -0.2404
vn -0.7070 -0.7072 -0.0000
vn -0.6653 -0.7071 -0.2395
vn -0.6650 -0.7071 -0.2404
vn -0.7070 0.7072 -0.0000
vn -0.6650 -0.7071 0.2404
vn -0.6653 -0.7071 0.2395
vn -0.5137 -0.7629 0.3925
vn -0.6731 -0.6085 0.4204
vn 0.0610 0.9388 -0.3390
vn -0.0609 0.9387 -0.3393
vn -0.1732 -0.9381 -0.3000
vn -0.0610 -0.9387 -0.3394
vn -0.1732 0.9381 -0.3000
vn -0.2631 -0.9388 -0.2224
vn -0.2631 0.9388 -0.2223
vn -0.6742 -0.6064 -0.4217
vn -0.5137 -0.7629 -0.3925
vn 0.6649 0.7072 -0.2404
vn 0.6654 0.7070 -0.2397
vn 0.6742 0.6064 -0.4217
vn 0.5138 0.7629 -0.3924
vn 0.1733 -0.9380 -0.3001
vn 0.2633 -0.9387 -0.2227
vn 0.2631 0.9387 -0.2225
vn 0.1733 0.9380 -0.3001
vn 0.0610 -0.9387 -0.3392
vn 0.5138 0.7629 0.3925
vn 0.6731 0.6084 0.4204
vn 0.6652 0.7072 0.2394
vn 0.6649 0.7072 0.2404
vn 0.7071 -0.7071 -0.0000
vn 0.7073 0.7069 0.0002
vn 0.7072 0.7070 -0.0000
vn 0.6649 -0.7072 -0.2404
vn 0.6653 -0.7072 -0.2394
vn 0.5138 -0.7628 -0.3925
vn 0.6732 -0.6083 -0.4205
vn 0.4049 -0.5900 0.6985
vn -0.0038 -0.0106 0.9999
vn 0.0396 -0.6083 0.7927
vn 0.0151 -0.0666 0.9977
vn 0.0120 0.0764 0.9970
vn 0.0092 0.0587 0.9982
vn 0.0096 -0.0425 0.9991
vn -0.0371 0.2992 -0.9535
vn -0.2227 0.5503 -0.8047
vn 0.0098 0.0590 -0.9982
vn 0.0124 0.0753 -0.9971
vn 0.0146 -0.0724 -0.9973
vn 0.0098 -0.0486 -0.9988
vn -0.0000 0.9989 -0.0461
vn -0.1247 0.9918 -0.0279
vn -0.1239 0.9919 0.0269
vn -0.0001 0.9990 0.0445
vn -0.8913 -0.3698 0.2624
vn -0.6562 -0.3016 0.6917
vn -0.6393 0.2759 0.7178
vn -0.9327 0.2164 0.2884
vn 0.3682 -0.9297 -0.0049
vn 0.6871 -0.7266 -0.0000
vn 0.6872 -0.7265 0.0001
vn 0.3701 -0.9290 0.0002
vn 0.4593 -0.8708 0.1756
vn 0.6871 -0.7265 0.0001
vn 0.2337 -0.9720 0.0256
vn -0.6816 0.7316 -0.0149
vn -0.6830 0.7305 -0.0000
vn -0.5727 0.8196 -0.0148
vn -0.6870 0.7267 0.0038
vn -0.5691 0.8215 0.0358
vn -0.2480 0.9681 -0.0365
vn -0.1249 0.9909 0.0499
vn -0.5561 0.8306 0.0292
vn 0.0130 -0.9996 0.0236
vn 0.0366 -0.7396 0.6720
vn 0.2377 -0.5765 -0.7818
vn 0.4127 -0.5864 -0.6970
vn -0.5024 0.8632 -0.0493
vn -0.4910 0.8593 -0.1435
vn -0.5929 0.8002 0.0900
vn -0.0000 0.9958 -0.0920
vn -0.2636 0.6511 0.7117
vn -0.0371 0.2994 0.9534
vn 0.1211 -0.0239 0.9923
vn -0.2655 0.7132 0.6487
vn 0.0148 0.7395 0.6730
vn 0.3415 -0.9283 -0.1467
vn 0.0164 -0.5942 -0.8041
vn -0.2654 0.7127 -0.6494
vn -0.0560 -0.1155 -0.9917
vn 0.0361 -0.7364 -0.6756
vn -0.8925 -0.3675 -0.2617
vn -0.3919 -0.9083 -0.1464
vn -0.6562 -0.3016 -0.6917
vn -0.2492 -0.8516 -0.4611
vn -0.2723 0.8166 -0.5089
vn -0.6278 0.2868 -0.7236
vn -0.9328 0.2215 -0.2842
vn -0.5295 0.8302 -0.1744
vn -0.4126 -0.8984 0.1507
vn -0.2509 -0.8435 0.4748
vn -0.2509 -0.8435 0.4749
vn -0.1987 -0.3166 0.9275
vn -0.0008 -0.5949 -0.8038
vn 0.0044 -0.6046 -0.7965
vn 0.0002 -0.9877 -0.1561
vn 0.9379 0.3470 -0.0000
vn -0.9515 -0.3076 -0.0000
vn 0.7514 0.2780 0.5984
vn -0.3654 0.8347 0.4120
vn 0.3149 0.7444 0.5888
vn 0.9378 0.3471 -0.0000
vn 0.5840 0.2161 -0.7824
vn 0.8348 -0.5102 -0.2069
vn 0.9177 -0.0761 -0.3898
vn 0.7515 0.2780 0.5983
vn -0.5859 -0.1894 0.7880
vn -0.8299 0.5211 0.1993
vn -0.3654 0.8347 0.4121
vn -0.7733 -0.2500 0.5827
vn 0.5841 0.2161 0.7824
vn 0.8348 -0.5102 0.2069
vn 0.3685 -0.8261 0.4262
vn -0.5858 -0.1894 -0.7880
vn -0.8299 0.5211 -0.1993
vn -0.9198 0.1011 -0.3791
vn -0.7732 -0.2500 0.5828
vn 0.3685 -0.8261 0.4263
vn -0.3239 -0.7332 0.5979
vn -0.9515 -0.3077 -0.0000
vn -0.5859 -0.1894 -0.7880
vn 0.7515 0.2781 -0.5983
vn -0.3653 0.8347 -0.4121
vn -0.8300 0.5210 -0.1993
vn 0.5841 0.2161 -0.7824
vn -0.7732 -0.2500 -0.5827
vn 0.3686 -0.8261 -0.4262
vn 0.8348 -0.5101 -0.2069
vn 0.0395 -0.6084 0.7927
vn 0.3377 -0.9305 0.1420
vn 0.0116 -0.9999 -0.0118
vn 0.0361 -0.7363 -0.6757
vn 0.0015 -0.9994 -0.0357
vn 0.0215 -0.9853 0.1695
vn 1.0000 -0.0078 -0.0028
vn 0.9953 -0.0908 -0.0330
vn 0.9995 -0.0294 -0.0107
vn 0.0155 0.7381 -0.6745
vn 0.0366 -0.7397 0.6719
vn -0.6608 0.2439 0.7099
vn -0.2003 0.2854 0.9373
vn -0.3081 0.8216 0.4797
vn -0.6568 -0.2581 -0.7085
vn -0.2006 0.2854 -0.9372
vn -0.1437 -0.3111 -0.9395
vn -0.6706 0.2535 -0.6972
vn 0.5000 -0.0000 -0.8661
vn -0.5001 -0.0000 -0.8660
vn 0.0006 0.8274 -0.5617
vn 0.5001 -0.0001 -0.8660
vn 0.5004 -0.0005 -0.8658
vn -0.4999 0.0002 -0.8661
vn -0.0001 -0.0000 -1.0000
vn 0.6513 -0.0000 -0.7588
vn 0.2354 0.8221 -0.5183
vn 0.2060 0.8269 -0.5233
vn -0.2979 0.8384 -0.4565
vn 0.2922 0.8116 -0.5058
vn 0.0757 0.5203 -0.8506
vn 0.1023 0.8496 -0.5175
vn -0.6551 -0.7384 0.1599
vn 0.3297 0.8226 -0.4634
vn 0.7514 0.2781 -0.5984
vn -0.5858 -0.1894 0.7880
vn -0.7732 -0.2500 -0.5828
vn 0.0126 -0.9840 0.1779
vn 0.0034 -0.5496 0.8354
vn -0.0036 -0.5123 0.8588
vn -0.3083 0.8217 -0.4794
vn -0.2498 -0.8514 -0.4612
vn 0.8677 -0.4958 0.0347
vn 0.5024 -0.8644 0.0195
vn 0.5014 -0.8652 -0.0000
vn 0.8680 -0.4965 -0.0000
vn 0.5024 -0.8644 -0.0195
vn 0.8677 -0.4959 -0.0347
vn 0.8679 -0.4955 -0.0348
vn 0.9732 0.1810 0.1415
vn -0.0996 0.5005 0.8600
vn -0.5292 0.4294 0.7318
vn -0.5013 0.2267 0.8351
vn -0.0956 0.2596 0.9610
vn -0.5140 -0.2235 0.8282
vn -0.0903 -0.1703 0.9812
vn -0.1271 0.0911 0.9877
vn -0.0373 0.2608 0.9647
vn -0.0394 0.5008 0.8647
vn -0.0996 0.5004 0.8600
vn -0.0956 0.2597 0.9609
vn 0.0097 -0.9999 -0.0094
vn 0.0009 -0.9861 -0.1664
vn -0.0445 -0.9945 0.0947
vn -0.0328 -0.2538 -0.9667
vn -0.0343 0.2574 -0.9657
vn -0.0345 -0.2584 -0.9654
vn -0.0385 -0.4946 -0.8683
vn -0.0338 -0.4951 -0.8682
vn -0.5027 -0.2210 0.8357
vn -0.8010 -0.1411 0.5818
vn -0.8006 -0.2763 0.5317
vn -0.5424 0.2109 -0.8133
vn -0.8752 0.1178 -0.4692
vn -0.9979 0.0378 -0.0524
vn -0.5457 -0.2121 -0.8107
vn -0.8755 -0.1172 -0.4688
vn -0.9988 0.0382 -0.0312
vn -0.9205 -0.3908 0.0001
vn -0.9239 0.3826 -0.0000
vn 0.8466 -0.4682 -0.2532
vn 0.5332 -0.8311 -0.1577
vn 0.4653 -0.7642 -0.4466
vn 0.7473 -0.4192 -0.5156
vn 0.4022 -0.6988 -0.5915
vn 0.5323 -0.4215 -0.7342
vn 0.8640 -0.4878 -0.1250
vn 0.5114 -0.8563 -0.0726
vn 0.5204 -0.8467 -0.1107
vn 0.8576 -0.4798 -0.1853
vn 0.5056 -0.8617 -0.0425
vn 0.8669 -0.4928 -0.0747
vn 0.9961 -0.0000 -0.0881
vn 0.8476 0.4689 0.2483
vn 0.5335 0.8316 0.1542
vn 0.4687 0.7698 0.4333
vn 0.7533 0.4211 0.5052
vn 0.4078 0.7084 0.5761
vn 0.5452 0.4261 0.7219
vn 0.5452 0.4260 0.7220
vn 0.6242 -0.0000 0.7813
vn 0.8174 -0.0000 0.5761
vn 0.7533 0.4211 0.5053
vn 0.9574 -0.0000 0.2886
vn 0.8481 0.4679 0.2485
vn 0.8640 0.4878 0.1251
vn 0.5114 0.8563 0.0726
vn 0.5202 0.8469 0.1102
vn 0.8577 0.4801 0.1842
vn 0.9765 -0.0000 0.2156
vn 0.9891 -0.0000 0.1470
vn 0.8644 0.4870 0.1252
vn 0.8677 0.4958 0.0347
vn 0.5024 0.8644 0.0195
vn 0.5056 0.8617 0.0425
vn 0.8669 0.4928 0.0747
vn 0.9961 -0.0000 0.0881
vn 0.8669 0.4928 0.0748
vn 0.9992 -0.0000 0.0410
vn 0.8680 0.4953 0.0348
vn -0.3572 -0.9169 -0.1779
vn -0.0828 -0.9784 -0.1894
vn -0.0414 -0.9807 -0.1913
vn -0.0438 -0.9944 -0.0961
vn 0.0354 -0.9935 0.1079
vn 0.0319 -0.9735 0.2265
vn -0.0057 -0.9787 0.2051
vn 0.0290 0.9897 0.1400
vn -0.3762 0.9101 0.1739
vn -0.0819 0.9790 0.1866
vn -0.0393 0.9813 0.1883
vn -0.0413 0.9946 0.0948
vn -0.0408 0.9945 -0.0960
vn 0.0352 0.9930 -0.1126
vn 0.0314 0.9715 -0.2351
vn -0.0051 0.9770 -0.2131
vn -0.4680 -0.8780 0.1001
vn -0.3645 -0.9149 0.1735
vn -0.7421 -0.6605 0.1138
vn -0.7302 -0.6825 0.0320
vn -1.0000 0.0001 -0.0000
vn -0.4834 -0.8692 -0.1043
vn -1.0000 -0.0001 -0.0000
vn -0.9957 0.0821 -0.0425
vn -0.7620 0.6469 -0.0295
vn -0.4911 0.8650 -0.1030
vn -0.9967 0.0758 -0.0302
vn -0.0049 -0.4685 0.8834
vn -0.0000 -0.4680 0.8837
vn 0.0407 -0.1665 0.9852
vn -0.0035 0.4542 -0.8909
vn -0.0000 0.4535 -0.8912
vn 0.0555 0.1657 -0.9846
vn 0.0391 -0.1611 -0.9862
vn -0.0034 -0.2337 -0.9723
vn -0.0054 -0.9770 -0.2129
vn 0.0385 -0.9716 -0.2335
vn 0.0382 -0.9925 -0.1162
vn -0.0224 -0.9945 0.1022
vn -0.0225 -0.9791 0.2021
vn -0.0394 -0.9797 0.1965
vn -0.0400 -0.9943 0.0988
vn -0.0450 -0.9802 0.1930
vn -0.0447 -0.9945 0.0951
vn -0.0053 0.9787 0.2052
vn 0.0385 0.9736 0.2250
vn 0.0365 0.9931 0.1117
vn -0.0201 0.9942 -0.1058
vn -0.0201 0.9777 -0.2092
vn -0.0353 0.9788 -0.2019
vn -0.0365 0.9942 -0.1015
vn -0.0402 0.9795 -0.1974
vn -0.0407 0.9944 -0.0973
vn -0.0056 -0.9946 0.1033
vn -0.0056 -0.9942 -0.1073
vn 0.0731 -0.9972 0.0144
vn 0.0795 -0.9930 0.0875
vn 0.0877 -0.9610 0.2622
vn 0.0339 -0.9994 0.0026
vn 0.0655 -0.9978 0.0069
vn 0.0672 -0.9977 0.0095
vn 0.0648 -0.9979 0.0014
vn 0.0656 -0.9978 0.0044
vn -0.0052 0.9942 -0.1074
vn -0.0052 0.9946 0.1033
vn 0.0730 0.9972 -0.0146
vn 0.0795 0.9928 -0.0892
vn 0.0875 0.9583 -0.2721
vn 0.0339 0.9994 -0.0026
vn 0.0655 0.9978 -0.0069
vn 0.0672 0.9977 -0.0096
vn 0.0648 0.9979 -0.0015
vn 0.0656 0.9978 -0.0043
vn 0.0645 -0.4956 0.8662
vn 0.1222 -0.5182 0.8465
vn 0.1256 -0.1790 0.9758
vn 0.0606 -0.2522 0.9658
vn 0.1255 -0.1789 0.9758
vn 0.0586 0.0647 0.9962
vn -0.0052 0.4684 0.8835
vn -0.0205 0.4739 0.8803
vn -0.0193 0.2445 0.9695
vn -0.0048 0.2414 0.9704
vn -0.0049 -0.2413 0.9704
vn 0.0438 0.1881 0.9812
vn 0.0339 -0.9994 -0.0029
vn 0.0644 -0.9979 -0.0013
vn 0.0636 -0.9980 -0.0001
vn 0.0626 0.4808 -0.8746
vn 0.1187 0.5034 -0.8559
vn 0.1209 0.1722 -0.9776
vn 0.0585 0.2443 -0.9679
vn 0.1209 0.1721 -0.9776
vn 0.1164 -0.0000 -0.9932
vn -0.0045 -0.4541 -0.8909
vn -0.0172 -0.4609 -0.8873
vn -0.0154 -0.2379 -0.9712
vn -0.0148 0.2359 -0.9717
vn -0.0036 0.2334 -0.9724
vn 0.0339 0.9994 0.0030
vn 0.0644 0.9979 0.0014
vn 0.0636 0.9980 0.0001
vn -0.0204 0.9946 0.1022
vn 0.0875 -0.9583 -0.2721
vn 0.0795 -0.9928 -0.0892
vn 0.0730 -0.9972 -0.0146
vn -0.0215 -0.9941 -0.1059
vn -0.0218 -0.9776 -0.2091
vn 0.0674 -0.9977 -0.0098
vn 0.0658 -0.9978 -0.0068
vn 0.0655 -0.9978 -0.0044
vn 0.0877 0.9610 0.2621
vn 0.0795 0.9930 0.0875
vn 0.0731 0.9972 0.0144
vn -0.0207 0.9791 0.2022
vn 0.0674 0.9977 0.0098
vn 0.0658 0.9978 0.0068
vn 0.0655 0.9978 0.0042
vn -0.0389 -0.2533 0.9666
vn -0.0431 -0.4909 0.8701
vn -0.0377 -0.4843 0.8741
vn -0.0350 -0.2504 0.9675
vn -0.0214 -0.4739 0.8803
vn -0.0199 -0.2449 0.9693
vn -0.0332 0.2505 0.9676
vn -0.0394 -0.9941 -0.1014
vn -0.0297 0.2481 -0.9683
vn -0.0331 0.4825 -0.8753
vn -0.0289 0.4741 -0.8800
vn -0.0250 0.2432 -0.9697
vn -0.0164 0.4609 -0.8873
vn -0.0291 -0.2526 -0.9671
vn -0.0367 0.9944 0.0988
vn -0.0437 -0.9942 -0.0983
vn -0.0437 -0.9793 -0.1974
vn -0.0382 -0.9787 -0.2019
vn -0.0409 0.9946 0.0959
vn -0.0415 0.9803 0.1930
vn -0.0364 0.9798 0.1965
vn -0.0426 -0.9812 0.1883
vn -0.0815 -0.9791 0.1866
vn -0.3660 -0.9141 0.1745
vn -0.0381 0.9808 -0.1913
vn -0.0830 0.9784 -0.1894
vn -0.0438 0.9987 0.0270
vn -0.3668 0.9132 -0.1773
vn -0.7560 -0.6539 -0.0306
vn -0.9964 -0.0789 -0.0309
vn -0.9954 -0.0857 -0.0436
vn -1.0000 0.0002 -0.0000
vn -0.7650 0.6432 0.0320
vn -0.9960 0.0832 0.0311
vn -0.9955 0.0844 0.0427
vn -0.4835 0.8695 0.1011
vn 0.8680 0.4965 -0.0000
vn 0.8677 0.4959 -0.0347
vn 0.5024 0.8644 -0.0196
vn 0.5014 0.8652 -0.0000
vn -0.5281 -0.4297 0.7324
vn -0.0994 -0.5005 0.8600
vn -0.0994 -0.5004 0.8601
vn -0.0410 -0.5007 0.8646
vn -0.0382 -0.2613 0.9645
vn -0.0955 -0.2592 0.9611
vn -0.0382 -0.2612 0.9645
vn -0.0328 0.4946 -0.8685
vn -0.0369 0.4946 -0.8683
vn -0.0316 0.2587 -0.9654
vn -0.5014 0.2207 0.8366
vn -0.8324 0.1339 0.5378
vn -0.9975 0.0376 0.0594
vn -0.9985 0.0421 0.0362
vn -0.9978 -0.0383 -0.0533
vn -0.9987 -0.0388 -0.0320
vn 0.8090 -0.0000 -0.5878
vn 0.6089 -0.0000 -0.7932
vn 0.5324 0.4214 -0.7342
vn 0.7473 0.4192 -0.5156
vn 0.5323 0.4215 -0.7341
vn 0.4023 0.6988 -0.5915
vn 0.4653 0.7642 -0.4466
vn 0.7472 0.4192 -0.5156
vn 0.5332 0.8311 -0.1577
vn 0.8466 0.4682 -0.2533
vn 0.8471 0.4671 -0.2534
vn 0.9557 -0.0000 -0.2944
vn 0.9762 -0.0000 -0.2169
vn 0.8576 0.4799 -0.1852
vn 0.5202 0.8468 -0.1109
vn 0.8576 0.4798 -0.1853
vn 0.5114 0.8563 -0.0726
vn 0.8640 0.4878 -0.1251
vn 0.8644 0.4870 -0.1252
vn 0.9891 -0.0000 -0.1470
vn 0.8669 0.4928 -0.0748
vn 0.5056 0.8617 -0.0425
vn 0.5452 -0.4261 0.7219
vn 0.4078 -0.7084 0.5761
vn 0.4687 -0.7698 0.4333
vn 0.7533 -0.4212 0.5051
vn 0.5335 -0.8316 0.1541
vn 0.8476 -0.4689 0.2483
vn 0.5202 -0.8469 0.1102
vn 0.8577 -0.4801 0.1842
vn 0.5114 -0.8563 0.0726
vn 0.8640 -0.4878 0.1251
vn 0.5056 -0.8617 0.0425
vn 0.8669 -0.4928 0.0748
vn -0.0000 0.4680 0.8837
vn -0.0000 -0.4535 -0.8912
vn 0.1255 0.1790 0.9758
vn 0.1222 0.5182 0.8465
vn 0.0645 0.4956 0.8662
vn 0.0606 0.2522 0.9658
vn 0.1208 -0.1722 -0.9776
vn 0.1187 -0.5034 -0.8559
vn 0.0626 -0.4808 -0.8746
vn 0.0585 -0.2443 -0.9679
vn -0.0362 0.4843 0.8741
vn -0.0414 0.4909 0.8702
vn -0.0391 0.2523 0.9669
vn -0.0291 -0.4643 -0.8852
vn -0.0350 -0.4897 -0.8712
vn -0.9991 -0.0322 0.0280
vn 0.9952 -0.0000 -0.0980
vn 0.9808 -0.0000 -0.1951
vn 0.9569 -0.0000 -0.2903
vn 0.9239 -0.0000 -0.3827
vn 0.8819 -0.0000 -0.4714
vn 0.8315 -0.0000 -0.5556
vn 0.7730 -0.0000 -0.6344
vn 0.7071 -0.0000 -0.7071
vn 0.6344 -0.0000 -0.7730
vn 0.5556 -0.0000 -0.8315
vn 0.4714 -0.0000 -0.8819
vn 0.4837 0.0347 -0.8745
vn 0.3827 -0.0000 -0.9239
vn 0.4584 0.0347 -0.8881
vn 0.2903 -0.0000 -0.9569
vn 0.1951 -0.0000 -0.9808
vn 0.0980 -0.0000 -0.9952
vn -0.0980 -0.0000 -0.9952
vn -0.1951 -0.0000 -0.9808
vn -0.2903 -0.0000 -0.9569
vn -0.3827 -0.0000 -0.9239
vn -0.4714 -0.0000 -0.8819
vn -0.5556 -0.0000 -0.8315
vn -0.6344 -0.0000 -0.7730
vn -0.7071 -0.0000 -0.7071
vn -0.7730 -0.0000 -0.6344
vn -0.8315 -0.0000 -0.5556
vn -0.8819 -0.0000 -0.4714
vn -0.9239 -0.0000 -0.3827
vn -0.9569 -0.0000 -0.2903
vn -0.9808 -0.0000 -0.1951
vn -0.9952 -0.0000 -0.0980
vn -0.9952 -0.0000 0.0980
vn -0.9808 -0.0000 0.1951
vn -0.9569 -0.0000 0.2903
vn -0.9239 -0.0000 0.3827
vn -0.8819 -0.0000 0.4714
vn -0.8315 -0.0000 0.5556
vn -0.7730 -0.0000 0.6344
vn -0.7071 -0.0000 0.7071
vn -0.6344 -0.0000 0.7730
vn -0.5556 -0.0000 0.8315
vn -0.5555 -0.0000 0.8315
vn -0.4714 -0.0000 0.8819
vn -0.3827 -0.0000 0.9239
vn -0.2903 -0.0000 0.9569
vn -0.1951 -0.0000 0.9808
vn -0.0980 -0.0000 0.9952
vn 0.0980 -0.0000 0.9952
vn 0.1951 -0.0000 0.9808
vn 0.2903 -0.0000 0.9569
vn 0.3827 -0.0000 0.9239
vn 0.4714 -0.0000 0.8819
vn 0.5556 -0.0000 0.8315
vn 0.6344 -0.0000 0.7730
vn 0.7071 -0.0000 0.7071
vn 0.7730 -0.0000 0.6344
vn 0.8315 -0.0000 0.5556
vn 0.8819 -0.0000 0.4714
vn 0.9239 -0.0000 0.3827
vn 0.9569 -0.0000 0.2903
vn 0.9808 -0.0000 0.1951
vn 0.9952 -0.0000 0.0980
vn 0.7083 0.7058 0.0126
vn 0.7064 0.7075 0.0205
vn 0.7222 0.6917 -0.0000
vn 0.7263 0.6869 -0.0253
vn -0.7070 -0.7072 0.0115
vn -0.7281 -0.6853 0.0132
vn -0.7209 -0.6930 0.0024
vn -0.7206 -0.6929 -0.0254
vn -0.7200 -0.6936 0.0229
vn -0.7199 -0.6941 -0.0004
vn -0.7283 -0.6852 -0.0087
vn -0.7097 -0.7044 -0.0099
vn 0.7168 0.6966 0.0308
vn 0.7210 0.6930 0.0026
vn 0.7242 0.6894 -0.0154
vn 0.7058 0.7083 -0.0083
vn -0.7265 -0.6871 0.0001
vn 0.7308 0.6825 -0.0020
vn -0.7307 -0.6827 -0.0016
vn -0.7313 -0.6820 -0.0025
vn -0.7307 -0.6827 0.0016
vn -0.7313 -0.6820 0.0018
vn -0.7305 -0.6829 0.0031
vn -0.7304 -0.6830 0.0030
vn 0.7305 0.6829 0.0032
vn 0.7306 0.6829 0.0032
vn 0.7308 0.6825 0.0020
vn -0.7264 -0.6872 0.0005
vn -0.6871 0.7266 -0.0000
vn -0.7272 -0.6864 0.0001
vn 0.7306 0.6828 -0.0011
vn 0.7306 0.6828 -0.0032
vn 0.7306 0.6828 0.0011
vn 0.7087 -0.7055 -0.0000
vn -0.7083 0.7059 -0.0000
vn 0.7303 0.6831 -0.0034
vn -0.7305 -0.6829 -0.0032
vn -0.6821 0.7311 -0.0166
vn -0.6820 0.7306 -0.0331
vn -0.6818 0.7308 -0.0342
vn -0.0013 0.0002 1.0000
vn 0.0017 -0.0004 1.0000
vn -0.0021 0.0012 1.0000
vn 0.0023 -0.0015 1.0000
vn -0.0020 0.0010 -1.0000
vn 0.0017 -0.0004 -1.0000
vn -0.0013 0.0002 -1.0000
vn 0.0019 -0.0011 -1.0000
vn 0.6865 -0.7271 -0.0000
vn -0.6822 0.7311 -0.0000
vn -0.6823 0.7311 -0.0053
vn 0.6829 -0.7303 -0.0177
vn 0.6830 -0.7305 -0.0000
vn 0.6830 -0.7304 -0.0000
vn -0.6818 0.7307 0.0332
vn -0.6821 0.7305 0.0326
vn -0.6821 0.7310 0.0166
vn 0.6830 -0.7304 0.0055
vn 0.6829 -0.7303 0.0176
vn 0.6826 -0.7300 0.0353
vn -0.6871 0.7265 -0.0000
vn -0.6819 0.7307 -0.0331
vn 0.6825 -0.7300 0.0354
vn 0.6825 -0.7300 -0.0353
vn -1.0000 -0.0000 0.0001
vn 0.0005 1.0000 -0.0006
vn 0.0002 -1.0000 -0.0007
vn 0.0003 -1.0000 -0.0008
vn 0.2040 -0.9182 -0.3395
vn -0.7900 -0.1248 0.6003
vn -0.3830 0.8327 0.4000
vn -0.6721 0.6104 0.4191
vn 0.0037 -0.9534 -0.3017
vn 0.0403 -0.4819 -0.8753
vn 0.0027 -0.9755 -0.2201
vn 0.0039 -0.9534 -0.3016
vn 0.0040 -0.4574 -0.8892
vn 0.0033 -0.5326 -0.8463
vn 0.0001 -0.9938 -0.1113
vn -0.0343 0.8948 -0.4452
vn -0.0343 0.8948 0.4452
vn 0.0008 -0.4129 0.9108
vn 0.0017 -0.4718 0.8817
vn 0.0172 -0.3006 0.9536
vn 0.0922 0.1838 0.9786
vn 0.0623 -0.5999 -0.7977
vn -0.2029 0.8996 0.3868
vn -0.0380 0.9022 0.4296
vn 0.0014 -0.9844 0.1759
vn 0.0045 -0.5800 0.8146
vn 0.0023 -0.9353 0.3539
vn 0.0018 -0.9565 0.2917
vn 0.0016 -0.9693 0.2459
vn 0.0020 -0.9565 0.2917
vn -0.0001 0.9960 0.0889
vn -0.5027 0.8480 0.1680
vn -0.2723 0.8166 0.5089
vt 0.909957 0.707515
vt 0.897521 0.708075
vt 0.913327 0.721021
vt 0.805685 0.550942
vt 0.805685 0.570519
vt 0.819191 0.570519
vt 0.819191 0.550942
vt 0.792594 0.661166
vt 0.785840 0.672862
vt 0.787703 0.673367
vt 0.624963 0.600207
vt 0.625247 0.599720
vt 0.618211 0.588511
vt 0.812851 0.649469
vt 0.799345 0.649469
vt 0.799629 0.649956
vt 0.812982 0.649954
vt 0.805817 0.570822
vt 0.819060 0.570819
vt 0.894451 0.734527
vt 0.913327 0.734527
vt 0.819060 0.550642
vt 0.805817 0.550639
vt 0.832696 0.566615
vt 0.832696 0.554311
vt 0.793978 0.662542
vt 0.802597 0.655101
vt 0.628215 0.594575
vt 0.619621 0.587111
vt 0.638469 0.600207
vt 0.638599 0.599722
vt 0.618211 0.588511
vt 0.619717 0.587025
vt 0.613337 0.576304
vt 0.611458 0.576813
vt 0.897654 0.707515
vt 0.832413 0.553932
vt 0.829445 0.549931
vt 0.818746 0.549919
vt 0.806130 0.571541
vt 0.818746 0.571541
vt 0.829445 0.571530
vt 0.832413 0.567529
vt 0.972054 0.582866
vt 0.965582 0.590418
vt 0.978527 0.596977
vt 0.978527 0.590418
vt 0.897587 0.747749
vt 0.903538 0.748032
vt 0.909957 0.748032
vt 0.903538 0.747466
vt 0.779087 0.684557
vt 0.779619 0.684602
vt 0.895985 0.740996
vt 0.785841 0.696256
vt 0.787709 0.695747
vt 0.613306 0.553923
vt 0.605288 0.565110
vt 0.608238 0.565119
vt 0.619599 0.543104
vt 0.618213 0.541728
vt 0.611459 0.553421
vt 0.897587 0.748172
vt 0.903538 0.748312
vt 0.910097 0.748312
vt 0.785843 0.684558
vt 0.611461 0.565118
vt 0.899036 0.531851
vt 0.886599 0.532411
vt 0.882828 0.545357
vt 0.902405 0.545357
vt 0.899177 0.531568
vt 0.886598 0.531568
vt 0.886732 0.531851
vt 0.952076 0.580630
vt 0.952076 0.600207
vt 0.638601 0.530520
vt 0.638469 0.530029
vt 0.624963 0.530029
vt 0.625243 0.530518
vt 0.792593 0.707951
vt 0.799346 0.719647
vt 0.799626 0.719158
vt 0.793961 0.706591
vt 0.902405 0.558863
vt 0.939137 0.583858
vt 0.939137 0.596979
vt 0.902708 0.545489
vt 0.902705 0.558733
vt 0.903428 0.558418
vt 0.903428 0.545802
vt 0.899415 0.532131
vt 0.903416 0.535103
vt 0.885818 0.532131
vt 0.881817 0.535103
vt 0.881805 0.545802
vt 0.882525 0.545489
vt 0.882828 0.558863
vt 0.881805 0.558418
vt 0.812851 0.719647
vt 0.812983 0.719156
vt 0.802597 0.714015
vt 0.628215 0.535661
vt 0.876112 0.537603
vt 0.864078 0.537603
vt 0.861008 0.550548
vt 0.879182 0.550548
vt 0.665480 0.530029
vt 0.665197 0.530516
vt 0.672232 0.541726
vt 0.826357 0.719647
vt 0.839863 0.719647
vt 0.839580 0.719160
vt 0.826227 0.719162
vt 0.861008 0.564054
vt 0.879884 0.564054
vt 0.886197 0.572368
vt 0.899036 0.572368
vt 0.845233 0.706577
vt 0.846615 0.707950
vt 0.851505 0.695749
vt 0.836611 0.714015
vt 0.662229 0.535661
vt 0.670853 0.543097
vt 0.651975 0.530029
vt 0.651845 0.530514
vt 0.886599 0.572648
vt 0.898633 0.572648
vt 0.899415 0.572085
vt 0.903416 0.569117
vt 0.882528 0.558733
vt 0.881817 0.569117
vt 0.885818 0.572085
vt 0.771921 0.554311
vt 0.772201 0.566747
vt 0.778674 0.570519
vt 0.778674 0.550942
vt 0.853368 0.696254
vt 0.860121 0.684558
vt 0.859558 0.684560
vt 0.785426 0.570519
vt 0.785426 0.550942
vt 0.864211 0.577560
vt 0.876514 0.577560
vt 0.851487 0.673372
vt 0.853367 0.672862
vt 0.845247 0.662526
vt 0.853365 0.684558
vt 0.685413 0.565523
vt 0.678987 0.565118
vt 0.677108 0.576304
vt 0.678985 0.576814
vt 0.678983 0.553423
vt 0.685739 0.565118
vt 0.672231 0.588509
vt 0.670834 0.587121
vt 0.771921 0.566615
vt 0.677083 0.553939
vt 0.792179 0.554311
vt 0.792179 0.566615
vt 0.876655 0.597535
vt 0.864076 0.597535
vt 0.864211 0.597818
vt 0.876514 0.597818
vt 0.651843 0.599716
vt 0.651975 0.600207
vt 0.665480 0.600207
vt 0.665200 0.599718
vt 0.846616 0.661165
vt 0.839863 0.649469
vt 0.839583 0.649958
vt 0.791896 0.566749
vt 0.791896 0.554170
vt 0.806130 0.549919
vt 0.792459 0.553932
vt 0.795431 0.549931
vt 0.792459 0.567529
vt 0.795431 0.571530
vt 0.826357 0.649469
vt 0.826225 0.649960
vt 0.836611 0.655101
vt 0.662229 0.594575
vt 0.896979 0.708075
vt 0.893749 0.721021
vt 0.893749 0.734527
vt 0.832696 0.567150
vt 0.832976 0.567289
vt 0.832976 0.566747
vt 0.965582 0.580630
vt 0.978527 0.583859
vt 0.897119 0.748032
vt 0.896986 0.747502
vt 0.896979 0.748312
vt 0.897228 0.748098
vt 0.886197 0.531851
vt 0.886056 0.531568
vt 0.882828 0.579121
vt 0.883529 0.579121
vt 0.901704 0.579121
vt 0.902405 0.579121
vt 0.882828 0.585874
vt 0.883529 0.585874
vt 0.879884 0.550548
vt 0.772201 0.567289
vt 0.860306 0.564054
vt 0.863676 0.577560
vt 0.863536 0.577840
vt 0.864078 0.577840
vt 0.792179 0.567150
vt 0.649902 0.540253
vt 0.651462 0.531975
vt 0.638984 0.531984
vt 0.651468 0.531948
vt 0.662079 0.535921
vt 0.621405 0.573478
vt 0.802747 0.655362
vt 0.800455 0.668112
vt 0.806984 0.662699
vt 0.628365 0.594315
vt 0.632602 0.586977
vt 0.813366 0.651424
vt 0.814936 0.659751
vt 0.638983 0.598257
vt 0.640554 0.589925
vt 0.825843 0.651419
vt 0.824273 0.659751
vt 0.621405 0.556758
vt 0.626073 0.548672
vt 0.795787 0.692918
vt 0.794364 0.684558
vt 0.619982 0.565118
vt 0.795787 0.676198
vt 0.640554 0.540311
vt 0.802747 0.713755
vt 0.813365 0.717697
vt 0.814936 0.709365
vt 0.806984 0.706417
vt 0.628365 0.535921
vt 0.632602 0.543259
vt 0.800455 0.701004
vt 0.664371 0.548672
vt 0.669040 0.556758
vt 0.836461 0.713755
vt 0.838753 0.701004
vt 0.832224 0.706417
vt 0.657842 0.543259
vt 0.825842 0.717692
vt 0.824273 0.709365
vt 0.669040 0.573478
vt 0.664371 0.581564
vt 0.843422 0.676198
vt 0.844845 0.684558
vt 0.670463 0.565118
vt 0.843422 0.692918
vt 0.651460 0.598252
vt 0.649890 0.589925
vt 0.836461 0.655362
vt 0.832224 0.662699
vt 0.662079 0.594315
vt 0.657842 0.586977
vt 0.838753 0.668112
vt 0.813296 0.651125
vt 0.638914 0.598551
vt 0.825912 0.651125
vt 0.651530 0.531685
vt 0.638914 0.531685
vt 0.813296 0.717991
vt 0.825912 0.717991
vt 0.651530 0.598551
vt 0.883341 0.685096
vt 0.862695 0.685096
vt 0.862695 0.693370
vt 0.883341 0.693370
vt 0.883096 0.677287
vt 0.862695 0.677287
vt 0.883096 0.670274
vt 0.862695 0.670274
vt 0.976504 0.551061
vt 0.955858 0.551061
vt 0.955858 0.557431
vt 0.976259 0.557431
vt 0.976259 0.543303
vt 0.955858 0.543303
vt 0.976259 0.534193
vt 0.955858 0.534193
vt 0.976504 0.526435
vt 0.955858 0.526435
vt 0.976504 0.520065
vt 0.956103 0.520065
vt 0.976504 0.515510
vt 0.956103 0.515510
vt 0.838807 0.621217
vt 0.859453 0.621217
vt 0.859208 0.612943
vt 0.838807 0.612943
vt 0.839052 0.629026
vt 0.859453 0.629026
vt 0.839052 0.636039
vt 0.859453 0.636039
vt 0.972299 0.648836
vt 0.972299 0.669482
vt 0.978669 0.669482
vt 0.978669 0.648836
vt 0.964541 0.648836
vt 0.964541 0.669482
vt 0.955431 0.648836
vt 0.955431 0.669482
vt 0.947673 0.648836
vt 0.947673 0.669482
vt 0.941303 0.648836
vt 0.941303 0.669482
vt 0.936748 0.648836
vt 0.936748 0.669482
vt 0.626073 0.581564
vt 0.649890 0.540311
vt 0.883341 0.677287
vt 0.976259 0.561986
vt 0.976504 0.561986
vt 0.976504 0.557431
vt 0.976504 0.543303
vt 0.976504 0.534193
vt 0.955858 0.520065
vt 0.859453 0.612943
vt 0.859453 0.604401
vt 0.859208 0.604401
vt 0.838807 0.629026
vt 0.838807 0.636039
vt 0.626539 0.581165
vt 0.621984 0.573275
vt 0.807291 0.663231
vt 0.800921 0.668512
vt 0.632909 0.586445
vt 0.815049 0.660355
vt 0.640667 0.589322
vt 0.824159 0.660355
vt 0.621984 0.556961
vt 0.626539 0.549072
vt 0.794978 0.684558
vt 0.796366 0.692715
vt 0.619982 0.565118
vt 0.620595 0.565118
vt 0.796366 0.676401
vt 0.640667 0.540915
vt 0.649777 0.540915
vt 0.807291 0.705885
vt 0.815049 0.708761
vt 0.632602 0.543259
vt 0.632909 0.543791
vt 0.800921 0.700604
vt 0.668460 0.556961
vt 0.663905 0.549072
vt 0.831918 0.705885
vt 0.838288 0.700604
vt 0.657535 0.543791
vt 0.824159 0.708761
vt 0.663905 0.581165
vt 0.668460 0.573275
vt 0.844231 0.684558
vt 0.842842 0.676401
vt 0.669849 0.565118
vt 0.842842 0.692715
vt 0.649777 0.589322
vt 0.831917 0.663231
vt 0.657535 0.586445
vt 0.838288 0.668512
vt 0.915388 0.781616
vt 0.918891 0.805415
vt 0.921207 0.804957
vt 0.916542 0.805643
vt 0.914181 0.805641
vt 0.911832 0.805407
vt 0.909517 0.804944
vt 0.907259 0.804256
vt 0.905079 0.803350
vt 0.902999 0.802235
vt 0.901037 0.800922
vt 0.899214 0.799422
vt 0.897547 0.797751
vt 0.896051 0.795925
vt 0.894742 0.793960
vt 0.893631 0.791877
vt 0.892730 0.789695
vt 0.892047 0.787436
vt 0.891589 0.785120
vt 0.891361 0.782770
vt 0.891363 0.780410
vt 0.891597 0.778061
vt 0.892060 0.775746
vt 0.892748 0.773488
vt 0.893654 0.771308
vt 0.894769 0.769227
vt 0.896082 0.767266
vt 0.897582 0.765443
vt 0.899253 0.763775
vt 0.901079 0.762280
vt 0.903044 0.760970
vt 0.905127 0.759860
vt 0.907309 0.758959
vt 0.909568 0.758276
vt 0.911884 0.757818
vt 0.914234 0.757589
vt 0.916594 0.757592
vt 0.918943 0.757826
vt 0.921258 0.758289
vt 0.923516 0.758976
vt 0.925696 0.759882
vt 0.927777 0.760997
vt 0.929738 0.762311
vt 0.931561 0.763811
vt 0.933229 0.765482
vt 0.934724 0.767308
vt 0.936034 0.769272
vt 0.937144 0.771355
vt 0.938045 0.773537
vt 0.938728 0.775797
vt 0.939186 0.778113
vt 0.939415 0.780462
vt 0.939412 0.782823
vt 0.939178 0.785172
vt 0.938715 0.787487
vt 0.938028 0.789745
vt 0.937122 0.791925
vt 0.936007 0.794005
vt 0.934693 0.795967
vt 0.933194 0.797790
vt 0.931522 0.799457
vt 0.929696 0.800953
vt 0.927732 0.802262
vt 0.925649 0.803373
vt 0.923467 0.804274
vt 0.929721 0.557069
vt 0.909253 0.564368
vt 0.912252 0.569996
vt 0.917486 0.574999
vt 0.921217 0.577040
vt 0.925277 0.578316
vt 0.931637 0.578691
vt 0.935818 0.577901
vt 0.939764 0.576311
vt 0.943326 0.573982
vt 0.947649 0.569306
vt 0.949691 0.565574
vt 0.950966 0.561516
vt 0.951425 0.557284
vt 0.951049 0.553042
vt 0.949854 0.548960
vt 0.947887 0.545190
vt 0.945220 0.541874
vt 0.941957 0.539142
vt 0.934163 0.535823
vt 0.929932 0.535365
vt 0.925694 0.535740
vt 0.919676 0.537828
vt 0.916115 0.540157
vt 0.913078 0.543135
vt 0.910680 0.546649
vt 0.908474 0.552627
vt 0.908016 0.556858
vt 0.908391 0.561097
vt 0.906380 0.562889
vt 0.907063 0.565149
vt 0.907964 0.567330
vt 0.910478 0.567113
vt 0.909074 0.569414
vt 0.910384 0.571378
vt 0.911879 0.573204
vt 0.914223 0.572268
vt 0.913547 0.574875
vt 0.915370 0.576375
vt 0.917331 0.577688
vt 0.919412 0.578804
vt 0.921592 0.579709
vt 0.923850 0.580397
vt 0.926165 0.580860
vt 0.928514 0.581094
vt 0.928630 0.578773
vt 0.930875 0.581097
vt 0.933224 0.580868
vt 0.935540 0.580410
vt 0.937800 0.579727
vt 0.939982 0.578826
vt 0.942065 0.577715
vt 0.944029 0.576406
vt 0.945855 0.574910
vt 0.947526 0.573243
vt 0.945807 0.571681
vt 0.949026 0.571420
vt 0.950340 0.569459
vt 0.951455 0.567378
vt 0.952360 0.565198
vt 0.953048 0.562940
vt 0.953511 0.560625
vt 0.953745 0.558276
vt 0.953748 0.555915
vt 0.953519 0.553566
vt 0.953061 0.551250
vt 0.952378 0.548990
vt 0.951477 0.546808
vt 0.950366 0.544725
vt 0.949057 0.542761
vt 0.947562 0.540935
vt 0.945894 0.539264
vt 0.944071 0.537764
vt 0.942110 0.536450
vt 0.940029 0.535335
vt 0.938223 0.537099
vt 0.937849 0.534430
vt 0.935591 0.533742
vt 0.933276 0.533279
vt 0.930927 0.533045
vt 0.928566 0.533042
vt 0.926217 0.533271
vt 0.923901 0.533729
vt 0.921641 0.534412
vt 0.922422 0.536601
vt 0.919460 0.535313
vt 0.917376 0.536423
vt 0.915412 0.537733
vt 0.913586 0.539228
vt 0.911915 0.540896
vt 0.910415 0.542719
vt 0.909101 0.544680
vt 0.907987 0.546761
vt 0.907081 0.548941
vt 0.909268 0.549726
vt 0.906393 0.551199
vt 0.905930 0.553514
vt 0.905696 0.555863
vt 0.905693 0.558223
vt 0.905922 0.560573
vt 0.937031 0.628899
vt 0.937031 0.641202
vt 0.950537 0.644572
vt 0.950537 0.624994
vt 0.839788 0.607373
vt 0.852091 0.607373
vt 0.852225 0.606807
vt 0.855995 0.580362
vt 0.836418 0.580362
vt 0.836418 0.593868
vt 0.855995 0.593868
vt 0.964042 0.624994
vt 0.963912 0.624695
vt 0.950668 0.624691
vt 0.804726 0.642715
vt 0.804858 0.643205
vt 0.818364 0.643205
vt 0.818083 0.642717
vt 0.704207 0.593288
vt 0.710960 0.604985
vt 0.711240 0.604496
vt 0.705576 0.591927
vt 0.964042 0.644572
vt 0.950668 0.644874
vt 0.963912 0.644871
vt 0.697456 0.581592
vt 0.963597 0.623972
vt 0.950981 0.623972
vt 0.937311 0.627985
vt 0.940282 0.623983
vt 0.937311 0.641581
vt 0.940282 0.645583
vt 0.950981 0.645594
vt 0.825114 0.631507
vt 0.963598 0.645594
vt 0.724466 0.604985
vt 0.724597 0.604494
vt 0.714212 0.599353
vt 0.831868 0.619813
vt 0.829992 0.619303
vt 0.823718 0.630120
vt 0.815112 0.637573
vt 0.930048 0.637426
vt 0.910471 0.637427
vt 0.913701 0.650372
vt 0.771094 0.631506
vt 0.777848 0.642719
vt 0.778130 0.642718
vt 0.737972 0.604985
vt 0.751477 0.604985
vt 0.751194 0.604498
vt 0.737841 0.604499
vt 0.970512 0.642957
vt 0.977265 0.641273
vt 0.977548 0.628364
vt 0.763120 0.581087
vt 0.756834 0.591901
vt 0.757866 0.592937
vt 0.748226 0.599353
vt 0.779614 0.640146
vt 0.781098 0.637573
vt 0.772475 0.630136
vt 0.784806 0.642719
vt 0.778271 0.642962
vt 0.784882 0.643205
vt 0.766234 0.619299
vt 0.764344 0.619812
vt 0.777846 0.643205
vt 0.778130 0.643205
vt 0.974296 0.623983
vt 0.977265 0.627985
vt 0.974296 0.645583
vt 0.970588 0.643226
vt 0.939137 0.605498
vt 0.939137 0.618337
vt 0.952642 0.621706
vt 0.952642 0.602129
vt 0.930048 0.623920
vt 0.910471 0.623920
vt 0.764983 0.581592
vt 0.771736 0.569896
vt 0.771173 0.569897
vt 0.966148 0.621706
vt 0.966148 0.602129
vt 0.758230 0.593288
vt 0.926679 0.610415
vt 0.913840 0.610415
vt 0.756861 0.547864
vt 0.763099 0.558711
vt 0.764982 0.558199
vt 0.764979 0.569896
vt 0.757588 0.608116
vt 0.764340 0.608116
vt 0.766218 0.596930
vt 0.764342 0.596420
vt 0.771096 0.584726
vt 0.772492 0.586113
vt 0.925312 0.652853
vt 0.912474 0.652853
vt 0.909105 0.666359
vt 0.928682 0.666359
vt 0.791484 0.573518
vt 0.791352 0.573028
vt 0.777846 0.573028
vt 0.778126 0.573516
vt 0.758230 0.546503
vt 0.751477 0.534807
vt 0.751197 0.535296
vt 0.909105 0.679864
vt 0.928682 0.679864
vt 0.979654 0.618337
vt 0.979654 0.605498
vt 0.928981 0.679734
vt 0.929704 0.679420
vt 0.929704 0.666803
vt 0.928985 0.666490
vt 0.925692 0.653133
vt 0.929693 0.656104
vt 0.912095 0.653133
vt 0.908094 0.656104
vt 0.908082 0.666803
vt 0.908802 0.666490
vt 0.737972 0.534807
vt 0.737840 0.535297
vt 0.748226 0.540439
vt 0.781098 0.578660
vt 0.852626 0.546598
vt 0.839788 0.546598
vt 0.836418 0.553351
vt 0.855995 0.553351
vt 0.818364 0.573028
vt 0.818080 0.573514
vt 0.825115 0.584725
vt 0.724466 0.534807
vt 0.710960 0.534807
vt 0.711243 0.535294
vt 0.724596 0.535292
vt 0.908805 0.679734
vt 0.836418 0.560103
vt 0.855995 0.560103
vt 0.912474 0.693370
vt 0.925312 0.693370
vt 0.705589 0.547876
vt 0.704208 0.546504
vt 0.699317 0.558705
vt 0.714212 0.540439
vt 0.815112 0.578660
vt 0.823736 0.586095
vt 0.804858 0.573028
vt 0.804728 0.573513
vt 0.831866 0.596421
vt 0.829967 0.596937
vt 0.925692 0.693087
vt 0.929693 0.690118
vt 0.908082 0.679420
vt 0.908094 0.690118
vt 0.912095 0.693087
vt 0.852626 0.566856
vt 0.840323 0.566856
vt 0.840188 0.566573
vt 0.697455 0.558199
vt 0.690702 0.569896
vt 0.691265 0.569894
vt 0.699338 0.581081
vt 0.697458 0.569896
vt 0.838622 0.608116
vt 0.831870 0.608116
vt 0.937031 0.628364
vt 0.936748 0.628222
vt 0.936748 0.628764
vt 0.852767 0.606807
vt 0.839788 0.566856
vt 0.951081 0.958526
vt 0.951647 0.958392
vt 0.951647 0.957850
vt 0.951081 0.957991
vt 0.839646 0.566573
vt 0.791866 0.641254
vt 0.804343 0.641251
vt 0.802774 0.632923
vt 0.793437 0.632923
vt 0.714362 0.599093
vt 0.724980 0.603035
vt 0.726550 0.594702
vt 0.718598 0.591755
vt 0.814962 0.637313
vt 0.810725 0.629975
vt 0.712070 0.586342
vt 0.817254 0.624563
vt 0.707401 0.578256
vt 0.774287 0.616477
vt 0.778956 0.624563
vt 0.750368 0.586342
vt 0.743839 0.591755
vt 0.748065 0.599082
vt 0.785485 0.629975
vt 0.781248 0.637313
vt 0.737463 0.603036
vt 0.735887 0.594702
vt 0.774287 0.599756
vt 0.778956 0.591670
vt 0.755036 0.561535
vt 0.756459 0.569896
vt 0.772865 0.608116
vt 0.755036 0.578256
vt 0.804344 0.574977
vt 0.791867 0.574982
vt 0.793437 0.583310
vt 0.802774 0.583310
vt 0.748076 0.540699
vt 0.737458 0.536756
vt 0.735887 0.545089
vt 0.743839 0.548037
vt 0.781248 0.578920
vt 0.785485 0.586257
vt 0.750368 0.553449
vt 0.817254 0.591670
vt 0.821923 0.599756
vt 0.714362 0.540699
vt 0.712070 0.553449
vt 0.718598 0.548037
vt 0.814962 0.578920
vt 0.810725 0.586257
vt 0.724981 0.536761
vt 0.726550 0.545089
vt 0.821923 0.616477
vt 0.705978 0.569896
vt 0.823346 0.608116
vt 0.707401 0.561535
vt 0.791797 0.641549
vt 0.804413 0.641549
vt 0.724911 0.603329
vt 0.737527 0.603329
vt 0.804413 0.574684
vt 0.791797 0.574684
vt 0.737527 0.536463
vt 0.724911 0.536463
vt 0.941286 0.731921
vt 0.920640 0.731921
vt 0.920640 0.738291
vt 0.941286 0.738291
vt 0.941286 0.724163
vt 0.920640 0.724163
vt 0.941286 0.715053
vt 0.920640 0.715053
vt 0.941286 0.707295
vt 0.920640 0.707295
vt 0.941286 0.700925
vt 0.920640 0.700925
vt 0.941286 0.696370
vt 0.920640 0.696370
vt 0.863686 0.719647
vt 0.863686 0.699001
vt 0.855529 0.699001
vt 0.855529 0.719647
vt 0.871843 0.719647
vt 0.871843 0.699001
vt 0.879732 0.699001
vt 0.978669 0.692756
vt 0.978669 0.672110
vt 0.972299 0.692756
vt 0.972299 0.672110
vt 0.964541 0.672110
vt 0.964541 0.692756
vt 0.955431 0.672110
vt 0.955431 0.692756
vt 0.947673 0.672110
vt 0.947673 0.692756
vt 0.941303 0.672355
vt 0.941303 0.692756
vt 0.936748 0.672355
vt 0.936748 0.692756
vt 0.933506 0.600882
vt 0.912860 0.600882
vt 0.912860 0.609039
vt 0.933261 0.609039
vt 0.933506 0.592725
vt 0.912860 0.592725
vt 0.933506 0.584836
vt 0.912860 0.584836
vt 0.941303 0.672110
vt 0.933261 0.616928
vt 0.933506 0.616928
vt 0.933506 0.609039
vt 0.964654 0.671496
vt 0.955317 0.671496
vt 0.947366 0.693370
vt 0.955317 0.693370
vt 0.947366 0.671496
vt 0.940837 0.693370
vt 0.940837 0.671496
vt 0.707980 0.578053
vt 0.712535 0.585942
vt 0.779422 0.624163
vt 0.774867 0.616273
vt 0.972606 0.693370
vt 0.979135 0.693370
vt 0.979135 0.671496
vt 0.964654 0.693370
vt 0.779422 0.592070
vt 0.774867 0.599959
vt 0.755845 0.569896
vt 0.754457 0.561739
vt 0.773478 0.608116
vt 0.754457 0.578053
vt 0.749902 0.585942
vt 0.941900 0.724277
vt 0.941900 0.714940
vt 0.920026 0.706988
vt 0.920026 0.714940
vt 0.941900 0.706988
vt 0.920026 0.700459
vt 0.941900 0.700459
vt 0.749902 0.553849
vt 0.821343 0.599959
vt 0.816788 0.592070
vt 0.920026 0.732228
vt 0.920026 0.738757
vt 0.941900 0.738757
vt 0.941900 0.732228
vt 0.920026 0.724277
vt 0.816788 0.624163
vt 0.821343 0.616273
vt 0.706592 0.569896
vt 0.822732 0.608116
vt 0.707980 0.561739
vt 0.712535 0.553849
vt 0.616199 0.517666
vt 0.621594 0.520689
vt 0.626696 0.515555
vt 0.511542 0.599542
vt 0.511542 0.600655
vt 0.533413 0.600568
vt 0.533077 0.599304
vt 0.924804 0.827480
vt 0.935964 0.835433
vt 0.935714 0.832029
vt 0.978217 0.723134
vt 0.971193 0.702364
vt 0.969826 0.702808
vt 0.976491 0.723226
vt 0.592761 0.864525
vt 0.615378 0.864525
vt 0.615378 0.813638
vt 0.592761 0.813638
vt 0.920465 0.525340
vt 0.945446 0.525340
vt 0.945446 0.515073
vt 0.920465 0.515073
vt 0.616534 0.734975
vt 0.634597 0.747762
vt 0.682448 0.747762
vt 0.697559 0.736115
vt 0.697418 0.798477
vt 0.682448 0.772326
vt 0.634597 0.772326
vt 0.616534 0.798477
vt 0.701988 0.864525
vt 0.686848 0.851156
vt 0.638444 0.851156
vt 0.623304 0.864525
vt 0.701988 0.813638
vt 0.623304 0.813638
vt 0.638444 0.826593
vt 0.686848 0.826593
vt 0.705116 0.800441
vt 0.619562 0.800441
vt 0.619937 0.801761
vt 0.592761 0.785426
vt 0.592761 0.797268
vt 0.616839 0.721611
vt 0.697418 0.721611
vt 0.619941 0.876563
vt 0.619562 0.877307
vt 0.705116 0.877307
vt 0.592761 0.876098
vt 0.623897 0.526636
vt 0.627212 0.525822
vt 0.535315 0.594159
vt 0.538343 0.604872
vt 0.511542 0.604985
vt 0.700503 0.725979
vt 0.707776 0.721611
vt 0.983683 0.726486
vt 0.972653 0.727207
vt 0.966324 0.704267
vt 0.894843 0.525340
vt 0.894843 0.526154
vt 0.869861 0.525340
vt 0.869861 0.526154
vt 0.869861 0.514259
vt 0.869861 0.515073
vt 0.894843 0.515073
vt 0.894843 0.514259
vt 0.920465 0.526154
vt 0.945446 0.526154
vt 0.785957 0.515555
vt 0.785144 0.514741
vt 0.784715 0.515555
vt 0.796951 0.721611
vt 0.768764 0.721611
vt 0.788263 0.724125
vt 0.874508 0.604309
vt 0.863563 0.604309
vt 0.863563 0.616591
vt 0.924128 0.815890
vt 0.914607 0.810809
vt 0.911253 0.876963
vt 0.921116 0.881709
vt 0.962729 0.967406
vt 0.951936 0.967406
vt 0.951936 0.979688
vt 0.962729 0.979688
vt 0.895231 0.876959
vt 0.905254 0.872560
vt 0.904211 0.806330
vt 0.894518 0.811075
vt 0.862695 0.604309
vt 0.862695 0.628872
vt 0.874508 0.628872
vt 0.875376 0.628872
vt 0.875376 0.604309
vt 0.913852 0.810407
vt 0.910471 0.876587
vt 0.921898 0.882085
vt 0.924883 0.816293
vt 0.951081 0.967406
vt 0.951081 0.991970
vt 0.962729 0.991970
vt 0.963584 0.991970
vt 0.963584 0.967406
vt 0.906049 0.872211
vt 0.904980 0.805954
vt 0.893749 0.811451
vt 0.894437 0.877307
vt 0.707915 0.798265
vt 0.700583 0.793897
vt 0.612374 0.734973
vt 0.593066 0.722820
vt 0.592761 0.734973
vt 0.708234 0.795812
vt 0.849923 0.540487
vt 0.861910 0.539417
vt 0.863119 0.535088
vt 0.863119 0.533975
vt 0.861910 0.529662
vt 0.850068 0.528592
vt 0.799615 0.528592
vt 0.787463 0.529662
vt 0.786254 0.533444
vt 0.975508 0.700962
vt 0.511542 0.595229
vt 0.708571 0.876667
vt 0.785957 0.525822
vt 0.784734 0.525823
vt 0.785146 0.526636
vt 0.975255 0.989581
vt 0.984641 0.985246
vt 0.974871 0.988400
vt 0.985019 0.986408
vt 0.965582 0.600207
vt 0.604705 0.565118
vt 0.903538 0.748032
vt 0.926818 0.650372
vt 0.977548 0.641202
vt 0.977123 0.641462
vt 0.977265 0.641581
vt 0.791352 0.643205
vt 0.791482 0.642720
vt 0.977828 0.641342
vt 0.977828 0.628224
vt 0.754533 0.598713
vt 0.977546 0.641462
vt 0.863563 0.628872
vt 0.951936 0.991970
vt 0.796892 0.796969
vt 0.768254 0.798477
vt 0.796951 0.798477
vt 0.985543 0.985386
vt 0.974229 0.989060
vt 0.786254 0.534880
vt 0.555518 0.989463
vt 0.555518 0.984402
vt 0.549784 0.984505
vt 0.549784 0.989581
vt 0.544049 0.984402
vt 0.544049 0.989463
vt 0.833939 0.523765
vt 0.833939 0.515933
vt 0.828205 0.523765
vt 0.602559 0.881445
vt 0.602316 0.881468
vt 0.602316 0.883890
vt 0.602559 0.883876
vt 0.602316 0.890349
vt 0.602559 0.890361
vt 0.606774 0.883799
vt 0.920645 0.911183
vt 0.920645 0.912619
vt 0.924860 0.912739
vt 0.924860 0.911321
vt 0.584091 0.657239
vt 0.515564 0.657239
vt 0.584198 0.661697
vt 0.930185 0.907070
vt 0.925727 0.900521
vt 0.925727 0.907174
vt 0.925727 0.909669
vt 0.930185 0.909492
vt 0.939269 0.912177
vt 0.939231 0.912280
vt 0.941691 0.913597
vt 0.932810 0.991970
vt 0.932852 0.991845
vt 0.930389 0.990572
vt 0.939269 0.991970
vt 0.939231 0.991844
vt 0.930972 0.989543
vt 0.942420 0.950736
vt 0.941485 0.947314
vt 0.941248 0.952137
vt 0.941485 0.956987
vt 0.929662 0.953586
vt 0.930630 0.956987
vt 0.930871 0.952137
vt 0.930630 0.947314
vt 0.521049 0.985880
vt 0.521049 0.981267
vt 0.515131 0.979432
vt 0.515131 0.983783
vt 0.511810 0.975120
vt 0.510648 0.977942
vt 0.532579 0.988448
vt 0.532579 0.983514
vt 0.526845 0.982600
vt 0.526845 0.987403
vt 0.538314 0.984093
vt 0.538314 0.989110
vt 0.839674 0.523765
vt 0.596462 0.922544
vt 0.601075 0.922544
vt 0.602910 0.916443
vt 0.598559 0.916443
vt 0.607221 0.912987
vt 0.604400 0.911777
vt 0.788642 0.515933
vt 0.788642 0.523765
vt 0.793309 0.523765
vt 0.793309 0.515933
vt 0.799409 0.523765
vt 0.799409 0.515933
vt 0.593894 0.934135
vt 0.598828 0.934135
vt 0.599742 0.928400
vt 0.594938 0.928400
vt 0.805266 0.523765
vt 0.805266 0.515933
vt 0.811000 0.523765
vt 0.811000 0.515933
vt 0.592879 0.945604
vt 0.597940 0.945604
vt 0.598249 0.939870
vt 0.593232 0.939870
vt 0.816735 0.523765
vt 0.816735 0.515933
vt 0.822470 0.523765
vt 0.822470 0.515933
vt 0.511372 0.657239
vt 0.511330 0.657482
vt 0.511245 0.661697
vt 0.515473 0.661697
vt 0.584678 0.966378
vt 0.589346 0.965484
vt 0.589346 0.705793
vt 0.925103 0.917032
vt 0.925103 0.912774
vt 0.920645 0.916924
vt 0.920645 0.985650
vt 0.615963 0.985988
vt 0.616857 0.990475
vt 0.876548 0.990475
vt 0.942498 0.917854
vt 0.941691 0.913596
vt 0.941623 0.913702
vt 0.942420 0.917969
vt 0.941485 0.927831
vt 0.941485 0.937641
vt 0.942498 0.986381
vt 0.941248 0.944013
vt 0.941248 0.976651
vt 0.942420 0.986254
vt 0.941485 0.976395
vt 0.940569 0.984428
vt 0.941132 0.989543
vt 0.941248 0.968384
vt 0.941485 0.966659
vt 0.929662 0.986254
vt 0.929581 0.986381
vt 0.930871 0.960260
vt 0.930871 0.927456
vt 0.929662 0.917969
vt 0.930630 0.927831
vt 0.931545 0.919572
vt 0.930972 0.914467
vt 0.930871 0.935889
vt 0.930630 0.937641
vt 0.650874 0.894029
vt 0.910562 0.894029
vt 0.910264 0.891092
vt 0.881628 0.897044
vt 0.621940 0.897044
vt 0.622238 0.899981
vt 0.622238 0.907813
vt 0.881631 0.907813
vt 0.510648 0.705793
vt 0.510648 0.965484
vt 0.515134 0.966379
vt 0.584611 0.689663
vt 0.589226 0.689663
vt 0.588865 0.673694
vt 0.584404 0.673694
vt 0.588504 0.661697
vt 0.584198 0.661697
vt 0.876548 0.911777
vt 0.616857 0.911777
vt 0.615963 0.916444
vt 0.892679 0.985942
vt 0.892679 0.990390
vt 0.908648 0.990134
vt 0.908648 0.985796
vt 0.920645 0.989878
vt 0.920645 0.985650
vt 0.584679 0.705794
vt 0.515131 0.705794
vt 0.578579 0.981267
vt 0.584679 0.979432
vt 0.588136 0.975120
vt 0.563285 0.968871
vt 0.566988 0.983514
vt 0.572722 0.982600
vt 0.561253 0.984093
vt 0.876548 0.985991
vt 0.876548 0.916443
vt 0.601075 0.980074
vt 0.602910 0.985991
vt 0.607221 0.989313
vt 0.613471 0.964840
vt 0.598828 0.968543
vt 0.599742 0.974278
vt 0.597940 0.957074
vt 0.598249 0.962809
vt 0.589346 0.965484
vt 0.589346 0.977942
vt 0.590901 0.965186
vt 0.923019 0.891092
vt 0.923019 0.883259
vt 0.650874 0.880322
vt 0.634740 0.880462
vt 0.634740 0.883336
vt 0.650871 0.883259
vt 0.650871 0.891092
vt 0.910264 0.883259
vt 0.534783 0.968815
vt 0.604400 0.990475
vt 0.617155 0.991970
vt 0.609483 0.899981
vt 0.609483 0.907813
vt 0.881628 0.910751
vt 0.897761 0.910596
vt 0.897761 0.907722
vt 0.897761 0.900058
vt 0.881630 0.899981
vt 0.613527 0.936339
vt 0.597837 0.951339
vt 0.892679 0.916512
vt 0.515180 0.689663
vt 0.510733 0.689663
vt 0.892679 0.911897
vt 0.606774 0.890453
vt 0.606774 0.892948
vt 0.618771 0.893411
vt 0.618771 0.890727
vt 0.634740 0.893874
vt 0.634740 0.891000
vt 0.618771 0.883568
vt 0.515326 0.673694
vt 0.925727 0.898026
vt 0.913730 0.897605
vt 0.913730 0.900289
vt 0.897761 0.897184
vt 0.925727 0.907174
vt 0.908648 0.916718
vt 0.515473 0.661697
vt 0.510989 0.673694
vt 0.920645 0.916924
vt 0.908648 0.912258
vt 0.588384 0.657482
vt 0.588348 0.657239
vt 0.924860 0.989792
vt 0.925103 0.985559
vt 0.925103 0.989750
vt 0.932852 0.912280
vt 0.930972 0.914467
vt 0.940569 0.919572
vt 0.939187 0.980856
vt 0.941132 0.914467
vt 0.941248 0.927456
vt 0.941248 0.935889
vt 0.941691 0.990572
vt 0.941248 0.960260
vt 0.931545 0.984428
vt 0.930871 0.976651
vt 0.930630 0.976395
vt 0.930871 0.968384
vt 0.930630 0.966659
vt 0.930389 0.913597
vt 0.929581 0.917854
vt 0.930871 0.944013
vt 0.931791 0.952064
vt 0.930871 0.944013
vt 0.932931 0.980856
vt 0.828205 0.515933
vt 0.592879 0.957074
vt 0.592761 0.951339
vt 0.602316 0.892770
vt 0.602559 0.892793
vt 0.589939 0.661697
vt 0.589802 0.657482
vt 0.930185 0.898190
vt 0.930185 0.900612
vt 0.932810 0.912177
vt 0.930389 0.913597
vt 0.941691 0.990572
vt 0.862857 0.523765
vt 0.867340 0.523765
vt 0.867340 0.515933
vt 0.862857 0.515933
vt 0.598559 0.985991
vt 0.596462 0.980074
vt 0.856939 0.515933
vt 0.856939 0.523765
vt 0.851144 0.523765
vt 0.851144 0.515933
vt 0.594938 0.974278
vt 0.593894 0.968543
vt 0.845409 0.515933
vt 0.845409 0.523765
vt 0.839674 0.515933
vt 0.593232 0.962809
vt 0.584679 0.983783
vt 0.578579 0.985880
vt 0.572722 0.987403
vt 0.566988 0.988448
vt 0.561253 0.989110
vt 0.910562 0.880322
vt 0.621940 0.910750
vt 0.616857 0.911777
vt 0.617155 0.910221
vt 0.510648 0.965484
vt 0.509153 0.965186
vt 0.618771 0.880883
vt 0.606774 0.881304
vt 0.913730 0.910133
vt 0.940333 0.952064
vt 0.941248 0.952137
vt 0.941248 0.944013
vt 0.596193 0.631577
vt 0.509153 0.631577
vt 0.509153 0.633935
vt 0.596193 0.633935
vt 0.596193 0.629242
vt 0.509153 0.629242
vt 0.596193 0.626952
vt 0.509153 0.626952
vt 0.596193 0.624729
vt 0.509153 0.624729
vt 0.596193 0.622595
vt 0.509153 0.622595
vt 0.596193 0.620571
vt 0.509153 0.620571
vt 0.596193 0.618675
vt 0.509153 0.618675
vt 0.596193 0.616925
vt 0.509153 0.616925
vt 0.596193 0.615340
vt 0.509153 0.615340
vt 0.596193 0.613934
vt 0.509153 0.613934
vt 0.596193 0.612720
vt 0.509153 0.612720
vt 0.772964 0.695787
vt 0.685924 0.695787
vt 0.685924 0.698148
vt 0.772964 0.698148
vt 0.772964 0.693438
vt 0.685924 0.693438
vt 0.772964 0.691122
vt 0.685924 0.691122
vt 0.772964 0.688863
vt 0.685924 0.688863
vt 0.772964 0.686682
vt 0.685924 0.686682
vt 0.772964 0.684601
vt 0.685924 0.684601
vt 0.772964 0.682638
vt 0.685924 0.682638
vt 0.772964 0.680813
vt 0.685924 0.680813
vt 0.772964 0.679144
vt 0.685924 0.679144
vt 0.772964 0.677646
vt 0.685924 0.677646
vt 0.679801 0.718433
vt 0.592761 0.718433
vt 0.592761 0.719647
vt 0.679801 0.719647
vt 0.679801 0.717027
vt 0.592761 0.717027
vt 0.679801 0.715442
vt 0.592761 0.715442
vt 0.679801 0.713693
vt 0.592761 0.713693
vt 0.679801 0.711796
vt 0.592761 0.711796
vt 0.679801 0.709772
vt 0.592761 0.709772
vt 0.679801 0.707638
vt 0.592761 0.707638
vt 0.679801 0.705415
vt 0.592761 0.705415
vt 0.679801 0.703125
vt 0.592761 0.703125
vt 0.679801 0.700790
vt 0.592761 0.700790
vt 0.679801 0.698432
vt 0.592761 0.698432
vt 0.679801 0.696074
vt 0.592761 0.696074
vt 0.679801 0.693739
vt 0.592761 0.693739
vt 0.679801 0.691449
vt 0.592761 0.691449
vt 0.679801 0.689227
vt 0.592761 0.689227
vt 0.679801 0.687093
vt 0.592761 0.687093
vt 0.679801 0.685068
vt 0.592761 0.685068
vt 0.679801 0.683172
vt 0.592761 0.683172
vt 0.679801 0.681423
vt 0.592761 0.681423
vt 0.679801 0.679838
vt 0.592761 0.679838
vt 0.679801 0.678431
vt 0.592761 0.678431
vt 0.679801 0.677218
vt 0.592761 0.677218
vt 0.685924 0.701506
vt 0.772964 0.701506
vt 0.772964 0.699145
vt 0.685924 0.699145
vt 0.685924 0.703855
vt 0.772964 0.703855
vt 0.685924 0.706171
vt 0.772964 0.706171
vt 0.685924 0.708430
vt 0.772964 0.708430
vt 0.685924 0.710611
vt 0.772964 0.710611
vt 0.685924 0.712692
vt 0.772964 0.712692
vt 0.685924 0.714655
vt 0.772964 0.714655
vt 0.685924 0.716480
vt 0.772964 0.716480
vt 0.685924 0.718149
vt 0.772964 0.718149
vt 0.685924 0.719647
vt 0.772964 0.719647
vt 0.596193 0.653936
vt 0.509153 0.653936
vt 0.509153 0.655149
vt 0.596193 0.655149
vt 0.596193 0.652529
vt 0.509153 0.652529
vt 0.596193 0.650944
vt 0.509153 0.650944
vt 0.596193 0.649195
vt 0.509153 0.649195
vt 0.596193 0.647299
vt 0.509153 0.647299
vt 0.596193 0.645274
vt 0.509153 0.645274
vt 0.596193 0.643140
vt 0.509153 0.643140
vt 0.596193 0.640918
vt 0.509153 0.640918
vt 0.596193 0.638628
vt 0.509153 0.638628
vt 0.596193 0.636293
vt 0.509153 0.636293
vt 0.679882 0.660573
vt 0.678261 0.661779
vt 0.678261 0.670688
vt 0.679924 0.671871
vt 0.685967 0.647395
vt 0.687587 0.646181
vt 0.687587 0.637064
vt 0.685929 0.635884
vt 0.768305 0.635884
vt 0.766646 0.637064
vt 0.766646 0.646181
vt 0.768267 0.647395
vt 0.597539 0.671871
vt 0.599202 0.670688
vt 0.599202 0.661779
vt 0.597580 0.660573
vt 0.755054 0.635884
vt 0.612004 0.670688
vt 0.699579 0.647395
vt 0.700389 0.646181
vt 0.754654 0.647395
vt 0.753844 0.646181
vt 0.741042 0.645879
vt 0.741112 0.647008
vt 0.652656 0.670386
vt 0.652656 0.671568
vt 0.665459 0.670688
vt 0.699005 0.637064
vt 0.699005 0.635884
vt 0.687587 0.666557
vt 0.766646 0.666557
vt 0.766646 0.637064
vt 0.943914 0.923976
vt 0.944023 0.979949
vt 0.945625 0.980026
vt 0.755054 0.637064
vt 0.611172 0.671871
vt 0.945515 0.924053
vt 0.947920 0.987192
vt 0.950150 0.944371
vt 0.948491 0.944286
vt 0.624806 0.671568
vt 0.666290 0.671871
vt 0.666843 0.626856
vt 0.610794 0.626856
vt 0.610794 0.631107
vt 0.666843 0.631107
vt 0.755054 0.632221
vt 0.699005 0.632221
vt 0.755054 0.637064
vt 0.624806 0.670386
vt 0.713192 0.647092
vt 0.713192 0.645879
vt 0.699579 0.647395
vt 0.712918 0.647176
vt 0.713110 0.647179
vt 0.912860 0.755885
vt 0.955997 0.741873
vt 0.913176 0.739643
vt 0.955737 0.757868
vt 0.554540 0.609000
vt 0.597413 0.609762
vt 0.555358 0.592775
vt 0.598269 0.593788
vt 0.679882 0.660573
vt 0.679919 0.631107
vt 0.685924 0.676648
vt 0.699518 0.676649
vt 0.992441 0.559597
vt 0.993491 0.516687
vt 0.980551 0.515941
vt 0.979746 0.558813
vt 0.950879 0.695776
vt 0.961653 0.738757
vt 0.963598 0.695878
vt 0.948692 0.738599
vt 0.612004 0.670688
vt 0.612004 0.641403
vt 0.599202 0.670688
vt 0.599202 0.641403
vt 0.741042 0.647092
vt 0.741124 0.676262
vt 0.754676 0.676648
vt 0.754654 0.647395
vt 0.665431 0.670687
vt 0.665459 0.641403
vt 0.652656 0.641101
vt 0.687587 0.637064
vt 0.597543 0.631107
vt 0.946398 0.987042
vt 0.713111 0.676262
vt 0.768309 0.676648
vt 0.678261 0.670688
vt 0.678261 0.641403
vt 0.707449 0.533321
vt 0.750243 0.532542
vt 0.750296 0.530968
vt 0.707501 0.531789
vt 0.652739 0.670306
vt 0.624806 0.641101
vt 0.666843 0.602535
vt 0.610794 0.602535
vt 0.755054 0.607313
vt 0.699238 0.607547
vt 0.693687 0.556519
vt 0.690122 0.531944
vt 0.688526 0.532091
vt 0.691911 0.556175
vt 0.589694 0.585221
vt 0.589586 0.560978
vt 0.587983 0.560901
vt 0.688447 0.560997
vt 0.689582 0.561986
vt 0.587983 0.585809
vt 0.592809 0.590652
vt 0.593925 0.589472
vt 0.699122 0.607429
vt 0.879732 0.719647
vt 0.972606 0.671496
vt 0.967121 0.967184
vt 0.967901 0.966950
vt 0.821766 0.723349
vt 0.843362 0.722800
vt 0.843380 0.721611
vt 0.821781 0.721611
vt 0.741990 0.725244
vt 0.843362 0.797546
vt 0.883165 0.772855
vt 0.883165 0.747233
vt 0.866363 0.722252
vt 0.936782 0.835315
vt 0.627352 0.526636
vt 0.762161 0.515555
vt 0.740562 0.515555
vt 0.715732 0.515555
vt 0.646749 0.515555
vt 0.926018 0.838046
vt 0.866365 0.801082
vt 0.866365 0.876667
vt 0.883624 0.826063
vt 0.708571 0.801082
vt 0.741719 0.796257
vt 0.727968 0.798477
vt 0.762143 0.514741
vt 0.740547 0.514741
vt 0.715673 0.514741
vt 0.866363 0.797836
vt 0.821766 0.797258
vt 0.883624 0.851685
vt 0.787463 0.539417
vt 0.799036 0.540487
vt 0.592761 0.801650
vt 0.920465 0.514259
vt 0.945446 0.514259
s 0
usemtl m0
f 1/1/1 2/2/1 3/3/1
f 6/4/2 7/5/2 8/6/2
f 8/6/2 9/7/2 6/4/2
s 1
f 10/8/3 11/9/4 12/10/5
f 14/11/6 15/12/7 13/13/8
f 16/14/9 17/15/10 18/16/11
f 18/16/11 19/17/12 16/14/9
f 8/6/13 7/5/14 20/18/15
f 20/18/15 21/19/16 8/6/13
s 0
f 22/20/1 23/21/1 3/3/1
s 1
f 9/7/17 26/22/12 27/23/18
f 27/23/18 6/4/19 9/7/17
s 0
f 9/7/2 8/6/2 5/24/2
f 5/24/2 4/25/2 9/7/2
s 1
f 12/10/5 212/26/20 10/8/3
f 18/16/11 10/8/3 212/26/20
f 212/26/20 28/27/21 18/16/11
f 15/12/7 29/28/22 30/29/23
f 30/29/23 13/13/8 15/12/7
f 14/11/6 31/30/24 32/31/25
f 32/31/25 15/12/7 14/11/6
f 24/32/26 30/33/27 33/34/28
f 33/34/28 25/35/29 24/32/26
f 1/1/30 34/36/31 2/2/32
f 10/8/3 18/16/11 17/15/10
f 35/37/33 36/38/34 37/39/35
f 37/39/35 26/22/12 35/37/33
f 21/19/16 20/18/15 38/40/36
f 38/40/36 39/41/37 21/19/16
f 21/19/16 39/41/37 40/42/38
f 40/42/38 41/43/39 21/19/16
s 0
f 42/44/40 43/45/40 44/46/40
f 44/46/41 45/47/41 42/44/41
s 1
f 46/48/1 47/49/42 48/50/43
f 48/50/43 49/51/44 46/48/1
f 11/9/4 51/52/45 52/53/46
f 52/53/46 12/10/5 11/9/4
s 0
f 23/21/1 22/20/1 53/54/1
f 23/21/1 53/54/1 49/51/1
f 49/51/1 48/50/1 23/21/1
s 1
f 56/55/47 55/56/48 52/53/46
f 57/57/49 59/58/50 58/59/51
f 217/60/52 60/61/53 50/62/54
f 217/60/52 50/62/54 57/57/49
s 0
f 61/63/55 62/64/55 63/65/55
s 1
f 63/65/56 47/49/42 61/63/57
f 52/53/46 218/66/58 12/10/5
f 33/34/28 219/67/59 58/59/51
f 33/34/28 58/59/51 59/58/50
f 59/58/50 25/35/29 33/34/28
s 0
f 65/68/60 66/69/60 67/70/60
f 67/70/60 68/71/60 65/68/60
s 1
f 69/72/61 70/73/57 71/74/62
f 71/74/62 65/68/63 69/72/61
s 0
f 72/75/40 73/76/40 43/45/40
s 1
f 74/77/64 75/78/65 76/79/66
f 76/79/66 77/80/67 74/77/64
f 78/81/68 79/82/69 80/83/70
f 80/83/70 54/84/71 78/81/68
s 0
f 68/71/60 67/70/60 81/85/60
s 1
f 54/84/71 56/55/47 78/81/68
s 0
f 73/76/40 72/75/40 82/86/40
f 82/86/40 83/87/40 73/76/40
s 1
f 84/88/72 85/89/73 86/90/74
f 86/90/74 87/91/75 84/88/72
f 88/92/76 84/88/72 87/91/75
f 87/91/75 89/93/77 88/92/76
f 90/94/78 91/95/79 92/96/80
f 92/96/80 93/97/81 90/94/78
f 60/61/53 77/80/67 76/79/66
f 94/98/82 93/97/81 92/96/80
f 92/96/80 95/99/83 94/98/82
f 65/68/63 71/74/62 66/69/60
f 79/82/69 96/100/84 97/101/85
f 97/101/85 80/83/70 79/82/69
f 80/83/70 98/102/86 54/84/71
f 60/61/53 217/60/52 99/103/87
f 99/103/87 77/80/67 60/61/53
s 0
f 100/104/88 101/105/88 102/106/88
f 102/106/88 103/107/88 100/104/88
s 1
f 107/108/89 108/109/90 106/110/91
f 109/111/92 110/112/93 111/113/94
f 111/113/94 112/114/73 109/111/92
f 113/70/95 93/97/81 94/98/82
s 0
f 103/107/88 102/106/88 114/115/88
f 114/115/88 115/116/88 103/107/88
s 1
f 81/85/96 85/89/73 84/88/72
f 84/88/72 68/71/97 81/85/96
s 0
f 105/117/60 104/118/60 81/85/60
s 1
f 229/119/98 117/120/99 116/121/100
f 111/113/94 117/120/99 229/119/98
f 229/119/98 118/122/101 111/113/94
f 108/109/90 119/123/102 227/124/103
f 227/124/103 106/110/91 108/109/90
f 107/108/89 120/125/104 121/126/105
f 121/126/105 108/109/90 107/108/89
f 104/118/106 105/117/107 122/127/108
f 122/127/108 123/128/109 104/118/106
f 117/120/99 111/113/94 110/112/93
f 124/129/110 125/130/111 86/90/74
f 86/90/74 85/89/73 124/129/110
f 126/131/112 127/99/113 128/132/114
f 128/132/114 129/133/115 126/131/112
s 0
f 130/134/116 131/135/116 132/136/116
f 132/136/116 133/137/116 130/134/116
s 1
f 138/138/117 139/139/118 140/140/119
f 140/140/119 116/121/100 138/138/117
s 0
f 133/137/116 132/136/116 142/141/116
f 142/141/116 143/142/116 133/137/116
s 1
f 138/138/117 116/121/100 117/120/99
s 0
f 115/116/88 114/115/88 135/143/88
f 135/143/88 134/144/88 115/116/88
s 1
f 236/145/120 145/146/121 144/147/122
f 140/140/119 145/146/121 236/145/120
f 236/145/120 235/148/123 140/140/119
f 137/149/124 237/150/125 234/151/126
f 234/151/126 136/152/127 137/149/124
f 141/153/128 137/149/124 146/154/129
f 147/155/130 136/152/127 234/151/126
f 234/151/126 233/156/131 147/155/130
f 130/134/132 148/157/133 131/135/134
f 145/146/121 140/140/119 139/139/118
f 140/140/119 235/148/123 116/121/100
f 141/153/128 106/110/91 227/124/103
f 227/124/103 226/158/135 141/153/128
f 141/153/128 226/158/135 237/150/125
f 237/150/125 137/149/124 141/153/128
s 0
f 149/159/2 150/160/2 7/5/2
f 7/5/2 6/4/2 149/159/2
s 1
f 151/161/136 152/162/136 153/163/137
f 153/163/137 154/164/138 151/161/136
f 155/165/139 156/166/140 157/167/141
f 157/167/141 158/168/142 155/165/139
f 159/169/143 160/170/144 161/171/145
f 161/171/145 144/147/122 159/169/143
f 145/146/121 159/169/143 144/147/122
s 0
f 143/142/116 142/141/116 162/172/116
f 162/172/116 163/173/116 143/142/116
s 1
f 27/23/18 26/22/12 37/39/35
f 37/39/35 164/174/146 27/23/18
f 165/175/147 27/23/18 164/174/146
f 164/174/146 166/176/148 165/175/147
f 167/177/149 168/178/150 38/40/36
f 38/40/36 20/18/15 167/177/149
f 147/155/130 158/168/142 157/167/141
f 160/170/144 169/179/151 170/180/152
f 170/180/152 161/171/145 160/170/144
f 161/171/145 171/181/153 144/147/122
f 147/155/130 233/156/131 172/182/154
f 172/182/154 158/168/142 147/155/130
f 2/2/1 173/183/155 174/184/156
f 174/184/156 3/3/1 2/2/1
s 0
f 3/3/1 176/184/1 177/185/1
f 177/185/157 22/20/157 3/3/157
s 1
f 8/6/158 175/186/159 5/24/160
f 5/24/160 175/186/159 178/187/155
f 178/187/155 179/188/32 5/24/160
f 181/189/56 182/44/161 180/190/56
f 185/191/162 186/48/163 184/192/164
s 0
f 177/185/165 184/192/165 187/54/165
f 189/193/166 190/63/166 188/194/166
f 66/69/60 191/195/60 67/70/60
f 192/74/57 70/73/57 193/196/57
f 193/196/167 194/195/168 192/74/168
f 195/98/60 81/85/60 67/70/60
f 191/195/60 66/69/60 196/74/60
s 1
f 122/127/108 105/117/107 197/197/169
f 197/197/169 198/198/88 122/127/108
f 123/128/109 199/199/88 200/200/170
f 200/200/170 104/118/106 123/128/109
f 198/198/88 197/197/169 201/201/171
f 201/201/171 202/202/88 198/198/88
f 203/203/172 103/107/88 115/116/88
f 105/117/60 81/85/60 204/98/173
f 131/135/116 205/204/174 132/136/175
f 135/143/176 114/115/88 207/205/177
f 207/205/177 206/206/178 135/143/176
f 135/143/176 206/206/178 208/207/179
f 208/207/179 209/208/180 135/143/176
f 150/160/181 210/209/182 7/5/183
f 150/160/181 162/172/116 210/209/182
f 142/141/184 210/209/182 162/172/116
f 220/210/185 221/211/186 222/212/187
f 232/213/188 220/210/189 230/214/190
s 0
f 30/33/191 241/215/191 33/34/191
f 211/216/192 212/26/192 242/217/192
f 242/217/193 243/218/193 211/216/193
f 30/29/194 213/219/194 244/220/194
f 214/221/195 211/216/195 243/218/195
f 243/218/195 245/222/195 214/221/195
f 213/219/196 215/223/196 246/224/196
f 246/224/197 244/220/197 213/219/197
f 216/225/198 214/221/198 245/222/198
f 245/222/199 247/226/199 216/225/199
f 217/60/200 57/57/200 248/227/200
f 248/227/201 249/228/201 217/60/201
f 218/66/202 55/56/202 250/229/202
f 250/229/203 251/230/203 218/66/203
f 57/57/204 219/67/204 252/231/204
f 252/231/205 248/227/205 57/57/205
f 12/10/206 218/66/206 251/230/206
f 251/230/207 253/232/207 12/10/207
f 219/67/191 33/34/191 241/215/191
f 241/215/208 252/231/208 219/67/208
f 212/26/209 12/10/209 253/232/209
f 253/232/210 242/217/210 212/26/210
f 220/210/211 222/212/211 254/233/211
f 223/234/212 224/235/212 255/236/212
f 255/236/213 256/237/213 223/234/213
f 222/212/214 225/238/214 257/239/214
f 257/239/214 254/233/214 222/212/214
f 54/84/215 223/234/215 256/237/215
f 256/237/216 258/240/216 54/84/216
f 225/238/217 217/60/217 249/228/217
f 249/228/218 257/239/218 225/238/218
f 55/56/219 54/84/219 258/240/219
f 258/240/220 250/229/220 55/56/220
f 226/158/221 227/124/221 259/241/221
f 259/241/222 260/242/222 226/158/222
f 228/243/223 229/119/223 261/244/223
f 261/244/224 262/245/224 228/243/224
f 227/124/225 230/214/225 263/246/225
f 263/246/226 259/241/226 227/124/226
f 231/247/227 228/243/227 262/245/227
f 262/245/227 264/248/227 231/247/227
f 220/210/228 263/246/228 230/214/228
f 224/235/229 231/247/229 264/248/229
f 264/248/230 255/236/230 224/235/230
f 233/156/231 234/151/231 265/249/231
f 265/249/232 266/250/232 233/156/232
f 235/148/233 236/145/233 267/251/233
f 267/251/234 268/252/234 235/148/234
f 234/151/235 237/150/235 269/253/235
f 269/253/236 265/249/236 234/151/236
f 116/121/237 235/148/237 268/252/237
f 268/252/238 270/254/238 116/121/238
f 237/150/239 226/158/239 260/242/239
f 260/242/240 269/253/240 237/150/240
f 229/119/241 116/121/241 270/254/241
f 270/254/242 261/244/242 229/119/242
f 215/223/243 238/255/243 271/256/243
f 271/256/243 246/224/243 215/223/243
f 239/257/244 216/225/244 247/226/244
f 247/226/245 272/258/245 239/257/245
f 238/255/246 240/259/246 273/260/246
f 273/260/246 271/256/246 238/255/246
f 144/147/247 239/257/247 272/258/247
f 272/258/248 274/261/248 144/147/248
f 240/259/249 233/156/249 266/250/249
f 266/250/250 273/260/250 240/259/250
f 236/145/251 144/147/251 274/261/251
f 274/261/252 267/251/252 236/145/252
s 1
f 212/26/20 211/216/253 28/27/21
f 30/29/23 29/28/22 213/219/254
f 275/262/255 28/27/21 211/216/253
f 211/216/253 214/221/256 275/262/255
f 29/28/22 276/263/257 215/223/258
f 215/223/258 213/219/254 29/28/22
f 277/264/259 275/262/255 214/221/256
f 214/221/256 216/225/260 277/264/259
f 278/265/261 279/266/262 222/212/187
f 222/212/187 221/211/186 278/265/261
f 98/102/86 280/267/263 224/235/264
f 224/235/264 223/234/265 98/102/86
f 279/266/262 99/103/87 225/238/266
f 225/238/266 222/212/187 279/266/262
f 54/84/71 98/102/86 223/234/265
f 217/60/52 225/238/266 99/103/87
f 229/119/98 228/243/267 118/122/101
f 227/124/103 119/123/102 230/214/190
f 281/268/268 118/122/101 228/243/267
f 228/243/267 231/247/269 281/268/268
f 119/123/102 282/265/270 232/213/188
f 232/213/188 230/214/190 119/123/102
f 280/267/263 281/268/268 231/247/269
f 231/247/269 224/235/264 280/267/263
f 276/263/257 283/269/271 238/255/272
f 238/255/272 215/223/258 276/263/257
f 171/181/153 277/264/259 216/225/260
f 216/225/260 239/257/273 171/181/153
f 283/269/271 172/182/154 240/259/274
f 240/259/274 238/255/272 283/269/271
f 144/147/122 171/181/153 239/257/273
f 233/156/131 240/259/274 172/182/154
f 284/270/275 285/271/275 286/272/276
f 286/272/276 287/273/277 284/270/275
f 288/274/278 289/275/278 285/271/275
f 285/271/275 284/270/275 288/274/278
f 290/276/279 291/277/280 289/275/278
f 289/275/278 288/274/278 290/276/279
f 292/278/281 293/279/31 294/280/282
f 294/280/282 295/281/283 292/278/281
f 296/282/284 297/283/285 293/279/31
f 293/279/31 292/278/281 296/282/284
f 298/284/286 299/285/286 297/283/285
f 297/283/285 296/282/284 298/284/286
f 300/286/287 301/287/288 299/285/286
f 299/285/286 298/284/286 300/286/287
f 302/288/289 303/289/290 301/287/288
f 301/287/288 300/286/287 302/288/289
f 304/290/291 305/291/292 303/289/290
f 303/289/290 302/288/289 304/290/291
f 306/292/133 307/293/133 308/294/293
f 308/294/293 309/295/294 306/292/133
f 310/296/295 311/297/295 307/293/133
f 307/293/133 306/292/133 310/296/295
f 312/298/296 313/299/297 311/297/295
f 311/297/295 310/296/295 312/298/296
f 314/300/298 315/301/298 316/302/299
f 316/302/299 317/303/300 314/300/298
f 318/304/301 319/305/301 315/301/298
f 315/301/298 314/300/298 318/304/301
f 320/306/302 321/307/302 319/305/301
f 319/305/301 318/304/301 320/306/302
f 322/308/303 323/309/303 321/307/302
f 321/307/302 320/306/302 322/308/303
f 324/310/304 325/311/304 323/309/303
f 323/309/303 322/308/303 324/310/304
f 326/312/305 327/313/306 325/311/304
f 325/311/304 324/310/304 326/312/305
s 0
f 30/33/307 366/314/307 241/215/307
s 1
f 367/314/308 30/29/309 244/220/310
s 0
f 368/315/311 220/210/311 254/233/311
s 1
f 220/210/312 369/315/313 263/246/314
f 370/316/315 288/274/278 284/270/275
f 371/317/316 372/318/315 373/319/317
f 373/319/317 295/281/283 371/317/316
f 295/281/283 373/319/317 292/278/281
f 374/320/318 296/282/284 292/278/281
f 375/282/2 376/320/319 377/321/320
f 377/321/320 298/284/286 375/282/2
f 298/284/286 377/321/320 300/286/287
f 303/289/290 378/322/321 301/287/288
f 308/294/293 379/323/322 380/324/321
f 380/324/321 381/325/323 308/294/293
f 379/323/322 308/294/293 307/293/133
f 382/326/324 310/296/295 306/292/133
f 310/296/295 382/326/324 383/327/325
f 383/327/325 384/298/88 310/296/295
f 328/314/326 385/328/325 386/329/327
f 386/329/327 329/215/328 328/314/326
f 331/330/329 243/218/329 242/217/330
f 242/217/330 330/331/331 331/330/329
f 333/328/332 367/314/308 244/220/310
f 244/220/310 332/332/333 333/328/332
f 334/333/334 245/222/335 243/218/329
f 243/218/329 331/330/329 334/333/334
f 332/332/333 244/220/310 246/224/336
f 246/224/336 335/334/337 332/332/333
f 336/335/338 247/226/339 245/222/335
f 245/222/335 334/333/334 336/335/338
f 337/227/340 387/336/341 388/337/342
f 388/337/342 338/228/343 337/227/340
f 340/338/344 251/230/344 250/229/345
f 250/229/345 339/339/346 340/338/344
f 341/340/347 389/341/348 387/336/341
f 387/336/341 337/227/340 341/340/347
f 342/342/349 253/232/350 251/230/344
f 251/230/344 340/338/344 342/342/349
f 329/215/328 386/329/327 389/341/348
f 389/341/348 341/340/347 329/215/328
f 330/331/331 242/217/330 253/232/350
f 253/232/350 342/342/349 330/331/331
f 343/233/351 390/343/352 391/344/353
f 391/344/353 344/315/354 343/233/351
f 346/345/355 256/237/355 255/236/356
f 255/236/356 345/346/357 346/345/355
f 347/347/358 392/348/359 390/343/352
f 390/343/352 343/233/351 347/347/358
f 348/349/360 258/240/361 256/237/355
f 256/237/355 346/345/355 348/349/360
f 338/228/343 388/337/342 392/348/359
f 392/348/359 347/347/358 338/228/343
f 339/339/346 250/229/345 258/240/361
f 258/240/361 348/349/360 339/339/346
f 350/350/362 260/242/363 259/241/364
f 259/241/364 349/351/365 350/350/362
f 352/352/366 262/245/367 261/244/368
f 261/244/368 351/353/369 352/352/366
f 349/351/365 259/241/364 263/246/314
f 263/246/314 353/354/370 349/351/365
f 354/355/371 264/248/372 262/245/367
f 262/245/367 352/352/366 354/355/371
f 353/354/370 263/246/314 369/315/313
f 369/315/313 355/344/373 353/354/370
f 345/346/357 255/236/356 264/248/372
f 264/248/372 354/355/371 345/346/357
f 357/356/374 266/250/375 265/249/376
f 265/249/376 356/357/377 357/356/374
f 359/358/378 268/252/378 267/251/379
f 267/251/379 358/359/380 359/358/378
f 356/357/377 265/249/376 269/253/381
f 269/253/381 360/360/382 356/357/377
f 361/361/383 270/254/384 268/252/378
f 268/252/378 359/358/378 361/361/383
f 360/360/382 269/253/381 260/242/363
f 260/242/363 350/350/362 360/360/382
f 351/353/369 261/244/368 270/254/384
f 270/254/384 361/361/383 351/353/369
f 335/334/337 246/224/336 271/256/385
f 271/256/385 362/362/386 335/334/337
f 363/363/387 272/258/388 247/226/339
f 247/226/339 336/335/338 363/363/387
f 362/362/386 271/256/385 273/260/389
f 273/260/389 364/364/390 362/362/386
f 365/365/391 274/261/392 272/258/388
f 272/258/388 363/363/387 365/365/391
f 364/364/390 273/260/389 266/250/375
f 266/250/375 357/356/374 364/364/390
f 358/359/380 267/251/379 274/261/392
f 274/261/392 365/365/391 358/359/380
f 393/366/393 394/367/394 395/368/395
f 393/366/393 396/369/396 394/367/394
f 393/366/393 397/370/397 396/369/396
f 393/366/393 398/371/398 397/370/397
f 393/366/393 399/372/399 398/371/398
f 393/366/393 400/373/400 399/372/399
f 393/366/393 401/374/401 400/373/400
f 393/366/393 402/375/402 401/374/401
f 393/366/393 403/376/403 402/375/402
f 393/366/393 404/377/404 403/376/403
f 393/366/393 405/378/405 404/377/404
f 393/366/393 406/379/406 405/378/405
f 393/366/393 407/380/407 406/379/406
f 393/366/393 408/381/408 407/380/407
f 393/366/393 409/382/409 408/381/408
f 393/366/393 410/383/410 409/382/409
f 393/366/393 411/384/411 410/383/410
f 393/366/393 412/385/412 411/384/411
f 393/366/393 413/386/413 412/385/412
f 393/366/393 414/387/414 413/386/413
f 393/366/393 415/388/415 414/387/414
f 393/366/393 416/389/416 415/388/415
f 393/366/393 417/390/417 416/389/416
f 393/366/393 418/391/418 417/390/417
f 393/366/393 419/392/419 418/391/418
f 393/366/393 420/393/420 419/392/419
f 393/366/393 421/394/421 420/393/420
f 393/366/393 422/395/422 421/394/421
f 393/366/393 423/396/423 422/395/422
f 393/366/393 424/397/424 423/396/423
f 393/366/393 425/398/425 424/397/424
f 393/366/393 426/399/426 425/398/425
f 393/366/393 427/400/427 426/399/426
f 393/366/393 428/401/428 427/400/427
f 393/366/393 429/402/429 428/401/428
f 393/366/393 430/403/430 429/402/429
f 393/366/393 431/404/431 430/403/430
f 393/366/393 432/405/432 431/404/431
f 393/366/393 433/406/433 432/405/432
f 393/366/393 434/407/434 433/406/433
f 393/366/393 435/408/435 434/407/434
f 393/366/393 436/409/436 435/408/435
f 393/366/393 437/410/437 436/409/436
f 393/366/393 438/411/438 437/410/437
f 393/366/393 439/412/439 438/411/438
f 393/366/393 440/413/440 439/412/439
f 393/366/393 441/414/441 440/413/440
f 393/366/393 442/415/442 441/414/441
f 393/366/393 443/416/443 442/415/442
f 393/366/393 444/417/444 443/416/443
f 393/366/393 445/418/445 444/417/444
f 393/366/393 446/419/446 445/418/445
f 393/366/393 447/420/447 446/419/446
f 393/366/393 448/421/448 447/420/447
f 393/366/393 449/422/449 448/421/448
f 393/366/393 450/423/450 449/422/449
f 393/366/393 451/424/451 450/423/450
f 393/366/393 452/425/452 451/424/451
f 393/366/393 453/426/453 452/425/452
f 393/366/393 454/427/454 453/426/453
f 393/366/393 455/428/455 454/427/454
f 393/366/393 456/429/456 455/428/455
f 393/366/393 457/430/457 456/429/456
f 393/366/393 395/368/395 457/430/457
f 458/431/458 459/432/459 460/433/460
f 458/431/458 460/433/460 461/434/461
f 458/431/458 461/434/461 462/435/462
f 458/431/458 462/435/462 463/436/463
f 458/431/458 463/436/463 464/437/464
f 458/431/458 464/437/464 465/438/465
f 458/431/458 465/438/465 466/439/466
f 458/431/458 466/439/466 467/440/467
f 458/431/458 467/440/467 468/441/468
f 458/431/458 468/441/468 469/442/469
f 458/431/458 469/442/469 470/443/470
f 458/431/458 470/443/470 471/444/471
f 458/431/458 471/444/471 472/445/472
f 458/431/458 472/445/472 473/446/473
f 458/431/458 473/446/473 474/447/474
f 458/431/458 474/447/474 475/448/475
f 458/431/458 475/448/475 476/449/476
f 458/431/458 476/449/476 477/450/477
f 458/431/458 477/450/477 478/451/478
f 458/431/458 478/451/478 479/452/479
f 458/431/458 479/452/479 480/453/480
f 458/431/458 480/453/480 481/454/481
f 458/431/458 481/454/481 482/455/482
f 458/431/458 482/455/482 483/456/483
f 458/431/458 483/456/483 484/457/484
f 458/431/458 484/457/484 485/458/485
f 486/459/486 459/432/459 485/458/485
f 487/460/487 488/461/488 459/432/459
f 459/432/459 486/459/486 487/460/487
f 488/461/488 489/462/489 490/463/490
f 490/463/490 459/432/459 488/461/488
f 489/462/489 491/464/491 490/463/490
f 491/464/491 492/465/492 460/433/460
f 460/433/460 490/463/490 491/464/491
f 492/465/492 493/466/493 494/467/494
f 494/467/494 460/433/460 492/465/492
f 493/466/493 495/468/495 494/467/494
f 495/468/495 496/469/496 461/434/461
f 461/434/461 494/467/494 495/468/495
f 496/469/496 497/470/497 461/434/461
f 497/470/497 498/471/498 462/435/462
f 462/435/462 461/434/461 497/470/497
f 498/471/498 499/472/499 462/435/462
f 499/472/499 500/473/500 463/436/463
f 463/436/463 462/435/462 499/472/499
f 500/473/500 501/474/501 463/436/463
f 501/474/501 502/475/502 503/476/503
f 503/476/503 463/436/463 501/474/501
f 502/475/502 504/477/504 464/437/464
f 464/437/464 503/476/503 502/475/502
f 504/477/504 505/478/505 464/437/464
f 505/478/505 506/479/506 465/438/465
f 465/438/465 464/437/464 505/478/505
f 506/479/506 507/480/507 465/438/465
f 507/480/507 508/481/508 466/439/466
f 466/439/466 465/438/465 507/480/507
f 508/481/508 509/482/509 466/439/466
f 509/482/509 510/483/510 467/440/467
f 467/440/467 466/439/466 509/482/509
f 510/483/510 511/484/511 467/440/467
f 511/484/511 512/485/512 513/486/513
f 513/486/513 467/440/467 511/484/511
f 512/485/512 514/487/514 468/441/468
f 468/441/468 513/486/513 512/485/512
f 514/487/514 515/488/515 468/441/468
f 515/488/515 516/489/516 469/442/469
f 469/442/469 468/441/468 515/488/515
f 516/489/516 517/490/517 469/442/469
f 517/490/517 518/491/518 470/443/470
f 470/443/470 469/442/469 517/490/517
f 518/491/518 519/492/519 470/443/470
f 519/492/519 520/493/520 471/444/471
f 471/444/471 470/443/470 519/492/519
f 520/493/520 521/494/521 471/444/471
f 521/494/521 522/495/522 472/445/472
f 472/445/472 471/444/471 521/494/521
f 522/495/522 523/496/523 472/445/472
f 523/496/523 524/497/524 473/446/473
f 473/446/473 472/445/472 523/496/523
f 524/497/524 525/498/525 473/446/473
f 525/498/525 526/499/526 474/447/474
f 474/447/474 473/446/473 525/498/525
f 526/499/526 527/500/527 474/447/474
f 527/500/527 528/501/528 475/448/475
f 475/448/475 474/447/474 527/500/527
f 528/501/528 529/502/529 475/448/475
f 529/502/529 530/503/530 476/449/476
f 476/449/476 475/448/475 529/502/529
f 530/503/530 531/504/531 476/449/476
f 531/504/531 532/505/532 533/506/533
f 533/506/533 476/449/476 531/504/531
f 532/505/532 534/507/534 533/506/533
f 534/507/534 535/508/535 477/450/477
f 477/450/477 533/506/533 534/507/534
f 535/508/535 536/509/536 477/450/477
f 536/509/536 537/510/537 478/451/478
f 478/451/478 477/450/477 536/509/536
f 537/510/537 538/511/538 478/451/478
f 538/511/538 539/512/539 479/452/479
f 479/452/479 478/451/478 538/511/538
f 539/512/539 540/513/540 479/452/479
f 540/513/540 541/514/541 542/515/542
f 542/515/542 479/452/479 540/513/540
f 541/514/541 543/516/543 480/453/480
f 480/453/480 542/515/542 541/514/541
f 543/516/543 544/517/544 480/453/480
f 544/517/544 545/518/545 481/454/481
f 481/454/481 480/453/480 544/517/544
f 545/518/545 546/519/546 481/454/481
f 546/519/546 547/520/547 482/455/482
f 482/455/482 481/454/481 546/519/546
f 547/520/547 548/521/548 482/455/482
f 548/521/548 549/522/549 483/456/483
f 483/456/483 482/455/482 548/521/548
f 549/522/549 550/523/550 483/456/483
f 550/523/550 551/524/551 552/525/552
f 552/525/552 483/456/483 550/523/550
f 551/524/551 553/526/553 484/457/484
f 484/457/484 552/525/552 551/524/551
f 553/526/553 554/527/554 484/457/484
f 554/527/554 555/528/555 485/458/485
f 485/458/485 484/457/484 554/527/554
f 555/528/555 556/529/556 485/458/485
f 556/529/556 557/530/557 486/459/486
f 486/459/486 485/458/485 556/529/556
f 557/530/557 487/460/487 486/459/486
s 0
f 558/531/275 559/532/275 560/533/275
f 560/533/275 561/534/275 558/531/275
s 1
f 563/535/558 564/536/1 562/537/559
s 0
f 565/538/31 566/539/31 567/540/31
f 567/540/31 568/541/31 565/538/31
s 1
f 561/534/560 569/542/561 570/543/562
f 570/543/562 571/544/563 561/534/560
f 572/545/564 573/546/565 574/547/566
f 574/547/566 575/548/567 572/545/564
f 576/549/568 577/550/569 578/551/570
f 578/551/570 579/552/571 576/549/568
s 0
f 561/534/275 560/533/275 582/553/275
f 582/553/275 569/542/275 561/534/275
s 1
f 560/533/572 583/554/573 584/555/574
f 584/555/574 582/553/575 560/533/572
f 576/549/568 579/552/571 585/556/576
s 0
f 568/541/31 567/540/31 563/535/31
f 563/535/31 562/537/31 568/541/31
s 1
f 571/544/563 570/543/562 586/557/577
f 586/557/577 587/558/578 571/544/563
f 588/559/579 571/544/563 587/558/578
f 587/558/578 589/560/580 588/559/579
f 590/561/581 591/562/582 592/563/583
f 592/563/583 583/554/573 590/561/581
f 580/564/584 575/548/567 574/547/566
f 583/554/573 592/563/583 593/565/585
f 593/565/585 584/555/574 583/554/573
f 577/550/569 594/566/586 595/567/587
f 595/567/587 578/551/570 577/550/569
f 578/551/570 596/568/588 579/552/571
f 580/564/584 581/569/589 752/570/590
f 752/570/590 728/571/591 580/564/584
f 580/564/584 728/571/591 597/572/592
f 597/572/592 575/548/567 580/564/584
s 0
f 598/573/303 632/574/303 599/575/303
s 1
f 602/576/593 603/577/594 604/578/595
f 605/579/596 606/580/597 607/581/598
f 607/581/598 608/582/599 605/579/596
s 0
f 569/542/275 582/553/275 609/583/275
f 569/542/275 609/583/275 600/584/275
f 600/584/275 601/585/275 569/542/275
s 1
f 611/586/600 740/587/601 610/588/602
f 610/588/602 612/589/603 607/581/604
f 613/590/605 614/591/606 731/592/607
f 613/590/605 731/592/607 602/576/593
f 602/576/593 604/578/595 613/590/605
f 615/593/608 616/594/609 617/595/610
f 602/576/593 731/592/607 730/596/611
f 730/596/611 618/597/612 602/576/593
f 620/598/613 621/599/614 616/594/615
f 616/594/615 603/577/594 620/598/613
f 622/600/616 586/557/577 623/601/617
f 593/565/585 624/602/618 625/603/619
f 625/603/619 584/555/574 593/565/585
s 0
f 626/604/298 627/605/298 628/606/298
f 628/606/298 629/607/298 626/604/298
f 632/574/303 598/573/303 633/608/303
f 633/608/303 634/609/303 632/574/303
s 1
f 637/610/620 638/611/621 639/612/622
f 639/612/622 611/586/600 637/610/620
s 0
f 629/607/298 628/606/298 640/613/298
f 640/613/298 641/614/298 629/607/298
s 1
f 637/610/620 611/586/600 610/588/602
f 610/588/602 619/615/623 637/610/620
s 0
f 634/609/303 633/608/303 631/616/303
s 1
f 631/616/624 630/617/625 634/609/303
f 643/618/626 738/619/627 642/620/628
f 639/612/622 642/620/628 738/619/627
f 738/619/627 737/621/629 639/612/622
f 636/622/630 739/623/631 736/624/632
f 736/624/632 635/625/633 636/622/630
f 644/626/634 635/625/633 736/624/632
f 736/624/632 735/627/635 644/626/634
f 642/620/628 639/612/622 638/611/621
f 639/612/622 737/621/629 611/586/600
f 618/597/612 730/596/611 739/623/631
f 739/623/631 636/622/630 618/597/612
s 0
f 645/628/133 646/629/133 647/630/133
f 647/630/133 648/631/133 645/628/133
s 1
f 651/632/636 652/633/637 653/634/638
f 653/634/638 654/635/639 651/632/636
f 655/636/640 656/637/641 657/638/642
f 657/638/642 643/618/626 655/636/640
s 0
f 648/631/133 647/630/133 658/639/133
f 658/639/133 659/640/133 648/631/133
s 1
f 655/636/640 643/618/626 642/620/628
s 0
f 641/614/298 640/613/298 650/641/298
f 650/641/298 649/642/298 641/614/298
s 1
f 660/643/643 661/644/644 662/645/645
f 662/645/645 663/646/646 660/643/643
f 664/647/647 663/646/646 662/645/645
f 662/645/645 665/648/648 664/647/647
f 666/649/649 667/650/650 668/651/651
f 668/651/651 669/652/652 666/649/649
f 644/626/634 654/635/639 653/634/638
f 656/637/641 670/653/653 671/654/654
f 671/654/654 657/638/642 656/637/641
f 657/638/642 672/655/655 643/618/626
f 644/626/634 735/627/635 673/656/656
f 673/656/656 654/635/639 644/626/634
s 0
f 674/657/137 675/658/137 676/659/137
f 676/659/137 677/660/137 674/657/137
s 1
f 681/661/657 682/662/658 680/663/659
f 683/664/660 684/665/661 685/666/662
f 685/666/662 686/667/643 683/664/660
f 687/668/663 658/639/664 647/630/665
f 647/630/665 669/652/652 687/668/663
s 0
f 677/660/137 676/659/137 688/669/137
f 688/669/137 689/670/137 677/660/137
s 1
f 659/640/666 660/643/643 663/646/646
f 663/646/646 648/631/667 659/640/666
s 0
f 659/640/133 658/639/133 679/671/133
f 679/671/133 678/672/133 659/640/133
s 1
f 749/673/668 691/674/669 690/675/670
f 685/666/662 691/674/669 749/673/668
f 749/673/668 692/676/671 685/666/662
f 682/662/658 693/677/672 747/678/673
f 747/678/673 680/663/659 682/662/658
f 681/661/657 694/679/674 695/680/675
f 695/680/675 682/662/658 681/661/657
f 696/681/676 680/663/659 747/678/673
f 747/678/673 746/682/677 696/681/676
f 691/674/669 685/666/662 684/665/661
f 697/683/678 698/684/679 661/644/644
f 661/644/644 660/643/643 697/683/678
f 687/668/663 669/652/652 668/651/651
f 668/651/651 699/685/680 687/668/663
f 687/668/663 699/685/680 700/686/681
f 700/686/681 701/687/682 687/668/663
s 0
f 702/688/31 703/689/31 566/539/31
f 566/539/31 565/538/31 702/688/31
s 1
f 702/688/683 704/690/683 703/689/684
f 706/691/685 707/692/686 708/693/687
f 708/693/687 690/675/670 706/691/685
f 691/674/669 706/691/685 690/675/670
s 0
f 689/670/137 688/669/137 704/690/137
f 704/690/137 702/688/137 689/670/137
s 1
f 579/552/571 729/694/688 585/556/576
f 708/693/687 585/556/576 729/694/688
f 729/694/688 753/695/689 708/693/687
f 705/696/690 754/697/691 752/570/590
f 752/570/590 581/569/589 705/696/690
f 585/556/576 708/693/687 707/692/686
f 708/693/687 753/695/689 690/675/670
f 696/681/676 746/682/677 754/697/691
f 754/697/691 705/696/690 696/681/676
f 561/534/692 709/698/693 558/531/694
f 558/531/694 709/698/693 710/699/695
f 710/699/695 711/700/696 558/531/694
f 562/537/31 712/701/695 568/541/697
f 703/689/31 717/702/698 566/539/699
f 718/703/2 719/704/137 720/705/700
f 720/705/700 721/706/701 718/703/2
f 688/669/702 722/707/703 704/690/137
s 0
f 723/708/704 724/709/704 755/710/704
f 755/710/704 756/711/704 723/708/704
f 725/712/705 726/713/705 757/714/705
f 757/714/706 758/715/706 725/712/706
f 724/709/707 727/716/707 759/717/707
f 759/717/707 755/710/707 724/709/707
f 579/552/708 725/712/708 758/715/708
f 758/715/709 760/718/709 579/552/709
f 727/716/710 728/571/710 761/719/710
f 761/719/711 759/717/711 727/716/711
f 729/694/712 579/552/712 760/718/712
f 760/718/713 762/720/713 729/694/713
f 763/721/714 730/596/714 731/592/714
f 731/592/715 767/722/715 763/721/715
f 764/723/716 765/724/716 732/725/716
f 732/725/717 740/587/717 764/723/717
f 766/726/718 733/727/718 723/708/718
f 766/726/718 723/708/718 756/711/718
f 726/713/719 734/728/719 768/729/719
f 768/729/719 757/714/719 726/713/719
f 735/627/720 736/624/720 769/730/720
f 769/730/721 770/731/721 735/627/721
f 737/621/722 738/619/722 771/732/722
f 771/732/722 772/733/722 737/621/722
f 736/624/723 739/623/723 773/734/723
f 773/734/724 769/730/724 736/624/724
f 611/586/725 737/621/725 772/733/725
f 772/733/726 774/735/726 611/586/726
f 739/623/727 730/596/727 763/721/727
f 763/721/727 773/734/727 739/623/727
f 740/587/728 611/586/728 774/735/728
f 774/735/717 764/723/717 740/587/717
f 741/736/729 742/737/729 775/738/729
f 775/738/729 776/739/729 741/736/729
f 743/740/730 744/741/730 777/742/730
f 777/742/731 778/743/731 743/740/731
f 742/737/732 745/744/732 779/745/732
f 779/745/732 775/738/732 742/737/732
f 643/618/733 743/740/733 778/743/733
f 778/743/734 780/746/734 643/618/734
f 745/744/735 735/627/735 770/731/735
f 770/731/736 779/745/736 745/744/736
f 738/619/737 643/618/737 780/746/737
f 780/746/738 771/732/738 738/619/738
f 746/682/739 747/678/739 781/747/739
f 781/747/740 782/748/740 746/682/740
f 748/749/741 749/673/741 783/750/741
f 783/750/742 784/751/742 748/749/742
f 747/678/743 750/752/743 785/753/743
f 785/753/744 781/747/744 747/678/744
f 751/754/745 748/749/745 784/751/745
f 784/751/745 786/755/745 751/754/745
f 750/752/746 741/736/746 776/739/746
f 776/739/747 785/753/747 750/752/747
f 744/741/748 751/754/748 786/755/748
f 786/755/749 777/742/749 744/741/749
f 728/571/750 752/570/750 787/756/750
f 787/756/751 761/719/751 728/571/751
f 753/695/752 729/694/752 762/720/752
f 762/720/752 788/757/752 753/695/752
f 752/570/753 754/697/753 789/758/753
f 789/758/754 787/756/754 752/570/754
f 690/675/755 753/695/755 788/757/755
f 788/757/756 790/759/756 690/675/756
f 754/697/757 746/682/757 782/748/757
f 782/748/758 789/758/758 754/697/758
f 749/673/759 690/675/759 790/759/759
f 790/759/760 783/750/760 749/673/760
s 1
f 791/760/761 792/761/762 724/709/763
f 724/709/763 723/708/764 791/760/761
f 596/568/588 793/762/765 726/713/766
f 726/713/766 725/712/767 596/568/588
f 792/761/762 597/572/592 727/716/768
f 727/716/768 724/709/763 792/761/762
f 579/552/571 596/568/588 725/712/767
f 728/571/591 727/716/768 597/572/592
f 731/592/607 614/591/606 733/727/769
f 612/589/603 734/728/770 794/763/771
f 614/591/606 791/760/761 723/708/764
f 723/708/764 733/727/769 614/591/606
f 793/762/765 794/763/771 734/728/770
f 734/728/770 726/713/766 793/762/765
f 795/764/772 796/765/773 742/737/774
f 742/737/774 741/736/775 795/764/772
f 672/655/655 797/766/776 744/741/777
f 744/741/777 743/740/778 672/655/655
f 796/765/773 673/656/656 745/744/779
f 745/744/779 742/737/774 796/765/773
f 643/618/626 672/655/655 743/740/778
f 735/627/635 745/744/779 673/656/656
f 749/673/668 748/749/780 692/676/671
f 747/678/673 693/677/672 750/752/781
f 798/767/782 692/676/671 748/749/780
f 748/749/780 751/754/783 798/767/782
f 693/677/672 795/764/772 741/736/775
f 741/736/775 750/752/781 693/677/672
f 797/766/776 798/767/782 751/754/783
f 751/754/783 744/741/777 797/766/776
f 799/768/784 800/769/785 801/770/786
f 801/770/786 802/771/787 799/768/784
f 803/772/788 804/773/789 800/769/785
f 800/769/785 799/768/784 803/772/788
f 805/774/790 806/775/791 804/773/789
f 804/773/789 803/772/788 805/774/790
f 807/776/792 808/777/793 806/775/791
f 806/775/791 805/774/790 807/776/792
f 809/778/794 810/779/795 808/777/793
f 808/777/793 807/776/792 809/778/794
f 811/780/796 812/781/797 810/779/795
f 810/779/795 809/778/794 811/780/796
f 813/782/2 814/783/2 815/784/798
f 815/784/798 816/785/799 813/782/2
f 817/786/800 818/787/800 814/783/2
f 814/783/2 813/782/2 817/786/800
f 819/788/801 818/787/800 817/786/800
f 820/789/802 821/790/803 822/791/804
f 846/792/805 823/793/806 824/794/807
f 846/792/805 824/794/807 822/791/804
f 825/795/808 826/796/809 824/794/807
f 824/794/807 823/793/806 825/795/808
f 827/797/810 828/798/811 826/796/809
f 826/796/809 825/795/808 827/797/810
f 829/799/812 830/800/813 828/798/811
f 828/798/811 827/797/810 829/799/812
f 831/801/814 832/802/815 830/800/813
f 830/800/813 829/799/812 831/801/814
f 833/803/816 834/804/60 835/805/817
f 835/805/817 836/806/818 833/803/816
f 837/807/819 838/808/819 834/804/60
f 834/804/60 833/803/816 837/807/819
f 839/809/820 840/810/821 838/808/819
f 838/808/819 837/807/819 839/809/820
f 841/811/822 829/799/812 827/797/810
f 864/812/823 865/813/824 866/814/825
f 866/814/825 836/806/818 864/812/823
f 836/806/818 866/814/825 833/803/816
f 823/793/806 867/815/826 868/816/827
f 868/816/827 825/795/808 823/793/806
f 828/798/811 869/817/828 870/818/829
f 870/818/829 826/796/809 828/798/811
f 825/795/808 868/816/827 871/819/830
f 871/819/830 827/797/810 825/795/808
f 830/800/813 872/820/831 869/817/828
f 869/817/828 828/798/811 830/800/813
f 827/797/810 871/819/830 873/821/832
f 873/821/832 841/811/822 827/797/810
f 843/822/833 762/720/834 760/718/835
f 760/718/835 842/823/836 843/822/833
f 763/721/837 874/824/838 844/825/839
f 822/791/804 875/826/840 876/827/841
f 876/827/841 820/789/802 822/791/804
f 821/790/803 845/828/842 846/792/805
f 824/794/807 878/829/843 875/826/840
f 875/826/840 822/791/804 824/794/807
f 826/796/809 870/818/829 878/829/843
f 878/829/843 824/794/807 826/796/809
f 848/830/844 770/731/845 769/730/846
f 769/730/846 847/831/847 848/830/844
f 850/832/848 772/733/848 771/732/849
f 771/732/849 849/833/850 850/832/848
f 847/831/847 769/730/846 773/734/851
f 773/734/851 851/834/851 847/831/847
f 852/835/852 774/735/853 772/733/848
f 772/733/848 850/832/848 852/835/852
f 851/834/851 773/734/851 763/721/837
f 763/721/837 844/825/839 851/834/851
f 853/836/854 764/723/855 774/735/853
f 774/735/853 852/835/852 853/836/854
f 803/772/788 879/837/856 880/838/857
f 880/838/857 805/774/790 803/772/788
f 808/777/793 881/839/858 882/840/859
f 882/840/859 806/775/791 808/777/793
f 805/774/790 880/838/857 883/841/860
f 883/841/860 807/776/792 805/774/790
f 810/779/795 884/842/861 881/839/858
f 881/839/858 808/777/793 810/779/795
f 807/776/792 883/841/860 885/843/862
f 885/843/862 809/778/794 807/776/792
f 849/833/850 771/732/849 780/746/863
f 780/746/863 854/844/864 849/833/850
f 856/845/865 782/748/866 781/747/867
f 781/747/867 855/846/868 856/845/865
f 800/769/785 886/847/869 887/848/870
f 887/848/870 801/770/786 800/769/785
f 802/771/787 888/849/871 889/850/872
f 889/850/872 799/768/784 802/771/787
f 804/773/789 890/851/873 886/847/869
f 886/847/869 800/769/785 804/773/789
f 799/768/784 889/850/872 879/837/856
f 879/837/856 803/772/788 799/768/784
f 806/775/791 882/840/859 890/851/873
f 890/851/873 804/773/789 806/775/791
f 858/852/874 761/719/875 787/756/876
f 787/756/876 857/853/877 858/852/874
f 859/854/878 788/757/878 762/720/834
f 762/720/834 843/822/833 859/854/878
f 857/853/877 787/756/876 789/758/879
f 789/758/879 860/855/880 857/853/877
f 861/856/881 790/759/882 788/757/878
f 788/757/878 859/854/878 861/856/881
f 860/855/880 789/758/879 782/748/866
f 782/748/866 856/845/865 860/855/880
f 862/857/883 783/750/884 790/759/882
f 790/759/882 861/856/881 862/857/883
f 891/858/885 892/859/886 893/860/887
f 895/861/888 896/862/889 897/863/890
f 897/863/890 898/864/891 895/861/888
f 899/865/275 900/866/892 901/867/893
f 903/868/894 904/869/895 905/870/896
f 905/870/896 906/871/897 903/868/894
f 910/872/898 911/873/899 912/874/900
f 912/874/900 913/875/901 910/872/898
f 917/876/902 918/877/903 919/878/904
f 919/878/904 909/879/905 917/876/902
f 914/880/906 920/881/907 921/882/908
f 921/882/908 922/883/909 914/880/906
f 923/884/910 924/885/911 966/886/907
f 966/886/907 925/887/912 923/884/910
f 926/888/913 927/889/914 928/890/914
f 928/890/914 929/891/915 926/888/913
f 930/892/916 931/893/917 932/894/914
f 932/894/914 933/895/914 930/892/916
f 907/896/918 934/897/919 935/898/920
f 936/899/921 937/900/922 925/887/912
f 938/901/923 914/880/906 922/883/909
f 922/883/909 939/902/924 938/901/923
f 941/903/925 942/904/926 940/905/927
f 910/872/898 943/906/928 942/904/926
f 942/904/926 911/873/899 910/872/898
f 944/907/929 945/908/930 892/859/886
f 944/907/929 892/859/886 894/909/931
f 944/907/929 894/909/931 946/910/932
f 894/909/931 892/859/886 891/858/885
f 897/863/890 896/862/889 947/911/933
f 947/911/933 946/910/932 897/863/890
f 939/902/924 948/912/934 949/913/935
f 901/867/893 950/914/936 902/915/937
f 902/915/937 899/865/275 901/867/893
f 906/871/897 905/870/896 951/916/938
f 951/916/938 902/915/937 906/871/897
f 902/915/937 950/914/936 903/868/894
f 917/876/902 952/917/939 953/918/940
f 954/919/941 955/920/942 953/918/940
f 953/918/940 952/917/939 954/919/941
f 956/921/943 916/922/944 908/923/945
f 908/923/945 957/924/946 956/921/943
f 917/876/902 958/925/947 959/926/948
f 959/926/948 918/877/903 917/876/902
f 960/927/903 961/928/949 962/929/950
f 964/930/951 965/931/952 963/932/953
f 898/864/891 897/863/890 894/909/931
f 903/868/894 906/871/897 902/915/937
f 924/885/911 923/884/910 922/883/909
f 922/883/909 921/882/908 924/885/911
f 926/888/913 907/896/918 930/892/916
f 966/886/907 920/881/907 914/880/906
s 0
f 967/933/954 968/934/954 969/935/954
f 970/936/133 971/937/133 972/938/133
f 972/938/133 973/939/133 970/936/133
s 1
f 974/940/955 975/941/955 976/942/955
s 0
f 976/942/955 977/943/955 974/940/955
f 978/944/275 979/945/275 980/946/275
f 980/946/275 981/947/275 978/944/275
s 1
f 982/934/956 983/948/957 984/949/958
f 984/949/958 969/935/959 982/934/956
f 985/950/960 986/951/961 987/952/962
f 987/952/962 988/933/959 985/950/960
f 989/938/963 990/937/964 991/953/965
f 991/953/965 992/954/966 989/938/963
f 993/936/967 994/939/968 995/955/969
f 995/955/969 996/956/970 993/936/967
f 997/941/971 998/957/972 999/958/973
f 999/958/973 976/942/955 997/941/971
f 1000/959/974 1001/960/975 1002/961/976
f 1002/961/976 977/943/977 1000/959/974
f 1003/946/978 1004/945/979 1005/962/980
f 1005/962/980 1006/963/981 1003/946/978
f 1007/944/982 1008/947/983 1009/964/984
f 1009/964/984 1010/965/985 1007/944/982
f 894/909/931 897/863/890 946/910/932
f 1011/966/986 1012/967/987 923/884/910
f 911/873/899 941/903/925 912/874/900
f 915/968/988 938/901/923 1015/969/989
f 1015/969/989 1014/970/990 915/968/988
f 1012/967/987 1016/971/991 922/883/909
s 0
f 1017/972/60 1018/973/60 1019/974/60
f 1020/975/60 1021/976/60 1022/977/60
s 1
f 1023/978/992 1024/979/993 1025/980/994
f 903/868/894 950/914/936 1028/981/995
f 1028/981/995 904/869/895 903/868/894
f 898/864/891 894/909/931 1029/982/996
f 1029/982/996 895/861/888 898/864/891
f 926/888/913 940/905/927 907/896/918
f 907/896/918 940/905/927 1728/983/458
f 908/923/945 952/917/939 917/876/902
f 917/876/902 909/879/905 908/923/945
f 916/922/944 954/919/941 952/917/939
f 952/917/939 908/923/945 916/922/944
f 1031/984/997 1032/985/998 1033/986/999
f 1034/987/1000 1035/988/1001 1036/989/1002
f 1031/984/997 960/927/903 962/929/950
f 962/929/950 1032/985/998 1031/984/997
f 1034/987/1000 1037/990/1003 1035/988/1001
f 931/893/917 935/898/920 941/903/925
f 941/903/925 934/897/919 912/874/900
f 941/903/925 911/873/899 942/904/926
f 914/880/906 938/901/923 915/968/988
s 0
f 43/45/40 183/991/40 44/46/40
f 182/44/40 181/189/40 43/45/40
f 45/47/1004 180/190/1004 182/44/1004
f 186/48/32 185/191/32 1039/49/32
s 1
f 49/51/1005 184/192/164 186/48/163
f 50/62/54 64/992/1006 59/58/50
s 0
f 187/54/1 184/192/1 49/51/1
s 1
f 55/56/48 56/55/47 54/84/71
f 55/56/48 218/66/58 52/53/46
f 57/57/49 50/62/54 59/58/50
f 58/59/51 219/67/59 57/57/49
f 59/58/50 64/992/1006 25/35/29
f 63/65/56 48/50/43 47/49/42
f 190/63/1007 189/193/1008 1040/64/41
f 52/53/46 51/52/45 56/55/47
s 0
f 73/76/40 183/991/40 43/45/40
f 43/45/40 181/189/40 72/75/40
f 177/185/1009 187/54/1009 22/20/1009
f 190/63/40 1041/993/40 188/194/40
f 599/575/303 713/994/303 598/573/303
s 1
f 600/584/1010 714/995/40 601/585/1011
f 602/576/593 620/598/613 603/577/594
f 1043/996/1012 600/584/1013 609/583/1014
f 625/603/619 1044/997/1015 1043/996/609
f 615/593/608 617/595/610 1045/998/1016
f 1045/998/1016 1046/999/1017 615/593/608
s 0
f 715/1000/62 716/1001/62 601/585/62
s 1
f 601/585/1011 714/995/40 715/1000/303
f 1047/1002/1018 607/581/598 619/615/623
f 1043/996/609 1044/997/1015 1048/1003/1019
f 624/602/618 1044/997/1015 625/603/619
s 0
f 969/935/954 1049/1004/954 1050/950/954
f 1050/950/954 967/933/954 969/935/954
s 1
f 1051/1004/1020 969/935/959 984/949/958
f 925/887/912 914/880/906 915/968/988
f 925/887/912 966/886/907 914/880/906
f 941/903/925 929/891/915 931/893/917
f 931/893/917 929/891/915 928/890/914
f 928/890/914 932/894/914 931/893/917
s 0
f 976/942/955 1052/1005/955 1053/959/955
f 1053/959/955 977/943/955 976/942/955
s 1
f 1054/1005/1021 976/942/955 999/958/973
f 1055/940/1022 977/943/977 1002/961/976
f 1014/970/990 936/899/921 925/887/912
f 925/887/912 915/968/988 1014/970/990
f 923/884/910 1012/967/987 922/883/909
f 1058/1006/1023 1059/1007/1024 1057/1008/1025
f 1062/1009/1026 1035/988/1001 1037/990/1003
f 1034/987/1000 1036/989/1002 1063/1010/1027
f 926/888/913 930/892/916 927/889/914
f 930/892/916 933/895/914 927/889/914
f 1023/978/992 1026/1011/60 1019/974/60
f 1023/978/992 1019/974/60 1022/977/60
f 1064/1012/1028 1065/1013/1029 1066/1014/1030
f 1066/1014/1030 1067/1015/1031 1064/1012/1028
f 1066/1014/1030 1068/1016/1032 1069/1017/1033
f 1069/1017/1033 1067/1015/1031 1066/1014/1030
f 1070/1018/1034 1071/1019/1035 1072/1020/60
f 1074/1021/1036 1075/1022/1037 1076/1023/1038
f 1076/1023/1038 1077/1024/1039 1074/1021/1036
f 1076/1023/1038 1078/1025/1040 1079/1026/1041
f 1079/1026/1041 1077/1024/1039 1076/1023/1038
f 1080/1027/1042 1077/1024/1039 1079/1026/1041
f 1081/1028/1043 1082/1029/1044 1083/1030/1045
f 1083/1030/1045 1084/1031/1046 1081/1028/1043
f 1307/1032/1047 1154/1033/1048 1304/1034/1049
f 1086/1035/1050 1088/1036/1051 1089/1037/1052
f 1089/1037/1052 1090/1038/1053 1085/1039/1054
f 1085/1039/1054 1086/1035/1050 1089/1037/1052
f 1092/1040/1055 1093/1041/1056 1091/1042/1057
f 1095/1043/1058 1096/1044/1059 1094/1045/1060
f 1095/1043/1058 1097/1046/1061 1098/1047/1062
f 1098/1047/1062 1096/1044/1059 1095/1043/1058
f 1096/1044/1059 1099/1048/1063 1094/1045/1060
f 1100/1049/1064 1102/1050/2 1103/1051/2
f 1103/1051/2 1104/1052/2 1100/1049/1064
f 1105/1053/1065 1106/1054/2 1107/1055/2
f 1107/1055/2 1108/1056/2 1105/1053/1065
f 1109/1057/1066 1110/1058/1067 1111/1059/1068
f 1111/1059/1068 1112/1060/1069 1109/1057/1066
f 1111/1059/1068 1113/1061/1070 1114/1062/1071
f 1114/1062/1071 1112/1060/1069 1111/1059/1068
f 1118/1063/1072 1119/1064/1073 1120/1065/1074
f 1120/1065/1074 1121/1066/1075 1118/1063/1072
f 1120/1065/1074 1110/1058/1067 1109/1057/1066
f 1109/1057/1066 1121/1066/1075 1120/1065/1074
f 1069/1017/1033 1068/1016/1032 1124/1067/1076
f 1124/1067/1076 1125/1068/1077 1069/1017/1033
f 1124/1067/1076 1119/1064/1073 1118/1063/1072
f 1118/1063/1072 1125/1068/1077 1124/1067/1076
f 1126/1069/1078 1071/1019/1035 1070/1018/1034
f 1127/1070/1079 1128/1071/1080 1129/1072/1081
f 1129/1072/1081 1130/1073/1082 1127/1070/1079
f 1129/1072/1081 1131/1074/1083 1132/1075/1084
f 1132/1075/1084 1130/1073/1082 1129/1072/1081
f 1133/1076/1085 1134/1077/1086 1135/1078/1087
f 1135/1078/1087 1136/1079/1088 1133/1076/1085
f 1135/1078/1087 1137/1080/1089 1138/1081/1090
f 1138/1081/1090 1136/1079/1088 1135/1078/1087
f 1139/1082/1091 1140/1083/1092 1141/1084/1093
f 1141/1084/1093 1142/1085/1094 1139/1082/1091
f 1141/1084/1093 1128/1071/1080 1127/1070/1079
f 1127/1070/1079 1142/1085/1094 1141/1084/1093
f 1138/1081/1090 1137/1080/1089 1143/1086/1095
f 1143/1086/1095 1144/1087/1094 1138/1081/1090
f 1143/1086/1095 1145/1088/1096 1146/1089/1097
f 1146/1089/1097 1144/1087/1094 1143/1086/1095
f 1147/1090/1098 1148/1091/1099 1149/1092/1100
f 1149/1092/1100 1150/1093/1101 1147/1090/1098
f 1149/1092/1100 1140/1083/1092 1139/1082/1091
f 1139/1082/1091 1150/1093/1101 1149/1092/1100
f 1146/1089/1097 1145/1088/1096 1151/1094/1102
f 1151/1094/1102 1152/1095/1103 1146/1089/1097
f 1151/1094/1102 1073/1096/1104 1153/1097/1105
f 1153/1097/1105 1152/1095/1103 1151/1094/1102
f 1154/1033/1048 1155/1098/1106 1156/1099/1107
f 1156/1099/1107 1157/1100/1108 1158/1101/1109
f 1158/1101/1109 1154/1033/1048 1156/1099/1107
f 1158/1101/1109 1304/1034/1049 1154/1033/1048
f 1208/1102/1110 1212/1103/1111 1159/1104/1112
f 1160/1105/1113 1161/1106/1114 1162/1030/1115
f 1162/1030/1115 1163/1029/1116 1164/1107/1117
f 1164/1107/1117 1160/1105/1113 1162/1030/1115
f 1160/1105/1113 1164/1107/1117 1309/1108/1118
f 1165/1109/1119 1222/1110/1120 1166/1111/1121
f 1168/1112/1122 1169/1113/1123 1170/1114/1124
f 1170/1114/1124 1167/1115/1125 1168/1112/1122
f 1321/1116/2 1323/1117/1126 1167/1115/1125
f 1100/1049/1064 1101/1118/1127 1168/1112/1122
f 1168/1112/1122 1167/1115/1125 1100/1049/1064
f 1167/1115/1125 1323/1117/1126 1171/1119/2
f 1171/1119/2 1102/1050/2 1100/1049/1064
f 1100/1049/1064 1167/1115/1125 1171/1119/2
s 0
f 1173/1120/1128 1174/1121/1128 1172/1122/1128
f 1173/1120/2 1175/1123/2 1176/1124/2
f 1176/1124/2 1174/1121/2 1173/1120/2
f 1178/1125/1128 1172/1122/1128 1177/1126/1128
s 1
f 1182/1045/1129 1180/1127/1130 1181/1128/1131
f 1182/1045/1129 1183/1048/1132 1180/1127/1130
f 1181/1128/1131 1180/1127/1130 1105/1053/1065
f 1184/1129/2 1106/1054/2 1105/1053/1065
f 1105/1053/1065 1180/1127/1130 1184/1129/2
s 0
f 1186/1130/1126 1187/1131/1126 1185/1132/1126
f 1186/1130/2 1188/1133/2 1189/1134/2
f 1189/1134/2 1187/1131/2 1186/1130/2
f 1191/1135/1126 1185/1132/1126 1190/1136/1126
s 1
f 1402/1137/1133 1228/1138/1134 1193/1139/1135
f 1408/1140/1136 1242/1141/1137 1194/1142/1138
f 1194/1142/1138 1249/1143/1139 1254/1144/1140
f 1266/1145/1141 1259/1146/1142 1258/1147/1143
f 1195/1148/1144 1196/1149/1145 1197/1150/1146
f 1197/1150/1146 1198/1151/1147 1195/1148/1144
f 1197/1150/1146 1199/1152/1148 1200/1153/1149
f 1200/1153/1149 1198/1151/1147 1197/1150/1146
f 1278/1154/1150 1272/1155/1151 1271/1156/1152
f 1201/1157/1153 1202/1158/1154 1203/1159/1155
f 1203/1159/1155 1204/1160/1156 1201/1157/1153
f 1203/1159/1155 1205/1161/1157 1206/1162/1158
f 1206/1162/1158 1204/1160/1156 1203/1159/1155
f 1159/1104/1112 1196/1149/1145 1195/1148/1144
f 1195/1148/1144 1207/1163/1159 1159/1104/1112
f 1159/1104/1112 1207/1163/1159 1208/1102/1110
f 1208/1102/1110 1207/1163/1159 1263/1164/1160
f 1208/1102/1110 1209/1165/1161 1210/1166/1162
f 1210/1166/1162 1211/1167/1163 1212/1103/1111
f 1212/1103/1111 1208/1102/1110 1210/1166/1162
f 1215/1168/1164 1213/1169/1165 1214/1170/1166
f 1214/1170/1166 1208/1102/1110 1215/1168/1164
f 1214/1170/1166 1209/1165/1161 1208/1102/1110
f 1215/1168/1164 1216/1013/1167 1217/1171/1168
f 1217/1171/1168 1213/1169/1165 1215/1168/1164
f 1215/1168/1164 1208/1102/1110 1263/1164/1160
f 1166/1111/1121 1202/1158/1154 1201/1157/1153
f 1201/1157/1153 1218/1172/1169 1166/1111/1121
f 1166/1111/1121 1218/1172/1169 1165/1109/1119
f 1165/1109/1119 1218/1172/1169 1279/1173/1170
f 1165/1109/1119 1219/1174/1171 1220/1175/1172
f 1220/1175/1172 1221/1176/1173 1222/1110/1120
f 1222/1110/1120 1165/1109/1119 1220/1175/1172
f 1279/1173/1170 1271/1156/1152 1165/1109/1119
f 1225/1177/1174 1223/1178/1175 1224/1179/1176
f 1224/1179/1176 1165/1109/1119 1225/1177/1174
f 1224/1179/1176 1219/1174/1171 1165/1109/1119
f 1165/1109/1119 1271/1156/1152 1225/1177/1174
f 1225/1177/1174 1226/1180/1177 1227/1181/1178
f 1227/1181/1178 1223/1178/1175 1225/1177/1174
f 1229/1182/1179 1230/1167/1180 1231/1183/1181
f 1231/1183/1181 1232/1184/1182 1229/1182/1179
f 1233/1185/1183 1234/1186/1184 1193/1139/1135
f 1239/1187/1185 1236/1188/1186 1237/1189/1187
f 1237/1189/1187 1235/1190/1188 1239/1187/1185
f 1238/1191/1189 1235/1190/1188 1237/1189/1187
f 1239/1187/1185 1235/1190/1188 1396/1192/1190
f 1269/1193/1191 1215/1168/1164 1263/1164/1160
f 1269/1193/1191 1240/1016/1192 1241/1014/1193
f 1241/1014/1193 1215/1168/1164 1269/1193/1191
f 1241/1014/1193 1216/1013/1167 1215/1168/1164
f 1243/1110/1194 1244/1176/1195 1245/1194/1196
f 1245/1194/1196 1246/1195/1197 1243/1110/1194
f 1247/1196/1198 1248/1197/1199 1249/1143/1139
f 1249/1143/1139 1194/1142/1138 1247/1196/1198
f 1255/1198/1200 1250/1199/1201 1251/1200/1202
f 1251/1200/1202 1254/1144/1140 1255/1198/1200
f 1251/1200/1202 1252/1201/1203 1253/1202/1204
f 1253/1202/1204 1254/1144/1140 1251/1200/1202
f 1255/1198/1200 1254/1144/1140 1249/1143/1139
f 1282/1203/1205 1225/1177/1174 1271/1156/1152
f 1282/1203/1205 1256/1091/1206 1257/1204/1207
f 1257/1204/1207 1225/1177/1174 1282/1203/1205
f 1257/1204/1207 1226/1180/1177 1225/1177/1174
f 1201/1157/1153 1276/1205/1208 1279/1173/1170
f 1279/1173/1170 1218/1172/1169 1201/1157/1153
f 1259/1146/1142 1260/1061/1209 1261/1059/1210
f 1261/1059/1210 1258/1147/1143 1259/1146/1142
f 1261/1059/1210 1262/1058/1211 1258/1147/1143
f 1264/1206/1212 1265/1207/1213 1266/1145/1141
f 1266/1145/1141 1263/1164/1160 1264/1206/1212
f 1258/1147/1143 1263/1164/1160 1266/1145/1141
f 1258/1147/1143 1262/1058/1211 1267/1065/1214
f 1267/1065/1214 1268/1064/1215 1269/1193/1191
f 1269/1193/1191 1258/1147/1143 1267/1065/1214
f 1263/1164/1160 1258/1147/1143 1269/1193/1191
f 1269/1193/1191 1268/1064/1215 1270/1067/1216
f 1270/1067/1216 1240/1016/1192 1269/1193/1191
f 1195/1148/1144 1264/1206/1212 1263/1164/1160
f 1263/1164/1160 1207/1163/1159 1195/1148/1144
f 1272/1155/1151 1273/1074/1217 1274/1072/1218
f 1274/1072/1218 1271/1156/1152 1272/1155/1151
f 1274/1072/1218 1275/1071/1219 1271/1156/1152
f 1276/1205/1208 1277/1208/1220 1278/1154/1150
f 1278/1154/1150 1279/1173/1170 1276/1205/1208
f 1271/1156/1152 1279/1173/1170 1278/1154/1150
f 1271/1156/1152 1275/1071/1219 1280/1084/1221
f 1280/1084/1221 1281/1083/1222 1282/1203/1205
f 1282/1203/1205 1271/1156/1152 1280/1084/1221
f 1282/1203/1205 1281/1083/1222 1283/1092/1223
f 1283/1092/1223 1256/1091/1206 1282/1203/1205
f 1284/1209/1224 1285/1210/1225 1286/1211/1226
f 1286/1211/1226 1287/1212/1227 1284/1209/1224
f 1286/1211/1226 1288/1213/1228 1289/1214/1229
f 1289/1214/1229 1287/1212/1227 1286/1211/1226
f 1289/1214/1229 1237/1189/1187 1290/1215/1230
f 1290/1215/1230 1287/1212/1227 1289/1214/1229
f 1284/1209/1224 1287/1212/1227 1290/1215/1230
f 1198/1151/1147 1299/1216/1231 1195/1148/1144
f 1200/1153/1149 1299/1216/1231 1198/1151/1147
f 1291/1036/1232 1292/1217/1233 1293/1218/1234
f 1293/1218/1234 1294/1219/1235 1291/1036/1232
f 1293/1218/1234 1295/1220/1236 1252/1201/1203
f 1252/1201/1203 1294/1219/1235 1293/1218/1234
f 1294/1219/1235 1412/1221/1237 1291/1036/1232
f 1303/1222/1238 1204/1160/1156 1206/1162/1158
f 1303/1222/1238 1276/1205/1208 1201/1157/1153
f 1201/1157/1153 1204/1160/1156 1303/1222/1238
f 1296/1223/1239 1297/1100/1240 1298/1224/1241
f 1298/1224/1241 1299/1216/1231 1296/1223/1239
f 1298/1224/1241 1265/1207/1213 1264/1206/1212
f 1264/1206/1212 1299/1216/1231 1298/1224/1241
f 1200/1153/1149 1296/1223/1239 1299/1216/1231
f 1299/1216/1231 1264/1206/1212 1195/1148/1144
f 1300/1225/1242 1301/1029/1243 1302/1226/1244
f 1302/1226/1244 1303/1222/1238 1300/1225/1242
f 1302/1226/1244 1277/1208/1220 1276/1205/1208
f 1276/1205/1208 1303/1222/1238 1302/1226/1244
f 1206/1162/1158 1300/1225/1242 1303/1222/1238
f 1304/1034/1049 1305/1152/1245 1306/1227/1246
f 1306/1227/1246 1307/1032/1047 1304/1034/1049
f 1306/1227/1246 1308/1228/1247 1307/1032/1047
f 1309/1108/1118 1310/1161/1248 1311/1229/1249
f 1311/1229/1249 1312/1230/1250 1309/1108/1118
f 1311/1229/1249 1313/1231/1251 1312/1230/1250
f 1309/1108/1118 1312/1230/1250 1160/1105/1113
s 0
f 1188/1133/2 1314/1232/2 1315/1233/2
f 1188/1133/2 1319/1234/2 1093/1041/2
f 1093/1041/2 1314/1232/2 1188/1133/2
f 1316/1124/2 1175/1123/2 1317/1235/2
f 1317/1235/2 1098/1047/2 1316/1124/2
f 1167/1115/2 1170/1114/2 1318/1236/2
f 1318/1236/2 1319/1234/2 1320/1237/2
f 1320/1237/2 1167/1115/2 1318/1236/2
f 1321/1116/1128 1167/1115/1128 1320/1237/1128
f 1323/1117/1128 1321/1116/1128 1322/1238/1128
s 1
f 1174/1121/1252 1176/1124/1253 1324/1239/1254
f 1101/1118/1127 1174/1121/1252 1324/1239/1254
f 1174/1121/1252 1177/1126/1126 1172/1122/2
f 1179/1240/2 1177/1126/1126 1174/1121/1252
f 1100/1049/1064 1174/1121/1252 1101/1118/1127
f 1100/1049/1064 1104/1052/2 1179/1240/2
f 1179/1240/2 1174/1121/1252 1100/1049/1064
s 0
f 1183/1048/2 1325/1241/2 1326/1242/2
f 1326/1242/2 1180/1127/2 1183/1048/2
f 1327/1243/1126 1180/1127/1126 1326/1242/1126
f 1328/1244/2 1329/1245/2 1180/1127/2
f 1180/1127/1128 1327/1243/1128 1328/1244/1128
f 1180/1127/1255 1329/1245/1255 1184/1129/1255
s 1
f 1187/1131/1256 1189/1134/1257 1330/1246/1258
f 1331/1247/1259 1187/1131/1256 1330/1246/1258
f 1187/1131/1256 1190/1136/1128 1185/1132/2
f 1192/1248/2 1190/1136/1128 1187/1131/1256
f 1331/1247/1259 1181/1128/1131 1105/1053/1065
f 1105/1053/1065 1187/1131/1256 1331/1247/1259
f 1105/1053/1065 1108/1056/2 1192/1248/2
f 1192/1248/2 1187/1131/1256 1105/1053/1065
s 0
f 1332/1130/2 1333/1249/2 1188/1133/2
f 1334/1130/2 1335/1132/2 1336/1135/2
f 1336/1135/2 1333/1249/2 1334/1130/2
f 1336/1135/2 1337/1136/2 1338/1250/2
f 1338/1250/2 1339/1249/2 1336/1135/2
f 1338/1250/2 1340/1056/2 1341/1055/2
f 1341/1055/2 1333/1249/2 1338/1250/2
f 1341/1055/2 1342/1054/2 1343/1129/2
f 1343/1129/2 1333/1249/2 1341/1055/2
f 1343/1129/2 1329/1245/2 1328/1244/2
f 1328/1244/2 1339/1249/2 1343/1129/2
f 1344/1244/2 1345/1243/2 1346/1242/2
f 1346/1242/2 1339/1249/2 1344/1244/2
f 1326/1242/2 1347/1241/2 1348/1251/2
f 1348/1251/2 1333/1249/2 1326/1242/2
f 1348/1251/2 1317/1235/2 1333/1249/2
f 1333/1249/2 1319/1234/2 1188/1133/2
s 1
f 1071/1019/1035 1349/1252/1260 1072/1020/60
f 1350/1253/1261 1351/1180/1262 1352/1204/1263
f 1352/1204/1263 1353/1254/1260 1350/1253/1261
f 1352/1204/1263 1148/1091/1099 1147/1090/1098
f 1147/1090/1098 1353/1254/1260 1352/1204/1263
f 1153/1097/1105 1073/1096/1104 1072/1020/60
f 1072/1020/60 1349/1252/1260 1153/1097/1105
f 1078/1025/1040 1354/1255/1264 1355/1256/1265
f 1355/1256/1265 1079/1026/1041 1078/1025/1040
f 1356/1227/1266 1357/1152/1267 1358/1257/1268
f 1358/1257/1268 1359/1258/1269 1356/1227/1266
f 1360/1209/1270 1080/1027/1042 1079/1026/1041
f 1361/1259/1271 1362/1217/1272 1088/1036/1051
f 1088/1036/1051 1087/1260/1273 1361/1259/1271
f 1086/1035/1050 1087/1260/1273 1088/1036/1051
f 1093/1041/1056 1092/1040/1055 1363/1261/1274
f 1363/1261/1274 1314/1232/1275 1093/1041/1056
f 1364/1262/1276 1314/1232/1275 1363/1261/1274
f 1364/1262/1276 1315/1233/1277 1314/1232/1275
f 1365/1263/1278 1098/1047/1062 1097/1046/1061
f 1365/1263/1278 1316/1124/1279 1098/1047/1062
f 1116/1264/1280 1115/1265/1281 1366/1266/1282
f 1366/1266/1282 1367/1267/1283 1116/1264/1280
f 1368/1194/1284 1369/1176/1285 1370/1175/1286
f 1370/1175/1286 1371/1268/1287 1368/1194/1284
f 1370/1175/1286 1372/1174/1288 1373/1269/1289
f 1373/1269/1289 1371/1268/1287 1370/1175/1286
f 1374/1270/1290 1117/1271/1291 1116/1264/1280
f 1116/1264/1280 1367/1267/1283 1374/1270/1290
f 1122/1272/1292 1117/1271/1291 1374/1270/1290
f 1374/1270/1290 1375/1273/1293 1122/1272/1292
f 1373/1269/1289 1372/1174/1288 1376/1179/1294
f 1376/1179/1294 1377/1274/1295 1373/1269/1289
f 1376/1179/1294 1378/1178/1296 1379/1275/1297
f 1379/1275/1297 1377/1274/1295 1376/1179/1294
f 1380/1276/1298 1123/1277/1299 1122/1272/1292
f 1122/1272/1292 1375/1273/1293 1380/1276/1298
f 1126/1069/1078 1123/1277/1299 1380/1276/1298
f 1380/1276/1298 1381/1278/1300 1126/1069/1078
f 1379/1275/1297 1378/1178/1296 1382/1181/1301
f 1382/1181/1301 1383/1279/1300 1379/1275/1297
f 1382/1181/1301 1351/1180/1262 1350/1253/1261
f 1350/1253/1261 1383/1279/1300 1382/1181/1301
f 1126/1069/1078 1381/1278/1300 1071/1019/1035
f 1384/1183/1302 1385/1167/1303 1386/1166/1304
f 1386/1166/1304 1387/1280/1305 1384/1183/1302
f 1386/1166/1304 1388/1165/1306 1389/1281/1307
f 1389/1281/1307 1387/1280/1305 1386/1166/1304
f 1389/1281/1307 1388/1165/1306 1390/1170/1308
f 1390/1170/1308 1391/1282/1309 1389/1281/1307
f 1390/1170/1308 1392/1169/1310 1393/1283/1311
f 1393/1283/1311 1391/1282/1309 1390/1170/1308
f 1393/1283/1311 1392/1169/1310 1394/1171/1312
f 1394/1171/1312 1395/1284/1313 1393/1283/1311
f 1394/1171/1312 1065/1013/1029 1064/1012/1028
f 1064/1012/1028 1395/1284/1313 1394/1171/1312
f 1235/1190/1188 1193/1139/1135 1396/1192/1190
f 1396/1192/1190 1401/1285/1314 1239/1187/1185
f 1249/1143/1139 1407/1286/1315 1255/1198/1200
f 1234/1186/1184 1396/1192/1190 1193/1139/1135
f 1397/1075/1316 1398/1074/1317 1399/1287/1318
f 1399/1287/1318 1400/1288/1319 1397/1075/1316
f 1238/1191/1189 1237/1189/1187 1289/1214/1229
f 1289/1214/1229 1288/1213/1228 1402/1137/1133
f 1402/1137/1133 1238/1191/1189 1289/1214/1229
f 1193/1139/1135 1238/1191/1189 1402/1137/1133
f 1235/1190/1188 1238/1191/1189 1193/1139/1135
f 1403/1062/1320 1404/1061/1321 1405/1289/1322
f 1405/1289/1322 1406/1290/1323 1403/1062/1320
f 1252/1201/1203 1295/1220/1236 1408/1140/1136
f 1408/1140/1136 1253/1202/1204 1252/1201/1203
f 1194/1142/1138 1253/1202/1204 1408/1140/1136
f 1254/1144/1140 1253/1202/1204 1194/1142/1138
f 1237/1189/1187 1236/1188/1186 1409/1291/1324
f 1409/1291/1324 1290/1215/1230 1237/1189/1187
f 1409/1291/1324 1410/1292/1325 1411/1027/1326
f 1411/1027/1326 1290/1215/1230 1409/1291/1324
f 1411/1027/1326 1284/1209/1224 1290/1215/1230
f 1294/1219/1235 1252/1201/1203 1251/1200/1202
f 1251/1200/1202 1412/1221/1237 1294/1219/1235
f 1251/1200/1202 1250/1199/1201 1413/1293/1327
f 1413/1293/1327 1412/1221/1237 1251/1200/1202
f 1413/1293/1327 1414/1038/1328 1412/1221/1237
s 0
f 1415/1236/2 1093/1041/2 1319/1234/2
f 1415/1236/1329 1091/1042/1329 1093/1041/1329
f 1098/1047/2 1317/1235/2 1348/1251/2
f 1348/1251/2 1096/1044/2 1098/1047/2
f 1348/1251/2 1325/1241/2 1099/1048/2
f 1099/1048/2 1096/1044/2 1348/1251/2
f 1317/1235/2 1416/1294/2 1333/1249/2
f 1317/1235/2 1417/1123/2 1418/1120/2
f 1418/1120/2 1419/1294/2 1317/1235/2
f 1420/1120/2 1421/1122/2 1422/1125/2
f 1422/1125/2 1423/1294/2 1420/1120/2
f 1424/1125/2 1425/1126/2 1426/1240/2
f 1426/1240/2 1419/1294/2 1424/1125/2
f 1427/1240/2 1428/1052/2 1429/1295/2
f 1429/1295/2 1416/1294/2 1427/1240/2
f 1429/1295/2 1430/1050/2 1431/1296/2
f 1431/1296/2 1416/1294/2 1429/1295/2
f 1171/1119/2 1432/1117/2 1433/1238/2
f 1433/1238/2 1416/1294/2 1171/1119/2
f 1433/1238/2 1434/1116/2 1320/1237/2
f 1320/1237/2 1416/1294/2 1433/1238/2
f 1319/1234/2 1416/1294/2 1435/1237/2
f 1333/1249/2 1416/1294/2 1319/1234/2
s 1
f 1436/1297/1330 1437/1298/1330 1438/1299/60
f 1438/1299/60 1439/1300/60 1436/1297/1330
f 1440/1301/1331 1441/1302/1331 1437/1298/1330
f 1437/1298/1330 1436/1297/1330 1440/1301/1331
f 1442/1303/1332 1443/1304/1332 1441/1302/1331
f 1441/1302/1331 1440/1301/1331 1442/1303/1332
f 1444/1305/1333 1445/1306/1333 1443/1304/1332
f 1443/1304/1332 1442/1303/1332 1444/1305/1333
f 1446/1307/1334 1447/1308/1334 1445/1306/1333
f 1445/1306/1333 1444/1305/1333 1446/1307/1334
f 1448/1309/1335 1449/1310/1335 1447/1308/1334
f 1447/1308/1334 1446/1307/1334 1448/1309/1335
f 1450/1311/1336 1451/1312/1336 1449/1310/1335
f 1449/1310/1335 1448/1309/1335 1450/1311/1336
f 1451/1312/1336 1450/1311/1336 1452/1313/1337
f 1451/1312/1336 1452/1313/1337 1453/1314/1337
f 1454/1315/1338 1455/1316/1338 1453/1314/1337
f 1453/1314/1337 1452/1313/1337 1454/1315/1338
f 1456/1317/1339 1457/1318/1339 1455/1316/1338
f 1455/1316/1338 1454/1315/1338 1456/1317/1339
f 1458/1319/1340 1459/1320/1341 1457/1318/1339
f 1457/1318/1339 1456/1317/1339 1458/1319/1340
f 1460/1321/1342 1461/1322/1342 1462/1323/1343
f 1462/1323/1343 1463/1324/1340 1460/1321/1342
f 1464/1325/1344 1465/1326/1344 1461/1322/1342
f 1461/1322/1342 1460/1321/1342 1464/1325/1344
f 1466/1327/1345 1467/1328/1345 1465/1326/1344
f 1465/1326/1344 1464/1325/1344 1466/1327/1345
f 1468/1329/1346 1469/1330/1346 1467/1328/1345
f 1467/1328/1345 1466/1327/1345 1468/1329/1346
f 1470/1331/275 1471/1332/275 1469/1330/1346
f 1469/1330/1346 1468/1329/1346 1470/1331/275
f 1472/1333/1347 1473/1334/1347 1471/1332/275
f 1471/1332/275 1470/1331/275 1472/1333/1347
f 1474/1335/1348 1475/1336/1348 1473/1334/1347
f 1473/1334/1347 1472/1333/1347 1474/1335/1348
f 1476/1337/1349 1477/1338/1349 1475/1336/1348
f 1475/1336/1348 1474/1335/1348 1476/1337/1349
f 1478/1339/1350 1479/1340/1350 1477/1338/1349
f 1477/1338/1349 1476/1337/1349 1478/1339/1350
f 1480/1341/1351 1481/1342/1351 1479/1340/1350
f 1479/1340/1350 1478/1339/1350 1480/1341/1351
f 1482/1343/1352 1483/1344/1352 1484/1345/1351
f 1484/1345/1351 1485/1346/1351 1482/1343/1352
f 1486/1347/1353 1487/1348/1353 1483/1344/1352
f 1483/1344/1352 1482/1343/1352 1486/1347/1353
f 1488/1349/1354 1489/1350/1354 1487/1348/1353
f 1487/1348/1353 1486/1347/1353 1488/1349/1354
f 1490/1351/1355 1491/1352/1355 1489/1350/1354
f 1489/1350/1354 1488/1349/1354 1490/1351/1355
f 1492/1353/1356 1493/1354/1356 1491/1352/1355
f 1491/1352/1355 1490/1351/1355 1492/1353/1356
f 1494/1355/1357 1495/1356/1357 1493/1354/1356
f 1493/1354/1356 1492/1353/1356 1494/1355/1357
f 1496/1357/1358 1497/1358/1358 1495/1356/1357
f 1495/1356/1357 1494/1355/1357 1496/1357/1358
f 1498/1359/1359 1499/1360/1359 1497/1358/1358
f 1497/1358/1358 1496/1357/1358 1498/1359/1359
f 1500/1361/1360 1501/1362/1360 1499/1360/1359
f 1499/1360/1359 1498/1359/1359 1500/1361/1360
f 1502/1363/1361 1503/1364/1361 1501/1362/1360
f 1501/1362/1360 1500/1361/1360 1502/1363/1361
f 1504/1365/2 1505/1366/2 1503/1364/1361
f 1503/1364/1361 1502/1363/1361 1504/1365/2
f 1506/1367/1362 1507/1368/1362 1505/1366/2
f 1505/1366/2 1504/1365/2 1506/1367/1362
f 1508/1369/1363 1509/1370/1363 1507/1368/1362
f 1507/1368/1362 1506/1367/1362 1508/1369/1363
f 1510/1371/1364 1511/1372/1364 1509/1370/1363
f 1509/1370/1363 1508/1369/1363 1510/1371/1364
f 1512/1373/1365 1513/1374/1365 1511/1372/1364
f 1511/1372/1364 1510/1371/1364 1512/1373/1365
f 1514/1375/1366 1515/1376/1366 1513/1374/1365
f 1513/1374/1365 1512/1373/1365 1514/1375/1366
f 1516/1377/1367 1517/1378/1367 1515/1376/1366
f 1515/1376/1366 1514/1375/1366 1516/1377/1367
f 1518/1379/1368 1519/1380/1368 1517/1378/1367
f 1517/1378/1367 1516/1377/1367 1518/1379/1368
f 1520/1381/1369 1521/1382/1369 1519/1380/1368
f 1519/1380/1368 1518/1379/1368 1520/1381/1369
f 1522/1383/1370 1523/1384/1370 1521/1382/1369
f 1521/1382/1369 1520/1381/1369 1522/1383/1370
f 1524/1385/1371 1525/1386/1372 1523/1384/1370
f 1523/1384/1370 1522/1383/1370 1524/1385/1371
f 1526/1387/1373 1527/1388/1373 1525/1386/1372
f 1525/1386/1372 1524/1385/1371 1526/1387/1373
f 1528/1389/1374 1529/1390/1374 1530/1391/1373
f 1530/1391/1373 1531/1392/1373 1528/1389/1374
f 1532/1393/1375 1533/1394/1375 1529/1390/1374
f 1529/1390/1374 1528/1389/1374 1532/1393/1375
f 1534/1395/1376 1535/1396/1376 1533/1394/1375
f 1533/1394/1375 1532/1393/1375 1534/1395/1376
f 1536/1397/1377 1537/1398/1377 1535/1396/1376
f 1535/1396/1376 1534/1395/1376 1536/1397/1377
f 1538/1399/133 1539/1400/133 1537/1398/1377
f 1537/1398/1377 1536/1397/1377 1538/1399/133
f 1540/1401/1378 1541/1402/1378 1539/1400/133
f 1539/1400/133 1538/1399/133 1540/1401/1378
f 1542/1403/1379 1543/1404/1379 1541/1402/1378
f 1541/1402/1378 1540/1401/1378 1542/1403/1379
f 1544/1405/1380 1545/1406/1380 1543/1404/1379
f 1543/1404/1379 1542/1403/1379 1544/1405/1380
f 1546/1407/1381 1547/1408/1381 1545/1406/1380
f 1545/1406/1380 1544/1405/1380 1546/1407/1381
f 1548/1409/1382 1549/1410/1382 1547/1408/1381
f 1547/1408/1381 1546/1407/1381 1548/1409/1382
f 1550/1411/1383 1551/1412/1383 1552/1413/1382
f 1552/1413/1382 1553/1414/1382 1550/1411/1383
f 1554/1415/1384 1555/1416/1384 1551/1412/1383
f 1551/1412/1383 1550/1411/1383 1554/1415/1384
f 1556/1417/1385 1557/1418/1385 1555/1416/1384
f 1555/1416/1384 1554/1415/1384 1556/1417/1385
f 1558/1419/1386 1559/1420/1386 1557/1418/1385
f 1557/1418/1385 1556/1417/1385 1558/1419/1386
f 1560/1421/1387 1561/1422/1387 1559/1420/1386
f 1559/1420/1386 1558/1419/1386 1560/1421/1387
f 1562/1423/1388 1563/1424/1388 1561/1422/1387
f 1561/1422/1387 1560/1421/1387 1562/1423/1388
f 1564/1425/1389 1565/1426/1389 1563/1424/1388
f 1563/1424/1388 1562/1423/1388 1564/1425/1389
f 1566/1427/1390 1567/1428/1390 1565/1426/1389
f 1565/1426/1389 1564/1425/1389 1566/1427/1390
f 1568/1429/1391 1569/1430/1391 1567/1428/1390
f 1567/1428/1390 1566/1427/1390 1568/1429/1391
f 1570/1431/1392 1571/1432/1392 1569/1430/1391
f 1569/1430/1391 1568/1429/1391 1570/1431/1392
f 1439/1300/60 1438/1299/60 1571/1432/1392
f 1571/1432/1392 1570/1431/1392 1439/1300/60
f 1588/1433/1393 1589/1434/1394 1590/1435/1395
f 1590/1435/1395 1591/1436/1396 1588/1433/1393
f 1592/1437/1397 1593/1438/1398 1594/1439/1399
f 1594/1439/1399 1595/1440/1400 1592/1437/1397
f 1596/1441/1401 1597/1442/1402 1598/1443/1403
f 1598/1443/1403 1599/1444/1404 1596/1441/1401
f 1600/1445/1405 1601/1446/1406 1602/1447/1407
f 1602/1447/1407 1603/1448/1408 1600/1445/1405
f 1604/1449/1409 1597/1442/1402 1596/1441/1401
f 1605/1450/1410 1601/1446/1406 1600/1445/1405
f 1592/1437/1397 1606/1451/1411 1607/1452/1412
f 1607/1452/1412 1593/1438/1398 1592/1437/1397
f 1610/1453/1413 1611/1454/1414 1612/1455/1415
f 1612/1455/1415 1613/1456/1416 1610/1453/1413
f 1617/1457/1417 1653/1458/1418 1616/1459/1419
f 1595/1440/1400 1594/1439/1399 1619/1460/1420
f 1619/1460/1420 1620/1461/1409 1595/1440/1400
s 0
f 1618/1462/1421 1584/1463/1421 1585/1464/1421
f 1621/1465/393 1622/1466/393 1623/1467/393
s 1
f 1603/1448/1408 1602/1447/1407 1588/1433/1393
f 1599/1444/1404 1598/1443/1403 1611/1454/1414
f 1611/1454/1414 1610/1453/1413 1599/1444/1404
f 1591/1436/1396 1590/1435/1395 1616/1459/1419
f 1597/1442/1402 1604/1449/1409 1650/1468/1422
f 1600/1445/1405 1651/1469/1423 1605/1450/1410
f 1602/1447/1407 1589/1434/1394 1588/1433/1393
s 0
f 1623/1467/393 1654/1470/393 1621/1465/393
f 1655/1471/133 1656/1472/133 1625/1473/133
s 1
f 1629/1474/1424 1605/1450/1410 1651/1469/1423
f 1616/1459/1419 1658/1475/1425 1591/1436/1396
s 0
f 1643/1476/1426 1644/1477/1426 1635/1478/1426
f 1635/1478/1426 1636/1479/1426 1643/1476/1426
f 1647/1480/1427 1648/1481/1427 1639/1460/1427
f 1639/1460/1427 1640/1482/1427 1647/1480/1427
s 1
f 1605/1450/1410 1629/1474/1424 1630/1483/1428
f 1631/1484/1429 1607/1452/1412 1606/1451/1411
f 1658/1475/1425 1616/1459/1419 1653/1458/1418
f 1607/1452/1412 1631/1484/1429 1632/1485/1429
f 1578/1486/1430 1627/1487/1431 1686/1488/1432
f 1573/1489/1433 1574/1490/1434 1663/1491/1435
f 1574/1490/1434 1573/1489/1433 1664/1492/1436
f 1665/1493/1437 1576/1494/1438 1575/1495/1439
f 1666/1496/1440 1575/1495/1439 1576/1494/1438
s 0
f 1577/1497/1441 1667/1498/1441 1636/1479/1441
s 1
f 1668/1437/1442 1579/1499/1442 1578/1486/1430
f 1669/1500/1443 1578/1486/1430 1579/1499/1442
s 0
f 1581/1501/275 1670/1502/275 1671/1503/275
f 1671/1503/275 1580/1504/275 1581/1501/275
f 1582/1505/133 1583/1506/133 1672/1507/133
f 1583/1506/133 1582/1505/133 1673/1508/133
s 1
f 1674/1509/1444 1587/1510/1444 1586/1511/1445
f 1675/1512/1446 1586/1511/1445 1587/1510/1444
f 1609/1513/1447 1676/1514/1448 1691/1515/1449
f 1691/1515/1449 1608/1516/1449 1609/1513/1447
f 1680/1517/1450 1614/1518/1451 1615/1519/1452
s 0
f 1636/1479/1441 1635/1478/1441 1624/1448/1441
s 1
f 1624/1448/1441 1577/1497/1441 1636/1479/1441
s 0
f 1618/1462/1453 1639/1460/1453 1681/1520/1453
f 1640/1482/1453 1639/1460/1453 1618/1462/1453
f 1618/1462/1453 1585/1464/1453 1640/1482/1453
f 1624/1448/1441 1635/1478/1441 1682/1521/1441
f 1625/1473/133 1683/1522/133 1655/1471/133
f 1627/1487/1454 1669/1500/1454 1688/1523/1454
s 1
f 1633/1524/1442 1690/1444/1442 1608/1516/1449
f 1608/1516/1449 1691/1515/1449 1633/1524/1442
f 1634/1525/1446 1692/1526/1445 1614/1518/1451
f 1614/1518/1451 1680/1517/1450 1634/1525/1446
s 0
f 1626/1527/275 1684/1528/275 1657/1529/275
f 1685/1530/275 1626/1527/275 1657/1529/275
f 1615/1519/1455 1678/1531/1455 1680/1517/1455
s 1
f 1669/1500/1443 1627/1487/1431 1578/1486/1430
f 1587/1510/1444 1674/1509/1444 1628/1483/1456
f 1628/1483/1456 1689/1532/1456 1587/1510/1444
s 0
f 1697/1533/60 1698/1534/60 1644/1477/60
f 1644/1477/60 1643/1476/60 1697/1533/60
f 1699/1535/2 1700/1536/2 1648/1481/2
f 1648/1481/2 1647/1480/2 1699/1535/2
f 1646/1537/133 1701/1538/133 1660/1539/133
f 1660/1539/133 1645/1540/133 1646/1537/133
f 1649/1541/275 1702/1542/275 1661/1543/275
f 1646/1537/133 1645/1540/133 1638/1544/133
f 1638/1544/133 1637/1545/133 1646/1537/133
f 1659/1546/275 1641/1547/275 1642/1548/275
f 1642/1548/275 1649/1541/275 1659/1546/275
f 1661/1543/275 1659/1546/275 1649/1541/275
f 1699/1535/2 1703/1549/2 1700/1536/2
f 1700/1536/1457 1703/1549/1457 1648/1481/1457
s 1
f 460/433/460 459/432/459 490/463/490
f 461/434/461 460/433/460 494/467/494
f 463/436/463 503/476/503 464/437/464
f 468/441/468 467/440/467 513/486/513
f 477/450/477 476/449/476 533/506/533
f 480/453/480 479/452/479 542/515/542
f 484/457/484 483/456/483 552/525/552
f 459/432/459 458/431/458 485/458/485
f 610/588/602 740/587/601 612/589/603
f 610/588/602 1047/1002/1018 619/615/623
f 586/557/577 570/543/562 623/601/617
s 0
f 767/722/714 731/592/714 733/727/714
f 733/727/1458 766/726/1458 767/722/1458
f 734/728/1459 732/725/1459 765/724/1459
f 765/724/1460 768/729/1460 734/728/1460
s 1
f 732/725/1461 612/589/603 740/587/601
f 612/589/603 732/725/1461 734/728/770
f 817/786/800 863/1550/1462 819/788/801
f 821/790/803 846/792/805 822/791/804
f 845/828/842 877/1551/1463 846/792/805
f 763/721/837 767/722/1464 874/824/838
f 877/1551/1463 867/815/826 823/793/806
f 823/793/806 846/792/805 877/1551/1463
f 607/581/598 606/580/597 619/615/623
f 1715/1552/1465 1063/1010/1027 1036/989/1002
f 1036/989/1002 1716/1553/1466 1715/1552/1465
f 1717/1554/1467 1718/1555/1468 1719/1556/1469
f 1719/1556/1469 1720/1557/1470 1717/1554/1467
f 963/932/953 1717/1554/1467 1720/1557/1470
f 1720/1557/1470 964/930/951 963/932/953
f 948/912/934 1721/1558/1471 949/913/935
f 965/931/952 949/913/935 1721/1558/1471
f 1721/1558/1471 963/932/953 965/931/952
s 0
f 1722/1559/393 1056/1560/393 1060/1561/393
s 1
f 1722/1559/393 1060/1561/393 1061/1562/942
f 1061/1562/942 1718/1555/1468 1722/1559/393
f 1718/1555/1468 1717/1554/1467 1722/1559/393
f 963/932/953 1722/1559/393 1717/1554/1467
f 922/883/909 1721/1558/1471 948/912/934
f 963/932/953 1721/1558/1471 922/883/909
f 1723/1563/1472 900/866/892 1035/988/1001
f 1035/988/1001 1062/1009/1026 1723/1563/1472
f 1724/1564/1473 1033/986/999 1032/985/998
f 1032/985/998 945/908/930 1724/1564/1473
f 1032/985/998 1725/1565/1474 1726/1566/1475
f 1030/1567/1476 945/908/930 1032/985/998
f 1032/985/998 1726/1566/1475 1030/1567/1476
f 945/908/930 1727/1568/1477 892/859/886
f 945/908/930 1030/1567/1476 1727/1568/1477
f 1036/989/1002 1035/988/1001 1716/1553/1466
f 900/866/892 1038/1569/1478 1716/1553/1466
f 1038/1569/1478 900/866/892 899/865/275
f 1725/1565/1474 1032/985/998 962/929/950
f 1727/1568/1477 893/860/887 892/859/886
f 900/866/892 1716/1553/1466 1035/988/1001
f 1713/1570/1479 1714/1571/458 1712/1572/458
f 1729/1573/1480 1728/983/458 1714/1571/458
f 1714/1571/458 1713/1570/1479 1729/1573/1480
f 1730/1574/1481 1016/971/991 1011/966/986
f 1011/966/986 1731/1575/1482 1730/1574/1481
f 1730/1574/1481 1731/1575/1482 1059/1007/1024
f 1059/1007/1024 1058/1006/1023 1730/1574/1481
f 1725/1565/1474 962/929/950 961/928/949
f 961/928/949 1732/1576/1483 1725/1565/1474
f 1726/1566/1475 1725/1565/1474 1732/1576/1483
f 1732/1576/1483 1733/1577/1484 1726/1566/1475
f 1734/1578/1485 1030/1567/1476 1726/1566/1475
f 1726/1566/1475 1733/1577/1484 1734/1578/1485
f 1016/971/991 1730/1574/1481 922/883/909
f 963/932/953 922/883/909 1730/1574/1481
f 1730/1574/1481 1058/1006/1023 963/932/953
f 1572/1579/949 1056/1560/393 1722/1559/393
f 963/932/953 1058/1006/1023 1735/1580/1486
f 1735/1580/1486 1722/1559/393 963/932/953
s 0
f 1714/1571/458 1711/1581/458 1712/1572/458
s 1
f 1729/1573/1480 907/896/918 1728/983/458
f 945/908/930 944/907/929 1724/1564/1473
f 1723/1563/1472 901/867/893 900/866/892
f 935/898/920 934/897/919 941/903/925
f 941/903/925 940/905/927 926/888/913
f 926/888/913 929/891/915 941/903/925
f 935/898/920 931/893/917 930/892/916
f 930/892/916 907/896/918 935/898/920
s 0
f 1027/1582/60 1736/1583/60 1026/1011/60
f 1019/974/60 1026/1011/60 1736/1583/60
f 1019/974/60 1736/1583/60 1017/972/60
s 1
f 934/897/919 1013/1584/1487 913/875/901
f 913/875/901 912/874/900 934/897/919
f 1023/978/992 1025/980/994 1026/1011/60
s 0
f 1019/974/60 1020/975/60 1022/977/60
s 1
f 953/918/940 958/925/947 917/876/902
f 908/923/945 1737/1585/1488 957/924/946
f 908/923/945 909/879/905 1737/1585/1488
f 919/878/904 1738/1586/1489 1737/1585/1488
f 1737/1585/1488 909/879/905 919/878/904
f 1011/966/986 1016/971/991 1012/967/987
f 922/883/909 948/912/934 939/902/924
l 1688 1696
l 1709 1710
l 1685 1695
l 1622 1706
l 188 1042
l 1652 1613
l 1654 1707
l 1676 1677
l 1678 1679
l 1686 1687
l 1701 1704
l 1703 1708
l 1638 1662
l 1683 1693
l 1684 1694
l 1702 1705
