mtllib Suitcase.mtl
o part0
v 0.015346 0.563962 0.106405
v 0.009451 0.563962 0.110577
v 0.015428 0.563962 0.110577
v -0.107770 0.102575 -0.102448
v -0.107770 0.051070 -0.102448
v -0.110352 0.049717 -0.102448
v -0.108305 0.559507 -0.102448
v -0.106625 0.556696 -0.102448
v -0.109746 0.557496 -0.102448
v -0.107770 0.521004 -0.162933
v -0.107770 0.520993 -0.102448
v -0.107770 0.533011 -0.160224
v -0.110352 0.554754 -0.102448
v -0.111946 0.552568 -0.101636
v -0.111946 0.554627 -0.101636
v -0.108305 0.044544 -0.102448
v -0.109746 0.046555 -0.102448
v -0.106625 0.047210 -0.102448
v 0.015427 0.563959 -0.099523
v 0.015428 0.563962 -0.102448
v 0.009451 0.563962 -0.102448
v 0.108473 0.521004 -0.162933
v 0.108473 0.533011 -0.160224
v 0.108473 0.521004 -0.102448
v 0.111055 0.554754 -0.102448
v 0.112649 0.554627 -0.101636
v 0.112649 0.552568 -0.101636
v 0.106954 0.560354 -0.102448
v 0.105312 0.562580 -0.101636
v 0.106954 0.562580 -0.101636
v 0.110448 0.046555 -0.102448
v 0.109008 0.044544 -0.102448
v 0.107327 0.047210 -0.102448
v -0.110352 0.049717 0.110577
v -0.107770 0.102575 0.110577
v -0.110352 0.102664 0.110577
v -0.107770 0.051070 0.110577
v -0.106625 0.556696 0.110577
v -0.108305 0.559507 0.110577
v -0.109746 0.557496 0.110577
v -0.110352 0.554754 0.110577
v -0.111946 0.554627 0.109765
v -0.111946 0.552568 0.109765
v -0.109746 0.046555 0.110577
v -0.108305 0.044544 0.110577
v -0.106625 0.047210 0.110577
v 0.111055 0.554754 0.110577
v 0.112649 0.552568 0.109765
v 0.112649 0.554627 0.109765
v 0.106954 0.560354 0.110577
v 0.106954 0.562580 0.109765
v 0.105312 0.562580 0.109765
v 0.109008 0.044544 0.110577
v 0.110448 0.046555 0.110577
v 0.107327 0.047210 0.110577
v -0.014611 0.040289 -0.096691
v -0.014726 0.039944 -0.102448
v -0.008749 0.039944 -0.102448
v -0.014726 0.563962 -0.102448
v -0.014724 0.563962 -0.099843
v -0.008749 0.563962 -0.102448
v 0.015428 0.563962 -0.102448
v 0.015427 0.563959 -0.099523
v 0.015264 0.562580 -0.101636
v -0.014726 0.039944 0.110577
v -0.014561 0.045610 0.110577
v -0.014478 0.040153 0.105107
v -0.014611 0.040289 -0.096691
v -0.014561 0.045610 -0.102448
v -0.014726 0.039944 -0.102448
v 0.015428 0.039944 -0.102448
v 0.015287 0.039944 -0.096987
v 0.009451 0.039944 -0.102448
v 0.015428 0.039944 -0.102448
v 0.015264 0.045610 -0.102448
v 0.015287 0.039944 -0.096987
v 0.015192 0.039938 0.105107
v 0.015264 0.045610 0.110577
v 0.015428 0.039944 0.110577
v -0.014726 0.039944 0.110577
v -0.014478 0.040153 0.105107
v -0.008749 0.039944 0.110577
v 0.015192 0.039938 0.105107
v 0.015428 0.039944 0.110577
v 0.009451 0.039944 0.110577
v -0.082847 0.563628 -0.039275
v -0.106338 0.563502 -0.039637
v -0.086287 0.541708 -0.039025
v -0.008749 0.563962 0.110577
v -0.014552 0.563996 0.106552
v -0.014726 0.563962 0.110577
v 0.113309 0.551663 -0.099676
v 0.119841 0.521184 -0.077446
v 0.113309 0.521184 -0.099676
v -0.118391 0.538312 0.047088
v -0.114141 0.551663 0.048042
v -0.090161 0.537889 0.047033
v -0.106338 0.563502 0.048041
v -0.082874 0.563630 0.047225
v -0.086275 0.541682 0.046508
v -0.112607 0.551663 0.107805
v -0.119841 0.530263 0.082249
v -0.112607 0.530266 0.107805
v -0.111767 0.559125 0.047972
v -0.109472 0.562329 0.047986
v -0.118391 0.538287 -0.038282
v -0.114141 0.551663 -0.039605
v -0.112607 0.551663 -0.099676
v -0.110352 0.102295 -0.102448
v -0.114141 0.551663 -0.039605
v -0.118391 0.538287 -0.038282
v -0.090173 0.537849 -0.039002
v -0.113038 0.554748 0.048005
v -0.113038 0.554748 -0.039466
v -0.109472 0.562329 -0.039407
v -0.111767 0.559125 -0.039344
v -0.112607 0.530253 -0.099676
v -0.119841 0.530256 -0.077734
v -0.077744 0.563680 0.043363
v -0.082874 0.563630 0.047225
v -0.014552 0.563996 0.106552
v -0.082847 0.563628 -0.039275
v -0.077717 0.563678 -0.035445
v -0.014724 0.563962 -0.099843
v -0.118391 0.538312 0.047088
v -0.119841 0.533278 0.044783
v -0.119841 0.530257 -0.029419
v -0.091032 0.529025 -0.030865
v -0.119841 0.533280 -0.035508
v -0.083251 0.531830 0.038689
v -0.091032 0.529027 0.038454
v -0.083251 0.531830 -0.032560
v -0.077670 0.541889 0.043954
v -0.079767 0.536023 0.041422
v -0.079767 0.536023 -0.033580
v -0.077666 0.541888 -0.035839
v -0.119841 0.533278 0.044783
v -0.119841 0.530262 0.038454
v -0.119841 0.533280 -0.035508
v -0.119714 0.456918 -0.077185
v -0.119100 0.102200 -0.074531
v -0.119710 0.457176 -0.042397
v -0.114141 0.551663 0.048042
v 0.112570 0.078308 -0.099676
v 0.119098 0.078308 -0.075184
v 0.112469 0.044925 -0.099676
v 0.119841 0.521184 0.082077
v 0.113309 0.551663 0.107805
v 0.113309 0.521184 0.107805
v 0.119063 0.078308 0.081850
v 0.112528 0.078308 0.107805
v 0.112469 0.044925 0.107805
v -0.119101 0.102836 0.077952
v -0.119714 0.456845 0.081511
v -0.119710 0.457142 0.050650
v -0.119714 0.457180 0.045208
v -0.119714 0.457155 -0.037123
v -0.014552 0.563996 0.106552
v -0.014561 0.562580 0.109765
v -0.014726 0.563962 0.110577
v 0.015346 0.563962 0.106405
v 0.015428 0.563962 0.110577
v 0.015264 0.562580 0.109765
v -0.014724 0.563962 -0.099843
v -0.014726 0.563962 -0.102448
v -0.014561 0.562580 -0.101636
v -0.107770 0.521004 0.110577
v -0.107770 0.521004 0.171062
v -0.107770 0.533010 0.168353
v 0.108473 0.521004 0.171062
v 0.108473 0.521004 0.110577
v 0.108473 0.533010 0.168353
v 0.108473 0.054116 -0.145830
v 0.108473 0.051070 -0.102448
v 0.108473 0.051515 -0.137656
v 0.108473 0.051457 0.145601
v 0.108473 0.051070 0.110577
v 0.108473 0.054116 0.153959
v -0.057095 0.130058 -0.182188
v -0.054015 0.121594 -0.182188
v -0.057095 0.121050 -0.182188
v -0.051305 0.123158 -0.182188
v -0.049294 0.125554 -0.182188
v -0.048224 0.128494 -0.182188
v -0.048224 0.131622 -0.182188
v -0.049294 0.134562 -0.182188
v -0.051305 0.136959 -0.182188
v -0.054015 0.138523 -0.182188
v -0.057095 0.139066 -0.182188
v -0.060176 0.138523 -0.182188
v -0.062886 0.136959 -0.182188
v -0.064896 0.134562 -0.182188
v -0.065966 0.131622 -0.182188
v -0.065966 0.128494 -0.182188
v -0.064896 0.125554 -0.182188
v -0.062886 0.123158 -0.182188
v -0.060176 0.121594 -0.182188
v -0.090461 0.017895 -0.127962
v -0.089971 0.019854 -0.128740
v -0.088060 0.018874 -0.126993
v -0.083770 0.021482 -0.138584
v -0.082998 0.019854 -0.139810
v -0.081228 0.020668 -0.137839
v -0.087074 0.008273 -0.133338
v -0.088206 0.008880 -0.131542
v -0.085484 0.008576 -0.131082
v -0.082340 0.015763 -0.140855
v -0.082508 0.013631 -0.140588
v -0.080268 0.014697 -0.139363
v -0.089199 0.021482 -0.129966
v -0.088206 0.022646 -0.131542
v -0.086546 0.022064 -0.129396
v -0.089971 0.011672 -0.128740
v -0.090461 0.013631 -0.127962
v -0.088060 0.012651 -0.126993
v -0.087074 0.023253 -0.133338
v -0.085895 0.023253 -0.135211
v -0.084329 0.023253 -0.132917
v -0.083770 0.010044 -0.138584
v -0.084763 0.008880 -0.137008
v -0.082111 0.009462 -0.136438
v -0.082644 0.017895 -0.123037
v -0.084554 0.018874 -0.124784
v -0.082154 0.019854 -0.123815
v -0.075953 0.021482 -0.133660
v -0.077722 0.020668 -0.135631
v -0.075180 0.019854 -0.134886
v -0.079257 0.008273 -0.128414
v -0.081979 0.008576 -0.128874
v -0.080389 0.008880 -0.126617
v -0.074522 0.015763 -0.135930
v -0.076762 0.014697 -0.137155
v -0.074690 0.013631 -0.135664
v -0.081381 0.021482 -0.125042
v -0.083041 0.022064 -0.127188
v -0.080389 0.022646 -0.126617
v -0.082154 0.011672 -0.123815
v -0.084554 0.012651 -0.124784
v -0.082644 0.013631 -0.123037
v -0.079257 0.023253 -0.128414
v -0.080823 0.023253 -0.130709
v -0.078077 0.023253 -0.130287
v -0.075953 0.010044 -0.133660
v -0.078605 0.009462 -0.134230
v -0.076945 0.008880 -0.132084
v -0.099907 0.030365 -0.121146
v -0.100138 0.031067 -0.124322
v -0.097981 0.024633 -0.124137
v -0.096672 0.030770 -0.121375
v -0.094895 0.025497 -0.124136
v -0.087736 0.033925 -0.135597
v -0.093573 0.035488 -0.135027
v -0.090485 0.036306 -0.136171
v -0.092523 0.033426 -0.134847
v -0.098205 0.033259 -0.130487
v -0.096258 0.034420 -0.133121
v -0.095628 0.030333 -0.131972
v -0.087736 0.033925 -0.135597
v -0.094895 0.025497 -0.124136
v -0.086242 0.022994 -0.138587
v -0.086060 0.035131 -0.135740
v -0.096751 0.036044 -0.121311
v -0.087271 0.037126 -0.136372
v -0.087736 0.033925 -0.135597
v -0.083945 0.035883 -0.135919
v -0.086060 0.035131 -0.135740
v -0.094589 0.018543 -0.130639
v -0.093991 0.018547 -0.130262
v -0.093813 0.020705 -0.132067
v -0.089719 0.007862 -0.138247
v -0.091214 0.007851 -0.135874
v -0.090520 0.011768 -0.138815
v -0.094828 0.015779 -0.130227
v -0.094589 0.018543 -0.130639
v -0.093578 0.017314 -0.134023
v -0.089982 0.023768 -0.137804
v -0.088422 0.022820 -0.140477
v -0.090172 0.019676 -0.139457
v -0.087189 0.010643 -0.142295
v -0.088321 0.008831 -0.140477
v -0.093784 0.010595 -0.131825
v -0.094549 0.013018 -0.130639
v -0.093134 0.012924 -0.134679
v -0.086219 0.015841 -0.143894
v -0.086459 0.013077 -0.143482
v -0.088956 0.015821 -0.141344
v -0.086499 0.018601 -0.143482
v -0.093813 0.020705 -0.132067
v -0.087264 0.021025 -0.142295
v -0.092625 0.008800 -0.133643
v -0.092153 0.021026 -0.135802
v -0.091796 0.020378 -0.136887
v -0.092601 0.019820 -0.135604
v -0.093872 0.017591 -0.129992
v -0.093991 0.018547 -0.130262
v -0.089982 0.023768 -0.137804
v -0.087855 0.022994 -0.139568
v -0.088422 0.022820 -0.140477
v -0.085911 0.008849 -0.138959
v -0.084779 0.010660 -0.140777
v -0.087309 0.007879 -0.136729
v -0.084787 0.030474 -0.111622
v -0.082862 0.024743 -0.114613
v -0.081830 0.031200 -0.112789
v -0.085982 0.030847 -0.114641
v -0.077045 0.034002 -0.128863
v -0.084204 0.025574 -0.117402
v -0.075055 0.035621 -0.123362
v -0.075650 0.033548 -0.124219
v -0.075366 0.036415 -0.126647
v -0.077127 0.033411 -0.117210
v -0.076870 0.030468 -0.120156
v -0.075604 0.034569 -0.120111
v -0.077045 0.034002 -0.128863
v -0.074881 0.023076 -0.131431
v -0.084204 0.025574 -0.117402
v -0.086060 0.036121 -0.114577
v -0.077653 0.035192 -0.130445
v -0.077045 0.034002 -0.128863
v -0.076581 0.037204 -0.129638
v -0.078412 0.035923 -0.132434
v -0.077653 0.035192 -0.130445
v -0.078400 0.018660 -0.120441
v -0.077469 0.020823 -0.121772
v -0.078998 0.018656 -0.120818
v -0.073530 0.007979 -0.128049
v -0.072712 0.011897 -0.127597
v -0.075025 0.007968 -0.125676
v -0.078639 0.015896 -0.120029
v -0.075771 0.017442 -0.122806
v -0.078400 0.018660 -0.120441
v -0.073981 0.023883 -0.127725
v -0.072365 0.019804 -0.128240
v -0.072233 0.022937 -0.130279
v -0.071000 0.010760 -0.132097
v -0.072132 0.008948 -0.130279
v -0.077595 0.010712 -0.121628
v -0.075326 0.013052 -0.123462
v -0.078360 0.013136 -0.120441
v -0.070031 0.015958 -0.133696
v -0.071148 0.015950 -0.130127
v -0.070270 0.013194 -0.133284
v -0.070310 0.018718 -0.133284
v -0.077469 0.020823 -0.121772
v -0.071075 0.021142 -0.132097
v -0.076437 0.008917 -0.123446
v -0.074820 0.021152 -0.124884
v -0.074793 0.019949 -0.124387
v -0.073989 0.020507 -0.125670
v -0.079282 0.017696 -0.120802
v -0.078998 0.018656 -0.120818
v -0.073981 0.023883 -0.127725
v -0.072233 0.022937 -0.130279
v -0.073300 0.023099 -0.130399
v -0.074542 0.008931 -0.131798
v -0.075940 0.007962 -0.129567
v -0.073410 0.010742 -0.133616
v 0.079730 0.031664 -0.113371
v 0.077272 0.032350 -0.115402
v 0.078910 0.025912 -0.116800
v 0.081798 0.032060 -0.115871
v 0.081041 0.026769 -0.119036
v 0.077679 0.035121 -0.132173
v 0.074056 0.036699 -0.127567
v 0.075360 0.037505 -0.130594
v 0.074916 0.034636 -0.128191
v 0.074145 0.034505 -0.121070
v 0.073582 0.035648 -0.124303
v 0.074857 0.031565 -0.123943
v 0.077679 0.035121 -0.132173
v 0.081041 0.026769 -0.119036
v 0.076574 0.024171 -0.135261
v 0.078732 0.036323 -0.133490
v 0.081778 0.037335 -0.115798
v 0.077433 0.038317 -0.133061
v 0.077679 0.035121 -0.132173
v 0.080061 0.037068 -0.135147
v 0.078732 0.036323 -0.133490
v 0.076566 0.019780 -0.123713
v 0.077251 0.019785 -0.123885
v 0.076064 0.021933 -0.125272
v 0.074453 0.009049 -0.132433
v 0.075136 0.009054 -0.129713
v 0.073480 0.012954 -0.132267
v 0.076705 0.017019 -0.123240
v 0.076566 0.019780 -0.123713
v 0.074819 0.018531 -0.126775
v 0.074556 0.024957 -0.132020
v 0.073702 0.023992 -0.134990
v 0.073238 0.020857 -0.133003
v 0.073267 0.011803 -0.137073
v 0.073803 0.010004 -0.134990
v 0.076282 0.011824 -0.125073
v 0.076606 0.014256 -0.123713
v 0.074662 0.014137 -0.127526
v 0.072769 0.016990 -0.138906
v 0.072907 0.014229 -0.138434
v 0.072722 0.016990 -0.135166
v 0.072867 0.019754 -0.138434
v 0.076064 0.021933 -0.125272
v 0.073192 0.022185 -0.137073
v 0.075771 0.010018 -0.127157
v 0.074509 0.022231 -0.129053
v 0.073973 0.021576 -0.130057
v 0.074346 0.021027 -0.128586
v 0.077531 0.018830 -0.123779
v 0.077251 0.019785 -0.123885
v 0.074556 0.024957 -0.132020
v 0.074751 0.024169 -0.134772
v 0.073702 0.023992 -0.134990
v 0.076566 0.010024 -0.135684
v 0.076029 0.011823 -0.137768
v 0.077215 0.009069 -0.133127
v 0.097060 0.031789 -0.117726
v 0.096241 0.026038 -0.121155
v 0.098257 0.032502 -0.120675
v 0.094052 0.032149 -0.118950
v 0.089934 0.035210 -0.135252
v 0.093295 0.026858 -0.122115
v 0.095282 0.036853 -0.132900
v 0.094257 0.034776 -0.133051
v 0.092691 0.037630 -0.134949
v 0.098304 0.034680 -0.127140
v 0.096358 0.031721 -0.129346
v 0.097257 0.035819 -0.130252
v 0.089934 0.035210 -0.135252
v 0.089596 0.024265 -0.138533
v 0.093295 0.026858 -0.122115
v 0.094032 0.037423 -0.118877
v 0.088367 0.036392 -0.135911
v 0.089934 0.035210 -0.135252
v 0.089687 0.038406 -0.136140
v 0.086403 0.037114 -0.136740
v 0.088367 0.036392 -0.135911
v 0.095122 0.019914 -0.128375
v 0.094798 0.022068 -0.129979
v 0.094437 0.019910 -0.128203
v 0.093009 0.009183 -0.137096
v 0.093891 0.013102 -0.137395
v 0.093692 0.009188 -0.134375
v 0.095261 0.017153 -0.127903
v 0.095231 0.018679 -0.131903
v 0.095122 0.019914 -0.128375
v 0.092896 0.025090 -0.136629
v 0.093649 0.021005 -0.138132
v 0.092258 0.024126 -0.139652
v 0.091823 0.011937 -0.141736
v 0.092359 0.010138 -0.139652
v 0.094838 0.011959 -0.129735
v 0.095074 0.014284 -0.132654
v 0.095162 0.014390 -0.128375
v 0.091325 0.017125 -0.143568
v 0.093133 0.017138 -0.140295
v 0.091463 0.014363 -0.143096
v 0.091424 0.019888 -0.143096
v 0.094798 0.022068 -0.129979
v 0.091748 0.022319 -0.141736
v 0.094327 0.010152 -0.131819
v 0.094377 0.022375 -0.134045
v 0.094758 0.021174 -0.133715
v 0.094384 0.021724 -0.135186
v 0.094254 0.018951 -0.127981
v 0.094437 0.019910 -0.128203
v 0.092896 0.025090 -0.136629
v 0.092258 0.024126 -0.139652
v 0.091435 0.024290 -0.138964
v 0.089597 0.010118 -0.138958
v 0.090246 0.009163 -0.136402
v 0.089060 0.011917 -0.141042
v 0.081393 0.017895 -0.124765
v 0.081168 0.019854 -0.125657
v 0.083752 0.018874 -0.125832
v 0.078333 0.021482 -0.136940
v 0.077980 0.019854 -0.138346
v 0.080628 0.020668 -0.138264
v 0.079844 0.008273 -0.130928
v 0.080362 0.008880 -0.128869
v 0.082574 0.008576 -0.130519
v 0.077679 0.015763 -0.139543
v 0.077756 0.013631 -0.139238
v 0.080189 0.014697 -0.140012
v 0.080815 0.021482 -0.127063
v 0.080362 0.022646 -0.128869
v 0.083059 0.022064 -0.128587
v 0.081168 0.011672 -0.125657
v 0.081393 0.013631 -0.124765
v 0.083752 0.012651 -0.125832
v 0.079844 0.023253 -0.130928
v 0.079305 0.023253 -0.133075
v 0.082045 0.023253 -0.132622
v 0.078333 0.010044 -0.136940
v 0.078787 0.008880 -0.135135
v 0.081031 0.009462 -0.136658
v 0.090353 0.017895 -0.127017
v 0.087770 0.018874 -0.126842
v 0.090129 0.019854 -0.127908
v 0.087294 0.021482 -0.139192
v 0.084646 0.020668 -0.139274
v 0.086941 0.019854 -0.140598
v 0.088805 0.008273 -0.133180
v 0.086592 0.008576 -0.131529
v 0.089322 0.008880 -0.131120
v 0.086640 0.015763 -0.141795
v 0.084207 0.014697 -0.141021
v 0.086717 0.013631 -0.141489
v 0.089776 0.021482 -0.129314
v 0.087078 0.022064 -0.129596
v 0.089322 0.022646 -0.131120
v 0.090129 0.011672 -0.127908
v 0.087770 0.012651 -0.126842
v 0.090353 0.013631 -0.127017
v 0.088805 0.023253 -0.133180
v 0.086064 0.023253 -0.133632
v 0.088265 0.023253 -0.135326
v 0.087294 0.010044 -0.139192
v 0.085050 0.009462 -0.137668
v 0.087748 0.008880 -0.137386
v -0.078273 0.030521 0.124235
v -0.076740 0.031236 0.127024
v -0.078687 0.024773 0.127741
v -0.081118 0.030883 0.125802
v -0.081500 0.025594 0.129038
v -0.083306 0.033957 0.142470
v -0.078269 0.035598 0.139509
v -0.080603 0.036378 0.141845
v -0.079269 0.033521 0.139780
v -0.075939 0.033420 0.133438
v -0.076617 0.034562 0.136649
v -0.077614 0.030463 0.135858
v -0.083306 0.033957 0.142470
v -0.081500 0.025594 0.129038
v -0.083257 0.023016 0.145778
v -0.084785 0.035140 0.143307
v -0.081146 0.036157 0.125727
v -0.083447 0.037154 0.143378
v -0.083306 0.033957 0.142470
v -0.086639 0.035863 0.144359
v -0.084785 0.035140 0.143307
v -0.078955 0.018656 0.135048
v -0.079655 0.018651 0.134957
v -0.079089 0.020811 0.136677
v -0.080036 0.007932 0.143965
v -0.079674 0.007935 0.141183
v -0.079124 0.011851 0.144156
v -0.078872 0.015894 0.134565
v -0.078955 0.018656 0.135048
v -0.078435 0.017423 0.138540
v -0.080202 0.023838 0.143501
v -0.080483 0.022877 0.146578
v -0.079279 0.019754 0.144909
v -0.080672 0.010690 0.148709
v -0.080382 0.008889 0.146578
v -0.079078 0.010701 0.136439
v -0.078915 0.013132 0.135048
v -0.078503 0.013029 0.139309
v -0.080953 0.015879 0.150583
v -0.080870 0.013117 0.150100
v -0.079539 0.015889 0.147121
v -0.080910 0.018642 0.150100
v -0.079089 0.020811 0.136677
v -0.080747 0.021072 0.148709
v -0.079342 0.008896 0.138569
v -0.079033 0.021121 0.140764
v -0.078893 0.020471 0.141897
v -0.078694 0.019920 0.140393
v -0.079863 0.017692 0.134759
v -0.079655 0.018651 0.134957
v -0.080202 0.023838 0.143501
v -0.081382 0.023040 0.145991
v -0.080483 0.022877 0.146578
v -0.083207 0.008868 0.146211
v -0.083497 0.010669 0.148342
v -0.082860 0.007912 0.143598
v -0.095993 0.030393 0.121933
v -0.096407 0.024645 0.125439
v -0.098197 0.031081 0.124236
v -0.093648 0.030792 0.124174
v -0.095836 0.033866 0.140842
v -0.094030 0.025503 0.127410
v -0.099972 0.035441 0.136689
v -0.099045 0.033379 0.137210
v -0.098323 0.036249 0.139543
v -0.100642 0.033241 0.130228
v -0.099598 0.030304 0.133001
v -0.100823 0.034387 0.133504
v -0.095836 0.033866 0.140842
v -0.096572 0.022919 0.144048
v -0.094030 0.025503 0.127410
v -0.093676 0.036066 0.124099
v -0.094637 0.035069 0.142027
v -0.095836 0.033866 0.140842
v -0.095977 0.037063 0.141750
v -0.093124 0.035816 0.143516
v -0.094637 0.035069 0.142027
v -0.097928 0.018519 0.132583
v -0.098244 0.020673 0.134188
v -0.097227 0.018524 0.132674
v -0.099009 0.007795 0.141499
v -0.099995 0.011700 0.141444
v -0.098648 0.007797 0.138718
v -0.097845 0.015757 0.132100
v -0.099305 0.017272 0.135829
v -0.097928 0.018519 0.132583
v -0.098955 0.023703 0.141064
v -0.100150 0.019604 0.142197
v -0.099457 0.022740 0.144113
v -0.099645 0.010553 0.146244
v -0.099355 0.008752 0.144113
v -0.098051 0.010564 0.133973
v -0.099373 0.012879 0.136597
v -0.097888 0.012994 0.132583
v -0.099926 0.015742 0.148118
v -0.100409 0.015738 0.144409
v -0.099844 0.012980 0.147635
v -0.099884 0.018505 0.147635
v -0.098244 0.020673 0.134188
v -0.099720 0.020935 0.146244
v -0.098315 0.008759 0.136104
v -0.099347 0.020974 0.138124
v -0.099564 0.019770 0.137681
v -0.099763 0.020320 0.139185
v -0.096962 0.017568 0.132537
v -0.097227 0.018524 0.132674
v -0.098955 0.023703 0.141064
v -0.099457 0.022740 0.144113
v -0.098440 0.022917 0.143775
v -0.096531 0.008772 0.144480
v -0.096184 0.007815 0.141866
v -0.096821 0.010573 0.146611
v -0.083611 0.017895 0.134302
v -0.083729 0.019854 0.135213
v -0.086197 0.018874 0.134429
v -0.085228 0.021482 0.146751
v -0.085415 0.019854 0.148188
v -0.087848 0.020668 0.147141
v -0.084430 0.008273 0.140603
v -0.084156 0.008880 0.138497
v -0.086819 0.008576 0.139222
v -0.085574 0.015763 0.149412
v -0.085534 0.013631 0.149100
v -0.088080 0.014697 0.148928
v -0.083916 0.021482 0.136651
v -0.084156 0.022646 0.138497
v -0.086563 0.022064 0.137246
v -0.083729 0.011672 0.135213
v -0.083611 0.013631 0.134302
v -0.086197 0.012651 0.134429
v -0.084430 0.023253 0.140603
v -0.084715 0.023253 0.142798
v -0.087099 0.023253 0.141372
v -0.085228 0.010044 0.146751
v -0.084988 0.008880 0.144904
v -0.087635 0.009462 0.145499
v -0.092773 0.017895 0.133111
v -0.090305 0.018874 0.133895
v -0.092891 0.019854 0.134023
v -0.094390 0.021482 0.145560
v -0.091957 0.020668 0.146607
v -0.094577 0.019854 0.146998
v -0.093592 0.008273 0.139413
v -0.090928 0.008576 0.138688
v -0.093318 0.008880 0.137307
v -0.094736 0.015763 0.148222
v -0.092189 0.014697 0.148394
v -0.094696 0.013631 0.147909
v -0.093078 0.021482 0.135460
v -0.090671 0.022064 0.136712
v -0.093318 0.022646 0.137307
v -0.092891 0.011672 0.134023
v -0.090305 0.012651 0.133895
v -0.092773 0.013631 0.133111
v -0.093592 0.023253 0.139413
v -0.091208 0.023253 0.140839
v -0.093877 0.023253 0.141608
v -0.094390 0.010044 0.145560
v -0.091744 0.009462 0.144965
v -0.094150 0.008880 0.143714
v 0.089391 0.031734 0.120113
v 0.092290 0.032458 0.121418
v 0.091174 0.026001 0.123189
v 0.088057 0.032106 0.123072
v 0.089702 0.026832 0.125913
v 0.096314 0.035256 0.137701
v 0.098560 0.036877 0.132300
v 0.098096 0.037669 0.135567
v 0.097926 0.034803 0.133127
v 0.096780 0.034669 0.126056
v 0.098165 0.035825 0.129026
v 0.096898 0.031724 0.129010
v 0.096314 0.035256 0.137701
v 0.089702 0.026832 0.125913
v 0.098355 0.024329 0.140363
v 0.095632 0.036445 0.139252
v 0.087981 0.037379 0.123007
v 0.096741 0.038457 0.138497
v 0.096314 0.035256 0.137701
v 0.094781 0.037175 0.141204
v 0.095632 0.036445 0.139252
v 0.095357 0.019916 0.129219
v 0.094742 0.019912 0.129567
v 0.096225 0.022079 0.130593
v 0.099864 0.009233 0.137044
v 0.098482 0.009223 0.134603
v 0.100702 0.013151 0.136633
v 0.095137 0.017152 0.128795
v 0.095357 0.019916 0.129219
v 0.097872 0.018698 0.131705
v 0.099429 0.025137 0.136704
v 0.101054 0.024189 0.139338
v 0.101018 0.021058 0.137293
v 0.102200 0.012012 0.141208
v 0.101155 0.010201 0.139338
v 0.096106 0.011968 0.130439
v 0.095397 0.014392 0.129219
v 0.098285 0.014308 0.132379
v 0.103094 0.017210 0.142852
v 0.102874 0.014446 0.142428
v 0.102145 0.017203 0.139234
v 0.102834 0.019970 0.142428
v 0.096225 0.022079 0.130593
v 0.102125 0.022394 0.141208
v 0.097177 0.010173 0.132309
v 0.098724 0.022406 0.133826
v 0.099517 0.021761 0.134650
v 0.098774 0.021204 0.133330
v 0.094459 0.018952 0.129537
v 0.094742 0.019912 0.129567
v 0.099429 0.025137 0.136704
v 0.099983 0.024352 0.139407
v 0.101054 0.024189 0.139338
v 0.098676 0.010183 0.140741
v 0.099721 0.011994 0.142611
v 0.097385 0.009215 0.138447
v 0.073840 0.031621 0.128915
v 0.075623 0.025889 0.131991
v 0.073460 0.032322 0.132077
v 0.077061 0.032026 0.129296
v 0.085318 0.035176 0.143924
v 0.078707 0.026752 0.132136
v 0.079514 0.036739 0.143081
v 0.080572 0.034677 0.142950
v 0.082545 0.037557 0.144369
v 0.075101 0.034512 0.138327
v 0.077605 0.031585 0.139930
v 0.076922 0.035672 0.141050
v 0.085318 0.035176 0.143924
v 0.086670 0.024244 0.146977
v 0.078707 0.026752 0.132136
v 0.076986 0.037300 0.129231
v 0.086986 0.036382 0.144146
v 0.085318 0.035176 0.143924
v 0.085746 0.038377 0.144721
v 0.089089 0.037134 0.144425
v 0.086986 0.036382 0.144146
v 0.078707 0.019796 0.138644
v 0.079414 0.021957 0.140108
v 0.079322 0.019800 0.138296
v 0.083213 0.009112 0.146469
v 0.082386 0.013018 0.147000
v 0.081831 0.009102 0.144028
v 0.078487 0.017032 0.138220
v 0.079557 0.018565 0.142071
v 0.078707 0.019796 0.138644
v 0.082971 0.025018 0.146019
v 0.082703 0.020926 0.147660
v 0.084403 0.024069 0.148762
v 0.085550 0.011891 0.150632
v 0.084504 0.010081 0.148762
v 0.079455 0.011847 0.139864
v 0.079970 0.014175 0.142746
v 0.078747 0.014271 0.138644
v 0.086443 0.017089 0.152277
v 0.083830 0.017070 0.149601
v 0.086223 0.014325 0.151853
v 0.086183 0.019850 0.151853
v 0.079414 0.021957 0.140108
v 0.085475 0.022274 0.150632
v 0.080526 0.010052 0.141734
v 0.080896 0.022277 0.143916
v 0.080459 0.021071 0.143697
v 0.081202 0.021629 0.145017
v 0.079453 0.018844 0.138031
v 0.079322 0.019800 0.138296
v 0.082971 0.025018 0.146019
v 0.084403 0.024069 0.148762
v 0.085012 0.024243 0.147881
v 0.086983 0.010099 0.147359
v 0.085692 0.009130 0.145066
v 0.088029 0.011909 0.149229
v 0.091222 0.017895 0.131484
v 0.091675 0.019854 0.132284
v 0.089231 0.018874 0.133139
v 0.097405 0.021482 0.142409
v 0.098119 0.019854 0.143670
v 0.095545 0.020668 0.144295
v 0.094352 0.008273 0.137014
v 0.093306 0.008880 0.135166
v 0.091611 0.008576 0.137345
v 0.098727 0.015763 0.144745
v 0.098572 0.013631 0.144470
v 0.096432 0.014697 0.145863
v 0.092389 0.021482 0.133545
v 0.093306 0.022646 0.135166
v 0.090630 0.022064 0.135611
v 0.091675 0.011672 0.132284
v 0.091222 0.013631 0.131484
v 0.089231 0.012651 0.133139
v 0.094352 0.023253 0.137014
v 0.095442 0.023253 0.138940
v 0.092680 0.023253 0.139232
v 0.097405 0.010044 0.142409
v 0.096488 0.008880 0.140788
v 0.094729 0.009462 0.142854
v 0.083181 0.017895 0.136035
v 0.085625 0.018874 0.135180
v 0.083634 0.019854 0.136835
v 0.089365 0.021482 0.146960
v 0.091939 0.020668 0.146335
v 0.090079 0.019854 0.148221
v 0.086311 0.008273 0.141565
v 0.088006 0.008576 0.139386
v 0.085265 0.008880 0.139717
v 0.090687 0.015763 0.149296
v 0.092827 0.014697 0.147903
v 0.090532 0.013631 0.149021
v 0.084348 0.021482 0.138096
v 0.087024 0.022064 0.137652
v 0.085265 0.022646 0.139717
v 0.083634 0.011672 0.136835
v 0.085625 0.012651 0.135180
v 0.083181 0.013631 0.136035
v 0.086311 0.023253 0.141565
v 0.089074 0.023253 0.141273
v 0.087402 0.023253 0.143491
v 0.089365 0.010044 0.146960
v 0.091124 0.009462 0.144895
v 0.088448 0.008880 0.145339
v -0.057095 0.493012 -0.182188
v -0.054015 0.484547 -0.182188
v -0.057095 0.484004 -0.182188
v -0.051305 0.486112 -0.182188
v -0.049294 0.488508 -0.182188
v -0.048224 0.491448 -0.182188
v -0.048224 0.494576 -0.182188
v -0.049294 0.497516 -0.182188
v -0.051305 0.499913 -0.182188
v -0.054015 0.501477 -0.182188
v -0.057095 0.502020 -0.182188
v -0.060176 0.501477 -0.182188
v -0.062886 0.499913 -0.182188
v -0.064896 0.497516 -0.182188
v -0.065966 0.494576 -0.182188
v -0.065966 0.491448 -0.182188
v -0.064896 0.488508 -0.182188
v -0.062886 0.486112 -0.182188
v -0.060176 0.484547 -0.182188
v 0.057939 0.130058 -0.182188
v 0.061020 0.121594 -0.182188
v 0.057939 0.121050 -0.182188
v 0.063729 0.123158 -0.182188
v 0.065740 0.125554 -0.182188
v 0.066810 0.128494 -0.182188
v 0.066810 0.131622 -0.182188
v 0.065740 0.134562 -0.182188
v 0.063729 0.136959 -0.182188
v 0.061020 0.138523 -0.182188
v 0.057939 0.139066 -0.182188
v 0.054858 0.138523 -0.182188
v 0.052149 0.136959 -0.182188
v 0.050138 0.134562 -0.182188
v 0.049068 0.131622 -0.182188
v 0.049068 0.128494 -0.182188
v 0.050138 0.125554 -0.182188
v 0.052149 0.123158 -0.182188
v 0.054858 0.121594 -0.182188
v 0.057939 0.493012 -0.182188
v 0.061020 0.484547 -0.182188
v 0.057939 0.484004 -0.182188
v 0.063729 0.486112 -0.182188
v 0.065740 0.488508 -0.182188
v 0.066810 0.491448 -0.182188
v 0.066810 0.494576 -0.182188
v 0.065740 0.497516 -0.182188
v 0.063729 0.499913 -0.182188
v 0.061020 0.501477 -0.182188
v 0.057939 0.502020 -0.182188
v 0.054858 0.501477 -0.182188
v 0.052149 0.499913 -0.182188
v 0.050138 0.497516 -0.182188
v 0.049068 0.494576 -0.182188
v 0.049068 0.491448 -0.182188
v 0.050138 0.488508 -0.182188
v 0.052149 0.486112 -0.182188
v 0.054858 0.484547 -0.182188
v -0.097475 0.529079 0.028846
v -0.097475 0.575473 0.028846
v -0.094925 0.575473 0.029817
v -0.094925 0.529079 0.029817
v -0.093015 0.575473 0.032546
v -0.093015 0.529079 0.032546
v -0.093123 0.575473 0.036515
v -0.093123 0.529079 0.036515
v -0.093020 0.575473 0.040484
v -0.093020 0.529079 0.040484
v -0.094925 0.575473 0.043213
v -0.094925 0.529079 0.043213
v -0.097475 0.575473 0.044185
v -0.097475 0.529079 0.044185
v -0.100025 0.575473 0.043213
v -0.100025 0.529079 0.043213
v -0.101930 0.575473 0.040484
v -0.101930 0.529079 0.040484
v -0.101827 0.575473 0.036515
v -0.101827 0.529079 0.036515
v -0.101935 0.575473 0.032546
v -0.101935 0.529079 0.032546
v -0.101935 0.529079 0.032546
v -0.101935 0.575473 0.032546
v -0.100025 0.575473 0.029817
v -0.100025 0.529079 0.029817
v -0.097475 0.529079 -0.019230
v -0.094925 0.529079 -0.020201
v -0.094925 0.575473 -0.020201
v -0.097475 0.575473 -0.019230
v -0.093015 0.529079 -0.022931
v -0.093015 0.575473 -0.022931
v -0.093123 0.529079 -0.026900
v -0.093123 0.575473 -0.026900
v -0.093020 0.529079 -0.030868
v -0.093020 0.575473 -0.030868
v -0.094925 0.529079 -0.033598
v -0.094925 0.575473 -0.033598
v -0.097475 0.529079 -0.034569
v -0.097475 0.575473 -0.034569
v -0.100025 0.529079 -0.033598
v -0.100025 0.575473 -0.033598
v -0.101930 0.529079 -0.030868
v -0.101930 0.575473 -0.030868
v -0.101827 0.529079 -0.026900
v -0.101827 0.575473 -0.026900
v -0.101935 0.529079 -0.022931
v -0.101935 0.575473 -0.022931
v -0.101935 0.529079 -0.022931
v -0.100025 0.529079 -0.020201
v -0.100025 0.575473 -0.020201
v -0.101935 0.575473 -0.022931
v -0.103063 0.585027 0.037228
v -0.103207 0.584303 0.034494
v -0.103163 0.575489 0.034940
v -0.103166 0.575489 0.037770
v -0.092557 0.575489 0.032280
v -0.092843 0.582533 0.031925
v -0.092331 0.583206 0.034494
v -0.092181 0.575489 0.034940
v -0.102652 0.575489 0.032280
v -0.102837 0.583610 0.031925
v -0.101674 0.582918 0.029831
v -0.101371 0.575489 0.030112
v -0.095600 0.575489 0.043866
v -0.095297 0.585827 0.043117
v -0.097264 0.586133 0.043468
v -0.097604 0.575489 0.044230
v -0.095600 0.575489 0.028844
v -0.096022 0.581977 0.028606
v -0.094215 0.582114 0.029831
v -0.093837 0.575489 0.030112
v -0.099990 0.582405 0.028606
v -0.099609 0.575489 0.028844
v -0.097604 0.575489 0.044230
v -0.097264 0.586133 0.043468
v -0.099266 0.586254 0.043117
v -0.099609 0.575489 0.043866
v -0.097604 0.575489 0.028481
v -0.098023 0.582098 0.028255
v -0.101072 0.586117 0.041892
v -0.101371 0.575489 0.042598
v -0.102439 0.585698 0.039798
v -0.102647 0.575489 0.040430
v -0.091431 0.587769 0.031957
v -0.091029 0.589751 0.033959
v -0.092185 0.583933 0.037228
v -0.092183 0.575489 0.037770
v -0.092455 0.584622 0.039798
v -0.092562 0.575489 0.040430
v -0.095600 0.575489 -0.019445
v -0.096022 0.581977 -0.019208
v -0.098023 0.582098 -0.018857
v -0.097604 0.575489 -0.019082
v -0.101907 0.590846 0.033959
v -0.102307 0.588866 0.031957
v -0.093613 0.585314 0.041892
v -0.093837 0.575489 0.042598
v -0.092131 0.593277 0.037372
v -0.093709 0.594353 0.038269
v -0.102218 0.586994 0.030077
v -0.091121 0.589214 0.029481
v -0.090628 0.591641 0.030896
v -0.099591 0.594080 0.037372
v -0.101139 0.592699 0.035840
v -0.101236 0.585340 0.028544
v -0.095646 0.594821 0.038526
v -0.095690 0.583836 0.027647
v -0.093777 0.584536 0.028544
v -0.099658 0.584264 0.027647
v -0.095646 0.594821 0.038526
v -0.097678 0.594780 0.038269
v -0.092224 0.585917 0.030077
v -0.097722 0.583796 0.027390
v -0.091155 0.591623 0.035840
v -0.096022 0.581977 0.028606
v -0.095600 0.575489 0.028844
v -0.101506 0.592736 0.030896
v -0.101997 0.590311 0.029481
v -0.095690 0.583836 0.027647
v -0.097623 0.584225 0.026251
v -0.095580 0.584323 0.026433
v -0.091614 0.595928 0.033310
v -0.093155 0.597203 0.033944
v -0.089829 0.592400 0.024291
v -0.089640 0.594994 0.024291
v -0.090702 0.593933 0.032226
v -0.102006 0.588021 0.028151
v -0.101089 0.586026 0.027067
v -0.095080 0.597728 0.034126
v -0.095580 0.584323 0.026433
v -0.093630 0.585223 0.027067
v -0.099549 0.584751 0.026433
v -0.095080 0.597728 0.034126
v -0.097123 0.597631 0.033944
v -0.092013 0.586945 0.028151
v -0.099073 0.596731 0.033310
v -0.091037 0.589705 0.024291
v -0.100686 0.595008 0.032226
v -0.101051 0.594976 0.024291
v -0.102236 0.592284 0.024291
v -0.100895 0.585680 0.024291
v -0.099082 0.584841 0.024291
v -0.094795 0.585471 0.024291
v -0.092727 0.587224 0.024291
v -0.103163 0.575489 -0.025541
v -0.103207 0.584303 -0.025096
v -0.103063 0.585027 -0.027830
v -0.103166 0.575489 -0.028372
v -0.090059 0.597373 0.024291
v -0.102554 0.589703 0.024291
v -0.091294 0.599015 0.024291
v -0.102130 0.587322 0.024291
v -0.093107 0.599854 0.024291
v -0.096992 0.584695 0.024291
v -0.093107 0.599854 0.024291
v -0.095196 0.600000 0.024291
v -0.097393 0.599224 0.024291
v -0.092183 0.575489 -0.028372
v -0.092185 0.583933 -0.027830
v -0.092331 0.583206 -0.025096
v -0.092181 0.575489 -0.025541
v -0.099457 0.597470 0.024291
v -0.089829 0.592400 -0.014893
v -0.089640 0.594994 -0.014893
v -0.092843 0.582533 -0.022527
v -0.092557 0.575489 -0.022882
v -0.101371 0.575489 -0.020714
v -0.101674 0.582918 -0.020433
v -0.102837 0.583610 -0.022527
v -0.102652 0.575489 -0.022882
v -0.097604 0.575489 -0.034831
v -0.097264 0.586133 -0.034069
v -0.095297 0.585827 -0.033718
v -0.095600 0.575489 -0.034468
v -0.094215 0.582114 -0.020433
v -0.096022 0.581977 -0.019208
v -0.095600 0.575489 -0.019445
v -0.093837 0.575489 -0.020714
v -0.099609 0.575489 -0.019445
v -0.099990 0.582405 -0.019208
v -0.099609 0.575489 -0.034468
v -0.099266 0.586254 -0.033718
v -0.097264 0.586133 -0.034069
v -0.097604 0.575489 -0.034831
v -0.101371 0.575489 -0.033199
v -0.101072 0.586117 -0.032493
v -0.102647 0.575489 -0.031032
v -0.102439 0.585698 -0.030399
v -0.091029 0.589751 -0.024560
v -0.091431 0.587769 -0.022559
v -0.092562 0.575489 -0.031032
v -0.092455 0.584622 -0.030399
v -0.102307 0.588866 -0.022559
v -0.101907 0.590846 -0.024560
v -0.093837 0.575489 -0.033199
v -0.093613 0.585314 -0.032493
v -0.093709 0.594353 -0.028871
v -0.092131 0.593277 -0.027974
v -0.102218 0.586994 -0.020678
v -0.091121 0.589214 -0.020082
v -0.090628 0.591641 -0.021497
v -0.101139 0.592699 -0.026441
v -0.099591 0.594080 -0.027974
v -0.101236 0.585340 -0.019145
v -0.095646 0.594821 -0.029128
v -0.093777 0.584536 -0.019145
v -0.095690 0.583836 -0.018248
v -0.099658 0.584264 -0.018248
v -0.097678 0.594780 -0.028871
v -0.095646 0.594821 -0.029128
v -0.092224 0.585917 -0.020678
v -0.097722 0.583796 -0.017991
v -0.091155 0.591623 -0.026441
v -0.101506 0.592736 -0.021497
v -0.101997 0.590311 -0.020082
v -0.095690 0.583836 -0.018248
v -0.095580 0.584323 -0.017034
v -0.097623 0.584225 -0.016853
v -0.093155 0.597203 -0.024545
v -0.091614 0.595928 -0.023911
v -0.096992 0.584695 0.024291
v -0.090702 0.593933 -0.022827
v -0.101089 0.586026 -0.017668
v -0.102006 0.588021 -0.018752
v -0.095080 0.597728 -0.024727
v -0.093630 0.585223 -0.017668
v -0.095580 0.584323 -0.017034
v -0.099549 0.584751 -0.017034
v -0.097123 0.597631 -0.024545
v -0.095080 0.597728 -0.024727
v -0.092013 0.586945 -0.018752
v -0.099073 0.596731 -0.023911
v -0.091037 0.589705 -0.014893
v -0.100686 0.595008 -0.022827
v -0.102236 0.592284 -0.014893
v -0.101051 0.594976 -0.014893
v -0.099082 0.584841 -0.014893
v -0.100895 0.585680 -0.014893
v -0.092727 0.587224 -0.014893
v -0.094795 0.585471 -0.014893
v -0.090059 0.597373 -0.014893
v -0.102554 0.589703 -0.014893
v -0.091294 0.599015 -0.014893
v -0.102130 0.587322 -0.014893
v -0.093107 0.599854 -0.014893
v -0.096992 0.584695 -0.014893
v -0.095196 0.600000 -0.014893
v -0.093107 0.599854 -0.014893
v -0.097393 0.599224 -0.014893
v -0.099457 0.597470 -0.014893
v -0.096992 0.584695 -0.014893
v -0.058977 0.573081 -0.051024
v -0.058977 0.579444 -0.035784
v -0.038138 0.579444 -0.035784
v -0.038138 0.573081 -0.051024
v -0.058977 0.569133 -0.079006
v -0.038138 0.569133 -0.079006
v -0.038138 0.563773 -0.079006
v -0.058977 0.563773 -0.079006
v -0.038138 0.579444 0.043913
v -0.038138 0.573081 0.059153
v -0.038138 0.565638 0.059153
v -0.038138 0.572071 0.043913
v -0.038138 0.569133 0.087135
v -0.058977 0.569133 0.087135
v -0.058977 0.563773 0.087135
v -0.038138 0.563773 0.087135
v -0.038138 0.563832 0.067830
v -0.038138 0.563773 0.087135
v -0.058977 0.563773 0.087135
v -0.058977 0.563832 0.067830
v -0.038138 0.572071 0.043913
v -0.038138 0.565638 0.059153
v -0.058977 0.565638 0.059153
v -0.058977 0.572071 0.043913
v -0.038138 0.570902 0.067829
v -0.038138 0.569133 0.087135
v -0.038138 0.563773 0.087135
v -0.038138 0.563832 0.067830
v -0.038138 0.563773 -0.079006
v -0.038138 0.563832 -0.059701
v -0.058977 0.563832 -0.059701
v -0.058977 0.563773 -0.079006
v -0.038138 0.565638 -0.051024
v -0.038138 0.572071 -0.035784
v -0.058977 0.572071 -0.035784
v -0.058977 0.565638 -0.051024
v -0.038138 0.575151 -0.027195
v -0.038138 0.579612 -0.012145
v -0.058977 0.579612 -0.012145
v -0.058977 0.575151 -0.027195
v -0.038138 0.580900 -0.003369
v -0.038138 0.580900 0.011498
v -0.058977 0.580900 0.011498
v -0.058977 0.580900 -0.003369
v -0.038138 0.579612 0.020274
v -0.038138 0.575151 0.035324
v -0.058977 0.575151 0.035324
v -0.058977 0.579612 0.020274
v -0.058977 0.579444 -0.035784
v -0.058977 0.573081 -0.051024
v -0.058977 0.565638 -0.051024
v -0.058977 0.572071 -0.035784
v -0.058977 0.586731 -0.012145
v -0.058977 0.582452 -0.027195
v -0.058977 0.575151 -0.027195
v -0.058977 0.579612 -0.012145
v -0.058977 0.587966 0.011498
v -0.058977 0.587966 -0.003369
v -0.058977 0.580900 -0.003369
v -0.058977 0.580900 0.011498
v -0.058977 0.582452 0.035324
v -0.058977 0.586731 0.020274
v -0.058977 0.579612 0.020274
v -0.058977 0.575151 0.035324
v -0.058977 0.573081 0.059153
v -0.058977 0.579444 0.043913
v -0.058977 0.572071 0.043913
v -0.058977 0.565638 0.059153
v -0.058977 0.569133 0.087135
v -0.058977 0.570902 0.067829
v -0.058977 0.563832 0.067830
v -0.058977 0.563773 0.087135
v -0.038138 0.569133 -0.079006
v -0.038138 0.570902 -0.059700
v -0.038138 0.563832 -0.059701
v -0.038138 0.563773 -0.079006
v -0.038138 0.573081 -0.051024
v -0.038138 0.579444 -0.035784
v -0.038138 0.572071 -0.035784
v -0.038138 0.565638 -0.051024
v -0.038138 0.582452 -0.027195
v -0.038138 0.586731 -0.012145
v -0.038138 0.579612 -0.012145
v -0.038138 0.575151 -0.027195
v -0.038138 0.587966 -0.003369
v -0.038138 0.587966 0.011498
v -0.038138 0.580900 0.011498
v -0.038138 0.580900 -0.003369
v -0.038138 0.586731 0.020274
v -0.038138 0.582452 0.035324
v -0.038138 0.575151 0.035324
v -0.038138 0.579612 0.020274
v -0.058977 0.570902 0.067829
v -0.058977 0.569133 0.087135
v -0.038138 0.569133 0.087135
v -0.038138 0.570902 0.067829
v -0.058977 0.579444 0.043913
v -0.058977 0.573081 0.059153
v -0.038138 0.573081 0.059153
v -0.038138 0.579444 0.043913
v -0.058977 0.586731 0.020274
v -0.058977 0.582452 0.035324
v -0.038138 0.582452 0.035324
v -0.038138 0.586731 0.020274
v -0.058977 0.587966 -0.003369
v -0.058977 0.587966 0.011498
v -0.038138 0.587966 0.011498
v -0.038138 0.587966 -0.003369
v -0.058977 0.582452 -0.027195
v -0.058977 0.586731 -0.012145
v -0.038138 0.586731 -0.012145
v -0.038138 0.582452 -0.027195
v -0.058977 0.570902 -0.059700
v -0.058977 0.569133 -0.079006
v -0.058977 0.563773 -0.079006
v -0.058977 0.563832 -0.059701
v -0.038138 0.570902 -0.059700
v -0.058977 0.570902 -0.059700
v -0.058977 0.569133 -0.079006
v -0.038138 0.569133 -0.079006
v -0.103860 0.086605 -0.167741
v -0.103860 0.102575 -0.167741
v -0.014561 0.102575 -0.167741
v -0.014561 0.086811 -0.167741
v -0.105619 0.043697 -0.102448
v -0.014561 0.043697 -0.102448
v -0.014561 0.041470 -0.101636
v -0.106342 0.041470 -0.101636
v -0.008719 0.547032 -0.163592
v -0.008749 0.548647 -0.164735
v -0.008749 0.555811 -0.158734
v -0.008719 0.554134 -0.157622
v -0.008749 0.563962 -0.136264
v -0.008749 0.563962 -0.102448
v -0.008719 0.562251 -0.102448
v -0.008719 0.562251 -0.135173
v -0.008749 0.040457 -0.142172
v -0.014726 0.040457 -0.142172
v -0.008749 0.039944 -0.102448
v -0.008749 0.040457 -0.142172
v -0.008719 0.042165 -0.141085
v -0.008719 0.041655 -0.102448
v 0.009422 0.042165 -0.141085
v 0.009422 0.041655 -0.102448
v -0.008719 0.041655 -0.102448
v -0.008719 0.042165 -0.141085
v -0.008719 0.056874 -0.163592
v 0.009422 0.056874 -0.163592
v 0.009422 0.049772 -0.157622
v -0.008719 0.049772 -0.157622
v -0.014726 0.043636 -0.152113
v -0.008749 0.043636 -0.152111
v -0.014561 0.558296 -0.132567
v -0.103860 0.558296 -0.132675
v -0.103860 0.558296 -0.102448
v -0.014561 0.558296 -0.102448
v -0.106625 0.086772 -0.166333
v -0.106625 0.102575 -0.166333
v -0.103860 0.102575 -0.167741
v -0.103860 0.086605 -0.167741
v -0.103860 0.558296 -0.102448
v -0.104801 0.560354 -0.102448
v -0.014561 0.562580 -0.101636
v -0.106251 0.562580 -0.101636
v -0.106338 0.563502 -0.099676
v -0.008719 0.562251 -0.102448
v 0.009422 0.562251 -0.102448
v 0.009422 0.562251 -0.135173
v -0.008719 0.562251 -0.135173
v -0.008749 0.081467 -0.171538
v -0.008749 0.098168 -0.171538
v -0.008719 0.099478 -0.169920
v -0.008719 0.083129 -0.170286
v -0.014561 0.046120 -0.138434
v -0.014726 0.040457 -0.142172
v -0.107770 0.499131 -0.102448
v -0.110352 0.500449 -0.102448
v -0.110352 0.522411 -0.102448
v -0.107770 0.520993 -0.102448
v -0.103860 0.535733 -0.164571
v -0.014561 0.535624 -0.164567
v -0.014561 0.521533 -0.167741
v -0.103860 0.521686 -0.167741
v -0.103860 0.046118 -0.138511
v -0.014561 0.046120 -0.138434
v -0.014561 0.045610 -0.102448
v -0.103860 0.045610 -0.102448
v -0.014726 0.562703 -0.144506
v -0.008749 0.562702 -0.144507
v -0.008749 0.560270 -0.152111
v -0.014726 0.560270 -0.152113
v -0.014726 0.048097 -0.158735
v -0.014561 0.053733 -0.154975
v -0.014561 0.060834 -0.160945
v -0.014726 0.055260 -0.164736
v -0.103860 0.045610 -0.102448
v -0.014561 0.045610 -0.102448
v -0.107770 0.446858 0.110577
v -0.110352 0.449311 0.110577
v -0.014561 0.068290 -0.164568
v -0.103860 0.068179 -0.164573
v -0.103860 0.078021 -0.166793
v -0.014561 0.078132 -0.166786
v 0.108473 0.521004 0.110577
v 0.111055 0.521100 0.110577
v 0.108473 0.552835 0.110577
v -0.103860 0.557044 0.148978
v -0.103860 0.554643 0.156521
v -0.014561 0.554626 0.156477
v -0.014561 0.557041 0.148900
v -0.103860 0.046051 0.146429
v -0.103860 0.045610 0.110577
v -0.014561 0.045610 0.110577
v -0.014561 0.046053 0.146352
v -0.103860 0.049263 -0.148392
v -0.014561 0.049280 -0.148348
v -0.014726 0.548646 -0.164736
v -0.014561 0.543072 -0.160945
v -0.014561 0.550173 -0.154975
v -0.014726 0.555809 -0.158735
v -0.103860 0.550192 -0.155021
v -0.014561 0.550173 -0.154975
v -0.014561 0.543072 -0.160945
v -0.103860 0.543142 -0.160957
v -0.014561 0.558296 -0.132567
v -0.014561 0.558296 -0.102448
v -0.014726 0.563962 -0.136275
v -0.103860 0.557044 -0.140849
v -0.014561 0.557041 -0.140771
v -0.014561 0.554626 -0.148348
v -0.103860 0.554643 -0.148392
v -0.014561 0.053733 -0.154975
v -0.103860 0.053714 -0.155021
v -0.103860 0.060763 -0.160957
v -0.014561 0.060834 -0.160945
v -0.014561 0.086811 -0.167741
v -0.014561 0.102575 -0.167741
v -0.014726 0.098168 -0.171538
v -0.014726 0.081449 -0.171538
v -0.014726 0.560270 -0.152113
v -0.014561 0.554626 -0.148348
v -0.014561 0.557041 -0.140771
v -0.014726 0.562703 -0.144506
v -0.014561 0.041470 -0.101636
v -0.014611 0.040289 -0.096691
v -0.106338 0.040362 -0.098834
v -0.008719 0.049772 -0.157622
v -0.008749 0.048095 -0.158734
v -0.008749 0.055258 -0.164735
v -0.008719 0.056874 -0.163592
v -0.008749 0.048095 -0.158734
v -0.014726 0.048097 -0.158735
v -0.014726 0.055260 -0.164736
v -0.008749 0.055258 -0.164735
v -0.008749 0.098168 -0.171538
v -0.008749 0.081467 -0.171538
v -0.014726 0.081449 -0.171538
v -0.014726 0.098168 -0.171538
v -0.008749 0.062782 -0.168367
v -0.014726 0.062769 -0.168364
v -0.014726 0.072616 -0.170575
v -0.008749 0.072602 -0.170572
v -0.014726 0.555809 -0.158735
v -0.008749 0.555811 -0.158734
v -0.008749 0.548647 -0.164735
v -0.014726 0.548646 -0.164736
v -0.008749 0.563962 -0.136264
v -0.014726 0.563962 -0.136275
v -0.008719 0.558583 -0.150993
v -0.008749 0.560270 -0.152111
v -0.008749 0.562702 -0.144507
v -0.008719 0.560995 -0.143426
v -0.014726 0.541148 -0.168362
v -0.008749 0.541137 -0.168364
v -0.008749 0.526997 -0.171538
v -0.014726 0.526998 -0.171538
v -0.008719 0.525467 -0.169920
v -0.008749 0.526997 -0.171538
v -0.008749 0.541137 -0.168364
v -0.008719 0.539401 -0.167142
v -0.008749 0.043636 -0.152111
v -0.008719 0.045323 -0.150993
v 0.009422 0.560995 -0.143426
v 0.009422 0.558583 -0.150993
v -0.008719 0.558583 -0.150993
v -0.008719 0.560995 -0.143426
v -0.008719 0.064400 -0.167234
v -0.008749 0.062782 -0.168367
v -0.008749 0.072602 -0.170572
v -0.008719 0.074102 -0.169420
v 0.009422 0.539401 -0.167142
v 0.009422 0.525467 -0.169920
v -0.008719 0.525467 -0.169920
v -0.008719 0.539401 -0.167142
v -0.008719 0.074102 -0.169420
v 0.009422 0.074102 -0.169420
v 0.009422 0.064400 -0.167234
v -0.008719 0.064400 -0.167234
v -0.107770 0.070901 -0.160226
v -0.107770 0.078732 -0.161993
v -0.106625 0.078240 -0.165390
v -0.106625 0.068967 -0.163298
v -0.008719 0.045323 -0.150993
v 0.009422 0.045323 -0.150993
v 0.009422 0.083129 -0.170286
v -0.008719 0.083129 -0.170286
v -0.008719 0.099478 -0.169920
v 0.009422 0.099478 -0.169920
v 0.009422 0.554134 -0.157622
v 0.009422 0.547032 -0.163592
v -0.008719 0.547032 -0.163592
v -0.008719 0.554134 -0.157622
v -0.105619 0.043697 -0.102448
v -0.103860 0.045610 -0.102448
v -0.014726 0.098168 0.179668
v -0.008749 0.098168 0.179668
v -0.008749 0.526997 0.179668
v -0.014726 0.526998 0.179668
v -0.106625 0.047699 -0.138262
v -0.106625 0.050684 -0.147643
v -0.103860 0.049263 -0.148392
v -0.103860 0.046118 -0.138511
v -0.107770 0.545325 0.160599
v -0.107770 0.540404 0.164743
v -0.106625 0.055143 -0.154278
v -0.106625 0.061565 -0.159686
v -0.103860 0.060763 -0.160957
v -0.103860 0.053714 -0.155021
v -0.107770 0.102575 -0.102448
v -0.107770 0.102575 -0.162933
v -0.107770 0.087248 -0.162933
v -0.106625 0.556696 -0.102448
v -0.106625 0.556696 -0.132499
v -0.107770 0.552835 -0.132038
v -0.107770 0.552835 -0.102448
v -0.107770 0.540404 -0.156614
v -0.107770 0.545325 -0.152470
v -0.106625 0.548763 -0.154278
v -0.106625 0.542341 -0.159686
v -0.106625 0.534945 -0.163297
v -0.106625 0.521489 -0.166333
v -0.103860 0.535733 -0.164571
v -0.103860 0.521686 -0.167741
v 0.015264 0.068290 -0.164568
v 0.015264 0.078132 -0.166786
v 0.104563 0.078021 -0.166793
v 0.104563 0.068179 -0.164573
v -0.103860 0.078021 -0.166793
v -0.103860 0.068179 -0.164573
v -0.107770 0.051070 -0.102448
v -0.107770 0.051515 -0.137656
v -0.106625 0.047210 -0.102448
v -0.103860 0.045610 -0.102448
v -0.106625 0.553222 -0.147643
v -0.106625 0.555445 -0.140657
v -0.103860 0.557044 -0.140849
v -0.103860 0.554643 -0.148392
v -0.103860 0.558296 -0.102448
v -0.103860 0.558296 -0.132675
v -0.014561 0.049280 -0.148348
v -0.014726 0.043636 -0.152113
v -0.014726 0.526998 -0.171538
v -0.014561 0.521533 -0.167741
v -0.014561 0.535624 -0.164567
v -0.014726 0.541148 -0.168362
v -0.014561 0.560354 -0.102448
v -0.104801 0.560354 -0.102448
v -0.111175 0.558648 -0.101636
v -0.112607 0.554748 -0.099676
v -0.111767 0.559125 -0.099676
v -0.109131 0.561503 -0.101636
v -0.109472 0.562329 -0.099676
v -0.106251 0.562580 -0.101636
v -0.106338 0.563502 -0.099676
v -0.111767 0.044925 0.107805
v -0.111175 0.045403 0.109765
v -0.111268 0.102746 0.109765
v -0.111867 0.102888 0.107805
v -0.109131 0.042548 -0.101636
v -0.111175 0.045403 -0.101636
v -0.109472 0.041721 -0.099676
v -0.111767 0.044925 -0.099676
v -0.106342 0.041470 -0.101636
v -0.106338 0.040362 -0.098834
v 0.104563 0.086605 -0.167741
v 0.015264 0.086811 -0.167741
v 0.015264 0.102575 -0.167741
v 0.104563 0.102575 -0.167741
v 0.009422 0.547032 -0.163592
v 0.009422 0.554134 -0.157622
v 0.009451 0.555811 -0.158734
v 0.009451 0.548647 -0.164735
v 0.009422 0.558583 -0.150993
v 0.009422 0.560995 -0.143426
v 0.009451 0.562702 -0.144507
v 0.009451 0.560270 -0.152111
v 0.009451 0.040457 -0.142172
v 0.015428 0.040457 -0.142172
v 0.009451 0.039944 -0.102448
v 0.009422 0.041655 -0.102448
v 0.009422 0.042165 -0.141085
v 0.009451 0.040457 -0.142172
v 0.009451 0.043636 -0.152111
v 0.015428 0.043636 -0.152113
v 0.015264 0.558296 -0.132567
v 0.015264 0.558296 -0.102448
v 0.104563 0.558296 -0.102448
v 0.104563 0.558296 -0.132675
v -0.107770 0.549790 -0.145830
v -0.107770 0.551584 -0.140192
v 0.107327 0.055143 -0.154278
v 0.104563 0.053714 -0.155021
v 0.104563 0.060763 -0.160957
v 0.107327 0.061565 -0.159686
v 0.106954 0.560354 -0.102448
v 0.109008 0.559507 -0.102448
v 0.110448 0.557496 -0.102448
v 0.104563 0.557044 -0.140849
v 0.104563 0.554643 -0.148392
v 0.015264 0.554626 -0.148348
v 0.015264 0.557041 -0.140771
v 0.009422 0.064400 -0.167234
v 0.009422 0.074102 -0.169420
v 0.009451 0.072602 -0.170572
v 0.009451 0.062782 -0.168367
v 0.110461 0.056692 0.110577
v 0.108473 0.051070 0.110577
v 0.015428 0.040457 -0.142172
v 0.015264 0.046120 -0.138434
v 0.015428 0.562703 0.152635
v 0.009451 0.562702 0.152636
v 0.009451 0.560270 0.160240
v 0.015428 0.560270 0.160242
v 0.104563 0.046118 -0.138511
v 0.104563 0.045610 -0.102448
v 0.015264 0.045610 -0.102448
v 0.015264 0.046120 -0.138434
v 0.015428 0.048097 -0.158735
v 0.015428 0.055260 -0.164736
v 0.015264 0.060834 -0.160945
v 0.015264 0.053733 -0.154975
v 0.105595 0.043697 -0.102448
v 0.015264 0.043697 -0.102448
v 0.015264 0.045610 -0.102448
v 0.104563 0.045610 -0.102448
v 0.015428 0.043636 -0.152113
v 0.015264 0.049280 -0.148348
v 0.104563 0.521686 -0.167741
v 0.015264 0.521533 -0.167741
v 0.015264 0.535624 -0.164567
v 0.104563 0.535733 -0.164571
v 0.015428 0.560270 -0.152113
v 0.015428 0.562703 -0.144506
v 0.015264 0.557041 -0.140771
v 0.015264 0.554626 -0.148348
v 0.015428 0.548646 -0.164736
v 0.015428 0.555809 -0.158735
v 0.015264 0.550173 -0.154975
v 0.015264 0.543072 -0.160945
v 0.104563 0.550192 -0.155021
v 0.104563 0.543142 -0.160957
v 0.015264 0.543072 -0.160945
v 0.015264 0.550173 -0.154975
v 0.015264 0.558296 -0.132567
v 0.015428 0.563962 -0.136275
v 0.015264 0.558296 -0.102448
v 0.015264 0.049280 -0.148348
v 0.104563 0.049263 -0.148392
v 0.015264 0.053733 -0.154975
v 0.015264 0.060834 -0.160945
v 0.104563 0.060763 -0.160957
v 0.104563 0.053714 -0.155021
v 0.015264 0.086811 -0.167741
v 0.015428 0.081449 -0.171538
v 0.015428 0.098168 -0.171538
v 0.015264 0.102575 -0.167741
v 0.015428 0.562703 -0.144506
v 0.015428 0.560270 -0.152113
v 0.009451 0.560270 -0.152111
v 0.009451 0.562702 -0.144507
v 0.009422 0.049772 -0.157622
v 0.009422 0.056874 -0.163592
v 0.009451 0.055258 -0.164735
v 0.009451 0.048095 -0.158734
v 0.009451 0.048095 -0.158734
v 0.009451 0.055258 -0.164735
v 0.015428 0.055260 -0.164736
v 0.015428 0.048097 -0.158735
v 0.009451 0.081467 -0.171538
v 0.009422 0.083129 -0.170286
v 0.009422 0.099478 -0.169920
v 0.009451 0.098168 -0.171538
v 0.009451 0.062782 -0.168367
v 0.009451 0.072602 -0.170572
v 0.015428 0.072616 -0.170575
v 0.015428 0.062769 -0.168364
v 0.015428 0.555809 -0.158735
v 0.015428 0.548646 -0.164736
v 0.009451 0.548647 -0.164735
v 0.009451 0.555811 -0.158734
v 0.009451 0.563962 -0.136264
v 0.009422 0.562251 -0.135173
v 0.009422 0.562251 -0.102448
v 0.009451 0.563962 -0.102448
v 0.015428 0.563962 -0.136275
v 0.009451 0.563962 -0.136264
v 0.015428 0.541148 -0.168362
v 0.015428 0.526998 -0.171538
v 0.009451 0.526997 -0.171538
v 0.009451 0.541137 -0.168364
v 0.009422 0.525467 -0.169920
v 0.009422 0.539401 -0.167142
v 0.009451 0.541137 -0.168364
v 0.009451 0.526997 -0.171538
v 0.009422 0.045323 -0.150993
v 0.009451 0.043636 -0.152111
v 0.009451 0.098168 -0.171538
v 0.015428 0.098168 -0.171538
v 0.015428 0.081449 -0.171538
v 0.009451 0.081467 -0.171538
v 0.015428 0.062769 -0.168364
v 0.015428 0.072616 -0.170575
v 0.015264 0.078132 -0.166786
v 0.015264 0.068290 -0.164568
v -0.110352 0.502390 0.110577
v -0.107770 0.499924 0.110577
v -0.107770 0.521004 0.110577
v -0.110352 0.523767 0.110577
v 0.015428 0.098168 -0.171538
v 0.015428 0.526998 -0.171538
v 0.015264 0.521533 -0.167741
v 0.015264 0.102575 -0.167741
v 0.107327 0.047699 -0.138262
v 0.104563 0.046118 -0.138511
v 0.104563 0.049263 -0.148392
v 0.107327 0.050684 -0.147643
v 0.108473 0.545325 -0.152470
v 0.108473 0.549790 -0.145830
v 0.108473 0.551584 -0.140192
v 0.108473 0.051070 -0.102448
v 0.108473 0.102575 -0.162933
v 0.108473 0.521004 -0.162933
v 0.108473 0.521004 -0.102448
v 0.108473 0.087248 -0.162933
v 0.107327 0.086772 -0.166333
v 0.107327 0.102575 -0.166333
v 0.108473 0.102575 -0.162933
v 0.108473 0.058581 -0.152470
v 0.108473 0.063502 -0.156614
v 0.107327 0.556696 -0.102448
v 0.108473 0.552835 -0.102448
v 0.108473 0.552835 -0.132038
v 0.107327 0.556696 -0.132499
v 0.108473 0.540404 -0.156614
v 0.107327 0.542341 -0.159686
v 0.107327 0.548763 -0.154278
v 0.107327 0.521489 -0.166333
v 0.107327 0.534945 -0.163297
v 0.107327 0.521489 0.174462
v 0.107327 0.534945 0.171426
v 0.104563 0.535733 0.172701
v 0.104563 0.521686 0.175870
v 0.104563 0.086605 -0.167741
v 0.104563 0.102575 -0.167741
v 0.107327 0.068967 -0.163298
v 0.104563 0.068179 -0.164573
v 0.104563 0.078021 -0.166793
v 0.107327 0.078240 -0.165390
v 0.107327 0.047210 -0.102448
v 0.104563 0.045610 -0.102448
v 0.107327 0.553222 -0.147643
v 0.104563 0.554643 -0.148392
v 0.104563 0.557044 -0.140849
v 0.107327 0.555445 -0.140657
v 0.104563 0.558296 -0.102448
v 0.104563 0.558296 -0.132675
v 0.015264 0.560354 -0.102448
v 0.015264 0.562580 -0.101636
v 0.015427 0.563959 -0.099523
v 0.104632 0.563502 -0.099676
v 0.111939 0.072965 -0.101636
v 0.112649 0.521160 -0.101636
v 0.106495 0.041470 -0.101636
v 0.015264 0.041470 -0.101636
v 0.106727 0.040362 -0.099001
v 0.015287 0.039944 -0.096987
v 0.015264 0.041470 -0.101636
v 0.111877 0.558648 -0.101636
v 0.112469 0.559125 -0.099676
v 0.113309 0.554748 -0.099676
v 0.109833 0.561503 -0.101636
v 0.110175 0.562329 -0.099676
v 0.106954 0.562580 -0.101636
v 0.107041 0.563502 -0.099676
v 0.111877 0.045403 -0.101636
v 0.110473 0.066361 -0.102448
v 0.109833 0.042548 -0.101636
v 0.110175 0.041721 -0.099676
v 0.106495 0.041470 -0.101636
v 0.105595 0.043697 -0.102448
v 0.106727 0.040362 -0.099001
v 0.107041 0.563502 -0.099676
v 0.104563 0.045610 -0.102448
v 0.015264 0.558296 -0.102448
v 0.104563 0.558296 -0.102448
v -0.103860 0.086606 0.175870
v -0.014561 0.086812 0.175870
v -0.014561 0.102575 0.175870
v -0.103860 0.102575 0.175870
v -0.014726 0.541147 0.176491
v -0.014726 0.526998 0.179668
v -0.008749 0.526997 0.179668
v -0.008749 0.541136 0.176494
v -0.008719 0.558583 0.159122
v -0.008719 0.560995 0.151555
v -0.008749 0.562702 0.152636
v -0.008749 0.560270 0.160240
v -0.008749 0.040389 0.150089
v -0.014726 0.040389 0.150090
v -0.008749 0.039944 0.110577
v -0.008719 0.041655 0.110577
v -0.008719 0.042098 0.149003
v -0.008749 0.040389 0.150089
v 0.009422 0.042098 0.149003
v -0.008719 0.042098 0.149003
v -0.008719 0.041655 0.110577
v 0.009422 0.041655 0.110577
v -0.008719 0.049772 0.165751
v 0.009422 0.049772 0.165751
v 0.009422 0.056874 0.171721
v -0.008719 0.056874 0.171721
v -0.008749 0.043636 0.160240
v -0.014726 0.043636 0.160242
v -0.014561 0.558296 0.140696
v -0.014561 0.558296 0.110577
v -0.103860 0.558296 0.110577
v -0.103860 0.558296 0.140804
v -0.106625 0.086773 0.174462
v -0.103860 0.086606 0.175870
v -0.103860 0.102575 0.175870
v -0.106625 0.102575 0.174462
v -0.109472 0.562329 -0.039407
v -0.106338 0.563502 -0.039637
v -0.014561 0.558296 -0.102448
v -0.103860 0.558296 -0.102448
v -0.008719 0.562251 0.143302
v 0.009422 0.562251 0.143302
v 0.009422 0.562251 0.110577
v -0.008719 0.562251 0.110577
v -0.008719 0.064400 0.175363
v -0.008719 0.074102 0.177549
v -0.008749 0.072602 0.178701
v -0.008749 0.062782 0.176496
v -0.014726 0.040389 0.150090
v -0.014561 0.046053 0.146352
v -0.103860 0.535733 0.172701
v -0.103860 0.521686 0.175870
v -0.014561 0.521533 0.175870
v -0.014561 0.535624 0.172696
v 0.107327 0.521489 0.174462
v 0.104563 0.521686 0.175870
v 0.104563 0.102575 0.175870
v 0.107327 0.102575 0.174462
v -0.014561 0.053733 0.163104
v -0.014561 0.060834 0.169074
v -0.103860 0.060763 0.169086
v -0.103860 0.053714 0.163150
v -0.105043 0.043761 0.110577
v -0.014561 0.043697 0.110577
v -0.014561 0.045610 0.110577
v -0.103860 0.045610 0.110577
v -0.014726 0.548646 0.172865
v -0.014726 0.555809 0.166864
v -0.014561 0.550173 0.163104
v -0.014561 0.543072 0.169074
v -0.103860 0.550192 0.163150
v -0.103860 0.543142 0.169086
v -0.014561 0.543072 0.169074
v -0.014561 0.550173 0.163104
v -0.014561 0.558296 0.140696
v -0.014726 0.563962 0.144404
v -0.014561 0.558296 0.110577
v -0.014726 0.560270 0.160242
v -0.014726 0.562703 0.152635
v -0.014561 0.557041 0.148900
v -0.014561 0.554626 0.156477
v -0.014561 0.049280 0.156477
v -0.103860 0.049263 0.156521
v -0.014561 0.086812 0.175870
v -0.014726 0.081450 0.179668
v -0.014726 0.098168 0.179668
v -0.014561 0.102575 0.175870
v -0.106251 0.041470 0.109765
v -0.014561 0.041470 0.109765
v -0.008719 0.049772 0.165751
v -0.008719 0.056874 0.171721
v -0.008749 0.055258 0.172864
v -0.008749 0.048095 0.166863
v -0.008749 0.048095 0.166863
v -0.008749 0.055258 0.172864
v -0.014726 0.055260 0.172865
v -0.014726 0.048097 0.166864
v -0.008749 0.081469 0.179668
v -0.008719 0.083120 0.178425
v -0.008719 0.099499 0.178091
v -0.008749 0.098168 0.179668
v -0.008719 0.547032 0.171721
v -0.008719 0.554134 0.165751
v -0.008749 0.555811 0.166863
v -0.008749 0.548647 0.172864
v -0.014726 0.555809 0.166864
v -0.014726 0.548646 0.172865
v -0.008749 0.548647 0.172864
v -0.008749 0.555811 0.166863
v -0.008749 0.563962 0.144393
v -0.008719 0.562251 0.143302
v -0.008719 0.562251 0.110577
v -0.008749 0.563962 0.110577
v -0.014726 0.563962 0.144404
v -0.008749 0.563962 0.144393
v -0.008749 0.062782 0.176496
v -0.008749 0.072602 0.178701
v -0.014726 0.072616 0.178704
v -0.014726 0.062769 0.176493
v -0.008719 0.525488 0.178091
v -0.008719 0.539412 0.175280
v -0.008749 0.541136 0.176494
v -0.008749 0.526997 0.179668
v -0.008719 0.045323 0.159122
v -0.008749 0.043636 0.160240
v 0.009422 0.560995 0.151555
v -0.008719 0.560995 0.151555
v -0.008719 0.558583 0.159122
v 0.009422 0.558583 0.159122
v -0.008749 0.098168 0.179668
v -0.014726 0.098168 0.179668
v -0.014726 0.081450 0.179668
v -0.008749 0.081469 0.179668
v 0.009422 0.539412 0.175280
v -0.008719 0.539412 0.175280
v -0.008719 0.525488 0.178091
v 0.009422 0.525488 0.178091
v -0.008719 0.064400 0.175363
v 0.009422 0.064400 0.175363
v 0.009422 0.074102 0.177549
v -0.008719 0.074102 0.177549
v -0.107770 0.070901 0.168355
v -0.106625 0.068967 0.171427
v -0.106625 0.078240 0.173519
v -0.107770 0.078732 0.170122
v 0.009422 0.045323 0.159122
v -0.008719 0.045323 0.159122
v 0.009422 0.083120 0.178425
v 0.009422 0.099499 0.178091
v -0.008719 0.099499 0.178091
v -0.008719 0.083120 0.178425
v 0.009422 0.554134 0.165751
v -0.008719 0.554134 0.165751
v -0.008719 0.547032 0.171721
v 0.009422 0.547032 0.171721
v -0.014726 0.043636 0.160242
v -0.014561 0.049280 0.156477
v 0.009451 0.039944 0.110577
v 0.009422 0.041655 0.110577
v -0.111767 0.559125 -0.039344
v -0.111828 0.453492 0.109765
v -0.112479 0.456505 0.107805
v -0.106625 0.047634 0.146188
v -0.103860 0.046051 0.146429
v -0.103860 0.049263 0.156521
v -0.106625 0.050684 0.155772
v -0.106625 0.055143 0.162407
v -0.103860 0.053714 0.163150
v -0.103860 0.060763 0.169086
v -0.106625 0.061565 0.167815
v -0.107770 0.087249 0.171062
v -0.107770 0.102575 0.171062
v -0.106625 0.556696 0.110577
v -0.107770 0.552835 0.110577
v -0.107770 0.552835 0.140167
v -0.106625 0.556696 0.140628
v -0.106625 0.542341 0.167815
v -0.106625 0.548763 0.162407
v -0.107770 0.551584 0.148321
v -0.106625 0.521489 0.174462
v -0.106625 0.534945 0.171426
v -0.103860 0.521686 0.175870
v -0.103860 0.535733 0.172701
v 0.015264 0.068290 0.172697
v 0.104563 0.068179 0.172702
v 0.104563 0.078021 0.174922
v 0.015264 0.078132 0.174915
v -0.103860 0.068179 0.172702
v -0.103860 0.078021 0.174922
v -0.107770 0.051070 0.110577
v -0.106625 0.047210 0.110577
v -0.107770 0.051457 0.145601
v -0.103860 0.045610 0.110577
v -0.106625 0.553222 0.155772
v -0.103860 0.554643 0.156521
v -0.103860 0.557044 0.148978
v -0.106625 0.555445 0.148786
v -0.103860 0.558296 0.110577
v -0.103860 0.558296 0.140804
v -0.014561 0.560354 0.110577
v -0.014561 0.562580 0.109765
v -0.106251 0.562580 0.109765
v -0.104903 0.560354 0.110577
v -0.014726 0.526998 0.179668
v -0.014726 0.541147 0.176491
v -0.014561 0.535624 0.172696
v -0.014561 0.521533 0.175870
v -0.014561 0.558296 0.110577
v -0.103860 0.558296 0.110577
v -0.105043 0.043761 0.110577
v -0.103860 0.045610 0.110577
v -0.014561 0.102575 -0.167741
v -0.014561 0.521533 -0.167741
v -0.014726 0.526998 -0.171538
v -0.014726 0.098168 -0.171538
v -0.014726 0.562703 0.152635
v -0.014726 0.560270 0.160242
v -0.008749 0.560270 0.160240
v -0.008749 0.562702 0.152636
v -0.014726 0.048097 0.166864
v -0.014726 0.055260 0.172865
v -0.014561 0.060834 0.169074
v -0.014561 0.053733 0.163104
v -0.111175 0.558648 0.109765
v -0.111767 0.559125 0.107805
v -0.112607 0.554748 0.107805
v -0.109131 0.561503 0.109765
v -0.109472 0.562329 0.107805
v -0.104903 0.560354 0.110577
v -0.106251 0.562580 0.109765
v -0.106338 0.563502 0.107805
v 0.104632 0.563502 0.107805
v 0.107041 0.563502 0.107805
v -0.109131 0.042548 0.109765
v -0.109472 0.041721 0.107805
v -0.106251 0.041470 0.109765
v -0.106338 0.040566 0.107206
v -0.107770 0.552835 0.110577
v -0.103860 0.558296 0.110577
v -0.014726 0.062769 0.176493
v -0.014726 0.072616 0.178704
v -0.014561 0.078132 0.174915
v -0.014561 0.068290 0.172697
v 0.104563 0.086606 0.175870
v 0.104563 0.102575 0.175870
v 0.015264 0.102575 0.175870
v 0.015264 0.086812 0.175870
v 0.015428 0.541147 0.176491
v 0.009451 0.541136 0.176494
v 0.009451 0.526997 0.179668
v 0.015428 0.526998 0.179668
v 0.009451 0.563962 0.144393
v 0.009451 0.563962 0.110577
v 0.009422 0.562251 0.110577
v 0.009422 0.562251 0.143302
v 0.009451 0.040389 0.150089
v 0.015428 0.040389 0.150090
v 0.009451 0.040389 0.150089
v 0.009422 0.042098 0.149003
v 0.015428 0.043636 0.160242
v 0.009451 0.043636 0.160240
v 0.015264 0.558296 0.140696
v 0.104563 0.558296 0.140804
v 0.104563 0.558296 0.110577
v 0.015264 0.558296 0.110577
v 0.107327 0.086773 0.174462
v 0.107327 0.102575 0.174462
v 0.104563 0.102575 0.175870
v 0.104563 0.086606 0.175870
v 0.106954 0.560354 0.110577
v 0.110448 0.557496 0.110577
v 0.109008 0.559507 0.110577
v 0.104563 0.557044 0.148978
v 0.015264 0.557041 0.148900
v 0.015264 0.554626 0.156477
v 0.104563 0.554643 0.156521
v -0.103860 0.102575 -0.167741
v -0.103860 0.521686 -0.167741
v -0.014561 0.521533 -0.167741
v -0.014561 0.102575 -0.167741
v 0.009451 0.081469 0.179668
v 0.009451 0.098168 0.179668
v 0.009422 0.099499 0.178091
v 0.009422 0.083120 0.178425
v -0.008749 0.526997 -0.171538
v -0.008749 0.098168 -0.171538
v -0.014726 0.098168 -0.171538
v -0.014726 0.526998 -0.171538
v 0.015264 0.046053 0.146352
v 0.015428 0.040389 0.150090
v 0.104563 0.046051 0.146429
v 0.015264 0.046053 0.146352
v 0.015264 0.045610 0.110577
v 0.104563 0.045610 0.110577
v 0.015428 0.048097 0.166864
v 0.015264 0.053733 0.163104
v 0.015264 0.060834 0.169074
v 0.015428 0.055260 0.172865
v 0.112649 0.521160 0.109765
v 0.107327 0.542341 0.167815
v 0.107327 0.548763 0.162407
v 0.104563 0.550192 0.163150
v 0.104563 0.543142 0.169086
v -0.111267 0.102200 -0.101636
v -0.111827 0.451320 -0.101636
v -0.110352 0.448770 -0.102448
v 0.106101 0.043697 0.110577
v 0.104563 0.045610 0.110577
v 0.015264 0.045610 0.110577
v 0.015264 0.043697 0.110577
v 0.015264 0.049280 0.156477
v 0.015428 0.043636 0.160242
v 0.015428 0.526998 0.179668
v 0.015264 0.521533 0.175870
v 0.015264 0.535624 0.172696
v 0.015428 0.541147 0.176491
v 0.015428 0.560270 0.160242
v 0.015264 0.554626 0.156477
v 0.015264 0.557041 0.148900
v 0.015428 0.562703 0.152635
v 0.015428 0.548646 0.172865
v 0.015264 0.543072 0.169074
v 0.015264 0.550173 0.163104
v 0.015428 0.555809 0.166864
v 0.104563 0.550192 0.163150
v 0.015264 0.550173 0.163104
v 0.015264 0.543072 0.169074
v 0.104563 0.543142 0.169086
v 0.015264 0.558296 0.140696
v 0.015264 0.558296 0.110577
v 0.015428 0.563962 0.144404
v 0.104563 0.049263 0.156521
v 0.015264 0.049280 0.156477
v 0.015264 0.053733 0.163104
v 0.104563 0.053714 0.163150
v 0.104563 0.060763 0.169086
v 0.015264 0.060834 0.169074
v 0.015264 0.086812 0.175870
v 0.015264 0.102575 0.175870
v 0.015428 0.098168 0.179668
v 0.015428 0.081450 0.179668
v 0.111055 0.521100 -0.102448
v 0.015264 0.521533 0.175870
v 0.104563 0.521686 0.175870
v 0.104563 0.535733 0.172701
v 0.015264 0.535624 0.172696
v 0.009422 0.049772 0.165751
v 0.009451 0.048095 0.166863
v 0.009451 0.055258 0.172864
v 0.009422 0.056874 0.171721
v 0.009451 0.048095 0.166863
v 0.015428 0.048097 0.166864
v 0.015428 0.055260 0.172865
v 0.009451 0.055258 0.172864
v 0.009451 0.098168 0.179668
v 0.009451 0.081469 0.179668
v 0.015428 0.081450 0.179668
v 0.015428 0.098168 0.179668
v 0.009422 0.547032 0.171721
v 0.009451 0.548647 0.172864
v 0.009451 0.555811 0.166863
v 0.009422 0.554134 0.165751
v 0.015428 0.555809 0.166864
v 0.009451 0.555811 0.166863
v 0.009451 0.548647 0.172864
v 0.015428 0.548646 0.172865
v 0.009451 0.563962 0.144393
v 0.015428 0.563962 0.144404
v 0.009422 0.558583 0.159122
v 0.009451 0.560270 0.160240
v 0.009451 0.562702 0.152636
v 0.009422 0.560995 0.151555
v 0.009451 0.062782 0.176496
v 0.015428 0.062769 0.176493
v 0.015428 0.072616 0.178704
v 0.009451 0.072602 0.178701
v 0.009422 0.525488 0.178091
v 0.009451 0.526997 0.179668
v 0.009451 0.541136 0.176494
v 0.009422 0.539412 0.175280
v 0.009451 0.043636 0.160240
v 0.009422 0.045323 0.159122
v 0.108473 0.070901 0.168355
v 0.108473 0.078732 0.170122
v 0.107327 0.078240 0.173519
v 0.107327 0.068967 0.171427
v 0.009422 0.064400 0.175363
v 0.009451 0.062782 0.176496
v 0.009451 0.072602 0.178701
v 0.009422 0.074102 0.177549
v 0.015428 0.062769 0.176493
v 0.015264 0.068290 0.172697
v 0.015264 0.078132 0.174915
v 0.015428 0.072616 0.178704
v -0.107770 0.552835 -0.102448
v -0.103860 0.543142 0.169086
v -0.103860 0.550192 0.163150
v 0.106101 0.043697 0.110577
v 0.104563 0.045610 0.110577
v 0.009451 0.526997 -0.171538
v 0.015428 0.526998 -0.171538
v 0.015428 0.098168 -0.171538
v 0.009451 0.098168 -0.171538
v 0.111877 0.045403 0.109765
v 0.111910 0.065406 0.109765
v 0.107327 0.047634 0.146188
v 0.107327 0.050684 0.155772
v 0.104563 0.049263 0.156521
v 0.104563 0.046051 0.146429
v 0.107327 0.055143 0.162407
v 0.107327 0.061565 0.167815
v 0.104563 0.060763 0.169086
v 0.104563 0.053714 0.163150
v 0.108473 0.087249 0.171062
v 0.108473 0.102575 0.171062
v 0.107327 0.556696 0.110577
v 0.107327 0.556696 0.140628
v 0.108473 0.552835 0.140167
v 0.108473 0.552835 0.110577
v 0.108473 0.540404 0.164743
v 0.108473 0.545325 0.160599
v 0.104563 0.543142 -0.160957
v 0.104563 0.550192 -0.155021
v 0.108473 0.521004 -0.102448
v 0.108473 0.552835 -0.102448
v 0.104563 0.078021 0.174922
v 0.104563 0.068179 0.172702
v 0.107327 0.047210 0.110577
v 0.104563 0.045610 0.110577
v 0.107327 0.553222 0.155772
v 0.107327 0.555445 0.148786
v 0.104563 0.557044 0.148978
v 0.104563 0.554643 0.156521
v 0.104563 0.558296 0.110577
v 0.104563 0.558296 0.140804
v 0.015264 0.560354 0.110577
v 0.015264 0.562580 0.109765
v 0.015346 0.563962 0.106405
v 0.015264 0.041470 0.109765
v 0.106954 0.041470 0.109765
v 0.015264 0.041470 0.109765
v 0.015192 0.039938 0.105107
v 0.106727 0.040566 0.107206
v 0.111877 0.558648 0.109765
v 0.113309 0.554748 0.107805
v 0.112469 0.559125 0.107805
v 0.109833 0.561503 0.109765
v 0.110175 0.562329 0.107805
v 0.106954 0.562580 0.109765
v 0.107041 0.563502 0.107805
v 0.109833 0.042548 0.109765
v 0.110175 0.041721 0.107805
v 0.106954 0.041470 0.109765
v 0.106727 0.040566 0.107206
v 0.015264 0.558296 0.110577
v 0.104563 0.558296 0.110577
v -0.113038 0.554748 -0.039466
v -0.106338 0.040566 0.107206
v -0.014478 0.040153 0.105107
v -0.014561 0.041470 0.109765
v 0.104563 0.521686 -0.167741
v 0.104563 0.535733 -0.164571
v -0.103860 0.102575 0.175870
v -0.014561 0.102575 0.175870
v -0.014561 0.521533 0.175870
v -0.103860 0.521686 0.175870
v 0.104563 0.102575 -0.167741
v 0.104563 0.521686 -0.167741
v 0.107327 0.521489 -0.166333
v 0.107327 0.102575 -0.166333
v -0.106338 0.563502 0.107805
v -0.111946 0.527683 0.109765
v -0.110352 0.523767 0.110577
v -0.107770 0.521004 0.110577
v -0.111946 0.525388 -0.101636
v -0.110352 0.522411 -0.102448
v -0.107770 0.520993 -0.102448
v 0.108473 0.070901 -0.160226
v 0.108473 0.078732 -0.161993
v 0.108473 0.058581 0.160599
v 0.108473 0.063502 0.164743
v -0.107770 0.058581 -0.152470
v -0.107770 0.063502 -0.156614
v -0.107770 0.054116 -0.145830
v -0.107770 0.054116 0.153959
v -0.107770 0.058581 0.160599
v -0.107770 0.063502 0.164743
v -0.107770 0.549790 0.153959
v -0.103860 0.550192 -0.155021
v -0.103860 0.543142 -0.160957
v -0.014561 0.068290 0.172697
v -0.014561 0.078132 0.174915
v -0.103860 0.078021 0.174922
v -0.103860 0.068179 0.172702
v 0.108473 0.549790 0.153959
v 0.108473 0.551584 0.148321
v 0.015264 0.560354 0.110577
v -0.014561 0.560354 0.110577
v -0.077666 0.541888 -0.035839
v -0.079767 0.536023 -0.033580
v -0.079767 0.536023 0.041422
v -0.077670 0.541889 0.043954
v -0.107770 0.102575 0.171062
v -0.106625 0.102575 0.174462
v -0.106625 0.521489 0.174462
v -0.107770 0.521004 0.171062
v 0.015264 0.521533 0.175870
v 0.015264 0.102575 0.175870
v 0.104563 0.102575 0.175870
v 0.104563 0.521686 0.175870
v 0.015264 0.102575 0.175870
v 0.015264 0.521533 0.175870
v 0.015428 0.526998 0.179668
v 0.015428 0.098168 0.179668
v -0.014561 0.102575 0.175870
v -0.014726 0.098168 0.179668
v -0.014726 0.526998 0.179668
v -0.014561 0.521533 0.175870
v 0.108473 0.521004 0.171062
v 0.108473 0.102575 0.171062
v -0.107770 0.521004 -0.162933
v -0.106625 0.521489 -0.166333
v -0.106625 0.102575 -0.166333
v -0.107770 0.102575 -0.162933
v 0.009451 0.526997 0.179668
v 0.009451 0.098168 0.179668
v 0.015428 0.098168 0.179668
v 0.015428 0.526998 0.179668
v 0.015264 0.521533 -0.167741
v 0.104563 0.521686 -0.167741
v 0.104563 0.102575 -0.167741
v 0.015264 0.102575 -0.167741
v -0.103860 0.521686 -0.167741
v -0.103860 0.102575 -0.167741
v 0.015428 0.526998 -0.171538
v 0.015428 0.541148 -0.168362
v 0.015264 0.535624 -0.164567
v 0.015264 0.521533 -0.167741
v -0.008749 0.526997 0.179668
v -0.008749 0.098168 0.179668
v -0.008719 0.099499 0.178091
v -0.008719 0.525488 0.178091
v -0.014561 0.560354 -0.102448
v -0.077744 0.563680 0.043363
v -0.077717 0.563678 -0.035445
v -0.106338 0.563502 0.048041
v -0.109472 0.562329 0.047986
v -0.113038 0.554748 0.048005
v -0.111767 0.559125 0.047972
v -0.083251 0.531830 -0.032560
v -0.083251 0.531830 0.038689
v -0.106338 0.563502 -0.039637
v 0.009451 0.098168 0.179668
v 0.009451 0.526997 0.179668
v 0.009422 0.525488 0.178091
v 0.009422 0.099499 0.178091
v -0.111866 0.102147 -0.099676
v -0.112479 0.456643 -0.099676
v -0.119841 0.530257 -0.029419
v -0.119841 0.530262 0.038454
v -0.091032 0.529027 0.038454
v -0.091032 0.529025 -0.030865
v -0.111946 0.527683 0.109765
v -0.111910 0.505177 0.109765
v -0.119056 0.076943 0.077692
v -0.119841 0.530262 0.038454
v -0.119841 0.530257 -0.029419
v -0.119799 0.506005 -0.031975
v -0.119799 0.506065 0.040690
v -0.077744 0.563680 0.043363
v -0.077717 0.563678 -0.035445
v -0.106338 0.563502 0.048041
v -0.119055 0.076008 -0.074335
v -0.119841 0.533278 0.044783
v -0.119795 0.506912 0.046815
v -0.119841 0.530256 -0.077734
v -0.119799 0.506203 -0.077554
v -0.119795 0.506785 -0.037906
v -0.119841 0.533280 -0.035508
v 0.108473 0.051070 -0.102448
v 0.009422 0.525467 -0.169920
v 0.009422 0.099478 -0.169920
v -0.008719 0.099478 -0.169920
v -0.008719 0.525467 -0.169920
v -0.008719 0.525467 -0.169920
v -0.008719 0.099478 -0.169920
v -0.008749 0.098168 -0.171538
v -0.008749 0.526997 -0.171538
v 0.009422 0.099478 -0.169920
v 0.009422 0.525467 -0.169920
v 0.009451 0.526997 -0.171538
v 0.009451 0.098168 -0.171538
v 0.009422 0.099499 0.178091
v 0.009422 0.525488 0.178091
v -0.008719 0.525488 0.178091
v -0.008719 0.099499 0.178091
v -0.112565 0.506458 -0.099676
v -0.112607 0.530253 -0.099676
v -0.111946 0.525388 -0.101636
v -0.111911 0.503156 -0.101636
v -0.112566 0.506784 0.107805
v -0.112607 0.530266 0.107805
v -0.119841 0.530263 0.082249
v -0.119799 0.506430 0.082010
v -0.103860 0.102575 0.175870
v -0.103860 0.521686 0.175870
v 0.015264 0.560354 -0.102448
v -0.107770 0.102575 0.110577
v -0.014561 0.068290 -0.164568
v -0.014726 0.062769 -0.168364
v -0.014726 0.072616 -0.170575
v -0.014561 0.078132 -0.166786
v 0.108473 0.051070 0.110577
v 0.108473 0.521004 0.110577
v -0.107770 0.447638 -0.102448
v -0.023289 0.454463 0.182188
v -0.032372 0.454463 0.182188
v -0.032685 0.451281 0.179006
v -0.022976 0.451281 0.179006
v -0.018286 0.492212 0.175905
v -0.018286 0.492212 0.179006
v -0.017225 0.489079 0.179006
v -0.017225 0.489079 0.175905
v -0.033644 0.454716 0.182188
v -0.034885 0.451719 0.179006
v -0.020775 0.494392 0.175905
v -0.020775 0.494392 0.179006
v -0.022976 0.494830 0.175905
v -0.022976 0.494830 0.179006
v -0.032685 0.494830 0.175905
v -0.032685 0.494830 0.179006
v -0.020932 0.490445 0.182188
v -0.022016 0.491395 0.182188
v -0.020407 0.488766 0.182188
v -0.032372 0.491648 0.182188
v -0.034885 0.494392 0.179006
v -0.033644 0.491395 0.182188
v -0.020775 0.451719 0.179006
v -0.022016 0.454716 0.182188
v -0.017225 0.489079 0.179006
v -0.017225 0.457031 0.179006
v -0.017225 0.457031 0.175905
v -0.017225 0.489079 0.175905
v -0.037374 0.492212 0.175905
v -0.038435 0.489079 0.175905
v -0.038435 0.489079 0.179006
v -0.037374 0.492212 0.179006
v -0.034885 0.494392 0.175905
v -0.034729 0.490445 0.182188
v -0.035254 0.488766 0.182188
v -0.023289 0.491648 0.182188
v -0.018286 0.453898 0.175905
v -0.017225 0.457031 0.175905
v -0.017225 0.457031 0.179006
v -0.018286 0.453898 0.179006
v -0.020775 0.451719 0.175905
v -0.022976 0.451281 0.175905
v -0.032685 0.451281 0.175905
v -0.020932 0.455666 0.182188
v -0.020407 0.457345 0.182188
v -0.037374 0.453898 0.175905
v -0.037374 0.453898 0.179006
v -0.038435 0.457031 0.179006
v -0.038435 0.457031 0.175905
v -0.034885 0.451719 0.175905
v -0.034729 0.455666 0.182188
v -0.035254 0.457345 0.182188
v -0.038435 0.489079 0.179006
v -0.038435 0.457031 0.179006
v -0.038435 0.489079 0.175905
v -0.038435 0.457031 0.175905
v -0.057095 0.111045 -0.167716
v -0.057095 0.111045 -0.171002
v -0.050592 0.112191 -0.171002
v -0.050592 0.112191 -0.167716
v -0.044874 0.115493 -0.171002
v -0.044874 0.115493 -0.167716
v -0.044874 0.115493 -0.167716
v -0.044874 0.115493 -0.171002
v -0.040629 0.120551 -0.171002
v -0.040629 0.120551 -0.167716
v -0.038371 0.126756 -0.171002
v -0.038371 0.126756 -0.167716
v -0.038371 0.133360 -0.171002
v -0.038371 0.133360 -0.167716
v -0.040629 0.139565 -0.171002
v -0.040629 0.139565 -0.167716
v -0.044874 0.144623 -0.171002
v -0.044874 0.144623 -0.167716
v -0.050592 0.147925 -0.171002
v -0.050592 0.147925 -0.167716
v -0.057095 0.149072 -0.171002
v -0.057095 0.149072 -0.167716
v -0.063598 0.147925 -0.171002
v -0.063598 0.147925 -0.167716
v -0.069317 0.144623 -0.171002
v -0.069317 0.144623 -0.167716
v -0.073562 0.139565 -0.171002
v -0.073562 0.139565 -0.167716
v -0.075820 0.133360 -0.171002
v -0.075820 0.133360 -0.167716
v -0.075820 0.126756 -0.171002
v -0.075820 0.126756 -0.167716
v -0.073562 0.120551 -0.171002
v -0.073562 0.120551 -0.167716
v -0.069317 0.115493 -0.171002
v -0.069317 0.115493 -0.167716
v -0.061377 0.141823 -0.171002
v -0.057095 0.142578 -0.171002
v -0.057095 0.142008 -0.176878
v -0.061182 0.141287 -0.176878
v -0.063598 0.112191 -0.171002
v -0.063598 0.112191 -0.167716
v -0.057095 0.117539 -0.171002
v -0.052813 0.118294 -0.171002
v -0.050592 0.112191 -0.171002
v -0.057095 0.111045 -0.171002
v -0.049048 0.120468 -0.171002
v -0.044874 0.115493 -0.171002
v -0.046253 0.123798 -0.171002
v -0.040629 0.120551 -0.171002
v -0.044766 0.127884 -0.171002
v -0.038371 0.126756 -0.171002
v -0.044766 0.132232 -0.171002
v -0.038371 0.133360 -0.171002
v -0.046253 0.136318 -0.171002
v -0.040629 0.139565 -0.171002
v -0.049048 0.139649 -0.171002
v -0.044874 0.144623 -0.171002
v -0.052813 0.141823 -0.171002
v -0.050592 0.147925 -0.171002
v -0.057095 0.142578 -0.171002
v -0.057095 0.149072 -0.171002
v -0.061377 0.141823 -0.171002
v -0.063598 0.147925 -0.171002
v -0.065143 0.139649 -0.171002
v -0.069317 0.144623 -0.171002
v -0.067938 0.136318 -0.171002
v -0.073562 0.139565 -0.171002
v -0.069425 0.132232 -0.171002
v -0.075820 0.133360 -0.171002
v -0.069425 0.127884 -0.171002
v -0.075820 0.126756 -0.171002
v -0.067938 0.123798 -0.171002
v -0.073562 0.120551 -0.171002
v -0.065143 0.120468 -0.171002
v -0.069317 0.115493 -0.171002
v -0.061377 0.118294 -0.171002
v -0.063598 0.112191 -0.171002
v -0.064776 0.139212 -0.176878
v -0.060176 0.138523 -0.182188
v -0.062886 0.136959 -0.182188
v -0.046253 0.123798 -0.171002
v -0.049048 0.120468 -0.171002
v -0.049414 0.120904 -0.176878
v -0.046747 0.124083 -0.176878
v -0.057095 0.117539 -0.171002
v -0.061377 0.118294 -0.171002
v -0.061182 0.118829 -0.176878
v -0.057095 0.118109 -0.176878
v -0.065143 0.139649 -0.171002
v -0.044766 0.127884 -0.171002
v -0.045327 0.127983 -0.176878
v -0.067938 0.136318 -0.171002
v -0.067444 0.136033 -0.176878
v -0.044766 0.132232 -0.171002
v -0.045327 0.132133 -0.176878
v -0.069425 0.132232 -0.171002
v -0.068863 0.132133 -0.176878
v -0.046253 0.136318 -0.171002
v -0.046747 0.136033 -0.176878
v -0.069425 0.127884 -0.171002
v -0.068863 0.127983 -0.176878
v -0.049048 0.139649 -0.171002
v -0.049414 0.139212 -0.176878
v -0.067938 0.123798 -0.171002
v -0.067444 0.124083 -0.176878
v -0.052813 0.141823 -0.171002
v -0.053008 0.141287 -0.176878
v -0.052813 0.118294 -0.171002
v -0.053008 0.118829 -0.176878
v -0.065143 0.120468 -0.171002
v -0.064776 0.120904 -0.176878
v -0.049048 0.120468 -0.171002
v -0.049414 0.120904 -0.176878
v -0.049294 0.125554 -0.182188
v -0.048224 0.128494 -0.182188
v -0.064896 0.134562 -0.182188
v -0.048224 0.131622 -0.182188
v -0.065966 0.131622 -0.182188
v -0.049294 0.134562 -0.182188
v -0.065966 0.128494 -0.182188
v -0.051305 0.136959 -0.182188
v -0.064896 0.125554 -0.182188
v -0.054015 0.138523 -0.182188
v -0.057095 0.121050 -0.182188
v -0.054015 0.121594 -0.182188
v -0.062886 0.123158 -0.182188
v -0.057095 0.139066 -0.182188
v -0.051305 0.123158 -0.182188
v -0.060176 0.121594 -0.182188
v -0.051305 0.123158 -0.182188
v -0.089626 0.007144 -0.131473
v -0.090868 0.008602 -0.129500
v -0.089199 0.010044 -0.129966
v -0.088206 0.008880 -0.131542
v -0.082491 0.013094 -0.142800
v -0.082280 0.015763 -0.143134
v -0.078748 0.015763 -0.148743
v -0.079101 0.011276 -0.148182
v -0.083104 0.010640 -0.141826
v -0.080132 0.007153 -0.146544
v -0.084071 0.008602 -0.140291
v -0.081758 0.003728 -0.143963
v -0.085314 0.007144 -0.138318
v -0.083846 0.001277 -0.140648
v -0.086731 0.006384 -0.136068
v -0.086229 0.000000 -0.136866
v -0.088208 0.006384 -0.133723
v -0.088711 0.000000 -0.132925
v -0.091093 0.001277 -0.129143
v -0.093182 0.003728 -0.125828
v -0.091835 0.010640 -0.127965
v -0.094807 0.007153 -0.123247
v -0.092449 0.013094 -0.126991
v -0.095839 0.011276 -0.121610
v -0.092659 0.015763 -0.126657
v -0.096192 0.015763 -0.121049
v -0.092449 0.018432 -0.126991
v -0.095839 0.020249 -0.121610
v -0.091835 0.020885 -0.127965
v -0.094807 0.024373 -0.123247
v -0.090868 0.022924 -0.129500
v -0.093182 0.027798 -0.125828
v -0.089626 0.024382 -0.131473
v -0.091093 0.030249 -0.129143
v -0.088208 0.025141 -0.133723
v -0.088711 0.031526 -0.132925
v -0.086731 0.025141 -0.136068
v -0.086229 0.031526 -0.136866
v -0.085314 0.024382 -0.138318
v -0.083846 0.030249 -0.140648
v -0.084071 0.022924 -0.140291
v -0.081758 0.027798 -0.143963
v -0.083104 0.020885 -0.141826
v -0.080132 0.024373 -0.146544
v -0.082491 0.018432 -0.142800
v -0.079101 0.020250 -0.148182
v -0.082491 0.018432 -0.142800
v -0.079101 0.020250 -0.148182
v -0.090629 0.015763 -0.127695
v -0.088473 0.015763 -0.126337
v -0.088206 0.022646 -0.131542
v -0.089199 0.021482 -0.129966
v -0.082340 0.015763 -0.140855
v -0.082508 0.017895 -0.140588
v -0.082998 0.011672 -0.139810
v -0.082508 0.013631 -0.140588
v -0.089971 0.011672 -0.128740
v -0.087074 0.023253 -0.133338
v -0.083770 0.010044 -0.138584
v -0.090461 0.013631 -0.127962
v -0.085895 0.023253 -0.135211
v -0.084763 0.008880 -0.137008
v -0.090629 0.015763 -0.127695
v -0.084763 0.022646 -0.137008
v -0.085895 0.008273 -0.135211
v -0.090461 0.017895 -0.127962
v -0.083770 0.021482 -0.138584
v -0.087074 0.008273 -0.133338
v -0.089971 0.019854 -0.128740
v -0.082998 0.019854 -0.139810
v -0.082508 0.017895 -0.140588
v -0.084763 0.022646 -0.137008
v -0.082607 0.022646 -0.135650
v -0.085895 0.008273 -0.135211
v -0.083739 0.008273 -0.133853
v -0.082508 0.017895 -0.140588
v -0.080352 0.017895 -0.139230
v -0.089199 0.010044 -0.129966
v -0.087043 0.010044 -0.128608
v -0.082508 0.017895 -0.140588
v -0.080352 0.017895 -0.139230
v -0.082998 0.011672 -0.139810
v -0.080842 0.011672 -0.138452
v -0.083158 0.014389 -0.134776
v -0.082965 0.015405 -0.135081
v -0.080268 0.014697 -0.139363
v -0.080842 0.011672 -0.138452
v -0.083584 0.013647 -0.134099
v -0.082111 0.009462 -0.136438
v -0.084131 0.013248 -0.133231
v -0.083739 0.008273 -0.133853
v -0.084717 0.013350 -0.132301
v -0.085484 0.008576 -0.131082
v -0.085240 0.013843 -0.131470
v -0.087043 0.010044 -0.128608
v -0.085582 0.014718 -0.130928
v -0.088060 0.012651 -0.126993
v -0.085720 0.015763 -0.130708
v -0.088473 0.015763 -0.126337
v -0.085582 0.016808 -0.130928
v -0.088060 0.018874 -0.126993
v -0.085073 0.017879 -0.131735
v -0.086546 0.022064 -0.129396
v -0.084329 0.018278 -0.132917
v -0.084329 0.023253 -0.132917
v -0.083750 0.018074 -0.133835
v -0.082607 0.022646 -0.135650
v -0.083288 0.017410 -0.134570
v -0.081228 0.020668 -0.137839
v -0.082993 0.016479 -0.135037
v -0.080352 0.017895 -0.139230
v -0.082993 0.016479 -0.135037
v -0.080352 0.017895 -0.139230
v -0.085582 0.016808 -0.130928
v -0.085073 0.017879 -0.131735
v -0.092645 0.017879 -0.136504
v -0.093153 0.016808 -0.135697
v -0.083288 0.017410 -0.134570
v -0.082993 0.016479 -0.135037
v -0.090565 0.016479 -0.139806
v -0.090859 0.017410 -0.139339
v -0.084717 0.013350 -0.132301
v -0.085240 0.013843 -0.131470
v -0.092811 0.013843 -0.136239
v -0.092288 0.013350 -0.137070
v -0.082993 0.016479 -0.135037
v -0.082965 0.015405 -0.135081
v -0.090536 0.015405 -0.139851
v -0.090565 0.016479 -0.139806
v -0.083158 0.014389 -0.134776
v -0.090729 0.014389 -0.139545
v -0.085582 0.014718 -0.130928
v -0.093153 0.014718 -0.135697
v -0.084329 0.018278 -0.132917
v -0.091900 0.018278 -0.137686
v -0.083584 0.013647 -0.134099
v -0.091155 0.013647 -0.138868
v -0.085720 0.015763 -0.130708
v -0.093292 0.015763 -0.135477
v -0.083750 0.018074 -0.133835
v -0.091322 0.018074 -0.138604
v -0.084131 0.013248 -0.133231
v -0.091702 0.013248 -0.138001
v -0.070344 0.024373 -0.140379
v -0.069313 0.020250 -0.142016
v -0.079101 0.020250 -0.148182
v -0.080132 0.024373 -0.146544
v -0.071970 0.027798 -0.137798
v -0.081758 0.027798 -0.143963
v -0.074058 0.030249 -0.134482
v -0.083846 0.030249 -0.140648
v -0.076440 0.031526 -0.130701
v -0.086229 0.031526 -0.136866
v -0.078923 0.031526 -0.126759
v -0.088711 0.031526 -0.132925
v -0.081305 0.030249 -0.122978
v -0.091093 0.030249 -0.129143
v -0.083393 0.027798 -0.119662
v -0.093182 0.027798 -0.125828
v -0.085019 0.024373 -0.117081
v -0.094807 0.024373 -0.123247
v -0.086050 0.020249 -0.115444
v -0.095839 0.020249 -0.121610
v -0.086404 0.015763 -0.114883
v -0.096192 0.015763 -0.121049
v -0.086050 0.011276 -0.115444
v -0.095839 0.011276 -0.121610
v -0.085019 0.007153 -0.117081
v -0.094807 0.007153 -0.123247
v -0.083393 0.003728 -0.119662
v -0.093182 0.003728 -0.125828
v -0.081305 0.001277 -0.122978
v -0.091093 0.001277 -0.129143
v -0.078923 0.000000 -0.126759
v -0.088711 0.000000 -0.132925
v -0.076440 0.000000 -0.130701
v -0.086229 0.000000 -0.136866
v -0.074058 0.001277 -0.134482
v -0.083846 0.001277 -0.140648
v -0.071970 0.003728 -0.137798
v -0.081758 0.003728 -0.143963
v -0.070344 0.007153 -0.140379
v -0.080132 0.007153 -0.146544
v -0.069313 0.011276 -0.142016
v -0.079101 0.011276 -0.148182
v -0.068959 0.015763 -0.142577
v -0.078748 0.015763 -0.148743
v -0.079837 0.007144 -0.125308
v -0.080389 0.008880 -0.126617
v -0.081381 0.010044 -0.125042
v -0.081080 0.008602 -0.123335
v -0.072702 0.013094 -0.136635
v -0.069313 0.011276 -0.142016
v -0.068959 0.015763 -0.142577
v -0.072492 0.015763 -0.136969
v -0.073316 0.010640 -0.135661
v -0.070344 0.007153 -0.140379
v -0.074283 0.008602 -0.134125
v -0.071970 0.003728 -0.137798
v -0.075526 0.007144 -0.132152
v -0.074058 0.001277 -0.134482
v -0.076943 0.006384 -0.129902
v -0.076440 0.000000 -0.130701
v -0.078420 0.006384 -0.127558
v -0.078923 0.000000 -0.126759
v -0.081305 0.001277 -0.122978
v -0.083393 0.003728 -0.119662
v -0.082047 0.010640 -0.121799
v -0.085019 0.007153 -0.117081
v -0.082661 0.013094 -0.120825
v -0.086050 0.011276 -0.115444
v -0.082871 0.015763 -0.120491
v -0.086404 0.015763 -0.114883
v -0.082661 0.018432 -0.120825
v -0.086050 0.020249 -0.115444
v -0.082047 0.020885 -0.121799
v -0.085019 0.024373 -0.117081
v -0.081080 0.022924 -0.123335
v -0.083393 0.027798 -0.119662
v -0.079837 0.024382 -0.125308
v -0.081305 0.030249 -0.122978
v -0.078420 0.025141 -0.127558
v -0.078923 0.031526 -0.126759
v -0.076943 0.025141 -0.129902
v -0.076440 0.031526 -0.130701
v -0.075526 0.024382 -0.132152
v -0.074058 0.030249 -0.134482
v -0.074283 0.022924 -0.134125
v -0.071970 0.027798 -0.137798
v -0.073316 0.020885 -0.135661
v -0.070344 0.024373 -0.140379
v -0.072702 0.018432 -0.136635
v -0.069313 0.020250 -0.142016
v -0.069313 0.020250 -0.142016
v -0.072702 0.018432 -0.136635
v -0.084967 0.015763 -0.124129
v -0.082812 0.015763 -0.122771
v -0.081381 0.021482 -0.125042
v -0.080389 0.022646 -0.126617
v -0.074690 0.017895 -0.135664
v -0.074522 0.015763 -0.135930
v -0.074690 0.013631 -0.135664
v -0.075180 0.011672 -0.134886
v -0.082154 0.011672 -0.123815
v -0.079257 0.023253 -0.128414
v -0.075953 0.010044 -0.133660
v -0.082644 0.013631 -0.123037
v -0.078077 0.023253 -0.130287
v -0.076945 0.008880 -0.132084
v -0.082812 0.015763 -0.122771
v -0.076945 0.022646 -0.132084
v -0.078077 0.008273 -0.130287
v -0.082644 0.017895 -0.123037
v -0.075953 0.021482 -0.133660
v -0.079257 0.008273 -0.128414
v -0.082154 0.019854 -0.123815
v -0.075180 0.019854 -0.134886
v -0.074690 0.017895 -0.135664
v -0.079101 0.022646 -0.133442
v -0.076945 0.022646 -0.132084
v -0.080233 0.008273 -0.131645
v -0.078077 0.008273 -0.130287
v -0.076846 0.017895 -0.137022
v -0.074690 0.017895 -0.135664
v -0.083537 0.010044 -0.126400
v -0.081381 0.010044 -0.125042
v -0.074690 0.017895 -0.135664
v -0.076846 0.017895 -0.137022
v -0.077336 0.011672 -0.136244
v -0.075180 0.011672 -0.134886
v -0.079652 0.014389 -0.132567
v -0.077336 0.011672 -0.136244
v -0.076762 0.014697 -0.137155
v -0.079459 0.015405 -0.132873
v -0.080078 0.013647 -0.131891
v -0.078605 0.009462 -0.134230
v -0.080625 0.013248 -0.131023
v -0.080233 0.008273 -0.131645
v -0.081211 0.013350 -0.130093
v -0.081979 0.008576 -0.128874
v -0.081734 0.013843 -0.129262
v -0.083537 0.010044 -0.126400
v -0.082076 0.014718 -0.128719
v -0.084554 0.012651 -0.124784
v -0.082214 0.015763 -0.128499
v -0.084967 0.015763 -0.124129
v -0.082076 0.016808 -0.128719
v -0.084554 0.018874 -0.124784
v -0.081568 0.017879 -0.129526
v -0.083041 0.022064 -0.127188
v -0.080823 0.018278 -0.130709
v -0.080823 0.023253 -0.130709
v -0.080245 0.018074 -0.131626
v -0.079101 0.022646 -0.133442
v -0.079782 0.017410 -0.132361
v -0.077722 0.020668 -0.135631
v -0.079488 0.016479 -0.132828
v -0.076846 0.017895 -0.137022
v -0.076846 0.017895 -0.137022
v -0.079488 0.016479 -0.132828
v -0.082076 0.016808 -0.128719
v -0.074504 0.016808 -0.123950
v -0.073996 0.017879 -0.124757
v -0.081568 0.017879 -0.129526
v -0.079782 0.017410 -0.132361
v -0.072210 0.017410 -0.127592
v -0.071916 0.016479 -0.128059
v -0.079488 0.016479 -0.132828
v -0.081211 0.013350 -0.130093
v -0.073640 0.013350 -0.125323
v -0.074163 0.013843 -0.124493
v -0.081734 0.013843 -0.129262
v -0.079488 0.016479 -0.132828
v -0.071916 0.016479 -0.128059
v -0.071888 0.015405 -0.128104
v -0.079459 0.015405 -0.132873
v -0.072081 0.014389 -0.127798
v -0.079652 0.014389 -0.132567
v -0.074504 0.014718 -0.123950
v -0.082076 0.014718 -0.128719
v -0.073251 0.018278 -0.125939
v -0.080823 0.018278 -0.130709
v -0.072507 0.013647 -0.127122
v -0.080078 0.013647 -0.131891
v -0.074643 0.015763 -0.123730
v -0.082214 0.015763 -0.128499
v -0.072673 0.018074 -0.126857
v -0.080245 0.018074 -0.131626
v -0.073053 0.013248 -0.126254
v -0.080625 0.013248 -0.131023
v -0.069313 0.020250 -0.142016
v -0.079101 0.020250 -0.148182
v -0.081002 0.043241 -0.134541
v -0.080964 0.037919 -0.134541
v -0.083958 0.037625 -0.135919
v -0.083998 0.043220 -0.135919
v -0.087250 0.043196 -0.136476
v -0.090535 0.043172 -0.136171
v -0.093629 0.043150 -0.135027
v -0.096321 0.043130 -0.133121
v -0.098429 0.043115 -0.130583
v -0.099808 0.043105 -0.127586
v -0.099606 0.031954 -0.127296
v -0.100364 0.043101 -0.124335
v -0.100059 0.043103 -0.121050
v -0.098740 0.029982 -0.118084
v -0.098915 0.043112 -0.117956
v -0.096819 0.029749 -0.115412
v -0.097009 0.043125 -0.115263
v -0.094277 0.029684 -0.113312
v -0.094472 0.043144 -0.113156
v -0.096751 0.036044 -0.121311
v -0.091886 0.036079 -0.117181
v -0.091797 0.030630 -0.117260
v -0.096672 0.030770 -0.121375
v -0.083945 0.035883 -0.135919
v -0.080951 0.036205 -0.134541
v -0.091886 0.036079 -0.117181
v -0.096751 0.036044 -0.121311
v -0.097140 0.027751 -0.128022
v -0.096662 0.023780 -0.121311
v -0.094646 0.023252 -0.118787
v -0.083945 0.035883 -0.135919
v -0.096662 0.023780 -0.121311
v -0.092402 0.016149 -0.128770
v -0.092071 0.023085 -0.116738
v -0.080951 0.036205 -0.134541
v -0.089951 0.025145 -0.120127
v -0.094895 0.025497 -0.124136
v -0.087855 0.022994 -0.139568
v -0.086242 0.022994 -0.138587
v -0.087855 0.022994 -0.139568
v -0.092402 0.016149 -0.128770
v -0.086219 0.015841 -0.143894
v -0.083809 0.015858 -0.142376
v -0.084049 0.013094 -0.141963
v -0.086459 0.013077 -0.143482
v -0.084779 0.010660 -0.140777
v -0.087189 0.010643 -0.142295
v -0.085911 0.008849 -0.138959
v -0.088321 0.008831 -0.140477
v -0.087309 0.007879 -0.136729
v -0.089719 0.007862 -0.138247
v -0.088804 0.007869 -0.134355
v -0.091214 0.007851 -0.135874
v -0.090215 0.008818 -0.132125
v -0.092625 0.008800 -0.133643
v -0.091373 0.010612 -0.130307
v -0.093784 0.010595 -0.131825
v -0.092138 0.013036 -0.129121
v -0.094549 0.013018 -0.130639
v -0.092418 0.015796 -0.128708
v -0.094828 0.015779 -0.130227
v -0.092402 0.016149 -0.128770
v -0.093872 0.017591 -0.129992
v -0.086242 0.022994 -0.138587
v -0.086012 0.022837 -0.138959
v -0.084854 0.021042 -0.140777
v -0.087264 0.021025 -0.142295
v -0.092418 0.015796 -0.128708
v -0.086012 0.022837 -0.138959
v -0.084089 0.018619 -0.141963
v -0.086499 0.018601 -0.143482
v -0.092138 0.013036 -0.129121
v -0.084854 0.021042 -0.140777
v -0.091373 0.010612 -0.130307
v -0.084089 0.018619 -0.141963
v -0.083809 0.015858 -0.142376
v -0.090215 0.008818 -0.132125
v -0.084049 0.013094 -0.141963
v -0.088804 0.007869 -0.134355
v -0.081002 0.043241 -0.134541
v -0.078465 0.043260 -0.132434
v -0.078425 0.037665 -0.132434
v -0.080964 0.037919 -0.134541
v -0.076559 0.043273 -0.129741
v -0.075415 0.043282 -0.126647
v -0.075111 0.043284 -0.123362
v -0.075667 0.043280 -0.120111
v -0.077046 0.043270 -0.117114
v -0.079153 0.043255 -0.114576
v -0.081846 0.043235 -0.112670
v -0.079387 0.032100 -0.114560
v -0.084940 0.043213 -0.111526
v -0.088224 0.043189 -0.111222
v -0.088049 0.030059 -0.111350
v -0.091476 0.043165 -0.111778
v -0.091286 0.029789 -0.111927
v -0.094472 0.043144 -0.113156
v -0.094277 0.029684 -0.113312
v -0.086060 0.036121 -0.114577
v -0.085982 0.030847 -0.114641
v -0.091797 0.030630 -0.117260
v -0.091886 0.036079 -0.117181
v -0.091886 0.036079 -0.117181
v -0.080951 0.036205 -0.134541
v -0.079753 0.027877 -0.117070
v -0.089113 0.023292 -0.115302
v -0.085971 0.023857 -0.114577
v -0.078412 0.035923 -0.132434
v -0.081004 0.016232 -0.121591
v -0.085971 0.023857 -0.114577
v -0.092071 0.023085 -0.116738
v -0.080951 0.036205 -0.134541
v -0.084204 0.025574 -0.117402
v -0.089951 0.025145 -0.120127
v -0.073300 0.023099 -0.130399
v -0.073300 0.023099 -0.130399
v -0.074881 0.023076 -0.131431
v -0.081004 0.016232 -0.121591
v -0.070031 0.015958 -0.133696
v -0.070270 0.013194 -0.133284
v -0.072680 0.013177 -0.134802
v -0.072441 0.015941 -0.135214
v -0.071000 0.010760 -0.132097
v -0.073410 0.010742 -0.133616
v -0.072132 0.008948 -0.130279
v -0.074542 0.008931 -0.131798
v -0.073530 0.007979 -0.128049
v -0.075940 0.007962 -0.129567
v -0.075025 0.007968 -0.125676
v -0.077435 0.007951 -0.127194
v -0.076437 0.008917 -0.123446
v -0.078847 0.008900 -0.124964
v -0.077595 0.010712 -0.121628
v -0.080005 0.010695 -0.123146
v -0.078360 0.013136 -0.120441
v -0.080770 0.013118 -0.121959
v -0.078639 0.015896 -0.120029
v -0.081049 0.015878 -0.121547
v -0.079282 0.017696 -0.120802
v -0.081004 0.016232 -0.121591
v -0.074643 0.022919 -0.131798
v -0.074881 0.023076 -0.131431
v -0.071075 0.021142 -0.132097
v -0.073485 0.021125 -0.133616
v -0.081049 0.015878 -0.121547
v -0.074643 0.022919 -0.131798
v -0.070310 0.018718 -0.133284
v -0.072720 0.018701 -0.134802
v -0.080770 0.013118 -0.121959
v -0.073485 0.021125 -0.133616
v -0.080005 0.010695 -0.123146
v -0.072720 0.018701 -0.134802
v -0.072441 0.015941 -0.135214
v -0.078847 0.008900 -0.124964
v -0.072680 0.013177 -0.134802
v -0.077435 0.007951 -0.127194
v -0.087725 0.039484 0.117844
v -0.087725 0.045932 0.117844
v -0.081766 0.045932 0.119204
v -0.081766 0.039484 0.119204
v -0.076986 0.045932 0.123015
v -0.076986 0.039484 0.123015
v -0.074334 0.045932 0.128523
v -0.074334 0.039484 0.128523
v -0.074334 0.045932 0.134636
v -0.074334 0.039484 0.134636
v -0.076986 0.045932 0.140143
v -0.076986 0.039484 0.140143
v -0.081766 0.045932 0.143955
v -0.081766 0.039484 0.143955
v -0.087725 0.045932 0.145315
v -0.087725 0.039484 0.145315
v -0.093685 0.045932 0.143955
v -0.093685 0.039484 0.143955
v -0.098465 0.045932 0.140143
v -0.098465 0.039484 0.140143
v -0.101117 0.045932 0.134636
v -0.101117 0.039484 0.134636
v -0.101117 0.045932 0.128523
v -0.101117 0.039484 0.128523
v -0.098465 0.045932 0.123015
v -0.098465 0.039484 0.123015
v -0.093685 0.045932 0.119204
v -0.093685 0.039484 0.119204
v 0.085985 0.039484 0.117844
v 0.085985 0.045932 0.117844
v 0.091945 0.045932 0.119204
v 0.091945 0.039484 0.119204
v 0.096724 0.045932 0.123015
v 0.096724 0.039484 0.123015
v 0.099377 0.045932 0.128523
v 0.099377 0.039484 0.128523
v 0.099377 0.045932 0.134636
v 0.099377 0.039484 0.134636
v 0.096724 0.045932 0.140143
v 0.096724 0.039484 0.140143
v 0.091945 0.045932 0.143955
v 0.091945 0.039484 0.143955
v 0.085985 0.045932 0.145315
v 0.085985 0.039484 0.145315
v 0.080025 0.045932 0.143955
v 0.080025 0.039484 0.143955
v 0.075246 0.045932 0.140143
v 0.075246 0.039484 0.140143
v 0.072594 0.045932 0.134636
v 0.072594 0.039484 0.134636
v 0.072594 0.045932 0.128523
v 0.072594 0.039484 0.128523
v 0.075246 0.045932 0.123015
v 0.075246 0.039484 0.123015
v 0.080025 0.045932 0.119204
v 0.080025 0.039484 0.119204
v 0.085985 0.039484 -0.137511
v 0.085985 0.045932 -0.137511
v 0.091945 0.045932 -0.136151
v 0.091945 0.039484 -0.136151
v 0.096724 0.045932 -0.132339
v 0.096724 0.039484 -0.132339
v 0.099377 0.045932 -0.126832
v 0.099377 0.039484 -0.126832
v 0.099377 0.045932 -0.120719
v 0.099377 0.039484 -0.120719
v 0.096724 0.045932 -0.115211
v 0.096724 0.039484 -0.115211
v 0.091945 0.045932 -0.111400
v 0.091945 0.039484 -0.111400
v 0.085985 0.045932 -0.110039
v 0.085985 0.039484 -0.110039
v 0.080025 0.045932 -0.111400
v 0.080025 0.039484 -0.111400
v 0.075246 0.045932 -0.115211
v 0.075246 0.039484 -0.115211
v 0.072594 0.045932 -0.120719
v 0.072594 0.039484 -0.120719
v 0.072594 0.045932 -0.126832
v 0.072594 0.039484 -0.126832
v 0.075246 0.045932 -0.132339
v 0.075246 0.039484 -0.132339
v 0.080025 0.045932 -0.136151
v 0.080025 0.039484 -0.136151
v -0.087765 0.039484 -0.137511
v -0.087765 0.045932 -0.137511
v -0.081805 0.045932 -0.136151
v -0.081805 0.039484 -0.136151
v -0.077026 0.045932 -0.132339
v -0.077026 0.039484 -0.132339
v -0.074374 0.045932 -0.126832
v -0.074374 0.039484 -0.126832
v -0.074374 0.045932 -0.120719
v -0.074374 0.039484 -0.120719
v -0.077026 0.045932 -0.115211
v -0.077026 0.039484 -0.115211
v -0.081805 0.045932 -0.111400
v -0.081805 0.039484 -0.111400
v -0.087765 0.045932 -0.110039
v -0.087765 0.039484 -0.110039
v -0.093725 0.045932 -0.111400
v -0.093725 0.039484 -0.111400
v -0.098504 0.045932 -0.115211
v -0.098504 0.039484 -0.115211
v -0.101157 0.045932 -0.120719
v -0.101157 0.039484 -0.120719
v -0.101157 0.045932 -0.126832
v -0.101157 0.039484 -0.126832
v -0.098504 0.045932 -0.132339
v -0.098504 0.039484 -0.132339
v -0.093725 0.045932 -0.136151
v -0.093725 0.039484 -0.136151
v 0.083074 0.044427 -0.136361
v 0.083113 0.039105 -0.136361
v 0.080048 0.038810 -0.135147
v 0.080008 0.044405 -0.135147
v 0.077360 0.044386 -0.133180
v 0.075311 0.044371 -0.130594
v 0.074001 0.044362 -0.127567
v 0.073519 0.044358 -0.124303
v 0.073898 0.044361 -0.121026
v 0.075113 0.044370 -0.117959
v 0.075487 0.033220 -0.117846
v 0.077080 0.044384 -0.115311
v 0.079665 0.044403 -0.113262
v 0.082751 0.031294 -0.112099
v 0.082693 0.044425 -0.111952
v 0.086010 0.031071 -0.111641
v 0.085956 0.044448 -0.111470
v 0.089285 0.031011 -0.112028
v 0.089233 0.044472 -0.111849
v 0.081778 0.037335 -0.115798
v 0.088125 0.037380 -0.116463
v 0.088141 0.031930 -0.116553
v 0.081798 0.032060 -0.115871
v 0.080061 0.037068 -0.135147
v 0.083125 0.037391 -0.136361
v 0.088125 0.037380 -0.116463
v 0.081778 0.037335 -0.115798
v 0.076675 0.029008 -0.120108
v 0.081867 0.025070 -0.115798
v 0.085085 0.024551 -0.115510
v 0.080061 0.037068 -0.135147
v 0.081867 0.025070 -0.115798
v 0.079433 0.017392 -0.123991
v 0.088346 0.024390 -0.115955
v 0.083125 0.037391 -0.136361
v 0.087355 0.026427 -0.119839
v 0.081041 0.026769 -0.119036
v 0.074751 0.024169 -0.134772
v 0.076574 0.024171 -0.135261
v 0.074751 0.024169 -0.134772
v 0.079433 0.017392 -0.123991
v 0.072769 0.016990 -0.138906
v 0.075531 0.017010 -0.139600
v 0.075670 0.014249 -0.139128
v 0.072907 0.014229 -0.138434
v 0.076029 0.011823 -0.137768
v 0.073267 0.011803 -0.137073
v 0.076566 0.010024 -0.135684
v 0.073803 0.010004 -0.134990
v 0.077215 0.009069 -0.133127
v 0.074453 0.009049 -0.132433
v 0.077898 0.009074 -0.130407
v 0.075136 0.009054 -0.129713
v 0.078534 0.010038 -0.127851
v 0.075771 0.010018 -0.127157
v 0.079044 0.011844 -0.125767
v 0.076282 0.011824 -0.125073
v 0.079369 0.014276 -0.124407
v 0.076606 0.014256 -0.123713
v 0.079467 0.017039 -0.123934
v 0.076705 0.017019 -0.123240
v 0.079433 0.017392 -0.123991
v 0.077531 0.018830 -0.123779
v 0.076574 0.024171 -0.135261
v 0.076465 0.024012 -0.135684
v 0.075954 0.022205 -0.137767
v 0.073192 0.022185 -0.137073
v 0.079467 0.017039 -0.123934
v 0.076465 0.024012 -0.135684
v 0.075630 0.019774 -0.139128
v 0.072867 0.019754 -0.138434
v 0.079369 0.014276 -0.124407
v 0.075954 0.022205 -0.137767
v 0.079044 0.011844 -0.125767
v 0.075630 0.019774 -0.139128
v 0.075531 0.017010 -0.139600
v 0.078534 0.010038 -0.127851
v 0.075670 0.014249 -0.139128
v 0.077898 0.009074 -0.130407
v 0.083074 0.044427 -0.136361
v 0.086350 0.044451 -0.136740
v 0.086391 0.038856 -0.136740
v 0.083113 0.039105 -0.136361
v 0.089614 0.044475 -0.136259
v 0.092641 0.044497 -0.134949
v 0.095227 0.044515 -0.132900
v 0.097194 0.044530 -0.130252
v 0.098408 0.044538 -0.127184
v 0.098787 0.044541 -0.123907
v 0.098306 0.044538 -0.120644
v 0.098663 0.033387 -0.123669
v 0.096996 0.044528 -0.117616
v 0.094947 0.044513 -0.115031
v 0.095005 0.031382 -0.115178
v 0.092299 0.044494 -0.113064
v 0.092353 0.031117 -0.113234
v 0.089233 0.044472 -0.111849
v 0.089285 0.031011 -0.112028
v 0.094032 0.037423 -0.118877
v 0.094052 0.032149 -0.118950
v 0.088141 0.031930 -0.116553
v 0.088125 0.037380 -0.116463
v 0.088125 0.037380 -0.116463
v 0.083125 0.037391 -0.136361
v 0.096604 0.029152 -0.125115
v 0.091428 0.024597 -0.117103
v 0.094121 0.025159 -0.118877
v 0.086403 0.037114 -0.136740
v 0.092497 0.017486 -0.127273
v 0.094121 0.025159 -0.118877
v 0.088346 0.024390 -0.115955
v 0.083125 0.037391 -0.136361
v 0.093295 0.026858 -0.122115
v 0.087355 0.026427 -0.119839
v 0.091435 0.024290 -0.138964
v 0.091435 0.024290 -0.138964
v 0.089596 0.024265 -0.138533
v 0.092497 0.017486 -0.127273
v 0.091325 0.017125 -0.143568
v 0.091463 0.014363 -0.143096
v 0.088701 0.014343 -0.142402
v 0.088562 0.017105 -0.142874
v 0.091823 0.011937 -0.141736
v 0.089060 0.011917 -0.141042
v 0.092359 0.010138 -0.139652
v 0.089597 0.010118 -0.138958
v 0.093009 0.009183 -0.137096
v 0.090246 0.009163 -0.136402
v 0.093692 0.009188 -0.134375
v 0.090929 0.009168 -0.133681
v 0.094327 0.010152 -0.131819
v 0.091565 0.010132 -0.131125
v 0.094838 0.011959 -0.129735
v 0.092075 0.011939 -0.129041
v 0.095162 0.014390 -0.128375
v 0.092400 0.014370 -0.127681
v 0.095261 0.017153 -0.127903
v 0.092498 0.017133 -0.127209
v 0.094254 0.018951 -0.127981
v 0.092497 0.017486 -0.127273
v 0.089496 0.024106 -0.138958
v 0.089596 0.024265 -0.138533
v 0.091748 0.022319 -0.141736
v 0.088985 0.022299 -0.141042
v 0.092498 0.017133 -0.127209
v 0.089496 0.024106 -0.138958
v 0.091424 0.019888 -0.143096
v 0.088661 0.019868 -0.142402
v 0.092400 0.014370 -0.127681
v 0.088985 0.022299 -0.141042
v 0.092075 0.011939 -0.129041
v 0.088661 0.019868 -0.142402
v 0.088562 0.017105 -0.142874
v 0.091565 0.010132 -0.131125
v 0.088701 0.014343 -0.142402
v 0.090929 0.009168 -0.133681
v 0.079430 0.007144 -0.127795
v 0.079999 0.008602 -0.125534
v 0.080815 0.010044 -0.127063
v 0.080362 0.008880 -0.128869
v 0.076168 0.013094 -0.140779
v 0.076072 0.015763 -0.141161
v 0.074457 0.015763 -0.147590
v 0.074619 0.011276 -0.146947
v 0.076449 0.010640 -0.139662
v 0.075090 0.007153 -0.145070
v 0.076891 0.008602 -0.137902
v 0.075833 0.003728 -0.142112
v 0.077459 0.007144 -0.135641
v 0.076788 0.001277 -0.138311
v 0.078107 0.006384 -0.133062
v 0.077877 0.000000 -0.133977
v 0.078783 0.006384 -0.130374
v 0.079012 0.000000 -0.129459
v 0.080101 0.001277 -0.125124
v 0.081056 0.003728 -0.121324
v 0.080441 0.010640 -0.123774
v 0.081800 0.007153 -0.118366
v 0.080721 0.013094 -0.122657
v 0.082271 0.011276 -0.116489
v 0.080818 0.015763 -0.122275
v 0.082433 0.015763 -0.115846
v 0.080721 0.018432 -0.122657
v 0.082271 0.020250 -0.116489
v 0.080441 0.020885 -0.123774
v 0.081800 0.024373 -0.118366
v 0.079999 0.022924 -0.125534
v 0.081056 0.027798 -0.121324
v 0.079430 0.024382 -0.127795
v 0.080101 0.030249 -0.125124
v 0.078783 0.025141 -0.130374
v 0.079012 0.031526 -0.129459
v 0.078107 0.025141 -0.133062
v 0.077877 0.031526 -0.133977
v 0.077459 0.024382 -0.135641
v 0.076788 0.030249 -0.138311
v 0.076891 0.022924 -0.137902
v 0.075833 0.027798 -0.142112
v 0.076449 0.020885 -0.139662
v 0.075090 0.024373 -0.145070
v 0.076168 0.018432 -0.140779
v 0.074619 0.020250 -0.146947
v 0.076168 0.018432 -0.140779
v 0.074619 0.020250 -0.146947
v 0.081469 0.015763 -0.124460
v 0.083940 0.015763 -0.125081
v 0.080362 0.022646 -0.128869
v 0.080815 0.021482 -0.127063
v 0.077679 0.015763 -0.139543
v 0.077756 0.017895 -0.139238
v 0.077980 0.011672 -0.138346
v 0.077756 0.013631 -0.139238
v 0.081168 0.011672 -0.125657
v 0.079844 0.023253 -0.130928
v 0.078333 0.010044 -0.136940
v 0.081393 0.013631 -0.124765
v 0.079305 0.023253 -0.133075
v 0.078787 0.008880 -0.135135
v 0.081469 0.015763 -0.124460
v 0.078787 0.022646 -0.135135
v 0.079305 0.008273 -0.133075
v 0.081393 0.017895 -0.124765
v 0.078333 0.021482 -0.136940
v 0.079844 0.008273 -0.130928
v 0.081168 0.019854 -0.125657
v 0.077980 0.019854 -0.138346
v 0.077756 0.017895 -0.139238
v 0.078787 0.022646 -0.135135
v 0.081258 0.022646 -0.135755
v 0.079305 0.008273 -0.133075
v 0.081776 0.008273 -0.133696
v 0.077756 0.017895 -0.139238
v 0.080227 0.017895 -0.139859
v 0.080815 0.010044 -0.127063
v 0.083286 0.010044 -0.127684
v 0.077756 0.017895 -0.139238
v 0.080227 0.017895 -0.139859
v 0.077980 0.011672 -0.138346
v 0.080451 0.011672 -0.138967
v 0.081510 0.014389 -0.134753
v 0.081422 0.015405 -0.135104
v 0.080189 0.014697 -0.140012
v 0.080451 0.011672 -0.138967
v 0.081705 0.013647 -0.133978
v 0.081031 0.009462 -0.136658
v 0.081955 0.013248 -0.132983
v 0.081776 0.008273 -0.133696
v 0.082223 0.013350 -0.131916
v 0.082574 0.008576 -0.130519
v 0.082462 0.013843 -0.130964
v 0.083286 0.010044 -0.127684
v 0.082618 0.014718 -0.130342
v 0.083752 0.012651 -0.125832
v 0.082682 0.015763 -0.130090
v 0.083940 0.015763 -0.125081
v 0.082618 0.016808 -0.130342
v 0.083752 0.018874 -0.125832
v 0.082386 0.017879 -0.131267
v 0.083059 0.022064 -0.128587
v 0.082045 0.018278 -0.132622
v 0.082045 0.023253 -0.132622
v 0.081781 0.018074 -0.133674
v 0.081258 0.022646 -0.135755
v 0.081569 0.017410 -0.134517
v 0.080628 0.020668 -0.138264
v 0.081435 0.016479 -0.135052
v 0.080227 0.017895 -0.139859
v 0.081435 0.016479 -0.135052
v 0.080227 0.017895 -0.139859
v 0.082618 0.016808 -0.130342
v 0.082386 0.017879 -0.131267
v 0.073707 0.017879 -0.129087
v 0.073940 0.016808 -0.128162
v 0.081569 0.017410 -0.134517
v 0.081435 0.016479 -0.135052
v 0.072756 0.016479 -0.132872
v 0.072891 0.017410 -0.132336
v 0.082223 0.013350 -0.131916
v 0.082462 0.013843 -0.130964
v 0.073784 0.013843 -0.128784
v 0.073544 0.013350 -0.129736
v 0.081435 0.016479 -0.135052
v 0.081422 0.015405 -0.135104
v 0.072744 0.015405 -0.132923
v 0.072756 0.016479 -0.132872
v 0.081510 0.014389 -0.134753
v 0.072832 0.014389 -0.132572
v 0.082618 0.014718 -0.130342
v 0.073940 0.014718 -0.128162
v 0.082045 0.018278 -0.132622
v 0.073367 0.018278 -0.130442
v 0.081705 0.013647 -0.133978
v 0.073026 0.013647 -0.131797
v 0.082682 0.015763 -0.130090
v 0.074003 0.015763 -0.127910
v 0.081781 0.018074 -0.133674
v 0.073103 0.018074 -0.131494
v 0.081955 0.013248 -0.132983
v 0.073276 0.013248 -0.130802
v 0.086310 0.024373 -0.147889
v 0.085838 0.020250 -0.149766
v 0.074619 0.020250 -0.146947
v 0.075090 0.024373 -0.145070
v 0.087053 0.027798 -0.144930
v 0.075833 0.027798 -0.142112
v 0.088008 0.030249 -0.141130
v 0.076788 0.030249 -0.138311
v 0.089097 0.031526 -0.136796
v 0.077877 0.031526 -0.133977
v 0.090232 0.031526 -0.132278
v 0.079012 0.031526 -0.129459
v 0.091321 0.030249 -0.127943
v 0.080101 0.030249 -0.125124
v 0.092276 0.027798 -0.124143
v 0.081056 0.027798 -0.121324
v 0.093019 0.024373 -0.121185
v 0.081800 0.024373 -0.118366
v 0.093491 0.020250 -0.119308
v 0.082271 0.020250 -0.116489
v 0.093652 0.015763 -0.118665
v 0.082433 0.015763 -0.115846
v 0.093491 0.011276 -0.119308
v 0.082271 0.011276 -0.116489
v 0.093019 0.007153 -0.121185
v 0.081800 0.007153 -0.118366
v 0.092276 0.003728 -0.124143
v 0.081056 0.003728 -0.121324
v 0.091321 0.001277 -0.127943
v 0.080101 0.001277 -0.125124
v 0.090232 0.000000 -0.132278
v 0.079012 0.000000 -0.129459
v 0.089097 0.000000 -0.136796
v 0.077877 0.000000 -0.133977
v 0.088008 0.001277 -0.141130
v 0.076788 0.001277 -0.138311
v 0.087053 0.003728 -0.144931
v 0.075833 0.003728 -0.142112
v 0.086310 0.007153 -0.147889
v 0.075090 0.007153 -0.145070
v 0.085838 0.011276 -0.149766
v 0.074619 0.011276 -0.146947
v 0.085677 0.015763 -0.150408
v 0.074457 0.015763 -0.147590
v 0.090650 0.007144 -0.130614
v 0.089322 0.008880 -0.131120
v 0.089776 0.010044 -0.129314
v 0.091218 0.008602 -0.128353
v 0.087388 0.013094 -0.143597
v 0.085838 0.011276 -0.149766
v 0.085677 0.015763 -0.150408
v 0.087292 0.015763 -0.143980
v 0.087668 0.010640 -0.142481
v 0.086310 0.007153 -0.147889
v 0.088111 0.008602 -0.140721
v 0.087053 0.003728 -0.144931
v 0.088679 0.007144 -0.138460
v 0.088008 0.001277 -0.141130
v 0.089327 0.006384 -0.135881
v 0.089097 0.000000 -0.136796
v 0.090002 0.006384 -0.133193
v 0.090232 0.000000 -0.132278
v 0.091321 0.001277 -0.127943
v 0.092276 0.003728 -0.124143
v 0.091660 0.010640 -0.126593
v 0.093019 0.007153 -0.121185
v 0.091941 0.013094 -0.125476
v 0.093491 0.011276 -0.119308
v 0.092037 0.015763 -0.125093
v 0.093652 0.015763 -0.118665
v 0.091941 0.018432 -0.125476
v 0.093491 0.020250 -0.119308
v 0.091660 0.020885 -0.126593
v 0.093019 0.024373 -0.121185
v 0.091218 0.022924 -0.128353
v 0.092276 0.027798 -0.124143
v 0.090650 0.024382 -0.130614
v 0.091321 0.030249 -0.127943
v 0.090002 0.025141 -0.133193
v 0.090232 0.031526 -0.132278
v 0.089327 0.025141 -0.135881
v 0.089097 0.031526 -0.136796
v 0.088679 0.024382 -0.138460
v 0.088008 0.030249 -0.141130
v 0.088111 0.022924 -0.140721
v 0.087053 0.027798 -0.144930
v 0.087668 0.020885 -0.142481
v 0.086310 0.024373 -0.147889
v 0.087388 0.018432 -0.143597
v 0.085838 0.020250 -0.149766
v 0.085838 0.020250 -0.149766
v 0.087388 0.018432 -0.143597
v 0.087959 0.015763 -0.126090
v 0.090430 0.015763 -0.126711
v 0.089776 0.021482 -0.129314
v 0.089322 0.022646 -0.131120
v 0.086717 0.017895 -0.141489
v 0.086640 0.015763 -0.141795
v 0.086717 0.013631 -0.141489
v 0.086941 0.011672 -0.140598
v 0.090129 0.011672 -0.127908
v 0.088805 0.023253 -0.133180
v 0.087294 0.010044 -0.139192
v 0.090353 0.013631 -0.127017
v 0.088265 0.023253 -0.135326
v 0.087748 0.008880 -0.137386
v 0.090430 0.015763 -0.126711
v 0.087748 0.022646 -0.137386
v 0.088265 0.008273 -0.135326
v 0.090353 0.017895 -0.127017
v 0.087294 0.021482 -0.139192
v 0.088805 0.008273 -0.133180
v 0.090129 0.019854 -0.127908
v 0.086941 0.019854 -0.140598
v 0.086717 0.017895 -0.141489
v 0.085277 0.022646 -0.136765
v 0.087748 0.022646 -0.137386
v 0.085794 0.008273 -0.134705
v 0.088265 0.008273 -0.135326
v 0.084246 0.017895 -0.140868
v 0.086717 0.017895 -0.141489
v 0.087305 0.010044 -0.128693
v 0.089776 0.010044 -0.129314
v 0.086717 0.017895 -0.141489
v 0.084246 0.017895 -0.140868
v 0.084470 0.011672 -0.139977
v 0.086941 0.011672 -0.140598
v 0.085529 0.014389 -0.135762
v 0.084470 0.011672 -0.139977
v 0.084207 0.014697 -0.141021
v 0.085440 0.015405 -0.136113
v 0.085723 0.013647 -0.134987
v 0.085050 0.009462 -0.137668
v 0.085973 0.013248 -0.133992
v 0.085794 0.008273 -0.134705
v 0.086241 0.013350 -0.132926
v 0.086592 0.008576 -0.131529
v 0.086480 0.013843 -0.131974
v 0.087305 0.010044 -0.128693
v 0.086637 0.014718 -0.131352
v 0.087770 0.012651 -0.126842
v 0.086700 0.015763 -0.131100
v 0.087959 0.015763 -0.126090
v 0.086637 0.016808 -0.131352
v 0.087770 0.018874 -0.126842
v 0.086404 0.017879 -0.132277
v 0.087078 0.022064 -0.129596
v 0.086064 0.018278 -0.133632
v 0.086064 0.023253 -0.133632
v 0.085799 0.018074 -0.134684
v 0.085277 0.022646 -0.136765
v 0.085588 0.017410 -0.135526
v 0.084646 0.020668 -0.139274
v 0.085453 0.016479 -0.136062
v 0.084246 0.017895 -0.140868
v 0.084246 0.017895 -0.140868
v 0.085453 0.016479 -0.136062
v 0.086637 0.016808 -0.131352
v 0.095315 0.016808 -0.133533
v 0.095083 0.017879 -0.134457
v 0.086404 0.017879 -0.132277
v 0.085588 0.017410 -0.135526
v 0.094266 0.017410 -0.137707
v 0.094132 0.016479 -0.138242
v 0.085453 0.016479 -0.136062
v 0.086241 0.013350 -0.132926
v 0.094920 0.013350 -0.135106
v 0.095159 0.013843 -0.134154
v 0.086480 0.013843 -0.131974
v 0.085453 0.016479 -0.136062
v 0.094132 0.016479 -0.138242
v 0.094119 0.015405 -0.138294
v 0.085440 0.015405 -0.136113
v 0.094207 0.014389 -0.137943
v 0.085529 0.014389 -0.135762
v 0.095315 0.014718 -0.133533
v 0.086637 0.014718 -0.131352
v 0.094742 0.018278 -0.135813
v 0.086064 0.018278 -0.133632
v 0.094402 0.013647 -0.137168
v 0.085723 0.013647 -0.134987
v 0.095379 0.015763 -0.133280
v 0.086700 0.015763 -0.131100
v 0.094478 0.018074 -0.136865
v 0.085799 0.018074 -0.134684
v 0.094652 0.013248 -0.136173
v 0.085973 0.013248 -0.133992
v 0.085838 0.020250 -0.149766
v 0.074619 0.020250 -0.146947
v -0.089990 0.043176 0.144365
v -0.089951 0.037854 0.144365
v -0.086651 0.037605 0.144359
v -0.086692 0.043200 0.144359
v -0.083507 0.043223 0.143500
v -0.080653 0.043244 0.141845
v -0.078324 0.043261 0.139509
v -0.076680 0.043272 0.136649
v -0.075831 0.043279 0.133461
v -0.075837 0.043279 0.130162
v -0.075988 0.032125 0.129949
v -0.076696 0.043272 0.126977
v -0.078350 0.043260 0.124123
v -0.080611 0.030113 0.121945
v -0.080687 0.043243 0.121795
v -0.083472 0.029846 0.120324
v -0.083546 0.043223 0.120150
v -0.086660 0.029739 0.119484
v -0.086733 0.043200 0.119302
v -0.081146 0.036157 0.125727
v -0.087295 0.036112 0.124019
v -0.087268 0.030662 0.124111
v -0.081118 0.030883 0.125802
v -0.086639 0.035863 0.144359
v -0.089939 0.036140 0.144365
v -0.087295 0.036112 0.124019
v -0.081146 0.036157 0.125727
v -0.077863 0.027890 0.131630
v -0.081058 0.023893 0.125727
v -0.083939 0.023329 0.124280
v -0.086639 0.035863 0.144359
v -0.081058 0.023893 0.125727
v -0.081690 0.016227 0.134262
v -0.087134 0.023121 0.123499
v -0.089939 0.036140 0.144365
v -0.087664 0.025162 0.127471
v -0.081500 0.025594 0.129038
v -0.081382 0.023040 0.145991
v -0.083257 0.023016 0.145778
v -0.081382 0.023040 0.145991
v -0.081690 0.016227 0.134262
v -0.080953 0.015879 0.150583
v -0.083778 0.015859 0.150216
v -0.083695 0.013097 0.149733
v -0.080870 0.013117 0.150100
v -0.083497 0.010669 0.148342
v -0.080672 0.010690 0.148709
v -0.083207 0.008868 0.146211
v -0.080382 0.008889 0.146578
v -0.082860 0.007912 0.143598
v -0.080036 0.007932 0.143965
v -0.082499 0.007914 0.140816
v -0.079674 0.007935 0.141183
v -0.082166 0.008876 0.138202
v -0.079342 0.008896 0.138569
v -0.081902 0.010681 0.136072
v -0.079078 0.010701 0.136439
v -0.081739 0.013111 0.134681
v -0.078915 0.013132 0.135048
v -0.081696 0.015874 0.134198
v -0.078872 0.015894 0.134565
v -0.081690 0.016227 0.134262
v -0.079863 0.017692 0.134759
v -0.083257 0.023016 0.145778
v -0.083308 0.022857 0.146211
v -0.083572 0.021052 0.148342
v -0.080747 0.021072 0.148709
v -0.081696 0.015874 0.134198
v -0.083308 0.022857 0.146211
v -0.083735 0.018621 0.149733
v -0.080910 0.018642 0.150100
v -0.081739 0.013111 0.134681
v -0.083572 0.021052 0.148342
v -0.081902 0.010681 0.136072
v -0.083735 0.018621 0.149733
v -0.083778 0.015859 0.150216
v -0.082166 0.008876 0.138202
v -0.083695 0.013097 0.149733
v -0.082499 0.007914 0.140816
v -0.089990 0.043176 0.144365
v -0.093177 0.043153 0.143516
v -0.093136 0.037558 0.143516
v -0.089951 0.037854 0.144365
v -0.096036 0.043133 0.141872
v -0.098373 0.043116 0.139543
v -0.100027 0.043104 0.136689
v -0.100886 0.043097 0.133504
v -0.100892 0.043097 0.130205
v -0.100043 0.043104 0.127017
v -0.098399 0.043115 0.124157
v -0.099685 0.031953 0.126870
v -0.096070 0.043132 0.121821
v -0.093216 0.043153 0.120167
v -0.093141 0.030022 0.120317
v -0.090031 0.043176 0.119307
v -0.089957 0.029799 0.119482
v -0.086733 0.043200 0.119302
v -0.086660 0.029739 0.119484
v -0.093676 0.036066 0.124099
v -0.093648 0.030792 0.124174
v -0.087268 0.030662 0.124111
v -0.087295 0.036112 0.124019
v -0.087295 0.036112 0.124019
v -0.089939 0.036140 0.144365
v -0.098241 0.027743 0.128982
v -0.090424 0.023282 0.123438
v -0.093587 0.023802 0.124099
v -0.093124 0.035816 0.143516
v -0.095048 0.016130 0.132526
v -0.093587 0.023802 0.124099
v -0.087134 0.023121 0.123499
v -0.089939 0.036140 0.144365
v -0.094030 0.025503 0.127410
v -0.087664 0.025162 0.127471
v -0.098440 0.022917 0.143775
v -0.098440 0.022917 0.143775
v -0.096572 0.022919 0.144048
v -0.095048 0.016130 0.132526
v -0.099926 0.015742 0.148118
v -0.099844 0.012980 0.147635
v -0.097019 0.013001 0.148002
v -0.097102 0.015762 0.148485
v -0.099645 0.010553 0.146244
v -0.096821 0.010573 0.146611
v -0.099355 0.008752 0.144113
v -0.096531 0.008772 0.144480
v -0.099009 0.007795 0.141499
v -0.096184 0.007815 0.141866
v -0.098648 0.007797 0.138718
v -0.095823 0.007818 0.139085
v -0.098315 0.008759 0.136104
v -0.095490 0.008780 0.136471
v -0.098051 0.010564 0.133973
v -0.095226 0.010584 0.134340
v -0.097888 0.012994 0.132583
v -0.095063 0.013015 0.132950
v -0.097845 0.015757 0.132100
v -0.095020 0.015777 0.132467
v -0.096962 0.017568 0.132537
v -0.095048 0.016130 0.132526
v -0.096632 0.022760 0.144480
v -0.096572 0.022919 0.144048
v -0.099720 0.020935 0.146244
v -0.096896 0.020955 0.146611
v -0.095020 0.015777 0.132467
v -0.096632 0.022760 0.144480
v -0.099884 0.018505 0.147635
v -0.097059 0.018525 0.148002
v -0.095063 0.013015 0.132950
v -0.096896 0.020955 0.146611
v -0.095226 0.010584 0.134340
v -0.097059 0.018525 0.148002
v -0.097102 0.015762 0.148485
v -0.095490 0.008780 0.136471
v -0.097019 0.013001 0.148002
v -0.095823 0.007818 0.139085
v -0.082896 0.007144 0.137840
v -0.082596 0.008602 0.135528
v -0.083916 0.010044 0.136651
v -0.084156 0.008880 0.138497
v -0.084621 0.013094 0.151115
v -0.084672 0.015763 0.151506
v -0.085526 0.015763 0.158079
v -0.085440 0.011276 0.157422
v -0.084473 0.010640 0.149974
v -0.085191 0.007153 0.155503
v -0.084239 0.008602 0.148174
v -0.084798 0.003728 0.152478
v -0.083938 0.007144 0.145862
v -0.084293 0.001277 0.148592
v -0.083596 0.006384 0.143225
v -0.083717 0.000000 0.144160
v -0.083239 0.006384 0.140477
v -0.083117 0.000000 0.139541
v -0.082541 0.001277 0.135109
v -0.082036 0.003728 0.131223
v -0.082362 0.010640 0.133728
v -0.081643 0.007153 0.128198
v -0.082214 0.013094 0.132586
v -0.081394 0.011276 0.126279
v -0.082163 0.015763 0.132195
v -0.081309 0.015763 0.125622
v -0.082214 0.018432 0.132586
v -0.081394 0.020249 0.126279
v -0.082362 0.020885 0.133728
v -0.081643 0.024373 0.128198
v -0.082596 0.022924 0.135528
v -0.082036 0.027798 0.131223
v -0.082896 0.024382 0.137840
v -0.082541 0.030249 0.135109
v -0.083239 0.025141 0.140477
v -0.083117 0.031526 0.139541
v -0.083596 0.025141 0.143225
v -0.083717 0.031526 0.144160
v -0.083938 0.024382 0.145862
v -0.084293 0.030249 0.148592
v -0.084239 0.022924 0.148174
v -0.084798 0.027798 0.152478
v -0.084473 0.020885 0.149974
v -0.085191 0.024373 0.155503
v -0.084621 0.018432 0.151115
v -0.085440 0.020250 0.157422
v -0.084621 0.018432 0.151115
v -0.085440 0.020250 0.157422
v -0.083570 0.015763 0.133989
v -0.086097 0.015763 0.133661
v -0.084156 0.022646 0.138497
v -0.083916 0.021482 0.136651
v -0.085574 0.015763 0.149412
v -0.085534 0.017895 0.149100
v -0.085415 0.011672 0.148188
v -0.085534 0.013631 0.149100
v -0.083729 0.011672 0.135213
v -0.084430 0.023253 0.140603
v -0.085228 0.010044 0.146751
v -0.083611 0.013631 0.134302
v -0.084715 0.023253 0.142798
v -0.084988 0.008880 0.144904
v -0.083570 0.015763 0.133989
v -0.084988 0.022646 0.144904
v -0.084715 0.008273 0.142798
v -0.083611 0.017895 0.134302
v -0.085228 0.021482 0.146751
v -0.084430 0.008273 0.140603
v -0.083729 0.019854 0.135213
v -0.085415 0.019854 0.148188
v -0.085534 0.017895 0.149100
v -0.084988 0.022646 0.144904
v -0.087515 0.022646 0.144576
v -0.084715 0.008273 0.142798
v -0.087241 0.008273 0.142470
v -0.085534 0.017895 0.149100
v -0.088060 0.017895 0.148771
v -0.083916 0.010044 0.136651
v -0.086443 0.010044 0.136322
v -0.085534 0.017895 0.149100
v -0.088060 0.017895 0.148771
v -0.085415 0.011672 0.148188
v -0.087942 0.011672 0.147860
v -0.087382 0.014389 0.143551
v -0.087428 0.015405 0.143909
v -0.088080 0.014697 0.148928
v -0.087942 0.011672 0.147860
v -0.087279 0.013647 0.142758
v -0.087635 0.009462 0.145499
v -0.087147 0.013248 0.141741
v -0.087241 0.008273 0.142470
v -0.087005 0.013350 0.140650
v -0.086819 0.008576 0.139222
v -0.086879 0.013843 0.139677
v -0.086443 0.010044 0.136322
v -0.086796 0.014718 0.139041
v -0.086197 0.012651 0.134429
v -0.086762 0.015763 0.138783
v -0.086097 0.015763 0.133661
v -0.086796 0.016808 0.139041
v -0.086197 0.018874 0.134429
v -0.086919 0.017879 0.139987
v -0.086563 0.022064 0.137246
v -0.087099 0.018278 0.141372
v -0.087099 0.023253 0.141372
v -0.087239 0.018074 0.142448
v -0.087515 0.022646 0.144576
v -0.087350 0.017410 0.143309
v -0.087848 0.020668 0.147141
v -0.087422 0.016479 0.143857
v -0.088060 0.017895 0.148771
v -0.087422 0.016479 0.143857
v -0.088060 0.017895 0.148771
v -0.086796 0.016808 0.139041
v -0.086919 0.017879 0.139987
v -0.078045 0.017879 0.141140
v -0.077922 0.016808 0.140194
v -0.087350 0.017410 0.143309
v -0.087422 0.016479 0.143857
v -0.078548 0.016479 0.145010
v -0.078477 0.017410 0.144462
v -0.087005 0.013350 0.140650
v -0.086879 0.013843 0.139677
v -0.078005 0.013843 0.140830
v -0.078131 0.013350 0.141803
v -0.087422 0.016479 0.143857
v -0.087428 0.015405 0.143909
v -0.078555 0.015405 0.145062
v -0.078548 0.016479 0.145010
v -0.087382 0.014389 0.143551
v -0.078508 0.014389 0.144704
v -0.086796 0.014718 0.139041
v -0.077922 0.014718 0.140194
v -0.087099 0.018278 0.141372
v -0.078225 0.018278 0.142525
v -0.087279 0.013647 0.142758
v -0.078405 0.013647 0.143911
v -0.086762 0.015763 0.138783
v -0.077889 0.015763 0.139936
v -0.087239 0.018074 0.142448
v -0.078365 0.018074 0.143601
v -0.087147 0.013248 0.141741
v -0.078273 0.013248 0.142894
v -0.096663 0.024373 0.154013
v -0.096912 0.020250 0.155931
v -0.085440 0.020250 0.157422
v -0.085191 0.024373 0.155503
v -0.096270 0.027798 0.150988
v -0.084798 0.027798 0.152478
v -0.095765 0.030249 0.147102
v -0.084293 0.030249 0.148592
v -0.095189 0.031526 0.142670
v -0.083717 0.031526 0.144160
v -0.094589 0.031526 0.138051
v -0.083117 0.031526 0.139541
v -0.094013 0.030249 0.133619
v -0.082541 0.030249 0.135109
v -0.093508 0.027798 0.129733
v -0.082036 0.027798 0.131223
v -0.093115 0.024373 0.126708
v -0.081643 0.024373 0.128198
v -0.092866 0.020249 0.124789
v -0.081394 0.020249 0.126279
v -0.092780 0.015763 0.124132
v -0.081309 0.015763 0.125622
v -0.092866 0.011276 0.124789
v -0.081394 0.011276 0.126279
v -0.093115 0.007153 0.126708
v -0.081643 0.007153 0.128198
v -0.093508 0.003728 0.129733
v -0.082036 0.003728 0.131223
v -0.094013 0.001277 0.133619
v -0.082541 0.001277 0.135109
v -0.094589 0.000000 0.138051
v -0.083117 0.000000 0.139541
v -0.095189 0.000000 0.142670
v -0.083717 0.000000 0.144160
v -0.095765 0.001277 0.147102
v -0.084293 0.001277 0.148592
v -0.096270 0.003728 0.150988
v -0.084798 0.003728 0.152478
v -0.096663 0.007153 0.154013
v -0.085191 0.007153 0.155503
v -0.096912 0.011276 0.155931
v -0.085440 0.011276 0.157422
v -0.096998 0.015763 0.156589
v -0.085526 0.015763 0.158079
v -0.094368 0.007144 0.136349
v -0.093318 0.008880 0.137307
v -0.093078 0.010044 0.135460
v -0.094068 0.008602 0.134037
v -0.096093 0.013094 0.149625
v -0.096912 0.011276 0.155931
v -0.096998 0.015763 0.156589
v -0.096144 0.015763 0.150016
v -0.095944 0.010640 0.148483
v -0.096663 0.007153 0.154013
v -0.095711 0.008602 0.146683
v -0.096270 0.003728 0.150988
v -0.095410 0.007144 0.144371
v -0.095765 0.001277 0.147102
v -0.095068 0.006384 0.141734
v -0.095189 0.000000 0.142670
v -0.094711 0.006384 0.138986
v -0.094589 0.000000 0.138051
v -0.094013 0.001277 0.133619
v -0.093508 0.003728 0.129733
v -0.093834 0.010640 0.132237
v -0.093115 0.007153 0.126708
v -0.093685 0.013094 0.131096
v -0.092866 0.011276 0.124789
v -0.093635 0.015763 0.130705
v -0.092780 0.015763 0.124132
v -0.093685 0.018432 0.131096
v -0.092866 0.020249 0.124789
v -0.093834 0.020885 0.132237
v -0.093115 0.024373 0.126708
v -0.094068 0.022924 0.134037
v -0.093508 0.027798 0.129733
v -0.094368 0.024382 0.136349
v -0.094013 0.030249 0.133619
v -0.094711 0.025141 0.138986
v -0.094589 0.031526 0.138051
v -0.095068 0.025141 0.141734
v -0.095189 0.031526 0.142670
v -0.095410 0.024382 0.144371
v -0.095765 0.030249 0.147102
v -0.095711 0.022924 0.146683
v -0.096270 0.027798 0.150988
v -0.095944 0.020885 0.148483
v -0.096663 0.024373 0.154013
v -0.096093 0.018432 0.149625
v -0.096912 0.020250 0.155931
v -0.096912 0.020250 0.155931
v -0.096093 0.018432 0.149625
v -0.090206 0.015763 0.133127
v -0.092732 0.015763 0.132799
v -0.093078 0.021482 0.135460
v -0.093318 0.022646 0.137307
v -0.094696 0.017895 0.147909
v -0.094736 0.015763 0.148222
v -0.094696 0.013631 0.147909
v -0.094577 0.011672 0.146998
v -0.092891 0.011672 0.134023
v -0.093592 0.023253 0.139413
v -0.094390 0.010044 0.145560
v -0.092773 0.013631 0.133111
v -0.093877 0.023253 0.141608
v -0.094150 0.008880 0.143714
v -0.092732 0.015763 0.132799
v -0.094150 0.022646 0.143714
v -0.093877 0.008273 0.141608
v -0.092773 0.017895 0.133111
v -0.094390 0.021482 0.145560
v -0.093592 0.008273 0.139413
v -0.092891 0.019854 0.134023
v -0.094577 0.019854 0.146998
v -0.094696 0.017895 0.147909
v -0.091624 0.022646 0.144042
v -0.094150 0.022646 0.143714
v -0.091350 0.008273 0.141936
v -0.093877 0.008273 0.141608
v -0.092169 0.017895 0.148238
v -0.094696 0.017895 0.147909
v -0.090551 0.010044 0.135789
v -0.093078 0.010044 0.135460
v -0.094696 0.017895 0.147909
v -0.092169 0.017895 0.148238
v -0.092050 0.011672 0.147326
v -0.094577 0.011672 0.146998
v -0.091491 0.014389 0.143017
v -0.092050 0.011672 0.147326
v -0.092189 0.014697 0.148394
v -0.091537 0.015405 0.143375
v -0.091388 0.013647 0.142224
v -0.091744 0.009462 0.144965
v -0.091255 0.013248 0.141207
v -0.091350 0.008273 0.141936
v -0.091114 0.013350 0.140116
v -0.090928 0.008576 0.138688
v -0.090987 0.013843 0.139143
v -0.090551 0.010044 0.135789
v -0.090905 0.014718 0.138507
v -0.090305 0.012651 0.133895
v -0.090871 0.015763 0.138249
v -0.090206 0.015763 0.133127
v -0.090905 0.016808 0.138507
v -0.090305 0.018874 0.133895
v -0.091028 0.017879 0.139453
v -0.090671 0.022064 0.136712
v -0.091208 0.018278 0.140839
v -0.091208 0.023253 0.140839
v -0.091347 0.018074 0.141914
v -0.091624 0.022646 0.144042
v -0.091459 0.017410 0.142775
v -0.091957 0.020668 0.146607
v -0.091530 0.016479 0.143323
v -0.092169 0.017895 0.148238
v -0.092169 0.017895 0.148238
v -0.091530 0.016479 0.143323
v -0.090905 0.016808 0.138507
v -0.099778 0.016808 0.137354
v -0.099901 0.017879 0.138300
v -0.091028 0.017879 0.139453
v -0.091459 0.017410 0.142775
v -0.100333 0.017410 0.141622
v -0.100404 0.016479 0.142170
v -0.091530 0.016479 0.143323
v -0.091114 0.013350 0.140116
v -0.099987 0.013350 0.138963
v -0.099861 0.013843 0.137990
v -0.090987 0.013843 0.139143
v -0.091530 0.016479 0.143323
v -0.100404 0.016479 0.142170
v -0.100411 0.015405 0.142222
v -0.091537 0.015405 0.143375
v -0.100364 0.014389 0.141864
v -0.091491 0.014389 0.143017
v -0.099778 0.014718 0.137354
v -0.090905 0.014718 0.138507
v -0.100081 0.018278 0.139686
v -0.091208 0.018278 0.140839
v -0.100261 0.013647 0.141071
v -0.091388 0.013647 0.142224
v -0.099745 0.015763 0.137096
v -0.090871 0.015763 0.138249
v -0.100221 0.018074 0.140761
v -0.091347 0.018074 0.141914
v -0.100129 0.013248 0.140054
v -0.091255 0.013248 0.141207
v -0.096912 0.020250 0.155931
v -0.085440 0.020250 0.157422
v 0.092094 0.044493 0.143189
v 0.092132 0.039170 0.143189
v 0.094768 0.038917 0.141204
v 0.094727 0.044512 0.141204
v 0.096758 0.044526 0.138604
v 0.098046 0.044536 0.135567
v 0.098505 0.044539 0.132300
v 0.098102 0.044536 0.129026
v 0.096866 0.044527 0.125967
v 0.094880 0.044513 0.123333
v 0.094648 0.033358 0.123302
v 0.092280 0.044494 0.121303
v 0.089244 0.044472 0.120014
v 0.086146 0.031318 0.119688
v 0.085977 0.044448 0.119556
v 0.082886 0.031049 0.120111
v 0.082703 0.044425 0.119958
v 0.079833 0.030942 0.121355
v 0.079645 0.044403 0.121194
v 0.087981 0.037379 0.123007
v 0.082039 0.037337 0.125334
v 0.082124 0.031887 0.125415
v 0.088057 0.032106 0.123072
v 0.094781 0.037175 0.141204
v 0.092145 0.037457 0.143189
v 0.082039 0.037337 0.125334
v 0.087981 0.037379 0.123007
v 0.094164 0.029134 0.125790
v 0.088070 0.025115 0.123007
v 0.084898 0.024550 0.123583
v 0.094781 0.037175 0.141204
v 0.088070 0.025115 0.123007
v 0.092701 0.017488 0.130244
v 0.081875 0.024343 0.124878
v 0.092145 0.037457 0.143189
v 0.083833 0.026402 0.128364
v 0.089702 0.026832 0.125913
v 0.099983 0.024352 0.139407
v 0.098355 0.024329 0.140363
v 0.099983 0.024352 0.139407
v 0.092701 0.017488 0.130244
v 0.103094 0.017210 0.142852
v 0.100615 0.017192 0.144255
v 0.100395 0.014428 0.143831
v 0.102874 0.014446 0.142428
v 0.099721 0.011994 0.142611
v 0.102200 0.012012 0.141208
v 0.098676 0.010183 0.140741
v 0.101155 0.010201 0.139338
v 0.097385 0.009215 0.138447
v 0.099864 0.009233 0.137044
v 0.096003 0.009205 0.136006
v 0.098482 0.009223 0.134603
v 0.094698 0.010155 0.133712
v 0.097177 0.010173 0.132309
v 0.093627 0.011950 0.131842
v 0.096106 0.011968 0.130439
v 0.092918 0.014374 0.130622
v 0.095397 0.014392 0.129219
v 0.092658 0.017134 0.130198
v 0.095137 0.017152 0.128795
v 0.092701 0.017488 0.130244
v 0.094459 0.018952 0.129537
v 0.098355 0.024329 0.140363
v 0.098575 0.024172 0.140741
v 0.099646 0.022376 0.142611
v 0.102125 0.022394 0.141208
v 0.092658 0.017134 0.130198
v 0.098575 0.024172 0.140741
v 0.100355 0.019952 0.143831
v 0.102834 0.019970 0.142428
v 0.092918 0.014374 0.130622
v 0.099646 0.022376 0.142611
v 0.093627 0.011950 0.131842
v 0.100355 0.019952 0.143831
v 0.100615 0.017192 0.144255
v 0.094698 0.010155 0.133712
v 0.100395 0.014428 0.143831
v 0.096003 0.009205 0.136006
v 0.092094 0.044493 0.143189
v 0.089036 0.044471 0.144425
v 0.089077 0.038875 0.144425
v 0.092132 0.039170 0.143189
v 0.085762 0.044447 0.144828
v 0.082495 0.044423 0.144369
v 0.079459 0.044401 0.143081
v 0.076859 0.044383 0.141050
v 0.074873 0.044368 0.138416
v 0.073637 0.044359 0.135358
v 0.073234 0.044356 0.132083
v 0.073852 0.033208 0.135073
v 0.073693 0.044360 0.128817
v 0.074981 0.044369 0.125780
v 0.075151 0.031239 0.125912
v 0.077012 0.044384 0.123180
v 0.077195 0.031007 0.123333
v 0.079645 0.044403 0.121194
v 0.079833 0.030942 0.121355
v 0.076986 0.037300 0.129231
v 0.077061 0.032026 0.129296
v 0.082124 0.031887 0.125415
v 0.082039 0.037337 0.125334
v 0.082039 0.037337 0.125334
v 0.092145 0.037457 0.143189
v 0.076281 0.029005 0.135913
v 0.079207 0.024509 0.126804
v 0.077074 0.025036 0.129231
v 0.089089 0.037134 0.144425
v 0.080979 0.017403 0.136879
v 0.077074 0.025036 0.129231
v 0.081875 0.024343 0.124878
v 0.092145 0.037457 0.143189
v 0.078707 0.026752 0.132136
v 0.083833 0.026402 0.128364
v 0.085012 0.024243 0.147881
v 0.085012 0.024243 0.147881
v 0.086670 0.024244 0.146977
v 0.080979 0.017403 0.136879
v 0.086443 0.017089 0.152277
v 0.086223 0.014325 0.151853
v 0.088702 0.014343 0.150450
v 0.088922 0.017107 0.150874
v 0.085550 0.011891 0.150632
v 0.088029 0.011909 0.149229
v 0.084504 0.010081 0.148762
v 0.086983 0.010099 0.147359
v 0.083213 0.009112 0.146469
v 0.085692 0.009130 0.145066
v 0.081831 0.009102 0.144028
v 0.084310 0.009120 0.142625
v 0.080526 0.010052 0.141734
v 0.083005 0.010070 0.140331
v 0.079455 0.011847 0.139864
v 0.081934 0.011865 0.138461
v 0.078747 0.014271 0.138644
v 0.081225 0.014289 0.137240
v 0.078487 0.017032 0.138220
v 0.080966 0.017050 0.136817
v 0.079453 0.018844 0.138031
v 0.080979 0.017403 0.136879
v 0.086882 0.024087 0.147359
v 0.086670 0.024244 0.146977
v 0.085475 0.022274 0.150632
v 0.087954 0.022292 0.149229
v 0.080966 0.017050 0.136817
v 0.086882 0.024087 0.147359
v 0.086183 0.019850 0.151853
v 0.088662 0.019868 0.150450
v 0.081225 0.014289 0.137240
v 0.087954 0.022292 0.149229
v 0.081934 0.011865 0.138461
v 0.088662 0.019868 0.150450
v 0.088922 0.017107 0.150874
v 0.083005 0.010070 0.140331
v 0.088702 0.014343 0.150450
v 0.084310 0.009120 0.142625
v 0.093918 0.007144 0.133883
v 0.092770 0.008602 0.131854
v 0.092389 0.010044 0.133545
v 0.093306 0.008880 0.135166
v 0.100512 0.013094 0.145534
v 0.100707 0.015763 0.145877
v 0.103972 0.015763 0.151645
v 0.103645 0.011276 0.151069
v 0.099945 0.010640 0.144532
v 0.102692 0.007153 0.149385
v 0.099051 0.008602 0.142953
v 0.101189 0.003728 0.146730
v 0.097903 0.007144 0.140924
v 0.099259 0.001277 0.143320
v 0.096593 0.006384 0.138609
v 0.097058 0.000000 0.139430
v 0.095228 0.006384 0.136198
v 0.094763 0.000000 0.135377
v 0.092562 0.001277 0.131487
v 0.090632 0.003728 0.128077
v 0.091876 0.010640 0.130275
v 0.089129 0.007153 0.125422
v 0.091309 0.013094 0.129273
v 0.088176 0.011276 0.123738
v 0.091114 0.015763 0.128930
v 0.087849 0.015763 0.123162
v 0.091309 0.018432 0.129273
v 0.088176 0.020250 0.123738
v 0.091876 0.020885 0.130275
v 0.089129 0.024373 0.125422
v 0.092770 0.022924 0.131854
v 0.090632 0.027798 0.128077
v 0.093918 0.024382 0.133883
v 0.092562 0.030249 0.131487
v 0.095228 0.025141 0.136198
v 0.094763 0.031526 0.135377
v 0.096593 0.025141 0.138609
v 0.097058 0.031526 0.139430
v 0.097903 0.024382 0.140924
v 0.099259 0.030249 0.143320
v 0.099051 0.022924 0.142952
v 0.101189 0.027798 0.146730
v 0.099945 0.020885 0.144532
v 0.102692 0.024373 0.149385
v 0.100512 0.018432 0.145534
v 0.103645 0.020250 0.151069
v 0.100512 0.018432 0.145534
v 0.103645 0.020250 0.151069
v 0.091066 0.015763 0.131210
v 0.088849 0.015763 0.132465
v 0.093306 0.022646 0.135166
v 0.092389 0.021482 0.133545
v 0.098727 0.015763 0.144745
v 0.098572 0.017895 0.144470
v 0.098119 0.011672 0.143670
v 0.098572 0.013631 0.144470
v 0.091675 0.011672 0.132284
v 0.094352 0.023253 0.137014
v 0.097405 0.010044 0.142409
v 0.091222 0.013631 0.131484
v 0.095442 0.023253 0.138940
v 0.096488 0.008880 0.140788
v 0.091066 0.015763 0.131210
v 0.096488 0.022646 0.140788
v 0.095442 0.008273 0.138940
v 0.091222 0.017895 0.131484
v 0.097405 0.021482 0.142409
v 0.094352 0.008273 0.137014
v 0.091675 0.019854 0.132284
v 0.098119 0.019854 0.143670
v 0.098572 0.017895 0.144470
v 0.096488 0.022646 0.140788
v 0.094271 0.022646 0.142043
v 0.095442 0.008273 0.138940
v 0.093225 0.008273 0.140195
v 0.098572 0.017895 0.144470
v 0.096355 0.017895 0.145725
v 0.092389 0.010044 0.133545
v 0.090171 0.010044 0.134800
v 0.098572 0.017895 0.144470
v 0.096355 0.017895 0.145725
v 0.098119 0.011672 0.143670
v 0.095902 0.011672 0.144925
v 0.093762 0.014389 0.141144
v 0.093940 0.015405 0.141458
v 0.096432 0.014697 0.145863
v 0.095902 0.011672 0.144925
v 0.093368 0.013647 0.140448
v 0.094729 0.009462 0.142854
v 0.092863 0.013248 0.139556
v 0.093225 0.008273 0.140195
v 0.092321 0.013350 0.138598
v 0.091611 0.008576 0.137345
v 0.091837 0.013843 0.137744
v 0.090171 0.010044 0.134800
v 0.091522 0.014718 0.137186
v 0.089231 0.012651 0.133139
v 0.091393 0.015763 0.136960
v 0.088849 0.015763 0.132465
v 0.091522 0.016808 0.137186
v 0.089231 0.018874 0.133139
v 0.091991 0.017879 0.138016
v 0.090630 0.022064 0.135611
v 0.092680 0.018278 0.139232
v 0.092680 0.023253 0.139232
v 0.093214 0.018074 0.140176
v 0.094271 0.022646 0.142043
v 0.093642 0.017410 0.140932
v 0.095545 0.020668 0.144295
v 0.093914 0.016479 0.141412
v 0.096355 0.017895 0.145725
v 0.093914 0.016479 0.141412
v 0.096355 0.017895 0.145725
v 0.091522 0.016808 0.137186
v 0.091991 0.017879 0.138016
v 0.099779 0.017879 0.133608
v 0.099309 0.016808 0.132779
v 0.093642 0.017410 0.140932
v 0.093914 0.016479 0.141412
v 0.101701 0.016479 0.137005
v 0.101429 0.017410 0.136524
v 0.092321 0.013350 0.138598
v 0.091837 0.013843 0.137744
v 0.099625 0.013843 0.133336
v 0.100108 0.013350 0.134191
v 0.093914 0.016479 0.141412
v 0.093940 0.015405 0.141458
v 0.101727 0.015405 0.137051
v 0.101701 0.016479 0.137005
v 0.093762 0.014389 0.141144
v 0.101549 0.014389 0.136736
v 0.091522 0.014718 0.137186
v 0.099309 0.014718 0.132779
v 0.092680 0.018278 0.139232
v 0.100467 0.018278 0.134824
v 0.093368 0.013647 0.140448
v 0.101155 0.013647 0.136040
v 0.091393 0.015763 0.136960
v 0.099181 0.015763 0.132552
v 0.093214 0.018074 0.140176
v 0.101001 0.018074 0.135768
v 0.092863 0.013248 0.139556
v 0.100650 0.013248 0.135148
v 0.092624 0.024373 0.155083
v 0.093578 0.020250 0.156767
v 0.103645 0.020250 0.151069
v 0.102692 0.024373 0.149385
v 0.091122 0.027798 0.152428
v 0.101189 0.027798 0.146730
v 0.089192 0.030249 0.149018
v 0.099259 0.030249 0.143320
v 0.086990 0.031526 0.145129
v 0.097058 0.031526 0.139430
v 0.084696 0.031526 0.141075
v 0.094763 0.031526 0.135377
v 0.082494 0.030249 0.137185
v 0.092562 0.030249 0.131487
v 0.080564 0.027798 0.133775
v 0.090632 0.027798 0.128077
v 0.079062 0.024373 0.131121
v 0.089129 0.024373 0.125422
v 0.078108 0.020250 0.129437
v 0.088176 0.020250 0.123738
v 0.077782 0.015763 0.128860
v 0.087849 0.015763 0.123162
v 0.078108 0.011276 0.129437
v 0.088176 0.011276 0.123738
v 0.079062 0.007153 0.131121
v 0.089129 0.007153 0.125422
v 0.080564 0.003728 0.133775
v 0.090632 0.003728 0.128077
v 0.082494 0.001277 0.137185
v 0.092562 0.001277 0.131487
v 0.084696 0.000000 0.141075
v 0.094763 0.000000 0.135377
v 0.086990 0.000000 0.145129
v 0.097058 0.000000 0.139430
v 0.089192 0.001277 0.149018
v 0.099259 0.001277 0.143320
v 0.091122 0.003728 0.152428
v 0.101189 0.003728 0.146730
v 0.092624 0.007153 0.155083
v 0.102692 0.007153 0.149385
v 0.093578 0.011276 0.156767
v 0.103645 0.011276 0.151069
v 0.093904 0.015763 0.157344
v 0.103972 0.015763 0.151645
v 0.083851 0.007144 0.139582
v 0.085265 0.008880 0.139717
v 0.084348 0.010044 0.138096
v 0.082702 0.008602 0.137553
v 0.090445 0.013094 0.151232
v 0.093578 0.011276 0.156767
v 0.093904 0.015763 0.157344
v 0.090639 0.015763 0.151575
v 0.089878 0.010640 0.150230
v 0.092624 0.007153 0.155083
v 0.088984 0.008602 0.148651
v 0.091122 0.003728 0.152428
v 0.087835 0.007144 0.146622
v 0.089192 0.001277 0.149018
v 0.086526 0.006384 0.144308
v 0.086990 0.000000 0.145129
v 0.085160 0.006384 0.141896
v 0.084696 0.000000 0.141075
v 0.082494 0.001277 0.137185
v 0.080564 0.003728 0.133775
v 0.081808 0.010640 0.135973
v 0.079062 0.007153 0.131121
v 0.081241 0.013094 0.134971
v 0.078108 0.011276 0.129437
v 0.081047 0.015763 0.134628
v 0.077782 0.015763 0.128860
v 0.081241 0.018432 0.134971
v 0.078108 0.020250 0.129437
v 0.081808 0.020885 0.135973
v 0.079062 0.024373 0.131121
v 0.082702 0.022924 0.137553
v 0.080564 0.027798 0.133775
v 0.083851 0.024382 0.139582
v 0.082494 0.030249 0.137185
v 0.085160 0.025141 0.141896
v 0.084696 0.031526 0.141075
v 0.086526 0.025141 0.144308
v 0.086990 0.031526 0.145129
v 0.087835 0.024382 0.146622
v 0.089192 0.030249 0.149018
v 0.088984 0.022924 0.148651
v 0.091122 0.027798 0.152428
v 0.089878 0.020885 0.150230
v 0.092624 0.024373 0.155083
v 0.090445 0.018432 0.151232
v 0.093578 0.020250 0.156767
v 0.093578 0.020250 0.156767
v 0.090445 0.018432 0.151232
v 0.085243 0.015763 0.134506
v 0.083026 0.015763 0.135761
v 0.084348 0.021482 0.138096
v 0.085265 0.022646 0.139717
v 0.090532 0.017895 0.149021
v 0.090687 0.015763 0.149296
v 0.090532 0.013631 0.149021
v 0.090079 0.011672 0.148221
v 0.083634 0.011672 0.136835
v 0.086311 0.023253 0.141565
v 0.089365 0.010044 0.146960
v 0.083181 0.013631 0.136035
v 0.087402 0.023253 0.143491
v 0.088448 0.008880 0.145339
v 0.083026 0.015763 0.135761
v 0.088448 0.022646 0.145339
v 0.087402 0.008273 0.143491
v 0.083181 0.017895 0.136035
v 0.089365 0.021482 0.146960
v 0.086311 0.008273 0.141565
v 0.083634 0.019854 0.136835
v 0.090079 0.019854 0.148221
v 0.090532 0.017895 0.149021
v 0.090665 0.022646 0.144084
v 0.088448 0.022646 0.145339
v 0.089619 0.008273 0.142236
v 0.087402 0.008273 0.143491
v 0.092749 0.017895 0.147766
v 0.090532 0.017895 0.149021
v 0.086565 0.010044 0.136841
v 0.084348 0.010044 0.138096
v 0.090532 0.017895 0.149021
v 0.092749 0.017895 0.147766
v 0.092296 0.011672 0.146966
v 0.090079 0.011672 0.148221
v 0.090156 0.014389 0.143185
v 0.092296 0.011672 0.146966
v 0.092827 0.014697 0.147903
v 0.090334 0.015405 0.143499
v 0.089762 0.013647 0.142489
v 0.091124 0.009462 0.144895
v 0.089257 0.013248 0.141596
v 0.089619 0.008273 0.142236
v 0.088715 0.013350 0.140639
v 0.088006 0.008576 0.139386
v 0.088232 0.013843 0.139785
v 0.086565 0.010044 0.136841
v 0.087916 0.014718 0.139227
v 0.085625 0.012651 0.135180
v 0.087788 0.015763 0.139001
v 0.085243 0.015763 0.134506
v 0.087916 0.016808 0.139227
v 0.085625 0.018874 0.135180
v 0.088386 0.017879 0.140057
v 0.087024 0.022064 0.137652
v 0.089074 0.018278 0.141273
v 0.089074 0.023253 0.141273
v 0.089608 0.018074 0.142217
v 0.090665 0.022646 0.144084
v 0.090036 0.017410 0.142973
v 0.091939 0.020668 0.146335
v 0.090308 0.016479 0.143453
v 0.092749 0.017895 0.147766
v 0.092749 0.017895 0.147766
v 0.090308 0.016479 0.143453
v 0.087916 0.016808 0.139227
v 0.080128 0.016808 0.143635
v 0.080598 0.017879 0.144465
v 0.088386 0.017879 0.140057
v 0.090036 0.017410 0.142973
v 0.082249 0.017410 0.147381
v 0.082521 0.016479 0.147861
v 0.090308 0.016479 0.143453
v 0.088715 0.013350 0.140639
v 0.080928 0.013350 0.145047
v 0.080444 0.013843 0.144193
v 0.088232 0.013843 0.139785
v 0.090308 0.016479 0.143453
v 0.082521 0.016479 0.147861
v 0.082547 0.015405 0.147907
v 0.090334 0.015405 0.143499
v 0.082369 0.014389 0.147592
v 0.090156 0.014389 0.143185
v 0.080128 0.014718 0.143635
v 0.087916 0.014718 0.139227
v 0.081287 0.018278 0.145681
v 0.089074 0.018278 0.141273
v 0.081975 0.013647 0.146897
v 0.089762 0.013647 0.142489
v 0.080000 0.015763 0.143408
v 0.087788 0.015763 0.139001
v 0.081821 0.018074 0.146625
v 0.089608 0.018074 0.142217
v 0.081470 0.013248 0.146004
v 0.089257 0.013248 0.141596
v 0.093578 0.020250 0.156767
v 0.103645 0.020250 0.151069
v -0.057095 0.473998 -0.167716
v -0.057095 0.473998 -0.171002
v -0.050592 0.475145 -0.171002
v -0.050592 0.475145 -0.167716
v -0.044874 0.478447 -0.171002
v -0.044874 0.478447 -0.167716
v -0.044874 0.478447 -0.167716
v -0.044874 0.478447 -0.171002
v -0.040629 0.483505 -0.171002
v -0.040629 0.483505 -0.167716
v -0.038371 0.489710 -0.171002
v -0.038371 0.489710 -0.167716
v -0.038371 0.496314 -0.171002
v -0.038371 0.496314 -0.167716
v -0.040629 0.502519 -0.171002
v -0.040629 0.502519 -0.167716
v -0.044874 0.507577 -0.171002
v -0.044874 0.507577 -0.167716
v -0.050592 0.510879 -0.171002
v -0.050592 0.510879 -0.167716
v -0.057095 0.512026 -0.171002
v -0.057095 0.512026 -0.167716
v -0.063598 0.510879 -0.171002
v -0.063598 0.510879 -0.167716
v -0.069317 0.507577 -0.171002
v -0.069317 0.507577 -0.167716
v -0.073562 0.502519 -0.171002
v -0.073562 0.502519 -0.167716
v -0.075820 0.496314 -0.171002
v -0.075820 0.496314 -0.167716
v -0.075820 0.489710 -0.171002
v -0.075820 0.489710 -0.167716
v -0.073562 0.483505 -0.171002
v -0.073562 0.483505 -0.167716
v -0.069317 0.478447 -0.171002
v -0.069317 0.478447 -0.167716
v -0.061377 0.504777 -0.171002
v -0.057095 0.505532 -0.171002
v -0.057095 0.504962 -0.176878
v -0.061182 0.504241 -0.176878
v -0.063598 0.475145 -0.171002
v -0.063598 0.475145 -0.167716
v -0.057095 0.480492 -0.171002
v -0.052813 0.481248 -0.171002
v -0.050592 0.475145 -0.171002
v -0.057095 0.473998 -0.171002
v -0.049048 0.483422 -0.171002
v -0.044874 0.478447 -0.171002
v -0.046253 0.486752 -0.171002
v -0.040629 0.483505 -0.171002
v -0.044766 0.490838 -0.171002
v -0.038371 0.489710 -0.171002
v -0.044766 0.495186 -0.171002
v -0.038371 0.496314 -0.171002
v -0.046253 0.499272 -0.171002
v -0.040629 0.502519 -0.171002
v -0.049048 0.502603 -0.171002
v -0.044874 0.507577 -0.171002
v -0.052813 0.504777 -0.171002
v -0.050592 0.510879 -0.171002
v -0.057095 0.505532 -0.171002
v -0.057095 0.512026 -0.171002
v -0.061377 0.504777 -0.171002
v -0.063598 0.510879 -0.171002
v -0.065143 0.502603 -0.171002
v -0.069317 0.507577 -0.171002
v -0.067938 0.499272 -0.171002
v -0.073562 0.502519 -0.171002
v -0.069425 0.495186 -0.171002
v -0.075820 0.496314 -0.171002
v -0.069425 0.490838 -0.171002
v -0.075820 0.489710 -0.171002
v -0.067938 0.486752 -0.171002
v -0.073562 0.483505 -0.171002
v -0.065143 0.483422 -0.171002
v -0.069317 0.478447 -0.171002
v -0.061377 0.481248 -0.171002
v -0.063598 0.475145 -0.171002
v -0.064776 0.502166 -0.176878
v -0.060176 0.501477 -0.182188
v -0.062886 0.499913 -0.182188
v -0.046253 0.486752 -0.171002
v -0.049048 0.483422 -0.171002
v -0.049414 0.483858 -0.176878
v -0.046747 0.487037 -0.176878
v -0.057095 0.480492 -0.171002
v -0.061377 0.481248 -0.171002
v -0.061182 0.481783 -0.176878
v -0.057095 0.481063 -0.176878
v -0.065143 0.502603 -0.171002
v -0.044766 0.490838 -0.171002
v -0.045327 0.490937 -0.176878
v -0.067938 0.499272 -0.171002
v -0.067444 0.498987 -0.176878
v -0.044766 0.495186 -0.171002
v -0.045327 0.495087 -0.176878
v -0.069425 0.495186 -0.171002
v -0.068863 0.495087 -0.176878
v -0.046253 0.499272 -0.171002
v -0.046747 0.498987 -0.176878
v -0.069425 0.490838 -0.171002
v -0.068863 0.490937 -0.176878
v -0.049048 0.502603 -0.171002
v -0.049414 0.502166 -0.176878
v -0.067938 0.486752 -0.171002
v -0.067444 0.487037 -0.176878
v -0.052813 0.504777 -0.171002
v -0.053008 0.504241 -0.176878
v -0.052813 0.481248 -0.171002
v -0.053008 0.481783 -0.176878
v -0.065143 0.483422 -0.171002
v -0.064776 0.483858 -0.176878
v -0.049048 0.483422 -0.171002
v -0.049414 0.483858 -0.176878
v -0.049294 0.488508 -0.182188
v -0.048224 0.491448 -0.182188
v -0.064896 0.497516 -0.182188
v -0.048224 0.494576 -0.182188
v -0.065966 0.494576 -0.182188
v -0.049294 0.497516 -0.182188
v -0.065966 0.491448 -0.182188
v -0.051305 0.499913 -0.182188
v -0.064896 0.488508 -0.182188
v -0.054015 0.501477 -0.182188
v -0.057095 0.484004 -0.182188
v -0.054015 0.484547 -0.182188
v -0.062886 0.486112 -0.182188
v -0.057095 0.502020 -0.182188
v -0.051305 0.486112 -0.182188
v -0.060176 0.484547 -0.182188
v -0.051305 0.486112 -0.182188
v 0.057939 0.111045 -0.167716
v 0.057939 0.111045 -0.171002
v 0.064442 0.112191 -0.171002
v 0.064442 0.112191 -0.167716
v 0.070161 0.115493 -0.171002
v 0.070161 0.115493 -0.167716
v 0.070161 0.115493 -0.167716
v 0.070161 0.115493 -0.171002
v 0.074405 0.120551 -0.171002
v 0.074405 0.120551 -0.167716
v 0.076664 0.126756 -0.171002
v 0.076664 0.126756 -0.167716
v 0.076664 0.133360 -0.171002
v 0.076664 0.133360 -0.167716
v 0.074405 0.139565 -0.171002
v 0.074405 0.139565 -0.167716
v 0.070161 0.144623 -0.171002
v 0.070161 0.144623 -0.167716
v 0.064442 0.147925 -0.171002
v 0.064442 0.147925 -0.167716
v 0.057939 0.149072 -0.171002
v 0.057939 0.149072 -0.167716
v 0.051436 0.147925 -0.171002
v 0.051436 0.147925 -0.167716
v 0.045717 0.144623 -0.171002
v 0.045717 0.144623 -0.167716
v 0.041473 0.139565 -0.171002
v 0.041473 0.139565 -0.167716
v 0.039214 0.133360 -0.171002
v 0.039214 0.133360 -0.167716
v 0.039214 0.126756 -0.171002
v 0.039214 0.126756 -0.167716
v 0.041473 0.120551 -0.171002
v 0.041473 0.120551 -0.167716
v 0.045717 0.115493 -0.171002
v 0.045717 0.115493 -0.167716
v 0.053657 0.141823 -0.171002
v 0.057939 0.142578 -0.171002
v 0.057939 0.142008 -0.176878
v 0.053852 0.141287 -0.176878
v 0.051436 0.112191 -0.171002
v 0.051436 0.112191 -0.167716
v 0.057939 0.117539 -0.171002
v 0.062221 0.118294 -0.171002
v 0.064442 0.112191 -0.171002
v 0.057939 0.111045 -0.171002
v 0.065987 0.120468 -0.171002
v 0.070161 0.115493 -0.171002
v 0.068781 0.123798 -0.171002
v 0.074405 0.120551 -0.171002
v 0.070269 0.127884 -0.171002
v 0.076664 0.126756 -0.171002
v 0.070269 0.132232 -0.171002
v 0.076664 0.133360 -0.171002
v 0.068781 0.136318 -0.171002
v 0.074405 0.139565 -0.171002
v 0.065987 0.139649 -0.171002
v 0.070161 0.144623 -0.171002
v 0.062221 0.141823 -0.171002
v 0.064442 0.147925 -0.171002
v 0.057939 0.142578 -0.171002
v 0.057939 0.149072 -0.171002
v 0.053657 0.141823 -0.171002
v 0.051436 0.147925 -0.171002
v 0.049892 0.139649 -0.171002
v 0.045717 0.144623 -0.171002
v 0.047097 0.136318 -0.171002
v 0.041473 0.139565 -0.171002
v 0.045610 0.132232 -0.171002
v 0.039214 0.133360 -0.171002
v 0.045610 0.127884 -0.171002
v 0.039214 0.126756 -0.171002
v 0.047097 0.123798 -0.171002
v 0.041473 0.120551 -0.171002
v 0.049892 0.120468 -0.171002
v 0.045717 0.115493 -0.171002
v 0.053657 0.118294 -0.171002
v 0.051436 0.112191 -0.171002
v 0.050258 0.139212 -0.176878
v 0.054858 0.138523 -0.182188
v 0.052149 0.136959 -0.182188
v 0.068781 0.123798 -0.171002
v 0.065987 0.120468 -0.171002
v 0.065620 0.120904 -0.176878
v 0.068288 0.124083 -0.176878
v 0.057939 0.117539 -0.171002
v 0.053657 0.118294 -0.171002
v 0.053852 0.118829 -0.176878
v 0.057939 0.118109 -0.176878
v 0.049892 0.139649 -0.171002
v 0.070269 0.127884 -0.171002
v 0.069707 0.127983 -0.176878
v 0.047097 0.136318 -0.171002
v 0.047591 0.136033 -0.176878
v 0.070269 0.132232 -0.171002
v 0.069707 0.132133 -0.176878
v 0.045610 0.132232 -0.171002
v 0.046171 0.132133 -0.176878
v 0.068781 0.136318 -0.171002
v 0.068288 0.136033 -0.176878
v 0.045610 0.127884 -0.171002
v 0.046171 0.127983 -0.176878
v 0.065987 0.139649 -0.171002
v 0.065620 0.139212 -0.176878
v 0.047097 0.123798 -0.171002
v 0.047591 0.124083 -0.176878
v 0.062221 0.141823 -0.171002
v 0.062026 0.141287 -0.176878
v 0.062221 0.118294 -0.171002
v 0.062026 0.118829 -0.176878
v 0.049892 0.120468 -0.171002
v 0.050258 0.120904 -0.176878
v 0.065987 0.120468 -0.171002
v 0.065620 0.120904 -0.176878
v 0.065740 0.125554 -0.182188
v 0.066810 0.128494 -0.182188
v 0.050138 0.134562 -0.182188
v 0.066810 0.131622 -0.182188
v 0.049068 0.131622 -0.182188
v 0.065740 0.134562 -0.182188
v 0.049068 0.128494 -0.182188
v 0.063729 0.136959 -0.182188
v 0.050138 0.125554 -0.182188
v 0.061020 0.138523 -0.182188
v 0.057939 0.121050 -0.182188
v 0.061020 0.121594 -0.182188
v 0.052149 0.123158 -0.182188
v 0.057939 0.139066 -0.182188
v 0.063729 0.123158 -0.182188
v 0.054858 0.121594 -0.182188
v 0.063729 0.123158 -0.182188
v 0.057939 0.473998 -0.167716
v 0.057939 0.473998 -0.171002
v 0.064442 0.475145 -0.171002
v 0.064442 0.475145 -0.167716
v 0.070161 0.478447 -0.171002
v 0.070161 0.478447 -0.167716
v 0.070161 0.478447 -0.167716
v 0.070161 0.478447 -0.171002
v 0.074405 0.483505 -0.171002
v 0.074405 0.483505 -0.167716
v 0.076664 0.489710 -0.171002
v 0.076664 0.489710 -0.167716
v 0.076664 0.496314 -0.171002
v 0.076664 0.496314 -0.167716
v 0.074405 0.502519 -0.171002
v 0.074405 0.502519 -0.167716
v 0.070161 0.507577 -0.171002
v 0.070161 0.507577 -0.167716
v 0.064442 0.510879 -0.171002
v 0.064442 0.510879 -0.167716
v 0.057939 0.512026 -0.171002
v 0.057939 0.512026 -0.167716
v 0.051436 0.510879 -0.171002
v 0.051436 0.510879 -0.167716
v 0.045717 0.507577 -0.171002
v 0.045717 0.507577 -0.167716
v 0.041473 0.502519 -0.171002
v 0.041473 0.502519 -0.167716
v 0.039214 0.496314 -0.171002
v 0.039214 0.496314 -0.167716
v 0.039214 0.489710 -0.171002
v 0.039214 0.489710 -0.167716
v 0.041473 0.483505 -0.171002
v 0.041473 0.483505 -0.167716
v 0.045717 0.478447 -0.171002
v 0.045717 0.478447 -0.167716
v 0.053657 0.504777 -0.171002
v 0.057939 0.505532 -0.171002
v 0.057939 0.504962 -0.176878
v 0.053852 0.504241 -0.176878
v 0.051436 0.475145 -0.171002
v 0.051436 0.475145 -0.167716
v 0.057939 0.480492 -0.171002
v 0.062221 0.481248 -0.171002
v 0.064442 0.475145 -0.171002
v 0.057939 0.473998 -0.171002
v 0.065987 0.483422 -0.171002
v 0.070161 0.478447 -0.171002
v 0.068781 0.486752 -0.171002
v 0.074405 0.483505 -0.171002
v 0.070269 0.490838 -0.171002
v 0.076664 0.489710 -0.171002
v 0.070269 0.495186 -0.171002
v 0.076664 0.496314 -0.171002
v 0.068781 0.499272 -0.171002
v 0.074405 0.502519 -0.171002
v 0.065987 0.502603 -0.171002
v 0.070161 0.507577 -0.171002
v 0.062221 0.504777 -0.171002
v 0.064442 0.510879 -0.171002
v 0.057939 0.505532 -0.171002
v 0.057939 0.512026 -0.171002
v 0.053657 0.504777 -0.171002
v 0.051436 0.510879 -0.171002
v 0.049892 0.502603 -0.171002
v 0.045717 0.507577 -0.171002
v 0.047097 0.499272 -0.171002
v 0.041473 0.502519 -0.171002
v 0.045610 0.495186 -0.171002
v 0.039214 0.496314 -0.171002
v 0.045610 0.490838 -0.171002
v 0.039214 0.489710 -0.171002
v 0.047097 0.486752 -0.171002
v 0.041473 0.483505 -0.171002
v 0.049892 0.483422 -0.171002
v 0.045717 0.478447 -0.171002
v 0.053657 0.481248 -0.171002
v 0.051436 0.475145 -0.171002
v 0.050258 0.502166 -0.176878
v 0.054858 0.501477 -0.182188
v 0.052149 0.499913 -0.182188
v 0.068781 0.486752 -0.171002
v 0.065987 0.483422 -0.171002
v 0.065620 0.483858 -0.176878
v 0.068288 0.487037 -0.176878
v 0.057939 0.480492 -0.171002
v 0.053657 0.481248 -0.171002
v 0.053852 0.481783 -0.176878
v 0.057939 0.481063 -0.176878
v 0.049892 0.502603 -0.171002
v 0.070269 0.490838 -0.171002
v 0.069707 0.490937 -0.176878
v 0.047097 0.499272 -0.171002
v 0.047591 0.498987 -0.176878
v 0.070269 0.495186 -0.171002
v 0.069707 0.495087 -0.176878
v 0.045610 0.495186 -0.171002
v 0.046171 0.495087 -0.176878
v 0.068781 0.499272 -0.171002
v 0.068288 0.498987 -0.176878
v 0.045610 0.490838 -0.171002
v 0.046171 0.490937 -0.176878
v 0.065987 0.502603 -0.171002
v 0.065620 0.502166 -0.176878
v 0.047097 0.486752 -0.171002
v 0.047591 0.487037 -0.176878
v 0.062221 0.504777 -0.171002
v 0.062026 0.504241 -0.176878
v 0.062221 0.481248 -0.171002
v 0.062026 0.481783 -0.176878
v 0.049892 0.483422 -0.171002
v 0.050258 0.483858 -0.176878
v 0.065987 0.483422 -0.171002
v 0.065620 0.483858 -0.176878
v 0.065740 0.488508 -0.182188
v 0.066810 0.491448 -0.182188
v 0.050138 0.497516 -0.182188
v 0.066810 0.494576 -0.182188
v 0.049068 0.494576 -0.182188
v 0.065740 0.497516 -0.182188
v 0.049068 0.491448 -0.182188
v 0.063729 0.499913 -0.182188
v 0.050138 0.488508 -0.182188
v 0.061020 0.501477 -0.182188
v 0.057939 0.484004 -0.182188
v 0.061020 0.484547 -0.182188
v 0.052149 0.486112 -0.182188
v 0.057939 0.502020 -0.182188
v 0.063729 0.486112 -0.182188
v 0.054858 0.484547 -0.182188
v 0.063729 0.486112 -0.182188
v -0.093123 0.529079 0.036515
v -0.093020 0.529079 0.040484
v -0.094925 0.529079 0.043213
v -0.097475 0.529079 0.044185
v -0.100025 0.529079 0.043213
v -0.101930 0.529079 0.040484
v -0.101827 0.529079 0.036515
v -0.101935 0.529079 0.032546
v -0.100025 0.529079 0.029817
v -0.097475 0.529079 0.028846
v -0.094925 0.529079 0.029817
v -0.093015 0.529079 0.032546
v -0.093123 0.575473 -0.026900
v -0.093020 0.575473 -0.030868
v -0.094925 0.575473 -0.033598
v -0.097475 0.575473 -0.034569
v -0.100025 0.575473 -0.033598
v -0.101930 0.575473 -0.030868
v -0.101827 0.575473 -0.026900
v -0.101935 0.575473 -0.022931
v -0.100025 0.575473 -0.020201
v -0.097475 0.575473 -0.019230
v -0.094925 0.575473 -0.020201
v -0.093015 0.575473 -0.022931
v -0.101827 0.529079 -0.026900
v -0.101930 0.529079 -0.030868
v -0.100025 0.529079 -0.033598
v -0.097475 0.529079 -0.034569
v -0.094925 0.529079 -0.033598
v -0.093020 0.529079 -0.030868
v -0.093123 0.529079 -0.026900
v -0.093015 0.529079 -0.022931
v -0.094925 0.529079 -0.020201
v -0.097475 0.529079 -0.019230
v -0.100025 0.529079 -0.020201
v -0.101935 0.529079 -0.022931
v -0.101827 0.575473 0.036515
v -0.101930 0.575473 0.040484
v -0.100025 0.575473 0.043213
v -0.097475 0.575473 0.044185
v -0.094925 0.575473 0.043213
v -0.093020 0.575473 0.040484
v -0.093123 0.575473 0.036515
v -0.093015 0.575473 0.032546
v -0.094925 0.575473 0.029817
v -0.097475 0.575473 0.028846
v -0.100025 0.575473 0.029817
v -0.101935 0.575473 0.032546
v 0.104563 0.558296 -0.102448
v 0.107327 0.556696 -0.102448
v 0.104563 0.558296 0.110577
v 0.107327 0.556696 0.110577
v -0.107770 0.521004 0.110577
v -0.107770 0.499924 0.110577
v -0.107770 0.446858 0.110577
v -0.107770 0.102575 0.110577
v -0.107770 0.102575 -0.102448
v -0.107770 0.447638 -0.102448
v -0.107770 0.499131 -0.102448
v -0.107770 0.520993 -0.102448
v -0.017225 0.489079 0.175905
v -0.017225 0.457031 0.175905
v -0.018286 0.453898 0.175905
v -0.020775 0.451719 0.175905
v -0.022976 0.451281 0.175905
v -0.032685 0.451281 0.175905
v -0.034885 0.451719 0.175905
v -0.037374 0.453898 0.175905
v -0.038435 0.457031 0.175905
v -0.038435 0.489079 0.175905
v -0.037374 0.492212 0.175905
v -0.034885 0.494392 0.175905
v -0.032685 0.494830 0.175905
v -0.022976 0.494830 0.175905
v -0.020775 0.494392 0.175905
v -0.018286 0.492212 0.175905
v -0.057095 0.111045 -0.167716
v -0.050592 0.112191 -0.167716
v -0.044874 0.115493 -0.167716
v -0.040629 0.120551 -0.167716
v -0.038371 0.126756 -0.167716
v -0.038371 0.133360 -0.167716
v -0.040629 0.139565 -0.167716
v -0.044874 0.144623 -0.167716
v -0.050592 0.147925 -0.167716
v -0.057095 0.149072 -0.167716
v -0.063598 0.147925 -0.167716
v -0.069317 0.144623 -0.167716
v -0.073562 0.139565 -0.167716
v -0.075820 0.133360 -0.167716
v -0.075820 0.126756 -0.167716
v -0.073562 0.120551 -0.167716
v -0.069317 0.115493 -0.167716
v -0.063598 0.112191 -0.167716
v -0.090536 0.015405 -0.139851
v -0.090729 0.014389 -0.139545
v -0.091155 0.013647 -0.138868
v -0.091702 0.013248 -0.138001
v -0.092288 0.013350 -0.137070
v -0.092811 0.013843 -0.136239
v -0.093153 0.014718 -0.135697
v -0.093292 0.015763 -0.135477
v -0.093153 0.016808 -0.135697
v -0.092645 0.017879 -0.136504
v -0.091900 0.018278 -0.137686
v -0.091322 0.018074 -0.138604
v -0.090859 0.017410 -0.139339
v -0.090565 0.016479 -0.139806
v -0.071888 0.015405 -0.128104
v -0.071916 0.016479 -0.128059
v -0.072210 0.017410 -0.127592
v -0.072673 0.018074 -0.126857
v -0.073251 0.018278 -0.125939
v -0.073996 0.017879 -0.124757
v -0.074504 0.016808 -0.123950
v -0.074643 0.015763 -0.123730
v -0.074504 0.014718 -0.123950
v -0.074163 0.013843 -0.124493
v -0.073640 0.013350 -0.125323
v -0.073053 0.013248 -0.126254
v -0.072507 0.013647 -0.127122
v -0.072081 0.014389 -0.127798
v -0.094895 0.025497 -0.124136
v -0.089951 0.025145 -0.120127
v -0.092071 0.023085 -0.116738
v -0.094646 0.023252 -0.118787
v -0.096662 0.023780 -0.121311
v -0.084204 0.025574 -0.117402
v -0.085971 0.023857 -0.114577
v -0.089113 0.023292 -0.115302
v -0.092071 0.023085 -0.116738
v -0.089951 0.025145 -0.120127
v -0.087725 0.039484 0.117844
v -0.081766 0.039484 0.119204
v -0.076986 0.039484 0.123015
v -0.074334 0.039484 0.128523
v -0.074334 0.039484 0.134636
v -0.076986 0.039484 0.140143
v -0.081766 0.039484 0.143955
v -0.087725 0.039484 0.145315
v -0.093685 0.039484 0.143955
v -0.098465 0.039484 0.140143
v -0.101117 0.039484 0.134636
v -0.101117 0.039484 0.128523
v -0.098465 0.039484 0.123015
v -0.093685 0.039484 0.119204
v 0.085985 0.039484 0.117844
v 0.091945 0.039484 0.119204
v 0.096724 0.039484 0.123015
v 0.099377 0.039484 0.128523
v 0.099377 0.039484 0.134636
v 0.096724 0.039484 0.140143
v 0.091945 0.039484 0.143955
v 0.085985 0.039484 0.145315
v 0.080025 0.039484 0.143955
v 0.075246 0.039484 0.140143
v 0.072594 0.039484 0.134636
v 0.072594 0.039484 0.128523
v 0.075246 0.039484 0.123015
v 0.080025 0.039484 0.119204
v 0.085985 0.039484 -0.137511
v 0.091945 0.039484 -0.136151
v 0.096724 0.039484 -0.132339
v 0.099377 0.039484 -0.126832
v 0.099377 0.039484 -0.120719
v 0.096724 0.039484 -0.115211
v 0.091945 0.039484 -0.111400
v 0.085985 0.039484 -0.110039
v 0.080025 0.039484 -0.111400
v 0.075246 0.039484 -0.115211
v 0.072594 0.039484 -0.120719
v 0.072594 0.039484 -0.126832
v 0.075246 0.039484 -0.132339
v 0.080025 0.039484 -0.136151
v -0.087765 0.039484 -0.137511
v -0.081805 0.039484 -0.136151
v -0.077026 0.039484 -0.132339
v -0.074374 0.039484 -0.126832
v -0.074374 0.039484 -0.120719
v -0.077026 0.039484 -0.115211
v -0.081805 0.039484 -0.111400
v -0.087765 0.039484 -0.110039
v -0.093725 0.039484 -0.111400
v -0.098504 0.039484 -0.115211
v -0.101157 0.039484 -0.120719
v -0.101157 0.039484 -0.126832
v -0.098504 0.039484 -0.132339
v -0.093725 0.039484 -0.136151
v 0.081041 0.026769 -0.119036
v 0.087355 0.026427 -0.119839
v 0.088346 0.024390 -0.115955
v 0.085085 0.024551 -0.115510
v 0.081867 0.025070 -0.115798
v 0.093295 0.026858 -0.122115
v 0.094121 0.025159 -0.118877
v 0.091428 0.024597 -0.117103
v 0.088346 0.024390 -0.115955
v 0.087355 0.026427 -0.119839
v 0.072744 0.015405 -0.132923
v 0.072832 0.014389 -0.132572
v 0.073026 0.013647 -0.131797
v 0.073276 0.013248 -0.130802
v 0.073544 0.013350 -0.129736
v 0.073784 0.013843 -0.128784
v 0.073940 0.014718 -0.128162
v 0.074003 0.015763 -0.127910
v 0.073940 0.016808 -0.128162
v 0.073707 0.017879 -0.129087
v 0.073367 0.018278 -0.130442
v 0.073103 0.018074 -0.131494
v 0.072891 0.017410 -0.132336
v 0.072756 0.016479 -0.132872
v 0.094119 0.015405 -0.138294
v 0.094132 0.016479 -0.138242
v 0.094266 0.017410 -0.137707
v 0.094478 0.018074 -0.136865
v 0.094742 0.018278 -0.135813
v 0.095083 0.017879 -0.134457
v 0.095315 0.016808 -0.133533
v 0.095379 0.015763 -0.133280
v 0.095315 0.014718 -0.133533
v 0.095159 0.013843 -0.134154
v 0.094920 0.013350 -0.135106
v 0.094652 0.013248 -0.136173
v 0.094402 0.013647 -0.137168
v 0.094207 0.014389 -0.137943
v -0.081500 0.025594 0.129038
v -0.087664 0.025162 0.127471
v -0.087134 0.023121 0.123499
v -0.083939 0.023329 0.124280
v -0.081058 0.023893 0.125727
v -0.094030 0.025503 0.127410
v -0.093587 0.023802 0.124099
v -0.090424 0.023282 0.123438
v -0.087134 0.023121 0.123499
v -0.087664 0.025162 0.127471
v -0.078555 0.015405 0.145062
v -0.078508 0.014389 0.144704
v -0.078405 0.013647 0.143911
v -0.078273 0.013248 0.142894
v -0.078131 0.013350 0.141803
v -0.078005 0.013843 0.140830
v -0.077922 0.014718 0.140194
v -0.077889 0.015763 0.139936
v -0.077922 0.016808 0.140194
v -0.078045 0.017879 0.141140
v -0.078225 0.018278 0.142525
v -0.078365 0.018074 0.143601
v -0.078477 0.017410 0.144462
v -0.078548 0.016479 0.145010
v -0.100411 0.015405 0.142222
v -0.100404 0.016479 0.142170
v -0.100333 0.017410 0.141622
v -0.100221 0.018074 0.140761
v -0.100081 0.018278 0.139686
v -0.099901 0.017879 0.138300
v -0.099778 0.016808 0.137354
v -0.099745 0.015763 0.137096
v -0.099778 0.014718 0.137354
v -0.099861 0.013843 0.137990
v -0.099987 0.013350 0.138963
v -0.100129 0.013248 0.140054
v -0.100261 0.013647 0.141071
v -0.100364 0.014389 0.141864
v 0.089702 0.026832 0.125913
v 0.083833 0.026402 0.128364
v 0.081875 0.024343 0.124878
v 0.084898 0.024550 0.123583
v 0.088070 0.025115 0.123007
v 0.078707 0.026752 0.132136
v 0.077074 0.025036 0.129231
v 0.079207 0.024509 0.126804
v 0.081875 0.024343 0.124878
v 0.083833 0.026402 0.128364
v 0.101727 0.015405 0.137051
v 0.101549 0.014389 0.136736
v 0.101155 0.013647 0.136040
v 0.100650 0.013248 0.135148
v 0.100108 0.013350 0.134191
v 0.099625 0.013843 0.133336
v 0.099309 0.014718 0.132779
v 0.099181 0.015763 0.132552
v 0.099309 0.016808 0.132779
v 0.099779 0.017879 0.133608
v 0.100467 0.018278 0.134824
v 0.101001 0.018074 0.135768
v 0.101429 0.017410 0.136524
v 0.101701 0.016479 0.137005
v 0.082547 0.015405 0.147907
v 0.082521 0.016479 0.147861
v 0.082249 0.017410 0.147381
v 0.081821 0.018074 0.146625
v 0.081287 0.018278 0.145681
v 0.080598 0.017879 0.144465
v 0.080128 0.016808 0.143635
v 0.080000 0.015763 0.143408
v 0.080128 0.014718 0.143635
v 0.080444 0.013843 0.144193
v 0.080928 0.013350 0.145047
v 0.081470 0.013248 0.146004
v 0.081975 0.013647 0.146897
v 0.082369 0.014389 0.147592
v -0.057095 0.473998 -0.167716
v -0.050592 0.475145 -0.167716
v -0.044874 0.478447 -0.167716
v -0.040629 0.483505 -0.167716
v -0.038371 0.489710 -0.167716
v -0.038371 0.496314 -0.167716
v -0.040629 0.502519 -0.167716
v -0.044874 0.507577 -0.167716
v -0.050592 0.510879 -0.167716
v -0.057095 0.512026 -0.167716
v -0.063598 0.510879 -0.167716
v -0.069317 0.507577 -0.167716
v -0.073562 0.502519 -0.167716
v -0.075820 0.496314 -0.167716
v -0.075820 0.489710 -0.167716
v -0.073562 0.483505 -0.167716
v -0.069317 0.478447 -0.167716
v -0.063598 0.475145 -0.167716
v 0.057939 0.111045 -0.167716
v 0.064442 0.112191 -0.167716
v 0.070161 0.115493 -0.167716
v 0.074405 0.120551 -0.167716
v 0.076664 0.126756 -0.167716
v 0.076664 0.133360 -0.167716
v 0.074405 0.139565 -0.167716
v 0.070161 0.144623 -0.167716
v 0.064442 0.147925 -0.167716
v 0.057939 0.149072 -0.167716
v 0.051436 0.147925 -0.167716
v 0.045717 0.144623 -0.167716
v 0.041473 0.139565 -0.167716
v 0.039214 0.133360 -0.167716
v 0.039214 0.126756 -0.167716
v 0.041473 0.120551 -0.167716
v 0.045717 0.115493 -0.167716
v 0.051436 0.112191 -0.167716
v 0.057939 0.473998 -0.167716
v 0.064442 0.475145 -0.167716
v 0.070161 0.478447 -0.167716
v 0.074405 0.483505 -0.167716
v 0.076664 0.489710 -0.167716
v 0.076664 0.496314 -0.167716
v 0.074405 0.502519 -0.167716
v 0.070161 0.507577 -0.167716
v 0.064442 0.510879 -0.167716
v 0.057939 0.512026 -0.167716
v 0.051436 0.510879 -0.167716
v 0.045717 0.507577 -0.167716
v 0.041473 0.502519 -0.167716
v 0.039214 0.496314 -0.167716
v 0.039214 0.489710 -0.167716
v 0.041473 0.483505 -0.167716
v 0.045717 0.478447 -0.167716
v 0.051436 0.475145 -0.167716
vn -0.000042 1.000000 0.000030
vn -0.000021 1.000000 0.000019
vn 0.000000 1.000000 0.000048
vn -0.000000 0.000000 -1.000000
vn 0.000000 0.000000 -1.000000
vn -0.379787 -0.006070 -0.925054
vn -0.136301 0.178010 -0.974543
vn 0.000000 0.000000 -1.000000
vn -0.227494 0.087812 -0.969812
vn -0.984267 0.038888 -0.172353
vn -1.000000 0.000000 0.000000
vn -0.985850 0.052815 -0.159094
vn -0.250283 0.030609 -0.967689
vn -0.756845 0.000002 -0.653595
vn -0.762102 0.071234 -0.643527
vn -0.143499 -0.167489 -0.975374
vn -0.227883 -0.086813 -0.969811
vn 0.000000 -0.000001 -1.000000
vn 0.000355 1.000000 0.000382
vn 0.000000 1.000000 0.000553
vn 0.000190 1.000000 0.000154
vn 0.984265 0.038891 -0.172364
vn 0.985850 0.052812 -0.159094
vn 1.000000 0.000000 0.000000
vn 0.250286 0.030610 -0.967688
vn 0.762102 0.071235 -0.643526
vn 0.756846 0.000002 -0.653593
vn 0.000000 0.239005 -0.971018
vn 0.000000 0.674578 -0.738204
vn 0.000000 0.678376 -0.734715
vn 0.261541 -0.059630 -0.963349
vn 0.139690 -0.172331 -0.975084
vn 0.000000 0.000000 -1.000000
vn -0.379787 -0.006070 0.925054
vn -0.000000 -0.000000 1.000000
vn -0.354834 -0.000567 0.934929
vn 0.000000 0.000000 1.000000
vn 0.000000 0.000000 1.000000
vn -0.136834 0.177373 0.974585
vn -0.227494 0.087812 0.969812
vn -0.250283 0.030609 0.967689
vn -0.762102 0.071234 0.643527
vn -0.756845 0.000002 0.653595
vn -0.227883 -0.086813 0.969811
vn -0.140812 -0.169565 0.975407
vn 0.000000 0.000000 1.000000
vn 0.250286 0.030610 0.967688
vn 0.756846 0.000002 0.653593
vn 0.762102 0.071235 0.643526
vn 0.000000 0.239005 0.971018
vn 0.000000 0.678376 0.734715
vn 0.000000 0.674578 0.738204
vn 0.142461 -0.168607 0.975334
vn 0.261474 -0.059688 0.963363
vn 0.000000 0.000000 1.000000
vn -0.044157 -0.998913 0.014957
vn 0.000000 -0.999729 0.023268
vn -0.014846 -0.999856 0.008206
vn 0.000000 1.000000 -0.000078
vn -0.000002 1.000000 -0.000159
vn 0.000050 1.000000 -0.000079
vn 0.997939 -0.058688 0.025932
vn 0.992978 -0.118296 0.000258
vn 0.993017 -0.066243 0.097619
vn -0.999334 0.029066 -0.022061
vn -0.999467 0.029057 -0.014901
vn -0.998601 0.029045 -0.044184
vn -0.999412 0.029069 0.018173
vn -0.999557 0.029058 0.006470
vn -0.999536 0.029072 0.009137
vn -0.000000 -0.999979 -0.006494
vn 0.000010 -1.000000 0.000007
vn 0.000007 -0.999979 -0.006448
vn 0.999490 0.029071 0.013205
vn 0.999540 0.029057 0.008716
vn 0.999241 0.029064 0.025934
vn 0.998646 0.029046 -0.043150
vn 0.999475 0.029057 -0.014321
vn 0.999339 0.029066 -0.021820
vn 0.000000 -0.999914 -0.013092
vn -0.026895 -0.999586 -0.010229
vn -0.009384 -0.999949 -0.003632
vn -0.000829 -1.000000 0.000286
vn -0.000000 -0.999980 0.006282
vn -0.000281 -0.999983 0.005905
vn -0.315317 0.008597 0.948947
vn 0.028122 0.053935 0.998148
vn -0.222434 0.186818 0.956881
vn 0.001785 0.999997 0.001618
vn 0.003924 0.999989 0.002649
vn 0.000000 0.999991 0.004132
vn 0.981120 0.032051 -0.190724
vn 0.990745 0.073311 -0.114238
vn 0.953817 -0.001122 -0.300385
vn -0.059823 0.335744 -0.940052
vn -0.023205 0.032767 -0.999194
vn -0.147265 0.376042 -0.914826
vn -0.014867 0.056471 -0.998294
vn -0.357451 0.085754 -0.929987
vn -0.247919 0.133878 -0.959486
vn -0.978053 0.036796 0.205081
vn -0.970294 0.227245 0.082999
vn -0.953597 -0.000000 0.301086
vn -0.043576 0.020162 -0.998847
vn -0.023718 0.044811 -0.998714
vn -0.958836 0.283123 -0.021768
vn -0.947537 0.318729 -0.024196
vn -0.977359 0.040830 -0.207609
vn -0.354986 -0.000568 -0.934871
vn -0.012223 0.022463 0.999673
vn 0.029153 0.324249 0.945523
vn -0.121774 0.378073 0.917732
vn -0.049190 0.002154 -0.998787
vn -0.037111 -0.022770 0.999052
vn 0.020220 0.041257 0.998944
vn -0.012907 0.004383 0.999907
vn -0.948424 0.000000 -0.317004
vn -0.969296 0.225607 -0.097807
vn -0.006007 0.999981 0.001054
vn -0.006255 0.999980 0.001042
vn -0.002394 0.978970 0.203991
vn -0.006021 0.999981 -0.001098
vn -0.005782 0.999983 -0.001235
vn -0.005316 0.944017 -0.329853
vn -0.958815 0.283069 0.023345
vn -0.963320 0.267491 0.021531
vn 0.060518 0.894047 0.443867
vn -0.039116 0.701472 0.711623
vn 0.039137 0.730917 0.681344
vn -0.242257 0.678627 -0.693381
vn -0.100982 0.703323 -0.703661
vn -0.221555 0.563181 0.796078
vn -0.283148 0.203066 -0.937332
vn -0.287767 0.541215 -0.790111
vn -0.309140 0.448564 0.838584
vn -0.367270 0.234766 0.899999
vn -0.055051 0.694625 -0.717262
vn 0.038665 0.902011 -0.429978
vn -0.963181 0.268166 -0.019204
vn -0.987984 -0.002315 -0.154537
vn -0.990204 -0.002758 -0.139601
vn -0.999999 -0.001687 -0.000347
vn -0.947473 0.318910 0.024319
vn 0.960028 -0.002000 -0.279897
vn 0.992102 -0.070421 -0.103805
vn 0.919905 -0.339946 -0.195479
vn 0.992434 0.075783 0.096598
vn 0.981411 0.029675 0.189608
vn 0.959176 -0.000838 0.282807
vn 0.992729 -0.070671 0.097439
vn 0.963545 -0.001697 0.267542
vn 0.920430 -0.338772 0.195043
vn -0.992939 -0.002910 0.118589
vn -0.991016 -0.001961 0.133731
vn -0.999999 -0.001693 0.000327
vn -0.999998 -0.001694 0.000396
vn -0.999998 -0.001687 -0.000409
vn -0.994710 -0.092916 -0.043800
vn -0.992052 -0.057485 -0.111934
vn -0.997918 -0.050305 -0.040358
vn 0.994061 -0.107035 -0.019642
vn 0.997793 -0.057704 -0.032857
vn 0.994249 -0.072024 -0.079258
vn -0.993018 -0.117956 0.000845
vn -0.997759 -0.061382 0.026618
vn -0.994351 -0.073762 0.076323
vn -1.000000 0.000000 0.000000
vn -0.984265 0.038891 0.172364
vn -0.985850 0.052811 0.159092
vn 0.984265 0.038891 0.172364
vn 1.000000 0.000000 0.000000
vn 0.985850 0.052814 0.159094
vn 0.987812 -0.140405 -0.067192
vn 0.979859 -0.199673 -0.002714
vn 0.987643 -0.154705 -0.025072
vn 0.987649 -0.154675 0.025008
vn 0.979903 -0.199460 0.002367
vn 0.987810 -0.140408 0.067208
vn 0.000000 0.000000 -1.000000
vn 0.000000 0.000000 -1.000000
vn 0.000000 0.000000 -1.000000
vn 0.000000 0.000000 -1.000000
vn 0.000000 0.000000 -1.000000
vn 0.000000 0.000000 -1.000000
vn 0.000000 0.000000 -1.000000
vn 0.000000 0.000000 -1.000000
vn 0.000000 0.000000 -1.000000
vn 0.000000 0.000000 -1.000000
vn 0.000000 0.000000 -1.000000
vn 0.000000 0.000000 -1.000000
vn 0.000000 0.000000 -1.000000
vn 0.000000 0.000000 -1.000000
vn 0.000000 0.000000 -1.000000
vn 0.000000 0.000000 -1.000000
vn 0.000000 0.000000 -1.000000
vn 0.000000 0.000000 -1.000000
vn 0.000000 0.000000 -1.000000
vn 0.449011 -0.252739 -0.857037
vn 0.368469 -0.578710 -0.727547
vn 0.420862 -0.441388 -0.792497
vn -0.391954 -0.784477 0.480591
vn -0.469924 -0.547939 0.692050
vn -0.435129 -0.674954 0.595903
vn -0.008507 0.991819 -0.127371
vn 0.193758 0.912063 -0.361386
vn 0.096606 0.964238 -0.246804
vn -0.596029 -0.036354 0.802139
vn -0.533979 0.291344 0.793716
vn -0.570953 0.130195 0.810594
vn 0.292724 -0.738282 -0.607661
vn 0.135034 -0.924902 -0.355419
vn 0.204637 -0.843537 -0.496557
vn 0.368470 0.578713 -0.727545
vn 0.486168 0.285601 -0.825877
vn 0.435320 0.437741 -0.786689
vn 0.028671 -0.981991 -0.186741
vn -0.099709 -0.989505 0.104586
vn -0.045328 -0.996582 -0.069066
vn -0.421642 0.738283 0.526456
vn -0.239301 0.914516 0.326184
vn -0.331701 0.838228 0.432837
vn 0.579073 -0.252742 -0.775111
vn 0.533019 -0.441389 -0.721849
vn 0.497066 -0.578711 -0.646544
vn -0.264185 -0.784477 0.561072
vn -0.349543 -0.674955 0.649812
vn -0.421233 -0.547941 0.722719
vn 0.118555 0.991819 -0.047335
vn 0.180880 0.964238 -0.193720
vn 0.242268 0.912063 -0.330829
vn -0.466067 -0.036353 0.884002
vn -0.484521 0.130195 0.865037
vn -0.485268 0.291345 0.824399
vn 0.421652 -0.738281 -0.526452
vn 0.359484 -0.843537 -0.399021
vn 0.262246 -0.924902 -0.275288
vn 0.497064 0.578712 -0.646545
vn 0.521539 0.437741 -0.732379
vn 0.534924 0.285603 -0.795165
vn 0.156048 -0.981990 -0.106509
vn 0.081869 -0.996582 0.011054
vn -0.051268 -0.989505 0.135099
vn -0.292736 0.738286 0.607651
vn -0.247139 0.838228 0.486103
vn -0.190850 0.914515 0.356704
vn -0.958014 -0.207661 0.197702
vn -0.972869 -0.195487 -0.123734
vn -0.905571 -0.422240 -0.040668
vn 0.846108 0.006118 0.532976
vn 0.846108 0.006117 0.532976
vn 0.661937 -0.558031 0.500440
vn -0.441131 -0.135029 -0.887226
vn -0.192810 -0.015372 -0.981116
vn -0.547463 -0.099744 -0.830864
vn -0.821852 -0.194450 -0.535489
vn -0.652538 -0.153445 -0.742057
vn -0.748522 -0.200743 -0.631995
vn 0.855838 -0.024320 0.516671
vn 0.855390 -0.027503 0.517254
vn 0.852234 -0.013892 0.522976
vn 0.411212 -0.838415 0.357721
vn 0.836499 -0.095058 0.539661
vn 0.040172 -0.108624 -0.993271
vn 0.277656 0.063281 -0.958594
vn 0.341708 -0.887443 0.309323
vn 0.057979 -0.269241 -0.961326
vn -0.490919 0.398354 0.774799
vn -0.499501 0.357972 0.788895
vn -0.429436 0.600087 0.674893
vn -0.799429 -0.243751 -0.549089
vn -0.845331 -0.224414 -0.484824
vn -0.810636 -0.135749 -0.569597
vn -0.947908 -0.015094 -0.318186
vn -0.947126 0.078262 -0.311170
vn -0.912206 0.031334 -0.408531
vn -0.713389 0.123986 -0.689713
vn -0.761638 0.227125 -0.606895
vn -0.797664 0.126311 -0.589726
vn -0.737200 -0.133629 -0.662329
vn -0.753522 -0.211914 -0.622332
vn -0.921198 -0.171061 -0.349474
vn -0.941356 -0.079796 -0.327844
vn -0.894271 -0.102165 -0.435707
vn -0.681660 -0.004929 -0.731653
vn -0.713553 -0.095994 -0.693994
vn -0.759789 -0.012200 -0.650056
vn -0.706103 0.083364 -0.703185
vn -0.922826 -0.075599 -0.377725
vn -0.724036 0.140177 -0.675368
vn -0.879760 -0.214896 -0.424077
vn -0.844478 0.149334 -0.514351
vn -0.780082 0.301907 -0.548018
vn -0.884500 0.130432 -0.447937
vn -0.859825 -0.510572 0.004160
vn -0.902999 -0.221742 -0.367998
vn 0.129439 0.955931 -0.263517
vn 0.157245 0.947279 -0.279170
vn 0.245942 0.875064 -0.416864
vn 0.846112 0.006106 0.532970
vn 0.846109 0.006114 0.532975
vn 0.846107 0.006122 0.532978
vn 0.237505 -0.199019 0.950780
vn 0.432073 -0.412570 0.801934
vn 0.533705 -0.184595 0.825278
vn -0.846108 -0.006117 -0.532976
vn -0.731399 -0.568104 -0.377244
vn -0.846108 -0.006118 -0.532976
vn 0.992076 -0.124668 0.015575
vn 0.986791 -0.088651 0.135587
vn 0.968293 -0.006978 -0.249721
vn 0.839850 -0.182434 0.511243
vn 0.895291 -0.188857 0.403468
vn 0.952622 -0.141839 0.269058
vn -0.835289 -0.036546 -0.548594
vn -0.839522 -0.026138 -0.542696
vn -0.835588 -0.039729 -0.547919
vn -0.569071 -0.747499 -0.342642
vn -0.491520 -0.844937 -0.210923
vn 0.744018 0.066652 -0.664827
vn 0.879620 -0.102556 -0.464489
vn -0.170849 -0.981960 -0.081030
vn 0.844783 -0.263555 -0.465705
vn -0.490919 0.398342 0.774805
vn -0.429439 0.600078 0.674898
vn -0.499503 0.357959 0.788899
vn 0.842945 -0.231875 0.485467
vn 0.865162 -0.123633 0.486013
vn 0.804605 -0.212483 0.554492
vn 0.696435 -0.003202 0.717613
vn 0.762023 0.043438 0.646091
vn 0.688804 0.090088 0.719328
vn 0.928816 0.135858 0.344737
vn 0.875003 0.138405 0.463911
vn 0.873889 0.238948 0.423347
vn 0.917066 -0.121668 0.379718
vn 0.888851 -0.200034 0.412226
vn 0.714739 -0.159232 0.681024
vn 0.780172 -0.090058 0.619048
vn 0.702988 -0.067905 0.707953
vn 0.954276 0.006900 0.298849
vn 0.914494 -0.000096 0.404600
vn 0.935025 -0.084077 0.344471
vn 0.938240 0.095255 0.332614
vn 0.739932 -0.063579 0.669671
vn 0.920308 0.152066 0.360428
vn 0.764584 -0.203007 0.611718
vn 0.826999 0.161415 0.538533
vn 0.784575 0.142500 0.603437
vn 0.827980 0.313512 0.464930
vn 0.372802 -0.501661 0.780612
vn 0.724111 -0.209978 0.656942
vn 0.171910 0.956237 -0.236767
vn 0.260732 0.875165 -0.407561
vn 0.174114 0.947386 -0.268595
vn -0.846101 -0.006137 -0.532987
vn -0.846109 -0.006112 -0.532975
vn -0.846108 -0.006118 -0.532977
vn -0.518342 -0.204485 0.830366
vn -0.761056 -0.193955 0.619012
vn -0.653998 -0.420422 0.628913
vn 0.969830 0.007012 -0.243680
vn 0.969830 0.007012 -0.243680
vn 0.820348 -0.556884 -0.130036
vn -0.945949 -0.138681 -0.293170
vn -0.842573 -0.020071 -0.538209
vn -0.978723 -0.102864 -0.177539
vn -0.954472 -0.195406 0.225390
vn -0.986971 -0.155862 -0.039937
vn -0.973585 -0.202368 0.105737
vn 0.964830 -0.023531 -0.261819
vn 0.964949 -0.026712 -0.261075
vn 0.966871 -0.013091 -0.254928
vn 0.544584 -0.837452 -0.045859
vn 0.968252 -0.094107 -0.231585
vn -0.690217 -0.113906 -0.714581
vn -0.501480 0.057647 -0.863246
vn 0.461685 -0.886577 -0.028776
vn -0.654460 -0.274396 -0.704548
vn 0.220208 0.403483 0.888094
vn 0.224559 0.363202 0.904244
vn 0.189974 0.604556 0.773577
vn -0.948706 -0.244827 0.200040
vn -0.933989 -0.225052 0.277519
vn -0.971518 -0.136913 0.193413
vn -0.884818 -0.014633 0.465707
vn -0.879414 0.078751 0.469498
vn -0.925589 0.031239 0.377239
vn -0.991776 0.121974 0.038766
vn -0.965452 0.225651 0.130324
vn -0.977697 0.125012 0.168760
vn -0.987847 -0.135441 0.076247
vn -0.970027 -0.213476 0.116087
vn -0.888645 -0.170827 0.425591
vn -0.887133 -0.079404 0.454632
vn -0.932552 -0.102442 0.346196
vn -0.999896 -0.007229 -0.012470
vn -0.994492 -0.098030 0.037080
vn -0.994848 -0.013900 0.100424
vn -0.996394 0.081267 0.024403
vn -0.910410 -0.075511 0.406757
vn -0.988794 0.138263 0.056292
vn -0.913868 -0.215140 0.344326
vn -0.955586 0.148523 0.254552
vn -0.935793 0.300756 0.183946
vn -0.935166 0.130065 0.329466
vn -0.589788 -0.508620 0.627261
vn -0.889360 -0.221636 0.399895
vn -0.103300 0.954246 -0.280612
vn -0.095383 0.945441 -0.311516
vn -0.133509 0.872315 -0.470363
vn 0.969828 0.006992 -0.243688
vn 0.969831 0.007020 -0.243675
vn 0.969830 0.007006 -0.243680
vn 0.851992 -0.194576 0.486055
vn 0.879242 -0.409338 0.243671
vn 0.965816 -0.181470 0.185114
vn -0.969830 -0.007012 0.243680
vn -0.776733 -0.568429 0.271247
vn -0.969830 -0.007013 0.243680
vn 0.696832 -0.126799 -0.705937
vn 0.779878 -0.090146 -0.619406
vn 0.488311 -0.010448 -0.872607
vn 0.950214 -0.181638 -0.253183
vn 0.910595 -0.188748 -0.367682
vn 0.852904 -0.142561 -0.502226
vn -0.973582 -0.037546 0.225228
vn -0.972264 -0.027090 0.232314
vn -0.973292 -0.040725 0.225929
vn -0.639179 -0.748006 0.178710
vn -0.490148 -0.844929 0.214128
vn 0.033073 0.061511 -0.997558
vn 0.271979 -0.106950 -0.956341
vn -0.174411 -0.981986 0.072699
vn 0.247396 -0.267875 -0.931149
vn 0.220229 0.403487 0.888087
vn 0.190005 0.604563 0.773564
vn 0.224579 0.363200 0.904240
vn 0.933824 -0.231219 -0.272966
vn 0.949325 -0.123022 -0.289218
vn 0.957209 -0.211378 -0.197663
vn 0.999969 -0.001009 -0.007869
vn 0.993455 0.045110 -0.104943
vn 0.995729 0.092305 -0.001655
vn 0.890561 0.135582 -0.434187
vn 0.939555 0.138872 -0.312972
vn 0.909229 0.239203 -0.340711
vn 0.908313 -0.121735 -0.400185
vn 0.912503 -0.199865 -0.356920
vn 0.986505 -0.157266 -0.045564
vn 0.986736 -0.088564 -0.136046
vn 0.997655 -0.065776 -0.018944
vn 0.875255 0.006332 -0.483621
vn 0.924257 -0.000023 -0.381771
vn 0.895148 -0.084364 -0.437713
vn 0.888394 0.094895 -0.449168
vn 0.995484 -0.061730 -0.072122
vn 0.895993 0.151889 -0.417285
vn 0.970922 -0.201510 -0.129247
vn 0.960302 0.162377 -0.226836
vn 0.977969 0.143896 -0.151230
vn 0.907422 0.314077 -0.279178
vn 0.823082 -0.498405 0.272265
vn 0.975679 -0.208159 -0.068710
vn -0.054603 0.954600 -0.292843
vn -0.116550 0.872441 -0.474618
vn -0.076057 0.945587 -0.316355
vn -0.969829 -0.007008 0.243684
vn -0.969831 -0.007016 0.243679
vn -0.969830 -0.007010 0.243681
vn -0.309566 -0.252738 -0.916675
vn -0.271565 -0.578711 -0.768990
vn -0.282341 -0.441388 -0.851740
vn 0.076771 -0.784477 0.615388
vn 0.175816 -0.547942 0.817832
vn 0.130328 -0.674954 0.726258
vn -0.097978 0.991819 -0.081830
vn -0.127479 0.912062 -0.389734
vn -0.111733 0.964238 -0.240336
vn 0.168314 -0.036351 0.985063
vn 0.205084 0.291343 0.934377
vn 0.191748 0.130196 0.972770
vn -0.237195 -0.738283 -0.631408
vn -0.163727 -0.924901 -0.343150
vn -0.217704 -0.843537 -0.490969
vn -0.271566 0.578716 -0.768986
vn -0.261368 0.285599 -0.922020
vn -0.268155 0.437741 -0.858182
vn -0.115228 -0.981990 -0.149724
vn 0.006751 -0.989505 0.144342
vn -0.081252 -0.996582 -0.014932
vn 0.089435 0.738285 0.668533
vn 0.070566 0.914515 0.398350
vn 0.083861 0.838228 0.538834
vn -0.160486 -0.252738 -0.954132
vn -0.153783 -0.441388 -0.884040
vn -0.124165 -0.578711 -0.806025
vn 0.223223 -0.784481 0.578586
vn 0.228434 -0.674956 0.701607
vn 0.231632 -0.547943 0.803807
vn 0.047663 0.991819 -0.118424
vn -0.015135 0.964238 -0.264605
vn -0.071874 0.912063 -0.403702
vn 0.317287 -0.036352 0.947633
vn 0.290821 0.130197 0.947878
vn 0.260919 0.291343 0.920348
vn -0.089419 -0.738283 -0.668538
vn -0.040216 -0.843537 -0.535563
vn -0.017913 -0.924901 -0.379785
vn -0.124164 0.578713 -0.806024
vn -0.169328 0.437740 -0.883013
vn -0.205483 0.285600 -0.936061
vn 0.030774 -0.981990 -0.186408
vn 0.064545 -0.996582 -0.051563
vn 0.062277 -0.989505 0.130392
vn 0.237181 0.738285 0.631412
vn 0.180786 0.838228 0.514481
vn 0.126100 0.914515 0.384396
vn 0.789469 -0.195027 -0.581981
vn 0.937629 -0.181674 -0.296390
vn 0.844824 -0.409588 -0.344253
vn -0.991638 -0.007170 -0.128849
vn -0.991638 -0.007170 -0.128849
vn -0.803048 -0.568620 -0.178284
vn 0.774448 -0.126237 0.619915
vn 0.586793 -0.009736 0.809679
vn 0.846829 -0.089662 0.524253
vn 0.973274 -0.181470 0.140734
vn 0.905685 -0.142179 0.399398
vn 0.947287 -0.188482 0.259080
vn -0.993210 -0.037688 -0.110060
vn -0.993004 -0.040866 -0.110785
vn -0.992728 -0.027245 -0.117254
vn -0.511739 -0.845087 -0.154761
vn -0.984325 -0.108224 -0.139255
vn 0.381713 -0.106156 0.918165
vn 0.149240 0.062350 0.986833
vn -0.427673 -0.893005 -0.140133
vn 0.354367 -0.267101 0.896148
vn 0.115058 0.402738 -0.908055
vn 0.117496 0.362424 -0.924577
vn 0.098378 0.603907 -0.790961
vn 0.959307 -0.231035 0.162337
vn 0.973744 -0.211260 0.084805
vn 0.976593 -0.122828 0.176580
vn 0.994057 -0.001051 -0.108858
vn 0.989116 0.092261 -0.114616
vn 0.998911 0.045151 -0.011730
vn 0.935132 0.135905 0.327196
vn 0.942761 0.239447 0.232091
vn 0.969648 0.139090 0.201088
vn 0.948809 -0.121441 0.291571
vn 0.947926 -0.199608 0.248178
vn 0.985090 -0.157278 -0.069723
vn 0.993054 -0.065810 -0.097538
vn 0.995874 -0.088499 0.020059
vn 0.925705 0.006693 0.378187
vn 0.940111 -0.084041 0.330347
vn 0.962489 0.000252 0.271320
vn 0.934731 0.095228 0.342359
vn 0.997102 -0.061717 -0.044473
vn 0.938555 0.152197 0.309759
vn 0.979380 -0.201453 0.015247
vn 0.980201 0.162523 0.113100
vn 0.933784 0.314266 0.171128
vn 0.988928 0.143975 0.035964
vn 0.785715 -0.498677 -0.366023
vn 0.977041 -0.208153 -0.045432
vn -0.020085 0.954848 0.296414
vn -0.038671 0.945846 0.322304
vn -0.060415 0.872842 0.484249
vn -0.991637 -0.007156 -0.128856
vn -0.991638 -0.007172 -0.128848
vn -0.991638 -0.007168 -0.128850
vn -0.611680 -0.205159 -0.764040
vn -0.722891 -0.420922 -0.547954
vn -0.828075 -0.194440 -0.525819
vn 0.991638 0.007170 0.128849
vn 0.829941 -0.556820 0.033898
vn 0.991638 0.007170 0.128849
vn -0.905273 -0.138387 0.401659
vn -0.951317 -0.102666 0.290611
vn -0.774017 -0.019575 0.632862
vn -0.974241 -0.195551 -0.112315
vn -0.979262 -0.202410 0.008755
vn -0.975562 -0.155780 0.154956
vn 0.988790 -0.023359 0.147473
vn 0.990014 -0.012911 0.140375
vn 0.988821 -0.026539 0.146724
vn 0.670565 -0.738537 0.070040
vn 0.546256 -0.837440 -0.017291
vn -0.397336 0.058398 0.915813
vn -0.602121 -0.113270 0.790329
vn 0.202608 -0.979259 -0.001094
vn -0.567772 -0.273769 0.776328
vn 0.115082 0.402731 -0.908055
vn 0.098412 0.603904 -0.790959
vn 0.117516 0.362419 -0.924577
vn -0.965554 -0.244951 -0.087772
vn -0.987443 -0.137027 -0.078618
vn -0.959979 -0.225241 -0.166454
vn -0.933114 -0.014983 -0.359268
vn -0.963285 0.030965 -0.266689
vn -0.928194 0.078397 -0.363743
vn -0.989531 0.121988 0.077115
vn -0.990717 0.124916 -0.053633
vn -0.974075 0.225590 -0.016973
vn -0.989989 -0.135458 0.039653
vn -0.976936 -0.213524 -0.001929
vn -0.932226 -0.171140 -0.318850
vn -0.966572 -0.102687 -0.234933
vn -0.934117 -0.079742 -0.347946
vn -0.991611 -0.007169 0.129058
vn -0.999769 -0.013935 0.016353
vn -0.992021 -0.098011 0.079295
vn -0.992439 0.081295 0.091952
vn -0.951649 -0.075808 -0.297685
vn -0.988615 0.138265 0.059351
vn -0.947792 -0.215386 -0.235160
vn -0.978766 0.148360 -0.141440
vn -0.967227 0.129833 -0.218209
vn -0.950878 0.300652 -0.073756
vn -0.658922 -0.509120 -0.553732
vn -0.929928 -0.221941 -0.293216
vn -0.069892 0.954487 0.289949
vn -0.077752 0.872718 0.481994
vn -0.058425 0.945709 0.319721
vn 0.991638 0.007169 0.128848
vn 0.991638 0.007163 0.128852
vn 0.991638 0.007169 0.128850
vn -0.048058 -0.252742 0.966340
vn -0.029268 -0.578710 0.815008
vn -0.049580 -0.441389 0.895945
vn 0.154186 -0.784477 -0.600685
vn 0.136254 -0.547941 -0.825346
vn 0.145004 -0.674956 -0.723470
vn 0.061156 0.991819 0.112053
vn -0.024278 0.912062 0.409332
vn 0.015843 0.964238 0.264564
vn 0.204543 -0.036355 -0.978182
vn 0.151751 0.291344 -0.944505
vn 0.178233 0.130195 -0.975337
vn -0.010804 -0.738282 0.674405
vn 0.026523 -0.924902 0.379280
vn 0.022548 -0.843537 0.536598
vn -0.029269 0.578713 0.815006
vn -0.094857 0.285602 0.953642
vn -0.065140 0.437741 0.896739
vn 0.052314 -0.981990 0.181544
vn 0.046637 -0.989505 -0.136768
vn 0.070120 -0.996582 0.043680
vn 0.161889 0.738283 -0.654775
vn 0.080387 0.914516 -0.396483
vn 0.119522 0.838227 -0.532061
vn -0.200495 -0.252738 0.946533
vn -0.181031 -0.441388 0.878865
vn -0.179984 -0.578710 0.795425
vn 0.004440 -0.784477 -0.620142
vn 0.044696 -0.674954 -0.736504
vn 0.079189 -0.547940 -0.832761
vn -0.087760 0.991819 0.092704
vn -0.082925 0.964238 0.251733
vn -0.081131 0.912062 0.401946
vn 0.052226 -0.036353 -0.997973
vn 0.076935 0.130197 -0.988499
vn 0.094658 0.291345 -0.951923
vn -0.161899 -0.738283 0.654772
vn -0.158929 -0.843537 0.513018
vn -0.122568 -0.924901 0.359909
vn -0.179984 0.578715 0.795421
vn -0.166191 0.437742 0.883608
vn -0.152002 0.285600 0.946218
vn -0.096969 -0.981991 0.162146
vn -0.078954 -0.996582 0.024310
vn -0.010137 -0.989505 -0.144144
vn 0.010813 0.738283 -0.674404
vn 0.020414 0.838227 -0.544938
vn 0.023603 0.914516 -0.403861
vn 0.281973 -0.198695 -0.938622
vn 0.571938 -0.184318 -0.799321
vn 0.469320 -0.412304 -0.780861
vn -0.870244 -0.006292 0.492580
vn -0.870244 -0.006291 0.492580
vn -0.748333 -0.568225 0.342226
vn 0.991711 -0.124672 0.031071
vn 0.955473 -0.007070 0.294995
vn 0.992078 -0.088615 -0.089044
vn 0.862972 -0.182269 -0.471229
vn 0.964226 -0.141757 -0.223992
vn 0.913282 -0.188727 -0.360967
vn -0.860172 -0.036726 0.508680
vn -0.860439 -0.039909 0.507989
vn -0.864122 -0.026319 0.502594
vn -0.500884 -0.845011 0.187276
vn -0.870500 -0.107402 0.480306
vn 0.856797 -0.102722 0.505320
vn 0.711921 0.066419 0.699111
vn -0.424813 -0.892987 0.148689
vn 0.821940 -0.263723 0.504841
vn -0.453947 0.398621 -0.796889
vn -0.461863 0.358238 -0.811387
vn -0.397250 0.600316 -0.694128
vn 0.864850 -0.231718 -0.445355
vn 0.829800 -0.212301 -0.516101
vn 0.887069 -0.123474 -0.444819
vn 0.729422 -0.002961 -0.684057
vn 0.721879 0.090329 -0.686098
vn 0.791573 0.043652 -0.609514
vn 0.944003 0.135970 -0.300617
vn 0.892834 0.239088 -0.381686
vn 0.895857 0.138556 -0.422187
vn 0.933915 -0.121547 -0.336197
vn 0.907261 -0.199902 -0.370022
vn 0.745988 -0.159007 -0.646699
vn 0.735516 -0.067671 -0.674119
vn 0.808431 -0.089855 -0.581691
vn 0.967277 0.006995 -0.253626
vn 0.950195 -0.083968 -0.300132
vn 0.932515 0.000035 -0.361132
vn 0.952848 0.095362 -0.288076
vn 0.770616 -0.063356 -0.634143
vn 0.936245 0.152181 -0.316681
vn 0.792517 -0.202803 -0.575141
vn 0.851415 0.161594 -0.498979
vn 0.848932 0.313659 -0.425362
vn 0.812091 0.142697 -0.565814
vn 0.409115 -0.501400 -0.762380
vn 0.754217 -0.209759 -0.622220
vn 0.160570 0.956156 0.244914
vn 0.161273 0.947299 0.276795
vn 0.241265 0.875026 0.419668
vn -0.870245 -0.006292 0.492578
vn -0.870246 -0.006287 0.492578
vn -0.870244 -0.006298 0.492581
vn -0.947650 -0.207589 -0.242624
vn -0.906478 -0.422247 -0.002122
vn -0.977611 -0.195522 0.077767
vn 0.870244 0.006291 -0.492580
vn 0.684748 -0.557873 -0.468933
vn 0.870244 0.006291 -0.492580
vn -0.482381 -0.135328 0.865445
vn -0.585943 -0.100022 0.804156
vn -0.238749 -0.015705 0.970954
vn -0.846132 -0.194626 0.496166
vn -0.777422 -0.200951 0.596015
vn -0.686724 -0.153692 0.710485
vn 0.879196 -0.024149 -0.475848
vn 0.875901 -0.013751 -0.482294
vn 0.878777 -0.027333 -0.476450
vn 0.579291 -0.739196 -0.343528
vn 0.427590 -0.838299 -0.338263
vn 0.232253 0.062951 0.970616
vn -0.006599 -0.108963 0.994024
vn 0.162757 -0.979548 -0.118306
vn 0.012690 -0.269571 0.962897
vn -0.453935 0.398619 -0.796897
vn -0.397223 0.600314 -0.694145
vn -0.461847 0.358239 -0.811396
vn -0.824373 -0.243928 0.510792
vn -0.836533 -0.135936 0.530786
vn -0.867201 -0.224568 0.444445
vn -0.961827 -0.015190 0.273235
vn -0.930415 0.031203 0.365177
vn -0.960717 0.078164 0.266296
vn -0.745045 0.123759 0.655433
vn -0.824524 0.126119 0.551592
vn -0.789344 0.226929 0.570473
vn -0.767540 -0.133853 0.626870
vn -0.781962 -0.212115 0.586125
vn -0.936616 -0.171175 0.305695
vn -0.913777 -0.102306 0.393122
vn -0.955735 -0.079901 0.283173
vn -0.715325 -0.005171 0.698772
vn -0.789528 -0.012416 0.613588
vn -0.745411 -0.096228 0.659624
vn -0.738403 0.083132 0.669216
vn -0.939573 -0.075721 0.333870
vn -0.755006 0.139955 0.640608
vn -0.898735 -0.215030 0.382147
vn -0.867741 0.149163 0.474105
vn -0.904595 0.130285 0.405875
vn -0.805011 0.301712 0.510811
vn -0.858675 -0.510561 -0.044775
vn -0.919309 -0.221856 0.325040
vn 0.116889 0.955838 0.269649
vn 0.226050 0.874917 0.428277
vn 0.143931 0.947179 0.286593
vn 0.870244 0.006296 -0.492581
vn 0.870245 0.006293 -0.492579
vn 0.870245 0.006290 -0.492579
vn 0.541969 -0.252738 0.801494
vn 0.466095 -0.578712 0.669214
vn 0.498470 -0.441389 0.746125
vn -0.237488 -0.784477 -0.572883
vn -0.386763 -0.547944 -0.741736
vn -0.318581 -0.674954 -0.665540
vn 0.116197 0.991819 0.052861
vn 0.226431 0.912066 0.341856
vn 0.171563 0.964239 0.202013
vn -0.423954 -0.036357 -0.904954
vn -0.445944 0.291345 -0.846316
vn -0.443286 0.130199 -0.886874
vn 0.396405 -0.738283 0.545712
vn 0.249000 -0.924901 0.287328
vn 0.340310 -0.843536 0.415495
vn 0.466093 0.578709 0.669218
vn 0.496923 0.285601 0.819450
vn 0.486506 0.437738 0.756107
vn 0.150847 -0.981992 0.113738
vn -0.044855 -0.989506 -0.137355
vn 0.082295 -0.996582 -0.007185
vn -0.263825 0.738282 -0.620754
vn -0.173859 0.914520 -0.365277
vn -0.223999 0.838230 -0.497187
vn 0.408203 -0.252738 0.877208
vn 0.383118 -0.441387 0.811417
vn 0.333842 -0.578711 0.744072
vn -0.368909 -0.784474 -0.498504
vn -0.406614 -0.674954 -0.615713
vn -0.436846 -0.547947 -0.713386
vn -0.014490 0.991819 0.126829
vn 0.084888 0.964239 0.251071
vn 0.176541 0.912066 0.370094
vn -0.557643 -0.036355 -0.829285
vn -0.532191 0.130201 -0.836553
vn -0.496049 0.291349 -0.817956
vn 0.263827 -0.738285 0.620750
vn 0.181058 -0.843536 0.505633
vn 0.118173 -0.924901 0.361377
vn 0.333842 0.578709 0.744074
vn 0.397833 0.437737 0.806298
vn 0.446779 0.285600 0.847833
vn 0.019867 -0.981992 0.187873
vn -0.048520 -0.996582 0.066857
vn -0.094673 -0.989506 -0.109157
vn -0.396408 0.738282 -0.545711
vn -0.310966 0.838230 -0.447963
vn -0.223681 0.914519 -0.337077
vn 0.000000 0.000000 -1.000000
vn 0.000000 0.000000 -1.000000
vn 0.000000 0.000000 -1.000000
vn 0.000000 0.000000 -1.000000
vn 0.000000 0.000000 -1.000000
vn 0.000000 0.000000 -1.000000
vn 0.000000 0.000000 -1.000000
vn 0.000000 0.000000 -1.000000
vn 0.000000 0.000000 -1.000000
vn 0.000000 0.000000 -1.000000
vn 0.000000 0.000000 -1.000000
vn 0.000000 0.000000 -1.000000
vn 0.000000 0.000000 -1.000000
vn 0.000000 0.000000 -1.000000
vn 0.000000 0.000000 -1.000000
vn 0.000000 0.000000 -1.000000
vn 0.000000 0.000000 -1.000000
vn 0.000000 0.000000 -1.000000
vn 0.000000 0.000000 -1.000000
vn 0.000000 0.000000 -1.000000
vn 0.000000 0.000000 -1.000000
vn 0.000000 0.000000 -1.000000
vn 0.000000 0.000000 -1.000000
vn 0.000000 0.000000 -1.000000
vn 0.000000 0.000000 -1.000000
vn 0.000000 0.000000 -1.000000
vn 0.000000 0.000000 -1.000000
vn 0.000000 0.000000 -1.000000
vn 0.000000 0.000000 -1.000000
vn 0.000000 0.000000 -1.000000
vn 0.000000 0.000000 -1.000000
vn 0.000000 0.000000 -1.000000
vn 0.000000 0.000000 -1.000000
vn 0.000000 0.000000 -1.000000
vn 0.000000 0.000000 -1.000000
vn 0.000000 0.000000 -1.000000
vn 0.000000 0.000000 -1.000000
vn 0.000000 0.000000 -1.000000
vn 0.000000 0.000000 -1.000000
vn 0.000000 0.000000 -1.000000
vn 0.000000 0.000000 -1.000000
vn 0.000000 0.000000 -1.000000
vn 0.000000 0.000000 -1.000000
vn 0.000000 0.000000 -1.000000
vn 0.000000 0.000000 -1.000000
vn 0.000000 0.000000 -1.000000
vn 0.000000 0.000000 -1.000000
vn 0.000000 0.000000 -1.000000
vn 0.000000 0.000000 -1.000000
vn 0.000000 0.000000 -1.000000
vn 0.000000 0.000000 -1.000000
vn 0.000000 0.000000 -1.000000
vn 0.000000 0.000000 -1.000000
vn 0.000000 0.000000 -1.000000
vn 0.000000 0.000000 -1.000000
vn 0.000000 0.000000 -1.000000
vn 0.000000 0.000000 -1.000000
vn -0.000000 0.000000 -1.000000
vn 0.000000 0.000000 -1.000000
vn 0.614790 0.000000 -0.788691
vn 0.614790 0.000000 -0.788691
vn 0.957765 0.000000 -0.287553
vn 0.957765 0.000000 -0.287553
vn 1.000000 -0.000000 0.000539
vn 1.000000 -0.000000 0.000539
vn 0.957761 -0.000000 0.287565
vn 0.957761 -0.000000 0.287565
vn 0.615206 -0.000000 0.788366
vn 0.615206 -0.000000 0.788366
vn 0.000001 -0.000000 1.000000
vn 0.000001 -0.000000 1.000000
vn -0.615205 -0.000000 0.788367
vn -0.615205 -0.000000 0.788367
vn -0.957761 -0.000000 0.287565
vn -0.957761 -0.000000 0.287565
vn -1.000000 -0.000000 0.000538
vn -1.000000 -0.000000 0.000538
vn -0.999629 -0.000000 0.027231
vn -0.999629 -0.000000 0.027231
vn -0.819318 0.000000 -0.573340
vn -0.819318 0.000000 -0.573340
vn -0.614791 0.000000 -0.788690
vn -0.614791 0.000000 -0.788690
vn -0.000000 -0.000000 1.000000
vn 0.614790 -0.000000 0.788691
vn 0.614790 -0.000000 0.788691
vn 0.000000 -0.000000 1.000000
vn 0.957765 -0.000000 0.287553
vn 0.957765 -0.000000 0.287553
vn 1.000000 0.000000 -0.000539
vn 1.000000 0.000000 -0.000539
vn 0.957761 0.000000 -0.287565
vn 0.957761 0.000000 -0.287565
vn 0.615206 0.000000 -0.788367
vn 0.615206 0.000000 -0.788367
vn -0.000000 0.000000 -1.000000
vn 0.000000 0.000000 -1.000000
vn -0.615206 0.000000 -0.788367
vn -0.615206 0.000000 -0.788367
vn -0.957761 0.000000 -0.287564
vn -0.957761 0.000000 -0.287564
vn -1.000000 0.000000 -0.000538
vn -1.000000 -0.000000 -0.000538
vn -0.999629 0.000000 -0.027231
vn -0.999629 0.000000 -0.027231
vn -0.819318 -0.000000 0.573339
vn -0.614791 -0.000000 0.788690
vn -0.614791 -0.000000 0.788690
vn -0.819318 -0.000000 0.573339
vn -0.984317 0.130973 0.118175
vn -0.996063 0.073870 -0.049000
vn -0.996546 -0.008686 -0.082583
vn -0.994938 0.016427 0.099142
vn 0.942058 0.018945 -0.334915
vn 0.933562 -0.149249 -0.325864
vn 0.991032 -0.105213 -0.082377
vn 0.997616 0.015420 -0.067260
vn -0.937084 -0.041481 -0.346632
vn -0.955942 -0.006037 -0.293493
vn -0.782163 -0.111412 -0.613033
vn -0.738304 -0.057858 -0.671981
vn 0.383571 0.054961 0.921875
vn 0.402323 0.227034 0.886900
vn 0.208606 0.262994 0.941975
vn 0.177966 0.064606 0.981914
vn 0.579540 0.000323 -0.814944
vn 0.554356 -0.245032 -0.795392
vn 0.722119 -0.219527 -0.656012
vn 0.744345 0.014154 -0.667645
vn -0.443645 -0.201010 -0.873369
vn -0.385396 -0.052951 -0.921231
vn -0.176660 0.074213 0.981470
vn -0.147272 0.298115 0.943100
vn -0.356175 0.302190 0.884206
vn -0.388664 0.074243 0.918383
vn 0.006159 -0.034181 -0.999397
vn -0.041659 -0.246386 -0.968276
vn -0.698700 0.269986 0.662515
vn -0.732969 0.061875 0.677443
vn -0.908637 0.201518 0.365744
vn -0.931378 0.037233 0.362145
vn 0.969566 -0.240938 -0.043481
vn 0.988918 -0.125315 0.079607
vn 0.995781 -0.071311 0.057747
vn 0.997881 0.006739 0.064716
vn 0.945280 0.012910 0.326004
vn 0.941847 0.008520 0.335934
vn 0.176912 -0.022782 0.983963
vn 0.151627 -0.247085 0.957057
vn -0.040058 -0.247021 0.968182
vn 0.006857 -0.033185 0.999426
vn -0.966533 0.248690 0.062980
vn -0.987374 0.149423 -0.052581
vn 0.745450 0.125773 0.654589
vn 0.733197 0.030579 0.679328
vn 0.785928 0.340505 0.516114
vn 0.454611 0.564690 0.688806
vn -0.972819 -0.037267 -0.228550
vn 0.957194 -0.289448 -0.000702
vn 0.989252 -0.119613 0.084098
vn -0.647359 0.581007 0.493312
vn -0.876883 0.405741 0.257782
vn -0.824639 -0.325483 -0.462636
vn 0.250399 0.631120 0.734158
vn 0.500268 -0.680045 -0.535977
vn 0.683866 -0.589701 -0.429628
vn -0.495483 -0.597138 -0.630811
vn -0.103604 0.696972 0.709575
vn -0.300519 0.680720 0.668063
vn 0.899241 -0.386508 -0.204882
vn -0.083321 -0.736910 -0.670837
vn 0.957868 0.077708 0.276495
vn 0.153494 -0.247349 -0.956691
vn 0.178284 -0.024475 -0.983675
vn -0.965177 0.260173 0.027266
vn -0.991099 0.132500 0.012905
vn 0.102736 -0.753930 -0.648872
vn -0.088254 -0.957126 -0.275899
vn 0.072859 -0.948159 -0.309331
vn 0.809855 0.493183 0.317656
vn 0.477909 0.782242 0.399626
vn 0.973648 -0.225642 0.033091
vn 0.996053 0.056911 0.068121
vn 0.970935 0.146119 0.189563
vn -0.984760 -0.171169 -0.030815
vn -0.803175 -0.576023 -0.152012
vn 0.275346 0.862853 0.423874
vn 0.480827 -0.781701 -0.397176
vn 0.631829 -0.724189 -0.276301
vn -0.483902 -0.849209 -0.211384
vn -0.068795 0.922435 0.379975
vn -0.278538 0.892539 0.354671
vn 0.868676 -0.477241 -0.132825
vn -0.624611 0.741041 0.246412
vn 0.883419 -0.467148 -0.036665
vn -0.861894 0.492447 0.120973
vn -0.890017 0.454385 0.037480
vn -0.957195 0.279067 0.076813
vn -0.664237 -0.744659 0.065360
vn -0.264623 -0.960967 -0.080732
vn 0.477821 -0.867868 -0.135986
vn 0.751027 -0.649692 -0.117723
vn -0.996162 -0.002626 0.087491
vn -0.996062 0.071679 0.052187
vn -0.984827 0.125607 -0.119748
vn -0.994524 0.021110 -0.102352
vn 0.908187 0.406387 0.100233
vn -0.998828 -0.022674 0.042763
vn 0.622009 0.773616 0.120929
vn -0.912020 -0.408200 0.039901
vn 0.408638 0.903813 0.127034
vn 0.360845 -0.923889 -0.127358
vn 0.069323 0.991965 0.105826
vn -0.124606 0.987150 0.100038
vn -0.487765 0.870403 0.066960
vn 0.997602 0.011764 -0.068203
vn 0.995229 -0.077455 -0.059326
vn 0.990434 -0.109037 0.084572
vn 0.997003 0.023214 0.073798
vn -0.747626 0.663231 0.034363
vn 0.970753 -0.235221 -0.048054
vn 0.994870 0.061648 -0.080207
vn 0.934241 -0.153478 0.321929
vn 0.944113 0.028648 0.328373
vn -0.740038 -0.050337 0.670679
vn -0.783643 -0.117189 0.610058
vn -0.957106 -0.009138 0.289594
vn -0.937920 -0.029627 0.345583
vn 0.178824 0.065778 -0.981680
vn 0.208938 0.262322 -0.942089
vn 0.402431 0.225931 -0.887133
vn 0.384056 0.056978 -0.921550
vn 0.722204 -0.217000 0.656759
vn 0.557190 -0.241524 0.794484
vn 0.579539 0.000323 0.814945
vn 0.744345 0.014154 0.667646
vn -0.387050 -0.050698 0.920664
vn -0.444195 -0.204757 0.872219
vn -0.389363 0.077206 -0.917843
vn -0.356725 0.300832 -0.884447
vn -0.147972 0.297309 -0.943245
vn -0.177823 0.075937 -0.981128
vn -0.733565 0.067774 -0.676231
vn -0.699539 0.267386 -0.662684
vn -0.931174 0.045405 -0.361736
vn -0.908562 0.196891 -0.368440
vn 0.989327 -0.124240 -0.076132
vn 0.969506 -0.241186 0.043439
vn 0.942006 0.016555 -0.335186
vn 0.944455 0.007680 -0.328550
vn -0.987658 0.147489 0.052713
vn -0.966483 0.249684 -0.059737
vn 0.734075 0.035356 -0.678148
vn 0.745699 0.123166 -0.654800
vn 0.454579 0.564825 -0.688717
vn 0.785961 0.340683 -0.515946
vn -0.973579 -0.037440 0.225259
vn 0.961908 -0.270255 0.041176
vn 0.990232 -0.121265 -0.068814
vn -0.876076 0.407274 -0.258105
vn -0.647481 0.580846 -0.493342
vn -0.824637 -0.323932 0.463726
vn 0.250345 0.631201 -0.734107
vn 0.683573 -0.591486 0.427636
vn 0.502446 -0.681688 0.531836
vn -0.494657 -0.595931 0.632598
vn -0.300520 0.680720 -0.668063
vn -0.103604 0.696972 -0.709574
vn 0.898842 -0.387392 0.204964
vn -0.081939 -0.737169 0.670722
vn 0.957743 0.079893 -0.276305
vn -0.959244 0.282203 -0.014606
vn -0.991759 0.128089 0.002530
vn 0.101399 -0.754638 0.648259
vn 0.072859 -0.948159 0.309331
vn -0.098771 -0.954507 0.281354
vn 0.478414 0.787818 -0.387894
vn 0.810957 0.500374 -0.303274
vn -0.037334 -0.989676 -0.138376
vn 0.971138 0.159113 -0.177690
vn -0.821162 -0.545853 0.166545
vn -0.984340 -0.159589 0.074875
vn 0.284012 0.864454 -0.414798
vn 0.661197 -0.675418 0.326543
vn 0.480826 -0.781702 0.397176
vn -0.466587 -0.847771 0.252154
vn -0.278046 0.897215 -0.343069
vn -0.076588 0.927281 -0.366448
vn 0.881508 -0.432534 0.189361
vn -0.623729 0.746363 -0.232174
vn 0.880673 -0.473713 -0.003405
vn -0.861021 0.499149 -0.097434
vn -0.959424 0.268818 -0.085105
vn -0.882698 0.465634 -0.063474
vn -0.286485 -0.957667 0.028295
vn -0.656514 -0.750984 -0.070793
vn 0.754488 -0.652928 0.066581
vn 0.496349 -0.859906 0.119162
vn 0.907268 0.404509 -0.115055
vn -0.995929 -0.027274 -0.085921
vn 0.621470 0.772019 -0.133275
vn -0.919379 -0.378447 -0.107331
vn 0.415584 0.898720 -0.139968
vn 0.360844 -0.923889 0.127358
vn -0.124746 0.985781 -0.112577
vn 0.060620 0.991471 -0.115373
vn -0.488053 0.868919 -0.082364
vn -0.749295 0.659720 -0.057669
vn -0.037334 -0.989676 0.138376
vn 0.000000 0.948981 -0.315332
vn 0.000000 0.933697 -0.358064
vn 0.000000 0.933697 -0.358064
vn 0.000000 0.948981 -0.315332
vn 0.000000 0.000000 -1.000000
vn 0.000000 0.000000 -1.000000
vn 0.000000 0.000000 -1.000000
vn 0.000000 0.000000 -1.000000
vn 1.000000 0.000000 0.000000
vn 1.000000 0.000000 0.000000
vn 1.000000 0.000000 0.000000
vn 1.000000 0.000000 0.000000
vn 0.000000 0.000000 1.000000
vn 0.000000 0.000000 1.000000
vn 0.000000 0.000000 1.000000
vn 0.000000 0.000000 1.000000
vn 0.000000 -0.994580 -0.103970
vn 0.000000 -0.999995 -0.003066
vn 0.000000 -0.999995 -0.003066
vn 0.000000 -0.994580 -0.103970
vn 0.000000 -0.931657 -0.363339
vn 0.000000 -0.954646 -0.297744
vn 0.000000 -0.954646 -0.297744
vn 0.000000 -0.931657 -0.363339
vn 1.000000 0.000000 0.000000
vn 1.000000 0.000000 0.000000
vn 1.000000 0.000000 0.000000
vn 1.000000 0.000000 0.000000
vn 0.000000 -0.999995 0.003066
vn 0.000000 -0.994580 0.103970
vn 0.000000 -0.994580 0.103970
vn 0.000000 -0.999995 0.003066
vn 0.000000 -0.954646 0.297744
vn 0.000000 -0.931657 0.363339
vn 0.000000 -0.931657 0.363339
vn 0.000000 -0.954646 0.297744
vn 0.000000 -0.950412 0.310992
vn 0.000000 -0.976567 0.215213
vn 0.000000 -0.976567 0.215213
vn 0.000000 -0.950412 0.310992
vn 0.000000 -0.997350 0.072754
vn 0.000000 -0.997350 -0.072754
vn 0.000000 -0.997350 -0.072754
vn 0.000000 -0.997350 0.072754
vn 0.000000 -0.976567 -0.215213
vn 0.000000 -0.950412 -0.310992
vn 0.000000 -0.950412 -0.310992
vn 0.000000 -0.976567 -0.215213
vn -1.000000 0.000000 0.000000
vn -1.000000 0.000000 0.000000
vn -1.000000 0.000000 0.000000
vn -1.000000 0.000000 0.000000
vn -1.000000 0.000000 0.000000
vn -1.000000 0.000000 0.000000
vn -1.000000 0.000000 0.000000
vn -1.000000 0.000000 0.000000
vn -1.000000 0.000000 0.000000
vn -1.000000 0.000000 0.000000
vn -1.000000 0.000000 0.000000
vn -1.000000 0.000000 0.000000
vn -1.000000 0.000000 0.000000
vn -1.000000 0.000000 0.000000
vn -1.000000 0.000000 0.000000
vn -1.000000 0.000000 0.000000
vn -1.000000 0.000000 0.000000
vn -1.000000 0.000000 0.000000
vn -1.000000 0.000000 0.000000
vn -1.000000 0.000000 0.000000
vn -1.000000 0.000000 0.000000
vn -1.000000 0.000000 0.000000
vn -1.000000 0.000000 0.000000
vn -1.000000 0.000000 0.000000
vn 1.000000 0.000000 0.000000
vn 1.000000 0.000000 0.000000
vn 1.000000 0.000000 0.000000
vn 1.000000 0.000000 0.000000
vn 1.000000 0.000000 0.000000
vn 1.000000 0.000000 0.000000
vn 1.000000 0.000000 0.000000
vn 1.000000 0.000000 0.000000
vn 1.000000 0.000000 0.000000
vn 1.000000 0.000000 0.000000
vn 1.000000 0.000000 0.000000
vn 1.000000 0.000000 0.000000
vn 1.000000 0.000000 0.000000
vn 1.000000 0.000000 0.000000
vn 1.000000 0.000000 0.000000
vn 1.000000 0.000000 0.000000
vn 1.000000 0.000000 0.000000
vn 1.000000 0.000000 0.000000
vn 1.000000 0.000000 0.000000
vn 1.000000 0.000000 0.000000
vn 0.000000 0.985801 0.167919
vn 0.000000 0.995829 0.091236
vn 0.000000 0.995829 0.091236
vn 0.000000 0.985801 0.167919
vn 0.000000 0.933697 0.358064
vn 0.000000 0.948981 0.315332
vn 0.000000 0.948981 0.315332
vn 0.000000 0.933697 0.358064
vn 0.000000 0.978366 0.206883
vn 0.000000 0.953265 0.302134
vn 0.000000 0.953265 0.302134
vn 0.000000 0.978366 0.206883
vn 0.000000 0.997559 -0.069825
vn 0.000000 0.997559 0.069825
vn 0.000000 0.997559 0.069825
vn 0.000000 0.997559 -0.069825
vn 0.000000 0.953265 -0.302134
vn 0.000000 0.978366 -0.206883
vn 0.000000 0.978366 -0.206883
vn 0.000000 0.953265 -0.302134
vn -1.000000 0.000000 0.000000
vn -1.000000 0.000000 0.000000
vn -1.000000 0.000000 0.000000
vn -1.000000 0.000000 0.000000
vn 0.000000 0.985801 -0.167919
vn 0.000000 0.985801 -0.167919
vn 0.000000 0.995829 -0.091236
vn 0.000000 0.995829 -0.091236
vn 0.000113 -0.055009 -0.998486
vn 0.000000 0.000000 -1.000000
vn 0.000000 0.000000 -1.000000
vn 0.000126 -0.054703 -0.998503
vn -0.000000 -0.240516 -0.970645
vn -0.000000 -0.173967 -0.984751
vn -0.000000 -0.342629 -0.939471
vn 0.004588 -0.731994 -0.681295
vn 0.999864 0.008325 -0.014215
vn 0.999873 0.008964 -0.013208
vn 0.999889 0.011202 -0.009841
vn 0.999888 0.010972 -0.010161
vn 0.999865 0.016347 -0.001602
vn 0.999849 0.017364 0.000000
vn 0.999849 0.017364 0.000000
vn 0.999858 0.016826 -0.000844
vn 0.000003 -0.987032 -0.160522
vn 0.000003 -0.987032 -0.160525
vn 0.999849 -0.017362 -0.000114
vn 0.999876 -0.015453 -0.003049
vn 0.999867 -0.016188 -0.001904
vn 0.999849 -0.017364 -0.000115
vn 0.000000 -0.987089 -0.160175
vn 0.000000 -0.999978 -0.006599
vn 0.000000 -0.999978 -0.006599
vn 0.000000 -0.987089 -0.160175
vn 0.000000 -0.543726 -0.839263
vn 0.000000 -0.543726 -0.839263
vn 0.000000 -0.744222 -0.667932
vn 0.000000 -0.744222 -0.667932
vn 0.000052 -0.899927 -0.436040
vn 0.000015 -0.899965 -0.435963
vn 0.000092 0.997127 -0.075750
vn 0.000082 0.997110 -0.075970
vn 0.000000 1.000000 0.000000
vn 0.000000 1.000000 0.000000
vn -0.751642 -0.036182 -0.658578
vn -0.756847 0.000000 -0.653592
vn -0.453848 0.000001 -0.891079
vn -0.455673 -0.049779 -0.888754
vn 0.000000 0.000000 -1.000000
vn -0.040235 0.129167 -0.990806
vn -0.002548 0.586428 -0.809998
vn 0.000000 0.739497 -0.673160
vn -0.002689 0.976190 -0.216902
vn 0.000000 1.000000 0.000000
vn 0.000000 1.000000 0.000000
vn 0.000000 0.997150 -0.075445
vn 0.000000 0.997150 -0.075445
vn 0.999764 -0.001516 -0.021679
vn 0.999831 0.000000 -0.018380
vn 0.999822 0.000042 -0.018850
vn 0.999720 -0.000038 -0.023679
vn -0.999630 0.027014 0.003144
vn -0.999656 0.025736 0.005116
vn 0.000000 0.000000 -1.000000
vn -0.237830 -0.000061 -0.971307
vn -0.329149 0.000000 -0.944278
vn 0.000000 0.000000 -1.000000
vn 0.000481 0.331558 -0.943435
vn 0.000398 0.330677 -0.943744
vn 0.000327 0.219795 -0.975546
vn 0.000376 0.220087 -0.975480
vn 0.000147 -0.987039 -0.160479
vn 0.000185 -0.987026 -0.160559
vn 0.000027 -0.999900 -0.014149
vn 0.000000 -0.999901 -0.014081
vn 0.000010 0.973515 -0.228623
vn 0.000061 0.973520 -0.228601
vn 0.000044 0.899981 -0.435930
vn 0.000008 0.899943 -0.436007
vn -0.999699 0.018434 0.016209
vn -0.999697 0.018070 0.016721
vn -0.999638 0.013844 0.023086
vn -0.999656 0.014867 0.021621
vn 0.000000 -0.000007 -1.000000
vn -0.000000 -0.000000 -1.000000
vn -0.000000 -0.000000 1.000000
vn -0.248853 -0.000000 0.968541
vn 0.000474 -0.330543 -0.943791
vn 0.000399 -0.331445 -0.943474
vn 0.000275 -0.165188 -0.986262
vn 0.000306 -0.164806 -0.986326
vn 0.000000 -0.000000 1.000000
vn 0.233460 -0.000152 0.972366
vn 0.000000 -0.000000 1.000000
vn 0.000258 0.973647 0.228060
vn 0.000388 0.900562 0.434727
vn 0.000381 0.900443 0.434973
vn 0.000229 0.973641 0.228084
vn 0.000146 -0.987182 0.159596
vn 0.000000 -0.999924 0.012297
vn 0.000023 -0.999924 0.012356
vn 0.000182 -0.987170 0.159671
vn 0.000364 -0.900554 -0.434744
vn 0.000400 -0.900438 -0.434984
vn -0.999657 -0.014854 0.021592
vn -0.999637 -0.013854 0.023122
vn -0.999696 -0.018081 0.016741
vn -0.999699 -0.018418 0.016199
vn 0.000536 0.744386 -0.667749
vn 0.000487 0.744092 -0.668077
vn 0.000501 0.544504 -0.838758
vn 0.000596 0.545398 -0.838177
vn -0.999603 -0.028156 0.001403
vn -0.999406 -0.029068 0.018508
vn -0.999623 -0.027306 0.002702
vn 0.000248 0.973646 -0.228066
vn 0.000239 0.973640 -0.228090
vn 0.000370 0.900440 -0.434980
vn 0.000400 0.900559 -0.434733
vn 0.000536 -0.744101 -0.668066
vn 0.000487 -0.744399 -0.667735
vn 0.000501 -0.545330 -0.838221
vn 0.000597 -0.544421 -0.838812
vn -0.999115 0.000918 0.042055
vn -0.999060 0.000000 0.043357
vn -0.999060 -0.000000 0.043357
vn -0.999243 0.003266 0.038753
vn -0.999700 -0.021910 0.010906
vn -0.999698 -0.022276 0.010381
vn -0.999660 -0.025495 0.005472
vn -0.999669 -0.024947 0.006294
vn 0.000000 -0.972651 -0.232271
vn -0.000831 -0.993161 -0.116752
vn 0.003653 -0.981868 -0.189531
vn 0.999888 -0.010980 -0.010174
vn 0.999889 -0.011190 -0.009830
vn 0.999872 -0.009049 -0.013189
vn 0.999865 -0.008443 -0.014070
vn -0.000039 -0.743167 -0.669106
vn -0.000002 -0.743109 -0.669170
vn 0.000041 -0.542743 -0.839899
vn 0.000130 -0.542722 -0.839912
vn -0.000000 0.000000 -1.000000
vn 0.000164 -0.054185 -0.998531
vn 0.000157 -0.054399 -0.998519
vn 0.000000 0.000000 -1.000000
vn 0.000259 -0.328885 -0.944370
vn 0.000171 -0.329253 -0.944242
vn 0.000145 -0.163916 -0.986474
vn 0.000154 -0.164086 -0.986446
vn -0.000041 0.743081 -0.669201
vn -0.000005 0.743139 -0.669137
vn 0.000040 0.542804 -0.839860
vn 0.000112 0.542814 -0.839853
vn 0.000138 0.997134 -0.075650
vn 0.000088 0.997118 -0.075862
vn 0.999890 0.013447 -0.006271
vn 0.999890 0.013253 -0.006585
vn 0.999880 0.015021 -0.003767
vn 0.999877 0.015310 -0.003296
vn 0.000217 0.329465 -0.944168
vn 0.000146 0.329164 -0.944273
vn 0.000005 0.219044 -0.975715
vn 0.000006 0.219044 -0.975715
vn 0.999873 0.003440 -0.015529
vn 0.999879 0.003404 -0.015163
vn 0.999861 0.006038 -0.015558
vn 0.999834 0.004786 -0.017609
vn 0.999891 -0.013240 -0.006583
vn 0.999890 -0.013456 -0.006277
vn 0.000000 0.973716 -0.227767
vn 0.000000 0.900518 -0.434818
vn 0.000000 0.900518 -0.434818
vn 0.000000 0.973716 -0.227767
vn 0.999814 -0.005418 -0.018488
vn 0.999838 -0.006630 -0.016743
vn 0.999780 -0.003978 -0.020599
vn 0.999758 -0.002982 -0.021784
vn 0.000000 0.310858 -0.950456
vn 0.000000 0.195527 -0.980698
vn 0.000000 0.195527 -0.980698
vn 0.000000 0.310858 -0.950456
vn 0.000000 -0.157971 -0.987444
vn 0.000000 -0.157971 -0.987444
vn 0.000000 -0.329822 -0.944043
vn 0.000000 -0.329822 -0.944043
vn -0.985851 -0.052799 -0.159094
vn -0.986148 -0.027532 -0.163565
vn -0.752314 -0.108807 -0.649758
vn -0.752510 -0.216673 -0.621917
vn 0.000000 -0.900518 -0.434819
vn 0.000000 -0.900518 -0.434819
vn 0.000000 -0.036644 -0.999328
vn 0.000000 -0.036644 -0.999328
vn 0.000000 0.022396 -0.999749
vn 0.000000 0.022396 -0.999749
vn 0.000000 0.744220 -0.667935
vn 0.000000 0.537302 -0.843390
vn 0.000000 0.537302 -0.843390
vn 0.000000 0.744220 -0.667935
vn -0.043727 -0.138659 -0.989374
vn -0.000002 -0.000004 -1.000000
vn -0.000000 -0.000000 1.000000
vn 0.000000 -0.000000 1.000000
vn -0.000000 -0.000000 1.000000
vn -0.000000 -0.000000 1.000000
vn -0.769069 -0.630909 -0.102399
vn -0.770446 -0.574259 -0.276837
vn -0.502359 -0.778080 -0.377130
vn -0.501063 -0.854262 -0.138461
vn -0.986998 0.117029 0.110182
vn -0.986504 0.089492 0.137116
vn -0.764049 -0.478084 -0.433203
vn -0.757580 -0.356156 -0.547016
vn -0.477469 -0.478869 -0.736687
vn -0.492415 -0.653972 -0.574324
vn -1.000000 0.000000 0.000000
vn -0.986832 0.000000 -0.161749
vn -0.986067 -0.008659 -0.166120
vn -0.785459 0.618913 0.000001
vn -0.778098 0.626338 -0.047590
vn -0.988744 0.149209 -0.011062
vn -0.989626 0.143670 0.000000
vn -0.986504 0.089491 -0.137119
vn -0.986999 0.117016 -0.110187
vn -0.764071 0.478013 -0.433243
vn -0.757564 0.356156 -0.547037
vn -0.752488 0.216794 -0.621902
vn -0.748497 0.145950 -0.646878
vn -0.468627 0.298911 -0.831289
vn -0.456098 0.195862 -0.868109
vn -0.000416 -0.330580 -0.943778
vn -0.000292 -0.164797 -0.986327
vn -0.000289 -0.165179 -0.986264
vn -0.000458 -0.331482 -0.943461
vn -0.456874 -0.146796 -0.877335
vn -0.468518 -0.298730 -0.831415
vn -0.989445 -0.144894 -0.001970
vn -0.987643 -0.154705 -0.025072
vn -0.783798 -0.620955 -0.008671
vn -0.500677 -0.865548 -0.012189
vn -0.770471 0.574268 -0.276749
vn -0.776822 0.612960 -0.144315
vn -0.501074 0.843113 -0.195157
vn -0.502265 0.778180 -0.377049
vn -0.500708 0.865616 0.000001
vn -0.502753 0.861883 -0.066306
vn -0.999698 0.022262 0.010376
vn -0.999700 0.021924 0.010910
vn -0.999436 -0.007372 0.032747
vn -0.999436 -0.007379 0.032756
vn -0.999497 -0.008917 0.030438
vn -0.999563 -0.010918 0.027475
vn 0.000000 0.173964 -0.984752
vn 0.000000 0.225800 -0.974174
vn -0.694047 0.295858 -0.656328
vn -0.981849 0.095300 -0.163982
vn -0.902547 0.393761 -0.174245
vn -0.438848 0.571074 -0.693749
vn -0.589446 0.782760 -0.199601
vn -0.228590 0.610872 -0.758012
vn -0.343066 0.916779 -0.204506
vn -0.919579 -0.339615 0.197577
vn -0.735071 -0.240852 0.633767
vn -0.841402 -0.001382 0.540408
vn -0.964493 -0.002462 0.264095
vn -0.442960 -0.580151 -0.683528
vn -0.735049 -0.240882 -0.633781
vn -0.583893 -0.782211 -0.217293
vn -0.917957 -0.342863 -0.199499
vn -0.254994 -0.676624 -0.690767
vn -0.369177 -0.916969 -0.151251
vn -0.000127 -0.055019 -0.998485
vn -0.000112 -0.054713 -0.998502
vn 0.000000 0.000000 -1.000000
vn 0.000000 0.000000 -1.000000
vn -0.999867 0.008381 -0.014012
vn -0.999888 0.010983 -0.010157
vn -0.999889 0.011201 -0.009828
vn -0.999872 0.009048 -0.013207
vn -0.999890 0.013447 -0.006282
vn -0.999877 0.015316 -0.003292
vn -0.999880 0.015020 -0.003764
vn -0.999891 0.013241 -0.006590
vn -0.000003 -0.987032 -0.160522
vn -0.000003 -0.987032 -0.160525
vn -0.999849 -0.017362 -0.000114
vn -0.999849 -0.017364 -0.000115
vn -0.999867 -0.016188 -0.001904
vn -0.999876 -0.015453 -0.003049
vn -0.000052 -0.899982 -0.435927
vn -0.000014 -0.899945 -0.436003
vn -0.000082 0.997126 -0.075757
vn 0.000000 1.000000 0.000000
vn 0.000000 1.000000 0.000000
vn -0.000092 0.997110 -0.075977
vn -0.987811 0.140407 -0.067193
vn -0.988602 0.146389 -0.035177
vn 0.764066 -0.478015 -0.433249
vn 0.492306 -0.653933 -0.574462
vn 0.477548 -0.478757 -0.736709
vn 0.757552 -0.356115 -0.547080
vn 0.064454 0.165394 -0.984119
vn 0.146972 0.164149 -0.975425
vn 0.227492 0.087811 -0.969813
vn -0.000258 0.973647 -0.228060
vn -0.000388 0.900562 -0.434727
vn -0.000381 0.900443 -0.434973
vn -0.000229 0.973641 -0.228084
vn -0.999814 -0.005414 -0.018488
vn -0.999751 -0.002814 -0.022122
vn -0.999780 -0.003915 -0.020586
vn -0.999838 -0.006626 -0.016758
vn 0.254235 -0.000330 0.967142
vn 0.000000 -0.000000 1.000000
vn 0.999656 0.025736 0.005116
vn 0.999630 0.027014 0.003144
vn -0.000010 0.973515 0.228623
vn -0.000061 0.973520 0.228601
vn -0.000044 0.899981 0.435930
vn -0.000008 0.899943 0.436007
vn -0.000147 -0.987039 -0.160479
vn 0.000000 -0.999901 -0.014081
vn -0.000027 -0.999900 -0.014149
vn -0.000185 -0.987026 -0.160559
vn 0.999699 0.018431 0.016197
vn 0.999656 0.014852 0.021620
vn 0.999637 0.013839 0.023129
vn 0.999697 0.018080 0.016719
vn 0.000000 -0.223250 -0.974761
vn 0.000000 -0.173967 -0.984751
vn 0.000000 -0.000000 -1.000000
vn 0.000000 -0.000007 -1.000000
vn 0.999700 0.021913 0.010913
vn 0.999698 0.022263 0.010386
vn -0.000327 0.220054 -0.975488
vn -0.000375 0.219762 -0.975553
vn -0.000479 0.330657 -0.943751
vn -0.000399 0.331537 -0.943442
vn 0.999700 -0.021922 0.010903
vn 0.999669 -0.024947 0.006294
vn 0.999660 -0.025495 0.005472
vn 0.999698 -0.022274 0.010371
vn 0.999656 -0.014869 0.021592
vn 0.999699 -0.018420 0.016211
vn 0.999697 -0.018071 0.016744
vn 0.999638 -0.013859 0.023081
vn -0.000524 0.744381 -0.667755
vn -0.000539 0.545431 -0.838156
vn -0.000558 0.544536 -0.838737
vn -0.000498 0.744087 -0.668083
vn 0.999603 -0.028156 0.001403
vn 0.999623 -0.027307 0.002702
vn 0.999303 -0.032532 0.018290
vn -0.000388 -0.900435 -0.434991
vn -0.000376 -0.900551 -0.434751
vn -0.000524 -0.744107 -0.668061
vn -0.000538 -0.544388 -0.838833
vn -0.000560 -0.545297 -0.838243
vn -0.000498 -0.744404 -0.667729
vn 0.999115 0.000923 0.042056
vn 0.999245 0.003280 0.038710
vn 0.999060 -0.000000 0.043357
vn 0.999060 0.000000 0.043357
vn -0.000061 0.973528 -0.228569
vn -0.000044 0.899926 -0.436042
vn -0.000008 0.899964 -0.435965
vn -0.000010 0.973533 -0.228547
vn -0.999888 -0.010970 -0.010178
vn -0.999866 -0.008446 -0.014057
vn -0.999872 -0.009054 -0.013189
vn -0.999889 -0.011191 -0.009843
vn 0.000001 -0.743140 -0.669136
vn -0.000042 -0.542642 -0.839964
vn -0.000130 -0.542662 -0.839951
vn 0.000039 -0.743082 -0.669200
vn -0.999771 -0.001678 -0.021329
vn -0.999720 -0.000088 -0.023678
vn -0.999823 0.000043 -0.018810
vn -0.999832 0.000000 -0.018337
vn -0.000172 -0.328975 -0.944339
vn -0.000146 -0.164077 -0.986448
vn -0.000153 -0.163907 -0.986476
vn -0.000260 -0.329344 -0.944210
vn 0.000004 0.743107 -0.669172
vn -0.000041 0.542878 -0.839811
vn -0.000111 0.542868 -0.839818
vn 0.000041 0.743165 -0.669108
vn -0.999865 0.016340 -0.001606
vn -0.999858 0.016827 -0.000847
vn -0.999849 0.017364 0.000000
vn -0.999849 0.017364 0.000000
vn -0.000139 0.997114 -0.075917
vn -0.000088 0.997130 -0.075706
vn -0.000146 0.329392 -0.944193
vn -0.000006 0.219044 -0.975715
vn -0.000005 0.219044 -0.975715
vn -0.000216 0.329091 -0.944298
vn -0.999874 0.003433 -0.015496
vn -0.999834 0.004715 -0.017602
vn -0.999858 0.005973 -0.015771
vn -0.999880 0.003396 -0.015127
vn -0.999890 -0.013455 -0.006266
vn -0.999891 -0.013252 -0.006578
vn 0.000000 0.000000 -1.000000
vn 0.000000 0.000000 -1.000000
vn -0.000165 -0.054408 -0.998519
vn -0.000156 -0.054194 -0.998530
vn 0.999563 0.010920 0.027483
vn 0.999404 0.006589 0.033875
vn 0.999329 0.004929 0.036304
vn 0.999497 0.008925 0.030415
vn -0.238443 -0.000368 0.971156
vn -0.000000 -0.000000 1.000000
vn 0.000000 0.000000 1.000000
vn -0.362153 0.000000 0.932119
vn 0.999060 -0.000000 0.043357
vn 0.999060 -0.000000 0.043357
vn 0.999060 -0.000000 0.043357
vn 0.999060 -0.000000 0.043357
vn 0.769069 -0.630910 -0.102400
vn 0.501061 -0.854263 -0.138461
vn 0.502266 -0.778180 -0.377046
vn 0.770471 -0.574270 -0.276748
vn 0.986998 0.117029 -0.110182
vn 0.987810 0.140410 -0.067209
vn 0.988601 0.146392 -0.035174
vn 1.000000 0.000000 0.000000
vn 0.991246 -0.000000 -0.132031
vn 0.985723 0.000000 -0.168377
vn 1.000000 0.000000 0.000000
vn 0.986068 -0.008660 -0.166120
vn 0.751636 -0.036200 -0.658584
vn 0.756847 0.000000 -0.653592
vn 0.978055 -0.000001 -0.208347
vn 0.986998 -0.117016 -0.110187
vn 0.986502 -0.089483 -0.137134
vn 0.785459 0.618914 0.000001
vn 0.989626 0.143670 0.000000
vn 0.988743 0.149212 -0.011067
vn 0.778077 0.626359 -0.047647
vn 0.986504 0.089493 -0.137115
vn 0.757589 0.356195 -0.546977
vn 0.764052 0.478084 -0.433197
vn 0.748495 0.145955 -0.646879
vn 0.752508 0.216726 -0.621902
vn 0.748496 0.145952 0.646879
vn 0.752488 0.216790 0.621903
vn 0.468623 0.298904 0.831293
vn 0.456093 0.195863 0.868111
vn 0.455691 -0.049807 -0.888743
vn 0.453847 0.000001 -0.891080
vn 0.752488 -0.216744 -0.621920
vn 0.468609 -0.298822 -0.831331
vn 0.456892 -0.146768 -0.877331
vn 0.752307 -0.108791 -0.649768
vn 0.783797 -0.620956 -0.008671
vn 0.500676 -0.865549 -0.012189
vn 0.770445 0.574259 -0.276841
vn 0.502355 0.778080 -0.377135
vn 0.501141 0.843095 -0.195059
vn 0.776803 0.612995 -0.144267
vn 0.500706 0.865617 0.000001
vn 0.502817 0.861840 -0.066392
vn 0.000000 0.173964 -0.984752
vn 0.001700 0.617224 -0.786786
vn 0.004402 0.956925 -0.290301
vn 0.001324 0.975749 -0.218887
vn 0.775581 -0.001808 -0.631246
vn 0.756933 -0.000599 -0.653492
vn -0.002635 -0.738272 -0.674498
vn 0.000000 -0.342629 -0.939471
vn 0.000495 -0.980778 -0.195128
vn 0.002297 -0.987644 -0.156698
vn 0.000000 -0.950133 -0.311844
vn 0.694047 0.295857 -0.656329
vn 0.902547 0.393760 -0.174246
vn 0.982266 0.094171 -0.162127
vn 0.447467 0.572092 -0.687375
vn 0.589447 0.782759 -0.199602
vn 0.256080 0.684335 -0.682721
vn 0.343065 0.916779 -0.204506
vn 0.733775 -0.230845 -0.638972
vn 0.252376 -0.000537 -0.967629
vn 0.431605 -0.585709 -0.686049
vn 0.578090 -0.787772 -0.212669
vn 0.202020 -0.651062 -0.731646
vn 0.034798 -0.140195 -0.989512
vn 0.334446 -0.925689 -0.176763
vn 0.000000 0.976554 -0.215272
vn -0.000001 -0.000004 -1.000000
vn 0.000000 0.000000 -1.000000
vn 0.000000 0.000000 -1.000000
vn 0.000127 -0.055013 0.998486
vn 0.000112 -0.054706 0.998503
vn 0.000000 0.000000 1.000000
vn 0.000000 0.000000 1.000000
vn 0.000152 0.329379 0.944198
vn 0.000006 0.219044 0.975715
vn 0.000006 0.219045 0.975715
vn 0.000226 0.329068 0.944306
vn 0.999890 0.013447 0.006282
vn 0.999877 0.015316 0.003292
vn 0.999880 0.015020 0.003764
vn 0.999891 0.013241 0.006590
vn 0.000003 -0.987164 0.159712
vn 0.000003 -0.987163 0.159716
vn 0.999849 -0.017362 0.000100
vn 0.999849 -0.017364 0.000100
vn 0.999867 -0.016196 0.001885
vn 0.999876 -0.015456 0.003040
vn 0.000000 -0.987223 0.159347
vn 0.000000 -0.987223 0.159347
vn 0.000000 -0.999983 0.005761
vn 0.000000 -0.999983 0.005761
vn 0.000000 -0.744223 0.667931
vn 0.000000 -0.744223 0.667931
vn 0.000000 -0.543728 0.839262
vn 0.000000 -0.543728 0.839262
vn 0.000052 -0.899982 0.435927
vn 0.000015 -0.899945 0.436004
vn 0.000082 0.997126 0.075757
vn 0.000000 1.000000 0.000000
vn 0.000000 1.000000 0.000000
vn 0.000092 0.997110 0.075977
vn -0.751635 -0.036197 0.658585
vn -0.455689 -0.049802 0.888745
vn -0.453848 0.000001 0.891079
vn -0.756847 0.000001 0.653592
vn -0.614745 0.788726 0.000000
vn -0.350473 0.936573 0.000000
vn 0.000000 0.000000 -1.000000
vn 0.000000 0.000000 -1.000000
vn 0.000000 0.997150 0.075445
vn 0.000000 0.997150 0.075445
vn 0.000000 1.000000 0.000000
vn 0.000000 1.000000 0.000000
vn 0.999814 -0.005414 0.018488
vn 0.999752 -0.002833 0.022098
vn 0.999780 -0.003920 0.020588
vn 0.999838 -0.006625 0.016758
vn -0.999656 0.025743 -0.005101
vn -0.999630 0.027035 -0.003111
vn 0.000423 0.331514 0.943450
vn 0.000376 0.220088 0.975480
vn 0.000327 0.219796 0.975546
vn 0.000455 0.330631 0.943760
vn 0.739418 -0.000000 0.673247
vn 0.453841 -0.000000 0.891083
vn 0.453847 -0.000000 0.891080
vn 0.756847 -0.000000 0.653593
vn 0.000524 -0.744107 0.668061
vn 0.000538 -0.544390 0.838832
vn 0.000560 -0.545298 0.838242
vn 0.000498 -0.744404 0.667729
vn -0.000002 -0.226657 0.973975
vn -0.000124 -0.174044 0.984738
vn 0.000000 0.000000 1.000000
vn 0.000000 0.000000 1.000000
vn -0.999656 -0.014868 -0.021593
vn -0.999699 -0.018420 -0.016211
vn -0.999697 -0.018071 -0.016744
vn -0.999638 -0.013858 -0.023081
vn 0.000524 0.744381 0.667755
vn 0.000539 0.545424 0.838160
vn 0.000559 0.544527 0.838743
vn 0.000498 0.744087 0.668083
vn -0.999603 -0.028156 -0.001403
vn -0.999623 -0.027307 -0.002702
vn -0.999303 -0.032532 -0.018290
vn -0.999700 -0.021922 -0.010903
vn -0.999669 -0.024947 -0.006294
vn -0.999660 -0.025495 -0.005472
vn -0.999698 -0.022274 -0.010371
vn 0.000388 -0.900435 0.434991
vn 0.000375 -0.900551 0.434749
vn -0.999115 0.000923 -0.042056
vn -0.999245 0.003280 -0.038711
vn -0.999060 0.000000 -0.043357
vn -0.999060 0.000000 -0.043357
vn 0.002130 -0.766761 0.641929
vn -0.000240 -0.342483 0.939524
vn 0.999888 -0.010970 0.010178
vn 0.999866 -0.008446 0.014057
vn 0.999872 -0.009054 0.013189
vn 0.999889 -0.011191 0.009843
vn -0.000001 -0.743141 0.669135
vn 0.000042 -0.542644 0.839963
vn 0.000129 -0.542664 0.839950
vn -0.000039 -0.743083 0.669199
vn 0.999767 -0.001700 0.021503
vn 0.999717 -0.000130 0.023808
vn 0.999814 0.000039 0.019297
vn 0.999822 -0.000000 0.018846
vn 0.999867 0.008386 0.014018
vn 0.999888 0.010983 0.010157
vn 0.999889 0.011201 0.009828
vn 0.999872 0.009047 0.013207
vn -0.000004 0.743108 0.669171
vn 0.000041 0.542867 0.839819
vn 0.000114 0.542855 0.839827
vn -0.000041 0.743166 0.669107
vn 0.999865 0.016340 0.001606
vn 0.999858 0.016827 0.000847
vn 0.999849 0.017364 0.000000
vn 0.999849 0.017364 0.000000
vn 0.000139 0.997114 0.075917
vn 0.000088 0.997130 0.075706
vn 0.000171 -0.328975 0.944339
vn 0.000146 -0.164065 0.986450
vn 0.000154 -0.163896 0.986478
vn 0.000258 -0.329344 0.944210
vn 0.999868 0.003517 0.015853
vn 0.999832 0.004783 0.017687
vn 0.999856 0.006037 0.015866
vn 0.999874 0.003483 0.015513
vn 0.999890 -0.013455 0.006266
vn 0.999891 -0.013252 0.006578
vn 0.000000 0.973716 0.227767
vn 0.000000 0.973716 0.227767
vn 0.000000 0.900518 0.434818
vn 0.000000 0.900518 0.434818
vn 0.000000 -0.000000 1.000000
vn 0.000000 -0.000000 1.000000
vn 0.000168 -0.054400 0.998519
vn 0.000158 -0.054181 0.998531
vn 0.000000 0.312726 0.949843
vn 0.000000 0.312726 0.949843
vn 0.000000 0.197902 0.980222
vn 0.000000 0.197902 0.980222
vn 0.000000 -0.329822 0.944043
vn 0.000000 -0.329822 0.944043
vn 0.000000 -0.158548 0.987351
vn 0.000000 -0.158548 0.987351
vn -0.985851 -0.052802 0.159093
vn -0.752489 -0.216744 0.621918
vn -0.752307 -0.108788 0.649769
vn -0.986148 -0.027530 0.163567
vn 0.000000 -0.900518 0.434819
vn 0.000000 -0.900518 0.434819
vn 0.000000 -0.038238 0.999269
vn 0.000000 0.020374 0.999792
vn 0.000000 0.020374 0.999792
vn 0.000000 -0.038238 0.999269
vn 0.000000 0.744221 0.667934
vn 0.000000 0.744221 0.667934
vn 0.000000 0.537940 0.842983
vn 0.000000 0.537940 0.842983
vn -0.999700 0.021913 -0.010913
vn -0.999698 0.022263 -0.010387
vn -0.999849 -0.017362 0.000100
vn -0.999849 -0.017364 0.000100
vn -0.900240 0.435381 -0.003310
vn -0.769299 -0.000875 0.638889
vn -0.957240 -0.001606 0.289291
vn -0.769133 -0.630913 0.101903
vn -0.501317 -0.854262 0.137540
vn -0.502267 -0.778180 0.377046
vn -0.770471 -0.574269 0.276747
vn -0.764067 -0.478015 0.433248
vn -0.492307 -0.653933 0.574461
vn -0.477550 -0.478758 0.736707
vn -0.757553 -0.356115 0.547079
vn -0.986067 -0.008660 0.166120
vn -0.986832 0.000000 0.161749
vn -0.785459 0.618913 -0.000001
vn -0.989626 0.143670 0.000000
vn -0.988743 0.149212 0.011067
vn -0.778078 0.626358 0.047647
vn -0.757589 0.356191 0.546980
vn -0.764053 0.478084 0.433197
vn -0.988601 0.146392 0.035174
vn -0.748496 0.145951 0.646879
vn -0.752510 0.216723 0.621900
vn -0.456095 0.195863 0.868110
vn -0.468535 0.298817 0.831374
vn -0.000474 -0.330545 0.943790
vn -0.000399 -0.331447 0.943474
vn -0.000275 -0.165183 0.986263
vn -0.000306 -0.164800 0.986327
vn -0.468611 -0.298823 0.831329
vn -0.456894 -0.146763 0.877331
vn -0.989468 -0.144738 0.001718
vn -0.784012 -0.620700 0.007568
vn -0.987649 -0.154675 0.025008
vn -0.500686 -0.865563 0.010645
vn -0.770446 0.574258 0.276840
vn -0.502357 0.778079 0.377134
vn -0.501143 0.843094 0.195059
vn -0.776804 0.612995 0.144266
vn -0.500708 0.865616 -0.000001
vn -0.502818 0.861839 0.066392
vn 0.000000 0.173964 0.984752
vn 0.000314 0.683828 0.729643
vn 0.000000 0.735446 0.677584
vn 0.000000 0.227406 0.973800
vn -0.999436 -0.007372 -0.032747
vn -0.999562 -0.010912 -0.027524
vn -0.999497 -0.008905 -0.030437
vn -0.999436 -0.007379 -0.032755
vn 0.000000 0.000000 1.000000
vn 0.000000 0.000000 1.000000
vn -0.029919 -0.124711 0.991742
vn 0.000000 0.000000 1.000000
vn -0.999060 -0.000000 0.043357
vn -0.999060 -0.000000 0.043357
vn -0.999060 -0.000000 0.043357
vn -0.999060 -0.000000 0.043357
vn 0.000061 0.973528 0.228569
vn 0.000044 0.899926 0.436042
vn 0.000008 0.899964 0.435965
vn 0.000010 0.973533 0.228547
vn -0.999699 0.018431 -0.016197
vn -0.999656 0.014852 -0.021620
vn -0.999637 0.013839 -0.023129
vn -0.999697 0.018080 -0.016719
vn -0.694047 0.295858 0.656328
vn -0.902547 0.393761 0.174245
vn -0.981846 0.095307 0.163995
vn -0.439294 0.571108 0.693438
vn -0.589446 0.782760 0.199601
vn -0.041262 0.130704 0.990562
vn -0.230191 0.615150 0.754057
vn -0.343066 0.916779 0.204506
vn 0.001296 0.975749 0.218890
vn 0.000000 0.976554 0.215272
vn -0.438426 -0.585306 0.682055
vn -0.569856 -0.793661 0.212994
vn -0.234309 -0.663205 0.710816
vn -0.330510 -0.930502 0.157891
vn -0.000000 -0.000000 1.000000
vn 0.000000 0.000000 1.000000
vn -0.999563 0.010920 -0.027483
vn -0.999404 0.006589 -0.033875
vn -0.999329 0.004929 -0.036305
vn -0.999497 0.008925 -0.030415
vn -0.000113 -0.055003 0.998486
vn 0.000000 0.000000 1.000000
vn 0.000000 0.000000 1.000000
vn -0.000127 -0.054696 0.998503
vn -0.000226 0.329455 0.944171
vn -0.000152 0.329144 0.944280
vn -0.000006 0.219045 0.975715
vn -0.000006 0.219044 0.975715
vn -0.999865 0.016347 0.001602
vn -0.999849 0.017364 0.000000
vn -0.999849 0.017364 0.000000
vn -0.999858 0.016826 0.000844
vn -0.000003 -0.987164 0.159712
vn -0.000003 -0.987163 0.159716
vn -0.999876 -0.015456 0.003040
vn -0.999867 -0.016196 0.001885
vn -0.000052 -0.899927 0.436041
vn -0.000015 -0.899964 0.435964
vn -0.000092 0.997127 0.075750
vn -0.000082 0.997110 0.075970
vn 0.000000 1.000000 0.000000
vn 0.000000 1.000000 0.000000
vn 0.751641 -0.036179 0.658580
vn 0.756847 0.000001 0.653592
vn 0.453846 0.000001 0.891080
vn 0.455666 -0.049774 0.888758
vn 0.064454 0.165394 0.984119
vn 0.227492 0.087811 0.969813
vn 0.146972 0.164149 0.975425
vn -0.000248 0.973646 0.228066
vn -0.000239 0.973640 0.228090
vn -0.000370 0.900440 0.434980
vn -0.000400 0.900559 0.434733
vn 0.000000 0.000000 -1.000000
vn 0.000000 0.000000 -1.000000
vn 0.000000 0.000000 -1.000000
vn 0.000000 0.000000 -1.000000
vn -0.999761 -0.001551 0.021812
vn -0.999822 -0.000000 0.018846
vn -0.999814 0.000039 0.019297
vn -0.999717 -0.000082 0.023798
vn 0.000000 0.000000 -1.000000
vn 0.000000 0.000000 -1.000000
vn 0.000000 0.000000 -1.000000
vn 0.000000 0.000000 -1.000000
vn 0.999630 0.027035 -0.003111
vn 0.999656 0.025743 -0.005101
vn -0.000146 -0.987182 0.159596
vn -0.000182 -0.987170 0.159671
vn -0.000023 -0.999924 0.012356
vn 0.000000 -0.999924 0.012297
vn 0.999699 0.018434 -0.016209
vn 0.999697 0.018070 -0.016721
vn 0.999638 0.013844 -0.023086
vn 0.999656 0.014867 -0.021621
vn 0.756950 -0.000572 0.653472
vn 0.757562 0.356152 0.547042
vn 0.764070 0.478014 0.433243
vn 0.492309 0.653935 0.574457
vn 0.477539 0.478816 0.736676
vn -0.841490 -0.001359 -0.540271
vn -0.770204 -0.001223 -0.637796
vn -0.248902 -0.000070 -0.968529
vn 0.000000 -0.236778 0.971564
vn 0.000000 0.000000 1.000000
vn 0.000000 0.000000 1.000000
vn 0.000000 -0.173967 0.984751
vn 0.999698 0.022261 -0.010376
vn 0.999700 0.021924 -0.010910
vn 0.999436 -0.007372 -0.032747
vn 0.999436 -0.007379 -0.032755
vn 0.999497 -0.008917 -0.030438
vn 0.999563 -0.010918 -0.027476
vn 0.999700 -0.021910 -0.010906
vn 0.999698 -0.022276 -0.010381
vn 0.999660 -0.025495 -0.005472
vn 0.999669 -0.024947 -0.006294
vn 0.999657 -0.014854 -0.021592
vn 0.999637 -0.013854 -0.023123
vn 0.999696 -0.018081 -0.016741
vn 0.999699 -0.018418 -0.016198
vn -0.000536 0.744386 0.667749
vn -0.000487 0.744092 0.668077
vn -0.000501 0.544495 0.838764
vn -0.000597 0.545391 0.838182
vn 0.999603 -0.028156 -0.001403
vn 0.999406 -0.029068 -0.018508
vn 0.999623 -0.027306 -0.002702
vn -0.000363 -0.900555 0.434742
vn -0.000400 -0.900438 0.434984
vn -0.000536 -0.744101 0.668066
vn -0.000487 -0.744399 0.667735
vn -0.000501 -0.545332 0.838220
vn -0.000597 -0.544423 0.838811
vn 0.999115 0.000918 -0.042055
vn 0.999060 0.000000 -0.043357
vn 0.999060 0.000000 -0.043357
vn 0.999243 0.003265 -0.038754
vn 0.233483 -0.000189 -0.972361
vn -0.000327 0.219796 0.975546
vn -0.000376 0.220088 0.975480
vn -0.000481 0.331550 0.943437
vn -0.000398 0.330667 0.943747
vn -0.999888 -0.010980 0.010174
vn -0.999889 -0.011190 0.009830
vn -0.999872 -0.009049 0.013189
vn -0.999865 -0.008443 0.014070
vn 0.000039 -0.743168 0.669105
vn 0.000002 -0.743110 0.669169
vn -0.000041 -0.542744 0.839898
vn -0.000130 -0.542724 0.839911
vn -0.000000 -0.000000 1.000000
vn -0.000167 -0.054171 0.998532
vn -0.000158 -0.054389 0.998520
vn 0.000000 -0.000000 1.000000
vn -0.999864 0.008336 0.014200
vn -0.999873 0.008972 0.013208
vn -0.999889 0.011202 0.009841
vn -0.999888 0.010972 0.010161
vn 0.000041 0.743082 0.669200
vn 0.000005 0.743140 0.669136
vn -0.000040 0.542787 0.839870
vn -0.000115 0.542799 0.839863
vn -0.000138 0.997134 0.075650
vn -0.000088 0.997118 0.075862
vn -0.999890 0.013447 0.006271
vn -0.999890 0.013253 0.006585
vn -0.999880 0.015021 0.003767
vn -0.999877 0.015310 0.003296
vn -0.000258 -0.328886 0.944370
vn -0.000170 -0.329254 0.944241
vn -0.000145 -0.163906 0.986476
vn -0.000155 -0.164075 0.986448
vn -0.999868 0.003517 0.015853
vn -0.999874 0.003483 0.015513
vn -0.999859 0.006091 0.015665
vn -0.999832 0.004843 0.017686
vn -0.999891 -0.013240 0.006583
vn -0.999890 -0.013456 0.006277
vn 0.985851 -0.052799 0.159092
vn 0.986148 -0.027532 0.163565
vn 0.752313 -0.108804 0.649759
vn 0.752510 -0.216675 0.621917
vn -0.999814 -0.005418 0.018488
vn -0.999838 -0.006629 0.016743
vn -0.999780 -0.003978 0.020599
vn -0.999758 -0.002984 0.021792
vn 0.999561 0.010914 -0.027533
vn 0.999498 0.008912 -0.030415
vn 0.999330 0.004942 -0.036263
vn 0.999404 0.006594 -0.033876
vn 0.000000 0.000000 -1.000000
vn -0.477464 0.478924 0.736654
vn -0.492420 0.653974 0.574318
vn 0.039601 -0.135876 0.989934
vn 0.000000 0.000000 1.000000
vn -0.000000 0.000000 -1.000000
vn -0.000000 0.000000 -1.000000
vn -0.000000 0.000000 -1.000000
vn 0.000000 0.000000 -1.000000
vn 0.733871 -0.230734 0.638901
vn 0.780181 -0.001266 0.625553
vn 0.769132 -0.630913 0.101903
vn 0.770446 -0.574260 0.276838
vn 0.502356 -0.778081 0.377131
vn 0.501315 -0.854263 0.137540
vn 0.764048 -0.478085 0.433204
vn 0.757579 -0.356157 0.547015
vn 0.477468 -0.478871 0.736686
vn 0.492413 -0.653972 0.574325
vn 0.986068 -0.008658 0.166119
vn 0.978055 0.000000 0.208347
vn 0.785459 0.618914 -0.000001
vn 0.778097 0.626339 0.047590
vn 0.988744 0.149209 0.011062
vn 0.989626 0.143670 0.000000
vn 0.986504 0.089490 0.137120
vn 0.986999 0.117016 0.110187
vn 0.477463 0.478930 -0.736651
vn 0.492418 0.653975 -0.574318
vn -0.000000 0.000000 -1.000000
vn -0.000000 0.000000 -1.000000
vn 0.456872 -0.146792 0.877337
vn 0.468516 -0.298732 0.831416
vn 0.784011 -0.620701 0.007568
vn 0.500684 -0.865564 0.010645
vn 0.770471 0.574269 0.276750
vn 0.776822 0.612961 0.144315
vn 0.501072 0.843113 0.195158
vn 0.502263 0.778181 0.377049
vn 0.500706 0.865617 -0.000001
vn 0.502751 0.861884 0.066306
vn 0.000000 0.173964 0.984752
vn -0.000642 0.690082 0.723731
vn 0.002022 0.981146 0.193260
vn 0.000000 -0.342629 0.939471
vn -0.000685 -0.742161 0.670221
vn 0.000000 -0.949905 0.312538
vn 0.003209 -0.987792 0.155746
vn 0.002710 -0.984318 0.176385
vn 0.694047 0.295857 0.656329
vn 0.982266 0.094171 0.162127
vn 0.902547 0.393760 0.174246
vn 0.447467 0.572092 0.687375
vn 0.589447 0.782759 0.199602
vn 0.256080 0.684335 0.682721
vn 0.343065 0.916779 0.204506
vn 0.435766 -0.589532 0.680117
vn 0.559736 -0.801130 0.211862
vn 0.253761 -0.699354 0.668213
vn 0.311762 -0.939407 0.142544
vn 0.000000 0.000000 1.000000
vn 0.000000 0.000000 1.000000
vn -0.953023 0.302524 -0.015024
vn -0.000049 -0.985506 0.169640
vn -0.002291 -0.990860 0.134877
vn 0.000000 -0.962258 0.272138
vn 0.456101 0.195869 -0.868106
vn 0.468538 0.298821 -0.831371
vn -0.000000 -0.000000 1.000000
vn 0.000000 -0.000000 1.000000
vn -0.000000 -0.000000 1.000000
vn -0.000000 -0.000000 1.000000
vn 0.453847 -0.000000 -0.891080
vn 0.453844 0.000000 -0.891081
vn 0.739419 -0.000000 -0.673246
vn 0.756847 -0.000000 -0.653593
vn -0.002756 0.976176 0.216965
vn -0.579265 -0.000000 0.815139
vn -0.069996 -0.000000 0.997547
vn -0.000000 -0.000000 1.000000
vn -0.538078 0.000000 -0.842895
vn -0.095657 0.000000 -0.995414
vn 0.000000 0.000000 -1.000000
vn 0.985850 -0.052803 -0.159095
vn 0.986148 -0.027530 -0.163566
vn 0.986997 -0.117028 0.110183
vn 0.986503 -0.089485 0.137129
vn -0.986997 -0.117028 -0.110183
vn -0.986503 -0.089485 -0.137129
vn -0.987810 -0.140407 -0.067208
vn -0.987812 -0.140405 0.067192
vn -0.986998 -0.117016 0.110187
vn -0.986502 -0.089484 0.137133
vn -0.987810 0.140410 0.067209
vn -0.492311 0.653934 -0.574457
vn -0.477541 0.478822 -0.736671
vn 0.000416 -0.330582 0.943777
vn 0.000292 -0.164790 0.986329
vn 0.000289 -0.165173 0.986265
vn 0.000458 -0.331484 0.943461
vn 0.987811 0.140407 0.067193
vn 0.988602 0.146389 0.035177
vn 0.110544 -0.005053 -0.993858
vn 1.000000 0.000000 0.000000
vn -0.988779 0.149384 -0.000164
vn -0.882216 0.470845 0.000000
vn -0.891876 0.452279 -0.000033
vn -0.989220 0.146438 -0.000054
vn -0.986832 -0.000000 0.161749
vn -0.756847 -0.000000 0.653592
vn -0.739419 -0.000000 0.673246
vn -0.985723 -0.000000 0.168376
vn 0.000000 -0.000000 1.000000
vn 0.000000 -0.000000 1.000000
vn 0.000000 -0.000000 1.000000
vn 0.000000 -0.000000 1.000000
vn 0.999060 0.000000 -0.043357
vn 0.999060 0.000000 -0.043357
vn 0.999060 0.000000 -0.043357
vn 0.999060 0.000000 -0.043357
vn -0.999060 0.000000 -0.043357
vn -0.999060 0.000000 -0.043357
vn -0.999060 0.000000 -0.043357
vn -0.999060 0.000000 -0.043357
vn 0.985723 -0.000000 0.168376
vn 0.991246 -0.000000 0.132031
vn -0.985721 -0.000000 -0.168386
vn -0.739420 -0.000000 -0.673245
vn -0.756847 -0.000000 -0.653592
vn -0.986832 0.000000 -0.161749
vn 0.000000 -0.000000 1.000000
vn 0.000000 -0.000000 1.000000
vn 0.000000 -0.000000 1.000000
vn 0.000000 -0.000000 1.000000
vn -0.000000 0.000000 -1.000000
vn -0.000000 0.000000 -1.000000
vn -0.000000 0.000000 -1.000000
vn 0.000000 0.000000 -1.000000
vn -0.453846 0.000000 -0.891080
vn -0.453849 -0.000000 -0.891079
vn 0.999436 -0.007372 0.032747
vn 0.999562 -0.010913 0.027523
vn 0.999497 -0.008905 0.030437
vn 0.999436 -0.007379 0.032756
vn 0.999822 -0.000000 0.018846
vn 0.999822 -0.000000 0.018846
vn 0.999822 -0.000000 0.018846
vn 0.999822 -0.000000 0.018846
vn -0.110544 -0.005053 0.993858
vn -0.999995 -0.003218 -0.000100
vn -0.999997 -0.002363 -0.000336
vn -0.350473 0.936573 0.000000
vn -0.609685 0.792643 0.000000
vn -0.953004 0.302575 0.015251
vn -0.900431 0.434986 0.003341
vn -0.601548 0.798837 -0.000009
vn -0.604505 0.796601 0.000000
vn -0.005349 0.999986 0.000000
vn -0.999822 -0.000000 0.018846
vn -0.999822 -0.000000 0.018846
vn -0.999822 -0.000000 0.018846
vn -0.999822 -0.000000 0.018846
vn -0.958699 -0.002357 -0.284411
vn -0.951003 -0.002054 -0.309174
vn 0.042757 0.999085 -0.000033
vn 0.042825 0.999083 -0.000062
vn -0.152669 0.988277 -0.000027
vn -0.165928 0.986138 -0.000023
vn -0.908859 -0.001466 0.417101
vn -0.761367 -0.001263 0.648320
vn -0.992402 -0.083817 0.090072
vn -0.999998 -0.001691 0.000424
vn -0.999998 -0.001684 -0.000437
vn -0.999998 -0.001687 -0.000409
vn -0.999998 -0.001694 0.000394
vn -0.528050 0.083979 -0.845051
vn -0.598129 -0.015924 0.801242
vn -0.005399 0.999985 0.000039
vn -0.990488 -0.084481 -0.108610
vn -0.999999 -0.001696 0.000288
vn -0.999999 -0.001693 0.000325
vn -0.987900 -0.002279 -0.155077
vn -0.987601 -0.002455 -0.156963
vn -0.999999 -0.001687 -0.000347
vn -0.999999 -0.001690 -0.000309
vn -0.000000 0.000000 -1.000000
vn 0.000000 0.000000 -1.000000
vn 0.000000 0.000000 -1.000000
vn 0.000000 0.000000 -1.000000
vn 0.000000 0.000000 -1.000000
vn 0.999831 0.000000 -0.018380
vn 0.999831 0.000000 -0.018380
vn 0.999831 0.000000 -0.018380
vn 0.999831 0.000000 -0.018380
vn -0.999832 0.000000 -0.018337
vn -0.999832 0.000000 -0.018337
vn -0.999832 0.000000 -0.018337
vn -0.999832 0.000000 -0.018337
vn 0.000000 -0.000000 1.000000
vn 0.000000 -0.000000 1.000000
vn 0.000000 -0.000000 1.000000
vn 0.000000 -0.000000 1.000000
vn -0.949766 -0.001887 -0.312954
vn -0.949552 -0.001644 -0.313604
vn -0.904088 -0.001442 -0.427345
vn -0.761836 -0.001154 -0.647769
vn -0.956083 -0.002387 0.293086
vn -0.958250 -0.001658 0.285927
vn -0.990954 -0.002443 0.134183
vn -0.990673 -0.003084 0.136228
vn -0.453849 -0.000000 0.891079
vn -0.453842 -0.000000 0.891082
vn -1.000000 0.000000 0.000000
vn -1.000000 0.000000 0.000000
vn -0.999498 0.008912 0.030415
vn -0.999561 0.010914 0.027533
vn -0.999404 0.006594 0.033876
vn -0.999330 0.004942 0.036263
vn 1.000000 0.000000 0.000000
vn 1.000000 0.000000 0.000000
vn 0.000000 0.000000 -1.000000
vn 0.039363 -0.399644 0.915825
vn -0.039365 -0.399645 0.915824
vn -0.090837 -0.922337 0.375557
vn 0.090836 -0.922338 0.375556
vn 0.831470 0.555569 0.000000
vn 0.775224 0.516961 0.363014
vn 0.884684 0.299558 0.357209
vn 0.947175 0.320718 0.000000
vn -0.193673 -0.384099 0.902751
vn -0.409223 -0.835924 0.365743
vn 0.441952 0.897039 0.000000
vn 0.409227 0.835921 0.365745
vn 0.098021 0.995184 0.000000
vn 0.090846 0.922335 0.375559
vn -0.098021 0.995184 0.000000
vn -0.090846 0.922336 0.375558
vn 0.366370 0.237690 0.899598
vn 0.193674 0.384096 0.902751
vn 0.409069 0.066424 0.910083
vn -0.039364 0.399641 0.915826
vn -0.409227 0.835921 0.365744
vn -0.193673 0.384095 0.902752
vn 0.409224 -0.835924 0.365742
vn 0.193674 -0.384096 0.902752
vn 0.927426 0.000000 0.374007
vn 0.927427 0.000000 0.374004
vn 1.000000 0.000000 0.000000
vn 1.000000 0.000000 0.000000
vn -0.831470 0.555569 0.000000
vn -0.947175 0.320718 0.000000
vn -0.886054 0.297773 0.355302
vn -0.775088 0.517895 0.361972
vn -0.441952 0.897039 0.000000
vn -0.363392 0.238806 0.900510
vn -0.407532 0.063885 0.910954
vn 0.039365 0.399641 0.915826
vn 0.831471 -0.555568 0.000000
vn 0.947172 -0.320727 0.000000
vn 0.886050 -0.297781 0.355304
vn 0.775088 -0.517894 0.361972
vn 0.441947 -0.897041 0.000000
vn 0.098010 -0.995185 0.000000
vn -0.098010 -0.995185 0.000000
vn 0.363393 -0.238807 0.900509
vn 0.407530 -0.063883 0.910954
vn -0.831471 -0.555568 0.000000
vn -0.775225 -0.516959 0.363013
vn -0.884680 -0.299566 0.357213
vn -0.947172 -0.320727 0.000000
vn -0.441947 -0.897041 0.000000
vn -0.366374 -0.237689 0.899596
vn -0.409069 -0.066422 0.910083
vn -0.927426 0.000000 0.374006
vn -0.927427 0.000000 0.374004
vn -1.000000 0.000000 0.000000
vn -1.000000 0.000000 0.000000
vn 0.000000 -1.000000 0.000000
vn 0.000000 -1.000000 0.000000
vn 0.342020 -0.939693 0.000000
vn 0.342020 -0.939693 0.000000
vn 0.500007 -0.866022 0.000000
vn 0.500007 -0.866022 0.000000
vn 0.766041 -0.642792 0.000000
vn 0.766041 -0.642792 0.000000
vn 0.866024 -0.500002 0.000000
vn 0.866024 -0.500002 0.000000
vn 0.984808 -0.173647 0.000000
vn 0.984808 -0.173647 0.000000
vn 0.984807 0.173650 0.000000
vn 0.984807 0.173650 0.000000
vn 0.866025 0.500001 0.000000
vn 0.866025 0.500001 0.000000
vn 0.642787 0.766045 0.000000
vn 0.642787 0.766045 0.000000
vn 0.342020 0.939693 0.000000
vn 0.342020 0.939693 0.000000
vn -0.000000 1.000000 0.000000
vn -0.000000 1.000000 0.000000
vn -0.342020 0.939693 0.000000
vn -0.342020 0.939693 0.000000
vn -0.642787 0.766045 0.000000
vn -0.642787 0.766045 0.000000
vn -0.866025 0.500001 0.000000
vn -0.866025 0.500001 0.000000
vn -0.984807 0.173650 0.000000
vn -0.984807 0.173650 0.000000
vn -0.984808 -0.173648 0.000000
vn -0.984808 -0.173648 0.000000
vn -0.866026 -0.500000 0.000000
vn -0.866026 -0.500000 0.000000
vn -0.642791 -0.766041 0.000000
vn -0.642791 -0.766041 0.000000
vn -0.340417 0.935303 -0.096562
vn -0.000000 0.995327 -0.096562
vn -0.000001 0.956842 -0.290609
vn -0.327255 0.899139 -0.290609
vn -0.342019 -0.939693 0.000000
vn -0.342019 -0.939693 0.000000
vn 0.000000 0.000000 -1.000000
vn 0.000000 0.000000 -1.000000
vn 0.000000 0.000000 -1.000000
vn 0.000000 0.000000 -1.000000
vn 0.000000 0.000000 -1.000000
vn 0.000000 0.000000 -1.000000
vn 0.000000 0.000000 -1.000000
vn 0.000000 0.000000 -1.000000
vn 0.000000 0.000000 -1.000000
vn 0.000000 0.000000 -1.000000
vn 0.000000 0.000000 -1.000000
vn 0.000000 0.000000 -1.000000
vn 0.000000 0.000000 -1.000000
vn 0.000000 0.000000 -1.000000
vn 0.000000 0.000000 -1.000000
vn 0.000000 0.000000 -1.000000
vn 0.000000 0.000000 -1.000000
vn 0.000000 0.000000 -1.000000
vn 0.000000 0.000000 -1.000000
vn 0.000000 0.000000 -1.000000
vn 0.000000 0.000000 -1.000000
vn 0.000000 0.000000 -1.000000
vn 0.000000 0.000000 -1.000000
vn 0.000000 0.000000 -1.000000
vn 0.000000 0.000000 -1.000000
vn 0.000000 0.000000 -1.000000
vn 0.000000 0.000000 -1.000000
vn 0.000000 0.000000 -1.000000
vn 0.000000 0.000000 -1.000000
vn 0.000000 0.000000 -1.000000
vn 0.000000 0.000000 -1.000000
vn 0.000000 0.000000 -1.000000
vn 0.000000 0.000000 -1.000000
vn 0.000000 0.000000 -1.000000
vn 0.000000 0.000000 -1.000000
vn 0.000000 0.000000 -1.000000
vn -0.615047 0.732983 -0.290610
vn -0.299163 0.821968 -0.484633
vn -0.562260 0.670069 -0.484636
vn 0.861977 -0.497665 -0.096565
vn 0.762570 -0.639875 -0.095113
vn 0.733915 -0.615833 -0.286561
vn 0.828648 -0.478422 -0.290611
vn -0.000000 -0.995326 -0.096575
vn -0.340421 -0.935301 -0.096573
vn -0.327256 -0.899137 -0.290614
vn -0.000000 -0.956841 -0.290612
vn -0.639783 0.762465 -0.096565
vn 0.980205 -0.172837 -0.096567
vn 0.942305 -0.166152 -0.290611
vn -0.861980 0.497661 -0.096565
vn -0.828650 0.478419 -0.290611
vn 0.980205 0.172837 -0.096566
vn 0.942304 0.166156 -0.290611
vn -0.980205 0.172837 -0.096567
vn -0.942304 0.166155 -0.290611
vn 0.861980 0.497660 -0.096565
vn 0.828650 0.478419 -0.290611
vn -0.980206 -0.172834 -0.096567
vn -0.942305 -0.166152 -0.290610
vn 0.639782 0.762465 -0.096566
vn 0.615046 0.732983 -0.290611
vn -0.861979 -0.497662 -0.096566
vn -0.828649 -0.478421 -0.290611
vn 0.340418 0.935303 -0.096562
vn 0.327257 0.899138 -0.290608
vn 0.340423 -0.935300 -0.096575
vn 0.327258 -0.899137 -0.290612
vn -0.639784 -0.762464 -0.096566
vn -0.615042 -0.732985 -0.290613
vn 0.497732 -0.862099 -0.095118
vn 0.479026 -0.829709 -0.286560
vn 0.757525 -0.437362 -0.484634
vn 0.861428 -0.151894 -0.484633
vn -0.757528 0.437355 -0.484635
vn 0.861428 0.151894 -0.484635
vn -0.861428 0.151893 -0.484634
vn 0.757529 0.437355 -0.484634
vn -0.861428 -0.151893 -0.484634
vn 0.562260 0.670070 -0.484634
vn -0.757525 -0.437360 -0.484636
vn 0.299167 0.821966 -0.484635
vn -0.000001 -0.874720 -0.484629
vn 0.299174 -0.821965 -0.484633
vn -0.562255 -0.670074 -0.484634
vn -0.000003 0.874716 -0.484635
vn 0.438917 -0.760221 -0.478973
vn -0.299176 -0.821966 -0.484630
vn 0.672453 -0.564263 -0.478972
vn -0.766223 0.225562 -0.601684
vn -0.735742 0.187187 -0.650880
vn -0.547278 0.395602 -0.737554
vn -0.611021 0.474839 -0.633389
vn -0.944533 0.069618 -0.320952
vn -0.949812 0.000000 -0.312822
vn -0.846130 0.000000 -0.532976
vn -0.846130 -0.000000 -0.532976
vn -0.929114 0.133733 -0.344764
vn -0.846130 -0.000000 -0.532976
vn -0.904800 0.187186 -0.382491
vn -0.846130 -0.000000 -0.532976
vn -0.873590 0.225562 -0.431233
vn -0.846130 0.000000 -0.532976
vn -0.838096 0.245607 -0.487106
vn -0.846131 -0.000001 -0.532975
vn -0.801290 0.245607 -0.545538
vn -0.846130 0.000000 -0.532976
vn -0.846131 -0.000000 -0.532976
vn -0.846131 0.000000 -0.532976
vn -0.712213 0.133734 -0.689106
vn -0.846130 -0.000000 -0.532976
vn -0.697396 0.069617 -0.713296
vn -0.846130 -0.000000 -0.532976
vn -0.692343 -0.000000 -0.721569
vn -0.846130 -0.000000 -0.532976
vn -0.697397 -0.069618 -0.713296
vn -0.846131 0.000000 -0.532976
vn -0.712213 -0.133734 -0.689107
vn -0.846131 0.000000 -0.532975
vn -0.735739 -0.187187 -0.650884
vn -0.846130 -0.000000 -0.532976
vn -0.766224 -0.225563 -0.601682
vn -0.846131 -0.000001 -0.532976
vn -0.801290 -0.245608 -0.545538
vn -0.846130 0.000001 -0.532976
vn -0.838095 -0.245607 -0.487108
vn -0.846130 0.000001 -0.532976
vn -0.873589 -0.225559 -0.431236
vn -0.846130 0.000000 -0.532976
vn -0.904800 -0.187188 -0.382490
vn -0.846131 -0.000001 -0.532975
vn -0.929114 -0.133733 -0.344765
vn -0.846131 -0.000001 -0.532976
vn -0.937923 -0.103097 -0.331167
vn -0.846130 -0.000000 -0.532976
vn -0.949949 -0.036011 -0.310322
vn -0.846130 0.000000 -0.532976
vn 0.510095 -0.027788 -0.859669
vn 0.512964 -0.021784 -0.858134
vn -0.611024 -0.474840 -0.633385
vn -0.547276 -0.395603 -0.737555
vn -0.999660 -0.000002 -0.026084
vn -0.996826 -0.075248 -0.026012
vn -0.954162 0.283859 -0.094860
vn -0.987982 0.148267 -0.043676
vn -0.497637 0.283858 -0.819623
vn -0.683972 -0.515855 -0.515825
vn -0.901581 0.395598 -0.175080
vn -0.466078 0.148264 -0.872232
vn -0.760631 -0.515853 -0.394127
vn -0.835159 0.474836 -0.277561
vn -0.455250 -0.000000 -0.890364
vn -0.835157 -0.474837 -0.277565
vn -0.760630 0.515855 -0.394125
vn -0.466077 -0.148265 -0.872232
vn -0.901581 -0.395600 -0.175077
vn -0.683973 0.515853 -0.515826
vn -0.497633 -0.283857 -0.819626
vn -0.954163 -0.283856 -0.094864
vn -0.973736 -0.219395 -0.060855
vn -0.251467 -0.902018 0.350896
vn -0.246093 -0.904360 0.348672
vn -0.081223 0.993369 0.081364
vn -0.081861 0.992765 0.087847
vn -0.482484 -0.424848 0.765972
vn -0.507467 -0.471915 0.720953
vn 0.332608 0.745939 -0.577015
vn 0.333539 0.749465 -0.571887
vn -0.574350 -0.090702 0.813569
vn -0.532330 -0.049194 0.845106
vn -0.458572 0.573068 0.679195
vn -0.458209 0.567781 0.683864
vn -0.846131 -0.000003 -0.532975
vn -0.846130 -0.000002 -0.532976
vn -0.846130 0.000001 -0.532976
vn -0.846131 -0.000000 -0.532975
vn -0.846131 -0.000001 -0.532975
vn -0.846131 -0.000001 -0.532975
vn -0.846129 0.000001 -0.532978
vn -0.846130 0.000001 -0.532977
vn -0.846129 -0.000000 -0.532979
vn -0.846131 -0.000001 -0.532976
vn -0.846131 0.000001 -0.532974
vn -0.846131 -0.000000 -0.532975
vn -0.846132 0.000002 -0.532974
vn -0.846130 -0.000000 -0.532976
vn -0.846130 -0.000001 -0.532976
vn -0.846130 -0.000000 -0.532977
vn -0.846130 -0.000002 -0.532976
vn -0.846130 -0.000000 -0.532976
vn -0.846131 -0.000002 -0.532975
vn -0.846131 -0.000001 -0.532975
vn -0.846129 -0.000000 -0.532978
vn -0.846130 -0.000000 -0.532977
vn -0.846129 -0.000001 -0.532979
vn -0.846130 -0.000001 -0.532976
vn -0.846131 0.000001 -0.532975
vn -0.846131 -0.000001 -0.532976
vn -0.846131 0.000001 -0.532974
vn -0.846130 -0.000001 -0.532977
vn -0.846131 0.000006 -0.532975
vn -0.846130 0.000002 -0.532977
vn -0.471318 0.466892 0.748245
vn -0.283470 0.846831 0.450024
vn -0.283469 0.846832 0.450024
vn -0.471318 0.466894 0.748244
vn 0.398387 0.664288 -0.632463
vn 0.458447 0.510017 -0.727811
vn 0.458447 0.510017 -0.727811
vn 0.398387 0.664287 -0.632463
vn -0.146684 -0.961382 0.232870
vn -0.344171 -0.763546 0.546392
vn -0.344171 -0.763545 0.546393
vn -0.146683 -0.961383 0.232868
vn 0.532331 0.049186 -0.845106
vn 0.527275 -0.145885 -0.837078
vn 0.527275 -0.145879 -0.837079
vn 0.532330 0.049192 -0.845106
vn 0.445153 -0.549916 -0.706705
vn 0.445154 -0.549912 -0.706707
vn -0.482658 -0.424152 0.766248
vn -0.482658 -0.424151 0.766249
vn -0.024681 0.998927 0.039183
vn -0.024681 0.998927 0.039183
vn 0.282997 -0.847388 -0.449273
vn 0.282997 -0.847388 -0.449273
vn -0.532976 0.000000 0.846130
vn -0.532976 0.000000 0.846130
vn 0.216983 0.913377 -0.344473
vn 0.216983 0.913376 -0.344473
vn 0.074062 -0.990298 -0.117578
vn 0.074063 -0.990298 -0.117579
vn 0.444892 0.550658 -0.706291
vn 0.482486 0.424844 -0.765973
vn 0.482486 0.424844 -0.765973
vn 0.444892 0.550658 -0.706291
vn 0.343791 0.764149 -0.545788
vn 0.343791 0.764149 -0.545788
vn 0.216640 0.913663 -0.343929
vn 0.216640 0.913663 -0.343929
vn 0.073927 0.990333 -0.117364
vn 0.073927 0.990334 -0.117364
vn -0.073928 0.990333 0.117364
vn -0.073927 0.990334 0.117364
vn -0.216642 0.913662 0.343931
vn -0.216642 0.913662 0.343931
vn -0.343792 0.764146 0.545791
vn -0.343793 0.764146 0.545791
vn -0.444892 0.550657 0.706292
vn -0.444892 0.550657 0.706292
vn -0.510302 0.288576 0.810133
vn -0.510302 0.288576 0.810133
vn -0.532976 0.000000 0.846130
vn -0.532976 0.000000 0.846130
vn -0.510302 -0.288576 0.810133
vn -0.510302 -0.288577 0.810133
vn -0.444892 -0.550658 0.706291
vn -0.444892 -0.550658 0.706291
vn -0.343791 -0.764149 0.545788
vn -0.343791 -0.764147 0.545790
vn -0.216641 -0.913661 0.343934
vn -0.216641 -0.913661 0.343933
vn -0.073928 -0.990333 0.117367
vn -0.073927 -0.990334 0.117364
vn 0.073929 -0.990333 -0.117367
vn 0.073929 -0.990333 -0.117364
vn 0.216643 -0.913662 -0.343930
vn 0.216643 -0.913662 -0.343930
vn 0.343792 -0.764148 -0.545788
vn 0.343793 -0.764146 -0.545790
vn 0.444892 -0.550658 -0.706291
vn 0.444892 -0.550658 -0.706291
vn 0.510301 -0.288578 -0.810133
vn 0.510301 -0.288577 -0.810133
vn 0.532976 0.000002 -0.846131
vn 0.532976 0.000001 -0.846131
vn 0.873591 0.225562 0.431232
vn 0.835158 0.474840 0.277557
vn 0.901581 0.395600 0.175079
vn 0.904799 0.187187 0.382492
vn 0.697397 0.069618 0.713296
vn 0.846130 0.000001 0.532976
vn 0.846131 0.000000 0.532976
vn 0.692343 0.000001 0.721569
vn 0.712214 0.133734 0.689106
vn 0.846130 -0.000000 0.532976
vn 0.735741 0.187185 0.650881
vn 0.846130 -0.000000 0.532976
vn 0.766224 0.225562 0.601683
vn 0.846130 0.000000 0.532976
vn 0.801289 0.245606 0.545539
vn 0.846130 0.000000 0.532976
vn 0.838095 0.245607 0.487107
vn 0.846130 -0.000000 0.532976
vn 0.846131 -0.000000 0.532976
vn 0.846130 0.000000 0.532976
vn 0.929114 0.133734 0.344765
vn 0.846130 0.000001 0.532976
vn 0.944533 0.069617 0.320952
vn 0.846131 -0.000000 0.532975
vn 0.949812 0.000000 0.312822
vn 0.846131 0.000000 0.532975
vn 0.944533 -0.069618 0.320953
vn 0.846131 -0.000000 0.532975
vn 0.929114 -0.133733 0.344764
vn 0.846131 0.000001 0.532976
vn 0.904800 -0.187187 0.382490
vn 0.846130 0.000001 0.532976
vn 0.873590 -0.225563 0.431234
vn 0.846130 -0.000000 0.532977
vn 0.838095 -0.245607 0.487107
vn 0.846130 0.000001 0.532976
vn 0.801290 -0.245608 0.545538
vn 0.846131 0.000001 0.532976
vn 0.766227 -0.225558 0.601681
vn 0.846130 0.000000 0.532977
vn 0.735739 -0.187187 0.650883
vn 0.846130 -0.000000 0.532976
vn 0.712214 -0.133734 0.689105
vn 0.846130 -0.000001 0.532976
vn 0.703754 -0.103098 0.702923
vn 0.846130 -0.000000 0.532977
vn 0.846131 0.000001 0.532976
vn 0.690147 -0.036008 0.722773
vn 0.552446 -0.021783 -0.833264
vn 0.555070 -0.027788 -0.831340
vn 0.901580 -0.395601 0.175079
vn 0.835156 -0.474840 0.277562
vn 0.453960 -0.075244 0.887839
vn 0.455250 0.000001 0.890364
vn 0.466077 0.148265 0.872232
vn 0.497635 0.283861 0.819623
vn 0.954162 0.283858 0.094864
vn 0.760632 -0.515854 0.394124
vn 0.547281 0.395597 0.737554
vn 0.987983 0.148264 0.043681
vn 0.683970 -0.515855 0.515828
vn 0.611025 0.474837 0.633386
vn 0.999660 -0.000000 0.026084
vn 0.611028 -0.474836 0.633384
vn 0.683971 0.515852 0.515829
vn 0.987982 -0.148265 0.043680
vn 0.547280 -0.395598 0.737554
vn 0.760631 0.515853 0.394127
vn 0.954164 -0.283854 0.094861
vn 0.497638 -0.283858 0.819622
vn 0.475416 -0.219398 0.851965
vn -0.208199 -0.904359 0.372542
vn -0.207884 -0.902018 0.378350
vn -0.043879 0.992765 0.111772
vn -0.038307 0.993369 0.108397
vn -0.431088 -0.471918 0.769062
vn -0.482481 -0.424852 0.765972
vn 0.371759 0.749466 -0.547810
vn 0.376787 0.745939 -0.549187
vn -0.485737 -0.090703 0.869386
vn -0.532328 -0.049195 0.845108
vn -0.418912 0.567781 0.708617
vn -0.414544 0.573069 0.706926
vn 0.846131 0.000001 0.532975
vn 0.846131 -0.000001 0.532975
vn 0.846130 -0.000001 0.532976
vn 0.846131 0.000000 0.532976
vn 0.846131 -0.000000 0.532975
vn 0.846131 -0.000000 0.532975
vn 0.846128 -0.000002 0.532979
vn 0.846130 -0.000000 0.532976
vn 0.846131 -0.000001 0.532975
vn 0.846131 0.000000 0.532975
vn 0.846131 0.000001 0.532975
vn 0.846131 0.000000 0.532976
vn 0.846130 0.000000 0.532976
vn 0.846130 0.000001 0.532976
vn 0.846130 0.000001 0.532976
vn 0.846130 0.000002 0.532977
vn 0.846130 0.000001 0.532977
vn 0.846130 -0.000000 0.532977
vn 0.846131 0.000001 0.532974
vn 0.846131 -0.000001 0.532976
vn 0.846128 -0.000000 0.532979
vn 0.846131 -0.000000 0.532976
vn 0.846130 -0.000000 0.532977
vn 0.846131 0.000001 0.532976
vn 0.846131 0.000001 0.532975
vn 0.846130 0.000001 0.532976
vn 0.846130 0.000001 0.532977
vn 0.846131 0.000000 0.532976
vn 0.846130 0.000000 0.532976
vn 0.846131 -0.000001 0.532975
vn -0.471320 0.466892 0.748244
vn -0.471321 0.466882 0.748250
vn -0.283470 0.846833 0.450020
vn -0.283470 0.846833 0.450021
vn 0.398387 0.664288 -0.632463
vn 0.398387 0.664289 -0.632462
vn 0.458447 0.510017 -0.727811
vn 0.458448 0.510010 -0.727815
vn -0.146684 -0.961382 0.232869
vn -0.146685 -0.961382 0.232870
vn -0.344172 -0.763545 0.546393
vn -0.344172 -0.763545 0.546392
vn 0.532330 0.049189 -0.845107
vn 0.532330 0.049192 -0.845107
vn 0.527273 -0.145879 -0.837080
vn 0.527273 -0.145879 -0.837080
vn 0.445151 -0.549916 -0.706706
vn 0.445154 -0.549911 -0.706708
vn -0.482659 -0.424150 0.766249
vn -0.482659 -0.424150 0.766249
vn -0.024677 0.998928 0.039172
vn -0.024681 0.998927 0.039183
vn 0.282994 -0.847390 -0.449270
vn 0.282997 -0.847388 -0.449273
vn -0.532976 0.000000 0.846130
vn -0.532976 0.000000 0.846130
vn 0.216982 0.913377 -0.344472
vn 0.216981 0.913378 -0.344471
vn 0.074062 -0.990298 -0.117578
vn 0.074062 -0.990298 -0.117578
vn 0.527251 0.146168 -0.837043
vn 0.527252 0.146166 -0.837043
vn 0.417934 0.003022 -0.908472
vn 0.417934 0.003022 -0.908472
vn 0.279599 0.002022 -0.960115
vn 0.290653 -0.004294 -0.956819
vn 0.044161 -0.011444 -0.998959
vn -0.221428 -0.001601 -0.975175
vn -0.466268 -0.003371 -0.884637
vn -0.683342 -0.012224 -0.729997
vn -0.845835 -0.024407 -0.532886
vn -0.954366 -0.022464 -0.297792
vn -0.909242 -0.228368 -0.348034
vn -0.999052 -0.016221 -0.040407
vn -0.974810 -0.014234 0.222582
vn -0.859127 -0.247951 0.447683
vn -0.884047 -0.017026 0.467088
vn -0.707733 -0.272376 0.651863
vn -0.733343 -0.018224 0.679615
vn -0.616223 -0.278020 0.736867
vn -0.638709 -0.018176 0.769234
vn 0.645991 0.020032 -0.763082
vn 0.646929 0.021515 -0.762247
vn 0.624398 0.280091 -0.729161
vn 0.623458 0.283516 -0.728641
vn 0.070814 -0.996669 0.040451
vn 0.085684 -0.995226 0.046737
vn 0.008630 -0.999863 0.014134
vn -0.001224 -0.999950 0.009959
vn -0.861462 -0.274603 -0.427174
vn -0.798861 -0.509145 0.320302
vn -0.645549 -0.510752 0.567802
vn 0.238731 -0.061422 -0.969141
vn 0.855154 -0.028510 0.517589
vn 0.840517 0.020005 0.541416
vn -0.551577 -0.522112 0.650509
vn 0.417934 0.003023 -0.908472
vn 0.558259 0.524427 -0.642902
vn 0.558431 0.524719 -0.642514
vn -0.619554 0.076274 -0.781240
vn 0.487062 0.303829 -0.818815
vn 0.494535 0.305296 -0.813775
vn -0.764058 -0.615517 0.193272
vn 0.532965 0.003852 -0.846129
vn 0.532965 0.003853 -0.846129
vn 0.503295 -0.338389 -0.795102
vn 0.503295 -0.338390 -0.795101
vn 0.412923 -0.639817 -0.648174
vn 0.412919 -0.639819 -0.648174
vn 0.272733 -0.864079 -0.423065
vn 0.272734 -0.864078 -0.423067
vn 0.099665 -0.984113 -0.146927
vn 0.099670 -0.984113 -0.146929
vn -0.085425 -0.985451 0.146930
vn -0.085426 -0.985451 0.146931
vn -0.260216 -0.867931 0.423065
vn -0.260218 -0.867930 0.423065
vn -0.403626 -0.645722 0.648173
vn -0.403626 -0.645723 0.648173
vn -0.498348 -0.345634 0.795102
vn -0.498347 -0.345635 0.795102
vn -0.532941 -0.006551 0.846127
vn -0.532963 -0.003856 0.846130
vn -0.526122 0.169845 0.833276
vn -0.526121 0.169845 0.833276
vn 0.175307 0.941189 -0.288843
vn 0.259895 0.868329 -0.422445
vn 0.403625 0.645722 -0.648174
vn 0.403626 0.645722 -0.648174
vn 0.840463 0.022337 0.541409
vn 0.847194 0.002656 0.531277
vn 0.498349 0.345631 -0.795102
vn 0.498349 0.345632 -0.795102
vn 0.846108 0.006116 0.532976
vn 0.846108 0.006118 0.532977
vn 0.846108 0.006118 0.532976
vn 0.846108 0.006117 0.532977
vn 0.846108 0.006117 0.532976
vn 0.846108 0.006118 0.532977
vn 0.846108 0.006117 0.532976
vn 0.846109 0.006115 0.532975
vn 0.638864 0.004619 -0.769306
vn 0.737506 -0.001063 -0.675339
vn 0.745186 0.005388 -0.666834
vn 0.638864 0.004620 -0.769306
vn 0.882022 -0.005385 -0.471177
vn 0.975150 0.007050 -0.221434
vn 0.999232 0.007224 0.038506
vn 0.953583 -0.000389 0.301129
vn 0.846099 -0.012174 0.532886
vn 0.680909 -0.010641 0.732290
vn 0.468001 -0.005614 0.883710
vn 0.708871 -0.216667 0.671236
vn 0.220321 -0.005594 0.975411
vn -0.039367 -0.010920 0.999165
vn -0.030233 -0.241958 0.969816
vn -0.296108 -0.015063 0.955036
vn -0.279504 -0.269280 0.921610
vn -0.417797 -0.016579 0.908389
vn -0.395629 -0.276425 0.875824
vn 0.409087 0.018320 -0.912312
vn 0.385026 0.281792 -0.878833
vn 0.385124 0.278361 -0.879883
vn 0.407913 0.019788 -0.912806
vn -0.006121 -0.999970 0.004841
vn -0.068841 -0.996344 -0.050601
vn 0.760092 -0.262879 0.594268
vn -0.228072 -0.507734 0.830776
vn 0.061334 -0.502925 0.862151
vn 0.771631 -0.057570 -0.633459
vn -0.851449 0.007770 -0.524379
vn -0.835777 -0.040734 -0.547556
vn -0.343130 -0.520605 0.781814
vn 0.638864 0.004620 -0.769306
vn 0.332931 0.523087 -0.784562
vn 0.333357 0.522800 -0.784572
vn 0.971341 0.087774 0.220892
vn 0.517249 0.305460 -0.799467
vn 0.525037 0.304104 -0.794895
vn 0.161977 -0.608821 0.776595
vn 0.532963 0.003854 -0.846130
vn 0.503295 -0.338390 -0.795101
vn 0.503295 -0.338390 -0.795101
vn 0.532962 0.003855 -0.846130
vn 0.412921 -0.639818 -0.648173
vn 0.412922 -0.639819 -0.648173
vn 0.272742 -0.864076 -0.423065
vn 0.272742 -0.864077 -0.423064
vn 0.099670 -0.984113 -0.146929
vn 0.099670 -0.984113 -0.146929
vn -0.085426 -0.985451 0.146929
vn -0.085426 -0.985451 0.146930
vn -0.260223 -0.867928 0.423066
vn -0.260221 -0.867927 0.423069
vn -0.403629 -0.645726 0.648168
vn -0.403630 -0.645724 0.648169
vn -0.498346 -0.345629 0.795105
vn -0.498348 -0.345631 0.795103
vn -0.532961 -0.003854 0.846131
vn -0.532939 -0.006543 0.846128
vn -0.526116 0.169847 0.833279
vn -0.526120 0.169859 0.833274
vn 0.259820 0.868303 -0.422544
vn 0.175133 0.941149 -0.289079
vn 0.403625 0.645722 -0.648174
vn 0.403626 0.645722 -0.648174
vn -0.851444 0.010105 -0.524348
vn -0.845007 -0.009586 -0.534670
vn 0.498346 0.345636 -0.795102
vn 0.498346 0.345635 -0.795102
vn -0.846109 -0.006116 -0.532976
vn -0.846108 -0.006117 -0.532976
vn -0.846108 -0.006117 -0.532976
vn -0.846108 -0.006117 -0.532976
vn -0.846108 -0.006117 -0.532976
vn -0.846108 -0.006118 -0.532976
vn -0.846108 -0.006118 -0.532976
vn -0.846108 -0.006116 -0.532976
vn 0.000000 0.000000 -1.000000
vn 0.000000 0.000000 -1.000000
vn 0.433884 0.000000 -0.900969
vn 0.433884 0.000000 -0.900969
vn 0.781832 0.000000 -0.623489
vn 0.781832 0.000000 -0.623489
vn 0.974928 0.000000 -0.222520
vn 0.974928 0.000000 -0.222520
vn 0.974928 -0.000000 0.222520
vn 0.974928 -0.000000 0.222520
vn 0.781832 -0.000000 0.623489
vn 0.781832 -0.000000 0.623489
vn 0.433883 -0.000000 0.900969
vn 0.433883 -0.000000 0.900969
vn 0.000000 -0.000000 1.000000
vn 0.000000 -0.000000 1.000000
vn -0.433883 -0.000000 0.900969
vn -0.433883 -0.000000 0.900969
vn -0.781832 -0.000000 0.623490
vn -0.781832 -0.000000 0.623490
vn -0.974928 -0.000000 0.222521
vn -0.974928 -0.000000 0.222521
vn -0.974928 0.000000 -0.222521
vn -0.974928 0.000000 -0.222521
vn -0.781831 0.000000 -0.623490
vn -0.781831 0.000000 -0.623490
vn -0.433884 0.000000 -0.900969
vn -0.433884 0.000000 -0.900969
vn -0.000000 0.000000 -1.000000
vn 0.000000 0.000000 -1.000000
vn 0.433883 0.000000 -0.900969
vn 0.433883 0.000000 -0.900969
vn 0.781832 0.000000 -0.623489
vn 0.781832 0.000000 -0.623489
vn 0.974928 0.000000 -0.222519
vn 0.974928 0.000000 -0.222519
vn 0.974928 -0.000000 0.222519
vn 0.974928 -0.000000 0.222519
vn 0.781832 -0.000000 0.623489
vn 0.781832 -0.000000 0.623489
vn 0.433883 -0.000000 0.900969
vn 0.433883 -0.000000 0.900969
vn 0.000000 -0.000000 1.000000
vn 0.000000 -0.000000 1.000000
vn -0.433883 -0.000000 0.900969
vn -0.433883 -0.000000 0.900969
vn -0.781832 -0.000000 0.623489
vn -0.781832 -0.000000 0.623489
vn -0.974928 -0.000000 0.222521
vn -0.974928 -0.000000 0.222521
vn -0.974928 0.000000 -0.222521
vn -0.974928 0.000000 -0.222521
vn -0.781831 0.000000 -0.623490
vn -0.781831 0.000000 -0.623490
vn -0.433884 0.000000 -0.900969
vn -0.433884 0.000000 -0.900969
vn -0.000000 0.000000 -1.000000
vn 0.000000 0.000000 -1.000000
vn 0.433883 0.000000 -0.900969
vn 0.433883 0.000000 -0.900969
vn 0.781832 0.000000 -0.623489
vn 0.781832 0.000000 -0.623489
vn 0.974928 0.000000 -0.222519
vn 0.974928 0.000000 -0.222519
vn 0.974928 -0.000000 0.222520
vn 0.974928 -0.000000 0.222520
vn 0.781832 -0.000000 0.623489
vn 0.781832 -0.000000 0.623489
vn 0.433883 -0.000000 0.900969
vn 0.433883 -0.000000 0.900969
vn -0.000000 -0.000000 1.000000
vn -0.000000 -0.000000 1.000000
vn -0.433884 -0.000000 0.900969
vn -0.433884 -0.000000 0.900969
vn -0.781831 -0.000000 0.623490
vn -0.781831 -0.000000 0.623490
vn -0.974928 -0.000000 0.222521
vn -0.974928 -0.000000 0.222521
vn -0.974928 0.000000 -0.222521
vn -0.974928 0.000000 -0.222521
vn -0.781832 0.000000 -0.623489
vn -0.781832 0.000000 -0.623489
vn -0.433883 0.000000 -0.900969
vn -0.433883 0.000000 -0.900969
vn -0.000000 0.000000 -1.000000
vn -0.000000 0.000000 -1.000000
vn 0.433882 0.000000 -0.900970
vn 0.433882 0.000000 -0.900970
vn 0.781832 0.000000 -0.623490
vn 0.781832 0.000000 -0.623490
vn 0.974928 0.000000 -0.222520
vn 0.974928 0.000000 -0.222520
vn 0.974928 -0.000000 0.222521
vn 0.974928 -0.000000 0.222521
vn 0.781831 -0.000000 0.623490
vn 0.781831 -0.000000 0.623490
vn 0.433883 -0.000000 0.900969
vn 0.433883 -0.000000 0.900969
vn 0.000000 -0.000000 1.000000
vn 0.000000 -0.000000 1.000000
vn -0.433884 -0.000000 0.900969
vn -0.433884 -0.000000 0.900969
vn -0.781831 -0.000000 0.623490
vn -0.781831 -0.000000 0.623490
vn -0.974928 -0.000000 0.222521
vn -0.974928 -0.000000 0.222521
vn -0.974928 0.000000 -0.222521
vn -0.974928 0.000000 -0.222521
vn -0.781831 0.000000 -0.623490
vn -0.781831 0.000000 -0.623490
vn -0.433883 0.000000 -0.900969
vn -0.433883 0.000000 -0.900969
vn -0.368208 -0.002663 -0.929740
vn -0.368206 -0.002663 -0.929740
vn -0.501104 -0.003623 -0.865380
vn -0.491071 -0.009946 -0.871063
vn -0.691792 -0.016764 -0.721902
vn -0.858077 -0.006203 -0.513483
vn -0.961735 -0.006952 -0.273893
vn -0.999844 -0.014512 -0.010071
vn -0.969536 -0.025301 0.243640
vn -0.874519 -0.021887 0.484497
vn -0.879217 -0.228149 0.418242
vn -0.719291 -0.014199 0.694563
vn -0.512389 -0.010891 0.858684
vn -0.269193 -0.243684 0.931748
vn -0.272891 -0.012608 0.961962
vn -0.016922 -0.267383 0.963442
vn -0.015113 -0.013031 0.999801
vn 0.107773 -0.272784 0.956020
vn 0.115062 -0.012726 0.993277
vn -0.105584 0.014598 -0.994303
vn -0.104338 0.016080 -0.994412
vn -0.096552 0.274881 -0.956618
vn -0.096833 0.278310 -0.955598
vn 0.080395 -0.996600 -0.018052
vn 0.095209 -0.995157 -0.024470
vn 0.018416 -0.999792 0.008751
vn 0.008591 -0.999879 0.012993
vn -0.903332 -0.274906 0.329270
vn -0.319084 -0.505675 0.801548
vn -0.034215 -0.506333 0.861659
vn -0.535720 -0.067023 -0.841732
vn 0.965030 -0.027716 -0.260668
vn 0.972039 0.020946 -0.233885
vn 0.090537 -0.517472 0.850897
vn -0.368206 -0.002662 -0.929740
vn -0.080414 0.519812 -0.850488
vn -0.080018 0.520103 -0.850347
vn -0.993032 0.073574 -0.092056
vn -0.256300 0.298455 -0.919367
vn -0.247497 0.299931 -0.921296
vn -0.386649 -0.612793 0.689193
vn -0.243672 -0.001763 -0.969856
vn -0.243671 -0.001760 -0.969856
vn -0.226502 -0.343664 -0.911368
vn -0.226504 -0.343668 -0.911366
vn -0.182019 -0.644123 -0.742950
vn -0.182019 -0.644122 -0.742951
vn -0.115571 -0.866883 -0.484930
vn -0.115569 -0.866882 -0.484932
vn -0.035185 -0.985088 -0.168416
vn -0.035185 -0.985088 -0.168417
vn 0.049442 -0.984476 0.168412
vn 0.049442 -0.984476 0.168411
vn 0.128107 -0.865122 0.484925
vn 0.128106 -0.865122 0.484925
vn 0.191318 -0.641422 0.742951
vn 0.191315 -0.641421 0.742952
vn 0.231449 -0.340354 0.911367
vn 0.231449 -0.340352 0.911368
vn 0.243691 -0.000939 0.969853
vn 0.243672 0.001758 0.969856
vn 0.238714 0.175372 0.955123
vn 0.238710 0.175379 0.955123
vn -0.089891 0.939247 -0.331262
vn -0.127888 0.865510 -0.484291
vn -0.191316 0.641421 -0.742951
vn -0.191314 0.641421 -0.742952
vn 0.971991 0.023286 -0.233860
vn 0.969358 0.003526 -0.245628
vn -0.231450 0.340356 -0.911366
vn -0.231449 0.340359 -0.911366
vn 0.969830 0.007012 -0.243681
vn 0.969830 0.007013 -0.243680
vn 0.969830 0.007010 -0.243681
vn 0.969830 0.007012 -0.243680
vn 0.969830 0.007012 -0.243680
vn 0.969830 0.007010 -0.243681
vn 0.969830 0.007011 -0.243680
vn 0.969830 0.007012 -0.243680
vn -0.114971 -0.000831 -0.993369
vn 0.021124 -0.006242 -0.999757
vn 0.032564 0.000236 -0.999470
vn -0.114971 -0.000831 -0.993368
vn 0.268585 -0.009821 -0.963206
vn 0.513471 0.003712 -0.858099
vn 0.718060 0.005191 -0.695961
vn 0.876441 -0.000947 -0.481508
vn 0.969800 -0.011280 -0.243639
vn 0.999874 -0.008335 0.013536
vn 0.962281 -0.002040 0.272050
vn 0.975502 -0.214740 -0.047778
vn 0.857499 -0.000986 0.514485
vn 0.695305 -0.005608 0.718693
vn 0.680909 -0.236814 0.693024
vn 0.486058 -0.009407 0.873876
vn 0.473926 -0.263835 0.840110
vn 0.368269 -0.010895 0.929655
vn 0.360617 -0.270957 0.892490
vn -0.377128 0.012634 -0.926075
vn -0.370131 0.276333 -0.886929
vn -0.370815 0.272897 -0.887707
vn -0.378298 0.014099 -0.925576
vn 0.001509 -0.999914 0.012998
vn -0.081915 -0.996438 0.020034
vn 0.955334 -0.261466 -0.137742
vn 0.444303 -0.502875 0.741425
vn 0.666891 -0.498547 0.553811
vn 0.075106 -0.062607 -0.995208
vn -0.967333 0.006939 0.253412
vn -0.973158 -0.041729 0.226322
vn 0.329449 -0.515744 0.790867
vn -0.114971 -0.000831 -0.993368
vn -0.338490 0.518235 -0.785402
vn -0.338203 0.517948 -0.785715
vn 0.830493 0.086755 -0.550231
vn -0.221457 0.300119 -0.927839
vn -0.212769 0.298769 -0.930304
vn 0.674785 -0.605115 0.422495
vn -0.243676 -0.001759 -0.969855
vn -0.226505 -0.343667 -0.911366
vn -0.226507 -0.343665 -0.911367
vn -0.243675 -0.001758 -0.969855
vn -0.182017 -0.644120 -0.742953
vn -0.182020 -0.644118 -0.742954
vn -0.115571 -0.866886 -0.484925
vn -0.115570 -0.866887 -0.484924
vn -0.035197 -0.985088 -0.168412
vn -0.035194 -0.985088 -0.168412
vn 0.049429 -0.984476 0.168416
vn 0.049428 -0.984476 0.168415
vn 0.128094 -0.865122 0.484929
vn 0.128095 -0.865121 0.484930
vn 0.191308 -0.641425 0.742951
vn 0.191308 -0.641424 0.742951
vn 0.231448 -0.340357 0.911366
vn 0.231449 -0.340355 0.911367
vn 0.243669 0.001761 0.969857
vn 0.243688 -0.000935 0.969853
vn 0.238713 0.175378 0.955122
vn 0.238712 0.175377 0.955123
vn -0.127988 0.865516 -0.484253
vn -0.090138 0.939255 -0.331173
vn -0.191308 0.641420 -0.742955
vn -0.191309 0.641422 -0.742953
vn -0.967313 0.009269 0.253415
vn -0.970286 -0.010491 0.241732
vn -0.231447 0.340353 -0.911368
vn -0.231446 0.340353 -0.911369
vn -0.969830 -0.007012 0.243681
vn -0.969830 -0.007013 0.243680
vn -0.969830 -0.007010 0.243681
vn -0.969830 -0.007012 0.243680
vn -0.969830 -0.007012 0.243680
vn -0.969830 -0.007010 0.243681
vn -0.969830 -0.007009 0.243681
vn -0.969830 -0.007012 0.243680
vn -0.964342 0.225562 0.138442
vn -0.978861 0.187187 0.082417
vn -0.911355 0.395600 -0.113723
vn -0.880062 0.474839 0.004314
vn -0.884514 0.069619 0.461290
vn -0.882281 -0.000000 0.470723
vn -0.969856 0.000000 0.243680
vn -0.969856 -0.000001 0.243678
vn -0.891081 0.133732 0.433693
vn -0.969856 -0.000001 0.243679
vn -0.901566 0.187185 0.390051
vn -0.969856 -0.000001 0.243680
vn -0.915253 0.225563 0.333816
vn -0.969856 0.000000 0.243679
vn -0.931138 0.245608 0.269553
vn -0.969856 0.000001 0.243680
vn -0.947966 0.245608 0.202577
vn -0.969855 -0.000001 0.243681
vn -0.969856 0.000001 0.243678
vn -0.969856 0.000002 0.243679
vn -0.990250 0.133733 0.038996
vn -0.969856 0.000001 0.243679
vn -0.997507 0.069617 0.011574
vn -0.969856 0.000001 0.243681
vn -0.999998 0.000001 0.002209
vn -0.969855 -0.000000 0.243681
vn -0.997506 -0.069621 0.011576
vn -0.969855 -0.000001 0.243681
vn -0.990250 -0.133732 0.038998
vn -0.969856 -0.000000 0.243680
vn -0.978861 -0.187186 0.082413
vn -0.969856 -0.000002 0.243680
vn -0.964342 -0.225559 0.138444
vn -0.969856 -0.000001 0.243680
vn -0.947964 -0.245612 0.202581
vn -0.969856 -0.000000 0.243680
vn -0.931138 -0.245610 0.269553
vn -0.969856 0.000000 0.243680
vn -0.915255 -0.225561 0.333813
vn -0.969855 -0.000001 0.243682
vn -0.901564 -0.187189 0.390055
vn -0.969856 -0.000001 0.243680
vn -0.891080 -0.133735 0.433694
vn -0.969856 -0.000000 0.243678
vn -0.887333 -0.103098 0.449455
vn -0.969856 0.000001 0.243678
vn -0.880570 -0.036012 0.472547
vn -0.969856 -0.000001 0.243680
vn -0.269275 -0.027789 -0.962662
vn -0.266183 -0.021785 -0.963676
vn -0.880066 -0.474833 0.004319
vn -0.911354 -0.395599 -0.113730
vn -0.709375 -0.000003 0.704831
vn -0.707358 -0.075238 0.702840
vn -0.727678 0.283861 0.624426
vn -0.714029 0.148267 0.684237
vn -0.936407 0.283858 -0.206315
vn -0.845443 -0.515856 0.138271
vn -0.749366 0.395596 0.530994
vn -0.952649 0.148261 -0.265478
vn -0.810393 -0.515858 0.277767
vn -0.777586 0.474840 0.412174
vn -0.958282 0.000003 -0.285825
vn -0.777587 -0.474840 0.412172
vn -0.810395 0.515853 0.277769
vn -0.952649 -0.148269 -0.265475
vn -0.749361 -0.395602 0.530997
vn -0.845443 0.515857 0.138266
vn -0.936407 -0.283857 -0.206319
vn -0.727678 -0.283861 0.624426
vn -0.716606 -0.219401 0.662072
vn 0.080031 -0.902018 0.424216
vn 0.082134 -0.904359 0.418793
vn 0.002729 0.993370 0.114933
vn 0.006977 0.992765 0.119874
vn 0.220592 -0.424851 0.877975
vn 0.170783 -0.471917 0.864944
vn -0.187489 0.745940 -0.639079
vn -0.183137 0.749465 -0.636210
vn 0.191553 -0.090699 0.977282
vn 0.243383 -0.049191 0.968682
vn 0.174363 0.573068 0.800744
vn 0.177988 0.567780 0.803708
vn -0.969856 0.000006 0.243678
vn -0.969856 0.000001 0.243679
vn -0.969856 0.000001 0.243680
vn -0.969856 0.000002 0.243679
vn -0.969855 -0.000001 0.243684
vn -0.969855 -0.000000 0.243681
vn -0.969855 -0.000002 0.243684
vn -0.969855 0.000001 0.243681
vn -0.969857 -0.000000 0.243675
vn -0.969856 0.000000 0.243679
vn -0.969856 0.000001 0.243680
vn -0.969855 0.000000 0.243681
vn -0.969855 0.000004 0.243684
vn -0.969856 -0.000000 0.243680
vn -0.969856 -0.000002 0.243680
vn -0.969856 -0.000000 0.243679
vn -0.969856 -0.000002 0.243680
vn -0.969856 0.000000 0.243681
vn -0.969856 -0.000001 0.243679
vn -0.969856 -0.000001 0.243680
vn -0.969855 0.000000 0.243682
vn -0.969856 0.000001 0.243679
vn -0.969856 -0.000000 0.243680
vn -0.969856 0.000001 0.243680
vn -0.969856 0.000000 0.243679
vn -0.969856 -0.000000 0.243680
vn -0.969856 0.000000 0.243681
vn -0.969856 -0.000001 0.243679
vn -0.969856 -0.000007 0.243677
vn -0.969856 -0.000001 0.243680
vn 0.215492 0.466880 0.857663
vn 0.129603 0.846833 0.515827
vn 0.129603 0.846835 0.515824
vn 0.215492 0.466883 0.857662
vn -0.182145 0.664289 -0.724944
vn -0.209605 0.510020 -0.834234
vn -0.209605 0.510020 -0.834234
vn -0.182145 0.664289 -0.724944
vn 0.067064 -0.961383 0.266919
vn 0.157357 -0.763546 0.626288
vn 0.157357 -0.763547 0.626286
vn 0.067066 -0.961382 0.266922
vn -0.243386 0.049195 -0.968681
vn -0.241074 -0.145877 -0.959481
vn -0.241074 -0.145877 -0.959481
vn -0.243385 0.049186 -0.968682
vn -0.203527 -0.549914 -0.810044
vn -0.203528 -0.549911 -0.810046
vn 0.220676 -0.424144 0.878296
vn 0.220675 -0.424152 0.878292
vn 0.011281 0.998928 0.044901
vn 0.011281 0.998928 0.044898
vn -0.129386 -0.847391 -0.514964
vn -0.129387 -0.847389 -0.514966
vn 0.243681 -0.000000 0.969855
vn 0.243681 0.000000 0.969855
vn -0.099206 0.913377 -0.394843
vn -0.099206 0.913376 -0.394844
vn -0.033860 -0.990299 -0.134768
vn -0.033862 -0.990298 -0.134774
vn -0.203408 0.550658 -0.809568
vn -0.220597 0.424844 -0.877978
vn -0.220597 0.424844 -0.877978
vn -0.203408 0.550658 -0.809569
vn -0.157184 0.764149 -0.625596
vn -0.157184 0.764148 -0.625596
vn -0.099049 0.913663 -0.394220
vn -0.099049 0.913663 -0.394220
vn -0.033800 0.990334 -0.134525
vn -0.033800 0.990333 -0.134526
vn 0.033800 0.990334 0.134525
vn 0.033800 0.990334 0.134525
vn 0.099050 0.913662 0.394223
vn 0.099050 0.913662 0.394222
vn 0.157184 0.764146 0.625599
vn 0.157184 0.764146 0.625598
vn 0.203408 0.550658 0.809568
vn 0.203408 0.550658 0.809568
vn 0.233313 0.288577 0.928595
vn 0.233314 0.288578 0.928594
vn 0.243681 -0.000000 0.969855
vn 0.243681 -0.000000 0.969855
vn 0.233314 -0.288577 0.928595
vn 0.233313 -0.288577 0.928595
vn 0.203408 -0.550657 0.809569
vn 0.203408 -0.550657 0.809569
vn 0.157184 -0.764149 0.625596
vn 0.157184 -0.764149 0.625596
vn 0.099051 -0.913661 0.394223
vn 0.099050 -0.913661 0.394223
vn 0.033801 -0.990333 0.134529
vn 0.033801 -0.990333 0.134529
vn -0.033801 -0.990333 -0.134529
vn -0.033801 -0.990333 -0.134529
vn -0.099050 -0.913662 -0.394222
vn -0.099050 -0.913662 -0.394223
vn -0.157184 -0.764148 -0.625596
vn -0.157184 -0.764149 -0.625596
vn -0.203408 -0.550657 -0.809569
vn -0.203408 -0.550658 -0.809569
vn -0.233313 -0.288577 -0.928595
vn -0.233314 -0.288577 -0.928595
vn -0.243681 -0.000000 -0.969855
vn -0.243681 0.000001 -0.969855
vn 0.915253 0.225560 -0.333819
vn 0.777585 0.474838 -0.412177
vn 0.749360 0.395606 -0.530994
vn 0.901565 0.187191 -0.390051
vn 0.997507 0.069616 -0.011577
vn 0.969856 -0.000002 -0.243681
vn 0.969856 -0.000000 -0.243680
vn 0.999998 0.000001 -0.002207
vn 0.990250 0.133734 -0.039002
vn 0.969855 -0.000000 -0.243682
vn 0.978861 0.187189 -0.082413
vn 0.969855 -0.000001 -0.243681
vn 0.964343 0.225559 -0.138439
vn 0.969856 -0.000001 -0.243680
vn 0.947966 0.245606 -0.202578
vn 0.969856 0.000000 -0.243680
vn 0.931138 0.245606 -0.269556
vn 0.969856 -0.000001 -0.243680
vn 0.969856 -0.000002 -0.243681
vn 0.969856 -0.000000 -0.243679
vn 0.891080 0.133736 -0.433695
vn 0.969855 -0.000000 -0.243681
vn 0.884514 0.069616 -0.461290
vn 0.969856 0.000000 -0.243680
vn 0.882281 0.000000 -0.470723
vn 0.969856 0.000001 -0.243679
vn 0.884514 -0.069615 -0.461290
vn 0.969856 -0.000001 -0.243681
vn 0.891080 -0.133734 -0.433694
vn 0.969855 -0.000000 -0.243681
vn 0.901566 -0.187189 -0.390051
vn 0.969856 0.000001 -0.243680
vn 0.915255 -0.225558 -0.333814
vn 0.969856 0.000001 -0.243680
vn 0.931138 -0.245606 -0.269555
vn 0.969856 0.000001 -0.243681
vn 0.947966 -0.245606 -0.202580
vn 0.969856 -0.000001 -0.243680
vn 0.964343 -0.225555 -0.138444
vn 0.969856 0.000000 -0.243680
vn 0.978861 -0.187187 -0.082412
vn 0.969855 0.000001 -0.243682
vn 0.990250 -0.133734 -0.039000
vn 0.969855 0.000000 -0.243681
vn 0.994397 -0.103097 -0.023339
vn 0.969856 0.000001 -0.243681
vn 0.969856 0.000004 -0.243680
vn 0.999351 -0.036009 0.000213
vn -0.220929 -0.021784 -0.975047
vn -0.217726 -0.027788 -0.975614
vn 0.749364 -0.395603 -0.530991
vn 0.777589 -0.474835 -0.412173
vn 0.955565 -0.075250 0.285014
vn 0.958280 0.000003 0.285831
vn 0.952650 0.148263 0.265473
vn 0.936408 0.283857 0.206313
vn 0.727676 0.283863 -0.624427
vn 0.810397 -0.515851 -0.277768
vn 0.911353 0.395602 0.113730
vn 0.714030 0.148263 -0.684236
vn 0.845446 -0.515852 -0.138269
vn 0.880063 0.474837 -0.004314
vn 0.709372 -0.000000 -0.704834
vn 0.880067 -0.474831 -0.004326
vn 0.845445 0.515853 -0.138269
vn 0.714031 -0.148262 -0.684236
vn 0.911354 -0.395600 0.113729
vn 0.810397 0.515851 -0.277768
vn 0.727678 -0.283858 -0.624427
vn 0.936407 -0.283859 0.206317
vn 0.944445 -0.219394 0.244725
vn 0.125570 -0.904360 0.407880
vn 0.129987 -0.902018 0.411664
vn 0.050512 0.992765 0.108936
vn 0.051920 0.993369 0.102574
vn 0.258336 -0.471910 0.842949
vn 0.220598 -0.424840 0.877979
vn -0.139329 0.749465 -0.647217
vn -0.136851 0.745939 -0.651802
vn 0.293129 -0.090702 0.951761
vn 0.243387 -0.049192 0.968681
vn 0.223033 0.567778 0.792392
vn 0.224829 0.573065 0.788067
vn 0.969856 -0.000001 -0.243680
vn 0.969856 0.000001 -0.243680
vn 0.969855 0.000000 -0.243682
vn 0.969855 -0.000001 -0.243682
vn 0.969856 -0.000002 -0.243678
vn 0.969856 0.000001 -0.243680
vn 0.969854 0.000002 -0.243686
vn 0.969855 0.000002 -0.243682
vn 0.969856 0.000002 -0.243680
vn 0.969856 0.000001 -0.243679
vn 0.969856 0.000002 -0.243677
vn 0.969855 0.000001 -0.243681
vn 0.969855 -0.000002 -0.243683
vn 0.969855 0.000000 -0.243682
vn 0.969855 0.000000 -0.243681
vn 0.969856 0.000003 -0.243680
vn 0.969856 0.000004 -0.243679
vn 0.969856 0.000002 -0.243679
vn 0.969856 0.000000 -0.243678
vn 0.969856 -0.000001 -0.243679
vn 0.969855 -0.000000 -0.243683
vn 0.969855 -0.000000 -0.243682
vn 0.969856 0.000003 -0.243679
vn 0.969856 0.000002 -0.243680
vn 0.969856 0.000001 -0.243678
vn 0.969856 0.000002 -0.243679
vn 0.969855 -0.000003 -0.243683
vn 0.969855 -0.000001 -0.243681
vn 0.969855 -0.000003 -0.243682
vn 0.969856 0.000001 -0.243680
vn 0.215491 0.466885 0.857661
vn 0.215491 0.466885 0.857661
vn 0.129603 0.846833 0.515826
vn 0.129604 0.846833 0.515827
vn -0.182148 0.664285 -0.724947
vn -0.182146 0.664290 -0.724943
vn -0.209609 0.510004 -0.834242
vn -0.209607 0.510011 -0.834238
vn 0.067065 -0.961382 0.266920
vn 0.067065 -0.961382 0.266920
vn 0.157358 -0.763547 0.626287
vn 0.157358 -0.763546 0.626288
vn -0.243385 0.049196 -0.968681
vn -0.243387 0.049184 -0.968682
vn -0.241074 -0.145877 -0.959481
vn -0.241074 -0.145877 -0.959481
vn -0.203528 -0.549910 -0.810047
vn -0.203528 -0.549913 -0.810045
vn 0.220675 -0.424154 0.878292
vn 0.220675 -0.424149 0.878294
vn 0.011281 0.998928 0.044900
vn 0.011282 0.998928 0.044901
vn -0.129388 -0.847390 -0.514966
vn -0.129388 -0.847387 -0.514969
vn 0.243681 0.000000 0.969856
vn 0.243680 0.000005 0.969856
vn -0.099204 0.913381 -0.394833
vn -0.099207 0.913377 -0.394842
vn -0.033862 -0.990298 -0.134770
vn -0.033862 -0.990298 -0.134773
vn -0.241064 0.146165 -0.959439
vn -0.241064 0.146166 -0.959439
vn 0.001722 0.000012 0.999999
vn 0.001722 0.000012 0.999999
vn 0.148961 0.001077 0.988842
vn 0.137633 -0.005400 0.990469
vn 0.379138 -0.009021 0.925296
vn 0.610087 0.004411 0.792322
vn 0.794360 0.005743 0.607419
vn 0.926637 -0.000584 0.375957
vn 0.991605 -0.011122 0.128826
vn 0.991465 -0.008396 -0.130102
vn 0.974424 -0.214749 -0.066190
vn 0.923965 -0.002317 -0.382469
vn 0.791612 -0.001463 -0.611023
vn 0.595405 -0.237433 -0.767541
vn 0.606698 -0.006249 -0.794908
vn 0.372676 -0.264567 -0.889447
vn 0.380774 -0.010169 -0.924612
vn 0.254034 -0.271726 -0.928241
vn 0.257282 -0.011697 -0.966266
vn -0.266497 0.013435 0.963742
vn -0.267719 0.014902 0.963382
vn -0.264717 0.273665 0.924679
vn -0.264128 0.277099 0.923825
vn -0.067491 -0.997669 -0.010035
vn -0.083644 -0.996450 -0.009499
vn 0.000030 -0.999925 -0.012241
vn 0.010726 -0.999863 -0.012586
vn 0.964893 -0.261398 0.025552
vn 0.597741 -0.499048 -0.627421
vn 0.354786 -0.503520 -0.787779
vn 0.190717 -0.061770 0.979700
vn -0.992917 -0.041870 -0.111190
vn -0.990295 0.006766 -0.138813
vn 0.234943 -0.516427 -0.823471
vn 0.001722 0.000012 0.999999
vn -0.244240 0.518626 0.819374
vn -0.244560 0.518912 0.819098
vn 0.889018 0.087178 0.449497
vn -0.102787 0.299565 0.948523
vn -0.111704 0.300913 0.947087
vn 0.620910 -0.605504 -0.497832
vn -0.128845 -0.000930 0.991664
vn -0.128845 -0.000932 0.991664
vn -0.118604 -0.342886 0.931860
vn -0.118603 -0.342889 0.931859
vn -0.094053 -0.643485 0.759658
vn -0.094051 -0.643486 0.759658
vn -0.058158 -0.866468 0.495833
vn -0.058158 -0.866468 0.495833
vn -0.015250 -0.984944 0.172200
vn -0.015250 -0.984944 0.172200
vn 0.029497 -0.984620 -0.172202
vn 0.029494 -0.984620 -0.172200
vn 0.070677 -0.865540 -0.495828
vn 0.070677 -0.865540 -0.495827
vn 0.103350 -0.642060 -0.759657
vn 0.103352 -0.642057 -0.759658
vn 0.123549 -0.341137 -0.931859
vn 0.123549 -0.341137 -0.931859
vn 0.128867 -0.001756 -0.991660
vn 0.128847 0.000931 -0.991664
vn 0.125636 0.174571 -0.976596
vn 0.125631 0.174558 -0.976599
vn -0.050950 0.939535 0.338643
vn -0.070667 0.865924 0.495158
vn -0.103350 0.642058 0.759658
vn -0.103350 0.642059 0.759658
vn -0.990275 0.009100 -0.138823
vn -0.991864 -0.010648 -0.126857
vn -0.123548 0.341136 0.931859
vn -0.123548 0.341137 0.931859
vn -0.991638 -0.007169 -0.128850
vn -0.991638 -0.007170 -0.128849
vn -0.991638 -0.007169 -0.128849
vn -0.991638 -0.007170 -0.128848
vn -0.991638 -0.007168 -0.128849
vn -0.991638 -0.007170 -0.128849
vn -0.991638 -0.007168 -0.128850
vn -0.991638 -0.007171 -0.128849
vn -0.257206 -0.001860 0.966355
vn -0.386078 -0.009187 0.922420
vn -0.396706 -0.002868 0.917941
vn -0.257205 -0.001860 0.966355
vn -0.602835 -0.016122 0.797703
vn -0.792303 -0.005728 0.610101
vn -0.923207 -0.006674 0.384245
vn -0.991839 -0.014455 0.126678
vn -0.991340 -0.025459 -0.128828
vn -0.925076 -0.022253 -0.379129
vn -0.795420 -0.014749 -0.605879
vn -0.922001 -0.228460 -0.312602
vn -0.609082 -0.011590 -0.793023
vn -0.383268 -0.013406 -0.923540
vn -0.376058 -0.244457 -0.893768
vn -0.131668 -0.013874 -0.991197
vn -0.129209 -0.268195 -0.954660
vn -0.001624 -0.013569 -0.999907
vn -0.004503 -0.273595 -0.961834
vn 0.011153 0.015442 0.999819
vn 0.015314 0.279119 0.960134
vn 0.015714 0.275693 0.961117
vn 0.012405 0.016927 0.999780
vn 0.017317 -0.999800 -0.009997
vn 0.097462 -0.995140 0.014033
vn -0.935568 -0.275137 -0.221385
vn -0.134498 -0.507057 -0.851354
vn -0.410404 -0.506336 -0.758414
vn -0.433843 -0.066286 0.898547
vn 0.992688 0.021094 0.118852
vn 0.988855 -0.027543 0.146311
vn -0.009343 -0.518193 -0.855213
vn -0.257205 -0.001860 0.966355
vn 0.019722 0.520823 0.853437
vn 0.019346 0.520532 0.853623
vn -0.975512 0.073698 0.207230
vn -0.138326 0.300720 0.943628
vn -0.147293 0.299242 0.942740
vn -0.464408 -0.613347 -0.638851
vn -0.128848 -0.000930 0.991664
vn -0.118605 -0.342886 0.931859
vn -0.118605 -0.342889 0.931858
vn -0.128848 -0.000929 0.991664
vn -0.094057 -0.643485 0.759658
vn -0.094059 -0.643489 0.759655
vn -0.058161 -0.866467 0.495835
vn -0.058161 -0.866467 0.495836
vn -0.015259 -0.984945 0.172195
vn -0.015259 -0.984945 0.172194
vn 0.029497 -0.984621 -0.172195
vn 0.029494 -0.984620 -0.172199
vn 0.070686 -0.865539 -0.495829
vn 0.070686 -0.865539 -0.495829
vn 0.103350 -0.642057 -0.759659
vn 0.103350 -0.642056 -0.759659
vn 0.123549 -0.341136 -0.931859
vn 0.123548 -0.341135 -0.931860
vn 0.128849 0.000935 -0.991664
vn 0.128868 -0.001776 -0.991660
vn 0.125639 0.174563 -0.976597
vn 0.125637 0.174550 -0.976600
vn -0.070547 0.865922 0.495179
vn -0.050671 0.939528 0.338703
vn -0.103350 0.642056 0.759659
vn -0.103350 0.642057 0.759659
vn 0.992638 0.023432 0.118831
vn 0.991397 0.003690 0.130839
vn -0.123549 0.341138 0.931859
vn -0.123548 0.341139 0.931858
vn 0.991638 0.007170 0.128849
vn 0.991638 0.007171 0.128848
vn 0.991638 0.007170 0.128849
vn 0.991638 0.007170 0.128848
vn 0.991638 0.007168 0.128850
vn 0.991638 0.007170 0.128849
vn 0.991638 0.007171 0.128848
vn 0.991638 0.007173 0.128848
vn 0.947952 0.225562 0.224739
vn 0.940921 0.187187 0.282185
vn 0.806205 0.395601 0.439924
vn 0.820366 0.474841 0.318630
vn 0.992043 0.069620 -0.104898
vn 0.993424 0.000000 -0.114491
vn 0.991664 0.000001 0.128848
vn 0.991664 -0.000000 0.128849
vn 0.988036 0.133734 -0.076814
vn 0.991664 -0.000000 0.128849
vn 0.981791 0.187188 -0.032367
vn 0.991664 0.000000 0.128849
vn 0.973909 0.225563 0.024970
vn 0.991664 0.000000 0.128849
vn 0.965128 0.245608 0.090582
vn 0.991664 0.000000 0.128849
vn 0.956230 0.245608 0.159065
vn 0.991664 -0.000001 0.128848
vn 0.991664 -0.000001 0.128848
vn 0.991664 0.000000 0.128849
vn 0.935599 0.133734 0.326755
vn 0.991664 0.000000 0.128849
vn 0.932297 0.069618 0.354931
vn 0.991664 0.000000 0.128850
vn 0.931180 0.000000 0.364560
vn 0.991664 0.000001 0.128849
vn 0.932297 -0.069618 0.354930
vn 0.991664 -0.000000 0.128849
vn 0.935599 -0.133733 0.326756
vn 0.991664 0.000000 0.128849
vn 0.940920 -0.187187 0.282189
vn 0.991664 0.000001 0.128849
vn 0.947953 -0.225561 0.224740
vn 0.991664 -0.000000 0.128849
vn 0.956230 -0.245607 0.159063
vn 0.991664 -0.000001 0.128849
vn 0.965128 -0.245607 0.090581
vn 0.991664 0.000001 0.128850
vn 0.973909 -0.225558 0.024976
vn 0.991664 0.000001 0.128849
vn 0.981791 -0.187187 -0.032369
vn 0.991664 -0.000000 0.128848
vn 0.988036 -0.133734 -0.076815
vn 0.991664 -0.000000 0.128850
vn 0.990328 -0.103097 -0.092853
vn 0.991664 0.000000 0.128850
vn 0.992500 -0.036013 -0.116817
vn 0.991664 -0.000000 0.128849
vn -0.102399 -0.027787 0.994355
vn -0.105648 -0.021784 0.994165
vn 0.820369 -0.474840 0.318625
vn 0.806203 -0.395602 0.439927
vn 0.918384 -0.000003 -0.395690
vn 0.915779 -0.075245 -0.394572
vn 0.905936 0.283858 -0.314172
vn 0.915164 0.148269 -0.374822
vn 0.795571 0.283859 0.535248
vn 0.837271 -0.515852 0.181310
vn 0.891858 0.395600 -0.219295
vn 0.788992 0.148265 0.596245
vn 0.855804 -0.515853 0.038674
vn 0.874554 0.474840 -0.098403
vn 0.786770 0.000000 0.617247
vn 0.874556 -0.474837 -0.098397
vn 0.855803 0.515854 0.038674
vn 0.788992 -0.148268 0.596245
vn 0.891858 -0.395600 -0.219295
vn 0.837269 0.515855 0.181310
vn 0.795569 -0.283856 0.535252
vn 0.905937 -0.283857 -0.314171
vn 0.909437 -0.219397 -0.353255
vn 0.081065 -0.902017 -0.424020
vn 0.077120 -0.904359 -0.419747
vn 0.039597 0.993369 -0.107932
vn 0.037456 0.992765 -0.114085
vn 0.116639 -0.424845 -0.897720
vn 0.158207 -0.471916 -0.867333
vn -0.059861 0.745940 0.663318
vn -0.062857 0.749466 0.659052
vn 0.180066 -0.090699 -0.979464
vn 0.128689 -0.049189 -0.990464
vn 0.131341 0.573068 -0.808915
vn 0.129054 0.567780 -0.813001
vn 0.991664 0.000001 0.128848
vn 0.991664 0.000002 0.128849
vn 0.991664 0.000001 0.128849
vn 0.991664 0.000002 0.128849
vn 0.991664 0.000002 0.128849
vn 0.991664 0.000002 0.128848
vn 0.991664 0.000001 0.128848
vn 0.991664 0.000000 0.128847
vn 0.991664 0.000001 0.128847
vn 0.991664 0.000001 0.128848
vn 0.991664 -0.000002 0.128851
vn 0.991664 -0.000001 0.128850
vn 0.991664 -0.000001 0.128851
vn 0.991664 0.000000 0.128850
vn 0.991664 0.000000 0.128849
vn 0.991664 0.000002 0.128848
vn 0.991664 -0.000002 0.128847
vn 0.991664 0.000001 0.128848
vn 0.991664 0.000002 0.128849
vn 0.991664 0.000001 0.128848
vn 0.991664 0.000001 0.128851
vn 0.991664 -0.000000 0.128849
vn 0.991664 0.000000 0.128851
vn 0.991664 0.000000 0.128850
vn 0.991664 0.000000 0.128850
vn 0.991664 0.000001 0.128849
vn 0.991664 0.000000 0.128849
vn 0.991664 0.000001 0.128848
vn 0.991664 -0.000002 0.128849
vn 0.991664 -0.000000 0.128848
vn 0.113941 0.466887 -0.876946
vn 0.068528 0.846831 -0.527430
vn 0.068526 0.846835 -0.527423
vn 0.113943 0.466878 -0.876950
vn -0.096312 0.664286 0.741247
vn -0.110833 0.510011 0.852998
vn -0.110831 0.510019 0.852993
vn -0.096312 0.664287 0.741246
vn 0.035462 -0.961382 -0.272923
vn 0.083205 -0.763543 -0.640374
vn 0.083205 -0.763548 -0.640368
vn 0.035462 -0.961382 -0.272923
vn -0.128694 0.049195 0.990463
vn -0.127471 -0.145876 0.981056
vn -0.127472 -0.145881 0.981055
vn -0.128694 0.049194 0.990463
vn -0.107617 -0.549912 0.828260
vn -0.107618 -0.549916 0.828258
vn 0.116684 -0.424145 -0.898046
vn 0.116684 -0.424147 -0.898045
vn 0.005967 0.998927 -0.045922
vn 0.005963 0.998928 -0.045909
vn -0.068415 -0.847389 0.526546
vn -0.068415 -0.847389 0.526547
vn 0.128848 -0.000000 -0.991664
vn 0.128848 -0.000000 -0.991664
vn -0.052456 0.913377 0.403721
vn -0.052457 0.913376 0.403724
vn -0.017905 -0.990298 0.137802
vn -0.017905 -0.990298 0.137801
vn -0.107554 0.550660 0.827771
vn -0.116643 0.424845 0.897720
vn -0.116643 0.424845 0.897720
vn -0.107554 0.550660 0.827771
vn -0.083113 0.764148 0.639664
vn -0.083113 0.764148 0.639664
vn -0.052374 0.913662 0.403088
vn -0.052374 0.913661 0.403088
vn -0.017872 0.990333 0.137551
vn -0.017872 0.990333 0.137551
vn 0.017872 0.990334 -0.137550
vn 0.017872 0.990334 -0.137550
vn 0.052374 0.913662 -0.403087
vn 0.052374 0.913662 -0.403087
vn 0.083113 0.764146 -0.639666
vn 0.083113 0.764146 -0.639666
vn 0.107554 0.550657 -0.827774
vn 0.107554 0.550657 -0.827774
vn 0.123367 0.288577 -0.949476
vn 0.123367 0.288577 -0.949476
vn 0.128849 0.000000 -0.991664
vn 0.128849 0.000000 -0.991664
vn 0.123367 -0.288577 -0.949476
vn 0.123367 -0.288577 -0.949476
vn 0.107554 -0.550657 -0.827774
vn 0.107554 -0.550657 -0.827774
vn 0.083113 -0.764148 -0.639663
vn 0.083113 -0.764149 -0.639663
vn 0.052374 -0.913661 -0.403088
vn 0.052374 -0.913661 -0.403088
vn 0.017873 -0.990333 -0.137554
vn 0.017873 -0.990333 -0.137554
vn -0.017873 -0.990333 0.137555
vn -0.017873 -0.990333 0.137554
vn -0.052374 -0.913661 0.403088
vn -0.052374 -0.913661 0.403088
vn -0.083113 -0.764149 0.639663
vn -0.083113 -0.764149 0.639663
vn -0.107554 -0.550658 0.827773
vn -0.107554 -0.550658 0.827773
vn -0.123367 -0.288577 0.949476
vn -0.123368 -0.288578 0.949475
vn -0.128850 0.000000 0.991664
vn -0.128850 0.000000 0.991664
vn -0.973909 0.225561 -0.024972
vn -0.874555 0.474837 0.098403
vn -0.891859 0.395600 0.219290
vn -0.981791 0.187186 0.032365
vn -0.932297 0.069618 -0.354931
vn -0.991664 0.000001 -0.128849
vn -0.991664 -0.000000 -0.128849
vn -0.931180 -0.000000 -0.364560
vn -0.935600 0.133733 -0.326755
vn -0.991664 -0.000000 -0.128849
vn -0.940920 0.187187 -0.282188
vn -0.991664 -0.000001 -0.128849
vn -0.947952 0.225562 -0.224740
vn -0.991664 0.000000 -0.128850
vn -0.956230 0.245606 -0.159065
vn -0.991664 -0.000001 -0.128850
vn -0.965128 0.245606 -0.090581
vn -0.991664 -0.000000 -0.128848
vn -0.991664 -0.000000 -0.128849
vn -0.991664 -0.000000 -0.128848
vn -0.988036 0.133734 0.076816
vn -0.991664 -0.000000 -0.128849
vn -0.992043 0.069619 0.104897
vn -0.991664 0.000000 -0.128849
vn -0.993424 0.000000 0.114491
vn -0.991664 -0.000001 -0.128849
vn -0.992043 -0.069620 0.104898
vn -0.991664 0.000000 -0.128849
vn -0.988036 -0.133732 0.076815
vn -0.991664 0.000001 -0.128848
vn -0.981791 -0.187188 0.032367
vn -0.991664 -0.000001 -0.128849
vn -0.973908 -0.225563 -0.024972
vn -0.991664 -0.000001 -0.128849
vn -0.965128 -0.245608 -0.090583
vn -0.991664 -0.000000 -0.128849
vn -0.956230 -0.245608 -0.159063
vn -0.991664 0.000000 -0.128848
vn -0.947954 -0.225558 -0.224736
vn -0.991664 -0.000001 -0.128849
vn -0.940920 -0.187187 -0.282190
vn -0.991664 0.000000 -0.128849
vn -0.935599 -0.133735 -0.326755
vn -0.991664 0.000000 -0.128850
vn -0.933716 -0.103099 -0.342848
vn -0.991664 -0.000000 -0.128850
vn -0.991664 -0.000001 -0.128849
vn -0.929692 -0.036010 -0.366574
vn -0.151923 -0.021785 0.988152
vn -0.155113 -0.027789 0.987506
vn -0.891857 -0.395602 0.219294
vn -0.874554 -0.474840 0.098400
vn -0.784539 -0.075245 -0.615497
vn -0.786770 -0.000000 -0.617247
vn -0.788992 0.148266 -0.596246
vn -0.795570 0.283858 -0.535251
vn -0.905937 0.283859 0.314171
vn -0.855803 -0.515854 -0.038675
vn -0.806205 0.395598 -0.439927
vn -0.915164 0.148264 0.374824
vn -0.837269 -0.515855 -0.181310
vn -0.820369 0.474838 -0.318627
vn -0.918384 0.000002 0.395691
vn -0.820373 -0.474836 -0.318621
vn -0.837271 0.515853 -0.181310
vn -0.915164 -0.148269 0.374822
vn -0.806204 -0.395599 -0.439929
vn -0.855804 0.515852 -0.038674
vn -0.905936 -0.283856 0.314174
vn -0.795570 -0.283859 -0.535250
vn -0.788966 -0.219398 -0.573931
vn 0.032708 -0.904359 -0.425517
vn 0.029986 -0.902018 -0.430656
vn -0.007058 0.992765 -0.119869
vn -0.010700 0.993370 -0.114466
vn 0.068694 -0.471916 -0.878963
vn 0.116643 -0.424849 -0.897718
vn -0.107652 0.749465 0.653233
vn -0.111640 0.745940 0.656590
vn 0.076215 -0.090701 -0.992958
vn 0.128694 -0.049193 -0.990463
vn 0.082993 0.567780 -0.818986
vn 0.079736 0.573065 -0.815621
vn -0.991664 -0.000002 -0.128850
vn -0.991664 0.000000 -0.128849
vn -0.991664 0.000001 -0.128847
vn -0.991664 0.000002 -0.128847
vn -0.991665 -0.000000 -0.128847
vn -0.991664 -0.000000 -0.128848
vn -0.991665 0.000002 -0.128845
vn -0.991664 -0.000000 -0.128847
vn -0.991664 0.000001 -0.128851
vn -0.991664 0.000000 -0.128850
vn -0.991664 0.000000 -0.128851
vn -0.991664 -0.000001 -0.128849
vn -0.991664 -0.000002 -0.128847
vn -0.991664 -0.000001 -0.128848
vn -0.991664 0.000001 -0.128848
vn -0.991664 0.000000 -0.128849
vn -0.991664 0.000002 -0.128848
vn -0.991664 0.000001 -0.128848
vn -0.991664 0.000000 -0.128850
vn -0.991664 0.000001 -0.128849
vn -0.991664 -0.000000 -0.128849
vn -0.991664 -0.000000 -0.128849
vn -0.991665 -0.000001 -0.128846
vn -0.991664 -0.000001 -0.128848
vn -0.991664 0.000002 -0.128849
vn -0.991664 0.000000 -0.128848
vn -0.991664 0.000003 -0.128851
vn -0.991664 0.000000 -0.128848
vn -0.991664 -0.000001 -0.128848
vn -0.991665 -0.000004 -0.128846
vn 0.113942 0.466894 -0.876942
vn 0.113943 0.466895 -0.876941
vn 0.068530 0.846831 -0.527429
vn 0.068530 0.846830 -0.527431
vn -0.096311 0.664286 0.741247
vn -0.096311 0.664290 0.741244
vn -0.110831 0.510019 0.852993
vn -0.110830 0.510011 0.852998
vn 0.035462 -0.961382 -0.272925
vn 0.035461 -0.961382 -0.272923
vn 0.083204 -0.763548 -0.640368
vn 0.083205 -0.763544 -0.640373
vn -0.128693 0.049193 0.990464
vn -0.128691 0.049182 0.990464
vn -0.127470 -0.145881 0.981056
vn -0.127471 -0.145875 0.981056
vn -0.107617 -0.549912 0.828260
vn -0.107617 -0.549912 0.828260
vn 0.116685 -0.424153 -0.898042
vn 0.116685 -0.424154 -0.898041
vn 0.005967 0.998927 -0.045923
vn 0.005967 0.998927 -0.045922
vn -0.068415 -0.847389 0.526546
vn -0.068415 -0.847389 0.526546
vn 0.128850 0.000005 -0.991664
vn 0.128849 -0.000000 -0.991664
vn -0.052456 0.913377 0.403721
vn -0.052456 0.913377 0.403722
vn -0.017905 -0.990298 0.137802
vn -0.017905 -0.990298 0.137803
vn -0.127466 0.146166 0.981014
vn -0.127465 0.146168 0.981014
vn 0.601966 0.004351 0.798510
vn 0.601966 0.004352 0.798510
vn 0.712992 0.005154 0.701153
vn 0.704920 -0.001300 0.709285
vn 0.858882 -0.005554 0.512144
vn 0.963654 0.006967 0.267064
vn 0.999937 0.007229 0.008549
vn 0.966694 -0.000296 -0.255934
vn 0.870231 -0.011999 -0.492498
vn 0.714604 -0.010397 -0.699452
vn 0.739665 -0.216445 -0.637219
vn 0.509053 -0.005317 -0.860719
vn 0.265965 -0.005263 -0.963968
vn 0.015425 -0.241628 -0.970246
vn 0.007684 -0.010580 -0.999915
vn -0.235838 -0.268965 -0.933830
vn -0.250853 -0.014735 -0.967913
vn -0.353987 -0.276123 -0.893560
vn -0.374605 -0.016265 -0.927042
vn 0.365716 0.018006 0.930552
vn 0.364521 0.019473 0.930991
vn 0.343302 0.278061 0.897121
vn 0.343253 0.281492 0.896069
vn -0.058548 -0.997604 0.036845
vn -0.071143 -0.996360 0.046970
vn -0.005880 -0.999968 -0.005464
vn 0.002465 -0.999923 -0.012164
vn 0.787211 -0.262682 -0.557941
vn 0.101823 -0.502635 -0.858482
vn -0.188733 -0.507449 -0.840759
vn 0.740979 -0.057794 0.669037
vn -0.860611 -0.040915 0.507617
vn -0.875172 0.007586 0.483753
vn -0.305971 -0.520338 -0.797265
vn 0.601966 0.004353 0.798510
vn 0.296072 0.522534 0.799562
vn 0.295647 0.522821 0.799532
vn 0.980655 0.087839 -0.174926
vn 0.487056 0.303831 0.818818
vn 0.479061 0.305186 0.823020
vn 0.198329 -0.608562 -0.768322
vn 0.492564 0.003563 0.870269
vn 0.492565 0.003560 0.870268
vn 0.465331 -0.338662 0.817787
vn 0.465333 -0.338665 0.817784
vn 0.381978 -0.640043 0.666662
vn 0.381980 -0.640043 0.666660
vn 0.252547 -0.864225 0.435126
vn 0.252546 -0.864223 0.435132
vn 0.092650 -0.984164 0.151121
vn 0.092649 -0.984163 0.151125
vn -0.078419 -0.985401 -0.151116
vn -0.078419 -0.985401 -0.151116
vn -0.240026 -0.867785 -0.435128
vn -0.240024 -0.867784 -0.435132
vn -0.372678 -0.645499 -0.666665
vn -0.372678 -0.645497 -0.666667
vn -0.460387 -0.345357 -0.817785
vn -0.460389 -0.345361 -0.817782
vn -0.492546 -0.006259 -0.870264
vn -0.492567 -0.003565 -0.870267
vn -0.486340 0.170134 -0.857046
vn -0.486336 0.170137 -0.857048
vn 0.161282 0.941079 0.297250
vn 0.239630 0.868177 0.434564
vn 0.372688 0.645496 0.666662
vn 0.372687 0.645497 0.666662
vn -0.875167 0.009928 0.483719
vn -0.869223 -0.009763 0.494324
vn 0.460390 0.345356 0.817784
vn 0.460386 0.345361 0.817784
vn -0.870245 -0.006290 0.492580
vn -0.870244 -0.006293 0.492581
vn -0.870244 -0.006293 0.492581
vn -0.870244 -0.006291 0.492581
vn -0.870244 -0.006290 0.492580
vn -0.870244 -0.006294 0.492581
vn -0.870244 -0.006292 0.492580
vn -0.870244 -0.006293 0.492580
vn 0.374734 0.002710 0.927129
vn 0.245318 -0.004621 0.969432
vn 0.234122 0.001693 0.972206
vn 0.374735 0.002709 0.927128
vn -0.002883 -0.011784 0.999926
vn -0.267058 -0.001932 0.963679
vn -0.507370 -0.003668 0.861720
vn -0.716927 -0.012467 0.697037
vn -0.869966 -0.024581 0.492499
vn -0.967318 -0.022558 0.252560
vn -0.999846 -0.016227 -0.006641
vn -0.924606 -0.228477 0.304799
vn -0.963260 -0.014150 -0.268199
vn -0.861094 -0.016860 -0.508166
vn -0.837115 -0.247789 -0.487688
vn -0.700559 -0.017986 -0.713368
vn -0.676281 -0.272151 -0.684527
vn -0.601814 -0.017908 -0.798436
vn -0.580871 -0.277762 -0.765138
vn 0.609378 0.019766 0.792634
vn 0.588489 0.283262 0.757261
vn 0.589404 0.279841 0.757821
vn 0.610354 0.021250 0.791843
vn 0.009295 -0.999858 -0.014053
vn 0.087793 -0.995211 -0.042992
vn -0.880601 -0.274740 0.386082
vn -0.618117 -0.510555 -0.597716
vn -0.782905 -0.509028 -0.357700
vn 0.192874 -0.061755 0.979278
vn 0.865048 0.020205 -0.501282
vn 0.878559 -0.028338 -0.476793
vn -0.520354 -0.521887 -0.675918
vn 0.374735 0.002710 0.927128
vn 0.527582 0.524495 0.668254
vn 0.527393 0.524205 0.668630
vn -0.655618 0.076014 0.751257
vn 0.455696 0.305015 0.836246
vn 0.447996 0.303546 0.840927
vn -0.754117 -0.615444 -0.229209
vn 0.492565 0.003561 0.870268
vn 0.465334 -0.338663 0.817785
vn 0.465335 -0.338661 0.817785
vn 0.492565 0.003559 0.870269
vn 0.381973 -0.640042 0.666666
vn 0.381974 -0.640042 0.666665
vn 0.252540 -0.864222 0.435137
vn 0.252540 -0.864222 0.435137
vn 0.092650 -0.984164 0.151121
vn 0.092645 -0.984164 0.151120
vn -0.078406 -0.985401 -0.151123
vn -0.078411 -0.985400 -0.151125
vn -0.240018 -0.867784 -0.435135
vn -0.240014 -0.867785 -0.435134
vn -0.372684 -0.645497 -0.666663
vn -0.372682 -0.645499 -0.666663
vn -0.460385 -0.345361 -0.817785
vn -0.460386 -0.345358 -0.817785
vn -0.492569 -0.003562 -0.870266
vn -0.492546 -0.006256 -0.870264
vn -0.486343 0.170134 -0.857045
vn -0.486341 0.170139 -0.857044
vn 0.239729 0.868171 0.434522
vn 0.161531 0.941068 0.297153
vn 0.372678 0.645497 0.666667
vn 0.372677 0.645497 0.666668
vn 0.864998 0.022526 -0.501270
vn 0.871254 0.002814 -0.490825
vn 0.460389 0.345359 0.817783
vn 0.460388 0.345356 0.817785
vn 0.870245 0.006290 -0.492579
vn 0.870244 0.006293 -0.492581
vn 0.870244 0.006293 -0.492581
vn 0.870244 0.006292 -0.492581
vn 0.870244 0.006291 -0.492580
vn 0.870244 0.006294 -0.492581
vn 0.870245 0.006289 -0.492578
vn 0.870245 0.006291 -0.492579
vn 0.892910 0.225557 -0.389662
vn 0.921792 0.187187 -0.339500
vn 0.908820 0.395598 -0.132469
vn 0.847291 0.474834 -0.237972
vn 0.730180 0.069618 -0.679698
vn 0.725521 0.000002 -0.688200
vn 0.870268 -0.000000 -0.492579
vn 0.870268 -0.000001 -0.492578
vn 0.743844 0.133731 -0.654838
vn 0.870267 0.000001 -0.492580
vn 0.765545 0.187186 -0.615550
vn 0.870266 0.000000 -0.492581
vn 0.793683 0.225557 -0.564970
vn 0.870267 0.000001 -0.492580
vn 0.826067 0.245611 -0.507236
vn 0.870267 0.000001 -0.492580
vn 0.860082 0.245608 -0.447142
vn 0.870266 -0.000000 -0.492582
vn 0.870267 0.000001 -0.492580
vn 0.870266 0.000000 -0.492581
vn 0.944304 0.133735 -0.300673
vn 0.870267 0.000000 -0.492580
vn 0.958586 0.069617 -0.276165
vn 0.870267 0.000000 -0.492581
vn 0.963477 -0.000000 -0.267792
vn 0.870267 -0.000000 -0.492581
vn 0.958586 -0.069618 -0.276165
vn 0.870267 -0.000000 -0.492581
vn 0.944305 -0.133736 -0.300671
vn 0.870267 -0.000000 -0.492580
vn 0.921792 -0.187187 -0.339500
vn 0.870267 0.000001 -0.492580
vn 0.892910 -0.225559 -0.389660
vn 0.870266 -0.000001 -0.492581
vn 0.860083 -0.245606 -0.447141
vn 0.870267 0.000001 -0.492581
vn 0.826067 -0.245608 -0.507238
vn 0.870267 0.000001 -0.492579
vn 0.793682 -0.225561 -0.564970
vn 0.870266 0.000000 -0.492581
vn 0.765545 -0.187186 -0.615550
vn 0.870267 0.000001 -0.492580
vn 0.743844 -0.133735 -0.654836
vn 0.870267 -0.000001 -0.492581
vn 0.736042 -0.103099 -0.669038
vn 0.870267 -0.000002 -0.492580
vn 0.723383 -0.036009 -0.689507
vn 0.870267 0.000001 -0.492580
vn 0.515347 -0.027789 0.856531
vn 0.512635 -0.021786 0.858330
vn 0.847291 -0.474837 -0.237966
vn 0.908818 -0.395602 -0.132469
vn 0.496630 -0.000001 -0.867962
vn 0.495226 -0.075249 -0.865499
vn 0.535641 0.283857 -0.795307
vn 0.506590 0.148271 -0.849342
vn 0.957568 0.283859 -0.049871
vn 0.778336 -0.515847 -0.357904
vn 0.581371 0.395602 -0.710991
vn 0.988944 0.148263 0.002847
vn 0.707478 -0.515857 -0.483080
vn 0.640148 0.474829 -0.603943
vn 0.999780 0.000000 0.020974
vn 0.640145 -0.474838 -0.603939
vn 0.707482 0.515855 -0.483077
vn 0.988944 -0.148264 0.002847
vn 0.581370 -0.395601 -0.710991
vn 0.778330 0.515857 -0.357902
vn 0.957568 -0.283861 -0.049868
vn 0.535644 -0.283859 -0.795305
vn 0.514968 -0.219397 -0.828657
vn -0.189854 -0.902016 -0.387714
vn -0.190444 -0.904357 -0.381928
vn -0.033165 0.993369 -0.110078
vn -0.038573 0.992765 -0.113708
vn -0.445916 -0.424848 -0.787822
vn -0.394429 -0.471918 -0.788492
vn 0.350528 0.745941 0.566306
vn 0.345572 0.749467 0.564694
vn -0.444297 -0.090699 -0.891276
vn -0.491984 -0.049187 -0.869213
vn -0.380828 0.573065 -0.725649
vn -0.385111 0.567777 -0.727542
vn 0.870269 0.000007 -0.492577
vn 0.870268 0.000001 -0.492579
vn 0.870267 0.000001 -0.492580
vn 0.870268 0.000001 -0.492579
vn 0.870265 -0.000002 -0.492584
vn 0.870268 0.000000 -0.492579
vn 0.870270 0.000000 -0.492575
vn 0.870268 0.000002 -0.492579
vn 0.870265 0.000004 -0.492585
vn 0.870265 0.000001 -0.492583
vn 0.870265 -0.000001 -0.492583
vn 0.870266 0.000001 -0.492582
vn 0.870268 -0.000005 -0.492578
vn 0.870266 -0.000002 -0.492582
vn 0.870267 0.000001 -0.492581
vn 0.870266 0.000001 -0.492581
vn 0.870266 0.000002 -0.492583
vn 0.870266 0.000003 -0.492583
vn 0.870269 0.000005 -0.492577
vn 0.870267 0.000001 -0.492581
vn 0.870266 0.000002 -0.492582
vn 0.870266 -0.000000 -0.492581
vn 0.870268 -0.000003 -0.492578
vn 0.870266 -0.000001 -0.492581
vn 0.870266 0.000002 -0.492582
vn 0.870266 -0.000001 -0.492581
vn 0.870264 0.000005 -0.492586
vn 0.870268 -0.000002 -0.492578
vn 0.870269 -0.000007 -0.492577
vn 0.870267 -0.000001 -0.492580
vn -0.435596 0.466890 -0.769591
vn -0.261983 0.846832 -0.462860
vn -0.261984 0.846832 -0.462861
vn -0.435596 0.466891 -0.769590
vn 0.368194 0.664284 0.650507
vn 0.423705 0.510002 0.748580
vn 0.423706 0.509995 0.748584
vn 0.368195 0.664280 0.650511
vn -0.135566 -0.961382 -0.239512
vn -0.318091 -0.763537 -0.561988
vn -0.318091 -0.763537 -0.561987
vn -0.135566 -0.961382 -0.239512
vn 0.491984 0.049187 0.869213
vn 0.487310 -0.145884 0.860957
vn 0.487313 -0.145869 0.860958
vn 0.491985 0.049191 0.869213
vn 0.411413 -0.549914 0.726866
vn 0.411416 -0.549907 0.726869
vn -0.446076 -0.424152 -0.788106
vn -0.446076 -0.424152 -0.788106
vn -0.022811 0.998927 -0.040301
vn -0.022811 0.998927 -0.040301
vn 0.261539 -0.847398 0.462076
vn 0.261538 -0.847399 0.462074
vn -0.492580 0.000000 -0.870267
vn -0.492580 0.000000 -0.870267
vn 0.200535 0.913378 0.354297
vn 0.200535 0.913378 0.354297
vn 0.068450 -0.990298 0.120933
vn 0.068448 -0.990298 0.120931
vn 0.411172 0.550660 0.726438
vn 0.445916 0.424849 0.787821
vn 0.445916 0.424847 0.787822
vn 0.411172 0.550659 0.726438
vn 0.317734 0.764149 0.561357
vn 0.317734 0.764147 0.561359
vn 0.200221 0.913661 0.353744
vn 0.200220 0.913661 0.353744
vn 0.068324 0.990333 0.120715
vn 0.068324 0.990334 0.120712
vn -0.068326 0.990333 -0.120715
vn -0.068326 0.990333 -0.120715
vn -0.200222 0.913662 -0.353742
vn -0.200222 0.913661 -0.353743
vn -0.317734 0.764148 -0.561358
vn -0.317734 0.764148 -0.561358
vn -0.411172 0.550656 -0.726440
vn -0.411172 0.550657 -0.726439
vn -0.471625 0.288577 -0.833243
vn -0.471625 0.288578 -0.833242
vn -0.492581 0.000001 -0.870267
vn -0.492581 0.000001 -0.870267
vn -0.471625 -0.288578 -0.833242
vn -0.471624 -0.288579 -0.833242
vn -0.411172 -0.550659 -0.726438
vn -0.411172 -0.550659 -0.726438
vn -0.317736 -0.764146 -0.561360
vn -0.317736 -0.764146 -0.561360
vn -0.200224 -0.913660 -0.353746
vn -0.200221 -0.913661 -0.353743
vn -0.068321 -0.990334 -0.120712
vn -0.068322 -0.990334 -0.120712
vn 0.068327 -0.990333 0.120714
vn 0.068324 -0.990334 0.120712
vn 0.200222 -0.913662 0.353742
vn 0.200222 -0.913662 0.353742
vn 0.317736 -0.764146 0.561360
vn 0.317735 -0.764146 0.561360
vn 0.411171 -0.550660 0.726438
vn 0.411172 -0.550659 0.726438
vn 0.471624 -0.288580 0.833242
vn 0.471625 -0.288578 0.833242
vn 0.492582 0.000001 0.870266
vn 0.492582 0.000001 0.870266
vn -0.793684 0.225557 0.564968
vn -0.640150 0.474835 0.603938
vn -0.581370 0.395599 0.710992
vn -0.765544 0.187185 0.615552
vn -0.958586 0.069618 0.276165
vn -0.870267 -0.000000 0.492581
vn -0.870267 0.000001 0.492581
vn -0.963477 0.000000 0.267790
vn -0.944304 0.133735 0.300673
vn -0.870266 0.000000 0.492581
vn -0.921792 0.187186 0.339500
vn -0.870267 -0.000001 0.492580
vn -0.892911 0.225556 0.389660
vn -0.870267 -0.000000 0.492580
vn -0.860081 0.245610 0.447143
vn -0.870267 -0.000001 0.492581
vn -0.826067 0.245608 0.507237
vn -0.870267 -0.000001 0.492579
vn -0.870267 -0.000001 0.492580
vn -0.870267 -0.000002 0.492580
vn -0.743843 0.133736 0.654838
vn -0.870267 -0.000000 0.492581
vn -0.730182 0.069619 0.679696
vn -0.870267 0.000001 0.492580
vn -0.725522 -0.000002 0.688199
vn -0.870268 -0.000000 0.492578
vn -0.730181 -0.069619 0.679697
vn -0.870268 -0.000001 0.492579
vn -0.743841 -0.133736 0.654839
vn -0.870267 -0.000000 0.492580
vn -0.765544 -0.187187 0.615551
vn -0.870267 0.000000 0.492580
vn -0.793682 -0.225561 0.564970
vn -0.870267 -0.000001 0.492580
vn -0.826065 -0.245610 0.507240
vn -0.870267 -0.000001 0.492581
vn -0.860083 -0.245608 0.447140
vn -0.870267 -0.000000 0.492581
vn -0.892910 -0.225562 0.389658
vn -0.870267 -0.000000 0.492580
vn -0.921790 -0.187187 0.339504
vn -0.870267 -0.000001 0.492580
vn -0.944304 -0.133735 0.300673
vn -0.870266 -0.000002 0.492581
vn -0.952464 -0.103098 0.286675
vn -0.870266 -0.000002 0.492582
vn -0.870267 0.000003 0.492581
vn -0.963497 -0.036010 0.265286
vn 0.472025 -0.021783 0.881316
vn 0.469088 -0.027787 0.882714
vn -0.581367 -0.395601 0.710994
vn -0.640144 -0.474841 0.603938
vn -0.996945 -0.075249 -0.020916
vn -0.999780 0.000001 -0.020980
vn -0.988943 0.148268 -0.002848
vn -0.957569 0.283856 0.049870
vn -0.535641 0.283860 0.795307
vn -0.707479 -0.515853 0.483083
vn -0.908818 0.395603 0.132472
vn -0.506596 0.148265 0.849340
vn -0.778328 -0.515856 0.357907
vn -0.847295 0.474830 0.237967
vn -0.496633 -0.000001 0.867961
vn -0.847291 -0.474840 0.237959
vn -0.778330 0.515853 0.357908
vn -0.506594 -0.148264 0.849341
vn -0.908818 -0.395601 0.132474
vn -0.707478 0.515857 0.483080
vn -0.535638 -0.283866 0.795306
vn -0.957568 -0.283859 0.049873
vn -0.975520 -0.219398 0.014976
vn -0.229419 -0.904358 -0.359867
vn -0.234681 -0.902015 -0.362344
vn -0.077634 0.992765 -0.091600
vn -0.077305 0.993369 -0.085095
vn -0.472989 -0.471920 -0.744025
vn -0.445917 -0.424855 -0.787817
vn 0.306266 0.749468 0.586941
vn 0.305096 0.745942 0.592020
vn -0.535447 -0.090702 -0.839684
vn -0.491987 -0.049192 -0.869211
vn -0.425531 0.567778 -0.704664
vn -0.426114 0.573065 -0.700017
vn -0.870267 0.000000 0.492580
vn -0.870267 -0.000002 0.492581
vn -0.870267 -0.000000 0.492580
vn -0.870268 0.000005 0.492579
vn -0.870268 -0.000003 0.492579
vn -0.870267 -0.000002 0.492580
vn -0.870266 -0.000002 0.492582
vn -0.870267 -0.000002 0.492580
vn -0.870266 -0.000002 0.492582
vn -0.870267 -0.000003 0.492580
vn -0.870269 0.000001 0.492577
vn -0.870267 -0.000001 0.492580
vn -0.870268 0.000002 0.492578
vn -0.870267 0.000000 0.492581
vn -0.870267 0.000000 0.492580
vn -0.870267 0.000000 0.492580
vn -0.870267 -0.000000 0.492581
vn -0.870267 -0.000001 0.492581
vn -0.870269 -0.000003 0.492577
vn -0.870268 0.000000 0.492579
vn -0.870266 -0.000001 0.492582
vn -0.870267 0.000000 0.492581
vn -0.870265 0.000001 0.492583
vn -0.870267 -0.000000 0.492581
vn -0.870266 -0.000003 0.492582
vn -0.870268 -0.000000 0.492579
vn -0.870266 -0.000004 0.492583
vn -0.870268 -0.000000 0.492578
vn -0.870268 0.000001 0.492579
vn -0.870269 0.000008 0.492576
vn -0.435596 0.466891 -0.769590
vn -0.435597 0.466889 -0.769591
vn -0.261984 0.846832 -0.462861
vn -0.261984 0.846831 -0.462862
vn 0.368197 0.664278 0.650512
vn 0.368196 0.664280 0.650510
vn 0.423705 0.510002 0.748580
vn 0.423705 0.510000 0.748581
vn -0.135574 -0.961378 -0.239526
vn -0.135575 -0.961378 -0.239526
vn -0.318092 -0.763535 -0.561989
vn -0.318093 -0.763534 -0.561990
vn 0.491983 0.049198 0.869213
vn 0.491985 0.049186 0.869213
vn 0.487311 -0.145875 0.860958
vn 0.487311 -0.145873 0.860958
vn 0.411415 -0.549911 0.726867
vn 0.411414 -0.549914 0.726865
vn -0.446078 -0.424148 -0.788107
vn -0.446078 -0.424147 -0.788108
vn -0.022811 0.998927 -0.040301
vn -0.022811 0.998927 -0.040301
vn 0.261546 -0.847390 0.462086
vn 0.261546 -0.847390 0.462086
vn -0.492581 -0.000000 -0.870267
vn -0.492581 -0.000000 -0.870267
vn 0.200538 0.913376 0.354301
vn 0.200539 0.913375 0.354302
vn 0.068449 -0.990298 0.120932
vn 0.068449 -0.990298 0.120932
vn 0.487291 0.146167 0.860920
vn 0.487291 0.146165 0.860920
vn 0.000000 -1.000000 0.000000
vn 0.000000 -1.000000 0.000000
vn 0.342021 -0.939692 0.000000
vn 0.342021 -0.939692 0.000000
vn 0.500005 -0.866022 0.000000
vn 0.500005 -0.866022 0.000000
vn 0.766040 -0.642793 0.000000
vn 0.766040 -0.642793 0.000000
vn 0.866024 -0.500003 0.000000
vn 0.866024 -0.500003 0.000000
vn 0.984808 -0.173647 0.000000
vn 0.984808 -0.173647 0.000000
vn 0.984807 0.173650 0.000000
vn 0.984807 0.173650 0.000000
vn 0.866025 0.500001 0.000000
vn 0.866025 0.500001 0.000000
vn 0.642788 0.766044 0.000000
vn 0.642788 0.766044 0.000000
vn 0.342021 0.939692 0.000000
vn 0.342021 0.939692 0.000000
vn -0.000000 1.000000 0.000000
vn -0.000000 1.000000 0.000000
vn -0.342021 0.939692 0.000000
vn -0.342021 0.939692 0.000000
vn -0.642788 0.766044 0.000000
vn -0.642788 0.766044 0.000000
vn -0.866025 0.500000 0.000000
vn -0.866025 0.500000 0.000000
vn -0.984807 0.173650 0.000000
vn -0.984807 0.173650 0.000000
vn -0.984808 -0.173649 0.000000
vn -0.984808 -0.173649 0.000000
vn -0.866025 -0.500000 0.000000
vn -0.866025 -0.500000 0.000000
vn -0.642791 -0.766042 0.000000
vn -0.642791 -0.766042 0.000000
vn -0.340414 0.935304 -0.096562
vn -0.000001 0.995327 -0.096563
vn -0.000002 0.956842 -0.290610
vn -0.327252 0.899140 -0.290609
vn -0.342020 -0.939693 0.000000
vn -0.342020 -0.939693 0.000000
vn 0.000000 0.000000 -1.000000
vn 0.000000 0.000000 -1.000000
vn 0.000000 0.000000 -1.000000
vn 0.000000 0.000000 -1.000000
vn 0.000000 0.000000 -1.000000
vn 0.000000 0.000000 -1.000000
vn 0.000000 0.000000 -1.000000
vn 0.000000 0.000000 -1.000000
vn 0.000000 0.000000 -1.000000
vn 0.000000 0.000000 -1.000000
vn 0.000000 0.000000 -1.000000
vn 0.000000 0.000000 -1.000000
vn 0.000000 0.000000 -1.000000
vn 0.000000 0.000000 -1.000000
vn 0.000000 0.000000 -1.000000
vn 0.000000 0.000000 -1.000000
vn 0.000000 0.000000 -1.000000
vn 0.000000 0.000000 -1.000000
vn 0.000000 0.000000 -1.000000
vn 0.000000 0.000000 -1.000000
vn 0.000000 0.000000 -1.000000
vn 0.000000 0.000000 -1.000000
vn 0.000000 0.000000 -1.000000
vn 0.000000 0.000000 -1.000000
vn 0.000000 0.000000 -1.000000
vn 0.000000 0.000000 -1.000000
vn 0.000000 0.000000 -1.000000
vn 0.000000 0.000000 -1.000000
vn 0.000000 0.000000 -1.000000
vn 0.000000 0.000000 -1.000000
vn 0.000000 0.000000 -1.000000
vn 0.000000 0.000000 -1.000000
vn 0.000000 0.000000 -1.000000
vn 0.000000 0.000000 -1.000000
vn 0.000000 0.000000 -1.000000
vn 0.000000 0.000000 -1.000000
vn -0.615047 0.732982 -0.290610
vn -0.299159 0.821971 -0.484631
vn -0.562260 0.670069 -0.484635
vn 0.861977 -0.497665 -0.096566
vn 0.762567 -0.639880 -0.095109
vn 0.733917 -0.615831 -0.286563
vn 0.828649 -0.478419 -0.290613
vn 0.000001 -0.995326 -0.096571
vn -0.340421 -0.935301 -0.096567
vn -0.327255 -0.899138 -0.290612
vn 0.000000 -0.956842 -0.290610
vn -0.639784 0.762464 -0.096566
vn 0.980205 -0.172837 -0.096568
vn 0.942305 -0.166152 -0.290611
vn -0.861980 0.497660 -0.096565
vn -0.828650 0.478419 -0.290610
vn 0.980205 0.172838 -0.096565
vn 0.942304 0.166157 -0.290611
vn -0.980205 0.172838 -0.096566
vn -0.942304 0.166157 -0.290611
vn 0.861981 0.497659 -0.096564
vn 0.828650 0.478419 -0.290611
vn -0.980206 -0.172835 -0.096568
vn -0.942305 -0.166152 -0.290611
vn 0.639782 0.762466 -0.096567
vn 0.615046 0.732983 -0.290611
vn -0.861977 -0.497665 -0.096569
vn -0.828650 -0.478419 -0.290611
vn 0.340416 0.935303 -0.096563
vn 0.327255 0.899139 -0.290607
vn 0.340423 -0.935300 -0.096570
vn 0.327256 -0.899139 -0.290608
vn -0.639784 -0.762464 -0.096563
vn -0.615044 -0.732984 -0.290611
vn 0.497732 -0.862100 -0.095112
vn 0.479027 -0.829710 -0.286558
vn 0.757526 -0.437361 -0.484634
vn 0.861428 -0.151894 -0.484633
vn -0.757529 0.437353 -0.484636
vn 0.861428 0.151894 -0.484635
vn -0.861428 0.151892 -0.484635
vn 0.757530 0.437353 -0.484634
vn -0.861428 -0.151893 -0.484634
vn 0.562261 0.670070 -0.484633
vn -0.757526 -0.437359 -0.484636
vn 0.299163 0.821968 -0.484634
vn -0.000002 -0.874721 -0.484627
vn 0.299176 -0.821964 -0.484634
vn -0.562257 -0.670071 -0.484636
vn -0.000004 0.874717 -0.484635
vn 0.438921 -0.760217 -0.478977
vn -0.299178 -0.821966 -0.484629
vn 0.672455 -0.564260 -0.478973
vn 0.000000 -1.000000 0.000000
vn 0.000000 -1.000000 0.000000
vn 0.342020 -0.939693 0.000000
vn 0.342020 -0.939693 0.000000
vn 0.500007 -0.866021 0.000000
vn 0.500007 -0.866021 0.000000
vn 0.766041 -0.642792 0.000000
vn 0.766041 -0.642792 0.000000
vn 0.866024 -0.500002 0.000000
vn 0.866024 -0.500002 0.000000
vn 0.984808 -0.173648 0.000000
vn 0.984808 -0.173648 0.000000
vn 0.984807 0.173650 0.000000
vn 0.984807 0.173650 0.000000
vn 0.866025 0.500001 0.000000
vn 0.866025 0.500001 0.000000
vn 0.642788 0.766044 0.000000
vn 0.642788 0.766044 0.000000
vn 0.342020 0.939693 0.000000
vn 0.342020 0.939693 0.000000
vn -0.000000 1.000000 0.000000
vn -0.000000 1.000000 0.000000
vn -0.342020 0.939693 0.000000
vn -0.342020 0.939693 0.000000
vn -0.642787 0.766045 0.000000
vn -0.642787 0.766045 0.000000
vn -0.866025 0.500000 0.000000
vn -0.866025 0.500000 0.000000
vn -0.984807 0.173650 0.000000
vn -0.984807 0.173650 0.000000
vn -0.984808 -0.173648 0.000000
vn -0.984808 -0.173648 0.000000
vn -0.866025 -0.500000 0.000000
vn -0.866025 -0.500000 0.000000
vn -0.642792 -0.766041 0.000000
vn -0.642792 -0.766041 0.000000
vn -0.340417 0.935303 -0.096562
vn -0.000000 0.995327 -0.096562
vn -0.000001 0.956842 -0.290609
vn -0.327255 0.899139 -0.290609
vn -0.342019 -0.939693 0.000000
vn -0.342019 -0.939693 0.000000
vn 0.000000 0.000000 -1.000000
vn 0.000000 0.000000 -1.000000
vn 0.000000 0.000000 -1.000000
vn 0.000000 0.000000 -1.000000
vn 0.000000 0.000000 -1.000000
vn 0.000000 0.000000 -1.000000
vn 0.000000 0.000000 -1.000000
vn 0.000000 0.000000 -1.000000
vn 0.000000 0.000000 -1.000000
vn 0.000000 0.000000 -1.000000
vn 0.000000 0.000000 -1.000000
vn 0.000000 0.000000 -1.000000
vn 0.000000 0.000000 -1.000000
vn 0.000000 0.000000 -1.000000
vn 0.000000 0.000000 -1.000000
vn 0.000000 0.000000 -1.000000
vn 0.000000 0.000000 -1.000000
vn 0.000000 0.000000 -1.000000
vn 0.000000 0.000000 -1.000000
vn 0.000000 0.000000 -1.000000
vn 0.000000 0.000000 -1.000000
vn 0.000000 0.000000 -1.000000
vn 0.000000 0.000000 -1.000000
vn 0.000000 0.000000 -1.000000
vn 0.000000 0.000000 -1.000000
vn 0.000000 0.000000 -1.000000
vn 0.000000 0.000000 -1.000000
vn 0.000000 0.000000 -1.000000
vn 0.000000 0.000000 -1.000000
vn 0.000000 0.000000 -1.000000
vn 0.000000 0.000000 -1.000000
vn 0.000000 0.000000 -1.000000
vn 0.000000 0.000000 -1.000000
vn 0.000000 0.000000 -1.000000
vn 0.000000 0.000000 -1.000000
vn 0.000000 0.000000 -1.000000
vn -0.615047 0.732982 -0.290610
vn -0.299164 0.821968 -0.484633
vn -0.562260 0.670069 -0.484636
vn 0.861977 -0.497666 -0.096565
vn 0.762570 -0.639876 -0.095113
vn 0.733914 -0.615835 -0.286561
vn 0.828647 -0.478423 -0.290611
vn -0.000000 -0.995326 -0.096575
vn -0.340421 -0.935301 -0.096573
vn -0.327256 -0.899137 -0.290614
vn -0.000000 -0.956841 -0.290612
vn -0.639784 0.762465 -0.096565
vn 0.980205 -0.172838 -0.096566
vn 0.942305 -0.166152 -0.290611
vn -0.861980 0.497661 -0.096566
vn -0.828650 0.478419 -0.290611
vn 0.980205 0.172837 -0.096565
vn 0.942304 0.166157 -0.290611
vn -0.980205 0.172837 -0.096567
vn -0.942304 0.166156 -0.290611
vn 0.861980 0.497661 -0.096564
vn 0.828649 0.478420 -0.290611
vn -0.980206 -0.172834 -0.096567
vn -0.942305 -0.166152 -0.290611
vn 0.639782 0.762465 -0.096566
vn 0.615046 0.732983 -0.290611
vn -0.861979 -0.497662 -0.096566
vn -0.828649 -0.478421 -0.290611
vn 0.340418 0.935303 -0.096563
vn 0.327257 0.899138 -0.290608
vn 0.340424 -0.935299 -0.096575
vn 0.327258 -0.899137 -0.290612
vn -0.639784 -0.762464 -0.096566
vn -0.615042 -0.732985 -0.290613
vn 0.497733 -0.862099 -0.095118
vn 0.479026 -0.829709 -0.286560
vn 0.757525 -0.437362 -0.484634
vn 0.861428 -0.151894 -0.484633
vn -0.757529 0.437355 -0.484635
vn 0.861428 0.151893 -0.484634
vn -0.861428 0.151892 -0.484635
vn 0.757529 0.437356 -0.484634
vn -0.861428 -0.151893 -0.484634
vn 0.562259 0.670070 -0.484634
vn -0.757526 -0.437360 -0.484635
vn 0.299167 0.821966 -0.484634
vn -0.000001 -0.874720 -0.484629
vn 0.299174 -0.821965 -0.484633
vn -0.562254 -0.670074 -0.484634
vn -0.000003 0.874716 -0.484635
vn 0.438918 -0.760221 -0.478973
vn -0.299175 -0.821966 -0.484630
vn 0.672452 -0.564265 -0.478972
vn 0.000000 -1.000000 0.000000
vn 0.000000 -1.000000 0.000000
vn 0.342021 -0.939692 0.000000
vn 0.342021 -0.939692 0.000000
vn 0.500005 -0.866022 0.000000
vn 0.500005 -0.866022 0.000000
vn 0.766040 -0.642793 0.000000
vn 0.766040 -0.642793 0.000000
vn 0.866024 -0.500003 0.000000
vn 0.866024 -0.500003 0.000000
vn 0.984808 -0.173648 0.000000
vn 0.984808 -0.173648 0.000000
vn 0.984807 0.173650 0.000000
vn 0.984807 0.173650 0.000000
vn 0.866025 0.500001 0.000000
vn 0.866025 0.500001 0.000000
vn 0.642789 0.766044 0.000000
vn 0.642789 0.766044 0.000000
vn 0.342021 0.939692 0.000000
vn 0.342021 0.939692 0.000000
vn -0.000000 1.000000 0.000000
vn -0.000000 1.000000 0.000000
vn -0.342021 0.939692 0.000000
vn -0.342021 0.939692 0.000000
vn -0.642788 0.766044 0.000000
vn -0.642788 0.766044 0.000000
vn -0.866025 0.500000 0.000000
vn -0.866025 0.500000 0.000000
vn -0.984807 0.173650 0.000000
vn -0.984807 0.173650 0.000000
vn -0.984808 -0.173649 0.000000
vn -0.984808 -0.173649 0.000000
vn -0.866025 -0.500000 0.000000
vn -0.866025 -0.500000 0.000000
vn -0.642791 -0.766041 0.000000
vn -0.642791 -0.766041 0.000000
vn -0.340414 0.935304 -0.096562
vn -0.000001 0.995327 -0.096563
vn -0.000002 0.956842 -0.290610
vn -0.327252 0.899140 -0.290609
vn -0.342020 -0.939693 0.000000
vn -0.342020 -0.939693 0.000000
vn 0.000000 0.000000 -1.000000
vn 0.000000 0.000000 -1.000000
vn 0.000000 0.000000 -1.000000
vn 0.000000 0.000000 -1.000000
vn 0.000000 0.000000 -1.000000
vn 0.000000 0.000000 -1.000000
vn 0.000000 0.000000 -1.000000
vn 0.000000 0.000000 -1.000000
vn 0.000000 0.000000 -1.000000
vn 0.000000 0.000000 -1.000000
vn 0.000000 0.000000 -1.000000
vn 0.000000 0.000000 -1.000000
vn 0.000000 0.000000 -1.000000
vn 0.000000 0.000000 -1.000000
vn 0.000000 0.000000 -1.000000
vn 0.000000 0.000000 -1.000000
vn 0.000000 0.000000 -1.000000
vn 0.000000 0.000000 -1.000000
vn 0.000000 0.000000 -1.000000
vn 0.000000 0.000000 -1.000000
vn 0.000000 0.000000 -1.000000
vn 0.000000 0.000000 -1.000000
vn 0.000000 0.000000 -1.000000
vn 0.000000 0.000000 -1.000000
vn 0.000000 0.000000 -1.000000
vn 0.000000 0.000000 -1.000000
vn 0.000000 0.000000 -1.000000
vn 0.000000 0.000000 -1.000000
vn 0.000000 0.000000 -1.000000
vn 0.000000 0.000000 -1.000000
vn 0.000000 0.000000 -1.000000
vn 0.000000 0.000000 -1.000000
vn 0.000000 0.000000 -1.000000
vn 0.000000 0.000000 -1.000000
vn 0.000000 0.000000 -1.000000
vn 0.000000 0.000000 -1.000000
vn -0.615047 0.732982 -0.290610
vn -0.299159 0.821971 -0.484631
vn -0.562260 0.670069 -0.484635
vn 0.861976 -0.497666 -0.096565
vn 0.762567 -0.639880 -0.095109
vn 0.733916 -0.615832 -0.286563
vn 0.828649 -0.478420 -0.290612
vn 0.000001 -0.995326 -0.096572
vn -0.340421 -0.935301 -0.096567
vn -0.327255 -0.899138 -0.290612
vn -0.000000 -0.956842 -0.290610
vn -0.639784 0.762464 -0.096566
vn 0.980205 -0.172837 -0.096567
vn 0.942305 -0.166152 -0.290611
vn -0.861980 0.497660 -0.096565
vn -0.828650 0.478419 -0.290610
vn 0.980205 0.172838 -0.096564
vn 0.942304 0.166158 -0.290611
vn -0.980205 0.172838 -0.096567
vn -0.942304 0.166157 -0.290611
vn 0.861981 0.497659 -0.096563
vn 0.828649 0.478420 -0.290611
vn -0.980206 -0.172834 -0.096568
vn -0.942305 -0.166152 -0.290611
vn 0.639782 0.762466 -0.096567
vn 0.615045 0.732983 -0.290611
vn -0.861977 -0.497665 -0.096569
vn -0.828649 -0.478419 -0.290611
vn 0.340416 0.935303 -0.096563
vn 0.327255 0.899139 -0.290607
vn 0.340423 -0.935300 -0.096570
vn 0.327256 -0.899139 -0.290608
vn -0.639784 -0.762464 -0.096564
vn -0.615044 -0.732984 -0.290611
vn 0.497733 -0.862100 -0.095112
vn 0.479027 -0.829710 -0.286558
vn 0.757525 -0.437361 -0.484634
vn 0.861428 -0.151894 -0.484633
vn -0.757529 0.437353 -0.484636
vn 0.861428 0.151893 -0.484635
vn -0.861427 0.151891 -0.484636
vn 0.757530 0.437355 -0.484634
vn -0.861428 -0.151893 -0.484634
vn 0.562260 0.670070 -0.484633
vn -0.757526 -0.437358 -0.484636
vn 0.299163 0.821968 -0.484634
vn -0.000002 -0.874721 -0.484627
vn 0.299176 -0.821963 -0.484634
vn -0.562257 -0.670071 -0.484636
vn -0.000004 0.874717 -0.484634
vn 0.438922 -0.760216 -0.478977
vn -0.299178 -0.821966 -0.484629
vn 0.672454 -0.564262 -0.478972
vn 0.000000 -1.000000 0.000000
vn 0.000000 -1.000000 0.000000
vn 0.000000 -1.000000 0.000000
vn 0.000000 -1.000000 0.000000
vn 0.000000 -1.000000 0.000000
vn 0.000000 -1.000000 0.000000
vn 0.000000 -1.000000 0.000000
vn 0.000000 -1.000000 0.000000
vn 0.000000 -1.000000 0.000000
vn 0.000000 -1.000000 0.000000
vn 0.000000 -1.000000 0.000000
vn 0.000000 -1.000000 0.000000
vn 0.000000 1.000000 0.000000
vn 0.000000 1.000000 0.000000
vn 0.000000 1.000000 0.000000
vn 0.000000 1.000000 0.000000
vn 0.000000 1.000000 0.000000
vn 0.000000 1.000000 0.000000
vn 0.000000 1.000000 0.000000
vn 0.000000 1.000000 0.000000
vn 0.000000 1.000000 0.000000
vn 0.000000 1.000000 0.000000
vn 0.000000 1.000000 0.000000
vn 0.000000 1.000000 0.000000
vn 0.000000 -1.000000 0.000000
vn 0.000000 -1.000000 0.000000
vn 0.000000 -1.000000 0.000000
vn 0.000000 -1.000000 0.000000
vn 0.000000 -1.000000 0.000000
vn 0.000000 -1.000000 0.000000
vn 0.000000 -1.000000 0.000000
vn 0.000000 -1.000000 0.000000
vn 0.000000 -1.000000 0.000000
vn 0.000000 -1.000000 0.000000
vn 0.000000 -1.000000 0.000000
vn 0.000000 -1.000000 0.000000
vn 0.000000 1.000000 0.000000
vn 0.000000 1.000000 0.000000
vn 0.000000 1.000000 0.000000
vn 0.000000 1.000000 0.000000
vn 0.000000 1.000000 0.000000
vn 0.000000 1.000000 0.000000
vn 0.000000 1.000000 0.000000
vn 0.000000 1.000000 0.000000
vn 0.000000 1.000000 0.000000
vn 0.000000 1.000000 0.000000
vn 0.000000 1.000000 0.000000
vn 0.000000 1.000000 0.000000
vn 0.000000 0.000000 -1.000000
vn 0.000000 0.000000 -1.000000
vn 0.000000 0.000000 1.000000
vn 0.000000 0.000000 1.000000
vn -1.000000 0.000000 0.000000
vn -1.000000 0.000000 0.000000
vn -1.000000 0.000000 0.000000
vn -1.000000 0.000000 0.000000
vn -1.000000 0.000000 0.000000
vn -1.000000 0.000000 0.000000
vn -1.000000 0.000000 0.000000
vn -1.000000 0.000000 0.000000
vn 0.000000 0.000000 -1.000000
vn 0.000000 0.000000 -1.000000
vn 0.000000 0.000000 -1.000000
vn 0.000000 0.000000 -1.000000
vn 0.000000 0.000000 -1.000000
vn 0.000000 0.000000 -1.000000
vn 0.000000 0.000000 -1.000000
vn 0.000000 0.000000 -1.000000
vn 0.000000 0.000000 -1.000000
vn 0.000000 0.000000 -1.000000
vn 0.000000 0.000000 -1.000000
vn 0.000000 0.000000 -1.000000
vn 0.000000 0.000000 -1.000000
vn 0.000000 0.000000 -1.000000
vn 0.000000 0.000000 -1.000000
vn 0.000000 0.000000 -1.000000
vn 0.000000 0.000000 1.000000
vn 0.000000 0.000000 1.000000
vn 0.000000 0.000000 1.000000
vn 0.000000 0.000000 1.000000
vn 0.000000 0.000000 1.000000
vn 0.000000 0.000000 1.000000
vn 0.000000 0.000000 1.000000
vn 0.000000 0.000000 1.000000
vn 0.000000 0.000000 1.000000
vn 0.000000 0.000000 1.000000
vn 0.000000 0.000000 1.000000
vn 0.000000 0.000000 1.000000
vn 0.000000 0.000000 1.000000
vn 0.000000 0.000000 1.000000
vn 0.000000 0.000000 1.000000
vn 0.000000 0.000000 1.000000
vn 0.000000 0.000000 1.000000
vn 0.000000 0.000000 1.000000
vn -0.846131 -0.000001 -0.532975
vn -0.846131 0.000002 -0.532975
vn -0.846131 -0.000002 -0.532975
vn -0.846132 0.000011 -0.532974
vn -0.846131 0.000001 -0.532975
vn -0.846131 -0.000001 -0.532975
vn -0.846131 -0.000001 -0.532975
vn -0.846131 -0.000000 -0.532975
vn -0.846131 0.000001 -0.532975
vn -0.846130 -0.000004 -0.532976
vn -0.846129 -0.000016 -0.532978
vn -0.846130 0.000003 -0.532977
vn -0.846131 0.000003 -0.532975
vn -0.846131 -0.000001 -0.532975
vn 0.846131 0.000000 0.532976
vn 0.846131 0.000001 0.532976
vn 0.846131 -0.000003 0.532976
vn 0.846131 0.000003 0.532975
vn 0.846132 -0.000016 0.532974
vn 0.846131 -0.000003 0.532976
vn 0.846131 0.000001 0.532976
vn 0.846131 0.000000 0.532976
vn 0.846131 0.000000 0.532976
vn 0.846131 0.000007 0.532975
vn 0.846132 0.000012 0.532974
vn 0.846134 -0.000021 0.532970
vn 0.846131 0.000004 0.532975
vn 0.846131 -0.000001 0.532976
vn 0.248762 -0.888882 -0.384717
vn 0.248759 -0.888884 -0.384713
vn 0.248756 -0.888883 -0.384716
vn 0.248759 -0.888886 -0.384709
vn 0.248762 -0.888884 -0.384712
vn 0.248763 -0.888885 -0.384708
vn 0.248763 -0.888887 -0.384704
vn 0.248758 -0.888895 -0.384689
vn 0.248762 -0.888885 -0.384708
vn 0.248762 -0.888883 -0.384713
vn 0.000000 -1.000000 0.000000
vn 0.000000 -1.000000 0.000000
vn 0.000000 -1.000000 0.000000
vn 0.000000 -1.000000 0.000000
vn 0.000000 -1.000000 0.000000
vn 0.000000 -1.000000 0.000000
vn 0.000000 -1.000000 0.000000
vn 0.000000 -1.000000 0.000000
vn 0.000000 -1.000000 0.000000
vn 0.000000 -1.000000 0.000000
vn 0.000000 -1.000000 0.000000
vn 0.000000 -1.000000 0.000000
vn 0.000000 -1.000000 0.000000
vn 0.000000 -1.000000 0.000000
vn 0.000000 -1.000000 0.000000
vn 0.000000 -1.000000 0.000000
vn 0.000000 -1.000000 0.000000
vn 0.000000 -1.000000 0.000000
vn 0.000000 -1.000000 0.000000
vn 0.000000 -1.000000 0.000000
vn 0.000000 -1.000000 0.000000
vn 0.000000 -1.000000 0.000000
vn 0.000000 -1.000000 0.000000
vn 0.000000 -1.000000 0.000000
vn 0.000000 -1.000000 0.000000
vn 0.000000 -1.000000 0.000000
vn 0.000000 -1.000000 0.000000
vn 0.000000 -1.000000 0.000000
vn 0.000000 -1.000000 0.000000
vn 0.000000 -1.000000 0.000000
vn 0.000000 -1.000000 0.000000
vn 0.000000 -1.000000 0.000000
vn 0.000000 -1.000000 0.000000
vn 0.000000 -1.000000 0.000000
vn 0.000000 -1.000000 0.000000
vn 0.000000 -1.000000 0.000000
vn 0.000000 -1.000000 0.000000
vn 0.000000 -1.000000 0.000000
vn 0.000000 -1.000000 0.000000
vn 0.000000 -1.000000 0.000000
vn 0.000000 -1.000000 0.000000
vn 0.000000 -1.000000 0.000000
vn 0.000000 -1.000000 0.000000
vn 0.000000 -1.000000 0.000000
vn 0.000000 -1.000000 0.000000
vn 0.000000 -1.000000 0.000000
vn 0.000000 -1.000000 0.000000
vn 0.000000 -1.000000 0.000000
vn 0.000000 -1.000000 0.000000
vn 0.000000 -1.000000 0.000000
vn 0.000000 -1.000000 0.000000
vn 0.000000 -1.000000 0.000000
vn 0.000000 -1.000000 0.000000
vn 0.000000 -1.000000 0.000000
vn 0.000000 -1.000000 0.000000
vn 0.000000 -1.000000 0.000000
vn -0.104351 -0.891437 -0.440966
vn -0.104349 -0.891436 -0.440969
vn -0.104350 -0.891435 -0.440971
vn -0.104351 -0.891416 -0.441009
vn -0.104352 -0.891436 -0.440968
vn -0.104353 -0.891438 -0.440964
vn -0.104353 -0.891437 -0.440965
vn -0.104351 -0.891437 -0.440965
vn -0.104352 -0.891436 -0.440968
vn -0.104353 -0.891436 -0.440967
vn -0.969856 0.000003 0.243680
vn -0.969856 0.000005 0.243681
vn -0.969855 0.000013 0.243684
vn -0.969852 0.000038 0.243693
vn -0.969854 -0.000015 0.243686
vn -0.969855 -0.000006 0.243681
vn -0.969856 0.000002 0.243680
vn -0.969856 0.000000 0.243680
vn -0.969856 -0.000004 0.243679
vn -0.969856 -0.000001 0.243679
vn -0.969855 0.000034 0.243684
vn -0.969856 -0.000014 0.243681
vn -0.969856 -0.000002 0.243679
vn -0.969856 0.000002 0.243680
vn 0.969856 0.000000 -0.243681
vn 0.969856 0.000002 -0.243681
vn 0.969856 0.000000 -0.243680
vn 0.969856 0.000002 -0.243680
vn 0.969855 -0.000028 -0.243683
vn 0.969856 0.000001 -0.243680
vn 0.969856 0.000002 -0.243681
vn 0.969856 0.000000 -0.243681
vn 0.969856 -0.000001 -0.243680
vn 0.969855 0.000003 -0.243682
vn 0.969855 0.000015 -0.243684
vn 0.969855 0.000040 -0.243681
vn 0.969855 -0.000007 -0.243683
vn 0.969855 -0.000005 -0.243681
vn -0.052145 -0.891060 0.450880
vn -0.052146 -0.891059 0.450882
vn -0.052150 -0.891060 0.450880
vn -0.052145 -0.891057 0.450885
vn -0.052143 -0.891059 0.450883
vn -0.052142 -0.891060 0.450880
vn -0.052142 -0.891060 0.450882
vn -0.052141 -0.891053 0.450894
vn -0.052142 -0.891059 0.450883
vn -0.052142 -0.891060 0.450881
vn 0.991664 0.000001 0.128848
vn 0.991664 -0.000002 0.128848
vn 0.991664 -0.000004 0.128849
vn 0.991664 -0.000018 0.128852
vn 0.991664 0.000003 0.128850
vn 0.991664 0.000002 0.128848
vn 0.991664 0.000001 0.128848
vn 0.991664 0.000000 0.128848
vn 0.991664 -0.000000 0.128848
vn 0.991664 0.000001 0.128848
vn 0.991665 0.000001 0.128847
vn 0.991664 -0.000006 0.128847
vn 0.991664 -0.000000 0.128848
vn 0.991664 0.000003 0.128848
vn -0.991664 -0.000002 -0.128848
vn -0.991664 -0.000005 -0.128849
vn -0.991664 -0.000002 -0.128851
vn -0.991664 -0.000003 -0.128853
vn -0.991664 -0.000003 -0.128853
vn -0.991664 0.000006 -0.128852
vn -0.991664 0.000005 -0.128850
vn -0.991664 0.000000 -0.128848
vn -0.991664 0.000001 -0.128848
vn -0.991664 0.000001 -0.128849
vn -0.991664 -0.000012 -0.128848
vn -0.991664 0.000018 -0.128852
vn -0.991664 -0.000005 -0.128848
vn -0.991664 0.000004 -0.128848
vn 0.230398 -0.889016 0.395686
vn 0.230398 -0.889017 0.395683
vn 0.230397 -0.889016 0.395686
vn 0.230396 -0.889014 0.395690
vn 0.230399 -0.889016 0.395686
vn 0.230396 -0.889016 0.395688
vn 0.230396 -0.889017 0.395686
vn 0.230396 -0.889018 0.395683
vn 0.230395 -0.889017 0.395684
vn 0.230396 -0.889017 0.395685
vn 0.870267 0.000003 -0.492580
vn 0.870266 0.000009 -0.492581
vn 0.870267 -0.000001 -0.492581
vn 0.870269 -0.000038 -0.492577
vn 0.870267 -0.000003 -0.492581
vn 0.870266 0.000006 -0.492581
vn 0.870267 0.000003 -0.492580
vn 0.870267 -0.000000 -0.492580
vn 0.870267 -0.000000 -0.492581
vn 0.870267 -0.000002 -0.492581
vn 0.870269 -0.000031 -0.492577
vn 0.870267 0.000008 -0.492580
vn 0.870267 -0.000004 -0.492581
vn 0.870267 -0.000004 -0.492580
vn -0.870267 0.000007 0.492580
vn -0.870267 -0.000002 0.492581
vn -0.870266 -0.000010 0.492582
vn -0.870266 0.000003 0.492583
vn -0.870264 -0.000031 0.492585
vn -0.870267 -0.000009 0.492581
vn -0.870266 -0.000008 0.492582
vn -0.870267 0.000001 0.492581
vn -0.870267 0.000006 0.492580
vn -0.870267 0.000003 0.492580
vn -0.870267 -0.000005 0.492580
vn -0.870267 -0.000016 0.492581
vn -0.870267 0.000003 0.492580
vn -0.870267 0.000006 0.492580
vn 0.000000 0.000000 1.000000
vn 0.000000 0.000000 1.000000
vn 0.000000 0.000000 1.000000
vn 0.000000 0.000000 1.000000
vn 0.000000 0.000000 1.000000
vn 0.000000 0.000000 1.000000
vn 0.000000 0.000000 1.000000
vn 0.000000 0.000000 1.000000
vn 0.000000 0.000000 1.000000
vn 0.000000 0.000000 1.000000
vn 0.000000 0.000000 1.000000
vn 0.000000 0.000000 1.000000
vn 0.000000 0.000000 1.000000
vn 0.000000 0.000000 1.000000
vn 0.000000 0.000000 1.000000
vn 0.000000 0.000000 1.000000
vn 0.000000 0.000000 1.000000
vn 0.000000 0.000000 1.000000
vn 0.000000 0.000000 1.000000
vn 0.000000 0.000000 1.000000
vn 0.000000 0.000000 1.000000
vn 0.000000 0.000000 1.000000
vn 0.000000 0.000000 1.000000
vn 0.000000 0.000000 1.000000
vn 0.000000 0.000000 1.000000
vn 0.000000 0.000000 1.000000
vn 0.000000 0.000000 1.000000
vn 0.000000 0.000000 1.000000
vn 0.000000 0.000000 1.000000
vn 0.000000 0.000000 1.000000
vn 0.000000 0.000000 1.000000
vn 0.000000 0.000000 1.000000
vn 0.000000 0.000000 1.000000
vn 0.000000 0.000000 1.000000
vn 0.000000 0.000000 1.000000
vn 0.000000 0.000000 1.000000
vn 0.000000 0.000000 1.000000
vn 0.000000 0.000000 1.000000
vn 0.000000 0.000000 1.000000
vn 0.000000 0.000000 1.000000
vn 0.000000 0.000000 1.000000
vn 0.000000 0.000000 1.000000
vn 0.000000 0.000000 1.000000
vn 0.000000 0.000000 1.000000
vn 0.000000 0.000000 1.000000
vn 0.000000 0.000000 1.000000
vn 0.000000 0.000000 1.000000
vn 0.000000 0.000000 1.000000
vn 0.000000 0.000000 1.000000
vn 0.000000 0.000000 1.000000
vn 0.000000 0.000000 1.000000
vn 0.000000 0.000000 1.000000
vn 0.000000 0.000000 1.000000
vn 0.000000 0.000000 1.000000
vt 0.713699 0.031746
vt 0.717783 0.037514
vt 0.717783 0.031665
vt 0.373922 0.535716
vt 0.440595 0.533159
vt 0.442035 0.529671
vt 0.404924 0.770397
vt 0.403447 0.767249
vt 0.402541 0.770469
vt 0.371297 0.839906
vt 0.370567 0.899584
vt 0.383024 0.843249
vt 0.399903 0.769860
vt 0.397326 0.770896
vt 0.399200 0.771438
vt 0.448705 0.530823
vt 0.445894 0.529950
vt 0.446090 0.534086
vt 0.512161 0.031666
vt 0.509299 0.031665
vt 0.509299 0.037514
vt 0.849319 0.738623
vt 0.837592 0.741966
vt 0.850039 0.798301
vt 0.254206 0.568188
vt 0.251745 0.568586
vt 0.251726 0.571333
vt 0.263266 0.932707
vt 0.265005 0.930313
vt 0.263271 0.930314
vt 0.254084 0.988443
vt 0.255025 0.991462
vt 0.258491 0.988523
vt 0.442094 0.300720
vt 0.372968 0.296207
vt 0.372871 0.300067
vt 0.440555 0.297211
vt 0.268142 0.974899
vt 0.271251 0.976458
vt 0.271386 0.974077
vt 0.270847 0.971424
vt 0.272443 0.970762
vt 0.271951 0.968874
vt 0.446000 0.300357
vt 0.448834 0.299442
vt 0.446135 0.296146
vt 0.008450 0.552491
vt 0.010648 0.555888
vt 0.010894 0.553141
vt 0.263660 0.738553
vt 0.263715 0.740953
vt 0.265451 0.740929
vt 0.014049 0.980151
vt 0.014962 0.977068
vt 0.010482 0.977302
vt 0.536145 0.061877
vt 0.530501 0.061773
vt 0.530510 0.067622
vt 0.717771 0.024224
vt 0.715221 0.024226
vt 0.717771 0.030073
vt 0.359650 0.931127
vt 0.357434 0.929559
vt 0.358324 0.932070
vt 0.305301 0.037243
vt 0.309482 0.040889
vt 0.308982 0.033344
vt 0.961746 0.749110
vt 0.962158 0.741449
vt 0.957887 0.744990
vt 0.738977 0.069379
vt 0.733632 0.069517
vt 0.738977 0.075228
vt 0.777486 0.910748
vt 0.781667 0.914394
vt 0.781003 0.906721
vt 0.969957 0.748602
vt 0.970789 0.740935
vt 0.966527 0.744486
vt 0.738986 0.061830
vt 0.733629 0.062067
vt 0.738980 0.067679
vt 0.535863 0.069610
vt 0.530510 0.069379
vt 0.530510 0.075228
vt 0.559611 0.932065
vt 0.559611 0.908797
vt 0.538444 0.928163
vt 0.509305 0.030072
vt 0.513244 0.024393
vt 0.509305 0.024223
vt 0.248838 0.572507
vt 0.223133 0.613285
vt 0.246057 0.616543
vt 0.941595 0.517451
vt 0.955211 0.513348
vt 0.941952 0.490246
vt 0.966755 0.505698
vt 0.966755 0.482676
vt 0.945439 0.486347
vt 0.273706 0.967520
vt 0.295373 0.942637
vt 0.268267 0.947118
vt 0.962541 0.510973
vt 0.965633 0.508734
vt 0.374153 0.829601
vt 0.388156 0.829943
vt 0.395925 0.772613
vt 0.374293 0.531875
vt 0.547931 0.901154
vt 0.534286 0.897154
vt 0.534810 0.924390
vt 0.958305 0.512230
vt 0.551020 0.902239
vt 0.558457 0.905726
vt 0.555315 0.903479
vt 0.375702 0.766624
vt 0.370900 0.790015
vt 0.447154 0.867045
vt 0.442164 0.870845
vt 0.509234 0.928421
vt 0.441712 0.786347
vt 0.446744 0.790060
vt 0.507925 0.726804
vt 0.330577 0.947272
vt 0.332338 0.941925
vt 0.521914 0.895920
vt 0.523129 0.924374
vt 0.528619 0.895807
vt 0.933178 0.482020
vt 0.929986 0.489824
vt 0.527058 0.931994
vt 0.945176 0.477531
vt 0.938678 0.479144
vt 0.531506 0.935427
vt 0.537939 0.937144
vt 0.935970 0.518724
vt 0.929035 0.518366
vt 0.368721 0.831695
vt 0.084172 0.500963
vt 0.377045 0.499555
vt 0.083774 0.466641
vt 0.330930 0.961241
vt 0.246107 0.940376
vt 0.221886 0.942879
vt 0.249564 0.989970
vt 0.038468 0.600916
vt 0.013416 0.557316
vt 0.012325 0.601895
vt 0.047233 0.933193
vt 0.020582 0.930599
vt 0.019662 0.978598
vt 0.376982 0.337058
vt 0.083893 0.340792
vt 0.084129 0.371331
vt 0.084396 0.376742
vt 0.084006 0.461353
vt 0.509234 0.928421
vt 0.510589 0.931710
vt 0.511887 0.930888
vt 0.359369 0.740332
vt 0.362246 0.737426
vt 0.360810 0.736607
vt 0.507925 0.726804
vt 0.509857 0.725611
vt 0.508633 0.724678
vt 0.850463 0.871113
vt 0.849744 0.811434
vt 0.838018 0.814777
vt 0.335899 0.995314
vt 0.395578 0.996034
vt 0.339242 0.983588
vt 0.940625 0.571553
vt 0.965600 0.537313
vt 0.943757 0.563942
vt 0.945997 0.417829
vt 0.967770 0.444286
vt 0.942794 0.410046
vt 0.890379 0.810524
vt 0.881976 0.820537
vt 0.885908 0.822806
vt 0.879058 0.817059
vt 0.877506 0.812793
vt 0.877506 0.808254
vt 0.879058 0.803988
vt 0.881976 0.800511
vt 0.885908 0.798241
vt 0.890378 0.797452
vt 0.894849 0.798241
vt 0.898780 0.800511
vt 0.901698 0.803988
vt 0.903251 0.808254
vt 0.903251 0.812793
vt 0.901698 0.817059
vt 0.898780 0.820537
vt 0.894849 0.822806
vt 0.890379 0.823595
vt 0.884390 0.696849
vt 0.886048 0.699306
vt 0.887619 0.696462
vt 0.902389 0.702154
vt 0.904795 0.700368
vt 0.901798 0.698754
vt 0.888820 0.681285
vt 0.886529 0.683218
vt 0.889597 0.684556
vt 0.904985 0.683451
vt 0.902811 0.681533
vt 0.901947 0.684804
vt 0.888100 0.701379
vt 0.890752 0.702828
vt 0.890852 0.699543
vt 0.883628 0.688306
vt 0.883175 0.691211
vt 0.886342 0.690218
vt 0.893573 0.703767
vt 0.896632 0.703943
vt 0.895273 0.700793
vt 0.897384 0.679405
vt 0.894407 0.679351
vt 0.895836 0.682371
vt 0.883781 0.745548
vt 0.887010 0.745934
vt 0.885439 0.743091
vt 0.901780 0.740243
vt 0.901189 0.743642
vt 0.904186 0.742029
vt 0.888211 0.761112
vt 0.888988 0.757841
vt 0.885920 0.759178
vt 0.904376 0.758947
vt 0.901338 0.757592
vt 0.902202 0.760865
vt 0.887491 0.741017
vt 0.890243 0.742854
vt 0.890144 0.739570
vt 0.883019 0.754091
vt 0.885733 0.752179
vt 0.882566 0.751186
vt 0.892964 0.738630
vt 0.894664 0.741604
vt 0.896023 0.738454
vt 0.896775 0.762992
vt 0.895228 0.760026
vt 0.893798 0.763046
vt 0.510716 0.984718
vt 0.511614 0.980756
vt 0.502870 0.981149
vt 0.943342 0.461538
vt 0.953501 0.456927
vt 0.938841 0.430994
vt 0.516424 0.963487
vt 0.517193 0.958785
vt 0.513314 0.962529
vt 0.514083 0.972388
vt 0.515328 0.968021
vt 0.509507 0.969036
vt 0.560175 0.850818
vt 0.559714 0.821218
vt 0.539569 0.845633
vt 0.935638 0.428868
vt 0.933834 0.462210
vt 0.518628 0.954254
vt 0.514128 0.954536
vt 0.932453 0.426161
vt 0.515916 0.952396
vt 0.491622 0.971542
vt 0.491907 0.972477
vt 0.494891 0.969555
vt 0.478638 0.962069
vt 0.479108 0.964972
vt 0.482896 0.961293
vt 0.488049 0.971856
vt 0.491622 0.971542
vt 0.490080 0.967034
vt 0.498069 0.958206
vt 0.494707 0.954765
vt 0.491698 0.958411
vt 0.480505 0.956558
vt 0.479114 0.959174
vt 0.482388 0.969732
vt 0.484967 0.971169
vt 0.484850 0.966503
vt 0.485317 0.953107
vt 0.482621 0.954444
vt 0.486499 0.957054
vt 0.488379 0.952693
vt 0.494891 0.969555
vt 0.491577 0.953204
vt 0.480377 0.967620
vt 0.494679 0.963419
vt 0.493428 0.962038
vt 0.492989 0.964191
vt 0.490506 0.973078
vt 0.491907 0.972477
vt 0.498069 0.958206
vt 0.496033 0.953972
vt 0.494707 0.954765
vt 0.516571 0.832851
vt 0.517402 0.837999
vt 0.517552 0.827730
vt 0.455334 0.955630
vt 0.447489 0.959197
vt 0.456230 0.959592
vt 0.424983 0.826512
vt 0.439733 0.853645
vt 0.435880 0.824097
vt 0.461036 0.976859
vt 0.457925 0.977816
vt 0.461804 0.981562
vt 0.458697 0.967959
vt 0.454121 0.971310
vt 0.459941 0.972325
vt 0.561489 0.857981
vt 0.540883 0.863166
vt 0.561028 0.887582
vt 0.416975 0.831686
vt 0.438448 0.857270
vt 0.458737 0.985814
vt 0.463240 0.986094
vt 0.437527 0.861348
vt 0.460526 0.987953
vt 0.436250 0.968799
vt 0.439519 0.970780
vt 0.436534 0.967864
vt 0.423250 0.978272
vt 0.427508 0.979054
vt 0.423723 0.975368
vt 0.432676 0.968487
vt 0.434712 0.973316
vt 0.436250 0.968799
vt 0.442663 0.982139
vt 0.436292 0.981951
vt 0.439300 0.985587
vt 0.425109 0.983786
vt 0.423722 0.981169
vt 0.427010 0.970609
vt 0.429471 0.973843
vt 0.429591 0.969173
vt 0.429915 0.987243
vt 0.431101 0.983299
vt 0.427222 0.985902
vt 0.432976 0.987659
vt 0.439519 0.970780
vt 0.436172 0.987149
vt 0.424996 0.972720
vt 0.439281 0.976885
vt 0.437623 0.976084
vt 0.437987 0.978252
vt 0.435134 0.967264
vt 0.436534 0.967864
vt 0.442663 0.982139
vt 0.439300 0.985587
vt 0.440628 0.986379
vt 0.517885 0.875948
vt 0.518865 0.881069
vt 0.518716 0.870801
vt 0.510716 0.984718
vt 0.511614 0.980756
vt 0.502870 0.981149
vt 0.943342 0.461538
vt 0.953501 0.456927
vt 0.938841 0.430994
vt 0.516424 0.963487
vt 0.517193 0.958785
vt 0.513314 0.962529
vt 0.514083 0.972388
vt 0.515328 0.968021
vt 0.509507 0.969036
vt 0.560175 0.850818
vt 0.559714 0.821218
vt 0.539569 0.845633
vt 0.935638 0.428868
vt 0.933834 0.462210
vt 0.518628 0.954254
vt 0.514128 0.954536
vt 0.932453 0.426161
vt 0.515916 0.952396
vt 0.491622 0.971542
vt 0.491907 0.972477
vt 0.494891 0.969555
vt 0.478638 0.962069
vt 0.479108 0.964972
vt 0.482896 0.961293
vt 0.488049 0.971856
vt 0.491622 0.971542
vt 0.490080 0.967034
vt 0.498069 0.958206
vt 0.494707 0.954765
vt 0.491698 0.958411
vt 0.480505 0.956558
vt 0.479114 0.959174
vt 0.482388 0.969732
vt 0.484967 0.971169
vt 0.484850 0.966503
vt 0.485317 0.953107
vt 0.482621 0.954444
vt 0.486499 0.957054
vt 0.488379 0.952693
vt 0.494891 0.969555
vt 0.491577 0.953204
vt 0.480377 0.967620
vt 0.494679 0.963419
vt 0.493428 0.962038
vt 0.492989 0.964191
vt 0.490506 0.973078
vt 0.491907 0.972477
vt 0.498069 0.958206
vt 0.496033 0.953972
vt 0.494707 0.954765
vt 0.516571 0.832851
vt 0.517402 0.837999
vt 0.517552 0.827730
vt 0.455334 0.955630
vt 0.447489 0.959197
vt 0.456230 0.959592
vt 0.424983 0.826512
vt 0.439733 0.853645
vt 0.435880 0.824097
vt 0.461036 0.976859
vt 0.457925 0.977816
vt 0.461804 0.981562
vt 0.458697 0.967959
vt 0.454121 0.971310
vt 0.459941 0.972325
vt 0.561489 0.857981
vt 0.540883 0.863166
vt 0.561028 0.887582
vt 0.416975 0.831686
vt 0.438448 0.857270
vt 0.458737 0.985814
vt 0.463240 0.986094
vt 0.437527 0.861348
vt 0.460526 0.987953
vt 0.436250 0.968799
vt 0.439519 0.970780
vt 0.436534 0.967864
vt 0.423250 0.978272
vt 0.427508 0.979054
vt 0.423723 0.975368
vt 0.432676 0.968487
vt 0.434712 0.973316
vt 0.436250 0.968799
vt 0.442663 0.982139
vt 0.436292 0.981951
vt 0.439300 0.985587
vt 0.425109 0.983786
vt 0.423722 0.981169
vt 0.427010 0.970609
vt 0.429471 0.973843
vt 0.429591 0.969173
vt 0.429915 0.987243
vt 0.431101 0.983299
vt 0.427222 0.985902
vt 0.432976 0.987659
vt 0.439519 0.970780
vt 0.436172 0.987149
vt 0.424996 0.972720
vt 0.439281 0.976885
vt 0.437623 0.976084
vt 0.437987 0.978252
vt 0.435134 0.967264
vt 0.436534 0.967864
vt 0.442663 0.982139
vt 0.439300 0.985587
vt 0.440628 0.986379
vt 0.517885 0.875948
vt 0.518865 0.881069
vt 0.518716 0.870801
vt 0.884390 0.696849
vt 0.886048 0.699306
vt 0.887619 0.696462
vt 0.902389 0.702154
vt 0.904795 0.700368
vt 0.901798 0.698754
vt 0.888820 0.681285
vt 0.886529 0.683218
vt 0.889597 0.684556
vt 0.904985 0.683451
vt 0.902811 0.681533
vt 0.901947 0.684804
vt 0.888100 0.701379
vt 0.890752 0.702828
vt 0.890852 0.699543
vt 0.883628 0.688306
vt 0.883175 0.691211
vt 0.886342 0.690218
vt 0.893573 0.703767
vt 0.896632 0.703943
vt 0.895273 0.700793
vt 0.897384 0.679405
vt 0.894407 0.679351
vt 0.895836 0.682371
vt 0.883781 0.745548
vt 0.887010 0.745934
vt 0.885439 0.743091
vt 0.901780 0.740243
vt 0.901189 0.743642
vt 0.904186 0.742029
vt 0.888211 0.761112
vt 0.888988 0.757841
vt 0.885920 0.759178
vt 0.904376 0.758947
vt 0.901338 0.757592
vt 0.902202 0.760865
vt 0.887491 0.741017
vt 0.890243 0.742854
vt 0.890144 0.739570
vt 0.883019 0.754091
vt 0.885733 0.752179
vt 0.882566 0.751186
vt 0.892964 0.738630
vt 0.894664 0.741604
vt 0.896023 0.738454
vt 0.896775 0.762992
vt 0.895228 0.760026
vt 0.893798 0.763046
vt 0.510716 0.984718
vt 0.511614 0.980756
vt 0.502870 0.981149
vt 0.943342 0.461538
vt 0.953501 0.456927
vt 0.938841 0.430994
vt 0.516424 0.963487
vt 0.517193 0.958785
vt 0.513314 0.962529
vt 0.514083 0.972388
vt 0.515328 0.968021
vt 0.509507 0.969036
vt 0.560175 0.850818
vt 0.559714 0.821218
vt 0.539569 0.845633
vt 0.935638 0.428868
vt 0.933834 0.462210
vt 0.518628 0.954254
vt 0.514128 0.954536
vt 0.932453 0.426161
vt 0.515916 0.952396
vt 0.491622 0.971542
vt 0.491907 0.972477
vt 0.494891 0.969555
vt 0.478638 0.962069
vt 0.479108 0.964972
vt 0.482896 0.961293
vt 0.488049 0.971856
vt 0.491622 0.971542
vt 0.490080 0.967034
vt 0.498069 0.958206
vt 0.494707 0.954765
vt 0.491698 0.958411
vt 0.480505 0.956558
vt 0.479114 0.959174
vt 0.482388 0.969732
vt 0.484967 0.971169
vt 0.484850 0.966503
vt 0.485317 0.953107
vt 0.482621 0.954444
vt 0.486499 0.957054
vt 0.488379 0.952693
vt 0.494891 0.969555
vt 0.491577 0.953204
vt 0.480377 0.967620
vt 0.494679 0.963419
vt 0.493428 0.962038
vt 0.492989 0.964191
vt 0.490506 0.973078
vt 0.491907 0.972477
vt 0.498069 0.958206
vt 0.496033 0.953972
vt 0.494707 0.954765
vt 0.516571 0.832851
vt 0.517402 0.837999
vt 0.517552 0.827730
vt 0.455334 0.955630
vt 0.447489 0.959197
vt 0.456230 0.959592
vt 0.424983 0.826512
vt 0.439733 0.853645
vt 0.435880 0.824097
vt 0.461036 0.976859
vt 0.457925 0.977816
vt 0.461804 0.981562
vt 0.458697 0.967959
vt 0.454121 0.971310
vt 0.459941 0.972325
vt 0.561489 0.857981
vt 0.540883 0.863166
vt 0.561028 0.887582
vt 0.416975 0.831686
vt 0.438448 0.857270
vt 0.458737 0.985814
vt 0.463240 0.986094
vt 0.437527 0.861348
vt 0.460526 0.987953
vt 0.436250 0.968799
vt 0.439519 0.970780
vt 0.436534 0.967864
vt 0.423250 0.978272
vt 0.427508 0.979054
vt 0.423723 0.975368
vt 0.432676 0.968487
vt 0.434712 0.973316
vt 0.436250 0.968799
vt 0.442663 0.982139
vt 0.436292 0.981951
vt 0.439300 0.985587
vt 0.425109 0.983786
vt 0.423722 0.981169
vt 0.427010 0.970609
vt 0.429471 0.973843
vt 0.429591 0.969173
vt 0.429915 0.987243
vt 0.431101 0.983299
vt 0.427222 0.985902
vt 0.432976 0.987659
vt 0.439519 0.970780
vt 0.436172 0.987149
vt 0.424996 0.972720
vt 0.439281 0.976885
vt 0.437623 0.976084
vt 0.437987 0.978252
vt 0.435134 0.967264
vt 0.436534 0.967864
vt 0.442663 0.982139
vt 0.439300 0.985587
vt 0.440628 0.986379
vt 0.517885 0.875948
vt 0.518865 0.881069
vt 0.518716 0.870801
vt 0.884390 0.696849
vt 0.886048 0.699306
vt 0.887619 0.696462
vt 0.902389 0.702154
vt 0.904795 0.700368
vt 0.901798 0.698754
vt 0.888820 0.681285
vt 0.886529 0.683218
vt 0.889597 0.684556
vt 0.904985 0.683451
vt 0.902811 0.681533
vt 0.901947 0.684804
vt 0.888100 0.701379
vt 0.890752 0.702828
vt 0.890852 0.699543
vt 0.883628 0.688306
vt 0.883175 0.691211
vt 0.886342 0.690218
vt 0.893573 0.703767
vt 0.896632 0.703943
vt 0.895273 0.700793
vt 0.897384 0.679405
vt 0.894407 0.679351
vt 0.895836 0.682371
vt 0.883781 0.745548
vt 0.887010 0.745934
vt 0.885439 0.743091
vt 0.901780 0.740243
vt 0.901189 0.743642
vt 0.904186 0.742029
vt 0.888211 0.761112
vt 0.888988 0.757841
vt 0.885920 0.759178
vt 0.904376 0.758947
vt 0.901338 0.757592
vt 0.902202 0.760865
vt 0.887491 0.741017
vt 0.890243 0.742854
vt 0.890144 0.739570
vt 0.883019 0.754091
vt 0.885733 0.752179
vt 0.882566 0.751186
vt 0.892964 0.738630
vt 0.894664 0.741604
vt 0.896023 0.738454
vt 0.896775 0.762992
vt 0.895228 0.760026
vt 0.893798 0.763046
vt 0.510716 0.984718
vt 0.511614 0.980756
vt 0.502870 0.981149
vt 0.943342 0.461538
vt 0.953501 0.456927
vt 0.938841 0.430994
vt 0.516424 0.963487
vt 0.517193 0.958785
vt 0.513314 0.962529
vt 0.514083 0.972388
vt 0.515328 0.968021
vt 0.509507 0.969036
vt 0.560175 0.850818
vt 0.559714 0.821218
vt 0.539569 0.845633
vt 0.935638 0.428868
vt 0.933834 0.462210
vt 0.518628 0.954254
vt 0.514128 0.954536
vt 0.932453 0.426161
vt 0.515916 0.952396
vt 0.491622 0.971542
vt 0.491907 0.972477
vt 0.494891 0.969555
vt 0.478638 0.962069
vt 0.479108 0.964972
vt 0.482896 0.961293
vt 0.488049 0.971856
vt 0.491622 0.971542
vt 0.490080 0.967034
vt 0.498069 0.958206
vt 0.494707 0.954765
vt 0.491698 0.958411
vt 0.480505 0.956558
vt 0.479114 0.959174
vt 0.482388 0.969732
vt 0.484967 0.971169
vt 0.484850 0.966503
vt 0.485317 0.953107
vt 0.482621 0.954444
vt 0.486499 0.957054
vt 0.488379 0.952693
vt 0.494891 0.969555
vt 0.491577 0.953204
vt 0.480377 0.967620
vt 0.494679 0.963419
vt 0.493428 0.962038
vt 0.492989 0.964191
vt 0.490506 0.973078
vt 0.491907 0.972477
vt 0.498069 0.958206
vt 0.496033 0.953972
vt 0.494707 0.954765
vt 0.516571 0.832851
vt 0.517402 0.837999
vt 0.517552 0.827730
vt 0.455334 0.955630
vt 0.447489 0.959197
vt 0.456230 0.959592
vt 0.424983 0.826512
vt 0.439733 0.853645
vt 0.435880 0.824097
vt 0.461036 0.976859
vt 0.457925 0.977816
vt 0.461804 0.981562
vt 0.458697 0.967959
vt 0.454121 0.971310
vt 0.459941 0.972325
vt 0.561489 0.857981
vt 0.540883 0.863166
vt 0.561028 0.887582
vt 0.416975 0.831686
vt 0.438448 0.857270
vt 0.458737 0.985814
vt 0.463240 0.986094
vt 0.437527 0.861348
vt 0.460526 0.987953
vt 0.436250 0.968799
vt 0.439519 0.970780
vt 0.436534 0.967864
vt 0.423250 0.978272
vt 0.427508 0.979054
vt 0.423723 0.975368
vt 0.432676 0.968487
vt 0.434712 0.973316
vt 0.436250 0.968799
vt 0.442663 0.982139
vt 0.436292 0.981951
vt 0.439300 0.985587
vt 0.425109 0.983786
vt 0.423722 0.981169
vt 0.427010 0.970609
vt 0.429471 0.973843
vt 0.429591 0.969173
vt 0.429915 0.987243
vt 0.431101 0.983299
vt 0.427222 0.985902
vt 0.432976 0.987659
vt 0.439519 0.970780
vt 0.436172 0.987149
vt 0.424996 0.972720
vt 0.439281 0.976885
vt 0.437623 0.976084
vt 0.437987 0.978252
vt 0.435134 0.967264
vt 0.436534 0.967864
vt 0.442663 0.982139
vt 0.439300 0.985587
vt 0.440628 0.986379
vt 0.517885 0.875948
vt 0.518865 0.881069
vt 0.518716 0.870801
vt 0.884390 0.696849
vt 0.886048 0.699306
vt 0.887619 0.696462
vt 0.902389 0.702154
vt 0.904795 0.700368
vt 0.901798 0.698754
vt 0.888820 0.681285
vt 0.886529 0.683218
vt 0.889597 0.684556
vt 0.904985 0.683451
vt 0.902811 0.681533
vt 0.901947 0.684804
vt 0.888100 0.701379
vt 0.890752 0.702828
vt 0.890852 0.699543
vt 0.883628 0.688306
vt 0.883175 0.691211
vt 0.886342 0.690218
vt 0.893573 0.703767
vt 0.896632 0.703943
vt 0.895273 0.700793
vt 0.897384 0.679405
vt 0.894407 0.679351
vt 0.895836 0.682371
vt 0.883781 0.745548
vt 0.887010 0.745934
vt 0.885439 0.743091
vt 0.901780 0.740243
vt 0.901189 0.743642
vt 0.904186 0.742029
vt 0.888211 0.761112
vt 0.888988 0.757841
vt 0.885920 0.759178
vt 0.904376 0.758947
vt 0.901338 0.757592
vt 0.902202 0.760865
vt 0.887491 0.741017
vt 0.890243 0.742854
vt 0.890144 0.739570
vt 0.883019 0.754091
vt 0.885733 0.752179
vt 0.882566 0.751186
vt 0.892964 0.738630
vt 0.894664 0.741604
vt 0.896023 0.738454
vt 0.896775 0.762992
vt 0.895228 0.760026
vt 0.893798 0.763046
vt 0.890379 0.810524
vt 0.881976 0.820537
vt 0.885908 0.822806
vt 0.879058 0.817059
vt 0.877506 0.812793
vt 0.877506 0.808254
vt 0.879058 0.803988
vt 0.881976 0.800511
vt 0.885908 0.798241
vt 0.890378 0.797452
vt 0.894849 0.798241
vt 0.898780 0.800511
vt 0.901698 0.803988
vt 0.903251 0.808254
vt 0.903251 0.812793
vt 0.901698 0.817059
vt 0.898780 0.820537
vt 0.894849 0.822806
vt 0.890379 0.823595
vt 0.890379 0.810524
vt 0.881976 0.820537
vt 0.885908 0.822806
vt 0.879058 0.817059
vt 0.877506 0.812793
vt 0.877506 0.808254
vt 0.879058 0.803988
vt 0.881976 0.800511
vt 0.885908 0.798241
vt 0.890378 0.797452
vt 0.894849 0.798241
vt 0.898780 0.800511
vt 0.901698 0.803988
vt 0.903251 0.808254
vt 0.903251 0.812793
vt 0.901698 0.817059
vt 0.898780 0.820537
vt 0.894849 0.822806
vt 0.890379 0.823595
vt 0.890379 0.810524
vt 0.881976 0.820537
vt 0.885908 0.822806
vt 0.879058 0.817059
vt 0.877506 0.812793
vt 0.877506 0.808254
vt 0.879058 0.803988
vt 0.881976 0.800511
vt 0.885908 0.798241
vt 0.890378 0.797452
vt 0.894849 0.798241
vt 0.898780 0.800511
vt 0.901698 0.803988
vt 0.903251 0.808254
vt 0.903251 0.812793
vt 0.901698 0.817059
vt 0.898780 0.820537
vt 0.894849 0.822806
vt 0.890379 0.823595
vt 0.000795 0.112949
vt 0.098424 0.112949
vt 0.098424 0.107207
vt 0.000795 0.107207
vt 0.098424 0.100197
vt 0.000795 0.100197
vt 0.098424 0.091842
vt 0.000795 0.091842
vt 0.098424 0.083488
vt 0.000795 0.083488
vt 0.098424 0.076483
vt 0.000795 0.076483
vt 0.098424 0.070741
vt 0.000795 0.070741
vt 0.098424 0.064999
vt 0.000795 0.064999
vt 0.098424 0.057995
vt 0.000795 0.057995
vt 0.098424 0.049640
vt 0.000795 0.049640
vt 0.098424 0.041285
vt 0.000795 0.041285
vt 0.000795 0.125700
vt 0.098424 0.125700
vt 0.098424 0.118691
vt 0.000795 0.118691
vt 0.410944 0.190001
vt 0.410944 0.184259
vt 0.313315 0.184259
vt 0.313315 0.190001
vt 0.410944 0.177249
vt 0.313315 0.177249
vt 0.410944 0.168895
vt 0.313315 0.168895
vt 0.410944 0.160540
vt 0.313315 0.160540
vt 0.410944 0.153535
vt 0.313315 0.153535
vt 0.410944 0.147793
vt 0.313315 0.147793
vt 0.410944 0.142052
vt 0.313315 0.142052
vt 0.410944 0.135047
vt 0.313315 0.135047
vt 0.410944 0.126692
vt 0.313315 0.126692
vt 0.410944 0.118337
vt 0.313315 0.118337
vt 0.410944 0.202753
vt 0.410944 0.195743
vt 0.313315 0.195743
vt 0.313315 0.202752
vt 0.436515 0.210443
vt 0.438225 0.212580
vt 0.445652 0.207919
vt 0.444278 0.205490
vt 0.444952 0.182080
vt 0.438091 0.179044
vt 0.436587 0.181550
vt 0.444027 0.184623
vt 0.447005 0.210230
vt 0.439949 0.214744
vt 0.441835 0.216796
vt 0.448353 0.212308
vt 0.440648 0.194447
vt 0.431174 0.190246
vt 0.430025 0.191895
vt 0.439864 0.196401
vt 0.446702 0.177690
vt 0.440750 0.174640
vt 0.439517 0.176634
vt 0.445874 0.179717
vt 0.443664 0.218480
vt 0.449627 0.214004
vt 0.439256 0.197702
vt 0.430837 0.203773
vt 0.432138 0.205252
vt 0.440444 0.199286
vt 0.450920 0.215499
vt 0.445521 0.219851
vt 0.433449 0.206764
vt 0.441653 0.201066
vt 0.434912 0.208518
vt 0.442951 0.203181
vt 0.432438 0.177836
vt 0.430066 0.179451
vt 0.435089 0.184088
vt 0.443096 0.187346
vt 0.433694 0.186411
vt 0.442232 0.189937
vt 0.452283 0.273186
vt 0.447284 0.269176
vt 0.445516 0.270309
vt 0.450921 0.274659
vt 0.432223 0.215280
vt 0.434701 0.216691
vt 0.432356 0.188487
vt 0.441407 0.192357
vt 0.426113 0.182250
vt 0.424518 0.183464
vt 0.437206 0.218144
vt 0.431315 0.175102
vt 0.428650 0.176180
vt 0.427896 0.212874
vt 0.429955 0.214017
vt 0.439807 0.219510
vt 0.422952 0.184711
vt 0.439091 0.173340
vt 0.437178 0.174632
vt 0.442232 0.220730
vt 0.424349 0.210982
vt 0.426089 0.211913
vt 0.434856 0.176214
vt 0.444491 0.221796
vt 0.427979 0.180911
vt 0.447291 0.220982
vt 0.452283 0.216970
vt 0.431015 0.218595
vt 0.433770 0.219561
vt 0.446478 0.222745
vt 0.444031 0.223108
vt 0.445979 0.223861
vt 0.424148 0.178172
vt 0.422296 0.179033
vt 0.428408 0.169535
vt 0.425841 0.169392
vt 0.426284 0.177206
vt 0.436533 0.220550
vt 0.439322 0.221495
vt 0.420432 0.179865
vt 0.438618 0.172125
vt 0.436518 0.173004
vt 0.441790 0.222332
vt 0.422293 0.215798
vt 0.424208 0.216309
vt 0.433996 0.174045
vt 0.426224 0.216930
vt 0.431376 0.169755
vt 0.428517 0.217714
vt 0.429451 0.225387
vt 0.432428 0.225196
vt 0.439807 0.224762
vt 0.441910 0.224879
vt 0.437247 0.169939
vt 0.434452 0.169929
vt 0.445653 0.282250
vt 0.438217 0.277587
vt 0.436506 0.279727
vt 0.444278 0.284682
vt 0.423462 0.169324
vt 0.435109 0.224998
vt 0.421422 0.169385
vt 0.437638 0.224829
vt 0.419423 0.169578
vt 0.439585 0.169796
vt 0.419445 0.225489
vt 0.421528 0.225602
vt 0.423836 0.225620
vt 0.443120 0.112693
vt 0.435123 0.115930
vt 0.436613 0.118466
vt 0.444044 0.115412
vt 0.426508 0.225543
vt 0.428440 0.130439
vt 0.425879 0.130582
vt 0.438109 0.120970
vt 0.444963 0.117952
vt 0.448354 0.277854
vt 0.441829 0.273367
vt 0.439943 0.275421
vt 0.447006 0.279936
vt 0.439911 0.103651
vt 0.430084 0.108129
vt 0.431227 0.109777
vt 0.440690 0.105603
vt 0.439529 0.123377
vt 0.440757 0.125370
vt 0.446702 0.122335
vt 0.445879 0.120311
vt 0.449628 0.276157
vt 0.443659 0.271681
vt 0.440441 0.290895
vt 0.432124 0.284924
vt 0.430821 0.286405
vt 0.439252 0.292482
vt 0.441651 0.289113
vt 0.433436 0.283409
vt 0.442950 0.286995
vt 0.434901 0.281654
vt 0.430102 0.120549
vt 0.432466 0.122166
vt 0.442262 0.110106
vt 0.433735 0.113609
vt 0.434690 0.273472
vt 0.432208 0.274884
vt 0.441443 0.107689
vt 0.432404 0.111535
vt 0.424572 0.116533
vt 0.426162 0.117748
vt 0.437198 0.272017
vt 0.431340 0.124891
vt 0.428684 0.123811
vt 0.429938 0.276149
vt 0.427876 0.277293
vt 0.439801 0.270652
vt 0.423011 0.115286
vt 0.437190 0.125372
vt 0.439099 0.126665
vt 0.442228 0.269432
vt 0.426066 0.278254
vt 0.424324 0.279186
vt 0.434875 0.123789
vt 0.444484 0.268366
vt 0.428022 0.119088
vt 0.430999 0.271565
vt 0.433758 0.270599
vt 0.446468 0.267415
vt 0.445967 0.266301
vt 0.444024 0.267056
vt 0.422345 0.120953
vt 0.424194 0.121816
vt 0.444015 0.225254
vt 0.426325 0.122783
vt 0.439317 0.268665
vt 0.436524 0.269609
vt 0.420485 0.120120
vt 0.436527 0.126997
vt 0.438626 0.127879
vt 0.441788 0.267830
vt 0.424183 0.273853
vt 0.422266 0.274363
vt 0.434011 0.125951
vt 0.426202 0.273231
vt 0.431390 0.130224
vt 0.428498 0.272447
vt 0.432413 0.264957
vt 0.429438 0.264765
vt 0.441916 0.265287
vt 0.439808 0.265396
vt 0.434451 0.130063
vt 0.437239 0.130071
vt 0.423515 0.130651
vt 0.435099 0.265155
vt 0.421478 0.130591
vt 0.437632 0.265326
vt 0.419458 0.130396
vt 0.439604 0.130223
vt 0.421491 0.264554
vt 0.419423 0.264668
vt 0.423806 0.264533
vt 0.426486 0.264608
vt 0.444003 0.264917
vt 0.613281 0.690577
vt 0.640374 0.690577
vt 0.640374 0.656391
vt 0.613281 0.656391
vt 0.773407 0.890320
vt 0.773407 0.856135
vt 0.764614 0.856135
vt 0.764614 0.890320
vt 0.202441 0.188773
vt 0.227442 0.178334
vt 0.227442 0.166125
vt 0.202440 0.176678
vt 0.711587 0.789627
vt 0.677402 0.789627
vt 0.677402 0.798420
vt 0.711587 0.798420
vt 0.032464 0.127290
vt 0.000795 0.127290
vt 0.000795 0.161475
vt 0.032464 0.161475
vt 0.074140 0.127290
vt 0.047003 0.127290
vt 0.047003 0.161475
vt 0.074140 0.161475
vt 0.241675 0.174759
vt 0.273345 0.171858
vt 0.273345 0.163065
vt 0.241675 0.163162
vt 0.282416 0.127290
vt 0.250747 0.127290
vt 0.250747 0.161475
vt 0.282416 0.161475
vt 0.236208 0.127290
vt 0.209070 0.127290
vt 0.209071 0.161475
vt 0.236208 0.161475
vt 0.194102 0.127290
vt 0.168351 0.127290
vt 0.168351 0.161475
vt 0.194102 0.161475
vt 0.153800 0.127290
vt 0.129411 0.127290
vt 0.129411 0.161475
vt 0.153800 0.161475
vt 0.114860 0.127290
vt 0.089109 0.127290
vt 0.089109 0.161475
vt 0.114860 0.161475
vt 0.937886 0.282760
vt 0.948325 0.307761
vt 0.960534 0.307761
vt 0.949981 0.282760
vt 0.925932 0.243981
vt 0.932951 0.268669
vt 0.944928 0.268669
vt 0.937610 0.243980
vt 0.923906 0.205195
vt 0.923906 0.229583
vt 0.935498 0.229583
vt 0.935498 0.205195
vt 0.932951 0.166109
vt 0.925932 0.190798
vt 0.937610 0.190798
vt 0.944928 0.166109
vt 0.948325 0.127017
vt 0.937886 0.152018
vt 0.949981 0.152018
vt 0.960534 0.127017
vt 0.954801 0.081114
vt 0.951900 0.112784
vt 0.963497 0.112783
vt 0.963594 0.081114
vt 0.000795 0.171858
vt 0.032465 0.174759
vt 0.032464 0.163162
vt 0.000795 0.163065
vt 0.046698 0.178334
vt 0.071699 0.188773
vt 0.071699 0.176678
vt 0.046697 0.166125
vt 0.085790 0.193708
vt 0.110478 0.200727
vt 0.110479 0.189049
vt 0.085789 0.181731
vt 0.124876 0.202753
vt 0.149264 0.202753
vt 0.149264 0.191161
vt 0.124876 0.191161
vt 0.163661 0.200727
vt 0.188350 0.193708
vt 0.188350 0.181731
vt 0.163661 0.189049
vt 0.816803 0.690577
vt 0.848605 0.690577
vt 0.848605 0.656391
vt 0.816803 0.656391
vt 0.775035 0.690577
vt 0.802128 0.690577
vt 0.802128 0.656391
vt 0.775035 0.656391
vt 0.734438 0.690577
vt 0.760104 0.690577
vt 0.760104 0.656391
vt 0.734438 0.656391
vt 0.695510 0.690577
vt 0.719899 0.690577
vt 0.719899 0.656391
vt 0.695510 0.656391
vt 0.655304 0.690577
vt 0.680971 0.690577
vt 0.680971 0.656391
vt 0.655304 0.656391
vt 0.951900 0.321994
vt 0.954801 0.353664
vt 0.963594 0.353664
vt 0.963497 0.321995
vt 0.598606 0.656391
vt 0.598606 0.690577
vt 0.566803 0.690577
vt 0.566803 0.656391
vt 0.674350 0.802930
vt 0.658721 0.802939
vt 0.658290 0.888226
vt 0.674198 0.890320
vt 0.655991 0.785426
vt 0.566880 0.785497
vt 0.566882 0.787816
vt 0.656701 0.787745
vt 0.941592 0.655527
vt 0.939725 0.654198
vt 0.931408 0.661128
vt 0.933348 0.662421
vt 0.921895 0.687130
vt 0.921785 0.726299
vt 0.923767 0.726304
vt 0.923873 0.688399
vt 0.491633 0.067681
vt 0.491624 0.061831
vt 0.784594 0.883079
vt 0.785052 0.928489
vt 0.787008 0.927252
vt 0.786550 0.883085
vt 0.972763 0.081848
vt 0.972763 0.119662
vt 0.990516 0.119662
vt 0.990516 0.081848
vt 0.990516 0.054779
vt 0.972763 0.054779
vt 0.972763 0.063858
vt 0.990516 0.063858
vt 0.481410 0.061847
vt 0.481421 0.067696
vt 0.313330 0.061711
vt 0.400720 0.061816
vt 0.400720 0.032236
vt 0.313330 0.032236
vt 0.895391 0.931481
vt 0.910986 0.930936
vt 0.910878 0.927834
vt 0.895017 0.928414
vt 0.406874 0.765896
vt 0.408060 0.768221
vt 0.508633 0.724678
vt 0.418499 0.725357
vt 0.418431 0.727473
vt 0.508357 0.060184
vt 0.508357 0.042431
vt 0.476332 0.042431
vt 0.476332 0.060184
vt 0.831834 0.962197
vt 0.850926 0.962256
vt 0.852429 0.960410
vt 0.833739 0.960771
vt 0.940066 0.714019
vt 0.933462 0.714742
vt 0.033652 0.527336
vt 0.032559 0.524121
vt 0.009280 0.520368
vt 0.010301 0.523329
vt 0.400713 0.102556
vt 0.313322 0.102612
vt 0.313315 0.116748
vt 0.400705 0.116649
vt 0.727730 0.802912
vt 0.727804 0.890302
vt 0.763024 0.890302
vt 0.763024 0.802912
vt 0.759022 0.024224
vt 0.759023 0.030073
vt 0.766836 0.030074
vt 0.766838 0.024224
vt 0.928871 0.697493
vt 0.935467 0.696804
vt 0.937085 0.687870
vt 0.930516 0.688497
vt 0.654269 0.783555
vt 0.566878 0.783624
vt 0.100659 0.300932
vt 0.097170 0.305182
vt 0.692617 0.890310
vt 0.692674 0.802920
vt 0.682802 0.802925
vt 0.682743 0.890316
vt 0.000795 0.602415
vt 0.005372 0.602266
vt 0.004477 0.554287
vt 0.901052 0.014269
vt 0.893307 0.014088
vt 0.891305 0.101456
vt 0.899085 0.101637
vt 0.763835 0.180683
vt 0.763844 0.215771
vt 0.851234 0.215748
vt 0.851225 0.180735
vt 0.717582 0.802913
vt 0.717622 0.890303
vt 0.564198 0.690758
vt 0.558773 0.686681
vt 0.555396 0.695386
vt 0.560811 0.699532
vt 0.400719 0.085470
vt 0.313329 0.085429
vt 0.313326 0.094508
vt 0.400716 0.094489
vt 0.536696 0.710411
vt 0.508012 0.720212
vt 0.542072 0.714603
vt 0.400720 0.069909
vt 0.313330 0.069833
vt 0.313330 0.077615
vt 0.400720 0.077655
vt 0.709808 0.890304
vt 0.709767 0.802914
vt 0.700749 0.802917
vt 0.700729 0.890307
vt 0.952402 0.666518
vt 0.962158 0.657093
vt 0.958578 0.656557
vt 0.945988 0.667008
vt 0.555955 0.705934
vt 0.550532 0.701782
vt 0.544102 0.706547
vt 0.549501 0.710726
vt 0.566882 0.787816
vt 0.566933 0.792792
vt 0.656699 0.790694
vt 0.795650 0.946181
vt 0.793729 0.947446
vt 0.801897 0.954331
vt 0.803748 0.953029
vt 0.473607 0.067708
vt 0.473597 0.061858
vt 0.464452 0.061872
vt 0.464462 0.067721
vt 0.421366 0.067789
vt 0.437711 0.067763
vt 0.437719 0.061914
vt 0.421357 0.061940
vt 0.456286 0.067734
vt 0.456290 0.061884
vt 0.446414 0.061900
vt 0.446438 0.067749
vt 0.774651 0.024225
vt 0.774649 0.030074
vt 0.783794 0.030074
vt 0.783796 0.024225
vt 0.750863 0.030073
vt 0.750873 0.024224
vt 0.928172 0.670086
vt 0.926221 0.668785
vt 0.923380 0.677586
vt 0.925355 0.678843
vt 0.791946 0.024226
vt 0.791957 0.030075
vt 0.806138 0.030076
vt 0.806138 0.024227
vt 0.966591 0.648264
vt 0.964824 0.646384
vt 0.948435 0.650018
vt 0.950442 0.651439
vt 0.788653 0.939861
vt 0.790585 0.938588
vt 0.468163 0.042431
vt 0.460391 0.042431
vt 0.460391 0.060184
vt 0.468163 0.060184
vt 0.812339 0.957218
vt 0.810486 0.958508
vt 0.821703 0.961062
vt 0.823422 0.959750
vt 0.435261 0.042431
vt 0.421357 0.042431
vt 0.421357 0.060184
vt 0.435261 0.060184
vt 0.990516 0.036864
vt 0.972763 0.036863
vt 0.972763 0.046596
vt 0.990516 0.046596
vt 0.880164 0.938054
vt 0.887690 0.936166
vt 0.887067 0.932674
vt 0.878159 0.934991
vt 0.990516 0.071671
vt 0.972763 0.071671
vt 0.972763 0.027989
vt 0.990516 0.027989
vt 0.990516 0.011986
vt 0.972763 0.011986
vt 0.452577 0.042431
vt 0.443498 0.042431
vt 0.443498 0.060184
vt 0.452577 0.060184
vt 0.451359 0.533423
vt 0.449806 0.536867
vt 0.796397 0.083366
vt 0.796374 0.076821
vt 0.421357 0.076821
vt 0.421380 0.083366
vt 0.857524 0.958912
vt 0.860666 0.950050
vt 0.857925 0.948581
vt 0.854435 0.958254
vt 0.826360 0.822614
vt 0.830974 0.818484
vt 0.865016 0.943789
vt 0.871135 0.938613
vt 0.869403 0.936028
vt 0.862419 0.941995
vt 0.911097 0.994488
vt 0.911097 0.934500
vt 0.895990 0.934980
vt 0.406438 0.899522
vt 0.405950 0.870161
vt 0.402033 0.870693
vt 0.402482 0.899584
vt 0.390067 0.846955
vt 0.394682 0.851085
vt 0.398146 0.849281
vt 0.392140 0.843933
vt 0.385123 0.840179
vt 0.372026 0.836344
vt 0.386626 0.837409
vt 0.372803 0.833285
vt 0.762232 0.143826
vt 0.762235 0.133952
vt 0.674845 0.134033
vt 0.674842 0.143906
vt 0.886463 0.929641
vt 0.876738 0.932215
vt 0.859463 0.993823
vt 0.861301 0.959693
vt 0.855516 0.993658
vt 0.852333 0.993496
vt 0.402378 0.855631
vt 0.404601 0.862288
vt 0.407695 0.861700
vt 0.405188 0.854226
vt 0.409603 0.899467
vt 0.409059 0.869808
vt 0.936253 0.704578
vt 0.929648 0.705268
vt 0.563642 0.667927
vt 0.558246 0.663957
vt 0.559801 0.678410
vt 0.565214 0.682438
vt 0.508641 0.722245
vt 0.419796 0.723193
vt 0.402774 0.772264
vt 0.398787 0.773318
vt 0.402745 0.774123
vt 0.405821 0.772374
vt 0.406285 0.774269
vt 0.408819 0.771360
vt 0.409603 0.773734
vt 0.447352 0.304552
vt 0.446906 0.302234
vt 0.372768 0.301993
vt 0.372644 0.305285
vt 0.450378 0.528686
vt 0.446762 0.528069
vt 0.451443 0.526497
vt 0.447171 0.525754
vt 0.453686 0.530650
vt 0.455708 0.526740
vt 0.674848 0.125581
vt 0.762238 0.125407
vt 0.762243 0.109980
vt 0.674853 0.109952
vt 0.943746 0.619598
vt 0.935542 0.612658
vt 0.933596 0.613939
vt 0.941871 0.620917
vt 0.930411 0.604963
vt 0.927644 0.596190
vt 0.925663 0.597436
vt 0.928453 0.606253
vt 0.777856 0.075228
vt 0.777856 0.069379
vt 0.856185 0.728755
vt 0.858141 0.728761
vt 0.858856 0.684598
vt 0.856907 0.683349
vt 0.788068 0.075228
vt 0.788070 0.069379
vt 0.155050 0.124170
vt 0.184525 0.124170
vt 0.184525 0.036780
vt 0.154944 0.036780
vt 0.398959 0.857418
vt 0.400695 0.862823
vt 0.935951 0.578349
vt 0.932774 0.578006
vt 0.934212 0.587199
vt 0.937245 0.586341
vt 0.257374 0.559218
vt 0.254936 0.561445
vt 0.254034 0.564438
vt 0.146852 0.036780
vt 0.139106 0.036781
vt 0.139146 0.124171
vt 0.146928 0.124171
vt 0.884361 0.654780
vt 0.895458 0.652313
vt 0.893747 0.650991
vt 0.882515 0.653479
vt 0.014751 0.962423
vt 0.011653 0.971090
vt 0.752314 0.940377
vt 0.758898 0.941265
vt 0.759034 0.031665
vt 0.759034 0.037514
vt 0.766847 0.037515
vt 0.766850 0.031666
vt 0.674843 0.178961
vt 0.674853 0.214256
vt 0.762243 0.214233
vt 0.762233 0.179013
vt 0.747294 0.957507
vt 0.748715 0.966541
vt 0.755266 0.967331
vt 0.753871 0.958360
vt 0.568784 0.780841
vt 0.568676 0.692440
vt 0.566803 0.692443
vt 0.566909 0.779833
vt 0.748265 0.949754
vt 0.754851 0.950608
vt 0.100112 0.036796
vt 0.100013 0.125700
vt 0.114149 0.124178
vt 0.114205 0.036788
vt 0.407759 0.953282
vt 0.401085 0.948028
vt 0.395257 0.952282
vt 0.401907 0.957506
vt 0.416016 0.969557
vt 0.412699 0.960189
vt 0.406855 0.964407
vt 0.410164 0.973702
vt 0.131291 0.036782
vt 0.122273 0.036785
vt 0.122253 0.124175
vt 0.131332 0.124172
vt 0.387549 0.947980
vt 0.393352 0.943712
vt 0.357541 0.936775
vt 0.762231 0.168831
vt 0.674841 0.168813
vt 0.762231 0.161017
vt 0.762231 0.151938
vt 0.674841 0.151980
vt 0.674840 0.160999
vt 0.770046 0.989059
vt 0.763646 0.988409
vt 0.775971 0.999171
vt 0.781667 0.999205
vt 0.468048 0.031666
vt 0.460232 0.031666
vt 0.460234 0.037515
vt 0.468047 0.037515
vt 0.867608 0.665719
vt 0.875745 0.658918
vt 0.873902 0.657606
vt 0.865694 0.664443
vt 0.795882 0.075228
vt 0.805027 0.075228
vt 0.805029 0.069379
vt 0.795884 0.069379
vt 0.903884 0.649914
vt 0.905780 0.651351
vt 0.924467 0.651821
vt 0.922975 0.649966
vt 0.813204 0.075228
vt 0.823053 0.075229
vt 0.823068 0.069380
vt 0.813191 0.069379
vt 0.452419 0.031666
vt 0.443274 0.031666
vt 0.443276 0.037515
vt 0.452421 0.037515
vt 0.924233 0.587884
vt 0.926218 0.586627
vt 0.926331 0.548722
vt 0.924349 0.548716
vt 0.476196 0.031665
vt 0.476207 0.037514
vt 0.435124 0.031666
vt 0.420931 0.031668
vt 0.420932 0.037517
vt 0.435113 0.037516
vt 0.968702 0.627006
vt 0.952572 0.623738
vt 0.950557 0.625147
vt 0.966923 0.628875
vt 0.862499 0.673283
vt 0.860574 0.671998
vt 0.848125 0.075231
vt 0.848125 0.069382
vt 0.831763 0.069380
vt 0.831780 0.075230
vt 0.751917 0.974048
vt 0.757755 0.982015
vt 0.764262 0.982769
vt 0.758433 0.974800
vt 0.029147 0.314746
vt 0.031505 0.311271
vt 0.008953 0.315726
vt 0.006614 0.318962
vt 0.004618 0.033741
vt 0.305619 0.033741
vt 0.300234 0.028933
vt 0.010587 0.028504
vt 0.940411 0.561961
vt 0.937656 0.560357
vt 0.933722 0.569981
vt 0.936776 0.570705
vt 0.825934 0.749802
vt 0.821657 0.756135
vt 0.819921 0.761540
vt 0.598289 0.099998
vt 0.542153 0.147800
vt 0.542153 0.536140
vt 0.598289 0.536140
vt 0.954167 0.605372
vt 0.951419 0.607702
vt 0.963191 0.618297
vt 0.965600 0.615597
vt 0.939769 0.579173
vt 0.940801 0.585285
vt 0.814178 0.798240
vt 0.818135 0.798301
vt 0.818584 0.769411
vt 0.814666 0.768878
vt 0.830549 0.745672
vt 0.828476 0.742650
vt 0.822470 0.747998
vt 0.848590 0.735061
vt 0.835493 0.738896
vt 0.332338 0.994585
vt 0.336173 0.981489
vt 0.333403 0.979986
vt 0.329278 0.993809
vt 0.949128 0.609844
vt 0.961083 0.620638
vt 0.940319 0.593735
vt 0.937402 0.594960
vt 0.943277 0.603310
vt 0.945725 0.601346
vt 0.962552 0.534750
vt 0.960074 0.532704
vt 0.818238 0.754348
vt 0.815428 0.752943
vt 0.812921 0.760417
vt 0.816015 0.761005
vt 0.811014 0.798184
vt 0.811557 0.768525
vt 0.358267 0.934644
vt 0.358324 0.932070
vt 0.357434 0.929559
vt 0.265849 0.928083
vt 0.250080 0.949222
vt 0.249690 0.616800
vt 0.571104 0.781718
vt 0.570995 0.692438
vt 0.573902 0.781943
vt 0.575785 0.692454
vt 0.570995 0.692438
vt 0.251821 0.563552
vt 0.249399 0.562960
vt 0.249064 0.568391
vt 0.252790 0.559528
vt 0.250415 0.558300
vt 0.255128 0.555856
vt 0.252146 0.554072
vt 0.252011 0.989448
vt 0.253333 0.960260
vt 0.252744 0.993276
vt 0.250432 0.994468
vt 0.255376 0.997301
vt 0.258719 0.994883
vt 0.251205 0.999205
vt 0.263113 0.927992
vt 0.261524 0.992734
vt 0.357541 0.936775
vt 0.265577 0.934780
vt 0.763839 0.127086
vt 0.851229 0.126912
vt 0.851234 0.111486
vt 0.763844 0.111458
vt 0.435123 0.024225
vt 0.420931 0.024226
vt 0.420932 0.030076
vt 0.435113 0.030074
vt 0.928321 0.896100
vt 0.925553 0.887328
vt 0.923571 0.888574
vt 0.926363 0.897390
vt 0.777650 0.067717
vt 0.777656 0.061867
vt 0.784138 0.771015
vt 0.786094 0.771020
vt 0.786724 0.727097
vt 0.784775 0.725850
vt 0.972763 0.365740
vt 0.990516 0.365740
vt 0.990516 0.328133
vt 0.972763 0.328133
vt 0.990516 0.383946
vt 0.972763 0.383946
vt 0.972763 0.393026
vt 0.990516 0.393026
vt 0.788080 0.067727
vt 0.788087 0.061878
vt 0.907205 0.101827
vt 0.936672 0.102516
vt 0.938715 0.015150
vt 0.909142 0.014458
vt 0.956430 0.993703
vt 0.956057 0.996771
vt 0.971917 0.997351
vt 0.972026 0.994248
vt 0.399696 0.831541
vt 0.403061 0.831695
vt 0.508012 0.720212
vt 0.420653 0.721260
vt 0.748854 0.060184
vt 0.748854 0.042431
vt 0.716829 0.042431
vt 0.716829 0.060184
vt 0.812300 0.697035
vt 0.823397 0.694566
vt 0.821685 0.693245
vt 0.810454 0.695735
vt 0.280216 0.066673
vt 0.286799 0.067561
vt 0.868413 0.013514
vt 0.854325 0.013192
vt 0.855211 0.100627
vt 0.866314 0.100879
vt 0.464092 0.099889
vt 0.457297 0.099458
vt 0.457308 0.488981
vt 0.464100 0.489029
vt 0.851222 0.162522
vt 0.851223 0.153444
vt 0.763832 0.153486
vt 0.763832 0.162504
vt 0.655435 0.997365
vt 0.566887 0.997332
vt 0.566888 0.999205
vt 0.654278 0.999175
vt 0.564696 0.969444
vt 0.561808 0.960367
vt 0.556079 0.964227
vt 0.558962 0.973234
vt 0.885495 0.013907
vt 0.876479 0.013699
vt 0.874417 0.101065
vt 0.883493 0.101274
vt 0.538092 0.947894
vt 0.543784 0.943985
vt 0.509692 0.936233
vt 0.557289 0.953597
vt 0.551058 0.948359
vt 0.545343 0.952254
vt 0.551553 0.957464
vt 0.851223 0.170336
vt 0.763833 0.170319
vt 0.297862 0.115555
vt 0.291463 0.114906
vt 0.303787 0.125666
vt 0.309482 0.125700
vt 0.656617 0.994986
vt 0.566887 0.995014
vt 0.795550 0.707977
vt 0.803686 0.701175
vt 0.801843 0.699863
vt 0.793636 0.706701
vt 0.795893 0.067735
vt 0.805039 0.067743
vt 0.805046 0.061894
vt 0.795901 0.061885
vt 0.831824 0.692166
vt 0.833708 0.693591
vt 0.852429 0.694021
vt 0.850913 0.692215
vt 0.941659 0.910733
vt 0.933453 0.903794
vt 0.931507 0.905076
vt 0.939784 0.912051
vt 0.452421 0.024224
vt 0.443275 0.024224
vt 0.443277 0.030074
vt 0.452423 0.030074
vt 0.922139 0.879023
vt 0.924125 0.877764
vt 0.924231 0.839860
vt 0.922249 0.839854
vt 0.476200 0.024223
vt 0.476211 0.030072
vt 0.813215 0.067752
vt 0.823064 0.067762
vt 0.823084 0.061913
vt 0.813208 0.061902
vt 0.966591 0.918185
vt 0.950474 0.914881
vt 0.948472 0.916281
vt 0.964837 0.920006
vt 0.790443 0.715541
vt 0.788518 0.714257
vt 0.757023 0.042431
vt 0.757023 0.060184
vt 0.764795 0.060184
vt 0.764795 0.042431
vt 0.848135 0.067789
vt 0.848142 0.061940
vt 0.831781 0.061922
vt 0.831793 0.067771
vt 0.789919 0.042431
vt 0.789919 0.060184
vt 0.803819 0.060184
vt 0.803819 0.042431
vt 0.990516 0.401208
vt 0.972763 0.401208
vt 0.972763 0.410941
vt 0.990516 0.410941
vt 0.941203 0.987130
vt 0.939198 0.990194
vt 0.948105 0.992511
vt 0.948728 0.989018
vt 0.972763 0.376133
vt 0.990516 0.376133
vt 0.972763 0.419807
vt 0.972763 0.435840
vt 0.990516 0.435840
vt 0.990516 0.419807
vt 0.772609 0.042431
vt 0.772609 0.060184
vt 0.781688 0.060184
vt 0.781688 0.042431
vt 0.276080 0.076249
vt 0.282666 0.077104
vt 0.856622 0.840817
vt 0.858577 0.840823
vt 0.395805 0.831143
vt 0.089590 0.308776
vt 0.084723 0.312469
vt 0.918493 0.966082
vt 0.915402 0.966730
vt 0.918963 0.976604
vt 0.921704 0.975135
vt 0.926054 0.981396
vt 0.923458 0.983190
vt 0.930442 0.989156
vt 0.932174 0.986572
vt 0.957029 0.990204
vt 0.972136 0.990684
vt 0.814604 0.871051
vt 0.818560 0.871113
vt 0.819009 0.842222
vt 0.815092 0.841690
vt 0.828902 0.815461
vt 0.822896 0.820809
vt 0.820347 0.834352
vt 0.849015 0.807873
vt 0.835920 0.811707
vt 0.848239 0.804813
vt 0.834416 0.808938
vt 0.658308 0.928785
vt 0.745698 0.928846
vt 0.745694 0.918973
vt 0.658303 0.918911
vt 0.937778 0.992969
vt 0.947502 0.995544
vt 0.920503 0.931361
vt 0.916555 0.931526
vt 0.922277 0.965317
vt 0.913371 0.931685
vt 0.818664 0.827160
vt 0.815853 0.825755
vt 0.813346 0.833228
vt 0.816441 0.833817
vt 0.811440 0.870996
vt 0.811983 0.841337
vt 0.510461 0.934194
vt 0.510589 0.931710
vt 0.419672 0.932269
vt 0.420857 0.934331
vt 0.562738 0.992492
vt 0.565214 0.977919
vt 0.559496 0.981660
vt 0.557040 0.999205
vt 0.509692 0.936233
vt 0.421840 0.936264
vt 0.451802 0.296049
vt 0.449981 0.293322
vt 0.948634 0.639835
vt 0.658290 0.639253
vt 0.650790 0.644470
vt 0.953590 0.644470
vt 0.468051 0.024223
vt 0.460234 0.024224
vt 0.460237 0.030073
vt 0.468050 0.030073
vt 0.275109 0.084002
vt 0.276530 0.093036
vt 0.283081 0.093827
vt 0.281686 0.084856
vt 0.273175 0.974358
vt 0.275035 0.974377
vt 0.274334 0.970400
vt 0.273205 0.977408
vt 0.275088 0.977921
vt 0.269078 0.979467
vt 0.272112 0.980381
vt 0.274467 0.981226
vt 0.266327 0.743144
vt 0.263591 0.743255
vt 0.450527 0.301585
vt 0.451606 0.303774
vt 0.453937 0.299522
vt 0.455708 0.303144
vt 0.267797 0.970459
vt 0.266693 0.978286
vt 0.279733 0.100543
vt 0.285570 0.108510
vt 0.292078 0.109264
vt 0.286248 0.101295
vt 0.745689 0.910520
vt 0.745681 0.894892
vt 0.658290 0.891910
vt 0.658299 0.910365
vt 0.791959 0.031666
vt 0.791970 0.037516
vt 0.806150 0.037517
vt 0.806150 0.031668
vt 0.924023 0.395991
vt 0.923906 0.435160
vt 0.925888 0.435166
vt 0.926001 0.397261
vt 0.491841 0.075228
vt 0.491841 0.069379
vt 0.856996 0.885986
vt 0.858953 0.884750
vt 0.481410 0.069379
vt 0.481412 0.075228
vt 0.186130 0.070663
vt 0.273520 0.070769
vt 0.273520 0.041189
vt 0.186130 0.041189
vt 0.953589 0.373896
vt 0.965360 0.363303
vt 0.963253 0.360961
vt 0.951298 0.371755
vt 0.006246 0.543075
vt 0.009039 0.548731
vt 0.008468 0.545616
vt 0.273520 0.078861
vt 0.186130 0.078786
vt 0.186129 0.086568
vt 0.273519 0.086608
vt 0.000795 0.291032
vt 0.410944 0.291732
vt 0.410944 0.204342
vt 0.001421 0.205746
vt 0.903851 0.919944
vt 0.922940 0.920006
vt 0.924467 0.918208
vt 0.905743 0.918530
vt 0.795966 0.016088
vt 0.420952 0.016088
vt 0.420931 0.022633
vt 0.795946 0.022633
vt 0.948709 0.713762
vt 0.942108 0.714502
vt 0.745705 0.964117
vt 0.658315 0.964189
vt 0.658313 0.999201
vt 0.745703 0.999205
vt 0.937391 0.697062
vt 0.943985 0.696357
vt 0.945581 0.687420
vt 0.939014 0.688063
vt 0.008630 0.602092
vt 0.339926 0.974471
vt 0.345274 0.968466
vt 0.343525 0.965819
vt 0.337368 0.972678
vt 0.374426 0.529970
vt 0.094714 0.529084
vt 0.099081 0.532212
vt 0.780676 0.781131
vt 0.782549 0.779626
vt 0.782549 0.692236
vt 0.780676 0.692236
vt 0.944791 0.704129
vt 0.938188 0.704836
vt 0.413455 0.669016
vt 0.407180 0.665368
vt 0.410541 0.680756
vt 0.416841 0.684463
vt 0.409608 0.710854
vt 0.403282 0.707014
vt 0.396911 0.712896
vt 0.403215 0.716768
vt 0.416718 0.693545
vt 0.410398 0.689786
vt 0.407775 0.699556
vt 0.414092 0.703391
vt 0.273518 0.094423
vt 0.186128 0.094382
vt 0.186125 0.103460
vt 0.273516 0.103441
vt 0.389384 0.717923
vt 0.359629 0.731826
vt 0.395664 0.721812
vt 0.745705 0.953753
vt 0.658315 0.953789
vt 0.658314 0.945976
vt 0.745704 0.945939
vt 0.745702 0.936920
vt 0.658311 0.936897
vt 0.960845 0.666028
vt 0.970789 0.656481
vt 0.966995 0.656052
vt 0.954433 0.666533
vt 0.252860 0.617017
vt 0.186114 0.125700
vt 0.273504 0.125602
vt 0.273512 0.111510
vt 0.186122 0.111566
vt 0.867668 0.903922
vt 0.865747 0.905187
vt 0.873914 0.912073
vt 0.875764 0.910772
vt 0.473598 0.075228
vt 0.473596 0.069379
vt 0.464452 0.069379
vt 0.464453 0.075228
vt 0.421358 0.075231
vt 0.437700 0.075230
vt 0.437717 0.069381
vt 0.421357 0.069382
vt 0.943726 0.364393
vt 0.941858 0.363063
vt 0.933541 0.369991
vt 0.935480 0.371285
vt 0.774663 0.031666
vt 0.774661 0.037515
vt 0.783806 0.037515
vt 0.783808 0.031666
vt 0.750875 0.037514
vt 0.750885 0.031665
vt 0.930304 0.378949
vt 0.928353 0.377647
vt 0.925510 0.386448
vt 0.927484 0.387706
vt 0.456277 0.075228
vt 0.456290 0.069379
vt 0.446414 0.069380
vt 0.446429 0.075229
vt 0.968702 0.357084
vt 0.966959 0.355254
vt 0.950572 0.358884
vt 0.952565 0.360295
vt 0.860672 0.897601
vt 0.862604 0.896328
vt 0.946044 0.388933
vt 0.950656 0.382561
vt 0.947895 0.380253
vt 0.942488 0.387864
vt 0.884355 0.914962
vt 0.882502 0.916251
vt 0.893718 0.918807
vt 0.895438 0.917495
vt 0.942384 0.680629
vt 0.948914 0.680023
vt 0.954921 0.672187
vt 0.948399 0.672796
vt 0.399021 0.766787
vt 0.827108 0.812903
vt 0.820249 0.819061
vt 0.011020 0.983169
vt 0.007548 0.981420
vt 0.796397 0.091501
vt 0.796374 0.084956
vt 0.421357 0.084956
vt 0.421380 0.091501
vt 0.017127 0.978076
vt 0.017327 0.949397
vt 0.942658 0.419828
vt 0.938944 0.410895
vt 0.935891 0.411618
vt 0.939908 0.421441
vt 0.938120 0.403251
vt 0.939415 0.395259
vt 0.936382 0.394400
vt 0.934943 0.403594
vt 0.956337 0.376226
vt 0.967770 0.366002
vt 0.395516 0.960174
vt 0.366154 0.960662
vt 0.366687 0.964579
vt 0.395578 0.964130
vt 0.342949 0.976544
vt 0.347078 0.971929
vt 0.826683 0.740092
vt 0.819823 0.746249
vt 0.257287 0.617242
vt 0.257915 0.570329
vt 0.945446 0.378289
vt 0.939572 0.386639
vt 0.964721 0.446850
vt 0.962244 0.448898
vt 0.351624 0.964234
vt 0.358282 0.962011
vt 0.357693 0.958916
vt 0.350220 0.961423
vt 0.395461 0.957009
vt 0.365802 0.957552
vt 0.360552 0.733962
vt 0.360810 0.736607
vt 0.359369 0.740332
vt 0.778357 0.692236
vt 0.778357 0.781965
vt 0.778357 0.692236
vt 0.773558 0.692166
vt 0.775701 0.781744
vt 0.011363 0.548089
vt 0.013598 0.553217
vt 0.013855 0.547774
vt 0.010861 0.543936
vt 0.013409 0.543002
vt 0.008931 0.539913
vt 0.012193 0.538456
vt 0.016351 0.981971
vt 0.018639 0.983158
vt 0.014193 0.985502
vt 0.017717 0.987620
vt 0.359629 0.731826
vt 0.265960 0.736376
vt 0.391318 0.830477
vt 0.656701 0.992330
vt 0.566803 0.990276
vt 0.566887 0.995014
vt 0.847814 0.732002
vt 0.833990 0.736126
vt 0.674853 0.628875
vt 0.762243 0.628875
vt 0.762243 0.215845
vt 0.674852 0.218725
vt 0.528592 0.147928
vt 0.528591 0.536867
vt 0.535376 0.536635
vt 0.535376 0.147860
vt 0.419577 0.930153
vt 0.265584 0.945133
vt 0.262808 0.941771
vt 0.259608 0.939771
vt 0.371573 0.763225
vt 0.369206 0.760638
vt 0.368582 0.757768
vt 0.943874 0.592666
vt 0.948487 0.599039
vt 0.941938 0.402426
vt 0.942970 0.396314
vt 0.868415 0.945634
vt 0.873142 0.941690
vt 0.864115 0.951965
vt 0.925153 0.973219
vt 0.929454 0.979551
vt 0.934181 0.983494
vt 0.822083 0.828946
vt 0.400793 0.847532
vt 0.393933 0.841375
vt 0.851224 0.145331
vt 0.851227 0.135458
vt 0.763837 0.135539
vt 0.763834 0.145411
vt 0.353411 0.967652
vt 0.358817 0.965917
vt 0.360552 0.733962
vt 0.510461 0.934194
vt 0.900569 0.137684
vt 0.894471 0.139895
vt 0.894471 0.213294
vt 0.900567 0.215771
vt 0.908793 0.628875
vt 0.915551 0.628815
vt 0.915551 0.241119
vt 0.908792 0.241613
vt 0.263262 0.625846
vt 0.673263 0.628875
vt 0.673263 0.538456
vt 0.263113 0.538456
vt 0.947517 0.632508
vt 0.658290 0.632446
vt 0.650790 0.637663
vt 0.953590 0.637663
vt 0.566372 0.647809
vt 0.560404 0.653046
vt 0.861404 0.653046
vt 0.854504 0.647859
vt 0.470876 0.100806
vt 0.470876 0.489074
vt 0.613420 0.149680
vt 0.606655 0.148766
vt 0.606662 0.536822
vt 0.613420 0.536867
vt 0.420931 0.014498
vt 0.795946 0.014498
vt 0.795966 0.007953
vt 0.420952 0.007953
vt 0.851223 0.217360
vt 0.763832 0.218725
vt 0.763832 0.628875
vt 0.851223 0.628875
vt 0.599879 0.148336
vt 0.599889 0.536773
vt 0.414749 0.993657
vt 0.416841 0.978376
vt 0.411004 0.982469
vt 0.408932 0.999205
vt 0.798173 0.925875
vt 0.798173 0.731671
vt 0.795078 0.734384
vt 0.794795 0.922641
vt 0.508641 0.722245
vt 0.921892 0.215194
vt 0.921892 0.138071
vt 0.332338 0.976189
vt 0.332095 0.972835
vt 0.331283 0.964427
vt 0.331747 0.968940
vt 0.889137 0.140893
vt 0.889136 0.210619
vt 0.418762 0.786123
vt 0.804706 0.926994
vt 0.804706 0.734045
vt 0.801589 0.736185
vt 0.801312 0.924208
vt 0.374544 0.526713
vt 0.085051 0.525013
vt 0.852824 0.143966
vt 0.852824 0.210389
vt 0.881042 0.210389
vt 0.881042 0.142552
vt 0.002995 0.321527
vt 0.026326 0.317224
vt 0.406424 0.337680
vt 0.012556 0.389292
vt 0.013019 0.448871
vt 0.035532 0.452830
vt 0.035201 0.385362
vt 0.966549 0.476374
vt 0.559358 0.938362
vt 0.419247 0.871773
vt 0.407832 0.497679
vt 0.009202 0.383708
vt 0.033890 0.379453
vt 0.006822 0.492710
vt 0.030294 0.496118
vt 0.034372 0.458514
vt 0.009753 0.454228
vt 0.256841 0.982577
vt 0.991205 0.856917
vt 0.991205 0.440034
vt 0.973452 0.440034
vt 0.973452 0.856917
vt 0.790283 0.733471
vt 0.789768 0.923170
vt 0.793206 0.925875
vt 0.793206 0.730358
vt 0.639559 0.632712
vt 0.448982 0.632191
vt 0.445747 0.635613
vt 0.642510 0.635613
vt 0.412533 0.009222
vt 0.002482 0.009222
vt 0.002482 0.026685
vt 0.412533 0.026685
vt 0.026451 0.518973
vt 0.002069 0.515219
vt 0.006561 0.518057
vt 0.029741 0.521693
vt 0.024925 0.319752
vt 0.000795 0.324102
vt 0.006776 0.349593
vt 0.029884 0.345927
vt 0.922317 0.628747
vt 0.922317 0.240888
vt 0.358267 0.934644
vt 0.972136 0.930696
vt 0.940437 0.680483
vt 0.933905 0.681072
vt 0.939939 0.673254
vt 0.946464 0.672662
vt 0.527002 0.536867
vt 0.527002 0.100806
vt 0.100600 0.536214
vt 0.543133 0.793603
vt 0.530232 0.793705
vt 0.529487 0.800218
vt 0.543711 0.800251
vt 0.554390 0.729939
vt 0.551395 0.734523
vt 0.555349 0.738706
vt 0.559485 0.734104
vt 0.528365 0.793465
vt 0.526320 0.799445
vt 0.548742 0.727242
vt 0.547172 0.732059
vt 0.544781 0.726346
vt 0.543940 0.731332
vt 0.528835 0.726637
vt 0.529724 0.731443
vt 0.546867 0.739414
vt 0.545160 0.738130
vt 0.548019 0.742050
vt 0.530374 0.738042
vt 0.526529 0.732180
vt 0.528481 0.738235
vt 0.546967 0.799560
vt 0.545045 0.793421
vt 0.554825 0.741576
vt 0.554825 0.790051
vt 0.559516 0.790051
vt 0.559516 0.741576
vt 0.519483 0.730080
vt 0.514456 0.734077
vt 0.518428 0.738626
vt 0.522360 0.734579
vt 0.525002 0.727505
vt 0.526758 0.739475
vt 0.525562 0.742050
vt 0.543272 0.737899
vt 0.554134 0.801779
vt 0.559274 0.797728
vt 0.555246 0.793075
vt 0.551226 0.797166
vt 0.548478 0.804383
vt 0.544528 0.805244
vt 0.528571 0.805010
vt 0.546796 0.792175
vt 0.548019 0.789577
vt 0.519233 0.801439
vt 0.522195 0.796977
vt 0.518334 0.792842
vt 0.514260 0.797333
vt 0.524735 0.804106
vt 0.526686 0.792185
vt 0.525562 0.789577
vt 0.518756 0.741576
vt 0.518756 0.790051
vt 0.514065 0.741576
vt 0.514065 0.790051
vt 0.282277 0.635234
vt 0.282277 0.630465
vt 0.272695 0.630465
vt 0.272695 0.635234
vt 0.263113 0.630465
vt 0.263113 0.635234
vt 0.435589 0.635234
vt 0.435589 0.630465
vt 0.426007 0.630465
vt 0.426007 0.635234
vt 0.416425 0.630465
vt 0.416425 0.635234
vt 0.406843 0.630465
vt 0.406843 0.635234
vt 0.397261 0.630465
vt 0.397261 0.635234
vt 0.387679 0.630465
vt 0.387679 0.635234
vt 0.378097 0.630465
vt 0.378097 0.635234
vt 0.368515 0.630465
vt 0.368515 0.635234
vt 0.358933 0.630465
vt 0.358933 0.635234
vt 0.349351 0.630465
vt 0.349351 0.635234
vt 0.339769 0.630465
vt 0.339769 0.635234
vt 0.330187 0.630465
vt 0.330187 0.635234
vt 0.320605 0.630465
vt 0.320605 0.635234
vt 0.311023 0.630465
vt 0.311023 0.635234
vt 0.301441 0.630465
vt 0.301441 0.635234
vt 0.929218 0.863225
vt 0.930276 0.869743
vt 0.938599 0.867982
vt 0.937679 0.862372
vt 0.291859 0.630465
vt 0.291859 0.635234
vt 0.890608 0.792521
vt 0.896822 0.793616
vt 0.900045 0.784761
vt 0.890608 0.783097
vt 0.902286 0.796771
vt 0.908343 0.789552
vt 0.906341 0.801604
vt 0.914502 0.796892
vt 0.908499 0.807533
vt 0.917780 0.805897
vt 0.908499 0.813842
vt 0.917780 0.815479
vt 0.906341 0.819771
vt 0.914502 0.824483
vt 0.902286 0.824604
vt 0.908343 0.831823
vt 0.896821 0.827759
vt 0.900044 0.836614
vt 0.890608 0.828855
vt 0.890608 0.838278
vt 0.884395 0.827759
vt 0.881171 0.836614
vt 0.878930 0.824604
vt 0.872873 0.831823
vt 0.874875 0.819771
vt 0.866714 0.824483
vt 0.872717 0.813842
vt 0.863437 0.815478
vt 0.872717 0.807533
vt 0.863437 0.805897
vt 0.874875 0.801604
vt 0.866714 0.796892
vt 0.878931 0.796771
vt 0.872873 0.789552
vt 0.884395 0.793616
vt 0.881171 0.784761
vt 0.937372 0.856698
vt 0.946386 0.861416
vt 0.946130 0.856687
vt 0.950298 0.903429
vt 0.955522 0.907731
vt 0.961115 0.900501
vt 0.956186 0.896853
vt 0.945473 0.814713
vt 0.941271 0.819763
vt 0.948037 0.824887
vt 0.951715 0.820477
vt 0.928871 0.856631
vt 0.945511 0.898738
vt 0.951885 0.892870
vt 0.929237 0.850042
vt 0.937678 0.851024
vt 0.941242 0.893627
vt 0.948129 0.888503
vt 0.930311 0.843531
vt 0.938595 0.845417
vt 0.937546 0.888119
vt 0.944906 0.883780
vt 0.932079 0.837176
vt 0.940111 0.839941
vt 0.934464 0.882261
vt 0.942229 0.878748
vt 0.934520 0.831051
vt 0.942207 0.834658
vt 0.932031 0.876113
vt 0.940121 0.873462
vt 0.950109 0.810090
vt 0.955888 0.816390
vt 0.937599 0.825225
vt 0.944859 0.829624
vt 0.954995 0.805839
vt 0.960655 0.812569
vt 0.961672 0.889907
vt 0.958165 0.886726
vt 0.946386 0.851960
vt 0.955069 0.883145
vt 0.947150 0.847288
vt 0.952398 0.879235
vt 0.948416 0.842726
vt 0.950174 0.875053
vt 0.950168 0.838326
vt 0.948419 0.870653
vt 0.958146 0.826601
vt 0.961650 0.823346
vt 0.952387 0.834140
vt 0.947152 0.866089
vt 0.965568 0.820525
vt 0.955054 0.830217
vt 0.965568 0.892539
vt 0.884343 0.681186
vt 0.882155 0.684137
vt 0.884814 0.685626
vt 0.886529 0.683218
vt 0.904551 0.679036
vt 0.907211 0.681422
vt 0.913790 0.675961
vt 0.909612 0.672064
vt 0.901350 0.677344
vt 0.904586 0.669387
vt 0.897819 0.676429
vt 0.899055 0.668019
vt 0.894125 0.676378
vt 0.893319 0.667996
vt 0.890519 0.677202
vt 0.887730 0.669310
vt 0.887188 0.678800
vt 0.882614 0.671842
vt 0.878192 0.675457
vt 0.874716 0.679988
vt 0.880703 0.687504
vt 0.872402 0.685218
vt 0.880128 0.691121
vt 0.871439 0.690852
vt 0.880476 0.694735
vt 0.871902 0.696542
vt 0.881637 0.698177
vt 0.873777 0.701931
vt 0.883636 0.701252
vt 0.876910 0.706690
vt 0.886276 0.703778
vt 0.881077 0.710566
vt 0.889513 0.705632
vt 0.886077 0.713408
vt 0.893065 0.706723
vt 0.891608 0.715043
vt 0.896839 0.706961
vt 0.897400 0.715392
vt 0.900524 0.706264
vt 0.903110 0.714427
vt 0.903951 0.704786
vt 0.908488 0.712148
vt 0.906894 0.702582
vt 0.913168 0.708589
vt 0.909139 0.699825
vt 0.916749 0.703861
vt 0.909158 0.684264
vt 0.916749 0.680782
vt 0.883503 0.694091
vt 0.886349 0.693483
vt 0.890752 0.702828
vt 0.888100 0.701379
vt 0.904985 0.683451
vt 0.906685 0.685645
vt 0.900216 0.680197
vt 0.902811 0.681533
vt 0.883628 0.688306
vt 0.893573 0.703767
vt 0.897384 0.679405
vt 0.883175 0.691211
vt 0.896632 0.703943
vt 0.894407 0.679351
vt 0.883503 0.694091
vt 0.899609 0.703323
vt 0.891527 0.680036
vt 0.884390 0.696849
vt 0.902389 0.702154
vt 0.888820 0.681285
vt 0.886048 0.699306
vt 0.904795 0.700368
vt 0.906688 0.698281
vt 0.899609 0.703323
vt 0.898712 0.700418
vt 0.891527 0.680036
vt 0.892497 0.682825
vt 0.906688 0.698281
vt 0.904441 0.696081
vt 0.884814 0.685626
vt 0.887387 0.687086
vt 0.906685 0.685645
vt 0.904288 0.687613
vt 0.900216 0.680197
vt 0.899130 0.682957
vt 0.896844 0.688149
vt 0.897915 0.688869
vt 0.901947 0.684804
vt 0.899130 0.682957
vt 0.895578 0.687888
vt 0.895836 0.682371
vt 0.894292 0.688087
vt 0.892497 0.682825
vt 0.893156 0.688731
vt 0.889597 0.684556
vt 0.892318 0.689722
vt 0.887387 0.687086
vt 0.891942 0.690972
vt 0.886342 0.690218
vt 0.891984 0.692266
vt 0.886349 0.693483
vt 0.892500 0.693475
vt 0.887619 0.696462
vt 0.893769 0.694710
vt 0.890852 0.699543
vt 0.895465 0.695226
vt 0.895273 0.700793
vt 0.896794 0.695036
vt 0.898712 0.700418
vt 0.897946 0.694337
vt 0.901798 0.698754
vt 0.898807 0.693305
vt 0.904441 0.696081
vt 0.898653 0.689934
vt 0.904288 0.687613
vt 0.761377 0.957187
vt 0.761377 0.958997
vt 0.772670 0.958997
vt 0.772670 0.957187
vt 0.761377 0.963604
vt 0.761377 0.964970
vt 0.772671 0.964970
vt 0.772670 0.963604
vt 0.761377 0.951713
vt 0.761377 0.953100
vt 0.772670 0.953100
vt 0.772670 0.951713
vt 0.761377 0.944836
vt 0.761377 0.946193
vt 0.772670 0.946193
vt 0.772671 0.944836
vt 0.761377 0.947553
vt 0.772670 0.947553
vt 0.761377 0.954469
vt 0.772670 0.954469
vt 0.761377 0.960831
vt 0.772670 0.960831
vt 0.761377 0.948930
vt 0.772670 0.948930
vt 0.761377 0.955828
vt 0.772670 0.955828
vt 0.761377 0.962224
vt 0.772670 0.962224
vt 0.761377 0.950319
vt 0.772670 0.950319
vt 0.978730 0.988252
vt 0.978730 0.994000
vt 0.993331 0.994000
vt 0.993331 0.988252
vt 0.978730 0.982462
vt 0.993331 0.982462
vt 0.978730 0.976629
vt 0.993331 0.976629
vt 0.978730 0.970763
vt 0.993331 0.970763
vt 0.978730 0.964884
vt 0.993331 0.964884
vt 0.978730 0.959017
vt 0.993331 0.959017
vt 0.978730 0.953184
vt 0.993331 0.953184
vt 0.978730 0.947395
vt 0.993331 0.947395
vt 0.978730 0.941646
vt 0.993331 0.941646
vt 0.978730 0.935922
vt 0.993331 0.935922
vt 0.978730 0.930198
vt 0.993331 0.930198
vt 0.978730 0.924449
vt 0.993331 0.924449
vt 0.978730 0.918660
vt 0.993331 0.918660
vt 0.978730 0.912827
vt 0.993331 0.912827
vt 0.978730 0.906960
vt 0.993331 0.906960
vt 0.978730 0.901081
vt 0.993331 0.901081
vt 0.978730 0.895215
vt 0.993331 0.895215
vt 0.978730 0.889382
vt 0.993331 0.889382
vt 0.978730 0.883592
vt 0.993331 0.883592
vt 0.978730 0.877844
vt 0.993331 0.877844
vt 0.978730 0.872120
vt 0.993331 0.872120
vt 0.883734 0.761211
vt 0.885920 0.759178
vt 0.884205 0.756771
vt 0.881547 0.758260
vt 0.903942 0.763361
vt 0.909003 0.770333
vt 0.913181 0.766435
vt 0.906602 0.760975
vt 0.900741 0.765052
vt 0.903977 0.773009
vt 0.897210 0.765968
vt 0.898446 0.774378
vt 0.893516 0.766019
vt 0.892710 0.774401
vt 0.889910 0.765195
vt 0.887121 0.773086
vt 0.886578 0.763597
vt 0.882005 0.770555
vt 0.877583 0.766940
vt 0.874107 0.762408
vt 0.880095 0.754893
vt 0.871793 0.757179
vt 0.879519 0.751276
vt 0.870830 0.751544
vt 0.879867 0.747662
vt 0.871293 0.745855
vt 0.881028 0.744220
vt 0.873168 0.740465
vt 0.883027 0.741145
vt 0.876301 0.735707
vt 0.885668 0.738619
vt 0.880468 0.731831
vt 0.888904 0.736765
vt 0.885468 0.728989
vt 0.892457 0.735674
vt 0.890999 0.727354
vt 0.896230 0.735436
vt 0.896792 0.727005
vt 0.899915 0.736133
vt 0.902501 0.727970
vt 0.903342 0.737611
vt 0.907879 0.730249
vt 0.906285 0.739815
vt 0.912559 0.733808
vt 0.908530 0.742572
vt 0.916140 0.738536
vt 0.916140 0.761615
vt 0.908549 0.758132
vt 0.885740 0.748914
vt 0.882894 0.748306
vt 0.887491 0.741017
vt 0.890144 0.739570
vt 0.906076 0.756752
vt 0.904376 0.758947
vt 0.902202 0.760865
vt 0.899607 0.762200
vt 0.883019 0.754091
vt 0.892964 0.738630
vt 0.896775 0.762992
vt 0.882566 0.751186
vt 0.896023 0.738454
vt 0.893798 0.763046
vt 0.882894 0.748306
vt 0.899001 0.739074
vt 0.890918 0.762361
vt 0.883781 0.745548
vt 0.901780 0.740243
vt 0.888211 0.761112
vt 0.885439 0.743091
vt 0.904186 0.742029
vt 0.906079 0.744116
vt 0.898103 0.741978
vt 0.899001 0.739074
vt 0.891888 0.759571
vt 0.890918 0.762361
vt 0.903832 0.746316
vt 0.906079 0.744116
vt 0.886778 0.755311
vt 0.884205 0.756771
vt 0.906076 0.756752
vt 0.903679 0.754784
vt 0.898521 0.759440
vt 0.899607 0.762200
vt 0.896235 0.754248
vt 0.898521 0.759440
vt 0.901338 0.757592
vt 0.897306 0.753527
vt 0.894969 0.754509
vt 0.895228 0.760026
vt 0.893683 0.754310
vt 0.891888 0.759571
vt 0.892547 0.753666
vt 0.888988 0.757841
vt 0.891709 0.752675
vt 0.886778 0.755311
vt 0.891334 0.751425
vt 0.885733 0.752179
vt 0.891375 0.750131
vt 0.885740 0.748914
vt 0.891890 0.748922
vt 0.887010 0.745934
vt 0.893160 0.747687
vt 0.890243 0.742854
vt 0.894856 0.747171
vt 0.894664 0.741604
vt 0.896185 0.747361
vt 0.898103 0.741978
vt 0.897337 0.748060
vt 0.901189 0.743642
vt 0.898198 0.749092
vt 0.903832 0.746316
vt 0.903679 0.754784
vt 0.898044 0.752463
vt 0.785554 0.957187
vt 0.774260 0.957187
vt 0.774260 0.958997
vt 0.785554 0.958997
vt 0.785554 0.963604
vt 0.774260 0.963604
vt 0.774260 0.964970
vt 0.785554 0.964970
vt 0.785554 0.951713
vt 0.774260 0.951713
vt 0.774260 0.953100
vt 0.785554 0.953100
vt 0.785554 0.944836
vt 0.774260 0.944836
vt 0.774260 0.946193
vt 0.785554 0.946193
vt 0.774260 0.947554
vt 0.785554 0.947554
vt 0.774260 0.954469
vt 0.785554 0.954469
vt 0.774260 0.960831
vt 0.785554 0.960831
vt 0.774260 0.948930
vt 0.785554 0.948930
vt 0.774260 0.955828
vt 0.785554 0.955828
vt 0.774260 0.962224
vt 0.785554 0.962224
vt 0.774260 0.950319
vt 0.785554 0.950319
vt 0.978730 0.866396
vt 0.993331 0.866396
vt 0.527161 0.945440
vt 0.519953 0.945226
vt 0.519422 0.949692
vt 0.527028 0.949906
vt 0.526914 0.954361
vt 0.526810 0.958842
vt 0.526842 0.963176
vt 0.526968 0.967633
vt 0.527092 0.972092
vt 0.527161 0.976533
vt 0.512685 0.976954
vt 0.527143 0.980966
vt 0.527043 0.985367
vt 0.510006 0.988743
vt 0.526858 0.989784
vt 0.509245 0.992827
vt 0.526581 0.994206
vt 0.508400 0.997050
vt 0.526220 0.998641
vt 0.933834 0.462210
vt 0.935476 0.474478
vt 0.946027 0.472739
vt 0.943342 0.461538
vt 0.721846 0.788122
vt 0.720194 0.794053
vt 0.757954 0.799414
vt 0.757954 0.787551
vt 0.506398 0.975261
vt 0.501222 0.985223
vt 0.499744 0.989473
vt 0.517056 0.949580
vt 0.560175 0.814264
vt 0.539783 0.820614
vt 0.498335 0.993793
vt 0.517641 0.945138
vt 0.957871 0.468531
vt 0.953501 0.456927
vt 0.496033 0.953972
vt 0.497265 0.951210
vt 0.496033 0.953972
vt 0.487935 0.975377
vt 0.485317 0.953107
vt 0.484086 0.949586
vt 0.480395 0.951518
vt 0.482621 0.954444
vt 0.477508 0.954457
vt 0.480505 0.956558
vt 0.475657 0.958113
vt 0.479114 0.959174
vt 0.475046 0.962138
vt 0.478638 0.962069
vt 0.475704 0.966123
vt 0.479108 0.964972
vt 0.477515 0.969715
vt 0.480377 0.967620
vt 0.480308 0.972550
vt 0.482388 0.969732
vt 0.483751 0.974407
vt 0.484967 0.971169
vt 0.487455 0.975327
vt 0.488049 0.971856
vt 0.487935 0.975377
vt 0.490506 0.973078
vt 0.497265 0.951210
vt 0.496683 0.950918
vt 0.492526 0.949333
vt 0.491577 0.953204
vt 0.539278 0.820178
vt 0.538900 0.846179
vt 0.488247 0.948856
vt 0.488379 0.952693
vt 0.534405 0.818324
vt 0.533975 0.847891
vt 0.529191 0.818248
vt 0.528761 0.847815
vt 0.523888 0.845961
vt 0.524266 0.819960
vt 0.519943 0.842551
vt 0.520224 0.823253
vt 0.471774 0.994911
vt 0.471641 0.990443
vt 0.464033 0.990658
vt 0.464565 0.995126
vt 0.471526 0.985987
vt 0.471423 0.981507
vt 0.471454 0.977171
vt 0.471580 0.972715
vt 0.471705 0.968256
vt 0.471774 0.963816
vt 0.471757 0.959384
vt 0.457300 0.963393
vt 0.471657 0.954984
vt 0.471473 0.950567
vt 0.454624 0.951606
vt 0.471197 0.946145
vt 0.453863 0.947523
vt 0.470835 0.941711
vt 0.453019 0.943301
vt 0.416975 0.831686
vt 0.424983 0.826512
vt 0.420403 0.815939
vt 0.410919 0.820887
vt 0.407339 0.838590
vt 0.433671 0.866142
vt 0.451015 0.965084
vt 0.444364 0.950875
vt 0.445842 0.955124
vt 0.461667 0.990771
vt 0.541097 0.888186
vt 0.561489 0.894535
vt 0.442955 0.946556
vt 0.462252 0.995213
vt 0.435880 0.824097
vt 0.432404 0.812191
vt 0.440628 0.986379
vt 0.440628 0.986379
vt 0.441861 0.989143
vt 0.432562 0.964966
vt 0.429915 0.987243
vt 0.427222 0.985902
vt 0.424993 0.988826
vt 0.428682 0.990761
vt 0.425109 0.983786
vt 0.422109 0.985884
vt 0.423722 0.981169
vt 0.420263 0.982225
vt 0.423250 0.978272
vt 0.419656 0.978199
vt 0.423723 0.975368
vt 0.420320 0.974213
vt 0.424996 0.972720
vt 0.422135 0.970622
vt 0.427010 0.970609
vt 0.424931 0.967788
vt 0.429591 0.969173
vt 0.428376 0.965933
vt 0.432676 0.968487
vt 0.432082 0.965015
vt 0.435134 0.967264
vt 0.432562 0.964966
vt 0.441279 0.989434
vt 0.441861 0.989143
vt 0.436172 0.987149
vt 0.437121 0.991020
vt 0.540591 0.888621
vt 0.540213 0.862620
vt 0.432976 0.987659
vt 0.432842 0.991495
vt 0.535718 0.890476
vt 0.535289 0.860908
vt 0.530505 0.890551
vt 0.530075 0.860984
vt 0.525202 0.862839
vt 0.525580 0.888840
vt 0.521257 0.866248
vt 0.521537 0.885546
vt 0.473122 0.670734
vt 0.485892 0.667359
vt 0.479097 0.653752
vt 0.469249 0.662429
vt 0.467003 0.644677
vt 0.462034 0.656792
vt 0.452276 0.641745
vt 0.452840 0.655069
vt 0.437436 0.645017
vt 0.443455 0.656823
vt 0.425463 0.654442
vt 0.436002 0.662353
vt 0.418977 0.668186
vt 0.431894 0.670583
vt 0.419181 0.683293
vt 0.432037 0.679914
vt 0.425708 0.696991
vt 0.435731 0.688459
vt 0.437644 0.706386
vt 0.442872 0.694289
vt 0.452506 0.709532
vt 0.451853 0.696391
vt 0.467197 0.705867
vt 0.460916 0.694094
vt 0.479156 0.696375
vt 0.468528 0.688325
vt 0.485892 0.682634
vt 0.472873 0.679993
vt 0.544416 0.671273
vt 0.557185 0.667899
vt 0.550391 0.654292
vt 0.540542 0.662969
vt 0.538297 0.645217
vt 0.533328 0.657331
vt 0.523570 0.642285
vt 0.524134 0.655609
vt 0.508730 0.645557
vt 0.514748 0.657363
vt 0.496757 0.654981
vt 0.507295 0.662893
vt 0.490271 0.668726
vt 0.503188 0.671123
vt 0.490475 0.683833
vt 0.503331 0.680454
vt 0.497001 0.697531
vt 0.507025 0.688999
vt 0.508938 0.706926
vt 0.514166 0.694829
vt 0.523800 0.710072
vt 0.523146 0.696931
vt 0.538491 0.706407
vt 0.532210 0.694634
vt 0.550450 0.696915
vt 0.539821 0.688865
vt 0.557185 0.683174
vt 0.544167 0.680533
vt 0.316066 0.672001
vt 0.328835 0.668627
vt 0.322041 0.655020
vt 0.312192 0.663697
vt 0.309946 0.645945
vt 0.304978 0.658060
vt 0.295220 0.643013
vt 0.295783 0.656337
vt 0.280380 0.646286
vt 0.286398 0.658091
vt 0.268407 0.655710
vt 0.278945 0.663621
vt 0.261920 0.669454
vt 0.274837 0.671851
vt 0.262125 0.684562
vt 0.274981 0.681183
vt 0.268651 0.698259
vt 0.278675 0.689727
vt 0.280588 0.707654
vt 0.285816 0.695558
vt 0.295450 0.710800
vt 0.294796 0.697659
vt 0.310141 0.707135
vt 0.303860 0.695362
vt 0.322100 0.697643
vt 0.311471 0.689594
vt 0.328835 0.683902
vt 0.315817 0.681261
vt 0.388004 0.672356
vt 0.400774 0.668981
vt 0.393979 0.655373
vt 0.384131 0.664051
vt 0.381885 0.646299
vt 0.376916 0.658414
vt 0.367158 0.643367
vt 0.367722 0.656692
vt 0.352318 0.646640
vt 0.358337 0.658445
vt 0.340345 0.656064
vt 0.350884 0.663975
vt 0.333859 0.669808
vt 0.346776 0.672205
vt 0.334064 0.684915
vt 0.346919 0.681537
vt 0.340590 0.698613
vt 0.350614 0.690081
vt 0.352526 0.708008
vt 0.357755 0.695912
vt 0.367388 0.711153
vt 0.366735 0.698013
vt 0.382079 0.707489
vt 0.375798 0.695716
vt 0.394038 0.697997
vt 0.383410 0.689948
vt 0.400774 0.684256
vt 0.387755 0.681615
vt 0.527161 0.945440
vt 0.519953 0.945226
vt 0.519422 0.949692
vt 0.527028 0.949906
vt 0.526914 0.954361
vt 0.526810 0.958842
vt 0.526842 0.963176
vt 0.526968 0.967633
vt 0.527092 0.972092
vt 0.527161 0.976533
vt 0.512685 0.976954
vt 0.527143 0.980966
vt 0.527043 0.985367
vt 0.510006 0.988743
vt 0.526858 0.989784
vt 0.509245 0.992827
vt 0.526581 0.994206
vt 0.508400 0.997050
vt 0.526220 0.998641
vt 0.933834 0.462210
vt 0.935476 0.474478
vt 0.946027 0.472739
vt 0.943342 0.461538
vt 0.721846 0.788122
vt 0.720194 0.794053
vt 0.757954 0.799414
vt 0.757954 0.787551
vt 0.506398 0.975261
vt 0.501222 0.985223
vt 0.499744 0.989473
vt 0.517056 0.949580
vt 0.560175 0.814264
vt 0.539783 0.820614
vt 0.498335 0.993793
vt 0.517641 0.945138
vt 0.957871 0.468531
vt 0.953501 0.456927
vt 0.496033 0.953972
vt 0.497265 0.951210
vt 0.496033 0.953972
vt 0.487935 0.975377
vt 0.485317 0.953107
vt 0.484086 0.949586
vt 0.480395 0.951518
vt 0.482621 0.954444
vt 0.477508 0.954457
vt 0.480505 0.956558
vt 0.475657 0.958113
vt 0.479114 0.959174
vt 0.475046 0.962138
vt 0.478638 0.962069
vt 0.475704 0.966123
vt 0.479108 0.964972
vt 0.477515 0.969715
vt 0.480377 0.967620
vt 0.480308 0.972550
vt 0.482388 0.969732
vt 0.483751 0.974407
vt 0.484967 0.971169
vt 0.487455 0.975327
vt 0.488049 0.971856
vt 0.487935 0.975377
vt 0.490506 0.973078
vt 0.497265 0.951210
vt 0.496683 0.950918
vt 0.492526 0.949333
vt 0.491577 0.953204
vt 0.539278 0.820178
vt 0.538900 0.846179
vt 0.488247 0.948856
vt 0.488379 0.952693
vt 0.534405 0.818324
vt 0.533975 0.847891
vt 0.529191 0.818248
vt 0.528761 0.847815
vt 0.523888 0.845961
vt 0.524266 0.819960
vt 0.519943 0.842551
vt 0.520224 0.823253
vt 0.471774 0.994911
vt 0.471641 0.990443
vt 0.464033 0.990658
vt 0.464565 0.995126
vt 0.471526 0.985987
vt 0.471423 0.981507
vt 0.471454 0.977171
vt 0.471580 0.972715
vt 0.471705 0.968256
vt 0.471774 0.963816
vt 0.471757 0.959384
vt 0.457300 0.963393
vt 0.471657 0.954984
vt 0.471473 0.950567
vt 0.454624 0.951606
vt 0.471197 0.946145
vt 0.453863 0.947523
vt 0.470835 0.941711
vt 0.453019 0.943301
vt 0.416975 0.831686
vt 0.424983 0.826512
vt 0.420403 0.815939
vt 0.410919 0.820887
vt 0.407339 0.838590
vt 0.433671 0.866142
vt 0.451015 0.965084
vt 0.444364 0.950875
vt 0.445842 0.955124
vt 0.461667 0.990771
vt 0.541097 0.888186
vt 0.561489 0.894535
vt 0.442955 0.946556
vt 0.462252 0.995213
vt 0.435880 0.824097
vt 0.432404 0.812191
vt 0.440628 0.986379
vt 0.440628 0.986379
vt 0.441861 0.989143
vt 0.432562 0.964966
vt 0.429915 0.987243
vt 0.427222 0.985902
vt 0.424993 0.988826
vt 0.428682 0.990761
vt 0.425109 0.983786
vt 0.422109 0.985884
vt 0.423722 0.981169
vt 0.420263 0.982225
vt 0.423250 0.978272
vt 0.419656 0.978199
vt 0.423723 0.975368
vt 0.420320 0.974213
vt 0.424996 0.972720
vt 0.422135 0.970622
vt 0.427010 0.970609
vt 0.424931 0.967788
vt 0.429591 0.969173
vt 0.428376 0.965933
vt 0.432676 0.968487
vt 0.432082 0.965015
vt 0.435134 0.967264
vt 0.432562 0.964966
vt 0.441279 0.989434
vt 0.441861 0.989143
vt 0.436172 0.987149
vt 0.437121 0.991020
vt 0.540591 0.888621
vt 0.540213 0.862620
vt 0.432976 0.987659
vt 0.432842 0.991495
vt 0.535718 0.890476
vt 0.535289 0.860908
vt 0.530505 0.890551
vt 0.530075 0.860984
vt 0.525202 0.862839
vt 0.525580 0.888840
vt 0.521257 0.866248
vt 0.521537 0.885546
vt 0.884343 0.681186
vt 0.882155 0.684137
vt 0.884814 0.685626
vt 0.886529 0.683218
vt 0.904551 0.679036
vt 0.907211 0.681422
vt 0.913790 0.675961
vt 0.909612 0.672064
vt 0.901350 0.677344
vt 0.904586 0.669387
vt 0.897819 0.676429
vt 0.899055 0.668019
vt 0.894125 0.676378
vt 0.893319 0.667996
vt 0.890519 0.677202
vt 0.887730 0.669310
vt 0.887188 0.678800
vt 0.882614 0.671842
vt 0.878192 0.675457
vt 0.874716 0.679988
vt 0.880703 0.687504
vt 0.872402 0.685218
vt 0.880128 0.691121
vt 0.871439 0.690852
vt 0.880476 0.694735
vt 0.871902 0.696542
vt 0.881637 0.698177
vt 0.873777 0.701931
vt 0.883636 0.701252
vt 0.876910 0.706690
vt 0.886276 0.703778
vt 0.881077 0.710566
vt 0.889513 0.705632
vt 0.886077 0.713408
vt 0.893065 0.706723
vt 0.891608 0.715043
vt 0.896839 0.706961
vt 0.897400 0.715392
vt 0.900524 0.706264
vt 0.903110 0.714427
vt 0.903951 0.704786
vt 0.908488 0.712148
vt 0.906894 0.702582
vt 0.913168 0.708589
vt 0.909139 0.699825
vt 0.916749 0.703861
vt 0.909158 0.684264
vt 0.916749 0.680782
vt 0.883503 0.694091
vt 0.886349 0.693483
vt 0.890752 0.702828
vt 0.888100 0.701379
vt 0.904985 0.683451
vt 0.906685 0.685645
vt 0.900216 0.680197
vt 0.902811 0.681533
vt 0.883628 0.688306
vt 0.893573 0.703767
vt 0.897384 0.679405
vt 0.883175 0.691211
vt 0.896632 0.703943
vt 0.894407 0.679351
vt 0.883503 0.694091
vt 0.899609 0.703323
vt 0.891527 0.680036
vt 0.884390 0.696849
vt 0.902389 0.702154
vt 0.888820 0.681285
vt 0.886048 0.699306
vt 0.904795 0.700368
vt 0.906688 0.698281
vt 0.899609 0.703323
vt 0.898712 0.700418
vt 0.891527 0.680036
vt 0.892497 0.682825
vt 0.906688 0.698281
vt 0.904441 0.696081
vt 0.884814 0.685626
vt 0.887387 0.687086
vt 0.906685 0.685645
vt 0.904288 0.687613
vt 0.900216 0.680197
vt 0.899130 0.682957
vt 0.896844 0.688149
vt 0.897915 0.688869
vt 0.901947 0.684804
vt 0.899130 0.682957
vt 0.895578 0.687888
vt 0.895836 0.682371
vt 0.894292 0.688087
vt 0.892497 0.682825
vt 0.893156 0.688731
vt 0.889597 0.684556
vt 0.892318 0.689722
vt 0.887387 0.687086
vt 0.891942 0.690972
vt 0.886342 0.690218
vt 0.891984 0.692266
vt 0.886349 0.693483
vt 0.892500 0.693475
vt 0.887619 0.696462
vt 0.893769 0.694710
vt 0.890852 0.699543
vt 0.895465 0.695226
vt 0.895273 0.700793
vt 0.896794 0.695036
vt 0.898712 0.700418
vt 0.897946 0.694337
vt 0.901798 0.698754
vt 0.898807 0.693305
vt 0.904441 0.696081
vt 0.898653 0.689934
vt 0.904288 0.687613
vt 0.761377 0.957187
vt 0.761377 0.958997
vt 0.772670 0.958997
vt 0.772670 0.957187
vt 0.761377 0.963604
vt 0.761377 0.964970
vt 0.772671 0.964970
vt 0.772670 0.963604
vt 0.761377 0.951713
vt 0.761377 0.953100
vt 0.772670 0.953100
vt 0.772670 0.951713
vt 0.761377 0.944836
vt 0.761377 0.946193
vt 0.772670 0.946193
vt 0.772671 0.944836
vt 0.761377 0.947553
vt 0.772670 0.947553
vt 0.761377 0.954469
vt 0.772670 0.954469
vt 0.761377 0.960831
vt 0.772670 0.960831
vt 0.761377 0.948930
vt 0.772670 0.948930
vt 0.761377 0.955828
vt 0.772670 0.955828
vt 0.761377 0.962224
vt 0.772670 0.962224
vt 0.761377 0.950319
vt 0.772670 0.950319
vt 0.978730 0.988252
vt 0.978730 0.994000
vt 0.993331 0.994000
vt 0.993331 0.988252
vt 0.978730 0.982462
vt 0.993331 0.982462
vt 0.978730 0.976629
vt 0.993331 0.976629
vt 0.978730 0.970763
vt 0.993331 0.970763
vt 0.978730 0.964884
vt 0.993331 0.964884
vt 0.978730 0.959017
vt 0.993331 0.959017
vt 0.978730 0.953184
vt 0.993331 0.953184
vt 0.978730 0.947395
vt 0.993331 0.947395
vt 0.978730 0.941646
vt 0.993331 0.941646
vt 0.978730 0.935922
vt 0.993331 0.935922
vt 0.978730 0.930198
vt 0.993331 0.930198
vt 0.978730 0.924449
vt 0.993331 0.924449
vt 0.978730 0.918660
vt 0.993331 0.918660
vt 0.978730 0.912827
vt 0.993331 0.912827
vt 0.978730 0.906960
vt 0.993331 0.906960
vt 0.978730 0.901081
vt 0.993331 0.901081
vt 0.978730 0.895215
vt 0.993331 0.895215
vt 0.978730 0.889382
vt 0.993331 0.889382
vt 0.978730 0.883592
vt 0.993331 0.883592
vt 0.978730 0.877844
vt 0.993331 0.877844
vt 0.978730 0.872120
vt 0.993331 0.872120
vt 0.883734 0.761211
vt 0.885920 0.759178
vt 0.884205 0.756771
vt 0.881547 0.758260
vt 0.903942 0.763361
vt 0.909003 0.770333
vt 0.913181 0.766435
vt 0.906602 0.760975
vt 0.900741 0.765052
vt 0.903977 0.773009
vt 0.897210 0.765968
vt 0.898446 0.774378
vt 0.893516 0.766019
vt 0.892710 0.774401
vt 0.889910 0.765195
vt 0.887121 0.773086
vt 0.886578 0.763597
vt 0.882005 0.770555
vt 0.877583 0.766940
vt 0.874107 0.762408
vt 0.880095 0.754893
vt 0.871793 0.757179
vt 0.879519 0.751276
vt 0.870830 0.751544
vt 0.879867 0.747662
vt 0.871293 0.745855
vt 0.881028 0.744220
vt 0.873168 0.740465
vt 0.883027 0.741145
vt 0.876301 0.735707
vt 0.885668 0.738619
vt 0.880468 0.731831
vt 0.888904 0.736765
vt 0.885468 0.728989
vt 0.892457 0.735674
vt 0.890999 0.727354
vt 0.896230 0.735436
vt 0.896792 0.727005
vt 0.899915 0.736133
vt 0.902501 0.727970
vt 0.903342 0.737611
vt 0.907879 0.730249
vt 0.906285 0.739815
vt 0.912559 0.733808
vt 0.908530 0.742572
vt 0.916140 0.738536
vt 0.916140 0.761615
vt 0.908549 0.758132
vt 0.885740 0.748914
vt 0.882894 0.748306
vt 0.887491 0.741017
vt 0.890144 0.739570
vt 0.906076 0.756752
vt 0.904376 0.758947
vt 0.902202 0.760865
vt 0.899607 0.762200
vt 0.883019 0.754091
vt 0.892964 0.738630
vt 0.896775 0.762992
vt 0.882566 0.751186
vt 0.896023 0.738454
vt 0.893798 0.763046
vt 0.882894 0.748306
vt 0.899001 0.739074
vt 0.890918 0.762361
vt 0.883781 0.745548
vt 0.901780 0.740243
vt 0.888211 0.761112
vt 0.885439 0.743091
vt 0.904186 0.742029
vt 0.906079 0.744116
vt 0.898103 0.741978
vt 0.899001 0.739074
vt 0.891888 0.759571
vt 0.890918 0.762361
vt 0.903832 0.746316
vt 0.906079 0.744116
vt 0.886778 0.755311
vt 0.884205 0.756771
vt 0.906076 0.756752
vt 0.903679 0.754784
vt 0.898521 0.759440
vt 0.899607 0.762200
vt 0.896235 0.754248
vt 0.898521 0.759440
vt 0.901338 0.757592
vt 0.897306 0.753527
vt 0.894969 0.754509
vt 0.895228 0.760026
vt 0.893683 0.754310
vt 0.891888 0.759571
vt 0.892547 0.753666
vt 0.888988 0.757841
vt 0.891709 0.752675
vt 0.886778 0.755311
vt 0.891334 0.751425
vt 0.885733 0.752179
vt 0.891375 0.750131
vt 0.885740 0.748914
vt 0.891890 0.748922
vt 0.887010 0.745934
vt 0.893160 0.747687
vt 0.890243 0.742854
vt 0.894856 0.747171
vt 0.894664 0.741604
vt 0.896185 0.747361
vt 0.898103 0.741978
vt 0.897337 0.748060
vt 0.901189 0.743642
vt 0.898198 0.749092
vt 0.903832 0.746316
vt 0.903679 0.754784
vt 0.898044 0.752463
vt 0.785554 0.957187
vt 0.774260 0.957187
vt 0.774260 0.958997
vt 0.785554 0.958997
vt 0.785554 0.963604
vt 0.774260 0.963604
vt 0.774260 0.964970
vt 0.785554 0.964970
vt 0.785554 0.951713
vt 0.774260 0.951713
vt 0.774260 0.953100
vt 0.785554 0.953100
vt 0.785554 0.944836
vt 0.774260 0.944836
vt 0.774260 0.946193
vt 0.785554 0.946193
vt 0.774260 0.947554
vt 0.785554 0.947554
vt 0.774260 0.954469
vt 0.785554 0.954469
vt 0.774260 0.960831
vt 0.785554 0.960831
vt 0.774260 0.948930
vt 0.785554 0.948930
vt 0.774260 0.955828
vt 0.785554 0.955828
vt 0.774260 0.962224
vt 0.785554 0.962224
vt 0.774260 0.950319
vt 0.785554 0.950319
vt 0.978730 0.866396
vt 0.993331 0.866396
vt 0.527161 0.945440
vt 0.519953 0.945226
vt 0.519422 0.949692
vt 0.527028 0.949906
vt 0.526914 0.954361
vt 0.526810 0.958842
vt 0.526842 0.963176
vt 0.526968 0.967633
vt 0.527092 0.972092
vt 0.527161 0.976533
vt 0.512685 0.976954
vt 0.527143 0.980966
vt 0.527043 0.985367
vt 0.510006 0.988743
vt 0.526858 0.989784
vt 0.509245 0.992827
vt 0.526581 0.994206
vt 0.508400 0.997050
vt 0.526220 0.998641
vt 0.933834 0.462210
vt 0.935476 0.474478
vt 0.946027 0.472739
vt 0.943342 0.461538
vt 0.721846 0.788122
vt 0.720194 0.794053
vt 0.757954 0.799414
vt 0.757954 0.787551
vt 0.506398 0.975261
vt 0.501222 0.985223
vt 0.499744 0.989473
vt 0.517056 0.949580
vt 0.560175 0.814264
vt 0.539783 0.820614
vt 0.498335 0.993793
vt 0.517641 0.945138
vt 0.957871 0.468531
vt 0.953501 0.456927
vt 0.496033 0.953972
vt 0.497265 0.951210
vt 0.496033 0.953972
vt 0.487935 0.975377
vt 0.485317 0.953107
vt 0.484086 0.949586
vt 0.480395 0.951518
vt 0.482621 0.954444
vt 0.477508 0.954457
vt 0.480505 0.956558
vt 0.475657 0.958113
vt 0.479114 0.959174
vt 0.475046 0.962138
vt 0.478638 0.962069
vt 0.475704 0.966123
vt 0.479108 0.964972
vt 0.477515 0.969715
vt 0.480377 0.967620
vt 0.480308 0.972550
vt 0.482388 0.969732
vt 0.483751 0.974407
vt 0.484967 0.971169
vt 0.487455 0.975327
vt 0.488049 0.971856
vt 0.487935 0.975377
vt 0.490506 0.973078
vt 0.497265 0.951210
vt 0.496683 0.950918
vt 0.492526 0.949333
vt 0.491577 0.953204
vt 0.539278 0.820178
vt 0.538900 0.846179
vt 0.488247 0.948856
vt 0.488379 0.952693
vt 0.534405 0.818324
vt 0.533975 0.847891
vt 0.529191 0.818248
vt 0.528761 0.847815
vt 0.523888 0.845961
vt 0.524266 0.819960
vt 0.519943 0.842551
vt 0.520224 0.823253
vt 0.471774 0.994911
vt 0.471641 0.990443
vt 0.464033 0.990658
vt 0.464565 0.995126
vt 0.471526 0.985987
vt 0.471423 0.981507
vt 0.471454 0.977171
vt 0.471580 0.972715
vt 0.471705 0.968256
vt 0.471774 0.963816
vt 0.471757 0.959384
vt 0.457300 0.963393
vt 0.471657 0.954984
vt 0.471473 0.950567
vt 0.454624 0.951606
vt 0.471197 0.946145
vt 0.453863 0.947523
vt 0.470835 0.941711
vt 0.453019 0.943301
vt 0.416975 0.831686
vt 0.424983 0.826512
vt 0.420403 0.815939
vt 0.410919 0.820887
vt 0.407339 0.838590
vt 0.433671 0.866142
vt 0.451015 0.965084
vt 0.444364 0.950875
vt 0.445842 0.955124
vt 0.461667 0.990771
vt 0.541097 0.888186
vt 0.561489 0.894535
vt 0.442955 0.946556
vt 0.462252 0.995213
vt 0.435880 0.824097
vt 0.432404 0.812191
vt 0.440628 0.986379
vt 0.440628 0.986379
vt 0.441861 0.989143
vt 0.432562 0.964966
vt 0.429915 0.987243
vt 0.427222 0.985902
vt 0.424993 0.988826
vt 0.428682 0.990761
vt 0.425109 0.983786
vt 0.422109 0.985884
vt 0.423722 0.981169
vt 0.420263 0.982225
vt 0.423250 0.978272
vt 0.419656 0.978199
vt 0.423723 0.975368
vt 0.420320 0.974213
vt 0.424996 0.972720
vt 0.422135 0.970622
vt 0.427010 0.970609
vt 0.424931 0.967788
vt 0.429591 0.969173
vt 0.428376 0.965933
vt 0.432676 0.968487
vt 0.432082 0.965015
vt 0.435134 0.967264
vt 0.432562 0.964966
vt 0.441279 0.989434
vt 0.441861 0.989143
vt 0.436172 0.987149
vt 0.437121 0.991020
vt 0.540591 0.888621
vt 0.540213 0.862620
vt 0.432976 0.987659
vt 0.432842 0.991495
vt 0.535718 0.890476
vt 0.535289 0.860908
vt 0.530505 0.890551
vt 0.530075 0.860984
vt 0.525202 0.862839
vt 0.525580 0.888840
vt 0.521257 0.866248
vt 0.521537 0.885546
vt 0.884343 0.681186
vt 0.882155 0.684137
vt 0.884814 0.685626
vt 0.886529 0.683218
vt 0.904551 0.679036
vt 0.907211 0.681422
vt 0.913790 0.675961
vt 0.909612 0.672064
vt 0.901350 0.677344
vt 0.904586 0.669387
vt 0.897819 0.676429
vt 0.899055 0.668019
vt 0.894125 0.676378
vt 0.893319 0.667996
vt 0.890519 0.677202
vt 0.887730 0.669310
vt 0.887188 0.678800
vt 0.882614 0.671842
vt 0.878192 0.675457
vt 0.874716 0.679988
vt 0.880703 0.687504
vt 0.872402 0.685218
vt 0.880128 0.691121
vt 0.871439 0.690852
vt 0.880476 0.694735
vt 0.871902 0.696542
vt 0.881637 0.698177
vt 0.873777 0.701931
vt 0.883636 0.701252
vt 0.876910 0.706690
vt 0.886276 0.703778
vt 0.881077 0.710566
vt 0.889513 0.705632
vt 0.886077 0.713408
vt 0.893065 0.706723
vt 0.891608 0.715043
vt 0.896839 0.706961
vt 0.897400 0.715392
vt 0.900524 0.706264
vt 0.903110 0.714427
vt 0.903951 0.704786
vt 0.908488 0.712148
vt 0.906894 0.702582
vt 0.913168 0.708589
vt 0.909139 0.699825
vt 0.916749 0.703861
vt 0.909158 0.684264
vt 0.916749 0.680782
vt 0.883503 0.694091
vt 0.886349 0.693483
vt 0.890752 0.702828
vt 0.888100 0.701379
vt 0.904985 0.683451
vt 0.906685 0.685645
vt 0.900216 0.680197
vt 0.902811 0.681533
vt 0.883628 0.688306
vt 0.893573 0.703767
vt 0.897384 0.679405
vt 0.883175 0.691211
vt 0.896632 0.703943
vt 0.894407 0.679351
vt 0.883503 0.694091
vt 0.899609 0.703323
vt 0.891527 0.680036
vt 0.884390 0.696849
vt 0.902389 0.702154
vt 0.888820 0.681285
vt 0.886048 0.699306
vt 0.904795 0.700368
vt 0.906688 0.698281
vt 0.899609 0.703323
vt 0.898712 0.700418
vt 0.891527 0.680036
vt 0.892497 0.682825
vt 0.906688 0.698281
vt 0.904441 0.696081
vt 0.884814 0.685626
vt 0.887387 0.687086
vt 0.906685 0.685645
vt 0.904288 0.687613
vt 0.900216 0.680197
vt 0.899130 0.682957
vt 0.896844 0.688149
vt 0.897915 0.688869
vt 0.901947 0.684804
vt 0.899130 0.682957
vt 0.895578 0.687888
vt 0.895836 0.682371
vt 0.894292 0.688087
vt 0.892497 0.682825
vt 0.893156 0.688731
vt 0.889597 0.684556
vt 0.892318 0.689722
vt 0.887387 0.687086
vt 0.891942 0.690972
vt 0.886342 0.690218
vt 0.891984 0.692266
vt 0.886349 0.693483
vt 0.892500 0.693475
vt 0.887619 0.696462
vt 0.893769 0.694710
vt 0.890852 0.699543
vt 0.895465 0.695226
vt 0.895273 0.700793
vt 0.896794 0.695036
vt 0.898712 0.700418
vt 0.897946 0.694337
vt 0.901798 0.698754
vt 0.898807 0.693305
vt 0.904441 0.696081
vt 0.898653 0.689934
vt 0.904288 0.687613
vt 0.761377 0.957187
vt 0.761377 0.958997
vt 0.772670 0.958997
vt 0.772670 0.957187
vt 0.761377 0.963604
vt 0.761377 0.964970
vt 0.772671 0.964970
vt 0.772670 0.963604
vt 0.761377 0.951713
vt 0.761377 0.953100
vt 0.772670 0.953100
vt 0.772670 0.951713
vt 0.761377 0.944836
vt 0.761377 0.946193
vt 0.772670 0.946193
vt 0.772671 0.944836
vt 0.761377 0.947553
vt 0.772670 0.947553
vt 0.761377 0.954469
vt 0.772670 0.954469
vt 0.761377 0.960831
vt 0.772670 0.960831
vt 0.761377 0.948930
vt 0.772670 0.948930
vt 0.761377 0.955828
vt 0.772670 0.955828
vt 0.761377 0.962224
vt 0.772670 0.962224
vt 0.761377 0.950319
vt 0.772670 0.950319
vt 0.978730 0.988252
vt 0.978730 0.994000
vt 0.993331 0.994000
vt 0.993331 0.988252
vt 0.978730 0.982462
vt 0.993331 0.982462
vt 0.978730 0.976629
vt 0.993331 0.976629
vt 0.978730 0.970763
vt 0.993331 0.970763
vt 0.978730 0.964884
vt 0.993331 0.964884
vt 0.978730 0.959017
vt 0.993331 0.959017
vt 0.978730 0.953184
vt 0.993331 0.953184
vt 0.978730 0.947395
vt 0.993331 0.947395
vt 0.978730 0.941646
vt 0.993331 0.941646
vt 0.978730 0.935922
vt 0.993331 0.935922
vt 0.978730 0.930198
vt 0.993331 0.930198
vt 0.978730 0.924449
vt 0.993331 0.924449
vt 0.978730 0.918660
vt 0.993331 0.918660
vt 0.978730 0.912827
vt 0.993331 0.912827
vt 0.978730 0.906960
vt 0.993331 0.906960
vt 0.978730 0.901081
vt 0.993331 0.901081
vt 0.978730 0.895215
vt 0.993331 0.895215
vt 0.978730 0.889382
vt 0.993331 0.889382
vt 0.978730 0.883592
vt 0.993331 0.883592
vt 0.978730 0.877844
vt 0.993331 0.877844
vt 0.978730 0.872120
vt 0.993331 0.872120
vt 0.883734 0.761211
vt 0.885920 0.759178
vt 0.884205 0.756771
vt 0.881547 0.758260
vt 0.903942 0.763361
vt 0.909003 0.770333
vt 0.913181 0.766435
vt 0.906602 0.760975
vt 0.900741 0.765052
vt 0.903977 0.773009
vt 0.897210 0.765968
vt 0.898446 0.774378
vt 0.893516 0.766019
vt 0.892710 0.774401
vt 0.889910 0.765195
vt 0.887121 0.773086
vt 0.886578 0.763597
vt 0.882005 0.770555
vt 0.877583 0.766940
vt 0.874107 0.762408
vt 0.880095 0.754893
vt 0.871793 0.757179
vt 0.879519 0.751276
vt 0.870830 0.751544
vt 0.879867 0.747662
vt 0.871293 0.745855
vt 0.881028 0.744220
vt 0.873168 0.740465
vt 0.883027 0.741145
vt 0.876301 0.735707
vt 0.885668 0.738619
vt 0.880468 0.731831
vt 0.888904 0.736765
vt 0.885468 0.728989
vt 0.892457 0.735674
vt 0.890999 0.727354
vt 0.896230 0.735436
vt 0.896792 0.727005
vt 0.899915 0.736133
vt 0.902501 0.727970
vt 0.903342 0.737611
vt 0.907879 0.730249
vt 0.906285 0.739815
vt 0.912559 0.733808
vt 0.908530 0.742572
vt 0.916140 0.738536
vt 0.916140 0.761615
vt 0.908549 0.758132
vt 0.885740 0.748914
vt 0.882894 0.748306
vt 0.887491 0.741017
vt 0.890144 0.739570
vt 0.906076 0.756752
vt 0.904376 0.758947
vt 0.902202 0.760865
vt 0.899607 0.762200
vt 0.883019 0.754091
vt 0.892964 0.738630
vt 0.896775 0.762992
vt 0.882566 0.751186
vt 0.896023 0.738454
vt 0.893798 0.763046
vt 0.882894 0.748306
vt 0.899001 0.739074
vt 0.890918 0.762361
vt 0.883781 0.745548
vt 0.901780 0.740243
vt 0.888211 0.761112
vt 0.885439 0.743091
vt 0.904186 0.742029
vt 0.906079 0.744116
vt 0.898103 0.741978
vt 0.899001 0.739074
vt 0.891888 0.759571
vt 0.890918 0.762361
vt 0.903832 0.746316
vt 0.906079 0.744116
vt 0.886778 0.755311
vt 0.884205 0.756771
vt 0.906076 0.756752
vt 0.903679 0.754784
vt 0.898521 0.759440
vt 0.899607 0.762200
vt 0.896235 0.754248
vt 0.898521 0.759440
vt 0.901338 0.757592
vt 0.897306 0.753527
vt 0.894969 0.754509
vt 0.895228 0.760026
vt 0.893683 0.754310
vt 0.891888 0.759571
vt 0.892547 0.753666
vt 0.888988 0.757841
vt 0.891709 0.752675
vt 0.886778 0.755311
vt 0.891334 0.751425
vt 0.885733 0.752179
vt 0.891375 0.750131
vt 0.885740 0.748914
vt 0.891890 0.748922
vt 0.887010 0.745934
vt 0.893160 0.747687
vt 0.890243 0.742854
vt 0.894856 0.747171
vt 0.894664 0.741604
vt 0.896185 0.747361
vt 0.898103 0.741978
vt 0.897337 0.748060
vt 0.901189 0.743642
vt 0.898198 0.749092
vt 0.903832 0.746316
vt 0.903679 0.754784
vt 0.898044 0.752463
vt 0.785554 0.957187
vt 0.774260 0.957187
vt 0.774260 0.958997
vt 0.785554 0.958997
vt 0.785554 0.963604
vt 0.774260 0.963604
vt 0.774260 0.964970
vt 0.785554 0.964970
vt 0.785554 0.951713
vt 0.774260 0.951713
vt 0.774260 0.953100
vt 0.785554 0.953100
vt 0.785554 0.944836
vt 0.774260 0.944836
vt 0.774260 0.946193
vt 0.785554 0.946193
vt 0.774260 0.947554
vt 0.785554 0.947554
vt 0.774260 0.954469
vt 0.785554 0.954469
vt 0.774260 0.960831
vt 0.785554 0.960831
vt 0.774260 0.948930
vt 0.785554 0.948930
vt 0.774260 0.955828
vt 0.785554 0.955828
vt 0.774260 0.962224
vt 0.785554 0.962224
vt 0.774260 0.950319
vt 0.785554 0.950319
vt 0.978730 0.866396
vt 0.993331 0.866396
vt 0.527161 0.945440
vt 0.519953 0.945226
vt 0.519422 0.949692
vt 0.527028 0.949906
vt 0.526914 0.954361
vt 0.526810 0.958842
vt 0.526842 0.963176
vt 0.526968 0.967633
vt 0.527092 0.972092
vt 0.527161 0.976533
vt 0.512685 0.976954
vt 0.527143 0.980966
vt 0.527043 0.985367
vt 0.510006 0.988743
vt 0.526858 0.989784
vt 0.509245 0.992827
vt 0.526581 0.994206
vt 0.508400 0.997050
vt 0.526220 0.998641
vt 0.933834 0.462210
vt 0.935476 0.474478
vt 0.946027 0.472739
vt 0.943342 0.461538
vt 0.721846 0.788122
vt 0.720194 0.794053
vt 0.757954 0.799414
vt 0.757954 0.787551
vt 0.506398 0.975261
vt 0.501222 0.985223
vt 0.499744 0.989473
vt 0.517056 0.949580
vt 0.560175 0.814264
vt 0.539783 0.820614
vt 0.498335 0.993793
vt 0.517641 0.945138
vt 0.957871 0.468531
vt 0.953501 0.456927
vt 0.496033 0.953972
vt 0.497265 0.951210
vt 0.496033 0.953972
vt 0.487935 0.975377
vt 0.485317 0.953107
vt 0.484086 0.949586
vt 0.480395 0.951518
vt 0.482621 0.954444
vt 0.477508 0.954457
vt 0.480505 0.956558
vt 0.475657 0.958113
vt 0.479114 0.959174
vt 0.475046 0.962138
vt 0.478638 0.962069
vt 0.475704 0.966123
vt 0.479108 0.964972
vt 0.477515 0.969715
vt 0.480377 0.967620
vt 0.480308 0.972550
vt 0.482388 0.969732
vt 0.483751 0.974407
vt 0.484967 0.971169
vt 0.487455 0.975327
vt 0.488049 0.971856
vt 0.487935 0.975377
vt 0.490506 0.973078
vt 0.497265 0.951210
vt 0.496683 0.950918
vt 0.492526 0.949333
vt 0.491577 0.953204
vt 0.539278 0.820178
vt 0.538900 0.846179
vt 0.488247 0.948856
vt 0.488379 0.952693
vt 0.534405 0.818324
vt 0.533975 0.847891
vt 0.529191 0.818248
vt 0.528761 0.847815
vt 0.523888 0.845961
vt 0.524266 0.819960
vt 0.519943 0.842551
vt 0.520224 0.823253
vt 0.471774 0.994911
vt 0.471641 0.990443
vt 0.464033 0.990658
vt 0.464565 0.995126
vt 0.471526 0.985987
vt 0.471423 0.981507
vt 0.471454 0.977171
vt 0.471580 0.972715
vt 0.471705 0.968256
vt 0.471774 0.963816
vt 0.471757 0.959384
vt 0.457300 0.963393
vt 0.471657 0.954984
vt 0.471473 0.950567
vt 0.454624 0.951606
vt 0.471197 0.946145
vt 0.453863 0.947523
vt 0.470835 0.941711
vt 0.453019 0.943301
vt 0.416975 0.831686
vt 0.424983 0.826512
vt 0.420403 0.815939
vt 0.410919 0.820887
vt 0.407339 0.838590
vt 0.433671 0.866142
vt 0.451015 0.965084
vt 0.444364 0.950875
vt 0.445842 0.955124
vt 0.461667 0.990771
vt 0.541097 0.888186
vt 0.561489 0.894535
vt 0.442955 0.946556
vt 0.462252 0.995213
vt 0.435880 0.824097
vt 0.432404 0.812191
vt 0.440628 0.986379
vt 0.440628 0.986379
vt 0.441861 0.989143
vt 0.432562 0.964966
vt 0.429915 0.987243
vt 0.427222 0.985902
vt 0.424993 0.988826
vt 0.428682 0.990761
vt 0.425109 0.983786
vt 0.422109 0.985884
vt 0.423722 0.981169
vt 0.420263 0.982225
vt 0.423250 0.978272
vt 0.419656 0.978199
vt 0.423723 0.975368
vt 0.420320 0.974213
vt 0.424996 0.972720
vt 0.422135 0.970622
vt 0.427010 0.970609
vt 0.424931 0.967788
vt 0.429591 0.969173
vt 0.428376 0.965933
vt 0.432676 0.968487
vt 0.432082 0.965015
vt 0.435134 0.967264
vt 0.432562 0.964966
vt 0.441279 0.989434
vt 0.441861 0.989143
vt 0.436172 0.987149
vt 0.437121 0.991020
vt 0.540591 0.888621
vt 0.540213 0.862620
vt 0.432976 0.987659
vt 0.432842 0.991495
vt 0.535718 0.890476
vt 0.535289 0.860908
vt 0.530505 0.890551
vt 0.530075 0.860984
vt 0.525202 0.862839
vt 0.525580 0.888840
vt 0.521257 0.866248
vt 0.521537 0.885546
vt 0.884343 0.681186
vt 0.882155 0.684137
vt 0.884814 0.685626
vt 0.886529 0.683218
vt 0.904551 0.679036
vt 0.907211 0.681422
vt 0.913790 0.675961
vt 0.909612 0.672064
vt 0.901350 0.677344
vt 0.904586 0.669387
vt 0.897819 0.676429
vt 0.899055 0.668019
vt 0.894125 0.676378
vt 0.893319 0.667996
vt 0.890519 0.677202
vt 0.887730 0.669310
vt 0.887188 0.678800
vt 0.882614 0.671842
vt 0.878192 0.675457
vt 0.874716 0.679988
vt 0.880703 0.687504
vt 0.872402 0.685218
vt 0.880128 0.691121
vt 0.871439 0.690852
vt 0.880476 0.694735
vt 0.871902 0.696542
vt 0.881637 0.698177
vt 0.873777 0.701931
vt 0.883636 0.701252
vt 0.876910 0.706690
vt 0.886276 0.703778
vt 0.881077 0.710566
vt 0.889513 0.705632
vt 0.886077 0.713408
vt 0.893065 0.706723
vt 0.891608 0.715043
vt 0.896839 0.706961
vt 0.897400 0.715392
vt 0.900524 0.706264
vt 0.903110 0.714427
vt 0.903951 0.704786
vt 0.908488 0.712148
vt 0.906894 0.702582
vt 0.913168 0.708589
vt 0.909139 0.699825
vt 0.916749 0.703861
vt 0.909158 0.684264
vt 0.916749 0.680782
vt 0.883503 0.694091
vt 0.886349 0.693483
vt 0.890752 0.702828
vt 0.888100 0.701379
vt 0.904985 0.683451
vt 0.906685 0.685645
vt 0.900216 0.680197
vt 0.902811 0.681533
vt 0.883628 0.688306
vt 0.893573 0.703767
vt 0.897384 0.679405
vt 0.883175 0.691211
vt 0.896632 0.703943
vt 0.894407 0.679351
vt 0.883503 0.694091
vt 0.899609 0.703323
vt 0.891527 0.680036
vt 0.884390 0.696849
vt 0.902389 0.702154
vt 0.888820 0.681285
vt 0.886048 0.699306
vt 0.904795 0.700368
vt 0.906688 0.698281
vt 0.899609 0.703323
vt 0.898712 0.700418
vt 0.891527 0.680036
vt 0.892497 0.682825
vt 0.906688 0.698281
vt 0.904441 0.696081
vt 0.884814 0.685626
vt 0.887387 0.687086
vt 0.906685 0.685645
vt 0.904288 0.687613
vt 0.900216 0.680197
vt 0.899130 0.682957
vt 0.896844 0.688149
vt 0.897915 0.688869
vt 0.901947 0.684804
vt 0.899130 0.682957
vt 0.895578 0.687888
vt 0.895836 0.682371
vt 0.894292 0.688087
vt 0.892497 0.682825
vt 0.893156 0.688731
vt 0.889597 0.684556
vt 0.892318 0.689722
vt 0.887387 0.687086
vt 0.891942 0.690972
vt 0.886342 0.690218
vt 0.891984 0.692266
vt 0.886349 0.693483
vt 0.892500 0.693475
vt 0.887619 0.696462
vt 0.893769 0.694710
vt 0.890852 0.699543
vt 0.895465 0.695226
vt 0.895273 0.700793
vt 0.896794 0.695036
vt 0.898712 0.700418
vt 0.897946 0.694337
vt 0.901798 0.698754
vt 0.898807 0.693305
vt 0.904441 0.696081
vt 0.898653 0.689934
vt 0.904288 0.687613
vt 0.761377 0.957187
vt 0.761377 0.958997
vt 0.772670 0.958997
vt 0.772670 0.957187
vt 0.761377 0.963604
vt 0.761377 0.964970
vt 0.772671 0.964970
vt 0.772670 0.963604
vt 0.761377 0.951713
vt 0.761377 0.953100
vt 0.772670 0.953100
vt 0.772670 0.951713
vt 0.761377 0.944836
vt 0.761377 0.946193
vt 0.772670 0.946193
vt 0.772671 0.944836
vt 0.761377 0.947553
vt 0.772670 0.947553
vt 0.761377 0.954469
vt 0.772670 0.954469
vt 0.761377 0.960831
vt 0.772670 0.960831
vt 0.761377 0.948930
vt 0.772670 0.948930
vt 0.761377 0.955828
vt 0.772670 0.955828
vt 0.761377 0.962224
vt 0.772670 0.962224
vt 0.761377 0.950319
vt 0.772670 0.950319
vt 0.978730 0.988252
vt 0.978730 0.994000
vt 0.993331 0.994000
vt 0.993331 0.988252
vt 0.978730 0.982462
vt 0.993331 0.982462
vt 0.978730 0.976629
vt 0.993331 0.976629
vt 0.978730 0.970763
vt 0.993331 0.970763
vt 0.978730 0.964884
vt 0.993331 0.964884
vt 0.978730 0.959017
vt 0.993331 0.959017
vt 0.978730 0.953184
vt 0.993331 0.953184
vt 0.978730 0.947395
vt 0.993331 0.947395
vt 0.978730 0.941646
vt 0.993331 0.941646
vt 0.978730 0.935922
vt 0.993331 0.935922
vt 0.978730 0.930198
vt 0.993331 0.930198
vt 0.978730 0.924449
vt 0.993331 0.924449
vt 0.978730 0.918660
vt 0.993331 0.918660
vt 0.978730 0.912827
vt 0.993331 0.912827
vt 0.978730 0.906960
vt 0.993331 0.906960
vt 0.978730 0.901081
vt 0.993331 0.901081
vt 0.978730 0.895215
vt 0.993331 0.895215
vt 0.978730 0.889382
vt 0.993331 0.889382
vt 0.978730 0.883592
vt 0.993331 0.883592
vt 0.978730 0.877844
vt 0.993331 0.877844
vt 0.978730 0.872120
vt 0.993331 0.872120
vt 0.883734 0.761211
vt 0.885920 0.759178
vt 0.884205 0.756771
vt 0.881547 0.758260
vt 0.903942 0.763361
vt 0.909003 0.770333
vt 0.913181 0.766435
vt 0.906602 0.760975
vt 0.900741 0.765052
vt 0.903977 0.773009
vt 0.897210 0.765968
vt 0.898446 0.774378
vt 0.893516 0.766019
vt 0.892710 0.774401
vt 0.889910 0.765195
vt 0.887121 0.773086
vt 0.886578 0.763597
vt 0.882005 0.770555
vt 0.877583 0.766940
vt 0.874107 0.762408
vt 0.880095 0.754893
vt 0.871793 0.757179
vt 0.879519 0.751276
vt 0.870830 0.751544
vt 0.879867 0.747662
vt 0.871293 0.745855
vt 0.881028 0.744220
vt 0.873168 0.740465
vt 0.883027 0.741145
vt 0.876301 0.735707
vt 0.885668 0.738619
vt 0.880468 0.731831
vt 0.888904 0.736765
vt 0.885468 0.728989
vt 0.892457 0.735674
vt 0.890999 0.727354
vt 0.896230 0.735436
vt 0.896792 0.727005
vt 0.899915 0.736133
vt 0.902501 0.727970
vt 0.903342 0.737611
vt 0.907879 0.730249
vt 0.906285 0.739815
vt 0.912559 0.733808
vt 0.908530 0.742572
vt 0.916140 0.738536
vt 0.916140 0.761615
vt 0.908549 0.758132
vt 0.885740 0.748914
vt 0.882894 0.748306
vt 0.887491 0.741017
vt 0.890144 0.739570
vt 0.906076 0.756752
vt 0.904376 0.758947
vt 0.902202 0.760865
vt 0.899607 0.762200
vt 0.883019 0.754091
vt 0.892964 0.738630
vt 0.896775 0.762992
vt 0.882566 0.751186
vt 0.896023 0.738454
vt 0.893798 0.763046
vt 0.882894 0.748306
vt 0.899001 0.739074
vt 0.890918 0.762361
vt 0.883781 0.745548
vt 0.901780 0.740243
vt 0.888211 0.761112
vt 0.885439 0.743091
vt 0.904186 0.742029
vt 0.906079 0.744116
vt 0.898103 0.741978
vt 0.899001 0.739074
vt 0.891888 0.759571
vt 0.890918 0.762361
vt 0.903832 0.746316
vt 0.906079 0.744116
vt 0.886778 0.755311
vt 0.884205 0.756771
vt 0.906076 0.756752
vt 0.903679 0.754784
vt 0.898521 0.759440
vt 0.899607 0.762200
vt 0.896235 0.754248
vt 0.898521 0.759440
vt 0.901338 0.757592
vt 0.897306 0.753527
vt 0.894969 0.754509
vt 0.895228 0.760026
vt 0.893683 0.754310
vt 0.891888 0.759571
vt 0.892547 0.753666
vt 0.888988 0.757841
vt 0.891709 0.752675
vt 0.886778 0.755311
vt 0.891334 0.751425
vt 0.885733 0.752179
vt 0.891375 0.750131
vt 0.885740 0.748914
vt 0.891890 0.748922
vt 0.887010 0.745934
vt 0.893160 0.747687
vt 0.890243 0.742854
vt 0.894856 0.747171
vt 0.894664 0.741604
vt 0.896185 0.747361
vt 0.898103 0.741978
vt 0.897337 0.748060
vt 0.901189 0.743642
vt 0.898198 0.749092
vt 0.903832 0.746316
vt 0.903679 0.754784
vt 0.898044 0.752463
vt 0.785554 0.957187
vt 0.774260 0.957187
vt 0.774260 0.958997
vt 0.785554 0.958997
vt 0.785554 0.963604
vt 0.774260 0.963604
vt 0.774260 0.964970
vt 0.785554 0.964970
vt 0.785554 0.951713
vt 0.774260 0.951713
vt 0.774260 0.953100
vt 0.785554 0.953100
vt 0.785554 0.944836
vt 0.774260 0.944836
vt 0.774260 0.946193
vt 0.785554 0.946193
vt 0.774260 0.947554
vt 0.785554 0.947554
vt 0.774260 0.954469
vt 0.785554 0.954469
vt 0.774260 0.960831
vt 0.785554 0.960831
vt 0.774260 0.948930
vt 0.785554 0.948930
vt 0.774260 0.955828
vt 0.785554 0.955828
vt 0.774260 0.962224
vt 0.785554 0.962224
vt 0.774260 0.950319
vt 0.785554 0.950319
vt 0.978730 0.866396
vt 0.993331 0.866396
vt 0.282277 0.635234
vt 0.282277 0.630465
vt 0.272695 0.630465
vt 0.272695 0.635234
vt 0.263113 0.630465
vt 0.263113 0.635234
vt 0.435589 0.635234
vt 0.435589 0.630465
vt 0.426007 0.630465
vt 0.426007 0.635234
vt 0.416425 0.630465
vt 0.416425 0.635234
vt 0.406843 0.630465
vt 0.406843 0.635234
vt 0.397261 0.630465
vt 0.397261 0.635234
vt 0.387679 0.630465
vt 0.387679 0.635234
vt 0.378097 0.630465
vt 0.378097 0.635234
vt 0.368515 0.630465
vt 0.368515 0.635234
vt 0.358933 0.630465
vt 0.358933 0.635234
vt 0.349351 0.630465
vt 0.349351 0.635234
vt 0.339769 0.630465
vt 0.339769 0.635234
vt 0.330187 0.630465
vt 0.330187 0.635234
vt 0.320605 0.630465
vt 0.320605 0.635234
vt 0.311023 0.630465
vt 0.311023 0.635234
vt 0.301441 0.630465
vt 0.301441 0.635234
vt 0.929218 0.863225
vt 0.930276 0.869743
vt 0.938599 0.867982
vt 0.937679 0.862372
vt 0.291859 0.630465
vt 0.291859 0.635234
vt 0.890608 0.792521
vt 0.896822 0.793616
vt 0.900045 0.784761
vt 0.890608 0.783097
vt 0.902286 0.796771
vt 0.908343 0.789552
vt 0.906341 0.801604
vt 0.914502 0.796892
vt 0.908499 0.807533
vt 0.917780 0.805897
vt 0.908499 0.813842
vt 0.917780 0.815479
vt 0.906341 0.819771
vt 0.914502 0.824483
vt 0.902286 0.824604
vt 0.908343 0.831823
vt 0.896821 0.827759
vt 0.900044 0.836614
vt 0.890608 0.828855
vt 0.890608 0.838278
vt 0.884395 0.827759
vt 0.881171 0.836614
vt 0.878930 0.824604
vt 0.872873 0.831823
vt 0.874875 0.819771
vt 0.866714 0.824483
vt 0.872717 0.813842
vt 0.863437 0.815478
vt 0.872717 0.807533
vt 0.863437 0.805897
vt 0.874875 0.801604
vt 0.866714 0.796892
vt 0.878931 0.796771
vt 0.872873 0.789552
vt 0.884395 0.793616
vt 0.881171 0.784761
vt 0.937372 0.856698
vt 0.946386 0.861416
vt 0.946130 0.856687
vt 0.950298 0.903429
vt 0.955522 0.907731
vt 0.961115 0.900501
vt 0.956186 0.896853
vt 0.945473 0.814713
vt 0.941271 0.819763
vt 0.948037 0.824887
vt 0.951715 0.820477
vt 0.928871 0.856631
vt 0.945511 0.898738
vt 0.951885 0.892870
vt 0.929237 0.850042
vt 0.937678 0.851024
vt 0.941242 0.893627
vt 0.948129 0.888503
vt 0.930311 0.843531
vt 0.938595 0.845417
vt 0.937546 0.888119
vt 0.944906 0.883780
vt 0.932079 0.837176
vt 0.940111 0.839941
vt 0.934464 0.882261
vt 0.942229 0.878748
vt 0.934520 0.831051
vt 0.942207 0.834658
vt 0.932031 0.876113
vt 0.940121 0.873462
vt 0.950109 0.810090
vt 0.955888 0.816390
vt 0.937599 0.825225
vt 0.944859 0.829624
vt 0.954995 0.805839
vt 0.960655 0.812569
vt 0.961672 0.889907
vt 0.958165 0.886726
vt 0.946386 0.851960
vt 0.955069 0.883145
vt 0.947150 0.847288
vt 0.952398 0.879235
vt 0.948416 0.842726
vt 0.950174 0.875053
vt 0.950168 0.838326
vt 0.948419 0.870653
vt 0.958146 0.826601
vt 0.961650 0.823346
vt 0.952387 0.834140
vt 0.947152 0.866089
vt 0.965568 0.820525
vt 0.955054 0.830217
vt 0.965568 0.892539
vt 0.282277 0.635234
vt 0.282277 0.630465
vt 0.272695 0.630465
vt 0.272695 0.635234
vt 0.263113 0.630465
vt 0.263113 0.635234
vt 0.435589 0.635234
vt 0.435589 0.630465
vt 0.426007 0.630465
vt 0.426007 0.635234
vt 0.416425 0.630465
vt 0.416425 0.635234
vt 0.406843 0.630465
vt 0.406843 0.635234
vt 0.397261 0.630465
vt 0.397261 0.635234
vt 0.387679 0.630465
vt 0.387679 0.635234
vt 0.378097 0.630465
vt 0.378097 0.635234
vt 0.368515 0.630465
vt 0.368515 0.635234
vt 0.358933 0.630465
vt 0.358933 0.635234
vt 0.349351 0.630465
vt 0.349351 0.635234
vt 0.339769 0.630465
vt 0.339769 0.635234
vt 0.330187 0.630465
vt 0.330187 0.635234
vt 0.320605 0.630465
vt 0.320605 0.635234
vt 0.311023 0.630465
vt 0.311023 0.635234
vt 0.301441 0.630465
vt 0.301441 0.635234
vt 0.929218 0.863225
vt 0.930276 0.869743
vt 0.938599 0.867982
vt 0.937679 0.862372
vt 0.291859 0.630465
vt 0.291859 0.635234
vt 0.890608 0.792521
vt 0.896822 0.793616
vt 0.900045 0.784761
vt 0.890608 0.783097
vt 0.902286 0.796771
vt 0.908343 0.789552
vt 0.906341 0.801604
vt 0.914502 0.796892
vt 0.908499 0.807533
vt 0.917780 0.805897
vt 0.908499 0.813842
vt 0.917780 0.815479
vt 0.906341 0.819771
vt 0.914502 0.824483
vt 0.902286 0.824604
vt 0.908343 0.831823
vt 0.896821 0.827759
vt 0.900044 0.836614
vt 0.890608 0.828855
vt 0.890608 0.838278
vt 0.884395 0.827759
vt 0.881171 0.836614
vt 0.878930 0.824604
vt 0.872873 0.831823
vt 0.874875 0.819771
vt 0.866714 0.824483
vt 0.872717 0.813842
vt 0.863437 0.815478
vt 0.872717 0.807533
vt 0.863437 0.805897
vt 0.874875 0.801604
vt 0.866714 0.796892
vt 0.878931 0.796771
vt 0.872873 0.789552
vt 0.884395 0.793616
vt 0.881171 0.784761
vt 0.937372 0.856698
vt 0.946386 0.861416
vt 0.946130 0.856687
vt 0.950298 0.903429
vt 0.955522 0.907731
vt 0.961115 0.900501
vt 0.956186 0.896853
vt 0.945473 0.814713
vt 0.941271 0.819763
vt 0.948037 0.824887
vt 0.951715 0.820477
vt 0.928871 0.856631
vt 0.945511 0.898738
vt 0.951885 0.892870
vt 0.929237 0.850042
vt 0.937678 0.851024
vt 0.941242 0.893627
vt 0.948129 0.888503
vt 0.930311 0.843531
vt 0.938595 0.845417
vt 0.937546 0.888119
vt 0.944906 0.883780
vt 0.932079 0.837176
vt 0.940111 0.839941
vt 0.934464 0.882261
vt 0.942229 0.878748
vt 0.934520 0.831051
vt 0.942207 0.834658
vt 0.932031 0.876113
vt 0.940121 0.873462
vt 0.950109 0.810090
vt 0.955888 0.816390
vt 0.937599 0.825225
vt 0.944859 0.829624
vt 0.954995 0.805839
vt 0.960655 0.812569
vt 0.961672 0.889907
vt 0.958165 0.886726
vt 0.946386 0.851960
vt 0.955069 0.883145
vt 0.947150 0.847288
vt 0.952398 0.879235
vt 0.948416 0.842726
vt 0.950174 0.875053
vt 0.950168 0.838326
vt 0.948419 0.870653
vt 0.958146 0.826601
vt 0.961650 0.823346
vt 0.952387 0.834140
vt 0.947152 0.866089
vt 0.965568 0.820525
vt 0.955054 0.830217
vt 0.965568 0.892539
vt 0.282277 0.635234
vt 0.282277 0.630465
vt 0.272695 0.630465
vt 0.272695 0.635234
vt 0.263113 0.630465
vt 0.263113 0.635234
vt 0.435589 0.635234
vt 0.435589 0.630465
vt 0.426007 0.630465
vt 0.426007 0.635234
vt 0.416425 0.630465
vt 0.416425 0.635234
vt 0.406843 0.630465
vt 0.406843 0.635234
vt 0.397261 0.630465
vt 0.397261 0.635234
vt 0.387679 0.630465
vt 0.387679 0.635234
vt 0.378097 0.630465
vt 0.378097 0.635234
vt 0.368515 0.630465
vt 0.368515 0.635234
vt 0.358933 0.630465
vt 0.358933 0.635234
vt 0.349351 0.630465
vt 0.349351 0.635234
vt 0.339769 0.630465
vt 0.339769 0.635234
vt 0.330187 0.630465
vt 0.330187 0.635234
vt 0.320605 0.630465
vt 0.320605 0.635234
vt 0.311023 0.630465
vt 0.311023 0.635234
vt 0.301441 0.630465
vt 0.301441 0.635234
vt 0.929218 0.863225
vt 0.930276 0.869743
vt 0.938599 0.867982
vt 0.937679 0.862372
vt 0.291859 0.630465
vt 0.291859 0.635234
vt 0.890608 0.792521
vt 0.896822 0.793616
vt 0.900045 0.784761
vt 0.890608 0.783097
vt 0.902286 0.796771
vt 0.908343 0.789552
vt 0.906341 0.801604
vt 0.914502 0.796892
vt 0.908499 0.807533
vt 0.917780 0.805897
vt 0.908499 0.813842
vt 0.917780 0.815479
vt 0.906341 0.819771
vt 0.914502 0.824483
vt 0.902286 0.824604
vt 0.908343 0.831823
vt 0.896821 0.827759
vt 0.900044 0.836614
vt 0.890608 0.828855
vt 0.890608 0.838278
vt 0.884395 0.827759
vt 0.881171 0.836614
vt 0.878930 0.824604
vt 0.872873 0.831823
vt 0.874875 0.819771
vt 0.866714 0.824483
vt 0.872717 0.813842
vt 0.863437 0.815478
vt 0.872717 0.807533
vt 0.863437 0.805897
vt 0.874875 0.801604
vt 0.866714 0.796892
vt 0.878931 0.796771
vt 0.872873 0.789552
vt 0.884395 0.793616
vt 0.881171 0.784761
vt 0.937372 0.856698
vt 0.946386 0.861416
vt 0.946130 0.856687
vt 0.950298 0.903429
vt 0.955522 0.907731
vt 0.961115 0.900501
vt 0.956186 0.896853
vt 0.945473 0.814713
vt 0.941271 0.819763
vt 0.948037 0.824887
vt 0.951715 0.820477
vt 0.928871 0.856631
vt 0.945511 0.898738
vt 0.951885 0.892870
vt 0.929237 0.850042
vt 0.937678 0.851024
vt 0.941242 0.893627
vt 0.948129 0.888503
vt 0.930311 0.843531
vt 0.938595 0.845417
vt 0.937546 0.888119
vt 0.944906 0.883780
vt 0.932079 0.837176
vt 0.940111 0.839941
vt 0.934464 0.882261
vt 0.942229 0.878748
vt 0.934520 0.831051
vt 0.942207 0.834658
vt 0.932031 0.876113
vt 0.940121 0.873462
vt 0.950109 0.810090
vt 0.955888 0.816390
vt 0.937599 0.825225
vt 0.944859 0.829624
vt 0.954995 0.805839
vt 0.960655 0.812569
vt 0.961672 0.889907
vt 0.958165 0.886726
vt 0.946386 0.851960
vt 0.955069 0.883145
vt 0.947150 0.847288
vt 0.952398 0.879235
vt 0.948416 0.842726
vt 0.950174 0.875053
vt 0.950168 0.838326
vt 0.948419 0.870653
vt 0.958146 0.826601
vt 0.961650 0.823346
vt 0.952387 0.834140
vt 0.947152 0.866089
vt 0.965568 0.820525
vt 0.955054 0.830217
vt 0.965568 0.892539
vt 0.803847 0.983071
vt 0.803633 0.991423
vt 0.807646 0.997164
vt 0.813013 0.999205
vt 0.818378 0.997158
vt 0.822384 0.991413
vt 0.822161 0.983061
vt 0.822384 0.974709
vt 0.818362 0.968968
vt 0.812996 0.966927
vt 0.807631 0.968974
vt 0.803615 0.974719
vt 0.831913 0.718385
vt 0.832136 0.710033
vt 0.828130 0.704288
vt 0.822765 0.702241
vt 0.817398 0.704282
vt 0.813385 0.710023
vt 0.813599 0.718375
vt 0.813367 0.726727
vt 0.817383 0.732471
vt 0.822747 0.734519
vt 0.828114 0.732478
vt 0.832136 0.726737
vt 0.801803 0.983071
vt 0.802026 0.974719
vt 0.798019 0.968974
vt 0.792654 0.966927
vt 0.787287 0.968968
vt 0.783275 0.974709
vt 0.783488 0.983061
vt 0.783256 0.991413
vt 0.787272 0.997158
vt 0.792637 0.999205
vt 0.798004 0.997164
vt 0.802026 0.991423
vt 0.842520 0.983071
vt 0.842743 0.974719
vt 0.838736 0.968974
vt 0.833372 0.966927
vt 0.828005 0.968968
vt 0.823992 0.974709
vt 0.824206 0.983061
vt 0.823974 0.991412
vt 0.827989 0.997158
vt 0.833354 0.999205
vt 0.838721 0.997164
vt 0.842743 0.991423
vt 0.261524 0.561074
vt 0.258366 0.564421
vt 0.001837 0.544490
vt 0.004660 0.548232
vt 0.852812 0.241612
vt 0.852812 0.261122
vt 0.852812 0.310237
vt 0.852813 0.628875
vt 0.669389 0.536867
vt 0.669389 0.217568
vt 0.669389 0.169919
vt 0.669389 0.149690
vt 0.846944 0.935756
vt 0.846944 0.886833
vt 0.845325 0.882050
vt 0.841526 0.878724
vt 0.838166 0.878055
vt 0.823345 0.878055
vt 0.819985 0.878724
vt 0.816186 0.882050
vt 0.814566 0.886833
vt 0.814566 0.935756
vt 0.816186 0.940539
vt 0.819985 0.943866
vt 0.823345 0.944534
vt 0.838166 0.944534
vt 0.841525 0.943866
vt 0.845325 0.940539
vt 0.866952 0.859552
vt 0.863675 0.868556
vt 0.863675 0.878138
vt 0.866952 0.887143
vt 0.873112 0.894483
vt 0.881410 0.899273
vt 0.890847 0.900937
vt 0.900283 0.899274
vt 0.908581 0.894482
vt 0.914741 0.887142
vt 0.918018 0.878138
vt 0.918018 0.868556
vt 0.914741 0.859551
vt 0.908581 0.852211
vt 0.900283 0.847420
vt 0.890846 0.845757
vt 0.881410 0.847420
vt 0.873111 0.852212
vt 0.771669 0.824472
vt 0.770562 0.825264
vt 0.769938 0.826491
vt 0.769810 0.827874
vt 0.770315 0.829173
vt 0.771253 0.830194
vt 0.772538 0.830668
vt 0.773896 0.830621
vt 0.775074 0.829944
vt 0.776043 0.828415
vt 0.776043 0.826581
vt 0.775419 0.825335
vt 0.774312 0.824512
vt 0.772991 0.824164
vt 0.771669 0.838453
vt 0.772991 0.838761
vt 0.774312 0.838414
vt 0.775419 0.837590
vt 0.776043 0.836345
vt 0.776043 0.834511
vt 0.775074 0.832982
vt 0.773896 0.832304
vt 0.772538 0.832258
vt 0.771253 0.832732
vt 0.770315 0.833752
vt 0.769810 0.835052
vt 0.769939 0.836435
vt 0.770562 0.837662
vt 0.953501 0.456927
vt 0.957871 0.468531
vt 0.966395 0.466570
vt 0.964198 0.460550
vt 0.960608 0.455293
vt 0.435880 0.824097
vt 0.442545 0.821135
vt 0.442259 0.814773
vt 0.440399 0.808638
vt 0.432404 0.812191
vt 0.473122 0.670734
vt 0.469249 0.662429
vt 0.462034 0.656792
vt 0.452840 0.655069
vt 0.443455 0.656823
vt 0.436002 0.662353
vt 0.431894 0.670583
vt 0.432037 0.679914
vt 0.435731 0.688459
vt 0.442872 0.694289
vt 0.451853 0.696391
vt 0.460916 0.694094
vt 0.468528 0.688325
vt 0.472873 0.679993
vt 0.544416 0.671273
vt 0.540542 0.662969
vt 0.533328 0.657331
vt 0.524134 0.655609
vt 0.514748 0.657363
vt 0.507295 0.662893
vt 0.503188 0.671123
vt 0.503331 0.680454
vt 0.507025 0.688999
vt 0.514166 0.694829
vt 0.523146 0.696931
vt 0.532210 0.694634
vt 0.539821 0.688865
vt 0.544167 0.680533
vt 0.316066 0.672001
vt 0.312192 0.663697
vt 0.304978 0.658060
vt 0.295783 0.656337
vt 0.286398 0.658091
vt 0.278945 0.663621
vt 0.274837 0.671851
vt 0.274981 0.681183
vt 0.278675 0.689727
vt 0.285816 0.695558
vt 0.294796 0.697659
vt 0.303860 0.695362
vt 0.311471 0.689594
vt 0.315817 0.681261
vt 0.388004 0.672356
vt 0.384131 0.664051
vt 0.376916 0.658414
vt 0.367722 0.656692
vt 0.358337 0.658445
vt 0.350884 0.663975
vt 0.346776 0.672205
vt 0.346919 0.681537
vt 0.350614 0.690081
vt 0.357755 0.695912
vt 0.366735 0.698013
vt 0.375798 0.695716
vt 0.383410 0.689948
vt 0.387755 0.681615
vt 0.953501 0.456927
vt 0.957871 0.468531
vt 0.966395 0.466570
vt 0.964198 0.460550
vt 0.960608 0.455293
vt 0.435880 0.824097
vt 0.442545 0.821135
vt 0.442259 0.814773
vt 0.440399 0.808638
vt 0.432404 0.812191
vt 0.771669 0.824472
vt 0.770562 0.825264
vt 0.769938 0.826491
vt 0.769810 0.827874
vt 0.770315 0.829173
vt 0.771253 0.830194
vt 0.772538 0.830668
vt 0.773896 0.830621
vt 0.775074 0.829944
vt 0.776043 0.828415
vt 0.776043 0.826581
vt 0.775419 0.825335
vt 0.774312 0.824512
vt 0.772991 0.824164
vt 0.771669 0.838453
vt 0.772991 0.838761
vt 0.774312 0.838414
vt 0.775419 0.837590
vt 0.776043 0.836345
vt 0.776043 0.834511
vt 0.775074 0.832982
vt 0.773896 0.832304
vt 0.772538 0.832258
vt 0.771253 0.832732
vt 0.770315 0.833752
vt 0.769810 0.835052
vt 0.769939 0.836435
vt 0.770562 0.837662
vt 0.953501 0.456927
vt 0.957871 0.468531
vt 0.966395 0.466570
vt 0.964198 0.460550
vt 0.960608 0.455293
vt 0.435880 0.824097
vt 0.442545 0.821135
vt 0.442259 0.814773
vt 0.440399 0.808638
vt 0.432404 0.812191
vt 0.771669 0.824472
vt 0.770562 0.825264
vt 0.769938 0.826491
vt 0.769810 0.827874
vt 0.770315 0.829173
vt 0.771253 0.830194
vt 0.772538 0.830668
vt 0.773896 0.830621
vt 0.775074 0.829944
vt 0.776043 0.828415
vt 0.776043 0.826581
vt 0.775419 0.825335
vt 0.774312 0.824512
vt 0.772991 0.824164
vt 0.771669 0.838453
vt 0.772991 0.838761
vt 0.774312 0.838414
vt 0.775419 0.837590
vt 0.776043 0.836345
vt 0.776043 0.834511
vt 0.775074 0.832982
vt 0.773896 0.832304
vt 0.772538 0.832258
vt 0.771253 0.832732
vt 0.770315 0.833752
vt 0.769810 0.835052
vt 0.769939 0.836435
vt 0.770562 0.837662
vt 0.953501 0.456927
vt 0.957871 0.468531
vt 0.966395 0.466570
vt 0.964198 0.460550
vt 0.960608 0.455293
vt 0.435880 0.824097
vt 0.442545 0.821135
vt 0.442259 0.814773
vt 0.440399 0.808638
vt 0.432404 0.812191
vt 0.771669 0.824472
vt 0.770562 0.825264
vt 0.769938 0.826491
vt 0.769810 0.827874
vt 0.770315 0.829173
vt 0.771253 0.830194
vt 0.772538 0.830668
vt 0.773896 0.830621
vt 0.775074 0.829944
vt 0.776043 0.828415
vt 0.776043 0.826581
vt 0.775419 0.825335
vt 0.774312 0.824512
vt 0.772991 0.824164
vt 0.771669 0.838453
vt 0.772991 0.838761
vt 0.774312 0.838414
vt 0.775419 0.837590
vt 0.776043 0.836345
vt 0.776043 0.834511
vt 0.775074 0.832982
vt 0.773896 0.832304
vt 0.772538 0.832258
vt 0.771253 0.832732
vt 0.770315 0.833752
vt 0.769810 0.835052
vt 0.769939 0.836435
vt 0.770562 0.837662
vt 0.866952 0.859552
vt 0.863675 0.868556
vt 0.863675 0.878138
vt 0.866952 0.887143
vt 0.873112 0.894483
vt 0.881410 0.899273
vt 0.890847 0.900937
vt 0.900283 0.899274
vt 0.908581 0.894482
vt 0.914741 0.887142
vt 0.918018 0.878138
vt 0.918018 0.868556
vt 0.914741 0.859551
vt 0.908581 0.852211
vt 0.900283 0.847420
vt 0.890846 0.845757
vt 0.881410 0.847420
vt 0.873111 0.852212
vt 0.866952 0.859552
vt 0.863675 0.868556
vt 0.863675 0.878138
vt 0.866952 0.887143
vt 0.873112 0.894483
vt 0.881410 0.899273
vt 0.890847 0.900937
vt 0.900283 0.899274
vt 0.908581 0.894482
vt 0.914741 0.887142
vt 0.918018 0.878138
vt 0.918018 0.868556
vt 0.914741 0.859551
vt 0.908581 0.852211
vt 0.900283 0.847420
vt 0.890846 0.845757
vt 0.881410 0.847420
vt 0.873111 0.852212
vt 0.866952 0.859552
vt 0.863675 0.868556
vt 0.863675 0.878138
vt 0.866952 0.887143
vt 0.873112 0.894483
vt 0.881410 0.899273
vt 0.890847 0.900937
vt 0.900283 0.899274
vt 0.908581 0.894482
vt 0.914741 0.887142
vt 0.918018 0.878138
vt 0.918018 0.868556
vt 0.914741 0.859551
vt 0.908581 0.852211
vt 0.900283 0.847420
vt 0.890846 0.845757
vt 0.881410 0.847420
vt 0.873111 0.852212
usemtl m0
f 1/1/1 2/2/2 3/3/3
f 4/4/4 5/5/5 6/6/6
f 7/7/7 8/8/8 9/9/9
f 10/10/10 11/11/11 12/12/12
f 13/13/13 14/14/14 15/15/15
f 16/16/16 17/17/17 18/18/18
f 19/19/19 20/20/20 21/21/21
f 22/22/22 23/23/23 24/24/24
f 25/25/25 26/26/26 27/27/27
f 28/28/28 29/29/29 30/30/30
f 31/31/31 32/32/32 33/33/33
f 34/34/34 35/35/35 36/36/36
f 34/34/34 37/37/37 35/35/35
f 38/38/38 39/39/39 40/40/40
f 41/41/41 42/42/42 43/43/43
f 44/44/44 45/45/45 46/46/46
f 47/47/47 48/48/48 49/49/49
f 50/50/50 51/51/51 52/52/52
f 53/53/53 54/54/54 55/55/55
f 56/56/56 57/57/57 58/58/58
f 59/59/59 60/60/60 61/61/61
f 62/62/62 63/63/63 64/64/64
f 65/65/65 66/66/66 67/67/67
f 68/68/68 69/69/69 70/70/70
f 71/71/71 72/72/72 73/73/73
f 74/74/74 75/75/75 76/76/76
f 77/77/77 78/78/78 79/79/79
f 80/80/80 81/81/81 82/82/82
f 83/83/83 84/84/84 85/85/85
f 86/86/86 87/87/87 88/88/88
f 89/89/89 90/90/90 91/91/91
f 92/92/92 93/93/93 94/94/94
f 95/95/95 96/96/96 97/97/97
f 98/98/98 99/99/99 100/100/100
f 101/101/101 102/102/102 103/103/103
f 104/104/104 105/105/105 100/100/100
f 106/106/106 107/107/107 108/108/108
f 109/109/109 4/4/4 6/6/6
f 110/110/110 111/111/111 112/112/112
f 96/96/96 113/113/113 97/97/97
f 105/105/105 98/98/98 100/100/100
f 114/114/114 110/110/110 112/112/112
f 87/87/87 115/115/115 88/88/88
f 115/115/115 116/116/116 88/88/88
f 117/117/117 118/118/118 108/108/108
f 119/119/119 120/120/120 121/121/121
f 122/122/122 123/123/123 124/124/124
f 125/125/125 126/126/126 102/102/102
f 127/127/127 128/128/128 129/129/129
f 130/130/130 131/131/131 97/97/97
f 112/112/112 128/128/128 132/132/132
f 133/133/133 134/134/134 100/100/100
f 88/88/88 135/135/135 136/136/136
f 125/125/125 102/102/102 101/101/101
f 137/137/137 131/131/131 138/138/138
f 118/118/118 139/139/139 106/106/106
f 140/140/140 141/141/141 142/142/142
f 143/143/143 125/125/125 101/101/101
f 118/118/118 106/106/106 108/108/108
f 144/144/144 145/145/145 146/146/146
f 147/147/147 148/148/148 149/149/149
f 150/150/150 151/151/151 152/152/152
f 153/153/153 154/154/154 155/155/155
f 155/155/155 156/156/156 153/153/153
f 142/142/142 141/141/141 157/157/157
f 158/158/158 159/159/159 160/160/160
f 161/161/161 162/162/162 163/163/163
f 164/164/164 165/165/165 166/166/166
f 167/167/167 168/168/168 169/169/169
f 170/170/170 171/171/171 172/172/172
f 173/173/173 174/174/174 175/175/175
f 176/176/176 177/177/177 178/178/178
f 179/179/179 180/180/180 181/181/181
f 179/179/179 182/182/182 180/180/180
f 179/179/179 183/183/183 182/182/182
f 179/179/179 184/184/184 183/183/183
f 179/179/179 185/185/185 184/184/184
f 179/179/179 186/186/186 185/185/185
f 179/179/179 187/187/187 186/186/186
f 179/179/179 188/188/188 187/187/187
f 179/179/179 189/189/189 188/188/188
f 179/179/179 190/190/190 189/189/189
f 179/179/179 191/191/191 190/190/190
f 179/179/179 192/192/192 191/191/191
f 179/179/179 193/193/193 192/192/192
f 179/179/179 194/194/194 193/193/193
f 179/179/179 195/195/195 194/194/194
f 179/179/179 196/196/196 195/195/195
f 179/179/179 197/197/197 196/196/196
f 179/179/179 181/181/181 197/197/197
f 198/198/198 199/199/199 200/200/200
f 201/201/201 202/202/202 203/203/203
f 204/204/204 205/205/205 206/206/206
f 207/207/207 208/208/208 209/209/209
f 210/210/210 211/211/211 212/212/212
f 213/213/213 214/214/214 215/215/215
f 216/216/216 217/217/217 218/218/218
f 219/219/219 220/220/220 221/221/221
f 222/222/222 223/223/223 224/224/224
f 225/225/225 226/226/226 227/227/227
f 228/228/228 229/229/229 230/230/230
f 231/231/231 232/232/232 233/233/233
f 234/234/234 235/235/235 236/236/236
f 237/237/237 238/238/238 239/239/239
f 240/240/240 241/241/241 242/242/242
f 243/243/243 244/244/244 245/245/245
f 246/246/246 247/247/247 248/248/248
f 249/249/249 250/250/250 251/251/251
f 252/252/252 253/253/253 254/254/254
f 255/255/255 256/256/256 257/257/257
f 258/258/258 259/259/259 260/260/260
f 251/251/251 261/261/261 262/262/262
f 262/262/262 249/249/249 251/251/251
f 253/253/253 263/263/263 264/264/264
f 262/262/262 261/261/261 265/265/265
f 266/266/266 264/264/264 263/263/263
f 267/267/267 268/268/268 269/269/269
f 270/270/270 271/271/271 272/272/272
f 273/273/273 274/274/274 275/275/275
f 276/276/276 277/277/277 278/278/278
f 279/279/279 280/280/280 272/272/272
f 281/281/281 282/282/282 283/283/283
f 284/284/284 285/285/285 286/286/286
f 287/287/287 284/284/284 286/286/286
f 274/274/274 288/288/288 275/275/275
f 277/277/277 289/289/289 278/278/278
f 280/280/280 270/270/270 272/272/272
f 290/290/290 281/281/281 283/283/283
f 291/291/291 292/292/292 293/293/293
f 294/294/294 248/248/248 295/295/295
f 296/296/296 297/297/297 298/298/298
f 299/299/299 300/300/300 301/301/301
f 302/302/302 303/303/303 304/304/304
f 305/305/305 306/306/306 307/307/307
f 308/308/308 309/309/309 310/310/310
f 311/311/311 312/312/312 313/313/313
f 314/314/314 315/315/315 316/316/316
f 306/306/306 317/317/317 318/318/318
f 317/317/317 306/306/306 305/305/305
f 310/310/310 319/319/319 320/320/320
f 317/317/317 321/321/321 318/318/318
f 322/322/322 320/320/320 319/319/319
f 323/323/323 324/324/324 325/325/325
f 326/326/326 327/327/327 328/328/328
f 329/329/329 330/330/330 331/331/331
f 332/332/332 333/333/333 334/334/334
f 335/335/335 327/327/327 336/336/336
f 337/337/337 338/338/338 339/339/339
f 340/340/340 341/341/341 342/342/342
f 343/343/343 341/341/341 340/340/340
f 331/331/331 330/330/330 344/344/344
f 334/334/334 333/333/333 345/345/345
f 336/336/336 327/327/327 326/326/326
f 346/346/346 338/338/338 337/337/337
f 347/347/347 348/348/348 349/349/349
f 350/350/350 351/351/351 303/303/303
f 352/352/352 353/353/353 354/354/354
f 355/355/355 356/356/356 357/357/357
f 358/358/358 359/359/359 360/360/360
f 361/361/361 362/362/362 363/363/363
f 364/364/364 365/365/365 366/366/366
f 367/367/367 368/368/368 369/369/369
f 370/370/370 371/371/371 372/372/372
f 363/363/363 373/373/373 374/374/374
f 374/374/374 361/361/361 363/363/363
f 365/365/365 375/375/375 376/376/376
f 374/374/374 373/373/373 377/377/377
f 378/378/378 376/376/376 375/375/375
f 379/379/379 380/380/380 381/381/381
f 382/382/382 383/383/383 384/384/384
f 385/385/385 386/386/386 387/387/387
f 388/388/388 389/389/389 390/390/390
f 391/391/391 392/392/392 384/384/384
f 393/393/393 394/394/394 395/395/395
f 396/396/396 397/397/397 398/398/398
f 399/399/399 396/396/396 398/398/398
f 386/386/386 400/400/400 387/387/387
f 389/389/389 401/401/401 390/390/390
f 392/392/392 382/382/382 384/384/384
f 402/402/402 393/393/393 395/395/395
f 403/403/403 404/404/404 405/405/405
f 406/406/406 360/360/360 407/407/407
f 408/408/408 409/409/409 410/410/410
f 411/411/411 412/412/412 413/413/413
f 414/414/414 415/415/415 416/416/416
f 417/417/417 418/418/418 419/419/419
f 420/420/420 421/421/421 422/422/422
f 423/423/423 424/424/424 425/425/425
f 426/426/426 427/427/427 428/428/428
f 418/418/418 429/429/429 430/430/430
f 429/429/429 418/418/418 417/417/417
f 422/422/422 431/431/431 432/432/432
f 429/429/429 433/433/433 430/430/430
f 434/434/434 432/432/432 431/431/431
f 435/435/435 436/436/436 437/437/437
f 438/438/438 439/439/439 440/440/440
f 441/441/441 442/442/442 443/443/443
f 444/444/444 445/445/445 446/446/446
f 447/447/447 439/439/439 448/448/448
f 449/449/449 450/450/450 451/451/451
f 452/452/452 453/453/453 454/454/454
f 455/455/455 453/453/453 452/452/452
f 443/443/443 442/442/442 456/456/456
f 446/446/446 445/445/445 457/457/457
f 448/448/448 439/439/439 438/438/438
f 458/458/458 450/450/450 449/449/449
f 459/459/459 460/460/460 461/461/461
f 462/462/462 463/463/463 415/415/415
f 464/464/464 465/465/465 466/466/466
f 467/467/467 468/468/468 469/469/469
f 470/470/470 471/471/471 472/472/472
f 473/473/473 474/474/474 475/475/475
f 476/476/476 477/477/477 478/478/478
f 479/479/479 480/480/480 481/481/481
f 482/482/482 483/483/483 484/484/484
f 485/485/485 486/486/486 487/487/487
f 488/488/488 489/489/489 490/490/490
f 491/491/491 492/492/492 493/493/493
f 494/494/494 495/495/495 496/496/496
f 497/497/497 498/498/498 499/499/499
f 500/500/500 501/501/501 502/502/502
f 503/503/503 504/504/504 505/505/505
f 506/506/506 507/507/507 508/508/508
f 509/509/509 510/510/510 511/511/511
f 512/512/512 513/513/513 514/514/514
f 515/515/515 516/516/516 517/517/517
f 518/518/518 519/519/519 520/520/520
f 521/521/521 522/522/522 523/523/523
f 524/524/524 525/525/525 526/526/526
f 527/527/527 528/528/528 529/529/529
f 530/530/530 531/531/531 532/532/532
f 523/523/523 533/533/533 534/534/534
f 534/534/534 521/521/521 523/523/523
f 525/525/525 535/535/535 536/536/536
f 534/534/534 533/533/533 537/537/537
f 538/538/538 536/536/536 535/535/535
f 539/539/539 540/540/540 541/541/541
f 542/542/542 543/543/543 544/544/544
f 545/545/545 546/546/546 547/547/547
f 548/548/548 549/549/549 550/550/550
f 551/551/551 552/552/552 544/544/544
f 553/553/553 554/554/554 555/555/555
f 556/556/556 557/557/557 558/558/558
f 559/559/559 556/556/556 558/558/558
f 546/546/546 560/560/560 547/547/547
f 549/549/549 561/561/561 550/550/550
f 552/552/552 542/542/542 544/544/544
f 562/562/562 553/553/553 555/555/555
f 563/563/563 564/564/564 565/565/565
f 566/566/566 520/520/520 567/567/567
f 568/568/568 569/569/569 570/570/570
f 571/571/571 572/572/572 573/573/573
f 574/574/574 575/575/575 576/576/576
f 577/577/577 578/578/578 579/579/579
f 580/580/580 581/581/581 582/582/582
f 583/583/583 584/584/584 585/585/585
f 586/586/586 587/587/587 588/588/588
f 578/578/578 589/589/589 590/590/590
f 589/589/589 578/578/578 577/577/577
f 582/582/582 591/591/591 592/592/592
f 589/589/589 593/593/593 590/590/590
f 594/594/594 592/592/592 591/591/591
f 595/595/595 596/596/596 597/597/597
f 598/598/598 599/599/599 600/600/600
f 601/601/601 602/602/602 603/603/603
f 604/604/604 605/605/605 606/606/606
f 607/607/607 599/599/599 608/608/608
f 609/609/609 610/610/610 611/611/611
f 612/612/612 613/613/613 614/614/614
f 615/615/615 613/613/613 612/612/612
f 603/603/603 602/602/602 616/616/616
f 606/606/606 605/605/605 617/617/617
f 608/608/608 599/599/599 598/598/598
f 618/618/618 610/610/610 609/609/609
f 619/619/619 620/620/620 621/621/621
f 622/622/622 623/623/623 575/575/575
f 624/624/624 625/625/625 626/626/626
f 627/627/627 628/628/628 629/629/629
f 630/630/630 631/631/631 632/632/632
f 633/633/633 634/634/634 635/635/635
f 636/636/636 637/637/637 638/638/638
f 639/639/639 640/640/640 641/641/641
f 642/642/642 643/643/643 644/644/644
f 645/645/645 646/646/646 647/647/647
f 648/648/648 649/649/649 650/650/650
f 651/651/651 652/652/652 653/653/653
f 654/654/654 655/655/655 656/656/656
f 657/657/657 658/658/658 659/659/659
f 660/660/660 661/661/661 662/662/662
f 663/663/663 664/664/664 665/665/665
f 666/666/666 667/667/667 668/668/668
f 669/669/669 670/670/670 671/671/671
f 672/672/672 673/673/673 674/674/674
f 675/675/675 676/676/676 677/677/677
f 678/678/678 679/679/679 680/680/680
f 681/681/681 682/682/682 683/683/683
f 684/684/684 685/685/685 686/686/686
f 687/687/687 688/688/688 689/689/689
f 690/690/690 691/691/691 692/692/692
f 683/683/683 693/693/693 694/694/694
f 694/694/694 681/681/681 683/683/683
f 685/685/685 695/695/695 696/696/696
f 694/694/694 693/693/693 697/697/697
f 698/698/698 696/696/696 695/695/695
f 699/699/699 700/700/700 701/701/701
f 702/702/702 703/703/703 704/704/704
f 705/705/705 706/706/706 707/707/707
f 708/708/708 709/709/709 710/710/710
f 711/711/711 712/712/712 704/704/704
f 713/713/713 714/714/714 715/715/715
f 716/716/716 717/717/717 718/718/718
f 719/719/719 716/716/716 718/718/718
f 706/706/706 720/720/720 707/707/707
f 709/709/709 721/721/721 710/710/710
f 712/712/712 702/702/702 704/704/704
f 722/722/722 713/713/713 715/715/715
f 723/723/723 724/724/724 725/725/725
f 726/726/726 680/680/680 727/727/727
f 728/728/728 729/729/729 730/730/730
f 731/731/731 732/732/732 733/733/733
f 734/734/734 735/735/735 736/736/736
f 737/737/737 738/738/738 739/739/739
f 740/740/740 741/741/741 742/742/742
f 743/743/743 744/744/744 745/745/745
f 746/746/746 747/747/747 748/748/748
f 738/738/738 749/749/749 750/750/750
f 749/749/749 738/738/738 737/737/737
f 742/742/742 751/751/751 752/752/752
f 749/749/749 753/753/753 750/750/750
f 754/754/754 752/752/752 751/751/751
f 755/755/755 756/756/756 757/757/757
f 758/758/758 759/759/759 760/760/760
f 761/761/761 762/762/762 763/763/763
f 764/764/764 765/765/765 766/766/766
f 767/767/767 759/759/759 768/768/768
f 769/769/769 770/770/770 771/771/771
f 772/772/772 773/773/773 774/774/774
f 775/775/775 773/773/773 772/772/772
f 763/763/763 762/762/762 776/776/776
f 766/766/766 765/765/765 777/777/777
f 768/768/768 759/759/759 758/758/758
f 778/778/778 770/770/770 769/769/769
f 779/779/779 780/780/780 781/781/781
f 782/782/782 783/783/783 735/735/735
f 784/784/784 785/785/785 786/786/786
f 787/787/787 788/788/788 789/789/789
f 790/790/790 791/791/791 792/792/792
f 793/793/793 794/794/794 795/795/795
f 796/796/796 797/797/797 798/798/798
f 799/799/799 800/800/800 801/801/801
f 802/802/802 803/803/803 804/804/804
f 805/805/805 806/806/806 807/807/807
f 808/808/808 809/809/809 810/810/810
f 811/811/811 812/812/812 813/813/813
f 814/814/814 815/815/815 816/816/816
f 817/817/817 818/818/818 819/819/819
f 820/820/820 821/821/821 822/822/822
f 823/823/823 824/824/824 825/825/825
f 826/826/826 827/827/827 828/828/828
f 829/829/829 830/830/830 831/831/831
f 832/832/832 833/833/833 834/834/834
f 835/835/835 836/836/836 837/837/837
f 838/838/838 839/839/839 840/840/840
f 838/838/838 841/841/841 839/839/839
f 838/838/838 842/842/842 841/841/841
f 838/838/838 843/843/843 842/842/842
f 838/838/838 844/844/844 843/843/843
f 838/838/838 845/845/845 844/844/844
f 838/838/838 846/846/846 845/845/845
f 838/838/838 847/847/847 846/846/846
f 838/838/838 848/848/848 847/847/847
f 838/838/838 849/849/849 848/848/848
f 838/838/838 850/850/850 849/849/849
f 838/838/838 851/851/851 850/850/850
f 838/838/838 852/852/852 851/851/851
f 838/838/838 853/853/853 852/852/852
f 838/838/838 854/854/854 853/853/853
f 838/838/838 855/855/855 854/854/854
f 838/838/838 856/856/856 855/855/855
f 838/838/838 840/840/840 856/856/856
f 857/857/857 858/858/858 859/859/859
f 857/857/857 860/860/860 858/858/858
f 857/857/857 861/861/861 860/860/860
f 857/857/857 862/862/862 861/861/861
f 857/857/857 863/863/863 862/862/862
f 857/857/857 864/864/864 863/863/863
f 857/857/857 865/865/865 864/864/864
f 857/857/857 866/866/866 865/865/865
f 857/857/857 867/867/867 866/866/866
f 857/857/857 868/868/868 867/867/867
f 857/857/857 869/869/869 868/868/868
f 857/857/857 870/870/870 869/869/869
f 857/857/857 871/871/871 870/870/870
f 857/857/857 872/872/872 871/871/871
f 857/857/857 873/873/873 872/872/872
f 857/857/857 874/874/874 873/873/873
f 857/857/857 875/875/875 874/874/874
f 857/857/857 859/859/859 875/875/875
f 876/876/876 877/877/877 878/878/878
f 876/876/876 879/879/879 877/877/877
f 876/876/876 880/880/880 879/879/879
f 876/876/876 881/881/881 880/880/880
f 876/876/876 882/882/882 881/881/881
f 876/876/876 883/883/883 882/882/882
f 876/876/876 884/884/884 883/883/883
f 876/876/876 885/885/885 884/884/884
f 876/876/876 886/886/886 885/885/885
f 876/876/876 887/887/887 886/886/886
f 876/876/876 888/888/888 887/887/887
f 876/876/876 889/889/889 888/888/888
f 876/876/876 890/890/890 889/889/889
f 876/876/876 891/891/891 890/890/890
f 876/876/876 892/892/892 891/891/891
f 876/876/876 893/893/893 892/892/892
f 876/876/876 894/894/894 893/893/893
f 876/876/876 878/878/878 894/894/894
f 895/895/895 896/896/896 897/897/897
f 895/895/895 897/897/897 898/898/898
f 898/898/898 897/897/897 899/899/899
f 898/898/898 899/899/899 900/900/900
f 900/900/900 899/899/899 901/901/901
f 900/900/900 901/901/901 902/902/902
f 902/902/902 901/901/901 903/903/903
f 902/902/902 903/903/903 904/904/904
f 904/904/904 903/903/903 905/905/905
f 904/904/904 905/905/905 906/906/906
f 906/906/906 905/905/905 907/907/907
f 906/906/906 907/907/907 908/908/908
f 908/908/908 907/907/907 909/909/909
f 908/908/908 909/909/909 910/910/910
f 910/910/910 909/909/909 911/911/911
f 910/910/910 911/911/911 912/912/912
f 912/912/912 911/911/911 913/913/913
f 912/912/912 913/913/913 914/914/914
f 914/914/914 913/913/913 915/915/915
f 914/914/914 915/915/915 916/916/916
f 917/917/917 918/918/918 919/919/919
f 917/917/917 919/919/919 920/920/920
f 920/920/920 919/919/919 896/896/896
f 920/920/920 896/896/896 895/895/895
f 921/921/921 922/922/922 923/923/923
f 921/921/921 923/923/923 924/924/924
f 922/922/922 925/925/925 926/926/926
f 922/922/922 926/926/926 923/923/923
f 925/925/925 927/927/927 928/928/928
f 925/925/925 928/928/928 926/926/926
f 927/927/927 929/929/929 930/930/930
f 927/927/927 930/930/930 928/928/928
f 929/929/929 931/931/931 932/932/932
f 929/929/929 932/932/932 930/930/930
f 931/931/931 933/933/933 934/934/934
f 931/931/931 934/934/934 932/932/932
f 933/933/933 935/935/935 936/936/936
f 933/933/933 936/936/936 934/934/934
f 935/935/935 937/937/937 938/938/938
f 935/935/935 938/938/938 936/936/936
f 937/937/937 939/939/939 940/940/940
f 937/937/937 940/940/940 938/938/938
f 939/939/939 941/941/941 942/942/942
f 939/939/939 942/942/942 940/940/940
f 943/943/943 944/944/944 945/945/945
f 943/943/943 945/945/945 946/946/946
f 944/944/944 921/921/921 924/924/924
f 944/944/944 924/924/924 945/945/945
f 947/947/947 948/948/948 949/949/949
f 947/947/947 949/949/949 950/950/950
f 951/951/951 952/952/952 953/953/953
f 951/951/951 953/953/953 954/954/954
f 955/955/955 956/956/956 957/957/957
f 955/955/955 957/957/957 958/958/958
f 959/959/959 960/960/960 961/961/961
f 959/959/959 961/961/961 962/962/962
f 963/963/963 964/964/964 965/965/965
f 963/963/963 965/965/965 966/966/966
f 958/958/958 957/957/957 967/967/967
f 958/958/958 967/967/967 968/968/968
f 969/969/969 970/970/970 971/971/971
f 969/969/969 971/971/971 972/972/972
f 951/951/951 966/966/966 965/965/965
f 951/951/951 965/965/965 952/952/952
f 973/973/973 968/968/968 967/967/967
f 973/973/973 967/967/967 974/974/974
f 972/972/972 971/971/971 975/975/975
f 972/972/972 975/975/975 976/976/976
f 976/976/976 975/975/975 977/977/977
f 976/976/976 977/977/977 978/978/978
f 979/979/979 980/980/980 981/981/981
f 979/979/979 981/981/981 953/953/953
f 978/978/978 977/977/977 947/947/947
f 978/978/978 947/947/947 950/950/950
f 982/982/982 981/981/981 983/983/983
f 982/982/982 983/983/983 984/984/984
f 985/985/985 986/986/986 987/987/987
f 985/985/985 987/987/987 988/988/988
f 989/989/989 990/990/990 948/948/948
f 989/989/989 948/948/948 947/947/947
f 984/984/984 983/983/983 991/991/991
f 984/984/984 991/991/991 992/992/992
f 949/949/949 948/948/948 956/956/956
f 949/949/949 956/956/956 955/955/955
f 992/992/992 991/991/991 960/960/960
f 992/992/992 960/960/960 959/959/959
f 991/991/991 993/993/993 994/994/994
f 991/991/991 994/994/994 960/960/960
f 948/948/948 990/990/990 995/995/995
f 948/948/948 995/995/995 956/956/956
f 979/979/979 996/996/996 997/997/997
f 979/979/979 997/997/997 980/980/980
f 975/975/975 998/998/998 999/999/999
f 975/975/975 999/999/999 977/977/977
f 956/956/956 995/995/995 1000/1000/1000
f 956/956/956 1000/1000/1000 957/957/957
f 960/960/960 994/994/994 1001/1001/1001
f 960/960/960 1001/1001/1001 961/961/961
f 964/964/964 1002/1002/1002 1003/1003/1003
f 964/964/964 1003/1003/1003 965/965/965
f 957/957/957 1000/1000/1000 1004/1004/1004
f 957/957/957 1004/1004/1004 967/967/967
f 970/970/970 1005/1005/1005 1006/1006/1006
f 970/970/970 1006/1006/1006 971/971/971
f 965/965/965 1003/1003/1003 1007/1007/1007
f 965/965/965 1007/1007/1007 952/952/952
f 967/967/967 1004/1004/1004 1008/1008/1008
f 967/967/967 1008/1008/1008 974/974/974
f 975/975/975 971/971/971 1006/1006/1006
f 975/975/975 1006/1006/1006 998/998/998
f 953/953/953 952/952/952 1007/1007/1007
f 953/953/953 1007/1007/1007 979/979/979
f 977/977/977 999/999/999 989/989/989
f 977/977/977 989/989/989 947/947/947
f 981/981/981 980/980/980 1009/1009/1009
f 981/981/981 1009/1009/1009 983/983/983
f 973/973/973 974/974/974 1010/1010/1010
f 973/973/973 1010/1010/1010 1011/1011/1011
f 989/989/989 1012/1012/1012 1013/1013/1013
f 989/989/989 1013/1013/1013 990/990/990
f 983/983/983 1009/1009/1009 993/993/993
f 983/983/983 993/993/993 991/991/991
f 1014/1014/1014 1008/1008/1008 1015/1015/1015
f 1014/1014/1014 1015/1015/1015 1016/1016/1016
f 994/994/994 993/993/993 1017/1017/1017
f 994/994/994 1017/1017/1017 1018/1018/1018
f 997/997/997 1019/1019/1019 1020/1020/1020
f 997/997/997 1020/1020/1020 1021/1021/1021
f 1000/1000/1000 995/995/995 1022/1022/1022
f 1000/1000/1000 1022/1022/1022 1023/1023/1023
f 1001/1001/1001 994/994/994 1018/1018/1018
f 1001/1001/1001 1018/1018/1018 1024/1024/1024
f 1003/1003/1003 1002/1002/1002 1025/1025/1025
f 1003/1003/1003 1025/1025/1025 1026/1026/1026
f 1004/1004/1004 1000/1000/1000 1023/1023/1023
f 1004/1004/1004 1023/1023/1023 1027/1027/1027
f 1006/1006/1006 1005/1005/1005 1028/1028/1028
f 1006/1006/1006 1028/1028/1028 1029/1029/1029
f 1007/1007/1007 1003/1003/1003 1026/1026/1026
f 1007/1007/1007 1026/1026/1026 1030/1030/1030
f 1008/1008/1008 1004/1004/1004 1027/1027/1027
f 1008/1008/1008 1027/1027/1027 1015/1015/1015
f 998/998/998 1006/1006/1006 1029/1029/1029
f 998/998/998 1029/1029/1029 1031/1031/1031
f 979/979/979 1007/1007/1007 1030/1030/1030
f 979/979/979 1030/1030/1030 996/996/996
f 996/996/996 1032/1032/1032 1019/1019/1019
f 996/996/996 1019/1019/1019 997/997/997
f 999/999/999 998/998/998 1031/1031/1031
f 999/999/999 1031/1031/1031 1033/1033/1033
f 1034/1034/1034 1035/1035/1035 1013/1013/1013
f 1034/1034/1034 1013/1013/1013 1012/1012/1012
f 989/989/989 999/999/999 1033/1033/1033
f 989/989/989 1033/1033/1033 1012/1012/1012
f 1009/1009/1009 980/980/980 997/997/997
f 1009/1009/1009 997/997/997 1021/1021/1021
f 993/993/993 1009/1009/1009 1021/1021/1021
f 993/993/993 1021/1021/1021 1017/1017/1017
f 995/995/995 990/990/990 1013/1013/1013
f 995/995/995 1013/1013/1013 1022/1022/1022
f 1027/1027/1027 1036/1036/1036 1037/1037/1037
f 1027/1027/1027 1037/1037/1037 1015/1015/1015
f 1026/1026/1026 1038/1038/1038 1039/1039/1039
f 1026/1026/1026 1039/1039/1039 1030/1030/1030
f 1040/1040/1040 1041/1041/1041 1042/1042/1042
f 1040/1040/1040 1042/1042/1042 1043/1043/1043
f 1021/1021/1021 1020/1020/1020 1044/1044/1044
f 1021/1021/1021 1044/1044/1044 1017/1017/1017
f 1013/1013/1013 1035/1035/1035 1045/1045/1045
f 1013/1013/1013 1045/1045/1045 1022/1022/1022
f 1017/1017/1017 1044/1044/1044 1046/1046/1046
f 1017/1017/1017 1046/1046/1046 1018/1018/1018
f 1022/1022/1022 1045/1045/1045 1047/1047/1047
f 1022/1022/1022 1047/1047/1047 1023/1023/1023
f 1018/1018/1018 1046/1046/1046 1048/1048/1048
f 1018/1018/1018 1048/1048/1048 1024/1024/1024
f 1026/1026/1026 1025/1025/1025 1049/1049/1049
f 1026/1026/1026 1049/1049/1049 1038/1038/1038
f 1027/1027/1027 1023/1023/1023 1047/1047/1047
f 1027/1027/1027 1047/1047/1047 1036/1036/1036
f 1028/1028/1028 1050/1050/1050 1051/1051/1051
f 1028/1028/1028 1051/1051/1051 1029/1029/1029
f 1029/1029/1029 1051/1051/1051 1052/1052/1052
f 1029/1029/1029 1052/1052/1052 1031/1031/1031
f 1030/1030/1030 1039/1039/1039 1032/1032/1032
f 1030/1030/1030 1032/1032/1032 996/996/996
f 1053/1053/1053 1054/1054/1054 1055/1055/1055
f 1053/1053/1053 1055/1055/1055 1056/1056/1056
f 1031/1031/1031 1052/1052/1052 1057/1057/1057
f 1031/1031/1031 1057/1057/1057 1033/1033/1033
f 1033/1033/1033 1057/1057/1057 1034/1034/1034
f 1033/1033/1033 1034/1034/1034 1012/1012/1012
f 1020/1020/1020 1019/1019/1019 1058/1058/1058
f 1020/1020/1020 1058/1058/1058 1059/1059/1059
f 1056/1056/1056 1055/1055/1055 1060/1060/1060
f 1056/1056/1056 1060/1060/1060 1061/1061/1061
f 1062/1062/1062 1063/1063/1063 1064/1064/1064
f 1062/1062/1062 1064/1064/1064 1065/1065/1065
f 1066/1066/1066 1067/1067/1067 1068/1068/1068
f 1066/1066/1066 1068/1068/1068 1069/1069/1069
f 1070/1070/1070 1071/1071/1071 1072/1072/1072
f 1070/1070/1070 1072/1072/1072 1073/1073/1073
f 1074/1074/1074 1075/1075/1075 1063/1063/1063
f 1074/1074/1074 1063/1063/1063 1062/1062/1062
f 1076/1076/1076 1077/1077/1077 1078/1078/1078
f 1076/1076/1076 1078/1078/1078 1079/1079/1079
f 1061/1061/1061 1060/1060/1060 1070/1070/1070
f 1061/1061/1061 1070/1070/1070 1073/1073/1073
f 988/988/988 987/987/987 1075/1075/1075
f 988/988/988 1075/1075/1075 1074/1074/1074
f 1080/1080/1080 1081/1081/1081 1077/1077/1077
f 1080/1080/1080 1077/1077/1077 1076/1076/1076
f 1082/1082/1082 1083/1083/1083 1081/1081/1081
f 1082/1082/1082 1081/1081/1081 1080/1080/1080
f 1054/1054/1054 1084/1084/1084 1085/1085/1085
f 1054/1054/1054 1085/1085/1085 1055/1055/1055
f 1043/1043/1043 1042/1042/1042 1083/1083/1083
f 1043/1043/1043 1083/1083/1083 1082/1082/1082
f 1086/1086/1086 1087/1087/1087 1054/1054/1054
f 1086/1086/1086 1054/1054/1054 1053/1053/1053
f 1041/1041/1041 1088/1088/1088 1089/1089/1089
f 1041/1041/1041 1089/1089/1089 1042/1042/1042
f 1090/1090/1090 1091/1091/1091 1087/1087/1087
f 1090/1090/1090 1087/1087/1087 1086/1086/1086
f 1065/1065/1065 1064/1064/1064 1041/1041/1041
f 1065/1065/1065 1041/1041/1041 1040/1040/1040
f 1069/1069/1069 1068/1068/1068 1091/1091/1091
f 1069/1069/1069 1091/1091/1091 1090/1090/1090
f 1068/1068/1068 1092/1092/1092 1093/1093/1093
f 1068/1068/1068 1093/1093/1093 1091/1091/1091
f 1064/1064/1064 1094/1094/1094 1088/1088/1088
f 1064/1064/1064 1088/1088/1088 1041/1041/1041
f 1095/1095/1095 1085/1085/1085 1084/1084/1084
f 1095/1095/1095 1084/1084/1084 1096/1096/1096
f 1083/1083/1083 1097/1097/1097 1098/1098/1098
f 1083/1083/1083 1098/1098/1098 1081/1081/1081
f 1063/1063/1063 1099/1099/1099 1094/1094/1094
f 1063/1063/1063 1094/1094/1094 1064/1064/1064
f 1067/1067/1067 1100/1100/1100 1092/1092/1092
f 1067/1067/1067 1092/1092/1092 1068/1068/1068
f 1070/1070/1070 1101/1101/1101 1102/1102/1102
f 1070/1070/1070 1102/1102/1102 1071/1071/1071
f 1075/1075/1075 1103/1103/1103 1099/1099/1099
f 1075/1075/1075 1099/1099/1099 1063/1063/1063
f 1104/1104/1104 1105/1105/1105 1078/1078/1078
f 1104/1104/1104 1078/1078/1078 1077/1077/1077
f 1060/1060/1060 1106/1106/1106 1101/1101/1101
f 1060/1060/1060 1101/1101/1101 1070/1070/1070
f 987/987/987 1107/1107/1107 1103/1103/1103
f 987/987/987 1103/1103/1103 1075/1075/1075
f 1081/1081/1081 1098/1098/1098 1104/1104/1104
f 1081/1081/1081 1104/1104/1104 1077/1077/1077
f 1055/1055/1055 1085/1085/1085 1106/1106/1106
f 1055/1055/1055 1106/1106/1106 1060/1060/1060
f 1042/1042/1042 1089/1089/1089 1097/1097/1097
f 1042/1042/1042 1097/1097/1097 1083/1083/1083
f 1087/1087/1087 1108/1108/1108 1084/1084/1084
f 1087/1087/1087 1084/1084/1084 1054/1054/1054
f 974/974/974 1008/1008/1008 1014/1014/1014
f 974/974/974 1014/1014/1014 1010/1010/1010
f 1109/1109/1109 1089/1089/1089 1088/1088/1088
f 1109/1109/1109 1088/1088/1088 1110/1110/1110
f 1091/1091/1091 1093/1093/1093 1108/1108/1108
f 1091/1091/1091 1108/1108/1108 1087/1087/1087
f 1111/1111/1111 1112/1112/1112 1113/1113/1113
f 1111/1111/1111 1113/1113/1113 1107/1107/1107
f 1092/1092/1092 1114/1114/1114 1115/1115/1115
f 1092/1092/1092 1115/1115/1115 1093/1093/1093
f 1015/1015/1015 1037/1037/1037 1116/1116/1116
f 1015/1015/1015 1116/1116/1116 1016/1016/1016
f 1117/1117/1117 1059/1059/1059 1058/1058/1058
f 1117/1117/1117 1058/1058/1058 1096/1096/1096
f 1099/1099/1099 1118/1118/1118 1119/1119/1119
f 1099/1099/1099 1119/1119/1119 1094/1094/1094
f 1100/1100/1100 1120/1120/1120 1114/1114/1114
f 1100/1100/1100 1114/1114/1114 1092/1092/1092
f 1101/1101/1101 1121/1121/1121 1122/1122/1122
f 1101/1101/1101 1122/1122/1122 1102/1102/1102
f 1103/1103/1103 1123/1123/1123 1118/1118/1118
f 1103/1103/1103 1118/1118/1118 1099/1099/1099
f 1104/1104/1104 1124/1124/1124 1125/1125/1125
f 1104/1104/1104 1125/1125/1125 1105/1105/1105
f 1106/1106/1106 1126/1126/1126 1121/1121/1121
f 1106/1106/1106 1121/1121/1121 1101/1101/1101
f 1107/1107/1107 1113/1113/1113 1123/1123/1123
f 1107/1107/1107 1123/1123/1123 1103/1103/1103
f 1098/1098/1098 1127/1127/1127 1124/1124/1124
f 1098/1098/1098 1124/1124/1124 1104/1104/1104
f 1085/1085/1085 1095/1095/1095 1126/1126/1126
f 1085/1085/1085 1126/1126/1126 1106/1106/1106
f 1128/1128/1128 1095/1095/1095 1096/1096/1096
f 1128/1128/1128 1096/1096/1096 1058/1058/1058
f 1097/1097/1097 1129/1129/1129 1127/1127/1127
f 1097/1097/1097 1127/1127/1127 1098/1098/1098
f 1110/1110/1110 1130/1130/1130 1131/1131/1131
f 1110/1110/1110 1131/1131/1131 1109/1109/1109
f 1089/1089/1089 1109/1109/1109 1129/1129/1129
f 1089/1089/1089 1129/1129/1129 1097/1097/1097
f 1108/1108/1108 1117/1117/1117 1096/1096/1096
f 1108/1108/1108 1096/1096/1096 1084/1084/1084
f 1093/1093/1093 1115/1115/1115 1117/1117/1117
f 1093/1093/1093 1117/1117/1117 1108/1108/1108
f 1094/1094/1094 1119/1119/1119 1110/1110/1110
f 1094/1094/1094 1110/1110/1110 1088/1088/1088
f 1113/1113/1113 1132/1132/1132 1133/1133/1133
f 1113/1113/1113 1133/1133/1133 1123/1123/1123
f 1126/1126/1126 1134/1134/1134 1135/1135/1135
f 1126/1126/1126 1135/1135/1135 1121/1121/1121
f 1034/1034/1034 1131/1131/1131 1130/1130/1130
f 1034/1034/1034 1130/1130/1130 1035/1035/1035
f 1115/1115/1115 1136/1136/1136 1059/1059/1059
f 1115/1115/1115 1059/1059/1059 1117/1117/1117
f 1119/1119/1119 1137/1137/1137 1130/1130/1130
f 1119/1119/1119 1130/1130/1130 1110/1110/1110
f 1114/1114/1114 1138/1138/1138 1136/1136/1136
f 1114/1114/1114 1136/1136/1136 1115/1115/1115
f 1118/1118/1118 1139/1139/1139 1137/1137/1137
f 1118/1118/1118 1137/1137/1137 1119/1119/1119
f 1120/1120/1120 1140/1140/1140 1138/1138/1138
f 1120/1120/1120 1138/1138/1138 1114/1114/1114
f 1121/1121/1121 1135/1135/1135 1141/1141/1141
f 1121/1121/1121 1141/1141/1141 1122/1122/1122
f 1123/1123/1123 1133/1133/1133 1139/1139/1139
f 1123/1123/1123 1139/1139/1139 1118/1118/1118
f 1124/1124/1124 1142/1142/1142 1143/1143/1143
f 1124/1124/1124 1143/1143/1143 1125/1125/1125
f 1127/1127/1127 1144/1144/1144 1142/1142/1142
f 1127/1127/1127 1142/1142/1142 1124/1124/1124
f 1095/1095/1095 1128/1128/1128 1134/1134/1134
f 1095/1095/1095 1134/1134/1134 1126/1126/1126
f 1019/1019/1019 1032/1032/1032 1128/1128/1128
f 1019/1019/1019 1128/1128/1128 1058/1058/1058
f 1129/1129/1129 1145/1145/1145 1144/1144/1144
f 1129/1129/1129 1144/1144/1144 1127/1127/1127
f 1109/1109/1109 1131/1131/1131 1145/1145/1145
f 1109/1109/1109 1145/1145/1145 1129/1129/1129
f 1034/1034/1034 1057/1057/1057 1145/1145/1145
f 1034/1034/1034 1145/1145/1145 1131/1131/1131
f 953/953/953 981/981/981 982/982/982
f 953/953/953 982/982/982 954/954/954
f 1057/1057/1057 1052/1052/1052 1144/1144/1144
f 1057/1057/1057 1144/1144/1144 1145/1145/1145
f 1032/1032/1032 1039/1039/1039 1134/1134/1134
f 1032/1032/1032 1134/1134/1134 1128/1128/1128
f 1052/1052/1052 1051/1051/1051 1142/1142/1142
f 1052/1052/1052 1142/1142/1142 1144/1144/1144
f 1037/1037/1037 1036/1036/1036 1133/1133/1133
f 1037/1037/1037 1133/1133/1133 1132/1132/1132
f 1039/1039/1039 1038/1038/1038 1135/1135/1135
f 1039/1039/1039 1135/1135/1135 1134/1134/1134
f 1051/1051/1051 1050/1050/1050 1143/1143/1143
f 1051/1051/1051 1143/1143/1143 1142/1142/1142
f 1036/1036/1036 1047/1047/1047 1139/1139/1139
f 1036/1036/1036 1139/1139/1139 1133/1133/1133
f 1038/1038/1038 1049/1049/1049 1141/1141/1141
f 1038/1038/1038 1141/1141/1141 1135/1135/1135
f 1048/1048/1048 1046/1046/1046 1138/1138/1138
f 1048/1048/1048 1138/1138/1138 1140/1140/1140
f 1047/1047/1047 1045/1045/1045 1137/1137/1137
f 1047/1047/1047 1137/1137/1137 1139/1139/1139
f 1116/1116/1116 1037/1037/1037 1132/1132/1132
f 1116/1116/1116 1132/1132/1132 1146/1146/1146
f 1046/1046/1046 1044/1044/1044 1136/1136/1136
f 1046/1046/1046 1136/1136/1136 1138/1138/1138
f 1045/1045/1045 1035/1035/1035 1130/1130/1130
f 1045/1045/1045 1130/1130/1130 1137/1137/1137
f 1044/1044/1044 1020/1020/1020 1059/1059/1059
f 1044/1044/1044 1059/1059/1059 1136/1136/1136
f 1146/1146/1146 1132/1132/1132 1113/1113/1113
f 1146/1146/1146 1113/1113/1113 1112/1112/1112
f 986/986/986 1111/1111/1111 1107/1107/1107
f 986/986/986 1107/1107/1107 987/987/987
f 1147/1147/1147 1148/1148/1148 1149/1149/1149
f 1147/1147/1147 1149/1149/1149 1150/1150/1150
f 1151/1151/1151 1152/1152/1152 1153/1153/1153
f 1151/1151/1151 1153/1153/1153 1154/1154/1154
f 1155/1155/1155 1156/1156/1156 1157/1157/1157
f 1155/1155/1155 1157/1157/1157 1158/1158/1158
f 1159/1159/1159 1160/1160/1160 1161/1161/1161
f 1159/1159/1159 1161/1161/1161 1162/1162/1162
f 1163/1163/1163 1164/1164/1164 1165/1165/1165
f 1163/1163/1163 1165/1165/1165 1166/1166/1166
f 1167/1167/1167 1168/1168/1168 1169/1169/1169
f 1167/1167/1167 1169/1169/1169 1170/1170/1170
f 1171/1171/1171 1172/1172/1172 1173/1173/1173
f 1171/1171/1171 1173/1173/1173 1174/1174/1174
f 1175/1175/1175 1176/1176/1176 1177/1177/1177
f 1175/1175/1175 1177/1177/1177 1178/1178/1178
f 1179/1179/1179 1180/1180/1180 1181/1181/1181
f 1179/1179/1179 1181/1181/1181 1182/1182/1182
f 1183/1183/1183 1184/1184/1184 1185/1185/1185
f 1183/1183/1183 1185/1185/1185 1186/1186/1186
f 1187/1187/1187 1188/1188/1188 1189/1189/1189
f 1187/1187/1187 1189/1189/1189 1190/1190/1190
f 1191/1191/1191 1192/1192/1192 1193/1193/1193
f 1191/1191/1191 1193/1193/1193 1194/1194/1194
f 1195/1195/1195 1196/1196/1196 1197/1197/1197
f 1195/1195/1195 1197/1197/1197 1198/1198/1198
f 1199/1199/1199 1200/1200/1200 1201/1201/1201
f 1199/1199/1199 1201/1201/1201 1202/1202/1202
f 1203/1203/1203 1204/1204/1204 1205/1205/1205
f 1203/1203/1203 1205/1205/1205 1206/1206/1206
f 1207/1207/1207 1208/1208/1208 1209/1209/1209
f 1207/1207/1207 1209/1209/1209 1210/1210/1210
f 1211/1211/1211 1212/1212/1212 1213/1213/1213
f 1211/1211/1211 1213/1213/1213 1214/1214/1214
f 1215/1215/1215 1216/1216/1216 1217/1217/1217
f 1215/1215/1215 1217/1217/1217 1218/1218/1218
f 1219/1219/1219 1220/1220/1220 1221/1221/1221
f 1219/1219/1219 1221/1221/1221 1222/1222/1222
f 1223/1223/1223 1224/1224/1224 1225/1225/1225
f 1223/1223/1223 1225/1225/1225 1226/1226/1226
f 1227/1227/1227 1228/1228/1228 1229/1229/1229
f 1227/1227/1227 1229/1229/1229 1230/1230/1230
f 1231/1231/1231 1232/1232/1232 1233/1233/1233
f 1231/1231/1231 1233/1233/1233 1234/1234/1234
f 1235/1235/1235 1236/1236/1236 1237/1237/1237
f 1235/1235/1235 1237/1237/1237 1238/1238/1238
f 1239/1239/1239 1240/1240/1240 1241/1241/1241
f 1239/1239/1239 1241/1241/1241 1242/1242/1242
f 1243/1243/1243 1244/1244/1244 1245/1245/1245
f 1243/1243/1243 1245/1245/1245 1246/1246/1246
f 1247/1247/1247 1248/1248/1248 1249/1249/1249
f 1247/1247/1247 1249/1249/1249 1250/1250/1250
f 1251/1251/1251 1252/1252/1252 1253/1253/1253
f 1251/1251/1251 1253/1253/1253 1254/1254/1254
f 1255/1255/1255 1256/1256/1256 1257/1257/1257
f 1255/1255/1255 1257/1257/1257 1258/1258/1258
f 1259/1259/1259 1260/1260/1260 1261/1261/1261
f 1259/1259/1259 1261/1261/1261 1262/1262/1262
f 1177/1177/1177 1176/1176/1176 1179/1179/1179
f 1177/1177/1177 1179/1179/1179 1182/1182/1182
f 1181/1181/1181 1180/1180/1180 1183/1183/1183
f 1181/1181/1181 1183/1183/1183 1186/1186/1186
f 1185/1185/1185 1184/1184/1184 1187/1187/1187
f 1185/1185/1185 1187/1187/1187 1190/1190/1190
f 1189/1189/1189 1188/1188/1188 1191/1191/1191
f 1189/1189/1189 1191/1191/1191 1194/1194/1194
f 1193/1193/1193 1192/1192/1192 1167/1167/1167
f 1193/1193/1193 1167/1167/1167 1170/1170/1170
f 1169/1169/1169 1168/1168/1168 1163/1163/1163
f 1169/1169/1169 1163/1163/1163 1166/1166/1166
f 1263/1263/1263 1264/1264/1264 1147/1147/1147
f 1263/1263/1263 1147/1147/1147 1150/1150/1150
f 1149/1149/1149 1148/1148/1148 1255/1255/1255
f 1149/1149/1149 1255/1255/1255 1258/1258/1258
f 1257/1257/1257 1256/1256/1256 1251/1251/1251
f 1257/1257/1257 1251/1251/1251 1254/1254/1254
f 1253/1253/1253 1252/1252/1252 1247/1247/1247
f 1253/1253/1253 1247/1247/1247 1250/1250/1250
f 1249/1249/1249 1248/1248/1248 1243/1243/1243
f 1249/1249/1249 1243/1243/1243 1246/1246/1246
f 1245/1245/1245 1244/1244/1244 1239/1239/1239
f 1245/1245/1245 1239/1239/1239 1242/1242/1242
f 1221/1221/1221 1220/1220/1220 1223/1223/1223
f 1221/1221/1221 1223/1223/1223 1226/1226/1226
f 1225/1225/1225 1224/1224/1224 1227/1227/1227
f 1225/1225/1225 1227/1227/1227 1230/1230/1230
f 1229/1229/1229 1228/1228/1228 1231/1231/1231
f 1229/1229/1229 1231/1231/1231 1234/1234/1234
f 1233/1233/1233 1232/1232/1232 1235/1235/1235
f 1233/1233/1233 1235/1235/1235 1238/1238/1238
f 1237/1237/1237 1236/1236/1236 1155/1155/1155
f 1237/1237/1237 1155/1155/1155 1158/1158/1158
f 1157/1157/1157 1156/1156/1156 1171/1171/1171
f 1157/1157/1157 1171/1171/1171 1174/1174/1174
f 1217/1217/1217 1216/1216/1216 1211/1211/1211
f 1217/1217/1217 1211/1211/1211 1214/1214/1214
f 1213/1213/1213 1212/1212/1212 1207/1207/1207
f 1213/1213/1213 1207/1207/1207 1210/1210/1210
f 1209/1209/1209 1208/1208/1208 1203/1203/1203
f 1209/1209/1209 1203/1203/1203 1206/1206/1206
f 1205/1205/1205 1204/1204/1204 1199/1199/1199
f 1205/1205/1205 1199/1199/1199 1202/1202/1202
f 1201/1201/1201 1200/1200/1200 1195/1195/1195
f 1201/1201/1201 1195/1195/1195 1198/1198/1198
f 1197/1197/1197 1196/1196/1196 1259/1259/1259
f 1197/1197/1197 1259/1259/1259 1262/1262/1262
f 1265/1265/1265 1264/1264/1264 1263/1263/1263
f 1265/1265/1265 1263/1263/1263 1266/1266/1266
f 1267/1267/1267 1268/1268/1268 1269/1269/1269
f 1267/1267/1267 1269/1269/1269 1270/1270/1270
f 1271/1271/1271 1272/1272/1272 1273/1273/1273
f 1271/1271/1271 1273/1273/1273 1274/1274/1274
f 1275/1275/1275 1276/1276/1276 1277/1277/1277
f 1275/1275/1275 1277/1277/1277 1278/1278/1278
f 1279/1279/1279 1280/1280/1280 1281/1281/1281
f 1279/1279/1279 1281/1281/1281 1282/1282/1282
f 1283/1283/1283 58/58/58 57/57/57
f 1283/1283/1283 57/57/57 1284/1284/1284
f 1285/1285/1285 1286/1286/1286 1287/1287/1287
f 1285/1285/1285 1287/1287/1287 1288/1288/1288
f 1289/1289/1289 1290/1290/1290 1291/1291/1291
f 1289/1289/1289 1291/1291/1291 1292/1292/1292
f 1293/1293/1293 1294/1294/1294 1295/1295/1295
f 1293/1293/1293 1295/1295/1295 1296/1296/1296
f 1283/1283/1283 1284/1284/1284 1297/1297/1297
f 1283/1283/1283 1297/1297/1297 1298/1298/1298
f 1299/1299/1299 1300/1300/1300 1301/1301/1301
f 1299/1299/1299 1301/1301/1301 1302/1302/1302
f 1303/1303/1303 1304/1304/1304 1305/1305/1305
f 1303/1303/1303 1305/1305/1305 1306/1306/1306
f 1307/1307/1307 8/8/8 7/7/7
f 1307/1307/1307 7/7/7 1308/1308/1308
f 1309/1309/1309 1310/1310/1310 1311/1311/1311
f 1309/1309/1309 1311/1311/1311 124/124/124
f 1312/1312/1312 1313/1313/1313 1314/1314/1314
f 1312/1312/1312 1314/1314/1314 1315/1315/1315
f 1316/1316/1316 1317/1317/1317 1318/1318/1318
f 1316/1316/1316 1318/1318/1318 1319/1319/1319
f 69/69/69 1320/1320/1320 1321/1321/1321
f 69/69/69 1321/1321/1321 70/70/70
f 1322/1322/1322 1323/1323/1323 1324/1324/1324
f 1322/1322/1322 1324/1324/1324 1325/1325/1325
f 1326/1326/1326 1327/1327/1327 1328/1328/1328
f 1326/1326/1326 1328/1328/1328 1329/1329/1329
f 1330/1330/1330 1331/1331/1331 1332/1332/1332
f 1330/1330/1330 1332/1332/1332 1333/1333/1333
f 1334/1334/1334 1335/1335/1335 1336/1336/1336
f 1334/1334/1334 1336/1336/1336 1337/1337/1337
f 1338/1338/1338 1339/1339/1339 1340/1340/1340
f 1338/1338/1338 1340/1340/1340 1341/1341/1341
f 1271/1271/1271 1342/1342/1342 1343/1343/1343
f 1271/1271/1271 1343/1343/1343 1272/1272/1272
f 36/36/36 35/35/35 1344/1344/1344
f 36/36/36 1344/1344/1344 1345/1345/1345
f 150/150/150 147/147/147 149/149/149
f 150/150/150 149/149/149 151/151/151
f 1346/1346/1346 1347/1347/1347 1348/1348/1348
f 1346/1346/1346 1348/1348/1348 1349/1349/1349
f 1350/1350/1350 1351/1351/1351 47/47/47
f 1350/1350/1350 47/47/47 1352/1352/1352
f 1353/1353/1353 1354/1354/1354 1355/1355/1355
f 1353/1353/1353 1355/1355/1355 1356/1356/1356
f 1357/1357/1357 1358/1358/1358 1359/1359/1359
f 1357/1357/1357 1359/1359/1359 1360/1360/1360
f 1331/1331/1331 1330/1330/1330 1361/1361/1361
f 1331/1331/1331 1361/1361/1361 1362/1362/1362
f 1363/1363/1363 1364/1364/1364 1365/1365/1365
f 1363/1363/1363 1365/1365/1365 1366/1366/1366
f 1367/1367/1367 1368/1368/1368 1369/1369/1369
f 1367/1367/1367 1369/1369/1369 1370/1370/1370
f 1371/1371/1371 1372/1372/1372 165/165/165
f 1371/1371/1371 165/165/165 1373/1373/1373
f 1374/1374/1374 1375/1375/1375 1376/1376/1376
f 1374/1374/1374 1376/1376/1376 1377/1377/1377
f 1378/1378/1378 1379/1379/1379 1380/1380/1380
f 1378/1378/1378 1380/1380/1380 1381/1381/1381
f 1382/1382/1382 1383/1383/1383 1384/1384/1384
f 1382/1382/1382 1384/1384/1384 1385/1385/1385
f 1386/1386/1386 1387/1387/1387 1388/1388/1388
f 1386/1386/1386 1388/1388/1388 1389/1389/1389
f 1274/1274/1274 1390/1390/1390 1391/1391/1391
f 1274/1274/1274 1391/1391/1391 1392/1392/1392
f 1393/1393/1393 1394/1394/1394 1395/1395/1395
f 1393/1393/1393 1395/1395/1395 1396/1396/1396
f 1397/1397/1397 1398/1398/1398 1399/1399/1399
f 1397/1397/1397 1399/1399/1399 1400/1400/1400
f 1401/1401/1401 1402/1402/1402 1403/1403/1403
f 1401/1401/1401 1403/1403/1403 1404/1404/1404
f 1405/1405/1405 1406/1406/1406 1407/1407/1407
f 1405/1405/1405 1407/1407/1407 1408/1408/1408
f 1409/1409/1409 1410/1410/1410 1411/1411/1411
f 1409/1409/1409 1411/1411/1411 1412/1412/1412
f 61/61/61 1413/1413/1413 1414/1414/1414
f 61/61/61 1414/1414/1414 59/59/59
f 1415/1415/1415 1416/1416/1416 1417/1417/1417
f 1415/1415/1415 1417/1417/1417 1418/1418/1418
f 1419/1419/1419 1420/1420/1420 1421/1421/1421
f 1419/1419/1419 1421/1421/1421 1422/1422/1422
f 1423/1423/1423 1424/1424/1424 1425/1425/1425
f 1423/1423/1423 1425/1425/1425 1426/1426/1426
f 1287/1287/1287 1286/1286/1286 1427/1427/1427
f 1287/1287/1287 1427/1427/1427 1428/1428/1428
f 1429/1429/1429 1430/1430/1430 1431/1431/1431
f 1429/1429/1429 1431/1431/1431 1432/1432/1432
f 1433/1433/1433 1434/1434/1434 1435/1435/1435
f 1433/1433/1433 1435/1435/1435 1436/1436/1436
f 1437/1437/1437 1438/1438/1438 1439/1439/1439
f 1437/1437/1437 1439/1439/1439 1440/1440/1440
f 1441/1441/1441 1442/1442/1442 1443/1443/1443
f 1441/1441/1441 1443/1443/1443 1444/1444/1444
f 1445/1445/1445 1446/1446/1446 1447/1447/1447
f 1445/1445/1445 1447/1447/1447 1448/1448/1448
f 1449/1449/1449 1450/1450/1450 1289/1289/1289
f 1449/1449/1449 1289/1289/1289 1292/1292/1292
f 1451/1451/1451 1452/1452/1452 1453/1453/1453
f 1451/1451/1451 1453/1453/1453 1454/1454/1454
f 1455/1455/1455 1456/1456/1456 1457/1457/1457
f 1455/1455/1455 1457/1457/1457 1458/1458/1458
f 1459/1459/1459 16/16/16 18/18/18
f 1459/1459/1459 18/18/18 1460/1460/1460
f 1461/1461/1461 1462/1462/1462 1463/1463/1463
f 1461/1461/1461 1463/1463/1463 1464/1464/1464
f 1465/1465/1465 1466/1466/1466 1467/1467/1467
f 1465/1465/1465 1467/1467/1467 1468/1468/1468
f 1469/1469/1469 167/167/167 169/169/169
f 1469/1469/1469 169/169/169 1470/1470/1470
f 1471/1471/1471 1472/1472/1472 1473/1473/1473
f 1471/1471/1471 1473/1473/1473 1474/1474/1474
f 1446/1446/1446 1475/1475/1475 1476/1476/1476
f 1446/1446/1446 1476/1476/1476 1477/1477/1477
f 1477/1477/1477 1476/1476/1476 1304/1304/1304
f 1477/1477/1477 1304/1304/1304 1303/1303/1303
f 1478/1478/1478 1479/1479/1479 1480/1480/1480
f 1478/1478/1478 1480/1480/1480 1481/1481/1481
f 1482/1482/1482 1483/1483/1483 1484/1484/1484
f 1482/1482/1482 1484/1484/1484 1485/1485/1485
f 10/10/10 12/12/12 1486/1486/1486
f 10/10/10 1486/1486/1486 1487/1487/1487
f 1487/1487/1487 1486/1486/1486 1488/1488/1488
f 1487/1487/1487 1488/1488/1488 1489/1489/1489
f 1490/1490/1490 1491/1491/1491 1492/1492/1492
f 1490/1490/1490 1492/1492/1492 1493/1493/1493
f 1448/1448/1448 1447/1447/1447 1494/1494/1494
f 1448/1448/1448 1494/1494/1494 1495/1495/1495
f 1496/1496/1496 1497/1497/1497 1465/1465/1465
f 1496/1496/1496 1465/1465/1465 1498/1498/1498
f 1498/1498/1498 1465/1465/1465 1468/1468/1468
f 1498/1498/1498 1468/1468/1468 1499/1499/1499
f 1500/1500/1500 1501/1501/1501 1502/1502/1502
f 1500/1500/1500 1502/1502/1502 1503/1503/1503
f 1504/1504/1504 1505/1505/1505 1479/1479/1479
f 1504/1504/1504 1479/1479/1479 1478/1478/1478
f 1321/1321/1321 1320/1320/1320 1506/1506/1506
f 1321/1321/1321 1506/1506/1506 1507/1507/1507
f 1508/1508/1508 1509/1509/1509 1510/1510/1510
f 1508/1508/1508 1510/1510/1510 1511/1511/1511
f 1512/1512/1512 1513/1513/1513 1310/1310/1310
f 1512/1512/1512 1310/1310/1310 1309/1309/1309
f 9/9/9 13/13/13 15/15/15
f 9/9/9 15/15/15 1514/1514/1514
f 1514/1514/1514 15/15/15 1515/1515/1515
f 1514/1514/1514 1515/1515/1515 1516/1516/1516
f 7/7/7 9/9/9 1514/1514/1514
f 7/7/7 1514/1514/1514 1517/1517/1517
f 1517/1517/1517 1514/1514/1514 1516/1516/1516
f 1517/1517/1517 1516/1516/1516 1518/1518/1518
f 1308/1308/1308 7/7/7 1517/1517/1517
f 1308/1308/1308 1517/1517/1517 1519/1519/1519
f 1519/1519/1519 1517/1517/1517 1518/1518/1518
f 1519/1519/1519 1518/1518/1518 1520/1520/1520
f 1521/1521/1521 1522/1522/1522 1523/1523/1523
f 1521/1521/1521 1523/1523/1523 1524/1524/1524
f 17/17/17 16/16/16 1525/1525/1525
f 17/17/17 1525/1525/1525 1526/1526/1526
f 1526/1526/1526 1525/1525/1525 1527/1527/1527
f 1526/1526/1526 1527/1527/1527 1528/1528/1528
f 16/16/16 1459/1459/1459 1529/1529/1529
f 16/16/16 1529/1529/1529 1525/1525/1525
f 1525/1525/1525 1529/1529/1529 1530/1530/1530
f 1525/1525/1525 1530/1530/1530 1527/1527/1527
f 15/15/15 14/14/14 108/108/108
f 15/15/15 108/108/108 1515/1515/1515
f 1531/1531/1531 1532/1532/1532 1533/1533/1533
f 1531/1531/1531 1533/1533/1533 1534/1534/1534
f 1535/1535/1535 1536/1536/1536 1537/1537/1537
f 1535/1535/1535 1537/1537/1537 1538/1538/1538
f 1539/1539/1539 1540/1540/1540 1541/1541/1541
f 1539/1539/1539 1541/1541/1541 1542/1542/1542
f 1543/1543/1543 1544/1544/1544 71/71/71
f 1543/1543/1543 71/71/71 73/73/73
f 1545/1545/1545 1546/1546/1546 1547/1547/1547
f 1545/1545/1545 1547/1547/1547 1548/1548/1548
f 1543/1543/1543 1549/1549/1549 1550/1550/1550
f 1543/1543/1543 1550/1550/1550 1544/1544/1544
f 1551/1551/1551 1552/1552/1552 1553/1553/1553
f 1551/1551/1551 1553/1553/1553 1554/1554/1554
f 1555/1555/1555 1556/1556/1556 1501/1501/1501
f 1555/1555/1555 1501/1501/1501 1500/1500/1500
f 1557/1557/1557 1558/1558/1558 1559/1559/1559
f 1557/1557/1557 1559/1559/1559 1560/1560/1560
f 1561/1561/1561 1562/1562/1562 1563/1563/1563
f 1561/1561/1561 1563/1563/1563 25/25/25
f 1564/1564/1564 1565/1565/1565 1566/1566/1566
f 1564/1564/1564 1566/1566/1566 1567/1567/1567
f 1568/1568/1568 1569/1569/1569 1570/1570/1570
f 1568/1568/1568 1570/1570/1570 1571/1571/1571
f 54/54/54 1572/1572/1572 1573/1573/1573
f 54/54/54 1573/1573/1573 55/55/55
f 75/75/75 74/74/74 1574/1574/1574
f 75/75/75 1574/1574/1574 1575/1575/1575
f 1576/1576/1576 1577/1577/1577 1578/1578/1578
f 1576/1576/1576 1578/1578/1578 1579/1579/1579
f 1580/1580/1580 1581/1581/1581 1582/1582/1582
f 1580/1580/1580 1582/1582/1582 1583/1583/1583
f 1584/1584/1584 1585/1585/1585 1586/1586/1586
f 1584/1584/1584 1586/1586/1586 1587/1587/1587
f 1588/1588/1588 1589/1589/1589 1590/1590/1590
f 1588/1588/1588 1590/1590/1590 1591/1591/1591
f 1574/1574/1574 1592/1592/1592 1593/1593/1593
f 1574/1574/1574 1593/1593/1593 1575/1575/1575
f 1594/1594/1594 1595/1595/1595 1596/1596/1596
f 1594/1594/1594 1596/1596/1596 1597/1597/1597
f 1598/1598/1598 1599/1599/1599 1600/1600/1600
f 1598/1598/1598 1600/1600/1600 1601/1601/1601
f 1602/1602/1602 1603/1603/1603 1604/1604/1604
f 1602/1602/1602 1604/1604/1604 1605/1605/1605
f 1606/1606/1606 1607/1607/1607 1608/1608/1608
f 1606/1606/1606 1608/1608/1608 1609/1609/1609
f 1610/1610/1610 1611/1611/1611 62/62/62
f 1610/1610/1610 62/62/62 1612/1612/1612
f 1583/1583/1583 1613/1613/1613 1614/1614/1614
f 1583/1583/1583 1614/1614/1614 1580/1580/1580
f 1615/1615/1615 1616/1616/1616 1617/1617/1617
f 1615/1615/1615 1617/1617/1617 1618/1618/1618
f 1619/1619/1619 1620/1620/1620 1621/1621/1621
f 1619/1619/1619 1621/1621/1621 1622/1622/1622
f 1623/1623/1623 1624/1624/1624 1625/1625/1625
f 1623/1623/1623 1625/1625/1625 1626/1626/1626
f 1627/1627/1627 1628/1628/1628 1629/1629/1629
f 1627/1627/1627 1629/1629/1629 1630/1630/1630
f 1631/1631/1631 1632/1632/1632 1633/1633/1633
f 1631/1631/1631 1633/1633/1633 1634/1634/1634
f 1635/1635/1635 1636/1636/1636 1637/1637/1637
f 1635/1635/1635 1637/1637/1637 1638/1638/1638
f 1639/1639/1639 1640/1640/1640 1641/1641/1641
f 1639/1639/1639 1641/1641/1641 1642/1642/1642
f 1643/1643/1643 1644/1644/1644 1645/1645/1645
f 1643/1643/1643 1645/1645/1645 1646/1646/1646
f 1647/1647/1647 1648/1648/1648 1649/1649/1649
f 1647/1647/1647 1649/1649/1649 1650/1650/1650
f 21/21/21 20/20/20 1651/1651/1651
f 21/21/21 1651/1651/1651 1652/1652/1652
f 1653/1653/1653 1654/1654/1654 1655/1655/1655
f 1653/1653/1653 1655/1655/1655 1656/1656/1656
f 1657/1657/1657 1658/1658/1658 1659/1659/1659
f 1657/1657/1657 1659/1659/1659 1660/1660/1660
f 1547/1547/1547 1661/1661/1661 1662/1662/1662
f 1547/1547/1547 1662/1662/1662 1548/1548/1548
f 1663/1663/1663 1664/1664/1664 1665/1665/1665
f 1663/1663/1663 1665/1665/1665 1666/1666/1666
f 1667/1667/1667 1668/1668/1668 1669/1669/1669
f 1667/1667/1667 1669/1669/1669 1670/1670/1670
f 1671/1671/1671 1672/1672/1672 1673/1673/1673
f 1671/1671/1671 1673/1673/1673 1674/1674/1674
f 1675/1675/1675 1676/1676/1676 1677/1677/1677
f 1675/1675/1675 1677/1677/1677 1678/1678/1678
f 1679/1679/1679 1680/1680/1680 1681/1681/1681
f 1679/1679/1679 1681/1681/1681 1682/1682/1682
f 24/24/24 1683/1683/1683 1684/1684/1684
f 24/24/24 1684/1684/1684 1685/1685/1685
f 1686/1686/1686 1687/1687/1687 1688/1688/1688
f 1686/1686/1686 1688/1688/1688 1689/1689/1689
f 1690/1690/1690 1691/1691/1691 1692/1692/1692
f 1690/1690/1690 1692/1692/1692 1693/1693/1693
f 1694/1694/1694 1557/1557/1557 1560/1560/1560
f 1694/1694/1694 1560/1560/1560 1695/1695/1695
f 1696/1696/1696 1697/1697/1697 1698/1698/1698
f 1696/1696/1696 1698/1698/1698 1699/1699/1699
f 1700/1700/1700 1701/1701/1701 1702/1702/1702
f 1700/1700/1700 1702/1702/1702 1683/1683/1683
f 1703/1703/1703 1704/1704/1704 23/23/23
f 1703/1703/1703 23/23/23 22/22/22
f 1705/1705/1705 1706/1706/1706 1707/1707/1707
f 1705/1705/1705 1707/1707/1707 1708/1708/1708
f 1691/1691/1691 1709/1709/1709 1710/1710/1710
f 1691/1691/1691 1710/1710/1710 1692/1692/1692
f 1711/1711/1711 1712/1712/1712 1713/1713/1713
f 1711/1711/1711 1713/1713/1713 1714/1714/1714
f 174/174/174 1715/1715/1715 1679/1679/1679
f 174/174/174 1679/1679/1679 175/175/175
f 1715/1715/1715 1716/1716/1716 1680/1680/1680
f 1715/1715/1715 1680/1680/1680 1679/1679/1679
f 1717/1717/1717 1718/1718/1718 1719/1719/1719
f 1717/1717/1717 1719/1719/1719 1720/1720/1720
f 1721/1721/1721 1696/1696/1696 1699/1699/1699
f 1721/1721/1721 1699/1699/1699 1722/1722/1722
f 1723/1723/1723 1724/1724/1724 29/29/29
f 1723/1723/1723 29/29/29 28/28/28
f 1724/1724/1724 1725/1725/1725 1726/1726/1726
f 1724/1724/1724 1726/1726/1726 29/29/29
f 94/94/94 144/144/144 1727/1727/1727
f 94/94/94 1727/1727/1727 1728/1728/1728
f 1588/1588/1588 1729/1729/1729 1730/1730/1730
f 1588/1588/1588 1730/1730/1730 1589/1589/1589
f 1729/1729/1729 1731/1731/1731 1732/1732/1732
f 1729/1729/1729 1732/1732/1732 1733/1733/1733
f 1563/1563/1563 1734/1734/1734 26/26/26
f 1563/1563/1563 26/26/26 25/25/25
f 1734/1734/1734 1735/1735/1735 1736/1736/1736
f 1734/1734/1734 1736/1736/1736 26/26/26
f 1562/1562/1562 1737/1737/1737 1734/1734/1734
f 1562/1562/1562 1734/1734/1734 1563/1563/1563
f 1737/1737/1737 1738/1738/1738 1735/1735/1735
f 1737/1737/1737 1735/1735/1735 1734/1734/1734
f 1561/1561/1561 1739/1739/1739 1737/1737/1737
f 1561/1561/1561 1737/1737/1737 1562/1562/1562
f 1739/1739/1739 1740/1740/1740 1738/1738/1738
f 1739/1739/1739 1738/1738/1738 1737/1737/1737
f 1741/1741/1741 31/31/31 1742/1742/1742
f 1741/1741/1741 1742/1742/1742 1727/1727/1727
f 31/31/31 1741/1741/1741 1743/1743/1743
f 31/31/31 1743/1743/1743 32/32/32
f 1741/1741/1741 146/146/146 1744/1744/1744
f 1741/1741/1741 1744/1744/1744 1743/1743/1743
f 32/32/32 1743/1743/1743 1745/1745/1745
f 32/32/32 1745/1745/1745 1746/1746/1746
f 1743/1743/1743 1744/1744/1744 1747/1747/1747
f 1743/1743/1743 1747/1747/1747 1745/1745/1745
f 26/26/26 1736/1736/1736 92/92/92
f 26/26/26 92/92/92 27/27/27
f 29/29/29 1726/1726/1726 1748/1748/1748
f 29/29/29 1748/1748/1748 30/30/30
f 32/32/32 1746/1746/1746 1749/1749/1749
f 32/32/32 1749/1749/1749 33/33/33
f 1750/1750/1750 1723/1723/1723 28/28/28
f 1750/1750/1750 28/28/28 1751/1751/1751
f 1752/1752/1752 1753/1753/1753 1754/1754/1754
f 1752/1752/1752 1754/1754/1754 1755/1755/1755
f 1756/1756/1756 1757/1757/1757 1758/1758/1758
f 1756/1756/1756 1758/1758/1758 1759/1759/1759
f 1760/1760/1760 1761/1761/1761 1762/1762/1762
f 1760/1760/1760 1762/1762/1762 1763/1763/1763
f 1764/1764/1764 1765/1765/1765 80/80/80
f 1764/1764/1764 80/80/80 82/82/82
f 1766/1766/1766 1767/1767/1767 1768/1768/1768
f 1766/1766/1766 1768/1768/1768 1769/1769/1769
f 1770/1770/1770 1771/1771/1771 1772/1772/1772
f 1770/1770/1770 1772/1772/1772 1773/1773/1773
f 1774/1774/1774 1775/1775/1775 1776/1776/1776
f 1774/1774/1774 1776/1776/1776 1777/1777/1777
f 1764/1764/1764 1778/1778/1778 1779/1779/1779
f 1764/1764/1764 1779/1779/1779 1765/1765/1765
f 1780/1780/1780 1781/1781/1781 1782/1782/1782
f 1780/1780/1780 1782/1782/1782 1783/1783/1783
f 1784/1784/1784 1785/1785/1785 1786/1786/1786
f 1784/1784/1784 1786/1786/1786 1787/1787/1787
f 1518/1518/1518 1788/1788/1788 1789/1789/1789
f 1518/1518/1518 1789/1789/1789 1520/1520/1520
f 92/92/92 94/94/94 1728/1728/1728
f 92/92/92 1728/1728/1728 27/27/27
f 1790/1790/1790 1791/1791/1791 1513/1513/1513
f 1790/1790/1790 1513/1513/1513 1512/1512/1512
f 1792/1792/1792 1793/1793/1793 1794/1794/1794
f 1792/1792/1792 1794/1794/1794 1795/1795/1795
f 1796/1796/1796 1797/1797/1797 1798/1798/1798
f 1796/1796/1796 1798/1798/1798 1799/1799/1799
f 66/66/66 65/65/65 1800/1800/1800
f 66/66/66 1800/1800/1800 1801/1801/1801
f 1802/1802/1802 1803/1803/1803 1804/1804/1804
f 1802/1802/1802 1804/1804/1804 1805/1805/1805
f 1806/1806/1806 1807/1807/1807 1808/1808/1808
f 1806/1806/1806 1808/1808/1808 1809/1809/1809
f 1684/1684/1684 1717/1717/1717 1720/1720/1720
f 1684/1684/1684 1720/1720/1720 1685/1685/1685
f 1810/1810/1810 1811/1811/1811 1812/1812/1812
f 1810/1810/1810 1812/1812/1812 1813/1813/1813
f 1814/1814/1814 1815/1815/1815 1816/1816/1816
f 1814/1814/1814 1816/1816/1816 1817/1817/1817
f 1818/1818/1818 1819/1819/1819 1820/1820/1820
f 1818/1818/1818 1820/1820/1820 1821/1821/1821
f 1822/1822/1822 1823/1823/1823 1824/1824/1824
f 1822/1822/1822 1824/1824/1824 1825/1825/1825
f 1826/1826/1826 1827/1827/1827 160/160/160
f 1826/1826/1826 160/160/160 1828/1828/1828
f 1829/1829/1829 1830/1830/1830 1831/1831/1831
f 1829/1829/1829 1831/1831/1831 1832/1832/1832
f 1360/1360/1360 1833/1833/1833 1834/1834/1834
f 1360/1360/1360 1834/1834/1834 1357/1357/1357
f 1835/1835/1835 1836/1836/1836 1837/1837/1837
f 1835/1835/1835 1837/1837/1837 1838/1838/1838
f 1814/1814/1814 1839/1839/1839 1840/1840/1840
f 1814/1814/1814 1840/1840/1840 1815/1815/1815
f 1841/1841/1841 1842/1842/1842 1843/1843/1843
f 1841/1841/1841 1843/1843/1843 1844/1844/1844
f 1845/1845/1845 1846/1846/1846 1847/1847/1847
f 1845/1845/1845 1847/1847/1847 1848/1848/1848
f 1849/1849/1849 1850/1850/1850 1851/1851/1851
f 1849/1849/1849 1851/1851/1851 1852/1852/1852
f 1853/1853/1853 1854/1854/1854 1855/1855/1855
f 1853/1853/1853 1855/1855/1855 1856/1856/1856
f 1857/1857/1857 1858/1858/1858 1859/1859/1859
f 1857/1857/1857 1859/1859/1859 1860/1860/1860
f 1861/1861/1861 1862/1862/1862 1863/1863/1863
f 1861/1861/1861 1863/1863/1863 1864/1864/1864
f 89/89/89 91/91/91 1865/1865/1865
f 89/89/89 1865/1865/1865 1866/1866/1866
f 1867/1867/1867 1868/1868/1868 1869/1869/1869
f 1867/1867/1867 1869/1869/1869 1870/1870/1870
f 1871/1871/1871 1872/1872/1872 1873/1873/1873
f 1871/1871/1871 1873/1873/1873 1874/1874/1874
f 1768/1768/1768 1875/1875/1875 1876/1876/1876
f 1768/1768/1768 1876/1876/1876 1769/1769/1769
f 1877/1877/1877 1878/1878/1878 1879/1879/1879
f 1877/1877/1877 1879/1879/1879 1880/1880/1880
f 1881/1881/1881 1882/1882/1882 1883/1883/1883
f 1881/1881/1881 1883/1883/1883 1884/1884/1884
f 1885/1885/1885 1886/1886/1886 1887/1887/1887
f 1885/1885/1885 1887/1887/1887 1888/1888/1888
f 1889/1889/1889 1890/1890/1890 1891/1891/1891
f 1889/1889/1889 1891/1891/1891 1892/1892/1892
f 1893/1893/1893 1894/1894/1894 1895/1895/1895
f 1893/1893/1893 1895/1895/1895 1896/1896/1896
f 1771/1771/1771 1770/1770/1770 1897/1897/1897
f 1771/1771/1771 1897/1897/1897 1898/1898/1898
f 1899/1899/1899 1900/1900/1900 1901/1901/1901
f 1899/1899/1899 1901/1901/1901 1902/1902/1902
f 1903/1903/1903 1904/1904/1904 1905/1905/1905
f 1903/1903/1903 1905/1905/1905 1906/1906/1906
f 1800/1800/1800 1907/1907/1907 1908/1908/1908
f 1800/1800/1800 1908/1908/1908 1801/1801/1801
f 61/61/61 60/60/60 90/90/90
f 61/61/61 90/90/90 89/89/89
f 1545/1545/1545 1909/1909/1909 1910/1910/1910
f 1545/1545/1545 1910/1910/1910 1546/1546/1546
f 1516/1516/1516 1911/1911/1911 1788/1788/1788
f 1516/1516/1516 1788/1788/1788 1518/1518/1518
f 34/34/34 44/44/44 46/46/46
f 34/34/34 46/46/46 37/37/37
f 1524/1524/1524 1523/1523/1523 1912/1912/1912
f 1524/1524/1524 1912/1912/1912 1913/1913/1913
f 1914/1914/1914 1915/1915/1915 1916/1916/1916
f 1914/1914/1914 1916/1916/1916 1917/1917/1917
f 11/11/11 1556/1556/1556 1555/1555/1555
f 11/11/11 1555/1555/1555 1483/1483/1483
f 1918/1918/1918 1919/1919/1919 1920/1920/1920
f 1918/1918/1918 1920/1920/1920 1921/1921/1921
f 1922/1922/1922 1784/1784/1784 1787/1787/1787
f 1922/1922/1922 1787/1787/1787 1923/1923/1923
f 1924/1924/1924 1925/1925/1925 1926/1926/1926
f 1924/1924/1924 1926/1926/1926 1927/1927/1927
f 1470/1470/1470 1928/1928/1928 1929/1929/1929
f 1470/1470/1470 1929/1929/1929 1469/1469/1469
f 1925/1925/1925 167/167/167 1930/1930/1930
f 1925/1925/1925 1930/1930/1930 1926/1926/1926
f 168/168/168 1931/1931/1931 1932/1932/1932
f 168/168/168 1932/1932/1932 169/169/169
f 1931/1931/1931 1933/1933/1933 1934/1934/1934
f 1931/1931/1931 1934/1934/1934 1932/1932/1932
f 1935/1935/1935 1936/1936/1936 1937/1937/1937
f 1935/1935/1935 1937/1937/1937 1938/1938/1938
f 1894/1894/1894 1939/1939/1939 1940/1940/1940
f 1894/1894/1894 1940/1940/1940 1895/1895/1895
f 1941/1941/1941 1942/1942/1942 1914/1914/1914
f 1941/1941/1941 1914/1914/1914 1943/1943/1943
f 1942/1942/1942 1944/1944/1944 1915/1915/1915
f 1942/1942/1942 1915/1915/1915 1914/1914/1914
f 1945/1945/1945 1946/1946/1946 1947/1947/1947
f 1945/1945/1945 1947/1947/1947 1948/1948/1948
f 1949/1949/1949 1924/1924/1924 1927/1927/1927
f 1949/1949/1949 1927/1927/1927 1950/1950/1950
f 1951/1951/1951 1952/1952/1952 1953/1953/1953
f 1951/1951/1951 1953/1953/1953 1954/1954/1954
f 1955/1955/1955 1956/1956/1956 1957/1957/1957
f 1955/1955/1955 1957/1957/1957 1958/1958/1958
f 1959/1959/1959 1951/1951/1951 1954/1954/1954
f 1959/1959/1959 1954/1954/1954 1960/1960/1960
f 45/45/45 1961/1961/1961 1962/1962/1962
f 45/45/45 1962/1962/1962 46/46/46
f 1963/1963/1963 1964/1964/1964 1965/1965/1965
f 1963/1963/1963 1965/1965/1965 1966/1966/1966
f 1967/1967/1967 1968/1968/1968 1969/1969/1969
f 1967/1967/1967 1969/1969/1969 1970/1970/1970
f 1971/1971/1971 1972/1972/1972 1973/1973/1973
f 1971/1971/1971 1973/1973/1973 1974/1974/1974
f 40/40/40 1975/1975/1975 42/42/42
f 40/40/40 42/42/42 41/41/41
f 1975/1975/1975 1976/1976/1976 1977/1977/1977
f 1975/1975/1975 1977/1977/1977 42/42/42
f 39/39/39 1978/1978/1978 1975/1975/1975
f 39/39/39 1975/1975/1975 40/40/40
f 1978/1978/1978 1979/1979/1979 1976/1976/1976
f 1978/1978/1978 1976/1976/1976 1975/1975/1975
f 1980/1980/1980 1981/1981/1981 1978/1978/1978
f 1980/1980/1980 1978/1978/1978 39/39/39
f 1981/1981/1981 1982/1982/1982 1979/1979/1979
f 1981/1981/1981 1979/1979/1979 1978/1978/1978
f 1726/1726/1726 1983/1983/1983 1984/1984/1984
f 1726/1726/1726 1984/1984/1984 1748/1748/1748
f 44/44/44 1522/1522/1522 1985/1985/1985
f 44/44/44 1985/1985/1985 45/45/45
f 1522/1522/1522 1521/1521/1521 1986/1986/1986
f 1522/1522/1522 1986/1986/1986 1985/1985/1985
f 45/45/45 1985/1985/1985 1987/1987/1987
f 45/45/45 1987/1987/1987 1961/1961/1961
f 1985/1985/1985 1986/1986/1986 1988/1988/1988
f 1985/1985/1985 1988/1988/1988 1987/1987/1987
f 42/42/42 1977/1977/1977 101/101/101
f 42/42/42 101/101/101 43/43/43
f 1989/1989/1989 38/38/38 40/40/40
f 1989/1989/1989 40/40/40 41/41/41
f 1990/1990/1990 1980/1980/1980 39/39/39
f 1990/1990/1990 39/39/39 38/38/38
f 1991/1991/1991 1992/1992/1992 1993/1993/1993
f 1991/1991/1991 1993/1993/1993 1994/1994/1994
f 1995/1995/1995 1996/1996/1996 1997/1997/1997
f 1995/1995/1995 1997/1997/1997 1998/1998/1998
f 1999/1999/1999 2000/2000/2000 2001/2001/2001
f 1999/1999/1999 2001/2001/2001 2002/2002/2002
f 2003/2003/2003 2004/2004/2004 2005/2005/2005
f 2003/2003/2003 2005/2005/2005 2006/2006/2006
f 2007/2007/2007 85/85/85 84/84/84
f 2007/2007/2007 84/84/84 2008/2008/2008
f 1909/1909/1909 2009/2009/2009 2010/2010/2010
f 1909/1909/1909 2010/2010/2010 1910/1910/1910
f 2007/2007/2007 2008/2008/2008 2011/2011/2011
f 2007/2007/2007 2011/2011/2011 2012/2012/2012
f 2013/2013/2013 2014/2014/2014 2015/2015/2015
f 2013/2013/2013 2015/2015/2015 2016/2016/2016
f 2017/2017/2017 2018/2018/2018 2019/2019/2019
f 2017/2017/2017 2019/2019/2019 2020/2020/2020
f 2021/2021/2021 47/47/47 2022/2022/2022
f 2021/2021/2021 2022/2022/2022 2023/2023/2023
f 2024/2024/2024 2025/2025/2025 2026/2026/2026
f 2024/2024/2024 2026/2026/2026 2027/2027/2027
f 2028/2028/2028 2029/2029/2029 2030/2030/2030
f 2028/2028/2028 2030/2030/2030 2031/2031/2031
f 2032/2032/2032 2033/2033/2033 2034/2034/2034
f 2032/2032/2032 2034/2034/2034 2035/2035/2035
f 2036/2036/2036 2037/2037/2037 2038/2038/2038
f 2036/2036/2036 2038/2038/2038 2039/2039/2039
f 78/78/78 2040/2040/2040 2041/2041/2041
f 78/78/78 2041/2041/2041 79/79/79
f 2042/2042/2042 2043/2043/2043 2044/2044/2044
f 2042/2042/2042 2044/2044/2044 2045/2045/2045
f 2046/2046/2046 2047/2047/2047 2048/2048/2048
f 2046/2046/2046 2048/2048/2048 2049/2049/2049
f 48/48/48 2050/2050/2050 149/149/149
f 48/48/48 149/149/149 148/148/148
f 2051/2051/2051 2052/2052/2052 2053/2053/2053
f 2051/2051/2051 2053/2053/2053 2054/2054/2054
f 109/109/109 2055/2055/2055 2056/2056/2056
f 109/109/109 2056/2056/2056 2057/2057/2057
f 2058/2058/2058 2059/2059/2059 2060/2060/2060
f 2058/2058/2058 2060/2060/2060 2061/2061/2061
f 2041/2041/2041 2040/2040/2040 2062/2062/2062
f 2041/2041/2041 2062/2062/2062 2063/2063/2063
f 2064/2064/2064 2065/2065/2065 2066/2066/2066
f 2064/2064/2064 2066/2066/2066 2067/2067/2067
f 2068/2068/2068 2069/2069/2069 2070/2070/2070
f 2068/2068/2068 2070/2070/2070 2071/2071/2071
f 2072/2072/2072 2073/2073/2073 2074/2074/2074
f 2072/2072/2072 2074/2074/2074 2075/2075/2075
f 2076/2076/2076 2077/2077/2077 2078/2078/2078
f 2076/2076/2076 2078/2078/2078 2079/2079/2079
f 2080/2080/2080 2081/2081/2081 162/162/162
f 2080/2080/2080 162/162/162 2082/2082/2082
f 2043/2043/2043 2042/2042/2042 2083/2083/2083
f 2043/2043/2043 2083/2083/2083 2084/2084/2084
f 2085/2085/2085 2086/2086/2086 2087/2087/2087
f 2085/2085/2085 2087/2087/2087 2088/2088/2088
f 2089/2089/2089 2090/2090/2090 2091/2091/2091
f 2089/2089/2089 2091/2091/2091 2092/2092/2092
f 27/27/27 1728/1728/1728 2093/2093/2093
f 27/27/27 2093/2093/2093 25/25/25
f 2094/2094/2094 2095/2095/2095 2096/2096/2096
f 2094/2094/2094 2096/2096/2096 2097/2097/2097
f 2098/2098/2098 2099/2099/2099 2100/2100/2100
f 2098/2098/2098 2100/2100/2100 2101/2101/2101
f 2102/2102/2102 2103/2103/2103 2104/2104/2104
f 2102/2102/2102 2104/2104/2104 2105/2105/2105
f 2106/2106/2106 2107/2107/2107 2108/2108/2108
f 2106/2106/2106 2108/2108/2108 2109/2109/2109
f 2110/2110/2110 2111/2111/2111 2112/2112/2112
f 2110/2110/2110 2112/2112/2112 2113/2113/2113
f 2114/2114/2114 2115/2115/2115 2116/2116/2116
f 2114/2114/2114 2116/2116/2116 2117/2117/2117
f 2/2/2 2118/2118/2118 2119/2119/2119
f 2/2/2 2119/2119/2119 3/3/3
f 2120/2120/2120 2121/2121/2121 2122/2122/2122
f 2120/2120/2120 2122/2122/2122 2123/2123/2123
f 2124/2124/2124 2125/2125/2125 2126/2126/2126
f 2124/2124/2124 2126/2126/2126 2127/2127/2127
f 2128/2128/2128 2129/2129/2129 2130/2130/2130
f 2128/2128/2128 2130/2130/2130 2131/2131/2131
f 2010/2010/2010 2009/2009/2009 2132/2132/2132
f 2010/2010/2010 2132/2132/2132 2133/2133/2133
f 2134/2134/2134 2135/2135/2135 2136/2136/2136
f 2134/2134/2134 2136/2136/2136 2137/2137/2137
f 2138/2138/2138 2139/2139/2139 2140/2140/2140
f 2138/2138/2138 2140/2140/2140 2141/2141/2141
f 2142/2142/2142 2143/2143/2143 2144/2144/2144
f 2142/2142/2142 2144/2144/2144 2145/2145/2145
f 8/8/8 2146/2146/2146 13/13/13
f 8/8/8 13/13/13 9/9/9
f 1928/1928/1928 2147/2147/2147 2148/2148/2148
f 1928/1928/1928 2148/2148/2148 1929/1929/1929
f 2149/2149/2149 53/53/53 55/55/55
f 2149/2149/2149 55/55/55 2150/2150/2150
f 2151/2151/2151 2152/2152/2152 2153/2153/2153
f 2151/2151/2151 2153/2153/2153 2154/2154/2154
f 54/54/54 2155/2155/2155 2156/2156/2156
f 54/54/54 2156/2156/2156 1572/1572/1572
f 2157/2157/2157 2158/2158/2158 2159/2159/2159
f 2157/2157/2157 2159/2159/2159 2160/2160/2160
f 11/11/11 1483/1483/1483 1482/1482/1482
f 11/11/11 1482/1482/1482 12/12/12
f 2161/2161/2161 2162/2162/2162 2163/2163/2163
f 2161/2161/2161 2163/2163/2163 2164/2164/2164
f 2165/2165/2165 2166/2166/2166 2018/2018/2018
f 2165/2165/2165 2018/2018/2018 2017/2017/2017
f 2167/2167/2167 2168/2168/2168 2169/2169/2169
f 2167/2167/2167 2169/2169/2169 2170/2170/2170
f 2171/2171/2171 2172/2172/2172 2052/2052/2052
f 2171/2171/2171 2052/2052/2052 2051/2051/2051
f 23/23/23 1700/1700/1700 1683/1683/1683
f 23/23/23 1683/1683/1683 24/24/24
f 172/172/172 1706/1706/1706 1705/1705/1705
f 172/172/172 1705/1705/1705 170/170/170
f 1701/1701/1701 2173/2173/2173 2174/2174/2174
f 1701/1701/1701 2174/2174/2174 1702/1702/1702
f 2093/2093/2093 2175/2175/2175 2176/2176/2176
f 2093/2093/2093 2176/2176/2176 25/25/25
f 2137/2137/2137 2136/2136/2136 2177/2177/2177
f 2137/2137/2137 2177/2177/2177 2178/2178/2178
f 177/177/177 176/176/176 2157/2157/2157
f 177/177/177 2157/2157/2157 2179/2179/2179
f 2179/2179/2179 2157/2157/2157 2160/2160/2160
f 2179/2179/2179 2160/2160/2160 2180/2180/2180
f 2181/2181/2181 2182/2182/2182 2183/2183/2183
f 2181/2181/2181 2183/2183/2183 2184/2184/2184
f 2185/2185/2185 2186/2186/2186 2168/2168/2168
f 2185/2185/2185 2168/2168/2168 2167/2167/2167
f 2187/2187/2187 50/50/50 52/52/52
f 2187/2187/2187 52/52/52 2188/2188/2188
f 2188/2188/2188 52/52/52 1983/1983/1983
f 2188/2188/2188 1983/1983/1983 2189/2189/2189
f 2058/2058/2058 2061/2061/2061 2190/2190/2190
f 2058/2058/2058 2190/2190/2190 2191/2191/2191
f 2191/2191/2191 2192/2192/2192 2193/2193/2193
f 2191/2191/2191 2193/2193/2193 2194/2194/2194
f 2022/2022/2022 47/47/47 49/49/49
f 2022/2022/2022 49/49/49 2195/2195/2195
f 2195/2195/2195 49/49/49 2196/2196/2196
f 2195/2195/2195 2196/2196/2196 2197/2197/2197
f 2023/2023/2023 2022/2022/2022 2195/2195/2195
f 2023/2023/2023 2195/2195/2195 2198/2198/2198
f 2198/2198/2198 2195/2195/2195 2197/2197/2197
f 2198/2198/2198 2197/2197/2197 2199/2199/2199
f 2021/2021/2021 2023/2023/2023 2198/2198/2198
f 2021/2021/2021 2198/2198/2198 2200/2200/2200
f 2200/2200/2200 2198/2198/2198 2199/2199/2199
f 2200/2200/2200 2199/2199/2199 2201/2201/2201
f 54/54/54 53/53/53 2202/2202/2202
f 54/54/54 2202/2202/2202 2155/2155/2155
f 2155/2155/2155 2202/2202/2202 2203/2203/2203
f 2155/2155/2155 2203/2203/2203 152/152/152
f 53/53/53 2149/2149/2149 2204/2204/2204
f 53/53/53 2204/2204/2204 2202/2202/2202
f 2202/2202/2202 2204/2204/2204 2205/2205/2205
f 2202/2202/2202 2205/2205/2205 2203/2203/2203
f 49/49/49 48/48/48 148/148/148
f 49/49/49 148/148/148 2196/2196/2196
f 52/52/52 51/51/51 1984/1984/1984
f 52/52/52 1984/1984/1984 1983/1983/1983
f 2155/2155/2155 152/152/152 151/151/151
f 2155/2155/2155 151/151/151 2156/2156/2156
f 2206/2206/2206 2207/2207/2207 50/50/50
f 2206/2206/2206 50/50/50 2187/2187/2187
f 1515/1515/1515 2208/2208/2208 1911/1911/1911
f 1515/1515/1515 1911/1911/1911 1516/1516/1516
f 1290/1290/1290 1773/1773/1773 1772/1772/1772
f 1290/1290/1290 1772/1772/1772 1291/1291/1291
f 72/72/72 83/83/83 85/85/85
f 72/72/72 85/85/85 73/73/73
f 1839/1839/1839 2209/2209/2209 2210/2210/2210
f 1839/1839/1839 2210/2210/2210 2211/2211/2211
f 1530/1530/1530 1988/1988/1988 1986/1986/1986
f 1530/1530/1530 1986/1986/1986 1527/1527/1527
f 1312/1312/1312 1795/1795/1795 1794/1794/1794
f 1312/1312/1312 1794/1794/1794 1313/1313/1313
f 17/17/17 6/6/6 5/5/5
f 17/17/17 5/5/5 18/18/18
f 21/21/21 2/2/2 1/1/1
f 21/21/21 1/1/1 19/19/19
f 1725/1725/1725 2189/2189/2189 1983/1983/1983
f 1725/1725/1725 1983/1983/1983 1726/1726/1726
f 2212/2212/2212 2213/2213/2213 1704/1704/1704
f 2212/2212/2212 1704/1704/1704 1703/1703/1703
f 2214/2214/2214 2215/2215/2215 2216/2216/2216
f 2214/2214/2214 2216/2216/2216 2217/2217/2217
f 1280/1280/1280 1864/1864/1864 1863/1863/1863
f 1280/1280/1280 1863/1863/1863 1281/1281/1281
f 1735/1735/1735 2197/2197/2197 2196/2196/2196
f 1735/1735/1735 2196/2196/2196 1736/1736/1736
f 1736/1736/1736 2196/2196/2196 148/148/148
f 1736/1736/1736 148/148/148 92/92/92
f 2218/2218/2218 2219/2219/2219 2220/2220/2220
f 2218/2218/2218 2220/2220/2220 2221/2221/2221
f 1740/1740/1740 2201/2201/2201 2199/2199/2199
f 1740/1740/1740 2199/2199/2199 1738/1738/1738
f 1738/1738/1738 2199/2199/2199 2197/2197/2197
f 1738/1738/1738 2197/2197/2197 1735/1735/1735
f 1952/1952/1952 121/121/121 2222/2222/2222
f 1952/1952/1952 2222/2222/2222 1953/1953/1953
f 43/43/43 101/101/101 103/103/103
f 43/43/43 103/103/103 2223/2223/2223
f 41/41/41 43/43/43 2223/2223/2223
f 41/41/41 2223/2223/2223 2224/2224/2224
f 41/41/41 2224/2224/2224 2225/2225/2225
f 41/41/41 2225/2225/2225 1989/1989/1989
f 14/14/14 2226/2226/2226 117/117/117
f 14/14/14 117/117/117 108/108/108
f 13/13/13 2227/2227/2227 2226/2226/2226
f 13/13/13 2226/2226/2226 14/14/14
f 13/13/13 2146/2146/2146 2228/2228/2228
f 13/13/13 2228/2228/2228 2227/2227/2227
f 175/175/175 1679/1679/1679 1682/1682/1682
f 175/175/175 1682/1682/1682 173/173/173
f 2229/2229/2229 1711/1711/1711 1714/1714/1714
f 2229/2229/2229 1714/1714/1714 2230/2230/2230
f 2231/2231/2231 2232/2232/2232 2162/2162/2162
f 2231/2231/2231 2162/2162/2162 2161/2161/2161
f 176/176/176 178/178/178 2158/2158/2158
f 176/176/176 2158/2158/2158 2157/2157/2157
f 2233/2233/2233 2234/2234/2234 1472/1472/1472
f 2233/2233/2233 1472/1472/1472 1471/1471/1471
f 1497/1497/1497 2235/2235/2235 1466/1466/1466
f 1497/1497/1497 1466/1466/1466 1465/1465/1465
f 1943/1943/1943 1914/1914/1914 1917/1917/1917
f 1943/1943/1943 1917/1917/1917 2236/2236/2236
f 2237/2237/2237 1918/1918/1918 1921/1921/1921
f 2237/2237/2237 1921/1921/1921 2238/2238/2238
f 2239/2239/2239 1945/1945/1945 1948/1948/1948
f 2239/2239/2239 1948/1948/1948 1930/1930/1930
f 1485/1485/1485 1484/1484/1484 2240/2240/2240
f 1485/1485/1485 2240/2240/2240 2241/2241/2241
f 2242/2242/2242 2243/2243/2243 2244/2244/2244
f 2242/2242/2242 2244/2244/2244 2245/2245/2245
f 1744/1744/1744 2203/2203/2203 2205/2205/2205
f 1744/1744/1744 2205/2205/2205 1747/1747/1747
f 2246/2246/2246 2247/2247/2247 2182/2182/2182
f 2246/2246/2246 2182/2182/2182 2181/2181/2181
f 1391/1391/1391 2210/2210/2210 2209/2209/2209
f 1391/1391/1391 2209/2209/2209 1392/1392/1392
f 162/162/162 2081/2081/2081 2248/2248/2248
f 162/162/162 2248/2248/2248 163/163/163
f 1649/1649/1649 2005/2005/2005 2004/2004/2004
f 1649/1649/1649 2004/2004/2004 1650/1650/1650
f 1527/1527/1527 1986/1986/1986 1521/1521/1521
f 1527/1527/1527 1521/1521/1521 1528/1528/1528
f 159/159/159 2249/2249/2249 1828/1828/1828
f 159/159/159 1828/1828/1828 160/160/160
f 1288/1288/1288 1767/1767/1767 1766/1766/1766
f 1288/1288/1288 1766/1766/1766 1285/1285/1285
f 108/108/108 107/107/107 2208/2208/2208
f 108/108/108 2208/2208/2208 1515/1515/1515
f 81/81/81 56/56/56 58/58/58
f 81/81/81 58/58/58 82/82/82
f 146/146/146 152/152/152 2203/2203/2203
f 146/146/146 2203/2203/2203 1744/1744/1744
f 2250/2250/2250 2251/2251/2251 2252/2252/2252
f 2250/2250/2250 2252/2252/2252 2253/2253/2253
f 1351/1351/1351 2050/2050/2050 48/48/48
f 1351/1351/1351 48/48/48 47/47/47
f 94/94/94 93/93/93 145/145/145
f 94/94/94 145/145/145 144/144/144
f 1731/1731/1731 2194/2194/2194 2193/2193/2193
f 1731/1731/1731 2193/2193/2193 1732/1732/1732
f 2254/2254/2254 2255/2255/2255 2256/2256/2256
f 2254/2254/2254 2256/2256/2256 2257/2257/2257
f 2258/2258/2258 2259/2259/2259 2260/2260/2260
f 2258/2258/2258 2260/2260/2260 2261/2261/2261
f 2262/2262/2262 2263/2263/2263 2264/2264/2264
f 2262/2262/2262 2264/2264/2264 2265/2265/2265
f 2266/2266/2266 2267/2267/2267 2268/2268/2268
f 2266/2266/2266 2268/2268/2268 2269/2269/2269
f 2270/2270/2270 1806/1806/1806 1809/1809/1809
f 2270/2270/2270 1809/1809/1809 2271/2271/2271
f 2272/2272/2272 2273/2273/2273 2274/2274/2274
f 2272/2272/2272 2274/2274/2274 2275/2275/2275
f 2276/2276/2276 2277/2277/2277 2278/2278/2278
f 2276/2276/2276 2278/2278/2278 2279/2279/2279
f 2280/2280/2280 2281/2281/2281 2282/2282/2282
f 2280/2280/2280 2282/2282/2282 2283/2283/2283
f 2220/2220/2220 1688/1688/1688 1687/1687/1687
f 2220/2220/2220 1687/1687/1687 2221/2221/2221
f 2273/2273/2273 2284/2284/2284 2285/2285/2285
f 2273/2273/2273 2285/2285/2285 2274/2274/2274
f 2286/2286/2286 2287/2287/2287 2288/2288/2288
f 2286/2286/2286 2288/2288/2288 2289/2289/2289
f 2290/2290/2290 2291/2291/2291 2292/2292/2292
f 2290/2290/2290 2292/2292/2292 2293/2293/2293
f 165/165/165 1372/1372/1372 2294/2294/2294
f 165/165/165 2294/2294/2294 166/166/166
f 2295/2295/2295 2296/2296/2296 2250/2250/2250
f 2295/2295/2295 2250/2250/2250 2253/2253/2253
f 2297/2297/2297 2298/2298/2298 1979/1979/1979
f 2297/2297/2297 1979/1979/1979 1982/1982/1982
f 2299/2299/2299 143/143/143 101/101/101
f 2299/2299/2299 101/101/101 1977/1977/1977
f 2298/2298/2298 2300/2300/2300 1976/1976/1976
f 2298/2298/2298 1976/1976/1976 1979/1979/1979
f 2300/2300/2300 2299/2299/2299 1977/1977/1977
f 2300/2300/2300 1977/1977/1977 1976/1976/1976
f 2251/2251/2251 2301/2301/2301 2302/2302/2302
f 2251/2251/2251 2302/2302/2302 2252/2252/2252
f 116/116/116 114/114/114 112/112/112
f 116/116/116 112/112/112 88/88/88
f 1311/1311/1311 2303/2303/2303 122/122/122
f 1311/1311/1311 122/122/122 124/124/124
f 2304/2304/2304 2305/2305/2305 2306/2306/2306
f 2304/2304/2304 2306/2306/2306 2307/2307/2307
f 2308/2308/2308 141/141/141 140/140/140
f 2308/2308/2308 140/140/140 2309/2309/2309
f 2310/2310/2310 2311/2311/2311 2312/2312/2312
f 2310/2310/2310 2312/2312/2312 2313/2313/2313
f 1912/1912/1912 1523/1523/1523 36/36/36
f 1912/1912/1912 36/36/36 1345/1345/1345
f 2314/2314/2314 2315/2315/2315 1671/1671/1671
f 2314/2314/2314 1671/1671/1671 1674/1674/1674
f 1524/1524/1524 153/153/153 2316/2316/2316
f 1524/1524/1524 2316/2316/2316 1521/1521/1521
f 2308/2308/2308 2055/2055/2055 1526/1526/1526
f 2308/2308/2308 1526/1526/1526 1528/1528/1528
f 113/113/113 104/104/104 100/100/100
f 113/113/113 100/100/100 97/97/97
f 2317/2317/2317 2318/2318/2318 2319/2319/2319
f 2317/2317/2317 2319/2319/2319 2320/2320/2320
f 2056/2056/2056 2055/2055/2055 2308/2308/2308
f 2056/2056/2056 2308/2308/2308 2309/2309/2309
f 2301/2301/2301 2313/2313/2313 2312/2312/2312
f 2301/2301/2301 2312/2312/2312 2302/2302/2302
f 124/124/124 123/123/123 119/119/119
f 124/124/124 119/119/119 121/121/121
f 100/100/100 99/99/99 2321/2321/2321
f 100/100/100 2321/2321/2321 133/133/133
f 86/86/86 88/88/88 136/136/136
f 86/86/86 136/136/136 2322/2322/2322
f 88/88/88 112/112/112 132/132/132
f 88/88/88 132/132/132 135/135/135
f 95/95/95 97/97/97 131/131/131
f 95/95/95 131/131/131 137/137/137
f 134/134/134 130/130/130 97/97/97
f 134/134/134 97/97/97 100/100/100
f 121/121/121 120/120/120 2323/2323/2323
f 121/121/121 2323/2323/2323 2222/2222/2222
f 129/129/129 128/128/128 112/112/112
f 129/129/129 112/112/112 111/111/111
f 1521/1521/1521 2316/2316/2316 2324/2324/2324
f 1521/1521/1521 2324/2324/2324 1528/1528/1528
f 2316/2316/2316 153/153/153 141/141/141
f 2316/2316/2316 141/141/141 2324/2324/2324
f 2325/2325/2325 2317/2317/2317 2320/2320/2320
f 2325/2325/2325 2320/2320/2320 2326/2326/2326
f 2324/2324/2324 141/141/141 2308/2308/2308
f 2324/2324/2324 2308/2308/2308 1528/1528/1528
f 2327/2327/2327 2328/2328/2328 2329/2329/2329
f 2327/2327/2327 2329/2329/2329 2330/2330/2330
f 2330/2330/2330 2329/2329/2329 2319/2319/2319
f 2330/2330/2330 2319/2319/2319 2318/2318/2318
f 1524/1524/1524 1913/1913/1913 154/154/154
f 1524/1524/1524 154/154/154 153/153/153
f 2093/2093/2093 1742/1742/1742 2331/2331/2331
f 2093/2093/2093 2331/2331/2331 2175/2175/2175
f 2332/2332/2332 2333/2333/2333 2334/2334/2334
f 2332/2332/2332 2334/2334/2334 2335/2335/2335
f 2336/2336/2336 2337/2337/2337 2338/2338/2338
f 2336/2336/2336 2338/2338/2338 2339/2339/2339
f 93/93/93 92/92/92 148/148/148
f 93/93/93 148/148/148 147/147/147
f 2340/2340/2340 2341/2341/2341 2342/2342/2342
f 2340/2340/2340 2342/2342/2342 2343/2343/2343
f 2344/2344/2344 2345/2345/2345 2346/2346/2346
f 2344/2344/2344 2346/2346/2346 2347/2347/2347
f 1572/1572/1572 2156/2156/2156 2050/2050/2050
f 1572/1572/1572 2050/2050/2050 1351/1351/1351
f 1727/1727/1727 144/144/144 146/146/146
f 1727/1727/1727 146/146/146 1741/1741/1741
f 1573/1573/1573 1572/1572/1572 1351/1351/1351
f 1573/1573/1573 1351/1351/1351 1350/1350/1350
f 2331/2331/2331 1742/1742/1742 31/31/31
f 2331/2331/2331 31/31/31 33/33/33
f 2156/2156/2156 151/151/151 149/149/149
f 2156/2156/2156 149/149/149 2050/2050/2050
f 1727/1727/1727 1742/1742/1742 2093/2093/2093
f 1727/1727/1727 2093/2093/2093 1728/1728/1728
f 145/145/145 150/150/150 152/152/152
f 145/145/145 152/152/152 146/146/146
f 145/145/145 93/93/93 147/147/147
f 145/145/145 147/147/147 150/150/150
f 2348/2348/2348 2328/2328/2328 2327/2327/2327
f 2348/2348/2348 2327/2327/2327 2349/2349/2349
f 2350/2350/2350 2351/2351/2351 2348/2348/2348
f 2350/2350/2350 2348/2348/2348 2349/2349/2349
f 2352/2352/2352 2353/2353/2353 2354/2354/2354
f 2352/2352/2352 2354/2354/2354 2355/2355/2355
f 1323/1323/1323 2351/2351/2351 2350/2350/2350
f 1323/1323/1323 2350/2350/2350 1324/1324/1324
f 2352/2352/2352 2315/2315/2315 2314/2314/2314
f 2352/2352/2352 2314/2314/2314 2353/2353/2353
f 156/156/156 157/157/157 141/141/141
f 156/156/156 141/141/141 153/153/153
f 2355/2355/2355 2354/2354/2354 2325/2325/2325
f 2355/2355/2355 2325/2325/2325 2326/2326/2326
f 2356/2356/2356 2357/2357/2357 2256/2256/2256
f 2356/2356/2356 2256/2256/2256 2255/2255/2255
f 1612/1612/1612 62/62/62 64/64/64
f 1612/1612/1612 64/64/64 2358/2358/2358
f 1930/1930/1930 167/167/167 1469/1469/1469
f 1930/1930/1930 1469/1469/1469 2239/2239/2239
f 11/11/11 1481/1481/1481 1480/1480/1480
f 11/11/11 1480/1480/1480 1556/1556/1556
f 24/24/24 1685/1685/1685 1698/1698/1698
f 24/24/24 1698/1698/1698 1697/1697/1697
f 2359/2359/2359 1896/1896/1896 1922/1922/1922
f 2359/2359/2359 1922/1922/1922 1923/1923/1923
f 177/177/177 2135/2135/2135 2134/2134/2134
f 177/177/177 2134/2134/2134 2232/2232/2232
f 171/171/171 2170/2170/2170 2169/2169/2169
f 171/171/171 2169/2169/2169 2247/2247/2247
f 1364/1364/1364 1363/1363/1363 1511/1511/1511
f 1364/1364/1364 1511/1511/1511 1510/1510/1510
f 1387/1387/1387 1386/1386/1386 1366/1366/1366
f 1387/1387/1387 1366/1366/1366 1365/1365/1365
f 1371/1371/1371 1373/1373/1373 1389/1389/1389
f 1371/1371/1371 1389/1389/1389 1388/1388/1388
f 1339/1339/1339 1338/1338/1338 1507/1507/1507
f 1339/1339/1339 1507/1507/1507 1506/1506/1506
f 2360/2360/2360 2361/2361/2361 1341/1341/1341
f 2360/2360/2360 1341/1341/1341 1340/1340/1340
f 1382/1382/1382 1385/1385/1385 2362/2362/2362
f 1382/1382/1382 2362/2362/2362 2363/2363/2363
f 1394/1394/1394 1393/1393/1393 1428/1428/1428
f 1394/1394/1394 1428/1428/1428 1427/1427/1427
f 1434/1434/1434 1433/1433/1433 1396/1396/1396
f 1434/1434/1434 1396/1396/1396 1395/1395/1395
f 1316/1316/1316 1319/1319/1319 1436/1436/1436
f 1316/1316/1316 1436/1436/1436 1435/1435/1435
f 1276/1276/1276 1275/1275/1275 1426/1426/1426
f 1276/1276/1276 1426/1426/1426 1425/1425/1425
f 1416/1416/1416 1415/1415/1415 1278/1278/1278
f 1416/1416/1416 1278/1278/1278 1277/1277/1277
f 1279/1279/1279 1282/1282/1282 1418/1418/1418
f 1279/1279/1279 1418/1418/1418 1417/1417/1417
f 1414/1414/1414 1413/1413/1413 1335/1335/1335
f 1414/1414/1414 1335/1335/1335 1334/1334/1334
f 1410/1410/1410 1409/1409/1409 1337/1337/1337
f 1410/1410/1410 1337/1337/1337 1336/1336/1336
f 1420/1420/1420 1419/1419/1419 1412/1412/1412
f 1420/1420/1420 1412/1412/1412 1411/1411/1411
f 1398/1398/1398 1397/1397/1397 1298/1298/1298
f 1398/1398/1398 1298/1298/1298 1297/1297/1297
f 1406/1406/1406 1405/1405/1405 1400/1400/1400
f 1406/1406/1406 1400/1400/1400 1399/1399/1399
f 1403/1403/1403 1402/1402/1402 1408/1408/1408
f 1403/1403/1403 1408/1408/1408 1407/1407/1407
f 2233/2233/2233 1471/1471/1471 1466/1466/1466
f 2233/2233/2233 1466/1466/1466 2235/2235/2235
f 1471/1471/1471 1474/1474/1474 1467/1467/1467
f 1471/1471/1471 1467/1467/1467 1466/1466/1466
f 1445/1445/1445 1448/1448/1448 1472/1472/1472
f 1445/1445/1445 1472/1472/1472 2234/2234/2234
f 1448/1448/1448 1495/1495/1495 1473/1473/1473
f 1448/1448/1448 1473/1473/1473 1472/1472/1472
f 1477/1477/1477 1303/1303/1303 1447/1447/1447
f 1477/1477/1477 1447/1447/1447 1446/1446/1446
f 1303/1303/1303 1306/1306/1306 1494/1494/1494
f 1303/1303/1303 1494/1494/1494 1447/1447/1447
f 1484/1484/1484 1483/1483/1483 1555/1555/1555
f 1484/1484/1484 1555/1555/1555 1500/1500/1500
f 1480/1480/1480 1479/1479/1479 1501/1501/1501
f 1480/1480/1480 1501/1501/1501 1556/1556/1556
f 2240/2240/2240 1484/1484/1484 1500/1500/1500
f 2240/2240/2240 1500/1500/1500 1503/1503/1503
f 1479/1479/1479 1505/1505/1505 1502/1502/1502
f 1479/1479/1479 1502/1502/1502 1501/1501/1501
f 1486/1486/1486 12/12/12 1482/1482/1482
f 1486/1486/1486 1482/1482/1482 1485/1485/1485
f 1488/1488/1488 1486/1486/1486 1485/1485/1485
f 1488/1488/1488 1485/1485/1485 2241/2241/2241
f 1368/1368/1368 1367/1367/1367 1377/1377/1377
f 1368/1368/1368 1377/1377/1377 1376/1376/1376
f 1349/1349/1349 1348/1348/1348 1267/1267/1267
f 1349/1349/1349 1267/1267/1267 1270/1270/1270
f 2288/2288/2288 2287/2287/2287 1602/1602/1602
f 2288/2288/2288 1602/1602/1602 1605/1605/1605
f 1604/1604/1604 1603/1603/1603 1598/1598/1598
f 1604/1604/1604 1598/1598/1598 1601/1601/1601
f 1600/1600/1600 1599/1599/1599 1611/1611/1611
f 1600/1600/1600 1611/1611/1611 1610/1610/1610
f 1593/1593/1593 1592/1592/1592 1584/1584/1584
f 1593/1593/1593 1584/1584/1584 1587/1587/1587
f 1586/1586/1586 1585/1585/1585 1667/1667/1667
f 1586/1586/1586 1667/1667/1667 1670/1670/1670
f 1669/1669/1669 1668/1668/1668 1620/1620/1620
f 1669/1669/1669 1620/1620/1620 1619/1619/1619
f 1662/1662/1662 1661/1661/1661 1627/1627/1627
f 1662/1662/1662 1627/1627/1627 1630/1630/1630
f 1629/1629/1629 1628/1628/1628 1568/1568/1568
f 1629/1629/1629 1568/1568/1568 1571/1571/1571
f 1570/1570/1570 1569/1569/1569 1636/1636/1636
f 1570/1570/1570 1636/1636/1636 1635/1635/1635
f 1659/1659/1659 1658/1658/1658 1535/1535/1535
f 1659/1659/1659 1535/1535/1535 1538/1538/1538
f 1537/1537/1537 1536/1536/1536 1539/1539/1539
f 1537/1537/1537 1539/1539/1539 1542/1542/1542
f 1541/1541/1541 1540/1540/1540 1648/1648/1648
f 1541/1541/1541 1648/1648/1648 1647/1647/1647
f 1623/1623/1623 1626/1626/1626 1652/1652/1652
f 1623/1623/1623 1652/1652/1652 1651/1651/1651
f 1625/1625/1625 1624/1624/1624 1643/1643/1643
f 1625/1625/1625 1643/1643/1643 1646/1646/1646
f 1645/1645/1645 1644/1644/1644 1653/1653/1653
f 1645/1645/1645 1653/1653/1653 1656/1656/1656
f 1550/1550/1550 1549/1549/1549 1631/1631/1631
f 1550/1550/1550 1631/1631/1631 1634/1634/1634
f 1633/1633/1633 1632/1632/1632 1639/1639/1639
f 1633/1633/1633 1639/1639/1639 1642/1642/1642
f 1641/1641/1641 1640/1640/1640 1666/1666/1666
f 1641/1641/1641 1666/1666/1666 1665/1665/1665
f 1429/1429/1429 1432/1432/1432 1315/1315/1315
f 1429/1429/1429 1315/1315/1315 1314/1314/1314
f 1431/1431/1431 1430/1430/1430 1455/1455/1455
f 1431/1431/1431 1455/1455/1455 1458/1458/1458
f 1457/1457/1457 1456/1456/1456 1437/1437/1437
f 1457/1457/1457 1437/1437/1437 1440/1440/1440
f 1450/1450/1450 1449/1449/1449 1296/1296/1296
f 1450/1450/1450 1296/1296/1296 1295/1295/1295
f 1294/1294/1294 1293/1293/1293 1444/1444/1444
f 1294/1294/1294 1444/1444/1444 1443/1443/1443
f 1442/1442/1442 1441/1441/1441 1452/1452/1452
f 1442/1442/1442 1452/1452/1452 1451/1451/1451
f 173/173/173 1682/1682/1682 1557/1557/1557
f 173/173/173 1557/1557/1557 1694/1694/1694
f 1682/1682/1682 1681/1681/1681 1558/1558/1558
f 1682/1682/1682 1558/1558/1558 1557/1557/1557
f 1695/1695/1695 1560/1560/1560 1711/1711/1711
f 1695/1695/1695 1711/1711/1711 2229/2229/2229
f 1560/1560/1560 1559/1559/1559 1712/1712/1712
f 1560/1560/1560 1712/1712/1712 1711/1711/1711
f 2230/2230/2230 1714/1714/1714 1691/1691/1691
f 2230/2230/2230 1691/1691/1691 1690/1690/1690
f 1714/1714/1714 1713/1713/1713 1709/1709/1709
f 1714/1714/1714 1709/1709/1709 1691/1691/1691
f 1717/1717/1717 1684/1684/1684 1683/1683/1683
f 1717/1717/1717 1683/1683/1683 1702/1702/1702
f 1685/1685/1685 1720/1720/1720 1699/1699/1699
f 1685/1685/1685 1699/1699/1699 1698/1698/1698
f 1718/1718/1718 1717/1717/1717 1702/1702/1702
f 1718/1718/1718 1702/1702/1702 2174/2174/2174
f 1720/1720/1720 1719/1719/1719 1722/1722/1722
f 1720/1720/1720 1722/1722/1722 1699/1699/1699
f 1701/1701/1701 1700/1700/1700 23/23/23
f 1701/1701/1701 23/23/23 1704/1704/1704
f 2173/2173/2173 1701/1701/1701 1704/1704/1704
f 2173/2173/2173 1704/1704/1704 2213/2213/2213
f 1551/1551/1551 1554/1554/1554 1564/1564/1564
f 1551/1551/1551 1564/1564/1564 1567/1567/1567
f 1532/1532/1532 1531/1531/1531 1492/1492/1492
f 1532/1532/1532 1492/1492/1492 1491/1491/1491
f 1490/1490/1490 1493/1493/1493 1617/1617/1617
f 1490/1490/1490 1617/1617/1617 1616/1616/1616
f 1614/1614/1614 1613/1613/1613 1615/1615/1615
f 1614/1614/1614 1615/1615/1615 1618/1618/1618
f 1566/1566/1566 1565/1565/1565 1606/1606/1606
f 1566/1566/1566 1606/1606/1606 1609/1609/1609
f 1597/1597/1597 1596/1596/1596 1608/1608/1608
f 1597/1597/1597 1608/1608/1608 1607/1607/1607
f 1375/1375/1375 1374/1374/1374 1300/1300/1300
f 1375/1375/1375 1300/1300/1300 1299/1299/1299
f 1379/1379/1379 1378/1378/1378 1362/1362/1362
f 1379/1379/1379 1362/1362/1362 1361/1361/1361
f 1957/1957/1957 1956/1956/1956 1818/1818/1818
f 1957/1957/1957 1818/1818/1818 1821/1821/1821
f 1820/1820/1820 1819/1819/1819 1829/1829/1829
f 1820/1820/1820 1829/1829/1829 1832/1832/1832
f 1831/1831/1831 1830/1830/1830 1827/1827/1827
f 1831/1831/1831 1827/1827/1827 1826/1826/1826
f 1908/1908/1908 1907/1907/1907 1971/1971/1971
f 1908/1908/1908 1971/1971/1971 1974/1974/1974
f 1973/1973/1973 1972/1972/1972 1991/1991/1991
f 1973/1973/1973 1991/1991/1991 1994/1994/1994
f 1993/1993/1993 1992/1992/1992 1836/1836/1836
f 1993/1993/1993 1836/1836/1836 1835/1835/1835
f 1876/1876/1876 1875/1875/1875 1841/1841/1841
f 1876/1876/1876 1841/1841/1841 1844/1844/1844
f 1843/1843/1843 1842/1842/1842 1796/1796/1796
f 1843/1843/1843 1796/1796/1796 1799/1799/1799
f 1798/1798/1798 1797/1797/1797 1850/1850/1850
f 1798/1798/1798 1850/1850/1850 1849/1849/1849
f 1873/1873/1873 1872/1872/1872 1853/1853/1853
f 1873/1873/1873 1853/1853/1853 1856/1856/1856
f 1855/1855/1855 1854/1854/1854 1760/1760/1760
f 1855/1855/1855 1760/1760/1760 1763/1763/1763
f 1762/1762/1762 1761/1761/1761 1862/1862/1862
f 1762/1762/1762 1862/1862/1862 1861/1861/1861
f 1967/1967/1967 1970/1970/1970 1866/1866/1866
f 1967/1967/1967 1866/1866/1866 1865/1865/1865
f 1969/1969/1969 1968/1968/1968 1857/1857/1857
f 1969/1969/1969 1857/1857/1857 1860/1860/1860
f 1859/1859/1859 1858/1858/1858 1756/1756/1756
f 1859/1859/1859 1756/1756/1756 1759/1759/1759
f 1779/1779/1779 1778/1778/1778 1845/1845/1845
f 1779/1779/1779 1845/1845/1845 1848/1848/1848
f 1847/1847/1847 1846/1846/1846 1867/1867/1867
f 1847/1847/1847 1867/1867/1867 1870/1870/1870
f 1869/1869/1869 1868/1868/1868 1884/1884/1884
f 1869/1869/1869 1884/1884/1884 1883/1883/1883
f 2236/2236/2236 1917/1917/1917 1918/1918/1918
f 2236/2236/2236 1918/1918/1918 2237/2237/2237
f 1917/1917/1917 1916/1916/1916 1919/1919/1919
f 1917/1917/1917 1919/1919/1919 1918/1918/1918
f 2238/2238/2238 1921/1921/1921 1894/1894/1894
f 2238/2238/2238 1894/1894/1894 1893/1893/1893
f 1921/1921/1921 1920/1920/1920 1939/1939/1939
f 1921/1921/1921 1939/1939/1939 1894/1894/1894
f 1896/1896/1896 1895/1895/1895 1784/1784/1784
f 1896/1896/1896 1784/1784/1784 1922/1922/1922
f 1895/1895/1895 1940/1940/1940 1785/1785/1785
f 1895/1895/1895 1785/1785/1785 1784/1784/1784
f 1945/1945/1945 2239/2239/2239 1469/1469/1469
f 1945/1945/1945 1469/1469/1469 1929/1929/1929
f 1930/1930/1930 1948/1948/1948 1927/1927/1927
f 1930/1930/1930 1927/1927/1927 1926/1926/1926
f 1946/1946/1946 1945/1945/1945 1929/1929/1929
f 1946/1946/1946 1929/1929/1929 2148/2148/2148
f 1948/1948/1948 1947/1947/1947 1950/1950/1950
f 1948/1948/1948 1950/1950/1950 1927/1927/1927
f 1928/1928/1928 1470/1470/1470 169/169/169
f 1928/1928/1928 169/169/169 1932/1932/1932
f 2147/2147/2147 1928/1928/1928 1932/1932/1932
f 2147/2147/2147 1932/1932/1932 1934/1934/1934
f 1780/1780/1780 1783/1783/1783 1353/1353/1353
f 1780/1780/1780 1353/1353/1353 1356/1356/1356
f 2242/2242/2242 2245/2245/2245 1812/1812/1812
f 2242/2242/2242 1812/1812/1812 1811/1811/1811
f 1355/1355/1355 1354/1354/1354 1822/1822/1822
f 1355/1355/1355 1822/1822/1822 1825/1825/1825
f 1802/1802/1802 1805/1805/1805 1824/1824/1824
f 1802/1802/1802 1824/1824/1824 1823/1823/1823
f 2073/2073/2073 2072/2072/2072 2067/2067/2067
f 2073/2073/2073 2067/2067/2067 2066/2066/2066
f 2069/2069/2069 2068/2068/2068 2075/2075/2075
f 2069/2069/2069 2075/2075/2075 2074/2074/2074
f 2080/2080/2080 2082/2082/2082 2071/2071/2071
f 2080/2080/2080 2071/2071/2071 2070/2070/2070
f 2047/2047/2047 2046/2046/2046 2063/2063/2063
f 2047/2047/2047 2063/2063/2063 2062/2062/2062
f 2143/2143/2143 2142/2142/2142 2049/2049/2049
f 2143/2143/2143 2049/2049/2049 2048/2048/2048
f 2089/2089/2089 2092/2092/2092 2145/2145/2145
f 2089/2089/2089 2145/2145/2145 2144/2144/2144
f 2099/2099/2099 2098/2098/2098 2133/2133/2133
f 2099/2099/2099 2133/2133/2133 2132/2132/2132
f 2139/2139/2139 2138/2138/2138 2101/2101/2101
f 2139/2139/2139 2101/2101/2101 2100/2100/2100
f 2032/2032/2032 2035/2035/2035 2141/2141/2141
f 2032/2032/2032 2141/2141/2141 2140/2140/2140
f 2111/2111/2111 2110/2110/2110 2131/2131/2131
f 2111/2111/2111 2131/2131/2131 2130/2130/2130
f 2121/2121/2121 2120/2120/2120 2113/2113/2113
f 2121/2121/2121 2113/2113/2113 2112/2112/2112
f 2003/2003/2003 2006/2006/2006 2123/2123/2123
f 2003/2003/2003 2123/2123/2123 2122/2122/2122
f 2119/2119/2119 2118/2118/2118 1577/1577/1577
f 2119/2119/2119 1577/1577/1577 1576/1576/1576
f 2115/2115/2115 2114/2114/2114 1579/1579/1579
f 2115/2115/2115 1579/1579/1579 1578/1578/1578
f 2000/2000/2000 1999/1999/1999 2117/2117/2117
f 2000/2000/2000 2117/2117/2117 2116/2116/2116
f 2103/2103/2103 2102/2102/2102 2012/2012/2012
f 2103/2103/2103 2012/2012/2012 2011/2011/2011
f 2125/2125/2125 2124/2124/2124 2105/2105/2105
f 2125/2125/2125 2105/2105/2105 2104/2104/2104
f 2108/2108/2108 2107/2107/2107 2127/2127/2127
f 2108/2108/2108 2127/2127/2127 2126/2126/2126
f 1793/1793/1793 1792/1792/1792 1878/1878/1878
f 1793/1793/1793 1878/1878/1878 1877/1877/1877
f 1904/1904/1904 1903/1903/1903 1880/1880/1880
f 1904/1904/1904 1880/1880/1880 1879/1879/1879
f 1886/1886/1886 1885/1885/1885 1906/1906/1906
f 1886/1886/1886 1906/1906/1906 1905/1905/1905
f 1775/1775/1775 1774/1774/1774 1898/1898/1898
f 1775/1775/1775 1898/1898/1898 1897/1897/1897
f 1890/1890/1890 1889/1889/1889 1777/1777/1777
f 1890/1890/1890 1777/1777/1777 1776/1776/1776
f 1899/1899/1899 1902/1902/1902 1892/1892/1892
f 1899/1899/1899 1892/1892/1892 1891/1891/1891
f 2231/2231/2231 2161/2161/2161 2158/2158/2158
f 2231/2231/2231 2158/2158/2158 178/178/178
f 2161/2161/2161 2164/2164/2164 2159/2159/2159
f 2161/2161/2161 2159/2159/2159 2158/2158/2158
f 2134/2134/2134 2137/2137/2137 2162/2162/2162
f 2134/2134/2134 2162/2162/2162 2232/2232/2232
f 2137/2137/2137 2178/2178/2178 2163/2163/2163
f 2137/2137/2137 2163/2163/2163 2162/2162/2162
f 2165/2165/2165 2017/2017/2017 2136/2136/2136
f 2165/2165/2165 2136/2136/2136 2135/2135/2135
f 2017/2017/2017 2020/2020/2020 2177/2177/2177
f 2017/2017/2017 2177/2177/2177 2136/2136/2136
f 2052/2052/2052 2172/2172/2172 2246/2246/2246
f 2052/2052/2052 2246/2246/2246 2181/2181/2181
f 2169/2169/2169 2168/2168/2168 2182/2182/2182
f 2169/2169/2169 2182/2182/2182 2247/2247/2247
f 2053/2053/2053 2052/2052/2052 2181/2181/2181
f 2053/2053/2053 2181/2181/2181 2184/2184/2184
f 2168/2168/2168 2186/2186/2186 2183/2183/2183
f 2168/2168/2168 2183/2183/2183 2182/2182/2182
f 1706/1706/1706 172/172/172 2171/2171/2171
f 1706/1706/1706 2171/2171/2171 2051/2051/2051
f 1707/1707/1707 1706/1706/1706 2051/2051/2051
f 1707/1707/1707 2051/2051/2051 2054/2054/2054
f 2025/2025/2025 2024/2024/2024 2014/2014/2014
f 2025/2025/2025 2014/2014/2014 2013/2013/2013
f 1938/1938/1938 1937/1937/1937 1995/1995/1995
f 1938/1938/1938 1995/1995/1995 1998/1998/1998
f 2088/2088/2088 2087/2087/2087 1936/1936/1936
f 2088/2088/2088 1936/1936/1936 1935/1935/1935
f 2086/2086/2086 2085/2085/2085 2084/2084/2084
f 2086/2086/2086 2084/2084/2084 2083/2083/2083
f 2077/2077/2077 2076/2076/2076 2027/2027/2027
f 2077/2077/2077 2027/2027/2027 2026/2026/2026
f 2079/2079/2079 2078/2078/2078 2097/2097/2097
f 2079/2079/2079 2097/2097/2097 2096/2096/2096
f 1834/1834/1834 1833/1833/1833 1810/1810/1810
f 1834/1834/1834 1810/1810/1810 1813/1813/1813
f 1753/1753/1753 1752/1752/1752 2244/2244/2244
f 1753/1753/1753 2244/2244/2244 2243/2243/2243
f 1370/1370/1370 1369/1369/1369 1327/1327/1327
f 1370/1370/1370 1327/1327/1327 1326/1326/1326
f 1381/1381/1381 1380/1380/1380 1347/1347/1347
f 1381/1381/1381 1347/1347/1347 1346/1346/1346
f 2361/2361/2361 2360/2360/2360 2363/2363/2363
f 2361/2361/2361 2363/2363/2363 2362/2362/2362
f 171/171/171 2247/2247/2247 2246/2246/2246
f 171/171/171 2246/2246/2246 2172/2172/2172
f 171/171/171 2172/2172/2172 2171/2171/2171
f 171/171/171 2171/2171/2171 172/172/172
f 174/174/174 2230/2230/2230 1690/1690/1690
f 174/174/174 1690/1690/1690 1693/1693/1693
f 1695/1695/1695 2229/2229/2229 2230/2230/2230
f 1695/1695/1695 2230/2230/2230 174/174/174
f 1694/1694/1694 1695/1695/1695 174/174/174
f 1694/1694/1694 174/174/174 173/173/173
f 2270/2270/2270 2271/2271/2271 2364/2364/2364
f 2270/2270/2270 2364/2364/2364 2365/2365/2365
f 2166/2166/2166 2165/2165/2165 2135/2135/2135
f 2166/2166/2166 2135/2135/2135 177/177/177
f 177/177/177 2232/2232/2232 2231/2231/2231
f 177/177/177 2231/2231/2231 178/178/178
f 2359/2359/2359 2238/2238/2238 1893/1893/1893
f 2359/2359/2359 1893/1893/1893 1896/1896/1896
f 2359/2359/2359 2236/2236/2236 2237/2237/2237
f 2359/2359/2359 2237/2237/2237 2238/2238/2238
f 1941/1941/1941 1943/1943/1943 2236/2236/2236
f 1941/1941/1941 2236/2236/2236 2359/2359/2359
f 1475/1475/1475 2235/2235/2235 1497/1497/1497
f 1475/1475/1475 1497/1497/1497 1496/1496/1496
f 1445/1445/1445 2234/2234/2234 1475/1475/1475
f 1445/1445/1445 1475/1475/1475 1446/1446/1446
f 2234/2234/2234 2233/2233/2233 2235/2235/2235
f 2234/2234/2234 2235/2235/2235 1475/1475/1475
f 2352/2352/2352 2355/2355/2355 154/154/154
f 2352/2352/2352 154/154/154 1913/1913/1913
f 2351/2351/2351 1323/1323/1323 2057/2057/2057
f 2351/2351/2351 2057/2057/2057 2056/2056/2056
f 1672/1672/1672 1671/1671/1671 1345/1345/1345
f 1672/1672/1672 1345/1345/1345 1344/1344/1344
f 2315/2315/2315 2352/2352/2352 1913/1913/1913
f 2315/2315/2315 1913/1913/1913 1912/1912/1912
f 2328/2328/2328 2348/2348/2348 2309/2309/2309
f 2328/2328/2328 2309/2309/2309 140/140/140
f 2056/2056/2056 2309/2309/2309 2348/2348/2348
f 2056/2056/2056 2348/2348/2348 2351/2351/2351
f 1912/1912/1912 1345/1345/1345 1671/1671/1671
f 1912/1912/1912 1671/1671/1671 2315/2315/2315
f 1323/1323/1323 1322/1322/1322 2366/2366/2366
f 1323/1323/1323 2366/2366/2366 2057/2057/2057
f 156/156/156 155/155/155 2326/2326/2326
f 156/156/156 2326/2326/2326 2320/2320/2320
f 157/157/157 156/156/156 2320/2320/2320
f 157/157/157 2320/2320/2320 2319/2319/2319
f 142/142/142 157/157/157 2319/2319/2319
f 142/142/142 2319/2319/2319 2329/2329/2329
f 140/140/140 142/142/142 2329/2329/2329
f 140/140/140 2329/2329/2329 2328/2328/2328
f 2355/2355/2355 2326/2326/2326 155/155/155
f 2355/2355/2355 155/155/155 154/154/154
f 4/4/4 109/109/109 2057/2057/2057
f 4/4/4 2057/2057/2057 2366/2366/2366
f 2367/2367/2367 2368/2368/2368 2369/2369/2369
f 2367/2367/2367 2369/2369/2369 2370/2370/2370
f 2371/2371/2371 2372/2372/2372 2373/2373/2373
f 2371/2371/2371 2373/2373/2373 2374/2374/2374
f 2375/2375/2375 2376/2376/2376 2369/2369/2369
f 2375/2375/2375 2369/2369/2369 2368/2368/2368
f 2377/2377/2377 2378/2378/2378 2372/2372/2372
f 2377/2377/2377 2372/2372/2372 2371/2371/2371
f 2379/2379/2379 2380/2380/2380 2378/2378/2378
f 2379/2379/2379 2378/2378/2378 2377/2377/2377
f 2381/2381/2381 2382/2382/2382 2380/2380/2380
f 2381/2381/2381 2380/2380/2380 2379/2379/2379
f 2383/2383/2383 2372/2372/2372 2378/2378/2378
f 2383/2383/2383 2378/2378/2378 2384/2384/2384
f 2385/2385/2385 2373/2373/2373 2372/2372/2372
f 2385/2385/2385 2372/2372/2372 2383/2383/2383
f 2386/2386/2386 2382/2382/2382 2387/2387/2387
f 2386/2386/2386 2387/2387/2387 2388/2388/2388
f 2367/2367/2367 2370/2370/2370 2389/2389/2389
f 2367/2367/2367 2389/2389/2389 2390/2390/2390
f 2391/2391/2391 2392/2392/2392 2393/2393/2393
f 2391/2391/2391 2393/2393/2393 2394/2394/2394
f 2395/2395/2395 2396/2396/2396 2397/2397/2397
f 2395/2395/2395 2397/2397/2397 2398/2398/2398
f 2399/2399/2399 2395/2395/2395 2398/2398/2398
f 2399/2399/2399 2398/2398/2398 2387/2387/2387
f 2381/2381/2381 2399/2399/2399 2387/2387/2387
f 2381/2381/2381 2387/2387/2387 2382/2382/2382
f 2388/2388/2388 2387/2387/2387 2398/2398/2398
f 2388/2388/2388 2398/2398/2398 2400/2400/2400
f 2400/2400/2400 2398/2398/2398 2397/2397/2397
f 2400/2400/2400 2397/2397/2397 2401/2401/2401
f 2386/2386/2386 2402/2402/2402 2380/2380/2380
f 2386/2386/2386 2380/2380/2380 2382/2382/2382
f 2403/2403/2403 2404/2404/2404 2405/2405/2405
f 2403/2403/2403 2405/2405/2405 2406/2406/2406
f 2407/2407/2407 2403/2403/2403 2406/2406/2406
f 2407/2407/2407 2406/2406/2406 2389/2389/2389
f 2408/2408/2408 2407/2407/2407 2389/2389/2389
f 2408/2408/2408 2389/2389/2389 2370/2370/2370
f 2409/2409/2409 2408/2408/2408 2370/2370/2370
f 2409/2409/2409 2370/2370/2370 2369/2369/2369
f 2390/2390/2390 2389/2389/2389 2406/2406/2406
f 2390/2390/2390 2406/2406/2406 2410/2410/2410
f 2410/2410/2410 2406/2406/2406 2405/2405/2405
f 2410/2410/2410 2405/2405/2405 2411/2411/2411
f 2411/2411/2411 2392/2392/2392 2391/2391/2391
f 2411/2411/2411 2391/2391/2391 2385/2385/2385
f 2412/2412/2412 2413/2413/2413 2414/2414/2414
f 2412/2412/2412 2414/2414/2414 2415/2415/2415
f 2416/2416/2416 2376/2376/2376 2413/2413/2413
f 2416/2416/2416 2413/2413/2413 2412/2412/2412
f 2409/2409/2409 2369/2369/2369 2376/2376/2376
f 2409/2409/2409 2376/2376/2376 2416/2416/2416
f 2417/2417/2417 2413/2413/2413 2376/2376/2376
f 2417/2417/2417 2376/2376/2376 2375/2375/2375
f 2418/2418/2418 2414/2414/2414 2413/2413/2413
f 2418/2418/2418 2413/2413/2413 2417/2417/2417
f 2401/2401/2401 2419/2419/2419 2420/2420/2420
f 2401/2401/2401 2420/2420/2420 2418/2418/2418
f 2421/2421/2421 2422/2422/2422 2420/2420/2420
f 2421/2421/2421 2420/2420/2420 2419/2419/2419
f 2384/2384/2384 2378/2378/2378 2380/2380/2380
f 2384/2384/2384 2380/2380/2380 2402/2402/2402
f 2423/2423/2423 2424/2424/2424 2425/2425/2425
f 2423/2423/2423 2425/2425/2425 2426/2426/2426
f 2426/2426/2426 2425/2425/2425 2427/2427/2427
f 2426/2426/2426 2427/2427/2427 2428/2428/2428
f 2429/2429/2429 2430/2430/2430 2431/2431/2431
f 2429/2429/2429 2431/2431/2431 2432/2432/2432
f 2432/2432/2432 2431/2431/2431 2433/2433/2433
f 2432/2432/2432 2433/2433/2433 2434/2434/2434
f 2434/2434/2434 2433/2433/2433 2435/2435/2435
f 2434/2434/2434 2435/2435/2435 2436/2436/2436
f 2436/2436/2436 2435/2435/2435 2437/2437/2437
f 2436/2436/2436 2437/2437/2437 2438/2438/2438
f 2438/2438/2438 2437/2437/2437 2439/2439/2439
f 2438/2438/2438 2439/2439/2439 2440/2440/2440
f 2440/2440/2440 2439/2439/2439 2441/2441/2441
f 2440/2440/2440 2441/2441/2441 2442/2442/2442
f 2442/2442/2442 2441/2441/2441 2443/2443/2443
f 2442/2442/2442 2443/2443/2443 2444/2444/2444
f 2444/2444/2444 2443/2443/2443 2445/2445/2445
f 2444/2444/2444 2445/2445/2445 2446/2446/2446
f 2446/2446/2446 2445/2445/2445 2447/2447/2447
f 2446/2446/2446 2447/2447/2447 2448/2448/2448
f 2448/2448/2448 2447/2447/2447 2449/2449/2449
f 2448/2448/2448 2449/2449/2449 2450/2450/2450
f 2450/2450/2450 2449/2449/2449 2451/2451/2451
f 2450/2450/2450 2451/2451/2451 2452/2452/2452
f 2452/2452/2452 2451/2451/2451 2453/2453/2453
f 2452/2452/2452 2453/2453/2453 2454/2454/2454
f 2454/2454/2454 2453/2453/2453 2455/2455/2455
f 2454/2454/2454 2455/2455/2455 2456/2456/2456
f 2456/2456/2456 2455/2455/2455 2457/2457/2457
f 2456/2456/2456 2457/2457/2457 2458/2458/2458
f 2459/2459/2459 2460/2460/2460 2461/2461/2461
f 2459/2459/2459 2461/2461/2461 2462/2462/2462
f 2458/2458/2458 2457/2457/2457 2463/2463/2463
f 2458/2458/2458 2463/2463/2463 2464/2464/2464
f 2464/2464/2464 2463/2463/2463 2424/2424/2424
f 2464/2464/2464 2424/2424/2424 2423/2423/2423
f 2465/2465/2465 2466/2466/2466 2467/2467/2467
f 2465/2465/2465 2467/2467/2467 2468/2468/2468
f 2466/2466/2466 2469/2469/2469 2470/2470/2470
f 2466/2466/2466 2470/2470/2470 2467/2467/2467
f 2469/2469/2469 2471/2471/2471 2472/2472/2472
f 2469/2469/2469 2472/2472/2472 2470/2470/2470
f 2471/2471/2471 2473/2473/2473 2474/2474/2474
f 2471/2471/2471 2474/2474/2474 2472/2472/2472
f 2473/2473/2473 2475/2475/2475 2476/2476/2476
f 2473/2473/2473 2476/2476/2476 2474/2474/2474
f 2475/2475/2475 2477/2477/2477 2478/2478/2478
f 2475/2475/2475 2478/2478/2478 2476/2476/2476
f 2477/2477/2477 2479/2479/2479 2480/2480/2480
f 2477/2477/2477 2480/2480/2480 2478/2478/2478
f 2479/2479/2479 2481/2481/2481 2482/2482/2482
f 2479/2479/2479 2482/2482/2482 2480/2480/2480
f 2481/2481/2481 2483/2483/2483 2484/2484/2484
f 2481/2481/2481 2484/2484/2484 2482/2482/2482
f 2483/2483/2483 2485/2485/2485 2486/2486/2486
f 2483/2483/2483 2486/2486/2486 2484/2484/2484
f 2485/2485/2485 2487/2487/2487 2488/2488/2488
f 2485/2485/2485 2488/2488/2488 2486/2486/2486
f 2487/2487/2487 2489/2489/2489 2490/2490/2490
f 2487/2487/2487 2490/2490/2490 2488/2488/2488
f 2489/2489/2489 2491/2491/2491 2492/2492/2492
f 2489/2489/2489 2492/2492/2492 2490/2490/2490
f 2491/2491/2491 2493/2493/2493 2494/2494/2494
f 2491/2491/2491 2494/2494/2494 2492/2492/2492
f 2493/2493/2493 2495/2495/2495 2496/2496/2496
f 2493/2493/2493 2496/2496/2496 2494/2494/2494
f 2495/2495/2495 2497/2497/2497 2498/2498/2498
f 2495/2495/2495 2498/2498/2498 2496/2496/2496
f 2497/2497/2497 2499/2499/2499 2500/2500/2500
f 2497/2497/2497 2500/2500/2500 2498/2498/2498
f 2499/2499/2499 2465/2465/2465 2468/2468/2468
f 2499/2499/2499 2468/2468/2468 2500/2500/2500
f 2501/2501/2501 2462/2462/2462 2502/2502/2502
f 2501/2501/2501 2502/2502/2502 2503/2503/2503
f 2504/2504/2504 2505/2505/2505 2506/2506/2506
f 2504/2504/2504 2506/2506/2506 2507/2507/2507
f 2508/2508/2508 2509/2509/2509 2510/2510/2510
f 2508/2508/2508 2510/2510/2510 2511/2511/2511
f 2512/2512/2512 2459/2459/2459 2462/2462/2462
f 2512/2512/2512 2462/2462/2462 2501/2501/2501
f 2513/2513/2513 2504/2504/2504 2507/2507/2507
f 2513/2513/2513 2507/2507/2507 2514/2514/2514
f 2515/2515/2515 2512/2512/2512 2501/2501/2501
f 2515/2515/2515 2501/2501/2501 2516/2516/2516
f 2517/2517/2517 2513/2513/2513 2514/2514/2514
f 2517/2517/2517 2514/2514/2514 2518/2518/2518
f 2519/2519/2519 2515/2515/2515 2516/2516/2516
f 2519/2519/2519 2516/2516/2516 2520/2520/2520
f 2521/2521/2521 2517/2517/2517 2518/2518/2518
f 2521/2521/2521 2518/2518/2518 2522/2522/2522
f 2523/2523/2523 2519/2519/2519 2520/2520/2520
f 2523/2523/2523 2520/2520/2520 2524/2524/2524
f 2525/2525/2525 2521/2521/2521 2522/2522/2522
f 2525/2525/2525 2522/2522/2522 2526/2526/2526
f 2527/2527/2527 2523/2523/2523 2524/2524/2524
f 2527/2527/2527 2524/2524/2524 2528/2528/2528
f 2529/2529/2529 2525/2525/2525 2526/2526/2526
f 2529/2529/2529 2526/2526/2526 2530/2530/2530
f 2531/2531/2531 2508/2508/2508 2511/2511/2511
f 2531/2531/2531 2511/2511/2511 2532/2532/2532
f 2533/2533/2533 2527/2527/2527 2528/2528/2528
f 2533/2533/2533 2528/2528/2528 2534/2534/2534
f 2460/2460/2460 2529/2529/2529 2530/2530/2530
f 2460/2460/2460 2530/2530/2530 2461/2461/2461
f 2535/2535/2535 2531/2531/2531 2532/2532/2532
f 2535/2535/2535 2532/2532/2532 2536/2536/2536
f 2509/2509/2509 2533/2533/2533 2534/2534/2534
f 2509/2509/2509 2534/2534/2534 2510/2510/2510
f 2514/2514/2514 2507/2507/2507 2537/2537/2537
f 2514/2514/2514 2537/2537/2537 2538/2538/2538
f 2516/2516/2516 2501/2501/2501 2503/2503/2503
f 2516/2516/2516 2503/2503/2503 2539/2539/2539
f 2518/2518/2518 2514/2514/2514 2538/2538/2538
f 2518/2518/2518 2538/2538/2538 2540/2540/2540
f 2520/2520/2520 2516/2516/2516 2539/2539/2539
f 2520/2520/2520 2539/2539/2539 2541/2541/2541
f 2522/2522/2522 2518/2518/2518 2540/2540/2540
f 2522/2522/2522 2540/2540/2540 2542/2542/2542
f 2524/2524/2524 2520/2520/2520 2541/2541/2541
f 2524/2524/2524 2541/2541/2541 2543/2543/2543
f 2526/2526/2526 2522/2522/2522 2542/2542/2542
f 2526/2526/2526 2542/2542/2542 2544/2544/2544
f 2528/2528/2528 2524/2524/2524 2543/2543/2543
f 2528/2528/2528 2543/2543/2543 2545/2545/2545
f 2530/2530/2530 2526/2526/2526 2544/2544/2544
f 2530/2530/2530 2544/2544/2544 2546/2546/2546
f 2532/2532/2532 2511/2511/2511 2547/2547/2547
f 2532/2532/2532 2547/2547/2547 2548/2548/2548
f 2534/2534/2534 2528/2528/2528 2545/2545/2545
f 2534/2534/2534 2545/2545/2545 2549/2549/2549
f 2461/2461/2461 2530/2530/2530 2546/2546/2546
f 2461/2461/2461 2546/2546/2546 2550/2550/2550
f 2536/2536/2536 2532/2532/2532 2548/2548/2548
f 2536/2536/2536 2548/2548/2548 2551/2551/2551
f 2510/2510/2510 2534/2534/2534 2549/2549/2549
f 2510/2510/2510 2549/2549/2549 2552/2552/2552
f 2462/2462/2462 2461/2461/2461 2550/2550/2550
f 2462/2462/2462 2550/2550/2550 2502/2502/2502
f 2507/2507/2507 2506/2506/2506 2553/2553/2553
f 2507/2507/2507 2553/2553/2553 2537/2537/2537
f 2511/2511/2511 2510/2510/2510 2552/2552/2552
f 2511/2511/2511 2552/2552/2552 2547/2547/2547
f 2554/2554/2554 2555/2555/2555 2556/2556/2556
f 2554/2554/2554 2556/2556/2556 2557/2557/2557
f 2558/2558/2558 2559/2559/2559 2560/2560/2560
f 2558/2558/2558 2560/2560/2560 2561/2561/2561
f 2562/2562/2562 2558/2558/2558 2561/2561/2561
f 2562/2562/2562 2561/2561/2561 2563/2563/2563
f 2564/2564/2564 2562/2562/2562 2563/2563/2563
f 2564/2564/2564 2563/2563/2563 2565/2565/2565
f 2566/2566/2566 2564/2564/2564 2565/2565/2565
f 2566/2566/2566 2565/2565/2565 2567/2567/2567
f 2568/2568/2568 2566/2566/2566 2567/2567/2567
f 2568/2568/2568 2567/2567/2567 2569/2569/2569
f 2570/2570/2570 2568/2568/2568 2569/2569/2569
f 2570/2570/2570 2569/2569/2569 2571/2571/2571
f 2554/2554/2554 2570/2570/2570 2571/2571/2571
f 2554/2554/2554 2571/2571/2571 2572/2572/2572
f 2555/2555/2555 2554/2554/2554 2572/2572/2572
f 2555/2555/2555 2572/2572/2572 2573/2573/2573
f 2574/2574/2574 2555/2555/2555 2573/2573/2573
f 2574/2574/2574 2573/2573/2573 2575/2575/2575
f 2576/2576/2576 2574/2574/2574 2575/2575/2575
f 2576/2576/2576 2575/2575/2575 2577/2577/2577
f 2578/2578/2578 2576/2576/2576 2577/2577/2577
f 2578/2578/2578 2577/2577/2577 2579/2579/2579
f 2580/2580/2580 2578/2578/2578 2579/2579/2579
f 2580/2580/2580 2579/2579/2579 2581/2581/2581
f 2582/2582/2582 2580/2580/2580 2581/2581/2581
f 2582/2582/2582 2581/2581/2581 2583/2583/2583
f 2584/2584/2584 2582/2582/2582 2583/2583/2583
f 2584/2584/2584 2583/2583/2583 2585/2585/2585
f 2586/2586/2586 2584/2584/2584 2585/2585/2585
f 2586/2586/2586 2585/2585/2585 2587/2587/2587
f 2588/2588/2588 2586/2586/2586 2587/2587/2587
f 2588/2588/2588 2587/2587/2587 2589/2589/2589
f 2590/2590/2590 2588/2588/2588 2589/2589/2589
f 2590/2590/2590 2589/2589/2589 2591/2591/2591
f 2592/2592/2592 2590/2590/2590 2591/2591/2591
f 2592/2592/2592 2591/2591/2591 2593/2593/2593
f 2594/2594/2594 2592/2592/2592 2593/2593/2593
f 2594/2594/2594 2593/2593/2593 2595/2595/2595
f 2596/2596/2596 2594/2594/2594 2595/2595/2595
f 2596/2596/2596 2595/2595/2595 2597/2597/2597
f 2598/2598/2598 2596/2596/2596 2597/2597/2597
f 2598/2598/2598 2597/2597/2597 2599/2599/2599
f 2559/2559/2559 2600/2600/2600 2601/2601/2601
f 2559/2559/2559 2601/2601/2601 2560/2560/2560
f 214/214/214 2602/2602/2602 2603/2603/2603
f 214/214/214 2603/2603/2603 215/215/215
f 2584/2584/2584 2586/2586/2586 2604/2604/2604
f 2584/2584/2584 2604/2604/2604 2605/2605/2605
f 2600/2600/2600 2559/2559/2559 2606/2606/2606
f 2600/2600/2600 2606/2606/2606 2607/2607/2607
f 2558/2558/2558 2562/2562/2562 2608/2608/2608
f 2558/2558/2558 2608/2608/2608 2609/2609/2609
f 2555/2555/2555 2574/2574/2574 2610/2610/2610
f 2555/2555/2555 2610/2610/2610 2556/2556/2556
f 2586/2586/2586 2588/2588/2588 2611/2611/2611
f 2586/2586/2586 2611/2611/2611 2604/2604/2604
f 2562/2562/2562 2564/2564/2564 2612/2612/2612
f 2562/2562/2562 2612/2612/2612 2608/2608/2608
f 2574/2574/2574 2576/2576/2576 2613/2613/2613
f 2574/2574/2574 2613/2613/2613 2610/2610/2610
f 2588/2588/2588 2590/2590/2590 2614/2614/2614
f 2588/2588/2588 2614/2614/2614 2611/2611/2611
f 2564/2564/2564 2566/2566/2566 2615/2615/2615
f 2564/2564/2564 2615/2615/2615 2612/2612/2612
f 2576/2576/2576 2578/2578/2578 2616/2616/2616
f 2576/2576/2576 2616/2616/2616 2613/2613/2613
f 2590/2590/2590 2592/2592/2592 2617/2617/2617
f 2590/2590/2590 2617/2617/2617 2614/2614/2614
f 2566/2566/2566 2568/2568/2568 2618/2618/2618
f 2566/2566/2566 2618/2618/2618 2615/2615/2615
f 2578/2578/2578 2580/2580/2580 2619/2619/2619
f 2578/2578/2578 2619/2619/2619 2616/2616/2616
f 2592/2592/2592 2594/2594/2594 2620/2620/2620
f 2592/2592/2592 2620/2620/2620 2617/2617/2617
f 2568/2568/2568 2570/2570/2570 2621/2621/2621
f 2568/2568/2568 2621/2621/2621 2618/2618/2618
f 2580/2580/2580 2582/2582/2582 2622/2622/2622
f 2580/2580/2580 2622/2622/2622 2619/2619/2619
f 2594/2594/2594 2596/2596/2596 2623/2623/2623
f 2594/2594/2594 2623/2623/2623 2620/2620/2620
f 2570/2570/2570 2554/2554/2554 2557/2557/2557
f 2570/2570/2570 2557/2557/2557 2621/2621/2621
f 2582/2582/2582 2584/2584/2584 2605/2605/2605
f 2582/2582/2582 2605/2605/2605 2622/2622/2622
f 2596/2596/2596 2598/2598/2598 2624/2624/2624
f 2596/2596/2596 2624/2624/2624 2623/2623/2623
f 2559/2559/2559 2558/2558/2558 2609/2609/2609
f 2559/2559/2559 2609/2609/2609 2606/2606/2606
f 217/217/217 2625/2625/2625 2626/2626/2626
f 217/217/217 2626/2626/2626 218/218/218
f 220/220/220 2627/2627/2627 2628/2628/2628
f 220/220/220 2628/2628/2628 221/221/221
f 2602/2602/2602 198/198/198 200/200/200
f 2602/2602/2602 200/200/200 2603/2603/2603
f 2625/2625/2625 201/201/201 203/203/203
f 2625/2625/2625 203/203/203 2626/2626/2626
f 2627/2627/2627 204/204/204 206/206/206
f 2627/2627/2627 206/206/206 2628/2628/2628
f 199/199/199 210/210/210 212/212/212
f 199/199/199 212/212/212 200/200/200
f 202/202/202 2629/2629/2629 2630/2630/2630
f 202/202/202 2630/2630/2630 203/203/203
f 205/205/205 2631/2631/2631 2632/2632/2632
f 205/205/205 2632/2632/2632 206/206/206
f 2633/2633/2633 207/207/207 209/209/209
f 2633/2633/2633 209/209/209 2634/2634/2634
f 208/208/208 2635/2635/2635 2636/2636/2636
f 208/208/208 2636/2636/2636 209/209/209
f 2631/2631/2631 213/213/213 215/215/215
f 2631/2631/2631 215/215/215 2632/2632/2632
f 211/211/211 216/216/216 218/218/218
f 211/211/211 218/218/218 212/212/212
f 2635/2635/2635 219/219/219 221/221/221
f 2635/2635/2635 221/221/221 2636/2636/2636
f 2637/2637/2637 2638/2638/2638 2639/2639/2639
f 2637/2637/2637 2639/2639/2639 2640/2640/2640
f 2641/2641/2641 2637/2637/2637 2640/2640/2640
f 2641/2641/2641 2640/2640/2640 2642/2642/2642
f 2643/2643/2643 2641/2641/2641 2642/2642/2642
f 2643/2643/2643 2642/2642/2642 2644/2644/2644
f 2645/2645/2645 2643/2643/2643 2644/2644/2644
f 2645/2645/2645 2644/2644/2644 2646/2646/2646
f 2647/2647/2647 2645/2645/2645 2646/2646/2646
f 2647/2647/2647 2646/2646/2646 2648/2648/2648
f 2649/2649/2649 2647/2647/2647 2648/2648/2648
f 2649/2649/2649 2648/2648/2648 2650/2650/2650
f 2651/2651/2651 2649/2649/2649 2650/2650/2650
f 2651/2651/2651 2650/2650/2650 2652/2652/2652
f 2653/2653/2653 2651/2651/2651 2652/2652/2652
f 2653/2653/2653 2652/2652/2652 2654/2654/2654
f 2655/2655/2655 2653/2653/2653 2654/2654/2654
f 2655/2655/2655 2654/2654/2654 2656/2656/2656
f 2657/2657/2657 2655/2655/2655 2656/2656/2656
f 2657/2657/2657 2656/2656/2656 2658/2658/2658
f 2659/2659/2659 2657/2657/2657 2658/2658/2658
f 2659/2659/2659 2658/2658/2658 2660/2660/2660
f 2661/2661/2661 2659/2659/2659 2660/2660/2660
f 2661/2661/2661 2660/2660/2660 2662/2662/2662
f 2663/2663/2663 2661/2661/2661 2662/2662/2662
f 2663/2663/2663 2662/2662/2662 2664/2664/2664
f 2638/2638/2638 2665/2665/2665 2666/2666/2666
f 2638/2638/2638 2666/2666/2666 2639/2639/2639
f 2667/2667/2667 2668/2668/2668 2669/2669/2669
f 2667/2667/2667 2669/2669/2669 2670/2670/2670
f 2671/2671/2671 2672/2672/2672 2673/2673/2673
f 2671/2671/2671 2673/2673/2673 2674/2674/2674
f 2675/2675/2675 2676/2676/2676 2677/2677/2677
f 2675/2675/2675 2677/2677/2677 2678/2678/2678
f 2679/2679/2679 2680/2680/2680 2681/2681/2681
f 2679/2679/2679 2681/2681/2681 2682/2682/2682
f 2680/2680/2680 2683/2683/2683 2684/2684/2684
f 2680/2680/2680 2684/2684/2684 2681/2681/2681
f 2676/2676/2676 2685/2685/2685 2686/2686/2686
f 2676/2676/2676 2686/2686/2686 2677/2677/2677
f 2668/2668/2668 2687/2687/2687 2688/2688/2688
f 2668/2668/2668 2688/2688/2688 2669/2669/2669
f 2683/2683/2683 2689/2689/2689 2690/2690/2690
f 2683/2683/2683 2690/2690/2690 2684/2684/2684
f 2685/2685/2685 2691/2691/2691 2692/2692/2692
f 2685/2685/2685 2692/2692/2692 2686/2686/2686
f 2687/2687/2687 2693/2693/2693 2694/2694/2694
f 2687/2687/2687 2694/2694/2694 2688/2688/2688
f 2689/2689/2689 2695/2695/2695 2696/2696/2696
f 2689/2689/2689 2696/2696/2696 2690/2690/2690
f 2691/2691/2691 2667/2667/2667 2670/2670/2670
f 2691/2691/2691 2670/2670/2670 2692/2692/2692
f 2693/2693/2693 2671/2671/2671 2674/2674/2674
f 2693/2693/2693 2674/2674/2674 2694/2694/2694
f 2695/2695/2695 2675/2675/2675 2678/2678/2678
f 2695/2695/2695 2678/2678/2678 2696/2696/2696
f 2697/2697/2697 2698/2698/2698 2699/2699/2699
f 2697/2697/2697 2699/2699/2699 2700/2700/2700
f 2701/2701/2701 2697/2697/2697 2700/2700/2700
f 2701/2701/2701 2700/2700/2700 2702/2702/2702
f 2703/2703/2703 2701/2701/2701 2702/2702/2702
f 2703/2703/2703 2702/2702/2702 2704/2704/2704
f 2705/2705/2705 2703/2703/2703 2704/2704/2704
f 2705/2705/2705 2704/2704/2704 2706/2706/2706
f 2707/2707/2707 2705/2705/2705 2706/2706/2706
f 2707/2707/2707 2706/2706/2706 2708/2708/2708
f 2709/2709/2709 2707/2707/2707 2708/2708/2708
f 2709/2709/2709 2708/2708/2708 2710/2710/2710
f 2711/2711/2711 2709/2709/2709 2710/2710/2710
f 2711/2711/2711 2710/2710/2710 2712/2712/2712
f 2713/2713/2713 2711/2711/2711 2712/2712/2712
f 2713/2713/2713 2712/2712/2712 2714/2714/2714
f 2715/2715/2715 2713/2713/2713 2714/2714/2714
f 2715/2715/2715 2714/2714/2714 2716/2716/2716
f 2717/2717/2717 2715/2715/2715 2716/2716/2716
f 2717/2717/2717 2716/2716/2716 2718/2718/2718
f 2719/2719/2719 2717/2717/2717 2718/2718/2718
f 2719/2719/2719 2718/2718/2718 2720/2720/2720
f 2721/2721/2721 2719/2719/2719 2720/2720/2720
f 2721/2721/2721 2720/2720/2720 2722/2722/2722
f 2723/2723/2723 2721/2721/2721 2722/2722/2722
f 2723/2723/2723 2722/2722/2722 2724/2724/2724
f 2725/2725/2725 2723/2723/2723 2724/2724/2724
f 2725/2725/2725 2724/2724/2724 2726/2726/2726
f 2727/2727/2727 2725/2725/2725 2726/2726/2726
f 2727/2727/2727 2726/2726/2726 2728/2728/2728
f 2729/2729/2729 2727/2727/2727 2728/2728/2728
f 2729/2729/2729 2728/2728/2728 2730/2730/2730
f 2731/2731/2731 2729/2729/2729 2730/2730/2730
f 2731/2731/2731 2730/2730/2730 2732/2732/2732
f 2733/2733/2733 2731/2731/2731 2732/2732/2732
f 2733/2733/2733 2732/2732/2732 2734/2734/2734
f 2735/2735/2735 2733/2733/2733 2734/2734/2734
f 2735/2735/2735 2734/2734/2734 2736/2736/2736
f 2737/2737/2737 2735/2735/2735 2736/2736/2736
f 2737/2737/2737 2736/2736/2736 2738/2738/2738
f 2739/2739/2739 2737/2737/2737 2738/2738/2738
f 2739/2739/2739 2738/2738/2738 2740/2740/2740
f 2741/2741/2741 2742/2742/2742 2743/2743/2743
f 2741/2741/2741 2743/2743/2743 2744/2744/2744
f 2745/2745/2745 2746/2746/2746 2747/2747/2747
f 2745/2745/2745 2747/2747/2747 2748/2748/2748
f 2749/2749/2749 2750/2750/2750 2746/2746/2746
f 2749/2749/2749 2746/2746/2746 2745/2745/2745
f 2751/2751/2751 2752/2752/2752 2750/2750/2750
f 2751/2751/2751 2750/2750/2750 2749/2749/2749
f 2753/2753/2753 2754/2754/2754 2752/2752/2752
f 2753/2753/2753 2752/2752/2752 2751/2751/2751
f 2755/2755/2755 2756/2756/2756 2754/2754/2754
f 2755/2755/2755 2754/2754/2754 2753/2753/2753
f 2757/2757/2757 2758/2758/2758 2756/2756/2756
f 2757/2757/2757 2756/2756/2756 2755/2755/2755
f 2741/2741/2741 2759/2759/2759 2758/2758/2758
f 2741/2741/2741 2758/2758/2758 2757/2757/2757
f 2744/2744/2744 2760/2760/2760 2759/2759/2759
f 2744/2744/2744 2759/2759/2759 2741/2741/2741
f 2761/2761/2761 2762/2762/2762 2760/2760/2760
f 2761/2761/2761 2760/2760/2760 2744/2744/2744
f 2763/2763/2763 2764/2764/2764 2762/2762/2762
f 2763/2763/2763 2762/2762/2762 2761/2761/2761
f 2765/2765/2765 2766/2766/2766 2764/2764/2764
f 2765/2765/2765 2764/2764/2764 2763/2763/2763
f 2767/2767/2767 2768/2768/2768 2766/2766/2766
f 2767/2767/2767 2766/2766/2766 2765/2765/2765
f 2769/2769/2769 2770/2770/2770 2768/2768/2768
f 2769/2769/2769 2768/2768/2768 2767/2767/2767
f 2771/2771/2771 2772/2772/2772 2770/2770/2770
f 2771/2771/2771 2770/2770/2770 2769/2769/2769
f 2773/2773/2773 2774/2774/2774 2772/2772/2772
f 2773/2773/2773 2772/2772/2772 2771/2771/2771
f 2775/2775/2775 2776/2776/2776 2774/2774/2774
f 2775/2775/2775 2774/2774/2774 2773/2773/2773
f 2777/2777/2777 2778/2778/2778 2776/2776/2776
f 2777/2777/2777 2776/2776/2776 2775/2775/2775
f 2779/2779/2779 2780/2780/2780 2778/2778/2778
f 2779/2779/2779 2778/2778/2778 2777/2777/2777
f 2781/2781/2781 2782/2782/2782 2780/2780/2780
f 2781/2781/2781 2780/2780/2780 2779/2779/2779
f 2783/2783/2783 2784/2784/2784 2782/2782/2782
f 2783/2783/2783 2782/2782/2782 2781/2781/2781
f 2785/2785/2785 2786/2786/2786 2784/2784/2784
f 2785/2785/2785 2784/2784/2784 2783/2783/2783
f 2748/2748/2748 2747/2747/2747 2787/2787/2787
f 2748/2748/2748 2787/2787/2787 2788/2788/2788
f 239/239/239 238/238/238 2789/2789/2789
f 239/239/239 2789/2789/2789 2790/2790/2790
f 2771/2771/2771 2791/2791/2791 2792/2792/2792
f 2771/2771/2771 2792/2792/2792 2773/2773/2773
f 2788/2788/2788 2793/2793/2793 2794/2794/2794
f 2788/2788/2788 2794/2794/2794 2748/2748/2748
f 2745/2745/2745 2795/2795/2795 2796/2796/2796
f 2745/2745/2745 2796/2796/2796 2749/2749/2749
f 2744/2744/2744 2743/2743/2743 2797/2797/2797
f 2744/2744/2744 2797/2797/2797 2761/2761/2761
f 2773/2773/2773 2792/2792/2792 2798/2798/2798
f 2773/2773/2773 2798/2798/2798 2775/2775/2775
f 2749/2749/2749 2796/2796/2796 2799/2799/2799
f 2749/2749/2749 2799/2799/2799 2751/2751/2751
f 2761/2761/2761 2797/2797/2797 2800/2800/2800
f 2761/2761/2761 2800/2800/2800 2763/2763/2763
f 2775/2775/2775 2798/2798/2798 2801/2801/2801
f 2775/2775/2775 2801/2801/2801 2777/2777/2777
f 2751/2751/2751 2799/2799/2799 2802/2802/2802
f 2751/2751/2751 2802/2802/2802 2753/2753/2753
f 2763/2763/2763 2800/2800/2800 2803/2803/2803
f 2763/2763/2763 2803/2803/2803 2765/2765/2765
f 2777/2777/2777 2801/2801/2801 2804/2804/2804
f 2777/2777/2777 2804/2804/2804 2779/2779/2779
f 2753/2753/2753 2802/2802/2802 2805/2805/2805
f 2753/2753/2753 2805/2805/2805 2755/2755/2755
f 2765/2765/2765 2803/2803/2803 2806/2806/2806
f 2765/2765/2765 2806/2806/2806 2767/2767/2767
f 2779/2779/2779 2804/2804/2804 2807/2807/2807
f 2779/2779/2779 2807/2807/2807 2781/2781/2781
f 2755/2755/2755 2805/2805/2805 2808/2808/2808
f 2755/2755/2755 2808/2808/2808 2757/2757/2757
f 2767/2767/2767 2806/2806/2806 2809/2809/2809
f 2767/2767/2767 2809/2809/2809 2769/2769/2769
f 2781/2781/2781 2807/2807/2807 2810/2810/2810
f 2781/2781/2781 2810/2810/2810 2783/2783/2783
f 2757/2757/2757 2808/2808/2808 2742/2742/2742
f 2757/2757/2757 2742/2742/2742 2741/2741/2741
f 2769/2769/2769 2809/2809/2809 2791/2791/2791
f 2769/2769/2769 2791/2791/2791 2771/2771/2771
f 2783/2783/2783 2810/2810/2810 2811/2811/2811
f 2783/2783/2783 2811/2811/2811 2785/2785/2785
f 2748/2748/2748 2794/2794/2794 2795/2795/2795
f 2748/2748/2748 2795/2795/2795 2745/2745/2745
f 242/242/242 241/241/241 2812/2812/2812
f 242/242/242 2812/2812/2812 2813/2813/2813
f 245/245/245 244/244/244 2814/2814/2814
f 245/245/245 2814/2814/2814 2815/2815/2815
f 2790/2790/2790 2789/2789/2789 223/223/223
f 2790/2790/2790 223/223/223 222/222/222
f 2813/2813/2813 2812/2812/2812 226/226/226
f 2813/2813/2813 226/226/226 225/225/225
f 2815/2815/2815 2814/2814/2814 229/229/229
f 2815/2815/2815 229/229/229 228/228/228
f 224/224/224 223/223/223 235/235/235
f 224/224/224 235/235/235 234/234/234
f 227/227/227 226/226/226 2816/2816/2816
f 227/227/227 2816/2816/2816 2817/2817/2817
f 230/230/230 229/229/229 2818/2818/2818
f 230/230/230 2818/2818/2818 2819/2819/2819
f 2820/2820/2820 2821/2821/2821 232/232/232
f 2820/2820/2820 232/232/232 231/231/231
f 233/233/233 232/232/232 2822/2822/2822
f 233/233/233 2822/2822/2822 2823/2823/2823
f 2819/2819/2819 2818/2818/2818 238/238/238
f 2819/2819/2819 238/238/238 237/237/237
f 236/236/236 235/235/235 241/241/241
f 236/236/236 241/241/241 240/240/240
f 2823/2823/2823 2822/2822/2822 244/244/244
f 2823/2823/2823 244/244/244 243/243/243
f 2824/2824/2824 2825/2825/2825 2826/2826/2826
f 2824/2824/2824 2826/2826/2826 2827/2827/2827
f 2828/2828/2828 2829/2829/2829 2825/2825/2825
f 2828/2828/2828 2825/2825/2825 2824/2824/2824
f 2830/2830/2830 2831/2831/2831 2829/2829/2829
f 2830/2830/2830 2829/2829/2829 2828/2828/2828
f 2832/2832/2832 2833/2833/2833 2831/2831/2831
f 2832/2832/2832 2831/2831/2831 2830/2830/2830
f 2834/2834/2834 2835/2835/2835 2833/2833/2833
f 2834/2834/2834 2833/2833/2833 2832/2832/2832
f 2836/2836/2836 2837/2837/2837 2835/2835/2835
f 2836/2836/2836 2835/2835/2835 2834/2834/2834
f 2838/2838/2838 2839/2839/2839 2837/2837/2837
f 2838/2838/2838 2837/2837/2837 2836/2836/2836
f 2840/2840/2840 2841/2841/2841 2839/2839/2839
f 2840/2840/2840 2839/2839/2839 2838/2838/2838
f 2842/2842/2842 2843/2843/2843 2841/2841/2841
f 2842/2842/2842 2841/2841/2841 2840/2840/2840
f 2844/2844/2844 2845/2845/2845 2843/2843/2843
f 2844/2844/2844 2843/2843/2843 2842/2842/2842
f 2846/2846/2846 2847/2847/2847 2845/2845/2845
f 2846/2846/2846 2845/2845/2845 2844/2844/2844
f 2848/2848/2848 2849/2849/2849 2847/2847/2847
f 2848/2848/2848 2847/2847/2847 2846/2846/2846
f 2850/2850/2850 2851/2851/2851 2849/2849/2849
f 2850/2850/2850 2849/2849/2849 2848/2848/2848
f 2827/2827/2827 2826/2826/2826 2852/2852/2852
f 2827/2827/2827 2852/2852/2852 2853/2853/2853
f 2854/2854/2854 2855/2855/2855 2856/2856/2856
f 2854/2854/2854 2856/2856/2856 2857/2857/2857
f 2858/2858/2858 2859/2859/2859 2860/2860/2860
f 2858/2858/2858 2860/2860/2860 2861/2861/2861
f 2862/2862/2862 2863/2863/2863 2864/2864/2864
f 2862/2862/2862 2864/2864/2864 2865/2865/2865
f 2866/2866/2866 2867/2867/2867 2868/2868/2868
f 2866/2866/2866 2868/2868/2868 2869/2869/2869
f 2869/2869/2869 2868/2868/2868 2870/2870/2870
f 2869/2869/2869 2870/2870/2870 2871/2871/2871
f 2865/2865/2865 2864/2864/2864 2872/2872/2872
f 2865/2865/2865 2872/2872/2872 2873/2873/2873
f 2857/2857/2857 2856/2856/2856 2874/2874/2874
f 2857/2857/2857 2874/2874/2874 2875/2875/2875
f 2871/2871/2871 2870/2870/2870 2876/2876/2876
f 2871/2871/2871 2876/2876/2876 2877/2877/2877
f 2873/2873/2873 2872/2872/2872 2878/2878/2878
f 2873/2873/2873 2878/2878/2878 2879/2879/2879
f 2875/2875/2875 2874/2874/2874 2880/2880/2880
f 2875/2875/2875 2880/2880/2880 2881/2881/2881
f 2877/2877/2877 2876/2876/2876 2882/2882/2882
f 2877/2877/2877 2882/2882/2882 2883/2883/2883
f 2879/2879/2879 2878/2878/2878 2855/2855/2855
f 2879/2879/2879 2855/2855/2855 2854/2854/2854
f 2881/2881/2881 2880/2880/2880 2859/2859/2859
f 2881/2881/2881 2859/2859/2859 2858/2858/2858
f 2883/2883/2883 2882/2882/2882 2863/2863/2863
f 2883/2883/2883 2863/2863/2863 2862/2862/2862
f 2884/2884/2884 2739/2739/2739 2740/2740/2740
f 2884/2884/2884 2740/2740/2740 2885/2885/2885
f 2886/2886/2886 2887/2887/2887 2888/2888/2888
f 2886/2886/2886 2888/2888/2888 2889/2889/2889
f 2889/2889/2889 2888/2888/2888 263/263/263
f 2889/2889/2889 263/263/263 2890/2890/2890
f 2890/2890/2890 263/263/263 253/253/253
f 2890/2890/2890 253/253/253 2891/2891/2891
f 2891/2891/2891 253/253/253 252/252/252
f 2891/2891/2891 252/252/252 2892/2892/2892
f 2892/2892/2892 252/252/252 256/256/256
f 2892/2892/2892 256/256/256 2893/2893/2893
f 2893/2893/2893 256/256/256 255/255/255
f 2893/2893/2893 255/255/255 2894/2894/2894
f 2895/2895/2895 2896/2896/2896 247/247/247
f 2895/2895/2895 247/247/247 2897/2897/2897
f 2897/2897/2897 247/247/247 246/246/246
f 2897/2897/2897 246/246/246 2898/2898/2898
f 2898/2898/2898 246/246/246 2899/2899/2899
f 2898/2898/2898 2899/2899/2899 2900/2900/2900
f 2900/2900/2900 2899/2899/2899 2901/2901/2901
f 2900/2900/2900 2901/2901/2901 2902/2902/2902
f 2902/2902/2902 2901/2901/2901 2903/2903/2903
f 2902/2902/2902 2903/2903/2903 2904/2904/2904
f 2905/2905/2905 2906/2906/2906 2907/2907/2907
f 2905/2905/2905 2907/2907/2907 2908/2908/2908
f 2909/2909/2909 2910/2910/2910 2911/2911/2911
f 2909/2909/2909 2911/2911/2911 2912/2912/2912
f 2913/2913/2913 248/248/248 247/247/247
f 2913/2913/2913 247/247/247 2896/2896/2896
f 2901/2901/2901 2899/2899/2899 2914/2914/2914
f 2901/2901/2901 2914/2914/2914 2915/2915/2915
f 2899/2899/2899 246/246/246 248/248/248
f 2899/2899/2899 248/248/248 2914/2914/2914
f 256/256/256 252/252/252 254/254/254
f 256/256/256 254/254/254 257/257/257
f 263/263/263 2888/2888/2888 2916/2916/2916
f 263/263/263 2916/2916/2916 266/266/266
f 2896/2896/2896 255/255/255 257/257/257
f 2896/2896/2896 257/257/257 2913/2913/2913
f 259/259/259 2917/2917/2917 2918/2918/2918
f 259/259/259 2918/2918/2918 260/260/260
f 2913/2913/2913 257/257/257 291/291/291
f 2913/2913/2913 291/291/291 288/288/288
f 2903/2903/2903 2901/2901/2901 2915/2915/2915
f 2903/2903/2903 2915/2915/2915 2919/2919/2919
f 2888/2888/2888 2887/2887/2887 2920/2920/2920
f 2888/2888/2888 2920/2920/2920 2916/2916/2916
f 2908/2908/2908 2907/2907/2907 2921/2921/2921
f 2908/2908/2908 2921/2921/2921 2922/2922/2922
f 254/254/254 253/253/253 2923/2923/2923
f 254/254/254 2923/2923/2923 276/276/276
f 257/257/257 254/254/254 276/276/276
f 257/257/257 276/276/276 291/291/291
f 248/248/248 2913/2913/2913 288/288/288
f 248/248/248 288/288/288 295/295/295
f 253/253/253 264/264/264 2924/2924/2924
f 253/253/253 2924/2924/2924 2925/2925/2925
f 2914/2914/2914 248/248/248 294/294/294
f 2914/2914/2914 294/294/294 2926/2926/2926
f 255/255/255 2896/2896/2896 2895/2895/2895
f 255/255/255 2895/2895/2895 2894/2894/2894
f 2927/2927/2927 2928/2928/2928 2929/2929/2929
f 2927/2927/2927 2929/2929/2929 2930/2930/2930
f 2930/2930/2930 2929/2929/2929 2931/2931/2931
f 2930/2930/2930 2931/2931/2931 2932/2932/2932
f 2932/2932/2932 2931/2931/2931 2933/2933/2933
f 2932/2932/2932 2933/2933/2933 2934/2934/2934
f 2934/2934/2934 2933/2933/2933 2935/2935/2935
f 2934/2934/2934 2935/2935/2935 2936/2936/2936
f 2936/2936/2936 2935/2935/2935 2937/2937/2937
f 2936/2936/2936 2937/2937/2937 2938/2938/2938
f 2938/2938/2938 2937/2937/2937 2939/2939/2939
f 2938/2938/2938 2939/2939/2939 2940/2940/2940
f 2940/2940/2940 2939/2939/2939 2941/2941/2941
f 2940/2940/2940 2941/2941/2941 2942/2942/2942
f 2942/2942/2942 2941/2941/2941 2943/2943/2943
f 2942/2942/2942 2943/2943/2943 2944/2944/2944
f 2944/2944/2944 2943/2943/2943 2945/2945/2945
f 2944/2944/2944 2945/2945/2945 2946/2946/2946
f 2946/2946/2946 2945/2945/2945 2947/2947/2947
f 2946/2946/2946 2947/2947/2947 2948/2948/2948
f 297/297/297 2949/2949/2949 2950/2950/2950
f 297/297/297 2950/2950/2950 298/298/298
f 298/298/298 2950/2950/2950 2951/2951/2951
f 298/298/298 2951/2951/2951 2952/2952/2952
f 2953/2953/2953 2954/2954/2954 260/260/260
f 2953/2953/2953 260/260/260 2918/2918/2918
f 2952/2952/2952 2951/2951/2951 2955/2955/2955
f 2952/2952/2952 2955/2955/2955 2956/2956/2956
f 2956/2956/2956 2955/2955/2955 2928/2928/2928
f 2956/2956/2956 2928/2928/2928 2927/2927/2927
f 278/278/278 275/275/275 293/293/293
f 278/278/278 293/293/293 292/292/292
f 271/271/271 290/290/290 283/283/283
f 271/271/271 283/283/283 272/272/272
f 282/282/282 273/273/273 275/275/275
f 282/282/282 275/275/275 283/283/283
f 285/285/285 279/279/279 272/272/272
f 285/285/285 272/272/272 286/286/286
f 289/289/289 287/287/287 286/286/286
f 289/289/289 286/286/286 278/278/278
f 288/288/288 291/291/291 293/293/293
f 288/288/288 293/293/293 275/275/275
f 291/291/291 276/276/276 278/278/278
f 291/291/291 278/278/278 292/292/292
f 267/267/267 2946/2946/2946 2948/2948/2948
f 267/267/267 2948/2948/2948 268/268/268
f 2957/2957/2957 2958/2958/2958 2954/2954/2954
f 2957/2957/2957 2954/2954/2954 2953/2953/2953
f 2959/2959/2959 2960/2960/2960 2958/2958/2958
f 2959/2959/2959 2958/2958/2958 2957/2957/2957
f 2961/2961/2961 2960/2960/2960 2959/2959/2959
f 2961/2961/2961 2959/2959/2959 2962/2962/2962
f 2963/2963/2963 2961/2961/2961 2962/2962/2962
f 2963/2963/2963 2962/2962/2962 2964/2964/2964
f 300/300/300 2963/2963/2963 2964/2964/2964
f 300/300/300 2964/2964/2964 301/301/301
f 2965/2965/2965 2966/2966/2966 2967/2967/2967
f 2965/2965/2965 2967/2967/2967 2968/2968/2968
f 2966/2966/2966 2969/2969/2969 320/320/320
f 2966/2966/2966 320/320/320 2967/2967/2967
f 2969/2969/2969 2970/2970/2970 310/310/310
f 2969/2969/2969 310/310/310 320/320/320
f 2970/2970/2970 2971/2971/2971 308/308/308
f 2970/2970/2970 308/308/308 310/310/310
f 2971/2971/2971 2972/2972/2972 313/313/313
f 2971/2971/2971 313/313/313 308/308/308
f 2972/2972/2972 2973/2973/2973 311/311/311
f 2972/2972/2972 311/311/311 313/313/313
f 2974/2974/2974 2975/2975/2975 304/304/304
f 2974/2974/2974 304/304/304 2976/2976/2976
f 2975/2975/2975 2977/2977/2977 302/302/302
f 2975/2975/2975 302/302/302 304/304/304
f 2977/2977/2977 2978/2978/2978 2979/2979/2979
f 2977/2977/2977 2979/2979/2979 302/302/302
f 2978/2978/2978 2980/2980/2980 2981/2981/2981
f 2978/2978/2978 2981/2981/2981 2979/2979/2979
f 2980/2980/2980 2982/2982/2982 2983/2983/2983
f 2980/2980/2980 2983/2983/2983 2981/2981/2981
f 2984/2984/2984 2985/2985/2985 2986/2986/2986
f 2984/2984/2984 2986/2986/2986 2987/2987/2987
f 321/321/321 317/317/317 2988/2988/2988
f 321/321/321 2988/2988/2988 2989/2989/2989
f 2990/2990/2990 2976/2976/2976 304/304/304
f 2990/2990/2990 304/304/304 303/303/303
f 2981/2981/2981 2991/2991/2991 2992/2992/2992
f 2981/2981/2981 2992/2992/2992 2979/2979/2979
f 2979/2979/2979 2992/2992/2992 303/303/303
f 2979/2979/2979 303/303/303 302/302/302
f 313/313/313 312/312/312 309/309/309
f 313/313/313 309/309/309 308/308/308
f 320/320/320 322/322/322 2993/2993/2993
f 320/320/320 2993/2993/2993 2967/2967/2967
f 2976/2976/2976 2990/2990/2990 312/312/312
f 2976/2976/2976 312/312/312 311/311/311
f 316/316/316 315/315/315 2994/2994/2994
f 316/316/316 2994/2994/2994 2995/2995/2995
f 2990/2990/2990 344/344/344 347/347/347
f 2990/2990/2990 347/347/347 312/312/312
f 2983/2983/2983 2996/2996/2996 2991/2991/2991
f 2983/2983/2983 2991/2991/2991 2981/2981/2981
f 2967/2967/2967 2993/2993/2993 2997/2997/2997
f 2967/2967/2967 2997/2997/2997 2968/2968/2968
f 2985/2985/2985 2998/2998/2998 2999/2999/2999
f 2985/2985/2985 2999/2999/2999 2986/2986/2986
f 309/309/309 332/332/332 3000/3000/3000
f 309/309/309 3000/3000/3000 310/310/310
f 312/312/312 347/347/347 332/332/332
f 312/312/312 332/332/332 309/309/309
f 303/303/303 351/351/351 344/344/344
f 303/303/303 344/344/344 2990/2990/2990
f 310/310/310 3001/3001/3001 3002/3002/3002
f 310/310/310 3002/3002/3002 319/319/319
f 2992/2992/2992 3003/3003/3003 350/350/350
f 2992/2992/2992 350/350/350 303/303/303
f 311/311/311 2973/2973/2973 2974/2974/2974
f 311/311/311 2974/2974/2974 2976/2976/2976
f 3004/3004/3004 3005/3005/3005 3006/3006/3006
f 3004/3004/3004 3006/3006/3006 3007/3007/3007
f 3005/3005/3005 3008/3008/3008 3009/3009/3009
f 3005/3005/3005 3009/3009/3009 3006/3006/3006
f 3008/3008/3008 3010/3010/3010 3011/3011/3011
f 3008/3008/3008 3011/3011/3011 3009/3009/3009
f 3010/3010/3010 3012/3012/3012 3013/3013/3013
f 3010/3010/3010 3013/3013/3013 3011/3011/3011
f 3012/3012/3012 3014/3014/3014 3015/3015/3015
f 3012/3012/3012 3015/3015/3015 3013/3013/3013
f 3014/3014/3014 3016/3016/3016 3017/3017/3017
f 3014/3014/3014 3017/3017/3017 3015/3015/3015
f 3016/3016/3016 3018/3018/3018 3019/3019/3019
f 3016/3016/3016 3019/3019/3019 3017/3017/3017
f 3018/3018/3018 3020/3020/3020 3021/3021/3021
f 3018/3018/3018 3021/3021/3021 3019/3019/3019
f 3020/3020/3020 3022/3022/3022 3023/3023/3023
f 3020/3020/3020 3023/3023/3023 3021/3021/3021
f 3022/3022/3022 3024/3024/3024 3025/3025/3025
f 3022/3022/3022 3025/3025/3025 3023/3023/3023
f 354/354/354 353/353/353 3026/3026/3026
f 354/354/354 3026/3026/3026 3027/3027/3027
f 353/353/353 3028/3028/3028 3029/3029/3029
f 353/353/353 3029/3029/3029 3026/3026/3026
f 3030/3030/3030 2994/2994/2994 315/315/315
f 3030/3030/3030 315/315/315 3031/3031/3031
f 3028/3028/3028 3032/3032/3032 3033/3033/3033
f 3028/3028/3028 3033/3033/3033 3029/3029/3029
f 3032/3032/3032 3004/3004/3004 3007/3007/3007
f 3032/3032/3032 3007/3007/3007 3033/3033/3033
f 328/328/328 327/327/327 338/338/338
f 328/328/328 338/338/338 346/346/346
f 339/339/339 338/338/338 330/330/330
f 339/339/339 330/330/330 329/329/329
f 342/342/342 341/341/341 327/327/327
f 342/342/342 327/327/327 335/335/335
f 345/345/345 333/333/333 341/341/341
f 345/345/345 341/341/341 343/343/343
f 344/344/344 330/330/330 348/348/348
f 344/344/344 348/348/348 347/347/347
f 347/347/347 349/349/349 333/333/333
f 347/347/347 333/333/333 332/332/332
f 323/323/323 325/325/325 3024/3024/3024
f 323/323/323 3024/3024/3024 3022/3022/3022
f 3034/3034/3034 3030/3030/3030 3031/3031/3031
f 3034/3034/3034 3031/3031/3031 3035/3035/3035
f 3036/3036/3036 3034/3034/3034 3035/3035/3035
f 3036/3036/3036 3035/3035/3035 3037/3037/3037
f 3038/3038/3038 3039/3039/3039 3036/3036/3036
f 3038/3038/3038 3036/3036/3036 3037/3037/3037
f 3040/3040/3040 3041/3041/3041 3039/3039/3039
f 3040/3040/3040 3039/3039/3039 3038/3038/3038
f 357/357/357 356/356/356 3041/3041/3041
f 357/357/357 3041/3041/3041 3040/3040/3040
f 3042/3042/3042 3043/3043/3043 3044/3044/3044
f 3042/3042/3042 3044/3044/3044 3045/3045/3045
f 3045/3045/3045 3044/3044/3044 3046/3046/3046
f 3045/3045/3045 3046/3046/3046 3047/3047/3047
f 3047/3047/3047 3046/3046/3046 3048/3048/3048
f 3047/3047/3047 3048/3048/3048 3049/3049/3049
f 3049/3049/3049 3048/3048/3048 3050/3050/3050
f 3049/3049/3049 3050/3050/3050 3051/3051/3051
f 3051/3051/3051 3050/3050/3050 3052/3052/3052
f 3051/3051/3051 3052/3052/3052 3053/3053/3053
f 3053/3053/3053 3052/3052/3052 3054/3054/3054
f 3053/3053/3053 3054/3054/3054 3055/3055/3055
f 3055/3055/3055 3054/3054/3054 3056/3056/3056
f 3055/3055/3055 3056/3056/3056 3057/3057/3057
f 3057/3057/3057 3056/3056/3056 3058/3058/3058
f 3057/3057/3057 3058/3058/3058 3059/3059/3059
f 3059/3059/3059 3058/3058/3058 3060/3060/3060
f 3059/3059/3059 3060/3060/3060 3061/3061/3061
f 3061/3061/3061 3060/3060/3060 3062/3062/3062
f 3061/3061/3061 3062/3062/3062 3063/3063/3063
f 3063/3063/3063 3062/3062/3062 3064/3064/3064
f 3063/3063/3063 3064/3064/3064 3065/3065/3065
f 3065/3065/3065 3064/3064/3064 3066/3066/3066
f 3065/3065/3065 3066/3066/3066 3067/3067/3067
f 3067/3067/3067 3066/3066/3066 3068/3068/3068
f 3067/3067/3067 3068/3068/3068 3069/3069/3069
f 3069/3069/3069 3068/3068/3068 3043/3043/3043
f 3069/3069/3069 3043/3043/3043 3042/3042/3042
f 3070/3070/3070 3071/3071/3071 3072/3072/3072
f 3070/3070/3070 3072/3072/3072 3073/3073/3073
f 3073/3073/3073 3072/3072/3072 3074/3074/3074
f 3073/3073/3073 3074/3074/3074 3075/3075/3075
f 3075/3075/3075 3074/3074/3074 3076/3076/3076
f 3075/3075/3075 3076/3076/3076 3077/3077/3077
f 3077/3077/3077 3076/3076/3076 3078/3078/3078
f 3077/3077/3077 3078/3078/3078 3079/3079/3079
f 3079/3079/3079 3078/3078/3078 3080/3080/3080
f 3079/3079/3079 3080/3080/3080 3081/3081/3081
f 3081/3081/3081 3080/3080/3080 3082/3082/3082
f 3081/3081/3081 3082/3082/3082 3083/3083/3083
f 3083/3083/3083 3082/3082/3082 3084/3084/3084
f 3083/3083/3083 3084/3084/3084 3085/3085/3085
f 3085/3085/3085 3084/3084/3084 3086/3086/3086
f 3085/3085/3085 3086/3086/3086 3087/3087/3087
f 3087/3087/3087 3086/3086/3086 3088/3088/3088
f 3087/3087/3087 3088/3088/3088 3089/3089/3089
f 3089/3089/3089 3088/3088/3088 3090/3090/3090
f 3089/3089/3089 3090/3090/3090 3091/3091/3091
f 3091/3091/3091 3090/3090/3090 3092/3092/3092
f 3091/3091/3091 3092/3092/3092 3093/3093/3093
f 3093/3093/3093 3092/3092/3092 3094/3094/3094
f 3093/3093/3093 3094/3094/3094 3095/3095/3095
f 3095/3095/3095 3094/3094/3094 3096/3096/3096
f 3095/3095/3095 3096/3096/3096 3097/3097/3097
f 3097/3097/3097 3096/3096/3096 3071/3071/3071
f 3097/3097/3097 3071/3071/3071 3070/3070/3070
f 3098/3098/3098 3099/3099/3099 3100/3100/3100
f 3098/3098/3098 3100/3100/3100 3101/3101/3101
f 3101/3101/3101 3100/3100/3100 3102/3102/3102
f 3101/3101/3101 3102/3102/3102 3103/3103/3103
f 3103/3103/3103 3102/3102/3102 3104/3104/3104
f 3103/3103/3103 3104/3104/3104 3105/3105/3105
f 3105/3105/3105 3104/3104/3104 3106/3106/3106
f 3105/3105/3105 3106/3106/3106 3107/3107/3107
f 3107/3107/3107 3106/3106/3106 3108/3108/3108
f 3107/3107/3107 3108/3108/3108 3109/3109/3109
f 3109/3109/3109 3108/3108/3108 3110/3110/3110
f 3109/3109/3109 3110/3110/3110 3111/3111/3111
f 3111/3111/3111 3110/3110/3110 3112/3112/3112
f 3111/3111/3111 3112/3112/3112 3113/3113/3113
f 3113/3113/3113 3112/3112/3112 3114/3114/3114
f 3113/3113/3113 3114/3114/3114 3115/3115/3115
f 3115/3115/3115 3114/3114/3114 3116/3116/3116
f 3115/3115/3115 3116/3116/3116 3117/3117/3117
f 3117/3117/3117 3116/3116/3116 3118/3118/3118
f 3117/3117/3117 3118/3118/3118 3119/3119/3119
f 3119/3119/3119 3118/3118/3118 3120/3120/3120
f 3119/3119/3119 3120/3120/3120 3121/3121/3121
f 3121/3121/3121 3120/3120/3120 3122/3122/3122
f 3121/3121/3121 3122/3122/3122 3123/3123/3123
f 3123/3123/3123 3122/3122/3122 3124/3124/3124
f 3123/3123/3123 3124/3124/3124 3125/3125/3125
f 3125/3125/3125 3124/3124/3124 3099/3099/3099
f 3125/3125/3125 3099/3099/3099 3098/3098/3098
f 3126/3126/3126 3127/3127/3127 3128/3128/3128
f 3126/3126/3126 3128/3128/3128 3129/3129/3129
f 3129/3129/3129 3128/3128/3128 3130/3130/3130
f 3129/3129/3129 3130/3130/3130 3131/3131/3131
f 3131/3131/3131 3130/3130/3130 3132/3132/3132
f 3131/3131/3131 3132/3132/3132 3133/3133/3133
f 3133/3133/3133 3132/3132/3132 3134/3134/3134
f 3133/3133/3133 3134/3134/3134 3135/3135/3135
f 3135/3135/3135 3134/3134/3134 3136/3136/3136
f 3135/3135/3135 3136/3136/3136 3137/3137/3137
f 3137/3137/3137 3136/3136/3136 3138/3138/3138
f 3137/3137/3137 3138/3138/3138 3139/3139/3139
f 3139/3139/3139 3138/3138/3138 3140/3140/3140
f 3139/3139/3139 3140/3140/3140 3141/3141/3141
f 3141/3141/3141 3140/3140/3140 3142/3142/3142
f 3141/3141/3141 3142/3142/3142 3143/3143/3143
f 3143/3143/3143 3142/3142/3142 3144/3144/3144
f 3143/3143/3143 3144/3144/3144 3145/3145/3145
f 3145/3145/3145 3144/3144/3144 3146/3146/3146
f 3145/3145/3145 3146/3146/3146 3147/3147/3147
f 3147/3147/3147 3146/3146/3146 3148/3148/3148
f 3147/3147/3147 3148/3148/3148 3149/3149/3149
f 3149/3149/3149 3148/3148/3148 3150/3150/3150
f 3149/3149/3149 3150/3150/3150 3151/3151/3151
f 3151/3151/3151 3150/3150/3150 3152/3152/3152
f 3151/3151/3151 3152/3152/3152 3153/3153/3153
f 3153/3153/3153 3152/3152/3152 3127/3127/3127
f 3153/3153/3153 3127/3127/3127 3126/3126/3126
f 3154/3154/3154 3155/3155/3155 3156/3156/3156
f 3154/3154/3154 3156/3156/3156 3157/3157/3157
f 3157/3157/3157 3156/3156/3156 375/375/375
f 3157/3157/3157 375/375/375 3158/3158/3158
f 3158/3158/3158 375/375/375 365/365/365
f 3158/3158/3158 365/365/365 3159/3159/3159
f 3159/3159/3159 365/365/365 364/364/364
f 3159/3159/3159 364/364/364 3160/3160/3160
f 3160/3160/3160 364/364/364 368/368/368
f 3160/3160/3160 368/368/368 3161/3161/3161
f 3161/3161/3161 368/368/368 367/367/367
f 3161/3161/3161 367/367/367 3162/3162/3162
f 3163/3163/3163 3164/3164/3164 359/359/359
f 3163/3163/3163 359/359/359 3165/3165/3165
f 3165/3165/3165 359/359/359 358/358/358
f 3165/3165/3165 358/358/358 3166/3166/3166
f 3166/3166/3166 358/358/358 3167/3167/3167
f 3166/3166/3166 3167/3167/3167 3168/3168/3168
f 3168/3168/3168 3167/3167/3167 3169/3169/3169
f 3168/3168/3168 3169/3169/3169 3170/3170/3170
f 3170/3170/3170 3169/3169/3169 3171/3171/3171
f 3170/3170/3170 3171/3171/3171 3172/3172/3172
f 3173/3173/3173 3174/3174/3174 3175/3175/3175
f 3173/3173/3173 3175/3175/3175 3176/3176/3176
f 3177/3177/3177 3178/3178/3178 3179/3179/3179
f 3177/3177/3177 3179/3179/3179 3180/3180/3180
f 3181/3181/3181 360/360/360 359/359/359
f 3181/3181/3181 359/359/359 3164/3164/3164
f 3169/3169/3169 3167/3167/3167 3182/3182/3182
f 3169/3169/3169 3182/3182/3182 3183/3183/3183
f 3167/3167/3167 358/358/358 360/360/360
f 3167/3167/3167 360/360/360 3182/3182/3182
f 368/368/368 364/364/364 366/366/366
f 368/368/368 366/366/366 369/369/369
f 375/375/375 3156/3156/3156 3184/3184/3184
f 375/375/375 3184/3184/3184 378/378/378
f 3164/3164/3164 367/367/367 369/369/369
f 3164/3164/3164 369/369/369 3181/3181/3181
f 371/371/371 3185/3185/3185 3186/3186/3186
f 371/371/371 3186/3186/3186 372/372/372
f 3181/3181/3181 369/369/369 403/403/403
f 3181/3181/3181 403/403/403 400/400/400
f 3171/3171/3171 3169/3169/3169 3183/3183/3183
f 3171/3171/3171 3183/3183/3183 3187/3187/3187
f 3156/3156/3156 3155/3155/3155 3188/3188/3188
f 3156/3156/3156 3188/3188/3188 3184/3184/3184
f 3176/3176/3176 3175/3175/3175 3189/3189/3189
f 3176/3176/3176 3189/3189/3189 3190/3190/3190
f 366/366/366 365/365/365 3191/3191/3191
f 366/366/366 3191/3191/3191 388/388/388
f 369/369/369 366/366/366 388/388/388
f 369/369/369 388/388/388 403/403/403
f 360/360/360 3181/3181/3181 400/400/400
f 360/360/360 400/400/400 407/407/407
f 365/365/365 376/376/376 3192/3192/3192
f 365/365/365 3192/3192/3192 3193/3193/3193
f 3182/3182/3182 360/360/360 406/406/406
f 3182/3182/3182 406/406/406 3194/3194/3194
f 367/367/367 3164/3164/3164 3163/3163/3163
f 367/367/367 3163/3163/3163 3162/3162/3162
f 3195/3195/3195 3196/3196/3196 3197/3197/3197
f 3195/3195/3195 3197/3197/3197 3198/3198/3198
f 3198/3198/3198 3197/3197/3197 3199/3199/3199
f 3198/3198/3198 3199/3199/3199 3200/3200/3200
f 3200/3200/3200 3199/3199/3199 3201/3201/3201
f 3200/3200/3200 3201/3201/3201 3202/3202/3202
f 3202/3202/3202 3201/3201/3201 3203/3203/3203
f 3202/3202/3202 3203/3203/3203 3204/3204/3204
f 3204/3204/3204 3203/3203/3203 3205/3205/3205
f 3204/3204/3204 3205/3205/3205 3206/3206/3206
f 3206/3206/3206 3205/3205/3205 3207/3207/3207
f 3206/3206/3206 3207/3207/3207 3208/3208/3208
f 3208/3208/3208 3207/3207/3207 3209/3209/3209
f 3208/3208/3208 3209/3209/3209 3210/3210/3210
f 3210/3210/3210 3209/3209/3209 3211/3211/3211
f 3210/3210/3210 3211/3211/3211 3212/3212/3212
f 3212/3212/3212 3211/3211/3211 3213/3213/3213
f 3212/3212/3212 3213/3213/3213 3214/3214/3214
f 3214/3214/3214 3213/3213/3213 3215/3215/3215
f 3214/3214/3214 3215/3215/3215 3216/3216/3216
f 409/409/409 3217/3217/3217 3218/3218/3218
f 409/409/409 3218/3218/3218 410/410/410
f 410/410/410 3218/3218/3218 3219/3219/3219
f 410/410/410 3219/3219/3219 3220/3220/3220
f 3221/3221/3221 3222/3222/3222 372/372/372
f 3221/3221/3221 372/372/372 3186/3186/3186
f 3220/3220/3220 3219/3219/3219 3223/3223/3223
f 3220/3220/3220 3223/3223/3223 3224/3224/3224
f 3224/3224/3224 3223/3223/3223 3196/3196/3196
f 3224/3224/3224 3196/3196/3196 3195/3195/3195
f 390/390/390 387/387/387 405/405/405
f 390/390/390 405/405/405 404/404/404
f 383/383/383 402/402/402 395/395/395
f 383/383/383 395/395/395 384/384/384
f 394/394/394 385/385/385 387/387/387
f 394/394/394 387/387/387 395/395/395
f 397/397/397 391/391/391 384/384/384
f 397/397/397 384/384/384 398/398/398
f 401/401/401 399/399/399 398/398/398
f 401/401/401 398/398/398 390/390/390
f 400/400/400 403/403/403 405/405/405
f 400/400/400 405/405/405 387/387/387
f 403/403/403 388/388/388 390/390/390
f 403/403/403 390/390/390 404/404/404
f 379/379/379 3214/3214/3214 3216/3216/3216
f 379/379/379 3216/3216/3216 380/380/380
f 3225/3225/3225 3226/3226/3226 3222/3222/3222
f 3225/3225/3225 3222/3222/3222 3221/3221/3221
f 3227/3227/3227 3228/3228/3228 3226/3226/3226
f 3227/3227/3227 3226/3226/3226 3225/3225/3225
f 3229/3229/3229 3228/3228/3228 3227/3227/3227
f 3229/3229/3229 3227/3227/3227 3230/3230/3230
f 3231/3231/3231 3229/3229/3229 3230/3230/3230
f 3231/3231/3231 3230/3230/3230 3232/3232/3232
f 412/412/412 3231/3231/3231 3232/3232/3232
f 412/412/412 3232/3232/3232 413/413/413
f 3233/3233/3233 3234/3234/3234 3235/3235/3235
f 3233/3233/3233 3235/3235/3235 3236/3236/3236
f 3234/3234/3234 3237/3237/3237 432/432/432
f 3234/3234/3234 432/432/432 3235/3235/3235
f 3237/3237/3237 3238/3238/3238 422/422/422
f 3237/3237/3237 422/422/422 432/432/432
f 3238/3238/3238 3239/3239/3239 420/420/420
f 3238/3238/3238 420/420/420 422/422/422
f 3239/3239/3239 3240/3240/3240 425/425/425
f 3239/3239/3239 425/425/425 420/420/420
f 3240/3240/3240 3241/3241/3241 423/423/423
f 3240/3240/3240 423/423/423 425/425/425
f 3242/3242/3242 3243/3243/3243 416/416/416
f 3242/3242/3242 416/416/416 3244/3244/3244
f 3243/3243/3243 3245/3245/3245 414/414/414
f 3243/3243/3243 414/414/414 416/416/416
f 3245/3245/3245 3246/3246/3246 3247/3247/3247
f 3245/3245/3245 3247/3247/3247 414/414/414
f 3246/3246/3246 3248/3248/3248 3249/3249/3249
f 3246/3246/3246 3249/3249/3249 3247/3247/3247
f 3248/3248/3248 3250/3250/3250 3251/3251/3251
f 3248/3248/3248 3251/3251/3251 3249/3249/3249
f 3252/3252/3252 3253/3253/3253 3254/3254/3254
f 3252/3252/3252 3254/3254/3254 3255/3255/3255
f 433/433/433 429/429/429 3256/3256/3256
f 433/433/433 3256/3256/3256 3257/3257/3257
f 3258/3258/3258 3244/3244/3244 416/416/416
f 3258/3258/3258 416/416/416 415/415/415
f 3249/3249/3249 3259/3259/3259 3260/3260/3260
f 3249/3249/3249 3260/3260/3260 3247/3247/3247
f 3247/3247/3247 3260/3260/3260 415/415/415
f 3247/3247/3247 415/415/415 414/414/414
f 425/425/425 424/424/424 421/421/421
f 425/425/425 421/421/421 420/420/420
f 432/432/432 434/434/434 3261/3261/3261
f 432/432/432 3261/3261/3261 3235/3235/3235
f 3244/3244/3244 3258/3258/3258 424/424/424
f 3244/3244/3244 424/424/424 423/423/423
f 428/428/428 427/427/427 3262/3262/3262
f 428/428/428 3262/3262/3262 3263/3263/3263
f 3258/3258/3258 456/456/456 459/459/459
f 3258/3258/3258 459/459/459 424/424/424
f 3251/3251/3251 3264/3264/3264 3259/3259/3259
f 3251/3251/3251 3259/3259/3259 3249/3249/3249
f 3235/3235/3235 3261/3261/3261 3265/3265/3265
f 3235/3235/3235 3265/3265/3265 3236/3236/3236
f 3253/3253/3253 3266/3266/3266 3267/3267/3267
f 3253/3253/3253 3267/3267/3267 3254/3254/3254
f 421/421/421 444/444/444 3268/3268/3268
f 421/421/421 3268/3268/3268 422/422/422
f 424/424/424 459/459/459 444/444/444
f 424/424/424 444/444/444 421/421/421
f 415/415/415 463/463/463 456/456/456
f 415/415/415 456/456/456 3258/3258/3258
f 422/422/422 3269/3269/3269 3270/3270/3270
f 422/422/422 3270/3270/3270 431/431/431
f 3260/3260/3260 3271/3271/3271 462/462/462
f 3260/3260/3260 462/462/462 415/415/415
f 423/423/423 3241/3241/3241 3242/3242/3242
f 423/423/423 3242/3242/3242 3244/3244/3244
f 3272/3272/3272 3273/3273/3273 3274/3274/3274
f 3272/3272/3272 3274/3274/3274 3275/3275/3275
f 3273/3273/3273 3276/3276/3276 3277/3277/3277
f 3273/3273/3273 3277/3277/3277 3274/3274/3274
f 3276/3276/3276 3278/3278/3278 3279/3279/3279
f 3276/3276/3276 3279/3279/3279 3277/3277/3277
f 3278/3278/3278 3280/3280/3280 3281/3281/3281
f 3278/3278/3278 3281/3281/3281 3279/3279/3279
f 3280/3280/3280 3282/3282/3282 3283/3283/3283
f 3280/3280/3280 3283/3283/3283 3281/3281/3281
f 3282/3282/3282 3284/3284/3284 3285/3285/3285
f 3282/3282/3282 3285/3285/3285 3283/3283/3283
f 3284/3284/3284 3286/3286/3286 3287/3287/3287
f 3284/3284/3284 3287/3287/3287 3285/3285/3285
f 3286/3286/3286 3288/3288/3288 3289/3289/3289
f 3286/3286/3286 3289/3289/3289 3287/3287/3287
f 3288/3288/3288 3290/3290/3290 3291/3291/3291
f 3288/3288/3288 3291/3291/3291 3289/3289/3289
f 3290/3290/3290 3292/3292/3292 3293/3293/3293
f 3290/3290/3290 3293/3293/3293 3291/3291/3291
f 466/466/466 465/465/465 3294/3294/3294
f 466/466/466 3294/3294/3294 3295/3295/3295
f 465/465/465 3296/3296/3296 3297/3297/3297
f 465/465/465 3297/3297/3297 3294/3294/3294
f 3298/3298/3298 3262/3262/3262 427/427/427
f 3298/3298/3298 427/427/427 3299/3299/3299
f 3296/3296/3296 3300/3300/3300 3301/3301/3301
f 3296/3296/3296 3301/3301/3301 3297/3297/3297
f 3300/3300/3300 3272/3272/3272 3275/3275/3275
f 3300/3300/3300 3275/3275/3275 3301/3301/3301
f 440/440/440 439/439/439 450/450/450
f 440/440/440 450/450/450 458/458/458
f 451/451/451 450/450/450 442/442/442
f 451/451/451 442/442/442 441/441/441
f 454/454/454 453/453/453 439/439/439
f 454/454/454 439/439/439 447/447/447
f 457/457/457 445/445/445 453/453/453
f 457/457/457 453/453/453 455/455/455
f 456/456/456 442/442/442 460/460/460
f 456/456/456 460/460/460 459/459/459
f 459/459/459 461/461/461 445/445/445
f 459/459/459 445/445/445 444/444/444
f 435/435/435 437/437/437 3292/3292/3292
f 435/435/435 3292/3292/3292 3290/3290/3290
f 3302/3302/3302 3298/3298/3298 3299/3299/3299
f 3302/3302/3302 3299/3299/3299 3303/3303/3303
f 3304/3304/3304 3302/3302/3302 3303/3303/3303
f 3304/3304/3304 3303/3303/3303 3305/3305/3305
f 3306/3306/3306 3307/3307/3307 3304/3304/3304
f 3306/3306/3306 3304/3304/3304 3305/3305/3305
f 3308/3308/3308 3309/3309/3309 3307/3307/3307
f 3308/3308/3308 3307/3307/3307 3306/3306/3306
f 469/469/469 468/468/468 3309/3309/3309
f 469/469/469 3309/3309/3309 3308/3308/3308
f 3310/3310/3310 3311/3311/3311 3312/3312/3312
f 3310/3310/3310 3312/3312/3312 3313/3313/3313
f 3314/3314/3314 3315/3315/3315 3316/3316/3316
f 3314/3314/3314 3316/3316/3316 3317/3317/3317
f 3318/3318/3318 3314/3314/3314 3317/3317/3317
f 3318/3318/3318 3317/3317/3317 3319/3319/3319
f 3320/3320/3320 3318/3318/3318 3319/3319/3319
f 3320/3320/3320 3319/3319/3319 3321/3321/3321
f 3322/3322/3322 3320/3320/3320 3321/3321/3321
f 3322/3322/3322 3321/3321/3321 3323/3323/3323
f 3324/3324/3324 3322/3322/3322 3323/3323/3323
f 3324/3324/3324 3323/3323/3323 3325/3325/3325
f 3326/3326/3326 3324/3324/3324 3325/3325/3325
f 3326/3326/3326 3325/3325/3325 3327/3327/3327
f 3310/3310/3310 3326/3326/3326 3327/3327/3327
f 3310/3310/3310 3327/3327/3327 3328/3328/3328
f 3311/3311/3311 3310/3310/3310 3328/3328/3328
f 3311/3311/3311 3328/3328/3328 3329/3329/3329
f 3330/3330/3330 3311/3311/3311 3329/3329/3329
f 3330/3330/3330 3329/3329/3329 3331/3331/3331
f 3332/3332/3332 3330/3330/3330 3331/3331/3331
f 3332/3332/3332 3331/3331/3331 3333/3333/3333
f 3334/3334/3334 3332/3332/3332 3333/3333/3333
f 3334/3334/3334 3333/3333/3333 3335/3335/3335
f 3336/3336/3336 3334/3334/3334 3335/3335/3335
f 3336/3336/3336 3335/3335/3335 3337/3337/3337
f 3338/3338/3338 3336/3336/3336 3337/3337/3337
f 3338/3338/3338 3337/3337/3337 3339/3339/3339
f 3340/3340/3340 3338/3338/3338 3339/3339/3339
f 3340/3340/3340 3339/3339/3339 3341/3341/3341
f 3342/3342/3342 3340/3340/3340 3341/3341/3341
f 3342/3342/3342 3341/3341/3341 3343/3343/3343
f 3344/3344/3344 3342/3342/3342 3343/3343/3343
f 3344/3344/3344 3343/3343/3343 3345/3345/3345
f 3346/3346/3346 3344/3344/3344 3345/3345/3345
f 3346/3346/3346 3345/3345/3345 3347/3347/3347
f 3348/3348/3348 3346/3346/3346 3347/3347/3347
f 3348/3348/3348 3347/3347/3347 3349/3349/3349
f 3350/3350/3350 3348/3348/3348 3349/3349/3349
f 3350/3350/3350 3349/3349/3349 3351/3351/3351
f 3352/3352/3352 3350/3350/3350 3351/3351/3351
f 3352/3352/3352 3351/3351/3351 3353/3353/3353
f 3354/3354/3354 3352/3352/3352 3353/3353/3353
f 3354/3354/3354 3353/3353/3353 3355/3355/3355
f 3315/3315/3315 3356/3356/3356 3357/3357/3357
f 3315/3315/3315 3357/3357/3357 3316/3316/3316
f 486/486/486 3358/3358/3358 3359/3359/3359
f 486/486/486 3359/3359/3359 487/487/487
f 3340/3340/3340 3342/3342/3342 3360/3360/3360
f 3340/3340/3340 3360/3360/3360 3361/3361/3361
f 3356/3356/3356 3315/3315/3315 3362/3362/3362
f 3356/3356/3356 3362/3362/3362 3363/3363/3363
f 3314/3314/3314 3318/3318/3318 3364/3364/3364
f 3314/3314/3314 3364/3364/3364 3365/3365/3365
f 3311/3311/3311 3330/3330/3330 3366/3366/3366
f 3311/3311/3311 3366/3366/3366 3312/3312/3312
f 3342/3342/3342 3344/3344/3344 3367/3367/3367
f 3342/3342/3342 3367/3367/3367 3360/3360/3360
f 3318/3318/3318 3320/3320/3320 3368/3368/3368
f 3318/3318/3318 3368/3368/3368 3364/3364/3364
f 3330/3330/3330 3332/3332/3332 3369/3369/3369
f 3330/3330/3330 3369/3369/3369 3366/3366/3366
f 3344/3344/3344 3346/3346/3346 3370/3370/3370
f 3344/3344/3344 3370/3370/3370 3367/3367/3367
f 3320/3320/3320 3322/3322/3322 3371/3371/3371
f 3320/3320/3320 3371/3371/3371 3368/3368/3368
f 3332/3332/3332 3334/3334/3334 3372/3372/3372
f 3332/3332/3332 3372/3372/3372 3369/3369/3369
f 3346/3346/3346 3348/3348/3348 3373/3373/3373
f 3346/3346/3346 3373/3373/3373 3370/3370/3370
f 3322/3322/3322 3324/3324/3324 3374/3374/3374
f 3322/3322/3322 3374/3374/3374 3371/3371/3371
f 3334/3334/3334 3336/3336/3336 3375/3375/3375
f 3334/3334/3334 3375/3375/3375 3372/3372/3372
f 3348/3348/3348 3350/3350/3350 3376/3376/3376
f 3348/3348/3348 3376/3376/3376 3373/3373/3373
f 3324/3324/3324 3326/3326/3326 3377/3377/3377
f 3324/3324/3324 3377/3377/3377 3374/3374/3374
f 3336/3336/3336 3338/3338/3338 3378/3378/3378
f 3336/3336/3336 3378/3378/3378 3375/3375/3375
f 3350/3350/3350 3352/3352/3352 3379/3379/3379
f 3350/3350/3350 3379/3379/3379 3376/3376/3376
f 3326/3326/3326 3310/3310/3310 3313/3313/3313
f 3326/3326/3326 3313/3313/3313 3377/3377/3377
f 3338/3338/3338 3340/3340/3340 3361/3361/3361
f 3338/3338/3338 3361/3361/3361 3378/3378/3378
f 3352/3352/3352 3354/3354/3354 3380/3380/3380
f 3352/3352/3352 3380/3380/3380 3379/3379/3379
f 3315/3315/3315 3314/3314/3314 3365/3365/3365
f 3315/3315/3315 3365/3365/3365 3362/3362/3362
f 489/489/489 3381/3381/3381 3382/3382/3382
f 489/489/489 3382/3382/3382 490/490/490
f 492/492/492 3383/3383/3383 3384/3384/3384
f 492/492/492 3384/3384/3384 493/493/493
f 3358/3358/3358 470/470/470 472/472/472
f 3358/3358/3358 472/472/472 3359/3359/3359
f 3381/3381/3381 473/473/473 475/475/475
f 3381/3381/3381 475/475/475 3382/3382/3382
f 3383/3383/3383 476/476/476 478/478/478
f 3383/3383/3383 478/478/478 3384/3384/3384
f 471/471/471 482/482/482 484/484/484
f 471/471/471 484/484/484 472/472/472
f 474/474/474 3385/3385/3385 3386/3386/3386
f 474/474/474 3386/3386/3386 475/475/475
f 477/477/477 3387/3387/3387 3388/3388/3388
f 477/477/477 3388/3388/3388 478/478/478
f 3389/3389/3389 479/479/479 481/481/481
f 3389/3389/3389 481/481/481 3390/3390/3390
f 480/480/480 3391/3391/3391 3392/3392/3392
f 480/480/480 3392/3392/3392 481/481/481
f 3387/3387/3387 485/485/485 487/487/487
f 3387/3387/3387 487/487/487 3388/3388/3388
f 483/483/483 488/488/488 490/490/490
f 483/483/483 490/490/490 484/484/484
f 3391/3391/3391 491/491/491 493/493/493
f 3391/3391/3391 493/493/493 3392/3392/3392
f 3393/3393/3393 3394/3394/3394 3395/3395/3395
f 3393/3393/3393 3395/3395/3395 3396/3396/3396
f 3397/3397/3397 3393/3393/3393 3396/3396/3396
f 3397/3397/3397 3396/3396/3396 3398/3398/3398
f 3399/3399/3399 3397/3397/3397 3398/3398/3398
f 3399/3399/3399 3398/3398/3398 3400/3400/3400
f 3401/3401/3401 3399/3399/3399 3400/3400/3400
f 3401/3401/3401 3400/3400/3400 3402/3402/3402
f 3403/3403/3403 3401/3401/3401 3402/3402/3402
f 3403/3403/3403 3402/3402/3402 3404/3404/3404
f 3405/3405/3405 3403/3403/3403 3404/3404/3404
f 3405/3405/3405 3404/3404/3404 3406/3406/3406
f 3407/3407/3407 3405/3405/3405 3406/3406/3406
f 3407/3407/3407 3406/3406/3406 3408/3408/3408
f 3409/3409/3409 3407/3407/3407 3408/3408/3408
f 3409/3409/3409 3408/3408/3408 3410/3410/3410
f 3411/3411/3411 3409/3409/3409 3410/3410/3410
f 3411/3411/3411 3410/3410/3410 3412/3412/3412
f 3413/3413/3413 3411/3411/3411 3412/3412/3412
f 3413/3413/3413 3412/3412/3412 3414/3414/3414
f 3415/3415/3415 3413/3413/3413 3414/3414/3414
f 3415/3415/3415 3414/3414/3414 3416/3416/3416
f 3417/3417/3417 3415/3415/3415 3416/3416/3416
f 3417/3417/3417 3416/3416/3416 3418/3418/3418
f 3419/3419/3419 3417/3417/3417 3418/3418/3418
f 3419/3419/3419 3418/3418/3418 3420/3420/3420
f 3394/3394/3394 3421/3421/3421 3422/3422/3422
f 3394/3394/3394 3422/3422/3422 3395/3395/3395
f 3423/3423/3423 3424/3424/3424 3425/3425/3425
f 3423/3423/3423 3425/3425/3425 3426/3426/3426
f 3427/3427/3427 3428/3428/3428 3429/3429/3429
f 3427/3427/3427 3429/3429/3429 3430/3430/3430
f 3431/3431/3431 3432/3432/3432 3433/3433/3433
f 3431/3431/3431 3433/3433/3433 3434/3434/3434
f 3435/3435/3435 3436/3436/3436 3437/3437/3437
f 3435/3435/3435 3437/3437/3437 3438/3438/3438
f 3436/3436/3436 3439/3439/3439 3440/3440/3440
f 3436/3436/3436 3440/3440/3440 3437/3437/3437
f 3432/3432/3432 3441/3441/3441 3442/3442/3442
f 3432/3432/3432 3442/3442/3442 3433/3433/3433
f 3424/3424/3424 3443/3443/3443 3444/3444/3444
f 3424/3424/3424 3444/3444/3444 3425/3425/3425
f 3439/3439/3439 3445/3445/3445 3446/3446/3446
f 3439/3439/3439 3446/3446/3446 3440/3440/3440
f 3441/3441/3441 3447/3447/3447 3448/3448/3448
f 3441/3441/3441 3448/3448/3448 3442/3442/3442
f 3443/3443/3443 3449/3449/3449 3450/3450/3450
f 3443/3443/3443 3450/3450/3450 3444/3444/3444
f 3445/3445/3445 3451/3451/3451 3452/3452/3452
f 3445/3445/3445 3452/3452/3452 3446/3446/3446
f 3447/3447/3447 3423/3423/3423 3426/3426/3426
f 3447/3447/3447 3426/3426/3426 3448/3448/3448
f 3449/3449/3449 3427/3427/3427 3430/3430/3430
f 3449/3449/3449 3430/3430/3430 3450/3450/3450
f 3451/3451/3451 3431/3431/3431 3434/3434/3434
f 3451/3451/3451 3434/3434/3434 3452/3452/3452
f 3453/3453/3453 3454/3454/3454 3455/3455/3455
f 3453/3453/3453 3455/3455/3455 3456/3456/3456
f 3457/3457/3457 3453/3453/3453 3456/3456/3456
f 3457/3457/3457 3456/3456/3456 3458/3458/3458
f 3459/3459/3459 3457/3457/3457 3458/3458/3458
f 3459/3459/3459 3458/3458/3458 3460/3460/3460
f 3461/3461/3461 3459/3459/3459 3460/3460/3460
f 3461/3461/3461 3460/3460/3460 3462/3462/3462
f 3463/3463/3463 3461/3461/3461 3462/3462/3462
f 3463/3463/3463 3462/3462/3462 3464/3464/3464
f 3465/3465/3465 3463/3463/3463 3464/3464/3464
f 3465/3465/3465 3464/3464/3464 3466/3466/3466
f 3467/3467/3467 3465/3465/3465 3466/3466/3466
f 3467/3467/3467 3466/3466/3466 3468/3468/3468
f 3469/3469/3469 3467/3467/3467 3468/3468/3468
f 3469/3469/3469 3468/3468/3468 3470/3470/3470
f 3471/3471/3471 3469/3469/3469 3470/3470/3470
f 3471/3471/3471 3470/3470/3470 3472/3472/3472
f 3473/3473/3473 3471/3471/3471 3472/3472/3472
f 3473/3473/3473 3472/3472/3472 3474/3474/3474
f 3475/3475/3475 3473/3473/3473 3474/3474/3474
f 3475/3475/3475 3474/3474/3474 3476/3476/3476
f 3477/3477/3477 3475/3475/3475 3476/3476/3476
f 3477/3477/3477 3476/3476/3476 3478/3478/3478
f 3479/3479/3479 3477/3477/3477 3478/3478/3478
f 3479/3479/3479 3478/3478/3478 3480/3480/3480
f 3481/3481/3481 3479/3479/3479 3480/3480/3480
f 3481/3481/3481 3480/3480/3480 3482/3482/3482
f 3483/3483/3483 3481/3481/3481 3482/3482/3482
f 3483/3483/3483 3482/3482/3482 3484/3484/3484
f 3485/3485/3485 3483/3483/3483 3484/3484/3484
f 3485/3485/3485 3484/3484/3484 3486/3486/3486
f 3487/3487/3487 3485/3485/3485 3486/3486/3486
f 3487/3487/3487 3486/3486/3486 3488/3488/3488
f 3489/3489/3489 3487/3487/3487 3488/3488/3488
f 3489/3489/3489 3488/3488/3488 3490/3490/3490
f 3491/3491/3491 3489/3489/3489 3490/3490/3490
f 3491/3491/3491 3490/3490/3490 3492/3492/3492
f 3493/3493/3493 3491/3491/3491 3492/3492/3492
f 3493/3493/3493 3492/3492/3492 3494/3494/3494
f 3495/3495/3495 3493/3493/3493 3494/3494/3494
f 3495/3495/3495 3494/3494/3494 3496/3496/3496
f 3497/3497/3497 3498/3498/3498 3499/3499/3499
f 3497/3497/3497 3499/3499/3499 3500/3500/3500
f 3501/3501/3501 3502/3502/3502 3503/3503/3503
f 3501/3501/3501 3503/3503/3503 3504/3504/3504
f 3505/3505/3505 3506/3506/3506 3502/3502/3502
f 3505/3505/3505 3502/3502/3502 3501/3501/3501
f 3507/3507/3507 3508/3508/3508 3506/3506/3506
f 3507/3507/3507 3506/3506/3506 3505/3505/3505
f 3509/3509/3509 3510/3510/3510 3508/3508/3508
f 3509/3509/3509 3508/3508/3508 3507/3507/3507
f 3511/3511/3511 3512/3512/3512 3510/3510/3510
f 3511/3511/3511 3510/3510/3510 3509/3509/3509
f 3513/3513/3513 3514/3514/3514 3512/3512/3512
f 3513/3513/3513 3512/3512/3512 3511/3511/3511
f 3497/3497/3497 3515/3515/3515 3514/3514/3514
f 3497/3497/3497 3514/3514/3514 3513/3513/3513
f 3500/3500/3500 3516/3516/3516 3515/3515/3515
f 3500/3500/3500 3515/3515/3515 3497/3497/3497
f 3517/3517/3517 3518/3518/3518 3516/3516/3516
f 3517/3517/3517 3516/3516/3516 3500/3500/3500
f 3519/3519/3519 3520/3520/3520 3518/3518/3518
f 3519/3519/3519 3518/3518/3518 3517/3517/3517
f 3521/3521/3521 3522/3522/3522 3520/3520/3520
f 3521/3521/3521 3520/3520/3520 3519/3519/3519
f 3523/3523/3523 3524/3524/3524 3522/3522/3522
f 3523/3523/3523 3522/3522/3522 3521/3521/3521
f 3525/3525/3525 3526/3526/3526 3524/3524/3524
f 3525/3525/3525 3524/3524/3524 3523/3523/3523
f 3527/3527/3527 3528/3528/3528 3526/3526/3526
f 3527/3527/3527 3526/3526/3526 3525/3525/3525
f 3529/3529/3529 3530/3530/3530 3528/3528/3528
f 3529/3529/3529 3528/3528/3528 3527/3527/3527
f 3531/3531/3531 3532/3532/3532 3530/3530/3530
f 3531/3531/3531 3530/3530/3530 3529/3529/3529
f 3533/3533/3533 3534/3534/3534 3532/3532/3532
f 3533/3533/3533 3532/3532/3532 3531/3531/3531
f 3535/3535/3535 3536/3536/3536 3534/3534/3534
f 3535/3535/3535 3534/3534/3534 3533/3533/3533
f 3537/3537/3537 3538/3538/3538 3536/3536/3536
f 3537/3537/3537 3536/3536/3536 3535/3535/3535
f 3539/3539/3539 3540/3540/3540 3538/3538/3538
f 3539/3539/3539 3538/3538/3538 3537/3537/3537
f 3541/3541/3541 3542/3542/3542 3540/3540/3540
f 3541/3541/3541 3540/3540/3540 3539/3539/3539
f 3504/3504/3504 3503/3503/3503 3543/3543/3543
f 3504/3504/3504 3543/3543/3543 3544/3544/3544
f 511/511/511 510/510/510 3545/3545/3545
f 511/511/511 3545/3545/3545 3546/3546/3546
f 3527/3527/3527 3547/3547/3547 3548/3548/3548
f 3527/3527/3527 3548/3548/3548 3529/3529/3529
f 3544/3544/3544 3549/3549/3549 3550/3550/3550
f 3544/3544/3544 3550/3550/3550 3504/3504/3504
f 3501/3501/3501 3551/3551/3551 3552/3552/3552
f 3501/3501/3501 3552/3552/3552 3505/3505/3505
f 3500/3500/3500 3499/3499/3499 3553/3553/3553
f 3500/3500/3500 3553/3553/3553 3517/3517/3517
f 3529/3529/3529 3548/3548/3548 3554/3554/3554
f 3529/3529/3529 3554/3554/3554 3531/3531/3531
f 3505/3505/3505 3552/3552/3552 3555/3555/3555
f 3505/3505/3505 3555/3555/3555 3507/3507/3507
f 3517/3517/3517 3553/3553/3553 3556/3556/3556
f 3517/3517/3517 3556/3556/3556 3519/3519/3519
f 3531/3531/3531 3554/3554/3554 3557/3557/3557
f 3531/3531/3531 3557/3557/3557 3533/3533/3533
f 3507/3507/3507 3555/3555/3555 3558/3558/3558
f 3507/3507/3507 3558/3558/3558 3509/3509/3509
f 3519/3519/3519 3556/3556/3556 3559/3559/3559
f 3519/3519/3519 3559/3559/3559 3521/3521/3521
f 3533/3533/3533 3557/3557/3557 3560/3560/3560
f 3533/3533/3533 3560/3560/3560 3535/3535/3535
f 3509/3509/3509 3558/3558/3558 3561/3561/3561
f 3509/3509/3509 3561/3561/3561 3511/3511/3511
f 3521/3521/3521 3559/3559/3559 3562/3562/3562
f 3521/3521/3521 3562/3562/3562 3523/3523/3523
f 3535/3535/3535 3560/3560/3560 3563/3563/3563
f 3535/3535/3535 3563/3563/3563 3537/3537/3537
f 3511/3511/3511 3561/3561/3561 3564/3564/3564
f 3511/3511/3511 3564/3564/3564 3513/3513/3513
f 3523/3523/3523 3562/3562/3562 3565/3565/3565
f 3523/3523/3523 3565/3565/3565 3525/3525/3525
f 3537/3537/3537 3563/3563/3563 3566/3566/3566
f 3537/3537/3537 3566/3566/3566 3539/3539/3539
f 3513/3513/3513 3564/3564/3564 3498/3498/3498
f 3513/3513/3513 3498/3498/3498 3497/3497/3497
f 3525/3525/3525 3565/3565/3565 3547/3547/3547
f 3525/3525/3525 3547/3547/3547 3527/3527/3527
f 3539/3539/3539 3566/3566/3566 3567/3567/3567
f 3539/3539/3539 3567/3567/3567 3541/3541/3541
f 3504/3504/3504 3550/3550/3550 3551/3551/3551
f 3504/3504/3504 3551/3551/3551 3501/3501/3501
f 514/514/514 513/513/513 3568/3568/3568
f 514/514/514 3568/3568/3568 3569/3569/3569
f 517/517/517 516/516/516 3570/3570/3570
f 517/517/517 3570/3570/3570 3571/3571/3571
f 3546/3546/3546 3545/3545/3545 495/495/495
f 3546/3546/3546 495/495/495 494/494/494
f 3569/3569/3569 3568/3568/3568 498/498/498
f 3569/3569/3569 498/498/498 497/497/497
f 3571/3571/3571 3570/3570/3570 501/501/501
f 3571/3571/3571 501/501/501 500/500/500
f 496/496/496 495/495/495 507/507/507
f 496/496/496 507/507/507 506/506/506
f 499/499/499 498/498/498 3572/3572/3572
f 499/499/499 3572/3572/3572 3573/3573/3573
f 502/502/502 501/501/501 3574/3574/3574
f 502/502/502 3574/3574/3574 3575/3575/3575
f 3576/3576/3576 3577/3577/3577 504/504/504
f 3576/3576/3576 504/504/504 503/503/503
f 505/505/505 504/504/504 3578/3578/3578
f 505/505/505 3578/3578/3578 3579/3579/3579
f 3575/3575/3575 3574/3574/3574 510/510/510
f 3575/3575/3575 510/510/510 509/509/509
f 508/508/508 507/507/507 513/513/513
f 508/508/508 513/513/513 512/512/512
f 3579/3579/3579 3578/3578/3578 516/516/516
f 3579/3579/3579 516/516/516 515/515/515
f 3580/3580/3580 3581/3581/3581 3582/3582/3582
f 3580/3580/3580 3582/3582/3582 3583/3583/3583
f 3584/3584/3584 3585/3585/3585 3581/3581/3581
f 3584/3584/3584 3581/3581/3581 3580/3580/3580
f 3586/3586/3586 3587/3587/3587 3585/3585/3585
f 3586/3586/3586 3585/3585/3585 3584/3584/3584
f 3588/3588/3588 3589/3589/3589 3587/3587/3587
f 3588/3588/3588 3587/3587/3587 3586/3586/3586
f 3590/3590/3590 3591/3591/3591 3589/3589/3589
f 3590/3590/3590 3589/3589/3589 3588/3588/3588
f 3592/3592/3592 3593/3593/3593 3591/3591/3591
f 3592/3592/3592 3591/3591/3591 3590/3590/3590
f 3594/3594/3594 3595/3595/3595 3593/3593/3593
f 3594/3594/3594 3593/3593/3593 3592/3592/3592
f 3596/3596/3596 3597/3597/3597 3595/3595/3595
f 3596/3596/3596 3595/3595/3595 3594/3594/3594
f 3598/3598/3598 3599/3599/3599 3597/3597/3597
f 3598/3598/3598 3597/3597/3597 3596/3596/3596
f 3600/3600/3600 3601/3601/3601 3599/3599/3599
f 3600/3600/3600 3599/3599/3599 3598/3598/3598
f 3602/3602/3602 3603/3603/3603 3601/3601/3601
f 3602/3602/3602 3601/3601/3601 3600/3600/3600
f 3604/3604/3604 3605/3605/3605 3603/3603/3603
f 3604/3604/3604 3603/3603/3603 3602/3602/3602
f 3606/3606/3606 3607/3607/3607 3605/3605/3605
f 3606/3606/3606 3605/3605/3605 3604/3604/3604
f 3583/3583/3583 3582/3582/3582 3608/3608/3608
f 3583/3583/3583 3608/3608/3608 3609/3609/3609
f 3610/3610/3610 3611/3611/3611 3612/3612/3612
f 3610/3610/3610 3612/3612/3612 3613/3613/3613
f 3614/3614/3614 3615/3615/3615 3616/3616/3616
f 3614/3614/3614 3616/3616/3616 3617/3617/3617
f 3618/3618/3618 3619/3619/3619 3620/3620/3620
f 3618/3618/3618 3620/3620/3620 3621/3621/3621
f 3622/3622/3622 3623/3623/3623 3624/3624/3624
f 3622/3622/3622 3624/3624/3624 3625/3625/3625
f 3625/3625/3625 3624/3624/3624 3626/3626/3626
f 3625/3625/3625 3626/3626/3626 3627/3627/3627
f 3621/3621/3621 3620/3620/3620 3628/3628/3628
f 3621/3621/3621 3628/3628/3628 3629/3629/3629
f 3613/3613/3613 3612/3612/3612 3630/3630/3630
f 3613/3613/3613 3630/3630/3630 3631/3631/3631
f 3627/3627/3627 3626/3626/3626 3632/3632/3632
f 3627/3627/3627 3632/3632/3632 3633/3633/3633
f 3629/3629/3629 3628/3628/3628 3634/3634/3634
f 3629/3629/3629 3634/3634/3634 3635/3635/3635
f 3631/3631/3631 3630/3630/3630 3636/3636/3636
f 3631/3631/3631 3636/3636/3636 3637/3637/3637
f 3633/3633/3633 3632/3632/3632 3638/3638/3638
f 3633/3633/3633 3638/3638/3638 3639/3639/3639
f 3635/3635/3635 3634/3634/3634 3611/3611/3611
f 3635/3635/3635 3611/3611/3611 3610/3610/3610
f 3637/3637/3637 3636/3636/3636 3615/3615/3615
f 3637/3637/3637 3615/3615/3615 3614/3614/3614
f 3639/3639/3639 3638/3638/3638 3619/3619/3619
f 3639/3639/3639 3619/3619/3619 3618/3618/3618
f 3640/3640/3640 3495/3495/3495 3496/3496/3496
f 3640/3640/3640 3496/3496/3496 3641/3641/3641
f 3642/3642/3642 3643/3643/3643 3644/3644/3644
f 3642/3642/3642 3644/3644/3644 3645/3645/3645
f 3645/3645/3645 3644/3644/3644 535/535/535
f 3645/3645/3645 535/535/535 3646/3646/3646
f 3646/3646/3646 535/535/535 525/525/525
f 3646/3646/3646 525/525/525 3647/3647/3647
f 3647/3647/3647 525/525/525 524/524/524
f 3647/3647/3647 524/524/524 3648/3648/3648
f 3648/3648/3648 524/524/524 528/528/528
f 3648/3648/3648 528/528/528 3649/3649/3649
f 3649/3649/3649 528/528/528 527/527/527
f 3649/3649/3649 527/527/527 3650/3650/3650
f 3651/3651/3651 3652/3652/3652 519/519/519
f 3651/3651/3651 519/519/519 3653/3653/3653
f 3653/3653/3653 519/519/519 518/518/518
f 3653/3653/3653 518/518/518 3654/3654/3654
f 3654/3654/3654 518/518/518 3655/3655/3655
f 3654/3654/3654 3655/3655/3655 3656/3656/3656
f 3656/3656/3656 3655/3655/3655 3657/3657/3657
f 3656/3656/3656 3657/3657/3657 3658/3658/3658
f 3658/3658/3658 3657/3657/3657 3659/3659/3659
f 3658/3658/3658 3659/3659/3659 3660/3660/3660
f 3661/3661/3661 3662/3662/3662 3663/3663/3663
f 3661/3661/3661 3663/3663/3663 3664/3664/3664
f 3665/3665/3665 3666/3666/3666 3667/3667/3667
f 3665/3665/3665 3667/3667/3667 3668/3668/3668
f 3669/3669/3669 520/520/520 519/519/519
f 3669/3669/3669 519/519/519 3652/3652/3652
f 3657/3657/3657 3655/3655/3655 3670/3670/3670
f 3657/3657/3657 3670/3670/3670 3671/3671/3671
f 3655/3655/3655 518/518/518 520/520/520
f 3655/3655/3655 520/520/520 3670/3670/3670
f 528/528/528 524/524/524 526/526/526
f 528/528/528 526/526/526 529/529/529
f 535/535/535 3644/3644/3644 3672/3672/3672
f 535/535/535 3672/3672/3672 538/538/538
f 3652/3652/3652 527/527/527 529/529/529
f 3652/3652/3652 529/529/529 3669/3669/3669
f 531/531/531 3673/3673/3673 3674/3674/3674
f 531/531/531 3674/3674/3674 532/532/532
f 3669/3669/3669 529/529/529 563/563/563
f 3669/3669/3669 563/563/563 560/560/560
f 3659/3659/3659 3657/3657/3657 3671/3671/3671
f 3659/3659/3659 3671/3671/3671 3675/3675/3675
f 3644/3644/3644 3643/3643/3643 3676/3676/3676
f 3644/3644/3644 3676/3676/3676 3672/3672/3672
f 3664/3664/3664 3663/3663/3663 3677/3677/3677
f 3664/3664/3664 3677/3677/3677 3678/3678/3678
f 526/526/526 525/525/525 3679/3679/3679
f 526/526/526 3679/3679/3679 548/548/548
f 529/529/529 526/526/526 548/548/548
f 529/529/529 548/548/548 563/563/563
f 520/520/520 3669/3669/3669 560/560/560
f 520/520/520 560/560/560 567/567/567
f 525/525/525 536/536/536 3680/3680/3680
f 525/525/525 3680/3680/3680 3681/3681/3681
f 3670/3670/3670 520/520/520 566/566/566
f 3670/3670/3670 566/566/566 3682/3682/3682
f 527/527/527 3652/3652/3652 3651/3651/3651
f 527/527/527 3651/3651/3651 3650/3650/3650
f 3683/3683/3683 3684/3684/3684 3685/3685/3685
f 3683/3683/3683 3685/3685/3685 3686/3686/3686
f 3686/3686/3686 3685/3685/3685 3687/3687/3687
f 3686/3686/3686 3687/3687/3687 3688/3688/3688
f 3688/3688/3688 3687/3687/3687 3689/3689/3689
f 3688/3688/3688 3689/3689/3689 3690/3690/3690
f 3690/3690/3690 3689/3689/3689 3691/3691/3691
f 3690/3690/3690 3691/3691/3691 3692/3692/3692
f 3692/3692/3692 3691/3691/3691 3693/3693/3693
f 3692/3692/3692 3693/3693/3693 3694/3694/3694
f 3694/3694/3694 3693/3693/3693 3695/3695/3695
f 3694/3694/3694 3695/3695/3695 3696/3696/3696
f 3696/3696/3696 3695/3695/3695 3697/3697/3697
f 3696/3696/3696 3697/3697/3697 3698/3698/3698
f 3698/3698/3698 3697/3697/3697 3699/3699/3699
f 3698/3698/3698 3699/3699/3699 3700/3700/3700
f 3700/3700/3700 3699/3699/3699 3701/3701/3701
f 3700/3700/3700 3701/3701/3701 3702/3702/3702
f 3702/3702/3702 3701/3701/3701 3703/3703/3703
f 3702/3702/3702 3703/3703/3703 3704/3704/3704
f 569/569/569 3705/3705/3705 3706/3706/3706
f 569/569/569 3706/3706/3706 570/570/570
f 570/570/570 3706/3706/3706 3707/3707/3707
f 570/570/570 3707/3707/3707 3708/3708/3708
f 3709/3709/3709 3710/3710/3710 532/532/532
f 3709/3709/3709 532/532/532 3674/3674/3674
f 3708/3708/3708 3707/3707/3707 3711/3711/3711
f 3708/3708/3708 3711/3711/3711 3712/3712/3712
f 3712/3712/3712 3711/3711/3711 3684/3684/3684
f 3712/3712/3712 3684/3684/3684 3683/3683/3683
f 550/550/550 547/547/547 565/565/565
f 550/550/550 565/565/565 564/564/564
f 543/543/543 562/562/562 555/555/555
f 543/543/543 555/555/555 544/544/544
f 554/554/554 545/545/545 547/547/547
f 554/554/554 547/547/547 555/555/555
f 557/557/557 551/551/551 544/544/544
f 557/557/557 544/544/544 558/558/558
f 561/561/561 559/559/559 558/558/558
f 561/561/561 558/558/558 550/550/550
f 560/560/560 563/563/563 565/565/565
f 560/560/560 565/565/565 547/547/547
f 563/563/563 548/548/548 550/550/550
f 563/563/563 550/550/550 564/564/564
f 539/539/539 3702/3702/3702 3704/3704/3704
f 539/539/539 3704/3704/3704 540/540/540
f 3713/3713/3713 3714/3714/3714 3710/3710/3710
f 3713/3713/3713 3710/3710/3710 3709/3709/3709
f 3715/3715/3715 3716/3716/3716 3714/3714/3714
f 3715/3715/3715 3714/3714/3714 3713/3713/3713
f 3717/3717/3717 3716/3716/3716 3715/3715/3715
f 3717/3717/3717 3715/3715/3715 3718/3718/3718
f 3719/3719/3719 3717/3717/3717 3718/3718/3718
f 3719/3719/3719 3718/3718/3718 3720/3720/3720
f 572/572/572 3719/3719/3719 3720/3720/3720
f 572/572/572 3720/3720/3720 573/573/573
f 3721/3721/3721 3722/3722/3722 3723/3723/3723
f 3721/3721/3721 3723/3723/3723 3724/3724/3724
f 3722/3722/3722 3725/3725/3725 592/592/592
f 3722/3722/3722 592/592/592 3723/3723/3723
f 3725/3725/3725 3726/3726/3726 582/582/582
f 3725/3725/3725 582/582/582 592/592/592
f 3726/3726/3726 3727/3727/3727 580/580/580
f 3726/3726/3726 580/580/580 582/582/582
f 3727/3727/3727 3728/3728/3728 585/585/585
f 3727/3727/3727 585/585/585 580/580/580
f 3728/3728/3728 3729/3729/3729 583/583/583
f 3728/3728/3728 583/583/583 585/585/585
f 3730/3730/3730 3731/3731/3731 576/576/576
f 3730/3730/3730 576/576/576 3732/3732/3732
f 3731/3731/3731 3733/3733/3733 574/574/574
f 3731/3731/3731 574/574/574 576/576/576
f 3733/3733/3733 3734/3734/3734 3735/3735/3735
f 3733/3733/3733 3735/3735/3735 574/574/574
f 3734/3734/3734 3736/3736/3736 3737/3737/3737
f 3734/3734/3734 3737/3737/3737 3735/3735/3735
f 3736/3736/3736 3738/3738/3738 3739/3739/3739
f 3736/3736/3736 3739/3739/3739 3737/3737/3737
f 3740/3740/3740 3741/3741/3741 3742/3742/3742
f 3740/3740/3740 3742/3742/3742 3743/3743/3743
f 593/593/593 589/589/589 3744/3744/3744
f 593/593/593 3744/3744/3744 3745/3745/3745
f 3746/3746/3746 3732/3732/3732 576/576/576
f 3746/3746/3746 576/576/576 575/575/575
f 3737/3737/3737 3747/3747/3747 3748/3748/3748
f 3737/3737/3737 3748/3748/3748 3735/3735/3735
f 3735/3735/3735 3748/3748/3748 575/575/575
f 3735/3735/3735 575/575/575 574/574/574
f 585/585/585 584/584/584 581/581/581
f 585/585/585 581/581/581 580/580/580
f 592/592/592 594/594/594 3749/3749/3749
f 592/592/592 3749/3749/3749 3723/3723/3723
f 3732/3732/3732 3746/3746/3746 584/584/584
f 3732/3732/3732 584/584/584 583/583/583
f 588/588/588 587/587/587 3750/3750/3750
f 588/588/588 3750/3750/3750 3751/3751/3751
f 3746/3746/3746 616/616/616 619/619/619
f 3746/3746/3746 619/619/619 584/584/584
f 3739/3739/3739 3752/3752/3752 3747/3747/3747
f 3739/3739/3739 3747/3747/3747 3737/3737/3737
f 3723/3723/3723 3749/3749/3749 3753/3753/3753
f 3723/3723/3723 3753/3753/3753 3724/3724/3724
f 3741/3741/3741 3754/3754/3754 3755/3755/3755
f 3741/3741/3741 3755/3755/3755 3742/3742/3742
f 581/581/581 604/604/604 3756/3756/3756
f 581/581/581 3756/3756/3756 582/582/582
f 584/584/584 619/619/619 604/604/604
f 584/584/584 604/604/604 581/581/581
f 575/575/575 623/623/623 616/616/616
f 575/575/575 616/616/616 3746/3746/3746
f 582/582/582 3757/3757/3757 3758/3758/3758
f 582/582/582 3758/3758/3758 591/591/591
f 3748/3748/3748 3759/3759/3759 622/622/622
f 3748/3748/3748 622/622/622 575/575/575
f 583/583/583 3729/3729/3729 3730/3730/3730
f 583/583/583 3730/3730/3730 3732/3732/3732
f 3760/3760/3760 3761/3761/3761 3762/3762/3762
f 3760/3760/3760 3762/3762/3762 3763/3763/3763
f 3761/3761/3761 3764/3764/3764 3765/3765/3765
f 3761/3761/3761 3765/3765/3765 3762/3762/3762
f 3764/3764/3764 3766/3766/3766 3767/3767/3767
f 3764/3764/3764 3767/3767/3767 3765/3765/3765
f 3766/3766/3766 3768/3768/3768 3769/3769/3769
f 3766/3766/3766 3769/3769/3769 3767/3767/3767
f 3768/3768/3768 3770/3770/3770 3771/3771/3771
f 3768/3768/3768 3771/3771/3771 3769/3769/3769
f 3770/3770/3770 3772/3772/3772 3773/3773/3773
f 3770/3770/3770 3773/3773/3773 3771/3771/3771
f 3772/3772/3772 3774/3774/3774 3775/3775/3775
f 3772/3772/3772 3775/3775/3775 3773/3773/3773
f 3774/3774/3774 3776/3776/3776 3777/3777/3777
f 3774/3774/3774 3777/3777/3777 3775/3775/3775
f 3776/3776/3776 3778/3778/3778 3779/3779/3779
f 3776/3776/3776 3779/3779/3779 3777/3777/3777
f 3778/3778/3778 3780/3780/3780 3781/3781/3781
f 3778/3778/3778 3781/3781/3781 3779/3779/3779
f 626/626/626 625/625/625 3782/3782/3782
f 626/626/626 3782/3782/3782 3783/3783/3783
f 625/625/625 3784/3784/3784 3785/3785/3785
f 625/625/625 3785/3785/3785 3782/3782/3782
f 3786/3786/3786 3750/3750/3750 587/587/587
f 3786/3786/3786 587/587/587 3787/3787/3787
f 3784/3784/3784 3788/3788/3788 3789/3789/3789
f 3784/3784/3784 3789/3789/3789 3785/3785/3785
f 3788/3788/3788 3760/3760/3760 3763/3763/3763
f 3788/3788/3788 3763/3763/3763 3789/3789/3789
f 600/600/600 599/599/599 610/610/610
f 600/600/600 610/610/610 618/618/618
f 611/611/611 610/610/610 602/602/602
f 611/611/611 602/602/602 601/601/601
f 614/614/614 613/613/613 599/599/599
f 614/614/614 599/599/599 607/607/607
f 617/617/617 605/605/605 613/613/613
f 617/617/617 613/613/613 615/615/615
f 616/616/616 602/602/602 620/620/620
f 616/616/616 620/620/620 619/619/619
f 619/619/619 621/621/621 605/605/605
f 619/619/619 605/605/605 604/604/604
f 595/595/595 597/597/597 3780/3780/3780
f 595/595/595 3780/3780/3780 3778/3778/3778
f 3790/3790/3790 3786/3786/3786 3787/3787/3787
f 3790/3790/3790 3787/3787/3787 3791/3791/3791
f 3792/3792/3792 3790/3790/3790 3791/3791/3791
f 3792/3792/3792 3791/3791/3791 3793/3793/3793
f 3794/3794/3794 3795/3795/3795 3792/3792/3792
f 3794/3794/3794 3792/3792/3792 3793/3793/3793
f 3796/3796/3796 3797/3797/3797 3795/3795/3795
f 3796/3796/3796 3795/3795/3795 3794/3794/3794
f 629/629/629 628/628/628 3797/3797/3797
f 629/629/629 3797/3797/3797 3796/3796/3796
f 3798/3798/3798 3799/3799/3799 3800/3800/3800
f 3798/3798/3798 3800/3800/3800 3801/3801/3801
f 3802/3802/3802 3803/3803/3803 3804/3804/3804
f 3802/3802/3802 3804/3804/3804 3805/3805/3805
f 3806/3806/3806 3802/3802/3802 3805/3805/3805
f 3806/3806/3806 3805/3805/3805 3807/3807/3807
f 3808/3808/3808 3806/3806/3806 3807/3807/3807
f 3808/3808/3808 3807/3807/3807 3809/3809/3809
f 3810/3810/3810 3808/3808/3808 3809/3809/3809
f 3810/3810/3810 3809/3809/3809 3811/3811/3811
f 3812/3812/3812 3810/3810/3810 3811/3811/3811
f 3812/3812/3812 3811/3811/3811 3813/3813/3813
f 3814/3814/3814 3812/3812/3812 3813/3813/3813
f 3814/3814/3814 3813/3813/3813 3815/3815/3815
f 3798/3798/3798 3814/3814/3814 3815/3815/3815
f 3798/3798/3798 3815/3815/3815 3816/3816/3816
f 3799/3799/3799 3798/3798/3798 3816/3816/3816
f 3799/3799/3799 3816/3816/3816 3817/3817/3817
f 3818/3818/3818 3799/3799/3799 3817/3817/3817
f 3818/3818/3818 3817/3817/3817 3819/3819/3819
f 3820/3820/3820 3818/3818/3818 3819/3819/3819
f 3820/3820/3820 3819/3819/3819 3821/3821/3821
f 3822/3822/3822 3820/3820/3820 3821/3821/3821
f 3822/3822/3822 3821/3821/3821 3823/3823/3823
f 3824/3824/3824 3822/3822/3822 3823/3823/3823
f 3824/3824/3824 3823/3823/3823 3825/3825/3825
f 3826/3826/3826 3824/3824/3824 3825/3825/3825
f 3826/3826/3826 3825/3825/3825 3827/3827/3827
f 3828/3828/3828 3826/3826/3826 3827/3827/3827
f 3828/3828/3828 3827/3827/3827 3829/3829/3829
f 3830/3830/3830 3828/3828/3828 3829/3829/3829
f 3830/3830/3830 3829/3829/3829 3831/3831/3831
f 3832/3832/3832 3830/3830/3830 3831/3831/3831
f 3832/3832/3832 3831/3831/3831 3833/3833/3833
f 3834/3834/3834 3832/3832/3832 3833/3833/3833
f 3834/3834/3834 3833/3833/3833 3835/3835/3835
f 3836/3836/3836 3834/3834/3834 3835/3835/3835
f 3836/3836/3836 3835/3835/3835 3837/3837/3837
f 3838/3838/3838 3836/3836/3836 3837/3837/3837
f 3838/3838/3838 3837/3837/3837 3839/3839/3839
f 3840/3840/3840 3838/3838/3838 3839/3839/3839
f 3840/3840/3840 3839/3839/3839 3841/3841/3841
f 3842/3842/3842 3840/3840/3840 3841/3841/3841
f 3842/3842/3842 3841/3841/3841 3843/3843/3843
f 3803/3803/3803 3844/3844/3844 3845/3845/3845
f 3803/3803/3803 3845/3845/3845 3804/3804/3804
f 646/646/646 3846/3846/3846 3847/3847/3847
f 646/646/646 3847/3847/3847 647/647/647
f 3828/3828/3828 3830/3830/3830 3848/3848/3848
f 3828/3828/3828 3848/3848/3848 3849/3849/3849
f 3844/3844/3844 3803/3803/3803 3850/3850/3850
f 3844/3844/3844 3850/3850/3850 3851/3851/3851
f 3802/3802/3802 3806/3806/3806 3852/3852/3852
f 3802/3802/3802 3852/3852/3852 3853/3853/3853
f 3799/3799/3799 3818/3818/3818 3854/3854/3854
f 3799/3799/3799 3854/3854/3854 3800/3800/3800
f 3830/3830/3830 3832/3832/3832 3855/3855/3855
f 3830/3830/3830 3855/3855/3855 3848/3848/3848
f 3806/3806/3806 3808/3808/3808 3856/3856/3856
f 3806/3806/3806 3856/3856/3856 3852/3852/3852
f 3818/3818/3818 3820/3820/3820 3857/3857/3857
f 3818/3818/3818 3857/3857/3857 3854/3854/3854
f 3832/3832/3832 3834/3834/3834 3858/3858/3858
f 3832/3832/3832 3858/3858/3858 3855/3855/3855
f 3808/3808/3808 3810/3810/3810 3859/3859/3859
f 3808/3808/3808 3859/3859/3859 3856/3856/3856
f 3820/3820/3820 3822/3822/3822 3860/3860/3860
f 3820/3820/3820 3860/3860/3860 3857/3857/3857
f 3834/3834/3834 3836/3836/3836 3861/3861/3861
f 3834/3834/3834 3861/3861/3861 3858/3858/3858
f 3810/3810/3810 3812/3812/3812 3862/3862/3862
f 3810/3810/3810 3862/3862/3862 3859/3859/3859
f 3822/3822/3822 3824/3824/3824 3863/3863/3863
f 3822/3822/3822 3863/3863/3863 3860/3860/3860
f 3836/3836/3836 3838/3838/3838 3864/3864/3864
f 3836/3836/3836 3864/3864/3864 3861/3861/3861
f 3812/3812/3812 3814/3814/3814 3865/3865/3865
f 3812/3812/3812 3865/3865/3865 3862/3862/3862
f 3824/3824/3824 3826/3826/3826 3866/3866/3866
f 3824/3824/3824 3866/3866/3866 3863/3863/3863
f 3838/3838/3838 3840/3840/3840 3867/3867/3867
f 3838/3838/3838 3867/3867/3867 3864/3864/3864
f 3814/3814/3814 3798/3798/3798 3801/3801/3801
f 3814/3814/3814 3801/3801/3801 3865/3865/3865
f 3826/3826/3826 3828/3828/3828 3849/3849/3849
f 3826/3826/3826 3849/3849/3849 3866/3866/3866
f 3840/3840/3840 3842/3842/3842 3868/3868/3868
f 3840/3840/3840 3868/3868/3868 3867/3867/3867
f 3803/3803/3803 3802/3802/3802 3853/3853/3853
f 3803/3803/3803 3853/3853/3853 3850/3850/3850
f 649/649/649 3869/3869/3869 3870/3870/3870
f 649/649/649 3870/3870/3870 650/650/650
f 652/652/652 3871/3871/3871 3872/3872/3872
f 652/652/652 3872/3872/3872 653/653/653
f 3846/3846/3846 630/630/630 632/632/632
f 3846/3846/3846 632/632/632 3847/3847/3847
f 3869/3869/3869 633/633/633 635/635/635
f 3869/3869/3869 635/635/635 3870/3870/3870
f 3871/3871/3871 636/636/636 638/638/638
f 3871/3871/3871 638/638/638 3872/3872/3872
f 631/631/631 642/642/642 644/644/644
f 631/631/631 644/644/644 632/632/632
f 634/634/634 3873/3873/3873 3874/3874/3874
f 634/634/634 3874/3874/3874 635/635/635
f 637/637/637 3875/3875/3875 3876/3876/3876
f 637/637/637 3876/3876/3876 638/638/638
f 3877/3877/3877 639/639/639 641/641/641
f 3877/3877/3877 641/641/641 3878/3878/3878
f 640/640/640 3879/3879/3879 3880/3880/3880
f 640/640/640 3880/3880/3880 641/641/641
f 3875/3875/3875 645/645/645 647/647/647
f 3875/3875/3875 647/647/647 3876/3876/3876
f 643/643/643 648/648/648 650/650/650
f 643/643/643 650/650/650 644/644/644
f 3879/3879/3879 651/651/651 653/653/653
f 3879/3879/3879 653/653/653 3880/3880/3880
f 3881/3881/3881 3882/3882/3882 3883/3883/3883
f 3881/3881/3881 3883/3883/3883 3884/3884/3884
f 3885/3885/3885 3881/3881/3881 3884/3884/3884
f 3885/3885/3885 3884/3884/3884 3886/3886/3886
f 3887/3887/3887 3885/3885/3885 3886/3886/3886
f 3887/3887/3887 3886/3886/3886 3888/3888/3888
f 3889/3889/3889 3887/3887/3887 3888/3888/3888
f 3889/3889/3889 3888/3888/3888 3890/3890/3890
f 3891/3891/3891 3889/3889/3889 3890/3890/3890
f 3891/3891/3891 3890/3890/3890 3892/3892/3892
f 3893/3893/3893 3891/3891/3891 3892/3892/3892
f 3893/3893/3893 3892/3892/3892 3894/3894/3894
f 3895/3895/3895 3893/3893/3893 3894/3894/3894
f 3895/3895/3895 3894/3894/3894 3896/3896/3896
f 3897/3897/3897 3895/3895/3895 3896/3896/3896
f 3897/3897/3897 3896/3896/3896 3898/3898/3898
f 3899/3899/3899 3897/3897/3897 3898/3898/3898
f 3899/3899/3899 3898/3898/3898 3900/3900/3900
f 3901/3901/3901 3899/3899/3899 3900/3900/3900
f 3901/3901/3901 3900/3900/3900 3902/3902/3902
f 3903/3903/3903 3901/3901/3901 3902/3902/3902
f 3903/3903/3903 3902/3902/3902 3904/3904/3904
f 3905/3905/3905 3903/3903/3903 3904/3904/3904
f 3905/3905/3905 3904/3904/3904 3906/3906/3906
f 3907/3907/3907 3905/3905/3905 3906/3906/3906
f 3907/3907/3907 3906/3906/3906 3908/3908/3908
f 3882/3882/3882 3909/3909/3909 3910/3910/3910
f 3882/3882/3882 3910/3910/3910 3883/3883/3883
f 3911/3911/3911 3912/3912/3912 3913/3913/3913
f 3911/3911/3911 3913/3913/3913 3914/3914/3914
f 3915/3915/3915 3916/3916/3916 3917/3917/3917
f 3915/3915/3915 3917/3917/3917 3918/3918/3918
f 3919/3919/3919 3920/3920/3920 3921/3921/3921
f 3919/3919/3919 3921/3921/3921 3922/3922/3922
f 3923/3923/3923 3924/3924/3924 3925/3925/3925
f 3923/3923/3923 3925/3925/3925 3926/3926/3926
f 3924/3924/3924 3927/3927/3927 3928/3928/3928
f 3924/3924/3924 3928/3928/3928 3925/3925/3925
f 3920/3920/3920 3929/3929/3929 3930/3930/3930
f 3920/3920/3920 3930/3930/3930 3921/3921/3921
f 3912/3912/3912 3931/3931/3931 3932/3932/3932
f 3912/3912/3912 3932/3932/3932 3913/3913/3913
f 3927/3927/3927 3933/3933/3933 3934/3934/3934
f 3927/3927/3927 3934/3934/3934 3928/3928/3928
f 3929/3929/3929 3935/3935/3935 3936/3936/3936
f 3929/3929/3929 3936/3936/3936 3930/3930/3930
f 3931/3931/3931 3937/3937/3937 3938/3938/3938
f 3931/3931/3931 3938/3938/3938 3932/3932/3932
f 3933/3933/3933 3939/3939/3939 3940/3940/3940
f 3933/3933/3933 3940/3940/3940 3934/3934/3934
f 3935/3935/3935 3911/3911/3911 3914/3914/3914
f 3935/3935/3935 3914/3914/3914 3936/3936/3936
f 3937/3937/3937 3915/3915/3915 3918/3918/3918
f 3937/3937/3937 3918/3918/3918 3938/3938/3938
f 3939/3939/3939 3919/3919/3919 3922/3922/3922
f 3939/3939/3939 3922/3922/3922 3940/3940/3940
f 3941/3941/3941 3942/3942/3942 3943/3943/3943
f 3941/3941/3941 3943/3943/3943 3944/3944/3944
f 3945/3945/3945 3941/3941/3941 3944/3944/3944
f 3945/3945/3945 3944/3944/3944 3946/3946/3946
f 3947/3947/3947 3945/3945/3945 3946/3946/3946
f 3947/3947/3947 3946/3946/3946 3948/3948/3948
f 3949/3949/3949 3947/3947/3947 3948/3948/3948
f 3949/3949/3949 3948/3948/3948 3950/3950/3950
f 3951/3951/3951 3949/3949/3949 3950/3950/3950
f 3951/3951/3951 3950/3950/3950 3952/3952/3952
f 3953/3953/3953 3951/3951/3951 3952/3952/3952
f 3953/3953/3953 3952/3952/3952 3954/3954/3954
f 3955/3955/3955 3953/3953/3953 3954/3954/3954
f 3955/3955/3955 3954/3954/3954 3956/3956/3956
f 3957/3957/3957 3955/3955/3955 3956/3956/3956
f 3957/3957/3957 3956/3956/3956 3958/3958/3958
f 3959/3959/3959 3957/3957/3957 3958/3958/3958
f 3959/3959/3959 3958/3958/3958 3960/3960/3960
f 3961/3961/3961 3959/3959/3959 3960/3960/3960
f 3961/3961/3961 3960/3960/3960 3962/3962/3962
f 3963/3963/3963 3961/3961/3961 3962/3962/3962
f 3963/3963/3963 3962/3962/3962 3964/3964/3964
f 3965/3965/3965 3963/3963/3963 3964/3964/3964
f 3965/3965/3965 3964/3964/3964 3966/3966/3966
f 3967/3967/3967 3965/3965/3965 3966/3966/3966
f 3967/3967/3967 3966/3966/3966 3968/3968/3968
f 3969/3969/3969 3967/3967/3967 3968/3968/3968
f 3969/3969/3969 3968/3968/3968 3970/3970/3970
f 3971/3971/3971 3969/3969/3969 3970/3970/3970
f 3971/3971/3971 3970/3970/3970 3972/3972/3972
f 3973/3973/3973 3971/3971/3971 3972/3972/3972
f 3973/3973/3973 3972/3972/3972 3974/3974/3974
f 3975/3975/3975 3973/3973/3973 3974/3974/3974
f 3975/3975/3975 3974/3974/3974 3976/3976/3976
f 3977/3977/3977 3975/3975/3975 3976/3976/3976
f 3977/3977/3977 3976/3976/3976 3978/3978/3978
f 3979/3979/3979 3977/3977/3977 3978/3978/3978
f 3979/3979/3979 3978/3978/3978 3980/3980/3980
f 3981/3981/3981 3979/3979/3979 3980/3980/3980
f 3981/3981/3981 3980/3980/3980 3982/3982/3982
f 3983/3983/3983 3981/3981/3981 3982/3982/3982
f 3983/3983/3983 3982/3982/3982 3984/3984/3984
f 3985/3985/3985 3986/3986/3986 3987/3987/3987
f 3985/3985/3985 3987/3987/3987 3988/3988/3988
f 3989/3989/3989 3990/3990/3990 3991/3991/3991
f 3989/3989/3989 3991/3991/3991 3992/3992/3992
f 3993/3993/3993 3994/3994/3994 3990/3990/3990
f 3993/3993/3993 3990/3990/3990 3989/3989/3989
f 3995/3995/3995 3996/3996/3996 3994/3994/3994
f 3995/3995/3995 3994/3994/3994 3993/3993/3993
f 3997/3997/3997 3998/3998/3998 3996/3996/3996
f 3997/3997/3997 3996/3996/3996 3995/3995/3995
f 3999/3999/3999 4000/4000/4000 3998/3998/3998
f 3999/3999/3999 3998/3998/3998 3997/3997/3997
f 4001/4001/4001 4002/4002/4002 4000/4000/4000
f 4001/4001/4001 4000/4000/4000 3999/3999/3999
f 3985/3985/3985 4003/4003/4003 4002/4002/4002
f 3985/3985/3985 4002/4002/4002 4001/4001/4001
f 3988/3988/3988 4004/4004/4004 4003/4003/4003
f 3988/3988/3988 4003/4003/4003 3985/3985/3985
f 4005/4005/4005 4006/4006/4006 4004/4004/4004
f 4005/4005/4005 4004/4004/4004 3988/3988/3988
f 4007/4007/4007 4008/4008/4008 4006/4006/4006
f 4007/4007/4007 4006/4006/4006 4005/4005/4005
f 4009/4009/4009 4010/4010/4010 4008/4008/4008
f 4009/4009/4009 4008/4008/4008 4007/4007/4007
f 4011/4011/4011 4012/4012/4012 4010/4010/4010
f 4011/4011/4011 4010/4010/4010 4009/4009/4009
f 4013/4013/4013 4014/4014/4014 4012/4012/4012
f 4013/4013/4013 4012/4012/4012 4011/4011/4011
f 4015/4015/4015 4016/4016/4016 4014/4014/4014
f 4015/4015/4015 4014/4014/4014 4013/4013/4013
f 4017/4017/4017 4018/4018/4018 4016/4016/4016
f 4017/4017/4017 4016/4016/4016 4015/4015/4015
f 4019/4019/4019 4020/4020/4020 4018/4018/4018
f 4019/4019/4019 4018/4018/4018 4017/4017/4017
f 4021/4021/4021 4022/4022/4022 4020/4020/4020
f 4021/4021/4021 4020/4020/4020 4019/4019/4019
f 4023/4023/4023 4024/4024/4024 4022/4022/4022
f 4023/4023/4023 4022/4022/4022 4021/4021/4021
f 4025/4025/4025 4026/4026/4026 4024/4024/4024
f 4025/4025/4025 4024/4024/4024 4023/4023/4023
f 4027/4027/4027 4028/4028/4028 4026/4026/4026
f 4027/4027/4027 4026/4026/4026 4025/4025/4025
f 4029/4029/4029 4030/4030/4030 4028/4028/4028
f 4029/4029/4029 4028/4028/4028 4027/4027/4027
f 3992/3992/3992 3991/3991/3991 4031/4031/4031
f 3992/3992/3992 4031/4031/4031 4032/4032/4032
f 671/671/671 670/670/670 4033/4033/4033
f 671/671/671 4033/4033/4033 4034/4034/4034
f 4015/4015/4015 4035/4035/4035 4036/4036/4036
f 4015/4015/4015 4036/4036/4036 4017/4017/4017
f 4032/4032/4032 4037/4037/4037 4038/4038/4038
f 4032/4032/4032 4038/4038/4038 3992/3992/3992
f 3989/3989/3989 4039/4039/4039 4040/4040/4040
f 3989/3989/3989 4040/4040/4040 3993/3993/3993
f 3988/3988/3988 3987/3987/3987 4041/4041/4041
f 3988/3988/3988 4041/4041/4041 4005/4005/4005
f 4017/4017/4017 4036/4036/4036 4042/4042/4042
f 4017/4017/4017 4042/4042/4042 4019/4019/4019
f 3993/3993/3993 4040/4040/4040 4043/4043/4043
f 3993/3993/3993 4043/4043/4043 3995/3995/3995
f 4005/4005/4005 4041/4041/4041 4044/4044/4044
f 4005/4005/4005 4044/4044/4044 4007/4007/4007
f 4019/4019/4019 4042/4042/4042 4045/4045/4045
f 4019/4019/4019 4045/4045/4045 4021/4021/4021
f 3995/3995/3995 4043/4043/4043 4046/4046/4046
f 3995/3995/3995 4046/4046/4046 3997/3997/3997
f 4007/4007/4007 4044/4044/4044 4047/4047/4047
f 4007/4007/4007 4047/4047/4047 4009/4009/4009
f 4021/4021/4021 4045/4045/4045 4048/4048/4048
f 4021/4021/4021 4048/4048/4048 4023/4023/4023
f 3997/3997/3997 4046/4046/4046 4049/4049/4049
f 3997/3997/3997 4049/4049/4049 3999/3999/3999
f 4009/4009/4009 4047/4047/4047 4050/4050/4050
f 4009/4009/4009 4050/4050/4050 4011/4011/4011
f 4023/4023/4023 4048/4048/4048 4051/4051/4051
f 4023/4023/4023 4051/4051/4051 4025/4025/4025
f 3999/3999/3999 4049/4049/4049 4052/4052/4052
f 3999/3999/3999 4052/4052/4052 4001/4001/4001
f 4011/4011/4011 4050/4050/4050 4053/4053/4053
f 4011/4011/4011 4053/4053/4053 4013/4013/4013
f 4025/4025/4025 4051/4051/4051 4054/4054/4054
f 4025/4025/4025 4054/4054/4054 4027/4027/4027
f 4001/4001/4001 4052/4052/4052 3986/3986/3986
f 4001/4001/4001 3986/3986/3986 3985/3985/3985
f 4013/4013/4013 4053/4053/4053 4035/4035/4035
f 4013/4013/4013 4035/4035/4035 4015/4015/4015
f 4027/4027/4027 4054/4054/4054 4055/4055/4055
f 4027/4027/4027 4055/4055/4055 4029/4029/4029
f 3992/3992/3992 4038/4038/4038 4039/4039/4039
f 3992/3992/3992 4039/4039/4039 3989/3989/3989
f 674/674/674 673/673/673 4056/4056/4056
f 674/674/674 4056/4056/4056 4057/4057/4057
f 677/677/677 676/676/676 4058/4058/4058
f 677/677/677 4058/4058/4058 4059/4059/4059
f 4034/4034/4034 4033/4033/4033 655/655/655
f 4034/4034/4034 655/655/655 654/654/654
f 4057/4057/4057 4056/4056/4056 658/658/658
f 4057/4057/4057 658/658/658 657/657/657
f 4059/4059/4059 4058/4058/4058 661/661/661
f 4059/4059/4059 661/661/661 660/660/660
f 656/656/656 655/655/655 667/667/667
f 656/656/656 667/667/667 666/666/666
f 659/659/659 658/658/658 4060/4060/4060
f 659/659/659 4060/4060/4060 4061/4061/4061
f 662/662/662 661/661/661 4062/4062/4062
f 662/662/662 4062/4062/4062 4063/4063/4063
f 4064/4064/4064 4065/4065/4065 664/664/664
f 4064/4064/4064 664/664/664 663/663/663
f 665/665/665 664/664/664 4066/4066/4066
f 665/665/665 4066/4066/4066 4067/4067/4067
f 4063/4063/4063 4062/4062/4062 670/670/670
f 4063/4063/4063 670/670/670 669/669/669
f 668/668/668 667/667/667 673/673/673
f 668/668/668 673/673/673 672/672/672
f 4067/4067/4067 4066/4066/4066 676/676/676
f 4067/4067/4067 676/676/676 675/675/675
f 4068/4068/4068 4069/4069/4069 4070/4070/4070
f 4068/4068/4068 4070/4070/4070 4071/4071/4071
f 4072/4072/4072 4073/4073/4073 4069/4069/4069
f 4072/4072/4072 4069/4069/4069 4068/4068/4068
f 4074/4074/4074 4075/4075/4075 4073/4073/4073
f 4074/4074/4074 4073/4073/4073 4072/4072/4072
f 4076/4076/4076 4077/4077/4077 4075/4075/4075
f 4076/4076/4076 4075/4075/4075 4074/4074/4074
f 4078/4078/4078 4079/4079/4079 4077/4077/4077
f 4078/4078/4078 4077/4077/4077 4076/4076/4076
f 4080/4080/4080 4081/4081/4081 4079/4079/4079
f 4080/4080/4080 4079/4079/4079 4078/4078/4078
f 4082/4082/4082 4083/4083/4083 4081/4081/4081
f 4082/4082/4082 4081/4081/4081 4080/4080/4080
f 4084/4084/4084 4085/4085/4085 4083/4083/4083
f 4084/4084/4084 4083/4083/4083 4082/4082/4082
f 4086/4086/4086 4087/4087/4087 4085/4085/4085
f 4086/4086/4086 4085/4085/4085 4084/4084/4084
f 4088/4088/4088 4089/4089/4089 4087/4087/4087
f 4088/4088/4088 4087/4087/4087 4086/4086/4086
f 4090/4090/4090 4091/4091/4091 4089/4089/4089
f 4090/4090/4090 4089/4089/4089 4088/4088/4088
f 4092/4092/4092 4093/4093/4093 4091/4091/4091
f 4092/4092/4092 4091/4091/4091 4090/4090/4090
f 4094/4094/4094 4095/4095/4095 4093/4093/4093
f 4094/4094/4094 4093/4093/4093 4092/4092/4092
f 4071/4071/4071 4070/4070/4070 4096/4096/4096
f 4071/4071/4071 4096/4096/4096 4097/4097/4097
f 4098/4098/4098 4099/4099/4099 4100/4100/4100
f 4098/4098/4098 4100/4100/4100 4101/4101/4101
f 4102/4102/4102 4103/4103/4103 4104/4104/4104
f 4102/4102/4102 4104/4104/4104 4105/4105/4105
f 4106/4106/4106 4107/4107/4107 4108/4108/4108
f 4106/4106/4106 4108/4108/4108 4109/4109/4109
f 4110/4110/4110 4111/4111/4111 4112/4112/4112
f 4110/4110/4110 4112/4112/4112 4113/4113/4113
f 4113/4113/4113 4112/4112/4112 4114/4114/4114
f 4113/4113/4113 4114/4114/4114 4115/4115/4115
f 4109/4109/4109 4108/4108/4108 4116/4116/4116
f 4109/4109/4109 4116/4116/4116 4117/4117/4117
f 4101/4101/4101 4100/4100/4100 4118/4118/4118
f 4101/4101/4101 4118/4118/4118 4119/4119/4119
f 4115/4115/4115 4114/4114/4114 4120/4120/4120
f 4115/4115/4115 4120/4120/4120 4121/4121/4121
f 4117/4117/4117 4116/4116/4116 4122/4122/4122
f 4117/4117/4117 4122/4122/4122 4123/4123/4123
f 4119/4119/4119 4118/4118/4118 4124/4124/4124
f 4119/4119/4119 4124/4124/4124 4125/4125/4125
f 4121/4121/4121 4120/4120/4120 4126/4126/4126
f 4121/4121/4121 4126/4126/4126 4127/4127/4127
f 4123/4123/4123 4122/4122/4122 4099/4099/4099
f 4123/4123/4123 4099/4099/4099 4098/4098/4098
f 4125/4125/4125 4124/4124/4124 4103/4103/4103
f 4125/4125/4125 4103/4103/4103 4102/4102/4102
f 4127/4127/4127 4126/4126/4126 4107/4107/4107
f 4127/4127/4127 4107/4107/4107 4106/4106/4106
f 4128/4128/4128 3983/3983/3983 3984/3984/3984
f 4128/4128/4128 3984/3984/3984 4129/4129/4129
f 4130/4130/4130 4131/4131/4131 4132/4132/4132
f 4130/4130/4130 4132/4132/4132 4133/4133/4133
f 4133/4133/4133 4132/4132/4132 695/695/695
f 4133/4133/4133 695/695/695 4134/4134/4134
f 4134/4134/4134 695/695/695 685/685/685
f 4134/4134/4134 685/685/685 4135/4135/4135
f 4135/4135/4135 685/685/685 684/684/684
f 4135/4135/4135 684/684/684 4136/4136/4136
f 4136/4136/4136 684/684/684 688/688/688
f 4136/4136/4136 688/688/688 4137/4137/4137
f 4137/4137/4137 688/688/688 687/687/687
f 4137/4137/4137 687/687/687 4138/4138/4138
f 4139/4139/4139 4140/4140/4140 679/679/679
f 4139/4139/4139 679/679/679 4141/4141/4141
f 4141/4141/4141 679/679/679 678/678/678
f 4141/4141/4141 678/678/678 4142/4142/4142
f 4142/4142/4142 678/678/678 4143/4143/4143
f 4142/4142/4142 4143/4143/4143 4144/4144/4144
f 4144/4144/4144 4143/4143/4143 4145/4145/4145
f 4144/4144/4144 4145/4145/4145 4146/4146/4146
f 4146/4146/4146 4145/4145/4145 4147/4147/4147
f 4146/4146/4146 4147/4147/4147 4148/4148/4148
f 4149/4149/4149 4150/4150/4150 4151/4151/4151
f 4149/4149/4149 4151/4151/4151 4152/4152/4152
f 4153/4153/4153 4154/4154/4154 4155/4155/4155
f 4153/4153/4153 4155/4155/4155 4156/4156/4156
f 4157/4157/4157 680/680/680 679/679/679
f 4157/4157/4157 679/679/679 4140/4140/4140
f 4145/4145/4145 4143/4143/4143 4158/4158/4158
f 4145/4145/4145 4158/4158/4158 4159/4159/4159
f 4143/4143/4143 678/678/678 680/680/680
f 4143/4143/4143 680/680/680 4158/4158/4158
f 688/688/688 684/684/684 686/686/686
f 688/688/688 686/686/686 689/689/689
f 695/695/695 4132/4132/4132 4160/4160/4160
f 695/695/695 4160/4160/4160 698/698/698
f 4140/4140/4140 687/687/687 689/689/689
f 4140/4140/4140 689/689/689 4157/4157/4157
f 691/691/691 4161/4161/4161 4162/4162/4162
f 691/691/691 4162/4162/4162 692/692/692
f 4157/4157/4157 689/689/689 723/723/723
f 4157/4157/4157 723/723/723 720/720/720
f 4147/4147/4147 4145/4145/4145 4159/4159/4159
f 4147/4147/4147 4159/4159/4159 4163/4163/4163
f 4132/4132/4132 4131/4131/4131 4164/4164/4164
f 4132/4132/4132 4164/4164/4164 4160/4160/4160
f 4152/4152/4152 4151/4151/4151 4165/4165/4165
f 4152/4152/4152 4165/4165/4165 4166/4166/4166
f 686/686/686 685/685/685 4167/4167/4167
f 686/686/686 4167/4167/4167 708/708/708
f 689/689/689 686/686/686 708/708/708
f 689/689/689 708/708/708 723/723/723
f 680/680/680 4157/4157/4157 720/720/720
f 680/680/680 720/720/720 727/727/727
f 685/685/685 696/696/696 4168/4168/4168
f 685/685/685 4168/4168/4168 4169/4169/4169
f 4158/4158/4158 680/680/680 726/726/726
f 4158/4158/4158 726/726/726 4170/4170/4170
f 687/687/687 4140/4140/4140 4139/4139/4139
f 687/687/687 4139/4139/4139 4138/4138/4138
f 4171/4171/4171 4172/4172/4172 4173/4173/4173
f 4171/4171/4171 4173/4173/4173 4174/4174/4174
f 4174/4174/4174 4173/4173/4173 4175/4175/4175
f 4174/4174/4174 4175/4175/4175 4176/4176/4176
f 4176/4176/4176 4175/4175/4175 4177/4177/4177
f 4176/4176/4176 4177/4177/4177 4178/4178/4178
f 4178/4178/4178 4177/4177/4177 4179/4179/4179
f 4178/4178/4178 4179/4179/4179 4180/4180/4180
f 4180/4180/4180 4179/4179/4179 4181/4181/4181
f 4180/4180/4180 4181/4181/4181 4182/4182/4182
f 4182/4182/4182 4181/4181/4181 4183/4183/4183
f 4182/4182/4182 4183/4183/4183 4184/4184/4184
f 4184/4184/4184 4183/4183/4183 4185/4185/4185
f 4184/4184/4184 4185/4185/4185 4186/4186/4186
f 4186/4186/4186 4185/4185/4185 4187/4187/4187
f 4186/4186/4186 4187/4187/4187 4188/4188/4188
f 4188/4188/4188 4187/4187/4187 4189/4189/4189
f 4188/4188/4188 4189/4189/4189 4190/4190/4190
f 4190/4190/4190 4189/4189/4189 4191/4191/4191
f 4190/4190/4190 4191/4191/4191 4192/4192/4192
f 729/729/729 4193/4193/4193 4194/4194/4194
f 729/729/729 4194/4194/4194 730/730/730
f 730/730/730 4194/4194/4194 4195/4195/4195
f 730/730/730 4195/4195/4195 4196/4196/4196
f 4197/4197/4197 4198/4198/4198 692/692/692
f 4197/4197/4197 692/692/692 4162/4162/4162
f 4196/4196/4196 4195/4195/4195 4199/4199/4199
f 4196/4196/4196 4199/4199/4199 4200/4200/4200
f 4200/4200/4200 4199/4199/4199 4172/4172/4172
f 4200/4200/4200 4172/4172/4172 4171/4171/4171
f 710/710/710 707/707/707 725/725/725
f 710/710/710 725/725/725 724/724/724
f 703/703/703 722/722/722 715/715/715
f 703/703/703 715/715/715 704/704/704
f 714/714/714 705/705/705 707/707/707
f 714/714/714 707/707/707 715/715/715
f 717/717/717 711/711/711 704/704/704
f 717/717/717 704/704/704 718/718/718
f 721/721/721 719/719/719 718/718/718
f 721/721/721 718/718/718 710/710/710
f 720/720/720 723/723/723 725/725/725
f 720/720/720 725/725/725 707/707/707
f 723/723/723 708/708/708 710/710/710
f 723/723/723 710/710/710 724/724/724
f 699/699/699 4190/4190/4190 4192/4192/4192
f 699/699/699 4192/4192/4192 700/700/700
f 4201/4201/4201 4202/4202/4202 4198/4198/4198
f 4201/4201/4201 4198/4198/4198 4197/4197/4197
f 4203/4203/4203 4204/4204/4204 4202/4202/4202
f 4203/4203/4203 4202/4202/4202 4201/4201/4201
f 4205/4205/4205 4204/4204/4204 4203/4203/4203
f 4205/4205/4205 4203/4203/4203 4206/4206/4206
f 4207/4207/4207 4205/4205/4205 4206/4206/4206
f 4207/4207/4207 4206/4206/4206 4208/4208/4208
f 732/732/732 4207/4207/4207 4208/4208/4208
f 732/732/732 4208/4208/4208 733/733/733
f 4209/4209/4209 4210/4210/4210 4211/4211/4211
f 4209/4209/4209 4211/4211/4211 4212/4212/4212
f 4210/4210/4210 4213/4213/4213 752/752/752
f 4210/4210/4210 752/752/752 4211/4211/4211
f 4213/4213/4213 4214/4214/4214 742/742/742
f 4213/4213/4213 742/742/742 752/752/752
f 4214/4214/4214 4215/4215/4215 740/740/740
f 4214/4214/4214 740/740/740 742/742/742
f 4215/4215/4215 4216/4216/4216 745/745/745
f 4215/4215/4215 745/745/745 740/740/740
f 4216/4216/4216 4217/4217/4217 743/743/743
f 4216/4216/4216 743/743/743 745/745/745
f 4218/4218/4218 4219/4219/4219 736/736/736
f 4218/4218/4218 736/736/736 4220/4220/4220
f 4219/4219/4219 4221/4221/4221 734/734/734
f 4219/4219/4219 734/734/734 736/736/736
f 4221/4221/4221 4222/4222/4222 4223/4223/4223
f 4221/4221/4221 4223/4223/4223 734/734/734
f 4222/4222/4222 4224/4224/4224 4225/4225/4225
f 4222/4222/4222 4225/4225/4225 4223/4223/4223
f 4224/4224/4224 4226/4226/4226 4227/4227/4227
f 4224/4224/4224 4227/4227/4227 4225/4225/4225
f 4228/4228/4228 4229/4229/4229 4230/4230/4230
f 4228/4228/4228 4230/4230/4230 4231/4231/4231
f 753/753/753 749/749/749 4232/4232/4232
f 753/753/753 4232/4232/4232 4233/4233/4233
f 4234/4234/4234 4220/4220/4220 736/736/736
f 4234/4234/4234 736/736/736 735/735/735
f 4225/4225/4225 4235/4235/4235 4236/4236/4236
f 4225/4225/4225 4236/4236/4236 4223/4223/4223
f 4223/4223/4223 4236/4236/4236 735/735/735
f 4223/4223/4223 735/735/735 734/734/734
f 745/745/745 744/744/744 741/741/741
f 745/745/745 741/741/741 740/740/740
f 752/752/752 754/754/754 4237/4237/4237
f 752/752/752 4237/4237/4237 4211/4211/4211
f 4220/4220/4220 4234/4234/4234 744/744/744
f 4220/4220/4220 744/744/744 743/743/743
f 748/748/748 747/747/747 4238/4238/4238
f 748/748/748 4238/4238/4238 4239/4239/4239
f 4234/4234/4234 776/776/776 779/779/779
f 4234/4234/4234 779/779/779 744/744/744
f 4227/4227/4227 4240/4240/4240 4235/4235/4235
f 4227/4227/4227 4235/4235/4235 4225/4225/4225
f 4211/4211/4211 4237/4237/4237 4241/4241/4241
f 4211/4211/4211 4241/4241/4241 4212/4212/4212
f 4229/4229/4229 4242/4242/4242 4243/4243/4243
f 4229/4229/4229 4243/4243/4243 4230/4230/4230
f 741/741/741 764/764/764 4244/4244/4244
f 741/741/741 4244/4244/4244 742/742/742
f 744/744/744 779/779/779 764/764/764
f 744/744/744 764/764/764 741/741/741
f 735/735/735 783/783/783 776/776/776
f 735/735/735 776/776/776 4234/4234/4234
f 742/742/742 4245/4245/4245 4246/4246/4246
f 742/742/742 4246/4246/4246 751/751/751
f 4236/4236/4236 4247/4247/4247 782/782/782
f 4236/4236/4236 782/782/782 735/735/735
f 743/743/743 4217/4217/4217 4218/4218/4218
f 743/743/743 4218/4218/4218 4220/4220/4220
f 4248/4248/4248 4249/4249/4249 4250/4250/4250
f 4248/4248/4248 4250/4250/4250 4251/4251/4251
f 4249/4249/4249 4252/4252/4252 4253/4253/4253
f 4249/4249/4249 4253/4253/4253 4250/4250/4250
f 4252/4252/4252 4254/4254/4254 4255/4255/4255
f 4252/4252/4252 4255/4255/4255 4253/4253/4253
f 4254/4254/4254 4256/4256/4256 4257/4257/4257
f 4254/4254/4254 4257/4257/4257 4255/4255/4255
f 4256/4256/4256 4258/4258/4258 4259/4259/4259
f 4256/4256/4256 4259/4259/4259 4257/4257/4257
f 4258/4258/4258 4260/4260/4260 4261/4261/4261
f 4258/4258/4258 4261/4261/4261 4259/4259/4259
f 4260/4260/4260 4262/4262/4262 4263/4263/4263
f 4260/4260/4260 4263/4263/4263 4261/4261/4261
f 4262/4262/4262 4264/4264/4264 4265/4265/4265
f 4262/4262/4262 4265/4265/4265 4263/4263/4263
f 4264/4264/4264 4266/4266/4266 4267/4267/4267
f 4264/4264/4264 4267/4267/4267 4265/4265/4265
f 4266/4266/4266 4268/4268/4268 4269/4269/4269
f 4266/4266/4266 4269/4269/4269 4267/4267/4267
f 786/786/786 785/785/785 4270/4270/4270
f 786/786/786 4270/4270/4270 4271/4271/4271
f 785/785/785 4272/4272/4272 4273/4273/4273
f 785/785/785 4273/4273/4273 4270/4270/4270
f 4274/4274/4274 4238/4238/4238 747/747/747
f 4274/4274/4274 747/747/747 4275/4275/4275
f 4272/4272/4272 4276/4276/4276 4277/4277/4277
f 4272/4272/4272 4277/4277/4277 4273/4273/4273
f 4276/4276/4276 4248/4248/4248 4251/4251/4251
f 4276/4276/4276 4251/4251/4251 4277/4277/4277
f 760/760/760 759/759/759 770/770/770
f 760/760/760 770/770/770 778/778/778
f 771/771/771 770/770/770 762/762/762
f 771/771/771 762/762/762 761/761/761
f 774/774/774 773/773/773 759/759/759
f 774/774/774 759/759/759 767/767/767
f 777/777/777 765/765/765 773/773/773
f 777/777/777 773/773/773 775/775/775
f 776/776/776 762/762/762 780/780/780
f 776/776/776 780/780/780 779/779/779
f 779/779/779 781/781/781 765/765/765
f 779/779/779 765/765/765 764/764/764
f 755/755/755 757/757/757 4268/4268/4268
f 755/755/755 4268/4268/4268 4266/4266/4266
f 4278/4278/4278 4274/4274/4274 4275/4275/4275
f 4278/4278/4278 4275/4275/4275 4279/4279/4279
f 4280/4280/4280 4278/4278/4278 4279/4279/4279
f 4280/4280/4280 4279/4279/4279 4281/4281/4281
f 4282/4282/4282 4283/4283/4283 4280/4280/4280
f 4282/4282/4282 4280/4280/4280 4281/4281/4281
f 4284/4284/4284 4285/4285/4285 4283/4283/4283
f 4284/4284/4284 4283/4283/4283 4282/4282/4282
f 789/789/789 788/788/788 4285/4285/4285
f 789/789/789 4285/4285/4285 4284/4284/4284
f 4286/4286/4286 4287/4287/4287 4288/4288/4288
f 4286/4286/4286 4288/4288/4288 4289/4289/4289
f 4290/4290/4290 4291/4291/4291 4292/4292/4292
f 4290/4290/4290 4292/4292/4292 4293/4293/4293
f 4294/4294/4294 4290/4290/4290 4293/4293/4293
f 4294/4294/4294 4293/4293/4293 4295/4295/4295
f 4296/4296/4296 4294/4294/4294 4295/4295/4295
f 4296/4296/4296 4295/4295/4295 4297/4297/4297
f 4298/4298/4298 4296/4296/4296 4297/4297/4297
f 4298/4298/4298 4297/4297/4297 4299/4299/4299
f 4300/4300/4300 4298/4298/4298 4299/4299/4299
f 4300/4300/4300 4299/4299/4299 4301/4301/4301
f 4302/4302/4302 4300/4300/4300 4301/4301/4301
f 4302/4302/4302 4301/4301/4301 4303/4303/4303
f 4286/4286/4286 4302/4302/4302 4303/4303/4303
f 4286/4286/4286 4303/4303/4303 4304/4304/4304
f 4287/4287/4287 4286/4286/4286 4304/4304/4304
f 4287/4287/4287 4304/4304/4304 4305/4305/4305
f 4306/4306/4306 4287/4287/4287 4305/4305/4305
f 4306/4306/4306 4305/4305/4305 4307/4307/4307
f 4308/4308/4308 4306/4306/4306 4307/4307/4307
f 4308/4308/4308 4307/4307/4307 4309/4309/4309
f 4310/4310/4310 4308/4308/4308 4309/4309/4309
f 4310/4310/4310 4309/4309/4309 4311/4311/4311
f 4312/4312/4312 4310/4310/4310 4311/4311/4311
f 4312/4312/4312 4311/4311/4311 4313/4313/4313
f 4314/4314/4314 4312/4312/4312 4313/4313/4313
f 4314/4314/4314 4313/4313/4313 4315/4315/4315
f 4316/4316/4316 4314/4314/4314 4315/4315/4315
f 4316/4316/4316 4315/4315/4315 4317/4317/4317
f 4318/4318/4318 4316/4316/4316 4317/4317/4317
f 4318/4318/4318 4317/4317/4317 4319/4319/4319
f 4320/4320/4320 4318/4318/4318 4319/4319/4319
f 4320/4320/4320 4319/4319/4319 4321/4321/4321
f 4322/4322/4322 4320/4320/4320 4321/4321/4321
f 4322/4322/4322 4321/4321/4321 4323/4323/4323
f 4324/4324/4324 4322/4322/4322 4323/4323/4323
f 4324/4324/4324 4323/4323/4323 4325/4325/4325
f 4326/4326/4326 4324/4324/4324 4325/4325/4325
f 4326/4326/4326 4325/4325/4325 4327/4327/4327
f 4328/4328/4328 4326/4326/4326 4327/4327/4327
f 4328/4328/4328 4327/4327/4327 4329/4329/4329
f 4330/4330/4330 4328/4328/4328 4329/4329/4329
f 4330/4330/4330 4329/4329/4329 4331/4331/4331
f 4291/4291/4291 4332/4332/4332 4333/4333/4333
f 4291/4291/4291 4333/4333/4333 4292/4292/4292
f 806/806/806 4334/4334/4334 4335/4335/4335
f 806/806/806 4335/4335/4335 807/807/807
f 4316/4316/4316 4318/4318/4318 4336/4336/4336
f 4316/4316/4316 4336/4336/4336 4337/4337/4337
f 4332/4332/4332 4291/4291/4291 4338/4338/4338
f 4332/4332/4332 4338/4338/4338 4339/4339/4339
f 4290/4290/4290 4294/4294/4294 4340/4340/4340
f 4290/4290/4290 4340/4340/4340 4341/4341/4341
f 4287/4287/4287 4306/4306/4306 4342/4342/4342
f 4287/4287/4287 4342/4342/4342 4288/4288/4288
f 4318/4318/4318 4320/4320/4320 4343/4343/4343
f 4318/4318/4318 4343/4343/4343 4336/4336/4336
f 4294/4294/4294 4296/4296/4296 4344/4344/4344
f 4294/4294/4294 4344/4344/4344 4340/4340/4340
f 4306/4306/4306 4308/4308/4308 4345/4345/4345
f 4306/4306/4306 4345/4345/4345 4342/4342/4342
f 4320/4320/4320 4322/4322/4322 4346/4346/4346
f 4320/4320/4320 4346/4346/4346 4343/4343/4343
f 4296/4296/4296 4298/4298/4298 4347/4347/4347
f 4296/4296/4296 4347/4347/4347 4344/4344/4344
f 4308/4308/4308 4310/4310/4310 4348/4348/4348
f 4308/4308/4308 4348/4348/4348 4345/4345/4345
f 4322/4322/4322 4324/4324/4324 4349/4349/4349
f 4322/4322/4322 4349/4349/4349 4346/4346/4346
f 4298/4298/4298 4300/4300/4300 4350/4350/4350
f 4298/4298/4298 4350/4350/4350 4347/4347/4347
f 4310/4310/4310 4312/4312/4312 4351/4351/4351
f 4310/4310/4310 4351/4351/4351 4348/4348/4348
f 4324/4324/4324 4326/4326/4326 4352/4352/4352
f 4324/4324/4324 4352/4352/4352 4349/4349/4349
f 4300/4300/4300 4302/4302/4302 4353/4353/4353
f 4300/4300/4300 4353/4353/4353 4350/4350/4350
f 4312/4312/4312 4314/4314/4314 4354/4354/4354
f 4312/4312/4312 4354/4354/4354 4351/4351/4351
f 4326/4326/4326 4328/4328/4328 4355/4355/4355
f 4326/4326/4326 4355/4355/4355 4352/4352/4352
f 4302/4302/4302 4286/4286/4286 4289/4289/4289
f 4302/4302/4302 4289/4289/4289 4353/4353/4353
f 4314/4314/4314 4316/4316/4316 4337/4337/4337
f 4314/4314/4314 4337/4337/4337 4354/4354/4354
f 4328/4328/4328 4330/4330/4330 4356/4356/4356
f 4328/4328/4328 4356/4356/4356 4355/4355/4355
f 4291/4291/4291 4290/4290/4290 4341/4341/4341
f 4291/4291/4291 4341/4341/4341 4338/4338/4338
f 809/809/809 4357/4357/4357 4358/4358/4358
f 809/809/809 4358/4358/4358 810/810/810
f 812/812/812 4359/4359/4359 4360/4360/4360
f 812/812/812 4360/4360/4360 813/813/813
f 4334/4334/4334 790/790/790 792/792/792
f 4334/4334/4334 792/792/792 4335/4335/4335
f 4357/4357/4357 793/793/793 795/795/795
f 4357/4357/4357 795/795/795 4358/4358/4358
f 4359/4359/4359 796/796/796 798/798/798
f 4359/4359/4359 798/798/798 4360/4360/4360
f 791/791/791 802/802/802 804/804/804
f 791/791/791 804/804/804 792/792/792
f 794/794/794 4361/4361/4361 4362/4362/4362
f 794/794/794 4362/4362/4362 795/795/795
f 797/797/797 4363/4363/4363 4364/4364/4364
f 797/797/797 4364/4364/4364 798/798/798
f 4365/4365/4365 799/799/799 801/801/801
f 4365/4365/4365 801/801/801 4366/4366/4366
f 800/800/800 4367/4367/4367 4368/4368/4368
f 800/800/800 4368/4368/4368 801/801/801
f 4363/4363/4363 805/805/805 807/807/807
f 4363/4363/4363 807/807/807 4364/4364/4364
f 803/803/803 808/808/808 810/810/810
f 803/803/803 810/810/810 804/804/804
f 4367/4367/4367 811/811/811 813/813/813
f 4367/4367/4367 813/813/813 4368/4368/4368
f 4369/4369/4369 4370/4370/4370 4371/4371/4371
f 4369/4369/4369 4371/4371/4371 4372/4372/4372
f 4373/4373/4373 4369/4369/4369 4372/4372/4372
f 4373/4373/4373 4372/4372/4372 4374/4374/4374
f 4375/4375/4375 4373/4373/4373 4374/4374/4374
f 4375/4375/4375 4374/4374/4374 4376/4376/4376
f 4377/4377/4377 4375/4375/4375 4376/4376/4376
f 4377/4377/4377 4376/4376/4376 4378/4378/4378
f 4379/4379/4379 4377/4377/4377 4378/4378/4378
f 4379/4379/4379 4378/4378/4378 4380/4380/4380
f 4381/4381/4381 4379/4379/4379 4380/4380/4380
f 4381/4381/4381 4380/4380/4380 4382/4382/4382
f 4383/4383/4383 4381/4381/4381 4382/4382/4382
f 4383/4383/4383 4382/4382/4382 4384/4384/4384
f 4385/4385/4385 4383/4383/4383 4384/4384/4384
f 4385/4385/4385 4384/4384/4384 4386/4386/4386
f 4387/4387/4387 4385/4385/4385 4386/4386/4386
f 4387/4387/4387 4386/4386/4386 4388/4388/4388
f 4389/4389/4389 4387/4387/4387 4388/4388/4388
f 4389/4389/4389 4388/4388/4388 4390/4390/4390
f 4391/4391/4391 4389/4389/4389 4390/4390/4390
f 4391/4391/4391 4390/4390/4390 4392/4392/4392
f 4393/4393/4393 4391/4391/4391 4392/4392/4392
f 4393/4393/4393 4392/4392/4392 4394/4394/4394
f 4395/4395/4395 4393/4393/4393 4394/4394/4394
f 4395/4395/4395 4394/4394/4394 4396/4396/4396
f 4370/4370/4370 4397/4397/4397 4398/4398/4398
f 4370/4370/4370 4398/4398/4398 4371/4371/4371
f 4399/4399/4399 4400/4400/4400 4401/4401/4401
f 4399/4399/4399 4401/4401/4401 4402/4402/4402
f 4403/4403/4403 4404/4404/4404 4405/4405/4405
f 4403/4403/4403 4405/4405/4405 4406/4406/4406
f 4407/4407/4407 4408/4408/4408 4409/4409/4409
f 4407/4407/4407 4409/4409/4409 4410/4410/4410
f 4411/4411/4411 4412/4412/4412 4413/4413/4413
f 4411/4411/4411 4413/4413/4413 4414/4414/4414
f 4412/4412/4412 4415/4415/4415 4416/4416/4416
f 4412/4412/4412 4416/4416/4416 4413/4413/4413
f 4408/4408/4408 4417/4417/4417 4418/4418/4418
f 4408/4408/4408 4418/4418/4418 4409/4409/4409
f 4400/4400/4400 4419/4419/4419 4420/4420/4420
f 4400/4400/4400 4420/4420/4420 4401/4401/4401
f 4415/4415/4415 4421/4421/4421 4422/4422/4422
f 4415/4415/4415 4422/4422/4422 4416/4416/4416
f 4417/4417/4417 4423/4423/4423 4424/4424/4424
f 4417/4417/4417 4424/4424/4424 4418/4418/4418
f 4419/4419/4419 4425/4425/4425 4426/4426/4426
f 4419/4419/4419 4426/4426/4426 4420/4420/4420
f 4421/4421/4421 4427/4427/4427 4428/4428/4428
f 4421/4421/4421 4428/4428/4428 4422/4422/4422
f 4423/4423/4423 4399/4399/4399 4402/4402/4402
f 4423/4423/4423 4402/4402/4402 4424/4424/4424
f 4425/4425/4425 4403/4403/4403 4406/4406/4406
f 4425/4425/4425 4406/4406/4406 4426/4426/4426
f 4427/4427/4427 4407/4407/4407 4410/4410/4410
f 4427/4427/4427 4410/4410/4410 4428/4428/4428
f 4429/4429/4429 4430/4430/4430 4431/4431/4431
f 4429/4429/4429 4431/4431/4431 4432/4432/4432
f 4433/4433/4433 4429/4429/4429 4432/4432/4432
f 4433/4433/4433 4432/4432/4432 4434/4434/4434
f 4435/4435/4435 4433/4433/4433 4434/4434/4434
f 4435/4435/4435 4434/4434/4434 4436/4436/4436
f 4437/4437/4437 4435/4435/4435 4436/4436/4436
f 4437/4437/4437 4436/4436/4436 4438/4438/4438
f 4439/4439/4439 4437/4437/4437 4438/4438/4438
f 4439/4439/4439 4438/4438/4438 4440/4440/4440
f 4441/4441/4441 4439/4439/4439 4440/4440/4440
f 4441/4441/4441 4440/4440/4440 4442/4442/4442
f 4443/4443/4443 4441/4441/4441 4442/4442/4442
f 4443/4443/4443 4442/4442/4442 4444/4444/4444
f 4445/4445/4445 4443/4443/4443 4444/4444/4444
f 4445/4445/4445 4444/4444/4444 4446/4446/4446
f 4447/4447/4447 4445/4445/4445 4446/4446/4446
f 4447/4447/4447 4446/4446/4446 4448/4448/4448
f 4449/4449/4449 4447/4447/4447 4448/4448/4448
f 4449/4449/4449 4448/4448/4448 4450/4450/4450
f 4451/4451/4451 4449/4449/4449 4450/4450/4450
f 4451/4451/4451 4450/4450/4450 4452/4452/4452
f 4453/4453/4453 4451/4451/4451 4452/4452/4452
f 4453/4453/4453 4452/4452/4452 4454/4454/4454
f 4455/4455/4455 4453/4453/4453 4454/4454/4454
f 4455/4455/4455 4454/4454/4454 4456/4456/4456
f 4457/4457/4457 4455/4455/4455 4456/4456/4456
f 4457/4457/4457 4456/4456/4456 4458/4458/4458
f 4459/4459/4459 4457/4457/4457 4458/4458/4458
f 4459/4459/4459 4458/4458/4458 4460/4460/4460
f 4461/4461/4461 4459/4459/4459 4460/4460/4460
f 4461/4461/4461 4460/4460/4460 4462/4462/4462
f 4463/4463/4463 4461/4461/4461 4462/4462/4462
f 4463/4463/4463 4462/4462/4462 4464/4464/4464
f 4465/4465/4465 4463/4463/4463 4464/4464/4464
f 4465/4465/4465 4464/4464/4464 4466/4466/4466
f 4467/4467/4467 4465/4465/4465 4466/4466/4466
f 4467/4467/4467 4466/4466/4466 4468/4468/4468
f 4469/4469/4469 4467/4467/4467 4468/4468/4468
f 4469/4469/4469 4468/4468/4468 4470/4470/4470
f 4471/4471/4471 4469/4469/4469 4470/4470/4470
f 4471/4471/4471 4470/4470/4470 4472/4472/4472
f 4473/4473/4473 4474/4474/4474 4475/4475/4475
f 4473/4473/4473 4475/4475/4475 4476/4476/4476
f 4477/4477/4477 4478/4478/4478 4479/4479/4479
f 4477/4477/4477 4479/4479/4479 4480/4480/4480
f 4481/4481/4481 4482/4482/4482 4478/4478/4478
f 4481/4481/4481 4478/4478/4478 4477/4477/4477
f 4483/4483/4483 4484/4484/4484 4482/4482/4482
f 4483/4483/4483 4482/4482/4482 4481/4481/4481
f 4485/4485/4485 4486/4486/4486 4484/4484/4484
f 4485/4485/4485 4484/4484/4484 4483/4483/4483
f 4487/4487/4487 4488/4488/4488 4486/4486/4486
f 4487/4487/4487 4486/4486/4486 4485/4485/4485
f 4489/4489/4489 4490/4490/4490 4488/4488/4488
f 4489/4489/4489 4488/4488/4488 4487/4487/4487
f 4473/4473/4473 4491/4491/4491 4490/4490/4490
f 4473/4473/4473 4490/4490/4490 4489/4489/4489
f 4476/4476/4476 4492/4492/4492 4491/4491/4491
f 4476/4476/4476 4491/4491/4491 4473/4473/4473
f 4493/4493/4493 4494/4494/4494 4492/4492/4492
f 4493/4493/4493 4492/4492/4492 4476/4476/4476
f 4495/4495/4495 4496/4496/4496 4494/4494/4494
f 4495/4495/4495 4494/4494/4494 4493/4493/4493
f 4497/4497/4497 4498/4498/4498 4496/4496/4496
f 4497/4497/4497 4496/4496/4496 4495/4495/4495
f 4499/4499/4499 4500/4500/4500 4498/4498/4498
f 4499/4499/4499 4498/4498/4498 4497/4497/4497
f 4501/4501/4501 4502/4502/4502 4500/4500/4500
f 4501/4501/4501 4500/4500/4500 4499/4499/4499
f 4503/4503/4503 4504/4504/4504 4502/4502/4502
f 4503/4503/4503 4502/4502/4502 4501/4501/4501
f 4505/4505/4505 4506/4506/4506 4504/4504/4504
f 4505/4505/4505 4504/4504/4504 4503/4503/4503
f 4507/4507/4507 4508/4508/4508 4506/4506/4506
f 4507/4507/4507 4506/4506/4506 4505/4505/4505
f 4509/4509/4509 4510/4510/4510 4508/4508/4508
f 4509/4509/4509 4508/4508/4508 4507/4507/4507
f 4511/4511/4511 4512/4512/4512 4510/4510/4510
f 4511/4511/4511 4510/4510/4510 4509/4509/4509
f 4513/4513/4513 4514/4514/4514 4512/4512/4512
f 4513/4513/4513 4512/4512/4512 4511/4511/4511
f 4515/4515/4515 4516/4516/4516 4514/4514/4514
f 4515/4515/4515 4514/4514/4514 4513/4513/4513
f 4517/4517/4517 4518/4518/4518 4516/4516/4516
f 4517/4517/4517 4516/4516/4516 4515/4515/4515
f 4480/4480/4480 4479/4479/4479 4519/4519/4519
f 4480/4480/4480 4519/4519/4519 4520/4520/4520
f 831/831/831 830/830/830 4521/4521/4521
f 831/831/831 4521/4521/4521 4522/4522/4522
f 4503/4503/4503 4523/4523/4523 4524/4524/4524
f 4503/4503/4503 4524/4524/4524 4505/4505/4505
f 4520/4520/4520 4525/4525/4525 4526/4526/4526
f 4520/4520/4520 4526/4526/4526 4480/4480/4480
f 4477/4477/4477 4527/4527/4527 4528/4528/4528
f 4477/4477/4477 4528/4528/4528 4481/4481/4481
f 4476/4476/4476 4475/4475/4475 4529/4529/4529
f 4476/4476/4476 4529/4529/4529 4493/4493/4493
f 4505/4505/4505 4524/4524/4524 4530/4530/4530
f 4505/4505/4505 4530/4530/4530 4507/4507/4507
f 4481/4481/4481 4528/4528/4528 4531/4531/4531
f 4481/4481/4481 4531/4531/4531 4483/4483/4483
f 4493/4493/4493 4529/4529/4529 4532/4532/4532
f 4493/4493/4493 4532/4532/4532 4495/4495/4495
f 4507/4507/4507 4530/4530/4530 4533/4533/4533
f 4507/4507/4507 4533/4533/4533 4509/4509/4509
f 4483/4483/4483 4531/4531/4531 4534/4534/4534
f 4483/4483/4483 4534/4534/4534 4485/4485/4485
f 4495/4495/4495 4532/4532/4532 4535/4535/4535
f 4495/4495/4495 4535/4535/4535 4497/4497/4497
f 4509/4509/4509 4533/4533/4533 4536/4536/4536
f 4509/4509/4509 4536/4536/4536 4511/4511/4511
f 4485/4485/4485 4534/4534/4534 4537/4537/4537
f 4485/4485/4485 4537/4537/4537 4487/4487/4487
f 4497/4497/4497 4535/4535/4535 4538/4538/4538
f 4497/4497/4497 4538/4538/4538 4499/4499/4499
f 4511/4511/4511 4536/4536/4536 4539/4539/4539
f 4511/4511/4511 4539/4539/4539 4513/4513/4513
f 4487/4487/4487 4537/4537/4537 4540/4540/4540
f 4487/4487/4487 4540/4540/4540 4489/4489/4489
f 4499/4499/4499 4538/4538/4538 4541/4541/4541
f 4499/4499/4499 4541/4541/4541 4501/4501/4501
f 4513/4513/4513 4539/4539/4539 4542/4542/4542
f 4513/4513/4513 4542/4542/4542 4515/4515/4515
f 4489/4489/4489 4540/4540/4540 4474/4474/4474
f 4489/4489/4489 4474/4474/4474 4473/4473/4473
f 4501/4501/4501 4541/4541/4541 4523/4523/4523
f 4501/4501/4501 4523/4523/4523 4503/4503/4503
f 4515/4515/4515 4542/4542/4542 4543/4543/4543
f 4515/4515/4515 4543/4543/4543 4517/4517/4517
f 4480/4480/4480 4526/4526/4526 4527/4527/4527
f 4480/4480/4480 4527/4527/4527 4477/4477/4477
f 834/834/834 833/833/833 4544/4544/4544
f 834/834/834 4544/4544/4544 4545/4545/4545
f 837/837/837 836/836/836 4546/4546/4546
f 837/837/837 4546/4546/4546 4547/4547/4547
f 4522/4522/4522 4521/4521/4521 815/815/815
f 4522/4522/4522 815/815/815 814/814/814
f 4545/4545/4545 4544/4544/4544 818/818/818
f 4545/4545/4545 818/818/818 817/817/817
f 4547/4547/4547 4546/4546/4546 821/821/821
f 4547/4547/4547 821/821/821 820/820/820
f 816/816/816 815/815/815 827/827/827
f 816/816/816 827/827/827 826/826/826
f 819/819/819 818/818/818 4548/4548/4548
f 819/819/819 4548/4548/4548 4549/4549/4549
f 822/822/822 821/821/821 4550/4550/4550
f 822/822/822 4550/4550/4550 4551/4551/4551
f 4552/4552/4552 4553/4553/4553 824/824/824
f 4552/4552/4552 824/824/824 823/823/823
f 825/825/825 824/824/824 4554/4554/4554
f 825/825/825 4554/4554/4554 4555/4555/4555
f 4551/4551/4551 4550/4550/4550 830/830/830
f 4551/4551/4551 830/830/830 829/829/829
f 828/828/828 827/827/827 833/833/833
f 828/828/828 833/833/833 832/832/832
f 4555/4555/4555 4554/4554/4554 836/836/836
f 4555/4555/4555 836/836/836 835/835/835
f 4556/4556/4556 4557/4557/4557 4558/4558/4558
f 4556/4556/4556 4558/4558/4558 4559/4559/4559
f 4560/4560/4560 4561/4561/4561 4557/4557/4557
f 4560/4560/4560 4557/4557/4557 4556/4556/4556
f 4562/4562/4562 4563/4563/4563 4561/4561/4561
f 4562/4562/4562 4561/4561/4561 4560/4560/4560
f 4564/4564/4564 4565/4565/4565 4563/4563/4563
f 4564/4564/4564 4563/4563/4563 4562/4562/4562
f 4566/4566/4566 4567/4567/4567 4565/4565/4565
f 4566/4566/4566 4565/4565/4565 4564/4564/4564
f 4568/4568/4568 4569/4569/4569 4567/4567/4567
f 4568/4568/4568 4567/4567/4567 4566/4566/4566
f 4570/4570/4570 4571/4571/4571 4569/4569/4569
f 4570/4570/4570 4569/4569/4569 4568/4568/4568
f 4572/4572/4572 4573/4573/4573 4571/4571/4571
f 4572/4572/4572 4571/4571/4571 4570/4570/4570
f 4574/4574/4574 4575/4575/4575 4573/4573/4573
f 4574/4574/4574 4573/4573/4573 4572/4572/4572
f 4576/4576/4576 4577/4577/4577 4575/4575/4575
f 4576/4576/4576 4575/4575/4575 4574/4574/4574
f 4578/4578/4578 4579/4579/4579 4577/4577/4577
f 4578/4578/4578 4577/4577/4577 4576/4576/4576
f 4580/4580/4580 4581/4581/4581 4579/4579/4579
f 4580/4580/4580 4579/4579/4579 4578/4578/4578
f 4582/4582/4582 4583/4583/4583 4581/4581/4581
f 4582/4582/4582 4581/4581/4581 4580/4580/4580
f 4559/4559/4559 4558/4558/4558 4584/4584/4584
f 4559/4559/4559 4584/4584/4584 4585/4585/4585
f 4586/4586/4586 4587/4587/4587 4588/4588/4588
f 4586/4586/4586 4588/4588/4588 4589/4589/4589
f 4590/4590/4590 4591/4591/4591 4592/4592/4592
f 4590/4590/4590 4592/4592/4592 4593/4593/4593
f 4594/4594/4594 4595/4595/4595 4596/4596/4596
f 4594/4594/4594 4596/4596/4596 4597/4597/4597
f 4598/4598/4598 4599/4599/4599 4600/4600/4600
f 4598/4598/4598 4600/4600/4600 4601/4601/4601
f 4601/4601/4601 4600/4600/4600 4602/4602/4602
f 4601/4601/4601 4602/4602/4602 4603/4603/4603
f 4597/4597/4597 4596/4596/4596 4604/4604/4604
f 4597/4597/4597 4604/4604/4604 4605/4605/4605
f 4589/4589/4589 4588/4588/4588 4606/4606/4606
f 4589/4589/4589 4606/4606/4606 4607/4607/4607
f 4603/4603/4603 4602/4602/4602 4608/4608/4608
f 4603/4603/4603 4608/4608/4608 4609/4609/4609
f 4605/4605/4605 4604/4604/4604 4610/4610/4610
f 4605/4605/4605 4610/4610/4610 4611/4611/4611
f 4607/4607/4607 4606/4606/4606 4612/4612/4612
f 4607/4607/4607 4612/4612/4612 4613/4613/4613
f 4609/4609/4609 4608/4608/4608 4614/4614/4614
f 4609/4609/4609 4614/4614/4614 4615/4615/4615
f 4611/4611/4611 4610/4610/4610 4587/4587/4587
f 4611/4611/4611 4587/4587/4587 4586/4586/4586
f 4613/4613/4613 4612/4612/4612 4591/4591/4591
f 4613/4613/4613 4591/4591/4591 4590/4590/4590
f 4615/4615/4615 4614/4614/4614 4595/4595/4595
f 4615/4615/4615 4595/4595/4595 4594/4594/4594
f 4616/4616/4616 4471/4471/4471 4472/4472/4472
f 4616/4616/4616 4472/4472/4472 4617/4617/4617
f 4618/4618/4618 4619/4619/4619 4620/4620/4620
f 4618/4618/4618 4620/4620/4620 4621/4621/4621
f 4621/4621/4621 4620/4620/4620 4622/4622/4622
f 4621/4621/4621 4622/4622/4622 4623/4623/4623
f 4624/4624/4624 4625/4625/4625 4626/4626/4626
f 4624/4624/4624 4626/4626/4626 4627/4627/4627
f 4627/4627/4627 4626/4626/4626 4628/4628/4628
f 4627/4627/4627 4628/4628/4628 4629/4629/4629
f 4629/4629/4629 4628/4628/4628 4630/4630/4630
f 4629/4629/4629 4630/4630/4630 4631/4631/4631
f 4631/4631/4631 4630/4630/4630 4632/4632/4632
f 4631/4631/4631 4632/4632/4632 4633/4633/4633
f 4633/4633/4633 4632/4632/4632 4634/4634/4634
f 4633/4633/4633 4634/4634/4634 4635/4635/4635
f 4635/4635/4635 4634/4634/4634 4636/4636/4636
f 4635/4635/4635 4636/4636/4636 4637/4637/4637
f 4637/4637/4637 4636/4636/4636 4638/4638/4638
f 4637/4637/4637 4638/4638/4638 4639/4639/4639
f 4639/4639/4639 4638/4638/4638 4640/4640/4640
f 4639/4639/4639 4640/4640/4640 4641/4641/4641
f 4641/4641/4641 4640/4640/4640 4642/4642/4642
f 4641/4641/4641 4642/4642/4642 4643/4643/4643
f 4643/4643/4643 4642/4642/4642 4644/4644/4644
f 4643/4643/4643 4644/4644/4644 4645/4645/4645
f 4645/4645/4645 4644/4644/4644 4646/4646/4646
f 4645/4645/4645 4646/4646/4646 4647/4647/4647
f 4647/4647/4647 4646/4646/4646 4648/4648/4648
f 4647/4647/4647 4648/4648/4648 4649/4649/4649
f 4649/4649/4649 4648/4648/4648 4650/4650/4650
f 4649/4649/4649 4650/4650/4650 4651/4651/4651
f 4651/4651/4651 4650/4650/4650 4652/4652/4652
f 4651/4651/4651 4652/4652/4652 4653/4653/4653
f 4654/4654/4654 4655/4655/4655 4656/4656/4656
f 4654/4654/4654 4656/4656/4656 4657/4657/4657
f 4653/4653/4653 4652/4652/4652 4658/4658/4658
f 4653/4653/4653 4658/4658/4658 4659/4659/4659
f 4659/4659/4659 4658/4658/4658 4619/4619/4619
f 4659/4659/4659 4619/4619/4619 4618/4618/4618
f 4660/4660/4660 4661/4661/4661 4662/4662/4662
f 4660/4660/4660 4662/4662/4662 4663/4663/4663
f 4661/4661/4661 4664/4664/4664 4665/4665/4665
f 4661/4661/4661 4665/4665/4665 4662/4662/4662
f 4664/4664/4664 4666/4666/4666 4667/4667/4667
f 4664/4664/4664 4667/4667/4667 4665/4665/4665
f 4666/4666/4666 4668/4668/4668 4669/4669/4669
f 4666/4666/4666 4669/4669/4669 4667/4667/4667
f 4668/4668/4668 4670/4670/4670 4671/4671/4671
f 4668/4668/4668 4671/4671/4671 4669/4669/4669
f 4670/4670/4670 4672/4672/4672 4673/4673/4673
f 4670/4670/4670 4673/4673/4673 4671/4671/4671
f 4672/4672/4672 4674/4674/4674 4675/4675/4675
f 4672/4672/4672 4675/4675/4675 4673/4673/4673
f 4674/4674/4674 4676/4676/4676 4677/4677/4677
f 4674/4674/4674 4677/4677/4677 4675/4675/4675
f 4676/4676/4676 4678/4678/4678 4679/4679/4679
f 4676/4676/4676 4679/4679/4679 4677/4677/4677
f 4678/4678/4678 4680/4680/4680 4681/4681/4681
f 4678/4678/4678 4681/4681/4681 4679/4679/4679
f 4680/4680/4680 4682/4682/4682 4683/4683/4683
f 4680/4680/4680 4683/4683/4683 4681/4681/4681
f 4682/4682/4682 4684/4684/4684 4685/4685/4685
f 4682/4682/4682 4685/4685/4685 4683/4683/4683
f 4684/4684/4684 4686/4686/4686 4687/4687/4687
f 4684/4684/4684 4687/4687/4687 4685/4685/4685
f 4686/4686/4686 4688/4688/4688 4689/4689/4689
f 4686/4686/4686 4689/4689/4689 4687/4687/4687
f 4688/4688/4688 4690/4690/4690 4691/4691/4691
f 4688/4688/4688 4691/4691/4691 4689/4689/4689
f 4690/4690/4690 4692/4692/4692 4693/4693/4693
f 4690/4690/4690 4693/4693/4693 4691/4691/4691
f 4692/4692/4692 4694/4694/4694 4695/4695/4695
f 4692/4692/4692 4695/4695/4695 4693/4693/4693
f 4694/4694/4694 4660/4660/4660 4663/4663/4663
f 4694/4694/4694 4663/4663/4663 4695/4695/4695
f 4696/4696/4696 4657/4657/4657 4697/4697/4697
f 4696/4696/4696 4697/4697/4697 4698/4698/4698
f 4699/4699/4699 4700/4700/4700 4701/4701/4701
f 4699/4699/4699 4701/4701/4701 4702/4702/4702
f 4703/4703/4703 4704/4704/4704 4705/4705/4705
f 4703/4703/4703 4705/4705/4705 4706/4706/4706
f 4707/4707/4707 4654/4654/4654 4657/4657/4657
f 4707/4707/4707 4657/4657/4657 4696/4696/4696
f 4708/4708/4708 4699/4699/4699 4702/4702/4702
f 4708/4708/4708 4702/4702/4702 4709/4709/4709
f 4710/4710/4710 4707/4707/4707 4696/4696/4696
f 4710/4710/4710 4696/4696/4696 4711/4711/4711
f 4712/4712/4712 4708/4708/4708 4709/4709/4709
f 4712/4712/4712 4709/4709/4709 4713/4713/4713
f 4714/4714/4714 4710/4710/4710 4711/4711/4711
f 4714/4714/4714 4711/4711/4711 4715/4715/4715
f 4716/4716/4716 4712/4712/4712 4713/4713/4713
f 4716/4716/4716 4713/4713/4713 4717/4717/4717
f 4718/4718/4718 4714/4714/4714 4715/4715/4715
f 4718/4718/4718 4715/4715/4715 4719/4719/4719
f 4720/4720/4720 4716/4716/4716 4717/4717/4717
f 4720/4720/4720 4717/4717/4717 4721/4721/4721
f 4722/4722/4722 4718/4718/4718 4719/4719/4719
f 4722/4722/4722 4719/4719/4719 4723/4723/4723
f 4724/4724/4724 4720/4720/4720 4721/4721/4721
f 4724/4724/4724 4721/4721/4721 4725/4725/4725
f 4726/4726/4726 4703/4703/4703 4706/4706/4706
f 4726/4726/4726 4706/4706/4706 4727/4727/4727
f 4728/4728/4728 4722/4722/4722 4723/4723/4723
f 4728/4728/4728 4723/4723/4723 4729/4729/4729
f 4655/4655/4655 4724/4724/4724 4725/4725/4725
f 4655/4655/4655 4725/4725/4725 4656/4656/4656
f 4730/4730/4730 4726/4726/4726 4727/4727/4727
f 4730/4730/4730 4727/4727/4727 4731/4731/4731
f 4704/4704/4704 4728/4728/4728 4729/4729/4729
f 4704/4704/4704 4729/4729/4729 4705/4705/4705
f 4709/4709/4709 4702/4702/4702 4732/4732/4732
f 4709/4709/4709 4732/4732/4732 4733/4733/4733
f 4711/4711/4711 4696/4696/4696 4698/4698/4698
f 4711/4711/4711 4698/4698/4698 4734/4734/4734
f 4713/4713/4713 4709/4709/4709 4733/4733/4733
f 4713/4713/4713 4733/4733/4733 4735/4735/4735
f 4715/4715/4715 4711/4711/4711 4734/4734/4734
f 4715/4715/4715 4734/4734/4734 4736/4736/4736
f 4717/4717/4717 4713/4713/4713 4735/4735/4735
f 4717/4717/4717 4735/4735/4735 4737/4737/4737
f 4719/4719/4719 4715/4715/4715 4736/4736/4736
f 4719/4719/4719 4736/4736/4736 4738/4738/4738
f 4721/4721/4721 4717/4717/4717 4737/4737/4737
f 4721/4721/4721 4737/4737/4737 4739/4739/4739
f 4723/4723/4723 4719/4719/4719 4738/4738/4738
f 4723/4723/4723 4738/4738/4738 4740/4740/4740
f 4725/4725/4725 4721/4721/4721 4739/4739/4739
f 4725/4725/4725 4739/4739/4739 4741/4741/4741
f 4727/4727/4727 4706/4706/4706 4742/4742/4742
f 4727/4727/4727 4742/4742/4742 4743/4743/4743
f 4729/4729/4729 4723/4723/4723 4740/4740/4740
f 4729/4729/4729 4740/4740/4740 4744/4744/4744
f 4656/4656/4656 4725/4725/4725 4741/4741/4741
f 4656/4656/4656 4741/4741/4741 4745/4745/4745
f 4731/4731/4731 4727/4727/4727 4743/4743/4743
f 4731/4731/4731 4743/4743/4743 4746/4746/4746
f 4705/4705/4705 4729/4729/4729 4744/4744/4744
f 4705/4705/4705 4744/4744/4744 4747/4747/4747
f 4657/4657/4657 4656/4656/4656 4745/4745/4745
f 4657/4657/4657 4745/4745/4745 4697/4697/4697
f 4702/4702/4702 4701/4701/4701 4748/4748/4748
f 4702/4702/4702 4748/4748/4748 4732/4732/4732
f 4706/4706/4706 4705/4705/4705 4747/4747/4747
f 4706/4706/4706 4747/4747/4747 4742/4742/4742
f 4749/4749/4749 4750/4750/4750 4751/4751/4751
f 4749/4749/4749 4751/4751/4751 4752/4752/4752
f 4752/4752/4752 4751/4751/4751 4753/4753/4753
f 4752/4752/4752 4753/4753/4753 4754/4754/4754
f 4755/4755/4755 4756/4756/4756 4757/4757/4757
f 4755/4755/4755 4757/4757/4757 4758/4758/4758
f 4758/4758/4758 4757/4757/4757 4759/4759/4759
f 4758/4758/4758 4759/4759/4759 4760/4760/4760
f 4760/4760/4760 4759/4759/4759 4761/4761/4761
f 4760/4760/4760 4761/4761/4761 4762/4762/4762
f 4762/4762/4762 4761/4761/4761 4763/4763/4763
f 4762/4762/4762 4763/4763/4763 4764/4764/4764
f 4764/4764/4764 4763/4763/4763 4765/4765/4765
f 4764/4764/4764 4765/4765/4765 4766/4766/4766
f 4766/4766/4766 4765/4765/4765 4767/4767/4767
f 4766/4766/4766 4767/4767/4767 4768/4768/4768
f 4768/4768/4768 4767/4767/4767 4769/4769/4769
f 4768/4768/4768 4769/4769/4769 4770/4770/4770
f 4770/4770/4770 4769/4769/4769 4771/4771/4771
f 4770/4770/4770 4771/4771/4771 4772/4772/4772
f 4772/4772/4772 4771/4771/4771 4773/4773/4773
f 4772/4772/4772 4773/4773/4773 4774/4774/4774
f 4774/4774/4774 4773/4773/4773 4775/4775/4775
f 4774/4774/4774 4775/4775/4775 4776/4776/4776
f 4776/4776/4776 4775/4775/4775 4777/4777/4777
f 4776/4776/4776 4777/4777/4777 4778/4778/4778
f 4778/4778/4778 4777/4777/4777 4779/4779/4779
f 4778/4778/4778 4779/4779/4779 4780/4780/4780
f 4780/4780/4780 4779/4779/4779 4781/4781/4781
f 4780/4780/4780 4781/4781/4781 4782/4782/4782
f 4782/4782/4782 4781/4781/4781 4783/4783/4783
f 4782/4782/4782 4783/4783/4783 4784/4784/4784
f 4785/4785/4785 4786/4786/4786 4787/4787/4787
f 4785/4785/4785 4787/4787/4787 4788/4788/4788
f 4784/4784/4784 4783/4783/4783 4789/4789/4789
f 4784/4784/4784 4789/4789/4789 4790/4790/4790
f 4790/4790/4790 4789/4789/4789 4750/4750/4750
f 4790/4790/4790 4750/4750/4750 4749/4749/4749
f 4791/4791/4791 4792/4792/4792 4793/4793/4793
f 4791/4791/4791 4793/4793/4793 4794/4794/4794
f 4792/4792/4792 4795/4795/4795 4796/4796/4796
f 4792/4792/4792 4796/4796/4796 4793/4793/4793
f 4795/4795/4795 4797/4797/4797 4798/4798/4798
f 4795/4795/4795 4798/4798/4798 4796/4796/4796
f 4797/4797/4797 4799/4799/4799 4800/4800/4800
f 4797/4797/4797 4800/4800/4800 4798/4798/4798
f 4799/4799/4799 4801/4801/4801 4802/4802/4802
f 4799/4799/4799 4802/4802/4802 4800/4800/4800
f 4801/4801/4801 4803/4803/4803 4804/4804/4804
f 4801/4801/4801 4804/4804/4804 4802/4802/4802
f 4803/4803/4803 4805/4805/4805 4806/4806/4806
f 4803/4803/4803 4806/4806/4806 4804/4804/4804
f 4805/4805/4805 4807/4807/4807 4808/4808/4808
f 4805/4805/4805 4808/4808/4808 4806/4806/4806
f 4807/4807/4807 4809/4809/4809 4810/4810/4810
f 4807/4807/4807 4810/4810/4810 4808/4808/4808
f 4809/4809/4809 4811/4811/4811 4812/4812/4812
f 4809/4809/4809 4812/4812/4812 4810/4810/4810
f 4811/4811/4811 4813/4813/4813 4814/4814/4814
f 4811/4811/4811 4814/4814/4814 4812/4812/4812
f 4813/4813/4813 4815/4815/4815 4816/4816/4816
f 4813/4813/4813 4816/4816/4816 4814/4814/4814
f 4815/4815/4815 4817/4817/4817 4818/4818/4818
f 4815/4815/4815 4818/4818/4818 4816/4816/4816
f 4817/4817/4817 4819/4819/4819 4820/4820/4820
f 4817/4817/4817 4820/4820/4820 4818/4818/4818
f 4819/4819/4819 4821/4821/4821 4822/4822/4822
f 4819/4819/4819 4822/4822/4822 4820/4820/4820
f 4821/4821/4821 4823/4823/4823 4824/4824/4824
f 4821/4821/4821 4824/4824/4824 4822/4822/4822
f 4823/4823/4823 4825/4825/4825 4826/4826/4826
f 4823/4823/4823 4826/4826/4826 4824/4824/4824
f 4825/4825/4825 4791/4791/4791 4794/4794/4794
f 4825/4825/4825 4794/4794/4794 4826/4826/4826
f 4827/4827/4827 4788/4788/4788 4828/4828/4828
f 4827/4827/4827 4828/4828/4828 4829/4829/4829
f 4830/4830/4830 4831/4831/4831 4832/4832/4832
f 4830/4830/4830 4832/4832/4832 4833/4833/4833
f 4834/4834/4834 4835/4835/4835 4836/4836/4836
f 4834/4834/4834 4836/4836/4836 4837/4837/4837
f 4838/4838/4838 4785/4785/4785 4788/4788/4788
f 4838/4838/4838 4788/4788/4788 4827/4827/4827
f 4839/4839/4839 4830/4830/4830 4833/4833/4833
f 4839/4839/4839 4833/4833/4833 4840/4840/4840
f 4841/4841/4841 4838/4838/4838 4827/4827/4827
f 4841/4841/4841 4827/4827/4827 4842/4842/4842
f 4843/4843/4843 4839/4839/4839 4840/4840/4840
f 4843/4843/4843 4840/4840/4840 4844/4844/4844
f 4845/4845/4845 4841/4841/4841 4842/4842/4842
f 4845/4845/4845 4842/4842/4842 4846/4846/4846
f 4847/4847/4847 4843/4843/4843 4844/4844/4844
f 4847/4847/4847 4844/4844/4844 4848/4848/4848
f 4849/4849/4849 4845/4845/4845 4846/4846/4846
f 4849/4849/4849 4846/4846/4846 4850/4850/4850
f 4851/4851/4851 4847/4847/4847 4848/4848/4848
f 4851/4851/4851 4848/4848/4848 4852/4852/4852
f 4853/4853/4853 4849/4849/4849 4850/4850/4850
f 4853/4853/4853 4850/4850/4850 4854/4854/4854
f 4855/4855/4855 4851/4851/4851 4852/4852/4852
f 4855/4855/4855 4852/4852/4852 4856/4856/4856
f 4857/4857/4857 4834/4834/4834 4837/4837/4837
f 4857/4857/4857 4837/4837/4837 4858/4858/4858
f 4859/4859/4859 4853/4853/4853 4854/4854/4854
f 4859/4859/4859 4854/4854/4854 4860/4860/4860
f 4786/4786/4786 4855/4855/4855 4856/4856/4856
f 4786/4786/4786 4856/4856/4856 4787/4787/4787
f 4861/4861/4861 4857/4857/4857 4858/4858/4858
f 4861/4861/4861 4858/4858/4858 4862/4862/4862
f 4835/4835/4835 4859/4859/4859 4860/4860/4860
f 4835/4835/4835 4860/4860/4860 4836/4836/4836
f 4840/4840/4840 4833/4833/4833 4863/4863/4863
f 4840/4840/4840 4863/4863/4863 4864/4864/4864
f 4842/4842/4842 4827/4827/4827 4829/4829/4829
f 4842/4842/4842 4829/4829/4829 4865/4865/4865
f 4844/4844/4844 4840/4840/4840 4864/4864/4864
f 4844/4844/4844 4864/4864/4864 4866/4866/4866
f 4846/4846/4846 4842/4842/4842 4865/4865/4865
f 4846/4846/4846 4865/4865/4865 4867/4867/4867
f 4848/4848/4848 4844/4844/4844 4866/4866/4866
f 4848/4848/4848 4866/4866/4866 4868/4868/4868
f 4850/4850/4850 4846/4846/4846 4867/4867/4867
f 4850/4850/4850 4867/4867/4867 4869/4869/4869
f 4852/4852/4852 4848/4848/4848 4868/4868/4868
f 4852/4852/4852 4868/4868/4868 4870/4870/4870
f 4854/4854/4854 4850/4850/4850 4869/4869/4869
f 4854/4854/4854 4869/4869/4869 4871/4871/4871
f 4856/4856/4856 4852/4852/4852 4870/4870/4870
f 4856/4856/4856 4870/4870/4870 4872/4872/4872
f 4858/4858/4858 4837/4837/4837 4873/4873/4873
f 4858/4858/4858 4873/4873/4873 4874/4874/4874
f 4860/4860/4860 4854/4854/4854 4871/4871/4871
f 4860/4860/4860 4871/4871/4871 4875/4875/4875
f 4787/4787/4787 4856/4856/4856 4872/4872/4872
f 4787/4787/4787 4872/4872/4872 4876/4876/4876
f 4862/4862/4862 4858/4858/4858 4874/4874/4874
f 4862/4862/4862 4874/4874/4874 4877/4877/4877
f 4836/4836/4836 4860/4860/4860 4875/4875/4875
f 4836/4836/4836 4875/4875/4875 4878/4878/4878
f 4788/4788/4788 4787/4787/4787 4876/4876/4876
f 4788/4788/4788 4876/4876/4876 4828/4828/4828
f 4833/4833/4833 4832/4832/4832 4879/4879/4879
f 4833/4833/4833 4879/4879/4879 4863/4863/4863
f 4837/4837/4837 4836/4836/4836 4878/4878/4878
f 4837/4837/4837 4878/4878/4878 4873/4873/4873
f 4880/4880/4880 4881/4881/4881 4882/4882/4882
f 4880/4880/4880 4882/4882/4882 4883/4883/4883
f 4883/4883/4883 4882/4882/4882 4884/4884/4884
f 4883/4883/4883 4884/4884/4884 4885/4885/4885
f 4886/4886/4886 4887/4887/4887 4888/4888/4888
f 4886/4886/4886 4888/4888/4888 4889/4889/4889
f 4889/4889/4889 4888/4888/4888 4890/4890/4890
f 4889/4889/4889 4890/4890/4890 4891/4891/4891
f 4891/4891/4891 4890/4890/4890 4892/4892/4892
f 4891/4891/4891 4892/4892/4892 4893/4893/4893
f 4893/4893/4893 4892/4892/4892 4894/4894/4894
f 4893/4893/4893 4894/4894/4894 4895/4895/4895
f 4895/4895/4895 4894/4894/4894 4896/4896/4896
f 4895/4895/4895 4896/4896/4896 4897/4897/4897
f 4897/4897/4897 4896/4896/4896 4898/4898/4898
f 4897/4897/4897 4898/4898/4898 4899/4899/4899
f 4899/4899/4899 4898/4898/4898 4900/4900/4900
f 4899/4899/4899 4900/4900/4900 4901/4901/4901
f 4901/4901/4901 4900/4900/4900 4902/4902/4902
f 4901/4901/4901 4902/4902/4902 4903/4903/4903
f 4903/4903/4903 4902/4902/4902 4904/4904/4904
f 4903/4903/4903 4904/4904/4904 4905/4905/4905
f 4905/4905/4905 4904/4904/4904 4906/4906/4906
f 4905/4905/4905 4906/4906/4906 4907/4907/4907
f 4907/4907/4907 4906/4906/4906 4908/4908/4908
f 4907/4907/4907 4908/4908/4908 4909/4909/4909
f 4909/4909/4909 4908/4908/4908 4910/4910/4910
f 4909/4909/4909 4910/4910/4910 4911/4911/4911
f 4911/4911/4911 4910/4910/4910 4912/4912/4912
f 4911/4911/4911 4912/4912/4912 4913/4913/4913
f 4913/4913/4913 4912/4912/4912 4914/4914/4914
f 4913/4913/4913 4914/4914/4914 4915/4915/4915
f 4916/4916/4916 4917/4917/4917 4918/4918/4918
f 4916/4916/4916 4918/4918/4918 4919/4919/4919
f 4915/4915/4915 4914/4914/4914 4920/4920/4920
f 4915/4915/4915 4920/4920/4920 4921/4921/4921
f 4921/4921/4921 4920/4920/4920 4881/4881/4881
f 4921/4921/4921 4881/4881/4881 4880/4880/4880
f 4922/4922/4922 4923/4923/4923 4924/4924/4924
f 4922/4922/4922 4924/4924/4924 4925/4925/4925
f 4923/4923/4923 4926/4926/4926 4927/4927/4927
f 4923/4923/4923 4927/4927/4927 4924/4924/4924
f 4926/4926/4926 4928/4928/4928 4929/4929/4929
f 4926/4926/4926 4929/4929/4929 4927/4927/4927
f 4928/4928/4928 4930/4930/4930 4931/4931/4931
f 4928/4928/4928 4931/4931/4931 4929/4929/4929
f 4930/4930/4930 4932/4932/4932 4933/4933/4933
f 4930/4930/4930 4933/4933/4933 4931/4931/4931
f 4932/4932/4932 4934/4934/4934 4935/4935/4935
f 4932/4932/4932 4935/4935/4935 4933/4933/4933
f 4934/4934/4934 4936/4936/4936 4937/4937/4937
f 4934/4934/4934 4937/4937/4937 4935/4935/4935
f 4936/4936/4936 4938/4938/4938 4939/4939/4939
f 4936/4936/4936 4939/4939/4939 4937/4937/4937
f 4938/4938/4938 4940/4940/4940 4941/4941/4941
f 4938/4938/4938 4941/4941/4941 4939/4939/4939
f 4940/4940/4940 4942/4942/4942 4943/4943/4943
f 4940/4940/4940 4943/4943/4943 4941/4941/4941
f 4942/4942/4942 4944/4944/4944 4945/4945/4945
f 4942/4942/4942 4945/4945/4945 4943/4943/4943
f 4944/4944/4944 4946/4946/4946 4947/4947/4947
f 4944/4944/4944 4947/4947/4947 4945/4945/4945
f 4946/4946/4946 4948/4948/4948 4949/4949/4949
f 4946/4946/4946 4949/4949/4949 4947/4947/4947
f 4948/4948/4948 4950/4950/4950 4951/4951/4951
f 4948/4948/4948 4951/4951/4951 4949/4949/4949
f 4950/4950/4950 4952/4952/4952 4953/4953/4953
f 4950/4950/4950 4953/4953/4953 4951/4951/4951
f 4952/4952/4952 4954/4954/4954 4955/4955/4955
f 4952/4952/4952 4955/4955/4955 4953/4953/4953
f 4954/4954/4954 4956/4956/4956 4957/4957/4957
f 4954/4954/4954 4957/4957/4957 4955/4955/4955
f 4956/4956/4956 4922/4922/4922 4925/4925/4925
f 4956/4956/4956 4925/4925/4925 4957/4957/4957
f 4958/4958/4958 4919/4919/4919 4959/4959/4959
f 4958/4958/4958 4959/4959/4959 4960/4960/4960
f 4961/4961/4961 4962/4962/4962 4963/4963/4963
f 4961/4961/4961 4963/4963/4963 4964/4964/4964
f 4965/4965/4965 4966/4966/4966 4967/4967/4967
f 4965/4965/4965 4967/4967/4967 4968/4968/4968
f 4969/4969/4969 4916/4916/4916 4919/4919/4919
f 4969/4969/4969 4919/4919/4919 4958/4958/4958
f 4970/4970/4970 4961/4961/4961 4964/4964/4964
f 4970/4970/4970 4964/4964/4964 4971/4971/4971
f 4972/4972/4972 4969/4969/4969 4958/4958/4958
f 4972/4972/4972 4958/4958/4958 4973/4973/4973
f 4974/4974/4974 4970/4970/4970 4971/4971/4971
f 4974/4974/4974 4971/4971/4971 4975/4975/4975
f 4976/4976/4976 4972/4972/4972 4973/4973/4973
f 4976/4976/4976 4973/4973/4973 4977/4977/4977
f 4978/4978/4978 4974/4974/4974 4975/4975/4975
f 4978/4978/4978 4975/4975/4975 4979/4979/4979
f 4980/4980/4980 4976/4976/4976 4977/4977/4977
f 4980/4980/4980 4977/4977/4977 4981/4981/4981
f 4982/4982/4982 4978/4978/4978 4979/4979/4979
f 4982/4982/4982 4979/4979/4979 4983/4983/4983
f 4984/4984/4984 4980/4980/4980 4981/4981/4981
f 4984/4984/4984 4981/4981/4981 4985/4985/4985
f 4986/4986/4986 4982/4982/4982 4983/4983/4983
f 4986/4986/4986 4983/4983/4983 4987/4987/4987
f 4988/4988/4988 4965/4965/4965 4968/4968/4968
f 4988/4988/4988 4968/4968/4968 4989/4989/4989
f 4990/4990/4990 4984/4984/4984 4985/4985/4985
f 4990/4990/4990 4985/4985/4985 4991/4991/4991
f 4917/4917/4917 4986/4986/4986 4987/4987/4987
f 4917/4917/4917 4987/4987/4987 4918/4918/4918
f 4992/4992/4992 4988/4988/4988 4989/4989/4989
f 4992/4992/4992 4989/4989/4989 4993/4993/4993
f 4966/4966/4966 4990/4990/4990 4991/4991/4991
f 4966/4966/4966 4991/4991/4991 4967/4967/4967
f 4971/4971/4971 4964/4964/4964 4994/4994/4994
f 4971/4971/4971 4994/4994/4994 4995/4995/4995
f 4973/4973/4973 4958/4958/4958 4960/4960/4960
f 4973/4973/4973 4960/4960/4960 4996/4996/4996
f 4975/4975/4975 4971/4971/4971 4995/4995/4995
f 4975/4975/4975 4995/4995/4995 4997/4997/4997
f 4977/4977/4977 4973/4973/4973 4996/4996/4996
f 4977/4977/4977 4996/4996/4996 4998/4998/4998
f 4979/4979/4979 4975/4975/4975 4997/4997/4997
f 4979/4979/4979 4997/4997/4997 4999/4999/4999
f 4981/4981/4981 4977/4977/4977 4998/4998/4998
f 4981/4981/4981 4998/4998/4998 5000/5000/5000
f 4983/4983/4983 4979/4979/4979 4999/4999/4999
f 4983/4983/4983 4999/4999/4999 5001/5001/5001
f 4985/4985/4985 4981/4981/4981 5000/5000/5000
f 4985/4985/4985 5000/5000/5000 5002/5002/5002
f 4987/4987/4987 4983/4983/4983 5001/5001/5001
f 4987/4987/4987 5001/5001/5001 5003/5003/5003
f 4989/4989/4989 4968/4968/4968 5004/5004/5004
f 4989/4989/4989 5004/5004/5004 5005/5005/5005
f 4991/4991/4991 4985/4985/4985 5002/5002/5002
f 4991/4991/4991 5002/5002/5002 5006/5006/5006
f 4918/4918/4918 4987/4987/4987 5003/5003/5003
f 4918/4918/4918 5003/5003/5003 5007/5007/5007
f 4993/4993/4993 4989/4989/4989 5005/5005/5005
f 4993/4993/4993 5005/5005/5005 5008/5008/5008
f 4967/4967/4967 4991/4991/4991 5006/5006/5006
f 4967/4967/4967 5006/5006/5006 5009/5009/5009
f 4919/4919/4919 4918/4918/4918 5007/5007/5007
f 4919/4919/4919 5007/5007/5007 4959/4959/4959
f 4964/4964/4964 4963/4963/4963 5010/5010/5010
f 4964/4964/4964 5010/5010/5010 4994/4994/4994
f 4968/4968/4968 4967/4967/4967 5009/5009/5009
f 4968/4968/4968 5009/5009/5009 5004/5004/5004
f 5021/5021/5021 5019/5019/5019 5020/5020/5020
f 5019/5019/5019 5021/5021/5021 5022/5022/5022
f 5019/5019/5019 5022/5022/5022 5018/5018/5018
f 5018/5018/5018 5022/5022/5022 5011/5011/5011
f 5018/5018/5018 5011/5011/5011 5017/5017/5017
f 5017/5017/5017 5011/5011/5011 5012/5012/5012
f 5017/5017/5017 5012/5012/5012 5016/5016/5016
f 5016/5016/5016 5012/5012/5012 5013/5013/5013
f 5016/5016/5016 5013/5013/5013 5015/5015/5015
f 5015/5015/5015 5013/5013/5013 5014/5014/5014
f 5027/5027/5027 5025/5025/5025 5026/5026/5026
f 5025/5025/5025 5027/5027/5027 5028/5028/5028
f 5025/5025/5025 5028/5028/5028 5024/5024/5024
f 5024/5024/5024 5028/5028/5028 5029/5029/5029
f 5024/5024/5024 5029/5029/5029 5023/5023/5023
f 5023/5023/5023 5029/5029/5029 5030/5030/5030
f 5023/5023/5023 5030/5030/5030 5034/5034/5034
f 5034/5034/5034 5030/5030/5030 5031/5031/5031
f 5034/5034/5034 5031/5031/5031 5033/5033/5033
f 5033/5033/5033 5031/5031/5031 5032/5032/5032
f 5039/5039/5039 5037/5037/5037 5038/5038/5038
f 5037/5037/5037 5039/5039/5039 5040/5040/5040
f 5037/5037/5037 5040/5040/5040 5036/5036/5036
f 5036/5036/5036 5040/5040/5040 5041/5041/5041
f 5036/5036/5036 5041/5041/5041 5035/5035/5035
f 5035/5035/5035 5041/5041/5041 5046/5046/5046
f 5046/5046/5046 5041/5041/5041 5042/5042/5042
f 5046/5046/5046 5042/5042/5042 5045/5045/5045
f 5045/5045/5045 5042/5042/5042 5043/5043/5043
f 5045/5045/5045 5043/5043/5043 5044/5044/5044
f 5057/5057/5057 5055/5055/5055 5056/5056/5056
f 5055/5055/5055 5057/5057/5057 5058/5058/5058
f 5055/5055/5055 5058/5058/5058 5054/5054/5054
f 5054/5054/5054 5058/5058/5058 5053/5053/5053
f 5053/5053/5053 5058/5058/5058 5047/5047/5047
f 5053/5053/5053 5047/5047/5047 5052/5052/5052
f 5052/5052/5052 5047/5047/5047 5048/5048/5048
f 5052/5052/5052 5048/5048/5048 5051/5051/5051
f 5051/5051/5051 5048/5048/5048 5049/5049/5049
f 5051/5051/5051 5049/5049/5049 5050/5050/5050
f 109/109/109 1526/1526/1526 2055/2055/2055
f 1526/1526/1526 109/109/109 6/6/6
f 1526/1526/1526 6/6/6 17/17/17
f 1561/1561/1561 5060/5060/5060 5059/5059/5059
f 5060/5060/5060 1561/1561/1561 25/25/25
f 5060/5060/5060 25/25/25 2176/2176/2176
f 5062/5062/5062 2021/2021/2021 5061/5061/5061
f 2021/2021/2021 5062/5062/5062 47/47/47
f 47/47/47 5062/5062/5062 1352/1352/1352
f 44/44/44 34/34/34 1522/1522/1522
f 1522/1522/1522 36/36/36 1523/1523/1523
f 36/36/36 1522/1522/1522 34/34/34
f 2257/2257/2257 5066/5066/5066 2254/2254/2254
f 5066/5066/5066 2257/2257/2257 5065/5065/5065
f 5065/5065/5065 2257/2257/2257 5064/5064/5064
f 5064/5064/5064 2257/2257/2257 5063/5063/5063
f 5068/5068/5068 2275/2275/2275 5067/5067/5067
f 2275/2275/2275 5068/5068/5068 2272/2272/2272
f 2272/2272/2272 5068/5068/5068 5069/5069/5069
f 2272/2272/2272 5069/5069/5069 5070/5070/5070
f 5081/5081/5081 5079/5079/5079 5080/5080/5080
f 5079/5079/5079 5081/5081/5081 5078/5078/5078
f 5078/5078/5078 5081/5081/5081 5082/5082/5082
f 5078/5078/5078 5082/5082/5082 5077/5077/5077
f 5077/5077/5077 5082/5082/5082 5083/5083/5083
f 5077/5077/5077 5083/5083/5083 5076/5076/5076
f 5076/5076/5076 5083/5083/5083 5084/5084/5084
f 5076/5076/5076 5084/5084/5084 5075/5075/5075
f 5075/5075/5075 5084/5084/5084 5085/5085/5085
f 5075/5075/5075 5085/5085/5085 5074/5074/5074
f 5074/5074/5074 5085/5085/5085 5086/5086/5086
f 5074/5074/5074 5086/5086/5086 5073/5073/5073
f 5073/5073/5073 5086/5086/5086 5071/5071/5071
f 5073/5073/5073 5071/5071/5071 5072/5072/5072
f 2417/2417/2417 2401/2401/2401 2418/2418/2418
f 2401/2401/2401 2417/2417/2417 2400/2400/2400
f 2400/2400/2400 2417/2417/2417 2375/2375/2375
f 2400/2400/2400 2375/2375/2375 2388/2388/2388
f 2388/2388/2388 2375/2375/2375 2368/2368/2368
f 2388/2388/2388 2368/2368/2368 2386/2386/2386
f 2386/2386/2386 2368/2368/2368 2367/2367/2367
f 2386/2386/2386 2367/2367/2367 2402/2402/2402
f 2402/2402/2402 2367/2367/2367 2390/2390/2390
f 2402/2402/2402 2390/2390/2390 2384/2384/2384
f 2384/2384/2384 2390/2390/2390 2410/2410/2410
f 2384/2384/2384 2410/2410/2410 2383/2383/2383
f 2383/2383/2383 2410/2410/2410 2411/2411/2411
f 2383/2383/2383 2411/2411/2411 2385/2385/2385
f 5102/5102/5102 5100/5100/5100 5101/5101/5101
f 5100/5100/5100 5102/5102/5102 5099/5099/5099
f 5099/5099/5099 5102/5102/5102 5103/5103/5103
f 5099/5099/5099 5103/5103/5103 5098/5098/5098
f 5098/5098/5098 5103/5103/5103 5104/5104/5104
f 5098/5098/5098 5104/5104/5104 5097/5097/5097
f 5097/5097/5097 5104/5104/5104 5087/5087/5087
f 5097/5097/5097 5087/5087/5087 5096/5096/5096
f 5096/5096/5096 5087/5087/5087 5088/5088/5088
f 5096/5096/5096 5088/5088/5088 5095/5095/5095
f 5095/5095/5095 5088/5088/5088 5089/5089/5089
f 5095/5095/5095 5089/5089/5089 5094/5094/5094
f 5094/5094/5094 5089/5089/5089 5090/5090/5090
f 5094/5094/5094 5090/5090/5090 5093/5093/5093
f 5093/5093/5093 5090/5090/5090 5091/5091/5091
f 5093/5093/5093 5091/5091/5091 5092/5092/5092
f 5109/5109/5109 5107/5107/5107 5108/5108/5108
f 5107/5107/5107 5109/5109/5109 5110/5110/5110
f 5107/5107/5107 5110/5110/5110 5106/5106/5106
f 5106/5106/5106 5110/5110/5110 5111/5111/5111
f 5106/5106/5106 5111/5111/5111 5105/5105/5105
f 5105/5105/5105 5111/5111/5111 5112/5112/5112
f 5105/5105/5105 5112/5112/5112 5118/5118/5118
f 5118/5118/5118 5112/5112/5112 5113/5113/5113
f 5118/5118/5118 5113/5113/5113 5117/5117/5117
f 5117/5117/5117 5113/5113/5113 5114/5114/5114
f 5117/5117/5117 5114/5114/5114 5116/5116/5116
f 5116/5116/5116 5114/5114/5114 5115/5115/5115
f 5131/5131/5131 5129/5129/5129 5130/5130/5130
f 5129/5129/5129 5131/5131/5131 5128/5128/5128
f 5128/5128/5128 5131/5131/5131 5132/5132/5132
f 5128/5128/5128 5132/5132/5132 5127/5127/5127
f 5127/5127/5127 5132/5132/5132 5119/5119/5119
f 5127/5127/5127 5119/5119/5119 5126/5126/5126
f 5126/5126/5126 5119/5119/5119 5120/5120/5120
f 5126/5126/5126 5120/5120/5120 5125/5125/5125
f 5125/5125/5125 5120/5120/5120 5121/5121/5121
f 5125/5125/5125 5121/5121/5121 5124/5124/5124
f 5124/5124/5124 5121/5121/5121 5122/5122/5122
f 5124/5124/5124 5122/5122/5122 5123/5123/5123
f 5134/5134/5134 5137/5137/5137 5133/5133/5133
f 5137/5137/5137 5134/5134/5134 5136/5136/5136
f 5136/5136/5136 5134/5134/5134 5135/5135/5135
f 5138/5138/5138 5141/5141/5141 5142/5142/5142
f 5141/5141/5141 5138/5138/5138 5139/5139/5139
f 5141/5141/5141 5139/5139/5139 5140/5140/5140
f 341/341/341 338/338/338 327/327/327
f 338/338/338 341/341/341 330/330/330
f 330/330/330 341/341/341 333/333/333
f 330/330/330 333/333/333 348/348/348
f 348/348/348 333/333/333 349/349/349
f 283/283/283 286/286/286 272/272/272
f 286/286/286 283/283/283 275/275/275
f 286/286/286 275/275/275 278/278/278
f 5144/5144/5144 5156/5156/5156 5143/5143/5143
f 5156/5156/5156 5144/5144/5144 5145/5145/5145
f 5156/5156/5156 5145/5145/5145 5155/5155/5155
f 5155/5155/5155 5145/5145/5145 5146/5146/5146
f 5155/5155/5155 5146/5146/5146 5154/5154/5154
f 5154/5154/5154 5146/5146/5146 5153/5153/5153
f 5153/5153/5153 5146/5146/5146 5147/5147/5147
f 5153/5153/5153 5147/5147/5147 5148/5148/5148
f 5153/5153/5153 5148/5148/5148 5152/5152/5152
f 5152/5152/5152 5148/5148/5148 5149/5149/5149
f 5152/5152/5152 5149/5149/5149 5151/5151/5151
f 5151/5151/5151 5149/5149/5149 5150/5150/5150
f 5158/5158/5158 5170/5170/5170 5157/5157/5157
f 5170/5170/5170 5158/5158/5158 5159/5159/5159
f 5170/5170/5170 5159/5159/5159 5169/5169/5169
f 5169/5169/5169 5159/5159/5159 5160/5160/5160
f 5169/5169/5169 5160/5160/5160 5168/5168/5168
f 5168/5168/5168 5160/5160/5160 5167/5167/5167
f 5167/5167/5167 5160/5160/5160 5161/5161/5161
f 5167/5167/5167 5161/5161/5161 5162/5162/5162
f 5167/5167/5167 5162/5162/5162 5166/5166/5166
f 5166/5166/5166 5162/5162/5162 5163/5163/5163
f 5166/5166/5166 5163/5163/5163 5165/5165/5165
f 5165/5165/5165 5163/5163/5163 5164/5164/5164
f 5172/5172/5172 5184/5184/5184 5171/5171/5171
f 5184/5184/5184 5172/5172/5172 5173/5173/5173
f 5184/5184/5184 5173/5173/5173 5183/5183/5183
f 5183/5183/5183 5173/5173/5173 5174/5174/5174
f 5183/5183/5183 5174/5174/5174 5182/5182/5182
f 5182/5182/5182 5174/5174/5174 5175/5175/5175
f 5182/5182/5182 5175/5175/5175 5181/5181/5181
f 5181/5181/5181 5175/5175/5175 5176/5176/5176
f 5181/5181/5181 5176/5176/5176 5180/5180/5180
f 5180/5180/5180 5176/5176/5176 5177/5177/5177
f 5180/5180/5180 5177/5177/5177 5179/5179/5179
f 5179/5179/5179 5177/5177/5177 5178/5178/5178
f 5186/5186/5186 5198/5198/5198 5185/5185/5185
f 5198/5198/5198 5186/5186/5186 5187/5187/5187
f 5198/5198/5198 5187/5187/5187 5197/5197/5197
f 5197/5197/5197 5187/5187/5187 5188/5188/5188
f 5197/5197/5197 5188/5188/5188 5196/5196/5196
f 5196/5196/5196 5188/5188/5188 5189/5189/5189
f 5196/5196/5196 5189/5189/5189 5195/5195/5195
f 5195/5195/5195 5189/5189/5189 5190/5190/5190
f 5195/5195/5195 5190/5190/5190 5194/5194/5194
f 5194/5194/5194 5190/5190/5190 5191/5191/5191
f 5194/5194/5194 5191/5191/5191 5193/5193/5193
f 5193/5193/5193 5191/5191/5191 5192/5192/5192
f 5201/5201/5201 5199/5199/5199 5200/5200/5200
f 5199/5199/5199 5201/5201/5201 5203/5203/5203
f 5203/5203/5203 5201/5201/5201 5202/5202/5202
f 5205/5205/5205 5208/5208/5208 5204/5204/5204
f 5208/5208/5208 5205/5205/5205 5207/5207/5207
f 5207/5207/5207 5205/5205/5205 5206/5206/5206
f 453/453/453 450/450/450 439/439/439
f 450/450/450 453/453/453 442/442/442
f 442/442/442 453/453/453 445/445/445
f 442/442/442 445/445/445 460/460/460
f 460/460/460 445/445/445 461/461/461
f 395/395/395 398/398/398 384/384/384
f 398/398/398 395/395/395 387/387/387
f 398/398/398 387/387/387 390/390/390
f 5213/5213/5213 5211/5211/5211 5212/5212/5212
f 5211/5211/5211 5213/5213/5213 5214/5214/5214
f 5211/5211/5211 5214/5214/5214 5210/5210/5210
f 5210/5210/5210 5214/5214/5214 5215/5215/5215
f 5210/5210/5210 5215/5215/5215 5209/5209/5209
f 5209/5209/5209 5215/5215/5215 5216/5216/5216
f 5209/5209/5209 5216/5216/5216 5222/5222/5222
f 5222/5222/5222 5216/5216/5216 5217/5217/5217
f 5222/5222/5222 5217/5217/5217 5221/5221/5221
f 5221/5221/5221 5217/5217/5217 5218/5218/5218
f 5221/5221/5221 5218/5218/5218 5220/5220/5220
f 5220/5220/5220 5218/5218/5218 5219/5219/5219
f 5235/5235/5235 5233/5233/5233 5234/5234/5234
f 5233/5233/5233 5235/5235/5235 5232/5232/5232
f 5232/5232/5232 5235/5235/5235 5236/5236/5236
f 5232/5232/5232 5236/5236/5236 5231/5231/5231
f 5231/5231/5231 5236/5236/5236 5223/5223/5223
f 5231/5231/5231 5223/5223/5223 5230/5230/5230
f 5230/5230/5230 5223/5223/5223 5224/5224/5224
f 5230/5230/5230 5224/5224/5224 5229/5229/5229
f 5229/5229/5229 5224/5224/5224 5225/5225/5225
f 5229/5229/5229 5225/5225/5225 5228/5228/5228
f 5228/5228/5228 5225/5225/5225 5226/5226/5226
f 5228/5228/5228 5226/5226/5226 5227/5227/5227
f 5240/5240/5240 5238/5238/5238 5239/5239/5239
f 5238/5238/5238 5240/5240/5240 5241/5241/5241
f 5238/5238/5238 5241/5241/5241 5237/5237/5237
f 5245/5245/5245 5243/5243/5243 5244/5244/5244
f 5243/5243/5243 5245/5245/5245 5246/5246/5246
f 5243/5243/5243 5246/5246/5246 5242/5242/5242
f 613/613/613 610/610/610 599/599/599
f 610/610/610 613/613/613 602/602/602
f 602/602/602 613/613/613 605/605/605
f 602/602/602 605/605/605 620/620/620
f 620/620/620 605/605/605 621/621/621
f 555/555/555 558/558/558 544/544/544
f 558/558/558 555/555/555 547/547/547
f 558/558/558 547/547/547 550/550/550
f 5251/5251/5251 5249/5249/5249 5250/5250/5250
f 5249/5249/5249 5251/5251/5251 5252/5252/5252
f 5249/5249/5249 5252/5252/5252 5248/5248/5248
f 5248/5248/5248 5252/5252/5252 5253/5253/5253
f 5248/5248/5248 5253/5253/5253 5247/5247/5247
f 5247/5247/5247 5253/5253/5253 5254/5254/5254
f 5247/5247/5247 5254/5254/5254 5260/5260/5260
f 5260/5260/5260 5254/5254/5254 5255/5255/5255
f 5260/5260/5260 5255/5255/5255 5259/5259/5259
f 5259/5259/5259 5255/5255/5255 5256/5256/5256
f 5259/5259/5259 5256/5256/5256 5258/5258/5258
f 5258/5258/5258 5256/5256/5256 5257/5257/5257
f 5273/5273/5273 5271/5271/5271 5272/5272/5272
f 5271/5271/5271 5273/5273/5273 5270/5270/5270
f 5270/5270/5270 5273/5273/5273 5274/5274/5274
f 5270/5270/5270 5274/5274/5274 5269/5269/5269
f 5269/5269/5269 5274/5274/5274 5261/5261/5261
f 5269/5269/5269 5261/5261/5261 5268/5268/5268
f 5268/5268/5268 5261/5261/5261 5262/5262/5262
f 5268/5268/5268 5262/5262/5262 5267/5267/5267
f 5267/5267/5267 5262/5262/5262 5263/5263/5263
f 5267/5267/5267 5263/5263/5263 5266/5266/5266
f 5266/5266/5266 5263/5263/5263 5264/5264/5264
f 5266/5266/5266 5264/5264/5264 5265/5265/5265
f 5275/5275/5275 5278/5278/5278 5279/5279/5279
f 5278/5278/5278 5275/5275/5275 5277/5277/5277
f 5277/5277/5277 5275/5275/5275 5276/5276/5276
f 5284/5284/5284 5282/5282/5282 5283/5283/5283
f 5282/5282/5282 5284/5284/5284 5281/5281/5281
f 5281/5281/5281 5284/5284/5284 5280/5280/5280
f 773/773/773 770/770/770 759/759/759
f 770/770/770 773/773/773 762/762/762
f 762/762/762 773/773/773 765/765/765
f 762/762/762 765/765/765 780/780/780
f 780/780/780 765/765/765 781/781/781
f 715/715/715 718/718/718 704/704/704
f 718/718/718 715/715/715 707/707/707
f 718/718/718 707/707/707 710/710/710
f 5289/5289/5289 5287/5287/5287 5288/5288/5288
f 5287/5287/5287 5289/5289/5289 5290/5290/5290
f 5287/5287/5287 5290/5290/5290 5286/5286/5286
f 5286/5286/5286 5290/5290/5290 5291/5291/5291
f 5286/5286/5286 5291/5291/5291 5285/5285/5285
f 5285/5285/5285 5291/5291/5291 5292/5292/5292
f 5285/5285/5285 5292/5292/5292 5298/5298/5298
f 5298/5298/5298 5292/5292/5292 5293/5293/5293
f 5298/5298/5298 5293/5293/5293 5297/5297/5297
f 5297/5297/5297 5293/5293/5293 5294/5294/5294
f 5297/5297/5297 5294/5294/5294 5296/5296/5296
f 5296/5296/5296 5294/5294/5294 5295/5295/5295
f 5311/5311/5311 5309/5309/5309 5310/5310/5310
f 5309/5309/5309 5311/5311/5311 5308/5308/5308
f 5308/5308/5308 5311/5311/5311 5312/5312/5312
f 5308/5308/5308 5312/5312/5312 5307/5307/5307
f 5307/5307/5307 5312/5312/5312 5299/5299/5299
f 5307/5307/5307 5299/5299/5299 5306/5306/5306
f 5306/5306/5306 5299/5299/5299 5300/5300/5300
f 5306/5306/5306 5300/5300/5300 5305/5305/5305
f 5305/5305/5305 5300/5300/5300 5301/5301/5301
f 5305/5305/5305 5301/5301/5301 5304/5304/5304
f 5304/5304/5304 5301/5301/5301 5302/5302/5302
f 5304/5304/5304 5302/5302/5302 5303/5303/5303
f 5328/5328/5328 5326/5326/5326 5327/5327/5327
f 5326/5326/5326 5328/5328/5328 5325/5325/5325
f 5325/5325/5325 5328/5328/5328 5329/5329/5329
f 5325/5325/5325 5329/5329/5329 5324/5324/5324
f 5324/5324/5324 5329/5329/5329 5330/5330/5330
f 5324/5324/5324 5330/5330/5330 5323/5323/5323
f 5323/5323/5323 5330/5330/5330 5313/5313/5313
f 5323/5323/5323 5313/5313/5313 5322/5322/5322
f 5322/5322/5322 5313/5313/5313 5314/5314/5314
f 5322/5322/5322 5314/5314/5314 5321/5321/5321
f 5321/5321/5321 5314/5314/5314 5315/5315/5315
f 5321/5321/5321 5315/5315/5315 5320/5320/5320
f 5320/5320/5320 5315/5315/5315 5316/5316/5316
f 5320/5320/5320 5316/5316/5316 5319/5319/5319
f 5319/5319/5319 5316/5316/5316 5317/5317/5317
f 5319/5319/5319 5317/5317/5317 5318/5318/5318
f 5346/5346/5346 5344/5344/5344 5345/5345/5345
f 5344/5344/5344 5346/5346/5346 5343/5343/5343
f 5343/5343/5343 5346/5346/5346 5347/5347/5347
f 5343/5343/5343 5347/5347/5347 5342/5342/5342
f 5342/5342/5342 5347/5347/5347 5348/5348/5348
f 5342/5342/5342 5348/5348/5348 5341/5341/5341
f 5341/5341/5341 5348/5348/5348 5331/5331/5331
f 5341/5341/5341 5331/5331/5331 5340/5340/5340
f 5340/5340/5340 5331/5331/5331 5332/5332/5332
f 5340/5340/5340 5332/5332/5332 5339/5339/5339
f 5339/5339/5339 5332/5332/5332 5333/5333/5333
f 5339/5339/5339 5333/5333/5333 5338/5338/5338
f 5338/5338/5338 5333/5333/5333 5334/5334/5334
f 5338/5338/5338 5334/5334/5334 5337/5337/5337
f 5337/5337/5337 5334/5334/5334 5335/5335/5335
f 5337/5337/5337 5335/5335/5335 5336/5336/5336
f 5364/5364/5364 5362/5362/5362 5363/5363/5363
f 5362/5362/5362 5364/5364/5364 5361/5361/5361
f 5361/5361/5361 5364/5364/5364 5365/5365/5365
f 5361/5361/5361 5365/5365/5365 5360/5360/5360
f 5360/5360/5360 5365/5365/5365 5366/5366/5366
f 5360/5360/5360 5366/5366/5366 5359/5359/5359
f 5359/5359/5359 5366/5366/5366 5349/5349/5349
f 5359/5359/5359 5349/5349/5349 5358/5358/5358
f 5358/5358/5358 5349/5349/5349 5350/5350/5350
f 5358/5358/5358 5350/5350/5350 5357/5357/5357
f 5357/5357/5357 5350/5350/5350 5351/5351/5351
f 5357/5357/5357 5351/5351/5351 5356/5356/5356
f 5356/5356/5356 5351/5351/5351 5352/5352/5352
f 5356/5356/5356 5352/5352/5352 5355/5355/5355
f 5355/5355/5355 5352/5352/5352 5353/5353/5353
f 5355/5355/5355 5353/5353/5353 5354/5354/5354
