# Blender 5.2.2 LTS
# www.blender.org
mtllib SteamerPot.mtl
o SM_Pot_03_Coockware_0
v 0.092036 0.003950 -0.136206
v 0.116848 0.003950 -0.115641
v 0.110190 0.000000 -0.109052
v 0.000854 0.003950 -0.164395
v 0.032907 0.003950 -0.161059
v 0.000805 0.000000 -0.155028
v -0.031233 0.003950 -0.161392
v -0.115641 0.003950 -0.116848
v -0.090617 0.003950 -0.137154
v -0.109052 0.000000 -0.110190
v 0.000832 0.017177 -0.160173
v 0.032373 0.243419 -0.158450
v 0.000839 0.243419 -0.161732
v 0.090546 0.243419 -0.134000
v 0.113847 0.017177 -0.112671
v 0.114955 0.243419 -0.113768
v -0.030727 0.243419 -0.158778
v 0.134001 0.243419 0.090546
v 0.112671 0.017177 0.113847
v 0.113769 0.243419 0.114955
v 0.134933 0.243419 -0.089149
v 0.137155 0.003950 -0.090617
v 0.164394 0.003950 0.000854
v 0.155028 0.000000 0.000805
v 0.161392 0.003950 -0.031233
v 0.161059 0.003950 0.032907
v 0.115641 0.003950 0.116848
v 0.109052 0.000000 0.110190
v 0.136207 0.003950 0.092036
v 0.158778 0.243419 -0.030727
v 0.160172 0.017177 0.000832
v 0.161733 0.243419 0.000840
v 0.158450 0.243419 0.032374
v -0.134001 0.243419 -0.090546
v -0.112671 0.017177 -0.113847
v -0.113769 0.243419 -0.114955
v -0.113847 0.017177 0.112671
v -0.134933 0.243419 0.089149
v -0.114955 0.243419 0.113768
v -0.137155 0.003951 0.090617
v -0.110190 0.000000 0.109052
v -0.116848 0.003951 0.115641
v -0.164394 0.003951 -0.000853
v -0.155028 0.000000 -0.000805
v -0.161392 0.003951 0.031233
v -0.161059 0.003951 -0.032907
v -0.136207 0.003950 -0.092036
v -0.158778 0.243419 0.030727
v -0.160172 0.017177 -0.000832
v -0.161731 0.243419 -0.000840
v -0.158450 0.243419 -0.032374
v 0.089149 0.243419 0.134933
v -0.092036 0.003951 0.136206
v -0.000854 0.003950 0.164395
v -0.032907 0.003951 0.161059
v -0.000805 0.000000 0.155028
v 0.031233 0.003950 0.161392
v 0.090617 0.003950 0.137155
v -0.089149 0.243419 -0.134933
v -0.000832 0.017177 0.160173
v -0.032373 0.243419 0.158450
v -0.000839 0.243419 0.161732
v -0.090546 0.243419 0.134000
v -0.113847 0.017177 0.112671
v -0.114955 0.243419 0.113768
v 0.030727 0.243419 0.158778
v -0.022285 0.205698 -0.172138
v -0.034506 0.205703 -0.169434
v -0.023313 0.209157 -0.171585
v -0.023287 0.202274 -0.171601
v 0.171897 0.205698 0.024070
v 0.171334 0.209157 0.025093
v 0.169066 0.205703 0.036263
v 0.171350 0.202274 0.025067
v -0.171897 0.205698 -0.024070
v -0.171334 0.209157 -0.025093
v -0.169066 0.205703 -0.036263
v -0.171350 0.202274 -0.025067
v 0.022285 0.205698 0.172137
v 0.034507 0.205703 0.169434
v 0.023313 0.209157 0.171585
v 0.023287 0.202274 0.171601
v 0.062668 0.017177 -0.149099
v 0.062668 0.243419 -0.149099
v -0.061117 0.017177 -0.149742
v -0.061116 0.243419 -0.149742
v -0.119080 0.235981 -0.120322
v -0.120342 0.242939 -0.121598
v -0.094301 0.242939 -0.142731
v -0.093312 0.235981 -0.141233
v 0.000878 0.235981 -0.169283
v 0.000887 0.242939 -0.171080
v 0.034245 0.242939 -0.167608
v 0.033885 0.235981 -0.165848
v 0.120322 0.235981 -0.119080
v 0.094773 0.235981 -0.140256
v 0.095778 0.242939 -0.141745
v 0.121599 0.242939 -0.120343
v 0.065593 0.010301 -0.156061
v 0.094773 0.010301 -0.140256
v 0.063700 0.003950 -0.151554
v 0.120322 0.010301 -0.119080
v 0.060654 0.000000 -0.144310
v 0.000878 0.010301 -0.169283
v 0.033885 0.010301 -0.165848
v -0.063971 0.010301 -0.156733
v -0.032161 0.010301 -0.166191
v -0.062122 0.003950 -0.152207
v -0.059154 0.000000 -0.144932
v -0.119080 0.010301 -0.120322
v -0.093312 0.010301 -0.141233
v 0.000722 0.007888 -0.138916
v 0.054136 0.007888 -0.129107
v -0.052794 0.007888 -0.129663
v 0.097992 0.007888 -0.096980
v -0.096981 0.007888 -0.097993
v 0.032373 0.243419 -0.158450
v 0.062668 0.243419 -0.149099
v 0.066290 0.242939 -0.157717
v -0.064649 0.242939 -0.158396
v -0.061116 0.243419 -0.149742
v -0.030727 0.243419 -0.158778
v -0.032503 0.242939 -0.167955
v 0.000839 0.243419 -0.161732
v -0.113769 0.243419 -0.114955
v -0.089149 0.243419 -0.134933
v 0.090546 0.243419 -0.134000
v 0.114955 0.243419 -0.113768
v 0.167955 0.242939 -0.032503
v 0.158397 0.242939 -0.064649
v 0.149742 0.243419 -0.061116
v 0.158778 0.243419 -0.030727
v 0.094773 0.010301 -0.140256
v 0.120322 0.010301 -0.119080
v 0.000878 0.010301 -0.169283
v 0.033885 0.010301 -0.165848
v 0.065593 0.235981 -0.156061
v 0.065593 0.010301 -0.156061
v -0.119080 0.010301 -0.120322
v -0.093312 0.010301 -0.141233
v -0.063971 0.235981 -0.156733
v -0.063971 0.010301 -0.156733
v -0.032161 0.235981 -0.166191
v -0.032161 0.010301 -0.166191
v 0.141232 0.235981 -0.093312
v 0.141232 0.010301 -0.093312
v 0.149099 0.017177 0.062668
v 0.149099 0.243419 0.062668
v 0.167608 0.242939 0.034245
v 0.157717 0.242939 0.066290
v 0.156061 0.235981 0.065594
v 0.165848 0.235981 0.033885
v 0.141745 0.242939 0.095778
v 0.120342 0.242939 0.121598
v 0.119080 0.235981 0.120322
v 0.140256 0.235981 0.094773
v 0.171080 0.242939 0.000888
v 0.169283 0.235981 0.000879
v 0.166191 0.235981 -0.032161
v 0.142733 0.242939 -0.094302
v 0.156734 0.010301 -0.063970
v 0.152207 0.003950 -0.062122
v 0.141232 0.010301 -0.093312
v 0.144932 0.000000 -0.059153
v 0.169283 0.010301 0.000879
v 0.166191 0.010301 -0.032161
v 0.156060 0.010301 0.065594
v 0.151554 0.003950 0.063700
v 0.165848 0.010301 0.033885
v 0.144311 0.000000 0.060655
v 0.119080 0.010301 0.120323
v 0.140256 0.010301 0.094773
v 0.138917 0.007888 0.000721
v 0.149742 0.017177 -0.061116
v 0.129663 0.007888 -0.052793
v 0.129108 0.007888 0.054137
v 0.096981 0.007888 0.097993
v 0.161733 0.243419 0.000840
v 0.158450 0.243419 0.032374
v 0.149099 0.243419 0.062668
v 0.134001 0.243419 0.090546
v 0.113769 0.243419 0.114955
v 0.134933 0.243419 -0.089149
v -0.167955 0.242939 0.032503
v -0.158397 0.242939 0.064649
v -0.149742 0.243419 0.061116
v -0.158778 0.243419 0.030727
v 0.156734 0.010301 -0.063970
v 0.156734 0.235981 -0.063970
v 0.166191 0.010301 -0.032161
v 0.156060 0.010301 0.065594
v 0.140256 0.010301 0.094773
v 0.169283 0.010301 0.000879
v 0.165848 0.010301 0.033885
v 0.119080 0.010301 0.120323
v -0.120322 0.010301 0.119080
v -0.120322 0.235981 0.119080
v -0.141232 0.235981 0.093312
v -0.141232 0.010301 0.093312
v 0.149742 0.243419 -0.061116
v -0.149099 0.017177 -0.062668
v -0.149099 0.243419 -0.062668
v -0.167608 0.242939 -0.034245
v -0.157717 0.242939 -0.066290
v -0.156060 0.235981 -0.065594
v -0.165848 0.235981 -0.033885
v -0.141744 0.242939 -0.095778
v -0.140256 0.235981 -0.094773
v -0.171080 0.242939 -0.000888
v -0.169283 0.235981 -0.000879
v -0.166191 0.235981 0.032161
v -0.121599 0.242939 0.120343
v -0.142731 0.242939 0.094302
v -0.156734 0.010301 0.063970
v -0.152207 0.003951 0.062123
v -0.141232 0.010301 0.093312
v -0.120322 0.010301 0.119080
v -0.144932 0.000000 0.059153
v -0.169283 0.010301 -0.000879
v -0.166191 0.010301 0.032161
v -0.156060 0.010301 -0.065594
v -0.151554 0.003950 -0.063700
v -0.165848 0.010301 -0.033885
v -0.144311 0.000000 -0.060655
v -0.140256 0.010301 -0.094773
v -0.138917 0.007888 -0.000721
v -0.149742 0.017177 0.061116
v -0.129663 0.007888 0.052793
v -0.129108 0.007888 -0.054137
v -0.097992 0.007888 0.096980
v -0.161731 0.243419 -0.000840
v -0.158450 0.243419 -0.032374
v -0.149099 0.243419 -0.062668
v -0.134001 0.243419 -0.090546
v -0.114955 0.243419 0.113768
v -0.134933 0.243419 0.089149
v -0.000887 0.242939 0.171080
v -0.000839 0.243419 0.161732
v -0.032373 0.243419 0.158450
v -0.034245 0.242939 0.167608
v -0.156734 0.010301 0.063970
v -0.156734 0.235981 0.063970
v -0.166191 0.010301 0.032161
v -0.156060 0.010301 -0.065594
v -0.140256 0.010301 -0.094773
v -0.169283 0.010301 -0.000879
v -0.165848 0.010301 -0.033885
v -0.065593 0.010301 0.156061
v -0.065593 0.235981 0.156061
v -0.094772 0.235981 0.140256
v -0.094773 0.010301 0.140256
v -0.149742 0.243419 0.061116
v 0.063971 0.235981 0.156733
v 0.064649 0.242939 0.158396
v 0.032503 0.242939 0.167955
v 0.032163 0.235981 0.166191
v -0.062668 0.017177 0.149099
v -0.062668 0.243419 0.149099
v 0.061117 0.017177 0.149742
v 0.061117 0.243419 0.149742
v 0.094301 0.242939 0.142731
v 0.093312 0.235981 0.141233
v -0.000878 0.235981 0.169283
v -0.033885 0.235981 0.165848
v -0.120322 0.235981 0.119080
v -0.095778 0.242939 0.141745
v -0.121599 0.242939 0.120343
v -0.065593 0.010301 0.156061
v -0.094773 0.010301 0.140256
v -0.063700 0.003951 0.151554
v -0.060654 0.000000 0.144310
v -0.000878 0.010301 0.169283
v -0.033885 0.010301 0.165848
v 0.063971 0.010301 0.156733
v 0.032161 0.010301 0.166191
v 0.062122 0.003950 0.152208
v 0.059154 0.000000 0.144932
v 0.093312 0.010301 0.141233
v -0.000722 0.007888 0.138916
v -0.054136 0.007888 0.129108
v 0.052794 0.007888 0.129663
v -0.097992 0.007888 0.096980
v -0.062668 0.243419 0.149099
v -0.066290 0.242939 0.157717
v 0.061117 0.243419 0.149742
v 0.030727 0.243419 0.158778
v 0.089149 0.243419 0.134933
v -0.090546 0.243419 0.134000
v -0.114955 0.243419 0.113768
v -0.120322 0.010301 0.119080
v -0.000878 0.010301 0.169283
v -0.033885 0.010301 0.165848
v 0.093312 0.010301 0.141233
v 0.063971 0.010301 0.156733
v 0.032161 0.010301 0.166191
v -0.040751 0.211913 -0.161538
v -0.033765 0.211913 -0.163322
v -0.034475 0.211913 -0.168379
v -0.042240 0.211913 -0.166602
v -0.153443 0.278718 -0.186718
v -0.132497 0.276851 -0.197225
v -0.133181 0.276851 -0.199100
v -0.154482 0.278718 -0.188359
v -0.105886 0.267197 -0.196837
v -0.086899 0.252342 -0.185515
v -0.086567 0.252342 -0.187866
v -0.105706 0.267326 -0.198989
v -0.153443 0.254757 -0.186718
v -0.171205 0.254757 -0.172991
v -0.172597 0.254757 -0.174399
v -0.154591 0.254757 -0.188335
v -0.119466 0.253283 -0.199218
v -0.132497 0.254757 -0.197225
v -0.133396 0.254757 -0.199052
v -0.119806 0.253218 -0.201228
v -0.049713 0.216451 -0.162202
v -0.050064 0.216451 -0.167957
v -0.119466 0.272957 -0.199218
v -0.119697 0.273022 -0.201253
v -0.086899 0.239940 -0.185515
v -0.105886 0.250824 -0.196837
v -0.105706 0.250694 -0.198989
v -0.086567 0.239940 -0.187866
v -0.066724 0.222194 -0.170117
v -0.064817 0.222194 -0.174210
v -0.066724 0.234596 -0.170117
v -0.064817 0.234596 -0.174210
v -0.049713 0.204050 -0.162202
v -0.050064 0.204050 -0.167957
v -0.040751 0.199511 -0.161538
v -0.042210 0.199511 -0.166497
v -0.171205 0.278718 -0.172991
v -0.172597 0.278718 -0.174399
v -0.066724 0.234596 -0.170117
v -0.066724 0.222194 -0.170117
v -0.049713 0.204050 -0.162202
v -0.049713 0.216451 -0.162202
v -0.086899 0.252342 -0.185515
v -0.086899 0.239940 -0.185515
v -0.105886 0.250824 -0.196837
v -0.105886 0.267197 -0.196837
v -0.119466 0.272957 -0.199218
v -0.119466 0.253283 -0.199218
v -0.132497 0.276851 -0.197225
v -0.132497 0.254757 -0.197225
v -0.153443 0.254757 -0.186718
v -0.153443 0.278718 -0.186718
v -0.171205 0.278718 -0.172991
v -0.171205 0.254757 -0.172991
v -0.024445 0.211913 -0.170584
v -0.033765 0.199511 -0.163322
v -0.034451 0.199511 -0.168268
v -0.024418 0.199511 -0.170468
v -0.024075 0.199511 -0.165547
v -0.024075 0.211913 -0.165547
v -0.014800 0.201818 -0.166580
v -0.016200 0.201818 -0.171805
v -0.015199 0.205712 -0.172444
v -0.013801 0.205712 -0.167220
v -0.017562 0.211913 -0.166861
v -0.018285 0.211913 -0.170941
v -0.016200 0.209606 -0.171805
v -0.014800 0.209606 -0.166580
v -0.017562 0.199511 -0.166861
v -0.018285 0.199511 -0.170941
v -0.040751 0.199511 -0.161538
v -0.042535 0.205712 -0.167606
v 0.161106 0.211913 0.042426
v 0.166155 0.211913 0.043967
v 0.168013 0.211913 0.036221
v 0.162963 0.211913 0.035459
v 0.185115 0.278718 0.155374
v 0.186746 0.278718 0.156429
v 0.197706 0.276851 0.135240
v 0.195839 0.276851 0.134537
v 0.195727 0.267197 0.107924
v 0.197881 0.267326 0.107767
v 0.186958 0.252342 0.088512
v 0.184604 0.252342 0.088820
v 0.185115 0.254757 0.155374
v 0.186720 0.254757 0.156537
v 0.172597 0.254757 0.174399
v 0.171205 0.254757 0.172991
v 0.197968 0.253283 0.121528
v 0.199973 0.253218 0.121889
v 0.197657 0.254757 0.135456
v 0.195839 0.254757 0.134537
v 0.161678 0.216451 0.051394
v 0.167429 0.216451 0.051805
v 0.161106 0.211913 0.042426
v 0.197968 0.272957 0.121528
v 0.200000 0.273022 0.121779
v 0.184604 0.239940 0.088820
v 0.186958 0.239940 0.088512
v 0.197881 0.250694 0.107767
v 0.195727 0.250824 0.107924
v 0.169416 0.222194 0.068486
v 0.173528 0.222194 0.066622
v 0.173528 0.234596 0.066622
v 0.169416 0.234596 0.068486
v 0.161678 0.204050 0.051394
v 0.167429 0.204050 0.051805
v 0.161106 0.199511 0.042426
v 0.166049 0.199511 0.043935
v 0.171205 0.278718 0.172991
v 0.172597 0.278718 0.174399
v 0.169416 0.234596 0.068486
v 0.161678 0.216451 0.051394
v 0.161678 0.204050 0.051394
v 0.169416 0.222194 0.068486
v 0.184604 0.239940 0.088820
v 0.184604 0.252342 0.088820
v 0.195727 0.250824 0.107924
v 0.195727 0.267197 0.107924
v 0.197968 0.253283 0.121528
v 0.197968 0.272957 0.121528
v 0.195839 0.276851 0.134537
v 0.195839 0.254757 0.134537
v 0.185115 0.254757 0.155374
v 0.185115 0.278718 0.155374
v 0.171205 0.254757 0.172991
v 0.171205 0.278718 0.172991
v 0.170321 0.211913 0.026214
v 0.162963 0.199511 0.035459
v 0.165288 0.199511 0.025793
v 0.170205 0.199511 0.026186
v 0.167902 0.199511 0.036196
v 0.165288 0.211913 0.025793
v 0.166417 0.201818 0.016529
v 0.167068 0.205712 0.015535
v 0.172276 0.205712 0.016988
v 0.171627 0.201818 0.017982
v 0.170741 0.211913 0.020058
v 0.166669 0.211913 0.019294
v 0.171627 0.209606 0.017982
v 0.166417 0.209606 0.016529
v 0.166669 0.199511 0.019294
v 0.170741 0.199511 0.020058
v 0.167155 0.205712 0.044273
v -0.161106 0.211913 -0.042426
v -0.166154 0.211913 -0.043967
v -0.168013 0.211913 -0.036221
v -0.162963 0.211913 -0.035459
v -0.185115 0.278718 -0.155374
v -0.186746 0.278718 -0.156429
v -0.197706 0.276851 -0.135241
v -0.195839 0.276851 -0.134537
v -0.195727 0.267197 -0.107924
v -0.197881 0.267326 -0.107767
v -0.186956 0.252342 -0.088513
v -0.184604 0.252342 -0.088820
v -0.185115 0.254757 -0.155374
v -0.186720 0.254757 -0.156537
v -0.197968 0.253283 -0.121528
v -0.199973 0.253218 -0.121889
v -0.197657 0.254757 -0.135456
v -0.195839 0.254757 -0.134537
v -0.161678 0.216451 -0.051394
v -0.167427 0.216451 -0.051805
v -0.161106 0.211913 -0.042426
v -0.197968 0.272957 -0.121528
v -0.200000 0.273022 -0.121779
v -0.184604 0.239940 -0.088820
v -0.186956 0.239940 -0.088513
v -0.197881 0.250694 -0.107767
v -0.195727 0.250824 -0.107924
v -0.169415 0.222195 -0.068486
v -0.173528 0.222195 -0.066622
v -0.173528 0.234596 -0.066622
v -0.169415 0.234596 -0.068486
v -0.161678 0.204050 -0.051394
v -0.167427 0.204050 -0.051805
v -0.161106 0.199511 -0.042426
v -0.166049 0.199511 -0.043935
v -0.169415 0.234596 -0.068486
v -0.161678 0.216451 -0.051394
v -0.161678 0.204050 -0.051394
v -0.169415 0.222195 -0.068486
v -0.184604 0.239940 -0.088820
v -0.184604 0.252342 -0.088820
v -0.195727 0.250824 -0.107924
v -0.195727 0.267197 -0.107924
v -0.197968 0.253283 -0.121528
v -0.197968 0.272957 -0.121528
v -0.195839 0.276851 -0.134537
v -0.195839 0.254757 -0.134537
v -0.185115 0.254757 -0.155374
v -0.185115 0.278718 -0.155374
v -0.170321 0.211913 -0.026214
v -0.162963 0.199511 -0.035459
v -0.165288 0.199511 -0.025793
v -0.170205 0.199511 -0.026186
v -0.167901 0.199511 -0.036196
v -0.165288 0.211913 -0.025793
v -0.166417 0.201819 -0.016529
v -0.167068 0.205712 -0.015535
v -0.172276 0.205712 -0.016988
v -0.171627 0.201819 -0.017982
v -0.170741 0.211913 -0.020058
v -0.166669 0.211913 -0.019294
v -0.171627 0.209606 -0.017982
v -0.166417 0.209606 -0.016529
v -0.166669 0.199511 -0.019294
v -0.170741 0.199511 -0.020058
v -0.167155 0.205712 -0.044273
v 0.040751 0.211913 0.161538
v 0.033766 0.211913 0.163322
v 0.034475 0.211913 0.168379
v 0.042240 0.211913 0.166602
v 0.153443 0.278718 0.186718
v 0.132497 0.276851 0.197225
v 0.133182 0.276851 0.199100
v 0.154482 0.278718 0.188359
v 0.105886 0.267197 0.196837
v 0.086899 0.252342 0.185515
v 0.086567 0.252342 0.187866
v 0.105708 0.267326 0.198989
v 0.153443 0.254757 0.186718
v 0.154591 0.254757 0.188335
v 0.119466 0.253283 0.199218
v 0.132497 0.254757 0.197225
v 0.133398 0.254757 0.199052
v 0.119806 0.253218 0.201228
v 0.049713 0.216451 0.162202
v 0.050064 0.216451 0.167957
v 0.119466 0.272957 0.199218
v 0.119697 0.273022 0.201253
v 0.086899 0.239940 0.185515
v 0.105886 0.250824 0.196837
v 0.105708 0.250694 0.198989
v 0.086567 0.239940 0.187866
v 0.066724 0.222195 0.170117
v 0.064817 0.222195 0.174210
v 0.066724 0.234596 0.170117
v 0.064817 0.234596 0.174210
v 0.049713 0.204050 0.162202
v 0.050064 0.204050 0.167957
v 0.040751 0.199511 0.161538
v 0.042210 0.199511 0.166496
v 0.066724 0.234596 0.170117
v 0.066724 0.222195 0.170117
v 0.049713 0.204050 0.162202
v 0.049713 0.216451 0.162202
v 0.086899 0.252342 0.185515
v 0.086899 0.239940 0.185515
v 0.105886 0.250824 0.196837
v 0.105886 0.267197 0.196837
v 0.119466 0.272957 0.199218
v 0.119466 0.253283 0.199218
v 0.132497 0.276851 0.197225
v 0.132497 0.254757 0.197225
v 0.153443 0.254757 0.186718
v 0.153443 0.278718 0.186718
v 0.024445 0.211913 0.170584
v 0.033766 0.199511 0.163322
v 0.034451 0.199511 0.168268
v 0.024418 0.199511 0.170468
v 0.024075 0.199511 0.165547
v 0.024075 0.211913 0.165547
v 0.014800 0.201819 0.166580
v 0.016200 0.201819 0.171804
v 0.015199 0.205712 0.172444
v 0.013801 0.205712 0.167220
v 0.017562 0.211913 0.166861
v 0.018285 0.211913 0.170941
v 0.016200 0.209606 0.171804
v 0.014800 0.209606 0.166580
v 0.017562 0.199511 0.166861
v 0.018285 0.199511 0.170941
v 0.040751 0.199511 0.161538
v 0.042536 0.205712 0.167606
v 0.052794 0.007888 0.129663
v 0.096981 0.007888 0.097993
v 0.129108 0.007888 0.054137
v 0.138917 0.007888 0.000721
v 0.129663 0.007888 -0.052793
v 0.097992 0.007888 -0.096980
v 0.054136 0.007888 -0.129107
v 0.000722 0.007888 -0.138916
v -0.052794 0.007888 -0.129663
v -0.096981 0.007888 -0.097993
v -0.129108 0.007888 -0.054137
v -0.138917 0.007888 -0.000721
v -0.129663 0.007888 0.052793
v -0.097992 0.007888 0.096980
v -0.054136 0.007888 0.129108
v -0.000722 0.007888 0.138916
v -0.040751 0.201062 -0.161538
v -0.040751 0.205712 -0.161538
v -0.040751 0.210363 -0.161538
v -0.040751 0.211913 -0.161538
v -0.040751 0.199511 -0.161538
v 0.161106 0.201062 0.042426
v 0.161106 0.199511 0.042426
v 0.161106 0.211913 0.042426
v 0.161106 0.210363 0.042426
v 0.161106 0.205712 0.042426
v -0.161106 0.201062 -0.042426
v -0.161106 0.199511 -0.042426
v -0.161106 0.211913 -0.042426
v -0.161106 0.210363 -0.042426
v -0.161106 0.205712 -0.042426
v 0.040751 0.201062 0.161538
v 0.040751 0.205712 0.161538
v 0.040751 0.210363 0.161538
v 0.040751 0.211913 0.161538
v 0.040751 0.199511 0.161538
v -0.058726 0.265397 0.059035
v -0.059695 0.266473 0.060936
v -0.064146 0.266725 0.057101
v -0.176963 0.257073 -0.087109
v -0.189438 0.257524 -0.056362
v -0.147666 0.262931 -0.044067
v -0.195698 0.257793 -0.023774
v 0.023025 0.251669 0.153346
v 0.053577 0.250720 0.140430
v 0.033080 0.257870 0.102300
v 0.081038 0.249850 0.121818
v -0.105942 0.255510 0.141514
v -0.075208 0.254618 0.153996
v -0.062706 0.260769 0.112390
v -0.042635 0.253656 0.160262
v -0.188780 0.257748 0.041914
v -0.175868 0.257437 0.072482
v -0.137574 0.262866 0.051763
v -0.157262 0.256947 0.099956
v -0.054009 0.266434 0.062434
v -0.083810 0.252942 0.061604
v -0.102890 0.249898 0.135405
v -0.129457 0.250651 0.117892
v -0.152112 0.251276 0.095545
v -0.169958 0.251746 0.069195
v -0.182342 0.252045 0.039876
v 0.042643 0.249114 0.048284
v 0.116289 0.243151 0.067272
v 0.098784 0.243742 0.093849
v 0.076450 0.244469 0.116514
v 0.050112 0.245303 0.134366
v 0.020808 0.246214 0.146753
v -0.042169 0.248120 0.153387
v -0.073411 0.249043 0.147378
v -0.097135 0.253027 -0.064906
v -0.188977 0.252088 -0.023129
v -0.182973 0.251830 -0.054385
v -0.171008 0.251397 -0.083876
v 0.141308 0.247756 0.007143
v 0.093675 0.255865 0.027403
v 0.135049 0.248025 0.039731
v 0.122574 0.248476 0.070478
v 0.102872 0.248602 -0.116587
v 0.083582 0.255930 -0.068427
v 0.121479 0.248112 -0.089114
v 0.134390 0.247801 -0.058546
v -0.011755 0.251893 -0.176893
v 0.008714 0.258027 -0.129054
v 0.020818 0.250931 -0.170628
v 0.051553 0.250039 -0.158145
v -0.135427 0.255699 -0.138449
v -0.087072 0.260926 -0.118964
v -0.107967 0.254829 -0.157061
v -0.077414 0.253880 -0.169977
v 0.029320 0.249200 -0.078227
v -0.012550 0.246428 -0.169991
v 0.018691 0.245506 -0.163981
v 0.048170 0.244651 -0.152009
v 0.134257 0.242461 0.006525
v 0.128254 0.242719 0.037781
v 0.097392 0.243272 -0.112149
v 0.115238 0.242802 -0.085798
v 0.127622 0.242504 -0.056479
v 0.074737 0.243897 -0.134496
v -0.131168 0.250080 -0.133118
v -0.104832 0.249245 -0.150970
v -0.075526 0.248335 -0.163357
v -0.153504 0.250806 -0.110453
v 0.011216 0.262967 -0.074042
v 0.012248 0.263974 -0.075948
v 0.016706 0.263978 -0.072114
v 0.006570 0.264269 -0.077446
v 0.104324 0.249092 0.098188
v 0.071770 0.256633 0.071647
v -0.009464 0.252660 0.160028
v -0.013682 0.259312 0.118087
v -0.133641 0.256296 0.123255
v -0.106932 0.262042 0.090472
v -0.195460 0.257868 0.009410
v -0.153358 0.263223 0.004979
v 0.023341 0.264817 0.032247
v 0.003676 0.265448 0.047758
v 0.034407 0.264431 0.009774
v -0.020033 0.266177 0.055819
v -0.044902 0.266918 0.052875
v -0.067366 0.267563 0.041802
v -0.082870 0.267981 0.022128
v -0.090930 0.268162 -0.001593
v -0.087989 0.268014 -0.026472
v -0.105942 0.255510 0.141514
v -0.105614 0.249914 0.140586
v -0.075073 0.249028 0.152990
v -0.075208 0.254618 0.153996
v -0.195460 0.257868 0.009410
v -0.194571 0.252257 0.009312
v -0.187931 0.252138 0.041612
v -0.188780 0.257748 0.041914
v -0.175101 0.251829 0.071988
v -0.175868 0.257437 0.072482
v -0.042705 0.248072 0.159216
v -0.042635 0.253656 0.160262
v -0.009745 0.247082 0.158983
v -0.009464 0.252660 0.160028
v -0.156610 0.251341 0.099289
v -0.157262 0.256947 0.099956
v -0.133139 0.250695 0.122441
v -0.133641 0.256296 0.123255
v 0.022541 0.246097 0.152343
v 0.023025 0.251669 0.153346
v 0.052903 0.245154 0.139509
v 0.053577 0.250720 0.140430
v 0.080190 0.244289 0.121014
v 0.103331 0.243536 0.097532
v 0.104324 0.249092 0.098188
v 0.081038 0.249850 0.121818
v -0.176963 0.257073 -0.087109
v -0.176188 0.251467 -0.086600
v -0.188584 0.251915 -0.056046
v -0.189438 0.257524 -0.056362
v 0.121465 0.242924 0.069997
v 0.122574 0.248476 0.070478
v -0.077266 0.248294 -0.168947
v -0.107627 0.249237 -0.156113
v -0.107967 0.254829 -0.157061
v -0.077414 0.253880 -0.169977
v -0.194806 0.252182 -0.023663
v -0.195698 0.257793 -0.023774
v -0.055464 0.269489 -0.005327
v -0.026711 0.268858 -0.008356
v -0.044903 0.269221 0.014121
v -0.023690 0.268600 0.020403
v -0.004251 0.267990 0.009839
v -0.052187 0.272611 0.035694
v -0.047741 0.273325 0.038588
v -0.042756 0.273846 0.029139
v -0.047255 0.273258 0.025954
v -0.042876 0.272344 0.040592
v -0.037615 0.272981 0.031025
v -0.046900 0.296222 0.026552
v -0.042477 0.296482 0.029843
v -0.040690 0.299084 0.026590
v -0.045106 0.298699 0.023460
v -0.036707 0.301044 0.019125
v -0.041139 0.300570 0.016248
v -0.037276 0.295945 0.031615
v -0.035632 0.298427 0.028444
v -0.031853 0.300303 0.021134
v -0.029217 0.301586 0.004919
v -0.024562 0.300815 0.007156
v -0.018084 0.300708 -0.005189
v -0.022635 0.301477 -0.007596
v -0.033726 0.301078 0.002335
v -0.027226 0.300971 -0.009999
v -0.043346 0.282162 0.030714
v -0.037917 0.282202 0.032381
v -0.038630 0.290506 0.034103
v -0.043989 0.290764 0.032408
v -0.047786 0.282486 0.027189
v -0.048429 0.290787 0.028948
v -0.042255 0.276626 0.028339
v -0.036822 0.276502 0.029998
v -0.046698 0.276785 0.024802
v -0.042142 0.274543 0.028011
v -0.046623 0.274249 0.024626
v -0.036834 0.273968 0.029776
v -0.034169 0.289886 0.033226
v -0.033091 0.294047 0.031301
v -0.031689 0.295999 0.028652
v -0.028237 0.297528 0.022059
v -0.049508 0.270303 0.022418
v -0.055127 0.268932 0.033175
v -0.033323 0.282876 0.031238
v -0.047616 0.296456 0.020272
v -0.049093 0.294506 0.022882
v -0.044070 0.297982 0.013729
v -0.050257 0.290348 0.024762
v -0.049412 0.283337 0.022773
v -0.052095 0.270335 0.058070
v -0.057033 0.271146 0.056130
v -0.059230 0.269066 0.060192
v -0.054265 0.268744 0.061788
v -0.061460 0.270604 0.053144
v -0.063367 0.269005 0.057001
v -0.039305 0.268478 0.041499
v -0.033561 0.269845 0.030807
v -0.036995 0.298370 0.000376
v -0.032222 0.276499 0.028773
v -0.030622 0.298260 -0.011735
v -0.048292 0.276960 0.020319
v -0.064331 0.267417 0.050989
v -0.064146 0.266725 0.057101
v -0.021222 0.297917 0.008675
v -0.014856 0.297807 -0.003440
v -0.048841 0.266972 0.059138
v -0.048493 0.272554 0.020525
v -0.032475 0.272094 0.028952
v -0.054009 0.266434 0.062434
v -0.059695 0.266473 0.060936
v -0.047270 0.266950 0.037345
v -0.056720 0.265482 0.055226
v -0.064331 0.267417 0.050989
v -0.055127 0.268932 0.033175
v -0.048841 0.266972 0.059138
v -0.040443 0.292283 0.025749
v -0.041233 0.289511 0.027101
v -0.050257 0.290348 0.024762
v -0.049093 0.294506 0.022882
v -0.041080 0.269030 0.025693
v -0.039752 0.271796 0.023319
v -0.032475 0.272094 0.028952
v -0.033561 0.269845 0.030807
v -0.039315 0.277031 0.022775
v -0.032222 0.276499 0.028773
v -0.036143 0.294767 0.017713
v -0.029263 0.295044 0.004649
v -0.021222 0.297917 0.008675
v -0.028237 0.297528 0.022059
v -0.048493 0.272554 0.020525
v -0.048292 0.276960 0.020319
v -0.049508 0.270303 0.022418
v -0.039305 0.268478 0.041499
v -0.022833 0.294920 -0.007580
v -0.014856 0.297807 -0.003440
v -0.040350 0.283805 0.025109
v -0.049412 0.283337 0.022773
v -0.036995 0.298370 0.000376
v -0.030622 0.298260 -0.011735
v -0.033323 0.282876 0.031238
v -0.044070 0.297982 0.013729
v -0.039295 0.293629 0.023641
v -0.047616 0.296456 0.020272
v -0.034169 0.289886 0.033226
v -0.031689 0.295999 0.028652
v -0.033091 0.294047 0.031301
v -0.188750 0.252160 0.008699
v -0.010355 0.247165 0.153163
v -0.017406 0.251007 0.085114
v -0.120629 0.253898 0.001526
v -0.027191 0.252894 -0.008316
v -0.125761 0.262163 -0.088311
v -0.158713 0.256457 -0.114819
v 0.099364 0.255573 -0.021643
v 0.141071 0.247681 -0.026041
v 0.052940 0.256754 -0.107136
v 0.079251 0.249253 -0.139886
v -0.040309 0.259484 -0.134751
v -0.044925 0.252889 -0.176659
v -0.076922 0.267624 -0.048946
v -0.057259 0.266998 -0.064456
v 0.029287 0.264464 -0.038826
v 0.037347 0.264279 -0.015105
v -0.008681 0.265527 -0.069573
v 0.013783 0.264879 -0.058500
v -0.033550 0.266264 -0.072518
v -0.134914 0.250102 -0.137617
v -0.135427 0.255699 -0.138449
v 0.101888 0.243050 -0.115892
v 0.078415 0.243697 -0.139045
v 0.079251 0.249253 -0.139886
v 0.102872 0.248602 -0.116587
v 0.050891 0.244477 -0.157189
v 0.051553 0.250039 -0.158145
v -0.012019 0.246319 -0.175819
v -0.044980 0.247309 -0.175587
v -0.044925 0.252889 -0.176659
v -0.011755 0.251893 -0.176893
v 0.133206 0.242253 -0.058216
v 0.120377 0.242563 -0.088592
v 0.121479 0.248112 -0.089114
v 0.134390 0.247801 -0.058546
v 0.020350 0.245363 -0.169593
v 0.020818 0.250931 -0.170628
v 0.140081 0.242209 0.007060
v 0.139848 0.242134 -0.025915
v 0.141071 0.247681 -0.026041
v 0.141308 0.247756 0.007143
v 0.133862 0.242476 0.039442
v 0.135049 0.248025 0.039731
v -0.158054 0.250855 -0.114135
v -0.158713 0.256457 -0.114819
v -0.049187 0.269248 -0.026549
v -0.029749 0.268639 -0.037112
v -0.008535 0.268018 -0.030831
v 0.002026 0.267749 -0.011383
v 0.134030 0.242389 -0.025303
v -0.044365 0.247384 -0.169766
v -0.037086 0.251134 -0.101737
v 0.066137 0.248244 -0.018148
v 0.005124 0.270676 -0.050737
v 0.000730 0.271642 -0.053635
v -0.004215 0.272507 -0.044190
v 0.000240 0.271666 -0.041001
v -0.004186 0.270944 -0.055635
v -0.009398 0.271943 -0.046073
v 0.001264 0.294607 -0.041713
v -0.003137 0.295116 -0.045007
v -0.004764 0.297836 -0.041767
v -0.000379 0.297202 -0.038634
v -0.008621 0.300069 -0.034312
v -0.004224 0.299344 -0.031432
v -0.008360 0.294883 -0.046776
v -0.009852 0.297474 -0.043618
v -0.013512 0.299610 -0.036318
v -0.016062 0.301129 -0.020110
v -0.020755 0.300628 -0.022344
v -0.011591 0.300365 -0.017523
v -0.003128 0.280765 -0.045807
v -0.008544 0.281123 -0.047474
v -0.007336 0.289360 -0.049237
v -0.001969 0.289304 -0.047543
v 0.001324 0.280839 -0.042282
v 0.002463 0.289078 -0.044082
v -0.004548 0.275317 -0.043404
v -0.009978 0.275510 -0.045063
v -0.000103 0.275227 -0.039867
v -0.004786 0.273246 -0.043065
v -0.000329 0.272700 -0.039679
v -0.010119 0.272981 -0.044829
v -0.011826 0.289013 -0.048357
v -0.012652 0.293240 -0.046454
v -0.013933 0.295286 -0.043814
v -0.017286 0.297052 -0.037230
v 0.002314 0.268599 -0.037451
v 0.007839 0.266840 -0.048199
v -0.013090 0.282076 -0.046335
v 0.001994 0.294829 -0.035435
v 0.003350 0.292781 -0.038034
v -0.001453 0.296598 -0.028900
v 0.004262 0.288551 -0.039894
v 0.002998 0.281614 -0.037871
v 0.004892 0.268299 -0.073102
v 0.009871 0.268822 -0.071165
v 0.011938 0.266594 -0.075217
v 0.006964 0.266562 -0.076812
v 0.014257 0.268030 -0.068176
v 0.016064 0.266301 -0.072024
v -0.007983 0.267294 -0.056524
v -0.013633 0.269057 -0.045840
v -0.008490 0.297475 -0.015550
v -0.014571 0.275789 -0.043839
v 0.001499 0.275328 -0.035385
v 0.016932 0.264688 -0.066005
v 0.016706 0.263978 -0.072114
v -0.024263 0.297928 -0.023849
v 0.001442 0.265132 -0.074154
v 0.001435 0.270916 -0.035568
v -0.014583 0.271376 -0.043996
v 0.006570 0.264269 -0.077446
v 0.012248 0.263974 -0.075948
v -0.000123 0.265312 -0.052361
v 0.009219 0.263192 -0.070233
v 0.016932 0.264688 -0.066005
v 0.007839 0.266840 -0.048199
v 0.001442 0.265132 -0.074154
v -0.005418 0.291066 -0.040892
v -0.004795 0.288245 -0.042230
v 0.004262 0.288551 -0.039894
v 0.003350 0.292781 -0.038034
v -0.006176 0.267818 -0.040720
v -0.007335 0.270670 -0.038361
v -0.014583 0.271376 -0.043996
v -0.013633 0.269057 -0.045840
v -0.007457 0.275924 -0.037843
v -0.014571 0.275789 -0.043839
v -0.009559 0.293844 -0.032869
v -0.016409 0.294597 -0.019808
v -0.024263 0.297928 -0.023849
v -0.017286 0.297052 -0.037230
v 0.001435 0.270916 -0.035568
v 0.001499 0.275328 -0.035385
v 0.002314 0.268599 -0.037451
v -0.007983 0.267294 -0.056524
v -0.006019 0.282613 -0.040210
v 0.002998 0.281614 -0.037871
v -0.008490 0.297475 -0.015550
v -0.013090 0.282076 -0.046335
v -0.001453 0.296598 -0.028900
v -0.006482 0.292489 -0.038791
v 0.001994 0.294829 -0.035435
v -0.011826 0.289013 -0.048357
v -0.013933 0.295286 -0.043814
v -0.012652 0.293240 -0.046454
vn 0.3405 -0.7928 -0.5055
vn 0.4410 -0.7842 -0.4365
vn 0.1522 -0.9768 -0.1507
vn 0.0032 -0.7842 -0.6205
vn 0.1228 -0.7928 -0.5970
vn 0.0011 -0.9768 -0.2142
vn -0.1167 -0.7928 -0.5983
vn -0.4365 -0.7842 -0.4410
vn -0.3353 -0.7928 -0.5090
vn -0.1506 -0.9768 -0.1522
vn -0.0044 0.5292 0.8485
vn -0.1652 0.0093 0.9862
vn -0.0052 0.0069 1.0000
vn -0.5890 0.0093 0.8081
vn -0.6016 0.5326 0.5954
vn -0.7107 0.0069 0.7034
vn 0.1549 0.0093 0.9879
vn -0.8081 0.0093 -0.5890
vn -0.5954 0.5325 -0.6016
vn -0.7034 0.0069 -0.7108
vn -0.8141 0.0093 0.5806
vn 0.5090 -0.7928 -0.3353
vn 0.6205 -0.7842 0.0032
vn 0.2142 -0.9768 0.0011
vn 0.5983 -0.7928 -0.1166
vn 0.5970 -0.7927 0.1228
vn 0.4365 -0.7842 0.4410
vn 0.1506 -0.9768 0.1522
vn 0.5055 -0.7927 0.3406
vn -0.9879 0.0093 0.1549
vn -0.8487 0.5289 -0.0047
vn -1.0000 0.0069 -0.0052
vn -0.9862 0.0093 -0.1652
vn 0.8081 0.0093 0.5890
vn 0.5954 0.5326 0.6016
vn 0.7034 0.0069 0.7108
vn 0.6016 0.5325 -0.5954
vn 0.8141 0.0093 -0.5806
vn 0.7108 0.0069 -0.7034
vn -0.5090 -0.7928 0.3353
vn -0.1522 -0.9768 0.1507
vn -0.4411 -0.7842 0.4365
vn -0.6205 -0.7842 -0.0032
vn -0.2142 -0.9768 -0.0011
vn -0.5983 -0.7928 0.1166
vn -0.5970 -0.7927 -0.1228
vn -0.5055 -0.7927 -0.3406
vn 0.9879 0.0093 -0.1549
vn 0.8487 0.5289 0.0047
vn 1.0000 0.0069 0.0052
vn 0.9862 0.0093 0.1651
vn -0.5806 0.0093 -0.8142
vn -0.3405 -0.7928 0.5055
vn -0.0032 -0.7842 0.6205
vn -0.1228 -0.7928 0.5970
vn -0.0011 -0.9768 0.2142
vn 0.1167 -0.7928 0.5983
vn 0.3353 -0.7928 0.5090
vn 0.5806 0.0093 0.8142
vn 0.0041 0.5289 -0.8487
vn 0.1652 0.0093 -0.9862
vn 0.0052 0.0069 -1.0000
vn 0.5890 0.0093 -0.8081
vn 0.7107 0.0068 -0.7034
vn -0.1549 0.0093 -0.9879
vn -0.1126 0.0006 -0.9936
vn -0.2264 -0.0096 -0.9740
vn -0.1321 0.1960 -0.9717
vn -0.1348 -0.2061 -0.9692
vn 0.9924 0.0006 0.1228
vn 0.9703 0.1959 0.1422
vn 0.9716 -0.0096 0.2365
vn 0.9677 -0.2061 0.1449
vn -0.9924 0.0006 -0.1228
vn -0.9703 0.1959 -0.1422
vn -0.9716 -0.0097 -0.2365
vn -0.9677 -0.2061 -0.1449
vn 0.1125 0.0006 0.9937
vn 0.2264 -0.0096 0.9740
vn 0.1321 0.1960 0.9717
vn 0.1348 -0.2061 0.9692
vn -0.3310 0.5222 0.7860
vn -0.3874 0.0115 0.9218
vn 0.3228 0.5221 0.7894
vn 0.3779 0.0115 0.9258
vn -0.6977 -0.1269 -0.7050
vn -0.5781 0.5698 -0.5841
vn -0.4529 0.5700 -0.6855
vn -0.5468 -0.1269 -0.8276
vn 0.0051 -0.1270 -0.9919
vn 0.0043 0.5698 -0.8218
vn 0.1645 0.5700 -0.8050
vn 0.1986 -0.1270 -0.9718
vn 0.7050 -0.1270 -0.6977
vn 0.5554 -0.1270 -0.8219
vn 0.4600 0.5700 -0.6808
vn 0.5841 0.5698 -0.5781
vn 0.3070 -0.6099 -0.7305
vn 0.4437 -0.6100 -0.6566
vn 0.2349 -0.7954 -0.5587
vn 0.5632 -0.6100 -0.5574
vn 0.0787 -0.9791 -0.1873
vn 0.0041 -0.6100 -0.7924
vn 0.1586 -0.6099 -0.7764
vn -0.2994 -0.6100 -0.7336
vn -0.1506 -0.6099 -0.7780
vn -0.2290 -0.7954 -0.5611
vn -0.0768 -0.9791 -0.1881
vn -0.5574 -0.6100 -0.5632
vn -0.4368 -0.6100 -0.6611
vn -0.0021 0.9172 0.3983
vn -0.1523 0.9204 0.3601
vn 0.1485 0.9204 0.3616
vn -0.2775 0.9206 0.2746
vn 0.2746 0.9206 0.2775
vn 0.0103 0.9987 -0.0502
vn 0.0199 0.9987 -0.0473
vn 0.3184 0.5698 -0.7576
vn -0.3105 0.5698 -0.7608
vn -0.0194 0.9987 -0.0475
vn -0.0097 0.9987 -0.0504
vn -0.1561 0.5699 -0.8067
vn 0.0003 0.9987 -0.0513
vn -0.0361 0.9987 -0.0365
vn -0.0283 0.9987 -0.0428
vn 0.0287 0.9987 -0.0425
vn 0.0365 0.9987 -0.0361
vn 0.8067 0.5699 -0.1561
vn 0.7608 0.5698 -0.3105
vn 0.0475 0.9987 -0.0194
vn 0.0504 0.9987 -0.0097
vn 0.5599 -0.0000 -0.8286
vn 0.7108 -0.0000 -0.7034
vn 0.0052 -0.0000 -1.0000
vn 0.2002 -0.0000 -0.9798
vn 0.3843 -0.1270 -0.9144
vn 0.3875 -0.0000 -0.9219
vn -0.7034 -0.0000 -0.7108
vn -0.5513 -0.0000 -0.8343
vn -0.3748 -0.1270 -0.9184
vn -0.3779 -0.0000 -0.9259
vn -0.1884 -0.1270 -0.9738
vn -0.1900 -0.0000 -0.9818
vn 0.8276 -0.1271 -0.5468
vn 0.8343 -0.0000 -0.5513
vn -0.7860 0.5221 -0.3310
vn -0.9218 0.0115 -0.3874
vn 0.8051 0.5699 0.1645
vn 0.7576 0.5698 0.3184
vn 0.9144 -0.1270 0.3843
vn 0.9718 -0.1270 0.1986
vn 0.6808 0.5700 0.4600
vn 0.5780 0.5698 0.5841
vn 0.6977 -0.1269 0.7050
vn 0.8219 -0.1270 0.5554
vn 0.8218 0.5698 0.0043
vn 0.9919 -0.1270 0.0052
vn 0.9738 -0.1270 -0.1885
vn 0.6856 0.5699 -0.4530
vn 0.7337 -0.6100 -0.2994
vn 0.5611 -0.7954 -0.2290
vn 0.6612 -0.6099 -0.4368
vn 0.1881 -0.9791 -0.0768
vn 0.7924 -0.6100 0.0041
vn 0.7780 -0.6099 -0.1506
vn 0.7305 -0.6100 0.3071
vn 0.5588 -0.7954 0.2349
vn 0.7764 -0.6099 0.1586
vn 0.1874 -0.9791 0.0787
vn 0.5574 -0.6100 0.5632
vn 0.6566 -0.6099 0.4437
vn -0.3984 0.9172 -0.0021
vn -0.7894 0.5221 0.3228
vn -0.3616 0.9204 0.1485
vn -0.3600 0.9204 -0.1522
vn -0.2746 0.9206 -0.2775
vn 0.0513 0.9987 0.0003
vn 0.0503 0.9987 0.0103
vn 0.0473 0.9987 0.0199
vn 0.0425 0.9987 0.0287
vn 0.0361 0.9987 0.0365
vn 0.0428 0.9987 -0.0283
vn -0.8067 0.5699 0.1561
vn -0.7608 0.5698 0.3105
vn -0.0475 0.9987 0.0194
vn -0.0504 0.9987 0.0097
vn 0.9259 -0.0000 -0.3779
vn 0.9184 -0.1270 -0.3748
vn 0.9818 -0.0000 -0.1900
vn 0.9219 -0.0000 0.3875
vn 0.8286 -0.0000 0.5599
vn 1.0000 -0.0000 0.0052
vn 0.9798 -0.0000 0.2002
vn 0.7034 -0.0000 0.7108
vn -0.7108 -0.0000 0.7034
vn -0.7050 -0.1270 0.6977
vn -0.8276 -0.1270 0.5468
vn -0.8343 -0.0000 0.5513
vn -0.9258 0.0116 0.3779
vn 0.7860 0.5221 0.3310
vn 0.9218 0.0116 0.3874
vn -0.8051 0.5699 -0.1645
vn -0.7576 0.5698 -0.3184
vn -0.9144 -0.1270 -0.3843
vn -0.9718 -0.1270 -0.1986
vn -0.6808 0.5700 -0.4600
vn -0.8219 -0.1269 -0.5553
vn -0.8218 0.5698 -0.0043
vn -0.9919 -0.1270 -0.0052
vn -0.9738 -0.1270 0.1885
vn -0.5841 0.5698 0.5781
vn -0.6855 0.5700 0.4529
vn -0.7337 -0.6100 0.2994
vn -0.5611 -0.7954 0.2290
vn -0.6612 -0.6099 0.4368
vn -0.5632 -0.6100 0.5574
vn -0.1881 -0.9791 0.0768
vn -0.7924 -0.6100 -0.0041
vn -0.7780 -0.6099 0.1506
vn -0.7305 -0.6099 -0.3071
vn -0.5588 -0.7954 -0.2349
vn -0.7764 -0.6099 -0.1586
vn -0.1874 -0.9791 -0.0787
vn -0.6566 -0.6099 -0.4437
vn 0.3984 0.9172 0.0021
vn 0.7894 0.5222 -0.3228
vn 0.3616 0.9204 -0.1486
vn 0.3600 0.9204 0.1523
vn 0.2775 0.9206 -0.2746
vn -0.0513 0.9987 -0.0003
vn -0.0502 0.9987 -0.0103
vn -0.0473 0.9987 -0.0199
vn -0.0425 0.9987 -0.0287
vn -0.0364 0.9987 0.0361
vn -0.0428 0.9987 0.0283
vn -0.0043 0.5698 0.8218
vn -0.0003 0.9987 0.0513
vn -0.0103 0.9987 0.0503
vn -0.1645 0.5699 0.8051
vn -0.9259 -0.0000 0.3779
vn -0.9184 -0.1270 0.3748
vn -0.9818 -0.0000 0.1900
vn -0.9219 -0.0000 -0.3875
vn -0.8286 -0.0000 -0.5599
vn -1.0000 -0.0000 -0.0052
vn -0.9798 -0.0000 -0.2002
vn -0.3875 -0.0000 0.9219
vn -0.3843 -0.1270 0.9144
vn -0.5553 -0.1270 0.8219
vn -0.5599 -0.0000 0.8286
vn 0.9258 0.0116 -0.3779
vn 0.3748 -0.1270 0.9184
vn 0.3105 0.5698 0.7608
vn 0.1561 0.5700 0.8067
vn 0.1885 -0.1270 0.9738
vn 0.3310 0.5221 -0.7860
vn 0.3874 0.0116 -0.9218
vn -0.3228 0.5221 -0.7894
vn -0.3779 0.0115 -0.9258
vn 0.4529 0.5700 0.6855
vn 0.5468 -0.1269 0.8276
vn -0.0052 -0.1270 0.9919
vn -0.1986 -0.1270 0.9718
vn -0.4601 0.5699 0.6808
vn -0.3070 -0.6099 0.7305
vn -0.4437 -0.6100 0.6566
vn -0.2349 -0.7954 0.5587
vn -0.0787 -0.9791 0.1873
vn -0.0041 -0.6100 0.7924
vn -0.1586 -0.6099 0.7764
vn 0.2994 -0.6100 0.7336
vn 0.1506 -0.6099 0.7780
vn 0.2290 -0.7954 0.5611
vn 0.0768 -0.9791 0.1881
vn 0.4368 -0.6100 0.6611
vn 0.0021 0.9172 -0.3984
vn 0.1523 0.9204 -0.3601
vn -0.1486 0.9204 -0.3616
vn -0.0199 0.9987 0.0473
vn -0.3184 0.5698 0.7576
vn 0.0194 0.9987 0.0475
vn 0.0097 0.9987 0.0504
vn 0.0283 0.9987 0.0428
vn -0.0287 0.9987 0.0425
vn -0.0365 0.9987 0.0361
vn -0.7107 -0.0000 0.7034
vn -0.0052 -0.0000 1.0000
vn -0.2002 -0.0000 0.9798
vn 0.5513 -0.0000 0.8343
vn 0.3779 -0.0000 0.9259
vn 0.1900 -0.0000 0.9818
vn 0.2178 0.9753 -0.0371
vn -0.0000 1.0000 -0.0000
vn -0.1456 0.7666 -0.6254
vn 0.1605 0.6780 -0.7173
vn 0.0354 0.9992 -0.0174
vn 0.1747 0.9837 -0.0416
vn -0.1154 0.6916 -0.7130
vn -0.3607 0.6967 -0.6201
vn 0.4979 0.8645 0.0683
vn 0.5645 0.8112 0.1527
vn 0.7043 0.5261 -0.4767
vn 0.5054 0.5959 -0.6240
vn -0.0000 -1.0000 -0.0000
vn -0.5152 -0.6808 -0.5206
vn -0.3884 -0.6858 -0.6155
vn -0.1491 -0.9874 0.0520
vn -0.0568 -0.9980 0.0276
vn -0.2605 -0.6620 -0.7028
vn -0.0858 -0.6777 -0.7303
vn 0.5935 0.8048 0.0005
vn 0.6084 0.4867 -0.6269
vn 0.3298 0.9441 -0.0017
vn 0.1967 0.6512 -0.7330
vn -0.5277 -0.8393 -0.1308
vn -0.3569 -0.9341 0.0064
vn 0.0871 -0.6515 -0.7536
vn 0.0290 -0.6530 -0.7568
vn -0.6484 -0.7460 -0.1520
vn -0.1433 -0.5606 -0.8156
vn 0.6484 0.7460 0.1520
vn 0.7445 0.5158 -0.4239
vn -0.5933 -0.8050 -0.0008
vn -0.3692 -0.6086 -0.7024
vn -0.2177 -0.9753 0.0368
vn -0.2706 -0.8033 -0.5305
vn -0.5153 0.6807 -0.5207
vn -0.5596 -0.0000 0.8288
vn -0.4780 -0.0000 0.8784
vn -0.1745 -0.0000 0.9847
vn -0.3148 -0.0000 0.9491
vn -0.5420 -0.0000 0.8404
vn -0.5756 -0.0000 0.8177
vn -0.3799 -0.0000 0.9250
vn -0.2898 -0.0000 0.9571
vn 0.0260 -0.0000 0.9997
vn -0.0256 -0.0000 0.9997
vn 0.3222 -0.0000 0.9467
vn 0.2983 -0.0000 0.9545
vn 0.5324 -0.0000 0.8465
vn 0.5345 -0.0000 0.8451
vn -0.1066 0.7721 -0.6265
vn -0.1450 -0.7735 -0.6170
vn -0.1084 -0.7811 -0.6150
vn 0.8373 -0.5043 -0.2114
vn 0.5285 -0.4616 -0.7124
vn 0.6209 0.0004 -0.7839
vn 0.9660 -0.0000 -0.2585
vn 0.3816 0.9202 -0.0871
vn 0.2298 0.8104 -0.5390
vn 0.5297 0.4585 -0.7136
vn 0.8373 0.5043 -0.2114
vn 0.3816 -0.9202 -0.0871
vn 0.2253 -0.8136 -0.5360
vn -0.2176 -0.9754 0.0368
vn -0.0645 -0.0066 -0.9979
vn 0.0393 0.9753 -0.2174
vn 0.7190 0.6779 -0.1530
vn 0.6239 0.7666 0.1521
vn 0.0177 0.9992 -0.0352
vn 0.6164 0.6967 0.3671
vn 0.7118 0.6915 0.1228
vn 0.0433 0.9837 -0.1742
vn -0.0630 0.8645 -0.4987
vn 0.6292 0.5959 -0.4989
vn 0.4840 0.5261 -0.6993
vn -0.1467 0.8112 -0.5661
vn 0.6115 -0.6858 0.3947
vn 0.5152 -0.6808 0.5206
vn -0.0535 -0.9875 0.1486
vn 0.7294 -0.6777 0.0934
vn 0.7001 -0.6620 0.2678
vn -0.0281 -0.9980 0.0565
vn 0.0058 0.8048 -0.5935
vn 0.6332 0.4867 -0.6018
vn 0.0394 0.9753 -0.2175
vn 0.0050 0.9441 -0.3298
vn 0.7350 0.6512 -0.1891
vn 0.1253 -0.8393 0.5290
vn 0.7571 -0.6529 -0.0212
vn 0.7544 -0.6516 -0.0793
vn -0.0102 -0.9341 0.3569
vn 0.1453 -0.7460 0.6500
vn 0.8141 -0.5606 0.1518
vn 0.4316 0.5158 -0.7400
vn -0.1453 0.7460 -0.6500
vn -0.0054 -0.8050 0.5933
vn 0.6985 -0.6086 0.3765
vn -0.0390 -0.9753 0.2172
vn 0.5276 -0.8034 0.2761
vn 0.5153 0.6807 0.5207
vn -0.8345 -0.0000 0.5509
vn -0.9524 -0.0000 0.3050
vn -0.9864 -0.0000 0.1643
vn -0.8833 -0.0000 0.4688
vn -0.8237 -0.0000 0.5671
vn -0.8460 -0.0000 0.5332
vn -0.9289 -0.0000 0.3703
vn -0.9601 -0.0000 0.2798
vn -0.9999 -0.0000 0.0152
vn -0.9993 -0.0000 -0.0364
vn -0.9433 -0.0000 -0.3321
vn -0.9513 -0.0000 -0.3082
vn -0.8409 -0.0000 -0.5412
vn -0.8395 -0.0000 -0.5433
vn 0.6254 0.7721 0.1131
vn 0.6137 -0.7811 0.1147
vn 0.6155 -0.7734 0.1514
vn 0.2200 -0.5044 -0.8350
vn 0.2687 -0.0000 -0.9632
vn 0.7900 0.0003 -0.6131
vn 0.7178 -0.4616 -0.5212
vn 0.5412 0.8105 -0.2242
vn 0.0910 0.9202 -0.3807
vn 0.7190 0.4585 -0.5223
vn 0.2200 0.5044 -0.8350
vn 0.0910 -0.9202 -0.3807
vn 0.5382 -0.8136 -0.2198
vn 0.9972 -0.0066 0.0748
vn -0.0393 0.9753 0.2174
vn -0.7190 0.6780 0.1530
vn -0.6239 0.7666 -0.1521
vn -0.0177 0.9992 0.0352
vn -0.6164 0.6967 -0.3671
vn -0.7118 0.6915 -0.1228
vn -0.0434 0.9837 0.1742
vn 0.0630 0.8645 0.4987
vn -0.6293 0.5959 0.4989
vn -0.4840 0.5261 0.6993
vn 0.1468 0.8112 0.5661
vn -0.6114 -0.6858 -0.3947
vn 0.0535 -0.9875 -0.1486
vn -0.7294 -0.6777 -0.0933
vn -0.7001 -0.6620 -0.2678
vn 0.0282 -0.9980 -0.0565
vn -0.0058 0.8048 0.5935
vn -0.6332 0.4867 0.6019
vn -0.0394 0.9753 0.2175
vn -0.0050 0.9441 0.3298
vn -0.7350 0.6512 0.1892
vn -0.1253 -0.8393 -0.5290
vn -0.7571 -0.6529 0.0212
vn -0.7544 -0.6516 0.0793
vn 0.0102 -0.9341 -0.3569
vn -0.1452 -0.7459 -0.6500
vn -0.8140 -0.5606 -0.1518
vn -0.4317 0.5158 0.7400
vn 0.1452 0.7459 0.6500
vn 0.0054 -0.8049 -0.5933
vn -0.6984 -0.6086 -0.3766
vn 0.0390 -0.9753 -0.2172
vn -0.5277 -0.8033 -0.2761
vn 0.8345 -0.0000 -0.5509
vn 0.9524 -0.0000 -0.3049
vn 0.9864 -0.0000 -0.1643
vn 0.8833 -0.0000 -0.4688
vn 0.8237 -0.0000 -0.5671
vn 0.8460 -0.0000 -0.5332
vn 0.9289 -0.0000 -0.3703
vn 0.9600 -0.0000 -0.2798
vn 0.9999 -0.0000 -0.0152
vn 0.9993 -0.0000 0.0364
vn 0.9433 -0.0000 0.3321
vn 0.9513 -0.0000 0.3082
vn 0.8409 -0.0000 0.5412
vn 0.8395 -0.0000 0.5433
vn -0.6254 0.7721 -0.1131
vn -0.6138 -0.7811 -0.1148
vn -0.6154 -0.7735 -0.1514
vn -0.2200 -0.5044 0.8350
vn -0.2687 -0.0000 0.9632
vn -0.7900 0.0003 0.6131
vn -0.7178 -0.4616 0.5212
vn -0.5412 0.8105 0.2242
vn -0.0910 0.9202 0.3807
vn -0.7190 0.4585 0.5223
vn -0.2200 0.5044 0.8350
vn -0.0910 -0.9202 0.3807
vn -0.5382 -0.8136 0.2198
vn -0.9972 -0.0066 -0.0749
vn -0.2178 0.9753 0.0371
vn 0.1456 0.7666 0.6254
vn -0.1605 0.6780 0.7174
vn -0.0354 0.9992 0.0174
vn -0.1747 0.9837 0.0416
vn 0.1155 0.6915 0.7131
vn 0.3607 0.6967 0.6201
vn -0.4981 0.8645 -0.0679
vn -0.5645 0.8112 -0.1527
vn -0.7042 0.5261 0.4767
vn -0.5054 0.5958 0.6241
vn 0.3884 -0.6858 0.6155
vn 0.1491 -0.9875 -0.0520
vn 0.0568 -0.9980 -0.0277
vn 0.2601 -0.6620 0.7029
vn 0.0857 -0.6777 0.7303
vn -0.5935 0.8048 -0.0005
vn -0.6084 0.4867 0.6269
vn -0.3298 0.9440 0.0017
vn -0.1967 0.6512 0.7330
vn 0.5277 -0.8393 0.1308
vn 0.3571 -0.9341 -0.0067
vn -0.0871 -0.6516 0.7535
vn -0.0291 -0.6529 0.7569
vn 0.6484 -0.7460 0.1520
vn 0.1433 -0.5606 0.8156
vn -0.6484 0.7460 -0.1520
vn -0.7445 0.5158 0.4239
vn 0.5933 -0.8050 0.0008
vn 0.3692 -0.6086 0.7024
vn 0.2177 -0.9753 -0.0368
vn 0.2706 -0.8033 0.5305
vn 0.5596 -0.0000 -0.8288
vn 0.4780 -0.0000 -0.8784
vn 0.1745 -0.0000 -0.9847
vn 0.3148 -0.0000 -0.9491
vn 0.5420 -0.0000 -0.8404
vn 0.5756 -0.0000 -0.8177
vn 0.3799 -0.0000 -0.9250
vn 0.2898 -0.0000 -0.9571
vn -0.0260 -0.0000 -0.9997
vn 0.0256 -0.0000 -0.9997
vn -0.3222 -0.0000 -0.9467
vn -0.2983 -0.0000 -0.9545
vn -0.5324 -0.0000 -0.8465
vn -0.5346 -0.0000 -0.8451
vn 0.1066 0.7721 0.6265
vn 0.1450 -0.7735 0.6170
vn 0.1084 -0.7811 0.6150
vn -0.8373 -0.5043 0.2114
vn -0.5286 -0.4616 0.7124
vn -0.6212 0.0003 0.7836
vn -0.9660 -0.0000 0.2585
vn -0.3816 0.9202 0.0871
vn -0.2298 0.8104 0.5390
vn -0.5297 0.4585 0.7136
vn -0.8373 0.5043 0.2114
vn -0.3816 -0.9202 0.0871
vn -0.2253 -0.8136 0.5360
vn 0.2176 -0.9754 -0.0368
vn 0.0645 -0.0066 0.9979
vn -0.0740 -0.0000 0.9973
vn -0.9980 -0.0000 0.0637
vn 0.9980 -0.0000 -0.0637
vn 0.0740 -0.0000 -0.9973
vn -0.1157 -0.9792 0.1665
vn -0.2298 -0.8924 0.3882
vn -0.2195 -0.9750 -0.0358
vn -0.1039 0.9921 -0.0699
vn -0.1151 0.9923 -0.0453
vn -0.0953 0.9947 -0.0395
vn -0.1191 0.9927 -0.0186
vn 0.0764 0.9872 0.1397
vn 0.1017 0.9862 0.1303
vn 0.0921 0.9894 0.1123
vn 0.1234 0.9858 0.1142
vn -0.0377 0.9906 0.1312
vn -0.0132 0.9897 0.1424
vn -0.0074 0.9924 0.1228
vn 0.0135 0.9891 0.1463
vn -0.1125 0.9927 0.0443
vn -0.1030 0.9922 0.0696
vn -0.0850 0.9946 0.0599
vn -0.0869 0.9920 0.0914
vn 0.1100 -0.9844 0.1373
vn -0.0084 -0.9997 -0.0242
vn -0.0158 -0.9996 -0.0251
vn -0.0100 -0.9997 -0.0222
vn -0.0059 -0.9998 -0.0171
vn -0.0039 -0.9999 -0.0111
vn -0.0017 -1.0000 -0.0095
vn -0.0567 -0.9982 -0.0192
vn -0.0576 -0.9983 -0.0117
vn -0.0546 -0.9984 -0.0175
vn -0.0496 -0.9985 -0.0216
vn -0.0435 -0.9988 -0.0236
vn -0.0419 -0.9988 -0.0259
vn -0.0242 -0.9993 -0.0277
vn -0.0222 -0.9994 -0.0258
vn -0.0033 -0.9997 0.0240
vn 0.0002 -1.0000 0.0083
vn -0.0017 -0.9999 0.0103
vn -0.0024 -0.9999 0.0166
vn 0.1784 0.9839 0.0137
vn 0.1551 0.9873 0.0347
vn 0.1744 0.9838 0.0404
vn 0.1632 0.9844 0.0650
vn 0.1462 0.9846 -0.0962
vn 0.1444 0.9874 -0.0649
vn 0.1623 0.9839 -0.0745
vn 0.1718 0.9839 -0.0493
vn 0.0458 0.9874 -0.1513
vn 0.0669 0.9896 -0.1277
vn 0.0725 0.9864 -0.1473
vn 0.0971 0.9859 -0.1361
vn -0.0641 0.9908 -0.1191
vn -0.0326 0.9926 -0.1172
vn -0.0424 0.9899 -0.1352
vn -0.0171 0.9893 -0.1447
vn -0.0516 -0.9982 0.0292
vn -0.0357 -0.9988 0.0327
vn -0.0378 -0.9988 0.0308
vn -0.0441 -0.9986 0.0301
vn -0.0602 -0.9982 -0.0033
vn -0.0583 -0.9983 -0.0054
vn -0.0540 -0.9983 0.0221
vn -0.0560 -0.9983 0.0160
vn -0.0583 -0.9982 0.0145
vn -0.0499 -0.9984 0.0271
vn -0.0104 -0.9996 0.0266
vn -0.0164 -0.9995 0.0285
vn -0.0180 -0.9994 0.0308
vn -0.0053 -0.9997 0.0224
vn 0.0568 -0.9852 -0.1616
vn 0.1759 -0.9065 -0.3837
vn 0.1607 -0.9862 0.0407
vn -0.1688 -0.9767 -0.1325
vn 0.1438 0.9855 0.0900
vn 0.1310 0.9882 0.0795
vn 0.0451 0.9886 0.1436
vn 0.0434 0.9909 0.1271
vn -0.0627 0.9918 0.1117
vn -0.0522 0.9937 0.0988
vn -0.1163 0.9931 0.0129
vn -0.0998 0.9949 0.0112
vn 0.0916 0.9947 0.0475
vn 0.0708 0.9948 0.0728
vn 0.1120 0.9935 0.0218
vn 0.0382 0.9963 0.0765
vn 0.0056 0.9968 0.0797
vn -0.0201 0.9980 0.0593
vn -0.0453 0.9982 0.0384
vn -0.0491 0.9988 0.0058
vn -0.0522 0.9983 -0.0268
vn -0.4626 -0.1714 0.8699
vn -0.3275 -0.7445 0.5818
vn -0.2085 -0.7480 0.6300
vn -0.2842 -0.1765 0.9424
vn -0.9821 -0.1575 0.1033
vn -0.6739 -0.7354 0.0705
vn -0.6481 -0.7358 0.1963
vn -0.9432 -0.1584 0.2919
vn -0.5981 -0.7371 0.3146
vn -0.8684 -0.1601 0.4694
vn -0.0824 -0.7516 0.6544
vn -0.0952 -0.1821 0.9787
vn 0.0459 -0.7556 0.6534
vn 0.0973 -0.1879 0.9774
vn -0.5261 -0.7390 0.4209
vn -0.7603 -0.1631 0.6287
vn -0.4346 -0.7416 0.5111
vn -0.6233 -0.1669 0.7640
vn 0.1717 -0.7593 0.6276
vn 0.2858 -0.1936 0.9385
vn 0.2900 -0.7631 0.5776
vn 0.4631 -0.1990 0.8637
vn 0.3963 -0.7664 0.5056
vn 0.4864 -0.7694 0.4141
vn 0.7576 -0.2085 0.6185
vn 0.6224 -0.2042 0.7556
vn -0.8747 -0.1623 -0.4567
vn -0.6024 -0.7384 -0.3031
vn -0.6505 -0.7369 -0.1841
vn -0.9471 -0.1598 -0.2784
vn 0.5571 -0.7717 0.3069
vn 0.8634 -0.2122 0.4577
vn -0.2171 -0.7508 -0.6239
vn -0.3353 -0.7472 -0.5738
vn -0.4743 -0.1753 -0.8627
vn -0.2970 -0.1808 -0.9376
vn -0.6749 -0.7356 -0.0580
vn -0.9834 -0.1581 -0.0892
vn -0.0107 0.9999 0.0018
vn 0.0300 0.9995 -0.0025
vn 0.0043 0.9996 0.0293
vn 0.0343 0.9987 0.0382
vn 0.0617 0.9978 0.0232
vn -0.4105 0.9026 -0.1297
vn -0.0155 0.9964 0.0839
vn -0.1117 0.9579 0.2646
vn -0.5479 0.8349 0.0520
vn 0.3796 0.8799 0.2859
vn 0.3045 0.8105 0.5004
vn -0.6531 0.6244 0.4285
vn -0.3368 0.6553 0.6761
vn -0.1720 0.9103 0.3766
vn -0.4858 0.8595 0.1592
vn -0.0397 0.9908 0.1295
vn -0.3576 0.9321 -0.0582
vn 0.0443 0.6043 0.7955
vn 0.1822 0.8403 0.5106
vn 0.2919 0.9135 0.2835
vn 0.0167 0.9996 0.0235
vn 0.3442 0.9189 0.1926
vn 0.3580 0.9178 0.1715
vn -0.3120 0.9378 -0.1526
vn -0.3024 0.9368 -0.1761
vn -0.4490 -0.3162 0.8357
vn -0.0316 -0.3024 0.9527
vn -0.0511 0.1114 0.9925
vn -0.4584 0.1334 0.8787
vn -0.7803 -0.2809 0.5588
vn -0.7834 0.1324 0.6073
vn -0.4535 -0.2775 0.8469
vn -0.0110 -0.2321 0.9726
vn -0.8052 -0.2093 0.5548
vn -0.4093 0.4354 0.8018
vn -0.8170 0.3534 0.4556
vn 0.1026 0.3270 0.9394
vn 0.2309 0.0682 0.9706
vn 0.2976 0.5141 0.8044
vn 0.4187 0.7218 0.5510
vn 0.5045 0.7823 0.3652
vn -0.7617 0.6456 -0.0545
vn -0.6374 0.7257 -0.2590
vn 0.2376 -0.2673 0.9339
vn -0.6581 0.7527 -0.0155
vn -0.8077 0.5459 0.2230
vn -0.5509 0.8127 -0.1901
vn -0.9268 0.1015 0.3616
vn -0.9154 -0.2343 0.3272
vn 0.3151 0.8410 0.4399
vn -0.0961 0.9671 0.2355
vn -0.3385 0.6515 0.6790
vn 0.1030 0.6357 0.7651
vn -0.5027 0.8644 0.0097
vn -0.6598 0.6575 0.3639
vn 0.6063 0.6900 0.3954
vn 0.5046 0.6094 0.6116
vn -0.5143 0.8164 -0.2626
vn 0.2408 -0.1588 0.9575
vn -0.5068 0.8149 -0.2813
vn -0.9318 -0.1252 0.3408
vn -0.7299 0.6640 -0.1625
vn -0.7909 0.4660 0.3967
vn 0.5438 0.7861 0.2940
vn 0.5548 0.7844 0.2773
vn 0.5763 0.6265 0.5247
vn -0.9170 0.3131 0.2470
vn 0.3293 0.2775 0.9025
vn 0.1416 0.4395 0.8870
vn -0.4400 0.2840 0.8519
vn 0.0258 -0.9943 -0.1032
vn -0.0035 -0.9988 -0.0479
vn -0.1707 -0.9748 -0.1435
vn -0.1291 -0.9744 -0.1841
vn 0.1709 -0.9846 0.0364
vn 0.3250 -0.6821 -0.6550
vn 0.4628 -0.0719 -0.8835
vn 0.2278 -0.0843 -0.9701
vn 0.0749 -0.6599 -0.7476
vn 0.1940 -0.8879 -0.4172
vn 0.4136 -0.4178 -0.8089
vn 0.5719 -0.4210 -0.7040
vn 0.3342 -0.8873 -0.3179
vn 0.4642 0.1393 -0.8747
vn 0.6451 0.1305 -0.7529
vn 0.0269 -0.9941 -0.1053
vn -0.0190 -0.9997 -0.0183
vn 0.2704 -0.9532 0.1350
vn 0.3022 -0.9521 0.0470
vn 0.2376 -0.4115 -0.8799
vn 0.2612 0.1416 -0.9548
vn 0.0329 -0.8787 -0.4763
vn 0.1809 -0.9833 -0.0210
vn -0.0300 -0.9995 0.0025
vn 0.2633 -0.9520 0.1561
vn 0.4446 0.3462 -0.8262
vn 0.2361 0.3428 -0.9093
vn -0.3067 -0.9367 -0.1688
vn -0.3198 -0.9353 -0.1511
vn 0.6308 0.3315 -0.7016
vn -0.2523 -0.9362 -0.2447
vn 0.1474 -0.9320 -0.3311
vn -0.1188 -0.8841 -0.4520
vn 0.6664 -0.0969 -0.7393
vn 0.3996 -0.8990 -0.1792
vn 0.5437 -0.6734 -0.5009
vn 0.0003 -1.0000 -0.0007
vn -0.0332 -0.9991 -0.0278
vn -0.0340 -0.9988 -0.0361
vn 0.0086 -1.0000 -0.0016
vn -0.0715 0.9939 -0.0844
vn -0.0844 0.9919 -0.0948
vn 0.1593 0.9871 -0.0161
vn 0.1757 0.9843 -0.0179
vn 0.1117 0.9883 -0.1038
vn 0.1221 0.9856 -0.1166
vn 0.0161 0.9911 -0.1321
vn 0.0143 0.9888 -0.1485
vn -0.0318 0.9981 -0.0525
vn -0.0110 0.9969 -0.0777
vn 0.1051 0.9935 -0.0434
vn 0.1089 0.9940 -0.0108
vn 0.0542 0.9949 -0.0846
vn 0.0799 0.9947 -0.0642
vn 0.0216 0.9964 -0.0815
vn -0.4416 -0.7437 -0.5018
vn -0.6337 -0.1702 -0.7547
vn 0.4808 -0.7712 -0.4172
vn 0.3893 -0.7688 -0.5073
vn 0.6121 -0.2076 -0.7630
vn 0.7491 -0.2113 -0.6278
vn 0.2822 -0.7656 -0.5781
vn 0.4513 -0.2030 -0.8690
vn 0.0371 -0.7585 -0.6507
vn -0.0913 -0.7547 -0.6496
vn -0.1085 -0.1865 -0.9764
vn 0.0840 -0.1923 -0.9777
vn 0.6028 -0.7743 -0.1925
vn 0.5527 -0.7732 -0.3108
vn 0.8571 -0.2143 -0.4684
vn 0.9320 -0.2161 -0.2910
vn 0.1632 -0.7623 -0.6263
vn 0.2730 -0.1979 -0.9414
vn 0.6296 -0.7745 0.0617
vn 0.6287 -0.7748 -0.0667
vn 0.9709 -0.2165 -0.1024
vn 0.9722 -0.2163 0.0901
vn 0.6053 -0.7736 0.1878
vn 0.9359 -0.2148 0.2793
vn -0.5317 -0.7409 -0.4103
vn -0.7688 -0.1658 -0.6176
vn -0.0018 0.9996 -0.0282
vn 0.0257 0.9987 -0.0431
vn 0.0557 0.9979 -0.0342
vn 0.0706 0.9975 -0.0068
vn -0.0602 -0.9982 0.0057
vn -0.0268 -0.9991 0.0327
vn -0.0259 -0.9988 0.0411
vn -0.0686 -0.9976 0.0066
vn 0.4639 0.8770 0.1253
vn 0.0752 0.9932 -0.0885
vn 0.1689 0.9481 -0.2693
vn 0.5970 0.8003 -0.0562
vn -0.3262 0.8996 -0.2903
vn -0.2554 0.8248 -0.5045
vn 0.6894 0.5820 -0.4314
vn 0.3754 0.6306 -0.6792
vn 0.2262 0.8964 -0.3811
vn 0.5364 0.8280 -0.1634
vn 0.0990 0.9860 -0.1345
vn 0.4128 0.9092 0.0536
vn -0.0081 0.6020 -0.7985
vn -0.1316 0.8472 -0.5148
vn -0.2366 0.9279 -0.2880
vn 0.0433 0.9987 -0.0285
vn -0.2885 0.9370 -0.1972
vn 0.3676 0.9181 0.1480
vn 0.4290 -0.3467 -0.8341
vn 0.0134 -0.3084 -0.9512
vn 0.0576 0.1032 -0.9930
vn 0.4654 0.1013 -0.8793
vn 0.7620 -0.3299 -0.5572
vn 0.7899 0.0822 -0.6077
vn 0.4360 -0.3084 -0.8455
vn -0.0031 -0.2372 -0.9715
vn 0.7912 -0.2598 -0.5537
vn 0.4345 0.4061 -0.8039
vn 0.8367 0.3013 -0.4573
vn -0.0830 0.3279 -0.9411
vn -0.2265 0.0771 -0.9710
vn -0.2662 0.5270 -0.8071
vn -0.3749 0.7429 -0.5546
vn -0.4569 0.8093 -0.3692
vn 0.7990 0.5992 0.0515
vn 0.6798 0.6875 0.2554
vn -0.2532 -0.2572 -0.9326
vn 0.7020 0.7121 0.0118
vn 0.8390 0.4952 -0.2256
vn 0.5987 0.7790 0.1861
vn 0.9312 0.0439 -0.3619
vn 0.8997 -0.2903 -0.3259
vn -0.2641 0.8561 -0.4441
vn 0.1539 0.9584 -0.2403
vn 0.3768 0.6267 -0.6821
vn -0.0647 0.6369 -0.7682
vn 0.5537 0.8326 -0.0139
vn 0.6979 0.6150 -0.3670
vn -0.5639 0.7232 -0.3988
vn -0.4673 0.6354 -0.6148
vn 0.5623 0.7854 0.2586
vn -0.2500 -0.1488 -0.9567
vn 0.9226 -0.1825 -0.3398
vn 0.7685 0.6198 0.1593
vn 0.8173 0.4160 -0.3987
vn -0.4956 0.8158 -0.2980
vn -0.5378 0.6573 -0.5279
vn 0.9342 0.2563 -0.2483
vn -0.3121 0.2922 -0.9040
vn -0.1150 0.4428 -0.8892
vn 0.4562 0.2530 -0.8532
vn -0.0853 -0.9905 0.1082
vn -0.0564 -0.9970 0.0529
vn 0.1120 -0.9826 0.1485
vn 0.0705 -0.9795 0.1889
vn -0.2297 -0.9728 -0.0314
vn -0.3653 -0.6582 0.6583
vn -0.4661 -0.0397 0.8838
vn -0.2323 -0.0657 0.9704
vn -0.1143 -0.6505 0.7508
vn -0.2469 -0.8725 0.4216
vn -0.4378 -0.3883 0.8109
vn -0.5960 -0.3825 0.7061
vn -0.3867 -0.8641 0.3221
vn -0.4549 0.1712 0.8739
vn -0.6359 0.1727 0.7522
vn -0.0865 -0.9901 0.1102
vn -0.0409 -0.9989 0.0233
vn -0.3271 -0.9360 -0.1303
vn -0.3587 -0.9325 -0.0423
vn -0.2617 -0.3921 0.8819
vn -0.2521 0.1617 0.9541
vn -0.0855 -0.8728 0.4806
vn -0.2395 -0.9706 0.0258
vn -0.4229 0.3763 0.8244
vn -0.2150 0.3608 0.9075
vn 0.2500 -0.9526 0.1735
vn -0.6096 0.3722 0.6999
vn 0.1958 -0.9484 0.2494
vn -0.2030 -0.9198 0.3357
vn 0.0656 -0.8874 0.4564
vn -0.6709 -0.0532 0.7397
vn -0.4528 -0.8725 0.1837
vn -0.5830 -0.6371 0.5042
vt 0.072999 0.279022
vt 0.087688 0.279031
vt 0.087229 0.274441
vt 0.032758 0.262464
vt 0.045003 0.270578
vt 0.035679 0.258893
vt 0.022378 0.252072
vt 0.005622 0.211909
vt 0.008548 0.226307
vt 0.010217 0.211449
vt 0.723280 0.827083
vt 0.620064 0.813540
vt 0.620064 0.827723
vt 0.620064 0.785088
vt 0.722676 0.770182
vt 0.620064 0.770835
vt 0.620064 0.841903
vt 0.620064 0.671079
vt 0.723173 0.656565
vt 0.620064 0.656838
vt 0.620064 0.756575
vt 0.102084 0.276111
vt 0.138246 0.251907
vt 0.134676 0.248986
vt 0.127852 0.262286
vt 0.146361 0.239663
vt 0.154824 0.196976
vt 0.150228 0.197436
vt 0.154809 0.211669
vt 0.620064 0.728056
vt 0.723169 0.713381
vt 0.620064 0.713819
vt 0.620064 0.699580
vt 0.620064 0.898654
vt 0.723239 0.884091
vt 0.620064 0.884468
vt 0.722881 0.998047
vt 0.620064 0.983851
vt 0.620064 0.998047
vt 0.058362 0.132774
vt 0.073217 0.134444
vt 0.072757 0.129853
vt 0.022199 0.156978
vt 0.025770 0.159899
vt 0.032593 0.146599
vt 0.014085 0.169221
vt 0.005636 0.197216
vt 0.620064 0.955442
vt 0.723212 0.941071
vt 0.620064 0.941247
vt 0.620064 0.927052
vt 0.620064 0.642598
vt 0.087446 0.129863
vt 0.127688 0.146421
vt 0.115443 0.138307
vt 0.124767 0.149992
vt 0.138068 0.156813
vt 0.151897 0.182577
vt 0.620064 0.870283
vt 0.723176 0.599746
vt 0.620064 0.585623
vt 0.620064 0.599860
vt 0.620064 0.557134
vt 0.722854 0.542900
vt 0.620064 0.542900
vt 0.620064 0.614099
vt 0.971928 0.992860
vt 0.972211 0.987410
vt 0.970437 0.992381
vt 0.973440 0.992610
vt 0.953570 0.829330
vt 0.952079 0.829808
vt 0.953852 0.834780
vt 0.955082 0.829579
vt 0.971928 0.829329
vt 0.970437 0.829808
vt 0.972211 0.834779
vt 0.973440 0.829579
vt 0.953569 0.992860
vt 0.953852 0.987410
vt 0.952079 0.992381
vt 0.955081 0.992610
vt 0.722993 0.798596
vt 0.620064 0.799345
vt 0.723116 0.855607
vt 0.620064 0.856089
vt 0.307299 0.636959
vt 0.304029 0.636959
vt 0.304029 0.652004
vt 0.307299 0.652004
vt 0.307299 0.697140
vt 0.304029 0.697140
vt 0.304029 0.712185
vt 0.307299 0.712185
vt 0.307299 0.757322
vt 0.307299 0.742276
vt 0.304029 0.742276
vt 0.304029 0.757322
vt 0.057498 0.279783
vt 0.072649 0.282694
vt 0.058561 0.276257
vt 0.088055 0.282694
vt 0.059712 0.272442
vt 0.030427 0.265314
vt 0.043264 0.273832
vt 0.010878 0.241651
vt 0.019533 0.254422
vt 0.014123 0.239909
vt 0.017634 0.238025
vt 0.001953 0.212276
vt 0.005017 0.227380
vt 0.733609 0.827029
vt 0.733609 0.798422
vt 0.733609 0.855448
vt 0.733609 0.770202
vt 0.733609 0.884090
vt 0.299789 0.712185
vt 0.299789 0.727231
vt 0.304029 0.727231
vt 0.304029 0.667049
vt 0.299789 0.667049
vt 0.299789 0.682095
vt 0.304029 0.682095
vt 0.299789 0.697140
vt 0.299789 0.636959
vt 0.299789 0.652004
vt 0.299789 0.742276
vt 0.299789 0.757322
vt 0.304029 0.802458
vt 0.304029 0.787412
vt 0.299789 0.787412
vt 0.299789 0.802458
vt 0.410018 0.742276
vt 0.410018 0.757322
vt 0.410018 0.697140
vt 0.410018 0.712185
vt 0.307299 0.727231
vt 0.410018 0.727231
vt 0.410018 0.636959
vt 0.410018 0.652004
vt 0.307299 0.667049
vt 0.410018 0.667049
vt 0.307299 0.682095
vt 0.410018 0.682095
vt 0.307299 0.772367
vt 0.410018 0.772367
vt 0.723093 0.684960
vt 0.620064 0.685329
vt 0.304029 0.832548
vt 0.304029 0.847594
vt 0.307299 0.847594
vt 0.307299 0.832548
vt 0.304029 0.862639
vt 0.304029 0.877684
vt 0.307299 0.877684
vt 0.307299 0.862639
vt 0.304029 0.817503
vt 0.307299 0.817503
vt 0.307299 0.802458
vt 0.304029 0.772367
vt 0.117429 0.273785
vt 0.115688 0.270540
vt 0.103155 0.279642
vt 0.113804 0.267028
vt 0.141096 0.254238
vt 0.130202 0.265131
vt 0.155568 0.227170
vt 0.152042 0.226106
vt 0.149615 0.241402
vt 0.148227 0.224954
vt 0.158492 0.196609
vt 0.158483 0.212021
vt 0.733609 0.713447
vt 0.722993 0.741791
vt 0.733609 0.741956
vt 0.733609 0.685111
vt 0.733609 0.656563
vt 0.299789 0.817503
vt 0.299789 0.832548
vt 0.299789 0.847594
vt 0.299789 0.862639
vt 0.299789 0.877684
vt 0.299789 0.772367
vt 0.304029 0.561732
vt 0.304029 0.546687
vt 0.299789 0.546687
vt 0.299789 0.561732
vt 0.410018 0.787412
vt 0.307299 0.787412
vt 0.410018 0.802458
vt 0.410018 0.847594
vt 0.410018 0.862639
vt 0.410018 0.817503
vt 0.410018 0.832548
vt 0.410018 0.877684
vt 0.410018 0.516596
vt 0.307299 0.516596
vt 0.307299 0.531642
vt 0.410018 0.531642
vt 0.620064 0.742299
vt 0.723113 0.912574
vt 0.620064 0.912849
vt 0.304029 0.591823
vt 0.304029 0.606868
vt 0.307299 0.606868
vt 0.307299 0.591823
vt 0.304029 0.621914
vt 0.307299 0.621914
vt 0.304029 0.576778
vt 0.307299 0.576778
vt 0.307299 0.561732
vt 0.304029 0.516596
vt 0.304029 0.531642
vt 0.043017 0.135100
vt 0.044758 0.138345
vt 0.057290 0.129243
vt 0.072391 0.126190
vt 0.046642 0.141857
vt 0.019350 0.154647
vt 0.030244 0.143753
vt 0.004878 0.181715
vt 0.008404 0.182779
vt 0.010831 0.167482
vt 0.012219 0.183931
vt 0.001963 0.196864
vt 0.733609 0.941140
vt 0.722944 0.969546
vt 0.733609 0.969721
vt 0.733609 0.912734
vt 0.733609 0.998047
vt 0.299789 0.576778
vt 0.299789 0.591823
vt 0.299789 0.606868
vt 0.299789 0.621914
vt 0.299789 0.516596
vt 0.299789 0.531642
vt 0.304029 0.937865
vt 0.299789 0.937865
vt 0.299789 0.952911
vt 0.304029 0.952911
vt 0.410018 0.546687
vt 0.307299 0.546687
vt 0.410018 0.561732
vt 0.410018 0.606868
vt 0.410018 0.621914
vt 0.410018 0.576778
vt 0.410018 0.591823
vt 0.410018 0.967956
vt 0.307299 0.967956
vt 0.307299 0.983001
vt 0.410018 0.983001
vt 0.620064 0.969646
vt 0.307299 0.907775
vt 0.304029 0.907775
vt 0.304029 0.922820
vt 0.307299 0.922820
vt 0.722931 0.571339
vt 0.620064 0.571377
vt 0.723096 0.628169
vt 0.620064 0.628349
vt 0.304029 0.892730
vt 0.307299 0.892730
vt 0.307299 0.937865
vt 0.307299 0.952911
vt 0.307299 0.998047
vt 0.304029 0.983001
vt 0.304029 0.998047
vt 0.102948 0.129102
vt 0.087797 0.126190
vt 0.101884 0.132628
vt 0.100734 0.136443
vt 0.130018 0.143571
vt 0.117182 0.135053
vt 0.149568 0.167233
vt 0.140913 0.154463
vt 0.146323 0.168975
vt 0.142812 0.170860
vt 0.155428 0.181504
vt 0.733609 0.599674
vt 0.733609 0.571164
vt 0.733609 0.628011
vt 0.733609 0.542900
vt 0.299789 0.967956
vt 0.304029 0.967956
vt 0.299789 0.907775
vt 0.299789 0.922820
vt 0.299789 0.892730
vt 0.299789 0.983001
vt 0.299789 0.998047
vt 0.410018 0.998047
vt 0.410018 0.937865
vt 0.410018 0.952911
vt 0.410018 0.892730
vt 0.410018 0.907775
vt 0.410018 0.922820
vt 0.967194 0.984322
vt 0.967152 0.987294
vt 0.969385 0.987243
vt 0.969395 0.983265
vt 0.950540 0.921415
vt 0.951016 0.932175
vt 0.951898 0.932072
vt 0.951420 0.921385
vt 0.954106 0.945115
vt 0.958252 0.956335
vt 0.959115 0.955684
vt 0.954902 0.944579
vt 0.963216 0.921666
vt 0.963321 0.911095
vt 0.962421 0.911095
vt 0.962318 0.921598
vt 0.963022 0.939221
vt 0.962875 0.932738
vt 0.961960 0.932615
vt 0.962119 0.939082
vt 0.966231 0.980391
vt 0.968407 0.978930
vt 0.952178 0.938510
vt 0.953037 0.938197
vt 0.965721 0.957214
vt 0.963181 0.946107
vt 0.962206 0.946004
vt 0.964644 0.957114
vt 0.970719 0.970314
vt 0.968775 0.970990
vt 0.961594 0.969815
vt 0.963490 0.969009
vt 0.976529 0.980183
vt 0.973897 0.980544
vt 0.977592 0.984716
vt 0.975211 0.984407
vt 0.950557 0.911095
vt 0.951448 0.911095
vt 0.436116 0.876080
vt 0.441751 0.876080
vt 0.449995 0.867555
vt 0.444360 0.867555
vt 0.428052 0.887612
vt 0.433687 0.887612
vt 0.428742 0.897657
vt 0.421302 0.897657
vt 0.418685 0.903922
vt 0.427624 0.903922
vt 0.416916 0.909912
vt 0.426955 0.909912
vt 0.426955 0.920560
vt 0.416067 0.920560
vt 0.416067 0.930759
vt 0.426955 0.930759
vt 0.969185 0.991921
vt 0.977336 0.987936
vt 0.975084 0.987789
vt 0.974767 0.992299
vt 0.976969 0.992692
vt 0.967044 0.992068
vt 0.973999 0.997641
vt 0.973261 0.995595
vt 0.971761 0.995733
vt 0.971580 0.998047
vt 0.967935 0.995573
vt 0.969340 0.994625
vt 0.970299 0.995404
vt 0.969224 0.997318
vt 0.975483 0.996068
vt 0.974342 0.994953
vt 0.972405 0.983653
vt 0.948835 0.837868
vt 0.951037 0.838925
vt 0.951027 0.834947
vt 0.948793 0.834895
vt 0.932180 0.900775
vt 0.933061 0.900804
vt 0.933539 0.890118
vt 0.932657 0.890014
vt 0.935746 0.877075
vt 0.936542 0.877610
vt 0.940755 0.866505
vt 0.939893 0.865855
vt 0.944856 0.900524
vt 0.943958 0.900591
vt 0.944062 0.911095
vt 0.944961 0.911095
vt 0.944662 0.882969
vt 0.943760 0.883107
vt 0.943600 0.889575
vt 0.944515 0.889451
vt 0.947873 0.841799
vt 0.950049 0.843259
vt 0.933818 0.883680
vt 0.934677 0.883993
vt 0.947361 0.864975
vt 0.946284 0.865076
vt 0.943847 0.876185
vt 0.944821 0.876083
vt 0.952360 0.851875
vt 0.950415 0.851199
vt 0.945131 0.853180
vt 0.943235 0.852375
vt 0.958170 0.842006
vt 0.955538 0.841646
vt 0.959233 0.837474
vt 0.956852 0.837783
vt 0.932197 0.911095
vt 0.933089 0.911095
vt 0.452435 0.985439
vt 0.460680 0.993964
vt 0.466315 0.993964
vt 0.458070 0.985439
vt 0.450007 0.973906
vt 0.444372 0.973906
vt 0.445062 0.963861
vt 0.437622 0.963861
vt 0.443944 0.957597
vt 0.435005 0.957597
vt 0.433235 0.951607
vt 0.443275 0.951607
vt 0.443275 0.940959
vt 0.432387 0.940959
vt 0.443275 0.930759
vt 0.432387 0.930759
vt 0.950826 0.830269
vt 0.958978 0.834254
vt 0.958611 0.829498
vt 0.956408 0.829890
vt 0.956726 0.834401
vt 0.948685 0.830122
vt 0.955641 0.824549
vt 0.953222 0.824143
vt 0.953403 0.826456
vt 0.954903 0.826595
vt 0.950982 0.827564
vt 0.949577 0.826616
vt 0.951940 0.826786
vt 0.950866 0.824872
vt 0.957125 0.826122
vt 0.955983 0.827237
vt 0.954046 0.838537
vt 0.967194 0.837867
vt 0.969395 0.838925
vt 0.969385 0.834947
vt 0.967152 0.834895
vt 0.950540 0.900774
vt 0.951421 0.900804
vt 0.951899 0.890118
vt 0.951017 0.890014
vt 0.954106 0.877075
vt 0.954902 0.877610
vt 0.959115 0.866505
vt 0.958253 0.865855
vt 0.963216 0.900524
vt 0.962318 0.900591
vt 0.963022 0.882968
vt 0.962120 0.883107
vt 0.961960 0.889574
vt 0.962875 0.889451
vt 0.966232 0.841799
vt 0.968408 0.843259
vt 0.952178 0.883680
vt 0.953037 0.883992
vt 0.965721 0.864975
vt 0.964644 0.865076
vt 0.962206 0.876185
vt 0.963181 0.876082
vt 0.970719 0.851875
vt 0.968775 0.851199
vt 0.963490 0.853180
vt 0.961595 0.852375
vt 0.976529 0.842005
vt 0.973897 0.841645
vt 0.977592 0.837473
vt 0.975211 0.837782
vt 0.436116 0.985439
vt 0.444360 0.993964
vt 0.449995 0.993964
vt 0.441751 0.985439
vt 0.433687 0.973906
vt 0.428052 0.973906
vt 0.428742 0.963861
vt 0.421302 0.963861
vt 0.427624 0.957597
vt 0.418685 0.957597
vt 0.416916 0.951607
vt 0.426955 0.951607
vt 0.426955 0.940959
vt 0.416067 0.940959
vt 0.969184 0.830268
vt 0.977336 0.834253
vt 0.976969 0.829496
vt 0.974766 0.829890
vt 0.975084 0.834400
vt 0.967043 0.830121
vt 0.973999 0.824548
vt 0.971579 0.824142
vt 0.971760 0.826456
vt 0.973261 0.826594
vt 0.969340 0.827564
vt 0.967934 0.826616
vt 0.970298 0.826785
vt 0.969223 0.824871
vt 0.975482 0.826121
vt 0.974341 0.827236
vt 0.972405 0.838536
vt 0.948835 0.984322
vt 0.948793 0.987294
vt 0.951027 0.987243
vt 0.951037 0.983265
vt 0.932180 0.921415
vt 0.932657 0.932176
vt 0.933539 0.932072
vt 0.933061 0.921386
vt 0.935746 0.945115
vt 0.939893 0.956335
vt 0.940756 0.955684
vt 0.936542 0.944579
vt 0.944856 0.921666
vt 0.943958 0.921598
vt 0.944662 0.939221
vt 0.944515 0.932738
vt 0.943601 0.932615
vt 0.943760 0.939082
vt 0.947873 0.980391
vt 0.950049 0.978930
vt 0.933819 0.938510
vt 0.934677 0.938197
vt 0.947362 0.957214
vt 0.944821 0.946107
vt 0.943847 0.946004
vt 0.946285 0.957114
vt 0.952360 0.970314
vt 0.950416 0.970990
vt 0.943236 0.969815
vt 0.945131 0.969009
vt 0.958170 0.980183
vt 0.955538 0.980544
vt 0.959233 0.984716
vt 0.956852 0.984407
vt 0.452435 0.876080
vt 0.458070 0.876080
vt 0.466315 0.867555
vt 0.460680 0.867555
vt 0.444372 0.887612
vt 0.450007 0.887612
vt 0.445062 0.897657
vt 0.437622 0.897657
vt 0.435005 0.903922
vt 0.443944 0.903922
vt 0.433235 0.909912
vt 0.443275 0.909912
vt 0.443275 0.920560
vt 0.432387 0.920560
vt 0.950826 0.991921
vt 0.958978 0.987936
vt 0.956726 0.987789
vt 0.956408 0.992299
vt 0.958611 0.992692
vt 0.948685 0.992068
vt 0.955640 0.997641
vt 0.954903 0.995595
vt 0.953402 0.995733
vt 0.953221 0.998047
vt 0.949576 0.995573
vt 0.950982 0.994625
vt 0.951940 0.995404
vt 0.950865 0.997318
vt 0.957124 0.996068
vt 0.955983 0.994953
vt 0.954046 0.983653
vt 0.905778 0.455197
vt 0.953954 0.462889
vt 0.930480 0.455197
vt 0.883565 0.465945
vt 0.971716 0.480020
vt 0.866434 0.483706
vt 0.982464 0.502234
vt 0.858741 0.507180
vt 0.982464 0.526936
vt 0.858741 0.531882
vt 0.974771 0.550410
vt 0.869489 0.554096
vt 0.957640 0.568172
vt 0.887251 0.571227
vt 0.935427 0.578919
vt 0.910724 0.578919
vt 0.451353 0.863472
vt 0.452057 0.863472
vt 0.449240 0.863472
vt 0.447127 0.863472
vt 0.446422 0.863472
vt 0.467673 0.998047
vt 0.468377 0.998047
vt 0.465560 0.998047
vt 0.463446 0.998047
vt 0.462742 0.998047
vt 0.451353 0.998047
vt 0.452057 0.998047
vt 0.449240 0.998047
vt 0.447127 0.998047
vt 0.446422 0.998047
vt 0.467673 0.863472
vt 0.468377 0.863472
vt 0.465560 0.863472
vt 0.463446 0.863472
vt 0.462742 0.863472
vt 0.632623 0.307920
vt 0.632623 0.306810
vt 0.629930 0.307543
vt 0.316826 0.198261
vt 0.313872 0.183413
vt 0.294759 0.189212
vt 0.308077 0.169426
vt 0.180266 0.156844
vt 0.171855 0.169433
vt 0.189471 0.178847
vt 0.166063 0.183421
vt 0.232394 0.128976
vt 0.217545 0.131931
vt 0.223345 0.151044
vt 0.203558 0.137726
vt 0.288960 0.146133
vt 0.276372 0.137722
vt 0.266957 0.155338
vt 0.262384 0.131929
vt 0.635317 0.307544
vt 0.399199 0.166883
vt 0.403814 0.132528
vt 0.389624 0.135366
vt 0.376263 0.140910
vt 0.364250 0.148958
vt 0.354031 0.159185
vt 0.450134 0.194102
vt 0.484455 0.198719
vt 0.481629 0.184544
vt 0.476101 0.171188
vt 0.468067 0.159170
vt 0.457850 0.148943
vt 0.432469 0.135366
vt 0.418285 0.132540
vt 0.371989 0.217822
vt 0.340479 0.184571
vt 0.337668 0.198750
vt 0.337667 0.213204
vt 0.171860 0.242245
vt 0.185178 0.222459
vt 0.166065 0.228258
vt 0.163111 0.213409
vt 0.217553 0.279742
vt 0.212980 0.256333
vt 0.203565 0.273948
vt 0.190977 0.265538
vt 0.276379 0.273945
vt 0.256592 0.260626
vt 0.262392 0.279740
vt 0.247543 0.282694
vt 0.313874 0.228250
vt 0.290466 0.232823
vt 0.308082 0.242238
vt 0.299671 0.254826
vt 0.422924 0.245040
vt 0.389653 0.276558
vt 0.403837 0.279384
vt 0.418308 0.279396
vt 0.481643 0.227352
vt 0.484454 0.213174
vt 0.445859 0.271013
vt 0.457873 0.262965
vt 0.468091 0.252738
vt 0.432499 0.276557
vt 0.346021 0.240736
vt 0.354055 0.252753
vt 0.364273 0.262980
vt 0.340493 0.227380
vt 0.632614 0.401134
vt 0.632614 0.402245
vt 0.635307 0.401511
vt 0.629920 0.401510
vt 0.163111 0.198270
vt 0.182445 0.200173
vt 0.190971 0.146139
vt 0.203297 0.161156
vt 0.247535 0.128976
vt 0.245631 0.148311
vt 0.299665 0.156838
vt 0.284648 0.169164
vt 0.210898 0.202973
vt 0.214472 0.192209
vt 0.212304 0.214229
vt 0.221436 0.183255
vt 0.231575 0.178171
vt 0.242830 0.176764
vt 0.253595 0.180338
vt 0.262548 0.187302
vt 0.267633 0.197442
vt 0.403295 0.127265
vt 0.403552 0.129872
vt 0.418548 0.129892
vt 0.418807 0.127294
vt 0.341363 0.168734
vt 0.343663 0.169962
vt 0.351975 0.157500
vt 0.349959 0.155848
vt 0.362561 0.146904
vt 0.360905 0.144890
vt 0.433242 0.132822
vt 0.434001 0.130327
vt 0.447082 0.138565
vt 0.448312 0.136265
vt 0.375008 0.138567
vt 0.373776 0.136268
vt 0.388848 0.132820
vt 0.388087 0.130323
vt 0.459536 0.146889
vt 0.461191 0.144874
vt 0.470122 0.157484
vt 0.472138 0.155830
vt 0.478445 0.169935
vt 0.484173 0.183772
vt 0.486667 0.183015
vt 0.480744 0.168706
vt 0.332429 0.213721
vt 0.335023 0.213465
vt 0.335023 0.198490
vt 0.332429 0.198235
vt 0.487100 0.198458
vt 0.489694 0.198202
vt 0.362586 0.265034
vt 0.352000 0.254439
vt 0.349984 0.256093
vt 0.360931 0.267050
vt 0.337936 0.183801
vt 0.335441 0.183045
vt 0.250074 0.197541
vt 0.239968 0.205835
vt 0.241249 0.192824
vt 0.231674 0.195729
vt 0.226958 0.204554
vt 0.486930 0.294984
vt 0.484515 0.294930
vt 0.484630 0.299989
vt 0.487442 0.300026
vt 0.482116 0.295082
vt 0.481770 0.299994
vt 0.487147 0.311301
vt 0.484750 0.311222
vt 0.484754 0.313102
vt 0.487165 0.313193
vt 0.484733 0.316834
vt 0.487172 0.316970
vt 0.482354 0.311316
vt 0.482332 0.313191
vt 0.482295 0.316937
vt 0.484660 0.324060
vt 0.482253 0.324103
vt 0.482200 0.330473
vt 0.484595 0.330498
vt 0.487070 0.324152
vt 0.486990 0.330522
vt 0.484710 0.304674
vt 0.482184 0.304920
vt 0.482348 0.308673
vt 0.484741 0.308525
vt 0.487223 0.304833
vt 0.487124 0.308617
vt 0.484656 0.301804
vt 0.481865 0.302074
vt 0.487486 0.302061
vt 0.484637 0.300743
vt 0.487618 0.300894
vt 0.481701 0.300866
vt 0.480397 0.308801
vt 0.480320 0.311352
vt 0.480272 0.313305
vt 0.480171 0.317081
vt 0.489771 0.299890
vt 0.489303 0.295025
vt 0.480125 0.305263
vt 0.489225 0.313290
vt 0.489163 0.311290
vt 0.489272 0.317153
vt 0.489108 0.308716
vt 0.489390 0.305226
vt 0.482045 0.286028
vt 0.484426 0.285844
vt 0.484401 0.283578
vt 0.482135 0.284008
vt 0.486806 0.285957
vt 0.486689 0.283924
vt 0.479669 0.295120
vt 0.479487 0.300195
vt 0.489208 0.324234
vt 0.479749 0.302539
vt 0.489135 0.330543
vt 0.489691 0.302368
vt 0.488981 0.285799
vt 0.487313 0.283076
vt 0.480101 0.324141
vt 0.480055 0.330452
vt 0.479883 0.285891
vt 0.489875 0.300845
vt 0.479405 0.301167
vt 0.481508 0.283124
vt 0.484383 0.282338
vt 0.632620 0.319103
vt 0.632623 0.309879
vt 0.628536 0.310029
vt 0.628508 0.319251
vt 0.636710 0.310032
vt 0.632615 0.336306
vt 0.632615 0.334575
vt 0.628242 0.334568
vt 0.628227 0.336525
vt 0.632619 0.324912
vt 0.632617 0.326424
vt 0.636543 0.326300
vt 0.636579 0.324790
vt 0.632617 0.328541
vt 0.636576 0.328338
vt 0.632615 0.341180
vt 0.632617 0.348107
vt 0.636969 0.348211
vt 0.636972 0.341304
vt 0.628691 0.326296
vt 0.628653 0.328334
vt 0.628657 0.324786
vt 0.636734 0.319254
vt 0.632619 0.354527
vt 0.636978 0.354526
vt 0.632617 0.331657
vt 0.628467 0.331377
vt 0.628267 0.348213
vt 0.628259 0.354528
vt 0.636757 0.331380
vt 0.628262 0.341305
vt 0.632616 0.337828
vt 0.628224 0.337964
vt 0.636986 0.334564
vt 0.637004 0.337959
vt 0.637002 0.336520
vt 0.346009 0.171214
vt 0.445827 0.140909
vt 0.431159 0.168348
vt 0.373449 0.185867
vt 0.411061 0.205962
vt 0.297492 0.211498
vt 0.316826 0.213401
vt 0.195289 0.242507
vt 0.180272 0.254832
vt 0.234306 0.263360
vt 0.232402 0.282694
vt 0.276640 0.250515
vt 0.288966 0.265532
vt 0.269039 0.208697
vt 0.265465 0.219462
vt 0.226342 0.231332
vt 0.217389 0.224368
vt 0.248362 0.233500
vt 0.237107 0.234906
vt 0.258501 0.228415
vt 0.343678 0.241989
vt 0.341378 0.243217
vt 0.447115 0.273357
vt 0.433274 0.279103
vt 0.434036 0.281600
vt 0.448347 0.275656
vt 0.418570 0.282052
vt 0.418827 0.284658
vt 0.388880 0.279102
vt 0.375041 0.273359
vt 0.373810 0.275659
vt 0.388121 0.281597
vt 0.470147 0.254423
vt 0.459561 0.265019
vt 0.461217 0.267034
vt 0.472163 0.256076
vt 0.403574 0.282032
vt 0.403315 0.284629
vt 0.484187 0.228123
vt 0.478459 0.241962
vt 0.480759 0.243190
vt 0.486682 0.228878
vt 0.487099 0.213433
vt 0.489694 0.213688
vt 0.337950 0.228152
vt 0.335455 0.228909
vt 0.252979 0.207116
vt 0.248263 0.215941
vt 0.238688 0.218846
vt 0.229863 0.214130
vt 0.476114 0.240710
vt 0.376295 0.271014
vt 0.390963 0.243575
vt 0.448674 0.226056
vt 0.482248 0.366009
vt 0.484663 0.366065
vt 0.484551 0.361006
vt 0.481740 0.360967
vt 0.487062 0.365915
vt 0.487411 0.361003
vt 0.482040 0.349693
vt 0.484437 0.349773
vt 0.484434 0.347894
vt 0.482023 0.347802
vt 0.484455 0.344161
vt 0.482017 0.344024
vt 0.486833 0.349680
vt 0.486856 0.347805
vt 0.486893 0.344058
vt 0.484530 0.336935
vt 0.486937 0.336892
vt 0.482120 0.336843
vt 0.484474 0.356321
vt 0.487000 0.356076
vt 0.486838 0.352323
vt 0.484445 0.352471
vt 0.481962 0.356161
vt 0.482063 0.352377
vt 0.484527 0.359191
vt 0.487317 0.358923
vt 0.481696 0.358932
vt 0.484545 0.360252
vt 0.481564 0.360099
vt 0.487481 0.360130
vt 0.488789 0.352196
vt 0.488867 0.349645
vt 0.488916 0.347691
vt 0.489018 0.343915
vt 0.479410 0.361102
vt 0.479875 0.365967
vt 0.489060 0.355734
vt 0.479963 0.347703
vt 0.480025 0.349704
vt 0.479917 0.343841
vt 0.480078 0.352277
vt 0.479794 0.355767
vt 0.487127 0.374969
vt 0.484746 0.375151
vt 0.484769 0.377418
vt 0.487035 0.376988
vt 0.482366 0.375036
vt 0.482482 0.377070
vt 0.489509 0.365878
vt 0.489694 0.360803
vt 0.479982 0.336761
vt 0.489434 0.358458
vt 0.479492 0.358624
vt 0.480191 0.375193
vt 0.481856 0.377917
vt 0.489089 0.336855
vt 0.489289 0.375108
vt 0.479306 0.360147
vt 0.489777 0.359831
vt 0.487662 0.377874
vt 0.484786 0.378657
vt 0.632617 0.389951
vt 0.632614 0.399175
vt 0.636701 0.399025
vt 0.636729 0.389803
vt 0.628527 0.399023
vt 0.632622 0.372748
vt 0.632622 0.374480
vt 0.636995 0.374486
vt 0.637010 0.372529
vt 0.632618 0.384142
vt 0.632620 0.382630
vt 0.628694 0.382754
vt 0.628658 0.384265
vt 0.632620 0.380513
vt 0.628661 0.380716
vt 0.632622 0.367875
vt 0.632621 0.360948
vt 0.628268 0.360843
vt 0.628265 0.367751
vt 0.636546 0.382758
vt 0.636585 0.380720
vt 0.636580 0.384269
vt 0.628503 0.389801
vt 0.632620 0.377397
vt 0.636770 0.377677
vt 0.636970 0.360842
vt 0.628480 0.377674
vt 0.636975 0.367749
vt 0.632621 0.371226
vt 0.637013 0.371091
vt 0.628251 0.374491
vt 0.628233 0.371095
vt 0.628235 0.372534
s 1
usemtl m0
f 1/1/1 2/2/2 3/3/3
f 4/4/4 5/5/5 6/6/6
f 7/7/7 4/4/4 6/6/6
f 8/8/8 9/9/9 10/10/10
f 11/11/11 12/12/12 13/13/13
f 14/14/14 15/15/15 16/16/16
f 17/17/17 11/11/11 13/13/13
f 18/18/18 19/19/19 20/20/20
f 15/15/15 21/21/21 16/16/16
f 22/22/22 3/3/3 2/2/2
f 23/23/23 24/24/24 25/25/25
f 26/26/26 24/24/24 23/23/23
f 27/27/27 28/28/28 29/29/29
f 30/30/30 31/31/31 32/32/32
f 31/31/31 33/33/33 32/32/32
f 34/34/34 35/35/35 36/36/36
f 37/37/37 38/38/38 39/39/39
f 40/40/40 41/41/41 42/42/42
f 43/43/43 44/44/44 45/45/45
f 46/46/46 44/44/44 43/43/43
f 8/8/8 10/10/10 47/47/47
f 48/48/48 49/49/49 50/50/50
f 49/49/49 51/51/51 50/50/50
f 19/19/19 52/52/52 20/20/20
f 53/53/53 42/42/42 41/41/41
f 54/54/54 55/55/55 56/56/56
f 57/57/57 54/54/54 56/56/56
f 27/27/27 58/58/58 28/28/28
f 35/35/35 59/59/59 36/36/36
f 60/60/60 61/61/61 62/62/62
f 63/63/63 64/64/37 65/65/64
f 66/66/65 60/60/60 62/62/62
f 67/67/66 68/68/67 69/69/68
f 68/68/67 67/67/66 70/70/69
f 71/71/70 72/72/71 73/73/72
f 73/73/72 74/74/73 71/71/70
f 75/75/74 76/76/75 77/77/76
f 77/77/76 78/78/77 75/75/74
f 79/79/78 80/80/79 81/81/80
f 80/80/79 79/79/78 82/82/81
f 83/83/82 15/15/15 14/14/14
f 83/83/82 14/14/14 84/84/83
f 59/59/59 35/35/35 85/85/84
f 59/59/59 85/85/84 86/86/85
f 87/87/86 88/88/87 89/89/88
f 87/87/86 89/89/88 90/90/89
f 91/91/90 92/92/91 93/93/92
f 91/91/90 93/93/92 94/94/93
f 95/95/94 96/96/95 97/97/96
f 95/95/94 97/97/96 98/98/97
f 99/99/98 100/100/99 1/1/1
f 99/99/98 1/1/1 101/101/100
f 100/100/99 102/102/101 2/2/2
f 100/100/99 2/2/2 1/1/1
f 101/101/100 1/1/1 3/3/3
f 101/101/100 3/3/3 103/103/102
f 104/104/103 105/105/104 5/5/5
f 104/104/103 5/5/5 4/4/4
f 105/105/104 99/99/98 101/101/100
f 105/105/104 101/101/100 5/5/5
f 5/5/5 101/101/100 103/103/102
f 5/5/5 103/103/102 6/6/6
f 106/106/105 107/107/106 7/7/7
f 106/106/105 7/7/7 108/108/107
f 107/107/106 104/104/103 4/4/4
f 107/107/106 4/4/4 7/7/7
f 108/108/107 7/7/7 6/6/6
f 108/108/107 6/6/6 109/109/108
f 110/110/109 111/111/110 9/9/9
f 110/110/109 9/9/9 8/8/8
f 111/111/110 106/106/105 108/108/107
f 111/111/110 108/108/107 9/9/9
f 9/9/9 108/108/107 109/109/108
f 9/9/9 109/109/108 10/10/10
f 112/112/111 113/113/112 83/83/82
f 112/112/111 83/83/82 11/11/11
f 114/114/113 112/112/111 11/11/11
f 114/114/113 11/11/11 85/85/84
f 113/113/112 115/115/114 15/15/15
f 113/113/112 15/15/15 83/83/82
f 116/116/115 114/114/113 85/85/84
f 116/116/115 85/85/84 35/35/35
f 93/93/92 117/117/116 118/118/117
f 93/93/92 118/118/117 119/119/118
f 120/120/119 121/121/120 122/122/121
f 120/120/119 122/122/121 123/123/122
f 123/123/122 122/122/121 124/124/123
f 123/123/122 124/124/123 92/92/91
f 88/88/87 125/125/124 126/126/125
f 88/88/87 126/126/125 89/89/88
f 89/89/88 126/126/125 121/121/120
f 89/89/88 121/121/120 120/120/119
f 119/119/118 118/118/117 127/127/126
f 119/119/118 127/127/126 97/97/96
f 97/97/96 127/127/126 128/128/127
f 97/97/96 128/128/127 98/98/97
f 129/129/128 130/130/129 131/131/130
f 129/129/128 131/131/130 132/132/131
f 133/133/132 96/96/95 95/95/94
f 133/133/132 95/95/94 134/134/133
f 135/135/134 91/91/90 94/94/93
f 135/135/134 94/94/93 136/136/135
f 136/136/135 94/94/93 137/137/136
f 136/136/135 137/137/136 138/138/137
f 139/139/138 87/87/86 90/90/89
f 139/139/138 90/90/89 140/140/139
f 140/140/139 90/90/89 141/141/140
f 140/140/139 141/141/140 142/142/141
f 142/142/141 141/141/140 143/143/142
f 142/142/141 143/143/142 144/144/143
f 144/144/143 143/143/142 91/91/90
f 144/144/143 91/91/90 135/135/134
f 134/134/133 95/95/94 145/145/144
f 134/134/133 145/145/144 146/146/145
f 85/85/84 11/11/11 17/17/17
f 85/85/84 17/17/17 86/86/85
f 12/12/12 11/11/11 83/83/82
f 12/12/12 83/83/82 84/84/83
f 147/147/146 19/19/19 18/18/18
f 147/147/146 18/18/18 148/148/147
f 96/96/95 137/137/136 119/119/118
f 96/96/95 119/119/118 97/97/96
f 123/123/122 92/92/91 91/91/90
f 123/123/122 91/91/90 143/143/142
f 137/137/136 94/94/93 93/93/92
f 137/137/136 93/93/92 119/119/118
f 149/149/148 150/150/149 151/151/150
f 149/149/148 151/151/150 152/152/151
f 89/89/88 120/120/119 141/141/140
f 89/89/88 141/141/140 90/90/89
f 153/153/152 154/154/153 155/155/154
f 153/153/152 155/155/154 156/156/155
f 129/129/128 157/157/156 158/158/157
f 129/129/128 158/158/157 159/159/158
f 95/95/94 98/98/97 160/160/159
f 95/95/94 160/160/159 145/145/144
f 161/161/160 162/162/161 22/22/22
f 161/161/160 22/22/22 163/163/162
f 163/163/162 22/22/22 2/2/2
f 163/163/162 2/2/2 102/102/101
f 162/162/161 164/164/163 3/3/3
f 162/162/161 3/3/3 22/22/22
f 165/165/164 23/23/23 25/25/25
f 165/165/164 25/25/25 166/166/165
f 166/166/165 25/25/25 162/162/161
f 166/166/165 162/162/161 161/161/160
f 25/25/25 24/24/24 164/164/163
f 25/25/25 164/164/163 162/162/161
f 167/167/166 168/168/167 26/26/26
f 167/167/166 26/26/26 169/169/168
f 169/169/168 26/26/26 23/23/23
f 169/169/168 23/23/23 165/165/164
f 168/168/167 170/170/169 24/24/24
f 168/168/167 24/24/24 26/26/26
f 171/171/170 27/27/27 29/29/29
f 171/171/170 29/29/29 172/172/171
f 172/172/171 29/29/29 168/168/167
f 172/172/171 168/168/167 167/167/166
f 29/29/29 28/28/28 170/170/169
f 29/29/29 170/170/169 168/168/167
f 173/173/172 31/31/31 174/174/173
f 173/173/172 174/174/173 175/175/174
f 176/176/175 147/147/146 31/31/31
f 176/176/175 31/31/31 173/173/172
f 175/175/174 174/174/173 15/15/15
f 175/175/174 15/15/15 115/115/114
f 177/177/176 19/19/19 147/147/146
f 177/177/176 147/147/146 176/176/175
f 157/157/156 129/129/128 132/132/131
f 157/157/156 132/132/131 178/178/177
f 149/149/148 157/157/156 178/178/177
f 149/149/148 178/178/177 179/179/178
f 150/150/149 149/149/148 179/179/178
f 150/150/149 179/179/178 180/180/179
f 153/153/152 150/150/149 180/180/179
f 153/153/152 180/180/179 181/181/180
f 154/154/153 153/153/152 181/181/180
f 154/154/153 181/181/180 182/182/181
f 160/160/159 98/98/97 128/128/127
f 160/160/159 128/128/127 183/183/182
f 130/130/129 160/160/159 183/183/182
f 130/130/129 183/183/182 131/131/130
f 184/184/183 185/185/184 186/186/185
f 184/184/183 186/186/185 187/187/186
f 188/188/187 189/189/188 159/159/158
f 188/188/187 159/159/158 190/190/189
f 146/146/145 145/145/144 189/189/188
f 146/146/145 189/189/188 188/188/187
f 191/191/190 151/151/150 156/156/155
f 191/191/190 156/156/155 192/192/191
f 190/190/189 159/159/158 158/158/157
f 190/190/189 158/158/157 193/193/192
f 193/193/192 158/158/157 152/152/151
f 193/193/192 152/152/151 194/194/193
f 192/192/191 156/156/155 155/155/154
f 192/192/191 155/155/154 195/195/194
f 196/196/195 197/197/196 198/198/197
f 196/196/195 198/198/197 199/199/198
f 194/194/193 152/152/151 151/151/150
f 194/194/193 151/151/150 191/191/190
f 21/21/21 15/15/15 174/174/173
f 21/21/21 174/174/173 200/200/199
f 174/174/173 31/31/31 30/30/30
f 174/174/173 30/30/30 200/200/199
f 33/33/33 31/31/31 147/147/146
f 33/33/33 147/147/146 148/148/147
f 201/201/200 35/35/35 34/34/34
f 201/201/200 34/34/34 202/202/201
f 145/145/144 160/160/159 130/130/129
f 145/145/144 130/130/129 189/189/188
f 158/158/157 157/157/156 149/149/148
f 158/158/157 149/149/148 152/152/151
f 189/189/188 130/130/129 129/129/128
f 189/189/188 129/129/128 159/159/158
f 203/203/202 204/204/203 205/205/204
f 203/203/202 205/205/204 206/206/205
f 151/151/150 150/150/149 153/153/152
f 151/151/150 153/153/152 156/156/155
f 207/207/206 88/88/87 87/87/86
f 207/207/206 87/87/86 208/208/207
f 184/184/183 209/209/208 210/210/209
f 184/184/183 210/210/209 211/211/210
f 197/197/196 212/212/211 213/213/212
f 197/197/196 213/213/212 198/198/197
f 214/214/213 215/215/214 40/40/40
f 214/214/213 40/40/40 216/216/215
f 216/216/215 40/40/40 42/42/42
f 216/216/215 42/42/42 217/217/216
f 215/215/214 218/218/217 41/41/41
f 215/215/214 41/41/41 40/40/40
f 219/219/218 43/43/43 45/45/45
f 219/219/218 45/45/45 220/220/219
f 220/220/219 45/45/45 215/215/214
f 220/220/219 215/215/214 214/214/213
f 45/45/45 44/44/44 218/218/217
f 45/45/45 218/218/217 215/215/214
f 221/221/220 222/222/221 46/46/46
f 221/221/220 46/46/46 223/223/222
f 223/223/222 46/46/46 43/43/43
f 223/223/222 43/43/43 219/219/218
f 222/222/221 224/224/223 44/44/44
f 222/222/221 44/44/44 46/46/46
f 110/110/109 8/8/8 47/47/47
f 110/110/109 47/47/47 225/225/224
f 225/225/224 47/47/47 222/222/221
f 225/225/224 222/222/221 221/221/220
f 47/47/47 10/10/10 224/224/223
f 47/47/47 224/224/223 222/222/221
f 226/226/225 49/49/49 227/227/226
f 226/226/225 227/227/226 228/228/227
f 229/229/228 201/201/200 49/49/49
f 229/229/228 49/49/49 226/226/225
f 228/228/227 227/227/226 37/37/37
f 228/228/227 37/37/37 230/230/229
f 116/116/115 35/35/35 201/201/200
f 116/116/115 201/201/200 229/229/228
f 209/209/208 184/184/183 187/187/186
f 209/209/208 187/187/186 231/231/230
f 203/203/202 209/209/208 231/231/230
f 203/203/202 231/231/230 232/232/231
f 204/204/203 203/203/202 232/232/231
f 204/204/203 232/232/231 233/233/232
f 207/207/206 204/204/203 233/233/232
f 207/207/206 233/233/232 234/234/233
f 88/88/87 207/207/206 234/234/233
f 88/88/87 234/234/233 125/125/124
f 213/213/212 212/212/211 235/235/234
f 213/213/212 235/235/234 236/236/235
f 185/185/184 213/213/212 236/236/235
f 185/185/184 236/236/235 186/186/185
f 237/237/236 238/238/237 239/239/238
f 237/237/236 239/239/238 240/240/239
f 241/241/240 242/242/241 211/211/210
f 241/241/240 211/211/210 243/243/242
f 199/199/198 198/198/197 242/242/241
f 199/199/198 242/242/241 241/241/240
f 244/244/243 205/205/204 208/208/207
f 244/244/243 208/208/207 245/245/244
f 243/243/242 211/211/210 210/210/209
f 243/243/242 210/210/209 246/246/245
f 246/246/245 210/210/209 206/206/205
f 246/246/245 206/206/205 247/247/246
f 245/245/244 208/208/207 87/87/86
f 245/245/244 87/87/86 139/139/138
f 248/248/247 249/249/248 250/250/249
f 248/248/247 250/250/249 251/251/250
f 247/247/246 206/206/205 205/205/204
f 247/247/246 205/205/204 244/244/243
f 38/38/38 37/37/37 227/227/226
f 38/38/38 227/227/226 252/252/251
f 227/227/226 49/49/49 48/48/48
f 227/227/226 48/48/48 252/252/251
f 51/51/51 49/49/49 201/201/200
f 51/51/51 201/201/200 202/202/201
f 198/198/197 213/213/212 185/185/184
f 198/198/197 185/185/184 242/242/241
f 210/210/209 209/209/208 203/203/202
f 210/210/209 203/203/202 206/206/205
f 242/242/241 185/185/184 184/184/183
f 242/242/241 184/184/183 211/211/210
f 253/253/252 254/254/253 255/255/254
f 253/253/252 255/255/254 256/256/255
f 205/205/204 204/204/203 207/207/206
f 205/205/204 207/207/206 208/208/207
f 257/257/256 64/64/37 63/63/63
f 257/257/256 63/63/63 258/258/257
f 52/52/52 19/19/19 259/259/258
f 52/52/52 259/259/258 260/260/259
f 155/155/154 154/154/153 261/261/260
f 155/155/154 261/261/260 262/262/261
f 263/263/262 237/237/236 240/240/239
f 263/263/262 240/240/239 264/264/263
f 265/265/196 250/250/249 266/266/264
f 265/265/196 266/266/264 267/267/211
f 268/268/265 269/269/266 53/53/53
f 268/268/265 53/53/53 270/270/267
f 269/269/266 217/217/216 42/42/42
f 269/269/266 42/42/42 53/53/53
f 270/270/267 53/53/53 41/41/41
f 270/270/267 41/41/41 271/271/268
f 272/272/269 273/273/270 55/55/55
f 272/272/269 55/55/55 54/54/54
f 273/273/270 268/268/265 270/270/267
f 273/273/270 270/270/267 55/55/55
f 55/55/55 270/270/267 271/271/268
f 55/55/55 271/271/268 56/56/56
f 274/274/271 275/275/272 57/57/57
f 274/274/271 57/57/57 276/276/273
f 275/275/272 272/272/269 54/54/54
f 275/275/272 54/54/54 57/57/57
f 276/276/273 57/57/57 56/56/56
f 276/276/273 56/56/56 277/277/274
f 171/171/170 278/278/275 58/58/58
f 171/171/170 58/58/58 27/27/27
f 278/278/275 274/274/271 276/276/273
f 278/278/275 276/276/273 58/58/58
f 58/58/58 276/276/273 277/277/274
f 58/58/58 277/277/274 28/28/28
f 279/279/276 280/280/277 257/257/256
f 279/279/276 257/257/256 60/60/60
f 281/281/278 279/279/276 60/60/60
f 281/281/278 60/60/60 259/259/258
f 280/280/277 282/282/229 64/64/37
f 280/280/277 64/64/37 257/257/256
f 177/177/176 281/281/278 259/259/258
f 177/177/176 259/259/258 19/19/19
f 240/240/239 239/239/238 283/283/279
f 240/240/239 283/283/279 284/284/280
f 254/254/253 285/285/281 286/286/282
f 254/254/253 286/286/282 255/255/254
f 92/92/91 124/124/123 117/117/116
f 92/92/91 117/117/116 93/93/92
f 255/255/254 286/286/282 238/238/237
f 255/255/254 238/238/237 237/237/236
f 154/154/153 182/182/181 287/287/283
f 154/154/153 287/287/283 261/261/260
f 261/261/260 287/287/283 285/285/281
f 261/261/260 285/285/281 254/254/253
f 284/284/280 283/283/279 288/288/284
f 284/284/280 288/288/284 266/266/264
f 266/266/264 288/288/284 289/289/285
f 266/266/264 289/289/285 267/267/211
f 251/251/250 250/250/249 265/265/196
f 251/251/250 265/265/196 290/290/286
f 291/291/287 263/263/262 264/264/263
f 291/291/287 264/264/263 292/292/288
f 292/292/288 264/264/263 249/249/248
f 292/292/288 249/249/248 248/248/247
f 195/195/194 155/155/154 262/262/261
f 195/195/194 262/262/261 293/293/289
f 293/293/289 262/262/261 253/253/252
f 293/293/289 253/253/252 294/294/290
f 294/294/290 253/253/252 256/256/255
f 294/294/290 256/256/255 295/295/291
f 295/295/291 256/256/255 263/263/262
f 295/295/291 263/263/262 291/291/287
f 259/259/258 60/60/60 66/66/65
f 259/259/258 66/66/65 260/260/259
f 61/61/61 60/60/60 257/257/256
f 61/61/61 257/257/256 258/258/257
f 141/141/140 120/120/119 123/123/122
f 141/141/140 123/123/122 143/143/142
f 250/250/249 249/249/248 284/284/280
f 250/250/249 284/284/280 266/266/264
f 255/255/254 237/237/236 263/263/262
f 255/255/254 263/263/262 256/256/255
f 249/249/248 264/264/263 240/240/239
f 249/249/248 240/240/239 284/284/280
f 261/261/260 254/254/253 253/253/252
f 261/261/260 253/253/252 262/262/261
f 138/138/137 137/137/136 96/96/95
f 138/138/137 96/96/95 133/133/132
f 296/296/292 297/297/293 298/298/294
f 296/296/292 298/298/294 299/299/295
f 300/300/296 301/301/297 302/302/298
f 300/300/296 302/302/298 303/303/299
f 304/304/300 305/305/301 306/306/302
f 304/304/300 306/306/302 307/307/303
f 308/308/304 309/309/304 310/310/305
f 308/308/304 310/310/305 311/311/306
f 312/312/307 313/313/308 314/314/309
f 312/312/307 314/314/309 315/315/310
f 316/316/311 296/296/292 299/299/295
f 316/316/311 299/299/295 317/317/312
f 318/318/313 304/304/300 307/307/303
f 318/318/313 307/307/303 319/319/314
f 320/320/315 321/321/316 322/322/317
f 320/320/315 322/322/317 323/323/318
f 324/324/319 320/320/315 323/323/318
f 324/324/319 323/323/318 325/325/320
f 305/305/301 326/326/321 327/327/322
f 305/305/301 327/327/322 306/306/302
f 328/328/323 324/324/319 325/325/320
f 328/328/323 325/325/320 329/329/324
f 330/330/325 328/328/323 329/329/324
f 330/330/325 329/329/324 331/331/326
f 326/326/321 316/316/311 317/317/312
f 326/326/321 317/317/312 327/327/322
f 313/313/308 308/308/304 311/311/306
f 313/313/308 311/311/306 314/314/309
f 332/332/293 300/300/296 303/303/299
f 332/332/293 303/303/299 333/333/327
f 301/301/297 318/318/313 319/319/314
f 301/301/297 319/319/314 302/302/298
f 334/334/328 335/335/329 336/336/330
f 334/334/328 336/336/330 337/337/331
f 329/329/324 325/325/320 327/327/322
f 329/329/324 327/327/322 317/317/312
f 325/325/320 323/323/318 306/306/302
f 325/325/320 306/306/302 327/327/322
f 334/334/328 338/338/332 339/339/333
f 334/334/328 339/339/333 335/335/329
f 340/340/334 339/339/333 338/338/332
f 340/340/334 338/338/332 341/341/335
f 306/306/302 323/323/318 322/322/317
f 306/306/302 322/322/317 307/307/303
f 319/319/314 307/307/303 322/322/317
f 319/319/314 322/322/317 315/315/310
f 311/311/306 310/310/305 333/333/327
f 311/311/306 333/333/327 303/303/299
f 319/319/314 315/315/310 314/314/309
f 319/319/314 314/314/309 302/302/298
f 311/311/306 303/303/299 302/302/298
f 311/311/306 302/302/298 314/314/309
f 340/340/334 341/341/335 342/342/336
f 340/340/334 342/342/336 343/343/337
f 344/344/338 345/345/339 343/343/337
f 344/344/338 343/343/337 342/342/336
f 346/346/340 345/345/339 344/344/338
f 346/346/340 344/344/338 347/347/341
f 346/346/340 347/347/341 348/348/194
f 346/346/340 348/348/194 349/349/194
f 68/68/67 298/298/294 350/350/342
f 68/68/67 350/350/342 69/69/68
f 321/321/316 312/312/307 315/315/310
f 321/321/316 315/315/310 322/322/317
f 351/351/304 352/352/343 353/353/344
f 351/351/304 353/353/344 354/354/304
f 352/352/343 68/68/67 70/70/69
f 352/352/343 70/70/69 353/353/344
f 298/298/294 297/297/293 355/355/293
f 298/298/294 355/355/293 350/350/342
f 356/356/345 357/357/346 358/358/347
f 356/356/345 358/358/347 359/359/348
f 70/70/69 67/67/66 358/358/347
f 70/70/69 358/358/347 357/357/346
f 355/355/293 360/360/349 361/361/350
f 355/355/293 361/361/350 350/350/342
f 69/69/68 362/362/351 358/358/347
f 69/69/68 358/358/347 67/67/66
f 363/363/352 359/359/348 358/358/347
f 363/363/352 358/358/347 362/362/351
f 364/364/353 365/365/354 357/357/346
f 364/364/353 357/357/346 356/356/345
f 353/353/344 70/70/69 357/357/346
f 353/353/344 357/357/346 365/365/354
f 350/350/342 361/361/350 362/362/351
f 350/350/342 362/362/351 69/69/68
f 360/360/349 363/363/352 362/362/351
f 360/360/349 362/362/351 361/361/350
f 364/364/353 354/354/304 353/353/344
f 364/364/353 353/353/344 365/365/354
f 331/331/326 352/352/343 351/351/304
f 331/331/326 351/351/304 366/330/355
f 331/331/326 367/366/356 68/68/67
f 331/331/326 68/68/67 352/352/343
f 367/366/356 299/299/295 298/298/294
f 367/366/356 298/298/294 68/68/67
f 368/367/357 369/368/358 370/369/359
f 368/367/357 370/369/359 371/370/293
f 372/371/360 373/372/361 374/373/362
f 372/371/360 374/373/362 375/374/363
f 376/375/364 377/376/365 378/377/366
f 376/375/364 378/377/366 379/378/367
f 380/379/304 381/380/368 382/381/369
f 380/379/304 382/381/369 383/382/304
f 384/383/370 385/384/371 386/385/372
f 384/383/370 386/385/372 387/386/373
f 388/387/374 389/388/375 369/368/358
f 388/387/374 369/368/358 390/367/376
f 391/389/377 392/390/378 377/376/365
f 391/389/377 377/376/365 376/375/364
f 393/391/379 394/392/380 395/393/381
f 393/391/379 395/393/381 396/394/382
f 397/395/383 398/396/384 394/392/380
f 397/395/383 394/392/380 393/391/379
f 379/378/367 378/377/366 399/397/385
f 379/378/367 399/397/385 400/398/386
f 401/399/387 402/400/388 398/396/384
f 401/399/387 398/396/384 397/395/383
f 403/401/389 404/402/390 402/400/388
f 403/401/389 402/400/388 401/399/387
f 400/398/386 399/397/385 389/388/375
f 400/398/386 389/388/375 388/387/374
f 387/386/373 386/385/372 381/380/368
f 387/386/373 381/380/368 380/379/304
f 405/403/293 406/404/391 373/372/361
f 405/403/293 373/372/361 372/371/360
f 375/374/363 374/373/362 392/390/378
f 375/374/363 392/390/378 391/389/377
f 407/405/392 408/406/393 409/407/394
f 407/405/392 409/407/394 410/408/395
f 402/400/388 389/388/375 399/397/385
f 402/400/388 399/397/385 398/396/384
f 398/396/384 399/397/385 378/377/366
f 398/396/384 378/377/366 394/392/380
f 407/405/392 410/408/395 411/409/396
f 407/405/392 411/409/396 412/410/397
f 413/411/398 414/412/399 412/410/397
f 413/411/398 412/410/397 411/409/396
f 378/377/366 377/376/365 395/393/381
f 378/377/366 395/393/381 394/392/380
f 392/390/378 385/384/371 395/393/381
f 392/390/378 395/393/381 377/376/365
f 381/380/368 373/372/361 406/404/391
f 381/380/368 406/404/391 382/381/369
f 392/390/378 374/373/362 386/385/372
f 392/390/378 386/385/372 385/384/371
f 381/380/368 386/385/372 374/373/362
f 381/380/368 374/373/362 373/372/361
f 413/411/398 415/413/400 416/414/401
f 413/411/398 416/414/401 414/412/399
f 417/415/402 416/414/401 415/413/400
f 417/415/402 415/413/400 418/416/403
f 419/417/404 420/418/405 417/415/402
f 419/417/404 417/415/402 418/416/403
f 419/417/404 421/419/138 422/420/138
f 419/417/404 422/420/138 420/418/405
f 73/73/72 72/72/71 423/421/406
f 73/73/72 423/421/406 370/369/359
f 396/394/382 395/393/381 385/384/371
f 396/394/382 385/384/371 384/383/370
f 424/422/304 425/423/304 426/424/407
f 424/422/304 426/424/407 427/425/408
f 427/425/408 426/424/407 74/74/73
f 427/425/408 74/74/73 73/73/72
f 370/369/359 423/421/406 428/426/293
f 370/369/359 428/426/293 371/370/293
f 429/427/409 430/428/410 431/429/411
f 429/427/409 431/429/411 432/430/412
f 74/74/73 432/430/412 431/429/411
f 74/74/73 431/429/411 71/71/70
f 428/426/293 423/421/406 433/431/413
f 428/426/293 433/431/413 434/432/414
f 72/72/71 71/71/70 431/429/411
f 72/72/71 431/429/411 435/433/415
f 436/434/416 435/433/415 431/429/411
f 436/434/416 431/429/411 430/428/410
f 437/435/417 429/427/409 432/430/412
f 437/435/417 432/430/412 438/436/418
f 426/424/407 438/436/418 432/430/412
f 426/424/407 432/430/412 74/74/73
f 423/421/406 72/72/71 435/433/415
f 423/421/406 435/433/415 433/431/413
f 434/432/414 433/431/413 435/433/415
f 434/432/414 435/433/415 436/434/416
f 437/435/417 438/436/418 426/424/407
f 437/435/417 426/424/407 425/423/304
f 404/402/390 403/401/389 424/422/304
f 404/402/390 424/422/304 427/425/408
f 404/402/390 427/425/408 73/73/72
f 404/402/390 73/73/72 439/437/419
f 439/437/419 73/73/72 370/369/359
f 439/437/419 370/369/359 369/368/358
f 440/438/420 441/439/421 442/440/422
f 440/438/420 442/440/422 443/441/293
f 444/442/423 445/443/424 446/444/425
f 444/442/423 446/444/425 447/445/426
f 448/446/427 449/447/428 450/448/429
f 448/446/427 450/448/429 451/449/430
f 452/450/304 453/451/431 310/310/305
f 452/450/304 310/310/305 309/309/304
f 454/452/432 455/453/433 456/454/434
f 454/452/432 456/454/434 457/455/435
f 458/456/436 459/457/437 441/439/421
f 458/456/436 441/439/421 460/438/438
f 461/458/439 462/459/440 449/447/428
f 461/458/439 449/447/428 448/446/427
f 463/460/441 464/461/442 465/462/443
f 463/460/441 465/462/443 466/463/444
f 467/464/445 468/465/446 464/461/442
f 467/464/445 464/461/442 463/460/441
f 451/449/430 450/448/429 469/466/447
f 451/449/430 469/466/447 470/467/448
f 471/468/449 472/469/450 468/465/446
f 471/468/449 468/465/446 467/464/445
f 473/470/451 474/471/452 472/469/450
f 473/470/451 472/469/450 471/468/449
f 470/467/448 469/466/447 459/457/437
f 470/467/448 459/457/437 458/456/436
f 457/455/435 456/454/434 453/451/431
f 457/455/435 453/451/431 452/450/304
f 332/332/293 333/333/327 445/443/424
f 332/332/293 445/443/424 444/442/423
f 447/445/426 446/444/425 462/459/440
f 447/445/426 462/459/440 461/458/439
f 475/472/453 476/473/454 477/474/455
f 475/472/453 477/474/455 478/475/456
f 472/469/450 459/457/437 469/466/447
f 472/469/450 469/466/447 468/465/446
f 468/465/446 469/466/447 450/448/429
f 468/465/446 450/448/429 464/461/442
f 475/472/453 478/475/456 479/476/457
f 475/472/453 479/476/457 480/477/458
f 481/478/459 482/479/460 480/477/458
f 481/478/459 480/477/458 479/476/457
f 450/448/429 449/447/428 465/462/443
f 450/448/429 465/462/443 464/461/442
f 462/459/440 455/453/433 465/462/443
f 462/459/440 465/462/443 449/447/428
f 453/451/431 445/443/424 333/333/327
f 453/451/431 333/333/327 310/310/305
f 462/459/440 446/444/425 456/454/434
f 462/459/440 456/454/434 455/453/433
f 453/451/431 456/454/434 446/444/425
f 453/451/431 446/444/425 445/443/424
f 481/478/459 483/480/461 484/481/462
f 481/478/459 484/481/462 482/479/460
f 485/482/463 484/481/462 483/480/461
f 485/482/463 483/480/461 486/483/464
f 487/484/465 488/485/466 485/482/463
f 487/484/465 485/482/463 486/483/464
f 487/484/465 349/349/194 348/348/194
f 487/484/465 348/348/194 488/485/466
f 77/77/76 76/76/75 489/486/467
f 77/77/76 489/486/467 442/440/422
f 466/463/444 465/462/443 455/453/433
f 466/463/444 455/453/433 454/452/432
f 490/487/304 491/488/304 492/489/468
f 490/487/304 492/489/468 493/490/469
f 493/490/469 492/489/468 78/78/77
f 493/490/469 78/78/77 77/77/76
f 442/440/422 489/486/467 494/491/293
f 442/440/422 494/491/293 443/441/293
f 495/492/470 496/493/471 497/494/472
f 495/492/470 497/494/472 498/495/473
f 78/78/77 498/495/473 497/494/472
f 78/78/77 497/494/472 75/75/74
f 494/491/293 489/486/467 499/496/474
f 494/491/293 499/496/474 500/497/475
f 76/76/75 75/75/74 497/494/472
f 76/76/75 497/494/472 501/498/476
f 502/499/477 501/498/476 497/494/472
f 502/499/477 497/494/472 496/493/471
f 503/500/478 495/492/470 498/495/473
f 503/500/478 498/495/473 504/501/479
f 492/489/468 504/501/479 498/495/473
f 492/489/468 498/495/473 78/78/77
f 489/486/467 76/76/75 501/498/476
f 489/486/467 501/498/476 499/496/474
f 500/497/475 499/496/474 501/498/476
f 500/497/475 501/498/476 502/499/477
f 503/500/478 504/501/479 492/489/468
f 503/500/478 492/489/468 491/488/304
f 474/471/452 473/470/451 490/487/304
f 474/471/452 490/487/304 493/490/469
f 474/471/452 493/490/469 77/77/76
f 474/471/452 77/77/76 505/502/480
f 505/502/480 77/77/76 442/440/422
f 505/502/480 442/440/422 441/439/421
f 506/503/481 507/504/293 508/505/482
f 506/503/481 508/505/482 509/506/483
f 510/507/484 511/508/485 512/509/486
f 510/507/484 512/509/486 513/510/487
f 514/511/488 515/512/489 516/513/490
f 514/511/488 516/513/490 517/514/491
f 518/515/304 383/382/304 382/381/369
f 518/515/304 382/381/369 519/516/492
f 520/517/493 521/518/494 522/519/495
f 520/517/493 522/519/495 523/520/496
f 524/521/497 506/503/481 509/506/483
f 524/521/497 509/506/483 525/522/498
f 526/523/499 514/511/488 517/514/491
f 526/523/499 517/514/491 527/524/500
f 528/525/501 529/526/502 530/527/503
f 528/525/501 530/527/503 531/528/504
f 532/529/505 528/525/501 531/528/504
f 532/529/505 531/528/504 533/530/506
f 515/512/489 534/531/507 535/532/508
f 515/512/489 535/532/508 516/513/490
f 536/533/509 532/529/505 533/530/506
f 536/533/509 533/530/506 537/534/510
f 538/535/511 536/533/509 537/534/510
f 538/535/511 537/534/510 539/536/512
f 534/531/507 524/521/497 525/522/498
f 534/531/507 525/522/498 535/532/508
f 521/518/494 518/515/304 519/516/492
f 521/518/494 519/516/492 522/519/495
f 405/403/293 510/507/484 513/510/487
f 405/403/293 513/510/487 406/404/391
f 511/508/485 526/523/499 527/524/500
f 511/508/485 527/524/500 512/509/486
f 540/537/513 541/538/514 542/539/515
f 540/537/513 542/539/515 543/540/516
f 537/534/510 533/530/506 535/532/508
f 537/534/510 535/532/508 525/522/498
f 533/530/506 531/528/504 516/513/490
f 533/530/506 516/513/490 535/532/508
f 540/537/513 544/541/517 545/542/518
f 540/537/513 545/542/518 541/538/514
f 546/543/519 545/542/518 544/541/517
f 546/543/519 544/541/517 547/544/520
f 516/513/490 531/528/504 530/527/503
f 516/513/490 530/527/503 517/514/491
f 527/524/500 517/514/491 530/527/503
f 527/524/500 530/527/503 523/520/496
f 519/516/492 382/381/369 406/404/391
f 519/516/492 406/404/391 513/510/487
f 527/524/500 523/520/496 522/519/495
f 527/524/500 522/519/495 512/509/486
f 519/516/492 513/510/487 512/509/486
f 519/516/492 512/509/486 522/519/495
f 546/543/519 547/544/520 548/545/521
f 546/543/519 548/545/521 549/546/522
f 550/547/523 551/548/524 549/546/522
f 550/547/523 549/546/522 548/545/521
f 552/549/525 551/548/524 550/547/523
f 552/549/525 550/547/523 553/550/526
f 552/549/525 553/550/526 422/420/138
f 552/549/525 422/420/138 421/419/138
f 80/80/79 508/505/482 554/551/527
f 80/80/79 554/551/527 81/81/80
f 529/526/502 520/517/493 523/520/496
f 529/526/502 523/520/496 530/527/503
f 555/552/304 556/553/528 557/554/529
f 555/552/304 557/554/529 558/555/304
f 556/553/528 80/80/79 82/82/81
f 556/553/528 82/82/81 557/554/529
f 508/505/482 507/504/293 559/556/293
f 508/505/482 559/556/293 554/551/527
f 560/557/530 561/558/531 562/559/532
f 560/557/530 562/559/532 563/560/533
f 82/82/81 79/79/78 562/559/532
f 82/82/81 562/559/532 561/558/531
f 559/556/293 564/561/534 565/562/535
f 559/556/293 565/562/535 554/551/527
f 81/81/80 566/563/536 562/559/532
f 81/81/80 562/559/532 79/79/78
f 567/564/537 563/560/533 562/559/532
f 567/564/537 562/559/532 566/563/536
f 568/565/538 569/566/539 561/558/531
f 568/565/538 561/558/531 560/557/530
f 557/554/529 82/82/81 561/558/531
f 557/554/529 561/558/531 569/566/539
f 554/551/527 565/562/535 566/563/536
f 554/551/527 566/563/536 81/81/80
f 564/561/534 567/564/537 566/563/536
f 564/561/534 566/563/536 565/562/535
f 568/565/538 558/555/304 557/554/529
f 568/565/538 557/554/529 569/566/539
f 539/536/512 556/553/528 555/552/304
f 539/536/512 555/552/304 570/535/540
f 539/536/512 571/567/541 80/80/79
f 539/536/512 80/80/79 556/553/528
f 571/567/541 509/506/483 508/505/482
f 571/567/541 508/505/482 80/80/79
f 109/109/108 224/224/223 10/10/10
f 224/224/223 109/109/108 6/6/6
f 224/224/223 6/6/6 44/44/44
f 44/44/44 6/6/6 103/103/102
f 44/44/44 103/103/102 218/218/217
f 218/218/217 103/103/102 3/3/3
f 218/218/217 3/3/3 41/41/41
f 41/41/41 3/3/3 164/164/163
f 41/41/41 164/164/163 271/271/268
f 271/271/268 164/164/163 24/24/24
f 271/271/268 24/24/24 56/56/56
f 56/56/56 24/24/24 170/170/169
f 56/56/56 170/170/169 277/277/274
f 277/277/274 170/170/169 28/28/28
s 0
f 582/568/293 580/569/293 581/570/293
f 580/569/293 582/568/293 583/571/293
f 580/569/293 583/571/293 579/572/293
f 579/572/293 583/571/293 584/573/293
f 579/572/293 584/573/293 578/574/293
f 578/574/293 584/573/293 585/575/293
f 578/574/293 585/575/293 577/576/293
f 577/576/293 585/575/293 586/577/293
f 577/576/293 586/577/293 576/578/293
f 576/578/293 586/577/293 587/579/293
f 576/578/293 587/579/293 575/580/293
f 575/580/293 587/579/293 572/581/293
f 575/580/293 572/581/293 574/582/293
f 574/582/293 572/581/293 573/583/293
s 1
f 588/584/542 336/336/330 592/585/542
f 336/336/330 588/584/542 589/586/542
f 336/336/330 589/586/542 337/337/331
f 337/337/331 589/586/542 590/587/542
f 337/337/331 590/587/542 591/588/542
f 329/329/324 367/366/356 331/331/326
f 367/366/356 329/329/324 317/317/312
f 367/366/356 317/317/312 299/299/295
f 409/407/394 593/589/543 594/590/543
f 593/589/543 409/407/394 597/591/543
f 597/591/543 409/407/394 408/406/393
f 597/591/543 408/406/393 596/592/543
f 596/592/543 408/406/393 595/593/543
f 439/437/419 402/400/388 404/402/390
f 402/400/388 439/437/419 389/388/375
f 389/388/375 439/437/419 369/368/358
f 477/474/455 598/594/544 599/595/544
f 598/594/544 477/474/455 602/596/544
f 602/596/544 477/474/455 476/473/454
f 602/596/544 476/473/454 601/597/544
f 601/597/544 476/473/454 600/598/544
f 505/502/480 472/469/450 474/471/452
f 472/469/450 505/502/480 459/457/437
f 459/457/437 505/502/480 441/439/421
f 603/599/545 542/539/515 607/600/545
f 542/539/515 603/599/545 604/601/545
f 542/539/515 604/601/545 543/540/516
f 543/540/516 604/601/545 605/602/545
f 543/540/516 605/602/545 606/603/545
f 537/534/510 571/567/541 539/536/512
f 571/567/541 537/534/510 525/522/498
f 571/567/541 525/522/498 509/506/483
f 608/604/546 609/605/547 610/606/548
f 611/607/549 612/608/550 613/609/551
f 612/608/550 614/610/552 613/609/551
f 615/611/553 616/612/554 617/613/555
f 616/612/554 618/614/556 617/613/555
f 619/615/557 620/616/558 621/617/559
f 620/616/558 622/618/560 621/617/559
f 623/619/561 624/620/562 625/621/563
f 624/620/562 626/622/564 625/621/563
f 608/604/546 627/623/565 609/605/547
f 628/624/566 629/625/567 630/626/568
f 628/624/566 630/626/568 631/627/569
f 628/624/566 631/627/569 632/628/570
f 628/624/566 632/628/570 633/629/571
f 634/630/572 635/631/573 636/632/574
f 634/630/572 636/632/574 637/633/575
f 634/630/572 637/633/575 638/634/576
f 634/630/572 638/634/576 639/635/577
f 628/624/566 640/636/578 641/637/579
f 628/624/566 641/637/579 629/625/567
f 642/638/580 643/639/581 644/640/582
f 642/638/580 644/640/582 645/641/583
f 646/642/584 647/643/585 648/644/586
f 648/644/586 647/643/585 649/645/587
f 650/646/588 651/647/589 652/648/590
f 652/648/590 651/647/589 653/649/591
f 654/650/592 655/651/593 656/652/594
f 656/652/594 655/651/593 657/653/595
f 658/654/596 659/655/597 660/656/598
f 660/656/598 659/655/597 661/657/599
f 662/658/600 663/659/601 664/660/602
f 662/658/600 664/660/602 665/661/603
f 634/630/572 666/662/604 667/663/605
f 634/630/572 667/663/605 635/631/573
f 662/658/600 668/664/606 669/665/607
f 662/658/600 669/665/607 670/666/608
f 662/658/600 665/661/603 671/667/609
f 662/658/600 671/667/609 668/664/606
f 642/638/580 672/668/610 673/669/611
f 642/638/580 673/669/611 674/670/612
f 642/638/580 645/641/583 675/671/613
f 642/638/580 675/671/613 672/668/610
f 676/672/614 677/673/615 678/674/616
f 676/672/614 679/675/617 677/673/615
f 618/614/556 680/676/618 681/677/619
f 618/614/556 681/677/619 617/613/555
f 680/676/618 649/645/587 647/643/585
f 680/676/618 647/643/585 681/677/619
f 622/618/560 682/678/620 683/679/621
f 622/618/560 683/679/621 621/617/559
f 682/678/620 615/611/553 617/613/555
f 682/678/620 617/613/555 683/679/621
f 626/622/564 684/680/622 685/681/623
f 626/622/564 685/681/623 625/621/563
f 684/680/622 619/615/557 621/617/559
f 684/680/622 621/617/559 685/681/623
f 614/610/552 686/682/624 687/683/625
f 614/610/552 687/683/625 613/609/551
f 686/682/624 623/619/561 625/621/563
f 686/682/624 625/621/563 687/683/625
f 617/613/555 681/677/619 688/684/626
f 617/613/555 688/684/626 689/685/627
f 681/677/619 647/643/585 690/686/628
f 681/677/619 690/686/628 688/684/626
f 621/617/559 683/679/621 691/687/629
f 621/617/559 691/687/629 692/688/630
f 683/679/621 617/613/555 689/685/627
f 683/679/621 689/685/627 691/687/629
f 625/621/563 685/681/623 693/689/631
f 625/621/563 693/689/631 694/690/632
f 685/681/623 621/617/559 692/688/630
f 685/681/623 692/688/630 693/689/631
f 613/609/551 687/683/625 695/691/633
f 613/609/551 695/691/633 696/692/634
f 687/683/625 625/621/563 694/690/632
f 687/683/625 694/690/632 695/691/633
f 697/693/635 698/694/636 699/695/637
f 697/693/635 699/695/637 700/696/638
f 701/697/639 702/698/640 703/699/641
f 701/697/639 703/699/641 704/700/642
f 703/699/641 705/701/643 706/702/644
f 703/699/641 706/702/644 704/700/642
f 700/696/638 699/695/637 707/703/645
f 700/696/638 707/703/645 708/704/646
f 707/703/645 709/705/647 710/706/648
f 707/703/645 710/706/648 708/704/646
f 706/702/644 705/701/643 711/707/649
f 706/702/644 711/707/649 712/708/650
f 711/707/649 713/709/651 714/710/652
f 711/707/649 714/710/652 712/708/650
f 710/706/648 709/705/647 715/711/653
f 710/706/648 715/711/653 716/712/654
f 715/711/653 717/713/655 718/714/656
f 715/711/653 718/714/656 716/712/654
f 714/710/652 713/709/651 698/694/636
f 714/710/652 698/694/636 697/693/635
f 719/715/657 720/716/658 721/717/659
f 719/715/657 721/717/659 722/718/660
f 718/714/656 717/713/655 719/715/657
f 718/714/656 719/715/657 722/718/660
f 723/719/661 724/720/662 725/721/663
f 723/719/661 725/721/663 726/722/664
f 721/717/659 720/716/658 727/723/665
f 721/717/659 727/723/665 728/724/666
f 729/725/667 730/726/668 731/727/669
f 729/725/667 731/727/669 732/728/670
f 726/722/664 725/721/663 733/729/671
f 726/722/664 733/729/671 734/730/672
f 696/692/634 695/691/633 735/731/673
f 696/692/634 735/731/673 736/732/674
f 694/690/632 736/732/674 735/731/673
f 694/690/632 735/731/673 695/691/633
f 694/690/632 693/689/631 737/733/675
f 694/690/632 737/733/675 736/732/674
f 692/688/630 736/732/674 737/733/675
f 692/688/630 737/733/675 693/689/631
f 692/688/630 691/687/629 738/734/676
f 692/688/630 738/734/676 736/732/674
f 689/685/627 736/732/674 738/734/676
f 689/685/627 738/734/676 691/687/629
f 689/685/627 688/684/626 739/735/677
f 689/685/627 739/735/677 736/732/674
f 690/686/628 736/732/674 739/735/677
f 690/686/628 739/735/677 688/684/626
f 740/736/678 741/737/679 742/738/680
f 740/736/678 742/738/680 743/739/681
f 741/737/679 744/740/682 745/741/683
f 741/737/679 745/741/683 742/738/680
f 746/742/684 747/743/685 748/744/686
f 746/742/684 748/744/686 749/745/687
f 749/745/687 748/744/686 750/746/688
f 749/745/687 750/746/688 751/747/689
f 747/743/685 752/748/690 753/749/691
f 747/743/685 753/749/691 748/744/686
f 748/744/686 753/749/691 754/750/692
f 748/744/686 754/750/692 750/746/688
f 755/751/693 756/752/694 757/753/695
f 755/751/693 757/753/695 758/754/674
f 759/755/696 755/751/693 758/754/674
f 759/755/696 758/754/674 760/756/697
f 761/757/698 762/758/699 763/759/700
f 761/757/698 763/759/700 764/760/701
f 765/761/702 761/757/698 764/760/701
f 765/761/702 764/760/701 766/762/703
f 751/747/689 750/746/688 755/751/693
f 751/747/689 755/751/693 759/755/696
f 750/746/688 754/750/692 756/752/694
f 750/746/688 756/752/694 755/751/693
f 767/763/704 768/764/705 762/758/699
f 767/763/704 762/758/699 761/757/698
f 769/765/706 767/763/704 761/757/698
f 769/765/706 761/757/698 765/761/702
f 764/760/701 763/759/700 752/748/690
f 764/760/701 752/748/690 747/743/685
f 766/762/703 764/760/701 747/743/685
f 766/762/703 747/743/685 746/742/684
f 743/739/681 742/738/680 770/766/707
f 743/739/681 770/766/707 771/767/708
f 771/767/708 770/766/707 767/763/704
f 771/767/708 767/763/704 769/765/706
f 742/738/680 745/741/683 772/768/709
f 742/738/680 772/768/709 770/766/707
f 770/766/707 772/768/709 768/764/705
f 770/766/707 768/764/705 767/763/704
f 773/769/710 774/770/711 752/748/690
f 773/769/710 752/748/690 763/759/700
f 775/771/712 776/772/713 754/750/692
f 775/771/712 754/750/692 753/749/691
f 774/770/711 775/771/712 753/749/691
f 774/770/711 753/749/691 752/748/690
f 777/773/714 778/774/715 740/736/678
f 777/773/714 740/736/678 743/739/681
f 779/775/716 773/769/710 763/759/700
f 779/775/716 763/759/700 762/758/699
f 780/776/717 781/777/718 746/742/684
f 780/776/717 746/742/684 749/745/687
f 782/778/719 780/776/717 749/745/687
f 782/778/719 749/745/687 751/747/689
f 783/779/720 784/780/721 765/761/702
f 783/779/720 765/761/702 766/762/703
f 785/781/722 786/782/723 787/783/724
f 785/781/722 787/783/724 788/784/725
f 786/782/723 789/785/726 790/786/727
f 786/782/723 790/786/727 787/783/724
f 791/787/728 792/788/729 745/741/683
f 791/787/728 745/741/683 744/740/682
f 793/789/730 782/778/719 751/747/689
f 793/789/730 751/747/689 759/755/696
f 794/790/731 779/775/716 762/758/699
f 794/790/731 762/758/699 768/764/705
f 795/791/732 793/789/730 759/755/696
f 795/791/732 759/755/696 760/756/697
f 784/780/721 796/792/733 769/765/706
f 784/780/721 769/765/706 765/761/702
f 797/793/734 798/794/735 790/786/727
f 797/793/734 790/786/727 789/785/726
f 799/795/736 800/796/737 757/753/695
f 799/795/736 757/753/695 756/752/694
f 801/797/738 791/787/728 744/740/682
f 801/797/738 744/740/682 785/781/722
f 802/798/739 777/773/714 743/739/681
f 802/798/739 743/739/681 771/767/708
f 796/792/733 802/798/739 771/767/708
f 796/792/733 771/767/708 769/765/706
f 776/772/713 799/795/736 756/752/694
f 776/772/713 756/752/694 754/750/692
f 803/799/740 794/790/731 768/764/705
f 803/799/740 768/764/705 772/768/709
f 792/788/729 803/799/740 772/768/709
f 792/788/729 772/768/709 745/741/683
f 781/777/718 783/779/720 766/762/703
f 781/777/718 766/762/703 746/742/684
f 804/800/741 801/797/738 785/781/722
f 804/800/741 785/781/722 788/784/725
f 778/774/715 797/793/734 789/785/726
f 778/774/715 789/785/726 740/736/678
f 805/801/742 804/800/741 788/784/725
f 805/801/742 788/784/725 787/783/724
f 798/794/735 805/801/742 787/783/724
f 798/794/735 787/783/724 790/786/727
f 744/740/682 741/737/679 786/782/723
f 744/740/682 786/782/723 785/781/722
f 741/737/679 740/736/678 789/785/726
f 741/737/679 789/785/726 786/782/723
f 806/802/743 807/803/744 808/804/745
f 806/802/743 808/804/745 809/805/746
f 608/604/546 807/803/744 810/806/747
f 608/604/546 810/806/747 627/623/565
f 811/807/748 812/808/749 813/809/750
f 811/807/748 813/809/750 814/810/751
f 815/811/752 816/812/753 817/813/754
f 815/811/752 817/813/754 818/814/755
f 816/812/753 819/815/756 820/816/757
f 816/812/753 820/816/757 817/813/754
f 821/817/758 822/818/759 823/819/760
f 821/817/758 823/819/760 824/820/761
f 819/815/756 816/812/753 825/821/762
f 819/815/756 825/821/762 826/822/763
f 816/812/753 815/811/752 827/823/764
f 816/812/753 827/823/764 825/821/762
f 807/803/744 806/802/743 828/824/765
f 807/803/744 828/824/765 810/806/747
f 822/818/759 829/825/766 830/826/767
f 822/818/759 830/826/767 823/819/760
f 807/803/744 608/604/546 610/606/548
f 807/803/744 610/606/548 808/804/745
f 831/827/768 819/815/756 826/822/763
f 831/827/768 826/822/763 832/828/769
f 829/825/766 822/818/759 833/829/770
f 829/825/766 833/829/770 834/830/771
f 819/815/756 831/827/768 835/831/772
f 819/815/756 835/831/772 820/816/757
f 822/818/759 821/817/758 836/832/773
f 822/818/759 836/832/773 833/829/770
f 806/802/743 815/811/752 818/814/755
f 806/802/743 818/814/755 828/824/765
f 812/808/749 831/827/768 832/828/769
f 812/808/749 832/828/769 813/809/750
f 821/817/758 837/833/774 838/834/775
f 821/817/758 838/834/775 836/832/773
f 837/833/774 811/807/748 814/810/751
f 837/833/774 814/810/751 838/834/775
f 831/827/768 812/808/749 839/835/776
f 831/827/768 839/835/776 835/831/772
f 815/811/752 806/802/743 809/805/746
f 815/811/752 809/805/746 827/823/764
f 811/807/748 837/833/774 840/836/777
f 811/807/748 840/836/777 841/837/778
f 837/833/774 821/817/758 824/820/761
f 837/833/774 824/820/761 840/836/777
f 812/808/749 811/807/748 841/837/778
f 812/808/749 841/837/778 839/835/776
f 645/641/583 644/640/582 725/721/663
f 645/641/583 725/721/663 724/720/662
f 644/640/582 643/639/581 733/729/671
f 644/640/582 733/729/671 725/721/663
f 643/639/581 842/838/779 702/698/640
f 643/639/581 702/698/640 733/729/671
f 842/838/779 633/629/571 703/699/641
f 842/838/779 703/699/641 702/698/640
f 629/625/567 641/637/579 699/695/637
f 629/625/567 699/695/637 698/694/636
f 641/637/579 640/636/578 707/703/645
f 641/637/579 707/703/645 699/695/637
f 640/636/578 843/839/780 709/705/647
f 640/636/578 709/705/647 707/703/645
f 843/839/780 639/635/577 715/711/653
f 843/839/780 715/711/653 709/705/647
f 639/635/577 638/634/576 717/713/655
f 639/635/577 717/713/655 715/711/653
f 638/634/576 637/633/575 719/715/657
f 638/634/576 719/715/657 717/713/655
f 637/633/575 636/632/574 720/716/658
f 637/633/575 720/716/658 719/715/657
f 636/632/574 635/631/573 727/723/665
f 636/632/574 727/723/665 720/716/658
f 633/629/571 632/628/570 705/701/643
f 633/629/571 705/701/643 703/699/641
f 632/628/570 631/627/569 711/707/649
f 632/628/570 711/707/649 705/701/643
f 631/627/569 630/626/568 713/709/651
f 631/627/569 713/709/651 711/707/649
f 630/626/568 629/625/567 698/694/636
f 630/626/568 698/694/636 713/709/651
f 844/840/781 634/630/572 639/635/577
f 844/840/781 639/635/577 843/839/780
f 628/624/566 844/840/781 843/839/780
f 628/624/566 843/839/780 640/636/578
f 845/841/782 628/624/566 633/629/571
f 845/841/782 633/629/571 842/838/779
f 642/638/580 845/841/782 842/838/779
f 642/638/580 842/838/779 643/639/581
f 845/841/782 642/638/580 846/842/766
f 845/841/782 846/842/766 628/624/566
f 611/607/549 613/609/551 847/843/783
f 611/607/549 847/843/783 848/844/784
f 848/844/784 847/843/783 659/655/597
f 848/844/784 659/655/597 658/654/596
f 653/649/591 651/647/589 849/845/785
f 653/649/591 849/845/785 850/846/786
f 850/846/786 849/845/785 647/643/585
f 850/846/786 647/643/585 646/642/584
f 657/653/595 655/651/593 851/847/787
f 657/653/595 851/847/787 852/848/788
f 852/848/788 851/847/787 651/647/589
f 852/848/788 651/647/589 650/646/588
f 661/657/599 659/655/597 853/849/789
f 661/657/599 853/849/789 854/850/790
f 854/850/790 853/849/789 655/651/593
f 854/850/790 655/651/593 654/650/592
f 613/609/551 696/692/634 855/851/791
f 613/609/551 855/851/791 847/843/783
f 847/843/783 855/851/791 856/852/792
f 847/843/783 856/852/792 659/655/597
f 651/647/589 857/853/793 858/854/794
f 651/647/589 858/854/794 849/845/785
f 849/845/785 858/854/794 690/686/628
f 849/845/785 690/686/628 647/643/585
f 655/651/593 859/855/795 860/856/796
f 655/651/593 860/856/796 851/847/787
f 851/847/787 860/856/796 857/853/793
f 851/847/787 857/853/793 651/647/589
f 659/655/597 856/852/792 861/857/797
f 659/655/597 861/857/797 853/849/789
f 853/849/789 861/857/797 859/855/795
f 853/849/789 859/855/795 655/651/593
f 731/727/669 730/726/668 862/858/798
f 731/727/669 862/858/798 863/859/799
f 864/860/800 865/861/801 866/862/802
f 864/860/800 866/862/802 867/863/803
f 866/862/802 865/861/801 868/864/804
f 866/862/802 868/864/804 869/865/805
f 870/866/806 871/867/807 872/868/808
f 870/866/806 872/868/808 873/869/809
f 872/868/808 871/867/807 729/725/667
f 872/868/808 729/725/667 732/728/670
f 874/870/810 875/871/811 876/872/812
f 874/870/810 876/872/812 877/873/813
f 876/872/812 875/871/811 864/860/800
f 876/872/812 864/860/800 867/863/803
f 869/865/805 868/864/804 878/874/814
f 869/865/805 878/874/814 879/875/815
f 879/875/815 878/874/814 870/866/806
f 879/875/815 870/866/806 873/869/809
f 880/876/816 881/877/817 882/878/818
f 880/876/816 882/878/818 883/879/819
f 882/878/818 881/877/817 874/870/810
f 882/878/818 874/870/810 877/873/813
f 727/723/665 884/880/820 885/881/821
f 727/723/665 885/881/821 728/724/666
f 885/881/821 884/880/820 880/876/816
f 885/881/821 880/876/816 883/879/819
f 863/859/799 862/858/798 886/882/822
f 863/859/799 886/882/822 887/883/823
f 887/883/823 886/882/822 724/720/662
f 887/883/823 724/720/662 723/719/661
f 696/692/634 736/732/674 888/884/824
f 696/692/634 888/884/824 855/851/791
f 856/852/792 855/851/791 888/884/824
f 856/852/792 888/884/824 736/732/674
f 856/852/792 736/732/674 889/885/825
f 856/852/792 889/885/825 861/857/797
f 859/855/795 861/857/797 889/885/825
f 859/855/795 889/885/825 736/732/674
f 859/855/795 736/732/674 890/886/826
f 859/855/795 890/886/826 860/856/796
f 857/853/793 860/856/796 890/886/826
f 857/853/793 890/886/826 736/732/674
f 857/853/793 736/732/674 891/887/827
f 857/853/793 891/887/827 858/854/794
f 690/686/628 858/854/794 891/887/827
f 690/686/628 891/887/827 736/732/674
f 645/641/583 724/720/662 886/882/822
f 645/641/583 886/882/822 675/671/613
f 675/671/613 886/882/822 862/858/798
f 675/671/613 862/858/798 672/668/610
f 672/668/610 862/858/798 730/726/668
f 672/668/610 730/726/668 673/669/611
f 673/669/611 730/726/668 729/725/667
f 673/669/611 729/725/667 674/670/612
f 665/661/603 868/864/804 865/861/801
f 665/661/603 865/861/801 671/667/609
f 671/667/609 865/861/801 864/860/800
f 671/667/609 864/860/800 668/664/606
f 668/664/606 864/860/800 875/871/811
f 668/664/606 875/871/811 669/665/607
f 669/665/607 875/871/811 874/870/810
f 669/665/607 874/870/810 670/666/608
f 670/666/608 874/870/810 881/877/817
f 670/666/608 881/877/817 892/888/828
f 892/888/828 881/877/817 880/876/816
f 892/888/828 880/876/816 666/662/604
f 666/662/604 880/876/816 884/880/820
f 666/662/604 884/880/820 667/663/605
f 667/663/605 884/880/820 727/723/665
f 667/663/605 727/723/665 635/631/573
f 674/670/612 729/725/667 871/867/807
f 674/670/612 871/867/807 893/889/829
f 893/889/829 871/867/807 870/866/806
f 893/889/829 870/866/806 663/659/601
f 663/659/601 870/866/806 878/874/814
f 663/659/601 878/874/814 664/660/602
f 664/660/602 878/874/814 868/864/804
f 664/660/602 868/864/804 665/661/603
f 642/638/580 674/670/612 893/889/829
f 642/638/580 893/889/829 894/890/830
f 894/890/830 893/889/829 663/659/601
f 894/890/830 663/659/601 662/658/600
f 662/658/600 670/666/608 892/888/828
f 662/658/600 892/888/828 895/891/831
f 895/891/831 892/888/828 666/662/604
f 895/891/831 666/662/604 634/630/572
f 844/840/781 628/624/566 846/842/766
f 844/840/781 846/842/766 634/630/572
f 895/891/831 634/630/572 846/842/766
f 895/891/831 846/842/766 662/658/600
f 734/730/672 733/729/671 702/698/640
f 734/730/672 702/698/640 701/697/639
f 894/890/830 662/658/600 846/842/766
f 894/890/830 846/842/766 642/638/580
f 896/892/832 897/893/833 898/894/834
f 896/892/832 898/894/834 899/895/835
f 897/893/833 900/896/836 901/897/837
f 897/893/833 901/897/837 898/894/834
f 902/898/838 903/899/839 904/900/840
f 902/898/838 904/900/840 905/901/841
f 905/901/841 904/900/840 906/902/842
f 905/901/841 906/902/842 907/903/843
f 903/899/839 908/904/844 909/905/845
f 903/899/839 909/905/845 904/900/840
f 904/900/840 909/905/845 910/906/846
f 904/900/840 910/906/846 906/902/842
f 911/907/847 912/908/848 760/756/697
f 911/907/847 760/756/697 758/754/674
f 913/909/849 911/907/847 758/754/674
f 913/909/849 758/754/674 757/753/695
f 914/910/850 915/911/851 916/912/852
f 914/910/850 916/912/852 917/913/853
f 918/914/854 914/910/850 917/913/853
f 918/914/854 917/913/853 919/915/855
f 907/903/843 906/902/842 911/907/847
f 907/903/843 911/907/847 913/909/849
f 906/902/842 910/906/846 912/908/848
f 906/902/842 912/908/848 911/907/847
f 920/916/856 921/917/857 915/911/851
f 920/916/856 915/911/851 914/910/850
f 922/918/858 920/916/856 914/910/850
f 922/918/858 914/910/850 918/914/854
f 917/913/853 916/912/852 908/904/844
f 917/913/853 908/904/844 903/899/839
f 919/915/855 917/913/853 903/899/839
f 919/915/855 903/899/839 902/898/838
f 899/895/835 898/894/834 923/919/859
f 899/895/835 923/919/859 924/920/860
f 924/920/860 923/919/859 920/916/856
f 924/920/860 920/916/856 922/918/858
f 898/894/834 901/897/837 925/921/861
f 898/894/834 925/921/861 923/919/859
f 923/919/859 925/921/861 921/917/857
f 923/919/859 921/917/857 920/916/856
f 926/922/862 927/923/863 908/904/844
f 926/922/862 908/904/844 916/912/852
f 928/924/864 929/925/865 910/906/846
f 928/924/864 910/906/846 909/905/845
f 927/923/863 928/924/864 909/905/845
f 927/923/863 909/905/845 908/904/844
f 930/926/866 931/927/867 896/892/832
f 930/926/866 896/892/832 899/895/835
f 932/928/868 926/922/862 916/912/852
f 932/928/868 916/912/852 915/911/851
f 933/929/869 934/930/870 902/898/838
f 933/929/869 902/898/838 905/901/841
f 935/931/871 933/929/869 905/901/841
f 935/931/871 905/901/841 907/903/843
f 936/932/872 937/933/873 918/914/854
f 936/932/872 918/914/854 919/915/855
f 938/934/874 939/935/875 940/936/876
f 938/934/874 940/936/876 941/937/877
f 939/935/875 942/938/878 943/939/879
f 939/935/875 943/939/879 940/936/876
f 944/940/880 945/941/881 901/897/837
f 944/940/880 901/897/837 900/896/836
f 946/942/882 935/931/871 907/903/843
f 946/942/882 907/903/843 913/909/849
f 947/943/883 932/928/868 915/911/851
f 947/943/883 915/911/851 921/917/857
f 800/796/737 946/942/882 913/909/849
f 800/796/737 913/909/849 757/753/695
f 937/933/873 948/944/884 922/918/858
f 937/933/873 922/918/858 918/914/854
f 949/945/885 950/946/886 943/939/879
f 949/945/885 943/939/879 942/938/878
f 951/947/887 795/791/732 760/756/697
f 951/947/887 760/756/697 912/908/848
f 952/948/888 944/940/880 900/896/836
f 952/948/888 900/896/836 938/934/874
f 953/949/889 930/926/866 899/895/835
f 953/949/889 899/895/835 924/920/860
f 948/944/884 953/949/889 924/920/860
f 948/944/884 924/920/860 922/918/858
f 929/925/865 951/947/887 912/908/848
f 929/925/865 912/908/848 910/906/846
f 954/950/890 947/943/883 921/917/857
f 954/950/890 921/917/857 925/921/861
f 945/941/881 954/950/890 925/921/861
f 945/941/881 925/921/861 901/897/837
f 934/930/870 936/932/872 919/915/855
f 934/930/870 919/915/855 902/898/838
f 955/951/891 952/948/888 938/934/874
f 955/951/891 938/934/874 941/937/877
f 931/927/867 949/945/885 942/938/878
f 931/927/867 942/938/878 896/892/832
f 956/952/892 955/951/891 941/937/877
f 956/952/892 941/937/877 940/936/876
f 950/946/886 956/952/892 940/936/876
f 950/946/886 940/936/876 943/939/879
f 900/896/836 897/893/833 939/935/875
f 900/896/836 939/935/875 938/934/874
f 897/893/833 896/892/832 942/938/878
f 897/893/833 942/938/878 939/935/875
f 957/953/893 958/954/894 959/955/895
f 957/953/893 959/955/895 960/956/896
f 676/672/614 958/954/894 961/957/897
f 676/672/614 961/957/897 679/675/617
f 962/958/898 963/959/899 964/960/900
f 962/958/898 964/960/900 965/961/901
f 966/962/902 967/963/903 968/964/904
f 966/962/902 968/964/904 969/965/905
f 967/963/903 970/966/906 971/967/907
f 967/963/903 971/967/907 968/964/904
f 972/968/908 973/969/909 974/970/910
f 972/968/908 974/970/910 975/971/911
f 970/966/906 967/963/903 976/972/912
f 970/966/906 976/972/912 977/973/913
f 967/963/903 966/962/902 978/974/914
f 967/963/903 978/974/914 976/972/912
f 958/954/894 957/953/893 979/975/915
f 958/954/894 979/975/915 961/957/897
f 973/969/909 829/825/766 834/830/771
f 973/969/909 834/830/771 974/970/910
f 958/954/894 676/672/614 678/674/616
f 958/954/894 678/674/616 959/955/895
f 980/976/916 970/966/906 977/973/913
f 980/976/916 977/973/913 981/977/917
f 829/825/766 973/969/909 982/978/918
f 829/825/766 982/978/918 830/826/767
f 970/966/906 980/976/916 983/979/919
f 970/966/906 983/979/919 971/967/907
f 973/969/909 972/968/908 984/980/920
f 973/969/909 984/980/920 982/978/918
f 957/953/893 966/962/902 969/965/905
f 957/953/893 969/965/905 979/975/915
f 963/959/899 980/976/916 981/977/917
f 963/959/899 981/977/917 964/960/900
f 972/968/908 985/981/921 986/982/922
f 972/968/908 986/982/922 984/980/920
f 985/981/921 962/958/898 965/961/901
f 985/981/921 965/961/901 986/982/922
f 980/976/916 963/959/899 987/983/923
f 980/976/916 987/983/923 983/979/919
f 966/962/902 957/953/893 960/956/896
f 966/962/902 960/956/896 978/974/914
f 962/958/898 985/981/921 988/984/924
f 962/958/898 988/984/924 989/985/925
f 985/981/921 972/968/908 975/971/911
f 985/981/921 975/971/911 988/984/924
f 963/959/899 962/958/898 989/985/925
f 963/959/899 989/985/925 987/983/923
