{
"type": "FeatureCollection",
"name": "output_zip",
"crs": { "type": "name", "properties": { "name": "urn:ogc:def:crs:OGC:1.3:CRS84" } },
"features": [
{ "type": "Feature", "properties": { "path": "./Height/europe/e010_n50_e015_n45.zip", "SHA512": "077e34eaec09ce6718a479733cf2b547be5d4495742b3d6ef8916699eafc25bef5739608c365b159618f00425458e1372ad6554207ca1ec7bf37fa8fa3543cb6" }, "geometry": { "type": "Polygon", "coordinates": [ [ [ 15.0, 45.0 ], [ 15.0, 50.0 ], [ 10.0, 50.0 ], [ 10.0, 45.0 ], [ 15.0, 45.0 ] ] ] } },
{ "type": "Feature", "properties": { "path": "./Height/europe/w020_n70_w015_n65.zip", "SHA512": "71316762068f5c1171c9c7753314dbda51098ca510c005bb955fc79b36794b56c6c6ba9dbef14819f2cfa6077a20aad7ca4ab7c2da218a952094d7e07636a201" }, "geometry": { "type": "Polygon", "coordinates": [ [ [ -15.0, 65.0 ], [ -15.0, 70.0 ], [ -20.0, 70.0 ], [ -20.0, 65.0 ], [ -15.0, 65.0 ] ] ] } },
{ "type": "Feature", "properties": { "path": "./Height/europe/e000_n50_e005_n45.zip", "SHA512": "a1dcc0e062f880907adbcdf6eaec776758ef0e3db530c4f17b705e864a10521b2a4aaf1bf342a9d7dd4c4b9f9505f6bcb26814df5b01e838b604ed085b3bd9e6" }, "geometry": { "type": "Polygon", "coordinates": [ [ [ 5.0, 45.0 ], [ 5.0, 50.0 ], [ 0.0, 50.0 ], [ 0.0, 45.0 ], [ 5.0, 45.0 ] ] ] } },
{ "type": "Feature", "properties": { "path": "./Height/europe/w010_n65_w005_n60.zip", "SHA512": "2785668687c03f43972534fab079a78f20784a6e8c8238a5027f682fd50b7c57be43bfadff35a781ee2f6b2a7215fa30e7715607b41f4544f0e4d3baca20c3e5" }, "geometry": { "type": "Polygon", "coordinates": [ [ [ -5.0, 60.0 ], [ -5.0, 65.0 ], [ -10.0, 65.0 ], [ -10.0, 60.0 ], [ -5.0, 60.0 ] ] ] } },
{ "type": "Feature", "properties": { "path": "./Height/europe/w005_n50_e000_n45.zip", "SHA512": "259665727c5efcb474da183b91c0b0021f82c3b3df0eb012782564e24932a633a669d5694d64eba363cda9cccdcc5c4b0147d753f53656d83847d67132f986d4" }, "geometry": { "type": "Polygon", "coordinates": [ [ [ 0.0, 45.0 ], [ 0.0, 50.0 ], [ -5.0, 50.0 ], [ -5.0, 45.0 ], [ 0.0, 45.0 ] ] ] } },
{ "type": "Feature", "properties": { "path": "./Height/europe/e050_n50_e055_n45.zip", "SHA512": "cdb97b50c812d3c2ead64bf94cbc2480f1e161c39c0e8c4c5177c1f75d50600df8282b16d6d10ccd104b13f9d910f9e4e46399329a69b3c9a7c3d12a80367449" }, "geometry": { "type": "Polygon", "coordinates": [ [ [ 55.0, 45.0 ], [ 55.0, 50.0 ], [ 50.0, 50.0 ], [ 50.0, 45.0 ], [ 55.0, 45.0 ] ] ] } },
{ "type": "Feature", "properties": { "path": "./Height/europe/w010_n45_w005_n40.zip", "SHA512": "f4cfb0847681a6eec09c41a6e934f6a8a0ee72fa09467f87e618f4c6d2df79a493dbd512a45cad6627e77d18f16f4e705a9b7e5c3f9e5ebb70c3660390727a89" }, "geometry": { "type": "Polygon", "coordinates": [ [ [ -5.0, 40.0 ], [ -5.0, 45.0 ], [ -10.0, 45.0 ], [ -10.0, 40.0 ], [ -5.0, 40.0 ] ] ] } },
{ "type": "Feature", "properties": { "path": "./Height/europe/e030_n55_e035_n50.zip", "SHA512": "7070fa0883c43098675f1b9931daad6b6e9d2f0be23637312efc43aa86d8821d63a40d7e8dafcc6fe7762939728c61b09b65cb95a37437494de4b7b8fbae2eba" }, "geometry": { "type": "Polygon", "coordinates": [ [ [ 35.0, 50.0 ], [ 35.0, 55.0 ], [ 30.0, 55.0 ], [ 30.0, 50.0 ], [ 35.0, 50.0 ] ] ] } },
{ "type": "Feature", "properties": { "path": "./Height/europe/e050_n70_e055_n65.zip", "SHA512": "6efdde4183b1ec5a08dd3715b851a6d7c02eecc875f968f7e3b336ed47f673046557d38b2e7a34733b90457db8a2e0125930946898eb447b0f843b28cdeaf9d6" }, "geometry": { "type": "Polygon", "coordinates": [ [ [ 55.0, 65.0 ], [ 55.0, 70.0 ], [ 50.0, 70.0 ], [ 50.0, 65.0 ], [ 55.0, 65.0 ] ] ] } },
{ "type": "Feature", "properties": { "path": "./Height/europe/e035_n70_e040_n65.zip", "SHA512": "f14cb30f2c213933b326ff0d32c51378aa772f12e960589d1aec0e2a0d2ab4def9dec8c950da775d4c5550787c315ec12e0808abde5a1f6847c7056e6453e6b6" }, "geometry": { "type": "Polygon", "coordinates": [ [ [ 40.0, 65.0 ], [ 40.0, 70.0 ], [ 35.0, 70.0 ], [ 35.0, 65.0 ], [ 40.0, 65.0 ] ] ] } },
{ "type": "Feature", "properties": { "path": "./Height/europe/e025_n60_e030_n55.zip", "SHA512": "49e52c5100f65efbebec0445f75f77be50c25b8a18e9da4865a9d5bc1161190a80910c0cad3808b37ace7b3d725710d95d0a0627807b6d27ced84d0a7884c0be" }, "geometry": { "type": "Polygon", "coordinates": [ [ [ 30.0, 55.0 ], [ 30.0, 60.0 ], [ 25.0, 60.0 ], [ 25.0, 55.0 ], [ 30.0, 55.0 ] ] ] } },
{ "type": "Feature", "properties": { "path": "./Height/europe/e000_n60_e005_n55.zip", "SHA512": "3842cdd98225a52449f374970d4d3a9dc9cd00be3a779269118a494b254c39660a2401cb158fd9181c092be5bbd1af123a01edaad56f60191a55c28fe456a37e" }, "geometry": { "type": "Polygon", "coordinates": [ [ [ 5.0, 55.0 ], [ 5.0, 60.0 ], [ 0.0, 60.0 ], [ 0.0, 55.0 ], [ 5.0, 55.0 ] ] ] } },
{ "type": "Feature", "properties": { "path": "./Height/europe/e055_n55_e060_n50.zip", "SHA512": "38b3eaeb3fb3d655487406701df2b04f19b8eeedb938746c90db7f1bcffd0679bd33e9b84f03bc43ee9f8de23ac2aa9252db6991e16337259b369b346a52a4e9" }, "geometry": { "type": "Polygon", "coordinates": [ [ [ 60.0, 50.0 ], [ 60.0, 55.0 ], [ 55.0, 55.0 ], [ 55.0, 50.0 ], [ 60.0, 50.0 ] ] ] } },
{ "type": "Feature", "properties": { "path": "./Height/europe/w015_n65_w010_n60.zip", "SHA512": "182fdfbf3862569db1911b0eb07504e0489f09f5e855c449c51e2cd3f55a98954e993d0fbb7467217d5937e71629529e646cf82b2dfcae1e36da2e84ab033bad" }, "geometry": { "type": "Polygon", "coordinates": [ [ [ -10.0, 60.0 ], [ -10.0, 65.0 ], [ -15.0, 65.0 ], [ -15.0, 60.0 ], [ -10.0, 60.0 ] ] ] } },
{ "type": "Feature", "properties": { "path": "./Height/europe/e000_n45_e005_n40.zip", "SHA512": "9b9fa8b1bf8c72e3c1eba4f27906ada6083ee4fe6af48fed58e38ff77d570a0d9470f0f69bc562bc3148f4bab35b1b16b89457f17e3edffafa6db5423cda0030" }, "geometry": { "type": "Polygon", "coordinates": [ [ [ 5.0, 40.0 ], [ 5.0, 45.0 ], [ 0.0, 45.0 ], [ 0.0, 40.0 ], [ 5.0, 40.0 ] ] ] } },
{ "type": "Feature", "properties": { "path": "./Height/europe/e045_n45_e050_n40.zip", "SHA512": "08a7d2f5f68e8e8e8b8688723d17b85de19034e4306deae18dde1467ec09945ac728dfa60b35aeca227e1744f39c4ee27adeea6e37399bc74babf7c1daa06ecc" }, "geometry": { "type": "Polygon", "coordinates": [ [ [ 50.0, 40.0 ], [ 50.0, 45.0 ], [ 45.0, 45.0 ], [ 45.0, 40.0 ], [ 50.0, 40.0 ] ] ] } },
{ "type": "Feature", "properties": { "path": "./Height/europe/e050_n60_e055_n55.zip", "SHA512": "b050f09aba12220774f0dc1578ba633a617a0c98bdd2ef0b9493a94c9db9588fcc62f38082e3880f652c7ed8d67994e02760712c3f1665a08bd78d47dee92a63" }, "geometry": { "type": "Polygon", "coordinates": [ [ [ 55.0, 55.0 ], [ 55.0, 60.0 ], [ 50.0, 60.0 ], [ 50.0, 55.0 ], [ 55.0, 55.0 ] ] ] } },
{ "type": "Feature", "properties": { "path": "./Height/europe/e015_n55_e020_n50.zip", "SHA512": "ac712b42470c8f7400fc4120a08ccb918beda7ea3a19dc666d7233ace53395f343980d2a27020e4e1d41ff0ec4e5ca46edd980b3718ecea2ff1e0353085dd607" }, "geometry": { "type": "Polygon", "coordinates": [ [ [ 20.0, 50.0 ], [ 20.0, 55.0 ], [ 15.0, 55.0 ], [ 15.0, 50.0 ], [ 20.0, 50.0 ] ] ] } },
{ "type": "Feature", "properties": { "path": "./Height/europe/e020_n65_e025_n60.zip", "SHA512": "5905649ca545c51d2a093b432dc843e26e212d1678677ae1a0ce7b427ad072a8ddf36c533d50da5c7846a5b11d1e26d153fd1c2fc805f2faa85d4df5d2bfd1fd" }, "geometry": { "type": "Polygon", "coordinates": [ [ [ 25.0, 60.0 ], [ 25.0, 65.0 ], [ 20.0, 65.0 ], [ 20.0, 60.0 ], [ 25.0, 60.0 ] ] ] } },
{ "type": "Feature", "properties": { "path": "./Height/europe/e005_n55_e010_n50.zip", "SHA512": "a3c2fb3a7c54736fc384ca8468c4b35dd500876111fc24b708a6e2a8f255cd5f6abba0ed0abd7210dcfb557f86235df0031428aeb6a0211a7ae4fe3ece819ad2" }, "geometry": { "type": "Polygon", "coordinates": [ [ [ 10.0, 50.0 ], [ 10.0, 55.0 ], [ 5.0, 55.0 ], [ 5.0, 50.0 ], [ 10.0, 50.0 ] ] ] } },
{ "type": "Feature", "properties": { "path": "./Height/europe/e010_n70_e015_n65.zip", "SHA512": "a19e68a7b55d7d58bfe30d58d07e9de35e4529a1527720e4b6767e53bbeddf505330b5da50b0968ebbc52a0db74853dfa596354c6d11ebe19cacdd42090f14cd" }, "geometry": { "type": "Polygon", "coordinates": [ [ [ 15.0, 65.0 ], [ 15.0, 70.0 ], [ 10.0, 70.0 ], [ 10.0, 65.0 ], [ 15.0, 65.0 ] ] ] } },
{ "type": "Feature", "properties": { "path": "./Height/europe/e025_n55_e030_n50.zip", "SHA512": "b47db1a7f8ca1f3c34622d2b75e04f3ee8d16030a45925c66e944684b7f2963e088aed9de385b24b424b4543c2d7f164cefccfd2406c0f07ec824e131ace33fa" }, "geometry": { "type": "Polygon", "coordinates": [ [ [ 30.0, 50.0 ], [ 30.0, 55.0 ], [ 25.0, 55.0 ], [ 25.0, 50.0 ], [ 30.0, 50.0 ] ] ] } },
{ "type": "Feature", "properties": { "path": "./Height/europe/e030_n60_e035_n55.zip", "SHA512": "a8928b048099017f02e503b65ea9103a010badc529f09dcea40feb2b6bf3246e37b1572561e1f0e8a4689adb8f49074b7fda700ab8f400202fcdb95995447175" }, "geometry": { "type": "Polygon", "coordinates": [ [ [ 35.0, 55.0 ], [ 35.0, 60.0 ], [ 30.0, 60.0 ], [ 30.0, 55.0 ], [ 35.0, 55.0 ] ] ] } },
{ "type": "Feature", "properties": { "path": "./Height/europe/e005_n45_e010_n40.zip", "SHA512": "4b73e7b60514d5e74540973e14415c234d47130730c8101469d084a7b6952e96cd58b2f9fa3d06b1df1f24cd44494f7fa2363c6d2fe8c82a207a61d255719157" }, "geometry": { "type": "Polygon", "coordinates": [ [ [ 10.0, 40.0 ], [ 10.0, 45.0 ], [ 5.0, 45.0 ], [ 5.0, 40.0 ], [ 10.0, 40.0 ] ] ] } },
{ "type": "Feature", "properties": { "path": "./Height/europe/w005_n65_e000_n60.zip", "SHA512": "d3d943f6801c5a54bdc62b2d06841e59b78be3a25cfeedaed62d7f3d0d7be39d4c5745d01b9e63b9a0b8e0a7b7b770bef3850d512de2bab7ae2b3d1b398ab192" }, "geometry": { "type": "Polygon", "coordinates": [ [ [ 0.0, 60.0 ], [ 0.0, 65.0 ], [ -5.0, 65.0 ], [ -5.0, 60.0 ], [ 0.0, 60.0 ] ] ] } },
{ "type": "Feature", "properties": { "path": "./Height/europe/w005_n60_e000_n55.zip", "SHA512": "928e4b756f16787b2418c99fc7f1e99e0ad7adeca278c51e2a45da34a34704f453e09964ec20d016a0be3e5d2d4203387857bab18d1e1d2c99e5f088fe6e4620" }, "geometry": { "type": "Polygon", "coordinates": [ [ [ 0.0, 55.0 ], [ 0.0, 60.0 ], [ -5.0, 60.0 ], [ -5.0, 55.0 ], [ 0.0, 55.0 ] ] ] } },
{ "type": "Feature", "properties": { "path": "./Height/europe/w005_n45_e000_n40.zip", "SHA512": "3ef5ade09cad76c5b4b992e9cc924e631075bc6f48dd7bf019d7ea7616b64ea70612f6294141cb6f0213e48933856b2c41cc50d029a2c2aff2be9875ee1ec2ef" }, "geometry": { "type": "Polygon", "coordinates": [ [ [ 0.0, 40.0 ], [ 0.0, 45.0 ], [ -5.0, 45.0 ], [ -5.0, 40.0 ], [ 0.0, 40.0 ] ] ] } },
{ "type": "Feature", "properties": { "path": "./Height/europe/e020_n55_e025_n50.zip", "SHA512": "7868137a96122193c30f2028a80da0df05b71e5469ddcfc7fef596788cc26f45d5dbfd0f4a9e232fcf3268e2dbefa20aff4f78c837c2d27fa2582b68d2b9c490" }, "geometry": { "type": "Polygon", "coordinates": [ [ [ 25.0, 50.0 ], [ 25.0, 55.0 ], [ 20.0, 55.0 ], [ 20.0, 50.0 ], [ 25.0, 50.0 ] ] ] } },
{ "type": "Feature", "properties": { "path": "./Height/europe/e015_n60_e020_n55.zip", "SHA512": "7f2cfa0f376b5c5fbe09027eb80a129527b0c454781fb78c54f7069c8d9d436d8520c91a26caff7c70cb62d2d3e582a63b1b6ec45fe2e4f00524a78e48236c78" }, "geometry": { "type": "Polygon", "coordinates": [ [ [ 20.0, 55.0 ], [ 20.0, 60.0 ], [ 15.0, 60.0 ], [ 15.0, 55.0 ], [ 20.0, 55.0 ] ] ] } },
{ "type": "Feature", "properties": { "path": "./Height/europe/e050_n75_e055_n70.zip", "SHA512": "8dcd096123b4de3172c687b2f00e810b047d1fd54528559ce47024e1b7f5700b2194cecb564003f2acbab59f8cb595c67d6989f4e878f97b849061df1380e594" }, "geometry": { "type": "Polygon", "coordinates": [ [ [ 55.0, 70.0 ], [ 55.0, 75.0 ], [ 50.0, 75.0 ], [ 50.0, 70.0 ], [ 55.0, 70.0 ] ] ] } },
{ "type": "Feature", "properties": { "path": "./Height/europe/e010_n60_e015_n55.zip", "SHA512": "eae0ccd1e66813b820381c5e12c3bff31b9ff9d856c99132dbac3e9cdb4246659a9dd495026a43572b0f19fb4a1e802fc337f1d3bb9c9623daba520f0f836109" }, "geometry": { "type": "Polygon", "coordinates": [ [ [ 15.0, 55.0 ], [ 15.0, 60.0 ], [ 10.0, 60.0 ], [ 10.0, 55.0 ], [ 15.0, 55.0 ] ] ] } },
{ "type": "Feature", "properties": { "path": "./Height/europe/w010_n50_w005_n45.zip", "SHA512": "7a1cec30734e663d2b9f123da269bff511bf4116104b3e7cb54a7862722ea30f7fc62384930b3c2f58e310419a3fcfe5314acce4ea65403601341c54e0001a3c" }, "geometry": { "type": "Polygon", "coordinates": [ [ [ -5.0, 45.0 ], [ -5.0, 50.0 ], [ -10.0, 50.0 ], [ -10.0, 45.0 ], [ -5.0, 45.0 ] ] ] } },
{ "type": "Feature", "properties": { "path": "./Height/europe/w005_n55_e000_n50.zip", "SHA512": "aee76135d3ee2e9462a7caa98880b7f9a76b2ccdbf7115512a40f7aef8135c18594672734d2c2f8928e568e8b23420feeb6ac70094772690491fb0ccc73a97ea" }, "geometry": { "type": "Polygon", "coordinates": [ [ [ 0.0, 50.0 ], [ 0.0, 55.0 ], [ -5.0, 55.0 ], [ -5.0, 50.0 ], [ 0.0, 50.0 ] ] ] } },
{ "type": "Feature", "properties": { "path": "./Height/europe/e010_n55_e015_n50.zip", "SHA512": "e68e866837c1eac8ee36ab30365feea29d7e47a955c29371d1e09b3fb2d469ed7ac7339be32ce9b43b68454afd56abc558b00fe3da42a022fef011a7e2a4be8d" }, "geometry": { "type": "Polygon", "coordinates": [ [ [ 15.0, 50.0 ], [ 15.0, 55.0 ], [ 10.0, 55.0 ], [ 10.0, 50.0 ], [ 15.0, 50.0 ] ] ] } },
{ "type": "Feature", "properties": { "path": "./Height/europe/e030_n45_e035_n40.zip", "SHA512": "dbbf0050c2ca8e673e6e0df222f350b2ca3c15878a2731323f025d4393634d1dd1ec054e2f32a0931534a8b05cc47b9b11e41223c4423c5b2af4ab496dfad86d" }, "geometry": { "type": "Polygon", "coordinates": [ [ [ 35.0, 40.0 ], [ 35.0, 45.0 ], [ 30.0, 45.0 ], [ 30.0, 40.0 ], [ 35.0, 40.0 ] ] ] } },
{ "type": "Feature", "properties": { "path": "./Height/europe/e015_n70_e020_n65.zip", "SHA512": "52216e5926f6b072112f3850c29133e5867583d7550811856491356a13720b908f5d70f547dc767894fb4c937be2642b444793e964d1c51fc56b3d7da53e1f10" }, "geometry": { "type": "Polygon", "coordinates": [ [ [ 20.0, 65.0 ], [ 20.0, 70.0 ], [ 15.0, 70.0 ], [ 15.0, 65.0 ], [ 20.0, 65.0 ] ] ] } },
{ "type": "Feature", "properties": { "path": "./Height/europe/w010_n55_w005_n50.zip", "SHA512": "5ad5fcc5bc6b85d42d88bf87e9d203ecdadd0e5e08f76f4dae469819694bfd9331be917c5d251fb1c843601a2a2ca927327f02a4d4bb336625bdd124d8ca6ad1" }, "geometry": { "type": "Polygon", "coordinates": [ [ [ -5.0, 50.0 ], [ -5.0, 55.0 ], [ -10.0, 55.0 ], [ -10.0, 50.0 ], [ -5.0, 50.0 ] ] ] } },
{ "type": "Feature", "properties": { "path": "./Height/europe/e045_n70_e050_n65.zip", "SHA512": "3441e850612bda1c069e333aafdc4dc8b5ee39bc212794319898175bf9570ab5f57b553d1e10edd5ecc695c5be1897a783882da627508be3d14482d2def35654" }, "geometry": { "type": "Polygon", "coordinates": [ [ [ 50.0, 65.0 ], [ 50.0, 70.0 ], [ 45.0, 70.0 ], [ 45.0, 65.0 ], [ 50.0, 65.0 ] ] ] } },
{ "type": "Feature", "properties": { "path": "./Height/europe/w010_n60_w005_n55.zip", "SHA512": "626c40bb582b1de0418259bee4afdfd4341732e103dea43a46047db0367e4b5d07130f744157192f628163cb9c931c8d82b4b53310603cb49673d3597f2a3207" }, "geometry": { "type": "Polygon", "coordinates": [ [ [ -5.0, 55.0 ], [ -5.0, 60.0 ], [ -10.0, 60.0 ], [ -10.0, 55.0 ], [ -5.0, 55.0 ] ] ] } },
{ "type": "Feature", "properties": { "path": "./Height/europe/e055_n50_e060_n45.zip", "SHA512": "421d77a815b26de75c95a33b6ce4af7114ef729e342e71f1db6713c2c92dfda7b6c7c13854ace9d5fb5b6cc19b0a57de7418a3d56b80f20f21666de80fc7cbce" }, "geometry": { "type": "Polygon", "coordinates": [ [ [ 60.0, 45.0 ], [ 60.0, 50.0 ], [ 55.0, 50.0 ], [ 55.0, 45.0 ], [ 60.0, 45.0 ] ] ] } },
{ "type": "Feature", "properties": { "path": "./Height/europe/e015_n50_e020_n45.zip", "SHA512": "13cb2de590642fa2ce64b1c64bbf5dca233e3f278e67dc29db41bd099b842c225234a2bd5c09c085fde885fa43331161b4c432773d672a23973e349a6e0f95f1" }, "geometry": { "type": "Polygon", "coordinates": [ [ [ 20.0, 45.0 ], [ 20.0, 50.0 ], [ 15.0, 50.0 ], [ 15.0, 45.0 ], [ 20.0, 45.0 ] ] ] } },
{ "type": "Feature", "properties": { "path": "./Height/europe/e025_n65_e030_n60.zip", "SHA512": "389d947d77f9ee053fa35f88d4fa94154e4926e6dc997d79ee6d788ab0bd5930327da9ae0ae90567008966c131bd4c00047cc5bbc2bd6777cf0af8151b05e103" }, "geometry": { "type": "Polygon", "coordinates": [ [ [ 30.0, 60.0 ], [ 30.0, 65.0 ], [ 25.0, 65.0 ], [ 25.0, 60.0 ], [ 30.0, 60.0 ] ] ] } },
{ "type": "Feature", "properties": { "path": "./Height/europe/e010_n45_e015_n40.zip", "SHA512": "acf1c6a8f2830364f224fb2631ce9e71307941855e0d076548bff7e57c4c869f1edda24cbf574441ffc2ec229b94179967e14f5e0da61fe39aee31cc6a9d8f1a" }, "geometry": { "type": "Polygon", "coordinates": [ [ [ 15.0, 40.0 ], [ 15.0, 45.0 ], [ 10.0, 45.0 ], [ 10.0, 40.0 ], [ 15.0, 40.0 ] ] ] } },
{ "type": "Feature", "properties": { "path": "./Height/europe/w015_n55_w010_n50.zip", "SHA512": "d338f97ba2f75f6e773fd9fb6421f3e6f1e39ba6ae95c458655d98a95d22c392241386084b9cf4b8ed31b4950eca75d25a29b807f86f46cef492bac985efb19f" }, "geometry": { "type": "Polygon", "coordinates": [ [ [ -10.0, 50.0 ], [ -10.0, 55.0 ], [ -15.0, 55.0 ], [ -15.0, 50.0 ], [ -10.0, 50.0 ] ] ] } },
{ "type": "Feature", "properties": { "path": "./Height/europe/e030_n50_e035_n45.zip", "SHA512": "2868cc3f3fbc962ab161525484389c40acc10d268d1b6fa79f34032c3de6e9427bdb95f83081aca86c858995c908ebfeb2d84ba3a726205016657eef11cb73f9" }, "geometry": { "type": "Polygon", "coordinates": [ [ [ 35.0, 45.0 ], [ 35.0, 50.0 ], [ 30.0, 50.0 ], [ 30.0, 45.0 ], [ 35.0, 45.0 ] ] ] } },
{ "type": "Feature", "properties": { "path": "./Height/europe/e055_n45_e060_n40.zip", "SHA512": "79191bbc2f89dde14c6ef9c4d439a5f2529b814547aaf86c2b268ac3241fc23d907f17f418cd0a9ea63a12c4a955582f2fd0e969fc81e077c41a936a0b3133b8" }, "geometry": { "type": "Polygon", "coordinates": [ [ [ 60.0, 40.0 ], [ 60.0, 45.0 ], [ 55.0, 45.0 ], [ 55.0, 40.0 ], [ 60.0, 40.0 ] ] ] } },
{ "type": "Feature", "properties": { "path": "./Height/europe/e025_n50_e030_n45.zip", "SHA512": "724114fa67371e74a51c68a284780da00d2c6975ee4be5d9bb024f424ed64e7dc6ee882141cda6a06c40a6c61d61e2622934941131f5681b74ca139a793a76f1" }, "geometry": { "type": "Polygon", "coordinates": [ [ [ 30.0, 45.0 ], [ 30.0, 50.0 ], [ 25.0, 50.0 ], [ 25.0, 45.0 ], [ 30.0, 45.0 ] ] ] } },
{ "type": "Feature", "properties": { "path": "./Height/europe/e030_n70_e035_n65.zip", "SHA512": "41a293eb5b1ca2c8c5760bdbc3cec5efc6ffa66d2eb052414ad334e639667dc17af4066f1bcc3e30825dc80e06a98ad79894079f1c5f1968443fc418569fc1ab" }, "geometry": { "type": "Polygon", "coordinates": [ [ [ 35.0, 65.0 ], [ 35.0, 70.0 ], [ 30.0, 70.0 ], [ 30.0, 65.0 ], [ 35.0, 65.0 ] ] ] } },
{ "type": "Feature", "properties": { "path": "./Height/europe/e035_n60_e040_n55.zip", "SHA512": "d2fbde4a5f3f5c7a7307b1f65c92698faf7f64dd32a736525622a41910306d09d9093ce0321137c2529f099b5a7e75a314eb6b5de8d8bca5d1aaebea2fa82af0" }, "geometry": { "type": "Polygon", "coordinates": [ [ [ 40.0, 55.0 ], [ 40.0, 60.0 ], [ 35.0, 60.0 ], [ 35.0, 55.0 ], [ 40.0, 55.0 ] ] ] } },
{ "type": "Feature", "properties": { "path": "./Height/europe/w025_n65_w020_n60.zip", "SHA512": "56994cdcee01c6a1c8e736d949eebbefda2e1b58bf568cdc2b855a358bfde3155a87fa0c7fb6b60f9ba3d18d62c25caa0e1799713ee7f9ef0077557b7371d314" }, "geometry": { "type": "Polygon", "coordinates": [ [ [ -20.0, 60.0 ], [ -20.0, 65.0 ], [ -25.0, 65.0 ], [ -25.0, 60.0 ], [ -20.0, 60.0 ] ] ] } },
{ "type": "Feature", "properties": { "path": "./Height/europe/e020_n45_e025_n40.zip", "SHA512": "53500cd4866362a22cc13e0a43cf7f6e90e98ad8c3f518bbcd8b7b05809d78825080edf90f87d037d290320f0fd829596970715f7662b80b1f70f87190e0010b" }, "geometry": { "type": "Polygon", "coordinates": [ [ [ 25.0, 40.0 ], [ 25.0, 45.0 ], [ 20.0, 45.0 ], [ 20.0, 40.0 ], [ 25.0, 40.0 ] ] ] } },
{ "type": "Feature", "properties": { "path": "./Height/europe/e015_n45_e020_n40.zip", "SHA512": "2f52af479f7fe15b7fd1d535d61ae08c9b693b2998f77769e231afc3f695f0200ae0b9b9e65fc31a8702fb3fc171cfdbdaa910e8ea7bf06a194363d245b1493d" }, "geometry": { "type": "Polygon", "coordinates": [ [ [ 20.0, 40.0 ], [ 20.0, 45.0 ], [ 15.0, 45.0 ], [ 15.0, 40.0 ], [ 20.0, 40.0 ] ] ] } },
{ "type": "Feature", "properties": { "path": "./Height/europe/e040_n50_e045_n45.zip", "SHA512": "3c4e46e9c3e31338e814030daa756f528bcb9ddbabaa928f4b557f5660763d61d450280f086aa1472df76d702328a8fb523066b6314bafde55884b47a192f5ec" }, "geometry": { "type": "Polygon", "coordinates": [ [ [ 45.0, 45.0 ], [ 45.0, 50.0 ], [ 40.0, 50.0 ], [ 40.0, 45.0 ], [ 45.0, 45.0 ] ] ] } },
{ "type": "Feature", "properties": { "path": "./Height/europe/w045_n65_w040_n60.zip", "SHA512": "9d7a9fa968e6adc23eb57347d8bd3f5bc0257f68dbfaf96c63a6d973ea9028a55709ed11fa37894299e4ac2a349d9c826cbc92f65fafea6a8842a40370359f69" }, "geometry": { "type": "Polygon", "coordinates": [ [ [ -40.0, 60.0 ], [ -40.0, 65.0 ], [ -45.0, 65.0 ], [ -45.0, 60.0 ], [ -40.0, 60.0 ] ] ] } },
{ "type": "Feature", "properties": { "path": "./Height/europe/e000_n55_e005_n50.zip", "SHA512": "454159b855eb7cf6d8bb244b1456c5f17bd076fb002f6275d81384ecdd1034edda857c8c51494afb691b5b80941e70350ef6db67fe8f9cac7f076fa1376e3f41" }, "geometry": { "type": "Polygon", "coordinates": [ [ [ 5.0, 50.0 ], [ 5.0, 55.0 ], [ 0.0, 55.0 ], [ 0.0, 50.0 ], [ 5.0, 50.0 ] ] ] } },
{ "type": "Feature", "properties": { "path": "./Height/europe/e050_n65_e055_n60.zip", "SHA512": "a6741043bd093f537b492a4aa31cd8f054c2454871299f6e74ad7a95da0323235f0d79897277624bb2f595f72c8973631db851472e97a472d010f4d6e961ec82" }, "geometry": { "type": "Polygon", "coordinates": [ [ [ 55.0, 60.0 ], [ 55.0, 65.0 ], [ 50.0, 65.0 ], [ 50.0, 60.0 ], [ 55.0, 60.0 ] ] ] } },
{ "type": "Feature", "properties": { "path": "./Height/europe/e045_n60_e050_n55.zip", "SHA512": "fe5fdc7cfc9be67ef6a8d92789aca7456d85a1238729aa2b6e794f3f206710d99db67be6d981d2599d322926fee78ae251ea99924d76b6df8123d280aea469ff" }, "geometry": { "type": "Polygon", "coordinates": [ [ [ 50.0, 55.0 ], [ 50.0, 60.0 ], [ 45.0, 60.0 ], [ 45.0, 55.0 ], [ 50.0, 55.0 ] ] ] } },
{ "type": "Feature", "properties": { "path": "./Height/europe/e055_n70_e060_n65.zip", "SHA512": "688e871b1444b6da34e3a13ebcea56e4e6c84e12406144c36b65ca2ac84793686072f29a937e2963e65ffe6df1405efc4ef44aedbccc3369948cd467840b2a32" }, "geometry": { "type": "Polygon", "coordinates": [ [ [ 60.0, 65.0 ], [ 60.0, 70.0 ], [ 55.0, 70.0 ], [ 55.0, 65.0 ], [ 60.0, 65.0 ] ] ] } },
{ "type": "Feature", "properties": { "path": "./Height/europe/e025_n70_e030_n65.zip", "SHA512": "b68ab8b97dc3f945c558dd0a7710f4ae00ffe1c1c5e27d07ebf2ba4a87b75db6ef908932943f96cfc17963f4757c18f69273355abf5f64084e0747ee65b2469c" }, "geometry": { "type": "Polygon", "coordinates": [ [ [ 30.0, 65.0 ], [ 30.0, 70.0 ], [ 25.0, 70.0 ], [ 25.0, 65.0 ], [ 30.0, 65.0 ] ] ] } },
{ "type": "Feature", "properties": { "path": "./Height/europe/e050_n45_e055_n40.zip", "SHA512": "188197e302e7059d3f049dbd5b2a756fbb71f8da2f97d7f9d9676a0249ddc06e684a5b0ff00171d517bd385b5f14a5529efd752a8c143807cdc2d78eace0045a" }, "geometry": { "type": "Polygon", "coordinates": [ [ [ 55.0, 40.0 ], [ 55.0, 45.0 ], [ 50.0, 45.0 ], [ 50.0, 40.0 ], [ 55.0, 40.0 ] ] ] } },
{ "type": "Feature", "properties": { "path": "./Height/europe/w025_n70_w020_n65.zip", "SHA512": "83e7e679c8419d1b24887886b548feeaf59593c154e99150ca0f5caab62f6188ad7ad23df50464eb258771f923615ad7f864004f145ed5fcaa611df459a33f78" }, "geometry": { "type": "Polygon", "coordinates": [ [ [ -20.0, 65.0 ], [ -20.0, 70.0 ], [ -25.0, 70.0 ], [ -25.0, 65.0 ], [ -20.0, 65.0 ] ] ] } },
{ "type": "Feature", "properties": { "path": "./Height/europe/e025_n45_e030_n40.zip", "SHA512": "def8f0c01f30b04a3a3ac6f5a15332fe1bb71af4649a67c1d2d2016eb0f80c4c0b037fe447416d436cc3ae817d7d27fa20ef05c61cd5e77d9740943cf3377a3c" }, "geometry": { "type": "Polygon", "coordinates": [ [ [ 30.0, 40.0 ], [ 30.0, 45.0 ], [ 25.0, 45.0 ], [ 25.0, 40.0 ], [ 30.0, 40.0 ] ] ] } },
{ "type": "Feature", "properties": { "path": "./Height/europe/e005_n60_e010_n55.zip", "SHA512": "6a71f8f27738c4fb1c4fa2d7aaa59fce4bed213006bda4172a5bb1f3cd72798d5bf29a97f18181d82f5490fcdf27039332e9010a181a290add9eb3986c72c748" }, "geometry": { "type": "Polygon", "coordinates": [ [ [ 10.0, 55.0 ], [ 10.0, 60.0 ], [ 5.0, 60.0 ], [ 5.0, 55.0 ], [ 10.0, 55.0 ] ] ] } },
{ "type": "Feature", "properties": { "path": "./Height/europe/e035_n65_e040_n60.zip", "SHA512": "7187c2109b4120bac1e0573c4d1987df15aae64b1c91dd0e8a588a83803065e275dfb4612f81469739b1a0fe25feb519757ae147be2fd30fd3725b8b7d541df6" }, "geometry": { "type": "Polygon", "coordinates": [ [ [ 40.0, 60.0 ], [ 40.0, 65.0 ], [ 35.0, 65.0 ], [ 35.0, 60.0 ], [ 40.0, 60.0 ] ] ] } },
{ "type": "Feature", "properties": { "path": "./Height/europe/e035_n45_e040_n40.zip", "SHA512": "b437ddbecd5b7408379b56d868c37f254a85630927433715e618f384f0c3b07cf4c07632f9fe68da0acba8325ce6bc7ad039912f51457778bc49d8b6dc213ceb" }, "geometry": { "type": "Polygon", "coordinates": [ [ [ 40.0, 40.0 ], [ 40.0, 45.0 ], [ 35.0, 45.0 ], [ 35.0, 40.0 ], [ 40.0, 40.0 ] ] ] } },
{ "type": "Feature", "properties": { "path": "./Height/europe/e040_n45_e045_n40.zip", "SHA512": "e78919021e540b45070e067458ae8909dce9678bbbdaaf6ed8af22f65b9c6d8facd763ab399ab8ba2a804858d521eed4f2bbd7ff8eb7d5d19b0ac91cd08d59db" }, "geometry": { "type": "Polygon", "coordinates": [ [ [ 45.0, 40.0 ], [ 45.0, 45.0 ], [ 40.0, 45.0 ], [ 40.0, 40.0 ], [ 45.0, 40.0 ] ] ] } },
{ "type": "Feature", "properties": { "path": "./Height/europe/e045_n55_e050_n50.zip", "SHA512": "e5d0691389460673a923982dda531194c8c11e98208f40f9484338ae5649c73effbf87b64711970724f901123ded43b14128e1c710579b363d3d9b27629ecdc0" }, "geometry": { "type": "Polygon", "coordinates": [ [ [ 50.0, 50.0 ], [ 50.0, 55.0 ], [ 45.0, 55.0 ], [ 45.0, 50.0 ], [ 50.0, 50.0 ] ] ] } },
{ "type": "Feature", "properties": { "path": "./Height/europe/e045_n50_e050_n45.zip", "SHA512": "a70d65908f0b64dd257154a02e0f5fac36c8982a216f2f1b9baf1d6a3c241bca86725320ef1cfc5e27102e06cf3a0aed0ca3f5ac9aa8970490640063d0eb8c7c" }, "geometry": { "type": "Polygon", "coordinates": [ [ [ 50.0, 45.0 ], [ 50.0, 50.0 ], [ 45.0, 50.0 ], [ 45.0, 45.0 ], [ 50.0, 45.0 ] ] ] } },
{ "type": "Feature", "properties": { "path": "./Height/europe/e020_n70_e025_n65.zip", "SHA512": "3e5624f4e2a5397a0cb5c30387143452fd154b5625c6afab038ca4bdc1959de724e81006a899337573998b16e88af51bce003cd7a17594f34984e6624479d07c" }, "geometry": { "type": "Polygon", "coordinates": [ [ [ 25.0, 65.0 ], [ 25.0, 70.0 ], [ 20.0, 70.0 ], [ 20.0, 65.0 ], [ 25.0, 65.0 ] ] ] } },
{ "type": "Feature", "properties": { "path": "./Height/europe/e030_n65_e035_n60.zip", "SHA512": "ea4a5af91466b7e3b158e179e9c2043171d74d728741572f5a378e8598aca03545bb3857f939bba91213989857f2e2baef36c360b2fb46f85b170f36e0cae411" }, "geometry": { "type": "Polygon", "coordinates": [ [ [ 35.0, 60.0 ], [ 35.0, 65.0 ], [ 30.0, 65.0 ], [ 30.0, 60.0 ], [ 35.0, 60.0 ] ] ] } },
{ "type": "Feature", "properties": { "path": "./Height/europe/e055_n60_e060_n55.zip", "SHA512": "c600a1c38bc270de341d79593adfcb1d23aed5743e832cae550880bf1914424bda0e838a976848f8eef9a619b35df0b780249372b4b9cce9eaf3e10ac7eef840" }, "geometry": { "type": "Polygon", "coordinates": [ [ [ 60.0, 55.0 ], [ 60.0, 60.0 ], [ 55.0, 60.0 ], [ 55.0, 55.0 ], [ 60.0, 55.0 ] ] ] } },
{ "type": "Feature", "properties": { "path": "./Height/europe/w015_n70_w010_n65.zip", "SHA512": "8f9aedd770f4064d53e7a90ba7c40368a75d7b0dbd300696b819a63b6a6ccc3f06c94fbcd2e81f15c8218cdff1f4e630d84ebbb436d73a5350dd837e6b8e8f35" }, "geometry": { "type": "Polygon", "coordinates": [ [ [ -10.0, 65.0 ], [ -10.0, 70.0 ], [ -15.0, 70.0 ], [ -15.0, 65.0 ], [ -10.0, 65.0 ] ] ] } },
{ "type": "Feature", "properties": { "path": "./Height/europe/e030_n75_e035_n70.zip", "SHA512": "612e7e636c4ce9548cde4eed8012c61222e2b4c07b4369119d3b8d3715160252699fd8e4f2151903347bee88612602c1e800687d63425cf8e0a8ea776d753564" }, "geometry": { "type": "Polygon", "coordinates": [ [ [ 35.0, 70.0 ], [ 35.0, 75.0 ], [ 30.0, 75.0 ], [ 30.0, 70.0 ], [ 35.0, 70.0 ] ] ] } },
{ "type": "Feature", "properties": { "path": "./Height/europe/e040_n65_e045_n60.zip", "SHA512": "e38ab9879b837fee8ee9247411f7c1f82710d6f1eff0ff3c6dad2a1fb0248177afa28cbda4277cfaf09e254249f9fc250da92d6769dd4a5a7ad4d52cb30dca10" }, "geometry": { "type": "Polygon", "coordinates": [ [ [ 45.0, 60.0 ], [ 45.0, 65.0 ], [ 40.0, 65.0 ], [ 40.0, 60.0 ], [ 45.0, 60.0 ] ] ] } },
{ "type": "Feature", "properties": { "path": "./Height/europe/e020_n60_e025_n55.zip", "SHA512": "94c835a00d54c55f537e563fa898c5e7e1268b6e77e2c7e8727c71c91e4726232d123f060c9752df0dca98da332a318bd3df95f2d6668b083bd916877201f0a2" }, "geometry": { "type": "Polygon", "coordinates": [ [ [ 25.0, 55.0 ], [ 25.0, 60.0 ], [ 20.0, 60.0 ], [ 20.0, 55.0 ], [ 25.0, 55.0 ] ] ] } },
{ "type": "Feature", "properties": { "path": "./Height/europe/e055_n75_e060_n70.zip", "SHA512": "b3bf69920ebf994fe298d5e356673b93f6698e7b49ba2a76bd04933e55447b782e0e195c0916aa81ce702e7703198c6eef5660d323ba3efd0b7dd2b6acd036d5" }, "geometry": { "type": "Polygon", "coordinates": [ [ [ 60.0, 70.0 ], [ 60.0, 75.0 ], [ 55.0, 75.0 ], [ 55.0, 70.0 ], [ 60.0, 70.0 ] ] ] } },
{ "type": "Feature", "properties": { "path": "./Height/europe/e025_n75_e030_n70.zip", "SHA512": "0a4426126b88a8a09703ed7063754c4b3d98ecdc4dc6bd364868d653ca8507b4cc787b67cb1c5ec247656a97f5772c4c67285f6c73c4de1e9fb65bd8fbfa1e4d" }, "geometry": { "type": "Polygon", "coordinates": [ [ [ 30.0, 70.0 ], [ 30.0, 75.0 ], [ 25.0, 75.0 ], [ 25.0, 70.0 ], [ 30.0, 70.0 ] ] ] } },
{ "type": "Feature", "properties": { "path": "./Height/europe/e040_n60_e045_n55.zip", "SHA512": "9d5e8550f71b92ab965c24789329f9f855733897630bbf4441e11459d4c46cf78e589963098e1c8a62c1cc3d39bf5202258aecedd942ee8594db53029d713d71" }, "geometry": { "type": "Polygon", "coordinates": [ [ [ 45.0, 55.0 ], [ 45.0, 60.0 ], [ 40.0, 60.0 ], [ 40.0, 55.0 ], [ 45.0, 55.0 ] ] ] } },
{ "type": "Feature", "properties": { "path": "./Height/europe/e045_n65_e050_n60.zip", "SHA512": "59f07c40b50179a47bf862936fd882d9d9c2a75f9667a9d911748cc01ae638317cb29b64c4cebfaaa111ed8470d211eb3d67f292fe97a53bca046dc50c3e0149" }, "geometry": { "type": "Polygon", "coordinates": [ [ [ 50.0, 60.0 ], [ 50.0, 65.0 ], [ 45.0, 65.0 ], [ 45.0, 60.0 ], [ 50.0, 60.0 ] ] ] } },
{ "type": "Feature", "properties": { "path": "./Height/europe/e015_n65_e020_n60.zip", "SHA512": "b1a52eb17c761638182b8f7b281a64154c449bd3dd749042811b4a7cfbecbb5dfbdea578b42b8b17afb8484283af020e550301352d4dc131c55010dcf3683691" }, "geometry": { "type": "Polygon", "coordinates": [ [ [ 20.0, 60.0 ], [ 20.0, 65.0 ], [ 15.0, 65.0 ], [ 15.0, 60.0 ], [ 20.0, 60.0 ] ] ] } },
{ "type": "Feature", "properties": { "path": "./Height/europe/w020_n65_w015_n60.zip", "SHA512": "12b28242876e0d9c7982b8ad29c8b7bc3e39909bc86a60f4eb1c048db1386fb05b6a5b1f5d5a61fc9161c74f883268e143c6d29bb8576fadffa2865b65af8ab2" }, "geometry": { "type": "Polygon", "coordinates": [ [ [ -15.0, 60.0 ], [ -15.0, 65.0 ], [ -20.0, 65.0 ], [ -20.0, 60.0 ], [ -15.0, 60.0 ] ] ] } },
{ "type": "Feature", "properties": { "path": "./Height/europe/e035_n55_e040_n50.zip", "SHA512": "8189b324021fcc5166a0684ff784deb88e77346688bb16f12fd34775720be305cdef41312318144cc2dab45da94dff45838a2f4ca4d9a4767b296fa9bb65203e" }, "geometry": { "type": "Polygon", "coordinates": [ [ [ 40.0, 50.0 ], [ 40.0, 55.0 ], [ 35.0, 55.0 ], [ 35.0, 50.0 ], [ 40.0, 50.0 ] ] ] } },
{ "type": "Feature", "properties": { "path": "./Height/europe/e020_n75_e025_n70.zip", "SHA512": "fbfe114f581518e15918f60ec254a63ec8be02a9c71aead8a194ed080f9732af7697418a0d84c4a1cef11c3091410abfbd535247810802303125d3bb3bcdb320" }, "geometry": { "type": "Polygon", "coordinates": [ [ [ 25.0, 70.0 ], [ 25.0, 75.0 ], [ 20.0, 75.0 ], [ 20.0, 70.0 ], [ 25.0, 70.0 ] ] ] } },
{ "type": "Feature", "properties": { "path": "./Height/europe/e055_n65_e060_n60.zip", "SHA512": "aa67332613e118e69887affec5addda4c96d899166639af0abfe5dd0ca403d3d6d48eebedafd3a4b6cb20e348f1f374e0d62c52ccd7c9550e746b33137a0f8fd" }, "geometry": { "type": "Polygon", "coordinates": [ [ [ 60.0, 60.0 ], [ 60.0, 65.0 ], [ 55.0, 65.0 ], [ 55.0, 60.0 ], [ 60.0, 60.0 ] ] ] } },
{ "type": "Feature", "properties": { "path": "./Height/europe/e035_n50_e040_n45.zip", "SHA512": "b3cbaac90688254250f522d3838433efe7654285dda4ea7a942a9f63f5ed000e73b2389c3f902b27c6e2106b3a347da62f02c7f15718f3a99a40124c915d6f42" }, "geometry": { "type": "Polygon", "coordinates": [ [ [ 40.0, 45.0 ], [ 40.0, 50.0 ], [ 35.0, 50.0 ], [ 35.0, 45.0 ], [ 40.0, 45.0 ] ] ] } },
{ "type": "Feature", "properties": { "path": "./Height/europe/e040_n70_e045_n65.zip", "SHA512": "4b71158f593a422ccda20e88cfbdd1c241e61fade7c03ff754ffb9d53145e49ff68d69cc94887bafeb3bffc2f329eeadd0228c4a55da598fb4423d49d70a9e6b" }, "geometry": { "type": "Polygon", "coordinates": [ [ [ 45.0, 65.0 ], [ 45.0, 70.0 ], [ 40.0, 70.0 ], [ 40.0, 65.0 ], [ 45.0, 65.0 ] ] ] } },
{ "type": "Feature", "properties": { "path": "./Height/europe/e005_n65_e010_n60.zip", "SHA512": "387bdb2545a2742488c1c7c03a0a9e7fe23946addcb351275aedbe641a34d3a6a46020593964f64e4fb37b630341f268e9ea01404c3e2c0cd6afce1281f8acd5" }, "geometry": { "type": "Polygon", "coordinates": [ [ [ 10.0, 60.0 ], [ 10.0, 65.0 ], [ 5.0, 65.0 ], [ 5.0, 60.0 ], [ 10.0, 60.0 ] ] ] } },
{ "type": "Feature", "properties": { "path": "./Height/europe/e015_n75_e020_n70.zip", "SHA512": "5f1400c6be461f1763591bc696da2766c7143528a1bd56dcf8acc6706f88fff085b921043dff4fdd740f256acb499d3025644ab928055b108752de59b9596afc" }, "geometry": { "type": "Polygon", "coordinates": [ [ [ 20.0, 70.0 ], [ 20.0, 75.0 ], [ 15.0, 75.0 ], [ 15.0, 70.0 ], [ 20.0, 70.0 ] ] ] } },
{ "type": "Feature", "properties": { "path": "./Height/europe/e050_n55_e055_n50.zip", "SHA512": "0659eb636b4b3813f2150edf8b3156906f2a9dfb222ac5f4c7d9da44acc18a6190e56805825570e9a57ea9c55d770535e87f4ad3336147dde0e8d749cdbde72e" }, "geometry": { "type": "Polygon", "coordinates": [ [ [ 55.0, 50.0 ], [ 55.0, 55.0 ], [ 50.0, 55.0 ], [ 50.0, 50.0 ], [ 55.0, 50.0 ] ] ] } },
{ "type": "Feature", "properties": { "path": "./Height/europe/e005_n50_e010_n45.zip", "SHA512": "66c713d8666448ebc78d0f94159b67e3eea38dec4bfbc2b26f9e103ea488ed32d0cdf6f043112809607a902a14885e0c4e93c46f3f921b9cfa87a5ddb6e29240" }, "geometry": { "type": "Polygon", "coordinates": [ [ [ 10.0, 45.0 ], [ 10.0, 50.0 ], [ 5.0, 50.0 ], [ 5.0, 45.0 ], [ 10.0, 45.0 ] ] ] } },
{ "type": "Feature", "properties": { "path": "./Height/europe/e040_n55_e045_n50.zip", "SHA512": "416d1190aeaea146e923a8ab4b168fe9e60a45c3080ceaee8938df6cfecd546120cc83f078c901a41513da107a3d1461b5e9895d7359c3329abee08d3c0b218d" }, "geometry": { "type": "Polygon", "coordinates": [ [ [ 45.0, 50.0 ], [ 45.0, 55.0 ], [ 40.0, 55.0 ], [ 40.0, 50.0 ], [ 45.0, 50.0 ] ] ] } },
{ "type": "Feature", "properties": { "path": "./Height/europe/e000_n65_e005_n60.zip", "SHA512": "c93495aa90e8e9fa02b81b7f63a57c277d1c95278d34ffb6ab0bfd8c3a6954b5b21bb834adbb7bb17032d0e0651e3cc59ab744d608a5dd4e152d0fb79bcb3ff1" }, "geometry": { "type": "Polygon", "coordinates": [ [ [ 5.0, 60.0 ], [ 5.0, 65.0 ], [ 0.0, 65.0 ], [ 0.0, 60.0 ], [ 5.0, 60.0 ] ] ] } },
{ "type": "Feature", "properties": { "path": "./Height/europe/e020_n50_e025_n45.zip", "SHA512": "00831bb159f355d7f3e19be07e9225b371ac2b04aaa6ee653ee9719fc10be12b3032cf691a423d3c81e90b2e240857387d290777f0fac955371e646441e69b52" }, "geometry": { "type": "Polygon", "coordinates": [ [ [ 25.0, 45.0 ], [ 25.0, 50.0 ], [ 20.0, 50.0 ], [ 20.0, 45.0 ], [ 25.0, 45.0 ] ] ] } },
{ "type": "Feature", "properties": { "path": "./Height/europe/e010_n65_e015_n60.zip", "SHA512": "dd203b650249424c535bdeee53bcc510cc33adffacac258305f1959a9056d6450afd06332abc185b4f6a9d3260706d03875c3c84b63cfd6a29b4fe6f50c25c9e" }, "geometry": { "type": "Polygon", "coordinates": [ [ [ 15.0, 60.0 ], [ 15.0, 65.0 ], [ 10.0, 65.0 ], [ 10.0, 60.0 ], [ 15.0, 60.0 ] ] ] } },
{ "type": "Feature", "properties": { "path": "./Height/asiaeast/e110_n55_e115_n50.zip", "SHA512": "f2682357e357559c86b8a3633599b07ce33e7727869f30c04710501813e40d87d41dcd3b4d18bc1052615ab5e68187475ea35086ffd9eb6fa0f8820d09208914" }, "geometry": { "type": "Polygon", "coordinates": [ [ [ 115.0, 50.0 ], [ 115.0, 55.0 ], [ 110.0, 55.0 ], [ 110.0, 50.0 ], [ 115.0, 50.0 ] ] ] } },
{ "type": "Feature", "properties": { "path": "./Height/asiaeast/e165_n15_e170_n10.zip", "SHA512": "f27a0c1eb247d1aced06f768ca093505056a3eed6510c0bd984d2e050bb10a15098262b8de64743d2837c3d324f7be6878ee93423404a0cfc3d7fd045ae6e64e" }, "geometry": { "type": "Polygon", "coordinates": [ [ [ 170.0, 10.0 ], [ 170.0, 15.0 ], [ 165.0, 15.0 ], [ 165.0, 10.0 ], [ 170.0, 10.0 ] ] ] } },
{ "type": "Feature", "properties": { "path": "./Height/asiaeast/e120_n50_e125_n45.zip", "SHA512": "d5d9d9134e966aedf17669ae0524b399f2ed58081ca2a5c25299c95984eba7e1e0f5bfd412e44098f83f294bd83c9d54a25ae54376c09528effdf253a649df82" }, "geometry": { "type": "Polygon", "coordinates": [ [ [ 125.0, 45.0 ], [ 125.0, 50.0 ], [ 120.0, 50.0 ], [ 120.0, 45.0 ], [ 125.0, 45.0 ] ] ] } },
{ "type": "Feature", "properties": { "path": "./Height/asiaeast/e125_n75_e130_n70.zip", "SHA512": "837ecea1afd8b09066721de1aa91596252f8d3a96da963dedba8a0c1dc3991596adff41d0ff1f32f10a490911dfea8e066c96b868afe8c9119d6da20c0f8785f" }, "geometry": { "type": "Polygon", "coordinates": [ [ [ 130.0, 70.0 ], [ 130.0, 75.0 ], [ 125.0, 75.0 ], [ 125.0, 70.0 ], [ 130.0, 70.0 ] ] ] } },
{ "type": "Feature", "properties": { "path": "./Height/asiaeast/e120_n25_e125_n20.zip", "SHA512": "08b9c5e7003847c808dd91a4567781ea787030437d98770b02655f21e10de50eef81bf028e7733931e4dc1fe80b5c9fb6581285c1e93e8f4e9774f32b9bce9cc" }, "geometry": { "type": "Polygon", "coordinates": [ [ [ 125.0, 20.0 ], [ 125.0, 25.0 ], [ 120.0, 25.0 ], [ 120.0, 20.0 ], [ 125.0, 20.0 ] ] ] } },
{ "type": "Feature", "properties": { "path": "./Height/asiaeast/e110_n25_e115_n20.zip", "SHA512": "a7bdea011ec9a1ddb06c359410f9fb1cbe41795ccdca55576fd71b0161b21e42d74ddeefc251521ccf913871fd30deded0c21571c0a42f566bfa90d928860f8d" }, "geometry": { "type": "Polygon", "coordinates": [ [ [ 115.0, 20.0 ], [ 115.0, 25.0 ], [ 110.0, 25.0 ], [ 110.0, 20.0 ], [ 115.0, 20.0 ] ] ] } },
{ "type": "Feature", "properties": { "path": "./Height/asiaeast/e125_n45_e130_n40.zip", "SHA512": "49cc31c24e57965b0b7b433738b49b130241d1450f3aed5d68aa35da1a27cd22ee1f5171e44401e10f4711b907ebb41cb3dff704447a35630426b1c4d27526c6" }, "geometry": { "type": "Polygon", "coordinates": [ [ [ 130.0, 40.0 ], [ 130.0, 45.0 ], [ 125.0, 45.0 ], [ 125.0, 40.0 ], [ 130.0, 40.0 ] ] ] } },
{ "type": "Feature", "properties": { "path": "./Height/asiaeast/e115_n70_e120_n65.zip", "SHA512": "96ba0523c8c20b7ebd479e8054bc0a1ef1325c6126936c8ba46d681032199bd3b1519706239ae569128890863c605c10ad90d626d84d60e2d3f358424c92f550" }, "geometry": { "type": "Polygon", "coordinates": [ [ [ 120.0, 65.0 ], [ 120.0, 70.0 ], [ 115.0, 70.0 ], [ 115.0, 65.0 ], [ 120.0, 65.0 ] ] ] } },
{ "type": "Feature", "properties": { "path": "./Height/asiaeast/e155_n10_e160_n05.zip", "SHA512": "3b2df2466d58d4fbd0b84235595f87136eeae02852b4d8a30ad78a7712cac606535f31d45969c856c1f3a91ebc49ccf8046287684ee0eb7bb484a23307affb70" }, "geometry": { "type": "Polygon", "coordinates": [ [ [ 160.0, 5.0 ], [ 160.0, 10.0 ], [ 155.0, 10.0 ], [ 155.0, 5.0 ], [ 160.0, 5.0 ] ] ] } },
{ "type": "Feature", "properties": { "path": "./Height/asiaeast/e155_n70_e160_n65.zip", "SHA512": "a2b26e378145f1486424240a003a3022122d8a88a00cc4a8c0237bbc5288a12f7a49d53e20b4b3a94398ba037f254972531eddefc80018c2714ba69a5108bb14" }, "geometry": { "type": "Polygon", "coordinates": [ [ [ 160.0, 65.0 ], [ 160.0, 70.0 ], [ 155.0, 70.0 ], [ 155.0, 65.0 ], [ 160.0, 65.0 ] ] ] } },
{ "type": "Feature", "properties": { "path": "./Height/asiaeast/e170_n75_e175_n70.zip", "SHA512": "0711a4b231d7a1fd6341b2b5f2310a1e489bb39e69407deb8cd0441d4a885e8184e61b60454c9977179265c1f0067e95367713aa0504cb279fd35195173562c0" }, "geometry": { "type": "Polygon", "coordinates": [ [ [ 175.0, 70.0 ], [ 175.0, 75.0 ], [ 170.0, 75.0 ], [ 170.0, 70.0 ], [ 175.0, 70.0 ] ] ] } },
{ "type": "Feature", "properties": { "path": "./Height/asiaeast/e135_n75_e140_n70.zip", "SHA512": "2fa701d8509650a704f1d01c500ff03decff3cb9dab67185abd8cd7f566ebdfdc8c1721f829a543ae8454300de2412b7c97e9fe502b456e999e0b1eaf0d62634" }, "geometry": { "type": "Polygon", "coordinates": [ [ [ 140.0, 70.0 ], [ 140.0, 75.0 ], [ 135.0, 75.0 ], [ 135.0, 70.0 ], [ 140.0, 70.0 ] ] ] } },
{ "type": "Feature", "properties": { "path": "./Height/asiaeast/e160_n60_e165_n55.zip", "SHA512": "7cfae211c44eb8c44843c92655885a73f92c5a026aa8f47fd697aacf76545d8aa46c2d910dde30fbf42850b754ebc57178efe037072b4017cc15c7d3f6bf269c" }, "geometry": { "type": "Polygon", "coordinates": [ [ [ 165.0, 55.0 ], [ 165.0, 60.0 ], [ 160.0, 60.0 ], [ 160.0, 55.0 ], [ 165.0, 55.0 ] ] ] } },
{ "type": "Feature", "properties": { "path": "./Height/asiaeast/e145_n70_e150_n65.zip", "SHA512": "18dd29501021bd8d5d03a15c1f9e75e4d88ab2bc44af4bae9b3b5ccaa7e57a9af47f3c8ba3b2ee9755edc9e5dbc767b3d522f56ec3925676a4e633d62b8098bf" }, "geometry": { "type": "Polygon", "coordinates": [ [ [ 150.0, 65.0 ], [ 150.0, 70.0 ], [ 145.0, 70.0 ], [ 145.0, 65.0 ], [ 150.0, 65.0 ] ] ] } },
{ "type": "Feature", "properties": { "path": "./Height/asiaeast/e130_n30_e135_n25.zip", "SHA512": "5387182fb9e8ef9c52c3f8191046f84272f32a6934c8b5cd5fbf8b6ffc2f392f57360a14ea91292f6d9e39b13db581784d75ff8ce6aaaa2ac4606629b2a6a012" }, "geometry": { "type": "Polygon", "coordinates": [ [ [ 135.0, 25.0 ], [ 135.0, 30.0 ], [ 130.0, 30.0 ], [ 130.0, 25.0 ], [ 135.0, 25.0 ] ] ] } },
{ "type": "Feature", "properties": { "path": "./Height/asiaeast/e115_n45_e120_n40.zip", "SHA512": "dd897bb5a68380d2a911e53201b96c3d22761751a169d5ef231eb523d2750d7ebbcf37545f2e245834c5c22fd73c3b21a5ba1387ddbf6ed0075b2b028f537ef7" }, "geometry": { "type": "Polygon", "coordinates": [ [ [ 120.0, 40.0 ], [ 120.0, 45.0 ], [ 115.0, 45.0 ], [ 115.0, 40.0 ], [ 120.0, 40.0 ] ] ] } },
{ "type": "Feature", "properties": { "path": "./Height/asiaeast/e120_n10_e125_n05.zip", "SHA512": "ebfcebb8af7e6c0c6b64c4bdb3ce449f83383570aa848a77a2e0348399796c0b9dbd2c04c8e13f5e41b9f0ae30ce567c270a9633b4af4fdc724ade3cd4741f62" }, "geometry": { "type": "Polygon", "coordinates": [ [ [ 125.0, 5.0 ], [ 125.0, 10.0 ], [ 120.0, 10.0 ], [ 120.0, 5.0 ], [ 125.0, 5.0 ] ] ] } },
{ "type": "Feature", "properties": { "path": "./Height/asiaeast/e135_n40_e140_n35.zip", "SHA512": "f831c2490dfc28dcc29daffb208c64d9aa4dc32531f5ff35e6923fb9d110dd27e71537695beb05442434994b720015df13f3a01ae9fe1f2c976a12e01cf8b744" }, "geometry": { "type": "Polygon", "coordinates": [ [ [ 140.0, 35.0 ], [ 140.0, 40.0 ], [ 135.0, 40.0 ], [ 135.0, 35.0 ], [ 140.0, 35.0 ] ] ] } },
{ "type": "Feature", "properties": { "path": "./Height/asiaeast/e150_n65_e155_n60.zip", "SHA512": "c649490ce5d7df0e36d82789a9b7f4666d1906f382e06b9f2af398ec89bf20c80b8170fecabb374e2ffb535d50854e950e121920629e4c2305f2c3282aab2f68" }, "geometry": { "type": "Polygon", "coordinates": [ [ [ 155.0, 60.0 ], [ 155.0, 65.0 ], [ 150.0, 65.0 ], [ 150.0, 60.0 ], [ 155.0, 60.0 ] ] ] } },
{ "type": "Feature", "properties": { "path": "./Height/asiaeast/e140_n30_e145_n25.zip", "SHA512": "9e6f147ab9d9367b0dfecf6583528efb79c6b57f6194d1977fc7add4a5ad767c754ffb7b91428193c6333c41ad86ea86a257f81c926ae654d9a04728d4a509df" }, "geometry": { "type": "Polygon", "coordinates": [ [ [ 145.0, 25.0 ], [ 145.0, 30.0 ], [ 140.0, 30.0 ], [ 140.0, 25.0 ], [ 145.0, 25.0 ] ] ] } },
{ "type": "Feature", "properties": { "path": "./Height/asiaeast/e120_n75_e125_n70.zip", "SHA512": "39d561b91bb7ad5b4bff5e3536b2c0a22c9bee5b0b2f30b72b3cddd2a16ba65397b067478863fba4dd4193a5c3dd719098e1a009fa1cd8def1ed4c7b721eb2b4" }, "geometry": { "type": "Polygon", "coordinates": [ [ [ 125.0, 70.0 ], [ 125.0, 75.0 ], [ 120.0, 75.0 ], [ 120.0, 70.0 ], [ 125.0, 70.0 ] ] ] } },
{ "type": "Feature", "properties": { "path": "./Height/asiaeast/e110_n60_e115_n55.zip", "SHA512": "acf70ebe5fed1fdaa7fd0473172417fe5d3716477e9feb6f60959b66817579ed526540a7baa0b04639f37e02fcd366607327bce20dc8ee0ff446355337f39027" }, "geometry": { "type": "Polygon", "coordinates": [ [ [ 115.0, 55.0 ], [ 115.0, 60.0 ], [ 110.0, 60.0 ], [ 110.0, 55.0 ], [ 115.0, 55.0 ] ] ] } },
{ "type": "Feature", "properties": { "path": "./Height/asiaeast/e110_n70_e115_n65.zip", "SHA512": "08bc55c24a81690df5872e3ab6ae68a9da5fbcf5e9de5f4c025991ae919c9abfd6fc849a3158780e136378447e74f1d140e10732c41677cfe30d58d80c32eb64" }, "geometry": { "type": "Polygon", "coordinates": [ [ [ 115.0, 65.0 ], [ 115.0, 70.0 ], [ 110.0, 70.0 ], [ 110.0, 65.0 ], [ 115.0, 65.0 ] ] ] } },
{ "type": "Feature", "properties": { "path": "./Height/asiaeast/e135_n60_e140_n55.zip", "SHA512": "d26063728335429a5e9068492c1bc59008add7304cee0165df09a735d4be940266c10baf6b1291073c8357de268237b1f22c3b42bbe7542d88f79b9e64908bf3" }, "geometry": { "type": "Polygon", "coordinates": [ [ [ 140.0, 55.0 ], [ 140.0, 60.0 ], [ 135.0, 60.0 ], [ 135.0, 55.0 ], [ 140.0, 55.0 ] ] ] } },
{ "type": "Feature", "properties": { "path": "./Height/asiaeast/e150_n50_e155_n45.zip", "SHA512": "cd58f965d679d6614367cab74d9cc9d64266207cde1ff92bba8cd7d6d11cf5fc9b933e25bafcd441a3f4e3ee015bb43dbf179b9ac7a652b8a0edd04740fd0099" }, "geometry": { "type": "Polygon", "coordinates": [ [ [ 155.0, 45.0 ], [ 155.0, 50.0 ], [ 150.0, 50.0 ], [ 150.0, 45.0 ], [ 155.0, 45.0 ] ] ] } },
{ "type": "Feature", "properties": { "path": "./Height/asiaeast/e145_n20_e150_n15.zip", "SHA512": "b694e0b5194ef741d6e0c7685c6ab56999be98fc1bed841bbaf1952a0535214a42a7621cf2dd12e8e8d86ca3c35d7ef1160ebf00618e5c0b772ee65584fb1249" }, "geometry": { "type": "Polygon", "coordinates": [ [ [ 150.0, 15.0 ], [ 150.0, 20.0 ], [ 145.0, 20.0 ], [ 145.0, 15.0 ], [ 150.0, 15.0 ] ] ] } },
{ "type": "Feature", "properties": { "path": "./Height/asiaeast/e115_n75_e120_n70.zip", "SHA512": "98bc424e2a565545b0fb7e930b80b8529eb020b1d5e940e8211bb01608064d803c80cdb5867b13f1abef11f8419e43f9e674747cc15eb82898174f8b40c90a43" }, "geometry": { "type": "Polygon", "coordinates": [ [ [ 120.0, 70.0 ], [ 120.0, 75.0 ], [ 115.0, 75.0 ], [ 115.0, 70.0 ], [ 120.0, 70.0 ] ] ] } },
{ "type": "Feature", "properties": { "path": "./Height/asiaeast/e115_n55_e120_n50.zip", "SHA512": "aa953697b01852f6e621dd801614e6cb3d0dcbb2d6a994f839d36b93ea578f725d34a867c34d015728f510ec05a46f927279c1d74437515a8910618a04dde0ba" }, "geometry": { "type": "Polygon", "coordinates": [ [ [ 120.0, 50.0 ], [ 120.0, 55.0 ], [ 115.0, 55.0 ], [ 115.0, 50.0 ], [ 120.0, 50.0 ] ] ] } },
{ "type": "Feature", "properties": { "path": "./Height/asiaeast/e125_n55_e130_n50.zip", "SHA512": "5f15b6f8013c2b0d6b82e424caa7cecdd76d2c99605da0b078b1dabc19e290246002239eb4c34ce1c91c3bcfce2a4c746c9ceba1b538eb035b61499c9c8f6ddf" }, "geometry": { "type": "Polygon", "coordinates": [ [ [ 130.0, 50.0 ], [ 130.0, 55.0 ], [ 125.0, 55.0 ], [ 125.0, 50.0 ], [ 130.0, 50.0 ] ] ] } },
{ "type": "Feature", "properties": { "path": "./Height/asiaeast/e110_n10_e115_n05.zip", "SHA512": "761a41f41f06effc336d8c3633e1f08adccb3c989a5ed7e6017eed7c3b4e9059f81250db9a269558c42af18e2fc0c47882c3d68d6242a3497e13901c82bd2014" }, "geometry": { "type": "Polygon", "coordinates": [ [ [ 115.0, 5.0 ], [ 115.0, 10.0 ], [ 110.0, 10.0 ], [ 110.0, 5.0 ], [ 115.0, 5.0 ] ] ] } },
{ "type": "Feature", "properties": { "path": "./Height/asiaeast/e125_n50_e130_n45.zip", "SHA512": "82416b77f237f4408013ae75ebf1429d776413e26cf67dd88a1ac0cb5755a86e6555f81434f5d8c58af3f7e8279e8e60e7212b1e736a6cbd74e4efa2fb068949" }, "geometry": { "type": "Polygon", "coordinates": [ [ [ 130.0, 45.0 ], [ 130.0, 50.0 ], [ 125.0, 50.0 ], [ 125.0, 45.0 ], [ 130.0, 45.0 ] ] ] } },
{ "type": "Feature", "properties": { "path": "./Height/asiaeast/e130_n40_e135_n35.zip", "SHA512": "d5e519347733a49b0399aa52e4dc5073b71c2d3f1b39ef3423c9ace2dff9b3fd1bcd8b400aa8e8d9713210ccfea1f416dbc83e76617a9dfce83a9eb48c39157b" }, "geometry": { "type": "Polygon", "coordinates": [ [ [ 135.0, 35.0 ], [ 135.0, 40.0 ], [ 130.0, 40.0 ], [ 130.0, 35.0 ], [ 135.0, 35.0 ] ] ] } },
{ "type": "Feature", "properties": { "path": "./Height/asiaeast/e125_n65_e130_n60.zip", "SHA512": "dd59ddc30c8568f6d7309c1a5e853845bfc3a2ec86eced1fde710827d6de6d20b71b5fa0fdafc38cb104c022caf53f74726ea0ac83506b582ee5533868249eb5" }, "geometry": { "type": "Polygon", "coordinates": [ [ [ 130.0, 60.0 ], [ 130.0, 65.0 ], [ 125.0, 65.0 ], [ 125.0, 60.0 ], [ 130.0, 60.0 ] ] ] } },
{ "type": "Feature", "properties": { "path": "./Height/asiaeast/e120_n55_e125_n50.zip", "SHA512": "074e9479045216bd00567edabe37cfd35b60fdedf04245ab4ab0f3bcc2b86e6ac6446786ed32bb2d377e010e88758134160d7df0c4006167fb99940037f4714a" }, "geometry": { "type": "Polygon", "coordinates": [ [ [ 125.0, 50.0 ], [ 125.0, 55.0 ], [ 120.0, 55.0 ], [ 120.0, 50.0 ], [ 125.0, 50.0 ] ] ] } },
{ "type": "Feature", "properties": { "path": "./Height/asiaeast/e160_n65_e165_n60.zip", "SHA512": "2d8c41fb6583a4759314fec45ebb74a8228312203e590260d4268f0dd4ea02f0a7cf2c383a7187b0ca51f415b8403d5939a3af2a233623e3f784733b5fef88ac" }, "geometry": { "type": "Polygon", "coordinates": [ [ [ 165.0, 60.0 ], [ 165.0, 65.0 ], [ 160.0, 65.0 ], [ 160.0, 60.0 ], [ 165.0, 60.0 ] ] ] } },
{ "type": "Feature", "properties": { "path": "./Height/asiaeast/e130_n60_e135_n55.zip", "SHA512": "d96accfaffc56d1bcb08a008604a7ecf6de2d8eaf1d7ce79b4b6726cf72308220addf5bc28e91e595fa537effccda0fa4edc43fc93872b44e17c7ad78150b2c3" }, "geometry": { "type": "Polygon", "coordinates": [ [ [ 135.0, 55.0 ], [ 135.0, 60.0 ], [ 130.0, 60.0 ], [ 130.0, 55.0 ], [ 135.0, 55.0 ] ] ] } },
{ "type": "Feature", "properties": { "path": "./Height/asiaeast/e155_n55_e160_n50.zip", "SHA512": "e40df27e1e1612fb54e87b3357d3d31601c3b834b3d0091c8a17d2a78d008577586df737c0cc4dcd31be1c8c171d2bd3dc129f7f46b0bb0be58b49a83e24a606" }, "geometry": { "type": "Polygon", "coordinates": [ [ [ 160.0, 50.0 ], [ 160.0, 55.0 ], [ 155.0, 55.0 ], [ 155.0, 50.0 ], [ 160.0, 50.0 ] ] ] } },
{ "type": "Feature", "properties": { "path": "./Height/asiaeast/e110_n75_e115_n70.zip", "SHA512": "a003cd3a19443c9f2372dedda4f62415a7ccd69d537cdac340922e0f6a9bc1c63ce5a73a1df54dc750d83e1cc7ad484219a059e9e9e5d41ca7f69ec8fa7d5b26" }, "geometry": { "type": "Polygon", "coordinates": [ [ [ 115.0, 70.0 ], [ 115.0, 75.0 ], [ 110.0, 75.0 ], [ 110.0, 70.0 ], [ 115.0, 70.0 ] ] ] } },
{ "type": "Feature", "properties": { "path": "./Height/asiaeast/e135_n10_e140_n05.zip", "SHA512": "c59c8a9cc0e10196a57c9cf75f8f95f2ac9dee62969470266b8d94fdb5726387d0028338bed8cb5ca22ebcd2aab0c36892b8f9dd24707bf3d213aaaa126e2889" }, "geometry": { "type": "Polygon", "coordinates": [ [ [ 140.0, 5.0 ], [ 140.0, 10.0 ], [ 135.0, 10.0 ], [ 135.0, 5.0 ], [ 140.0, 5.0 ] ] ] } },
{ "type": "Feature", "properties": { "path": "./Height/asiaeast/e115_n10_e120_n05.zip", "SHA512": "747677d299c095f611a89baac48a92117d1ca9627a15f8b01e7afb160f3573857ded8c379190b7086913f96713c75821373afd3918a33d469c64c71456bc1dc8" }, "geometry": { "type": "Polygon", "coordinates": [ [ [ 120.0, 5.0 ], [ 120.0, 10.0 ], [ 115.0, 10.0 ], [ 115.0, 5.0 ], [ 120.0, 5.0 ] ] ] } },
{ "type": "Feature", "properties": { "path": "./Height/asiaeast/e135_n55_e140_n50.zip", "SHA512": "d63494d7aa894241c3296295799646c0e76fae71147c37b1147aa44ae458a42ce857d519627f1c6ab8795f459210aad3c4fe1bd661e07554bc27b7ea54d15071" }, "geometry": { "type": "Polygon", "coordinates": [ [ [ 140.0, 50.0 ], [ 140.0, 55.0 ], [ 135.0, 55.0 ], [ 135.0, 50.0 ], [ 140.0, 50.0 ] ] ] } },
{ "type": "Feature", "properties": { "path": "./Height/asiaeast/e120_n35_e125_n30.zip", "SHA512": "d27402a84acc8649b37463aeb3acd1642f34bc14f35c6d62f1e442d2a771ad604f1587bcbbcecc6be71e2b719ad818ddee72b423483ea1d7686584401f7b9c19" }, "geometry": { "type": "Polygon", "coordinates": [ [ [ 125.0, 30.0 ], [ 125.0, 35.0 ], [ 120.0, 35.0 ], [ 120.0, 30.0 ], [ 125.0, 30.0 ] ] ] } },
{ "type": "Feature", "properties": { "path": "./Height/asiaeast/e115_n35_e120_n30.zip", "SHA512": "545048aae59e1655ef6c7161092fe7ff725792eeacc9c58f8ca7d040273203ed2fe71a6d7ce27bf90d7238450e2392213f6acb306b22dc224f07ce5c89d68826" }, "geometry": { "type": "Polygon", "coordinates": [ [ [ 120.0, 30.0 ], [ 120.0, 35.0 ], [ 115.0, 35.0 ], [ 115.0, 30.0 ], [ 120.0, 30.0 ] ] ] } },
{ "type": "Feature", "properties": { "path": "./Height/asiaeast/e115_n60_e120_n55.zip", "SHA512": "740383fec081d5115f25b0573f80a7421c8768af30045b6023bbe0367434daf6a9fbcd859b0857d690264f6286459f8a1d4d5e6dbe43b60fbcc3865eed6d7235" }, "geometry": { "type": "Polygon", "coordinates": [ [ [ 120.0, 55.0 ], [ 120.0, 60.0 ], [ 115.0, 60.0 ], [ 115.0, 55.0 ], [ 120.0, 55.0 ] ] ] } },
{ "type": "Feature", "properties": { "path": "./Height/asiaeast/e125_n25_e130_n20.zip", "SHA512": "10c3596bed186d21bd6c99a672b171b77456f4a99dc83640e223d7f7769e271606c694d81951ba47ae85791096b5a61bd07774b314ea18ecd6e114dfb1d41280" }, "geometry": { "type": "Polygon", "coordinates": [ [ [ 130.0, 20.0 ], [ 130.0, 25.0 ], [ 125.0, 25.0 ], [ 125.0, 20.0 ], [ 130.0, 20.0 ] ] ] } },
{ "type": "Feature", "properties": { "path": "./Height/asiaeast/e125_n35_e130_n30.zip", "SHA512": "d1dcb7be89213455d36183a177626ebe8dc2ff728b2df13f9a71c05cf25ab316aece75bd47474dc720e2df8edc7e9a2a1a6737ed5fcaef0c212d6813c7dc6129" }, "geometry": { "type": "Polygon", "coordinates": [ [ [ 130.0, 30.0 ], [ 130.0, 35.0 ], [ 125.0, 35.0 ], [ 125.0, 30.0 ], [ 130.0, 30.0 ] ] ] } },
{ "type": "Feature", "properties": { "path": "./Height/asiaeast/e110_n15_e115_n10.zip", "SHA512": "42b7f2ac83b60a69011a030ec9327bb9a3f4d7b6e8e2c931840bd7ea53eeca6af03336f146c47d4bf2985a92898d5bfaf3f3a566734e7abb94dd75ec7c0467ca" }, "geometry": { "type": "Polygon", "coordinates": [ [ [ 115.0, 10.0 ], [ 115.0, 15.0 ], [ 110.0, 15.0 ], [ 110.0, 10.0 ], [ 115.0, 10.0 ] ] ] } },
{ "type": "Feature", "properties": { "path": "./Height/asiaeast/e140_n55_e145_n50.zip", "SHA512": "cafa630dcfb4f79701a4b98b7e59c292a7cde3cfe3edbfde75c2ebe1ca2969502855575b6464a98364db92f5b20f0494d07ab40d467c4e1df9f5e2f40ac704cd" }, "geometry": { "type": "Polygon", "coordinates": [ [ [ 145.0, 50.0 ], [ 145.0, 55.0 ], [ 140.0, 55.0 ], [ 140.0, 50.0 ], [ 145.0, 50.0 ] ] ] } },
{ "type": "Feature", "properties": { "path": "./Height/asiaeast/e120_n70_e125_n65.zip", "SHA512": "3f0a9de9f7f9507ebeaec7b7e6d487528e5b94bd52d936854e7be77d789cbfc9f999ca6f20e81f480550a4b7bd6835fe2654409b74a165321548ddda64ea485b" }, "geometry": { "type": "Polygon", "coordinates": [ [ [ 125.0, 65.0 ], [ 125.0, 70.0 ], [ 120.0, 70.0 ], [ 120.0, 65.0 ], [ 125.0, 65.0 ] ] ] } },
{ "type": "Feature", "properties": { "path": "./Height/asiaeast/e140_n10_e145_n05.zip", "SHA512": "3e2d062222ae45ffe31242e233269fa11e2d3f599f775c56dabe69da493312e53bb9dfbf0941be093ab0896e288440a3eee79d8d3e57dc8cfd7212bd79a47585" }, "geometry": { "type": "Polygon", "coordinates": [ [ [ 145.0, 5.0 ], [ 145.0, 10.0 ], [ 140.0, 10.0 ], [ 140.0, 5.0 ], [ 145.0, 5.0 ] ] ] } },
{ "type": "Feature", "properties": { "path": "./Height/asiaeast/e140_n60_e145_n55.zip", "SHA512": "1752ec0bc0155276ffb2f549d35acf5d003cc0534a525bec7b6f666cf8326ea89e6caca8d5ad169a2f05b500a96f95f69b92bae0bb33e5e0fdd5b90106dd0ca5" }, "geometry": { "type": "Polygon", "coordinates": [ [ [ 145.0, 55.0 ], [ 145.0, 60.0 ], [ 140.0, 60.0 ], [ 140.0, 55.0 ], [ 145.0, 55.0 ] ] ] } },
{ "type": "Feature", "properties": { "path": "./Height/asiaeast/e135_n70_e140_n65.zip", "SHA512": "5111750e5c28937beb1cfcc33e1cf02642ce1deb49522ed5eaedc2a32d7b95944d350e12f04d6c3760dc4596881d18a7d3ed7b5ac5c275983ea4e759ed70f1e5" }, "geometry": { "type": "Polygon", "coordinates": [ [ [ 140.0, 65.0 ], [ 140.0, 70.0 ], [ 135.0, 70.0 ], [ 135.0, 65.0 ], [ 140.0, 65.0 ] ] ] } },
{ "type": "Feature", "properties": { "path": "./Height/asiaeast/e125_n60_e130_n55.zip", "SHA512": "075b7a8f96f1000c0ac97944d3ad18c7dcdfad17ed38bd6588f85cc8de62a19487dca545fee34311397ab6a4f97bbccc1cdd784f8aa0b0303f5e6c4352c9aaab" }, "geometry": { "type": "Polygon", "coordinates": [ [ [ 130.0, 55.0 ], [ 130.0, 60.0 ], [ 125.0, 60.0 ], [ 125.0, 55.0 ], [ 130.0, 55.0 ] ] ] } },
{ "type": "Feature", "properties": { "path": "./Height/asiaeast/e110_n30_e115_n25.zip", "SHA512": "32b81ee6901c84ae2c6f5bc1e760ec4c7dcf6d870e4fe691a161591fae0a61725f917ed0b9c81a4693c2dab8195da54426237eda77c8d85983383d3a6640df02" }, "geometry": { "type": "Polygon", "coordinates": [ [ [ 115.0, 25.0 ], [ 115.0, 30.0 ], [ 110.0, 30.0 ], [ 110.0, 25.0 ], [ 115.0, 25.0 ] ] ] } },
{ "type": "Feature", "properties": { "path": "./Height/asiaeast/e145_n60_e150_n55.zip", "SHA512": "334b2c53361af528a74d68b6f8875b80395be4933a07c993b53e014c5d265b1592b3822012553f59813729c8831aa4ebedc60c6e910e91452b12a0bf0941c7a3" }, "geometry": { "type": "Polygon", "coordinates": [ [ [ 150.0, 55.0 ], [ 150.0, 60.0 ], [ 145.0, 60.0 ], [ 145.0, 55.0 ], [ 150.0, 55.0 ] ] ] } },
{ "type": "Feature", "properties": { "path": "./Height/asiaeast/e150_n70_e155_n65.zip", "SHA512": "4ae21f52e005d2830f4a914cb9b4443921ea17fdc459fd37189dbbc6372464a17996c57bf4588664da017b229fe3826afac6fe76bdcbb844c0a4ca4e96932c07" }, "geometry": { "type": "Polygon", "coordinates": [ [ [ 155.0, 65.0 ], [ 155.0, 70.0 ], [ 150.0, 70.0 ], [ 150.0, 65.0 ], [ 155.0, 65.0 ] ] ] } },
{ "type": "Feature", "properties": { "path": "./Height/asiaeast/e130_n70_e135_n65.zip", "SHA512": "5208f47082ebabcb557360b082accf85756539bfcfb6a02907cdbebcbcb1bb0189ae40fbc9e916c7e5b3e0ee98bbe646ae1945a51a3b65f57180685b6305e0d6" }, "geometry": { "type": "Polygon", "coordinates": [ [ [ 135.0, 65.0 ], [ 135.0, 70.0 ], [ 130.0, 70.0 ], [ 130.0, 65.0 ], [ 135.0, 65.0 ] ] ] } },
{ "type": "Feature", "properties": { "path": "./Height/asiaeast/e135_n65_e140_n60.zip", "SHA512": "b2ff3dd6f118c702fb7d4a6e98c7c43b6b9fc2f25f311897a57e65057a4b122f95fa5c8539e5e38f24aec8748a9c684c753ac1e05dbf08c03a1c2c9cdf215420" }, "geometry": { "type": "Polygon", "coordinates": [ [ [ 140.0, 60.0 ], [ 140.0, 65.0 ], [ 135.0, 65.0 ], [ 135.0, 60.0 ], [ 140.0, 60.0 ] ] ] } },
{ "type": "Feature", "properties": { "path": "./Height/asiaeast/e165_n65_e170_n60.zip", "SHA512": "7f2b5a9577d4fa1dfd12032d7d3f2817bd252d90c3ffb242d42a947802a06058957b381821f792789b9d412c6ea06c74e6ed9a2ceeaba6c647047e6b27be9141" }, "geometry": { "type": "Polygon", "coordinates": [ [ [ 170.0, 60.0 ], [ 170.0, 65.0 ], [ 165.0, 65.0 ], [ 165.0, 60.0 ], [ 170.0, 60.0 ] ] ] } },
{ "type": "Feature", "properties": { "path": "./Height/asiaeast/e140_n65_e145_n60.zip", "SHA512": "b29ff0c9575f76cb3a4fd161b262090df4558838240896283be85c8ae1e1af5a0b364574c2e01438e7876fde82418431a396af4280bccaa998f73d1a188d3727" }, "geometry": { "type": "Polygon", "coordinates": [ [ [ 145.0, 60.0 ], [ 145.0, 65.0 ], [ 140.0, 65.0 ], [ 140.0, 60.0 ], [ 145.0, 60.0 ] ] ] } },
{ "type": "Feature", "properties": { "path": "./Height/asiaeast/e130_n45_e135_n40.zip", "SHA512": "c80445f6fa34a53c435276bb59e1e004fcc2bea8d06873205daa410d00037eac1cd8df99cdae7ffbf00565bf3c61034a7956ae70a1adc7ca2e68c63fa40590aa" }, "geometry": { "type": "Polygon", "coordinates": [ [ [ 135.0, 40.0 ], [ 135.0, 45.0 ], [ 130.0, 45.0 ], [ 130.0, 40.0 ], [ 135.0, 40.0 ] ] ] } },
{ "type": "Feature", "properties": { "path": "./Height/asiaeast/e125_n40_e130_n35.zip", "SHA512": "4bac7a5f1343b533e08de6b6d94944e694cbdeb5db043a019d098042c6debae1b16bf382418cd67f3ed6f2543c0f082ae1f2772e9da150ba6aa1a61aa01efb30" }, "geometry": { "type": "Polygon", "coordinates": [ [ [ 130.0, 35.0 ], [ 130.0, 40.0 ], [ 125.0, 40.0 ], [ 125.0, 35.0 ], [ 130.0, 35.0 ] ] ] } },
{ "type": "Feature", "properties": { "path": "./Height/asiaeast/e130_n35_e135_n30.zip", "SHA512": "89c5352483bab50e6b209acf4e77ce18f0c9106578c0b5639961450c4c04852c16a60b99c8279ce4914d1e72e14dd30efcf36ad9487da5c1e3b5493b5568fa4d" }, "geometry": { "type": "Polygon", "coordinates": [ [ [ 135.0, 30.0 ], [ 135.0, 35.0 ], [ 130.0, 35.0 ], [ 130.0, 30.0 ], [ 135.0, 30.0 ] ] ] } },
{ "type": "Feature", "properties": { "path": "./Height/asiaeast/e140_n70_e145_n65.zip", "SHA512": "3e147a5af702f7624b8deff671eb68030d497aa3cf93bad0f99ccdec5bb8170f54d188295ace000a086904a6d8c8b5687dc6f25602cdd6483fc641d8041c3e44" }, "geometry": { "type": "Polygon", "coordinates": [ [ [ 145.0, 65.0 ], [ 145.0, 70.0 ], [ 140.0, 70.0 ], [ 140.0, 65.0 ], [ 145.0, 65.0 ] ] ] } },
{ "type": "Feature", "properties": { "path": "./Height/asiaeast/e165_n10_e170_n05.zip", "SHA512": "96e9f67d94d3f18aca2034525076d05171d7fd3fbef0c8e18028e231175c88de14b562f9c3233c7a4ba54ad9fa4d19b16cf87a82388b25752d0dfdfe206f6d50" }, "geometry": { "type": "Polygon", "coordinates": [ [ [ 170.0, 5.0 ], [ 170.0, 10.0 ], [ 165.0, 10.0 ], [ 165.0, 5.0 ], [ 170.0, 5.0 ] ] ] } },
{ "type": "Feature", "properties": { "path": "./Height/asiaeast/e130_n55_e135_n50.zip", "SHA512": "fdb48b211beb2e9c3ec0e7a0f56986619bd4412930b748360750733c18a6272988fd4c8fc565af43f600c72a017c34306d17c44100bfeb9b4107a312edf1a4cd" }, "geometry": { "type": "Polygon", "coordinates": [ [ [ 135.0, 50.0 ], [ 135.0, 55.0 ], [ 130.0, 55.0 ], [ 130.0, 50.0 ], [ 135.0, 50.0 ] ] ] } },
{ "type": "Feature", "properties": { "path": "./Height/asiaeast/e115_n25_e120_n20.zip", "SHA512": "194d17908d0be9156d39b3d382e3f0c45ade16b20b17672c365ff58b4edb5a349d94f4d987694f9bcbec81bc8d2399edb0fe26b1bf386d1ebc8655db54ff4891" }, "geometry": { "type": "Polygon", "coordinates": [ [ [ 120.0, 20.0 ], [ 120.0, 25.0 ], [ 115.0, 25.0 ], [ 115.0, 20.0 ], [ 120.0, 20.0 ] ] ] } },
{ "type": "Feature", "properties": { "path": "./Height/asiaeast/e160_n15_e165_n10.zip", "SHA512": "f59d36bca07081b786635cf59586c2366029f0d43ca01e6ef9825b5509eac79ed9848a469ae304db33806076e718b99e9df930c3b083bff6adeba48654c9926a" }, "geometry": { "type": "Polygon", "coordinates": [ [ [ 165.0, 10.0 ], [ 165.0, 15.0 ], [ 160.0, 15.0 ], [ 160.0, 10.0 ], [ 165.0, 10.0 ] ] ] } },
{ "type": "Feature", "properties": { "path": "./Height/asiaeast/e140_n45_e145_n40.zip", "SHA512": "412e47b1ff679828fbdf4c4e9a5ba816e3a05e1aa1ca9652d7408c610488f4b9ea2653c9fc653575c19e1f64c7fd92ea01cdf23ce9817cb3d9fce6de4d996928" }, "geometry": { "type": "Polygon", "coordinates": [ [ [ 145.0, 40.0 ], [ 145.0, 45.0 ], [ 140.0, 45.0 ], [ 140.0, 40.0 ], [ 145.0, 40.0 ] ] ] } },
{ "type": "Feature", "properties": { "path": "./Height/asiaeast/e115_n15_e120_n10.zip", "SHA512": "c73e3aa367a9f62a0c46d7c10ba84d4c8f1f7a8a128323d2b70920eaf1559a2c6f0ea0abb94d38f8af0b990e57bd5adbee38ee175acefeb7e9eb01fb54fd627b" }, "geometry": { "type": "Polygon", "coordinates": [ [ [ 120.0, 10.0 ], [ 120.0, 15.0 ], [ 115.0, 15.0 ], [ 115.0, 10.0 ], [ 120.0, 10.0 ] ] ] } },
{ "type": "Feature", "properties": { "path": "./Height/asiaeast/e165_n70_e170_n65.zip", "SHA512": "2ebe601f9bd8449e9f9e609962f4476444fa4e4862bfd82f66926308a9a1fe0c46ec0963a7efd871dc3fcd7dc824d62054d6a87301f876a0de6f649db8eea545" }, "geometry": { "type": "Polygon", "coordinates": [ [ [ 170.0, 65.0 ], [ 170.0, 70.0 ], [ 165.0, 70.0 ], [ 165.0, 65.0 ], [ 170.0, 65.0 ] ] ] } },
{ "type": "Feature", "properties": { "path": "./Height/asiaeast/e165_n60_e170_n55.zip", "SHA512": "9115c37750b6f291259442c5b10e7a3825e5be8449552a242d4a649ce19dc656ab56391449e9c027acdd35cbeee497a170e1bdd64ea0c5e5ee0223e234400fa5" }, "geometry": { "type": "Polygon", "coordinates": [ [ [ 170.0, 55.0 ], [ 170.0, 60.0 ], [ 165.0, 60.0 ], [ 165.0, 55.0 ], [ 170.0, 55.0 ] ] ] } },
{ "type": "Feature", "properties": { "path": "./Height/asiaeast/e135_n45_e140_n40.zip", "SHA512": "ecc66d089861af1c66e1d4c6b4635f9d8d88907cdae6272088ac3c720aa94d766a65dded2b01e814e1f3fa3f7bb2ffa34d6e110a9ecc3d864cc1b4b5caa20c64" }, "geometry": { "type": "Polygon", "coordinates": [ [ [ 140.0, 40.0 ], [ 140.0, 45.0 ], [ 135.0, 45.0 ], [ 135.0, 40.0 ], [ 140.0, 40.0 ] ] ] } },
{ "type": "Feature", "properties": { "path": "./Height/asiaeast/e130_n75_e135_n70.zip", "SHA512": "3b1aa361dc0adb6b82a5af1573b00840a057b8860d0cb79adef0935ea7e2a7c00433908b59611faeffb0dcefb059a5b1b8f16bdefae9d9c8fb359c212dfe6a95" }, "geometry": { "type": "Polygon", "coordinates": [ [ [ 135.0, 70.0 ], [ 135.0, 75.0 ], [ 130.0, 75.0 ], [ 130.0, 70.0 ], [ 135.0, 70.0 ] ] ] } },
{ "type": "Feature", "properties": { "path": "./Height/asiaeast/e110_n35_e115_n30.zip", "SHA512": "4fe8e08fd91b81eb393c97540a612b8c71f747489bb1d403dd4700051bfc8594040fe7046a239781b65e9727772e0f8f44858f4da6702f94449f36e82a4c1f6e" }, "geometry": { "type": "Polygon", "coordinates": [ [ [ 115.0, 30.0 ], [ 115.0, 35.0 ], [ 110.0, 35.0 ], [ 110.0, 30.0 ], [ 115.0, 30.0 ] ] ] } },
{ "type": "Feature", "properties": { "path": "./Height/asiaeast/e125_n10_e130_n05.zip", "SHA512": "8b44a361644e2600f73a613125ed9c3b6efb02e2bab240773fada9068167f85145c9c61f8058b344d1371f202a93523cd09bededcea957763b5583888e58277d" }, "geometry": { "type": "Polygon", "coordinates": [ [ [ 130.0, 5.0 ], [ 130.0, 10.0 ], [ 125.0, 10.0 ], [ 125.0, 5.0 ], [ 130.0, 5.0 ] ] ] } },
{ "type": "Feature", "properties": { "path": "./Height/asiaeast/e160_n55_e165_n50.zip", "SHA512": "3f29add12e57ebe75bff023bccb4bf4209980ee4a3edd848a9a183d23c35c8de8f4138f5ae9dbe7d12922a061dfa7b4939b862ae63c80d963f980db5c49f4e18" }, "geometry": { "type": "Polygon", "coordinates": [ [ [ 165.0, 50.0 ], [ 165.0, 55.0 ], [ 160.0, 55.0 ], [ 160.0, 50.0 ], [ 165.0, 50.0 ] ] ] } },
{ "type": "Feature", "properties": { "path": "./Height/asiaeast/e175_n70_e180_n65.zip", "SHA512": "fea04bc685edc9a7f95d570918a725a756d0176ba6f66cb0195668a81752e1aaf754378ac68d43a5413dc3df7130c0fa1f53c9ef6158298605cc24dc1150a82b" }, "geometry": { "type": "Polygon", "coordinates": [ [ [ 180.0, 65.0 ], [ 180.0, 70.0 ], [ 175.0, 70.0 ], [ 175.0, 65.0 ], [ 180.0, 65.0 ] ] ] } },
{ "type": "Feature", "properties": { "path": "./Height/asiaeast/e140_n15_e145_n10.zip", "SHA512": "d3232e00965fc97adb49db524f0353f18c7ee8244ccefbc751efa3b1074c1d868c11e07f68068571535fa815ec37a3f45101032773ccf06b11a8c50172890c79" }, "geometry": { "type": "Polygon", "coordinates": [ [ [ 145.0, 10.0 ], [ 145.0, 15.0 ], [ 140.0, 15.0 ], [ 140.0, 10.0 ], [ 145.0, 10.0 ] ] ] } },
{ "type": "Feature", "properties": { "path": "./Height/asiaeast/e145_n45_e150_n40.zip", "SHA512": "7a741ab9f202e6fb7214fdcf10251304748656dd0077a3cabe169fda850c4ec55c317ad9edad6339b7d34feeafc825b17de2e3de1069e2e1a98eaafd3d971aeb" }, "geometry": { "type": "Polygon", "coordinates": [ [ [ 150.0, 40.0 ], [ 150.0, 45.0 ], [ 145.0, 45.0 ], [ 145.0, 40.0 ], [ 150.0, 40.0 ] ] ] } },
{ "type": "Feature", "properties": { "path": "./Height/asiaeast/e145_n50_e150_n45.zip", "SHA512": "256e4d36100abde97d7206c9e4ce999120df87e2de1245730303cb56d8d7605513b6234c66bb365f99aee899792d7ba04f1032e697f4a75031b994eb14daa464" }, "geometry": { "type": "Polygon", "coordinates": [ [ [ 150.0, 45.0 ], [ 150.0, 50.0 ], [ 145.0, 50.0 ], [ 145.0, 45.0 ], [ 150.0, 45.0 ] ] ] } },
{ "type": "Feature", "properties": { "path": "./Height/asiaeast/e115_n65_e120_n60.zip", "SHA512": "612d57e3877feb4863ea29b5cfaa3e7d6cd49aca9f756e2c939da131e0c8495930fbd84cf0ef2998ff3984e6239e9a228376377a1f176b818004d9f8d6e772ab" }, "geometry": { "type": "Polygon", "coordinates": [ [ [ 120.0, 60.0 ], [ 120.0, 65.0 ], [ 115.0, 65.0 ], [ 115.0, 60.0 ], [ 120.0, 60.0 ] ] ] } },
{ "type": "Feature", "properties": { "path": "./Height/asiaeast/e135_n15_e140_n10.zip", "SHA512": "5e12e71f77e8271a0a3cac4d77d99875215537551ed2bb092bc6a5c6835a9526c08a82d399c6321c0e3046a84e6d73ed16ea76bfb00d5f6ce70aecda9ab4c3b5" }, "geometry": { "type": "Polygon", "coordinates": [ [ [ 140.0, 10.0 ], [ 140.0, 15.0 ], [ 135.0, 15.0 ], [ 135.0, 10.0 ], [ 140.0, 10.0 ] ] ] } },
{ "type": "Feature", "properties": { "path": "./Height/asiaeast/e145_n75_e150_n70.zip", "SHA512": "ed02730c959b402e1e3c200f8c406b31b7ad92ba59d2da009306cc0a047f5bfdc50aa22ac05a0289dce10c7813b877d063feb5d4f88d2eb99c8790ac987a1cf0" }, "geometry": { "type": "Polygon", "coordinates": [ [ [ 150.0, 70.0 ], [ 150.0, 75.0 ], [ 145.0, 75.0 ], [ 145.0, 70.0 ], [ 150.0, 70.0 ] ] ] } },
{ "type": "Feature", "properties": { "path": "./Height/asiaeast/e115_n40_e120_n35.zip", "SHA512": "26044ba3235b054bad4362404db06c4cb63f47746cf55e068cddbf16bbecb2195bb427a9da2162c126f9ef0dc227b1b85c2659964817717cdb6dc9a374398a5e" }, "geometry": { "type": "Polygon", "coordinates": [ [ [ 120.0, 35.0 ], [ 120.0, 40.0 ], [ 115.0, 40.0 ], [ 115.0, 35.0 ], [ 120.0, 35.0 ] ] ] } },
{ "type": "Feature", "properties": { "path": "./Height/asiaeast/e130_n10_e135_n05.zip", "SHA512": "b5fae7284fe8893bd42aaca6ed021b94dd8a4c420800c7cc34dd02af1e86fdc7f704d49676dd3d4020246d7bf753eeeef805560134a0dee867eb31258d9ff29e" }, "geometry": { "type": "Polygon", "coordinates": [ [ [ 135.0, 5.0 ], [ 135.0, 10.0 ], [ 130.0, 10.0 ], [ 130.0, 5.0 ], [ 135.0, 5.0 ] ] ] } },
{ "type": "Feature", "properties": { "path": "./Height/asiaeast/e135_n25_e140_n20.zip", "SHA512": "5711946cd3a2cb84ff34edff2aff77f6aa393d6d4adbf52b16d060533f31f5893e4d8c92edbb8ef2540d2615a6a6c65d511289f96f022376ebfd705bdf0ef2b9" }, "geometry": { "type": "Polygon", "coordinates": [ [ [ 140.0, 20.0 ], [ 140.0, 25.0 ], [ 135.0, 25.0 ], [ 135.0, 20.0 ], [ 140.0, 20.0 ] ] ] } },
{ "type": "Feature", "properties": { "path": "./Height/asiaeast/e120_n65_e125_n60.zip", "SHA512": "d2d473b906a7ecd16a10aa59f4cd58a7230a2e1bc4e7d7a4594fbe4a060b4d336b533c706485adad9d4185cb74055ac782f249652bed41d7f2d87befce586c34" }, "geometry": { "type": "Polygon", "coordinates": [ [ [ 125.0, 60.0 ], [ 125.0, 65.0 ], [ 120.0, 65.0 ], [ 120.0, 60.0 ], [ 125.0, 60.0 ] ] ] } },
{ "type": "Feature", "properties": { "path": "./Height/asiaeast/e115_n50_e120_n45.zip", "SHA512": "761a8f6bd883d4c4cac905ff77ad57529aae31be1eac568a230533ddb54e47a5f1b03ab1bf62096936d6d4a8fe8b71d7bfb1e742e889fa9ea6b5682f6cbf694a" }, "geometry": { "type": "Polygon", "coordinates": [ [ [ 120.0, 45.0 ], [ 120.0, 50.0 ], [ 115.0, 50.0 ], [ 115.0, 45.0 ], [ 120.0, 45.0 ] ] ] } },
{ "type": "Feature", "properties": { "path": "./Height/asiaeast/e120_n40_e125_n35.zip", "SHA512": "cd9e47e5187dab2aa3e7e597b63ed8a360b695065a3885856f60536f55d0825538e24a6470d5fb6dffe4bfd55d3ab952ee03b65e1cfe1b0a32e96fa454774974" }, "geometry": { "type": "Polygon", "coordinates": [ [ [ 125.0, 35.0 ], [ 125.0, 40.0 ], [ 120.0, 40.0 ], [ 120.0, 35.0 ], [ 125.0, 35.0 ] ] ] } },
{ "type": "Feature", "properties": { "path": "./Height/asiaeast/e110_n65_e115_n60.zip", "SHA512": "d2cac3277e6fa0931835bfbb7035995c38bb9a515787f6a1618af645d6b94f029396122dbb4a053b403a138e10308dc2b92158a6c78efe984fdb443e2efd306b" }, "geometry": { "type": "Polygon", "coordinates": [ [ [ 115.0, 60.0 ], [ 115.0, 65.0 ], [ 110.0, 65.0 ], [ 110.0, 60.0 ], [ 115.0, 60.0 ] ] ] } },
{ "type": "Feature", "properties": { "path": "./Height/asiaeast/e160_n70_e165_n65.zip", "SHA512": "8c5fbf4d9453df8b09a5c8e5bd5fad3a261c470c96b70f964612a13b68d03ac919e66483077217c344a80b86b0be8a92b80c634a801395855ce5b56580fbdca5" }, "geometry": { "type": "Polygon", "coordinates": [ [ [ 165.0, 65.0 ], [ 165.0, 70.0 ], [ 160.0, 70.0 ], [ 160.0, 65.0 ], [ 165.0, 65.0 ] ] ] } },
{ "type": "Feature", "properties": { "path": "./Height/asiaeast/e120_n30_e125_n25.zip", "SHA512": "c5407ada66081d5e6d5ad80aac00963ebba635f079777ede9f7fc9a21b7c4dba0dfa222e0885990a8ae7b02d717143f59481e45f60e924e1283575b0f4d4d139" }, "geometry": { "type": "Polygon", "coordinates": [ [ [ 125.0, 25.0 ], [ 125.0, 30.0 ], [ 120.0, 30.0 ], [ 120.0, 25.0 ], [ 125.0, 25.0 ] ] ] } },
{ "type": "Feature", "properties": { "path": "./Height/asiaeast/e110_n40_e115_n35.zip", "SHA512": "3f5d6cf9e8660d0729546f78c7181109655e9768b5fdc9180b3dcc1a14b98c494035c5002541ecafc31def0260815e1f639972cf69d3c75ffc6250fb71b8562a" }, "geometry": { "type": "Polygon", "coordinates": [ [ [ 115.0, 35.0 ], [ 115.0, 40.0 ], [ 110.0, 40.0 ], [ 110.0, 35.0 ], [ 115.0, 35.0 ] ] ] } },
{ "type": "Feature", "properties": { "path": "./Height/asiaeast/e120_n15_e125_n10.zip", "SHA512": "186b2f9448ef7624b13025d6cbcbcef0e3841b5d8d2980eaab56034528b45141cdfd3f85cc66d415f8c8d8606731121b3433d961065147fb4d2db6afdfa3068d" }, "geometry": { "type": "Polygon", "coordinates": [ [ [ 125.0, 10.0 ], [ 125.0, 15.0 ], [ 120.0, 15.0 ], [ 120.0, 10.0 ], [ 125.0, 10.0 ] ] ] } },
{ "type": "Feature", "properties": { "path": "./Height/asiaeast/e130_n65_e135_n60.zip", "SHA512": "e1df5217b0e13320fdd997e0f3ecbba300046c1258b9c3d6af2a608d5dcff89cc0d7dbab2f6a60bfe170b3b4c1c6f8d023116b80d511eef6b2bb214592461d65" }, "geometry": { "type": "Polygon", "coordinates": [ [ [ 135.0, 60.0 ], [ 135.0, 65.0 ], [ 130.0, 65.0 ], [ 130.0, 60.0 ], [ 135.0, 60.0 ] ] ] } },
{ "type": "Feature", "properties": { "path": "./Height/asiaeast/e135_n50_e140_n45.zip", "SHA512": "49e3819b5c3025dd47950069ce3ceca1384ef219a329931c19fe551aed7f8c4fcb81fbd8f17315f92899cc1c3038d144c0bb5bd42bab18789b387e36d36a12fb" }, "geometry": { "type": "Polygon", "coordinates": [ [ [ 140.0, 45.0 ], [ 140.0, 50.0 ], [ 135.0, 50.0 ], [ 135.0, 45.0 ], [ 140.0, 45.0 ] ] ] } },
{ "type": "Feature", "properties": { "path": "./Height/asiaeast/e115_n20_e120_n15.zip", "SHA512": "2006cd6e4933a04609da2959f7cea980c36502774d60439bd2d1ac1c29427bf1ed97dc94094b1050f35077bf4cfbdcff4c05cadb1553163b98e07c05251973c5" }, "geometry": { "type": "Polygon", "coordinates": [ [ [ 120.0, 15.0 ], [ 120.0, 20.0 ], [ 115.0, 20.0 ], [ 115.0, 15.0 ], [ 120.0, 15.0 ] ] ] } },
{ "type": "Feature", "properties": { "path": "./Height/asiaeast/e110_n45_e115_n40.zip", "SHA512": "1dc852a20a63a692d0b597b4821ffd5c47a0c911d797488e8b29a343a1cd42ba5a80f3d0e74c58ce9f9f4c83eac7ea555278883edea4643c29ba8c213fef350f" }, "geometry": { "type": "Polygon", "coordinates": [ [ [ 115.0, 40.0 ], [ 115.0, 45.0 ], [ 110.0, 45.0 ], [ 110.0, 40.0 ], [ 115.0, 40.0 ] ] ] } },
{ "type": "Feature", "properties": { "path": "./Height/asiaeast/e150_n60_e155_n55.zip", "SHA512": "e1b60fab35ede93a0feb530d03831554dfdba60c5ed05f050d06141e8bb057c34e7374cb4bdabe17b6d4338d0d3646b97ecee9f7b8c5d04989c1a7713bc1b254" }, "geometry": { "type": "Polygon", "coordinates": [ [ [ 155.0, 55.0 ], [ 155.0, 60.0 ], [ 150.0, 60.0 ], [ 150.0, 55.0 ], [ 155.0, 55.0 ] ] ] } },
{ "type": "Feature", "properties": { "path": "./Height/asiaeast/e155_n60_e160_n55.zip", "SHA512": "dbca170781d7798e7550532a30f87cde1e95bcdf1f5d96b0c8d6d0f5e775de90cb5c21f293fc2528a1ca0ec6affcacc8baac35093a571d749ed03cf550c9d6f1" }, "geometry": { "type": "Polygon", "coordinates": [ [ [ 160.0, 55.0 ], [ 160.0, 60.0 ], [ 155.0, 60.0 ], [ 155.0, 55.0 ], [ 160.0, 55.0 ] ] ] } },
{ "type": "Feature", "properties": { "path": "./Height/asiaeast/e170_n70_e175_n65.zip", "SHA512": "b0906e1888388400cd077fd25d70646d3b743c9e8a1fd9b12a3c748effdfd29a00e8472f3c426a8b680c510597c73b9deccc70b74b5e4467e63c3786f264de69" }, "geometry": { "type": "Polygon", "coordinates": [ [ [ 175.0, 65.0 ], [ 175.0, 70.0 ], [ 170.0, 70.0 ], [ 170.0, 65.0 ], [ 175.0, 65.0 ] ] ] } },
{ "type": "Feature", "properties": { "path": "./Height/asiaeast/e140_n75_e145_n70.zip", "SHA512": "57ee385e445b4b50cba05d85e7243e1b7557d41d007b345a635d9019ca23496a38462ea663b7244e576daac09f0097b783b12aa9627c94624f5eaa759d969f83" }, "geometry": { "type": "Polygon", "coordinates": [ [ [ 145.0, 70.0 ], [ 145.0, 75.0 ], [ 140.0, 75.0 ], [ 140.0, 70.0 ], [ 145.0, 70.0 ] ] ] } },
{ "type": "Feature", "properties": { "path": "./Height/asiaeast/e140_n25_e145_n20.zip", "SHA512": "d2543630f263f8fa8547e8b5ce6ebc9b23f4da51ec6efed4c73bdbfc49349658b469bd48f0d9eb39e763e11d8fe6dfdb72674c694643aa499d2b749e7aca66f4" }, "geometry": { "type": "Polygon", "coordinates": [ [ [ 145.0, 20.0 ], [ 145.0, 25.0 ], [ 140.0, 25.0 ], [ 140.0, 20.0 ], [ 145.0, 20.0 ] ] ] } },
{ "type": "Feature", "properties": { "path": "./Height/asiaeast/e135_n35_e140_n30.zip", "SHA512": "2558f081656cfb54f063726aa449e6ee5caa879428c25d1bf3a9782e15adfef020d345a8e6943c28704b4e5540eeb12c71596fa872513ea66cb964e51617082a" }, "geometry": { "type": "Polygon", "coordinates": [ [ [ 140.0, 30.0 ], [ 140.0, 35.0 ], [ 135.0, 35.0 ], [ 135.0, 30.0 ], [ 140.0, 30.0 ] ] ] } },
{ "type": "Feature", "properties": { "path": "./Height/asiaeast/e170_n55_e175_n50.zip", "SHA512": "e42eac1283adfddcbf279ecd07e4fdaf246cc7b3674f0e038c4741c827f32c23627c303ae32ed613d2e154f1470fbd13ec959690783c087b4cdaffc92f2f33fd" }, "geometry": { "type": "Polygon", "coordinates": [ [ [ 175.0, 50.0 ], [ 175.0, 55.0 ], [ 170.0, 55.0 ], [ 170.0, 50.0 ], [ 175.0, 50.0 ] ] ] } },
{ "type": "Feature", "properties": { "path": "./Height/asiaeast/e170_n10_e175_n05.zip", "SHA512": "9e1b0e2576427b3d379f600c0cec2974f49c48afc43794c1eb43b8b53a5c694ff15f60c1841244ce09965075fd21594dd165261e90d7d02864fa566b85419dac" }, "geometry": { "type": "Polygon", "coordinates": [ [ [ 175.0, 5.0 ], [ 175.0, 10.0 ], [ 170.0, 10.0 ], [ 170.0, 5.0 ], [ 175.0, 5.0 ] ] ] } },
{ "type": "Feature", "properties": { "path": "./Height/asiaeast/e140_n40_e145_n35.zip", "SHA512": "21e1807dc218fbb495d6d45e97595ca73e2f4e6629b8fb122b7995c57f71fdb39d2d645e1abe4360b3a9b614172f36f9021326ec5c0639d0c981df6f58bc0925" }, "geometry": { "type": "Polygon", "coordinates": [ [ [ 145.0, 35.0 ], [ 145.0, 40.0 ], [ 140.0, 40.0 ], [ 140.0, 35.0 ], [ 145.0, 35.0 ] ] ] } },
{ "type": "Feature", "properties": { "path": "./Height/asiaeast/e110_n20_e115_n15.zip", "SHA512": "1bf97504fc7f0caa94f9eec83ee9594578d485d6f2fbd9bfb5591f5f213a1b9db1d119bb32869acc24f2d0903a8216bbe9fe3185381c48f174cf3641e373f252" }, "geometry": { "type": "Polygon", "coordinates": [ [ [ 115.0, 15.0 ], [ 115.0, 20.0 ], [ 110.0, 20.0 ], [ 110.0, 15.0 ], [ 115.0, 15.0 ] ] ] } },
{ "type": "Feature", "properties": { "path": "./Height/asiaeast/e130_n50_e135_n45.zip", "SHA512": "4f7561e0f6f8cf27b0859d55466862fabdc61a1e37f14fb56016674d578729da0568f4686c5c8a241f95393074fc9a95c05afae01516d29ef97e88e5ea15a4d2" }, "geometry": { "type": "Polygon", "coordinates": [ [ [ 135.0, 45.0 ], [ 135.0, 50.0 ], [ 130.0, 50.0 ], [ 130.0, 45.0 ], [ 135.0, 45.0 ] ] ] } },
{ "type": "Feature", "properties": { "path": "./Height/asiaeast/e145_n10_e150_n05.zip", "SHA512": "e0961bd8be036c7cf21c66bc0405c57ea6d6495c0ddea799ba01488db19a7383068d676f828b488be68425d6934d3e07259ac71a0b3a8e283619491e7b860207" }, "geometry": { "type": "Polygon", "coordinates": [ [ [ 150.0, 5.0 ], [ 150.0, 10.0 ], [ 145.0, 10.0 ], [ 145.0, 5.0 ], [ 150.0, 5.0 ] ] ] } },
{ "type": "Feature", "properties": { "path": "./Height/asiaeast/e115_n30_e120_n25.zip", "SHA512": "4a913b4bbe85acbbbf2bea485b2ecdcef9ef68b4bfef49e343db74866abd50627bf0b84cdc586e6fb211340bae263a42a302344ecbd38f4a1034718a7a2ef60d" }, "geometry": { "type": "Polygon", "coordinates": [ [ [ 120.0, 25.0 ], [ 120.0, 30.0 ], [ 115.0, 30.0 ], [ 115.0, 25.0 ], [ 120.0, 25.0 ] ] ] } },
{ "type": "Feature", "properties": { "path": "./Height/asiaeast/e120_n20_e125_n15.zip", "SHA512": "2fee5b891217a902857da91b2957827d67cf27d2e3f2f23659ad2cbe71fcd5b1ee99ae08e3897f6bd0cb4ea50fa73f25c71eeec52a2376f49dad49821eb932d7" }, "geometry": { "type": "Polygon", "coordinates": [ [ [ 125.0, 15.0 ], [ 125.0, 20.0 ], [ 120.0, 20.0 ], [ 120.0, 15.0 ], [ 125.0, 15.0 ] ] ] } },
{ "type": "Feature", "properties": { "path": "./Height/asiaeast/e110_n50_e115_n45.zip", "SHA512": "749bea2f0b75e8c9d9ea87f7956cf5098822b99ab19cda683628b35124932886f6f000197a328ff174f7f236067929fd76dd160071d4a2844d46b6112ae79075" }, "geometry": { "type": "Polygon", "coordinates": [ [ [ 115.0, 45.0 ], [ 115.0, 50.0 ], [ 110.0, 50.0 ], [ 110.0, 45.0 ], [ 115.0, 45.0 ] ] ] } },
{ "type": "Feature", "properties": { "path": "./Height/asiaeast/e120_n45_e125_n40.zip", "SHA512": "306327a1805a98001629e45f38f66cba2fcef6b23b07bd34ec6a22c0c5806f4eb613b23c31c6a689b9dc711b7cefc737eb15c51294524f1bae6d32af3ba5000c" }, "geometry": { "type": "Polygon", "coordinates": [ [ [ 125.0, 40.0 ], [ 125.0, 45.0 ], [ 120.0, 45.0 ], [ 120.0, 40.0 ], [ 125.0, 40.0 ] ] ] } },
{ "type": "Feature", "properties": { "path": "./Height/asiaeast/e140_n50_e145_n45.zip", "SHA512": "e7d699b940f5521f8a4227970ef246a44180afd4c0e30591f03644a526f4e16e782da4deb9776775990280b5d783ac7a03a0a471fc786b8a4e2790d9340ef90e" }, "geometry": { "type": "Polygon", "coordinates": [ [ [ 145.0, 45.0 ], [ 145.0, 50.0 ], [ 140.0, 50.0 ], [ 140.0, 45.0 ], [ 145.0, 45.0 ] ] ] } },
{ "type": "Feature", "properties": { "path": "./Height/asiaeast/e160_n10_e165_n05.zip", "SHA512": "05609f991e08e212c101facda812689595433665c8af7d8a4427bc06a45bb7bd5850c15091de21fb467df4f8df8e2b17bf8140049be61158a68c9ec341420b92" }, "geometry": { "type": "Polygon", "coordinates": [ [ [ 165.0, 5.0 ], [ 165.0, 10.0 ], [ 160.0, 10.0 ], [ 160.0, 5.0 ], [ 165.0, 5.0 ] ] ] } },
{ "type": "Feature", "properties": { "path": "./Height/asiaeast/e150_n10_e155_n05.zip", "SHA512": "9658f8e6417086a286154c2181f41b6914c66633460dac3935794e180c1cd7e7601dd1372e4b65cb108ded877662e41946f9f25a6be8d5e3eacac0babc604f4f" }, "geometry": { "type": "Polygon", "coordinates": [ [ [ 155.0, 5.0 ], [ 155.0, 10.0 ], [ 150.0, 10.0 ], [ 150.0, 5.0 ], [ 155.0, 5.0 ] ] ] } },
{ "type": "Feature", "properties": { "path": "./Height/asiaeast/e175_n65_e180_n60.zip", "SHA512": "9a9ddb307dd55d3566f81ff1bc5d0786431ef028270f30cbaa90c86d4312a0a15ac8cc79b0467b2083ff27b2e76c82278695b3ac2c733f84ccdd580e68803008" }, "geometry": { "type": "Polygon", "coordinates": [ [ [ 180.0, 60.0 ], [ 180.0, 65.0 ], [ 175.0, 65.0 ], [ 175.0, 60.0 ], [ 180.0, 60.0 ] ] ] } },
{ "type": "Feature", "properties": { "path": "./Height/asiaeast/e150_n75_e155_n70.zip", "SHA512": "c2b1e8729dc9a235b7ebaa988c53865b59dc1324eb7b33b0ae1c43a9b7576ac3eb404de2f6bc320d134246a02cdca131f9d737f6ea87a14a18e3d0a58093a7ef" }, "geometry": { "type": "Polygon", "coordinates": [ [ [ 155.0, 70.0 ], [ 155.0, 75.0 ], [ 150.0, 75.0 ], [ 150.0, 70.0 ], [ 155.0, 70.0 ] ] ] } },
{ "type": "Feature", "properties": { "path": "./Height/asiaeast/e145_n65_e150_n60.zip", "SHA512": "9e8a421f2c4e3248bbf86977ca3c58280949467ac66f16d7a7528308c65a48969e0342a3941382f62116ae67dad783cb252cfa6e3dca6de0a2a9ce026f2a581e" }, "geometry": { "type": "Polygon", "coordinates": [ [ [ 150.0, 60.0 ], [ 150.0, 65.0 ], [ 145.0, 65.0 ], [ 145.0, 60.0 ], [ 150.0, 60.0 ] ] ] } },
{ "type": "Feature", "properties": { "path": "./Height/asiaeast/e120_n60_e125_n55.zip", "SHA512": "693fc7bae69238256b35df202ee95977abfb11566c56ab37f90ddae5866ac828384cb7bb328156d8c214a523628721ef0026e7faf7adc6dcd637262fc8521d4e" }, "geometry": { "type": "Polygon", "coordinates": [ [ [ 125.0, 55.0 ], [ 125.0, 60.0 ], [ 120.0, 60.0 ], [ 120.0, 55.0 ], [ 125.0, 55.0 ] ] ] } },
{ "type": "Feature", "properties": { "path": "./Height/asiaeast/e125_n30_e130_n25.zip", "SHA512": "c253d4e7048079dbbef459d22ec82f378dafab255064df2487af5d531e406059e38e9f26e1c174e8b6d4909a307667a4aa97c4448788dbbbf425298446afc6ab" }, "geometry": { "type": "Polygon", "coordinates": [ [ [ 130.0, 25.0 ], [ 130.0, 30.0 ], [ 125.0, 30.0 ], [ 125.0, 25.0 ], [ 130.0, 25.0 ] ] ] } },
{ "type": "Feature", "properties": { "path": "./Height/asiaeast/e155_n65_e160_n60.zip", "SHA512": "b5c580c993411006875eb000508e5777a311fc2f9d5cd1602e3692ca4834e0fbeb569c60cfbb44a511ac88e32c6dcda71af29587c989802e56d50fc3662bc521" }, "geometry": { "type": "Polygon", "coordinates": [ [ [ 160.0, 60.0 ], [ 160.0, 65.0 ], [ 155.0, 65.0 ], [ 155.0, 60.0 ], [ 160.0, 60.0 ] ] ] } },
{ "type": "Feature", "properties": { "path": "./Height/asiaeast/e170_n65_e175_n60.zip", "SHA512": "6fd08ed8f04f8152ddf9ea5e1d68eaa41c5a6eddf3d59c06aa5032732a3ad45b596e59d8e1a1edb72d3ba4683062a627bdd1bb1302a9d2194e6e8cc548ea5fdc" }, "geometry": { "type": "Polygon", "coordinates": [ [ [ 175.0, 60.0 ], [ 175.0, 65.0 ], [ 170.0, 65.0 ], [ 170.0, 60.0 ], [ 175.0, 60.0 ] ] ] } },
{ "type": "Feature", "properties": { "path": "./Height/asiaeast/e145_n15_e150_n10.zip", "SHA512": "3f12aa972a14d780d9f6055ca4c0dc208b64abde4cdd8745e01aac974d11f12d7eb9cc746e6a7d20b33da5cf2d4fd8119f93639b5eb9c761e2f29d96adfac8ca" }, "geometry": { "type": "Polygon", "coordinates": [ [ [ 150.0, 10.0 ], [ 150.0, 15.0 ], [ 145.0, 15.0 ], [ 145.0, 10.0 ], [ 150.0, 10.0 ] ] ] } },
{ "type": "Feature", "properties": { "path": "./Height/asiaeast/e125_n15_e130_n10.zip", "SHA512": "15e897ad39eeb232507aa690782e25e27ebf2a1e8f1966865e597b57fe112a0cfccba066de617b770c1f155e8888bc0c86ae03fa47c5eafc2cce0b19696413c7" }, "geometry": { "type": "Polygon", "coordinates": [ [ [ 130.0, 10.0 ], [ 130.0, 15.0 ], [ 125.0, 15.0 ], [ 125.0, 10.0 ], [ 130.0, 10.0 ] ] ] } },
{ "type": "Feature", "properties": { "path": "./Height/southamerica/w075_s45_w070_s50.zip", "SHA512": "67ab35d0f85c4c534ecdf3f061fe918c991a40595042414c6def0f0e0b20593e94ede7ed6fd2cfdcff9eec35f26b0237395f0186bc1fa8349a6988f58f4f3dbc" }, "geometry": { "type": "Polygon", "coordinates": [ [ [ -70.0, -50.0 ], [ -70.0, -45.0 ], [ -75.0, -45.0 ], [ -75.0, -50.0 ], [ -70.0, -50.0 ] ] ] } },
{ "type": "Feature", "properties": { "path": "./Height/southamerica/w040_n00_w035_s05.zip", "SHA512": "58de6b73d80f97fdf63df40eb10bef8cb1ed757eb6fbfed72379d77443cbf847cdc9720cc085e3e3a52c3dc388e7251ed773929a9b04e64425af65bfe54db83f" }, "geometry": { "type": "Polygon", "coordinates": [ [ [ -35.0, -5.0 ], [ -35.0, 0.0 ], [ -40.0, 0.0 ], [ -40.0, -5.0 ], [ -35.0, -5.0 ] ] ] } },
{ "type": "Feature", "properties": { "path": "./Height/southamerica/w080_n10_w075_n05.zip", "SHA512": "f4fa59239ed15767d6e6457a6cf2ce82ac33f8c8f2bcd03483aa5b6503d0f3e949a13f8b1be7d4dfa3ff4e66420e58f941e72980d728c89e8dfde072c3c5a6ef" }, "geometry": { "type": "Polygon", "coordinates": [ [ [ -75.0, 5.0 ], [ -75.0, 10.0 ], [ -80.0, 10.0 ], [ -80.0, 5.0 ], [ -75.0, 5.0 ] ] ] } },
{ "type": "Feature", "properties": { "path": "./Height/southamerica/w050_s25_w045_s30.zip", "SHA512": "8e7e7e847e0d2b45b42a91a06a7934479fea7520a29e8599f45eb5f67573d87b72b48861b85b2462b173a29b3becc6cc694c0a7bac50134ccea2079018e72376" }, "geometry": { "type": "Polygon", "coordinates": [ [ [ -45.0, -30.0 ], [ -45.0, -25.0 ], [ -50.0, -25.0 ], [ -50.0, -30.0 ], [ -45.0, -30.0 ] ] ] } },
{ "type": "Feature", "properties": { "path": "./Height/southamerica/w080_s05_w075_s10.zip", "SHA512": "c9f09edf6b4129d2c97a145d4c4b8cda2e513296edcf24fa67c2a6cca8cf70a69f2dc7ac9c481d5487865a50f2d3e44a322e49d797b52a19747444f96ced4b1b" }, "geometry": { "type": "Polygon", "coordinates": [ [ [ -75.0, -10.0 ], [ -75.0, -5.0 ], [ -80.0, -5.0 ], [ -80.0, -10.0 ], [ -75.0, -10.0 ] ] ] } },
{ "type": "Feature", "properties": { "path": "./Height/southamerica/w070_s40_w065_s45.zip", "SHA512": "29e9ff75d1ea07c1bea7ba4eca2f4cd7d917bbd6874777001be96515c833a5992628f581d403afc1c2f50ad41a9bfa2c8cfcdc9ee1adb94e8a6ef240c53cf8a3" }, "geometry": { "type": "Polygon", "coordinates": [ [ [ -65.0, -45.0 ], [ -65.0, -40.0 ], [ -70.0, -40.0 ], [ -70.0, -45.0 ], [ -65.0, -45.0 ] ] ] } },
{ "type": "Feature", "properties": { "path": "./Height/southamerica/w060_s30_w055_s35.zip", "SHA512": "3f8b6b6afac498a9092225a15033497912ffd96ea34a9b00e30bfa01921470f5d8d6e962ffac9fada685af4f7d91528b4c609ef17fd6d3737f0d668790271564" }, "geometry": { "type": "Polygon", "coordinates": [ [ [ -55.0, -35.0 ], [ -55.0, -30.0 ], [ -60.0, -30.0 ], [ -60.0, -35.0 ], [ -55.0, -35.0 ] ] ] } },
{ "type": "Feature", "properties": { "path": "./Height/southamerica/w055_n10_w050_n05.zip", "SHA512": "c3ae122c9f1f48ba6a74c20eec9391e96e36ec3d6f85f5026dc3c503aa118293cc199a382db0b41ca375568dbd436fcf21a4a077ce57ca6ad3433f44c19c7eb6" }, "geometry": { "type": "Polygon", "coordinates": [ [ [ -50.0, 5.0 ], [ -50.0, 10.0 ], [ -55.0, 10.0 ], [ -55.0, 5.0 ], [ -50.0, 5.0 ] ] ] } },
{ "type": "Feature", "properties": { "path": "./Height/southamerica/w060_n10_w055_n05.zip", "SHA512": "b58896f1481a169407a7c1c19ee4ed1fdae83488a522598d3889d9eb98904bfa5fc82cc281a5e5292fbb322a6956f99a692f22bee12cf9b513d4dad8c191d5fc" }, "geometry": { "type": "Polygon", "coordinates": [ [ [ -55.0, 5.0 ], [ -55.0, 10.0 ], [ -60.0, 10.0 ], [ -60.0, 5.0 ], [ -55.0, 5.0 ] ] ] } },
{ "type": "Feature", "properties": { "path": "./Height/southamerica/w050_s05_w045_s10.zip", "SHA512": "c2c50fa72c8ce5b753a8a2dcc46694b8d780959804ee5961a57233c71ba7ae578350435cf68972a3e1c935b62663c3e9c35d7c1a09f99eec076956d6caf3b9e3" }, "geometry": { "type": "Polygon", "coordinates": [ [ [ -45.0, -10.0 ], [ -45.0, -5.0 ], [ -50.0, -5.0 ], [ -50.0, -10.0 ], [ -45.0, -10.0 ] ] ] } },
{ "type": "Feature", "properties": { "path": "./Height/southamerica/w060_s05_w055_s10.zip", "SHA512": "9d3bc12dbfd2ee93cdb7cbc2a2a60dc61e1c355620fa926c5d3d43c5d838ba7ebb3d7459d4da125aacd19353d6897d1a918428a64b7c36346cd5cd884c4c4f23" }, "geometry": { "type": "Polygon", "coordinates": [ [ [ -55.0, -10.0 ], [ -55.0, -5.0 ], [ -60.0, -5.0 ], [ -60.0, -10.0 ], [ -55.0, -10.0 ] ] ] } },
{ "type": "Feature", "properties": { "path": "./Height/southamerica/w055_s15_w050_s20.zip", "SHA512": "86460874b64e38d9428c00f8b9fcbc065a9e200f8c224910ab07fd0faf85daf10e010038862c86f53610e13f3edd23a6848b9836b135acd1ffd0d1c24e1ed82f" }, "geometry": { "type": "Polygon", "coordinates": [ [ [ -50.0, -20.0 ], [ -50.0, -15.0 ], [ -55.0, -15.0 ], [ -55.0, -20.0 ], [ -50.0, -20.0 ] ] ] } },
{ "type": "Feature", "properties": { "path": "./Height/southamerica/w070_s10_w065_s15.zip", "SHA512": "61a836319f18cc692c56b2aaaef377bd60736b95832ecd22282534e6370b532fa5b9cb7f715e341e14c2cd293de7ef5df0217724bb79d065a2d7e32b452175a4" }, "geometry": { "type": "Polygon", "coordinates": [ [ [ -65.0, -15.0 ], [ -65.0, -10.0 ], [ -70.0, -10.0 ], [ -70.0, -15.0 ], [ -65.0, -15.0 ] ] ] } },
{ "type": "Feature", "properties": { "path": "./Height/southamerica/w060_s25_w055_s30.zip", "SHA512": "df946c88d7b7a397fc21e1614e139a04f12f19722bda636ae053371c0d35b98253a298b25c4b08992465533f42ed55aefda4186cdf472a23b843bf2d2704ae89" }, "geometry": { "type": "Polygon", "coordinates": [ [ [ -55.0, -30.0 ], [ -55.0, -25.0 ], [ -60.0, -25.0 ], [ -60.0, -30.0 ], [ -55.0, -30.0 ] ] ] } },
{ "type": "Feature", "properties": { "path": "./Height/southamerica/w080_s45_w075_s50.zip", "SHA512": "e5f1e57e15fab8d58995ff585bbb4e40352298959f4ae5255f35a13fb4c82bb42ecb2d6fc09455948d7e4b61f1c0a154a8fe67c0c08f4b75f1adaffa3b50b217" }, "geometry": { "type": "Polygon", "coordinates": [ [ [ -75.0, -50.0 ], [ -75.0, -45.0 ], [ -80.0, -45.0 ], [ -80.0, -50.0 ], [ -75.0, -50.0 ] ] ] } },
{ "type": "Feature", "properties": { "path": "./Height/southamerica/w065_s10_w060_s15.zip", "SHA512": "4c797618ad0f500724f76cd85b0de9c639f666067ed2108453a58b2762553f1e91b81f7dc3ec2e19ce44fdd7e585646e297864c73f73ba48b13772373033137f" }, "geometry": { "type": "Polygon", "coordinates": [ [ [ -60.0, -15.0 ], [ -60.0, -10.0 ], [ -65.0, -10.0 ], [ -65.0, -15.0 ], [ -60.0, -15.0 ] ] ] } },
{ "type": "Feature", "properties": { "path": "./Height/southamerica/w045_s20_w040_s25.zip", "SHA512": "0d75a75a06786c8b7f3d9953f975514b7f2142d25970f465a730bca6b8a72f9f92ad2e366b8f65bb9a34fc24f655524092b218317f12d3e649a4f496e1378f67" }, "geometry": { "type": "Polygon", "coordinates": [ [ [ -40.0, -25.0 ], [ -40.0, -20.0 ], [ -45.0, -20.0 ], [ -45.0, -25.0 ], [ -40.0, -25.0 ] ] ] } },
{ "type": "Feature", "properties": { "path": "./Height/southamerica/w060_s50_w055_s55.zip", "SHA512": "42a75e68b9ef69c951b50db1a21a579a6adf0f5506f736dbb8bbb63d12b69150397acb57d2f51130a1f6288136ec0d6e41246c9cfc6322ee14c41ed0aea679a2" }, "geometry": { "type": "Polygon", "coordinates": [ [ [ -55.0, -55.0 ], [ -55.0, -50.0 ], [ -60.0, -50.0 ], [ -60.0, -55.0 ], [ -55.0, -55.0 ] ] ] } },
{ "type": "Feature", "properties": { "path": "./Height/southamerica/w065_s40_w060_s45.zip", "SHA512": "a6e72fce5d8a21eb50a151f270cd61f00fbc68c07484b1cb8d3e12885ebca834995bed205a78f2094733f8cd465cffeb6a8471b79d725d4e1268dc3c0a3aa0c4" }, "geometry": { "type": "Polygon", "coordinates": [ [ [ -60.0, -45.0 ], [ -60.0, -40.0 ], [ -65.0, -40.0 ], [ -65.0, -45.0 ], [ -60.0, -45.0 ] ] ] } },
{ "type": "Feature", "properties": { "path": "./Height/southamerica/w090_n10_w085_n05.zip", "SHA512": "bf60aa3d550171a0c37bd87610df5581ec517931d9354aa7062ed9e26c5eb2e3a5b48d00da8559eb6c18ff71d68586ecb17a81045a4de799c1984939ddd76531" }, "geometry": { "type": "Polygon", "coordinates": [ [ [ -85.0, 5.0 ], [ -85.0, 10.0 ], [ -90.0, 10.0 ], [ -90.0, 5.0 ], [ -85.0, 5.0 ] ] ] } },
{ "type": "Feature", "properties": { "path": "./Height/southamerica/w075_s25_w070_s30.zip", "SHA512": "0c146a2443f1b7605c042cbd20e933aff22d8b76087e58149f21dd2403db17c132c6162c854ef9787e353805732f0785e4c75b79d93a479262d89f34d23fbe14" }, "geometry": { "type": "Polygon", "coordinates": [ [ [ -70.0, -30.0 ], [ -70.0, -25.0 ], [ -75.0, -25.0 ], [ -75.0, -30.0 ], [ -70.0, -30.0 ] ] ] } },
{ "type": "Feature", "properties": { "path": "./Height/southamerica/w060_s20_w055_s25.zip", "SHA512": "79f22c9291eeb246e113703616897d4caf9c76ef598da0903cc37dd2e42bd33c8a77c3127c99c6118b180fb2c0dbc9a42bce5ad779b9f1a3577040915622e066" }, "geometry": { "type": "Polygon", "coordinates": [ [ [ -55.0, -25.0 ], [ -55.0, -20.0 ], [ -60.0, -20.0 ], [ -60.0, -25.0 ], [ -55.0, -25.0 ] ] ] } },
{ "type": "Feature", "properties": { "path": "./Height/southamerica/w065_n05_w060_n00.zip", "SHA512": "d032777811ee8f7611a181c42b1162c18b33e2e72943c86b930657d6ab1bd3e0415de5f3ab1c09c32f1bc373fb9d56a0e30b68111b686fc2bbff0afc8627c486" }, "geometry": { "type": "Polygon", "coordinates": [ [ [ -60.0, 0.0 ], [ -60.0, 5.0 ], [ -65.0, 5.0 ], [ -65.0, 0.0 ], [ -60.0, 0.0 ] ] ] } },
{ "type": "Feature", "properties": { "path": "./Height/southamerica/w070_s45_w065_s50.zip", "SHA512": "b9bb1645079dc7d83c468d4f9072b2423831d65f53540197d1a31f2c9f3b3763c58ccae749a936d7b2be18fca6873b33937692a132ab5f078967f67e5bb04d8d" }, "geometry": { "type": "Polygon", "coordinates": [ [ [ -65.0, -50.0 ], [ -65.0, -45.0 ], [ -70.0, -45.0 ], [ -70.0, -50.0 ], [ -65.0, -50.0 ] ] ] } },
{ "type": "Feature", "properties": { "path": "./Height/southamerica/w065_n00_w060_s05.zip", "SHA512": "c9e0be80f01bc5d00b6a4b95a671efeba9863577ad3ef896d5e176d244aa6d8555a7c19ad8024b7e724c9aa8213ecf2c51ab5f8eeacf8971eebeaaf6d79bab42" }, "geometry": { "type": "Polygon", "coordinates": [ [ [ -60.0, -5.0 ], [ -60.0, 0.0 ], [ -65.0, 0.0 ], [ -65.0, -5.0 ], [ -60.0, -5.0 ] ] ] } },
{ "type": "Feature", "properties": { "path": "./Height/southamerica/w070_n15_w065_n10.zip", "SHA512": "794f82882391fc3406d9cc197f8506514397ee98ce49efafb965c1ca5fc5981f2f403ad47c2dfe098e5ca87d645ca3a91b1e36a6c0f7d921999fcfc0bf3159a2" }, "geometry": { "type": "Polygon", "coordinates": [ [ [ -65.0, 10.0 ], [ -65.0, 15.0 ], [ -70.0, 15.0 ], [ -70.0, 10.0 ], [ -65.0, 10.0 ] ] ] } },
{ "type": "Feature", "properties": { "path": "./Height/southamerica/w045_s05_w040_s10.zip", "SHA512": "7da9a693acab2ee16209cdd0f32a819d2e7cb1ec4787c8112a3f664aa7c630bb49bf9cc086f4fad99ecff87aaa8d10b429b918b5efa5226834438d0c83b20411" }, "geometry": { "type": "Polygon", "coordinates": [ [ [ -40.0, -10.0 ], [ -40.0, -5.0 ], [ -45.0, -5.0 ], [ -45.0, -10.0 ], [ -40.0, -10.0 ] ] ] } },
{ "type": "Feature", "properties": { "path": "./Height/southamerica/w075_n10_w070_n05.zip", "SHA512": "5ad5e7b6d20a12d30168128d3a4a5346415ba708eaed714b4d4c8cddf0b5d910e2565277968955b184c9561e5b8cc0576c7c7003e7f3027c5e500e44964af992" }, "geometry": { "type": "Polygon", "coordinates": [ [ [ -70.0, 5.0 ], [ -70.0, 10.0 ], [ -75.0, 10.0 ], [ -75.0, 5.0 ], [ -70.0, 5.0 ] ] ] } },
{ "type": "Feature", "properties": { "path": "./Height/southamerica/w075_n00_w070_s05.zip", "SHA512": "1019cc760020aa154a94d9ceda464103a6eb7cba1ed86aeb087302cd21efb4a1db93801c3c3a09ac19d9987e7004f0ab4e06d0c22fe037220148c33ecc27ad73" }, "geometry": { "type": "Polygon", "coordinates": [ [ [ -70.0, -5.0 ], [ -70.0, 0.0 ], [ -75.0, 0.0 ], [ -75.0, -5.0 ], [ -70.0, -5.0 ] ] ] } },
{ "type": "Feature", "properties": { "path": "./Height/southamerica/w075_s35_w070_s40.zip", "SHA512": "1ba68634566d6ac32a3920b70e95deb7fddd07f42e17b09656ec98fdcc521c024b01f3c145995dcb0aa1aa35fc562a6db846bf20ec2ea914042cab713f580495" }, "geometry": { "type": "Polygon", "coordinates": [ [ [ -70.0, -40.0 ], [ -70.0, -35.0 ], [ -75.0, -35.0 ], [ -75.0, -40.0 ], [ -70.0, -40.0 ] ] ] } },
{ "type": "Feature", "properties": { "path": "./Height/southamerica/w055_n05_w050_n00.zip", "SHA512": "77283a3987e52f1ffd055b30f609daf5e41c0d1c0612b59d43abc5642fddd277f2752243d713b9f184bae1ff73266e8e957e149608d3b2ec9b5473dc6ecf31ef" }, "geometry": { "type": "Polygon", "coordinates": [ [ [ -50.0, 0.0 ], [ -50.0, 5.0 ], [ -55.0, 5.0 ], [ -55.0, 0.0 ], [ -50.0, 0.0 ] ] ] } },
{ "type": "Feature", "properties": { "path": "./Height/southamerica/w070_n10_w065_n05.zip", "SHA512": "a0077e41471e1d875a78d6922c036dde6fb6a0d24bf6bacc51265ac1d5165d5a758549971e46c06a38a390f4206267cb8d9dff10cff769ebe4600da940bce1f6" }, "geometry": { "type": "Polygon", "coordinates": [ [ [ -65.0, 5.0 ], [ -65.0, 10.0 ], [ -70.0, 10.0 ], [ -70.0, 5.0 ], [ -65.0, 5.0 ] ] ] } },
{ "type": "Feature", "properties": { "path": "./Height/southamerica/w070_s55_w065_s60.zip", "SHA512": "549c654c624ff2783064886d88f5b3154c09c34f5eb459c078276a4dce3c69118837a1acf52858453df0996fac05dd46b29a8e2484031947cd2d13aa8d4b0d63" }, "geometry": { "type": "Polygon", "coordinates": [ [ [ -65.0, -60.0 ], [ -65.0, -55.0 ], [ -70.0, -55.0 ], [ -70.0, -60.0 ], [ -65.0, -60.0 ] ] ] } },
{ "type": "Feature", "properties": { "path": "./Height/southamerica/w075_s30_w070_s35.zip", "SHA512": "f06ac0d166eccad31956f28236a7efa52462c85a4bb469ad1bd09f1c94f8fc7f13127b208c146f26c349913b74f0a1abc0ee212c02a204638f5752e6ab20ab40" }, "geometry": { "type": "Polygon", "coordinates": [ [ [ -70.0, -35.0 ], [ -70.0, -30.0 ], [ -75.0, -30.0 ], [ -75.0, -35.0 ], [ -70.0, -35.0 ] ] ] } },
{ "type": "Feature", "properties": { "path": "./Height/southamerica/w055_n00_w050_s05.zip", "SHA512": "55f45cc2dc207383d6bae0d2b0338e366a2a7737b213ce4a9595de4b833e38efc1c7f6fcb999ea9f9867cdbf5b111c97bef356101dffd1272cb47e6241830582" }, "geometry": { "type": "Polygon", "coordinates": [ [ [ -50.0, -5.0 ], [ -50.0, 0.0 ], [ -55.0, 0.0 ], [ -55.0, -5.0 ], [ -50.0, -5.0 ] ] ] } },
{ "type": "Feature", "properties": { "path": "./Height/southamerica/w045_n00_w040_s05.zip", "SHA512": "12739bfb86520efb9a12de85e7950c7e28450469037d215c71d605dda00bb74591deb27b8aaf9b4df80fa063f139ac735cce976c7933919ba11245bd12ad795b" }, "geometry": { "type": "Polygon", "coordinates": [ [ [ -40.0, -5.0 ], [ -40.0, 0.0 ], [ -45.0, 0.0 ], [ -45.0, -5.0 ], [ -40.0, -5.0 ] ] ] } },
{ "type": "Feature", "properties": { "path": "./Height/southamerica/w045_s10_w040_s15.zip", "SHA512": "383d4d15d66cc00d648419a923d457c953665f8dbadf1988f6f422a901d76c87c9b6647ba72e0f4f9f1c0dd9b7bdcfba68e51c9663c15d8e4eeeced47c46984a" }, "geometry": { "type": "Polygon", "coordinates": [ [ [ -40.0, -15.0 ], [ -40.0, -10.0 ], [ -45.0, -10.0 ], [ -45.0, -15.0 ], [ -40.0, -15.0 ] ] ] } },
{ "type": "Feature", "properties": { "path": "./Height/southamerica/w075_s50_w070_s55.zip", "SHA512": "7417d863411b4af40b7422b3b58d6ded983fa5bc9ba99679c5010a841f9bba43e84a4c04ba31455f5b6d7e4a8ac5be959479aba4879b3df73bde775404cb573f" }, "geometry": { "type": "Polygon", "coordinates": [ [ [ -70.0, -55.0 ], [ -70.0, -50.0 ], [ -75.0, -50.0 ], [ -75.0, -55.0 ], [ -70.0, -55.0 ] ] ] } },
{ "type": "Feature", "properties": { "path": "./Height/southamerica/w065_n10_w060_n05.zip", "SHA512": "12febfff1e0673b0f76dfd4bfa81e2a168ad76d6718e15f2299e69f9926c06397affdc412429a52ffad3ade26a30c6cdcd004084b126711430d1e5ce7b422e81" }, "geometry": { "type": "Polygon", "coordinates": [ [ [ -60.0, 5.0 ], [ -60.0, 10.0 ], [ -65.0, 10.0 ], [ -65.0, 5.0 ], [ -60.0, 5.0 ] ] ] } },
{ "type": "Feature", "properties": { "path": "./Height/southamerica/w075_s40_w070_s45.zip", "SHA512": "20f8429fcce44a899c1b160c60e50e72644483ceccba40ac404b84e7145ec021c5850992ab01406cdb1ce96f82f205da5c4c81f5f8c1f0673fa4059adc540235" }, "geometry": { "type": "Polygon", "coordinates": [ [ [ -70.0, -45.0 ], [ -70.0, -40.0 ], [ -75.0, -40.0 ], [ -75.0, -45.0 ], [ -70.0, -45.0 ] ] ] } },
{ "type": "Feature", "properties": { "path": "./Height/southamerica/w030_s20_w025_s25.zip", "SHA512": "787c10dd658f6484fdf4b4b8fbe1752a1d54f6639af695bfed321e32a68530da3d7453f8592cc77b8b8858c0d2d7b58500fae4259fedd0a6264a78cba6857ed5" }, "geometry": { "type": "Polygon", "coordinates": [ [ [ -25.0, -25.0 ], [ -25.0, -20.0 ], [ -30.0, -20.0 ], [ -30.0, -25.0 ], [ -25.0, -25.0 ] ] ] } },
{ "type": "Feature", "properties": { "path": "./Height/southamerica/w090_n15_w085_n10.zip", "SHA512": "e3b5dbfcd0245d861226704f21364c3a830302ba138d71f4c1f70e79f461adfa54c87766ddfa8ba4e7b61fac8720384057d38f6e9ce59f63bf67bb607f8e9a3a" }, "geometry": { "type": "Polygon", "coordinates": [ [ [ -85.0, 10.0 ], [ -85.0, 15.0 ], [ -90.0, 15.0 ], [ -90.0, 10.0 ], [ -85.0, 10.0 ] ] ] } },
{ "type": "Feature", "properties": { "path": "./Height/southamerica/w070_s15_w065_s20.zip", "SHA512": "b085448d968315524598f2ead2fcd25e499019515bc392e4bc4ac606c6c7f29051591a0eb082a33176c7efcffef4004e31ef2ba279f4ab6bcb147ee4d6279498" }, "geometry": { "type": "Polygon", "coordinates": [ [ [ -65.0, -20.0 ], [ -65.0, -15.0 ], [ -70.0, -15.0 ], [ -70.0, -20.0 ], [ -65.0, -20.0 ] ] ] } },
{ "type": "Feature", "properties": { "path": "./Height/southamerica/w070_n05_w065_n00.zip", "SHA512": "88f9c8c133ee56d6a487dbc646c5d2341e0409722ff1186e1f1217f41dd48fef0cdb74df2553fe5fd314eeb93df7524bb5970cb156cc9bd30ace9ad5d6a7f76e" }, "geometry": { "type": "Polygon", "coordinates": [ [ [ -65.0, 0.0 ], [ -65.0, 5.0 ], [ -70.0, 5.0 ], [ -70.0, 0.0 ], [ -65.0, 0.0 ] ] ] } },
{ "type": "Feature", "properties": { "path": "./Height/southamerica/w070_n00_w065_s05.zip", "SHA512": "ed23f7e67a054b5a918514021b5caed91684116d09ac1d7f385c505f4ae7ee09162c216b07bf2b1580434769b743cd2981b7f1a6f82d9cc2ba6db0e5c50deb14" }, "geometry": { "type": "Polygon", "coordinates": [ [ [ -65.0, -5.0 ], [ -65.0, 0.0 ], [ -70.0, 0.0 ], [ -70.0, -5.0 ], [ -65.0, -5.0 ] ] ] } },
{ "type": "Feature", "properties": { "path": "./Height/southamerica/w050_n00_w045_s05.zip", "SHA512": "5df84330a7e2ee6abcd22c299493a4ec68c0ddf06bc08881af57b0ad3372819f2ed13da8504b12b730559a581f5e408e16ca58d11290ebfd067df5cfc5dae355" }, "geometry": { "type": "Polygon", "coordinates": [ [ [ -45.0, -5.0 ], [ -45.0, 0.0 ], [ -50.0, 0.0 ], [ -50.0, -5.0 ], [ -45.0, -5.0 ] ] ] } },
{ "type": "Feature", "properties": { "path": "./Height/southamerica/w060_n15_w055_n10.zip", "SHA512": "5b447c078d3a7292853356f66a872da5335e3708c90f901861adfb5d01f96437cf2568c4bbbc11216833cd2031dd570f9b7b5b5312c194a23c042b7fdc792c82" }, "geometry": { "type": "Polygon", "coordinates": [ [ [ -55.0, 10.0 ], [ -55.0, 15.0 ], [ -60.0, 15.0 ], [ -60.0, 10.0 ], [ -55.0, 10.0 ] ] ] } },
{ "type": "Feature", "properties": { "path": "./Height/southamerica/w065_s35_w060_s40.zip", "SHA512": "0b260a1d3547e52b9590acb6ef9397a52fab1e29e3b65f17acee6abad14fcb851ccf1bdd8ee1777dd83486bb9b95e5db0160bcdb2e74cfe61cce13050e0165e3" }, "geometry": { "type": "Polygon", "coordinates": [ [ [ -60.0, -40.0 ], [ -60.0, -35.0 ], [ -65.0, -35.0 ], [ -65.0, -40.0 ], [ -60.0, -40.0 ] ] ] } },
{ "type": "Feature", "properties": { "path": "./Height/southamerica/w075_n15_w070_n10.zip", "SHA512": "3ba35540f22c9a56e8f6752809f650c151e1d8e14af0859f58c8e732149fc778ff65e4742ca3dfabad63c26b5882c71225ce29ad49808599917e9979c246935c" }, "geometry": { "type": "Polygon", "coordinates": [ [ [ -70.0, 10.0 ], [ -70.0, 15.0 ], [ -75.0, 15.0 ], [ -75.0, 10.0 ], [ -70.0, 10.0 ] ] ] } },
{ "type": "Feature", "properties": { "path": "./Height/southamerica/w055_s10_w050_s15.zip", "SHA512": "35aec3a6f1251551bf5c50c335ecfe38e656b9d2bb273414a4191dc1836035f4b6537497322eb0eec5d5e991dea2bf73639fc0d0486a48b1aa173e50958cf96a" }, "geometry": { "type": "Polygon", "coordinates": [ [ [ -50.0, -15.0 ], [ -50.0, -10.0 ], [ -55.0, -10.0 ], [ -55.0, -15.0 ], [ -50.0, -15.0 ] ] ] } },
{ "type": "Feature", "properties": { "path": "./Height/southamerica/w065_s05_w060_s10.zip", "SHA512": "776348e4daef7eacba66c30ecc48dc2b790388b04783632312fb240a05b6dd3b2958a871cb1f0dda6277a19a50995bf6078bf655317c63de04ff51de529ceffa" }, "geometry": { "type": "Polygon", "coordinates": [ [ [ -60.0, -10.0 ], [ -60.0, -5.0 ], [ -65.0, -5.0 ], [ -65.0, -10.0 ], [ -60.0, -10.0 ] ] ] } },
{ "type": "Feature", "properties": { "path": "./Height/southamerica/w055_s20_w050_s25.zip", "SHA512": "18e92b7d7d3b0618ab71b44cf0ab84da1ac1794cb598bb32af35de2f145229d96648a840383d326f7b519640f32217214c965e2de131292497e7a41f54c9ff49" }, "geometry": { "type": "Polygon", "coordinates": [ [ [ -50.0, -25.0 ], [ -50.0, -20.0 ], [ -55.0, -20.0 ], [ -55.0, -25.0 ], [ -50.0, -25.0 ] ] ] } },
{ "type": "Feature", "properties": { "path": "./Height/southamerica/w070_s35_w065_s40.zip", "SHA512": "d3d101e12660bb0c3d4ff811ab998a3c39c3f58a21fa25cbe899c33e3f9c981d93a27357bdc6bf9ce002be0ce1975cea91569efe0bb393c22d2b44663fe6de53" }, "geometry": { "type": "Polygon", "coordinates": [ [ [ -65.0, -40.0 ], [ -65.0, -35.0 ], [ -70.0, -35.0 ], [ -70.0, -40.0 ], [ -65.0, -40.0 ] ] ] } },
{ "type": "Feature", "properties": { "path": "./Height/southamerica/w085_n10_w080_n05.zip", "SHA512": "ccab565967e5b6b562bbe1ec5d30beb16ea058b4a717f899d2d6f5b63d7afa2990d417f737b4ec45d134b0b74b7f56ad43ab68fd7c823f845673fea0db5c6cec" }, "geometry": { "type": "Polygon", "coordinates": [ [ [ -80.0, 5.0 ], [ -80.0, 10.0 ], [ -85.0, 10.0 ], [ -85.0, 5.0 ], [ -80.0, 5.0 ] ] ] } },
{ "type": "Feature", "properties": { "path": "./Height/southamerica/w070_s25_w065_s30.zip", "SHA512": "952d2b2c3d603c219b7c8c21bd3b701d87e5b1690d306cfb8fdc6be82cc8f2259de1eb2bdddb664b10ae017159982d9a73490abd172e7c581713bfb416e752eb" }, "geometry": { "type": "Polygon", "coordinates": [ [ [ -65.0, -30.0 ], [ -65.0, -25.0 ], [ -70.0, -25.0 ], [ -70.0, -30.0 ], [ -65.0, -30.0 ] ] ] } },
{ "type": "Feature", "properties": { "path": "./Height/southamerica/w085_s05_w080_s10.zip", "SHA512": "b1f73282df488c081f6de5b39450083067df0463ea5a7acaf67e9954aadc1c47b8d7be90e77d5a922afbe75cdf52600013765dc2c178f3b6c3050a6ca8bf2d4d" }, "geometry": { "type": "Polygon", "coordinates": [ [ [ -80.0, -10.0 ], [ -80.0, -5.0 ], [ -85.0, -5.0 ], [ -85.0, -10.0 ], [ -80.0, -10.0 ] ] ] } },
{ "type": "Feature", "properties": { "path": "./Height/southamerica/w080_n15_w075_n10.zip", "SHA512": "00a4cafb4dce2ad0e0e9867eb6d3dae17a934a2060a8adef3a3ac30db66b57f961e46a5ff91d6c714af4ddb4de0d54fb00675506a3c7aabda8b15654b907cd1b" }, "geometry": { "type": "Polygon", "coordinates": [ [ [ -75.0, 10.0 ], [ -75.0, 15.0 ], [ -80.0, 15.0 ], [ -80.0, 10.0 ], [ -75.0, 10.0 ] ] ] } },
{ "type": "Feature", "properties": { "path": "./Height/southamerica/w050_s10_w045_s15.zip", "SHA512": "c52808b84428e0ded1af41a356e420f081cc3581690f6750b6dc52194a4c35d5e41411719b9bc63b1c33883a963db96a1fddcd03d2b0de9679757a00a1da22c7" }, "geometry": { "type": "Polygon", "coordinates": [ [ [ -45.0, -15.0 ], [ -45.0, -10.0 ], [ -50.0, -10.0 ], [ -50.0, -15.0 ], [ -45.0, -15.0 ] ] ] } },
{ "type": "Feature", "properties": { "path": "./Height/southamerica/w060_s15_w055_s20.zip", "SHA512": "14cecb142d10726a9c1f1f64210c12cd8968e1d45249339d3547ca92d3bca47bdf724b95a84899f2e48163206d8765fe081a8e4a5bb8fad9d802d57f55a98104" }, "geometry": { "type": "Polygon", "coordinates": [ [ [ -55.0, -20.0 ], [ -55.0, -15.0 ], [ -60.0, -15.0 ], [ -60.0, -20.0 ], [ -55.0, -20.0 ] ] ] } },
{ "type": "Feature", "properties": { "path": "./Height/southamerica/w095_n00_w090_s05.zip", "SHA512": "25ded3c2a8021c9310984f23ac9fa655c8da6bf13a13735e358b05dd9b691dca40f5a39c936cd4a9cbf92fe200655eca32b6919ba2a6845f0f3d653012a87af8" }, "geometry": { "type": "Polygon", "coordinates": [ [ [ -90.0, -5.0 ], [ -90.0, 0.0 ], [ -95.0, 0.0 ], [ -95.0, -5.0 ], [ -90.0, -5.0 ] ] ] } },
{ "type": "Feature", "properties": { "path": "./Height/southamerica/w070_s50_w065_s55.zip", "SHA512": "e4c64d404fcbe370e13d9f11a9c67cfc5e6e1baa8cd8ca0d06f0ce5854d332cb218e5f81c95261bfbceefdfd1a05ef7899210934c8fae3f4620e2ef119b22d91" }, "geometry": { "type": "Polygon", "coordinates": [ [ [ -65.0, -55.0 ], [ -65.0, -50.0 ], [ -70.0, -50.0 ], [ -70.0, -55.0 ], [ -65.0, -55.0 ] ] ] } },
{ "type": "Feature", "properties": { "path": "./Height/southamerica/w060_s35_w055_s40.zip", "SHA512": "4c0f028d98a83e97f8f1353342f402855f806329eeda51f8badba0ed6f7e8c66207edc67d84c4f0ec8ec1a60560ebe756f4a15b5900d95b1ba782c22b7a3ad26" }, "geometry": { "type": "Polygon", "coordinates": [ [ [ -55.0, -40.0 ], [ -55.0, -35.0 ], [ -60.0, -35.0 ], [ -60.0, -40.0 ], [ -55.0, -40.0 ] ] ] } },
{ "type": "Feature", "properties": { "path": "./Height/southamerica/w035_s05_w030_s10.zip", "SHA512": "4d6c0a98ff0a27c4d60e90160832eb411ac9aa68e5874e1a921b38624f49585ea1a520ce061e5165c49ca1d15a7e61ca96faa0d0a6b15f36e71b23d2dd7cbee2" }, "geometry": { "type": "Polygon", "coordinates": [ [ [ -30.0, -10.0 ], [ -30.0, -5.0 ], [ -35.0, -5.0 ], [ -35.0, -10.0 ], [ -30.0, -10.0 ] ] ] } },
{ "type": "Feature", "properties": { "path": "./Height/southamerica/w050_n05_w045_n00.zip", "SHA512": "888acea9ab1381090d7eaed70247710647e7108bedad9c92740f35dcf0fb5617889c51503291ed149bd886d9cb0f77101a5edc6a0b0b5d881708df84c49e0888" }, "geometry": { "type": "Polygon", "coordinates": [ [ [ -45.0, 0.0 ], [ -45.0, 5.0 ], [ -50.0, 5.0 ], [ -50.0, 0.0 ], [ -45.0, 0.0 ] ] ] } },
{ "type": "Feature", "properties": { "path": "./Height/southamerica/w040_s15_w035_s20.zip", "SHA512": "cd971e754dba17dd532113f49e3b2c98a475467c8dd2c1740bfa82691910891e41ec2bc5450790d291250089d1a2bfecc0eec8c581035db877a229e16cc487ce" }, "geometry": { "type": "Polygon", "coordinates": [ [ [ -35.0, -20.0 ], [ -35.0, -15.0 ], [ -40.0, -15.0 ], [ -40.0, -20.0 ], [ -35.0, -20.0 ] ] ] } },
{ "type": "Feature", "properties": { "path": "./Height/southamerica/w055_s30_w050_s35.zip", "SHA512": "5976f23b0c65da8bef4487bbd5d8acc91e0f0006be6ed1fe9b8e699f832588ee59e4f069073e97b7956cbc02918b79c2fa6a624531fed7e1daeeaf39b408184d" }, "geometry": { "type": "Polygon", "coordinates": [ [ [ -50.0, -35.0 ], [ -50.0, -30.0 ], [ -55.0, -30.0 ], [ -55.0, -35.0 ], [ -50.0, -35.0 ] ] ] } },
{ "type": "Feature", "properties": { "path": "./Height/southamerica/w065_s30_w060_s35.zip", "SHA512": "175128e5baee3fb24028df522244dc0d8ba2d34cb0a8ad0495168d22a8eb2048b92902399f34fda339f8e7e40e39161500a07b3f9250bdbf8c8a180b6a5afff7" }, "geometry": { "type": "Polygon", "coordinates": [ [ [ -60.0, -35.0 ], [ -60.0, -30.0 ], [ -65.0, -30.0 ], [ -65.0, -35.0 ], [ -60.0, -35.0 ] ] ] } },
{ "type": "Feature", "properties": { "path": "./Height/southamerica/w075_s10_w070_s15.zip", "SHA512": "faa4ce88123346337fa606f7ab4846f094324708daffea54c5184d5660e24f521f1841b798936528707659afb84ed645a23e539395fadd16a28ad1241dbcd159" }, "geometry": { "type": "Polygon", "coordinates": [ [ [ -70.0, -15.0 ], [ -70.0, -10.0 ], [ -75.0, -10.0 ], [ -75.0, -15.0 ], [ -70.0, -15.0 ] ] ] } },
{ "type": "Feature", "properties": { "path": "./Height/southamerica/w060_n00_w055_s05.zip", "SHA512": "a18eb66be0c9a7b8f55bbcd01fb1b50a78c5efbccc0b844f4ed0ffd92753ce2437cf1eeb021e0a5d0aa3113ff2850f50c5b44bba80fc7e19af4964b13516f61a" }, "geometry": { "type": "Polygon", "coordinates": [ [ [ -55.0, -5.0 ], [ -55.0, 0.0 ], [ -60.0, 0.0 ], [ -60.0, -5.0 ], [ -55.0, -5.0 ] ] ] } },
{ "type": "Feature", "properties": { "path": "./Height/southamerica/w080_n05_w075_n00.zip", "SHA512": "0874782def7b37be71535cd0a7d060b836acb2b7c60ffc24cc2545171aaecdcfa476e341ed37990b9b2f917cd1ea2ac9c9105330de593a9c1a6d94f55715d76f" }, "geometry": { "type": "Polygon", "coordinates": [ [ [ -75.0, 0.0 ], [ -75.0, 5.0 ], [ -80.0, 5.0 ], [ -80.0, 0.0 ], [ -75.0, 0.0 ] ] ] } },
{ "type": "Feature", "properties": { "path": "./Height/southamerica/w080_s10_w075_s15.zip", "SHA512": "f8ab0e6212d95bf1d6999d545b22b60a6008d2b27962afdb19ec2d4da6d0aa99ee058fdaaf59e46193adf8abd1d9d60717c557b913d95c0aac1a439a1cc6c09c" }, "geometry": { "type": "Polygon", "coordinates": [ [ [ -75.0, -15.0 ], [ -75.0, -10.0 ], [ -80.0, -10.0 ], [ -80.0, -15.0 ], [ -75.0, -15.0 ] ] ] } },
{ "type": "Feature", "properties": { "path": "./Height/southamerica/w085_n15_w080_n10.zip", "SHA512": "e02bb66fad66846162be0b8be3d0c3a8eae1c27b08be336c179c115a5a7628b9b934803272b7ceb277788ff965cd0d12a1cc5e3e92bb69b7d08a26d00519f0d8" }, "geometry": { "type": "Polygon", "coordinates": [ [ [ -80.0, 10.0 ], [ -80.0, 15.0 ], [ -85.0, 15.0 ], [ -85.0, 10.0 ], [ -80.0, 10.0 ] ] ] } },
{ "type": "Feature", "properties": { "path": "./Height/southamerica/w060_n05_w055_n00.zip", "SHA512": "a945a21a0582d796856ea4f6893e1cc45248077abbce18f5850469d0ca9ca46afdd7602931b3537648c1a5ea1b791efecd977a85267fc30b919551d2be6137d4" }, "geometry": { "type": "Polygon", "coordinates": [ [ [ -55.0, 0.0 ], [ -55.0, 5.0 ], [ -60.0, 5.0 ], [ -60.0, 0.0 ], [ -55.0, 0.0 ] ] ] } },
{ "type": "Feature", "properties": { "path": "./Height/southamerica/w040_s05_w035_s10.zip", "SHA512": "ff01999502630bcc597c7971a6fdac838dae5cef29728e72bb612b11bbf19bf3d3dd4136b11ba31d6e66c8132f556afd57f3e827cdff650c25ea053bbedc4b17" }, "geometry": { "type": "Polygon", "coordinates": [ [ [ -35.0, -10.0 ], [ -35.0, -5.0 ], [ -40.0, -5.0 ], [ -40.0, -10.0 ], [ -35.0, -10.0 ] ] ] } },
{ "type": "Feature", "properties": { "path": "./Height/southamerica/w085_n05_w080_n00.zip", "SHA512": "403b6c3f480d713ec59f3190095067a991cbe056dce5112336dbaff821029a85fb40134c8259a965e20efc7f0df827534656a5dfdf4f4aa33914b6ce73d14227" }, "geometry": { "type": "Polygon", "coordinates": [ [ [ -80.0, 0.0 ], [ -80.0, 5.0 ], [ -85.0, 5.0 ], [ -85.0, 0.0 ], [ -80.0, 0.0 ] ] ] } },
{ "type": "Feature", "properties": { "path": "./Height/southamerica/w075_s15_w070_s20.zip", "SHA512": "181a990024748a95e993369aa68fd83b98e94f3123efd0b17bb4c0fa6dc3c074841231dc3a2fb50360858a5fb49dfb161f0086828934aa4180c47f6a1fe33f99" }, "geometry": { "type": "Polygon", "coordinates": [ [ [ -70.0, -20.0 ], [ -70.0, -15.0 ], [ -75.0, -15.0 ], [ -75.0, -20.0 ], [ -70.0, -20.0 ] ] ] } },
{ "type": "Feature", "properties": { "path": "./Height/southamerica/w040_s10_w035_s15.zip", "SHA512": "d601dcb8dc5d2232cc186728d5731a00b3f5a4dc524938fa38c4adf6f8e27eb657f568acea432d08ec4b6933d92de990ffa27cce7b3084b4ca7ba6f3d0a5a2a7" }, "geometry": { "type": "Polygon", "coordinates": [ [ [ -35.0, -15.0 ], [ -35.0, -10.0 ], [ -40.0, -10.0 ], [ -40.0, -15.0 ], [ -35.0, -15.0 ] ] ] } },
{ "type": "Feature", "properties": { "path": "./Height/southamerica/w080_n00_w075_s05.zip", "SHA512": "786642b610751a672fdb99851c457b295bd803cd194e1a28e066825dcdd502db3694e5fb917995e21d8d92a4d3768c0b0bc20673360c7cedcdde84fb01e94a17" }, "geometry": { "type": "Polygon", "coordinates": [ [ [ -75.0, -5.0 ], [ -75.0, 0.0 ], [ -80.0, 0.0 ], [ -80.0, -5.0 ], [ -75.0, -5.0 ] ] ] } },
{ "type": "Feature", "properties": { "path": "./Height/southamerica/w075_s05_w070_s10.zip", "SHA512": "5fea098772ab0d5abb052197bcb3ee100be7311b536b18ec7e0d806b806ae989e3b528419d24562bb9c3c3c0f8e0b58305dc7ece9b5952775321889f2a5dc1f1" }, "geometry": { "type": "Polygon", "coordinates": [ [ [ -70.0, -10.0 ], [ -70.0, -5.0 ], [ -75.0, -5.0 ], [ -75.0, -10.0 ], [ -70.0, -10.0 ] ] ] } },
{ "type": "Feature", "properties": { "path": "./Height/southamerica/w090_n00_w085_s05.zip", "SHA512": "9d9ee0424730484f08fd4dd554a3c95e1997bc1d257ab77a59a954a62e764189bb57e0ca8042a5dc5351e8bca6e1d0aa241ba0244853ab51677b9ce8e1a7c2da" }, "geometry": { "type": "Polygon", "coordinates": [ [ [ -85.0, -5.0 ], [ -85.0, 0.0 ], [ -90.0, 0.0 ], [ -90.0, -5.0 ], [ -85.0, -5.0 ] ] ] } },
{ "type": "Feature", "properties": { "path": "./Height/southamerica/w085_n00_w080_s05.zip", "SHA512": "60c1b29a9e7ba3245cb348569cbc3eec699501120399b225dd1481f136172ac27bcefe0ef0f7994a44d44d59bc862815d740472815ba88c067e5b79497e7c203" }, "geometry": { "type": "Polygon", "coordinates": [ [ [ -80.0, -5.0 ], [ -80.0, 0.0 ], [ -85.0, 0.0 ], [ -85.0, -5.0 ], [ -80.0, -5.0 ] ] ] } },
{ "type": "Feature", "properties": { "path": "./Height/southamerica/w075_n05_w070_n00.zip", "SHA512": "93724f1319c1cdbc6ffcae5515911a85af081193c80aaa24aa87ed1fd19d4169e31f55c5fba9dbf448e0e528b4340f7d886a6475936da7e242e2a8dfccba0574" }, "geometry": { "type": "Polygon", "coordinates": [ [ [ -70.0, 0.0 ], [ -70.0, 5.0 ], [ -75.0, 5.0 ], [ -75.0, 0.0 ], [ -70.0, 0.0 ] ] ] } },
{ "type": "Feature", "properties": { "path": "./Height/southamerica/w050_s20_w045_s25.zip", "SHA512": "20c17db5d62164b330163cc6d47a586a5dba7fb44c6186499925688678d4cbea3f0da89fdefc989ab5af77923f9ee86d51d71ba8099bd32c2cf64dd8cd559307" }, "geometry": { "type": "Polygon", "coordinates": [ [ [ -45.0, -25.0 ], [ -45.0, -20.0 ], [ -50.0, -20.0 ], [ -50.0, -25.0 ], [ -45.0, -25.0 ] ] ] } },
{ "type": "Feature", "properties": { "path": "./Height/southamerica/w065_s50_w060_s55.zip", "SHA512": "f044b9d44032a29d61bde9e744531cb903ea6bed416a1cb972afbbd41fecd679a3962259d17e78b7284fcee126dfae6301babf8b1f336777886ad5919f6ee38a" }, "geometry": { "type": "Polygon", "coordinates": [ [ [ -60.0, -55.0 ], [ -60.0, -50.0 ], [ -65.0, -50.0 ], [ -65.0, -55.0 ], [ -60.0, -55.0 ] ] ] } },
{ "type": "Feature", "properties": { "path": "./Height/southamerica/w055_s05_w050_s10.zip", "SHA512": "da026ddb87ad8813702741df142731991b919762103ac818cfcf61321478f2c8572a9635fe7b4b6410907998cb90124801b2ca143bf1e1da6dc8664b47e4a187" }, "geometry": { "type": "Polygon", "coordinates": [ [ [ -50.0, -10.0 ], [ -50.0, -5.0 ], [ -55.0, -5.0 ], [ -55.0, -10.0 ], [ -50.0, -10.0 ] ] ] } },
{ "type": "Feature", "properties": { "path": "./Height/southamerica/w080_s15_w075_s20.zip", "SHA512": "6b3bbb3e544e759a08b42b8bea290f58bf6d450dfdd471907ee00f328e5a8e09479967f5b69229598118809158a3f86fb3be11b3731da8f60273530c60cbca5b" }, "geometry": { "type": "Polygon", "coordinates": [ [ [ -75.0, -20.0 ], [ -75.0, -15.0 ], [ -80.0, -15.0 ], [ -80.0, -20.0 ], [ -75.0, -20.0 ] ] ] } },
{ "type": "Feature", "properties": { "path": "./Height/southamerica/w060_s10_w055_s15.zip", "SHA512": "f34a17f2249996415eec5d955422a41a1c0b4fdde080bb3907f05ee9430612aa3eb9f17eb267e8c5982fd2509e42b748a9429139f3d32e7e6d44b9b6aa79e882" }, "geometry": { "type": "Polygon", "coordinates": [ [ [ -55.0, -15.0 ], [ -55.0, -10.0 ], [ -60.0, -10.0 ], [ -60.0, -15.0 ], [ -55.0, -15.0 ] ] ] } },
{ "type": "Feature", "properties": { "path": "./Height/southamerica/w075_s20_w070_s25.zip", "SHA512": "6dfddbbdc14ea89163387a52711a2691ea59bfd16b368a6709f36b2ce80969ffeb8430fabd52f5950c2ccd4b1f2833c3664922b466ad5c41ec02e49eca054804" }, "geometry": { "type": "Polygon", "coordinates": [ [ [ -70.0, -25.0 ], [ -70.0, -20.0 ], [ -75.0, -20.0 ], [ -75.0, -25.0 ], [ -70.0, -25.0 ] ] ] } },
{ "type": "Feature", "properties": { "path": "./Height/southamerica/w035_n00_w030_s05.zip", "SHA512": "6fbd6e90334884565aa303c827bc8b1a866ce63279e1b1b53eeda024c39df9f2c6420eb423ee73bdc520a0606ec136227387941d4c9bdf819131300a7011e061" }, "geometry": { "type": "Polygon", "coordinates": [ [ [ -30.0, -5.0 ], [ -30.0, 0.0 ], [ -35.0, 0.0 ], [ -35.0, -5.0 ], [ -30.0, -5.0 ] ] ] } },
{ "type": "Feature", "properties": { "path": "./Height/southamerica/w070_s30_w065_s35.zip", "SHA512": "3efd3a462e2c6243ea436ab01e3921b22fad0f14e4eeeb1539b40afbdefff55ebefb5401f452f64d1da7bf8ab424beb41e9335db2b9cde07136b8a21f5d1357c" }, "geometry": { "type": "Polygon", "coordinates": [ [ [ -65.0, -35.0 ], [ -65.0, -30.0 ], [ -70.0, -30.0 ], [ -70.0, -35.0 ], [ -65.0, -35.0 ] ] ] } },
{ "type": "Feature", "properties": { "path": "./Height/southamerica/w065_s25_w060_s30.zip", "SHA512": "99bcca5d47c24c974e9f72721458227daa233d6ff1db111d28f2674f140378a47c13d5bc6404860f34cd59f1b5d89e458b24a41dc9c096dffec76f69ef7d4ee6" }, "geometry": { "type": "Polygon", "coordinates": [ [ [ -60.0, -30.0 ], [ -60.0, -25.0 ], [ -65.0, -25.0 ], [ -65.0, -30.0 ], [ -60.0, -30.0 ] ] ] } },
{ "type": "Feature", "properties": { "path": "./Height/southamerica/w080_s50_w075_s55.zip", "SHA512": "63936e1461d951d33e2c3ad3facb126aade33487b10d75b3e39065da91b638958911ad28febbe0486edc8ee0bfc0ca095653bdbeae1fc72a1ce1ca6cad627351" }, "geometry": { "type": "Polygon", "coordinates": [ [ [ -75.0, -55.0 ], [ -75.0, -50.0 ], [ -80.0, -50.0 ], [ -80.0, -55.0 ], [ -75.0, -55.0 ] ] ] } },
{ "type": "Feature", "properties": { "path": "./Height/southamerica/w095_n15_w090_n10.zip", "SHA512": "d46e59f8f345634a7fa75de47589afc152376ad8dbfaef30beedf76d9bd9f0258b4bfac8ed2d96cd215e2934a2e84096bd717a2fa8cd9281188ab9fa7248bd94" }, "geometry": { "type": "Polygon", "coordinates": [ [ [ -90.0, 10.0 ], [ -90.0, 15.0 ], [ -95.0, 15.0 ], [ -95.0, 10.0 ], [ -90.0, 10.0 ] ] ] } },
{ "type": "Feature", "properties": { "path": "./Height/southamerica/w055_s25_w050_s30.zip", "SHA512": "54710d10c55a7113147654be4db8222a74c4be90676b3afc0073dcbf21bc4953f820a567d1107cec915c33ff43eac906bc5dc0341899d91abd6b00fd5014bcb6" }, "geometry": { "type": "Polygon", "coordinates": [ [ [ -50.0, -30.0 ], [ -50.0, -25.0 ], [ -55.0, -25.0 ], [ -55.0, -30.0 ], [ -50.0, -30.0 ] ] ] } },
{ "type": "Feature", "properties": { "path": "./Height/southamerica/w065_s15_w060_s20.zip", "SHA512": "db2b734808c341db11402a8e05392f5bb2c73e5f20defb9c7814837c16a9c0ca8b7c2298ff4bd689538f5415b1b1913b3651976d867ccab42681086d4cfa4c1d" }, "geometry": { "type": "Polygon", "coordinates": [ [ [ -60.0, -20.0 ], [ -60.0, -15.0 ], [ -65.0, -15.0 ], [ -65.0, -20.0 ], [ -60.0, -20.0 ] ] ] } },
{ "type": "Feature", "properties": { "path": "./Height/southamerica/w065_s20_w060_s25.zip", "SHA512": "7bdfb3aeeb962a11db70af05c365e84ec8af69a36e2d1e69c852923e87aa506202260582b7eea36ba1ade3bb7cdc84113ad3a5ed8436361bda0921428b0e7c6a" }, "geometry": { "type": "Polygon", "coordinates": [ [ [ -60.0, -25.0 ], [ -60.0, -20.0 ], [ -65.0, -20.0 ], [ -65.0, -25.0 ], [ -60.0, -25.0 ] ] ] } },
{ "type": "Feature", "properties": { "path": "./Height/southamerica/w070_s05_w065_s10.zip", "SHA512": "f68d401ef228dffd92d14ba3396043a655773712aa7ce05ed6ae45300595a1030373dd207feb371a5c60deb09512e6641987ffa8c82d4ca698d1c79d92eb9673" }, "geometry": { "type": "Polygon", "coordinates": [ [ [ -65.0, -10.0 ], [ -65.0, -5.0 ], [ -70.0, -5.0 ], [ -70.0, -10.0 ], [ -65.0, -10.0 ] ] ] } },
{ "type": "Feature", "properties": { "path": "./Height/southamerica/w045_s15_w040_s20.zip", "SHA512": "4aaa1c8d4062fd473fbf2798ea7eecc5088b6f71ddb15ebc78e1fc75318f2666178f4ae037ee4a02c3eb963cfdc38345c2fca0bc2e7c7a645dd322cc574ae4d6" }, "geometry": { "type": "Polygon", "coordinates": [ [ [ -40.0, -20.0 ], [ -40.0, -15.0 ], [ -45.0, -15.0 ], [ -45.0, -20.0 ], [ -40.0, -20.0 ] ] ] } },
{ "type": "Feature", "properties": { "path": "./Height/southamerica/w070_s20_w065_s25.zip", "SHA512": "e92a0e875442001db116363b00b38bdbce70a61176eb8b7e65712cec07f491583fa56e3cd5f24eb0b1f1367d176322221361c3af69db356030609493698575a2" }, "geometry": { "type": "Polygon", "coordinates": [ [ [ -65.0, -25.0 ], [ -65.0, -20.0 ], [ -70.0, -20.0 ], [ -70.0, -25.0 ], [ -65.0, -25.0 ] ] ] } },
{ "type": "Feature", "properties": { "path": "./Height/southamerica/w065_n15_w060_n10.zip", "SHA512": "682f481c22300258d6cbc0e1d528b19a706976b49da2fb522fb7a9f53d4bc533134db588f23f09bee066fb7e8ff205504e514b7e27d835f5977051a55304f1a1" }, "geometry": { "type": "Polygon", "coordinates": [ [ [ -60.0, 10.0 ], [ -60.0, 15.0 ], [ -65.0, 15.0 ], [ -65.0, 10.0 ], [ -60.0, 10.0 ] ] ] } },
{ "type": "Feature", "properties": { "path": "./Height/southamerica/w050_s15_w045_s20.zip", "SHA512": "64da07cb0ee06f522ad8c94a50ffd425d49f2cbed8f8714f4d6ee6c0bbaa6eefc02bcd5b960dbf85e7cf7ca1eac1c5e6fc37a86553de05ba1e1847b7f6eb7175" }, "geometry": { "type": "Polygon", "coordinates": [ [ [ -45.0, -20.0 ], [ -45.0, -15.0 ], [ -50.0, -15.0 ], [ -50.0, -20.0 ], [ -45.0, -20.0 ] ] ] } },
{ "type": "Feature", "properties": { "path": "./Height/asiawest/e095_n65_e100_n60.zip", "SHA512": "3fb5da49900f691ab031af280b7f1b5d2ba82eacfbcc7570c3ae562a993f41e49b51f141bc776021d1b6b64b81b933f10aded5166047e903e747fb5570e718ac" }, "geometry": { "type": "Polygon", "coordinates": [ [ [ 100.0, 60.0 ], [ 100.0, 65.0 ], [ 95.0, 65.0 ], [ 95.0, 60.0 ], [ 100.0, 60.0 ] ] ] } },
{ "type": "Feature", "properties": { "path": "./Height/asiawest/e100_n20_e105_n15.zip", "SHA512": "42a4d8621d263f971bbbc9c6c2246da72c43ed96c2cdbba87453e92c554f52eb26addb902e5a5974305cdcaf50ccd976a051fa4e92cfa3cfa07a7f884baa219d" }, "geometry": { "type": "Polygon", "coordinates": [ [ [ 105.0, 15.0 ], [ 105.0, 20.0 ], [ 100.0, 20.0 ], [ 100.0, 15.0 ], [ 105.0, 15.0 ] ] ] } },
{ "type": "Feature", "properties": { "path": "./Height/asiawest/e100_n55_e105_n50.zip", "SHA512": "83b87a5baa8a18f681cb9572eb16135720c43a541dc82f4d89e77627af0baa3391decb13bb6b003c5a6cfdcd17bd1defd8ea7b93185c2f4aa88bf6f5d25bda5a" }, "geometry": { "type": "Polygon", "coordinates": [ [ [ 105.0, 50.0 ], [ 105.0, 55.0 ], [ 100.0, 55.0 ], [ 100.0, 50.0 ], [ 105.0, 50.0 ] ] ] } },
{ "type": "Feature", "properties": { "path": "./Height/asiawest/e090_n40_e095_n35.zip", "SHA512": "9041d028b573f81998d63a81e8c7920e7ba168c686db43bd9aa75e5a0a5c4239e8ee09f846f2e3ec77b23098ce722511b75c1a30b3c6ab5f4eacea7d5719431c" }, "geometry": { "type": "Polygon", "coordinates": [ [ [ 95.0, 35.0 ], [ 95.0, 40.0 ], [ 90.0, 40.0 ], [ 90.0, 35.0 ], [ 95.0, 35.0 ] ] ] } },
{ "type": "Feature", "properties": { "path": "./Height/asiawest/e100_n65_e105_n60.zip", "SHA512": "3d568514881e04accd89989491ec6840fbc78e4d91b620af48f92246cb6626f6e0cae09e4e51f6111e37bd7334a207ca6125deb572a6dd1cd09b3d052a9a72d8" }, "geometry": { "type": "Polygon", "coordinates": [ [ [ 105.0, 60.0 ], [ 105.0, 65.0 ], [ 100.0, 65.0 ], [ 100.0, 60.0 ], [ 105.0, 60.0 ] ] ] } },
{ "type": "Feature", "properties": { "path": "./Height/asiawest/e095_n50_e100_n45.zip", "SHA512": "7fe2c12c1875840a2ac10899c828989d4b0e8d4c16445fbce778b5b5a572755fbe941b71e3b1055306d1cfe32b538b7e265e1af9e56f4db7e8a80ac2b18098e5" }, "geometry": { "type": "Polygon", "coordinates": [ [ [ 100.0, 45.0 ], [ 100.0, 50.0 ], [ 95.0, 50.0 ], [ 95.0, 45.0 ], [ 100.0, 45.0 ] ] ] } },
{ "type": "Feature", "properties": { "path": "./Height/asiawest/e100_n75_e105_n70.zip", "SHA512": "8be0fc09cc305e7f52217e651fff6cac562d0397eab9d9d863f934225a806392ba6448d529909c10758fee79f611b41b6fd074185b7bb013ab5eb881abe61a66" }, "geometry": { "type": "Polygon", "coordinates": [ [ [ 105.0, 70.0 ], [ 105.0, 75.0 ], [ 100.0, 75.0 ], [ 100.0, 70.0 ], [ 105.0, 70.0 ] ] ] } },
{ "type": "Feature", "properties": { "path": "./Height/asiawest/e060_n30_e065_n25.zip", "SHA512": "76ea54d33d642ef96463b964c2588ec8a4eb4655a7a23e11765aeb778afa87baba219f578ee20370afb0be7b009d90211272c37da0147c4b81937aa672e1ac85" }, "geometry": { "type": "Polygon", "coordinates": [ [ [ 65.0, 25.0 ], [ 65.0, 30.0 ], [ 60.0, 30.0 ], [ 60.0, 25.0 ], [ 65.0, 25.0 ] ] ] } },
{ "type": "Feature", "properties": { "path": "./Height/asiawest/e065_n65_e070_n60.zip", "SHA512": "a815f179cd378d370d9642c4ca743a9b500feb052cbd6c6c9d23c5f76fd63f6eab01ce7295f0ceb0ca89f8925adf4f7b79352586b130d80e50225f6ac36cab10" }, "geometry": { "type": "Polygon", "coordinates": [ [ [ 70.0, 60.0 ], [ 70.0, 65.0 ], [ 65.0, 65.0 ], [ 65.0, 60.0 ], [ 70.0, 60.0 ] ] ] } },
{ "type": "Feature", "properties": { "path": "./Height/asiawest/e095_n15_e100_n10.zip", "SHA512": "768a49ee74aa261b3f6d7504714ef83d379a1d19c7358c995a014eb8e3df10732685e87de11955351e5452cda46c1684655300ba395a8e6619dc2f8936d09a9f" }, "geometry": { "type": "Polygon", "coordinates": [ [ [ 100.0, 10.0 ], [ 100.0, 15.0 ], [ 95.0, 15.0 ], [ 95.0, 10.0 ], [ 100.0, 10.0 ] ] ] } },
{ "type": "Feature", "properties": { "path": "./Height/asiawest/e105_n25_e110_n20.zip", "SHA512": "f8adc57bcd4604ac033f52c7a16837cd4df43cbf46dd6a4607f42ddc307f61dbb03fe9cbbba393e08562d347774831bfbca0a8fedaff778a536a2e38cf0cb97b" }, "geometry": { "type": "Polygon", "coordinates": [ [ [ 110.0, 20.0 ], [ 110.0, 25.0 ], [ 105.0, 25.0 ], [ 105.0, 20.0 ], [ 110.0, 20.0 ] ] ] } },
{ "type": "Feature", "properties": { "path": "./Height/asiawest/e060_n60_e065_n55.zip", "SHA512": "471f8d481054afbd869bf46057ac7a001a0b31b15f05e66afcf643542e666c495e206980a9f6e2d66c911e1916eaaa904a0ecc1d023c5dd5d8d089a83b94d18a" }, "geometry": { "type": "Polygon", "coordinates": [ [ [ 65.0, 55.0 ], [ 65.0, 60.0 ], [ 60.0, 60.0 ], [ 60.0, 55.0 ], [ 65.0, 55.0 ] ] ] } },
{ "type": "Feature", "properties": { "path": "./Height/asiawest/e065_n45_e070_n40.zip", "SHA512": "ca9c95fd4c59c7cef0faecabd837720dce86fd96e5e8ab5bdf50385bb3e4ed58588109284b0d10674c3d7b0098182c3d166717e114c0d357d6ce5b9b6b2ac620" }, "geometry": { "type": "Polygon", "coordinates": [ [ [ 70.0, 40.0 ], [ 70.0, 45.0 ], [ 65.0, 45.0 ], [ 65.0, 40.0 ], [ 70.0, 40.0 ] ] ] } },
{ "type": "Feature", "properties": { "path": "./Height/asiawest/e085_n75_e090_n70.zip", "SHA512": "5f44d5eb34a736cb26d4b22ab627796d3f2df146b17a8619475ac07402e0d260ddaf81fb9681802971184a24e17d5b2448ec1482c565d3291d10f76be5db3a04" }, "geometry": { "type": "Polygon", "coordinates": [ [ [ 90.0, 70.0 ], [ 90.0, 75.0 ], [ 85.0, 75.0 ], [ 85.0, 70.0 ], [ 90.0, 70.0 ] ] ] } },
{ "type": "Feature", "properties": { "path": "./Height/asiawest/e065_n30_e070_n25.zip", "SHA512": "6f5b4de74ca2d1d1996b3de393a6acab47e583ea20b1355832948a17fc15f097038c4997acaddf055f6660f0bf8a2b4ffe02018db1a3d9eeff186989dd24582e" }, "geometry": { "type": "Polygon", "coordinates": [ [ [ 70.0, 25.0 ], [ 70.0, 30.0 ], [ 65.0, 30.0 ], [ 65.0, 25.0 ], [ 70.0, 25.0 ] ] ] } },
{ "type": "Feature", "properties": { "path": "./Height/asiawest/e080_n60_e085_n55.zip", "SHA512": "2d33df8dc5a676e21aef2914bcfb7b8b04113fbd7051a57153bb06937cf3988b995739a2233b4367335f2aebe62a073c2975e59900aa9c4a504db6686579d2f9" }, "geometry": { "type": "Polygon", "coordinates": [ [ [ 85.0, 55.0 ], [ 85.0, 60.0 ], [ 80.0, 60.0 ], [ 80.0, 55.0 ], [ 85.0, 55.0 ] ] ] } },
{ "type": "Feature", "properties": { "path": "./Height/asiawest/e095_n45_e100_n40.zip", "SHA512": "f8e2e4577363bc2b87182405c2d63bb75ca6299c3ba6a0dba8be3ebc6762f4c13d57d7707e2b96fdd8144080e9ca378bb2bf49cd591f48a5de639e1e0e23f238" }, "geometry": { "type": "Polygon", "coordinates": [ [ [ 100.0, 40.0 ], [ 100.0, 45.0 ], [ 95.0, 45.0 ], [ 95.0, 40.0 ], [ 100.0, 40.0 ] ] ] } },
{ "type": "Feature", "properties": { "path": "./Height/asiawest/e075_n50_e080_n45.zip", "SHA512": "3e3fcdb038760d1c5b8624400dd1c8534a0c5a1889f4f41d9397915df787cfbfef1a7b0c599264d7f43c1dd525161a1d9d55e73147077e1ed8b6ecd11f87dcb0" }, "geometry": { "type": "Polygon", "coordinates": [ [ [ 80.0, 45.0 ], [ 80.0, 50.0 ], [ 75.0, 50.0 ], [ 75.0, 45.0 ], [ 80.0, 45.0 ] ] ] } },
{ "type": "Feature", "properties": { "path": "./Height/asiawest/e085_n25_e090_n20.zip", "SHA512": "e7405fd5dda00d0b533fe0561c54f1c328add7dd3c85e4797ea83593d17624674e9e4ec1a0e95ad48d56f45455b14133f6f8800636ce3d0b80e48c642f3948e3" }, "geometry": { "type": "Polygon", "coordinates": [ [ [ 90.0, 20.0 ], [ 90.0, 25.0 ], [ 85.0, 25.0 ], [ 85.0, 20.0 ], [ 90.0, 20.0 ] ] ] } },
{ "type": "Feature", "properties": { "path": "./Height/asiawest/e080_n45_e085_n40.zip", "SHA512": "b74656498b7ec1ab3fdc9d7af10f84af2eeaaa4c295b256b057090939eda007ebefb32b27d5cebb50cad457e57d3afc8e1e8a6704e2d73fd278dbb245d34ff45" }, "geometry": { "type": "Polygon", "coordinates": [ [ [ 85.0, 40.0 ], [ 85.0, 45.0 ], [ 80.0, 45.0 ], [ 80.0, 40.0 ], [ 85.0, 40.0 ] ] ] } },
{ "type": "Feature", "properties": { "path": "./Height/asiawest/e070_n20_e075_n15.zip", "SHA512": "f636a270ccab80f3c73430f6f5f6f087ab6983567b386e3379b97f570f1c490dca1aa705b9f0e1c0f1a25bdc910ded95c610dc71ba8b05c60d2e0207205b70c7" }, "geometry": { "type": "Polygon", "coordinates": [ [ [ 75.0, 15.0 ], [ 75.0, 20.0 ], [ 70.0, 20.0 ], [ 70.0, 15.0 ], [ 75.0, 15.0 ] ] ] } },
{ "type": "Feature", "properties": { "path": "./Height/asiawest/e070_n55_e075_n50.zip", "SHA512": "f5a72d47cb1728059ddf3e58bca612c96debdc3b54781b105915fd5fd09e2f0af99b5aa7fd9105b5164f285df42dfb1fc60a8974698d4fbf74a36332163df304" }, "geometry": { "type": "Polygon", "coordinates": [ [ [ 75.0, 50.0 ], [ 75.0, 55.0 ], [ 70.0, 55.0 ], [ 70.0, 50.0 ], [ 75.0, 50.0 ] ] ] } },
{ "type": "Feature", "properties": { "path": "./Height/asiawest/e080_n75_e085_n70.zip", "SHA512": "01525d9997320c2b28de8f7ccf0387006fa94db36991ac880e956b7f0667453907c3a2fc6047f7b91df8cd61aaacf47859a249148b7f0ff70a33cd18b4704160" }, "geometry": { "type": "Polygon", "coordinates": [ [ [ 85.0, 70.0 ], [ 85.0, 75.0 ], [ 80.0, 75.0 ], [ 80.0, 70.0 ], [ 85.0, 70.0 ] ] ] } },
{ "type": "Feature", "properties": { "path": "./Height/asiawest/e060_n55_e065_n50.zip", "SHA512": "c1f385d135852ce7e43d39c710f7859020caa768eef1bcac3cb44e8d6ad179d860ed7bdf9f56bcc1d553a7f82c2c245f74653753c273c4337006d02b606280b3" }, "geometry": { "type": "Polygon", "coordinates": [ [ [ 65.0, 50.0 ], [ 65.0, 55.0 ], [ 60.0, 55.0 ], [ 60.0, 50.0 ], [ 65.0, 50.0 ] ] ] } },
{ "type": "Feature", "properties": { "path": "./Height/asiawest/e075_n25_e080_n20.zip", "SHA512": "558c50d5bbe57da6ea643d576c2a925aeecb8f2c648caf396dc4e13584ef1f7a485fe70c979c3d11d1d7af65707657c6feca95fd1302ffafef8ec44b28c90c21" }, "geometry": { "type": "Polygon", "coordinates": [ [ [ 80.0, 20.0 ], [ 80.0, 25.0 ], [ 75.0, 25.0 ], [ 75.0, 20.0 ], [ 80.0, 20.0 ] ] ] } },
{ "type": "Feature", "properties": { "path": "./Height/asiawest/e080_n15_e085_n10.zip", "SHA512": "255099c0c6e5a04b7a994c54ee9d4dc866ffcf61d2d0861efba338f7a6a05f544f1c27508a3c22cd09f707f493a623d387e2c3cca1c96a8ada5464d78c67fdd1" }, "geometry": { "type": "Polygon", "coordinates": [ [ [ 85.0, 10.0 ], [ 85.0, 15.0 ], [ 80.0, 15.0 ], [ 80.0, 10.0 ], [ 85.0, 10.0 ] ] ] } },
{ "type": "Feature", "properties": { "path": "./Height/asiawest/e095_n30_e100_n25.zip", "SHA512": "47421f6ef4158c1040f72256a7c35769e3bfefe6f4227bcaf809bb1fa8d60ec74f154d3d66ae2948455fbb0b0184458c1e358ad5a3b4c1a117af787ce1305f3f" }, "geometry": { "type": "Polygon", "coordinates": [ [ [ 100.0, 25.0 ], [ 100.0, 30.0 ], [ 95.0, 30.0 ], [ 95.0, 25.0 ], [ 100.0, 25.0 ] ] ] } },
{ "type": "Feature", "properties": { "path": "./Height/asiawest/e100_n60_e105_n55.zip", "SHA512": "95c30751cf11d8fe902dfea2c2fe392abdc8af719627025f14c6411f47f539ae56c2ab5cc2b5324f4b34a2e08880a519e8eba42d2043376a987fac78703119ef" }, "geometry": { "type": "Polygon", "coordinates": [ [ [ 105.0, 55.0 ], [ 105.0, 60.0 ], [ 100.0, 60.0 ], [ 100.0, 55.0 ], [ 105.0, 55.0 ] ] ] } },
{ "type": "Feature", "properties": { "path": "./Height/asiawest/e090_n30_e095_n25.zip", "SHA512": "b597df9fdde509bb3083d0646517438fcf460898533acdeeefbaa2063885664bfd4c90821ec057994c064b61b1176a6074371fc64c039878e1c03c2d6e8831b7" }, "geometry": { "type": "Polygon", "coordinates": [ [ [ 95.0, 25.0 ], [ 95.0, 30.0 ], [ 90.0, 30.0 ], [ 90.0, 25.0 ], [ 95.0, 25.0 ] ] ] } },
{ "type": "Feature", "properties": { "path": "./Height/asiawest/e100_n35_e105_n30.zip", "SHA512": "78d1639f119fef4f898353f6dd711a53888f4248ff08988a15b39ca5c7fcdcc7d93b379cdf8eb3fade24c2a73418fdbd62628248209148f6e257d465c0c0aade" }, "geometry": { "type": "Polygon", "coordinates": [ [ [ 105.0, 30.0 ], [ 105.0, 35.0 ], [ 100.0, 35.0 ], [ 100.0, 30.0 ], [ 105.0, 30.0 ] ] ] } },
{ "type": "Feature", "properties": { "path": "./Height/asiawest/e090_n10_e095_n05.zip", "SHA512": "88e87d449fdc3443c70f77c68f9c7ee4259e122a20d44395d6216b436c34079316ca8bf17a81f6eae8ce57c2937c5a15a60e9a5d9a40f2126c36c3ff957e9c6b" }, "geometry": { "type": "Polygon", "coordinates": [ [ [ 95.0, 5.0 ], [ 95.0, 10.0 ], [ 90.0, 10.0 ], [ 90.0, 5.0 ], [ 95.0, 5.0 ] ] ] } },
{ "type": "Feature", "properties": { "path": "./Height/asiawest/e065_n55_e070_n50.zip", "SHA512": "6dfc7e30ea867737fdfdeda14dada3c2e5081108ad9bf55387e94cd78803d8f4d5dcc439699a925c65df28eff700a76fe34b6998ae7331a7f45ce40e003c9a11" }, "geometry": { "type": "Polygon", "coordinates": [ [ [ 70.0, 50.0 ], [ 70.0, 55.0 ], [ 65.0, 55.0 ], [ 65.0, 50.0 ], [ 70.0, 50.0 ] ] ] } },
{ "type": "Feature", "properties": { "path": "./Height/asiawest/e070_n65_e075_n60.zip", "SHA512": "bf09a422050938e2890058de3810593226c153375543505bd8ba7c3992b682b234ae84eaf753695117a28d8b25e40d8bab894f3f7b8e1e9775b5589917f7e79e" }, "geometry": { "type": "Polygon", "coordinates": [ [ [ 75.0, 60.0 ], [ 75.0, 65.0 ], [ 70.0, 65.0 ], [ 70.0, 60.0 ], [ 75.0, 60.0 ] ] ] } },
{ "type": "Feature", "properties": { "path": "./Height/asiawest/e090_n55_e095_n50.zip", "SHA512": "ee0b63994aa2530b5a0632b72a1c8e615ae7790b547dfbc9d3b4aa2a3b1166e6397ed86f61f687cb88b9a0dd85ebb3cff4f186765456be026d1dd8df1aee98a5" }, "geometry": { "type": "Polygon", "coordinates": [ [ [ 95.0, 50.0 ], [ 95.0, 55.0 ], [ 90.0, 55.0 ], [ 90.0, 50.0 ], [ 95.0, 50.0 ] ] ] } },
{ "type": "Feature", "properties": { "path": "./Height/asiawest/e075_n75_e080_n70.zip", "SHA512": "1bd3254ebf90ed87b1fce8a15ba5ea1b43fce5766080447888e5831144b543468ff5cdc1196e7e79cd4563bc7b31c7c8900de3ffbab63635f894890323d5feab" }, "geometry": { "type": "Polygon", "coordinates": [ [ [ 80.0, 70.0 ], [ 80.0, 75.0 ], [ 75.0, 75.0 ], [ 75.0, 70.0 ], [ 80.0, 70.0 ] ] ] } },
{ "type": "Feature", "properties": { "path": "./Height/asiawest/e075_n70_e080_n65.zip", "SHA512": "78a33fc838b22c3ea41ddbe2c3c66efcaff422f4c8015727252403fabb602ae9641cc09d327a00f5e723229ad19267d17469dc0cde986ca494ea173232465f25" }, "geometry": { "type": "Polygon", "coordinates": [ [ [ 80.0, 65.0 ], [ 80.0, 70.0 ], [ 75.0, 70.0 ], [ 75.0, 65.0 ], [ 80.0, 65.0 ] ] ] } },
{ "type": "Feature", "properties": { "path": "./Height/asiawest/e105_n75_e110_n70.zip", "SHA512": "dfd6884bf6bf3d4a0dc504e886828b2dc5a3133c7253454b91617ab00deae03b1613f98f4923034ec631b8fdaab850cffa93703cb6feec791309573958455f25" }, "geometry": { "type": "Polygon", "coordinates": [ [ [ 110.0, 70.0 ], [ 110.0, 75.0 ], [ 105.0, 75.0 ], [ 105.0, 70.0 ], [ 110.0, 70.0 ] ] ] } },
{ "type": "Feature", "properties": { "path": "./Height/asiawest/e105_n40_e110_n35.zip", "SHA512": "b650b11e08bce6d35aa723003842076f2c0113f6839b79deab3aedf825c7901c0443f3e3f7c9efec127b2d590c1d4202e184ee937e5c9b800480c5587fcbfd9f" }, "geometry": { "type": "Polygon", "coordinates": [ [ [ 110.0, 35.0 ], [ 110.0, 40.0 ], [ 105.0, 40.0 ], [ 105.0, 35.0 ], [ 110.0, 35.0 ] ] ] } },
{ "type": "Feature", "properties": { "path": "./Height/asiawest/e070_n70_e075_n65.zip", "SHA512": "d2b347b5c8ece0d78d44d1fcf9e6e615d7053f75b366064a08122bdd69ee5bf5109ac4db28987c74c5997e3d17820ea7783fd1c714d6b85f19ad99ea7c1bbff6" }, "geometry": { "type": "Polygon", "coordinates": [ [ [ 75.0, 65.0 ], [ 75.0, 70.0 ], [ 70.0, 70.0 ], [ 70.0, 65.0 ], [ 75.0, 65.0 ] ] ] } },
{ "type": "Feature", "properties": { "path": "./Height/asiawest/e105_n30_e110_n25.zip", "SHA512": "eda505de00f49a8b5fa96484b7cb7f6ee70e6417a544a84a097c4d576770f6e665f5824c7d85632a8bc75783eee22aedf115d09cd4c4bac057fe19dca3e87fe3" }, "geometry": { "type": "Polygon", "coordinates": [ [ [ 110.0, 25.0 ], [ 110.0, 30.0 ], [ 105.0, 30.0 ], [ 105.0, 25.0 ], [ 110.0, 25.0 ] ] ] } },
{ "type": "Feature", "properties": { "path": "./Height/asiawest/e100_n30_e105_n25.zip", "SHA512": "2f4da1621d4e1318e7fd9d9c5ec3cfe28f239d8a55cb241b02cb57076e0a4867d606a1b52bb68c350d5257c593fafa56545b29e428be9f3a89bf2db768699d32" }, "geometry": { "type": "Polygon", "coordinates": [ [ [ 105.0, 25.0 ], [ 105.0, 30.0 ], [ 100.0, 30.0 ], [ 100.0, 25.0 ], [ 105.0, 25.0 ] ] ] } },
{ "type": "Feature", "properties": { "path": "./Height/asiawest/e095_n40_e100_n35.zip", "SHA512": "41b947cb84ae8c6c970350e63c6fd9bcdf5a501b4d4ad39734fd684b50bb7b229741160905de2ffddb5a3e9d76d7c9b8e43d9e550065755d81259a0ce731b057" }, "geometry": { "type": "Polygon", "coordinates": [ [ [ 100.0, 35.0 ], [ 100.0, 40.0 ], [ 95.0, 40.0 ], [ 95.0, 35.0 ], [ 100.0, 35.0 ] ] ] } },
{ "type": "Feature", "properties": { "path": "./Height/asiawest/e105_n70_e110_n65.zip", "SHA512": "371f37bfb604777cdb2deb4596681e0c08323c5442b4da3a0c46d03e44c9d6d857816b21f99b4e73cf776dca1185b314a8a512c34eb8892e42e2f757cc645582" }, "geometry": { "type": "Polygon", "coordinates": [ [ [ 110.0, 65.0 ], [ 110.0, 70.0 ], [ 105.0, 70.0 ], [ 105.0, 65.0 ], [ 110.0, 65.0 ] ] ] } },
{ "type": "Feature", "properties": { "path": "./Height/asiawest/e080_n30_e085_n25.zip", "SHA512": "2e35985358b6098f39cbd160d15fe8fbbe94d61567279eb253ebd1bdc9ea099beaaf9f016434c4c689853709ec8ad03ec0874355cf868c725226514411bec233" }, "geometry": { "type": "Polygon", "coordinates": [ [ [ 85.0, 25.0 ], [ 85.0, 30.0 ], [ 80.0, 30.0 ], [ 80.0, 25.0 ], [ 85.0, 25.0 ] ] ] } },
{ "type": "Feature", "properties": { "path": "./Height/asiawest/e095_n25_e100_n20.zip", "SHA512": "cce56b91512e703003ba39da2db9f563cfa24d0bd997623cfa0b16d99ac38c7498ab6db1d67e0139e7fe6883339447dea1ee6df16ae16f8970578865b24be315" }, "geometry": { "type": "Polygon", "coordinates": [ [ [ 100.0, 20.0 ], [ 100.0, 25.0 ], [ 95.0, 25.0 ], [ 95.0, 20.0 ], [ 100.0, 20.0 ] ] ] } },
{ "type": "Feature", "properties": { "path": "./Height/asiawest/e075_n35_e080_n30.zip", "SHA512": "1bd1c2324d0b6094d10f843a02c61ab0339a72223ffa03ac660911cb525210f3fb7f0307fc15482ee9d431e5efea06bb0db8d6ecb707b0eaf0d7ec2f07258559" }, "geometry": { "type": "Polygon", "coordinates": [ [ [ 80.0, 30.0 ], [ 80.0, 35.0 ], [ 75.0, 35.0 ], [ 75.0, 30.0 ], [ 80.0, 30.0 ] ] ] } },
{ "type": "Feature", "properties": { "path": "./Height/asiawest/e080_n25_e085_n20.zip", "SHA512": "97d84cb8cc2823a1197e52c90ec37654669055160e4e0c1f05c29a3186b5c7e45650ad3e6308fd557f0f983ea92630bf639c03539b4894a14241ca6067398d05" }, "geometry": { "type": "Polygon", "coordinates": [ [ [ 85.0, 20.0 ], [ 85.0, 25.0 ], [ 80.0, 25.0 ], [ 80.0, 20.0 ], [ 85.0, 20.0 ] ] ] } },
{ "type": "Feature", "properties": { "path": "./Height/asiawest/e090_n50_e095_n45.zip", "SHA512": "c57fc0fded434fac1af6e5ea5ea0fece171543e7ccaf4471034f4e053bcae8c20d701e077e0023ac4335199aa74b6bd94e18b84361928f07572e58c7b348b5c9" }, "geometry": { "type": "Polygon", "coordinates": [ [ [ 95.0, 45.0 ], [ 95.0, 50.0 ], [ 90.0, 50.0 ], [ 90.0, 45.0 ], [ 95.0, 45.0 ] ] ] } },
{ "type": "Feature", "properties": { "path": "./Height/asiawest/e065_n35_e070_n30.zip", "SHA512": "6753ada94b39e6514f63967db46658ef7750928cd77efa652224a9b96ec058cbe3738a18341d870cb51fee7ad177a7e81e18be889f443aed8744871622fda130" }, "geometry": { "type": "Polygon", "coordinates": [ [ [ 70.0, 30.0 ], [ 70.0, 35.0 ], [ 65.0, 35.0 ], [ 65.0, 30.0 ], [ 70.0, 30.0 ] ] ] } },
{ "type": "Feature", "properties": { "path": "./Height/asiawest/e085_n60_e090_n55.zip", "SHA512": "a9fca1405f91930aa9747602f2f67ff682b95338bd352706de2e3b61d402d921a82d4d273245766f8e38d5a9546d836eb2992fa90b1bf72412768897bf9f813e" }, "geometry": { "type": "Polygon", "coordinates": [ [ [ 90.0, 55.0 ], [ 90.0, 60.0 ], [ 85.0, 60.0 ], [ 85.0, 55.0 ], [ 90.0, 55.0 ] ] ] } },
{ "type": "Feature", "properties": { "path": "./Height/asiawest/e065_n75_e070_n70.zip", "SHA512": "86c97a89581556ce5ca41b8f1bd4f5032a9c332b9be9beafdaa700ddcfbb5feeb4fd49cb9d5f5445948eb6e437fe272431a63f4fb38a892fb36737b65305550d" }, "geometry": { "type": "Polygon", "coordinates": [ [ [ 70.0, 70.0 ], [ 70.0, 75.0 ], [ 65.0, 75.0 ], [ 65.0, 70.0 ], [ 70.0, 70.0 ] ] ] } },
{ "type": "Feature", "properties": { "path": "./Height/asiawest/e070_n35_e075_n30.zip", "SHA512": "f5db8a379d62f998d43104f199239713595d832bef785c01f78a95ad54e0b1409c655b23a0058dd89c390cb7b2d229454aa617067560f4140d889e6257048bf1" }, "geometry": { "type": "Polygon", "coordinates": [ [ [ 75.0, 30.0 ], [ 75.0, 35.0 ], [ 70.0, 35.0 ], [ 70.0, 30.0 ], [ 75.0, 30.0 ] ] ] } },
{ "type": "Feature", "properties": { "path": "./Height/asiawest/e060_n70_e065_n65.zip", "SHA512": "47863d78eea1c515152f2dee3abb1b5bcc5b24bf07c1aaf8a7b7e442481677e8cebcf4e6b8c3bad2552b75352cfbbd90991f223741cb2f9386fdfc7df8f2da1d" }, "geometry": { "type": "Polygon", "coordinates": [ [ [ 65.0, 65.0 ], [ 65.0, 70.0 ], [ 60.0, 70.0 ], [ 60.0, 65.0 ], [ 65.0, 65.0 ] ] ] } },
{ "type": "Feature", "properties": { "path": "./Height/asiawest/e105_n55_e110_n50.zip", "SHA512": "b883e03b7b2ba665e1beddaa3dcddce03606e7a47eed6ab04a2e0d5eb4a6540583e7aa983546ce6eb993ff7e9802ea50668d185c0951b885fdb9f16c51dc8235" }, "geometry": { "type": "Polygon", "coordinates": [ [ [ 110.0, 50.0 ], [ 110.0, 55.0 ], [ 105.0, 55.0 ], [ 105.0, 50.0 ], [ 110.0, 50.0 ] ] ] } },
{ "type": "Feature", "properties": { "path": "./Height/asiawest/e070_n50_e075_n45.zip", "SHA512": "d5e909a3faae08bb966d5dcbc631b344559e8ba934df8adabd7bb343d5f5d609e526c77ae8ba056e6de768d4705d2631694c6a8de7355f34045b62ca0b1f4256" }, "geometry": { "type": "Polygon", "coordinates": [ [ [ 75.0, 45.0 ], [ 75.0, 50.0 ], [ 70.0, 50.0 ], [ 70.0, 45.0 ], [ 75.0, 45.0 ] ] ] } },
{ "type": "Feature", "properties": { "path": "./Height/asiawest/e100_n10_e105_n05.zip", "SHA512": "3a4bb3a69ae11c501c0ce0ddf5837a0ff71cb02b5305c992cc02c422056cccaa8e6a04dbebebf9e126c7883e83f20fdd46991269c8d3708be94c2da2dea9cfcc" }, "geometry": { "type": "Polygon", "coordinates": [ [ [ 105.0, 5.0 ], [ 105.0, 10.0 ], [ 100.0, 10.0 ], [ 100.0, 5.0 ], [ 105.0, 5.0 ] ] ] } },
{ "type": "Feature", "properties": { "path": "./Height/asiawest/e100_n40_e105_n35.zip", "SHA512": "56cd307e580b01b7f99c3c4ad77d33539d23f1966c8df5e153aa6c8dff15fd217d5a6faf5398d7f7f3906c6e85adcda0f96f3ba32567bb63557d7bc2dcc9f6ec" }, "geometry": { "type": "Polygon", "coordinates": [ [ [ 105.0, 35.0 ], [ 105.0, 40.0 ], [ 100.0, 40.0 ], [ 100.0, 35.0 ], [ 105.0, 35.0 ] ] ] } },
{ "type": "Feature", "properties": { "path": "./Height/asiawest/e075_n10_e080_n05.zip", "SHA512": "72d54739484067aeb6e751e2d1ec61152233a47ffe63eeb3dd1dd1c6fc6e3afcf6cd0f32a887860eb5b85d665fa00ad971e08867ed441baf24d64dae4bff6942" }, "geometry": { "type": "Polygon", "coordinates": [ [ [ 80.0, 5.0 ], [ 80.0, 10.0 ], [ 75.0, 10.0 ], [ 75.0, 5.0 ], [ 80.0, 5.0 ] ] ] } },
{ "type": "Feature", "properties": { "path": "./Height/asiawest/e090_n70_e095_n65.zip", "SHA512": "50dc416a6c7f1ec37dc2ce583eae7f1555a0def52090a128c602208b6b0594881af314c2fdd07b947e1aa1f4baca5d52288cbd6e4f851a2c0f350a2aea7af650" }, "geometry": { "type": "Polygon", "coordinates": [ [ [ 95.0, 65.0 ], [ 95.0, 70.0 ], [ 90.0, 70.0 ], [ 90.0, 65.0 ], [ 95.0, 65.0 ] ] ] } },
{ "type": "Feature", "properties": { "path": "./Height/asiawest/e105_n15_e110_n10.zip", "SHA512": "1ce0d4ece4d45df23ccd0fbcad3d6a3f23e15bcea97df47dff8c5bfaa9c69d4965a56ac1e912f2b392ade0b2e4833a4c5cb03233c375d9a6c3cd7b8b30332d33" }, "geometry": { "type": "Polygon", "coordinates": [ [ [ 110.0, 10.0 ], [ 110.0, 15.0 ], [ 105.0, 15.0 ], [ 105.0, 10.0 ], [ 110.0, 10.0 ] ] ] } },
{ "type": "Feature", "properties": { "path": "./Height/asiawest/e090_n75_e095_n70.zip", "SHA512": "02c773ef3eeb29ff97b9f86146d12f7625f5cf3c454872bf25ba51016da8835ba43f29afe0587b70432299cea1ac6793c7f59d892959310e5b9c1d7974bdc97c" }, "geometry": { "type": "Polygon", "coordinates": [ [ [ 95.0, 70.0 ], [ 95.0, 75.0 ], [ 90.0, 75.0 ], [ 90.0, 70.0 ], [ 95.0, 70.0 ] ] ] } },
{ "type": "Feature", "properties": { "path": "./Height/asiawest/e100_n70_e105_n65.zip", "SHA512": "5ed38633fe3c532b241bf53d4dae112c60cf752433eb338259397fbe713074e4bc60a1ec89347744c28b9f706971166390daceb6a470125e89b9c22489298f90" }, "geometry": { "type": "Polygon", "coordinates": [ [ [ 105.0, 65.0 ], [ 105.0, 70.0 ], [ 100.0, 70.0 ], [ 100.0, 65.0 ], [ 105.0, 65.0 ] ] ] } },
{ "type": "Feature", "properties": { "path": "./Height/asiawest/e080_n70_e085_n65.zip", "SHA512": "30f62f0d2cb0ef83d0c2f7303529c97443e67e5056a9189df2459f0579fac53f8e507dd25b580e4b859eb775a83aded34de4df014fb6f5225f9a80e12a1d0907" }, "geometry": { "type": "Polygon", "coordinates": [ [ [ 85.0, 65.0 ], [ 85.0, 70.0 ], [ 80.0, 70.0 ], [ 80.0, 65.0 ], [ 85.0, 65.0 ] ] ] } },
{ "type": "Feature", "properties": { "path": "./Height/asiawest/e070_n60_e075_n55.zip", "SHA512": "b75483a276e696e8ec381e4402e4bbd0b5e52324f92b69826fcba62b429f7984869139ad6dc162310310919d8a6c662aafb88b48c24f6ce927a61e0e958ac009" }, "geometry": { "type": "Polygon", "coordinates": [ [ [ 75.0, 55.0 ], [ 75.0, 60.0 ], [ 70.0, 60.0 ], [ 70.0, 55.0 ], [ 75.0, 55.0 ] ] ] } },
{ "type": "Feature", "properties": { "path": "./Height/asiawest/e090_n45_e095_n40.zip", "SHA512": "6fcbe49b4fa4bda9de269e684ef1edecde07818967d9a6e5cbf629fc302c7a63b47e9ebe1bdfa80d5730ece8866ca8f76871c2bf530ab2a7667acf522565192f" }, "geometry": { "type": "Polygon", "coordinates": [ [ [ 95.0, 40.0 ], [ 95.0, 45.0 ], [ 90.0, 45.0 ], [ 90.0, 40.0 ], [ 95.0, 40.0 ] ] ] } },
{ "type": "Feature", "properties": { "path": "./Height/asiawest/e095_n75_e100_n70.zip", "SHA512": "f1953fb02e0d2bc675239091d93b358c641b18fee2a6d78780f5a02b9871128e51447f7cc5165c39fbde4eeb62f1fbb717bedad86cdf9d14e6576a161426c0a0" }, "geometry": { "type": "Polygon", "coordinates": [ [ [ 100.0, 70.0 ], [ 100.0, 75.0 ], [ 95.0, 75.0 ], [ 95.0, 70.0 ], [ 100.0, 70.0 ] ] ] } },
{ "type": "Feature", "properties": { "path": "./Height/asiawest/e090_n60_e095_n55.zip", "SHA512": "45466788df4bc10485e3f40c8885ab438f194af88ebf2356a98e6d12da9951af4b65189dabcdf7050fd365551b86653af1b807c825294e546a36176abc692ec1" }, "geometry": { "type": "Polygon", "coordinates": [ [ [ 95.0, 55.0 ], [ 95.0, 60.0 ], [ 90.0, 60.0 ], [ 90.0, 55.0 ], [ 95.0, 55.0 ] ] ] } },
{ "type": "Feature", "properties": { "path": "./Height/asiawest/e105_n45_e110_n40.zip", "SHA512": "148ad00afc2b1b7d6220305cb11cc3a74e636d99ad6b25a036bd6c21cffe2344d09beeed083d2a35aabaa681fcd37d897a238286cb19e6b10019ddeaa6265a30" }, "geometry": { "type": "Polygon", "coordinates": [ [ [ 110.0, 40.0 ], [ 110.0, 45.0 ], [ 105.0, 45.0 ], [ 105.0, 40.0 ], [ 110.0, 40.0 ] ] ] } },
{ "type": "Feature", "properties": { "path": "./Height/asiawest/e070_n75_e075_n70.zip", "SHA512": "bb54dc017938e56ac04ec818aa14ce812ce19cd077231d24a87757f18374296dcf4c85ef49f91812f1ba45e9de6710622f6cc6c0193aa57ce3fa121b66646af4" }, "geometry": { "type": "Polygon", "coordinates": [ [ [ 75.0, 70.0 ], [ 75.0, 75.0 ], [ 70.0, 75.0 ], [ 70.0, 70.0 ], [ 75.0, 70.0 ] ] ] } },
{ "type": "Feature", "properties": { "path": "./Height/asiawest/e060_n35_e065_n30.zip", "SHA512": "148f0c96831989cd7920ec6d7c97e78a6a60c1596c377acb269964b5fbd5a8e403e9ea381ad3471760ab578c933195328403044a12f5234d15e51cfc828fa01b" }, "geometry": { "type": "Polygon", "coordinates": [ [ [ 65.0, 30.0 ], [ 65.0, 35.0 ], [ 60.0, 35.0 ], [ 60.0, 30.0 ], [ 65.0, 30.0 ] ] ] } },
{ "type": "Feature", "properties": { "path": "./Height/asiawest/e085_n40_e090_n35.zip", "SHA512": "9dacf1904647ae9ee40fe0ea381f79454182a917f50ab2b1b6a29ee3a1b0a3334974ef5c083ac5b0f23e96b398ece096303fd14549c5c0fbf7a3f2faf7fb110c" }, "geometry": { "type": "Polygon", "coordinates": [ [ [ 90.0, 35.0 ], [ 90.0, 40.0 ], [ 85.0, 40.0 ], [ 85.0, 35.0 ], [ 90.0, 35.0 ] ] ] } },
{ "type": "Feature", "properties": { "path": "./Height/asiawest/e090_n25_e095_n20.zip", "SHA512": "8ba5abf5b25c6fcc8b3a901c89f0b787cab59e4c489d1bd8ad7fb056b4a420f655ca61ad625faabfe2d4ff8e22e559697a65387674be7d62808be231a63e0eb4" }, "geometry": { "type": "Polygon", "coordinates": [ [ [ 95.0, 20.0 ], [ 95.0, 25.0 ], [ 90.0, 25.0 ], [ 90.0, 20.0 ], [ 95.0, 20.0 ] ] ] } },
{ "type": "Feature", "properties": { "path": "./Height/asiawest/e085_n65_e090_n60.zip", "SHA512": "7b15cbc71bc43eaf20f63b3f5632723e62e65992158ecc3431051ae291221daa548d0109427ec8c9e015b863224009999da115c139d9f341bf378a3eb0c26a13" }, "geometry": { "type": "Polygon", "coordinates": [ [ [ 90.0, 60.0 ], [ 90.0, 65.0 ], [ 85.0, 65.0 ], [ 85.0, 60.0 ], [ 90.0, 60.0 ] ] ] } },
{ "type": "Feature", "properties": { "path": "./Height/asiawest/e085_n70_e090_n65.zip", "SHA512": "a9557ad1e56285099a3791fe9eeb93c23ab81f4cb1c3d74163dc770d868c466384d612c142364ccc12960fca7773de939fd1cb6e156629f0a830fbb3fb88b464" }, "geometry": { "type": "Polygon", "coordinates": [ [ [ 90.0, 65.0 ], [ 90.0, 70.0 ], [ 85.0, 70.0 ], [ 85.0, 65.0 ], [ 90.0, 65.0 ] ] ] } },
{ "type": "Feature", "properties": { "path": "./Height/asiawest/e090_n15_e095_n10.zip", "SHA512": "9b19866621d5f9aeddb7e78130f62c73f7b1f13bc1788a66b701d35893bd41f976542a3a24a4b6177619f5a871021227a501b6c0da0c6959eb746073e777dbbd" }, "geometry": { "type": "Polygon", "coordinates": [ [ [ 95.0, 10.0 ], [ 95.0, 15.0 ], [ 90.0, 15.0 ], [ 90.0, 10.0 ], [ 95.0, 10.0 ] ] ] } },
{ "type": "Feature", "properties": { "path": "./Height/asiawest/e070_n15_e075_n10.zip", "SHA512": "731798822298a9e3187913a98eb8fe0e2ef0a8087c978760bd31caefb585665b491e7099fee1c551cb810cc254716e88345e5fefad602821a756521e8fdcdc8e" }, "geometry": { "type": "Polygon", "coordinates": [ [ [ 75.0, 10.0 ], [ 75.0, 15.0 ], [ 70.0, 15.0 ], [ 70.0, 10.0 ], [ 75.0, 10.0 ] ] ] } },
{ "type": "Feature", "properties": { "path": "./Height/asiawest/e100_n50_e105_n45.zip", "SHA512": "2bbad20491d727f98eaafad5ff1074e0315c6f33a07db6f4e319a5c8c437f9e958fe3c69aa79ab95ae899af424ef996eebb15c04dbf58017b8141c62ade50f08" }, "geometry": { "type": "Polygon", "coordinates": [ [ [ 105.0, 45.0 ], [ 105.0, 50.0 ], [ 100.0, 50.0 ], [ 100.0, 45.0 ], [ 105.0, 45.0 ] ] ] } },
{ "type": "Feature", "properties": { "path": "./Height/asiawest/e075_n45_e080_n40.zip", "SHA512": "08c17f2bb386fa7374fc8d9f9ec7bc29527097054c79314463e871b2c338a8d692611f1aae0bd0a5b1f6fce3247ecbdd9591d2f8bc8c5b4f213af8d2e3d4c1e7" }, "geometry": { "type": "Polygon", "coordinates": [ [ [ 80.0, 40.0 ], [ 80.0, 45.0 ], [ 75.0, 45.0 ], [ 75.0, 40.0 ], [ 80.0, 40.0 ] ] ] } },
{ "type": "Feature", "properties": { "path": "./Height/asiawest/e080_n35_e085_n30.zip", "SHA512": "e7887693553df98721bd3e4b7ecfdbd0ac1735065c74536c398f2537560ae5bfdf2046811663657efcf606630722cb1f34f80819f1e0f94a0b7a852be28f6b3a" }, "geometry": { "type": "Polygon", "coordinates": [ [ [ 85.0, 30.0 ], [ 85.0, 35.0 ], [ 80.0, 35.0 ], [ 80.0, 30.0 ], [ 85.0, 30.0 ] ] ] } },
{ "type": "Feature", "properties": { "path": "./Height/asiawest/e070_n25_e075_n20.zip", "SHA512": "2e8c3a49d947e70879314d3a6f767704be51a0b9983cd4d3986613b3f751b836b69ab76b10b775325eb61d898457e895052d467c7a4282d6bd669f51eb9188dd" }, "geometry": { "type": "Polygon", "coordinates": [ [ [ 75.0, 20.0 ], [ 75.0, 25.0 ], [ 70.0, 25.0 ], [ 70.0, 20.0 ], [ 75.0, 20.0 ] ] ] } },
{ "type": "Feature", "properties": { "path": "./Height/asiawest/e080_n40_e085_n35.zip", "SHA512": "40d4a6354575b04add2f8eb4d4f956bef62545e23cd161aa016358d8edb58feaaf2ff70454156063462ba756ecbddf115ea4c6397f7e8e60b04ed50468c9c431" }, "geometry": { "type": "Polygon", "coordinates": [ [ [ 85.0, 35.0 ], [ 85.0, 40.0 ], [ 80.0, 40.0 ], [ 80.0, 35.0 ], [ 85.0, 35.0 ] ] ] } },
{ "type": "Feature", "properties": { "path": "./Height/asiawest/e060_n40_e065_n35.zip", "SHA512": "c0302abc724253dff55076f187ab994a2af94541f873e501d7c664f325fff831202b66637611dd9572253002ba30e6cd3128436f7d38d222f14b7f631fd79298" }, "geometry": { "type": "Polygon", "coordinates": [ [ [ 65.0, 35.0 ], [ 65.0, 40.0 ], [ 60.0, 40.0 ], [ 60.0, 35.0 ], [ 65.0, 35.0 ] ] ] } },
{ "type": "Feature", "properties": { "path": "./Height/asiawest/e095_n10_e100_n05.zip", "SHA512": "c3c26d3acdb287fad13febd5b652f0f7a9444a3f4b76f46f11b813fccdc3de3a0bd35e3d4bcc84c659a122522af95d9ae9a3be2e45ee31a25f61dd17737bd94d" }, "geometry": { "type": "Polygon", "coordinates": [ [ [ 100.0, 5.0 ], [ 100.0, 10.0 ], [ 95.0, 10.0 ], [ 95.0, 5.0 ], [ 100.0, 5.0 ] ] ] } },
{ "type": "Feature", "properties": { "path": "./Height/asiawest/e070_n45_e075_n40.zip", "SHA512": "be7e11ea218a0030596ea9740fc78fe9eab9deb4d61e0792646395f4674c3228f49ccaebe742801d4e343e4e9aad614583b799041d0a9482b01aad8e09e70e7f" }, "geometry": { "type": "Polygon", "coordinates": [ [ [ 75.0, 40.0 ], [ 75.0, 45.0 ], [ 70.0, 45.0 ], [ 70.0, 40.0 ], [ 75.0, 40.0 ] ] ] } },
{ "type": "Feature", "properties": { "path": "./Height/asiawest/e085_n50_e090_n45.zip", "SHA512": "12ad970dd5a380beb407bc8d183b1fb5b95616b9766cd721e162cbffdea8b060f2c8b4ec4257d0d884fdcdc9422898905dd2fdfd28b692e740bd3f83350d6ad7" }, "geometry": { "type": "Polygon", "coordinates": [ [ [ 90.0, 45.0 ], [ 90.0, 50.0 ], [ 85.0, 50.0 ], [ 85.0, 45.0 ], [ 90.0, 45.0 ] ] ] } },
{ "type": "Feature", "properties": { "path": "./Height/asiawest/e065_n70_e070_n65.zip", "SHA512": "c53ef48ee275f3b9132b6e6c15ccc66e2f61d9e5b04c9e70d2b674ff2387da430362d26fa020da5ffade511e8be366755981112cfca3596bddfc540e8b45e5e9" }, "geometry": { "type": "Polygon", "coordinates": [ [ [ 70.0, 65.0 ], [ 70.0, 70.0 ], [ 65.0, 70.0 ], [ 65.0, 65.0 ], [ 70.0, 65.0 ] ] ] } },
{ "type": "Feature", "properties": { "path": "./Height/asiawest/e080_n55_e085_n50.zip", "SHA512": "ec848c36ffcfc29310408fb64c48a8aaff4d2fe079e5770441f2f629f4ec61f0b9e1896db2aa447faa92c18a54a6c52d38dba679122047f15d29c993103928bd" }, "geometry": { "type": "Polygon", "coordinates": [ [ [ 85.0, 50.0 ], [ 85.0, 55.0 ], [ 80.0, 55.0 ], [ 80.0, 50.0 ], [ 85.0, 50.0 ] ] ] } },
{ "type": "Feature", "properties": { "path": "./Height/asiawest/e075_n20_e080_n15.zip", "SHA512": "d89521c31beff633dd0462ea77306b835e7dfa6a8d2804ddc74e3d20d10194678d11213b6c17ba85472e96b5bcbd975b1f3f8ca4a38062783a00147e225dc30f" }, "geometry": { "type": "Polygon", "coordinates": [ [ [ 80.0, 15.0 ], [ 80.0, 20.0 ], [ 75.0, 20.0 ], [ 75.0, 15.0 ], [ 80.0, 15.0 ] ] ] } },
{ "type": "Feature", "properties": { "path": "./Height/asiawest/e090_n65_e095_n60.zip", "SHA512": "fe85a279e7eabd702c69c7873c0841c0280a63751a7100e6d711dcf79f8ee220d3089e4ee7ebbecc7c99ce1881605b7593f8c5c535e71eb65891ee24267f8162" }, "geometry": { "type": "Polygon", "coordinates": [ [ [ 95.0, 60.0 ], [ 95.0, 65.0 ], [ 90.0, 65.0 ], [ 90.0, 60.0 ], [ 95.0, 60.0 ] ] ] } },
{ "type": "Feature", "properties": { "path": "./Height/asiawest/e105_n65_e110_n60.zip", "SHA512": "4634a959a3c4b2e31797f69b963b3816586ba83ced061df9930c5b8d4c20c533636178943c503f7fbf4786f475a4800b2585ba0cbe7d719d03f55698c0b4d8aa" }, "geometry": { "type": "Polygon", "coordinates": [ [ [ 110.0, 60.0 ], [ 110.0, 65.0 ], [ 105.0, 65.0 ], [ 105.0, 60.0 ], [ 110.0, 60.0 ] ] ] } },
{ "type": "Feature", "properties": { "path": "./Height/asiawest/e065_n60_e070_n55.zip", "SHA512": "9ac76d07c587cda3c565c0800e41e63dbc45b83d864d33c0f7b30eab4c6bdd5599959940e65399eca311491e93a235293496cb96dcff99382d8bb1467fd071a5" }, "geometry": { "type": "Polygon", "coordinates": [ [ [ 70.0, 55.0 ], [ 70.0, 60.0 ], [ 65.0, 60.0 ], [ 65.0, 55.0 ], [ 70.0, 55.0 ] ] ] } },
{ "type": "Feature", "properties": { "path": "./Height/asiawest/e065_n25_e070_n20.zip", "SHA512": "4d8b9c548974303cf136f0b565df5e00ba346f54c324029b5bdbbe823f0d52f117590f69f00e5dbb28e6613b905451a9f1b1cfdbf9be24a9ed7b25e47d265d59" }, "geometry": { "type": "Polygon", "coordinates": [ [ [ 70.0, 20.0 ], [ 70.0, 25.0 ], [ 65.0, 25.0 ], [ 65.0, 20.0 ], [ 70.0, 20.0 ] ] ] } },
{ "type": "Feature", "properties": { "path": "./Height/asiawest/e080_n65_e085_n60.zip", "SHA512": "00c8c503ed75a3c5dc50f43d911844f50e6d5b66e5049363e1496e88b8c9cead88370d23e13636222f0215711bbcc7c2573dd237dd89980d2e01fae66270efdb" }, "geometry": { "type": "Polygon", "coordinates": [ [ [ 85.0, 60.0 ], [ 85.0, 65.0 ], [ 80.0, 65.0 ], [ 80.0, 60.0 ], [ 85.0, 60.0 ] ] ] } },
{ "type": "Feature", "properties": { "path": "./Height/asiawest/e065_n40_e070_n35.zip", "SHA512": "ac21983486f6e7fb36c8dc18c269bf82793e77959c5e05092084d4a16ceea919a8ce09a51839790deab4bd5656f86231edcf68a36f8035a81acca5b3bcca96c3" }, "geometry": { "type": "Polygon", "coordinates": [ [ [ 70.0, 35.0 ], [ 70.0, 40.0 ], [ 65.0, 40.0 ], [ 65.0, 35.0 ], [ 70.0, 35.0 ] ] ] } },
{ "type": "Feature", "properties": { "path": "./Height/asiawest/e095_n35_e100_n30.zip", "SHA512": "fa75adf57befa977aa553bee5eae9d9478c4e8797955091d18ec09f663f4161c5d8b6cd9c49faff35f3fd31c2eaf4bf3b573fa871cabf1e6627e0d74357cf5d2" }, "geometry": { "type": "Polygon", "coordinates": [ [ [ 100.0, 30.0 ], [ 100.0, 35.0 ], [ 95.0, 35.0 ], [ 95.0, 30.0 ], [ 100.0, 30.0 ] ] ] } },
{ "type": "Feature", "properties": { "path": "./Height/asiawest/e085_n20_e090_n15.zip", "SHA512": "4b8665b9aa01bef40382126beb8d52c87851697876bd61ac91c462486df609c38db60f0fa02339f70aa41d1401aaaac036a7d06f809a0afd7a01ff825513fb98" }, "geometry": { "type": "Polygon", "coordinates": [ [ [ 90.0, 15.0 ], [ 90.0, 20.0 ], [ 85.0, 20.0 ], [ 85.0, 15.0 ], [ 90.0, 15.0 ] ] ] } },
{ "type": "Feature", "properties": { "path": "./Height/asiawest/e095_n20_e100_n15.zip", "SHA512": "0672966f5c48d4cc661cd8a09b0d6da92c103728ae1fec2c4d063a129fcbf1ad73e0e0622abe5a95bbba643e55f52cc35eeef05d4107ec0860588e55157d884e" }, "geometry": { "type": "Polygon", "coordinates": [ [ [ 100.0, 15.0 ], [ 100.0, 20.0 ], [ 95.0, 20.0 ], [ 95.0, 15.0 ], [ 100.0, 15.0 ] ] ] } },
{ "type": "Feature", "properties": { "path": "./Height/asiawest/e070_n30_e075_n25.zip", "SHA512": "55895a3188ae0c70d828e89a0b7ed4f3daadb5b54ae9a7114d928f5c08d4f66ae464215b8a4dbfb1d9367847c2939abf93f83d27295cd4b75781ba71f02ca3d2" }, "geometry": { "type": "Polygon", "coordinates": [ [ [ 75.0, 25.0 ], [ 75.0, 30.0 ], [ 70.0, 30.0 ], [ 70.0, 25.0 ], [ 75.0, 25.0 ] ] ] } },
{ "type": "Feature", "properties": { "path": "./Height/asiawest/e070_n40_e075_n35.zip", "SHA512": "5067c2363df4e8fe0e1e8bf48a35154b7b6144cb76cf6a0e0e21e490f06ca1b89935153b52c5016745cc978e917e81fb8d9c3afb3611c82a3acc5b0ec4981b8b" }, "geometry": { "type": "Polygon", "coordinates": [ [ [ 75.0, 35.0 ], [ 75.0, 40.0 ], [ 70.0, 40.0 ], [ 70.0, 35.0 ], [ 75.0, 35.0 ] ] ] } },
{ "type": "Feature", "properties": { "path": "./Height/asiawest/e075_n30_e080_n25.zip", "SHA512": "fe92d5e7d57ebda61f603b3ce86d083ba77a33663c3d2d9fb5a5385892513e58d4b05a1107186d99c8eb8ec32a3817a5d1e9e30dc21cae6c5f59b0620d9c6093" }, "geometry": { "type": "Polygon", "coordinates": [ [ [ 80.0, 25.0 ], [ 80.0, 30.0 ], [ 75.0, 30.0 ], [ 75.0, 25.0 ], [ 80.0, 25.0 ] ] ] } },
{ "type": "Feature", "properties": { "path": "./Height/asiawest/e100_n15_e105_n10.zip", "SHA512": "e92fac4ca693b1a2b9a8757d9457314412c9723bc150139adc699a1baed5653ec879dcc6b5f6f3ed19d47ddfc6ed42995884c960de390377139a454e33202a9e" }, "geometry": { "type": "Polygon", "coordinates": [ [ [ 105.0, 10.0 ], [ 105.0, 15.0 ], [ 100.0, 15.0 ], [ 100.0, 10.0 ], [ 105.0, 10.0 ] ] ] } },
{ "type": "Feature", "properties": { "path": "./Height/asiawest/e105_n10_e110_n05.zip", "SHA512": "5caaef2408cee5c067ac4eff0b030552aad1b586d4b9f618a9b40bd0410f0087069c2a889d7c144c110056fdad73f7e23eb19653f6f6e8564059a0c04d639096" }, "geometry": { "type": "Polygon", "coordinates": [ [ [ 110.0, 5.0 ], [ 110.0, 10.0 ], [ 105.0, 10.0 ], [ 105.0, 5.0 ], [ 110.0, 5.0 ] ] ] } },
{ "type": "Feature", "properties": { "path": "./Height/asiawest/e085_n30_e090_n25.zip", "SHA512": "fb1b56dee516b09eea0eda18433924e38e17e6a23ed075b8cc7713d459f82aa449615f65bb4e7afeef76b003b511cef0c43b5e39f3f7b476e693a1661773d6ec" }, "geometry": { "type": "Polygon", "coordinates": [ [ [ 90.0, 25.0 ], [ 90.0, 30.0 ], [ 85.0, 30.0 ], [ 85.0, 25.0 ], [ 90.0, 25.0 ] ] ] } },
{ "type": "Feature", "properties": { "path": "./Height/asiawest/e095_n55_e100_n50.zip", "SHA512": "119af2b07ab6ca64a65e0648a4998e313cfcbe01c626a9902da001b23dd15fb69a564dc045e9ed1483609ee93ee7be57a35be2e9501f1f85e324e885b2095418" }, "geometry": { "type": "Polygon", "coordinates": [ [ [ 100.0, 50.0 ], [ 100.0, 55.0 ], [ 95.0, 55.0 ], [ 95.0, 50.0 ], [ 100.0, 50.0 ] ] ] } },
{ "type": "Feature", "properties": { "path": "./Height/asiawest/e095_n60_e100_n55.zip", "SHA512": "b8f89d039f52f48d606ee8da33ad67b7abc0d3e3482cc78560ad7546578585e82e647ff3bb37f8cae389820d39fe0d9a4289433640426dc7bc091fed603cf27e" }, "geometry": { "type": "Polygon", "coordinates": [ [ [ 100.0, 55.0 ], [ 100.0, 60.0 ], [ 95.0, 60.0 ], [ 95.0, 55.0 ], [ 100.0, 55.0 ] ] ] } },
{ "type": "Feature", "properties": { "path": "./Height/asiawest/e080_n50_e085_n45.zip", "SHA512": "8dd088cf36177b9011f1417167b47578e7b605f27cd5c2009752c7df04993a3ffc1939df08c57cae664b9160bf360a10dd3eea979c99dfb4424c1c10d08a537d" }, "geometry": { "type": "Polygon", "coordinates": [ [ [ 85.0, 45.0 ], [ 85.0, 50.0 ], [ 80.0, 50.0 ], [ 80.0, 45.0 ], [ 85.0, 45.0 ] ] ] } },
{ "type": "Feature", "properties": { "path": "./Height/asiawest/e075_n60_e080_n55.zip", "SHA512": "0c1eb780c5afe41044d7cdd9eaa841d9f476d958d81c29d0cfeeb9231ab397103c3c40eb32316a4fc6c6bd86f279eea7ba5a4776f1cc889b5dd5d88d1c9a018a" }, "geometry": { "type": "Polygon", "coordinates": [ [ [ 80.0, 55.0 ], [ 80.0, 60.0 ], [ 75.0, 60.0 ], [ 75.0, 55.0 ], [ 80.0, 55.0 ] ] ] } },
{ "type": "Feature", "properties": { "path": "./Height/asiawest/e100_n25_e105_n20.zip", "SHA512": "6d5c6624b48ad38403c4109ec0190bdc4e8b5eea922c653a587cb3595e1eec1b45131e3690d348dc4bcb391abf942e637678c2cc36db72d22776f7e082c88e42" }, "geometry": { "type": "Polygon", "coordinates": [ [ [ 105.0, 20.0 ], [ 105.0, 25.0 ], [ 100.0, 25.0 ], [ 100.0, 20.0 ], [ 105.0, 20.0 ] ] ] } },
{ "type": "Feature", "properties": { "path": "./Height/asiawest/e105_n20_e110_n15.zip", "SHA512": "36b19a4d914fb6251ced3d92f48101de56b6e6cee6bc5a2902e129edc4ebb6854a653da50b81684c041f6c09d65eda6ad237ba18b3ecb5955e150523ba8483ab" }, "geometry": { "type": "Polygon", "coordinates": [ [ [ 110.0, 15.0 ], [ 110.0, 20.0 ], [ 105.0, 20.0 ], [ 105.0, 15.0 ], [ 110.0, 15.0 ] ] ] } },
{ "type": "Feature", "properties": { "path": "./Height/asiawest/e060_n50_e065_n45.zip", "SHA512": "3692af0ceb68369ffeca1778a35ab62c6b748208266cd26bafd2b8185ba5a4c5b6b9bd367545c3ebb358f1fe3e16c91759d3c7273df48b0ae1b7cd6bd27c045b" }, "geometry": { "type": "Polygon", "coordinates": [ [ [ 65.0, 45.0 ], [ 65.0, 50.0 ], [ 60.0, 50.0 ], [ 60.0, 45.0 ], [ 65.0, 45.0 ] ] ] } },
{ "type": "Feature", "properties": { "path": "./Height/asiawest/e075_n40_e080_n35.zip", "SHA512": "eda74b32c6084bab6c47252430d90c0423395a3718eba0d6ab86941ed98b258e53e2275567838df88379b424f7ba5113e24a299a9f7510dcbb5e8539b3b7f5b1" }, "geometry": { "type": "Polygon", "coordinates": [ [ [ 80.0, 35.0 ], [ 80.0, 40.0 ], [ 75.0, 40.0 ], [ 75.0, 35.0 ], [ 80.0, 35.0 ] ] ] } },
{ "type": "Feature", "properties": { "path": "./Height/asiawest/e075_n15_e080_n10.zip", "SHA512": "7558bf9974ffb16e8658b83156ff1b374d2bd80713082da459fefd007c7cdc1160c4259094156f40e29ae8e770da090ece0f7899e681f34c82926b4275630995" }, "geometry": { "type": "Polygon", "coordinates": [ [ [ 80.0, 10.0 ], [ 80.0, 15.0 ], [ 75.0, 15.0 ], [ 75.0, 10.0 ], [ 80.0, 10.0 ] ] ] } },
{ "type": "Feature", "properties": { "path": "./Height/asiawest/e100_n45_e105_n40.zip", "SHA512": "1369d05602bc271cc0dc66cbda0d6aeb5f3a1b9785713a6ea670aa6d6156107db23c4d475f45be4dc354ad6378b1a67baea70eff843813aaf5a39fe9e9f33513" }, "geometry": { "type": "Polygon", "coordinates": [ [ [ 105.0, 40.0 ], [ 105.0, 45.0 ], [ 100.0, 45.0 ], [ 100.0, 40.0 ], [ 105.0, 40.0 ] ] ] } },
{ "type": "Feature", "properties": { "path": "./Height/asiawest/e090_n20_e095_n15.zip", "SHA512": "d0cab3db5641d98d82dc4fea1da6077d0b85d17558eb71bfeb45529db225bdac5cbf229fc6f5057b8edc54e5f5da8b0fc4a742242b787e93f063898a7303ab78" }, "geometry": { "type": "Polygon", "coordinates": [ [ [ 95.0, 15.0 ], [ 95.0, 20.0 ], [ 90.0, 20.0 ], [ 90.0, 15.0 ], [ 95.0, 15.0 ] ] ] } },
{ "type": "Feature", "properties": { "path": "./Height/asiawest/e085_n55_e090_n50.zip", "SHA512": "61d8d7323b923e0c62a5d06ac5c7880d39cc9efe83266bd7dd8ccefb6699cae98f8bbe20585193fa137554660c26fd45d628e1a7357fbb131dd2edb3f846c7a6" }, "geometry": { "type": "Polygon", "coordinates": [ [ [ 90.0, 50.0 ], [ 90.0, 55.0 ], [ 85.0, 55.0 ], [ 85.0, 50.0 ], [ 90.0, 50.0 ] ] ] } },
{ "type": "Feature", "properties": { "path": "./Height/asiawest/e105_n50_e110_n45.zip", "SHA512": "984f9820a1cd9bb8da8ad7cba2dcb2285c37e20848c9c3d297246e53e574e65f64301e7e5a0f36b934b1b8110a7c4f627e8cfe41ed01e1f40e9da5cb197675bd" }, "geometry": { "type": "Polygon", "coordinates": [ [ [ 110.0, 45.0 ], [ 110.0, 50.0 ], [ 105.0, 50.0 ], [ 105.0, 45.0 ], [ 110.0, 45.0 ] ] ] } },
{ "type": "Feature", "properties": { "path": "./Height/asiawest/e060_n65_e065_n60.zip", "SHA512": "e5fce066046553ab25c5f29e03dec96dc81e5a05b1be01a53704227d0cf8d093d7ff10fcb3d4faeaec1bc9287f552be70aa4fd159e39dd537b24d72e627a236a" }, "geometry": { "type": "Polygon", "coordinates": [ [ [ 65.0, 60.0 ], [ 65.0, 65.0 ], [ 60.0, 65.0 ], [ 60.0, 60.0 ], [ 65.0, 60.0 ] ] ] } },
{ "type": "Feature", "properties": { "path": "./Height/asiawest/e070_n10_e075_n05.zip", "SHA512": "a220970a3c1f54e43c57442dab3a8e5a3ac7b229d304e35da1090beb33b1a7e9cf60ddb6d7d5ac807aa56b0d37a6c46ab3eb85f93fc27d8e94ffa729d2197e4e" }, "geometry": { "type": "Polygon", "coordinates": [ [ [ 75.0, 5.0 ], [ 75.0, 10.0 ], [ 70.0, 10.0 ], [ 70.0, 5.0 ], [ 75.0, 5.0 ] ] ] } },
{ "type": "Feature", "properties": { "path": "./Height/asiawest/e060_n45_e065_n40.zip", "SHA512": "814d89cdb4a4cfa100f65e461cd65faa7954bc0d00fcff8e1c46be9e167b8b78c108cb17a0b300b1519355e690ed975e1082c1983373f7f6cad6bc5bd59a1014" }, "geometry": { "type": "Polygon", "coordinates": [ [ [ 65.0, 40.0 ], [ 65.0, 45.0 ], [ 60.0, 45.0 ], [ 60.0, 40.0 ], [ 65.0, 40.0 ] ] ] } },
{ "type": "Feature", "properties": { "path": "./Height/asiawest/e085_n45_e090_n40.zip", "SHA512": "492cf83596875a0f5cce4dcb53d59dcbd8ad232283efd752750a515935d7a65985fbe3b600c590f612acf676674ecef3044d2d20bf4009a3c7deaffd3d3330d9" }, "geometry": { "type": "Polygon", "coordinates": [ [ [ 90.0, 40.0 ], [ 90.0, 45.0 ], [ 85.0, 45.0 ], [ 85.0, 40.0 ], [ 90.0, 40.0 ] ] ] } },
{ "type": "Feature", "properties": { "path": "./Height/asiawest/e080_n10_e085_n05.zip", "SHA512": "e1b659c579ca6cbea0cf6208382270d0375c64a6988b8b7396b1b88d821295a743deaf5c2f28f66e22248f7a7d071356d34c8118be4f66bdbc6ad772796452a9" }, "geometry": { "type": "Polygon", "coordinates": [ [ [ 85.0, 5.0 ], [ 85.0, 10.0 ], [ 80.0, 10.0 ], [ 80.0, 5.0 ], [ 85.0, 5.0 ] ] ] } },
{ "type": "Feature", "properties": { "path": "./Height/asiawest/e065_n50_e070_n45.zip", "SHA512": "359131da1e00775077d8aa3ca2e3875236a9c83f0ec2251197a12ad27f5f838d09b11d0601ca9a37598c392ec2e333751a4a4664aff76092a9157cfb493e50e6" }, "geometry": { "type": "Polygon", "coordinates": [ [ [ 70.0, 45.0 ], [ 70.0, 50.0 ], [ 65.0, 50.0 ], [ 65.0, 45.0 ], [ 70.0, 45.0 ] ] ] } },
{ "type": "Feature", "properties": { "path": "./Height/asiawest/e105_n35_e110_n30.zip", "SHA512": "09e91fa581cd87eeaba16aeb860ded9f7448a75772032a455282474f6825e4b92fa339694a10683ab3c525bc0b47181616300cee234c918df1d8965dd3fb62a5" }, "geometry": { "type": "Polygon", "coordinates": [ [ [ 110.0, 30.0 ], [ 110.0, 35.0 ], [ 105.0, 35.0 ], [ 105.0, 30.0 ], [ 110.0, 30.0 ] ] ] } },
{ "type": "Feature", "properties": { "path": "./Height/asiawest/e080_n20_e085_n15.zip", "SHA512": "c8171694159ad8bd08d6d43e29f88aafe9a4619a9fa7c9905bdce02e457251168e4c5888801bf3d6ced93f891b735a0de1eb163fe55640627b5a5994ca47a338" }, "geometry": { "type": "Polygon", "coordinates": [ [ [ 85.0, 15.0 ], [ 85.0, 20.0 ], [ 80.0, 20.0 ], [ 80.0, 15.0 ], [ 85.0, 15.0 ] ] ] } },
{ "type": "Feature", "properties": { "path": "./Height/asiawest/e075_n65_e080_n60.zip", "SHA512": "c7d8e31a3c95731dd97e03e9fc805323238fb44cb2925d809cb6b629893e27440fd71c72d678b7722206e5bc868d00ad159df20312466ae5468914f18d3b279b" }, "geometry": { "type": "Polygon", "coordinates": [ [ [ 80.0, 60.0 ], [ 80.0, 65.0 ], [ 75.0, 65.0 ], [ 75.0, 60.0 ], [ 80.0, 60.0 ] ] ] } },
{ "type": "Feature", "properties": { "path": "./Height/asiawest/e090_n35_e095_n30.zip", "SHA512": "8aac71e80a14fe7a2c01c4131502b5d40048894e0a89c2f8b71e5e0a89ab8424a1320aca141e4e2f5c8160931d0ab4ecaa58518ede58a6494813e75d5812ebc7" }, "geometry": { "type": "Polygon", "coordinates": [ [ [ 95.0, 30.0 ], [ 95.0, 35.0 ], [ 90.0, 35.0 ], [ 90.0, 30.0 ], [ 95.0, 30.0 ] ] ] } },
{ "type": "Feature", "properties": { "path": "./Height/asiawest/e105_n60_e110_n55.zip", "SHA512": "2d308f707315040e9ba0858d84549db1f7128d4c7f8958337b6dcc6c46e581ad959634397f19743afdcb1201ac915a130ea144fd3f3130f39175081a3029ae0e" }, "geometry": { "type": "Polygon", "coordinates": [ [ [ 110.0, 55.0 ], [ 110.0, 60.0 ], [ 105.0, 60.0 ], [ 105.0, 55.0 ], [ 110.0, 55.0 ] ] ] } },
{ "type": "Feature", "properties": { "path": "./Height/asiawest/e085_n35_e090_n30.zip", "SHA512": "e3aa138423361fdbf68334b99f421645d9a31d0449bd611e1d89f46581244e697102eaa6a9c720814210b6199bd0e51e3495a1d49c0d630db241fc60f99016f0" }, "geometry": { "type": "Polygon", "coordinates": [ [ [ 90.0, 30.0 ], [ 90.0, 35.0 ], [ 85.0, 35.0 ], [ 85.0, 30.0 ], [ 90.0, 30.0 ] ] ] } },
{ "type": "Feature", "properties": { "path": "./Height/asiawest/e075_n55_e080_n50.zip", "SHA512": "43843ea40404e98a79619771f0923b645a675041b51ff671c665a4c861c23bf42def8fbb625871d0bb1ad6b5d4b773cf0234e260f509a502193f0928c435c707" }, "geometry": { "type": "Polygon", "coordinates": [ [ [ 80.0, 50.0 ], [ 80.0, 55.0 ], [ 75.0, 55.0 ], [ 75.0, 50.0 ], [ 80.0, 50.0 ] ] ] } },
{ "type": "Feature", "properties": { "path": "./Height/africa/e030_n00_e035_s05.zip", "SHA512": "1dee52396fcf5c82521fb0c804943c1a9c8352e5a4a136b53d223b2a7a8c2043247237edec9ab226632d7b986a217b753132390d98e076a62ac1c6cb5fceeb86" }, "geometry": { "type": "Polygon", "coordinates": [ [ [ 35.0, -5.0 ], [ 35.0, 0.0 ], [ 30.0, 0.0 ], [ 30.0, -5.0 ], [ 35.0, -5.0 ] ] ] } },
{ "type": "Feature", "properties": { "path": "./Height/africa/e015_n10_e020_n05.zip", "SHA512": "dd9d1cf00a920a811b8b05b7dc90e5aeca78c9afe32b6559b041897c83b3427ae105e302b18ece67168e814ac2c4f8ce3f11bba5b3f23b0e1cd5c7c09aa65414" }, "geometry": { "type": "Polygon", "coordinates": [ [ [ 20.0, 5.0 ], [ 20.0, 10.0 ], [ 15.0, 10.0 ], [ 15.0, 5.0 ], [ 20.0, 5.0 ] ] ] } },
{ "type": "Feature", "properties": { "path": "./Height/africa/w020_n20_w015_n15.zip", "SHA512": "bee6197b475961c519b8d8391215b98e8dee732bfc09b8dfb70a2cf65a41809e9036ce40c8074ce564632bfee05b5571cc5497dcf1b34aa9144a9c0aab49b18a" }, "geometry": { "type": "Polygon", "coordinates": [ [ [ -15.0, 15.0 ], [ -15.0, 20.0 ], [ -20.0, 20.0 ], [ -20.0, 15.0 ], [ -15.0, 15.0 ] ] ] } },
{ "type": "Feature", "properties": { "path": "./Height/africa/w015_n30_w010_n25.zip", "SHA512": "df3cf97744cd45bf5832eaba4d01a9fd09663935fd48e5cd746fae1fb97cdef401f56f188e2038b33e4844f5912af1d8851d50d6ce6c8d880871bb2b9fa5c67c" }, "geometry": { "type": "Polygon", "coordinates": [ [ [ -10.0, 25.0 ], [ -10.0, 30.0 ], [ -15.0, 30.0 ], [ -15.0, 25.0 ], [ -10.0, 25.0 ] ] ] } },
{ "type": "Feature", "properties": { "path": "./Height/africa/e055_n40_e060_n35.zip", "SHA512": "a2b9f655f7a1e81cc9cbdd8b38ed0fe4e19bc8a4e9b9a414448a54f63a5d9d327ae87219635c590153d942b9790c0057c2c7772ff47e420d34521ad092767490" }, "geometry": { "type": "Polygon", "coordinates": [ [ [ 60.0, 35.0 ], [ 60.0, 40.0 ], [ 55.0, 40.0 ], [ 55.0, 35.0 ], [ 60.0, 35.0 ] ] ] } },
{ "type": "Feature", "properties": { "path": "./Height/africa/e020_n15_e025_n10.zip", "SHA512": "0ec7866adab74b849b5afb6fc1c0aa3c018a868d4e90f405118f5b806a5794bc3a1633250a7bac64b87a759fe618d271cf86dfc61c8219a99fb84f790589849b" }, "geometry": { "type": "Polygon", "coordinates": [ [ [ 25.0, 10.0 ], [ 25.0, 15.0 ], [ 20.0, 15.0 ], [ 20.0, 10.0 ], [ 25.0, 10.0 ] ] ] } },
{ "type": "Feature", "properties": { "path": "./Height/africa/e040_n30_e045_n25.zip", "SHA512": "8571d08edb371a73afb5815f96407819dcc9f71ca52ab63d8066cd6df7ab797c29a37b75f2c0c3464e27a778855057031098216f98b6dde6aa65e2f1a3c75c21" }, "geometry": { "type": "Polygon", "coordinates": [ [ [ 45.0, 25.0 ], [ 45.0, 30.0 ], [ 40.0, 30.0 ], [ 40.0, 25.0 ], [ 45.0, 25.0 ] ] ] } },
{ "type": "Feature", "properties": { "path": "./Height/africa/e010_n25_e015_n20.zip", "SHA512": "c1f951d7c6d07a2895cf06b8ff92f370664deb206158b8621f517735f3e87fb71d6ecb1891689e754ccca10c54d620f6d8af2545f95f0f7efa24350aa8a132e8" }, "geometry": { "type": "Polygon", "coordinates": [ [ [ 15.0, 20.0 ], [ 15.0, 25.0 ], [ 10.0, 25.0 ], [ 10.0, 20.0 ], [ 15.0, 20.0 ] ] ] } },
{ "type": "Feature", "properties": { "path": "./Height/africa/e040_s10_e045_s15.zip", "SHA512": "9a7f8259e5721dc860d0f496333dbae376b6aeb63b6b9fee68afda6c0ddaa2d67c6716a06e2e7d2de5d50cb162586f3ee00464f491f27086da511910b4cb891e" }, "geometry": { "type": "Polygon", "coordinates": [ [ [ 45.0, -15.0 ], [ 45.0, -10.0 ], [ 40.0, -10.0 ], [ 40.0, -15.0 ], [ 45.0, -15.0 ] ] ] } },
{ "type": "Feature", "properties": { "path": "./Height/africa/e015_s20_e020_s25.zip", "SHA512": "c0d48941e5e929392e5bf322ff6ecfe4bc8a874d6ca3e6ef1b1e99a4e3de8f1be2c56d0298c081d7b44a0c3ce1efdaa581688fcd5328aea5ac7d2f84e1de09f9" }, "geometry": { "type": "Polygon", "coordinates": [ [ [ 20.0, -25.0 ], [ 20.0, -20.0 ], [ 15.0, -20.0 ], [ 15.0, -25.0 ], [ 20.0, -25.0 ] ] ] } },
{ "type": "Feature", "properties": { "path": "./Height/africa/e035_s05_e040_s10.zip", "SHA512": "991adc65687e25a82feb59c934d6cef1d805851b7cf17df8462d65ed0e21ad35f8143c8c698e8f354f4553674c03ffebc667b66ad16cb899c029a4617f66e56a" }, "geometry": { "type": "Polygon", "coordinates": [ [ [ 40.0, -10.0 ], [ 40.0, -5.0 ], [ 35.0, -5.0 ], [ 35.0, -10.0 ], [ 40.0, -10.0 ] ] ] } },
{ "type": "Feature", "properties": { "path": "./Height/africa/w005_n35_e000_n30.zip", "SHA512": "78b798f6192f4ae4c41ab9df66c5f18609239b837d20c5c90dd454e6d0fb22045627aa935a148fa554d23f4d4c3eb5f142a943c3dffd436e0f75b66f2e3151b0" }, "geometry": { "type": "Polygon", "coordinates": [ [ [ 0.0, 30.0 ], [ 0.0, 35.0 ], [ -5.0, 35.0 ], [ -5.0, 30.0 ], [ 0.0, 30.0 ] ] ] } },
{ "type": "Feature", "properties": { "path": "./Height/africa/e030_n40_e035_n35.zip", "SHA512": "952197edf37674c80b5e4a37911f643796944f8f3dd40a8ee84b2fb45bdef8b6cf988fdc9f238d3bfe7047718bcf248ff4182ab8874be4523271db5c4aed3b1a" }, "geometry": { "type": "Polygon", "coordinates": [ [ [ 35.0, 35.0 ], [ 35.0, 40.0 ], [ 30.0, 40.0 ], [ 30.0, 35.0 ], [ 35.0, 35.0 ] ] ] } },
{ "type": "Feature", "properties": { "path": "./Height/africa/w005_n20_e000_n15.zip", "SHA512": "7f59bfa8e88118d14a4409d12ac3274a49e3e1fda698c171befa757f071dab73c765f72aba31f3a530eac7b177365ab73463e2d7934f1771a90e5e1954315542" }, "geometry": { "type": "Polygon", "coordinates": [ [ [ 0.0, 15.0 ], [ 0.0, 20.0 ], [ -5.0, 20.0 ], [ -5.0, 15.0 ], [ 0.0, 15.0 ] ] ] } },
{ "type": "Feature", "properties": { "path": "./Height/africa/e055_n35_e060_n30.zip", "SHA512": "2eb0da48691707b039531d02a3281e0fbc00978184c96576421ef94a62b906cdc3e877921bf9b3e81cbeed36a53838eeebd9f2f33c3f1542dc9e26705a7bcf81" }, "geometry": { "type": "Polygon", "coordinates": [ [ [ 60.0, 30.0 ], [ 60.0, 35.0 ], [ 55.0, 35.0 ], [ 55.0, 30.0 ], [ 60.0, 30.0 ] ] ] } },
{ "type": "Feature", "properties": { "path": "./Height/africa/e010_n15_e015_n10.zip", "SHA512": "28af92a935be99b51835f1962f0f6c3eb9eec90fbd2c82f8f15950b1da3e8682d0f14792dd8b1a2cafb08a8973a778a5c6eae81123f37fcd63c6cede9598109e" }, "geometry": { "type": "Polygon", "coordinates": [ [ [ 15.0, 10.0 ], [ 15.0, 15.0 ], [ 10.0, 15.0 ], [ 10.0, 10.0 ], [ 15.0, 10.0 ] ] ] } },
{ "type": "Feature", "properties": { "path": "./Height/africa/e035_n00_e040_s05.zip", "SHA512": "86b9425417c34b2678d334f754d1224c54bf20d944de99bc685936b2fad57b855fdebd780205e3af7a99dc3d922677a80de139552fff82bb3b6daafce6793142" }, "geometry": { "type": "Polygon", "coordinates": [ [ [ 40.0, -5.0 ], [ 40.0, 0.0 ], [ 35.0, 0.0 ], [ 35.0, -5.0 ], [ 40.0, -5.0 ] ] ] } },
{ "type": "Feature", "properties": { "path": "./Height/africa/e050_n35_e055_n30.zip", "SHA512": "6320fde26745059495cbf3f6651100f9bc9d7b47866dcb3d37d1469982bc13c8da2527ef9881405ed2b8487aea87bdce13891b32c47ac8dd75e56d5c13a6560d" }, "geometry": { "type": "Polygon", "coordinates": [ [ [ 55.0, 30.0 ], [ 55.0, 35.0 ], [ 50.0, 35.0 ], [ 50.0, 30.0 ], [ 55.0, 30.0 ] ] ] } },
{ "type": "Feature", "properties": { "path": "./Height/africa/e045_s15_e050_s20.zip", "SHA512": "95cd31f4f71f6988e789616d0a548821ae51b8c0ca0d2622fa0c7ca85ff0f18de1369b1860b1d2b55231370ced48d398a0454ca29fa7a16c2566c6a28aec35a7" }, "geometry": { "type": "Polygon", "coordinates": [ [ [ 50.0, -20.0 ], [ 50.0, -15.0 ], [ 45.0, -15.0 ], [ 45.0, -20.0 ], [ 50.0, -20.0 ] ] ] } },
{ "type": "Feature", "properties": { "path": "./Height/africa/e050_n30_e055_n25.zip", "SHA512": "c186b2b528b7f23b6ffa546e191c15d3564f845f6223eb5bc23e6896cb3c791b54ad95da3f1406a7888867116da675efa5fe4459df42dd899ba281329344e94b" }, "geometry": { "type": "Polygon", "coordinates": [ [ [ 55.0, 25.0 ], [ 55.0, 30.0 ], [ 50.0, 30.0 ], [ 50.0, 25.0 ], [ 55.0, 25.0 ] ] ] } },
{ "type": "Feature", "properties": { "path": "./Height/africa/w020_n35_w015_n30.zip", "SHA512": "0fd21e39379c6a783dfc4b9d5dd864911b8d1cfdd722a84f178d3dcfa98baf1dbb87ce3df195812d914cfa51d2ee9e9f5efd5af2c10f09c0a0aecdebaf4bd40e" }, "geometry": { "type": "Polygon", "coordinates": [ [ [ -15.0, 30.0 ], [ -15.0, 35.0 ], [ -20.0, 35.0 ], [ -20.0, 30.0 ], [ -15.0, 30.0 ] ] ] } },
{ "type": "Feature", "properties": { "path": "./Height/africa/e015_s05_e020_s10.zip", "SHA512": "26f0b3370335ca01b82c9ff9a7bc6d5c25b2fc30d2e0a7981f702f85beb8140932fb56238696cff9b08844aebf337d73687e71d75c48c35e4b7d2e33a5632bf7" }, "geometry": { "type": "Polygon", "coordinates": [ [ [ 20.0, -10.0 ], [ 20.0, -5.0 ], [ 15.0, -5.0 ], [ 15.0, -10.0 ], [ 20.0, -10.0 ] ] ] } },
{ "type": "Feature", "properties": { "path": "./Height/africa/e015_s10_e020_s15.zip", "SHA512": "795d457d81da050a139daa34f13b41233d775959aac1a14e034459ec24a9d21c2278504c5932291d82060478f04b0f243150f4b11bba0e23577f5a7dab806678" }, "geometry": { "type": "Polygon", "coordinates": [ [ [ 20.0, -15.0 ], [ 20.0, -10.0 ], [ 15.0, -10.0 ], [ 15.0, -15.0 ], [ 20.0, -15.0 ] ] ] } },
{ "type": "Feature", "properties": { "path": "./Height/africa/e035_s20_e040_s25.zip", "SHA512": "4d6543b3efb2da01b98cae37429914f064deaf712b2bb27549b43554b683bd88d4d643c479ea1ad613fb6683a27c2c072d4d90624aac7b816456b90172ce2664" }, "geometry": { "type": "Polygon", "coordinates": [ [ [ 40.0, -25.0 ], [ 40.0, -20.0 ], [ 35.0, -20.0 ], [ 35.0, -25.0 ], [ 40.0, -25.0 ] ] ] } },
{ "type": "Feature", "properties": { "path": "./Height/africa/w005_n25_e000_n20.zip", "SHA512": "10d685c21e815cce000220da06a062e216f27b3032f907e6cd8a7a3b908e96db6e471c744fe866ef51e845fc831e4adcd7b20c8b8dfb9cad0552b4b455cf89c1" }, "geometry": { "type": "Polygon", "coordinates": [ [ [ 0.0, 20.0 ], [ 0.0, 25.0 ], [ -5.0, 25.0 ], [ -5.0, 20.0 ], [ 0.0, 20.0 ] ] ] } },
{ "type": "Feature", "properties": { "path": "./Height/africa/e045_n35_e050_n30.zip", "SHA512": "8849e61d5bce44c2b9ccbf839fddf11c811ddac0bc2a8ad7050865f7a5154aeeb0109f18d0910bfe4a02045a15b5761c30743f4e1c85297161ae166183ed7d19" }, "geometry": { "type": "Polygon", "coordinates": [ [ [ 50.0, 30.0 ], [ 50.0, 35.0 ], [ 45.0, 35.0 ], [ 45.0, 30.0 ], [ 50.0, 30.0 ] ] ] } },
{ "type": "Feature", "properties": { "path": "./Height/africa/e055_n20_e060_n15.zip", "SHA512": "ba7181bc9b059173393527edb614e39c46c39b290cd02f3352efb22e3d541f775cda60d82337356a3e84c360b356fc70373243fc8b606b5c465c68a3f0029c65" }, "geometry": { "type": "Polygon", "coordinates": [ [ [ 60.0, 15.0 ], [ 60.0, 20.0 ], [ 55.0, 20.0 ], [ 55.0, 15.0 ], [ 60.0, 15.0 ] ] ] } },
{ "type": "Feature", "properties": { "path": "./Height/africa/e050_s15_e055_s20.zip", "SHA512": "fd21179aa59fdaa4837593cebd8e48dbe8b21372cdca84cb4e80f33e108d3781d65b7ec4fc841e30de5e9d09a5ab8abe16cca9a8712563c49801b526b2e25884" }, "geometry": { "type": "Polygon", "coordinates": [ [ [ 55.0, -20.0 ], [ 55.0, -15.0 ], [ 50.0, -15.0 ], [ 50.0, -20.0 ], [ 55.0, -20.0 ] ] ] } },
{ "type": "Feature", "properties": { "path": "./Height/africa/e025_n15_e030_n10.zip", "SHA512": "058b7ab0b5d05e13606a005fb4608c47ad6c1eca14fcf6eb5447e2f94fb5e06aed10998cf232f3eb94e0bc124927275612c662604bdfb0fc7d3d51c4f0fab147" }, "geometry": { "type": "Polygon", "coordinates": [ [ [ 30.0, 10.0 ], [ 30.0, 15.0 ], [ 25.0, 15.0 ], [ 25.0, 10.0 ], [ 30.0, 10.0 ] ] ] } },
{ "type": "Feature", "properties": { "path": "./Height/africa/e020_n40_e025_n35.zip", "SHA512": "ecf7bea886c6783638a426a2ef29dd7a5d43039ecb3093a7834c31ea6701980c264b5fcd9b72c1698887ef72b84696c47c478d5bd7a1984ccffcea2000d5af5a" }, "geometry": { "type": "Polygon", "coordinates": [ [ [ 25.0, 35.0 ], [ 25.0, 40.0 ], [ 20.0, 40.0 ], [ 20.0, 35.0 ], [ 25.0, 35.0 ] ] ] } },
{ "type": "Feature", "properties": { "path": "./Height/africa/e040_n35_e045_n30.zip", "SHA512": "aeb1d964d29dc5b69f718fd7d08c5807b941665deb881ac9256526497190f60b8a4add6cd91eda56b1c5605845d6cb700f692b140efbf69d24776e33ab5be9aa" }, "geometry": { "type": "Polygon", "coordinates": [ [ [ 45.0, 30.0 ], [ 45.0, 35.0 ], [ 40.0, 35.0 ], [ 40.0, 30.0 ], [ 45.0, 30.0 ] ] ] } },
{ "type": "Feature", "properties": { "path": "./Height/africa/e040_n20_e045_n15.zip", "SHA512": "de87612cfd41907d1dc8c878a14ab9e99519c70c6be27f7b4e7796c44e2301b25e978ae4592abf564f34bfaeff20b4f5c162c22361d96170b9487bd190f514a6" }, "geometry": { "type": "Polygon", "coordinates": [ [ [ 45.0, 15.0 ], [ 45.0, 20.0 ], [ 40.0, 20.0 ], [ 40.0, 15.0 ], [ 45.0, 15.0 ] ] ] } },
{ "type": "Feature", "properties": { "path": "./Height/africa/e040_s15_e045_s20.zip", "SHA512": "14f6860958db3f95b7238cae8aaab3c4df7811ca143852023cf6f33cde817fdabcae64eb3e5de65b5a7263ad31faea69397e5a2ee0c4fa019e0858573c628194" }, "geometry": { "type": "Polygon", "coordinates": [ [ [ 45.0, -20.0 ], [ 45.0, -15.0 ], [ 40.0, -15.0 ], [ 40.0, -20.0 ], [ 45.0, -20.0 ] ] ] } },
{ "type": "Feature", "properties": { "path": "./Height/africa/w010_s15_w005_s20.zip", "SHA512": "e63a74a8915701e6537d66c4a2dc83a485c4aa509330d830fb1fe754462522a22d786622be68b7f31a00818889b4798becabc4655e9bec0b21bd9400883ec07d" }, "geometry": { "type": "Polygon", "coordinates": [ [ [ -5.0, -20.0 ], [ -5.0, -15.0 ], [ -10.0, -15.0 ], [ -10.0, -20.0 ], [ -5.0, -20.0 ] ] ] } },
{ "type": "Feature", "properties": { "path": "./Height/africa/e030_n25_e035_n20.zip", "SHA512": "50a0be859594ddfb0443e607cbfc6ec7270c2322092fbace9ce8d46f22f5fbd3863db1557bb4520f14e1d934edc2ab8d20d3f49b8e5ab9f019b3d1a4d16f7b50" }, "geometry": { "type": "Polygon", "coordinates": [ [ [ 35.0, 20.0 ], [ 35.0, 25.0 ], [ 30.0, 25.0 ], [ 30.0, 20.0 ], [ 35.0, 20.0 ] ] ] } },
{ "type": "Feature", "properties": { "path": "./Height/africa/e000_n15_e005_n10.zip", "SHA512": "6d83bc4bd4b6b7548a8d6d9db408fcc7efcef41eaaef2ef0083dd49cfd8d2306344c0fa207834ea81a25f91046ba6470724694a3b9e4dd7833c1dccca0da94f9" }, "geometry": { "type": "Polygon", "coordinates": [ [ [ 5.0, 10.0 ], [ 5.0, 15.0 ], [ 0.0, 15.0 ], [ 0.0, 10.0 ], [ 5.0, 10.0 ] ] ] } },
{ "type": "Feature", "properties": { "path": "./Height/africa/e005_n40_e010_n35.zip", "SHA512": "b755c980e04b5eb5543ca1629bd6321941a37d28c6ad8ec87a40b4f076f4242702d5fd5b085cf006fd1adc4329ed9f451b3606d8964b8d927cdfc19619ce6730" }, "geometry": { "type": "Polygon", "coordinates": [ [ [ 10.0, 35.0 ], [ 10.0, 40.0 ], [ 5.0, 40.0 ], [ 5.0, 35.0 ], [ 10.0, 35.0 ] ] ] } },
{ "type": "Feature", "properties": { "path": "./Height/africa/e010_s05_e015_s10.zip", "SHA512": "81efd5cd4982874b2b78cc5f6852ddbf7d019d07b5bc0302ea1b1d8d48c645575219bddcc9d697fd0b3989707c594f8359b4288e8418d68527a58d83ce11e048" }, "geometry": { "type": "Polygon", "coordinates": [ [ [ 15.0, -10.0 ], [ 15.0, -5.0 ], [ 10.0, -5.0 ], [ 10.0, -10.0 ], [ 15.0, -10.0 ] ] ] } },
{ "type": "Feature", "properties": { "path": "./Height/africa/w020_n30_w015_n25.zip", "SHA512": "3ae3b755f55868e6f145e555dde6fd676cf5895de3b0e7b54f33383cb56c70149c88c49c1e8ba27d42c77e902498cf2375021126892f2ce9add0d0be3ef681db" }, "geometry": { "type": "Polygon", "coordinates": [ [ [ -15.0, 25.0 ], [ -15.0, 30.0 ], [ -20.0, 30.0 ], [ -20.0, 25.0 ], [ -15.0, 25.0 ] ] ] } },
{ "type": "Feature", "properties": { "path": "./Height/africa/e030_s15_e035_s20.zip", "SHA512": "1a637c102006f3505bf74128ee73c84056d8c864a0ba8495449f4740aeaf3d8f20a8e271565b851ec81a79f535ba5868845917891b127582347f5948fde46b4d" }, "geometry": { "type": "Polygon", "coordinates": [ [ [ 35.0, -20.0 ], [ 35.0, -15.0 ], [ 30.0, -15.0 ], [ 30.0, -20.0 ], [ 35.0, -20.0 ] ] ] } },
{ "type": "Feature", "properties": { "path": "./Height/africa/e005_n30_e010_n25.zip", "SHA512": "04c21c9744878e01a1906ddfaabea684be084064bde971441473e219f2ecd63aae7ad2a75bac7dca508dc84e496c2948b972c046b9e8c8b4e426512181e8c664" }, "geometry": { "type": "Polygon", "coordinates": [ [ [ 10.0, 25.0 ], [ 10.0, 30.0 ], [ 5.0, 30.0 ], [ 5.0, 25.0 ], [ 10.0, 25.0 ] ] ] } },
{ "type": "Feature", "properties": { "path": "./Height/africa/e030_n20_e035_n15.zip", "SHA512": "0739152ae6e1a45f5d0f6a5ae1edb92afb37bbada75f2d35bbe7a757caa913d7f747d850cc2a1d5d2475feb658a4c1d933e878767389589304378ab805a50afd" }, "geometry": { "type": "Polygon", "coordinates": [ [ [ 35.0, 15.0 ], [ 35.0, 20.0 ], [ 30.0, 20.0 ], [ 30.0, 15.0 ], [ 35.0, 15.0 ] ] ] } },
{ "type": "Feature", "properties": { "path": "./Height/africa/e050_n40_e055_n35.zip", "SHA512": "eeb0cf656dfe675eab9a0c4cb85a0ce279b583acecec105f606851a7d165d65fe53d283fc1e4a0f14fe13dd5cd0ca9c8a1d5e9e988e5acac5eb09c3cf1b17bc0" }, "geometry": { "type": "Polygon", "coordinates": [ [ [ 55.0, 35.0 ], [ 55.0, 40.0 ], [ 50.0, 40.0 ], [ 50.0, 35.0 ], [ 55.0, 35.0 ] ] ] } },
{ "type": "Feature", "properties": { "path": "./Height/africa/e035_n20_e040_n15.zip", "SHA512": "6267362c727ce5ef0f31b81c2c09ca870e1bfe21c2713765ed83aaaf6a2f8b52c12d4cad4d1e763c8106f17114c1ef2cad04e900a80233f17351b9fecc0799fe" }, "geometry": { "type": "Polygon", "coordinates": [ [ [ 40.0, 15.0 ], [ 40.0, 20.0 ], [ 35.0, 20.0 ], [ 35.0, 15.0 ], [ 40.0, 15.0 ] ] ] } },
{ "type": "Feature", "properties": { "path": "./Height/africa/w015_n20_w010_n15.zip", "SHA512": "543ae2e96066dd1ab7f286d240e5cc36c20cee17434c5d547c16bc686c9d261e56f44711cd9d54a64cdc4c051fa9f9a5872fcbeabe277e7e1b14b4707bec8192" }, "geometry": { "type": "Polygon", "coordinates": [ [ [ -10.0, 15.0 ], [ -10.0, 20.0 ], [ -15.0, 20.0 ], [ -15.0, 15.0 ], [ -10.0, 15.0 ] ] ] } },
{ "type": "Feature", "properties": { "path": "./Height/africa/e005_n15_e010_n10.zip", "SHA512": "2ce23f1d25e486acee22e76a082e49c4da102ebfce202e7be95ce0d6305997e4790007e424500b5efcbba1b2a6d781dd0788900046542c57f68c3b46a4bc24eb" }, "geometry": { "type": "Polygon", "coordinates": [ [ [ 10.0, 10.0 ], [ 10.0, 15.0 ], [ 5.0, 15.0 ], [ 5.0, 10.0 ], [ 10.0, 10.0 ] ] ] } },
{ "type": "Feature", "properties": { "path": "./Height/africa/e030_n15_e035_n10.zip", "SHA512": "39fc0681cd18183c9751eafa99a6470ff0a71b0ab7e467f9dd7965e88a7c1d47e2b6327252c5f51ce44bb621f842f8a3bfef3a90b0e4db204db90e85326b5095" }, "geometry": { "type": "Polygon", "coordinates": [ [ [ 35.0, 10.0 ], [ 35.0, 15.0 ], [ 30.0, 15.0 ], [ 30.0, 10.0 ], [ 35.0, 10.0 ] ] ] } },
{ "type": "Feature", "properties": { "path": "./Height/africa/e055_s15_e060_s20.zip", "SHA512": "19213490949636f0047ea24f2935458e5c1fa266633e6f17c10eb74940dd51bf03b44bc142dda7e9593cd5cfae22f56d944609ed803ba987a7fa50047f2c6a16" }, "geometry": { "type": "Polygon", "coordinates": [ [ [ 60.0, -20.0 ], [ 60.0, -15.0 ], [ 55.0, -15.0 ], [ 55.0, -20.0 ], [ 60.0, -20.0 ] ] ] } },
{ "type": "Feature", "properties": { "path": "./Height/africa/e025_s10_e030_s15.zip", "SHA512": "729d8870ca92ca0f1e7ef7bf6992cdb5003ebc5d1350ec4ebbe6a1ff3d76f88c43a8d3803e942551d17c2ae27d37a5dc4f0f0ff8cb8dff601dab13ecb4d517ea" }, "geometry": { "type": "Polygon", "coordinates": [ [ [ 30.0, -15.0 ], [ 30.0, -10.0 ], [ 25.0, -10.0 ], [ 25.0, -15.0 ], [ 30.0, -15.0 ] ] ] } },
{ "type": "Feature", "properties": { "path": "./Height/africa/e045_s10_e050_s15.zip", "SHA512": "fc764b216ace1052cf959643266e82d6ab8bc9ceee7a85e5276c7b1e31f515742eb6a768f3636b614d29bfb3f6139a1cc738cd94b97783fd3739fc685e39a367" }, "geometry": { "type": "Polygon", "coordinates": [ [ [ 50.0, -15.0 ], [ 50.0, -10.0 ], [ 45.0, -10.0 ], [ 45.0, -15.0 ], [ 50.0, -15.0 ] ] ] } },
{ "type": "Feature", "properties": { "path": "./Height/africa/e005_n25_e010_n20.zip", "SHA512": "c5497e80a17a9f8e97cd9dc823ddabd5f1a997dc86b4a8888c5b65614e93ae37f1fc0a5b13f03c72ebdec78fb0e3f22141658fa99fea637ab3aae2a04aff7082" }, "geometry": { "type": "Polygon", "coordinates": [ [ [ 10.0, 20.0 ], [ 10.0, 25.0 ], [ 5.0, 25.0 ], [ 5.0, 20.0 ], [ 10.0, 20.0 ] ] ] } },
{ "type": "Feature", "properties": { "path": "./Height/africa/e010_n20_e015_n15.zip", "SHA512": "8e2484d7ceb272cb504ebf1ef53801bef8391df5c9618f7eaf4633a9ae4f74d11c919cde52a177ea4017845b14c9452d2f82a9898cdb76d3e26a238c43fb31db" }, "geometry": { "type": "Polygon", "coordinates": [ [ [ 15.0, 15.0 ], [ 15.0, 20.0 ], [ 10.0, 20.0 ], [ 10.0, 15.0 ], [ 15.0, 15.0 ] ] ] } },
{ "type": "Feature", "properties": { "path": "./Height/africa/e055_n00_e060_s05.zip", "SHA512": "054568ab5e352013c1280efdc49d773a64d8e269615fe8383aaa49ad8b07d26eca650cd56c5b301ce50f3c928889c8473ed054bede103d53b1fddf2047c592f4" }, "geometry": { "type": "Polygon", "coordinates": [ [ [ 60.0, -5.0 ], [ 60.0, 0.0 ], [ 55.0, 0.0 ], [ 55.0, -5.0 ], [ 60.0, -5.0 ] ] ] } },
{ "type": "Feature", "properties": { "path": "./Height/africa/e020_n05_e025_n00.zip", "SHA512": "aeb04df74df1ec8e3c294a936fe0f84011f710deea59673b87ae12278275640ba477028a483a0499f9f102e13c2cf2bb4fcb095fcd3b00a7e36b33a7ee5a1b63" }, "geometry": { "type": "Polygon", "coordinates": [ [ [ 25.0, 0.0 ], [ 25.0, 5.0 ], [ 20.0, 5.0 ], [ 20.0, 0.0 ], [ 25.0, 0.0 ] ] ] } },
{ "type": "Feature", "properties": { "path": "./Height/africa/e045_s05_e050_s10.zip", "SHA512": "7bb57cb9c12abf0cc4dc0ea7b4943ba5549835c892a0cfddd19e31ab14d78b0c38478b9ca4d01a19e317b82a42b8f0cf78a7968c8e424d8df897720029f0f431" }, "geometry": { "type": "Polygon", "coordinates": [ [ [ 50.0, -10.0 ], [ 50.0, -5.0 ], [ 45.0, -5.0 ], [ 45.0, -10.0 ], [ 50.0, -10.0 ] ] ] } },
{ "type": "Feature", "properties": { "path": "./Height/africa/e045_n15_e050_n10.zip", "SHA512": "36e10b3df34ef34c3fb866f86e54efea2821dcd396fc724e09e3b1e3411e4e34bbae3d28cb3e240b00a960079808888e7db578c5ce5e57b2d48ab83a44307cca" }, "geometry": { "type": "Polygon", "coordinates": [ [ [ 50.0, 10.0 ], [ 50.0, 15.0 ], [ 45.0, 15.0 ], [ 45.0, 10.0 ], [ 50.0, 10.0 ] ] ] } },
{ "type": "Feature", "properties": { "path": "./Height/africa/e040_n15_e045_n10.zip", "SHA512": "75b8a1e536785b0a1812092b0c3413a7e943877ea23cdf2a2fb5381f8953a53b539562871bb62cafec3b98e8bf1270c822f6352eba27742fdde387a3c6c67a5e" }, "geometry": { "type": "Polygon", "coordinates": [ [ [ 45.0, 10.0 ], [ 45.0, 15.0 ], [ 40.0, 15.0 ], [ 40.0, 10.0 ], [ 45.0, 10.0 ] ] ] } },
{ "type": "Feature", "properties": { "path": "./Height/africa/e020_s25_e025_s30.zip", "SHA512": "4b3f942b639caaec8b039d89dc57fddde82e8f85e723d479d5ed193c4fb385a4f5f1fa2ab8f81bec6d01dfc842f695e2b8006284e0a304f0eb91e7f6ee0ae6f7" }, "geometry": { "type": "Polygon", "coordinates": [ [ [ 25.0, -30.0 ], [ 25.0, -25.0 ], [ 20.0, -25.0 ], [ 20.0, -30.0 ], [ 25.0, -30.0 ] ] ] } },
{ "type": "Feature", "properties": { "path": "./Height/africa/w010_n25_w005_n20.zip", "SHA512": "32dafb7a9bb74d52e5130b5fba08fab57f5d7e4cd7f9a894eb79bdaa1b4bc120dedc0125f3eb98cd3e2602babf7153a425839aa1a7bb31eec35189a7be58daca" }, "geometry": { "type": "Polygon", "coordinates": [ [ [ -5.0, 20.0 ], [ -5.0, 25.0 ], [ -10.0, 25.0 ], [ -10.0, 20.0 ], [ -5.0, 20.0 ] ] ] } },
{ "type": "Feature", "properties": { "path": "./Height/africa/e020_n35_e025_n30.zip", "SHA512": "aff271bacbf43937bb06359cf388331ac3bff54ffc4ba18f5e68ba947561548f6860488f2a90e3c326a3db11f55442ab2d99d15ff6cdb8fb17585db2759a920c" }, "geometry": { "type": "Polygon", "coordinates": [ [ [ 25.0, 30.0 ], [ 25.0, 35.0 ], [ 20.0, 35.0 ], [ 20.0, 30.0 ], [ 25.0, 30.0 ] ] ] } },
{ "type": "Feature", "properties": { "path": "./Height/africa/e050_n25_e055_n20.zip", "SHA512": "27b65c33194ccada63cf918f583229de928aed8f6f684f02a3973dc3ee01e2730c184f9447f86e46a1301a8e05e62d8b8f419b807f659e5ee9faf19671684148" }, "geometry": { "type": "Polygon", "coordinates": [ [ [ 55.0, 20.0 ], [ 55.0, 25.0 ], [ 50.0, 25.0 ], [ 50.0, 20.0 ], [ 55.0, 20.0 ] ] ] } },
{ "type": "Feature", "properties": { "path": "./Height/africa/e045_n10_e050_n05.zip", "SHA512": "990255a1d3c787ef8188db9976970779ed3b7879e8ead2fe52a23d12997f939becf1212ea8431b29029c05545a02adebd6a35905924917a19859ef7ee2fc6d3e" }, "geometry": { "type": "Polygon", "coordinates": [ [ [ 50.0, 5.0 ], [ 50.0, 10.0 ], [ 45.0, 10.0 ], [ 45.0, 5.0 ], [ 50.0, 5.0 ] ] ] } },
{ "type": "Feature", "properties": { "path": "./Height/africa/e020_s30_e025_s35.zip", "SHA512": "7828d9ab86e5219e58f62b98366f78e191e35425568217c8d2354c168da078697378fee18ed407ff20d54657880caf1f7d4c02c3cf0abaeed1b7ce5248203515" }, "geometry": { "type": "Polygon", "coordinates": [ [ [ 25.0, -35.0 ], [ 25.0, -30.0 ], [ 20.0, -30.0 ], [ 20.0, -35.0 ], [ 25.0, -35.0 ] ] ] } },
{ "type": "Feature", "properties": { "path": "./Height/africa/e000_n40_e005_n35.zip", "SHA512": "d6549b8923110d0472634baefed7164a458255d37cb576a7a578ce0e1359995dcfbc8ab0688c8eab93e99cc94851af486f1e6033face79cb68f50851b73b9f55" }, "geometry": { "type": "Polygon", "coordinates": [ [ [ 5.0, 35.0 ], [ 5.0, 40.0 ], [ 0.0, 40.0 ], [ 0.0, 35.0 ], [ 5.0, 35.0 ] ] ] } },
{ "type": "Feature", "properties": { "path": "./Height/africa/e025_n35_e030_n30.zip", "SHA512": "fd426436d40a7f8c1f0a3482ecd22a357942bf81c5553911aba9e934870f80e914ac01d7c83bc6a618a75f6c1b572ec17b4431c0a2b48348828fbb43c3862713" }, "geometry": { "type": "Polygon", "coordinates": [ [ [ 30.0, 30.0 ], [ 30.0, 35.0 ], [ 25.0, 35.0 ], [ 25.0, 30.0 ], [ 30.0, 30.0 ] ] ] } },
{ "type": "Feature", "properties": { "path": "./Height/africa/e025_s20_e030_s25.zip", "SHA512": "7c286221557c9a8cbfbdd4f452cab098ee3f3da4fdf5fe5666de87a6adb4d0767984ada90d423ffc9ba731303edc45e542d69a1b57d29f20b6e1ba4d9e2fe2bf" }, "geometry": { "type": "Polygon", "coordinates": [ [ [ 30.0, -25.0 ], [ 30.0, -20.0 ], [ 25.0, -20.0 ], [ 25.0, -25.0 ], [ 30.0, -25.0 ] ] ] } },
{ "type": "Feature", "properties": { "path": "./Height/africa/w010_n10_w005_n05.zip", "SHA512": "3992488159033420eb7cb72e459757c7faaccc25dbe81fb3980eb24ce210f12b68b614ab41c8a40e0be266958c283ef35da47a545be223c0f4617255b4a077cb" }, "geometry": { "type": "Polygon", "coordinates": [ [ [ -5.0, 5.0 ], [ -5.0, 10.0 ], [ -10.0, 10.0 ], [ -10.0, 5.0 ], [ -5.0, 5.0 ] ] ] } },
{ "type": "Feature", "properties": { "path": "./Height/africa/e000_n20_e005_n15.zip", "SHA512": "459814ca6f961aee2909fef070bb5820b3f9c8aa31980bf5e447713b4cd667c6236e216f184c478998c5dffcd5061794ec580f949f8575d745dba2301eca58c0" }, "geometry": { "type": "Polygon", "coordinates": [ [ [ 5.0, 15.0 ], [ 5.0, 20.0 ], [ 0.0, 20.0 ], [ 0.0, 15.0 ], [ 5.0, 15.0 ] ] ] } },
{ "type": "Feature", "properties": { "path": "./Height/africa/e005_n20_e010_n15.zip", "SHA512": "91595f9f9ab57f406bb3c3e632b7d220c28fa833bbe60cff8cd455e1c9b90c7d5bf2c51ab04dc735964c5be3fd9681a71043b84005e768fa325797485b61128c" }, "geometry": { "type": "Polygon", "coordinates": [ [ [ 10.0, 15.0 ], [ 10.0, 20.0 ], [ 5.0, 20.0 ], [ 5.0, 15.0 ], [ 10.0, 15.0 ] ] ] } },
{ "type": "Feature", "properties": { "path": "./Height/africa/e020_s20_e025_s25.zip", "SHA512": "f35c0a3dc952fb3b86a3ed611c81f0d92b21414bb7b625085728e87ae9eedfc021efb0b9819d2862cc9d522651a654b448d8d4079501f0b868064809504e4e71" }, "geometry": { "type": "Polygon", "coordinates": [ [ [ 25.0, -25.0 ], [ 25.0, -20.0 ], [ 20.0, -20.0 ], [ 20.0, -25.0 ], [ 25.0, -25.0 ] ] ] } },
{ "type": "Feature", "properties": { "path": "./Height/africa/e000_n30_e005_n25.zip", "SHA512": "16ebafcbbdf008da940d4259db233801261faf8755130f9a72f59e968e693aa8f51b13df32867e7b9d213a0232d8f5e104b908717356f6a65fd7b1dc2b4c5e41" }, "geometry": { "type": "Polygon", "coordinates": [ [ [ 5.0, 25.0 ], [ 5.0, 30.0 ], [ 0.0, 30.0 ], [ 0.0, 25.0 ], [ 5.0, 25.0 ] ] ] } },
{ "type": "Feature", "properties": { "path": "./Height/africa/e030_n35_e035_n30.zip", "SHA512": "a35079ea2afdef0be90204a951d31c702927536970797ad3d23d814c36ad3794f26190d91031081244a8a1728fd3775048b714a051b705c46b65ad1e488c4965" }, "geometry": { "type": "Polygon", "coordinates": [ [ [ 35.0, 30.0 ], [ 35.0, 35.0 ], [ 30.0, 35.0 ], [ 30.0, 30.0 ], [ 35.0, 30.0 ] ] ] } },
{ "type": "Feature", "properties": { "path": "./Height/africa/e015_n05_e020_n00.zip", "SHA512": "7d789030e61c17023a6e43579cc675c5117a643cf5919bdf42cc420b65d6f71194a93560724a3289781bea54cd03287337652f92e4ba2eaef1ec57e49eaa3de8" }, "geometry": { "type": "Polygon", "coordinates": [ [ [ 20.0, 0.0 ], [ 20.0, 5.0 ], [ 15.0, 5.0 ], [ 15.0, 0.0 ], [ 20.0, 0.0 ] ] ] } },
{ "type": "Feature", "properties": { "path": "./Height/africa/e010_n05_e015_n00.zip", "SHA512": "d0727a12dc44ba4ed7a60cd516b3ba770d9f61d5fb0384df1bc7fb0c683efafa1fa8613ed92bab19d7dd718aa63cb374af8432af2d1bb64c020b72c616f560bf" }, "geometry": { "type": "Polygon", "coordinates": [ [ [ 15.0, 0.0 ], [ 15.0, 5.0 ], [ 10.0, 5.0 ], [ 10.0, 0.0 ], [ 15.0, 0.0 ] ] ] } },
{ "type": "Feature", "properties": { "path": "./Height/africa/e035_n15_e040_n10.zip", "SHA512": "b4dc706783c04dac229319d171353fe97872209714672124c034a02c1c1bae8c5eefba10c9f200c18080ce1543c059df2b7bbf15b1be01c890937a59877c6c4e" }, "geometry": { "type": "Polygon", "coordinates": [ [ [ 40.0, 10.0 ], [ 40.0, 15.0 ], [ 35.0, 15.0 ], [ 35.0, 10.0 ], [ 40.0, 10.0 ] ] ] } },
{ "type": "Feature", "properties": { "path": "./Height/africa/e045_n40_e050_n35.zip", "SHA512": "085b600340dce54463def5df6cf2150adf0fdfa8cf987de92fdc9dae1dec38bbe331db81876a43845c24fa4d921c4e462aa0d80f36dc9c6914f6c0c185155a8e" }, "geometry": { "type": "Polygon", "coordinates": [ [ [ 50.0, 35.0 ], [ 50.0, 40.0 ], [ 45.0, 40.0 ], [ 45.0, 35.0 ], [ 50.0, 35.0 ] ] ] } },
{ "type": "Feature", "properties": { "path": "./Height/africa/e050_n10_e055_n05.zip", "SHA512": "f1f5c292d9dabf3e59003e71002bcc77fa2730efd416eadbb0f93e201b45f9e95c91a0678ef4507253338c6a006bee2505967a0d9a9289338c7dfc0b37507f34" }, "geometry": { "type": "Polygon", "coordinates": [ [ [ 55.0, 5.0 ], [ 55.0, 10.0 ], [ 50.0, 10.0 ], [ 50.0, 5.0 ], [ 55.0, 5.0 ] ] ] } },
{ "type": "Feature", "properties": { "path": "./Height/africa/e025_s30_e030_s35.zip", "SHA512": "084cb7edb2b274ed00ca4bfc27498397a07a104e5d6cbe5fc419ff42759d88feecda81f7bba944469b5e5cbcd4a5f8d00e76221447bc13b7b24e5b663739894e" }, "geometry": { "type": "Polygon", "coordinates": [ [ [ 30.0, -35.0 ], [ 30.0, -30.0 ], [ 25.0, -30.0 ], [ 25.0, -35.0 ], [ 30.0, -35.0 ] ] ] } },
{ "type": "Feature", "properties": { "path": "./Height/africa/e045_s20_e050_s25.zip", "SHA512": "2c6fc4813bcf7748d03eca8510c10f6c140de0929e0cf82f7c2e1fdff71d64dba49b472e16adb9db7e4d90760ec04334d1c7db599d0edc18de63aba7cbc81627" }, "geometry": { "type": "Polygon", "coordinates": [ [ [ 50.0, -25.0 ], [ 50.0, -20.0 ], [ 45.0, -20.0 ], [ 45.0, -25.0 ], [ 50.0, -25.0 ] ] ] } },
{ "type": "Feature", "properties": { "path": "./Height/africa/e055_s05_e060_s10.zip", "SHA512": "e027f6c963b47ac98ef9ff756d5548cd45dc036f431837ac6749edc0c20e34fd1ce195a6f80c80507a40e209186c2b840558db510c12e2213fa40ff004215897" }, "geometry": { "type": "Polygon", "coordinates": [ [ [ 60.0, -10.0 ], [ 60.0, -5.0 ], [ 55.0, -5.0 ], [ 55.0, -10.0 ], [ 60.0, -10.0 ] ] ] } },
{ "type": "Feature", "properties": { "path": "./Height/africa/e030_n30_e035_n25.zip", "SHA512": "067d5637dd5de77a759ec515d4e3f38c8c216d7ac9f380fee774982a2daf4241f75c0f775ed8c86ffeb07cb06adeaac02c6460847bdf47c868bfd5f4535da483" }, "geometry": { "type": "Polygon", "coordinates": [ [ [ 35.0, 25.0 ], [ 35.0, 30.0 ], [ 30.0, 30.0 ], [ 30.0, 25.0 ], [ 35.0, 25.0 ] ] ] } },
{ "type": "Feature", "properties": { "path": "./Height/africa/w005_n10_e000_n05.zip", "SHA512": "9cc2ba11e64eb06d5d2cc157b15b485c77f22399a6639d4389d5d065245be3ee8b234569fe95ae559b7d06b4a6984a41f6ba7ce4cb5fd7b328af6adb80bd4495" }, "geometry": { "type": "Polygon", "coordinates": [ [ [ 0.0, 5.0 ], [ 0.0, 10.0 ], [ -5.0, 10.0 ], [ -5.0, 5.0 ], [ 0.0, 5.0 ] ] ] } },
{ "type": "Feature", "properties": { "path": "./Height/africa/e025_s15_e030_s20.zip", "SHA512": "3092b855ed93a3c00876eb89b9a2bf8723d5c8249353ed0f18dde55f85fd2a32981d6da8f91fe593e609566f0ab55c0a2bfc747282c5682f10945f912f34f562" }, "geometry": { "type": "Polygon", "coordinates": [ [ [ 30.0, -20.0 ], [ 30.0, -15.0 ], [ 25.0, -15.0 ], [ 25.0, -20.0 ], [ 30.0, -20.0 ] ] ] } },
{ "type": "Feature", "properties": { "path": "./Height/africa/e035_n35_e040_n30.zip", "SHA512": "09bcd23bba8d4c511439d30fa941eb68d7762590987255d322f283a0d7a41ef5706c4ad37535ff0949dd252cd70a29ee1eb4278d02337d62446a85706505b23a" }, "geometry": { "type": "Polygon", "coordinates": [ [ [ 40.0, 30.0 ], [ 40.0, 35.0 ], [ 35.0, 35.0 ], [ 35.0, 30.0 ], [ 40.0, 30.0 ] ] ] } },
{ "type": "Feature", "properties": { "path": "./Height/africa/e050_s10_e055_s15.zip", "SHA512": "42e42c80a7dbc2f1e8ab977612071e61b1b529c279f95ad3a68d040333ff4202cbd9373fa007a847c4d75ab5c6ee328e142a213c8ed498cf7dd05b9649a7e0cf" }, "geometry": { "type": "Polygon", "coordinates": [ [ [ 55.0, -15.0 ], [ 55.0, -10.0 ], [ 50.0, -10.0 ], [ 50.0, -15.0 ], [ 55.0, -15.0 ] ] ] } },
{ "type": "Feature", "properties": { "path": "./Height/africa/e040_n10_e045_n05.zip", "SHA512": "d65075ccb640caa498ee4c31e244563b29cc85a456dc02ab4b5f9282fb644755dcceac42b9d02cc5ce1d986dbee9d54157e552502d6d16dde36b2dd7a47edfcb" }, "geometry": { "type": "Polygon", "coordinates": [ [ [ 45.0, 5.0 ], [ 45.0, 10.0 ], [ 40.0, 10.0 ], [ 40.0, 5.0 ], [ 45.0, 5.0 ] ] ] } },
{ "type": "Feature", "properties": { "path": "./Height/africa/e020_n00_e025_s05.zip", "SHA512": "e9470cc7ecd9b6de4f5af1a30275b3c806fd89ae9c5457a947c74dc79d19184bb002a52c32a3d0b850c3f37bb9b9ee1e5cd527d49fe1d11ab2ca3e88600b1b6d" }, "geometry": { "type": "Polygon", "coordinates": [ [ [ 25.0, -5.0 ], [ 25.0, 0.0 ], [ 20.0, 0.0 ], [ 20.0, -5.0 ], [ 25.0, -5.0 ] ] ] } },
{ "type": "Feature", "properties": { "path": "./Height/africa/e030_s30_e035_s35.zip", "SHA512": "50276b94571f8378096ea3940594c7b81d6373a134571b36d22995babea8a579214db91a981c0d191a7119bc2f863923a76156e35f9a18282b96d3cdbb31003b" }, "geometry": { "type": "Polygon", "coordinates": [ [ [ 35.0, -35.0 ], [ 35.0, -30.0 ], [ 30.0, -30.0 ], [ 30.0, -35.0 ], [ 35.0, -35.0 ] ] ] } },
{ "type": "Feature", "properties": { "path": "./Height/africa/e025_n20_e030_n15.zip", "SHA512": "1bec298d6e783c3aed1b67da2a9ffe975b51d45c44d10d10afb614c9e2cfee6f53afa788e82f202a8e1c63a7ad80da9304dcbe4681b565d0d4ac8e4c82543349" }, "geometry": { "type": "Polygon", "coordinates": [ [ [ 30.0, 15.0 ], [ 30.0, 20.0 ], [ 25.0, 20.0 ], [ 25.0, 15.0 ], [ 30.0, 15.0 ] ] ] } },
{ "type": "Feature", "properties": { "path": "./Height/africa/e055_n30_e060_n25.zip", "SHA512": "6b0106328a13b4e94b2cb5daca5158a4345d13af4bb4be3e0739a6e77fa230f8145ae4d202ff82021075f125d9b830c510d558ddf8b77db8aa3ad8783534ba84" }, "geometry": { "type": "Polygon", "coordinates": [ [ [ 60.0, 25.0 ], [ 60.0, 30.0 ], [ 55.0, 30.0 ], [ 55.0, 25.0 ], [ 60.0, 25.0 ] ] ] } },
{ "type": "Feature", "properties": { "path": "./Height/africa/e010_n10_e015_n05.zip", "SHA512": "e21e9361a4ca3c1283aa7299058bd64744a334a75616a04fb56b3061755c7c93d26619fdc06fcd1eb8ac4bd8092eabb01ec0af8224e5fa9f341875efcedc9d5b" }, "geometry": { "type": "Polygon", "coordinates": [ [ [ 15.0, 5.0 ], [ 15.0, 10.0 ], [ 10.0, 10.0 ], [ 10.0, 5.0 ], [ 15.0, 5.0 ] ] ] } },
{ "type": "Feature", "properties": { "path": "./Height/africa/e020_s15_e025_s20.zip", "SHA512": "b266294f5141c7f353dbcd846c60083fd7366508e2c80f92313d8af61378e624013eebdda86af38754c0834d6f83f2fd049da1a111920db81c60b6896f87a695" }, "geometry": { "type": "Polygon", "coordinates": [ [ [ 25.0, -20.0 ], [ 25.0, -15.0 ], [ 20.0, -15.0 ], [ 20.0, -20.0 ], [ 25.0, -20.0 ] ] ] } },
{ "type": "Feature", "properties": { "path": "./Height/africa/e005_n10_e010_n05.zip", "SHA512": "6d1ed98a2bc9c46e02a7e1018e525f5991f36d3c45a9abf4a664ca1343483dd98fef706cf5f242824be96c45ea952515a91e6fba27138441e296e0db85b75dc1" }, "geometry": { "type": "Polygon", "coordinates": [ [ [ 10.0, 5.0 ], [ 10.0, 10.0 ], [ 5.0, 10.0 ], [ 5.0, 5.0 ], [ 10.0, 5.0 ] ] ] } },
{ "type": "Feature", "properties": { "path": "./Height/africa/e000_n10_e005_n05.zip", "SHA512": "bb61dc1a9efe2371346de4ede2100b5354f615c58b392cf7b25b7dea7ec99242b10d80520f84afb309cb250285ca9fb5c7f5f03d80277b69054dd728ca2533aa" }, "geometry": { "type": "Polygon", "coordinates": [ [ [ 5.0, 5.0 ], [ 5.0, 10.0 ], [ 0.0, 10.0 ], [ 0.0, 5.0 ], [ 5.0, 5.0 ] ] ] } },
{ "type": "Feature", "properties": { "path": "./Height/africa/e045_n25_e050_n20.zip", "SHA512": "2427f010294b6a0577807828bbb5fdfc4e5bd9247471e544cd31dfb1a3f625bbb5cac841526d7a1c8d270e38db249b66a34de55178029d32b6daad02a3042a76" }, "geometry": { "type": "Polygon", "coordinates": [ [ [ 50.0, 20.0 ], [ 50.0, 25.0 ], [ 45.0, 25.0 ], [ 45.0, 20.0 ], [ 50.0, 20.0 ] ] ] } },
{ "type": "Feature", "properties": { "path": "./Height/africa/e010_n40_e015_n35.zip", "SHA512": "506324d8f1627e6d903851d5fccb68fef7291a14b6e62378c3ad140b4372ac754a7d9391b28f28a5131a8e48a1ad0e9b2ee7b7769fd6b4efb6dbdf59c0a2a259" }, "geometry": { "type": "Polygon", "coordinates": [ [ [ 15.0, 35.0 ], [ 15.0, 40.0 ], [ 10.0, 40.0 ], [ 10.0, 35.0 ], [ 15.0, 35.0 ] ] ] } },
{ "type": "Feature", "properties": { "path": "./Height/africa/w015_n25_w010_n20.zip", "SHA512": "2edd33163267889cba598352aa0c8e7cfd729a84ae5d32388e98fac4cd7285289b5bcaf01e9c9d6b2c86948be211f7ca623079310ee63ec7fbc1af17d4e51aa6" }, "geometry": { "type": "Polygon", "coordinates": [ [ [ -10.0, 20.0 ], [ -10.0, 25.0 ], [ -15.0, 25.0 ], [ -15.0, 20.0 ], [ -10.0, 20.0 ] ] ] } },
{ "type": "Feature", "properties": { "path": "./Height/africa/e035_n10_e040_n05.zip", "SHA512": "6b15ac265c45a13b271be0c880908153dcec825f9eb9431b41c4fa95a3295146e9fb1cea7edbb5d8531e87101d9507623656d4d8ea0798ed65d1dc1c286d25cf" }, "geometry": { "type": "Polygon", "coordinates": [ [ [ 40.0, 5.0 ], [ 40.0, 10.0 ], [ 35.0, 10.0 ], [ 35.0, 5.0 ], [ 40.0, 5.0 ] ] ] } },
{ "type": "Feature", "properties": { "path": "./Height/africa/e010_s10_e015_s15.zip", "SHA512": "b7b9c5c8b2d58cbc734727ba1612b61ce5f3ce794c0fc5c1563aab092ef8685281a5d5f52d64b93d8bfc8fcdc8e8a0d6ef5212220c83b7db1690612e975f50d9" }, "geometry": { "type": "Polygon", "coordinates": [ [ [ 15.0, -15.0 ], [ 15.0, -10.0 ], [ 10.0, -10.0 ], [ 10.0, -15.0 ], [ 15.0, -15.0 ] ] ] } },
{ "type": "Feature", "properties": { "path": "./Height/africa/e025_n30_e030_n25.zip", "SHA512": "8576499cfabd2ba90e226fa0df617b83b5087e0a6c25398df5b63989f6751809f67b88b5aec023d429990913203c9e6be955d5e094e6c2f3eb555050fb94d43e" }, "geometry": { "type": "Polygon", "coordinates": [ [ [ 30.0, 25.0 ], [ 30.0, 30.0 ], [ 25.0, 30.0 ], [ 25.0, 25.0 ], [ 30.0, 25.0 ] ] ] } },
{ "type": "Feature", "properties": { "path": "./Height/africa/e025_n00_e030_s05.zip", "SHA512": "a4fa556a3885b3506990335b7d630ff9c024c705ee74219867b3e13983ec2fdee046a33c978cb78013a39d620b6eb055229f523dbf3c889d008549e9385ec086" }, "geometry": { "type": "Polygon", "coordinates": [ [ [ 30.0, -5.0 ], [ 30.0, 0.0 ], [ 25.0, 0.0 ], [ 25.0, -5.0 ], [ 30.0, -5.0 ] ] ] } },
{ "type": "Feature", "properties": { "path": "./Height/africa/w005_n40_e000_n35.zip", "SHA512": "741247e1f320ae5d212942ccafa9cc975af1c9c753eb50fc4c1e9f0e4378f05ccb5201dfa57d5291986667dd2f7a45084921eb5bdecc60c1e52c6da77f8de084" }, "geometry": { "type": "Polygon", "coordinates": [ [ [ 0.0, 35.0 ], [ 0.0, 40.0 ], [ -5.0, 40.0 ], [ -5.0, 35.0 ], [ 0.0, 35.0 ] ] ] } },
{ "type": "Feature", "properties": { "path": "./Height/africa/w010_n30_w005_n25.zip", "SHA512": "1020ee1de550766320df9de172bae16700eb351e769c452d2a4ad99920dec61846e7fa61ca9a62b99588877ef495e4f5b59525c9720c3b6d737864f743f885a9" }, "geometry": { "type": "Polygon", "coordinates": [ [ [ -5.0, 25.0 ], [ -5.0, 30.0 ], [ -10.0, 30.0 ], [ -10.0, 25.0 ], [ -5.0, 25.0 ] ] ] } },
{ "type": "Feature", "properties": { "path": "./Height/africa/e025_s05_e030_s10.zip", "SHA512": "ba3b742d06123c70870a5c9f874aff44dd22a13197e6adf264e2be5529a4cb60aa375ba5fd2e26d2ca5de06ae73651dd0b82bc8951a19af25b0e2fb31d7f3b6c" }, "geometry": { "type": "Polygon", "coordinates": [ [ [ 30.0, -10.0 ], [ 30.0, -5.0 ], [ 25.0, -5.0 ], [ 25.0, -10.0 ], [ 30.0, -10.0 ] ] ] } },
{ "type": "Feature", "properties": { "path": "./Height/africa/e020_n30_e025_n25.zip", "SHA512": "8f9e962838350b084d627ea55c69ac105acd0f93435537a4de46aaa70c3c561596872ca4e27cdfb987ebfcf8ff67b69e7b62e0a798431b1c781117c530267352" }, "geometry": { "type": "Polygon", "coordinates": [ [ [ 25.0, 25.0 ], [ 25.0, 30.0 ], [ 20.0, 30.0 ], [ 20.0, 25.0 ], [ 25.0, 25.0 ] ] ] } },
{ "type": "Feature", "properties": { "path": "./Height/africa/w005_n30_e000_n25.zip", "SHA512": "e31637e2d918d453d2330d14a5746d9bc353065e0bfda0a44ac1929dbc6924ffa72252c9c379872a6179a27edd9e60aac1ff6529291e0792bc8daedc7df121dc" }, "geometry": { "type": "Polygon", "coordinates": [ [ [ 0.0, 25.0 ], [ 0.0, 30.0 ], [ -5.0, 30.0 ], [ -5.0, 25.0 ], [ 0.0, 25.0 ] ] ] } },
{ "type": "Feature", "properties": { "path": "./Height/africa/e030_n10_e035_n05.zip", "SHA512": "38582c5074d821f0334d56fce4e0866611ce33350ce0b92c58a301115fd11b282276b2102a05b2790873141a0d7ac06215b4449d2273cebc1aa27eeccf08248e" }, "geometry": { "type": "Polygon", "coordinates": [ [ [ 35.0, 5.0 ], [ 35.0, 10.0 ], [ 30.0, 10.0 ], [ 30.0, 5.0 ], [ 35.0, 5.0 ] ] ] } },
{ "type": "Feature", "properties": { "path": "./Height/africa/e015_n00_e020_s05.zip", "SHA512": "ccc7ec0b9d8bc82086ed0f1210dd693a4335ff03708110235793f6004f8118317ce77bbfdfd13b6b030c497ccabc3f0e5dd18bcbbe8dcf6cd07d7050d8426d9e" }, "geometry": { "type": "Polygon", "coordinates": [ [ [ 20.0, -5.0 ], [ 20.0, 0.0 ], [ 15.0, 0.0 ], [ 15.0, -5.0 ], [ 20.0, -5.0 ] ] ] } },
{ "type": "Feature", "properties": { "path": "./Height/africa/e015_s15_e020_s20.zip", "SHA512": "8ddb38f3377da37565d8a8b2f75e2ee05e56ba884170545d9415d7b0927b2c12e13f291878d3bdcf11d625050853073ed3d909978d30253b751805ceb30e2895" }, "geometry": { "type": "Polygon", "coordinates": [ [ [ 20.0, -20.0 ], [ 20.0, -15.0 ], [ 15.0, -15.0 ], [ 15.0, -20.0 ], [ 20.0, -20.0 ] ] ] } },
{ "type": "Feature", "properties": { "path": "./Height/africa/e010_n30_e015_n25.zip", "SHA512": "91b86508be6c4894f1e3adfae40250c7cc7a366361c128fd3ecaa09a6641fdef2110349e41c947d68748ca0ea0c06834cdd2f7b0729ccad27a3d2a95f19aa191" }, "geometry": { "type": "Polygon", "coordinates": [ [ [ 15.0, 25.0 ], [ 15.0, 30.0 ], [ 10.0, 30.0 ], [ 10.0, 25.0 ], [ 15.0, 25.0 ] ] ] } },
{ "type": "Feature", "properties": { "path": "./Height/africa/e020_n20_e025_n15.zip", "SHA512": "aca90940beeb0bd9868da2faa7c8ce841054137209c8e23c43f2f2fe928b87c8c8bf2d716f95f284c6dc03382e71e68caeb52790c17905ad7c381954714f1eca" }, "geometry": { "type": "Polygon", "coordinates": [ [ [ 25.0, 15.0 ], [ 25.0, 20.0 ], [ 20.0, 20.0 ], [ 20.0, 15.0 ], [ 25.0, 15.0 ] ] ] } },
{ "type": "Feature", "properties": { "path": "./Height/africa/e040_n05_e045_n00.zip", "SHA512": "ffc75f1e0076078e8256630baec723777355632c6738bf978f87dcc4d0a91f4df00f0452d4b4701adbe71766da90ab778d8644af2db6af606925aea926501811" }, "geometry": { "type": "Polygon", "coordinates": [ [ [ 45.0, 0.0 ], [ 45.0, 5.0 ], [ 40.0, 5.0 ], [ 40.0, 0.0 ], [ 45.0, 0.0 ] ] ] } },
{ "type": "Feature", "properties": { "path": "./Height/africa/e055_s10_e060_s15.zip", "SHA512": "d4aaaa791bae2f0ba3febea59844e06c50fc93c9598a7b708203b057b13b6cccbd7d5a6d9a4779ac0c277bf76eb929430ad3a6ffcfb7604a3a71607997058f49" }, "geometry": { "type": "Polygon", "coordinates": [ [ [ 60.0, -15.0 ], [ 60.0, -10.0 ], [ 55.0, -10.0 ], [ 55.0, -15.0 ], [ 60.0, -15.0 ] ] ] } },
{ "type": "Feature", "properties": { "path": "./Height/africa/e010_s20_e015_s25.zip", "SHA512": "f4c22b209cd4043c9daf360558125098ee378040b9ec0f3b794a9fe7150931b0991210ef73aae71bd4535c93fcfef4f67e707d2e09f36de70d799331c1fb3e5b" }, "geometry": { "type": "Polygon", "coordinates": [ [ [ 15.0, -25.0 ], [ 15.0, -20.0 ], [ 10.0, -20.0 ], [ 10.0, -25.0 ], [ 15.0, -25.0 ] ] ] } },
{ "type": "Feature", "properties": { "path": "./Height/africa/e015_s25_e020_s30.zip", "SHA512": "9495c4ec69e65a9576ae2adc157372367a7dd6a509f516a93bfd383f499f098a2c6cabd97f3b51e8602058f876191a6f5ff0bd456ec50d123d30f765c74b335d" }, "geometry": { "type": "Polygon", "coordinates": [ [ [ 20.0, -30.0 ], [ 20.0, -25.0 ], [ 15.0, -25.0 ], [ 15.0, -30.0 ], [ 20.0, -30.0 ] ] ] } },
{ "type": "Feature", "properties": { "path": "./Height/africa/e030_n05_e035_n00.zip", "SHA512": "09a2fdc3ea23146b1d32fbfe6ba4ce9b76084d18ba3b54ec4b831a12644ca15f36ba8e65fbb9f67dd37abe4393ae4280f334c5d9f1a230c0de24183e92c6d109" }, "geometry": { "type": "Polygon", "coordinates": [ [ [ 35.0, 0.0 ], [ 35.0, 5.0 ], [ 30.0, 5.0 ], [ 30.0, 0.0 ], [ 35.0, 0.0 ] ] ] } },
{ "type": "Feature", "properties": { "path": "./Height/africa/e025_n05_e030_n00.zip", "SHA512": "a712b3e5be20cbdc572b50fcd2390e50d9f4dafad0e5134c9bdfe52d0bfc68d86a58a5b838d3b48c4269fc0a0ae69429ad6912787749dc76e126c8e1c752d266" }, "geometry": { "type": "Polygon", "coordinates": [ [ [ 30.0, 0.0 ], [ 30.0, 5.0 ], [ 25.0, 5.0 ], [ 25.0, 0.0 ], [ 30.0, 0.0 ] ] ] } },
{ "type": "Feature", "properties": { "path": "./Height/africa/e015_n15_e020_n10.zip", "SHA512": "de9954e65e98194b5ba719c2c3165c84503be2eac27c67dfe108d23d9e53ad73109f9ce75051c92bb926f1ead556463b7606c86ef2dc671a69a196da8fb36216" }, "geometry": { "type": "Polygon", "coordinates": [ [ [ 20.0, 10.0 ], [ 20.0, 15.0 ], [ 15.0, 15.0 ], [ 15.0, 10.0 ], [ 20.0, 10.0 ] ] ] } },
{ "type": "Feature", "properties": { "path": "./Height/africa/w015_n10_w010_n05.zip", "SHA512": "17fe3ac0ab0f6a334e4a4e1adcb8c89f8d72571413a14c24ee1540eca635a1794de62697604f9b6a7e7858cf43ef9177c11010ac4af1bd2f4e406f3553e7fbc3" }, "geometry": { "type": "Polygon", "coordinates": [ [ [ -10.0, 5.0 ], [ -10.0, 10.0 ], [ -15.0, 10.0 ], [ -15.0, 5.0 ], [ -10.0, 5.0 ] ] ] } },
{ "type": "Feature", "properties": { "path": "./Height/africa/e040_n40_e045_n35.zip", "SHA512": "fb7e57d34be015a51d17058aa3900c584b999a688cc26785df4e47684af62b4756f39fd25b7d19d8b9075a33b5103aa8a24594a171449606c8c587c40819ba5b" }, "geometry": { "type": "Polygon", "coordinates": [ [ [ 45.0, 35.0 ], [ 45.0, 40.0 ], [ 40.0, 40.0 ], [ 40.0, 35.0 ], [ 45.0, 35.0 ] ] ] } },
{ "type": "Feature", "properties": { "path": "./Height/africa/e020_n25_e025_n20.zip", "SHA512": "11a2169ecc94d5bd8ed5dded6d6a0f052e565103edae6631ae609d7482a1edefac7532508752a534e3cf485928115ad6999482eb5161e0a6199651ecf9ee85e5" }, "geometry": { "type": "Polygon", "coordinates": [ [ [ 25.0, 20.0 ], [ 25.0, 25.0 ], [ 20.0, 25.0 ], [ 20.0, 20.0 ], [ 25.0, 20.0 ] ] ] } },
{ "type": "Feature", "properties": { "path": "./Height/africa/w020_n15_w015_n10.zip", "SHA512": "d7160afbee06dd27ecb2716ac59a12fe156e56cae5387a6386e565ce7a1655889e4671ec76418d7be7d195736b4da5e07d6893926384640f7a30dcbd504bc1c7" }, "geometry": { "type": "Polygon", "coordinates": [ [ [ -15.0, 10.0 ], [ -15.0, 15.0 ], [ -20.0, 15.0 ], [ -20.0, 10.0 ], [ -15.0, 10.0 ] ] ] } },
{ "type": "Feature", "properties": { "path": "./Height/africa/e015_n25_e020_n20.zip", "SHA512": "640abeb325879a9d194a9e3faf803d97b0ae807c1b8908531b048e4ed3a5afe3b4bccf66a3add4b542cecff9c638c518558d69fa02e8b68b0d8434f98c570259" }, "geometry": { "type": "Polygon", "coordinates": [ [ [ 20.0, 20.0 ], [ 20.0, 25.0 ], [ 15.0, 25.0 ], [ 15.0, 20.0 ], [ 20.0, 20.0 ] ] ] } },
{ "type": "Feature", "properties": { "path": "./Height/africa/w010_n35_w005_n30.zip", "SHA512": "32f756dcec63ef4b1098e49193d7ab90f2aebd6f7091662c71fae98289a8b0a3316fa559aaddb47eb0b83045d7e26956b6c75a186b7602549da0db011349d642" }, "geometry": { "type": "Polygon", "coordinates": [ [ [ -5.0, 30.0 ], [ -5.0, 35.0 ], [ -10.0, 35.0 ], [ -10.0, 30.0 ], [ -5.0, 30.0 ] ] ] } },
{ "type": "Feature", "properties": { "path": "./Height/africa/e035_n30_e040_n25.zip", "SHA512": "1948e0b4a7eb0a687a11faa2463809b33472182d72ce9eb7471be2130c68687fb12d2fe32fd03b325075c8e4721d3fabb2d1d74f464b61a60f8a13e8b51ce9c0" }, "geometry": { "type": "Polygon", "coordinates": [ [ [ 40.0, 25.0 ], [ 40.0, 30.0 ], [ 35.0, 30.0 ], [ 35.0, 25.0 ], [ 40.0, 25.0 ] ] ] } },
{ "type": "Feature", "properties": { "path": "./Height/africa/e025_n25_e030_n20.zip", "SHA512": "c5e99d73559d72fc0c889df69e4a7bfd1d5f45fd490544684d330449ef45da550383bd54da3cd34df70e82e7e45dd971c829cde26fd1e9644f9dd913cc2c27be" }, "geometry": { "type": "Polygon", "coordinates": [ [ [ 30.0, 20.0 ], [ 30.0, 25.0 ], [ 25.0, 25.0 ], [ 25.0, 20.0 ], [ 30.0, 20.0 ] ] ] } },
{ "type": "Feature", "properties": { "path": "./Height/africa/e030_s10_e035_s15.zip", "SHA512": "320bcfc307f1efd94bbd31874be47b880fe7523cec348d598aec18f3cb1e233669c9052f07272d5c7dbb0f2f0129f64635fe4b9f1d7a510fdfed990f1191a9a4" }, "geometry": { "type": "Polygon", "coordinates": [ [ [ 35.0, -15.0 ], [ 35.0, -10.0 ], [ 30.0, -10.0 ], [ 30.0, -15.0 ], [ 35.0, -15.0 ] ] ] } },
{ "type": "Feature", "properties": { "path": "./Height/africa/e030_s05_e035_s10.zip", "SHA512": "b6c5ceba801236168472ef4123a631c44f61d2d4fe7d79dc79bceeda59703e5c660edc8386f9e140f0ee65860d0ee84db336b0a5855fa669a35fc8764dcac990" }, "geometry": { "type": "Polygon", "coordinates": [ [ [ 35.0, -10.0 ], [ 35.0, -5.0 ], [ 30.0, -5.0 ], [ 30.0, -10.0 ], [ 35.0, -10.0 ] ] ] } },
{ "type": "Feature", "properties": { "path": "./Height/africa/e055_s20_e060_s25.zip", "SHA512": "52e4629e08a3f32688242dff93e371aa18a02ac4552cf42fd3afbe87d31d6ff01935cec267efba2a60e8dc3b37396a3a5b44dadf2d63a2733d7729501c3a4b87" }, "geometry": { "type": "Polygon", "coordinates": [ [ [ 60.0, -25.0 ], [ 60.0, -20.0 ], [ 55.0, -20.0 ], [ 55.0, -25.0 ], [ 60.0, -25.0 ] ] ] } },
{ "type": "Feature", "properties": { "path": "./Height/africa/e040_n25_e045_n20.zip", "SHA512": "6ed221d505ba7205fc3aa623eb352690fbe637ed724cd6951b5188999ae074ebe95fc97a2d1b00c5558d84fcd2284602f9b68cfef52c85cd84a1f056c0f082ea" }, "geometry": { "type": "Polygon", "coordinates": [ [ [ 45.0, 20.0 ], [ 45.0, 25.0 ], [ 40.0, 25.0 ], [ 40.0, 20.0 ], [ 45.0, 20.0 ] ] ] } },
{ "type": "Feature", "properties": { "path": "./Height/africa/w010_n15_w005_n10.zip", "SHA512": "b10266b076d6d25f9c5dcfa8b6fa9bb53360c68c88ce0e00b8ad81af8cbeb8ccb1ffc78f296b88da05a7e5e6d973eb77c8f68f108421ce23ab442a137e2ce284" }, "geometry": { "type": "Polygon", "coordinates": [ [ [ -5.0, 10.0 ], [ -5.0, 15.0 ], [ -10.0, 15.0 ], [ -10.0, 10.0 ], [ -5.0, 10.0 ] ] ] } },
{ "type": "Feature", "properties": { "path": "./Height/africa/e025_s25_e030_s30.zip", "SHA512": "d92774a5ab8526ad81ebe610e02c1eaed44d62c97996b93951c48b0d9aa1b163a6fec36bb84d90ccff90deefe1b292daf123f6359b32f5afccc33894d3eace99" }, "geometry": { "type": "Polygon", "coordinates": [ [ [ 30.0, -30.0 ], [ 30.0, -25.0 ], [ 25.0, -25.0 ], [ 25.0, -30.0 ], [ 30.0, -30.0 ] ] ] } },
{ "type": "Feature", "properties": { "path": "./Height/africa/e025_n10_e030_n05.zip", "SHA512": "bafc6d7df3aec3faf72ed94183960002031a248c43328a79ea9cc3f7a65d0fcde236fd4cff942734c9ded2c72c5859e2930d3e23cd23f53a91b81d5f06ed4399" }, "geometry": { "type": "Polygon", "coordinates": [ [ [ 30.0, 5.0 ], [ 30.0, 10.0 ], [ 25.0, 10.0 ], [ 25.0, 5.0 ], [ 30.0, 5.0 ] ] ] } },
{ "type": "Feature", "properties": { "path": "./Height/africa/e050_s05_e055_s10.zip", "SHA512": "0749b42980ab597bbccbd2298e867b36adbf3a64ffe022e6e49610cdc06cd27a63278fa2a12530bfc09526bed24dd17ef5aaa4beb6afa46e33e46435b6fd1772" }, "geometry": { "type": "Polygon", "coordinates": [ [ [ 55.0, -10.0 ], [ 55.0, -5.0 ], [ 50.0, -5.0 ], [ 50.0, -10.0 ], [ 55.0, -10.0 ] ] ] } },
{ "type": "Feature", "properties": { "path": "./Height/africa/w015_n15_w010_n10.zip", "SHA512": "de0894c3b14fa5fbf602f6cda21c76eed702a6f92295d2811f7d6e4849b91c3c725933b08b3b92c20ead1a6e9f7ad9b27a2ca79e233f39a015e20d9eb582c00f" }, "geometry": { "type": "Polygon", "coordinates": [ [ [ -10.0, 10.0 ], [ -10.0, 15.0 ], [ -15.0, 15.0 ], [ -15.0, 10.0 ], [ -10.0, 10.0 ] ] ] } },
{ "type": "Feature", "properties": { "path": "./Height/africa/w010_n05_w005_n00.zip", "SHA512": "1c000f614944c36a55ec7c48fc776d992748e25f369a33f97ae1b2ac599de68e4acba80adde5c5df7388b160a3a89b8766990de36359c6be585843570dbcf8df" }, "geometry": { "type": "Polygon", "coordinates": [ [ [ -5.0, 0.0 ], [ -5.0, 5.0 ], [ -10.0, 5.0 ], [ -10.0, 0.0 ], [ -5.0, 0.0 ] ] ] } },
{ "type": "Feature", "properties": { "path": "./Height/africa/e010_s15_e015_s20.zip", "SHA512": "751eb523706f21639fcf5cff4b7b7cc6890f0c7f5422872bc96670f0b9823f22303b98216e95ebed4038c29d5b8b2643b1e471092fbd92a8054737eb83dea1c0" }, "geometry": { "type": "Polygon", "coordinates": [ [ [ 15.0, -20.0 ], [ 15.0, -15.0 ], [ 10.0, -15.0 ], [ 10.0, -20.0 ], [ 15.0, -20.0 ] ] ] } },
{ "type": "Feature", "properties": { "path": "./Height/africa/e035_n40_e040_n35.zip", "SHA512": "a54724454cd43dcda6b3b1323207b7b47abbee20f4b663d57ee52f4298aa88245d8d5c2c532825600311da97fcfe213ef11bb5ca38954969d38936b3627d969b" }, "geometry": { "type": "Polygon", "coordinates": [ [ [ 40.0, 35.0 ], [ 40.0, 40.0 ], [ 35.0, 40.0 ], [ 35.0, 35.0 ], [ 40.0, 35.0 ] ] ] } },
{ "type": "Feature", "properties": { "path": "./Height/africa/e010_n35_e015_n30.zip", "SHA512": "09a6faf3f411e58f2c390407e2c56df3afd00825fdd4fb09f847f19bebb3b6b4bb300c1a70153b376b1e15388f45ef30f770c017ea2b07c21c944edbc74abc68" }, "geometry": { "type": "Polygon", "coordinates": [ [ [ 15.0, 30.0 ], [ 15.0, 35.0 ], [ 10.0, 35.0 ], [ 10.0, 30.0 ], [ 15.0, 30.0 ] ] ] } },
{ "type": "Feature", "properties": { "path": "./Height/africa/e055_n25_e060_n20.zip", "SHA512": "893adb9d462b736efd54d7b122963b311ec00f9da129f08a5f3b252f5596eb8f0b06eef7baa04b778eec1dd98798da69799dd0d543001edaf676c0338dd845ff" }, "geometry": { "type": "Polygon", "coordinates": [ [ [ 60.0, 20.0 ], [ 60.0, 25.0 ], [ 55.0, 25.0 ], [ 55.0, 20.0 ], [ 60.0, 20.0 ] ] ] } },
{ "type": "Feature", "properties": { "path": "./Height/africa/e020_n10_e025_n05.zip", "SHA512": "c806d154f4238f4cfa8690485151b1f504bc90dc19604a6beab3e0e6bbb5546522a1875f0c43cd12f7ac3e8656d8b36298210ba7ee256a2e087830b6e04e4026" }, "geometry": { "type": "Polygon", "coordinates": [ [ [ 25.0, 5.0 ], [ 25.0, 10.0 ], [ 20.0, 10.0 ], [ 20.0, 5.0 ], [ 25.0, 5.0 ] ] ] } },
{ "type": "Feature", "properties": { "path": "./Height/africa/e005_n00_e010_s05.zip", "SHA512": "b9e6dcb6acac22355d6b1fe878c1079fa8861bd750d3cff012d0c61e369f6bc708abc7e1faf6ddc5714a20ecfd0f81ec3f79b1d3b84a942b4f7d3e68b3013575" }, "geometry": { "type": "Polygon", "coordinates": [ [ [ 10.0, -5.0 ], [ 10.0, 0.0 ], [ 5.0, 0.0 ], [ 5.0, -5.0 ], [ 10.0, -5.0 ] ] ] } },
{ "type": "Feature", "properties": { "path": "./Height/africa/e045_s25_e050_s30.zip", "SHA512": "eed90feabb8e425216c3649ded9b8dd03c5b36f7eb076fe732fab733d089100b33663ec6e57ca5dfff3d3fba11eaf659873a4b3eed17919288a21909889a8ca1" }, "geometry": { "type": "Polygon", "coordinates": [ [ [ 50.0, -30.0 ], [ 50.0, -25.0 ], [ 45.0, -25.0 ], [ 45.0, -30.0 ], [ 50.0, -30.0 ] ] ] } },
{ "type": "Feature", "properties": { "path": "./Height/africa/e045_n30_e050_n25.zip", "SHA512": "e54b458594f8e06b040edd558705bf089fe86c93954ce7433fb73eb6432db985c227953e96655312ef17706920f98add93a67df073365c78f343b2929752313d" }, "geometry": { "type": "Polygon", "coordinates": [ [ [ 50.0, 25.0 ], [ 50.0, 30.0 ], [ 45.0, 30.0 ], [ 45.0, 25.0 ], [ 50.0, 25.0 ] ] ] } },
{ "type": "Feature", "properties": { "path": "./Height/africa/e045_n05_e050_n00.zip", "SHA512": "184b50365c79ed21ab693afe0086533d891a726980ef73b9525e0869b9c4e481431b522f836ce073ebeb8521a7f67859d9898f8d2caa414ef83cd6af5d80578e" }, "geometry": { "type": "Polygon", "coordinates": [ [ [ 50.0, 0.0 ], [ 50.0, 5.0 ], [ 45.0, 5.0 ], [ 45.0, 0.0 ], [ 50.0, 0.0 ] ] ] } },
{ "type": "Feature", "properties": { "path": "./Height/africa/e010_n00_e015_s05.zip", "SHA512": "6d42d8dab8402b141d196323ab0fc40a5fa19e0b9784f00e7077bad75be66c9d2340a50de5139f89976b6342074fee486098c481a8114151bddeef8f0838fcfe" }, "geometry": { "type": "Polygon", "coordinates": [ [ [ 15.0, -5.0 ], [ 15.0, 0.0 ], [ 10.0, 0.0 ], [ 10.0, -5.0 ], [ 15.0, -5.0 ] ] ] } },
{ "type": "Feature", "properties": { "path": "./Height/africa/e020_s10_e025_s15.zip", "SHA512": "49a1f4c8f881c6531b5a99f52faa8a3527c0090caaebe73c66550eac63c8d06fc35b72e2255bab1bd652f2ce37a76319dcf7ba4234c3454612c7350d7fe50903" }, "geometry": { "type": "Polygon", "coordinates": [ [ [ 25.0, -15.0 ], [ 25.0, -10.0 ], [ 20.0, -10.0 ], [ 20.0, -15.0 ], [ 25.0, -15.0 ] ] ] } },
{ "type": "Feature", "properties": { "path": "./Height/africa/w025_n15_w020_n10.zip", "SHA512": "d88e43104bea9df89ff2cd64a0f9a9b198eec7c7adf2a3c0649b7c36e2b73b6e5924f5b38ce3d2a0eeeda4da50107cec77a369952578ccf1475ddaf9cd33b3b0" }, "geometry": { "type": "Polygon", "coordinates": [ [ [ -20.0, 10.0 ], [ -20.0, 15.0 ], [ -25.0, 15.0 ], [ -25.0, 10.0 ], [ -20.0, 10.0 ] ] ] } },
{ "type": "Feature", "properties": { "path": "./Height/africa/e000_n25_e005_n20.zip", "SHA512": "849051f70ebda93c24c739200e2671db0ccd61aaf2914e10a7df70ba67fe1dd48b9be644f93b15be88b594269962f8e69e5f10fd37bdc41a1a351ff71ba35da2" }, "geometry": { "type": "Polygon", "coordinates": [ [ [ 5.0, 20.0 ], [ 5.0, 25.0 ], [ 0.0, 25.0 ], [ 0.0, 20.0 ], [ 5.0, 20.0 ] ] ] } },
{ "type": "Feature", "properties": { "path": "./Height/africa/w025_n20_w020_n15.zip", "SHA512": "f094c0e16b51f9f492e8e93d7b6dbc9d10457dd4a5e05c72994f26fa4dda4a40b4fcfa15ec3839770fc811c0b06642af746722fa777921fffeef27cdf8eed4a9" }, "geometry": { "type": "Polygon", "coordinates": [ [ [ -20.0, 15.0 ], [ -20.0, 20.0 ], [ -25.0, 20.0 ], [ -25.0, 15.0 ], [ -20.0, 15.0 ] ] ] } },
{ "type": "Feature", "properties": { "path": "./Height/africa/e015_s30_e020_s35.zip", "SHA512": "fe75824e3f6b5669603b7423e77f0533df5407991ee8005a7aa71b818b08e048d94ca4fe4b173c1189138857d10f1dbe01a46421f6e90304e575398312a60fd8" }, "geometry": { "type": "Polygon", "coordinates": [ [ [ 20.0, -35.0 ], [ 20.0, -30.0 ], [ 15.0, -30.0 ], [ 15.0, -35.0 ], [ 20.0, -35.0 ] ] ] } },
{ "type": "Feature", "properties": { "path": "./Height/africa/e030_s20_e035_s25.zip", "SHA512": "f8fad715fcd2ba2c92c1e148fddacf5ccb9c7bfc26a6429cbbe0aaba120a9a585bb3a7e092d62284dfea4d63780f0a9140e429f08433da58d7ad3859112c48b9" }, "geometry": { "type": "Polygon", "coordinates": [ [ [ 35.0, -25.0 ], [ 35.0, -20.0 ], [ 30.0, -20.0 ], [ 30.0, -25.0 ], [ 35.0, -25.0 ] ] ] } },
{ "type": "Feature", "properties": { "path": "./Height/africa/e005_n05_e010_n00.zip", "SHA512": "057233426b881166d6005d679ae345cac6b7f82af558f95a2c3da7363bb57e5314754f17a266b87e95691815524fe429eef679324096b1d0604fa848d1c18550" }, "geometry": { "type": "Polygon", "coordinates": [ [ [ 10.0, 0.0 ], [ 10.0, 5.0 ], [ 5.0, 5.0 ], [ 5.0, 0.0 ], [ 10.0, 0.0 ] ] ] } },
{ "type": "Feature", "properties": { "path": "./Height/africa/e030_s25_e035_s30.zip", "SHA512": "0080e6ff344080c42f26ba312239f5b85373f6518a6744999474137ecff5937c242f7f9fbb5cde0857d5c678ba3a030b10c3970dad6b0697a48f8992f06b2ea6" }, "geometry": { "type": "Polygon", "coordinates": [ [ [ 35.0, -30.0 ], [ 35.0, -25.0 ], [ 30.0, -25.0 ], [ 30.0, -30.0 ], [ 35.0, -30.0 ] ] ] } },
{ "type": "Feature", "properties": { "path": "./Height/africa/e050_n20_e055_n15.zip", "SHA512": "543314e663af129b519af1098ab79dd8ea06dcb202215dcd2672f9d2a1b65e94ec4dc4f3f3e636e9342edfe5830bb79ed27b345014318f03fe82ae9983d20143" }, "geometry": { "type": "Polygon", "coordinates": [ [ [ 55.0, 15.0 ], [ 55.0, 20.0 ], [ 50.0, 20.0 ], [ 50.0, 15.0 ], [ 55.0, 15.0 ] ] ] } },
{ "type": "Feature", "properties": { "path": "./Height/africa/e015_n30_e020_n25.zip", "SHA512": "f2424c1efc4cf686a785c2621573c0656e856f297f0ec7ae614f3fce8f41c592a855550cfc545fc9dd3d61a31253f8b87743eb838f998f84e879003be7e43d6b" }, "geometry": { "type": "Polygon", "coordinates": [ [ [ 20.0, 25.0 ], [ 20.0, 30.0 ], [ 15.0, 30.0 ], [ 15.0, 25.0 ], [ 20.0, 25.0 ] ] ] } },
{ "type": "Feature", "properties": { "path": "./Height/africa/e035_n05_e040_n00.zip", "SHA512": "535efb5c82183a965bb3248d2d395bee5d9aca70b1c9058966a4e38068ac2968a90adaa6d58c2044482b587654f7755be2b00f0fe83e864bebabc48f7c21aa0d" }, "geometry": { "type": "Polygon", "coordinates": [ [ [ 40.0, 0.0 ], [ 40.0, 5.0 ], [ 35.0, 5.0 ], [ 35.0, 0.0 ], [ 40.0, 0.0 ] ] ] } },
{ "type": "Feature", "properties": { "path": "./Height/africa/e020_s05_e025_s10.zip", "SHA512": "3d321e25e5dc2a0ca6fc7838a13191ad7dbbac7868b3e5db1081111c21236f44484f2ead962b10d937856f12dba16aebf1234d5f55169a245d61bcec7ae0076a" }, "geometry": { "type": "Polygon", "coordinates": [ [ [ 25.0, -10.0 ], [ 25.0, -5.0 ], [ 20.0, -5.0 ], [ 20.0, -10.0 ], [ 25.0, -10.0 ] ] ] } },
{ "type": "Feature", "properties": { "path": "./Height/africa/w020_n25_w015_n20.zip", "SHA512": "3986238af14f3539394a6a5536ddba5bf5306d39f9b52740a85337bf2ae4f3853338e76afc23bb3390bba7d421b412f760cae00522d954d55d54a0e050652359" }, "geometry": { "type": "Polygon", "coordinates": [ [ [ -15.0, 20.0 ], [ -15.0, 25.0 ], [ -20.0, 25.0 ], [ -20.0, 20.0 ], [ -15.0, 20.0 ] ] ] } },
{ "type": "Feature", "properties": { "path": "./Height/africa/e035_s10_e040_s15.zip", "SHA512": "6ecfdcb5e7eeffa8dd2430d504edbd32db795c6344a722cc16961c553b1f8e7df2e34d37e3cd01c70489c143c5e87f5ab52a5d6132fb928021258a28bdcf0ddc" }, "geometry": { "type": "Polygon", "coordinates": [ [ [ 40.0, -15.0 ], [ 40.0, -10.0 ], [ 35.0, -10.0 ], [ 35.0, -15.0 ], [ 40.0, -15.0 ] ] ] } },
{ "type": "Feature", "properties": { "path": "./Height/africa/e015_n35_e020_n30.zip", "SHA512": "a319ddc933d0edd249f199a4e12debc6cc5693d6e864746cc3d55d8f3c4427ed3cbb1a1acd3be5a8a6e44c6b604a81dd6838f3e4d2f1d39af1bd484368264a42" }, "geometry": { "type": "Polygon", "coordinates": [ [ [ 20.0, 30.0 ], [ 20.0, 35.0 ], [ 15.0, 35.0 ], [ 15.0, 30.0 ], [ 20.0, 30.0 ] ] ] } },
{ "type": "Feature", "properties": { "path": "./Height/africa/e040_n00_e045_s05.zip", "SHA512": "b357b9d61949bd4551c1498627b31b3eeff90e8f3909808d07ec0d133d12a81c29f9e35be4ff387d1f82079760a7ec24a58a5989771c3c11590d5c866f04dd5e" }, "geometry": { "type": "Polygon", "coordinates": [ [ [ 45.0, -5.0 ], [ 45.0, 0.0 ], [ 40.0, 0.0 ], [ 40.0, -5.0 ], [ 45.0, -5.0 ] ] ] } },
{ "type": "Feature", "properties": { "path": "./Height/africa/w010_n20_w005_n15.zip", "SHA512": "2d7a22d75f9ab4f2bbecf6ce33122a400617c5b834b276337ba5b5adef176333cdd52703de1ecafd075d8bec78fd7e0dddbb6970052baba61841fb281dd46935" }, "geometry": { "type": "Polygon", "coordinates": [ [ [ -5.0, 15.0 ], [ -5.0, 20.0 ], [ -10.0, 20.0 ], [ -10.0, 15.0 ], [ -5.0, 15.0 ] ] ] } },
{ "type": "Feature", "properties": { "path": "./Height/africa/e035_n25_e040_n20.zip", "SHA512": "86f2e452118e29fffa4e764bb7605fd44aabfd670d7c5ca79c73bb7fecf16dfed8b9f0ef20108cd4b95c00619139d15c1ad7f9d99be0d39c8485687f26133b80" }, "geometry": { "type": "Polygon", "coordinates": [ [ [ 40.0, 20.0 ], [ 40.0, 25.0 ], [ 35.0, 25.0 ], [ 35.0, 20.0 ], [ 40.0, 20.0 ] ] ] } },
{ "type": "Feature", "properties": { "path": "./Height/africa/e000_n35_e005_n30.zip", "SHA512": "d3e42314e5a5471d99a82ab14415944a6b2dd1cd4837057064b367eca125bd66f185f2d1f1f30b62bd14da5fe4b6cbfd9e4ec9fe8f8e603e3c5dfd7e97a68077" }, "geometry": { "type": "Polygon", "coordinates": [ [ [ 5.0, 30.0 ], [ 5.0, 35.0 ], [ 0.0, 35.0 ], [ 0.0, 30.0 ], [ 5.0, 30.0 ] ] ] } },
{ "type": "Feature", "properties": { "path": "./Height/africa/e035_s15_e040_s20.zip", "SHA512": "7cc4a557ec9ff3793e56c15d473f41f2709125eac95bfc58ce5ddc264178ca4198350c655d9eb848f4af7d01e4b3bf4795798b71fb00acc1166ab53e87233d48" }, "geometry": { "type": "Polygon", "coordinates": [ [ [ 40.0, -20.0 ], [ 40.0, -15.0 ], [ 35.0, -15.0 ], [ 35.0, -20.0 ], [ 40.0, -20.0 ] ] ] } },
{ "type": "Feature", "properties": { "path": "./Height/africa/e040_s25_e045_s30.zip", "SHA512": "140197076e84c5505ef19aa440789981099478deab6775ad1b41f52c4a10e1fadc4a64266f17b848fef1ef631f2426c808e64aa910ddc601296cd31e9a6e9166" }, "geometry": { "type": "Polygon", "coordinates": [ [ [ 45.0, -30.0 ], [ 45.0, -25.0 ], [ 40.0, -25.0 ], [ 40.0, -30.0 ], [ 45.0, -30.0 ] ] ] } },
{ "type": "Feature", "properties": { "path": "./Height/africa/e040_s20_e045_s25.zip", "SHA512": "4c338158113fbd574ea5df59d9c565b8f8fcb0cd3f926f81aef44c4ae56b5ffd84140787a2563992606ef36bead7ab7348d061645aa57df7fcd89f725acb4863" }, "geometry": { "type": "Polygon", "coordinates": [ [ [ 45.0, -25.0 ], [ 45.0, -20.0 ], [ 40.0, -20.0 ], [ 40.0, -25.0 ], [ 45.0, -25.0 ] ] ] } },
{ "type": "Feature", "properties": { "path": "./Height/africa/w010_n40_w005_n35.zip", "SHA512": "59eb40740c51c69b89e34e5389306a5a31805e93822a198a1332d34a42bd28be83e46bcccbc32b13f717dfc376817f8e05f6d61b227b51aec47fb1cfd85a5ed2" }, "geometry": { "type": "Polygon", "coordinates": [ [ [ -5.0, 35.0 ], [ -5.0, 40.0 ], [ -10.0, 40.0 ], [ -10.0, 35.0 ], [ -5.0, 35.0 ] ] ] } },
{ "type": "Feature", "properties": { "path": "./Height/africa/e050_n15_e055_n10.zip", "SHA512": "d4c8fea45d4542dfe92ed4c875f271b65a800cdb4200444f24190cd8563b7aa894f4cf7dbe37eb578fbc986ce1dd1fc384b339569051b7abdce86b2337536929" }, "geometry": { "type": "Polygon", "coordinates": [ [ [ 55.0, 10.0 ], [ 55.0, 15.0 ], [ 50.0, 15.0 ], [ 50.0, 10.0 ], [ 55.0, 10.0 ] ] ] } },
{ "type": "Feature", "properties": { "path": "./Height/africa/e045_n20_e050_n15.zip", "SHA512": "e7de53daa7c0047c22f464d3ad8c66d9fb138b214c2873fcaadb5d7bdb5ccfd61ca995cbeb6ed6f06f0803b0f39f0aa3efe7d226c5a312eb2c211ea13a97a639" }, "geometry": { "type": "Polygon", "coordinates": [ [ [ 50.0, 15.0 ], [ 50.0, 20.0 ], [ 45.0, 20.0 ], [ 45.0, 15.0 ], [ 50.0, 15.0 ] ] ] } },
{ "type": "Feature", "properties": { "path": "./Height/africa/e025_n40_e030_n35.zip", "SHA512": "a18749850f01ee13d72e4f628ac091e0cb689dd4e2a1deda6956b53b021b4f961fd9fbcbf9f67cb2d9519606c8b3cc4d452b61b71906cccd4e302d0c5d660c71" }, "geometry": { "type": "Polygon", "coordinates": [ [ [ 30.0, 35.0 ], [ 30.0, 40.0 ], [ 25.0, 40.0 ], [ 25.0, 35.0 ], [ 30.0, 35.0 ] ] ] } },
{ "type": "Feature", "properties": { "path": "./Height/africa/e005_n35_e010_n30.zip", "SHA512": "cb99cb1589bb6a0bdde33e2d249027f2a2dd3f387441ea167058e8f55c7f72cd672c469ce28702ad87edff2414f2ab59d215e950842f25162d21ea6985916a29" }, "geometry": { "type": "Polygon", "coordinates": [ [ [ 10.0, 30.0 ], [ 10.0, 35.0 ], [ 5.0, 35.0 ], [ 5.0, 30.0 ], [ 10.0, 30.0 ] ] ] } },
{ "type": "Feature", "properties": { "path": "./Height/africa/e015_n40_e020_n35.zip", "SHA512": "8d672f64ee1207eb39695eeead7673828864c2d90d1705eba3b6a1114d3771d8704e6f3c5308dd0ee2836f42dac5bdf5f1399c662a565f78691e2f7b56e7b673" }, "geometry": { "type": "Polygon", "coordinates": [ [ [ 20.0, 35.0 ], [ 20.0, 40.0 ], [ 15.0, 40.0 ], [ 15.0, 35.0 ], [ 20.0, 35.0 ] ] ] } },
{ "type": "Feature", "properties": { "path": "./Height/africa/w005_n15_e000_n10.zip", "SHA512": "d796a8082bea40b6d9fa396569879681e1ec7be8dfe72ba70ab271f4aed9c0f7e15cc4c8ac731341e4e67e2699677c4aaa4df4d12e94aeccb89a7b3709694137" }, "geometry": { "type": "Polygon", "coordinates": [ [ [ 0.0, 10.0 ], [ 0.0, 15.0 ], [ -5.0, 15.0 ], [ -5.0, 10.0 ], [ 0.0, 10.0 ] ] ] } },
{ "type": "Feature", "properties": { "path": "./Height/africa/e015_n20_e020_n15.zip", "SHA512": "99147cdd68f91d5d6d6589f746625a438043171c98a9425f6b844eaf48aeb6357f5eea88bb825b7652798747dac6420cc70f3f81af981b311811872476a64c42" }, "geometry": { "type": "Polygon", "coordinates": [ [ [ 20.0, 15.0 ], [ 20.0, 20.0 ], [ 15.0, 20.0 ], [ 15.0, 15.0 ], [ 20.0, 15.0 ] ] ] } },
{ "type": "Feature", "properties": { "path": "./Height/northamerica/w125_n60_w120_n55.zip", "SHA512": "a77a73524611316e84094a9e06a0fda620d09b06d1bab2e5bb665a78574a203d5add18b21137dd87ce1efe1a6fd9eca00b97882704f5b8dc2965d85cae0b7b3f" }, "geometry": { "type": "Polygon", "coordinates": [ [ [ -120.0, 55.0 ], [ -120.0, 60.0 ], [ -125.0, 60.0 ], [ -125.0, 55.0 ], [ -120.0, 55.0 ] ] ] } },
{ "type": "Feature", "properties": { "path": "./Height/northamerica/w110_n30_w105_n25.zip", "SHA512": "b0b150b5df7e870e997eb77eda52d92ee6b57e13725f6309ef0a16182bff8b1641283cede0e62084361fa9b186ceaa6e4be1e04c70aebcc89712ec9b7d9dbb2d" }, "geometry": { "type": "Polygon", "coordinates": [ [ [ -105.0, 25.0 ], [ -105.0, 30.0 ], [ -110.0, 30.0 ], [ -110.0, 25.0 ], [ -105.0, 25.0 ] ] ] } },
{ "type": "Feature", "properties": { "path": "./Height/northamerica/w050_n65_w045_n60.zip", "SHA512": "93ffc7f0fc39387cd13753d1f09f7fce9c1134fc2aad864ddb3607825c4444c1422670fd2091b5112e5784b18dbd87fa933d55739a692a48c98ec9b7cfb804b4" }, "geometry": { "type": "Polygon", "coordinates": [ [ [ -45.0, 60.0 ], [ -45.0, 65.0 ], [ -50.0, 65.0 ], [ -50.0, 60.0 ], [ -45.0, 60.0 ] ] ] } },
{ "type": "Feature", "properties": { "path": "./Height/northamerica/w080_n25_w075_n20.zip", "SHA512": "61d33bccc7f4fda44a79b2a652bd019e94135a8e418cd55d838f16a35108a92b14913b0eeaa035b7b18eb7306015baa1d622d9e868e457653311642cd76d1dae" }, "geometry": { "type": "Polygon", "coordinates": [ [ [ -75.0, 20.0 ], [ -75.0, 25.0 ], [ -80.0, 25.0 ], [ -80.0, 20.0 ], [ -75.0, 20.0 ] ] ] } },
{ "type": "Feature", "properties": { "path": "./Height/northamerica/w120_n50_w115_n45.zip", "SHA512": "48e3abf79fe44e90436a8b7d0d48cceb38909d678a18426aaefd0f38b703852a3f23883437f838714355c50c0ee51d3699996ee6aa35d1081f5c63f51c768b98" }, "geometry": { "type": "Polygon", "coordinates": [ [ [ -115.0, 45.0 ], [ -115.0, 50.0 ], [ -120.0, 50.0 ], [ -120.0, 45.0 ], [ -115.0, 45.0 ] ] ] } },
{ "type": "Feature", "properties": { "path": "./Height/northamerica/w125_n55_w120_n50.zip", "SHA512": "5c2fb1b23eff32d432a929eebcfba769bc77e133634752ffe8adcdcb326e00de9c8ea006c00e0b8a2b0dc14804c453c4740cfe42d8e8fc20460759b19e1cd90c" }, "geometry": { "type": "Polygon", "coordinates": [ [ [ -120.0, 50.0 ], [ -120.0, 55.0 ], [ -125.0, 55.0 ], [ -125.0, 50.0 ], [ -120.0, 50.0 ] ] ] } },
{ "type": "Feature", "properties": { "path": "./Height/northamerica/w150_n60_w145_n55.zip", "SHA512": "8ffd6d23948ccef234d112a27bf783fb0c8bec6082761625dc36df24e50c03c894bff0f974d2de06b4f89941bc3ed17f13c9fc0cae530ab159fd5c80949b8c2d" }, "geometry": { "type": "Polygon", "coordinates": [ [ [ -145.0, 55.0 ], [ -145.0, 60.0 ], [ -150.0, 60.0 ], [ -150.0, 55.0 ], [ -145.0, 55.0 ] ] ] } },
{ "type": "Feature", "properties": { "path": "./Height/northamerica/w085_n55_w080_n50.zip", "SHA512": "9da651ab0758c42b62e58815ac6837bdd18440659f032100eb4ec987e66cf8232605c67f4322793f5a876dff0e44e726b2eaedf8dc58bd82c87b22b64bef25ed" }, "geometry": { "type": "Polygon", "coordinates": [ [ [ -80.0, 50.0 ], [ -80.0, 55.0 ], [ -85.0, 55.0 ], [ -85.0, 50.0 ], [ -80.0, 50.0 ] ] ] } },
{ "type": "Feature", "properties": { "path": "./Height/northamerica/w085_n20_w080_n15.zip", "SHA512": "6aa613c0c2fe62aa6ef7245ae5e552e8a8e5c61a4e4202c7a03e7a737ef38fecc582319b37b2bdd923ba24db6169741920e4b9a0f7acb36258b880f90247d833" }, "geometry": { "type": "Polygon", "coordinates": [ [ [ -80.0, 15.0 ], [ -80.0, 20.0 ], [ -85.0, 20.0 ], [ -85.0, 15.0 ], [ -80.0, 15.0 ] ] ] } },
{ "type": "Feature", "properties": { "path": "./Height/northamerica/w135_n65_w130_n60.zip", "SHA512": "d1ceb1e2d076a1a74635925021e2c0bb8f0360f1f9b0a21c18997a6b043ad0afdec0b0e226f307df74e09a05ada305303b58cf82a67a73f8a9405d4bcee6c4e9" }, "geometry": { "type": "Polygon", "coordinates": [ [ [ -130.0, 60.0 ], [ -130.0, 65.0 ], [ -135.0, 65.0 ], [ -135.0, 60.0 ], [ -130.0, 60.0 ] ] ] } },
{ "type": "Feature", "properties": { "path": "./Height/northamerica/w120_n60_w115_n55.zip", "SHA512": "18029a943862a0ee978bc8d759fc5556f1cf1c04ad669b3cebb098e59ec447577c91993976cbacaecbf8776248eedd8ecd49fec1b202f72eaa44d66df1411b79" }, "geometry": { "type": "Polygon", "coordinates": [ [ [ -115.0, 55.0 ], [ -115.0, 60.0 ], [ -120.0, 60.0 ], [ -120.0, 55.0 ], [ -115.0, 55.0 ] ] ] } },
{ "type": "Feature", "properties": { "path": "./Height/northamerica/w060_n55_w055_n50.zip", "SHA512": "cc756a57e65f20d8693949ebbfa374c587f34a63eb5b450a09fea0d6a8d6f90296cbd357f4d78f44a3b0a719a08f276100eb3a0454957ddeed3cf544778e8849" }, "geometry": { "type": "Polygon", "coordinates": [ [ [ -55.0, 50.0 ], [ -55.0, 55.0 ], [ -60.0, 55.0 ], [ -60.0, 50.0 ], [ -55.0, 50.0 ] ] ] } },
{ "type": "Feature", "properties": { "path": "./Height/northamerica/w155_n60_w150_n55.zip", "SHA512": "c8148fa031350e4ed26a090c9c6d15cec81d201f221f4fd1ee3beda0d3d0e6b5b7c001759521a07dfab1566ea66a11c0185185bdccb80e358fcf9a69c56b398a" }, "geometry": { "type": "Polygon", "coordinates": [ [ [ -150.0, 55.0 ], [ -150.0, 60.0 ], [ -155.0, 60.0 ], [ -155.0, 55.0 ], [ -150.0, 55.0 ] ] ] } },
{ "type": "Feature", "properties": { "path": "./Height/northamerica/w115_n55_w110_n50.zip", "SHA512": "92018743b151c8c5829ac2a871984cedfccc76873d8665a3cd935390db163f9bbaf24094464054e32a405be8635f1b8d521d18c5f99ae5f9d9ef24d6bca08088" }, "geometry": { "type": "Polygon", "coordinates": [ [ [ -110.0, 50.0 ], [ -110.0, 55.0 ], [ -115.0, 55.0 ], [ -115.0, 50.0 ], [ -110.0, 50.0 ] ] ] } },
{ "type": "Feature", "properties": { "path": "./Height/northamerica/w085_n50_w080_n45.zip", "SHA512": "015e3449a6b8f3b35d6574dd18076e7e08cb12bfd6761d811642a3c00309f6ca8e1801751f69b27f97bfb96d14f393492ecd77ed6fdbe3bbd650a9b244a28e9c" }, "geometry": { "type": "Polygon", "coordinates": [ [ [ -80.0, 45.0 ], [ -80.0, 50.0 ], [ -85.0, 50.0 ], [ -85.0, 45.0 ], [ -80.0, 45.0 ] ] ] } },
{ "type": "Feature", "properties": { "path": "./Height/northamerica/w085_n30_w080_n25.zip", "SHA512": "20ae4873200c2cbf14e7aa913152370387859a26816ffd55d7df8b9c11773a0994b1d45ed9f77279540113fc514255f6eba3433d5d3370c0297212994a8536f1" }, "geometry": { "type": "Polygon", "coordinates": [ [ [ -80.0, 25.0 ], [ -80.0, 30.0 ], [ -85.0, 30.0 ], [ -85.0, 25.0 ], [ -80.0, 25.0 ] ] ] } },
{ "type": "Feature", "properties": { "path": "./Height/northamerica/w145_n75_w140_n70.zip", "SHA512": "21b1e5e5875cf0c48fb6b00130976412b88b4dbc59fbf1b8514046d00dabc2be6aeb2500c71e9304c9249151a85aaadfafeb3ec1269016fa30d4086c8d635c52" }, "geometry": { "type": "Polygon", "coordinates": [ [ [ -140.0, 70.0 ], [ -140.0, 75.0 ], [ -145.0, 75.0 ], [ -145.0, 70.0 ], [ -140.0, 70.0 ] ] ] } },
{ "type": "Feature", "properties": { "path": "./Height/northamerica/w165_n65_w160_n60.zip", "SHA512": "a49b8ca96de43985ad5b05eea3f4efd315a0d5c5f987be433ee57fccc3265ab6972aecf288f169e88c01477c75c574a298131e0c5f9c9c82f8c2a5fddce41a8d" }, "geometry": { "type": "Polygon", "coordinates": [ [ [ -160.0, 60.0 ], [ -160.0, 65.0 ], [ -165.0, 65.0 ], [ -165.0, 60.0 ], [ -160.0, 60.0 ] ] ] } },
{ "type": "Feature", "properties": { "path": "./Height/northamerica/w080_n55_w075_n50.zip", "SHA512": "5dd5a1b42854d7e3872b49f5419f31ffea5aeef1b634f49c802beb0801de880cbac1feb523ede4162ad7957dd0d772bf0d6c2fbe987da823951b9d7bc3c414ee" }, "geometry": { "type": "Polygon", "coordinates": [ [ [ -75.0, 50.0 ], [ -75.0, 55.0 ], [ -80.0, 55.0 ], [ -80.0, 50.0 ], [ -75.0, 50.0 ] ] ] } },
{ "type": "Feature", "properties": { "path": "./Height/northamerica/w100_n65_w095_n60.zip", "SHA512": "e1e584e338ba9cdcae94b7cdd930b22e1a2a9105bfa6d55938fbd70dfbd6a4e88e23c6479fedde8dfeb63b7a51272058155af971092a8aaf472b92e7f270bdd3" }, "geometry": { "type": "Polygon", "coordinates": [ [ [ -95.0, 60.0 ], [ -95.0, 65.0 ], [ -100.0, 65.0 ], [ -100.0, 60.0 ], [ -95.0, 60.0 ] ] ] } },
{ "type": "Feature", "properties": { "path": "./Height/northamerica/w075_n55_w070_n50.zip", "SHA512": "7757e1505bd662c80c594dbb35abdba57b9fc8fb7e63751cc01ad05ea43c81a54c200d9e67458d0acae45abbf58eb1f89b2800f98b9c808594a1b441ccbc010d" }, "geometry": { "type": "Polygon", "coordinates": [ [ [ -70.0, 50.0 ], [ -70.0, 55.0 ], [ -75.0, 55.0 ], [ -75.0, 50.0 ], [ -70.0, 50.0 ] ] ] } },
{ "type": "Feature", "properties": { "path": "./Height/northamerica/w160_n75_w155_n70.zip", "SHA512": "db838aa1aeff0a5e531ae568478d0b77af18f9a166758c35461e13d942ec34f4a227a600bc576c0ec840f1aa15b58bd87a2b65739ef6b59b544b067494bf287f" }, "geometry": { "type": "Polygon", "coordinates": [ [ [ -155.0, 70.0 ], [ -155.0, 75.0 ], [ -160.0, 75.0 ], [ -160.0, 70.0 ], [ -155.0, 70.0 ] ] ] } },
{ "type": "Feature", "properties": { "path": "./Height/northamerica/w095_n25_w090_n20.zip", "SHA512": "82976621abedf168f04f02b29d5df781ba002b06d726036eef431909f6b2348364f60d248dbdd12504da56f1b87179a7661d4d218a51512ff4bc0a0a999da511" }, "geometry": { "type": "Polygon", "coordinates": [ [ [ -90.0, 20.0 ], [ -90.0, 25.0 ], [ -95.0, 25.0 ], [ -95.0, 20.0 ], [ -90.0, 20.0 ] ] ] } },
{ "type": "Feature", "properties": { "path": "./Height/northamerica/w110_n40_w105_n35.zip", "SHA512": "54c535d445f9d956199e360511710f74657a15b3385215f3a5116cb8fddff739f34e423335b72ef4055297b8879d2e1650c5ed4c5029c5cead37044e63add616" }, "geometry": { "type": "Polygon", "coordinates": [ [ [ -105.0, 35.0 ], [ -105.0, 40.0 ], [ -110.0, 40.0 ], [ -110.0, 35.0 ], [ -105.0, 35.0 ] ] ] } },
{ "type": "Feature", "properties": { "path": "./Height/northamerica/w080_n60_w075_n55.zip", "SHA512": "8b1b21ce7645f5caf6306d0c564adf8023b071a9620b6701553d0d86e909a1f43481054ff30dd01a53f10b782f4531bd40ec67445effe23a2678a10bcb506850" }, "geometry": { "type": "Polygon", "coordinates": [ [ [ -75.0, 55.0 ], [ -75.0, 60.0 ], [ -80.0, 60.0 ], [ -80.0, 55.0 ], [ -75.0, 55.0 ] ] ] } },
{ "type": "Feature", "properties": { "path": "./Height/northamerica/w145_n60_w140_n55.zip", "SHA512": "e8aad28525f79087c9f76598028761f3e1d370553a88542dd266ebc96573ac5de8089b1774d88f15d414cb2ccf645fcbad6bc08b95cc9e03b5d3dc7a1bbb9b90" }, "geometry": { "type": "Polygon", "coordinates": [ [ [ -140.0, 55.0 ], [ -140.0, 60.0 ], [ -145.0, 60.0 ], [ -145.0, 55.0 ], [ -140.0, 55.0 ] ] ] } },
{ "type": "Feature", "properties": { "path": "./Height/northamerica/w170_n20_w165_n15.zip", "SHA512": "425cd1f310ba73811374430a65f5b5285972c79a6a266aefbc0725b40d402542542facccb95f16772a6883c6cebe93894b741502d90139d956ca012a688a4275" }, "geometry": { "type": "Polygon", "coordinates": [ [ [ -165.0, 15.0 ], [ -165.0, 20.0 ], [ -170.0, 20.0 ], [ -170.0, 15.0 ], [ -165.0, 15.0 ] ] ] } },
{ "type": "Feature", "properties": { "path": "./Height/northamerica/w095_n75_w090_n70.zip", "SHA512": "80c746baeaf3df81834c70ed200af3b0d23dc7e63ec4f335682967508da7d86289547ddce351f94275c827135e7a390772fe3ca1e8f5122f2e5025b4dbfb59e8" }, "geometry": { "type": "Polygon", "coordinates": [ [ [ -90.0, 70.0 ], [ -90.0, 75.0 ], [ -95.0, 75.0 ], [ -95.0, 70.0 ], [ -90.0, 70.0 ] ] ] } },
{ "type": "Feature", "properties": { "path": "./Height/northamerica/w110_n70_w105_n65.zip", "SHA512": "5c452e72b93751d2fdd869e730b7a95366f2ff2a7303ef88b9797b5f4f676e0916f161d5a6dfe4d0cb645904c424cf0fdccbf262aadc2cbe49aa83133b41eb1f" }, "geometry": { "type": "Polygon", "coordinates": [ [ [ -105.0, 65.0 ], [ -105.0, 70.0 ], [ -110.0, 70.0 ], [ -110.0, 65.0 ], [ -105.0, 65.0 ] ] ] } },
{ "type": "Feature", "properties": { "path": "./Height/northamerica/w145_n70_w140_n65.zip", "SHA512": "4aec4782a58417124399aa2f00b633572dbeec474fa801be915c9597280aa33d58b4f157134489c01200fd2d3e11077c4805658076a03fe3f876c1289e891a26" }, "geometry": { "type": "Polygon", "coordinates": [ [ [ -140.0, 65.0 ], [ -140.0, 70.0 ], [ -145.0, 70.0 ], [ -145.0, 65.0 ], [ -140.0, 65.0 ] ] ] } },
{ "type": "Feature", "properties": { "path": "./Height/northamerica/w170_n65_w165_n60.zip", "SHA512": "0bb859e719c9cbaa9e77f27bcbbbaa33216616999f4d8141ac2d3a3ef6eea825f9616ceeacb3c48bb94e225d76595c6bd005042e303b4b8fdbf671fb988fd375" }, "geometry": { "type": "Polygon", "coordinates": [ [ [ -165.0, 60.0 ], [ -165.0, 65.0 ], [ -170.0, 65.0 ], [ -170.0, 60.0 ], [ -165.0, 60.0 ] ] ] } },
{ "type": "Feature", "properties": { "path": "./Height/northamerica/w115_n65_w110_n60.zip", "SHA512": "a0810a3de35baa983921960b30073eee8c237ccf0360a1f094d6d87a3c9140ea62c69945012cf85b5f747a1440161f392afdc6ea64ed4bbc2fdc58f6aa904482" }, "geometry": { "type": "Polygon", "coordinates": [ [ [ -110.0, 60.0 ], [ -110.0, 65.0 ], [ -115.0, 65.0 ], [ -115.0, 60.0 ], [ -110.0, 60.0 ] ] ] } },
{ "type": "Feature", "properties": { "path": "./Height/northamerica/w095_n60_w090_n55.zip", "SHA512": "400b2bd875385cc829a88f1adfee1cd62288a865f845c7cf04c5e1379ba80a6faf18aa61852778cb0562b5bda78d71f1d04ee57d58c8c7180cab9c37eb782ccb" }, "geometry": { "type": "Polygon", "coordinates": [ [ [ -90.0, 55.0 ], [ -90.0, 60.0 ], [ -95.0, 60.0 ], [ -95.0, 55.0 ], [ -90.0, 55.0 ] ] ] } },
{ "type": "Feature", "properties": { "path": "./Height/northamerica/w125_n40_w120_n35.zip", "SHA512": "167d24bf0f8afda3496c838b0f34c7620d13010df6afd506db7c00843592431b7578a0496d60e9c8bfacc04a2daf9e1d05913c9a59c9938cb5c517bea24f6722" }, "geometry": { "type": "Polygon", "coordinates": [ [ [ -120.0, 35.0 ], [ -120.0, 40.0 ], [ -125.0, 40.0 ], [ -125.0, 35.0 ], [ -120.0, 35.0 ] ] ] } },
{ "type": "Feature", "properties": { "path": "./Height/northamerica/w065_n65_w060_n60.zip", "SHA512": "bf68828ad4b50444df182821a78c92377fa96d536c51b6007fea876f86d5e97b0dcc7adb85d8c624392270930f652931b549bbdd279544c901d42bb1fc610721" }, "geometry": { "type": "Polygon", "coordinates": [ [ [ -60.0, 60.0 ], [ -60.0, 65.0 ], [ -65.0, 65.0 ], [ -65.0, 60.0 ], [ -60.0, 60.0 ] ] ] } },
{ "type": "Feature", "properties": { "path": "./Height/northamerica/w160_n60_w155_n55.zip", "SHA512": "ce56734191735c61395f23085e6bc3757bce733ca7bbdc786f5062c9da9b4ff76c704df4fde054e2574b395e45a95e9bf7188a75eab7a278c15cc7355443df50" }, "geometry": { "type": "Polygon", "coordinates": [ [ [ -155.0, 55.0 ], [ -155.0, 60.0 ], [ -160.0, 60.0 ], [ -160.0, 55.0 ], [ -155.0, 55.0 ] ] ] } },
{ "type": "Feature", "properties": { "path": "./Height/northamerica/w100_n35_w095_n30.zip", "SHA512": "5ff40527952c99abfe950f6da7501973c11a26b16e44beabc733c3b27ab05ca53784a0ea950f64a1e82251582c1f530ad805a8cebda9ee0636711d2e9cd37455" }, "geometry": { "type": "Polygon", "coordinates": [ [ [ -95.0, 30.0 ], [ -95.0, 35.0 ], [ -100.0, 35.0 ], [ -100.0, 30.0 ], [ -95.0, 30.0 ] ] ] } },
{ "type": "Feature", "properties": { "path": "./Height/northamerica/w090_n30_w085_n25.zip", "SHA512": "8718abab3f3cf278f9ba9d0a1883465a35e1d68b7c161344a3ed0c9449edcfe16cfeda67c43a20893e8b486a630424377e4c3a9fcc1d8cc56e3c8ef3f1bb828f" }, "geometry": { "type": "Polygon", "coordinates": [ [ [ -85.0, 25.0 ], [ -85.0, 30.0 ], [ -90.0, 30.0 ], [ -90.0, 25.0 ], [ -85.0, 25.0 ] ] ] } },
{ "type": "Feature", "properties": { "path": "./Height/northamerica/w100_n40_w095_n35.zip", "SHA512": "9258b05526b26894ba88af66b81a632c927a6d04acdd6919abfdea82489bc87d8448352bfa4a84ef9d9919b4a0889b071da247dac019ecb4fdb6403b4ccd29e1" }, "geometry": { "type": "Polygon", "coordinates": [ [ [ -95.0, 35.0 ], [ -95.0, 40.0 ], [ -100.0, 40.0 ], [ -100.0, 35.0 ], [ -95.0, 35.0 ] ] ] } },
{ "type": "Feature", "properties": { "path": "./Height/northamerica/w130_n65_w125_n60.zip", "SHA512": "d7d0d504dd36f6be202ceb32fbd0e2bc482b32e3194c4be1e83efdb298c7e1b65d6c6dd07b32860a178a8e1f9a7c8ec9c00473566c70d51368320876a37cb994" }, "geometry": { "type": "Polygon", "coordinates": [ [ [ -125.0, 60.0 ], [ -125.0, 65.0 ], [ -130.0, 65.0 ], [ -130.0, 60.0 ], [ -125.0, 60.0 ] ] ] } },
{ "type": "Feature", "properties": { "path": "./Height/northamerica/w150_n75_w145_n70.zip", "SHA512": "9e18578d5e766e649ef39b1e455862f5a995fd40d0a1565d27524cf7d86a9c041d87478da96048e9add4c720b09dca710d9a9a7fc6d964624a44a1b1c73f13d7" }, "geometry": { "type": "Polygon", "coordinates": [ [ [ -145.0, 70.0 ], [ -145.0, 75.0 ], [ -150.0, 75.0 ], [ -150.0, 70.0 ], [ -145.0, 70.0 ] ] ] } },
{ "type": "Feature", "properties": { "path": "./Height/northamerica/w120_n35_w115_n30.zip", "SHA512": "2b59341d0362da6e0c3dc648fb8810343a95a1007d287fa975d957b8d3bafda765a1f3b159b89ac6d88c3c078c9b3f1a1d1cec941c029461a89d40586bd77b47" }, "geometry": { "type": "Polygon", "coordinates": [ [ [ -115.0, 30.0 ], [ -115.0, 35.0 ], [ -120.0, 35.0 ], [ -120.0, 30.0 ], [ -115.0, 30.0 ] ] ] } },
{ "type": "Feature", "properties": { "path": "./Height/northamerica/w165_n70_w160_n65.zip", "SHA512": "0ff94b3f669f78e25459e74404b79e9e7e2c65f8c8a6552d8a482d28ceb4b9ab2a3485716fc0f69a68590dbb2b023d201c3df38b1d00ea5da4875b3e4804177f" }, "geometry": { "type": "Polygon", "coordinates": [ [ [ -160.0, 65.0 ], [ -160.0, 70.0 ], [ -165.0, 70.0 ], [ -165.0, 65.0 ], [ -160.0, 65.0 ] ] ] } },
{ "type": "Feature", "properties": { "path": "./Height/northamerica/w090_n50_w085_n45.zip", "SHA512": "76f84b23dc316781491ef67795624e33cb56f8b71d2785515cd55fdc30898f8ade2dd682f3ed8d1ab2fb263b99d2a16d34fed4603f45de1b6ed05a418bd686e8" }, "geometry": { "type": "Polygon", "coordinates": [ [ [ -85.0, 45.0 ], [ -85.0, 50.0 ], [ -90.0, 50.0 ], [ -90.0, 45.0 ], [ -85.0, 45.0 ] ] ] } },
{ "type": "Feature", "properties": { "path": "./Height/northamerica/w140_n70_w135_n65.zip", "SHA512": "ee45b023b38b7ec0d7d770559d8e18bdea6e8cf3d6a52c83052e92984294312f46f26a725e76cb37205ddbd74718128f35b254a305a129146b904dc3e08eebc4" }, "geometry": { "type": "Polygon", "coordinates": [ [ [ -135.0, 65.0 ], [ -135.0, 70.0 ], [ -140.0, 70.0 ], [ -140.0, 65.0 ], [ -135.0, 65.0 ] ] ] } },
{ "type": "Feature", "properties": { "path": "./Height/northamerica/w155_n70_w150_n65.zip", "SHA512": "584b0da8e182da9c823db7e28c804ba09b0ca701659e7ac24813ac638eb5807c573131447c79bf32a5874824cb1ae0b217823922b02690a497f9e768266d6c3e" }, "geometry": { "type": "Polygon", "coordinates": [ [ [ -150.0, 65.0 ], [ -150.0, 70.0 ], [ -155.0, 70.0 ], [ -155.0, 65.0 ], [ -150.0, 65.0 ] ] ] } },
{ "type": "Feature", "properties": { "path": "./Height/northamerica/w115_n30_w110_n25.zip", "SHA512": "23a516410e374c9ab737cd16bb387e724f0d09af69f2de00e67b8ad95ee05421cf6732b34a0a3e2fc347b297e7680cadc178975eb34cb2bca775db1436514818" }, "geometry": { "type": "Polygon", "coordinates": [ [ [ -110.0, 25.0 ], [ -110.0, 30.0 ], [ -115.0, 30.0 ], [ -115.0, 25.0 ], [ -110.0, 25.0 ] ] ] } },
{ "type": "Feature", "properties": { "path": "./Height/northamerica/w095_n50_w090_n45.zip", "SHA512": "346cc19f71c7e62605211141d827e11d9dc070151131120118b40d43d9b1079bf1aa49d8dc6bb57c077b3bfdbad1ad1a187a266dfe12cda63986c70e6ac729ba" }, "geometry": { "type": "Polygon", "coordinates": [ [ [ -90.0, 45.0 ], [ -90.0, 50.0 ], [ -95.0, 50.0 ], [ -95.0, 45.0 ], [ -90.0, 45.0 ] ] ] } },
{ "type": "Feature", "properties": { "path": "./Height/northamerica/w125_n50_w120_n45.zip", "SHA512": "c2985341f7b65ab99a2d0ab39998b0c58f19391ed6301793ee6e54ae7d9698b1c72d529c36ea57b549d0a497c989f97ff6672740ad9a1599c9973bf74675c008" }, "geometry": { "type": "Polygon", "coordinates": [ [ [ -120.0, 45.0 ], [ -120.0, 50.0 ], [ -125.0, 50.0 ], [ -125.0, 45.0 ], [ -120.0, 45.0 ] ] ] } },
{ "type": "Feature", "properties": { "path": "./Height/northamerica/w090_n70_w085_n65.zip", "SHA512": "f8d641161d7b5186f07b54700a4d9421f0d458f2200709c3f922136d001290cd114fb1d976cab8e49b4fe49922e282e87fcc5a849bed2c8a76fbb7dc7a09f41d" }, "geometry": { "type": "Polygon", "coordinates": [ [ [ -85.0, 65.0 ], [ -85.0, 70.0 ], [ -90.0, 70.0 ], [ -90.0, 65.0 ], [ -85.0, 65.0 ] ] ] } },
{ "type": "Feature", "properties": { "path": "./Height/northamerica/w115_n60_w110_n55.zip", "SHA512": "da0fa41a8c626ba284f174f92cfe3023d02275454785e09a9ed9c3dd43ca4f32af07957ed661ba7f22dcbd89f87346e1f8b763fe19c4355acd7e2c082c40fafd" }, "geometry": { "type": "Polygon", "coordinates": [ [ [ -110.0, 55.0 ], [ -110.0, 60.0 ], [ -115.0, 60.0 ], [ -115.0, 55.0 ], [ -110.0, 55.0 ] ] ] } },
{ "type": "Feature", "properties": { "path": "./Height/northamerica/w105_n65_w100_n60.zip", "SHA512": "ca4414fdeeda82bb57391f42b8b3cb1b3d26efabfc4c84ef8668cf0655b7fe41e4ad0286dfad65b5273dfee13d3ff9a4e1f9205a55445b638fa4015ac225a9e3" }, "geometry": { "type": "Polygon", "coordinates": [ [ [ -100.0, 60.0 ], [ -100.0, 65.0 ], [ -105.0, 65.0 ], [ -105.0, 60.0 ], [ -100.0, 60.0 ] ] ] } },
{ "type": "Feature", "properties": { "path": "./Height/northamerica/w070_n65_w065_n60.zip", "SHA512": "285baf96dc0520fac0a7b7b353e321145019bc33cb5ed8966e0ba5a161a4f9776e3d615482ab30780ebfa52bdb06d0913518da2b56c19d2b0e70544c76b168b8" }, "geometry": { "type": "Polygon", "coordinates": [ [ [ -65.0, 60.0 ], [ -65.0, 65.0 ], [ -70.0, 65.0 ], [ -70.0, 60.0 ], [ -65.0, 60.0 ] ] ] } },
{ "type": "Feature", "properties": { "path": "./Height/northamerica/w055_n65_w050_n60.zip", "SHA512": "3359594a4df5f98fc5fd36a5d053aaceec91e4e6b69f2a34af5c2fe8af263af7519d915ed131b85484b728d3525ebcd3b42e9cab4f80abda1e611961c9f44216" }, "geometry": { "type": "Polygon", "coordinates": [ [ [ -50.0, 60.0 ], [ -50.0, 65.0 ], [ -55.0, 65.0 ], [ -55.0, 60.0 ], [ -50.0, 60.0 ] ] ] } },
{ "type": "Feature", "properties": { "path": "./Height/northamerica/w125_n45_w120_n40.zip", "SHA512": "93894164b9d28091434b487fdb724360d47b03cc11acb0da320c1e72ac53bf28a168e98b1a3f8eb9ec049d65a344552c5da502dc7ccd73d7a985f679706a6c5d" }, "geometry": { "type": "Polygon", "coordinates": [ [ [ -120.0, 40.0 ], [ -120.0, 45.0 ], [ -125.0, 45.0 ], [ -125.0, 40.0 ], [ -120.0, 40.0 ] ] ] } },
{ "type": "Feature", "properties": { "path": "./Height/northamerica/w150_n65_w145_n60.zip", "SHA512": "7c819721902d069114f4baf4adf68e79706af6b3c990f2bcf543bfccf0a28caa698deebb882ad831437644351f1f2c5f3bb36bec6503d780dc6b8b21fb5f7fb2" }, "geometry": { "type": "Polygon", "coordinates": [ [ [ -145.0, 60.0 ], [ -145.0, 65.0 ], [ -150.0, 65.0 ], [ -150.0, 60.0 ], [ -145.0, 60.0 ] ] ] } },
{ "type": "Feature", "properties": { "path": "./Height/northamerica/w110_n60_w105_n55.zip", "SHA512": "b27d22c37c6f3f37df4bdff1d3459db0203eebc07399efe5fbbecb4c2c712f046ea324c86f7a602e06b9596b74e3675d70e7831363045e2777fc10bcb1896530" }, "geometry": { "type": "Polygon", "coordinates": [ [ [ -105.0, 55.0 ], [ -105.0, 60.0 ], [ -110.0, 60.0 ], [ -110.0, 55.0 ], [ -105.0, 55.0 ] ] ] } },
{ "type": "Feature", "properties": { "path": "./Height/northamerica/w160_n20_w155_n15.zip", "SHA512": "99dbfbb4532adbac7419059e2599cd40974488858039a531b96d3544998081fd8c90e0ad6a42718f2195ea8dcb947ce2503a84e461cfd4534520ae84af841b75" }, "geometry": { "type": "Polygon", "coordinates": [ [ [ -155.0, 15.0 ], [ -155.0, 20.0 ], [ -160.0, 20.0 ], [ -160.0, 15.0 ], [ -155.0, 15.0 ] ] ] } },
{ "type": "Feature", "properties": { "path": "./Height/northamerica/w085_n40_w080_n35.zip", "SHA512": "d4e3c527cca8c354afcf1ed55096ad343a5284883b5167d34d88aa6e3cd9e6b319c9a08f775505b6842ed14e499c92b97cadd41a3059c27d515475558ce27026" }, "geometry": { "type": "Polygon", "coordinates": [ [ [ -80.0, 35.0 ], [ -80.0, 40.0 ], [ -85.0, 40.0 ], [ -85.0, 35.0 ], [ -80.0, 35.0 ] ] ] } },
{ "type": "Feature", "properties": { "path": "./Height/northamerica/w075_n25_w070_n20.zip", "SHA512": "109ebc7a6f9a20c294b98d9c39a56effe1a034904d7c420f7b9a49fc353ac2a13567a289d1a787aac3624b1228912171caed51ba3f1761ae4f515e7ef683c136" }, "geometry": { "type": "Polygon", "coordinates": [ [ [ -70.0, 20.0 ], [ -70.0, 25.0 ], [ -75.0, 25.0 ], [ -75.0, 20.0 ], [ -70.0, 20.0 ] ] ] } },
{ "type": "Feature", "properties": { "path": "./Height/northamerica/w090_n60_w085_n55.zip", "SHA512": "4aacf572d00aa9d416e30c3f4edc76d8924bd095a2cd426bf1adffbea3c2e3e7492a5886ddb7f268dd317d7a07de6648296ecc0fe63a238741682d5843aea021" }, "geometry": { "type": "Polygon", "coordinates": [ [ [ -85.0, 55.0 ], [ -85.0, 60.0 ], [ -90.0, 60.0 ], [ -90.0, 55.0 ], [ -85.0, 55.0 ] ] ] } },
{ "type": "Feature", "properties": { "path": "./Height/northamerica/w105_n30_w100_n25.zip", "SHA512": "94660aa4f28a0159457b73fd6725bb5dab45fa680e7e53319bb4e6fa2bdf63b12c224f4718d8cfa26ababc6f60f2fca7f3cc367e3185e344ac64c350ea2dda91" }, "geometry": { "type": "Polygon", "coordinates": [ [ [ -100.0, 25.0 ], [ -100.0, 30.0 ], [ -105.0, 30.0 ], [ -105.0, 25.0 ], [ -100.0, 25.0 ] ] ] } },
{ "type": "Feature", "properties": { "path": "./Height/northamerica/w105_n35_w100_n30.zip", "SHA512": "658ea38a472fbedca3970305870c5b10dcc78ac72ef8e68cb9a12c6aaa6ba6fa4c6f0caca85a7ce50826ca1596984e3535fd629e16ca59190c444f69decfa6d4" }, "geometry": { "type": "Polygon", "coordinates": [ [ [ -100.0, 30.0 ], [ -100.0, 35.0 ], [ -105.0, 35.0 ], [ -105.0, 30.0 ], [ -100.0, 30.0 ] ] ] } },
{ "type": "Feature", "properties": { "path": "./Height/northamerica/w065_n45_w060_n40.zip", "SHA512": "90efd9625754bde2e4a29dc05511fd7685ff53f50cf95df47ac18ce90a43de3d9942b71749a3ae91e4ec6aeb2885ec1c5d019c78881b49d3adf72c0523538089" }, "geometry": { "type": "Polygon", "coordinates": [ [ [ -60.0, 40.0 ], [ -60.0, 45.0 ], [ -65.0, 45.0 ], [ -65.0, 40.0 ], [ -60.0, 40.0 ] ] ] } },
{ "type": "Feature", "properties": { "path": "./Height/northamerica/w150_n70_w145_n65.zip", "SHA512": "cf575553f91f547980134f18abdde1acd16ccf8884c90ff7fdf88bcf945950b533f8345c43df4ce730a9a380b5c6a1fa1f7b11ef07fe22cabfb8a68f1104212e" }, "geometry": { "type": "Polygon", "coordinates": [ [ [ -145.0, 65.0 ], [ -145.0, 70.0 ], [ -150.0, 70.0 ], [ -150.0, 65.0 ], [ -145.0, 65.0 ] ] ] } },
{ "type": "Feature", "properties": { "path": "./Height/northamerica/w095_n30_w090_n25.zip", "SHA512": "45c0456470b8f49bd859dae5fba8a98192189335e37ddff72b177e8e573e3442f401f09f18b4102bb35aa746cd07cd5b2ad6bc56d99a762fe1045c412244e957" }, "geometry": { "type": "Polygon", "coordinates": [ [ [ -90.0, 25.0 ], [ -90.0, 30.0 ], [ -95.0, 30.0 ], [ -95.0, 25.0 ], [ -90.0, 25.0 ] ] ] } },
{ "type": "Feature", "properties": { "path": "./Height/northamerica/w095_n65_w090_n60.zip", "SHA512": "a061f2f2dce29139ab7040bef932aa06e479daeb370e0aee4220fa64fb0408f09f0df458de6d36a1d4e8d46bf92ee5d3ae47d81ccfbb2cdbc27f252d283408b7" }, "geometry": { "type": "Polygon", "coordinates": [ [ [ -90.0, 60.0 ], [ -90.0, 65.0 ], [ -95.0, 65.0 ], [ -95.0, 60.0 ], [ -90.0, 60.0 ] ] ] } },
{ "type": "Feature", "properties": { "path": "./Height/northamerica/w120_n40_w115_n35.zip", "SHA512": "967b953814a8e1bbc54fa1a115274fed7f0dcdc34eea1e58dd55b20a9407b563149996ba3030246bed6d4bf6c515e2b3d2edb2ff071ec071aafefce911eea30c" }, "geometry": { "type": "Polygon", "coordinates": [ [ [ -115.0, 35.0 ], [ -115.0, 40.0 ], [ -120.0, 40.0 ], [ -120.0, 35.0 ], [ -115.0, 35.0 ] ] ] } },
{ "type": "Feature", "properties": { "path": "./Height/northamerica/w120_n55_w115_n50.zip", "SHA512": "496ce25744cfe7d38b0ed089746e68e142b86d76093ed8310b91b0a9be4e1a37666f00c2fff20c2bcae582f60ca2d1281dcb6643f55e82ab4b3c66528daa13d0" }, "geometry": { "type": "Polygon", "coordinates": [ [ [ -115.0, 50.0 ], [ -115.0, 55.0 ], [ -120.0, 55.0 ], [ -120.0, 50.0 ], [ -115.0, 50.0 ] ] ] } },
{ "type": "Feature", "properties": { "path": "./Height/northamerica/w070_n60_w065_n55.zip", "SHA512": "68de9e580b2614352e8ef2c2c2763a5fc5f943938812eab4b92588d4a63b9e09be45f4fd88099d32943b776306e911b6fc3430f2edd8a3b8bf1d2a1f5159990c" }, "geometry": { "type": "Polygon", "coordinates": [ [ [ -65.0, 55.0 ], [ -65.0, 60.0 ], [ -70.0, 60.0 ], [ -70.0, 55.0 ], [ -65.0, 55.0 ] ] ] } },
{ "type": "Feature", "properties": { "path": "./Height/northamerica/w165_n55_w160_n50.zip", "SHA512": "d4cc918b903b53511b872abcef565be0e861984f63273137957560bbe27321ebd628b0882964af70a6635345ff2441a4bfe2fd3805d42c7e8c14b5707c2f4bc2" }, "geometry": { "type": "Polygon", "coordinates": [ [ [ -160.0, 50.0 ], [ -160.0, 55.0 ], [ -165.0, 55.0 ], [ -165.0, 50.0 ], [ -160.0, 50.0 ] ] ] } },
{ "type": "Feature", "properties": { "path": "./Height/northamerica/w160_n65_w155_n60.zip", "SHA512": "af1930a22da59b25de9624394f0e185c33f6dfd48cc0563200bb4ffbb3e630dec943eda40409ac92acc5b7776591e1bbb3f1893194eedf0ace5bc935527f336a" }, "geometry": { "type": "Polygon", "coordinates": [ [ [ -155.0, 60.0 ], [ -155.0, 65.0 ], [ -160.0, 65.0 ], [ -160.0, 60.0 ], [ -155.0, 60.0 ] ] ] } },
{ "type": "Feature", "properties": { "path": "./Height/northamerica/w135_n60_w130_n55.zip", "SHA512": "d0aaed3a9105b9c3617ef991a65d49b850c78dd69a016655303a8a6979f4207e393f9663a128c7166f29ae5038a259826ca83dc02a9a4d7c715fc3e446818417" }, "geometry": { "type": "Polygon", "coordinates": [ [ [ -130.0, 55.0 ], [ -130.0, 60.0 ], [ -135.0, 60.0 ], [ -135.0, 55.0 ], [ -130.0, 55.0 ] ] ] } },
{ "type": "Feature", "properties": { "path": "./Height/northamerica/w090_n25_w085_n20.zip", "SHA512": "be271a4381bd6deaa6a330a32cf6563bd869b685df1e0ab0c3013352d82d4141df390bbad6a7480c3d245bce7f70b5ac5d4c06969618609b8973f3659e08d5fd" }, "geometry": { "type": "Polygon", "coordinates": [ [ [ -85.0, 20.0 ], [ -85.0, 25.0 ], [ -90.0, 25.0 ], [ -90.0, 20.0 ], [ -85.0, 20.0 ] ] ] } },
{ "type": "Feature", "properties": { "path": "./Height/northamerica/w170_n60_w165_n55.zip", "SHA512": "2b4c58b9cbb69fd12d6ce83c4edc9ac104ab3ba0b07243642e5d1efae1a65c4a39a6a650b7424076a27a387cadcca04567c8225f004441aa07583758e08f4113" }, "geometry": { "type": "Polygon", "coordinates": [ [ [ -165.0, 55.0 ], [ -165.0, 60.0 ], [ -170.0, 60.0 ], [ -170.0, 55.0 ], [ -165.0, 55.0 ] ] ] } },
{ "type": "Feature", "properties": { "path": "./Height/northamerica/w060_n50_w055_n45.zip", "SHA512": "2e9537d11a10f2e53dd453d4c831ba9ece36b97edf5a5a0fab58b1e3376422de52a602b0c7ce8a8b5f5d981692c7ea6c0bf467e2ed14705a324556d1564c352f" }, "geometry": { "type": "Polygon", "coordinates": [ [ [ -55.0, 45.0 ], [ -55.0, 50.0 ], [ -60.0, 50.0 ], [ -60.0, 45.0 ], [ -55.0, 45.0 ] ] ] } },
{ "type": "Feature", "properties": { "path": "./Height/northamerica/w105_n45_w100_n40.zip", "SHA512": "57bba8b797f965fd620f61b2c2243d8d6fdb5cbf9241ccd752522b65b979cad2be6d501de177385d90e6a1446ad5516e42b4a68d2b2edadc7f70a1c45eed55ab" }, "geometry": { "type": "Polygon", "coordinates": [ [ [ -100.0, 40.0 ], [ -100.0, 45.0 ], [ -105.0, 45.0 ], [ -105.0, 40.0 ], [ -100.0, 40.0 ] ] ] } },
{ "type": "Feature", "properties": { "path": "./Height/northamerica/w155_n75_w150_n70.zip", "SHA512": "1710b4efb77d9af18f91159caedd62f5d6f08c82d0053e8f8b313f4da7aa7c3d04d21351e2062e4f66a5718b800b7475f039e74403e676f330b64a5d613a7ca1" }, "geometry": { "type": "Polygon", "coordinates": [ [ [ -150.0, 70.0 ], [ -150.0, 75.0 ], [ -155.0, 75.0 ], [ -155.0, 70.0 ], [ -150.0, 70.0 ] ] ] } },
{ "type": "Feature", "properties": { "path": "./Height/northamerica/w065_n55_w060_n50.zip", "SHA512": "ed4653be3ac5bbc93c2c196a33e331b87fe76ea170cac96febe3f99c0004dc6e7d1c0426f7215b2ece3f6a3101d9c537bdc6208391fd6185d14c16b580e9390c" }, "geometry": { "type": "Polygon", "coordinates": [ [ [ -60.0, 50.0 ], [ -60.0, 55.0 ], [ -65.0, 55.0 ], [ -65.0, 50.0 ], [ -60.0, 50.0 ] ] ] } },
{ "type": "Feature", "properties": { "path": "./Height/northamerica/w065_n70_w060_n65.zip", "SHA512": "7812e5b4a35342210174601c35e2e3ddc87913e4518a790f23681fd3706c60c2b965578c524c9920772d1e0d872d5999df3e98180f8b0e48528b171267f59e5e" }, "geometry": { "type": "Polygon", "coordinates": [ [ [ -60.0, 65.0 ], [ -60.0, 70.0 ], [ -65.0, 70.0 ], [ -65.0, 65.0 ], [ -60.0, 65.0 ] ] ] } },
{ "type": "Feature", "properties": { "path": "./Height/northamerica/w075_n45_w070_n40.zip", "SHA512": "337b057379ac05eefd73f4cd9d153a99709526d066243f5786d3d3dd342b6b21a59222f4dbe4460115c72a06228cb39bd93e89d8462c6a685076a34fa7e585ba" }, "geometry": { "type": "Polygon", "coordinates": [ [ [ -70.0, 40.0 ], [ -70.0, 45.0 ], [ -75.0, 45.0 ], [ -75.0, 40.0 ], [ -70.0, 40.0 ] ] ] } },
{ "type": "Feature", "properties": { "path": "./Height/northamerica/w070_n70_w065_n65.zip", "SHA512": "ab7d0d7a4d24ab7b91c8d301d22162c8fc4a4036445af380a4ee55317efa5eb183dd01a1e297af4924b819a8bd3295b1180a86a98f1d6b05e604a84f36cddb4a" }, "geometry": { "type": "Polygon", "coordinates": [ [ [ -65.0, 65.0 ], [ -65.0, 70.0 ], [ -70.0, 70.0 ], [ -70.0, 65.0 ], [ -65.0, 65.0 ] ] ] } },
{ "type": "Feature", "properties": { "path": "./Height/northamerica/w100_n45_w095_n40.zip", "SHA512": "f1a60e1d7237736c1409b849641601b400b6c56f4661abc0dc7aa1b6270747784b5ed0014d6658567985c11d5db2a52bed4749bb7d1731e93b04271369e8539f" }, "geometry": { "type": "Polygon", "coordinates": [ [ [ -95.0, 40.0 ], [ -95.0, 45.0 ], [ -100.0, 45.0 ], [ -100.0, 40.0 ], [ -95.0, 40.0 ] ] ] } },
{ "type": "Feature", "properties": { "path": "./Height/northamerica/w085_n70_w080_n65.zip", "SHA512": "ecaa10d731a636b815956b02242aa9fc6cf66406663114c74cb6d45734d9c02d3e8d71e78611f5cc03558f006a073b90e3b34708866e0bd6cf4834581673888b" }, "geometry": { "type": "Polygon", "coordinates": [ [ [ -80.0, 65.0 ], [ -80.0, 70.0 ], [ -85.0, 70.0 ], [ -85.0, 65.0 ], [ -80.0, 65.0 ] ] ] } },
{ "type": "Feature", "properties": { "path": "./Height/northamerica/w110_n55_w105_n50.zip", "SHA512": "4dbd997963414eb6eda123afe75a101e339b29df7f841119c0573931519c02867384c1e38e127923227858e0c0757ce81ad9560a78b3f3fe90af5d53300e2f64" }, "geometry": { "type": "Polygon", "coordinates": [ [ [ -105.0, 50.0 ], [ -105.0, 55.0 ], [ -110.0, 55.0 ], [ -110.0, 50.0 ], [ -105.0, 50.0 ] ] ] } },
{ "type": "Feature", "properties": { "path": "./Height/northamerica/w160_n25_w155_n20.zip", "SHA512": "08b6707618863dc57eefc9b6b2afb779624490bff214bea4b44e819363aea73639dc8477d19a7a794b28fcd21167244a2b79afddd0d1cc149e502387d8944ed6" }, "geometry": { "type": "Polygon", "coordinates": [ [ [ -155.0, 20.0 ], [ -155.0, 25.0 ], [ -160.0, 25.0 ], [ -160.0, 20.0 ], [ -155.0, 20.0 ] ] ] } },
{ "type": "Feature", "properties": { "path": "./Height/northamerica/w105_n60_w100_n55.zip", "SHA512": "b739325ca765606fc97474ea636acaa8cd720c51f5bbc945ebe6eb940e68f2e3365d582d2fc055c1de1021ca84b2036fd96e583fede7057206d7f56f56b6cc4c" }, "geometry": { "type": "Polygon", "coordinates": [ [ [ -100.0, 55.0 ], [ -100.0, 60.0 ], [ -105.0, 60.0 ], [ -105.0, 55.0 ], [ -100.0, 55.0 ] ] ] } },
{ "type": "Feature", "properties": { "path": "./Height/northamerica/w130_n55_w125_n50.zip", "SHA512": "641f8a97a7a92c2da1d36ce97a2b490e851d07d20a9b4bd86cd689c1c3a52b149d5f9b55205c42b863bdd3706f84f3a5a85a1e7b3c077e2e2e86ac4bd30579b7" }, "geometry": { "type": "Polygon", "coordinates": [ [ [ -125.0, 50.0 ], [ -125.0, 55.0 ], [ -130.0, 55.0 ], [ -130.0, 50.0 ], [ -125.0, 50.0 ] ] ] } },
{ "type": "Feature", "properties": { "path": "./Height/northamerica/w160_n70_w155_n65.zip", "SHA512": "da7514b5a5b65ae4290383b4030b0290ce1d71bdda046ca6825cc8f4beafd0c23cc33524d53bfcd01c6af6682889d7ad72458e84f50505835419fb4fbeeb030b" }, "geometry": { "type": "Polygon", "coordinates": [ [ [ -155.0, 65.0 ], [ -155.0, 70.0 ], [ -160.0, 70.0 ], [ -160.0, 65.0 ], [ -155.0, 65.0 ] ] ] } },
{ "type": "Feature", "properties": { "path": "./Height/northamerica/w080_n35_w075_n30.zip", "SHA512": "37f1167c711b6737d43a14629c1081d6f81fc3bc518158c854e84f3b93587b17a6719a1ea09493fd021365af3386fdfc658dbd5e408ff2caf564857af644a1de" }, "geometry": { "type": "Polygon", "coordinates": [ [ [ -75.0, 30.0 ], [ -75.0, 35.0 ], [ -80.0, 35.0 ], [ -80.0, 30.0 ], [ -75.0, 30.0 ] ] ] } },
{ "type": "Feature", "properties": { "path": "./Height/northamerica/w165_n60_w160_n55.zip", "SHA512": "4f62e75d52d8edf84ccf0e67fcc495956a644c1d4d479703eac8209cfb81d3e60b6096925f7e6d2065d4cf69a2a22d610d09cac99a08fa2dc19724fcdef7c9d0" }, "geometry": { "type": "Polygon", "coordinates": [ [ [ -160.0, 55.0 ], [ -160.0, 60.0 ], [ -165.0, 60.0 ], [ -165.0, 55.0 ], [ -160.0, 55.0 ] ] ] } },
{ "type": "Feature", "properties": { "path": "./Height/northamerica/w125_n65_w120_n60.zip", "SHA512": "fb0f94d0f5965e4bcf44d70830bda17690a179515933c0d35f669731bb11639461673d615f6fbc4937e998d4cbf11282cd57ee97338af2b8905309a0561f4af0" }, "geometry": { "type": "Polygon", "coordinates": [ [ [ -120.0, 60.0 ], [ -120.0, 65.0 ], [ -125.0, 65.0 ], [ -125.0, 60.0 ], [ -120.0, 60.0 ] ] ] } },
{ "type": "Feature", "properties": { "path": "./Height/northamerica/w140_n65_w135_n60.zip", "SHA512": "1e6fad1bca7b46d7123d0e830de8f7877ce2af34e4236dc9266e1a8013d463698dff71ffd513bd4748e8353b61f49a814fbb0e6fa273d5c87fed3ddb15662234" }, "geometry": { "type": "Polygon", "coordinates": [ [ [ -135.0, 60.0 ], [ -135.0, 65.0 ], [ -140.0, 65.0 ], [ -140.0, 60.0 ], [ -135.0, 60.0 ] ] ] } },
{ "type": "Feature", "properties": { "path": "./Height/northamerica/w155_n20_w150_n15.zip", "SHA512": "7325dd0e60cf133794e820c2ec73dc51a41fb079b5bf376fbf0387a9c64e118b4f2d375e1f005f78e514fe09d28e845864d038da5794776133104317bb1d5dd4" }, "geometry": { "type": "Polygon", "coordinates": [ [ [ -150.0, 15.0 ], [ -150.0, 20.0 ], [ -155.0, 20.0 ], [ -155.0, 15.0 ], [ -150.0, 15.0 ] ] ] } },
{ "type": "Feature", "properties": { "path": "./Height/northamerica/w125_n70_w120_n65.zip", "SHA512": "d63eb628a11d08ea29e4b3d6c63316c4ba588d571adaa1c033492c605b272fdabd8bac86de9a97b90385a16e4314e39bc58d072d64034bd2d8983bf42d7c219f" }, "geometry": { "type": "Polygon", "coordinates": [ [ [ -120.0, 65.0 ], [ -120.0, 70.0 ], [ -125.0, 70.0 ], [ -125.0, 65.0 ], [ -120.0, 65.0 ] ] ] } },
{ "type": "Feature", "properties": { "path": "./Height/northamerica/w115_n50_w110_n45.zip", "SHA512": "401af8b1aa680cf0b15ca3b4176923ff527404f527d8b82ff838012484055bf30f16fe2ed633b3825226f28a95adfe26c5335a055ed3e323e8b2a5079d194fc6" }, "geometry": { "type": "Polygon", "coordinates": [ [ [ -110.0, 45.0 ], [ -110.0, 50.0 ], [ -115.0, 50.0 ], [ -115.0, 45.0 ], [ -110.0, 45.0 ] ] ] } },
{ "type": "Feature", "properties": { "path": "./Height/northamerica/w105_n40_w100_n35.zip", "SHA512": "a6d5da50c4c788349eaf9c48e1b26310633aa939514fffbd8ca002099e505a22c7a8c68ab6a3a568c830717cd1f1c93469cde9e02d000947645047e422f048d2" }, "geometry": { "type": "Polygon", "coordinates": [ [ [ -100.0, 35.0 ], [ -100.0, 40.0 ], [ -105.0, 40.0 ], [ -105.0, 35.0 ], [ -100.0, 35.0 ] ] ] } },
{ "type": "Feature", "properties": { "path": "./Height/northamerica/w085_n35_w080_n30.zip", "SHA512": "b654b4be5691b0f57aa2a8bcd20548a99b3a5beed3ba1ed479613a7e6e0d3a0a165ac348717d2a72b4b5390d109457c11b2750278365d9053d622b4846a038d6" }, "geometry": { "type": "Polygon", "coordinates": [ [ [ -80.0, 30.0 ], [ -80.0, 35.0 ], [ -85.0, 35.0 ], [ -85.0, 30.0 ], [ -80.0, 30.0 ] ] ] } },
{ "type": "Feature", "properties": { "path": "./Height/northamerica/w100_n50_w095_n45.zip", "SHA512": "7fb349e65de64fb113d658eb0c887c66b146a1d82cb169002ef2c69c7484cb636e9a7e451092a93e54e4b5ce2cc7ca9c5ab7aa8e1717e743bfe438a98ef77758" }, "geometry": { "type": "Polygon", "coordinates": [ [ [ -95.0, 45.0 ], [ -95.0, 50.0 ], [ -100.0, 50.0 ], [ -100.0, 45.0 ], [ -95.0, 45.0 ] ] ] } },
{ "type": "Feature", "properties": { "path": "./Height/northamerica/w095_n55_w090_n50.zip", "SHA512": "5ec837ef65a346905ec750121bf980df3a22715cdccce8cee30b89f986fa51b7942b1ee0ed54b4acda28f07c0039dc99257e3bf7b3534758f3e8d76635625843" }, "geometry": { "type": "Polygon", "coordinates": [ [ [ -90.0, 50.0 ], [ -90.0, 55.0 ], [ -95.0, 55.0 ], [ -95.0, 50.0 ], [ -90.0, 50.0 ] ] ] } },
{ "type": "Feature", "properties": { "path": "./Height/northamerica/w125_n75_w120_n70.zip", "SHA512": "4cd960b839e104205d910d6b1541b4ed3b6c41535aaa5cdda96e789d0d9a91f5d5bd21861e3529dafd38179d61ea2baf8b14639e2b47a242db3494c7ce601a29" }, "geometry": { "type": "Polygon", "coordinates": [ [ [ -120.0, 70.0 ], [ -120.0, 75.0 ], [ -125.0, 75.0 ], [ -125.0, 70.0 ], [ -120.0, 70.0 ] ] ] } },
{ "type": "Feature", "properties": { "path": "./Height/northamerica/w120_n70_w115_n65.zip", "SHA512": "751ff25d3bd3357671917a3a6087808eb118dbd371c51ef8c823090fd42c8e63c8b0e165619fdaa3e96b34026ea9ef9212dbe81b451ebf24663237897bd64cf3" }, "geometry": { "type": "Polygon", "coordinates": [ [ [ -115.0, 65.0 ], [ -115.0, 70.0 ], [ -120.0, 70.0 ], [ -120.0, 65.0 ], [ -115.0, 65.0 ] ] ] } },
{ "type": "Feature", "properties": { "path": "./Height/northamerica/w095_n20_w090_n15.zip", "SHA512": "f59b4fdcc475fa11a93a959dfce8def3c85d0c18ab926ba89e587603a5314b9e8f07eef74e70a196d7e4fc9259964b85405c40cb5bbb7759a61159ce47931f40" }, "geometry": { "type": "Polygon", "coordinates": [ [ [ -90.0, 15.0 ], [ -90.0, 20.0 ], [ -95.0, 20.0 ], [ -95.0, 15.0 ], [ -90.0, 15.0 ] ] ] } },
{ "type": "Feature", "properties": { "path": "./Height/northamerica/w115_n40_w110_n35.zip", "SHA512": "c25096d842b3f6ed38a496d8357c12b51da5b1dbc8b0214243a254f77fce33ae2f66478f580bf6230dc2e51c08d53e52ab8ce6cdee17a0a4cbf9af5fd63e1ee2" }, "geometry": { "type": "Polygon", "coordinates": [ [ [ -110.0, 35.0 ], [ -110.0, 40.0 ], [ -115.0, 40.0 ], [ -115.0, 35.0 ], [ -110.0, 35.0 ] ] ] } },
{ "type": "Feature", "properties": { "path": "./Height/northamerica/w080_n40_w075_n35.zip", "SHA512": "b5bbe8e9f4f0c6f7f9d7b0ee33d7a961a59ee2ddef97ca43e0034a9eae58785789860c2b9b3ba99bbf65131e98bf22889c686ae89b8d18f69e084ae243bacc2a" }, "geometry": { "type": "Polygon", "coordinates": [ [ [ -75.0, 35.0 ], [ -75.0, 40.0 ], [ -80.0, 40.0 ], [ -80.0, 35.0 ], [ -75.0, 35.0 ] ] ] } },
{ "type": "Feature", "properties": { "path": "./Height/northamerica/w080_n75_w075_n70.zip", "SHA512": "6adcdecbffacd8961fec60f7d88219d8e7d7ad3a4d374b4c81ba4ed1b18579a18173ec0428a96783a22e094046cd01597f7d1feeb06ec9a81822a93689903d22" }, "geometry": { "type": "Polygon", "coordinates": [ [ [ -75.0, 70.0 ], [ -75.0, 75.0 ], [ -80.0, 75.0 ], [ -80.0, 70.0 ], [ -75.0, 70.0 ] ] ] } },
{ "type": "Feature", "properties": { "path": "./Height/northamerica/w035_n40_w030_n35.zip", "SHA512": "0544f58822b661dbcc27d684b6e6c9ee6763f764316bce8c7a216013bf83e3d91a7d660e6cf9fe7381e82c73bbd7cf89db34fcdb8562a829fa330d5fdf822e81" }, "geometry": { "type": "Polygon", "coordinates": [ [ [ -30.0, 35.0 ], [ -30.0, 40.0 ], [ -35.0, 40.0 ], [ -35.0, 35.0 ], [ -30.0, 35.0 ] ] ] } },
{ "type": "Feature", "properties": { "path": "./Height/northamerica/w100_n60_w095_n55.zip", "SHA512": "8dfa582f4e08573e47c42d74e752f002fe9787fa0ae4d841541da603fbb6d36f08d7f266c407b01a9b333dc4c5e63b34f51981d7f1f683acb1108e0eef531aeb" }, "geometry": { "type": "Polygon", "coordinates": [ [ [ -95.0, 55.0 ], [ -95.0, 60.0 ], [ -100.0, 60.0 ], [ -100.0, 55.0 ], [ -95.0, 55.0 ] ] ] } },
{ "type": "Feature", "properties": { "path": "./Height/northamerica/w100_n25_w095_n20.zip", "SHA512": "8ca1b915bc4f917c61f3e3be16a6e0e357ec84a4ea6a34adcfbe648e80eda3a20e2d8e4c01e000757491fb9269030809a9c114ffe04f89012a91c1732de27e48" }, "geometry": { "type": "Polygon", "coordinates": [ [ [ -95.0, 20.0 ], [ -95.0, 25.0 ], [ -100.0, 25.0 ], [ -100.0, 20.0 ], [ -95.0, 20.0 ] ] ] } },
{ "type": "Feature", "properties": { "path": "./Height/northamerica/w120_n30_w115_n25.zip", "SHA512": "e88b9088c33ea7f79c71371f8f656763e3bf7dede190e5b5169705ab01b5ee652297be6c957193eac92dc2fd59b4005104a6967b9e4360d8a483985c7d3e57cc" }, "geometry": { "type": "Polygon", "coordinates": [ [ [ -115.0, 25.0 ], [ -115.0, 30.0 ], [ -120.0, 30.0 ], [ -120.0, 25.0 ], [ -115.0, 25.0 ] ] ] } },
{ "type": "Feature", "properties": { "path": "./Height/northamerica/w065_n60_w060_n55.zip", "SHA512": "11e3453e029b13035f19f65db88a57582b76caa85aca5e4e6413fd4d7d6cefe1ed24a652ce8d7f1a1b576bc1af736246e6b1794684c41914974d7bf94b340a43" }, "geometry": { "type": "Polygon", "coordinates": [ [ [ -60.0, 55.0 ], [ -60.0, 60.0 ], [ -65.0, 60.0 ], [ -65.0, 55.0 ], [ -60.0, 55.0 ] ] ] } },
{ "type": "Feature", "properties": { "path": "./Height/northamerica/w080_n65_w075_n60.zip", "SHA512": "ebc3ee117e0701b47dff5bcdb26f37553b5441228a0a03677d5358cd228e3be261cc4db680dfa7ca4698217849df09d4dda2250396838ac9aa16a9a82106e88d" }, "geometry": { "type": "Polygon", "coordinates": [ [ [ -75.0, 60.0 ], [ -75.0, 65.0 ], [ -80.0, 65.0 ], [ -80.0, 60.0 ], [ -75.0, 60.0 ] ] ] } },
{ "type": "Feature", "properties": { "path": "./Height/northamerica/w075_n20_w070_n15.zip", "SHA512": "06bbce9771a2361be24a04d19f8a713762fd54e80bfd50a5c3c684f27a02ddd665f0dadd18e103b0ae70e3afa10b5ea809ab02be654de43951f5f8e78ea79a23" }, "geometry": { "type": "Polygon", "coordinates": [ [ [ -70.0, 15.0 ], [ -70.0, 20.0 ], [ -75.0, 20.0 ], [ -75.0, 15.0 ], [ -70.0, 15.0 ] ] ] } },
{ "type": "Feature", "properties": { "path": "./Height/northamerica/w165_n25_w160_n20.zip", "SHA512": "e8806dce90418fb30f9200561200a59081705bd78d6e62829a58941c0afb9b4da057baf653e4dbd447ee0dfd173847e1340b7f4cdb9b48b5289337196e75f4c9" }, "geometry": { "type": "Polygon", "coordinates": [ [ [ -160.0, 20.0 ], [ -160.0, 25.0 ], [ -165.0, 25.0 ], [ -165.0, 20.0 ], [ -160.0, 20.0 ] ] ] } },
{ "type": "Feature", "properties": { "path": "./Height/northamerica/w125_n35_w120_n30.zip", "SHA512": "6de6672dec5813d0e2ac8b945238786d9ec6f62ded9a00dc01fb546be7547d1b53286bb21acddf909b557768087bc1dbc54f0a79fd2d726183a36e189755a7fd" }, "geometry": { "type": "Polygon", "coordinates": [ [ [ -120.0, 30.0 ], [ -120.0, 35.0 ], [ -125.0, 35.0 ], [ -125.0, 30.0 ], [ -120.0, 30.0 ] ] ] } },
{ "type": "Feature", "properties": { "path": "./Height/northamerica/w085_n25_w080_n20.zip", "SHA512": "6284839e8883b66066d18e962f2e2ca4d897ff872c7ca802835e5a40a9a86fc4a41b00eb236ce34b166b29066b2bedefe8bbb3cd74aa4653507ac70d05143f78" }, "geometry": { "type": "Polygon", "coordinates": [ [ [ -80.0, 20.0 ], [ -80.0, 25.0 ], [ -85.0, 25.0 ], [ -85.0, 20.0 ], [ -80.0, 20.0 ] ] ] } },
{ "type": "Feature", "properties": { "path": "./Height/northamerica/w095_n35_w090_n30.zip", "SHA512": "bf36471d94033180d1a69a41aa55ca50d599b28c637f4855c259622e0c638efb6c79c2d7f97bfe8a248f3d09cae7a827d13a9cebe76773918521a5a030c731b9" }, "geometry": { "type": "Polygon", "coordinates": [ [ [ -90.0, 30.0 ], [ -90.0, 35.0 ], [ -95.0, 35.0 ], [ -95.0, 30.0 ], [ -90.0, 30.0 ] ] ] } },
{ "type": "Feature", "properties": { "path": "./Height/northamerica/w135_n55_w130_n50.zip", "SHA512": "44ac83e1351687ef9c9405be589abf74933827cb4d3d23518b67d5bf52a9ea4fe66dd235563253fbd25f109b609c4b0635329264b728ec41f42fd0ef7ff5ee57" }, "geometry": { "type": "Polygon", "coordinates": [ [ [ -130.0, 50.0 ], [ -130.0, 55.0 ], [ -135.0, 55.0 ], [ -135.0, 50.0 ], [ -130.0, 50.0 ] ] ] } },
{ "type": "Feature", "properties": { "path": "./Height/northamerica/w155_n65_w150_n60.zip", "SHA512": "0e73b32e7845b682a2d627a3c2ef36f50ade1466ecb6209f2e550a38cdb80bf899a1e9a5673d5635d10f8c22fe7f79569834e91d44daaa75fdac667c637b1557" }, "geometry": { "type": "Polygon", "coordinates": [ [ [ -150.0, 60.0 ], [ -150.0, 65.0 ], [ -155.0, 65.0 ], [ -155.0, 60.0 ], [ -150.0, 60.0 ] ] ] } },
{ "type": "Feature", "properties": { "path": "./Height/northamerica/w105_n55_w100_n50.zip", "SHA512": "272a8981bbe7bf67a77c6cb61c8712801b4b67ee7bff75a754be28ca05a297a215e3f1775e727e0765e7050a400d28fdce6b6e09d449376e44b09554619d2094" }, "geometry": { "type": "Polygon", "coordinates": [ [ [ -100.0, 50.0 ], [ -100.0, 55.0 ], [ -105.0, 55.0 ], [ -105.0, 50.0 ], [ -100.0, 50.0 ] ] ] } },
{ "type": "Feature", "properties": { "path": "./Height/northamerica/w105_n25_w100_n20.zip", "SHA512": "4514d0f8da904cb9ada2006d0ee39e453d5eb5258e6375d39c0ae60ef2df49633451025b355cbd079ae5d6f332f67f387d9a36d0b9ecfebfe1708d47a63b3447" }, "geometry": { "type": "Polygon", "coordinates": [ [ [ -100.0, 20.0 ], [ -100.0, 25.0 ], [ -105.0, 25.0 ], [ -105.0, 20.0 ], [ -100.0, 20.0 ] ] ] } },
{ "type": "Feature", "properties": { "path": "./Height/northamerica/w130_n50_w125_n45.zip", "SHA512": "8fd444c00ff519830e95315c1c737ccc1fc16a9a0e6c94ab2d18e4172743c085bdb6918adf29be305131fc06548151fa040ab1aa15a775a668b388a51de8690c" }, "geometry": { "type": "Polygon", "coordinates": [ [ [ -125.0, 45.0 ], [ -125.0, 50.0 ], [ -130.0, 50.0 ], [ -130.0, 45.0 ], [ -125.0, 45.0 ] ] ] } },
{ "type": "Feature", "properties": { "path": "./Height/northamerica/w105_n20_w100_n15.zip", "SHA512": "1139acef3bcbbeac68ec71d516e8a151e84be171dfac7fe3c6f92225b9735002ed5003d9e89c2651accd039a486b704110400d5634b53393a22015021f2c2456" }, "geometry": { "type": "Polygon", "coordinates": [ [ [ -100.0, 15.0 ], [ -100.0, 20.0 ], [ -105.0, 20.0 ], [ -105.0, 15.0 ], [ -100.0, 15.0 ] ] ] } },
{ "type": "Feature", "properties": { "path": "./Height/northamerica/w085_n45_w080_n40.zip", "SHA512": "69543d7e04858b1d369a742360c1644d521080bab0b70ecfc1330c271a29e9318fceef5d80a4c488c87c384c772ce90e29822e9bbc3e00a4815fe661aa8701fa" }, "geometry": { "type": "Polygon", "coordinates": [ [ [ -80.0, 40.0 ], [ -80.0, 45.0 ], [ -85.0, 45.0 ], [ -85.0, 40.0 ], [ -80.0, 40.0 ] ] ] } },
{ "type": "Feature", "properties": { "path": "./Height/northamerica/w100_n30_w095_n25.zip", "SHA512": "9172c4f4708f63c2f5b8f0a64777542def44e7f6c1b8416624cfe7badf349e154518ca314c9d1a67fd2da64f7031741c3ea0ea2e3db5d1de27d7638e5df074ba" }, "geometry": { "type": "Polygon", "coordinates": [ [ [ -95.0, 25.0 ], [ -95.0, 30.0 ], [ -100.0, 30.0 ], [ -100.0, 25.0 ], [ -95.0, 25.0 ] ] ] } },
{ "type": "Feature", "properties": { "path": "./Height/northamerica/w110_n50_w105_n45.zip", "SHA512": "890262c0ac9cec88371e54b9c4b896e2a82bcf08692f84c2aad63010e987c9614d68f0181ee00183c196f37dd4558b11254236628efc08ce54021b32e1d2fb71" }, "geometry": { "type": "Polygon", "coordinates": [ [ [ -105.0, 45.0 ], [ -105.0, 50.0 ], [ -110.0, 50.0 ], [ -110.0, 45.0 ], [ -105.0, 45.0 ] ] ] } },
{ "type": "Feature", "properties": { "path": "./Height/northamerica/w165_n75_w160_n70.zip", "SHA512": "07243dc3e9ea0b57b257bc5f51271ba7b823df3fb71d1efbf61f44b68d56392cc99b93632c340a6ee86061f3b9a90be2dcc49f76a9de191fe7580b112322ddb9" }, "geometry": { "type": "Polygon", "coordinates": [ [ [ -160.0, 70.0 ], [ -160.0, 75.0 ], [ -165.0, 75.0 ], [ -165.0, 70.0 ], [ -160.0, 70.0 ] ] ] } },
{ "type": "Feature", "properties": { "path": "./Height/northamerica/w110_n45_w105_n40.zip", "SHA512": "6b8e8dcad4725f7d8c7b7b82198e4129b26516b76f99db36eebfad875b8649978d566da0dcc16ff816d42ff29124c96deb594e797f74425cd89c50ec8ca1957e" }, "geometry": { "type": "Polygon", "coordinates": [ [ [ -105.0, 40.0 ], [ -105.0, 45.0 ], [ -110.0, 45.0 ], [ -110.0, 40.0 ], [ -105.0, 40.0 ] ] ] } },
{ "type": "Feature", "properties": { "path": "./Height/northamerica/w120_n75_w115_n70.zip", "SHA512": "f430f1d8797aa7d5d03fb5f026fd7769b6804b3af16e6990f1833f75b3abbdc5db72e18a5c97fe5a0ddac87f13ee3a8f28e5cb0d81a8b9cb98e9abddea460454" }, "geometry": { "type": "Polygon", "coordinates": [ [ [ -115.0, 70.0 ], [ -115.0, 75.0 ], [ -120.0, 75.0 ], [ -120.0, 70.0 ], [ -115.0, 70.0 ] ] ] } },
{ "type": "Feature", "properties": { "path": "./Height/northamerica/w080_n20_w075_n15.zip", "SHA512": "8d77e86bbb7eaaf373b8c8ad2011071d888f20c7c06eb9204f77967b518986a341fec6bd96a0ccd0a22cb35c6cf6ceb5c50a0cc71e06d14513ad7e669dd52184" }, "geometry": { "type": "Polygon", "coordinates": [ [ [ -75.0, 15.0 ], [ -75.0, 20.0 ], [ -80.0, 20.0 ], [ -80.0, 15.0 ], [ -75.0, 15.0 ] ] ] } },
{ "type": "Feature", "properties": { "path": "./Height/northamerica/w070_n45_w065_n40.zip", "SHA512": "2da1c7d550e22546bbeadc008fa17e1b317f7beb7ef9af5034437136cf8639a4705f6308955bedc875c06786663ee5b7120e46a3957df091cf04760c655d27fa" }, "geometry": { "type": "Polygon", "coordinates": [ [ [ -65.0, 40.0 ], [ -65.0, 45.0 ], [ -70.0, 45.0 ], [ -70.0, 40.0 ], [ -65.0, 40.0 ] ] ] } },
{ "type": "Feature", "properties": { "path": "./Height/northamerica/w130_n60_w125_n55.zip", "SHA512": "75ec9055bcb483287b29b8fa3e462235ec84bb5f0517cc8afb26cd398ff92893374e6d75b9b23c9f42526a045b20d8eab0a745333e29604bb1f8d205453fdfdb" }, "geometry": { "type": "Polygon", "coordinates": [ [ [ -125.0, 55.0 ], [ -125.0, 60.0 ], [ -130.0, 60.0 ], [ -130.0, 55.0 ], [ -125.0, 55.0 ] ] ] } },
{ "type": "Feature", "properties": { "path": "./Height/northamerica/w055_n50_w050_n45.zip", "SHA512": "b8508b36fab21e65ece62b3f8cedd9b36f49e1632bc5112327d5c5aae2884cbb2b0f234cede1b435f4315bdcfd760e87f81b2a4876289dcae342e9b58bddc048" }, "geometry": { "type": "Polygon", "coordinates": [ [ [ -50.0, 45.0 ], [ -50.0, 50.0 ], [ -55.0, 50.0 ], [ -55.0, 45.0 ], [ -50.0, 45.0 ] ] ] } },
{ "type": "Feature", "properties": { "path": "./Height/northamerica/w085_n65_w080_n60.zip", "SHA512": "419d4837620d26dfe46cae83ecae8221dcaa935bd39ed09dd6646aff69c287366a23e5e25091e5bc2b8c57cce82351c14a0e5b6d8bbd23c3e1463c119eb88945" }, "geometry": { "type": "Polygon", "coordinates": [ [ [ -80.0, 60.0 ], [ -80.0, 65.0 ], [ -85.0, 65.0 ], [ -85.0, 60.0 ], [ -80.0, 60.0 ] ] ] } },
{ "type": "Feature", "properties": { "path": "./Height/northamerica/w095_n45_w090_n40.zip", "SHA512": "e612a70e4af9996c8602dd6614cdc3c1c49a25f55a25ac2a261ffac0be4878acb19fa25bb4c6afc0d65415f894cf385f68000fbc02ddb627d276d695e0814246" }, "geometry": { "type": "Polygon", "coordinates": [ [ [ -90.0, 40.0 ], [ -90.0, 45.0 ], [ -95.0, 45.0 ], [ -95.0, 40.0 ], [ -90.0, 40.0 ] ] ] } },
{ "type": "Feature", "properties": { "path": "./Height/northamerica/w170_n55_w165_n50.zip", "SHA512": "eadfa4c9ac5491ec07d911e65d89874b4bbce98aa31b2e89be453dfd8b81614d9231401b5730ed3b217160e114d04978625c078feac614821e9caa443375ea05" }, "geometry": { "type": "Polygon", "coordinates": [ [ [ -165.0, 50.0 ], [ -165.0, 55.0 ], [ -170.0, 55.0 ], [ -170.0, 50.0 ], [ -165.0, 50.0 ] ] ] } },
{ "type": "Feature", "properties": { "path": "./Height/northamerica/w145_n65_w140_n60.zip", "SHA512": "4e5a1722351f403d110715ed0b19c1e1055a0438517be4225215b338f0271c8e687cd89c7dcdf4eddc4aad435ad0845511cc3d51667b2eff44ba61587f2f6849" }, "geometry": { "type": "Polygon", "coordinates": [ [ [ -140.0, 60.0 ], [ -140.0, 65.0 ], [ -145.0, 65.0 ], [ -145.0, 60.0 ], [ -140.0, 60.0 ] ] ] } },
{ "type": "Feature", "properties": { "path": "./Height/northamerica/w070_n20_w065_n15.zip", "SHA512": "bd6f3e0787a69ca25361187a843ac56137c40d8cca7432b464613e429e89ceaf10e8d1b350665ec401d25b3f9514a9f04e2ba00d86a75a365536362059bc7410" }, "geometry": { "type": "Polygon", "coordinates": [ [ [ -65.0, 15.0 ], [ -65.0, 20.0 ], [ -70.0, 20.0 ], [ -70.0, 15.0 ], [ -65.0, 15.0 ] ] ] } },
{ "type": "Feature", "properties": { "path": "./Height/northamerica/w170_n70_w165_n65.zip", "SHA512": "444ced2dd86daf675a6bb25b83f470d1c940dc2a3ce98786a1e3062a374fb21beac98025f68c4f1076a82d36352d1e68e2faa2afea18e18dd441c435e08808fd" }, "geometry": { "type": "Polygon", "coordinates": [ [ [ -165.0, 65.0 ], [ -165.0, 70.0 ], [ -170.0, 70.0 ], [ -170.0, 65.0 ], [ -165.0, 65.0 ] ] ] } },
{ "type": "Feature", "properties": { "path": "./Height/northamerica/w115_n25_w110_n20.zip", "SHA512": "05a7a81f54be4c71596afdff9eba1812fa0af7b379d96e0734fc0ed75b1ce541c64b2e77a0af14229e33f69f367ac670356ad5987abf91dbcba0906e07e1d3ad" }, "geometry": { "type": "Polygon", "coordinates": [ [ [ -110.0, 20.0 ], [ -110.0, 25.0 ], [ -115.0, 25.0 ], [ -115.0, 20.0 ], [ -110.0, 20.0 ] ] ] } },
{ "type": "Feature", "properties": { "path": "./Height/northamerica/w090_n45_w085_n40.zip", "SHA512": "e08cbb98cda5bb37dc5e297338f9134d8235dee203915345c8acf88d7a759ba2a28294d589f2744cb612e3004e389d07bd271a38e9e0d91d8caa84c3d68bbfba" }, "geometry": { "type": "Polygon", "coordinates": [ [ [ -85.0, 40.0 ], [ -85.0, 45.0 ], [ -90.0, 45.0 ], [ -90.0, 40.0 ], [ -85.0, 40.0 ] ] ] } },
{ "type": "Feature", "properties": { "path": "./Height/northamerica/w140_n60_w135_n55.zip", "SHA512": "43bc71e607d29d11bf3c465f4359797447ff738367fc970a7d69d9433623e5734fb4a96aa5d7f1e34e45211bf3f09b7fc6c67d02744a55f1a1f8a94e530afc28" }, "geometry": { "type": "Polygon", "coordinates": [ [ [ -135.0, 55.0 ], [ -135.0, 60.0 ], [ -140.0, 60.0 ], [ -140.0, 55.0 ], [ -135.0, 55.0 ] ] ] } },
{ "type": "Feature", "properties": { "path": "./Height/northamerica/w065_n20_w060_n15.zip", "SHA512": "9e7e7b5b6330fb41a792f1ff4c2e705c8c70b8c4c04a16d65641a296d2c4d0dbbf80faf90a871a0da78569a76e8d5b812defedb788b05292f6d0377e987b6350" }, "geometry": { "type": "Polygon", "coordinates": [ [ [ -60.0, 15.0 ], [ -60.0, 20.0 ], [ -65.0, 20.0 ], [ -65.0, 15.0 ], [ -60.0, 15.0 ] ] ] } },
{ "type": "Feature", "properties": { "path": "./Height/northamerica/w100_n20_w095_n15.zip", "SHA512": "c58b00a186770749d89460c997ef56aa067a0faebeed285d3a3430e346d4acb6fed55ec0a568a317172e1f6b201f0d55f5e51fbfd93dc08a0ddb01792f845261" }, "geometry": { "type": "Polygon", "coordinates": [ [ [ -95.0, 15.0 ], [ -95.0, 20.0 ], [ -100.0, 20.0 ], [ -100.0, 15.0 ], [ -95.0, 15.0 ] ] ] } },
{ "type": "Feature", "properties": { "path": "./Height/northamerica/w100_n55_w095_n50.zip", "SHA512": "2587f471c66547e494f7cea6dc2d384ce793442db173f8879cb6679957e12edc7989f3a07ce25dc26c37f8e46b2cd09e2815afcdb7b73b3ece591db4172394eb" }, "geometry": { "type": "Polygon", "coordinates": [ [ [ -95.0, 50.0 ], [ -95.0, 55.0 ], [ -100.0, 55.0 ], [ -100.0, 50.0 ], [ -95.0, 50.0 ] ] ] } },
{ "type": "Feature", "properties": { "path": "./Height/northamerica/w050_n60_w045_n55.zip", "SHA512": "00c135461df0338493e181cfb9081a08418172857a7ad87c147d58de2e36f4af97f9e5d45d6ec58dc6b3b46d608a1d79b59f311bf502e598cfd3200492d88f64" }, "geometry": { "type": "Polygon", "coordinates": [ [ [ -45.0, 55.0 ], [ -45.0, 60.0 ], [ -50.0, 60.0 ], [ -50.0, 55.0 ], [ -45.0, 55.0 ] ] ] } },
{ "type": "Feature", "properties": { "path": "./Height/northamerica/w070_n75_w065_n70.zip", "SHA512": "1067a00c9780eaabb457e6ecb61d451797af789803e8ff7bb6cf6b1494700e22f9b59a7a42f77e992543eb9a5a21337082fe3705432196528541983c10ab7b29" }, "geometry": { "type": "Polygon", "coordinates": [ [ [ -65.0, 70.0 ], [ -65.0, 75.0 ], [ -70.0, 75.0 ], [ -70.0, 70.0 ], [ -65.0, 70.0 ] ] ] } },
{ "type": "Feature", "properties": { "path": "./Height/northamerica/w080_n45_w075_n40.zip", "SHA512": "21f977d637674e91120fb358a9f81851927c147c53eb637ebe170abda627daad39216fe9983c4ac17d11fcc07df7a278e3d2e221a80eab0c6ab26a6d6c5a8fbe" }, "geometry": { "type": "Polygon", "coordinates": [ [ [ -75.0, 40.0 ], [ -75.0, 45.0 ], [ -80.0, 45.0 ], [ -80.0, 40.0 ], [ -75.0, 40.0 ] ] ] } },
{ "type": "Feature", "properties": { "path": "./Height/northamerica/w075_n40_w070_n35.zip", "SHA512": "d25bb25e8bdbee6047a3e3159a8170d8d05827d3425659557a525a06f0f2a2635f9e9a81e4347861d5c01457fc710271b7d605eeb35eadd78d9fb48dab7129ef" }, "geometry": { "type": "Polygon", "coordinates": [ [ [ -70.0, 35.0 ], [ -70.0, 40.0 ], [ -75.0, 40.0 ], [ -75.0, 35.0 ], [ -70.0, 35.0 ] ] ] } },
{ "type": "Feature", "properties": { "path": "./Height/northamerica/w095_n40_w090_n35.zip", "SHA512": "bcc27db9712b48bbefa96086e604c4264ad234acd7d95cf11503ec443326e7a54e27004c675e6a802f887cd1fc7ad7290700ab17490a37605e2a33e1b9bc3023" }, "geometry": { "type": "Polygon", "coordinates": [ [ [ -90.0, 35.0 ], [ -90.0, 40.0 ], [ -95.0, 40.0 ], [ -95.0, 35.0 ], [ -90.0, 35.0 ] ] ] } },
{ "type": "Feature", "properties": { "path": "./Height/northamerica/w115_n70_w110_n65.zip", "SHA512": "581f50982d693ca3ce5176574eacaf9fd74967dec79492ec711c2576371742a067213487f68d4e935a657e4245ef3b2a95335b6db94a37aa643b6ca190d361ba" }, "geometry": { "type": "Polygon", "coordinates": [ [ [ -110.0, 65.0 ], [ -110.0, 70.0 ], [ -115.0, 70.0 ], [ -115.0, 65.0 ], [ -110.0, 65.0 ] ] ] } },
{ "type": "Feature", "properties": { "path": "./Height/northamerica/w120_n45_w115_n40.zip", "SHA512": "d853f1fd99fdf667fd37d28c7a29daedf08755becd685066571fbaac39b9830facfa76db91a18f74b4a2e136e6f0b99785dcc722f0734054ac0ddc3a01eb556f" }, "geometry": { "type": "Polygon", "coordinates": [ [ [ -115.0, 40.0 ], [ -115.0, 45.0 ], [ -120.0, 45.0 ], [ -120.0, 40.0 ], [ -115.0, 40.0 ] ] ] } },
{ "type": "Feature", "properties": { "path": "./Height/northamerica/w080_n50_w075_n45.zip", "SHA512": "8c8bdb974ce72d7c49b7c75607ce6b5bd21fd2cd5a87c42b4c62bd2f9c7f5bff45369e8158d1f29c1f8d1327aae703f31b57da6acdc0c2c7db277a362780631a" }, "geometry": { "type": "Polygon", "coordinates": [ [ [ -75.0, 45.0 ], [ -75.0, 50.0 ], [ -80.0, 50.0 ], [ -80.0, 45.0 ], [ -75.0, 45.0 ] ] ] } },
{ "type": "Feature", "properties": { "path": "./Height/northamerica/w075_n50_w070_n45.zip", "SHA512": "79bf5090b52b7781b4c3a306b6d1caf61e81d304e3376a5b8936ab1f7f578a6b1d96db393ef829b633fedc88da214d745471b3c7e10957e7ef891b43304590d7" }, "geometry": { "type": "Polygon", "coordinates": [ [ [ -70.0, 45.0 ], [ -70.0, 50.0 ], [ -75.0, 50.0 ], [ -75.0, 45.0 ], [ -70.0, 45.0 ] ] ] } },
{ "type": "Feature", "properties": { "path": "./Height/northamerica/w075_n65_w070_n60.zip", "SHA512": "42d8acaaa45467f9859ee1a687e930cc08b2a50a72df3faac8f935c9c45f18309cee6fd0752251bd1bc30ba26a757ceb5044ad83d2a316a450f8eb527cf4b309" }, "geometry": { "type": "Polygon", "coordinates": [ [ [ -70.0, 60.0 ], [ -70.0, 65.0 ], [ -75.0, 65.0 ], [ -75.0, 60.0 ], [ -70.0, 60.0 ] ] ] } },
{ "type": "Feature", "properties": { "path": "./Height/northamerica/w030_n40_w025_n35.zip", "SHA512": "308055b70ccecc508819408a0816ef6b11db48d7a2f8a2a9d99bfeffcd8706d34b7bd8f81c6403e40faaffe2b190e8eebd658357c56c4a30aa8ee2c61b621f5a" }, "geometry": { "type": "Polygon", "coordinates": [ [ [ -25.0, 35.0 ], [ -25.0, 40.0 ], [ -30.0, 40.0 ], [ -30.0, 35.0 ], [ -25.0, 35.0 ] ] ] } },
{ "type": "Feature", "properties": { "path": "./Height/northamerica/w110_n65_w105_n60.zip", "SHA512": "ac7c36ea06b4adc315bf52fd019a23922e818060f59572892aaebceaa685b8e18ab050d2ad82cf44d91455fd62f1606de1f512b79c62370bf48d11c23aeac668" }, "geometry": { "type": "Polygon", "coordinates": [ [ [ -105.0, 60.0 ], [ -105.0, 65.0 ], [ -110.0, 65.0 ], [ -110.0, 60.0 ], [ -105.0, 60.0 ] ] ] } },
{ "type": "Feature", "properties": { "path": "./Height/northamerica/w135_n70_w130_n65.zip", "SHA512": "bdff7108afe7d1a494d292b1770edfb797399c21cfa2d612aaf0f640c7125b28153066001431ba3202af92dcecf8e4d84101030b36c2cc761f73f1ca824fe918" }, "geometry": { "type": "Polygon", "coordinates": [ [ [ -130.0, 65.0 ], [ -130.0, 70.0 ], [ -135.0, 70.0 ], [ -135.0, 65.0 ], [ -130.0, 65.0 ] ] ] } },
{ "type": "Feature", "properties": { "path": "./Height/northamerica/w070_n50_w065_n45.zip", "SHA512": "224caef91accae0f8162fd97e7f9630db78905f6485a9fcdb5999432f7c16319ade2b9789c7c3e46af78bb19b39eb64c3c7b9a71f95539547907385f5b450773" }, "geometry": { "type": "Polygon", "coordinates": [ [ [ -65.0, 45.0 ], [ -65.0, 50.0 ], [ -70.0, 50.0 ], [ -70.0, 45.0 ], [ -65.0, 45.0 ] ] ] } },
{ "type": "Feature", "properties": { "path": "./Height/northamerica/w070_n55_w065_n50.zip", "SHA512": "fb444d838b9fe1555cf7a3915b95b4aa2626d189e6cc989013ef1bc5b2a9b10d0d60049813bfaca8b9686ba98a6ceb85ceb9d557fbcc8d2ed9c45d1d633565fe" }, "geometry": { "type": "Polygon", "coordinates": [ [ [ -65.0, 50.0 ], [ -65.0, 55.0 ], [ -70.0, 55.0 ], [ -70.0, 50.0 ], [ -65.0, 50.0 ] ] ] } },
{ "type": "Feature", "properties": { "path": "./Height/northamerica/w090_n20_w085_n15.zip", "SHA512": "f8a7f671bfa76821a7f811b642886141fa831a788e906a37378e5f39b82cab3fd8c8e34944aff86264bf915d9080f4d827fb0a55bc4342271b308f75c5879eee" }, "geometry": { "type": "Polygon", "coordinates": [ [ [ -85.0, 15.0 ], [ -85.0, 20.0 ], [ -90.0, 20.0 ], [ -90.0, 15.0 ], [ -85.0, 15.0 ] ] ] } },
{ "type": "Feature", "properties": { "path": "./Height/northamerica/w090_n40_w085_n35.zip", "SHA512": "4d8fe165fd5ca311fa4bc321ef45a151ac54c50699d253cb585c1d62e1a2b11d844882d1f96b75780ca49963ca1cf41f946f927e26ffdb3a75ecb46235a9c5e7" }, "geometry": { "type": "Polygon", "coordinates": [ [ [ -85.0, 35.0 ], [ -85.0, 40.0 ], [ -90.0, 40.0 ], [ -90.0, 35.0 ], [ -85.0, 35.0 ] ] ] } },
{ "type": "Feature", "properties": { "path": "./Height/northamerica/w115_n45_w110_n40.zip", "SHA512": "990c3b6e899929fa7d902ac6745b13a4b4fbc6cd9f3a8b01d483aa3f73f3e01014c522c1ce2b4a833f7d2a2fd279beeab93d0a3731c744970408b01f8a124d74" }, "geometry": { "type": "Polygon", "coordinates": [ [ [ -110.0, 40.0 ], [ -110.0, 45.0 ], [ -115.0, 45.0 ], [ -115.0, 40.0 ], [ -110.0, 40.0 ] ] ] } },
{ "type": "Feature", "properties": { "path": "./Height/northamerica/w060_n60_w055_n55.zip", "SHA512": "24022991917419c1d258a8534bc1d605040a7c33edbccb4dfc3527b6390980995eea8c0844c33c8c804ed58b232991c3cdb253fd7b6b4b41fb61060b4210f58d" }, "geometry": { "type": "Polygon", "coordinates": [ [ [ -55.0, 55.0 ], [ -55.0, 60.0 ], [ -60.0, 60.0 ], [ -60.0, 55.0 ], [ -55.0, 55.0 ] ] ] } },
{ "type": "Feature", "properties": { "path": "./Height/northamerica/w115_n35_w110_n30.zip", "SHA512": "a71366228f7cf8ef98ebed4406fb044880c9a8bd50984c7658c0e1e060c93dbcb84f0615798c7f18fd069aa838f2f27f326e6d86d9ce2910a79fb67d11d2ae67" }, "geometry": { "type": "Polygon", "coordinates": [ [ [ -110.0, 30.0 ], [ -110.0, 35.0 ], [ -115.0, 35.0 ], [ -115.0, 30.0 ], [ -110.0, 30.0 ] ] ] } },
{ "type": "Feature", "properties": { "path": "./Height/northamerica/w110_n20_w105_n15.zip", "SHA512": "d9b04491362602c67cc171d617c9052336af9c118fb14787a592661d32b821c501481732e300472af6d72991e3fdb7e539952c3ea41f7a425b0b3529221e32b7" }, "geometry": { "type": "Polygon", "coordinates": [ [ [ -105.0, 15.0 ], [ -105.0, 20.0 ], [ -110.0, 20.0 ], [ -110.0, 15.0 ], [ -105.0, 15.0 ] ] ] } },
{ "type": "Feature", "properties": { "path": "./Height/northamerica/w055_n70_w050_n65.zip", "SHA512": "c3ad9600745e4974c7d1787900044af3d161fb3efd2736e46eadcb95ed852f1d36da62f72524934a4ed161a422edeb7f7f6980ccb6750f35adcb2982418d7c1d" }, "geometry": { "type": "Polygon", "coordinates": [ [ [ -50.0, 65.0 ], [ -50.0, 70.0 ], [ -55.0, 70.0 ], [ -55.0, 65.0 ], [ -50.0, 65.0 ] ] ] } },
{ "type": "Feature", "properties": { "path": "./Height/northamerica/w065_n35_w060_n30.zip", "SHA512": "1b53237d273f8513d082a08fd78b04fa32a5cd6e9dd50429a490daf2c45b2158491952c60c6999174bd9253376cecb1f9b8e34282a82258d343fef1f62614bdf" }, "geometry": { "type": "Polygon", "coordinates": [ [ [ -60.0, 30.0 ], [ -60.0, 35.0 ], [ -65.0, 35.0 ], [ -65.0, 30.0 ], [ -60.0, 30.0 ] ] ] } },
{ "type": "Feature", "properties": { "path": "./Height/northamerica/w065_n50_w060_n45.zip", "SHA512": "c010626bc10d7c7c5b1ec60c102e3bfc8bbf17009326367ef2364af4352c54c405155c1840b40bc55aafd4dac1cd5e7935f7fbd6601a7f8ff4a068aa73d33729" }, "geometry": { "type": "Polygon", "coordinates": [ [ [ -60.0, 45.0 ], [ -60.0, 50.0 ], [ -65.0, 50.0 ], [ -65.0, 45.0 ], [ -60.0, 45.0 ] ] ] } },
{ "type": "Feature", "properties": { "path": "./Height/northamerica/w120_n65_w115_n60.zip", "SHA512": "8265d31b866f6d16ee27e136da40bc52bd38302d667042dea00575432b608df711f22dac1ea2b7c7701632caf03e1f51ed1b7c1e9876f7b82bce9fe406877df8" }, "geometry": { "type": "Polygon", "coordinates": [ [ [ -115.0, 60.0 ], [ -115.0, 65.0 ], [ -120.0, 65.0 ], [ -120.0, 60.0 ], [ -115.0, 60.0 ] ] ] } },
{ "type": "Feature", "properties": { "path": "./Height/northamerica/w110_n25_w105_n20.zip", "SHA512": "015ad855b5435774624688edf1f75e5b976cd30d046a2b2cbbaeaba49676ae6e78617e5ee4c11e79121b3b8d2e8604b46bca34f0f988b02ac42a0b48d53f8a0e" }, "geometry": { "type": "Polygon", "coordinates": [ [ [ -105.0, 20.0 ], [ -105.0, 25.0 ], [ -110.0, 25.0 ], [ -110.0, 20.0 ], [ -105.0, 20.0 ] ] ] } },
{ "type": "Feature", "properties": { "path": "./Height/northamerica/w030_n20_w025_n15.zip", "SHA512": "b33249ef6ec46a507a57314c7d37232f27adbea79328dc238ace861023b36b92724289090f24508f0b5de6f9cb699dacb5d96cf6b93c554ede274839e2aca4dc" }, "geometry": { "type": "Polygon", "coordinates": [ [ [ -25.0, 15.0 ], [ -25.0, 20.0 ], [ -30.0, 20.0 ], [ -30.0, 15.0 ], [ -25.0, 15.0 ] ] ] } },
{ "type": "Feature", "properties": { "path": "./Height/northamerica/w105_n50_w100_n45.zip", "SHA512": "f3a5f90df4b4a0c66f5129488f18739a342b483815e00ce07fd946bfd79f5bd8d8db27c44af45445396b3e3ae6b0f72efacfcd9bed436ab4d17838caf37adde9" }, "geometry": { "type": "Polygon", "coordinates": [ [ [ -100.0, 45.0 ], [ -100.0, 50.0 ], [ -105.0, 50.0 ], [ -105.0, 45.0 ], [ -100.0, 45.0 ] ] ] } },
{ "type": "Feature", "properties": { "path": "./Height/northamerica/w080_n30_w075_n25.zip", "SHA512": "6db7da3ad882b1908736f8dc06d762fb1b714b3db7edfc01d813dbf8cec849562f93298955e0ec2f759f7f5f28b29780e7079874f3d4c5c2a66567f3456e87ee" }, "geometry": { "type": "Polygon", "coordinates": [ [ [ -75.0, 25.0 ], [ -75.0, 30.0 ], [ -80.0, 30.0 ], [ -80.0, 25.0 ], [ -75.0, 25.0 ] ] ] } },
{ "type": "Feature", "properties": { "path": "./Height/northamerica/w130_n70_w125_n65.zip", "SHA512": "b6743c3fcc73567babe17ed17256392909d491e4f2aa6deb81ef3857fc03ddcfd8d522a17f4a37b3866f64d030afce0eb8410add0aad1605b56dcaab6ad2f174" }, "geometry": { "type": "Polygon", "coordinates": [ [ [ -125.0, 65.0 ], [ -125.0, 70.0 ], [ -130.0, 70.0 ], [ -130.0, 65.0 ], [ -125.0, 65.0 ] ] ] } },
{ "type": "Feature", "properties": { "path": "./Height/northamerica/w090_n55_w085_n50.zip", "SHA512": "9d88ee9f7f808f233d74743549e4c35e942d3e902ad3238e011868c561cbfeb14ce335c570164553b5adadc59b0d6422e36ad8ba6dfa7afc33292b206ac7835b" }, "geometry": { "type": "Polygon", "coordinates": [ [ [ -85.0, 50.0 ], [ -85.0, 55.0 ], [ -90.0, 55.0 ], [ -90.0, 50.0 ], [ -85.0, 50.0 ] ] ] } },
{ "type": "Feature", "properties": { "path": "./Height/northamerica/w110_n35_w105_n30.zip", "SHA512": "649b4c048355640a48ee7498b1cbed95566305e3a3a84192a0c9740ff10c96e8b544d94cf67983f25b26aeca0a71a60d67f218121dc1c50cf2440884bfe8f50b" }, "geometry": { "type": "Polygon", "coordinates": [ [ [ -105.0, 30.0 ], [ -105.0, 35.0 ], [ -110.0, 35.0 ], [ -110.0, 30.0 ], [ -105.0, 30.0 ] ] ] } },
{ "type": "Feature", "properties": { "path": "./Height/northamerica/w075_n60_w070_n55.zip", "SHA512": "3149be1ea546113392f1c27e1a705ad44080ad0fb4aa12e7f31df7aa06df08e3c50eda784ea2c91f0007c54c69053c3cceba6cafd19267811d6df3243657ff51" }, "geometry": { "type": "Polygon", "coordinates": [ [ [ -70.0, 55.0 ], [ -70.0, 60.0 ], [ -75.0, 60.0 ], [ -75.0, 55.0 ], [ -70.0, 55.0 ] ] ] } },
{ "type": "Feature", "properties": { "path": "./Height/northamerica/w090_n35_w085_n30.zip", "SHA512": "c2e7ea3fe3a4e0960be0872be6a574063ed6d04f3b5834950f2e7534e3f24f1dece190e0ea724bcfad655ff35ead5c2a4e7506c33d7fe2b1e8349378d611cf5a" }, "geometry": { "type": "Polygon", "coordinates": [ [ [ -85.0, 30.0 ], [ -85.0, 35.0 ], [ -90.0, 35.0 ], [ -90.0, 30.0 ], [ -85.0, 30.0 ] ] ] } },
{ "type": "Feature", "properties": { "path": "./Height/oceania/e070_s05_e075_s10.zip", "SHA512": "382f1afa06f2e68325e69bb68332298f83f2fbfe6a535240ea2f8f632ea43dbb86f6c46f7f21a3bb9b669ecb5a83f9e00b33b54b49d9746269ca43461f9bac2f" }, "geometry": { "type": "Polygon", "coordinates": [ [ [ 75.0, -10.0 ], [ 75.0, -5.0 ], [ 70.0, -5.0 ], [ 70.0, -10.0 ], [ 75.0, -10.0 ] ] ] } },
{ "type": "Feature", "properties": { "path": "./Height/oceania/e155_s30_e160_s35.zip", "SHA512": "f5163822fa2ffaf3eb7dba947fa3ce75323f7dfe685a1d3a2b2cd76dc73d03a52e618ca08677f18ad1c9ae3e100cd02cb717104989e08e45c1121471f4ccabb2" }, "geometry": { "type": "Polygon", "coordinates": [ [ [ 160.0, -35.0 ], [ 160.0, -30.0 ], [ 155.0, -30.0 ], [ 155.0, -35.0 ], [ 160.0, -35.0 ] ] ] } },
{ "type": "Feature", "properties": { "path": "./Height/oceania/e110_s25_e115_s30.zip", "SHA512": "e2d17595dd21195ae8489c3878638042cfa34bae930ceb70ea35bad3446a3d69126aea0b948f1938bb78a0dacd3adfac6bc5c619ea0fcd2981776ca8c1aa15ab" }, "geometry": { "type": "Polygon", "coordinates": [ [ [ 115.0, -30.0 ], [ 115.0, -25.0 ], [ 110.0, -25.0 ], [ 110.0, -30.0 ], [ 115.0, -30.0 ] ] ] } },
{ "type": "Feature", "properties": { "path": "./Height/oceania/e135_s20_e140_s25.zip", "SHA512": "9ff369013d38cce5122b6e7332eb27ef5b3726ba1ba9d8d3be03ba8c2fc4b8237c7198a8a3887333ed9151b90463a6d58571867bbde4a29873195877f30162d9" }, "geometry": { "type": "Polygon", "coordinates": [ [ [ 140.0, -25.0 ], [ 140.0, -20.0 ], [ 135.0, -20.0 ], [ 135.0, -25.0 ], [ 140.0, -25.0 ] ] ] } },
{ "type": "Feature", "properties": { "path": "./Height/oceania/e175_s15_e180_s20.zip", "SHA512": "f6162ebe5427da93b05992f9616f81d92b1c7c0670b7cb56b59415f9bfc440c21eaf02c6888b7ce24e89090ddb31c75744e6f23230d323a11a2d9bd98396bf49" }, "geometry": { "type": "Polygon", "coordinates": [ [ [ 180.0, -20.0 ], [ 180.0, -15.0 ], [ 175.0, -15.0 ], [ 175.0, -20.0 ], [ 180.0, -20.0 ] ] ] } },
{ "type": "Feature", "properties": { "path": "./Height/oceania/e145_s05_e150_s10.zip", "SHA512": "7601e326ca7c309249f058bb970e9c8a469b6a567638e174574b7f4e5854563ef0d2db0bd3800b6c57e82918628261568530e38d533e36e16d66099a2da38706" }, "geometry": { "type": "Polygon", "coordinates": [ [ [ 150.0, -10.0 ], [ 150.0, -5.0 ], [ 145.0, -5.0 ], [ 145.0, -10.0 ], [ 150.0, -10.0 ] ] ] } },
{ "type": "Feature", "properties": { "path": "./Height/oceania/e145_s20_e150_s25.zip", "SHA512": "eb2607dae3e5b934888ea5c6d1616346eb792299b1361a77aeaeea336e9723e122619fcc05997163da75cafbc19262de0f843ba22265dd091ae2dfa17842988b" }, "geometry": { "type": "Polygon", "coordinates": [ [ [ 150.0, -25.0 ], [ 150.0, -20.0 ], [ 145.0, -20.0 ], [ 145.0, -25.0 ], [ 150.0, -25.0 ] ] ] } },
{ "type": "Feature", "properties": { "path": "./Height/oceania/e150_s30_e155_s35.zip", "SHA512": "dcb3a8eacea09a174a46cdac5f29af098b3f9faeedeade9369e7e41792f5a8d2a19ad57d6dd50acd50c68439667bd26379e2d40ea8ae4057b122c4f119342660" }, "geometry": { "type": "Polygon", "coordinates": [ [ [ 155.0, -35.0 ], [ 155.0, -30.0 ], [ 150.0, -30.0 ], [ 150.0, -35.0 ], [ 155.0, -35.0 ] ] ] } },
{ "type": "Feature", "properties": { "path": "./Height/oceania/e070_n00_e075_s05.zip", "SHA512": "df03788ebbe91ecd58afb6b5fbc41ed832140b2bfa170153192d4bb11449869e877ea2fd90bdbf6ecd6e44a6dfc4bb602dba459a0dcbf83f878c1fc56fe163d3" }, "geometry": { "type": "Polygon", "coordinates": [ [ [ 75.0, -5.0 ], [ 75.0, 0.0 ], [ 70.0, 0.0 ], [ 70.0, -5.0 ], [ 75.0, -5.0 ] ] ] } },
{ "type": "Feature", "properties": { "path": "./Height/oceania/e060_s15_e065_s20.zip", "SHA512": "11064d9f648dad58c675cabf08bb32d6041e085a9134573c4cc6aa80d17f5ec7d4672c5aaefe7f90aabf2822b75cc67685a63e10f0bce06ab42df2aeaf98b9fe" }, "geometry": { "type": "Polygon", "coordinates": [ [ [ 65.0, -20.0 ], [ 65.0, -15.0 ], [ 60.0, -15.0 ], [ 60.0, -20.0 ], [ 65.0, -20.0 ] ] ] } },
{ "type": "Feature", "properties": { "path": "./Height/oceania/e115_n05_e120_n00.zip", "SHA512": "104a68b80b395ed225ad70e2ce25bc20215575679f4541801df4179fe52cd78d5248845a8a4e6f9f02bcec56ea5c9da3b9a8c8cfde8f6af7793556a5309f2115" }, "geometry": { "type": "Polygon", "coordinates": [ [ [ 120.0, 0.0 ], [ 120.0, 5.0 ], [ 115.0, 5.0 ], [ 115.0, 0.0 ], [ 120.0, 0.0 ] ] ] } },
{ "type": "Feature", "properties": { "path": "./Height/oceania/e175_s40_e180_s45.zip", "SHA512": "f33288ce1a5b5da8b1e087112be342417e0c16392b3ba186d7c0593fb8607f50da7f1fbae6ab3f005676bc64dc9d5aef3d3d8ebb1983648ac2e6422e22a25555" }, "geometry": { "type": "Polygon", "coordinates": [ [ [ 180.0, -45.0 ], [ 180.0, -40.0 ], [ 175.0, -40.0 ], [ 175.0, -45.0 ], [ 180.0, -45.0 ] ] ] } },
{ "type": "Feature", "properties": { "path": "./Height/oceania/e120_s20_e125_s25.zip", "SHA512": "150e457f6ed09d0b14b5605ddc4dc6c6e1b0306910b74982580a2883cc3f90c16928d72530d75938fae1233f370f72adbb5b54df6abc90afa4dad02da524de73" }, "geometry": { "type": "Polygon", "coordinates": [ [ [ 125.0, -25.0 ], [ 125.0, -20.0 ], [ 120.0, -20.0 ], [ 120.0, -25.0 ], [ 125.0, -25.0 ] ] ] } },
{ "type": "Feature", "properties": { "path": "./Height/oceania/e115_s15_e120_s20.zip", "SHA512": "507dd8a5107ef50940d1e5b31b0316b395b18cf5e3444a97afae22e372e10cfe2bfebc5511e88450ebbce061a49dd5bf1381669fea16f3614cb4856f262bc5b1" }, "geometry": { "type": "Polygon", "coordinates": [ [ [ 120.0, -20.0 ], [ 120.0, -15.0 ], [ 115.0, -15.0 ], [ 115.0, -20.0 ], [ 120.0, -20.0 ] ] ] } },
{ "type": "Feature", "properties": { "path": "./Height/oceania/e140_s40_e145_s45.zip", "SHA512": "fd6e0ee289b1571d98c55a4a93d90950be5d17175f9243e9d3f9e52cbd2395170f83e8c4999796ac3da393bf124e0593eab7b8472df11a4ac5ba127958e923fa" }, "geometry": { "type": "Polygon", "coordinates": [ [ [ 145.0, -45.0 ], [ 145.0, -40.0 ], [ 140.0, -40.0 ], [ 140.0, -45.0 ], [ 145.0, -45.0 ] ] ] } },
{ "type": "Feature", "properties": { "path": "./Height/oceania/e115_n00_e120_s05.zip", "SHA512": "22a2908d99aaa125b697d507ccab93ffc28652d4544d2137558aba2dd6236a93259ba8554f597f6518939a621dfec97ee352e0b65e17fbfa93211d900eab004b" }, "geometry": { "type": "Polygon", "coordinates": [ [ [ 120.0, -5.0 ], [ 120.0, 0.0 ], [ 115.0, 0.0 ], [ 115.0, -5.0 ], [ 120.0, -5.0 ] ] ] } },
{ "type": "Feature", "properties": { "path": "./Height/oceania/e150_s05_e155_s10.zip", "SHA512": "85450c77793b1419b530537e571dabe290fc0fb033fd8e6c69bbb9ea47123c3d851a5d9ef6752a9d492df7bc096949f3779727b8c3cdb94694460623860a5d2e" }, "geometry": { "type": "Polygon", "coordinates": [ [ [ 155.0, -10.0 ], [ 155.0, -5.0 ], [ 150.0, -5.0 ], [ 150.0, -10.0 ], [ 155.0, -10.0 ] ] ] } },
{ "type": "Feature", "properties": { "path": "./Height/oceania/e105_s10_e110_s15.zip", "SHA512": "d6dfc7562a68585b856fc58b7431507a87f83c86b4b2bb5c61a3465066df27d6157854e681639e368501acb5f05d8ab66f123b7abbdec3c9802ef9cae0db6ad6" }, "geometry": { "type": "Polygon", "coordinates": [ [ [ 110.0, -15.0 ], [ 110.0, -10.0 ], [ 105.0, -10.0 ], [ 105.0, -15.0 ], [ 110.0, -15.0 ] ] ] } },
{ "type": "Feature", "properties": { "path": "./Height/oceania/e160_s20_e165_s25.zip", "SHA512": "c5cc06e6b1a49ca2977b39f1f6968c5118de980ef59e7e2d752a8429ce77562acb028e9030d74e21ed40ca23f9f46660f119c6da8cede6ead4ad8f3f1ae3605f" }, "geometry": { "type": "Polygon", "coordinates": [ [ [ 165.0, -25.0 ], [ 165.0, -20.0 ], [ 160.0, -20.0 ], [ 160.0, -25.0 ], [ 165.0, -25.0 ] ] ] } },
{ "type": "Feature", "properties": { "path": "./Height/oceania/e130_n05_e135_n00.zip", "SHA512": "7e00f1b6c8b5852a998bceabfb566e56b8afa0008299b25f3b90cfb5e646bdbb0d17746ad29e15db0cc74fe65818e04ffd7beeb1cc60038e0f7adb42e515d59e" }, "geometry": { "type": "Polygon", "coordinates": [ [ [ 135.0, 0.0 ], [ 135.0, 5.0 ], [ 130.0, 5.0 ], [ 130.0, 0.0 ], [ 135.0, 0.0 ] ] ] } },
{ "type": "Feature", "properties": { "path": "./Height/oceania/e130_s20_e135_s25.zip", "SHA512": "1d63e1bc11dfde5a85fd9e17e1fa317c6a8b807c9082df3939b5679930b20289a4d6aac56416ab5f5dcd0700cb2a358007998d0992a420d77b3fbab232e6bf9e" }, "geometry": { "type": "Polygon", "coordinates": [ [ [ 135.0, -25.0 ], [ 135.0, -20.0 ], [ 130.0, -20.0 ], [ 130.0, -25.0 ], [ 135.0, -25.0 ] ] ] } },
{ "type": "Feature", "properties": { "path": "./Height/oceania/e110_s30_e115_s35.zip", "SHA512": "78e803d946dcb1182c75820570e3c4b35c1f606671905f644d40118d2d9c60663c2f53e5092f2112955012ad4953edadec984aa17899ccc8b5a3d6e7356b1648" }, "geometry": { "type": "Polygon", "coordinates": [ [ [ 115.0, -35.0 ], [ 115.0, -30.0 ], [ 110.0, -30.0 ], [ 110.0, -35.0 ], [ 115.0, -35.0 ] ] ] } },
{ "type": "Feature", "properties": { "path": "./Height/oceania/e140_s15_e145_s20.zip", "SHA512": "cf4a132d4dbb1f821896f67f1a30ba3f1c2dd9581c1b1458b47fb41e9b622d439686c100a8e4827244e4095c37015e8f9de2c7dc37d9b5a39dc43dee4b7561b6" }, "geometry": { "type": "Polygon", "coordinates": [ [ [ 145.0, -20.0 ], [ 145.0, -15.0 ], [ 140.0, -15.0 ], [ 140.0, -20.0 ], [ 145.0, -20.0 ] ] ] } },
{ "type": "Feature", "properties": { "path": "./Height/oceania/e140_s25_e145_s30.zip", "SHA512": "a441276bf37d177f02e0f4bff30e1218ccc30642c9a48596c843383efcf1f97860c3592d771f8a0d6149d49affb7c4a8257d52b34456c2977446dbce064e4f61" }, "geometry": { "type": "Polygon", "coordinates": [ [ [ 145.0, -30.0 ], [ 145.0, -25.0 ], [ 140.0, -25.0 ], [ 140.0, -30.0 ], [ 145.0, -30.0 ] ] ] } },
{ "type": "Feature", "properties": { "path": "./Height/oceania/e135_s05_e140_s10.zip", "SHA512": "5e108cc86e01f21d6f9b736e2163bbdf40f332e11e733d2b186c41580a673e6c3540fb8abf0b1242f6ae034f372ffc4976cbaaf26a6e8e19153512f5942bd43c" }, "geometry": { "type": "Polygon", "coordinates": [ [ [ 140.0, -10.0 ], [ 140.0, -5.0 ], [ 135.0, -5.0 ], [ 135.0, -10.0 ], [ 140.0, -10.0 ] ] ] } },
{ "type": "Feature", "properties": { "path": "./Height/oceania/e120_n05_e125_n00.zip", "SHA512": "994f33175870400595c6861c0feabba28a3700c116e5a6e0689751a675ca6087bd00f332a5110d6b0cfb306b7cd60f48ac40028a8bb2fe2ee622c080e121dba1" }, "geometry": { "type": "Polygon", "coordinates": [ [ [ 125.0, 0.0 ], [ 125.0, 5.0 ], [ 120.0, 5.0 ], [ 120.0, 0.0 ], [ 125.0, 0.0 ] ] ] } },
{ "type": "Feature", "properties": { "path": "./Height/oceania/e165_s20_e170_s25.zip", "SHA512": "899ca5c2a037099629b438257decbaf1e73cc8deea46d4830b3ef6905585f02fb067fba9a1addd3ecf2a50ec7e46be04e58988e9edcfc363716f147e0062dd6e" }, "geometry": { "type": "Polygon", "coordinates": [ [ [ 170.0, -25.0 ], [ 170.0, -20.0 ], [ 165.0, -20.0 ], [ 165.0, -25.0 ], [ 170.0, -25.0 ] ] ] } },
{ "type": "Feature", "properties": { "path": "./Height/oceania/e120_s25_e125_s30.zip", "SHA512": "216cf5d1b086ef889842161cabba269b338a56de54c60987abd328c7cb377aa79823fdcaab72c9cba6b24b1bf2438e70da01734e257b27bbfdfd0e1bf0b03088" }, "geometry": { "type": "Polygon", "coordinates": [ [ [ 125.0, -30.0 ], [ 125.0, -25.0 ], [ 120.0, -25.0 ], [ 120.0, -30.0 ], [ 125.0, -30.0 ] ] ] } },
{ "type": "Feature", "properties": { "path": "./Height/oceania/e115_s25_e120_s30.zip", "SHA512": "2a7c3e30ff71a14c3d617bffbefa4caf46dade2cb7b73bd4832bf0334bdbbc25c89f82bb4d6a032b21b392cd95bcad36d38b9df71c5ee0e60471b5cbff80d727" }, "geometry": { "type": "Polygon", "coordinates": [ [ [ 120.0, -30.0 ], [ 120.0, -25.0 ], [ 115.0, -25.0 ], [ 115.0, -30.0 ], [ 120.0, -30.0 ] ] ] } },
{ "type": "Feature", "properties": { "path": "./Height/oceania/e140_n00_e145_s05.zip", "SHA512": "5b37f9a2be6bdb3763d3ba3a4fc84e8efbe2bea696ab83ae6e27021c04bec50208d84a1066be299b31b4de8caa6cdb867e8b059026b4ad74cd062b9d23195e2d" }, "geometry": { "type": "Polygon", "coordinates": [ [ [ 145.0, -5.0 ], [ 145.0, 0.0 ], [ 140.0, 0.0 ], [ 140.0, -5.0 ], [ 145.0, -5.0 ] ] ] } },
{ "type": "Feature", "properties": { "path": "./Height/oceania/e110_s20_e115_s25.zip", "SHA512": "687f0404fbe0823b5cb995cb32a7e3dfd2f3f3eb468c938d8b772bb331a6cccb0226169b6bbd896fe561bef0720466edb7feaf348eac40fc2ffb74e66fcdeb09" }, "geometry": { "type": "Polygon", "coordinates": [ [ [ 115.0, -25.0 ], [ 115.0, -20.0 ], [ 110.0, -20.0 ], [ 110.0, -25.0 ], [ 115.0, -25.0 ] ] ] } },
{ "type": "Feature", "properties": { "path": "./Height/oceania/e135_s30_e140_s35.zip", "SHA512": "2a01c1a55215d2198d666f45d15704a9643c659cfb949d98a3a4b81e26a25724f6c3504952b71ef7167966359f651542379bd52e4f23412851135298fc8ce7d1" }, "geometry": { "type": "Polygon", "coordinates": [ [ [ 140.0, -35.0 ], [ 140.0, -30.0 ], [ 135.0, -30.0 ], [ 135.0, -35.0 ], [ 140.0, -35.0 ] ] ] } },
{ "type": "Feature", "properties": { "path": "./Height/oceania/e100_n05_e105_n00.zip", "SHA512": "4ef1becc28d4878e637effbb6ad35c6ece1b20a0f21b9f322bdb34e84a97dce4ab1c895880e774cd474140f1d620fb145f86c97cf7afdba9b9b4d9c82dba5efc" }, "geometry": { "type": "Polygon", "coordinates": [ [ [ 105.0, 0.0 ], [ 105.0, 5.0 ], [ 100.0, 5.0 ], [ 100.0, 0.0 ], [ 105.0, 0.0 ] ] ] } },
{ "type": "Feature", "properties": { "path": "./Height/oceania/e095_n00_e100_s05.zip", "SHA512": "e0c26bb7f4e7bb297b9dd083a78a1e83cfb75685f07c1f2b128455a35d67fc5763b2184eed2966efc59c9f6b223a2890773b7457c90537d6454ebf7dfb530b04" }, "geometry": { "type": "Polygon", "coordinates": [ [ [ 100.0, -5.0 ], [ 100.0, 0.0 ], [ 95.0, 0.0 ], [ 95.0, -5.0 ], [ 100.0, -5.0 ] ] ] } },
{ "type": "Feature", "properties": { "path": "./Height/oceania/e160_s05_e165_s10.zip", "SHA512": "5a14f5f262431cab792d857cdacd0ac6acc86107b1c1e7f62659c217f9d62f352f3780817273bfa95daee9a25c6c5bb19da8203a00cde3509a9c3e4ef7dd1378" }, "geometry": { "type": "Polygon", "coordinates": [ [ [ 165.0, -10.0 ], [ 165.0, -5.0 ], [ 160.0, -5.0 ], [ 160.0, -10.0 ], [ 165.0, -10.0 ] ] ] } },
{ "type": "Feature", "properties": { "path": "./Height/oceania/e145_s35_e150_s40.zip", "SHA512": "351490e273a3cc877e6abbf4192bc8e3ba135dfad03f733e4df2433a5263599cabbf2be02b1744db715fe0fa82d47a02de00521ef594562ebd3e6c76ceac93fb" }, "geometry": { "type": "Polygon", "coordinates": [ [ [ 150.0, -40.0 ], [ 150.0, -35.0 ], [ 145.0, -35.0 ], [ 145.0, -40.0 ], [ 150.0, -40.0 ] ] ] } },
{ "type": "Feature", "properties": { "path": "./Height/oceania/e170_s45_e175_s50.zip", "SHA512": "27172ad1fd3f4b0a579f79d71fd8237c8b07f56375810a95306b00c47f257ef9db902276c130942115aabf31ff4cdb8596cde94fe4999d4d8b688ad224e41484" }, "geometry": { "type": "Polygon", "coordinates": [ [ [ 175.0, -50.0 ], [ 175.0, -45.0 ], [ 170.0, -45.0 ], [ 170.0, -50.0 ], [ 175.0, -50.0 ] ] ] } },
{ "type": "Feature", "properties": { "path": "./Height/oceania/e095_s10_e100_s15.zip", "SHA512": "c766ded8ea84ccb71ccbfe12db770b6b953b7fee6be697316b9ffe353338c0bf0b70760e39b80cbe25a6586d0a55d2c8d166c0f843b53af08ced9449d795f46a" }, "geometry": { "type": "Polygon", "coordinates": [ [ [ 100.0, -15.0 ], [ 100.0, -10.0 ], [ 95.0, -10.0 ], [ 95.0, -15.0 ], [ 100.0, -15.0 ] ] ] } },
{ "type": "Feature", "properties": { "path": "./Height/oceania/e170_s30_e175_s35.zip", "SHA512": "ca5d0196d7687cd8f15072283fd35a36a84cf6ac8904b64d7a94fe5715dd4fe0ccf98558fbac2525cb198504b9ed1516bc541e8004e0e2d34b2237f38f7ffe67" }, "geometry": { "type": "Polygon", "coordinates": [ [ [ 175.0, -35.0 ], [ 175.0, -30.0 ], [ 170.0, -30.0 ], [ 170.0, -35.0 ], [ 175.0, -35.0 ] ] ] } },
{ "type": "Feature", "properties": { "path": "./Height/oceania/e110_n00_e115_s05.zip", "SHA512": "63361d900a2d2f568dfecd636b9f9ca834b4e454cd558f337f73cf2c8b80c52bcefbbfd82b68d439592049e7fdf1437f4b8c86a687b9f824bec2cd7563c8a06c" }, "geometry": { "type": "Polygon", "coordinates": [ [ [ 115.0, -5.0 ], [ 115.0, 0.0 ], [ 110.0, 0.0 ], [ 110.0, -5.0 ], [ 115.0, -5.0 ] ] ] } },
{ "type": "Feature", "properties": { "path": "./Height/oceania/e120_s10_e125_s15.zip", "SHA512": "4295b894c2e1b4f271e512a9048393c9d6ae4cb743941c15c08b0123515e57bb2e883154f79ff794c26ca75ea3c266318d3f5bfbdd75d7d88ea456d720be1d18" }, "geometry": { "type": "Polygon", "coordinates": [ [ [ 125.0, -15.0 ], [ 125.0, -10.0 ], [ 120.0, -10.0 ], [ 120.0, -15.0 ], [ 125.0, -15.0 ] ] ] } },
{ "type": "Feature", "properties": { "path": "./Height/oceania/e135_s25_e140_s30.zip", "SHA512": "4cf1e5638bb5a09ca007f7999ef74f2ed6fb1231df62fdeb9d8351c6d0b2abcfa0f2bbdd142cf621935ed4488ba8962bbbb3311167158384d6a5efec8753adc5" }, "geometry": { "type": "Polygon", "coordinates": [ [ [ 140.0, -30.0 ], [ 140.0, -25.0 ], [ 135.0, -25.0 ], [ 135.0, -30.0 ], [ 140.0, -30.0 ] ] ] } },
{ "type": "Feature", "properties": { "path": "./Height/oceania/e125_n00_e130_s05.zip", "SHA512": "432bbb29fa1a8adff9861ff33e38b028b593ed586b635d4004ff9eb96e413df312a716469a06092b5acd7d5900a13536b15bdeabde4318383a1dba93ad0d23bf" }, "geometry": { "type": "Polygon", "coordinates": [ [ [ 130.0, -5.0 ], [ 130.0, 0.0 ], [ 125.0, 0.0 ], [ 125.0, -5.0 ], [ 130.0, -5.0 ] ] ] } },
{ "type": "Feature", "properties": { "path": "./Height/oceania/e165_n05_e170_n00.zip", "SHA512": "94378a9edef2bdefb5e3987b540a7243d5f048f0e50d474cb9d9769bf883b8dddf3d4de68b6521973bda363f464dcc71bdc35d44e6933a8a9741977fbc4348b5" }, "geometry": { "type": "Polygon", "coordinates": [ [ [ 170.0, 0.0 ], [ 170.0, 5.0 ], [ 165.0, 5.0 ], [ 165.0, 0.0 ], [ 170.0, 0.0 ] ] ] } },
{ "type": "Feature", "properties": { "path": "./Height/oceania/e150_s10_e155_s15.zip", "SHA512": "865d1b3b642ae03bca9fc22f617dc46b73676cc3eaff0214b1ff0fc4075245e7ea5f00ada1b596d8828ee9296e4c517d49117882ccbc026e5d2b0a27f90ad880" }, "geometry": { "type": "Polygon", "coordinates": [ [ [ 155.0, -15.0 ], [ 155.0, -10.0 ], [ 150.0, -10.0 ], [ 150.0, -15.0 ], [ 155.0, -15.0 ] ] ] } },
{ "type": "Feature", "properties": { "path": "./Height/oceania/e135_s10_e140_s15.zip", "SHA512": "ae19b9a9c7dedadccc8bbd840238c3e8d623c7123cc6c9a6e92a1ad2373d97d95f4e8c655ba6acaa2d0ac252d8d03e1c80e8b0d4d113b24fc8d26ce3e1b07b9d" }, "geometry": { "type": "Polygon", "coordinates": [ [ [ 140.0, -15.0 ], [ 140.0, -10.0 ], [ 135.0, -10.0 ], [ 135.0, -15.0 ], [ 140.0, -15.0 ] ] ] } },
{ "type": "Feature", "properties": { "path": "./Height/oceania/e160_s15_e165_s20.zip", "SHA512": "5c74e262ce351cbf551ff42101de80358f93184fb1c4045b57bb72e47b1ae0dd62187ad4d0a283677d14ca185d936b8a73c4ac891480504a08240001978d8a34" }, "geometry": { "type": "Polygon", "coordinates": [ [ [ 165.0, -20.0 ], [ 165.0, -15.0 ], [ 160.0, -15.0 ], [ 160.0, -20.0 ], [ 165.0, -20.0 ] ] ] } },
{ "type": "Feature", "properties": { "path": "./Height/oceania/e150_s20_e155_s25.zip", "SHA512": "5b20ee674b7f74b28ccd33ac58f7ac018a8f300bf04e877f6932bc0e7af3efcc588a32e595a7117b4e7215313547740e28b8f4b968ae8e5c4f64202af5b6900c" }, "geometry": { "type": "Polygon", "coordinates": [ [ [ 155.0, -25.0 ], [ 155.0, -20.0 ], [ 150.0, -20.0 ], [ 150.0, -25.0 ], [ 155.0, -25.0 ] ] ] } },
{ "type": "Feature", "properties": { "path": "./Height/oceania/e130_s15_e135_s20.zip", "SHA512": "b8dbd38748c129f29b56749b21b0fdd03e73aef448ede06f932c91740601367487e1b5240d56297081f4cf43ef7e7f17dc76f25c4df36cac328918fed728270e" }, "geometry": { "type": "Polygon", "coordinates": [ [ [ 135.0, -20.0 ], [ 135.0, -15.0 ], [ 130.0, -15.0 ], [ 130.0, -20.0 ], [ 135.0, -20.0 ] ] ] } },
{ "type": "Feature", "properties": { "path": "./Height/oceania/e170_s40_e175_s45.zip", "SHA512": "ec21b56faa26990208b835fade6db1c5c5846b6a2692271bcd3413444b11857c3e4e2497302bd64fdb240c12185c488a573262efd5597709026f480d0de3fe48" }, "geometry": { "type": "Polygon", "coordinates": [ [ [ 175.0, -45.0 ], [ 175.0, -40.0 ], [ 170.0, -40.0 ], [ 170.0, -45.0 ], [ 175.0, -45.0 ] ] ] } },
{ "type": "Feature", "properties": { "path": "./Height/oceania/e155_s05_e160_s10.zip", "SHA512": "8cdd895e5690f9f74efa64030b9e5184559f4f6c18cf88f3a25fb7a6a97e76837bf0f3f88b16288f7e8c41d61dc1ec41fbba9639d88d6629f9afacf9cb9b84d6" }, "geometry": { "type": "Polygon", "coordinates": [ [ [ 160.0, -10.0 ], [ 160.0, -5.0 ], [ 155.0, -5.0 ], [ 155.0, -10.0 ], [ 160.0, -10.0 ] ] ] } },
{ "type": "Feature", "properties": { "path": "./Height/oceania/e140_s05_e145_s10.zip", "SHA512": "90d18e064cc5e82fd00b35948e151ba7cadaf74a45a7f3c72cf4b7048a794ab06b456f023a9b9e7e59693dfdc00413e0dce69dbc5cd140359d2ef21d28b412b4" }, "geometry": { "type": "Polygon", "coordinates": [ [ [ 145.0, -10.0 ], [ 145.0, -5.0 ], [ 140.0, -5.0 ], [ 140.0, -10.0 ], [ 145.0, -10.0 ] ] ] } },
{ "type": "Feature", "properties": { "path": "./Height/oceania/e145_s40_e150_s45.zip", "SHA512": "e877ce41f4cddb17ad94bad332271432315547e8dd65c8436ef1cbffcafd7732442f93283bd087887859df3b3bdd24105c093108c725c7653512657993354e5c" }, "geometry": { "type": "Polygon", "coordinates": [ [ [ 150.0, -45.0 ], [ 150.0, -40.0 ], [ 145.0, -40.0 ], [ 145.0, -45.0 ], [ 150.0, -45.0 ] ] ] } },
{ "type": "Feature", "properties": { "path": "./Height/oceania/e130_s25_e135_s30.zip", "SHA512": "42e8f2c887a6ba226c45d270e37f0fcdf5f72517204589bc5e9735932776516980386a27853e1fafdea54a1a8745265a728712817f5072b68829d9099b785645" }, "geometry": { "type": "Polygon", "coordinates": [ [ [ 135.0, -30.0 ], [ 135.0, -25.0 ], [ 130.0, -25.0 ], [ 130.0, -30.0 ], [ 135.0, -30.0 ] ] ] } },
{ "type": "Feature", "properties": { "path": "./Height/oceania/e115_s20_e120_s25.zip", "SHA512": "84a36252bb76222a98cd10b7e2eb10b461cb9d5e1c23754cde076d1bc675493efa08f401f8b7da9d2fb009406f96298440c5dc0bb9737f5218efbf1708503d3f" }, "geometry": { "type": "Polygon", "coordinates": [ [ [ 120.0, -25.0 ], [ 120.0, -20.0 ], [ 115.0, -20.0 ], [ 115.0, -25.0 ], [ 120.0, -25.0 ] ] ] } },
{ "type": "Feature", "properties": { "path": "./Height/oceania/e175_s05_e180_s10.zip", "SHA512": "70dbc92c43b0dd6c0c22e254cf8a93a549d3e493fc08d0a04d58d4c7c9383af61f927923d7fd62915195e9afc956b04e65ef5a9e0c6652f999c5b6c66621ee12" }, "geometry": { "type": "Polygon", "coordinates": [ [ [ 180.0, -10.0 ], [ 180.0, -5.0 ], [ 175.0, -5.0 ], [ 175.0, -10.0 ], [ 180.0, -10.0 ] ] ] } },
{ "type": "Feature", "properties": { "path": "./Height/oceania/e105_n00_e110_s05.zip", "SHA512": "b5239f05df2c80ea37db387d9a54ab45ad77a283745188f62eb02358de776586ed1cac98a5b2bb4d1d4fba0838b92a271403d82cd3c80f613013a8fb0a7b53e0" }, "geometry": { "type": "Polygon", "coordinates": [ [ [ 110.0, -5.0 ], [ 110.0, 0.0 ], [ 105.0, 0.0 ], [ 105.0, -5.0 ], [ 110.0, -5.0 ] ] ] } },
{ "type": "Feature", "properties": { "path": "./Height/oceania/e110_s05_e115_s10.zip", "SHA512": "a54bf37d9c85fefe8add75a73d1553d6fd2c35fd733e047858d552ffe71c2c40196dc039cf1629c41eb707db4e1cae38656c34df0064817f0b19cfd2b6a58f44" }, "geometry": { "type": "Polygon", "coordinates": [ [ [ 115.0, -10.0 ], [ 115.0, -5.0 ], [ 110.0, -5.0 ], [ 110.0, -10.0 ], [ 115.0, -10.0 ] ] ] } },
{ "type": "Feature", "properties": { "path": "./Height/oceania/e145_s10_e150_s15.zip", "SHA512": "7901706468c80c34e8ec49d8b79b6da0c5466ca096ad99f72c28ca619f574c60b0af8b94bfb67313c23d5e56f02d27418036500f241f5b413d3e5f93c88aedff" }, "geometry": { "type": "Polygon", "coordinates": [ [ [ 150.0, -15.0 ], [ 150.0, -10.0 ], [ 145.0, -10.0 ], [ 145.0, -15.0 ], [ 150.0, -15.0 ] ] ] } },
{ "type": "Feature", "properties": { "path": "./Height/oceania/e170_n05_e175_n00.zip", "SHA512": "4c44832f7ad070fa239d33c330f79160e622867ae094f9b174e27d552fa7b4b5b3914c7e25305402e2159c33ea8dee5c5344b5c18ae1e861de6799d13bc0aca9" }, "geometry": { "type": "Polygon", "coordinates": [ [ [ 175.0, 0.0 ], [ 175.0, 5.0 ], [ 170.0, 5.0 ], [ 170.0, 0.0 ], [ 175.0, 0.0 ] ] ] } },
{ "type": "Feature", "properties": { "path": "./Height/oceania/e125_s30_e130_s35.zip", "SHA512": "1209f1fc3e749414dd398b56acd1623c98a2011b3a8d9983c64845cb7637598a6ed514ee42ecce249b65988b18305f5bfb890fae6bd3abea0a9365c1244e8070" }, "geometry": { "type": "Polygon", "coordinates": [ [ [ 130.0, -35.0 ], [ 130.0, -30.0 ], [ 125.0, -30.0 ], [ 125.0, -35.0 ], [ 130.0, -35.0 ] ] ] } },
{ "type": "Feature", "properties": { "path": "./Height/oceania/e165_s40_e170_s45.zip", "SHA512": "1d1e0c0d11bfb5bee3783ffa8ca5477884f73f142302bf48d651a2dc154b661cdacd8340c117e94903f3ef7dbd6647ac1d17921b402bd00727fd371d36f867f9" }, "geometry": { "type": "Polygon", "coordinates": [ [ [ 170.0, -45.0 ], [ 170.0, -40.0 ], [ 165.0, -40.0 ], [ 165.0, -45.0 ], [ 170.0, -45.0 ] ] ] } },
{ "type": "Feature", "properties": { "path": "./Height/oceania/e165_s45_e170_s50.zip", "SHA512": "4a35cc3cd5d90ca93199f4f61f349d0e13dc590d0de488792ea29b04f6c98dae08283e99571fa56c3e06b1bf4d8528b2729d81f0808006103864b63ef8b14d5f" }, "geometry": { "type": "Polygon", "coordinates": [ [ [ 170.0, -50.0 ], [ 170.0, -45.0 ], [ 165.0, -45.0 ], [ 165.0, -50.0 ], [ 170.0, -50.0 ] ] ] } },
{ "type": "Feature", "properties": { "path": "./Height/oceania/e155_n00_e160_s05.zip", "SHA512": "c2cbf046c51f583b7ece665f90ebbcf8fc23ef778ed7180b7463196904ebb3a77046953fcd6365253d9e177424d94e60932c13ef00f600a07c28eaf0facd44b7" }, "geometry": { "type": "Polygon", "coordinates": [ [ [ 160.0, -5.0 ], [ 160.0, 0.0 ], [ 155.0, 0.0 ], [ 155.0, -5.0 ], [ 160.0, -5.0 ] ] ] } },
{ "type": "Feature", "properties": { "path": "./Height/oceania/e130_n00_e135_s05.zip", "SHA512": "a184c61e295282da42f75cbfedf252521dba8ba62cae5953343c3adce768b72bd1dbaa02b8358b7ad1e4437986eefdad97d9f6a73137569161951d4e92c6fffc" }, "geometry": { "type": "Polygon", "coordinates": [ [ [ 135.0, -5.0 ], [ 135.0, 0.0 ], [ 130.0, 0.0 ], [ 130.0, -5.0 ], [ 135.0, -5.0 ] ] ] } },
{ "type": "Feature", "properties": { "path": "./Height/oceania/e120_s30_e125_s35.zip", "SHA512": "984115bf5b288397c3ce72acc8add3260004e8dfe81d78c544f120b90dba1cca9cdd03f4c41560370a5d354ca133a6567445bb7531ae7046c3d552a23a6da4ed" }, "geometry": { "type": "Polygon", "coordinates": [ [ [ 125.0, -35.0 ], [ 125.0, -30.0 ], [ 120.0, -30.0 ], [ 120.0, -35.0 ], [ 125.0, -35.0 ] ] ] } },
{ "type": "Feature", "properties": { "path": "./Height/oceania/e100_n00_e105_s05.zip", "SHA512": "a73693cbe55943d3cb997a5b9085f20417d961f41b6e4e04443260b60ecbe93f6913db543ccb12f0c18fd5bdb1724017bde20c6e65a2db718a63560f83fbc4e5" }, "geometry": { "type": "Polygon", "coordinates": [ [ [ 105.0, -5.0 ], [ 105.0, 0.0 ], [ 100.0, 0.0 ], [ 100.0, -5.0 ], [ 105.0, -5.0 ] ] ] } },
{ "type": "Feature", "properties": { "path": "./Height/oceania/e125_n05_e130_n00.zip", "SHA512": "c3ad9527cbc2d5618b38b126260103c9e2af3f9f30492151299f8d78b7bdf5a4e2c9c5d84576f690e00ea5d2e7f246ce51f3fa866280b3cb0b34251e2fda0213" }, "geometry": { "type": "Polygon", "coordinates": [ [ [ 130.0, 0.0 ], [ 130.0, 5.0 ], [ 125.0, 5.0 ], [ 125.0, 0.0 ], [ 130.0, 0.0 ] ] ] } },
{ "type": "Feature", "properties": { "path": "./Height/oceania/e125_s15_e130_s20.zip", "SHA512": "75afb045bb46597fea2382ea4387301e7c31392b50eb3dfb82fec8179c123708321c356d171e73851af6d35a31c03a7c92c30fd6db5b2f1bd87de4f9c638fa1e" }, "geometry": { "type": "Polygon", "coordinates": [ [ [ 130.0, -20.0 ], [ 130.0, -15.0 ], [ 125.0, -15.0 ], [ 125.0, -20.0 ], [ 130.0, -20.0 ] ] ] } },
{ "type": "Feature", "properties": { "path": "./Height/oceania/e095_n05_e100_n00.zip", "SHA512": "68029996aba1edfc1e29c3ce7d23385e5ad254dff59565e20a0b163001b4c286de080518d1ed2f948ba1739324d3e6b3c18527552e9069ae07b19fac66949838" }, "geometry": { "type": "Polygon", "coordinates": [ [ [ 100.0, 0.0 ], [ 100.0, 5.0 ], [ 95.0, 5.0 ], [ 95.0, 0.0 ], [ 100.0, 0.0 ] ] ] } },
{ "type": "Feature", "properties": { "path": "./Height/oceania/e105_s05_e110_s10.zip", "SHA512": "c19402be31a9f9edfdf6347b4772e86a4ce54f1b809056aef8f645ad96c117d2bef60ab51b8cf7d9eb9f105b6b56333e03f069bfb8e8cdce1de4fdbe24985bf2" }, "geometry": { "type": "Polygon", "coordinates": [ [ [ 110.0, -10.0 ], [ 110.0, -5.0 ], [ 105.0, -5.0 ], [ 105.0, -10.0 ], [ 110.0, -10.0 ] ] ] } },
{ "type": "Feature", "properties": { "path": "./Height/oceania/e170_n00_e175_s05.zip", "SHA512": "570ac99ac672f556e339bbcedeec0aa7eaeb0f96a98b29bd624355777665448b41cab6b7461ef320e32b52c7c8b6d65117024d3c71c1c615d8371af5ae0596ee" }, "geometry": { "type": "Polygon", "coordinates": [ [ [ 175.0, -5.0 ], [ 175.0, 0.0 ], [ 170.0, 0.0 ], [ 170.0, -5.0 ], [ 175.0, -5.0 ] ] ] } },
{ "type": "Feature", "properties": { "path": "./Height/oceania/e135_s15_e140_s20.zip", "SHA512": "6313ae9bf035851b50585a0aac0fa60ee6d033d2876992643bc32dd1f50bcf7184fe3d7769aa5be982984211cdd7b168229cbb27f4bea266edc5f2d35285635f" }, "geometry": { "type": "Polygon", "coordinates": [ [ [ 140.0, -20.0 ], [ 140.0, -15.0 ], [ 135.0, -15.0 ], [ 135.0, -20.0 ], [ 140.0, -20.0 ] ] ] } },
{ "type": "Feature", "properties": { "path": "./Height/oceania/e140_s30_e145_s35.zip", "SHA512": "0b19873d9747ec8deb812f3b6572ba5f0e5ddf6c06e69f712e6a839e470a5a3969b07f330223af3706a21c8bf71d5a4011a7821654121768f39936ca7740df41" }, "geometry": { "type": "Polygon", "coordinates": [ [ [ 145.0, -35.0 ], [ 145.0, -30.0 ], [ 140.0, -30.0 ], [ 140.0, -35.0 ], [ 145.0, -35.0 ] ] ] } },
{ "type": "Feature", "properties": { "path": "./Height/oceania/e100_s05_e105_s10.zip", "SHA512": "5fca67eb9940d341d5b33de9636ef54c65494f5cd5e47ad3cc1de61553dfafc50ef78804e8527641cf4cb5db61beea348b390a1f986bc6320911040ef6fb4b4f" }, "geometry": { "type": "Polygon", "coordinates": [ [ [ 105.0, -10.0 ], [ 105.0, -5.0 ], [ 100.0, -5.0 ], [ 100.0, -10.0 ], [ 105.0, -10.0 ] ] ] } },
{ "type": "Feature", "properties": { "path": "./Height/oceania/e165_s15_e170_s20.zip", "SHA512": "d4a156a8b54540d405e0d3cb9ce8e877926bf2880bc86434e0054f9cfab7149b30d4db6a91fcc78abdcd3ea2a01361ed2b6169ac4487b352fb319bb4e7eecb1e" }, "geometry": { "type": "Polygon", "coordinates": [ [ [ 170.0, -20.0 ], [ 170.0, -15.0 ], [ 165.0, -15.0 ], [ 165.0, -20.0 ], [ 170.0, -20.0 ] ] ] } },
{ "type": "Feature", "properties": { "path": "./Height/oceania/e145_s15_e150_s20.zip", "SHA512": "2c68ee47e5f997719bce0650ece99e0a4a4bcef01a99e62ed0001894a87d1e5a46ca0b3cc64bcc73a67ae79681c7d7a32c7246543e1e5e80d378562bc1c48108" }, "geometry": { "type": "Polygon", "coordinates": [ [ [ 150.0, -20.0 ], [ 150.0, -15.0 ], [ 145.0, -15.0 ], [ 145.0, -20.0 ], [ 150.0, -20.0 ] ] ] } },
{ "type": "Feature", "properties": { "path": "./Height/oceania/e175_s35_e180_s40.zip", "SHA512": "ff81b675cac82ad08768a09b80c6e2b0f6cf5bd17ef41c889dc770083bd4806e57b3ca46e52e61fed828c50387dc08272ed1eaabc731fbfde16ccf852ec8ee28" }, "geometry": { "type": "Polygon", "coordinates": [ [ [ 180.0, -40.0 ], [ 180.0, -35.0 ], [ 175.0, -35.0 ], [ 175.0, -40.0 ], [ 180.0, -40.0 ] ] ] } },
{ "type": "Feature", "properties": { "path": "./Height/oceania/e175_n00_e180_s05.zip", "SHA512": "3d6bec18bb8a115e1fe043b3a85c6b5b7ebc6dafb291aff1b19aaed31889f72ff66f6e5abe5fa9d02f22a625a0822df6fd28e8e04c8f27d40cb81793b64bf1ae" }, "geometry": { "type": "Polygon", "coordinates": [ [ [ 180.0, -5.0 ], [ 180.0, 0.0 ], [ 175.0, 0.0 ], [ 175.0, -5.0 ], [ 180.0, -5.0 ] ] ] } },
{ "type": "Feature", "properties": { "path": "./Height/oceania/e170_s35_e175_s40.zip", "SHA512": "dc54e99d4440ff300c73d0485636c9c77cd6bdfddda80921715c1fc7f00d4f6fc1a2799552d97307dd3d8c42f85bf747a14ae737a0b8bf2754f8bc1d833c761d" }, "geometry": { "type": "Polygon", "coordinates": [ [ [ 175.0, -40.0 ], [ 175.0, -35.0 ], [ 170.0, -35.0 ], [ 170.0, -40.0 ], [ 175.0, -40.0 ] ] ] } },
{ "type": "Feature", "properties": { "path": "./Height/oceania/e120_n00_e125_s05.zip", "SHA512": "bfc87e8c0c4e3cd397b65fc61af1d83601c337ff70a7c32cb27316c60fee8e1173d50500ae30959aca156153dab58e6880b368a9bcb24e3773ad40c7dd62ab34" }, "geometry": { "type": "Polygon", "coordinates": [ [ [ 125.0, -5.0 ], [ 125.0, 0.0 ], [ 120.0, 0.0 ], [ 120.0, -5.0 ], [ 125.0, -5.0 ] ] ] } },
{ "type": "Feature", "properties": { "path": "./Height/oceania/e150_n00_e155_s05.zip", "SHA512": "d795ad110bfcb10c8cbe7fab863f9b330ae4d71650fb96ed1bb7a842ff6657f85bff9fb956b5af69ba7b847ba1cf5d27990d8f743bd1e616bf1d1ee7f97937f2" }, "geometry": { "type": "Polygon", "coordinates": [ [ [ 155.0, -5.0 ], [ 155.0, 0.0 ], [ 150.0, 0.0 ], [ 150.0, -5.0 ], [ 155.0, -5.0 ] ] ] } },
{ "type": "Feature", "properties": { "path": "./Height/oceania/e125_s25_e130_s30.zip", "SHA512": "fa16f5260204d3dc018c5a9e2fd15fa3f6d5b89511c006ede0df1b737ad09fe7b916389826218e530c3f8daf938387b3684b02b90af8980e8b24d8c8c5fbad83" }, "geometry": { "type": "Polygon", "coordinates": [ [ [ 130.0, -30.0 ], [ 130.0, -25.0 ], [ 125.0, -25.0 ], [ 125.0, -30.0 ], [ 130.0, -30.0 ] ] ] } },
{ "type": "Feature", "properties": { "path": "./Height/oceania/e125_s20_e130_s25.zip", "SHA512": "4fa02d074e8c9b788bcafae4734c5d805ada517a1254e54800faf80d508ec75953e1a9584c2be20654d0bdb6984aff61e9f06fc81fd17d47f19107f9ba0357b6" }, "geometry": { "type": "Polygon", "coordinates": [ [ [ 130.0, -25.0 ], [ 130.0, -20.0 ], [ 125.0, -20.0 ], [ 125.0, -25.0 ], [ 130.0, -25.0 ] ] ] } },
{ "type": "Feature", "properties": { "path": "./Height/oceania/e130_s05_e135_s10.zip", "SHA512": "7ff1ce37540fade062207faa46eba4ec6f1823b088043e71b0ce0a6e8f14779930a980f9ee6bb179d3896e8547e9354d44bf3f83841fa338a482ce459994e208" }, "geometry": { "type": "Polygon", "coordinates": [ [ [ 135.0, -10.0 ], [ 135.0, -5.0 ], [ 130.0, -5.0 ], [ 130.0, -10.0 ], [ 135.0, -10.0 ] ] ] } },
{ "type": "Feature", "properties": { "path": "./Height/oceania/e150_s35_e155_s40.zip", "SHA512": "30b7f9993b959a8c3d6648a5a049c57e7ba1896ec7171c44100ba569862effe4531c75850a231f90e7499227fc865b925563d5ac76f151bc1ab90e1030b64842" }, "geometry": { "type": "Polygon", "coordinates": [ [ [ 155.0, -40.0 ], [ 155.0, -35.0 ], [ 150.0, -35.0 ], [ 150.0, -40.0 ], [ 155.0, -40.0 ] ] ] } },
{ "type": "Feature", "properties": { "path": "./Height/oceania/e145_s30_e150_s35.zip", "SHA512": "cd4616946a40132dffbd3d70956bdde467b035153a2cfa9f1c69c802100418e297f2218de0e0bbd4885f010f6e4f96dffb68e41286c4da2be7e6ec39c30d5020" }, "geometry": { "type": "Polygon", "coordinates": [ [ [ 150.0, -35.0 ], [ 150.0, -30.0 ], [ 145.0, -30.0 ], [ 145.0, -35.0 ], [ 150.0, -35.0 ] ] ] } },
{ "type": "Feature", "properties": { "path": "./Height/oceania/e165_s25_e170_s30.zip", "SHA512": "fd3b268d4fbd811bc9135a43a5c8e840986daa40e9961638a90df249d662548ffc660c95b615db227bc6fae2acf39c37da6c8c6f3bdddf24bf877b3adcbec02b" }, "geometry": { "type": "Polygon", "coordinates": [ [ [ 170.0, -30.0 ], [ 170.0, -25.0 ], [ 165.0, -25.0 ], [ 165.0, -30.0 ], [ 170.0, -30.0 ] ] ] } },
{ "type": "Feature", "properties": { "path": "./Height/oceania/e145_s25_e150_s30.zip", "SHA512": "2c110b6940c2b7f33d5aad2af663f39d37abe15fa034144298af358b30391f433f32dac4e3a46a96a30ce77731c2ded96c6be459416ba90f8d1e6a5295d55841" }, "geometry": { "type": "Polygon", "coordinates": [ [ [ 150.0, -30.0 ], [ 150.0, -25.0 ], [ 145.0, -25.0 ], [ 145.0, -30.0 ], [ 150.0, -30.0 ] ] ] } },
{ "type": "Feature", "properties": { "path": "./Height/oceania/e065_s45_e070_s50.zip", "SHA512": "77eabc3051eea34dd1a8ffb3b37598bd24b2197bcc788d65b549a673d437d9385b7cf2f7d235c54bc1ce437799cd9652eeae294500708167447d6b23cd79b33f" }, "geometry": { "type": "Polygon", "coordinates": [ [ [ 70.0, -50.0 ], [ 70.0, -45.0 ], [ 65.0, -45.0 ], [ 65.0, -50.0 ], [ 70.0, -50.0 ] ] ] } },
{ "type": "Feature", "properties": { "path": "./Height/oceania/e175_s10_e180_s15.zip", "SHA512": "a83bba78683ce08fc68c63496abb02ad6659837294a89c23b3a5a4d9b43cce371682eb09e2d9eae4ca3f6ea39d98fdf1e1fd9c7f3a7c5e4bd28956f8ab72e7f2" }, "geometry": { "type": "Polygon", "coordinates": [ [ [ 180.0, -15.0 ], [ 180.0, -10.0 ], [ 175.0, -10.0 ], [ 175.0, -15.0 ], [ 180.0, -15.0 ] ] ] } },
{ "type": "Feature", "properties": { "path": "./Height/oceania/e145_n00_e150_s05.zip", "SHA512": "e46bf801d88d862112c2a167e05e0f3ee5939137bea54a55f68e7838fd14fe1cfb0faf5ff8128d1ad9d6a2289aebc58eaef71a76283c6ec81c184e3fe5362bdb" }, "geometry": { "type": "Polygon", "coordinates": [ [ [ 150.0, -5.0 ], [ 150.0, 0.0 ], [ 145.0, 0.0 ], [ 145.0, -5.0 ], [ 150.0, -5.0 ] ] ] } },
{ "type": "Feature", "properties": { "path": "./Height/oceania/e110_n05_e115_n00.zip", "SHA512": "a1088437af750070d4ad64f25475b4724ec3d98329ab461512d69c4555a3224ef71459aacd72c7d9e422942569d829bfc8ed2b4e9845b955b24e4f2080356fca" }, "geometry": { "type": "Polygon", "coordinates": [ [ [ 115.0, 0.0 ], [ 115.0, 5.0 ], [ 110.0, 5.0 ], [ 110.0, 0.0 ], [ 115.0, 0.0 ] ] ] } },
{ "type": "Feature", "properties": { "path": "./Height/oceania/e140_s10_e145_s15.zip", "SHA512": "1ba10c6c1c9d47cd8a80f9b6b033e9bbef94c16a2191ae7cbdc441bd47b74090ecc09494385e96de4ad97ee1856a7213055fdbd1a84bbe4af8d5bb1231da7b3b" }, "geometry": { "type": "Polygon", "coordinates": [ [ [ 145.0, -15.0 ], [ 145.0, -10.0 ], [ 140.0, -10.0 ], [ 140.0, -15.0 ], [ 145.0, -15.0 ] ] ] } },
{ "type": "Feature", "properties": { "path": "./Height/oceania/e150_s25_e155_s30.zip", "SHA512": "8f14dd68e4887471a9cd528e795605c40aa9234841f3f0e053d75653018cf091fa055cc0f8e71d8ad0be0c89d45b56c3a8f57edc91ac16db0fc19da42c684ecc" }, "geometry": { "type": "Polygon", "coordinates": [ [ [ 155.0, -30.0 ], [ 155.0, -25.0 ], [ 150.0, -25.0 ], [ 150.0, -30.0 ], [ 155.0, -30.0 ] ] ] } },
{ "type": "Feature", "properties": { "path": "./Height/oceania/e115_s35_e120_s40.zip", "SHA512": "0c58a8436bbaeaa63da1937176b882f66b701a8241c61a52a1e5917844fb6bca6344a658c9b611b7ce237ea0da9d7525bc151cd4a0fec5a9c8bde3fdc8d1991d" }, "geometry": { "type": "Polygon", "coordinates": [ [ [ 120.0, -40.0 ], [ 120.0, -35.0 ], [ 115.0, -35.0 ], [ 115.0, -40.0 ], [ 120.0, -40.0 ] ] ] } },
{ "type": "Feature", "properties": { "path": "./Height/oceania/e105_n05_e110_n00.zip", "SHA512": "437abfd107423335ca85f6b38920f4b0dddaf4f577424e010a84c2b91842f5f7e4a88e201e717fc4d11233d158631043597b61c91ecb2d5cbfb982fd03a420a7" }, "geometry": { "type": "Polygon", "coordinates": [ [ [ 110.0, 0.0 ], [ 110.0, 5.0 ], [ 105.0, 5.0 ], [ 105.0, 0.0 ], [ 110.0, 0.0 ] ] ] } },
{ "type": "Feature", "properties": { "path": "./Height/oceania/e115_s05_e120_s10.zip", "SHA512": "2374e751110a7f4561e41b2eca503b407174d74f9f65101b974a5ee7c73899a1c50631c7624c61ab8f550176077711aa6de08190b86e6c765d239e848aecd703" }, "geometry": { "type": "Polygon", "coordinates": [ [ [ 120.0, -10.0 ], [ 120.0, -5.0 ], [ 115.0, -5.0 ], [ 115.0, -10.0 ], [ 120.0, -10.0 ] ] ] } },
{ "type": "Feature", "properties": { "path": "./Height/oceania/e130_s30_e135_s35.zip", "SHA512": "2ce6b6598e0660f8bb150a242ff94c32aaec4ef805d74a09cf30bd88a7d77a31fb25dd3ed6638996aed78117d934681777b2fae74116ea68712e634f98db02ce" }, "geometry": { "type": "Polygon", "coordinates": [ [ [ 135.0, -35.0 ], [ 135.0, -30.0 ], [ 130.0, -30.0 ], [ 130.0, -35.0 ], [ 135.0, -35.0 ] ] ] } },
{ "type": "Feature", "properties": { "path": "./Height/oceania/e120_s05_e125_s10.zip", "SHA512": "e54168d03d882e115e229d1b67c8f1eaf7c27c44190d8875e90d39a23fd42f2f21bd137bf8c6443970842eff29d924c15af9e23b0f2e8652f50e7f014278e114" }, "geometry": { "type": "Polygon", "coordinates": [ [ [ 125.0, -10.0 ], [ 125.0, -5.0 ], [ 120.0, -5.0 ], [ 120.0, -10.0 ], [ 125.0, -10.0 ] ] ] } },
{ "type": "Feature", "properties": { "path": "./Height/oceania/e120_s15_e125_s20.zip", "SHA512": "93591aca14c90db098724303bf99dd7d15ec0ed8d0967804d8d0f064c1a2073f86d1621bf9c70d96a658c104d336d0609f667b896ec7bc0264fb489ffb5fcc03" }, "geometry": { "type": "Polygon", "coordinates": [ [ [ 125.0, -20.0 ], [ 125.0, -15.0 ], [ 120.0, -15.0 ], [ 120.0, -20.0 ], [ 125.0, -20.0 ] ] ] } },
{ "type": "Feature", "properties": { "path": "./Height/oceania/e165_s10_e170_s15.zip", "SHA512": "426413a677eae9257708ce4abe492c25b6fac82e6d1c938a27c83ddfeb250d225256f7328f1b65d6b99e5f9ae63c1d1fd84cd9184e3426548254b052947e7ba8" }, "geometry": { "type": "Polygon", "coordinates": [ [ [ 170.0, -15.0 ], [ 170.0, -10.0 ], [ 165.0, -10.0 ], [ 165.0, -15.0 ], [ 170.0, -15.0 ] ] ] } },
{ "type": "Feature", "properties": { "path": "./Height/oceania/e165_n00_e170_s05.zip", "SHA512": "0c36aa89991edfd6914914149179fd40014223e08e6a81c49f55b5ea3680db83a35b8f05d3855019447400139b704a7aac5fee800fa18b401ddbc5a3635c9f98" }, "geometry": { "type": "Polygon", "coordinates": [ [ [ 170.0, -5.0 ], [ 170.0, 0.0 ], [ 165.0, 0.0 ], [ 165.0, -5.0 ], [ 170.0, -5.0 ] ] ] } },
{ "type": "Feature", "properties": { "path": "./Height/oceania/e070_s45_e075_s50.zip", "SHA512": "8590a32ddfb031c0e9aa3f8d1bc0d26107dee9001a49219fa602833eba0df08bf2a749645293d4164e9b05cade3a9206e0b5db666a60532f15e5bcf4e3d7ff3c" }, "geometry": { "type": "Polygon", "coordinates": [ [ [ 75.0, -50.0 ], [ 75.0, -45.0 ], [ 70.0, -45.0 ], [ 70.0, -50.0 ], [ 75.0, -50.0 ] ] ] } },
{ "type": "Feature", "properties": { "path": "./Height/oceania/e115_s30_e120_s35.zip", "SHA512": "6a2e103e5da070bb08193e8237e4bf18846a6d2b466b4746994cd42c38a36c7538a53eb9e0a86e7dddec50f5f79215d276e173afc1e371dccabe543b3f8d71f2" }, "geometry": { "type": "Polygon", "coordinates": [ [ [ 120.0, -35.0 ], [ 120.0, -30.0 ], [ 115.0, -30.0 ], [ 115.0, -35.0 ], [ 120.0, -35.0 ] ] ] } },
{ "type": "Feature", "properties": { "path": "./Height/oceania/e140_s20_e145_s25.zip", "SHA512": "5f048275b2f26a27e2de5b913e651148a2bb0e67084397083ba01fd17e8dfd86bd3826662601022b093be64d1ebe407f37cb01d82eccb38440f8191ef86d186b" }, "geometry": { "type": "Polygon", "coordinates": [ [ [ 145.0, -25.0 ], [ 145.0, -20.0 ], [ 140.0, -20.0 ], [ 140.0, -25.0 ], [ 145.0, -25.0 ] ] ] } },
{ "type": "Feature", "properties": { "path": "./Height/oceania/e140_s35_e145_s40.zip", "SHA512": "f709389b716e0297a756883568826bd9c737430321a42450cb134c30cb84e7b2c6b8af192a3f63751092cef95850b26b299eab6f4376b1e11cc5e6daf0961272" }, "geometry": { "type": "Polygon", "coordinates": [ [ [ 145.0, -40.0 ], [ 145.0, -35.0 ], [ 140.0, -35.0 ], [ 140.0, -40.0 ], [ 145.0, -40.0 ] ] ] } },
{ "type": "Feature", "properties": { "path": "./Height/oceania/e135_n00_e140_s05.zip", "SHA512": "92d7bc72096233dbcfcbd5752d9eed0ba1b4f6bf2d52a242836f6758786f51af1fde62abb4f05e2d33d417acd0aa584c6e4437362e2653227d216ef1d67e87a3" }, "geometry": { "type": "Polygon", "coordinates": [ [ [ 140.0, -5.0 ], [ 140.0, 0.0 ], [ 135.0, 0.0 ], [ 135.0, -5.0 ], [ 140.0, -5.0 ] ] ] } },
{ "type": "Feature", "properties": { "path": "./Height/oceania/e125_s05_e130_s10.zip", "SHA512": "469958750cba724be63a6bd3958a9b99e2eb93e9d439df6ed6969d84a9f6e47c457a6c6eb04945f17ae6ba70ec65264bcf2e4c63547ffb8ff17326914dfc6f5d" }, "geometry": { "type": "Polygon", "coordinates": [ [ [ 130.0, -10.0 ], [ 130.0, -5.0 ], [ 125.0, -5.0 ], [ 125.0, -10.0 ], [ 130.0, -10.0 ] ] ] } },
{ "type": "Feature", "properties": { "path": "./Height/oceania/e135_s35_e140_s40.zip", "SHA512": "e3f5116ac3240d3ed4389f435939939b112f8a042a1cd4a042edd39ed648b5800a76a6331fc95aecbb6d7435be31ed104aada257f82d8a71da437ab71bcee617" }, "geometry": { "type": "Polygon", "coordinates": [ [ [ 140.0, -40.0 ], [ 140.0, -35.0 ], [ 135.0, -35.0 ], [ 135.0, -40.0 ], [ 140.0, -40.0 ] ] ] } },
{ "type": "Feature", "properties": { "path": "./Height/oceania/e130_s10_e135_s15.zip", "SHA512": "b86ae465a51fa89b694fe496f670885b11ed0328d4e15d99b383dae1b2e7469e27346004b93dc54b7f75ab80684f74ab4b99f2e7aa2ad76f97a68f3914b405ce" }, "geometry": { "type": "Polygon", "coordinates": [ [ [ 135.0, -15.0 ], [ 135.0, -10.0 ], [ 130.0, -10.0 ], [ 130.0, -15.0 ], [ 135.0, -15.0 ] ] ] } },
{ "type": "Feature", "properties": { "path": "./Height/oceania/e125_s10_e130_s15.zip", "SHA512": "91fdf67013c6e824ca10064a04c848853403817007387843c4fd427462130ab2827aa38db558913b64d36fb3b7b8f18105208e009a3070900c22fa1e4ae7e4a6" }, "geometry": { "type": "Polygon", "coordinates": [ [ [ 130.0, -15.0 ], [ 130.0, -10.0 ], [ 125.0, -10.0 ], [ 125.0, -15.0 ], [ 130.0, -15.0 ] ] ] } },
{ "type": "Feature", "properties": { "path": "./Height/oceania/e070_n05_e075_n00.zip", "SHA512": "e4e29fd66fa5eb8184046b8174354cfab982ddf880710b896a7de8aea8b53387ff9297819b9a045f0cc38de3df31d1a6885eefd56511b6770867c0901bba128e" }, "geometry": { "type": "Polygon", "coordinates": [ [ [ 75.0, 0.0 ], [ 75.0, 5.0 ], [ 70.0, 5.0 ], [ 70.0, 0.0 ], [ 75.0, 0.0 ] ] ] } },
{ "type": "Feature", "properties": { "path": "./Height/oceania/e160_s10_e165_s15.zip", "SHA512": "333c71bd6838555885d2a54daf48252d21d7ce16aeb9d23f217950d5e592aae1538639e2d5b831d62b867eea6f4e5f40e706d6ece96a2ef0177352d8f3b0af7e" }, "geometry": { "type": "Polygon", "coordinates": [ [ [ 165.0, -15.0 ], [ 165.0, -10.0 ], [ 160.0, -10.0 ], [ 160.0, -15.0 ], [ 165.0, -15.0 ] ] ] } }
]
}
