With Route,,,,,,,,,,,,,,,,,,,,
.Comment 부산도시철도 1호선은 대한민국 부산광역시 사하구 신평동에 있는 신평역과 부산광역시 금정구 노포동에 있는 노포역을 잇는 도시철도 노선이다. 노선의 고유색은 주황색이다. 부산광역시의 중심 지역을 통과하기 때문에 부산도시철도의 모든 노선들 중에서 이용객이 가장 많다. 전동차는 8량을 한 편성으로 운행되고 있다. 1985년 7월 19일 범어사역에서 범내골역까지 처음 개통되었으며 1986년 12월 19일에 노포역이 개통되었다. 1988년 5월 15일에 범내골역에서 중앙역까지、1988년 5월 19일에 중앙역에서 토성역까지、1990년 2월 28일에 토성역에서 서대신역까지 개통되었다. 1994년 6월 23일에는 신평역까지 전체 구간이 개통되었다.$chr(13)$chr(10)$chr(13)$chr(10)Copyright ⓒ 2013 OPEN BVE 부산도시철도 1호선 제작단 (대표 : 오동건). All rights reserved.$chr(13)$chr(10)$chr(13)$chr(10)* 이메일$chr(13)$chr(10)bvebusan@gmail.com$chr(13)$chr(10)* 공식 홈페이지$chr(13)$chr(10)www.cyworld.com/bvebusanmetroline1 ,,,,,,,,,,,,,,,,,,,,
,,,,,,,,,,,,,,,,,,,,
.Timetable 부산도시철도 1호선$chr(13)$chr(10)신평 -> 노포,,,,,,,,,,,,,,,,,,,,
,,,,,,,,,,,,,,,,,,,,
.Change -1,,,,,,,,,,,,,,,,,,,,
.Gauge 1435,,,,,,,,,,,,,,,,,,,,
.DeveloperID ohdg38,,,,,,,,,,,,,,,,,,,,
,,,,,,,,,,,,,,,,,,,,
With Train,,,,,,,,,,,,,,,,,,,,
.Folder B1009,,,,,,,,,,,,,,,,,,,,
,,,,,,,,,,,,,,,,,,,,
,,,,,,,,,,,,,,,,,,,,
,,,,,,,,,,,,,,,,,,,,
,,,,,,,,,,,,,,,,,,,,
,,,,,,,,,,,,,,,,,,,,
,,,,,,,,,,,,,,,,,,,,
,,,,,,,,,,,,,,,,,,,,
.Run(0) 0,,,,,,,,,,,,,,,,,,,,
,,,,,,,,,,,,,,,,,,,,
.Run(1) 1,,,,,,,,,,,,,,,,,,,,
.Run(2) 1,,,,,,,,,,,,,,,,,,,,
.Run(4) 2,,,,,,,,,,,,,,,,,,,,
.Run(3) 0,,,,,,,,,,,,,,,,,,,,
.Run(8) 1,,,,,,,,,,,,,,,,,,,,
.Run(11) 1,,,,,,,,,,,,,,,,,,,,
.Run(12) 1,,,,,,,,,,,,,,,,,,,,
.Run(14) 1,,,,,,,,,,,,,,,,,,,,
.Run(15) 1,,,,,,,,,,,,,,,,,,,,
.Run(16) 0,,,,,,,,,,,,,,,,,,,,
.Run(17) 0,,,,,,,,,,,,,,,,,,,,
.Run(18) 0,,,,,,,,,,,,,,,,,,,,
.Run(19) 0,,,,,,,,,,,,,,,,,,,,
.Run(20) 2,,,,,,,,,,,,,,,,,,,,
.Run(21) 2,,,,,,,,,,,,,,,,,,,,
.Run(22) 1,,,,,,,,,,,,,,,,,,,,
.Run(23) 1,,,,,,,,,,,,,,,,,,,,
.Run(24) 2,,,,,,,,,,,,,,,,,,,,
.Run(25) 2,,,,,,,,,,,,,,,,,,,,
.Run(26) 1,,,,,,,,,,,,,,,,,,,,
.Run(27) 1,,,,,,,,,,,,,,,,,,,,
.Run(28) 1,,,,,,,,,,,,,,,,,,,,
.Run(29) 1,,,,,,,,,,,,,,,,,,,,
.Run(30) 0,,,,,,,,,,,,,,,,,,,,
.Run(31) 0,,,,,,,,,,,,,,,,,,,,
.Run(32) 1,,,,,,,,,,,,,,,,,,,,
.Run(33) 1,,,,,,,,,,,,,,,,,,,,
.Run(34) 1,,,,,,,,,,,,,,,,,,,,
.Run(35) 3,,,,,,,,,,,,,,,,,,,,
.Run(36) 1,,,,,,,,,,,,,,,,,,,,
.Run(37) 1,,,,,,,,,,,,,,,,,,,,
.Run(38) 1,,,,,,,,,,,,,,,,,,,,
.Run(41) 1,,,,,,,,,,,,,,,,,,,,
.Run(42) 1,,,,,,,,,,,,,,,,,,,,
.Run(43) 3,,,,,,,,,,,,,,,,,,,,
.Run(44) 1,,,,,,,,,,,,,,,,,,,,
,,,,,,,,,,,,,,,,,,,,
With Structure,,,,,,,,,,,,,,,,,,,,
.Rail(0) Busan1\BallastS.csv ;지상자갈선로,,,,,,,,,,,,,,,,,,,,
.Rail(1) Busan1\DarkBallast.csv ;지하자갈선로,,,,,,,,,,,,,,,,,,,,
.Rail(2) Busan1\DarkSlab2.csv ;지하콘크리트,,,,,,,,,,,,,,,,,,,,
.Rail(3) Busan1\DarkSlab.csv ;지하역콘크리트(좌천동부터 적용),,,,,,,,,,,,,,,,,,,,
.Rail(4) Busan1\Ballast2.csv ;지하역자갈,,,,,,,,,,,,,,,,,,,,
.Rail(5) Busan1\Null.csv,,,,,,,,,,,,,,,,,,,,
.Rail(6) Busan1\RoadL.csv ;왼쪽 도로,,,,,,,,,,,,,,,,,,,,
.Rail(7) Busan1\RoadR.csv ;오른쪽 도로,,,,,,,,,,,,,,,,,,,,
.Rail(8) Busan1\BallastS3.csv ;주황색 선로,,,,,,,,,,,,,,,,,,,,
.Rail(9) Busan1\Ballast(166).csv ;커브 분기 선로,,,,,,,,,,,,,,,,,,,,
.Rail(10) Busan1\Ballast(-166).csv ,,,,,,,,,,,,,,,,,,,,
.Rail(11) Busan1\DarkBallast(166).csv ,,,,,,,,,,,,,,,,,,,,
.Rail(12) Busan1\DarkBallast(-166).csv ,,,,,,,,,,,,,,,,,,,,
.Rail(13) Busan1\Ballascrack.csv ,,,,,,,,,,,,,,,,,,,,
.Rail(14) Busan1\DarkBallst(-120).csv ,,,,,,,,,,,,,,,,,,,,
.Rail(15) Busan1\DarkBallastN.csv ;지하자갈선로,,,,,,,,,,,,,,,,,,,,
.Rail(16) Busan1\Ballast(-400).csv ,,,,,,,,,,,,,,,,,,,,
.Rail(17) Busan1\Ballast(400).csv ,,,,,,,,,,,,,,,,,,,,
.Rail(18) Busan1\Ballast(-500).csv ,,,,,,,,,,,,,,,,,,,,
.Rail(19) Busan1\Ballast(500).csv ,,,,,,,,,,,,,,,,,,,,
.Rail(20) Busan1\StaBallast(-400).csv ,,,,,,,,,,,,,,,,,,,,
.Rail(21) Busan1\StaBallast(400).csv ,,,,,,,,,,,,,,,,,,,,
.Rail(22) Busan1\DarkBallast(-400).csv ,,,,,,,,,,,,,,,,,,,,
.Rail(23) Busan1\DarkBallast(400).csv ,,,,,,,,,,,,,,,,,,,,
.Rail(24) Busan1\StaSlab(-400).csv ,,,,,,,,,,,,,,,,,,,,
.Rail(25) Busan1\StaSlab(400).csv ,,,,,,,,,,,,,,,,,,,,
.Rail(26) Busan1\Darkballast(-500).csv ,,,,,,,,,,,,,,,,,,,,
.Rail(27) Busan1\DarkBallst(500).csv ,,,,,,,,,,,,,,,,,,,,
.Rail(28) Busan1\DarkBallast(700).csv ,,,,,,,,,,,,,,,,,,,,
.Rail(29) Busan1\DarkBallast(-700).csv ,,,,,,,,,,,,,,,,,,,,
.Rail(30) Busan1\Ballast(-700).csv ,,,,,,,,,,,,,,,,,,,,
.Rail(31) Busan1\Ballast(700).csv ,,,,,,,,,,,,,,,,,,,,
.Rail(32) Busan1\DarkBallast-2.csv ,,,,,,,,,,,,,,,,,,,,
.Rail(33) Busan1\curve 300.csv ,,,,,,,,,,,,,,,,,,,,
.Rail(34) Busan1\curve -300.csv ,,,,,,,,,,,,,,,,,,,,
.Rail(35) Busan1\curve -210.csv ,,,,,,,,,,,,,,,,,,,,
.Rail(36) Busan1\station curve -700.csv ,,,,,,,,,,,,,,,,,,,,
.Rail(37) Busan1\station curve 600.csv ,,,,,,,,,,,,,,,,,,,,
.Rail(38) Busan1\station curve -600.csv ,,,,,,,,,,,,,,,,,,,,
.Rail(39) Busan1\grass crack.csv ,,,,,,,,,,,,,,,,,,,,
.Rail(40) Busan1\road2.csv ;2차선 도로,,,,,,,,,,,,,,,,,,,,
.Rail(41) Busan1\curve 210.csv ,,,,,,,,,,,,,,,,,,,,
.Rail(42) Busan1\station curve 700.csv ,,,,,,,,,,,,,,,,,,,,
.Rail(43) Busan1\curve 210.csv ;급커브 사운드,,,,,,,,,,,,,,,,,,,,
.Rail(44) Busan1\station curve 500.csv ;서면역 곡선,,,,,,,,,,,,,,,,,,,,
.Rail(50) Busan1\onL.csv ;온천천 왼쪽,,,,,,,,,,,,,,,,,,,,
.Rail(51) Busan1\onR.csv ;온천천 오른쪽,,,,,,,,,,,,,,,,,,,,
.Rail(52) Busan1\road3.csv ;2차선 도로 온천천,,,,,,,,,,,,,,,,,,,,
.Rail(53) busan1\road\miniL.CSV ;갓길,,,,,,,,,,,,,,,,,,,,
.Rail(54) busan1\road\miniR.CSV ;갓길,,,,,,,,,,,,,,,,,,,,
,,,,,,,,,,,,,,,,,,,,
,,,,,,,,,,,,,,,,,,,,
,,,,,,,,,,,,,,,,,,,,
.Ground(0) Busan1\Blackground.csv,,,,,,,,,,,,,,,,,,,,
.Ground(1) Busan1\Grass.csv,,,,,,,,,,,,,,,,,,,,
.Ground(2) Busan1\Null.csv,,,,,,,,,,,,,,,,,,,,
.Ground(3) Busan1\cityG.csv,,,,,,,,,,,,,,,,,,,,
,,,,,,,,,,,,,,,,,,,,
.WallL(0) Busan1\TunnelL.csv ;지하터널,,,,,,,,,,,,,,,,,,,,
.WallR(0) Busan1\TunnelR.csv,,,,,,,,,,,,,,,,,,,,
.WallL(1) Busan1\FormwallL.csv ;플랫폼벽,,,,,,,,,,,,,,,,,,,,
.WallR(1) Busan1\FormwallR.csv,,,,,,,,,,,,,,,,,,,,
.WallL(2) Busan1\nopowallL.csv ;노포동차량기지 벽,,,,,,,,,,,,,,,,,,,,
.WallR(2) Busan1\nopowallR.csv ;노포동차량기지 벽,,,,,,,,,,,,,,,,,,,,
.WallL(3) Busan1\FormwallL34.csv ;노포동역,,,,,,,,,,,,,,,,,,,,
.WallR(3) Busan1\FormwallR34.csv,,,,,,,,,,,,,,,,,,,,
.WallL(4) Busan1\FormwallL33.csv ;범어사역,,,,,,,,,,,,,,,,,,,,
.WallR(4) Busan1\FormwallR33.csv,,,,,,,,,,,,,,,,,,,,
.WallL(5) Busan1\FormwallL32.csv ;남산동역,,,,,,,,,,,,,,,,,,,,
.WallR(5) Busan1\FormwallR32.csv,,,,,,,,,,,,,,,,,,,,
.WallL(6) Busan1\FormwallL31.csv ;두실역,,,,,,,,,,,,,,,,,,,,
.WallR(6) Busan1\FormwallR31.csv,,,,,,,,,,,,,,,,,,,,
.WallL(7) Busan1\FormwallL30.csv ;구서동역,,,,,,,,,,,,,,,,,,,,
.WallR(7) Busan1\FormwallR30.csv ,,,,,,,,,,,,,,,,,,,,
.WallL(8) Busan1\FormwallL29.csv ;장전동역,,,,,,,,,,,,,,,,,,,,
.WallR(8) Busan1\FormwallR29.csv ,,,,,,,,,,,,,,,,,,,,
.WallL(9) Busan1\WallL.csv ;지상고가철로,,,,,,,,,,,,,,,,,,,,
.WallR(9) Busan1\WallR.csv,,,,,,,,,,,,,,,,,,,,
.WallL(10) Busan1\FormwallL28.csv ;부산대학앞역,,,,,,,,,,,,,,,,,,,,
.WallR(10) Busan1\FormwallR28.csv ,,,,,,,,,,,,,,,,,,,,
.WallL(11) Busan1\FormwallL27.csv ;온천장역,,,,,,,,,,,,,,,,,,,,
.WallR(11) Busan1\FormwallR27.csv ,,,,,,,,,,,,,,,,,,,,
.WallL(12) Busan1\FormwallL26.csv ;명륜동역,,,,,,,,,,,,,,,,,,,,
.WallR(12) Busan1\FormwallR26.csv ,,,,,,,,,,,,,,,,,,,,
.WallL(13) Busan1\FormwallL25.csv ;동래역,,,,,,,,,,,,,,,,,,,,
.WallR(13) Busan1\FormwallR25.csv ,,,,,,,,,,,,,,,,,,,,
.WallL(14) Busan1\FormwallL24.csv ;교대앞역,,,,,,,,,,,,,,,,,,,,
.WallR(14) Busan1\FormwallR24.csv ,,,,,,,,,,,,,,,,,,,,
.WallL(15) Busan1\FormwallL23.csv ;연산동역,,,,,,,,,,,,,,,,,,,,
.WallR(15) Busan1\FormwallR23.csv ,,,,,,,,,,,,,,,,,,,,
.WallL(16) Busan1\FormwallL22.csv ;시청역,,,,,,,,,,,,,,,,,,,,
.WallR(16) Busan1\FormwallR22.csv ,,,,,,,,,,,,,,,,,,,,
.WallL(17) Busan1\FormwallL21.csv ;양정역,,,,,,,,,,,,,,,,,,,,
.WallR(17) Busan1\FormwallR21.csv ,,,,,,,,,,,,,,,,,,,,
.WallL(18) Busan1\FormwallL20.csv ;부전동역,,,,,,,,,,,,,,,,,,,,
.WallR(18) Busan1\FormwallR20.csv ,,,,,,,,,,,,,,,,,,,,
.WallL(19) Busan1\FormwallL19.csv ;서면역,,,,,,,,,,,,,,,,,,,,
.WallR(19) Busan1\FormwallR19.csv ,,,,,,,,,,,,,,,,,,,,
.WallL(20) Busan1\FormwallL18.csv ;범내골역,,,,,,,,,,,,,,,,,,,,
.WallR(20) Busan1\FormwallR18.csv ,,,,,,,,,,,,,,,,,,,,
.WallL(21) Busan1\FormwallL17.csv ;범일동역,,,,,,,,,,,,,,,,,,,,
.WallR(21) Busan1\FormwallR17.csv ,,,,,,,,,,,,,,,,,,,,
.WallL(22) Busan1\FormwallL16.csv ;좌천동역,,,,,,,,,,,,,,,,,,,,
.WallR(22) Busan1\FormwallR16.csv ,,,,,,,,,,,,,,,,,,,,
.WallL(23) Busan1\FormwallL15.csv ;부산진역,,,,,,,,,,,,,,,,,,,,
.WallR(23) Busan1\FormwallR15.csv ,,,,,,,,,,,,,,,,,,,,
.WallL(24) Busan1\FormwallL14.csv ;초량동역,,,,,,,,,,,,,,,,,,,,
.WallR(24) Busan1\FormwallR14.csv ,,,,,,,,,,,,,,,,,,,,
.WallL(25) Busan1\FormwallL13.csv ;부산역,,,,,,,,,,,,,,,,,,,,
.WallR(25) Busan1\FormwallR13.csv ,,,,,,,,,,,,,,,,,,,,
.WallL(26) Busan1\FormwallL12.csv ;중앙동역,,,,,,,,,,,,,,,,,,,,
.WallR(26) Busan1\FormwallR12.csv ,,,,,,,,,,,,,,,,,,,,
.WallL(27) Busan1\TunnelL2.csv ;지하터널2,,,,,,,,,,,,,,,,,,,,
.WallR(27) Busan1\TunnelR2.csv,,,,,,,,,,,,,,,,,,,,
.WallL(28) Busan1\FormwallL11.csv ;남포동역,,,,,,,,,,,,,,,,,,,,
.WallR(28) Busan1\FormwallR11.csv ,,,,,,,,,,,,,,,,,,,,
.WallL(29) Busan1\FormwallL10.csv ;자갈치역,,,,,,,,,,,,,,,,,,,,
.WallR(29) Busan1\FormwallR10.csv ,,,,,,,,,,,,,,,,,,,,
.WallL(30) Busan1\FormwallL9.csv ;토성동역,,,,,,,,,,,,,,,,,,,,
.WallR(30) Busan1\FormwallR9.csv ,,,,,,,,,,,,,,,,,,,,
.WallL(31) Busan1\FormwallL8.csv ;동대신동역,,,,,,,,,,,,,,,,,,,,
.WallR(31) Busan1\FormwallR8.csv ,,,,,,,,,,,,,,,,,,,,
.WallL(32) Busan1\TunL2.csv ;서대신동구간터널,,,,,,,,,,,,,,,,,,,,
.WallR(32) Busan1\TunR2.csv ,,,,,,,,,,,,,,,,,,,,
.WallL(33) Busan1\EggTunL2.csv ;서대신동구간터널,,,,,,,,,,,,,,,,,,,,
.WallR(33) Busan1\EggTunR2.csv ,,,,,,,,,,,,,,,,,,,,
.WallL(34) Busan1\FormwallL7.csv ;서대신동역,,,,,,,,,,,,,,,,,,,,
.WallR(34) Busan1\FormwallR7.csv,,,,,,,,,,,,,,,,,,,,
.WallL(35) Busan1\FormwallL6.csv ;대티역,,,,,,,,,,,,,,,,,,,,
.WallR(35) Busan1\FormwallR6.csv,,,,,,,,,,,,,,,,,,,,
.WallL(36) Busan1\FormwallL5.csv ;괴정역,,,,,,,,,,,,,,,,,,,,
.WallR(36) Busan1\FormwallR5.csv,,,,,,,,,,,,,,,,,,,,
.WallL(37) Busan1\FormwallL4.csv ;사하역,,,,,,,,,,,,,,,,,,,,
.WallR(37) Busan1\FormwallR4.csv,,,,,,,,,,,,,,,,,,,,
.WallL(38) Busan1\FormwallL3.csv ;당리역,,,,,,,,,,,,,,,,,,,,
.WallR(38) Busan1\FormwallR3.csv,,,,,,,,,,,,,,,,,,,,
.WallL(39) Busan1\FormwallL2.csv ;하단역,,,,,,,,,,,,,,,,,,,,
.WallR(39) Busan1\FormwallR2.csv,,,,,,,,,,,,,,,,,,,,
.WallL(40) Busan1\FormwallL1.csv ;신평역,,,,,,,,,,,,,,,,,,,,
.WallR(40) Busan1\FormwallR1.csv,,,,,,,,,,,,,,,,,,,,
.WallL(41) Busan1\FormwallL19-1.csv ;서면역환승구,,,,,,,,,,,,,,,,,,,,
.WallR(41) Busan1\FormwallR19-1.csv,,,,,,,,,,,,,,,,,,,,
.WallL(42) Busan1\TunnelL3.csv ;부산진역 벽,,,,,,,,,,,,,,,,,,,,
.WallR(42) Busan1\TunnelR3.csv,,,,,,,,,,,,,,,,,,,,
.WallL(43) Busan1\TunL1.csv ;지하터널,,,,,,,,,,,,,,,,,,,,
.WallR(43) Busan1\TunR1.csv,,,,,,,,,,,,,,,,,,,,
.WallL(44) Busan1\WallL2.csv ;지상고가철로,,,,,,,,,,,,,,,,,,,,
.WallR(44) Busan1\WallR2.csv,,,,,,,,,,,,,,,,,,,,
.WallL(45) Busan1\TunnelL4.csv ;연산동 지하터널,,,,,,,,,,,,,,,,,,,,
.WallR(45) Busan1\TunnelR4.csv,,,,,,,,,,,,,,,,,,,,
.WallL(46) Busan1\FormwallL24-1.csv ;교대앞역,,,,,,,,,,,,,,,,,,,,
.WallR(46) Busan1\FormwallR24-1.csv ,,,,,,,,,,,,,,,,,,,,
.WallL(47) Busan1\FormwallL23-1.csv ;연산동역,,,,,,,,,,,,,,,,,,,,
.WallR(47) Busan1\FormwallR23-1.csv ,,,,,,,,,,,,,,,,,,,,
.WallR(48) Busan1\sta TunR.csv ,,,,,,,,,,,,,,,,,,,,
.WallL(49) Busan1\sta TunL.csv ,,,,,,,,,,,,,,,,,,,,
.WallR(50) Busan1\FormwallR15 down.csv ,,,,,,,,,,,,,,,,,,,,
.WallL(50) Busan1\FormwallL15 down.csv ,,,,,,,,,,,,,,,,,,,,
.WallR(51) Busan1\tunnel1.csv ,,,,,,,,,,,,,,,,,,,,
.WallR(52) Busan1\tunnel2.csv ,,,,,,,,,,,,,,,,,,,,
,,,,,,,,,,,,,,,,,,,,
.DikeL(0) Busan1\DarkpoleL.csv ;지하기둥,,,,,,,,,,,,,,,,,,,,
.DikeR(0) Busan1\DarkpoleR.csv,,,,,,,,,,,,,,,,,,,,
.DikeL(1) Busan1\StapoleL.csv ;일반 지하역 기둥 1,,,,,,,,,,,,,,,,,,,,
.DikeR(1) Busan1\StapoleR.csv,,,,,,,,,,,,,,,,,,,,
.DikeL(2) Busan1\DikeL.csv,,,,,,,,,,,,,,,,,,,,
.DikeR(2) Busan1\DikeR.csv,,,,,,,,,,,,,,,,,,,,
.DikeL(3) Busan1\StapoleL2.csv ;일반 지하역 기둥 2,,,,,,,,,,,,,,,,,,,,
.DikeR(3) Busan1\StapoleR2.csv,,,,,,,,,,,,,,,,,,,,
.DikeL(4) Busan1\StapoleL3.csv ;서면역 기둥,,,,,,,,,,,,,,,,,,,,
.DikeR(4) Busan1\StapoleR3.csv,,,,,,,,,,,,,,,,,,,,
.DikeL(5) Busan1\StapoleL4.csv ;범어사역 기둥,,,,,,,,,,,,,,,,,,,,
.DikeR(5) Busan1\StapoleR4.csv,,,,,,,,,,,,,,,,,,,,
.DikeL(6) Busan1\CrackDarkBalL.csv ;지하구간 낮은기둥이라고 할까??,,,,,,,,,,,,,,,,,,,,
.DikeR(6) Busan1\CrackDarkBalR.csv,,,,,,,,,,,,,,,,,,,,
.DikeL(7) Busan1\CrackBalL.csv ;지상구간 낮은기둥이라고 할까??,,,,,,,,,,,,,,,,,,,,
.DikeL(7) Busan1\CrackBalR.csv ;지상구간 낮은기둥이라고 할까??,,,,,,,,,,,,,,,,,,,,
.DikeL(8) Busan1\StaPoleL YS.csv ;연산동 역기둥,,,,,,,,,,,,,,,,,,,,
.DikeR(8) Busan1\StaPoleR YS.csv ;연산동 역기둥,,,,,,,,,,,,,,,,,,,,
.DikeL(9) Busan1\StaPoleL YJ.csv ;양정 역기둥,,,,,,,,,,,,,,,,,,,,
.DikeR(9) Busan1\StaPoleR YJ.csv ;양정 역기둥,,,,,,,,,,,,,,,,,,,,
.DikeL(10) Busan1\StaPoleL NP.csv ;남포동 역기둥,,,,,,,,,,,,,,,,,,,,
.DikeR(10) Busan1\StaPoleR NP.csv ;남포동 역기둥,,,,,,,,,,,,,,,,,,,,
.DikeL(11) Busan1\StaPoleL JC.csv ;자갈치 역기둥,,,,,,,,,,,,,,,,,,,,
.DikeR(11) Busan1\StaPoleR JC.csv ;자갈치 역기둥,,,,,,,,,,,,,,,,,,,,
.DikeL(12) Busan1\grass DikeL.csv,,,,,,,,,,,,,,,,,,,,
.DikeR(12) Busan1\grass DikeR.csv,,,,,,,,,,,,,,,,,,,,
.DikeL(13) Busan1\diL.csv,,,,,,,,,,,,,,,,,,,,
.DikeR(13) Busan1\diR.csv,,,,,,,,,,,,,,,,,,,,
.DikeL(14) Busan1\tree\treeL.csv,,,,,,,,,,,,,,,,,,,,
.DikeR(14) Busan1\tree\treeR.csv,,,,,,,,,,,,,,,,,,,,
.DikeL(15) Busan1\DarkpoleL1.csv ;지하기둥,,,,,,,,,,,,,,,,,,,,
.DikeR(15) Busan1\DarkpoleR1.csv,,,,,,,,,,,,,,,,,,,,
.DikeR(16) Busan1\DarkpoleR2.csv,,,,,,,,,,,,,,,,,,,,
.DikeL(17) Busan1\Dike1L.csv,,,,,,,,,,,,,,,,,,,,
.DikeR(17) Busan1\Dike1R.csv,,,,,,,,,,,,,,,,,,,,
,,,,,,,,,,,,,,,,,,,,
.FormL(0) Busan1\FormL.csv,,,,,,,,,,,,,,,,,,,,
.FormR(0) Busan1\FormR.csv,,,,,,,,,,,,,,,,,,,,
.FormCL(0) Busan1\FormCL.csv,,,,,,,,,,,,,,,,,,,,
.FormCR(0) Busan1\FormCR.csv,,,,,,,,,,,,,,,,,,,,
.FormL(1) Busan1\FormL.csv,,,,,,,,,,,,,,,,,,,,
.FormR(1) Busan1\FormR.csv,,,,,,,,,,,,,,,,,,,,
.FormCL(1) Busan1\FormCL1.csv,,,,,,,,,,,,,,,,,,,,
.FormCR(1) Busan1\FormCR1.csv,,,,,,,,,,,,,,,,,,,,
.FormL(2) Busan1\FormL.csv,,,,,,,,,,,,,,,,,,,,
.FormR(2) Busan1\FormR.csv,,,,,,,,,,,,,,,,,,,,
.FormCL(2) Busan1\FormCL2.csv,,,,,,,,,,,,,,,,,,,,
.FormCR(2) Busan1\FormCR2.csv,,,,,,,,,,,,,,,,,,,,
,,,,,,,,,,,,,,,,,,,,
.FormL(3) Busan1\FormL1.csv,,,,,,,,,,,,,,,,,,,,
.FormR(3) Busan1\FormR1.csv,,,,,,,,,,,,,,,,,,,,
.FormCL(3) Busan1\FormCL3.csv,,,,,,,,,,,,,,,,,,,,
.FormCR(3) Busan1\FormCR3.csv,,,,,,,,,,,,,,,,,,,,
,,,,,,,,,,,,,,,,,,,,
.FormL(4) Busan1\FormL.csv,,,,,,,,,,,,,,,,,,,,
.FormR(4) Busan1\FormR.csv,,,,,,,,,,,,,,,,,,,,
.FormCL(4) Busan1\FormCL4.csv,,,,,,,,,,,,,,,,,,,,
.FormCR(4) Busan1\FormCR4.csv,,,,,,,,,,,,,,,,,,,,
,,,,,,,,,,,,,,,,,,,,
.FormL(5) Busan1\FormL.csv;동래역계단폼,,,,,,,,,,,,,,,,,,,,
.FormR(5) Busan1\FormR.csv,,,,,,,,,,,,,,,,,,,,
.FormCL(5) Busan1\form\FormCL.csv,,,,,,,,,,,,,,,,,,,,
.FormCR(5) Busan1\form\FormCR.csv,,,,,,,,,,,,,,,,,,,,
,,,,,,,,,,,,,,,,,,,,
.FormL(6) Busan1\FormL.csv;그외 고가역 계단폼,,,,,,,,,,,,,,,,,,,,
.FormR(6) Busan1\FormR.csv,,,,,,,,,,,,,,,,,,,,
.FormCL(6) Busan1\form\FormCL1.csv,,,,,,,,,,,,,,,,,,,,
.FormCR(6) Busan1\form\FormCR1.csv,,,,,,,,,,,,,,,,,,,,
,,,,,,,,,,,,,,,,,,,,
.RoofL(1) Busan1\RoofL.csv,,,,,,,,,,,,,,,,,,,,
.RoofR(1) Busan1\RoofR.csv,,,,,,,,,,,,,,,,,,,,
.RoofCL(1) Busan1\RoofCL.csv,,,,,,,,,,,,,,,,,,,,
.RoofCR(1) Busan1\RoofCR.csv,,,,,,,,,,,,,,,,,,,,
.RoofL(2) Busan1\RoofLA.csv,,,,,,,,,,,,,,,,,,,,
.RoofR(2) Busan1\RoofRA.csv,,,,,,,,,,,,,,,,,,,,
.RoofCL(2) Busan1\RoofCLA.csv,,,,,,,,,,,,,,,,,,,,
.RoofCR(2) Busan1\RoofCRA.csv,,,,,,,,,,,,,,,,,,,,
,,,,,,,,,,,,,,,,,,,,
.RoofL(4) Busan1\Roof tai L.csv,,,,,,,,,,,,,,,,,,,,
.RoofR(4) Busan1\Roof tai R.csv,,,,,,,,,,,,,,,,,,,,
.RoofCL(4) Busan1\Roof tail L.csv,,,,,,,,,,,,,,,,,,,,
.RoofCR(4) Busan1\Roof tail R.csv,,,,,,,,,,,,,,,,,,,,
,,,,,,,,,,,,,,,,,,,,
.RoofL(5) Busan1\Roof tai L.csv,,,,,,,,,,,,,,,,,,,,
.RoofR(5) Busan1\Roof tai R.csv,,,,,,,,,,,,,,,,,,,,
.RoofCL(5) Busan1\Roof tail Hadan L.csv,,,,,,,,,,,,,,,,,,,,
.RoofCR(5) Busan1\Roof tail Hadan R.csv,,,,,,,,,,,,,,,,,,,,
,,,,,,,,,,,,,,,,,,,,
.RoofL(6) Busan1\Roof tai L.csv,,,,,,,,,,,,,,,,,,,,
.RoofR(6) Busan1\Roof tai R.csv,,,,,,,,,,,,,,,,,,,,
.RoofCL(6) Busan1\Roof tail busan L.csv,,,,,,,,,,,,,,,,,,,,
.RoofCR(6) Busan1\Roof tail busan R.csv,,,,,,,,,,,,,,,,,,,,
,,,,,,,,,,,,,,,,,,,,
.RoofL(7) Busan1\Roof tai L.csv,,,,,,,,,,,,,,,,,,,,
.RoofR(7) Busan1\Roof tai R.csv,,,,,,,,,,,,,,,,,,,,
.RoofCL(7) Busan1\Roof tail jagalchiL.csv,,,,,,,,,,,,,,,,,,,,
.RoofCR(7) Busan1\Roof tail jagalchiR.csv,,,,,,,,,,,,,,,,,,,,
,,,,,,,,,,,,,,,,,,,,
.RoofL(8) Busan1\Roof tai L.csv,,,,,,,,,,,,,,,,,,,,
.RoofR(8) Busan1\Roof tai R.csv,,,,,,,,,,,,,,,,,,,,
.RoofCL(8) Busan1\Roof tail nampoL.csv,,,,,,,,,,,,,,,,,,,,
.RoofCR(8) Busan1\Roof tail nampoR.csv,,,,,,,,,,,,,,,,,,,,
,,,,,,,,,,,,,,,,,,,,
.RoofL(3) Busan1\StaRoofL.csv,,,,,,,,,,,,,,,,,,,,
.RoofR(3) Busan1\StaRoofR.csv,,,,,,,,,,,,,,,,,,,,
,,,,,,,,,,,,,,,,,,,,
.RoofL(9) Busan1\Roof tai L.csv,,,,,,,,,,,,,,,,,,,,
.RoofR(9) Busan1\Roof tai R.csv,,,,,,,,,,,,,,,,,,,,
.RoofCL(9) Busan1\Roof tail smL.csv,,,,,,,,,,,,,,,,,,,,
.RoofCR(9) Busan1\Roof tail smR.csv,,,,,,,,,,,,,,,,,,,,
,,,,,,,,,,,,,,,,,,,,
,,,,,,,,,,,,,,,,,,,,
.CrackL(0) Busan1\CrackBalL.csv,,,,,,,,,,,,,,,,,,,,
.CrackR(0) Busan1\CrackBalR.csv,,,,,,,,,,,,,,,,,,,,
.CrackL(1) Busan1\CrackDarkBalL.csv,,,,,,,,,,,,,,,,,,,,
.CrackR(1) Busan1\CrackDarkBalR.csv,,,,,,,,,,,,,,,,,,,,
.CrackL(2) Busan1\CrackDarkBalL2.csv,,,,,,,,,,,,,,,,,,,,
.CrackR(2) Busan1\CrackDarkBalR2.csv,,,,,,,,,,,,,,,,,,,,
.CrackL(3) Busan1\grass crackL.csv,,,,,,,,,,,,,,,,,,,,
.CrackR(3) Busan1\grass crackR.csv,,,,,,,,,,,,,,,,,,,,
,,,,,,,,,,,,,,,,,,,,
.Pole(0;1) Busan1\PoleS.csv ;단선전신주,,,,,,,,,,,,,,,,,,,,
.Pole(0;4) Busan1\PoleF.csv ;차량기지 전신주,,,,,,,,,,,,,,,,,,,,
.Pole(0;5) Busan1\StaPole.csv ;지상역 전신주,,,,,,,,,,,,,,,,,,,,
.Pole(1;6) Busan1\PoleT2.csv ;차량기지 전신주,,,,,,,,,,,,,,,,,,,,
.Freeobj(0) Busan1\8stop.csv,,,,,,,,,,,,,,,,,,,,
.Freeobj(1) Busan1\1009f.csv,,,,,,,,,,,,,,,,,,,,
.Freeobj(2) Busan1\1109m.csv,,,,,,,,,,,,,,,,,,,,
.Freeobj(3) Busan1\1209m.csv,,,,,,,,,,,,,,,,,,,,
.Freeobj(4) Busan1\1909r.csv,,,,,,,,,,,,,,,,,,,,
.Freeobj(5) Busan1\StaEndL.csv,,,,,,,,,,,,,,,,,,,,
.Freeobj(6) Busan1\StaEndR.csv,,,,,,,,,,,,,,,,,,,,
.Freeobj(7) Busan1\ElectricBoard1.csv,,,,,,,,,,,,,,,,,,,,
.Freeobj(8) Busan1\apt1.csv,,,,,,,,,,,,,,,,,,,,
.Freeobj(9) Busan1\apt2.csv,,,,,,,,,,,,,,,,,,,,
.Freeobj(10) Busan1\building 1.csv,,,,,,,,,,,,,,,,,,,,
.Freeobj(11) Busan1\house01.csv,,,,,,,,,,,,,,,,,,,,
.Freeobj(12) Busan1\house2.csv,,,,,,,,,,,,,,,,,,,,
.Freeobj(13) Busan1\house03.csv,,,,,,,,,,,,,,,,,,,,
.Freeobj(14) Busan1\ElectricBoard2.csv,,,,,,,,,,,,,,,,,,,,
.Freeobj(15) Busan1\PeopleL.csv,,,,,,,,,,,,,,,,,,,,
.Freeobj(16) Busan1\PeopleL2.csv,,,,,,,,,,,,,,,,,,,,
.Freeobj(17) Busan1\PeopleL3.csv,,,,,,,,,,,,,,,,,,,,
.Freeobj(18) Busan1\PeopleR.csv,,,,,,,,,,,,,,,,,,,,
.Freeobj(19) Busan1\PeopleR2.csv,,,,,,,,,,,,,,,,,,,,
.Freeobj(20) Busan1\PeopleR3.csv,,,,,,,,,,,,,,,,,,,,
.Freeobj(21) Busan1\1009f2.csv,,,,,,,,,,,,,,,,,,,,
.Freeobj(22) Busan1\stasection.csv,,,,,,,,,,,,,,,,,,,,
.Freeobj(23) Busan1\guardrail.csv,,,,,,,,,,,,,,,,,,,,
.Freeobj(24) Busan1\guardrail2.csv,,,,,,,,,,,,,,,,,,,,
.Freeobj(25) Busan1\mirror1.csv,,,,,,,,,,,,,,,,,,,,
.Freeobj(26) Busan1\safetybar1.csv,,,,,,,,,,,,,,,,,,,,
.Freeobj(27) Busan1\guardrail3.csv,,,,,,,,,,,,,,,,,,,,
.Freeobj(28) Busan1\mirror2.csv,,,,,,,,,,,,,,,,,,,,
.Freeobj(29) Busan1\mirror3.csv,,,,,,,,,,,,,,,,,,,,
.Freeobj(30) Busan1\mirror4.csv,,,,,,,,,,,,,,,,,,,,
.Freeobj(31) Busan1\gongikL.csv,,,,,,,,,,,,,,,,,,,,
.Freeobj(32) Busan1\gongikR.csv,,,,,,,,,,,,,,,,,,,,
.Freeobj(33) Busan1\TunE.csv,,,,,,,,,,,,,,,,,,,,
.Freeobj(34) Busan1\houseA2.csv,,,,,,,,,,,,,,,,,,,,
.Freeobj(35) Busan1\houseA3.csv,,,,,,,,,,,,,,,,,,,,
.Freeobj(36) Busan1\houseA4.csv,,,,,,,,,,,,,,,,,,,,
.Freeobj(37) Busan1\TunnelentL.csv,,,,,,,,,,,,,,,,,,,,
.Freeobj(38) Busan1\TunnelentR.csv,,,,,,,,,,,,,,,,,,,,
.Freeobj(39) Busan1\Safetybar2.csv,,,,,,,,,,,,,,,,,,,,
.Freeobj(40) Busan1\TunEnt.csv,,,,,,,,,,,,,,,,,,,,
.Freeobj(41) Busan1\TunEnt(M).csv,,,,,,,,,,,,,,,,,,,,
.Freeobj(42) Busan1\Fence0.csv,,,,,,,,,,,,,,,,,,,,
.Freeobj(43) Busan1\Fence0(M).csv,,,,,,,,,,,,,,,,,,,,
.Freeobj(44) Busan1\FenceF.csv,,,,,,,,,,,,,,,,,,,,
.Freeobj(45) Busan1\wayout.csv,,,,,,,,,,,,,,,,,,,,
.Freeobj(46) Busan1\wayout2.csv,,,,,,,,,,,,,,,,,,,,
.Freeobj(47) Busan1\sinpyeongwall.csv,,,,,,,,,,,,,,,,,,,,
.Freeobj(48) Busan1\apt3.csv,,,,,,,,,,,,,,,,,,,,
.Freeobj(49) Busan1\bucom.csv ;부산컴퓨터 도매상가,,,,,,,,,,,,,,,,,,,,
.Freeobj(50) Busan1\house02.csv ;빌라타입2 ,,,,,,,,,,,,,,,,,,,,
.Freeobj(51) Busan1\house04.csv ;빌라타입3 ,,,,,,,,,,,,,,,,,,,,
.Freeobj(52) Busan1\lottedepart.csv ;롯데백화점 ,,,,,,,,,,,,,,,,,,,,
.Freeobj(53) Busan1\O2Cinema.csv ;오투시네마,,,,,,,,,,,,,,,,,,,,
.Freeobj(54) Busan1\apt4I.csv ;,,,,,,,,,,,,,,,,,,,,
.Freeobj(55) Busan1\apt4.csv ;,,,,,,,,,,,,,,,,,,,,
.Freeobj(56) Busan1\apt3I.csv ;,,,,,,,,,,,,,,,,,,,,
.Freeobj(57) Busan1\Emart.csv ;이마트,,,,,,,,,,,,,,,,,,,,
.Freeobj(58) Busan1\apt5.csv ;,,,,,,,,,,,,,,,,,,,,
.Freeobj(59) Busan1\apt5I.csv ;,,,,,,,,,,,,,,,,,,,,
.Freeobj(60) Busan1\sangga01.csv ;,,,,,,,,,,,,,,,,,,,,
.Freeobj(61) Busan1\sangga02.csv ;,,,,,,,,,,,,,,,,,,,,
.Freeobj(62) Busan1\sangga03.csv ;,,,,,,,,,,,,,,,,,,,,
.Freeobj(63) Busan1\prugio.csv ;푸르지오 공사장,,,,,,,,,,,,,,,,,,,,
.Freeobj(64) Busan1\sangga04.csv ;,,,,,,,,,,,,,,,,,,,,
.Freeobj(65) Busan1\sangga05.csv ;,,,,,,,,,,,,,,,,,,,,
.Freeobj(66) Busan1\sangga06.csv ;,,,,,,,,,,,,,,,,,,,,
.Freeobj(67) Busan1\sangga07.csv ;,,,,,,,,,,,,,,,,,,,,
.Freeobj(68) Busan1\sangga08.csv ;,,,,,,,,,,,,,,,,,,,,
.Freeobj(69) Busan1\sangga09.csv ;,,,,,,,,,,,,,,,,,,,,
.Freeobj(70) Busan1\sangga10.csv ;,,,,,,,,,,,,,,,,,,,,
.Freeobj(71) Busan1\sangga11.csv ;,,,,,,,,,,,,,,,,,,,,
.Freeobj(72) Busan1\sangga12.csv ;,,,,,,,,,,,,,,,,,,,,
.Freeobj(73) Busan1\sangga13.csv ;,,,,,,,,,,,,,,,,,,,,
.Freeobj(74) Busan1\sangga14.csv ;,,,,,,,,,,,,,,,,,,,,
.Freeobj(75) Busan1\sangga15.csv ;,,,,,,,,,,,,,,,,,,,,
.Freeobj(76) Busan1\sangga16.csv ;,,,,,,,,,,,,,,,,,,,,
.Freeobj(77) Busan1\depot1.csv ;차량기지 작은건물,,,,,,,,,,,,,,,,,,,,
.Freeobj(78) Busan1\depot2.csv ;차량기지 큰건물1,,,,,,,,,,,,,,,,,,,,
.Freeobj(79) Busan1\depot3.csv ;차량기지 큰건물2,,,,,,,,,,,,,,,,,,,,
.Freeobj(80) Busan1\Fence1.csv ;우측펜스타입2,,,,,,,,,,,,,,,,,,,,
.Freeobj(81) Busan1\Fence1(M).csv ;좌측펜스타입2,,,,,,,,,,,,,,,,,,,,
.Freeobj(82) Busan1\depot4.csv ;차량기지 큰 건물3,,,,,,,,,,,,,,,,,,,,
.Freeobj(83) Busan1\Fence1F.csv ;레일막는것,,,,,,,,,,,,,,,,,,,,
.Freeobj(84) Busan1\factory1.csv ;공장,,,,,,,,,,,,,,,,,,,,
.Freeobj(85) Busan1\Transfer.csv ;환승표시,,,,,,,,,,,,,,,,,,,,
.Freeobj(86) Busan1\bench1R.csv ;지상구간 일부 벤치,,,,,,,,,,,,,,,,,,,,
.Freeobj(88) Busan1\automat.csv ;자판기 좌측,,,,,,,,,,,,,,,,,,,,
.Freeobj(89) Busan1\automat(M).csv ;자판기 우측,,,,,,,,,,,,,,,,,,,,
.Freeobj(90) Busan1\8stop2.csv ;정차위치2,,,,,,,,,,,,,,,,,,,,
.Freeobj(91) Busan1\8stop2(M).csv ;정차위치2,,,,,,,,,,,,,,,,,,,,
.Freeobj(92) Busan1\adv1.csv ;광고판,,,,,,,,,,,,,,,,,,,,
.Freeobj(93) Busan1\adv2.csv ;,,,,,,,,,,,,,,,,,,,,
.Freeobj(94) Busan1\adv3.csv ;,,,,,,,,,,,,,,,,,,,,
.Freeobj(95) Busan1\adv4.csv ;,,,,,,,,,,,,,,,,,,,,
.Freeobj(96) Busan1\adv1(M).csv ;,,,,,,,,,,,,,,,,,,,,
.Freeobj(97) Busan1\adv2(M).csv ;,,,,,,,,,,,,,,,,,,,,
.Freeobj(98) Busan1\adv3(M).csv ;,,,,,,,,,,,,,,,,,,,,
.Freeobj(99) Busan1\adv4(M).csv ;,,,,,,,,,,,,,,,,,,,,
.Freeobj(100) Busan1\adv5.csv ;,,,,,,,,,,,,,,,,,,,,
.Freeobj(101) Busan1\adv6.csv ;,,,,,,,,,,,,,,,,,,,,
.Freeobj(102) Busan1\adv7.csv ;,,,,,,,,,,,,,,,,,,,,
.Freeobj(103) Busan1\adv8.csv ;,,,,,,,,,,,,,,,,,,,,
.Freeobj(104) Busan1\adv9.csv ;,,,,,,,,,,,,,,,,,,,,
.Freeobj(105) Busan1\ATO.csv ;,,,,,,,,,,,,,,,,,,,,
.Freeobj(106) Busan1\GO!ans.csv ;,,,,,,,,,,,,,,,,,,,,
.Freeobj(107) Busan1\hc.csv ;,,,,,,,,,,,,,,,,,,,,
.Freeobj(108) Busan1\stair1.csv ;,,,,,,,,,,,,,,,,,,,,
.Freeobj(109) Busan1\stair1-1.csv ;,,,,,,,,,,,,,,,,,,,,
.Freeobj(110) Busan1\stair2.csv ;,,,,,,,,,,,,,,,,,,,,
.Freeobj(111) Busan1\stair2-1.csv ;,,,,,,,,,,,,,,,,,,,,
.Freeobj(112) Busan1\stair3.csv ;,,,,,,,,,,,,,,,,,,,,
.Freeobj(113) Busan1\stair3-1.csv ;,,,,,,,,,,,,,,,,,,,,
.Freeobj(114) Busan1\stair4.csv ;,,,,,,,,,,,,,,,,,,,,
.Freeobj(115) Busan1\stair4-1.csv ;,,,,,,,,,,,,,,,,,,,,
.Freeobj(116) Busan1\stair5.csv ;,,,,,,,,,,,,,,,,,,,,
.Freeobj(117) Busan1\stair5-1.csv ;,,,,,,,,,,,,,,,,,,,,
.Freeobj(118) Busan1\stair6.csv ;,,,,,,,,,,,,,,,,,,,,
.Freeobj(119) Busan1\stair6-1.csv ;,,,,,,,,,,,,,,,,,,,,
.Freeobj(120) Busan1\stair7.csv ;,,,,,,,,,,,,,,,,,,,,
.Freeobj(121) Busan1\stair7-1.csv ;,,,,,,,,,,,,,,,,,,,,
.Freeobj(122) Busan1\stair8.csv ;,,,,,,,,,,,,,,,,,,,,
.Freeobj(123) Busan1\stair8-1.csv ;,,,,,,,,,,,,,,,,,,,,
.Freeobj(124) Busan1\stair9.csv ;,,,,,,,,,,,,,,,,,,,,
.Freeobj(125) Busan1\stair9-1.csv ;,,,,,,,,,,,,,,,,,,,,
.Freeobj(126) Busan1\stair10.csv ;,,,,,,,,,,,,,,,,,,,,
.Freeobj(127) Busan1\stair10-1.csv ;,,,,,,,,,,,,,,,,,,,,
.Freeobj(128) Busan1\stair11.csv ;,,,,,,,,,,,,,,,,,,,,
.Freeobj(129) Busan1\stair11-1.csv ;,,,,,,,,,,,,,,,,,,,,
.Freeobj(130) Busan1\stair12.csv ;,,,,,,,,,,,,,,,,,,,,
.Freeobj(131) Busan1\stair12-1.csv ;,,,,,,,,,,,,,,,,,,,,
.Freeobj(132) Busan1\stair13.csv ;,,,,,,,,,,,,,,,,,,,,
.Freeobj(133) Busan1\stair13-1.csv ;,,,,,,,,,,,,,,,,,,,,
.Freeobj(134) Busan1\stair14.csv ;,,,,,,,,,,,,,,,,,,,,
.Freeobj(135) Busan1\stair14-1.csv ;,,,,,,,,,,,,,,,,,,,,
.Freeobj(136) Busan1\stair15.csv ;,,,,,,,,,,,,,,,,,,,,
.Freeobj(137) Busan1\stair15-1.csv ;,,,,,,,,,,,,,,,,,,,,
.Freeobj(138) Busan1\stair16.csv ;,,,,,,,,,,,,,,,,,,,,
.Freeobj(139) Busan1\stair16-1.csv ;,,,,,,,,,,,,,,,,,,,,
.Freeobj(140) Busan1\stair17.csv ;,,,,,,,,,,,,,,,,,,,,
.Freeobj(141) Busan1\stair17-1.csv ;,,,,,,,,,,,,,,,,,,,,
.Freeobj(142) Busan1\stair18.csv ;,,,,,,,,,,,,,,,,,,,,
.Freeobj(143) Busan1\stair18-1.csv ;,,,,,,,,,,,,,,,,,,,,
.Freeobj(144) Busan1\stair19.csv ;,,,,,,,,,,,,,,,,,,,,
.Freeobj(145) Busan1\stair19-1.csv ;,,,,,,,,,,,,,,,,,,,,
.Freeobj(146) Busan1\stair20.csv ;,,,,,,,,,,,,,,,,,,,,
.Freeobj(147) Busan1\stair20-1.csv ;,,,,,,,,,,,,,,,,,,,,
.Freeobj(148) Busan1\stair21.csv ;,,,,,,,,,,,,,,,,,,,,
.Freeobj(149) Busan1\stair21-1.csv ;,,,,,,,,,,,,,,,,,,,,
.Freeobj(150) Busan1\stair22.csv ;,,,,,,,,,,,,,,,,,,,,
.Freeobj(151) Busan1\stair22-1.csv ;,,,,,,,,,,,,,,,,,,,,
.Freeobj(152) Busan1\stair23.csv ;,,,,,,,,,,,,,,,,,,,,
.Freeobj(153) Busan1\stair23-1.csv ;,,,,,,,,,,,,,,,,,,,,
.Freeobj(154) Busan1\stair24.csv ;,,,,,,,,,,,,,,,,,,,,
.Freeobj(155) Busan1\stair24-1.csv ;,,,,,,,,,,,,,,,,,,,,
.Freeobj(156) Busan1\stair25.csv ;,,,,,,,,,,,,,,,,,,,,
.Freeobj(157) Busan1\stair25-1.csv ;,,,,,,,,,,,,,,,,,,,,
.Freeobj(158) Busan1\StaEndL2.csv ;,,,,,,,,,,,,,,,,,,,,
.Freeobj(159) Busan1\StaEndR2.csv ;,,,,,,,,,,,,,,,,,,,,
.Freeobj(160) Busan1\StaEndL3.csv ;,,,,,,,,,,,,,,,,,,,,
.Freeobj(161) Busan1\StaEndR3.csv ;,,,,,,,,,,,,,,,,,,,,
.Freeobj(162) Busan1\StaEndL5.csv ;,,,,,,,,,,,,,,,,,,,,
.Freeobj(163) Busan1\StaEndR5.csv ;,,,,,,,,,,,,,,,,,,,,
.Freeobj(164) Busan1\StaEndL6.csv ;,,,,,,,,,,,,,,,,,,,,
.Freeobj(165) Busan1\StaEndR6.csv ;,,,,,,,,,,,,,,,,,,,,
.Freeobj(166) Busan1\StaEndL6-1.csv ;,,,,,,,,,,,,,,,,,,,,
.Freeobj(167) Busan1\StaEndR6-1.csv ;,,,,,,,,,,,,,,,,,,,,
.Freeobj(168) Busan1\StaEndL7.csv ;,,,,,,,,,,,,,,,,,,,,
.Freeobj(169) Busan1\StaEndR7.csv ;,,,,,,,,,,,,,,,,,,,,
.Freeobj(170) Busan1\StaEndL7-1.csv ;,,,,,,,,,,,,,,,,,,,,
.Freeobj(171) Busan1\StaEndR7-1.csv ;,,,,,,,,,,,,,,,,,,,,
.Freeobj(172) Busan1\hc2.csv ;,,,,,,,,,,,,,,,,,,,,
.Freeobj(173) Busan1\34cuve.csv ;,,,,,,,,,,,,,,,,,,,,
.Freeobj(174) Busan1\33cuve.csv ;,,,,,,,,,,,,,,,,,,,,
.Freeobj(175) Busan1\32cuve.csv ;,,,,,,,,,,,,,,,,,,,,
.Freeobj(176) Busan1\31cuve.csv ;,,,,,,,,,,,,,,,,,,,,
.Freeobj(177) Busan1\30cuve.csv ;,,,,,,,,,,,,,,,,,,,,
.Freeobj(178) Busan1\29cuve.csv ;,,,,,,,,,,,,,,,,,,,,
.Freeobj(179) Busan1\28cuve.csv ;,,,,,,,,,,,,,,,,,,,,
.Freeobj(180) Busan1\27cuve.csv ;,,,,,,,,,,,,,,,,,,,,
.Freeobj(181) Busan1\26cuve.csv ;,,,,,,,,,,,,,,,,,,,,
.Freeobj(182) Busan1\25cuve.csv ;,,,,,,,,,,,,,,,,,,,,
.Freeobj(183) Busan1\24cuve.csv ;,,,,,,,,,,,,,,,,,,,,
.Freeobj(184) Busan1\23cuve.csv ;,,,,,,,,,,,,,,,,,,,,
.Freeobj(185) Busan1\22cuve.csv ;,,,,,,,,,,,,,,,,,,,,
.Freeobj(186) Busan1\21cuve.csv ;,,,,,,,,,,,,,,,,,,,,
.Freeobj(187) Busan1\20cuve.csv ;,,,,,,,,,,,,,,,,,,,,
.Freeobj(188) Busan1\19cuve.csv ;,,,,,,,,,,,,,,,,,,,,
.Freeobj(189) Busan1\18cuve.csv ;,,,,,,,,,,,,,,,,,,,,
.Freeobj(190) Busan1\17cuve.csv ;,,,,,,,,,,,,,,,,,,,,
.Freeobj(191) Busan1\16cuve.csv ;,,,,,,,,,,,,,,,,,,,,
.Freeobj(192) Busan1\15cuve.csv ;,,,,,,,,,,,,,,,,,,,,
.Freeobj(193) Busan1\14cuve.csv ;,,,,,,,,,,,,,,,,,,,,
.Freeobj(194) Busan1\13cuve.csv ;,,,,,,,,,,,,,,,,,,,,
.Freeobj(195) Busan1\12cuve.csv ;,,,,,,,,,,,,,,,,,,,,
.Freeobj(196) Busan1\11cuve.csv ;,,,,,,,,,,,,,,,,,,,,
.Freeobj(197) Busan1\10cuve.csv ;,,,,,,,,,,,,,,,,,,,,
.Freeobj(198) Busan1\9cuve.csv ;,,,,,,,,,,,,,,,,,,,,
.Freeobj(199) Busan1\8cuve.csv ;,,,,,,,,,,,,,,,,,,,,
.Freeobj(200) Busan1\7cuve.csv ;,,,,,,,,,,,,,,,,,,,,
.Freeobj(201) Busan1\6cuve.csv ;,,,,,,,,,,,,,,,,,,,,
.Freeobj(202) Busan1\5cuve.csv ;,,,,,,,,,,,,,,,,,,,,
.Freeobj(203) Busan1\4cuve.csv ;,,,,,,,,,,,,,,,,,,,,
.Freeobj(204) Busan1\3cuve.csv ;,,,,,,,,,,,,,,,,,,,,
.Freeobj(205) Busan1\2cuve.csv ;,,,,,,,,,,,,,,,,,,,,
.Freeobj(206) Busan1\1cuve.csv ;,,,,,,,,,,,,,,,,,,,,
.Freeobj(207) Busan1\34cuve(M).csv ;,,,,,,,,,,,,,,,,,,,,
.Freeobj(208) Busan1\33cuve(M).csv ;,,,,,,,,,,,,,,,,,,,,
.Freeobj(209) Busan1\32cuve(M).csv ;,,,,,,,,,,,,,,,,,,,,
.Freeobj(210) Busan1\31cuve(M).csv ;,,,,,,,,,,,,,,,,,,,,
.Freeobj(211) Busan1\30cuve(M).csv ;,,,,,,,,,,,,,,,,,,,,
.Freeobj(212) Busan1\29cuve(M).csv ;,,,,,,,,,,,,,,,,,,,,
.Freeobj(213) Busan1\28cuve(M).csv ;,,,,,,,,,,,,,,,,,,,,
.Freeobj(214) Busan1\27cuve(M).csv ;,,,,,,,,,,,,,,,,,,,,
.Freeobj(215) Busan1\26cuve(M).csv ;,,,,,,,,,,,,,,,,,,,,
.Freeobj(216) Busan1\25cuve(M).csv ;,,,,,,,,,,,,,,,,,,,,
.Freeobj(217) Busan1\24cuve(M).csv ;,,,,,,,,,,,,,,,,,,,,
.Freeobj(218) Busan1\23cuve(M).csv ;,,,,,,,,,,,,,,,,,,,,
.Freeobj(219) Busan1\22cuve(M).csv ;,,,,,,,,,,,,,,,,,,,,
.Freeobj(220) Busan1\21cuve(M).csv ;,,,,,,,,,,,,,,,,,,,,
.Freeobj(221) Busan1\20cuve(M).csv ;,,,,,,,,,,,,,,,,,,,,
.Freeobj(222) Busan1\19cuve(M).csv ;,,,,,,,,,,,,,,,,,,,,
.Freeobj(223) Busan1\18cuve(M).csv ;,,,,,,,,,,,,,,,,,,,,
.Freeobj(224) Busan1\17cuve(M).csv ;,,,,,,,,,,,,,,,,,,,,
.Freeobj(225) Busan1\16cuve(M).csv ;,,,,,,,,,,,,,,,,,,,,
.Freeobj(226) Busan1\15cuve(M).csv ;,,,,,,,,,,,,,,,,,,,,
.Freeobj(227) Busan1\14cuve(M).csv ;,,,,,,,,,,,,,,,,,,,,
.Freeobj(228) Busan1\13cuve(M).csv ;,,,,,,,,,,,,,,,,,,,,
.Freeobj(229) Busan1\12cuve(M).csv ;,,,,,,,,,,,,,,,,,,,,
.Freeobj(230) Busan1\11cuve(M).csv ;,,,,,,,,,,,,,,,,,,,,
.Freeobj(231) Busan1\10cuve(M).csv ;,,,,,,,,,,,,,,,,,,,,
.Freeobj(232) Busan1\9cuve(M).csv ;,,,,,,,,,,,,,,,,,,,,
.Freeobj(233) Busan1\8cuve(M).csv ;,,,,,,,,,,,,,,,,,,,,
.Freeobj(234) Busan1\7cuve(M).csv ;,,,,,,,,,,,,,,,,,,,,
.Freeobj(235) Busan1\6cuve(M).csv ;,,,,,,,,,,,,,,,,,,,,
.Freeobj(236) Busan1\5cuve(M).csv ;,,,,,,,,,,,,,,,,,,,,
.Freeobj(237) Busan1\4cuve(M).csv ;,,,,,,,,,,,,,,,,,,,,
.Freeobj(238) Busan1\3cuve(M).csv ;,,,,,,,,,,,,,,,,,,,,
.Freeobj(239) Busan1\2cuve(M).csv ;,,,,,,,,,,,,,,,,,,,,
.Freeobj(240) Busan1\1cuve(M).csv ;,,,,,,,,,,,,,,,,,,,,
.Freeobj(241) Busan1\StaEndL8.csv ;,,,,,,,,,,,,,,,,,,,,
.Freeobj(242) Busan1\StaEndR8.csv ;,,,,,,,,,,,,,,,,,,,,
.Freeobj(243) Busan1\TunEnt1.csv ;,,,,,,,,,,,,,,,,,,,,
.Freeobj(244) Busan1\StaEnd1.csv ;,,,,,,,,,,,,,,,,,,,,
.Freeobj(245) Busan1\StaEnd2.csv ;,,,,,,,,,,,,,,,,,,,,
.Freeobj(246) Busan1\StaEnd3.csv ;,,,,,,,,,,,,,,,,,,,,
.Freeobj(247) Busan1\StaEnd4.csv ;,,,,,,,,,,,,,,,,,,,,
.Freeobj(248) Busan1\StaEnd5.csv ;,,,,,,,,,,,,,,,,,,,,
.Freeobj(249) Busan1\StaEnd6.csv ;,,,,,,,,,,,,,,,,,,,,
.Freeobj(250) Busan1\StaEnd7.csv ;,,,,,,,,,,,,,,,,,,,,
.Freeobj(251) Busan1\StaEnd8.csv ;,,,,,,,,,,,,,,,,,,,,
.Freeobj(252) Busan1\StaEnd9.csv ;,,,,,,,,,,,,,,,,,,,,
.Freeobj(253) Busan1\StaEnd10.csv ;,,,,,,,,,,,,,,,,,,,,
.Freeobj(254) Busan1\StaEnd11.csv ;,,,,,,,,,,,,,,,,,,,,
.Freeobj(255) Busan1\StaEnd12.csv ;,,,,,,,,,,,,,,,,,,,,
.Freeobj(256) Busan1\StaEnd13.csv ;,,,,,,,,,,,,,,,,,,,,
.Freeobj(257) Busan1\StaEnd14.csv ;,,,,,,,,,,,,,,,,,,,,
.Freeobj(258) Busan1\StaEnd15.csv ;,,,,,,,,,,,,,,,,,,,,
.Freeobj(259) Busan1\StaEnd16.csv ;,,,,,,,,,,,,,,,,,,,,
.Freeobj(260) Busan1\StaEnd17.csv ;,,,,,,,,,,,,,,,,,,,,
.Freeobj(261) Busan1\StaEnd18.csv ;,,,,,,,,,,,,,,,,,,,,
.Freeobj(262) Busan1\stair26.csv ;,,,,,,,,,,,,,,,,,,,,
.Freeobj(263) Busan1\stair26-1.csv ;,,,,,,,,,,,,,,,,,,,,
.Freeobj(264) Busan1\StaEnd19.csv ;,,,,,,,,,,,,,,,,,,,,
.Freeobj(265) Busan1\mirror5.csv,,,,,,,,,,,,,,,,,,,,
.Freeobj(266) Busan1\StaEnd1-1.csv ;,,,,,,,,,,,,,,,,,,,,
.Freeobj(267) Busan1\TunnelentL2.csv,,,,,,,,,,,,,,,,,,,,
.Freeobj(268) Busan1\TunnelentR2.csv,,,,,,,,,,,,,,,,,,,,
.Freeobj(269) Busan1\Transfer2.csv ;환승표시,,,,,,,,,,,,,,,,,,,,
.Freeobj(270) Busan1\Transfer3.csv ;환승표시,,,,,,,,,,,,,,,,,,,,
.Freeobj(271) Busan1\Tunend1.csv ;,,,,,,,,,,,,,,,,,,,,
.Freeobj(300) Busan1\Cylinder1.csv ;,,,,,,,,,,,,,,,,,,,,
.Freeobj(301) Busan1\wallL20.csv ;,,,,,,,,,,,,,,,,,,,,
.Freeobj(302) Busan1\wallR20.csv ;,,,,,,,,,,,,,,,,,,,,
.Freeobj(303) Busan1\Cylinder2.csv ;,,,,,,,,,,,,,,,,,,,,
.Freeobj(304) Busan1\STAIR Bujeon.csv ;,,,,,,,,,,,,,,,,,,,,
.Freeobj(305) Busan1\STAIR Bujeon1.csv ;,,,,,,,,,,,,,,,,,,,,
.Freeobj(306) Busan1\Bujeon end.csv ;,,,,,,,,,,,,,,,,,,,,
.Freeobj(307) Busan1\FormwallR23.csv ;,,,,,,,,,,,,,,,,,,,,
.Freeobj(308) Busan1\FormwallL23.csv ;,,,,,,,,,,,,,,,,,,,,
.Freeobj(309) Busan1\FormwallR23-1.csv ;,,,,,,,,,,,,,,,,,,,,
.Freeobj(310) Busan1\FormwallL23-1.csv ;,,,,,,,,,,,,,,,,,,,,
.Freeobj(311) Busan1\YS Cylinder.csv ;,,,,,,,,,,,,,,,,,,,,
.Freeobj(312) Busan1\JA stair2.csv ;,,,,,,,,,,,,,,,,,,,,
.Freeobj(313) Busan1\JA STAIR.csv ;,,,,,,,,,,,,,,,,,,,,
.Freeobj(314) Busan1\StaEndL12.csv ;,,,,,,,,,,,,,,,,,,,,
.Freeobj(315) Busan1\StaEndR12.csv ;,,,,,,,,,,,,,,,,,,,,
.Freeobj(316) Busan1\Cylinder12.csv ;,,,,,,,,,,,,,,,,,,,,
.Freeobj(317) Busan1\Cylinder12-1.csv ;,,,,,,,,,,,,,,,,,,,,
.Freeobj(318) Busan1\Formwall21 Art.csv ;,,,,,,,,,,,,,,,,,,,,
.Freeobj(319) Busan1\Formwall21-1 Art.csv ;,,,,,,,,,,,,,,,,,,,,
.Freeobj(320) Busan1\Formwall31 Art.csv ;,,,,,,,,,,,,,,,,,,,,
.Freeobj(321) Busan1\FormwallL14 Art.csv ;,,,,,,,,,,,,,,,,,,,,
.Freeobj(322) Busan1\FormwallR14 Art.csv ;,,,,,,,,,,,,,,,,,,,,
.Freeobj(323) Busan1\FormwallL11.csv ;,,,,,,,,,,,,,,,,,,,,
.Freeobj(324) Busan1\FormwallR11.csv ;,,,,,,,,,,,,,,,,,,,,
.Freeobj(325) Busan1\FormwallL11 Art.csv ;,,,,,,,,,,,,,,,,,,,,
.Freeobj(326) Busan1\FormwallR11 Art.csv ;,,,,,,,,,,,,,,,,,,,,
.Freeobj(327) Busan1\Formwall31-1 Art.csv ;,,,,,,,,,,,,,,,,,,,,
.Freeobj(328) Busan1\FormwallL16 Art.csv ;,,,,,,,,,,,,,,,,,,,,
.Freeobj(329) Busan1\FormwallR16 Art.csv ;,,,,,,,,,,,,,,,,,,,,
.Freeobj(330) Busan1\FormwallR18-4.csv ;,,,,,,,,,,,,,,,,,,,,
.Freeobj(331) Busan1\FormwallR18-3.csv ;,,,,,,,,,,,,,,,,,,,,
.Freeobj(332) Busan1\FormwallR18-2.csv ;,,,,,,,,,,,,,,,,,,,,
.Freeobj(333) Busan1\FormwallR18-1.csv ;,,,,,,,,,,,,,,,,,,,,
.Freeobj(334) Busan1\FormwallR18-0.csv ;,,,,,,,,,,,,,,,,,,,,
.Freeobj(335) Busan1\FormwallL18-4.csv ;,,,,,,,,,,,,,,,,,,,,
.Freeobj(336) Busan1\FormwallL18-3.csv ;,,,,,,,,,,,,,,,,,,,,
.Freeobj(337) Busan1\FormwallL18-2.csv ;,,,,,,,,,,,,,,,,,,,,
.Freeobj(338) Busan1\FormwallL18-1.csv ;,,,,,,,,,,,,,,,,,,,,
.Freeobj(339) Busan1\FormwallL18-0.csv ;,,,,,,,,,,,,,,,,,,,,
.Freeobj(340) Busan1\Cylinder7.csv ;,,,,,,,,,,,,,,,,,,,,
.Freeobj(341) Busan1\StaEnd SD.csv ;,,,,,,,,,,,,,,,,,,,,
.Freeobj(342) Busan1\Cylinder6.csv ;,,,,,,,,,,,,,,,,,,,,
.Freeobj(343) Busan1\StaEnd DT.csv ;,,,,,,,,,,,,,,,,,,,,
.Freeobj(350) Busan1\safety bar.csv ;,,,,,,,,,,,,,,,,,,,,
.Freeobj(351) Busan1\safety bar1.csv ;,,,,,,,,,,,,,,,,,,,,
.Freeobj(352) Busan1\safety bar2.csv ;,,,,,,,,,,,,,,,,,,,,
.Freeobj(353) Busan1\safety bar3.csv ;,,,,,,,,,,,,,,,,,,,,
.Freeobj(354) Busan1\safety bar4.csv ;,,,,,,,,,,,,,,,,,,,,
.Freeobj(355) Busan1\safety bar5.csv ;,,,,,,,,,,,,,,,,,,,,
.Freeobj(356) Busan1\safety bar6.csv ;,,,,,,,,,,,,,,,,,,,,
.Freeobj(357) Busan1\Tree1.csv ;,,,,,,,,,,,,,,,,,,,,
.Freeobj(358) Busan1\Tree2.csv ;,,,,,,,,,,,,,,,,,,,,
.Freeobj(359) Busan1\ElectricBoard3.csv,,,,,,,,,,,,,,,,,,,,
.Freeobj(360) Busan1\stair17 art.csv,,,,,,,,,,,,,,,,,,,,
.Freeobj(361) Busan1\FormwallL13.csv,,,,,,,,,,,,,,,,,,,,
.Freeobj(362) Busan1\FormwallR13.csv,,,,,,,,,,,,,,,,,,,,
.Freeobj(363) Busan1\FormwallL10.csv,,,,,,,,,,,,,,,,,,,,
.Freeobj(364) Busan1\FormwallR10.csv,,,,,,,,,,,,,,,,,,,,
.Freeobj(365) Busan1\stair18-2.csv,,,,,,,,,,,,,,,,,,,,
.Freeobj(366) Busan1\stair3-2.csv,,,,,,,,,,,,,,,,,,,,
.Freeobj(370) Busan1\FormwallL19.csv,,,,,,,,,,,,,,,,,,,,
.Freeobj(371) Busan1\FormwallR19.csv,,,,,,,,,,,,,,,,,,,,
.Freeobj(372) Busan1\FormwallL19-2.csv,,,,,,,,,,,,,,,,,,,,
.Freeobj(373) Busan1\FormwallR19-2.csv,,,,,,,,,,,,,,,,,,,,
.Freeobj(374) Busan1\FormwallL19-1.csv,,,,,,,,,,,,,,,,,,,,
.Freeobj(375) Busan1\FormwallR19-1.csv,,,,,,,,,,,,,,,,,,,,
.Freeobj(376) Busan1\FormwallL19-3.csv,,,,,,,,,,,,,,,,,,,,
.Freeobj(377) Busan1\FormwallR19-3.csv,,,,,,,,,,,,,,,,,,,,
.Freeobj(378) Busan1\stair26-2.csv,,,,,,,,,,,,,,,,,,,,
.Freeobj(379) Busan1\wall27.csv,,,,,,,,,,,,,,,,,,,,
.Freeobj(380) Busan1\Cylinder sm.csv,,,,,,,,,,,,,,,,,,,,
.Freeobj(381) Busan1\Cylinder sm2.csv,,,,,,,,,,,,,,,,,,,,
.Freeobj(382) Busan1\bill.Animated,,,,,,,,,,,,,,,,,,,,
.Freeobj(383) Busan1\bill1.Animated,,,,,,,,,,,,,,,,,,,,
.Freeobj(384) Busan1\bill2.Animated,,,,,,,,,,,,,,,,,,,,
.Freeobj(385) Busan1\bill3.Animated,,,,,,,,,,,,,,,,,,,,
.Freeobj(386) Busan1\bill4.Animated,,,,,,,,,,,,,,,,,,,,
.Freeobj(396) Busan1\bill5.Animated,,,,,,,,,,,,,,,,,,,,
.Freeobj(397) Busan1\bill6.Animated,,,,,,,,,,,,,,,,,,,,
.Freeobj(387) Busan1\nopo grass.csv,,,,,,,,,,,,,,,,,,,,
.Freeobj(388) Busan1\nopowallL.csv,,,,,,,,,,,,,,,,,,,,
.Freeobj(389) Busan1\nopowallR.csv,,,,,,,,,,,,,,,,,,,,
.Freeobj(390) Busan1\nopo concrete.csv,,,,,,,,,,,,,,,,,,,,
.Freeobj(391) Busan1\stair34-1.csv,,,,,,,,,,,,,,,,,,,,
.Freeobj(392) Busan1\STAIR34.CSV,,,,,,,,,,,,,,,,,,,,
.Freeobj(393) Busan1\34 wall.csv,,,,,,,,,,,,,,,,,,,,
.Freeobj(394) Busan1\34-2 wall.csv,,,,,,,,,,,,,,,,,,,,
.Freeobj(395) Busan1\34end.csv,,,,,,,,,,,,,,,,,,,,
;ele
.Freeobj(396) Busan1\ele\DDPE.csv,,
.Freeobj(397) Busan1\ele\ele.csv,,
.Freeobj(398) Busan1\ele\ele2.csv,,
.Freeobj(399) Busan1\ele\EleP.csv,,
,,,,,,,,,,,,,,,,,,,,
,,,,,,,,,,,,,,,,,,,,
;PSD,,,,,,,,,,,,,,,,,,,,
.Freeobj(500) busan1\psd\psd_animation\psd_201_R.Animated,,,,,,,,,,,,,,,,,,,,
.Freeobj(501) busan1\psd\psd_animation\psd_201-1_R.Animated,,,,,,,,,,,,,,,,,,,,
.Freeobj(502) busan1\psd\psd_animation\psd_201-2_R.Animated,,,,,,,,,,,,,,,,,,,,
.Freeobj(503) busan1\psd\psd_animation\psd_201-3_R.Animated,,,,,,,,,,,,,,,,,,,,
.Freeobj(504) busan1\psd\psd_animation\psd_201-4_R.Animated,,,,,,,,,,,,,,,,,,,,
.Freeobj(505) busan1\psd\psd_animation\psd_201-5_R.Animated,,,,,,,,,,,,,,,,,,,,
.Freeobj(506) busan1\psd\psd_animation\psd_201-6_R.Animated,,,,,,,,,,,,,,,,,,,,
.Freeobj(507) busan1\psd\psd_animation\psd_201-7_R.Animated,,,,,,,,,,,,,,,,,,,,
.Freeobj(508) busan1\psd\psd_animation\psd_201-8_R.Animated,,,,,,,,,,,,,,,,,,,,
.Freeobj(509) busan1\LED INSIDE\LED_INSIDE.animated,,,,
,,,,,,,,,,,,,,,,,,,,
,,,,,,,,,,,,,,,,,,,,
,,,,,,,,,,,,,,,,,,,,
,,,,,,,,,,,,,,,,,,,,
,,,,,,,,,,,,,,,,,,,,
.Freeobj(520) busan1\psd\psd_206_R.csv,,,,,,,,,,,,,,,,,,,,
.Freeobj(521) busan1\psd\psd_206-1_R.csv,,,,,,,,,,,,,,,,,,,,
,,,,,,,,,,,,,,,,,,,,
,,,,,,,,,,,,,,,,,,,,
.Freeobj(530) busan1\psd\psd2\201.csv,,,,,,,,,,,,,,,,,,,,
.Freeobj(531) busan1\psd\psd2\201-1.csv,,,,,,,,,,,,,,,,,,,,
.Freeobj(532) busan1\psd\psd2\201-2.csv,,,,,,,,,,,,,,,,,,,,
.Freeobj(533) busan1\psd\psd2\201-3.csv,,,,,,,,,,,,,,,,,,,,
.Freeobj(534) busan1\psd\psd2\201-4.csv,,,,,,,,,,,,,,,,,,,,
.Freeobj(535) busan1\psd\psd2\201-5.csv,,,,,,,,,,,,,,,,,,,,
.Freeobj(536) busan1\psd\psd2\201-6.csv,,,,,,,,,,,,,,,,,,,,
.Freeobj(537) busan1\psd\psd2\201-7.csv,,,,,,,,,,,,,,,,,,,,
.Freeobj(538) busan1\psd\psd2\201-8.csv,,,,,,,,,,,,,,,,,,,,
,,,,,,,,,,,,,,,,,,,,
;shop,,,,,,,,,,,,,,,,,,,,
.Freeobj(400) busan1\shop\APT1.CSV,,,,,,,,,,,,,,,,,,,,
.Freeobj(401) busan1\shop\1.CSV,,,,,,,,,,,,,,,,,,,,
.Freeobj(402) busan1\shop\2.CSV,,,,,,,,,,,,,,,,,,,,
.Freeobj(403) busan1\shop\3.CSV,,,,,,,,,,,,,,,,,,,,
.Freeobj(404) busan1\shop\APT2.CSV,,,,,,,,,,,,,,,,,,,,
.Freeobj(405) busan1\shop\school.CSV,,,,,,,,,,,,,,,,,,,,
.Freeobj(406) busan1\shop\6.CSV,,,,,,,,,,,,,,,,,,,,
.Freeobj(407) busan1\shop\7.CSV,,,,,,,,,,,,,,,,,,,,
.Freeobj(408) busan1\shop\8.CSV,,,,,,,,,,,,,,,,,,,,
.Freeobj(409) busan1\shop\9.CSV,,,,,,,,,,,,,,,,,,,,
.Freeobj(410) busan1\shop\10.CSV,,,,,,,,,,,,,,,,,,,,
.Freeobj(411) busan1\shop\11.CSV,,,,,,,,,,,,,,,,,,,,
.Freeobj(412) busan1\shop\12.CSV,,,,,,,,,,,,,,,,,,,,
.Freeobj(413) busan1\shop\13.CSV,,,,,,,,,,,,,,,,,,,,
.Freeobj(414) busan1\shop\14.CSV,,,,,,,,,,,,,,,,,,,,
.Freeobj(415) busan1\shop\15.CSV,,,,,,,,,,,,,,,,,,,,
.Freeobj(416) busan1\shop\16.CSV,,,,,,,,,,,,,,,,,,,,
.Freeobj(417) busan1\shop\17.CSV,,,,,,,,,,,,,,,,,,,,
.Freeobj(418) busan1\shop\18.CSV,,,,,,,,,,,,,,,,,,,,
.Freeobj(419) busan1\shop\19.CSV,,,,,,,,,,,,,,,,,,,,
.Freeobj(420) busan1\shop\garage.CSV,,,,,,,,,,,,,,,,,,,,
.Freeobj(421) busan1\shop\garage1.CSV,,,,,,,,,,,,,,,,,,,,
.Freeobj(422) busan1\shop\garage2.CSV,,,,,,,,,,,,,,,,,,,,
,,,,,,,,,,,,,,,,,,,,
;sta pole,,,,,,,,,,,,,,,,,,,,
.Freeobj(700) busan1\pole\dongnae.CSV;노란기둥,,,,,,,,,,,,,,,,,,,,
.Freeobj(701) busan1\pole\dongnae1.CSV;주황기둥,,,,,,,,,,,,,,,,,,,,
.Freeobj(702) busan1\pole\Myeongnyun.CSV;,,,,,,,,,,,,,,,,,,,,
.Freeobj(703) busan1\pole\Oncheon.CSV;,,,,,,,,,,,,,,,,,,,,
.Freeobj(704) busan1\pole\jangjeon.CSV;,,,,,,,,,,,,,,,,,,,,
.Freeobj(705) busan1\pole\nopo.CSV;,,,,,,,,,,,,,,,,,,,,
,,,,,,,,,,,,,,,,,,,,
;road,,,,,,,,,,,,,,,,,,,,
.Freeobj(600) busan1\road\roadL.CSV,,,,,,,,,,,,,,,,,,,,
.Freeobj(601) busan1\road\roadR.CSV,,,,,,,,,,,,,,,,,,,,
.Freeobj(602) busan1\road\cross2.CSV,,,,,,,,,,,,,,,,,,,,
.Freeobj(603) busan1\road\miniL.CSV,,,,,,,,,,,,,,,,,,,,
.Freeobj(604) busan1\road\miniR.CSV,,,,,,,,,,,,,,,,,,,,
.Freeobj(605) busan1\chaira.CSV,,
.Freeobj(606) busan1\es\escalator.CSV,,
.Freeobj(607) busan1\콜박스.csv
.Freeobj(608) busan1\손전등.csv
.Freeobj(609) busan1\비상벨.csv
.Freeobj(610) busan1\지도.csv
.Freeobj(611) busan1\화재함.csv
.Freeobj(612) busan1\시간표.csv
.Freeobj(613) busan1\안내판.csv
.Freeobj(614) busan1\의자-3\bench.csv
.Freeobj(615) busan1\5 의자\5_chairs.csv
.Freeobj(616) busan1\에스컬레이터\1_line.csv
.Freeobj(617) busan1\에스컬레이터\2_line.csv
.Freeobj(618) busan1\Transfer4.csv
.Freeobj(619) busan1\nopo1.csv
.Freeobj(620) busan1\nopo2.csv
.Freeobj(621) busan1\nopo3.csv
.Freeobj(622) busan1\nopo4.csv

.Freeobj(623) busan1\nopo5.csv
.Freeobj(624) busan1\nopo6.csv

.Freeobj(625) busan1\nopo7.csv
.Freeobj(626) busan1\nopo8.csv
.Freeobj(627) busan1\nopo9.csv
.Freeobj(628) busan1\sp1.csv
.Freeobj(629) busan1\sp2.csv
.Freeobj(630) busan1\sp3.csv
.Freeobj(631) busan1\sp4.csv
.Freeobj(632) busan1\sp5.csv
.Freeobj(633) busan1\sp6.csv
.Freeobj(634) busan1\sp7.csv
.Freeobj(635) busan1\sp8.csv
,,,,,,,,,,,,,,,,,,,,
.Freeobj(636) busan1\sp9.csv
.Freeobj(637) busan1\last.csv
.Freeobj(638) busan1\daeti.csv
.Freeobj(639) busan1\SD\R1.animated
.Freeobj(640) busan1\SD\R2.animated
.Freeobj(641) busan1\SD\R3.animated
.Freeobj(642) busan1\SD\R4.animated
.Freeobj(643) busan1\SD\R5.animated
.Freeobj(644) busan1\SD\R6.animated
.Freeobj(645) busan1\SD\ex0.csv
.Freeobj(646) busan1\SD\ex1.csv
.Freeobj(647) busan1\SD\ex0(M).csv
.Freeobj(648) busan1\SD\ex1(M).csv
.Freeobj(649) busan1\SD\ex2(M).csv
.Freeobj(650) busan1\SD\ex3(M).csv
.Freeobj(651) busan1\SD\ex4(M).csv
.Freeobj(652) busan1\SD\ex5(M).csv
.Freeobj(653) busan1\SD\ex6(M).csv
.Freeobj(654) busan1\ELVT\Elevator.csv
,,,,,,,,,,,,,,,,,,,,
,,,,,,,,,,,,,,,,,,,,
,,,,,,,,,,,,,,,,,,,,
,,,,,,,,,,,,,,,,,,,,
,,,,,,,,,,,,,,,,,,,,
,,,,,,,,,,,,,,,,,,,,
,,,,,,,,,,,,,,,,,,,,
,,,,,,,,,,,,,,,,,,,,
,,,,,,,,,,,,,,,,,,,,
,,,,,,,,,,,,,,,,,,,,
,,,,,,,,,,,,,,,,,,,,
,,,,,,,,,,,,,,,,,,,,
,,,,,,,,,,,,,,,,,,,,
,,,,,,,,,,,,,,,,,,,,
,,,,,,,,,,,,,,,,,,,,
,,,,,,,,,,,,,,,,,,,,
,,,,,,,,,,,,,,,,,,,,
,,,,,,,,,,,,,,,,,,,,
,,,,,,,,,,,,,,,,,,,,
,,,,,,,,,,,,,,,,,,,,
,,,,,,,,,,,,,,,,,,,,
,,,,,,,,,,,,,,,,,,,,
,,,,,,,,,,,,,,,,,,,,
,,,,,,,,,,,,,,,,,,,,
,,,,,,,,,,,,,,,,,,,,
,,,,,,,,,,,,,,,,,,,,
,,,,,,,,,,,,,,,,,,,,
,,,,,,,,,,,,,,,,,,,,
,,,,,,,,,,,,,,,,,,,,
,,,,,,,,,,,,,,,,,,,,
,,,,,,,,,,,,,,,,,,,,
,,,,,,,,,,,,,,,,,,,,
,,,,,,,,,,,,,,,,,,,,
,,,,,,,,,,,,,,,,,,,,
,,,,,,,,,,,,,,,,,,,,
,,,,,,,,,,,,,,,,,,,,
,,,,,,,,,,,,,,,,,,,,
,,,,,,,,,,,,,,,,,,,,
,,,,,,,,,,,,,,,,,,,,
,,,,,,,,,,,,,,,,,,,,
,,,,,,,,,,,,,,,,,,,,
,,,,,,,,,,,,,,,,,,,,
,,,,,,,,,,,,,,,,,,,,
,,,,,,,,,,,,,,,,,,,,
,,,,,,,,,,,,,,,,,,,,
,,,,,,,,,,,,,,,,,,,,
,,,,,,,,,,,,,,,,,,,,
,,,,,,,,,,,,,,,,,,,,
,,,,,,,,,,,,,,,,,,,,
,,,,,,,,,,,,,,,,,,,,
,,,,,,,,,,,,,,,,,,,,
,,,,,,,,,,,,,,,,,,,,
,,,,,,,,,,,,,,,,,,,,
,,,,,,,,,,,,,,,,,,,,
,,,,,,,,,,,,,,,,,,,,
,,,,,,,,,,,,,,,,,,,,
,,,,,,,,,,,,,,,,,,,,
,,,,,,,,,,,,,,,,,,,,
,,,,,,,,,,,,,,,,,,,,
,,,,,,,,,,,,,,,,,,,,
,,,,,,,,,,,,,,,,,,,,
,,,,,,,,,,,,,,,,,,,,
,,,,,,,,,,,,,,,,,,,,
,,,,,,,,,,,,,,,,,,,,
,,,,,,,,,,,,,,,,,,,,
,,,,,,,,,,,,,,,,,,,,
,,,,,,,,,,,,,,,,,,,,
,,,,,,,,,,,,,,,,,,,,
,,,,,,,,,,,,,,,,,,,,
,,,,,,,,,,,,,,,,,,,,
,,,,,,,,,,,,,,,,,,,,
,,,,,,,,,,,,,,,,,,,,
,,,,,,,,,,,,,,,,,,,,
,,,,,,,,,,,,,,,,,,,,
,,,,,,,,,,,,,,,,,,,,
,,,,,,,,,,,,,,,,,,,,
,,,,,,,,,,,,,,,,,,,,
,,,,,,,,,,,,,,,,,,,,
,,,,,,,,,,,,,,,,,,,,
,,,,,,,,,,,,,,,,,,,,
,,,,,,,,,,,,,,,,,,,,
,,,,,,,,,,,,,,,,,,,,
,,,,,,,,,,,,,,,,,,,,
,,,,,,,,,,,,,,,,,,,,
,,,,,,,,,,,,,,,,,,,,
,,,,,,,,,,,,,,,,,,,,
,,,,,,,,,,,,,,,,,,,,
,,,,,,,,,,,,,,,,,,,,
,,,,,,,,,,,,,,,,,,,,
,,,,,,,,,,,,,,,,,,,,
,,,,,,,,,,,,,,,,,,,,
,,,,,,,,,,,,,,,,,,,,
,,,,,,,,,,,,,,,,,,,,
,,,,,,,,,,,,,,,,,,,,
,,,,,,,,,,,,,,,,,,,,
,,,,,,,,,,,,,,,,,,,,
,,,,,,,,,,,,,,,,,,,,
,,,,,,,,,,,,,,,,,,,,
,,,,,,,,,,,,,,,,,,,,
,,,,,,,,,,,,,,,,,,,,
With Texture,,,,,,,,,,,,,,,,,,,,
.Background(0) Busan1\Black.bmp,,,,,,,,,,,,,,,,,,,,
.Background(1) Busan1\Bg_fine.bmp,,,,,,,,,,,,,,,,,,,,
.Background(2) Busan1\Bg_Evn.bmp,,,,,,,,,,,,,,,,,,,,
.Background(3) Busan1\Bg_Nopo.bmp,,,,,,,,,,,,,,,,,,,,
.Background(4) Busan1\Bg_sp.bmp,,,,,,,,,,,,,,,,,,,,
With Track,,,,,,,,,,,,,,,,,,,,
0,,,,,,,,,,,,,,,,,,,,
.Accuracy 0,.back 4,,,,,,,,,,,,,,,,,,,
,,,,,,,,,,,,,,,,,,,,
,,  .Brightness 200,,,,,,.freeobj 0;358;-5;-1;0,,,,,,,,,,,,
.ground 1,,,,,,,,,,,,,,,,,,,,
.height 1,,,,,,.Section 0;10;15,,,,,,,,,,,,,,
.railtype 0;0,,,,,,,,,,,,,,,,,,,,
.rail 1;5;0;0;,,.crack 0;1;0,,.crack 1;1;0,,.rail 10;-4;0;39;,,.rail 11;-8;-0.5;40;,,,,,,,,,,,,
.rail 2;10;0;0;,,,,,,,,,,,,,,,,,,,,
.rail 4;20;0;0;,,,,.freeobj 0;42;-5;0,,,,,,,,,,,,,,,,
.rail 3;15;0;0;,,,,,,,,,,,,,,,,,,,,
.rail 5;25;0;0;,,,,,,,,,,,,,,,,,,,,
,,,,,,,,,,,,,,,,,,,,
.pole 0;1;0;25,,,,.pole 2;1;0;25,,.pole 4;1;0;25,,,,,,,,,,,,,,
175,,,,.freeobj 0;42;-5;0,,,,.freeobj 0;358;-5;-1;0,,,,,,,,,,,,
.rail 3;15;0;10;,,,,,,,,,,,,.crack 4;0;0,,,,,,,,
200,,,,.freeobj 0;42;-5;0,,,,,.freeobj 0;84;-45;-1;0,,,.crack 4;0;0,,,,,,,,
.rail 3;12.5;0;9;,,,,,,,,.freeobj 0;358;-5;-1;0,,,,,,,,,,,,
225,,,,.freeobj 0;42;-5;0,,,,,,,,.crack 4;0;0,,,,,,,,
.rail 3;10;0;0;,.railend 3,.rail 3;20;0;10;,,,,,,.freeobj 0;358;-5;-1;0,,,,,,,,,,,,
250,,,,.freeobj 0;42;-5;0,,,,,,,,.crack 4;0;0,,.rail 14;33;0;0;,.rail 15;38;0;0;,.rail 13;43;0;0;,,,,
,,,,,,,,.freeobj -1;82;40;1;180,,,.pitch 0,.freeobj 0;358;-5;-1;0,,.crack 14;0;0,,,,,,
,,.rail 3;17.5;0;9;,,,,,.freeobj 0;358;-5;-1;0,,,,,,,.crack 14;0;0,,,,,,
,  ;.Fog 100;800;205;205;205,,,,,,,,,,,,,.crack 14;0;0,,,,,,
275,,.rail 3;15;0;0;,.rail 7;15;0;0;,.rail 3;15;0;10;,.freeobj 0;42;-5;0,.rail 6;10;0;9,,.rail 8;25;0;10;,,.rail 9;20;0;9;,,.freeobj 0;358;-5;-1;0,,.crack 14;0;0,,,,,,
300,,,,.rail 3;12.5;0;9,.freeobj 0;42;-5;0,.rail 6;12.5;0;10,,.rail 8;22.5;0;9;,,.rail 9;22.5;0;10;,,.freeobj 0;358;-5;-1;0,,.crack 14;0;0,,,,.rail 13;43;0;10;,,
,,,,,,,,,,,,,,,,,,,,
325,.poleend 2,.railend 2,.railend 7,.rail 3;10;0;10,.freeobj 0;42;-5;0,.rail 6;15;0;9;,,.rail 8;20;0;0;,.railend 8,.freeobj 0;358;-5;-1;0,.railend 9,,.crack 6;0;0,.crack 14;0;0,,,,.rail 13;40.5;0;9;,,
350,,,,.rail 3;7.5;0;9,.freeobj 0;42;-5;0,.rail 6;17.5;0;10;,,.freeobj 11;358;2;-1;0,,,,,.crack 6;0;0,.crack 14;0;0,,,.railend 15,.rail 13;38;0;10;,,
375,.freeobj 0;42;-5;0,.railend 10,.rail 2;-4;0;39;,.rail 3;5;0;0,.railend 3,.rail 6;20;0;0;,.railend 6,.rail 4;20;0;10;,.railend 11,.rail 8;-8;-0.5;40;,.freeobj 8;358;2;-1;0,.freeobj 0;84;-45;-1;0,.crack 4;0;0,,.rail 3;20;0;0;,.crack 14;0;0,,.rail 13;35.5;0;9;,,
400,.railtype 0;9,.curve 130,.rail 1;5;0;10,.rail 10;5;0;0,,.rail 11;0;0;0,,.rail 4;17;0;0;,.crack 14;0;0,.Poleend 0,.pole 11;1;0;25,.rail 8;-8.5;-0.5;40;,.crack 4;0;0,.rail 14;33;0;0;,.rail 3;20;0;0;,.crack 14;0;0,.freeobj 8;358;2;-1;0,.rail 13;33;0;0;,,
425,.railtype 0;10,.curve -130,.rail 1;0;0;9,.rail 10;2.5;0;0,,.rail 11;-2.5;0;0,,.rail 4;10;0;0;,,,.crack 14;0;0,.rail 8;-11;-0.5;40;,.crack 4;0;0,.rail 14;31;0;0;,.rail 3;17.8;0;0;,.crack 14;0;0,.freeobj 8;358;2;-1;0,.railend 13,.rail 2;-7;0;39;,
450,.railtype 0;0,.curve 0,.rail 1;-5;0;0,.rail 10;0;0;0,.railend 10,.rail 11;-5;0;0,.railend 11,.rail 4;3;0;9;,.crack 14;0;0,.Poleend 4,.pole 1;1;0;25,.freeobj 0;42;-10;0,.crack 4;0;0,.rail 14;25;0;0;,.rail 3;15;0;0;,.rail 8;-13;-0.5;40;,.rail 6;15;0;10;,.freeobj 8;358;2;-1;0,.rail 2;-9;0;39;,
475,.freeobj 0;42;-10;0,,,,,,,.rail 4;0;0;0;,.crack 14;0;0,.crack 5;0;0,.rail 8;-15;-0.5;40;,,.crack 4;0;0,.rail 14;25;0;0;,,,.rail 6;12.5;0;9;,.freeobj 8;358;2;-1;0,,.rail 14;15;0;9;
500,.freeobj 0;42;-10;0,,,,,,,.railend 4,.crack 14;0;0,.crack 5;0;0,.rail 8;-16;-0.5;40;,,.crack 4;0;0,,.rail 11;15;0;0;,,.rail 6;10;0;0;,.freeobj 8;358;2;-1;0,,.rail 14;17.5;0;10;
525,,,,,,,,,.crack 14;0;0,.crack 5;0;0,.rail 8;-17;-0.5;40;,,,,.railend 3,,,,,.rail 14;20;0;0;
,,,,,,,,,,,,,,,,,,,,
,.wallend 0,,.railend 9,.poleend 8,,.poleend 1,.wall 1;-1;40,.wall 0;1;40,.dike 0;-1;3,,,,,,,,,,,
,,.pitch 0,.dikeend 3,,,,,,,,,,,,,,,,,
,,.crack 5;11;0,,,,,,,,,,,,,,,,,,
,,,,,,,,,,,,,,,,,,,,
,.sta 신평;09.5900;10.0000;0;1;0;1;\Busan1\1 down.wav;0;20;\Busan1\go3.wav;,,,,,,,,,,,,,,,,,,,
,.form 0;r;4;0,,,,,,,,,,,,,.pole 11;1;0;25,,.pole 14;1;0;25,,,,
,.form 1;l;4;0,,,,,,,,,,,,,,,,,,,
,,,,,,,,,,,,,,,,,,,,
,.freeobj 0;24;1.7;1,,,,,,,,,,,,,,,,,,,
,.freeobj 1;24;-1.7;1,,,,,,,,,,,,,,,,,,,
545,,,,,,,,,,,,,,,,,,,,
550,,.freeobj 1;1,,,,.freeobj 8;10;-25;-5;0,,,,.crack 5;0;0,,,,.rail 4;25;0;10;,,,,,,
,.form 0;r;4;0,,,,.crack 1;4;0,.freeobj 1;0;,.freeobj 0;91;-1;1.5;0,,,,,,,,,,,,,
,.form 1;l;4;0,,,,.freeobj 0;206;5.1;3.5;0,,.freeobj 1;240;-5.1;3.5;0,,,,,,,,,,,,,
,.freeobj 1;15;1.1;0;0,,,.crack 5;11;0,,,,,,,,,,,,,,,,
,.freeobj 0;45;4;-0.6;0,,.freeobj 1;45;-4;-0.6;0,,,,,,,,,,,,,,,,,
552,,,,,,,,,,,,,,,,,,,,
,.freeobj 0;156;5.25;0;0,.freeobj 1;156;-5.25;0;0,,,,,,,,,.freeobj 8;358;-15;-1;0,,,,,,,,,
570,,.freeobj 1;3,,,,,,,,,,,,,,,,,,
575,,,,,,,,,,.crack 5;0;0,,,,.rail 4;22.5;0;9;,,,,,,
.form 0;r;4;0,,,.crack 1;4;0,.freeobj 1;105;-0.4;0;0,,,,.freeobj 0;7;3;0;0,.freeobj 1;14;-3;0;0,,,,,,,,,,,
.form 1;l;4;0,,,,,,,,,,,.freeobj 8;358;-15;-1;0,,,,,,,,,
.freeobj 1;15;0;0;0,,,,,,,,,,,,,,,,,,,,
577,.freeobj 0;156;5.25;0;0,.freeobj 1;156;-5.25;0;0,,,,,,,,,,,,,,,,,,
590,,.freeobj 1;2,,,,,,,,,,,,,,,,,,
600,,,,,,,,,,,,,,,,,,,,
.form 0;r;4;0,,,,,,,,,,,.freeobj 8;358;-15;-1;0,,,.rail 4;20;0;0;,,,,,,
.form 1;l;4;0,,,,,,,,,,,,,,,,,,,,
610,,.freeobj 1;3,,,,,,,,,,,,,,,,,,
,,,,,,,,,,,,,,,,,,,,
625,,,,,,,,,,,,,,,,,,,,
.form 0;r;4;0,,,,,,,,,,,.freeobj 8;358;-15;-1;0,,,,,,,,,
.form 1;l;4;0,,,,,,,,,,,,,,,,,,,,
630,,.freeobj 1;2,,,,,,,,,,,,,,,,,,
,,,,,,,,,,,,,.freeobj 8;84;-45;-1;0,,,,,,,
650,,.freeobj 1;3,,,,,,,,,,,,,,,,,,
.form 0;r;4;0,,,,,,,,,,,,,,,,,,,,
.form 1;l;4;0,,,,,,,,,,,.freeobj 8;358;-15;-1;0,,,,,,,,,
670,,.freeobj 1;2,,,,,,,,,,,,,,,,,,
675,,,,,,,,,,,,,,,,,,,,
.form 0;r;4;0,,,,,,,,,,,,,,,,,,,,
.form 1;l;4;0,,,,,,,,,,,.freeobj 8;358;-15;-1;0,,,,,,,,,
690,,.freeobj 1;4,,,,,,,,,,,,,,,,,,
695,,,.freeobj 0;619;4;-0.6;0,,.freeobj 1;637;-4;-0.6;0
700,,,.railend 2,,.rail 10;-10;0;39;,,,,,,,,,,,,,,,
,,,,,,,,,,,,,,,,,,,,
,,,,,,,,,,,,,,,,,,,,
,,,,,,,,,,,,,,,,,,,,
,,,,,,,,,,,,,,,,,,,,
.form 0;r;4;0,.crack 5;11;0,,,,,,,,,,,,,,,,,,,
.form 1;l;4;0,.freeobj 0;106;2;0.2;0,,,,,,,,,,,,,,,,,,,
.stop 0,.freeobj 0;90;-0.25;1.5;0,,,,,,,,,,,,,,,,,,,
.freeobj 0;0,,,,,,,,,,,,,,,,,,,,
.freeobj 0;23;1.7;1,,,,,.height 1,,,,,,,,,,,,,,,
.freeobj 1;23;-1.7;1,,,,,,,,,,,,,,,,,,,,
.freeobj 0;25;3;1,,,,,,,,,,,,,,,,,,,,
.freeobj 0;26;4;1,,,,,,,,,,,,,,,,.railend 14,,,,
.freeobj 1;26;-4;1,,,,,,,,,,,,,,,,,,,,
.crack 5;11;0,,,,,,,,,,,,,,,,,,,.rail 8;-17;-0.5;40;,
,,,,,,,,,,,,,,,,,,,,
725,,,,,,,,,,,,,.pole 6;1;0;25,.pole 4;1;0;25,,.Poleend 11,,,,
,.crack 5;11;0,.crack 0;1;0,.crack 1;4;0,.wallend 0,.wallend 1,,.dikeend 0,.Pole 15;1; ;25;6,.rail 15;-4.5.0;0;5,,.rail 2;5;0;39,,,,,,,,,
,,,,,,,,,,,,,,,,,,,,
,,.limit 65,.Section 0;10;23,,.crack 0;1;0,.rail 9;5.0;0;5,.freeobj 3;80;-0.5;-0.25;0,,.freeobj 9;80;-5;-0.25;0,,,,,,,,,,.rail 8;-16;-0.5;40;,
,,,,,.crack 1;0;0,.rail 3;-10.0;0;5,,,,,,,,,,,,,,
,.freeobj 10;358;-2;-1;5,,,,.railtype 0;0,.dike 3;1;2,,,.pitch -13,,,,,,,,,,,
,,,,,,.dike 9;-1;2,,,,,,,,,,,,,,
,,,,,,,,,,,,,,,,,,,,
740,.freeobj 10;358;-2;-1;5,,.freeobj 10;357;0;-1;0,,,,,,,,,,,,,,,,,
745,.freeobj 10;357;0;-1;0,,.freeobj 10;358;-2;-1;5,,,,,,,,,,,,,,,,,
750,.rail 9;5.0;0.5;5,.rail 3;-10.0;0.5;5,.crack 1;4;0,.crack 0;1;0,.pitch -25,.crack 5;11;0,.freeobj 3;80;-0.5;-0.25;0,,.freeobj 9;80;-5;-0.25;0,,.rail 2;5;0.5;39,,.rail 10;-10;0.5;39;,,,.rail 4;20;0.5;0;,.rail 5;25;0.5;0;,,.rail 8;-15;0;40;,.freeobj 3;10;-25;-5;0;
,.freeobj 10;357;0;-1;0,,.freeobj 10;358;-2;-1;5,,,,,,,,,,,,,.rail 11;15;0.5;0;,.rail 6;10;0.5;0;,,,
760,.freeobj 10;357;0;-1;0,,,,,,,,,,,,,,,,,,,
770,.freeobj 10;357;0;-1;0,,,,,,,,,,,,,,,,,,,
775,.rail 9;5.0;1.3;5,.rail 3;-10.0;1.3;5,,.crack 0;1;0,.crack 1;4;0,.crack 5;11;0,.freeobj 3;80;-0.5;-0.25;0,,.freeobj 9;80;-5;-0.25;0,,.rail 2;5;1.3;39,,,,,.rail 4;20;1.3;0;,.rail 5;25;1.3;0;,,.rail 8;-14;0.8;40;,.freeobj 3;50;-25;-5;0
,.freeobj 10;357;0;-1;0,,.freeobj 10;358;-2;-1;5,,,,,,,,,,.rail 10;-10;1.3;39;,,,,.rail 11;15;1.3;0;,.rail 6;10;1.3;0;,,
800,.rail 9;5.0;2.1;5,.rail 3;-10.0;2.1;5,,.crack 1;0;0,.crack 1;4;0,.crack 5;11;0,.freeobj 3;80;-0.5;-0.25;0,,.freeobj 9;80;-5;-0.25;0,,.rail 2;5;2.1;39,.curve 1000,.rail 10;-10;2.1;39;,,,.rail 11;15;2.1;0;,.rail 6;10;2.1;0;,,.rail 8;-14;1.6;40;,.freeobj 3;10;-25;-5;0;
,.freeobj 10;357;0;-1;0,,.freeobj 10;358;-2;-1;5,,,,,,,,,.railtype 0;31,.rail 1;-5;0;31,,,.rail 4;20;2.1;0;,.rail 5;25;2.1;0;,,,
825,.rail 9;5.0;2.9;5,.rail 3;-10.0;2.9;5,,.crack 1;0;0,.crack 1;4;0,.crack 5;11;0,.freeobj 3;80;-0.5;-0.25;0,,.freeobj 9;80;-5;-0.25;0,,.rail 2;5;2.9;39,,,,,,.rail 11;15;2.9;0;,.rail 6;10;2.9;0;,.rail 8;-14;2.4;40;,.freeobj 3;60;-25;-5;0
,.freeobj 10;357;0;-1;0,,.freeobj 10;358;-2;-1;5,,,,,,,,,.rail 10;-10;2.9;39;,,.rail 4;20;2.9;0;,.rail 5;25;2.9;0;,.railend 4,.railend 5,.poleend 4,,
850,.rail 9;5.0;3.7;5,.rail 3;-10.0;3.7;5,,.crack 1;0;0,.crack 1;4;0,.crack 5;11;0,.freeobj 3;80;-0.5;-0.25;0,,.freeobj 9;80;-5;-0.25;0,,.rail 2;5;3.7;39,.curve 0,.railtype 0;0,.rail 11;15;3.7;0;,.rail 6;10;3.7;0;,,.crack 0;0;0,,.rail 8;-14;3.2;40;,.freeobj 3;50;-25;-5;0
,.freeobj 10;357;0;-1;0,,.freeobj 10;358;-2;-1;5,,,,,,,,,.rail 10;-10;3.7;39;,.rail 1;-5;0;0,,,,,,,
875,.rail 9;5.0;4.5;5,.rail 3;-10.0;4.5;5,,.crack 1;0;0,.crack 1;4;0,.crack 5;11;0,.freeobj 3;80;-0.5;-0.25;0,,.freeobj 9;80;-5;-0.25;0,,.rail 2;5;4.5;39,,,.rail 11;15;4.5;0;,.rail 6;10;4.5;0;,,.crack 0;0;0,,.rail 8;-14;4.0;40;,.freeobj 3;51;-25;-5;0
,.freeobj 10;357;0;-1;0,,.freeobj 10;358;-2;-1;5,,,,,,,,,.rail 10;-10;4.5;39;,,,,,,,,
900,.rail 9;5.0;5.3;5,.rail 3;-10.0;5.3;5,,.crack 1;0;0,.crack 1;4;0,.crack 5;11;0,.freeobj 3;80;-0.5;-0.25;0,,.freeobj 9;80;-5;-0.25;0,,.rail 2;5;5.3;39,,,.rail 11;15;5.3;0;,.rail 6;10;5.3;0;,,,,.rail 8;-14;4.8;40;,.freeobj 3;10;-25;-5;0;
,.freeobj 10;357;0;-1;0,,.freeobj 10;358;-2;-1;5,,,,,,,,,.rail 10;-10;5.3;39;,,,,,,,,
925,.rail 9;5.0;6.1;5,.rail 3;-10.0;6.1;5,,.crack 1;0;0,.crack 1;4;0,.crack 5;11;0,.freeobj 3;80;-0.5;-0.25;0,,.freeobj 9;80;-5;-0.25;0,,.rail 2;5;6.1;39,,,.rail 11;15;6.1;0;,.rail 6;10;6.1;0;,,,,.rail 8;-14;5.6;40;,.freeobj 3;51;-25;-5;0
,.freeobj 10;357;0;-1;0,,.freeobj 10;358;-2;-1;5,,,,,,,,,.rail 10;-10;6.1;39;,,,,,,,,
950,.rail 9;5.0;6.9;5,.rail 3;-10.0;6.9;5,,,  .Brightness 200,,.railend 8,.poleend 8,.freeobj 3;80;-0.5;-0.25;0,,.freeobj 9;80;-5;-0.25;0,,,.rail 11;15;6.9;0;,.rail 6;10;6.9;0;,.crack 11;-1;0,.railend 11,.railend 6,.rail 8;-14;6.4;40;,
,,,,,,,,,,,.rail 2;5;6.9;39,.railend 2,.rail 10;-10;6.9;39;,,,,,.poleend 6,,
,,,,,,,,,,,,.railend 8,.railend 10,,,,,,,
975,.rail 9;5.0;7.7;5,.rail 3;-10.0;7.7;5,,.railend 9,.railend 3,,,,,,,,,,,,,,,
,,,,,,  .Brightness -30,,,,,,,,,,,,,,
.wallend 0,,,,,,,,,,,,,,,,,,,,
.wallend 1,,,.height 10,,,,,,,,,,,,,,,,,
.dikeend 2,,,,,,,,,,,,,,,,,,,,
.dikeend 3,,,,.railend 15,.poleend 15,,,,,,,,,,,,,,,
,,,,,,,,,,,,,,,,,,,,
,,,,,,,,,,,,,,,,,,,,
.railtype 0;1,,,,,,,,,,,,,,,,,,,,
.rail 1;-5;0;1,,,,,,,,,,,,,,,,,,,,
,,,,,,,,,,,,,,,,,,,,
,,,,,,,,,,,,,,,,,,,,
.dike 0;-1;0,,,,,,,,,,,,,,,,,,,,
,,,,,,,,,,,,,,,,,,,,
,,,,,,,,,,,,,,,,,,,,
,,,,,,,,,,,,,,,,,,,,
.wall 0;1;0,.wall 1;-1;0,.freeobj 1;40;0;0;0,.freeobj 0;41;0;0;0,.railtype 0;32,.rail 1;-5;0;32,,,,,,,,,,,,,,,
978,,,.freeobj 0;80;-10;7.7;90,,,,,,,,,,,,,,,,,
1000,.freeobj 0;55;-40;5;0,,,,,,,,,,,,,,,,,,,
,,,,,,,,,,,,,,,,,,,,
1025,,,.pitch -10,,,,,,,,,,,,,,,,,
,,,,,,,,,,,,,,,,,,,,
1050,.freeobj 0;54;-20;5;0,,.pitch 0,,,,,,,,,,,,,,,,,
,,,,,,,,,,,,,,,,,,,,
1075,,,,,,,,,,,,,,,,,,,,
,,,,,,,,,,,,,,,,,,,,
1100,.freeobj 0;54;-20;5;0,,,,,,,,,,,,,,,,,,,
1425,,,,,,,,,,,,,,,,,,,,
.curve 1300,,.railtype 0;28,,,,,,,,,,,,,,,,,,
1450,,,,,,,,,,,,,,,,,,,,
1475,,,,,,,,,,,,,,,,,,,,
.curve 0,,.railtype 0;32,,,,,.ground 0,.back 0,,,,,,,,,,,,
,,,,,,,,,,,,,,,,,,,,
,,,,,,,,,,,,,,,,,,,,
,,,,,,,,,,,,,,,,,,,,
,,,,,,,,,,,,,,,,,,,,
,,,,,,,,,,,,,,,,,,,,
1675,,.Dikeend 0,,,,.Section 0;10;19,.limit 45,.crack 1;0;1,,,,,,,,,,,,
1700,,.Rail 3;0;0;12,,.Rail 2;-5;0;11,,,,.crack 1;0;1,,,,,,,,,,,,
1725,,.Rail 3; -2.5; 0; 11,,.Rail 2;-2.5;0;12,,,,.crack 1;0;1,,,,,,,,,,,,
1750,,.Rail 3; -5; 0; 11,.railend 3,.Rail 2;0;0;12,.railend 2,,,.crack 1;0;1,,,,,,,,,,,,
1775,,.dike 0;-1;0,,.wall 0;1;27,.wall 1;-1;27,.railtype 0;1,.rail 1;-5;0;1,.crack 1;0;1,,,,,,,,,,,,
1800,,.curve 210;40,,,.railtype 0;41,.rail 1;-5;0;41,,,,,,,,,,,,,,
2075,,.curve 0,,,.railtype 0;1,.rail 1;-5;0;1,,,,,,,,,,,,,,
2175,.Announce Busan1\2.wav;,,,,,,,,,,,,,,,,,,,
2225,,,,,,,  .Brightness -30,,,,,,,,,,,,,.freeobj 0;645;-0.25;0;0
.wallend 0,,,,,,,,,,,,,,,,,,,,
.wallend 1,,,,,,,  .Brightness 200,,,,,,,,,,,,,
.wall 0;1;39,,,,,,,,,,,,,,,,,,,,
.wall 1;-1;39,,,,,,,,,,,,,,,,,,,,
.dikeend 0,,,,,,,,,,,,,,,,,,,,
.dike 0;-1;9,,,,.freeobj 1;260;,,,,,,,,,,,,,,,,
.railtype 0;4 ,,,,,,,,,,,,,,,,,,,,
.rail 1;-5;0;4,,,,,,,,,,,
.sta 하단(부산본병원);10.0220;10.0240;0;1;0;1;\Busan1\sta.wav;0;30;\Busan1\go.wav;,,,,,,,,,,,,,,,,,,,,
.form 0;r;5;2,,,,,,,,,,,,,,,,,,,,
.form 1;l;5;2,,,,.limit 55,.Section 0;10;21,,,,,,,,,,,,,,,
.freeobj 1;0;,,,,,,,,,,,,,,,,,,,,
.freeobj 0;18;0;0;0,,,,,,,,,,,,,,,,,,,,
,,,,,,,,,,,,,,,,,,,,.Freeobj 1;647;0.25;0;0

2245,
2248,,,.freeobj 0;614;7;1.1;180,.freeobj 1;614;-7;1.1;0
2250,,,,,,,,,,,,,,,,,,,,
.form 0;r;5;2,,,.freeobj 1;0;,.freeobj 0;91;-1;1.5;0,,,,
.form 1;l;5;2,.freeobj 1;105;-0.4;0;0,,,,,,,,,,,,,,,,,,,.freeobj 0;607;7;1.7;90,.freeobj 1;607;-7;1.7;-90
2250.2,,.Freeobj 0;639;-0.25;0;0,.Freeobj 1;648;0.25;0;0
2253,,.freeobj 0;608;7.1;1;90,.freeobj 1;608;-7.1;1;-90,
2253,,,.freeobj 0;614;7;1.1;180,.freeobj 1;614;-7;1.1;0
2260,,,,,,,,,,,,,,,,,,,,
.freeobj 0;154;5.25;0;0,.freeobj 1;154;-5.25;0;0,.freeobj 0;205;1.2;3.5;0,.freeobj 1;239;-1.2;3.5;0,,.freeobj 0;46;4;-0.6;0,.freeobj 1;46;-4;-0.6;0,,,,,,,,,,,,,,
2275,,,,,,,,,,
.form 0;r;5;2,.freeobj 0;359;3;0;0,,,,,,,,,,,, ,,,,,,,
.form 1;l;5;2,.freeobj 1;14;-3;0;0,,,,,,,,,,,,,,,,,,,
.freeobj 0;18;0;0;0,.freeobj 0;105;0;0;0,,,,,,,,,,,,,,,,,,,
2275.4,,.Freeobj 0;640;-0.25;0;0,.Freeobj 1;649;0.25;0;0
2285,,,,,,,,,,,,,,,,,,,
,,.freeobj 1;155;-5.25;0;0,.freeobj 0;155;5.25;0;0,.freeobj 0;205;1.2;3.5;0,.freeobj 1;239;-1.2;3.5;0,,,,,,,,,,,,,,,
2300,,,,,,,,,,,,,,,,,,,,
.form 0;r;5;2,,,,,,,,,,,
.form 1;l;5;2,,,,,,,,,,,,,,,,,,,,
.freeobj 0;18;0;0;0,,,,,,,,,,,,,,,,,,,,
2300.6,,.Freeobj 0;641;-0.25;0;0,,.Freeobj 1;650;0.25;0;0
2306,,,.freeobj 0;620;4;-0.6;0,,,.freeobj 1;636;-4;-0.6;0
2307,.freeobj 0;611;7.2;1.1;90,,.freeobj 1;611;-7.2;1.1;-90
2306.5,,,.freeobj 0;614;7;1.1;180,.freeobj 1;614;-7;1.1;0
2311,
.Freeobj 0;396;5.5;0;0,,.Freeobj 0;654;2;4;0
2315,,,,,,,,,,,,,,,,,,,,
,.freeobj 1;105;-0.4;0;0,,.freeobj 1;88;-6.25;0;0,.freeobj 0;89;6.25;0;0,,,,,,,,,,,,,,,,
2320,
2325,,,,,,,,,,,,,,,,,,,,,
.form 0;r;5;2,,,,,,,,,,,
.form 1;l;5;2,,,,,,,,,,,,,,,,,,,,
.freeobj 0;359;3;0;0,,,,,,,,,,,,,,,,,,,,
.freeobj 1;14;-3;0;0,,,,,,,,,,,,,,,,,,,,
.freeobj 0;18;0;0;0,,,,,,,,,,,,,,,,,,,,
2325.8,,.Freeobj 0;642;-0.25;0;0,,.Freeobj 1;651;0.25;0;0
2326,,.freeobj 0;612;7.2;2.4;90,,.freeobj 1;612;-7.2;2.3;-90
2330,,.freeobj 0;610;7.2;1.8;90,.freeobj 1;610;-7.2;1.8;-90,,
2337,,.freeobj 0;613;7.25;2.2;90,,,.freeobj 1;613;-7.25;2.2;-90
2333,,,.freeobj 0;614;7;1.1;180,.freeobj 1;614;-7;1.1;0
2338,,,.freeobj 0;614;7;1.1;180,.freeobj 1;614;-7;1.1;0
2343,,,.freeobj 0;609;7.2;1.2;90,,.freeobj 1;609;-7.2;1.2;-90
2343,,,.freeobj 0;614;7;1.1;180,.freeobj 1;614;-7;1.1;0
2350,,,,,,,,,,,,,,,,,,,,
.form 0;r;5;2,.freeobj 0;46;4;-0.6;0,.freeobj 0;154;5.25;0;0,.freeobj 1;46;-4;-0.6;0,,,,,,,,,,,,,,,,,
.form 1;l;5;2,.freeobj 0;105;0;0;0,.freeobj 1;154;-5.25;0;0,,,,,,,
.freeobj 0;18;0;0;0,,.freeobj 0;205;1.2;3.5;0,,.freeobj 1;239;-1.2;3.5;0,,,,,,,,,,,,,,,,
2351,,.Freeobj 0;643;-0.25;0;0,.Freeobj 1;652;0.25;0;0
2359,,.freeobj 0;605;-6,.freeobj 1;605;10
2370,,.Freeobj 1;396;-5.5,
2375,,,,,,,,,,,,,,,,,,,,
,,,,,,,,,,,,,,,,,,,,
.form 0;r;5;2,,,,,,
.form 1;l;5;2,.freeobj 0;205;1.2;3.5;0,,.freeobj 1;239;-1.2;3.5;0,,,,,,,,,,,,,,,,,
.freeobj 0;18;0;0;0,.freeobj 0;155;5.25;0;0,,.freeobj 1;14;-3;0;0,,.freeobj 0;359;3;0;0,,,,,,,,,,,,,,,
,.freeobj 1;155;-5.25;0;0,,,,,,,,,,,,,,,,,,,
2376.2,,.Freeobj 0;644;-0.25;0;0,,.Freeobj 1;653;0.25;0;0
2383,,.freeobj 0;605;-6,.freeobj 1;605;10
2392,,,.freeobj 0;614;7;1.1;180,.freeobj 1;614;-7;1.1;0
2393,,.freeobj 0;605;-6,.freeobj 1;605;10
2395,,,,,,,,,,,,,,,,,,,,
,.freeobj 1;105;-0.4;0;0,,,,,,,,,,,,,,,,,,,.freeobj 0;607;7;1.7;90,.freeobj 1;607;-7;1.7;-90
2397,,.freeobj 0;608;7.1;1;90,.freeobj 1;608;-7.1;1;-90,,,.freeobj 0;620;4;-0.6;0,,,.freeobj 1;636;-4;-0.6;0
2397,,,.freeobj 0;614;7;1.1;180,.freeobj 1;614;-7;1.1;0
2400,,,,,,,,,,,,,,,,,,,,
.form 0;r;5;2,,,,,,,,,,,,,,,,,,,,
.form 1;l;5;2,.freeobj 0;105;0;0;0,,,,,,,,,,,,,,,,,,,
,,,,,,,,,,,,,,,,,,,,
,,,,,,,,,,,,,,,,,,,,
,,,,,,,,,,,,,,,,,,,,
,,,,,,,,,,,,,,,,,,,,
,,,,,,,,,,,,,,,,,,,,
,,,,,,,,,,,,,,,,,,,,
,.freeobj 0;106;2;0.2;0,,,,,,,,,,,,,,,,,,,
,.freeobj 0;90;-0.25;1.5;0,,,,,,,,,,,,,,,,,,,
.freeobj 0;0;,,,,,,,,,,,,,,,,,,,,
,
.freeobj 0;25;3;1,,,,,,,,,,,,,,,,,,,,
.freeobj 0;26;4;1,,,,,,,,,,,,,,,,,,,,
.freeobj 1;26;-4;1,,,,,,,,,,,,,,,,,,,,
,,,,,,,,,,,,,,,,,,,,
2401.4,,.Freeobj 0;645;-0.25;0;0,.stop 0,,.Freeobj 1;647;0.25;0;0
2425,,,,,,,,,,,,,,,,,,,,
.freeobj 1;260;,,,,,,,,,,,,,,,,,,,,
.wallend 0,,,,,,,,,,,,,,,,,,,,
.wallend 1,,,,,,,,,,,,,,,,,,,,
.wall 0;1;27,,,  .Brightness 200,,,,,,,,,,,,,,,,,
.wall 1;-1;27,,,,,,,,,,,,,,,,,,,,
.railtype 0;27,,,,,,,,,,,,,,,,,,,,
.rail 1;-5;0;27,,,,,,,,,,,,,,,,,,,,
.dikeend 0,,,.curve 500;40,,,,,,,,,,,,,,,,,
.dike 0;-1;0,,,,,,,,,,,,,,,,,,,,
2450,,,  .Brightness -30,,,,,,,,,,,,,,,,,
2475,,,,,,,,,,,,,,,,,,,,
,,,,,,,,,,,,,,,,,,,,
2675,,,,,,,,,,,,,,,,,,,,
.curve 0,.railtype 0;1,.rail 1;-5;0;1,.pitch 13,.Limit 65,.Section 0;10;23,,,,,,,,,,,,,,,
2775,,,,,,,,,,,,,,,,,,,,
.curve -900;20,.railtype 0;29,,,,,,,,,,,,,,,,,,,
2950,,,,,,,,,,,,,,,,,,,,
.curve 0,.railtype 0;1,,.pitch 0,,,,,,,,,,,,,,,,,
3180,,,,  .Brightness -30,,,,,,,,,,,,,,,,
3200,,,,  .Brightness 200,,,,,,,,,,,,,,,,
.wallend 0,,.Announce Busan1\3.wav;,,,,,,,,,,,,,,,,,,
.wallend 1,,,,,,,,,,,,,,,,,,,,
.wall 0;1;38,,,,,,,,,,,,,,,,,,,,
.wall 1;-1;38,,,,,,,,,,,,,,,,,,,,
.dikeend 0,,,,,,,,,,,,,,,,,,,,
.dike 0;-1;3,,,,,,,,,,,,,,,,,,,,
.railtype 0;4 ,,,,.freeobj 1;259;,,,,,,,,,,,,,,,,
.rail 1;-5;0;4,,,,,,,,,,,,,,,,,,,,
.sta 당리(사하구청);10.0400;10.0420;0;1;0;1;\Busan1\sta.wav;0;20;\Busan1\go.wav;,,,,,,,,,,.freeobj 0;356;1.7;1,,.freeobj 1;356;-1.7;1,,,,,,,,
.form 0;r;4;0,.freeobj 0;91;-1;1.5;0,,,,,,,,,,,,,,,,,,,
.form 1;l;4;0,,,,,,,,,,,,,,,,,,,,
.freeobj 1;0;,,,,,,,,,,,,,,,,,,,,
.freeobj 0;18;0;0;0,,,,,,,,,,,,,,,,,,,,
,,,,,,,,,,,,,,,,,,,,
.freeobj 0;24;1.7;1,,,,,,,,,,,,,,,,,,,,
.freeobj 1;24;-1.7;1,,,,,,,,,,,,,,,,,,,,
3223,,,,.freeobj 0;614;7;1.1;180,.freeobj 1;614;-7;1.1;0
3225,,,,,,,,,,,,,,,,,,,,.freeobj 0;607;7;1.7;90,.freeobj 1;607;-7;1.7;-90
.form 0;r;4;0,,,.freeobj 1;21,,,,,,,.freeobj 0;355;1.7;1,,.freeobj 1;355;-1.7;1,,,,,,,,
.form 1;l;4;0,.freeobj 1;105;-0.4;0;0,,,,,,,,,,,,,,,,,,,
.freeobj 0;18;0;0;0,,,,,,,,,,,,,,,,,,,,
3228,,.freeobj 0;608;7.1;1;90,.freeobj 1;608;-7.1;1;-90,,,.freeobj 0;614;7;1.1;180,.freeobj 1;614;-7;1.1;0
3235,,,,,,,,,,,,,,,,,,,,
.freeobj 1;46;-4;-0.6;0,.freeobj 0;204;1.2;3.5;0,,.freeobj 1;238;-1.2;3.5;0,.freeobj 0;152;5.25;0;0,.freeobj 1;152;-5.25;0;0,,.freeobj 0;46;4;-0.6;0,,,,,,,,,,,,,
3245,,,.freeobj 1;3,,,,,,,,,,,,,,,,,
3250,,,,,,,,,,,,,,,,,,,,
.form 0;r;4;0,.freeobj 0;359;3;0;0,,,,,,,,,,,,,,,,,,,
.form 1;l;4;0,.freeobj 1;14;-3;0;0,,,,,,,,,.freeobj 0;354;1.7;1,,.freeobj 1;354;-1.7;1,,,,,,,,
.freeobj 1;15;0.95;0;0,.freeobj 0;105;0;0;0,,,,,,,,,,,,,,,,,,,
3260,,,,,,,,,,,,,,,,,,,,
.freeobj 0;204;1.2;3.5;0,.freeobj 1;238;-1.2;3.5;0,.freeobj 1;153;-5.25;0;0,.freeobj 0;153;5.25;0;0,,,,,,,,,,,,,,,,,
3265,,,.freeobj 1;2,,,,,,,,,,,,,,,,,,,,
3270,,,,.freeobj 1;614;-7;1.1;0
3275,,,,,,,,,,,,,,,,,,,,,,,.freeobj 1;614;-7;1.1;0
.form 0;r;4;0,,,,,,,,,,.freeobj 0;353;1.7;1,,.freeobj 1;353;-1.7;1,,,,,,,,
.form 1;l;4;0,,,,,,,,,,,,,,,,,,,,
.freeobj 1;15;0;0;0,,,,,,,,,,,,,,,,,,,,
.freeobj 0;18;0;0;0,,,,,,,,,,,,,,,,,,,,
3281,,,.freeobj 0;620;4;-0.6;0,,,.freeobj 1;635;-4;-0.6;0
3282,,,.freeobj 0;611;7.2;1.1;90,,.freeobj 1;611;-7.2;1.1;-90
3283,,,,.freeobj 0;614;7;1.1;180,
3288,,,,.freeobj 0;614;7;1.1;180,
3285,,,.freeobj 1;3,,,,,,,,,,,,,,,,,
3290,,,,,,,,,,,,,,,,,,,,
.freeobj 1;105;-0.4;0;0,,.freeobj 1;88;-6.25;0;0,.freeobj 0;89;6.25;0;0,,,,,,,,,,,,,,,,,
3300,,,,,,,,,,,,,,,,,,,,
.form 0;r;4;0,,,,,,,,,,,,,,,,,,,,
.form 1;l;4;0,,,,,,,,,,,,,,,,,,,,
.freeobj 0;359;3;0;0,,,,,,,,,,.freeobj 0;352;1.7;1,,.freeobj 1;352;-1.7;1,,,,,,,,
.freeobj 1;14;-3;0;0,,,,,,,,,,,,,,,,,,,,
.freeobj 0;18;0;0;0,,,,,,,,,,,,,,,,,,,,
3301,,.freeobj 0;612;7.2;2.4;90,.freeobj 1;612;-7.2;2.4;-90
3305,,,.freeobj 1;2,,,,,,,,,,,,,,,,,,.freeobj 0;610;7.2;1.8;90,.freeobj 1;610;-7.2;1.8;-90,,
3308,,,,.freeobj 0;614;7;1.1;180,.freeobj 1;614;-7;1.1;0
3313,,,,.freeobj 0;614;7;1.1;180,.freeobj 1;614;-7;1.1;0
3318,,,,.freeobj 0;614;7;1.1;180,.freeobj 1;614;-7;1.1;0
3325,,,,,,,,,,,,,,,,,,,,
.form 0;r;4;0,.freeobj 0;46;4;-0.6;0,,.freeobj 1;46;-4;-0.6;0,,,,,,,,,,,,,,,,,
.form 1;l;4;0,.freeobj 0;105;0;0;0,.freeobj 0;204;1.2;3.5;0,,.freeobj 1;238;-1.2;3.5;0,,,,,,.freeobj 0;351;1.7;1,,.freeobj 1;351;-1.7;1,,,,,,,,
.freeobj 0;18;0;0;0,,.freeobj 0;152;5.25;0;0,,,,,,,,,,,,,,,,,,
,,.freeobj 1;152;-5.25;0;0,,.freeobj 1;3,,,,,,,,,,,,,,,,
3345,,,.freeobj 1;2,,,,,,,,,,,,,,,,,
3350,,,,,,,,,,,,,,,,,,,,
.form 0;r;4;0,,,,,.freeobj 0;359;3;0;0,.freeobj 1;14;-3;0;0,,,,,,,,,,,,,,
.form 1;l;4;0,.freeobj 0;204;1.2;3.5;0,,.freeobj 1;238;-1.2;3.5;0,,,,,,,,,,,,,,,,,
.freeobj 0;18;0;0;0,.freeobj 0;153;5.25;0;0,,,,,,,,,.freeobj 0;350;1.7;1,,.freeobj 1;350;-1.7;1,,,,,,,,
,.freeobj 1;153;-5.25;0;0,,,,,,,,,,,,,,,,,,,
3365,,,.freeobj 1;4,,,,,,,,,,,,,,,,,
3370,,,,,,,,,,,,,,,,,,,,.freeobj 0;607;7;1.7;90,.freeobj 1;607;-7;1.7;-90
.freeobj 1;105;-0.4;0;0,,,,,,,,,,,,,,,,,,,,
3367,,,,.freeobj 0;614;7;1.1;180,.freeobj 1;614;-7;1.1;0
3372,,.freeobj 0;608;7.1;1;90,.freeobj 1;608;-7.1;1;-90,,,.freeobj 0;620;4;-0.6;0,,,.freeobj 1;635;-4;-0.6;0,,,.freeobj 0;614;7;1.1;180,.freeobj 1;614;-7;1.1;0
3375,,,,,,,,,,,,,,,,,,,,
.form 0;r;4;0,,,,,,,,,,,,,,,,,,,,
.form 1;l;4;0,.freeobj 0;105;0;0;0,,,,,,,,,,,,,,,,,,,
,,,,,,,,,,,,,,,,,,,,
,.freeobj 0;106;2;0.2;0,,,,,,,,,,,,,,,,,,,
.stop 0,.freeobj 0;90;-0.25;1.5;0,,,,,,,,,,,,,,,,,,,
.freeobj 0;0;,,,,,,,,,,,,,,,,,,,,
.freeobj 0;23;1.7;1,,,,,,,,,,,,,,,,,,,,
.freeobj 1;23;-1.7;1,,,,,,,,,,,,,,,,,,,,
.freeobj 0;25;3;1,,,,,,,,,,,,,,,,,,,,
.freeobj 0;26;4;1,,,,,,,,,,,,,,,,,,,,
.freeobj 1;26;-4;1,,,,,,,,,,,,,,,,,,,,
3400,,,,,,,,,,,,,,,,,,,,
.freeobj 1;259;,,,,,,,,,,,,,,,,,,,,
.wallend 0,,,,,,,,,,,,,,,,,,,,
.wallend 1,,,,  .Brightness 200,,,,,,,,,,,,,,,,
.wall 0;1;27,,,,,,,,,,,,,,,,,,,,
.wall 1;-1;27,,,,,,,,,,,,,,,,,,,,
.railtype 0;1,,,,,,,,,,,,,,,,,,,,
.rail 1;-5;0;1,,,,,,,,,,,,,,,,,,,,
.dikeend 0,,,,,,,,,,,,,,,,,,,,
.dike 0;-1;0,,,,,,,,,,,,,,,,,,,,
3425,,,,  .Brightness -30,,,,,,,,,,,,,,,,
3650,,,,,,,,,,,,,,,,,,,,
.curve 800;20,,.railtype 0;28,,,,,,,,,,,,,,,,,,
3725,,,,,,,,,,,,,,,,,,,,
.curve 0,,.railtype 0;1,,,,,,,,,,,,,,,,,,
4000,,,,,,,,,,,,,,,,,,,,
.curve -700;20,,.railtype 0;29,,,,,,,,,,,,,,,,,,
4050,,,,,,,,,,,,,,,,,,,,
.curve 0,,.railtype 0;1,,,,,,,,,,,,,,,,,,
,,,,,,,,,,,,,,,,,,,,
4150,,,,,,,,,,,,,,,,,,,,
.curve -800;20,,.railtype 0;29,,,,,,,,,,,,,,,,,,
4200,,,,,,,,,,,,,,,,,,,,
.curve 0,,.railtype 0;1,,,,,,,,,,,,,,,,,,
4350,,,,  .Brightness -30,,,,,,,,,,,,,,,,
4375,,,,,,,,,,,,,,,,,,,,
.wallend 0,,,,,,,,,,,,,,,,,,,,
.wallend 1,,,,  .Brightness 200,,,,,,,,,,,,,,,,
.wall 0;1;37,,,,,,,,,,,,,,,,,,,,
.wall 1;-1;37,,.Announce Busan1\4.wav;,,,,,,,,,,,,,,,,,,
.dikeend 0,,,,,,,,,,,,,,,,,,,,
.dike 0;-1;3,,,,,,,,,,,,,,,,,,,,
.railtype 0;4 ,,,,.freeobj 1;258;,,,,,,,,,,,,,,,,
.rail 1;-5;0;4,,,,,,,,,,,,,,,,,,,,
.sta 사하;10.0550;10.0610;0;1;0;1;\Busan1\sta.wav;0;20;\Busan1\go.wav;,,,,,,,,,,,,,,,,,,,,
.form 0;r;4;0,.freeobj 0;91;-1;1.5;0,,,,,,,,,,,,,,,,,,,
.form 1;l;4;0,,,,,,,,,,,,,,,,,,,,
.freeobj 1;0;,,,,,,,,,,.freeobj 0;356;1.7;1,,.freeobj 1;356;-1.7;1,,,,,,,,
.freeobj 1;15;0;0;0,,,,,,,,,,,,,,,,,,,,
.freeobj 0;18;0;0;0,,,,,,,,,,,,,,,,,,,,
.freeobj 0;24;1.7;1,,,,,,,,,,,,,,,,,,,,
.freeobj 1;24;-1.7;1,,,,,,,,,,,,,,,,,,,,
4398,,,,.freeobj 0;614;7;1.1;180,.freeobj 1;614;-7;1.1;0
4400,,,,,,,,,,,,,,,,,,,,.freeobj 0;607;7;1.7;90,.freeobj 1;607;-7;1.7;-90
.form 0;r;4;0,,,,,,,,,,,,,,,,,,,,
.form 1;l;4;0,.freeobj 1;105;-0.4;0;0,,,,,,,,,,,,,,,,,,,
.freeobj 0;46;4;-0.6;0,,,,,,,,,,,,,,,,,,,,
.freeobj 1;46;-4;-0.6;0,,,,,,,,,,,,,,,,,,,,
.freeobj 1;15;0.85;0;0,,,,,,,,,,.freeobj 0;355;1.7;1,,.freeobj 1;355;-1.7;1,,,,,,,,
.freeobj 0;18;-0.85;0;0,,,,,,,,,,,,,,,,,,,,
4403,,.freeobj 0;608;7.1;1;90,.freeobj 1;608;-7.1;1;-90,,,,.freeobj 0;614;7;1.1;180,.freeobj 1;614;-7;1.1;0
4410,,,,,,,,,,,,,,,,,,,,,,,.freeobj 0;150;5.25;0;0,.freeobj 1;150;-5.25;0;0,,,,,
4420,,,,,
4425,,,,,,,,,,,,,,,,,,,,,.freeobj 0;614;7;1.1;180,.freeobj 1;614;-7;1.1;0
.form 0;r;4;0,.freeobj 0;359;3;0;0,,,,,,,,,,,,,,,,,,,
.form 1;l;4;0,.freeobj 1;14;-3;0;0,,,,,,,,,,,,,,,,,,,
.freeobj 1;15;0.85;0;0,,.freeobj 0;105;0;0;0,,,,,,,,.freeobj 0;354;1.7;1,,.freeobj 1;354;-1.7;1,,,,,,,,
.freeobj 0;18;-0.85;0;0,,,,,,,,,,,,,,,,,,
4430,,,,.freeobj 0;614;7;1.1;180,.freeobj 1;614;-7;1.1;0
4435,,,,,,,,,,,,,,,,,,,,.Freeobj 0;654;2;4;0,.Freeobj 0;396;5.5;0;0,.Freeobj 1;396;-5.5;0;0
4445,,,.freeobj 0;614;7;1.1;180,.freeobj 1;614;-7;1.1;0
4450,,,,,,,,,,,,,,,,,,,,,.freeobj 0;614;7;1.1;180,.freeobj 1;614;-7;1.1;0
.form 0;r;4;0,,,,,,,,,,,,,,,,,,,,
.form 1;l;4;0,,,,,,,,,,,,,,,,,,,,
.freeobj 1;15;0;0;0,,,,,,,,,,,,,,,,,,,,
.freeobj 0;18;0;0;0,,,,,,,,,,.freeobj 0;353;1.7;1,,.freeobj 1;353;-1.7;1,,,,,,,,
4456,,,.freeobj 0;619;4;-0.6;0,,,.freeobj 1;634;-4;-0.6;0
4457,,,.freeobj 0;611;7.2;1.1;90,,.freeobj 1;611;-7.2;1.1;-90
4465,,,,,,,,,,,,,,,,,,,,
.freeobj 1;105;-0.4;0;0,,.freeobj 1;88;-6.25;0;0,.freeobj 0;89;6.25;0;0,,,,,,,,,,,,,,,,,
4475,,,,,,,,,,,,,,,,,,,,
.form 0;r;4;0,,,,,,,,,,,,,,,,,,,,
.form 1;l;4;0,,,,,,,,,,,,,,,,,,,,
.freeobj 0;359;3;0;0,,,,,,,,,,,,,,,,,,,,
.freeobj 1;14;-3;0;0,,,,,,,,,,,,,,,,,,,,
.freeobj 1;15;0;0;0,,,,,,,,,,.freeobj 0;352;1.7;1,,.freeobj 1;352;-1.7;1,,,,,,,,
.freeobj 0;18;0;0;0,,,,,,,,,,,,,,,,,,,,
4476,,,.freeobj 0;612;7.2;2.4;90,.freeobj 1;612;-7.2;2.4;-90
4480,,,.freeobj 0;610;7.2;1.8;90,.freeobj 1;610;-7.2;1.8;-90,,
4483,,,,.freeobj 0;614;7;1.1;180,.freeobj 1;614;-7;1.1;0
4488,,,,.freeobj 0;614;7;1.1;180,.freeobj 1;614;-7;1.1;0
4493,,,,.freeobj 0;614;7;1.1;180,.freeobj 1;614;-7;1.1;0
4500,,,,,,,,,,,,,,,,,,,,
.form 0;r;4;0,.freeobj 0;150;5.25;0;0,.freeobj 1;150;-5.25;0;0,,,,,,,,,,,,,,,,,,
.form 1;l;4;0,.freeobj 0;105;0;0;0,.freeobj 0;203;1.2;3.5;0,,.freeobj 1;237;-1.2;3.5;0,,,,,,,,,,,,,,,,
.freeobj 1;15;0.85;0;0,.freeobj 0;46;4;-0.6;0,,.freeobj 1;46;-4;-0.6;0,,,,,,,.freeobj 0;351;1.7;1,,.freeobj 1;351;-1.7;1,,,,,,,,
.freeobj 0;18;-0.85;0;0,,,,,,,,,,,,,,,,,,,,
4525,,,,,,,,,,,,,,,,,,,,
.form 0;r;4;0,.freeobj 0;151;5.25;0;0,.freeobj 1;151;-5.25;0;0,,,,,,,,,,,,,,,,,,
.form 1;l;4;0,.freeobj 0;203;1.2;3.5;0,,.freeobj 1;237;-1.2;3.5;0,,,.freeobj 1;14;-3;0;0,,.freeobj 0;359;3;0;0,,,,,,,,,,,,
.freeobj 1;15;0;0;0,,,,,,,,,,.freeobj 0;350;1.7;1,,.freeobj 1;350;-1.7;1,,,,,,,,
.freeobj 0;18;0;0;0,,,,,,,,,,,,,,,,,,,,
4545,,,,,,,,,,,,,,,,,,,,.freeobj 0;607;7;1.7;90,.freeobj 1;607;-7;1.7;-90
.freeobj 1;105;-0.4;0;0,,,,,,,,,,,,,,,,,,,,
4542,,,,.freeobj 0;614;7;1.1;180,.freeobj 1;614;-7;1.1;0
4547,,.freeobj 0;608;7.1;1;90,.freeobj 1;608;-7.1;1;-90,,,.freeobj 0;619;4;-0.6;0,,,.freeobj 1;634;-4;-0.6;0,,,.freeobj 0;614;7;1.1;180,.freeobj 1;614;-7;1.1;0
4550,,,,,,,,,,,,,,,,,,,,
.form 0;r;4;0,,,,,,,,,,,,,,,,,,,,
.form 1;l;4;0,.freeobj 0;105;0;0;0,,,,,,,,,,,,,,,,,,,
,,,,,,,,,,,,,,,,,,,,
,,,,,,,,,,,,,,,,,,,,
,,,,,,,,,,,,,,,,,,,,
,,,,,,,,,,,,,,,,,,,,
,,,,,,,,,,,,,,,,,,,,
,,,,,,,,,,,,,,,,,,,,
,.freeobj 0;106;2;0.2;0,,,,,,,,,,,,,,,,,,,
.stop 0,.freeobj 0;90;-0.25;1.5;0,,,,,,,,,,,,,,,,,,,
.freeobj 0;0;,,,,,,,,,,,,,,,,,,,,
.freeobj 0;23;1.7;1,,,,,,,,,,,,,,,,,,,,
.freeobj 1;23;-1.7;1,,,,,,,,,,,,,,,,,,,,
.freeobj 0;25;3;1,,,,,,,,,,,,,,,,,,,,
.freeobj 0;26;4;1,,,,,,,,,,,,,,,,,,,,
.freeobj 1;26;-4;1,,,,,,,,,,,,,,,,,,,,
4575,,,,,,,,,,,,,,,,,,,,
.freeobj 1;258;,,,,,,,,,,,,,,,,,,,,
.wallend 0,,,,,,,,,,,,,,,,,,,,
.wallend 1,,,,,  .Brightness 200,,,,,,,,,,,,,,,
.wall 0;1;27,,,,,,,,,,,,,,,,,,,,
.wall 1;-1;27,,,,,,,,,,,,,,,,,,,,
.railtype 0;1,,,,,,,,,,,,,,,,,,,,
.rail 1;-5;0;1,,,,,,,,,,,,,,,,,,,,
.dikeend 0,,,,,,,,,,,,,,,,,,,,
.dike 0;-1;0,,,,,,,,,,,,,,,,,,,,
4600,,,,,  .Brightness -30,,,,,,,,,,,,,,,
4750,,,,,,,,,,,,,,,,,,,,
.curve -700;20,,.railtype 0;29,,.pitch 29,,,,,,,,,,,,,,,,
4800,,,,,,,,,,,,,,,,,,,,
.curve 0,,.railtype 0;1,,,,,,,,,,,,,,,,,,
5100,,,,,,,,,,,,,,,,,,,,
.curve -700;20,,.railtype 0;29,,,,,,,,,,,,,,,,,,
5200,,,,,,,,,,,,,,,,,,,,
.curve 0,,.railtype 0;1,,,,,,,,,,,,,,,,,,
5425,,,,.pitch 0,  .Brightness -30,,,,,,,,,,,,,,,
5450,,,,,,,,,,,,,,,,,,,,
.curve 0,.railtype 0;1,.rail 1;-5;0;1,,,,,,,,,,,,,,,,,,
.wallend 0,,,,,  .Brightness 200,,,,,,,,,,,,,,,
.wallend 1,,,,,,,,,,,,,,,,,,,,
.wall 0;1;36,,,.Announce Busan1\5.wav;,,,,,,,,,,,,,,,,,
.wall 1;-1;36,,,,,,,,,,,,,,,,,,,,
.railtype 0;4 ,,,,,,,,,,,,,,,,,,,,
.rail 1;-5;0;4,,,,,,,,,,,,,,,,,,,,
.dike 0;-1;10,,,,,,,,,,,,,,,,,,,,
.sta 괴정;10.0740;10.0800;0;1;0;1;\Busan1\sta.wav;0;40;\Busan1\go.wav;,,,,,,,,,,,,,,,,,,,,
.form 0;r;4;0,.freeobj 0;91;-1;1.5;0,,,.freeobj 1;257;,,,,,,,,,,
.form 1;l;4;0,,,,,,,,,,,,,,,,,,,,
.freeobj 1;0;,,,,,,,,,,,,,,,,,,,,
.freeobj 1;15;0;0;0,,,,,,,,,,,,,,,,,,,,
.freeobj 0;18;0;0;0,,,,,,,,,,,,,,,,,,,,.freeobj 0;645;0;0;0,.freeobj 1;647;0;0;0 
5473,,,.freeobj 0;614;7;1.1;180,.freeobj 1;614;-7;1.1;0
5475,,,,,,,,,,,,,,,,,,,,.freeobj 0;607;7;1.7;90,.freeobj 1;607;-7;1.7;-90
.form 0;r;4;0,,,,.freeobj 1;21,,,,,,,,,,,,,,,,
.form 1;l;4;0,.freeobj 1;105;-0.4;0;0,,,,,,,
,,,,,,,,,,,,,,,,,,,,
,,,,,,,,,,,,,,,,,,,,
.freeobj 1;15;0.85;0;0,,,,,,,,,,,,,,,,,,,,
.freeobj 0;18;-0.85;0;0,,,,,,,,,,,,,,,,,,,,
5475.2,,.freeobj 0;639;0;0;0,,.freeobj 1;648;0;0;0
5478,,.freeobj 0;608;7.1;1;90,.freeobj 1;608;-7.1;1;-90,,,.freeobj 0;614;7;1.1;180,.freeobj 1;614;-7;1.1;0
5485,,,,,,,,,,,,,,,,,,,,
.freeobj 0;202;1.2;3.5;0,.freeobj 1;236;-1.2;3.5;0,.freeobj 1;148;-5.25;0;0,.freeobj 0;148;5.25;0;0,.freeobj 0;46;4;-0.6;0,.freeobj 1;46;-4;-0.6;0,,,,,,,,,,,,,,,
5495,,,,.freeobj 1;3,,,,,,,,,,,,,,,,
5500,,,,,,,,,,,,,,,,,,,,
.form 0;r;4;0,,,,,,,,,,,,,,,,,,,,
.form 1;l;4;0,,,,,,,,
.freeobj 1;15;0.85;0;0,.freeobj 0;105;0;0;0,.freeobj 0;359;3;0;0,,,,,,,,,,,,,,,,,,
.freeobj 0;18;-0.85;0;0,,.freeobj 1;14;-3;0;0,,,,,,,,,,,,,,,,,,
5500.4,,.freeobj 0;640;0;0;0,,.freeobj 1;649;0;0;0
5510,,,,,,,,,,,,,,,,,,,,
.freeobj 1;149;-5.25;0;0,.freeobj 0;149;5.25;0;0,.freeobj 1;236;-1.2;3.5;0,.freeobj 0;202;1.2;3.5;0,,,,,,,,,,,,,,,,,
5515,,,,.freeobj 1;2,,,,,,,,,,,,,,,,
5525,,,,,,,,,,,,,,,,,,,,
.form 0;r;4;0,,,,,,,,,,,,,,,,,,,,
.form 1;l;4;0,,,,,,,
.freeobj 1;15;0;0;0,,,,,,,,,,,,,,,,,,,,
.freeobj 0;18;0;0;0,,,,,,,,,,,,,,,,,,,,

5525.6,,,.freeobj 0;641;0;0;0,,.freeobj 1;650;0;0;0
5531,,,.freeobj 0;619;4;-0.6;0,,,.freeobj 1;633;-4;-0.6;0
5525,,,.freeobj 0;614;7;1.1;180,.freeobj 1;614;-7;1.1;0
5532,,,.freeobj 0;611;7.2;1.1;90,,.freeobj 1;611;-7.2;1.1;-90
5535,,,,.freeobj 1;3,,,,,,,,,,,,,,,,
5537.2,,,.freeobj 0;614;7;1.1;180,.freeobj 1;614;-7;1.1;0
5540,,,,,,,,,,,,,,,,,,,,
.freeobj 1;105;-0.4;0;0,,.freeobj 1;88;-6.25;0;0,.freeobj 0;89;6.25;0;0,,,,,,,,,,,,,,,,,
5550,,,,,,,,,,,,,,,,,,,,
.form 0;r;4;0,,,,,,,,
.form 1;l;4;0,,,,,,,,,,,,,,,,,,,,
.freeobj 0;359;3;0;0,,,,,,,,,,,,,,,,,,,,
.freeobj 1;14;-3;0;0,,,,,,,,,,,,,,,,,,,,
.freeobj 1;15;0;0;0,,,,,,,,,,,,,,,,,,,,
.freeobj 0;18;0;0;0,,,,,,,,,,,,,,,,,,,,
5550.8,,,.freeobj 0;642;0;0;0,,.freeobj 1;651;0;0;0
5551,,,.freeobj 0;612;7.2;2.4;90,.freeobj 1;612;-7.2;2.4;-90
5555,,,,.freeobj 1;2,,,,,,,,,,,,,,,,,.freeobj 0;610;7.2;1.8;90,.freeobj 1;610;-7.2;1.8;-90,,
5558,,,.freeobj 0;614;7;1.1;180,.freeobj 1;614;-7;1.1;0
5563,,,.freeobj 0;614;7;1.1;180,.freeobj 1;614;-7;1.1;0
5568,,,.freeobj 0;614;7;1.1;180,.freeobj 1;614;-7;1.1;0
5575,,,,.freeobj 1;3,,,,,,,,,,,,,,,,
.form 0;r;4;0,.freeobj 0;148;5.25;0;0,.freeobj 1;148;-5.25;0;0,,,,,,,,,,,
.form 1;l;4;0,.freeobj 0;105;0;0;0,.freeobj 0;202;1.2;3.5;0,,.freeobj 1;236;-1.2;3.5;0,,,,,,,,,,,,,,,,
.freeobj 1;15;0.85;0;0,.freeobj 0;46;4;-0.6;0,,.freeobj 1;46;-4;-0.6;0,,,,,,,,,,,,,,,,,
.freeobj 0;18;-0.85;0;0,,,,,,,,,,,,,,,,,,,,
5576,,,.freeobj 0;643;0;0;0,,.freeobj 1;652;0;0;0
5587,,.freeobj 0;396;4.5;0;90,,.Freeobj 0;654;2;4;0,.freeobj 1;396;-4.5;0;-90
5595,,,,.freeobj 1;2,,,,,,,,,,,,,,,,
5600,,,,,,,,,,,,,,,,,,,,
.form 0;r;4;0,,,,,,,,,,,,,,,,,,,,
.form 1;l;4;0,.freeobj 0;202;1.2;3.5;0,,.freeobj 1;236;-1.2;3.5;0,,,.freeobj 1;14;-3;0;0,,.freeobj 0;359;3;0;0,,,,,,,,,,,,
.freeobj 1;15;0.85;0;0,.freeobj 0;149;5.25;0;0,.freeobj 1;149;-5.25;0;0,,,,,,,,,,
.freeobj 0;18;-0.85;0;0,,,,,,,,,,,,,,,,,,,,
5601.2,,,.freeobj 0;644;0;0;0,,.freeobj 1;653;0;0;0
5615,,,,.freeobj 1;4,,,,,,,,,,,,,,,,
5620,,,,,,,,,,,,,,,,,,,,
.freeobj 1;105;-0.4;0;0,,,,,,,,,,,,,,,,,,,,.freeobj 0;607;7;1.7;90,.freeobj 1;607;-7;1.7;-90
5617,,,.freeobj 0;614;7;1.1;180,.freeobj 1;614;-7;1.1;0
5622,,.freeobj 0;608;7.1;1;90,.freeobj 1;608;-7.1;1;-90,,,.freeobj 0;619;4;-0.6;0,,,.freeobj 1;633;-4;-0.6;0,,,.freeobj 0;614;7;1.1;180,.freeobj 1;614;-7;1.1;0
5625,,,,,,,,,,,,,,,,,,,,
.form 0;r;4;0,,,,,,,,,,,,,,,,,,,,
.form 1;l;4;0,.freeobj 0;105;0;0;0,,,,,,,,,,,,,,,,,,,
,,,,,,,,,,,,,,,,,,,,
,,,,,,,,,,,,,,,,,,,,
,,,,,,,,,,,,,,,,,,,,
,,,,,,,,,,,,,,,,,,,,
,,,,,,,,,,,,,,,,,,,,
,,,,,,,,,,,,,,,,,,,,
,,,,,,,,,,,,,,,,,,,,
,.freeobj 0;90;-0.25;1.5;0,,,,,,,,,,,,,,,,,,,
.freeobj 0;0;,.freeobj 0;106;2;0.2;0,,,,,,,,,,,,,,,,,,,

.freeobj 0;25;3;1,,,,,,,,,,,,,,,,,,,,
.freeobj 0;26;4;1,,,,,,,,,,,,,,,,,,,,
.freeobj 1;26;-4;1,,,,,,,,,,,,,,,,,,,,
5626.4,,.freeobj 0;645;0;0;0,.freeobj 1;647;0;0;0,,.stop 0
5650,,,,,,,,,,,,,,,,,,,,
.freeobj 1;257;,,,,,,,,,,,,,,,,,,,,
.wallend 0,,,,,,,,,,,,,,,,,,,,
.wallend 1,,,,,,,,,,,,,,,,,,,,
.wall 0;1;27,,,,,,,,,,,,,,,,,,,,
.wall 1;-1;27,,,,,  .Brightness 200,,,,,,,,,,,,,,,
.railtype 0;1,,,,,,,,,,,,,,,,,,,,
.rail 1;-5;0;1,,,,,,,,,,,,,,,,,,,,
.dikeend 0,,,,,,,,,,,,,,,,,,,,
.dike 0;-1;0,,,,,,,,,,,,,,,,,,,,
,,,,,,,,,,,,,,,,,,,,
5655,,.freeobj 1;608;-7.1;1;-90
5675,,,,,.brightness 0,,,,,,,,,,,,,,,
,,,,,,,,,,,,,,,,,,,,
,,,,,,,,,,,,,,,,,,,,
,,,,,,,,,,,,,,,,,,,,
5700,,,,,,,,,,,,,,,,,,,,
.freeobj 1;243;0.7;0;0,,.wall 0;1;43,.wall 1;-1;43,.crack 0;1;1,.rail 1;-5;0;32,.railtype 0;32,.dikeend 0,,.pitch 29,,,,,,,,,,,
5710,,.brightness 0,,,,,,,,,,,,,,,,,,
5715,,.brightness 100,,,,,,,,,,,,,,,,,,
5720,,.brightness 0,,,,,,,,,,,,,,,,,,
,,,,,,,,,,,,,,,,,,,,
5725,,,,,,,,,,,,,,,,,,,,
.curve -700;30,,.railtype 0;29,,.rail 1;-5;0;29,,,,,,,,,,,,,,,,
5730,,.brightness 0,,,,,,,,,,,,,,,,,,
5735,,.brightness 100,,,,,,,,,,,,,,,,,,
5740,,.brightness 0,,,,,,,,,,,,,,,,,,
,,,,,,,,,,,,,,,,,,,,
5755,,.brightness 0,,,,,,,,,,,,,,,,,,
5760,,.brightness 100,,,,,,,,,,,,,,,,,,
5765,,.brightness 0,,,,,,,,,,,,,,,,,,
,,,,,,,,,,,,,,,,,,,,
5780,,.brightness 0,,,,,,,,,,,,,,,,,,
5785,,.brightness 100,,,,,,,,,,,,,,,,,,
5790,,.brightness 0,,,,,,,,,,,,,,,,,,
,,,,,,,,,,,,,,,,,,,,
5805,,.brightness 0,,,,,,,,,,,,,,,,,,
5810,,.brightness 100,,,,,,,,,,,,,,,,,,
5815,,.brightness 0,,,,,,,,,,,,,,,,,,
,,,,,,,,,,,,,,,,,,,,
5830,,.brightness 0,,,,,,,,,,,,,,,,,,
5835,,.brightness 100,,,,,,,,,,,,,,,,,,
5840,,.brightness 0,,,,,,,,,,,,,,,,,,
,,,,,,,,,,,,,,,,,,,,
5855,,.brightness 0,,,,,,,,,,,,,,,,,,
5860,,.brightness 100,,,,,,,,,,,,,,,,,,
5865,,.brightness 0,,,,,,,,,,,,,,,,,,
,,,,,,,,,,,,,,,,,,,,
5880,,.brightness 0,,,,,,,,,,,,,,,,,,
5885,,.brightness 100,,,,,,,,,,,,,,,,,,
5890,,.brightness 0,,,,,,,,,,,,,,,,,,
,,,,,,,,,,,,,,,,,,,,
5900,,,,,,,,,,,,,,,,,,,,
.curve 0,,.railtype 0;32,,.rail 1;-5;0;32,,,,,,,,,,,,,,,,
5905,,.brightness 0,,,,,,,,,,,,,,,,,,
5910,,.brightness 100,,,,,,,,,,,,,,,,,,
5915,,.brightness 0,,,,,,,,,,,,,,,,,,
,,,,,,,,,,,,,,,,,,,,
,,,,,,,,,,,,,,,,,,,,
5930,,.brightness 0,,,,,,,,,,,,,,,,,,
5935,,.brightness 100,,,,,,,,,,,,,,,,,,
5940,,.brightness 0,,,,,,,,,,,,,,,,,,
,,,,,,,,,,,,,,,,,,,,
,,,,,,,,,,,,,,,,,,,,
5955,,.brightness 0,,,,,,,,,,,,,,,,,,
5960,,.brightness 100,,,,,,,,,,,,,,,,,,
5965,,.brightness 0,,,,,,,,,,,,,,,,,,
,,,,,,,,,,,,,,,,,,,,
,,,,,,,,,,,,,,,,,,,,
5980,,.brightness 0,,,,,,,,,,,,,,,,,,
5985,,.brightness 100,,,,,,,,,,,,,,,,,,
5990,,.brightness 0,,,,,,,,,,,,,,,,,,
,,,,,,,,,,,,,,,,,,,,
,,,,,,,,,,,,,,,,,,,,
6005,,.brightness 0,,,,,,,,,,,,,,,,,,
6010,,.brightness 100,,,,,,,,,,,,,,,,,,
6015,,.brightness 0,,,,,,,,,,,,,,,,,,
,,,,,,,,,,,,,,,,,,,,
,,,,,,,,,,,,,,,,,,,,
6030,,.brightness 0,,,,,,,,,,,,,,,,,,
6035,,.brightness 100,,,,,,,,,,,,,,,,,,
6040,,.brightness 0,,,,,,,,,,,,,,,,,,
,,,,,,,,,,,,,,,,,,,,
,,,,,,,,,,,,,,,,,,,,
6055,,.brightness 0,,,,,,,,,,,,,,,,,,
6060,,.brightness 100,,,,,,,,,,,,,,,,,,
6065,,.brightness 0,,,,,,,,,,,,,,,,,,
,,,,,,,,,,,,,,,,,,,,
,,,,,,,,,,,,,,,,,,,,
6080,,.brightness 0,,,,,,,,,,,,,,,,,,
6085,,.brightness 100,,,,,,,,,,,,,,,,,,
6090,,.brightness 0,,,,,,,,,,,,,,,,,,
,,,,,,,,,,,,,,,,,,,,
,,,,,,,,,,,,,,,,,,,,
6100,.wallend 0,.wallend 1,,,,,,,,,,,,,,,,,,
,.wall 0;1;32,.wall 1;-1;32,.crack 0;1;1,.rail 1;-5;0;1,.railtype 0;1,,.pitch 0,,,,,,,,,,,,,
6225,,,,,,,,,,,,,,,,,,,,
.wallend 0,.wallend 1,,,,,,,,,,,,,,,,,,,
.wall 0;0;32,.wall 1;0;32,,.rail 1;-5;0;29,,,,,,,,,,,,,,,,,
,,,,,,,,,,,,,,,,,,,,
6250,,,,,,,,,,,,,,,,,,,,
.curve 700;20,.railtype 0;28,,.rail 1;-6;0;29,,,,.Announce Busan1\6.wav;,,,,,,,,,,,,,
6275,,,.rail 1;-8;0;1,,,,,,,,,,,,,,,,,
6300,,,,,,,,,,,,,,,,,,,,
.curve -700;20,.railtype 0;29,,.rail 1;-10;0;1,,,,,,,,,,,,,,,,,
6325,,,.rail 1;-12;0;1,,,,,,,,,,,,,,,,,
6350,.curve 0,.railtype 0;1,.rail 1;-13;0;1,,,,,,,,,,,,,,,,,
6375,,,,,  .Brightness -70,,,,,,,,,,,,,,,
6400,,,,,  .Brightness 200,,,,,,,,,,,,,,,
.wallend 0,,,,,,,,,,,,,,,,,,,,
.wallend 1,,,,.curve 850;30,,,,,,,.freeobj 1;356;1.7;1,,.freeobj 0;356;-1.7;1,,,,,,,
.wall 0;1;35,,,,,,,,,,,,,,,,,,,,
.wall 1;-1;35,,,,,,,,,,,,,,,,,,,,
.railtype 0;42,.freeobj 1;243;1;0;0,,.freeobj 0;343;-10.5;0;0;,,.freeobj 1;343;0;0;0;,,,,,,,,,,,,,,,
.rail 1;-13;0;42,.freeobj 0;243;-4.7;0;0,,,,,,,,,,,,,,,,,,,
.sta 대티(동주대학);10.0920;10.0940;0;-1;0;1;\Busan1\sta.wav;0;10;\Busan1\go.wav;,,,,,,,,,,,,,,,,,,,,
.form 0;1;4;0,,,,,,,,.limit 80,.Section 0;10;26,,,,,,,,,,,
.freeobj 1;0;,,,.freeobj 0;90;-13.5;1.5;0,,,,,,,,,,,,,,,,,
,,,,,,,,,,,,,,,,,,,,
,,,,,,,,.freeobj 0;113;-6.25;0;0,,,,,,,,,,,,
.freeobj 0;24;-1.7;1,,,,,,,,,,,,,,,,,,,,
.freeobj 1;24;1.7;1,,,,,,,,,,,,,,,,,,,,
,,,,,,,,,,,,,,,,,,,,
,.freeobj 1;105;-0.4;0;0,,,,,,,,,,,,,,,,,,,
,,,,,,,,,,,,,,,,,,,,
,,,,,,,,,,,,,,,,,,,,
,,,,,,,,,,,,,,,,,,,,

.freeobj 0;15;0;0;0,,,,,,,,,,,,,,,,,,,,
,,,,,,,,,,,,,,,,,,,,
,,.freeobj 0;113;-6.25;0;0,,,,,,,,,,,,,,,,,,
6405,,.freeobj 1;608;8.8;1;-90
6410,,.freeobj 0;366;-6.25;0;0,,,,,,,,,,,,,,,,,,,
6427,,,.freeobj 0;620;-3.5;-0.6;0,,
6429,,.Freeobj 0;509;-2;3.2;0,,.Freeobj 1;509;4;3.2;0,,
6425,,,,,,,,,,,,,,,,,,,,
.form 0;1;4;0,,,.freeobj 0;342;-6.25;3.1;0,,,,.freeobj 1;96;-2.2;0;0,,.freeobj 0;92;2.2;0;0,,,.freeobj 1;355;1.7;1,,.freeobj 0;355;-1.7;1,,,,,,
,,,,,,,,,,,,,,,,,,,,
6431,,,.freeobj 0;342;-6.25;3.1;0,,,,,,,,,,,,,,,,,,,.freeobj 1;611;6.5;1.1;-90
6436.5,,.freeobj 1;607;7.8;1.7;-90
6439,,,.freeobj 0;342;-6.25;3.1;0,,,,,,,,,,,,,,,,
6446,,,.freeobj 0;342;-6.25;3.1;0,,,,,,,,,,,,,,,,,
6450,,,,,,,,,,,,,,,,,,,,
.form 0;1;4;0,.freeobj 0;105;0;0;0,,,,,,,,,,.freeobj 1;354;1.7;1,,.freeobj 0;354;-1.7;1,,,,,,,
,.freeobj 0;201;0.2;3;0,,.freeobj 1;235;-0.2;3;0,,,,,,,,,,,,,,,,,
6453,,,.freeobj 0;342;-6.25;3.1;0,,,,.freeobj 0;359;-3;0;0,,.freeobj 1;14;3;0;0,,,,,,,,,,,
6459,.freeobj 0;606;-13.5;0;-180
6460,,,
6470,.freeobj 0;612;-6.25;0;0,,,.freeobj 0;46;-6;-0.6;0,,,,,,,,,,,,,,,,,.freeobj 1;617;6;1.2;0
6474,,.freeobj 1;608;8.8;1;-90
6475,,,,,,,,,,,,,,,,,,,,,
.form 0;1;4;0,,,,,,,,,,,,,,,,,,,,
,,,,,,,,,,,,,.freeobj 1;353;1.7;1,,.freeobj 0;353;-1.7;1,,,,,
6477,,.freeobj 0;612;-4.3;2.4;-90
6480,.freeobj 0;366;-6.25;0;0,,,,,,,,,,,,,,,,,,,
6497,,,.freeobj 0;342;-6.25;3.1;0,,,.freeobj 0;93;2.2;0;0,,,,,,,,,,,,,,
6500,,,,,,,,,,,,,,,,,,,,
.form 0;1;4;0,,,,,,.freeobj 0;201;0.2;3;0,,.freeobj 1;235;-0.2;3;0,,,,,.freeobj 1;352;1.7;1,,.freeobj 0;352;-1.7;1,,,,,
,,,,,,,,,,,,,,,,,,,,
.freeobj 1;15;11;0;0,,,,,,,,,,,,,,,,,,,,
.freeobj 0;15;0;0;0,,,,,,,,,,,,,,,,,,,,
6504,,.freeobj 0;342;-6.25;3.1;0,.freeobj 1;97;-2.2;0;0,,,,.freeobj 0;359;-3;0;0,,.freeobj 1;14;3;0;0,,,,,,,,,,,
6509,,.freeobj 1;608;8.8;1;-90
6510,,.freeobj 0;366;-6.25;0;0,,,,,,,,,,,,,,,,,,
6511,,.freeobj 0;612;-4.3;2.4;-90
6521,,.freeobj 0;396;-6.5;0;180,,.Freeobj 0;654;2;4;0
6525,.form 0;1;4;0,,,,,,,,,,,,,,,,,,,
,,,.freeobj 0;342;-6.25;3.1;0,,,,,,,,,,.freeobj 1;351;1.7;1,,.freeobj 0;351;-1.7;1,,,,,
,.freeobj 1;15;11;0;0,,,,,,,,,,,,,,,,,,,
6527,,,.
6532,,,.freeobj 0;342;-6.25;3.1;0,,,,,,,,,,,,,,,,,
,,,,,,,,,,,,,,,,,,,,
,,,.freeobj 1;105;-0.4;0;0,,,,,,,,,,,,,,,,,,
,,,,,,,,,,,,,,,,,,,,
6540,.freeobj 0;113;-6.25;0;0,,,,,,,,,,,,,,,,,,,,.freeobj 0;612;-4.3;2.4;-90
6550,.form 0;1;4;0,,,,,,,,,,,,,,,,,,,,
,,,.freeobj 0;113;-6.25;0;0,,,.freeobj 0;201;0.2;3;0,,.freeobj 1;235;-0.2;3;0,,,,,.freeobj 1;350;1.7;1,,.freeobj 0;350;-1.7;1,,,,,
,.freeobj 1;15;11;0;0,,,,,,,,,,,,,,,,,,,
6557,,,.Freeobj 0;509;-2;3.2;0,,.Freeobj 1;509;4;3.2;0
6562.5,,.freeobj 1;607;7.8;1.7;-90
6565,,,.freeobj 0;342;-6.25;3.1;0,,,,,,,,,,,,,,,,,
6573,,,.freeobj 0;342;-6.25;3.1;0,,,,,.freeobj 0;359;-3;0;0,,.freeobj 1;14;3;0;0,,,,,,,,,,
,,,,,,,,,,,,,,,,,,,,,
6575,,,,.form 0;1;4;0,,.freeobj 1;15;11;0;0,,.stop 0,.freeobj 0;91;4;1.5;0,,.freeobj 0;106;-2;0.2;0,,,,,,,,,
,,,,,,,,.freeobj 0;0,.freeobj 1;98;-2.2;0;0,.freeobj 0;94;2.2;0;0,,,,,,,,,,,.freeobj 0;620;-3.5;-0.6;0,,
,,,,,,,,.freeobj 0;23;-1.7;1,,,,,,,,,,,,
,,,,,,,,.freeobj 1;23;1.7;1,,,,,,,,,,,,
,,,,,,,,.freeobj 0;29;-3;1,,,,,,,,,,,,
,,,,,,,,,,,,,,,,,,,,
6580,,,.freeobj 0;342;-6.25;3.1;0,,,,,,,,,,,,,,,,,
6587,,,.freeobj 0;342;-6.25;3.1;0,,,,,,,,,,,,,,,,,
6594,,,.freeobj 0;342;-6.25;3.1;0,,,,,,,,,,,,,,,,,
6600,,,,,,,,,,,,,,,,,,,,
.freeobj 0;343;-9.9;0;0;,,,,,,,,,,,,,,,,,,,,
.freeobj 1;343;0;0;0;,,,,,,,,,,,,,,,,,,,,
.wallend 0,,,,,,  .Brightness 200,,,,,,,,,,,,,,
.wallend 1,,,,,,,,,,,,,,,,,,,,
.wall 0;0;32,,,,,,,,,,,,,,,,,,,,
.wall 1;0;32,,,,,,,,,,,,,,,,,,,,
.railtype 0;28,,,,,,,,,,,,,,,,,,,,
.rail 1;-13;0;1,,,,,,,,.Announce Busan1\6-1.wav;,,,,,,,,,,,,
6625,,,,,,  .Brightness -30,,,,,,,,,,,,,,
6725,,,,,,,,,,,,,,,,,,,,
.curve -850;30,,.railtype 0;29,,,,,,,,,,,,,,,,,,
6975,,,,,,,,,,,,,,,,,,,,
.curve 0,,.railtype 0;1,,,,,,,,,,,,,,,,,,
7350,,,,,,,,,,,,,,,,,,,,
.curve -850;30,,.railtype 0;29,,,,,,,,,,,,,,,,,,
7560,,,,,,,,,,,,,,,,,,,,
.curve 0,,.railtype 0;1,,,,,,,,,,,,,,,,,,
7675,,,,,,,,,,,,,,,,,,,,
.rail 3;-5;0;5,.wall 0;1;32,.wall 3;-1;32,.rail 5;-10;0;1,.crack 5;0;1,.freeobj 0;271;-0.3;2.0;0;,,.freeobj 0;271;-0.3;-1.5;0;,,,,,,,,,,,,,
7700,,,,,,,,,,,,,,,,,,,,
.rail 3;-5;0;1,,,,,,,,,,,,,,,,,,,,
,,,,,,,,,,.pitch -15,,,,,,,,,,
7750,.curve 800;20,.railtype 0;28,.rail 3;-5;0;28,,.railend 5,,,,,,,,,,,,,,,
7810,,,,,,,,,,,,,,,,,,,,
7850,,.curve -700;20,.railtype 0;29,.rail 3;-5;0;29,,,,,,,,,,,,,,,,
7925,,,.curve 0,.railtype 0;1,.rail 3;-5;0;1,,.pitch 0,,.limit 65,,,.Announce Busan1\7.wav;,,,,,,,,
7950,,,,,,,,,,,,,,,,,,,,
.rail 2;-5;0;11,,.rail 4;0;0;12,,,,,,,,,,,,,,,,,,
7975,,,,,,,,,,,,,,,,,,,,
.rail 2;-2.5;0;12,,.rail 4;-2.5;0;11,,,,,,,,,,,,,,,,,,
8000,,,,,,,,,,,,,,,,,,,,
.rail 2;0;0;12,.railend 2,.rail 4;-5;0;11,.railend 4,,,,,,,,,,,,,,,,,
8025,,,,,,,,,,,,,,,,,,,,
.wall 0;0;27,.wall 3;0;27,,.rail 3;-5;0;22,.freeobj 0;243;-4.7;0;0,,,,,,,,,,,,,,,,
8050,,,,,,,,,,,,,,,,,,,,
.wall 0;0;32,.wall 3;0;27,,.rail 3;-7;0;1,,,,,,,,,,,,,,,,,
8075,,.rail 3;-9;0;1,,,,,,,,,,,,,,,,,,
,,,.rail 3;-9;0;1,,,.wall 3;1;27,.wall 1;-1;27,,,,,,,,,,,,,
8100,,,.rail 3;-11;0;1,,,,,,,,,,,,,,,,,
,,,,,,,,,,,,,,,,,,,,
8125,,,.rail 3;-13;0;1,,,.railend 3,.wall 1;0;32,.wallend 3,,,,,,,,,,,,
,,,,,,,,,,,,,,,,,,,,
,,,,,,,,,,,,,,,,,,,,
,,,,,,,,,,,,,,,,,,,,
,,,,,,,,,,,,,,,,,,,,
8125,,,,,,  .Brightness -30,,,,,,,,,,,,,,
,,,,,,,,,,,,,,,,,,,,
8150,.wallend 0,,,,,  .Brightness 200,,,,,,,,,,,,,,
,.wallend 1,,,,,,,,,,,,,,,,,,,
,.wall 0;1;48,,.freeobj 0;341;0;0;0;,,.freeobj 1;341;10.3;0;0;,,,,,,,,,,,,,,,
,.wall 1;-1;49,,,,,,,,,,,,,,,,,,,
,.railtype 0;4 ,.freeobj 1;243;1;0;0,,,,,,,,,,,,,,,,,,
,.rail 1;-13;0;4,.freeobj 0;243;-4.7;0;0,,,,,,,,,,,,,,,,,,
,.curve 0,,,,,,,,,,,,,,,,,,,
,.sta 서대신;10.1150;10.1210;0;-1;0;1;\Busan1\sta.wav;0;10;\Busan1\go.wav;,,,,,,,,,,,,,,,,,,,
,.form 0;1;2;2,.freeobj 0;90;-13;1.5;0,,,,,,,,,,,,,,,,,,
,.freeobj 1;0;,,,,,,,,,,,,.freeobj 1;356;1.7;1,,,.freeobj 0;356;-1.7;1,,,,
,.freeobj 1;15;12;0;0,,,,,,,,,,,,,,,,,,,
,.freeobj 0;15;0;0;0,,,,,,,,,,,,,,,,,,,
,.freeobj 0;24;-1.7;1,,,,,,,,,,,,,,,,,,,
,.freeobj 1;24;1.7;1,,,,,,,,,,,,,,,,,,,
8155,,,.freeobj 0;365;-6.25;0;0,,,,,,,,,,,,,,,,,
8157,,.freeobj 1;608;8.8;1;-90
8169,,,.freeobj 0;340;-6.25;3.1;0,,,,,,,,,,,,,,,,,
8175,,,,,,,,,,,,,,,,,,,,
.form 0;1;2;2,,.freeobj 0;15;0;0;0,,,,,,,,,,,.freeobj 1;355;1.7;1,,.freeobj 0;355;-1.7;1,,,,,
8173.8,,.freeobj 1;607;7.9;1.7;-90,.freeobj 1;611;6.5;1.1;-90
8176,,,.freeobj 0;340;-6.25;3.1;0,,,,,,,,,,,,,,,,,
8177,,,.freeobj 0;620;-3.5;-0.6;0,
8183,,,.freeobj 0;340;-6.25;3.1;0,,,,,,,,,,,,,,,,,
8190,,,,,,,.freeobj 0;359;-3;0;0,,.freeobj 1;14;3;0;0,,.freeobj 0;200;0.5;3;0,,.freeobj 1;234;0.2;3;0,,,,,,,
8195,,,.freeobj 0;142;-6.25;0;0,,,,.freeobj 0;46;-6;-0.6;0,,,,,,,,,,,,,.freeobj 1;608;8.8;1;-90
8197,,,.freeobj 0;612;-4.3;2.4;-90
8200,,,.freeobj 1;234;0.2;3;0,,.form 0;1;2;2,,,,,,,,.freeobj 1;354;1.7;1,,.freeobj 0;354;-1.7;1,,,,,
8205,,,.freeobj 0;365;-6.25;0;0,,,,,,,,,,,,,,,,,
8220,,,.freeobj 0;340;-6.25;3.1;0,,,,,,,,,,,,,,,,,
8225,,,,,.form 0;1;2;2,,,,,,,,.freeobj 1;353;1.7;1,,.freeobj 0;353;-1.7;1,,,,,
8230,,.freeobj 0;396;-6.5;0;0
8242.5,,.freeobj 1;607;7.9;1.7;-90
8245,,,.freeobj 0;340;-6.25;3.1;0,,,,,,,,,,,,,,,,,
8250,,.freeobj 0;15;0;0;0,,,.form 0;1;2;2,,.freeobj 0;359;-3;0;0,,.freeobj 1;14;3;0;0,,.freeobj 0;200;0.5;3;0,,.freeobj 1;234;0.2;3;0,,.freeobj 1;352;1.7;1,,.freeobj 0;352;-1.7;1,,,
8255,,,.freeobj 0;143;-6.25;0;0,,,,,,,,,,,,,,,,,.freeobj 1;608;8.8;1;-90
8257,,,.freeobj 0;612;-4.3;2.4;-90
8265,,,.freeobj 0;143;-6.25;0;0,,,,,,,,,,,,,,,,,
8275,,,,,.form 0;1;2;2,,,,,,,,.freeobj 1;351;1.7;1,,.freeobj 0;351;-1.7;1,,,,,
8285,,,.freeobj 0;340;-6.25;3.1;0,,,,,,,,,,,,,,,,,
8289.8,,.freeobj 1;607;7.9;1.7;-90
8292,,,.freeobj 0;340;-6.25;3.1;0,,,,,,,,,,,,,,,,,
8299,,,.freeobj 0;340;-6.25;3.1;0,,,,,,,,,,,,,,,,,
8300,,.freeobj 0;15;0;0;0,,,.form 0;1;2;2,,.freeobj 0;359;-3;0;0,,.freeobj 1;14;3;0;0,,.freeobj 0;200;0.5;3;0,,.freeobj 1;234;0.2;3;0,,.freeobj 1;350;1.7;1,,.freeobj 0;350;-1.7;1,,,
8306,,,.freeobj 0;340;-6.25;3.1;0,,,,,,,,,,,,,,,,,
8313,,,.freeobj 0;340;-6.25;3.1;0,,,,,,,,,,,,,,,,,
8320,,,.freeobj 0;340;-6.25;3.1;0,,,,,,,,,,,,,,,,,
8321,,,.freeobj 0;620;-3.5;-0.6;0,
8325,,,.freeobj 0;365;-6.25;0;0,,.form 0;1;2;2,,.stop 0,.freeobj 0;91;3.5;1.5;0,,,,,,,,,,,,,.
,,,,,,,.freeobj 0;0,.freeobj 0;106;-2;0.2;0,,,,,,,,,,,,
,,,,,,,.freeobj 0;23;-1.7;1,,,,,,,,,,,,,
,,,,,,,.freeobj 1;23;1.7;1,,,,,,,,,,,,,
,,,,,,,.freeobj 0;29;-3;1,,,,,,,,,,,,,
8340,,,.freeobj 0;340;-6.25;3.1;0,,,,,,,,,,,,,,,,,
,,,,,,,,,,,,,,,,,,,,
,,,,,,,,,,,,,,,,,,,,
8350,,,,,,.Section 0;10;15,,,,,,,,,,,,,,
,,,,,,,,,,,,,,,,,,,,
.freeobj 0;341;0;0;0;,,,,,,,,,,,,,,,,,,,,
.freeobj 1;341;9.9;0;0;,,,,,.Announce Busan1\7-1.wav;,,,,,,,,,,,,,,,
.wallend 0,,,,,,,,,,,,,,,,,,,,
.wallend 1,,,,,  .Brightness 200,,,,,,,,,,,,,,,
.railtype 0;1,,,,,,,,,,,,,,,,,,,,
.rail 1;-13;0;1,,.wall 0;0;32,.wall 1;0;32,,,,,,,,,,,,,,,,,
8375,,,,,,,,,,,,,,,,,,,,
.curve 400;20,.railtype 0;23,.rail 1;-13;0;23,,,  .Brightness -30,.Doppler Busan1\HWANPUNG.wav; -2.2;3;,,,,,,,,,,,,,,
8425,,,,,,,,,.limit 25,,,,,,,,,,,
.curve 210;40,,.railtype 0;43,.rail 1;-13;0;43,,,,,,,,,,,,,,,,,
8450,,,,,.pitch -25,,,,,,,,,,,,,,,
8750,,.rail 1;-10;0;43,,,,,,,,,,,,,,,,,,
8800,,.rail 1;-9;0;43,,,.pitch 0,,,,,,,,,,,,,,,
8825,.wall 0;0;27,.wall 1;0;27,,.curve 400;20,.railtype 0;23,,,.rail 1;-8;0;23,,.Announce Busan1\8.wav;,,,,,,,,,,
8850,.wall 0;1;27,.wall 1;-1;27,.dike 1;1;0,.dike 0;-1;0,  .Brightness -30,,,.rail 1;-6;0;1,,,,,,,,,,,,
,,,,,,,,,,,,,,,,,,,,
,,,,,,,,,,,,,,,,,,,,
8875,,,,,,,,,,,,,,,,,,,,
.wallend 0,,.curve 0,,,  .Brightness 200,,,,,,,,,,,,,,,
.wallend 1,,,,,,,,,,,,,,,,,,,,
.dikeend 0,,.dikeend 1,,,,,,,,,,,,,,,,,,
.railtype 0;4 ,,,,,,,,,,,,,,,,,,,,
.rail 1;-5;0;4,,,,,,,,,,,,,,,,,,,,
.dike 0;-1;3,,,,,,,,,,,,,,,,,,,,
.wall 0;1;31,,,.freeobj 1;256;,,,,,,,,,,,,,,,,,
.wall 1;-1;31,,,,,,,,,,,,,,,,,,,,
,,,,,,,,,,,,,,,,,,,,
.sta 동대신;10.1410;10.1430;0;1;0;1;\Busan1\sta.wav;0;30;\Busan1\go.wav;,,,,,,,,,,,,,,,,,,,,
.form 0;r;2;1,.freeobj 0;91;-1;1.5;0,,,,,,,,,,,,,,,,,,,
.form 1;l;2;1,,,,,,,,,,,,.freeobj 0;356;1.7;1,,.freeobj 1;356;-1.7;1,,,,,,
.freeobj 1;0;,,,,,,,,,,,,,,,,,,,,
.freeobj 1;15;0;0;0,,,,,,,,,,,,,,,,,,,,
.freeobj 0;18;0;0;0,,,,,,,,,,,,,,,,,,,,
.freeobj 0;24;1.7;1,,,,,,,,,,,,,,,,,,,,
.freeobj 1;24;-1.7;1,,,,,,,,,,,,,,,,,,,,
8898,,,.freeobj 0;614;7;1.1;180,.freeobj 1;614;-7;1.1;0
8900,,,,,,,,,,,,,,,,,,,,.freeobj 0;607;7;1.7;90,.freeobj 1;607;-7;1.7;-90
,,,,,,,,,,,,,,,,,,,,
.form 0;r;2;1,,,,,,,,,,,,,,,,,,,,
.form 1;l;2;1,,,,,,,,,,,,,,,,,,,,
.freeobj 1;15;0.85;0;0,,,,,,,,,,,,,,,,,,,,
.freeobj 0;18;-0.85;0;0,,,,,,,,,,,,.freeobj 0;355;1.7;1,,.freeobj 1;355;-1.7;1,,,,,,
,.freeobj 1;105;-0.4;0;0,,,,,,,,,,,,,,,,,,,
8903,,.freeobj 0;608;7.1;1;90,.freeobj 1;608;-7.1;1;-90,,,.freeobj 0;614;7;1.1;180,.freeobj 1;614;-7;1.1;0
8910,,,,,,,,,,,,,,,,,,,,
.freeobj 1;146;-5.25;0;0,.freeobj 0;146;5.25;0;0,.freeobj 0;199;1.2;3.5;0,.freeobj 1;233;-1.2;3.5;0,,.freeobj 1;46;-4;-0.6;0,.freeobj 0;46;4;-0.6;0,,,,,,,,,,,,,,,
8925,,,,,,,,,,,,,,,,,,,,
.form 0;r;2;1,.freeobj 0;359;3;0;0,,,,,,,,,,,,,,,,,,,
.form 1;l;2;1,.freeobj 1;14;-3;0;0,,,,,,,,,,,.freeobj 0;354;1.7;1,,.freeobj 1;354;-1.7;1,,,,,,
.freeobj 1;15;0.85;0;0,,,,,,,,,,,,,,,,,,,,
.freeobj 0;18;-0.85;0;0,.freeobj 0;105;0;0;0,,,,,,,,,,,,,,,,,,,
8930,,.freeobj 0;396;5.6
8935,,,,,,,,,,,,,,,,,,,,
.freeobj 0;199;1.2;3.5;0,.freeobj 1;233;-1.2;3.5;0,.freeobj 0;147;5.25;0;0,.freeobj 1;147;-5.25;0;0,,,,,,,,,,,,,,,,,
8950,,,,,,,,,,,,,,,,,,,,
.form 0;r;2;1,,,,,,,,,,,,,,,,,,,,
.form 1;l;2;1,,,,,,,,,,,,,,,,,,,,
.freeobj 1;15;0;0;0,,,,,,,,,,,,.freeobj 0;353;1.7;1,,.freeobj 1;353;-1.7;1,,,,,,
.freeobj 0;18;0;0;0,,,,,,,,,,,,,,,,,,,,
8946,,,.freeobj 0;614;7;1.1;180,.freeobj 1;614;-7;1.1;0
8951,,,.freeobj 0;614;7;1.1;180,.freeobj 1;614;-7;1.1;0
8956,,,.freeobj 0;619;4;-0.6;0,,,.freeobj 1;633;-4;-0.6;0
8957,,,.freeobj 0;611;7.2;1.1;90,,.freeobj 1;611;-7.2;1.1;-90
8959,,,.freeobj 0;614;7;1.1;180,
8965,,,,,,,,,,,,,,,,,,,,
.freeobj 1;105;-0.4;0;0,,.freeobj 1;88;-6.25;0;0,.freeobj 0;89;6.25;0;0,,,,,,,,,,,,,,,,,
8964,,,.freeobj 0;614;7;1.1;180,
8975,,,,,,,,,,,,,,,,,,,,
.form 0;r;2;1,,,,,,,,,,,,,,,,,,,,
.form 1;l;2;1,,,,,,,,,,,,,,,,,,,,
.freeobj 1;15;0;0;0,,,,,,,,,,,,,,,,,,,,
.freeobj 0;18;0;0;0,,,,,,,,,,,,.freeobj 0;352;1.7;1,,.freeobj 1;352;-1.7;1,,,,,,
.freeobj 0;359;3;0;0,,,,,,,,,,,,,,,,,,,,
.freeobj 1;14;-3;0;0,,,,,,,,,,,,,,,,,,,,
8976,,,.freeobj 0;612;7.2;2.4;90,.freeobj 1;612;-7.2;2.4;-90
8980,,,.freeobj 0;610;7.2;1.8;90,.freeobj 1;610;-7.2;1.8;-90,,
8983,,,.freeobj 0;614;7;1.1;180,.freeobj 1;614;-7;1.1;0
8988,,,.freeobj 0;614;7;1.1;180,.freeobj 1;614;-7;1.1;0
8993,,,.freeobj 0;614;7;1.1;180,.freeobj 1;614;-7;1.1;0
9000,,,,,,,,,,,,,,,,,,,,
.form 0;r;2;1,.freeobj 0;46;4;-0.6;0,,.freeobj 1;46;-4;-0.6;0,,,,,,,,,,,,,,,,,
.form 1;l;2;1,.freeobj 0;105;0;0;0,,.freeobj 0;199;1.2;3.5;0,,.freeobj 1;233;-1.2;3.5;0,,,,,,,,,,,,,,,
.freeobj 1;15;0.85;0;0,.freeobj 0;146;5.25;0;0,,,,,,,,,,,.freeobj 0;351;1.7;1,,.freeobj 1;351;-1.7;1,,,,,,
.freeobj 0;18;-0.85;0;0,.freeobj 1;146;-5.25;0;0,,,,,,,,,,,,,,,,,,,
9025,,,,,,,,,,,,,,,,,,,,
.form 0;r;2;1,,,,,,,,,,,,,,,,,,,,
.form 1;l;2;1,.freeobj 0;199;1.2;3.5;0,,.freeobj 1;233;-1.2;3.5;0,,,.freeobj 1;14;-3;0;0,,.freeobj 0;359;3;0;0,,,,.freeobj 0;350;1.7;1,,.freeobj 1;350;-1.7;1,,,,,,
.freeobj 1;15;0.85;0;0,.freeobj 0;147;5.25;0;0,,,,,,,,,,,,,,,,,,,
.freeobj 0;18;-0.85;0;0,.freeobj 1;147;-5.25;0;0,,,,,,,,,,,,,,,,,,,
9042,,,.freeobj 0;614;7;1.1;180,.freeobj 1;614;-7;1.1;0
9045,,.freeobj 0;607;7;1.7;90,.freeobj 1;607;-7;1.7;-90
9047,,,.freeobj 0;608;7.1;1;90,.freeobj 1;608;-7.1;1;-90,,,.freeobj 0;619;4;-0.6;0,,,.freeobj 1;633;-4;-0.6;0,.freeobj 0;614;7;1.1;180,.freeobj 1;614;-7;1.1;0
9050,,,,,,,,,,,,,,,,,,,,
.form 0;r;2;1,,,,,,,,,,,,,,,,,,,,
.form 1;l;2;1,,,,,,,,,,,,,,,,,,,,
,,,,,,,,,,,,,,,,,,,,
,,,,,,,,,,,,,,,,,,,,
,,,,,,,,,,,,,,,,,,,,
,,,,,,,,,,,,,,,,,,,,
,,,,,,,,,,,,,,,,,,,,
,,,,,,,,,,,,,,,,,,,,
,.freeobj 0;106;2;0.2;0,,,,,,,,,,,,,,,,,,,
.stop 0,.freeobj 0;90;-0.25;1.5;0,,,,,,,,,,,,,,,,,,,
.freeobj 0;0,,,,,,,,,,,,,,,,,,,,
.freeobj 0;23;1.7;1,,,,,,,,,,,,,,,,,,,,
.freeobj 1;23;-1.7;1,,,,,,,,,,,,,,,,,,,,
.freeobj 0;25;3;1,,,,,,,,,,,,,,,,,,,,
.freeobj 0;26;4;1,,,,,,,,,,,,,,,,,,,,
.freeobj 1;26;-4;1,,,,,,,,,,,,,,,,,,,,
9075,,,,,,,,,,,,,,,,,,,,
.freeobj 1;256;,,,,,,,.Section 0;10;19,,,,,,,,,,,,,
.wallend 0,,,,,,,,,,,,,,,,,,,,
.wallend 1,,,,,  .Brightness 200,,,,,,,,,,,,,,,
.wall 0;1;27,,,,,,,,,,,,,,,,,,,,
.wall 1;-1;27,,,,,,,,,,,,,,,,,,,,
.railtype 0;1,,.rail 1;-5;0;1,,,,,,,,,,,,,,,,,,
,,,,,,,,,,,,,,,,,,,,
.dikeend 0,,,,,,,,,,,,,,,,,,,,
.dike 0;-1;0,,,,,,,,,,,,,,,,,,,,
,,,,,,,,,,,,,,,,,,,,
.curve -500;20,.railtype 0;26,.rail 1;-5;0;26,,,,,,,,,,,,,,,,,,
9100,,,,,  .Brightness -30,,,,.limit 45,.pitch -24,,,,,,,,,,
9225,,,,,,,,,,,,,,,,,,,,
.curve 300;40,.railtype 0;33,.rail 1;-5;0;33,,,,,,,,,,,,,,,,,,
9450,,,,,,,,,,,,,,,,,,,,
.curve 0,.railtype 0;1,.rail 1;-5;0;1,,,,,,,,,,,,,,,,,,
9500,.pitch -10,,,,,,,,,,,,,,,,,,,
9625,,,,,,.limit 80,.Section 0;10;25,,,,,,,,,,,,,
9950,.pitch 0,,,,,,,,,,,,,,,,,,,
9975,.dikeend 0,.crack 0;1;1,,,,,,,,,,,,,,,,,,
10000,.crack 0;1;1,,,,,,,,,,,,,,,,,,,
10025,.crack 0;1;1,,,,,,,,,,,,,,,,,,,
10050,.crack 0;1;1,,,,,,,,.Announce Busan1\9.wav;,,,,,,,,,,,
10075,.dike 0;-1;0,,,,  .Brightness -30,,,,,,,,,,,,,,,
10100,,,,,  .Brightness 200,,,,,,,,,,,,,,,
.wallend 0,,,,,,,,,,,,,,,,,,,,
.wallend 1,,,,,,,,,,,,,,,,,,,,
.dikeend 0,,,,,,,,,,,,,,,,,,,,
,,,,,,,,,,,,,,,,,,,,
,.railtype 0;4 ,.rail 1;-5;0;4,,,,,,,,,,,,,,,,,,
.dike 0;-1;10,,,,,,,,,,,,,,,,,,,,
.wall 0;1;30,,,,.freeobj 1;255;,,,,,,,,,,,,,,,,
.wall 1;-1;30,,,,,,,,,,,,,,,,,,,,
.sta 토성;10.1620;10.1640;0;1;0;1;\Busan1\sta.wav;0;30;\Busan1\go.wav;,,,,,,,,,,,,,,,,,,,,
.form 0;r;2;1,.freeobj 0;91;-1;1.5;0,,,,,,,,,,,,,,,,,,,
.form 1;l;2;1,,,,,,,,,,,,,,,,,,,,
.freeobj 1;0;,,,,,,,,,,,,,,,,,,,,
.freeobj 1;15;0;0;0,,,,,,,,,,,,,,,,,,,,
.freeobj 0;18;0;0;0,,,,,,,,,,,,
,.freeobj 0;645;0;0;0,,.freeobj 1;647;0;0;0,,
,,,,,,,,,,,,,,,,,,,,
10123,,,.freeobj 0;614;7;1.1;180,.freeobj 1;614;-7;1.1;0
10128,,,.freeobj 0;614;7;1.1;180,.freeobj 1;614;-7;1.1;0
10125,,,,,,,,,,,,,,,,,,,,,.freeobj 0;607;7;1.7;90,.freeobj 1;607;-7;1.7;-90
.form 0;r;2;1,,,,.freeobj 1;21,,,,,,,,,,,,,,,,
.form 1;l;2;1,.freeobj 1;105;-0.4;0;0,,,,,,,,,,,,,,,,,,,
.freeobj 1;15;0.85;0;0,,,,,,,,,,,
.freeobj 0;18;-0.85;0;0,,,,,,,,,,,,,,,,,,,,
10125.2,,.freeobj 0;639;0;0;0,,.freeobj 1;648;0;0;0,,
10128,,,.freeobj 0;608;7.1;1;90,.freeobj 1;608;-7.1;1;-90
10135,.freeobj 0;144;5.25;0;0,.freeobj 1;144;-5.25;0;0,.freeobj 0;198;1.2;3.5;0,.freeobj 1;232;-1.2;3.5;0,,.freeobj 0;46;4;-0.6;0,.freeobj 1;46;-4;-0.6;0,,,,,,,,,,,,,
10145,,,,.freeobj 1;3,,,,,,,,,,,,,,,,
10150,,,,,,,,,,,,,,,,,,,,
.form 0;r;2;1,.freeobj 0;359;3;0;0,,,,,,,,,,,,,,,,,,,
.form 1;l;2;1,.freeobj 1;14;-3;0;0,,,,,,,,,,
.freeobj 1;15;0.85;0;0,,,,,,,,,,,,,,,,,,,,
.freeobj 0;18;-0.85;0;0,,.freeobj 0;105;0;0;0,,,,,,,,,,,,,,,,,,
10150.4,,,.freeobj 0;640;0;0;0,,.freeobj 1;649;0;0;0,,
10160,,,,,,,,,,,,,,,,,,,,
.freeobj 0;198;1.2;3.5;0,.freeobj 1;232;-1.2;3.5;0,.freeobj 1;145;-5.25;0;0,.freeobj 0;145;5.25;0;0,,,,,,,,,,,,,,,,,
10165,,,,.freeobj 1;2,,,,,,,,,,,,,,,,
10175,,,,,,,,,,,,,,,,,,,,
.form 0;r;2;1,,,,,,,,,,,,,,,,,,,,
.form 1;l;2;1,,,,,,,,,,,,
.freeobj 1;15;0;0;0,,,,,,,,,,,,,,,,,,,,
.freeobj 0;18;0;0;0,,,,,,,,,,,,,,,,,,,,

10175.6,,,.freeobj 0;641;0;0;0,,.freeobj 1;650;0;0;0,,
10171,,,.freeobj 0;614;7;1.1;180,.freeobj 1;614;-7;1.1;0
10176,,,.freeobj 0;614;7;1.1;180,.freeobj 1;614;-7;1.1;0
10181,,,.freeobj 0;619;4;-0.6;0,,,.freeobj 1;633;-4;-0.6;0
10182,,,.freeobj 0;611;7.2;1.1;90,,.freeobj 1;611;-7.2;1.1;-90
10184,,,.freeobj 0;614;7;1.1;180,
10189,,,.freeobj 0;614;7;1.1;180,
10185,,,,.freeobj 1;3,,,,,,,,,,,,,,,,
10190,,,,,,,,,,,,,,,,,,,,
.freeobj 1;105;-0.4;0;0,,.freeobj 1;88;-6.25;0;0,.freeobj 0;89;6.25;0;0,,,,,,,,,,,,,,,,,
10200,,,,,,,,,,,,,,,,,,,,
.form 0;r;2;1,,,,,,,,,,,,,,,,,,,,
.form 1;l;2;1,,,,,,,,,,,,,,,,,,,,
.freeobj 1;15;0;0;0,,,,,,,,,,,
.freeobj 0;18;0;0;0,,,,,,,,,,,,,,,,,,,,
.freeobj 0;359;3;0;0,,,,,,,,,,,,,,,,,,,,
.freeobj 1;14;-3;0;0,,,,,,,,,,,,,,,,,,,,
10200.8,,,.freeobj 0;642;0;0;0,,.freeobj 1;651;0;0;0,,
10201,,,.freeobj 0;612;7.2;2.4;90,.freeobj 1;612;-7.2;2.4;-90
10205,,,,.freeobj 1;2,,,,,,,,,,,,,,,,,.freeobj 0;610;7.2;1.8;90,.freeobj 1;610;-7.2;1.8;-90,,
10208,,,.freeobj 0;614;7;1.1;180,.freeobj 1;614;-7;1.1;0
10213,,,.freeobj 0;614;7;1.1;180,.freeobj 1;614;-7;1.1;0
10218,,,.freeobj 0;614;7;1.1;180,.freeobj 1;614;-7;1.1;0
10225,,,,.freeobj 1;3,,,,,,,,,,,,,,,,
.form 0;r;2;1,,,,,,,,,,,,,,,,,,,,
.form 1;l;2;1,.freeobj 0;105;0;0;0,.freeobj 0;198;1.2;3.5;0,,.freeobj 1;232;-1.2;3.5;0,,,.freeobj 0;46;4;-0.6;0,,.freeobj 1;46;-4;-0.6;0,,,,,,,,,,,
.freeobj 1;15;0.85;0;0,.freeobj 0;144;5.25;0;0,,,,,,,,,,
.freeobj 0;18;-0.85;0;0,.freeobj 1;144;-5.25;0;0,,,,,,,,,,,,,,,,,,,
10226,,,.freeobj 0;643;0;0;0,,.freeobj 1;652;0;0;0,,
10245,,,,.freeobj 1;2,,,,,,,,,,,,,,,,
10250,,,,,,,,,,,,,,,,,,,,
.form 0;r;2;1,,,,,,,,,,,,,,,,,,,,
.form 1;l;2;1,,,,,,,.freeobj 0;359;3;0;0,,.freeobj 1;14;-3;0;0,,,,
.freeobj 1;15;0.85;0;0,.freeobj 0;145;5.25;0;0,.freeobj 0;198;1.2;3.5;0,,.freeobj 1;232;-1.2;3.5;0,,,,,,,,,,,,,,,,
.freeobj 0;18;-0.85;0;0,.freeobj 1;145;-5.25;0;0,,,,,,,,,,,,,,,,,,,
10251.2,,,.freeobj 0;644;0;0;0,,.freeobj 1;653;0;0;0,,
10265,,,,.freeobj 1;4,,,,,,,,,,,,,,,,
10267,,,.freeobj 0;614;7;1.1;180,.freeobj 1;614;-7;1.1;0
10270,,,,,,,,,,,,,,,,,,,,
,.freeobj 1;105;-0.4;0;0,,,,,,,,,,,,,,,,,,,
10270,,.freeobj 0;607;7;1.7;90,.freeobj 1;607;-7;1.7;-90
10272,,.freeobj 0;608;7.1;1;90,.freeobj 1;608;-7.1;1;-90,,,.freeobj 0;619;4;-0.6;0,,,.freeobj 1;633;-4;-0.6;0,,,.freeobj 0;614;7;1.1;180,.freeobj 1;614;-7;1.1;0
10275,,,,,,,,,,,,,,,,,,,,
.form 0;r;2;1,,,,,,,,,,,,,,,,,,,,
.form 1;l;2;1,,,,,,,,,,,,,,,,,,,,
,,,,,,,,,,,,,,,,,,,,
,,,,,,,,,,,,,,,,,,,,
,,,,,,,,,,,,,,,,,,,,
,,,,,,,,,,,,,,,,,,,,
,,,,,,,,,,,,,,,,,,,,
,,,,,,,,,,,,,,,,,,,,
,.freeobj 0;106;2;0.2;0,,,,,,,,,,,,,,,,,,,
,.freeobj 0;90;-0.25;1.5;0,,,,,,,,,,,,,,,,,,,
.freeobj 0;0,,,,,,,,,,,,,,,,,,,,
.curve -400;20,,.railtype 0;20,.rail 1;-5;0;20,,,,,,,,,,,,,

.freeobj 0;25;3;1,,,,,,,,,,,,,,,,,,,,
.freeobj 0;26;4;1,,,,,,,,,,,,,,,,,,,,
.freeobj 1;26;-4;1,,,,,,,,,,,,,,,,,,,,
10276.4,,,.freeobj 0;645;0;0;0,,.freeobj 1;647;0;0;0,,.stop 0
10300,,,,,,,,,,,,,,,,,,,,
.freeobj 1;255;,,,,,,,.Announce Busan1\25-1.wav;,,,,,,,,,,,,,
.wallend 0,,,,,,,,,,,,,,,,,,,,
.wallend 1,,.curve -370;40,,.railtype 0;22,.rail 1;-5;0;22,,.limit 45,.Section 0;10;19,,,,,,,,,,,,
.wall 0;1;27,,,,,,,,,,,,,,,,,,,,
.wall 1;-1;27,,,,,,  .Brightness 200,,,,,,,,,,,,,,
,,,,,,,,,,,,,,,,,,,,
,,,,,,,,,,,,,,,,,,,,
.dikeend 0,,,,,,,,,,,,,,,,,,,,
.dike 0;-1;0,,,,,,,,,,,,,,,,,,,,
10325,,,,,,  .Brightness -30,,,,,,,,,,,,,,
10625,,.curve 0,.railtype 0;1,.rail 1;-5;0;1,,,,,,,,,,,,,,,,
10800,,.curve -300;40,.railtype 0;34,.rail 1;-5;0;34,,.pitch -28,,,,,,,,,,,,,,
11125,,.curve 0,.railtype 0;1,.rail 1;-5;0;1,,,,,,,,,,,,,,,,
11200,,.pitch 0,,,,,,,.Announce Busan1\10.wav;,,,,,,,,,,,
11250,,,,,,  .Brightness -30,,,,,,,,,,,,,,
11275,,,,,,,,,,,,,,,,,,,,
.wallend 0,,,,,,,,,,,,,,,,,,,,
.wallend 1,,,,,,  .Brightness 200,,,,,,,,,,,,,,
.dikeend 0,,,,,,,,,,,,,,,,,,,,
.railtype 0;4,,,,,,,,,,,,,,,,,,,,
.rail 1;-5;0;4,,.freeobj 1;254;,,,,,,,,,,,,,,,,,,
.dike 0;-1;11,,,,,,,.freeobj 0;364;2;0;0,,.freeobj 1;363;-2;0;0,,,,,,,,,,,
,,,,,,,,,,,,,,,,,,,,
,,,,,,,,,.rail 3;12;0;1,.rail 4;-17;0;1,,,,,,,,,,
.sta 자갈치;10.1835;10.1855;0;1;0;1;\Busan1\sta.wav;0;50;\Busan1\go.wav;,,,,,,,,,,,,,,,,,,,,
.freeobj 1;0;,.freeobj 0;91;-1;1.5;0,,,,,,,,,,,,,,,,,,,
.freeobj 1;15;0;0;0,,,,,,,,,,,,,,,,,,,,
.freeobj 0;18;0;0;0,,,,,,,,,,,,,,,,,,,,
.limit 65,,
.form 0;r;7;1,,.form 4;r;0;1,,,,,,,,,,,,,,,,,,
.form 1;l;7;1,,.form 3;l;0;1,,,,,,,,,,,,,,,,,,
.freeobj 1;15;0;0;0,,,,,,,,,,,,,,,,,,,,
.freeobj 0;18;0;0;0,,,,,,,,,,,,,,,,,,,,
11276,.freeobj 1;537;-3.5;0;0,.freeobj 0;507;-0.5,.freeobj 0;520;-0.5,,.freeobj 1;520;-4.5;0;0,,,,,,,,,,,,
11298,,,,.freeobj 0;614;9;1.1;180,.freeobj 1;614;-9;1.1;0
11300,,,,,,,,,,,,,,,,,,,,.freeobj 0;607;9;1.7;90,.freeobj 1;607;-9;1.7;-90
.form 0;r;7;1,,.form 4;r;0;1,,,,,,,,,,,,,,,,,,
.form 1;l;7;1,,.form 3;l;0;1,,,,,.freeobj 0;364;2;0;0,,.freeobj 1;363;-2;0;0,,,,,,,,,,,
.freeobj 1;15;0.85;0;0,.freeobj 1;105;-0.4;0;0,,,,,,,,,,,,
.freeobj 0;18;-0.85;0;0,,,,,,,,,,,,,,,,,,,,
11301,.freeobj 0;506;-0.5,.freeobj 1;536;-3.5;0;0
11303,,.freeobj 0;608;9;1;90,.freeobj 1;608;-9;1;-90,,,.freeobj 0;614;9;1.1;180,.freeobj 1;614;-9;1.1;0
11310,,,,,,,,,,,,,,,,,,,,
.freeobj 0;197;3.2;3.5;0,.freeobj 1;231;-3.2;3.5;0,.freeobj 0;142;7.25;0;0,.freeobj 1;142;-7.25;0;0,,.freeobj 0;46;6;-0.6;0,.freeobj 1;46;-6;-0.6;0,,,,,,,,,,,,,,
11325,,,,,,,,,,,,,,,,,,,,
.form 0;r;7;1,,.form 4;r;0;1,,,,,.freeobj 0;364;2;0;0,,.freeobj 1;363;-2;0;0,,,,,,,,,,,
.form 1;l;7;1,,.form 3;l;0;1,,,,,,,,,,,,,,,,,,
.freeobj 1;15;0.85;0;0,.freeobj 0;105;0;0;0,.freeobj 0;359;3;0;0,,,,,,,,,,
.freeobj 0;18;-0.85;0;0,,.freeobj 1;14;-3;0;0,,,,,,,,,,,,,,,,,,
11326,.freeobj 0;505;-0.5,.freeobj 1;535;-3.5;0;0
11335,,,,,,,,,,,,,,,,,,,,
.freeobj 0;197;3.2;3.5;0,.freeobj 1;231;-3.2;3.5;0,.freeobj 1;143;-7.25;0;0,.freeobj 0;143;7.25;0;0,,,,,,,,,,,,,,,,,
11350,,,,,,,,,,,,,,,,,,,,
.form 0;r;7;1,,.form 4;r;0;1,,,,,,,,,,,,,,,,,,
.form 1;l;7;1,,.form 3;l;0;1,,,,,.freeobj 0;364;2;0;0,,.freeobj 1;363;-2;0;0,,,,,,,,,,,
.freeobj 1;15;0;0;0,,,,,,,,,,,,,
.freeobj 0;18;0;0;0,,,,,,,,,,,,,,,,,,,,
11351,.freeobj 0;504;-0.5,.freeobj 1;534;-3.5;0;0
11355,,,,,,,,,,,,,,,,,,,,
.freeobj 1;105;-0.4;0;0,,.freeobj 1;88;-8.25;0;0,.freeobj 0;89;8.25;0;0,,,,,,,,,,,,,,,,,
11356,,,.freeobj 0;620;4;-0.6;0,,,.freeobj 1;633;-4;-0.6;0
11357,,,.freeobj 0;611;9;1.1;90,,
11359,,,.freeobj 1;611;-9;1.1;-90
11366,,,.freeobj 0;614;9;1.1;180,.freeobj 1;614;-9;1.1;0
11371,,,.freeobj 0;614;9;1.1;180,.freeobj 1;614;-9;1.1;0
11375,,,,,,,,,,,,,,,,,,,,
.form 0;r;7;1,,.form 4;r;0;1,,,,,,,,,,,,,,,,,,
.form 1;l;7;1,,.form 3;l;0;1,,,,,,,,,,,,,,,,,,
.freeobj 1;15;0;0;0,,,,,,,,.freeobj 0;364;2;0;0,,.freeobj 1;363;-2;0;0,,,,,,,,,,
.freeobj 0;18;0;0;0,,,,,,,,,,,,,,,,,,,,
.freeobj 0;359;3;0;0,,,,,,,,,,,,,
.freeobj 1;14;-3;0;0,,,,,,,,,,,,,,,,,,,,
11376,.freeobj 0;503;-0.5,.freeobj 1;533;-3.5;0;0,,,.freeobj 0;612;9.2;2.4;90,.freeobj 1;612;-9.2;2.4;-90,,,.freeobj 0;614;9;1.1;180,.freeobj 1;614;-9;1.1;0
11380,,,.freeobj 0;610;9.2;1.8;90,.freeobj 1;610;-9.2;1.8;-90,,
11383,,,.freeobj 0;614;9;1.1;180,.freeobj 1;614;-9;1.1;0
11388,,,.freeobj 0;614;9;1.1;180,.freeobj 1;614;-9;1.1;0
11393,,,,.freeobj 0;609;9.2;1.2;90,,.freeobj 1;609;-9.2;1.2;-90,,,.freeobj 0;614;9;1.1;180,.freeobj 1;614;-9;1.1;0
11400,,,,,,,,,,,,,,,,,,,,
.form 0;r;7;1,.freeobj 0;46;6;-0.6;0,.freeobj 0;142;7.25;0;0,.freeobj 1;46;-6;-0.6;0,,.form 4;r;0;1,.form 3;l;0;1,,,,,,,,,,,,,,
.form 1;l;7;1,.freeobj 0;105;0;0;0,.freeobj 1;142;-7.25;0;0,,,,,,.freeobj 0;364;2;0;0,,.freeobj 1;363;-2;0;0,,,,,,,,,,
.freeobj 1;15;0.85;0;0,,.freeobj 0;197;3.2;3.5;0,,.freeobj 1;231;-3.2;3.5;0,,,,,,,,,,,,,,,,
.freeobj 0;18;-0.85;0;0,,,,,,,,,,,,
11401,.freeobj 0;502;-0.5,.freeobj 1;532;-3.5;0;0
11425,,,,,,,,,,,,,,,,,,,,
.form 0;r;7;1,,,.form 4;r;0;1,,,,,.freeobj 0;364;2;0;0,,.freeobj 1;363;-2;0;0,,,,,,,,,,
.form 1;l;7;1,,,.form 3;l;0;1,,,,,,,,,,
.freeobj 1;15;0.85;0;0,.freeobj 0;143;7.25;0;0,,.freeobj 0;197;3.2;3.5;0,,.freeobj 1;231;-3.2;3.5;0,,,.freeobj 0;359;3;0;0,,.freeobj 1;14;-3;0;0,,,,,,,,,,
.freeobj 0;18;-0.85;0;0,.freeobj 1;143;-7.25;0;0,,,,,,,,,,,,,,,,,,,
11426,.freeobj 0;501;-0.5,.freeobj 1;531;-3.5;0;0,
11440,.freeobj 0;396;6.2;0;90,.freeobj 1;396;-6.2;0;-90
11445,,,,,,,,,,,,,,,,,,,,,.freeobj 0;607;9;1.7;90,.freeobj 1;607;-9;1.7;-90
.freeobj 1;105;-0.4;0;0,,,,,,,,,,,,,,,,,,,,
11447,,,.freeobj 0;608;9;1;90,.freeobj 1;608;-9;1;-90,,,.freeobj 0;620;4;-0.6;0,,,.freeobj 1;633;-4;-0.6;0
11450,,,,,,,,,,,,,,,,,,,,
.form 0;r;7;1,,,.form 4;r;0;1,,,,,,,,,,,,,,,,,
.form 1;l;7;1,,,.form 3;l;0;1,,,,,.freeobj 0;364;2;0;0,,.freeobj 1;363;-2;0;0,,,,,,,,,,
,,,,,,,,,,,,,,,,,,,,
,,,,,,,,,,,,,,,,,,,,
,,,,,,,,,,,,,,,,,,,,
,,,,,,,,,,,,,,,,,,,,
,,,,,,,,,,,,,,,,,,,,
,,,,,,,,,,,,,,,,,,,,
,,,,,,,,,,,,,,,,,,,,
.stop 0,.freeobj 0;90;-0.25;1.5;0,,,,,,,,,,,,,,,,,,,
.freeobj 0;0,.freeobj 0;106;2;0.2;0,,,,,,,,,,,,,,,,,,,
.freeobj 0;25;3;1,,,,,,,,,,,,,,,,,,,,
.freeobj 0;26;4;1,,,,,,,,,,,,,,,,,,,,
.freeobj 1;26;-4;1,,,,,,,,,,,,,,,,,,,,
11451,.freeobj 0;508;-0.5,
,,,,,,,,,,,,,,,,,,,,
11461,,.freeobj 0;508;-0.5,.freeobj 1;508;0.5;0;180
11471,,.freeobj 0;521;-0.5,.freeobj 0;508;0.5,.freeobj 1;508;0.5;0;180,.freeobj 1;521;-4.5;0;0,.freeobj 1;538;-4.5;0
11475,,,,,,,,,,,,,,,,,,,,
.freeobj 1;254;,,,,,,,,,,,,,,,,,,,,
.wallend 0,,,,,,,,,,,,,,,,,,,,
.wallend 1,,,,.Section 0;10;23,,,,,,,,,,,,,,,,
.wall 0;1;27,,,,,,,.railend 3,.railend 4,,,,,,,,,,,,
.wall 1;-1;27,,,,,,,,,,,,,,,,,,,,
.railtype 0;1,,,,,,,,,,,,,,,,,,,,
.rail 1;-5;0;1,,,,,,,,,,,,,,,,,,,,
.dikeend 0,,,,,,  .Brightness 200,,,,,,,,,,,,,,
.dike 0;-1;0,,,,,,,,,,,,,,,,,,,,
11500,,,,,,  .Brightness -30,,,,,,,,,,,,,,
11595,,,,,,,,,,,,,,,,,,,,
.curve 400;30,,.railtype 0;27,.rail 1;-5;0;27,,,,
11900,,,,,,,,,,,,,,,,,,,,
.curve 0,,.railtype 0;1,.rail 1;-5;0;1,,,,,,,,,,,,,,,,,
11975,,,,,,,,,,,,,,,,,,,,
.curve -300;40,,.railtype 0;22,.rail 1;-5;0;22,,,,,,,,,,,,,,,,,
12000,,,,,,  .Brightness -30,,,,,,,,,,,,,,.Announce Busan1\11 down.wav;,,,,,,,,,,,,,,,,,,,
12075,,,,,,,,,,,,,,,,,,,,
.wallend 0,,,,,,,,,,,,,,,,,,,,
.wallend 1,,,,,,,,,,,,,,,,,,,,
.dikeend 0,,,,,,  .Brightness 200,,,,,,,,,,,,,,
.railtype 0;20,,,,,,,,,,,,,,,,,,,,
.rail 1;-5;0;20,,,,,,,,,,.rail 3;12;0;20,.rail 4;-17;0;20,.form 3;l;0;0,.form 4;r;0;0,,,,,,,
.dike 0;-1;10,,,,,,,,,,,,,,,,,,,,
,,,.freeobj 1;264;,,,,,,,.freeobj 1;323;-2;0;0,,,,,,,,,,
,,,,,,,,,,.freeobj 0;324;2;0;0,,,,,,,,,,
.sta 남포;10.2010;10.2040;0;1;0;1;\Busan1\sta.wav;0;50;\Busan1\go.wav;,,,,,,,,,,,,,,,,,,,,
.form 0;r;8;0,.freeobj 0;91;-1;1.5;0,,,,,,,,,,,,,,,,,,,
.form 1;l;8;0,,,,,,,,,,,,,,,,,,,,
.freeobj 1;0;,,,,,,,,,,,,,,,,,,,,
.freeobj 1;15;0;0;0,,,,,,,,,,,,,,,
.freeobj 0;18;0;0;0,,,,,,,,,,,,,,,,,,,,
,.freeobj 1;537;-3.5;0;0,.freeobj 0;507;-0.5,.freeobj 0;520;-0.5,,.freeobj 1;520;-4.5;0;0,,,,,,,,,,,,
12098,,,.freeobj 0;614;9;1.1;180,.freeobj 1;614;-9;1.1;0
12100,,,,,,,,,,,,,,,,,,,,,
.form 0;r;8;0,,,,,,,,,.freeobj 0;324;2;0;0,.freeobj 1;323;-2;0;0,,.form 3;l;0;0,.form 4;r;0;0,,,,,,,
.form 1;l;8;0,.freeobj 1;105;-0.4;0;0,,,,,,,,,,,,,,,,,,,
.freeobj 1;15;0.85;0;0,,,,,,,,,,,,,,,,,.freeobj 0;506;-0.5,.freeobj 1;536;-3.5;0;0
.freeobj 0;18;-0.85;0;0,,,,,,,,,,,,,,,,,,,,
,,,.freeobj 0;608;8.9;1;90,.freeobj 1;608;-8.9;1;-90
12103,,,.freeobj 0;614;9;1.1;180,.freeobj 1;614;-9;1.1;0
12104,,.freeobj 0;607;9;1.7;90,.freeobj 1;607;-9;1.7;-90
12110,,,,,,,,,,,,,,,,,,,,
.freeobj 0;140;7.25;0;0,.freeobj 1;140;-7.25;0;0,.freeobj 0;196;3.2;3.5;0,.freeobj 1;230;-3.2;3.5;0,,.freeobj 0;46;6;-0.6;0,.freeobj 1;46;-6;-0.6;0,,,,,,,,,,,,,,
12125,,,,,,,,,,,,,,,,,,,,
.freeobj 0;324;2;0;0,.freeobj 1;323;-2;0;0,,.form 3;l;0;0,.form 4;r;0;0,,,,,,,,,,,,,,,,
.form 0;r;8;0,,,,,,,,,,,,,,,,,,,,
.form 1;l;8;0,.freeobj 0;359;3;0;0,.freeobj 1;14;-3;0;0,,,,,,,,,,,,,
.freeobj 1;15;0.85;0;0,.freeobj 0;105;0;0;0,,,,,,,,,,,,,,,,,,,.freeobj 0;505;-0.5,.freeobj 1;535;-3.5;0;0
.freeobj 0;18;-0.85;0;0,,,,,,,,,,,,,,,,,,,,
12135,,,,,,,,,,,,,,,,,,,,
.freeobj 0;196;3.2;3.5;0,.freeobj 1;230;-3.2;3.5;0,.freeobj 0;141;7.25;0;0,.freeobj 1;141;-7.25;0;0,,,,,,,,,,,,,,,,,
12150,,,,,,,,,,,,,,,,,,,,.freeobj 0;504;-0.5,.freeobj 1;534;-3.5;0;0
.freeobj 1;88;-8.25;0;0,.freeobj 0;89;8.25;0;0,,.freeobj 0;326;2;0;0,.freeobj 1;323;-2;0;0,,.form 3;l;0;0,.form 4;r;0;0,,,,,,,,,,,,,
.form 0;r;8;0,,,,,,,,,,,,,,,,,,,,
.form 1;l;8;0,,,,,,,,,,,,,,,,,,,,
.freeobj 1;15;0;0;0,,,,,,,.freeobj 0;360;8.25;0;0,,,,,,,
.freeobj 0;18;0;0;0,,,,,,,,,,,,,,,,,,,,
12156,,,.freeobj 0;620;4;-0.6;0,,,.freeobj 1;634;-4;-0.6;0
12157,,,.freeobj 1;611;-9;1.1;-90,,.freeobj 0;611;6;1.1;90
12160,,,,,,,.freeobj 0;360;8.25;0;0,,,,,,,,,,,,,
12165,,,,,,,,,,,,,,,,,,,,
.freeobj 1;105;-0.4;0;0,,,,,,,,,,,,,,,,,,,
12170,,,,,,,.freeobj 0;360;8.25;0;-1.5,,,,,,,,,,,,,
12175,,,,,,,,,,,,,,,,,,,,.freeobj 0;503;-0.5,.freeobj 1;533;-3.5;0;0
.form 0;r;8;0,,,,,,,,,.freeobj 0;324;2;0;0,.freeobj 1;323;-2;0;0,,.form 3;l;0;0,.form 4;r;0;0,,,,,,,
.form 1;l;8;0,,,,,,,,,,,,,,,,,,,,
.freeobj 1;15;0;0;0,,,,,,,,,,,,,,,
.freeobj 0;18;0;0;0,,,,,,,,,,,,,,,,,,,,
.freeobj 0;359;3;0;0,,,,,,,,,,,,,,,,,,,,
.freeobj 1;14;-3;0;0,,,,,,,,,,,,,,,,,,,,
12176,,
12180,,,,,,,.freeobj 0;360;8.25;0;0,,,,,,,,,,,,,
12200,,,,,,,,,,,,,,,,,,,,.freeobj 0;502;-0.5,.freeobj 1;532;-3.5;0;0
.form 0;r;8;0,.freeobj 0;196;3.2;3.5;0,,.freeobj 1;230;-3.2;3.5;0,,,.freeobj 1;46;-6;-0.6;0,,.freeobj 0;46;6;-0.6;0,,,,,,,,,,,,
.form 1;l;8;0,.freeobj 0;140;7.25;0;0,.freeobj 1;140;-7.25;0;0,,,,,,,.freeobj 0;324;2;0;0,.freeobj 1;323;-2;0;0,,.form 3;l;0;0,.form 4;r;0;0,,,,,,,
.freeobj 1;15;0.85;0;0,.freeobj 0;105;0;0;0,,,,,,,,,,,,,,
.freeobj 0;18;-0.85;0;0,,,,,,,,,,,,,,,,,,,,
12209.5,.freeobj 0;396;6.2;0;90,.freeobj 1;396;-6.2;0;-90
12225,,,,,,,,,,,,,,,,,,,,.freeobj 0;501;-0.5,.freeobj 1;531;-3.5;0;0
.form 0;r;8;0,.freeobj 0;141;7.25;0;0,.freeobj 1;141;-7.25;0;0,,,,,,,,,,,,,,,,,,,.freeobj 0;612;9;2.4;90,.freeobj 1;612;-9.1;2.4;-90
.form 1;l;8;0,,,,,,,.freeobj 0;359;3;0;0,,,,,,,,
.freeobj 1;15;0.85;0;0,,.freeobj 0;196;3.2;3.5;0,,.freeobj 1;230;-3.2;3.5;0,,,,,.freeobj 0;324;2;0;0,.freeobj 1;323;-2;0;0,,.form 3;l;0;0,.form 4;r;0;0,,,,,,,
.freeobj 0;18;-0.85;0;0,,,,,,,,,,,,,,,,,,,,
12241,,,,.freeobj 0;609;9.2;1.2;90,,.freeobj 1;609;-9.2;1.2;-90
12242,,,.freeobj 0;614;9;1.1;180,.freeobj 1;614;-9;1.1;0
12245,,,,,,,,,,,,,,,,,,,,.freeobj 0;607;9;1.7;90,.freeobj 1;607;-9;1.7;-90
.freeobj 1;105;-0.4;0;0,,,,,,,,,,,,,,,,,,,,
12247,,.freeobj 0;608;8.97;1;90,.freeobj 1;608;-8.97;1;-90,,,.freeobj 0;620;4;-0.6;0,,,.freeobj 1;634;-4;-0.6;0
12250,,,,,,,,,,,,,,,,,,,,.freeobj 0;508;-0.5,,,.freeobj 0;614;9;1.1;180,.freeobj 1;614;-9;1.1;0
.form 0;r;8;0,,,,,,,,,,,,,,,,,,,,
.form 1;l;8;0,,,,,,,,,.freeobj 0;324;2;0;0,.freeobj 1;323;-2;0;0,,.form 3;l;0;0,.form 4;r;0;0,,,,,,,
,,,,,,,,,,,,,,,,,,,,
,,,,,,,,,,,,,,,,,,,,
.stop 0,.freeobj 0;90;-0.25;1.5;0,,,,,,,,.freeobj 0;324;2;0;0,.freeobj 1;323;-2;0;0,,,,,,,,,,
.freeobj 0;0,.freeobj 0;106;2;0.2;0,,,,,,,,,,,,,,,,,,,

.freeobj 0;30;3;1,,,,,,,,,,,,,,,,,,,,
.freeobj 0;26;4;1,,,,,,,,,,,,,,,,,,,,
.freeobj 1;26;-4;1,,,,,,,,,,,,,,,,,,,,
12260,,.freeobj 0;508;-0.5,.freeobj 1;508;0.5;0;180
12270,,.freeobj 0;521;-0.5,.freeobj 0;508;0.5,.freeobj 1;508;0.5;0;180,.freeobj 1;521;-4.5;0;0,.freeobj 1;538;-4.5;0
12275,,,,,,,,,,,,,,,,,,,,
,,,,,,,,,,,,.railend 3,.railend 4,,,,,,,
.freeobj 1;264;,,,,,,,,,,,,,,,,,,,,
.wallend 0,,,,,,  .Brightness 200,,,,,,,,,,,,,,
.wallend 1,,,,.Section 0;10;21,.limit 55,,,
.wall 0;1;27,,,,,,,,,,,,,,,,,,,,
.wall 1;-1;27,,,,,,,,,,,,,,,,,,,,
.railtype 0;34,,,.curve -240;40,,,,,,,,,,,,,,,,,
.rail 1;-5;0;34,,,,,,,,,,,,,,,,,,,,
.dikeend 0,,,,,,,,,,,,,,,,,,,,
.dike 0;-1;0,,,,,,,,,,,,,,,,,,,,
12290,,,,,.Announce Busan1\11-1.wav;,,,,,,,,,,,,
12300,,,,,,  .Brightness -30,,,,,,,,,,,,,,
12625,,,,,,,,,,,,,,,,,,,,
.curve 0,.railtype 0;1,.rail 1;-5;0;1,,,,,,,,,,,,,,,,,,
12785,,,,,,,,,,,,,,,,,,,,
.limit 80,.Section 0;10;25,,,,,,,,,,,,,,,,,,,
13000,,,.wall 0;1;0,.wall 1;-1;0,,.railtype 0;32,,.rail 1;-5;0;32,,,,,,,,,,,,
13075,,,,,,,,,,,,,,,,,,,,
13100,,,.dikeend 0,,,.crack 0;1;1,,,,,,,,,,,,,,
.rail 2;0;0;12,.rail 3;-5;0;11,,,,,,,,,,,,.freeobj 0;107;3.6;1.25;0,,,,,,,
13125,,,,,,.crack 0;1;1,,,,,,,,,,,,,,
.rail 2;-2.5;0;11,.rail 3;-2.5;0;12,,,,,,,,,,,,,,,,,,,
13150,,,,,,.crack 0;1;1,,,,,,,,,,,,,,
.rail 2;-5;0;12,.rail 3;0;0;11,,.railend 2,.railend 3,,.dike 0;-1;0,,.wall 0;1;27,.wall 1;-1;27,,.railtype 0;1,.rail 1;-5;0;1,,,,,,,,
,,,,,,,,,,,,,,,,,,,,
13225,,,,,,,,,,,,,,,,,,,,
.curve 700,,,.railtype 0;28,,,,,.rail 1;-6;0;1,.crack 0;1;1,,,,,,,,,,,
,,,,,,,,,,,,,,,,,,,,
13250,,,,,,,,.rail 1;-8;0;1,.crack 0;1;1,,,,,,,,,,,.Announce Busan1\12.wav;,,,,,,,,,,,,
,,,,,,,,,,,,,,,,,,,,
13275,.curve -700,,.railtype 0;29,,  .Brightness -30,,,.rail 1;-10;0;1,.crack 0;1;1,.wall 0;0;27,.wall 1;0;27,.dikeend 0,,.freeobj 1;271;9.9;2.5;-5;,,.freeobj 1;271;9.9;-1;0;,,,,
13295,,,,.freeobj 0;312;-5.25;0;0,,.freeobj 1;312;5.25;0;0,,,,,,,,,,,,,,
13300,.wallend 0,,.railtype 0;24,,.dikeend 0,  .Brightness 200,,.rail 1;-12;0;3,.crack 0;1;1,,,,,,,,,,,
,.wallend 1,,,,,,,,,,,,,,,,,,,
,.wall 0;1;26,,,,,,,,,,,,,,,,,,,
,.wall 1;-1;26,,.freeobj 0;315;-10.5;0;0;,,,.freeobj 1;314;10.9;0;0;,,,,,,,,,,,,,,
,,,,,,,,,,,,,,,,,,,,
,,,,,,,,,,,,,,,,,,,,
,.sta 중앙;10.2225;10.2245;0;-1;0;1;\Busan1\sta.wav;0;30;\Busan1\go.wav;,,,,,,,,,,,,,,,,,,,
,.form 0;1;2;1,,,,,,,,,,,,,,,,,,,
,.freeobj 1;0;,.freeobj 0;90;13.5;1.5;0,,,,,,,,,,,,,,,,,,
,,,,,,,,,,,,,,,,,,,,
,,,,,,,,,,,,,,,,,,,,
,.freeobj 0;23;-1.7;1,,,,,,,,,,,,,,,,,,,
,.freeobj 1;23;1.7;1,,,,,,,,,,,,,,,,,,,
13305,,,,.freeobj 0;312;-5.25;0;0,,.freeobj 1;312;5.25;0;0,,,,,,,,,,,,,,.freeobj 1;608;9.2;1;-90
13307,,,,.freeobj 0;612;-4.3;2.4;-90
13321,,,,.freeobj 0;312;-5.25;0;180,,.freeobj 1;312;5.25;0;180,,,,,,,,,,,,,,
13325,.form 0;1;2;1,.curve 0,.railtype 0;3,.freeobj 0;24;-1.7;1,,,,,.rail 1;-13;0;3,,.freeobj 0;356;-1.7;1,,,.freeobj 1;356;1.7;1,,,,,,
,.freeobj 1;15;12;0;0,.freeobj 0;15;0;0;0,,.freeobj 1;24;1.7;1,,,,,,,,,,,,,,,,,
13330,,,.freeobj 0;621;-3.5;-0.6;0,,
13334,,,.freeobj 0;317;-6.25;3.1;0,,,,,,,,,,,,,,,,,
13341,,,.freeobj 0;317;-6.25;3.1;0,,,,,,,,,,,,,,,,,
13345.5,,.freeobj 1;607;7.6;1.7;-90,.freeobj 1;611;6.5;1.1;-90
13348,,,.freeobj 0;317;-6.25;3.1;0,,,,,,,,,,,,,,,,,,,
13350,.form 0;1;2;1,.freeobj 1;15;12;0;0,.freeobj 0;15;0;0;0,,,,,,,,,.freeobj 0;355;-1.7;1,,,.freeobj 1;355;1.7;1,,,,,
13355,,,.freeobj 0;317;-6.25;3.1;0,,,.freeobj 0;359;-3;0;0,,.freeobj 1;14;3;0;0,,,.freeobj 1;229;-0.2;3;0,,.freeobj 0;195;0.2;3;0,,,,,,,
13362,,,.freeobj 0;317;-6.25;3.1;0,,,,,,,,,,,,,,,,,
,,,,,,,,,,,,,,,,,,,,
13371,,.freeobj 0;313;-6.25;0;0,,,.freeobj 0;46;-6;-0.6;0,,,,,,,,,,,,,,,
13375,.form 0;1;2;1,.freeobj 1;15;12;0;0,.freeobj 0;15;0;0;0,,,,,,.freeobj 0;95;2.2;0;0,,,.freeobj 0;354;-1.7;1,,,.freeobj 1;354;1.7;1,,,,,
13376,,.freeobj 1;608;8.8;1;-90
13378,,,,.freeobj 0;612;-4.3;2.4;-90
13381,,.freeobj 0;312;-6.25;0;0,,,,,,,,,,,,,,,,,,
13397,,.freeobj 0;313;-6.25;0;180,,,,,,,,,,,,,,,,,,
13400,.form 0;1;2;1,.freeobj 0;15;0;0;0,,,,,,,,,,.freeobj 0;353;-1.7;1,,,.freeobj 1;353;1.7;1,,,,,
13408,.freeobj 0;396;-5.7;0;180
13411,,,.freeobj 0;316;-6.25;3.1;0,,,,,,,,,,,,,,,,,
13418,,,.freeobj 0;316;-6.25;3.1;0,,,,,,,,,,,,,,,,,
13425,.freeobj 0;15;0;0;0,.freeobj 1;15;12;0;0,.freeobj 0;316;-6.25;3.1;0,,,.form 0;1;2;1,.freeobj 0;359;-3;0;0,,.freeobj 1;14;3;0;0,,.freeobj 1;229;-0.2;3;0,,.freeobj 0;195;0.2;3;0,,.freeobj 0;352;-1.7;1,,,.freeobj 1;352;1.7;1,,
13432,,,.freeobj 0;316;-6.25;3.1;0,,,,,,,,,,,,,,,,,
13437.5,,,,,,,,,,,,,,,,,,,,,.freeobj 1;607;7.6;1.7;-90
13440,,,.freeobj 0;316;-6.25;3.1;0,,,,,,,,,,,,,,,,,
13447,,,.freeobj 0;316;-6.25;3.1;0,,,,,,,,,,,,,,,,,
13450,.form 0;1;2;1,.freeobj 0;15;0;0;0,,,,,,,.freeobj 0;95;2.2;0;0,,,,,,.freeobj 0;351;-1.7;1,,,.freeobj 1;351;1.7;1,,
13454,,,.freeobj 0;316;-6.25;3.1;0,,,,,,,,,,,,,,,,,
,,,.freeobj 0;316;-6.25;3.1;0,,,,,,,,,,,,,,,,,
13461,,,,,,,,,,,,,,,,,,,,
13465,,.freeobj 0;313;-6.25;0;0,,,.freeobj 0;46;-6;-0.6;0,,,,,,,,,,,,,,,
13470,,,.freeobj 1;608;8.8;1;-90
13472,,,,.freeobj 0;612;-4.3;2.4;-90
13475,.freeobj 1;15;12;0;0,.freeobj 0;312;-6.25;0;0,,.freeobj 0;15;0;0;0,.form 0;1;2;1,,,,.freeobj 1;229;-0.2;3;0,,.freeobj 0;195;0.2;3;0,,,.freeobj 0;350;-1.7;1,,,.freeobj 1;350;1.7;1,,,
13491,,.freeobj 0;313;-6.25;0;180,,,,,,,,,,,,,,,,,,
,,,,,,,,,,,,,,,,,,,,
13449,,,,.freeobj 0;620;-3.5;-0.6;0,,
13500,,,,,,,,,,,,,,,,,,,,
.form 0;1;2;1,,,,,,,,,,,,,,,,,,,,
.freeobj 0;359;-3;0;0,.freeobj 1;14;3;0;0,,,,,,,,,,,,,,,,,,,
,,,,,,,,,,,,,,,,,,,,
,,,,,,,,,,,,,,,,,,,,
,,,,,,,,,,,,,,,,,,,,
.form 0;1;2;1,.freeobj 0;106;-2;0.2;0,,,,,,,,,,,,,,,,,,,
.stop 0,.freeobj 0;91;4;1.5;0,,,,,,,,,,,,,,,,,,,
.freeobj 0;0,.freeobj 1;99;-2.2;0;0,.freeobj 0;93;2.2;0;0,,,,,,,,,,,,,,,,,,
.freeobj 0;23;-1.7;1,,,,,,,,,,,,,,,,,,,,
.freeobj 1;23;1.7;1,,,,,,,,,,,,,,,,,,,,
.freeobj 0;29;-3;1,,,,,,,,,,,,,,,,,,,,
13501.5,,,.freeobj 1;607;7.6;1.7;-90
13504,,,.freeobj 0;317;-6.25;3.1;0,,,,,,,,,,,,,,,,,
,,,,,,,,,,,,,,,,,,,,
,,,,,,,,,,,,,,,,,,,,
13511,,,.freeobj 0;317;-6.25;3.1;0,,,,,,,,,,,,,,,,,
13518,,,.freeobj 0;317;-6.25;3.1;0,,,,,,,,,,,,,,,,,
,,,,,,,,,,,,,,,,,,,,
,,,,,,,,,,,,,,,,,,,,
13525,,,,,,,,,,,,,,,,,,,,
.freeobj 0;315;-9.9;0;0;,,.crack 0;1;1,,,,,,,,,,,,,,,,,,
.freeobj 1;314;9.9;0;0;,,,,,,,,,,,,,,,,,,,,
.wallend 0,.railtype 0;1 ,,,,,  .Brightness 200,,,,,,,,,,,,,,
.wallend 1,.rail 1;-13;0;1,,,.Announce Busan1\13-1.wav;,,,,,,,,,,,,,,,,
.wall 0;0;32,,,,,,,,,,,,,,,,,,,,
.wall 1;0;32,,,,,,,,,,,,,,,,,,,,
13550,,,,,,  .Brightness -30,,,,,,,,,,,,,,
13600,,,,,,,,,,,,,,,,,,,,
.curve 700;30,,.railtype 0;28,,,,,,,,,,,,,,,,,,
13750,,,,,,,,,,,,,,,,,,,,
.curve 0,,.railtype 0;1,,,,,,,,,,,,,,,,,,
,,,,,,,,,,,,,,,,,,,,
14050,,,,,,,.rail 1;-12;0;1,,,,,,,,,,,,,
14075,,,,,,,,,,,,,,,,,,,,
.curve -700;20,,.railtype 0;29,,.wall 0;0;27,.wall 1;0;27,,.rail 1;-11;0;1,,,,,,,,,,,,,
14100,,,,.wall 0;1;27,.wall 1;-1;27,,.rail 1;-9.5;0;1,,.dike 0;-1;0,,.freeobj 1;271;9.9;2;0;,,.freeobj 1;271;9.9;-1.5;0;,,,,,,,
14125,,,,,,,.rail 1;-7;0;1,,,,,,,,,,,,,
.curve 700;20,,.railtype 0;28,,,,,,,,,,,,,,,,,,
14150,,,,,,,.rail 1;-5.5;0;1,,,,,,,,,,,,,
14175,,,,,,,,,,,,,,,,,,,,
.curve 0,,.railtype 0;1,,,,,.rail 1;-5;0;1,,,,,,,,,,,,,
14250,,.curve 2000;30,,,,,,,,,,,,,,,,,,
,,,,,,,,,,,,,,,,,,,,
14375,,.curve 0,,,,,,,,,,,,,,,,,,
,,,,,,,,,,,,,,,,,,,,
14500,,,,.Announce Busan1\13-2.wav;,,,  .Brightness -30,,,,,,,,,,,,,
14525,,,,,,,  .Brightness 200,,,,,,,,,,,,,
.wallend 0,,,,,,,,,,,,,,,,,,,,
.wallend 1,,,,,,,,,,,,,,,,,,,,
,,,,,,,,,,,,,,,,,,,,
,,,,,,,,,,,,,,,,,,,,
.railtype 0;3 ,,,.freeobj 1;244;,,,,,.rail 3;12;0;1,,.rail 4;-17;0;1,,,,,,,,,,
.rail 1;-5;0;3,,,,,,,,,,,,,,,,,,,,
.dike 0;-1;11,,,,,,,,,,,,,,,,,,,,
.sta 부산역;10.2415;10.2445;0;1;0;1;\Busan1\sta.wav;0;50;\Busan1\go.wav;,,,,,,,,,,,,,,,,,,,,
.form 0;r;6;2,,,.form 4;r;6;2,,,,,,,,,,,,,,,,,
.form 1;l;6;2,,,.form 3;l;6;2,,,,,,,,,,,,,,,,,
,,,,,,,,.freeobj 0;362;2;0;0,.freeobj 1;361;-2;0;0,,,,,,,,,,,
.freeobj 1;16;0;0;0,,,,,,,,,,,,.freeobj 0;356;1.7;1,,.freeobj 1;356;-1.7;1,,,,,,
.freeobj 0;19;0;0;0,,,,,,,,,,,,,,,,,,,,
.freeobj 0;24;1.7;1,,,,,,,,,,,,,,,,,,,,
.freeobj 1;24;-1.7;1,,,,,,,,,,,,,,,,,,,,
14548,,,.freeobj 0;614;9;1.1;180,.freeobj 1;614;-9;1.1;0
14550,,.freeobj 1;21,,,,,,,,,,,,,,,,,,,.freeobj 0;607;9;1.7;90,.freeobj 1;607;-9;1.7;-90
.form 0;r;6;2,,,.form 4;r;6;2,,.freeobj 1;0;,.freeobj 0;91;-1;1.5;0,,,,,,,,,,,,,,
.form 1;l;6;2,,,.form 3;l;6;2,,,,,.freeobj 0;362;2;0;0,.freeobj 1;361;-2;0;0,,,,,,,,,,,
,.freeobj 1;105;-0.4;0;0,,,,,,,,,,,.freeobj 0;355;1.7;1,,.freeobj 1;355;-1.7;1,,,,,,
,,,,,,,,,,,,,,,,,,,,
.freeobj 1;16;0.85;0;0,,,,,,,,,,,,,,,,,,,,
.freeobj 0;19;-0.85;0;0,,,,,,,,,,,,,,,,,,,,
14553,,,.freeobj 0;608;9;1;90,.freeobj 1;608;-9;1;-90,,,.freeobj 0;614;9;1.1;180,.freeobj 1;614;-9;1.1;0
14560,,,,,,,,,,,,,,,,,,,,
.freeobj 1;228;-3.2;3.5;0,.freeobj 0;194;3.2;3.5;0,.freeobj 0;128;7.25;0;0,.freeobj 1;128;-7.25;0;0,,.freeobj 1;46;-6;-0.6;0,,.freeobj 0;46;6;-0.6;0,,,,,,,,,,,,,
14570,,.freeobj 1;3,,,,,,,,,,,,,,,,,,
14573,,.freeobj 0;396;8;0;0,.freeobj 1;396;-8;0;0
14575,,,,,,,,,,,,,,,,,,,,
.form 0;r;6;2,,,,.form 4;r;6;2,,,,,,,,,,,,,,,,
.form 1;l;6;2,.freeobj 0;359;3;0;0,.freeobj 1;14;-3;0;0,,.form 3;l;6;2,,,,,,,,,,,,,,,,
.freeobj 1;16;0.85;0;0,.freeobj 0;105;0;0;0,,,,,,,.freeobj 0;362;2;0;0,.freeobj 1;361;-2;0;0,,,.freeobj 0;354;1.7;1,,.freeobj 1;354;-1.7;1,,,,,,
.freeobj 0;19;-0.85;0;0,,,,,,,,,,,,,,,,,,,,
14585,,,,,,,,,,,,,,,,,,,,
.freeobj 1;228;-3.2;3.5;0,.freeobj 0;194;3.2;3.5;0,.freeobj 1;129;-7.25;0;0,.freeobj 0;129;7.25;0;0,,,,,,,,,,,,,,,,,
14590,,.freeobj 1;2,,,,,,,,,,,,,,,,,,
14600,,,,,,,,,,,,,,,,,,,,
.form 0;r;6;2,,,,.form 4;r;6;2,,,,,,,,,,,,,,,,
.form 1;l;6;2,,,,.form 3;l;6;2,,,,,,,,,,,,,,,,
.freeobj 1;16;0;0;0,,,,,,,,.freeobj 0;362;2;0;0,.freeobj 1;361;-2;0;0,,,,,,,,,,,
.freeobj 0;19;0;0;0,,,,,,,,,,,,.freeobj 0;353;1.7;1,,.freeobj 1;353;-1.7;1,,,,,,
14606,,,.freeobj 0;621;4;-0.6;0,,,.freeobj 1;633;-4;-0.6;0,
14607,,.freeobj 0;611;9;1.1;90,.freeobj 1;611;-9;1.1;-90,
14610,,.freeobj 1;3,,,,,,,,,,,,,,,,,,
14615,,,,,,,,,,,,,,,,,,,,
.freeobj 1;105;-0.4;0;0,.freeobj 1;88;-8.25;0;0,,.freeobj 0;89;8.25;0;0,,,,,,,,,,,,,,,,,
14625,,,,,,,,,,,,,,,,,,,,
.form 0;r;6;2,,,,.form 4;r;6;2,,,,,,,,,,,,,,,,
.form 1;l;6;2,,,,.form 3;l;6;2,,,,,,,,.freeobj 0;352;1.7;1,,.freeobj 1;352;-1.7;1,,,,,,
.freeobj 0;359;3;0;0,,,,,,,,,,,,,,,,,,,,
.freeobj 1;14;-3;0;0,,,,,,,,.freeobj 0;362;2;0;0,.freeobj 1;361;-2;0;0,,,,,,,,,,,
.freeobj 1;16;0;0;0,,,,,,,,,,,,,,,,,,,,
.freeobj 0;19;0;0;0,,,,,,,,,,,,,,,,,,,,
14626,,,.freeobj 0;612;9.2;2.2;90,.freeobj 1;612;-9.2;2.2;-90
14630,,.freeobj 1;2,,,,,,,,,,,,,,,,,,,.freeobj 0;610;9.2;1.8;90,.freeobj 1;610;-9.2;1.8;-90,,
14633,,,.freeobj 0;614;9;1.1;180,.freeobj 1;614;-9;1.1;0
14638,,,.freeobj 0;614;9;1.1;180,.freeobj 1;614;-9;1.1;0
14643,,,,.freeobj 0;609;9.2;1.2;90,,.freeobj 1;609;-9.2;1.2;-90,,,.freeobj 0;614;9;1.1;180,.freeobj 1;614;-9;1.1;0
14650,,.freeobj 1;3,,,,,,,,,,,,,,,,,,
.form 0;r;6;2,,,,.form 4;r;6;2,,,,.freeobj 0;362;2;0;0,.freeobj 1;361;-2;0;0,,,,,,,,,,,
.form 1;l;6;2,.freeobj 0;128;7.25;0;0,.freeobj 1;128;-7.25;0;0,,.form 3;l;6;2,.freeobj 0;46;6;-0.6;0,,,.freeobj 1;46;-6;-0.6;0,,,,,,,,,,,,
.freeobj 1;16;0.85;0;0,.freeobj 0;105;0;0;0,.freeobj 0;194;3.2;3.5;0,,,,,,,,,,.freeobj 0;351;1.7;1,,.freeobj 1;351;-1.7;1,,,,,,
.freeobj 0;19;-0.85;0;0,,.freeobj 1;228;-3.2;3.5;0,,,,,,,,,,,,,,,,,,
14670,,.freeobj 1;2,,,,,,,,,,,,,,,,,,
14675,,,,,,,,,,,,,,,,,,,,
.form 0;r;6;2,,,,.form 4;r;6;2,,,,,,,,,,,,,,,,
.form 1;l;6;2,.freeobj 0;129;7.25;0;0,.freeobj 1;129;-7.25;0;0,,.form 3;l;6;2,,,,.freeobj 0;362;2;0;0,.freeobj 1;361;-2;0;0,,,.freeobj 0;350;1.7;1,,.freeobj 1;350;-1.7;1,,,,,,
.freeobj 1;16;0.85;0;0,,.freeobj 0;194;3.2;3.5;0,,.freeobj 1;228;-3.2;3.5;0,,,.freeobj 0;359;3;0;0,,,,,,,,,,,,,
.freeobj 0;19;-0.85;0;0,,,,,,,,,,,,,,,,,,,,
14690,,.freeobj 1;4,,,,,,,,,,,,,,,,,,
14692,,,.freeobj 0;614;9;1.1;180,.freeobj 1;614;-9;1.1;0
14695,,,,,,,,,,,,,,,,,,,,,.freeobj 0;607;9;1.7;90,.freeobj 1;607;-9;1.7;-90
.freeobj 1;105;-0.4;0;0,,,,,,,,,,,,,,,,,,,,
14697,,,.freeobj 0;608;9;1;90,.freeobj 1;608;-9;1;-90,,,.freeobj 0;621;4;-0.6;0,,.freeobj 1;633;-4;-0.6;0,,.freeobj 0;614;9;1.1;180,.freeobj 1;614;-9;1.1;0
14700,,,,,,,,,,,,,,,,,,,,
,,,,,,,,,,,,,,,,,,,,
.form 0;r;6;2,,,,.form 4;r;6;2,,,,.freeobj 0;362;2;0;0,.freeobj 1;361;-2;0;0,,,,,,,,,,,
.form 1;l;6;2,,,,.form 3;l;6;2,,,,,,,,,,,,,,,,
,,,,,,,,,,,,,,,,,,,,
,,,,,,,,,,,,,,,,,,,,
,,,,,,,,,,,,,,,,,,,,
,,,,,,,,,,,,,,,,,,,,
,,,,,,,,,,,,,,,,,,,,
,,,,,,,,,,,,,,,,,,,,
.stop 0,.freeobj 0;90;-0.25;1.5;0,,,,,,,,,,,,,,,,,,,
.freeobj 0;0,.freeobj 0;106;2;0.2;0,,,,,,,,,,,,,,,,,,,
.freeobj 0;23;1.7;1,,,,,,,,,,,,,,,,,,,,
.freeobj 1;23;-1.7;1,,,,,,,,,,,,,,,,,,,,
.freeobj 0;25;3;1,,,,,,,,,,,,,,,,,,,,
.freeobj 0;26;4;1,,,,,,,,,,,,,,,,,,,,
.freeobj 1;26;-4;1,,,,,,,,,,,,,,,,,,,,
14725,,,,,,,,,,,,,,,,,,,,
.freeobj 1;244;,,,,,,,,,,,,,,,,,,,,
,,,,,,,,,,,,,,,,,,,,
,,,,,,,,,,,,,,,,,,,,
.wallend 0,,,,,,,,,,,,,,,,,,,,
.wallend 1,,,,  .Brightness 200,,,,,,,,,,,,,,,,
.wall 0;1;27,,,,,,,,.railend 3,.railend 4,,,,,,,,,,,
.wall 1;-1;27,,,,,.Announce Busan1\13-3.wav;,,,,,,,,,,,,,,,
.railtype 0;1,,,,,,,,,,,,,,,,,,,,
.rail 1;-5;0;1,,,,,,,,,,,,,,,,,,,,
.dikeend 0,,,,,,,,,,,,,,,,,,,,
.dike 0;-1;0,,,,,,,,,,,,,,,,,,,,
,,,,,,,,,,,,,,,,,,,,
,,,,,,,,,,,,,,,,,,,,
14750,.pitch 13,,.railtype 0;28,,  .Brightness -30,,,,,,,,,,,,,,,
.curve 800;20,,,,,,,,,,,,,,,,,,,,
14800,,,,,,,,,,,,,,,,,,,,
.curve 0,,.railtype 0;1,,,,,,,,,,,,,,,,,,
15025,,,,,,,,,,,,,,,,,,,,
.curve -800;20,,.railtype 0;29,,,,,,,,,,,,,,,,,,
15075,,.railtype 0;1,,,,,,,,,,,,,,,,,,
.curve 0,,,,,,,,,,,,,,,,,,,,
15325,.pitch 0,.Announce Busan1\14.wav;,,,  .Brightness -30,,,,,,,,,,,,,,,
15350,,,,,  .Brightness 200,,,,,,,,,,,,,,,
.wallend 0,,,,,,,,,,,,,,,,,,,,
.wallend 1,,,,,,,,,,,,,,,,,,,,
.wall 0;1;24,,,,,,,,,,,,,,,,,,,,
.wall 1;-1;24,,,,,,,,,,,,,,,,,,,,
.railtype 0;3 ,,,.freeobj 1;253;,,,,,,,,,,,,,,,,,
.rail 1;-5;0;3,,,,,,,,,,,,,,,,,,,,
.dike 0;-1;3,,,,,,,,,,,,,,,,,,,,
.sta 초량;10.2605;10.2630;0;1;0;1;\Busan1\sta.wav;0;30;\Busan1\go.wav;,,,,,,,,,,,,,,,,,,,,
.form 0;r;2;1,,,,,,,,,,,,,,,,,,,,
.form 1;l;2;1,.freeobj 0;91;-1;1.5;0,,,,,,,,,,,,,,,,,,,
.freeobj 1;0;,,,,,,,,,,,,,,,,,,,,
.freeobj 1;15;0;0;0,,,,,,,,,,,,,,,,,,,,
.freeobj 0;18;0;0;0,,,,,,,,,,,,.freeobj 0;356;1.7;1,,.freeobj 1;356;-1.7;1,,,,,,
.freeobj 0;24;1.7;1,,,,,,,,,,,,,,,,,,,,
.freeobj 1;24;-1.7;1,,,,,,,,,,,,,,,,,,,,
15367,,.freeobj 0;396;4.25;0;90,
15373,,,.freeobj 0;614;7;1.1;180,.freeobj 1;614;-7;1.1;0
15375,,,,,,,,,,,,,,,,,,,,.freeobj 0;607;7;1.7;90,.freeobj 1;607;-7;1.7;-90
.form 0;r;2;1,,,,,,,,,,,,,,,,,,,,
.form 1;l;2;1,,,,,,,,,,,,,,,,,,,,
,.freeobj 1;105;-0.4;0;0,,,,,,,,,,,,,,,,,,,
,,,,,,,,,,,,.freeobj 0;355;1.7;1,,.freeobj 1;355;-1.7;1,,,,,,
.freeobj 1;15;0.85;0;0,,,,,,,,,,,,,,,,,,,,
.freeobj 0;18;-0.85;0;0,,,,,,,,,,,,,,,,,,,,
15378,,,.freeobj 0;614;7;1.1;180,.freeobj 1;614;-7;1.1;0
15378,,.freeobj 0;608;7;1;90,.freeobj 1;608;-7;1;-90
15385,,,,,,,,,,,,,,,,,,,,
.freeobj 0;138;5.25;0;0,.freeobj 1;138;-5.25;0;0,.freeobj 0;193;1.2;3.5;0,.freeobj 1;227;-1.2;3.5;0,,,.freeobj 1;46;-4;-0.6;0,,.freeobj 0;46;4;-0.6;0,,,,,,,,,,,,
15400,,,,,,,,,,,,,,,,,,,,
.form 0;r;2;1,.freeobj 0;359;3;0;0,.freeobj 1;14;-3;0;0,,,,,,,,,,,,,,,,,,
.form 1;l;2;1,.freeobj 0;105;0;0;0,,,,,,,,,,,.freeobj 0;354;1.7;1,,.freeobj 1;354;-1.7;1,,,,,,
15410,,,,,,,,,,,,,,,,,,,,
.freeobj 0;193;1.2;3.5;0,.freeobj 1;227;-1.2;3.5;0,.freeobj 0;139;5.25;0;0,.freeobj 1;139;-5.25;0;0,,,,,,,,,,,,,,,,,
15425,,,,,,,,,,,,,,,,,,,,
.form 0;r;2;1,,.freeobj 0;322;0;0;0,,.freeobj 1;321;0;0;0,,.wallend 0,.wallend 1,,,,,,,,,,,,,
.form 1;l;2;1,,,,,,,,,,,,,,,,,,,,
.freeobj 1;15;0;0;0,,,,,,,,,,,,.freeobj 0;353;1.7;1,,.freeobj 1;353;-1.7;1,,,,,,
.freeobj 0;18;0;0;0,,,,,,,,,,,,,,,,,,,,
15421,,,.freeobj 0;614;7;1.1;180,.freeobj 1;614;-7;1.1;0
15426,,,.freeobj 0;614;7;1.1;180,.freeobj 1;614;-7;1.1;0
15431,,,,.freeobj 0;621;4;-0.6;0,,,,.freeobj 1;631;-4;-0.6;0
15432,,,.freeobj 0;611;7.2;1.1;90,,.freeobj 1;611;-7.2;1.1;-90
15440,,,,,,,,,,,,,,,,,,,,
.freeobj 1;105;-0.4;0;0,,,,,,,,,,,,,,,,,,,,
15450,,,,,,,,,,,,,,,,,,,,,
.form 0;r;2;1,,,,,,,,,,,,,,,,,,,,
.form 1;l;2;1,,,,,.wall 0;1;24,.wall 1;-1;24,.freeobj 0;89;6.25;0;0,,.freeobj 1;88;-6.25;0;0,,,,,,,,,,,
.freeobj 0;359;3;0;0,,,,,,,,,,,,,,,,,,,,
.freeobj 1;14;-3;0;0,,,,,,,,,,,,,,,,,,,,
.freeobj 1;15;0;0;0,,,,,,,,,,,,.freeobj 0;352;1.7;1,,.freeobj 1;352;-1.7;1,,,,,,
.freeobj 0;18;0;0;0,,,,,,,,,,,,,,,,,,,,
15458,,,.freeobj 0;614;7;1.1;180,.freeobj 1;614;-7;1.1;0
15462,,,.freeobj 0;610;7.2;1.8;90,.freeobj 1;610;-7.2;1.8;-90,,
15463,,,.freeobj 0;614;7;1.1;180,.freeobj 1;614;-7;1.1;0
15468,,,.freeobj 0;614;7;1.1;180,.freeobj 1;614;-7;1.1;0
15469,,.freeobj 1;612;-7.2;2.4;-90
15470,,,.freeobj 0;612;7.2;2.4;90,
15475,,,,,,,,,,,,,,,,,,,,
.form 0;r;2;1,.freeobj 0;138;5.25;0;0,,,.freeobj 0;46;4;-0.6;0,,,.freeobj 1;46;-4;-0.6;0,,,,,,,,,,,,,
.form 1;l;2;1,.freeobj 1;138;-5.25;0;0,,,,,,,,,,,.freeobj 0;351;1.7;1,,.freeobj 1;351;-1.7;1,,,,,,
.freeobj 1;15;0.85;0;0,.freeobj 0;105;0;0;0,.freeobj 0;193;1.2;3.5;0,,,,,,,,,,,,,,,,,,
.freeobj 0;18;-0.85;0;0,,.freeobj 1;227;-1.2;3.5;0,,,,,,,,,,,,,,,,,,,
15500,,,,,,,,,,,,,,,,,,,,
.form 0;r;2;1,.freeobj 0;139;5.25;0;0,,.freeobj 1;139;-5.25;0;0,,.freeobj 0;193;1.2;3.5;0,,.freeobj 0;359;3;0;0,,,,,.freeobj 0;350;1.7;1,,.freeobj 1;350;-1.7;1,,,,,,
.form 1;l;2;1,,,,,.freeobj 1;227;-1.2;3.5;0,,,,,,,,,,,,,,,
15505,,
15517,,,.freeobj 0;614;7;1.1;180,.freeobj 1;614;-7;1.1;0
15520,,,,,,,,,,,,,,,,,,,,.freeobj 0;607;7;1.7;90,.freeobj 1;607;-7;1.7;-90
.freeobj 1;105;-0.4;0;0,,,,,,,,,,,,,,,,,,,,
15522,,.freeobj 0;608;7;1;90,.freeobj 1;608;-7;1;-90,,,.freeobj 0;621;4;-0.6;0,,,,.freeobj 1;631;-4;-0.6;0,,.freeobj 0;614;7;1.1;180,.freeobj 1;614;-7;1.1;0
15525,,,,,,,,,,,,,,,,,,,,
.form 0;r;2;1,,,,,,,,,,,,,,,,,,,,
.form 1;l;2;1,,,,,,,,,,,,,,,,,,,,
,.freeobj 0;105;0;0;0,,,,,,,,,,,,,,,,,,,
,,,,,,,,,,,,,,,,,,,,
,,,,,,,,,,,,,,,,,,,,
.form 0;r;2;1,,,,,,,,,,,,,,,,,,,,
.form 1;l;2;1,,,,,,,,,,,,,,,,,,,,
.form 0;r;2;1,,,,,,,,,,,,,,,,,,,,
.form 1;l;2;1,,,,,,,,,,,,,,,,,,,,
.freeobj 0;0,,,,,,,,,,,,,,,,,,,,
.stop 0,.freeobj 0;90;-0.25;1.5;0,,,,,,,,,,,,,,,,,,,
.freeobj 0;23;1.7;1,.freeobj 0;106;2;0.2;0,,,,,,,,,,,,,,,,,,,
.freeobj 1;23;-1.7;1,,,,,,,,,,,,,,,,,,,,
.freeobj 0;25;3;1,,,,,,,,,,,,,,,,,,,,
.freeobj 0;26;4;1,,,,,,,,,,,,,,,,,,,,
.freeobj 1;26;-4;1,,,,,,,,,,,,,,,,,,,,
15550,,,,,,,,,,,,,,,,,,,,
.freeobj 1;253;,,,,,,,,,,,,,,,,,,,,
.wallend 0,,,,,,,,,,,,,,,,,,,,
.wallend 1,,,,,,,,,,,,,,,,,,,,
.wall 0;1;27,,,,,,,,,,,,,,,,,,,,
.wall 1;-1;27,,,,,  .Brightness 200,,,,,,,,,,,,,,,.Announce Busan1\14-1.wav;,,,,,,,,,,,
.railtype 0;1,,,,,,,,,,,,,,,,,,,,
.rail 1;-5;0;1,,,,,,,,,,,,,,,,,,,,
.dikeend 0,,,,,,,,,,,,,,,,,,,,
.dike 0;-1;0,,,,,,,,,,,,,,,,,,,,
15575,,,,,  .Brightness -30,,,,,,,,,,,,,,,
15950,,,,,,,,,,,,,,,,,,,,
.curve 800;10,.railtype 0;28,,,,,,,,,,,,,,,,,,,
16000,,,,,,,,,,,,,,,,,,,,
.curve 0,.railtype 0;1,,,,,,,,,,,,,,,,,,,
16275,,,,,,,,,,,,,,,,,,,,
.rail 2;0;0;33,,,.wallend 0,.wall 2;1;27,,,,,,,,,,,,,,,,
16300,,,,,,,,,,,,,,,,,,,,
.rail 2;1;0;1,,,,,,,,,,,,,,,,,,,,
16325,,,,,,,,,,,,,,,,,,,,
.rail 2;3;0;1,,,,,,.crack 2;0;1,,,,,,,,,,,,,,
16350,,,,,,,,,,,,,,,,,,,,
.rail 2;5;0;1,,.dike 2;-1;0,,,,.crack 2;0;1,,,.Announce Busan1\15.wav;,,,,,,,,,,,
16375,,,,,,,,,,,,,,,,,,,,
.rail 2;7;0;1,,,,  .Brightness -30,.crack 2;0;1,,,,,,,,,,,,,,,
16399,,,,,,.freeobj 0;271;9.7;2;0;,,.freeobj 0;271;9.7;-1.5;0;,,,,,,,,,,,,
16400,,,,,,,,,,,,,,,,,,,,
.rail 2;9;0;1,,.wallend 0,.wall 2;1;42,.dikeend 2,,,,,,,,,,,,,,,,
,,.wallend 1,.dikeend 1,,,.freeobj 1;253;,,,  .Brightness 200,,,,,,,,,,,
,,.wall 0;1;50,,,,,,,,,,,,,,,,,,
,,.wall 1;-1;50,,,,,,,,,,,,,,,,,,
,,.railtype 0;3 ,,,,,,,,,,,,,,,,,,
,,.rail 1;-5;0;3,,,,,,,,,,,,,,,,,,
,,.dike 0;-1;3,,,,,,,,,,,,,,,,,,
,,.sta 부산진;10.2755;10.2820;0;1;0;1;\Busan1\sta.wav;0;30;\Busan1\go.wav;,,,,,,,,,,,,.freeobj 0;356;1.7;1,,.freeobj 1;356;-1.7;1,,,,
,,.form 0;r;2;1,.freeobj 0;91;-1;1.5;0,,,,,,,,,,,,,,,,,
,,.form 1;l;2;1,,,,,,,,,,,,,,,,,,
,,.freeobj 1;0;,,,,,,,,,,,,,,,,,,
,,.freeobj 1;15;0;0;0,,,,,,,,,,,,,,,,,,
,,.freeobj 0;18;0;0;0,,,,,,,,,,,,,,,,,,
,,.freeobj 0;24;1.7;1,,,,,,,,,,,,,,,,,,
,,.freeobj 1;24;-1.7;1,,,,,,,,,,,,,,,,,,
16423,,,.freeobj 0;614;7;1.1;180,.freeobj 1;614;-7;1.1;0
16425,,,,,,,,,,,,,,,,,,,,,
.form 0;r;2;1,,,,.freeobj 1;21,,,,,,,,.freeobj 0;355;1.7;1,,.freeobj 1;355;-1.7;1,,,,,,
.form 1;l;2;1,,.freeobj 0;18;-0.85;0;0,.freeobj 1;105;-0.4;0;0,,,,,,,,,,,,,,,,,
16427,,,.freeobj 0;607;7;1.7;90,.freeobj 1;607;-7;1.7;-90
16428,,,.freeobj 0;614;7;1.1;180,.freeobj 1;614;-7;1.1;0
16435,,,,,,,,,,,,,,,,,,,,,
.freeobj 0;192;1.2;3.5;0,,.freeobj 1;226;-1.2;3.5;0,,.freeobj 0;46;4;-0.6;0,.freeobj 1;136;-5.25;0;0,,.freeobj 0;136;5.25;0;0,,.freeobj 1;46;-4;-0.6;0,,,,,,,,,,,
16445,,,,.freeobj 1;3,,,,,,,,,,,,,,,
16450,,,,,,,,,,,,,,,,,,,,,
.form 0;r;2;1,,,,,,,,,,,.freeobj 0;354;1.7;1,,.freeobj 1;354;-1.7;1,,,,,,,
.form 1;l;2;1,,,,,,,,,,,,,,,,,,,,
.freeobj 1;15;0.85;0;0,,.freeobj 0;105;0;0;0,,,,,,,,,,,,,,,,,,
.freeobj 0;18;-0.85;0;0,,.freeobj 0;359;3;0;0,,,,,,,,,,,,,,,,,,
16453,,,.freeobj 0;608;7.1;1;90,.freeobj 1;608;-7.1;1;-90
16460,,,,,,,,,,,,,,,,,,,,
.freeobj 1;226;-1.2;3.5;0,,.freeobj 0;192;1.2;3.5;0,,.freeobj 1;137;-5.25;0;0,,.freeobj 0;137;5.25;0;0,,,,,,,,,,,,,,
16465,,,,.freeobj 1;2,,,,,,,,,,,,,,,,
16475,,,,,,,,,,,,,,,,,,,,
.form 0;r;2;1,,,,,,,,,,,,.freeobj 0;353;1.7;1,,.freeobj 1;353;-1.7;1,,,,,,
.form 1;l;2;1,,,,,,,,,,,,,,,,,,,,
16471,,,.freeobj 0;614;7;1.1;180,.freeobj 1;614;-7;1.1;0
16476,,,.freeobj 0;614;7;1.1;180,.freeobj 1;614;-7;1.1;0
16482,,,.freeobj 0;611;7.2;1.1;90,,.freeobj 1;611;-7.2;1.1;-90
16485,,,,.freeobj 1;3,,,,,,,,,,,,,,,,
16481,,,.freeobj 1;612;-7.2;2.4;-90,,.freeobj 0;621;4;-0.6;0,,,,.freeobj 1;631;-4;-0.6;0
16490,,,.freeobj 0;612;7.2;2.4;90,
16490,,,,,,,,,,,,,,,,,,,,
.freeobj 1;105;-0.4;0;0,,.freeobj 1;88;-6.25;0;0,.freeobj 0;89;6.25;0;0,,,,,,,,,,,,,,,,,
16500,,,,,,,,,,,,,,,,,,,,
.form 0;r;2;1,,,,,,,,,,,,,,,,,,,,
.form 1;l;2;1,,,,,,,,,,,,,,,,,,,,
.freeobj 0;359;3;0;0,,,,,,,,,,,,.freeobj 0;352;1.7;1,,.freeobj 1;352;-1.7;1,,,,,,
.freeobj 1;15;-3;0;0,,,,,,,,,,,,,,,,,,,,
16505,,,,.freeobj 1;2,,,,,,,,,,,,,,,,,,.freeobj 1;610;-7.2;1.8;-90,,
.freeobj 0;18;0;0;0,,,,,,,,,,,,,,,,,,,,
16508,,.freeobj 0;614;7;1.1;180,.freeobj 1;614;-7;1.1;0
16513,,,.freeobj 0;614;7;1.1;180,.freeobj 1;614;-7;1.1;0
16518,,,.freeobj 0;614;7;1.1;180,.freeobj 1;614;-7;1.1;0
16525,,,,,,,,,,,,,,,,,,,,
.form 0;r;2;1,.freeobj 0;136;5.25;0;0,,,.freeobj 1;3,.freeobj 1;46;-4;-0.6;0,,.freeobj 0;46;4;-0.6;0,,,,,.freeobj 0;351;1.7;1,,.freeobj 1;351;-1.7;1,,,,,,
.form 1;l;2;1,.freeobj 1;136;-5.25;0;0,,,,,,,,,,,,,,,,,,,
,.freeobj 0;105;0;0;0,.freeobj 0;192;1.2;3.5;0,,,,,,,,,,,,,,,,,,
,,.freeobj 1;226;-1.2;3.5;0,,,,,,,,,,,,,,,,,,
16545,,,,.freeobj 1;2,,,,,,,,,,,,,,,,.freeobj 0;396;4.25;0;90,.freeobj 1;396;-4.25;0;-90
16550,,,,,,,,,,,,,,,,,,,,
.form 0;r;2;1,,.freeobj 0;137;5.25;0;0,,,,,,,,,,,,,,,,,,
.form 1;l;2;1,,.freeobj 1;137;-5.25;0;0,,,,,,,,,,.freeobj 0;350;1.7;1,,.freeobj 1;350;-1.7;1,,,,,,
.freeobj 1;15;-3;0;0,,.freeobj 0;192;1.2;3.5;0,,,,,,,,,,,,,,,,,,
.freeobj 0;18;0;0;0,,.freeobj 1;226;-1.2;3.5;0,,,,,,,,,,,,,,,,,,
16565,,,,.freeobj 1;4,,,,,,,,,,,,,,,,,.freeobj 0;607;7;1.7;90,.freeobj 1;607;-7;1.7;-90
16567,,,.freeobj 0;614;7;1.1;180,.freeobj 1;614;-7;1.1;0
16570,,,,,,,,,,,,,,,,,,,,,.freeobj 0;621;4;-0.6;0,,,,.freeobj 1;631;-4;-0.6;0
.freeobj 1;105;-0.4;0;0,,,,,,,,,,,,,,,,,,,,
16572,,,.freeobj 0;614;7;1.1;180,.freeobj 1;614;-7;1.1;0
16575,,,,,,,,,,,,,,,,,,,,
.form 0;r;2;1,,,,,,,,,,,,,,,,,,,,
.form 1;l;2;1,,,,,,,,,,,,,,,,,,,,
.freeobj 0;359;3;0;0,,,,,,,,,,,,,,,,,,,,
.freeobj 1;14;-3;0;0,,,,,,,,,,,,,,,,,,,,
,,,,,,,,,,,,,,,,,,,,
,,,,,,,,,,,,,,,,,,,,
,,,,,,,,,,,,,,,,,,,,
.form 0;r;2;1,,,,,,,,,,,,,,,,,,,,
.form 1;l;2;1,.freeobj 0;106;2;0.2;0,,,,,,,,,,,,,,,,,,,
.stop 0,.freeobj 0;90;-0.25;1.5;0,,,,,,,,,,,,,,,,,,,
.freeobj 0;0;,,,,,,,,,,,,,,,,,,,,
.freeobj 0;23;1.7;1,,,,,,,,,,,,,,,,,,,,
.freeobj 1;23;-1.7;1,,,,,,,,,,,,,,,,,,,,
.freeobj 0;25;3;1,,,,,,,,,,,,,,,,,,,,
.freeobj 0;26;4;1,,,,,,,,,,,,,,,,,,,,
.freeobj 1;26;-4;1,,,,,,,,,,,,,,,,,,,,
16600,,,,,,,,,,,,,,,,,,,,
,,,,,,,,,,,,,,,,,,,,
.freeobj 1;253;,,,,,,,,,,,,,,,,,,,,
.wallend 0,,,,,,,,,,,,,,,,,,,,
.wallend 1,,,,,,,  .Brightness 200,,,,,,,,,,,,,
,,,,,,,,,,,,,,,,,,,,
.wall 1;-1;27,,,,.rail 2;9;0;32,,.wall 2;1;27,,,,,,,,,,,,,,
.railtype 0;1,,,.crack 2;0;1,,,,,,,,,,,,,,,,,
.rail 1;-5;0;1,,,,,,,,,.freeobj 0;107;3.6;1.25;0,,,,,,,,,,,
.dikeend 0,,,,,,,,,,,,.Announce Busan1\15-1.wav;,,,,,,,,
.dike 0;0;0,,,,,,,,,,,,,,,,,,,,
16601,,,,,,.freeobj 0;271;9.7;2;0;,,.freeobj 0;271;9.7;-1.5;0;,,,,,,,,,,,,
16625,,,.crack 2;0;1,.rail 2;7;0;32,,  .Brightness -30,,,,,,,,,,,,,,
16650,,,.crack 2;0;1,.rail 2;5;0;32,,,,,,,,,,,,,,,,
,,,,,,,,,,,,,,,,,,,,
16675,,,.crack 2;0;1,,,,,,,,,,,,,,,,,
.dike 0;-1;0,,,.rail 3;5;0;12,,,,.rail 1;-5;0;32,.wall 1;-1;0,.wall 2;1;0,,,,,,,,,,,
16700,,,.rail 3;2.5;0;11,,,.crack 2;0;1,,,,,,,,,,,,,,
16725,,,.rail 3;0;0;1,,.dike 0;0;0,,,,,,,,,,,,,,,
16750,,,.rail 3;0;0;12,,.dike 0;1;0,,,,,,,,,,,,,,,
16775,,,.rail 3;-2.5;0;11,,,,,,,,,,,,,,,,,
16800,,,.rail 3;-5;0;11,.railend 3,.dike 0;0;0,,.rail 1;-5;0;1,.wall 1;-1;27,,,,,,,,,,,,
16820,,,,,,,,,,,,,,,,,,,,
16840,,,,,,,,,,,,,,,,,,,,
16850,,,.rail 2;5;0;32,.dike 2;-1;0,,,,,,,,,,,,,,,,
16860,,,,,,,,,,,,,,,,,,,,
16875,,,.rail 2;7;0;32,.dikeend 2,.dike 0;-1;0,.wall 2;0;27,.wall 0;1;27,,,,,,,,,,,,,
16880,,,,,,,,,,,,,,,,,,,,
16900,,,.rail 2;9;0;32,,,,,,,,,,,,,,,,,
16920,,,,,,,,,,,,,,,,,,,,
16925,,,,.rail 2;11;0;32,,,,,,,,,,,,,,,,
,,,,,,,,,,,,,,,,,,,,
16950,,,,.rail 2;13;0;32,,,,,,,,,,,,,,,,
,,,,,,,,,,,,,,,,,,,,
,,,,,,,,,,,,,,,,,,,,
16975,,,,.rail 2;15;0;32,,,,,,,,,,,,,,,,
17340,,,,,,,,,,,,,,,,,,,,
17360,,,,,,,,,,,,,,,,,,,,
17380,,,,,,,,,,,,,,,,,,,,
17400,,,.railend 2,,,,,.wallend 2,,,,,,,,,,,,
17420,,,,,,,,,,,,,,,,,,,,
17440,,,,,,,,,,,,,,,,,,,,
17450,,,,,,,,,.Announce Busan1\16.wav;,,,,,,,,,,,
17460,,,,,,,,,,,,,,,,,,,,
17480,,,,,,  .Brightness -30,,,,,,,,,,,,,,
,,,,,,,,,,,,,,,,,,,,
17500,.wallend 0,,,.freeobj 1;252;,,  .Brightness 200,,,,,,,,,,,,,,
,.wallend 1,,,,,,,,,,,,,,,,,,,
,.wall 0;1;22,,,,,,,,,,,,,,,,,,,
,.wall 1;-1;22,,,,,,,,,,,,,,,,,,,
,.railtype 0;3 ,,,,,,,,,,,,,,,,,,,
,.rail 1;-5;0;3,,,,,,,,,,,,,,,,,,,
,.dike 0;-1;11,,,,,,,,,,,,,,,,,,,
,.sta 좌천;10.2945;10.3010;0;1;0;1;\Busan1\sta.wav;0;10;\Busan1\go.wav;,,,,,,,,,,,,,,,,,,,
,.form 0;r;2;0,.freeobj 0;91;-1;1.5;0,,,,,,,,,,,,,,,,,,
,.form 1;l;2;0,,,,,,,,,,,,,,,,,,,
,.freeobj 1;0;,,,,,,,,,,,,.freeobj 0;356;1.7;1,,.freeobj 1;356;-1.7;1,,,,,
,.freeobj 1;15;0;0;0,,,,,,,,,,,,,,,,,,,
,.freeobj 0;18;0;0;0,,,,,,,,,,,,,,,,,,,
,.freeobj 0;24;1.7;1,,,,,,,,,,,,,,,,,,,
,.freeobj 1;24;-1.7;1,,,,,,,,,,,,,,,,,,,
17523,,,.freeobj 0;614;7;1.1;180,.freeobj 1;614;-7;1.1;0
17525,,,,,,,,,,,,,,,,,,,,,.freeobj 0;607;7.1;1.7;90,.freeobj 1;607;-7.1;1.7;-90
.form 0;r;2;0,,,,,,,,,,,,.freeobj 0;355;1.7;1,,.freeobj 1;355;-1.7;1,,,,,,
.form 1;l;2;0,,,,,,,,,,,,,,,,,,,,
17528,,,.freeobj 0;608;7.1;1;90,.freeobj 1;608;-7.1;1;-90,,,.freeobj 0;614;7;1.1;180,.freeobj 1;614;-7;1.1;0
17535,,,,,,,,,,,,,,,,,,,,
.freeobj 0;46;4;-0.6;0,.freeobj 1;134;-5.25;0;0,,.freeobj 1;46;-4;-0.6;0,.freeobj 0;134;5.25;0;0,,,.freeobj 1;225;-1.2;3.5;0,,,.freeobj 0;191;1.2;3.5;0,,,,,,,,,,
17549.5,.freeobj 0;396;4;0;90,.freeobj 1;396;-4;0;-90
17550,,,,,,,,,,,,,,,,,,,,
.form 0;r;2;0,,.freeobj 1;14;-3;0;0,,.freeobj 1;15;0.85;0;0,,,.freeobj 0;18;-0.85;0;0,,,,,.freeobj 0;354;1.7;1,,.freeobj 1;354;-1.7;1,,,,,,
.form 1;l;2;0,,,,,,,,,,,,,,,,,,,,
17560,,,,,,,,,,,,,,,,,,,,
.freeobj 1;135;-5.25;0;0,,,.freeobj 0;135;5.25;0;0,,,.freeobj 0;191;1.2;3.5;0,,,.freeobj 1;225;-1.2;3.5;0,,,.freeobj 1;14;-3;0;0,,.freeobj 0;359;3;0;0,,,,,,
17575,,,,,,,,,,,,,,,,,,,,
.form 0;r;2;0,,,,,,,,,,,,,,,,,,,,
.form 1;l;2;0,,,,,,,,,,,,,,,,,,,,
,,,,,,,,,,,,.freeobj 0;353;1.7;1,,.freeobj 1;353;-1.7;1,,,,,,
,,,,,,,,,,,,,,,,,,,,
.freeobj 1;15;0;0;0,,,,,,,,,,,,,,,,,,,,
.freeobj 0;18;0;0;0,,,,,,,,,,,,,,,,,,,,
17571,,,.freeobj 0;614;7;1.1;180,.freeobj 1;614;-7;1.1;0
17576,,,.freeobj 0;614;7;1.1;180,.freeobj 1;614;-7;1.1;0
17580,,,,.freeobj 1;610;-7.2;1.8;-90,,
17581,,,.freeobj 0;621;4;-0.6;0,,,,.freeobj 1;631;-4;-0.6;0
17582,,,.freeobj 0;611;7.2;1.1;90,,.freeobj 1;611;-7.2;1.1;-90,
17585,,,.freeobj 0;610;7.2;1.8;90,,
17591,,,.freeobj 1;612;-7.2;2.4;-90
17593,,,.freeobj 0;612;7.2;2.4;90,,,
17595,,,,,,,,,,,,,,,,,,,,
.freeobj 1;88;-6.25;0;0,,.freeobj 0;89;6.25;0;0,,,,,,,,,,,,,,,,,,
17600,,,,,,,,,,,,,,,,,,,,
.form 0;r;2;0,,.freeobj 0;329;0;0;0,,,,,.wallend 0,,,,,,,,,,,,,
.form 1;l;2;0,,,,,,,,,,,,,,,,,,,,
.freeobj 1;15;0;0;0,,,,,,,,,,,,,,,,,,,,
.freeobj 0;18;0;0;0,,,,,,,,,,,,.freeobj 0;352;1.7;1,,.freeobj 1;352;-1.7;1,,,,,,
17608,,,.freeobj 0;614;7;1.1;180,.freeobj 1;614;-7;1.1;0
17613,,,.freeobj 0;614;7;1.1;180,.freeobj 1;614;-7;1.1;0
17618,,,.freeobj 0;614;7;1.1;180,.freeobj 1;614;-7;1.1;0
17625,,,,,,,,,,,,,,,,,,,,
,,,,,,,,,,,,,,,,,,,,
.form 0;r;2;0,,,,.wall 0;1;22,,,,,,,,,,,,,,,,
.form 1;l;2;0,.freeobj 0;105;0;0;0,,,,,,,,,,,,,,,,,,,
.freeobj 1;15;0;0;0,,,,,,,,,,,,.freeobj 0;351;1.7;1,,.freeobj 1;351;-1.7;1,,,,,,
.freeobj 0;18;0;0;0,,,,,,,,,,,,,,,,,,,,
17630,,,,,,,,,,,,,,,,,,,,
.freeobj 1;134;-5.25;0;0,,.freeobj 0;134;5.25;0;0,,.freeobj 1;225;-1.2;3.5;0,,.freeobj 0;191;1.2;3.5;0,,,.freeobj 1;46;-4;-0.6;0,,.freeobj 0;46;4;-0.6;0,,,,,,,,,
17650,,,,,,,,,,,,,,,,,,,,
.form 0;r;2;0,,,.freeobj 1;15;0;0;0,.freeobj 0;18;0;0;0,.freeobj 0;359;3;0;0,,.freeobj 1;14;-3;0;0,,,,,.freeobj 0;350;1.7;1,,.freeobj 1;350;-1.7;1,,,,,,
.form 1;l;2;0,,,,,,,,,,,,,,,,,,,,
17655,,,.freeobj 1;135;-5.25;0;0,,.freeobj 0;135;5.25;0;0,,.freeobj 0;191;1.2;3.5;0,,.freeobj 1;225;-1.2;3.5;0,,,,,,,,,,,
17657,,,.freeobj 0;614;7;1.1;180,.freeobj 1;614;-7;1.1;0
17662,,,.freeobj 0;614;7;1.1;180,.freeobj 1;614;-7;1.1;0
17665,,,,,,,,,,,,,,,,,,,,
,,,,,,,,,,,,,,,,,,,,
,,,,,,,,,,,,,,,,,,,,
,.freeobj 0;105;0;0;0,,,,,,,,,,,,,,,,,,,
,,,,,,,,,,,,,,,,,,,,
17667,,,.freeobj 0;614;7;1.1;180,.freeobj 1;614;-7;1.1;0
17670,,,.freeobj 0;607;7.1;1.7;90,.freeobj 1;607;-7.1;1.7;-90
17672,,,.freeobj 0;608;7.1;1;90,.freeobj 1;608;-7.1;1;-90,,,.freeobj 0;621;4;-0.6;0,,,,.freeobj 1;631;-4;-0.6;0,,,.freeobj 0;614;7;1.1;180,.freeobj 1;614;-7;1.1;0
17675,,,,,,,,,,,,,,,,,,,,
.form 0;r;2;0,,,,,,,,,,,,,,,,,,,,
.form 1;l;2;0,,,,,,,,,,,,,,,,,,,,
.freeobj 0;0,.freeobj 0;106;2;0.2;0,,,,,,,,,,,,,,,,,,,
.stop 0,.freeobj 0;90;-0.25;1.5;0,,,,,,,,,,,,,,,,,,,
.freeobj 0;23;1.7;1,,,,,,,,,,,,,,,,,,,,
.freeobj 1;23;-1.7;1,,,,,,,,,,,,,,,,,,,,
.freeobj 0;25;3;1,,,,,,,,,,,,,,,,,,,,
.freeobj 0;26;4;1,,,,,,,,,,,,,,,,,,,,
.freeobj 1;26;-4;1,,,,,,,,,,,,,,,,,,,,
,,,,,,,,,,,,,,,,,,,,
17700,,,,,,,,,,,,,,,,,,,,
.freeobj 1;252;,,,.limit 60,,.crack 1;0;1,,  .Brightness 200,,,,,,,,,,,,,
.wallend 0,,.Section 0;10;21,,,,,,,,,,,,,,,,,,
.wallend 1,,,,,,,.Announce Busan1\16-1.wav;,,,,,,,,,,,,,
,,,,,,,,,,,,,,,,,,,,
,,.railtype 0;28,.rail 1;-5;0;28,,.curve 700;50,,.pitch -5,,,,,,,,,,,,,
,,,,,,,,,,,,,,,,,,,,
,,.wall 0;1;0,.wall 1;-1;0,,,,,,,,,,,,,,,,,
.dikeend 0,,,,,,,,,,,,,,,,,,,,
17725,,.wall 1;-1;43,.wall 0;1;43,,.curve 400;100,.freeobj 0;243;-4.3;0;0,.railtype 0;23,.rail 1;-5;0;23,,,,  .Brightness -20,,,,,,,,
17875,,,,.pitch 0,.curve 700;50,.railtype 0;28,.rail 1;-5;0;28,,,,,,,,,,,,,
17900,,,,,.curve 0,.railtype 0;32,.rail 1;-5;0;32,,,,,,,,,,,,,
17975,,,,.pitch 27,.curve -700;50,.railtype 0;29,.rail 1;-5;0;29,,,,,,,,,,,,,
18000,,,,.crack 1;0;1,.curve -400;100,.railtype 0;22,.rail 1;-5;0;22,,,,,,,,,,,,,
18025,,,,.crack 1;0;1,,,,,,,,,,,,,,,,
18050,,,,.crack 1;0;1,,,,,,,,,,,,,,,,
18075,,,,.crack 1;0;1,,,,,,,,,,,,,,,,
18325,,,,.crack 1;0;1,.curve -700;50,.railtype 0;29,.rail 1;-5;0;29,.wall 0;1;0,.wall 1;-1;0,,.freeobj 0;243;-4.3;0;0,,,,,,,,,
18350,,,,.crack 1;0;1,.curve 0,.railtype 0;32,.rail 1;-5;0;32,,.pitch 5,,.Announce Busan1\17.wav;,,,,,,,,,
18375,.dike 0;-1;0,,,,,,,,,,,,,,,,,,,
18425,,,,,  .Brightness -30,,,,,,,,,,,,,,,
18450,,,,,,,,,,,,,,,,,,,,
.dikeend 0,,,,,  .Brightness 200,,,,,,,,,,,,,,,
.wallend 0,,,,,,,,,,,,,,,,,,,,
.wallend 1,,,,,,,,,,,,,,,,,,,,
.wall 0;1;21,,,,,,,,,,,,,,,,,,,,
.wall 1;-1;21,,,,,,.Section 0;10;25,.limit 80,,,,,,,,,,,,,
.railtype 0;3 ,,,.freeobj 1;251;,,,,,,,,,,,,,,,,,
.rail 1;-5;0;3,,,,,,,,,,,,,,,,,,,,
.dike 0;-1;10,,,,,,,,,,,,,,,,,,,,
.sta 범일;10.3135;10.3200;0;1;0;1;\Busan1\sta.wav;0;40;\Busan1\go.wav;,,,,,,,,,,,,.freeobj 0;356;1.7;1,,.freeobj 1;356;-1.7;1,,,,,,
.form 0;r;4;1,,,,,,,,,,,,,,,,,,,,
.form 1;l;4;1,,,,,,,,,,,,,,,,,,,,
,,,,,,,,,,,,,,,,,,,,
.freeobj 1;15;0;0;0,,,,,,,,,,,,,,,,,,,,
.freeobj 0;18;0;0;0,,,,,,,,,,,,,,,,,,,,
.freeobj 0;24;1.7;1,,,,,,,,,,,,,,,,,,,,
.freeobj 1;24;-1.7;1,,,,,,,,,,,,,,,,,,,,
18473,,,.freeobj 0;614;7;1.1;180,.freeobj 1;614;-7;1.1;0
18475,,,,,,,,,,,,,,,,,,,,,.freeobj 0;607;7.1;1.7;90,.freeobj 1;607;-7.1;1.7;-90
.form 0;r;4;1,,,,.freeobj 1;15;0;0;0,,.freeobj 1;0;,.freeobj 0;91;-1;1.5;0,,,,,.freeobj 0;355;1.7;1,,.freeobj 1;355;-1.7;1,,,,,,
.form 1;l;4;1,.freeobj 1;105;-0.4;0;0,,,.freeobj 0;18;0;0;0,,,,,,,,,,,,,,,,
,,,,,,,,,,,,,,,,,,,,
18478,,,.freeobj 0;608;7.1;1;90,.freeobj 1;608;-7.1;1;-90,,,.freeobj 0;614;7;1.1;180,.freeobj 1;614;-7;1.1;0
18485,,,,,,,,,,,,,,,,,,,,
.freeobj 1;224;-1.2;3.5;0,.freeobj 0;190;1.2;3.5;0,.freeobj 1;132;-5.25;0;0,.freeobj 0;132;5.25;0;0,,.freeobj 0;46;4;-0.6;0,.freeobj 1;46;-4;-0.6;0,,,,,,,,,,,,,,
18500,,,,,,,,,,,,,,,,,,,,.freeobj 1;396;-5.5;0;-180
.form 0;r;4;1,.freeobj 0;359;3;0;0,.freeobj 1;14;-3;0;0,,,,,,,,,,,,,,,,,,
.form 1;l;4;1,,,,,,,,,,,,.freeobj 0;354;1.7;1,,.freeobj 1;354;-1.7;1,,,,,,
.freeobj 1;15;0;0;0,,,,,,,,,,,,,,,,,,,,
.freeobj 0;18;0;0;0,,,,,,,,,,,,,,,,,,,,
18510,,,,,,,,,,,,,,,,,,,,
.freeobj 1;133;-5.25;0;0,.freeobj 0;133;5.25;0;0,.freeobj 1;224;-1.2;3.5;0,.freeobj 0;190;1.2;3.5;0,,,,,,,,,,,,,,,,,
18525,,,,,,,,,,,,,,,,,,,,
.form 0;r;4;1,,,,,,,,,,,,.freeobj 0;353;1.7;1,,.freeobj 1;353;-1.7;1,,,,,,
.form 1;l;4;1,,,,,,,,,,,,,,,,,,,,
.freeobj 1;15;0;0;0,,,,,,,,,,,,,,,,,,,,
.freeobj 0;18;0;0;0,,,,,,,,,,,,,,,,,,,,
18530,,,.freeobj 1;610;-7.2;1.8;-90,,
18531,,,.freeobj 0;621;4;-0.6;0,,,,.freeobj 1;631;-4;-0.6;0
18521,,,.freeobj 0;614;7;1.1;180,.freeobj 1;614;-7;1.1;0
18526,,,.freeobj 0;614;7;1.1;180,.freeobj 1;614;-7;1.1;0
18532,,,.freeobj 0;611;7.2;1.1;90,,.freeobj 1;611;-7.2;1.1;-90
18535,,,.freeobj 0;610;7.2;1.8;90,
18546,,,.freeobj 1;612;-7.2;2.4;-90
18543,,,.freeobj 0;614;7;1.1;180,.
18548,,,.freeobj 0;612;7.2;2.4;90,,,.freeobj 0;614;7;1.1;180,
18550,,,,,,,,,,,,,,,,,,,,
,,,,,,,,,,,,,,,,,,,,
.form 0;r;4;1,,,.freeobj 1;88;-6.25;0;0,,.freeobj 0;89;6.25;0;0,,,,,,,.freeobj 0;352;1.7;1,,.freeobj 1;352;-1.7;1,,,,,,
.form 1;l;4;1,.freeobj 0;105;0;0;0,,,,,,,,,,,,,,,,,,,
,,,,,,,,,,,,,,,,,,,,
,,,,,,,,,,,,,,,,,,,,
.freeobj 1;15;0;0;0,,,,,,,,,,,,,,,,,,,,
.freeobj 0;18;0;0;0,,,,,,,,,,,,,,,,,,,,
18558,,,.freeobj 0;614;7;1.1;180,.freeobj 1;614;-7;1.1;0
18563,,,.freeobj 0;614;7;1.1;180,.freeobj 1;614;-7;1.1;0
18568,,,,.freeobj 0;609;7.2;1.2;90,,.freeobj 1;609;-7.2;1.2;-90,,,.freeobj 0;614;7;1.1;180,.freeobj 1;614;-7;1.1;0
18575,,,,,,,,,,,,,,,,,,,,
.form 0;r;4;1,,,,,,,,,,,,,,,,,,,,
.form 1;l;4;1,,,,,,.freeobj 0;132;5.25;0;0,,.freeobj 1;132;-5.25;0;0,,.freeobj 0;190;1.2;3.5;0,,.freeobj 1;224;-1.2;3.5;0,,,,,,,,
.freeobj 1;15;0;0;0,,,,,,.freeobj 0;46;4;-0.6;0,,.freeobj 1;46;-4;-0.6;0,,,,.freeobj 0;351;1.7;1,,.freeobj 1;351;-1.7;1,,,,,,
.freeobj 0;18;0;0;0,,,,,,,,,,,,,,,,,,,,
18590,.freeobj 0;396;5.5;0;180
18600,,,,,,,,,,,,,,,,,,,,
.form 0;r;4;1,,,,,,.freeobj 0;359;3;0;0,,.freeobj 1;14;-3;0;0,,,,.freeobj 0;350;1.7;1,,.freeobj 1;350;-1.7;1,,,,,,
.form 1;l;4;1,,,,,,,,,,,,,,,,,,,,
.freeobj 1;15;0;0;0,,.freeobj 0;105;0;0;0,,,,.freeobj 1;133;-5.25;0;0,,.freeobj 0;133;5.25;0;0,,.freeobj 0;190;1.2;3.5;0,,.freeobj 1;224;-1.2;3.5;0,,,,,,,,
.freeobj 0;18;0;0;0,,,,,,,,,,,,,,,,,,,,
18615,,,,,,,,,,,,,,,,,,,,
.freeobj 1;105;-0.4;0;0,,,,,,,,,,,,,,,,,,,,
18617,,,.freeobj 0;614;7;1.1;180,.freeobj 1;614;-7;1.1;0
18620,,,.freeobj 0;607;7.1;1.7;90,.freeobj 1;607;-7.1;1.7;-90
18622,,,.freeobj 0;608;7.1;1;90,.freeobj 1;608;-7.1;1;-90,,,.freeobj 0;621;4;-0.6;0,,,,.freeobj 1;631;-4;-0.6;0,,,.freeobj 0;614;7;1.1;180,.freeobj 1;614;-7;1.1;0
18625,,,,,,,,,,,,,,,,,,,,
.form 0;r;4;1,,,,,,,,,,,,,,,,,,,,
.form 1;l;4;1,,,,,,,,,,,,,,,,,,,,
,,,,,,,,,,,,,,,,,,,,
,,.freeobj 0;105;0;0;0,,,,,,,,,,,,,,,,,,
,,,,,,,,,,,,,,,,,,,,
,,,,,,,,,,,,,,,,,,,,
,.freeobj 0;106;2;0.2;0,,,,,,,,,,,,,,,,,,,
.stop 0,.freeobj 0;90;-0.25;1.5;0,,,,,,,,,,,,,,,,,,,
.freeobj 0;0,,,,,,,,,,,,,,,,,,,,
.freeobj 0;23;1.7;1,,,,,,,,,,,,,,,,,,,,
.freeobj 1;23;-1.7;1,,,,,,,,,,,,,,,,,,,,
.freeobj 0;25;3;1,,,,,,,,,,,,,,,,,,,,
.freeobj 0;26;4;1,,,,,,,,,,,,,,,,,,,,
.freeobj 1;26;-4;1,,,,,,,,,,,,,,,,,,,,
18650,,,,,,,,,,,,,,,,,,,,.Announce Busan1\18 down.wav;,,,,,,,,,,
.freeobj 1;251;,,,,,,,,,,,,,,,,,,,,
.wallend 0,,,,,,,,,,,,,,,,,,,,
.wallend 1,,,,,,,,,,,,,,,,,,,,
.wall 0;1;0,,,,,,,,,,,,,,,,,,,,
.wall 1;-1;0,,,,,,,,,,,,,,,,,,,,
.railtype 0;32,,,,,,,,,,,,,,,,,,,,
.rail 1;-5;0;32,,,,,  .Brightness 200,,,,,,,,,,,,,,,
.dike 0;-1;0,,,,,,,,,,,,,,,,,,,,
.crack 0;1;1,,,,,,,,,,,,,,,,,,,,
18675,,,,,  .Brightness -30,,,,,,,,,,,,,,,
,,,,,,,,,,,,,,,,,,,,
19000,,,,.pitch 0,,,,,,.Doppler Busan1\HWANPUNG.wav; -2.2;3;,,,,,,,,,,
19050,,,,,,,,,,,,,,,,,,,,
.dikeend 0,,,,,,.crack 1;0;1,,,,,,,,,,,,,,
19075,,,,,,,,,,,,,,,,,,,,
.rail 3;-5;0;11,.rail 2;0;0;12,,,,,.crack 1;0;1,,,,
19100,,,,,,,,,,,,,,,,,,,,
.rail 3;-2.5;0;12,.rail 2;-2.5;0;11,,,,,.crack 1;0;1,,,,,,,,,,,,,,
19125,,,,,,,,,,,,,,,,,,,,
.rail 3;0;0;12,.rail 2;-5;0;11,,.railend 3,.railend 2,.dike 0;-1;0,.crack 1;0;1,,,,,,,,,,,,,,
,,,,,,,,,,,,,,,,,,,,
,,,,,,,,,,,,,,,,,,,,
,,,,,,,,,,,,,,,,,,,,
,,,,,,,,,,,,,,,,,,,,
,,,,,,,,,,,,,,,,,,,,
,,,,,,,,,,,,,,,,,,,,
,,,,,,,,,,,,,,,,,,,,
19175,,.curve 700;20,,.railtype 0;28,,.rail 1;-5;0;22,,.crack 1;0;1,,,,,,,,,,,,
19200,,,,,,.rail 1;-7;0;28,,.crack 1;0;1,,,,,,,,,,,,
19225,  .Brightness -30,.curve -700;20,,.railtype 0;29,,.rail 1;-10;0;32,,.wall 0;0;0,.dikeend 0,.wall 1;0;0,,.freeobj 1;271;9.9;2;0;,,.freeobj 1;271;9.9;-1.5;0;,,,,,,
,,,,,,,,,,,,,,,,,,,,
19250,  .Brightness 200,,,,,,,,,,,,,,,,,,,
.wallend 0,,.freeobj 0;6;-10.5;0;0;,,.freeobj 1;5;9.9;0;0;,,.rail 1;-12;0;37,,,,,,,,,,,,,,
.wallend 1,,,,,,,,,,,,,,,,,,,,
,,,,,,,,,.freeobj 0;334;0;0;0,,.freeobj 1;339;0;0;0,,,,,,,,,
,,,,,,,,,,,,,,,,,,,,
.railtype 0;36,,,,,,,,,,,,,,,,,,,,
,,,,,,,,,,,,,,,,,,,,
.sta 범내골;10.3310;10.3335;0;-1;0;1;\Busan1\sta.wav;0;20;\Busan1\go.wav;,,,,,,,,,,.freeobj 1;356;1.7;1,,.freeobj 0;356;-1.7;1,,,,,,,,
.form 0;1;2;0,,,,,,,,,,,,,,,,,,,,
,,,,,,,,,,,,,,,,,,,,
.freeobj 1;15;11;0;0,,,,,,,,,,,,,,,,,,,,
,,,,,,,,,,,,,,,,,,,,
.freeobj 0;24;-1.7;1,,,,,,,,,,,,,,,,,,,,
.freeobj 1;24;1.7;1,,,,,,,,,,,,,,,,,,,,
,,,,,,,,,,,,,,,,,,,,
.form 0;1;2;0,,,,,,,,,,,,,,,,,,,,
19254,,,.freeobj 0;131;-6.25;0;0,,,,,,,,,,,,,,,,,
19255,,.freeobj 1;608;8.18;1;-90
19265,,,.freeobj 1;21,,,,,,,,,,,,,,,,,
19270,,,.freeobj 0;130;-6.25;0;180,,,,,,,,,,,,,,,,,
,,,,,,,,,,,,,,,,,,,,
19275,,,,,,.rail 1;-13;0;4,,,,,,,.freeobj 1;355;1.7;1,,.freeobj 0;355;-1.7;1,,,,,,.Freeobj 0;509;-2;3.2;0,,.Freeobj 1;509;4;3.2;0
.form 0;1;2;0,,.curve 0,,.railtype 0;4,,,,,.freeobj 0;332;0;0;0,,.freeobj 1;337;0;0;0,,,,,,,,,
,,,,,,,,,,,,,,,,,,,,
19281,,,,.freeobj 0;620;-3.5;-0.6;0,,
19282,,,,.freeobj 0;300;-6.25;3.1;0,,,,,,,,,,,,,,,,
19285,,,.freeobj 1;3,,,,,,,,,,,,,,,,,
19289,,,,.freeobj 0;300;-6.25;3.1;0,,,,,,,,,,,,,,,,
19295,,,,,,,,,,,,,,,,,,,,,.freeobj 1;611;6.5;1.1;-90
19293.8,,,.freeobj 1;607;7.6;1.7;-90
19296,,,,.freeobj 0;300;-6.25;3.1;0,,,,,,,,,,,,,,,,
19300,,,,,,,,,,,,,,,,,,,,
.form 0;1;2;0,,,,,,,,,.freeobj 0;331;0;0;0,,.freeobj 1;336;0;0;0,,,.freeobj 1;354;1.7;1,,.freeobj 0;354;-1.7;1,,,,
,,,,,,.freeobj 0;93;2.2;0;0,,,,,,,,,,,,,,
19303,,,,.freeobj 0;300;-6.25;3.1;0,,,,,,,,,,,,,,,,
19305,,,.freeobj 1;2,,,,,,,,,,,,,,,,,
19310,,,,.freeobj 0;300;-6.25;3.1;0,,,,,,,,,,,,,,,,
19314,,,,,,,,,,,,,,,,,,,,
.form 0;1;2;0,,.freeobj 1;15;11;0;0,.freeobj 0;189;0.2;3;0,,,,,,.freeobj 1;14;3;0;0,,.freeobj 0;359;-3;0;0,,,,,,,,,
,.freeobj 1;105;-0.4;0;0,.freeobj 0;18;0;0;0,.freeobj 1;223;-0.2;3;0,,,,,,,,,,,,,,,,,
,,,,,,,,,,,,,,,,,,,,
19317,,,,.freeobj 0;300;-6.25;3.1;0,,,,,,,,,,,,,,,,
,,,,,,,,,,,,,,,,,,,,
19324,,,,.freeobj 0;130;-6.25;0;0,,,.freeobj 0;46;-6;-0.6;0,,,,,,,,,,,,,
19325,,,.freeobj 1;3,,,,,,,,,,,.freeobj 1;353;1.7;1,,.freeobj 0;353;-1.7;1,,,,
.form 0;1;2;0,,,,,,,,,.freeobj 0;333;0;0;0,,.freeobj 1;338;0;0;0,,,,,,,,,
.freeobj 1;15;11;0;0,,,,,,,,,,,,,,,,,,,,
.freeobj 0;18;0;0;0,,,,,,,,,,,,,,,,,,,,
19329,,,.freeobj 1;608;8.8;1;-90
19334,,,,.freeobj 0;131;-6.25;0;0,,,,,,,,,,,,,,,,
,,,,,,,,,,,,,,,,,,,,
19345,,,.freeobj 1;2,,,,,,,,,,,,,,,,,
19350,,,,.freeobj 0;130;-6.25;0;180,,,,,,,,,,,,,,,,
.form 0;1;2;0,,,,,,,,,.freeobj 0;332;0;0;0,,.freeobj 1;337;0;0;0,,,,,,,,,
.freeobj 1;15;11;0;0,,,,,,,,,,,,,,.freeobj 1;352;1.7;1,,.freeobj 0;352;-1.7;1,,,,
.freeobj 0;18;0;0;0,,,,,,,,,,,,,,,,,,,,
,,,,,,,,,,,,,,,,,,,,
19361,,,,,,,,,,,,,,,,,,,,.freeobj 1;396;8;0;-90
19365,,,.freeobj 1;3,,,,,,,,,,,,,,,,,
19368,,,,,,.freeobj 0;93;2.2;0;0,,,.freeobj 0;300;-6.25;3.1;0,,,,,,,,,,,
19375,,,.freeobj 0;189;0.2;3;0,.freeobj 1;223;-0.2;3;0,.freeobj 0;359;-3;0;0,.freeobj 1;14;3;0;0,,,.freeobj 0;300;-6.25;3.1;0,,,,,,.freeobj 1;351;1.7;1,,.freeobj 0;351;-1.7;1,,,
.form 0;1;2;0,,,,,,,,,,,,,,,,,,,,
.freeobj 1;15;11;0;0,,,,,,,,,.freeobj 0;331;0;0;0,,.freeobj 1;336;0;0;0,,,,,,,,,
.freeobj 0;18;0;0;0,,,,,,,,,,,,,,,,,,,,
19383,,,,.freeobj 0;88;-6.25;0;0,,.freeobj 0;300;-6.25;3.1;0,,,,,,,,,,,,,,
19385,,,.freeobj 1;2,,,,,,,,,,,,,,,,,
19390,,,,,,.freeobj 0;300;-6.25;3.1;0,,,,,,,,,,,,,,
19395.8,,,.freeobj 1;607;7.6;1.7;-90
19398,,,,,,.freeobj 0;300;-6.25;3.1;0,,,,,,,,,,,,,,
19400,,,,,,,,,,,,,,,,,,,,
.form 0;1;2;0,,,,,,,,,.freeobj 0;333;0;0;0,,.freeobj 1;338;0;0;0,,,,.freeobj 1;350;1.7;1,,.freeobj 0;350;-1.7;1,,,
,,,,,,,,,,,,,,,,,,,,
.freeobj 1;15;11;0;0,,,,,,,,,,,,,,,,,,,,
.freeobj 0;18;0;0;0,,,,,,,,,,,,,,,,,,,,
19404,,,,.freeobj 0;620;-3.5;-0.6;0,,
19405,,,.freeobj 1;4,,,,,,,,,,,,,,,,,,.freeobj 1;608;8.8;1;-90,,,.Freeobj 0;509;-2;3.2;0,,.Freeobj 1;509;4;3.2;0,,,,.
19407,,,,.freeobj 0;131;-6.25;0;0,,,,,,,,,,,,,,,,
19423,,,,.freeobj 0;130;-6.25;0;180,,,,,,,,,,,,,,,,
19425,,,,,,,,,,,,,,,,,,,,
.form 0;1;2;0,.freeobj 0;93;2.2;0;0,,.freeobj 1;98;-2.2;0;0,,,,,,.freeobj 0;330;0;0;0,,.freeobj 1;335;0;0;0,,,,,,,,,
.stop 0,.freeobj 0;91;4;1.5;0,,,,,,,,,,,,,,,,,,,
.freeobj 0;0,.freeobj 0;106;-2;0.2;0,,,,,,,,,,,,,,,,,,,
.freeobj 0;23;-1.7;1,,,,,,,,,,,,,,,,,,,,
.freeobj 1;23;1.7;1,,,,,,,,,,,,,,,,,,,,
.freeobj 0;29;-3;1,,,,,,,,,,,,,,,,,,,,
19430,,,,,,.freeobj 1;14;3;0;0,,.freeobj 0;359;-3;0;0,,,.freeobj 0;189;0.2;3;0,,.freeobj 1;223;-0.2;3;0,,,,,,,
19435,,,,.freeobj 0;300;-6.25;3.1;0,,,,,,,,,,,,,,,,
19440,,,,.freeobj 0;300;-6.25;3.1;0,,,,,,,,,,,,,,,,
19445,,,,.freeobj 0;131;-6.25;0;0,,,,,,,,,,,,,,,,
19450,,,,,,,,,,,,,,,,,,,,.Announce Busan1\19 down.wav;,,,,,,,,,,,,,,,,
.freeobj 0;6;-9.9;0;0;,,,,,,,,,,,,,,,,,,,,
.freeobj 1;5;9.9;0;0;,,,,  .Brightness 200,,,,,,,,,,,,,,,,
.wallend 0,,,,,,,,,,,,,,,,,,,,
.wallend 1,,.railtype 0;1,,,,,.rail 1;-13;0;1,,,,,,,,,,,,,
.wall 0;0;27,,,,,,,,,,,,,,,,,,,,
.wall 1;0;27,,,,,,,,,,,,,,,,,,,,
,,,,,,,,,,,,,,,,,,,,
19475,,,,,,,,,,,,,,,,,,,,
.curve -700;20,,,.railtype 0;29,,  .Brightness -30,,.rail 1;-13;0;28,,.crack 1;0;1,,,,,,,,,,,
19500,,,,,,,,,,,,,,,,,,,,
,.wall 0;1;27,.dike 0;-1;0,,.wall 1;-1;27,.dike 1;1;0,,.rail 1;-12;0;28,,.crack 1;0;1,,.freeobj 1;271;9.9;2;0;,,.freeobj 1;271;9.9;-1.5;0;,,,,,,,
19525,,,,,,,,,,,,,,,,,,,,
.curve 700;20,,,.railtype 0;28,,.dikeend 1,,.rail 1;-9;0;29,,.crack 1;0;1,,,,,,,,,,,
19550,,,,,,,.rail 1;-6;0;29,,,,,,,,,,,,,
19575,,,,,,,,,,,,,,,,,,,,
.curve 0,,,.railtype 0;1,,,,.rail 1;-5;0;1,,,,,,,,,,,,,
,,,,,,,,,,,,,,,,,,,,
,,,,,,,,,,,,,,,,,,,,
,,,,,,,,,,,,,,,,,,,,
19800,,,,
,,,,,,,,,,,,,,,,,,,,
,,,,,,,,,,,,,,,,,,,,
,,,,,,,,,,,,,,,,,,,,
,,,,,,,,,,,,,,,,,,,,
,,,,,,,,,,,,,,,,,,,,
,,,,,,,,,,,,,,,,,,,,
,,,,,,,,,,,,,,,,,,,,
,,,,,,,,,,,,,,,,,,,,
,,,,,,,,,,,,,,,,,,,,
,,,,,,,,,,,,,,,,,,,,
,,,,,,,,,,,,,,,,,,,,
,,,,,,,,,,,,,,,,,,,,
,,,,,,,,,,,,,,,,,,,,
,,,,,,,,,,,,,,,,,,,,
,,,,,,,,,,,,,,,,,,,,
20200,,,,,.pitch 13,,,,,,,,,,,,,,,
,,,,,,,,,,,,,,,,,,,,
20450,,,,,.pitch 0,,,,,,,,,,,,,,,
20500,,,,,,,,,,,,,,,,,,,,
.curve 500;40,,.railtype 0;27,.rail 1;-5;0;27,,,,,,,,,,,,,,,,,
,,,,,,,,,,,,,,,,,,,,
,,,,,,,,,,,,,,,,,,,,
20525,,,,,  .Brightness -30,,,,,,,,,,,,,,,
20550,,,,,,,,,,,,,,,,,,,,
.wallend 0,,,,,  .Brightness 200,,,,,,,,,,,,,,,
.wallend 1,,,.freeobj 1;261;,,,,,,,,,,,,,,,,,
,,,,,,,,,,,,,,,,,,,,
,,,,,,,,,,,,,,,,,,,,
.dikeend 0,,,,,,,,,,,,,,,,,,,,
.dike 0;-1;4,,,,,,.freeobj 1;537;-4;0;0,,.freeobj 1;370;-2;0;0,,.freeobj 0;371;2;0;0,,,,,,,,,,
.railtype 0;44,,,,.freeobj 0;507,.freeobj 0;520,,.freeobj 1;520;-5;0;0,,,,,,,,,,,,,
.rail 1;-5;0;44,,,,,,,,,,,,,,,,,,,,
.sta 서면;10.3520;10.3620;0;1;0;1;\Busan1\sta sm.wav;0;100;\Busan1\go3.wav;,,,,,,,,,,,,,,,,,,,,
,,,,,,,,,,,,,,,,,,,,
.form 0;r;9;3,,,,,,,,,,,,,,,,,,,,
.form 1;l;9;3,,,,,,,,,,,,,,,,,,,,
,,,,,,,,,,,,,,,,,,,,
,,,,,,,,,,,,,,,,,,,,
20558,,,,,,,,,,,,,,,,.freeobj 0;380;4.9;3;0,,.freeobj 1;380;-4.9;3;0,,
20568,,,,,,,,,,,,,,,,.freeobj 0;380;4.9;3;0,,.freeobj 1;380;-4.9;3;0,,
,,,,,,,,,,,,,,,,,,,,
20580,,,.Freeobj 1;509;-4;3.2;0,,.Freeobj 0;509;4;3.2;0
20575,,,,.freeobj 0;506,.freeobj 1;0;,.freeobj 0;91;-1;1.5;0,,.freeobj 1;370;-2;0;0,,.freeobj 0;371;2;0;0,,,,,,,,,,
.form 0;r;9;3,,,,,.freeobj 0;26;4;1,,,,,,,,,,,,,,,,,.freeobj 0;607;9;1.7;90,.freeobj 1;607;-9;1.7;-90
.form 1;l;9;3,,,,,,.freeobj 1;536;-4;0;0,,,,,,,,,,,,,,
20578,,,,,,,,,,,,,,,,.freeobj 0;380;4.9;3;0,,.freeobj 1;380;-4.9;3;0,,,,.freeobj 0;608;9;1;90,.freeobj 1;608;-9;1;-90
20588,,,,,,,,,,,,,,,,.freeobj 0;380;4.9;3;0,,.freeobj 1;380;-4.9;3;0,,
20598,,,,,,,,,,,,,,,,.freeobj 0;380;4.9;3;0,,.freeobj 1;380;-4.9;3;0,,
20600,,,,,,,,,,,,,,,,,,,,
.form 0;r;9;3,,.freeobj 0;18;1;0;0,,.freeobj 0;505,,.freeobj 1;535;-4;0;0,,.freeobj 1;370;-2;0;0,,.freeobj 0;371;2;0;0,,,,,,,,,,
.form 1;l;9;3,,.freeobj 1;16;-1;0;0,,.freeobj 0;20;0;0;0,,,,,,,,,,,,,,,,
,,,,,,,,,,,,,,,,,,,,
20608,,,,,,,,,,,,,,,,.freeobj 0;381;4.9;3;0,,.freeobj 1;381;-4.9;3;0,,
20610,.freeobj 0;46;6;-0.6;0,.freeobj 1;105;-0.4;0;0,.freeobj 1;262;-7.25;0;0,.freeobj 0;262;7.25;0;0,,.freeobj 1;46;-6;-0.6;0,,,,,,,,,,,,,,
20618,,,,,,,,,,,,,,,,.freeobj 0;381;4.9;3;0,,.freeobj 1;381;-4.9;3;0,,
,,,,,,,,,,,,,,,,,,,,
20625,,,,,,,,,,,,,,,,,,,,
.form 0;r;9;3,,.freeobj 1;88;-8.25;0;0,,.freeobj 0;89;8.25;0;0,,,,.freeobj 1;372;-2;0;0,,.freeobj 0;373;2;0;0,,,.Doppler Busan1\sta sm.wav; -2.2;3;,,,,,,,
.form 1;l;9;3,,,,,,,,,,,,,,,,,,,,
,,,,.freeobj 0;504,,.freeobj 1;534;-4;0;0,,,,,,,,,,,,,,
,,,,,,,,,,,,,,,,,,,,
.freeobj 1;16;-1;0;0,,,,,,,,,,,,,,,,,,,,
.freeobj 0;19;1;0;0,,.freeobj 0;105;0;0;0,,,,,,,,,,,,,,,,,,
20627,,,,,,,,,,,,,,,,.freeobj 0;380;4.9;3;0,,.freeobj 1;380;-4.9;3;0,,
20631,,,.freeobj 0;622;4;-0.6;0,,,,.freeobj 1;631;-4;-0.6;0
20636,,,,,,,,,,,,,,,,.freeobj 0;380;4.9;3;0,,.freeobj 1;380;-4.9;3;0,,
20645,,,,,,,,,,,,,,,,.freeobj 0;380;4.9;3;0,,.freeobj 1;380;-4.9;3;0,,
20650,,,,,,,,,,,,,,,,,,,,
.form 0;r;9;3,,.freeobj 0;85;5;-0.6;0,,.freeobj 1;85;-5;-0.6;0,,,,.freeobj 1;374;-2;0;0,,.freeobj 0;375;2;0;0,,,,,,,,,,
.form 1;l;9;3,,,,,,,,,,,,,,,,,,,,
.freeobj 1;16;-1;0;0,,,,.freeobj 0;503,,.freeobj 1;533;-4;0;0,,,,,,,,,,,,,,
.freeobj 0;19;1;0;0,,,,,,,,,,,,,,,,,,,,
20654,,,,,,,,,,,,,,,,.freeobj 0;380;4.9;3;0,,.freeobj 1;380;-4.9;3;0,,
20663,,,,,,,,,,,,,,,,.freeobj 0;381;4.9;3;0,,.freeobj 1;381;-4.9;3;0,,
20665,,,.freeobj 0;263;7.25;0;0,,.freeobj 1;263;-7.25;0;0,,,,,,,,,,,,,,,
20668,,,,,.freeobj 1;609;-5.2;1.2;-90
20671,,,,.freeobj 0;609;5.2;1.2;90,,.freeobj 1;609;-5.2;1.2;-90
20673,,,,,,,,,,,,,,,,.freeobj 0;381;4.9;3;0,,.freeobj 1;381;-4.9;3;0,,
20675,,,,,,,,,,,,,,,,,,,,
.form 0;r;9;3,,,,,,,,.freeobj 1;376;-2;0;0,,.freeobj 0;377;2;0;0,,,.Doppler Busan1\sta sm.wav; -2.2;3;,,,,,,,
.form 1;l;9;3,.wallend 1,,,,,,,,,,,,,,,,,,,
,.wallend 0,,,,,,,,,,,,,,,,,,,
,,,,.freeobj 0;502,,.freeobj 1;532;-4;0;0,,,,,,,,,,,,,,
.freeobj 1;17;-1;0;0,,,,,,,,,,,,,,,,,,,,
.freeobj 0;20;1;0;0,,,,,,,,,,,,,,,,,,,,
,,,,,,,,,,,,,,,,,,,,
20685,,.freeobj 0;85;5;-0.6;0,,.freeobj 1;85;-5;-0.6;0,,,,,,,,,,,,.freeobj 0;380;4.9;3;0,,.freeobj 1;380;-4.9;3;0,,
,,,,,,,,,,,,,,,,,,,,
20698,,,,,,,,,,,,,,,,.freeobj 0;381;4.9;3;0,,.freeobj 1;381;-4.9;3;0,,
20700,,,,,,,,,,,,,,,,,,,,
.form 0;r;9;3,,,,,.freeobj 0;262;7.25;0;0,,,.freeobj 1;262;-7.25;0;0,,,,,,,,,,,,
.form 1;l;9;3,,,,,.freeobj 0;46;6;-0.6;0,.freeobj 1;46;-6;-0.6;0,,,,,,,,,,,,,,
.freeobj 0;18;1;0;0,,,,,,,,,,.freeobj 1;370;-2;0;0,,.freeobj 0;371;2;0;0,,,,,,,,
.freeobj 1;15;-1;0;0,,,,.freeobj 0;501,,.freeobj 1;531;-4;0;0,,,,,,,,,,,,,,
20708,,,,,,,,,,,,,,,,.freeobj 0;381;4.9;3;0,,.freeobj 1;381;-4.9;3;0,,
,,,,,,,,,,,,,,,,,,,,
20723,,,,,,,,,,,,,,,,.freeobj 0;381;4.9;3;0,,.freeobj 1;381;-4.9;3;0,,
,,,,,,,,,,,,,,,,,,,,
20725,,,,,,,,,,,,,,,,,,,,
.form 0;r;9;3,,.freeobj 0;105;0;0;0,,,.freeobj 0;263;7.25;0;0,,,.freeobj 1;263;-7.25;0;0,,,,,,,,,,,,
.form 1;l;9;3,,,,,,,,,,.freeobj 1;370;-2;0;0,,.freeobj 0;371;2;0;0,,,,,,,,
.freeobj 0;18;1;0;0,,,,.freeobj 0;500,,.freeobj 1;530;-4;0;0,,,,,,,,,,,,,,
.freeobj 1;15;-1;0;0,,,,,,,,,,,,,,,,,,,,
20746,,,.Freeobj 1;509;-4;3.2;0,,.Freeobj 0;509;4;3.2;0
20733,,,,,,,,,,,,,,,,.freeobj 0;381;4.9;3;0,,.freeobj 1;381;-4.9;3;0,,
20743,,,,,,,,,,,,,,,,.freeobj 0;380;4.9;3;0,,.freeobj 1;380;-4.9;3;0,,
20745,,,,.freeobj 0;607;9;1.7;90,.freeobj 1;607;-9;1.7;-90
20746,,,.freeobj 0;622;4;-0.6;0,,,,.freeobj 1;631;-4;-0.6;0
20747,,,.freeobj 0;608;9;1;90,.freeobj 1;608;-9;1;-90
20750,,,,,,,,,,,,,,,,,,,,
.form 0;r;9;3,,.freeobj 0;105;0;0;0,,,,,,,,,,,,,,,,,,
.form 1;l;9;3,,,,,,,,,,,,,,,,,,,,
,,,,,,,,,,.freeobj 1;370;-2;0;0,,.freeobj 0;371;2;0;0,,,,,,,,
,,,,,,,,,,,,,,,,,,,,
,,,,,,,,,,,,,,,,,,,,
,,,,,,,,,,,,,,,,,,,,
,,,,,,,,,,,,,,,,,,,,
,,,,.freeobj 0;508,,.freeobj 1;538;-4;0;0,,,,,,,,,,,,,,
,.freeobj 0;106;2;0.2;0,,,,,,,,,,,,,,,,,,,
.stop 0,.freeobj 0;90;-0.25;1.5;0,,,,,,,,,,,,,,,,,,,
.freeobj 0;0,,,,,,,,,,,,,,,,,,,,
,,,,,,,,,,,,,,,,,,,,
,,,,.freeobj 0;26;4;1,,.freeobj 1;26;-4;1,,,,,,,,,,,,,,
.freeobj 0;28;3;1,,,,,,,,,,,,,,,,,,,,
20753,,,,,,,,,,,,,,,,.freeobj 0;380;4.9;3;0,,,,
,,,,,,,,,,,,,,,,,,,,
20757,,,,,,,,,,,,,,,,,,,,
20760,,,  .Brightness 200,,,.freeobj 0;521,,.freeobj 1;521;-5;0;0,,,,,,,,,,,,
20762,,,,,,,,,,,,,,,,,,,,
,,,.freeobj 0;378;7.25;0;0,,,.freeobj 1;378;-5.25;0;0,,,,,,,,,,,,,,
20772,,,.freeobj 0;378;7.25;0;0,,,.freeobj 1;378;-5.25;0;0,,,,,,,,,,,,,,
20775,,,,,,,,,,,,,,,,,,,,
.freeobj 1;261;,,,,,,,,,,,,,,,,,,,,
.wallend 0,,.curve 0,,,,,,,,,,,,,,,,,,
.wallend 1,,,,,,,,,,,,,,,,,,,,
.wall 0;1;27,,,,,  .Brightness -30,,,,,,,,,,,,,,,
.wall 1;-1;27,,,,,,,,,,,,,,,,,,,,
.railtype 0;1,,,,,,,,,,,,,,,,,,,,
.rail 1;-5;0;1,,,,,,,,,,,,,,,,,,,,
.dikeend 0,,,,,,,,,,,,,,,,,,,,
.dike 0;-1;0,,,,,,,,,,,,,,,,,,,,
,,,,,,,,,,,,,,,,,,,,
20825,,,,,,,,,,,,,,,,,,,,
.pitch 18,,,,.Doppler Busan1\HWANPUNG.wav; -2.2;3;,,,,,,,,,,,,,,,,
,,,,,,,,,,,,,,,,,,,,
21225,,,,,,,,,,,,,,,,,,,,
.pitch 0,,,  .Brightness -30,,,
21250,,,,,,,,,,,,,,,,,,,,.Announce Busan1\20.wav;,,,,,,,,,,,,,,,,
.wallend 0,,,,,,,,,,,,,,,,,,,,
.wallend 1,,,  .Brightness 200,,,,,,,,,,,,,,,,,
,,,,,,,.rail 3;12;0;1,.form 3;l;2;0,.rail 4;-17;0;1,.form 4;r;2;0,,,,,,,,,,
,,,,,,,,,,,,,,,,,,,,
.railtype 0;4 ,,,,,,,,,,,,,.freeobj 0;302;2;0;0,,.freeobj 1;301;-2;0;0,,,,,
.rail 1;-5;0;4,,,,,,,,,,,,,,,,,,,,
.dike 0;-1;3,,.freeobj 1;306;,,,,,,,,,,,,,,,,,,
.sta 부전;10.3730;10.3755;0;1;0;1;\Busan1\sta.wav;0;40;\Busan1\go.wav;,,,,,,,,,,,,.freeobj 0;356;1.7;1,,.freeobj 1;356;-1.7;1,,,,,,
.form 0;r;2;0,,,,,,,,.limit 85,,,,,,,,,,,,
.form 1;l;2;0,,,,,,,,,,,,,,,,,,,,
,,,,,,,,,,,,,,,,,,,,
.freeobj 1;15;0;0;0,,,,,,,,,,,,,,,,,,,,
.freeobj 0;18;0;0;0,,,,,,,,,,,,,,,,,,,,
.freeobj 0;24;1.7;1,,,,,,,,,,,,,,,,,,,,
.freeobj 1;24;-1.7;1,,,,,,,,,,,,,,,,,,,,
21255,,,,,,,,.freeobj 0;303;3.9;3;0,,.freeobj 1;303;-3.9;3;0,,,,,,,,,,
21261,,,,,,,,.freeobj 0;303;3.9;3;0,,.freeobj 1;303;-3.9;3;0,,,,,,,,,,
21267,,,,.freeobj 0;187;7;3.5;0,,.freeobj 1;221;-7;3.5;0,,.freeobj 0;303;3.9;3;0,,.freeobj 1;303;-3.9;3;0,,,,,,,,,,
21273,,,,,,,,.freeobj 0;303;3.9;3;0,,.freeobj 1;303;-3.9;3;0,,,,,,,,,,,.freeobj 0;614;9;1.1;180,.freeobj 1;614;-9;1.1;0
21275,,,,,,,,,,,,,,,,,,,,,.freeobj 0;607;9.1;1.7;90,.freeobj 1;607;-9.1;1.7;-90
,,,,,,,,,,,,.freeobj 0;355;1.7;1,,.freeobj 1;355;-1.7;1,,,,,,
.form 0;r;2;0,,.freeobj 0;302;2;0;0,.freeobj 0;91;-1;1.5;0,,.freeobj 1;0;,,,,,,,,,.form 4;r;2;0,.form 3;l;2;0,,.freeobj 0;302;2;0;0,,.freeobj 1;301;-2;0;0,
.form 1;l;2;0,.freeobj 1;105;-0.4;0;0,,,,,,,,,,,,,,,,,,,
,,,,,,,,,,,,,,,,,,,,
,,,,,,,,,,,,,,,,,,,,
.freeobj 1;15;0.75;0;0,,,,,,,,,,,,,,,,,,,,
.freeobj 0;18;-0.75;0;0,,,,,,,,,,,,,,,,,,,,
,,,,,,,,,,,,,,,,,,,,
.form 0;r;2;0,.freeobj 0;359;3;0;0,,,,,,,,,,,,,,,,,,,
.form 1;l;2;0,.freeobj 0;105;0;0;0,.freeobj 1;14;-3;0;0,,,,,,,,,,,,,,,,,,
,,,,,,,,,,,,,,,,,,,,
,,,,,,,,,,,,,,,,,,,,
21278,,,.freeobj 0;608;9.1;1;90,.freeobj 1;608;-9.1;1;-90,,.freeobj 0;614;9;1.1;180,.freeobj 1;614;-9;1.1;0
21279,,,.freeobj 1;46;-7;-0.6;0,,.freeobj 0;46;7;-0.6;0,,,.freeobj 0;303;3.9;3;0,,.freeobj 1;303;-3.9;3;0,,,,,,,,,,
21285,,,,.freeobj 1;304;-7.25;0;0,,.freeobj 0;304;7.25;0;0,,,.freeobj 0;303;3.9;3;0,,.freeobj 1;303;-3.9;3;0,,,.freeobj 0;302;2;0;0,,.freeobj 1;301;-2;0;0,,,,,
21291,,,,,,,,.freeobj 0;303;3.9;3;0,,.freeobj 1;303;-3.9;3;0,,,,,,,,,,
21295,,,,,,.freeobj 0;396;5;0;90,.freeobj 1;305;-7.25;0;0,,.freeobj 0;305;7.25;0;0,,,,,,,,,,,
21297,,,,,,,,.freeobj 0;303;3.9;3;0,,.freeobj 1;303;-3.9;3;0,,,,,,,,,,
21300,,,,,,,,,,,,,,,,,,,,
.form 0;r;2;0,,,,,,,,,,,,,,,,,,,,
.form 1;l;2;0,,,,,,,,,,,,,,,,.freeobj 0;302;2;0;0,,,.freeobj 1;301;-2;0;0,
.freeobj 1;15;0;0;0,,,,,,,,,,,,.freeobj 0;354;1.7;1,.freeobj 1;354;-1.7;1,.form 4;r;2;0,.form 3;l;2;0,,,,,
21303,,,,,,,,.freeobj 0;303;3.9;3;0,,.freeobj 1;303;-3.9;3;0,,,,,,,,,,
21305,,,,,,,,.freeobj 1;305;-7.25;0;0,,.freeobj 1;221;-3.2;3.5;0,,,.freeobj 0;305;7.25;0;0,,,.freeobj 0;187;3.2;3.5;0,,,,
21309,,,,,,,,.freeobj 0;303;3.9;3;0,,.freeobj 1;303;-3.9;3;0,,,,,,,,,,
21315,,,,,,,,.freeobj 0;303;3.9;3;0,,.freeobj 1;303;-3.9;3;0,,,,,,,,,,
.freeobj 1;105;-0.4;0;0,,,,,,,,,,,,,,,,,,,,
21321,,,,,,,,.freeobj 0;303;3.9;3;0,,.freeobj 1;303;-3.9;3;0,,,,,,,,,,
21325,,,,,,,,,,,,,,,.freeobj 0;302;2;0;0,,,.freeobj 1;301;-2;0;0,,
.form 0;r;2;0,,.freeobj 1;88;-8.25;0;0,,.freeobj 0;89;8.25;0;0,,,,,,,,.freeobj 0;353;1.7;1,.freeobj 1;353;-1.7;1,.form 4;r;2;0,.form 3;l;2;0,,,,,
.form 1;l;2;0,,,,,,,,,,,,,,,,,,,,
.freeobj 0;359;3;0;0,,,,,,,,,,,,,,,,,,,,
.freeobj 1;14;-3;0;0,,,,,,,,,,,,,,,,,,,,
.freeobj 1;15;0;0;0,,,,,,,,,,,,,,,,,,,,
.freeobj 0;18;0;0;0,,,,,,,,,,,,,,,,,,,,
,,,,,,,,,,,,,,,,,,,,
21325,,,.freeobj 0;611;9;1.1;90
21329,,,,,.freeobj 1;221;-7;3.5;0,.freeobj 0;187;7;3.5;0,,,.freeobj 0;303;3.9;3;0,,.freeobj 1;303;-3.9;3;0,,,,,,,,,
21331,,,,.freeobj 0;622;4;-0.6;0,,,,.freeobj 1;630;-4;-0.6;0
21332,,,,.freeobj 1;611;-9;1.1;-90
21335,,,,,,,,.freeobj 0;303;3.9;3;0,,.freeobj 1;303;-3.9;3;0,,,,,,,,,,
21341,,,,,,,,.freeobj 0;303;3.9;3;0,,.freeobj 1;303;-3.9;3;0,,,,,,,,,,
21343,,,.freeobj 0;610;9.2;1.8;90,.freeobj 1;610;-9.2;1.8;-90,,,.freeobj 0;614;9;1.1;180,.freeobj 1;614;-9;1.1;0
21348,,,.freeobj 0;614;9;1.1;180,.freeobj 1;614;-9;1.1;0
21349,,,,,,,,.freeobj 0;303;3.9;3;0,,.freeobj 1;303;-3.9;3;0,,,,,,,,,,
21350,,,,,,,,,,,,,,,,,,,,
.form 0;r;2;0,,,,,,,,,,,.freeobj 0;352;1.7;1,,.freeobj 1;352;-1.7;1,.form 4;r;2;0,.form 3;l;2;0,.freeobj 0;302;2;0;0,,,.freeobj 1;301;-2;0;0,
.form 1;l;2;0,.freeobj 0;105;0;0;0,,,,,,,,,,,,,,,,,,,
.freeobj 1;15;0.75;0;0,,,,,,,,,,,,,,,,,,,,
.freeobj 0;18;-0.75;0;0,,,,,,,,,,,,,,,,,,,,
,,,,,,,,,,,,,,,,,,,,
21353,,,.freeobj 0;614;9;1.1;180,.freeobj 1;614;-9;1.1;0
21355,,,,,.freeobj 1;221;-7;3.5;0,.freeobj 0;187;7;3.5;0,,,.freeobj 0;303;3.9;3;0,,.freeobj 1;303;-3.9;3;0,,,,,,,,,
21358,,,.freeobj 0;614;9;1.1;180,.freeobj 1;614;-9;1.1;0
21361,,,,,,,,.freeobj 0;303;3.9;3;0,,.freeobj 1;303;-3.9;3;0,,,,,,,,,,
21363,,,.freeobj 0;614;9;1.1;180,.freeobj 1;614;-9;1.1;0
21367,,.freeobj 0;303;3.9;3;0,,.freeobj 1;303;-3.9;3;0,,,,,,,,,,
21368,,,,.freeobj 0;609;9.2;1.2;90,,.freeobj 1;609;-9.2;1.2;-90,,.freeobj 0;614;9;1.1;180,.freeobj 1;614;-9;1.1;0
21373,,,,,,,,.freeobj 0;303;3.9;3;0,,.freeobj 1;303;-3.9;3;0,,,,,,,,,,
21375,,,,,,,,,,,,,,,,,,,,
.form 0;r;2;0,.freeobj 0;46;7;-0.6;0,,.freeobj 1;46;-7;-0.6;0,,,,,,,,.freeobj 0;351;1.7;1,,.freeobj 1;351;-1.7;1,,,,,,,
.form 1;l;2;0,,,.freeobj 0;187;3.2;3.5;0,,.freeobj 1;221;-3.2;3.5;0,,.freeobj 1;304;-7.25;0;0,,.freeobj 0;304;7.25;0;0,,,,,.form 4;r;2;0,.form 3;l;2;0,.freeobj 0;302;2;0;0,,,.freeobj 1;301;-2;0;0,
21379,,,,,,,,.freeobj 0;303;3.9;3;0,,.freeobj 1;303;-3.9;3;0,,,,,,,,,,
21385,,,,,,,,.freeobj 0;303;3.9;3;0,,.freeobj 1;303;-3.9;3;0,,,,,,,,,,
21388,,.freeobj 1;396;-5;0;-90
21391,,,,,,,,.freeobj 0;303;3.9;3;0,,.freeobj 1;303;-3.9;3;0,,,,,,,,,,
21395,,,,,,,,,,,,,,,,,,,,
,.freeobj 1;105;-0.4;0;0,,,,,,,,,,,,,,,,,,,
21397,,.freeobj 0;359;3;0;0,,.freeobj 1;14;-3;0;0,,,,.freeobj 0;303;3.9;3;0,,.freeobj 1;303;-3.9;3;0,,,,,,,,,,
21400,,,,,,,,,,,,,,,,,,,,,
.form 0;r;2;0,,,,,,,,,,,,,,,,,,,,
.form 1;l;2;0,,,.freeobj 0;305;7.25;0;0,,.freeobj 1;305;-7.25;0;0,,,,,.freeobj 0;350;1.7;1,,.freeobj 1;350;-1.7;1,,.form 4;r;2;0,.form 3;l;2;0,.freeobj 0;302;2;0;0,,,.freeobj 1;301;-2;0;0,
,.freeobj 0;105;0;0;0,,,,,,,,,,,,,,,,,,,
,,,,,,,,,,,,,,,,,,,,
.freeobj 1;15;0;0;0,,,,,,,,,,,,,,,,,,,,
.freeobj 0;18;0;0;0,,,,,,,,,,,,,,,,,,,,
,,,,,,,,,,,,,,,,,,,,
21403,,,,,,,,.freeobj 0;303;3.9;3;0,,.freeobj 1;303;-3.9;3;0,,,,,,,,,,
21409,,,,,,,,.freeobj 0;303;3.9;3;0,,.freeobj 1;303;-3.9;3;0,,,,,,,,,,
21415,,,,,,,,.freeobj 0;303;3.9;3;0,,.freeobj 1;303;-3.9;3;0,,,,,,,,,,
21417,,,.freeobj 0;614;9;1.1;180,.freeobj 1;614;-9;1.1;0
21420,,,.freeobj 0;607;9.1;1.7;90,.freeobj 1;607;-9.1;1.7;-90
21421,,,,.freeobj 1;221;-7;3.5;0,.freeobj 0;187;7;3.5;0,,,.freeobj 0;303;3.9;3;0,,.freeobj 1;303;-3.9;3;0,,,,,,,,,,
21422,,,.freeobj 0;608;9.1;1;90,.freeobj 1;608;-9.1;1;-90,,,.freeobj 0;622;4;-0.6;0,,,,.freeobj 1;630;-4;-0.6;0,,.freeobj 0;614;9;1.1;180,.freeobj 1;614;-9;1.1;0
21425,,,,,,,,,,,,.form 4;r;2;0,.form 3;l;2;0,.freeobj 0;302;2;0;0,,,.freeobj 1;301;-2;0;0,,,
.form 0;r;2;0,,,,,,,,,,,,,,,,,,,,
.form 1;l;2;0,.freeobj 0;106;2;0.2;0,,,,,,,,,,,,,,,,,,,
.stop 0,.freeobj 0;90;-0.25;1.5;0,,,,,,,,,,,,,,,,,,,
.freeobj 0;0,,,,,,,,,,,,,,,,,,,,
.freeobj 0;23;1.7;1,,,,,,,,,,,,,,,,,,,,
.freeobj 1;23;-1.7;1,,,,,,,,,,,,,,,,,,,,
.freeobj 0;25;3;1,,,,,,,,,,,,,,,,,,,,
.freeobj 0;26;4;1,,,,,,,,,,,,,,,,,,,,
.freeobj 1;26;-4;1,,,,,,,,,,,,,,,,,,,,
21427,,,,,,,,,.freeobj 0;303;3.9;3;0,,.freeobj 1;303;-3.9;3;0,,,,,,,,,
21433,,,,,,,,,.freeobj 0;303;3.9;3;0,,.freeobj 1;303;-3.9;3;0,,,,,,,,,
21439,,,,,,,,,.freeobj 0;303;3.9;3;0,,.freeobj 1;303;-3.9;3;0,,,,,,,,,
21445,,,,,,,,,.freeobj 0;303;3.9;3;0,,.freeobj 1;303;-3.9;3;0,,,,,,,,,
21450,,,,,,,,,,,,,,,,,,,,
.freeobj 1;306;,,,,,,,,,,,,,,,,,,,,
.wallend 0,,,,  .Brightness 200,,,,,,,,,,,,,,,,
.wallend 1,,,,,,,,,,,,,,,,,,,,.Announce Busan1\20-1.wav;,,,,,,,,,,,,,,,,,,,
.wall 0;1;0,,,,,,,,,,,,,,,,,,,,
.wall 1;-1;0,,,,,,,,,,,,,,,,,,,,
.railtype 0;32,,,,,,,,,,,,,,,,,,,,
.rail 1;-5;0;32,,,,,,,,,,,,,,,,,,,,
.dikeend 0,,,,,,,,,,,.railend 3,.railend 4,,,,,,,,
.dike 0;-1;0,,,,,,,,,,,,,,,,,,,,
21475,,,,  .Brightness -30,,,,,,,,,,,,,,,,
21500,,,,,,,,,,,,,,,,,,,,
21675,,,,,,,,,,,,,,,,,,,,
.wall 0;1;43,.wall 1;-1;43,.pitch 5,.dikeend 0,,.crack 0;1;1,.freeobj 0;243;-4.3;0;0,,,,,,,,,,,,,,
21700,,,,,.crack 0;1;1,,,,,,,,,,,,,,,
21725,,,,,.crack 0;1;1,,,,,,,,,,,,,,,
21750,,,,,.crack 0;1;1,,,,,,,,,,,,,,,
21775,,,,,.crack 0;1;1,,,,,,,,,,,,,,,
21800,,,,,.crack 0;1;1,,,,,,,,,,,,,,,
22075,,,,,,,,,,,,,,,,,,,,
.wall 0;1;32,.wall 1;-1;32,.railtype 0;1,.rail 1;-5;0;1,,.crack 0;1;1,,,,,,,,,,,,,,,
,,,,,,,,,,,,,,,,,,,,
22175,,,,,.crack 0;1;1,,,,,,,,,,,,,,,
22200,,,,,.crack 0;1;1,,,,,,,,,,,,,,,
,,,,,,,,,,,,,,,,,,,,
22225,.pitch 0,.wall 0;1;27,.wall 1;-1;27,,.freeobj 0;243;-4.3;0;0,,.crack 0;1;1,.freeobj 0;379;5;0;0,,,,,,,,,,,,
22250,,.dike 0;0;0,,.freeobj 0;379;5;0;0,,.wallend 0,,.rail 3;10;0;1,,.crack 3;0;1,,,,,,,,,,
22275,,.dike 0;-1;0,,.freeobj 0;379;5;0;-5,,,,,,.crack 3;0;1,,,,,,,,,,
22300,,,,.freeobj 0;379;2.5;0;-5,,,,,,.crack 3;0;1,,,,,,,,,,
,,,,,,,,,,,,,,,,,,,,
22325,,.wall 0;1;27,,.railend 3,,.crack 3;0;1,,,,,,,,,,
22425,,,,,,,,,,,,,,,,,,,,
22675,,,,,,,,,,,,,,,,,,,,
22700,,,,,  .Brightness -30,,,,,,,,,,,,,,,
22725,,,,,  .Brightness 200,,,,,,,,,,,,,,,
.wallend 0,,,,,,,,,,,,,,,,,,,,
.wallend 1,,,,,,,,,,,,,,,,,,,,
.wall 0;1;17,,,,,,,,,,,,,,,,,,,,
.wall 1;-1;17,,,,,,,,,,,,,,,,,,,,.Announce Busan1\21 down.wav;,,,,
.dikeend 0,,,,,,,,,,,,,,,,,,,,
.dike 0;-1;9,,.freeobj 1;244;,,,,,,,,,,,,,,,,,,
.railtype 0;4 ,,,,,,,,,,,,,,,,,,,,
.rail 1;-5;0;4,,,,,,,,,,,,,,,,,,,,
.sta 양정;10.3940;10.4005;0;1;0;1;\Busan1\sta.wav;0;30;\Busan1\go.wav;,,,,,,,,,,.freeobj 0;356;1.7;1,,.freeobj 1;356;-1.7;1,,,,,,,,
.form 0;r;2;0,,,,,,,,,,,,,,,,,,,,
.form 1;l;2;0,,,,,,.freeobj 0;24;1.7;1,,,,,,,,,,,,,,
,,,,,,.freeobj 1;24;-1.7;1,,,,,,,,,,,,,,
22748,,,.freeobj 0;614;7;1.1;180,.freeobj 1;614;-7;1.1;0
22750,,,,,,,,,,,,,,,,,,,,
.form 0;r;2;0,,,.freeobj 1;21,.freeobj 0;91;-1;1.5;0,,.freeobj 1;0;,,,,.freeobj 0;355;1.7;1,,.freeobj 1;355;-1.7;1,,,,,,,,
.form 1;l;2;0,.freeobj 1;105;-0.4;0;0,,,,,,,,,,,,,,,,,,,
22753,,,.freeobj 0;614;7;1.1;180,.freeobj 1;614;-7;1.1;0
22760,,,,,,,,,,,,,,,,,,,,
.freeobj 0;46;4;-0.6;0,.freeobj 1;128;-5.25;0;0,,.freeobj 0;128;5.25;0;0,,.freeobj 0;186;1.2;3.5;0,,.freeobj 1;220;-1.2;3.5;0,.freeobj 1;46;-4;-0.6;0,,,,,,,,,,,,
22770,,,.freeobj 1;3,,,,,,,,,,,,,,,,,
22775,,,,,,,,,,,,,,,,,,,,
.form 0;r;2;0,,,,,,,,,,.freeobj 0;354;1.7;1,,.freeobj 1;354;-1.7;1,,,,,,,,
.form 1;l;2;0,,.freeobj 0;359;3;0;0,,.freeobj 1;14;-3;0;0,,,,,,,,,,,,,,,,
.freeobj 1;15;0;0;0,,,,,,,,,,,,,,,,,,,,
.freeobj 0;18;0;0;0,,,,,,,,,,,,,,,,,,,,
22785,,,.freeobj 1;396;-5.8;0;0,.freeobj 0;396;5.8;0;0
22787,,,
22790,,,.freeobj 1;2,,,,,,,,,,,,,,,,,
,,.freeobj 1;105;-0.4;0;0,,,,,,,,,,,,,,,,,,
22792,,,.freeobj 0;614;7;1.1;180,.freeobj 1;614;-7;1.1;0
22797,,,.freeobj 0;614;7;1.1;180,.freeobj 1;614;-7;1.1;0
22800,,,,,,,,,,,,,,,,,,,,
.form 0;r;2;0,,,,.wallend 0,.wallend 1,,,,,.freeobj 0;353;1.7;1,,.freeobj 1;353;-1.7;1,,,,,,,,
.form 1;l;2;0,,,,,,,,,,,,,,,,,,,,
,,,,,,,,,,,,,,,,,,,,
.freeobj 1;15;0;0;0,,,,,,,,,,,,,,,,,,,,
.freeobj 0;18;0;0;0,,,,,,,,,,,,,,,,,,,,
22806,,,.freeobj 0;622;4;-0.6;0,,,,.freeobj 1;630;-4;-0.6;0
22807,,,.freeobj 0;611;7.2;1.1;90,,.freeobj 1;611;-6.5;1.1;90
22810,,,.freeobj 1;3,,,,,,,,,,,,,,,,,
22825,,,,,,.freeobj 1;319;0;0;180,,.freeobj 0;318;0;0;180,,,,,,,,,,,,
.form 0;r;2;0,,,,.wall 0;1;17,.wall 1;-1;17,,,,,,,,,,,,,,,
.form 1;l;2;0,.freeobj 0;105;0;0;0,,,,,.freeobj 1;88;-6.25;0;0,,.freeobj 0;89;6.25;0;0,,.freeobj 0;352;1.7;1,,.freeobj 1;352;-1.7;1,,,,,,,,
22830,,,.freeobj 1;2,,,,,,,,,,,,,,,,
22837,,,.freeobj 0;610;7.2;1.8;90,.freeobj 1;610;-7.2;1.8;-90,,
22833,,,.freeobj 0;614;7;1.1;180,.freeobj 1;614;-7;1.1;0
22838,,.freeobj 0;614;7;1.1;180,.freeobj 1;614;-7;1.1;0
22843,,,.freeobj 0;609;7.2;1.2;90,,.freeobj 1;609;-7.2;1.2;-90,.freeobj 0;614;7;1.1;180,.freeobj 1;614;-7;1.1;0
22850,,,.freeobj 1;3,,,,,,,,,,,,,,,,,
.form 0;r;2;0,,,,,,,,,,,,,,,,,,,,
.form 1;l;2;0,.freeobj 0;46;4;-0.6;0,,.freeobj 1;46;-4;-0.6;0,,,,,,,.freeobj 0;351;1.7;1,,.freeobj 1;351;-1.7;1,,,,,,,,
.freeobj 1;15;0.75;0;0,,,,,,,,,,,,,,,,,,,,
.freeobj 0;18;-0.75;0;0,,,,,,,,,,,,,,,,,,,,
22855,,,,,,,,,,,,,,,,,,,,
.freeobj 0;128;5.25;0;0,,.freeobj 1;128;-5.25;0;0,,.freeobj 1;220;-1.2;3.5;0,,.freeobj 0;186;1.2;3.5;0,,,,,,,,,,,,,,
22870,,,,,,,,,,,,,,,,,,,,
.freeobj 1;105;-0.4;0;0,,,.freeobj 1;2,,,,,,,,,,,,,,,,,
22875,,,,,,,,,,,,,,,,,,,,
.form 0;r;2;0,,,,,,,,,,,,,,,,,,,,
.form 1;l;2;0,.freeobj 0;105;0;0;0,,.freeobj 1;220;-1.2;3.5;0,,.freeobj 0;186;1.2;3.5;0,,.freeobj 0;129;5.25;0;0,,.freeobj 1;129;-5.25;0;0,,,,,,,,,,,
.freeobj 0;359;3;0;0,,,,,,,,,,.freeobj 0;350;1.7;1,,.freeobj 1;350;-1.7;1,,,,,,,,
.freeobj 1;14;-3;0;0,,,,,,,,,,,,,,,,,,,,
.freeobj 1;15;0;0;0,,,,,,,,,,,,,,,,,,,,
.freeobj 0;18;0;0;0,,,,,,,,,,,,,,,,,,,,
22890,,,.freeobj 1;4,,,,,,,,,,,,,,,,,
22892,,,.freeobj 0;614;7;1.1;180,.freeobj 1;614;-7;1.1;0
22895,,,,.freeobj 0;607;7;1.7;90,.freeobj 1;607;-7;1.7;-90
22897,,,.freeobj 0;614;7;1.1;180,.freeobj 1;614;-7;1.1;0
22898,,,.freeobj 0;608;7.1;1;90,.freeobj 1;608;-7.1;1;-90,,,.freeobj 0;622;4;-0.6;0,,,,.freeobj 1;630;-4;-0.6;0
22900,,,,,,,,,,,,,,,,,,,,
.form 0;r;2;0,,,,,,,,,,,,,,,,,,,,
.form 1;l;2;0,,,,,,,,,,,,,,,,,,,,
.freeobj 0;0;,,,,,,,,,,,,,,,,,,,,
.stop 0,.freeobj 0;90;-0.25;1.5;0,,,,,,,,,,,,,,,,,,,
.freeobj 0;23;1.7;1,.freeobj 0;106;2;0.2;0,,,,,,,,,,,,,,,,,,,
.freeobj 1;23;-1.7;1,,,,,,,,,,,,,,,,,,,,
.freeobj 0;25;3;1,,,,,,,,,,,,,,,,,,,,
.freeobj 0;26;4;1,,,,,,,,,,,,,,,,,,,,
.freeobj 1;26;-4;1,,,,,,,,,,,,,,,,,,,,
22925,,,,,,,,,,,,,,,,,,,,
.freeobj 1;244;,,,,,,,,,,,,,,,,,,,,
,,,,,,,,,,,,,,,,,,,,
.wallend 0,,,,,,,,,,,,,,,,,,,,
.wallend 1,,.Brightness 200,,,,,,,,,,,,,,,,,,
.wall 0;1;27,,,,,,,,,,,,,,,,,,,,
.wall 1;-1;27,,,,,,,.Announce Busan1\22.wav;,,,,,,,,,,,,,
.railtype 0;1,,,,,,,,,,,,,,,,,,,,
.rail 1;-5;0;1,,,,,,,,,,,,,,,,,,,,
.dikeend 0,.dike 0;-1;0,,,,,,,,,,,,,,,,,,,
,,,,,,,,,,,,,,,,,,,,
22950,,.Brightness -30,,,,,,,,,,,,,,,,,,
,,,,,,,,,,,,,,,,,,,,
23400,,,,,.pitch -20,,,,,,,,,,,,,,,
,,,,,,,,,,,,,,,,,,,,
,,,,,,,,,,,,,,,,,,,,
,,,,,,,,,,,,,,,,,,,,
23650,,.Brightness -30,,,.pitch 0,,,,,,,,,,,,,,,
23675,,,,,,,,,,,,,,,,,,,,
.wallend 0,,,,,,,,,,,,,,,,,,,,
.wallend 1,,.Brightness 200,,,,,,,,,,,,,,,,,,
.wall 0;1;16,,,,,,,,,,,,,,,,,,,,
.wall 1;-1;16,,,,,,,,,,,,,,,,,,,,
.dikeend 0,,,,,,,,,,,,,,,,,,,,
.dike 0;-1;3,,,,,,,,,,,,,,,,,,,,
.railtype 0;4 ,,,,,,,,,,,,,,,,,,,,
.rail 1;-5;0;4,,,,,,,,,,,,,,,,,,,,
.sta 시청(연제);10.4125;10.4150;0;1;0;1;\Busan1\sta.wav;0;30;\Busan1\go.wav;,,,,,,,.freeobj 1;250;,,.freeobj 0;356;1.7;1,,.freeobj 1;356;-1.7;1,,,,,,,,,
.form 0;r;2;0,,,,,,,,,,,,,,,,,,,,
.form 1;l;2;0,.freeobj 0;91;-1;1.5;0,,,,,,,,,,,,,,,,,,,
.freeobj 1;0;,,,,,,,,,,,,,,,,,,,,
.freeobj 1;15;0;0;0,,,,,,,,,,,,,,,,,,,,
.freeobj 0;18;0;0;0,,,,,,,,,,,,,,,,,,,,
.freeobj 0;24;1.7;1,,,,,,,,,,,,,,,,,,,,
.freeobj 1;24;-1.7;1,,,,,,,,,,,,,,,,,,,,
23695,,.Freeobj 0;509;4;3.2;0,,.Freeobj 1;509;-4;3.2;0
23698,,,.freeobj 0;614;7;1.1;180,.freeobj 1;614;-7;1.1;0
23700,,,,,,,,,,,,,,,,,,,,
.form 0;r;2;0,,,,,,,,,.freeobj 0;355;1.7;1,,.freeobj 1;355;-1.7;1,,,,,,,,,
.form 1;l;2;0,.freeobj 1;105;-0.4;0;0,,,,,,,,,,,,,,,,,,,
,,,,,,,,,,,,,,,,,,,,
,,,,,,,,,,,,,,,,,,,,
.freeobj 1;15;0.75;0;0,,,,,,,,,,,,,,,,,,,,
.freeobj 0;18;-0.75;0;0,,,,,,,,,,,,,,,,,,,,
,,,,,,,,,,,,,,,,,,,,
.form 0;r;2;0,,,,,,,,,,,,,,,,,,,,
.form 1;l;2;0,.freeobj 0;105;0;0;0,,,,,,,,,,,,,,,,,,,
23703,,,.freeobj 0;614;7;1.1;180,.freeobj 1;614;-7;1.1;0
23710,,,,,,,,,,,,,,,,,,,,
.freeobj 0;185;1.2;3.5;0,.freeobj 1;219;-1.2;3.5;0,.freeobj 0;126;5.25;0;0,.freeobj 1;126;-5.25;0;0,,.freeobj 1;46;-4;-0.6;0,.freeobj 0;46;4;-0.6;0,,,,,,,,,,,,,,
23719.5,.freeobj 1;396;-5;0;-90,.freeobj 0;396;5;0;90
,,,,,,,,,,,,,,,,,,,,
23725,,,,,,,,,.freeobj 0;354;1.7;1,,.freeobj 1;354;-1.7;1,,,,,,,,,
.form 0;r;2;0,,,,,,,,,,,,,,,,,,,,
.form 1;l;2;0,,,,,,,,,,,,,,,,,,,,
.freeobj 1;15;0;0;0,,.freeobj 1;14;-3;0;0,,.freeobj 0;359;3;0;0,,,,,,,,,,,,,,,,
.freeobj 0;18;0;0;0,,,,,,,,,,,,,,,,,,,,
23735,,,,,,,,,,,,,,,,,,,,
,,,,,,,,,,,,,,,,,,,,
.freeobj 0;127;5.25;0;0,.freeobj 1;127;-5.25;0;0,.freeobj 0;185;1.2;3.5;0,.freeobj 1;219;-1.2;3.5;0,,,,,,,,,,,,,,,,,
23740,,,,,,,,,,,,,,,,,,,,
,.freeobj 1;105;-0.4;0;0,,,,,,,,,,,,,,,,,,,
,,,,,,,,,,,,,,,,,,,,
23750,,,,,,,,,,,,,,,,,,,,
.form 0;r;2;0,,,,,,,,,.freeobj 0;353;1.7;1,,.freeobj 1;353;-1.7;1,,,,,,,,,
.form 1;l;2;0,,,,,,,,,,,,,,,,,,,,
,,.freeobj 1;88;-6.25;0;0,,.freeobj 0;89;6.25;0;0,,,,,,,,,,,,,,,,
,,,,,,,,,,,,,,,,,,,,
.freeobj 1;15;0;0;0,,,,,,,,,,,,,,,,,,,,
.freeobj 0;18;0;0;0,,,,,,,,,,,,,,,,,,,,
23756,,,.freeobj 0;622;4;-0.6;0,,,,.freeobj 1;630;-4;-0.6;0
23767,,,.freeobj 0;611;7.2;1.1;90,,.freeobj 1;611;-6.5;1.1;90
23775,,,,,,,,,,,,,,,,,,,,
.form 0;r;2;0,,,,,,,,,.freeobj 0;352;1.7;1,,.freeobj 1;352;-1.7;1,,,,,,,,,
.form 1;l;2;0,,,,,,,,,,,,,,,,,,,,
23783,,.freeobj 0;614;7;1.1;180,.freeobj 1;614;-7;1.1;0
23788,,,.freeobj 0;614;7;1.1;180,.freeobj 1;614;-7;1.1;0
23793,,,.freeobj 0;609;7.2;1.2;90,,.freeobj 1;609;-7.2;1.2;-90,.freeobj 0;614;7;1.1;180,.freeobj 1;614;-7;1.1;0
23800,,,,,,,,,,,,,,,,,,,,
.form 0;r;2;0,,,.freeobj 1;219;-1.2;3.5;0,,.freeobj 1;126;-5.25;0;0,,.freeobj 0;126;5.25;0;0,,.freeobj 0;105;0;0;0,,,,,,,,,,,
.form 1;l;2;0,,,,,,,,,.freeobj 0;351;1.7;1,,.freeobj 1;351;-1.7;1,,,,,,,,,
.freeobj 1;15;0.75;0;0,,,,,,,,,,,,,,,,,,,,
.freeobj 0;18;-0.75;0;0,.freeobj 0;46;4;-0.6;0,,.freeobj 1;46;-4;-0.6;0,,,,,,,,,,,,,,,,,
23780,,,.freeobj 0;610;7.2;1.8;90,.freeobj 1;610;-7.2;1.8;-90,,
23815,,,,,,,,,,,,,,,,,,,,
,.freeobj 1;105;-0.4;0;0,,,,,,,,,,,,,,,,,,,
23825,,,,,,,,,,,,,,,,,,,,
.form 0;r;2;0,,,.freeobj 1;219;-1.2;3.5;0,,.freeobj 1;127;-5.25;0;0,,.freeobj 0;127;5.25;0;0,,.freeobj 0;185;1.2;3.5;0,,,,,,,,,,,
.form 1;l;2;0,.freeobj 0;105;0;0;0,,,,,,,,.freeobj 0;350;1.7;1,,.freeobj 1;350;-1.7;1,,,,,,,,,
.freeobj 0;359;3;0;0,,,,,,,,,,,,,,,,,,,,
.freeobj 1;14;-3;0;0,,,,,,,,,,,,,,,,,,,,
.freeobj 1;15;0;0;0,,,,,,,,,,,,,,,,,,,,
.freeobj 0;18;0;0;0,,,,,,,,,,,,,,,,,,,,
,,,,,,,,,,,,,,,,,,,,
23835,,.Freeobj 1;509;-4;3.2;0,,.Freeobj 0;509;4;3.2;0
23842,,,.freeobj 0;614;7;1.1;180,.freeobj 1;614;-7;1.1;0
23845,,,,.freeobj 0;607;7;1.7;90,.freeobj 1;607;-7;1.7;-90
23847,,,.freeobj 0;614;7;1.1;180,.freeobj 1;614;-7;1.1;0
23848,,,.freeobj 0;608;7.1;1;90,.freeobj 1;608;-7.1;1;-90,,,.freeobj 0;622;4;-0.6;0,,,,.freeobj 1;630;-4;-0.6;0
23850,,,,,,,,,,,,,,,,,,,,
.form 0;r;2;0,,,,,,,,,,,,,,,,,,,,
.form 1;l;2;0,.freeobj 0;106;2;0.2;0,,,,,,,,,,,,,,,,,,,
.stop 0,.freeobj 0;90;-0.25;1.5;0,,,,,,,,,,,,,,,,,,,
.freeobj 0;0,,,,,,,,,,,,,,,,,,,,
.freeobj 0;23;1.7;1,,,,,,,,,,,,,,,,,,,,
.freeobj 1;23;-1.7;1,,,,,,,,,,,,,,,,,,,,
.freeobj 0;25;3;1,,,,,,,,,,,,,,,,,,,,
.freeobj 0;26;4;1,,,,,,,,,,,,,,,,,,,,
.freeobj 1;26;-4;1,,,,,,,,,,,,,,,,,,,,
,,,,,,,,,,,,,,,,,,,,
23875,,,,,,,,,,,,,,,,,,,,
,,,,,,,,,,,,,,,,,,,,
.freeobj 1;250;,,,,.pitch 8,,,,,,,,,,,,,,,,
.wallend 0,,,,,,,,,,,,,,,,,,,,
.wallend 1,,,,,,,,,,,,,,,,,,,,
.wall 0;1;27,,.Brightness 200,,,,,,,,,,,,,,,,,,
.wall 1;-1;27,,,,,,,,,,,,,,,,,,,,
.railtype 0;1,,,,,,,,,,,,,,,,,,,,
.rail 1;-5;0;1,,,,,,,,,,,,,,,,,,,,
.dikeend 0,,,,,,,,,,,,,,,,,,,,
.dike 0;-1;0,,,,,,,,,,,,,,,,,,,,
23900,,.Brightness -30,,,,,,,,,,,,,,,,,,
,,,,,,,,,,,,,,,,,,,,
,,,,,,,,,,,,,,,,,,,,
23975,.Announce Busan1\23 down.wav;,,,,,,,,,,,,,,,,,,,
,,,,,,,,,,,,,,,,,,,,
24360,,,,,,.pitch -23,,,,,,,,,,,,,,
24380,,,,,,,,,,,,,,,,,,,,
24400,,,,.Section 0;10;23,,,,,,,,,,,,,,,,
24420,,,,,,,,,,,,,,,,,,,,
24440,,,,,,,,,,,,,,,,,,,,
24460,,,,,,,,,,,,,,,,,,,,
24480,,,,,,,,,,,,,,,,,,,,
24500,,,,,,,,,,,,,,,,,,,,
.wall 0;1;45,.wall 1;-1;45,,,,,,,,,,,,,,,,,,,
24525,.curve -600;30,,.railtype 0;26,,,.pitch 0,,,,,,,,,,,,,,
,,.Brightness -30,,,,,,,,,,,,,,,,,,
24550,,,,,,,,,,,,,,,,,,,,
.railend 3,.wallend 3,,,,,,,.rail 3;12;0;1,.form 3;l;2;0,.rail 4;-17;0;1,.form 4;r;2;0,,,,,,,,,
.curve -600;30,,,.Brightness 200,,,,,.freeobj 1;249;,,,,,,,,,,,,
.wallend 0,,,,,,,,,,,,,,,,,,,,
.wallend 1,,,,,,,,,,,,,,,,,,,,
,,,,,,,,,,,,,,,,,,,,
,,,,,,,,,,,,,,,,,,,,
.dike 0;-1;8,.dikeend 1,,,,,,,,,,,,,,,,,,,
.railtype 0;38,,,,,,,,,,,,,,,,,,,,
.rail 1;-5;0;38,,,,,,,,,,,,,,,,,,,,
.sta 연산;10.4305;10.4405;0;1;0;1;\Busan1\sta sm.wav;0;70;\Busan1\go.wav;,,,,,,,,,.freeobj 0;356;1.7;1,,.freeobj 1;356;-1.7;1,,,.freeobj 1;308;-2;0;0,,.freeobj 0;307;2;0;0,,,,
.form 0;r;2;0,,,.freeobj 1;249;,,,,,,,,,,,,,,,,,
.form 1;l;2;0,,,,,,,,,,,,,,,,,,,,
,,,,,,,,,,,,,,,,,,,,
.freeobj 0;24;1.7;1,,,,,,,,,,,,,,,,,,,,
.freeobj 1;24;-1.7;1,,,,,,,,,,,,,,,,,,,,
,,,,,,,,,,,,,,,,,,,,
,,,,.freeobj 1;16;-2;0;0,,.freeobj 0;19;2;0;0,,,,,,,,,,,,,,
,,,,,,,,,,,,,,,,,,,,
.form 0;r;2;0,,,,,,,,,,,,,,,,,,,,
.form 1;l;2;0,,,,,,,,,,,,,,,,,,,,
24557,,,,,,,,.freeobj 0;311;3.9;3;0,,.freeobj 1;311;-3.9;3;0,,,,,,,,,,
24565,,,,,,,,.freeobj 0;311;3.9;3;0,,.freeobj 1;311;-3.9;3;0,,,,,,,,,,
24568,,,.freeobj 0;614;9;1.1;180,.freeobj 1;614;-9;1.1;0
24570,,,,,,.freeobj 0;184;7;3.5;0,,.freeobj 1;218;-7;3.5;0,,,,,,,,,,,,
24573,,,,,,,,.freeobj 0;311;3.9;3;0,,.freeobj 1;311;-3.9;3;0,,,,,,,,,,.Freeobj 0;509;4;3.2;0,,.Freeobj 1;509;-4;3.2;0,,,.freeobj 0;614;9;1.1;180,.freeobj 1;614;-9;1.1;0
24575,,,,.freeobj 1;0;,,,,.freeobj 0;20;0;0;0,,.freeobj 1;105;-0.4;0;0,,,,,,.freeobj 0;91;-1;1.5;0,,,,
.form 0;r;2;0,.freeobj 0;359;3;0;0,.freeobj 1;14;-3;0;0,,,,,,,.freeobj 0;355;1.7;1,,.freeobj 1;355;-1.7;1,,,.form 3;l;2;0,.form 4;r;2;0,,,,,
.form 1;l;2;0,.freeobj 0;105;0;0;0,,,,,,,,,.freeobj 1;46;-7;-0.6;0,,.freeobj 0;46;7;-0.6;0,,.freeobj 1;308;-2;0;0,,.freeobj 0;307;2;0;0,,,,
24578,,,.freeobj 0;614;9;1.1;180,.freeobj 1;614;-9;1.1;0
24581,,,,,,,,.freeobj 0;311;3.9;3;0,,.freeobj 1;311;-3.9;3;0,,,,,,,,,,
24585,,,,,,,,,,.freeobj 0;124;7.25;0;0,,.freeobj 1;124;-7.25;0;0,,,,,,,,
24589,,,,,,,,.freeobj 0;311;3.9;3;0,,.freeobj 1;311;-3.9;3;0,,,,,,,,,,
24597,,,,,,,,.freeobj 0;311;3.9;3;0,,.freeobj 1;311;-3.9;3;0,,,,,,,,,,
24600,,,,,,,,,,,,,,,,,,,,
.form 0;r;2;0,,,,,,,,,.freeobj 0;354;1.7;1,,.freeobj 1;354;-1.7;1,,,.form 3;l;2;0,.form 4;r;2;0,,,,,
.form 1;l;2;0,,,,.freeobj 1;15;0;0;0,,.freeobj 0;18;0;0;0,,,.Doppler Busan1\sta sm.wav; -2.2;3;,,,,,.freeobj 1;308;-2;0;0,,.freeobj 0;307;2;0;0,,,,
,,,,,,,,,,,,,,,,,,,,
24605,,,,,,,,,,,,,,,,,,,,
,,,,,,,,.freeobj 0;125;7.25;0;0,,.freeobj 1;125;-7.25;0;0,,.freeobj 0;184;3.2;3.5;0,,.freeobj 1;218;-3.2;3.5;0,,,,,,
,,,,,,,,,.freeobj 0;311;3.9;3;0,,.freeobj 1;311;-3.9;3;0,,,,,,,,,
24613,,,,,,,,,.freeobj 0;311;3.9;3;0,,.freeobj 1;311;-3.9;3;0,,,,,,,,,
24615,,,,,,,,,,,,,,,,,,,,
,.freeobj 1;105;-0.4;0;0,,,,,,,,,,,,,,,,,,,
24621,,,,,,,,,.freeobj 0;311;3.9;3;0,,.freeobj 1;311;-3.9;3;0,,,,,,,,,
24625,,,,,,,,,,,,,,,,,,,,
,,,,,,,,,,,,,,,,,,,,
,,,,,.freeobj 1;15;-1;0;0,,.freeobj 0;18;1;0;0,,,,,,,,,,,,,
.form 0;r;2;0,,,,,,,,,.freeobj 0;353;1.7;1,,.freeobj 1;353;-1.7;1,,,.form 3;l;2;0,.form 4;r;2;0,,,,,
.form 1;l;2;0,.freeobj 0;270;4;-0.6;0,,.freeobj 1;270;-4;-0.6;0,,,,,,,,,,,.freeobj 1;310;-2;0;0,,.freeobj 0;309;2;0;0,,,,
.freeobj 0;359;3;0;0,,,,,,,,,,,,,,,,,,,,
.freeobj 1;14;-3;0;0,,,,,,,,,,,,,,,,,,,,
.freeobj 1;15;0;0;0,,,,,,,,,,,,,,,,,,,,
.freeobj 0;18;0;0;0,,,,,,,,,,,,,,,,,,,,
,,,,,,,,,,,,,,,,,,,,
24629,,,,,,,,,.freeobj 0;311;3.9;3;0,,.freeobj 1;311;-3.9;3;0,,,,,,,,,
24631,,,.freeobj 0;623;4;-0.6;0,,,,.freeobj 1;630;-4;-0.6;0
24637,,,,,,,,,.freeobj 0;311;3.9;3;0,,.freeobj 1;311;-3.9;3;0,,,,,,,,,
24645,,,,,,,,,.freeobj 0;311;3.9;3;0,,.freeobj 1;311;-3.9;3;0,,,,,,,,,
24650,,,,,,,,,,,,,,,,,,,,
.form 0;r;2;0,,,,,,.freeobj 1;17;-1;0;0,,.freeobj 0;20;1;0;0,,,,,,.form 3;l;2;0,.form 4;r;2;0,,,,,
.form 1;l;2;0,.freeobj 0;105;0;0;0,,,,,,,,.freeobj 0;352;1.7;1,,.freeobj 1;352;-1.7;1,,,.freeobj 1;310;-2;0;0,,.freeobj 0;309;2;0;0,,,,
,,,,,,,,,,,,,,,,,,,,
24653,,,,,,,,,.freeobj 0;311;3.9;3;0,,.freeobj 1;311;-3.9;3;0,,,,,,,,,
24661,,,,,,,,,.freeobj 0;311;3.9;3;0,,.freeobj 1;311;-3.9;3;0,,,,,,,,,
24669,,,,,,,,,.freeobj 0;311;3.9;3;0,,.freeobj 1;311;-3.9;3;0,,,,,,,,,
,,,,,,,,,,,,,,,,,,,,
24675,,,,,,,,,,,,,,,,,,,,
.form 0;r;2;0,,,,,,,,,.freeobj 0;351;1.7;1,,.freeobj 1;351;-1.7;1,,,.form 3;l;2;0,.form 4;r;2;0,,,,,
.form 1;l;2;0,,,,,,,,,.Doppler Busan1\sta sm.wav; -2.2;3;,,,,,.freeobj 1;308;-2;0;0,,.freeobj 0;307;2;0;0,,,,
.freeobj 1;15;0.75;0;0,,,,,,,,,,,,,,,,,,,,
.freeobj 0;18;-0.75;0;0,.freeobj 0;46;7;-0.6;0,,.freeobj 1;46;-7;-0.6;0,,,,,,,,,,,,,,,,,
,,,,,,,,,,,,,,,,,,,,
24677,,,,,,,,,.freeobj 0;311;3.9;3;0,,.freeobj 1;311;-3.9;3;0,,,,,,,,,
24685,,,,.freeobj 1;124;-7.25;0;0,,.freeobj 0;184;3.2;3.5;0,,.freeobj 1;218;-3.2;3.5;0,,.freeobj 0;124;7.25;0;0,,,,,,,,,,
,,,,,,,,.freeobj 0;311;3.9;3;0,,.freeobj 1;311;-3.9;3;0,,,,,,,,,,
24693,,,,,,,,.freeobj 0;311;3.9;3;0,,.freeobj 1;311;-3.9;3;0,,,,,,,,,,
24695,,,,,,,,,,,,,,,,,,,,
,.freeobj 1;105;-0.4;0;0,,,,,,,,,,,,,,,,,,,
24700,,,,,,,,,,,,,,,,,,,,
.form 0;r;2;0,,,,,,,,,.freeobj 0;350;1.7;1,,.freeobj 1;350;-1.7;1,,,,,,,,,
.form 1;l;2;0,.freeobj 0;105;0;0;0,,,,,,,,,,,,,.form 3;l;2;0,.form 4;r;2;0,,,,,
.freeobj 0;359;3;0;0,,,,,,,,,,,,,,.freeobj 1;308;-2;0;0,,.freeobj 0;307;2;0;0,,,,
.freeobj 1;14;-3;0;0,,,,,,,,,,,,,,,,,,,,
.freeobj 1;15;0;0;0,,,,,,,,,,,,,,,,,,,,
.freeobj 0;18;0;0;0,,,,,,,,,,,,,,,,,,,,
,,,,,,,,,,,,,,,,,,,,
24701,,,,,,,,,.freeobj 0;311;3.9;3;0,,.freeobj 1;311;-3.9;3;0,,,,,,,,,,
24705,,,,.freeobj 1;125;-7.25;0;0,,,,,,.freeobj 0;125;7.25;0;0,,,,,,,,,,,.Freeobj 0;509;4;3.2;0,,
24709,,,,,,,,,.freeobj 0;311;3.9;3;0,,.freeobj 1;311;-3.9;3;0,,,,,,,,,,.freeobj 0;609;5.2;1.2;90,,.freeobj 1;609;-5.2;1.2;-90
24715,,,.freeobj 0;614;9;1.1;180,.freeobj 1;614;-9;1.1;0
24717,,,,,,,,,.freeobj 0;311;3.9;3;0,,.freeobj 1;311;-3.9;3;0,,,,,,,,,.Freeobj 1;509;-4;3.2;0
24720,,,,.freeobj 0;614;9;1.1;180,.freeobj 1;614;-9;1.1;0,.freeobj 0;607;9.1;1.7;90,.freeobj 1;607;-9.1;1.7;-90
24723,,,.freeobj 0;608;9.1;1;90,.freeobj 1;608;-9.1;1;-90,,,.freeobj 0;623;4;-0.6;0,,,,.freeobj 1;630;-4;-0.6;0
24725,,,,,,,,,,,,,,,,,,,,
.form 0;r;2;0,,,,,,,,,,,,,,,,,,,,
.form 1;l;2;0,.freeobj 0;106;2;0.2;0,,,,,.freeobj 1;218;-7;3.5;0,,.freeobj 0;184;7;3.5;0,,,,,,.form 3;l;2;0,.form 4;r;2;0,,,,,
.stop 0,.freeobj 0;90;-0.25;1.5;0,,,,,,,,,,,,,.freeobj 1;308;-2;0;0,,.freeobj 0;307;2;0;0,,,,
.freeobj 0;0,,,,,,,,,,,,,,,,,,,,
.freeobj 0;23;1.7;1,,,,,,,,,,,,,,,,,,,,
.freeobj 1;23;-1.7;1,,,,,,,,,,,,,,,,,,,,
.freeobj 0;25;3;1,,,,,,,,,,,,,,,,,,,,
.freeobj 0;26;4;1,,,,,,,,,,,,,,,,,,,,
.freeobj 1;26;-4;1,,,,,,,,,,,,,,,,,,,,,.freeobj 0;614;9;1.1;180,.freeobj 1;614;-9;1.1;0
24733,,,,,,,.freeobj 0;311;3.9;3;0,,.freeobj 1;311;-3.9;3;0,,,,,,,,,,,
24741,,,,,,,.freeobj 0;311;3.9;3;0,,.freeobj 1;311;-3.9;3;0,,,,,,,,,,,
24750,,,,,,,,,,,,,,,,,,,,
.freeobj 1;249;,.railtype 0;26,,.Brightness 200,,,,,,,,,,,,,,,,,
.wallend 0,.rail 1;-5;0;26,,,,,,,,,.railend 3,.railend 4,,,.form 3;l;2;0,.form 4;r;2;0,,,,,
.wallend 2,.dikeend 0,,,.pitch 10,,,,,,,,,,.freeobj 1;308;-2;0;0,,.freeobj 0;307;2;0;0,,,,
.wall 0;1;45,.dike 0;-1;0,,,,,,,,,,,,,,,,,,,
.wall 1;-1;45,,,,,,,,,,,,,,,,,,,,
24775,,,.Brightness -30,,,,,,,,,,,,,,,,,.Announce Busan1\23-1.wav;,,,,,,,,,,,,,,,,,,,
24800,,.wall 0;1;27,.wall 1;-1;27,,,.Rail 2; 5; 0;32,,.wall 2;1;0,,,,,,,,,,,,
24825,,.curve 0,.railtype 0;1,.rail 1;-5;0;1,.wallend 0 ,.dike 0;0;0,,,,,,,,,,,,,,
24850,,,,,,.dike 0;-1;0,,,,,,,,,,,,,,
,,.Rail 2; 5; 0;12,,,,,,,.crack 2;1;1,,,,,,,,,,,
24875,,.Rail 2; 2.5; 0;11,,,,,,,,,,,,,,,,,,
24900,,.Rail 2; 0; 0;32,,.railtype 0;32,,,.wallend 2,.wall 0;1;0,,,,,,,,,,,,
24925,,.Rail 2; 0; 0;12,,,,.dikeend 0,,.wall 1;-1;0,.crack 0;1;1,,.rail 1;-5;0;32,,.freeobj 1;107;0;1.25;0,,.freeobj 0;107;3.6;1.25;0,,,,,
24950,,.Rail 2; -2.5; 0;11,,,,,,,.crack 0;1;1,,,,,,,,,,,
24975,,.Rail 2; -5; 0;11,,.railend 2,,,.wall 0;1;27,.wall 1;-1;27,.crack 0;1;1,.railtype 0;1,.rail 1;-5;0;1,,,,,,,,,
25000,,.dike 0;-1;0,,.pitch -5,.Section 0;10;25,,,,,,,,,,,,,,,
25100,,.freeobj 1;21,,,,,,,,,,,.Doppler Busan1\HWANPUNG.wav; -2.2;3;,,,,,,,
25120,,.freeobj 1;3,,,,,,,,,,,,,,,,,,
25140,,.freeobj 1;2,,,,,,,,,,,,,,,,,,
25160,,.freeobj 1;3,,,,,,,,,,,,,,,,,,
25180,,.freeobj 1;2,,,,,,,,,,,,,,,,,,
25200,,.freeobj 1;3,,.pitch 14,,,,,,,,,,,,,,,,
25220,,.freeobj 1;2,,,,,,,,,,,,,,,,,,
25240,,.freeobj 1;4,,,,,,,,,,,,,,,,,,
,,,,,,,,,,,,,,,,,,,,
25555,,,,.pitch 8,,,,,,,,,,,,,,,,
25625,,,,,,,,,,,,,,,,,,,,
.curve 700;10,,.railtype 0;28,,,,,,,,,,,,,,,,,,
25725,,,,,,,,,,,,,,,,,,,,
,,,,,,,,,.Announce Busan1\24.wav;,,,,,,,,,,,
25750,,,,,,,,,,,,,,,,,,,,
.curve 0,,.railtype 0;1,,.Brightness -30,,.pitch 0,,,,,,,,,,,,,,
25775,,,,,,,,,,,,,,,,,,,,
.wall 0;1;46,.wallend 0,.wallend 1,.dikeend 0,.Brightness 200,,,,,,,,,,,,,,,,
.wall 1;-1;46,,,,,,,,,,,,,,,,,,,,
.dike 0;-1;1,,,,,,,,,,,,,,,,,,,,
.railtype 0;4,,,,,,,,,,,,,,,,,,,,
.rail 1;-5;0;4,,,,,,,,,,,,,,,,,,,,
.sta 교대;10.4540;10.4605;0;1;0;1;\Busan1\sta.wav;0;30;\Busan1\go.wav;,,,,,,,,,,,,,,,,,,,,
.form 0;r;2;0,,,.freeobj 1;248;,,,,,,,,,,,,,,,,,
.form 1;l;2;0,,,,,,,,,,,,,,,,,,,,
,,,,,,,,,,,,,,,,,,,,
,,,,,,,,,,,,,,,,,,,,
,,,,,,,,,,,.freeobj 0;356;1.7;1,,.freeobj 1;356;-1.7;1,,,,,,,
.freeobj 0;24;1.7;1,,,,,,,,,,,,,,,,,,,,
.freeobj 1;24;-1.7;1,,,,,,,,,,,,,,,,,,,,
,,,,,,,,,,,,,,,,,,,,
.form 0;r;2;0,,,,,,,,,,,,,,,,,,,,
.form 1;l;2;0,,,,,,,,,,,,,,,,,,,,
,.wall 0;1;14,,,,,,,,,,,,,,,,,,,
,.wall 1;-1;14,,,,,,,,,,,,,,,,,,,
25800,,,,,,,,,,,,,,,,,,,,
.form 0;r;2;0,.freeobj 0;46;4;-0.6;0,,.freeobj 1;46;-4;-0.6;0,,,,,,,,.freeobj 0;359;3;0;0,,.freeobj 1;14;-3;0;0,,.freeobj 1;0;,.freeobj 0;91;-1;1.5;0,,,,
.form 1;l;2;0,.freeobj 0;105;0;0;0,,,,,,,,,,.freeobj 0;355;1.7;1,,.freeobj 1;355;-1.7;1,,,,,,,
.freeobj 1;15;0;0;0,,,,,,.wall 0;1;46,.wall 1;-1;46,,,,,,,,,,,,,
.freeobj 0;18;0;0;0,,,,,,,,,,,,,,,,,,,,
,,,,,,,,,,,,,,,,,,,,
25825,,,,,,,,,,,,,,,,,,,,
.form 0;r;2;0,,,,,,,,,,,,,,,,,,,,
.form 1;l;2;0,,,,,,,,,,,.freeobj 0;354;1.7;1,,.freeobj 1;354;-1.7;1,,,,,,,
.freeobj 1;15;0;0;0,,,,,,,,,,,,,,,,,,,,
.freeobj 0;14;4;0;0,,,,,,,,,,,,,,,,,,,,
,,,,,,,,,,,,,,,,,,,,
25840,,,,,,.wall 0;1;14,.wall 1;-1;14,,,,,,,,,,,,,
,.freeobj 1;105;-0.4;0;0,,.freeobj 1;88;-6.25;0;0,.freeobj 0;89;6.25;0;0,,,,,,,,,,,,,,,,
25850,,,,,,,,,,,,,,,,,,,,,
.form 0;r;2;0,,,,,,,,,,,,,,,,,,,,
.form 1;l;2;0,,,,,,.freeobj 1;217;-5.1;3.5;0,,,.freeobj 0;183;5.1;3.5;0,,,,,,,,,,,
.freeobj 0;359;3;0;0,,,,,,,,,,,.freeobj 0;353;1.7;1,,.freeobj 1;353;-1.7;1,,,,,,,
.freeobj 1;14;-3;0;0,,,,,,,,,,,,,,,,,,,,
.freeobj 1;15;0;0;0,,,,,.back 1,,.Ground 3,,,,,,,,,,,,,
.freeobj 0;18;0;0;0,,,,,,,,,,,,,,,,,,,,
,,,,,,,,,,,,,,,,,,,,
25856,,,.freeobj 0;623;4;-0.6;0,,,,.freeobj 1;629;-4;-0.6;0
25860,.freeobj 0;611;7.2;1.1;90,,.freeobj 1;611;-6.5;1.1;90
25863,,,.freeobj 0;610;7.2;1.8;90,.freeobj 1;610;-7.2;1.8;-90,,
25875,,,,,,,,,,,,,,,,,,,,
.form 0;r;2;0,,,.curve -600;30,,,,,,,,,,,,,,,,,
.form 1;l;2;0,.freeobj 0;105;0;0;0,,,,,,,,,,.freeobj 0;352;1.7;1,,.freeobj 1;352;-1.7;1,,,,,,,
,,,,,,,,,,,,,,,,,,,,
,.railtype 0;38,,.rail 1;-5;0;38,,,,,,,,,,,,,,,,,
25900,,,,,,,,,,,,,,,,,,,,
.form 0;r;2;0,,,,,,,,,,,,,,,,,,,,
.form 1;l;2;0,,,,,,.freeobj 1;217;-5.1;3.5;0,,,.freeobj 0;183;5.1;3.5;0,,.freeobj 0;351;1.7;1,,.freeobj 1;351;-1.7;1,,,,,,,
.freeobj 1;15;0;0;0,,,,,,,,,,,,,,,,,,,,
.freeobj 0;18;0;0;0,,,,,,,,,,,,,,,,,,,,
25920,,,,,,,,,,,,,,,,,,,,
,.freeobj 1;105;-0.4;0;0,,,,,,,,,,,,,,,,,,,
25925,,,,,,,,,,,,,,,,,,,,
.form 0;r;2;0,.freeobj 0;105;0;0;0,,,,,.wall 0;1;46,.wall 1;-1;46,,,,,,,,,,,,,
.form 1;l;2;0,.freeobj 0;46;4;-0.6;0,,.freeobj 1;46;-4;-0.6;0,,,,,,,,,,,,,,,,,
.freeobj 0;359;3;0;0,,,,,,,,,,,.freeobj 0;350;1.7;1,,.freeobj 1;350;-1.7;1,,,,,,,
.freeobj 1;15;0;0;0,,,,,,,,,,,,,,,,,,,,
.freeobj 0;18;0;0;0,,,,,,,,,,,,,,,,,,,,
25915,,,.freeobj 0;609;7.2;1.2;90,,.freeobj 1;609;-7.2;1.2;-90
25948,,,.freeobj 0;623;4;-0.6;0,,,,.freeobj 1;629;-4;-0.6;0
25950,,,,,,,,,,,,,,,,,,,,
.freeobj 1;14;-3;0;0,,,,,,.wall 0;1;14,.wall 1;-1;14,,,,,,,,,,,,,
.form 0;r;2;0,,,,,,,,,,,,,,,,,,,,
.form 1;l;2;0,,,,,,,,,,,,,,,,,,,,
.stop 0,.freeobj 0;90;-0.25;1.5;0,,,,,,,,,,,,,,,,,,,
.freeobj 0;0,.freeobj 0;106;2;0.2;0,,,,,,,,,,,,,,,,,,,
.freeobj 0;23;1.7;1,,,,,,,,,,,,,,,,,,,,
.freeobj 1;23;-1.7;1,,,,,,,,,,,,,,,,,,,,
.freeobj 0;25;3;1,,,,,,,,,,,,,,,,,,,,
.freeobj 0;26;4;1,,,,,,,,,,,,,,,,,,,,
.freeobj 1;26;-4;1,,,,,,,,,,,,,,,,,,,,
25975,,,,,,,,,,,,,,,,,,,,
.freeobj 1;248;,,,,,,,,,,,,,,,,,,,,
.wallend 0,,,,.Brightness 200,,,,,,,,,,,,,,,,
.wallend 1,,,,,,,.Announce Busan1\24-1.wav;,,,,,,,,,,,,,
.wall 0;1;0,,,,,,,,,,,,,,,,,,,,
.wall 1;-1;0,,,,.curve 0,,,,,,,,,,,,,,,,
.railtype 0;32,,,,,,,,,,,,,,,,,,,,
.rail 1;-5;0;32,,,,,,,,,,,,,,,,,,,,
.dikeend 0,,,,,,,,,,,,,,,,,,,,
.dike 0;-1;0,,,,,,,,,,,,,,,,,,,,
26000,,,.pitch 13,,.Brightness -30,,,,,,,,,,,,,,,
,,,,,,,,,,,,,,,,,,,,
,,,,,,,,,,,,,,,,,,,,
26020,,,,,,,,,,,,,,,,,,,,
,,,,,,,,,,,,,,,,,,,,
26025,,,.pitch 25,,,,,,,,,,,,,,,,,
26040,,,,,,,,,,,,,,,,,,,,
,,,,,,,,,,,,,,,,,,,,
,,,,,,,,,,,,,,,,,,,,
,,,,,,,,,,,,,,,,,,,,
,,,,,,,,,,,,,,,,,,,,
,,,,,,,,,,,,,,,,,,,,
,,,,,,,,,,,,,,,,,,,,
26060,,,,,,,,,,,,,,,,,,,,
,,,,,,,,,,,,,,,,,,,,
,,,,,,,,,,,,,,,,,,,,
26080,,,,,,,,,,,,,,,,,,,,
,,,,,,,,,,,,,,,,,,,,
26100,,,,,.Brightness -30,,,,,,,,,,,,,,,
,,,,,,,,,,,,,,,,,,,,
,,,,,,,,,,,,,,,,,,,,
26120,,,,,,,,,,,,,,,,,,,,
,,,,,,,,,,,,,,,,,,,,
,,,,,,,,,,,,,,,,,,,,
26125,,,,,.Brightness 200,.dikeend 0,,,,,,,,,,,,,,
,,.freeobj 0;40;0;0;180,.freeobj 1;41;0;0;180,,,,,,,,,,,,,,,,,
.crack 0;-1;0,,.railtype 0;0,.rail 1;-5;0;0,.poleend 2,.poleend 3,,,.wallend 1,.wallend 0,,,,,,,,,,,
.dike 3;1;2,,,,.rail 9;5.0;7.7;5,,.rail 3;-10.0;7.7;5,,.rail 8;-4.5.0;0;5,,,.freeobj 3;42;2.5;-0.5,,,.freeobj 9;43;-2.5;-0.5,,.rail 4;118;-1;50,.rail 5;122;-1;51,,.rail 6;142;0;52,.dike 6;-1;12
,,,,,,,,,,,,,,,,,,,,
26140,,.freeobj 1;1,,,,,,,,,,,,,,,,,,
,,,,,,,,,,,,,,,,,,,,
26150,,,,.rail 9;5.0;6.9;5,,.rail 3;-10.0;6.9;5,,.freeobj 9;9;30;-10,.Pole 8;1; ;25;6,,.freeobj 3;42;2.5;-0.5,,,.freeobj 9;43;-2.5;-0.5,,.rail 4;108;-1;50,.rail 5;112;-1;51,,.rail 6;132;0;52,
,,,,,,,,,,,,,,,,,,,,
26160,,.freeobj 1;3,,,,,,,,,,,,,,,,,,
,,,,,,,,,,,,,,,,,,,,
26175,,,,.rail 9;5.0;6.1;5,,.rail 3;-10.0;6.1;5,,,,,.freeobj 3;42;2.5;-0.5,,,.freeobj 9;43;-2.5;-0.5,,.rail 4;98;-1;50,.rail 5;102;-1;51,,.rail 6;122;0;52,.freeobj 0;402;10;5;0
,,,,,,,,,,,,,,,,,,,,
26180,,.freeobj 1;2,,,,,,,,,,,,,,,,,,
,,,,,,,,,,,,,,,,,,,,
26200,,.freeobj 1;3,,.rail 9;5.0;5.3;5,,.rail 3;-10.0;5.3;5,,,,,.freeobj 3;42;2.5;-0.5,,,.freeobj 9;43;-2.5;-0.5,,.rail 4;90;-1.5;50,.rail 5;94;-1.5;51,,.rail 6;114;0;52,
,,,,,,,,,,,,,,,,,,,,
,,,,,,,,,,,,,,,,,,,,
26220,,.freeobj 1;2,,,,,,,,,,,,,,,,,,
,,,,,,,,,,,,,,,,,,,,
,,,,,,,,,,,,,,,,,,,,
26225,,,,.rail 9;5.0;4.5;5,,.rail 3;-10.0;4.5;5,,,,,.freeobj 3;42;2.5;-0.5,,,.freeobj 9;43;-2.5;-0.5,,.rail 4;82;-2;50,.rail 5;86;-2;51,,.rail 6;106;0;52,
,,,,,,,,,,,,,,,,,,,,
26240,,.freeobj 1;3,,,,,,,,,,,,,,,,,,
,,,,,,,,,,,,,,,,,,,,
26250,,,,.rail 9;5.0;3.7;5,,.rail 3;-10.0;3.7;5,,.freeobj 9;9;30;-10;70,,,.freeobj 3;42;2.5;-0.5,,,.freeobj 9;43;-2.5;-0.5,,.rail 4;74;-2.5;50,.rail 5;78;-2.5;51,,.rail 6;98;0;52,
,,,,,,,,,,,,,,,,,,,,
26260,,.freeobj 1;2,,,,,,,,,,,,,,,,,,
,,,,,,,,,,,,,,,,,,,,
26275,,,,.rail 9;5.0;2.9;5,,.rail 3;-10.0;2.9;5,,.freeobj 0;74;-40;-10;10,,,.freeobj 3;42;2.5;-0.5,,,.freeobj 9;43;-2.5;-0.5,,.rail 4;66;-3;50,.rail 5;70;-3;51,,.rail 6;90;0;52,
,,,,,,,,,,,,,,,,,,,,
,,,,,,,,,,,,,,,,,,,,
26280,,.freeobj 1;4,,,,,,,,,,,,,,,,,,
26300,,,,.rail 9;5.0;2.1;5,,.rail 3;-10.0;2.1;5,,,,,.freeobj 3;42;2.5;-0.5,,,.freeobj 9;43;-2.5;-0.5,,.rail 4;58;-3.5;50,.rail 5;62;-3.5;51,,.rail 6;82;-0.5;52,
,,,,,,,,,,,,,,,,,,,,
,,,,,,,,,,,,,,,,,,,,
26320,,,,,,,,,,,,,,,,,,,,
,,,,,,,,,,,,,,,,,,,,
,,,,,,,,,,,,,,,,,,,,
26325,,,,.rail 9;5.0;2.1;5,,.rail 3;-10.0;2.1;5,,,,,.freeobj 3;42;2.5;-0.5,,.freeobj 9;43;-2.5;-0.5,.rail 4;50;-4;50,,.rail 5;54;-4;51,,,.rail 6;74;-1;52,
,,.dike 0;-1;13,.dike 1;1;13,.wall 0;1;9,.wall 1;-1;9,.Pole 1;0;-1;50;1,.Pole 0;0;1;50;1,,,,,,,,,,,,,
,,.railend 9,.railend 3,.dikeend 9,.dikeend 3,,,.freeobj 6;400;30;-0.5;20,,,,,,,,,,,,
26340,,,,,,,,,,,,,,,,,,,,
,,,,,,,,,,,,,,,,,,,,
,,,,,,,,,,,,,,,,,,,,
26350,,.railend 8,,.height 5,,,,,,,,,,.rail 4;42;-4.5;50,,.rail 5;46;-4.5;51,,,.rail 6;66;-1.5;52,
,,,,,,,,,,,,,,,,,,,,
,,,,,,,,.freeobj 6;400;38;-0.5;20,,,,,,,,,,,,
26360,,,,,,,,,,,,,,,,,,,,
,,,,,,,,,,,,,,,,,,,,
,,,,,,,,,,,,,,,,,,,,
26375,,,,.height 5.5,,,,,,,,,,.rail 4;34;-5;50,,.rail 5;38;-5;51,,,.rail 6;58;-2;52,
,,,,,,,,,,,.freeobj 6;400;46;-0.5;20,,,,,,,,,
26380,,,,,,,,,,,,,,,,,,,,.Announce Busan1\25.wav;,,,,,,,,,,,,,
,,,,,,,,,,,,,,,,,,,,
,,,,,,,,,,,,,,,,,,,,
26400,,,,.height 6,,,,,,.freeobj 0;75;-40;-10;10,,,,.rail 4;26;-5.5;50,,.rail 5;30;-5.5;51,,,.rail 6;50;-2.5;52,
,,,,,,,,.freeobj 6;400;30;-0.5;20,,,,,,,,,,,,
,,,,,,,,,,,,,,,,,,,,
26420,,,,,,,,,,,,,,,,,,,,
,,,,,,,,,,,,,,,,,,,,
,,,,,,,,,,,,,,,,,,,,
26425,,,,.height 7,,,,,,,,,,.rail 4;22;-6;50,,.rail 5;26;-6;51,,,.rail 6;46;-3;52,
,,,,,,,,.freeobj 6;400;30;-0.5;20,,,,,,,,,,,,
26440,,,,,,,,,,,,,,,,,,,,
,,,,,,,,,,,,,,,,,,,,
,,,,,,,,,,,,,,,,,,,,
26450,,,,.height 8,,,,,,,,,,.rail 4;18;-6.5;50,,.rail 5;22;-6.5;51,,,.rail 6;42;-3.5;52,
,,,,,,,,.freeobj 6;400;30;-0.5;20,,,,,,,,,,,,
26460,,,,,,,,,,,,,,,,,,,,
,,,,,,,,,,,,,,,,,,,,
,,,,,,,,,,,,,,,,,,,,
26475,,,,.height 9,,,,,,,,,,.rail 4;14;-7;50,,.rail 5;18;-7;51,,,.rail 6;38;-4;52,
,,,,,,,,.freeobj 6;400;30;-0.5;20,,,,,,,,,,,,
26480,,,,,,,,,,,,,,,,,,,,
,,,,,,,,,,,,,,,,,,,,
,,,,,,,,,,,,,,,,,,,,
26500,,,,.height 10,,,,,,,,,,.rail 4;10;-7.5;50,,.rail 5;14;-7.5;51,,,.rail 6;34;-4.5;52,
,,,,,,,,.freeobj 6;400;30;-0.5;20,,,,,,,,,,,,
,,,,,,,,,,,,,,,,,,,,
26520,,,,,,,,,,,,,,,,,,,,
,,,,,,,,,,,,,,,,,,,,
,,,,,,,,,,,,,,,,,,,,
26525,,,,,,,,,,,,,,.rail 4;6;-8;50,,.rail 5;10;-8;51,,,.rail 6;30;-5;52,
,,,,,,,,.freeobj 6;400;30;-0.5;20,,,,,,,,,,,,
,,,,,,,,,,,,,,,,,,,,
26540,,,,,,,,,,,,,,,,,,,,
,,,,,,,,,,,,,,,,,,,,
26550,,,,,,,,,,,,,,.rail 4;2;-8.5;50,,.rail 5;6;-8.5;51,,,.rail 6;26;-5.5;52,
,,,,,,,,.freeobj 6;400;30;-0.5;20,,,,,,,,,,,,
,,,,,,,,,,,,,,,,,,,,
26560,,,,,,,,,,,,,,,,,,,,
,,,,,,,,,,,,,,,,,,,,
,,,,,,,,,,,,,,,,,,,,
26575,,,,,,,,,,,,,,.rail 4;-2;-9;50,,.rail 5;2;-9;51,,,.rail 6;22;-6;52,
,,,,,,,,,,,,,,,,,,,,
,,,,,,,,.freeobj 6;402;20;0;0,,,,,,,,,,,,
26580,,,,,,,,,,,,,,,,,,,,
,,,,,,,,,,,,,,,,,,,,
,,,,,,,,,,,,,,,,,,,,
,,,,,,,,,,,,,,,,,,,,
26600,,,,,,,,,,,,,,.rail 4;-4;-9.5;50,,.rail 5;0;-9.5;51,,,.rail 6;20;-6.5;52,
,,,,,,,,.freeobj 6;403;15;0;0,,,,,,,,,,,,
,,,,,,,,,,,,,,,,,,,,
,,,,,,,,,,,,,.rail 10;-67;-6.5;7,.rail 11;-39;-6.5;6,,,,,,
26610,,,,,,,,,,,,,.dike 11;1;12,,,,,,,
,,,,,,,,,,,,,,,,,,,,
26620,,,,,,,,,,,,,,,,,,,,
,,,,,,,,,,,,,,,,,,,,
,,,,,,,,,,,,,,,,,,,,
26625,,.curve 500;20,.pitch 13,.railtype 0;19,,.rail 1;-5;0;19,,,,,.freeobj 6;9;70;-0.5,,.rail 10;-62;-6.5;7,.rail 11;-35;-6.5;6,,,,,,
,,,,,,,,,,,,,,,,,,,,
,,,,,,,,,,,,,,,,,,,,
26640,,,,,,,,,,,,,,,,,,,,
,,,,,,,,,,,,,,,,,,,,
26650,,,,,,,,,,,,,.rail 10;-58;-6.5;7,.rail 11;-31;-6.5;6,,,,,,
,,,,,,,,,,,,,,,,,,,,
26660,,,,,,,,,,,,,,,,,,,,
,,,,,,,,,,,,,,,,,,,,
26675,,,,,,,,,,,.freeobj 6;9;75;-0.5,,.rail 10;-54;-6.5;7,.rail 11;-27;-6.5;6,,,,,,
,,,,,,,,,,,,,,,,,,,,
26680,,,,,,,,,,,,,,,,,,,,
,,,,,,,,,,,,,,,,,,,,
26700,,,,,,,,,,,,,.rail 10;-52;-6.5;7,.rail 11;-25;-6.5;6,,,,,,
,,,,,,,,,,,,,,,,,,,,
26720,,,,,,,,,,,,,,,,,,,,
,,,,,,,,,,,,,,,,,,,,
26725,,,,,,,,,,,,,,,,,,,,
,,,,,,,,,,,,,,,,,,,,
,,,,,,,,,,,,,,,,,,,,
,,.curve 0,,.railtype 0;0,,.rail 1;-5;0;0,,.freeobj 6;401;25;0;0,,,.freeobj 6;9;80;-0.5,,.rail 10;-50;-6.5;7,.rail 11;-23;-6.5;6,,,,,,
26740,,,,,,,,,,,,,,,,,,,,
,,,,,,,,,,,,,,,,,,,,
26750,,,,,,,,,,,,,,,,,,,,
,,,,,,,,,,,,,,,,,,,,
26755,,,,,,,,.freeobj 6;62;25;0;0,,,,,,,,,,,,
,,,,,,,,,,,,,,,,,,,,
,,,,,,,,,,,,,,,,,,,,
,,,,,,,,,,,,,,,,,,,,
,,,,,,,,,,,,,,,,,,,,
,,,,,,,,,,,,,,,,,,,,
,,,,,,,,,,,,,,,,,,,,
26795,,,,,,,,.freeobj 6;61;25;0;0,,,,,,,,,,,,
,,,,,,,,,,,,,,,,,,,,
26825,.pitch 0,,,,,,,,,,,,,,,,,,,
26835,,,,,,,,,,,,,,,,,,,,
,,,,,,,,,,,,,,,,,,,,
26830,,,,,,,,.freeobj 6;401;25;0;0,,,,,,,,,,,,
26865,.freeobj 0;601;90;-6.5;90,.freeobj 0;601;60;-6.5;90,.freeobj 0;601;34;-6.5;90,.freeobj 0;601;-13;-6.5;90,.freeobj 0;601;-21;-6.5;90,.freeobj 0;601;-84;-6.5;90,,,,,,,,,,,,,,
26870,.freeobj 0;600;90;-6.5;90,.freeobj 0;600;60;-6.5;90,.freeobj 0;600;34;-6.5;90,.freeobj 0;600;-13;-6.5;90,.freeobj 0;600;-21;-6.5;90,.freeobj 0;600;-84;-6.5;90,,,,,,,,,,,,,,
26875,,,,,,
26900,,,,,,,,.freeobj 10;60;-15;0;0,,,,,,,,,,,,
26910,,,,,,,,.freeobj 6;66;25;0;0,,,,,,,,,,,,
,,,,,,,,,,,,,,,,,,,,
,,,,,,,,,,,,,,,,,,,,
,,,,,,,,,,,,,,,,,,,,
,,,,,,,,,,,,,,,,,,,,
,,,,,,,,,,,,,,,,,,,,
,,,,,,,,,,,,,,,,,,,,
,,,,,,,,,,,,,,,,,,,,
,,,,,,,,,,,,,,,,,,,,
,,,,,,,,,,,,,,,,,,,,
,,,,,,,,,,,,,,,,,,,,
,,,,,,,,,,,,,,,,,,,,
,,,,,,,,,,,,,,,,,,,,
,,,,,,,,,,,,,,,,,,,,
,,,,,,,,,,,,,,,,,,,,
,,,,,,,,,,,,,,,,,,,,
26925,,,,,,,,,,,,,,,,,,,,
.poleend 0,,,,,,,,,,,,,,,,,,,,
.poleend 1,,,,,,,,,,,,,,,,,,,,
.wallend 0,,.dikeend 1,,,,,,,,,,,,,,,,,,
.wallend 1,,.dikeend 0,,,,,,,,,,,,,,,,,,
.wall 0;1;13,,,,,,,,,,,,,,,,,,,,
.wall 1;-1;13,,,,,,,,,,,,,,,,,,,,
.sta 동래;10.4740;10.4810;0;1;0;1;\Busan1\sta.wav;0;60;\Busan1\go.wav;,,,,,,,,,,,,,,,,,,,,
.form 0;r;0;4,,,,,,,,,,,,,,,,,,,,
.form 1;l;0;4,,,,,,,,,,,,,,,,,,,,
,,,,,,,,,,,,,,,,,,,,
,,,,,,,,,,,,,,,,,,,,
,,,,,,,,,,,,,,,,,,,,
.freeobj 0;24;1.7;1, .pole 0;0;-1;50;5,,,,,,,,,,,,,,,,,,,
.freeobj 1;24;-1.7;1, .pole 1;0;1;50;5,,,,,,,,,,,,,,,,,,,
,.freeobj 0;163;,,,,,,,,,,.freeobj 0;356;1.7;1,,.freeobj 1;356;-1.7;1,,,,,,,
,.freeobj 1;162;,,,,,,,,,,,,,,,,,,,
,,,,,,,,,,,,,,,,,,,,
,.crack 0;1;0,.crack 1;0;0,,,,,,,,,,,,,,,,,,
,,,,,,,,,,,,,,,,,,,,
26930,,,.freeobj 0;700;4.9;3.2;45;동래역 노란기둥,.freeobj 1;700;-4.9;3.2;45;동래역 노란기둥,,,,,,,,,,,,,,,,
,,,,,,,,,,,,,,,,,,,,
,,,,,,,,,,,,,,,,,,,,
26940,,,.freeobj 0;700;4.9;3.2;45;동래역 노란기둥,.freeobj 1;700;-4.9;3.2;45;동래역 노란기둥,,.freeobj 6;61;25;0;0,,,.freeobj 10;11;-15;0;0,,,,,,,,,,,
,,,,,,,,,,,,,,,,,,,,
26945,,.freeobj 0;45;6;-0.6;0,.freeobj 1;0;,,,,,,,,,,,,,,,,,
26950,,,.freeobj 0;701;4.9;3.2;45;동래역 주황기둥,.freeobj 1;701;-4.9;3.2;45;동래역 주황기둥,,,,,,,.freeobj 0;355;1.7;1,,.freeobj 1;355;-1.7;1,,,,,,,
.form 0;r;0;5,,,,.freeobj 0;91;-1;1.5;0,,,,,,,,,,,,,,,,,
.form 1;l;0;5,,.freeobj 1;45;-6;-0.6;0,,,,,,,,,,,,,,,,,,
26952,.freeobj 0;118;7.25;0;0,,,,,,,,,,,,,,,,,,,
,.freeobj 1;118;-7.25;0;0,,,,,,,,,,,,,,,,,,,
,,,,,,,,,,,,,,,,,,,,
26960,,,.freeobj 0;701;4.9;3.2;45;동래역 주황기둥,.freeobj 1;701;-4.9;3.2;45;동래역 주황기둥,,,,,.freeobj 10;60;-15;0;0,,,,,,,,,,,
26962.5
26970,,,,,,,,,,,,,,,,,,,,
,.crack 0;1;0,.crack 1;0;0,.freeobj 0;700;4.9;3.2;45;동래역 노란기둥,.freeobj 1;700;-4.9;3.2;45;동래역 노란기둥,,,.freeobj 0;101;-2.45;-0.25;0,,,,,,,,,,,,,
26975,,,,,,.freeobj 6;62;20;0;0,,,,,,,,,,,,,,
.form 0;r;0;5,,,,,,,,,,,.freeobj 0;354;1.7;1,,.freeobj 1;354;-1.7;1,,,,,,,
.form 1;l;0;5,,,,,,,,,,,,,,,,,,,,
.freeobj 0;359;3;0;0,,,,,,,,,,,,,,,,,,,,
.freeobj 1;14;-3;0;0,,,,,,,,,,,,,,,,,,,,
.freeobj 1;15;0;0;0,,,,,,,,,,,,,,,,,,,,
.freeobj 0;18;0;0;0,,,,,,,,,,,,,,,,,,,,

26977,.freeobj 0;119;7.25;0;0,,,,,,,,,,,,,,,,,,,
,.freeobj 1;119;-7.25;0;0,,,,,,,,,,,,,,,,,,,
26980,,,.freeobj 0;701;4.9;3.2;45;동래역 주황기둥,.freeobj 1;701;-4.9;3.2;45;동래역 주황기둥,,,,,,,,,,,,,,,,
,,,,,,,,,,,,,,,,,,,,
26990,,,.freeobj 0;701;4.9;3.2;45;동래역 주황기둥,.freeobj 1;701;-4.9;3.2;45;동래역 주황기둥,,,,,,,,,,,,,,,,
,.crack 0;1;0,.crack 1;0;0,,,,,,,,,,,,,,,,,,
27002,.freeobj 0;618;4;-0.5;0,,.freeobj 1;618;-5;-0.5;0
26987.5,,,,.freeobj 1;609;-4.55;1.2;-90
26992.45,,,.freeobj 0;609;4.55;1.2;90,
27000,,,,,,,,,,,,,,,,,,,,
.form 0;r;0;4,,,.freeobj 0;700;4.9;3.2;45;동래역 노란기둥,.freeobj 1;700;-4.9;3.2;45;동래역 노란기둥,,,,,,,.freeobj 0;353;1.7;1,,.freeobj 1;353;-1.7;1,,,,,,,
.form 1;l;0;4,,,.freeobj 1;88;-8.25;0;0,.freeobj 0;89;8.25;0;0,,,,,,,,,,,,,,,,
.freeobj 1;15;0;0;0,,,,,,,,,,,,,,,,,,,,
.freeobj 0;18;0;0;0,,,,,,,,,,,,,,,,,,,,
27006,,,.freeobj 0;624;4;-0.6;0,,,,.freeobj 1;629;-4;-0.6;0
27010,,,,,,.freeobj 6;64;25;0;0,,,,,,,,,,,,,,
,,,.freeobj 0;700;4.9;3.2;45;동래역 노란기둥,.freeobj 1;700;-4.9;3.2;45;동래역 노란기둥,,,,,,,,,,,,,,,,
,.crack 0;1;0,.crack 1;0;0,,,.freeobj 0;105;0;0;0,,,,,,,,,,,,,,,
27020,,,.freeobj 0;700;4.9;3.2;45;동래역 노란기둥,.freeobj 1;700;-4.9;3.2;45;동래역 노란기둥,,,,,,,,,,,,,,,,
,,,,,,,,,,,,,,,,,,,,
27025,,,,,,,,,,,,,,,,,,,,
.form 0;r;0;4,,,,,,,,,.freeobj 10;67;-25;0;0,,.freeobj 0;352;1.7;1,,.freeobj 1;352;-1.7;1,,,,,,,
.form 1;l;0;4,,,,,,,,,,,,,,,,,,,,
27030,,,.freeobj 0;700;4.9;3.2;45;동래역 노란기둥,.freeobj 1;700;-4.9;3.2;45;동래역 노란기둥,,,,,,,,,,,,,,,,
,.crack 0;1;0,.crack 1;0;0,,,,,,,,,,,,,,,,,,
.freeobj 1;15;0;0;0,,,,,,,,,,,,,,,,,,,,
.freeobj 0;18;0;0;0,,,,,,,,,,,,,,,,,,,,
,,,,,,,,,,,,,,,,,,,,
27040,,,.freeobj 0;700;4.9;3.2;45;동래역 노란기둥,.freeobj 1;700;-4.9;3.2;45;동래역 노란기둥,,,,,,,,,,,,,,,,
,,,,,,,,,,,,,,,,,,,,
27045,,
27050,,,,,,,,,,,,,,,,,,,,
.form 0;r;0;5,,,,,,.freeobj 6;65;25;0;0,,,,,,,,,,,,,,
.form 1;l;0;5,,,,,,,,,,,.freeobj 0;351;1.7;1,,.freeobj 1;351;-1.7;1,,,,,,,
,,,.freeobj 0;701;4.9;3.2;45;동래역 주황기둥,.freeobj 1;701;-4.9;3.2;45;동래역 주황기둥,,,,,,,,,,,,,,,,
27052,
27058,.freeobj 0;118;7.25;0;180,,,,,,,,,,,,,,,,,,,
,.freeobj 1;118;-7.25;0;180,,,,,,,,,,,,,,,,,,,
27060,,,.freeobj 0;701;4.9;3.2;45;동래역 주황기둥,.freeobj 1;701;-4.9;3.2;45;동래역 주황기둥,,,,,,,,,,,,,,,,
27063,.freeobj 0;45;6;-0.6;0,.freeobj 1;45;-6;-0.6;0,,,,,,,,,,,,,,,,,
27070,,,.freeobj 0;700;4.9;3.2;45;동래역 노란기둥,.freeobj 1;700;-4.9;3.2;45;동래역 노란기둥,,,,,,,,,,,,,,,,
27067,.freeobj 0;396;7.5,.freeobj 1;396;-7.5,
27075,,,,,,,,,,,,,,,,,,,,
.form 0;r;0;5,,,,,,.freeobj 0;101;-2.45;-0.25;0,,,.freeobj 10;60;-15;0;0,,,,,,,,,,,
.form 1;l;0;5,,,,,,,,,,,.freeobj 0;350;1.7;1,,.freeobj 1;350;-1.7;1,,,,,,,
.freeobj 1;15;0;0;0,,,,,,,,,,,,,,,,,,,,
.freeobj 0;18;0;0;0,,,,,,,,,,,,,,,,,,,,
,,,,,,,,,,,,,,,,,,,,
27077,,
,,,,,,,,,,,,,,,,,,,,
,,,,,,,,,,,,,,,,,,,,
27080,,,.freeobj 0;701;4.9;3.2;45;동래역 주황기둥,.freeobj 1;701;-4.9;3.2;45;동래역 주황기둥,,,,,,,,,,,,,,,,,,.form 0;r;0;4,.form 1;l;0;4
,,,,,,,,,,,,,,,,,,,,
27090,,,.freeobj 0;701;4.9;3.2;45;동래역 주황기둥,.freeobj 1;701;-4.9;3.2;45;동래역 주황기둥,,,,,,,,,,,,,,,,
,,,,,,,,,,,,,,,,,,,,
27092,,,.freeobj 0;624;4;-0.6;0,,,,.freeobj 1;629;-4;-0.6;0
27100,,,.freeobj 0;700;4.9;3.2;45;동래역 노란기둥,.freeobj 1;700;-4.9;3.2;45;동래역 노란기둥,,,,,,,,,,,,,,,,
,,,,,,,,,,,,,,,,,,,,
.form 0;r;0;4,,,,,,,,,.freeobj 10;61;-15;0;0,,,,,,,,,,,
.form 1;l;0;4,,,,,,,,,,,,,,,,,,,,
.freeobj 0;359;3;0;0,,,,,,,,,,,,,,,,,,,,
.freeobj 1;14;-3;0;0,,,,,,,,,,,,,,,,,,,,
,,,,,,,,,,,,,,,,,,,,
,,,,,,,,,,,,,,,,,,,,
,,,,,,,,,,,,,,,,,,,,
,.crack 0;1;0,,,,,,,,,,,,,,,,,,,
,,,,,,,,,,,,,,,,,,,,
,,,,,,,,,,,,,,,,,,,,
,,,,,,,,,,,,,,,,,,,,
,,,,,,,,,,,,,,,,,,,,
,.crack 0;1;0,.crack 1;0;0,.freeobj 0;105;0;0;0,,,,,,,,,,,,,,,,,
,,,,,,,,,,,,,,,,,,,,
,,,,,,,,,,,,,,,,,,,,
,.crack 0;1;0,.crack 1;0;0,,,,,,,,,,,,,,,,,,
,,,,,,,,,,,,,,,,,,,,
.stop 0,.freeobj 0;90;-0.25;1.5;0,,,,,,,.dike 12;-1;12;제방,.rail 12;20;-6.5;5;제방 대응 레일,,.dike 6;1;14;갓길숲,.dike 10;-1;14;큰도로숲,,,,,,,,
.freeobj 0;0;,.freeobj 0;106;2;0.2;0,,,,,,,,,,,,,,,,,,,
.freeobj 0;23;1.7;1,,,,,,,,,,,,,,,,,,,,
.freeobj 1;23;-1.7;1,,,,,,,,,,,,,,,,,,,,
.freeobj 0;25;3;1,,,,,,,,,,,,,,,,,,,,
.freeobj 0;26;4;1,,,,,,,,,,,,,,,,,,,,
.freeobj 1;26;-4;1,,,,,,,,,,,,,,,,,,,,
27110,,,.freeobj 0;700;4.9;3.2;45;동래역 노란기둥,.freeobj 1;700;-4.9;3.2;45;동래역 노란기둥,,,,,,,,,,,,,,,,
,,,,,,,,,,,,,,,,,,,,
27125,,,,,,,,,,,,,,,,,,,,
.wallend 0,.freeobj 0;163;,,,,,,,,,,,,,,,,,,,
.wallend 1,.freeobj 1;162;,,,,,,,,,,,,,,,,,,,
.wall 0;1;9,.dike 0;-1;13,.dike 1;1;13,,,,,.Announce Busan1\25-1.wav;,,,,,,,,,,,,,
.wall 1;-1;9,.freeobj 0;22;2.3;0,.freeobj 1;22;-2.5;0,,,,,,,,,,,,,,,,,,
.poleend 0,.poleend 1,,,,,,,,,,,,,,,,,,,
.Pole 0;0;1;50;1,,,,,,,,,,,,,,,,,,,,
.Pole 1;0;-1;50;1,,,,,,,,,,,,,,,,,,,,
,,,,,,,,,,,,,,,,,,,,
27225,,,,,,.freeobj 10;404;-30;-0.5;20,,,,,,,,,,,,,,
27240,,,,,,.freeobj 10;404;-70;-0.5;20,,,,,,,,,,,,,,
27255,,,,,,.freeobj 10;404;-110;-0.5;20,,,,,,,,,,,,,,
,,,,,,,,,,,,,,,,,,,,
27265,,,,,,.freeobj 10;404;-30;-0.5;20;럭키아파트,,,,,,,,,,,,,,
27280,,,,,,.freeobj 10;404;-70;-0.5;20,,,,.freeobj 6;405;80;-0.5;90;학교,,,,,,,,,,
27295,,,,,,.freeobj 10;404;-110;-0.5;20,,,,,,,,,,,,,,
,,,,,,,,,,,,,,,,,,,,
,,,,,,,,,,,,,,,,,,,,
27305,,,,,,.freeobj 10;404;-30;-0.5;20,,,,,,,,,,,,,,
,,,,,,,,,,,,,,,,,,,,
27320,,,,,,.freeobj 10;404;-70;-0.5;20,,,,.freeobj 6;405;50;-0.5;0;학교,,,,,,,,,,
,,,,,,,,,,,,,,,,,,,,
27325,,.dikeend 10;큰도로 숲,,,,,,,,,,,,,,,,,,
,,,,,,,,,,,,,,,,,,,,
27335,,,,,,.freeobj 10;404;-110;-0.5;20,,,,,,,,,,,,,,
,,,,,,,,,,,,,,,,,,,,
27345,,,,,,.freeobj 10;404;-30;-0.5;20,,,,,,,,,,,,,,
27360,,,,,,.freeobj 10;404;-70;-0.5;20,,,.freeobj 10;60;-15;0;0,,,,,,,,,,,
27375,,,.pitch 8,,,.freeobj 10;404;-110;-0.5;20,,,,,,,,,,,,,,
27385,,,,,,,,,.freeobj 10;50;-15;0;0,,,,,,,,,,,
27415,,,,,,,,,.freeobj 10;50;-15;0;0,,,,,,,,,,,
,,,,,,,,,,,,,,,,,,,,
27425,,,,,,,,,,.freeobj 6;405;50;-0.5;0;학교,,,,,,,,,,
27475,,,,,,,,,,,,,,,,,,,,
.curve 700;40,.railtype 0;31,.rail 1;-5;0;31,,,,,,,,,,,,,,,,,,
,,,,,,,,,,,,,,,,,,,,
,,,,,,,,,,,,,,,,,,,,
,,,,,,,,,,,,,,,,,,,,
27600,,,,,,.freeobj 10;52;-15;-0.5;180,,,,,,,,,,,,,,
,,,,,,,,,,,,,,,,,,,,
,,,,,,,,,,,,,,,,,,,,
,,,,,,,,,,,,,,,,,,,,
,,,,,,,,,,,,,,,,,,,,
27650,,.dikeend 6;갓길 숲,,,,,,,,,,,,,,,,,,
,,,,,,,,,,,,,,,,,,,,
27675,,,,,,,.Announce Busan1\26 down.wav;,,,,,,,,,,,,,
,.freeobj 0;601;90;-6.5;90,.freeobj 0;601;60;-6.5;90,.freeobj 0;601;34;-6.5;90,.freeobj 0;601;-13;-6.5;90,.freeobj 0;601;-21;-6.5;90,.freeobj 0;601;-84;-6.5;90,.freeobj 0;601;-114;-6.5;90,,,,,,,,,,,,,
,,,,,,,,,,,,,,,,,,,,
27680,.freeobj 0;600;90;-6.5;90,.freeobj 0;600;60;-6.5;90,.freeobj 0;600;34;-6.5;90,.freeobj 0;600;-13;-6.5;90,.freeobj 0;600;-21;-6.5;90,.freeobj 0;600;-84;-6.5;90,.freeobj 0;600;-114;-6.5;90,,,,,,,,,,,,,
,,,,,,,,,,,,,,,,,,,,
27710,,,,,,,,.freeobj 10;61;-15;0;0,,,,,,,,,,,,
,,,,,,,,,,,,,,,,,,,,
27725,,,.pitch 0,,,,,,,,,,,,,,,,,
.curve 0,.railtype 0;0,.rail 1;-5;0;0,,,,,,.freeobj 6;400;25;0;0;아파트,,,,,,,,,,,,
.poleend 0,.dikeend 0,,,,,,,,,,,,,,,,,,,
.poleend 1,.dikeend 1,,,,,,,,,,,,,,,,,,,
.wallend 0, .pole 0;0;-1;50;5,,,,,,,,,,,,,,,,,,,
.wallend 1, .pole 1;0;1;50;5,,,,,,,,,,,,,,,,,,,
.wall 0;1;12,.freeobj 0;242;,,,,,,,,,,,,,,,,,,,
.wall 1;-1;12,.freeobj 1;241;,,,,,,,,,,.freeobj 0;356;1.7;1,,.freeobj 1;356;-1.7;1,,,,,,,
.sta 명륜;10.4925;10.4950;0;1;0;1;\Busan1\sta.wav;0;30;\Busan1\go.wav;,,,,,,,,,,,,,,,,,,,,
.form 0;r;0;0,.crack 0;1;0,.crack 1;0;0,,,,,,,,,,,,,,,,,,
.form 1;l;0;0,,,,,,,,,,,,,,,,,,,,
,,,,,,,,,,,,,,,,,,,,
,,,,,,,,,,,,,,,,,,,,
,,,,,,,,,,,,,,,,,,,,
.freeobj 0;24;1.7;1,,,,,,,,,,,,,,,,,,,,
.freeobj 1;24;-1.7;1,,,,,,,,,,,,,,,,,,,,
27737,.freeobj 0;396;5;0;180
,,,,,,,,,,,,,,,,,,,,
27745,,,.freeobj 0;45;5;-0.6;0,.freeobj 1;45;-5;-0.6;0,,,,,,,,,,,,,,,,
27750,,,.freeobj 1;1,,,,,.freeobj 10;61;-15;0;0,,,,,,,,,,,,
.form 0;r;0;6,.freeobj 1;15;0;0;0,,.freeobj 1;0;,.freeobj 0;91;-1;1.5;0,,,,.freeobj 6;400;25;0;0;아파트,,,.freeobj 0;355;1.7;1,,.freeobj 1;355;-1.7;1,,,,,,,
.form 1;l;0;6,.freeobj 0;18;0;0;0,,,,,,,,,,,,,,,,,,,
,,,.freeobj 0;702;2.9;3.2;45;명륜동역 기둥,.freeobj 1;702;-2.9;3.2;45;명륜동역 기둥,,,,,,,,,,,,,,,,
27752,,,,,,,,,,,,,,,,,,,,
,,,,,,,,,,,,,,,,,,,,
.freeobj 1;122;-5.25;0;0,.freeobj 0;122;5.25;0;0,,,,,,,,,,,,,,,,,,,
27770,,,.freeobj 1;3,,,,,,,,,,,,,,,,,
27775,,,,,,,,.freeobj 6;400;25;0;0;아파트,,,,,,,,,,,,
.form 0;r;0;6,,.freeobj 0;359;3;0;0,,,,.freeobj 0;101;-2.45;-0.25;0,,,,,.freeobj 0;354;1.7;1,,.freeobj 1;354;-1.7;1,,,,,,,
.form 1;l;0;6,,.freeobj 1;14;-3;0;0,,.freeobj 0;702;2.9;3.2;45;명륜동역 기둥,.freeobj 1;702;-2.9;3.2;45;명륜동역 기둥,,,,,,,,,,,,,,,
27777,,,,,,,,,,,,,,,,,,,,
,,,,,,,,,,,,,,,,,,,,
.freeobj 0;123;5.25;0;0,.freeobj 1;123;-5.25;0;0,,,,,,,,,,,,,,,,,,,
27790,,,.freeobj 1;2,,,,,,,,,,,,,,,,,
27800,,,,,,,,,,,,,,,,,,,,
.form 0;r;0;0,.freeobj 1;15;0;0;0,,,,,,,.freeobj 6;400;25;0;0;아파트,,,.freeobj 0;353;1.7;1,,.freeobj 1;353;-1.7;1,,,,,,,
.form 1;l;0;0,,,.freeobj 1;88;-6.25;0;0,.freeobj 0;89;6.25;0;0,,,,,,,,,,,,,,,,
,,,,,,,,,,,,,,,,,,,,
,,,,.freeobj 0;702;2.9;3.2;45;명륜동역 기둥,.freeobj 1;702;-2.9;3.2;45;명륜동역 기둥,,,,,,,,,,,,,,,
27806,,,.freeobj 0;624;4;-0.6;0,,,,.freeobj 1;628;-4;-0.6;0
27810,,,.freeobj 1;3,,,,,,,,,,,,,,,,,
27825,,,,,,,,,,,,,,,,,,,,
.form 0;r;0;0,.freeobj 1;15;0;0;0,,,.freeobj 0;702;2.9;3.2;45;명륜동역 기둥,.freeobj 1;702;-2.9;3.2;45;명륜동역 기둥,,,,,,,,,,,,,,,
.form 1;l;0;0,.freeobj 0;18;0;0;0,,,,,,,.freeobj 6;400;25;0;0;아파트,,,.freeobj 0;352;1.7;1,,.freeobj 1;352;-1.7;1,,,,,,,
27830,,,.freeobj 1;2,,,,,,,,,,,,,,,,,
27845,,,.freeobj 0;45;5;-0.6;0,.freeobj 1;45;-5;-0.6;0,,,,,,,,,,,,,,,,
27850,,,.freeobj 1;3,,,,,,,,,,,,,,,,,
.form 0;r;0;6,,,,,,,,.freeobj 6;400;25;0;0;아파트,,,,,,,,,,,,
.form 1;l;0;6,,,,.freeobj 0;702;2.9;3.2;45;명륜동역 기둥,.freeobj 1;702;-2.9;3.2;45;명륜동역 기둥,,,,,,.freeobj 0;351;1.7;1,,.freeobj 1;351;-1.7;1,,,,,,,
,,,,,,,,,,,,,,,,,,,,
27852,,,,,,,,,,,,,,,,,,,,
.freeobj 1;122;-5.25;0;0,.freeobj 0;122;5.25;0;0,,,,,,,,,,,,,,,,,,,
,,,,,,,,,,,,,,,,,,,,
,,,,,,,,,,,,,,,,,,,,
27875,,,,,,,,.freeobj 6;406;25;0;90;오른상가,,,,,,,,,,,,
.form 0;r;0;6,.freeobj 1;15;0;0;0,,.freeobj 0;359;3;0;0,,,,.freeobj 0;101;-2.45;-0.25;0,,,,.freeobj 0;350;1.7;1,,.freeobj 1;350;-1.7;1,,,,,,,
.form 1;l;0;6,,,.freeobj 1;14;-3;0;0,,,,,,,,,,,,,,,,,
,,,,.freeobj 0;702;2.9;3.2;45;명륜동역 기둥,.freeobj 1;702;-2.9;3.2;45;명륜동역 기둥,,,,,,,,,,,,,,,
27870,,,.freeobj 1;2,,,,,,,,,,,,,,,,,
27877,,,,,,,,,,,,,,,,,,,,
.freeobj 0;123;5.25;0;0,.freeobj 1;123;-5.25;0;0,,,,,,,,,,,,,,,,,,,
27890,,,.freeobj 1;4,,,,,,,,,,,,,,,,,
27898,,,.freeobj 0;624;4;-0.6;0,,,,.freeobj 1;628;-4;-0.6;0
27900,,,,,,,,,,,,,,,,,,,,
,,,,,,,,,,,,,,,,,,,,
.freeobj 0;106;2;0.2;0,,,.form 0;r;0;0,.freeobj 0;702;2.9;3.2;45;명륜동역 기둥,.freeobj 1;702;-2.9;3.2;45;명륜동역 기둥,,,,,,,,,,,,,,,
.stop 0,.freeobj 0;90;-0.25;1.5;0,,.form 1;l;0;0,,,,,,,,,,,,,,,,,
.freeobj 0;0;,,,,,,,,,,,,,,,,,,,,
.freeobj 0;23;1.7;1,,,,,,,,,,,,,,,,,,,,
.freeobj 1;24;-1.7;1,,,,,,,,,,,,,,,,,,,,
.freeobj 0;25;3;1,,,,,,,,.freeobj 6;407;25;0;90,,,,,,,,,,,,
.freeobj 0;26;4;1,,,,,,,,,,,,,,,,,,,,
.freeobj 1;26;-4;1,,,,,,,,,,,,,,,,,,,,
,,,,,,,,,,,,,,,,,,,,
27925,,,,,,,,,,,,,,,,,,,,
,,,,,,,,,,,,,,,,,,,,
,,,,,,,,,,,,,,,,,,,,
.wallend 0,.freeobj 0;242;,,.dike 0;-1;13,.dike 1;1;13,,,,,,,,,,,,,,,,
.wallend 1,.freeobj 1;241;,,,,,,,.freeobj 6;408;25;0;90,,,,,,,,,,,,
.wall 0;1;9,.freeobj 0;22;2.3;0,.freeobj 1;22;-2.5;0,,,.Announce Busan1\26-1.wav;,,,,,,,,,,,,,,,
.wall 1;-1;9,,.railtype 0;0,.rail 1;-5;0;0,,,,,,,,,,,,,,,,,
.poleend 0,.poleend 1,,,,,,,.freeobj 10;49;-15;0;0컴터상가,,,,,,,,,,,,
.Pole 0;0;1;50;1,,,,,,,,.freeobj 10;9;-15;0;90상가위 아파트,,,,,,,,,,,,
.Pole 1;0;-1;50;1,,,,,,,,,,,,,,,,,,,,
,,,,,,,,,,,,,,,,,,,,
27950,,,,,,,,,,,.freeobj 6;406;25;0;90,,,,,,,,,
27975,,,,,,,,,,,.freeobj 6;407;25;0;90,,,,,,,,,
,,,,,,,,,,,,,,,,,,,,
28000,,,.pitch 8,,,,,.freeobj 10;406;-15;0;90,,,.freeobj 6;406;25;0;90,,,,,,,,,
28025,,,,,,,,.freeobj 10;407;-15;0;90,,,.freeobj 6;407;25;0;90,,,,,,,,,
28050,,,,,,,,.freeobj 10;408;-15;0;90,,,.freeobj 6;408;25;0;90,,,,,,,,,
,,,,,,,,,,,,,,,,,,,,
,,,,,,,,,,,,,,,,,,,,
,,,,,,,,,,,,,,,,,,,,
28075,,,,,,,,,,,,,,,,,,,,
.curve 700;40,.railtype 0;31,.rail 1;-5;0;31,,,,,,.freeobj 10;409;-15;0;90,,,.freeobj 6;409;25;0;90,,,,,,,,,
,,,,,,,,,,,,,,,,,,,,
28100,,,,,,,,.freeobj 10;410;-15;0;90,,,.freeobj 6;410;25;0;90,,,,,,,,,
28125,,,,,,,,.freeobj 10;411;-15;0;90,,,.freeobj 6;411;25;0;90,,,,,,,,,
28150,,,,,,,,.freeobj 10;412;-15;0;90;,,,.freeobj 6;412;25;0;90,,,,,,,,,
28175,,,,,,,,.freeobj 10;406;-15;0;90,,,.freeobj 6;406;25;0;90,,,,,,,,,
28200,,,,,,,,.freeobj 10;407;-15;0;90,,,.freeobj 6;407;25;0;90,,,,,,,,,
,,,,,,,,,,,,,,,,,,,,
,,,,,,,,,,,,,,,,,,,,
28225,,,,,,,,.freeobj 10;408;-15;0;90,,,.freeobj 6;408;25;0;90,,,,,,,,,
.curve 0,.railtype 0;0,.rail 1;-5;0;0,,,,,,,,,,,,,,,,,,
28250,,,,,,,,.freeobj 10;409;-15;0;90,,,.freeobj 6;409;25;0;90,,,,,,,,,
28275,,,,,,,,.freeobj 10;410;-15;0;90,,,.freeobj 6;410;25;0;90,,,,,,,,,
28300,,,,,,,,.freeobj 10;411;-15;0;90,,,.freeobj 6;411;25;0;90,,,,,,,,,
28325,,,,,,,,.freeobj 10;412;-15;0;90;,,,.freeobj 6;412;25;0;90,,,,,,,,,
28350,,,,,,,,,,,.freeobj 6;406;25;0;90,,,,,,,,,
.curve -700;40,.railtype 0;30,.rail 1;-5;0;30,,,,,,,,,,,,,,,,,,
28375,,,,,,,,,,,.freeobj 6;407;25;0;90,,,,,,,,,
28400,,,,,,,,,,,.freeobj 6;408;25;0;90,,,,,,,,,
28405,,,,,,,,.freeobj 10;413;-45;0;90;아파트,,,,,,,,,,,,
28425,,,,,,,,.freeobj 10;413;-25;0;90;,,,.freeobj 6;409;25;0;90,,,,,,,,,
28450,,,,,,,,,,,.freeobj 6;410;25;0;90,,,,,,,,,
,,,,,,,,,,,,,,,,,,,,
28475,,,,,,,,.freeobj 10;413;-45;0;45;,,,.freeobj 6;411;25;0;90,,,,,,,,,
28500,,,,,,,,.freeobj 10;413;-25;0;45;,,,.freeobj 6;412;25;0;90,,,,,,,,,
.curve 0,.railtype 0;0,.rail 1;-5;0;0,,.pitch 0,,,,,,,,,,,,,,,,
,,,,,,,,,,,,,,,,,,,,
,,,,,,,,,,,,,,,,,,,,
28525,,,,,,,,.freeobj 10;408;-15;0;90,,,.freeobj 6;406;25;0;90,,,,,,,,,
28550,,,,,,,,.freeobj 10;406;-15;0;90,,,.freeobj 6;407;25;0;90,,,,,,,,,
28575,,,,,,,,,,,.freeobj 6;408;25;0;90,,,,,,,,,
28600,,,,,,,,.freeobj 10;55;-35;0;0;아파트2,,,.freeobj 6;409;25;0;90,,,,,,,,,
28625,.freeobj 0;601;90;-6.5;90,.freeobj 0;601;60;-6.5;90,.freeobj 0;601;34;-6.5;90,.freeobj 0;601;-13;-6.5;90,.freeobj 0;601;-21;-6.5;90,.freeobj 0;601;-84;-6.5;90,.freeobj 0;601;-114;-6.5;90,,,,,,,,,,,,,
28630,.freeobj 0;600;90;-6.5;90,.freeobj 0;600;60;-6.5;90,.freeobj 0;600;34;-6.5;90,.freeobj 0;600;-13;-6.5;90,.freeobj 0;600;-21;-6.5;90,.freeobj 0;600;-84;-6.5;90,.freeobj 0;600;-114;-6.5;90,,,,,,,,,,,,,
28650,,,,,,,,,,,.freeobj 6;411;25;0;90,,,,,,,,,
28675,,,,,,,,.freeobj 10;416;-15;0;0;빌딩,,,.freeobj 6;412;25;0;90,,,,,,,,,
28700,,,,,,,,,,,.freeobj 6;406;25;0;90,,,,,,,,,
,,,,,,,,,,,,,,,,,,,,
,,,,,,,,,,,,,,,,,,,,
28725,,,,,,,,.freeobj 10;406;-15;0;90,,,.freeobj 6;406;25;0;90,,,,,,,,,
,,,,,,,,,,,,,,,,,,,,
28750,,,,,,,,,,,,,,,,,,,,
.curve -800;20,.railtype 0;30,.rail 1;-5;0;30,,,.Announce Busan1\27.wav;,,,.freeobj 10;407;-15;0;90,,,.freeobj 6;407;25;0;90,,,,,,,,,
,,,,,,,,,,,,,,,,,,,,
28775,,,,,,,,.freeobj 10;408;-15;0;90,,,.freeobj 6;408;25;0;90,,,,,,,,,
,,,,,,,,,,,,,,,,,,,,
28800,,,,,,,,.freeobj 10;409;-15;0;90,,,.freeobj 6;409;25;0;90,,,,,,,,,
.poleend 0,,.dikeend 0,,,,,,,,,,,,,,,,,,
.poleend 1,,.dikeend 1,,,,,,,,,,,,,,,,,,
.wallend 0, .pole 0;0;-1;50;5,,,,,,,.freeobj 0;356;1.7;1,,.freeobj 1;356;-1.7;1,,,,,,,,,,
.wallend 1, .pole 1;0;1;50;5,,,,,,,,,,,,,,,,,,,
.wall 0;1;11,.freeobj 0;161;,,,,,,,,,,,,,,,,,,,
.wall 1;-1;11,.freeobj 1;160;,,,,,,,,,,,,,,,,,,,
.sta 온천장;10.5115;10.5140;0;1;0;1;\Busan1\sta.wav;0;30;\Busan1\go.wav;,,,,,,,,,,,,,,,,,,,,
.form 0;r;0;0,,,,,,,,,,,,,,,,,,,,
.form 1;l;0;0,,,,,,,,,,,,,,,,,,,,
,.crack 0;1;0,.crack 1;0;0,,,,,,,,,,,,,,,,,,
,,,,,,,,,,,,,,,,,,,,
,,,,,,,,,,,,,,,,,,,,
.freeobj 0;24;1.7;1,,,,,,,,,,,,,,,,,,,,
.freeobj 1;24;-1.7;1,,,,,,,,,,,,,,,,,,,,
,,,,,,,,,,,,,,,,,,,,
28812,,.freeobj 0;396;5;0;180
28820,,,.freeobj 0;45;5;-0.6;0,.freeobj 1;45;-5;-0.6;0,,,,,,,,,,,,,,,,
,,,,,,,,,,,,,,,,,,,,
28825,,,.freeobj 0;703;2.9;3.2;45;명륜동역 기둥,.freeobj 1;703;-2.9;3.2;45;온천장역 기둥,,,,.freeobj 0;355;1.7;1,,.freeobj 1;355;-1.7;1,,,.freeobj 10;410;-15;0;90,.freeobj 6;410;25;0;90,,,,,,
,,,,,.freeobj 1;15;0;0;0,,,,,,,,,,,,,,,
.form 0;r;0;6,.curve 0,,.freeobj 0;91;-1;1.5;0,.freeobj 1;0;,.freeobj 0;18;0;0;0,,,,,,,,,,,,,,,
.form 1;l;0;6,.railtype 0;0,.rail 1;-5;0;0,,,,,,,,,,,,,,,,,,
28827,,,,,,,,,,,,,,,,,,,,
.freeobj 1;120;-5.25;0;0,.freeobj 0;120;5.25;0;0,,,,,,,,,,,,,,,,,,,
,,,,,,,,,,,,,,,,,,,,
,,,,,,,,,,,,,,,,,,,,
28850,,,,,,,,.freeobj 0;354;1.7;1,,.freeobj 1;354;-1.7;1,,,,,,,,,,
.form 0;r;0;6,,,.freeobj 0;359;3;0;0,,,,,,,,,,,,,,,,,
.form 1;l;0;6,,,.freeobj 1;14;-3;0;0,,,,,.freeobj 0;101;-2.45;-0.25;0,,,,,.freeobj 10;411;-15;0;90,.freeobj 6;411;25;0;90,,,,,,
,,,.freeobj 0;703;2.9;3.2;45;명륜동역 기둥,.freeobj 1;703;-2.9;3.2;45;온천장역 기둥,,,,,,,,,,,,,,,,
28852,,,,,,,,,,,,,,,,,,,,
.freeobj 1;121;-5.25;0;0,.freeobj 0;121;5.25;0;0,,,,,,,,,,,,,,,,,,,
,,,,,,,,,,,,,,,,,,,,
28875,,,,,,,,,,,,,,,,,,,,
.form 0;r;0;0,,,,,.freeobj 1;15;0;0;0,,,.freeobj 0;353;1.7;1,,.freeobj 1;353;-1.7;1,,,.freeobj 10;412;-15;0;90,.freeobj 6;412;25;0;90,,,,,,
.form 1;l;0;0,,,,,,,,,,,,,,,,,,,,
,,,.freeobj 0;703;2.9;3.2;45;명륜동역 기둥,.freeobj 1;703;-2.9;3.2;45;온천장역 기둥,,,,,,,,,,,,,,,,
,,,,,,,,,,,,,,,,,,,,
,,,,,,,,,,,,,,,,,,,,
28881,,,.freeobj 0;624;4;-0.6;0,,,,.freeobj 1;628;-4;-0.6;0
28900,,,,,,,,,,,,,,,,,,,,
.form 0;r;0;0,,.freeobj 1;88;-6.25;0;0,.freeobj 0;89;6.25;0;0,,.freeobj 1;15;0;0;0,,,.freeobj 0;352;1.7;1,,.freeobj 1;352;-1.7;1,,,.freeobj 10;406;-15;0;90,.freeobj 6;406;25;0;90,,,,,,
.form 1;l;0;0,,,,,.freeobj 0;18;0;0;0,,,,.freeobj 10;414;-45;0;90;홈플러스 빌딩,,,,,,,,,,,
,,,.freeobj 0;703;2.9;3.2;45;명륜동역 기둥,.freeobj 1;703;-2.9;3.2;45;온천장역 기둥,,,,,,,,,,,,,,,,
,,,,,,,,,,,,,,,,,,,,
,,,,,,,,,,,,,,,,,,,,
28920,,,.freeobj 0;45;5;-0.6;0,.freeobj 1;45;-5;-0.6;0,,,,,,,,,,,,,,,,
28925,,,,,,,,,,,,,,.freeobj 6;407;25;0;90,,,,,,
.form 0;r;0;6,,,.freeobj 0;703;2.9;3.2;45;명륜동역 기둥,.freeobj 1;703;-2.9;3.2;45;온천장역 기둥,,,,,,,,,,,,,,,,
.form 1;l;0;6,,,,,,,,.freeobj 0;351;1.7;1,,.freeobj 1;351;-1.7;1,,,,,,,,,,
28927,,,,,,,,,,,,,,,,,,,,,.freeobj 0;609;7.2;1.2;90,,
.freeobj 1;120;-5.25;0;0,.freeobj 0;120;5.25;0;0,,,,,,,,,,,,,,,,,,,
28930,,,,,,,,,.freeobj 10;414;-20;0;90;홈플러스 빌딩,,,,,,,,,,,
28940,,,,,,,,,,,,,,,,,,,,
28950,,,,,,,,,,,,,,,,,,,,,
.form 0;r;0;6,,,.freeobj 0;359;3;0;0,,.freeobj 1;15;0;0;0,,,.freeobj 0;350;1.7;1,,.freeobj 1;350;-1.7;1,,,,.freeobj 6;408;25;0;90,,,,,,
.form 1;l;0;6,,,.freeobj 1;14;-3;0;0,,,,,,.freeobj 0;101;-2.45;-0.25;0,,,,,,,,,,,
,,,.freeobj 0;703;2.9;3.2;45;명륜동역 기둥,.freeobj 1;703;-2.9;3.2;45;온천장역 기둥,,,,,,,,,,,,,,,,
28946,,,,.freeobj 1;609;-7.2;1.2;-90
28951.5,,,.freeobj 0;609;7.2;1.2;90,,
28952,,,,,,,,,,,,,,,,,,,,,,
.freeobj 1;121;-5.25;0;0,.freeobj 0;121;5.25;0;0,,,,,,,,,,,,,,,,,,,
28963,,,,,,,,,.freeobj 10;415;-40;0;0;홈플러스 빌딩,,,,,,,,,,,,
,,,,,,,,,,,,,,,,,,,,
28973,,,.freeobj 0;624;4;-0.6;0,,,,.freeobj 1;628;-4;-0.6;0
28975,,,,,,,,,,,,,,,,,,,,
.form 0;r;0;0,,,,,,,,,,,,,,,,,,,,
.form 1;l;0;0,,,.freeobj 0;703;2.9;3.2;45;명륜동역 기둥,.freeobj 1;703;-2.9;3.2;45;온천장역 기둥,,,,,,,,,,.freeobj 6;409;25;0;90,,,,,,
.stop 0,.freeobj 0;90;-0.25;1.5;0,,,,,,,,,,,,,,,,,,,
.freeobj 0;0;,.freeobj 0;106;2;0.2;0,,,,,,,,,,,,,,,,,,,
.freeobj 0;23;1.7;1,,,,,,,,,,,,,,,,,,,,
.freeobj 1;23;-1.7;1,,,,,,,,,,,,,,,,,,,,
.freeobj 0;25;3;1,,,,,,,,,,,,,,,,,,,,
.freeobj 0;26;4;1,.freeobj 1;26;-4;1,,,,,,,,,,,,,,,,,,,
,,,,,,,,,,,,,,,,,,,,
,,,,,,,,,,,,,,,,,,,,
29000,,,,,,,,,,,,,,,,,,,,
,,,,.freeobj 10;410;-15;0;90,,,,,,,,,,,,,,,,
.wallend 0,.wallend 1,.freeobj 1;160;,.freeobj 0;161;,,,,,,,,,,,,,,,,,
.poleend 0,.poleend 1,,,,,,,,,,,,,.freeobj 6;410;25;0;90,,,,,,
.wall 0;1;9,.dike 0;-1;13,.dike 1;1;13,,,,,,,,,,,,,,,,,,
.wall 1;-1;9,,,,,,,,,,,,,,,,,,,,
,,,,,,,,,,,,,,,,,,,,
,,,,,,,,,,,,,,,,,,,,
29025,,,,.freeobj 10;412;-15;0;90,,,,,,,,,,.freeobj 6;411;25;0;90,,,,,,.Announce Busan1\27-1.wav;,,,,,,,,,,,,,,,
,,.Pole 0;0;1;50;1,.Pole 1;0;-1;50;1,,,,,,,,,,,,,,,,,
29050,,.pitch 10,,.freeobj 10;406;-15;0;90,.freeobj 6;406;25;0;90,,,,,,,,,,,,,,,
29075,,,,.freeobj 10;407;-15;0;90,.freeobj 6;407;25;0;90,,,,,,,,,,,,,,,
29100,,,,.freeobj 10;408;-15;0;90,.freeobj 6;408;25;0;90,,,,,,,,,,,,,,,
29125,,,,.freeobj 10;409;-15;0;90,.freeobj 6;409;25;0;90,,,,,,,,,,,,,,,
29150,,,,.freeobj 10;410;-15;0;90,.freeobj 6;410;25;0;90,,,,,,,,,,,,,,,
29175,,,,.freeobj 10;411;-15;0;90,.freeobj 6;411;25;0;90,,,,,,,,,,,,,,,
29200,,,,.freeobj 10;412;-15;0;90,.freeobj 6;412;25;0;90,,,,,,,,,,,,,,,
29225,,,,.freeobj 10;406;-15;0;90,.freeobj 6;406;25;0;90,,,,,,,,,,,,,,,
29250,,,,.freeobj 10;407;-15;0;90,.freeobj 6;407;25;0;90,,,,,,,,,,,,,,,
29275,,,,.freeobj 10;408;-15;0;90,.freeobj 6;408;25;0;90,,,,,,,,,,,,,,,
29300,,,,.freeobj 10;408;-15;0;90,.freeobj 6;408;25;0;90,,,,,,,,,,,,,,,
29325,,,,.freeobj 10;409;-15;0;90,.freeobj 6;409;25;0;90,,,,,,,,,,,,,,,
,,,,,,,,,,,,,,,,,,,,
,,,,,,,,,,,,,,,,,,,,
29350,.curve -700;60,.railtype 0;30,.rail 1;-5;0;30,.freeobj 10;410;-15;0;90,.freeobj 6;410;25;0;90,,,.rail 10;-50;-6.5;7,.rail 11;-23;-6.5;6,,,,,,,,,,,
,,,,,,,,,,,,,,,,,,,,
29375,,,,.freeobj 10;411;-15;0;90,.freeobj 6;411;25;0;90,,,.rail 10;-48;-6.5;7,.rail 11;-21;-6.5;6,,.dikeend 11,,,,,,,,,
,,,,,,,,,,,,,,,,,,,,
29400,,,,.freeobj 10;412;-15;0;90,.freeobj 6;412;25;0;90,,,.rail 10;-46;-6.5;7,.rail 11;-18;-6.5;6,,,,,,,,,,,
,,,,,,,,,,,,,,,,,,,,
29425,,,,.freeobj 10;406;-15;0;90,.freeobj 6;406;25;0;90,,,.rail 10;-42;-6.5;7,.rail 11;-14;-6.5;6,,,,,,,,,,,
,,,,,,,,,,,,,,,,,,,,
29450,,,,.freeobj 10;407;-15;0;90,.freeobj 6;407;25;0;90,,,.rail 10;-37;-6.5;7,.rail 11;-9;-6.5;6,,,,,,,,,,,
,,,,,,,,,,,,,,,,,,,,
29475,,,,.freeobj 10;408;-15;0;90,.freeobj 6;408;25;0;90,,,.rail 10;-31;-6.5;7,.rail 11;-3;-6.5;6,,,,,,,,,,,
,,,,,,,,,,,,,,,,,,,,
29500,,,,,.freeobj 6;409;25;0;90,,,.rail 10;-24;-6.5;7,.rail 11;4;-6.5;6,,,.rail 7;-20;-6.7;40,,,,,,,,
,,,,,,,,,,,,.dike 7;1;12,,,,,,,,
29525,,,,.freeobj 7;410;-25;0;90,.freeobj 6;410;25;0;90,,,.rail 10;-16;-6.5;7,.rail 11;13;-6.5;6,,.rail 6;20;-6.7;52,.rail 7;-23;-6.5;40,,,,,,,,
,,,,,,,,,,,,,,,,,,,,
29550,,,,.freeobj 7;411;-25;0;90,.freeobj 6;411;25;0;90,,,.rail 10;-7;-6.5;7,.rail 11;22;-6.5;6,,,,,,,,,,,
,,,,,,,,,,,,,,,,,,,,
29575,.curve 0,.railtype 0;0,.rail 1;-5;0;0,.freeobj 7;406;-25;0;90,,,.pitch 0,.rail 10;3;-6.5;7,.rail 11;32;-6.5;6,,,,,,,,,,,
,,,,,,,,,,,,,,,,,,,,
29600,,,,.freeobj 7;407;-25;0;90,.freeobj 11;407;15;0;90,,,.rail 10;13;-6.5;7,.rail 11;42;-6.5;6,,,,,,,,,,,
,,,,,,,,,,,,,,,,,,,,
29625,,,,.freeobj 7;408;-25;0;90,.freeobj 11;408;15;0;90,,,.rail 10;23;-6.5;7,.rail 11;52;-6.5;6,,,,,,,,,,,
,,,,,,,,,,,,,,,,,,,,
29650,,,,.freeobj 7;409;-25;0;90,.freeobj 11;409;15;0;90,,,.rail 10;33;-6.5;7,.rail 11;62;-6.5;6,,,,,,,,,,,
,,,,,,,,,,,,,,,,,,,,
29675,,,,.freeobj 7;410;-25;0;90,.freeobj 11;410;15;0;90,,,.rail 10;43;-6.5;7,.rail 11;72;-6.5;6,,,,,,,,,,,
,,,,,,,,,,,,,,,,,,,,
29700,,,,.freeobj 7;411;-25;0;90,.freeobj 11;411;15;0;90,,,.rail 10;53;-6.5;7,.rail 11;82;-6.5;6,,,,,,,,,,,
,,,,,,,,,,,,,,,,,,,,
29725,,,,.freeobj 7;406;-25;0;90,.freeobj 11;406;15;0;90,.freeobj 10;411;-15;0;90,,.rail 10;63;-6.5;7,.rail 11;92;-6.5;6,,,,,,,,,,,
,,,,,,,,,,,,,,,,,,,,
29750,,,,.freeobj 7;407;-25;0;90,.freeobj 11;407;15;0;90,.freeobj 10;406;-15;0;90,,.rail 10;73;-6.5;7,.rail 11;102;-6.5;6,,,,,,,,,,,
,,,,,,,,,,,,,,,,,,,,
29775,,,,.freeobj 7;408;-25;0;90,.freeobj 11;408;15;0;90,,,.rail 10;83;-6.5;7,.rail 11;112;-6.5;6,,,,,,,,,,,
,,,,,,,,,,,,,,,,,,,,
29800,.freeobj 6;53;40;-1;180,,,.freeobj 7;409;-25;0;90,.freeobj 11;409;15;0;90,,,.rail 10;93;-6.5;7,.rail 11;122;-6.5;6,,,,,,,,,,,
,,,,,,,,,,,,,,,,,,,,
29825,,,,.freeobj 7;410;-25;0;90,.freeobj 11;410;15;0;90,,,.rail 10;103;-6.5;7,.rail 11;132;-6.5;6,,,.Announce Busan1\28.wav;,,,,,,,,
,,,,,,,,,,,,,,,,,,,,
29850,,,,.freeobj 7;411;-25;0;90,.freeobj 11;411;15;0;90,,,.rail 10;113;-6.5;7,.rail 11;142;-6.5;6,,,,,,,,,,,
,,,,,,,,,,,,,,,,,,,,
29875,,,,.freeobj 7;61;-25;0;0,,,,.freeobj 6;406;25;0;0,,,,,,,,,,,,
.poleend 0,,,,,,,,,,,,,,,,,,,,
.poleend 1,,,,,.curve -700;30,.railtype 0;30,.rail 1;-5;0;30,.rail 10;123;-6.5;7,.rail 11;152;-6.5;6,,,,,,,,,,,
.wallend 0, .pole 0;0;-1;50;5,,,,,,,,,,,,,,,,,,,
.wallend 1, .pole 1;0;1;50;5,,,,,,,,,,,,,,,,,,,
.wall 0;1;10,.freeobj 0;159;,,.dikeend 0,,,,,,,.freeobj 11;412;15;0;90,,,,,,,,,,
.wall 1;-1;10,.freeobj 1;158;,,.dikeend 1,,,,,,,,,,,,,,,,,
.sta 부산대;10.5305;10.5330;0;1;0;1;\Busan1\sta.wav;0;30;\Busan1\go.wav;,,,,,,,,,,,,,,,,,,,,
.form 0;r;0;0,,,,,,,,,,,.freeobj 0;356;1.7;1,,.freeobj 1;356;-1.7;1,,,,,,,
.form 1;l;0;0,,,,,,,,,,,,,,,,,,,,
,.crack 0;1;0,.crack 1;0;0,,,,,,,,,,,,,,,,,,
.freeobj 1;15;0;0;0,,,,,,,,,,,,,,,,,,,,
.freeobj 0;18;0;0;0,,,,,,,,,,,,,,,,,,,,
.freeobj 0;24;1.7;1,,,,,,,,,,,,,,,,,,,,
.freeobj 1;24;-1.7;1,,,,,,,,,,,,,,,,,,,,
29890,,.freeobj 0;396;5;0;0,.freeobj 1;396;-5;0;0
29895,,.freeobj 0;45;5;-0.6;0,.freeobj 1;45;-5;-0.6;0,,,,,,,,,,,,,,,,,
29900,,,,,,,,,,,,,,,,,,,,
.form 0;r;0;6,,.freeobj 0;91;-1;1.5;0,.freeobj 1;0;,,.freeobj 1;1;0;0;1.5,,.freeobj 7;61;-25;0;0,.freeobj 6;407;25;0;0,,,,,,,,,,,,
.form 1;l;0;6,,,,,,,.freeobj 10;412;-15;0;90,.rail 10;133;-6.5;7,.rail 11;162;-6.5;6,.freeobj 11;412;15;0;90,.freeobj 0;355;1.7;1,,.freeobj 1;355;-1.7;1,,,,,,,
29902,,.freeobj 0;118;5.25;0;0,,,,,,,,,,,,,,,,,,
,,.freeobj 1;118;-5.25;0;0,,,,,,,,,,,,,,,,,,
29920,,,,,.freeobj 1;3,,,,,,,,,,,,,,,
29925,,,,,,,,,,,,,,,,,,,,
.form 0;r;0;6,,.freeobj 0;359;3;0;0,,,.freeobj 1;15;0;0;0,,.freeobj 7;64;-25;0;0,.freeobj 6;410;25;0;0,,,.freeobj 0;354;1.7;1,,.freeobj 1;354;-1.7;1,,,,,,,
.form 1;l;0;6,,.freeobj 1;14;-3;0;0,,,.freeobj 0;18;0;0;0,,,.freeobj 0;101;-2.45;-0.25;0,,,,,,,,,,,,
,,,,,,,,,,,,,,,,,,,,
,,,,,,,.freeobj 10;406;-15;0;90,.rail 10;143;-6.5;7,.rail 11;172;-6.5;6,.freeobj 11;406;15;0;90,,,,,,,,,,
29927,,.freeobj 0;119;5.25;0;0,,,,,,,,,,,,,,,,,,
,,.freeobj 1;119;-5.25;0;0,,,,,,,,,,,,,,,,,,
,,,,,,,,,,,,,,,,,,,,
29940,,,,,.freeobj 1;2;0;0;0.5,,,,,,,,,,,,,,,
29950,,,,,,,,,,,,,,,,,,,,
.form 0;r;0;0,,.freeobj 1;88;-6.25;0;0,.freeobj 0;89;6.25;0;0,,.freeobj 1;15;0;0;0,,.freeobj 7;64;-25;0;0,,.freeobj 6;413;65;0;0;아파트,,,,,,,,,,,
.form 1;l;0;0,,,,,.freeobj 0;18;0;0;0,,.freeobj 10;407;-15;0;90,.rail 10;153;-6.5;7,.rail 11;182;-6.5;6,.freeobj 11;407;15;0;90,,.freeobj 0;353;1.7;1,,.freeobj 1;353;-1.7;1,,,,,,
29956,,,.freeobj 0;624;4;-0.6;0,,,,.freeobj 1;628;-4;-0.6;0
29960,,,,,.freeobj 1;3;0;0;1,,,,,,,,,,,,,,,
29972,,,,.freeobj 1;609;-7.2;1.2;-90
29975,,,,,,,,,,,,,,,,,,,,
.form 0;r;0;0,,,,,.freeobj 1;15;0;0;0,,.freeobj 7;65;-25;0;0,,.freeobj 6;413;45;0;0;아파트,,,,,,,,,,,
.form 1;l;0;0,,,,,.freeobj 0;18;0;0;0,,.freeobj 10;408;-15;0;90,.rail 10;163;-6.5;7,.rail 11;190;-6.5;6,.freeobj 11;408;15;0;90,.freeobj 0;352;1.7;1,,.freeobj 1;352;-1.7;1,,,,,,,
29976.5,,,.freeobj 0;609;7.15;1.2;90,,.
29980,,,,,.freeobj 1;2;0;0;1.5,,,,,,,,,,,,,,,
29995,,.freeobj 0;45;5;-0.6;0,.freeobj 1;45;-5;-0.6;0,,,,,,,,,,,,,,,,,
,,,,,,,,,,,,,,,,,,,,
30000,,,,,.freeobj 1;3;0;0;2,,,,,,,,,,,,,,,
.form 0;r;0;6,,,,,,,.freeobj 7;65;-25;0;0,,.freeobj 6;413;25;0;0;아파트,,,,,,,,,,,
.form 1;l;0;6,,,,,,,.freeobj 10;409;-15;0;90,,,.freeobj 11;409;15;0;90,.freeobj 0;351;1.7;1,,.freeobj 1;351;-1.7;1,,,,,,,
30002,,.freeobj 0;118;5.25;0;0,,,,,,,,,,,,,,,,,,
,,.freeobj 1;118;-5.25;0;0,,,,,,,,,,,,,,,,,,
30020,,,,,.freeobj 1;2,,,,,,,,,,,,,,,
30025,,,,,,,,,,,,,,,,,,,,
.form 0;r;0;6,,.freeobj 0;359;3;0;0,,,,,.freeobj 7;61;-25;0;0,.freeobj 0;101;-2.45;-0.25;0,.freeobj 6;61;25;0;0,,.freeobj 0;350;1.7;1,,.freeobj 1;350;-1.7;1,,,,,,,
.form 1;l;0;6,,.freeobj 1;14;-3;0;0,,,,,.freeobj 10;410;-15;0;90,,,.freeobj 11;410;15;0;90,,,,,,,,,,
30027,,.freeobj 0;119;5.25;0;0,,,,,,,,,,,,,,,,,,
,,.freeobj 1;119;-5.25;0;0,,,,,,,,,,,,,,,,,,
30040,,,,,.freeobj 1;4;0;0;0.5,,,,,,,,,,,,,,,
30048,,,.freeobj 0;624;4;-0.6;0,,,,.freeobj 1;628;-4;-0.6;0
30050,,,,,,,,,,,,,,,,,,,,
.freeobj 0;0,.form 0;r;0;0,,,,,,.freeobj 7;64;-25;0;0,,,,,,,,,,,,,
.freeobj 0;23;1.7;1,.form 1;l;0;0,,,,,,.freeobj 10;411;-15;0;90,,,.freeobj 11;411;15;0;90,,,,,,,,,,
.freeobj 1;23;-1.7;1,,,,,,,,,,,,,,,,,,,,
.freeobj 0;26;4;1,.crack 0;1;0,,,,,,,,,,,,,,,,,,,
.freeobj 1;26;-4;1,,,,,,,,,,,,,,,,,,,,
.freeobj 0;28;3;1,.freeobj 0;106;2;0.2;0,,,,,,,,,,,,,,,,,,,
.stop 0,.freeobj 0;90;-0.25;1.5;0,,,,,,,,,,,,,,,,,,,
,,,,,,,,,,,,,,,,,,,,
30065,,,,,,,,,.freeobj 6;11;25;0;0,,,,,,,,,,,
30075,,,,,,,,,,,,,,,,,,,,
.poleend 0,.freeobj 0;159;,,,,,,.freeobj 10;411;-15;0;90,,,.freeobj 11;411;15;0;90,,,,,,,,,,
.poleend 1,.freeobj 1;158;,,,,,,,,,,,,,,,,,,,
.Pole 0;0;1;50;1,,,,,,,.freeobj 7;65;-25;0;0,,,,,,,,,,,,,
.Pole 1;0;-1;50;1,,.dike 0;-1;13,.dike 1;1;13,,,,,,,,,,,,,,,,,
.wallend 0,,,,,,,,,,,,,,,,,,,,
.wallend 1,,,,,,,,,.freeobj 6;406;25;0;0,,,,,,,,,,,
.wall 0;1;9,,,.railtype 0;0,.rail 1;-5;0;0,,,,,,,,,,,,,,,,
.wall 1;-1;9,,,,,,,,,,,,,,,,,,,,
.freeobj 0;22;2.3;0,.freeobj 1;22;-2.5;0,,,,,,,,,,,,,,,,,,,
.curve 0,,,,,,,,,,,,,,,,,,,,
30100,,,,,,,.freeobj 10;411;-15;0;0,,.freeobj 6;407;25;0;0,.freeobj 11;411;15;0;0,,,,,,,,,,
,,,,,,,,,.freeobj 6;407;50;0;0,,,,,,,,,,,
,,,,,,,,,.freeobj 6;408;75;0;0,,,,,,,,,,,
,,,,,,,,,.freeobj 6;409;100;0;0,,,,,,,,,,,
30125,.curve 700;60,,.freeobj 0;601;120;-6.5;90,.freeobj 0;601;90;-6.5;90,.freeobj 0;601;60;-6.5;90,.freeobj 0;601;34;-6.5;90,.freeobj 0;601;-13;-6.5;90,.freeobj 0;601;-21;-6.5;90,.freeobj 0;601;-67;-6.5;90,,.freeobj 0;601;-97;-6.5;90,,,.freeobj 11;406;15;0;0,,,,,,
,.railtype 0;31,.rail 1;-5;0;31,,,,,,,,,,,,,,,,,,
30130,,,.freeobj 0;600;120;-6.5;90,.freeobj 0;600;90;-6.5;90,.freeobj 0;600;60;-6.5;90,.freeobj 0;600;34;-6.5;90,.freeobj 0;600;-13;-6.5;90,.freeobj 0;600;-21;-6.5;90,.freeobj 0;600;-67;-6.5;90,,.freeobj 0;600;-97;-6.5;90,,,,,,,,,
30150,,,,,,,,,,,.freeobj 7;406;-25;0;90,,.dike 6;1;14;갓길숲,.freeobj 11;407;15;0;0,,,,,,
30160,,,,,,,.freeobj 6;9;40;0;0;아파트,.freeobj 6;9;100;0;0;아파트,,,,,,,,,,,,
30175,,,,,,,,,,,.freeobj 7;407;-25;0;90,,,.freeobj 11;408;15;0;0,,,,,,
,,,,,,,,,,,,,,,,,,,,
30200,,,,,,,.freeobj 6;9;25;0;90;아파트,,,,.freeobj 7;408;-25;0;90,,,,,,,,,
,,,,,,,,,,,,,,,,,,,,
30225,,,,,,,,,,,.freeobj 7;409;-25;0;90,,,,,,,,,
30240,,,,,,,.freeobj 6;9;50;0;0;아파트,,,,,,,,,,,,,
30250,,,,,,,,,,,.freeobj 7;410;-25;0;90,,,,,,,,,
,,,,,,,,,,,,,,,,,,,,
30275,.curve 0,,,,,,.freeobj 6;9;25;0;90;아파트,,,,.freeobj 7;411;-25;0;90,,,,,,,,,
,.railtype 0;0,.rail 1;-5;0;0,,,,,,,,,,,,,,,,,,
30300,,,,,,,,,,,.freeobj 7;412;-25;0;90,,,,,,,,,
,,,,,,,,,,,,,,,,,,,,
30310,,,,,,,.freeobj 6;9;50;0;0;아파트,,,,,,,,,,,,,
,,,,,,,,,,,,,,,,,,,,
30325,,,,,,,,,,,.freeobj 7;406;-25;0;90,,,,,,,,,
,,,,,,,,,,,,,,,,,,,,
30350,,,,,,,.freeobj 6;48;50;0;0;아파트,,,,.freeobj 7;407;-25;0;90,,,,,,,,,
,,,,,,,,,,,,,,,,,,,,
30375,,,,,,,,,,,.freeobj 7;408;-25;0;90,,,,,,,,,
,,,,,,,,,,,,,,,,,,,,
30400,,,,,,,.freeobj 6;48;25;0;90;아파트,,,,.freeobj 7;409;-25;0;90,,,,,,,,,
,,,,,,,,,,,,,,,,,,,,
30425,.curve -500;60,,.pitch 12,,,,,,,,.freeobj 7;410;-25;0;90,,,,,,,,,
,.railtype 0;18,.rail 1;-5;0;18,,,,,,,,,,,,,,,,,,
30450,,,,,,,,,,,.freeobj 7;406;-25;0;90,,,,,,,,,
,,,,,,,,,,,,,,,,,,,,
30475,,,,,,,.freeobj 6;48;25;0;90;아파트,,,,.freeobj 7;407;-25;0;90,,.dikeend 6,,,,,,,
,,,,,,,,,,,,,,,,,,,,
30500,,,,,,,,,,,.freeobj 7;408;-25;0;90,,,,,,,,,
,,,,,,,,,,,,,,,,,,,,
30525,,,,,,,,,,,.freeobj 7;409;-25;0;90,,,,,,,,,
30535,,,,,,,.freeobj 6;11;25;0;0,,,,,,,,,,,,,
,,,,,,,,,,,,,,,,,,,,
30550,,,,,,,,,,,.freeobj 7;410;-25;0;90,,,,,,,,,
,,,,,,,,,,,,,,,,,,,,
30575,,,,,,,.freeobj 6;48;25;0;90;아파트,,,,.freeobj 7;406;-25;0;90,,.dike 6;1;14;갓길숲,,,,,,,
,,,,,,,,,,,,,,,,,,,,
30600,,,,,,,,,,,.freeobj 7;407;-25;0;90,,,,,,,,,
30615,,,,,,,.freeobj 6;48;50;0;0;아파트,,,,,,,,,,,,,
,,,,,,,,,,,,,,,,,,,,
30625,.curve 0,,,,,,,,,,.freeobj 7;408;-25;0;90,,,,,,,,,
,.railtype 0;0,.rail 1;-5;0;0,,,,,,,,,,,,,,,,,,
30650,,,.pitch 0,,,,.freeobj 6;48;25;0;90;아파트,,,,.freeobj 7;409;-25;0;90,,,,,,,,,
,,,,,,,,,,,,,,,,,,,,
30675,,,,,,,,,,,.freeobj 7;406;-25;0;90,,,,,,,,,
,,,,,,,,,,,,,,,,,,,,
30700,,,,,,,,,,,.freeobj 7;407;-25;0;90,,,,,,,,,
,,,,,,,,,,,,,,,,,,,,
30725,.dikeend 0,.dikeend 1,,,,,.freeobj 6;48;25;0;90;아파트,,,,.freeobj 7;408;-25;0;90,,,.Announce Busan1\29.wav;,,,,,,
,,,,,,,,,,,,,,,,,,,,
30750,.rail 3;-5;0;9,,dikeend 3,,,,,,,,.freeobj 7;409;-25;0;90,,,,,,,,,
,,,,,,,,,,,,,,,,,,,,
30775,.rail 3;-2.5;0;10,,,,,,.freeobj 6;410;25;0;0,,,,.freeobj 7;410;-25;0;90,,,,,,,,,
,,,,,,,,,,,,,,,,,,,,
30800,.rail 3;0;0;10,,.railend 3,,,,.freeobj 6;411;25;0;0,,,,.freeobj 7;411;-25;0;90,,,,,,,,,
,,,,,,,,,,,,,,,,,,,,
30825,,,,,,,.freeobj 6;412;25;0;0,,,,.freeobj 7;412;-25;0;90,,,,,,,,,
,,,,,,,,,,,,,,,,,,,,
30850,,,,,,,.freeobj 6;406;25;0;0,,,,.freeobj 7;406;-25;0;90,,,,,,,,,
.poleend 0,,,,,,,,,,,,,,,,,,,,
.poleend 1,,,,,,,,,,,,,,,,,,,,
.wallend 0, .pole 0;0;-1;50;5,,,,,,,,,,,,,,,,,,,
.wallend 1, .pole 1;0;1;50;5,,,,,,.freeobj 6;410;25;0;0,,.freeobj 7;410;-25;0;90,,,,,,,,,,,
.wall 0;1;8,.freeobj 0;169;,,,,,,,,,,,,,,,,,,,
.wall 1;-1;8,.freeobj 1;168;,,,,,,,,,,,,,,,,,,,
.sta 장전(부산가톨릭대학교);10.5450;10.5515;0;1;0;1;\Busan1\sta.wav;0;30;\Busan1\go.wav;,,,,,,,,,,,,,.dikeend 6,,,,,,,
.form 0;r;0;0,.crack 0;1;0,,,,,.Section 0;10;23,,,,,,,,,,,,,,
.form 1;l;0;0,.crack 1;0;0,,,,,,,,,,,,,,,,,,,
,,,,,,,,,,,,,,,,,,,,
.curve 700;30,,,.railtype 0;31,,.Rail 1;-5;0;31,,,,,,,,,,,,,,,
.freeobj 1;15;0;0;0,.crack 0;1;0,,,,,,,,,,,.freeobj 0;356;1.7;1,,.freeobj 1;356;-1.7;1,,,,,,
.freeobj 0;18;0;0;0,.crack 1;0;0,,,,,,,,,,,,,,,,,,,
.freeobj 0;24;1.7;1,,,,,,,,,,,,,,,,,,,,
.freeobj 1;24;-1.7;1,,,,,,,,,,,,,,,,,,,,
30870,,.freeobj 0;45;5;-0.6;0,.freeobj 1;45;-5;-0.6;0,,,,,,,,,,,,,,,,,
,,,,,,,,,,,,,,,,,,,,
30875,,,,,,,.freeobj 6;411;25;0;0,,.freeobj 7;411;-25;0;90,,,,,,,,,,,
.form 0;r;0;6,,,,,.freeobj 1;0;,.freeobj 0;91;-1;1.5;0,,,,,,.freeobj 0;355;1.7;1,,.freeobj 1;355;-1.7;1,,,,,,
.form 1;l;0;6,,,,,,,.freeobj 0;704;2.9;3.2;45;장전동역 기둥,.freeobj 1;704;-2.9;3.2;45;장전동역 기둥,,,,,,,,,,,,
,,,,,,,,,,,,,,,,,,,,
30877,,.freeobj 0;116;5.25;0;0,,,,,,,,,,,,,,,,,,
,,.freeobj 1;116;-5.25;0;0,,,,,,,,,,,,,,,,,,
,,,,,,,,,,,,,,,,,,,,
30900,,,,,,,,,,,,,,,,,,,,
.form 0;r;0;6,,,,.freeobj 1;15;0;0;0,,,.freeobj 6;412;25;0;0,,.freeobj 7;412;-25;0;90,,,.freeobj 0;354;1.7;1,,.freeobj 1;354;-1.7;1,,,,,,
.form 1;l;0;6,,,,.freeobj 0;18;0;0;0,,,.freeobj 0;704;2.9;3.2;45;장전동역 기둥,.freeobj 1;704;-2.9;3.2;45;장전동역 기둥,,,,,,,,,,,,
30902,,.freeobj 0;117;5.25;0;0,,,,,,,,,,,,,,,,,,
,,.freeobj 1;117;-5.25;0;0,,,,,,,,,,,,,,,,,,
30925,,,,,,,,,,,,,,,,,,,,
.form 0;r;0;0,,,,,,,.freeobj 0;704;2.9;3.2;45;장전동역 기둥,.freeobj 1;704;-2.9;3.2;45;장전동역 기둥,,,,.freeobj 0;353;1.7;1,,.freeobj 1;353;-1.7;1,,,,,,
.form 1;l;0;0,,,,,,,.freeobj 6;406;25;0;0,,.freeobj 7;406;-25;0;90,,,,,,,,,,,
30931,,,.freeobj 0;624;4;-0.6;0,,,,.freeobj 1;628;-4;-0.6;0
30950,,,,,,,,,,,,,,,,,,,,
.form 0;r;0;0,,,,.freeobj 1;15;0;0;0,,,.freeobj 6;407;25;0;0,,.freeobj 7;407;-25;0;90,,,.freeobj 0;352;1.7;1,,.freeobj 1;352;-1.7;1,,,,,,
.form 1;l;0;0,,,,.freeobj 0;18;0;0;0,,,.freeobj 0;704;2.9;3.2;45;장전동역 기둥,.freeobj 1;704;-2.9;3.2;45;장전동역 기둥,,,,,,,,,,,,
30970,,.freeobj 0;45;5;-0.6;0,.freeobj 1;45;-5;-0.6;0,,,,,,,,,,,,,,,,,
,,,,,,,,,,,,,,,,,,,,
30975,,,,,,,,,,,,.freeobj 0;351;1.7;1,,.freeobj 1;351;-1.7;1,,,,,,
.form 0;r;0;6,,,,,,,.freeobj 0;704;2.9;3.2;45;장전동역 기둥,.freeobj 1;704;-2.9;3.2;45;장전동역 기둥,,,,,,,,,,,,
.form 1;l;0;6,,,,,,,.freeobj 6;408;25;0;0,,.freeobj 7;408;-25;0;90,,,,,,,,,,,
30977,,.freeobj 0;116;5.25;0;0,,,,,,,,,,,,,,,,,,
,,.freeobj 1;116;-5.25;0;0,,,,,,,,,,,,,,,,,,
,,,,,,,,,,,,,,,,,,,,
31000,,,,,,,,,,,,,,,,,,,,
.form 0;r;0;6,,,,.freeobj 1;15;0;0;0,,,.freeobj 6;409;25;0;0,,.freeobj 7;409;-25;0;90,,,.freeobj 0;350;1.7;1,,.freeobj 1;350;-1.7;1,,,,,,
.form 1;l;0;6,,,,.freeobj 0;18;0;0;0,,,.freeobj 0;704;2.9;3.2;45;장전동역 기둥,.freeobj 1;704;-2.9;3.2;45;장전동역 기둥,,,,,,,,,,,,
31002,,.freeobj 0;117;5.25;0;0,,,,,,,,,,,,,,,,,,
,,.freeobj 1;117;-5.25;0;0,,,,,,,,,,,,,,,,,,
,,,,,,,,,,,,,,,,,,,,
31022,.freeobj 0;396;5
31017,,,.freeobj 0;624;4;-0.6;0,,,,.freeobj 1;628;-4;-0.6;0
31025,.form 0;r;0;0,.crack 0;1;0,,,,,.freeobj 0;704;2.9;3.2;45;장전동역 기둥,.freeobj 1;704;-2.9;3.2;45;장전동역 기둥,,,,,,,,,,,,
,.form 1;l;0;0,.crack 1;0;0,.freeobj 0;105;0;0;0,,,,.freeobj 6;410;25;0;0,,.freeobj 7;410;-25;0;90,,,,,,,,,,,
,,,,,,,,,,,,,,,,,,,,
,,,,,,,,,,,,,,,,,,,,
,,,,,,,,,,,,,,,,,,,,
,.form 0;r;0;0,.crack 0;1;0,,,,,,,,,,,,,,,,,,
,.form 1;l;0;0,.crack 1;0;0,,,,,,,,,,,,,,,,,,
,.freeobj 0;0,,,,,,,,,,,,,,,,,,,
,.stop 0,.freeobj 0;90;-0.25;1.5;0,,,,,,,,,,,,,,,,,,
,.freeobj 0;106;2;0.2;0,,,,,,,,,,,,,,,,,,
,.freeobj 1;26;-4;1,,,,,,,,,,,,,,,,,,,
,.freeobj 0;23;1.7;1,,,,,,,,,,,,,,,,,,,
,.freeobj 1;23;-1.7;1,,,,,,,,,,,,,,,,,,,
,.freeobj 0;28;3;1,,,,,,,,,,,,,,,,,,,
31050,,,.poleend 0,.poleend 1,,,,,,,,,,,,,,,,
.wallend 0,.freeobj 0;171;,,,,,,.freeobj 6;411;25;0;0,,.freeobj 7;411;-25;0;90,,,,,,,,,,,
.wallend 1,.freeobj 1;170;,,,,,,,,,,,,,,,,,,,
.wall 0;1;9,.crack 0;1;0,.crack 1;0;0,.freeobj 0;22;2.3;0,.freeobj 1;22;-2.5;0,,,,,,,,,,,,,,,,
.wall 1;-1;9,.curve 0,,.railtype 0;0,,.Rail 1;-5;0;0,,,,,,,,,,,,,,,
.dike 0;-1;13,.dike 1;1;13,,,,,,,,,,,,,,,,,,,
31075,,,,.Pole 0;0;1;50;1,.Pole 1;0;-1;50;1,,,,,,,,,,,,,,,
,,,,,,,,,,,,,,,,,,,,
,,,,,,,,,,,,,,,,,,,,
31125,.freeobj 7;9;-20;-1;90,,,,,,.freeobj 6;48;30;-1;90;아파트,,,,,.freeobj 6;63;115;-1;0;마트,,,,,,,,
,,,,,,,,,,,,,,,,,,,,
,,,,,,,,,,,,,,,,,,,,
31150,,,,,,,,,,,,,,,,,,,,
.curve 700;60,.railtype 0;31,.rail 1;-5;0;31,,,,,.freeobj 6;48;60;-1;0;아파트,,,,,,,,,,,,,
31170,,,,,,,,,,,,,,,,,,,,
.freeobj 0;601;120;-6.5;90,.freeobj 0;601;90;-6.5;90,.freeobj 0;601;60;-6.5;90,.freeobj 0;601;34;-6.5;90,.freeobj 0;601;-13;-6.5;90,.freeobj 0;601;-21;-6.5;90,.freeobj 0;601;-67;-6.5;90,,.freeobj 0;601;-97;-6.5;90,,,,,,,,,,,,
31175,,,,,,,,,,,,,,,,,,,,
.curve 400;120,.railtype 0;17,.rail 1;-5;0;17,,,,,,,,,,,,,,,,,,
.freeobj 0;600;120;-6.7;90,.freeobj 0;600;90;-6.7;90,.freeobj 0;600;60;-6.7;90,.freeobj 0;600;34;-6.7;90,.freeobj 0;600;-13;-6.7;90,.freeobj 0;600;-21;-6.7;90,.freeobj 0;600;-67;-6.7;90,,.freeobj 0;600;-97;-6.7;90,,,,,,,,,,,,
,,,,,,,,,,,,,,,,,,,,
,,,,,,,,,,,,,,,,,,,,
31200,,,,,.freeobj 6;407;25;0;0,,,,.freeobj 7;407;-25;0;0,,,,,,,,,,,
31210,,,,,,,,,,,,.freeobj 6;48;110;-1;-5;아파트,,,,,,,,
,,,,,,,,,,,,,,,,,,,,
31225,,,.freeobj 1;1;0;0;-3.5,,.freeobj 6;408;25;0;0,,,,.freeobj 7;408;-25;0;0,,,,,,,,,,,
,,,,,,,,,,,,,,,,,,,,
31245,,,.freeobj 1;3,,,,,,,,,,,,,,,,,
31250,,,,,.freeobj 6;409;25;0;0,,.freeobj 6;48;100;-1;90;아파트,,.freeobj 7;409;-25;0;0,,,,,,,,,,,
,,,,,,,,,,,,,,,,,,,,
31265,,,.freeobj 1;2;0;0;-1,,,,,,,,,,,,,,,,,
31275,,,,,.freeobj 6;410;25;0;0,,,,.freeobj 7;410;-25;0;0,,,,,,,,,,,
,,,,,,,,,,,,,,,,,,,,
31285,,,.freeobj 1;3;0;0;-2,,,,,,,,,,,,,,,,,
31300,,,,,.freeobj 6;411;25;0;0,,,,.freeobj 7;411;-25;0;0,,,,,,,,,,,
,,,,,,,,,,,,,,,,,,,,
31305,,,.freeobj 1;2;0;0;-2.7,,,,,,,,,,,,,,,,,
31325,,,.freeobj 1;3;0;0;-3.5,,.freeobj 6;412;25;0;0,,.freeobj 6;48;100;-1;80;아파트,,.freeobj 7;412;-25;0;0,,,,,,,,,,,
,,,,,,,,,,,,,,,,,,,,
31345,,,.freeobj 1;2,,,,,,,,,,,,,,,,,
31350,,,,,.freeobj 6;406;25;0;0,,,,.freeobj 7;406;-25;0;0,,,,,,,,,,,
.curve 700;60,.railtype 0;31,.rail 1;-5;0;31,,,,,,,,,,,,,,,,,,
31365,,,.freeobj 1;4;0;0;-0.8,,,,,,,,,,,,,,,,,
31375,,,,,.freeobj 6;407;25;0;0,,,,.freeobj 7;407;-25;0;0,,,,,,,,,,,
.curve 0,.railtype 0;0,.rail 1;-5;0;0,,,,,,,,,,,,,,,,,,
31400,,,,,.freeobj 6;408;25;0;0,,,,.freeobj 7;408;-25;0;0,,,,,,,,,,,
,,,,,,,,,,,,,,,,,,,,
31425,,,,,.freeobj 6;409;25;0;0,,,,.freeobj 7;409;-25;0;0,,,,,,,,,,,
,,,,,,,,,,,,,,,,,,,,
31450,,,,,.freeobj 6;410;25;0;0,,,,.freeobj 7;410;-25;0;0,,,,,,,,,,,
,,,,,,,,,,,,,,,,,,,,
31475,,,,,.freeobj 6;411;25;0;0,,,,.freeobj 7;411;-25;0;0,,,,,,,,,,,
,,,,,,,,,,,,,,,,,,,,
31500,,,,,.freeobj 6;412;25;0;0,,,,.freeobj 7;412;-25;0;0,,,,,,,,,,,
,,,,,,,,,,,,,,,,,,,,
,,,,,,,,,,,,,,,,,,,,
31525,,,,,,,,,.freeobj 6;406;25;0;0,,,,,,,,,,,
.curve -700;60,.railtype 0;30,.rail 1;-5;0;30,,,,,,,,,,,,,,,,,,
31550,,,,,,,,,.freeobj 6;407;25;0;0,,,,,,,,,,,
.curve -400;120,.railtype 0;16,.rail 1;-5;0;16,,.pitch 10,,.freeobj 7;9;-20;-11;90,,,,,,,,,,,,,,
31575,,,,,,,,,.freeobj 6;408;25;0;0,,,,,,,,,,,
,,,,,,,,,,,,,,,,,,,,
31600,,,,,.freeobj 7;409;-25;0;0,.freeobj 6;9;30;-1;90,,,.freeobj 6;409;25;0;0,,,,,,,,,,,
,,,,,,,,,,,,,,,,,,,,
31625,,,,.freeobj 7;9;-40;-11;90,.freeobj 7;410;-25;0;0,,,,.freeobj 6;410;25;0;0,,,,,,,,,,,
,,,,,,,,,,,,,,,,,,,,
31650,,,,,.freeobj 7;411;-25;0;0,,,,.freeobj 6;411;25;0;0,,,,,,,,,,,
,,,,,,,,,,,,,,,,,,,,
31675,,,,,.freeobj 7;412;-25;0;0,,,,.freeobj 6;412;25;0;0,,,,,,,,,,,
,,,,,,,,,,,,,,,,,,,,
31700,,,,,.freeobj 7;406;-25;0;0,,,,.freeobj 6;406;25;0;0,,,,,,,,,,,
,,,,,,,,,,,,,,,,,,,,
31725,,,,,.freeobj 7;407;-25;0;0,,,,.freeobj 6;407;25;0;0,,,,,,,,,,,
,,,,,,,,,,,,,,,,,,,,
31750,,,,,.freeobj 7;408;-25;0;0,,,,.freeobj 6;408;25;0;0,,,,,,,,,,,
.curve -700;60,.railtype 0;30,.rail 1;-5;0;30,,,,,,,,,,,,,,,,,,
31775,,,,,.freeobj 7;409;-25;0;0,,,,.freeobj 6;409;25;0;0,,,,,,,,,,,
.curve 0,.railtype 0;0,.rail 1;-5;0;0,,,,,,,,,,,,,,,,,,
31800,,,,,,,,,.freeobj 6;410;25;0;0,,,,,,,,,,,
,,,,,,,,,,,,,,,,,,,,
31825,,,,,.freeobj 7;9;-20;0;90;아파트2,,,,.freeobj 6;411;25;0;0,,,,,,,,,,,
,,,,,,,,,,,,,,,,,,,,
31850,,,,,,,,,.freeobj 6;412;25;0;0,,,,,,,,,,,
,,,,,,,,,,,,,,,,,,,,
31875,,,,,,,,,.freeobj 6;406;25;0;0,,,,,,,,,,,
,,,,,,,,,,,,,,,,,,,,
31900,,,,.pitch 0,.freeobj 7;9;-20;0;90;아파트2,,,,.freeobj 6;407;25;0;0,,,,,,,,,,,
,,,,,,,,,,,,,,,,,,,,
31925,,,,,,,,,.freeobj 6;408;25;0;0,,,.Announce Busan1\30.wav;,,,,,,,,
,,,,,,,,,,,,,,,,,,,,
31950,,,,,.freeobj 7;409;-25;0;0,,,,.freeobj 6;409;25;0;0,,,,,,,,,,,
31965,,,.freeobj 0;165;,.freeobj 1;164;,,,,,,,,,,,,,,,,
31975,,,,,.freeobj 7;410;-25;0;0,,,,.freeobj 6;410;25;0;0,,,,,,,,,,,
.poleend 0,,,.dikeend 0,.dikeend 1,,,,,,,,,,,,,,,,
.poleend 1,,,,,,,,,,,,,,,,,,,,
.wallend 0, .pole 0;0;-1;50;5,,,,,,,,,,,,,,,,,,,
.wallend 1, .pole 1;0;1;50;5,,,,,,,,,,,,,,,,,,,
.wall 0;1;7,,,,,,,,,,,,,,,,,,,,
.wall 1;-1;7,,,,,,,,,.freeobj 6;406;25;0;0,.freeobj 7;406;-25;0;0,,,,,,,,,,
.sta 구서;10.5650;10.5715;0;1;0;1;\Busan1\sta.wav;0;30;\Busan1\go.wav;,,,,,,,,,,,,,,,,,,,,
.form 0;r;0;0,,,,,,,,,,,,,,,,,,,,
.form 1;l;0;0,.crack 0;1;0,,,,,,,,,,.freeobj 0;356;1.7;1,,,.freeobj 1;356;-1.7;1,,,,,,
,.crack 1;0;0,,,,,,,,,,,,,,,,,,,
.freeobj 1;15;0;0;0,,,,,,,,,,,,,,,,,,,,
.freeobj 0;18;0;0;0,,,,,,,,,,,,,,,,,,,,
.freeobj 0;24;1.7;1,,,,,,,,,,,,,,,,,,,,
.freeobj 1;24;-1.7;1,,,,,,,,,,,,,,,,,,,,
,,,,,,,,,,,,,,,,,,,,
31995,,,,,,,,,,,,,,,,,,,,
.freeobj 0;45;5;-0.6;0,.freeobj 1;45;-5;-0.6;0,,,,,,,,,,,,,,,,,,,
32000,,,,,,,,,,,,,,,,,,,,
.form 0;r;0;6,,.freeobj 1;15;0;0;0,,.freeobj 0;703;2.9;3.2;45;명륜동역 기둥,.freeobj 1;703;-2.9;3.2;45;온천장역 기둥,,,,.freeobj 6;407;25;0;0,.freeobj 7;407;-25;0;0,.freeobj 0;355;1.7;1,,.freeobj 1;355;-1.7;1,,,,,,,
.form 1;l;0;6,,,,,,,,,,,,,,,,,,,,
32002,,,,,,,,,,,,,,,,,,,,
.freeobj 1;120;-5.25;0;0,,,,,,,,,,,,,,,,,,,,
.freeobj 0;120;5.25;0;0,,,,,,,,,,,,,,,,,,,,
32025,,,,,,,,,,,,,,,,,,,,
.form 0;r;0;6,,,,.freeobj 0;703;2.9;3.2;45;명륜동역 기둥,.freeobj 1;703;-2.9;3.2;45;온천장역 기둥,,,,.freeobj 6;408;25;0;0,.freeobj 7;408;-25;0;0,.freeobj 0;354;1.7;1,,.freeobj 1;354;-1.7;1,,,,,,,
.form 1;l;0;6,,,,,,,,,,,,,,,,,,,,
32027,,,,,,,,,,,,,,,,,,,,
.freeobj 1;121;-5.25;0;0,.freeobj 0;121;5.25;0;0,,,,,,,,,,,,,,,,,,,
32050,,,,,,,,,,,,,,,,,,,,
.form 0;r;0;0,,.freeobj 1;15;0;0;0,,.freeobj 0;703;2.9;3.2;45;명륜동역 기둥,.freeobj 1;703;-2.9;3.2;45;온천장역 기둥,,,,,,.freeobj 0;353;1.7;1,,.freeobj 1;353;-1.7;1,,,,,,,
.form 1;l;0;0,,.freeobj 0;18;0;0;0,,,,,,,.freeobj 6;409;25;0;0,.freeobj 7;409;-25;0;0,,,,,,,,,,
32056,,,.freeobj 0;625;4;-0.6;0,,,,.freeobj 1;628;-4;-0.6;0
32075,,,,,,,,,,,,,,,,,,,,
.form 0;r;0;0,.freeobj 1;88;-6.25;0;0,.freeobj 0;89;6.25;0;0,,.freeobj 0;703;2.9;3.2;45;명륜동역 기둥,.freeobj 1;703;-2.9;3.2;45;온천장역 기둥,,,,,,.freeobj 0;352;1.7;1,,.freeobj 1;352;-1.7;1,,,,,,,
.form 1;l;0;0,,,,,,,,,.freeobj 6;410;25;0;0,.freeobj 7;410;-25;0;0,,,,,,,,,,
32095,,,,,,,,,,,,,,,,,,,,
.freeobj 0;45;5;-0.6;0,.freeobj 1;45;-5;-0.6;0,,,,,,,,,,,,,,,,,,,
32100,,,,,,,,,,,,,,,,,,,,
.form 0;r;0;6,,.freeobj 1;15;0;0;0,,.freeobj 0;703;2.9;3.2;45;명륜동역 기둥,.freeobj 1;703;-2.9;3.2;45;온천장역 기둥,,,,,,.freeobj 0;351;1.7;1,,.freeobj 1;351;-1.7;1,,,,,,,
.form 1;l;0;6,,.freeobj 0;18;0;0;0,,,,,,,.freeobj 6;411;25;0;0,.freeobj 7;411;-25;0;0,,,,,,,,,,
32102,,,,,,,,,,,,,,,,,,,,
.freeobj 1;120;-5.25;0;0,,,,,,,,,,,,,,,,,,,,
.freeobj 0;120;5.25;0;0,,,,,,,,,,,,,,,,,,,,
32125,,,,,,,,,,,,,,,,,,,,
.form 0;r;0;6,,.freeobj 1;15;0;0;0,,.freeobj 0;703;2.9;3.2;45;명륜동역 기둥,.freeobj 1;703;-2.9;3.2;45;온천장역 기둥,,,,.freeobj 6;412;25;0;0,.freeobj 7;412;-25;0;0,.freeobj 0;350;1.7;1,,.freeobj 1;350;-1.7;1,,,,,,,
.form 1;l;0;6,,,,,,,,,,,,,,,,,,,,
32127,,,,,,,,,,,,,,,,,,,,
.freeobj 1;121;-5.25;0;0,.freeobj 0;121;5.25;0;0,,,,,,,,,,,,,,,,,,,
32148,,,.freeobj 0;625;4;-0.6;0,,,,.freeobj 1;628;-4;-0.6;0
32150,,,,,,,,,,,,,,,,,,,,
.form 0;r;0;0,.crack 0;1;0,,,.freeobj 0;703;2.9;3.2;45;명륜동역 기둥,.freeobj 1;703;-2.9;3.2;45;온천장역 기둥,,,,.freeobj 6;406;25;0;0,.freeobj 7;406;-25;0;0,,,,,,,,,,
.form 1;l;0;0,.crack 1;0;0,,,,,,,,,,,,,,,,,,,
,,,,,,,,,,,,,,,,,,,,
,,,,,,,,,,,,,,,,,,,,
,,,,,,,,,,,,,,,,,,,,
.form 0;r;0;0,.crack 0;1;0,.crack 1;0;0,,,,,,,,,,,,,,,,,,
.form 1;l;0;0,,,,,,,,,,,,,,,,,,,,
.freeobj 0;0,.freeobj 0;90;-0.25;1.5;0,,,,,,,,,,,,,,,,,,,
.stop 0,.freeobj 0;106;2;0.2;0,,,,,,,,,,,,,,,,,,,
.freeobj 0;23;1.7;1,,,,,,,,,,,,,,,,,,,,
.freeobj 1;23;-1.7;1,,,,,,,,,,,,,,,,,,,,
.freeobj 0;25;3;1,,,,,,,,,,,,,,,,,,,,
.freeobj 0;26;4;1,,,,,,,,,,,,,,,,,,,,
.freeobj 1;26;-4;1,,,,,,,,,,,,,,,,,,,,
32175,,,,,,,,,,,,,,,,,,,,
.wallend 0,.poleend 0,,,,,,,,,,,,,,,,,,,
.wallend 1,.poleend 1,,,,,,,,,,,,,,,,,,,
,.freeobj 0;167;,,,,.Section 0;10;25,,,,.freeobj 6;407;25;0;0,.freeobj 7;407;-25;0;0,,,,,,,,,,
,.freeobj 1;166;,,,,,,,,,,,,,,,,,,,
,.freeobj 0;22;2.3;0,.freeobj 1;22;-2.5;0,,,,,,,,,,,,,,,,,,
,,,,,,,,,,,,,,,,,,,,
,,,,,,,,,,,,,,,,,,,,
.wall 0;1;9,,,,,,,,,,,,,,,,,,,,
.wall 1;-1;9,,,,,,,,,,,,,,,,,,,,
.dike 0;-1;13,.dike 1;1;13,,,,,,,,,,,,,,,,,,,
,,,,,,,,,,,,,,,,,,,,
32200,.rail 10;73;-6.5;7,.rail 11;102;-6.5;6,,,,,,,,,,,,,,,,,,
.Pole 0;0;1;50;1,.Pole 1;0;-1;50;1,,,,,,,,,.freeobj 7;408;-25;0;0,,,,,,,,,,
32225,.rail 10;63;-6.5;7,.rail 11;92;-6.5;6,,,,,,,,,,,,,,,,,,
,,,,.freeobj 0;601;34;-6.6;90,.freeobj 0;601;-13;-6.5;90,.freeobj 0;601;-21;-6.5;90,.freeobj 0;601;-67;-6.5;90,,.freeobj 0;601;-97;-6.5;90,,,,,,,,,,,
32230,,,,,,,,,,,,,,,,,,,,
,,,,,,,.freeobj 0;600;34;-6.6;90,.freeobj 0;600;-13;-6.5;90,.freeobj 0;600;-21;-6.5;90,.freeobj 0;600;-67;-6.5;90,,.freeobj 0;600;-97;-6.5;90,,,,,,,,
32250,.rail 10;53;-6.5;7,.rail 11;82;-6.5;6,,,.freeobj 6;408;9;0;0,,,,,,,,,,,,,,,
,,,,,,,,,,,,,,,,,,,,
32275,.rail 10;43;-6.5;7,.rail 11;72;-6.5;6,,,.freeobj 6;409;9;0;0,,,,,,,,,,,,,,,
,,,,,,,,,,,,,,,,,,,,
32300,.rail 10;33;-6.5;7,.rail 11;62;-6.5;6,,,,,,.freeobj 7;57;-75;0;0,,,.railend 12,.dikeend 12,,,,,,,,
,,,,,,,,,,,.dike 6;-1;12;제방,,,,,,,,,
32325,.rail 10;23;-6.5;7,.rail 11;52;-6.5;6,,,,,,,.rail 4;-4;-9.5;50,.rail 5;0;-9.5;51;,,.rail 6;20;-6.6;52,,,,,,,,
,,,,,,,,,,,,,,,,,,,,
32350,.rail 10;13;-6.5;7,.rail 11;42;-6.5;6,,,,,,,.rail 4;0;-9.5;50,.rail 5;4;-9.5;51;,,.rail 6;24;-6.6;52,,,,,,,,
,,,,,,,,,,,,,,,,,,,,
32375,.rail 10;3;-6.5;7,.rail 11;32;-6.5;6,,,,,,,.rail 4;4;-9.5;50,.rail 5;8;-9.5;51;,,.rail 6;28;-6.6;52,,,.freeobj 6;406;25;0;0,,,,,
,,,,,,,,,,,,,,,,,,,,
32400,.rail 10;-7;-6.5;7,.rail 11;22;-6.5;6,,,,,,,.rail 4;8;-9.5;50,.rail 5;12;-9.5;51;,,.rail 6;32;-6.6.52,,,.freeobj 6;407;25;0;0,,,,,
,,,,,,,,,,,,,,,,,,,,
32425,.rail 10;-16;-6.4;7,.rail 11;13;-6.4;6,,,,,,,.rail 4;12;-9.5;50,.rail 5;16;-9.5;51;,,.rail 6;36;-6.6.52,,,.freeobj 6;408;25;0;0,,,,,
,,,,,,,,,,,,,,,,,,,,
32450,.rail 10;-24;-6.4;7,.rail 11;4;-6.4;6,,,,,,,.rail 4;16;-9.5;50,.rail 5;20;-9.5;51;,,.rail 6;40;-6.6.52,,,.freeobj 6;409;25;0;0,,,,,
,,,,,,,,,,,,,,,,,,,,
32475,.rail 10;-31;-6;7,.rail 11;-3;-6;6,,,.pitch -13,.railend 7,.dikeend 7,,.rail 4;20;-9;50,.rail 5;24;-9;51;,,.rail 6;44;-6.52,,,.freeobj 6;410;25;0;0,,,,,
,,,,,,,,,,,,,,,,,,,,
32500,.rail 10;-37;-5.5;7,.rail 11;-9;-5.5;6,,,,,,,.rail 4;24;-8.5;50,.rail 5;28;-8.5;51;,,.rail 6;48;-5.5.52,,,.freeobj 6;411;25;0;0,,,,,
,,,,,,,,,,,,,,,,,,,,
32525,.rail 10;-42;-5;7,.rail 11;-14;-5;6,,,,,,,.rail 4;28;-8;50,.rail 5;32;-8;51;,,.rail 6;52;-5.52,,,.freeobj 6;412;25;0;0,,,,,
,,,,,,,,,,,,,,,,,,,,
32550,.rail 10;-46;-4.5;7,.rail 11;-18;-4.5;6,,,,,,,.rail 4;32;-7.5;50,.rail 5;36;-7.5;51;,,.rail 6;56;-4.5;52,,,.freeobj 6;412;25;0;0,,,,,
,,,,,,,,,,,,,,,,,,,,
32575,.rail 10;-48;-4;7,.rail 11;-21;-4;6,,,,,,,.rail 4;36;-7;50,.rail 5;40;-7;51;,,.rail 6;60;-4;52,,,,,,,,
,,,,,,,,,,,,,,,,,,,,
,,,,,,,,,,,,,,,,,,,,
32600,.rail 10;-50;-3.5;7,.rail 11;-23;-3.5;6,,,,.freeobj 0;406;15;-7;0,,,.rail 4;44;-6.5;50,.rail 5;48;-6.5;51;,,.rail 6;68;-4.52,,.freeobj 6;9;25;-1;90,,,,,,
,,,,,,,,,,,,,,,,,,,,
32625,.rail 10;-50;-3;7,.rail 11;-23;-3;6,,,,.freeobj 0;408;15;-7;0,,,.rail 4;52;-6;50,.rail 5;56;-6;51;,.freeobj 3;42;2.5;-0.5,.rail 6;76;-3.5.52,.freeobj 9;43;-2.5;-0.5,,,,,,,
,,,,,,,,,,,,,,,,,,,,
32650,.rail 10;-50;-2.5;7,.rail 11;-23;-2.5;6,,,,.freeobj 0;408;15;-7;0,,,.rail 4;60;-5.5;50,.rail 5;64;-5.5;51;,.freeobj 3;42;2.5;-0.5,.rail 6;84;-3.52,.freeobj 9;43;-2.5;-0.5,.freeobj 6;9;25;-1;90,,,,,,
,.dikeend 0,.dikeend 1,,,,,,,,,,,,,,,,,,
,.wallend 0,.wallend 1,,.rail 9;5.0;2.1;5,,.rail 3;-10.0;2.1;5,,.rail 8;-4.5.0;0;5,.Pole 8;1; ;25;6,.poleend 0,.poleend 1,,,,,,,,,
,.dike 3;1;2,.dike 9;-1;2,,,,,,,,,,,,,,,,,,
32675,.rail 10;-50;-2;7,.rail 11;-23;-2;6,,.rail 9;5.0;2.3;5,,.rail 3;-10.0;2.3;5,,,,,.freeobj 3;42;2.5;-0.5,,.freeobj 9;43;-2.5;-0.5,,,,,,,
,,.pitch -25,,,,,,,,,,,,,,,,,,
,,,,,,,,,,,,,,,,,,,,
,,,,,,,,.freeobj 0;412;15;-7;0,,,,,,,,,,,,
32700,.rail 10;-50;-1.5;7,.rail 11;-23;-1.5;6,,.rail 9;5.0;2.6;5,,.rail 3;-10.0;2.6;5,,.freeobj 0;412;15;-7;0,,,.freeobj 3;42;2.5;-0.5,,.freeobj 9;43;-2.5;-0.5,,,,,,,
,,,,,,,,,,,,,,,,,,,,
32725,.rail 10;-50;-0.6;7,.rail 11;-23;-0.6;6,,.rail 9;5.0;2.9;5,,.rail 3;-10.0;2.9;5,,.freeobj 0;412;15;-7;0,,,.freeobj 3;42;2.5;-0.5,,.freeobj 9;43;-2.5;-0.5,,,,,,,
,,,,,,,,,.railend 4,.railend 5,.railend 6,.dikeend 6,,,,,,,,
32750,.rail 10;-50;0.1;7,.rail 11;-23;0.1;6,,.rail 9;5.0;3.7;5,,.rail 3;-10.0;3.7;5,,.curve -700;30,.railtype 0;30,,.freeobj 3;42;2.5;-0.5,,.freeobj 9;43;-2.5;-0.5,,,,,,,
,,,,,,.freeobj 0;412;15;-7;0,,.rail 1;-5;0;30,,,,,,,,,,,,
32775,.rail 10;-49;0.9;7,.rail 11;-22;0.9;6,,.rail 9;5.0;4.5;5,,.rail 3;-10.0;4.5;5,,,,,.freeobj 3;42;2.5;-0.5,,.freeobj 9;43;-2.5;-0.5,,,,,,,
,,,,,,,,.freeobj 0;412;35;-7;0,,,,,,,,,,,,
32800,.rail 10;-48;1.7;7,.rail 11;-21;1.7;6,,.rail 9;5.0;5.3;5,,.rail 3;-10.0;5.3;5,,,,,.freeobj 3;42;2.5;-0.5,,.freeobj 9;43;-2.5;-0.5,,,,,,,
,,,,,,,,.freeobj 0;412;35;-7;0,,,,,,,,,,,,
32825,.rail 10;-46;2.5;7,.rail 11;-19;2.5;6,,.rail 9;5.0;6.1;5,,.rail 3;-10.0;6.1;5,,.freeobj 0;412;35;-7;0,,,.freeobj 3;42;2.5;-0.5,,.freeobj 9;43;-2.5;-0.5,,,,,,,
,,,,,,,,,,,,,,,,,,,,
32850,.rail 10;-43;3.3;7,.rail 11;-16;3.3;6,,.rail 9;5.0;6.9;5,,.rail 3;-10.0;6.9;5,,,,,.freeobj 3;42;2.5;-0.5,,.freeobj 9;43;-2.5;-0.5,,,,,,,
,,,,,,,,,,,,,,,,,,,,
32875,.rail 10;-40;4.1;7,.rail 11;-13;4.1;6,,.rail 9;5.0;7.7;5,,.rail 3;-10.0;7.7;5,,.poleend 9,.railend 8,,.freeobj 3;42;2.5;-0.5,,.freeobj 9;43;-2.5;-0.5,,,,,,,
,.railend 10,.curve 0,,,,.Brightness 200,,,,,,,,,,,,,,
,.railend 11,,,,,,,,,,,,,,,,,,,
,,,.height 10,,,,,,,,,,,,,,,,,
.dike 0;-1;0,.wall 0;1;27,.wall 1;-1;27,,.dikeend 9,.dikeend 3,,,,,,,,,,,,,,,
.railtype 0;1,.freeobj 1;40;0;0;0,.freeobj 0;41;0;0;0,,.railend 9,.poleend 3,,,,,,,,,,,,,,,
.rail 1;-5;0;1,,,,.railend 3,.dikeend 2,,,,,,,,,,,,,,,
32900,,,,,,,  .Brightness -30,,,,,,,,,,,,,
,,,,,,,,,,,,,,,,,,,,
32950,,.freeobj 0;9;0;7;90,,,,,,,,,,,,,,,,,,
,,,,,,,,,,,,,,,,,,,,
33050,,.curve 700;30,.railtype 0;28,.rail 1;-5;0;28,,.back 0,.ground 0,.pitch -13,,,,.Announce Busan1\31.wav;,,,,,,,,
,,,,,,,,,,,,,,,,,,,,
33075,,,,,,,  .Brightness -30,,,,,,,,,,,,,
,,,,,,,,,,,,,,,,,,,,
33100,.wallend 0,,,,,,  .Brightness 200,.pitch 0,,,,,,,,,,,,
,.wallend 1,,,,,,,,,,,,,,,,,,,
,.dikeend 0,,,,,,,,,,,,,,,,,,,
,.dike 0;-1;1,,,,,,,,,,,,,,,,,,,
,.wall 0;1;6,,,,,,,,,,,,,,,,,,,
,.wall 1;-1;6,,,,,,,,,,,,,,,,,,,
,.railtype 0;42,,,,,,,,,,,,,,,,,,,
,.rail 1;-5;0;42,,,,,,,,,,,,,,,,,,,
,.sta 두실;10.5840;10.5905;0;1;0;1;\Busan1\sta.wav;0;30;\Busan1\go.wav;,,,,,,,,,,.freeobj 0;356;1.7;1,,.freeobj 1;356;-1.7;1,,,,,,,
,.form 0;r;2;0,,,,,,,,,,,,,,,,,,,
,.form 1;l;2;0,,,,.freeobj 1;247;,,,,,,,,,,,,,,,
,.freeobj 1;0;,.freeobj 0;91;-1;1.5;0,,,,,,,,,,,,,,,,,,
,.freeobj 1;15;0;0;0,,,,,,,,,,,,,,,,,,,
,,,,,,,,,,,,,,,,,,,,
,.freeobj 0;24;1.7;1,,,,,,,,,,,,,,,,,,,
,.freeobj 1;24;-1.7;1,,,,,,,,,,,,,,,,,,,
,,,,,,,,,,,,,,,,,,,,
33120,.freeobj 0;396;5.3;0;180
33125,,,,,,,,,,,,,,,,,,,,
.form 0;r;2;0,,,.freeobj 1;21;0;0;-2.5,,,,,,,,,,,,,,,,,
.form 1;l;2;0,,,,,,,,,,.freeobj 0;355;1.7;1,,.freeobj 1;355;-1.7;1,,,,,,,,
.freeobj 1;15;0.85;0;0,,,,,,,,,,,,,,,,,,,,
.freeobj 0;18;-0.85;0;0,,,,,,,,,,,,,,,,,,,,
33130,,,,,,,,,,,,,,,,,,,,.freeobj 0;615;7;1.1;180,,,.freeobj 1;615;-7;1.1;0
.form 0;r;2;0,,,,,,,,,,,,,,,,,,,,
.form 1;l;2;0,,,,,,,,,,,,,,,,,,,,
,,,,,,,,,,,,,,,,,,,,
,,,,,,,,,,,,,,,,,,,,
.freeobj 1;15;0.85;0;0,,,,,,,,,,,,,,,,,,,,
,,,,,,,,,,,,,,,,,,,,
33135,,,,,,,,,,,,,,,,,,,,
.freeobj 1;88;-6.25;0;0,,,.freeobj 0;46;4.5;-0.6;0,.freeobj 0;112;5.25;0;0,,,.freeobj 1;112;-5.25;0;0,,,.freeobj 1;210;-1.2;3.5;0,,,.freeobj 0;176;1.2;3.5;0,,,,,,,
.freeobj 0;89;6.25;0;0,,,,,,,,,,,,,,,,,,,,
,.freeobj 0;105;0;0;0,,,,,,,,,,,,,,,,,,,
33145,,,.freeobj 1;2,,,,,,,,,,,,,,,,,
33150,,,,,,,,,,,,,,,,,,,,
.form 0;r;2;0,,,,.curve 0,.railtype 0;4 ,,,,,.freeobj 0;354;1.7;1,,.freeobj 1;354;-1.7;1,,,,,,,,
.form 1;l;2;0,,,,,.rail 1;-5;0;4,,,,,,,,,,,,,,,
,,,,,,,,,,,,,,,,,,,,
.freeobj 1;15;0;0;0,,,,,,,,,,,,,,,,,,,,
,,,,,,,,,,,,,,,,,,,,
33155,,,,,,,,,,,,,,,,,,,,
.freeobj 0;113;5.25;0;0,,,.freeobj 1;113;-5.25;0;0,,,.freeobj 1;210;-1.2;3.5;0,,,.freeobj 0;176;1.2;3.5;0,,,,,,,,,,,
.form 0;r;2;0,,,,,,,,,,,,,,,,,,,,
.form 1;l;2;0,,,,,,,,,,,,,,,,,,,,
.freeobj 0;359;3;0;0,,,,,,,,,,,,,,,,,,,,
.freeobj 1;14;-3;0;0,,,,,,,,,,,,,,,,,,,,
.freeobj 1;15;0;0;0,,,,,,,,,,,,,,,,,,,,
33165,,,.freeobj 1;3;0;0;-0.5,,,,,,,,,,,,,,,,,
33175,,,,,,,,,,,,,,,,,,,,
,,.wallend 1,,.freeobj 1;320;0;0;0,,,.freeobj 0;327;0;0;0,,,.wallend 0,,,,,,,,,,
,,.form 0;r;2;0,,,,,,.freeobj 0;353;1.7;1,,.freeobj 1;353;-1.7;1,,,,,,,,,,
,,.form 1;l;2;0,,,,,,,,,,,,,,,,,,
,,.freeobj 1;15;0;0;0,,,,,,,,,,,,,,,,,,
,,.freeobj 0;18;0;0;0,,,,,,,,,,,,,,,,,,
33182,,.freeobj 0;611;7.2;1.1;90,,.freeobj 1;611;-6.5;1.1;90
33186,,,.freeobj 0;615;7;1.1;180,.freeobj 1;615;-7;1.1;0
33185,,,.freeobj 1;3,,,,,,,,,,,,,,,,,
33191,,,.freeobj 0;615;7;1.1;180,.freeobj 1;615;-7;1.1;0
33195,,.freeobj 1;88;-6.25;0;0,,.freeobj 0;89;6.25;0;0
33200,,,,,,,,,,,,,,,,,,,,
.form 0;r;2;0,,.wall 1;-1;6,,,,,,.freeobj 0;352;1.7;1,,.wall 0;1;6,.freeobj 1;352;-1.7;1,,,,,,,,,
.form 1;l;2;0,,,,,,,,,,,,,,,,,,,,
33205,,,.freeobj 1;2,,,,,,,,,,,,,,,,,,.freeobj 0;610;7.2;1.8;90,.freeobj 1;610;-7.2;1.8;-90,,
33213,,,.freeobj 0;615;7;1.1;180,.freeobj 1;615;-7;1.1;0
33218,,,.freeobj 0;615;7;1.1;180,.freeobj 1;615;-7;1.1;0
33225,,,.freeobj 1;3,,,,,,,,,,,,,,,,,
.form 0;r;2;0,,,,,,,,,,,,,,,,,,,,
.form 1;l;2;0,.freeobj 0;105;0;0;0,,,,,,,,,,,,,,,,,,,
.freeobj 1;15;0.85;0;0,,.freeobj 1;14;-3;0;0,,,,,,,,,,,,,,,,,,
.freeobj 0;18;-0.85;0;0,,.freeobj 0;359;3;0;0,,,,,,,,,,,,,,,,,,
.freeobj 0;112;5.25;0;0,,,.freeobj 1;112;-5.25;0;0,.freeobj 0;351;1.7;1,,.freeobj 1;210;-1.2;3.5;0,,.freeobj 1;351;-1.7;1,.freeobj 0;176;1.2;3.5;0,,,,,,,,,,,
,,,,,,,,,,,,,,,,,,,,
33245,,.freeobj 1;2,.freeobj 1;113;-5.25;0;0,,,.freeobj 0;113;5.25;0;0,,,.freeobj 1;210;-1.2;3.5;0,,,.freeobj 0;176;1.2;3.5;0,,,,,,,,
33250,,,,,,,,,,,,,,,,,,,,
.form 0;r;2;0,,,,,,,,,,.freeobj 0;350;1.7;1,,.freeobj 1;350;-1.7;1,,,,,,,,
.form 1;l;2;0,.freeobj 0;105;0;0;0,,,,,,,,,,,,,,,,,,,
33265,,.freeobj 1;2,,,,,,,,,,,,,,,,,,
33267,,,.freeobj 0;615;7;1.1;180,.freeobj 1;615;-7;1.1;0
33270,,,,.freeobj 0;607;7;1.7;90,.freeobj 1;607;-7;1.7;-90
33273,,,.freeobj 0;608;7.1;1;90,.freeobj 1;608;-7.1;1;-90,,,.freeobj 0;625;4;-0.6;0,,,,.freeobj 1;628;-4;-0.6;0
33272,,,.freeobj 0;615;7;1.1;180,.freeobj 1;615;-7;1.1;0
33275,,,,,,,,,,,,,,,,,,,,
.stop 0,.freeobj 0;90;-0.25;1.5;0,,,,,,,,,,,,,,,,,,,
.freeobj 0;0;,.freeobj 0;106;2;0.2;0,.form 0;r;2;0,,,,,,,,,,,,,,,,,,
.freeobj 0;23;1.7;1,,.form 1;l;2;0,,,,,,,,,,,,,,,,,,
.freeobj 1;24;-1.7;1,,,,,,,,,,,,,,,,,,,,
.freeobj 0;25;3;1,,,,,,,,,,,,,,,,,,,,
.freeobj 0;26;4;1,,,,,,,,,,,,,,,,,,,,
.freeobj 1;26;-4;1,,,,,,,,,,,,,,,,,,,,
33285,,.freeobj 1;4,,,,,,,,,,,,,,,,,,
33300,,,,,,,,,,,,,,,,,,,,
.freeobj 1;247;,,.pitch 20,,,,,,,,,,,,,,,,,,
.wallend 0,,,,,,,,,,,,,,,,,,,,
.wallend 1,,,,,,,  .Brightness 200,,,,,,,,,,,,,
.dikeend 0,,,,,,,,,,,,,,,,,,,,
.wall 0;1;27,,,,,,,,,,,,,,,,,,,,
.wall 1;-1;27,,,,,,,,,,,,,,,,,,,,
.dike 0;-1;0 ,,,,,,,,,,,,,,,,,,,,
.railtype 0;1,,,,,,,,,,,,,,,,,,,,
.rail 1;-5;0;1,,,,,,,,,,,,,,,,,,,,
33181,,,.freeobj 0;625;4;-0.6;0,,,,.freeobj 1;628;-4;-0.6;0
33325,,,,,,,  .Brightness -30,,,,,,,,,,,,,
,,,,,,,,,,,,,,,,,,,,
33525,,,,,,.Doppler Busan1\HWANPUNG.wav; -2.2;3;,,,,,,,,,,,,,,
33550,,,,,,,,,,,,,,,,,,,,
.curve 700;20,.railtype 0;28,.rail 1;-5;0;28,,,,,,,,,,,,,,,,,,
,,,,,,,,,,,,,,,,,,,,
33600,,,,,,,,,,,,,,,,,,,,
.curve 0,.railtype 0;1,.rail 1;-5;0;1,,,,,,,,,,,,,,,,,,
34000,,,,,,,,.Announce Busan1\32.wav;,,,,,,,,,,,,
,,,,,,,,,,,,,,,,,,,,
34025,,,,.pitch 0,,,  .Brightness -30,,,,,,,,,,,,,
34050,,,,,,,,,,,,,,,,,,,,
.wallend 0,,,,,,,,,,,,,,,,,,,,
.wallend 1,,,,,,,,,,,,,,,,,,,,
.dikeend 0,,,,,,,,,,,,,,,,,,,,
.dike 0;-1;1,,,,,,,,  .Brightness 200,,,,,,,,,,,,
.wall 0;1;5,,,,,,,,,,,,,,,,,,,,
.wall 1;-1;5,,,,,,,,,,,,,,,,,,,,
.railtype 0;4 ,,,,,,,,,,,,,,,,,,,,
.rail 1;-5;0;4,,,,,,,,,,,,,,,,,,,,
.sta 남산;11.0020;11.0045;0;1;0;1;\Busan1\sta.wav;0;30;\Busan1\go.wav;,,,,,,,,,.freeobj 0;356;1.7;1,,.freeobj 1;356;-1.7;1,,,,,,,,,
.form 0;r;2;0,,,,.freeobj 1;246;,,,,,,,,,,,,,,,,
.form 1;l;2;0,,,,,,,,,,,,,,,,,,,,
.freeobj 1;0,.freeobj 0;91;-1;1.5;0,,,,,,,,,,,,,,,,,,,
.freeobj 1;15;0;0;0,,,,,,,,,,,,,,,,,,,,
,,,,,,,,,,,,,,,,,,,,
.freeobj 0;24;1.7;1,,,,,,,,,,,,,,,,,,,,
.freeobj 1;24;-1.7;1,,,,,,,,,,,,,,,,,,,,
34073,,,.freeobj 0;615;7;1.1;180,.freeobj 1;615;-7;1.1;0
34075,,,,,,,,,,,,,,,,,,,,
.form 0;r;2;0,.freeobj 0;32;-0.75;0;0,,,,,,,,.freeobj 0;355;1.7;1,,.freeobj 1;355;-1.7;1,,,,,,,,,
.form 1;l;2;0,.freeobj 1;105;-0.4;0;0,,,,,,,,,,,,,,,,,,,
,,,,,,,,,,,,,,,,,,,,
.freeobj 0;46;4.5;-0.6;0,,.freeobj 1;46;-4.5;-0.6;0,,,,,,,,,,,,,,,,,,
.freeobj 1;15;0.75;0;0,,,,,,,,,,,,,,,,,,,,
,,,,,,,,,,,,,,,,,,,,
34078,,,.freeobj 0;615;7;1.1;180,.freeobj 1;615;-7;1.1;0
34090,,,,,,,,,,,,,,,,,,,,
.freeobj 0;108;5.25;0;0,,.freeobj 1;108;-5.25;0;0,,,.freeobj 1;209;-1.2;3.5;0,,,.freeobj 0;175;1.2;3.5;0,,,,,,,,,,,,
34100,,,,,,,,,,,,,,,,,,,,
.form 0;r;2;0,,,,,,,,,,,,,,,,,,,,
.form 1;l;2;0,.freeobj 0;105;0;0;0,,,,,,,,,,,,,,,,,,,
.freeobj 1;15;0.75;0;0,,,,,,,,,.freeobj 0;354;1.7;1,,.freeobj 1;354;-1.7;1,,,,,,,,,
,,,,,,,,,,,,,,,,,,,,
34110,,,,,,,,,,,,,,,,,,,,
,,.freeobj 0;109;5.25;0;0,,,.freeobj 1;109;-5.25;0;0,,,.freeobj 1;209;-1.2;3.5;0,,,.freeobj 0;175;1.2;3.5;0,,,,,,,,,
.freeobj 0;359;3;0;0,,.freeobj 1;14;-3;0;0,,,,,,,,,,,,,,,,,,
34115,,,,,,,,,,,,,,,,,,,,
.form 0;r;2;0,,,,,,,,,,,,,,,,,,,,
.form 1;l;2;0,,,,,,,,,,,,,,,,,,,,
,,,,,,,,,,,,,,,,,,,,
,,,,,,,,,,,,,,,,,,,,
.freeobj 1;15;0;0;0,,,,,,,,,,,,,,,,,,,,
,,,,,,,,,,,,,,,,,,,,
,,,,,,,,,,,,,,,,,,,,
,.freeobj 1;105;-0.4;0;0,,.freeobj 1;88;-6.25;0;0,,.freeobj 0;89;6.25;0;0,,,,,,,,,,,,,,,
34125,,,,,,,,,,,,,,,,,,,,
.form 0;r;2;0,,,,,,,,,.freeobj 0;353;1.7;1,,.freeobj 1;353;-1.7;1,,,,,,,,,
.form 1;l;2;0,,,,,,,,,,,,,,,,,,,,
.freeobj 1;15;0;0;0,,,,,,,,,,,,,,,,,,,,
,,,,,,,,,,,,,,,,,,,,
34123,,,
34128,,,
34131,,,.freeobj 0;626;4;-0.6;0,,,,.freeobj 1;628;-4;-0.6;0
34132,,.freeobj 0;611;7.2;1.1;90,,.freeobj 1;611;-6.5;1.1;90
34135,,,.freeobj 0;615;7;1.1;180,.freeobj 1;615;-7;1.1;0
34140,,,.freeobj 0;615;7;1.1;180,.freeobj 1;615;-7;1.1;0
34145,,,.freeobj 1;88;-6.25;0;0,,.freeobj 0;89;6.25;0;0
34150,,,,,,,,,,,,,,,,,,,,
.form 0;r;2;0,,,,,,,,,.freeobj 0;352;1.7;1,,.freeobj 1;352;-1.7;1,,,,,,,,,
.form 1;l;2;0,.freeobj 0;105;0;0;0,,,,,,,,,,,,,,,,,,,
.freeobj 1;15;0.75;0;0,,,,,,,,,,,,,,,,,,,,
,,,,,,,,,,,,,,,,,,,,
34155,,,.freeobj 0;610;7.2;1.8;90,.freeobj 1;610;-7.2;1.8;-90,,
34163,,,.freeobj 0;615;7;1.1;180,.freeobj 1;615;-7;1.1;0
34168,,,.freeobj 0;615;7;1.1;180,.freeobj 1;615;-7;1.1;0
34175,,,,,,,,,,,,,,,,,,,,
.form 0;r;2;0,,,.freeobj 0;108;5.25;0;0,,,.freeobj 1;108;-5.25;0;0,,,.freeobj 1;209;-1.2;3.5;0,,,.freeobj 0;175;1.2;3.5;0,,,.freeobj 0;46;4.5;-0.6;0,,.freeobj 1;46;-4.5;-0.6;0,,,
.form 1;l;2;0,,,,,,,,,.freeobj 0;351;1.7;1,,.freeobj 1;351;-1.7;1,,,,,,,,,
.freeobj 1;15;0.75;0;0,,,,,,,,,,,,,,,,,,,,
,,,,,,,,,,,,,,,,,,,,
34195,,,,,,,,,,,,,,,,,,,,
.freeobj 0;359;3;0;0,,,,,,,,,,,,,,,,,,,,
.freeobj 1;14;-3;0;0,,,.freeobj 0;109;5.25;0;0,,,.freeobj 1;109;-5.25;0;0,,,.freeobj 1;209;-1.2;3.5;0,,,.freeobj 0;175;1.2;3.5;0,,,,,,,,
,.freeobj 1;105;0;0;0,,,,,,,,,,,,,,,,,,,
34200,,,,,,,,,,,,,,,,,,,,
.form 0;r;2;0,,,,,,,,,,,,,,,,,,,,
.form 1;l;2;0,.freeobj 0;105;0;0;0,,,,,,,,.freeobj 0;350;1.7;1,,.freeobj 1;350;-1.7;1,,,,,,,,,
.freeobj 1;15;0;0;0,,,,,,,,,,,,,,,,,,,,
,,,,,,,,,,,,,,,,,,,,
34217,,,.freeobj 0;615;7;1.1;180,.freeobj 1;615;-7;1.1;0
34223,,,.freeobj 0;608;7.1;1;90,.freeobj 1;608;-7.1;1;-90,,
34220,,,,.freeobj 0;607;7;1.7;90,.freeobj 1;607;-7;1.7;-90
34223,,,.freeobj 0;626;4;-0.6;0,,,,.freeobj 1;628;-4;-0.6;0
34222,,,.freeobj 0;615;7;1.1;180,.freeobj 1;615;-7;1.1;0
34225,,,,,,,,,,,,,,,,,,,,
.form 0;r;2;0,,,,,,,,,,,,,,,,,,,,
.form 1;l;2;0,.freeobj 0;90;-0.25;1.5;0,,,,,,,,,,,,,,,,,,,
.freeobj 0;0,.freeobj 1;31;0;0;0,,,,,,,,,,,,,,,,,,,
.stop 0,.freeobj 0;106;2;0.2;0,,,,,,,,,,,,,,,,,,,
.freeobj 0;23;1.7;1,,,,,,,,,,,,,,,,,,,,
.freeobj 1;23;-1.7;1,,,,,.Section 0;10;23,,,,,,,,,,,,,,,
.freeobj 0;25;3;1,,,,,,,,,,,,,,,,,,,,
.freeobj 0;26;4;1,,,,,,,,,,,,,,,,,,,,
.freeobj 1;26;-4;1,,,,,,,,,,,,,,,,,,,,
34250,,,,,,,,,,,,,,,,,,,,
.freeobj 1;246;,,,,,,,,,,,,,,,,,,,,
,,,,,,,,,,,,,,,,,,,,
.wallend 0,,,,,,,,,,,,,,,,,,,,
.wallend 1,,,.limit 70,,,,,,,,,,,,,,,,,
.dikeend 0,,,,,,,,,,,,,,,,,,,,
.wall 0;1;27,,,,,,,  .Brightness 200,,,,,,,,,,,,,
.wall 1;-1;27,,,,,,,,,,,,,,,,,,,,
.dike 0;-1;0 ,,,,,,,,,,,,,,,,,,,,
.railtype 0;1,,,,,,,,,,,,,,,,,,,,
.rail 1;-5;0;1,,,,,,,,,,,,,,,,,,,,
34275,.railtype 0;29,.curve -700;30,,.pitch 30,,,  .Brightness -30,,,,,,,,,,,,,
,.rail 1;-5;0;29,,,,,,,,,,,,,,,,,,,
34375,,.curve 0,,,,,,,,,,,,,,,,,,
.railtype 0;1,,,,,,,,,,,,,,,,,,,,
.rail 1;-5;0;1,,,,,,,,,,,,,,,,,,,,
34850,,,,.Section 0;10;19,,,,,,,,,,,,,,,,
34900,.pitch 0,,,,,,,,,,,,,,,,,,,
34950,,,,,,,,,.Announce Busan1\33.wav;,,,,,,,,,,,
34975,,,,,,,  .Brightness -30,,,,,,,,,,,,,
35000,,.limit 45,,,,,  .Brightness 200,,,,,,,,,,,,,
.wallend 0,,,,,,,,,,,,,,,,,,,,
.wallend 1,,,,,,,,,,,,,,,,,,,,
.dikeend 0,,,,,,,,,,,,,,,,,,,,
.dike 0;-1;5,,,,,,,,,,,,,,,,,,,,
.wall 0;1;4,,,,,,,,,,,,,,,,,,,,
.wall 1;-1;4,,,,,,,,,,,,,,,,,,,,
.railtype 0;4 ,,,,,,,,,,,,,,,,,,,,
.rail 1;-5;0;4,,,,,,,,,,,,,,,,,,,,
.sta 범어사;11.0210;11.0235;0;1;0;1;\Busan1\sta.wav;0;30;\Busan1\go.wav;,,,,,,,,.freeobj 0;356;1.7;1,,,,.freeobj 1;356;-1.7;1,,,,,,,,
.form 0;r;2;0,,,,.freeobj 1;245;,,,,,,,,,,,,,,,,
.form 1;l;2;0,,,,,,,,,,,,,,,,,,,,
.freeobj 0;24;1.7;1,,,,,,,,,,,,,,,,,,,,
.freeobj 1;24;-1.7;1,,,,,,,,,,,,,,,,,,,,
35020,,.Freeobj 0;509;4;3.2;0,,.Freeobj 1;509;-4;3.2;0
35025,,,,,,,,,,,,,,,,,,,,
.form 0;r;2;0,.freeobj 0;46;4.5;-0.6;0,,.freeobj 1;46;-4.5;-0.6;0,,,.freeobj 0;91;-1;1.5;0,,.freeobj 1;0,,.freeobj 0;355;1.7;1,,.freeobj 1;355;-1.7;1,,,,,,,,
.form 1;l;2;0,.freeobj 1;105;-0.4;0;0,,,,,,,,,,,,,,,,,,,
.freeobj 0;32;-0.75;0;0,,,,,,,,,,,,,,,,,,,,
,,,,,,,,,,,,,,,,,,,,
35040,,,,,,.freeobj 1;110;-5.25;0;0,,,.freeobj 0;110;5.25;0;0,,,.freeobj 1;208;-1.2;3.5;0,,.freeobj 0;174;1.2;3.5;0,,,,,,
.freeobj 1;15;0.75;0;0,,,,,,,,,,,,,,,,,,,,
,,,,,,,,,,,,,,,,,,,,
35050,,,,,,,,,,,,,,,,,,,,
.form 0;r;2;0,,,,,,,,,,.freeobj 0;354;1.7;1,,,.freeobj 1;354;-1.7;1,,,,,,,
.form 1;l;2;0,,,,,,,,,,,,,,,,,,,,
,,,,,,,,,,,,,,,,,,,,
.freeobj 1;15;0.75;0;0,,,,,,,,,,,,,,,,,,,,
,,,,,,,,,,,,,,,,,,,,
,,,,,,,,,,,,,,,,,,,,
35060,,.freeobj 1;14;-3;0;0,.freeobj 0;359;3;0;0,,,.freeobj 1;111;-5.25;0;0,,,.freeobj 0;111;5.25;0;0,,,.freeobj 1;208;-1.2;3.5;0,,.freeobj 0;174;1.2;3.5;0,,,,,,
35065,,,,,,,,,,,,,,,,,,,,
,.freeobj 1;105;-0.4;0;0,,.freeobj 1;88;-6.25;0;0,,.freeobj 0;89;6.25;0;0,,,,,,,,,,,,,,,
35075,,,,,,,,,,,,,,,,,,,,
,,,,,,,,.freeobj 0;353;1.7;1,,,.freeobj 1;353;-1.7;1,,,,,,,,,
,,,.form 0;r;2;0,.form 1;l;2;0,,,,,,,,,,,,,,,,
.freeobj 1;15;0;0;0,,,.freeobj 0;105;0;0;0,,,,,,,,,,,,,,,,,
,,,,,,,,,,,,,,,,,,,,
35081,,,.freeobj 0;627;4;-0.6;0,,,,.freeobj 1;628;-4;-0.6;0
35082,,,.freeobj 0;611;7.2;1.1;90,,.freeobj 1;611;-6.5;1.1;90,,
35083,,,.freeobj 0;614;7;1.1;180,.freeobj 1;614;-7;1.1;0
35088,,,.freeobj 0;614;7;1.1;180,.freeobj 1;614;-7;1.1;0
35090,,,,,,,,,,,,,,,,,,,,
.form 0;r;2;0,,,,,,,,,,,,,,,,,,,,
.form 1;l;2;0,,,,,,,,,,,,,,,,,,,,
35093,,,.freeobj 0;614;7;1.1;180,.freeobj 1;614;-7;1.1;0
35100,,,,,,,,,,,,,,,,,,,,
.form 0;r;2;0,,,,,,,,.freeobj 0;352;1.7;1,,,.freeobj 1;352;-1.7;1,,,,,,,,
.form 1;l;2;0,,,,,,,,,,,,,,,,,,,,
.freeobj 1;15;0.75;0;0,.freeobj 0;105;0;0;0,,,,,,,,,,,,,,,,,,,
,,,,,,,,,,,,,,,,,,,,
35105,,,.freeobj 0;610;7.2;1.8;90,.freeobj 1;610;-7.2;1.8;-90,,
35125,,,,,,,,,,,,,,,,,,,,
.form 0;r;2;0,.freeobj 1;110;-5.25;0;0,,,.freeobj 0;46;4.5;-0.6;0,,,,.freeobj 0;351;1.7;1,,,.freeobj 1;351;-1.7;1,,,,,,,,,
.form 1;l;2;0,.freeobj 0;110;5.25;0;0,,,,,,,,,,,,,,,,,,,
,.freeobj 0;174;1.2;3.5;0,.freeobj 1;208;-1.2;3.5;0,,,,,,,,,,,,,,,,,,
,,,,,,,,,,,,,,,,,,,,
.freeobj 1;15;0.75;0;0,,,,,,,,,,,,,,,,,,,,
,,,,,,,,,,,,,,,,,,,,
35145,,,,,,,,,,,,,,,,,,,,
,,,,,,,,,,,,,,,,,,,,
35150,,,,,,,,,,,,,,,,,,,,
.form 0;r;2;0,,,,.freeobj 1;111;-5.25;0;0,,,,.freeobj 0;350;1.7;1,,,.freeobj 1;350;-1.7;1,,,,,,,,,
.form 1;l;2;0,,,,.freeobj 0;111;5.25;0;0,,,,,,,,,,,,,,,,
.freeobj 1;15;0;0;0,,,.freeobj 0;359;3;0;0,,.freeobj 1;14;-3;0;0,,,,,,,,,,,,,,,
,.freeobj 0;105;0;0;0,,,,,,,,,,,,,,,,
35160,.Freeobj 0;509;4;3.2;0,,.Freeobj 1;509;-4;3.2;0
35167,,,.freeobj 0;614;7;1.1;180,.freeobj 1;614;-7;1.1;0
35172,,.freeobj 0;614;7;1.1;180,.freeobj 1;614;-7;1.1;0,'오후 10:12 2015-06-061.1;180
35170,,,,.freeobj 0;607;7;1.7;90,.freeobj 1;607;-7;1.7;-90
35173,,,.freeobj 0;608;7.1;1;90,.freeobj 1;608;-7.1;1;-90,,,.freeobj 0;627;4;-0.6;0,,,,.freeobj 1;628;-4;-0.6;0
35175,,,,,,,,,,,,,,,,,,,,
.form 0;r;2;0,,,,,,,,,,,,,,,,,,,,
.form 1;l;2;0,.freeobj 0;90;-0.25;1.5;0,,,,,,,,,,,,,,,,,,,
.freeobj 0;0,.freeobj 1;31;0;0;0,,,,,,,,,,,,,,,,,,,
.stop 0,.freeobj 0;106;2;0.2;0,,,,,,,,,,,,,,,,,,,
.freeobj 0;23;1.7;1,,,,,,,,,,,,,,,,,,,,
.freeobj 1;23;-1.7;1,,,,,,,,,,,,,,,,,,,,
.freeobj 0;25;3;1,,,,,,,,,,,,,,,,,,,,
.freeobj 0;26;4;1,,,,,,,,,,,,,,,,,,,,
.freeobj 1;26;-4;1,,,,,,,,,,,,,,,,,,,,
,,,,,,,,,,,,,,,,,,,,
35180,,,,
,,,,,,,,,,,,,,,,,,,,
,,,,,,,,,,,,,,,,,,,,
35200,,,,,,,,,,,,,,,,,,,,
.freeobj 1;245;,,,,,,,,,,,,,,,,,,,,
.wallend 0,,,,,,,,,,,,,,,,,,,,
.wallend 1,,,,  .Brightness 200,,,,,,,,,,,,,,,,
.dikeend 0,,,,,,,,,,,,,,,,,,,,
.wall 0;1;0,,,,,,,,,,,,,,,,,,,,
.wall 1;-1;0,,,,,,,,,,,,,,,,,,,,
,,,,,,.crack 0;1;1,,,,,,,,,,,,,,
.railtype 0;1,,,,,,,,,,,,,,,,,,,,
.rail 1;-5;0;1,,,,,,,,,,,,,,,,,,,,
,,,,,,,,,,,,,,,,,,,,
.rail 2;0;0;1,.rail 3;-5;0;1,,,,,,,,,,,,,,,,,,,
,,,,,,,,,,,,,,,,,,,,
,,,,,,,,,,,,,,,,,,,,
35225,,,,  .Brightness -30,,.crack 0;1;1,,,,,,,,,,,,,,.Announce Busan1\33-1.wav;,,,,,,,,,,,,,,,,
,,.curve 400,.railtype 0;23,,,,,,,,,,,,,,,,,
.rail 1;-5;0;22,,,,,,,,,,,,,,,,,,,,
,,,,,,,,,,,,,,,,,,,,
35250,,,,,,,,,,,,,,,,,,,,
.rail 2;-1;0;1,.rail 3;-6;0;1,.dike 3;1;16,,,.wall 0;1;27,.crack 0;1;1,,,,,,,,,,,,,,
.rail 1;-8;0;1,,,,,.wall 1;-1;27,,,,,,,,,,,,,,,
35275,,.curve 0,.railtype 0;1,,,,,,,,,,,,,,,,,
.rail 2;-3.6;0;1,.rail 3;-8.6;0;1,.dike 3;0;0 ,,,,.crack 0;1;1,,,,,,,,,,,,,,
.rail 1;-13;0;1,,.dike 2;1;15,,,,,,,,,,,,,,,,,,
35300,,,,,,,,,,,,,,,,,,,,
.rail 2;-6.9;0;1,.rail 3;-11.9;0;1,.dike 2;1;0,,,,,,,,,,,,,,,,,,
.rail 1;-18.9;0;1,,.dike 0;-1;15,,,,.crack 0;1;1,,,,,,,,,,,,,,
.dike 1;1;0,,,,,,,,,,,,,,,,,,,,
35325,,.wall 0;0;27,,,,,,,,,,,,,,,,,,
,,.dikeend 0,,,,,,,,,,,,,,,,,,
.rail 2;-10.2;0.5;1,.rail 3;-15.2;0.5;1,,,,,.crack 0;1;1,,,,,,,,,,,,,,
.rail 1;-22.2;0.5;1,,.wall 2;1;27,,,.freeobj 2;271;9.9;1.5;-5;,,.freeobj 2;271;9.9;-2;0;,,,,,,,,,,,,,
,,.dikeend 2,,,,,,,,,,,,,,,,,,
35350,,,,,,,,,,,,,,,,,,,,
.rail 2;-13.5;1;1,.rail 3;-18.5;1;1,,.pitch -15,.curve 700;20,,,,,,,,,,,,,,,,
.rail 1;-25.5;1;1,,,,.railtype 0;28,,.crack 0;1;1,,,,,,,,,,,,,,
,,,,,,,,,,,,,,,,,,,,
35375,,,,,,,,,,,,,,,,,,,,
.rail 2;-17.3;2;1,.rail 3;-22.3;2;1,,,,,.crack 0;1;1,,,,,,,,,,,,,,
.rail 1;-29.3;2;1,,,,,,,,,,,,,,,,,,,,
,,,,,,,,,,,,,,,,,,,,
35400,.curve 0,.railtype 0;1,,,,,.Section 0;10;25,.limit 80,,,,,,,,,,,,
.rail 2;-20.3;3;1,.rail 3;-25.3;3;1,,,,,,,,,,,,,,,,,,,
.rail 1;-32.3;3;1,,,,,,,,,,,,,,,,,,,,
,,,,,,,,,,,,,,,,,,,,
35425,,,,,,,,,,,,,,,,,,,,
.rail 2;-22.3;4;1,.rail 3;-27.3;4;1,,,,,,,,,,,,,,,,,,,
.rail 1;-34.3;4;1,,,,,,,,,,,,,,,,,,,,
,,,,,,,,,,,,,,,,,,,,
35450,,,,,,,,,,,,,,,,,,,,
.rail 2;-22;5;1,.rail 3;-27;5;1,,,,,.back 3,.ground 1,,,,,,,,,,,,,
.rail 1;-34;5;1,,,,,,,,,,,,,,,,,,,,
,,,,,,,,,,,,,,,,,,,,
35475,,,,,,,,,,,,,,,,,,,,
.rail 2;-22;6;1,.rail 3;-27;6;1,,,,,,,,,,,,,,,,,,,
.rail 1;-32;6;1,.dikeend 1,,,,,,,,,,,,,,,,,,,
35500,,,,,,,,,,,,,,,,,,,,
.rail 2;-22;7;1,.rail 3;-27;7;1,,,.curve -900;20,,,,,,,,,,,,,,,,
.rail 1;-32;7;1,,,,.railtype 0;29,,,,,,,,,,,,,,,,
35525,커브끝,,,,,,,,,,,,,,,,,,,
.rail 2;-19;8;1,.rail 3;-24;8;1,,,,,,,,,,,,,,,,,,,
.rail 1;-29;8;1,,,,,,,,,,,,,,,,,,,,
35550,,,,,,,,,,,,,,,,,,,,
.rail 2;-15;9;1,.rail 3;-20;9;1,,,.pitch 0,,,,,,,,,,,,,,,,
.rail 1;-25;9;1,,,,,,,,,,,,,,,,,,,,
35575,,,,,,,,,,,,,,,,,,,,
.rail 2;-10;9;1,.rail 3;-15;9;1,,,,,,,,,,,,,,,,,,,
.rail 1;-20;9;1,,,,,,,,,,,,,,,,,,,,
35600,,,,,,,,,,,,,,,,,,,,
윗선로 지상진출,,,,,,,,,,,,,,,,,,,,
.wallend 2,.wallend 1,,,,,,.freeobj 1;40;0;0;0,.freeobj 1;41;0;0;5,,,,,,,,,,,,
.dikeend 2,.dikeend 3,.crack 1;0;0,,,,,.freeobj 2;40;0;0;5,.freeobj 2;41;0;0;0,,,,,,,,,,,,
.rail 2;-4;9;0,.rail 3;-9;9;0,,,,,,.freeobj 3;40;0;0;5,.freeobj 3;41;0;0;0,,,,,,,,,,,,
.rail 1;-14;9;0,,,,,,,.freeobj 1;387;-10;-0.6;,,.freeobj 1;388;0;0.6;-6,,,,,,,,,,,
35625,,,,,,,,,,,,,,,,,,,,
.rail 2;2;9;0,.rail 3;-3;9;0,.crack 1;0;0,,.Pole 1;0;-1;50;1,,,,,,,,,,,,,,,,
.rail 1;-9;9;0,,,.crack 3;0;0,,,,.freeobj 1;387;-10;-0.6;,,.freeobj 1;388;-3;0.6;-7,,,,,,,,,,,
,,,,,,,,,,,,,,,,,,,,
35650,,,,,,,,,,,,,,,,,,,,
.rail 2;7;9;0,.rail 3;2;9;0,.crack 1;0;0,.curve 0,.railtype 0;1,,,,,,,,,,,,,,,,
,,,.crack 3;0;0,,,,.freeobj 1;387;-10;-0.6;,,.freeobj 1;388;-6;0.6;-5,,,,,,,,,,,
.rail 1;-6;9;0,,,,,.pitch 25,,,,,,,,,,,,,,,
35675,,,,
.rail 2;11;8.5;0,.rail 3;6;8.5;0,.crack 1;0;0,.crack 3;0;0,,,,,,,,,,,,,,,,,
.rail 1;-5;8.5;0,,,,,,,.freeobj 1;387;-10;-0.6;,,.freeobj 1;388;-8;0.6;-5,,,,,,,,,,,
35700,,,,,,,,,,,,,,,,,,,,
.rail 2;15;8;0,.rail 3;10;8;0,.crack 1;0;0,.crack 3;0;0,  .Brightness -30,,,,,,,,,,,,,,,,
.rail 1;-5;8;0,,,,,,,.freeobj 1;387;-10;-0.6;,,.freeobj 1;388;-10;0.6;,,,,,,,,,,,
35725,본선 지상진출,,,,,,,,,,,,,,,,,,,
.wallend 0,.rail 4;5;7.5;0,,,  .Brightness 200,,,,,,,,,,,,,,,,
.dike 1;1;2,.dike 4;-1;2,.railtype 0;0,,,,,,,,,,,,,,,,,,
.rail 1;-5;7.5;0,.freeobj 0;40;0;0;180,.freeobj 0;41;0;0;180,,,,,.freeobj 1;387;-10;-0.6;,,.freeobj 1;388;-10;0.6;,,,,,,,,,,,
.rail 2;19;7.5;0,.rail 3;14;7.5;0,,,,,,,,,,,,,,,,,,,
35750,,,,,,,,,,,,,,,,,,,,
.rail 2;23;7;0,.rail 3;18;7;0,,,,,,,,,,,,,,,,,,,
,,,,,,,,,,,,,,,,,,,,
.rail 1;-5;7;0,.rail 4;5;7;0,,.Pole 0;0;1;50;1,,,,.freeobj 1;387;-10;-0.6;,,.freeobj 1;388;-10;0.6;,,,,,,,,,,,
35775,,,,,,,,,,,,,,,,,,,,
.rail 1;-5;6.5;0,.rail 4;5;6.5;0,,,,,,.freeobj 1;387;-10;-0.6;,,.freeobj 1;388;-10;0.6;,,,,,,,,,,,
.rail 2;27;6.5;0,.rail 3;22;6.5;0,,,,,,,,,,,,,,,,,,,
,,,,,,,,,,,,,,,,,,,,
35800,,,,,,,,,,,,,,,,,,,,
.rail 1;-5;6;0,.rail 4;5;6;0,,,,,,.freeobj 1;387;-10;-0.6;,,.freeobj 1;388;-10;0.6;,,,,,,,,,,,
.rail 2;31;6;0,.rail 3;26;6;0,,,,,,,,,,,,,,,,,,,
35825,,,,,,,,,,,,,,,,,,,,
.rail 1;-5;5.5;0,.rail 4;5;5.5;0,,,,,,.freeobj 1;387;-10;-0.6;,,.freeobj 1;388;-10;0.6;,,,,,,,,,,,
.rail 2;35;5.5;0,.rail 3;30;5.5;0,,,,,,,,,,,,,,,,,,,
35850,,,,,,,,,,,,,,,,,,,,
.rail 1;-5;5;0,.rail 4;5;5;0,,.curve 700,.railtype 0;31,,,.freeobj 1;387;-10;-0.6;,,.freeobj 1;388;-10;0.6;,,,,,,,,,,,
.rail 2;39;5;0,.rail 3;34;5;0,,,,,,,,,,,,,,,,,,,
35875,,,,,,,,,,,,,,,,,,,,.Announce Busan1\34 down.wav;,,,,,,,,,,,,,,,,
.rail 1;-5;4.5;0,.rail 4;5;4.5;0,,,,,,.freeobj 1;387;-10;-0.6;,,.freeobj 1;388;-10;0.6;,,,,,,,,,,,
.rail 2;42.35;4.5;0,.rail 3;37.35;4.5;0,,,,,,,,,,,,,,,,,,,
35900,,,,,,,,,,,,,,,,,,,,
.rail 1;-5;4;0,.rail 4;5;4;0,,,,,,.freeobj 1;387;-10;-0.6;,,.freeobj 1;388;-10;0.6;,,,,,,,,,,,
.rail 2;44.8;4;0,.rail 3;39.8;4;0,,,,,,,,,,,,,,,,,,,
35925,,,,,,,,,,,,,,,,,,,,
.rail 1;-5;3.5;0,.rail 4;5;3.5;0,,.curve 1000,,.Section 0;10;15,,.freeobj 1;387;-10;-0.6;,,.freeobj 1;388;-10;0.6;,,,,,,,,,,,
.rail 2;46.4;3.5;0,.rail 3;41.4;3.5;0,,,,,,,,,,,,,,,,,,,
35950,.freeobj 4;43;-2.5;-0.5,,,,,,,,,,,,,,,,,,,
.rail 1;-5;3;0,.rail 4;5;3;0,,.curve 1000,,,,.freeobj 1;387;-10;-0.6;,,.freeobj 1;388;-10;0.6;,,,,,,,,,,,
.rail 2;47.3;3;0,.rail 3;42.3;3;0,,,,,,,,,,,,,,,,,,,
35975,.freeobj 4;43;-2.5;-0.5,,,,,,,,,,,,,,,,,,,
.rail 1;-5;2.5;0,.rail 4;5;2.5;0,,.curve 0,.railtype 0;0,,,.freeobj 1;387;-10;-0.6;,,.freeobj 1;388;-10;0.6;,,,,,,,,,,,
.rail 2;47.5;2.5;0,.rail 3;42.5;2.5;0,,,,,,,,,,,,,,,,,,,
36000,.freeobj 4;43;-2.5;-0.5,,,,,,,,,,,,,,,,,,,
.rail 1;-5;2;0,.rail 4;5;2;0,.freeobj 4;390;3;-0.6;,,.rail 7;32.5;2;0,,,.freeobj 1;387;-10;-0.6;,,.freeobj 1;388;-10;0.6;,,,,,,,,,,,
.rail 2;47.5;2;0,.rail 3;42.5;2;0,,,,,,,,,,,,,,,,,,,
36025,.freeobj 4;43;-2.5;-0.5,,,,,,,,,,,,,,,,,,,
.rail 1;-5;1.5;0,.rail 4;5;1.5;5,.freeobj 4;390;3;-0.6;,,.rail 7;32.5;1.5;0,,,.freeobj 1;387;-10;-0.6;,,.freeobj 1;388;-10;0.6;,,,,,,,,,,,
.rail 2;47.5;1.5;0,.rail 3;42.5;1.5;0,,,,,,,,,,,,,,,,,,,
36050,.freeobj 4;43;-2.5;-0.5,,,.rail 7;32.5;1;0,,,,,,,,,,,,,,,,
.rail 1;-5;1;0,.rail 4;5;1;5,,,,,,.freeobj 1;387;-10;-0.6;,,.freeobj 1;388;-10;0.6;,,,,,,,,,,,
.rail 2;47.5;1;0,.rail 3;42.5;1;0,.freeobj 4;390;3;-0.6;,,,,,,,,,,,,,,,,,,
36075,.freeobj 4;43;-2.5;-0.5,,,,,,,,,,,,,,,,,,,
.rail 1;-5;0.5;0,.rail 4;5;0.5;5,.pitch 13,,.freeobj 4;420;10;-0.6;,,,.freeobj 1;387;-10;-0.6;,,.freeobj 1;388;-10;0.6;,,,,,,,,,,,
.rail 2;47.5;0.5;0,.rail 3;42.5;0.5;0,.freeobj 4;390;3;-0.6;,,.rail 7;32.5;0.5;0,,,,,,,,,,,,,,,,
,.freeobj 4;43;-2.5;-0.5,,,,,,,,,,,,,,,,,,,
36100,,,,,,,,,,,,,,,,,,,,
.rail 1;-5;0;0,.rail 4;5;0;5,.pitch 0,.railend 4,.rail 7;32.5;0;0,,,,,,,,,,,,,,,,
.rail 2;47.5;0;0,.rail 3;42.5;0;0,.freeobj 0;390;5;-0.6;,,,,,,,,,,,,,,,,,,
,.freeobj 0;43;2.5;-0.5,,,,,,,,,,,,,,,,,,,
,.dikeend 1,.dikeend 4,,,,,.freeobj 1;387;-10;-0.6;,,.freeobj 1;388;-10;0.6;,,,,,,,,,,,
36115,,,,.freeobj 0;421;10;-0.6;,,,,,,,,,,,,,,,,
,,,,,,,,,,,,,,,,,,,,
36125,,.freeobj 0;390;5;-0.6;,,,,,.freeobj 1;387;-10;-0.6;,,.freeobj 1;388;-10;0.6;,,,,,,,,,,,
,.freeobj 0;43;2.5;-0.5,,,,,,,,,,,,,,,,,,,
36150,,.freeobj 0;390;5;-0.6;,,,,,.freeobj 1;387;-10;-0.6;,,.freeobj 1;388;-10;0.6;,,,,,,,,,,,
,.freeobj 0;43;2.5;-0.5,,,,,,,,,,,,,,,,,,,
36165,,.freeobj 0;422;15;-0.6;,,,,,,,,,,,,,,,,,,
,,,,,,,,,,,,,,,,,,,,
36175,.rail 4;0;0;10,,  .Brightness 200,.poleend 1,.poleend 0,,.freeobj 1;387;-10;-0.6;,,.freeobj 1;388;-10;0.6;,,,,,,,,,,,
,.freeobj 0;43;2.5;-0.5,.freeobj 0;390;5;-0.6;,,,,,,,,,,,,,,,,,,
,,,,,,,,,,,,,,,,,,,,
36200,.rail 4;-2.5;0;11,.railtype 0;1,.rail 1;-5;0;1,.dike 1;-1;0,.dike 0;1;0,.wall 0;1;51,.wall 5;-1;27,.freeobj 1;387;-10;-0.6;,,,,,,,,,,,,
.crack 0;1;1,.freeobj 1;40;0;0;0,.freeobj 0;41;0;0;0,.freeobj 1;41;-5;0;0,.freeobj 5;40;0;0;0,,,.rail 5;-15;0;5,.rail 6;10;0;5,.dike 6;1;0,,,,,,,,,,,
.freeobj 0;43;2.5;-0.5,.freeobj 0;40;5;0;0,.freeobj 6;41;0;0;0,,  .Brightness 40,,,,,,,,,,,,,,,,
,,.freeobj 0;390;5;-0.6;,,.rail 7;31;0;0,,,,,,,,,,,,,,,,
36225,.rail 4;-5;0;11,.railend 4,.crack 0;1;1,,,,.freeobj 1;387;-10;-0.6;,,,,,,,,,,,,,
.freeobj 0;43;2.5;-0.5,,,,.rail 7;28;0;0,,,,,,,,,,,,,,,,
,,.freeobj 0;390;5;-0.6;,,,,,,,,,,,,,,,,,,
36250,,  .Brightness 40,,,,,,,,,,,,,,,,,,
.railtype 0;0 ,,.freeobj 0;390;5;-0.6;,,.dikeend 0,.dikeend 1,,.freeobj 1;387;-10;-0.6;,,,,,,,,,,,,,
.rail 1;-5;0;0;,,,,.rail 7;25;0;1,.wall 6;1;52,.dike 7;1;0,,,,,,,,,,,,,,
.wallend 0,,.rail 4;0;0;5,.wall 4;1;51,,,,,,.limit 25,,,,,,,,,,,
.wall 0;1;3,.railend 8,.crack 0;1;0,,,.freeobj 1;395;-2;0;0,,.freeobj 0;395;7.2;0;0,,,,,,,,,,,,,
.wall 1;-1;3,,,,,,,,,,,,,,,,,,,,
.sta 노포(종합버스터미널);11.0445;11.0515;0;1;0;1;;1;25;;,,,,,,,,,,,,,,,,,,,,
.form 0;r;2;0,,,,,,,,,,,,,,,,,,,,
.form 1;l;2;0,,,,,,,,,,,,,,,,,,,,
36255,,,,,.freeobj 1;705;-3;0;0,,.freeobj 0;705;10;0;0,,,,,,,,,,,,,
36260,,,,,.freeobj 1;705;-3;0;0,,.freeobj 0;705;10;0;0,,,,,,,,,,,,,
36265,,,,,.freeobj 1;705;-3;0;0,,.freeobj 0;705;10;0;0,,,,,,,,,,,,,
36270,,,,,.freeobj 1;705;-3;0;0,,.freeobj 0;705;10;0;0,,,,,,,,,,,,,
36275,,  .Brightness 200,,,,,,,,,,,,,,,,,,
.form 0;r;2;0,,.freeobj 1;0;,.freeobj 0;91;0;1.5;0,,.freeobj 1;705;-3;0;0,,.freeobj 0;705;10;0;0,,,,,,,,,,,,,
.form 1;l;2;0,,.crack 0;1;0,,.rail 7;22;0;1,,,,,,,,,,,,,,,,
.freeobj 1;15;0;0;0,,,,,,,,,,,,,,,,,,,,
,,,,,,,,,,,,,,,,,,,,
,,,,,,,,,,,,,,,,,,,,
36280,,,,,.freeobj 1;705;-3;0;0,,.freeobj 0;705;10;0;0,,,,,,,,,,,,,
36285,,,,,.freeobj 1;705;-3;0;0,,.freeobj 0;705;10;0;0,,,,,,,,,,,,,
36290,,,,,.freeobj 1;705;-3;0;0,,.freeobj 0;705;10;0;0,,,,,,,,,,,,,
36295,,,,,.freeobj 1;705;-3;0;0,,.freeobj 0;705;10;0;0,,,,,,,,,,,,,
36300,,,,,,,,,,,,,,,,,,,,
.form 0;r;2;0,.freeobj 5;394;-4.25;0;0,.freeobj 0;394;-0.2;0;0,,,.freeobj 1;705;-3;0;0,,.freeobj 0;705;10;0;0,,,,,,,,,,,,,
.form 1;l;2;0,.freeobj 1;16;0;0;0,.crack 0;1;0,,.rail 7;19;0;1,.dikeend 6,,,,,,,,,,,,,,,
36310,.freeobj 1;392;-5.25;0;0,.freeobj 0;392;6.25;0;0,,,,,,,,,,,,,,,,,,
,,,,,,,,,,,,,,,,,,,,
,,,,,,,,,,,,,,,,,,,,
36325,,,,,,,,,,,,,,,,,,,,
.form 0;r;2;0,.freeobj 5;393;-4.25;0;0,.freeobj 0;393;-0.2;0;0,,,.curve 900,,.dike 0;-1;1,,,,,,,,,,,,,
.form 1;l;2;0,,,,.rail 7;16;0;1,.railtype 0;31,,,,,,,,,,,,,,,
.freeobj 1;16;0;0;0,,,,,.rail 1;-5;0;31,,,,,,,,,,,,,,,
,,,,,,,,,,,,,,,,,,,,
,,,,,,,,,,,,,,,,,,,,
36331,,,.freeobj 0;637;4;-0.6;0,,,,.freeobj 1;628;-4;-0.6;0
36350,,,,,,,,,,,,,,,,,,,,
.form 0;r;2;0,.freeobj 5;393;-4.25;0;0,.freeobj 0;393;-0.2;0;0,,.rail 7;14;0;1,,,,,,,,,,,,,,,,
.form 1;l;2;0,.freeobj 1;15;0;0;0,,,,,,,,,,,,,,,,,,,
36375,,,,,,,,,,,,,,,,,,,,
.form 0;r;2;0,.freeobj 1;16;0;0;0,,,.rail 7;12;0;1,.curve 0,,.dikeend 0,,,,,,,,,,,,,
.form 1;l;2;0,,.crack 0;1;0,,,.railtype 0;0,.rail 1;-5;0;0,,,,,,,,,,,,,,
36377,.freeobj 1;391;-5.25;0;0,.freeobj 0;391;6.25;0;0,,,,,,,,,,,,,,,,,,
,,,,,,,,,,,,,,,,,,,,
36385,,,,,,,,,,,,,,,,,,,,
36390,,,,,,.freeobj 1;705;-3;0;0,,.freeobj 0;705;10;0;0,,,,,,,,,,,,
36395,,,,,,.freeobj 1;705;-3;0;0,,.freeobj 0;705;10;0;0,,,,,,,,,,,,
36400,,,,,,,,,,,,,,,,,,,,
.form 0;r;2;0,.freeobj 1;15;0;0;0,.crack 0;1;0,,.rail 7;11;0;1,,.freeobj 1;705;-3;0;0,,.freeobj 0;705;10;0;0,,,,,,,,,,,,
.form 1;l;2;0,,,,,,,,,,,,,,,,,,,,
36405,,,,,,.freeobj 1;705;-3;0;0,,.freeobj 0;705;10;0;0,,,,,,,,,,,,
36410,,,,,,.freeobj 1;705;-3;0;0,,.freeobj 0;705;10;0;0,,,,,,,,,,,,
36415,,,,,,.freeobj 1;705;-3;0;0,,.freeobj 0;705;10;0;0,,,,,,,,,,,,
36420,,,,,,.freeobj 1;705;-3;0;0,,.freeobj 0;705;10;0;0,,,,,,,,,,,,
,,,,,,,,,,,,,,,,,,,,
,,,,,,,,,,,,,,,,,,,,
36423,,,.freeobj 0;637;4;-0.6;0,,,,.freeobj 1;628;-4;-0.6;0
36425,,,,.freeobj 1;31;0;0;0,,.freeobj 1;705;-3;0;0,,.freeobj 0;705;10;0;0,,,,,,,,,,,,
.form 0;r;2;0,,.crack 0;1;0,,.freeobj 0;265;3;1,,,,,,,,,,,,,,,,
.form 1;l;2;0,,.stop 0,,.freeobj 0;106;2;0.2;0,,,,,,,,,,,,,,,,
,,,.freeobj 0;0;,.freeobj 0;90;-0.25;1.5;0,,,,,,,,,,,,,,,,
,,,,.rail 7;10;0;1,.wall 7;1;0,,,,,,,,,,,,,,,
36430,,,,,,.freeobj 1;705;-3;0;0,,.freeobj 0;705;10;0;0,,,,,,,,,,,,
36435,,,,,,.freeobj 1;705;-3;0;0,,.freeobj 0;705;10;0;0,,,,,,,,,,,,
36440,,,,,,.freeobj 1;705;-3;0;0,,.freeobj 0;705;10;0;0,,,,,,,,,,,,
36445,,,,,,.freeobj 1;705;-3;0;0,,.freeobj 0;705;10;0;0,,,,,,,,,,,,
36450,,,,.rail 7;9;0;1,.crack 7;0;1,,,,,,,,,,,,,,,
,,,,.dike 7;0;0,,,,,,,,,,,,,,,,
.wallend 0,.wall 0;1;51,.wallend 4,,,,,,,,,,,,,,,,,,
.wallend 1,.dike 1;-1;0,,,.freeobj 1;395;-2;0;0,,.freeobj 0;395;7.2;0;0,,,,,,,,,,,,,,
.railtype 0;32,,  .Brightness 200,,,,,,,,,,,,,,,,,,
.rail 1;-5;0;32,.crack 0;1;1,,,,,,,,,,,,,,,,,,,
36475,,,,.rail 7;6;0;1,.crack 7;0;1,,,,,,,,,,,,,,,
,,  .Brightness 0,,.dike 7;1;0,.crack 0;1;1,,,,,,,,,,,,,,,
,,,,,,,,,,,,,,,,,,,,
,,,,,,,,,,,,,,,,,,,,
36500,,,,.rail 7;4;0;1,.crack 0;1;1,,,,,,,,,,,,,,,
,,,,,,,,,,,,,,,,,,,,
,,,,,,,,,,,,,,,,,,,,
,,,,,,,,,,,,,,,,,,,,
36525,,,,.rail 7;2;0;23,.crack 0;1;1,,,,,,,,,,,,,,,
,,,,,,,,,,,,,,,,,,,,
,,,,,,,,,,,,,,,,,,,,
36550,,,,.rail 7;0;0;1,.crack 0;1;1,,,,,,,,,,,,,,,
,,,,.railend 7,.dikeend 7,.wallend 7,,,,,,,,,,,,,,
,,,,,.wall 0;1;0,,,,,,,,,,,,,,,
36575,,,,,.crack 0;1;1,,,,,,,,,,,,,,,
,,,,,,,,,,,,,,,,,,,,
,,,,,,,,,,,,,,,,,,,,
36600,,,.rail 4;-5;0;11,.rail 7;0;0;12,.crack 0;1;1,,,,,,,,,,,,,,,
,,,,,,,,,,,,,,,,,,,,
,,,,,,,,,,,,,,,,,,,,
36625,,,.rail 4;-2.5;0;12,.rail 7;-2.5;0;11,.crack 0;1;1,,,,,,,,,,,,,,,
,,,,,,,,,,,,,,,,,,,,
,,,,,,,,,,,,,,,,,,,,
36650,  .Brightness 0,.wallend 6,.wallend 5,.railend 6,.dikeend 1,,.freeobj 1;387;-10;-0.6;,,.freeobj 1;388;-10;-2;,,,,,,,,,,,
,,.wallend 7,.wallend 0,,.railtype 0;0,.crack 0;1;0,.freeobj 1;40;0;0;0,.freeobj 0;41;0;0;0,.freeobj 1;41;-5;0;0,.freeobj 5;40;0;0;0,,,,,,,,,,
,,,.rail 4;0;0;12,.rail 7;-5;0;11,.rail 1;-5;0;0,,.freeobj 5;41;-10;0;0,,,,,,,,,,,,,
,,.freeobj 0;387;0;-0.6;,.railend 4,.railend 7,,,,,,,,,,,,,,,,
,,,,,,.rail 4;7;7;52,.dike 4;-1;17,.freeobj 4;43;-2.5;-0.5,,,,,,,,,,,,
36675,  .Brightness 200,,,.railend 5,,,,,,,,,,,,,,,,
,.freeobj 1;387;-10;-0.6;,.freeobj 0;387;0;-0.6;,.freeobj 1;388;-10;-2;,,,.crack 0;1;0,,,,,,,,,,,,,,
,,,,,,.Pole 1;0;-1;25;1,.Pole 0;0;1;25;1,,,,,,,,,,,,,
,,,,,,.rail 4;7;5;52,.freeobj 4;43;-2.5;-0.5,,,,,,,,,,,,,
36700,,,,,,,,,,,,,,,,,,,,
,.freeobj 1;387;-10;-0.6;,.freeobj 0;387;0;-0.6;,.freeobj 1;388;-10;-2;,,,.crack 0;1;0,,,,,,,,,,,,,,
,,,,,,.rail 4;7;3;52,.freeobj 4;43;-2.5;-0.5,,,,,,,,,,,,,
,,,,,,,,,,,,,,,,,,,,
36725,,,,,,,,,,,,,,,,,,,,
,.freeobj 1;387;-10;-0.6;,.freeobj 0;387;0;-0.6;,.freeobj 1;388;-10;-2;,,,.crack 0;1;0,.freeobj 4;43;-2.5;-0.5,,,,,,,,,,,,,
,,,,,,,,,,,,,,,,,,,,
,,,,,,,,,,,,,,,,,,,,
36750,,,,,,,,,,,,,,,,,,,,
,.freeobj 1;387;-10;-0.6;,.freeobj 0;387;0;-0.6;,.freeobj 1;388;-10;-2;,,,.crack 0;1;0,.freeobj 4;43;-2.5;-0.5,,,,,,,,,,,,,
,,,,,,,,,,,,,,,,,,,,
36775,,,,,,,,,,,,,,,,,,,,
,.freeobj 1;387;-10;-0.6;,.freeobj 0;387;0;-0.6;,.freeobj 1;388;-10;-2;,,,.crack 0;1;0,.freeobj 4;43;-2.5;-0.5,,,,,,,,,,,,,
,,,,,,,,,,,,,,,,,,,,
,,,,,,,,,,,,,,,,,,,,
36800,.freeobj 1;387;-10;-0.6;,.freeobj 0;387;0;-0.6;,.freeobj 1;388;-10;-2;,,,.crack 0;1;0,.freeobj 4;43;-2.5;-0.5,,,,,,,,,,,,,
,,,,,,,,,,,,,,,,,,,,
,,,,,,,,,,,,,,,,,,,,
,,,,,,,,,,,,,,,,,,,,
,,,,,,,,,,,,,,,,,,,,
36825,.freeobj 1;387;-10;-0.6;,.freeobj 0;387;0;-0.6;,.freeobj 1;388;-10;-2;,,,.crack 0;1;0,.freeobj 4;43;-2.5;-0.5,,,,,,,,,,,,,
,,.stop 0,,,,,,,,,,,,,,,,,,
,,.freeobj 0;0;,.freeobj 0;90;-0.25;1.5;0,,,,,,,,,,,,,,,,,
,,.freeobj 1;0;,.freeobj 1;90;-0.25;1.5;0,,,,,,,,,,,,,,,,,
,,,,,,,,,,,,,,,,,,,,
36850,.freeobj 1;387;-10;-0.6;,.freeobj 0;387;0;-0.6;,.freeobj 1;388;-10;-2;,,.railtype 0;13,.crack 0;1;0,.freeobj 4;43;-2.5;-0.5,,,,,,,,,,,,,
,,,,,.rail 1;-5;0;13,.rail 4;7;3;52,,,,,,,,,,,,,,
36870,,,.freeobj 1;388;-15;-2;90,,,,,,,,,,,,,,,,,
,,,,,,,,,,,,,,,,,,,,
36875,,.poleend 0,.poleend 1,,,.crack 0;1;0,.freeobj 4;43;-2.5;-0.5,,,,,,,,,,,,,
,.railend 0,,.railend 2,.railend 3,,,.rail 4;7;5.3;52,,,,,,,,,,,,,
,,,,,,,,,,,,,,,,,,,,
36900,,.railend 1,,,,.railend 4,,,,,,,,,,,,,,
